variant,scenario_id,ts_event_ns,client_order_id,order_side,last_price,last_quantity,native_commission,extra_cost_to_composite_model,composite_cost_rate
baseline,opening-drive-044e5e9fa677c3531d,1641144420000000000,O-20220102-172700-09-000-1,1,47625.0,14.693,125.9557425,398.85985124999996,0.00075
baseline,opening-drive-044e5e9fa677c3531d,1641145740000000000,O-20220102-172700-09-000-2,2,47492.2,14.693,125.60452103,397.7476499199999,0.00075
baseline,opening-drive-b2ca986bc77056b47a,1641226860000000000,O-20220103-162100-09-000-4,2,46370.700000000004,10.712,89.41012891,283.13207489000007,0.00075
baseline,opening-drive-b2ca986bc77056b47a,1641229440000000000,O-20220103-162100-09-000-5,1,46572.6,10.712,89.79942442,284.36484398000005,0.00075
baseline,opening-drive-f9a0b2ea00949bc658,1641229920000000000,O-20220103-171200-09-000-7,2,46502.899999999994,19.591,163.9868965,519.291838925,0.00075
baseline,opening-drive-f9a0b2ea00949bc658,1641230820000000000,O-20220103-171200-09-000-8,1,46577.2,19.591,164.24890654,520.12153736,0.00075
baseline,opening-drive-c6e302ba58c9df673b,1641373560000000000,O-20220105-090600-09-000-10,1,46652.5,17.757,149.11351965,472.19281222500007,0.00075
baseline,opening-drive-c6e302ba58c9df673b,1641381720000000000,O-20220105-090600-09-000-11,2,46568.2,17.757,148.84407493,471.33957062,0.00075
baseline,opening-drive-d2a7bcfaa909215063,1641661920000000000,O-20220108-171200-09-000-13,2,41196.899999999994,14.333,106.28553019,336.5708455849999,0.00075
baseline,opening-drive-d2a7bcfaa909215063,1641662340000000000,O-20220108-171200-09-000-14,1,41320.3,14.333,106.60389478,337.57900014500007,0.00075
baseline,opening-drive-92e1fa2da5332b8594,1641663060000000000,O-20220108-173100-09-000-16,2,41236.8,19.273,143.05623235,453.01140245000005,0.00075
baseline,opening-drive-92e1fa2da5332b8594,1641666360000000000,O-20220108-173100-09-000-17,1,41308.5,19.273,143.30496969,453.79907068499995,0.00075
baseline,opening-drive-c4eea5b887e89b9b30,1642095960000000000,O-20220113-174600-09-000-19,2,42712.2,11.127,85.54655689,270.89743016,0.00075
baseline,opening-drive-c4eea5b887e89b9b30,1642097100000000000,O-20220113-174600-09-000-20,1,42872.6,11.127,85.86781564,271.91474951,0.00075
baseline,opening-drive-7b93f63e858aea1fd1,1643016060000000000,O-20220124-092100-09-000-22,2,34566.4,8.094,50.36047949,159.47485171000002,0.00075
baseline,opening-drive-7b93f63e858aea1fd1,1643016660000000000,O-20220124-092100-09-000-23,1,34813.8,8.094,50.7209215,160.6162514,0.00075
baseline,opening-drive-2c27d72e26142eaa61,1643818080000000000,O-20220202-160800-09-000-25,2,37204.6,11.567,77.46220948,245.29699667,0.00075
baseline,opening-drive-2c27d72e26142eaa61,1643820840000000000,O-20220202-160800-09-000-26,1,37351.9,11.567,77.76889691,246.268173565,0.00075
baseline,opening-drive-af386188ea23ebc45e,1644256080000000000,O-20220207-174800-09-000-28,1,44002.8,12.22,96.78855888,306.49710312,0.00075
baseline,opening-drive-af386188ea23ebc45e,1644259500000000000,O-20220207-174800-09-000-29,2,43882.1,12.22,96.52306716,305.65637934,0.00075
baseline,opening-drive-be4461df1767b65438,1644539040000000000,O-20220211-002400-09-000-31,2,43174.2,11.84,92.01285504,291.37404095999995,0.00075
baseline,opening-drive-be4461df1767b65438,1644541440000000000,O-20220211-002400-09-000-32,1,43296.1,11.84,92.27264832,292.19671967999994,0.00075
baseline,opening-drive-42d6e7746952aa4235,1644913440000000000,O-20220215-082400-09-000-34,1,43846.5,14.748,116.39667276,368.5894637399999,0.00075
baseline,opening-drive-42d6e7746952aa4235,1644924240000000000,O-20220215-112400-09-000-37,2,44183.2,14.748,117.29049005,371.41988514999997,0.00075
baseline,opening-drive-3d9a6adf125e6ce514,1645407120000000000,O-20220221-013200-09-000-38,1,39090.6,11.337,79.7706238,252.60697535000003,0.00075
baseline,opening-drive-3d9a6adf125e6ce514,1645414440000000000,O-20220221-013200-09-000-39,2,38949.299999999996,11.337,79.48227854,251.69388203499997,0.00075
baseline,opening-drive-fe893be7692fdcf690,1646963400000000000,O-20220311-015000-09-000-41,2,38773.5,12.52,87.3799596,276.70320539999994,0.00075
baseline,opening-drive-fe893be7692fdcf690,1646974200000000000,O-20220311-045000-09-000-44,1,38462.4,12.52,86.67886464,274.48307136,0.00075
baseline,opening-drive-279ad16eceaabdd39c,1647768660000000000,O-20220320-093100-09-000-45,2,41624.2,12.902,96.66637711,306.11019419,0.00075
baseline,opening-drive-279ad16eceaabdd39c,1647769380000000000,O-20220320-093100-09-000-46,1,41739.4,12.902,96.93391298,306.95739111999995,0.00075
baseline,opening-drive-0a21a8e6539a131e55,1648142280000000000,O-20220324-171800-09-000-48,1,44122.1,12.879,102.28473466,323.90165976500003,0.00075
baseline,opening-drive-0a21a8e6539a131e55,1648142760000000000,O-20220324-171800-09-000-49,2,44015.5,12.879,102.03761241,323.119105965,0.00075
baseline,opening-drive-461a4e5421fdca3bb8,1649405580000000000,O-20220408-081300-09-000-51,1,43839.2,14.073,111.05083109,351.66096511,0.00075
baseline,opening-drive-461a4e5421fdca3bb8,1649406660000000000,O-20220408-081300-09-000-52,2,43751.6,14.073,110.82892802,350.95827208000003,0.00075
baseline,opening-drive-a0ed881a95af58b779,1650218280000000000,O-20220417-175800-09-000-54,2,40054.0,11.994,86.47338168,273.83237532,0.00075
baseline,opening-drive-a0ed881a95af58b779,1650224520000000000,O-20220417-175800-09-000-55,1,40168.3,11.994,86.72014624,274.61379641,0.00075
baseline,opening-drive-9f610240c7bc625f08,1650820980000000000,O-20220424-172300-09-000-57,2,39230.1,11.902,84.04499704,266.14249061,0.00075
baseline,opening-drive-9f610240c7bc625f08,1650821700000000000,O-20220424-172300-09-000-58,1,39341.7,11.902,84.28408441,266.89960064,0.00075
baseline,opening-drive-0ba878593d28be3e21,1651223820000000000,O-20220429-091700-09-000-60,2,39092.1,8.44,59.38871832,188.06427467999998,0.00075
baseline,opening-drive-0ba878593d28be3e21,1651224660000000000,O-20220429-091700-09-000-61,1,39266.6,8.44,59.65381872,188.90375927999997,0.00075
baseline,opening-drive-a5087519d6b21d7172,1652115000000000000,O-20220509-165000-09-000-63,2,31798.0,6.18,35.3720952,112.01163479999998,0.00075
baseline,opening-drive-a5087519d6b21d7172,1652125800000000000,O-20220509-195000-09-000-66,1,30514.8,6.18,33.94466352,107.49143447999998,0.00075
baseline,opening-drive-106b0343d36d794d48,1653612480000000000,O-20220527-004800-09-000-67,2,29088.2,15.26,79.89946776,253.01498124,0.00075
baseline,opening-drive-106b0343d36d794d48,1653623280000000000,O-20220527-034800-09-000-70,1,29031.2,15.26,79.74290016,252.51918384,0.00075
baseline,opening-drive-ba263cb1fb46df3645,1654421700000000000,O-20220605-093500-09-000-71,2,29585.2,23.315,124.16020884,393.17399466,0.00075
baseline,opening-drive-ba263cb1fb46df3645,1654422180000000000,O-20220605-093500-09-000-72,1,29632.8,23.315,124.35997176,393.8065772400001,0.00075
baseline,opening-drive-cf491be8cb6dfe8c85,1654765020000000000,O-20220609-085700-09-000-74,1,30539.8,18.904,103.91838826,329.07489613999996,0.00075
baseline,opening-drive-cf491be8cb6dfe8c85,1654765380000000000,O-20220609-085700-09-000-75,2,30475.500000000004,18.904,103.69959336,328.3820456400001,0.00075
baseline,opening-drive-6df673e3c716527f23,1655112540000000000,O-20220613-092900-09-000-77,2,24215.1,4.925,21.46668615,67.977839475,0.00075
baseline,opening-drive-6df673e3c716527f23,1655123340000000000,O-20220613-122900-09-000-80,1,24105.1,4.925,21.36917115,67.669041975,0.00075
baseline,opening-drive-1947c5200447b6a870,1655862960000000000,O-20220622-015600-09-000-81,2,20397.2,11.751,43.1437495,136.6218734,0.00075
baseline,opening-drive-1947c5200447b6a870,1655867460000000000,O-20220622-015600-09-000-82,1,20539.2,11.751,43.44410506,137.57299934,0.00075
baseline,opening-drive-f1c026221b9850df2f,1657330500000000000,O-20220709-013500-09-000-84,2,21419.5,14.938,57.59360838,182.37975987000002,0.00075
baseline,opening-drive-f1c026221b9850df2f,1657331640000000000,O-20220709-013500-09-000-85,1,21519.1,14.938,57.86141684,183.22782001000002,0.00075
baseline,opening-drive-8a8245ad82b86ffe83,1657414140000000000,O-20220710-004900-09-000-87,2,21446.8,20.827,80.40105065,254.60332705,0.00075
baseline,opening-drive-8a8245ad82b86ffe83,1657424940000000000,O-20220710-034900-09-000-90,1,21291.1,15.516,59.46348737,188.30104332999997,0.00075
baseline,opening-drive-8a8245ad82b86ffe83,1657424940000000000,O-20220710-034900-09-000-90,1,21291.2,5.311,20.35396138,64.45421102,0.00075
baseline,opening-drive-a32070870f30f1a3b1,1657587240000000000,O-20220712-005400-09-000-91,2,19811.0,21.563,76.89322674,243.49521800999997,0.00075
baseline,opening-drive-a32070870f30f1a3b1,1657588020000000000,O-20220712-005400-09-000-92,1,19873.4,21.563,77.13542236,244.26217079,0.00075
baseline,opening-drive-130493ff3b63d24d01,1657819620000000000,O-20220714-172700-09-000-94,1,20582.6,12.501,46.31455487,146.66275708,0.00075
baseline,opening-drive-130493ff3b63d24d01,1657830420000000000,O-20220714-202700-09-000-97,2,20607.4,12.501,46.37035933,146.83947122,0.00075
baseline,opening-drive-0d813045a8c62cb00c,1658248020000000000,O-20220719-162700-09-000-98,1,23276.5,15.97,66.9106269,211.88365185,0.00075
baseline,opening-drive-0d813045a8c62cb00c,1658248140000000000,O-20220719-162700-09-000-99,2,23190.8,15.97,66.66427368,211.10353332,0.00075
baseline,opening-drive-d37d67b493ac8ce59c,1658794560000000000,O-20220726-001600-09-000-101,2,21121.1,11.176,42.48889445,134.54816575,0.00075
baseline,opening-drive-d37d67b493ac8ce59c,1658805360000000000,O-20220726-031600-09-000-104,1,21093.2,11.176,42.43276858,134.37043382000002,0.00075
baseline,opening-drive-d2d0bb74b6e2a76341,1659514380000000000,O-20220803-081300-09-000-105,1,23134.4,17.632,73.42303334,232.5062722600001,0.00075
baseline,opening-drive-d2d0bb74b6e2a76341,1659524820000000000,O-20220803-081300-09-000-107,2,23465.3,17.632,82.74803392,227.55709328000003,0.00075
baseline,opening-drive-50c27b40b27671dde5,1659833880000000000,O-20220807-005800-09-000-108,2,22843.1,26.41,108.59152878,343.87317447,0.00075
baseline,opening-drive-50c27b40b27671dde5,1659834180000000000,O-20220807-005800-09-000-109,1,22885.4,26.41,108.79261452,344.50994598,0.00075
baseline,opening-drive-febe2e0f9a86d45eac,1660038900000000000,O-20220809-095500-09-000-111,2,23535.1,16.239,68.793568,217.846298675,0.00075
baseline,opening-drive-febe2e0f9a86d45eac,1660044720000000000,O-20220809-095500-09-000-113,1,23321.8,16.239,75.74454204,208.29749061000004,0.00075
baseline,opening-drive-7be4a5154f712a23c3,1660496400000000000,O-20220814-170000-09-000-114,2,24303.3,17.541,76.73475335,242.993385625,0.00075
baseline,opening-drive-7be4a5154f712a23c3,1660507200000000000,O-20220814-200000-09-000-117,1,24273.8,17.541,76.64161064,242.69843371000002,0.00075
baseline,opening-drive-b90736b1dd594b4c10,1661155920000000000,O-20220822-081200-09-000-118,2,20941.6,14.492,54.6274201,172.9868303,0.00075
baseline,opening-drive-b90736b1dd594b4c10,1661157600000000000,O-20220822-081200-09-000-119,1,21051.2,14.492,54.91331827,173.89217453,0.00075
baseline,opening-drive-3351265b4b8c0e564b,1661879820000000000,O-20220830-171700-09-000-121,2,19577.0,20.291,71.50264326,226.42503699,0.00075
baseline,opening-drive-3351265b4b8c0e564b,1661880780000000000,O-20220830-171700-09-000-122,1,19645.3,20.291,71.75210081,227.21498591500003,0.00075
baseline,opening-drive-50a6a97fac01444268,1662573360000000000,O-20220907-175600-09-000-124,1,19009.5,24.321,83.21940891,263.528128215,0.00075
baseline,opening-drive-50a6a97fac01444268,1662574740000000000,O-20220907-175600-09-000-125,2,18958.9,24.321,82.99789324,262.82666193500006,0.00075
baseline,opening-drive-8e5f2802c0c3cb4851,1662743820000000000,O-20220909-171700-09-000-127,1,21399.2,19.777,76.17815611,241.23082769000004,0.00075
baseline,opening-drive-8e5f2802c0c3cb4851,1662744000000000000,O-20220909-171700-09-000-128,2,21336.9,19.777,75.95637683,240.52852664500006,0.00075
baseline,opening-drive-e7a61df270ee85c3f6,1665908820000000000,O-20221016-082700-09-000-130,1,19172.9,42.629,147.11787974,465.8732858350001,0.00075
baseline,opening-drive-e7a61df270ee85c3f6,1665909120000000000,O-20221016-082700-09-000-131,2,19159.2,42.629,147.01275662,465.54039598,0.00075
baseline,opening-drive-03105c6585ae594b56,1667986800000000000,O-20221109-094000-09-000-133,2,17842.4,10.534,33.83133149,107.13254971,0.00075
baseline,opening-drive-03105c6585ae594b56,1667988780000000000,O-20221109-094000-09-000-135,1,17377.9,10.534,36.61175972,100.68233923000003,0.00075
baseline,opening-drive-9d90cca218b4c81939,1668331680000000000,O-20221113-092800-09-000-136,2,16508.0,24.84,73.8105696,233.7334704,0.00075
baseline,opening-drive-9d90cca218b4c81939,1668332580000000000,O-20221113-092800-09-000-137,1,16559.5,24.84,74.0408364,234.46264859999997,0.00075
baseline,opening-drive-4c5118e08b8fac74c1,1668589800000000000,O-20221116-091000-09-000-139,2,16744.4,46.896,141.34416883,447.58986797000006,0.00075
baseline,opening-drive-4c5118e08b8fac74c1,1668590040000000000,O-20221116-091000-09-000-140,1,16758.5,28.137,84.87610461,268.774331265,0.00075
baseline,opening-drive-4c5118e08b8fac74c1,1668590040000000000,O-20221116-091000-09-000-140,1,16758.6,18.759,56.58742393,179.19350912,0.00075
baseline,opening-drive-7a72eea8fe585f7e37,1669652040000000000,O-20221128-161400-09-000-142,2,16075.6,34.327,99.32888182,314.5414590799999,0.00075
baseline,opening-drive-7a72eea8fe585f7e37,1669652760000000000,O-20221128-161400-09-000-143,1,16103.4,34.327,99.50065412,315.08540473,0.00075
baseline,opening-drive-119ada04384097a151,1669942680000000000,O-20221202-005800-09-000-145,1,17008.8,39.091,119.68038014,378.98787046,0.00075
baseline,opening-drive-119ada04384097a151,1669943520000000000,O-20221202-005800-09-000-146,2,16990.1,39.091,119.54879984,378.571199485,0.00075
baseline,opening-drive-a16382d1ded956a38e,1671069240000000000,O-20221215-015400-09-000-148,2,17614.1,21.397,67.84000159,214.82667168499992,0.00075
baseline,opening-drive-a16382d1ded956a38e,1671070740000000000,O-20221215-015400-09-000-149,1,17666.0,21.397,68.03989236,215.45965913999999,0.00075
baseline,opening-drive-adaa94b89eebae94c0,1673603400000000000,O-20230113-095000-09-000-151,1,18912.0,27.274,92.84505984,294.00935616,0.00075
baseline,opening-drive-adaa94b89eebae94c0,1673603520000000000,O-20230113-095000-09-000-152,2,18880.7,27.274,92.69139812,293.52276073,0.00075
baseline,opening-drive-300fc40dcd918133ac,1673631420000000000,O-20230113-173700-09-000-154,1,19352.0,18.602,64.79746272,205.19196527999998,0.00075
baseline,opening-drive-300fc40dcd918133ac,1673631600000000000,O-20230113-173700-09-000-155,2,19296.2,18.602,64.61062423,204.60031007000003,0.00075
baseline,opening-drive-376d99cd2e106e1036,1673655120000000000,O-20230114-001200-09-000-157,1,20116.1,8.652,31.3280095,99.2053634,0.00075
baseline,opening-drive-376d99cd2e106e1036,1673656740000000000,O-20230114-001200-09-000-159,2,20942.6,8.652,36.23907504,99.65745635999997,0.00075
baseline,opening-drive-7f6f4b39f086cbc3a4,1673832600000000000,O-20230116-013000-09-000-160,1,21145.7,15.822,60.22210777,190.70334127999996,0.00075
baseline,opening-drive-7f6f4b39f086cbc3a4,1673832840000000000,O-20230116-013000-09-000-161,2,21067.6,15.822,59.9996821,189.99899329999997,0.00075
baseline,opening-drive-2c0664b1d987a4067d,1675700160000000000,O-20230206-161600-09-000-163,1,23091.0,21.616,89.84431008,284.50698192,0.00075
baseline,opening-drive-2c0664b1d987a4067d,1675701300000000000,O-20230206-161600-09-000-164,2,23047.6,21.616,89.67544589,283.97224530999995,0.00075
baseline,opening-drive-f7053b7f21e61684fe,1675763700000000000,O-20230207-095500-09-000-166,1,23000.5,27.639,114.42794751,362.355167115,0.00075
baseline,opening-drive-f7053b7f21e61684fe,1675764420000000000,O-20230207-095500-09-000-167,2,22975.8,27.639,114.30506452,361.96603762999996,0.00075
baseline,opening-drive-81c809377c29a171d4,1676220900000000000,O-20230212-165500-09-000-169,1,22025.8,26.202,103.88160209,328.95840661,0.00075
baseline,opening-drive-81c809377c29a171d4,1676221200000000000,O-20230212-165500-09-000-170,2,21998.3,26.202,103.75190219,328.54769026,0.00075
baseline,opening-drive-70486bf87e6e15da3d,1676855340000000000,O-20230220-010900-09-000-172,2,24109.8,13.574,58.90795654,186.54186236,0.00075
baseline,opening-drive-70486bf87e6e15da3d,1676857680000000000,O-20230220-010900-09-000-173,1,24186.9,13.574,59.09633651,187.13839894,0.00075
baseline,opening-drive-4082df7dd519b6a6e6,1678411020000000000,O-20230310-011700-09-000-175,2,19889.5,8.796,31.49064756,99.72038393999999,0.00075
baseline,opening-drive-4082df7dd519b6a6e6,1678411980000000000,O-20230310-011700-09-000-176,1,20029.1,8.796,31.71167345,100.42029925,0.00075
baseline,opening-drive-46c902b0c722cd3aaf,1679245680000000000,O-20230319-170800-09-000-178,1,27923.9,7.646,38.43110509,121.69849946000002,0.00075
baseline,opening-drive-46c902b0c722cd3aaf,1679256480000000000,O-20230319-200800-09-000-181,2,28279.8,7.646,38.92092314,123.24958996,0.00075
baseline,opening-drive-3c1bb732bcc4ff0697,1679303100000000000,O-20230320-090500-09-000-182,1,28448.2,6.011,30.78038344,97.47121421000001,0.00075
baseline,opening-drive-3c1bb732bcc4ff0697,1679303280000000000,O-20230320-090500-09-000-183,2,28238.1,6.011,30.55305944,96.75135488499998,0.00075
baseline,opening-drive-3f38e1ad6d96be5ec5,1679417580000000000,O-20230321-165300-09-000-185,1,28405.0,7.333,37.4928957,118.72750305000001,0.00075
baseline,opening-drive-3f38e1ad6d96be5ec5,1679418420000000000,O-20230321-165300-09-000-186,2,28246.6,7.333,37.2838172,118.06542115,0.00075
baseline,opening-drive-c21057cad2528a7cb8,1679735820000000000,O-20230325-091700-09-000-188,2,27310.4,14.714,72.33214061,229.05177859,0.00075
baseline,opening-drive-c21057cad2528a7cb8,1679735940000000000,O-20230325-091700-09-000-189,1,27366.5,14.714,72.48072258,229.52228816999997,0.00075
baseline,opening-drive-4da801e8b423dabbf0,1679824800000000000,O-20230326-100000-09-000-191,1,27675.6,17.699,88.16947999,279.20335331,0.00075
baseline,opening-drive-4da801e8b423dabbf0,1679826660000000000,O-20230326-100000-09-000-192,2,27638.8,17.699,88.05224182,278.83209908000003,0.00075
baseline,opening-drive-76a5347fb5d72de48d,1681176900000000000,O-20230411-013500-09-000-194,1,29874.2,16.529,88.88231732,281.46067153,0.00075
baseline,opening-drive-76a5347fb5d72de48d,1681177080000000000,O-20230411-013500-09-000-195,2,29837.6,16.529,88.77342427,281.11584352999995,0.00075
baseline,opening-drive-f1dfe95f757beef5ff,1681177800000000000,O-20230411-015000-09-000-197,1,29955.100000000002,8.023,43.25935811,136.987967365,0.00075
baseline,opening-drive-f1dfe95f757beef5ff,1681188600000000000,O-20230411-045000-09-000-200,2,30090.0,8.023,43.4541726,137.6048799,0.00075
baseline,opening-drive-5d1cdb75b5e5f3150a,1681377360000000000,O-20230413-091600-09-000-201,1,30338.4,11.262,61.50079094,194.75250466000003,0.00075
baseline,opening-drive-5d1cdb75b5e5f3150a,1681378140000000000,O-20230413-091600-09-000-202,2,30266.099999999995,11.262,61.35422728,194.28838637,0.00075
baseline,opening-drive-7c542f7de473f0d02d,1682300700000000000,O-20230424-014500-09-000-204,1,27777.3,9.017,45.08422454,142.766711035,0.00075
baseline,opening-drive-7c542f7de473f0d02d,1682304240000000000,O-20230424-014500-09-000-205,2,27676.3,9.017,44.92029548,142.247602345,0.00075
baseline,opening-drive-0915662dddfdf601df,1683102960000000000,O-20230503-083600-09-000-207,1,28756.5,10.354,53.59406418,169.71453656999998,0.00075
baseline,opening-drive-0915662dddfdf601df,1683103140000000000,O-20230503-083600-09-000-208,2,28679.1,10.354,53.44981225,169.25773879999997,0.00075
baseline,opening-drive-e4610b3ab8e2d7220d,1684026480000000000,O-20230514-010800-09-000-210,2,26675.7,12.352,59.30968435,187.81400045,0.00075
baseline,opening-drive-e4610b3ab8e2d7220d,1684030380000000000,O-20230514-010800-09-000-211,1,26733.6,12.352,59.4384169,188.22165349999997,0.00075
baseline,opening-drive-7cb27f688c1f89198d,1685927640000000000,O-20230605-011400-09-000-213,2,26977.2,12.328,59.86348589,189.56770531,0.00075
baseline,opening-drive-7cb27f688c1f89198d,1685928300000000000,O-20230605-011400-09-000-214,1,27031.9,12.328,59.98486738,189.95208002,0.00075
baseline,opening-drive-1162bc40473a0aeeb6,1686935040000000000,O-20230616-170400-09-000-216,1,25992.3,8.25,38.5985655,122.22879075,0.00075
baseline,opening-drive-1162bc40473a0aeeb6,1686945840000000000,O-20230616-200400-09-000-219,2,26376.3,8.25,39.1688055,124.03455075,0.00075
baseline,opening-drive-58769a66a109943789,1687370340000000000,O-20230621-175900-09-000-220,1,30083.500000000004,10.203,55.24955109,174.95691178500005,0.00075
baseline,opening-drive-58769a66a109943789,1687373220000000000,O-20230621-175900-09-000-221,2,30008.6,10.203,55.11199424,174.52131511,0.00075
baseline,opening-drive-205d8dabad3690558f,1688031660000000000,O-20230629-094100-09-000-223,1,30439.4,17.178,94.11984238,298.0461675200001,0.00075
baseline,opening-drive-205d8dabad3690558f,1688031900000000000,O-20230629-094100-09-000-224,2,30415.900000000005,17.178,94.04717944,297.8160682100001,0.00075
baseline,opening-drive-c4e3a9e9e3b84d704a,1688864520000000000,O-20230709-010200-09-000-226,1,30374.4,10.349,56.58203981,179.17645939,0.00075
baseline,opening-drive-c4e3a9e9e3b84d704a,1688866800000000000,O-20230709-010200-09-000-227,2,30308.6,10.349,56.45946625,178.7883098,0.00075
baseline,opening-drive-34b34a35913a5aa66e,1692031800000000000,O-20230814-165000-09-000-229,1,29684.8,17.083,91.27897891,289.0500998899999,0.00075
baseline,opening-drive-34b34a35913a5aa66e,1692031980000000000,O-20230814-165000-09-000-230,2,29663.900000000005,17.083,91.21471267,288.846590105,0.00075
baseline,opening-drive-5e4c135978d1c4e573,1692378480000000000,O-20230818-170800-09-000-232,2,25689.0,3.759,17.38169118,55.04202207,0.00075
baseline,opening-drive-5e4c135978d1c4e573,1692379860000000000,O-20230818-170800-09-000-233,1,25938.5,3.759,17.55050787,55.57660825499999,0.00075
baseline,opening-drive-c47b64de09dec3fef3,1692464400000000000,O-20230819-170000-09-000-235,1,26240.1,15.622,73.7861116,233.65602004999997,0.00075
baseline,opening-drive-c47b64de09dec3fef3,1692464520000000000,O-20230819-170000-09-000-236,2,26212.2,15.622,73.70765791,233.40758339000004,0.00075
baseline,opening-drive-6185c077eb5779b235,1693185240000000000,O-20230828-011400-09-000-238,2,26001.2,17.127,80.15805943,253.83385487,0.00075
baseline,opening-drive-6185c077eb5779b235,1693185660000000000,O-20230828-011400-09-000-239,1,26021.7,17.127,80.22125806,254.033983865,0.00075
baseline,opening-drive-f6f9a9188849bf7636,1694367360000000000,O-20230910-173600-09-000-241,2,25683.3,16.1,74.4302034,235.69564409999998,0.00075
baseline,opening-drive-f6f9a9188849bf7636,1694367960000000000,O-20230910-173600-09-000-242,1,25706.2,16.1,74.4965676,235.90579740000004,0.00075
baseline,opening-drive-f720fb78bda5a52b11,1694599080000000000,O-20230913-095800-09-000-244,1,26158.4,8.739,41.14768637,130.30100683000003,0.00075
baseline,opening-drive-f720fb78bda5a52b11,1694600820000000000,O-20230913-095800-09-000-245,2,26087.8,8.739,41.03663116,129.94933199000002,0.00075
baseline,opening-drive-2684112c7cd30a4deb,1694973600000000000,O-20230917-180000-09-000-247,2,26465.6,16.959,80.78941987,255.83316293,0.00075
baseline,opening-drive-2684112c7cd30a4deb,1694973840000000000,O-20230917-180000-09-000-248,1,26480.8,16.959,80.8358197,255.9800957,0.00075
baseline,opening-drive-920f44a171fc853b9c,1695664200000000000,O-20230925-175000-09-000-250,1,26321.6,12.341,58.47027581,185.15587338999998,0.00075
baseline,opening-drive-920f44a171fc853b9c,1695668640000000000,O-20230925-175000-09-000-251,2,26287.9,12.341,58.3954153,184.91881512499998,0.00075
baseline,opening-drive-048e24e10b21161c17,1696262880000000000,O-20231002-160800-09-000-253,2,27853.2,5.311,26.62710214,84.31915676,0.00075
baseline,opening-drive-048e24e10b21161c17,1696263180000000000,O-20231002-160800-09-000-254,1,27976.2,5.311,26.74468768,84.69151097000001,0.00075
baseline,opening-drive-6068dfe83040a564ec,1696585680000000000,O-20231006-094800-09-000-256,1,27678.5,10.913,54.36998469,172.171618185,0.00075
baseline,opening-drive-6068dfe83040a564ec,1696590180000000000,O-20231006-094800-09-000-257,2,27642.2,10.913,54.29867915,171.94581730000002,0.00075
baseline,opening-drive-e21119eaa187ae6eab,1696869840000000000,O-20231009-164400-09-000-259,2,27267.0,5.004,24.55993224,77.77311876,0.00075
baseline,opening-drive-e21119eaa187ae6eab,1696870620000000000,O-20231009-164400-09-000-260,1,27390.6,5.004,24.67126123,78.12566056999998,0.00075
baseline,opening-drive-f5354fd146467df994,1697158080000000000,O-20231013-004800-09-000-262,1,26822.0,12.057,58.21071372,184.33392677999998,0.00075
baseline,opening-drive-f5354fd146467df994,1697158260000000000,O-20231013-004800-09-000-263,2,26795.9,12.057,58.15406993,184.15455479500002,0.00075
baseline,opening-drive-d66d5df7a073fe31c7,1697392740000000000,O-20231015-175900-09-000-265,1,26970.3,14.38,69.80992452,221.06476098,0.00075
baseline,opening-drive-d66d5df7a073fe31c7,1697393340000000000,O-20231015-175900-09-000-266,2,26956.8,12.404,60.1869865,190.59212390000002,0.00075
baseline,opening-drive-d66d5df7a073fe31c7,1697393340000000000,O-20231015-175900-09-000-266,2,26956.7,1.976,9.58795906,30.361870340000003,0.00075
baseline,opening-drive-750d5a89d71789fd28,1698079980000000000,O-20231023-165300-09-000-268,1,31142.700000000004,3.13,17.54579718,55.56169107,0.00075
baseline,opening-drive-750d5a89d71789fd28,1698082140000000000,O-20231023-165300-09-000-269,2,30949.100000000002,3.13,17.43672294,55.21628931,0.00075
baseline,opening-drive-82704274ad841d0c20,1698339300000000000,O-20231026-165500-09-000-271,2,33777.0,5.507,33.48178902,106.02566522999999,0.00075
baseline,opening-drive-82704274ad841d0c20,1698340020000000000,O-20231026-165500-09-000-272,1,33858.700000000004,5.507,33.56277496,106.282120715,0.00075
baseline,opening-drive-acbc22f3670fec6a71,1700127840000000000,O-20231116-094400-09-000-274,2,37319.100000000006,6.945,46.65260691,147.733255215,0.00075
baseline,opening-drive-acbc22f3670fec6a71,1700128440000000000,O-20231116-094400-09-000-275,1,37364.899999999994,6.945,46.70986149,147.91456138499998,0.00075
baseline,opening-drive-54f333dd72d6135cc8,1701187800000000000,O-20231128-161000-09-000-277,1,37647.299999999996,4.928,33.39466099,105.74975981,0.00075
baseline,opening-drive-54f333dd72d6135cc8,1701187920000000000,O-20231128-161000-09-000-278,2,37564.5,4.928,33.32121408,105.51717792,0.00075
baseline,opening-drive-7d7bdafd2adf72efeb,1701249420000000000,O-20231129-091700-09-000-280,1,38282.8,6.287,43.32311345,137.18985925000004,0.00075
baseline,opening-drive-7d7bdafd2adf72efeb,1701249960000000000,O-20231129-091700-09-000-281,2,38234.3,6.287,43.26822794,137.01605513500002,0.00075
baseline,opening-drive-d10da4ad2c019f8ebe,1701251460000000000,O-20231129-095100-09-000-283,1,38273.0,6.029,41.53462506,131.52631269,0.00075
baseline,opening-drive-d10da4ad2c019f8ebe,1701251640000000000,O-20231129-095100-09-000-284,2,38223.299999999996,6.029,41.48068963,131.355517145,0.00075
baseline,opening-drive-c2cae798a7c3b99e13,1701333480000000000,O-20231130-083800-09-000-286,2,37646.0,7.158,48.50461224,153.59793876,0.00075
baseline,opening-drive-c2cae798a7c3b99e13,1701334320000000000,O-20231130-083800-09-000-287,1,37677.0,7.158,48.54455388,153.72442062,0.00075
baseline,opening-drive-6b2d0d44911cdd76d4,1701335460000000000,O-20231130-091100-09-000-289,2,37604.8,4.768,32.27394355,102.20082125000002,0.00075
baseline,opening-drive-6b2d0d44911cdd76d4,1701335820000000000,O-20231130-091100-09-000-290,1,37675.7,4.768,32.33479277,102.39351042999999,0.00075
baseline,opening-drive-f466ecfd55845e916a,1702202220000000000,O-20231210-095700-09-000-292,2,43666.0,5.053,39.71597364,125.76724986,0.00075
baseline,opening-drive-f466ecfd55845e916a,1702204260000000000,O-20231210-095700-09-000-293,1,43717.100000000006,5.053,39.76245113,125.91442859500003,0.00075
baseline,opening-drive-52bff07ef4b24510ba,1702256940000000000,O-20231211-010900-09-000-295,2,43408.5,2.692,21.03402276,66.60773874,0.00075
baseline,opening-drive-52bff07ef4b24510ba,1702260420000000000,O-20231211-010900-09-000-297,1,43005.8,2.692,23.15432272,63.67438748000001,0.00075
baseline,opening-drive-dd675cf30ae7f2cdea,1702777740000000000,O-20231217-014900-09-000-298,2,42031.7,3.964,29.99045858,94.96978551999999,0.00075
baseline,opening-drive-dd675cf30ae7f2cdea,1702778820000000000,O-20231217-014900-09-000-299,1,42119.6,3.964,30.05317699,95.16839381,0.00075
baseline,opening-drive-6cdcbf8c921718b0aa,1703147340000000000,O-20231221-082900-09-000-301,1,43970.0,4.921,38.9477466,123.3345309,0.00075
baseline,opening-drive-6cdcbf8c921718b0aa,1703147820000000000,O-20231221-082900-09-000-302,2,43917.9,4.921,38.90159746,123.18839196500004,0.00075
baseline,opening-drive-04a7b7dbf06918690c,1703926200000000000,O-20231230-085000-09-000-304,2,41745.5,3.208,24.10552152,76.33415148,0.00075
baseline,opening-drive-04a7b7dbf06918690c,1703934120000000000,O-20231230-085000-09-000-305,1,41858.4,3.208,24.1707145,76.54059590000001,0.00075
baseline,opening-drive-11fc1171d6e0dca7cb,1703952780000000000,O-20231230-161300-09-000-307,1,42529.7,4.13,31.61657898,100.11916676999999,0.00075
baseline,opening-drive-11fc1171d6e0dca7cb,1703954700000000000,O-20231230-161300-09-000-308,2,42461.100000000006,4.13,31.56558174,99.95767551000002,0.00075
baseline,opening-drive-8086b65b0e6588d3e6,1704014700000000000,O-20231231-092500-09-000-310,1,42818.1,3.391,26.13531188,82.761820945,0.00075
baseline,opening-drive-8086b65b0e6588d3e6,1704016320000000000,O-20231231-092500-09-000-311,2,42725.9,3.391,26.07903484,82.583610335,0.00075
baseline,opening-drive-8e5105e9c372d6d738,1704736800000000000,O-20240108-180000-09-000-313,1,45643.0,1.752,14.39397648,45.58092552,0.00075
baseline,opening-drive-8e5105e9c372d6d738,1704741180000000000,O-20240108-180000-09-000-315,2,47250.3,1.752,16.55650512,45.530389080000006,0.00075
baseline,opening-drive-9e2c38b0f48d1969ba,1705051740000000000,O-20240112-092900-09-000-316,2,45623.8,3.608,29.62992067,93.82808213,0.00075
baseline,opening-drive-9e2c38b0f48d1969ba,1705051920000000000,O-20240112-092900-09-000-317,1,45720.2,3.608,29.69252669,94.02633451000001,0.00075
baseline,opening-drive-bf21e7529d74e78993,1706343480000000000,O-20240127-081800-09-000-319,2,41552.5,5.455,40.80039975,129.201265875,0.00075
baseline,opening-drive-bf21e7529d74e78993,1706343900000000000,O-20240127-081800-09-000-320,1,41596.0,5.455,40.8431124,129.3365226,0.00075
baseline,opening-drive-ebfe8bfdd5045fb4a3,1707150540000000000,O-20240205-162900-09-000-322,2,42516.899999999994,4.119,31.52288,99.822453325,0.00075
baseline,opening-drive-ebfe8bfdd5045fb4a3,1707150660000000000,O-20240205-162900-09-000-323,1,42589.0,4.119,31.57633638,99.99173186999998,0.00075
baseline,opening-drive-51ed7ddbf72e5cd024,1707207420000000000,O-20240206-081700-09-000-325,1,43028.2,3.501,27.11551108,85.86578506999999,0.00075
baseline,opening-drive-51ed7ddbf72e5cd024,1707207960000000000,O-20240206-081700-09-000-326,2,42937.6,3.501,27.05841677,85.68498642999998,0.00075
baseline,opening-drive-8b91849a46979e681d,1707469080000000000,O-20240209-085800-09-000-328,1,46537.6,2.873,24.06645446,76.21043914000002,0.00075
baseline,opening-drive-8b91849a46979e681d,1707479880000000000,O-20240209-115800-09-000-331,2,47107.299999999996,2.873,24.36106912,77.14338555500001,0.00075
baseline,opening-drive-57cb3d976d164e319e,1707758880000000000,O-20240212-172800-09-000-332,1,50176.1,1.921,17.34989186,54.94132421500001,0.00075
baseline,opening-drive-57cb3d976d164e319e,1707759660000000000,O-20240212-172800-09-000-333,2,49954.6,1.921,17.27330159,54.698788359999995,0.00075
baseline,opening-drive-896057c44b8e0df703,1708159020000000000,O-20240217-083700-09-000-335,2,51783.0,4.468,41.64595992,131.87887307999998,0.00075
baseline,opening-drive-896057c44b8e0df703,1708159380000000000,O-20240217-083700-09-000-336,1,51829.0,4.468,41.68295496,131.99602404,0.00075
baseline,opening-drive-f3f03017d738126145,1708507740000000000,O-20240221-092900-09-000-338,2,51382.899999999994,2.49,23.02981578,72.92774997,0.00075
baseline,opening-drive-f3f03017d738126145,1708517280000000000,O-20240221-092900-09-000-340,1,50617.7,2.49,25.2076146,69.32094015000001,0.00075
baseline,opening-drive-df857d090dfe869b1c,1708793820000000000,O-20240224-165700-09-000-341,1,51219.4,4.945,45.59038794,144.36956181,0.00075
baseline,opening-drive-df857d090dfe869b1c,1708793820000000000,O-20240224-165700-09-000-341,1,51219.5,1.378,12.70448478,40.23086846999999,0.00075
baseline,opening-drive-df857d090dfe869b1c,1708795860000000000,O-20240224-165700-09-000-343,2,51443.4,6.323,65.05532364,178.90214001000004,0.00075
baseline,opening-drive-8df2f914892eb9009c,1708937520000000000,O-20240226-085200-09-000-344,2,51296.0,5.993,55.33504704,175.22764896,0.00075
baseline,opening-drive-8df2f914892eb9009c,1708937700000000000,O-20240226-085200-09-000-345,1,51321.7,5.993,55.36277066,175.31544041499996,0.00075
baseline,opening-drive-f8eeca15ed9311d933,1709657100000000000,O-20240305-164500-09-000-347,2,65208.600000000006,1.13,13.26342924,42.00085925999999,0.00075
baseline,opening-drive-f8eeca15ed9311d933,1709661480000000000,O-20240305-164500-09-000-348,1,65638.59999999999,1.13,13.35089124,42.27782225999999,0.00075
baseline,opening-drive-d121b85ea4811f696c,1709914320000000000,O-20240308-161200-09-000-350,2,66541.6,0.849,10.16888731,32.201476490000005,0.00075
baseline,opening-drive-d121b85ea4811f696c,1709914980000000000,O-20240308-161200-09-000-351,1,67122.8,0.849,10.2577063,32.482736599999996,0.00075
baseline,opening-drive-33bfdda6df05f133ff,1710148560000000000,O-20240311-091600-09-000-353,1,71674.59999999999,2.19,28.25412732,89.47140317999998,0.00075
baseline,opening-drive-33bfdda6df05f133ff,1710148620000000000,O-20240311-091600-09-000-354,2,71525.6,2.19,28.19539152,89.28540648,0.00075
baseline,opening-drive-90ac2adf78018b5594,1710294780000000000,O-20240313-015300-09-000-356,1,72056.3,2.069,26.83520725,84.97815627500002,0.00075
baseline,opening-drive-90ac2adf78018b5594,1710305580000000000,O-20240313-045300-09-000-359,2,72249.1,2.069,26.90700982,85.205531105,0.00075
baseline,opening-drive-f70a26a88be77d887b,1710318480000000000,O-20240313-082800-09-000-360,1,73672.2,1.141,15.13079644,47.91418871,0.00075
baseline,opening-drive-f70a26a88be77d887b,1710323340000000000,O-20240313-082800-09-000-361,2,73300.4,1.141,15.05443615,47.67238115,0.00075
baseline,opening-drive-29f4ff0a302801d5ee,1710696360000000000,O-20240317-172600-09-000-363,1,68292.3,2.631,32.34186743,102.41591354499998,0.00075
baseline,opening-drive-29f4ff0a302801d5ee,1710696780000000000,O-20240317-172600-09-000-364,2,68191.8,2.631,32.29427264,102.26519670999998,0.00075
baseline,opening-drive-2ecef49cf20d3c5eaa,1710838500000000000,O-20240319-085500-09-000-366,2,63315.5,0.915,10.42806285,33.022199025,0.00075
baseline,opening-drive-2ecef49cf20d3c5eaa,1710839700000000000,O-20240319-085500-09-000-367,1,63785.6,0.915,10.50548832,33.26737968,0.00075
baseline,opening-drive-23c719964250701d22,1711043760000000000,O-20240321-175600-09-000-369,2,65800.09999999999,1.195,14.15360151,44.819738115,0.00075
baseline,opening-drive-23c719964250701d22,1711054560000000000,O-20240321-205600-09-000-372,1,65434.1,1.195,14.07487491,44.570437215,0.00075
baseline,opening-drive-371fe819d9b5175cbc,1711530360000000000,O-20240327-090600-09-000-373,2,69526.59999999999,1.862,23.30253526,73.79136163999999,0.00075
baseline,opening-drive-371fe819d9b5175cbc,1711530420000000000,O-20240327-090600-09-000-374,1,69696.9,1.862,23.359613,73.97210785,0.00075
baseline,opening-drive-a2a626d49604482f1d,1712563980000000000,O-20240408-081300-09-000-376,1,71134.3,1.377,17.6313476,55.832600725000006,0.00075
baseline,opening-drive-a2a626d49604482f1d,1712574780000000000,O-20240408-111300-09-000-379,2,72356.0,1.377,17.93415816,56.79150084,0.00075
baseline,opening-drive-52ef9a9d22ae84dd11,1713489660000000000,O-20240419-012100-09-000-380,2,61932.700000000004,1.187,13.23254068,41.903045495000015,0.00075
baseline,opening-drive-52ef9a9d22ae84dd11,1713491340000000000,O-20240419-012100-09-000-382,1,60679.299999999996,1.187,14.40526582,39.614481005,0.00075
baseline,opening-drive-d83fc508aec213ef25,1714494420000000000,O-20240430-162700-09-000-383,2,60305.299999999996,1.842,19.99482527,63.31694667999999,0.00075
baseline,opening-drive-d83fc508aec213ef25,1714495920000000000,O-20240430-162700-09-000-384,1,60531.5,1.842,20.06982414,63.55444311,0.00075
baseline,opening-drive-a57eedd1fadb057beb,1714872420000000000,O-20240505-012700-09-000-386,2,63144.99999999999,2.415,27.4491315,86.92224974999999,0.00075
baseline,opening-drive-a57eedd1fadb057beb,1714872540000000000,O-20240505-012700-09-000-387,1,63284.700000000004,2.415,27.50985909,87.114553785,0.00075
baseline,opening-drive-f0cc90652647431d4a,1715587800000000000,O-20240513-081000-09-000-389,1,62560.19999999999,2.033,22.89327959,72.49538535999997,0.00075
baseline,opening-drive-f0cc90652647431d4a,1715596680000000000,O-20240513-081000-09-000-390,2,62383.80000000001,2.033,22.82872777,72.29097128000002,0.00075
baseline,opening-drive-c413be12658d6f8e23,1716974460000000000,O-20240529-092100-09-000-392,2,67850.0,2.302,28.114326,89.028699,0.00075
baseline,opening-drive-c413be12658d6f8e23,1716976140000000000,O-20240529-092100-09-000-393,1,67979.6,2.302,28.16802706,89.19875234000003,0.00075
baseline,opening-drive-85f121475fae801178,1717517880000000000,O-20240604-161800-09-000-395,1,70737.0,1.724,21.95110584,69.51183516,0.00075
baseline,opening-drive-85f121475fae801178,1717522140000000000,O-20240604-161800-09-000-396,2,70543.2,1.724,21.89096582,69.32139177999998,0.00075
baseline,opening-drive-ebcb707aab4630ce7c,1717523460000000000,O-20240604-175100-09-000-398,1,70665.90000000001,2.323,29.54823943,93.56942484500001,0.00075
baseline,opening-drive-ebcb707aab4630ce7c,1717528140000000000,O-20240604-175100-09-000-399,2,70556.0,2.323,29.50228584,93.42390515999999,0.00075
baseline,opening-drive-99a6b124153a802382,1718381340000000000,O-20240614-160900-09-000-401,2,66118.9,1.455,17.31653991,54.83570971499999,0.00075
baseline,opening-drive-99a6b124153a802382,1718382600000000000,O-20240614-160900-09-000-403,1,65302.5,1.455,19.0030275,52.25832562500001,0.00075
baseline,opening-drive-9811e7c76c2a56cdd4,1719391020000000000,O-20240626-083700-09-000-404,2,61426.700000000004,3.047,33.69008788,106.68527829500002,0.00075
baseline,opening-drive-9811e7c76c2a56cdd4,1719391320000000000,O-20240626-083700-09-000-405,1,61504.4,3.047,33.73270322,106.82022688000002,0.00075
baseline,opening-drive-2f4ee036af7828debb,1719423720000000000,O-20240626-174200-09-000-407,2,60959.7,1.798,19.72899731,62.47515814,0.00075
baseline,opening-drive-2f4ee036af7828debb,1719424680000000000,O-20240626-174200-09-000-408,1,61147.299999999996,1.798,19.78971217,62.66742187999999,0.00075
baseline,opening-drive-70457daebba0d74a4f,1719998460000000000,O-20240703-092100-09-000-410,2,60525.299999999996,2.817,30.68995862,97.184868955,0.00075
baseline,opening-drive-70457daebba0d74a4f,1719998760000000000,O-20240703-092100-09-000-411,1,60607.299999999996,2.817,30.73153754,97.316535535,0.00075
baseline,opening-drive-1bc6bc6674e71b926d,1720058040000000000,O-20240704-015400-09-000-413,2,59087.6,1.45,15.4218636,48.83590139999999,0.00075
baseline,opening-drive-1bc6bc6674e71b926d,1720058460000000000,O-20240704-015400-09-000-415,1,57945.6,1.45,16.804224,46.21161599999999,0.00075
baseline,opening-drive-8e3f3286a7f182ae38,1720426560000000000,O-20240708-081600-09-000-416,1,56375.6,1.107,11.23340206,35.57243984,0.00075
baseline,opening-drive-8e3f3286a7f182ae38,1720428600000000000,O-20240708-081600-09-000-418,2,57754.899999999994,1.107,12.78693486,35.16407086499999,0.00075
baseline,opening-drive-ee2103eed9bb618a4a,1721006280000000000,O-20240715-011800-09-000-419,1,61699.100000000006,1.455,16.15899429,51.170148585000014,0.00075
baseline,opening-drive-ee2103eed9bb618a4a,1721007000000000000,O-20240715-011800-09-000-420,2,61405.7,1.455,16.08215283,50.926817295,0.00075
baseline,opening-drive-8367cdeae486048d00,1721638860000000000,O-20240722-090100-09-000-422,2,66971.90000000001,2.341,28.22061922,89.36529420500004,0.00075
baseline,opening-drive-8367cdeae486048d00,1721639040000000000,O-20240722-090100-09-000-423,1,67103.90000000001,2.341,28.27624138,89.54143104500002,0.00075
baseline,opening-drive-fcdfdf9beed4e6f3aa,1722534060000000000,O-20240801-174100-09-000-425,2,62383.299999999996,1.444,16.21466734,51.346446560000004,0.00075
baseline,opening-drive-fcdfdf9beed4e6f3aa,1722534660000000000,O-20240801-174100-09-000-426,1,62655.2,1.444,16.28533958,51.570242019999995,0.00075
baseline,opening-drive-c5d5ab89130e547e23,1722790440000000000,O-20240804-165400-09-000-428,2,58800.0,2.299,24.332616,77.05328399999999,0.00075
baseline,opening-drive-c5d5ab89130e547e23,1722798780000000000,O-20240804-165400-09-000-429,1,58934.5,2.299,24.38827479,77.229536835,0.00075
baseline,opening-drive-adb1698bcdb27642b7,1722963300000000000,O-20240806-165500-09-000-431,1,56854.4,1.419,14.52175085,45.98554435000001,0.00075
baseline,opening-drive-adb1698bcdb27642b7,1722965640000000000,O-20240806-165500-09-000-432,2,56589.5,1.419,14.45409009,45.771285285000005,0.00075
baseline,opening-drive-077c327b02ed8edf3d,1722990300000000000,O-20240807-002500-09-000-434,2,55699.9,2.113,21.18489997,67.085516555,0.00075
baseline,opening-drive-077c327b02ed8edf3d,1722990420000000000,O-20240807-002500-09-000-435,1,55844.3,2.113,21.23982106,67.259433365,0.00075
baseline,opening-drive-a7eb01e60f516ef922,1723021380000000000,O-20240807-090300-09-000-437,1,57473.4,1.47,15.20746164,48.156961859999996,0.00075
baseline,opening-drive-a7eb01e60f516ef922,1723021860000000000,O-20240807-090300-09-000-438,2,57241.4,1.47,15.14607444,47.96256906,0.00075
baseline,opening-drive-c7341aa921ecd78c44,1723022460000000000,O-20240807-092100-09-000-440,1,57434.5,1.539,15.91050519,50.383266434999996,0.00075
baseline,opening-drive-c7341aa921ecd78c44,1723025160000000000,O-20240807-092100-09-000-441,2,57225.9,1.539,15.85271882,50.20027625499999,0.00075
baseline,opening-drive-05c2a7ba77af68651e,1723133520000000000,O-20240808-161200-09-000-443,1,59777.9,1.131,12.16958488,38.53701879500001,0.00075
baseline,opening-drive-05c2a7ba77af68651e,1723134720000000000,O-20240808-161200-09-000-444,2,59478.5,1.131,12.10863303,38.344004595,0.00075
baseline,opening-drive-4d1a390777d13bac76,1724374920000000000,O-20240823-010200-09-000-446,1,60749.100000000006,2.479,27.1074634,85.84030077500002,0.00075
baseline,opening-drive-4d1a390777d13bac76,1724376600000000000,O-20240823-010200-09-000-447,2,60668.0,2.479,27.07127496,85.72570404,0.00075
baseline,opening-drive-f34de023bf06601ad3,1726449240000000000,O-20240916-011400-09-000-449,2,58543.299999999996,2.018,21.26526829,67.34001625999997,0.00075
baseline,opening-drive-f34de023bf06601ad3,1726449840000000000,O-20240916-011400-09-000-450,1,58660.4,2.018,21.3078037,67.47471169999999,0.00075
baseline,opening-drive-aeb98250cb002599f6,1726450680000000000,O-20240916-013800-09-000-452,2,58400.2,1.103,11.59477571,36.71678974,0.00075
baseline,opening-drive-aeb98250cb002599f6,1726451220000000000,O-20240916-013800-09-000-453,1,58676.2,1.103,11.64957275,36.8903137,0.00075
baseline,opening-drive-e92ee3f75d4d32be62,1726997160000000000,O-20240922-092600-09-000-455,2,62760.0,2.824,31.9021632,101.0235168,0.00075
baseline,opening-drive-e92ee3f75d4d32be62,1726997580000000000,O-20240922-092600-09-000-456,1,62803.7,2.824,31.92437678,101.09385982,0.00075
baseline,opening-drive-88ea68c6ce55f3040d,1727314620000000000,O-20240926-013700-09-000-458,2,62707.7,1.246,14.06408296,44.53626268999999,0.00075
baseline,opening-drive-88ea68c6ce55f3040d,1727314980000000000,O-20240926-013700-09-000-459,1,62916.600000000006,1.246,14.11093505,44.68462765000001,0.00075
baseline,opening-drive-5b354183cd96d9ab4f,1727655540000000000,O-20240930-001900-09-000-461,2,65446.0,2.421,28.52005788,90.31351661999999,0.00075
baseline,opening-drive-5b354183cd96d9ab4f,1727658360000000000,O-20240930-001900-09-000-462,1,65499.100000000006,2.421,28.5431978,90.386793025,0.00075
baseline,opening-drive-ac854c53157ecaab08,1727687580000000000,O-20240930-091300-09-000-464,2,64043.7,1.714,19.75876232,62.569414030000004,0.00075
baseline,opening-drive-ac854c53157ecaab08,1727698380000000000,O-20240930-121300-09-000-467,1,63766.0,1.714,19.67308632,62.29810668,0.00075
baseline,opening-drive-7a6837779e759be9a6,1727944260000000000,O-20241003-083100-09-000-468,2,60213.799999999996,0.926,10.03643618,31.782047919999997,0.00075
baseline,opening-drive-7a6837779e759be9a6,1727947260000000000,O-20241003-083100-09-000-469,1,60517.100000000006,0.926,10.08699023,31.94213572000001,0.00075
baseline,opening-drive-abb744103cd3c7f1a3,1728579600000000000,O-20241010-170000-09-000-471,2,60277.7,1.508,16.36177889,51.81229981,0.00075
baseline,opening-drive-abb744103cd3c7f1a3,1728579780000000000,O-20241010-170000-09-000-472,1,60421.799999999996,1.508,16.40089339,51.93616241,0.00075
baseline,opening-drive-d8c1a61f031d28033f,1728899220000000000,O-20241014-094700-09-000-474,1,64800.0,1.511,17.624304,55.810295999999994,0.00075
baseline,opening-drive-d8c1a61f031d28033f,1728910020000000000,O-20241014-124700-09-000-477,2,64885.299999999996,1.511,17.64750389,55.883762334999986,0.00075
baseline,opening-drive-b692fb7c147eb207e7,1729703160000000000,O-20241023-170600-09-000-478,2,65753.40000000001,1.354,16.02541865,50.747159050000015,0.00075
baseline,opening-drive-b692fb7c147eb207e7,1729704240000000000,O-20241023-170600-09-000-479,1,65907.7,1.354,16.06302464,50.866244710000004,0.00075
baseline,opening-drive-8fe0f17a8a434b638e,1730220300000000000,O-20241029-164500-09-000-481,1,72674.7,1.081,14.14104313,44.779969894999994,0.00075
baseline,opening-drive-8fe0f17a8a434b638e,1730231100000000000,O-20241029-194500-09-000-484,2,72662.20000000001,1.081,14.13861088,44.77226777000001,0.00075
baseline,opening-drive-3bde01b3c0b20c778c,1730393760000000000,O-20241031-165600-09-000-485,2,70411.0,1.975,25.0311105,79.26518325,0.00075
baseline,opening-drive-3bde01b3c0b20c778c,1730393940000000000,O-20241031-165600-09-000-486,1,70471.6,1.975,25.0526538,79.3334037,0.00075
baseline,opening-drive-6832a085e9c3dba570,1730426220000000000,O-20241101-015700-09-000-488,2,69350.0,0.673,8.401059,26.6033535,0.00075
baseline,opening-drive-6832a085e9c3dba570,1730431500000000000,O-20241101-015700-09-000-489,1,69718.8,0.673,8.44573543,26.744828870000006,0.00075
baseline,opening-drive-827cab9a3a1f27cb22,1730853360000000000,O-20241106-003600-09-000-491,1,70906.5,0.551,7.03250667,22.269604455,0.00075
baseline,opening-drive-827cab9a3a1f27cb22,1730860140000000000,O-20241106-003600-09-000-493,2,72424.8,0.551,7.98121296,21.948335640000007,0.00075
baseline,opening-drive-d2b5ec7d12ec3707d7,1730999940000000000,O-20241107-171900-09-000-494,1,76236.3,1.227,16.83754922,53.31890585500001,0.00075
baseline,opening-drive-d2b5ec7d12ec3707d7,1731000060000000000,O-20241107-171900-09-000-495,2,76079.8,1.227,16.80298463,53.20945132000001,0.00075
baseline,opening-drive-4ddba257958cb34001,1731168960000000000,O-20241109-161600-09-000-497,2,76205.0,1.935,26.5422015,84.05030475000001,0.00075
baseline,opening-drive-4ddba257958cb34001,1731172620000000000,O-20241109-161600-09-000-499,1,75775.0,1.935,29.324925,80.64354375,0.00075
baseline,opening-drive-a7a3f29a8ceec993aa,1731341160000000000,O-20241111-160600-09-000-500,1,84704.3,0.693,10.56601438,33.459045544999995,0.00075
baseline,opening-drive-a7a3f29a8ceec993aa,1731342480000000000,O-20241111-160600-09-000-501,2,84339.4,0.693,10.52049676,33.31490638999999,0.00075
baseline,opening-drive-08aa4424eedd5f24a7,1732090560000000000,O-20241120-081600-09-000-503,1,93046.5,1.018,17.04984066,53.991162089999996,0.00075
baseline,opening-drive-08aa4424eedd5f24a7,1732091160000000000,O-20241120-081600-09-000-504,2,92861.2,1.018,17.01588629,53.88363991,0.00075
baseline,opening-drive-ec468671f4ee444ac0,1732609800000000000,O-20241126-083000-09-000-506,2,92567.0,0.775,12.9130965,40.89147225,0.00075
baseline,opening-drive-ec468671f4ee444ac0,1732610520000000000,O-20241126-083000-09-000-507,1,92841.2,0.775,12.9513474,41.01260009999999,0.00075
baseline,opening-drive-11928698b341290165,1732638480000000000,O-20241126-162800-09-000-509,1,94094.8,0.686,11.6188259,36.792948700000004,0.00075
baseline,opening-drive-11928698b341290165,1732640640000000000,O-20241126-162800-09-000-510,2,93782.4,0.686,11.58025075,36.67079405,0.00075
baseline,opening-drive-87a68e1a83b0f2bae8,1732729680000000000,O-20241127-174800-09-000-512,1,96196.0,0.681,11.79170568,37.34040132,0.00075
baseline,opening-drive-87a68e1a83b0f2bae8,1732740480000000000,O-20241127-204800-09-000-515,2,96664.5,0.681,11.84913441,37.522258965,0.00075
baseline,opening-drive-2b3158d7a7f6f1bb4a,1733041200000000000,O-20241201-082000-09-000-516,1,96863.1,1.141,19.89374348,62.99685434500001,0.00075
baseline,opening-drive-2b3158d7a7f6f1bb4a,1733049300000000000,O-20241201-082000-09-000-517,2,96738.09999999999,1.141,19.86807098,62.915558094999994,0.00075
baseline,opening-drive-bb731d4c57aeafce00,1733301960000000000,O-20241204-084600-09-000-519,1,96835.1,1.568,27.33073862,86.54733898000002,0.00075
baseline,opening-drive-bb731d4c57aeafce00,1733302260000000000,O-20241204-084600-09-000-520,2,96789.6,1.568,27.3178967,86.50667290000001,0.00075
baseline,opening-drive-993ea535a3542a87cc,1733329020000000000,O-20241204-161700-09-000-522,2,95190.0,0.671,11.4970482,36.407319300000005,0.00075
baseline,opening-drive-993ea535a3542a87cc,1733334660000000000,O-20241204-161700-09-000-523,1,95479.1,0.671,11.5319657,36.517891375000005,0.00075
baseline,opening-drive-e88f57a589ad5ee9d1,1733647200000000000,O-20241208-084000-09-000-525,2,99282.5,1.081,19.31838885,61.17489802499999,0.00075
baseline,opening-drive-e88f57a589ad5ee9d1,1733647920000000000,O-20241208-084000-09-000-526,1,99393.7,1.081,19.34002615,61.243416124999996,0.00075
baseline,opening-drive-54eb5b06586e94960a,1734365820000000000,O-20241216-161700-09-000-528,1,106769.5,0.57,10.9545507,34.68941055,0.00075
baseline,opening-drive-54eb5b06586e94960a,1734367620000000000,O-20241216-161700-09-000-529,2,106450.7,0.57,10.92184182,34.585832429999996,0.00075
baseline,opening-drive-ff60a68a76e07894f9,1734424680000000000,O-20241217-083800-09-000-531,1,107374.20000000001,0.599,11.57708624,36.66077311000001,0.00075
baseline,opening-drive-ff60a68a76e07894f9,1734427260000000000,O-20241217-083800-09-000-532,2,107093.1,0.599,11.54677804,36.564797135,0.00075
baseline,opening-drive-0e1fcf3acb5b63bc1d,1734538920000000000,O-20241218-162200-09-000-534,2,103399.90000000001,0.62,11.53942884,36.54152466,0.00075
baseline,opening-drive-0e1fcf3acb5b63bc1d,1734539280000000000,O-20241218-162200-09-000-535,1,103658.59999999999,0.62,11.56829976,36.632949239999995,0.00075
baseline,opening-drive-89caef59a861f2ec4f,1734598140000000000,O-20241219-084900-09-000-537,1,101800.0,0.94,17.22456,54.544439999999994,0.00075
baseline,opening-drive-89caef59a861f2ec4f,1734598320000000000,O-20241219-084900-09-000-538,2,101687.6,0.94,17.20554192,54.484216079999996,0.00075
baseline,opening-drive-86ac9ae81b1e1bc607,1734629760000000000,O-20241219-173600-09-000-540,2,99116.9,0.471,8.40313078,26.609914144999994,0.00075
baseline,opening-drive-86ac9ae81b1e1bc607,1734639060000000000,O-20241219-173600-09-000-542,1,96153.3,0.471,9.05764086,24.908512365,0.00075
baseline,opening-drive-7552b7a608f409a8ce,1734684720000000000,O-20241220-085200-09-000-543,2,95510.09999999999,0.469,8.06296264,25.532715035,0.00075
baseline,opening-drive-7552b7a608f409a8ce,1734693780000000000,O-20241220-085200-09-000-545,1,93650.8,0.469,8.78444504,24.157223860000002,0.00075
baseline,opening-drive-b1f539518310f7ad1a,1734971100000000000,O-20241223-162500-09-000-546,2,92927.8,1.069,17.88116728,56.623696370000005,0.00075
baseline,opening-drive-b1f539518310f7ad1a,1734971160000000000,O-20241223-162500-09-000-547,1,93074.20000000001,1.069,17.90933756,56.71290229000001,0.00075
baseline,opening-drive-64d86e67ff0c58fdd0,1735059360000000000,O-20241224-165600-09-000-549,1,98463.5,0.781,13.84199883,43.832996294999994,0.00075
baseline,opening-drive-64d86e67ff0c58fdd0,1735068480000000000,O-20241224-165600-09-000-550,2,98231.7,0.781,13.80941239,43.729805885000005,0.00075
no-flow,opening-drive-044e5e9fa677c3531d,1641144420000000000,O-20220102-172700-09-000-1,1,47625.0,14.693,125.9557425,398.85985124999996,0.00075
no-flow,opening-drive-044e5e9fa677c3531d,1641145740000000000,O-20220102-172700-09-000-2,2,47492.2,14.693,125.60452103,397.7476499199999,0.00075
no-flow,opening-drive-b2ca986bc77056b47a,1641226860000000000,O-20220103-162100-09-000-4,2,46370.700000000004,10.712,89.41012891,283.13207489000007,0.00075
no-flow,opening-drive-b2ca986bc77056b47a,1641229440000000000,O-20220103-162100-09-000-5,1,46572.6,10.712,89.79942442,284.36484398000005,0.00075
no-flow,opening-drive-f9a0b2ea00949bc658,1641229920000000000,O-20220103-171200-09-000-7,2,46502.899999999994,19.591,163.9868965,519.291838925,0.00075
no-flow,opening-drive-f9a0b2ea00949bc658,1641230820000000000,O-20220103-171200-09-000-8,1,46577.2,19.591,164.24890654,520.12153736,0.00075
no-flow,opening-drive-c6e302ba58c9df673b,1641373560000000000,O-20220105-090600-09-000-10,1,46652.5,17.757,149.11351965,472.19281222500007,0.00075
no-flow,opening-drive-c6e302ba58c9df673b,1641381720000000000,O-20220105-090600-09-000-11,2,46568.2,17.757,148.84407493,471.33957062,0.00075
no-flow,opening-drive-d2a7bcfaa909215063,1641661920000000000,O-20220108-171200-09-000-13,2,41196.899999999994,14.333,106.28553019,336.5708455849999,0.00075
no-flow,opening-drive-d2a7bcfaa909215063,1641662340000000000,O-20220108-171200-09-000-14,1,41320.3,14.333,106.60389478,337.57900014500007,0.00075
no-flow,opening-drive-92e1fa2da5332b8594,1641663060000000000,O-20220108-173100-09-000-16,2,41236.8,19.273,143.05623235,453.01140245000005,0.00075
no-flow,opening-drive-92e1fa2da5332b8594,1641666360000000000,O-20220108-173100-09-000-17,1,41308.5,19.273,143.30496969,453.79907068499995,0.00075
no-flow,opening-drive-c4eea5b887e89b9b30,1642095960000000000,O-20220113-174600-09-000-19,2,42712.2,11.127,85.54655689,270.89743016,0.00075
no-flow,opening-drive-c4eea5b887e89b9b30,1642097100000000000,O-20220113-174600-09-000-20,1,42872.6,11.127,85.86781564,271.91474951,0.00075
no-flow,opening-drive-7b93f63e858aea1fd1,1643016060000000000,O-20220124-092100-09-000-22,2,34566.4,8.094,50.36047949,159.47485171000002,0.00075
no-flow,opening-drive-7b93f63e858aea1fd1,1643016660000000000,O-20220124-092100-09-000-23,1,34813.8,8.094,50.7209215,160.6162514,0.00075
no-flow,opening-drive-2c27d72e26142eaa61,1643818080000000000,O-20220202-160800-09-000-25,2,37204.6,11.567,77.46220948,245.29699667,0.00075
no-flow,opening-drive-2c27d72e26142eaa61,1643820840000000000,O-20220202-160800-09-000-26,1,37351.9,11.567,77.76889691,246.268173565,0.00075
no-flow,opening-drive-af386188ea23ebc45e,1644256080000000000,O-20220207-174800-09-000-28,1,44002.8,12.22,96.78855888,306.49710312,0.00075
no-flow,opening-drive-af386188ea23ebc45e,1644259500000000000,O-20220207-174800-09-000-29,2,43882.1,12.22,96.52306716,305.65637934,0.00075
no-flow,opening-drive-be4461df1767b65438,1644539040000000000,O-20220211-002400-09-000-31,2,43174.2,11.84,92.01285504,291.37404095999995,0.00075
no-flow,opening-drive-be4461df1767b65438,1644541440000000000,O-20220211-002400-09-000-32,1,43296.1,11.84,92.27264832,292.19671967999994,0.00075
no-flow,opening-drive-42d6e7746952aa4235,1644913440000000000,O-20220215-082400-09-000-34,1,43846.5,14.748,116.39667276,368.5894637399999,0.00075
no-flow,opening-drive-42d6e7746952aa4235,1644924240000000000,O-20220215-112400-09-000-37,2,44183.2,14.748,117.29049005,371.41988514999997,0.00075
no-flow,opening-drive-3d9a6adf125e6ce514,1645407120000000000,O-20220221-013200-09-000-38,1,39090.6,11.337,79.7706238,252.60697535000003,0.00075
no-flow,opening-drive-3d9a6adf125e6ce514,1645414440000000000,O-20220221-013200-09-000-39,2,38949.299999999996,11.337,79.48227854,251.69388203499997,0.00075
no-flow,opening-drive-fe893be7692fdcf690,1646963400000000000,O-20220311-015000-09-000-41,2,38773.5,12.52,87.3799596,276.70320539999994,0.00075
no-flow,opening-drive-fe893be7692fdcf690,1646974200000000000,O-20220311-045000-09-000-44,1,38462.4,12.52,86.67886464,274.48307136,0.00075
no-flow,opening-drive-58fdae23ea9af88c4a,1647016380000000000,O-20220311-163300-09-000-45,2,38603.8,9.447,65.64421775,207.87335619999996,0.00075
no-flow,opening-drive-58fdae23ea9af88c4a,1647017160000000000,O-20220311-163300-09-000-46,1,38788.5,9.447,65.95829271,208.86792691499997,0.00075
no-flow,opening-drive-279ad16eceaabdd39c,1647768660000000000,O-20220320-093100-09-000-48,2,41624.2,12.515,93.76683534,296.92831191,0.00075
no-flow,opening-drive-279ad16eceaabdd39c,1647769380000000000,O-20220320-093100-09-000-49,1,41739.4,12.515,94.02634638,297.75009687,0.00075
no-flow,opening-drive-0a21a8e6539a131e55,1648142280000000000,O-20220324-171800-09-000-51,1,44122.1,12.492,99.21118918,314.16876572,0.00075
no-flow,opening-drive-0a21a8e6539a131e55,1648142760000000000,O-20220324-171800-09-000-52,2,44015.5,12.492,98.97149268,313.40972682,0.00075
no-flow,opening-drive-d5b2274771b688dc49,1648777620000000000,O-20220401-014700-09-000-54,2,45104.899999999994,13.588,110.31936862,349.3446672799999,0.00075
no-flow,opening-drive-d5b2274771b688dc49,1648788420000000000,O-20220401-044700-09-000-57,1,44737.299999999996,13.588,109.42027783,346.49754647,0.00075
no-flow,opening-drive-461a4e5421fdca3bb8,1649405580000000000,O-20220408-081300-09-000-58,1,43839.2,14.449,114.01786814,361.05658245999996,0.00075
no-flow,opening-drive-461a4e5421fdca3bb8,1649406660000000000,O-20220408-081300-09-000-59,2,43751.6,14.449,113.79003631,360.3351149899999,0.00075
no-flow,opening-drive-db99242d8b926cce87,1649582280000000000,O-20220410-091800-09-000-61,2,42509.8,19.219,147.05925232,465.6876323300001,0.00075
no-flow,opening-drive-db99242d8b926cce87,1649582400000000000,O-20220410-091800-09-000-62,1,42557.8,16.799,128.6871268,407.50923485,0.00075
no-flow,opening-drive-db99242d8b926cce87,1649582400000000000,O-20220410-091800-09-000-62,1,42557.9,2.42,18.53822124,58.70436726,0.00075
no-flow,opening-drive-a0ed881a95af58b779,1650218280000000000,O-20220417-175800-09-000-64,2,40054.0,11.945,86.1201054,272.7136671,0.00075
no-flow,opening-drive-a0ed881a95af58b779,1650224520000000000,O-20220417-175800-09-000-65,1,40168.3,11.945,86.36586183,273.491895795,0.00075
no-flow,opening-drive-9f610240c7bc625f08,1650820980000000000,O-20220424-172300-09-000-67,2,39230.1,11.854,83.70604897,265.06915508,0.00075
no-flow,opening-drive-9f610240c7bc625f08,1650821700000000000,O-20220424-172300-09-000-68,1,39341.7,11.854,83.94417212,265.82321172999997,0.00075
no-flow,opening-drive-0ba878593d28be3e21,1651223820000000000,O-20220429-091700-09-000-70,2,39092.1,8.406,59.14947467,187.30666978,0.00075
no-flow,opening-drive-0ba878593d28be3e21,1651224660000000000,O-20220429-091700-09-000-71,1,39266.6,8.406,59.41350713,188.14277257000003,0.00075
no-flow,opening-drive-a5087519d6b21d7172,1652115000000000000,O-20220509-165000-09-000-73,2,31798.0,6.155,35.2290042,111.5585133,0.00075
no-flow,opening-drive-a5087519d6b21d7172,1652125800000000000,O-20220509-195000-09-000-76,1,30514.8,6.155,33.80734692,107.05659858,0.00075
no-flow,opening-drive-106b0343d36d794d48,1653612480000000000,O-20220527-004800-09-000-77,2,29088.2,15.198,79.57484345,251.98700425000004,0.00075
no-flow,opening-drive-106b0343d36d794d48,1653623280000000000,O-20220527-034800-09-000-80,1,29031.2,15.198,79.41891197,251.49322123000002,0.00075
no-flow,opening-drive-ba263cb1fb46df3645,1654421700000000000,O-20220605-093500-09-000-81,2,29585.2,23.219,123.64897658,391.5550925200001,0.00075
no-flow,opening-drive-ba263cb1fb46df3645,1654422180000000000,O-20220605-093500-09-000-82,1,29632.8,23.219,123.84791698,392.18507042000005,0.00075
no-flow,opening-drive-cf491be8cb6dfe8c85,1654765020000000000,O-20220609-085700-09-000-84,1,30539.8,18.827,103.49510663,327.73450432000004,0.00075
no-flow,opening-drive-cf491be8cb6dfe8c85,1654765380000000000,O-20220609-085700-09-000-85,2,30475.500000000004,18.827,103.27720293,327.04447594500004,0.00075
no-flow,opening-drive-6540bee280aef1bd5b,1655862960000000000,O-20220622-015600-09-000-87,2,20397.2,11.64,42.73621344,135.33134256,0.00075
no-flow,opening-drive-6540bee280aef1bd5b,1655867460000000000,O-20220622-015600-09-000-88,1,20539.2,11.64,43.03373184,136.27348416,0.00075
no-flow,opening-drive-f1c026221b9850df2f,1657330500000000000,O-20220709-013500-09-000-90,2,21419.5,14.797,57.04998147,180.658274655,0.00075
no-flow,opening-drive-f1c026221b9850df2f,1657331640000000000,O-20220709-013500-09-000-91,1,21519.1,14.797,57.31526209,181.49832993500002,0.00075
no-flow,opening-drive-dac554e51c543f070e,1657413840000000000,O-20220710-004400-09-000-93,2,21483.9,32.977,127.52542265,403.830505075,0.00075
no-flow,opening-drive-dac554e51c543f070e,1657424640000000000,O-20220710-034400-09-000-96,1,21280.7,32.977,126.3192559,400.01097702499993,0.00075
no-flow,opening-drive-a32070870f30f1a3b1,1657587240000000000,O-20220712-005400-09-000-97,2,19811.0,22.367,79.76027466,252.57420309000005,0.00075
no-flow,opening-drive-a32070870f30f1a3b1,1657588020000000000,O-20220712-005400-09-000-98,1,19873.4,22.367,80.0115008,253.36975255000004,0.00075
no-flow,opening-drive-130493ff3b63d24d01,1657819620000000000,O-20220714-172700-09-000-100,1,20582.6,12.967,48.04102336,152.12990729,0.00075
no-flow,opening-drive-130493ff3b63d24d01,1657830420000000000,O-20220714-202700-09-000-103,2,20607.4,12.967,48.09890804,152.31320881,0.00075
no-flow,opening-drive-6540841ebfdbdfa7e5,1658075340000000000,O-20220717-162900-09-000-104,2,21031.7,27.396,103.71320158,328.42513832000003,0.00075
no-flow,opening-drive-6540841ebfdbdfa7e5,1658075460000000000,O-20220717-162900-09-000-105,1,21073.0,27.396,103.91686344,329.07006756000004,0.00075
no-flow,opening-drive-0d813045a8c62cb00c,1658248020000000000,O-20220719-162700-09-000-107,1,23276.5,16.068,67.32122436,213.18387714,0.00075
no-flow,opening-drive-0d813045a8c62cb00c,1658248140000000000,O-20220719-162700-09-000-108,2,23190.8,16.068,67.07335939,212.39897141000003,0.00075
no-flow,opening-drive-d37d67b493ac8ce59c,1658794560000000000,O-20220726-001600-09-000-110,2,21121.1,11.245,42.75121851,135.37885861499998,0.00075
no-flow,opening-drive-d37d67b493ac8ce59c,1658805360000000000,O-20220726-031600-09-000-113,1,21093.2,11.245,42.69474612,135.20002938,0.00075
no-flow,opening-drive-d2d0bb74b6e2a76341,1659514380000000000,O-20220803-081300-09-000-114,1,23134.4,17.74,73.87276608,233.93042591999998,0.00075
no-flow,opening-drive-d2d0bb74b6e2a76341,1659524820000000000,O-20220803-081300-09-000-116,2,23465.3,17.74,83.2548844,228.9509321,0.00075
no-flow,opening-drive-50c27b40b27671dde5,1659833880000000000,O-20220807-005800-09-000-117,2,22843.1,26.573,109.26174533,345.99552689499995,0.00075
no-flow,opening-drive-50c27b40b27671dde5,1659834180000000000,O-20220807-005800-09-000-118,1,22885.4,26.573,109.46407216,346.63622849000006,0.00075
no-flow,opening-drive-febe2e0f9a86d45eac,1660038900000000000,O-20220809-095500-09-000-120,2,23535.1,16.339,69.2171998,219.18779937499997,0.00075
no-flow,opening-drive-febe2e0f9a86d45eac,1660044720000000000,O-20220809-095500-09-000-122,1,23321.8,16.339,76.21097804,209.58018961,0.00075
no-flow,opening-drive-7be4a5154f712a23c3,1660496400000000000,O-20220814-170000-09-000-123,2,24303.3,17.649,77.20720951,244.48949676500004,0.00075
no-flow,opening-drive-7be4a5154f712a23c3,1660507200000000000,O-20220814-200000-09-000-126,1,24273.8,17.649,77.11349332,244.19272883000002,0.00075
no-flow,opening-drive-b90736b1dd594b4c10,1661155920000000000,O-20220822-081200-09-000-127,2,20941.6,14.582,54.96667402,174.06113438,0.00075
no-flow,opening-drive-b90736b1dd594b4c10,1661157600000000000,O-20220822-081200-09-000-128,1,21051.2,14.582,55.25434771,174.97210109000002,0.00075
no-flow,opening-drive-3351265b4b8c0e564b,1661879820000000000,O-20220830-171700-09-000-130,2,19577.0,20.416,71.94312576,227.81989824,0.00075
no-flow,opening-drive-3351265b4b8c0e564b,1661880780000000000,O-20220830-171700-09-000-131,1,19645.3,20.416,72.19412006,228.61471354,0.00075
no-flow,opening-drive-50a6a97fac01444268,1662573360000000000,O-20220907-175600-09-000-133,1,19009.5,24.471,83.73266541,265.153440465,0.00075
no-flow,opening-drive-50a6a97fac01444268,1662574740000000000,O-20220907-175600-09-000-134,2,18958.9,24.471,83.50978354,264.44764788500004,0.00075
no-flow,opening-drive-8e5f2802c0c3cb4851,1662743820000000000,O-20220909-171700-09-000-136,1,21399.2,19.899,76.64808254,242.71892806000002,0.00075
no-flow,opening-drive-8e5f2802c0c3cb4851,1662744000000000000,O-20220909-171700-09-000-137,2,21336.9,19.899,76.42493516,242.01229466500007,0.00075
no-flow,opening-drive-a61b30276c160b770c,1664239500000000000,O-20220927-004500-09-000-139,1,19290.5,27.241,94.58865189,299.530730985,0.00075
no-flow,opening-drive-a61b30276c160b770c,1664241660000000000,O-20220927-004500-09-000-141,2,19551.4,27.241,106.51993748,292.92982807000004,0.00075
no-flow,opening-drive-e7a61df270ee85c3f6,1665908820000000000,O-20221016-082700-09-000-142,1,19172.9,47.352,163.41752894,517.4888416599999,0.00075
no-flow,opening-drive-e7a61df270ee85c3f6,1665909120000000000,O-20221016-082700-09-000-143,2,19159.2,47.352,163.30075891,517.11906989,0.00075
no-flow,opening-drive-03105c6585ae594b56,1667986800000000000,O-20221109-094000-09-000-145,2,17842.4,11.701,37.57930603,119.00113577000003,0.00075
no-flow,opening-drive-03105c6585ae594b56,1667988780000000000,O-20221109-094000-09-000-147,1,17377.9,11.701,40.66776158,111.83634434500001,0.00075
no-flow,opening-drive-9d90cca218b4c81939,1668331680000000000,O-20221113-092800-09-000-148,2,16508.0,27.592,81.98797248,259.62857951999996,0.00075
no-flow,opening-drive-9d90cca218b4c81939,1668332580000000000,O-20221113-092800-09-000-149,1,16559.5,27.592,82.24375032,260.43854267999995,0.00075
no-flow,opening-drive-4c5118e08b8fac74c1,1668589800000000000,O-20221116-091000-09-000-151,2,16744.4,52.091,157.00185727,497.17254803000014,0.00075
no-flow,opening-drive-4c5118e08b8fac74c1,1668590040000000000,O-20221116-091000-09-000-152,1,16758.5,28.137,84.87610461,268.774331265,0.00075
no-flow,opening-drive-4c5118e08b8fac74c1,1668590040000000000,O-20221116-091000-09-000-152,1,16758.6,23.954,72.25839079,228.81823751,0.00075
no-flow,opening-drive-7a72eea8fe585f7e37,1669652040000000000,O-20221128-161400-09-000-154,2,16075.6,38.13,110.33327304,349.38869796,0.00075
no-flow,opening-drive-7a72eea8fe585f7e37,1669652760000000000,O-20221128-161400-09-000-155,1,16103.4,38.13,110.52407556,349.99290593999996,0.00075
no-flow,opening-drive-119ada04384097a151,1669942680000000000,O-20221202-005800-09-000-157,1,17008.8,43.422,132.94010045,420.97698475,0.00075
no-flow,opening-drive-119ada04384097a151,1669943520000000000,O-20221202-005800-09-000-158,2,16990.1,43.422,132.793942,420.5141496499999,0.00075
no-flow,opening-drive-a16382d1ded956a38e,1671069240000000000,O-20221215-015400-09-000-160,2,17614.1,23.768,75.35734718,238.63159942000001,0.00075
no-flow,opening-drive-a16382d1ded956a38e,1671070740000000000,O-20221215-015400-09-000-161,1,17666.0,23.768,75.57938784,239.33472816,0.00075
no-flow,opening-drive-c2866caa7c04212d0a,1673283060000000000,O-20230109-165100-09-000-163,1,17338.1,44.927,140.21078737,444.00082665499997,0.00075
no-flow,opening-drive-c2866caa7c04212d0a,1673283120000000000,O-20230109-165100-09-000-164,2,17323.9,44.927,140.09595395,443.637187525,0.00075
no-flow,opening-drive-adaa94b89eebae94c0,1673603400000000000,O-20230113-095000-09-000-166,1,18912.0,29.387,100.03804992,316.78715808,0.00075
no-flow,opening-drive-adaa94b89eebae94c0,1673603520000000000,O-20230113-095000-09-000-167,2,18880.7,29.387,99.87248356,316.262864615,0.00075
no-flow,opening-drive-300fc40dcd918133ac,1673631420000000000,O-20230113-173700-09-000-169,1,19352.0,20.044,69.82046784,221.09814816,0.00075
no-flow,opening-drive-300fc40dcd918133ac,1673631600000000000,O-20230113-173700-09-000-170,2,19296.2,20.044,69.6191459,220.46062870000003,0.00075
no-flow,opening-drive-376d99cd2e106e1036,1673655120000000000,O-20230114-001200-09-000-172,1,20116.1,9.323,33.75763205,106.899168175,0.00075
no-flow,opening-drive-376d99cd2e106e1036,1673656740000000000,O-20230114-001200-09-000-174,2,20942.6,9.323,39.04957196,107.38632289000002,0.00075
no-flow,opening-drive-7f6f4b39f086cbc3a4,1673832600000000000,O-20230116-013000-09-000-175,1,21145.7,17.048,64.88854085,205.48037934999996,0.00075
no-flow,opening-drive-7f6f4b39f086cbc3a4,1673832840000000000,O-20230116-013000-09-000-176,2,21067.6,17.048,64.64888006,204.72145353999997,0.00075
no-flow,opening-drive-1a34179141612ca8db,1673859840000000000,O-20230116-090400-09-000-178,2,20734.7,22.99,85.80433554,271.71372921,0.00075
no-flow,opening-drive-1a34179141612ca8db,1673860320000000000,O-20230116-090400-09-000-179,1,20782.5,22.99,86.0021415,272.34011475,0.00075
no-flow,opening-drive-2c0664b1d987a4067d,1675700160000000000,O-20230206-161600-09-000-181,1,23091.0,22.592,93.90093696,297.35296703999995,0.00075
no-flow,opening-drive-2c0664b1d987a4067d,1675701300000000000,O-20230206-161600-09-000-182,2,23047.6,22.592,93.72444826,296.79408614,0.00075
no-flow,opening-drive-f7053b7f21e61684fe,1675763700000000000,O-20230207-095500-09-000-184,1,23000.5,28.888,119.59891992,378.72991308,0.00075
no-flow,opening-drive-f7053b7f21e61684fe,1675764420000000000,O-20230207-095500-09-000-185,2,22975.8,28.888,119.47048387,378.32319893000005,0.00075
no-flow,opening-drive-81c809377c29a171d4,1676220900000000000,O-20230212-165500-09-000-187,1,22025.8,27.385,108.57177594,343.81062381000004,0.00075
no-flow,opening-drive-81c809377c29a171d4,1676221200000000000,O-20230212-165500-09-000-188,2,21998.3,27.385,108.43622019,343.381363935,0.00075
no-flow,opening-drive-70486bf87e6e15da3d,1676855280000000000,O-20230220-010800-09-000-190,2,24141.3,19.667,85.46165048,270.62855984500004,0.00075
no-flow,opening-drive-70486bf87e6e15da3d,1676857680000000000,O-20230220-010800-09-000-191,1,24186.8,19.667,85.62272321,271.13862349000004,0.00075
no-flow,opening-drive-4082df7dd519b6a6e6,1678411020000000000,O-20230310-011700-09-000-193,2,19889.5,9.193,32.91195123,104.221178895,0.00075
no-flow,opening-drive-4082df7dd519b6a6e6,1678411980000000000,O-20230310-011700-09-000-194,1,20029.1,9.193,33.14295293,104.95268429500001,0.00075
no-flow,opening-drive-d4c626e20ac1e2dd34,1678497360000000000,O-20230311-011600-09-000-196,1,20334.7,20.841,76.28318689,241.56342513500007,0.00075
no-flow,opening-drive-d4c626e20ac1e2dd34,1678497600000000000,O-20230311-011600-09-000-197,2,20292.6,20.841,76.12525379,241.06330365999997,0.00075
no-flow,opening-drive-46c902b0c722cd3aaf,1679245680000000000,O-20230319-170800-09-000-199,1,27923.9,7.751,38.9588668,123.36974487500002,0.00075
no-flow,opening-drive-46c902b0c722cd3aaf,1679256480000000000,O-20230319-200800-09-000-202,2,28279.8,7.751,39.45541136,124.94213599,0.00075
no-flow,opening-drive-3c1bb732bcc4ff0697,1679303100000000000,O-20230320-090500-09-000-203,1,28448.2,6.094,31.20539954,98.81709856000002,0.00075
no-flow,opening-drive-3c1bb732bcc4ff0697,1679303280000000000,O-20230320-090500-09-000-204,2,28238.1,6.094,30.97493665,98.08729939999999,0.00075
no-flow,opening-drive-3f38e1ad6d96be5ec5,1679417580000000000,O-20230321-165300-09-000-206,1,28405.0,7.434,38.0092986,120.36277890000001,0.00075
no-flow,opening-drive-3f38e1ad6d96be5ec5,1679418420000000000,O-20230321-165300-09-000-207,2,28246.6,7.434,37.79734039,119.69157791,0.00075
no-flow,opening-drive-c21057cad2528a7cb8,1679735820000000000,O-20230325-091700-09-000-209,2,27310.4,14.917,73.33006262,232.21186498,0.00075
no-flow,opening-drive-c21057cad2528a7cb8,1679735940000000000,O-20230325-091700-09-000-210,1,27366.5,14.917,73.48069449,232.68886588499998,0.00075
no-flow,opening-drive-4da801e8b423dabbf0,1679824800000000000,O-20230326-100000-09-000-212,1,27675.6,17.943,89.38499234,283.05247576,0.00075
no-flow,opening-drive-4da801e8b423dabbf0,1679826660000000000,O-20230326-100000-09-000-213,2,27638.8,17.943,89.26613791,282.67610339000004,0.00075
no-flow,opening-drive-23c61ec47ad8659698,1680602400000000000,O-20230404-100000-09-000-215,1,28181.2,16.138,81.86187701,259.22927719,0.00075
no-flow,opening-drive-23c61ec47ad8659698,1680613200000000000,O-20230404-130000-09-000-218,2,28252.9,16.138,82.07015404,259.88882111000004,0.00075
no-flow,opening-drive-76a5347fb5d72de48d,1681176900000000000,O-20230411-013500-09-000-219,1,29874.2,16.932,91.04939179,288.32307400999997,0.00075
no-flow,opening-drive-76a5347fb5d72de48d,1681177080000000000,O-20230411-013500-09-000-220,2,29837.6,16.932,90.93784378,287.96983861999996,0.00075
no-flow,opening-drive-f1dfe95f757beef5ff,1681177800000000000,O-20230411-015000-09-000-222,1,29955.100000000002,8.219,44.31617404,140.334551135,0.00075
no-flow,opening-drive-f1dfe95f757beef5ff,1681188600000000000,O-20230411-045000-09-000-225,2,30090.0,8.219,44.5157478,140.96653469999998,0.00075
no-flow,opening-drive-5d1cdb75b5e5f3150a,1681377360000000000,O-20230413-091600-09-000-226,1,30338.4,11.536,62.99708083,199.49075597000004,0.00075
no-flow,opening-drive-5d1cdb75b5e5f3150a,1681378140000000000,O-20230413-091600-09-000-227,2,30266.099999999995,11.536,62.84695133,199.01534586999992,0.00075
no-flow,opening-drive-7c542f7de473f0d02d,1682300700000000000,O-20230424-014500-09-000-229,1,27777.3,9.237,46.18420562,146.24998445499998,0.00075
no-flow,opening-drive-7c542f7de473f0d02d,1682304240000000000,O-20230424-014500-09-000-230,2,27676.3,9.237,46.01627696,145.718210365,0.00075
no-flow,opening-drive-0915662dddfdf601df,1683102960000000000,O-20230503-083600-09-000-232,1,28756.5,10.606,54.89845902,173.84512023,0.00075
no-flow,opening-drive-0915662dddfdf601df,1683103140000000000,O-20230503-083600-09-000-233,2,28679.1,10.606,54.75069623,173.37720471999998,0.00075
no-flow,opening-drive-e4610b3ab8e2d7220d,1684026480000000000,O-20230514-010800-09-000-235,2,26675.7,12.653,60.75497378,192.39075029500003,0.00075
no-flow,opening-drive-e4610b3ab8e2d7220d,1684030380000000000,O-20230514-010800-09-000-236,1,26733.6,12.653,60.88684334,192.80833725999997,0.00075
no-flow,opening-drive-7cb27f688c1f89198d,1685927580000000000,O-20230605-011300-09-000-238,2,27000.0,16.612,80.73432,255.65867999999995,0.00075
no-flow,opening-drive-7cb27f688c1f89198d,1685928300000000000,O-20230605-011300-09-000-239,1,27031.9,16.612,80.8297061,255.96073600000003,0.00075
no-flow,opening-drive-1162bc40473a0aeeb6,1686935040000000000,O-20230616-170400-09-000-241,1,25992.3,8.451,39.53896691,125.206728565,0.00075
no-flow,opening-drive-1162bc40473a0aeeb6,1686945840000000000,O-20230616-200400-09-000-244,2,26376.3,8.451,40.12310003,127.05648344500003,0.00075
no-flow,opening-drive-58769a66a109943789,1687370340000000000,O-20230621-175900-09-000-245,1,30083.500000000004,10.452,56.59789356,179.22666294,0.00075
no-flow,opening-drive-58769a66a109943789,1687373220000000000,O-20230621-175900-09-000-246,2,30008.6,10.452,56.4569797,178.7804357,0.00075
no-flow,opening-drive-205d8dabad3690558f,1688031660000000000,O-20230629-094100-09-000-248,1,30439.4,17.597,96.41558192,305.31600943000007,0.00075
no-flow,opening-drive-205d8dabad3690558f,1688031900000000000,O-20230629-094100-09-000-249,2,30415.900000000005,17.597,96.34114661,305.0802976150001,0.00075
no-flow,opening-drive-c4e3a9e9e3b84d704a,1688864520000000000,O-20230709-010200-09-000-251,1,30374.4,10.601,57.95982259,183.53943821000004,0.00075
no-flow,opening-drive-c4e3a9e9e3b84d704a,1688866800000000000,O-20230709-010200-09-000-252,2,30308.6,10.601,57.83426435,183.14183710000003,0.00075
no-flow,opening-drive-6153753651d0f82c54,1691977740000000000,O-20230814-014900-09-000-254,2,29238.3,18.001,94.73735489,300.00162383500003,0.00075
no-flow,opening-drive-6153753651d0f82c54,1691978280000000000,O-20230814-014900-09-000-255,1,29258.0,18.001,94.80118644,300.20375706,0.00075
no-flow,opening-drive-34b34a35913a5aa66e,1692031800000000000,O-20230814-165000-09-000-257,1,29684.8,16.974,90.69656314,287.20578326,0.00075
no-flow,opening-drive-34b34a35913a5aa66e,1692031980000000000,O-20230814-165000-09-000-258,2,29663.900000000005,16.974,90.63270695,287.0035720000001,0.00075
no-flow,opening-drive-5e4c135978d1c4e573,1692378480000000000,O-20230818-170800-09-000-260,2,25689.0,3.735,17.2707147,54.690596549999995,0.00075
no-flow,opening-drive-5e4c135978d1c4e573,1692379860000000000,O-20230818-170800-09-000-261,1,25938.5,3.735,17.43845355,55.221769574999996,0.00075
no-flow,opening-drive-c47b64de09dec3fef3,1692464400000000000,O-20230819-170000-09-000-263,1,26240.1,15.523,73.31851301,232.17529121499996,0.00075
no-flow,opening-drive-c47b64de09dec3fef3,1692464520000000000,O-20230819-170000-09-000-264,2,26212.2,15.523,73.24055651,231.92842893999998,0.00075
no-flow,opening-drive-6185c077eb5779b235,1693185240000000000,O-20230828-011400-09-000-266,2,26001.2,17.018,79.64791589,252.21840031000002,0.00075
no-flow,opening-drive-6185c077eb5779b235,1693185660000000000,O-20230828-011400-09-000-267,1,26021.7,17.018,79.71071231,252.41725563999998,0.00075
no-flow,opening-drive-34dc894cf37ae50303,1694104500000000000,O-20230907-163500-09-000-269,1,25863.1,12.529,58.32698038,184.702104545,0.00075
no-flow,opening-drive-34dc894cf37ae50303,1694105520000000000,O-20230907-163500-09-000-270,2,25823.4,12.529,58.23744815,184.4185858,0.00075
no-flow,opening-drive-f6f9a9188849bf7636,1694367360000000000,O-20230910-173600-09-000-272,2,25683.3,15.518,71.73962089,227.17546615999998,0.00075
no-flow,opening-drive-f6f9a9188849bf7636,1694367960000000000,O-20230910-173600-09-000-273,1,25706.2,15.518,71.80358609,227.37802261000004,0.00075
no-flow,opening-drive-f720fb78bda5a52b11,1694599080000000000,O-20230913-095800-09-000-275,1,26158.4,8.423,39.65979658,125.58935582000002,0.00075
no-flow,opening-drive-f720fb78bda5a52b11,1694600820000000000,O-20230913-095800-09-000-276,2,26087.8,8.423,39.55275709,125.25039746000003,0.00075
no-flow,opening-drive-2684112c7cd30a4deb,1694973600000000000,O-20230917-180000-09-000-278,2,26465.6,16.345,77.86444176,246.57073223999996,0.00075
no-flow,opening-drive-2684112c7cd30a4deb,1694973840000000000,O-20230917-180000-09-000-279,1,26480.8,16.345,77.90916168,246.71234531999997,0.00075
no-flow,opening-drive-920f44a171fc853b9c,1695664200000000000,O-20230925-175000-09-000-281,1,26321.6,11.895,56.35717776,178.46439623999999,0.00075
no-flow,opening-drive-920f44a171fc853b9c,1695668640000000000,O-20230925-175000-09-000-282,2,26287.9,11.895,56.28502269,178.235905185,0.00075
no-flow,opening-drive-048e24e10b21161c17,1696262880000000000,O-20231002-160800-09-000-284,2,27853.2,5.119,25.66449554,81.27090256000001,0.00075
no-flow,opening-drive-048e24e10b21161c17,1696263180000000000,O-20231002-160800-09-000-285,1,27976.2,5.119,25.7778302,81.62979564999999,0.00075
no-flow,opening-drive-6068dfe83040a564ec,1696585680000000000,O-20231006-094800-09-000-287,1,27678.5,10.518,52.40204334,165.93980391000005,0.00075
no-flow,opening-drive-6068dfe83040a564ec,1696590180000000000,O-20231006-094800-09-000-288,2,27642.2,10.518,52.33331873,165.72217597000002,0.00075
no-flow,opening-drive-e21119eaa187ae6eab,1696869840000000000,O-20231009-164400-09-000-290,2,27267.0,4.823,23.67157338,74.95998237,0.00075
no-flow,opening-drive-e21119eaa187ae6eab,1696870620000000000,O-20231009-164400-09-000-291,1,27390.6,4.823,23.77887548,75.29977236999999,0.00075
no-flow,opening-drive-f5354fd146467df994,1697158080000000000,O-20231013-004800-09-000-293,1,26822.0,11.62,56.1008952,177.65283479999997,0.00075
no-flow,opening-drive-f5354fd146467df994,1697158260000000000,O-20231013-004800-09-000-294,2,26795.9,11.62,56.04630444,177.47996406,0.00075
no-flow,opening-drive-d66d5df7a073fe31c7,1697392740000000000,O-20231015-175900-09-000-296,1,26970.3,13.859,67.28064979,213.05539098499997,0.00075
no-flow,opening-drive-d66d5df7a073fe31c7,1697393340000000000,O-20231015-175900-09-000-297,2,26956.8,12.404,60.1869865,190.59212390000002,0.00075
no-flow,opening-drive-d66d5df7a073fe31c7,1697393340000000000,O-20231015-175900-09-000-297,2,26956.7,1.455,7.05995973,22.356539145,0.00075
no-flow,opening-drive-750d5a89d71789fd28,1698079980000000000,O-20231023-165300-09-000-299,1,31142.700000000004,3.016,16.90674898,53.53803842000001,0.00075
no-flow,opening-drive-750d5a89d71789fd28,1698082140000000000,O-20231023-165300-09-000-300,2,30949.100000000002,3.016,16.80164741,53.20521679,0.00075
no-flow,opening-drive-82704274ad841d0c20,1698339300000000000,O-20231026-165500-09-000-302,2,33777.0,5.308,32.27189688,102.19434011999999,0.00075
no-flow,opening-drive-82704274ad841d0c20,1698340020000000000,O-20231026-165500-09-000-303,1,33858.700000000004,5.308,32.34995633,102.44152837000001,0.00075
no-flow,opening-drive-8ea100c1df68ff4fe5,1698942360000000000,O-20231102-162600-09-000-305,2,34463.2,5.044,31.28982854,99.08445705999999,0.00075
no-flow,opening-drive-8ea100c1df68ff4fe5,1698943020000000000,O-20231102-162600-09-000-306,1,34546.6,5.044,31.36554907,99.32423872999999,0.00075
no-flow,opening-drive-576b188309ccecfda7,1699547760000000000,O-20231109-163600-09-000-308,2,36303.4,2.093,13.67694292,43.31031923,0.00075
no-flow,opening-drive-576b188309ccecfda7,1699552200000000000,O-20231109-163600-09-000-309,1,36564.6,2.093,13.7753474,43.62193344999999,0.00075
no-flow,opening-drive-11f9419422787115ca,1699637640000000000,O-20231110-173400-09-000-311,1,37324.0,6.007,40.35694824,127.79700275999998,0.00075
no-flow,opening-drive-11f9419422787115ca,1699637940000000000,O-20231110-173400-09-000-312,2,37273.2,6.007,40.30202023,127.62306407,0.00075
no-flow,opening-drive-acbc22f3670fec6a71,1700127840000000000,O-20231116-094400-09-000-314,2,37319.100000000006,6.109,41.03682874,129.94995768500004,0.00075
no-flow,opening-drive-acbc22f3670fec6a71,1700128440000000000,O-20231116-094400-09-000-315,1,37364.899999999994,6.109,41.08719134,130.10943923499997,0.00075
no-flow,opening-drive-54f333dd72d6135cc8,1701187800000000000,O-20231128-161000-09-000-317,1,37647.299999999996,4.335,29.37618819,93.02459593499998,0.00075
no-flow,opening-drive-54f333dd72d6135cc8,1701187920000000000,O-20231128-161000-09-000-318,2,37564.5,4.335,29.31157935,92.82000127500001,0.00075
no-flow,opening-drive-7d7bdafd2adf72efeb,1701249420000000000,O-20231129-091700-09-000-320,1,38282.8,5.531,38.11359002,120.69303508,0.00075
no-flow,opening-drive-7d7bdafd2adf72efeb,1701249960000000000,O-20231129-091700-09-000-321,2,38234.3,5.531,38.06530439,120.54013058500001,0.00075
no-flow,opening-drive-d10da4ad2c019f8ebe,1701251460000000000,O-20231129-095100-09-000-323,1,38273.0,5.304,36.53999856,115.70999544,0.00075
no-flow,opening-drive-d10da4ad2c019f8ebe,1701251640000000000,O-20231129-095100-09-000-324,2,38223.299999999996,5.304,36.49254898,115.55973841999997,0.00075
no-flow,opening-drive-c2cae798a7c3b99e13,1701333480000000000,O-20231130-083800-09-000-326,2,37646.0,6.296,42.66345888,135.10095312,0.00075
no-flow,opening-drive-c2cae798a7c3b99e13,1701334320000000000,O-20231130-083800-09-000-327,1,37677.0,6.296,42.69859056,135.21220344,0.00075
no-flow,opening-drive-6b2d0d44911cdd76d4,1701335460000000000,O-20231130-091100-09-000-329,2,37604.8,4.195,28.39538448,89.91871752000002,0.00075
no-flow,opening-drive-6b2d0d44911cdd76d4,1701335820000000000,O-20231130-091100-09-000-330,1,37675.7,4.195,28.44892107,90.088250055,0.00075
no-flow,opening-drive-f466ecfd55845e916a,1702202220000000000,O-20231210-095700-09-000-332,2,43666.0,4.445,34.9371666,110.63436090000003,0.00075
no-flow,opening-drive-f466ecfd55845e916a,1702204260000000000,O-20231210-095700-09-000-333,1,43717.100000000006,4.445,34.97805171,110.76383041500002,0.00075
no-flow,opening-drive-52bff07ef4b24510ba,1702256940000000000,O-20231211-010900-09-000-335,2,43408.5,2.368,18.50243904,58.591056959999996,0.00075
no-flow,opening-drive-52bff07ef4b24510ba,1702260420000000000,O-20231211-010900-09-000-337,1,43005.8,2.368,20.36754688,56.010753920000006,0.00075
no-flow,opening-drive-dd675cf30ae7f2cdea,1702777740000000000,O-20231217-014900-09-000-338,2,42031.7,3.487,26.38161682,83.541786605,0.00075
no-flow,opening-drive-dd675cf30ae7f2cdea,1702778820000000000,O-20231217-014900-09-000-339,1,42119.6,3.487,26.43678814,83.71649576,0.00075
no-flow,opening-drive-67027f306e72562992,1702801080000000000,O-20231217-081800-09-000-341,2,41734.3,4.861,36.51667781,115.63614641500001,0.00075
no-flow,opening-drive-67027f306e72562992,1702801380000000000,O-20231217-081800-09-000-342,1,41776.8,4.861,36.55386446,115.75390414000002,0.00075
no-flow,opening-drive-6cdcbf8c921718b0aa,1703147340000000000,O-20231221-082900-09-000-344,1,43970.0,4.199,33.2334054,105.2391171,0.00075
no-flow,opening-drive-6cdcbf8c921718b0aa,1703147820000000000,O-20231221-082900-09-000-345,2,43917.9,4.199,33.19402718,105.114419395,0.00075
no-flow,opening-drive-04a7b7dbf06918690c,1703926200000000000,O-20231230-085000-09-000-347,2,41745.5,2.737,20.56633803,65.126737095,0.00075
no-flow,opening-drive-04a7b7dbf06918690c,1703934120000000000,O-20231230-085000-09-000-348,1,41858.4,2.737,20.62195934,65.30287126000002,0.00075
no-flow,opening-drive-11fc1171d6e0dca7cb,1703952780000000000,O-20231230-161300-09-000-350,1,42529.7,3.524,26.9774393,85.4285578,0.00075
no-flow,opening-drive-11fc1171d6e0dca7cb,1703954700000000000,O-20231230-161300-09-000-351,2,42461.100000000006,3.524,26.93392495,85.29076235000001,0.00075
no-flow,opening-drive-8086b65b0e6588d3e6,1704014700000000000,O-20231231-092500-09-000-353,1,42818.1,2.893,22.29709739,70.60747508499999,0.00075
no-flow,opening-drive-8086b65b0e6588d3e6,1704016320000000000,O-20231231-092500-09-000-354,2,42725.9,2.893,22.24908517,70.455436355,0.00075
no-flow,opening-drive-206524cc422f7e1f00,1704736800000000000,O-20240108-180000-09-000-356,1,45643.0,1.495,12.2825313,38.89468245,0.00075
no-flow,opening-drive-206524cc422f7e1f00,1704741180000000000,O-20240108-180000-09-000-358,2,47250.3,1.495,14.1278397,38.85155917500001,0.00075
no-flow,opening-drive-1a4716072ed6cba9aa,1705051740000000000,O-20240112-092900-09-000-359,2,45623.8,3.079,25.28562244,80.07113771000002,0.00075
no-flow,opening-drive-1a4716072ed6cba9aa,1705051920000000000,O-20240112-092900-09-000-360,1,45720.2,3.079,25.33904924,80.24032261,0.00075
no-flow,opening-drive-bf21e7529d74e78993,1706343480000000000,O-20240127-081800-09-000-362,2,41552.5,4.654,34.8093603,110.22964094999999,0.00075
no-flow,opening-drive-bf21e7529d74e78993,1706343900000000000,O-20240127-081800-09-000-363,1,41596.0,4.654,34.84580112,110.34503687999998,0.00075
no-flow,opening-drive-74606477b84e16c458,1707150540000000000,O-20240205-162900-09-000-365,2,42516.899999999994,3.514,26.89278959,85.16050035999999,0.00075
no-flow,opening-drive-74606477b84e16c458,1707150660000000000,O-20240205-162900-09-000-366,1,42589.0,3.514,26.93839428,85.30491521999998,0.00075
no-flow,opening-drive-51ed7ddbf72e5cd024,1707207420000000000,O-20240206-081700-09-000-368,1,43028.2,2.988,23.14228709,73.28390911,0.00075
no-flow,opening-drive-51ed7ddbf72e5cd024,1707207960000000000,O-20240206-081700-09-000-369,2,42937.6,2.988,23.09355878,73.12960281999999,0.00075
no-flow,opening-drive-8b91849a46979e681d,1707469080000000000,O-20240209-085800-09-000-371,1,46537.6,2.452,20.53983514,65.04281126,0.00075
no-flow,opening-drive-8b91849a46979e681d,1707479880000000000,O-20240209-115800-09-000-374,2,47107.299999999996,2.452,20.79127793,65.83904677,0.00075
no-flow,opening-drive-57cb3d976d164e319e,1707758880000000000,O-20240212-172800-09-000-375,1,50176.1,1.639,14.80295302,46.876017905,0.00075
no-flow,opening-drive-57cb3d976d164e319e,1707759660000000000,O-20240212-172800-09-000-376,2,49954.6,1.639,14.73760609,46.66908596,0.00075
no-flow,opening-drive-896057c44b8e0df703,1708159020000000000,O-20240217-083700-09-000-378,2,51783.0,3.813,35.54074422,112.54569002999999,0.00075
no-flow,opening-drive-896057c44b8e0df703,1708159380000000000,O-20240217-083700-09-000-379,1,51829.0,3.813,35.57231586,112.64566689,0.00075
no-flow,opening-drive-04ebc5ed7e17b93aba,1708249320000000000,O-20240218-094200-09-000-381,1,51941.9,2.528,23.63564218,74.84620022000001,0.00075
no-flow,opening-drive-04ebc5ed7e17b93aba,1708252380000000000,O-20240218-094200-09-000-382,2,51838.8,2.528,23.58872755,74.69763725,0.00075
no-flow,opening-drive-f3f03017d738126145,1708507740000000000,O-20240221-092900-09-000-384,2,51382.899999999994,2.061,19.06202824,60.36308943499999,0.00075
no-flow,opening-drive-f3f03017d738126145,1708517280000000000,O-20240221-092900-09-000-386,1,50617.7,2.061,20.86461594,57.37769383499999,0.00075
no-flow,opening-drive-df857d090dfe869b1c,1708793820000000000,O-20240224-165700-09-000-387,1,51219.4,4.945,45.59038794,144.36956181,0.00075
no-flow,opening-drive-df857d090dfe869b1c,1708793820000000000,O-20240224-165700-09-000-387,1,51219.5,0.288,2.65521888,8.408193119999998,0.00075
no-flow,opening-drive-df857d090dfe869b1c,1708795860000000000,O-20240224-165700-09-000-389,2,51443.4,5.233,53.84066244,148.06182171,0.00075
no-flow,opening-drive-8df2f914892eb9009c,1708937520000000000,O-20240226-085200-09-000-390,2,51296.0,4.961,45.80630208,145.05328992,0.00075
no-flow,opening-drive-8df2f914892eb9009c,1708937700000000000,O-20240226-085200-09-000-391,1,51321.7,4.961,45.82925167,145.125963605,0.00075
no-flow,opening-drive-f8eeca15ed9311d933,1709657100000000000,O-20240305-164500-09-000-393,2,65208.600000000006,0.935,10.97460738,34.75292337000001,0.00075
no-flow,opening-drive-f8eeca15ed9311d933,1709661480000000000,O-20240305-164500-09-000-394,1,65638.59999999999,0.935,11.04697638,34.98209187,0.00075
no-flow,opening-drive-d121b85ea4811f696c,1709914320000000000,O-20240308-161200-09-000-396,2,66541.6,0.703,8.42017406,26.66388454,0.00075
no-flow,opening-drive-d121b85ea4811f696c,1709914980000000000,O-20240308-161200-09-000-397,1,67122.8,0.703,8.49371911,26.896777189999998,0.00075
no-flow,opening-drive-33bfdda6df05f133ff,1710148560000000000,O-20240311-091600-09-000-399,1,71674.59999999999,1.813,23.39028896,74.06924838999998,0.00075
no-flow,opening-drive-33bfdda6df05f133ff,1710148620000000000,O-20240311-091600-09-000-400,2,71525.6,1.813,23.3416643,73.9152703,0.00075
no-flow,opening-drive-90ac2adf78018b5594,1710294780000000000,O-20240313-015300-09-000-402,1,72056.3,1.713,22.21783954,70.356491885,0.00075
no-flow,opening-drive-90ac2adf78018b5594,1710305580000000000,O-20240313-045300-09-000-405,2,72249.1,1.713,22.27728749,70.54474373500001,0.00075
no-flow,opening-drive-f70a26a88be77d887b,1710318480000000000,O-20240313-082800-09-000-406,1,73672.2,0.944,12.51838022,39.64153737999999,0.00075
no-flow,opening-drive-f70a26a88be77d887b,1710323340000000000,O-20240313-082800-09-000-407,2,73300.4,0.944,12.45520397,39.44147923,0.00075
no-flow,opening-drive-29f4ff0a302801d5ee,1710696360000000000,O-20240317-172600-09-000-409,1,68292.3,2.178,26.77331329,84.78215876,0.00075
no-flow,opening-drive-29f4ff0a302801d5ee,1710696780000000000,O-20240317-172600-09-000-410,2,68191.8,2.178,26.73391327,84.65739203000001,0.00075
no-flow,opening-drive-2ecef49cf20d3c5eaa,1710838500000000000,O-20240319-085500-09-000-412,2,63315.5,0.757,8.62737003,27.320005095,0.00075
no-flow,opening-drive-2ecef49cf20d3c5eaa,1710839700000000000,O-20240319-085500-09-000-413,1,63785.6,0.757,8.69142586,27.522848540000002,0.00075
no-flow,opening-drive-dcb0f215b48c53c4c9,1710867780000000000,O-20240319-170300-09-000-415,1,65185.9,0.76,8.91743112,28.23853188,0.00075
no-flow,opening-drive-dcb0f215b48c53c4c9,1710870660000000000,O-20240319-170300-09-000-416,2,64736.700000000004,0.76,8.85598056,28.04393844,0.00075
no-flow,opening-drive-23c719964250701d22,1711043760000000000,O-20240321-175600-09-000-418,2,65800.09999999999,0.959,11.35841326,35.968308664999995,0.00075
no-flow,opening-drive-23c719964250701d22,1711054560000000000,O-20240321-205600-09-000-421,1,65434.1,0.959,11.29523434,35.768242085,0.00075
no-flow,opening-drive-371fe819d9b5175cbc,1711530360000000000,O-20240327-090600-09-000-422,2,69526.59999999999,1.495,18.70960806,59.24709219,0.00075
no-flow,opening-drive-371fe819d9b5175cbc,1711530420000000000,O-20240327-090600-09-000-423,1,69696.9,1.495,18.75543579,59.392213335,0.00075
no-flow,opening-drive-a2a626d49604482f1d,1712563920000000000,O-20240408-081200-09-000-425,1,71083.90000000001,1.284,16.42891097,52.024884730000004,0.00075
no-flow,opening-drive-a2a626d49604482f1d,1712574720000000000,O-20240408-111200-09-000-428,2,72330.4,1.284,16.71700205,52.93717314999999,0.00075
no-flow,opening-drive-90e9e5499a460333ed,1712768340000000000,O-20240410-165900-09-000-429,1,69560.3,1.453,18.19280086,57.610536065000005,0.00075
no-flow,opening-drive-90e9e5499a460333ed,1712768700000000000,O-20240410-165900-09-000-430,2,69360.09999999999,1.453,18.14044055,57.444728424999994,0.00075
no-flow,opening-drive-5ecdd0ad14a678a7f4,1712938620000000000,O-20240412-161700-09-000-432,2,69150.09999999999,1.841,22.91496014,72.56404043499998,0.00075
no-flow,opening-drive-5ecdd0ad14a678a7f4,1712942940000000000,O-20240412-161700-09-000-434,1,67495.1,1.841,24.85169582,68.34216350500002,0.00075
no-flow,opening-drive-06c87b73559cf49f0a,1713203100000000000,O-20240415-174500-09-000-435,2,63680.1,2.23,25.56119214,80.94377510999999,0.00075
no-flow,opening-drive-06c87b73559cf49f0a,1713203160000000000,O-20240415-174500-09-000-436,1,63815.299999999996,2.23,25.61546142,81.11562782999998,0.00075
no-flow,opening-drive-52ef9a9d22ae84dd11,1713489660000000000,O-20240419-012100-09-000-438,2,61932.700000000004,1.093,12.1846394,38.584691424999995,0.00075
no-flow,opening-drive-52ef9a9d22ae84dd11,1713491340000000000,O-20240419-012100-09-000-440,1,60679.299999999996,1.093,13.26449498,36.477361194999986,0.00075
no-flow,opening-drive-d83fc508aec213ef25,1714494420000000000,O-20240430-162700-09-000-441,2,60305.299999999996,1.696,18.41000198,58.29833962,0.00075
no-flow,opening-drive-d83fc508aec213ef25,1714495920000000000,O-20240430-162700-09-000-442,1,60531.5,1.696,18.47905632,58.517011679999996,0.00075
no-flow,opening-drive-a57eedd1fadb057beb,1714872420000000000,O-20240505-012700-09-000-444,2,63144.99999999999,2.223,25.2668403,80.01166094999998,0.00075
no-flow,opening-drive-a57eedd1fadb057beb,1714872540000000000,O-20240505-012700-09-000-445,1,63284.700000000004,2.223,25.32273986,80.18867621500002,0.00075
no-flow,opening-drive-f0cc90652647431d4a,1715587800000000000,O-20240513-081000-09-000-447,1,62560.19999999999,1.872,21.08028499,66.75423581,0.00075
no-flow,opening-drive-f0cc90652647431d4a,1715596680000000000,O-20240513-081000-09-000-448,2,62383.80000000001,1.872,21.02084525,66.56600995000001,0.00075
no-flow,opening-drive-c413be12658d6f8e23,1716974460000000000,O-20240529-092100-09-000-450,2,67850.0,2.119,25.879347,81.95126550000002,0.00075
no-flow,opening-drive-c413be12658d6f8e23,1716976140000000000,O-20240529-092100-09-000-451,1,67979.6,2.119,25.92877903,82.10780027000003,0.00075
no-flow,opening-drive-85f121475fae801178,1717517880000000000,O-20240604-161800-09-000-453,1,70737.0,1.587,20.20673142,63.98798282999999,0.00075
no-flow,opening-drive-85f121475fae801178,1717522140000000000,O-20240604-161800-09-000-454,2,70543.2,1.587,20.15137051,63.81267329,0.00075
no-flow,opening-drive-ebcb707aab4630ce7c,1717523460000000000,O-20240604-175100-09-000-456,1,70665.90000000001,2.139,27.20778482,86.157985255,0.00075
no-flow,opening-drive-ebcb707aab4630ce7c,1717528140000000000,O-20240604-175100-09-000-457,2,70556.0,2.139,27.16547112,86.02399187999998,0.00075
no-flow,opening-drive-99a6b124153a802382,1718381340000000000,O-20240614-160900-09-000-459,2,66118.9,1.34,15.94787868,50.50161582,0.00075
no-flow,opening-drive-99a6b124153a802382,1718382600000000000,O-20240614-160900-09-000-461,1,65302.5,1.34,17.50107,48.1279425,0.00075
no-flow,opening-drive-28f762d3083d82284f,1718588460000000000,O-20240617-014100-09-000-462,2,66357.2,2.642,31.55683003,99.92996176999999,0.00075
no-flow,opening-drive-28f762d3083d82284f,1718589000000000000,O-20240617-014100-09-000-463,1,66438.0,2.642,31.59525528,100.05164171999999,0.00075
no-flow,opening-drive-9811e7c76c2a56cdd4,1719391020000000000,O-20240626-083700-09-000-465,2,61426.700000000004,2.721,30.08556913,95.27096889500001,0.00075
no-flow,opening-drive-9811e7c76c2a56cdd4,1719391320000000000,O-20240626-083700-09-000-466,1,61504.4,2.721,30.12362503,95.39147926999999,0.00075
no-flow,opening-drive-2f4ee036af7828debb,1719423720000000000,O-20240626-174200-09-000-468,2,60959.7,1.606,17.62223008,55.80372857,0.00075
no-flow,opening-drive-2f4ee036af7828debb,1719424680000000000,O-20240626-174200-09-000-469,1,61147.299999999996,1.606,17.67646148,55.975461370000005,0.00075
no-flow,opening-drive-70457daebba0d74a4f,1719998460000000000,O-20240703-092100-09-000-471,2,60525.299999999996,2.516,27.41069786,86.80054324,0.00075
no-flow,opening-drive-70457daebba0d74a4f,1719998760000000000,O-20240703-092100-09-000-472,1,60607.299999999996,2.516,27.44783402,86.91814108,0.00075
no-flow,opening-drive-1bc6bc6674e71b926d,1720058040000000000,O-20240704-015400-09-000-474,2,59087.6,1.295,13.77331956,43.61551194,0.00075
no-flow,opening-drive-1bc6bc6674e71b926d,1720058460000000000,O-20240704-015400-09-000-476,1,57945.6,1.295,15.0079104,41.271753600000004,0.00075
no-flow,opening-drive-8e3f3286a7f182ae38,1720426560000000000,O-20240708-081600-09-000-477,1,56375.6,0.988,10.0258367,31.748482900000003,0.00075
no-flow,opening-drive-8e3f3286a7f182ae38,1720428600000000000,O-20240708-081600-09-000-479,2,57754.899999999994,0.988,11.41236824,31.38401266,0.00075
no-flow,opening-drive-ee2103eed9bb618a4a,1721006280000000000,O-20240715-011800-09-000-480,1,61699.100000000006,1.299,14.42648356,45.68386461500001,0.00075
no-flow,opening-drive-ee2103eed9bb618a4a,1721007000000000000,O-20240715-011800-09-000-481,2,61405.7,1.299,14.35788077,45.46662245499999,0.00075
no-flow,opening-drive-8367cdeae486048d00,1721638860000000000,O-20240722-090100-09-000-483,2,66971.90000000001,2.091,25.20688372,79.82179845500004,0.00075
no-flow,opening-drive-8367cdeae486048d00,1721639040000000000,O-20240722-090100-09-000-484,1,67103.90000000001,2.091,25.25656588,79.97912529500002,0.00075
no-flow,opening-drive-fcdfdf9beed4e6f3aa,1722534060000000000,O-20240801-174100-09-000-486,2,62383.299999999996,1.289,14.47417327,45.834882005,0.00075
no-flow,opening-drive-fcdfdf9beed4e6f3aa,1722534660000000000,O-20240801-174100-09-000-487,1,62655.2,1.289,14.5372595,46.03465509999999,0.00075
no-flow,opening-drive-9eb8ce4af54056a910,1722705420000000000,O-20240803-171700-09-000-489,2,60591.100000000006,1.464,15.96696667,50.562061130000004,0.00075
no-flow,opening-drive-9eb8ce4af54056a910,1722706020000000000,O-20240803-171700-09-000-490,1,60812.5,1.464,16.02531,50.746815,0.00075
no-flow,opening-drive-c5d5ab89130e547e23,1722790440000000000,O-20240804-165400-09-000-492,2,58800.0,1.992,21.083328,66.763872,0.00075
no-flow,opening-drive-c5d5ab89130e547e23,1722798780000000000,O-20240804-165400-09-000-493,1,58934.5,1.992,21.13155432,66.91658868,0.00075
no-flow,opening-drive-adb1698bcdb27642b7,1722963300000000000,O-20240806-165500-09-000-495,1,56854.4,1.23,12.58756416,39.86061984,0.00075
no-flow,opening-drive-adb1698bcdb27642b7,1722965640000000000,O-20240806-165500-09-000-496,2,56589.5,1.23,12.5289153,39.67489844999999,0.00075
no-flow,opening-drive-077c327b02ed8edf3d,1722990300000000000,O-20240807-002500-09-000-498,2,55699.9,1.831,18.35757304,58.13231463500001,0.00075
no-flow,opening-drive-077c327b02ed8edf3d,1722990420000000000,O-20240807-002500-09-000-499,1,55844.3,1.831,18.40516439,58.283020585,0.00075
no-flow,opening-drive-a7eb01e60f516ef922,1723021380000000000,O-20240807-090300-09-000-501,1,57473.4,1.273,13.16945488,41.703273769999996,0.00075
no-flow,opening-drive-a7eb01e60f516ef922,1723021860000000000,O-20240807-090300-09-000-502,2,57241.4,1.273,13.1162944,41.53493224999999,0.00075
no-flow,opening-drive-c7341aa921ecd78c44,1723022460000000000,O-20240807-092100-09-000-504,1,57434.5,1.333,13.78083393,43.639307445,0.00075
no-flow,opening-drive-c7341aa921ecd78c44,1723025160000000000,O-20240807-092100-09-000-505,2,57225.9,1.333,13.73078245,43.480811075,0.00075
no-flow,opening-drive-0974def76d2e9dde51,1723133520000000000,O-20240808-161200-09-000-507,1,59777.9,0.98,10.54482156,33.39193494,0.00075
no-flow,opening-drive-0974def76d2e9dde51,1723134720000000000,O-20240808-161200-09-000-508,2,59478.5,0.98,10.4920074,33.2246901,0.00075
no-flow,opening-drive-8b09b596ecfadee6f3,1724029560000000000,O-20240819-010600-09-000-510,2,58279.6,2.222,23.30950882,73.81344457999998,0.00075
no-flow,opening-drive-8b09b596ecfadee6f3,1724029740000000000,O-20240819-010600-09-000-511,1,58358.5,2.222,23.34106566,73.91337459,0.00075
no-flow,opening-drive-4d1a390777d13bac76,1724374920000000000,O-20240823-010200-09-000-513,1,60749.100000000006,2.083,22.77726755,72.12801392500003,0.00075
no-flow,opening-drive-4d1a390777d13bac76,1724376600000000000,O-20240823-010200-09-000-514,2,60668.0,2.083,22.74685992,72.03172308000002,0.00075
no-flow,opening-drive-6112a83d3e24880a2e,1725411600000000000,O-20240904-010000-09-000-516,2,57105.100000000006,1.131,11.62545626,36.813944815000006,0.00075
no-flow,opening-drive-6112a83d3e24880a2e,1725411720000000000,O-20240904-010000-09-000-518,1,56390.0,1.131,12.755418,35.077399500000006,0.00075
no-flow,opening-drive-f34de023bf06601ad3,1726449240000000000,O-20240916-011400-09-000-519,2,58543.299999999996,1.8,18.9680292,60.06542579999999,0.00075
no-flow,opening-drive-f34de023bf06601ad3,1726449840000000000,O-20240916-011400-09-000-520,1,58660.4,1.8,19.0059696,60.185570399999996,0.00075
no-flow,opening-drive-aeb98250cb002599f6,1726450680000000000,O-20240916-013800-09-000-522,2,58400.2,0.984,10.34384342,32.755504179999996,0.00075
no-flow,opening-drive-aeb98250cb002599f6,1726451220000000000,O-20240916-013800-09-000-523,1,58676.2,0.984,10.39272854,32.91030706,0.00075
no-flow,opening-drive-e92ee3f75d4d32be62,1726997160000000000,O-20240922-092600-09-000-525,2,62760.0,2.519,28.4566392,90.1126908,0.00075
no-flow,opening-drive-e92ee3f75d4d32be62,1726997580000000000,O-20240922-092600-09-000-526,1,62803.7,2.519,28.47645365,90.17543657499999,0.00075
no-flow,opening-drive-88ea68c6ce55f3040d,1727314620000000000,O-20240926-013700-09-000-528,2,62707.7,1.111,12.54028585,39.710905174999986,0.00075
no-flow,opening-drive-88ea68c6ce55f3040d,1727314980000000000,O-20240926-013700-09-000-529,1,62916.600000000006,1.111,12.58206167,39.84319528,0.00075
no-flow,opening-drive-5b354183cd96d9ab4f,1727655540000000000,O-20240930-001900-09-000-531,2,65446.0,2.159,25.43362452,80.53981097999998,0.00075
no-flow,opening-drive-5b354183cd96d9ab4f,1727658360000000000,O-20240930-001900-09-000-532,1,65499.100000000006,2.159,25.45426024,80.605157435,0.00075
no-flow,opening-drive-ac854c53157ecaab08,1727687580000000000,O-20240930-091300-09-000-534,2,64043.7,1.529,17.62610711,55.816005864999994,0.00075
no-flow,opening-drive-ac854c53157ecaab08,1727698380000000000,O-20240930-121300-09-000-537,1,63766.0,1.529,17.54967852,55.57398197999999,0.00075
no-flow,opening-drive-7a6837779e759be9a6,1727944260000000000,O-20241003-083100-09-000-538,2,60213.799999999996,0.826,8.95258778,28.34986132,0.00075
no-flow,opening-drive-7a6837779e759be9a6,1727947260000000000,O-20241003-083100-09-000-539,1,60517.100000000006,0.826,8.99768243,28.492661020000007,0.00075
no-flow,opening-drive-a17317662d0ac9a1f2,1728147000000000000,O-20241005-165000-09-000-541,2,62020.0,2.665,29.750994,94.21148099999999,0.00075
no-flow,opening-drive-a17317662d0ac9a1f2,1728157620000000000,O-20241005-165000-09-000-543,1,61742.0,2.665,32.908486,90.49833649999998,0.00075
no-flow,opening-drive-abb744103cd3c7f1a3,1728579600000000000,O-20241010-170000-09-000-544,2,60277.7,1.408,15.27678029,48.376470909999995,0.00075
no-flow,opening-drive-abb744103cd3c7f1a3,1728579780000000000,O-20241010-170000-09-000-545,1,60421.799999999996,1.408,15.31330099,48.49211980999999,0.00075
no-flow,opening-drive-d8c1a61f031d28033f,1728899160000000000,O-20241014-094600-09-000-547,1,64752.0,1.785,20.8048176,65.8819224,0.00075
no-flow,opening-drive-d8c1a61f031d28033f,1728909960000000000,O-20241014-124600-09-000-550,2,64868.3,1.785,20.84218479,66.000251835,0.00075
no-flow,opening-drive-62ce168048d561bc7a,1729215840000000000,O-20241018-014400-09-000-551,1,67751.0,1.116,13.60982088,43.09776612000001,0.00075
no-flow,opening-drive-62ce168048d561bc7a,1729223820000000000,O-20241018-014400-09-000-552,2,67564.5,1.116,13.57235676,42.97912974,0.00075
no-flow,opening-drive-956983b1447bab6308,1729703160000000000,O-20241023-170600-09-000-554,2,65753.40000000001,1.232,14.58147398,46.17466762000001,0.00075
no-flow,opening-drive-956983b1447bab6308,1729704240000000000,O-20241023-170600-09-000-555,1,65907.7,1.232,14.61569155,46.28302325,0.00075
no-flow,opening-drive-8fe0f17a8a434b638e,1730220300000000000,O-20241029-164500-09-000-557,1,72674.7,0.984,12.87214286,40.76178573999999,0.00075
no-flow,opening-drive-8fe0f17a8a434b638e,1730231100000000000,O-20241029-194500-09-000-560,2,72662.20000000001,0.984,12.86992886,40.75477474000001,0.00075
no-flow,opening-drive-3bde01b3c0b20c778c,1730393760000000000,O-20241031-165600-09-000-561,2,70411.0,1.798,22.78781604,72.16141746,0.00075
no-flow,opening-drive-3bde01b3c0b20c778c,1730393940000000000,O-20241031-165600-09-000-562,1,70471.6,1.798,22.80742862,72.22352398000001,0.00075
no-flow,opening-drive-6832a085e9c3dba570,1730426220000000000,O-20241101-015700-09-000-564,2,69350.0,0.613,7.652079,24.231583499999996,0.00075
no-flow,opening-drive-6832a085e9c3dba570,1730431500000000000,O-20241101-015700-09-000-565,1,69718.8,0.613,7.69277239,24.36044591,0.00075
no-flow,opening-drive-827cab9a3a1f27cb22,1730853360000000000,O-20241106-003600-09-000-567,1,70906.5,0.501,6.39434817,20.248769205,0.00075
no-flow,opening-drive-827cab9a3a1f27cb22,1730860140000000000,O-20241106-003600-09-000-569,2,72424.8,0.501,7.25696496,19.956653640000003,0.00075
no-flow,opening-drive-d2b5ec7d12ec3707d7,1730999940000000000,O-20241107-171900-09-000-570,1,76236.3,1.117,15.32807048,48.538889845000014,0.00075
no-flow,opening-drive-d2b5ec7d12ec3707d7,1731000060000000000,O-20241107-171900-09-000-571,2,76079.8,1.117,15.29660459,48.43924786,0.00075
no-flow,opening-drive-4ddba257958cb34001,1731168960000000000,O-20241109-161600-09-000-573,2,76205.0,1.761,24.1554609,76.49229285,0.00075
no-flow,opening-drive-4ddba257958cb34001,1731172620000000000,O-20241109-161600-09-000-575,1,75775.0,1.761,26.687955,73.39187625,0.00075
no-flow,opening-drive-a7a3f29a8ceec993aa,1731341160000000000,O-20241111-160600-09-000-576,1,84704.3,0.63,9.60546762,30.41731413,0.00075
no-flow,opening-drive-a7a3f29a8ceec993aa,1731342480000000000,O-20241111-160600-09-000-577,2,84339.4,0.63,9.56408796,30.286278539999998,0.00075
no-flow,opening-drive-08aa4424eedd5f24a7,1732090560000000000,O-20241120-081600-09-000-579,1,93046.5,0.926,15.50899062,49.111803630000004,0.00075
no-flow,opening-drive-08aa4424eedd5f24a7,1732091160000000000,O-20241120-081600-09-000-580,2,92861.2,0.926,15.47810482,49.013998580000006,0.00075
no-flow,opening-drive-ec468671f4ee444ac0,1732609800000000000,O-20241126-083000-09-000-582,2,92567.0,0.706,11.76341436,37.250812139999994,0.00075
no-flow,opening-drive-ec468671f4ee444ac0,1732610520000000000,O-20241126-083000-09-000-583,1,92841.2,0.706,11.7982597,37.361155700000005,0.00075
no-flow,opening-drive-11928698b341290165,1732638480000000000,O-20241126-162800-09-000-585,1,94094.8,0.624,10.56872794,33.467638459999996,0.00075
no-flow,opening-drive-11928698b341290165,1732640640000000000,O-20241126-162800-09-000-586,2,93782.4,0.624,10.53363917,33.356524029999996,0.00075
no-flow,opening-drive-a118ae7b0497194775,1732929600000000000,O-20241130-012000-09-000-588,2,96788.0,1.032,17.97933888,56.934573119999996,0.00075
no-flow,opening-drive-a118ae7b0497194775,1732930560000000000,O-20241130-012000-09-000-589,1,96908.6,1.032,18.00174154,57.005514860000005,0.00075
no-flow,opening-drive-2b3158d7a7f6f1bb4a,1733041200000000000,O-20241201-082000-09-000-591,1,96863.1,0.986,17.19126299,54.438999460000005,0.00075
no-flow,opening-drive-2b3158d7a7f6f1bb4a,1733049300000000000,O-20241201-082000-09-000-592,2,96738.09999999999,0.986,17.16907799,54.36874695999999,0.00075
no-flow,opening-drive-bb731d4c57aeafce00,1733301960000000000,O-20241204-084600-09-000-594,1,96835.1,1.355,23.61808089,74.790589485,0.00075
no-flow,opening-drive-bb731d4c57aeafce00,1733302260000000000,O-20241204-084600-09-000-595,2,96789.6,1.355,23.60698344,74.75544756,0.00075
no-flow,opening-drive-993ea535a3542a87cc,1733329020000000000,O-20241204-161700-09-000-597,2,95190.0,0.58,9.937836,31.469813999999996,0.00075
no-flow,opening-drive-993ea535a3542a87cc,1733334660000000000,O-20241204-161700-09-000-598,1,95479.1,0.58,9.96801804,31.565390459999996,0.00075
no-flow,opening-drive-e88f57a589ad5ee9d1,1733647200000000000,O-20241208-084000-09-000-600,2,99282.5,0.934,16.6913739,52.856017350000016,0.00075
no-flow,opening-drive-e88f57a589ad5ee9d1,1733647920000000000,O-20241208-084000-09-000-601,1,99393.7,0.934,16.71006884,52.915218010000004,0.00075
no-flow,opening-drive-54eb5b06586e94960a,1734365820000000000,O-20241216-161700-09-000-603,1,106769.5,0.492,9.45550692,29.942438579999997,0.00075
no-flow,opening-drive-54eb5b06586e94960a,1734367620000000000,O-20241216-161700-09-000-604,2,106450.7,0.492,9.42727399,29.853034309999998,0.00075
no-flow,opening-drive-ff60a68a76e07894f9,1734424680000000000,O-20241217-083800-09-000-606,1,107374.20000000001,0.517,9.99224305,31.64210300000001,0.00075
no-flow,opening-drive-ff60a68a76e07894f9,1734427260000000000,O-20241217-083800-09-000-607,2,107093.1,0.517,9.96608389,31.559265635000003,0.00075
no-flow,opening-drive-0e1fcf3acb5b63bc1d,1734538920000000000,O-20241218-162200-09-000-609,2,103399.90000000001,0.536,9.97602235,31.590737450000006,0.00075
no-flow,opening-drive-0e1fcf3acb5b63bc1d,1734539280000000000,O-20241218-162200-09-000-610,1,103658.59999999999,0.536,10.00098173,31.66977547,0.00075
no-flow,opening-drive-89caef59a861f2ec4f,1734598140000000000,O-20241219-084900-09-000-612,1,101800.0,0.812,14.879088,47.117112,0.00075
no-flow,opening-drive-89caef59a861f2ec4f,1734598320000000000,O-20241219-084900-09-000-613,2,101687.6,0.812,14.86265962,47.06508878000002,0.00075
no-flow,opening-drive-86ac9ae81b1e1bc607,1734629760000000000,O-20241219-173600-09-000-615,2,99116.9,0.406,7.24346305,22.937633,0.00075
no-flow,opening-drive-86ac9ae81b1e1bc607,1734639060000000000,O-20241219-173600-09-000-617,1,96153.3,0.406,7.80764796,21.471031890000003,0.00075
no-flow,opening-drive-7552b7a608f409a8ce,1734684720000000000,O-20241220-085200-09-000-618,2,95510.09999999999,0.405,6.96268629,22.048506585,0.00075
no-flow,opening-drive-7552b7a608f409a8ce,1734693780000000000,O-20241220-085200-09-000-620,1,93650.8,0.405,7.5857148,20.8607157,0.00075
no-flow,opening-drive-b1f539518310f7ad1a,1734971100000000000,O-20241223-162500-09-000-621,2,92927.8,0.923,15.43902469,48.89024486,0.00075
no-flow,opening-drive-b1f539518310f7ad1a,1734971160000000000,O-20241223-162500-09-000-622,1,93074.20000000001,0.923,15.46334759,48.967267360000015,0.00075
no-flow,opening-drive-64d86e67ff0c58fdd0,1735059360000000000,O-20241224-165600-09-000-624,1,98463.5,0.675,11.96331525,37.883831625,0.00075
no-flow,opening-drive-64d86e67ff0c58fdd0,1735068480000000000,O-20241224-165600-09-000-625,2,98231.7,0.675,11.93515155,37.794646575,0.00075
no-pullback,opening-drive-859f4bc71e5d78ea1d,1641058800000000000,O-20220101-174000-09-000-1,1,47727.9,9.513,81.72639229,258.80024223500004,0.00075
no-pullback,opening-drive-859f4bc71e5d78ea1d,1641062040000000000,O-20220101-174000-09-000-2,2,47484.0,9.513,81.30875256,257.47771644,0.00075
no-pullback,opening-drive-3284f084c2c1ff38a7,1641141300000000000,O-20220102-163500-09-000-4,1,47576.899999999994,19.066,163.27821157,517.0476699799999,0.00075
no-pullback,opening-drive-3284f084c2c1ff38a7,1641143760000000000,O-20220102-163500-09-000-5,2,47495.6,19.066,162.99919973,516.16413247,0.00075
no-pullback,opening-drive-044e5e9fa677c3531d,1641143880000000000,O-20220102-171800-09-000-7,1,47565.0,19.434,166.3880778,526.8955797,0.00075
no-pullback,opening-drive-044e5e9fa677c3531d,1641145740000000000,O-20220102-171800-09-000-8,2,47491.100000000006,19.434,166.12956673,526.0769613200001,0.00075
no-pullback,opening-drive-b2ca986bc77056b47a,1641226620000000000,O-20220103-161700-09-000-10,2,46521.0,23.62,197.7886836,626.3308314,0.00075
no-pullback,opening-drive-b2ca986bc77056b47a,1641229440000000000,O-20220103-161700-09-000-11,1,46567.100000000006,23.62,197.98468236,626.9514941400002,0.00075
no-pullback,opening-drive-f9a0b2ea00949bc658,1641229800000000000,O-20220103-171000-09-000-13,2,46555.4,23.838,199.76177254,632.5789463600001,0.00075
no-pullback,opening-drive-f9a0b2ea00949bc658,1641229800000000000,O-20220103-171000-09-000-13,2,46555.299999999996,9.441,79.11514571,250.531294765,0.00075
no-pullback,opening-drive-f9a0b2ea00949bc658,1641229860000000000,O-20220103-171000-09-000-14,1,46565.299999999996,24.178,202.65404821,641.73781934,0.00075
no-pullback,opening-drive-f9a0b2ea00949bc658,1641229860000000000,O-20220103-171000-09-000-14,1,46565.4,9.101,76.28250697,241.56127208,0.00075
no-pullback,opening-drive-4d15cfeca4ac7bee01,1641230220000000000,O-20220103-171700-09-000-16,2,46445.2,13.597,113.67276919,359.96376911000004,0.00075
no-pullback,opening-drive-4d15cfeca4ac7bee01,1641230820000000000,O-20220103-171700-09-000-17,1,46564.899999999994,13.597,113.96573015,360.8914788249999,0.00075
no-pullback,opening-drive-5c0353b235c0c89551,1641283620000000000,O-20220104-080700-09-000-19,1,46626.3,16.719,140.31811975,444.34071252500013,0.00075
no-pullback,opening-drive-5c0353b235c0c89551,1641284400000000000,O-20220104-080700-09-000-20,2,46546.700000000004,16.719,140.07856991,443.58213806500004,0.00075
no-pullback,opening-drive-818fd82ffd748beab4,1641285660000000000,O-20220104-084100-09-000-22,1,46564.4,11.311,94.80418711,300.21325919,0.00075
no-pullback,opening-drive-818fd82ffd748beab4,1641285660000000000,O-20220104-084100-09-000-22,1,46564.5,16.554,138.74917194,439.37237780999993,0.00075
no-pullback,opening-drive-818fd82ffd748beab4,1641285720000000000,O-20220104-084100-09-000-23,2,46547.299999999996,16.207,135.7905764,430.003491925,0.00075
no-pullback,opening-drive-818fd82ffd748beab4,1641285720000000000,O-20220104-084100-09-000-23,2,46547.2,11.658,97.67650637,309.30893682999994,0.00075
no-pullback,opening-drive-b8dd4a29490173ec15,1641287400000000000,O-20220104-091000-09-000-25,1,46565.6,24.486,205.23695069,649.9170105100001,0.00075
no-pullback,opening-drive-b8dd4a29490173ec15,1641287400000000000,O-20220104-091000-09-000-25,1,46565.7,2.387,20.00741866,63.356825765,0.00075
no-pullback,opening-drive-b8dd4a29490173ec15,1641287580000000000,O-20220104-091000-09-000-26,2,46547.9,26.873,225.15870901,713.002578515,0.00075
no-pullback,opening-drive-115ed165a8703ef636,1641372420000000000,O-20220105-084700-09-000-28,1,46582.6,30.174,253.00500703000003,801.1825222699999,0.00075
no-pullback,opening-drive-115ed165a8703ef636,1641372480000000000,O-20220105-084700-09-000-29,2,46576.899999999994,30.174,252.97404851000002,801.0844869399998,0.00075
no-pullback,opening-drive-8422611ad7f8bfa980,1641372780000000000,O-20220105-085300-09-000-31,1,46619.7,19.556,164.10507358,519.66606632,0.00075
no-pullback,opening-drive-8422611ad7f8bfa980,1641372960000000000,O-20220105-085300-09-000-32,2,46576.4,19.556,163.95265411,519.1834046900001,0.00075
no-pullback,opening-drive-c6e302ba58c9df673b,1641373200000000000,O-20220105-090000-09-000-34,1,46626.5,17.849,149.80255173,474.374747145,0.00075
no-pullback,opening-drive-c6e302ba58c9df673b,1641373260000000000,O-20220105-090000-09-000-35,2,46576.2,17.849,149.64094688,473.8629984699999,0.00075
no-pullback,opening-drive-ce5b88b3baa4d5ae8c,1641373560000000000,O-20220105-090600-09-000-37,1,46652.5,14.155,118.86590475,376.408698375,0.00075
no-pullback,opening-drive-ce5b88b3baa4d5ae8c,1641381720000000000,O-20220105-090600-09-000-38,2,46575.4,14.155,118.66946166,375.78662858999996,0.00075
no-pullback,opening-drive-586bc64472f95fe53b,1641661500000000000,O-20220108-170500-09-000-40,2,41274.700000000004,21.213,157.600838,499.06932032500015,0.00075
no-pullback,opening-drive-586bc64472f95fe53b,1641661560000000000,O-20220108-170500-09-000-41,1,41308.0,21.213,157.72798872,499.47196428,0.00075
no-pullback,opening-drive-2ac993d63c7801b160,1641661920000000000,O-20220108-171200-09-000-43,2,41196.899999999994,11.319,83.935388,265.79539532499996,0.00075
no-pullback,opening-drive-2ac993d63c7801b160,1641662340000000000,O-20220108-171200-09-000-44,1,41308.1,11.319,84.1619491,266.512838825,0.00075
no-pullback,opening-drive-800b0167166c567b31,1641662640000000000,O-20220108-172400-09-000-46,2,41272.4,19.42,144.27180144,456.86070456000016,0.00075
no-pullback,opening-drive-800b0167166c567b31,1641662700000000000,O-20220108-172400-09-000-47,1,41308.3,19.42,144.39729348,457.25809602000004,0.00075
no-pullback,opening-drive-25ad37f6162e26e852,1641663060000000000,O-20220108-173100-09-000-49,2,41236.8,13.901,103.18189622,326.7426713800001,0.00075
no-pullback,opening-drive-25ad37f6162e26e852,1641663960000000000,O-20220108-173100-09-000-50,1,41307.4,13.901,103.35855013,327.30207542000005,0.00075
no-pullback,opening-drive-79dc18419757f648c9,1641664140000000000,O-20220108-174900-09-000-52,2,41074.2,6.057,44.78155729,141.80826476,0.00075
no-pullback,opening-drive-79dc18419757f648c9,1641666360000000000,O-20220108-174900-09-000-53,1,41307.5,6.057,45.03591495,142.613730675,0.00075
no-pullback,opening-drive-99a7bb9a99b5d3d1bd,1641747180000000000,O-20220109-165300-09-000-55,1,42020.6,19.599,148.24111309,469.43019146,0.00075
no-pullback,opening-drive-99a7bb9a99b5d3d1bd,1641747240000000000,O-20220109-165300-09-000-56,2,41995.2,19.599,148.15150646,469.14643714,0.00075
no-pullback,opening-drive-8510e43fc634eeb3fd,1641747540000000000,O-20220109-165900-09-000-58,1,42090.0,10.623,80.4819726,254.85957989999997,0.00075
no-pullback,opening-drive-8510e43fc634eeb3fd,1641748320000000000,O-20220109-165900-09-000-59,2,41994.8,10.623,80.29993687,254.28313343000005,0.00075
no-pullback,opening-drive-57e59f8e27e5e0067e,1641748440000000000,O-20220109-171400-09-000-61,1,42004.1,22.194,167.80301917,531.3762273799999,0.00075
no-pullback,opening-drive-57e59f8e27e5e0067e,1641748500000000000,O-20220109-171400-09-000-62,2,41993.6,22.194,167.76107251,531.24339629,0.00075
no-pullback,opening-drive-1a3fe82613e284ddf3,1641749160000000000,O-20220109-172600-09-000-64,1,42086.5,10.178,77.10415146,244.16314629000007,0.00075
no-pullback,opening-drive-1a3fe82613e284ddf3,1641749760000000000,O-20220109-172600-09-000-65,2,41994.1,10.178,76.93487096,243.62709139,0.00075
no-pullback,opening-drive-fc9666acbd9c6e8da7,1641750960000000000,O-20220109-175600-09-000-67,1,42018.0,17.924,135.56351376,429.28446024,0.00075
no-pullback,opening-drive-fc9666acbd9c6e8da7,1641754560000000000,O-20220109-175600-09-000-68,2,41995.4,17.924,135.49059893,429.05356327000004,0.00075
no-pullback,opening-drive-9015bf49146ddfd756,1641889560000000000,O-20220111-082600-09-000-70,1,42380.5,18.741,142.96553109,452.724181785,0.00075
no-pullback,opening-drive-9015bf49146ddfd756,1641889620000000000,O-20220111-082600-09-000-71,2,42364.6,18.741,142.91189435,452.55433209999995,0.00075
no-pullback,opening-drive-e0968877135b3d5900,1641919320000000000,O-20220111-164200-09-000-73,1,42776.6,9.436,72.65519957,230.07479863000003,0.00075
no-pullback,opening-drive-e0968877135b3d5900,1641919620000000000,O-20220111-164200-09-000-74,2,42687.6,9.436,72.50403485,229.59611035,0.00075
no-pullback,opening-drive-52d70d51a969ddb2ac,1641920520000000000,O-20220111-170200-09-000-76,1,42817.2,7.336,56.53925626,179.04097814,0.00075
no-pullback,opening-drive-52d70d51a969ddb2ac,1641921840000000000,O-20220111-170200-09-000-77,2,42690.4,7.336,56.37181939,178.51076141,0.00075
no-pullback,opening-drive-dc474a58eb4f8ec78f,1642094220000000000,O-20220113-171700-09-000-79,2,42710.1,6.539,50.2706419,159.19036602499997,0.00075
no-pullback,opening-drive-dc474a58eb4f8ec78f,1642095180000000000,O-20220113-171700-09-000-80,1,42853.7,6.539,50.43966197,159.725596255,0.00075
no-pullback,opening-drive-c4eea5b887e89b9b30,1642095540000000000,O-20220113-173900-09-000-82,2,42835.7,15.562,119.98964941,379.96722314,0.00075
no-pullback,opening-drive-c4eea5b887e89b9b30,1642095660000000000,O-20220113-173900-09-000-83,1,42856.2,15.562,120.04707319,380.1490651099999,0.00075
no-pullback,opening-drive-60dda88fe0f625f12f,1642096020000000000,O-20220113-174700-09-000-85,2,42760.0,8.012,61.6667616,195.2780784,0.00075
no-pullback,opening-drive-60dda88fe0f625f12f,1642097040000000000,O-20220113-174700-09-000-86,1,42855.299999999996,8.012,61.80419945,195.71329825,0.00075
no-pullback,opening-drive-f6e80838da1a6fba52,1642268700000000000,O-20220115-174500-09-000-88,1,43406.0,14.718,114.99291144,364.14421956,0.00075
no-pullback,opening-drive-f6e80838da1a6fba52,1642268880000000000,O-20220115-174500-09-000-89,2,43386.8,14.718,114.94204603,363.98314577,0.00075
no-pullback,opening-drive-6c96473bde10146bb1,1642269120000000000,O-20220115-175200-09-000-91,1,43430.5,10.966,85.72659534,271.46755190999994,0.00075
no-pullback,opening-drive-6c96473bde10146bb1,1642269420000000000,O-20220115-175200-09-000-92,2,43385.9,10.966,85.63856029,271.18877426,0.00075
no-pullback,opening-drive-1abb33669627c44d18,1642291560000000000,O-20220116-000600-09-000-94,2,42989.9,8.525,65.96800155,208.898671575,0.00075
no-pullback,opening-drive-1abb33669627c44d18,1642291680000000000,O-20220116-000600-09-000-95,1,43062.2,8.525,66.0789459,209.24999535,0.00075
no-pullback,opening-drive-05d039bad6413ca7cf,1642293840000000000,O-20220116-004400-09-000-97,2,42995.0,8.665,67.0593015,212.35445474999997,0.00075
no-pullback,opening-drive-05d039bad6413ca7cf,1642294080000000000,O-20220116-004400-09-000-98,1,43061.100000000006,8.665,67.16239767,212.680925955,0.00075
no-pullback,opening-drive-e9198c5aa4df1199c1,1642295580000000000,O-20220116-011300-09-000-100,2,43052.2,14.915,115.58224134,366.01043090999997,0.00075
no-pullback,opening-drive-e9198c5aa4df1199c1,1642296060000000000,O-20220116-011300-09-000-101,1,43061.2,14.915,115.60640364,366.08694485999996,0.00075
no-pullback,opening-drive-250020c9d2141682c6,1642296420000000000,O-20220116-012700-09-000-103,2,42977.2,7.176,55.5127897,175.79050070000002,0.00075
no-pullback,opening-drive-250020c9d2141682c6,1642300380000000000,O-20220116-012700-09-000-104,1,43061.100000000006,7.176,55.62116165,176.13367855000007,0.00075
no-pullback,opening-drive-6ff43a5f0c5a59ca6b,1642320720000000000,O-20220116-081200-09-000-106,1,43245.6,12.498,97.28703158,308.07560001999997,0.00075
no-pullback,opening-drive-6ff43a5f0c5a59ca6b,1642320840000000000,O-20220116-081200-09-000-107,2,43227.8,12.498,97.24698799,307.94879531000004,0.00075
no-pullback,opening-drive-2ba54272c2e24a5f8a,1642435920000000000,O-20220117-161200-09-000-109,2,42284.2,7.706,58.65156814,185.72996576,0.00075
no-pullback,opening-drive-2ba54272c2e24a5f8a,1642436580000000000,O-20220117-161200-09-000-110,1,42350.700000000004,7.706,58.74380896,186.02206169000004,0.00075
no-pullback,opening-drive-14ddf2bd721fa44006,1642437240000000000,O-20220117-163400-09-000-112,2,42234.6,5.341,40.60349975,128.5777492,0.00075
no-pullback,opening-drive-14ddf2bd721fa44006,1642448040000000000,O-20220117-193400-09-000-115,1,42212.6,5.341,40.58234939,128.51077306000002,0.00075
no-pullback,opening-drive-addd1691a887bd2776,1642493520000000000,O-20220118-081200-09-000-116,2,41802.3,8.079,60.78974071,192.50084556500005,0.00075
no-pullback,opening-drive-addd1691a887bd2776,1642493640000000000,O-20220118-081200-09-000-117,1,41859.100000000006,8.079,60.8723404,192.76241127500006,0.00075
no-pullback,opening-drive-d78ff99f7452f502d0,1642494240000000000,O-20220118-082400-09-000-119,2,41778.5,6.499,48.87332487,154.765528755,0.00075
no-pullback,opening-drive-d78ff99f7452f502d0,1642498260000000000,O-20220118-082400-09-000-120,1,41859.8,6.499,48.96843124,155.06669890999999,0.00075
no-pullback,opening-drive-6d44e406de632410f1,1642498380000000000,O-20220118-093300-09-000-122,2,41797.6,7.184,54.04931251,171.15615629,0.00075
no-pullback,opening-drive-6d44e406de632410f1,1642498560000000000,O-20220118-093300-09-000-123,1,41861.299999999996,7.184,54.13168426,171.41700014,0.00075
no-pullback,opening-drive-cc062cc42b0a812f31,1642498800000000000,O-20220118-094000-09-000-125,2,41830.899999999994,9.402,70.79294192,224.17764942999992,0.00075
no-pullback,opening-drive-cc062cc42b0a812f31,1642498860000000000,O-20220118-094000-09-000-126,1,41861.9,9.402,70.84540508,224.34378276999996,0.00075
no-pullback,opening-drive-90617feeff2062eb47,1642729080000000000,O-20220121-013800-09-000-128,2,40464.899999999994,5.664,41.25477485,130.64012034999996,0.00075
no-pullback,opening-drive-90617feeff2062eb47,1642739880000000000,O-20220121-043800-09-000-131,1,38944.3,5.664,39.70449274,125.73089366,0.00075
no-pullback,opening-drive-3ef9eb3d4a78c5e9f1,1642844940000000000,O-20220122-094900-09-000-132,2,34778.6,2.871,17.97288491,56.91413554,0.00075
no-pullback,opening-drive-3ef9eb3d4a78c5e9f1,1642845120000000000,O-20220122-094900-09-000-133,1,35110.3,2.871,18.14430083,57.456952645,0.00075
no-pullback,opening-drive-d3400a961dde466be1,1642845360000000000,O-20220122-095600-09-000-135,2,34960.6,5.221,32.85527267,104.04169677999998,0.00075
no-pullback,opening-drive-d3400a961dde466be1,1642847580000000000,O-20220122-095600-09-000-136,1,35113.0,5.221,32.99849514,104.49523461,0.00075
no-pullback,opening-drive-c941995913b6ca8e13,1642928460000000000,O-20220123-090100-09-000-138,1,35746.8,16.256,104.59799654,331.22698906000005,0.00075
no-pullback,opening-drive-c941995913b6ca8e13,1642928520000000000,O-20220123-090100-09-000-139,2,35736.5,16.256,104.56785792,331.13155008,0.00075
no-pullback,opening-drive-9ffb51cdcd84d805c9,1642928880000000000,O-20220123-090800-09-000-141,1,35775.299999999996,10.903,70.21045726,222.33311466499995,0.00075
no-pullback,opening-drive-9ffb51cdcd84d805c9,1642932360000000000,O-20220123-090800-09-000-142,2,35736.6,10.903,70.13450696,222.09260539000005,0.00075
no-pullback,opening-drive-7b93f63e858aea1fd1,1643015940000000000,O-20220124-091900-09-000-144,2,34790.700000000004,14.086,88.21112404,279.33522611000006,0.00075
no-pullback,opening-drive-7b93f63e858aea1fd1,1643016660000000000,O-20220124-091900-09-000-145,1,34807.8,14.086,88.25448074,279.4725223600001,0.00075
no-pullback,opening-drive-67b371f0a47b8f3944,1643016780000000000,O-20220124-093300-09-000-147,2,34718.6,6.685,41.77689138,132.29348936999997,0.00075
no-pullback,opening-drive-67b371f0a47b8f3944,1643021520000000000,O-20220124-093300-09-000-149,1,33346.899999999994,6.685,44.5848053,122.60821457499995,0.00075
no-pullback,opening-drive-b6afdb5101ca99e0b1,1643130960000000000,O-20220125-171600-09-000-150,1,37180.8,14.486,96.94819238,307.0026092200001,0.00075
no-pullback,opening-drive-b6afdb5101ca99e0b1,1643131020000000000,O-20220125-171600-09-000-151,2,37152.8,14.486,96.87518294,306.77141266000007,0.00075
no-pullback,opening-drive-88e4c9f5b3a659a93d,1643131320000000000,O-20220125-172200-09-000-153,1,37404.0,3.818,25.70552496,81.40082904,0.00075
no-pullback,opening-drive-88e4c9f5b3a659a93d,1643131920000000000,O-20220125-172200-09-000-154,2,37152.0,3.818,25.53234048,80.85241152,0.00075
no-pullback,opening-drive-e2946138748cc8ab05,1643132220000000000,O-20220125-173700-09-000-156,1,37191.2,12.043,80.62085189,255.29936431,0.00075
no-pullback,opening-drive-e2946138748cc8ab05,1643132400000000000,O-20220125-173700-09-000-157,2,37152.3,12.043,80.5365268,255.03233487500003,0.00075
no-pullback,opening-drive-7f329efa73a1d1a69d,1643132760000000000,O-20220125-174600-09-000-159,1,37382.1,3.872,26.05382842,82.50378998000001,0.00075
no-pullback,opening-drive-7f329efa73a1d1a69d,1643132940000000000,O-20220125-174600-09-000-160,2,37152.4,3.872,25.8937367,81.99683290000002,0.00075
no-pullback,opening-drive-ffa98896042d14942b,1643247540000000000,O-20220127-013900-09-000-162,2,36168.5,8.597,55.96930701,177.236138865,0.00075
no-pullback,opening-drive-ffa98896042d14942b,1643247900000000000,O-20220127-013900-09-000-163,1,36239.0,8.597,56.07840294,177.58160930999998,0.00075
no-pullback,opening-drive-5529838e7a58e50160,1643248200000000000,O-20220127-015000-09-000-165,2,36102.8,5.445,35.38435428,112.05045522000002,0.00075
no-pullback,opening-drive-5529838e7a58e50160,1643259000000000000,O-20220127-045000-09-000-168,1,35891.2,5.445,35.17696512,111.39372288,0.00075
no-pullback,opening-drive-d593810024bd98aa16,1643328360000000000,O-20220128-000600-09-000-169,1,37350.0,4.994,33.574662,106.319763,0.00075
no-pullback,opening-drive-d593810024bd98aa16,1643329140000000000,O-20220128-000600-09-000-170,2,37192.4,4.994,33.43299221,105.87114199000001,0.00075
no-pullback,opening-drive-c7ebb139fafceb951f,1643329680000000000,O-20220128-002800-09-000-172,1,37225.8,11.567,77.50634915,245.43677230000006,0.00075
no-pullback,opening-drive-c7ebb139fafceb951f,1643329740000000000,O-20220128-002800-09-000-173,2,37192.1,11.567,77.43618373,245.21458179500002,0.00075
no-pullback,opening-drive-a372974d792a7eacf1,1643358120000000000,O-20220128-082200-09-000-175,2,36578.0,11.955,78.7121982,249.25529429999997,0.00075
no-pullback,opening-drive-a372974d792a7eacf1,1643358180000000000,O-20220128-082200-09-000-176,1,36607.0,11.955,78.7746033,249.45291045,0.00075
no-pullback,opening-drive-be39fa5dc9ec174ccd,1643358780000000000,O-20220128-083300-09-000-178,2,36575.9,11.244,74.02669553,234.41786917000002,0.00075
no-pullback,opening-drive-be39fa5dc9ec174ccd,1643358840000000000,O-20220128-083300-09-000-179,1,36607.6,11.244,74.09085379,234.62103700999998,0.00075
no-pullback,opening-drive-998f837ebf45659f71,1643359200000000000,O-20220128-084000-09-000-181,2,36571.299999999996,10.344,68.0928349,215.62731049999996,0.00075
no-pullback,opening-drive-998f837ebf45659f71,1643359920000000000,O-20220128-084000-09-000-182,1,36607.7,10.344,68.16060878,215.84192781999994,0.00075
no-pullback,opening-drive-a793612eaf3917fd94,1643360640000000000,O-20220128-090400-09-000-184,2,36553.8,8.513,56.01284989,177.37402466000003,0.00075
no-pullback,opening-drive-a793612eaf3917fd94,1643360940000000000,O-20220128-090400-09-000-185,1,36606.5,8.513,56.09360421,177.62974666499997,0.00075
no-pullback,opening-drive-f4d0a9ffc57c2fd3d3,1643362380000000000,O-20220128-093300-09-000-187,2,36585.0,11.714,77.1402042,244.2773133,0.00075
no-pullback,opening-drive-f4d0a9ffc57c2fd3d3,1643365560000000000,O-20220128-093300-09-000-188,1,36605.9,11.714,77.18427227,244.41686218,0.00075
no-pullback,opening-drive-d1618c2b64c458e0c1,1643529720000000000,O-20220130-080200-09-000-190,1,38292.5,12.41,85.5377865,270.86965725,0.00075
no-pullback,opening-drive-d1618c2b64c458e0c1,1643529780000000000,O-20220130-080200-09-000-191,2,38280.5,12.41,85.5109809,270.78477284999997,0.00075
no-pullback,opening-drive-ddeac4748c2e6d786c,1643589900000000000,O-20220131-004500-09-000-193,2,37135.8,3.215,21.49048746,68.05321029,0.00075
no-pullback,opening-drive-ddeac4748c2e6d786c,1643600700000000000,O-20220131-034500-09-000-196,1,36981.100000000006,3.215,21.40096257,67.769714805,0.00075
no-pullback,opening-drive-d400ca50be393b30c1,1643645280000000000,O-20220131-160800-09-000-197,1,37883.6,12.892,87.91116682,278.38536157999994,0.00075
no-pullback,opening-drive-d400ca50be393b30c1,1643645340000000000,O-20220131-160800-09-000-198,2,37874.899999999994,12.892,87.89097794,278.3214301599999,0.00075
no-pullback,opening-drive-1a13850338cce0fc4c,1643645640000000000,O-20220131-161400-09-000-200,1,37901.0,9.774,66.67998732,211.15329317999996,0.00075
no-pullback,opening-drive-1a13850338cce0fc4c,1643645760000000000,O-20220131-161400-09-000-201,2,37873.9,9.774,66.63230975,211.00231419999997,0.00075
no-pullback,opening-drive-229fdf4360ceed09bf,1643646900000000000,O-20220131-163500-09-000-203,1,37923.0,7.472,51.00491808,161.51557392,0.00075
no-pullback,opening-drive-229fdf4360ceed09bf,1643657700000000000,O-20220131-193500-09-000-206,2,38516.2,7.472,51.80274835,164.04203645,0.00075
no-pullback,opening-drive-d01cd625244666d77b,1643706240000000000,O-20220201-090400-09-000-207,1,38675.2,8.622,60.02236339,190.07081741,0.00075
no-pullback,opening-drive-d01cd625244666d77b,1643707500000000000,O-20220201-090400-09-000-208,2,38627.0,8.622,59.94755892,189.83393658,0.00075
no-pullback,opening-drive-902523462e03bc4e4c,1643734740000000000,O-20220201-165900-09-000-210,1,39213.2,4.992,35.23541299,111.57880780999999,0.00075
no-pullback,opening-drive-902523462e03bc4e4c,1643734800000000000,O-20220201-165900-09-000-211,2,39094.0,4.992,35.12830464,111.23963135999999,0.00075
no-pullback,opening-drive-2c27d72e26142eaa61,1643817840000000000,O-20220202-160400-09-000-213,2,37252.8,5.833,39.11320483,123.85848197000001,0.00075
no-pullback,opening-drive-2c27d72e26142eaa61,1643817900000000000,O-20220202-160400-09-000-214,1,37344.5,5.833,39.20948433,124.163367045,0.00075
no-pullback,opening-drive-78eef863c4361ad45a,1643818440000000000,O-20220202-161400-09-000-216,2,37181.7,3.818,25.55275151,80.91704643999998,0.00075
no-pullback,opening-drive-78eef863c4361ad45a,1643820840000000000,O-20220202-161400-09-000-217,1,37344.6,3.818,25.6647029,81.27155920000001,0.00075
no-pullback,opening-drive-48238ddd5cb2603ca4,1643821020000000000,O-20220202-165700-09-000-219,2,37281.8,6.916,46.41136718,146.96932942000004,0.00075
no-pullback,opening-drive-48238ddd5cb2603ca4,1643821500000000000,O-20220202-165700-09-000-220,1,37343.0,6.916,46.48755384,147.21058716000002,0.00075
no-pullback,opening-drive-7ade8258d7ec5cea42,1643882340000000000,O-20220203-095900-09-000-222,2,36682.8,10.467,69.11259617,218.85655453000004,0.00075
no-pullback,opening-drive-7ade8258d7ec5cea42,1643882580000000000,O-20220203-095900-09-000-224,1,36326.0,10.467,76.0448484,209.12333310000002,0.00075
no-pullback,opening-drive-bc894fef9cfe727e37,1643992080000000000,O-20220204-162800-09-000-225,1,40307.7,1.711,12.41396545,39.310890574999995,0.00075
no-pullback,opening-drive-bc894fef9cfe727e37,1644002880000000000,O-20220204-192800-09-000-228,2,40509.4,1.711,12.47608501,39.50760254000001,0.00075
no-pullback,opening-drive-b981e646ddcfea1b40,1644080760000000000,O-20220205-170600-09-000-229,2,41097.2,5.365,39.68756604,125.67729245999999,0.00075
no-pullback,opening-drive-b981e646ddcfea1b40,1644081780000000000,O-20220205-170600-09-000-230,1,41201.0,5.365,39.7878057,125.99471805,0.00075
no-pullback,opening-drive-41838fd835342d7fb0,1644251820000000000,O-20220207-163700-09-000-232,1,43939.8,6.863,54.28059253,171.88854302000004,0.00075
no-pullback,opening-drive-41838fd835342d7fb0,1644251880000000000,O-20220207-163700-09-000-233,2,43880.2,6.863,54.20696627,171.65539318,0.00075
no-pullback,opening-drive-af386188ea23ebc45e,1644255840000000000,O-20220207-174400-09-000-235,1,43924.899999999994,7.705,60.91944381,192.91157206499997,0.00075
no-pullback,opening-drive-af386188ea23ebc45e,1644255960000000000,O-20220207-174400-09-000-236,2,43882.3,7.705,60.86036187,192.724479255,0.00075
no-pullback,opening-drive-9c9850ad408eff6bb9,1644256320000000000,O-20220207-175200-09-000-238,1,44081.5,3.045,24.16107015,76.510055475,0.00075
no-pullback,opening-drive-9c9850ad408eff6bb9,1644259500000000000,O-20220207-175200-09-000-239,2,43881.299999999996,3.045,24.05134053,76.16257834499999,0.00075
no-pullback,opening-drive-7e95b6254336989f8e,1644341760000000000,O-20220208-173600-09-000-241,2,42688.5,3.814,29.30650902,92.80394523000001,0.00075
no-pullback,opening-drive-7e95b6254336989f8e,1644341880000000000,O-20220208-173600-09-000-242,1,42830.5,3.814,29.40399486,93.11265039,0.00075
no-pullback,opening-drive-be4461df1767b65438,1644538740000000000,O-20220211-001900-09-000-244,2,43240.5,6.304,49.06586016,155.37522384000002,0.00075
no-pullback,opening-drive-be4461df1767b65438,1644538920000000000,O-20220211-001900-09-000-245,1,43296.6,6.304,49.12951795,155.57680685000003,0.00075
no-pullback,opening-drive-0f4095ba22a3ed7195,1644539100000000000,O-20220211-002500-09-000-247,2,43062.1,2.476,19.19191673,60.77440296999999,0.00075
no-pullback,opening-drive-0f4095ba22a3ed7195,1644541440000000000,O-20220211-002500-09-000-248,1,43296.2,2.476,19.29625042,61.10479298,0.00075
no-pullback,opening-drive-3fcb03d3e1582ecfae,1644543180000000000,O-20220211-013300-09-000-250,2,43262.0,6.97,54.2765052,171.8755998,0.00075
no-pullback,opening-drive-3fcb03d3e1582ecfae,1644543240000000000,O-20220211-013300-09-000-251,1,43300.1,6.97,54.32430546,172.02696729,0.00075
no-pullback,opening-drive-0648a1f7841f07c0c1,1644543780000000000,O-20220211-014300-09-000-253,2,43148.2,3.268,25.38149717,80.37474103,0.00075
no-pullback,opening-drive-0648a1f7841f07c0c1,1644551040000000000,O-20220211-014300-09-000-254,1,43296.4,3.268,25.46867434,80.65080205999999,0.00075
no-pullback,opening-drive-2e638ae479c75fdfea,1644684600000000000,O-20220212-165000-09-000-256,1,42570.899999999994,3.358,25.7315548,81.48325684999999,0.00075
no-pullback,opening-drive-2e638ae479c75fdfea,1644695400000000000,O-20220212-195000-09-000-259,2,42613.2,3.358,25.75712261,81.56422159,0.00075
no-pullback,opening-drive-fea26aaa3c028dd57f,1644802320000000000,O-20220214-013200-09-000-260,2,41733.7,3.669,27.56177015,87.278938825,0.00075
no-pullback,opening-drive-fea26aaa3c028dd57f,1644807960000000000,O-20220214-013200-09-000-261,1,41854.5,3.669,27.64154889,87.531571485,0.00075
no-pullback,opening-drive-289d9f3c60a2c323b6,1644826200000000000,O-20220214-081000-09-000-263,1,42382.5,7.092,54.1038042,171.3287133,0.00075
no-pullback,opening-drive-289d9f3c60a2c323b6,1644826380000000000,O-20220214-081000-09-000-264,2,42354.0,7.092,54.06742224,171.21350375999998,0.00075
no-pullback,opening-drive-cda995482bf51823e6,1644888840000000000,O-20220215-013400-09-000-266,1,42927.0,5.899,45.58074714,144.33903261,0.00075
no-pullback,opening-drive-cda995482bf51823e6,1644899640000000000,O-20220215-043400-09-000-269,2,43490.0,5.899,46.1785518,146.2320807,0.00075
no-pullback,opening-drive-b0b5cd3acbe8914217,1644912720000000000,O-20220215-081200-09-000-270,1,43786.700000000004,9.006,70.98174364,224.77552151000003,0.00075
no-pullback,opening-drive-b0b5cd3acbe8914217,1644912780000000000,O-20220215-081200-09-000-271,2,43772.2,9.006,70.95823798,224.70108691999997,0.00075
no-pullback,opening-drive-42d6e7746952aa4235,1644913260000000000,O-20220215-082100-09-000-273,1,43805.100000000006,7.049,55.58078698,176.00582544500006,0.00075
no-pullback,opening-drive-42d6e7746952aa4235,1644924060000000000,O-20220215-112100-09-000-276,2,44209.6,7.049,56.09402467,177.63107813,0.00075
no-pullback,opening-drive-3c8711112ba99316be,1645089660000000000,O-20220217-092100-09-000-277,2,43028.6,2.135,16.53589098,52.36365476999999,0.00075
no-pullback,opening-drive-3c8711112ba99316be,1645092900000000000,O-20220217-092100-09-000-278,1,43325.0,2.135,16.6497975,52.724358749999986,0.00075
no-pullback,opening-drive-c9656d7855bf44c334,1645264380000000000,O-20220219-095300-09-000-280,2,39880.700000000004,9.576,68.74156498,217.68162242000005,0.00075
no-pullback,opening-drive-c9656d7855bf44c334,1645264440000000000,O-20220219-095300-09-000-281,1,39899.0,9.576,68.77310832,217.78150968,0.00075
no-pullback,opening-drive-4979e972c21acdd404,1645287480000000000,O-20220219-161800-09-000-283,1,40297.0,8.782,63.69988572,201.71630478,0.00075
no-pullback,opening-drive-4979e972c21acdd404,1645287540000000000,O-20220219-161800-09-000-284,2,40274.8,8.782,63.66479285,201.60517735000005,0.00075
no-pullback,opening-drive-fb4619f5168124e6f3,1645345440000000000,O-20220220-082400-09-000-286,2,38450.0,4.249,29.407329,93.12320849999999,0.00075
no-pullback,opening-drive-fb4619f5168124e6f3,1645356240000000000,O-20220220-112400-09-000-289,1,38253.0,4.249,29.25665946,92.64608828999998,0.00075
no-pullback,opening-drive-8cea033acb1369a573,1645406100000000000,O-20220221-011500-09-000-290,1,39035.7,5.025,35.30779065,111.80800372499999,0.00075
no-pullback,opening-drive-8cea033acb1369a573,1645406220000000000,O-20220221-011500-09-000-291,2,38950.5,5.025,35.23072725,111.563969625,0.00075
no-pullback,opening-drive-b9deb350c57dfe17d1,1645406460000000000,O-20220221-012100-09-000-293,1,39010.5,5.866,41.19040674,130.43628801,0.00075
no-pullback,opening-drive-b9deb350c57dfe17d1,1645406520000000000,O-20220221-012100-09-000-294,2,38949.6,5.866,41.12610365,130.23266155,0.00075
no-pullback,opening-drive-3d9a6adf125e6ce514,1645406940000000000,O-20220221-012900-09-000-296,1,39000.1,6.269,44.00849284,139.36022733500002,0.00075
no-pullback,opening-drive-3d9a6adf125e6ce514,1645414440000000000,O-20220221-012900-09-000-297,2,38950.2,6.269,43.95218468,139.18191817,0.00075
no-pullback,opening-drive-1ceb45a7a5c247555d,1645604820000000000,O-20220223-082700-09-000-299,1,38573.5,2.18,15.1362414,47.93143110000001,0.00075
no-pullback,opening-drive-1ceb45a7a5c247555d,1645615620000000000,O-20220223-112700-09-000-302,2,38888.899999999994,2.18,15.26000436,48.323347139999996,0.00075
no-pullback,opening-drive-864222116194067e07,1645639140000000000,O-20220223-175900-09-000-303,2,38037.0,8.497,58.17607002,184.22422173,0.00075
no-pullback,opening-drive-864222116194067e07,1645639200000000000,O-20220223-175900-09-000-304,1,38059.4,8.497,58.21032992,184.33271143000002,0.00075
no-pullback,opening-drive-cb246fd371e2a393ba,1645663320000000000,O-20220224-004200-09-000-306,2,36840.0,3.532,23.4213984,74.1677616,0.00075
no-pullback,opening-drive-cb246fd371e2a393ba,1645667520000000000,O-20220224-004200-09-000-307,1,36970.2,3.532,23.50417435,74.42988544999999,0.00075
no-pullback,opening-drive-a2fc3eff0f75d7e7fe,1645667640000000000,O-20220224-015400-09-000-309,2,36933.2,6.992,46.48264819,147.19505261,0.00075
no-pullback,opening-drive-a2fc3eff0f75d7e7fe,1645668060000000000,O-20220224-015400-09-000-310,1,36968.700000000004,6.992,46.52732707,147.33653573000007,0.00075
no-pullback,opening-drive-2ef7cc3d8fa401972c,1645719480000000000,O-20220224-161800-09-000-312,1,36188.0,4.849,31.58561016,100.02109884,0.00075
no-pullback,opening-drive-2ef7cc3d8fa401972c,1645719960000000000,O-20220224-161800-09-000-313,2,36115.0,4.849,31.5218943,99.81933195,0.00075
no-pullback,opening-drive-d1ee777f740784d0e3,1645781220000000000,O-20220225-092700-09-000-315,2,38019.6,3.759,25.72482175,81.46193554999999,0.00075
no-pullback,opening-drive-d1ee777f740784d0e3,1645781580000000000,O-20220225-092700-09-000-316,1,38121.6,3.759,25.79383699,81.68048381000001,0.00075
no-pullback,opening-drive-eae3764f8221f23355,1645835940000000000,O-20220226-003900-09-000-318,1,39913.6,1.51,10.84851648,34.35363552,0.00075
no-pullback,opening-drive-eae3764f8221f23355,1645839780000000000,O-20220226-003900-09-000-319,2,39589.0,1.51,10.7602902,34.0742523,0.00075
no-pullback,opening-drive-c2008b7ee0e079751f,1645840020000000000,O-20220226-014700-09-000-321,1,39649.5,4.741,33.83609031,107.14761931499999,0.00075
no-pullback,opening-drive-c2008b7ee0e079751f,1645841220000000000,O-20220226-014700-09-000-322,2,39590.2,4.741,33.78548488,106.98736877,0.00075
no-pullback,opening-drive-0a3c03fc0059edff37,1645865220000000000,O-20220226-084700-09-000-324,2,38866.0,4.067,28.45224396,90.09877254,0.00075
no-pullback,opening-drive-0a3c03fc0059edff37,1645870080000000000,O-20220226-084700-09-000-325,1,38941.9,4.067,28.50780731,90.27472316500001,0.00075
no-pullback,opening-drive-a00608a0973543e477,1645921980000000000,O-20220227-003300-09-000-327,2,38794.4,7.707,53.81791934,170.42341125999997,0.00075
no-pullback,opening-drive-a00608a0973543e477,1645922040000000000,O-20220227-003300-09-000-328,1,38804.899999999994,7.707,53.83248557,170.46953765499998,0.00075
no-pullback,opening-drive-d49a810ed15376f35e,1645922400000000000,O-20220227-004000-09-000-330,2,38709.7,3.335,23.23743291,73.58520421499999,0.00075
no-pullback,opening-drive-d49a810ed15376f35e,1645922520000000000,O-20220227-004000-09-000-331,1,38805.6,3.335,23.29500168,73.76750532,0.00075
no-pullback,opening-drive-ed9814a27608876215,1645922820000000000,O-20220227-004700-09-000-333,2,38748.2,4.296,29.9632081,94.88349230000001,0.00075
no-pullback,opening-drive-ed9814a27608876215,1645923120000000000,O-20220227-004700-09-000-334,1,38806.0,4.296,30.00790368,95.02502831999999,0.00075
no-pullback,opening-drive-5277269f4c5d5fb925,1645923960000000000,O-20220227-010600-09-000-336,2,38632.899999999994,2.095,14.56846659,46.133477535,0.00075
no-pullback,opening-drive-5277269f4c5d5fb925,1645934760000000000,O-20220227-040600-09-000-339,1,38579.0,2.095,14.5481409,46.06911285,0.00075
no-pullback,opening-drive-3f08b25d57ec78f0ed,1646035740000000000,O-20220228-080900-09-000-340,1,38539.4,3.367,23.35718876,73.96443109000002,0.00075
no-pullback,opening-drive-3f08b25d57ec78f0ed,1646035920000000000,O-20220228-080900-09-000-341,2,38453.7,3.367,23.30524942,73.799956505,0.00075
no-pullback,opening-drive-f6e9749485dd6d7079,1646039280000000000,O-20220228-090800-09-000-343,1,38510.700000000004,4.136,28.67044594,90.78974546,0.00075
no-pullback,opening-drive-f6e9749485dd6d7079,1646039400000000000,O-20220228-090800-09-000-344,2,38455.100000000006,4.136,28.62905285,90.65866735000003,0.00075
no-pullback,opening-drive-073c671893cd90ecf3,1646064240000000000,O-20220228-160400-09-000-346,1,41172.899999999994,1.316,9.75303655,30.884615750000002,0.00075
no-pullback,opening-drive-073c671893cd90ecf3,1646064480000000000,O-20220228-160400-09-000-347,2,40889.299999999996,1.316,9.68585738,30.671881719999995,0.00075
no-pullback,opening-drive-a48cd158b5aee0439a,1646065140000000000,O-20220228-161900-09-000-349,1,40972.0,3.02,22.2723792,70.5292008,0.00075
no-pullback,opening-drive-a48cd158b5aee0439a,1646066940000000000,O-20220228-161900-09-000-350,2,40887.4,3.02,22.22639064,70.38357036,0.00075
no-pullback,opening-drive-06ac236452c180b4ca,1646067300000000000,O-20220228-165500-09-000-352,1,40944.3,3.725,27.45315315,86.934984975,0.00075
no-pullback,opening-drive-06ac236452c180b4ca,1646067960000000000,O-20220228-165500-09-000-353,2,40890.899999999994,3.725,27.41734845,86.82160342499998,0.00075
no-pullback,opening-drive-efba0c9b9de0772f32,1646068800000000000,O-20220228-172000-09-000-355,1,40927.2,4.322,31.83972451,100.82579429,0.00075
no-pullback,opening-drive-efba0c9b9de0772f32,1646069040000000000,O-20220228-172000-09-000-356,2,40892.6,4.322,31.8128071,100.7405558,0.00075
no-pullback,opening-drive-bade60e2dffdeed289,1646069580000000000,O-20220228-173300-09-000-358,1,40908.2,5.28,38.87915328,123.11731872,0.00075
no-pullback,opening-drive-bade60e2dffdeed289,1646069700000000000,O-20220228-173300-09-000-359,2,40893.299999999996,5.28,38.86499232,123.07247567999998,0.00075
no-pullback,opening-drive-0bddd2132bb027d608,1646070780000000000,O-20220228-175300-09-000-361,1,40951.100000000006,3.317,24.45026377,77.42583525500001,0.00075
no-pullback,opening-drive-0bddd2132bb027d608,1646081580000000000,O-20220228-205300-09-000-364,2,41746.5,3.317,24.92516529,78.929690085,0.00075
no-pullback,opening-drive-3e3e6e7ef0d524aee4,1646179560000000000,O-20220302-000600-09-000-365,1,44630.8,2.268,18.22007779,57.69691301,0.00075
no-pullback,opening-drive-3e3e6e7ef0d524aee4,1646179680000000000,O-20220302-000600-09-000-366,2,44493.4,2.268,18.16398562,57.51928778,0.00075
no-pullback,opening-drive-97a101093afdfdb482,1646180160000000000,O-20220302-001600-09-000-368,1,44537.9,4.004,32.09935529,101.64795840999999,0.00075
no-pullback,opening-drive-97a101093afdfdb482,1646180280000000000,O-20220302-001600-09-000-369,2,44492.4,4.004,32.06656253,101.54411467,0.00075
no-pullback,opening-drive-b033617cfd0bd905aa,1646328180000000000,O-20220303-172300-09-000-371,2,42260.5,3.057,23.25426273,73.638498645,0.00075
no-pullback,opening-drive-b033617cfd0bd905aa,1646328780000000000,O-20220303-172300-09-000-372,1,42339.7,3.057,23.29784332,73.77650385499999,0.00075
no-pullback,opening-drive-0c4f64c6b79865aeec,1646354880000000000,O-20220304-004800-09-000-374,2,41745.4,2.717,20.41600532,64.65068353000001,0.00075
no-pullback,opening-drive-0c4f64c6b79865aeec,1646365680000000000,O-20220304-034800-09-000-377,1,41398.899999999994,2.717,20.24654603,64.11406244499999,0.00075
no-pullback,opening-drive-f1c74ee56f8289904f,1646382780000000000,O-20220304-083300-09-000-378,2,40963.299999999996,2.845,20.97730593,66.428135445,0.00075
no-pullback,opening-drive-f1c74ee56f8289904f,1646383020000000000,O-20220304-083300-09-000-379,1,41058.6,2.845,21.02610906,66.58267869,0.00075
no-pullback,opening-drive-037114649e7216ab5a,1646410320000000000,O-20220304-161200-09-000-381,2,40493.7,3.743,27.28222544,86.39371388499998,0.00075
no-pullback,opening-drive-037114649e7216ab5a,1646410440000000000,O-20220304-161200-09-000-382,1,40548.5,3.743,27.31914639,86.510630235,0.00075
no-pullback,opening-drive-1e16da9907580a5812,1646498580000000000,O-20220305-164300-09-000-384,1,39401.6,3.702,26.25565018,83.14289222,0.00075
no-pullback,opening-drive-1e16da9907580a5812,1646499120000000000,O-20220305-164300-09-000-385,2,39347.299999999996,3.702,26.21946683,83.02831161999998,0.00075
no-pullback,opening-drive-58ab69f975ab398b86,1646499240000000000,O-20220305-165400-09-000-387,1,39370.1,4.827,34.20710509,108.32249943499998,0.00075
no-pullback,opening-drive-58ab69f975ab398b86,1646499360000000000,O-20220305-165400-09-000-388,2,39344.8,4.827,34.18512293,108.25288927000001,0.00075
no-pullback,opening-drive-acad3a023881bb941c,1646499720000000000,O-20220305-170200-09-000-390,1,39382.4,4.057,28.75939142,91.07140618000001,0.00075
no-pullback,opening-drive-acad3a023881bb941c,1646503620000000000,O-20220305-170200-09-000-391,2,39344.1,4.057,28.73142247,90.98283780500002,0.00075
no-pullback,opening-drive-66802f88b964175abc,1646528460000000000,O-20220306-010100-09-000-393,1,39602.899999999994,4.525,32.25656205,102.14577982499999,0.00075
no-pullback,opening-drive-66802f88b964175abc,1646528520000000000,O-20220306-010100-09-000-394,2,39577.7,4.525,32.23603665,102.08078272499999,0.00075
no-pullback,opening-drive-b01afd22d5a118e836,1646560320000000000,O-20220306-095200-09-000-396,2,38700.0,2.854,19.880964,62.956386,0.00075
no-pullback,opening-drive-b01afd22d5a118e836,1646560440000000000,O-20220306-095200-09-000-397,1,38772.1,2.854,19.91800321,63.07367683999999,0.00075
no-pullback,opening-drive-c5a673e44be779fe48,1646560740000000000,O-20220306-095900-09-000-399,2,38700.4,2.769,19.28905337,61.08200233,0.00075
no-pullback,opening-drive-c5a673e44be779fe48,1646571540000000000,O-20220306-125900-09-000-402,1,38497.100000000006,2.769,19.18772458,60.761127845000026,0.00075
no-pullback,opening-drive-483637b169c3812aa6,1646669340000000000,O-20220307-160900-09-000-403,1,39418.4,1.716,12.17555539,38.55592541000001,0.00075
no-pullback,opening-drive-483637b169c3812aa6,1646670960000000000,O-20220307-160900-09-000-404,2,39260.4,1.716,12.12675235,38.40138244999999,0.00075
no-pullback,opening-drive-7b672ca11b21650eab,1646671080000000000,O-20220307-163800-09-000-406,1,39286.4,4.198,29.6863753,94.00685510000001,0.00075
no-pullback,opening-drive-7b672ca11b21650eab,1646671140000000000,O-20220307-163800-09-000-407,2,39259.299999999996,4.198,29.66589745,93.9420086,0.00075
no-pullback,opening-drive-a0e014c8417ec0fe71,1646728440000000000,O-20220308-083400-09-000-409,1,39058.0,1.822,12.80946168,40.56329532,0.00075
no-pullback,opening-drive-a0e014c8417ec0fe71,1646728620000000000,O-20220308-083400-09-000-410,2,38924.2,1.822,12.76558063,40.42433867,0.00075
no-pullback,opening-drive-f4b1af01e389650f1a,1646732280000000000,O-20220308-093800-09-000-412,1,38944.899999999994,4.367,30.61302809,96.94125563499998,0.00075
no-pullback,opening-drive-f4b1af01e389650f1a,1646732340000000000,O-20220308-093800-09-000-413,2,38925.5,4.367,30.59777853,96.892965345,0.00075
no-pullback,opening-drive-fdbd5de055bb5c8829,1646733300000000000,O-20220308-095500-09-000-415,1,38943.6,4.337,30.40171078,96.27208411999999,0.00075
no-pullback,opening-drive-fdbd5de055bb5c8829,1646733360000000000,O-20220308-095500-09-000-416,2,38926.0,4.337,30.38797116,96.22857533999998,0.00075
no-pullback,opening-drive-4403d9bfb434b64601,1646757240000000000,O-20220308-163400-09-000-418,2,38185.5,2.284,15.69882276,49.71293873999999,0.00075
no-pullback,opening-drive-4403d9bfb434b64601,1646757360000000000,O-20220308-163400-09-000-419,1,38268.1,2.284,15.73278127,49.82047402999999,0.00075
no-pullback,opening-drive-ac7834b14111e81dac,1646757660000000000,O-20220308-164100-09-000-421,2,38238.0,3.562,24.51667608,77.63614091999999,0.00075
no-pullback,opening-drive-ac7834b14111e81dac,1646757960000000000,O-20220308-164100-09-000-422,1,38267.7,3.562,24.53571853,77.69644201999999,0.00075
no-pullback,opening-drive-423c505cd32d08424e,1646815320000000000,O-20220309-084200-09-000-424,1,41921.299999999996,3.151,23.77692293,75.29358929499999,0.00075
no-pullback,opening-drive-423c505cd32d08424e,1646826120000000000,O-20220309-114200-09-000-427,2,42073.9,3.151,23.8634746,75.567669575,0.00075
no-pullback,opening-drive-772378aa9dca306d49,1646876340000000000,O-20220310-013900-09-000-428,2,41487.5,1.233,9.20773575,29.157829875,0.00075
no-pullback,opening-drive-772378aa9dca306d49,1646878200000000000,O-20220310-013900-09-000-430,1,40790.2,1.233,10.05886332,27.66187413,0.00075
no-pullback,opening-drive-e8d6ac15308cb3f665,1646962080000000000,O-20220311-012800-09-000-431,2,38698.8,1.408,9.80782387,31.058108930000003,0.00075
no-pullback,opening-drive-e8d6ac15308cb3f665,1646962620000000000,O-20220311-012800-09-000-432,1,38877.0,1.408,9.85298688,31.201125119999997,0.00075
no-pullback,opening-drive-8a55109077b6ccd8b6,1646962740000000000,O-20220311-013900-09-000-434,2,38811.2,2.594,18.1217255,57.38546409999999,0.00075
no-pullback,opening-drive-8a55109077b6ccd8b6,1646963160000000000,O-20220311-013900-09-000-435,1,38877.4,2.594,18.15263561,57.483346090000005,0.00075
no-pullback,opening-drive-9052ce66dfe1dc4b18,1646963460000000000,O-20220311-015100-09-000-437,2,38714.1,1.421,9.9022925,31.357259575000004,0.00075
no-pullback,opening-drive-9052ce66dfe1dc4b18,1646970840000000000,O-20220311-015100-09-000-438,1,38876.2,1.421,9.94375444,31.488555709999996,0.00075
no-pullback,opening-drive-1c9302d845d540f5ad,1647014880000000000,O-20220311-160800-09-000-440,2,38676.6,1.788,12.44767694,39.41764366,0.00075
no-pullback,opening-drive-1c9302d845d540f5ad,1647015300000000000,O-20220311-160800-09-000-441,1,38788.4,1.788,12.48365866,39.53158574000001,0.00075
no-pullback,opening-drive-deddb26401898372f0,1647015420000000000,O-20220311-161700-09-000-443,2,38734.3,2.609,18.19040197,57.602939555,0.00075
no-pullback,opening-drive-deddb26401898372f0,1647015780000000000,O-20220311-161700-09-000-444,1,38789.100000000006,2.609,18.21613714,57.68443428500001,0.00075
no-pullback,opening-drive-809fd23f79ff53d99b,1647016440000000000,O-20220311-163400-09-000-446,2,38573.0,1.045,7.2555813,22.976007449999997,0.00075
no-pullback,opening-drive-809fd23f79ff53d99b,1647017160000000000,O-20220311-163400-09-000-447,1,38788.6,1.045,7.29613566,23.104429589999995,0.00075
no-pullback,opening-drive-4b28308fe9071559b3,1647018960000000000,O-20220311-171600-09-000-449,2,38573.9,1.034,7.17937427,22.734685180000003,0.00075
no-pullback,opening-drive-4b28308fe9071559b3,1647020760000000000,O-20220311-171600-09-000-450,1,38784.1,1.034,7.21849669,22.858572860000002,0.00075
no-pullback,opening-drive-778f243b2b1c7f7f18,1647047580000000000,O-20220312-011300-09-000-452,1,39228.0,2.171,15.32951784,48.54347316,0.00075
no-pullback,opening-drive-778f243b2b1c7f7f18,1647047820000000000,O-20220312-011300-09-000-453,2,39162.899999999994,2.171,15.30407806,48.46291386499999,0.00075
no-pullback,opening-drive-ebf1211f937786500c,1647049020000000000,O-20220312-013700-09-000-455,1,39174.4,3.726,26.27348659,83.19937421,0.00075
no-pullback,opening-drive-ebf1211f937786500c,1647049080000000000,O-20220312-013700-09-000-456,2,39163.100000000006,3.726,26.26590791,83.17537504000002,0.00075
no-pullback,opening-drive-2086ba9add7a01666b,1647049680000000000,O-20220312-014800-09-000-458,1,39214.899999999994,2.308,16.29143806,51.58955383999999,0.00075
no-pullback,opening-drive-2086ba9add7a01666b,1647049980000000000,O-20220312-014800-09-000-459,2,39164.0,2.308,16.27029216,51.52259183999999,0.00075
no-pullback,opening-drive-eba303d6d779e5bbbd,1647104760000000000,O-20220312-170600-09-000-461,1,39314.6,2.399,16.97683057,53.759963479999996,0.00075
no-pullback,opening-drive-eba303d6d779e5bbbd,1647104940000000000,O-20220312-170600-09-000-462,2,39271.2,2.399,16.95808958,53.70061701999999,0.00075
no-pullback,opening-drive-bf39806ee2799e0947,1647251820000000000,O-20220314-095700-09-000-464,1,39247.0,1.791,12.65244786,40.06608488999999,0.00075
no-pullback,opening-drive-bf39806ee2799e0947,1647251880000000000,O-20220314-095700-09-000-465,2,39172.8,1.791,12.62852726,39.990336340000006,0.00075
no-pullback,opening-drive-9c857fbb3da33cd883,1647366780000000000,O-20220315-175300-09-000-467,1,39257.100000000006,3.347,23.65083247,74.89430280500001,0.00075
no-pullback,opening-drive-9c857fbb3da33cd883,1647366840000000000,O-20220315-175300-09-000-468,2,39247.0,3.347,23.64474762,74.87503413,0.00075
no-pullback,opening-drive-917d590cbb5758c1a5,1647566280000000000,O-20220318-011800-09-000-470,2,40431.4,1.348,9.8102749,31.065870500000006,0.00075
no-pullback,opening-drive-917d590cbb5758c1a5,1647568860000000000,O-20220318-011800-09-000-471,1,40536.899999999994,1.348,9.83587342,31.146932479999997,0.00075
no-pullback,opening-drive-02b1cef40d9552829c,1647620880000000000,O-20220318-162800-09-000-473,1,41138.8,1.799,13.32156622,42.18495968,0.00075
no-pullback,opening-drive-02b1cef40d9552829c,1647631680000000000,O-20220318-192800-09-000-476,2,41651.8,1.799,13.48768588,42.71100527,0.00075
no-pullback,opening-drive-279ad16eceaabdd39c,1647768420000000000,O-20220320-092700-09-000-477,2,41708.0,2.816,21.14095104,66.94634495999999,0.00075
no-pullback,opening-drive-279ad16eceaabdd39c,1647768480000000000,O-20220320-092700-09-000-478,1,41731.2,2.816,21.15271066,66.98358373999999,0.00075
no-pullback,opening-drive-b7ad21d7a00552a9a4,1647768960000000000,O-20220320-093600-09-000-480,2,41692.2,2.279,17.10297428,54.15941856999999,0.00075
no-pullback,opening-drive-b7ad21d7a00552a9a4,1647769380000000000,O-20220320-093600-09-000-481,1,41732.5,2.279,17.11950615,54.211769475,0.00075
no-pullback,opening-drive-114a4a6c3213c24157,1647769680000000000,O-20220320-094800-09-000-483,2,41696.5,2.309,17.32989933,54.878014545,0.00075
no-pullback,opening-drive-114a4a6c3213c24157,1647769800000000000,O-20220320-094800-09-000-484,1,41732.4,2.309,17.34482009,54.92526361,0.00075
no-pullback,opening-drive-830631c7c68967277d,1647797580000000000,O-20220320-173300-09-000-486,2,41129.9,1.622,12.0082856,38.02623775000001,0.00075
no-pullback,opening-drive-830631c7c68967277d,1647800640000000000,O-20220320-173300-09-000-487,1,41204.1,1.622,12.02994904,38.094838610000004,0.00075
no-pullback,opening-drive-2779dbcc8a5fc9785b,1647997500000000000,O-20220323-010500-09-000-489,2,42065.5,1.061,8.03366919,25.439952435,0.00075
no-pullback,opening-drive-2779dbcc8a5fc9785b,1647999780000000000,O-20220323-010500-09-000-490,1,42203.9,1.061,8.06010082,25.523652605,0.00075
no-pullback,opening-drive-a02fc7baa400dfba20,1648081080000000000,O-20220324-001800-09-000-492,1,43152.2,1.197,9.29757301,29.44231454,0.00075
no-pullback,opening-drive-a02fc7baa400dfba20,1648081140000000000,O-20220324-001800-09-000-493,2,43043.4,1.197,9.27413096,29.368081390000004,0.00075
no-pullback,opening-drive-636121ff5e2c82a679,1648082580000000000,O-20220324-004300-09-000-495,1,43090.2,1.813,14.06205587,44.52984357999999,0.00075
no-pullback,opening-drive-636121ff5e2c82a679,1648083300000000000,O-20220324-004300-09-000-496,2,43043.8,1.813,14.04691369,44.48189336000001,0.00075
no-pullback,opening-drive-b4135693a4f3201849,1648083480000000000,O-20220324-005800-09-000-498,1,43071.299999999996,2.125,16.47477225,52.170112124999996,0.00075
no-pullback,opening-drive-b4135693a4f3201849,1648083600000000000,O-20220324-005800-09-000-499,2,43044.0,2.125,16.46433,52.137045,0.00075
no-pullback,opening-drive-330579e39fe1311289,1648139040000000000,O-20220324-162400-09-000-501,1,44113.2,1.139,9.04408826,28.639612839999998,0.00075
no-pullback,opening-drive-330579e39fe1311289,1648139100000000000,O-20220324-162400-09-000-502,2,44013.0,1.139,9.02354526,28.57455999,0.00075
no-pullback,opening-drive-0a21a8e6539a131e55,1648142040000000000,O-20220324-171400-09-000-504,1,44088.6,1.323,10.4992592,33.24765415,0.00075
no-pullback,opening-drive-0a21a8e6539a131e55,1648142760000000000,O-20220324-171400-09-000-505,2,44015.8,1.323,10.48192261,33.19275494000001,0.00075
no-pullback,opening-drive-042a75942cf79f6640,1648171920000000000,O-20220325-013200-09-000-507,1,44258.2,1.387,11.04950221,34.99009034,0.00075
no-pullback,opening-drive-042a75942cf79f6640,1648171980000000000,O-20220325-013200-09-000-508,2,44196.0,1.387,11.03397336,34.94091564,0.00075
no-pullback,opening-drive-e8e4cf94113fcf2789,1648172520000000000,O-20220325-014200-09-000-510,1,44237.299999999996,1.568,12.48553555,39.53752925,0.00075
no-pullback,opening-drive-e8e4cf94113fcf2789,1648172640000000000,O-20220325-014200-09-000-511,2,44193.4,1.568,12.47314522,39.49829318,0.00075
no-pullback,opening-drive-536a3a6230fffdc6a0,1648195680000000000,O-20220325-080800-09-000-513,2,43788.5,1.496,11.79136728,37.339329719999995,0.00075
no-pullback,opening-drive-536a3a6230fffdc6a0,1648196100000000000,O-20220325-080800-09-000-514,1,43834.899999999994,1.496,11.80386187,37.37889592999999,0.00075
no-pullback,opening-drive-16c97c6b11e2325883,1648196280000000000,O-20220325-081800-09-000-516,2,43739.9,1.001,7.88105518,24.956674744999997,0.00075
no-pullback,opening-drive-16c97c6b11e2325883,1648196400000000000,O-20220325-081800-09-000-517,1,43836.700000000004,1.001,7.89849661,25.011905914999996,0.00075
no-pullback,opening-drive-d8bf52eea60a629b82,1648196640000000000,O-20220325-082400-09-000-519,2,43811.0,1.721,13.57177158,42.977276669999995,0.00075
no-pullback,opening-drive-d8bf52eea60a629b82,1648196700000000000,O-20220325-082400-09-000-520,1,43837.0,1.721,13.57982586,43.002781889999994,0.00075
no-pullback,opening-drive-0cb0bef030c52ce96f,1648282740000000000,O-20220326-081900-09-000-522,1,44543.7,1.841,14.76089131,46.742822464999996,0.00075
no-pullback,opening-drive-0cb0bef030c52ce96f,1648282980000000000,O-20220326-081900-09-000-523,2,44527.299999999996,1.841,14.75545667,46.725612805,0.00075
no-pullback,opening-drive-c2c2728366f776f03b,1648427640000000000,O-20220328-003400-09-000-525,1,47397.8,0.347,2.96046659,9.37481086,0.00075
no-pullback,opening-drive-c2c2728366f776f03b,1648428360000000000,O-20220328-003400-09-000-526,2,47041.0,0.347,2.93818086,9.30423939,0.00075
no-pullback,opening-drive-7ed2ffbc6a48255822,1648569840000000000,O-20220329-160400-09-000-528,2,47267.0,1.173,9.97995438,31.603188869999997,0.00075
no-pullback,opening-drive-7ed2ffbc6a48255822,1648569900000000000,O-20220329-160400-09-000-529,1,47318.8,1.173,9.99089143,31.63782287,0.00075
no-pullback,opening-drive-a8706a7f9c39182566,1648570260000000000,O-20220329-161100-09-000-531,2,47220.4,0.82,6.96973104,22.070814959999996,0.00075
no-pullback,opening-drive-a8706a7f9c39182566,1648570740000000000,O-20220329-161100-09-000-532,1,47319.7,0.82,6.98438772,22.117227779999997,0.00075
no-pullback,opening-drive-40d560c10e5d5d425c,1648574340000000000,O-20220329-171900-09-000-534,2,47199.4,0.72,6.11704224,19.37063376,0.00075
no-pullback,opening-drive-40d560c10e5d5d425c,1648575180000000000,O-20220329-171900-09-000-535,1,47316.8,0.72,6.13225728,19.418814719999997,0.00075
no-pullback,opening-drive-da64fcdfd8fbd7e603,1648604640000000000,O-20220330-014400-09-000-537,2,46670.700000000004,0.418,3.51150347,11.119760980000002,0.00075
no-pullback,opening-drive-da64fcdfd8fbd7e603,1648605720000000000,O-20220330-014400-09-000-538,1,46915.0,0.418,3.5298846,11.177967899999999,0.00075
no-pullback,opening-drive-ca3566433d0bbdbe59,1648662540000000000,O-20220330-174900-09-000-540,1,47543.5,1.131,9.67890573,30.649868145,0.00075
no-pullback,opening-drive-ca3566433d0bbdbe59,1648664280000000000,O-20220330-174900-09-000-541,2,47502.1,1.131,9.67047752,30.623178804999995,0.00075
no-pullback,opening-drive-831c85b30839a1cf1b,1648742940000000000,O-20220331-160900-09-000-543,2,46180.700000000004,1.297,10.78134622,34.140929705000005,0.00075
no-pullback,opening-drive-831c85b30839a1cf1b,1648743000000000000,O-20220331-160900-09-000-544,1,46206.8,1.297,10.78743953,34.160225170000004,0.00075
no-pullback,opening-drive-a5cff4d636daa6dba7,1648744080000000000,O-20220331-162800-09-000-546,2,46020.0,0.464,3.8435904,12.1713696,0.00075
no-pullback,opening-drive-a5cff4d636daa6dba7,1648754880000000000,O-20220331-192800-09-000-549,1,45750.0,0.464,3.82104,12.09996,0.00075
no-pullback,opening-drive-ab3837d9064afe3bb9,1648776540000000000,O-20220401-012900-09-000-550,2,45161.100000000006,1.268,10.30756946,32.64063664000001,0.00075
no-pullback,opening-drive-ab3837d9064afe3bb9,1648776600000000000,O-20220401-012900-09-000-551,1,45190.1,1.268,10.31418842,32.66159668,0.00075
no-pullback,opening-drive-da318465328a169901,1648777080000000000,O-20220401-013800-09-000-553,2,45143.2,1.036,8.41830394,26.657962459999997,0.00075
no-pullback,opening-drive-da318465328a169901,1648777200000000000,O-20220401-013800-09-000-554,1,45190.3,1.036,8.42708714,26.685775960000004,0.00075
no-pullback,opening-drive-e0cd66553866ff7266,1648777680000000000,O-20220401-014800-09-000-556,2,45076.0,0.631,5.11973208,16.21248492,0.00075
no-pullback,opening-drive-e0cd66553866ff7266,1648788480000000000,O-20220401-044800-09-000-559,1,44711.100000000006,0.631,5.07828674,16.081241335,0.00075
no-pullback,opening-drive-c18bbe3f2e310c1406,1648860780000000000,O-20220402-005300-09-000-560,1,46800.0,0.419,3.529656,11.177244,0.00075
no-pullback,opening-drive-c18bbe3f2e310c1406,1648863000000000000,O-20220402-005300-09-000-561,2,46580.8,0.419,3.51312394,11.124892460000002,0.00075
no-pullback,opening-drive-b9090281f0e0fa8483,1648863420000000000,O-20220402-013700-09-000-563,1,46643.7,0.867,7.27921582,23.050850105,0.00075
no-pullback,opening-drive-b9090281f0e0fa8483,1648863540000000000,O-20220402-013700-09-000-564,2,46578.1,0.867,7.26897829,23.018431235,0.00075
no-pullback,opening-drive-a07a3de49163c3859d,1648864200000000000,O-20220402-015000-09-000-566,1,46754.4,0.465,3.91334328,12.392253720000001,0.00075
no-pullback,opening-drive-a07a3de49163c3859d,1648867020000000000,O-20220402-015000-09-000-567,2,46579.6,0.465,3.89871252,12.34592298,0.00075
no-pullback,opening-drive-8dff29915e9ed5360a,1648949700000000000,O-20220403-013500-09-000-569,2,45557.8,0.949,7.7821834,24.64358075,0.00075
no-pullback,opening-drive-8dff29915e9ed5360a,1648949760000000000,O-20220403-013500-09-000-570,1,45605.9,0.949,7.79039984,24.669599485000003,0.00075
no-pullback,opening-drive-0b3c1f0a36bcbfe0ba,1649031900000000000,O-20220404-002500-09-000-572,2,46170.0,1.095,9.100107,28.8170055,0.00075
no-pullback,opening-drive-0b3c1f0a36bcbfe0ba,1649042700000000000,O-20220404-032500-09-000-575,1,46100.899999999994,1.095,9.08648739,28.773876734999995,0.00075
no-pullback,opening-drive-534e46fb02f7dfbec4,1649094300000000000,O-20220404-174500-09-000-576,2,45310.0,0.364,2.9687112,9.4009188,0.00075
no-pullback,opening-drive-534e46fb02f7dfbec4,1649098920000000000,O-20220404-174500-09-000-577,1,45536.5,0.364,2.98355148,9.44791302,0.00075
no-pullback,opening-drive-94b8cf43af532dd726,1649203740000000000,O-20220406-000900-09-000-579,2,45228.8,0.707,5.75581709,18.22675411,0.00075
no-pullback,opening-drive-94b8cf43af532dd726,1649203920000000000,O-20220406-000900-09-000-580,1,45308.0,0.707,5.76589608,18.258670919999997,0.00075
no-pullback,opening-drive-b458998a5049fcb5a5,1649204100000000000,O-20220406-001500-09-000-582,2,45035.4,0.294,2.38327337,7.547032330000001,0.00075
no-pullback,opening-drive-b458998a5049fcb5a5,1649204460000000000,O-20220406-001500-09-000-584,1,44420.0,0.294,2.611896,7.182713999999999,0.00075
no-pullback,opening-drive-37df07ff0dd882cf19,1649206380000000000,O-20220406-005300-09-000-585,2,45030.899999999994,0.305,2.47219641,7.828621964999998,0.00075
no-pullback,opening-drive-37df07ff0dd882cf19,1649208000000000000,O-20220406-005300-09-000-586,1,45309.7,0.305,2.48750253,7.877091344999999,0.00075
no-pullback,opening-drive-750946ef0bb78adcf8,1649208120000000000,O-20220406-012200-09-000-588,2,45271.0,1.001,8.15692878,25.830274469999996,0.00075
no-pullback,opening-drive-750946ef0bb78adcf8,1649208180000000000,O-20220406-012200-09-000-589,1,45305.5,1.001,8.16314499,25.849959134999995,0.00075
no-pullback,opening-drive-d72d5bf45f1100b3b4,1649208660000000000,O-20220406-013100-09-000-591,2,45138.1,0.422,3.42869008,10.857518569999998,0.00075
no-pullback,opening-drive-d72d5bf45f1100b3b4,1649211900000000000,O-20220406-013100-09-000-592,1,45305.8,0.422,3.44142857,10.897857130000002,0.00075
no-pullback,opening-drive-cf1612d33263450515,1649264700000000000,O-20220406-170500-09-000-594,2,43570.1,0.567,4.44676441,14.081420614999997,0.00075
no-pullback,opening-drive-cf1612d33263450515,1649265420000000000,O-20220406-170500-09-000-595,1,43674.8,0.567,4.45745009,14.11525861,0.00075
no-pullback,opening-drive-246726cb4b9e81553d,1649292780000000000,O-20220407-005300-09-000-597,2,42765.0,0.231,1.7781687,5.63086755,0.00075
no-pullback,opening-drive-246726cb4b9e81553d,1649293740000000000,O-20220407-005300-09-000-598,1,43105.8,0.231,1.79233916,5.675740690000001,0.00075
no-pullback,opening-drive-82609da552c2cdb92f,1649294460000000000,O-20220407-012100-09-000-600,2,43025.6,0.605,4.68548784,14.837378159999998,0.00075
no-pullback,opening-drive-82609da552c2cdb92f,1649294580000000000,O-20220407-012100-09-000-601,1,43111.100000000006,0.605,4.69479879,14.866862835000001,0.00075
no-pullback,opening-drive-2cb4c41a167ad56680,1649405040000000000,O-20220408-080400-09-000-603,1,43780.1,1.035,8.15623263,25.828069994999996,0.00075
no-pullback,opening-drive-2cb4c41a167ad56680,1649405220000000000,O-20220408-080400-09-000-604,2,43760.700000000004,1.035,8.15261841,25.816624965,0.00075
no-pullback,opening-drive-461a4e5421fdca3bb8,1649405400000000000,O-20220408-081000-09-000-606,1,43779.299999999996,1.007,7.93543592,25.12888040499999,0.00075
no-pullback,opening-drive-461a4e5421fdca3bb8,1649405460000000000,O-20220408-081000-09-000-607,2,43760.1,1.007,7.93195573,25.117859794999998,0.00075
no-pullback,opening-drive-b272a9e87365b54017,1649405760000000000,O-20220408-081600-09-000-609,1,43858.0,0.506,3.99458664,12.649524360000001,0.00075
no-pullback,opening-drive-b272a9e87365b54017,1649406660000000000,O-20220408-081600-09-000-610,2,43759.8,0.506,3.98564258,12.621201520000001,0.00075
no-pullback,opening-drive-e87e31c7f21c7a6f97,1649407800000000000,O-20220408-085000-09-000-612,1,43898.0,0.396,3.12904944,9.908656559999999,0.00075
no-pullback,opening-drive-e87e31c7f21c7a6f97,1649408160000000000,O-20220408-085000-09-000-613,2,43761.0,0.396,3.11928408,9.87773292,0.00075
no-pullback,opening-drive-2bea583243081577db,1649525520000000000,O-20220409-173200-09-000-615,1,42564.700000000004,0.815,6.24424149,19.773431385,0.00075
no-pullback,opening-drive-2bea583243081577db,1649525760000000000,O-20220409-173200-09-000-616,2,42532.8,0.815,6.23956176,19.75861224,0.00075
no-pullback,opening-drive-c9b3c54777758a1ed6,1649525880000000000,O-20220409-173800-09-000-618,1,42554.4,0.884,6.77125613,21.44231107,0.00075
no-pullback,opening-drive-c9b3c54777758a1ed6,1649526180000000000,O-20220409-173800-09-000-619,2,42532.6,0.884,6.76778731,21.431326489999996,0.00075
no-pullback,opening-drive-824cc73bdb4a70ccf3,1649526360000000000,O-20220409-174600-09-000-621,1,42566.3,0.753,5.7694363,18.269881625,0.00075
no-pullback,opening-drive-824cc73bdb4a70ccf3,1649526720000000000,O-20220409-174600-09-000-622,2,42532.700000000004,0.753,5.76488216,18.255460165000002,0.00075
no-pullback,opening-drive-dfe36e679ae9910f5f,1649581860000000000,O-20220410-091100-09-000-624,2,42536.6,0.846,6.47747345,20.51199925,0.00075
no-pullback,opening-drive-dfe36e679ae9910f5f,1649582400000000000,O-20220410-091100-09-000-625,1,42556.899999999994,0.846,6.48056473,20.521788319999995,0.00075
no-pullback,opening-drive-d4bfce95c8360ffdc9,1649582640000000000,O-20220410-092400-09-000-627,2,42515.5,0.656,5.02023024,15.89739576,0.00075
no-pullback,opening-drive-d4bfce95c8360ffdc9,1649583120000000000,O-20220410-092400-09-000-628,1,42557.0,0.656,5.02513056,15.912913439999999,0.00075
no-pullback,opening-drive-e2603948f7bcab5cf9,1649583420000000000,O-20220410-093700-09-000-630,2,42520.0,0.664,5.0819904,16.092969600000004,0.00075
no-pullback,opening-drive-e2603948f7bcab5cf9,1649583720000000000,O-20220410-093700-09-000-631,1,42557.100000000006,0.664,5.08642459,16.107011210000003,0.00075
no-pullback,opening-drive-8a48e00cb31f083906,1649583840000000000,O-20220410-094400-09-000-633,2,42542.899999999994,0.835,6.39419787,20.248293254999993,0.00075
no-pullback,opening-drive-8a48e00cb31f083906,1649583900000000000,O-20220410-094400-09-000-634,1,42556.899999999994,0.835,6.39630207,20.254956554999996,0.00075
no-pullback,opening-drive-a014785ef5de1f90fb,1649584200000000000,O-20220410-095000-09-000-636,2,42499.5,0.519,3.97030329,12.572627084999999,0.00075
no-pullback,opening-drive-a014785ef5de1f90fb,1649589360000000000,O-20220410-095000-09-000-637,1,42557.0,0.519,3.97567494,12.58963731,0.00075
no-pullback,opening-drive-a81e6dbccdf39c7779,1649610600000000000,O-20220410-171000-09-000-639,1,42863.8,0.761,5.87148332,18.593030530000004,0.00075
no-pullback,opening-drive-a81e6dbccdf39c7779,1649610900000000000,O-20220410-171000-09-000-640,2,42847.7,0.761,5.86927795,18.586046825,0.00075
no-pullback,opening-drive-544dbbba8786c3fb22,1649611260000000000,O-20220410-172100-09-000-642,1,42883.6,0.587,4.53108118,14.34842372,0.00075
no-pullback,opening-drive-544dbbba8786c3fb22,1649612160000000000,O-20220410-172100-09-000-644,2,43280.1,0.587,5.08108374,13.972980284999997,0.00075
no-pullback,opening-drive-664ce73fa0bf8aded0,1649636640000000000,O-20220411-002400-09-000-645,2,41825.6,0.79,5.94760032,18.83406768,0.00075
no-pullback,opening-drive-664ce73fa0bf8aded0,1649636700000000000,O-20220411-002400-09-000-646,1,41845.299999999996,0.79,5.95040166,18.842938589999996,0.00075
no-pullback,opening-drive-1ba69b03e2f6f5a9a6,1649694540000000000,O-20220411-162900-09-000-648,2,40512.1,0.69,5.03160282,15.933408929999999,0.00075
no-pullback,opening-drive-1ba69b03e2f6f5a9a6,1649694600000000000,O-20220411-162900-09-000-649,1,40542.899999999994,0.69,5.03542818,15.945522569999996,0.00075
no-pullback,opening-drive-3a0a55f3a61a56c417,1649697480000000000,O-20220411-171800-09-000-651,2,40356.1,0.247,1.79423221,5.681735314999999,0.00075
no-pullback,opening-drive-3a0a55f3a61a56c417,1649698560000000000,O-20220411-171800-09-000-652,1,40542.899999999994,0.247,1.80253733,5.708034895,0.00075
no-pullback,opening-drive-e91384afdaac4c2ee9,1649698740000000000,O-20220411-173900-09-000-654,2,40382.5,0.266,1.9335141,6.12279465,0.00075
no-pullback,opening-drive-e91384afdaac4c2ee9,1649703780000000000,O-20220411-173900-09-000-655,1,40545.2,0.266,1.94130418,6.147463220000001,0.00075
no-pullback,opening-drive-27140b47b675a394a7,1649751240000000000,O-20220412-081400-09-000-657,1,40255.6,0.396,2.86941917,9.08649403,0.00075
no-pullback,opening-drive-27140b47b675a394a7,1649751600000000000,O-20220412-081400-09-000-658,2,40170.5,0.396,2.86335324,9.06728526,0.00075
no-pullback,opening-drive-0d3d74b4cb95e13619,1649752920000000000,O-20220412-084200-09-000-660,1,40233.4,0.453,3.28063144,10.388666210000002,0.00075
no-pullback,opening-drive-0d3d74b4cb95e13619,1649753340000000000,O-20220412-084200-09-000-661,2,40170.4,0.453,3.27549442,10.372398980000002,0.00075
no-pullback,opening-drive-4b21db93fa2435724c,1649757360000000000,O-20220412-095600-09-000-663,1,40214.3,0.526,3.80748992,12.057051430000003,0.00075
no-pullback,opening-drive-4b21db93fa2435724c,1649757960000000000,O-20220412-095600-09-000-664,2,40171.4,0.526,3.80342815,12.044189150000003,0.00075
no-pullback,opening-drive-cc279ae84d8273d2d4,1649928420000000000,O-20220414-092700-09-000-666,2,40971.0,0.391,2.88353898,9.13120677,0.00075
no-pullback,opening-drive-cc279ae84d8273d2d4,1649928840000000000,O-20220414-092700-09-000-667,1,41043.9,0.391,2.88866968,9.147453995000001,0.00075
no-pullback,opening-drive-84d7f376f85d849e8a,1649954100000000000,O-20220414-163500-09-000-669,2,39885.4,0.584,4.19275325,13.27705195,0.00075
no-pullback,opening-drive-84d7f376f85d849e8a,1649955420000000000,O-20220414-163500-09-000-670,1,39913.0,0.584,4.19565456,13.28623944,0.00075
no-pullback,opening-drive-ad5e4f7125e3b0d384,1649955720000000000,O-20220414-170200-09-000-672,2,39899.6,0.68,4.88371104,15.465084959999999,0.00075
no-pullback,opening-drive-ad5e4f7125e3b0d384,1649955780000000000,O-20220414-170200-09-000-673,1,39912.6,0.68,4.88530224,15.470123759999998,0.00075
no-pullback,opening-drive-7e0ea2c64351e786b0,1649956200000000000,O-20220414-171000-09-000-675,2,39904.0,0.708,5.08536576,16.103658239999998,0.00075
no-pullback,opening-drive-7e0ea2c64351e786b0,1649956260000000000,O-20220414-171000-09-000-676,1,39912.0,0.708,5.08638528,16.10688672,0.00075
no-pullback,opening-drive-02193af6aa37da1a50,1649956560000000000,O-20220414-171600-09-000-678,2,39851.5,0.389,2.79040203,8.836273095,0.00075
no-pullback,opening-drive-02193af6aa37da1a50,1649957160000000000,O-20220414-171600-09-000-679,1,39911.5,0.389,2.79460323,8.849576895,0.00075
no-pullback,opening-drive-9d7bdd606596444c3b,1649958360000000000,O-20220414-174600-09-000-681,2,39869.299999999996,0.444,3.18635446,10.09012244,0.00075
no-pullback,opening-drive-9d7bdd606596444c3b,1649959140000000000,O-20220414-174600-09-000-682,1,39911.299999999996,0.444,3.1897111,10.1007518,0.00075
no-pullback,opening-drive-eac0aad94bf2db231d,1649982360000000000,O-20220415-002600-09-000-684,1,40078.3,0.505,3.64311747,11.536538655000001,0.00075
no-pullback,opening-drive-eac0aad94bf2db231d,1649982780000000000,O-20220415-002600-09-000-685,2,40051.6,0.505,3.64069044,11.52885306,0.00075
no-pullback,opening-drive-10ea55f9dbc98fd080,1650098160000000000,O-20220416-083600-09-000-687,2,40340.0,0.593,4.3058916,13.635323399999999,0.00075
no-pullback,opening-drive-10ea55f9dbc98fd080,1650098340000000000,O-20220416-083600-09-000-688,1,40351.2,0.593,4.30708709,13.63910911,0.00075
no-pullback,opening-drive-b79ddfd39ac3a6f130,1650099480000000000,O-20220416-085800-09-000-690,2,40345.2,0.62,4.50252432,14.257993679999998,0.00075
no-pullback,opening-drive-b79ddfd39ac3a6f130,1650099540000000000,O-20220416-085800-09-000-691,1,40351.299999999996,0.62,4.50320508,14.260149419999998,0.00075
no-pullback,opening-drive-48ca6cf2e8b46e2bf0,1650099960000000000,O-20220416-090600-09-000-693,2,40326.1,0.468,3.39707066,10.75739044,0.00075
no-pullback,opening-drive-48ca6cf2e8b46e2bf0,1650100080000000000,O-20220416-090600-09-000-694,1,40351.100000000006,0.468,3.39917666,10.764059440000002,0.00075
no-pullback,opening-drive-9f97157197b4dc5ef2,1650101940000000000,O-20220416-093900-09-000-696,2,40326.3,0.454,3.29546524,10.43563991,0.00075
no-pullback,opening-drive-9f97157197b4dc5ef2,1650102300000000000,O-20220416-093900-09-000-697,1,40351.4,0.454,3.29751641,10.442135290000003,0.00075
no-pullback,opening-drive-b65c8cd662fdd19641,1650102300000000000,O-20220416-094500-09-000-699,2,40338.5,0.513,3.72485709,11.795380784999999,0.00075
no-pullback,opening-drive-b65c8cd662fdd19641,1650102480000000000,O-20220416-094500-09-000-700,1,40351.4,0.513,3.72604828,11.799152870000004,0.00075
no-pullback,opening-drive-4096026888faedd2f4,1650102720000000000,O-20220416-095200-09-000-702,2,40291.299999999996,0.301,2.18298263,6.912778344999999,0.00075
no-pullback,opening-drive-4096026888faedd2f4,1650104280000000000,O-20220416-095200-09-000-703,1,40352.0,0.301,2.18627136,6.923192639999999,0.00075
no-pullback,opening-drive-016aed64f895f2e747,1650186480000000000,O-20220417-090800-09-000-705,1,40451.100000000006,0.417,3.03625957,9.614821955,0.00075
no-pullback,opening-drive-016aed64f895f2e747,1650188100000000000,O-20220417-090800-09-000-706,2,40426.899999999994,0.417,3.03444311,9.609069864999997,0.00075
no-pullback,opening-drive-0e53f487e052214e56,1650188220000000000,O-20220417-093700-09-000-708,1,40438.5,0.471,3.42837603,10.856524094999997,0.00075
no-pullback,opening-drive-0e53f487e052214e56,1650188460000000000,O-20220417-093700-09-000-709,2,40426.3,0.471,3.42734171,10.853248765000002,0.00075
no-pullback,opening-drive-29351198d999497873,1650215040000000000,O-20220417-170400-09-000-711,2,40159.5,0.491,3.54929661,11.239439265,0.00075
no-pullback,opening-drive-29351198d999497873,1650215100000000000,O-20220417-170400-09-000-712,1,40167.2,0.491,3.54997714,11.24159426,0.00075
no-pullback,opening-drive-a269a1ac6260f87fcb,1650216660000000000,O-20220417-173100-09-000-714,2,40155.2,0.453,3.27425501,10.36847419,0.00075
no-pullback,opening-drive-a269a1ac6260f87fcb,1650216720000000000,O-20220417-173100-09-000-715,1,40166.3,0.453,3.2751601,10.371340325000002,0.00075
no-pullback,opening-drive-a0ed881a95af58b779,1650217680000000000,O-20220417-174800-09-000-717,2,40140.6,0.366,2.64446273,8.374131969999999,0.00075
no-pullback,opening-drive-a0ed881a95af58b779,1650217920000000000,O-20220417-174800-09-000-718,1,40166.0,0.366,2.64613608,8.379430919999999,0.00075
no-pullback,opening-drive-4ebbca42b4e057577f,1650218280000000000,O-20220417-175800-09-000-720,2,40054.0,0.177,1.27612044,4.04104806,0.00075
no-pullback,opening-drive-4ebbca42b4e057577f,1650224520000000000,O-20220417-175800-09-000-721,1,40165.8,0.177,1.27968239,4.05232756,0.00075
no-pullback,opening-drive-d109194975716ada72,1650302940000000000,O-20220418-172900-09-000-723,1,39891.4,0.081,0.58161661,1.8417859400000003,0.00075
no-pullback,opening-drive-d109194975716ada72,1650305520000000000,O-20220418-172900-09-000-725,2,40420.0,0.081,0.654804,1.8007110000000002,0.00075
no-pullback,opening-drive-76a8b583d478b6c049,1650505020000000000,O-20220421-013700-09-000-726,1,41680.899999999994,0.355,2.66340951,8.434130114999999,0.00075
no-pullback,opening-drive-76a8b583d478b6c049,1650505860000000000,O-20220421-013700-09-000-727,2,41657.100000000006,0.355,2.66188869,8.429314185,0.00075
no-pullback,opening-drive-7f9fee6a74c96b91ac,1650531060000000000,O-20220421-085100-09-000-729,1,41979.100000000006,0.281,2.12330288,6.723792445000003,0.00075
no-pullback,opening-drive-7f9fee6a74c96b91ac,1650531120000000000,O-20220421-085100-09-000-730,2,41936.1,0.281,2.12112794,6.716905135,0.00075
no-pullback,opening-drive-8e97a8556f574efcdf,1650561240000000000,O-20220421-171400-09-000-732,2,41705.9,0.369,2.77010588,8.772001945000001,0.00075
no-pullback,opening-drive-8e97a8556f574efcdf,1650561300000000000,O-20220421-171400-09-000-733,1,41721.4,0.369,2.77113539,8.775262060000001,0.00075
no-pullback,opening-drive-0cc0e1f847e0916f75,1650561600000000000,O-20220421-172000-09-000-735,2,41640.1,0.194,1.45407229,4.604562260000001,0.00075
no-pullback,opening-drive-0cc0e1f847e0916f75,1650561720000000000,O-20220421-172000-09-000-736,1,41721.6,0.194,1.45691827,4.61357453,0.00075
no-pullback,opening-drive-2c7fd6b046e1d56b45,1650562620000000000,O-20220421-173700-09-000-738,2,41619.5,0.164,1.22860764,3.8905908599999997,0.00075
no-pullback,opening-drive-2c7fd6b046e1d56b45,1650573420000000000,O-20220421-203700-09-000-741,1,40920.1,0.164,1.20796135,3.8252109499999998,0.00075
no-pullback,opening-drive-d08d15ecc59f1ba53a,1650643620000000000,O-20220422-160700-09-000-742,2,39255.6,0.272,1.92195418,6.0861882199999995,0.00075
no-pullback,opening-drive-d08d15ecc59f1ba53a,1650643680000000000,O-20220422-160700-09-000-743,1,39308.0,0.272,1.92451968,6.094312320000002,0.00075
no-pullback,opening-drive-39c97bf90021d65507,1650730200000000000,O-20220423-161000-09-000-745,1,39829.7,0.313,2.2440053,7.106016774999999,0.00075
no-pullback,opening-drive-39c97bf90021d65507,1650733260000000000,O-20220423-161000-09-000-746,2,39795.6,0.313,2.2420841,7.099933,0.00075
no-pullback,opening-drive-3ab09824ccae322af0,1650819180000000000,O-20220424-165300-09-000-748,2,39126.3,0.11,0.77470074,2.4532190099999998,0.00075
no-pullback,opening-drive-3ab09824ccae322af0,1650819360000000000,O-20220424-165300-09-000-749,1,39325.5,0.11,0.7786449,2.46570885,0.00075
no-pullback,opening-drive-128a0fffd109989a28,1650820140000000000,O-20220424-170900-09-000-751,2,39309.6,0.349,2.46942907,7.819858729999999,0.00075
no-pullback,opening-drive-128a0fffd109989a28,1650820200000000000,O-20220424-170900-09-000-752,1,39329.9,0.349,2.47070432,7.823897004999999,0.00075
no-pullback,opening-drive-9f610240c7bc625f08,1650820500000000000,O-20220424-171500-09-000-754,2,39296.3,0.288,2.03712019,6.45088061,0.00075
no-pullback,opening-drive-9f610240c7bc625f08,1650820740000000000,O-20220424-171500-09-000-755,1,39330.4,0.288,2.03888794,6.45647846,0.00075
no-pullback,opening-drive-4cfaa956d17ae6c208,1650820860000000000,O-20220424-172100-09-000-757,2,39277.5,0.232,1.6402284,5.194056600000001,0.00075
no-pullback,opening-drive-4cfaa956d17ae6c208,1650821580000000000,O-20220424-172100-09-000-758,1,39330.4,0.232,1.6424375,5.201052100000001,0.00075
no-pullback,opening-drive-798173a20bdd074ae0,1650848160000000000,O-20220425-005600-09-000-760,2,38832.8,0.216,1.50981926,4.78109434,0.00075
no-pullback,opening-drive-798173a20bdd074ae0,1650848220000000000,O-20220425-005600-09-000-761,1,38890.899999999994,0.216,1.51207819,4.788247609999999,0.00075
no-pullback,opening-drive-bfb5fbffa9e9cf6077,1650848760000000000,O-20220425-010600-09-000-763,2,38767.7,0.135,0.94205511,2.983174515,0.00075
no-pullback,opening-drive-bfb5fbffa9e9cf6077,1650848940000000000,O-20220425-010600-09-000-764,1,38890.700000000004,0.135,0.94504401,2.9926393650000005,0.00075
no-pullback,opening-drive-d816d88e6e890d28a6,1650849300000000000,O-20220425-011500-09-000-766,2,38876.0,0.323,2.26025064,7.15746036,0.00075
no-pullback,opening-drive-d816d88e6e890d28a6,1650849360000000000,O-20220425-011500-09-000-767,1,38891.100000000006,0.323,2.26112855,7.160240425000002,0.00075
no-pullback,opening-drive-8fb769448b9e50bb1b,1650905100000000000,O-20220425-164500-09-000-769,1,39517.0,0.149,1.05984594,3.3561788099999994,0.00075
no-pullback,opening-drive-8fb769448b9e50bb1b,1650906060000000000,O-20220425-164500-09-000-770,2,39422.2,0.149,1.0573034,3.348127449999999,0.00075
no-pullback,opening-drive-c970b53273aa528b03,1650906300000000000,O-20220425-170500-09-000-772,1,39450.6,0.257,1.82498476,5.77911839,0.00075
no-pullback,opening-drive-c970b53273aa528b03,1650906360000000000,O-20220425-170500-09-000-773,2,39422.8,0.257,1.82369873,5.775045970000001,0.00075
no-pullback,opening-drive-167f54e667fc35ec56,1650906780000000000,O-20220425-171300-09-000-775,1,39478.700000000004,0.188,1.33595921,4.230537490000001,0.00075
no-pullback,opening-drive-167f54e667fc35ec56,1650908040000000000,O-20220425-171300-09-000-776,2,39422.6,0.188,1.33406078,4.224525820000001,0.00075
no-pullback,opening-drive-e41e7e0fd1f8ff5613,1650989040000000000,O-20220426-160400-09-000-778,2,38504.0,0.227,1.57327344,4.9820325599999995,0.00075
no-pullback,opening-drive-e41e7e0fd1f8ff5613,1650989100000000000,O-20220426-160400-09-000-779,1,38538.8,0.227,1.57469537,4.98653533,0.00075
no-pullback,opening-drive-d8e667e06629413aa5,1650990900000000000,O-20220426-163500-09-000-781,2,38523.7,0.28,1.94159448,6.14838252,0.00075
no-pullback,opening-drive-d8e667e06629413aa5,1650990960000000000,O-20220426-163500-09-000-782,1,38538.6,0.28,1.94234544,6.15076056,0.00075
no-pullback,opening-drive-00b089a9191ddc7514,1650991260000000000,O-20220426-164100-09-000-784,2,38383.4,0.092,0.6356291,2.0128255,0.00075
no-pullback,opening-drive-00b089a9191ddc7514,1650991620000000000,O-20220426-164100-09-000-785,1,38538.6,0.092,0.63819922,2.02096418,0.00075
no-pullback,opening-drive-0501ddf536c0a196c2,1650992700000000000,O-20220426-170500-09-000-787,2,38476.4,0.161,1.11504607,3.5309792300000002,0.00075
no-pullback,opening-drive-0501ddf536c0a196c2,1651000260000000000,O-20220426-170500-09-000-788,1,38537.299999999996,0.161,1.11681095,3.536568025,0.00075
no-pullback,opening-drive-409cf3f1291557f37f,1651047420000000000,O-20220427-081700-09-000-790,1,39195.299999999996,0.097,0.68434994,2.167108135,0.00075
no-pullback,opening-drive-409cf3f1291557f37f,1651048020000000000,O-20220427-081700-09-000-791,2,39063.4,0.097,0.68204696,2.15981539,0.00075
no-pullback,opening-drive-5da584012e1058c505,1651053480000000000,O-20220427-095800-09-000-793,1,39077.8,0.257,1.80773903,5.724506920000001,0.00075
no-pullback,opening-drive-5da584012e1058c505,1651053540000000000,O-20220427-095800-09-000-794,2,39066.2,0.257,1.80720241,5.72280764,0.00075
no-pullback,opening-drive-4ff874f96c9501eae3,1651107900000000000,O-20220428-010500-09-000-796,1,39433.8,0.171,1.21377236,3.8436124900000004,0.00075
no-pullback,opening-drive-4ff874f96c9501eae3,1651108680000000000,O-20220428-010500-09-000-797,2,39390.6,0.171,1.21244267,3.839401780000001,0.00075
no-pullback,opening-drive-70dc29b123c0b5ebed,1651108860000000000,O-20220428-012100-09-000-799,1,39414.700000000004,0.199,1.41183455,4.4708094250000014,0.00075
no-pullback,opening-drive-70dc29b123c0b5ebed,1651109700000000000,O-20220428-012100-09-000-800,2,39388.3,0.199,1.41088891,4.467814865000001,0.00075
no-pullback,opening-drive-25b7e94812715a6bcf,1651136820000000000,O-20220428-090700-09-000-802,1,39743.7,0.139,0.99438737,3.1488933550000002,0.00075
no-pullback,opening-drive-25b7e94812715a6bcf,1651137840000000000,O-20220428-090700-09-000-803,2,39685.100000000006,0.139,0.9929212,3.144250475000001,0.00075
no-pullback,opening-drive-db8efdced7824f8521,1651138320000000000,O-20220428-093200-09-000-805,1,39716.899999999994,0.177,1.26538043,4.007038044999999,0.00075
no-pullback,opening-drive-db8efdced7824f8521,1651138380000000000,O-20220428-093200-09-000-806,2,39686.0,0.177,1.26439596,4.003920539999999,0.00075
no-pullback,opening-drive-066d8b72b2619487d4,1651138920000000000,O-20220428-094200-09-000-808,1,39779.9,0.101,0.72319858,2.2901288450000004,0.00075
no-pullback,opening-drive-066d8b72b2619487d4,1651140780000000000,O-20220428-094200-09-000-809,2,39686.6,0.101,0.72150239,2.28475756,0.00075
no-pullback,opening-drive-0ba878593d28be3e21,1651223280000000000,O-20220429-090800-09-000-811,2,39143.6,0.089,0.62708047,1.9857548299999996,0.00075
no-pullback,opening-drive-0ba878593d28be3e21,1651223460000000000,O-20220429-090800-09-000-812,1,39252.899999999994,0.089,0.62883146,1.9912996149999995,0.00075
no-pullback,opening-drive-cbe0faddeb7ccfc890,1651223700000000000,O-20220429-091500-09-000-814,2,39195.0,0.124,0.8748324,2.7703026,0.00075
no-pullback,opening-drive-cbe0faddeb7ccfc890,1651224060000000000,O-20220429-091500-09-000-815,1,39253.7,0.124,0.87614258,2.7744515199999995,0.00075
no-pullback,opening-drive-e463954e9cab4cbba3,1651224180000000000,O-20220429-092300-09-000-817,2,39225.0,0.159,1.1226195,3.5549617500000004,0.00075
no-pullback,opening-drive-e463954e9cab4cbba3,1651224660000000000,O-20220429-092300-09-000-818,1,39255.0,0.159,1.1234781,3.55768065,0.00075
no-pullback,opening-drive-6da5a948fdadff8d5d,1651224780000000000,O-20220429-093300-09-000-820,2,39165.100000000006,0.092,0.64857406,2.0538178400000002,0.00075
no-pullback,opening-drive-6da5a948fdadff8d5d,1651225080000000000,O-20220429-093300-09-000-821,1,39255.2,0.092,0.65006611,2.05854269,0.00075
no-pullback,opening-drive-0200be1988e15d6521,1651225680000000000,O-20220429-094800-09-000-823,2,39145.5,0.08,0.5636952,1.7850347999999998,0.00075
no-pullback,opening-drive-0200be1988e15d6521,1651236480000000000,O-20220429-124800-09-000-826,1,39078.700000000004,0.08,0.56273328,1.7819887200000002,0.00075
no-pullback,opening-drive-5b039a822b31140b0e,1651250760000000000,O-20220429-164600-09-000-827,2,38549.9,0.132,0.91594562,2.9004944800000003,0.00075
no-pullback,opening-drive-5b039a822b31140b0e,1651250880000000000,O-20220429-164600-09-000-828,1,38592.700000000004,0.132,0.91696255,2.9037147500000007,0.00075
no-pullback,opening-drive-abaa1772b92fd62eac,1651251180000000000,O-20220429-165300-09-000-830,2,38524.899999999994,0.102,0.70731716,2.2398376899999994,0.00075
no-pullback,opening-drive-abaa1772b92fd62eac,1651251780000000000,O-20220429-165300-09-000-831,1,38593.4,0.102,0.70857482,2.2438202800000004,0.00075
no-pullback,opening-drive-57c8a9f44b56423ce6,1651252020000000000,O-20220429-170700-09-000-833,2,38570.0,0.153,1.0622178,3.3636896999999997,0.00075
no-pullback,opening-drive-57c8a9f44b56423ce6,1651252560000000000,O-20220429-170700-09-000-834,1,38594.0,0.153,1.06287876,3.3657827399999998,0.00075
no-pullback,opening-drive-e270ddcf330f74a545,1651254540000000000,O-20220429-174900-09-000-836,2,38480.899999999994,0.073,0.50563903,1.6011902449999997,0.00075
no-pullback,opening-drive-e270ddcf330f74a545,1651254720000000000,O-20220429-174900-09-000-837,1,38590.3,0.073,0.50707654,1.605742385,0.00075
no-pullback,opening-drive-13cea2257afec08f80,1651369020000000000,O-20220501-013700-09-000-839,2,37505.9,0.113,0.76287001,2.4157550150000002,0.00075
no-pullback,opening-drive-13cea2257afec08f80,1651369080000000000,O-20220501-013700-09-000-840,1,37553.6,0.113,0.76384022,2.41882738,0.00075
no-pullback,opening-drive-325dfc37a47fb9eca3,1651451100000000000,O-20220502-002500-09-000-842,1,38680.1,0.147,1.02347545,3.241005575,0.00075
no-pullback,opening-drive-325dfc37a47fb9eca3,1651451280000000000,O-20220502-002500-09-000-843,2,38660.3,0.147,1.02295154,3.239346535,0.00075
no-pullback,opening-drive-b95a450050123627c5,1651451640000000000,O-20220502-003400-09-000-845,1,38704.0,0.109,0.75937248,2.4046795199999997,0.00075
no-pullback,opening-drive-b95a450050123627c5,1651451820000000000,O-20220502-003400-09-000-846,2,38660.2,0.109,0.75851312,2.40195823,0.00075
no-pullback,opening-drive-b353e544f7106c39a0,1651452240000000000,O-20220502-004400-09-000-848,1,38712.899999999994,0.097,0.67592723,2.140436245,0.00075
no-pullback,opening-drive-b353e544f7106c39a0,1651452420000000000,O-20220502-004400-09-000-849,2,38660.1,0.097,0.67500535,2.1375169250000003,0.00075
no-pullback,opening-drive-d2d0838d1c3310140b,1651453800000000000,O-20220502-011000-09-000-851,1,38718.6,0.092,0.64118002,2.03040338,0.00075
no-pullback,opening-drive-d2d0838d1c3310140b,1651453980000000000,O-20220502-011000-09-000-852,2,38662.700000000004,0.092,0.64025431,2.02747199,0.00075
no-pullback,opening-drive-9ac720c9e9171c85ed,1651597680000000000,O-20220503-170800-09-000-854,2,38103.8,0.122,0.83675945,2.64973825,0.00075
no-pullback,opening-drive-9ac720c9e9171c85ed,1651597800000000000,O-20220503-170800-09-000-855,1,38129.7,0.122,0.83732821,2.65153934,0.00075
no-pullback,opening-drive-2dfed480e66bb59a70,1651600500000000000,O-20220503-175500-09-000-857,2,38105.6,0.122,0.83679898,2.6498634199999995,0.00075
no-pullback,opening-drive-2dfed480e66bb59a70,1651602660000000000,O-20220503-175500-09-000-859,1,37592.3,0.122,0.91725212,2.5224433300000006,0.00075
no-pullback,opening-drive-84a3569959eb6028df,1651651980000000000,O-20220504-081300-09-000-860,1,38827.7,0.095,0.66395367,2.102519955,0.00075
no-pullback,opening-drive-84a3569959eb6028df,1651652100000000000,O-20220504-081300-09-000-861,2,38764.6,0.095,0.66287466,2.09910309,0.00075
no-pullback,opening-drive-9c59feca6c144f37d6,1651652880000000000,O-20220504-082800-09-000-863,1,38799.4,0.12,0.83806704,2.6538789599999997,0.00075
no-pullback,opening-drive-9c59feca6c144f37d6,1651663680000000000,O-20220504-112800-09-000-866,2,38995.0,0.12,0.842292,2.667258,0.00075
no-pullback,opening-drive-9ad14b683ec6c03999,1651681440000000000,O-20220504-162400-09-000-867,1,39297.5,0.072,0.5092956,1.6127693999999997,0.00075
no-pullback,opening-drive-9ad14b683ec6c03999,1651681500000000000,O-20220504-162400-09-000-868,2,39195.299999999996,0.072,0.50797109,1.6085751099999996,0.00075
no-pullback,opening-drive-f65e782ca19433d4d4,1651681800000000000,O-20220504-163000-09-000-870,1,39318.6,0.061,0.43171823,1.36710772,0.00075
no-pullback,opening-drive-f65e782ca19433d4d4,1651681920000000000,O-20220504-163000-09-000-871,2,39193.9,0.061,0.43034902,1.3627719050000002,0.00075
no-pullback,opening-drive-cb62575f68d21815e1,1651682400000000000,O-20220504-164000-09-000-873,1,39234.6,0.109,0.76978285,2.4376456999999996,0.00075
no-pullback,opening-drive-cb62575f68d21815e1,1651682520000000000,O-20220504-164000-09-000-874,2,39193.299999999996,0.109,0.76897255,2.4350797249999996,0.00075
no-pullback,opening-drive-00b20e4e61a3cf4fa4,1651683780000000000,O-20220504-170300-09-000-876,1,39218.899999999994,0.128,0.90360346,2.86141094,0.00075
no-pullback,opening-drive-00b20e4e61a3cf4fa4,1651683900000000000,O-20220504-170300-09-000-877,2,39194.8,0.128,0.90304819,2.8596526100000004,0.00075
no-pullback,opening-drive-64cc506b1814accf6e,1651740300000000000,O-20220505-084500-09-000-879,2,39469.5,0.096,0.68203296,2.15977104,0.00075
no-pullback,opening-drive-64cc506b1814accf6e,1651740600000000000,O-20220505-084500-09-000-880,1,39517.5,0.096,0.6828624,2.1623976000000003,0.00075
no-pullback,opening-drive-75b54dca404e3fcd74,1651741020000000000,O-20220505-085700-09-000-882,2,39461.100000000006,0.086,0.61085783,1.9343831200000003,0.00075
no-pullback,opening-drive-75b54dca404e3fcd74,1651741620000000000,O-20220505-085700-09-000-883,1,39517.8,0.086,0.61173554,1.93716256,0.00075
no-pullback,opening-drive-577f530b791a079c96,1651742700000000000,O-20220505-092500-09-000-885,2,39478.6,0.099,0.70350865,2.2277774000000004,0.00075
no-pullback,opening-drive-577f530b791a079c96,1651745340000000000,O-20220505-092500-09-000-886,1,39517.5,0.099,0.70420185,2.229972525,0.00075
no-pullback,opening-drive-3c445d7082c4b573fa,1652029380000000000,O-20220508-170300-09-000-888,2,34139.9,0.054,0.33183983,1.0508261200000002,0.00075
no-pullback,opening-drive-3c445d7082c4b573fa,1652034120000000000,O-20220508-170300-09-000-889,1,34261.0,0.054,0.33301692,1.0545535799999999,0.00075
no-pullback,opening-drive-f2a4224f655418a417,1652085120000000000,O-20220509-083200-09-000-891,2,33212.6,0.094,0.56195719,1.7795311099999997,0.00075
no-pullback,opening-drive-f2a4224f655418a417,1652085300000000000,O-20220509-083200-09-000-892,1,33259.8,0.094,0.56275582,1.7820600800000002,0.00075
no-pullback,opening-drive-a5087519d6b21d7172,1652114640000000000,O-20220509-164400-09-000-894,2,31879.900000000005,0.04,0.22953528,0.72686172,0.00075
no-pullback,opening-drive-a5087519d6b21d7172,1652125440000000000,O-20220509-194400-09-000-897,1,30554.700000000004,0.04,0.21999384,0.69664716,0.00075
no-pullback,opening-drive-9c79b9fba2459b7aeb,1652142540000000000,O-20220510-002900-09-000-898,2,29845.2,0.047,0.25249039,0.7995529100000001,0.00075
no-pullback,opening-drive-9c79b9fba2459b7aeb,1652142660000000000,O-20220510-002900-09-000-899,1,30020.8,0.047,0.25397597,0.80425723,0.00075
no-pullback,opening-drive-2b6fb09f83fda7b2eb,1652373180000000000,O-20220512-163300-09-000-901,1,29840.700000000004,0.101,0.54250393,1.7179290950000006,0.00075
no-pullback,opening-drive-2b6fb09f83fda7b2eb,1652373240000000000,O-20220512-163300-09-000-902,2,29785.2,0.101,0.54149494,1.71473396,0.00075
no-pullback,opening-drive-5a0ac76108f5629ac9,1652459520000000000,O-20220513-163200-09-000-904,2,30142.2,0.14,0.75958344,2.40534756,0.00075
no-pullback,opening-drive-5a0ac76108f5629ac9,1652462100000000000,O-20220513-163200-09-000-905,1,30166.899999999998,0.14,0.76020588,2.40731862,0.00075
no-pullback,opening-drive-e3fa3465c95305f9a7,1652462220000000000,O-20220513-171700-09-000-907,2,30085.6,0.074,0.40074019,1.2690106099999998,0.00075
no-pullback,opening-drive-e3fa3465c95305f9a7,1652467980000000000,O-20220513-171700-09-000-908,1,30168.4,0.074,0.40184309,1.2725031100000002,0.00075
no-pullback,opening-drive-5a87a5d58bf2f76b76,1652719560000000000,O-20220516-164600-09-000-910,2,29232.2,0.072,0.37884931,1.19968949,0.00075
no-pullback,opening-drive-5a87a5d58bf2f76b76,1652719680000000000,O-20220516-164600-09-000-911,1,29316.4,0.072,0.37994054,1.20314506,0.00075
no-pullback,opening-drive-ed209d81a8fddf11f3,1652719920000000000,O-20220516-165200-09-000-913,2,29243.6,0.076,0.40005245,1.2668327499999998,0.00075
no-pullback,opening-drive-ed209d81a8fddf11f3,1652720400000000000,O-20220516-165200-09-000-914,1,29317.0,0.076,0.40105656,1.27001244,0.00075
no-pullback,opening-drive-314c4d25f35474bab1,1652776500000000000,O-20220517-083500-09-000-916,1,30605.6,0.111,0.61149989,1.9364163099999998,0.00075
no-pullback,opening-drive-314c4d25f35474bab1,1652777940000000000,O-20220517-083500-09-000-917,2,30573.2,0.111,0.61085254,1.93436636,0.00075
no-pullback,opening-drive-643e81d0922c416de3,1652778420000000000,O-20220517-090700-09-000-919,1,30625.100000000002,0.085,0.46856403,1.4837860950000001,0.00075
no-pullback,opening-drive-643e81d0922c416de3,1652781060000000000,O-20220517-090700-09-000-920,2,30572.2,0.085,0.46775466,1.48122309,0.00075
no-pullback,opening-drive-9bb5c5ab5f15a7e6ff,1652781480000000000,O-20220517-095800-09-000-922,1,30619.900000000005,0.088,0.48501922,1.53589418,0.00075
no-pullback,opening-drive-9bb5c5ab5f15a7e6ff,1652781900000000000,O-20220517-095800-09-000-923,2,30573.500000000004,0.088,0.48428424,1.53356676,0.00075
no-pullback,opening-drive-4bac8c766f81536c0f,1652890080000000000,O-20220518-160800-09-000-925,2,28803.9,0.084,0.43551497,1.3791307300000004,0.00075
no-pullback,opening-drive-4bac8c766f81536c0f,1652890500000000000,O-20220518-160800-09-000-926,1,28855.2,0.084,0.43629062,1.38158698,0.00075
no-pullback,opening-drive-6dfb277cf7e2ff3a10,1652891040000000000,O-20220518-162400-09-000-928,2,28827.0,0.106,0.55001916,1.7417273399999997,0.00075
no-pullback,opening-drive-6dfb277cf7e2ff3a10,1652891100000000000,O-20220518-162400-09-000-929,1,28856.2,0.106,0.5505763,1.7434916,0.00075
no-pullback,opening-drive-b588b6cfa91daf2fde,1653010980000000000,O-20220520-014300-09-000-931,1,30667.699999999997,0.032,0.17664595,0.55937885,0.00075
no-pullback,opening-drive-b588b6cfa91daf2fde,1653011400000000000,O-20220520-014300-09-000-932,2,30486.4,0.032,0.17560166,0.55607194,0.00075
no-pullback,opening-drive-27dbadb839f3a79e9c,1653062880000000000,O-20220520-160800-09-000-934,2,29009.0,0.073,0.38117826,1.2070644899999998,0.00075
no-pullback,opening-drive-27dbadb839f3a79e9c,1653063180000000000,O-20220520-160800-09-000-935,1,29063.7,0.073,0.38189702,1.2093405549999998,0.00075
no-pullback,opening-drive-2dd5f07bbb8534d468,1653063420000000000,O-20220520-161700-09-000-937,2,29045.2,0.111,0.5803231,1.8376898000000002,0.00075
no-pullback,opening-drive-2dd5f07bbb8534d468,1653072900000000000,O-20220520-161700-09-000-938,1,29064.8,0.111,0.5807147,1.8389299,0.00075
no-pullback,opening-drive-15d2770d2910a01d46,1653209280000000000,O-20220522-084800-09-000-940,1,29549.4,0.117,0.62231036,1.9706494900000002,0.00075
no-pullback,opening-drive-15d2770d2910a01d46,1653209400000000000,O-20220522-084800-09-000-941,2,29535.6,0.117,0.62201974,1.96972916,0.00075
no-pullback,opening-drive-eba36a73467129fbf7,1653210120000000000,O-20220522-090200-09-000-943,1,29558.899999999998,0.097,0.51609839,1.6343115849999998,0.00075
no-pullback,opening-drive-eba36a73467129fbf7,1653210240000000000,O-20220522-090200-09-000-944,2,29535.0,0.097,0.5156811,1.63299015,0.00075
no-pullback,opening-drive-0172f9090c897e7dc0,1653210660000000000,O-20220522-091100-09-000-946,1,29542.4,0.125,0.664704,2.104896,0.00075
no-pullback,opening-drive-0172f9090c897e7dc0,1653211200000000000,O-20220522-091100-09-000-947,2,29535.299999999996,0.125,0.66454425,2.1043901249999997,0.00075
no-pullback,opening-drive-65063673694306a818,1653211440000000000,O-20220522-092400-09-000-949,1,29558.700000000004,0.092,0.48949207,1.5500582300000003,0.00075
no-pullback,opening-drive-65063673694306a818,1653212040000000000,O-20220522-092400-09-000-951,2,29851.4,0.092,0.54926576,1.5104808400000003,0.00075
no-pullback,opening-drive-2c83c54304b9ed9231,1653553380000000000,O-20220526-082300-09-000-952,2,29345.4,0.038,0.20072254,0.63562136,0.00075
no-pullback,opening-drive-2c83c54304b9ed9231,1653554760000000000,O-20220526-082300-09-000-954,1,29083.2,0.038,0.22103232,0.60783888,0.00075
no-pullback,opening-drive-106b0343d36d794d48,1653612300000000000,O-20220527-004500-09-000-955,2,29121.6,0.079,0.41410915,1.3113456500000003,0.00075
no-pullback,opening-drive-106b0343d36d794d48,1653612360000000000,O-20220527-004500-09-000-956,1,29167.7,0.079,0.41476469,1.3134215350000003,0.00075
no-pullback,opening-drive-4460463578e21bd414,1653612660000000000,O-20220527-005100-09-000-958,2,29065.4,0.047,0.24589328,0.7786620700000002,0.00075
no-pullback,opening-drive-4460463578e21bd414,1653623460000000000,O-20220527-035100-09-000-961,1,29037.9,0.047,0.24566063,0.7779253450000001,0.00075
no-pullback,opening-drive-7427eef6a1cd8aed22,1653672000000000000,O-20220527-172000-09-000-962,2,28534.8,0.051,0.26194946,0.8295066399999999,0.00075
no-pullback,opening-drive-7427eef6a1cd8aed22,1653681000000000000,O-20220527-172000-09-000-963,1,28627.1,0.051,0.26279678,0.8321897949999998,0.00075
no-pullback,opening-drive-5e9a941c643d260c4d,1653812580000000000,O-20220529-082300-09-000-965,1,29097.8,0.08,0.41900832,1.32685968,0.00075
no-pullback,opening-drive-5e9a941c643d260c4d,1653814320000000000,O-20220529-082300-09-000-966,2,29057.3,0.08,0.41842512,1.3250128799999998,0.00075
no-pullback,opening-drive-4f5705f33a2bb2ec0a,1653814620000000000,O-20220529-085700-09-000-968,1,29059.6,0.139,0.72707119,2.30239211,0.00075
no-pullback,opening-drive-4f5705f33a2bb2ec0a,1653814800000000000,O-20220529-085700-09-000-969,2,29056.4,0.139,0.72699113,2.3021385700000008,0.00075
no-pullback,opening-drive-ae8adf86f7f386819f,1653874740000000000,O-20220530-013900-09-000-971,1,29609.900000000005,0.103,0.54896755,1.7383972250000004,0.00075
no-pullback,opening-drive-ae8adf86f7f386819f,1653874800000000000,O-20220530-013900-09-000-972,2,29592.8,0.103,0.54865051,1.73739329,0.00075
no-pullback,opening-drive-be0d4bc6dd242a6460,1653875100000000000,O-20220530-014500-09-000-974,1,29659.900000000005,0.054,0.28829423,0.9129317200000002,0.00075
no-pullback,opening-drive-be0d4bc6dd242a6460,1653876300000000000,O-20220530-014500-09-000-976,2,30122.499999999996,0.054,0.325323,0.89463825,0.00075
no-pullback,opening-drive-8f6d5bc8bdff15cf14,1654015440000000000,O-20220531-164400-09-000-977,1,32287.299999999996,0.044,0.25571542,0.8097654799999999,0.00075
no-pullback,opening-drive-8f6d5bc8bdff15cf14,1654015680000000000,O-20220531-164400-09-000-978,2,32182.700000000004,0.044,0.25488698,0.8071421200000001,0.00075
no-pullback,opening-drive-e70b4ee7b98d0d841f,1654016160000000000,O-20220531-165600-09-000-980,1,32211.4,0.086,0.49863247,1.5790028299999999,0.00075
no-pullback,opening-drive-e70b4ee7b98d0d841f,1654016340000000000,O-20220531-165600-09-000-981,2,32183.4,0.086,0.49819903,1.5776302699999998,0.00075
no-pullback,opening-drive-8b9603a013403f5172,1654099440000000000,O-20220601-160400-09-000-983,2,30648.700000000004,0.056,0.3089389,0.9783065000000003,0.00075
no-pullback,opening-drive-8b9603a013403f5172,1654110240000000000,O-20220601-190400-09-000-986,1,30012.099999999995,0.056,0.30252197,0.9579862299999998,0.00075
no-pullback,opening-drive-473ffaa3eb9b2cf019,1654248060000000000,O-20220603-092100-09-000-987,2,30243.299999999996,0.12,0.65325528,2.0686417199999996,0.00075
no-pullback,opening-drive-473ffaa3eb9b2cf019,1654248120000000000,O-20220603-092100-09-000-988,1,30259.4,0.12,0.65360304,2.06974296,0.00075
no-pullback,opening-drive-a4372f944e5205a9cc,1654248540000000000,O-20220603-092900-09-000-990,2,30213.900000000005,0.078,0.42420316,1.3433099900000005,0.00075
no-pullback,opening-drive-a4372f944e5205a9cc,1654249920000000000,O-20220603-092900-09-000-991,1,30260.700000000004,0.078,0.42486023,1.3453907200000002,0.00075
no-pullback,opening-drive-990678eec0fe0d229f,1654250220000000000,O-20220603-095700-09-000-993,2,30233.299999999996,0.097,0.52787342,1.671599155,0.00075
no-pullback,opening-drive-990678eec0fe0d229f,1654250580000000000,O-20220603-095700-09-000-994,1,30259.900000000005,0.097,0.52833785,1.6730698750000006,0.00075
no-pullback,opening-drive-b2fa18f6221ede9f60,1654331700000000000,O-20220604-083500-09-000-996,1,29761.8,0.118,0.63214063,2.0017786699999998,0.00075
no-pullback,opening-drive-b2fa18f6221ede9f60,1654331880000000000,O-20220604-083500-09-000-997,2,29749.2,0.118,0.63187301,2.00093119,0.00075
no-pullback,opening-drive-4e9526526eb85beafe,1654332120000000000,O-20220604-084200-09-000-999,1,29780.6,0.086,0.46100369,1.4598450099999998,0.00075
no-pullback,opening-drive-4e9526526eb85beafe,1654332420000000000,O-20220604-084200-09-000-1000,2,29749.100000000002,0.086,0.46051607,1.45830088,0.00075
no-pullback,opening-drive-e36991bd0f885fd995,1654420200000000000,O-20220605-091000-09-000-1002,2,29606.0,0.091,0.48494628,1.5356632199999998,0.00075
no-pullback,opening-drive-e36991bd0f885fd995,1654420860000000000,O-20220605-091000-09-000-1003,1,29631.4,0.091,0.48536233,1.5369807200000003,0.00075
no-pullback,opening-drive-ba263cb1fb46df3645,1654421040000000000,O-20220605-092400-09-000-1005,2,29605.699999999997,0.087,0.46362526,1.468146665,0.00075
no-pullback,opening-drive-ba263cb1fb46df3645,1654422180000000000,O-20220605-092400-09-000-1006,1,29632.2,0.087,0.46404025,1.4694608,0.00075
no-pullback,opening-drive-85fd2508799e887d26,1654422480000000000,O-20220605-094800-09-000-1008,2,29622.8,0.111,0.59186354,1.8742345599999999,0.00075
no-pullback,opening-drive-85fd2508799e887d26,1654422600000000000,O-20220605-094800-09-000-1009,1,29632.099999999995,0.111,0.59204936,1.8748229649999995,0.00075
no-pullback,opening-drive-5c9a8bb44b96b09af1,1654423020000000000,O-20220605-095700-09-000-1011,2,29623.500000000004,0.109,0.58121307,1.8405080550000001,0.00075
no-pullback,opening-drive-5c9a8bb44b96b09af1,1654423080000000000,O-20220605-095700-09-000-1012,1,29632.2,0.109,0.58138376,1.84104859,0.00075
no-pullback,opening-drive-c068cbb496ee83106c,1654449900000000000,O-20220605-172500-09-000-1014,1,30044.0,0.048,0.25958016,0.82200384,0.00075
no-pullback,opening-drive-c068cbb496ee83106c,1654451700000000000,O-20220605-172500-09-000-1015,2,29972.4,0.048,0.25896154,0.8200448600000001,0.00075
no-pullback,opening-drive-fdb5e17be4cc74b227,1654451820000000000,O-20220605-175700-09-000-1017,1,30016.0,0.06,0.3241728,1.0265472,0.00075
no-pullback,opening-drive-fdb5e17be4cc74b227,1654454400000000000,O-20220605-175700-09-000-1018,2,29971.100000000002,0.06,0.32368788,1.02501162,0.00075
no-pullback,opening-drive-300a35a58e36001586,1654476660000000000,O-20220606-005100-09-000-1020,1,30320.499999999996,0.044,0.24013836,0.7604381399999999,0.00075
no-pullback,opening-drive-300a35a58e36001586,1654476840000000000,O-20220606-005100-09-000-1021,2,30246.8,0.044,0.23955466,0.7585897399999999,0.00075
no-pullback,opening-drive-fa05724ec1979edffa,1654477320000000000,O-20220606-010200-09-000-1023,1,30344.8,0.035,0.19117224,0.60537876,0.00075
no-pullback,opening-drive-fa05724ec1979edffa,1654480260000000000,O-20220606-010200-09-000-1025,2,30753.6,0.035,0.2152752,0.5920068,0.00075
no-pullback,opening-drive-a0c52f8919ca2f7667,1654535940000000000,O-20220606-171900-09-000-1026,2,31115.699999999997,0.075,0.42006195,1.3301961749999998,0.00075
no-pullback,opening-drive-a0c52f8919ca2f7667,1654536000000000000,O-20220606-171900-09-000-1027,1,31142.0,0.075,0.420417,1.3313205,0.00075
no-pullback,opening-drive-cf491be8cb6dfe8c85,1654764660000000000,O-20220609-085100-09-000-1029,1,30511.699999999997,0.067,0.3679711,1.165241825,0.00075
no-pullback,opening-drive-cf491be8cb6dfe8c85,1654764900000000000,O-20220609-085100-09-000-1030,2,30477.6,0.067,0.36755986,1.1639395399999999,0.00075
no-pullback,opening-drive-5cb69e8d09e121a495,1654765020000000000,O-20220609-085700-09-000-1032,1,30539.8,0.048,0.26386387,0.8355689299999999,0.00075
no-pullback,opening-drive-5cb69e8d09e121a495,1654765380000000000,O-20220609-085700-09-000-1033,2,30477.4,0.048,0.26332474,0.8338616600000002,0.00075
no-pullback,opening-drive-1cc63d22be9007545e,1654765680000000000,O-20220609-090800-09-000-1035,1,30516.099999999995,0.059,0.32408098,1.0262564449999996,0.00075
no-pullback,opening-drive-1cc63d22be9007545e,1654766280000000000,O-20220609-090800-09-000-1036,2,30477.2,0.059,0.32366786,1.0249482400000003,0.00075
no-pullback,opening-drive-2b6a011ff01eb803c4,1654766580000000000,O-20220609-092300-09-000-1038,1,30527.6,0.051,0.28024337,0.8874373299999998,0.00075
no-pullback,opening-drive-2b6a011ff01eb803c4,1654768560000000000,O-20220609-092300-09-000-1039,2,30477.699999999997,0.051,0.27978529,0.8859867349999997,0.00075
no-pullback,opening-drive-dd9a4d70a9ff8962b6,1654768680000000000,O-20220609-095800-09-000-1041,1,30515.500000000004,0.056,0.30759624,0.97405476,0.00075
no-pullback,opening-drive-dd9a4d70a9ff8962b6,1654772040000000000,O-20220609-095800-09-000-1042,2,30476.499999999996,0.056,0.30720312,0.9728098799999998,0.00075
no-pullback,opening-drive-4f00e0b198b462d16f,1654820880000000000,O-20220610-002800-09-000-1044,2,29789.2,0.021,0.11260318,0.35657672,0.00075
no-pullback,opening-drive-4f00e0b198b462d16f,1654824000000000000,O-20220610-002800-09-000-1045,1,29959.6,0.021,0.11324729,0.35861641000000005,0.00075
no-pullback,opening-drive-e699330551dd15064c,1654824180000000000,O-20220610-012300-09-000-1047,2,29918.300000000003,0.053,0.28542058,0.9038318450000001,0.00075
no-pullback,opening-drive-e699330551dd15064c,1654824600000000000,O-20220610-012300-09-000-1048,1,29957.0,0.053,0.28578978,0.90500097,0.00075
no-pullback,opening-drive-8473810f6ab94cb801,1654825020000000000,O-20220610-013700-09-000-1050,2,29904.499999999996,0.044,0.23684364,0.7500048599999999,0.00075
no-pullback,opening-drive-8473810f6ab94cb801,1654826700000000000,O-20220610-013700-09-000-1051,1,29956.8,0.044,0.23725786,0.7513165399999998,0.00075
no-pullback,opening-drive-e3469de596ecc0f69e,1654878600000000000,O-20220610-163000-09-000-1053,2,28963.0,0.014,0.07298676,0.23112474,0.00075
no-pullback,opening-drive-e3469de596ecc0f69e,1654889400000000000,O-20220610-193000-09-000-1056,1,29032.9,0.014,0.07316291,0.23168254000000008,0.00075
no-pullback,opening-drive-ca54a3cdc5870822a2,1654938060000000000,O-20220611-090100-09-000-1057,2,28926.9,0.027,0.14058473,0.44518499500000003,0.00075
no-pullback,opening-drive-ca54a3cdc5870822a2,1654939020000000000,O-20220611-090100-09-000-1058,1,29037.5,0.027,0.14112225,0.446887125,0.00075
no-pullback,opening-drive-7af0401e2807c9c1fd,1654964400000000000,O-20220611-162000-09-000-1060,2,28136.3,0.029,0.14687149,0.4650930350000001,0.00075
no-pullback,opening-drive-7af0401e2807c9c1fd,1654964460000000000,O-20220611-162000-09-000-1061,1,28233.6,0.029,0.14737939,0.4667014100000001,0.00075
no-pullback,opening-drive-40032fa1145a46cd38,1655078760000000000,O-20220613-000600-09-000-1063,2,26513.2,0.051,0.24339118,0.7707387199999999,0.00075
no-pullback,opening-drive-40032fa1145a46cd38,1655078880000000000,O-20220613-000600-09-000-1064,1,26549.1,0.051,0.24372074,0.7717823349999999,0.00075
no-pullback,opening-drive-a672d87aa69d3a812b,1655081340000000000,O-20220613-004900-09-000-1066,2,26488.7,0.039,0.18595067,0.5888438050000001,0.00075
no-pullback,opening-drive-a672d87aa69d3a812b,1655081820000000000,O-20220613-004900-09-000-1067,1,26546.4,0.039,0.18635573,0.5901264700000001,0.00075
no-pullback,opening-drive-b666c45c3aab8b4851,1655081940000000000,O-20220613-005900-09-000-1069,2,26367.1,0.016,0.07593725,0.24046795000000004,0.00075
no-pullback,opening-drive-b666c45c3aab8b4851,1655092740000000000,O-20220613-035900-09-000-1072,1,25575.5,0.016,0.07365744,0.23324856,0.00075
no-pullback,opening-drive-7d6a9b812dcf723666,1655110020000000000,O-20220613-084700-09-000-1073,2,24459.7,0.028,0.12327689,0.39037681,0.00075
no-pullback,opening-drive-7d6a9b812dcf723666,1655111760000000000,O-20220613-084700-09-000-1074,1,24563.4,0.028,0.12379954,0.39203186,0.00075
no-pullback,opening-drive-6df673e3c716527f23,1655111880000000000,O-20220613-091800-09-000-1076,2,24436.1,0.023,0.10116545,0.320357275,0.00075
no-pullback,opening-drive-6df673e3c716527f23,1655112000000000000,O-20220613-091800-09-000-1077,1,24564.4,0.023,0.10169662,0.32203928000000004,0.00075
no-pullback,opening-drive-1984c7938fd3bb738a,1655112600000000000,O-20220613-093000-09-000-1079,2,24289.0,0.012,0.05246424,0.16613676,0.00075
no-pullback,opening-drive-1984c7938fd3bb738a,1655123400000000000,O-20220613-123000-09-000-1082,1,24155.6,0.012,0.0521761,0.16522429999999996,0.00075
no-pullback,opening-drive-d1a3d1d70fc9f2c10f,1655168460000000000,O-20220614-010100-09-000-1083,2,21814.5,0.03,0.1177983,0.37302794999999994,0.00075
no-pullback,opening-drive-d1a3d1d70fc9f2c10f,1655176680000000000,O-20220614-010100-09-000-1084,1,21907.8,0.03,0.11830212,0.37462337999999995,0.00075
no-pullback,opening-drive-d7b36b1e0ffa89a29c,1655280180000000000,O-20220615-080300-09-000-1086,2,20545.0,0.033,0.1220373,0.38645145,0.00075
no-pullback,opening-drive-d7b36b1e0ffa89a29c,1655280420000000000,O-20220615-080300-09-000-1087,1,20625.6,0.033,0.12251606,0.38796754,0.00075
no-pullback,opening-drive-a6fad638248dd6ccb5,1655280780000000000,O-20220615-081300-09-000-1089,2,20452.3,0.017,0.06258404,0.198182785,0.00075
no-pullback,opening-drive-a6fad638248dd6ccb5,1655282160000000000,O-20220615-081300-09-000-1090,1,20628.1,0.017,0.06312199,0.19988628500000002,0.00075
no-pullback,opening-drive-8eb01510601e6c292f,1655282280000000000,O-20220615-083800-09-000-1092,2,20531.5,0.028,0.10347876,0.32768274000000003,0.00075
no-pullback,opening-drive-8eb01510601e6c292f,1655288340000000000,O-20220615-083800-09-000-1093,1,20626.6,0.028,0.10395806,0.32920054000000004,0.00075
no-pullback,opening-drive-b688fcfff75ea4eda7,1655342100000000000,O-20220616-011500-09-000-1095,1,22935.9,0.019,0.07844078,0.24839579500000003,0.00075
no-pullback,opening-drive-b688fcfff75ea4eda7,1655342400000000000,O-20220616-011500-09-000-1096,2,22794.9,0.019,0.07795856,0.24686876500000005,0.00075
no-pullback,opening-drive-e360c57af6265dc241,1655370420000000000,O-20220616-090700-09-000-1098,2,21506.1,0.02,0.07742196,0.24516953999999996,0.00075
no-pullback,opening-drive-e360c57af6265dc241,1655381220000000000,O-20220616-120700-09-000-1101,1,21085.1,0.02,0.07590636,0.24037013999999998,0.00075
no-pullback,opening-drive-7259b788a0171b4849,1655540280000000000,O-20220618-081800-09-000-1102,2,18855.8,0.019,0.06448684,0.20420830999999998,0.00075
no-pullback,opening-drive-7259b788a0171b4849,1655540820000000000,O-20220618-081800-09-000-1103,1,19006.7,0.019,0.06500291,0.205842565,0.00075
no-pullback,opening-drive-2cc3e2d0c6d8e0909c,1655542680000000000,O-20220618-085800-09-000-1105,2,18982.9,0.064,0.21868301,0.6924961900000001,0.00075
no-pullback,opening-drive-2cc3e2d0c6d8e0909c,1655542740000000000,O-20220618-085800-09-000-1106,1,19008.2,0.064,0.21897446,0.6934191400000002,0.00075
no-pullback,opening-drive-24ec23c29b2ac8488c,1655543400000000000,O-20220618-091000-09-000-1108,2,18970.2,0.052,0.17756107,0.56227673,0.00075
no-pullback,opening-drive-24ec23c29b2ac8488c,1655543700000000000,O-20220618-091000-09-000-1109,1,19006.3,0.052,0.17789897,0.56334673,0.00075
no-pullback,opening-drive-ca4bcce0267fd3b464,1655574180000000000,O-20220618-174300-09-000-1111,2,18583.8,0.023,0.07693693,0.24363362,0.00075
no-pullback,opening-drive-ca4bcce0267fd3b464,1655574300000000000,O-20220618-174300-09-000-1112,1,18694.4,0.023,0.07739482,0.24508358000000002,0.00075
no-pullback,opening-drive-c61a7fb27cd30503c4,1655574540000000000,O-20220618-174900-09-000-1114,2,18548.5,0.017,0.05675841,0.179734965,0.00075
no-pullback,opening-drive-c61a7fb27cd30503c4,1655582940000000000,O-20220618-174900-09-000-1116,1,17850.5,0.017,0.0606917,0.166902175,0.00075
no-pullback,opening-drive-57faab4b50a0ebeca3,1655717340000000000,O-20220620-092900-09-000-1117,1,20718.8,0.034,0.12679906,0.40153034000000004,0.00075
no-pullback,opening-drive-57faab4b50a0ebeca3,1655718420000000000,O-20220620-092900-09-000-1118,2,20648.9,0.034,0.12637127,0.40017568000000003,0.00075
no-pullback,opening-drive-aeef3b3a9c2fd9dca4,1655718600000000000,O-20220620-095000-09-000-1120,1,20719.6,0.032,0.1193449,0.37792549999999997,0.00075
no-pullback,opening-drive-aeef3b3a9c2fd9dca4,1655718780000000000,O-20220620-095000-09-000-1121,2,20647.6,0.032,0.11893018,0.37661222000000005,0.00075
no-pullback,opening-drive-28c577637e00c10d03,1655748000000000000,O-20220620-180000-09-000-1123,2,19968.7,0.042,0.15096337,0.47805068000000006,0.00075
no-pullback,opening-drive-28c577637e00c10d03,1655749260000000000,O-20220620-180000-09-000-1124,1,20015.9,0.042,0.1513202,0.47918065000000004,0.00075
no-pullback,opening-drive-384e01d9d997d85856,1655802420000000000,O-20220621-090700-09-000-1126,1,21375.1,0.054,0.20776597,0.65792558,0.00075
no-pullback,opening-drive-384e01d9d997d85856,1655802660000000000,O-20220621-090700-09-000-1127,2,21348.3,0.054,0.20750548,0.6571006699999999,0.00075
no-pullback,opening-drive-750b680670f479d291,1655857020000000000,O-20220622-001700-09-000-1129,2,20500.6,0.044,0.16236475,0.5141550499999998,0.00075
no-pullback,opening-drive-750b680670f479d291,1655857080000000000,O-20220622-001700-09-000-1130,1,20539.5,0.044,0.16267284,0.51513066,0.00075
no-pullback,opening-drive-f2b808e148b451ce1a,1655859720000000000,O-20220622-010200-09-000-1132,2,20527.1,0.071,0.26233634,0.8307317349999999,0.00075
no-pullback,opening-drive-f2b808e148b451ce1a,1655859780000000000,O-20220622-010200-09-000-1133,1,20538.8,0.071,0.26248586,0.8312052399999998,0.00075
no-pullback,opening-drive-1947c5200447b6a870,1655862540000000000,O-20220622-014900-09-000-1135,2,20485.0,0.034,0.1253682,0.3969993,0.00075
no-pullback,opening-drive-1947c5200447b6a870,1655862660000000000,O-20220622-014900-09-000-1136,1,20538.6,0.034,0.12569623,0.3980380700000001,0.00075
no-pullback,opening-drive-f0c4c86946e480ea8a,1655862960000000000,O-20220622-015600-09-000-1138,2,20397.2,0.016,0.05874394,0.18602246000000003,0.00075
no-pullback,opening-drive-f0c4c86946e480ea8a,1655867460000000000,O-20220622-015600-09-000-1139,1,20539.2,0.016,0.0591529,0.18731750000000003,0.00075
no-pullback,opening-drive-b9243aa83dc7c0d328,1655913960000000000,O-20220622-160600-09-000-1141,2,19903.2,0.017,0.06090379,0.19286201000000003,0.00075
no-pullback,opening-drive-b9243aa83dc7c0d328,1655914260000000000,O-20220622-160600-09-000-1142,1,20029.8,0.017,0.06129119,0.19408875999999997,0.00075
no-pullback,opening-drive-cd1449b3eb715614f1,1655945580000000000,O-20220623-005300-09-000-1144,1,20400.0,0.042,0.154224,0.48837600000000003,0.00075
no-pullback,opening-drive-cd1449b3eb715614f1,1655946240000000000,O-20220623-005300-09-000-1145,2,20368.0,0.042,0.15398208,0.48760992,0.00075
no-pullback,opening-drive-2e7f36b8646125b69b,1655946720000000000,O-20220623-011200-09-000-1147,1,20385.3,0.056,0.20548382,0.65069878,0.00075
no-pullback,opening-drive-2e7f36b8646125b69b,1655946780000000000,O-20220623-011200-09-000-1148,2,20369.8,0.056,0.20532758,0.65020402,0.00075
no-pullback,opening-drive-4bb091929510d8e2bb,1655947440000000000,O-20220623-012400-09-000-1150,1,20401.9,0.04,0.14689368,0.46516332,0.00075
no-pullback,opening-drive-4bb091929510d8e2bb,1655949300000000000,O-20220623-012400-09-000-1151,2,20370.5,0.04,0.1466676,0.4644474,0.00075
no-pullback,opening-drive-675688989e6d3ff021,1655978400000000000,O-20220623-100000-09-000-1153,1,20738.7,0.022,0.08212525,0.2600633,0.00075
no-pullback,opening-drive-675688989e6d3ff021,1655983080000000000,O-20220623-100000-09-000-1154,2,20661.9,0.022,0.08182112,0.25910023000000004,0.00075
no-pullback,opening-drive-25ede915a8973b8838,1656003720000000000,O-20220623-170200-09-000-1156,2,20223.5,0.032,0.11648736,0.36887664000000003,0.00075
no-pullback,opening-drive-25ede915a8973b8838,1656004020000000000,O-20220623-170200-09-000-1157,1,20266.9,0.032,0.11673734,0.3696682600000001,0.00075
no-pullback,opening-drive-e21bdc0d26498e1a91,1656005400000000000,O-20220623-173000-09-000-1159,2,20256.8,0.056,0.20418854,0.64659706,0.00075
no-pullback,opening-drive-e21bdc0d26498e1a91,1656005460000000000,O-20220623-173000-09-000-1160,1,20267.5,0.056,0.2042964,0.6469386,0.00075
no-pullback,opening-drive-2ff905e4f7c793c65d,1656265020000000000,O-20220626-173700-09-000-1162,2,21173.0,0.054,0.20580156,0.65170494,0.00075
no-pullback,opening-drive-2ff905e4f7c793c65d,1656265260000000000,O-20220626-173700-09-000-1163,1,21182.6,0.054,0.20589487,0.6520004299999999,0.00075
no-pullback,opening-drive-8246e66d1d473b0f7f,1656292500000000000,O-20220627-011500-09-000-1165,2,20948.8,0.057,0.21493469,0.6806265100000001,0.00075
no-pullback,opening-drive-8246e66d1d473b0f7f,1656292560000000000,O-20220627-011500-09-000-1166,1,20955.3,0.057,0.21500138,0.680837695,0.00075
no-pullback,opening-drive-fc7469ee9a3e546aae,1656319140000000000,O-20220627-083900-09-000-1168,1,21429.4,0.027,0.10414688,0.32979847,0.00075
no-pullback,opening-drive-fc7469ee9a3e546aae,1656319560000000000,O-20220627-083900-09-000-1169,2,21385.3,0.027,0.10393256,0.329119765,0.00075
no-pullback,opening-drive-2557801dda7907a582,1656319680000000000,O-20220627-084800-09-000-1171,1,21392.8,0.051,0.1963859,0.6218887,0.00075
no-pullback,opening-drive-2557801dda7907a582,1656319800000000000,O-20220627-084800-09-000-1172,2,21384.9,0.051,0.19631338,0.6216590449999999,0.00075
no-pullback,opening-drive-ed5ee8c6874e31552d,1656320340000000000,O-20220627-085900-09-000-1174,1,21488.8,0.014,0.05415178,0.17148062000000003,0.00075
no-pullback,opening-drive-ed5ee8c6874e31552d,1656324600000000000,O-20220627-085900-09-000-1175,2,21384.6,0.014,0.05388919,0.17064910999999996,0.00075
no-pullback,opening-drive-d45f815838de5bbed8,1656405960000000000,O-20220628-084600-09-000-1177,1,20998.6,0.017,0.06425572,0.20347642999999999,0.00075
no-pullback,opening-drive-d45f815838de5bbed8,1656414300000000000,O-20220628-084600-09-000-1178,2,20918.4,0.017,0.0640103,0.20269930000000005,0.00075
no-pullback,opening-drive-9723ba94105ebdf31c,1656432420000000000,O-20220628-160700-09-000-1180,2,20544.1,0.028,0.10354226,0.3278838399999999,0.00075
no-pullback,opening-drive-9723ba94105ebdf31c,1656432480000000000,O-20220628-160700-09-000-1181,1,20578.4,0.028,0.10371514,0.32843126,0.00075
no-pullback,opening-drive-a1abc19382b00e6e11,1656577920000000000,O-20220630-083200-09-000-1183,2,19286.6,0.039,0.13539193,0.42874112,0.00075
no-pullback,opening-drive-a1abc19382b00e6e11,1656578040000000000,O-20220630-083200-09-000-1184,1,19303.2,0.039,0.13550846,0.42911014000000003,0.00075
no-pullback,opening-drive-537f48212cce9a960d,1656578340000000000,O-20220630-083900-09-000-1186,2,19293.3,0.045,0.15627573,0.49487314499999996,0.00075
no-pullback,opening-drive-537f48212cce9a960d,1656578580000000000,O-20220630-083900-09-000-1187,1,19303.3,0.045,0.15635673,0.4951296449999999,0.00075
no-pullback,opening-drive-0e9c07fb75e3ab17df,1656579180000000000,O-20220630-085300-09-000-1189,2,19228.0,0.016,0.05537664,0.17535936000000002,0.00075
no-pullback,opening-drive-0e9c07fb75e3ab17df,1656589980000000000,O-20220630-115300-09-000-1192,1,19012.8,0.016,0.05475686,0.17339674,0.00075
no-pullback,opening-drive-bfd21e14e15155781c,1656635400000000000,O-20220701-003000-09-000-1193,1,20479.4,0.003,0.01105888,0.03501977000000001,0.00075
no-pullback,opening-drive-bfd21e14e15155781c,1656646200000000000,O-20220701-033000-09-000-1196,2,20126.2,0.003,0.01086815,0.0344158,0.00075
no-pullback,opening-drive-f996fc807f8dead7d8,1656723600000000000,O-20220702-010000-09-000-1197,2,19168.8,0.025,0.0862596,0.2731554,0.00075
no-pullback,opening-drive-f996fc807f8dead7d8,1656723960000000000,O-20220702-010000-09-000-1198,1,19210.3,0.025,0.08644635,0.273746775,0.00075
no-pullback,opening-drive-365397b3cfbb4eae89,1656754020000000000,O-20220702-092700-09-000-1200,2,19005.4,0.024,0.08210333,0.25999387,0.00075
no-pullback,opening-drive-365397b3cfbb4eae89,1656754260000000000,O-20220702-092700-09-000-1201,1,19045.4,0.024,0.08227613,0.26054107,0.00075
no-pullback,opening-drive-e1960fd078f02b0993,1656754560000000000,O-20220702-093600-09-000-1203,2,19039.6,0.047,0.16107502,0.51007088,0.00075
no-pullback,opening-drive-e1960fd078f02b0993,1656754620000000000,O-20220702-093600-09-000-1204,1,19045.8,0.047,0.16112747,0.5102369800000001,0.00075
no-pullback,opening-drive-def7b2a599b480dbc0,1656808320000000000,O-20220703-003200-09-000-1206,2,19178.5,0.048,0.16570224,0.52472376,0.00075
no-pullback,opening-drive-def7b2a599b480dbc0,1656808380000000000,O-20220703-003200-09-000-1207,1,19183.3,0.048,0.16574371,0.5248550900000001,0.00075
no-pullback,opening-drive-05570f72b685557d0e,1656812820000000000,O-20220703-014700-09-000-1209,2,19176.2,0.044,0.1518755,0.4809391,0.00075
no-pullback,opening-drive-05570f72b685557d0e,1656812880000000000,O-20220703-014700-09-000-1210,1,19182.8,0.044,0.15192778,0.48110462,0.00075
no-pullback,opening-drive-7412936832cb4ddd33,1656866460000000000,O-20220703-164100-09-000-1212,1,19148.3,0.047,0.16199462,0.512982955,0.00075
no-pullback,opening-drive-7412936832cb4ddd33,1656866520000000000,O-20220703-164100-09-000-1213,2,19145.3,0.047,0.16196924,0.512902585,0.00075
no-pullback,opening-drive-b94d58eb24ab99d7fc,1656867120000000000,O-20220703-165200-09-000-1215,1,19158.2,0.034,0.11724818,0.37128592000000005,0.00075
no-pullback,opening-drive-b94d58eb24ab99d7fc,1656867240000000000,O-20220703-165200-09-000-1216,2,19144.9,0.034,0.11716679,0.3710281600000001,0.00075
no-pullback,opening-drive-fba25cf237963bf52e,1656871080000000000,O-20220703-175800-09-000-1218,1,19173.9,0.025,0.08628255,0.27322807500000007,0.00075
no-pullback,opening-drive-fba25cf237963bf52e,1656877440000000000,O-20220703-175800-09-000-1220,2,19372.1,0.025,0.0968605,0.26636637500000004,0.00075
no-pullback,opening-drive-fbdc428d4fc6ba6848,1656928020000000000,O-20220704-094700-09-000-1221,1,19374.0,0.021,0.07323372,0.23190678,0.00075
no-pullback,opening-drive-fbdc428d4fc6ba6848,1656934380000000000,O-20220704-094700-09-000-1223,2,19619.9,0.021,0.08240358,0.22660984500000003,0.00075
no-pullback,opening-drive-d224ba82b66a2b5812,1656981240000000000,O-20220705-003400-09-000-1224,1,20367.2,0.032,0.11731507,0.37149773,0.00075
no-pullback,opening-drive-d224ba82b66a2b5812,1656983340000000000,O-20220705-003400-09-000-1225,2,20346.0,0.032,0.11719296,0.37111104,0.00075
no-pullback,opening-drive-7646eb682a58255e1a,1657008360000000000,O-20220705-080600-09-000-1227,2,20098.5,0.019,0.06873687,0.21766675499999996,0.00075
no-pullback,opening-drive-7646eb682a58255e1a,1657010760000000000,O-20220705-080600-09-000-1229,1,19826.0,0.019,0.0753388,0.20718170000000002,0.00075
no-pullback,opening-drive-c0efc38fefab3d906f,1657212240000000000,O-20220707-164400-09-000-1230,1,21146.8,0.013,0.04948351,0.15669778999999998,0.00075
no-pullback,opening-drive-c0efc38fefab3d906f,1657212720000000000,O-20220707-164400-09-000-1231,2,21047.2,0.013,0.04925045,0.15595975000000004,0.00075
no-pullback,opening-drive-84e75847ca2abdacf7,1657213020000000000,O-20220707-165700-09-000-1233,1,21067.2,0.032,0.12134707,0.38426573,0.00075
no-pullback,opening-drive-84e75847ca2abdacf7,1657213320000000000,O-20220707-165700-09-000-1234,2,21046.0,0.032,0.12122496,0.38387903999999995,0.00075
no-pullback,opening-drive-092606736c5b27a84b,1657244460000000000,O-20220708-014100-09-000-1236,1,22116.0,0.005,0.0199044,0.06303059999999999,0.00075
no-pullback,opening-drive-092606736c5b27a84b,1657255260000000000,O-20220708-044100-09-000-1239,2,22020.7,0.005,0.01981863,0.062758995,0.00075
no-pullback,opening-drive-a148e36df273e512ed,1657270560000000000,O-20220708-085600-09-000-1240,2,21568.2,0.043,0.16693787,0.52863658,0.00075
no-pullback,opening-drive-a148e36df273e512ed,1657270620000000000,O-20220708-085600-09-000-1241,1,21573.9,0.043,0.16698199,0.528776285,0.00075
no-pullback,opening-drive-4e827c0a516845fedb,1657271100000000000,O-20220708-090500-09-000-1243,2,21382.0,0.007,0.02694132,0.08531418,0.00075
no-pullback,opening-drive-4e827c0a516845fedb,1657274340000000000,O-20220708-090500-09-000-1244,1,21574.8,0.007,0.02718425,0.08608344999999999,0.00075
no-pullback,opening-drive-24104ce08cd50f81ab,1657325220000000000,O-20220709-000700-09-000-1246,2,21469.5,0.019,0.07342569,0.232514685,0.00075
no-pullback,opening-drive-24104ce08cd50f81ab,1657325460000000000,O-20220709-000700-09-000-1247,1,21518.8,0.019,0.0735943,0.23304860000000002,0.00075
no-pullback,opening-drive-2290590fe77441a392,1657325580000000000,O-20220709-001300-09-000-1249,2,21490.0,0.024,0.0928368,0.2939832,0.00075
no-pullback,opening-drive-2290590fe77441a392,1657325820000000000,O-20220709-001300-09-000-1250,1,21519.2,0.024,0.09296294,0.2943826600000001,0.00075
no-pullback,opening-drive-f74e3edb94c0b387c8,1657329000000000000,O-20220709-011000-09-000-1252,2,21497.1,0.027,0.10447591,0.330840365,0.00075
no-pullback,opening-drive-f74e3edb94c0b387c8,1657329180000000000,O-20220709-011000-09-000-1253,1,21518.1,0.027,0.10457797,0.331163555,0.00075
no-pullback,opening-drive-f1c026221b9850df2f,1657329960000000000,O-20220709-012600-09-000-1255,2,21502.9,0.03,0.11611566,0.36769958999999997,0.00075
no-pullback,opening-drive-f1c026221b9850df2f,1657330800000000000,O-20220709-012600-09-000-1256,1,21517.8,0.03,0.11619612,0.36795437999999997,0.00075
no-pullback,opening-drive-915273fc374fa7ab26,1657331880000000000,O-20220709-015800-09-000-1258,2,21502.3,0.029,0.11224201,0.355433015,0.00075
no-pullback,opening-drive-915273fc374fa7ab26,1657332060000000000,O-20220709-015800-09-000-1259,1,21517.7,0.029,0.11232239,0.35568758500000003,0.00075
no-pullback,opening-drive-064e19a96aa95fc307,1657388100000000000,O-20220709-173500-09-000-1261,1,21948.1,0.006,0.02370395,0.0750625,0.00075
no-pullback,opening-drive-064e19a96aa95fc307,1657390020000000000,O-20220709-173500-09-000-1262,2,21782.4,0.006,0.02352499,0.07449581000000001,0.00075
no-pullback,opening-drive-f5baea06df145bae02,1657412100000000000,O-20220710-001500-09-000-1264,2,21487.1,0.026,0.10055963,0.31843881999999996,0.00075
no-pullback,opening-drive-f5baea06df145bae02,1657412280000000000,O-20220710-001500-09-000-1265,1,21504.9,0.026,0.10064293,0.31870261999999994,0.00075
no-pullback,opening-drive-7790b9ed6252d37a38,1657413360000000000,O-20220710-003600-09-000-1267,2,21499.5,0.033,0.12770703,0.404405595,0.00075
no-pullback,opening-drive-7790b9ed6252d37a38,1657413540000000000,O-20220710-003600-09-000-1268,1,21505.6,0.033,0.12774326,0.40452034,0.00075
no-pullback,opening-drive-8a8245ad82b86ffe83,1657413900000000000,O-20220710-004500-09-000-1270,2,21483.4,0.022,0.08507426,0.26940184,0.00075
no-pullback,opening-drive-8a8245ad82b86ffe83,1657424700000000000,O-20220710-034500-09-000-1273,1,21278.7,0.022,0.08426365,0.2668349,0.00075
no-pullback,opening-drive-3253ed097bc367368c,1657469520000000000,O-20220710-161200-09-000-1274,2,20699.9,0.009,0.03353384,0.106190485,0.00075
no-pullback,opening-drive-3253ed097bc367368c,1657470720000000000,O-20220710-161200-09-000-1275,1,20811.0,0.009,0.03371382,0.10676042999999999,0.00075
no-pullback,opening-drive-031b27731835d06a6d,1657502580000000000,O-20220711-012300-09-000-1277,2,20559.1,0.017,0.06291085,0.19921767499999998,0.00075
no-pullback,opening-drive-031b27731835d06a6d,1657502880000000000,O-20220711-012300-09-000-1278,1,20602.6,0.017,0.06304396,0.19963919,0.00075
no-pullback,opening-drive-506be1e4e00e650bdd,1657503060000000000,O-20220711-013100-09-000-1280,2,20576.0,0.021,0.07777728,0.24629472,0.00075
no-pullback,opening-drive-506be1e4e00e650bdd,1657503960000000000,O-20220711-013100-09-000-1281,1,20603.1,0.021,0.07787972,0.246619105,0.00075
no-pullback,opening-drive-de8df407f47e9eb4d7,1657504080000000000,O-20220711-014800-09-000-1283,2,20593.6,0.03,0.11120544,0.3521505599999999,0.00075
no-pullback,opening-drive-de8df407f47e9eb4d7,1657509060000000000,O-20220711-014800-09-000-1284,1,20603.0,0.03,0.1112562,0.3523113,0.00075
no-pullback,opening-drive-472e4b4bbfeb95f83f,1657585740000000000,O-20220712-002900-09-000-1286,2,19858.6,0.027,0.0965128,0.30562385,0.00075
no-pullback,opening-drive-472e4b4bbfeb95f83f,1657585800000000000,O-20220712-002900-09-000-1287,1,19872.8,0.027,0.09658181,0.30584239,0.00075
no-pullback,opening-drive-3037a8705a5532c3b1,1657586100000000000,O-20220712-003500-09-000-1289,2,19817.8,0.013,0.04637365,0.1468499,0.00075
no-pullback,opening-drive-3037a8705a5532c3b1,1657586280000000000,O-20220712-003500-09-000-1290,1,19873.2,0.013,0.04650329,0.14726041,0.00075
no-pullback,opening-drive-9265326aceb01093f4,1657586520000000000,O-20220712-004200-09-000-1292,2,19819.5,0.013,0.04637763,0.146862495,0.00075
no-pullback,opening-drive-9265326aceb01093f4,1657586760000000000,O-20220712-004200-09-000-1293,1,19873.2,0.013,0.04650329,0.14726041,0.00075
no-pullback,opening-drive-a32070870f30f1a3b1,1657587060000000000,O-20220712-005100-09-000-1295,2,19850.2,0.02,0.07146072,0.22629228,0.00075
no-pullback,opening-drive-a32070870f30f1a3b1,1657588020000000000,O-20220712-005100-09-000-1296,1,19873.5,0.02,0.0715446,0.2265579,0.00075
no-pullback,opening-drive-af37c925aefafca33e,1657618920000000000,O-20220712-094200-09-000-1298,2,19598.9,0.02,0.07055604,0.22342746000000002,0.00075
no-pullback,opening-drive-af37c925aefafca33e,1657619100000000000,O-20220712-094200-09-000-1299,1,19620.6,0.02,0.07063416,0.22367483999999999,0.00075
no-pullback,opening-drive-10078d498bb4162f36,1657619280000000000,O-20220712-094800-09-000-1301,2,19575.7,0.013,0.04580714,0.14505593499999997,0.00075
no-pullback,opening-drive-10078d498bb4162f36,1657619460000000000,O-20220712-094800-09-000-1302,1,19620.9,0.013,0.04591291,0.145390865,0.00075
no-pullback,opening-drive-402c34b75ec27f6284,1657788180000000000,O-20220714-084300-09-000-1304,2,19874.8,0.019,0.06797182,0.21524407999999998,0.00075
no-pullback,opening-drive-402c34b75ec27f6284,1657798980000000000,O-20220714-114300-09-000-1307,1,19744.0,0.019,0.06752448,0.21382751999999997,0.00075
no-pullback,opening-drive-130493ff3b63d24d01,1657819380000000000,O-20220714-172300-09-000-1308,1,20557.0,0.008,0.02960208,0.09373992,0.00075
no-pullback,opening-drive-130493ff3b63d24d01,1657819500000000000,O-20220714-172300-09-000-1309,2,20459.7,0.008,0.02946197,0.09329623,0.00075
no-pullback,opening-drive-fe6ddea6ba3db5c7db,1657819860000000000,O-20220714-173100-09-000-1311,1,20631.6,0.005,0.01856844,0.05880006,0.00075
no-pullback,opening-drive-fe6ddea6ba3db5c7db,1657830660000000000,O-20220714-203100-09-000-1314,2,20613.7,0.005,0.01855233,0.058749045,0.00075
no-pullback,opening-drive-d186ae9633a3d0b75f,1657875180000000000,O-20220715-085300-09-000-1315,1,20953.4,0.021,0.07920385,0.25081220000000004,0.00075
no-pullback,opening-drive-d186ae9633a3d0b75f,1657875360000000000,O-20220715-085300-09-000-1316,2,20936.7,0.021,0.07914073,0.2506122950000001,0.00075
no-pullback,opening-drive-027ed13985344a6e1c,1657876860000000000,O-20220715-092100-09-000-1318,1,20961.9,0.017,0.06414341,0.2031208150000001,0.00075
no-pullback,opening-drive-027ed13985344a6e1c,1657877700000000000,O-20220715-092100-09-000-1319,2,20935.9,0.017,0.06406385,0.20286887500000006,0.00075
no-pullback,opening-drive-4dd7688b1d3f813011,1657902240000000000,O-20220715-162400-09-000-1321,2,20697.4,0.02,0.07451064,0.23595036,0.00075
no-pullback,opening-drive-4dd7688b1d3f813011,1657902300000000000,O-20220715-162400-09-000-1322,1,20714.1,0.02,0.07457076,0.23614074,0.00075
no-pullback,opening-drive-f26e4a4c1a2bf68735,1657903260000000000,O-20220715-164100-09-000-1324,2,20692.8,0.017,0.06331997,0.20051323000000001,0.00075
no-pullback,opening-drive-f26e4a4c1a2bf68735,1657903320000000000,O-20220715-164100-09-000-1325,1,20714.2,0.017,0.06338545,0.20072060000000003,0.00075
no-pullback,opening-drive-e04db1aa7bc2087321,1657987500000000000,O-20220716-160500-09-000-1327,1,20976.9,0.015,0.05663763,0.179352495,0.00075
no-pullback,opening-drive-e04db1aa7bc2087321,1657988100000000000,O-20220716-160500-09-000-1329,2,21365.7,0.015,0.0640971,0.17626702500000002,0.00075
no-pullback,opening-drive-febcff242c7f45db8e,1658074860000000000,O-20220717-162100-09-000-1330,2,21053.8,0.021,0.07958336,0.25201399,0.00075
no-pullback,opening-drive-febcff242c7f45db8e,1658074920000000000,O-20220717-162100-09-000-1331,1,21072.6,0.021,0.07965443,0.25223902000000004,0.00075
no-pullback,opening-drive-5e93ee898d547b40d9,1658075400000000000,O-20220717-163000-09-000-1333,2,21059.4,0.022,0.08339522,0.26408488,0.00075
no-pullback,opening-drive-5e93ee898d547b40d9,1658075460000000000,O-20220717-163000-09-000-1334,1,21073.1,0.022,0.08344948,0.26425666999999997,0.00075
no-pullback,opening-drive-66c242ead72ac1e635,1658080560000000000,O-20220717-175600-09-000-1336,2,21066.8,0.026,0.09859262,0.31220997999999994,0.00075
no-pullback,opening-drive-66c242ead72ac1e635,1658087220000000000,O-20220717-175600-09-000-1337,1,21072.9,0.026,0.09862117,0.31230038000000004,0.00075
no-pullback,opening-drive-2b383910b04c361a99,1658131740000000000,O-20220718-080900-09-000-1339,1,22468.5,0.009,0.03639897,0.115263405,0.00075
no-pullback,opening-drive-2b383910b04c361a99,1658131860000000000,O-20220718-080900-09-000-1340,2,22397.4,0.009,0.03628379,0.11489866,0.00075
no-pullback,opening-drive-a6d78be783eb15d77c,1658132400000000000,O-20220718-082000-09-000-1342,1,22447.1,0.011,0.04444526,0.14074331499999998,0.00075
no-pullback,opening-drive-a6d78be783eb15d77c,1658132640000000000,O-20220718-082000-09-000-1343,2,22396.8,0.011,0.04434566,0.14042794,0.00075
no-pullback,opening-drive-d8b72f7f6da71dbd01,1658167200000000000,O-20220718-180000-09-000-1345,2,21875.2,0.014,0.0551255,0.17456410000000003,0.00075
no-pullback,opening-drive-d8b72f7f6da71dbd01,1658167260000000000,O-20220718-180000-09-000-1346,1,21905.1,0.014,0.05520085,0.1748027,0.00075
no-pullback,opening-drive-d5028699162398d81a,1658189580000000000,O-20220719-001300-09-000-1348,1,22930.7,0.003,0.01238258,0.039211495000000006,0.00075
no-pullback,opening-drive-d5028699162398d81a,1658189820000000000,O-20220719-001300-09-000-1349,2,22698.4,0.003,0.01225714,0.03881426,0.00075
no-pullback,opening-drive-0d813045a8c62cb00c,1658247900000000000,O-20220719-162500-09-000-1351,1,23250.0,0.009,0.037665,0.11927249999999998,0.00075
no-pullback,opening-drive-0d813045a8c62cb00c,1658248140000000000,O-20220719-162500-09-000-1352,2,23191.1,0.009,0.03756958,0.11897034499999998,0.00075
no-pullback,opening-drive-70cf423f92d3462980,1658248380000000000,O-20220719-163300-09-000-1354,1,23371.9,0.003,0.01262083,0.039965945,0.00075
no-pullback,opening-drive-70cf423f92d3462980,1658249460000000000,O-20220719-163300-09-000-1355,2,23191.8,0.003,0.01252357,0.03965798,0.00075
no-pullback,opening-drive-b7ccb56051af440f5b,1658249760000000000,O-20220719-165600-09-000-1357,1,23232.1,0.011,0.04599956,0.145665265,0.00075
no-pullback,opening-drive-b7ccb56051af440f5b,1658250060000000000,O-20220719-165600-09-000-1358,2,23193.3,0.011,0.04592273,0.145421995,0.00075
no-pullback,opening-drive-8d3d75864e4cd0fbdb,1658251920000000000,O-20220719-173200-09-000-1360,1,23242.1,0.009,0.0376522,0.11923197499999999,0.00075
no-pullback,opening-drive-8d3d75864e4cd0fbdb,1658252220000000000,O-20220719-173200-09-000-1361,2,23195.4,0.009,0.03757655,0.1189924,0.00075
no-pullback,opening-drive-6ae0e030728ff81162,1658252700000000000,O-20220719-174500-09-000-1363,1,23291.1,0.005,0.02096199,0.06637963499999999,0.00075
no-pullback,opening-drive-6ae0e030728ff81162,1658261400000000000,O-20220719-174500-09-000-1364,2,23194.9,0.005,0.02087541,0.066105465,0.00075
no-pullback,opening-drive-ceb19b46d2dc89e292,1658421120000000000,O-20220721-163200-09-000-1366,1,23087.1,0.013,0.05402381,0.171075415,0.00075
no-pullback,opening-drive-ceb19b46d2dc89e292,1658421240000000000,O-20220721-163200-09-000-1367,2,23063.3,0.013,0.05396812,0.17089905500000002,0.00075
no-pullback,opening-drive-9af2ca8f0b070bdf2d,1658423040000000000,O-20220721-170400-09-000-1369,1,23086.0,0.013,0.05402124,0.17106726,0.00075
no-pullback,opening-drive-9af2ca8f0b070bdf2d,1658423460000000000,O-20220721-170400-09-000-1370,2,23065.3,0.013,0.0539728,0.170913875,0.00075
no-pullback,opening-drive-dabd0134d4e68715b1,1658423940000000000,O-20220721-171900-09-000-1372,1,23078.6,0.014,0.05815807,0.18416722999999996,0.00075
no-pullback,opening-drive-dabd0134d4e68715b1,1658424000000000000,O-20220721-171900-09-000-1373,2,23065.1,0.014,0.05812405,0.18405950000000001,0.00075
no-pullback,opening-drive-45f9425a72a6c915d7,1658450100000000000,O-20220722-003500-09-000-1375,1,23304.5,0.014,0.05872734,0.18596991000000002,0.00075
no-pullback,opening-drive-45f9425a72a6c915d7,1658450160000000000,O-20220722-003500-09-000-1376,2,23292.8,0.014,0.05869786,0.18587654,0.00075
no-pullback,opening-drive-2d6898b85e483df5f5,1658480820000000000,O-20220722-090700-09-000-1378,1,23402.4,0.006,0.02527459,0.08003621,0.00075
no-pullback,opening-drive-2d6898b85e483df5f5,1658491620000000000,O-20220722-120700-09-000-1381,2,23572.2,0.006,0.02545798,0.08061692000000001,0.00075
no-pullback,opening-drive-3fa734dffbb3934c89,1658510400000000000,O-20220722-172000-09-000-1382,2,23023.3,0.009,0.03729775,0.11810952499999998,0.00075
no-pullback,opening-drive-3fa734dffbb3934c89,1658516580000000000,O-20220722-172000-09-000-1383,1,23063.2,0.009,0.03736238,0.11831421999999998,0.00075
no-pullback,opening-drive-a4941bc2d61189b0a4,1658598420000000000,O-20220723-174700-09-000-1385,2,22028.0,0.016,0.06344064,0.20089535999999997,0.00075
no-pullback,opening-drive-a4941bc2d61189b0a4,1658598480000000000,O-20220723-174700-09-000-1386,1,22035.5,0.016,0.06346224,0.20096376,0.00075
no-pullback,opening-drive-a6380b757713313214,1658621100000000000,O-20220724-000500-09-000-1388,1,22585.6,0.008,0.03252326,0.10299034,0.00075
no-pullback,opening-drive-a6380b757713313214,1658623740000000000,O-20220724-000500-09-000-1389,2,22545.3,0.008,0.03246523,0.10280657,0.00075
no-pullback,opening-drive-1ac3b9218c7b881e60,1658624520000000000,O-20220724-010200-09-000-1391,1,22560.8,0.013,0.05279227,0.16717552999999996,0.00075
no-pullback,opening-drive-1ac3b9218c7b881e60,1658624880000000000,O-20220724-010200-09-000-1392,2,22546.6,0.013,0.05275904,0.16707031,0.00075
no-pullback,opening-drive-607db5492a4fca8ccd,1658708820000000000,O-20220725-002700-09-000-1394,2,22456.4,0.007,0.02829506,0.08960104,0.00075
no-pullback,opening-drive-607db5492a4fca8ccd,1658715780000000000,O-20220725-002700-09-000-1396,1,22007.0,0.007,0.0308098,0.08472695000000001,0.00075
no-pullback,opening-drive-d37d67b493ac8ce59c,1658794380000000000,O-20220726-001300-09-000-1397,2,21223.2,0.015,0.05730264,0.18145836,0.00075
no-pullback,opening-drive-d37d67b493ac8ce59c,1658794440000000000,O-20220726-001300-09-000-1398,1,21238.1,0.015,0.05734287,0.18158575499999996,0.00075
no-pullback,opening-drive-7862da694efac0193d,1658794740000000000,O-20220726-001900-09-000-1400,2,21150.0,0.005,0.019035,0.0602775,0.00075
no-pullback,opening-drive-7862da694efac0193d,1658805540000000000,O-20220726-031900-09-000-1403,1,21083.3,0.005,0.01897497,0.060087404999999997,0.00075
no-pullback,opening-drive-9cbaf7aec45340ca8c,1658938500000000000,O-20220727-161500-09-000-1404,1,21571.8,0.009,0.03494632,0.11066332999999996,0.00075
no-pullback,opening-drive-9cbaf7aec45340ca8c,1658941020000000000,O-20220727-161500-09-000-1405,2,21530.1,0.009,0.03487876,0.11044941499999998,0.00075
no-pullback,opening-drive-752043691388cb2fe2,1658942280000000000,O-20220727-171800-09-000-1407,1,21567.0,0.009,0.03493854,0.11063870999999999,0.00075
no-pullback,opening-drive-752043691388cb2fe2,1658942400000000000,O-20220727-171800-09-000-1408,2,21528.4,0.009,0.03487601,0.11044068999999998,0.00075
no-pullback,opening-drive-37a22bef2b3d276b91,1658942940000000000,O-20220727-172900-09-000-1410,1,21630.7,0.004,0.0155741,0.04931800000000001,0.00075
no-pullback,opening-drive-37a22bef2b3d276b91,1658944980000000000,O-20220727-172900-09-000-1412,2,21961.1,0.004,0.01756888,0.04831442,0.00075
no-pullback,opening-drive-6b3512b1237d02b03f,1659029940000000000,O-20220728-173900-09-000-1413,1,24059.7,0.006,0.02598448,0.08228417000000002,0.00075
no-pullback,opening-drive-6b3512b1237d02b03f,1659030300000000000,O-20220728-173900-09-000-1414,2,23995.7,0.006,0.02591536,0.08206529,0.00075
no-pullback,opening-drive-a7c8dbf8b544aa51f1,1659375840000000000,O-20220801-174400-09-000-1416,2,22918.4,0.012,0.04950374,0.15676186000000003,0.00075
no-pullback,opening-drive-a7c8dbf8b544aa51f1,1659376200000000000,O-20220801-174400-09-000-1417,1,22937.5,0.012,0.049545,0.1568925,0.00075
no-pullback,opening-drive-aacb29f56958d37c3d,1659432360000000000,O-20220802-092600-09-000-1419,2,22691.2,0.014,0.05718182,0.18107578000000002,0.00075
no-pullback,opening-drive-aacb29f56958d37c3d,1659432480000000000,O-20220802-092600-09-000-1420,1,22702.2,0.014,0.05720954,0.18116356000000003,0.00075
no-pullback,opening-drive-8241c643f18b7475ad,1659432780000000000,O-20220802-093300-09-000-1422,2,22659.1,0.008,0.0326291,0.1033255,0.00075
no-pullback,opening-drive-8241c643f18b7475ad,1659433080000000000,O-20220802-093300-09-000-1423,1,22702.6,0.008,0.03269174,0.10352386,0.00075
no-pullback,opening-drive-478a8a77018ce51f46,1659433440000000000,O-20220802-094400-09-000-1425,2,22683.0,0.011,0.04491234,0.14222241,0.00075
no-pullback,opening-drive-478a8a77018ce51f46,1659433740000000000,O-20220802-094400-09-000-1426,1,22702.8,0.011,0.04495154,0.14234656,0.00075
no-pullback,opening-drive-8e7794a9a7702eea58,1659457380000000000,O-20220802-162300-09-000-1428,1,23167.6,0.009,0.03753151,0.11884978999999998,0.00075
no-pullback,opening-drive-8e7794a9a7702eea58,1659465480000000000,O-20220802-162300-09-000-1429,2,23136.8,0.009,0.03748162,0.11869177999999997,0.00075
no-pullback,opening-drive-93e5f38dc95b73132c,1659486360000000000,O-20220803-002600-09-000-1431,2,22816.0,0.008,0.03285504,0.10404095999999999,0.00075
no-pullback,opening-drive-93e5f38dc95b73132c,1659486780000000000,O-20220803-002600-09-000-1432,1,22849.6,0.008,0.03290342,0.10419418,0.00075
no-pullback,opening-drive-985c17555a30c4a1b3,1659486960000000000,O-20220803-003600-09-000-1434,2,22837.1,0.012,0.04932814,0.15620576,0.00075
no-pullback,opening-drive-985c17555a30c4a1b3,1659487140000000000,O-20220803-003600-09-000-1435,1,22849.9,0.012,0.04935578,0.15629332,0.00075
no-pullback,opening-drive-165dfdeb0be2dac830,1659487380000000000,O-20220803-004300-09-000-1437,2,22772.1,0.004,0.01639591,0.05192039,0.00075
no-pullback,opening-drive-165dfdeb0be2dac830,1659496500000000000,O-20220803-004300-09-000-1438,1,22849.7,0.004,0.01645178,0.05209732000000001,0.00075
no-pullback,opening-drive-d2d0bb74b6e2a76341,1659513900000000000,O-20220803-080500-09-000-1440,1,23105.0,0.007,0.0291123,0.09218895,0.00075
no-pullback,opening-drive-d2d0bb74b6e2a76341,1659524700000000000,O-20220803-110500-09-000-1443,2,23425.6,0.007,0.02951626,0.09346814,0.00075
no-pullback,opening-drive-2d5dfb68ef4aaa3b1f,1659631740000000000,O-20220804-164900-09-000-1444,2,22608.0,0.003,0.01220832,0.038659679999999995,0.00075
no-pullback,opening-drive-2d5dfb68ef4aaa3b1f,1659642540000000000,O-20220804-194900-09-000-1447,1,22454.3,0.003,0.01212532,0.038396855,0.00075
no-pullback,opening-drive-38c56d1d5896fe845a,1659722280000000000,O-20220805-175800-09-000-1448,2,22823.3,0.007,0.02875736,0.091064965,0.00075
no-pullback,opening-drive-38c56d1d5896fe845a,1659722580000000000,O-20220805-175800-09-000-1449,1,22870.3,0.007,0.02881658,0.09125249499999999,0.00075
no-pullback,opening-drive-96f2071f879d8f70e0,1659747120000000000,O-20220806-005200-09-000-1451,1,23320.0,0.015,0.062964,0.199386,0.00075
no-pullback,opening-drive-96f2071f879d8f70e0,1659747180000000000,O-20220806-005200-09-000-1452,2,23316.8,0.015,0.06295536,0.19935863999999998,0.00075
no-pullback,opening-drive-5166e68341890ea72a,1659775080000000000,O-20220806-083800-09-000-1454,2,23105.2,0.009,0.03743042,0.11852968000000001,0.00075
no-pullback,opening-drive-5166e68341890ea72a,1659775140000000000,O-20220806-083800-09-000-1455,1,23132.3,0.009,0.03747433,0.11866869499999998,0.00075
no-pullback,opening-drive-44942dfa5ba3015e31,1659805380000000000,O-20220806-170300-09-000-1457,2,23059.9,0.009,0.03735704,0.118297285,0.00075
no-pullback,opening-drive-44942dfa5ba3015e31,1659805980000000000,O-20220806-170300-09-000-1458,1,23084.6,0.009,0.03739705,0.11842399999999999,0.00075
no-pullback,opening-drive-50c27b40b27671dde5,1659833760000000000,O-20220807-005600-09-000-1460,2,22872.3,0.011,0.04528715,0.14340932499999998,0.00075
no-pullback,opening-drive-50c27b40b27671dde5,1659834180000000000,O-20220807-005600-09-000-1461,1,22885.3,0.011,0.04531289,0.14349083499999998,0.00075
no-pullback,opening-drive-602f4a446f22257add,1659835500000000000,O-20220807-012500-09-000-1463,2,22877.1,0.012,0.04941454,0.15647936,0.00075
no-pullback,opening-drive-602f4a446f22257add,1659835560000000000,O-20220807-012500-09-000-1464,1,22885.8,0.012,0.04943333,0.15653887,0.00075
no-pullback,opening-drive-7e79fceab7efaa268a,1659892500000000000,O-20220807-171500-09-000-1466,1,23224.1,0.006,0.02508203,0.07942641999999998,0.00075
no-pullback,opening-drive-7e79fceab7efaa268a,1659899220000000000,O-20220807-171500-09-000-1467,2,23178.5,0.006,0.02503278,0.07927047,0.00075
no-pullback,opening-drive-be37cdcddb8f42d221,1659947160000000000,O-20220808-082600-09-000-1469,1,23877.3,0.007,0.0300854,0.09527042499999999,0.00075
no-pullback,opening-drive-be37cdcddb8f42d221,1659957960000000000,O-20220808-112600-09-000-1472,2,24071.1,0.007,0.03032959,0.09604368499999999,0.00075
no-pullback,opening-drive-febe2e0f9a86d45eac,1660038300000000000,O-20220809-094500-09-000-1473,2,23592.7,0.008,0.03397349,0.10758271,0.00075
no-pullback,opening-drive-febe2e0f9a86d45eac,1660044720000000000,O-20220809-094500-09-000-1475,1,23321.8,0.008,0.03731488,0.10261592,0.00075
no-pullback,opening-drive-f08d9247a1ea68cb37,1660091820000000000,O-20220810-003700-09-000-1476,2,22893.1,0.005,0.02060379,0.06524533499999999,0.00075
no-pullback,opening-drive-f08d9247a1ea68cb37,1660092060000000000,O-20220810-003700-09-000-1478,1,22678.0,0.005,0.022678,0.0623645,0.00075
no-pullback,opening-drive-f0980a451db1edd939,1660094640000000000,O-20220810-012400-09-000-1479,2,22879.8,0.005,0.02059182,0.06520743,0.00075
no-pullback,opening-drive-f0980a451db1edd939,1660105440000000000,O-20220810-042400-09-000-1482,1,22911.7,0.005,0.02062053,0.06529834500000001,0.00075
no-pullback,opening-drive-2f619d14edb1685259,1660181220000000000,O-20220811-012700-09-000-1483,1,24415.5,0.002,0.00878958,0.02783367,0.00075
no-pullback,opening-drive-2f619d14edb1685259,1660185900000000000,O-20220811-012700-09-000-1484,2,24232.0,0.002,0.00872352,0.027624479999999996,0.00075
no-pullback,opening-drive-a39f046e56d8927e13,1660263240000000000,O-20220812-001400-09-000-1486,2,23809.6,0.008,0.03428582,0.10857177999999999,0.00075
no-pullback,opening-drive-a39f046e56d8927e13,1660264080000000000,O-20220812-001400-09-000-1487,1,23842.6,0.008,0.03433334,0.10872225999999999,0.00075
no-pullback,opening-drive-755b321bf30f2b556f,1660298100000000000,O-20220812-095500-09-000-1489,1,24107.7,0.009,0.03905447,0.123672505,0.00075
no-pullback,opening-drive-755b321bf30f2b556f,1660298280000000000,O-20220812-095500-09-000-1490,2,24085.7,0.009,0.03901883,0.12355964500000001,0.00075
no-pullback,opening-drive-80350203c79d497b5e,1660352460000000000,O-20220813-010100-09-000-1492,1,24461.7,0.009,0.03962795,0.125488525,0.00075
no-pullback,opening-drive-80350203c79d497b5e,1660352640000000000,O-20220813-010100-09-000-1493,2,24436.6,0.009,0.03958729,0.12535975999999996,0.00075
no-pullback,opening-drive-e41c9539a629c5f114,1660352820000000000,O-20220813-010700-09-000-1495,1,24486.8,0.006,0.02644574,0.08374485999999999,0.00075
no-pullback,opening-drive-e41c9539a629c5f114,1660354380000000000,O-20220813-010700-09-000-1496,2,24436.6,0.006,0.02639153,0.08357316999999999,0.00075
no-pullback,opening-drive-524e3026de5d972384,1660354980000000000,O-20220813-014300-09-000-1498,1,24475.8,0.006,0.02643386,0.08370724,0.00075
no-pullback,opening-drive-524e3026de5d972384,1660365780000000000,O-20220813-044300-09-000-1501,2,24716.2,0.006,0.0266935,0.0845294,0.00075
no-pullback,opening-drive-f2b605163a22df07d5,1660439400000000000,O-20220814-011000-09-000-1502,1,24610.4,0.008,0.03543898,0.11222342000000002,0.00075
no-pullback,opening-drive-f2b605163a22df07d5,1660439520000000000,O-20220814-011000-09-000-1503,2,24582.7,0.008,0.03539909,0.11209711000000001,0.00075
no-pullback,opening-drive-0532ce2cbd936c8df7,1660439820000000000,O-20220814-011700-09-000-1505,1,24588.3,0.012,0.05311073,0.16818397,0.00075
no-pullback,opening-drive-0532ce2cbd936c8df7,1660440120000000000,O-20220814-011700-09-000-1506,2,24582.2,0.012,0.05309755,0.16814225,0.00075
no-pullback,opening-drive-7be4a5154f712a23c3,1660495740000000000,O-20220814-164900-09-000-1508,2,24350.9,0.007,0.03068213,0.09716009500000003,0.00075
no-pullback,opening-drive-7be4a5154f712a23c3,1660495980000000000,O-20220814-164900-09-000-1509,1,24381.5,0.007,0.03072069,0.097282185,0.00075
no-pullback,opening-drive-7bbea15c16a042da89,1660496220000000000,O-20220814-165700-09-000-1511,2,24325.9,0.005,0.02189331,0.069328815,0.00075
no-pullback,opening-drive-7bbea15c16a042da89,1660507020000000000,O-20220814-195700-09-000-1514,1,24283.7,0.005,0.02185533,0.069208545,0.00075
no-pullback,opening-drive-f24eba4f6130af739f,1660528680000000000,O-20220815-015800-09-000-1515,1,24604.3,0.005,0.02214387,0.070122255,0.00075
no-pullback,opening-drive-f24eba4f6130af739f,1660532580000000000,O-20220815-015800-09-000-1517,2,24959.6,0.005,0.0249596,0.0686389,0.00075
no-pullback,opening-drive-1a103e5307488311b9,1660551480000000000,O-20220815-081800-09-000-1518,2,23915.0,0.013,0.0559611,0.17721014999999998,0.00075
no-pullback,opening-drive-1a103e5307488311b9,1660551540000000000,O-20220815-081800-09-000-1519,1,23919.6,0.013,0.05597186,0.17724423999999997,0.00075
no-pullback,opening-drive-6e34c1b6b5e0b97e13,1660723620000000000,O-20220817-080700-09-000-1521,2,23737.1,0.009,0.0384541,0.121771325,0.00075
no-pullback,opening-drive-6e34c1b6b5e0b97e13,1660723680000000000,O-20220817-080700-09-000-1522,1,23758.2,0.009,0.03848828,0.12187956999999998,0.00075
no-pullback,opening-drive-22ff8152dcfa9e0673,1660724820000000000,O-20220817-082700-09-000-1524,2,23749.9,0.012,0.05129978,0.16244932,0.00075
no-pullback,opening-drive-22ff8152dcfa9e0673,1660724880000000000,O-20220817-082700-09-000-1525,1,23757.1,0.012,0.05131534,0.16249856,0.00075
no-pullback,opening-drive-3abfc9bf20c6f2550e,1660816440000000000,O-20220818-095400-09-000-1527,1,23521.2,0.009,0.03810434,0.12066376000000001,0.00075
no-pullback,opening-drive-3abfc9bf20c6f2550e,1660816740000000000,O-20220818-095400-09-000-1528,2,23504.0,0.009,0.03807648,0.12057551999999998,0.00075
no-pullback,opening-drive-9d9ecf2ef84dd05054,1660840200000000000,O-20220818-163000-09-000-1530,2,23323.5,0.01,0.0419823,0.13294395,0.00075
no-pullback,opening-drive-9d9ecf2ef84dd05054,1660841640000000000,O-20220818-163000-09-000-1531,1,23337.7,0.01,0.04200786,0.13302489,0.00075
no-pullback,opening-drive-80952e25f165589647,1660841820000000000,O-20220818-165700-09-000-1533,2,23328.1,0.01,0.04199058,0.13297016999999997,0.00075
no-pullback,opening-drive-80952e25f165589647,1660841880000000000,O-20220818-165700-09-000-1534,1,23338.2,0.01,0.04200876,0.13302774,0.00075
no-pullback,opening-drive-f6b6ad0fd5bbaefcfb,1660845120000000000,O-20220818-175200-09-000-1536,2,23323.2,0.009,0.03778358,0.11964802,0.00075
no-pullback,opening-drive-f6b6ad0fd5bbaefcfb,1660849020000000000,O-20220818-175200-09-000-1537,1,23337.4,0.009,0.03780659,0.11972086,0.00075
no-pullback,opening-drive-834008f4fa45435fdd,1660867860000000000,O-20220819-001100-09-000-1539,2,23069.2,0.006,0.02491474,0.07889666000000001,0.00075
no-pullback,opening-drive-834008f4fa45435fdd,1660872600000000000,O-20220819-001100-09-000-1541,1,22743.4,0.006,0.02729208,0.07505322000000002,0.00075
no-pullback,opening-drive-dbfba69c05be2dca3c,1661011740000000000,O-20220820-160900-09-000-1542,1,21329.9,0.014,0.05375135,0.1702126,0.00075
no-pullback,opening-drive-dbfba69c05be2dca3c,1661011800000000000,O-20220820-160900-09-000-1543,2,21327.2,0.014,0.05374454,0.17019106000000003,0.00075
no-pullback,opening-drive-2a74b3f7f319697b87,1661072400000000000,O-20220821-090000-09-000-1545,1,21343.3,0.008,0.03073435,0.09732545,0.00075
no-pullback,opening-drive-2a74b3f7f319697b87,1661072460000000000,O-20220821-090000-09-000-1546,2,21318.4,0.008,0.0306985,0.0972119,0.00075
no-pullback,opening-drive-7ef3ef55f3fff04d5e,1661072760000000000,O-20220821-090600-09-000-1548,1,21378.3,0.005,0.01924047,0.06092815499999999,0.00075
no-pullback,opening-drive-7ef3ef55f3fff04d5e,1661083560000000000,O-20220821-120600-09-000-1551,2,21522.1,0.005,0.01936989,0.061337985,0.00075
no-pullback,opening-drive-b90736b1dd594b4c10,1661155440000000000,O-20220822-080400-09-000-1552,2,20987.6,0.005,0.01888884,0.05981465999999999,0.00075
no-pullback,opening-drive-b90736b1dd594b4c10,1661155680000000000,O-20220822-080400-09-000-1553,1,21041.7,0.005,0.01893753,0.059968845,0.00075
no-pullback,opening-drive-8b56cea8f301646d36,1661155920000000000,O-20220822-081200-09-000-1555,2,20941.6,0.003,0.01130846,0.03581014,0.00075
no-pullback,opening-drive-8b56cea8f301646d36,1661157600000000000,O-20220822-081200-09-000-1556,1,21042.2,0.003,0.01136279,0.03598216,0.00075
no-pullback,opening-drive-bd241238678781efbc,1661157960000000000,O-20220822-084600-09-000-1558,2,21023.8,0.009,0.03405856,0.10785209,0.00075
no-pullback,opening-drive-bd241238678781efbc,1661158020000000000,O-20220822-084600-09-000-1559,1,21042.4,0.009,0.03408869,0.10794751000000001,0.00075
no-pullback,opening-drive-c3b02adaf1d734ee2a,1661184180000000000,O-20220822-160300-09-000-1561,1,21441.0,0.012,0.04631256,0.14665644,0.00075
no-pullback,opening-drive-c3b02adaf1d734ee2a,1661184240000000000,O-20220822-160300-09-000-1562,2,21435.9,0.012,0.04630154,0.14662156000000004,0.00075
no-pullback,opening-drive-7a8451016be3b8d0b1,1661243640000000000,O-20220823-083400-09-000-1564,1,21474.3,0.009,0.03478837,0.11016315499999998,0.00075
no-pullback,opening-drive-7a8451016be3b8d0b1,1661243820000000000,O-20220823-083400-09-000-1565,2,21456.8,0.009,0.03476002,0.11007337999999998,0.00075
no-pullback,opening-drive-0c2c5a5d338e452e10,1661244840000000000,O-20220823-085400-09-000-1567,1,21470.1,0.009,0.03478156,0.11014161499999997,0.00075
no-pullback,opening-drive-0c2c5a5d338e452e10,1661245020000000000,O-20220823-085400-09-000-1568,2,21457.2,0.009,0.03476066,0.11007544000000002,0.00075
no-pullback,opening-drive-d9c077e3762499cf42,1661245440000000000,O-20220823-090400-09-000-1570,1,21468.5,0.009,0.03477897,0.11013340499999999,0.00075
no-pullback,opening-drive-d9c077e3762499cf42,1661245920000000000,O-20220823-090400-09-000-1571,2,21457.6,0.009,0.03476131,0.11007748999999999,0.00075
no-pullback,opening-drive-69a7c49eac9e61bcf7,1661248200000000000,O-20220823-095000-09-000-1573,1,21517.8,0.004,0.01549282,0.049060580000000006,0.00075
no-pullback,opening-drive-69a7c49eac9e61bcf7,1661248440000000000,O-20220823-095000-09-000-1574,2,21457.0,0.004,0.01544904,0.04892196,0.00075
no-pullback,opening-drive-8c80bda1f7094ff78b,1661248680000000000,O-20220823-095800-09-000-1576,1,21476.3,0.007,0.02706014,0.08569043500000001,0.00075
no-pullback,opening-drive-8c80bda1f7094ff78b,1661248740000000000,O-20220823-095800-09-000-1577,2,21456.8,0.007,0.02703557,0.08561263000000001,0.00075
no-pullback,opening-drive-b386877dfc917bbb27,1661301540000000000,O-20220824-003900-09-000-1579,2,21335.0,0.007,0.0268821,0.08512665,0.00075
no-pullback,opening-drive-b386877dfc917bbb27,1661301600000000000,O-20220824-003900-09-000-1580,1,21352.4,0.007,0.02690402,0.08519608,0.00075
no-pullback,opening-drive-15ba61a7110507b5ee,1661302020000000000,O-20220824-004700-09-000-1582,2,21338.2,0.008,0.03072701,0.09730219000000001,0.00075
no-pullback,opening-drive-15ba61a7110507b5ee,1661302080000000000,O-20220824-004700-09-000-1583,1,21352.7,0.008,0.03074789,0.09736831000000003,0.00075
no-pullback,opening-drive-c4053fd2eee8111d3c,1661304240000000000,O-20220824-012400-09-000-1585,2,21345.0,0.009,0.0345789,0.10949985,0.00075
no-pullback,opening-drive-c4053fd2eee8111d3c,1661305140000000000,O-20220824-012400-09-000-1586,1,21351.8,0.009,0.03458992,0.10953472999999998,0.00075
no-pullback,opening-drive-b822c646261cab7469,1661305500000000000,O-20220824-014500-09-000-1588,2,21260.8,0.002,0.00765389,0.024237309999999998,0.00075
no-pullback,opening-drive-b822c646261cab7469,1661306760000000000,O-20220824-014500-09-000-1589,1,21351.7,0.002,0.00768661,0.024340940000000002,0.00075
no-pullback,opening-drive-83794a8a601e6e53b1,1661357100000000000,O-20220824-160500-09-000-1591,1,21653.2,0.006,0.02338546,0.07405394000000001,0.00075
no-pullback,opening-drive-83794a8a601e6e53b1,1661361900000000000,O-20220824-160500-09-000-1592,2,21633.1,0.006,0.02336375,0.0739852,0.00075
no-pullback,opening-drive-5b2865e2691bac4c40,1661362140000000000,O-20220824-172900-09-000-1594,1,21651.1,0.006,0.02338319,0.07404675999999999,0.00075
no-pullback,opening-drive-5b2865e2691bac4c40,1661362200000000000,O-20220824-172900-09-000-1595,2,21633.0,0.006,0.02336364,0.07398486,0.00075
no-pullback,opening-drive-8217861c482e5f91c7,1661385840000000000,O-20220825-000400-09-000-1597,2,21348.5,0.009,0.03458457,0.10951780499999998,0.00075
no-pullback,opening-drive-8217861c482e5f91c7,1661385900000000000,O-20220825-000400-09-000-1598,1,21351.9,0.009,0.03459008,0.109535245,0.00075
no-pullback,opening-drive-1403f66d8d81a96865,1661386500000000000,O-20220825-001500-09-000-1600,2,21303.1,0.004,0.01533823,0.04857107000000001,0.00075
no-pullback,opening-drive-1403f66d8d81a96865,1661386680000000000,O-20220825-001500-09-000-1601,1,21352.1,0.004,0.01537351,0.048682790000000004,0.00075
no-pullback,opening-drive-4bd875daf40e4bdcf7,1661387040000000000,O-20220825-002400-09-000-1603,2,21340.5,0.007,0.02688903,0.085148595,0.00075
no-pullback,opening-drive-4bd875daf40e4bdcf7,1661387100000000000,O-20220825-002400-09-000-1604,1,21351.9,0.007,0.02690339,0.085194085,0.00075
no-pullback,opening-drive-789229750045785d3d,1661414640000000000,O-20220825-080400-09-000-1606,1,21773.5,0.005,0.01959615,0.062054475000000005,0.00075
no-pullback,opening-drive-789229750045785d3d,1661415240000000000,O-20220825-080400-09-000-1607,2,21748.6,0.005,0.01957374,0.06198350999999999,0.00075
no-pullback,opening-drive-8ba1875b471eaa655d,1661446140000000000,O-20220825-164900-09-000-1609,2,21422.7,0.003,0.01156826,0.036632815,0.00075
no-pullback,opening-drive-8ba1875b471eaa655d,1661447340000000000,O-20220825-164900-09-000-1610,1,21476.9,0.003,0.01159753,0.036725495000000004,0.00075
no-pullback,opening-drive-c3f1e15389975bb615,1661447460000000000,O-20220825-171100-09-000-1612,2,21438.2,0.004,0.0154355,0.04887910000000001,0.00075
no-pullback,opening-drive-c3f1e15389975bb615,1661447880000000000,O-20220825-171100-09-000-1613,1,21477.1,0.004,0.01546351,0.04896779,0.00075
no-pullback,opening-drive-534eac983d5dfe88f3,1661703720000000000,O-20220828-162200-09-000-1615,1,20119.8,0.005,0.01810782,0.05734143,0.00075
no-pullback,opening-drive-534eac983d5dfe88f3,1661704140000000000,O-20220828-162200-09-000-1616,2,20096.2,0.005,0.01808658,0.05727417,0.00075
no-pullback,opening-drive-bde8effe66dff43743,1661877960000000000,O-20220830-164600-09-000-1618,2,19598.0,0.003,0.01058292,0.03351258,0.00075
no-pullback,opening-drive-bde8effe66dff43743,1661878260000000000,O-20220830-164600-09-000-1619,1,19637.7,0.003,0.01060436,0.033580465000000004,0.00075
no-pullback,opening-drive-75d0ea3ebf882435d8,1661878380000000000,O-20220830-165300-09-000-1621,2,19624.3,0.006,0.02119424,0.06711511,0.00075
no-pullback,opening-drive-75d0ea3ebf882435d8,1661878440000000000,O-20220830-165300-09-000-1622,1,19638.1,0.006,0.02120915,0.0671623,0.00075
no-pullback,opening-drive-aff1090bc809df410c,1661878860000000000,O-20220830-170100-09-000-1624,2,19619.5,0.005,0.01765755,0.055915574999999995,0.00075
no-pullback,opening-drive-aff1090bc809df410c,1661878980000000000,O-20220830-170100-09-000-1625,1,19638.2,0.005,0.01767438,0.05596887,0.00075
no-pullback,opening-drive-3351265b4b8c0e564b,1661879640000000000,O-20220830-171400-09-000-1627,2,19627.0,0.006,0.02119716,0.06712433999999999,0.00075
no-pullback,opening-drive-3351265b4b8c0e564b,1661879700000000000,O-20220830-171400-09-000-1628,1,19638.2,0.006,0.02120926,0.06716264000000001,0.00075
no-pullback,opening-drive-418c379c311e18a5a1,1661880060000000000,O-20220830-172100-09-000-1630,2,19592.4,0.003,0.0105799,0.033503000000000005,0.00075
no-pullback,opening-drive-418c379c311e18a5a1,1661880480000000000,O-20220830-172100-09-000-1631,1,19637.6,0.003,0.0106043,0.033580299999999993,0.00075
no-pullback,opening-drive-b5c5b0cd5199226c41,1661881080000000000,O-20220830-173800-09-000-1633,2,19610.0,0.004,0.0141192,0.044710799999999995,0.00075
no-pullback,opening-drive-b5c5b0cd5199226c41,1661881920000000000,O-20220830-173800-09-000-1634,1,19636.8,0.004,0.0141385,0.0447719,0.00075
no-pullback,opening-drive-7d7317a22f8a4be7d1,1661909940000000000,O-20220831-013900-09-000-1636,1,20129.3,0.002,0.00724655,0.0229474,0.00075
no-pullback,opening-drive-7d7317a22f8a4be7d1,1661920740000000000,O-20220831-043900-09-000-1639,2,20374.7,0.002,0.00733489,0.023227160000000004,0.00075
no-pullback,opening-drive-5b49344175ba996688,1662050340000000000,O-20220901-163900-09-000-1640,2,19597.2,0.003,0.01058249,0.03351121000000001,0.00075
no-pullback,opening-drive-5b49344175ba996688,1662050580000000000,O-20220901-163900-09-000-1641,1,19647.0,0.003,0.01060938,0.03359637,0.00075
no-pullback,opening-drive-070072e511f3bdd7f2,1662050820000000000,O-20220901-164700-09-000-1643,2,19589.0,0.002,0.00705204,0.022331459999999997,0.00075
no-pullback,opening-drive-070072e511f3bdd7f2,1662051600000000000,O-20220901-164700-09-000-1644,1,19647.5,0.002,0.0070731,0.02239815,0.00075
no-pullback,opening-drive-f8f20dfd43aeca605e,1662139500000000000,O-20220902-172500-09-000-1646,2,19915.3,0.002,0.00716951,0.02270344,0.00075
no-pullback,opening-drive-f8f20dfd43aeca605e,1662144000000000000,O-20220902-172500-09-000-1647,1,19981.0,0.002,0.00719316,0.02277834,0.00075
no-pullback,opening-drive-334ecb698e7d106c30,1662424020000000000,O-20220906-002700-09-000-1649,1,19917.9,0.005,0.01792611,0.05676601500000002,0.00075
no-pullback,opening-drive-334ecb698e7d106c30,1662424200000000000,O-20220906-002700-09-000-1650,2,19902.9,0.005,0.01791261,0.056723265000000016,0.00075
no-pullback,opening-drive-67a5488798a9476f6f,1662424440000000000,O-20220906-003400-09-000-1652,1,19951.2,0.002,0.00718243,0.02274437,0.00075
no-pullback,opening-drive-67a5488798a9476f6f,1662425640000000000,O-20220906-003400-09-000-1654,2,20149.0,0.002,0.0080596,0.022163900000000004,0.00075
no-pullback,opening-drive-50a6a97fac01444268,1662572700000000000,O-20220907-174500-09-000-1655,1,18975.9,0.005,0.01707831,0.054081315000000005,0.00075
no-pullback,opening-drive-50a6a97fac01444268,1662574740000000000,O-20220907-174500-09-000-1656,2,18959.0,0.005,0.0170631,0.05403315,0.00075
no-pullback,opening-drive-8e5f2802c0c3cb4851,1662743400000000000,O-20220909-171000-09-000-1658,1,21356.6,0.004,0.01537675,0.04869305,0.00075
no-pullback,opening-drive-8e5f2802c0c3cb4851,1662743640000000000,O-20220909-171000-09-000-1659,2,21342.2,0.004,0.01536638,0.04866022000000001,0.00075
no-pullback,opening-drive-4730fb37b28733990b,1662743880000000000,O-20220909-171800-09-000-1661,1,21388.8,0.002,0.00769997,0.024383230000000002,0.00075
no-pullback,opening-drive-4730fb37b28733990b,1662744000000000000,O-20220909-171800-09-000-1662,2,21342.0,0.002,0.00768312,0.024329879999999998,0.00075
no-pullback,opening-drive-47df534de6b1b606a4,1662829020000000000,O-20220910-165700-09-000-1664,1,21428.1,0.002,0.00771412,0.024428030000000003,0.00075
no-pullback,opening-drive-47df534de6b1b606a4,1662829260000000000,O-20220910-165700-09-000-1665,2,21381.7,0.002,0.00769741,0.024375140000000007,0.00075
no-pullback,opening-drive-dbb3d6ce5b85a7526f,1662886440000000000,O-20220911-085400-09-000-1667,1,21684.7,0.004,0.01561298,0.04944112,0.00075
no-pullback,opening-drive-dbb3d6ce5b85a7526f,1662886560000000000,O-20220911-085400-09-000-1668,2,21671.0,0.004,0.01560312,0.049409879999999996,0.00075
no-pullback,opening-drive-ff1561cef932a2237e,1662918000000000000,O-20220911-174000-09-000-1670,1,21819.2,0.002,0.00785491,0.024873890000000006,0.00075
no-pullback,opening-drive-ff1561cef932a2237e,1662918060000000000,O-20220911-174000-09-000-1671,2,21759.4,0.002,0.00783338,0.024805720000000007,0.00075
no-pullback,opening-drive-385ec984b35e828237,1662946860000000000,O-20220912-014100-09-000-1673,1,21914.9,0.002,0.00788936,0.024982990000000007,0.00075
no-pullback,opening-drive-385ec984b35e828237,1662947160000000000,O-20220912-014100-09-000-1675,2,22328.3,0.002,0.00893132,0.02456113,0.00075
no-pullback,opening-drive-cf5def76476279ecbb,1663086720000000000,O-20220913-163200-09-000-1676,2,20720.9,0.005,0.01864881,0.05905456500000002,0.00075
no-pullback,opening-drive-cf5def76476279ecbb,1663086780000000000,O-20220913-163200-09-000-1677,1,20732.2,0.005,0.01865898,0.05908677,0.00075
no-pullback,opening-drive-6325f8a891155af479,1663348920000000000,O-20220916-172200-09-000-1679,2,19352.8,0.003,0.01045051,0.033093290000000004,0.00075
no-pullback,opening-drive-6325f8a891155af479,1663349160000000000,O-20220916-172200-09-000-1680,1,19389.4,0.003,0.01047028,0.03315587000000001,0.00075
no-pullback,opening-drive-c610aa16ef859f87b6,1663349400000000000,O-20220916-173000-09-000-1682,2,19361.0,0.003,0.01045494,0.03310731,0.00075
no-pullback,opening-drive-c610aa16ef859f87b6,1663349460000000000,O-20220916-173000-09-000-1683,1,19389.4,0.003,0.01047028,0.03315587000000001,0.00075
no-pullback,opening-drive-ad50b666befab83ce9,1663374360000000000,O-20220917-002600-09-000-1685,1,19861.1,0.002,0.00715,0.02264165,0.00075
no-pullback,opening-drive-ad50b666befab83ce9,1663385160000000000,O-20220917-032600-09-000-1688,2,19885.6,0.002,0.00715882,0.02266958,0.00075
no-pullback,opening-drive-55bc1d09cef293e03d,1663431060000000000,O-20220917-161100-09-000-1689,1,20042.9,0.003,0.01082317,0.034273355000000005,0.00075
no-pullback,opening-drive-55bc1d09cef293e03d,1663432260000000000,O-20220917-161100-09-000-1690,2,20017.5,0.003,0.01080945,0.034229925,0.00075
no-pullback,opening-drive-0b672bb26f107cd46c,1663432620000000000,O-20220917-163700-09-000-1692,1,20050.5,0.003,0.01082727,0.034286355,0.00075
no-pullback,opening-drive-0b672bb26f107cd46c,1663438740000000000,O-20220917-163700-09-000-1693,2,20015.7,0.003,0.01080848,0.034226845,0.00075
no-pullback,opening-drive-b401148ebca574761e,1663519260000000000,O-20220918-164100-09-000-1695,2,19690.1,0.003,0.01063265,0.033670074999999994,0.00075
no-pullback,opening-drive-b401148ebca574761e,1663519440000000000,O-20220918-164100-09-000-1696,1,19710.5,0.003,0.01064367,0.033704955,0.00075
no-pullback,opening-drive-bc168cc1e6ce46821a,1663519740000000000,O-20220918-164900-09-000-1698,2,19693.8,0.004,0.01417954,0.044901859999999995,0.00075
no-pullback,opening-drive-bc168cc1e6ce46821a,1663519860000000000,O-20220918-164900-09-000-1699,1,19709.6,0.004,0.01419091,0.04493789,0.00075
no-pullback,opening-drive-be571ed6cf6641c8c7,1663520700000000000,O-20220918-170500-09-000-1701,2,19703.0,0.005,0.0177327,0.056153549999999997,0.00075
no-pullback,opening-drive-be571ed6cf6641c8c7,1663521240000000000,O-20220918-170500-09-000-1702,1,19709.0,0.005,0.0177381,0.056170649999999996,0.00075
no-pullback,opening-drive-ed84428eac65b435d6,1663521780000000000,O-20220918-172300-09-000-1704,2,19685.2,0.003,0.01063001,0.03366169000000001,0.00075
no-pullback,opening-drive-ed84428eac65b435d6,1663521960000000000,O-20220918-172300-09-000-1705,1,19708.9,0.003,0.01064281,0.033702215,0.00075
no-pullback,opening-drive-051d04851a916bdacf,1663522500000000000,O-20220918-173500-09-000-1707,2,19651.3,0.001,0.00353723,0.011201244999999999,0.00075
no-pullback,opening-drive-051d04851a916bdacf,1663522980000000000,O-20220918-173500-09-000-1708,1,19708.8,0.001,0.00354758,0.011234019999999999,0.00075
no-pullback,opening-drive-060b5c68f6ae791db5,1663523220000000000,O-20220918-174700-09-000-1710,2,19654.6,0.001,0.00353783,0.011203119999999999,0.00075
no-pullback,opening-drive-060b5c68f6ae791db5,1663524540000000000,O-20220918-174700-09-000-1711,1,19708.9,0.001,0.0035476,0.011234075000000003,0.00075
no-pullback,opening-drive-4ac772101b24c6a01d,1663782300000000000,O-20220921-174500-09-000-1713,1,19485.5,0.003,0.01052217,0.033320205,0.00075
no-pullback,opening-drive-4ac772101b24c6a01d,1663782360000000000,O-20220921-174500-09-000-1714,2,19472.6,0.003,0.0105152,0.033298150000000006,0.00075
no-pullback,opening-drive-22a001d5ba3aba71b1,1663782660000000000,O-20220921-175100-09-000-1716,1,19505.4,0.002,0.00702194,0.02223616,0.00075
no-pullback,opening-drive-22a001d5ba3aba71b1,1663782780000000000,O-20220921-175100-09-000-1717,2,19471.8,0.002,0.00700985,0.022197849999999995,0.00075
no-pullback,opening-drive-25cabc938eb97a7566,1663834920000000000,O-20220922-082200-09-000-1719,1,18970.4,0.004,0.01365869,0.04325251000000001,0.00075
no-pullback,opening-drive-25cabc938eb97a7566,1663845720000000000,O-20220922-112200-09-000-1722,2,19063.9,0.004,0.01372601,0.04346569,0.00075
no-pullback,opening-drive-f77faf86f475d09c0e,1663921020000000000,O-20220923-081700-09-000-1723,2,19177.2,0.003,0.01035569,0.032793010000000004,0.00075
no-pullback,opening-drive-f77faf86f475d09c0e,1663931760000000000,O-20220923-081700-09-000-1725,1,18890.2,0.003,0.01133412,0.03116883,0.00075
no-pullback,opening-drive-42da5e7ca0740d7cb9,1664179620000000000,O-20220926-080700-09-000-1726,1,18953.5,0.004,0.01364652,0.04321398,0.00075
no-pullback,opening-drive-42da5e7ca0740d7cb9,1664181960000000000,O-20220926-080700-09-000-1728,2,19208.4,0.004,0.01536672,0.04225848000000001,0.00075
no-pullback,opening-drive-bd317d8558b22f5e8f,1664237640000000000,O-20220927-001400-09-000-1729,1,19288.0,0.003,0.01041552,0.03298248,0.00075
no-pullback,opening-drive-bd317d8558b22f5e8f,1664238420000000000,O-20220927-001400-09-000-1730,2,19253.5,0.003,0.01039689,0.032923485,0.00075
no-pullback,opening-drive-25db39870deeccabd5,1664238540000000000,O-20220927-002900-09-000-1732,1,19272.1,0.004,0.01387591,0.043940389999999996,0.00075
no-pullback,opening-drive-25db39870deeccabd5,1664241660000000000,O-20220927-002900-09-000-1734,2,19551.4,0.004,0.01564112,0.04301308,0.00075
no-pullback,opening-drive-3eadbe01d55e1fe1da,1664294940000000000,O-20220927-160900-09-000-1735,2,19807.0,0.002,0.00713052,0.022579980000000006,0.00075
no-pullback,opening-drive-3eadbe01d55e1fe1da,1664296680000000000,O-20220927-160900-09-000-1737,1,19345.8,0.002,0.00773832,0.02128038,0.00075
no-pullback,opening-drive-3dd077451747131eff,1664380920000000000,O-20220928-160200-09-000-1738,1,19656.2,0.001,0.00353812,0.011204030000000002,0.00075
no-pullback,opening-drive-3dd077451747131eff,1664382480000000000,O-20220928-160200-09-000-1739,2,19494.1,0.001,0.00350894,0.011111634999999998,0.00075
no-pullback,opening-drive-efc922c434d5053356,1664383020000000000,O-20220928-163700-09-000-1741,1,19552.1,0.002,0.00703876,0.022289390000000003,0.00075
no-pullback,opening-drive-efc922c434d5053356,1664383980000000000,O-20220928-163700-09-000-1742,2,19493.4,0.002,0.00701762,0.022222480000000003,0.00075
no-pullback,opening-drive-9f29e3fb90ebc5d319,1664384820000000000,O-20220928-170700-09-000-1744,1,19549.1,0.003,0.01055651,0.033428965,0.00075
no-pullback,opening-drive-9f29e3fb90ebc5d319,1664387100000000000,O-20220928-170700-09-000-1745,2,19494.3,0.003,0.01052692,0.033335255,0.00075
no-pullback,opening-drive-a9b9d601282ccc1032,1664469900000000000,O-20220929-164500-09-000-1747,1,19554.0,0.004,0.01407888,0.044583120000000004,0.00075
no-pullback,opening-drive-a9b9d601282ccc1032,1664469960000000000,O-20220929-164500-09-000-1748,2,19533.3,0.004,0.01406398,0.04453592000000001,0.00075
no-pullback,opening-drive-b44584f1adfeef8863,1664498040000000000,O-20220930-003400-09-000-1750,1,19657.2,0.006,0.02122978,0.06722762000000002,0.00075
no-pullback,opening-drive-b44584f1adfeef8863,1664498100000000000,O-20220930-003400-09-000-1751,2,19646.7,0.006,0.02121844,0.06719171,0.00075
no-pullback,opening-drive-91ae3c67e85022508c,1664817840000000000,O-20221003-172400-09-000-1753,1,19553.6,0.002,0.0070393,0.022291099999999998,0.00075
no-pullback,opening-drive-91ae3c67e85022508c,1664824200000000000,O-20221003-172400-09-000-1754,2,19487.7,0.002,0.00701557,0.02221598,0.00075
no-pullback,opening-drive-8c9c024c6dddf4c309,1664870760000000000,O-20221004-080600-09-000-1756,1,20068.8,0.001,0.00361238,0.01143922,0.00075
no-pullback,opening-drive-8c9c024c6dddf4c309,1664871840000000000,O-20221004-080600-09-000-1757,2,19967.3,0.001,0.00359411,0.011381365,0.00075
no-pullback,opening-drive-707d8ea0972f262c8c,1664872920000000000,O-20221004-084200-09-000-1759,1,19974.0,0.005,0.0179766,0.0569259,0.00075
no-pullback,opening-drive-707d8ea0972f262c8c,1664872980000000000,O-20221004-084200-09-000-1760,2,19966.3,0.005,0.01796967,0.056903955,0.00075
no-pullback,opening-drive-95163a717f1660b431,1664958240000000000,O-20221005-082400-09-000-1762,2,20020.0,0.002,0.0072072,0.022822799999999997,0.00075
no-pullback,opening-drive-95163a717f1660b431,1664958360000000000,O-20221005-082400-09-000-1763,1,20073.1,0.002,0.00722632,0.02288333,0.00075
no-pullback,opening-drive-061cdfc0140a05d585,1664962980000000000,O-20221005-094300-09-000-1765,2,20068.9,0.006,0.02167441,0.06863564,0.00075
no-pullback,opening-drive-061cdfc0140a05d585,1664963040000000000,O-20221005-094300-09-000-1766,1,20072.2,0.006,0.02167798,0.06864692000000001,0.00075
no-pullback,opening-drive-79c69cd4eacc898409,1664963580000000000,O-20221005-095300-09-000-1768,2,20062.1,0.005,0.01805589,0.05717698499999999,0.00075
no-pullback,opening-drive-79c69cd4eacc898409,1664963820000000000,O-20221005-095300-09-000-1769,1,20072.1,0.005,0.01806489,0.057205485,0.00075
no-pullback,opening-drive-17dcf5c2860e629e05,1664988840000000000,O-20221005-165400-09-000-1771,1,20258.7,0.003,0.0109397,0.034642375,0.00075
no-pullback,opening-drive-17dcf5c2860e629e05,1664989140000000000,O-20221005-165400-09-000-1772,2,20234.2,0.003,0.01092647,0.03460048,0.00075
no-pullback,opening-drive-a323f76b16773450f3,1664989680000000000,O-20221005-170800-09-000-1774,1,20239.8,0.005,0.01821582,0.057683429999999994,0.00075
no-pullback,opening-drive-a323f76b16773450f3,1664989740000000000,O-20221005-170800-09-000-1775,2,20233.9,0.005,0.01821051,0.05766661500000002,0.00075
no-pullback,opening-drive-68c002ace15d311df3,1664990280000000000,O-20221005-171800-09-000-1777,1,20263.8,0.003,0.01094245,0.034651100000000004,0.00075
no-pullback,opening-drive-68c002ace15d311df3,1664990820000000000,O-20221005-171800-09-000-1778,2,20233.8,0.003,0.01092625,0.0345998,0.00075
no-pullback,opening-drive-0a483ca4e26ac4b9df,1665017640000000000,O-20221006-005400-09-000-1780,1,20368.4,0.003,0.01099894,0.03482996,0.00075
no-pullback,opening-drive-0a483ca4e26ac4b9df,1665017700000000000,O-20221006-005400-09-000-1781,2,20347.2,0.003,0.01098749,0.034793710000000005,0.00075
no-pullback,opening-drive-e01899547f77467362,1665021480000000000,O-20221006-015800-09-000-1783,1,20375.8,0.003,0.01100293,0.034842620000000005,0.00075
no-pullback,opening-drive-e01899547f77467362,1665022680000000000,O-20221006-015800-09-000-1784,2,20348.3,0.003,0.01098808,0.034795595,0.00075
no-pullback,opening-drive-9d2c2a1a39a65a491c,1665044760000000000,O-20221006-082600-09-000-1786,2,20116.8,0.003,0.01086307,0.034399729999999996,0.00075
no-pullback,opening-drive-9d2c2a1a39a65a491c,1665044880000000000,O-20221006-082600-09-000-1787,1,20136.1,0.003,0.01087349,0.034432735,0.00075
no-pullback,opening-drive-60663b976bc0463ae2,1665045180000000000,O-20221006-083300-09-000-1789,2,20120.1,0.003,0.01086485,0.034405375,0.00075
no-pullback,opening-drive-60663b976bc0463ae2,1665045300000000000,O-20221006-083300-09-000-1790,1,20136.3,0.003,0.0108736,0.034433074999999994,0.00075
no-pullback,opening-drive-91659cdf7ea17c9e6b,1665046380000000000,O-20221006-085300-09-000-1792,2,20124.9,0.004,0.01448993,0.045884770000000005,0.00075
no-pullback,opening-drive-91659cdf7ea17c9e6b,1665046500000000000,O-20221006-085300-09-000-1793,1,20136.5,0.004,0.01449828,0.04591122,0.00075
no-pullback,opening-drive-3bbc56bbd12dfa5a73,1665047760000000000,O-20221006-091600-09-000-1795,2,20131.7,0.004,0.01449482,0.04590028000000001,0.00075
no-pullback,opening-drive-3bbc56bbd12dfa5a73,1665047820000000000,O-20221006-091600-09-000-1796,1,20135.8,0.004,0.01449778,0.04590962,0.00075
no-pullback,opening-drive-9c0d781eea63a6aaac,1665050280000000000,O-20221006-095800-09-000-1798,2,20095.8,0.002,0.00723449,0.022909210000000003,0.00075
no-pullback,opening-drive-9c0d781eea63a6aaac,1665052440000000000,O-20221006-095800-09-000-1799,1,20135.6,0.002,0.00724882,0.022954580000000002,0.00075
no-pullback,opening-drive-c19b7886dc40290874,1665159960000000000,O-20221007-162600-09-000-1801,2,19418.5,0.002,0.00699066,0.02213709,0.00075
no-pullback,opening-drive-c19b7886dc40290874,1665164520000000000,O-20221007-162600-09-000-1802,1,19456.5,0.002,0.00700434,0.02218041,0.00075
no-pullback,opening-drive-a65570f06d3ea08099,1665164880000000000,O-20221007-174800-09-000-1804,2,19448.9,0.004,0.01400321,0.04434349,0.00075
no-pullback,opening-drive-a65570f06d3ea08099,1665164940000000000,O-20221007-174800-09-000-1805,1,19455.6,0.004,0.01400803,0.044358770000000006,0.00075
no-pullback,opening-drive-cf3a1bfddfdc62512a,1665165360000000000,O-20221007-175600-09-000-1807,2,19440.0,0.003,0.0104976,0.0332424,0.00075
no-pullback,opening-drive-cf3a1bfddfdc62512a,1665166620000000000,O-20221007-175600-09-000-1808,1,19455.5,0.003,0.01050597,0.033268905,0.00075
no-pullback,opening-drive-8596daa75eb2aa9ebb,1665389520000000000,O-20221010-081200-09-000-1810,2,19356.6,0.004,0.01393675,0.04413305,0.00075
no-pullback,opening-drive-8596daa75eb2aa9ebb,1665389580000000000,O-20221010-081200-09-000-1811,1,19361.7,0.004,0.01394042,0.044144680000000006,0.00075
no-pullback,opening-drive-be37ba3cc885ecd82a,1665395400000000000,O-20221010-095000-09-000-1813,2,19326.7,0.002,0.00695761,0.022032440000000004,0.00075
no-pullback,opening-drive-be37ba3cc885ecd82a,1665400800000000000,O-20221010-095000-09-000-1814,1,19362.1,0.002,0.00697036,0.02207279,0.00075
no-pullback,opening-drive-adf584bab86afe69e5,1665447240000000000,O-20221011-001400-09-000-1816,2,18971.3,0.002,0.00682967,0.02162728,0.00075
no-pullback,opening-drive-adf584bab86afe69e5,1665447420000000000,O-20221011-001400-09-000-1817,1,19002.5,0.002,0.0068409,0.02166285,0.00075
no-pullback,opening-drive-2dd1af6b4a39b944da,1665452520000000000,O-20221011-014200-09-000-1819,2,18990.1,0.003,0.01025465,0.032473075,0.00075
no-pullback,opening-drive-2dd1af6b4a39b944da,1665452580000000000,O-20221011-014200-09-000-1820,1,19001.3,0.003,0.0102607,0.032492225,0.00075
no-pullback,opening-drive-8a38b8c258adf2a081,1665679380000000000,O-20221013-164300-09-000-1822,1,19138.7,0.001,0.00344497,0.010909055,0.00075
no-pullback,opening-drive-8a38b8c258adf2a081,1665690180000000000,O-20221013-194300-09-000-1825,2,19350.5,0.001,0.00348309,0.011029785,0.00075
half-range-target,opening-drive-f9a0b2ea00949bc658,1641229920000000000,O-20220103-171200-09-000-1,2,46502.899999999994,20.821,174.28263856,551.895022115,0.00075
half-range-target,opening-drive-f9a0b2ea00949bc658,1641230820000000000,O-20220103-171200-09-000-2,1,46577.2,20.821,174.56109862,552.7768122800002,0.00075
half-range-target,opening-drive-c6e302ba58c9df673b,1641373560000000000,O-20220105-090600-09-000-4,1,46652.5,18.873,158.48507385,501.869400525,0.00075
half-range-target,opening-drive-c6e302ba58c9df673b,1641377460000000000,O-20220105-090600-09-000-6,2,47014.899999999994,18.873,177.46244154,488.021714235,0.00075
half-range-target,opening-drive-d2a7bcfaa909215063,1641661920000000000,O-20220108-171200-09-000-7,2,41196.899999999994,16.597,123.07409087,389.734621105,0.00075
half-range-target,opening-drive-d2a7bcfaa909215063,1641662340000000000,O-20220108-171200-09-000-8,1,41320.3,16.597,123.44274344,390.9020208850001,0.00075
half-range-target,opening-drive-92e1fa2da5332b8594,1641663060000000000,O-20220108-173100-09-000-10,2,41236.8,22.318,165.65812243,524.5840543700001,0.00075
half-range-target,opening-drive-92e1fa2da5332b8594,1641664620000000000,O-20220108-173100-09-000-12,1,40854.1,22.318,182.35636076,501.47999209000005,0.00075
half-range-target,opening-drive-c4eea5b887e89b9b30,1642095960000000000,O-20220113-174600-09-000-13,2,42712.2,14.24,109.47991104,346.68638496,0.00075
half-range-target,opening-drive-c4eea5b887e89b9b30,1642097100000000000,O-20220113-174600-09-000-14,1,42872.6,14.24,109.89104832,347.98831968,0.00075
half-range-target,opening-drive-7b93f63e858aea1fd1,1643016060000000000,O-20220124-092100-09-000-16,2,34566.4,10.359,64.45320077,204.10180243000002,0.00075
half-range-target,opening-drive-7b93f63e858aea1fd1,1643016660000000000,O-20220124-092100-09-000-17,1,34813.8,10.359,64.91450776,205.56260789000004,0.00075
half-range-target,opening-drive-2c27d72e26142eaa61,1643818080000000000,O-20220202-160800-09-000-19,2,37204.6,14.804,99.13984171,313.94283208999997,0.00075
half-range-target,opening-drive-2c27d72e26142eaa61,1643820840000000000,O-20220202-160800-09-000-20,1,37351.9,14.804,99.53235497,315.18579073,0.00075
half-range-target,opening-drive-af386188ea23ebc45e,1644256080000000000,O-20220207-174800-09-000-22,1,44002.8,15.639,123.86876206,392.25107984,0.00075
half-range-target,opening-drive-af386188ea23ebc45e,1644259500000000000,O-20220207-174800-09-000-23,2,43882.1,15.639,123.52898914,391.17513228499996,0.00075
half-range-target,opening-drive-be4461df1767b65438,1644539040000000000,O-20220211-002400-09-000-25,2,43174.2,15.153,117.75935747,372.90463198000003,0.00075
half-range-target,opening-drive-be4461df1767b65438,1644541440000000000,O-20220211-002400-09-000-26,1,43296.1,15.153,118.09184459,373.95750788500004,0.00075
half-range-target,opening-drive-42d6e7746952aa4235,1644913440000000000,O-20220215-082400-09-000-28,1,43846.5,18.874,148.96059138,471.7085393699999,0.00075
half-range-target,opening-drive-42d6e7746952aa4235,1644924240000000000,O-20220215-112400-09-000-31,2,44183.2,16.188,128.74277549,407.6854557099999,0.00075
half-range-target,opening-drive-42d6e7746952aa4235,1644924240000000000,O-20220215-112400-09-000-31,2,44183.100000000006,2.686,21.36164519,67.64520976,0.00075
half-range-target,opening-drive-3d9a6adf125e6ce514,1645407120000000000,O-20220221-013200-09-000-32,1,39090.6,14.509,102.08979277,323.28434378000003,0.00075
half-range-target,opening-drive-3d9a6adf125e6ce514,1645414440000000000,O-20220221-013200-09-000-33,2,38949.299999999996,14.509,101.72077087,322.1157744049999,0.00075
half-range-target,opening-drive-fe893be7692fdcf690,1646963400000000000,O-20220311-015000-09-000-35,2,38773.5,16.023,111.82820229,354.122640585,0.00075
half-range-target,opening-drive-fe893be7692fdcf690,1646964720000000000,O-20220311-015000-09-000-37,1,38472.5,16.023,123.2889735,339.04467712499996,0.00075
half-range-target,opening-drive-0a21a8e6539a131e55,1648142280000000000,O-20220324-171800-09-000-38,1,44122.1,16.964,134.72771479,426.63776350999996,0.00075
half-range-target,opening-drive-0a21a8e6539a131e55,1648142760000000000,O-20220324-171800-09-000-39,2,44015.5,16.964,134.40220956,425.60699693999993,0.00075
half-range-target,opening-drive-a5087519d6b21d7172,1652115000000000000,O-20220509-165000-09-000-41,2,31798.0,9.195,52.6288698,166.65808769999998,0.00075
half-range-target,opening-drive-a5087519d6b21d7172,1652115960000000000,O-20220509-165000-09-000-43,1,31171.4,9.195,57.3242046,157.64156265000003,0.00075
half-range-target,opening-drive-106b0343d36d794d48,1653612480000000000,O-20220527-004800-09-000-44,2,29088.2,21.412,112.11057691,355.01682689,0.00075
half-range-target,opening-drive-106b0343d36d794d48,1653616800000000000,O-20220527-004800-09-000-46,1,28852.1,21.412,123.55623304,339.77964086,0.00075
half-range-target,opening-drive-6df673e3c716527f23,1655112540000000000,O-20220613-092900-09-000-47,2,24215.1,7.626,33.23958347,105.25868098,0.00075
half-range-target,opening-drive-6df673e3c716527f23,1655123340000000000,O-20220613-122900-09-000-50,1,24105.1,7.626,33.08858867,104.78053077999999,0.00075
half-range-target,opening-drive-1947c5200447b6a870,1655862960000000000,O-20220622-015600-09-000-51,2,20397.2,18.193,66.79552673,211.51916797,0.00075
half-range-target,opening-drive-1947c5200447b6a870,1655867460000000000,O-20220622-015600-09-000-52,1,20539.2,18.193,67.26053981,212.99170939000004,0.00075
half-range-target,opening-drive-8a8245ad82b86ffe83,1657414140000000000,O-20220710-004900-09-000-54,2,21446.8,33.243,128.33207503,406.38490427,0.00075
half-range-target,opening-drive-8a8245ad82b86ffe83,1657420020000000000,O-20220710-004900-09-000-56,1,21254.6,33.243,141.31333356,388.61166729000007,0.00075
half-range-target,opening-drive-a32070870f30f1a3b1,1657587240000000000,O-20220712-005400-09-000-57,2,19811.0,34.814,124.14602772,393.12908777999996,0.00075
half-range-target,opening-drive-a32070870f30f1a3b1,1657588020000000000,O-20220712-005400-09-000-58,1,19873.4,34.814,124.53705857,394.36735213000003,0.00075
half-range-target,opening-drive-130493ff3b63d24d01,1657819620000000000,O-20220714-172700-09-000-60,1,20582.6,20.184,74.77905571,236.80034309000004,0.00075
half-range-target,opening-drive-130493ff3b63d24d01,1657827060000000000,O-20220714-172700-09-000-62,2,20894.9,20.184,84.34853232,231.95846388000004,0.00075
half-range-target,opening-drive-0d813045a8c62cb00c,1658248020000000000,O-20220719-162700-09-000-63,1,23276.5,27.228,114.07905756,361.25034894,0.00075
half-range-target,opening-drive-0d813045a8c62cb00c,1658248140000000000,O-20220719-162700-09-000-64,2,23190.8,27.228,113.65903843,359.92028837,0.00075
half-range-target,opening-drive-d37d67b493ac8ce59c,1658794560000000000,O-20220726-001600-09-000-66,2,21121.1,19.055,72.44326089,229.40365948499996,0.00075
half-range-target,opening-drive-d37d67b493ac8ce59c,1658805360000000000,O-20220726-031600-09-000-69,1,21093.2,19.055,72.34756668,229.10062782,0.00075
half-range-target,opening-drive-50c27b40b27671dde5,1659833880000000000,O-20220807-005800-09-000-70,2,22843.1,41.541,170.80653908,540.8873737449999,0.00075
half-range-target,opening-drive-50c27b40b27671dde5,1659834180000000000,O-20220807-005800-09-000-71,1,22885.4,41.541,171.12283225,541.8889688,0.00075
half-range-target,opening-drive-3351265b4b8c0e564b,1661879820000000000,O-20220830-171700-09-000-73,2,19577.0,31.566,111.23416476,352.24152173999994,0.00075
half-range-target,opening-drive-3351265b4b8c0e564b,1661880780000000000,O-20220830-171700-09-000-74,1,19645.3,31.566,111.62223716,353.47041769,0.00075
half-range-target,opening-drive-8e5f2802c0c3cb4851,1662743820000000000,O-20220909-171700-09-000-76,1,21399.2,31.717,122.16931675,386.86950305,0.00075
half-range-target,opening-drive-8e5f2802c0c3cb4851,1662744000000000000,O-20220909-171700-09-000-77,2,21336.9,31.717,121.81364231,385.74320066499996,0.00075
half-range-target,opening-drive-9d90cca218b4c81939,1668331680000000000,O-20221113-092800-09-000-79,2,16508.0,38.067,113.11380648,358.19372051999994,0.00075
half-range-target,opening-drive-9d90cca218b4c81939,1668332580000000000,O-20221113-092800-09-000-80,1,16559.5,38.067,113.46668757,359.311177305,0.00075
half-range-target,opening-drive-4c5118e08b8fac74c1,1668589800000000000,O-20221116-091000-09-000-82,2,16744.4,61.53,185.45092776,587.26127124,0.00075
half-range-target,opening-drive-4c5118e08b8fac74c1,1668589800000000000,O-20221116-091000-09-000-82,2,16744.3,10.337,31.15544924,98.65892258500001,0.00075
half-range-target,opening-drive-4c5118e08b8fac74c1,1668590040000000000,O-20221116-091000-09-000-83,1,16758.5,28.137,84.87610461,268.774331265,0.00075
half-range-target,opening-drive-4c5118e08b8fac74c1,1668590040000000000,O-20221116-091000-09-000-83,1,16758.6,43.73,131.91364404,417.7265394599999,0.00075
half-range-target,opening-drive-a16382d1ded956a38e,1671069240000000000,O-20221215-015400-09-000-85,2,17614.1,34.849,110.49007876,349.8852494149999,0.00075
half-range-target,opening-drive-a16382d1ded956a38e,1671070740000000000,O-20221215-015400-09-000-86,1,17666.0,34.849,110.81563812,350.91618737999994,0.00075
half-range-target,opening-drive-300fc40dcd918133ac,1673631420000000000,O-20230113-173700-09-000-88,1,19352.0,31.234,108.79926624,344.53100976,0.00075
half-range-target,opening-drive-300fc40dcd918133ac,1673631600000000000,O-20230113-173700-09-000-89,2,19296.2,31.234,108.48555194,343.53758116,0.00075
half-range-target,opening-drive-376d99cd2e106e1036,1673655120000000000,O-20230114-001200-09-000-91,1,20116.1,14.528,52.60440614,166.58061945999998,0.00075
half-range-target,opening-drive-376d99cd2e106e1036,1673656560000000000,O-20230114-001200-09-000-93,2,20470.2,14.528,59.47821312,163.56508608000001,0.00075
half-range-target,opening-drive-70486bf87e6e15da3d,1676855340000000000,O-20230220-010900-09-000-94,2,24109.8,23.93,103.85055252,328.86008297999996,0.00075
half-range-target,opening-drive-70486bf87e6e15da3d,1676857680000000000,O-20230220-010900-09-000-95,1,24186.9,23.93,104.18265306,329.91173469,0.00075
half-range-target,opening-drive-4082df7dd519b6a6e6,1678411020000000000,O-20230310-011700-09-000-97,2,19889.5,15.507,55.51676577,175.803091605,0.00075
half-range-target,opening-drive-4082df7dd519b6a6e6,1678411980000000000,O-20230310-011700-09-000-98,1,20029.1,15.507,55.90642567,177.037014605,0.00075
half-range-target,opening-drive-46c902b0c722cd3aaf,1679245680000000000,O-20230319-170800-09-000-100,1,27923.9,13.479,67.74952466,214.540161415,0.00075
half-range-target,opening-drive-46c902b0c722cd3aaf,1679252340000000000,O-20230319-170800-09-000-102,2,28265.5,13.479,76.1981349,209.54487097499998,0.00075
half-range-target,opening-drive-3c1bb732bcc4ff0697,1679303100000000000,O-20230320-090500-09-000-103,1,28448.2,10.575,54.1511487,171.47863754999997,0.00075
half-range-target,opening-drive-3c1bb732bcc4ff0697,1679303280000000000,O-20230320-090500-09-000-104,2,28238.1,10.575,53.75122335,170.21220727499997,0.00075
half-range-target,opening-drive-76a5347fb5d72de48d,1681176900000000000,O-20230411-013500-09-000-106,1,29874.2,31.857,171.30643009,542.47036196,0.00075
half-range-target,opening-drive-76a5347fb5d72de48d,1681177080000000000,O-20230411-013500-09-000-107,2,29837.6,31.857,171.09655618,541.80576122,0.00075
half-range-target,opening-drive-f1dfe95f757beef5ff,1681177800000000000,O-20230411-015000-09-000-109,1,29955.100000000002,15.464,83.38061995,264.03862985000006,0.00075
half-range-target,opening-drive-f1dfe95f757beef5ff,1681188600000000000,O-20230411-045000-09-000-112,2,30090.0,15.464,83.7561168,265.2277032,0.00075
half-range-target,opening-drive-7cb27f688c1f89198d,1685927640000000000,O-20230605-011400-09-000-113,2,26977.2,26.839,130.32739274,412.70341035999996,0.00075
half-range-target,opening-drive-7cb27f688c1f89198d,1685928300000000000,O-20230605-011400-09-000-114,1,27031.9,26.839,130.59164954,413.5402235350001,0.00075
half-range-target,opening-drive-1162bc40473a0aeeb6,1686935040000000000,O-20230616-170400-09-000-116,1,25992.3,17.962,84.03726467,266.11800478,0.00075
half-range-target,opening-drive-1162bc40473a0aeeb6,1686937980000000000,O-20230616-170400-09-000-118,2,26273.0,17.962,94.3831252,259.5535943,0.00075
half-range-target,opening-drive-58769a66a109943789,1687370340000000000,O-20230621-175900-09-000-119,1,30083.500000000004,21.75,117.7769025,372.96019125000004,0.00075
half-range-target,opening-drive-58769a66a109943789,1687373220000000000,O-20230621-175900-09-000-120,2,30008.6,21.75,117.483669,372.0316184999999,0.00075
half-range-target,opening-drive-205d8dabad3690558f,1688031660000000000,O-20230629-094100-09-000-122,1,30439.4,36.618,200.63339086,635.3390710400001,0.00075
half-range-target,opening-drive-205d8dabad3690558f,1688031900000000000,O-20230629-094100-09-000-123,2,30415.900000000005,36.618,200.47849672,634.8485729300003,0.00075
half-range-target,opening-drive-34b34a35913a5aa66e,1692031800000000000,O-20230814-165000-09-000-125,1,29684.8,37.54,200.58613056,635.18941344,0.00075
half-range-target,opening-drive-34b34a35913a5aa66e,1692031980000000000,O-20230814-165000-09-000-126,2,29663.900000000005,37.54,200.44490508,634.74219942,0.00075
half-range-target,opening-drive-c47b64de09dec3fef3,1692464400000000000,O-20230819-170000-09-000-128,1,26240.1,35.393,167.16885467,529.3680398050001,0.00075
half-range-target,opening-drive-c47b64de09dec3fef3,1692464520000000000,O-20230819-170000-09-000-129,2,26212.2,35.393,166.99111103,528.80518492,0.00075
half-range-target,opening-drive-82704274ad841d0c20,1698339300000000000,O-20231026-165500-09-000-131,2,33777.0,17.443,106.05099798,335.82816027,0.00075
half-range-target,opening-drive-82704274ad841d0c20,1698340020000000000,O-20231026-165500-09-000-132,1,33858.700000000004,17.443,106.30751474,336.64046333500005,0.00075
half-range-target,opening-drive-acbc22f3670fec6a71,1700127840000000000,O-20231116-094400-09-000-134,2,37319.100000000006,21.999,147.77691856,467.96024211500014,0.00075
half-range-target,opening-drive-acbc22f3670fec6a71,1700128440000000000,O-20231116-094400-09-000-135,1,37364.899999999994,21.999,147.95827832,468.5345480049998,0.00075
half-range-target,opening-drive-54f333dd72d6135cc8,1701187800000000000,O-20231128-161000-09-000-137,1,37647.299999999996,15.611,105.78816005,334.99584017499996,0.00075
half-range-target,opening-drive-54f333dd72d6135cc8,1701187920000000000,O-20231128-161000-09-000-138,2,37564.5,15.611,105.55549371,334.25906341500007,0.00075
half-range-target,opening-drive-7d7bdafd2adf72efeb,1701249420000000000,O-20231129-091700-09-000-140,1,38282.8,19.915,137.23235316,434.56911834,0.00075
half-range-target,opening-drive-7d7bdafd2adf72efeb,1701249960000000000,O-20231129-091700-09-000-141,2,38234.3,19.915,137.05849521,434.018568165,0.00075
half-range-target,opening-drive-d10da4ad2c019f8ebe,1701251460000000000,O-20231129-095100-09-000-143,1,38273.0,19.098,131.56879572,416.63451977999995,0.00075
half-range-target,opening-drive-d10da4ad2c019f8ebe,1701251640000000000,O-20231129-095100-09-000-144,2,38223.299999999996,19.098,131.39794501,416.09349253999994,0.00075
half-range-target,opening-drive-c2cae798a7c3b99e13,1701333480000000000,O-20231130-083800-09-000-146,2,37646.0,22.672,153.63182016,486.50076383999993,0.00075
half-range-target,opening-drive-c2cae798a7c3b99e13,1701334320000000000,O-20231130-083800-09-000-147,1,37677.0,22.672,153.75832992,486.90137808,0.00075
half-range-target,opening-drive-6cdcbf8c921718b0aa,1703147340000000000,O-20231221-082900-09-000-149,1,43970.0,16.299,129.0000654,408.5002071,0.00075
half-range-target,opening-drive-6cdcbf8c921718b0aa,1703147820000000000,O-20231221-082900-09-000-150,2,43917.9,16.299,128.84721338,408.016175695,0.00075
half-range-target,opening-drive-11fc1171d6e0dca7cb,1703952780000000000,O-20231230-161300-09-000-152,1,42529.7,14.102,107.95568929,341.85968276,0.00075
half-range-target,opening-drive-11fc1171d6e0dca7cb,1703954700000000000,O-20231230-161300-09-000-153,2,42461.100000000006,14.102,107.7815578,341.30826635000005,0.00075
half-range-target,opening-drive-8086b65b0e6588d3e6,1704014700000000000,O-20231231-092500-09-000-155,1,42818.1,11.579,89.24234038,282.600744545,0.00075
half-range-target,opening-drive-8086b65b0e6588d3e6,1704016320000000000,O-20231231-092500-09-000-156,2,42725.9,11.579,89.0501753,281.9922217750001,0.00075
half-range-target,opening-drive-8e5105e9c372d6d738,1704736800000000000,O-20240108-180000-09-000-158,1,45643.0,5.983,49.15477242,155.65677932999998,0.00075
half-range-target,opening-drive-8e5105e9c372d6d738,1704739020000000000,O-20240108-180000-09-000-160,2,46345.2,5.983,55.45666632,152.50583238,0.00075
half-range-target,opening-drive-9e2c38b0f48d1969ba,1705051740000000000,O-20240112-092900-09-000-161,2,45623.8,11.338,93.11087599,294.85110731,0.00075
half-range-target,opening-drive-9e2c38b0f48d1969ba,1705051920000000000,O-20240112-092900-09-000-162,1,45720.2,11.338,93.30761297,295.47410773,0.00075
half-range-target,opening-drive-ebfe8bfdd5045fb4a3,1707150540000000000,O-20240205-162900-09-000-164,2,42516.899999999994,13.342,102.10688636,323.33847348999996,0.00075
half-range-target,opening-drive-ebfe8bfdd5045fb4a3,1707150660000000000,O-20240205-162900-09-000-165,1,42589.0,13.342,102.28003884,323.88678966,0.00075
half-range-target,opening-drive-8b91849a46979e681d,1707469080000000000,O-20240209-085800-09-000-167,1,46537.6,9.595,80.37508896,254.52111503999998,0.00075
half-range-target,opening-drive-8b91849a46979e681d,1707479400000000000,O-20240209-085800-09-000-169,2,47056.899999999994,9.595,90.3021911,248.331025525,0.00075
half-range-target,opening-drive-57cb3d976d164e319e,1707758880000000000,O-20240212-172800-09-000-170,1,50176.1,6.368,57.51385286,182.12720074,0.00075
half-range-target,opening-drive-57cb3d976d164e319e,1707759660000000000,O-20240212-172800-09-000-171,2,49954.6,6.368,57.2599607,181.32320890000003,0.00075
half-range-target,opening-drive-8df2f914892eb9009c,1708937520000000000,O-20240226-085200-09-000-173,2,51296.0,17.836,164.68478208,521.5018099199999,0.00075
half-range-target,opening-drive-8df2f914892eb9009c,1708937700000000000,O-20240226-085200-09-000-174,1,51321.7,17.836,164.76729142,521.76308948,0.00075
half-range-target,opening-drive-f8eeca15ed9311d933,1709657100000000000,O-20240305-164500-09-000-176,2,65208.600000000006,3.364,39.48511147,125.03618633,0.00075
half-range-target,opening-drive-f8eeca15ed9311d933,1709658660000000000,O-20240305-164500-09-000-178,1,63724.99999999999,3.364,42.87418,117.90399499999997,0.00075
half-range-target,opening-drive-d121b85ea4811f696c,1709914320000000000,O-20240308-161200-09-000-179,2,66541.6,2.812,33.68069626,106.65553814,0.00075
half-range-target,opening-drive-d121b85ea4811f696c,1709914980000000000,O-20240308-161200-09-000-180,1,67122.8,2.812,33.97487645,107.58710875,0.00075
half-range-target,opening-drive-33bfdda6df05f133ff,1710148560000000000,O-20240311-091600-09-000-182,1,71674.59999999999,7.251,93.54825443,296.23613901999994,0.00075
half-range-target,opening-drive-33bfdda6df05f133ff,1710148620000000000,O-20240311-091600-09-000-183,2,71525.6,7.251,93.35378261,295.6203115900001,0.00075
half-range-target,opening-drive-90ac2adf78018b5594,1710294780000000000,O-20240313-015300-09-000-185,1,72056.3,6.849,88.83244777,281.30275125500003,0.00075
half-range-target,opening-drive-90ac2adf78018b5594,1710305580000000000,O-20240313-045300-09-000-188,2,72249.1,6.849,89.07013546,282.05542896500003,0.00075
half-range-target,opening-drive-29f4ff0a302801d5ee,1710696360000000000,O-20240317-172600-09-000-189,1,68292.3,8.978,110.36308849,349.48311356000005,0.00075
half-range-target,opening-drive-29f4ff0a302801d5ee,1710696780000000000,O-20240317-172600-09-000-190,2,68191.8,8.978,110.20067647,348.96880883,0.00075
half-range-target,opening-drive-2ecef49cf20d3c5eaa,1710838500000000000,O-20240319-085500-09-000-192,2,63315.5,3.123,35.59217517,112.708554705,0.00075
half-range-target,opening-drive-2ecef49cf20d3c5eaa,1710839700000000000,O-20240319-085500-09-000-193,1,63785.6,3.123,35.85643718,113.54538442,0.00075
half-range-target,opening-drive-a2a626d49604482f1d,1712563980000000000,O-20240408-081300-09-000-195,1,71134.3,4.755,60.88384737,192.798850005,0.00075
half-range-target,opening-drive-a2a626d49604482f1d,1712566440000000000,O-20240408-081300-09-000-197,2,71855.3,4.755,68.3343903,187.91957332500002,0.00075
half-range-target,opening-drive-d83fc508aec213ef25,1714494420000000000,O-20240430-162700-09-000-198,2,60305.299999999996,5.683,61.68870358,195.347561345,0.00075
half-range-target,opening-drive-d83fc508aec213ef25,1714495920000000000,O-20240430-162700-09-000-199,1,60531.5,5.683,61.92009261,196.080293265,0.00075
half-range-target,opening-drive-f0cc90652647431d4a,1715587800000000000,O-20240513-081000-09-000-201,1,62560.19999999999,6.467,72.82382641,230.60878363999996,0.00075
half-range-target,opening-drive-f0cc90652647431d4a,1715592480000000000,O-20240513-081000-09-000-203,2,63264.0,6.467,81.8256576,225.02055840000003,0.00075
half-range-target,opening-drive-85f121475fae801178,1717517880000000000,O-20240604-161800-09-000-204,1,70737.0,6.221,79.20987786,250.83127989,0.00075
half-range-target,opening-drive-85f121475fae801178,1717522140000000000,O-20240604-161800-09-000-205,2,70543.2,6.221,78.9928645,250.1440709,0.00075
half-range-target,opening-drive-ebcb707aab4630ce7c,1717523460000000000,O-20240604-175100-09-000-207,1,70665.90000000001,8.382,106.61788328,337.62329707,0.00075
half-range-target,opening-drive-ebcb707aab4630ce7c,1717528140000000000,O-20240604-175100-09-000-208,2,70556.0,8.382,106.45207056,337.09822343999997,0.00075
half-range-target,opening-drive-9811e7c76c2a56cdd4,1719391020000000000,O-20240626-083700-09-000-210,2,61426.700000000004,10.33,114.21680598,361.68655227000005,0.00075
half-range-target,opening-drive-9811e7c76c2a56cdd4,1719391320000000000,O-20240626-083700-09-000-211,1,61504.4,10.33,114.36128136,362.14405764,0.00075
half-range-target,opening-drive-70457daebba0d74a4f,1719998460000000000,O-20240703-092100-09-000-213,2,60525.299999999996,9.847,107.27867324,339.71579858499996,0.00075
half-range-target,opening-drive-70457daebba0d74a4f,1719998760000000000,O-20240703-092100-09-000-214,1,60607.299999999996,9.847,107.42401496,340.176047365,0.00075
half-range-target,opening-drive-8367cdeae486048d00,1721638860000000000,O-20240722-090100-09-000-216,2,66971.90000000001,7.1,85.5900882,271.0352793,0.00075
half-range-target,opening-drive-8367cdeae486048d00,1721639040000000000,O-20240722-090100-09-000-217,1,67103.90000000001,7.1,85.7587842,271.56948330000006,0.00075
half-range-target,opening-drive-fcdfdf9beed4e6f3aa,1722534060000000000,O-20240801-174100-09-000-219,2,62383.299999999996,4.379,49.17176473,155.71058829499995,0.00075
half-range-target,opening-drive-fcdfdf9beed4e6f3aa,1722534660000000000,O-20240801-174100-09-000-220,1,62655.2,4.379,49.38608174,156.38925885999998,0.00075
half-range-target,opening-drive-c5d5ab89130e547e23,1722790440000000000,O-20240804-165400-09-000-222,2,58800.0,6.973,73.802232,233.70706799999996,0.00075
half-range-target,opening-drive-c5d5ab89130e547e23,1722793320000000000,O-20240804-165400-09-000-224,1,57856.8,6.973,80.68709328,221.88950652000003,0.00075
half-range-target,opening-drive-adb1698bcdb27642b7,1722963300000000000,O-20240806-165500-09-000-225,1,56854.4,4.95,50.6572704,160.4146896,0.00075
half-range-target,opening-drive-adb1698bcdb27642b7,1722965640000000000,O-20240806-165500-09-000-226,2,56589.5,4.95,50.4212445,159.66727425000002,0.00075
half-range-target,opening-drive-077c327b02ed8edf3d,1722990300000000000,O-20240807-002500-09-000-228,2,55699.9,7.369,73.88146136,233.95796096499998,0.00075
half-range-target,opening-drive-077c327b02ed8edf3d,1722990420000000000,O-20240807-002500-09-000-229,1,55844.3,7.369,74.07299641,234.56448861500002,0.00075
half-range-target,opening-drive-a7eb01e60f516ef922,1723021380000000000,O-20240807-090300-09-000-231,1,57473.4,5.125,53.0192115,167.89416974999997,0.00075
half-range-target,opening-drive-a7eb01e60f516ef922,1723021860000000000,O-20240807-090300-09-000-232,2,57241.4,5.125,52.8051915,167.21643974999998,0.00075
half-range-target,opening-drive-c7341aa921ecd78c44,1723022460000000000,O-20240807-092100-09-000-234,1,57434.5,5.368,55.49551128,175.73578572,0.00075
half-range-target,opening-drive-c7341aa921ecd78c44,1723025160000000000,O-20240807-092100-09-000-235,2,57225.9,5.368,55.29395362,175.09751978,0.00075
half-range-target,opening-drive-05c2a7ba77af68651e,1723133520000000000,O-20240808-161200-09-000-237,1,59777.9,3.944,42.43752677,134.38550143,0.00075
half-range-target,opening-drive-05c2a7ba77af68651e,1723134720000000000,O-20240808-161200-09-000-238,2,59478.5,3.944,42.22497672,133.71242628,0.00075
half-range-target,opening-drive-f34de023bf06601ad3,1726449240000000000,O-20240916-011400-09-000-240,2,58543.299999999996,7.256,76.46223326,242.13040533999998,0.00075
half-range-target,opening-drive-f34de023bf06601ad3,1726449840000000000,O-20240916-011400-09-000-241,1,58660.4,7.256,76.61517523,242.61472157000003,0.00075
half-range-target,opening-drive-aeb98250cb002599f6,1726450680000000000,O-20240916-013800-09-000-243,2,58400.2,3.966,41.69073478,132.02066012,0.00075
half-range-target,opening-drive-aeb98250cb002599f6,1726451220000000000,O-20240916-013800-09-000-244,1,58676.2,3.966,41.88776566,132.64459124,0.00075
half-range-target,opening-drive-e92ee3f75d4d32be62,1726997160000000000,O-20240922-092600-09-000-246,2,62760.0,10.152,114.6851136,363.16952639999994,0.00075
half-range-target,opening-drive-e92ee3f75d4d32be62,1726997580000000000,O-20240922-092600-09-000-247,1,62803.7,10.152,114.76496923,363.4224025699999,0.00075
half-range-target,opening-drive-ac854c53157ecaab08,1727687580000000000,O-20240930-091300-09-000-249,2,64043.7,6.548,75.48446657,239.03414413,0.00075
half-range-target,opening-drive-ac854c53157ecaab08,1727690940000000000,O-20240930-091300-09-000-251,1,63430.59999999999,6.548,83.06871376,228.43896284,0.00075
half-range-target,opening-drive-d8c1a61f031d28033f,1728899220000000000,O-20241014-094700-09-000-252,1,64800.0,6.425,74.9412,237.3138,0.00075
half-range-target,opening-drive-d8c1a61f031d28033f,1728910020000000000,O-20241014-124700-09-000-255,2,64885.299999999996,6.425,75.03984945,237.62618992499995,0.00075
half-range-target,opening-drive-b692fb7c147eb207e7,1729703160000000000,O-20241023-170600-09-000-256,2,65753.40000000001,5.758,68.1494539,215.80660400000008,0.00075
half-range-target,opening-drive-b692fb7c147eb207e7,1729704240000000000,O-20241023-170600-09-000-257,1,65907.7,5.758,68.30937659,216.31302586,0.00075
half-range-target,opening-drive-8fe0f17a8a434b638e,1730220300000000000,O-20241029-164500-09-000-259,1,72674.7,4.598,60.14848871,190.47021423999996,0.00075
half-range-target,opening-drive-8fe0f17a8a434b638e,1730228460000000000,O-20241029-164500-09-000-261,2,73285.0,4.598,67.392886,185.33043650000002,0.00075
half-range-target,opening-drive-3bde01b3c0b20c778c,1730393760000000000,O-20241031-165600-09-000-262,2,70411.0,8.915,112.9885317,357.79701704999997,0.00075
half-range-target,opening-drive-3bde01b3c0b20c778c,1730393940000000000,O-20241031-165600-09-000-263,1,70471.6,8.915,113.08577652,358.10495898,0.00075
half-range-target,opening-drive-d2b5ec7d12ec3707d7,1730999940000000000,O-20241107-171900-09-000-265,1,76236.3,5.312,72.89410061,230.83131859000008,0.00075
half-range-target,opening-drive-d2b5ec7d12ec3707d7,1731000060000000000,O-20241107-171900-09-000-266,2,76079.8,5.312,72.74446157,230.35746163000005,0.00075
half-range-target,opening-drive-a7a3f29a8ceec993aa,1731341160000000000,O-20241111-160600-09-000-268,1,84704.3,2.837,43.25509784,136.97447648500003,0.00075
half-range-target,opening-drive-a7a3f29a8ceec993aa,1731342480000000000,O-20241111-160600-09-000-269,2,84339.4,2.837,43.068758,136.38440035,0.00075
half-range-target,opening-drive-ec468671f4ee444ac0,1732609800000000000,O-20241126-083000-09-000-271,2,92567.0,3.274,54.55158444,172.74668406,0.00075
half-range-target,opening-drive-ec468671f4ee444ac0,1732610520000000000,O-20241126-083000-09-000-272,1,92841.2,3.274,54.71317598,173.25839062,0.00075
half-range-target,opening-drive-11928698b341290165,1732638480000000000,O-20241126-162800-09-000-274,1,94094.8,2.895,49.03280028,155.27053422,0.00075
half-range-target,opening-drive-11928698b341290165,1732640640000000000,O-20241126-162800-09-000-275,2,93782.4,2.895,48.87000864,154.75502735999999,0.00075
half-range-target,opening-drive-87a68e1a83b0f2bae8,1732729680000000000,O-20241127-174800-09-000-277,1,96196.0,2.874,49.76411472,157.58636328,0.00075
half-range-target,opening-drive-87a68e1a83b0f2bae8,1732740480000000000,O-20241127-204800-09-000-280,2,96664.5,2.874,50.00647914,158.35385061,0.00075
half-range-target,opening-drive-bb731d4c57aeafce00,1733301960000000000,O-20241204-084600-09-000-281,1,96835.1,6.823,118.92705971,376.602355765,0.00075
half-range-target,opening-drive-bb731d4c57aeafce00,1733302260000000000,O-20241204-084600-09-000-282,2,96789.6,6.823,118.87117934,376.42540126000006,0.00075
half-range-target,opening-drive-54eb5b06586e94960a,1734365820000000000,O-20241216-161700-09-000-284,1,106769.5,2.636,50.65999236,160.42330914,0.00075
half-range-target,opening-drive-54eb5b06586e94960a,1734367620000000000,O-20241216-161700-09-000-285,2,106450.7,2.636,50.50872814,159.94430576000002,0.00075
half-range-target,opening-drive-0e1fcf3acb5b63bc1d,1734538920000000000,O-20241218-162200-09-000-287,2,103399.90000000001,2.957,55.03563077,174.27949745500004,0.00075
half-range-target,opening-drive-0e1fcf3acb5b63bc1d,1734539280000000000,O-20241218-162200-09-000-288,1,103658.59999999999,2.957,55.17332644,174.71553370999996,0.00075
half-range-target,opening-drive-89caef59a861f2ec4f,1734598140000000000,O-20241219-084900-09-000-290,1,101800.0,4.48,82.09152,259.95648,0.00075
half-range-target,opening-drive-89caef59a861f2ec4f,1734598320000000000,O-20241219-084900-09-000-291,2,101687.6,4.48,82.00088064,259.66945536000003,0.00075
half-range-target,opening-drive-86ac9ae81b1e1bc607,1734629760000000000,O-20241219-173600-09-000-293,2,99116.9,2.245,40.05313929,126.834941085,0.00075
half-range-target,opening-drive-86ac9ae81b1e1bc607,1734630900000000000,O-20241219-173600-09-000-295,1,97804.09999999999,2.245,43.9140409,120.763612475,0.00075
half-range-target,opening-drive-b1f539518310f7ad1a,1734971100000000000,O-20241223-162500-09-000-296,2,92927.8,4.303,71.97629821,227.92494434,0.00075
half-range-target,opening-drive-b1f539518310f7ad1a,1734971160000000000,O-20241223-162500-09-000-297,1,93074.20000000001,4.303,72.08969087,228.28402108000003,0.00075
half-range-target,opening-drive-64d86e67ff0c58fdd0,1735059360000000000,O-20241224-165600-09-000-299,1,98463.5,3.146,55.75791078,176.56671747,0.00075
half-range-target,opening-drive-64d86e67ff0c58fdd0,1735068480000000000,O-20241224-165600-09-000-300,2,98231.7,3.146,55.62664708,176.15104906999997,0.00075
