tree
version=v4
num_class=1
num_tree_per_iteration=1
label_index=0
max_feature_idx=79
objective=binary sigmoid:1
feature_names=risk_bps risk_range cost_r planned_rr defense_age target_scale defense_prominence target_prominence defense_distance target_distance move_5 flow_5 efficiency_5 activity_5 location_5 value_distance_5 market_move_5 relative_move_5 move_15 flow_15 efficiency_15 activity_15 location_15 value_distance_15 market_move_15 relative_move_15 move_60 flow_60 efficiency_60 activity_60 location_60 value_distance_60 market_move_60 relative_move_60 move_240 flow_240 efficiency_240 activity_240 location_240 value_distance_240 market_move_240 relative_move_240 move_block_0 flow_block_0 range_block_0 location_block_0 move_block_1 flow_block_1 range_block_1 location_block_1 move_block_2 flow_block_2 range_block_2 location_block_2 move_block_3 flow_block_3 range_block_3 location_block_3 move_block_4 flow_block_4 range_block_4 location_block_4 move_block_5 flow_block_5 range_block_5 location_block_5 move_block_6 flow_block_6 range_block_6 location_block_6 move_block_7 flow_block_7 range_block_7 location_block_7 high_change_15 low_change_15 high_change_60 low_change_60 high_change_240 low_change_240
feature_infos=[0.043027902160704963:1321.3310964769526] [0.00095889659476231426:8.485531351489648] [0.009081750994883446:278.88879999729437] [1:4144.9999999597885] [1:49.666666666666664] [1.0986122886681098:3.8712010109078911] [0.25599999999999046:6.2857142857134249] [0.16069214131218248:6.4242424242424452] [0.0037137905422494457:32.864321608040328] [1.6016427104722262:130.82972235596316] [-6.5039224167877929:6.5039224167877929] [-0.9010946114443924:0.9010946114443924] [-1.0052539404548808:1.0052539404548808] [0.049599984895395237:39.069865157756418] [0:1] [-2.7864616258795984:2.9849782761147172] [-5.7960946320589084:5.7960946320589084] [-4.7235142936259003:6.1286232598744661] [-4.3611039913800793:4.7522111846335537] [-0.62798359536819404:0.62798359536819404] [-0.74047829937997589:0.6202865140786864] [0.059482239176449299:47.831874111696123] [0:1] [-1.9716405447042733:2.2212403349280283] [-3.4184034488644164:4.2287499078523254] [-2.7031270192812196:4.0085717911985919] [-2.696248524882829:2.77389347768912] [-0.36466618972344811:0.36466618972344811] [-0.34808418780358363:0.35810810810811122] [0.13302104295006403:50.505033292723816] [0:1] [-1.4527754362376835:1.5874654491499594] [-2.4699141653389933:2.4699141653389933] [-2.1931528555964439:2.5528963891237964] [-3.93988979279598:3.93988979279598] [-0.18789306439951814:0.18441943036785274] [-0.1892997467156704:0.1562328313634902] [0.36175637434781077:13.871114664185729] [0:1] [-1.6230518517825574:1.4235607638841621] [-2.6512032646174633:2.6512032646174633] [-2.9063256097184595:2.5046755353793406] [-6.5039224167877929:6.5039224167877929] [-0.9010946114443924:0.9010946114443924] [0.067188557770234109:9.491083293143145] [0:1] [-5.3930002367236742:5.9992067689018498] [-0.9010946114443924:0.89082155790026574] [0.069868248757133003:8.435154233362681] [0:1] [-4.7251337108554399:5.5901699437494363] [-0.9010946114443924:0.87372708813495781] [0.080472931382475035:8.2120582145961762] [0:1] [-5.337449783543784:5.1212937650107815] [-0.9010946114443924:0.87372708813495781] [0.082180133333070393:7.780876160369175] [0:1] [-5.0756778834605303:5.0756778834605303] [-0.9010946114443924:0.87372708813495781] [0.084655315075046367:7.5467294240617768] [0:1] [-5.0415348881927935:5.0415348881927935] [-0.9010946114443924:0.89082155790026574] [0.085304939286321574:7.5119518691121865] [0:1] [-4.822690090268174:4.8534532253061897] [-0.9010946114443924:0.89082155790026574] [0.08604065194270466:7.4348622832261908] [0:1] [-4.8833118428697562:4.8545740911830926] [-0.9010946114443924:0.89082155790026574] [0.085756188689643006:7.2609957933066482] [0:1] [-17.902120933857269:18.50258257498804] [-18.50258257498804:15.996707916757471] [-27.476071718444036:25.05446647013332] [-22.745238181115266:27.280089039010097] [-21.449365737606573:17.679778643953423] [-17.625469839722307:21.449365737606573]
tree_sizes=1784 1788 1787 1778 1793 1782 1791 1788 1784 1775 1788 1784 1784 1776 1785 1781 1792 1783 1790 1783 1791 1792 1779 1789 1786 1794 1780 1787 1779 1778 1797 1788 1794 1792 1791 1786 1791 1793 1790 1784 1778 1786 1797 1791 1783 1784 1791 1792 1791 1796 1801 1791 1782 1795 1805 1797 1804 1786 1787 1785 1776 1794 1787 1797 1783 1787 1784 1786 1793 1795 1785 1770 1789 1792 1796 1789 1785 1792 1798 1793 1798 1778 1790 1779 1788 1802 1794 1784 1776 1809 1786 1779 1794 1788 1809 1785 1800 1795 1780 1790 1789 1781 1793 1781 1811 1785 1774 1783 1795 1785 1787 1792 1795 1778 1788 1786 1794 1787 1787 1796 1799 1790 1775 1786 1775 1764 1791 1785 1777 1781 1799 1780 1786 1786 1795 1794 1776 1801 1785 1790 1787 1791 1790 1775 1788 1791 1786 1774 1789 1789 1783 1783 1768 1790 1799 1793 1777 1783 1776 1776 1790 1789 1792 1777 1794 1796 1780 1782 1764 1782 1803 1791 1787 1791 1796 1795 1789 1774 1765 1789 1774 1803 1774 1792 1779 1784 1803 1772 1798 1793 1786 1795 1771 1777 1814 1780 1763 1789 1779 1768 1779 1781 1780 1792 1773 1774 1801 1787 1771 1774 1808 1797 1805 1782 1796 1763 1786 1795 1784 1775

Tree=0
num_leaves=15
num_cat=0
split_feature=3 78 3 74 79 79 23 79 7 4 76 79 7 76
split_gain=725.151 145.663 114.402 60.4664 51.3146 50.1132 45.147 43.3747 41.7299 41.6619 38.4034 37.519 44.4281 32.9861
threshold=2.7631461780005848 -3.3902669878620908 1.4490769856895793 -0.061524544395231716 0.37921878577658585 5.6809284628524397 -0.23538896673348728 1.6833791559102556 0.88145565578149432 1.5000000000000002 -3.9041893477876597 -0.86120654560521348 1.8842385138739082 2.6591449371130556
decision_type=2 10 2 2 8 8 2 8 2 2 10 10 2 10
left_child=1 3 6 11 -5 8 -3 -2 -4 13 -11 12 -1 -8
right_child=7 2 5 4 -6 -7 9 -9 -10 10 -12 -13 -14 -15
leaf_value=0.012678189625137573 -0.0088184398129970334 0.019393192032927106 -0.01089863450039039 -0.017016319089937601 -0.00063733641397684809 0.017744373797166455 0.017836778050272437 -0.0021433070195805374 0.005251469729906897 -0.0080611638929687802 0.0092639470699056974 -0.0039329716509631197 -0.013101889523779402 -0.0026573513950959534
leaf_weight=562.87550285831094 4938.7814715230415 991.0055252276361 184.47460616752505 412.16487435251474 515.3720479849726 369.30385342054069 1124.5485865399241 1590.557179911877 5947.7404937464744 152.65776558220387 2396.9019946157932 429.32209332287312 78.649944510310888 99.779520183801651
leaf_count=2325 37208 3083 1047 1903 2381 1833 3156 11779 29847 642 10706 1920 389 281
internal_value=0.0023304 0.00702725 0.00856964 -0.00166714 -0.00812113 0.00552308 0.0126861 -0.00720388 0.00473178 0.0108319 0.00817192 0.00396951 0.00921704 0.0161507
internal_weight=19794.1 13264.8 11266.4 1998.38 927.537 6501.52 4764.89 6529.34 6132.22 3773.89 2549.56 1070.85 641.525 1224.33
internal_count=108500 59513 50595 8918 4284 32727 17868 48987 30894 14785 11348 4634 2714 3437
is_linear=0
shrinkage=0.035


Tree=1
num_leaves=15
num_cat=0
split_feature=3 78 3 74 79 54 79 79 7 78 32 41 7 3
split_gain=676.099 135.61 107.521 56.4819 48.232 44.614 41.1014 34.8998 41.6721 33.5098 32.8272 30.7936 43.0754 31.3517
threshold=2.7631461780005848 -3.3902669878620908 1.7220450068434954 -0.061524544395231716 0.37921878577658585 -0.14197257000007948 2.1894624590279608 -0.86120654560521348 1.8842385138739082 -2.9665701015650785 0.31862784061711147 -0.3105922378641276 1.4526030523463136 3.8156009799977828
decision_type=2 10 2 2 8 2 8 10 2 10 2 2 2 2
left_child=1 3 5 7 -5 -3 9 8 -1 -2 -6 12 -11 -13
right_child=6 2 -4 4 10 -7 -8 -9 -10 11 -12 13 -14 -15
leaf_value=0.012217385857746678 -0.015973906326955105 0.0074904544984393685 0.004086982974691602 -0.016512294794848163 0.0044919520273209584 0.01341859735872521 -0.0013936191987638912 -0.0038047296942580193 -0.012765558895958722 -0.0098939387000726298 -0.014835855593927014 -0.0044298842087787749 0.0080543793550691151 -0.010897280355914802
leaf_weight=564.38856675475836 619.61834302498028 2694.2342553026974 4561.3853997252882 410.5197753123939 389.17987578362226 4027.4226439967752 1300.0517752409214 428.94106078520417 78.427747666835785 278.15166363236494 126.11445881798863 1542.5525836478919 343.51116355784325 2415.519185161218
leaf_count=2325 4582 10603 23774 1903 1766 16218 9628 1920 389 2153 615 9476 2891 20257
internal_value=0.00225054 0.00677429 0.00826022 -0.00161752 -0.00786474 0.0110717 -0.00698551 0.00382422 0.00887609 -0.00837301 -0.000615954 -0.00727966 -3.43443e-05 -0.00841173
internal_weight=19780 13280.6 11283 1997.57 925.814 6721.66 6499.4 1071.76 642.816 5199.35 515.294 4579.73 621.663 3958.07
internal_count=108500 59513 50595 8918 4284 26821 48987 4634 2714 39359 2381 34777 5044 29733
is_linear=0
shrinkage=0.035


Tree=2
num_leaves=15
num_cat=0
split_feature=3 78 3 74 79 79 7 79 23 4 76 76 79 7
split_gain=630.521 126.329 102.125 52.8249 47.5232 45.2605 41.8675 38.8143 37.4624 41.631 37.5271 34.2335 32.4675 39.0949
threshold=2.7631461780005848 -3.3902669878620908 1.4062499999999856 -0.061524544395231716 5.6809284628524397 0.37921878577658585 0.88145565578149432 1.6833791559102556 -0.23538896673348728 1.5000000000000002 2.6591449371130556 -3.9041893477876597 -0.86120654560521348 1.8842385138739082
decision_type=2 10 2 2 8 8 2 8 2 2 10 10 10 2
left_child=1 3 8 12 6 -5 -4 -2 -3 10 -10 -11 13 -1
right_child=7 2 4 5 -6 -7 -8 -9 9 11 -12 -13 -14 -15
leaf_value=0.011775213958789778 -0.0083170553586371081 0.018470159662194317 -0.010887115313273781 -0.016023356692402482 0.016847706318949853 -0.00060815165260568133 0.0050154375080560904 -0.0019874823961388544 0.017699604728139477 -0.0081480958864322672 -0.0045630476322008609 0.0086695726956900927 -0.0036805942124183495 -0.0124380656770755
leaf_weight=565.81166815012693 4883.9438152091316 914.93473968654871 191.26276243850589 408.87951968610287 390.73145757243037 515.31849516928196 6283.1940274611115 1585.7504220845876 1050.2219804115593 143.36816058307886 93.595311418175697 2231.3752619773149 428.56994757801294 78.206064146012068
leaf_count=2325 37208 2810 1087 1903 1912 2381 31196 11779 2897 599 262 9832 1920 389
internal_value=0.00217148 0.00652932 0.00796144 -0.00157284 0.00526247 -0.00762302 0.00451358 -0.00677656 0.0120983 0.0103464 0.0158308 0.00759469 0.00368443 0.00854881
internal_weight=19765.2 13295.5 11298.7 1996.79 6865.19 924.198 6474.46 6469.69 4433.5 3518.56 1143.82 2374.74 1072.59 644.018
internal_count=108500 59513 50595 8918 34195 4284 32283 48987 16400 13590 3159 10431 4634 2714
is_linear=0
shrinkage=0.035


Tree=3
num_leaves=15
num_cat=0
split_feature=3 78 3 3 7 74 34 79 23 4 79 9 76 78
split_gain=588.834 101.093 69.0001 67.0736 49.9296 46.459 47.0148 44.7079 35.5279 38.7236 30.4402 26.9462 47.1896 26.6538
threshold=2.3673469387755026 -2.3666317366255454 3.2778194236215468 1.4062499999999856 1.6956784765511943 -0.38190017062326126 0.026191048388082134 3.9165694068686498 -0.23538896673348728 1.1666666666666667 1.6833791559102556 18.901130498515368 1.990698462576034 -0.39775591630582785
decision_type=2 10 2 2 2 2 2 8 2 2 8 2 10 10
left_child=1 4 -2 8 5 -1 -7 13 -3 -10 -4 -12 -13 -5
right_child=2 3 10 7 -6 6 -8 -9 9 -11 11 12 -14 -15
leaf_value=0.0099326547002704518 -0.0010183445352567361 0.018384808942753399 -0.0092815700130911283 0.0084635872852412957 -0.0073798341931459021 0.0077651230184792672 -0.008313165525572274 0.016119724414302445 0.017881719467803179 0.0082661514121653498 -0.0045806933520820816 -0.0029050867810470563 0.039976550419527079 0.0029754444730574099
leaf_weight=776.11830550432205 3013.3441021945328 864.06904703378677 3769.4877553543556 1688.9821969792247 670.65136869251728 360.12726270034909 519.53288918733597 470.48588131554425 648.53689738735557 2673.403426989913 1114.5955657263985 84.637117383535951 27.839679985307157 3068.8581419438124
leaf_count=3094 17502 2658 30621 8254 3175 1517 2157 2265 1563 11305 8059 1156 399 14775
internal_value=0.00209707 0.00708378 -0.00521178 0.0086952 0.00054431 0.00380365 -0.00170452 0.0060136 0.012 0.0102392 -0.00772664 -0.00287774 0.0121416 0.00495095
internal_weight=19750.7 11740.8 8009.9 9414.34 2326.43 1655.78 879.66 5228.33 4186.01 3321.94 4996.56 1227.07 112.477 4757.84
internal_count=108500 50763 57737 40820 9943 6768 3674 25294 15526 12868 40235 9614 1555 23029
is_linear=0
shrinkage=0.035


Tree=4
num_leaves=15
num_cat=0
split_feature=3 78 3 74 79 54 79 78 36 32 79 7 41 7
split_gain=549.718 111.547 89.9304 46.9563 42.5028 40.6188 35.4071 32.4072 31.0642 30.8093 30.2247 35.5228 29.3013 40.7857
threshold=2.7631461780005848 -3.3902669878620908 1.7220450068434954 -0.061524544395231716 0.37921878577658585 -0.14197257000007948 2.1894624590279608 -2.9665701015650785 0.037860687082371162 0.31862784061711147 -0.86120654560521348 1.8842385138739082 -0.3105922378641276 1.4526030523463136
decision_type=2 10 2 2 8 2 8 10 2 2 10 2 2 2
left_child=1 3 5 10 8 -3 7 -2 -5 -6 11 -1 13 -9
right_child=6 2 -4 4 9 -7 -8 12 -10 -11 -12 -13 -14 -15
leaf_value=0.011160223113453818 -0.015217312324522529 0.0065866080749373722 0.0036160510134676579 -0.01977105494917443 0.0044711147145591419 0.012222104975194213 -0.0011843384462844706 -0.0092259826766062022 0.0041779624183218653 -0.01427775863148047 -0.0036934917202669066 -0.011944607471559955 -0.0077194149997024952 0.0083314618114407202
leaf_weight=567.65703201293945 607.14873160677962 2701.368410024792 4582.0237688403577 332.80659405142069 389.27412977442145 4040.8261880278587 1294.8687523101689 273.64158440008759 74.068859748542309 125.56986152939498 428.52874302491546 77.873555079102516 3896.6883134435047 341.81543457272346
leaf_count=2325 4582 10603 23774 1556 1766 16218 9628 2153 347 615 1920 389 29733 2891
internal_value=0.0020284 0.00607942 0.00742207 -0.00153695 -0.00725359 0.00999031 -0.0063769 -0.00768058 -0.0154198 -0.000464621 0.00341178 0.00809778 -0.00660377 0.000480472
internal_weight=19734.2 13320 11324.2 1995.78 921.719 6742.19 6414.16 5119.29 406.875 514.844 1074.06 645.531 4512.15 615.457
internal_count=108500 59513 50595 8918 4284 26821 48987 39359 1903 2381 4634 2714 34777 5044
is_linear=0
shrinkage=0.035


Tree=5
num_leaves=15
num_cat=0
split_feature=3 78 3 3 7 79 78 74 1 23 4 76 32 12
split_gain=513.657 88.1949 62.5661 59.9495 46.0414 41.5829 34.7672 34.078 36.2907 33.0416 36.3397 30.3442 30.1559 31.0981
threshold=2.3673469387755026 -2.3666317366255454 3.6666666666670991 1.4062499999999856 1.6392167949513021 3.9165694068686498 -7.8180718779674914 -1.1269062980153477 0.99742752250236777 -0.23538896673348728 1.1666666666666667 -3.9041893477876597 0.37465938253519088 0.03103947622418848
decision_type=2 10 2 2 2 8 8 2 2 2 2 10 2 2
left_child=1 4 11 9 6 -5 -1 8 -4 -3 -11 -2 13 -8
right_child=2 3 7 5 -6 -7 12 -9 -10 10 -12 -13 -14 -15
leaf_value=-0.011741859622820941 -0.013960885949377754 0.017366804015417917 -0.0040492237405026724 0.0045486617903242729 -0.0063199753774279936 0.015286189276345456 0.01313992656652121 -0.0095795346213086684 0.019293962872930559 0.016919750896723408 0.0076262720074759382 -0.00087747848486857162 -0.0040210243112839316 0.001261829065942211
leaf_weight=137.18172989785671 211.30127587541938 865.40606119483709 850.66805226518773 4771.5412911474705 784.07708802819252 473.21269267052412 645.47954649850726 3206.3021331531272 70.177972720935941 649.49729729443789 2676.4309714920819 3619.0598453432322 297.5083216689527 462.15998760610819
leaf_count=566 1098 2658 6680 23029 3675 2265 2324 27447 844 1563 11305 21668 1380 1998
internal_value=0.00195728 0.00659888 -0.00490309 0.00810087 0.000489555 0.00557185 0.00398792 -0.00788303 -0.00189791 0.011224 0.00953142 -0.00166799 0.00566681 0.0082941
internal_weight=19720 11762.5 7957.51 9436.09 2326.41 5244.75 1542.33 4127.15 920.846 4191.33 3325.93 3830.36 1405.15 1107.64
internal_count=108500 50763 57737 40820 9943 25294 6268 34971 7524 15526 12868 22766 5702 4322
is_linear=0
shrinkage=0.035


Tree=6
num_leaves=15
num_cat=0
split_feature=3 78 3 74 79 54 79 78 7 40 38 79 7 76
split_gain=480.142 98.5135 78.6313 43.7716 39.781 37.5724 33.3914 31.1451 29.9913 29.4417 28.4766 27.9614 32.6799 27.6294
threshold=2.7631461780005848 -3.3902669878620908 1.7220450068434954 -0.061524544395231716 0.37921878577658585 -0.14197257000007948 2.1894624590279608 -2.9665701015650785 1.3952684944467431 0.43803217323272359 0.67633918963844797 -0.86120654560521348 1.8842385138739082 -3.9041893477876597
decision_type=2 10 2 2 8 2 8 10 2 2 2 10 2 10
left_child=1 3 5 11 9 13 7 -2 -6 -5 -10 12 -1 -3
right_child=6 2 -4 4 8 -7 -8 -9 10 -11 -12 -13 -14 -15
leaf_value=0.010701755551522444 -0.014714993744261134 -0.0073238563286172871 0.0033672276013462592 -0.020355446416727468 0.011803348979632452 0.01146386512525163 -0.00095922115480727649 -0.0062254152217075679 0.0011612614534691763 0.00063078426366737223 -0.018612275789606347 -0.0035649095708743064 -0.011487465741645341 0.0069547402247276515
leaf_weight=569.04270331189036 598.92753818654455 161.59220139309764 4592.5190605148673 296.23245215043426 149.86727261543274 4048.5803897343576 1288.9994065387873 4474.8451746223509 247.2057516425848 108.91778589040041 117.73089895769954 428.12614866346121 77.552816860377789 2543.7134162001312
leaf_count=2325 4582 604 23774 1399 609 16218 9628 34777 1323 504 449 1920 389 9999
internal_value=0.00189159 0.00566232 0.00692154 -0.00149815 -0.00702579 0.00932134 -0.00600764 -0.0072814 -0.000464071 -0.0149494 -0.0058534 0.00327538 0.00777556 0.00605437
internal_weight=19703.9 13341.1 11346.4 1994.68 919.954 6753.89 6362.77 5073.77 514.804 405.15 364.937 1074.72 646.596 2705.31
internal_count=108500 59513 50595 8918 4284 26821 48987 39359 2381 1903 1772 4634 2714 10603
is_linear=0
shrinkage=0.035


Tree=7
num_leaves=15
num_cat=0
split_feature=3 78 3 3 7 79 74 34 74 1 12 4 77 76
split_gain=448.231 77.0238 56.9054 53.6442 41.7713 38.7083 33.1805 39.4297 32.4169 34.0334 31.7853 35.365 29.6577 28.748
threshold=2.3673469387755026 -2.3666317366255454 3.6666666666670991 1.4062499999999856 1.6392167949513021 3.9165694068686498 -0.31766012502391322 0.026191048388082134 -1.1269062980153477 0.99742752250236777 -0.26315789473683976 1.1666666666666667 6.196060265811739 -3.9041893477876597
decision_type=2 10 2 2 2 8 2 2 2 2 2 2 10 10
left_child=1 4 13 10 6 -5 -1 -8 9 -4 -3 -12 -10 -2
right_child=2 3 8 5 -6 -7 7 -9 12 -11 11 -13 -14 -15
leaf_value=0.0088681986512361317 -0.01354267091126873 0.016907133368677572 -0.0037374085554427038 0.0041760421594149305 -0.0060579321809276733 0.014506087327020935 0.008078384793396164 -0.0075569353590018299 -0.0095819557818148486 0.018802460430166854 0.01650373333038975 0.0071872166077002909 0.014721674433809281 -0.00076325008047189969
leaf_weight=761.44019975140691 209.56830258667469 780.67289113998413 844.66754429100547 4784.0356546230614 782.5627599991858 475.70013500005007 310.75667309388518 471.55072155967355 3125.2518836057425 70.790942773222923 613.70264906436205 2800.9629633277655 45.663047761889175 3612.3440361712128
leaf_count=2984 1098 2316 6680 23029 3675 2265 1307 1977 26999 844 1497 11713 448 21668
internal_value=0.00182507 0.00614745 -0.00461347 0.00754854 0.000437052 0.00516172 0.00376488 -0.00129955 -0.00747509 -0.00162971 0.0105022 0.00894798 -0.00914189 -0.00153084
internal_weight=19689.7 11781.4 7908.29 9455.07 2326.31 5259.74 1543.75 782.307 4086.37 915.458 4195.34 3414.67 3170.91 3821.91
internal_count=108500 50763 57737 40820 9943 25294 6268 3284 34971 7524 15526 13210 27447 22766
is_linear=0
shrinkage=0.035


Tree=8
num_leaves=15
num_cat=0
split_feature=3 78 3 7 77 76 4 59 79 77 23 75 77 13
split_gain=419.228 87.2493 68.2703 39.4441 39.2451 33.7555 32.6068 32.5921 34.4158 33.3008 31.5736 31.1781 30.7008 26.2547
threshold=2.7631461780005848 -2.3666317366255454 1.7732398701669501 1.5126780303772489 4.0996431486929481 1.1601949770195512 1.5000000000000002 0.22739821066131352 1.0402161460285693 -1.5282949953733327 -0.23538896673348728 -3.9040060747723815 1.0111203544921117 1.9345878756091233
decision_type=2 10 2 2 10 10 2 2 8 10 2 2 10 2
left_child=1 3 4 7 10 -6 -2 8 9 -1 -3 -8 -11 -13
right_child=6 2 -4 -5 5 -7 11 -9 -10 12 -12 13 -14 -15
leaf_value=0.014259090835541229 -0.0087621291717196129 0.012911287567606978 0.0030596156726278461 -0.0046690808384974927 0.030142947102346995 0.0050018697992750411 0.013626088917865075 -0.010007134212752355 0.012448312635103464 -0.010210242665184806 0.0068792373018888575 -0.0029079985287544748 0.0070285222820794403 -0.011204295140705355
leaf_weight=142.73402420058846 2492.8743635353167 1388.1357989124954 4031.3649297002703 1318.0765561554581 174.27971159666777 112.64024975150824 105.72186520032847 163.64588332548738 516.73822802305222 319.07386676222086 5008.0793609321117 3181.5898333006771 184.39634708687663 533.98068695611437
leaf_count=575 13565 4738 21005 6210 670 490 1357 781 2018 1401 20885 30341 740 3724
internal_value=0.00176478 0.00527511 0.00667804 -0.000416133 0.00884509 0.0212421 -0.00565539 0.00381611 0.00589758 0.000442833 0.00822451 -0.0035936 -0.00386922 -0.0041539
internal_weight=19673.3 13359.2 10714.5 2644.66 6683.14 286.92 6314.17 1326.59 1162.94 646.204 6396.22 3821.29 503.47 3715.57
internal_count=108500 59513 47788 11725 26783 1160 48987 5515 4734 2716 25623 35422 2141 34065
is_linear=0
shrinkage=0.035


Tree=9
num_leaves=15
num_cat=0
split_feature=3 78 3 3 79 7 74 1 7 26 77 77 23 4
split_gain=391.317 66.4046 51.5622 49.6458 41.6699 35.1128 30.7049 31.7378 29.8841 29.3924 29.9816 28.0627 27.8769 33.3049
threshold=2.3673469387755026 -3.3902669878620908 3.6666666666670991 1.4062499999999856 3.9165694068686498 1.6956784765511943 -1.1269062980153477 0.99742752250236777 0.88145565578149432 0.14565903995126295 0.827656986720961 6.196060265811739 -0.23538896673348728 1.5000000000000002
decision_type=2 10 2 2 8 2 2 2 2 2 10 10 2 2
left_child=1 5 -2 12 8 9 7 -4 -5 10 -1 -8 -3 -14
right_child=2 3 6 4 -6 -7 11 -9 -10 -11 -12 -13 13 -15
leaf_value=0.0019679824598016022 -0.0014049904484903725 0.015049000253165041 -0.003442308463800896 -0.010926677017131807 0.014008055560707321 -0.0083315718260776484 -0.0091476214973844391 0.018252802972599957 0.0041012749162351123 -0.0043069430295897626 0.016544685095985088 0.014420466497720495 0.012967048739584932 0.0056484680631207389
leaf_weight=558.43877566233277 3814.213017180562 918.98132848367095 839.03776835103054 148.80537492781878 506.14950632303953 488.47560843452811 3090.7635155066673 71.4868098590523 4944.4670146182179 467.38514406979084 234.69157906621695 45.97586940927431 1148.2399577796459 2382.2807946391404
leaf_count=2248 22766 2810 6680 828 2393 2381 26999 844 23601 2086 826 448 3159 10431
internal_value=0.00170599 0.00573296 -0.00433661 0.00682645 0.00460661 -0.000555905 -0.00707893 -0.00138329 0.0036212 0.00254039 0.00658215 -0.008713 0.00958688 0.00808834
internal_weight=19659.4 11797.9 7861.48 10048.9 5599.42 1748.99 4047.26 910.525 5093.27 1260.52 793.13 3136.74 4449.5 3530.52
internal_count=108500 50763 57737 43222 26822 7541 34971 7524 24429 5160 3074 27447 16400 13590
is_linear=0
shrinkage=0.035


Tree=10
num_leaves=15
num_cat=0
split_feature=3 78 3 74 79 79 7 79 37 78 23 4 31 36
split_gain=366.141 77.4691 62.0812 38.6482 36.5803 35.6977 33.948 31.7552 31.6909 30.2045 29.9385 29.9122 31.0277 28.8598
threshold=2.7631461780005848 -3.3902669878620908 1.4490769856895793 -0.061524544395231716 0.37921878577658585 5.6809284628524397 0.88145565578149432 1.6833791559102556 0.78137695670614626 3.3020304688237583 -0.23538896673348728 1.1666666666666667 0.057034024868699636 0.037860687082371162
decision_type=2 10 2 2 8 8 2 8 2 8 2 2 2 2
left_child=1 3 10 -1 13 6 -4 9 -9 -2 -3 12 -12 -5
right_child=7 2 5 4 -6 -7 -8 8 -10 -11 11 -13 -14 -15
leaf_value=0.0030439953668239322 -0.0058738588359184924 0.014469614933934538 -0.010929933837880906 -0.018511015275592593 -0.00035929287252436189 0.013968869235769333 0.0036094126308036404 -0.011407899619655514 0.0013786991419191331 -0.016179853454589364 0.0038709345355251177 0.0059712176181646618 0.019081836742218281 0.004523477651817577
leaf_weight=1075.6055567003787 4345.8082534387941 998.60474509373307 184.34012926369905 328.78259161114693 514.36507720686495 379.77088211104274 6024.0754085425287 270.51423387299292 1283.1650044778362 368.66185818602389 265.03167324140668 3058.7717401646078 471.79460725933313 73.865185409784317
leaf_count=4634 34400 3083 1047 1556 2381 1833 29847 2242 9537 2808 588 13000 1197 347
internal_value=0.00164969 0.00491887 0.00603181 -0.00143529 -0.00664208 0.00380838 0.003144 -0.00531955 -0.000964291 -0.00674471 0.00905872 0.00756676 0.0138575 -0.0142713
internal_weight=19643.2 13375 11382.4 1992.62 917.013 6588.19 6208.42 6268.15 1553.68 4714.47 4794.2 3795.6 736.826 402.648
internal_count=108500 59513 50595 8918 4284 32727 30894 48987 11779 37208 17868 14785 1785 1903
is_linear=0
shrinkage=0.035


Tree=11
num_leaves=15
num_cat=0
split_feature=3 78 3 77 74 3 7 74 34 12 4 74 79 76
split_gain=342.187 58.4007 46.7918 43.6391 41.752 40.07 35.5547 35.7671 39.5297 33.1061 32.1754 31.1304 30.7355 27.7859
threshold=2.3673469387755026 -2.3666317366255454 3.5299082568806663 4.0996431486929481 0.84712371148751353 1.4490769856895793 1.6956784765511943 -0.38190017062326126 0.026191048388082134 -0.26315789473683976 1.1666666666666667 2.3571078693083605 5.6809284628524397 -3.9041893477876597
decision_type=2 10 2 10 2 2 2 2 2 2 2 2 8 10
left_child=1 6 13 5 -5 9 7 -1 -9 -3 -11 -4 -7 -2
right_child=2 3 11 4 -6 12 -8 8 -10 10 -12 -13 -14 -15
leaf_value=0.0084643892093176076 -0.013297635061845512 0.014852579431248026 -0.0054479939275884444 0.023933653712236432 -0.0011255669492435962 0.0030434783908984699 -0.0063460541454917058 0.00693128985002476 -0.0078098441407718298 0.013983087383940248 0.0052998116546280078 -0.015030054951606754 0.014667134642469383 -0.000314984661642842
leaf_weight=781.25430016964674 194.97195647656918 805.15582005679607 3813.8384163224691 299.08802412450314 107.02575970441103 4464.426878683269 665.55378571152687 361.48697783052921 517.41888203844428 635.94931844249368 2894.1933771073818 457.49588727171067 279.54017298668623 3351.912459872663
leaf_count=3094 1023 2404 31761 1248 537 21548 3175 1517 2157 1565 12228 4968 1290 19985
internal_value=0.00159306 0.00534919 -0.00408055 0.00656556 0.0175868 0.00603502 0.000374558 0.0031123 -0.00172761 0.00846614 0.00693405 -0.00653958 0.00378711 -0.0010992
internal_weight=19629.3 11811.1 7818.22 9485.38 406.114 9079.27 2325.71 1660.16 878.906 4335.3 3530.14 4271.33 4743.97 3546.88
internal_count=108500 50763 57737 40820 1785 39035 9943 6768 3674 16197 13793 36729 22838 21008
is_linear=0
shrinkage=0.035


Tree=12
num_leaves=15
num_cat=0
split_feature=3 78 3 74 79 7 4 75 40 32 79 76 74 76
split_gain=320.057 68.6471 54.4776 34.3447 34.3454 33.4015 30.8746 29.0769 27.7023 27.357 27.2436 33.2921 26.5772 26.9318
threshold=2.7631461780005848 -3.3902669878620908 1.4062499999999856 -0.061524544395231716 0.37921878577658585 0.88145565578149432 1.5000000000000002 -3.9040060747723815 0.43803217323272359 0.31862784061711147 5.6809284628524397 -1.0032657052993703 -3.6263743611355173 -3.9041893477876597
decision_type=2 10 2 2 8 2 2 2 2 2 8 10 2 10
left_child=1 3 12 -1 8 -4 -2 -8 -5 -6 -7 -12 -3 -14
right_child=6 2 5 4 9 10 7 -9 -10 -11 11 -13 13 -15
leaf_value=0.0028195651263290835 -0.0080543802178253254 -0.0041022942629082501 -0.0099712901167369333 -0.019026904897383994 0.0043949258985121094 0.0035175893741974966 0.013616660373995124 -0.0035441264717608776 0.0012857631293207927 -0.013315505475012515 -0.0037409554908613518 0.018499305273188875 -0.0014381798153872043 0.009925170524573106
leaf_weight=1076.783337790519 2451.5537596579525 181.14896952733397 194.60569890961051 292.2594946809113 389.3431307002902 6352.5438301935792 105.69907161677838 3668.6486916840367 108.37204626202583 124.58645000681281 103.78431790322065 293.76809223368764 267.78554024547338 4003.2668918594718
leaf_count=4634 13565 716 1105 1399 1766 31196 1357 34065 504 615 507 1387 901 14783
internal_value=0.00153975 0.00458673 0.00563288 -0.00139709 -0.00631578 0.00367819 -0.00500621 -0.00299431 -0.0137324 -0.000236378 0.0041 0.0127922 0.00865179 0.00920933
internal_weight=19614.1 13388.2 11396.9 1991.34 914.561 6944.7 6225.9 3774.35 400.632 513.93 6750.1 397.552 4452.2 4271.05
internal_count=108500 59513 50595 8918 4284 34195 48987 35422 1903 2381 33090 1894 16400 15684
is_linear=0
shrinkage=0.035


Tree=13
num_leaves=15
num_cat=0
split_feature=3 78 3 77 74 3 7 12 78 4 74 1 59 12
split_gain=299.434 51.044 42.4067 40.8885 38.8475 34.8382 33.2039 31.0387 30.5537 30.1782 28.9753 29.5041 27.8917 33.4426
threshold=2.3673469387755026 -2.3666317366255454 3.6666666666670991 4.0996431486929481 0.84712371148751353 1.4490769856895793 1.6392167949513021 -0.26315789473683976 -7.8180718779674914 1.1666666666666667 -1.1269062980153477 0.99742752250236777 0.22739821066131352 0.03103947622418848
decision_type=2 10 2 10 2 2 2 2 8 2 2 2 2 2
left_child=1 6 -2 5 -5 7 8 -3 -1 -9 11 -4 13 -10
right_child=2 3 10 4 -6 -7 -8 9 12 -11 -12 -13 -14 -15
leaf_value=-0.011450820007858674 -0.0011870031324606729 0.014058538029082931 -0.0028322433857547839 0.022878723168262796 -0.0012500117800205606 0.0035216164141231646 -0.0054690490520307783 0.013222749861160961 0.011714125950276766 0.004823434706673858 -0.0079640681419121569 0.018068600018635743 -0.00759127201030225 0.00016983205033823797
leaf_weight=136.80109455436468 3800.3167916443199 805.36614438146353 827.57423305907287 300.26486985385418 107.06838671118021 4752.97072263062 779.00651664286852 636.08634684979916 692.65736646205187 2895.5425468422472 3078.2953593503044 71.72096186876297 175.0881555378437 541.61599487066269
leaf_count=566 22766 2404 6680 1248 537 22838 3675 1565 2534 12228 27447 844 818 2350
internal_value=0.00148636 0.00499186 -0.00384116 0.00612764 0.0167748 0.00561475 0.00033996 0.00788195 0.00329919 0.00640219 -0.00635841 -0.000808518 0.00487111 0.00673182
internal_weight=19600.4 11822.5 7777.91 9497.3 407.333 9089.97 2325.17 4337 1546.16 3531.63 3977.59 899.295 1409.36 1234.27
internal_count=108500 50763 57737 40820 1785 39035 9943 16197 6268 13793 34971 7524 5702 4884
is_linear=0
shrinkage=0.035


Tree=14
num_leaves=15
num_cat=0
split_feature=3 78 3 77 76 7 79 78 59 79 79 11 54 76
split_gain=279.213 60.8498 48.407 33.6397 32.1264 32.0613 30.1596 30.9601 29.0233 30.6664 33.2852 29.8001 28.252 28.2896
threshold=2.7631461780005848 -2.3666317366255454 1.7732398701669501 4.0996431486929481 1.1601949770195512 1.5126780303772489 2.1894624590279608 -2.9665701015650785 0.22739821066131352 1.0402161460285693 -1.0650766436665859 -0.13855601509051477 -0.14197257000007948 -3.9041893477876597
decision_type=2 10 2 10 10 2 8 10 2 8 10 2 2 10
left_child=1 5 3 12 -5 8 7 -2 9 10 11 -1 13 -3
right_child=6 2 -4 4 -6 -7 -8 -9 -10 -11 -12 -13 -14 -15
leaf_value=0.023586576911543599 -0.013446749817521203 -0.0098782989257617301 0.0024068908416606705 0.02730373780128334 0.003224579104137463 -0.0043257199720657842 0.00012406008321047348 -0.0048799350275489676 -0.0097282688213335758 0.011450375777781597 -0.0073163099581043918 0.00091446986187914911 0.0085946163910359946 0.0047606249969727715
leaf_weight=84.438586208969355 578.50560804305132 154.76340153068304 4055.4850448183715 175.27986328303814 113.17277183011174 1313.8508720882237 1261.6054694959894 4345.1564738904854 163.149240154773 519.28703577071428 334.65476015582681 227.31573806703091 3844.4781073592603 2414.1697285436094
leaf_count=290 4582 575 21005 670 490 6210 9628 34777 781 2018 1441 985 15477 9571
internal_value=0.00143704 0.00427452 0.0054416 0.00726537 0.0186781 -0.000481393 -0.00470417 -0.00593682 0.00332734 0.00528785 0.000142176 0.00810694 0.00669559 0.00380922
internal_weight=19585.3 13400 10757.3 6701.86 288.453 2642.7 6185.27 4923.66 1328.85 1165.7 646.409 311.754 6413.41 2568.93
internal_count=108500 59513 47788 26783 1160 11725 48987 39359 5515 4734 2716 1275 25623 10146
is_linear=0
shrinkage=0.035


Tree=15
num_leaves=15
num_cat=0
split_feature=3 78 79 3 3 78 35 5 7 7 74 26 77 65
split_gain=261.509 43.9892 40.9469 39.7659 38.5744 36.0579 32.9283 30.3376 29.264 27.9827 27.4963 26.7745 27.7288 26.4751
threshold=2.3673469387755026 -3.3902669878620908 5.6809284628524397 1.212411445584628 3.6666666666670991 0.72195283311469838 0.017590226657648846 3.1780538303479462 0.88145565578149432 1.6956784765511943 1.8107810596506491 0.14565903995126295 0.827656986720961 0.90000000000001523
decision_type=2 10 8 2 2 10 2 2 2 2 2 2 10 2
left_child=1 9 3 13 -2 -4 -7 8 -5 11 -6 12 -1 -3
right_child=4 2 5 7 10 6 -8 -9 -10 -11 -12 -13 -14 -15
leaf_value=0.0017099470390553753 -0.0010788323059979438 0.010208168846631473 0.022649444651392091 -0.0084130179417630322 -0.004712068580634483 0.012546552780418057 -0.011254482158456747 -0.017040755280298223 0.0042797333150137191 -0.0074381417452215534 -0.012734970730886825 -0.004248891527351353 0.015701826948550383 -0.00081897591383620863
leaf_weight=558.83247320726514 3793.6429967842996 2115.3223571926355 295.59708538278937 211.99459863826632 3329.6618045287541 199.62459901347756 87.226356856524944 66.615639351308346 6808.7480221539736 485.17188483849168 615.99635254940949 466.91424307972193 235.52228116244078 301.53491303697228
leaf_count=2248 22766 7355 1262 1076 28403 784 342 411 30878 2381 6568 2086 826 1114
internal_value=0.00138864 0.00465737 0.00554374 0.00496963 -0.00360825 0.0144359 0.00504725 0.00362968 0.00387366 -0.000466727 -0.00602251 0.00228921 0.00614221 0.00883696
internal_weight=19572.4 11833.1 10086.7 9504.22 7739.3 582.448 286.851 7087.36 7020.74 1746.44 3945.66 1261.27 794.355 2416.86
internal_count=108500 50763 43222 40834 57737 2388 1126 32365 31954 7541 34971 5160 3074 8469
is_linear=0
shrinkage=0.035


Tree=16
num_leaves=15
num_cat=0
split_feature=3 3 78 74 7 78 11 4 13 79 35 79 4 74
split_gain=243.917 54.2241 36.867 34.0307 29.6351 29.5916 29.339 29.223 29.2186 26.0467 25.5958 30.2999 24.1316 28.8554
threshold=2.7631461780005848 1.4062499999999856 -3.3902669878620908 -0.061524544395231716 0.88145565578149432 -5.7190736881343023 -0.19179267584845 1.5000000000000002 1.9345878756091233 0.37921878577658585 0.015942361567776803 -0.86120654560521348 1.1666666666666667 -3.6263743611355173
decision_type=2 2 10 2 2 8 2 2 2 8 2 8 2 2
left_child=1 5 3 10 -4 -1 -7 -2 -9 -5 11 -3 -8 -14
right_child=7 2 4 9 -6 6 12 8 -10 -11 -12 -13 13 -15
leaf_value=-0.0066685741562891874 -0.0074109316410069176 0.012046872831758796 -0.0096908236942555501 -0.017595055056606683 0.0035751817028914141 0.012976193852503159 0.01171292452721498 -0.0011833871789840582 -0.0099765059254303332 -0.0027083240308737756 0.012421833737628387 -0.0075971802419431854 -0.0099695113777034904 0.0053688081289821913
leaf_weight=178.90721099823713 2414.7396266625728 112.13430202007294 193.95974197238684 244.90069589018822 6774.4091539662331 900.00700358301401 726.78206357359886 3210.6578196928458 522.47449074077304 334.73011345602572 186.20843777060509 337.43300914019346 139.45204886049032 3281.7328325733542
leaf_count=649 13565 517 1105 1330 33090 2811 1738 31673 3749 1705 905 1609 629 13425
internal_value=0.00134079 0.00398561 0.00219825 -0.00338662 0.00317925 0.00676506 0.00726561 -0.00442273 -0.00246064 -0.00937521 0.00219253 -0.00239301 0.00597023 0.00468929
internal_weight=19558.5 13410.7 8183.78 1215.41 6968.37 5226.88 5047.97 6147.87 3733.13 579.631 635.776 449.567 4147.97 3421.18
internal_count=108500 59513 40261 6066 34195 19252 18603 48987 35422 3035 3031 2126 15792 14054
is_linear=0
shrinkage=0.035


Tree=17
num_leaves=15
num_cat=0
split_feature=3 78 3 77 76 77 78 7 76 74 40 34 0 27
split_gain=228.585 39.3395 34.928 32.0367 46.318 33.0701 35.3823 36.7037 44.2407 47.8024 33.8124 31.0204 30.6982 28.8591
threshold=2.3673469387755026 -2.158622881025889 3.2778194236215468 3.5335772088798896 0.1230214378419006 2.167861061239718 -0.33781808635143828 1.3952684944467431 -0.31484115482246167 0.50153741173910082 -0.042488612141936201 -0.15524843056702561 234.09279418666424 -0.038914629702784136
decision_type=2 10 2 10 10 10 10 2 10 2 2 2 2 2
left_child=1 -1 -2 5 -5 6 7 -3 10 -10 -9 13 -13 -8
right_child=2 3 -4 4 -6 -7 11 8 9 -11 -12 12 -14 -15
leaf_value=0.00046385102672434955 -0.00042497046141851922 0.0033909435323166526 -0.0052615964265878435 0.024771093598309153 0.0043945843086073983 -0.0035073293888854772 0.013056142195200128 0.014036136210795826 0.0094611914799139097 0.024993820653790254 -0.0012943878632726612 0.0022822028485553962 -0.01686573003410359 0.0040250953466066152
leaf_weight=2524.6138228029013 2984.979026120156 1081.1584327444434 4718.6225792301047 230.97207438200712 323.7927108258009 531.08483820036054 665.53691224753857 269.4949820227921 619.41323489695787 429.63520671054721 442.78924866020679 3379.1701069101691 85.926780190318823 1258.2071973606944
leaf_count=10806 17502 4504 40235 978 1437 2382 2841 1217 2726 1928 1971 13717 525 5731
internal_value=0.00129401 0.004344 -0.00339346 0.00539213 0.0134449 0.00485284 0.00539943 0.0085541 0.0116497 0.0161711 0.0047309 0.00370993 0.00171331 0.00725166
internal_weight=19545.4 11841.8 7703.6 9317.18 554.765 8762.42 8231.33 2842.49 1761.33 1049.05 712.284 5388.84 3465.1 1923.74
internal_count=108500 50763 57737 39957 2415 37542 35160 12346 7842 4654 3188 22814 14242 8572
is_linear=0
shrinkage=0.035


Tree=18
num_leaves=15
num_cat=0
split_feature=3 3 3 78 79 76 74 1 77 74 77 76 74 79
split_gain=213.208 37.6944 33.193 28.9435 37.6801 30.1056 27.3971 27.5534 26.9435 29.2476 26.661 26.1043 24.0178 24.3585
threshold=2.3673469387755026 1.1747340824358135 3.6666666666670991 -3.3902669878620908 5.6809284628524397 -1.0032657052993703 -1.1269062980153477 0.99742752250236777 4.0996431486929481 0.84712371148751353 6.196060265811739 -3.9041893477876597 -0.38190017062326126 0.72420063283549629
decision_type=2 2 2 10 8 10 2 2 10 2 10 10 2 8
left_child=1 -1 11 12 8 -6 7 -4 -5 -10 -8 -2 -3 -14
right_child=2 3 6 4 5 -7 10 -9 9 -11 -12 -13 13 -15
leaf_value=0.0079582883357149446 -0.012500178889502523 0.0037138980815431257 -0.0021221883932713162 0.0028672636470409205 -0.0014192691781412293 0.01869267194285661 -0.0075642695303589427 0.018090841345011478 0.018722272225867878 -0.0036868446964562953 0.015458486457727467 -0.00021144497740900416 -0.01197819455497777 0.00026359128882258209
leaf_weight=2545.4034344777465 205.12095583602786 590.88371722400188 814.52908707002643 7149.2612338326871 119.22140077129006 333.72130391746759 2969.5433518512509 71.690604818984866 243.08956502005458 89.918941475450993 44.896610340336338 3579.8239704892039 356.85775783285499 420.37389388680458
leaf_count=8752 1098 2621 6680 32253 548 1402 26999 844 1059 469 448 21668 1728 1931
internal_value=0.00125189 0.00419404 -0.00328306 0.00314927 0.00395853 0.0135627 -0.00554059 -0.000123886 0.00334253 0.0128053 -0.00712175 -0.000939624 -0.0015339 -0.00551659
internal_weight=19534.3 11848.7 7685.6 9303.33 7935.21 452.943 3900.66 886.22 7482.27 333.009 3014.44 3784.94 1368.12 777.232
internal_count=108500 50763 57737 42011 35731 1950 34971 7524 33781 1528 27447 22766 6280 3659
is_linear=0
shrinkage=0.035


Tree=19
num_leaves=15
num_cat=0
split_feature=3 3 78 74 57 79 37 78 7 26 0 75 35 79
split_gain=198.878 47.7602 31.3939 31.0147 28.6714 28.6243 30.4504 30.2135 27.4629 24.9465 30.9555 24.6022 23.9059 28.6308
threshold=2.7631461780005848 1.4062499999999856 -3.3902669878620908 -0.061524544395231716 0.42177425092490556 1.6833791559102556 0.78137695670614626 3.3020304688237583 0.88145565578149432 0.097117961888703988 26.165246859047986 1.4397606027901875 0.015942361567776803 -0.86120654560521348
decision_type=2 2 10 2 2 8 2 8 2 2 2 2 2 8
left_child=1 4 3 12 -1 7 -7 -2 -4 10 -6 -8 13 -3
right_child=5 2 8 -5 9 6 11 -9 -10 -11 -12 -13 -14 -15
leaf_value=0.0030414529235409807 -0.0045284918200493105 0.011646359380761691 -0.0095755148432196176 -0.0089817005898728697 0.00015105084429439011 -0.010263776262175542 0.0051042909629119247 -0.014964836085730985 0.0031980205213614867 0.005189135151943588 0.013765646450236507 -0.0062179627173342905 0.011934348662071133 -0.007434311379301374
leaf_weight=2137.5253081023693 4219.2561120934843 112.50878419354558 193.654182523489 576.88962500728667 244.15069106966257 262.45382323325612 967.27520716912113 355.73907524113019 6792.0849645994604 1588.2209459021688 1256.6799635626376 290.14599158265628 186.98333699256182 336.86555798351765
leaf_count=7970 34400 517 1105 3035 664 2242 7291 2808 33090 6229 4389 2246 905 1609
internal_value=0.0012104 0.0035893 0.00191492 -0.00324402 0.00619862 -0.00402437 0.000137557 -0.0054016 0.0028176 0.00834965 0.011582 0.00243527 0.00207266 -0.00236443
internal_weight=19520.4 13425.6 8198.99 1213.25 5226.58 6094.87 1519.88 4575 6985.74 3089.05 1500.83 1257.42 636.358 449.374
internal_count=108500 59513 40261 6066 19252 48987 11779 37208 34195 11282 5053 9537 3031 2126
is_linear=0
shrinkage=0.035


Tree=20
num_leaves=15
num_cat=0
split_feature=3 78 4 77 76 77 78 7 76 74 40 34 0 13
split_gain=186.404 33.7677 31.5615 28.8975 43.5553 30.8366 33.184 34.1118 41.1208 44.6201 31.6788 29.0011 28.7965 28.3107
threshold=2.3673469387755026 -2.158622881025889 1.5000000000000002 3.5335772088798896 0.1230214378419006 2.167861061239718 -0.33781808635143828 1.3952684944467431 -0.31484115482246167 0.50153741173910082 -0.042488612141936201 -0.15524843056702561 234.09279418666424 1.9345878756091233
decision_type=2 10 2 10 10 10 10 2 10 2 2 2 2 2
left_child=1 -1 -2 5 -5 6 7 -3 10 -10 -9 -8 -13 -4
right_child=2 3 13 4 -6 -7 11 8 9 -11 -12 12 -14 -15
leaf_value=0.00031960094886152171 -0.0059452523920233893 0.0029822623515118486 -0.00021464758172902822 0.023468063945355038 0.0037829066916845243 -0.0036923352582919817 0.0066868653666101964 0.013266742371897188 0.0088163163887823772 0.023773529993917138 -0.0015484409180141013 0.0018910547383150747 -0.016657858657440766 -0.0079278052510176698
leaf_weight=2524.2653153222054 2906.3857295759371 1082.3776408135891 4086.2813963431981 231.88468882068992 324.51697544753551 531.27367047220469 1927.3538826219738 270.2643538787961 620.70331833139062 431.35901295766234 443.06889928504825 3382.7656052745879 85.822389468550682 660.17158677859697
leaf_count=10806 15677 4504 37620 978 1437 2382 8572 1217 2726 1928 1971 13717 525 4440
internal_value=0.00116827 0.00391443 -0.00308514 0.00488411 0.0125165 0.0043728 0.00490024 0.00795058 0.0109292 0.0152781 0.0042734 0.00326697 0.00133924 -0.00131621
internal_weight=19508.5 11855.7 7652.84 9331.39 556.402 8774.99 8243.72 2847.77 1765.4 1052.06 713.333 5395.94 3468.59 4746.45
internal_count=108500 50763 57737 39957 2415 37542 35160 12346 7842 4654 3188 22814 14242 42060
is_linear=0
shrinkage=0.035


Tree=21
num_leaves=15
num_cat=0
split_feature=3 3 54 78 4 75 77 23 47 7 32 78 35 0
split_gain=175.369 46.9077 29.7137 29.5631 26.1073 26.2158 25.0019 26.0201 24.3659 24.3204 25.4976 21.7832 33.6879 20.5212
threshold=2.8529496232726683 1.7732398701669501 0.68054242793476227 -2.3666317366255454 1.5000000000000002 -3.9040060747723815 4.0996431486929481 -0.40426473666198576 -0.13022389558472838 1.5892592320327406 -0.32412167843848183 -7.8180718779674914 0.017590226657648846 234.09279418666424
decision_type=2 2 2 10 2 2 10 2 2 2 2 10 2 2
left_child=1 2 3 9 8 -6 7 -5 -2 10 -1 12 -3 -9
right_child=4 11 -4 6 5 -7 -8 13 -10 -11 -12 -13 -14 -15
leaf_value=0.012590227128355842 0.00041227405846357064 -0.0132834098540386 0.009797034482675774 0.012433115708818556 0.013915062247491004 -0.002625398969149895 0.015747002912229625 0.0041988173166768363 -0.0086759794748182267 -0.0063970800581271605 -0.00065945119984232685 0.0014090056343190505 0.0058835017344127539 -0.0092349796720314348
leaf_weight=226.08020056039095 447.53237240714952 289.97009405493736 1282.8720246814191 457.53918005898595 101.88601247162296 3401.767064259795 242.37888424471021 4860.9633965007961 1819.4572819179157 522.35860122740269 635.81198191642761 4924.2837642543018 161.60946629941463 125.10183462873101
leaf_count=784 2503 1543 5364 1444 1321 32800 957 19364 10613 2219 2438 25639 827 684
internal_value=0.00112951 0.00328034 0.00491857 0.00400825 -0.00398122 -0.00206815 0.00512151 0.00459249 -0.00689393 -0.000572392 0.00302274 0.000726031 -0.00646542 0.00382621
internal_weight=19499.6 13729 8353.11 7070.23 5770.64 3503.65 5685.98 5443.6 2266.99 1384.25 861.892 5375.86 451.58 4986.07
internal_count=108500 61263 33254 27890 47237 34121 22449 21492 13116 5441 3222 28009 2370 20048
is_linear=0
shrinkage=0.035


Tree=22
num_leaves=15
num_cat=0
split_feature=3 79 3 78 29 54 78 74 38 76 77 76 77 0
split_gain=163.84 48.942 49.4509 35.7137 42.0221 31.2506 28.0133 25.5749 22.7999 22.5212 34.2009 27.8226 39.1273 36.2251
threshold=3.0526315789474521 5.6809284628524397 1.7732398701669501 0.81536491499104102 0.9805307359410157 0.68054242793476227 -2.3666317366255454 2.3571078693083605 0.20262194604777403 -3.9041893477876597 -1.1276303939638945 -0.1173816275296377 3.5335772088798896 25.122725453553624
decision_type=2 10 2 8 2 2 10 2 2 10 10 10 10 2
left_child=1 2 5 -3 -5 6 8 -2 -1 10 -8 12 -11 -13
right_child=7 3 -4 4 -6 -7 9 -9 -10 11 -12 13 -14 -15
leaf_value=0.013969548858018432 -0.0033578106382398227 0.023848007211275262 0.00014607628057460085 0.014981084708614593 -0.011640581816402649 0.0094796082786926701 0.0079698187004565418 -0.01138734160366834 -0.0023587880860259582 0.0068514114448316151 -0.013268219433827397 -0.0072938194439627442 0.027631865767353568 0.0043064540268156135
leaf_weight=94.165676724165678 4675.5867555385557 213.48607974499464 5728.6075017731637 162.80155017226934 102.08421950414777 1238.7817837782204 148.97917592525482 528.85365800559521 1263.0630930475891 2204.882538549602 189.60843804106116 361.51971135288477 100.07037924602628 2474.8295569270849
leaf_count=321 37976 943 30509 672 428 5189 544 5760 5019 8652 718 1059 372 10338
internal_value=0.00109178 0.00302838 0.0026351 0.0138162 0.00462443 0.00439596 0.00344991 -0.00421421 -0.0010395 0.00456156 -0.00400013 0.00513872 0.00798354 0.00278717
internal_weight=19487.3 14282.9 13804.5 478.372 264.886 8075.9 6837.12 5204.44 1357.23 5479.89 338.588 5141.3 2304.95 2836.35
internal_count=108500 64764 62721 2043 1100 32212 27023 43736 5340 21683 1262 20421 9024 11397
is_linear=0
shrinkage=0.035


Tree=23
num_leaves=15
num_cat=0
split_feature=3 3 79 7 41 78 79 78 7 39 36 6 30 54
split_gain=153.001 45.754 31.4335 40.2844 34.8265 30.1042 31.8203 29.1332 35.7034 33.7188 33.23 30.2069 28.6835 25.6826
threshold=3.0526315789474521 1.4062499999999856 -0.1604194285411116 2.0606557831480914 -0.031067890948842974 -1.5222323782640015 -0.86120654560521348 -0.20308662330379679 1.714285714285708 -0.059963551698548063 0.0286497703679118 2.0462229336179125 0.63152240093322332 -0.33862870473525591
decision_type=2 2 8 2 2 10 10 8 2 2 2 2 2 2
left_child=1 13 3 4 5 6 -3 8 11 -10 -9 -4 -6 -1
right_child=-2 2 7 -5 12 -7 -8 10 9 -11 -12 -13 -14 -15
leaf_value=0.0016079242977015381 -0.0040807053473979858 0.0029512020116827893 0.0052945575608031991 -0.011968586941409162 -0.00059812389100099086 0.0075030028934867914 -0.016367478459180837 0.0029260412757936868 0.0011268737708248254 0.019542105860657289 -0.005511673862972989 -0.010349963009927052 -0.010757325049605587 0.0070688967494432773
leaf_weight=1486.2486344687641 5189.4146448394167 313.36010904982686 1207.9612749703228 353.25543482974172 1469.0454064644873 1007.4357606992126 133.26450307294726 2738.7083377633244 179.13811799511313 378.33495793119073 701.87133632414043 153.63189840689301 424.19046895951033 3739.2357263155282
leaf_count=5448 43736 1577 5947 2195 6424 5081 684 13655 1049 1962 3558 837 2543 13804
internal_value=0.00105626 0.00292541 0.00141565 -0.00106225 0.000152995 0.00419529 -0.0032676 0.00312409 0.00655632 0.0138685 0.00118286 0.00340507 -0.00296301 0.00552772
internal_weight=19475.1 14285.7 9060.2 3700.55 3347.3 1454.06 446.625 5359.65 1919.07 557.473 3440.58 1361.59 1893.24 5225.48
internal_count=108500 64764 45512 18504 16309 7342 2261 27008 9795 3011 17213 6784 8967 19252
is_linear=0
shrinkage=0.035


Tree=24
num_leaves=15
num_cat=0
split_feature=3 3 78 4 13 78 74 5 23 6 39 34 79 76
split_gain=143.051 30.9365 29.0631 26.8568 25.3175 23.6824 25.6563 23.894 23.2478 29.0112 22.3138 32.7833 21.6941 19.8682
threshold=2.3673469387755026 1.1747340824358135 -2.9665701015650785 1.5000000000000002 1.9345878756091233 -7.8180718779674914 -0.50887386591945205 3.1780538303479462 -0.23538896673348728 2.0462229336179125 0.011524715464984065 -0.10372412329840462 7.6917923690141858 0.25383420426863496
decision_type=2 2 8 2 2 8 2 2 2 2 2 2 10 8
left_child=1 -1 -2 13 -5 6 -3 8 -7 12 -11 -12 -10 -4
right_child=2 5 3 4 -6 7 -8 -9 9 10 11 -13 -14 -15
leaf_value=0.0068300537197243539 -0.0094208533041870834 0.0064763094110827178 -0.0021460469669134009 0.00078208742501901054 -0.0068773950891066315 0.0060227512183589505 -0.020911674579085274 -0.015122320254374478 0.0023865382239011412 -0.008018669846583627 0.023996367153998954 -0.0033213329844558972 0.017096233248738889 -0.0083372602586276549
leaf_weight=2541.2893031053245 701.00292661739513 56.177784398198128 1506.5192185309716 3688.8650389220347 596.55619022183237 2173.6661345399916 87.833111118525267 71.696873709559441 6035.8177547492087 563.38360820710659 54.908222034573555 177.65807184576988 106.06033307313919 1102.702936027199
leaf_count=8752 5365 252 8041 34037 4043 8663 419 431 27791 2885 278 834 458 6251
internal_value=0.00101927 0.00341743 -0.00272706 -0.0020212 -0.000311153 0.002475 -0.0107409 0.00270514 0.00287823 0.00187856 -0.00433473 0.00451777 0.00269522 -0.00480608
internal_weight=19464.1 11868.5 7595.65 6894.64 4285.42 9327.2 144.011 9183.19 9111.49 6937.83 795.95 232.566 6141.88 2609.22
internal_count=108500 50763 57737 52372 38080 42011 671 41340 40909 32246 3997 1112 28249 14292
is_linear=0
shrinkage=0.035


Tree=25
num_leaves=15
num_cat=0
split_feature=3 3 78 54 77 78 76 76 77 30 74 77 4 78
split_gain=135.541 45.5637 26.9316 29.2752 24.5635 30.1502 39.9005 24.3764 29.3091 23.9903 23.2651 23.1032 23.0761 22.8995
threshold=3.2778194236215468 1.7732398701669501 -5.7190736881343023 0.68054242793476227 4.0996431486929481 1.1254092559344375 -0.06854837780897273 -3.9041893477876597 -1.1276303939638945 0.31348677248677848 2.3571078693083605 1.7711760113521409 1.5000000000000002 2.6170579758188568
decision_type=2 2 8 2 8 10 10 10 10 2 2 10 2 8
left_child=1 2 -1 7 10 6 -6 8 -4 -9 11 12 -2 -3
right_child=4 13 3 -5 5 -7 -8 9 -10 -11 -12 -13 -14 -15
leaf_value=-0.0061715056266180898 -0.0063527843770153141 0.0013783197907220677 0.0057700543616887633 0.0095972563401648479 0.036421588854310592 -0.010483420752804326 0.0016260865793624225 0.0086099753496751297 -0.012742614142271203 0.0032123237347330596 -0.012209548360490286 -0.011027217476819839 -0.00053783209947370209 -0.0040181038189308097
leaf_weight=273.27122332528234 1387.7866419022903 5330.4340015500784 173.38408568501472 1244.5918006971478 44.917210267158225 70.991586563643068 112.06264201877639 1249.4680429808795 214.24280614778399 5202.7911169566214 452.84751378267538 474.18644878733903 2068.4651264520944 1154.947101585567
leaf_count=1095 8262 28974 634 5188 413 692 1036 4859 808 20670 5051 4050 20731 6037
internal_value=0.000983572 0.00261174 0.0043168 0.00468568 -0.00424596 0.0065541 0.014573 0.00376659 -0.00458515 0.00428094 -0.00483488 -0.00392769 -0.00289582 0.000407901
internal_weight=19454.4 14843.1 8357.75 8084.48 4611.26 227.971 156.98 6839.89 387.627 6452.26 4383.29 3930.44 3456.25 6485.38
internal_count=108500 68265 33254 32159 40235 2141 1449 26971 1442 25529 38094 33043 28993 35011
is_linear=0
shrinkage=0.035


Tree=26
num_leaves=15
num_cat=0
split_feature=3 3 57 1 77 9 77 78 76 75 78 74 35 79
split_gain=126.438 42.4406 25.3577 34.8385 23.5001 24.9871 23.2573 28.4658 37.0293 22.5027 21.8661 30.6933 24.0016 25.2806
threshold=3.2778194236215468 1.7732398701669501 0.43827642746914836 0.53743713567438611 3.5335772088798896 6.9679229946083501 4.0996431486929481 1.1254092559344375 -0.06854837780897273 -3.9040060747723815 -3.3902669878620908 -0.061524544395231716 0.015942361567776803 -0.86120654560521348
decision_type=2 2 2 2 10 2 8 10 10 2 10 2 2 8
left_child=1 2 3 -1 -4 -6 9 8 -8 -2 11 12 13 -3
right_child=6 10 4 -5 5 -7 7 -9 -10 -11 -12 -13 -14 -15
leaf_value=-0.019530515749606191 0.0081394519409739661 0.011710899316375936 0.0051940718160360137 0.0024675806910314916 0.023260235082239331 0.0010302867242772209 0.034906317226886426 -0.010257763657128311 0.0015762241079637607 -0.0051615199886421801 0.0012379866088618214 -0.010625303881224374 0.012423343437274411 -0.0090201517589346362
leaf_weight=70.604186534881592 144.41716761890711 79.658285561949015 4505.9058779962361 3521.9300884157419 165.16222859174013 95.967544466257095 46.07382301450707 70.463368461932987 112.1917290694546 4224.0734684886411 5537.4991350881755 469.90057458169758 151.5986709408462 247.73958417773247
leaf_count=136 1567 419 17750 14299 512 557 413 692 1036 36527 29750 2719 798 1325
internal_value=0.000949617 0.00252008 0.00416546 0.00192952 0.0058354 0.015745 -0.00411087 0.00637966 0.0141068 -0.00468671 0.000393249 -0.0044602 0.00177129 -0.00359232
internal_weight=19443.2 14846 8359.57 3592.53 4767.04 261.13 4597.22 228.729 158.266 4368.49 6486.4 948.897 478.997 327.398
internal_count=108500 68265 33254 14435 18819 1069 40235 2141 1449 38094 35011 5261 2542 1744
is_linear=0
shrinkage=0.035


Tree=27
num_leaves=15
num_cat=0
split_feature=3 78 79 75 3 78 76 77 7 6 74 74 77 77
split_gain=117.944 37.9505 31.3999 37.4398 31.902 36.3602 38.8353 29.9613 55.7281 34.1786 33.6264 33.2705 32.4674 31.5282
threshold=2.8529496232726683 -2.158622881025889 5.6809284628524397 0.66139133795806404 1.212411445584628 -0.33781808635143828 -0.31484115482246167 0.30097443613441782 1.3952684944467431 1.209954496084517 0.84712371148751353 2.3571078693083605 -0.069767773791150553 -0.61149274182031654
decision_type=2 10 8 2 2 10 10 10 2 2 2 2 10 10
left_child=1 -1 4 -4 -3 7 -7 8 -6 -9 12 -12 13 -10
right_child=-2 2 3 -5 5 6 -8 9 10 -11 11 -13 -14 -15
leaf_value=-0.00086055280872162601 -0.0033127546957374561 0.0068337071626834714 0.01755088787296431 0.00014801795205942383 0.00010228410145278285 0.0038722068075102527 -0.0022857984880637031 0.013201902024728556 0.0097070407687451961 -0.0019224380015946949 0.029207600924959623 0.0036405447177704268 0.023538003428182876 -0.0073832536258569351
leaf_weight=2925.2243862245232 5687.7519852047117 2223.9866697378457 389.07446056231856 240.99093743413687 649.49017512798309 2154.6937004365027 2945.2586661688983 204.91937622800469 433.95060132816434 964.96989503875375 224.52678092941642 92.127631608396769 124.94807284325361 169.66618187353015
leaf_count=13104 47237 7842 1657 1047 2922 9858 14212 899 2060 4639 1065 559 576 823
internal_value=0.000918459 0.00267178 0.0036267 0.0111039 0.00314346 0.00209847 0.000320878 0.00523903 0.00818604 0.000904135 0.013113 0.0224273 0.00857367 0.00482053
internal_weight=19431.6 13743.8 10818.6 630.065 10188.5 7964.55 5099.95 2864.6 1694.71 1169.89 1045.22 316.654 728.565 603.617
internal_count=108500 61263 48159 2704 45455 37613 24070 13543 8005 5538 5083 1624 3459 2883
is_linear=0
shrinkage=0.035


Tree=28
num_leaves=15
num_cat=0
split_feature=3 79 76 76 77 77 35 74 33 9 76 6 7 7
split_gain=111.066 40.356 38.8795 43.3848 70.0816 38.3247 56.2037 35.3339 32.8624 31.1079 30.1929 34.7542 29.4439 29.2447
threshold=3.2778194236215468 5.6809284628524397 -3.9041893477876597 -0.1173816275296377 3.5335772088798896 0.1580809529064279 -0.040697153414280332 -1.6489190945943475 0.0068869327039270409 6.3380281690141818 -0.91250937124466958 1.5737828362630693 2.0606557831480914 1.573235922843599
decision_type=2 10 10 10 10 10 2 2 2 2 10 2 2 2
left_child=1 2 5 4 9 6 -1 -8 -5 -4 11 -3 -11 -10
right_child=-2 10 3 8 -6 -7 7 -9 13 12 -12 -13 -14 -15
leaf_value=0.023945907911562991 -0.0038687654430497858 -0.017349992447039067 0.0066874779197581332 0.0028544108378842411 0.022302362761345899 -0.015091526704349484 0.013528016056469229 -0.0094876928659017382 -0.004670877484214621 0.0027110468247541326 0.016992963298609751 0.013851534013689059 -0.007753619595366597 0.0017380859350482906
leaf_weight=81.823901850730181 4572.5576691778551 67.621174991130829 2585.8344691507518 3887.6499392148107 243.91595271974802 289.58556325361133 85.087644759565592 364.350690767169 1930.9810472913086 2968.4396067243069 362.74632111564279 67.58862879127264 350.72708106413484 1562.5225357934833
leaf_count=359 40235 330 7901 18107 1094 1207 343 1565 8588 16699 1543 278 2230 8021
internal_value=0.000889965 0.0023586 0.00200911 0.00245988 0.00462638 -0.00530278 0.000386915 -0.00473965 0.00064744 0.00382342 0.0119643 -0.0019779 0.00156546 -0.00181079
internal_weight=19421.4 14848.9 14350.9 13530.1 6148.92 820.848 531.262 449.438 7381.15 5905 497.956 135.21 3319.17 3493.5
internal_count=108500 68265 66114 62640 27924 3474 2267 1908 34716 26830 2151 608 18929 16609
is_linear=0
shrinkage=0.035


Tree=29
num_leaves=15
num_cat=0
split_feature=3 3 41 7 79 35 9 7 9 7 78 54 31 77
split_gain=105.794 36.6685 26.6275 31.5741 26.9374 28.0876 27.1771 35.6488 26.3247 35.4094 24.4471 26.7884 21.8766 23.97
threshold=1.7732398701669501 3.6666666666670991 -0.54589727527922738 1.3110529453021951 1.6833791559102556 -0.087402887301549909 18.901130498515368 1.5242347424117808 16.985359694555314 2.3481039040253733 -5.7190736881343023 0.68054242793476227 -0.2893471389898416 4.8732566122193122
decision_type=2 2 2 2 8 2 2 2 2 2 8 2 2 8
left_child=10 -2 3 -3 5 -4 -6 -8 -7 -10 -1 12 -12 -14
right_child=1 2 4 -5 6 8 7 -9 9 -11 11 -13 13 -15
leaf_value=-0.0061585381487059337 6.8870777114840722e-05 -0.011933727756127097 0.016749167876924372 0.015389283074686759 -0.0018016103626840876 -0.0054592037491357536 -0.011309231364928569 0.028995864028457111 -0.018778031158735824 0.0066937418419330888 0.0083244463647011886 0.0088725719872101427 0.0021013580591756017 0.01478388478661328
leaf_weight=273.25070413947105 7275.972338616848 57.192150408402085 43.293990284204483 151.11233156732487 799.91448625992052 2186.5599560443661 27.096231570700184 61.368589453399181 380.69820582546527 69.655965177575126 903.3271116502583 1245.1494454853237 5770.4486757293344 169.33053278177977
leaf_count=1095 40275 524 442 1572 6477 17646 394 925 5913 1078 3297 5188 23008 666
internal_value=0.00086065 -0.00138591 -0.00417406 0.00749922 -0.00489345 -0.00663287 0.000384822 0.0168417 -0.00713996 -0.0147212 0.00382654 0.00417823 0.0033007 0.00251131
internal_weight=19414.4 11052.9 3776.89 208.304 3568.59 2680.21 888.379 88.4648 2636.91 450.354 8361.51 8088.26 6843.11 5939.78
internal_count=108500 75246 34971 2096 32875 25079 7796 1319 24637 6991 33254 32159 26971 23674
is_linear=0
shrinkage=0.035


Tree=30
num_leaves=15
num_cat=0
split_feature=3 3 74 1 77 54 31 52 4 18 78 0 11 20
split_gain=98.5749 34.2502 25.6019 25.2888 24.1315 23.6711 27.9865 25.0565 23.8863 31.5346 22.2643 25.1201 24.5115 21.722
threshold=1.7732398701669501 3.6666666666670991 -1.1269062980153477 0.99742752250236777 6.196060265811739 -0.14197257000007948 -0.2893471389898416 0.81256989868829765 1.1666666666666667 0.58204644894393642 -1.8064019002644891 98.932074749799185 -0.15842314000183996 -0.034482758620694137
decision_type=2 2 2 2 10 2 2 2 2 2 10 2 2 2
left_child=5 -2 3 -3 13 6 -1 -8 9 -7 -10 12 -12 -4
right_child=1 2 4 -5 -6 8 7 -9 10 -11 11 -13 -14 -15
leaf_value=0.0084920439024537085 6.6465013166193418e-05 -0.00075232150591604216 -0.0036393551857395639 0.018728655598402255 0.015830993714324598 0.005535356532825688 0.0050233732749229276 -0.0021444514378850311 -0.00036404984888069943 0.020553968146210459 0.012620243238024456 -0.00058207274394641705 0.0049118078475181692 -0.0099931992752674385
leaf_weight=549.58629416301847 7276.1753300726414 790.16589309170377 1801.7592173391167 70.872850067913532 44.500953228678554 523.16002293303609 830.16708856076002 1989.5811689160764 1016.4919754676521 252.31905767321587 704.52579447627068 646.24623709544539 1850.6806228421628 1057.578065790236
leaf_count=2062 40275 6680 17968 844 448 1201 3391 7799 4318 774 2434 3459 7816 9031
internal_value=0.000832432 -0.00133803 -0.00403843 0.00123992 -0.00560132 0.00369437 0.00141568 -1.3643e-05 0.00522014 0.0108159 0.00414516 0.00557025 0.0071187 -0.00604253
internal_weight=19403.8 11041.1 3764.88 861.039 2903.84 8362.76 3369.33 2819.75 4993.42 775.479 4217.94 3201.45 2555.21 2859.34
internal_count=108500 75246 34971 7524 27447 33254 13252 11190 20002 1975 18027 13709 10250 26999
is_linear=0
shrinkage=0.035


Tree=31
num_leaves=15
num_cat=0
split_feature=3 78 79 23 77 74 25 38 7 7 77 7 7 70
split_gain=92.2979 32.0384 39.7726 30.5189 29.0701 35.857 28.5715 28.3971 27.3257 27.258 26.6547 26.7404 28.2444 23.787
threshold=2.2307692307692264 -2.9665701015650785 -0.098344473428039078 -0.23538896673348728 3.5335772088798896 1.2003121096683242 0.095135426705802481 0.58838056580472697 1.7921979343826513 0.88145565578149432 2.4315126136044056 0.94849103470223606 1.0486107060480263 -0.5874797016894574
decision_type=2 10 8 2 8 2 2 2 2 2 10 2 2 2
left_child=3 2 -2 6 10 8 7 -1 -6 -3 11 -5 -13 -11
right_child=1 9 -4 4 5 -7 -8 -9 -10 13 -12 12 -14 -15
leaf_value=0.0074836302243272909 -0.01457474599814545 -0.012764638681650009 -0.0021290905125383188 -0.0072132176035657677 0.018486175917566405 -0.0088688889471585236 0.013150899615086097 -0.0010100050543435048 -0.0022113388093255837 0.0034552814783002689 -0.0073436009065297415 0.012295409580614482 0.0017933736833407382 -0.0016924139253122038
leaf_weight=1222.6182400081307 497.40036044653971 214.85197038401384 823.66558026941493 364.25109042972326 329.14315636828542 89.679915428161621 552.09574888460338 780.94898322597146 95.55529161542654 1366.9384586515444 391.52858635783195 309.26634292677045 7059.9049503095448 5295.480209954243
leaf_count=4737 3781 1781 5977 1702 1286 488 1892 2862 479 9748 1749 1340 30727 39951
internal_value=0.000806291 -0.00201242 -0.00696254 0.0028704 0.00186823 0.00977968 0.00621739 0.00419573 0.0139393 -0.00104411 0.00134459 0.00180226 0.00226621 -0.000629073
internal_weight=19393.3 8198.34 1321.07 11195 8639.33 514.378 2555.66 2003.57 424.698 6877.27 8124.95 7733.42 7369.17 6662.42
internal_count=108500 61238 9758 47262 37771 2253 9491 7599 1765 51480 35518 33769 32067 49699
is_linear=0
shrinkage=0.035


Tree=32
num_leaves=15
num_cat=0
split_feature=3 79 76 3 74 57 78 77 78 32 29 37 38 76
split_gain=87.4737 32.8587 32.3298 30.4069 26.588 22.4643 21.7757 20.7417 23.8393 20.5882 20.5846 29.6731 23.7132 19.6759
threshold=1.7732398701669501 7.6917923690141858 -0.91250937124466958 3.6666666666670991 2.3571078693083605 0.93333333333328661 -2.3666317366255454 4.0996431486929481 1.1254092559344375 0.063168264514085831 0.71065808350034154 1.1000152089651871 0.40540540540541237 -3.9041893477876597
decision_type=2 10 10 2 2 2 10 8 10 2 2 2 2 10
left_child=5 3 -3 13 7 6 9 -5 -9 10 -1 -12 -13 -2
right_child=1 2 -4 4 -6 -7 -8 8 -10 -11 11 12 -14 -15
leaf_value=0.011070008303413528 -0.0075438727971607437 -0.0072259681867638433 0.022112121754081584 -0.0036806335229262899 -0.012533107102240187 0.0089068339381306229 0.0037863771298350651 0.016440089359879746 -0.009254441375568476 -0.0053055529938683061 -0.011340886990007997 0.013355826755240668 -0.0036135844030045581 0.00026698562197701803
leaf_weight=236.7391783632338 399.55227990448475 56.675116392783821 119.92684465029743 3139.1115942194301 389.18814262584783 823.18183782696724 6056.4745792597532 114.3114775212016 50.367902350146323 685.02273258194327 193.0060959905386 180.09362404793501 190.01232941448689 6753.2169128246605
leaf_count=861 1990 312 760 28259 4724 3156 24235 1042 501 2876 769 679 678 37658
internal_value=0.000778157 -0.00126927 0.0129196 -0.00152366 -0.00409349 0.00347274 0.00285759 -0.00302987 0.00843016 -0.000930703 0.00285411 -0.000861172 0.00490513 -0.000189146
internal_weight=19386.9 11022.4 176.602 10845.7 3692.98 8364.53 7541.35 3303.79 164.679 1484.87 799.851 563.112 370.106 7152.77
internal_count=108500 75246 1072 74174 34526 33254 30098 29802 1543 5863 2987 2126 1357 39648
is_linear=0
shrinkage=0.035


Tree=33
num_leaves=15
num_cat=0
split_feature=3 79 76 76 77 77 35 74 33 78 29 9 78 78
split_gain=81.6251 36.6314 35.2204 40.6956 63.672 36.0327 52.8765 33.2436 30.7868 30.3893 36.9004 28.164 27.6949 32.6209
threshold=3.2778194236215468 5.6809284628524397 -3.9041893477876597 -0.1173816275296377 3.5335772088798896 0.1580809529064279 -0.040697153414280332 -1.6489190945943475 0.0068869327039270409 0.81536491499104102 0.96113955858247946 6.3380281690141818 -0.39775591630582785 -2.3666317366255454
decision_type=2 10 10 10 10 10 2 2 2 8 2 2 8 10
left_child=1 2 5 4 11 6 -1 -8 12 -3 -11 -4 13 -5
right_child=-2 9 3 8 -6 -7 7 -9 -10 10 -12 -13 -14 -15
leaf_value=0.02303792433728984 -0.0033574810282299247 0.020153991725196364 0.0061551331819965568 -0.0017425640006612088 0.021015894293300336 -0.014810001610217536 0.012957603898426557 -0.0093702266029948647 -0.0020329341680116932 0.012973673975252193 -0.011332974682944832 0.0012857498076152218 7.0868212293060897e-05 0.009311162336985911
leaf_weight=82.129303973168135 4519.4891972714904 224.1215576864779 2588.8098284676671 455.18343301303685 244.71990934386849 288.32590899243951 85.219365425407887 363.30201409384608 3493.5114509947598 162.48964465409517 112.55497465282679 3321.2082970347255 2342.7664204016328 1093.1955476179719
leaf_count=359 40235 993 7901 2139 1094 1207 343 1565 16609 683 475 18929 10980 4988
internal_value=0.000751717 0.00200452 0.00167175 0.00210029 0.00419724 -0.00529418 0.000226298 -0.00475589 0.000345973 0.0111435 0.00293284 0.00343229 0.00248126 0.00608087
internal_weight=19377 14857.5 14358.4 13539.4 6154.74 818.977 530.651 448.521 7384.66 499.166 275.045 5910.02 3891.15 1548.38
internal_count=108500 68265 66114 62640 27924 3474 2267 1908 34716 2151 1158 26830 18107 7127
is_linear=0
shrinkage=0.035


Tree=34
num_leaves=15
num_cat=0
split_feature=3 79 76 78 74 79 9 7 3 75 32 79 9 76
split_gain=78.5592 29.864 30.0027 28.792 36.4002 30.1408 36.1163 24.4888 23.6053 22.8138 22.0248 23.8781 30.7183 24.476
threshold=1.7732398701669501 7.6917923690141858 -0.91250937124466958 -2.9665701015650785 -0.38190017062326126 0.056769088896962173 5.8334814836483346 1.1151384489847447 4.1499819754864218 -3.3764701121820453 -0.39653033576297669 -0.400542486609403 11.847133757962199 -3.9041893477876597
decision_type=2 10 10 10 2 8 2 2 2 2 2 8 2 10
left_child=-1 3 -3 4 7 6 -6 -2 10 -9 -5 12 -12 -13
right_child=1 2 -4 8 5 -7 -8 9 -10 -11 11 13 -14 -15
leaf_value=0.0032803940359738223 0.018193115587351417 -0.0071512147453334863 0.021050371929032995 0.0037418264747123638 0.0047219804272111915 -0.0046804310047546061 -0.021443422966729474 0.018452838541420925 -0.0035335217865682836 -0.0037089077320972253 -0.0016283813203807889 -0.011212530670096687 -0.012915029319554953 0.0019520230646805209
leaf_weight=8365.394503634423 66.715008372906595 56.540753091685474 121.31159779999871 1783.3752412330359 71.226522570475936 661.53483537305146 333.97453337279148 43.050806703977287 2509.2838476792022 574.74879495380446 1475.064112432301 164.52295367047191 351.84139998815954 2791.5329942759126
leaf_count=33254 394 312 760 9907 255 4637 2689 304 24867 3692 7000 861 3297 16271
internal_value=0.000727863 -0.00121491 0.0122683 -0.00145861 -0.0055409 -0.0095235 -0.0168383 0.000759692 -0.000660431 -0.00163437 0.000444898 -0.000794857 -0.00391838 0.00114891
internal_weight=19370.1 11004.7 177.852 10826.9 1751.25 1066.74 405.201 684.515 9075.62 617.8 6566.34 4782.96 1826.91 2956.06
internal_count=108500 75246 1072 74174 11971 7581 2944 4390 62203 3996 37336 27429 10297 17132
is_linear=0
shrinkage=0.035


Tree=35
num_leaves=15
num_cat=0
split_feature=3 7 7 7 79 9 79 39 34 77 41 9 7 78
split_gain=73.1707 28.2224 28.604 42.2123 58.8567 42.0953 52.8023 39.8648 42.1847 31.0211 30.2965 29.8309 51.8189 53.0757
threshold=1.7732398701669501 0.88145565578149432 1.9820624195624317 1.7306655704871201 -0.75641594144395008 20.256320893536394 0.79873672264828188 -0.12713327120263992 -0.89954480273844906 0.20243642691018629 0.14092984271011796 18.901130498515368 2.3481039040253733 1.7712592494993513
decision_type=2 2 2 2 10 2 8 2 2 10 2 2 2 8
left_child=-1 -2 3 5 9 -3 -7 8 -6 10 -5 -4 -13 -14
right_child=1 2 11 4 7 6 -8 -9 -10 -11 -12 12 13 -15
leaf_value=0.0031653607385865976 -0.01115068013122316 -0.00071373538025295202 -0.0069649292081029168 0.0099007939459315013 0.025695528989707547 -0.024251793850491928 0.0060262559755942628 0.015265815590980348 -0.0031734139208129761 -0.010482383583512504 -0.011634497045821054 -0.011212826629996016 0.033767997982043531 -0.01392588265155446
leaf_weight=8366.6779939942062 316.84519569820259 7045.8815508996049 1394.6695481371135 263.31492838170379 53.694309516293288 184.23760755779222 97.538548183627427 636.57092187757371 372.84691117960028 335.9422723390162 92.784201915375888 91.284883396234363 81.849822103977203 26.961137048434466
leaf_count=33254 2472 43052 10172 1868 543 2785 1455 4119 2973 2272 679 1279 1204 373
internal_value=0.000702695 -0.00117372 -0.000857373 -9.40599e-05 0.00474988 -0.00126407 -0.0140661 0.00985128 0.0014488 -0.00314345 0.00396931 -0.00514973 0.00698546 0.0216231
internal_weight=19361.1 10994.4 10677.6 9082.81 1755.15 7327.66 281.776 1063.11 426.541 692.041 356.099 1594.77 200.096 108.811
internal_count=108500 75246 72774 59746 12454 47292 4240 7635 3516 4819 2547 13028 2856 1577
is_linear=0
shrinkage=0.035


Tree=36
num_leaves=15
num_cat=0
split_feature=3 79 78 29 76 76 77 76 78 79 77 35 74 77
split_gain=69.0674 35.4542 31.7707 36.6097 29.3464 39.2062 53.2323 39.6526 43.5802 41.1339 34.6151 47.3459 34.8534 31.3881
threshold=3.0526315789474521 5.6809284628524397 0.81536491499104102 0.9805307359410157 -3.9041893477876597 -0.06854837780897273 3.5335772088798896 0.066247095403994719 4.3931234780441279 -1.1692224408885086 0.1580809529064279 -0.040697153414280332 -1.6489190945943475 0.30097443613441782
decision_type=2 10 8 2 10 10 10 10 10 10 10 2 2 10
left_child=1 4 -3 -4 10 6 -6 9 13 -7 11 -1 -13 -9
right_child=-2 2 3 -5 5 7 -8 8 -10 -11 -12 12 -14 -15
leaf_value=0.022389558109683131 -0.0028349370807591876 0.02042704464674109 0.012272694138681844 -0.01246476356803358 0.0033103022694681208 0.0040750657155807953 0.019478068876665842 0.0039495089527366595 -0.014096840572955635 -0.016459919387557517 -0.014381400690019832 0.014209620899682042 -0.0090655317718523493 -0.0010289523620584935
leaf_weight=79.917588423937559 5047.2294850867183 215.97905378043652 164.12209330126643 102.30073111504316 5924.1808873601258 175.54218070209026 241.72743027284741 3083.2755819745362 208.72828982025385 314.34958758577704 277.63807673752308 81.207696907222271 349.54025901854038 3089.02834668383
leaf_count=344 43736 943 672 428 26514 709 1076 14456 908 1454 1146 325 1493 14296
internal_value=0.000678021 0.0019195 0.011058 0.00256692 0.00158512 0.00198375 0.00400507 0.000163477 0.000911263 -0.00923043 -0.00489333 0.00061273 -0.00424174 0.00146268
internal_weight=19354.8 14307.5 482.402 266.423 13825.1 13036.8 6165.91 6870.92 6381.03 489.892 788.304 510.666 430.748 6172.3
internal_count=108500 64764 2043 1100 62721 59413 27590 31823 29660 2163 3308 2162 1818 28752
is_linear=0
shrinkage=0.035


Tree=37
num_leaves=15
num_cat=0
split_feature=3 79 76 78 74 79 9 7 70 54 31 52 50 75
split_gain=65.7486 26.9499 27.7539 27.0024 34.3875 28.577 34.2294 23.111 22.4911 21.6753 25.8269 23.4717 22.4902 21.4973
threshold=1.7732398701669501 7.6917923690141858 -0.91250937124466958 -2.9665701015650785 -0.38190017062326126 0.056769088896962173 5.8334814836483346 1.1151384489847447 -0.5874797016894574 -0.14197257000007948 -0.2893471389898416 0.81256989868829765 0.82359128069379228 -3.3764701121820453
decision_type=2 10 10 10 2 8 2 2 2 2 2 2 2 2
left_child=9 3 -3 4 7 6 -6 -2 -5 10 -1 -12 -11 -9
right_child=1 2 -4 8 5 -7 -8 13 -10 12 11 -13 -14 -15
leaf_value=0.0076066480211321565 0.017679920597314373 -0.0070517294125383885 0.020022796140800134 0.0028397289223045649 0.004560599403315652 -0.0044993107551534531 -0.020926838716958669 0.017887882391910415 -0.0014685281223867901 0.0035731376282508668 0.0043214259898480033 -0.0026140341150939104 0.010902769332915346 -0.0035649527255052671
leaf_weight=550.44178903102875 67.186706370674074 56.377311221323907 122.64119588234462 1848.4683350686828 71.400116741657257 659.19099861895666 329.10778775764629 43.452162280678749 7209.677890716106 4426.8335595689714 830.90716805681586 1990.7438818588853 569.06205664947629 573.12841775442939
leaf_count=2062 394 312 760 12165 255 4637 2689 304 50038 17770 3391 7799 2232 3692
internal_value=0.00065546 -0.00112506 0.0116446 -0.00135782 -0.00532064 -0.00921069 -0.0163823 0.000798565 -0.000585036 0.002989 0.000813695 -0.00055567 0.00444817 -0.00153861
internal_weight=19348.6 10980.6 179.019 10801.6 1743.47 1059.7 400.508 683.767 9058.15 8367.99 3372.09 2821.65 4995.9 616.581
internal_count=108500 75246 1072 74174 11971 7581 2944 4390 62203 33254 13252 11190 20002 3996
is_linear=0
shrinkage=0.035


Tree=38
num_leaves=15
num_cat=0
split_feature=3 78 76 77 35 74 7 7 77 78 76 77 7 35
split_gain=62.5307 31.8605 26.5913 38.2592 42.892 34.3005 32.377 31.967 28.7923 28.4495 44.6987 43.9993 39.3651 39.384
threshold=3.2778194236215468 -2.3666317366255454 -3.9041893477876597 0.1580809529064279 -0.040697153414280332 -1.6489190945943475 0.88145565578149432 1.0024935857910224 3.1055581300035753 -0.20308662330379679 -0.31484115482246167 1.7711760113521409 1.5242347424117808 0.048040641250598835
decision_type=2 10 10 10 2 2 2 2 10 10 10 10 2 2
left_child=1 -1 3 4 -3 -6 -4 -8 -5 12 11 -11 13 -9
right_child=-2 2 6 8 5 -7 7 9 -10 10 -12 -13 -14 -15
leaf_value=-0.0015537110240572334 -0.0029810287176402421 0.022748821551157768 -0.0074524303212427428 -0.021146073330304046 0.015384351122465903 -0.0080688759121376914 0.01276760854355149 -9.7371133064873837e-06 0.0048094310153183103 0.0033780424012085242 -0.00096944835693410882 0.018312172189233738 0.0083359788010455797 0.015735650072962619
leaf_weight=2903.1120848674327 4481.3415243831623 77.609987441450357 337.13013900443912 180.73058999702334 78.573584090918303 325.6830729842186 400.11195228621364 1886.2308777943254 62.109575103968382 2133.768197350204 3828.4934996608645 255.16617858409882 2194.9012015294284 196.98654537647963
leaf_count=13423 40235 334 1760 710 312 1408 1833 8260 293 9472 17743 1186 10695 836
internal_value=0.000634375 0.00172717 0.00252499 -0.00389688 0.00188841 -0.00300003 0.0029455 0.00328029 -0.0146468 0.00289502 0.00137613 0.00511197 0.00508577 0.0016146
internal_weight=19341.9 14860.6 11957.5 724.707 481.867 404.257 11232.8 10895.7 242.84 10495.5 6217.43 2388.93 4278.12 2083.22
internal_count=108500 68265 54842 3057 2054 1720 51785 50025 1003 48192 28401 10658 19791 9096
is_linear=0
shrinkage=0.035


Tree=39
num_leaves=15
num_cat=0
split_feature=3 7 7 7 79 9 79 39 76 77 34 9 7 78
split_gain=59.2231 26.0245 26.5859 39.3559 54.5116 39.3271 50.7377 32.3232 38.3349 54.5825 38.0578 28.4716 48.9673 42.5322
threshold=1.7732398701669501 0.88145565578149432 1.9820624195624317 1.7306655704871201 -0.75641594144395008 20.256320893536394 0.79873672264828188 -0.12713327120263992 -0.72336605193611192 -0.40505029928404529 -0.89954480273844906 18.901130498515368 2.0960705444581236 2.130986469965626
decision_type=2 2 2 2 8 2 8 2 10 10 2 2 2 8
left_child=-1 -2 3 5 -5 -3 -7 10 -9 -10 -6 -4 -13 -14
right_child=1 2 11 4 7 6 -8 8 9 -11 -12 12 13 -15
leaf_value=0.0028284642548135103 -0.010700651082331715 -0.00064127052294666914 -0.0067066069953366772 -0.00438366174870482 0.023845685429075485 -0.023764857245140481 0.0059939319143565168 0.0014014763284292502 0.032816590467244375 0.0087047805273673326 -0.0025386531362287003 -0.021665973481823989 0.023828714265378498 -0.014202295368930425
leaf_weight=8368.3648365288973 313.89205240586307 7032.1313751242997 1386.8903618487529 550.24529837933369 59.1652887107266 180.53662906063255 97.557149596745148 233.41714540170506 184.88570477988105 310.62594243662897 417.64018631260842 38.636045523453504 128.74122208787594 32.811117211356759
leaf_count=33254 2472 43052 10172 3812 580 2785 1455 1437 1189 2055 3381 550 1848 458
internal_value=0.000614404 -0.00107708 -0.000774008 -3.84773e-05 0.00463621 -0.00117096 -0.0136235 0.00875685 0.0132948 0.0186255 0.00156346 -0.00492297 0.00692074 0.015391
internal_weight=19335.5 10967.2 10653.3 9066.2 1755.98 7310.23 278.094 1205.73 728.929 495.512 476.805 1587.08 200.188 161.552
internal_count=108500 75246 72774 59746 12454 47292 4240 8642 4681 3244 3961 13028 2856 2306
is_linear=0
shrinkage=0.035


Tree=40
num_leaves=15
num_cat=0
split_feature=3 79 78 75 29 78 76 77 77 7 7 6 74 35
split_gain=56.1372 30.2813 29.8187 28.9028 33.2105 27.2235 45.7982 29.3755 60.8307 43.8628 40.5274 36.6046 39.5443 33.7294
threshold=3.2778194236215468 5.6809284628524397 -2.3666317366255454 0.66139133795806404 0.94236788031025209 -0.33781808635143828 -0.31484115482246167 4.0996431486929481 2.167861061239718 1.3952684944467431 1.3952684944467431 1.7072054473405189 -3.6263743611355173 0.014285879807722201
decision_type=2 10 10 2 2 10 10 10 10 2 2 2 2 2
left_child=1 2 -1 -3 -5 7 -7 8 10 -10 -4 12 -12 -9
right_child=-2 3 5 4 -6 6 -8 13 9 -11 11 -13 -14 -15
leaf_value=-0.0018764690697735792 -0.002838937997041868 0.016147975806423555 0.00033284848318185332 0.010401310987255354 -0.016628196961258817 0.0040542812451174644 -0.0015648682215670827 0.028229410977105629 0.0075029903698485478 -0.017441958677602891 -0.014845719660531291 0.001361794196778398 0.011911942478563172 -0.0019991454317260507
leaf_weight=2842.2242082990706 4467.2042500292955 311.77454148232937 1413.8524036854506 114.19386000186205 75.239235762506723 3052.307454675436 4196.1236910969019 107.52982937917113 113.38322505354881 249.2871807217598 54.293291293084621 739.25297734513879 1526.55039713718 66.186652909964323
leaf_count=13173 40235 1337 6297 481 333 13533 19636 491 473 1242 315 3531 7105 318
internal_value=0.000593327 0.00162741 0.00132465 0.00991855 -0.000897015 0.0021164 0.000805995 0.00432655 0.00367645 -0.00965876 0.00501623 0.00784302 0.010819 0.0176949
internal_weight=19329.4 14862.2 14361 501.208 189.433 11518.8 7248.43 4270.34 4096.62 362.67 3733.95 2320.1 1580.84 173.716
internal_count=108500 68265 66114 2151 814 52941 33169 19772 18963 1715 17248 10951 7420 809
is_linear=0
shrinkage=0.035


Tree=41
num_leaves=15
num_cat=0
split_feature=3 70 39 4 26 0 11 30 23 49 61 78 35 37
split_gain=53.3517 24.6557 20.9597 23.2685 31.4215 30.1374 31.5528 23.7594 25.2573 21.814 20.8953 20.8552 22.196 20.6649
threshold=1.7732398701669501 -0.5874797016894574 -0.39022294728304668 12.833333333333334 0.026140954254914982 17.256095431969175 -0.18020765918399825 0.49767498762383533 -0.19427476396747148 0.76923076923073419 0.38888888888888812 -5.7190736881343023 0.028494667810923493 1.0717628243494872
decision_type=2 2 2 2 2 2 2 2 2 2 2 10 2 2
left_child=2 -2 -1 4 5 13 9 8 -8 -7 -9 12 -6 -4
right_child=1 -3 3 -5 11 6 7 10 -10 -11 -12 -13 -14 -15
leaf_value=0.012114687698495172 0.0022257471291715113 -0.0018755547070632599 0.004921538946446224 -0.0046038947266515444 -0.011495027842863107 0.01699165880033689 0.0096167815862713609 0.015433766847909307 -0.00041657509915758587 0.0012375193855046892 0.0044210274501613224 0.001641076760904036 0.0052627292827051794 -0.01524342697209009
leaf_weight=259.68566084653139 2242.4313539302748 8712.0530561228516 96.394769214093685 533.56715355068445 292.01580596715212 453.14397304877639 382.6529100947082 353.04840295016766 1292.1252694688737 143.66777824237943 541.59882248193026 3770.9609493985772 126.37532778829336 123.75050058960915
leaf_count=980 14705 60541 266 2151 1236 1467 1204 1383 4931 494 2508 15801 504 329
internal_value=0.000573449 -0.00103347 0.00267426 0.00234289 0.00284299 0.00533987 0.00621675 0.00446663 0.00196228 0.0133623 0.00900936 0.000808904 -0.00642416 -0.00673929
internal_weight=19323.5 10954.5 8368.99 8109.3 7575.73 3386.38 3166.24 2569.43 1674.78 596.812 894.647 4189.35 418.391 220.145
internal_count=108500 75246 33254 32274 30123 12582 11987 10026 6135 1961 3891 17541 1740 595
is_linear=0
shrinkage=0.035


Tree=42
num_leaves=15
num_cat=0
split_feature=3 78 76 76 76 77 79 75 34 35 7 6 78 7
split_gain=50.7103 31.1371 27.1047 35.238 50.8303 40.5863 36.1947 33.7848 30.1012 48.1777 30.4961 31.6937 27.3061 35.9231
threshold=2.7631461780005848 -7.8180718779674914 -3.9041893477876597 -0.06854837780897273 0.066247095403994719 3.5335772088798896 -1.2811947472624714 -1.9329894106539649 0.26124529695800452 0.024619708634689312 2.0184424689644795 2.434782608695726 2.6170579758188568 1.8619586912651542
decision_type=2 8 10 10 10 10 10 2 2 2 2 2 8 2
left_child=1 -1 7 5 6 8 -5 -3 10 -10 11 -4 -6 -14
right_child=-2 2 3 4 12 -7 -8 -9 9 -11 -12 -13 13 -15
leaf_value=-0.010988647270387515 -0.0021603697958235716 0.013948101446502732 0.0072164683253298084 0.0031513594833915215 0.0024842124711440434 0.018094642945026836 -0.016757179958539842 -0.0072719419031355122 -0.0054891650030345525 0.0052348008603824436 -0.0057231524287071891 -0.0085583553721905719 -0.00059812992547938386 -0.017357466462435328
leaf_weight=211.96334264241159 5852.4313659015388 87.582701995968819 3215.0915152002126 159.59320828318596 5157.2911451160908 231.95649652183056 315.03209223784506 653.94675627723336 937.70612378977239 1085.6805127114058 255.95544639229774 147.63052023202181 832.3996941652149 173.44849960878491
leaf_count=957 48987 353 13793 624 23288 1008 1457 2698 3959 4734 1438 699 3590 915
internal_value=0.000554965 0.00173659 0.00195636 0.00234345 0.000592637 0.00431319 -0.0102062 -0.00446513 0.00368469 0.000259868 0.00558773 0.00647741 0.00145458 -0.00377017
internal_weight=19317.7 13465.3 13253.3 12511.8 6637.76 5874.02 474.625 741.529 5642.06 2023.39 3618.68 3362.72 6163.14 1005.85
internal_count=108500 59513 58556 55505 29874 25631 2081 3051 24623 8693 15930 14492 27793 4505
is_linear=0
shrinkage=0.035


Tree=43
num_leaves=15
num_cat=0
split_feature=3 79 9 34 78 74 78 78 79 76 7 77 77 7
split_gain=47.7983 28.3953 28.1068 35.1032 34.7072 35.2323 29.7803 32.5525 33.3688 29.1021 34.6402 28.8441 41.0522 29.7339
threshold=3.2778194236215468 5.6809284628524397 6.3380281690141818 -0.8289656013311768 -3.3902669878620908 -0.50887386591945205 -0.46762274085181837 -0.92385050999685292 -0.400542486609403 -3.340133831502623 1.2375480646590453 0.30097443613441782 -3.2276858178005252 1.379503581985958
decision_type=2 10 2 2 8 2 8 10 8 10 2 10 10 2
left_child=1 2 3 -1 5 -4 7 8 -6 10 -5 12 -10 -14
right_child=-2 -3 4 9 6 -7 -8 -9 11 -11 -12 -13 13 -15
leaf_value=-0.0083915002050269933 -0.002640818778755129 0.0095118250176163145 0.0026509281046722694 0.0091917821987038198 -0.0038815665845304166 -0.013908339476783814 -0.0010724200618083899 0.0094543935162712568 -0.012111118481416378 0.0042554693753577349 -0.011032659927957876 -0.0021840829857865786 0.0014002036392141272 0.019976357754096782
leaf_weight=298.74154281243682 4447.9005711512218 501.67429404333234 241.39515437930822 132.89455956220627 878.39295908436179 404.17370336875319 4928.0309095419943 775.86910492554307 69.742305938154459 5491.9866693243384 313.77581316232681 349.51758435741067 157.71896333619952 319.91535454429686
leaf_count=895 40235 2151 1394 373 5028 2481 28177 4449 387 17142 992 2041 975 1780
internal_value=0.000534714 0.00148724 0.0011941 0.00295719 -0.000163359 -0.0078228 0.000516869 0.00357134 0.000923532 0.00355433 -0.00487938 0.00561153 0.0104908 0.0141452
internal_weight=19311.7 14863.8 14362.2 6237.4 8124.76 645.569 7479.19 2551.16 1775.29 5938.66 446.67 896.894 547.377 477.634
internal_count=108500 68265 66114 19402 46712 3875 42837 14660 10211 18507 1365 5183 3142 2755
is_linear=0
shrinkage=0.035


Tree=44
num_leaves=15
num_cat=0
split_feature=3 7 79 9 78 7 1 5 76 7 7 77 4 79
split_gain=45.6415 24.4536 24.3277 49.5158 38.8417 41.1188 38.1579 36.9729 33.142 31.0204 28.1128 34.8795 25.9022 27.4302
threshold=1.7732398701669501 0.88145565578149432 -0.1604194285411116 12.143621747939056 5.3155581534990182 2.0184424689644795 1.0221030980853991 1.7917594692280552 2.3880845929184908 2.4468380387690223 1.9410094088325394 0.1580809529064279 20.500000000000004 0.31794172712154573
decision_type=2 2 8 2 8 2 2 2 10 2 2 10 2 8
left_child=-1 -2 3 4 5 10 12 9 -8 -5 -3 -12 13 -4
right_child=1 2 6 7 -6 -7 8 -9 -10 -11 11 -13 -14 -15
leaf_value=0.0024585882681730726 -0.010338203430750122 0.00084500011481725623 0.0055207541852626092 -0.0086215092201662701 -0.017428381121382331 -0.010753322672606777 0.00335172575758884 -0.026362160702981648 0.018168999622582699 0.013627485669442834 0.034599604725955267 -0.0012727584517626875 -0.015076752741142903 -0.0016016141532354585
leaf_weight=8368.5509994365275 311.25204029749148 2755.62999348843 780.19558497611433 795.2483936496792 140.90823210775852 352.52615051018074 1345.8441868592054 120.01666791317984 197.46239466406405 66.863466546405107 48.884542132727802 61.468497576192021 131.7285456394311 3828.2930356861907
leaf_count=33254 2472 14802 5168 8748 785 2283 10955 1487 1760 810 267 361 882 24466
internal_value=0.000516114 -0.000972056 -0.000678776 -0.00268741 -0.000646611 0.0001912 0.000713194 -0.00951583 0.00545575 -0.00662608 0.00160261 0.0174886 -0.000847308 -0.000377185
internal_weight=19304.9 10936.3 10625.1 4341.55 3359.42 3218.51 6283.52 982.129 1543.31 862.112 2865.98 110.353 4740.22 4608.49
internal_count=108500 75246 72774 29543 18498 17713 43231 11045 12715 9558 15430 628 30516 29634
is_linear=0
shrinkage=0.035


Tree=45
num_leaves=15
num_cat=0
split_feature=3 7 79 7 36 7 7 37 78 76 76 7 77 77
split_gain=43.3634 38.9979 31.1927 55.0349 54.7777 58.7513 39.5188 34.7056 33.5553 54.448 45.1973 36.1722 35.492 34.9713
threshold=1.4062499999999856 0.88145565578149432 -0.1604194285411116 2.0184424689644795 0.0093112571324209976 1.8842385138739082 2.4468380387690223 1.0717628243494872 -1.0927755102892747 -0.6432096197090954 2.1832104325526074 1.4114119393337423 1.0111203544921117 1.3488175843773071
decision_type=2 2 8 2 2 2 2 2 10 10 10 2 10 10
left_child=-1 -2 3 4 8 7 -5 -6 9 -3 12 -12 -11 -10
right_child=1 2 -4 6 5 -7 -8 -9 13 10 11 -13 -14 -15
leaf_value=0.003218322011268638 -0.01117349414741547 0.0063695562125122094 0.0011876375461146553 -0.015839471959884069 -0.0026678933387220207 0.012534383776877647 0.002850633595000427 -0.013001999891123947 0.007563126014677209 -0.017769864005321684 0.027057038215539883 -0.0060500543712153042 0.0011638971810779199 -0.0033080579206240307
leaf_weight=5212.6104460805655 388.16544265614357 480.87424097023904 8125.4018541606492 529.41240046452731 809.72273876564577 175.60703096666839 178.02153996750712 788.70565396128222 1417.0005319916017 426.38059342303313 52.314639139920473 78.68383801728487 163.29617479490116 471.82109496259363
leaf_count=19252 2892 2834 51298 4070 4481 1069 1627 4661 8612 2684 228 566 1149 3077
internal_value=0.000497528 -0.000512496 -0.000194524 -0.00220717 -0.00086074 -0.0057282 -0.0111872 -0.00786467 0.0019523 -0.00259413 -0.00858569 0.00900391 -0.0126605 0.00484133
internal_weight=19298 14085.4 13697.2 5571.84 4864.41 1774.04 707.434 1598.43 3090.37 1201.55 720.675 130.998 589.677 1888.82
internal_count=108500 89248 86356 35058 29361 10211 5697 9142 19150 7461 4627 794 3833 11689
is_linear=0
shrinkage=0.035


Tree=46
num_leaves=15
num_cat=0
split_feature=3 79 75 29 76 75 76 77 33 33 7 38 74 34
split_gain=41.1265 26.196 27.0554 31.1584 25.9615 30.822 30.7155 51.6822 29.0652 27.251 26.8308 61.3847 33.829 25.6649
threshold=3.2778194236215468 5.6809284628524397 0.66139133795806404 0.94236788031025209 -3.9041893477876597 -1.9329894106539649 -0.1173816275296377 3.5335772088798896 0.0068869327039270409 -0.055595427256351256 1.573235922843599 0.46574926283765516 0.19948359930148707 0.23291602319110721
decision_type=2 10 2 2 10 2 10 10 2 2 2 2 2 2
left_child=1 4 -3 -4 5 -1 7 13 -8 -7 12 -12 -10 -6
right_child=-2 2 3 -5 6 9 8 -9 10 -11 11 -13 -14 -15
leaf_value=0.012052041619297684 -0.0024726523188228137 0.01508386913138072 0.0096168536984056752 -0.016564086494529177 0.0043251291119536291 0.00068067632031381623 0.0019987543659358321 0.01837219353152262 -0.0018897262938563435 -0.012986764773360752 -0.008086518286639947 0.0061660752221087377 -0.011766541571674768 -0.00044908292886248607
leaf_weight=96.272814575582743 4431.1877840192246 312.60686101391912 114.5115412324667 75.16418818384409 3748.7383936513215 297.56700766086578 3890.6348199155182 246.09312756732106 1312.5620074011385 420.33890999108553 560.59922746382654 1002.1517238430679 615.18332403711975 2170.1095593255013
leaf_count=407 40235 1337 481 333 17212 1279 18107 1094 5735 1788 3257 4764 2853 9618
internal_value=0.000479676 0.00136204 0.00906457 -0.00134842 0.00108039 -0.00491632 0.00144754 0.00326688 -7.6752e-05 -0.0074568 -0.00238839 0.00101572 -0.00513008 0.00257908
internal_weight=19293.7 14862.5 502.283 189.676 14360.3 814.179 13546.1 6164.94 7381.13 717.906 3490.5 1562.75 1927.75 5918.85
internal_count=108500 68265 2151 814 66114 3474 62640 27924 34716 3067 16609 8021 8588 26830
is_linear=0
shrinkage=0.035


Tree=47
num_leaves=15
num_cat=0
split_feature=3 7 79 7 9 78 74 7 7 74 36 37 79 78
split_gain=39.467 36.5528 28.9279 51.7167 51.9396 45.2618 41.6394 37.3349 33.6351 32.539 32.2863 32.4762 31.4844 30.3337
threshold=1.4062499999999856 0.88145565578149432 -0.1604194285411116 2.0184424689644795 20.256320893536394 -3.8930492992263015 -0.50887386591945205 2.4468380387690223 1.9410094088325394 1.0000000180025095e-35 0.0093112571324209976 1.0717628243494872 -0.86120654560521348 -0.53392086178109011
decision_type=2 2 8 2 2 10 2 2 2 2 2 2 10 10
left_child=-1 -2 3 4 5 6 12 -5 10 -10 -7 13 -3 -12
right_child=1 2 -4 7 -6 8 -8 -9 9 -11 11 -13 -14 -15
leaf_value=0.0030592904990432643 -0.010851846245383752 0.010980908886881639 0.0011368799601429815 -0.015422869278101995 -0.019544463114459894 0.0027270333453679515 -0.017684389094871161 0.002756556190846506 -0.0034174189769952011 0.026305796814359492 0.0085147946087597032 -0.0091467830879325696 -0.015909784939222897 -0.0051982060488508742
leaf_weight=5211.3858667872846 385.87075906887185 143.21347328135744 8127.0171131002135 524.98430982546415 155.16532827250194 2591.5159903927852 301.19483624445274 178.19604405667633 65.077332450542599 101.78485145885497 352.05369710118975 689.1210431358777 59.5415541944094 402.18178055714816
leaf_count=19252 2892 811 51298 4070 2334 15249 1953 1627 406 561 1823 3762 374 2088
internal_value=0.000463431 -0.000500554 -0.000193407 -0.00213358 -0.000830821 -0.000133653 -0.00983566 -0.0108671 0.00107107 0.0155885 0.000396779 -0.00376723 0.00236468 0.00125721
internal_weight=19288.3 14076.9 13691 5564.03 4860.85 4705.68 503.95 703.18 4201.73 166.862 4034.87 1443.36 202.755 754.235
internal_count=108500 89248 86356 35058 29361 27027 3138 5697 23889 967 22922 7673 1185 3911
is_linear=0
shrinkage=0.035


Tree=48
num_leaves=15
num_cat=0
split_feature=3 23 25 38 78 79 77 74 7 7 74 78 75 70
split_gain=37.445 27.9779 26.4763 25.7095 24.4373 31.8111 24.0096 32.6956 24.4453 23.9108 23.243 21.6978 27.8399 29.3791
threshold=2.2307692307692264 -0.23538896673348728 0.095135426705802481 0.58838056580472697 -2.9665701015650785 -0.098344473428039078 3.5335772088798896 1.2003121096683242 1.7921979343826513 1.4114119393337423 -4.4196514336716186 2.6170579758188568 3.2198182182808712 -0.5874797016894574
decision_type=2 2 2 2 10 8 8 2 2 2 2 10 2 2
left_child=1 2 3 -1 5 9 10 8 -8 -2 -3 12 13 -6
right_child=4 6 -4 -5 11 -7 7 -9 -10 -11 -12 -13 -14 -15
leaf_value=0.0061506255077749938 -0.0018839542683088712 -0.010815189824979818 0.011609960942517709 -0.0019127912164250351 0.0045167621152673327 -0.0014528311473053076 0.016291747623631742 -0.0096821184626241577 -0.0031171305086853522 -0.018332176314570094 0.00063681339731713391 -0.0057076966524324691 0.0094088259930823724 -0.0016939606839874871
leaf_weight=1224.3899870328605 169.96377877704799 203.2163419239223 552.81823650188744 780.60032086074352 1160.68888043263 812.07939195493236 329.1253460533917 89.639059480279684 95.500318508595228 304.53637669049203 7928.1709671523422 843.75719350971485 358.95995764341205 4429.6535158447514
leaf_count=4737 1278 972 1892 2862 8285 5977 1286 488 479 2503 34546 6309 2875 34011
internal_value=0.000445582 0.00175405 0.0049549 0.00302342 -0.00136862 -0.00575259 0.000797824 0.00798536 0.0119827 -0.012755 0.000324776 -0.000523868 0.000227987 -0.000392961
internal_weight=19283.1 11203.5 2557.81 2004.99 8079.64 1286.58 8645.65 514.265 424.626 474.5 8131.39 6793.06 5949.3 5590.34
internal_count=108500 47262 9491 7599 61238 9758 37771 2253 1765 3781 35518 51480 45171 42296
is_linear=0
shrinkage=0.035


Tree=49
num_leaves=15
num_cat=0
split_feature=3 7 79 7 9 78 74 7 7 76 74 36 37 75
split_gain=35.6145 34.3871 26.6491 48.1946 49.3059 41.147 39.4137 35.3518 31.4954 30.6101 30.2333 30.1559 30.4785 29.1994
threshold=1.4062499999999856 0.88145565578149432 -0.1604194285411116 2.0184424689644795 20.256320893536394 -3.8930492992263015 -0.50887386591945205 2.4468380387690223 1.9410094088325394 -0.1173816275296377 1.0000000180025095e-35 0.0093112571324209976 1.0717628243494872 -0.20513765250169563
decision_type=2 2 8 2 2 10 2 2 2 10 2 2 2 2
left_child=-1 -2 3 4 5 6 9 -5 11 -3 -10 -7 -13 -9
right_child=1 2 -4 7 -6 8 -8 13 10 -11 -12 12 -14 -15
leaf_value=0.0028958024053742145 -0.010553294024393121 0.013469290651230148 0.0010867061376643706 -0.014981749131950568 -0.019147264522090805 0.0026166541769454851 -0.017122055686103511 0.019174787468705864 -0.0033292201998722068 -0.011585131419918284 0.025283045892664759 0.0012003111197776792 -0.0088872298627330811 -0.0073778622851048215
leaf_weight=5210.2230655327439 383.75643752724864 113.59661424485967 8129.8162949194666 520.32646851416212 153.03121865866706 2594.0175348723496 297.34738101391122 60.961778262630105 64.965466869529337 88.615367777645588 102.85637574456632 754.53371562203392 686.61788552394137 117.26105423690751
leaf_count=19252 2892 658 51298 4070 2334 15249 1953 584 406 527 561 3911 3762 1043
internal_value=0.000429756 -0.000486402 -0.000189094 -0.00205374 -0.000798363 -0.00012269 -0.00941665 -0.0105147 0.00102134 0.00243519 0.0150319 0.000367379 -0.00366163 0.00272285
internal_weight=19277.9 14067.7 13683.9 5554.13 4855.58 4702.55 499.559 698.549 4202.99 202.212 167.822 4035.17 1441.15 178.223
internal_count=108500 89248 86356 35058 29361 27027 3138 5697 23889 1185 967 22922 7673 1627
is_linear=0
shrinkage=0.035


Tree=50
num_leaves=15
num_cat=0
split_feature=3 74 76 77 35 74 76 77 76 79 78 32 7 27
split_gain=34.5625 27.4515 27.2657 33.4279 36.3223 33.222 28.6747 39.4385 33.3622 45.4212 38.369 30.4996 32.629 29.3096
threshold=3.5299082568806663 2.3571078693083605 -3.9041893477876597 1.0000000180025095e-35 -0.040697153414280332 -1.6489190945943475 -0.1173816275296377 3.5335772088798896 0.066247095403994719 -0.66135526552939716 2.6170579758188568 0.29123053131938864 1.5555555555555292 -0.017296979339359895
decision_type=2 2 10 10 2 2 10 10 10 10 10 2 2 2
left_child=2 -2 3 4 -1 -6 7 -4 9 13 11 -10 -13 -8
right_child=1 -3 6 -5 5 -7 8 -9 10 -11 -12 12 -14 -15
leaf_value=0.019169867264223556 -0.0014943765587112873 -0.010946729843411352 0.0026378699661696709 -0.013366813924891146 0.013689282350805014 -0.0083648065740066658 0.014224912048732051 0.015955502627163259 0.0031168900169931684 -0.013246351064023394 -0.0071665801259325288 -0.0068713656765047497 0.0026626283148316922 -0.0058293054960649182
leaf_weight=85.328030157834291 3486.8102052079921 403.41202298679855 6321.127554807812 322.97644307464361 88.360257484018803 357.26607602462173 144.2456670794636 265.89829076454043 4774.8026200272143 476.67932255938649 641.9238440990448 892.42862514220178 833.06939280405641 178.28632603771985
leaf_count=370 31761 4968 29046 1367 359 1580 581 1209 22472 2265 2954 4211 4484 873
internal_value=0.000413616 -0.00252555 0.00115925 -0.00484908 0.000629346 -0.00359169 0.00151858 0.00322213 0.000101017 -0.00659009 0.00086606 0.00167886 -0.00229059 0.00344642
internal_weight=19272.6 3890.22 15382.4 853.931 530.954 445.626 14528.5 6587.03 7941.44 799.211 7142.22 6500.3 1725.5 322.532
internal_count=108500 36729 71771 3676 2309 1939 68095 30255 37840 3719 34121 31167 8695 1454
is_linear=0
shrinkage=0.035


Tree=51
num_leaves=15
num_cat=0
split_feature=79 78 77 74 76 3 7 76 77 35 74 7 74 41
split_gain=34.6766 40.8544 35.6357 58.0588 43.8121 35.5547 29.7387 28.0386 46.8112 37.7002 30.307 26.9233 28.9232 28.7352
threshold=5.6809284628524397 0.81536491499104102 4.0996431486929481 0.62856893378207834 -0.1173816275296377 3.6666666666670991 1.2375480646590453 -3.9041893477876597 0.1580809529064279 -0.040697153414280332 -1.6489190945943475 0.88145565578149432 -4.4196514336716186 0.22374275118307982
decision_type=10 8 8 2 8 2 2 10 10 2 2 2 2 2
left_child=2 -2 5 -4 -5 7 -3 8 9 -1 -11 13 -13 -9
right_child=1 6 3 4 -6 -7 -8 11 -10 10 -12 12 -14 -15
leaf_value=0.018887509698776377 0.017577473501168426 0.018461062690102312 0.012784504351819433 0.011336002527942883 -0.016918950549006901 -0.0034526950878438893 -0.0051318009081690666 -0.0029364908210212097 -0.017763554621516579 0.012433578024524338 -0.008452456885790563 -0.0087024953027804684 0.0014606643075579509 -0.025655282584229423
leaf_weight=86.866184063255787 288.5243263442535 63.750782681629062 603.18685017363168 89.482501504011452 161.50451828259975 3352.9541311109133 279.48332255892456 338.19224153459072 247.62035509198904 89.655920319259167 375.22393488883972 332.67625762149692 12891.663228176534 67.65651373937726
leaf_count=376 1497 254 3292 573 1171 32251 1488 1783 1037 366 1666 1822 60544 380
internal_value=0.000399255 0.00833486 0.000121602 0.00702076 -0.00675225 -0.00021731 2.54372e-05 0.000538225 -0.00575158 7.21269e-05 -0.00407771 0.000914988 0.00119224 -0.00775083
internal_weight=19268.4 631.758 18636.7 854.174 250.987 17782.5 343.234 14429.6 799.366 551.746 464.88 13630.2 13224.3 405.849
internal_count=108500 3239 105261 5036 1744 100225 1742 67974 3445 2408 2032 64529 62366 2163
is_linear=0
shrinkage=0.035


Tree=52
num_leaves=15
num_cat=0
split_feature=3 79 78 7 78 78 7 76 41 6 0 7 7 77
split_gain=33.1477 28.8788 40.2702 34.9141 34.4098 47.4588 40.548 35.842 34.9734 29.0366 29.0962 27.5655 34.8032 32.9762
threshold=1.1747340824358135 3.9165694068686498 -7.8180718779674914 0.88145565578149432 0.81536491499104102 0.29844515116949438 1.9410094088325394 -1.1059995345872011 -0.14790532823562982 1.5458578951716857 47.528517110265533 1.9820624195624317 1.7921979343826513 -0.75912386530956033
decision_type=2 8 10 2 8 10 2 10 2 2 2 2 2 10
left_child=-1 2 -2 -4 5 7 -6 -3 -9 -10 -11 12 -5 -14
right_child=1 4 3 11 6 -7 -8 8 9 10 -12 -13 13 -15
leaf_value=0.0041078269458751518 -0.010204999371148419 -0.0070675110814725044 -0.010123294350691599 -0.0001828630243088924 0.0026746495141557513 0.025705556027147802 -0.013674850293969882 -0.0055871145024852988 0.0042368256415340607 0.033429225106671415 0.0013393212406040275 -0.0039713303340913799 0.012731495836960299 0.0018170587146772851
leaf_weight=2523.8916275463998 511.59436810854822 200.61078714590985 417.38009192061145 10178.038549460951 1222.9866049010307 151.13713928079233 198.48994819028303 116.73100814037025 159.39291895274073 117.99807774554938 48.49883159995079 1893.6233278876171 491.34203742607497 1031.5465766265042
leaf_count=8752 3087 1095 2923 57576 6829 907 1397 719 913 600 285 13976 2958 6483
internal_value=0.000385381 -0.000180107 -0.000749217 -0.00038992 0.0035234 0.00925998 0.000233605 0.00473721 0.0101617 0.0157997 0.0252278 -7.66536e-05 0.000559344 0.00545786
internal_weight=19263.3 16739.4 14523.5 14011.9 2215.85 794.369 1421.48 643.232 442.621 325.89 166.497 13594.6 11700.9 1522.89
internal_count=108500 99748 87003 83916 12745 4519 8226 3612 2517 1798 885 80993 67017 9441
is_linear=0
shrinkage=0.035


Tree=53
num_leaves=15
num_cat=0
split_feature=78 74 77 7 77 76 35 39 78 78 7 77 79 75
split_gain=31.3993 35.8524 36.0021 57.7391 33.6583 49.5543 58.1992 46.3636 44.1739 31.7041 30.7046 31.8518 29.2433 37.5206
threshold=-2.3666317366255454 -0.38190017062326126 -2.0640263173581253 1.4114119393337423 4.0996431486929481 -1.0000000180025095e-35 -0.032792849467378662 -0.082885291192768176 -0.46762274085181837 -7.8180718779674914 1.5892592320327406 0.827656986720961 5.6809284628524397 0.66139133795806404
decision_type=10 2 10 2 10 10 2 2 10 8 2 10 8 2
left_child=1 10 3 -3 12 6 -6 8 -7 -4 -1 -12 -2 -14
right_child=4 2 9 -5 5 7 -8 -9 -10 -11 11 -13 13 -15
leaf_value=0.0050870502499239297 0.00031842883374221708 0.0075456446135678161 -0.018825315884450855 -0.027249832886736394 -0.012597536838794325 0.033192854451532736 0.026287063501275069 -0.0097807408092519168 0.00071069373646363084 -0.0023128298834844711 0.00094608397581038639 -0.016513647629359827 0.012602766035197303 -0.002374870143523011
leaf_weight=1017.8006765915779 13981.099663340727 72.484763823449612 135.79797090776265 178.24844529945403 45.398069623392075 59.610643831081688 230.1489202962257 224.72548996470869 146.70215038349852 1783.9981248617405 366.96907394216396 174.9253047676757 520.25749476521742 321.16827697167173
leaf_count=5059 78932 333 804 1098 288 379 1323 1205 1006 10573 2101 979 2740 1680
internal_value=0.00037309 -0.00250202 -0.00539124 -0.0173764 0.00106605 0.00842187 0.0194616 0.000814525 0.0121998 -0.0036629 0.00153607 -0.00507715 0.00070452 0.00696347
internal_weight=19259.3 3730.22 2170.53 250.733 15529.1 706.585 275.547 431.038 206.313 1919.8 1559.7 541.894 14822.5 841.426
internal_count=108500 20947 12808 1431 87553 4201 1611 2590 1385 11377 8139 3080 83352 4420
is_linear=0
shrinkage=0.035


Tree=54
num_leaves=15
num_cat=0
split_feature=3 77 74 76 33 79 76 7 77 35 7 77 78 79
split_gain=30.8158 26.6988 36.902 33.4391 31.0435 29.7594 29.5377 29.3385 34.1321 27.5753 27.2793 30.2281 35.4876 42.308
threshold=1.1747340824358135 4.0996431486929481 0.62856893378207834 -0.06854837780897273 0.080164937101993808 7.6917923690141858 -0.91250937124466958 0.94849103470223606 1.7711760113521409 -0.087402887301549909 1.0486107060480263 -3.2276858178005252 -1.0090140823013927 -2.2686320864170448
decision_type=2 8 2 10 2 10 10 2 10 2 2 10 10 8
left_child=-1 5 4 -4 -3 7 -7 -2 9 -9 -11 12 -12 -14
right_child=1 2 3 -5 -6 6 -8 8 -10 10 11 -13 13 -15
leaf_value=0.0039499414697930987 -0.0074903121909104886 0.016568085435923051 0.010445972238717334 -0.014822844622661563 -0.00097661857200844479 -0.0065630138246491714 0.017368386005658164 0.013099216862608934 -0.0050005574358126734 0.0079584493406754109 -0.014698429405491403 0.00023527433054023529 0.023398207969567417 -0.0040791283819041624
leaf_weight=2522.513546269387 723.00601619284134 363.74477506475523 87.000002253800631 145.35990566108376 179.05346443015151 77.128367353230715 194.35816743539181 181.10261871758848 1701.6643633840285 492.08631139714271 349.56148449843749 11557.300925052339 56.812610503286123 628.89360199985094
leaf_count=8752 4713 2108 581 1098 1045 395 1004 1218 10344 2767 2051 68504 324 3596
internal_value=0.000359749 -0.000185413 0.00607443 -0.00528366 0.0109516 -0.00049663 0.0105857 -0.000701617 -0.000364129 0.000237241 3.95003e-05 -0.000282082 -0.00595263 -0.00120396
internal_weight=19259.6 16737.1 775.158 232.36 542.798 15961.9 271.487 15690.4 14967.4 13265.8 13084.7 12592.6 1035.27 685.706
internal_count=108500 99748 4832 1679 3153 94916 1399 93517 88804 78460 77242 74475 5971 3920
is_linear=0
shrinkage=0.035


Tree=55
num_leaves=15
num_cat=0
split_feature=3 70 57 39 75 75 77 74 52 54 30 50 33 74
split_gain=29.6662 21.342 20.3496 19.4237 18.2015 17.9255 23.4069 17.8252 17.8649 18.1685 28.2048 22.6 18.7713 18.8647
threshold=1.7732398701669501 -0.5874797016894574 0.93333333333328661 -0.39022294728304668 -0.2673786766581811 6.0332873572128678 -0.19166819744403804 -4.4196514336716186 0.81256989868829765 -0.33862870473525591 0.27706627885243901 0.82359128069379228 0.26710090862111707 -2.4337636157681604
decision_type=2 2 2 2 2 2 10 2 2 2 2 2 2 2
left_child=2 4 3 -1 -2 -3 -7 -5 -9 10 -10 12 13 -11
right_child=1 5 -4 7 -6 6 -8 8 9 11 -12 -13 -14 -15
leaf_value=0.010610353106882181 0.0062697377210702825 -0.0018444348648188238 0.0070775516952332864 -0.010897854601524802 -0.00023147342122077486 -0.0029446230358118088 0.024586038928088656 0.0038313137766832843 0.0059207188178585649 -0.010215017563563673 -0.0052331271465408278 0.0077799655684172514 -0.0066250313972289416 0.0022558478560208038
leaf_weight=246.96013920381665 817.9573239910751 8532.8354874703218 822.29984784498811 131.48553896322846 1420.4097186651779 70.681554981507361 53.026453761383891 2221.1974515281618 333.31512107700109 139.58927341550589 1308.2501239255071 568.54316864162683 397.45240013673902 2192.1994697973132
leaf_count=935 5635 59582 3156 583 9070 552 407 8913 1241 637 5094 2183 1688 8824
internal_value=0.000348503 -0.000854463 0.00191429 0.00133388 0.00217872 -0.00164198 0.0106355 0.000991548 0.00123961 6.33886e-05 -0.00292436 0.00155929 0.000216257 0.00142878
internal_weight=19256.2 10894.9 8361.29 7538.99 2238.37 8656.54 123.708 7292.03 7160.55 4939.35 1641.57 3297.78 2729.24 2331.79
internal_count=108500 75246 33254 30098 14705 60541 959 29163 28580 19667 6335 13332 11149 9461
is_linear=0
shrinkage=0.035


Tree=56
num_leaves=15
num_cat=0
split_feature=78 74 77 7 77 76 35 39 78 78 70 76 38 79
split_gain=29.1039 33.5492 33.357 54.8466 30.0087 44.7345 54.5332 42.903 41.4101 29.972 29.0974 33.0048 28.3182 43.0252
threshold=-2.3666317366255454 -0.38190017062326126 -2.0640263173581253 1.4114119393337423 4.0996431486929481 -1.0000000180025095e-35 -0.032792849467378662 -0.082885291192768176 -0.46762274085181837 -7.8180718779674914 -0.14716850571293436 -1.1059995345872011 0.46574926283765516 0.87861205890535754
decision_type=10 2 10 2 10 10 2 2 10 8 2 10 2 8
left_child=1 10 3 -3 -2 6 -6 8 -7 -4 -1 -12 13 -11
right_child=4 2 9 -5 5 7 -8 -9 -10 12 11 -13 -14 -15
leaf_value=0.0068466163247422477 0.00066233913432671996 0.0073990678642462367 -0.018374393087411778 -0.026554319441893303 -0.012573225883208026 0.031792512125992149 0.024962351181359945 -0.0095168597109204535 0.00049423390432931809 -0.015248503450711678 0.0088950302141067358 -0.006432197226723663 0.0015584027648920496 0.0011052766107631801
leaf_weight=674.30663203063887 14817.845538755158 72.549687352962792 134.63486982043833 175.85961068980396 45.384381557814777 60.501025049947202 231.91430628020316 224.02319326158613 146.98250743211247 382.59758387110196 209.76426771003753 675.39117273315787 1018.3177839346463 381.09665127331391
leaf_count=3350 83352 333 804 1098 288 379 1323 1205 1006 2896 1078 3711 5091 2586
internal_value=0.000337446 -0.00243303 -0.00523329 -0.0168256 0.0010043 0.00793875 0.0183865 0.000707683 0.0116134 -0.00357261 0.00147172 -0.00268366 -0.00226279 -0.00726774
internal_weight=19251.2 3724.52 2165.06 248.409 15526.7 708.805 277.299 431.507 207.484 1916.65 1559.46 885.155 1782.01 763.694
internal_count=108500 20947 12808 1431 87553 4201 1611 2590 1385 11377 8139 4789 10573 5482
is_linear=0
shrinkage=0.035


Tree=57
num_leaves=15
num_cat=0
split_feature=79 78 3 7 4 29 76 23 13 17 77 74 77 7
split_gain=28.2925 37.0232 28.5326 27.9488 24.2727 23.8095 25.0005 23.0079 22.7417 22.4475 26.6389 31.033 29.3592 22.6086
threshold=5.6809284628524397 0.81536491499104102 2.3673469387755026 1.2375480646590453 1.5000000000000002 0.96113955858247946 -0.91250937124466958 -0.23538896673348728 1.9345878756091233 0.6143703271512041 3.5335772088798896 1.2003121096683242 2.4315126136044056 1.7921979343826513
decision_type=10 8 2 2 2 2 10 2 2 2 8 2 10 2
left_child=2 -2 7 -3 -4 6 -5 -1 -6 10 12 13 -9 -12
right_child=1 3 4 5 8 -7 -8 9 -10 -11 11 -13 -14 -15
leaf_value=0.0039971015143101807 0.016237008913150362 0.017443876905143711 -0.0042713337198206011 -0.014727029866508598 0.00094432990919211411 -0.016427393332767562 0.011332826466876618 0.00066928757706377878 -0.0061996190229631305 -0.007580846347156658 0.016608053782291018 -0.0090133649943777133 -0.0090984024990433295 -0.0025880504715071685
leaf_weight=2654.8573303613812 290.60528304416221 64.085667889565229 2691.3828153660288 47.384650005958974 3828.926511599966 113.67195383645594 118.72628277447075 7552.3330439068377 616.07107037209789 402.71411802992225 315.57156406342983 87.447144415229559 376.71789014339447 90.524930607527494
leaf_count=10031 1497 254 15277 299 36499 592 597 33384 4326 1834 1259 484 1707 460
internal_value=0.000325277 0.00747774 7.37496e-05 -0.000410359 -0.00166145 -0.00539089 0.00311527 0.00115341 -6.91472e-05 0.000290858 0.000684299 0.00840958 0.00018349 0.0124083
internal_weight=19251 634.474 18616.5 343.869 7136.38 279.783 166.111 11480.2 4445 8825.31 8422.59 493.544 7929.05 406.096
internal_count=108500 3239 105261 1742 56102 1488 896 49159 40825 39128 37294 2203 35091 1719
is_linear=0
shrinkage=0.035


Tree=58
num_leaves=15
num_cat=0
split_feature=78 74 77 7 7 77 7 79 78 77 76 35 39 78
split_gain=27.3446 31.3591 31.5568 52.2054 28.5732 29.9763 32.2494 31.1881 28.4057 27.3678 41.5284 51.2625 40.3847 38.8773
threshold=-2.3666317366255454 -0.38190017062326126 -2.0640263173581253 1.4114119393337423 1.5892592320327406 0.20243642691018629 2.0606557831480914 1.8345710587298472 -7.8180718779674914 4.0996431486929481 -1.0000000180025095e-35 -0.032792849467378662 -0.082885291192768176 -0.46762274085181837
decision_type=10 2 10 2 2 10 2 8 8 10 10 2 2 10
left_child=1 4 3 -3 -1 6 7 -6 -4 -2 11 -11 13 -12
right_child=9 2 8 -5 5 -7 -8 -9 -10 10 12 -13 -14 -15
leaf_value=0.004820159153081688 0.00063306183784898917 0.007174432325654745 -0.01793656625259879 -0.025980102992373643 -0.0004056762415260098 -0.013202934430728229 -0.01810692573896026 0.025373571024781341 -0.0022000244126053649 -0.012399454757711027 0.030597967726561367 0.02397663604239883 -0.0093317139785957879 0.00037402413954232104
leaf_weight=1018.9595479498385 14815.961806448242 72.720137743279338 133.55168522614986 173.95931319193915 164.37846868927591 256.83856477402151 51.693508150056005 67.903756322339177 1779.483743610559 45.23529487894848 61.218991522677243 232.87756779137999 223.46030324324965 146.9995111708995
leaf_count=5059 83352 333 804 1098 984 1364 357 375 10573 288 379 1323 1205 1006
internal_value=0.0003138 -0.00237375 -0.00508643 -0.0164012 0.00139916 -0.00498845 0.0028209 0.00854453 -0.00347283 0.000959879 0.00757746 0.0176251 0.000610381 0.011163
internal_weight=19245.2 3719.49 2159.71 246.679 1559.77 540.814 283.976 232.282 1913.04 15525.8 709.792 278.113 431.679 208.219
internal_count=108500 20947 12808 1431 8139 3080 1716 1359 11377 87553 4201 1611 2590 1385
is_linear=0
shrinkage=0.035


Tree=59
num_leaves=15
num_cat=0
split_feature=7 41 76 7 77 79 78 32 79 9 7 9 35 7
split_gain=27.3216 31.0397 32.2905 30.4358 36.9515 34.4306 37.9059 32.3381 31.8573 51.3714 38.6613 43.7533 55.1424 53.3311
threshold=0.88145565578149432 0.22374275118307982 -0.371655049841635 1.0486107060480263 -3.2276858178005252 -2.0493611989442457 -2.9665701015650785 -0.34778612022734284 1.0402161460285693 18.901130498515368 2.0184424689644795 20.256320893536394 -0.018624644875269672 1.6392167949513021
decision_type=2 2 10 2 8 8 8 2 8 2 2 2 2 2
left_child=1 2 -1 -2 5 6 -5 -7 10 -10 11 -6 13 -13
right_child=3 -3 -4 4 8 7 -8 -9 9 -11 -12 12 -14 -15
leaf_value=0.0088445594220969807 0.0063738392600188667 -0.024506655030939743 -0.0098023691077890693 -0.014409553691772398 0.00069574958030217747 0.0014707503474941856 0.018116346377311895 -0.011874118324552737 0.0020700806654803004 0.019549205542084471 -0.0059391687811195864 -0.013690400552105171 -0.025103501686840019 0.036589800593768665
leaf_weight=158.84983764030039 1011.6593398237601 85.076915535726584 296.91437848610803 46.618047436699271 9153.9005372874599 308.61524497484788 119.67469313833863 740.82223120972048 5535.2015864700079 194.43222524179146 1372.7488316292875 41.182913492433727 152.95686506351922 26.665692821610719
leaf_count=943 5306 593 1972 240 47834 1700 652 4149 28996 2620 9997 734 2360 404
internal_value=0.000302423 -0.00731 -0.00320466 0.000530109 0.00018915 -0.00564874 0.00843006 -0.00799559 0.000626214 0.00272916 -0.000497888 0.000309832 -0.0144181 0.00990192
internal_weight=19245.3 540.841 455.764 18704.5 17692.8 1215.73 166.293 1049.44 16477.1 5729.63 10747.5 9374.71 220.805 67.8486
internal_count=108500 3508 2915 104992 99686 6741 892 5849 92945 31616 61329 51332 3498 1138
is_linear=0
shrinkage=0.035


Tree=60
num_leaves=15
num_cat=0
split_feature=3 70 76 79 78 77 9 74 74 40 75 27 9 79
split_gain=27.0697 24.8942 20.269 33.7648 60.9361 41.7233 35.6608 27.6931 53.778 22.9405 25.2371 28.0967 22.8286 34.8717
threshold=1.1747340824358135 -0.4767217538412829 2.3880845929184908 0.87861205890535754 2.9103736686444606 -0.83810573093620755 11.31702990957117 0.19948359930148707 -0.66756112552533042 0.65859483017878218 -0.2673786766581811 0.0057346124650431178 6.4929494355980273 3.9165694068686498
decision_type=2 2 10 8 8 8 2 2 2 2 2 2 2 10
left_child=-1 -2 12 4 9 -5 7 8 -7 10 -4 -12 -3 -14
right_child=1 2 3 5 -6 6 -8 -9 -10 -11 11 -13 13 -15
leaf_value=0.0036582142934737994 0.0021014652492545799 0.0006396915653887785 -0.0043044137058310984 -0.010085461177155171 -0.028689887779552222 -0.0017259110220024746 0.030795208442134608 -0.0075754057398253654 0.032726179543915129 -0.013313836378169385 0.015813621288324562 -0.0014462938852602871 -0.0033149313919679057 0.0063571769257128197
leaf_weight=2519.5103405267 4212.1891931334467 3953.2528497377643 268.15533050149679 86.046204335987568 68.49079508241266 115.55111915105954 105.49446702818386 88.348945532925427 83.546233478933573 87.404615253675729 265.99216790357605 188.62780943140388 6731.5777905762952 471.49980142852291
leaf_count=8752 24158 13283 1760 537 448 560 1085 505 318 564 1554 1288 50494 3194
internal_value=0.000291183 -0.000219766 -0.00100319 0.00300566 -0.00109969 0.0102789 0.0150108 0.00759136 0.0143987 0.0018677 0.00401265 0.00889308 -0.00149555 -0.00266596
internal_weight=19245.7 16726.2 12514 1357.66 878.671 478.987 392.941 287.446 199.097 810.18 722.775 454.62 11156.3 7203.08
internal_count=108500 99748 75590 8619 5614 3005 2468 1383 878 5166 4602 2842 66971 53688
is_linear=0
shrinkage=0.035


Tree=61
num_leaves=15
num_cat=0
split_feature=3 41 7 76 77 39 79 76 74 78 7 37 7 7
split_gain=26.1004 24.138 30.056 23.9155 32.8588 33.209 47.1124 27.7146 44.5625 31.9846 45.6471 31.5021 30.9927 32.8244
threshold=3.6666666666670991 -0.54589727527922738 1.3110529453021951 -3.9041893477876597 1.0000000180025095e-35 -0.18248531554734737 -2.0493611989442457 -1.8220725092015082 -1.0000000180025095e-35 2.6170579758188568 1.8619586912651542 1.1000152089651871 0.88145565578149432 1.1470649507679544
decision_type=2 2 2 10 10 2 8 10 2 8 2 2 2 2
left_child=3 2 -2 4 5 -1 -7 8 11 12 -11 -5 -9 -14
right_child=1 -3 -4 7 -6 6 -8 9 -10 10 -12 -13 13 -15
leaf_value=0.015116297415990805 -0.010753683995501383 -0.0030987125484354416 0.01644667612964874 0.003451219252974199 -0.013115716318368489 0.019959780939472382 -0.0093925708628163993 -0.0089580576996143042 -0.00052767560982546759 -0.00088262222512819376 -0.014362596457475594 0.016978580093551035 0.0071818391995153216 0.0010933674021036757
leaf_weight=125.75801541656256 54.630080776289105 3419.2633658662817 148.16464350888418 399.16552179120481 325.60228353738785 62.457802567631006 348.48267230018973 318.89598753675818 791.39247706905007 1844.7418620046228 350.09840416163206 459.28839323483407 1208.3520299997181 9385.4374463707209
leaf_count=554 524 32875 1572 1684 1396 247 1554 1720 3831 8268 1932 1969 5362 45012
internal_value=0.000281673 -0.00238714 0.0088117 0.000902806 -0.00469756 0.000697256 -0.00421209 0.00123596 0.00548321 0.00069382 -0.00314309 0.0109104 0.00146987 0.00180006
internal_weight=19241.7 3622.06 202.795 15619.7 862.301 536.698 410.94 14757.4 1649.85 13107.5 2194.84 858.454 10912.7 10593.8
internal_count=108500 34971 2096 73529 3751 2355 1801 69778 7484 62294 10200 3653 52094 50374
is_linear=0
shrinkage=0.035


Tree=62
num_leaves=15
num_cat=0
split_feature=78 74 77 7 79 78 76 75 75 40 79 70 76 77
split_gain=25.5418 28.9703 29.3303 49.449 27.4507 37.46 35.9335 33.5574 30.7769 34.9601 28.3949 26.7065 30.1594 25.5435
threshold=-2.3666317366255454 -0.38190017062326126 -2.0640263173581253 1.4114119393337423 0.72420063283549629 -3.3902669878620908 -1.3564167595228569 0.79786781381094141 0.20064582385717852 0.25088236315092755 1.5542874568597449 -0.14716850571293436 -1.1059995345872011 4.0996431486929481
decision_type=10 2 10 2 8 10 10 2 2 2 10 2 10 10
left_child=1 11 3 -3 5 -4 7 -6 -7 -10 -8 -1 -13 -2
right_child=13 2 4 -5 6 8 10 -9 9 -11 -12 12 -14 -15
leaf_value=0.0064382154817668475 0.0005807244926622991 0.006983529170238258 -0.012674370682952128 -0.02531984494185657 0.00039434517738376804 -0.010077534552462934 0.0012026717519083203 0.028989771736266517 -0.0038017348851650586 0.022872215884687953 -0.014197700538655265 0.0083615580809651893 -0.0062814800642813319 0.0072860771350152726
leaf_weight=675.89513054664712 14811.69116852805 72.849345406517386 603.46354043646716 171.69933692412451 106.79517672024667 146.80397254682612 592.17899597622454 75.937384965829551 111.55701923719607 99.452084742486477 173.80249396618456 210.42901050904766 673.56728754076175 710.59966347063892
leaf_count=3350 83352 333 3766 1098 601 957 3533 376 625 549 970 1078 3711 4201
internal_value=0.00027244 -0.002327 -0.00493919 -0.0158964 -0.00338607 -0.00749125 0.000842255 0.0139652 0.00145844 0.00966191 -0.00256405 0.00129784 -0.00268794 0.000896672
internal_weight=19236.7 3714.43 2154.54 244.549 1909.99 961.277 948.714 182.733 357.813 211.009 765.981 1559.89 883.996 15522.3
internal_count=108500 20947 12808 1431 11377 5897 5480 977 2131 1174 4503 8139 4789 87553
is_linear=0
shrinkage=0.035


Tree=63
num_leaves=15
num_cat=0
split_feature=3 7 26 48 11 77 32 78 54 76 79 36 7 76
split_gain=25.0879 25.9406 23.0043 31.2874 23.6505 23.899 26.009 23.3936 22.572 21.9882 21.9847 43.3676 36.6435 31.8011
threshold=1.4062499999999856 0.88145565578149432 0.026140954254914982 1.3089178404877175 0.040988475674457563 -2.8320422598442576 -0.10664892980079839 -4.5955548660223462 -0.33862870473525591 -2.0314582157079459 -0.1604194285411116 0.0093112571324209976 2.0184424689644795 -1.6495330261439707
decision_type=2 2 2 2 2 10 2 10 2 10 8 2 2 10
left_child=2 9 3 4 5 -1 -7 -4 -5 -2 11 12 13 -3
right_child=1 10 7 8 -6 6 -8 -9 -10 -11 -12 -13 -14 -15
leaf_value=-0.0048348032825445324 0.011739477789130773 0.00931311327718733 -0.0084707599101431115 -0.011044440114337854 0.0021870993260237966 0.0076250817289221142 0.019976624841816986 0.0013305219789070625 0.0029334263635485435 -0.012231004709596881 0.00090699033580707506 -0.005924455607997977 -0.0096719434422964917 6.9654049316047713e-05
leaf_weight=105.59301401302218 37.819108227267861 535.15800880454481 319.30988280102611 205.45565302297473 767.13096879422665 671.1101013161242 318.23202925175428 2449.0805051699281 363.99397880956531 337.58572152548004 8130.3083489930723 2073.6915421939921 369.15423353970982 2552.8869083149766
leaf_count=338 231 3180 1259 696 3058 2208 983 9513 1197 2661 51298 12735 3173 15970
internal_value=0.000263139 -0.000506596 0.00233494 0.00480405 0.00698213 0.0102421 0.0119152 0.00014738 -0.00231337 -0.00934452 -0.000250427 -0.00194895 0.000455994 0.00172117
internal_weight=19236.5 14036.6 5199.91 2431.52 1862.07 1094.94 989.342 2768.39 569.45 375.405 13661.2 5530.89 3457.2 3088.04
internal_count=108500 89248 19252 8480 6587 3529 3191 10772 1893 2892 86356 35058 22323 19150
is_linear=0
shrinkage=0.035


Tree=64
num_leaves=15
num_cat=0
split_feature=79 78 7 3 29 76 75 76 7 78 78 35 78 76
split_gain=24.4897 34.4792 26.3765 23.8976 22.2948 28.4323 21.4346 24.0188 28.0388 23.5325 21.2316 19.6548 19.4509 19.2786
threshold=5.6809284628524397 0.81536491499104102 1.2375480646590453 2.7631461780005848 1.0437947706646979 -0.91250937124466958 -3.9040060747723815 1.0000000180025095e-35 1.2375480646590453 0.15924156162065214 -7.8180718779674914 -0.026414780090742832 1.3507456051864175 -3.9041893477876597
decision_type=10 8 2 2 2 10 2 10 2 8 8 2 10 10
left_child=3 11 -3 10 5 -4 7 -5 -9 -10 -1 -2 -7 -12
right_child=1 2 4 6 -6 12 -8 8 9 -11 13 -13 -14 -15
leaf_value=-0.0097768670054813669 0.00084590564709673491 0.016630337849953533 -0.016219545628158284 -0.0039888338463905573 -0.017963251600701786 -0.0053018711127148701 -0.0022967403480981092 -0.0085838249986185441 0.0051389587633644861 0.043782548915546615 -0.0044421497891256444 0.020729972556021409 0.019299963938510665 0.0013653209439019962
leaf_weight=206.76421674713492 85.703051107004285 64.339225662872195 54.782219721935689 84.917408722452819 91.305213876068592 53.13682166300714 5420.4065032797953 23.387316307984293 39.428609224269167 34.122555468689825 724.00981535390019 206.408829152002 80.640795426443219 12062.399426929653
leaf_count=954 451 254 336 898 484 276 45691 212 474 365 3001 1046 392 53666
internal_value=0.000254051 0.00689868 -0.000700556 1.95108e-05 -0.00552827 0.00163823 -0.00188734 0.00933387 0.0196907 0.0285942 0.000843323 0.0153242 0.0101094 0.00103006
internal_weight=19231.8 636.316 344.204 18595.4 279.865 188.56 5602.26 181.856 96.9385 73.5512 12993.2 292.112 133.778 12786.4
internal_count=108500 3239 1742 105261 1488 1004 47640 1949 1051 839 57621 1497 668 56667
is_linear=0
shrinkage=0.035


Tree=65
num_leaves=15
num_cat=0
split_feature=3 70 4 1 12 76 75 75 78 79 60 48 33 79
split_gain=23.3951 22.8048 19.7134 31.8023 21.7957 18.8689 31.981 36.6848 33.5512 44.1822 24.812 20.9988 23.6375 30.4399
threshold=1.1747340824358135 -0.4767217538412829 1.1666666666666667 0.90533789787683971 -0.35722582487179727 2.3880845929184908 -3.3764701121820453 -0.2673786766581811 -0.46762274085181837 2.0006796336056309 1.3001545876461769 0.71554175279997156 0.0068869327039270409 3.9165694068686498
decision_type=2 2 2 2 2 10 2 2 8 8 2 2 2 8
left_child=2 -2 3 -1 -4 11 -7 8 -8 -10 -9 -3 -13 -14
right_child=1 5 4 -5 -6 6 7 10 9 -11 -12 12 13 -15
leaf_value=-0.0039437220770036441 0.0019925300911440764 0.0013636870274374646 0.011596179483995137 0.016509679662770282 0.00066507197780773782 0.02666381151078831 0.0055012731822890459 0.0021255894062592508 -0.021485565579451884 0.0090911150996520543 0.015303792960454397 -0.00055604547678095415 -0.0054175234223251432 0.0034163223007652559
leaf_weight=125.66023882478476 4212.6659545241419 2497.0939155096421 234.09826768189669 278.95903703942895 1877.889369096607 46.073949872516096 164.72306899307296 658.60787463048473 200.28819977492094 65.725093774497509 222.58915789914317 4614.2501002241333 3487.9322314440506 539.2971435924992
leaf_count=230 24158 15204 648 643 7231 323 1154 4058 1275 391 1418 27748 20976 3043
internal_value=0.000246557 -0.000228635 0.00337856 0.010271 0.00197412 -0.000979389 0.00288771 0.00166488 -0.00651704 -0.0138234 0.00572014 -0.00145519 -0.00227102 -0.00422352
internal_weight=19225.9 16709.2 2516.61 404.619 2111.99 12496.6 1358.01 1311.93 430.736 266.013 881.197 11138.6 8641.48 4027.23
internal_count=108500 99748 8752 873 7879 75590 8619 8296 2820 1666 5476 66971 51767 24019
is_linear=0
shrinkage=0.035


Tree=66
num_leaves=15
num_cat=0
split_feature=78 74 77 7 7 77 78 75 75 0 77 79 76 78
split_gain=23.6471 26.94 27.5489 47.1291 26.0655 28.3309 25.5546 25.7691 33.9698 32.6787 36.4873 26.6362 29.815 43.3879
threshold=-2.3666317366255454 -0.38190017062326126 -2.0640263173581253 1.4114119393337423 1.5892592320327406 0.827656986720961 -7.8180718779674914 0.24993611857488016 -0.60615483010319215 75.455627246900249 -0.61149274182031654 -5.2310245385590646 -0.06854837780897273 -3.3902669878620908
decision_type=10 2 10 2 2 10 8 2 2 2 10 8 10 8
left_child=1 4 3 -3 -1 -6 -4 8 -8 10 -10 -9 -13 -14
right_child=-2 2 6 -5 5 -7 7 11 9 -11 -12 12 13 -15
leaf_value=0.0044929217549679063 0.00084069989321985386 0.0068292549061231634 -0.01709867455092165 -0.024736846818236295 0.0007876503773379946 -0.015745967999761506 0.0012940861550609533 -0.018082542534157049 0.0026664299218771663 0.0075579827544252562 -0.022163468391434335 0.0096153958125882056 -0.018465990793014607 0.0043472261474071317
leaf_weight=1020.4013068532804 15514.684592655824 72.96870506927371 131.54439261602238 169.70037291850895 366.81482693599537 172.73717783251777 376.80787428817712 56.022565206512809 88.831689165905118 70.394121315330267 296.95275571290404 451.75693818018772 129.81854794733226 304.07372944103554
leaf_count=5059 87553 333 804 1098 2101 979 2517 317 494 425 1780 2484 834 1722
internal_value=0.000240146 -0.00226312 -0.0047873 -0.0154479 0.0012306 -0.00487919 -0.00328385 -0.00208071 -0.00649234 -0.0127082 -0.0165964 0.00187561 0.00350953 -0.0029913
internal_weight=19223.5 3708.83 2148.87 242.669 1559.95 539.552 1906.2 1774.66 832.986 456.179 385.784 941.672 885.649 433.892
internal_count=108500 20947 12808 1431 8139 3080 11377 10573 5216 2699 2274 5357 5040 2556
is_linear=0
shrinkage=0.035


Tree=67
num_leaves=15
num_cat=0
split_feature=9 78 74 36 79 78 78 78 7 7 9 7 7 40
split_gain=22.9393 31.2158 45.4323 29.5489 26.067 47.0178 32.973 45.9481 32.3852 31.3411 33.7412 31.5677 30.7463 34.001
threshold=6.4929494355980273 -3.3902669878620908 -0.50887386591945205 0.080100199515182297 3.9165694068686498 5.3155581534990182 0.81536491499104102 0.099519269410696456 0.88145565578149432 1.9820624195624317 18.901130498515368 2.0960705444581236 1.4358974358973762 -0.74002745522718272
decision_type=2 8 2 2 8 8 8 10 2 2 2 2 2 2
left_child=3 2 -2 -1 5 8 7 -6 -3 12 -11 -12 -10 -14
right_child=1 4 -4 -5 6 -7 -8 -9 9 10 11 -13 13 -15
leaf_value=0.0014442009538030965 0.0032264050268949961 -0.011293615857848847 -0.01288086788372347 0.018087948971597542 0.0038957146752252952 -0.012124647399951031 0.0002585605715735518 0.026297459985918276 -0.0015292697319018544 -0.0065077604773476913 -0.016308125583380882 0.016420355071663961 0.014855397568149121 0.0021615701839056253
leaf_weight=7345.7319138611201 330.00781099498272 299.81850208889227 559.22169358353131 113.25670395419002 369.14126754074823 416.27750490419567 1002.6190561144613 146.94111054332461 3223.9554350405233 1296.3090013791807 29.495569846127182 136.78080585272983 259.16240041644778 3694.538195557092
leaf_count=24127 2259 2428 4366 373 2430 3035 6955 977 22201 9426 461 1920 2336 25206
internal_value=0.000228737 -0.000733715 -0.00696371 0.00174461 -0.000212453 -0.000904959 0.00401021 0.0110172 -0.000356638 4.80834e-05 -0.00458591 0.00948707 0.00100247 0.00306422
internal_weight=19223.3 11764.3 889.23 7458.99 10875 9356.34 1518.7 516.082 8940.06 8640.24 1462.59 166.276 7177.66 3953.7
internal_count=108500 84000 6625 24500 77375 67013 10362 3407 63978 61550 11807 2381 49743 27542
is_linear=0
shrinkage=0.035


Tree=68
num_leaves=15
num_cat=0
split_feature=3 5 78 77 35 29 76 29 6 10 30 6 74 78
split_gain=22.4974 24.8853 23.29 29.7544 34.3798 50.454 48.216 44.8719 33.7089 28.1466 27.607 26.958 26.6102 26.4875
threshold=4.7704350842203169 3.1780538303479462 -2.158622881025889 -3.7682715235917459 0.0092604824997415472 0.66354631834547795 -0.1635236340508644 0.94236788031025209 1.2505902879809245 0.059815295965906561 0.51111111111110075 1.3214285714285863 0.25788588740640539 -0.13669689925010695
decision_type=2 2 10 8 2 2 10 2 2 2 2 2 2 10
left_child=1 2 3 -1 8 -6 7 -7 -5 11 12 -10 -8 -4
right_child=-2 -3 13 4 5 6 10 -9 9 -11 -12 -13 -14 -15
leaf_value=-0.015530856772807945 -0.0030524658244704293 -0.012906203003660516 0.0033271360514991882 -0.013184923707094672 0.014956986085365772 -0.0060884932389164538 0.0073751372065586065 0.013453699789037467 0.018534173706745361 -0.0072022219041111965 -0.017773597918170313 5.5868283577771719e-05 -0.012676185547424218 0.00015211742542790076
leaf_weight=161.31520330533385 2248.6593109374444 144.14568137377501 5470.7058726269752 366.44306434318423 321.10875341109931 214.98216867260635 170.44485567510128 364.94438026845455 88.224302165210247 655.19028217159212 199.19938162714243 910.70865235477686 121.40094466693699 7783.6382074542344
leaf_count=773 24477 1003 27139 1796 1747 1007 835 1644 407 3494 1161 4276 691 38050
internal_value=0.000221507 0.000658353 0.000789725 -0.00171116 -0.000971227 0.00323379 -0.00049093 0.00624783 -0.0038716 -0.00167552 -0.00838249 0.00201961 -0.00124378 0.00146564
internal_weight=19221.1 16972.5 16828.3 3573.96 3412.65 1392.08 1070.97 579.927 2020.57 1654.12 491.045 998.933 291.846 13254.3
internal_count=108500 84023 83020 17831 17058 7085 5338 2651 9973 8177 2687 4683 1526 65189
is_linear=0
shrinkage=0.035


Tree=69
num_leaves=15
num_cat=0
split_feature=77 74 76 35 3 74 76 77 35 74 32 79 77 77
split_gain=22.173 43.0944 38.8301 27.1707 25.1283 30.7657 25.5036 41.7523 32.6423 27.9857 27.2282 49.351 37.0172 38.1068
threshold=4.0996431486929481 0.62856893378207834 -0.1173816275296377 -0.059440892442140326 3.6666666666670991 -4.4196514336716186 -3.9041893477876597 0.1580809529064279 -0.040697153414280332 -1.6489190945943475 0.063168264514085831 5.6809284628524397 1.2237560131093421 -2.2703851938998301
decision_type=8 2 10 2 2 2 10 10 2 2 2 8 10 10
left_child=4 3 -3 -2 5 -1 7 8 -7 -10 11 -8 13 -12
right_child=1 2 -4 -5 -6 6 10 -9 9 -11 12 -13 -14 -15
leaf_value=-0.0091661225835209213 -0.012010622518221175 0.010062047573827693 -0.016102813973594029 0.012473586414081854 -0.0027498387775151075 0.017950746068570885 0.001553567211933906 -0.016591697825717802 0.01310250107834769 -0.0075731157048153867 -0.007327992239578745 0.010431465905936511 -0.0064462088979429467 0.0018833022410523117
leaf_weight=367.44897675141692 45.40955666359514 96.33336871303618 159.17600420885719 583.82895014807582 3416.5000556379528 85.35495189204812 6992.1727067269385 245.40601406246424 81.111309435218573 381.3356287740171 611.88274129852653 843.2836392428726 1067.2585007976741 4241.2816470582038
leaf_count=1991 252 603 1172 3178 33104 370 32385 1042 313 1698 3055 3820 5215 20302
internal_value=0.000212543 0.00556135 -0.00622369 0.0103911 -5.13682e-05 0.000569547 0.000827675 -0.00519779 0.000311112 -0.00355386 0.00118216 0.00253317 -0.000608348 0.000696642
internal_weight=19217.8 884.748 255.509 629.239 18333 14916.5 14549.1 793.208 547.802 462.447 13755.9 7835.46 5920.42 4853.16
internal_count=108500 5205 1775 3430 103295 70191 68200 3423 2381 2011 64777 36205 28572 23357
is_linear=0
shrinkage=0.035


Tree=70
num_leaves=15
num_cat=0
split_feature=7 41 76 7 77 79 78 32 5 76 78 76 76 13
split_gain=21.6364 29.8115 29.4534 26.961 32.0878 32.5451 33.8805 30.0846 29.2631 51.7677 29.1907 26.1553 38.6197 44.7525
threshold=0.88145565578149432 0.22374275118307982 -0.371655049841635 1.0486107060480263 -3.2276858178005252 -2.0493611989442457 -2.9665701015650785 -0.1285926420425991 3.1780538303479462 -0.371655049841635 -3.3902669878620908 -3.9041893477876597 -1.4968357681807996 0.37982309634237615
decision_type=2 2 10 2 8 8 10 2 2 10 8 10 10 2
left_child=1 2 -1 10 5 6 -5 -7 11 -10 -2 -6 13 -13
right_child=3 -3 -4 4 8 7 -8 -9 9 -11 -12 12 -14 -15
leaf_value=0.0088743766723580007 -0.0115110899545112 -0.023597299777626889 -0.0089798647352183469 -0.013166699186747033 -0.0058868684786095356 -0.0012799949216603689 0.017562123172733188 -0.013136966481204949 0.018780432196480762 -0.022010111081536391 0.0077934645932423623 -0.0073596928677066298 0.00024258895739316075 0.0071555139493214657
leaf_weight=158.36710773874074 89.099673581775278 83.351661638123915 292.79340843157843 47.262086546048522 696.8008993761614 493.89173349400517 118.55205947626382 550.3688731866423 33.270702226087451 140.04375246437849 923.24749422306195 284.10017316788435 13388.277861904658 1913.5737906403374
leaf_count=943 437 593 1972 247 3620 2702 645 3147 263 1474 4869 1669 75930 9989
internal_value=0.000204647 -0.00660899 -0.00260197 0.00040649 8.51196e-05 -0.005368 0.00832901 -0.00765855 0.000492137 -0.0130468 0.00590432 0.000652075 0.000951581 0.00522964
internal_weight=19213 534.512 451.161 18678.5 17666.1 1210.07 165.814 1044.26 16456.1 173.314 1012.35 16282.8 15586 2197.67
internal_count=108500 3508 2915 104992 99686 6741 892 5849 92945 1737 5306 91208 87588 11658
is_linear=0
shrinkage=0.035


Tree=71
num_leaves=15
num_cat=0
split_feature=3 70 4 1 23 78 37 76 79 78 77 9 74 74
split_gain=21.1334 21.04 18.3456 29.9337 21.2344 21.5055 18.8566 17.8149 30.4694 56.6706 38.3771 33.0001 25.7213 50.1409
threshold=1.1747340824358135 -0.4767217538412829 1.1666666666666667 0.90533789787683971 -0.01335232525168952 2.130986469965626 0.94157652840409456 2.3880845929184908 0.87861205890535754 2.9103736686444606 -0.83810573093620755 11.31702990957117 0.19948359930148707 -0.66756112552533042
decision_type=2 2 2 2 2 8 2 10 8 8 8 2 2 2
left_child=2 -2 3 -1 5 6 -4 -3 9 -9 -10 12 13 -12
right_child=1 7 4 -5 -6 -7 -8 8 10 -11 11 -13 -14 -15
leaf_value=-0.003945161912069845 0.0018770086282851183 -0.0014405406461682089 0.014737725238622755 0.015895677584936752 -0.0016408830652094972 -0.0049360893313800912 0.0037480541981545082 0.0017126087134373934 -0.0098956115851534677 -0.027970455170588639 -0.0019595800463774061 0.029192950928270536 -0.0075632737278340453 0.031188398184707217
leaf_weight=125.60785248875618 4213.5859781727122 11126.789007812709 284.81114744395018 278.20210798084736 1067.0023595020175 189.97789099812508 568.3461379930377 809.99637791491114 85.687496312893927 67.089754641987383 115.66206283122301 107.47413694328861 88.22850277274847 84.340613714419305
leaf_count=230 24158 66971 900 643 4636 575 1768 5166 537 448 560 1085 505 318
internal_value=0.000195648 -0.000256004 0.00317408 0.00982912 0.00182019 0.00532473 0.0076703 -0.000977713 0.00277903 -0.00113086 0.00966372 0.0141715 0.00703957 0.0135834
internal_weight=19212.8 16698.9 2513.95 403.81 2110.14 1043.14 853.157 12485.3 1358.48 877.086 481.393 395.705 288.231 200.003
internal_count=108500 99748 8752 873 7879 3243 2668 75590 8619 5614 3005 2468 1383 878
is_linear=0
shrinkage=0.035


Tree=72
num_leaves=15
num_cat=0
split_feature=79 78 75 7 76 75 78 39 40 0 7 76 76 74
split_gain=20.882 31.7809 26.1389 31.726 27.1805 22.1187 40.9144 38.6977 37.0097 31.1516 28.8821 25.5452 36.8924 39.8685
threshold=5.6809284628524397 0.81536491499104102 0.66139133795806404 1.6784190038457869 0.066247095403994719 -2.3686175465867243 5.3155581534990182 0.18521825650224832 -0.68880858577180026 61.14780795324662 1.1738819576659958 -3.9041893477876597 -1.8220725092015082 0.37428318900954266
decision_type=10 8 2 2 10 2 10 2 2 2 2 10 10 2
left_child=5 -2 3 -3 -4 7 11 8 10 -9 -1 -7 13 -13
right_child=1 2 4 -5 -6 6 -8 9 -10 -11 -12 12 -14 -15
leaf_value=-0.0058685955208099818 0.014390138378633366 0.015533056788217457 -0.02675254250819676 -0.010242263452491825 0.0024795754214126751 -0.0057929626273473733 -0.010913504251572712 0.020245125442875392 -0.0031629302765265712 -0.0029024015238697113 0.015328299938479983 0.0094450160906573762 -0.00036919871031607012 -0.0014872565480807275
leaf_weight=95.199190327897668 293.19078244140837 139.18769609741867 57.609152347780764 75.338488760404289 72.070582140237093 896.15786825946998 420.96853783447295 243.56193177122623 829.93123530565936 91.333058333024383 275.1593208941631 1003.8948775556637 14044.456644270947 672.03721576882526
leaf_count=798 1497 627 340 459 316 4649 2329 1167 5758 534 2132 5069 78982 3843
internal_value=0.000190164 0.00632054 -0.000965818 0.00637963 -0.012346 -2.67966e-05 -0.000391082 0.00396909 0.000950561 0.0141245 0.0098582 -0.000111705 0.000219111 0.00509541
internal_weight=19210.1 637.397 344.206 214.526 129.68 18572.7 17037.5 1535.18 1200.29 334.895 370.359 16616.5 15720.4 1675.93
internal_count=108500 3239 1742 1086 656 105261 94872 10389 8688 1701 2930 92543 87894 8912
is_linear=0
shrinkage=0.035


Tree=73
num_leaves=15
num_cat=0
split_feature=78 7 35 32 29 34 76 29 78 75 75 6 78 75
split_gain=20.6334 25.6276 26.6228 36.4277 33.3658 29.5849 25.4436 31.7203 27.1441 24.1406 23.2855 22.8283 22.7509 41.0288
threshold=-2.3666317366255454 2.0606557831480914 0.0265111434757304 0.23954339633773261 0.61379185615208953 -0.23206850843925128 -0.1635236340508644 0.94236788031025209 -2.3666317366255454 0.66139133795806404 -1.7382971044949775 1.1176794150003249 -0.27412758834444745 0.46808166628826792
decision_type=10 2 2 2 2 2 8 2 8 2 2 2 8 2
left_child=1 2 3 5 -4 11 7 -6 -8 10 -7 -1 -2 -14
right_child=12 -3 4 -5 6 9 8 -9 -10 -11 -12 -13 13 -15
leaf_value=-0.013201599115186332 0.0024301288181577617 -0.011212447072577351 0.018138651529777641 -0.01023916737182862 -0.0048748404069260814 0.0085418354386053927 -0.015192298495370557 0.015005651486585571 0.0054134027013732445 0.0014595890801079416 -0.01163725034635053 0.0056316580761751958 0.0015661550662310262 -0.0031079763872045173
leaf_weight=67.824992509093136 5991.1728276904905 327.49366262136027 148.90924559952691 615.16501637361944 158.68715061387047 65.82671766076237 168.9429882777622 209.29241507593542 119.90634126029909 454.45344472466968 519.13886495539919 843.22469071659725 5684.5746488558216 3835.4750522276008
leaf_count=386 34200 2403 855 3419 784 319 1040 1029 703 2368 2719 4922 31984 21369
internal_value=0.000183744 -0.0021582 -0.00121773 -0.00295868 0.0042632 -0.000581848 0.000674472 0.00662306 -0.00684188 -0.00457654 -0.00915916 0.00397611 0.000744272 -0.000319545
internal_weight=19210.1 3698.87 3371.37 2565.63 805.738 1950.47 656.829 367.98 288.849 1039.42 584.966 911.05 15511.2 9520.05
internal_count=108500 20947 18544 14133 4411 10714 3556 1813 1743 5406 3038 5308 87553 53353
is_linear=0
shrinkage=0.035


Tree=74
num_leaves=15
num_cat=0
split_feature=77 74 76 33 77 78 7 7 41 7 77 79 77 79
split_gain=20.5248 39.7848 36.9462 26.5512 23.5829 33.4466 35.5298 28.917 33.3456 29.7693 32.4788 31.6463 31.1584 37.6578
threshold=4.0996431486929481 0.62856893378207834 -0.1173816275296377 0.080164937101993808 2.4315126136044056 -0.39775591630582785 1.3952684944467431 0.94849103470223606 0.29501834255751341 1.0486107060480263 -3.2276858178005252 0.72420063283549629 -0.25841082394619097 -1.535156505399013
decision_type=8 2 10 2 10 8 2 2 2 2 10 8 10 8
left_child=4 3 -3 -2 7 6 -6 8 -1 12 11 -11 13 -9
right_child=1 2 -4 -5 5 -7 -8 9 -10 10 -12 -13 -14 -15
leaf_value=-0.0031758406805787527 0.014925451683123767 0.0098213517096012552 -0.015714779037574334 -8.0156014526312007e-05 0.0025383178300437239 0.0005471874264981599 -0.01678101655934303 -0.0090323434226699841 -0.023467968452307982 -0.00021399032062295183 0.00073303718325038836 -0.011541804669653495 -0.00030505436584355914 0.020058928008149339
leaf_weight=701.07552133570425 415.03284730343148 96.504544791765511 158.18430488393642 215.93442067271098 158.83867810072843 651.25003836605174 374.26414982881397 54.567264692857862 97.45652557676658 688.26930015347898 14501.156674390055 519.54648309526965 302.64662906294689 275.56347431242466
leaf_count=4305 2262 603 1172 1168 910 3682 2316 281 617 3940 81410 2801 1685 1348
internal_value=0.000176766 0.00532018 -0.00602826 0.00994543 -7.73524e-05 -0.00481163 -0.0111412 0.000255002 -0.00616529 0.000575879 0.000271197 -0.00519533 0.0078997 0.0150092
internal_weight=19210.3 885.656 254.689 630.967 18324.6 1184.35 533.103 17140.3 798.532 16341.7 15709 1207.82 632.777 330.131
internal_count=108500 5205 1775 3430 103295 6908 3226 96387 4922 91465 88151 6741 3314 1629
is_linear=0
shrinkage=0.035


Tree=75
num_leaves=15
num_cat=0
split_feature=9 78 74 0 34 56 35 13 29 75 76 74 79 78
split_gain=20.0632 28.06 42.5078 27.9743 26.0078 26.6947 24.5204 25.6063 35.9311 30.5669 23.6494 26.7233 23.3435 41.7832
threshold=6.4929494355980273 -3.3902669878620908 -0.50887386591945205 51.017054831004437 -0.8289656013311768 0.99998071043470549 -0.0048512226435118025 0.45874607260224937 1.3890418753261937 0.35743284428430605 2.9670423129115746 1.6578163741745404 3.9165694068686498 5.3155581534990182
decision_type=2 8 2 2 2 2 2 2 2 2 10 2 8 8
left_child=3 2 -2 4 5 -1 -5 -8 -9 -10 11 -4 13 -3
right_child=1 12 10 6 -6 -7 7 8 9 -11 -12 -13 -14 -15
leaf_value=-0.019336037531457385 0.003181876159108882 -0.00037936350662643527 -0.017946153170863337 0.00042391968533878391 0.00088246224185993527 0.001603110160761679 0.017944102995681308 0.00021746999810497852 0.022196326904963027 -0.00084657323272384951 0.009913299022094299 0.0026010503175406176 0.0037550812271102945 -0.011522598443942269
leaf_weight=142.13161862082779 330.00191129324958 8934.7555896744743 426.11911817174405 785.53285994380713 5264.3876851693494 132.87292312830687 251.35842601954937 581.70001792907715 198.72688626870513 101.96837132424116 39.823873477987945 88.204204640351236 1520.4091587641742 412.23841528082266
leaf_count=458 2259 63978 3194 2769 16888 411 940 2091 609 334 345 827 10362 3035
internal_value=0.000169288 -0.000731528 -0.00665594 0.00158673 0.000318985 -0.00979616 0.00520464 0.00845225 0.00541063 0.0148168 -0.0124212 -0.0144569 -0.000238189 -0.000894376
internal_weight=19210.2 11751.6 884.149 7458.68 5539.39 275.005 1919.29 1133.75 882.395 300.695 554.147 514.323 10867.4 9346.99
internal_count=108500 84000 6625 24500 17757 869 6743 3974 3034 943 4366 4021 77375 67013
is_linear=0
shrinkage=0.035


Tree=76
num_leaves=15
num_cat=0
split_feature=3 6 74 75 6 79 41 75 78 77 74 77 74 39
split_gain=19.3702 20.8094 29.9822 32.8075 26.1424 33.0774 31.2054 30.5785 29.4573 31.0843 28.0385 27.5521 23.7751 26.3613
threshold=1.1747340824358135 2.0462229336179125 1.4068364810254494 3.2198182182808712 1.5458578951716857 5.6809284628524397 0.29501834255751341 2.8492423769571213 2.3619122559180599 -0.1244479013431652 1.103968731389261 -3.2276858178005252 -0.26525550413896987 0.011524715464984065
decision_type=2 2 2 2 2 10 2 2 10 10 2 8 2 2
left_child=-1 4 3 12 6 11 7 -2 9 -9 -11 -6 13 -3
right_child=1 2 -4 -5 5 -7 -8 8 -10 10 -12 -13 -14 -15
leaf_value=0.003016540153098051 -0.00085268165489050846 -0.0053174008964700864 0.006957480564752397 0.015576189111112432 -0.0070624574986319719 0.015037906676264572 -0.0063944711698500226 0.0022360178936870431 -0.012465464393575314 0.029530907660509753 0.001998029370887517 0.0020425035704038559 -0.011490339233350532 0.010914983129500568
leaf_weight=2511.8241228312254 6953.9158775741089 715.16998233669437 256.96960411593318 67.002003818750381 419.27902410121169 206.04580847034231 1151.0401263262611 237.16505381138995 58.200493539916351 126.27049506781623 70.09522838704288 5631.2401060196789 674.51630427700002 127.83219833858311
leaf_count=8752 42064 4024 1889 366 2391 1059 6697 1450 342 676 612 33494 4033 651
internal_value=0.000163745 -0.000268571 -0.00375703 -0.00555971 0.000168394 0.00188631 -0.00108336 -0.000247373 0.0080115 0.011189 0.0207959 0.00139037 -0.00668339 -0.00266003
internal_weight=19206.6 16694.7 1841.49 1584.52 14853.3 6256.56 8596.69 7445.65 491.731 433.531 196.366 6050.52 1517.52 843.002
internal_count=108500 99748 10963 9074 88785 36944 51841 45144 3080 2738 1288 35885 8708 4675
is_linear=0
shrinkage=0.035


Tree=77
num_leaves=15
num_cat=0
split_feature=7 41 76 7 78 77 78 79 5 76 74 76 76 75
split_gain=19.2228 27.3839 27.4801 23.9114 26.8925 26.6531 31.5436 45.5899 27.3395 49.3492 26.2658 27.0097 32.9408 43.5379
threshold=0.88145565578149432 0.22374275118307982 -0.371655049841635 1.0486107060480263 -3.3902669878620908 -3.2276858178005252 -1.0927755102892747 -2.5331567204420433 3.1780538303479462 -0.31484115482246167 -3.6263743611355173 -3.9041893477876597 -1.4968357681807996 4.5170822113571019
decision_type=2 2 10 2 8 8 10 8 2 10 2 10 10 2
left_child=1 2 -1 4 -2 6 -5 -8 10 -10 -7 -12 13 -13
right_child=3 -3 -4 5 -6 8 7 -9 9 -11 11 12 -14 -15
leaf_value=0.0086100460056872958 -0.011222487016437691 -0.022692404947722421 -0.0086406780243841793 -0.012956544303785667 0.0073303109727402352 -0.0060612652130216426 0.02503699636136399 -0.0034485029500753725 0.017728051218368748 -0.021729202723084561 -0.005896363391652306 0.0042244751889599676 0.0005033536625097529 0.032417234335455805
leaf_weight=158.61828438937664 88.646109602879733 81.90030361933168 291.38858317933045 383.09935428481549 925.32434846879914 680.40040580066852 55.462047385051847 765.7274297575932 34.934686836786568 137.20561824370816 671.75901789031923 2089.8836910612881 12789.004674020849 50.01819993276149
leaf_count=943 437 593 1972 2227 4869 4399 293 4221 277 1460 3514 10945 72044 306
internal_value=0.000159511 -0.00627834 -0.00245251 0.000349432 0.00552264 4.64517e-05 -0.00493594 -0.000975096 0.000416687 -0.0127098 0.000570897 0.00086754 0.00117938 0.00517753
internal_weight=19203.4 531.907 450.007 18671.5 1013.97 17657.5 1204.29 821.189 16453.2 172.14 16281.1 15600.7 14928.9 2139.9
internal_count=108500 3508 2915 104992 5306 99686 6741 4514 92945 1737 91208 86809 83295 11251
is_linear=0
shrinkage=0.035


Tree=78
num_leaves=15
num_cat=0
split_feature=77 74 76 33 16 35 3 32 79 78 78 78 74 78
split_gain=19.1988 37.2379 34.8113 24.6504 23.3907 23.2672 22.5162 24.5725 27.4364 27.504 26.9991 24.1123 24.0037 24.0663
threshold=4.0996431486929481 0.62856893378207834 -0.1173816275296377 0.080164937101993808 -0.71903817618936972 -0.026414780090742832 4.1499819754864218 -0.34778612022734284 5.6809284628524397 -1.8064019002644891 0.81536491499104102 -1.5222323782640015 -4.4196514336716186 4.3931234780441279
decision_type=8 2 10 2 2 2 2 2 8 10 10 10 2 8
left_child=6 3 -3 4 -2 -5 7 8 9 -1 -10 -11 -9 -14
right_child=1 2 -4 5 -6 -7 -8 12 10 11 -12 -13 13 -15
leaf_value=-0.0040870231462303182 -0.00526789537470344 0.0094754266858811942 -0.015326266777865194 -0.017643292445203792 0.01749984443711081 0.0062682720642785522 -0.0030068402041270531 -0.0096830431350975465 0.015407628020939552 0.017405291868571943 -0.0054969452548843988 0.0025714837110126288 0.00045811371293859608 -0.0046036876150420498
leaf_weight=761.87131747975945 55.326278199441731 96.74088544305414 157.16840210161172 47.846175417304039 361.19852842576802 167.93638816662133 2738.4269658392732 311.60600420460105 330.68303290940821 122.14131248928607 85.393712140619755 2760.564556568861 9924.224498655647 1281.2010175660253
leaf_count=3712 291 603 1172 242 1971 926 28117 1766 1650 610 403 13272 47834 5931
internal_value=0.000153916 0.00512675 -0.00587479 0.00958921 0.0143728 -8.05552e-05 -9.20222e-05 0.000423577 0.00275753 0.00175427 0.0110619 0.00331559 -0.000402677 -0.000127811
internal_weight=19202.3 886.217 253.909 632.307 416.525 215.783 18316.1 15577.7 4060.65 3644.58 416.077 2882.71 11517 11205.4
internal_count=108500 5205 1775 3430 2262 1168 103295 75178 19647 17594 2053 13882 55531 53765
is_linear=0
shrinkage=0.035


Tree=79
num_leaves=15
num_cat=0
split_feature=3 26 48 11 77 38 54 7 76 34 75 79 79 9
split_gain=18.2074 20.9897 28.293 21.7596 20.8667 26.2004 20.6648 20.016 22.4909 19.8158 42.6036 34.7959 33.3827 29.6075
threshold=1.4062499999999856 0.026140954254914982 1.3089178404877175 0.040988475674457563 -2.8320422598442576 0.51701965531590843 -0.33862870473525591 0.88145565578149432 -2.2659787307141088 0.075920232161069759 2.8492423769571213 -0.1604194285411116 -0.22581422828606132 18.901130498515368
decision_type=2 2 2 2 10 2 2 2 10 2 2 8 10 2
left_child=1 2 3 4 -1 -6 -4 8 -2 10 -9 13 -12 -11
right_child=7 -3 6 -5 5 -7 -8 9 -10 11 12 -13 -14 -15
leaf_value=-0.0046053363982828536 0.014025406378961122 -0.00017381304334325139 -0.010843222143901429 0.001759773511332267 0.0060180320958900463 0.017809964864716889 0.0025472353834723239 0.00036207273382369312 -0.011161790226917809 -0.0040424481914856135 0.00089783107158617652 0.00040225049052199709 0.025069279103261639 -0.020223894783561423
leaf_weight=105.42112526670098 32.198378950357437 2763.0513909868896 205.16423354297876 765.76902507990599 587.433045566082 399.21476977691054 363.35712461546063 7564.8131281110327 335.69458652450703 2215.7037318871589 129.9744947552681 3464.9036429354455 135.66264756396413 129.90858045744244
leaf_count=338 189 10772 696 3058 1992 1199 1197 49006 2703 12543 890 21065 953 1899
internal_value=0.000148593 0.00191542 0.00427652 0.00635141 0.00948156 0.0110483 -0.0024893 -0.000507702 -0.00834788 -0.000284342 0.00086406 -0.00182962 0.0141333 -0.00510204
internal_weight=19198.3 5189.41 2426.36 1857.84 1092.07 986.648 568.521 14008.9 367.893 13641 7830.45 5810.52 265.637 2345.61
internal_count=108500 19252 8480 6587 3529 3191 1893 89248 2892 86356 50849 35507 1843 14442
is_linear=0
shrinkage=0.035


Tree=80
num_leaves=15
num_cat=0
split_feature=76 77 35 76 79 77 74 74 7 76 6 40 77 35
split_gain=18.0397 45.181 47.9295 37.0545 54.5414 44.349 32.2871 53.0083 42.0762 35.0036 34.6312 35.3316 30.2349 45.4024
threshold=-0.1173816275296377 3.5335772088798896 -0.037911494646682455 0.066247095403994719 -0.66135526552939716 -0.069767773791150553 -1.6489190945943475 -4.4196514336716186 2.0184424689644795 -3.9041893477876597 0.96060125309574529 0.22647867661243046 0.1580809529064279 -0.043647738723247113
decision_type=8 10 2 10 10 10 2 2 2 10 2 2 10 2
left_child=1 6 -3 4 5 -2 7 -1 -9 12 11 -11 13 -8
right_child=3 2 -4 -5 -6 -7 9 8 -10 10 -12 -13 -14 -15
leaf_value=-0.011062996435187699 -0.0076951357892705956 -0.014469805971843278 0.016806322590736514 -0.00016659742982339857 -0.013813823537072578 0.0144273151815974 0.021022455757135128 0.010506187946248281 -0.014334374858536373 0.023400916780526828 9.6178091955305986e-05 -0.00021208368243451109 -0.016719229484170556 -0.0063117784008846402
leaf_weight=178.68345900578424 221.95689715188928 55.270112041383982 364.22373623691965 9009.5109403862443 592.57926299001701 186.00966393668205 68.080640233121812 1037.4593326576287 73.504200452007353 141.56335260719061 6403.1153333093971 148.72357926145196 247.04775475268252 465.86920313443989
leaf_count=1202 1238 338 2026 52666 3387 1022 330 5131 483 756 35317 905 1233 2466
internal_value=0.000143988 0.00126284 0.0122146 -0.000882954 -0.00720378 0.0025943 0.000712013 0.00578133 0.00863825 -0.000175751 0.000649851 0.0120693 -0.00709098 -0.00219339
internal_weight=19193.6 9183.54 419.494 10010.1 1000.55 407.967 8764.05 1289.65 1110.96 7474.4 6693.4 290.287 780.998 533.95
internal_count=108500 50187 2364 58313 5647 2260 47823 6816 5614 41007 36978 1661 4029 2796
is_linear=0
shrinkage=0.035


Tree=81
num_leaves=15
num_cat=0
split_feature=78 7 35 32 29 34 76 29 79 78 74 7 7 76
split_gain=17.9174 23.9743 24.7342 33.9098 31.1543 27.5888 24.736 33.3521 25.4219 23.1547 23.1296 22.696 27.1767 32.3418
threshold=-2.3666317366255454 2.0606557831480914 0.0265111434757304 0.23954339633773261 0.66354631834547795 -0.23206850843925128 -0.1635236340508644 0.94236788031025209 -2.5331567204420433 -7.8180718779674914 -0.26525550413896987 2.1765180908071318 2.4468380387690223 -0.31484115482246167
decision_type=10 2 2 2 2 2 8 2 10 8 2 2 2 10
left_child=1 2 3 5 -4 -1 7 -6 -8 -7 -10 -3 13 -13
right_child=-2 11 4 -5 6 9 8 -9 10 -11 -12 12 -14 -15
leaf_value=0.0038710451053783853 0.00066095593846474273 -0.022534677661803639 0.015953435401516221 -0.0098622079810576652 -0.0065525372115031819 -0.021111203295608824 0.0043479258287816378 0.014514109717802769 0.00020714311763976069 -0.00272251267901394 -0.026155881286898063 -0.014328188100912824 -0.016089942589083632 0.018248783818165262
leaf_weight=910.95617729669902 15502.813884265022 108.66078140493482 185.52858735015616 612.29993868153542 138.24279254954308 73.050340007059276 119.70479986444116 209.89420301746577 65.581390152685344 962.99065239075571 86.40747192746494 40.883703086059541 93.71406817715615 81.980731639545411
leaf_count=5308 87553 778 1056 3419 682 411 724 1029 360 4995 560 297 737 591
internal_value=0.000138843 -0.00204651 -0.00113809 -0.00281965 0.00414447 -0.000527116 0.000221606 0.00624718 -0.00739827 -0.00439435 -0.0160793 -0.010834 -0.00355477 0.00692034
internal_weight=19192.7 3689.9 3364.66 2559.3 805.359 1947 619.831 348.137 271.694 1036.04 151.989 325.239 216.579 122.864
internal_count=108500 20947 18544 14133 4411 10714 3355 1711 1644 5406 920 2403 1625 888
is_linear=0
shrinkage=0.035


Tree=82
num_leaves=15
num_cat=0
split_feature=78 7 75 35 78 79 76 77 77 75 79 36 77 78
split_gain=17.8216 53.9353 25.5916 48.8818 46.9734 36.6278 33.1675 32.3072 36.462 39.53 41.9991 38.2754 30.8526 28.4865
threshold=2.6170579758188568 1.9410094088325394 -0.53588323895266277 0.0046356801596117566 5.3155581534990182 -0.86120654560521348 -1.8220725092015082 -3.2276858178005252 1.0000000180025095e-35 0.10777636165446745 1.4354458299056394 0.0286497703679118 0.7400724929678304 4.3931234780441279
decision_type=8 2 2 2 10 8 8 10 10 2 8 2 10 10
left_child=-1 2 3 4 12 -4 -7 -8 9 -9 -11 -12 -2 -5
right_child=1 -3 5 13 -6 6 7 8 -10 10 11 -13 -14 -15
leaf_value=0.00062247546633166409 0.00025534297553264971 -0.013825281632806639 -0.013731811925613416 0.02108446741083295 0.017097015587501506 0.0085820275569792083 -0.021320942164813162 -0.010447421308678659 -0.0066758581471716566 -0.0043971466182919873 0.025168601343522539 -0.0048209305018864345 -0.017026150069867779 -0.002462147718836303
leaf_weight=15843.715025474448 356.61567063930124 405.70285576512106 293.86797033622861 227.09439720213413 116.22033095639199 351.02764593763277 91.116607330739498 130.92612398508936 716.70199796650559 142.86302890442312 201.51078973244876 60.692751355469227 175.67043843935244 79.248614507727325
leaf_count=90006 2047 2753 1432 1270 611 1735 482 656 3804 813 1021 333 1065 472
internal_value=0.000131607 -0.00218036 -0.000492905 0.00416382 -0.00135584 -0.00274796 -0.000705535 -0.00322189 -0.00159106 0.00520363 0.0105159 0.0183772 -0.0058581 0.0152156
internal_weight=19193 3349.26 2943.56 954.849 648.506 1988.71 1694.84 1343.81 1252.69 535.993 405.067 262.204 532.286 306.343
internal_count=108500 18494 15741 5465 3723 10276 8844 7109 6627 2823 2167 1354 3112 1742
is_linear=0
shrinkage=0.035


Tree=83
num_leaves=15
num_cat=0
split_feature=79 75 29 76 6 7 40 75 7 78 35 35 39 9
split_gain=17.7222 29.8186 35.9562 22.7578 38.8268 23.2286 20.6484 20.2864 37.609 35.8767 27.9053 25.6474 43.6077 34.6614
threshold=5.6809284628524397 0.66139133795806404 1.0437947706646979 -0.91250937124466958 1.5737828362630693 1.9410094088325394 0.32660611670625256 -2.3686175465867243 1.1738819576659958 5.3155581534990182 -0.0081228132920601031 -0.050482818550193743 0.12051175298515752 5.6554600848776877
decision_type=10 2 2 10 2 2 2 2 2 10 2 2 2 2
left_child=7 3 6 4 -2 -5 -3 8 10 -9 -1 13 -13 -10
right_child=1 2 -4 5 -6 -7 -8 9 11 -11 -12 12 -14 -15
leaf_value=-0.011499935276802762 -0.01871902213925946 0.01302341219926155 -0.021169220248338817 0.020832841059232624 0.016895824528022237 -0.0039974388186232229 -0.010011058732993176 -0.00016252949058606932 -0.0082515657960294878 -0.010315093006601845 0.0092582748775639594 -0.0011352023765746398 0.014565833771668535 0.023192959118922329
leaf_weight=266.33639374910854 57.775540683418512 116.70820220513269 73.877707628533244 232.93597839213908 52.566029849462211 49.384694490581751 55.508788598701358 16600.090477092366 43.564651794731617 417.64350114623085 92.725621416000649 649.43626814032905 303.27692874893546 181.03909676899639
leaf_count=1778 327 569 375 1135 236 317 280 92543 128 2329 613 4774 1558 1538
internal_value=0.000126041 0.00576747 -0.00361839 0.0115402 -0.00176321 0.0165123 0.00532983 -7.41762e-05 0.00375091 -0.000423506 -0.00593361 0.0067543 0.00405963 0.0169179
internal_weight=19192.9 638.757 246.095 392.662 110.342 282.321 172.217 18554.1 1536.38 17017.7 359.062 1177.32 952.713 224.604
internal_count=108500 3239 1224 2015 563 1452 849 105261 10389 94872 2391 7998 6332 1666
is_linear=0
shrinkage=0.035


Tree=84
num_leaves=15
num_cat=0
split_feature=9 36 78 74 20 41 7 1 7 27 78 6 0 7
split_gain=17.6805 27.123 25.245 39.7296 29.6542 23.9279 27.1812 52.9509 41.8104 35.6001 30.7789 39.3747 27.4955 30.8081
threshold=6.4929494355980273 0.080100199515182297 -3.3902669878620908 -0.061524544395231716 -0.15966460560446497 -0.21546166971226777 1.4114119393337423 0.83936314787456889 1.7921979343826513 0.020103933611770021 -0.33781808635143828 1.3873532532931006 14.29025896042071 1.6392167949513021
decision_type=2 2 8 2 2 2 2 2 2 2 8 2 2 2
left_child=1 5 3 -2 -5 -1 -7 8 10 -10 12 -12 -8 -14
right_child=2 -3 -4 4 -6 6 7 -9 9 -11 11 -13 13 -15
leaf_value=-0.0032132212369432355 0.00053651457892627105 0.017092264892415526 -0.00025712975809010744 0.0020096855789585948 -0.019385830867968464 0.0047690692294566602 -0.014371811394848879 0.0047940630209604672 0.012326278269409203 -0.0052589250427888413 -0.021204765994341828 -0.0050888385979195342 0.0086018141428549615 -0.0099158620523857547
leaf_weight=1249.1378765584668 477.14257308118977 113.52272825315595 10858.380733405458 100.71845091646537 301.27499324409291 2595.6127867456526 124.17621950036846 1568.5049947351217 289.89387767203152 242.90911188349128 293.00822568684816 500.77392062917352 337.51731863617897 140.05914989858866
leaf_count=4248 3305 373 77375 805 2515 8078 433 5413 1021 832 1005 1596 1037 464
internal_value=0.000121978 0.00145276 -0.000724303 -0.00636039 -0.0141841 0.00116515 0.00207042 5.1555e-05 -0.0038156 0.00440884 -0.00697355 -0.0114126 -0.00093912 0.00299084
internal_weight=19192.6 7455.12 11737.5 879.136 401.993 7341.59 6092.46 3496.84 1928.34 532.803 1395.53 793.782 601.753 477.576
internal_count=108500 24500 84000 6625 3320 24127 19879 11801 6388 1853 4535 2601 1934 1501
is_linear=0
shrinkage=0.035


Tree=85
num_leaves=15
num_cat=0
split_feature=70 9 36 79 74 75 7 35 76 78 76 6 30 75
split_gain=17.3955 20.4103 29.2536 24.1524 26.7637 25.5748 25.6422 38.61 23.1639 31.2463 31.0087 29.5426 29.2057 26.6509
threshold=-0.4767217538412829 6.4929494355980273 0.080100199515182297 3.9165694068686498 -1.2403581453092889 -2.3686175465867243 1.1738819576659958 -0.050482818550193743 1.990698462576034 -2.6393919020982866 -1.0032657052993703 1.7267423293126523 0.33806818181816178 3.2198182182808712
decision_type=2 2 2 10 2 2 2 2 10 8 10 2 2 2
left_child=-1 2 -2 5 -5 6 -3 -8 9 10 -7 12 -11 -13
right_child=1 3 -4 4 -6 8 7 -9 -10 11 -12 13 -14 -15
leaf_value=0.0019439820502946221 0.00079620532698216576 -0.0069676647276844762 0.019116170985112878 0.017637710608585815 0.00076912137314948126 -0.00010805131444014452 0.023251887125387758 0.0024195330034224101 0.0019971710289342849 0.0026994474396163284 -0.015677842369921455 -0.0073058240133614281 -0.0034469429635772498 0.0095902508657829712
leaf_weight=4770.6442954047016 5543.6938574110391 181.62013873527758 88.945128817111254 137.87416842626408 433.79383473424241 236.39759899547789 125.43181052431464 457.99639005726203 1101.9346097194357 1626.4835110998101 446.38661879394203 1719.8985784805845 2211.3405190017074 105.4987997142598
leaf_count=26072 18210 1571 290 876 2896 1702 1139 4070 8175 11908 3464 11376 15955 796
internal_value=0.000116553 -0.000489994 0.00115211 -0.00154312 0.00529615 -0.00203088 0.00399118 0.00752052 -0.00265849 -0.00347065 -0.0104437 -0.00259616 -0.00084159 -0.00623596
internal_weight=19187.9 14417.3 5632.64 8784.66 571.668 8212.99 765.048 583.428 7447.94 6346.01 682.784 5663.22 3837.82 1825.4
internal_count=108500 82428 18500 63928 3772 60156 6780 5209 53376 45201 5166 40035 27863 12172
is_linear=0
shrinkage=0.035


Tree=86
num_leaves=15
num_cat=0
split_feature=5 76 74 1 78 7 41 75 6 78 41 77 78 9
split_gain=17.0835 48.7794 26.6937 19.7491 24.5467 30.4211 44.3969 28.4489 24.363 23.9119 23.7419 23.9415 23.6203 23.1018
threshold=3.1780538303479462 -0.49706578583486782 -0.38190017062326126 0.92764610273227055 -0.20308662330379679 1.2537339358080652 -0.23562731285972052 6.0332873572128678 2.0000000000000773 0.29844515116949438 -0.64150154081102551 -2.0640263173581253 -1.8064019002644891 9.0526361709036802
decision_type=2 10 2 2 8 2 2 2 2 8 2 8 8 2
left_child=3 -2 -3 4 13 6 -6 9 -8 -7 -11 -12 -5 -1
right_child=1 2 -4 12 5 7 8 -9 -10 10 11 -13 -14 -15
leaf_value=0.0024654530811639109 0.023976525032467527 0.010377160506770559 -0.023067804590723131 -0.0024173065160944633 -0.010683582380108534 -0.0098026963692511571 0.0076631306814454571 0.016902083924105159 -0.0092967053278199315 0.013129947461282923 -0.011208813007141395 -0.0022875504146721215 0.0021829361755923153 -0.0034489617537337455
leaf_weight=3342.7149838011246 24.966610658913851 23.802906128112227 134.34238566076965 1644.7274071238935 234.59963590535335 767.40644377167337 860.56352858920582 59.652574775973335 100.50711068650708 89.409364584658761 408.85667242575437 2760.9812684847275 7688.1940792975947 1046.3965294003719
leaf_count=13590 191 220 1453 9444 1307 4291 4052 345 561 613 2270 15652 43496 11015
internal_value=0.00011404 -0.00998291 -0.017434 0.000221721 -0.000885794 -0.00248906 0.0023917 -0.00392189 0.00573614 -0.0043124 -0.00296778 -0.00350131 0.00136881 0.00104616
internal_weight=19187.1 183.112 158.145 19004 9671.09 5281.98 1195.67 4086.31 961.071 4026.65 3259.25 3169.84 9332.92 4389.11
internal_count=108500 1864 1673 106636 53696 29091 5920 23171 4613 22826 18535 17922 52940 24605
is_linear=0
shrinkage=0.035


Tree=87
num_leaves=15
num_cat=0
split_feature=7 41 76 7 77 77 33 77 79 78 79 5 27 77
split_gain=16.9568 26.2993 25.1127 21.5001 25.2452 32.3341 29.8337 23.9947 30.3831 28.6589 26.3699 23.8267 45.5131 35.4149
threshold=0.88145565578149432 0.22374275118307982 -0.371655049841635 1.0486107060480263 -3.2276858178005252 -0.83810573093620755 0.044625998230263371 -3.2276858178005252 0.72420063283549629 -0.75906244024490432 -2.5331567204420433 3.1780538303479462 0.029240816086695227 0.66426915909227613
decision_type=2 2 10 2 10 10 2 8 8 10 10 2 2 10
left_child=1 2 -1 4 -2 -6 -7 8 9 -5 -11 -9 13 -13
right_child=3 -3 -4 7 5 6 -8 11 -10 10 -12 12 -14 -15
leaf_value=0.0083338682921669203 0.022867808161027559 -0.022128571157511295 -0.0081733089339026746 -0.0082916388308959428 -0.00672121929636634 0.012973228208292152 -0.0017871278875193815 0.00049471996526662175 -0.01097817847973017 0.024990931993774529 0.0018515245515100054 0.028572904938476657 -0.023328760718425115 -0.01539970126434452
leaf_weight=158.76825066003948 70.966659672558308 80.841403966769576 288.9494250746211 273.5417339054402 260.8835459924303 418.49735781364143 264.61047182604671 16268.432409914683 515.7071781543782 53.574168933555484 357.31348056579009 32.951188622741029 114.3461787160486 22.280641564022517
leaf_count=943 321 593 1972 1595 1294 2262 1429 91208 2801 287 2058 378 1099 260
internal_value=0.000110086 -0.00595521 -0.00221353 0.000288148 0.00519095 0.00341519 0.00736742 4.64605e-07 -0.00473532 0.000146715 0.00588852 0.000351558 -0.0119859 0.0114561
internal_weight=19181.7 528.559 447.718 18653.1 1014.96 943.991 683.108 17638.1 1200.14 684.429 410.888 16438 169.578 55.2318
internal_count=108500 3508 2915 104992 5306 4985 3691 99686 6741 3940 2345 92945 1737 638
is_linear=0
shrinkage=0.035


Tree=88
num_leaves=15
num_cat=0
split_feature=77 74 76 74 7 78 35 41 77 78 78 7 35 7
split_gain=16.7979 34.6807 31.722 23.2805 40.34 42.2789 36.475 25.9281 22.3491 31.6583 28.6537 27.0412 27.3222 25.2726
threshold=4.0996431486929481 0.62856893378207834 -0.1173816275296377 -0.16260295073495085 1.7921979343826513 1.0000000180025095e-35 -0.028536278886508618 0.038001150745133529 2.4315126136044056 0.3885352045257951 2.130986469965626 1.3485160673564445 0.0092604824997415472 0.94849103470223606
decision_type=8 2 10 2 2 10 2 2 10 10 10 2 2 2
left_child=8 3 -3 4 5 -2 -7 -6 13 11 -11 12 -10 -1
right_child=1 2 -4 -5 7 6 -8 -9 9 10 -12 -13 -14 -15
leaf_value=-0.0058237792476987706 0.022068168142191816 0.0087503096746490757 -0.014946174133491981 0.020013092131350455 -0.023879353805811632 -0.021487907531906821 0.0082096466102284486 0.0069512367178745978 -0.0073409620141640236 0.0099216063804711801 -0.008947316497719739 -0.012563598908229662 0.016212168501237953 0.00049898164590717108
leaf_weight=792.96097246557474 170.01126682665199 97.19838738348335 155.98466349137016 156.2838160819374 65.37926440872252 52.913600875996053 146.20866344729438 42.98744259076193 139.14757778961211 256.09994455032574 134.75552461063489 573.64098278898746 77.431186181027442 16320.282744176999
leaf_count=4922 829 603 1172 836 387 285 773 320 757 1443 833 3465 410 91465
internal_value=0.000106238 0.00475563 -0.00587436 0.00905188 0.004804 0.010256 -0.000922984 -0.0124718 -0.000124126 -0.00473932 0.00329729 -0.00869763 0.00173843 0.000199553
internal_weight=19181.3 886.967 253.183 633.784 477.5 369.134 199.122 108.367 18294.3 1181.08 390.855 790.22 216.579 17113.2
internal_count=108500 5205 1775 3430 2594 1887 1058 707 103295 6908 2276 4632 1167 96387
is_linear=0
shrinkage=0.035


Tree=89
num_leaves=15
num_cat=0
split_feature=76 77 35 76 79 77 36 6 7 76 77 78 38 77
split_gain=16.3465 40.6443 44.1707 34.1571 50.9276 41.8681 31.2449 44.2933 43.2265 37.142 31.9747 32.8814 31.8812 31.6568
threshold=-0.1173816275296377 3.5335772088798896 -0.037911494646682455 0.066247095403994719 -0.66135526552939716 -0.069767773791150553 0.010878858366402686 0.96060125309574529 1.9820624195624317 -2.9110835883138995 -1.8523707057201082 4.3931234780441279 0.61743406443674331 0.66426915909227613
decision_type=8 10 2 10 10 10 2 2 2 10 10 10 2 10
left_child=1 6 -3 4 5 -2 7 -1 -9 12 -11 13 -8 -12
right_child=3 2 -4 -5 -6 -7 9 8 -10 10 11 -13 -14 -15
leaf_value=0.018584412667291061 -0.0075203591035783767 -0.014122999516668228 0.01592463810487367 -0.00018859231294462839 -0.013369808199772468 0.013972866952653129 0.0011360644760803219 0.0026318858508832211 -0.008777249346711551 -0.0084606512808957333 0.0045338578500410285 -0.017093532217050973 -0.015879155348942284 -0.0052607619788648183
leaf_weight=177.21907312422991 221.28665773570538 54.940025828313082 365.84257384983357 9002.428047902009 589.29074495941313 186.54179879324511 203.34463630383834 4785.8651988474885 424.92838155291975 467.97127390909009 1734.7269810223952 92.633396139368415 366.45107383991126 507.05591472936794
leaf_count=946 1238 338 2026 52666 3387 1022 1144 26111 3208 2575 8971 477 1845 2546
internal_value=0.000102318 0.00116735 0.0115386 -0.000875912 -0.00695561 0.00250432 0.000644037 0.00229446 0.00167149 -0.00199095 -0.000308565 0.00138364 -0.00997427 0.00229154
internal_weight=19180.5 9180.98 420.783 9999.55 997.119 407.828 8760.2 5388.01 5210.79 3372.18 2802.39 2334.42 569.796 2241.78
internal_count=108500 50187 2364 58313 5647 2260 47823 30265 29319 17558 14569 11994 2989 11517
is_linear=0
shrinkage=0.035


Tree=90
num_leaves=15
num_cat=0
split_feature=78 7 75 36 75 35 78 79 76 77 77 75 79 36
split_gain=16.1414 50.1038 23.2683 26.9514 23.0437 45.5237 43.8556 34.6001 31.2479 30.0473 31.6047 37.8144 46.4132 29.8215
threshold=2.6170579758188568 1.9410094088325394 3.7684929775447524 -0.012513522189733844 -0.53588323895266277 0.0046356801596117566 5.3155581534990182 -0.86120654560521348 -1.8220725092015082 -3.7682715235917459 1.0000000180025095e-35 0.10777636165446745 1.4354458299056394 0.0286497703679118
decision_type=8 2 2 2 2 2 10 8 8 10 10 2 8 2
left_child=2 4 -1 -4 5 6 -2 -6 -9 -10 11 -11 -13 -14
right_child=1 -3 3 -5 7 -7 -8 8 9 10 -12 12 13 -15
leaf_value=0.00027181556564067477 -0.0057626853642896939 -0.013370878816212147 0.022751295362611692 0.0037064260444591899 -0.01333125330713107 0.014569164893098532 0.016393470921910416 0.0083653908393928264 -0.022360305994684204 -0.010627811545870166 -0.0064453071129873894 -0.005376973107177975 0.023859237645029702 -0.0027462726520938192
leaf_weight=15138.176695586895 531.2562086621183 402.83509850897826 89.745015199063346 609.17491151858121 292.27737598400563 307.65736230416223 116.66842814907432 351.3065007457044 72.529763890430331 133.86507555656135 714.56775065138936 152.52037087781355 205.68190441187471 61.932940330356359
leaf_count=85718 3112 2753 590 3698 1432 1742 611 1735 383 673 3804 864 1043 342
internal_value=9.73479e-05 -0.00210519 0.000564357 0.00671679 -0.00048181 0.0039335 -0.00140172 -0.00262572 -0.000642771 -0.00309075 -0.00165906 0.00452387 0.00961511 0.0179392
internal_weight=19180.2 3343.1 15837.1 698.92 2940.26 955.582 647.925 1984.68 1692.4 1341.1 1268.57 554 420.135 267.615
internal_count=108500 18494 90006 4288 15741 5465 3723 10276 8844 7109 6726 2922 2249 1385
is_linear=0
shrinkage=0.035


Tree=91
num_leaves=15
num_cat=0
split_feature=3 74 77 32 13 5 27 74 79 29 75 6 35 78
split_gain=16.0706 19.7914 22.6145 20.0655 20.5856 18.1623 21.0384 18.0176 20.544 27.2202 36.1068 25.4252 23.6887 20.4859
threshold=4.7704350842203169 -1.8103390566421724 -0.83810573093620755 -0.75513485185894758 0.60100968801182642 3.1780538303479462 0.029240816086695227 -4.4196514336716186 5.6809284628524397 0.94236788031025209 0.73000785200161633 1.5737828362630693 -0.020458856802452071 4.3931234780441279
decision_type=2 2 8 2 2 2 2 2 10 2 2 2 2 10
left_child=5 2 -2 -4 -5 7 -7 -1 13 11 -11 12 -10 -9
right_child=1 -3 3 4 -6 6 -8 8 9 10 -12 -13 -14 -15
leaf_value=-0.0063040294576926998 -0.0071959704524305985 -0.0040527323112671118 -0.011653440061240389 0.0027639366305828861 0.025284799581760466 0.00732045271524903 -0.018938693176556925 0.00078981090350058929 -0.013043402987478258 0.0083116906298450199 -0.01775431217201439 0.022700608178463127 0.012086014864400267 -0.0054779920966669792
leaf_weight=434.2417839281261 107.48502531507984 1902.5053134012996 25.663725811988115 98.172466344665736 93.700973273371346 41.612757248803973 99.348179671913385 15176.181915452704 53.83556967228651 152.04453502967954 84.926798064261675 159.51648617163301 103.48104928061366 646.97802630066872
leaf_count=2481 1182 20976 244 1000 1075 278 725 74962 247 681 395 720 492 3042
internal_value=9.41546e-05 -0.00268713 0.00507796 0.0112378 0.0151106 0.000462353 -0.0112404 0.00057372 0.000763553 0.00726996 -0.00168471 0.0136699 0.00298521 0.000526941
internal_weight=19179.7 2227.53 325.022 217.537 191.873 16952.2 140.961 16811.2 16377 553.804 236.971 316.833 157.317 15823.2
internal_count=108500 24477 3501 2319 2075 84023 1003 83020 80539 2535 1076 1459 739 78004
is_linear=0
shrinkage=0.035


Tree=92
num_leaves=15
num_cat=0
split_feature=70 9 36 79 74 75 7 35 76 78 76 6 30 75
split_gain=16.0016 18.2986 27.6471 22.0786 24.8 23.6692 23.9984 36.0378 21.6782 29.2996 29.0652 27.4903 27.2816 24.9949
threshold=-0.4767217538412829 6.4929494355980273 0.080100199515182297 3.9165694068686498 -1.2403581453092889 -2.3686175465867243 1.1738819576659958 -0.050482818550193743 1.990698462576034 -2.6393919020982866 -1.0032657052993703 1.7267423293126523 0.33806818181816178 3.2198182182808712
decision_type=2 2 2 10 2 2 2 2 10 8 10 2 2 2
left_child=-1 2 -2 5 -5 6 -3 -8 9 10 -7 12 -11 -13
right_child=1 3 -4 4 -6 8 7 -9 -10 11 -12 13 -14 -15
leaf_value=0.0018430625729495464 0.00071676663023516514 -0.0067916972763858389 0.018507286995718415 0.016887348580246417 0.00068073760904709211 -0.0001223229545274196 0.022367312083304634 0.0023002328478802501 0.0019412269416095591 0.0026095691198991635 -0.015217722987000755 -0.0070615948837427075 -0.0033329887569787313 0.0092864284609029523
leaf_weight=4770.780880410508 5543.3512337883003 180.97968031978235 89.17855304852128 138.66467973776162 433.49735070858151 236.34212777903304 126.4848795584403 458.40377347311005 1101.825991133519 1626.8934102041967 442.96260435390286 1713.8348548847134 2206.8894898742437 105.75412550196052
leaf_count=26072 18210 1571 290 876 2896 1702 1139 4070 8175 11908 3464 11376 15955 796
internal_value=9.05805e-05 -0.000491571 0.00106293 -0.00148981 0.00504615 -0.001957 0.0038326 0.0072359 -0.00256211 -0.00334929 -0.0101195 -0.00250298 -0.000810766 -0.00602082
internal_weight=19175.8 14405.1 5632.53 8772.53 572.162 8200.37 765.868 584.889 7434.5 6332.68 679.305 5653.37 3833.78 1819.59
internal_count=108500 82428 18500 63928 3772 60156 6780 5209 53376 45201 5166 40035 27863 12172
is_linear=0
shrinkage=0.035


Tree=93
num_leaves=15
num_cat=0
split_feature=3 6 74 75 6 41 37 78 34 75 78 79 36 74
split_gain=15.8232 18.3393 28.4739 26.4193 24.819 28.8924 30.8076 38.8441 36.6506 30.3832 29.8122 26.6075 25.8694 25.5453
threshold=1.1747340824358135 2.0462229336179125 1.3011510027621445 3.2198182182808712 1.5458578951716857 0.29501834255751341 0.83276560537863487 -1.8064019002644891 0.74163510884823636 2.8492423769571213 2.3619122559180599 5.6809284628524397 0.0093112571324209976 1.6578163741745404
decision_type=2 2 2 2 2 2 2 8 2 2 10 10 2 2
left_child=-1 4 3 -3 5 6 -2 8 12 -9 13 -6 -8 -11
right_child=1 2 -4 -5 11 -7 7 9 -10 10 -12 -13 -14 -15
leaf_value=0.0026700729981388302 -0.0044776625757274556 -0.0064561716460267158 0.0063613835014304605 0.013658853479765649 0.0013353848356240498 -0.0062353784594733029 -0.003087553649232929 0.0013830348174266346 0.019189959138438351 0.020122732431665985 -0.010604274856779115 0.013535746229891437 -0.015706411640780849 -0.0047011641324804267
leaf_weight=2506.6502524539828 1662.2971644300269 1487.4995119321393 280.56625249655917 66.079284491017461 6043.2244658050549 1146.0004909865092 643.4124673421029 4448.443852279117 50.500284544192255 252.73161799367517 48.301576831378043 207.63782372232527 277.27217447134899 54.213256650604308
leaf_count=8752 11074 8547 2055 361 35885 6697 3975 25943 317 1431 280 1059 1635 489
internal_value=8.89113e-05 -0.000301992 -0.00358382 -0.00543788 0.000108066 -0.0011127 -0.000308739 0.000902597 -0.00541221 0.00219644 0.0117654 0.00178253 -0.00714097 0.0157189
internal_weight=19174.8 16668.2 1834.15 1553.58 14834 8583.17 7437.17 5774.88 971.185 4803.69 355.246 6250.86 920.685 306.945
internal_count=108500 99748 10963 8908 88785 51841 45144 34070 5927 28143 2200 36944 5610 1920
is_linear=0
shrinkage=0.035


Tree=94
num_leaves=15
num_cat=0
split_feature=76 77 35 76 79 77 36 6 7 76 0 38 77 78
split_gain=15.2652 37.7334 41.5003 31.7291 47.7133 39.3325 29.2977 41.3742 39.7417 34.9665 30.7167 30.076 30.0386 30.6498
threshold=-0.1173816275296377 3.5335772088798896 -0.037911494646682455 0.066247095403994719 -0.66135526552939716 -0.069767773791150553 0.010878858366402686 0.96060125309574529 1.9820624195624317 -2.9110835883138995 30.298415040186224 0.61743406443674331 -1.8523707057201082 4.3931234780441279
decision_type=8 10 2 10 10 10 2 2 2 10 2 2 10 10
left_child=1 6 -3 4 5 -2 7 -1 -9 11 -10 -8 -11 -14
right_child=3 2 -4 -5 -6 -7 9 8 10 12 -12 -13 13 -15
leaf_value=0.017911158830695717 -0.0073241733109434531 -0.013815339383802073 0.015335715595421819 -0.00019719227773295074 -0.012961090655867456 0.013502330774093862 0.0010832223794689446 0.0025234014199342013 -0.020263378154286842 -0.0082252398665267363 -0.0011618725917081434 -0.015458667351588668 0.0022019180649075799 -0.016561535159694621
leaf_weight=178.22138031758368 220.66967027029023 54.682937732897699 366.86043947818689 8998.2514673583501 586.29997976966843 187.20134759647772 203.32747575128451 4787.9670178598026 147.49206237448379 466.60307417949662 275.22636214643717 364.67826123355189 2241.939560954459 92.030535981990397
leaf_count=946 1238 338 2026 52666 3387 1022 1144 26111 1302 2575 1906 1845 11517 477
internal_value=8.66679e-05 0.00111587 0.0110997 -0.000859097 -0.00672797 0.00241894 0.000611099 0.00220855 0.00160504 -0.00194238 -0.00844096 -0.00970178 -0.000311007 0.00132763
internal_weight=19171.5 9179.03 421.543 9992.42 994.171 407.871 8757.49 5388.91 5210.69 3368.58 422.718 568.006 2800.57 2333.97
internal_count=108500 50187 2364 58313 5647 2260 47823 30265 29319 17558 3208 2989 14569 11994
is_linear=0
shrinkage=0.035


Tree=95
num_leaves=15
num_cat=0
split_feature=78 7 75 35 78 79 77 76 77 77 75 79 7 36
split_gain=14.864 46.8555 21.4193 42.4318 41.2102 32.3469 28.8323 26.2423 28.3599 29.7169 37.8135 40.6551 28.3289 27.581
threshold=2.6170579758188568 1.9410094088325394 -0.53588323895266277 0.0046356801596117566 5.3155581534990182 -0.95797659350189679 0.7400724929678304 -1.8220725092015082 -3.7682715235917459 1.0000000180025095e-35 0.10777636165446745 1.4354458299056394 1.3656918062268131 0.0286497703679118
decision_type=8 2 2 2 10 8 10 8 10 10 2 8 2 2
left_child=-1 2 3 4 6 -4 -2 -7 -9 10 -10 12 -12 -13
right_child=1 -3 5 -5 -6 7 -8 8 9 -11 11 13 -14 -15
leaf_value=0.00052992956968874881 0.00028502318511302574 -0.012965168997819645 -0.013357698917246424 0.014029507463039588 0.015843975299379101 0.0074866182409067429 -0.016467866898162483 -0.021704754079515463 -0.010752785773160802 -0.0062027066713679262 -0.020949714701149463 0.022915695548138174 0.0063924342562397523 -0.002659471110821814
leaf_weight=15832.059304084338 356.22666566037515 400.23246386856772 269.51843339856714 308.84177382942289 117.07659267168492 357.34318516682833 174.02868688502349 72.131537993438542 134.78666738513857 719.31468823365867 54.988501524552703 207.10666863620281 104.94681998388842 61.859105193987489
leaf_count=90006 2047 2753 1319 1742 611 1775 1065 385 678 3836 327 1043 571 342
internal_value=8.18967e-05 -0.00203336 -0.000466659 0.00378756 -0.00137288 -0.00253636 -0.00561195 -0.000698697 -0.00293462 -0.0015624 0.00436868 0.00938811 -0.00429195 0.0172567
internal_weight=19170.5 3338.4 2938.17 956.174 647.332 1982 530.255 1712.48 1355.13 1283 563.688 428.901 159.935 268.966
internal_count=108500 18494 15741 5465 3723 10276 3112 8957 7182 6797 2961 2283 898 1385
is_linear=0
shrinkage=0.035


Tree=96
num_leaves=15
num_cat=0
split_feature=70 9 36 1 25 61 55 50 33 79 57 78 7 33
split_gain=14.8182 16.8057 26.186 21.3009 32.4714 26.5655 26.2271 24.6532 24.5198 25.9236 24.447 20.5737 23.7673 27.2228
threshold=-0.4767217538412829 6.4929494355980273 0.080100199515182297 0.55994939945161615 0.21506733599667638 0.44202116730562374 0.056681283748355356 -0.45946602277392595 -0.1278609886886545 -1.1692224408885086 0.8585255704032303 -2.3666317366255454 1.4358974358973762 0.0068869327039270409
decision_type=2 2 2 2 2 2 2 2 2 8 2 10 2 2
left_child=-1 2 3 8 5 6 -5 -7 9 -2 -6 -3 13 -13
right_child=1 11 -4 4 10 7 -8 -9 -10 -11 -12 12 -14 -15
leaf_value=0.0017635227211526012 0.0053295763069884892 -0.0049605308728866357 0.017967247935547912 0.0099722884101225585 -0.0075317158148996786 -0.0066508264794698504 0.00074476259744598152 0.0027314909529647193 -0.00012640616140443259 -0.015063535148772995 0.0091161715685899487 2.6829581810665675e-05 0.000991890107198993 -0.0068969263429254973
leaf_weight=4772.3136555164092 89.316005527973175 1631.8332510001492 89.384711466729641 1012.500964358449 606.03062598407269 435.15223753079772 600.04763992503285 1373.9186479151249 1016.5188647960313 296.163673912175 112.90966501459479 1521.7983289137483 4350.861518798396 1261.1490645802114
leaf_count=26072 315 12279 290 3078 1957 1559 1932 4560 3412 1044 353 10423 32076 9150
internal_value=7.75212e-05 -0.000483002 0.00100664 0.000669496 0.00193125 0.00335264 0.00658981 0.000426631 -0.00303162 -0.0103086 -0.00474119 -0.00144021 -0.000623334 -0.00313763
internal_weight=19169.9 14397.6 5631.94 5542.56 4140.56 3421.62 1612.55 1809.07 1402 385.48 718.94 8765.64 7133.81 2782.95
internal_count=108500 82428 18500 18210 13439 11129 5010 6119 4771 1359 2310 63928 51649 19573
is_linear=0
shrinkage=0.035


Tree=97
num_leaves=15
num_cat=0
split_feature=1 5 27 79 79 77 78 78 76 39 6 78 76 3
split_gain=14.7423 24.5639 23.5295 23.2658 22.6415 31.9138 26.3044 27.6862 23.9542 30.9966 24.1492 22.7581 28.0224 22.3613
threshold=0.92764610273227055 3.1780538303479462 -0.11389939423012198 -1.0650766436665859 1.0402161460285693 -3.2276858178005252 5.3155581534990182 -1.8064019002644891 1.386278532940366 -0.36777269673911067 1.7463531355357527 0.099519269410696456 -0.371655049841635 1.1009710105351853
decision_type=2 2 2 10 8 8 10 10 10 2 2 10 10 2
left_child=2 4 3 -1 6 -6 7 13 10 -10 -7 12 -12 -2
right_child=1 -3 -4 -5 5 8 -8 -9 9 -11 11 -13 -14 -15
leaf_value=0.014802518085149322 0.0067914313488149887 -0.01263779964935083 -0.0013340135634130573 0.00068728285622009038 -0.0080601752292469506 0.0055416991905169596 -0.015321053974738765 0.0016894597684550647 0.028714923139349043 0.0070288337125840109 0.0020311429631039678 0.0043763630476926947 -0.014968667734147893 -0.0056497872017439834
leaf_weight=201.27118662442081 189.25267838314176 137.95077891368419 9090.8914727284573 410.53743255394511 245.53456190787256 1557.4390785936266 113.88036997430027 4559.5776277054101 80.945024790242314 536.51325257122517 217.19661991670728 380.15200418792665 231.36085513327271 1213.8590822611004
leaf_count=1138 683 1310 50479 2633 1381 8630 659 26141 575 3034 1047 1959 1288 7543
internal_value=7.50083e-05 0.00105676 -0.000882757 0.00565246 0.00128594 0.00363464 2.22925e-05 0.000365571 0.00463764 0.0106835 0.00299738 -0.0018022 -0.00700182 -0.00389985
internal_weight=19166.4 9463.66 9702.7 611.809 9325.71 3249.14 6076.57 5962.69 3003.61 617.458 2386.15 828.709 448.557 1403.11
internal_count=108500 54250 54250 3771 52940 17914 35026 34367 16533 3609 12924 4294 2335 8226
is_linear=0
shrinkage=0.035


Tree=98
num_leaves=15
num_cat=0
split_feature=7 41 76 7 77 77 6 37 33 76 76 79 74 77
split_gain=14.4644 25.1277 22.9889 20.7834 24.0465 29.9818 29.251 33.8261 24.6759 22.9567 27.674 37.8141 39.425 25.5353
threshold=0.88145565578149432 0.22374275118307982 -0.371655049841635 1.0486107060480263 -3.2276858178005252 -0.83810573093620755 1.2857142857143129 1.1146852390044864 0.044625998230263371 -3.9041893477876597 -1.8220725092015082 -2.0493611989442457 0.50153741173910082 0.58968329247405404
decision_type=2 2 10 2 10 10 2 2 2 10 10 8 2 10
left_child=1 2 -1 4 -2 -6 7 -7 -8 -5 11 13 -13 -11
right_child=3 -3 -4 9 5 6 8 -9 -10 10 -12 12 -14 -15
leaf_value=0.0081608141905246522 0.022289266981686876 -0.021451467799312795 -0.007646283094971197 -0.0053021978960129902 -0.0064599992551950987 -0.020518648613293031 0.016190256351759785 0.009979284252633799 0.00078107108788851118 0.023867908739135739 -0.00025031033227343772 0.0062768874594670782 -0.0049393075745265951 -0.0022129171744925862
leaf_weight=158.85688838735223 71.162175608798862 79.677808881504461 286.77638273860794 942.41949218313675 259.9834835184738 73.173544073477387 342.51847766386345 68.278375429101288 199.46154805086553 159.3527144449763 14819.506153954688 1068.9327728196513 574.99276471417397 57.55732878157869
leaf_count=943 321 593 1972 4978 1294 408 1820 365 1098 855 84773 5342 3392 346
internal_value=7.28133e-05 -0.00554604 -0.00190296 0.000236961 0.00505819 0.00332271 0.007122 -0.00638481 0.0107489 -4.60256e-05 0.000256936 0.0042563 0.0023416 0.0173448
internal_weight=19162.6 525.311 445.633 18637.3 1014.58 943.415 683.432 141.452 541.98 17622.8 16680.3 1860.84 1643.93 216.91
internal_count=108500 3508 2915 104992 5306 4985 3691 773 2918 99686 94708 9935 8734 1201
is_linear=0
shrinkage=0.035


Tree=99
num_leaves=15
num_cat=0
split_feature=3 75 24 76 44 38 24 74 32 79 78 58 78 0
split_gain=14.1701 19.2005 21.3532 20.9326 19.2138 18.8653 19.5185 16.6122 18.2234 42.3026 41.2561 34.4272 27.925 26.8111
threshold=4.7704350842203169 -3.9040060747723815 0.10966922084642559 1.0000000180025095e-35 0.461953839148803 0.19061116052685986 0.40422217641439079 -4.4196514336716186 0.020302201602942906 5.6809284628524397 0.81536491499104102 -0.093494131463448871 4.3931234780441279 56.773213623352596
decision_type=2 2 2 10 2 2 2 2 2 8 8 2 8 2
left_child=7 3 4 -2 -3 6 -4 -1 9 -9 13 -12 -10 -11
right_child=1 2 5 -5 -6 -7 -8 8 12 10 11 -13 -14 -15
leaf_value=-0.0061938386445915226 -0.0061628262558753623 0.015814917213070392 -0.0079057157698211762 0.024047256263241251 -0.0022042722262175609 -0.014713129287649946 0.016864780354797916 0.0008193137976832439 7.5763843833403176e-05 0.025555878775137413 0.011371271838116582 -0.0037359672268977989 -0.0067040280561402148 -0.0019578705935617787
leaf_weight=433.45451310835779 36.824760419782251 55.908714147051796 90.226459968136624 47.387343034977675 1654.2184259065252 294.55923032341525 40.34408562630415 8118.6724593006074 6617.7744095269591 198.65829574689269 354.06053184345365 350.45016496069729 818.44811558164656 50.742069184780121
leaf_count=2481 481 659 946 597 18581 2749 464 39573 33424 941 1627 1676 4005 296
internal_value=7.08454e-05 -0.00254594 -0.0032348 0.0121894 -0.00143917 -0.0100687 0.000971443 0.000416246 0.000597085 0.00164829 0.0085419 0.00396068 -0.000686417 0.0202283
internal_weight=19161.7 2219.47 2135.26 84.2121 1710.13 425.13 130.571 16942.3 16508.8 9072.58 953.911 704.511 7436.22 249.4
internal_count=108500 24477 23399 1078 19240 4159 1410 84023 81542 44113 4540 3303 37429 1237
is_linear=0
shrinkage=0.035


Tree=100
num_leaves=15
num_cat=0
split_feature=77 74 76 33 74 16 77 9 32 79 74 79 78 67
split_gain=14.0447 32.7315 27.9951 23.5226 21.7631 21.427 20.956 26.4138 38.6529 26.9267 28.5899 31.8028 39.09 25.5264
threshold=4.0996431486929481 0.62856893378207834 -0.1173816275296377 0.080164937101993808 -0.16260295073495085 -0.71903817618936972 1.3488175843773071 7.1249999999999813 -0.020739875916373864 7.6917923690141858 -1.1269062980153477 -1.2811947472624714 -0.33781808635143828 0.1030001762340083
decision_type=8 2 10 2 2 2 10 2 2 10 2 10 10 2
left_child=6 3 -3 5 -5 -2 -1 8 13 10 11 12 -9 -8
right_child=1 2 -4 4 -6 -7 7 9 -10 -11 -12 -13 -14 -15
leaf_value=0.00038581064709549269 -0.0055344796755766269 0.0077193458910220563 -0.014569451483585641 -0.0079324214136909307 0.013840467812131127 0.016131691221122711 0.010146655264899992 -0.024490042363274428 -0.0050346880206682629 0.014854861973907209 -0.0094344647279565371 0.0086101366675478287 0.010629214656960723 -0.0048788135687210981
leaf_weight=15266.565070906945 55.329924339894205 97.80874796025455 154.84647309430875 152.24343313928694 63.567935043945909 363.34931679093279 528.87632361799479 79.977547760587186 700.41566769406199 55.488151755183935 1168.8481012825796 250.45005065901205 48.736295878887177 171.68816970288754
leaf_count=86025 291 603 1172 830 338 1971 1932 646 2394 344 9117 1839 356 642
internal_value=6.9879e-05 0.00432065 -0.00600763 0.00849129 -0.00088922 0.0131466 -0.000141015 -0.00280281 0.000708652 -0.00584171 -0.00676358 0.00153012 -0.0115513 0.00643114
internal_weight=19158.2 887.146 252.655 634.491 215.811 418.679 18271 3004.48 1400.98 1603.5 1548.01 379.164 128.714 700.564
internal_count=108500 5205 1775 3430 1168 2262 103295 17270 4968 12302 11958 2841 1002 2574
is_linear=0
shrinkage=0.035


Tree=101
num_leaves=15
num_cat=0
split_feature=3 12 4 0 6 74 75 6 41 37 78 34 75 78
split_gain=13.7847 17.4991 19.7945 21.3518 16.991 27.0139 24.9112 23.0207 26.5727 28.5301 35.5653 34.6009 28.5148 27.4384
threshold=1.1747340824358135 -0.35722582487179727 1.1666666666666667 37.437020504151924 2.0462229336179125 1.3011510027621445 3.2198182182808712 1.5458578951716857 0.29501834255751341 0.83276560537863487 -1.8064019002644891 0.74163510884823636 2.8492423769571213 2.3619122559180599
decision_type=2 2 2 2 2 2 2 2 2 2 8 2 2 10
left_child=1 -1 3 -3 7 6 -6 8 9 -2 11 -11 -12 -14
right_child=4 2 -4 -5 5 -7 -8 -9 -10 10 12 -13 13 -15
leaf_value=0.010883097727678046 -0.0043273689722525223 -0.0024254109831648878 -6.2207892507183145e-05 0.014284997787131033 -0.0062626420905941725 0.0062216621341877427 0.013245779761131024 0.0017097338441593563 -0.006001730934202071 -0.0068896621566548761 0.0013033397797231863 0.018646778380592616 0.01511592357545857 -0.010198770479770037
leaf_weight=251.35944309085608 1657.6520281836856 136.66559763625264 1870.0541395172477 245.95873410254717 1483.564255134319 280.73320602392778 66.31030179746449 6250.0799469601698 1141.9124829771463 916.87715575151378 4448.4322545768227 50.783075820654631 308.25860819686204 47.908123932546005
leaf_count=678 11074 281 7231 562 8547 2055 361 36944 6697 5610 25943 317 1920 280
internal_value=6.76936e-05 0.00247813 0.00145276 0.00849239 -0.000297302 -0.00345939 -0.00526987 9.73736e-05 -0.00107951 -0.000308926 0.00085603 -0.00519905 0.00209204 0.0113496
internal_weight=19156.5 2504.04 2252.68 382.624 16652.5 1830.61 1549.87 14821.9 8571.82 7429.91 5772.26 967.66 4804.6 356.167
internal_count=108500 8752 8074 843 99748 10963 8908 88785 51841 45144 34070 5927 28143 2200
is_linear=0
shrinkage=0.035


Tree=102
num_leaves=15
num_cat=0
split_feature=70 9 36 34 25 1 57 61 55 30 50 21 25 32
split_gain=13.6532 15.1373 24.6673 19.925 24.0099 27.112 25.1217 24.5559 23.2492 25.1774 21.7645 20.3579 34.1095 24.0411
threshold=-0.4767217538412829 6.4929494355980273 0.080100199515182297 -0.72293031394879004 0.21506733599667638 0.55994939945161615 0.8585255704032303 0.44202116730562374 0.056681283748355356 0.68290479883286348 -0.39625193049639396 0.6814329833488405 0.064738867145446563 0.31862784061711147
decision_type=2 2 2 2 2 2 2 2 2 2 2 2 2 2
left_child=-1 2 3 -2 5 11 -6 8 -7 -10 -9 13 -13 -5
right_child=1 -3 -4 4 6 7 -8 10 9 -11 -12 12 -14 -15
leaf_value=0.0016850964689723818 -0.0069065200527690523 -0.0013809690864264742 0.017389930851930437 0.0058176937093039945 -0.0066726095262769876 0.010338980321716887 0.0092690051966186956 -0.0054842750612950509 0.0051642047000784912 -0.012080331009723442 0.0033510314785464785 -0.011605943345427342 0.009157875336963819 -0.010562225592614365
leaf_weight=4772.0594728441938 380.82433186098933 8753.0305826134718 89.561400450766087 456.37384715210646 720.20883570238948 958.57861791923642 126.6573254019022 449.42181500419974 439.34866037592292 114.14924345165491 1236.8455753959715 425.43133054836653 107.7174168266356 123.16873842105269
leaf_count=26072 1193 63928 290 1682 2289 2901 394 1649 1419 385 4099 1505 341 353
internal_value=6.68943e-05 -0.000471658 0.000942373 0.000614804 0.00119466 0.00225479 -0.00412954 0.00388597 0.00709436 0.00131056 0.000959575 -0.00241974 -0.00723138 0.0021003
internal_weight=19153.4 14381.3 5628.29 5538.73 5157.9 4311.04 846.866 3198.34 1512.08 553.498 1686.27 1112.69 533.149 579.543
internal_count=108500 82428 18500 18210 17017 14334 2683 10453 4705 1804 5748 3881 1846 2035
is_linear=0
shrinkage=0.035


Tree=103
num_leaves=15
num_cat=0
split_feature=7 41 35 79 76 74 7 78 37 9 74 76 76 74
split_gain=13.604 23.8914 22.1277 24.2015 25.052 20.9087 19.3279 23.5303 24.8075 24.5525 31.9031 21.6283 25.7084 35.3982
threshold=0.88145565578149432 0.22374275118307982 -0.06572007780961435 1.322056903774159 0.52901766968064079 -0.44226643100801516 1.0486107060480263 -3.3902669878620908 0.64074856234294075 9.9678214441952786 -1.1269062980153477 -3.9041893477876597 -1.8220725092015082 0.37428318900954266
decision_type=2 2 2 8 10 2 2 8 2 2 2 10 10 2
left_child=1 2 -1 4 -4 -6 7 -2 -9 -10 -11 -8 13 -13
right_child=6 -3 3 -5 5 -7 11 8 9 10 -12 12 -14 -15
leaf_value=-0.019007826927201252 -0.010839217224825932 -0.020972978072990662 0.0031333420833257607 0.016855024867557186 0.0022462907732077107 -0.029400998409569543 -0.0051567687393561665 -0.0095529268428256129 0.011604843123477003 0.016750022673604901 -0.011202457584534633 0.0078613129160129535 -0.00024468255624160814 -0.0019808189323193399
leaf_weight=56.940347888274118 87.797257751692086 78.876601666037459 228.42447680793703 76.426829908974469 37.56429859623313 45.614921151427552 940.36666072806111 88.638194046914577 648.59117686655372 53.913270018063486 136.04552021855488 1146.3532435784582 14808.703263861957 715.55083741107956
leaf_count=491 437 593 1415 444 261 304 4978 504 2747 418 1200 5741 84773 4194
internal_value=6.47682e-05 -0.00539189 -0.00184663 0.00147988 -0.0030803 -0.0174438 0.000223853 0.00487215 0.00655734 0.00844313 -0.00242926 -4.92678e-05 0.000244674 0.00409802
internal_weight=19149.8 523.847 444.971 388.031 311.604 83.1792 18626 1014.99 927.188 838.55 189.959 17611 16670.6 1861.9
internal_count=108500 3508 2915 2424 1980 565 104992 5306 4869 4365 1618 99686 94708 9935
is_linear=0
shrinkage=0.035


Tree=104
num_leaves=15
num_cat=0
split_feature=1 5 16 24 74 36 78 75 27 77 39 79 34 37
split_gain=13.6671 22.8809 21.9411 32.2584 26.3683 27.1652 27.0339 26.2015 25.4341 24.4329 24.364 24.922 23.2166 23.0735
threshold=0.92764610273227055 3.1780538303479462 -0.50471623617118755 -0.020762874907956155 -2.4337636157681604 0.0046129913878751689 -0.27412758834444745 1.3275621688268704 0.089343515369411583 0.24972157482762827 0.024258237551699518 2.1894624590279608 -0.25831553552325254 0.81590207639234602
decision_type=2 2 2 2 2 2 8 2 2 10 2 8 2 2
left_child=2 -2 -1 7 12 13 8 10 9 -7 11 -4 -5 -6
right_child=1 -3 3 4 5 6 -8 -9 -10 -11 -12 -13 -14 -15
leaf_value=-0.0036112430101287005 0.0012268436293172192 -0.012247858936529812 -0.00036091005449739736 -0.017430114161906388 -0.0064926257626658143 0.0040834134752066988 -0.0083031782554720164 -0.0031720987998254918 0.018834959958915563 -0.0088757843895992412 0.0086895214705719152 0.0092590166078502165 0.0022536687804177793 0.0041610454686145026
leaf_weight=2583.2655270642717 9319.9689091113396 137.08253503218293 1499.7626156217957 219.57148829102516 290.84933588979766 392.50062863016501 910.96995713654906 773.04981935152318 63.729833722114563 294.67430171743035 909.19396183581557 402.42800433095545 99.793625498190522 1251.7367319473997
leaf_count=15306 52940 1310 10534 1018 1734 1647 3916 4974 240 1263 4412 2644 461 6101
internal_value=6.05852e-05 0.00100609 -0.000862215 0.000144159 -0.00222748 -0.0012368 -0.00431752 0.00247511 0.000607698 -0.0015676 0.00403937 0.00174945 -0.0115091 0.00209494
internal_weight=19148.6 9457.05 9691.53 7108.26 3523.83 3204.46 1661.87 3584.43 750.905 687.175 2811.38 1902.19 319.365 1542.59
internal_count=108500 54250 54250 38944 16380 14901 7066 22564 3150 2910 17590 13178 1479 7835
is_linear=0
shrinkage=0.035


Tree=105
num_leaves=15
num_cat=0
split_feature=78 7 75 35 78 79 77 79 78 76 77 77 75 7
split_gain=13.6796 43.8029 20.1366 39.5228 38.9653 30.1698 27.3562 25.1198 31.8008 24.3994 26.9664 27.6466 35.4135 39.586
threshold=2.6170579758188568 1.9410094088325394 -0.53588323895266277 0.0046356801596117566 5.3155581534990182 -0.95797659350189679 0.7400724929678304 2.4057310784277912 4.3931234780441279 -1.8220725092015082 -3.7682715235917459 1.0000000180025095e-35 0.10777636165446745 1.6088533194124137
decision_type=8 2 2 2 10 8 10 8 8 8 10 10 2 2
left_child=-1 2 3 4 6 -4 -2 8 -5 -7 -11 12 -12 -14
right_child=1 -3 5 7 -6 9 -8 -9 -10 10 11 -13 13 -15
leaf_value=0.00048779685438137373 0.00027174078235525352 -0.012579471066189916 -0.012952639095033183 0.016629310160327437 0.015385440934411973 0.0071899308694253579 -0.016082270961534115 0.023210072244588348 -0.011054055416717747 -0.021230082090089582 -0.01047828862744777 -0.006009609439787564 0.0016680248997560045 0.023911819353052585
leaf_weight=15814.182157024523 355.9849682167187 397.62180348066613 267.96870153676718 84.273099442012608 117.39348789956421 357.66096977586858 172.81180282717105 145.1831369237043 80.219458234030753 71.473162075504661 134.15240817051381 716.80901583563536 302.19940566364676 127.47405311372131
leaf_count=90006 2047 2753 1319 476 611 1775 1065 775 491 385 678 3836 1558 725
internal_value=5.79008e-05 -0.00197366 -0.000460695 0.00366367 -0.00132818 -0.00247077 -0.0054641 0.0135287 0.00339395 -0.000697206 -0.00285791 -0.00152186 0.00419398 0.00903725
internal_weight=19145.4 3331.23 2933.6 955.866 646.19 1977.74 528.797 309.676 164.493 1709.77 1352.11 1280.63 563.826 429.673
internal_count=108500 18494 15741 5465 3723 10276 3112 1742 967 8957 7182 6797 2961 2283
is_linear=0
shrinkage=0.035


Tree=106
num_leaves=15
num_cat=0
split_feature=77 74 76 33 74 7 78 7 41 41 77 78 75 35
split_gain=13.412 30.6826 26.5181 21.7635 26.5884 39.9022 38.3828 29.6244 25.0397 20.1572 19.4991 29.8312 32.4412 24.7827
threshold=4.0996431486929481 0.62856893378207834 -0.1173816275296377 0.36728667062351156 -0.16260295073495085 1.7921979343826513 1.0000000180025095e-35 1.4358974358973762 0.014590900183839685 0.022176380727237304 2.4315126136044056 -0.39775591630582785 -2.13380123322472 0.015942361567776803
decision_type=8 2 10 2 2 2 10 2 2 2 10 8 2 2
left_child=10 3 9 4 5 6 -2 -8 -7 -3 -1 12 -12 -13
right_child=1 2 -4 -5 -6 8 7 -9 -10 -11 11 13 -14 -15
leaf_value=0.0001516382980336235 0.023075881677261833 -0.0070725465873838272 -0.014191540095619865 -0.0092023138966851742 0.022950184424423814 -0.024296602136553526 -0.011365279510845041 0.014266480578528229 0.0068572041816950891 0.020210054791152739 0.013549596829560372 -0.0042543519311227856 -0.01324763056764809 0.0097171925986950861
leaf_weight=17083.041204163157 154.14772242773324 49.65678193140775 153.79053237079643 62.962733308784664 135.70472823316231 57.270854743663222 103.38955045421608 80.00677048182115 41.523536055348814 48.249233185313642 45.988562803715467 430.41297592173214 480.54126206925139 217.625497716479
leaf_count=96387 754 329 1172 360 711 333 554 418 300 274 325 2445 2901 1237
internal_value=5.56881e-05 0.00421062 -0.00581415 0.00824033 0.0104062 0.00567005 0.0113077 0.000119903 -0.0122526 0.00752014 -0.000150488 -0.00447361 -0.0104969 0.000588046
internal_weight=19144.3 886.702 251.697 635.006 572.043 436.338 337.544 183.396 98.7944 97.906 18257.6 1174.57 526.53 648.038
internal_count=108500 5205 1775 3430 3070 2359 1726 972 633 603 103295 6908 3226 3682
is_linear=0
shrinkage=0.035


Tree=107
num_leaves=15
num_cat=0
split_feature=7 41 35 79 76 74 75 79 39 0 40 35 35 7
split_gain=13.066 22.6707 20.9976 22.6423 23.8567 20.1895 18.5909 42.8559 28.0653 38.2087 35.3185 31.2727 26.5527 25.1085
threshold=0.88145565578149432 0.22374275118307982 -0.06572007780961435 1.322056903774159 0.52901766968064079 -0.44226643100801516 -2.3686175465867243 3.0243408097384097 0.18521825650224832 61.14780795324662 -0.68880858577180026 -0.054687890911407654 -0.0016279323303765678 1.1470649507679544
decision_type=2 2 2 8 10 2 2 10 2 2 2 2 2 2
left_child=1 2 -1 4 -4 -6 7 8 10 -10 -2 -12 -13 -8
right_child=6 -3 3 -5 5 -7 13 -9 9 -11 11 12 -14 -15
leaf_value=-0.018626984620695081 0.012071905684249502 -0.020539946910438242 0.0030157772868973577 0.016212514474872573 0.0022151407332073195 -0.02891992885702243 0.0037194837479039241 -0.015339634094308443 0.022035286382050271 -0.0044327484655974853 0.013891768435988005 -0.0097330507342424533 0.0049777744089177737 -0.00058297402450968919
leaf_weight=56.465736309299245 329.84010346746072 78.174919739540201 228.65127657167614 76.878949226811528 37.580940485931933 45.12291499809362 1843.7936742021702 110.4737166762352 217.02726651611738 84.834831422194839 115.96939092408866 404.35128104467731 217.31048767734319 15296.84726061004
leaf_count=491 2511 593 1415 444 261 304 9215 702 1026 496 796 2779 1599 85868
internal_value=5.46302e-05 -0.00529792 -0.00184979 0.00138334 -0.00303579 -0.0170958 0.000210456 0.00394716 0.00570158 0.0147835 0.00290871 -0.00139923 -0.00459581 -0.000116369
internal_weight=19143.3 522.875 444.7 388.234 311.355 82.7039 18620.4 1479.81 1369.33 301.862 1067.47 737.631 621.662 17140.6
internal_count=108500 3508 2915 2424 1980 565 104992 9909 9207 1522 7685 5174 4378 95083
is_linear=0
shrinkage=0.035


Tree=108
num_leaves=15
num_cat=0
split_feature=78 74 27 76 77 35 76 79 7 78 13 78 38 40
split_gain=12.9987 23.3288 18.4862 15.2872 35.5635 30.3002 29.5222 45.9467 51.0325 30.7995 28.7087 30.5306 30.8841 27.5567
threshold=-7.8180718779674914 -0.50887386591945205 0.032502981073112051 -3.9041893477876597 0.1580809529064279 -0.035261615990733977 -1.4968357681807996 -2.2686320864170448 1.7693923083019245 -0.20308662330379679 0.27273167146727312 0.72195283311469838 0.58838056580472697 0.17781616115399945
decision_type=8 2 2 10 10 2 10 8 2 10 2 10 2 2
left_child=1 2 -1 4 5 -2 7 8 9 -5 -9 -12 -13 -6
right_child=3 -3 -4 6 13 -7 -8 10 -10 -11 11 12 -14 -15
leaf_value=-0.0068900142186358766 0.015412046818993027 -0.014734925991593404 0.017466600059261303 -0.0026338116981473271 -0.020528734420078246 -0.0027596487005267407 -0.00017899495370730817 -0.013847299992249238 0.039567148002386893 0.023619354319143041 0.0063079287852743915 0.0031829086614325267 -0.010287374451578506 -0.0013202212381865791
leaf_weight=67.120141671039164 121.07454865239561 169.81415312178433 49.875797588378191 145.6773558370769 199.92355881817639 534.43997742701322 15262.884002285369 110.18797938083299 66.876212246716022 64.51893163472414 1351.4125261362642 514.56502128927968 323.15592795889825 161.66717791784322
leaf_count=379 593 1057 274 725 1123 2797 87571 675 420 296 7383 2817 1549 841
internal_value=5.18731e-05 -0.0070945 0.00452739 0.000167973 -0.00396334 0.000953626 0.000407694 0.00385792 0.016822 0.00677648 0.00216413 0.00308812 -0.00213205 -0.0124599
internal_weight=19143.2 286.81 116.996 18856.4 1017.11 655.515 17839.3 2576.39 277.072 210.196 2299.32 2189.13 837.721 361.591
internal_count=108500 1710 653 106790 5354 3390 101436 13865 1441 1021 12424 11749 4366 1964
is_linear=0
shrinkage=0.035


Tree=109
num_leaves=15
num_cat=0
split_feature=78 7 7 75 76 41 76 38 76 34 40 74 76 41
split_gain=12.8545 40.9021 20.0278 28.6532 31.5294 37.4847 30.794 34.4206 30.0971 27.6912 29.4984 37.1222 25.9645 25.9536
threshold=2.6170579758188568 1.9410094088325394 0.94849103470223606 -2.3686175465867243 -1.8220725092015082 0.030200548233456418 -2.9110835883138995 0.50293677176804352 0.1230214378419006 -0.20676569861317057 -0.15303941520276526 -0.66756112552533042 -0.371655049841635 -0.031067890948842974
decision_type=8 2 2 2 8 2 10 2 10 2 2 2 10 2
left_child=-1 2 -2 8 5 6 -5 -8 13 10 11 12 -6 -4
right_child=1 -3 3 4 9 -7 7 -9 -10 -11 -12 -13 -14 -15
leaf_value=0.00046767053788260499 -0.012362825470433448 -0.012197476470037757 -0.010047812115015705 -0.01329076942074092 0.0045611513751345027 0.015399807877636831 0.021887091477404485 -0.010127150480195904 0.024698018159166241 -0.0059794747766372947 0.014759675838881568 0.0083375574134630769 -0.015648935070530268 0.016377296429938345
leaf_weight=15814.439203579546 143.5803609683644 395.47701098676771 92.354349747511151 138.3499814409297 105.78127340483479 264.20113483443856 76.321103235706687 55.974829642102122 94.723661755211651 1279.5465351059102 161.91266719065607 250.01657691737637 212.90379450004548 56.591917460318655
leaf_count=90006 887 2753 571 703 510 1272 393 260 615 6592 898 1450 1263 327
internal_value=5.11216e-05 -0.00191942 -0.000459963 0.000236548 -0.000894545 0.00650779 -0.00263487 0.00879065 0.011222 -0.00290881 0.00248498 -0.0013924 -0.00906739 0.000742562
internal_weight=19142.2 3327.74 2932.26 2788.68 2545.01 534.847 270.646 132.296 243.67 2010.16 730.614 568.702 318.685 148.946
internal_count=108500 18494 15741 14854 13341 2628 1356 653 1513 10713 4121 3223 1773 898
is_linear=0
shrinkage=0.035


Tree=110
num_leaves=15
num_cat=0
split_feature=1 27 79 77 37 39 27 7 76 40 76 6 78 79
split_gain=12.8105 22.1066 21.658 29.6779 26.5184 26.215 28.9155 28.176 25.1501 24.9102 22.1022 23.5647 21.971 21.3485
threshold=0.92764610273227055 -0.11389939423012198 1.0402161460285693 -3.7682715235917459 0.58705243301941445 -0.28245655902609551 0.023075878362390962 1.3485160673564445 -0.31484115482246167 0.32660611670625256 1.2698180121606433 1.8065493255307763 5.3155581534990182 -1.0650766436665859
decision_type=2 2 8 8 2 2 2 2 10 2 10 2 10 10
left_child=1 13 4 -4 9 10 -7 8 -8 -2 11 -5 -6 -1
right_child=2 -3 3 5 12 6 7 -9 -10 -11 -12 -13 -14 -15
leaf_value=0.014221076160937688 0.001828662466090735 -0.00128192368153679 -0.0097234399431371712 0.013186624899388592 -0.00044014595816058367 -0.00027057557727982377 0.0079707073381646443 0.010466816815223219 -0.011559632414009195 0.023180420805321698 0.022526211174323997 -0.0059265186483731325 -0.014951931922206318 0.00071463285679096791
leaf_weight=202.39007225318346 179.84904697351158 9073.706200280285 184.34353208169341 177.94882330205292 5795.0864034909755 1590.4824313647114 137.51984800770879 787.06303395889699 146.79125396441668 90.362165382131934 139.1478787176311 116.28204702585936 110.73317124508321 409.8126721389126
leaf_count=1138 1408 50479 1044 1138 33501 8222 766 4491 876 522 932 706 644 2633
internal_value=5.01862e-05 -0.000843574 0.000965563 0.0032549 -0.000256697 0.00408532 0.00273658 0.00712394 -0.00220991 0.0100744 0.0118832 0.00573654 -0.000761785 0.0054884
internal_weight=19141.5 9685.91 9455.61 3279.58 6176.03 3095.24 2661.86 1071.37 284.311 270.211 433.379 294.231 5905.82 612.203
internal_count=108500 54250 54250 18175 36075 17131 14355 6133 1642 1930 2776 1844 34145 3771
is_linear=0
shrinkage=0.035


Tree=111
num_leaves=15
num_cat=0
split_feature=70 9 36 79 74 76 77 78 6 74 75 78 39 79
split_gain=12.67 14.2243 23.125 18.8999 22.6859 21.513 23.7811 23.6539 23.5941 25.5191 22.6253 22.8664 23.2491 36.1709
threshold=-0.4767217538412829 6.4929494355980273 0.080100199515182297 3.9165694068686498 -1.2403581453092889 1.990698462576034 1.3488175843773071 -2.6393919020982866 1.3873532532931006 -0.31766012502391322 -3.3764701121820453 -0.27412758834444745 0.037132471294844052 1.8345710587298472
decision_type=2 2 2 10 2 10 10 8 2 2 2 8 2 8
left_child=-1 2 -2 5 -5 6 7 8 -3 -10 -7 -12 13 -13
right_child=1 3 -4 4 -6 10 -8 -9 9 -11 11 12 -14 -15
leaf_value=0.0016089009400444862 0.00058462350527898699 -0.018263477386549317 0.016816910203393948 0.015985927442571653 0.00051485633468300901 0.02297391588028495 -0.0070766563309142749 -0.00084551716647568236 0.0060895167125388288 -0.010696749163209311 0.0065708563253039625 -0.013614100522230407 0.0066112203587571274 0.0081766552677532151
leaf_weight=4771.8612091958203 5534.0454872634728 173.87135788006708 89.698568224906921 139.35223475005478 433.02879219735041 42.996675844304264 1152.9254455854825 5246.1384646106744 184.1419816755224 226.43115392886102 532.57305205840385 309.65355469565839 187.83197256084532 114.75692111579701
leaf_count=26072 18210 1360 290 876 2896 396 8791 37879 1302 1829 4028 2423 1312 836
internal_value=5.01865e-05 -0.000469026 0.000902205 -0.00135102 0.004694 -0.00178488 -0.0025254 -0.00160433 -0.00816229 -0.00323496 0.00253856 0.00138977 -0.00318241 -0.00761925
internal_weight=19139.3 14367.4 5623.74 8743.7 572.381 8171.32 6983.51 5830.58 584.444 410.573 1187.81 1144.82 612.242 424.41
internal_count=108500 82428 18500 63928 3772 60156 51161 42370 4491 3131 8995 8599 4571 3259
is_linear=0
shrinkage=0.035


Tree=112
num_leaves=15
num_cat=0
split_feature=77 74 76 33 74 75 41 35 77 77 27 79 76 77
split_gain=12.683 28.6425 25.0388 21.1251 20.0044 19.878 18.8693 18.4907 34.0924 22.0579 20.7818 17.7578 27.0407 21.3389
threshold=4.0996431486929481 0.62856893378207834 -0.1173816275296377 0.080164937101993808 -0.16260295073495085 1.5575743934310824 0.022176380727237304 -0.087402887301549909 0.30097443613441782 -0.25841082394619097 -0.052801947649954606 7.6917923690141858 -0.91250937124466958 1.3488175843773071
decision_type=8 2 10 2 2 2 2 2 10 10 2 10 10 10
left_child=7 3 6 5 -5 -2 -3 8 9 -1 -10 13 -13 -9
right_child=1 2 -4 4 -6 -7 -8 11 10 -11 -12 12 -14 -15
leaf_value=0.0071551007319293966 0.015795095452751623 -0.0068371957232979536 -0.013798491333637603 -0.0076967300416225176 0.013173191307794364 -0.003143138188532534 0.019566758896191108 9.3007031897162699e-05 -0.014062785495595137 0.035066000688480398 0.012447275959212564 -0.007296283763171635 0.013884258511305364 -0.003202337082905586
leaf_weight=103.57848568074405 343.89183542178944 49.491732384078205 152.79673003125936 151.60203968919814 63.787053133826703 76.161739567294717 48.397979792207479 14813.559735983028 80.617437308654189 45.507286238484085 38.124783716280945 91.07498486712575 223.98361457104329 2853.9819685334514
leaf_count=677 1842 329 1172 830 338 420 274 83564 543 263 247 433 1065 16503
internal_value=4.96113e-05 0.00409135 -0.00561955 0.00797694 -0.000922013 0.0123745 0.00732208 -0.000150895 0.00865041 0.0188147 -0.00498382 -0.000291443 0.00769148 -0.000442336
internal_weight=19136.6 886.129 250.686 635.443 215.389 420.054 97.8897 18250.4 267.828 149.086 118.742 17982.6 315.059 17667.5
internal_count=108500 5205 1775 3430 1168 2262 603 103295 1730 940 790 101565 1498 100067
is_linear=0
shrinkage=0.035


Tree=113
num_leaves=15
num_cat=0
split_feature=74 9 78 0 76 74 76 79 7 35 76 33 75 37
split_gain=12.5779 37.9663 20.4662 33.9526 18.4807 17.5989 56.2043 44.4506 39.4077 40.4386 36.1335 33.625 22.6045 22.5395
threshold=-4.4196514336716186 22.002308309113623 -0.13669689925010695 52.792108775413134 -0.1173816275296377 -1.6489190945943475 -0.1173816275296377 3.41658891603837 2.0184424689644795 -0.043647738723247113 3.9019222006000187 -0.064111213009258081 -1.4244697368622805 0.66390385553822118
decision_type=2 2 10 2 10 2 10 10 2 2 10 2 2 2
left_child=1 2 -1 4 -4 6 8 10 9 12 -8 -9 -2 -11
right_child=5 -3 3 -5 -6 -7 7 11 -10 13 -12 -13 -14 -15
leaf_value=-0.015470827274696584 0.0092181104105029214 0.016997550096674245 -0.023409203319707552 0.016730785360236849 3.774659028366565e-06 -0.00023541678288441502 -0.0059785655505141221 -0.0053727541845008811 -0.013586273770722829 -0.0038807858252003047 0.010690158212822373 0.027802354949821723 -0.012382739813988826 0.015011276572865342
leaf_weight=239.97556460788473 83.583918309770525 62.646603973582387 52.105701910331845 68.904156368225813 96.64964684098959 15981.044309175559 1158.0897610173561 50.182410451117903 75.403396559879184 77.196622746065259 165.56712802313268 82.349186044186354 121.71056368667632 819.83687180338893
leaf_count=1499 405 916 258 413 501 90569 6704 279 502 334 993 431 662 4034
internal_value=5.00353e-05 -0.00521452 -0.00883959 -0.000841794 -0.00999966 0.000202616 0.00284208 -0.00175524 0.00846077 0.0101841 -0.0037655 0.0161834 -0.00355054 0.0133363
internal_weight=19135.2 520.282 457.635 217.66 148.755 18615 2633.92 1456.19 1177.73 1102.33 1323.66 132.532 205.294 897.033
internal_count=108500 3587 2671 1172 759 104913 14344 8407 5937 5435 7697 710 1067 4368
is_linear=0
shrinkage=0.035


Tree=114
num_leaves=15
num_cat=0
split_feature=78 7 75 36 7 75 76 76 41 76 34 40 74 76
split_gain=12.1953 38.4341 19.6486 24.1148 18.8246 26.6269 29.2134 35.2492 29.8651 27.7525 25.8546 27.5288 34.7249 24.4409
threshold=2.6170579758188568 1.9410094088325394 3.7684929775447524 -0.012513522189733844 0.94849103470223606 -2.3686175465867243 -1.8220725092015082 -2.9110835883138995 0.038001150745133529 0.1230214378419006 -0.20676569861317057 -0.15303941520276526 -0.66756112552533042 -0.371655049841635
decision_type=8 2 2 2 2 2 8 10 2 10 2 2 2 10
left_child=2 4 -1 -4 -2 9 7 8 -7 -6 11 12 13 -8
right_child=1 -3 3 -5 5 6 10 -9 -10 -11 -12 -13 -14 -15
leaf_value=0.00018481814879148611 -0.012022014535213909 -0.011862420166409159 0.021171066512473895 0.003253992366609866 0.0006969199175870254 -0.01294946601378698 0.0043922537573629255 0.014556547475827283 0.009216570119625369 0.023645371255812127 -0.0057915423734545236 0.014217326688043723 0.0080206758827671924 -0.015230997744443817
leaf_weight=15108.860457879433 142.9632742840331 393.41817278158851 90.863342807395384 610.10363088548183 148.88848097254231 142.17021659994498 105.90125348733272 274.60140339378268 118.78541423939168 95.699429565574974 1276.9817250557244 162.6323898434639 250.79280561488122 211.58108140341938
leaf_count=85718 887 2753 590 3698 898 727 510 1331 570 615 6592 898 1450 1263
internal_value=4.87586e-05 -0.00187166 0.000454429 0.00609937 -0.000459323 0.000214985 -0.000877636 0.00624146 -0.00292179 0.0107845 -0.00281932 0.00238946 -0.00136378 -0.00881297
internal_weight=19134.2 3324.42 15809.8 700.967 2931 2788.03 2543.45 535.557 260.956 244.588 2007.89 730.908 568.275 317.482
internal_count=108500 18494 90006 4288 15741 14854 13341 2628 1297 1513 10713 4121 3223 1773
is_linear=0
shrinkage=0.035


Tree=115
num_leaves=15
num_cat=0
split_feature=1 5 27 54 79 6 6 78 40 12 73 78 27 25
split_gain=12.0854 21.4664 20.799 20.0533 22.8366 22.5478 27.022 19.6606 23.103 19.5703 21.9196 19.4045 19.3081 18.5423
threshold=0.92764610273227055 3.1780538303479462 -0.11389939423012198 -0.79859570624994569 -1.0650766436665859 1.5319148936170239 1.6878498754806202 -3.3902669878620908 -0.10830134007495147 -0.2496814955831245 0.050404128584766686 0.3885352045257951 0.02609202839297145 -0.14988866200682449
decision_type=2 2 2 2 10 2 2 8 2 2 2 10 2 2
left_child=2 7 3 -1 11 -6 -7 8 -2 -9 -11 -5 -3 -4
right_child=1 12 13 4 5 6 -8 9 -10 10 -12 -13 -14 -15
leaf_value=-0.0082647474340707492 0.0025900783708204017 0.0078552877912670942 -0.0038045971795530277 0.02416277773443622 -0.0068315731640993145 0.026043484406741414 8.7992048651868986e-05 0.0048738080281852192 -0.009719950841289399 0.0074007594650685807 0.0001702701178497843 -0.00085322799644982849 -0.018623963273865153 -0.0002680447266618791
leaf_weight=94.958085609599948 323.03388991579413 33.635780682787299 2490.9318205872551 124.0503855664283 157.76898384466767 60.538984623737633 126.36509202374145 1774.1974797733128 401.64218631479889 539.47020197659731 6278.9557428006083 49.781165255699307 102.80451975762844 6575.3913008475502
leaf_count=578 1860 337 15309 681 1021 381 833 8986 2436 2822 36836 277 973 35170
internal_value=4.84501e-05 0.000937535 -0.000820015 0.00531519 0.00801678 0.00245687 0.0101999 0.00115106 -0.00431041 0.0016206 0.000762314 0.01765 -0.0119265 -0.00124593
internal_weight=19133.5 9453.74 9679.79 613.463 518.505 344.673 186.904 9317.3 724.676 8592.62 6818.43 173.832 136.44 9066.32
internal_count=108500 54250 54250 3771 3193 2235 1214 52940 4296 48644 39658 958 1310 50479
is_linear=0
shrinkage=0.035


Tree=116
num_leaves=15
num_cat=0
split_feature=76 7 76 74 29 35 7 4 32 18 79 32 79 33
split_gain=12.0105 29.8253 22.2904 37.0341 26.4713 29.6465 22.6134 22.1919 21.1942 20.8684 20.589 19.8577 22.072 19.3155
threshold=-3.9041893477876597 1.1151384489847447 -1.8220725092015082 -1.0000000180025095e-35 0.82343552389758046 0.014285879807722201 0.88145565578149432 7.5000000000000009 -0.52976823202506973 -0.69544164291996602 -1.8574410151526122 0.21655295524719129 -1.535156505399013 -0.0070853562855364418
decision_type=10 2 10 2 2 2 2 2 2 2 8 2 8 2
left_child=1 -1 3 4 5 -2 -4 10 -3 -6 -5 -10 -13 -11
right_child=2 8 6 7 9 -7 -8 -9 11 13 -12 12 -14 -15
leaf_value=0.010578068813120373 0.0069929181353179859 0.0055802202050206275 -0.0077187454930703154 0.0092601468195324926 -0.0012857278012011119 -0.012782918340464342 5.0460065105193143e-05 0.0095149223579499738 -0.012053256999512731 0.0080995767163398284 -0.0059826445594102686 0.014597598701796713 -0.0067650714360965817 0.022190189483529063
leaf_weight=137.58703989442438 289.84758332022466 147.51931695733219 452.79965251288377 109.87034618854523 107.76764478697442 112.72734278440475 15640.455563746124 172.42638576147147 513.50566546880873 278.91461895871907 686.58115130267106 68.078616310842335 161.01857622899115 250.59228931320831
leaf_count=677 1433 778 3163 630 566 482 89177 1070 2668 1372 3918 382 897 1287
internal_value=4.75692e-05 -0.00359602 0.000258168 0.00371549 0.00823834 0.00111246 -0.000177444 -0.00120711 -0.00597124 0.012569 -0.00370457 -0.00835212 0.000245417 0.015333
internal_weight=19129.7 1027.71 18102 2008.73 1039.85 402.575 16093.3 968.878 890.122 637.275 796.451 742.603 229.097 529.507
internal_count=108500 5402 103098 10758 5140 1915 92340 5618 4725 3225 4548 3947 1279 2659
is_linear=0
shrinkage=0.035


Tree=117
num_leaves=15
num_cat=0
split_feature=78 74 27 76 77 35 40 77 76 79 7 78 13 78
split_gain=11.972 21.682 17.4814 13.4422 33.0503 28.3314 26.3498 47.8481 24.7503 43.0687 47.7531 28.788 26.5073 28.8749
threshold=-7.8180718779674914 -0.50887386591945205 0.032502981073112051 -3.9041893477876597 0.1580809529064279 -0.035261615990733977 0.17781616115399945 1.6154369947737723 -1.4968357681807996 -2.2686320864170448 1.7693923083019245 -0.20308662330379679 0.27273167146727312 0.72195283311469838
decision_type=8 2 2 10 10 2 2 10 10 8 2 10 2 10
left_child=1 2 -1 4 5 -2 -6 -8 9 10 11 -5 -11 -14
right_child=3 -3 -4 8 6 -7 7 -9 -10 12 -12 -13 13 -15
leaf_value=-0.0067644657618088841 0.0149686336056162 -0.014241651313910702 0.016901907805525657 -0.0027335218154494905 -0.019900135756634414 -0.0025946247709693966 -0.016928663708477516 0.017302747088304319 -0.00015492070522884352 -0.013520679449896192 0.037916320610730456 0.022590154324703082 0.005912007814659964 -0.0022896508846001699
leaf_weight=66.978737595491111 121.34502053726465 168.32085298327729 50.127129826694727 145.75552408862859 197.63549079652876 533.06707745185122 87.377953341754619 73.707129343412817 15249.595811812746 109.5568763485644 67.742717826273292 64.912984615191817 1354.5290892067133 837.65802220534533
leaf_count=379 593 1057 274 725 1123 2797 458 383 87571 675 420 296 7383 4366
internal_value=4.72891e-05 -0.00682678 0.0043537 0.000158544 -0.00372325 0.00100938 -0.0119543 -0.00108443 0.000383042 0.00353932 0.0160583 0.00635154 0.00189978 0.0027857
internal_weight=19128.3 285.427 117.106 18842.9 1013.13 654.412 358.721 161.085 17829.8 2580.16 278.411 210.669 2301.74 2192.19
internal_count=108500 1710 653 106790 5354 3390 1964 841 101436 13865 1441 1021 12424 11749
is_linear=0
shrinkage=0.035


Tree=118
num_leaves=15
num_cat=0
split_feature=3 40 54 36 40 56 20 79 6 74 75 40 41 77
split_gain=11.737 16.505 24.7562 20.8946 20.8302 18.487 17.2035 16.0967 15.8194 25.8523 26.1285 21.2901 26.2804 22.0618
threshold=1.1747340824358135 -0.042488612141936201 -0.79859570624994569 0.040517612913423005 -0.57355004641414198 1.3781204453472964 0.18692121508611889 1.4354458299056394 2.0462229336179125 1.4068364810254494 3.2198182182808712 -0.064126844335908165 -0.087256549454014107 -2.8320422598442576
decision_type=2 2 2 2 2 2 2 8 2 2 2 2 2 10
left_child=1 4 -3 5 -1 6 -4 -5 -2 10 11 12 -10 -14
right_child=8 2 3 7 -6 -7 -8 -9 9 -11 -12 -13 13 -15
leaf_value=-0.0039999787438262137 9.073974356935107e-05 -0.012791981289751153 -0.0054215539867096272 0.012419194277429249 0.0082153887534600397 0.008763891034588675 0.0077979079334442895 -0.0047290315940893019 0.0045959449300569744 0.0066010829677785546 0.013722151911973228 -0.011696577972208244 0.012057486991857743 -0.0090705043965565238
leaf_weight=203.12932435050607 14801.218810959552 146.86828370019794 707.9337138608098 271.50347862020135 797.53708325326443 171.10057467967272 126.27553126215935 75.384022645652294 350.38273178692907 256.55932356184348 67.941656868904829 514.54929867293686 49.968279127031565 586.47117273218464
leaf_count=680 88785 497 2467 961 2832 536 464 315 2348 1889 366 2796 270 3294
internal_value=4.68523e-05 0.002273 -6.35363e-05 0.00148525 0.00570595 -0.00110318 -0.00328478 0.00863797 -0.000290158 -0.00334539 -0.00503409 -0.0060521 -0.00293508 -0.00709488
internal_weight=19126.8 2499.73 1499.07 1352.2 1000.67 1005.31 834.209 346.888 16627.1 1825.87 1569.31 1501.37 986.822 636.439
internal_count=108500 8752 5240 4743 3512 3467 2931 1276 99748 10963 9074 8708 5912 3564
is_linear=0
shrinkage=0.035


Tree=119
num_leaves=15
num_cat=0
split_feature=74 9 9 74 76 79 7 35 76 33 75 78 32 75
split_gain=11.7428 35.6078 19.7495 16.205 51.3922 41.9716 36.8368 38.0171 33.4837 31.5026 21.7381 37.3598 38.1749 37.5612
threshold=-4.4196514336716186 22.002308309113623 8.2104114598932458 -1.6489190945943475 -0.1173816275296377 3.41658891603837 2.0184424689644795 -0.043647738723247113 3.9019222006000187 -0.064111213009258081 0.46808166628826792 -0.13669689925010695 -0.2998000667924961 6.0332873572128678
decision_type=2 2 2 2 10 10 2 2 10 2 2 10 2 2
left_child=1 2 -1 4 6 8 7 -2 -6 -7 -5 12 -12 -13
right_child=3 -3 -4 10 5 9 -8 -9 -10 -11 11 13 -14 -15
leaf_value=-0.0025163500429002113 -0.0035655037549510837 0.016344573161610698 -0.017263032288667105 0.00087448914281186649 -0.0057721424406168452 -0.0051782719795925103 -0.013264434870604521 0.012800112687767927 0.010258916802669478 0.026939803845691782 0.0057747822251812478 -0.0052472331348211738 -0.0018418225532504237 0.014464088303152668
leaf_weight=283.56669417303056 205.14045181497931 63.434143775608391 172.37295597698539 9239.8457547711369 1155.3661993844435 50.070840512868017 75.018107039388269 899.49579718045425 166.04077177122235 82.717548561282456 1190.8327364593279 3043.2509250003059 2393.1735910610878 104.31205689068884
leaf_count=1088 1067 916 1583 53184 6704 279 502 4368 993 431 6941 16936 12917 591
internal_value=4.61605e-05 -0.00504497 -0.00858264 0.000193546 0.00272626 -0.00167648 0.00809112 0.00975152 -0.00363484 0.0157364 -0.000227012 -0.00173706 0.000706896 -0.00450679
internal_weight=19124.6 519.374 455.94 18605.3 2633.85 1454.2 1179.65 1104.64 1321.41 132.788 15971.4 6731.57 3584.01 3147.56
internal_count=108500 3587 2671 104913 14344 8407 5937 5435 7697 710 90569 37385 19858 17527
is_linear=0
shrinkage=0.035


Tree=120
num_leaves=15
num_cat=0
split_feature=16 1 34 12 61 68 59 72 54 27 40 34 75 21
split_gain=11.6929 25.6766 27.0541 24.8108 20.2594 22.7247 20.5865 18.6677 18.3407 22.3136 20.8616 17.1019 24.578 20.1553
threshold=-0.50471623617118755 0.95143940881652067 0.74163510884823636 -0.2496814955831245 0.20853231137451486 0.63830122922963561 -0.20302093289632131 1.7359898850465159 -0.090349163418720138 -0.10421254055783426 0.30160453426623662 -0.053343584285983868 2.571602008737389 0.42447773918948223
decision_type=2 2 2 2 2 2 2 2 2 2 2 2 2 2
left_child=1 2 -1 4 -3 -6 -7 -8 11 10 -10 12 13 -2
right_child=8 3 -4 -5 5 6 7 -9 9 -11 -12 -13 -14 -15
leaf_value=-0.0047378189632142379 -0.0070427098637236276 0.012054650034041497 0.0081180724945644541 -0.0048810317591120528 -0.010489701794126369 -0.010393183255391155 0.0074120676083208855 -0.011102853560641147 0.012390627459878505 0.0011531652602362946 -0.0033614859851088539 -0.0024568708486734422 0.015582764642617588 0.001497132377005506
leaf_weight=2439.1904571335763 368.23090360197239 290.64479715563357 200.28534605383174 488.29400173760951 138.18355309404433 90.486440408043563 716.58517855405807 55.697571542114019 391.26353946537711 7459.2378774356694 127.66614610282704 3613.029959486099 116.78187672514468 2628.5018661703216
leaf_count=14547 2557 1339 1116 2598 693 439 3623 272 2194 42834 697 19501 733 15357
internal_value=4.56074e-05 -0.00152896 -0.00370859 0.00170859 0.00423626 0.00177438 0.00393178 0.00583019 0.000520265 0.00165341 0.00853439 -0.000824642 0.00107304 0.000408044
internal_weight=19124.1 4419.37 2639.48 1779.89 1291.6 1000.95 862.769 772.283 14704.7 7978.17 518.93 6726.54 3113.51 2996.73
internal_count=108500 24627 15663 8964 6366 5027 4334 3895 83873 45725 2891 38148 18647 17914
is_linear=0
shrinkage=0.035


Tree=121
num_leaves=15
num_cat=0
split_feature=78 35 79 6 76 75 34 29 0 38 78 7 79 77
split_gain=11.7266 21.845 37.2317 32.0349 31.1626 30.0593 25.5871 22.3631 22.1118 23.5745 23.068 21.2584 34.8499 48.7739
threshold=-2.3666317366255454 0.0092604824997415472 1.2217154552124889 1.1176794150003249 -1.2278592094972145 -0.60615483010319215 -0.33490337868499159 0.61379185615208953 45.909274580193035 0.38214667186599222 -2.6393919020982866 1.6392167949513021 0.72420063283549629 0.24972157482762827
decision_type=10 2 8 2 8 2 2 2 2 2 8 2 8 10
left_child=1 3 7 -1 -4 -6 -5 -3 9 -8 -11 -2 13 -13
right_child=11 2 4 6 5 -7 8 -9 -10 10 -12 12 -14 -15
leaf_value=-0.016614944383418078 -0.00051738765826636981 0.0078264184571278268 0.019291581281639613 0.0023958234961938539 0.016762290086608518 -0.0027304946843158045 -0.010602785321495443 -0.0059841804341397081 -0.0122992398334263 0.007658750889377181 -0.0064655537371259755 0.0035856152973733329 0.0056190921285127595 -0.0047567378712567703
leaf_weight=200.93469028174877 9822.6514876446017 161.76375055173412 181.23911005165428 776.7830933840014 112.93554775137454 342.31638596812263 255.4874712114688 689.76431247359142 391.66003237105906 324.52172263548709 221.56117291562259 1969.0573578739277 2179.9134637698298 1490.4502646636683
leaf_count=1126 52109 1071 833 4948 606 1981 1632 4125 2138 1552 935 12241 13527 9676
internal_value=4.40689e-05 -0.0017322 0.00152281 -0.00395679 0.0078009 0.00260704 -0.0025117 -0.0032412 -0.00569328 -0.00224467 0.00190216 0.000466102 0.0021749 -1.51807e-05
internal_weight=19121 3658.97 1488.02 2170.95 636.491 455.252 1970.01 851.528 1193.23 801.57 546.083 15462.1 5639.42 3459.51
internal_count=108500 20947 8616 12331 3420 2587 11205 5196 6257 4119 2487 87553 35444 21917
is_linear=0
shrinkage=0.035


Tree=122
num_leaves=15
num_cat=0
split_feature=77 74 21 35 76 27 79 35 77 79 27 7 78 78
split_gain=11.9076 27.4094 26.2791 23.0893 22.092 30.8086 22.716 17.5743 31.3708 21.2781 19.7963 19.1054 16.0577 36.605
threshold=4.0996431486929481 0.92613826616862971 0.44174444709832295 -0.059440892442140326 1.386278532940366 -0.038914629702784136 1.5542874568597449 -0.087402887301549909 0.30097443613441782 0.72420063283549629 -0.052801947649954606 1.2375480646590453 -2.3666317366255454 -0.46762274085181837
decision_type=8 2 2 2 10 2 8 2 10 10 2 2 8 10
left_child=7 3 -3 -2 12 -6 -7 8 9 11 -10 -1 -5 -14
right_child=1 2 -4 4 5 6 -8 -9 10 -11 -12 -13 13 -15
leaf_value=0.0038645766375940914 -0.012840251629329421 0.015481660490232294 -0.012343066011818187 -0.0016527813834309221 0.017602137787552263 -0.013791873949857548 0.011374119839950908 -0.00028906204495453985 -0.013636017080126918 0.00017692120063481876 0.012245002143578916 0.036705451740442686 0.033192820891075829 0.008002512126876608
leaf_weight=37.346554377116263 46.740964852273464 34.784391699358821 172.64239741908386 61.90545464027673 71.671579639660195 132.67306213453412 44.467177144251764 17966.985056466139 80.056405729614198 55.105361070483923 38.1700766205322 57.496698595583439 98.350175822619349 222.18881811900064
leaf_count=196 262 315 1198 344 367 767 269 101565 543 287 247 457 474 1209
internal_value=4.25149e-05 0.00396028 -0.00672588 0.00732865 0.00917051 0.000897377 -0.00696149 -0.000151846 0.00842329 0.0181199 -0.00471746 0.0266988 0.0142408 0.0172271
internal_weight=19120.6 885.424 207.427 677.997 631.256 248.812 177.14 18235.2 268.175 149.949 118.226 94.8433 382.444 320.539
internal_count=108500 5205 1513 3692 3430 1403 1036 103295 1730 940 790 653 2027 1683
is_linear=0
shrinkage=0.035


Tree=123
num_leaves=15
num_cat=0
split_feature=70 29 20 37 40 44 55 64 31 32 32 68 24 60
split_gain=11.6487 13.8127 18.6001 18.4466 21.6054 24.2859 17.1477 16.5905 15.5249 15.3475 28.358 17.1334 17.3379 16.0485
threshold=-0.4767217538412829 1.4366380196428306 0.14714437924549703 0.81590207639234602 0.57435808646876607 0.62572583538107207 0.28599175150775119 1.0640525366988851 -0.1461339440050172 -0.42129612787151427 -0.70962376941219674 0.85907440233454102 -0.51766519458206928 0.90663158834324842
decision_type=2 2 2 2 2 2 2 2 2 2 2 2 2 2
left_child=1 3 -3 4 5 -1 9 -7 -8 10 -5 12 -11 -13
right_child=-2 2 -4 6 -6 7 8 -9 -10 11 -12 13 -14 -15
leaf_value=0.013431264647283251 -0.0004543013953581233 -0.0042493781238637108 0.0083550680327563031 -0.000158762404531914 -0.013310578538982248 0.002577037627306141 -0.016442357860531834 -0.0082622590475209153 0.0015057441930657275 0.021286283694043433 0.013797330804951893 -0.0040167315953723286 0.0049264520888202667 0.0038875422733756493
leaf_weight=129.01570860296488 14349.490550308416 823.62706088018604 153.61486263200641 275.92805421585217 143.73980527883396 383.205572458799 71.696581846801564 285.3084064522991 157.49572807177901 78.266984923742712 482.04884883458726 526.80181591364089 537.83932017112966 721.70720944064669
leaf_count=842 82428 4529 788 1732 800 2407 452 1687 825 425 2629 2613 2638 3705
internal_value=4.40239e-05 0.00153867 -0.00214023 0.00249276 -0.00172841 0.000633626 0.00388834 -0.00215458 -0.00497786 0.00469498 0.00884339 0.00293268 0.00760865 0.00054163
internal_weight=19119.8 4770.3 977.242 3793.05 941.269 797.53 2851.78 668.514 229.192 2622.59 757.977 1864.62 616.106 1248.51
internal_count=108500 26072 5317 20755 5736 4936 15019 4094 1277 13742 4361 9381 3063 6318
is_linear=0
shrinkage=0.035


Tree=124
num_leaves=15
num_cat=0
split_feature=78 7 0 79 76 7 7 35 41 76 75 76 77 77
split_gain=11.4492 36.1726 18.098 17.9399 52.4362 30.3766 29.1673 31.0892 24.1899 23.4699 36.2559 29.7314 32.1667 40.7773
threshold=2.6170579758188568 1.9410094088325394 83.199751477672265 2.4057310784277912 3.3824448665438451 0.94849103470223606 1.7693923083019245 -0.026414780090742832 0.082930562519757958 1.2698180121606433 1.0388311269913781 -1.0000000180025095e-35 0.827656986720961 0.46125938145577394
decision_type=8 2 2 8 10 2 2 2 2 10 2 8 10 10
left_child=-1 3 -3 4 5 -2 9 -8 -9 11 -11 12 13 -5
right_child=1 2 -4 6 -6 -7 7 8 -10 10 -12 -13 -14 -15
leaf_value=0.00043627862065811048 -0.020259531068943449 -0.014589464932323713 0.0049641426808675424 0.0020724614221709283 -0.028011480472921145 -4.9574931326282916e-05 -0.0077093948699813678 0.03309582782689921 0.0015438332364507083 0.01731648403116412 -0.0099733927851318547 -0.010845292650574006 -0.010550585598938688 0.028898810932650204
leaf_weight=15800.217126445423 77.342224307358265 332.2763509945944 59.143469030037522 408.84055527672172 76.302256627008319 1423.4902121488703 43.284419164992869 78.402542409487069 45.594725182279944 180.58827355736867 69.563731797970831 299.93535472184885 160.03286884352565 64.55602621473372
leaf_count=90006 511 2402 351 2010 497 7581 251 488 284 942 359 1617 912 289
internal_value=4.32374e-05 -0.00181906 -0.0115372 -0.000450428 -0.00296859 -0.00134378 0.00249009 0.015325 0.0233198 0.000451434 0.00955103 -0.00213656 0.00219285 0.00675385
internal_weight=19119.6 3319.35 391.42 2927.93 1577.13 1500.83 1350.8 167.282 123.997 1183.52 250.152 933.365 633.429 473.397
internal_count=108500 18494 2753 15741 8589 8092 7152 1023 772 6129 1301 4828 3211 2299
is_linear=0
shrinkage=0.035


Tree=125
num_leaves=15
num_cat=0
split_feature=74 9 74 79 76 35 77 0 40 7 77 21 9 78
split_gain=11.4663 26.3018 20.0103 42.1771 34.9279 35.4884 27.6433 37.1637 31.9011 24.3043 24.03 32.7837 22.7371 21.7259
threshold=-3.6263743611355173 24.367053748978254 -1.6489190945943475 3.9165694068686498 -0.1173816275296377 -0.043647738723247113 1.1122639346414911 58.845314659468734 0.30160453426623662 2.0184424689644795 2.167861061239718 0.6987891055357347 11.072514846685442 1.0186194466142215
decision_type=2 2 2 10 10 2 8 2 2 2 10 2 2 8
left_child=1 -1 3 4 5 -2 7 8 12 -7 -8 -12 -6 -9
right_child=2 -3 -4 -5 6 9 10 13 -10 -11 11 -13 -14 -15
leaf_value=-0.0056099192688223009 -0.0071562701504429361 0.017331946501357071 -0.00021754309700847124 0.019442404256414997 -0.016520684251679033 0.01152811861879551 0.014783262695849822 -0.0016961328774252849 0.0090708144451616991 -0.0098013870837899628 0.013200967110190883 -0.01281509178586022 0.002532044413936996 0.019492424860987425
leaf_weight=782.55595646402799 169.94561389554292 46.9445616514422 15965.80953633118 161.91008334187791 427.95275544328615 740.2612575176172 165.00555446418002 160.68703666701913 76.673343299888074 56.580298106651753 80.495792994275689 125.80030862055719 86.7009561592713 71.392374083399773
leaf_count=4660 916 720 90569 806 2039 3566 885 977 425 377 492 810 860 398
internal_value=4.10907e-05 -0.00393407 0.000225483 0.00324571 0.00186535 0.00674359 -0.00212828 -0.00566562 -0.0102292 0.0098107 0.00560484 -0.00239422 -0.0133363 0.00585129
internal_weight=19118.7 829.501 18289.2 2323.41 2161.5 966.787 1194.71 823.406 591.327 796.842 371.302 206.296 514.654 232.079
internal_count=108500 5380 103120 12551 11745 4859 6886 4699 3324 3943 2187 1302 2899 1375
is_linear=0
shrinkage=0.035


Tree=126
num_leaves=15
num_cat=0
split_feature=78 74 27 76 77 35 40 77 76 79 7 78 32 77
split_gain=11.4076 20.284 16.3734 12.9904 30.6023 26.9487 25.1657 45.262 21.9291 40.9977 44.8311 27.1897 25.5544 29.3225
threshold=-7.8180718779674914 -0.50887386591945205 0.032502981073112051 -3.9041893477876597 0.1580809529064279 -0.040697153414280332 0.17781616115399945 1.6154369947737723 -1.4968357681807996 -2.2686320864170448 1.7693923083019245 -0.20308662330379679 -0.39653033576297669 0.46125938145577394
decision_type=8 2 2 10 10 2 2 10 10 8 2 10 2 10
left_child=1 2 -1 4 5 -2 -6 -8 9 10 11 -5 -11 -14
right_child=3 -3 -4 8 6 -7 7 -9 -10 12 -12 -13 13 -15
leaf_value=-0.0066467630082071337 0.015882034173556821 -0.013885168014796116 0.016235848756873717 -0.0027191974168110757 -0.019427861417293746 -0.002311283667946844 -0.016493572704856841 0.016822311335463806 -0.00013630563724871295 0.0083125338264829086 0.036606335625807229 0.021865690190098104 -0.0028088211335834589 0.0076141466540581163
leaf_weight=66.801354049239308 100.78888939600438 167.21904959599487 50.402217861264944 145.66395841678604 195.92862283426803 553.70085120527074 86.789709027973004 73.916180748492479 15239.646208517188 532.43544035148807 68.432477459311485 65.157698960974813 1355.463889978826 415.30054665450007
leaf_count=379 492 1057 274 725 1123 2898 458 383 87571 3021 420 296 7279 2124
internal_value=4.15069e-05 -0.00667978 0.00412593 0.000149991 -0.00366988 0.000878276 -0.01162 -0.00100415 0.00037058 0.00333988 0.0155344 0.00611537 0.00174034 -0.000306567
internal_weight=19117.6 284.423 117.204 18833.2 1011.12 654.49 356.635 160.706 17822.1 2582.45 279.254 210.822 2303.2 1770.76
internal_count=108500 1710 653 106790 5354 3390 1964 841 101436 13865 1441 1021 12424 9403
is_linear=0
shrinkage=0.035


Tree=127
num_leaves=15
num_cat=0
split_feature=77 74 21 33 76 79 78 40 32 35 77 77 27 79
split_gain=11.2053 25.8646 24.9934 19.862 21.6046 27.6149 18.6562 33.2607 18.3368 16.8233 29.3653 21.0564 18.8074 15.5221
threshold=4.0996431486929481 0.92613826616862971 0.44174444709832295 0.080164937101993808 -0.1635236340508644 -0.66135526552939716 -0.39775591630582785 0.22647867661243046 -0.19152866363885593 -0.087402887301549909 0.30097443613441782 -0.25841082394619097 -0.052801947649954606 7.6917923690141858
decision_type=8 2 2 2 10 10 10 2 2 2 10 10 2 10
left_child=9 3 -3 6 -5 -6 7 -2 -8 10 11 -1 -12 -11
right_child=1 2 -4 4 5 -7 8 -9 -10 13 12 -13 -14 -15
leaf_value=0.0063789736652011663 0.02606493474331328 0.015051381225945095 -0.012058011139366803 0.010413518697200407 0.007339905844491886 -0.021425605659298873 -0.0078077461256918614 -0.0041343082408298757 0.010698102014957285 -0.00042211883642332738 -0.013265625938817308 0.033290023348660873 0.01196449663063779 0.0071793630851607945
leaf_weight=104.4577821213752 152.2609867407009 34.974673005752265 171.92653467832133 93.300498952856287 57.343844152987003 76.391566483769566 85.620555353350937 53.649083430878818 159.68895912659355 17647.266140377535 79.555880111642182 46.288783004507422 38.265682528261095 315.34544308716431
leaf_count=677 812 315 1198 459 324 453 499 274 871 100067 543 263 247 1498
internal_value=4.21006e-05 0.00384315 -0.00655266 0.00711124 -0.00128602 -0.00974109 0.0112117 0.0185272 0.00413733 -0.000146456 0.00823763 0.0175738 -0.00452434 -0.000280833
internal_weight=19116.3 885.157 206.901 678.255 227.036 133.735 451.22 205.91 245.31 18231.2 268.568 150.747 117.822 17962.6
internal_count=108500 5205 1513 3692 1236 777 2456 1086 1370 103295 1730 940 790 101565
is_linear=0
shrinkage=0.035


Tree=128
num_leaves=15
num_cat=0
split_feature=3 29 37 44 1 7 40 78 79 77 77 31 27 9
split_gain=11.2166 18.8004 23.9882 19.4287 18.3991 18.1912 20.5272 18.7212 17.591 18.9325 25.244 16.0756 21.4937 16.8624
threshold=4.7704350842203169 1.5480749412701773 0.83276560537863487 0.49690399499996168 0.95143940881652067 1.3485160673564445 0.77417710510494431 -0.39775591630582785 2.4057310784277912 -0.83810573093620755 0.35408854791060712 -0.57915923103037803 -0.084298359712398713 11.847133757962199
decision_type=2 2 2 2 2 2 2 10 8 8 10 2 2 2
left_child=11 2 4 -3 -2 -4 8 -8 -7 -10 -11 12 13 -1
right_child=1 3 5 -5 -6 6 7 -9 9 10 -12 -13 -14 -15
leaf_value=0.0094063743412990848 -0.0085106485151161884 0.012635436014019848 -0.0050134482406326234 -0.012109792306758448 0.015318108485177935 6.5998013073566847e-05 -0.0014667622111541414 0.03442149174911309 -0.0041689638693446366 0.033470563468021269 0.0037502266494864904 0.00017739297571482492 0.013784285521663074 -0.010380288253963385
leaf_weight=73.119997402653098 517.37301477021538 27.562228638445958 344.79551105003338 317.94100164093834 24.763448459096253 727.85885565177887 25.40716869267635 29.324465193785727 57.955305509502068 50.897977291606367 80.655190061195754 16508.58053445816 226.13179276883602 102.7586180139333
leaf_count=289 5882 272 3699 3362 441 8171 317 335 568 520 910 82154 1054 526
internal_value=4.30886e-05 -0.00229349 -0.000857104 -0.00955238 -0.00691594 0.00170333 0.00413876 0.0218277 0.0026402 0.011577 0.0181486 0.000350044 0.00709557 -0.00203365
internal_weight=19115.1 2204.53 1859.03 345.503 542.136 1316.89 972.099 54.7316 917.367 189.508 131.553 16910.6 402.01 175.879
internal_count=108500 24477 20843 3634 6323 14520 10821 652 10169 1998 1430 84023 1869 815
is_linear=0
shrinkage=0.035


Tree=129
num_leaves=15
num_cat=0
split_feature=78 35 32 79 7 6 6 62 6 6 40 78 76 77
split_gain=10.927 36.6368 42.938 27.6156 30.9856 21.0809 20.8186 20.8079 19.8094 37.6742 31.545 26.8556 26.8374 25.0719
threshold=-5.7190736881343023 0.014285879807722201 0.21655295524719129 0.25483396468440628 2.0606557831480914 1.1176794150003249 1.3533581153192207 -0.066893205387847196 0.96060125309574529 1.012074701446023 0.25088236315092755 0.91439502544610052 -0.1173816275296377 -0.61149274182031654
decision_type=10 2 2 8 2 2 2 2 2 2 2 10 10 10
left_child=1 2 5 -3 7 -1 -7 -5 10 12 11 13 -10 -2
right_child=8 3 -4 4 -6 6 -8 -9 9 -11 -12 -13 -14 -15
leaf_value=-0.017611680373820434 0.017726732027523177 -0.0067494407164851349 -0.017732495218071392 0.0182927816756785 -0.015108437075114207 0.0098948313606582548 -0.003312193627190943 0.0031505881161729564 -0.0011913334801875758 0.00028020743939634205 -0.0024162572697640217 0.024221483170917438 -0.022582124542762566 -0.0012369412700473802
leaf_weight=78.979723499622196 113.53082273807377 196.41546108527109 276.89665438234806 221.52660487638786 44.970052963588387 165.79767688224092 666.86104672471993 224.62615749798715 140.61673903511837 16153.854208890756 342.05513695254922 122.83181966515258 132.12916128151119 230.39793127542362
leaf_count=437 599 1190 1623 1121 342 914 3791 1269 760 91507 2103 762 782 1300
internal_value=4.44052e-05 -0.00247768 -0.00615994 0.00388195 0.00823151 -0.00233973 -0.000512022 0.0111314 0.000321488 5.5044e-05 0.0056009 0.011334 -0.0123887 0.00565313
internal_weight=19111.5 1876.07 1188.54 687.538 491.123 911.638 832.659 446.153 17235.4 16426.6 808.816 466.761 272.746 343.929
internal_count=108500 10687 6765 3922 2732 5142 4705 2390 97813 93049 4764 2661 1542 1899
is_linear=0
shrinkage=0.035


Tree=130
num_leaves=15
num_cat=0
split_feature=24 32 11 31 47 79 4 41 9 35 34 75 78 37
split_gain=10.9299 21.3903 20.4743 19.8582 13.8233 19.6428 18.1162 27.873 27.0488 19.6656 42.4805 25.9379 25.831 24.4213
threshold=0.92336907086892317 0.020302201602942906 0.18244750969786036 0.13775831985058817 0.041028587099344239 7.6917923690141858 13.833333333333334 -0.16258535873199387 12.456743957163152 0.017590226657648846 0.68969215427641684 -0.53588323895266277 -0.67956130295507811 0.74466282973527231
decision_type=2 2 2 2 2 10 2 2 2 2 2 2 10 2
left_child=4 -2 3 -3 6 -6 7 -1 9 -9 11 -11 -12 -13
right_child=1 2 -4 -5 5 -7 -8 8 -10 10 12 13 -14 -15
leaf_value=-0.0023431889604638937 0.016174420072460022 -0.0093254870095543178 -0.0076746168516692243 0.0097902168666617172 -0.0015657236801496206 0.01123439281073306 -0.0035850351054634386 0.0041448338580408256 -0.003608153028368644 0.0053389007988722086 0.016389499121385591 0.0065098436219392279 0.0018994608374965729 -0.0066925452347209712
leaf_weight=2205.4571640401264 127.6520445626229 67.419750012457371 190.58352691121399 294.36602290719748 7139.8452468317846 130.15458513237536 1093.9790003638482 4629.8242365422193 886.24460624664789 377.06837470037863 242.93928912794217 184.05727530131117 367.36323958449066 1174.131043654168
leaf_count=13656 560 310 995 1565 40099 607 5784 22180 11019 1934 1179 1054 1765 5793
internal_value=4.22021e-05 0.00433489 0.00112922 0.00592605 -0.000120706 -0.00130637 0.000652558 0.00111925 0.00209406 0.00282679 0.000212101 -0.0025885 0.00800445 -0.00483489
internal_weight=19111.1 680.021 552.369 361.786 18431.1 7270 11161.1 10067.1 7861.63 6975.38 2345.56 1735.26 610.303 1358.19
internal_count=108500 3430 2870 1875 105070 40706 64364 58580 44924 33905 11725 8781 2944 6847
is_linear=0
shrinkage=0.035


Tree=131
num_leaves=15
num_cat=0
split_feature=78 7 75 36 0 75 79 77 79 40 40 74 37 29
split_gain=10.8454 33.5265 17.3516 21.9065 17.2029 16.7552 35.9433 35.784 43.21 31.1132 34.4577 55.5476 30.763 27.4973
threshold=2.6170579758188568 1.9410094088325394 3.7684929775447524 -0.012513522189733844 83.199751477672265 1.3275621688268704 2.1894624590279608 0.24972157482762827 0.50927153978942075 -0.74002745522718272 0.11108658422111357 1.3011510027621445 0.84953129490578561 0.52790238993936256
decision_type=8 2 2 2 2 2 8 10 8 2 2 2 2 2
left_child=2 -2 5 -4 -3 6 -1 8 13 -8 12 -12 -11 -7
right_child=1 4 3 -5 -6 7 9 -9 -10 10 11 -13 -14 -15
leaf_value=-8.1083565297181714e-05 -0.00045693824888260311 -0.01415820081490398 0.020021421706563822 0.0030089486392207475 0.0049036256450126587 0.018797328349589977 -0.010809592255396822 -0.0071284138192752033 -0.0057618351434897191 -0.00075526367429496139 -0.0058445135134679088 0.016585615111049168 0.013207405318079265 0.0029659230158951017
leaf_weight=10449.29785538766 2925.8353889266 329.68482168996707 91.731648345012218 610.93878495902754 59.139211105182767 142.43776213144884 121.36972976615652 1097.7318691346445 676.69878082023934 245.82881626114249 496.69107132498175 163.20672495197505 850.01310898701195 847.715317604132
leaf_count=60247 15741 2402 590 3698 351 945 750 6108 3883 1507 2461 948 4224 4645
internal_value=4.19919e-05 -0.00177197 0.000424452 0.00572251 -0.0111609 0.000170515 0.000723417 -0.00228219 0.000956047 0.00515547 0.00636841 2.7634e-05 0.0101178 0.00557042
internal_weight=19108.3 3314.66 15793.7 702.67 388.824 15091 12326.4 2764.58 1666.85 1877.11 1755.74 659.898 1095.84 990.153
internal_count=108500 18494 90006 4288 2753 85718 70137 15581 9473 9890 9140 3409 5731 5590
is_linear=0
shrinkage=0.035


Tree=132
num_leaves=15
num_cat=0
split_feature=77 74 21 35 76 27 79 35 77 79 27 7 76 74
split_gain=10.8896 24.1247 23.7248 21.5507 19.8459 29.1235 21.0445 16.1246 27.5884 20.1026 17.8312 17.6801 15.3395 15.1456
threshold=4.0996431486929481 0.92613826616862971 0.44174444709832295 -0.059440892442140326 1.386278532940366 -0.038914629702784136 1.5542874568597449 -0.087402887301549909 0.30097443613441782 0.72420063283549629 -0.052801947649954606 1.2375480646590453 -1.2278592094972145 -4.4196514336716186
decision_type=8 2 2 2 10 2 8 2 10 10 2 2 10 2
left_child=7 3 -3 -2 -5 -6 -7 8 9 11 -10 -1 -4 -9
right_child=1 2 12 4 5 6 -8 13 10 -11 -12 -13 -14 -15
leaf_value=0.0035245516221137901 -0.012565141235679256 0.014713305376046731 0.0054341420554677583 0.013514266823626428 0.017066733253007883 -0.013397090770555935 0.010830794218412768 -0.0063512588683820566 -0.012910044209670991 -0.00021260022752278882 0.011664504118034312 0.034882150925505929 -0.016860181360893487 -0.00010586371275943421
leaf_weight=37.472985298372805 46.507195769343525 35.130272722803056 39.592970219440758 383.27546727866866 71.982766795903444 132.02187231276184 44.624307722784579 468.99425878189504 79.028753162361681 55.28213313408196 38.352882804581895 58.507445336319506 131.48177808290347 17484.913792367479
leaf_count=196 262 315 235 2027 367 767 269 3296 543 287 247 457 963 98269
internal_value=4.1658e-05 0.00378989 -0.00627318 0.00694065 0.00871769 0.000867841 -0.00679758 -0.000144256 0.00806274 0.0170794 -0.00435144 0.0253584 -0.0116717 -0.000275892
internal_weight=19107.2 884.617 206.205 678.412 631.904 248.629 176.646 18222.6 268.644 151.263 117.382 95.9804 171.075 17953.9
internal_count=108500 5205 1513 3692 3430 1403 1036 103295 1730 940 790 653 1198 101565
is_linear=0
shrinkage=0.035


Tree=133
num_leaves=15
num_cat=0
split_feature=5 76 74 24 55 7 78 79 32 38 74 60 46 47
split_gain=10.8275 44.0099 26.1733 13.6616 20.4399 16.1086 28.9286 24.3051 14.6166 15.3977 16.1998 21.135 13.9169 13.3738
threshold=3.1780538303479462 -0.49706578583486782 -0.38190017062326126 0.92336907086892317 -0.18398407852073215 2.8894397005072516 -1.0000000180025095e-35 1.0000000180025095e-35 0.020302201602942906 0.39413531499953786 -0.16260295073495085 0.9796068712193976 0.75191252897405436 0.058169874717519728
decision_type=2 10 2 2 2 2 8 10 2 2 2 2 2 2
left_child=3 -2 -3 5 12 13 7 -7 -6 -10 11 -11 -5 -1
right_child=1 2 -4 4 8 6 -8 -9 9 10 -12 -13 -14 -15
leaf_value=0.00076705849159557906 0.023779395996931442 0.01162267034633848 -0.02127178697839132 -0.013737245015340167 0.019464344364345555 0.016127853577405964 -0.023383979195259464 -0.014645001094814822 -0.0097262075201469591 0.022606953864784052 0.00032917415708476881 -0.0019912314676585772 0.006058343396867053 -0.0012105953681621417
leaf_weight=11562.278842182364 25.074012007564306 23.348288460168988 129.44681670768477 86.586887821555138 94.62144766189158 53.802171938121319 78.504659878555685 35.43108774907887 57.150759594514966 112.13279869034886 188.8209781460464 58.802301302552223 58.315453555434942 6542.0421143689455
leaf_count=65673 191 220 1453 420 419 461 680 358 363 465 1007 324 253 36213
internal_value=4.19242e-05 -0.00810306 -0.0154818 0.000126934 0.00501137 -5.38289e-05 -0.0102534 0.0034649 0.00823962 0.00491766 0.0076337 0.0148229 -0.00600203 5.1881e-05
internal_weight=19106.4 177.869 152.795 18928.5 656.431 18272.1 167.738 89.2333 511.528 416.907 359.756 170.935 144.902 18104.3
internal_count=108500 1864 1673 106636 3251 103385 1499 819 2578 2159 1796 789 673 101886
is_linear=0
shrinkage=0.035


Tree=134
num_leaves=15
num_cat=0
split_feature=70 70 58 66 9 74 35 1 66 78 7 25 41 6
split_gain=10.7631 13.6545 18.1536 16.6241 15.5732 21.6104 25.4166 29.6548 19.0409 17.3865 20.8229 23.6124 22.1935 29.8231
threshold=-0.4767217538412829 -0.410807349301955 -0.71237563884949007 0.063609547761910773 6.4929494355980273 1.4068364810254494 -0.020458856802452071 0.38461532936231252 -1.2923814004398622 -2.6393919020982866 1.4358974358973762 -0.073286086979942003 -0.4203661764368154 1.9703015943649971
decision_type=2 2 2 2 2 2 2 2 2 10 2 2 2 2
left_child=-1 2 -2 -4 5 8 -7 -8 -3 -6 11 -11 13 -12
right_child=1 4 3 -5 9 6 7 -9 -10 10 12 -13 -14 -15
leaf_value=0.0014777895434877723 0.0073114240332111356 -0.011044959632452001 -0.013132765892427529 -0.00071545191669067408 -0.0046584405100898148 -0.010096716351235106 -0.01024518535658658 0.0114252349803181 0.0007895680371117549 0.0011686961828123795 0.015305783886139516 -0.005469052940368071 0.0003880117145144365 -0.0098009513643064691
leaf_weight=4768.6000494792752 98.908531651599333 153.01039030402899 299.10479707387276 229.47582660755143 1412.5549413246335 81.671780362725258 72.513632519170642 607.53230815380812 4446.4557261075824 1086.699773170054 239.14769583940506 1615.5174685667735 3934.189447015 59.672966585960239
leaf_count=26072 506 491 1626 1344 10810 293 324 2068 14510 7637 1998 11529 28852 440
internal_value=4.09296e-05 -0.000438393 -0.00540523 -0.00796458 -0.000203507 0.00126571 0.00664605 0.00888782 0.000349754 -0.00114785 -0.000421478 -0.0028107 0.00110977 0.00999179
internal_weight=19105.1 14336.5 627.489 528.581 13709 5361.18 761.718 680.046 4599.47 8347.78 6935.23 2702.22 4233.01 298.821
internal_count=108500 82428 3476 2970 78952 17686 2685 2392 15001 61266 50456 19166 31290 2438
is_linear=0
shrinkage=0.035


Tree=135
num_leaves=15
num_cat=0
split_feature=16 1 34 12 61 68 59 72 54 27 40 66 13 0
split_gain=10.3929 23.7661 24.8469 23.0082 18.826 21.1312 19.397 17.6971 16.8543 20.6404 19.1653 16.6625 16.751 16.4733
threshold=-0.50471623617118755 0.95143940881652067 0.74163510884823636 -0.2496814955831245 0.20853231137451486 0.63830122922963561 -0.20302093289632131 1.7359898850465159 -0.090349163418720138 -0.10421254055783426 0.30160453426623662 0.74725519947690111 1.5767188509138155 27.129014098128987
decision_type=2 2 2 2 2 2 2 2 2 2 2 2 2 2
left_child=1 2 11 4 -3 -6 -7 -8 -2 10 -10 12 -1 -14
right_child=8 3 -4 -5 5 6 7 -9 9 -11 -12 -13 13 -15
leaf_value=-0.0038209841256454688 -0.00080439758632763563 0.011631098298936672 0.0077623776415405403 -0.0046866537602489426 -0.010122484575016546 -0.010117267324479805 0.0071833653893170974 -0.010851710369529118 0.011869501690313779 0.0010904152400176537 -0.0032352865578515262 0.0035832852700903037 -0.0047103283990266153 -0.017925121204143902
leaf_weight=1686.2984867811901 6719.0341336923884 290.93699950166047 200.97677412146004 487.41979369334877 137.73212887253612 90.270612585358322 716.49480023048818 55.597870007157326 392.31622248119675 7455.6010195756244 127.36647112388164 261.90070517931599 261.84631585418538 219.20150799350813
leaf_count=10072 38148 1339 1116 2598 693 439 3623 272 2194 42834 697 1737 1665 1073
internal_value=3.84123e-05 -0.00144813 -0.0035505 0.00166605 0.00409937 0.00172324 0.00380173 0.00564346 0.000485776 0.00157202 0.00818484 -0.00454218 -0.00554784 -0.0112071
internal_weight=19103 4408.68 2630.22 1778.45 1291.03 1000.1 862.363 772.093 14694.3 7975.28 519.683 2429.25 2167.35 481.048
internal_count=108500 24627 15663 8964 6366 5027 4334 3895 83873 45725 2891 14547 12810 2738
is_linear=0
shrinkage=0.035


Tree=136
num_leaves=15
num_cat=0
split_feature=7 41 35 79 76 74 78 79 7 77 77 6 37 77
split_gain=10.2893 21.7534 20.1095 20.9766 22.7048 19.5192 17.7714 21.7043 17.6282 22.0193 28.0153 26.8957 31.5969 21.9874
threshold=0.88145565578149432 0.22374275118307982 -0.06572007780961435 1.322056903774159 0.52901766968064079 -0.44226643100801516 -1.0090140823013927 -0.400542486609403 1.0486107060480263 -3.2276858178005252 -0.83810573093620755 1.2857142857143129 1.1146852390044864 -3.2276858178005252
decision_type=2 2 2 8 10 2 10 10 2 10 10 2 2 8
left_child=1 2 -1 4 6 -6 -4 -8 9 -2 -11 12 -12 -10
right_child=8 -3 3 -5 5 -7 7 -9 13 10 11 -13 -14 -15
leaf_value=-0.017930303610183194 0.021069097200800298 -0.019767881791706854 -0.011171563818686522 0.016030752957658354 0.0025133158582301622 -0.02809321514900967 0.021159306789404687 -0.0021045848622028903 -0.0046308200267614428 -0.0065080053911305705 -0.02007444102078159 0.010109053212607948 0.0094646600458898698 0.00024967571894010719
leaf_weight=55.376817170181312 71.440427452325821 76.843332243443001 56.922130233142525 76.737390857189894 37.327843056991696 44.239319889806211 71.576573178637773 98.985605618916452 1194.5695868867915 259.07509073754773 72.413879488129169 541.69510457990691 68.385526890866458 16374.548791871661
leaf_count=491 321 593 385 444 261 304 493 537 6741 1294 408 2918 365 92945
internal_value=3.61395e-05 -0.00473562 -0.00137352 0.00176966 -0.0025305 -0.0163498 0.00334543 0.00885423 0.000174109 0.00461751 0.002957 0.00663292 -0.00633471 -8.705e-05
internal_weight=19100.1 518.009 441.166 385.789 309.051 81.5672 227.484 170.562 18582.1 1013.01 941.57 682.495 140.799 17569.1
internal_count=108500 3508 2915 2424 1980 565 1415 1030 104992 5306 4985 3691 773 99686
is_linear=0
shrinkage=0.035


Tree=137
num_leaves=15
num_cat=0
split_feature=78 27 74 33 41 77 39 77 79 38 79 75 40 37
split_gain=10.2155 19.5964 20.4863 12.5673 30.1424 30.7947 37.4877 29.1232 31.5672 35.6782 27.6237 26.5465 25.0136 33.4302
threshold=-7.8180718779674914 0.032502981073112051 -0.44226643100801516 -0.030235233863175056 0.29501834255751341 -2.8320422598442576 0.33594476000065604 0.30097443613441782 1.8345710587298472 0.67633918963844797 1.1277216213956829 -1.9329894106539649 1.0000000180025095e-35 1.6530599000690342
decision_type=8 2 2 2 2 8 2 10 10 2 8 2 2 2
left_child=1 -1 -3 4 5 -2 7 8 -7 11 -6 -10 -9 -14
right_child=3 2 -4 -5 10 6 -8 12 9 -11 -12 -13 13 -15
leaf_value=-0.012958357432693733 -0.0053496928435126196 0.017270411200005963 -0.0091837880352093632 -0.00069228962444604989 -0.011571797311676495 0.0024525711155795275 0.013148135519261108 0.0025778916784456865 -0.0053488088429709101 -0.009300779380054771 0.003516597557746587 0.017538438858643476 -0.0050592374614028763 0.012428809411317934
leaf_weight=176.80307520274073 674.81308739108499 54.464609335176647 51.498873853124678 10226.104267507035 394.25450796727091 3189.0271329681709 355.30584266857477 1501.4179098006571 62.472338643856347 75.700045617297292 219.95250221434981 438.91558152670041 1551.5394204676559 127.37839420326054
leaf_count=1074 3822 291 345 57201 2379 18525 1907 9286 342 335 1287 2324 8654 728
internal_value=3.37027e-05 -0.0063443 0.00499672 0.000136181 0.00112168 0.00170177 0.00236629 0.00177864 0.00385298 0.0112504 -0.00622802 0.0145909 -0.000686491 -0.00360174
internal_weight=19099.6 282.767 105.963 18816.9 8590.78 7976.57 7301.76 6946.45 3766.12 577.088 614.207 501.388 3180.34 1678.92
internal_count=108500 1710 636 106790 49589 45923 42101 40194 21526 3001 3666 2666 18668 9382
is_linear=0
shrinkage=0.035


Tree=138
num_leaves=15
num_cat=0
split_feature=77 74 21 35 76 27 79 77 78 7 75 35 79 79
split_gain=10.2872 22.4963 22.4756 20.3936 18.4527 27.3366 19.9463 15.6016 27.6767 31.3846 24.8618 22.774 32.6053 35.5479
threshold=4.0996431486929481 0.92613826616862971 0.44174444709832295 -0.059440892442140326 1.386278532940366 -0.038914629702784136 1.5542874568597449 2.4315126136044056 -0.39775591630582785 1.3952684944467431 -0.46391427486570647 0.015942361567776803 -0.098344473428039078 0.31794172712154573
decision_type=8 2 2 2 10 2 8 10 8 2 2 2 8 8
left_child=7 3 -3 -2 -5 -6 -7 -1 9 10 -9 12 -10 -14
right_child=1 2 -4 4 5 6 -8 8 11 -11 -12 -13 13 -15
leaf_value=0.00012193431305567402 -0.012287704198993299 0.014308712184019077 -0.011348814099588695 0.013053756690182319 0.016504352388292516 -0.013040963221599238 0.010545242784649349 0.01930708705188559 -0.015938413980244284 -0.015259105768958434 -0.0066657744171965917 0.0095914179766625716 0.026105806938368809 -0.0028622430816945279
leaf_weight=17048.110114229494 46.320592160802335 35.309971259906888 170.18860350595787 384.15297509380616 72.372899463633075 131.49142159428447 44.704973520245403 50.869769190205261 149.91880900647084 364.65405804803595 106.19461042946205 217.18906070431694 45.754550348035991 231.89706956595182
leaf_count=96387 262 315 1198 2027 367 767 269 319 882 2316 591 1237 259 1304
internal_value=3.27536e-05 0.00367598 -0.00606213 0.00671215 0.00843698 0.000861195 -0.00659168 -0.000148008 -0.00402877 -0.0098619 0.00297691 0.000845912 -0.00382655 0.0033448
internal_weight=19099.1 884.541 205.499 679.043 632.722 248.569 176.196 18214.6 1166.48 521.718 157.064 644.759 427.57 277.652
internal_count=108500 5205 1513 3692 3430 1403 1036 103295 6908 3226 910 3682 2445 1563
is_linear=0
shrinkage=0.035


Tree=139
num_leaves=15
num_cat=0
split_feature=78 7 75 35 77 7 79 79 76 77 0 76 27 41
split_gain=10.2211 31.3215 16.5257 49.7081 38.5178 35.8046 31.508 24.0538 23.9467 29.5575 25.9658 33.6419 25.9364 21.7478
threshold=2.6170579758188568 1.9410094088325394 -0.68661319757314776 0.0046356801596117566 1.6154369947737723 1.1738819576659958 -0.86120654560521348 -0.4857930858174217 -1.8220725092015082 -3.2276858178005252 24.131274131273091 0.18696704401981037 1.0000000180025095e-35 0.030200548233456418
decision_type=8 2 2 2 10 2 8 10 8 10 2 10 2 2
left_child=-1 2 3 4 5 7 -4 -2 13 -10 -11 12 -12 -8
right_child=1 -3 6 -5 -6 -7 8 -9 9 10 11 -13 -14 -15
leaf_value=0.00040395544086622374 0.0026827703149478344 -0.01083250875776263 -0.012209231089263452 0.015540824166630442 -0.020214176209206468 0.0073166888929994903 -0.0013270806462025364 -0.026229875711647258 -0.019844641553149904 -0.0084944743726577433 0.003150436622786407 0.0091177650581437154 -0.012386425177980127 0.015058911871551442
leaf_weight=15787.132444741044 58.067674428224564 386.54901577229612 302.50778397987597 266.688354564365 97.245622889138758 374.82718374390242 183.02537122089416 58.164006251259707 90.121314218267798 373.33909199852496 276.7282398538664 433.82607000228018 220.59999843873084 189.25456608925015
leaf_count=90006 303 2753 1530 1533 615 2179 944 361 487 2140 1332 2251 1167 899
internal_value=3.26894e-05 -0.00172936 -0.000460696 0.00358104 -0.00217324 0.00205071 -0.00214887 -0.0135122 -0.000309074 -0.00242751 -0.00094276 0.00219999 -0.00395368 0.00734607
internal_weight=19098.1 3310.94 2924.4 854.993 588.304 491.059 2069.4 116.232 1766.89 1394.61 1304.49 931.154 497.328 372.28
internal_count=108500 18494 15741 4991 3458 2843 10750 664 9220 7377 6890 4750 2499 1843
is_linear=0
shrinkage=0.035


Tree=140
num_leaves=15
num_cat=0
split_feature=61 16 44 78 27 74 24 32 11 31 77 39 7 40
split_gain=10.1923 16.8707 17.3553 13.5933 18.5711 21.4684 13.4542 17.9522 19.2593 13.7287 15.3228 13.7589 13.7125 33.7759
threshold=0.94689007411421733 -1.059656898976068 1.5540620541548866 -7.8180718779674914 0.032502981073112051 -0.44226643100801516 0.92336907086892317 0.020302201602942906 0.18244750969786036 0.13775831985058817 -0.61149274182031654 0.12051175298515752 1.9820624195624317 -0.31709977886857638
decision_type=2 2 2 8 2 2 2 2 2 2 8 2 2 2
left_child=3 -2 -3 4 -1 -6 12 -8 9 -9 -11 -12 -5 -14
right_child=1 2 -4 6 5 -7 7 8 -10 10 11 -13 13 -15
leaf_value=-0.014635383308077156 -0.010431947026005656 0.0022733304427016258 0.013874706337358302 0.00011263591498719268 0.016681078530629872 -0.011192945740376336 0.01586070782257756 -0.0067564826245188458 -0.0071872958342920059 -0.0023502962388213871 -0.00070929989124822316 0.020113392754476343 -0.01254395823936005 -0.00087639601276366913
leaf_weight=159.08256886573508 89.644373199902475 1164.1177333248779 165.24832121049985 14668.108972311951 50.674644934013486 46.112272614846006 122.4369404297322 61.822906913235784 174.89238176960498 82.498288588598371 49.991151988506317 136.12367537617683 347.50328113348223 1778.3824538197368
leaf_count=981 441 6871 750 80510 266 315 528 286 902 467 308 638 3000 12237
internal_value=2.92893e-05 0.00286193 0.00389973 -0.000201069 -0.00790955 0.00375845 -7.89161e-05 0.0048709 0.00170569 0.00655411 0.00987353 0.0149942 -0.000269516 -0.00288274
internal_weight=19096.6 1419.01 1329.37 17677.6 255.869 96.7869 17421.8 627.765 505.328 330.436 268.613 186.115 16794 2125.89
internal_count=108500 8062 7621 100438 1562 581 98876 3129 2601 1699 1413 946 95747 15237
is_linear=0
shrinkage=0.035


Tree=141
num_leaves=15
num_cat=0
split_feature=5 76 74 6 6 77 75 79 78 76 40 7 78 76
split_gain=10.1536 41.9523 25.0588 13.4459 41.7488 28.9803 27.4603 26.0055 25.8581 24.2463 17.3189 15.3478 19.5556 22.5142
threshold=3.1780538303479462 -0.49706578583486782 -0.38190017062326126 0.96060125309574529 1.012074701446023 -0.19166819744403804 -1.0000000180025095e-35 -0.098344473428039078 -1.1862203141173759 -1.2278592094972145 -0.042488612141936201 0.88145565578149432 1.4778082153328171 -2.0314582157079459
decision_type=2 10 2 2 2 10 2 8 10 10 2 2 10 10
left_child=3 -2 -3 5 6 7 -5 -1 -7 -8 -10 12 13 -6
right_child=1 2 -4 4 11 8 9 -9 10 -11 -12 -13 -14 -15
leaf_value=0.020608945196578587 0.023146375126188886 0.011323022976932551 -0.020861627403649493 -0.0248254834193159 0.017159154866177345 -0.012530866940683486 0.013253527156005371 0.0023165040306993567 0.014443163099025973 -0.011070375749261081 -0.0014680183957887464 0.00030747652155124706 -0.018739268843959069 -0.0053329825683813272
leaf_weight=172.76830113166943 25.269063474610448 23.454283130820841 128.17439077253221 112.60580432135612 44.286663010716438 149.38417157204822 54.058024174999446 199.47107885871083 107.44775441009551 139.96399847231805 235.41872941423208 17263.285270056687 92.99844165740069 345.81724343594396
leaf_count=962 191 220 1453 666 203 929 260 1132 622 775 1350 96771 665 2301
internal_value=2.82862e-05 -0.00787876 -0.0151439 0.000110468 -9.58573e-05 0.00432387 -0.0124954 0.0114245 -0.00128207 -0.00368809 0.00403947 0.000132211 -0.00589403 -0.00206726
internal_weight=19094.4 176.898 151.629 18917.5 18053 864.49 306.628 372.239 492.251 194.022 342.866 17746.4 483.102 390.104
internal_count=108500 1864 1673 106636 101641 4995 1701 2094 2901 1035 1972 99940 3169 2504
is_linear=0
shrinkage=0.035


Tree=142
num_leaves=15
num_cat=0
split_feature=76 7 32 32 79 38 76 74 29 35 4 4 6 39
split_gain=10.1727 27.2893 19.7903 18.2798 20.659 17.9001 16.8853 33.2308 24.3269 27.9481 20.4935 20.2434 19.1462 28.8563
threshold=-3.9041893477876597 1.1151384489847447 -0.52976823202506973 0.21655295524719129 -1.535156505399013 0.57392230441229197 -1.8220725092015082 -1.0000000180025095e-35 0.82343552389758046 0.014285879807722201 7.5000000000000009 19.166666666666668 2.0462229336179125 0.011524715464984065
decision_type=10 2 2 2 8 2 10 2 2 2 2 2 2 2
left_child=1 5 -3 -4 -5 -1 7 8 9 -2 -9 -10 -8 -14
right_child=6 2 3 4 -6 -7 12 10 11 -11 -12 -13 13 -15
leaf_value=0.019695139710190986 0.0064056449495684996 0.0055412631893226854 -0.011509098938985642 0.014190649042175088 -0.0064968485414956803 -0.0035398150896436466 0.00027131628195738584 -0.0038333174207937156 0.013458452041507606 -0.012794524015876156 0.0088567784261642281 -0.007397630784138228 -0.0061610133687554783 0.0038045561063803656
leaf_weight=76.28448136895895 290.54246188257821 147.05800683517009 508.94904817920178 68.018461307510734 160.22580075450242 61.192119283601642 14265.409997140501 795.92952495580539 589.42008543934207 112.54503390938044 173.09267418039963 50.338193439878523 1325.8663429430453 468.556704797782
leaf_count=398 1433 778 2668 382 897 279 82196 4548 2989 482 1070 236 7903 2241
internal_value=2.74735e-05 -0.00333575 -0.00562219 -0.00793666 0.000314768 0.010217 0.000221099 0.00322725 0.00750334 0.000693412 -0.00143327 0.0116429 -0.000159037 -0.00354557
internal_weight=19093.4 1021.73 884.251 737.193 228.244 137.477 18071.7 2011.87 1042.85 403.087 969.022 639.758 16059.8 1794.42
internal_count=108500 5402 4725 3947 1279 677 103098 10758 5140 1915 5618 3225 92340 10144
is_linear=0
shrinkage=0.035


Tree=143
num_leaves=15
num_cat=0
split_feature=74 9 74 79 76 35 9 77 40 0 78 9 79 7
split_gain=10.1381 24.967 17.7977 38.2491 31.8122 32.9919 26.6233 31.6306 31.9646 25.1795 24.4465 24.5878 23.7247 22.2793
threshold=-3.6263743611355173 24.367053748978254 -1.6489190945943475 3.9165694068686498 -0.1173816275296377 -0.043647738723247113 10.839144286264405 1.1122639346414911 0.15496380557971937 40.082784398997028 -0.20308662330379679 7.5791871670138455 -0.75641594144395008 2.0184424689644795
decision_type=2 2 2 10 10 2 2 8 2 2 8 2 8 2
left_child=1 -1 3 4 5 -2 7 8 9 -6 11 -9 -8 -7
right_child=2 -3 -4 -5 6 13 12 10 -10 -11 -12 -13 -14 -15
leaf_value=-0.0053612677371541332 -0.0070321541362951111 0.016929929500832223 -0.0002177831624817041 0.018440487579546121 -0.019482344957753035 0.010971981844220748 -0.0061349517762827417 0.0247716974165752 0.0059432042617226554 -0.0039178741843037572 -0.0049402077838030089 -0.0029861959907353059 0.014892795595739611 -0.0094791985994984382
leaf_weight=779.72306079184636 169.5060641746968 47.321165887638927 15942.385112228782 162.60654427111149 282.66554361954331 741.91996566508897 88.316122320014983 80.896912824362516 128.84985441341996 241.24000034108758 149.22124844463542 57.459564428776503 163.96939025586471 56.257760131731629
leaf_count=4660 916 720 90569 806 1343 3566 836 273 640 1212 782 347 1453 377
internal_value=2.71762e-05 -0.0037162 0.000200554 0.003049 0.00173195 0.00638289 -0.00208483 -0.00479355 -0.00897131 -0.0127231 0.00465603 0.0143226 0.00762179 0.00933405
internal_weight=19092.3 827.044 18265.3 2322.91 2160.3 967.684 1192.62 940.333 652.755 523.906 287.578 138.356 252.286 798.178
internal_count=108500 5380 103120 12551 11745 4859 6886 4597 3195 2555 1402 620 2289 3943
is_linear=0
shrinkage=0.035


Tree=144
num_leaves=15
num_cat=0
split_feature=70 40 74 40 39 33 78 62 25 32 32 4 40 48
split_gain=10.0782 13.1915 21.7536 17.815 16.4799 17.9745 18.2137 17.0112 14.6793 13.7689 25.3856 21.5672 17.7145 17.5247
threshold=-0.4767217538412829 0.53737139879731621 2.1556519335400819 0.71063890858061496 0.18521825650224832 0.12492139533778547 -1.0927755102892747 0.49594785714184669 -0.23020228268553442 -0.42129612787151427 -0.70962376941219674 1.1666666666666667 0.22647867661243046 0.60177477538511381
decision_type=2 2 2 2 2 2 10 2 2 2 2 2 2 2
left_child=1 4 3 -3 9 6 -6 -7 -5 10 -1 -12 -13 -11
right_child=-2 2 -4 8 5 7 -8 -9 -10 13 11 12 -14 -15
leaf_value=-0.0018166876750992018 -0.00043683899400042331 -0.0061045891483546572 -0.013217653967626945 -0.0068052359716979606 0.0011698049748999719 -0.0079295052122722396 0.018839352220458471 0.012962867403401612 0.01200109525725373 -0.0082325679996472882 0.019369922353602763 0.0022770767130119774 0.017713951986357251 0.00083498537457185639
leaf_weight=518.21784343523905 14323.485183481505 212.15035364078358 169.91320272861049 54.06741280388087 110.91689908294939 120.78572102170438 196.18913421407342 52.319089957512915 175.15839082282037 277.93121227854135 146.73914176598191 548.76710772095248 91.262958262115717 2093.3597784562735
leaf_count=3442 82428 1097 1069 260 475 596 859 281 890 1557 622 3346 534 11044
internal_value=2.73067e-05 0.00141771 -0.00330961 0.00091224 0.00212547 0.00809081 0.0129194 -0.000926431 0.00737511 0.00130668 0.00416456 0.00805157 0.00494831 -0.000287759
internal_weight=19091.3 4767.78 611.289 441.376 4156.49 480.211 307.106 173.105 229.226 3676.28 1304.99 786.769 640.03 2371.29
internal_count=108500 26072 3316 2247 22756 2211 1334 877 1150 20545 7944 4502 3880 12601
is_linear=0
shrinkage=0.035


Tree=145
num_leaves=15
num_cat=0
split_feature=35 77 79 74 77 76 39 78 40 75 33 74 74 9
split_gain=9.95754 33.9554 17.8951 13.3045 12.9727 25.4678 53.9081 31.4463 30.6606 23.1843 16.6159 15.2552 13.4128 36.7873
threshold=-0.087402887301549909 0.35408854791060712 0.25483396468440628 -0.91838099652749283 4.0996431486929481 -1.0000000180025095e-35 -0.082885291192768176 0.29844515116949438 -0.29273348109694669 1.1320039283794361 0.021168735440195766 0.92613826616862971 -4.4196514336716186 22.002308309113623
decision_type=2 10 10 2 8 10 2 10 2 2 2 2 2 2
left_child=1 2 -1 -3 12 8 7 10 -6 -10 -7 -8 13 -2
right_child=4 3 -4 -5 5 6 11 -9 9 -11 -12 -13 -14 -15
leaf_value=0.025776611956084373 -0.0098527255471947267 0.0063901617747307961 0.0025511554057798813 -0.014453705430206732 -0.0041268591657898472 0.025006447799343526 -0.0048721212511231814 -0.00479449834312436 0.025285868119631981 0.0011503489572246921 0.00091444932638086354 -0.022345112904674495 -0.00011791946014387364 0.016318290736453234
leaf_weight=82.784872838295996 408.10300238709897 46.265678587369621 75.249495662748814 77.203704510466196 98.689944881945848 118.60200947662815 206.19625217653811 98.77437472785823 151.14819439407438 70.939155586063862 49.036713941488415 78.073140766471624 17470.526546137735 59.159639474470168
leaf_count=527 2460 272 443 554 666 738 1065 679 805 345 362 479 98269 836
internal_value=2.77727e-05 0.00633802 0.0162465 -0.00684122 -7.32997e-05 0.00404788 -0.000585089 0.0103334 0.0115689 0.0183084 0.0188078 -0.0108243 -0.000277802 -0.00600545
internal_weight=19090.8 281.504 158.034 123.469 18809.2 871.46 550.682 266.413 320.777 222.087 167.639 284.269 17937.8 467.263
internal_count=108500 1796 970 826 106704 5139 3323 1779 1816 1150 1100 1544 101565 3296
is_linear=0
shrinkage=0.035


Tree=146
num_leaves=15
num_cat=0
split_feature=17 47 16 53 77 13 4 78 40 79 35 77 79 3
split_gain=9.89107 16.8829 15.2462 15.2129 13.1102 19.9566 19.4537 19.3096 23.5339 19.0601 18.0779 24.4499 19.91 15.571
threshold=0.6143703271512041 -0.049730585217536344 -0.17788242604880453 0.54545454545459204 4.0996431486929481 0.70997529007148152 8.8333333333333339 0.46887129587581805 0.32660611670625256 1.6833791559102556 -0.087402887301549909 0.40566668624639374 0.50927153978942075 3.9790400831435773
decision_type=2 2 2 2 8 2 2 10 2 8 2 10 10 2
left_child=4 -2 -3 -4 10 7 -7 8 -6 -9 11 12 -1 -12
right_child=1 2 3 -5 5 6 -8 9 -10 -11 13 -13 -14 -15
leaf_value=0.025298848102233873 0.0021994599011644291 -0.015299566483115609 -0.010670396332905528 0.0089534362415227189 0.021376682276129478 -0.0046430796210349566 0.011883878424470083 -0.0065268519840732189 -0.0039569005270994962 0.016250091619620138 0.00028799406126638538 -0.0047228711307169104 0.0010819185971469411 -0.0025547286824848412
leaf_weight=94.562758788466454 271.64303561113775 191.12079632235691 74.721623196266592 79.040486920624971 181.52724405238405 349.30634491471574 94.305781936272979 124.43484547035769 50.612026715651155 45.407099053729326 14574.362808717415 94.832000095979311 68.205558213405311 2795.9068169406673
leaf_count=603 1544 1053 419 372 1110 1958 553 760 318 295 69842 667 391 28615
internal_value=2.82821e-05 -0.00426151 -0.00919205 -0.000713415 0.000175902 0.0043813 -0.000768579 0.00983159 0.0159776 0.000632982 -3.05639e-05 0.00883068 0.01638 -0.000171981
internal_weight=19090 616.526 344.883 153.762 18473.5 845.593 443.612 401.981 232.139 169.842 17627.9 257.6 162.768 17370.3
internal_count=108500 3388 1844 791 105112 4994 2511 2483 1428 1055 100118 1661 994 98457
is_linear=0
shrinkage=0.035


Tree=147
num_leaves=15
num_cat=0
split_feature=9 41 0 7 24 3 79 34 78 29 76 7 7 7
split_gain=9.67911 25.5032 25.6149 33.2283 26.9302 24.8328 21.8279 30.435 22.9859 25.7508 21.0533 24.6751 19.4244 18.7783
threshold=6.3380281690141818 -0.21546166971226777 16.213158265069264 1.4242565390291306 -0.12779616339572283 2.2967699258290533 0.79873672264828188 -0.64003017189144995 1.0186194466142215 0.82343552389758046 -3.340133831502623 1.2749021522886879 1.4526030523463136 1.6392167949513021
decision_type=2 2 2 2 2 2 8 2 8 2 10 2 2 2
left_child=1 6 3 4 -3 -6 8 -8 9 -1 11 -4 -11 -2
right_child=13 2 10 -5 5 -7 7 -9 -10 12 -12 -13 -14 -15
leaf_value=-0.010732037657722552 -0.0017077713907011018 -0.0042572189241644742 0.007749476723058083 -0.009466749416624419 0.0007003079437475873 0.022802298683398635 -0.023238747865822883 -0.0036062536370210212 0.010901939177388799 -0.0052809209344380405 0.0036694587251008613 -0.011462390958083211 0.012425894113258191 0.0011024460934017527
leaf_weight=260.38592326175421 7188.2417428276531 269.09965300001204 105.89833738654852 483.53749298769981 130.09336646646261 101.80865899287164 118.17212895676494 355.35963533073664 168.33307681046426 127.77248408086598 4540.2292263358831 226.23369695991278 140.56619675830007 4870.3707333514103
leaf_count=892 49247 877 297 1730 293 332 370 1172 533 473 14542 751 488 36503
internal_value=2.86524e-05 0.0010594 0.00200306 -0.00310092 0.00317056 0.0114435 -0.00361645 -0.00924883 0.000361041 -0.00326996 0.00304286 -0.00524457 0.00421311 -0.000572802
internal_weight=19086.1 7027.49 5856.9 984.539 501.002 231.902 1170.59 473.532 697.058 528.725 4872.36 332.132 268.339 12058.6
internal_count=108500 22750 18822 3232 1502 625 3928 1542 2386 1853 15590 1048 961 85750
is_linear=0
shrinkage=0.035


Tree=148
num_leaves=15
num_cat=0
split_feature=36 7 79 7 79 75 78 9 9 79 78 24 74 78
split_gain=9.83689 32.6074 55.078 42.7001 42.2244 49.0363 39.9866 39.8715 36.6289 28.7401 28.5572 25.5695 25.4796 48.6037
threshold=0.019217246690779181 1.7306655704871201 -0.95797659350189679 1.8129342176788896 1.6833791559102556 0.15526975339518631 -2.6393919020982866 14.946670758925492 6.4929494355980273 -3.726524848548221 -0.75906244024490432 0.60138079080791051 0.84712371148751353 -0.59989841937596311
decision_type=2 2 10 2 10 2 8 2 2 8 10 2 2 8
left_child=-1 4 -3 -4 7 -6 -7 9 -5 10 -2 -10 -11 -14
right_child=1 2 3 8 5 6 -8 -9 11 12 -12 -13 13 -15
leaf_value=0.00053991946944045497 -0.02121685989720341 -0.0061119251225741061 0.018724397854832805 0.011687577901709939 0.0042741469267084725 0.0082180535954858996 -0.020480961525248226 -0.013991319990183815 -0.0045035990905277065 -0.0023725401589894447 0.0045424048460473918 0.011546973115229049 0.013953005190550214 -0.00060864891356927962
leaf_weight=13473.284196353379 126.30018922779709 624.77414527116343 252.41043001133949 381.89192339766305 176.89841176010668 57.834583641961217 416.29385205637664 258.16730169887887 605.48795104515739 1311.3992861660663 72.986065164208412 131.15477420482785 418.60835422901437 776.01107501331717
leaf_count=77720 604 3881 1432 1357 920 280 2072 3193 4701 5698 341 745 1986 3570
internal_value=2.71842e-05 -0.00120172 0.00237408 0.00627365 -0.00317828 -0.0111091 -0.0167893 -0.00137322 0.00318442 -7.52338e-05 -0.012229 -0.00141621 0.000980442 0.00463965
internal_weight=19083.5 5610.22 1995.72 1370.95 3614.5 651.027 474.128 2963.47 1118.53 2705.3 199.286 736.643 2506.02 1194.62
internal_count=108500 30780 12116 8235 18664 3272 2352 15392 6803 12199 945 5446 11254 5556
is_linear=0
shrinkage=0.035


Tree=149
num_leaves=15
num_cat=0
split_feature=75 77 0 78 27 75 74 78 26 7 78 76 75 79
split_gain=9.56505 32.5962 38.0542 23.47 18.9466 12.1792 37.5329 47.7269 42.2693 31.6676 30.5387 28.8492 27.0905 26.0183
threshold=6.0332873572128678 -0.069767773791150553 40.082784398997028 0.29844515116949438 -0.011563066118110303 0.46808166628826792 -1.2403581453092889 -0.13669689925010695 -0.23637862224679337 1.1470649507679544 -1.6546915118308227 -0.56740465712145594 0.59561686780878753 2.1894624590279608
decision_type=2 10 2 8 2 2 2 10 2 2 10 10 2 10
left_child=5 2 -2 -3 -4 13 -7 8 10 11 -8 -10 -12 -1
right_child=1 3 4 -5 -6 6 7 -9 9 -11 12 -13 -14 -15
leaf_value=-4.5353134759685396e-05 -0.017545820628737951 0.0022622838792166347 -0.0042994543164138347 0.032546794030333635 0.024689502729820362 0.004354478502310734 5.6742788905987601e-05 -0.005583771899081361 -0.0075859874086139541 -0.0044386011174481514 -0.0097472040728767365 0.017596340646710455 0.012524306933631371 0.0046938029335035969
leaf_weight=9769.215155520491 89.758007827214897 60.484399453736842 41.130463089793921 53.166751468554139 41.188644543290138 1230.8494909028523 711.63358536036685 2863.6037957180961 70.671685263514519 1684.5690906689269 59.949039362370968 142.95998108386993 622.41651828866452 1640.2055549920769
leaf_count=56871 575 334 254 292 262 6773 4258 16181 328 9090 367 771 3454 8690
internal_value=2.62517e-05 0.0061673 -0.00352934 0.0191799 0.0121961 -7.35575e-05 -0.00117904 -0.00229599 0.000580225 -0.00280796 0.00516836 0.00932949 0.0103458 0.000642964
internal_weight=19081.8 285.728 172.077 113.651 82.3191 18796.1 7386.65 6155.8 3292.2 1898.2 1394 213.632 682.366 11409.4
internal_count=108500 1717 1091 626 516 106783 41222 34449 18268 10189 8079 1099 3821 65561
is_linear=0
shrinkage=0.035


Tree=150
num_leaves=15
num_cat=0
split_feature=61 75 35 78 35 29 76 7 61 6 38 34 29 78
split_gain=9.53 16.377 15.9418 13.2637 21.0066 30.8394 35.9033 30.0018 27.5496 27.5277 26.5471 25.055 20.993 20.568
threshold=0.94689007411421733 1.2299322226988878 0.022770919692253661 -2.3666317366255454 0.0092604824997415472 0.66354631834547795 -1.0032657052993703 1.1470649507679544 0.14869950193697315 1.2505902879809245 0.26996662077706385 -0.33490337868499159 0.94236788031025209 -7.8180718779674914
decision_type=2 2 2 10 2 2 8 2 2 2 2 2 2 10
left_child=3 2 -2 4 9 -6 8 -8 -7 -1 13 -11 -10 -9
right_child=1 -3 -4 -5 5 6 7 10 12 11 -12 -13 -14 -15
leaf_value=-0.012896266818287738 0.0022738898920524977 -0.003833830879775956 0.011927117839048089 0.00026944339039801238 0.010324300665981801 -0.0095661895360406035 0.013808515987828935 0.019092485721590519 4.3543681259078995e-06 0.0028438662396127945 -0.011578610132236952 -0.0059255479787977032 0.020029802993716098 -0.0073663618820684106
leaf_weight=363.57967935176566 815.11142386589199 335.13834507553838 268.64967570919544 14305.784595828009 320.25135104963556 73.858909257221967 64.987910124007612 52.464905871078372 101.0107566973893 650.57598553574644 543.21546117216349 975.12837801803835 155.66757782641798 55.674143093638122
leaf_count=2050 4668 1898 1496 81086 2043 344 378 381 537 4165 3061 5159 776 458
internal_value=2.70275e-05 0.00276612 0.00483955 -0.000195898 -0.00216914 0.00116247 -0.00178123 -0.00614063 0.00747778 -0.00444755 -0.00848309 -0.00242428 0.0127192 0.00644684
internal_weight=19081.1 1418.9 1083.76 17662.2 3356.42 1367.13 1046.88 716.342 330.537 1989.28 651.355 1625.7 256.678 108.139
internal_count=108500 8062 6164 100438 19352 7978 5935 4278 1657 11374 3900 9324 1313 839
is_linear=0
shrinkage=0.035


Tree=151
num_leaves=15
num_cat=0
split_feature=76 7 32 78 32 79 76 74 29 35 4 4 41 79
split_gain=9.34146 25.3191 18.4141 17.2172 17.1797 19.5029 15.5567 29.9919 22.6117 26.5217 19.1159 18.8552 18.8721 28.5638
threshold=-3.9041893477876597 1.1151384489847447 -0.52976823202506973 0.81536491499104102 0.21655295524719129 -1.535156505399013 -1.8220725092015082 -1.0000000180025095e-35 0.82343552389758046 0.019235287439309443 7.5000000000000009 19.166666666666668 0.1150039831678402 0.18710721713748077
decision_type=10 2 2 8 2 8 10 2 2 2 2 2 2 8
left_child=1 3 -3 -1 -4 -6 7 8 9 -2 -9 12 13 -10
right_child=6 2 4 -5 5 -7 -8 10 11 -11 -12 -13 -14 -15
leaf_value=0.019226392809302582 0.0055020047204952082 0.0053445257430128632 -0.011126978571392396 -0.0034960135053135146 0.013800430986925443 -0.0062930624018566056 -0.00015261056690665431 -0.0036619466621202502 0.018574618281940049 -0.014283246284656704 0.008588174784414402 -0.0072402828170926416 0.023770766213046288 0.001175369825420345
leaf_weight=75.654666167683899 312.59223658731207 147.34193132072687 506.43981885543326 62.09214692004025 68.197523962706327 159.86046588420868 16048.435764556241 794.14615426305681 186.56671428866684 90.623335341922939 173.40309574082494 50.216315034776926 135.53217404265888 269.04410857404582
leaf_count=341 1531 778 2668 336 382 897 92340 4548 997 384 1070 236 687 1305
internal_value=2.70523e-05 -0.00319928 -0.00540898 0.00983918 -0.00765064 0.000343834 0.000212529 0.00309767 0.0071533 0.000590393 -0.00133703 0.0111367 0.0128836 0.00878162
internal_weight=19080.1 1019.59 881.84 137.747 734.498 228.058 18060.6 2012.12 1044.57 403.216 967.549 641.359 591.143 455.611
internal_count=108500 5402 4725 677 3947 1279 103098 10758 5140 1915 5618 3225 2989 2302
is_linear=0
shrinkage=0.035


Tree=152
num_leaves=15
num_cat=0
split_feature=7 41 35 79 76 74 78 79 7 78 37 9 74 77
split_gain=9.41431 20.4459 18.9612 19.3183 21.3108 18.6944 17.4515 20.026 15.5023 21.0687 22.3714 21.7234 29.107 19.0166
threshold=0.88145565578149432 0.22374275118307982 -0.06572007780961435 1.322056903774159 0.52901766968064079 -0.44226643100801516 -1.0090140823013927 -0.400542486609403 1.0486107060480263 -3.3902669878620908 0.64074856234294075 9.9678214441952786 -1.1269062980153477 -3.2276858178005252
decision_type=2 2 2 8 10 2 10 10 2 8 2 2 2 8
left_child=1 2 -1 4 6 -6 -4 -8 9 -2 -11 -12 -13 -10
right_child=8 -3 3 -5 5 -7 7 -9 13 10 11 12 -14 -15
leaf_value=-0.017462872527421278 -0.010581116662283549 -0.019206187135874273 -0.011117090519815563 0.015402064233809439 0.002545476085183798 -0.027448170836181483 0.020496568627364532 -0.0018646498726952851 -0.004319882926896593 -0.0093922618130940043 0.010678814286633276 0.015699565980280734 -0.010957180659898553 0.00022729794003767601
leaf_weight=54.635088049457408 87.025550507474691 75.829996621177997 56.805398449767381 77.034120694734156 37.27108365856111 43.52238256088458 72.038546218071133 98.606826805509627 1189.8651544097811 88.15561515558511 649.1923564625904 54.572199082002044 134.92766149993986 16359.564677438102
leaf_count=491 437 593 385 444 261 304 493 537 6741 504 2747 418 1200 92945
internal_value=2.78535e-05 -0.00454635 -0.00129404 0.00174743 -0.00239556 -0.0158521 0.00327929 0.00873514 0.000159695 0.0043246 0.0059181 0.00770865 -0.00251465 -8.5571e-05
internal_weight=19079 515.743 439.913 385.278 308.244 80.7935 227.451 170.645 18563.3 1013.87 926.848 838.692 189.5 17549.4
internal_count=108500 3508 2915 2424 1980 565 1415 1030 104992 5306 4869 4365 1618 99686
is_linear=0
shrinkage=0.035


Tree=153
num_leaves=15
num_cat=0
split_feature=70 70 58 23 9 74 1 77 56 27 34 76 34 6
split_gain=9.31725 12.9783 16.9222 16.0132 13.6231 19.8671 23.1561 18.4035 17.7856 26.2746 21.8077 29.0248 25.2412 24.1048
threshold=-0.4767217538412829 -0.410807349301955 -0.71237563884949007 -0.23538896673348728 6.4929494355980273 1.4068364810254494 0.51443055834380569 -1.5282949953733327 1.1946116592122074 0.076680757095790489 0.18102181546908838 1.1601949770195512 -0.72293031394879004 1.6031568300512711
decision_type=2 2 2 2 2 2 2 10 2 2 2 10 2 2
left_child=-1 2 -2 -4 5 8 -7 -8 10 -10 12 13 -3 -12
right_child=1 4 3 -5 -6 6 7 -9 9 -11 11 -13 -14 -15
leaf_value=0.0013620120136822241 0.006999138835238697 -0.0089353699169515705 0.0012168044686082563 -0.011694059152264699 -0.0010768791562159705 -0.0041747387660490643 -0.0052008912475281855 0.012083956857706716 0.0052587357219241486 -0.0093336907643900846 -0.01194086872061389 0.0045761382417905403 0.0025428144843092299 0.00032654292026240402
leaf_weight=4766.5876722378671 99.06142048597394 250.17021056637168 165.09535769582726 361.54196967184544 8330.2382484957925 182.88611289334949 76.654874131083488 501.73616095632315 1250.4896422482561 153.07691538706422 592.38805709592998 283.95955501496792 1776.9461174178869 287.19135079346597
leaf_count=26072 506 814 981 1989 61266 670 277 1738 3784 480 1917 922 6109 975
internal_value=2.50654e-05 -0.000421499 -0.0052706 -0.0077502 -0.000192435 0.00118217 0.00634211 0.00969591 0.000303362 0.00355847 -0.00114181 -0.00491845 0.00105281 -0.00801723
internal_weight=19078 14311.4 625.699 526.637 13685.7 5355.5 761.277 578.391 4594.22 1403.57 3190.66 1163.54 2027.12 879.579
internal_count=108500 82428 3476 2970 78952 17686 2685 2015 15001 4264 10737 3814 6923 2892
is_linear=0
shrinkage=0.035


Tree=154
num_leaves=15
num_cat=0
split_feature=75 78 77 74 35 3 77 29 37 75 31 41 77 54
split_gain=9.3222 30.9028 20.9017 19.5138 14.8363 11.988 16.4601 18.5081 17.9557 17.8937 15.9608 15.9251 15.4165 14.0162
threshold=6.0332873572128678 0.22059382542617315 -0.40505029928404529 0.62856893378207834 0.024619708634689312 6.3821214007554312 -2.0640263173581253 1.5480749412701773 0.84953129490578561 -3.9040060747723815 -0.48839100331983837 -0.048712216678322949 0.40566668624639374 -0.090349163418720138
decision_type=2 10 10 2 2 2 8 2 2 2 2 2 10 2
left_child=5 3 -3 4 -2 10 -7 8 9 -8 -1 12 -10 -12
right_child=1 2 -4 -5 -6 6 7 -9 11 -11 13 -13 -14 -15
leaf_value=0.0046029675817386879 0.014343017262089657 0.0016559247975181266 0.031099413421986074 -0.016074557768666984 -0.0079329791872133817 -0.013273168549209222 0.015585237343526336 -0.011683720774921556 0.017516608929885484 -0.0092713232459801127 -0.0012430343130727527 -0.0013140831989061211 0.00086860960338366237 0.00079988129760755417
leaf_weight=916.42214971967041 68.261059788987041 52.531746264314279 55.23444932885468 63.595227777957916 45.825492406263947 158.44295245513786 22.191531291697174 167.44467945731594 133.39943344105995 264.6352540893713 7286.5010597519577 318.95229928108165 126.54288399382494 9395.7459547007456
leaf_count=4669 404 271 316 503 223 2114 356 2075 1742 3532 37581 4019 1613 49082
internal_value=2.34808e-05 0.00608888 0.0192528 -0.00303528 0.0055467 -7.50362e-05 -0.00344255 -0.00171152 0.000437535 -0.00645765 0.000156628 0.00395548 0.0100532 -9.28469e-05
internal_weight=19075.7 285.448 107.766 177.682 114.087 18790.3 1191.61 1033.17 865.721 286.827 17598.7 578.895 259.942 16682.2
internal_count=108500 1717 587 1130 627 106783 15451 13337 11262 3888 91332 7374 3355 86663
is_linear=0
shrinkage=0.035


Tree=155
num_leaves=15
num_cat=0
split_feature=16 13 41 61 44 3 17 24 55 77 13 35 4 78
split_gain=9.25228 20.9529 19.3693 12.9089 14.7522 13.8974 12.9304 14.7889 17.699 13.2245 22.1228 18.9915 18.2275 15.8619
threshold=-1.4472821769405428 0.94421617524047663 0.046616579040461771 0.94689007411421733 1.5540620541548866 2.1051920730041265 0.6143703271512041 0.92336907086892317 -0.18398407852073215 4.0996431486929481 0.70997529007148152 -0.087402887301549909 8.8333333333333339 0.46887129587581805
decision_type=2 2 2 2 2 2 2 2 2 8 2 2 2 10
left_child=1 -1 -3 6 -5 -6 7 9 -9 11 13 -2 -12 -11
right_child=3 2 -4 4 5 -7 -8 8 -10 10 12 -13 -14 -15
leaf_value=0.011490448560049809 0.0094131835261128515 -0.017211932494140842 0.00042925159411430789 0.001802526540862399 0.017693410758671552 -0.0013357331959038593 -0.0053964154194764613 -0.0051823843515934557 0.0085364774400457661 0.015998788808673954 -0.0059864620328968637 -0.00053241839975760939 0.010857177719963591 0.0012911966630479261
leaf_weight=55.353663471527398 218.90315229643602 150.26939707808197 136.34114416525699 1187.2783934669569 129.68227343261242 64.674846060108393 533.01536267623305 136.37810513284057 463.22841947898269 212.58578525297344 282.32250984199345 15264.186789211461 86.745890046469867 152.50680731330067
leaf_count=343 1417 760 657 7003 445 449 2945 625 2368 1296 1613 87137 503 939
internal_value=2.34788e-05 -0.00551908 -0.00933939 0.000130443 0.00336139 0.0118274 -0.000130423 4.26957e-05 0.00534962 -0.000159867 0.00436637 -0.000379843 -0.00167293 0.0102413
internal_weight=19073.5 341.964 286.611 18731.5 1381.64 194.357 17349.9 16816.9 599.607 16217.3 734.161 15483.1 369.068 365.093
internal_count=108500 1760 1417 106740 7897 894 98843 95898 2993 92905 4351 88554 2116 2235
is_linear=0
shrinkage=0.035


Tree=156
num_leaves=15
num_cat=0
split_feature=6 6 40 78 78 75 76 76 75 33 41 77 9 75
split_gain=9.18466 39.1108 30.9444 32.0034 28.7105 26.472 22.9988 22.4156 20.5551 16.499 16.3095 15.6192 14.724 14.0507
threshold=0.96060125309574529 1.012074701446023 0.25088236315092755 0.91439502544610052 -0.33781808635143828 -1.0000000180025095e-35 -1.2278592094972145 0.88631003930094054 -0.68661319757314776 0.10107080184358309 0.15552616427805557 0.065270114164603155 9.2277977529862891 3.7684929775447524
decision_type=2 2 2 10 8 2 10 10 2 2 2 10 2 2
left_child=2 5 3 4 7 -2 -7 11 -4 -6 -10 -1 -5 -3
right_child=1 13 8 12 9 6 -8 -9 10 -11 -12 -13 -14 -15
leaf_value=0.024817644539579797 -0.024301703040527717 -0.00013895053092574414 0.012998728126090193 0.03177081092357581 -0.016445460854288926 0.012929075355490522 -0.010678757093985242 -0.0041863419120443815 -0.011082236422238044 0.0051512644474985799 0.0075358165636349147 0.0022778982281367755 0.0057603123736039855 0.0046051422729478176
leaf_weight=99.781881974078715 111.82047356991097 17099.095362087486 53.752197010442615 71.367232697084546 86.681373580358922 54.233514026738703 142.67480109259486 77.157766196876764 263.22112813242711 60.26505537237972 57.274068811908364 61.329777435399592 52.639152721036226 780.53195882600266
leaf_count=541 667 96705 300 308 537 260 826 480 1650 309 387 296 454 4780
internal_value=2.41355e-05 -0.000146801 0.00346862 0.00894049 0.0034803 -0.0121098 -0.00358398 0.0106526 -0.00405257 -0.00803226 -0.00750789 0.0174366 0.0230631 7.30661e-05
internal_weight=19071.8 18188.4 883.47 509.222 385.216 308.729 196.908 238.269 374.247 146.946 320.495 161.112 124.006 17879.6
internal_count=108500 103238 5262 2925 2163 1753 1086 1317 2337 846 2037 837 762 101485
is_linear=0
shrinkage=0.035


Tree=157
num_leaves=15
num_cat=0
split_feature=34 77 78 75 26 79 25 5 27 77 38 77 74 9
split_gain=9.25355 26.8935 22.7224 16.9726 27.0941 24.2931 14.7915 12.3056 29.3819 21.2806 16.1894 20.4127 29.8431 19.0088
threshold=1.3197152002469414 -0.75912386530956033 0.22059382542617315 6.0332873572128678 -0.42999128750372212 -2.0493611989442457 0.084283888095910739 3.1780538303479462 0.029240816086695227 0.66426915909227613 0.84210526315788703 -0.68300847118226649 -1.3653669333142873 3.9506172839507419
decision_type=2 10 8 2 2 10 2 2 2 10 2 8 2 2
left_child=3 -2 6 7 -5 -6 -3 10 9 -9 -1 12 -12 -14
right_child=1 2 -4 4 5 -7 -8 8 -10 -11 11 -13 13 -15
leaf_value=-0.00016300243325218606 -0.020482056658158908 -0.018075389710931183 0.013098127984867078 -0.0084650388083515483 -0.0040220955089691705 0.024552482914646612 0.0053770466175059707 0.025185328930253735 -0.019179044675129504 -0.010172380761573171 0.0166287299070631 0.0080903691881379202 0.0094500668104396703 -0.010590679014870234
leaf_weight=17421.689169737721 83.784066020511091 59.717354038730264 88.084321679547429 60.072980107506737 43.895752100739628 108.13920648535714 43.741150492802262 25.304825433529913 98.993058653315529 23.311956125413417 64.875123290345073 635.24049239885062 56.597977161407471 257.87627668399364
leaf_count=98366 527 434 505 402 255 667 244 306 1042 244 417 3317 125 1649
internal_value=2.47133e-05 -0.00612268 0.00150097 0.000121174 0.00952712 0.0167939 -0.00889516 3.69174e-06 -0.00943705 0.0102079 8.94234e-05 0.00434323 -0.00202248 -0.00663442
internal_weight=19071.3 275.327 191.543 18796 212.108 152.035 103.459 18583.9 147.61 48.6168 18436.3 1014.59 379.349 314.474
internal_count=108500 1710 1183 106790 1324 922 678 105466 1592 550 103874 5508 2191 1774
is_linear=0
shrinkage=0.035


Tree=158
num_leaves=15
num_cat=0
split_feature=78 7 77 39 78 79 76 76 37 7 35 0 76 0
split_gain=9.20751 29.5085 18.3389 36.4659 26.7629 25.936 37.2163 37.5796 44.7643 36.3028 32.3631 30.5464 28.837 27.5252
threshold=2.6170579758188568 2.3481039040253733 1.2237560131093421 0.077847341311306772 3.8107180607376345 1.322056903774159 1.8096965112229513 -1.0000000180025095e-35 1.5247522482998239 1.2375480646590453 -0.050482818550193743 30.298415040186224 2.3880845929184908 42.891584345421272
decision_type=8 2 10 2 10 8 10 8 2 2 2 2 10 2
left_child=-1 2 5 -4 -5 12 7 10 -9 -8 -7 -11 -2 -12
right_child=1 -3 3 4 -6 6 9 8 -10 11 13 -13 -14 -15
leaf_value=0.00037656146873642676 -0.0017863290812088516 -0.017638444920060409 -0.010632218191955194 -0.00333289546984256 0.021391282314078806 -0.013007617143224027 -0.0071338356682807934 -0.011695540782880707 0.016899294846155117 0.00096317760181901667 0.014137725195756233 0.036060293623514421 -0.021960320971209601 0.00043677763535674005
leaf_weight=15768.198127342621 1005.8267230654819 115.71180818090215 512.74256472242996 124.72788301669061 68.56576032191515 82.130267115309834 45.124303456395864 362.98672417120542 62.945391465444118 43.841555151157081 394.70177233032882 87.906045269221067 75.553481019102037 319.19131417479366
leaf_count=90006 5420 970 3187 557 303 431 233 2143 335 276 1992 521 485 1641
internal_value=2.41852e-05 -0.00165069 -0.000963677 -0.00585654 0.00662079 0.000464874 0.00358968 0.0012924 -0.00690132 0.0177172 0.00573834 0.0260473 -0.00356902 0.00819069
internal_weight=19070.2 3301.96 3186.24 706.036 193.294 2480.21 1398.83 1221.96 425.932 176.872 796.023 131.748 1081.38 713.893
internal_count=108500 18494 17524 4047 860 13477 7572 6542 2478 1030 4064 797 5905 3633
is_linear=0
shrinkage=0.035


Tree=159
num_leaves=15
num_cat=0
split_feature=74 9 39 79 79 76 7 0 39 35 7 74 79 35
split_gain=9.14508 22.0573 17.4939 29.9699 43.5483 36.0918 28.4926 25.2134 20.2078 17.4824 16.2865 15.3293 35.5462 29.649
threshold=-3.6263743611355173 24.367053748978254 -0.54084500023143189 -0.30983866769659202 1.1277216213956829 -1.3564167595228569 1.5242347424117808 52.792108775413134 -0.24229883146932174 0.0092604824997415472 1.4864697477835194 -1.6489190945943475 3.9165694068686498 -0.040697153414280332
decision_type=2 2 2 8 8 10 2 2 2 2 2 2 10 2
left_child=1 2 -1 5 6 -4 -5 -8 -7 -6 -3 12 13 -2
right_child=11 10 3 4 9 8 7 -9 -10 -11 -12 -13 -14 -15
leaf_value=-0.016700236680681102 -0.0061296901000774838 -0.0061966117576335187 0.013432840198131929 0.024962300405316627 -0.012239345134985511 -0.0032029443564031159 -0.016397887730200254 0.015672660065206984 -0.026373945038676398 0.007167972397508277 0.026779421152491371 -0.00020071650928644178 0.017647486000552156 0.0037001566107665229
leaf_weight=113.47363901278004 461.95751369185746 19.288196365814656 40.038845010101795 107.74206016212702 174.85541757801548 78.904752111062407 42.999989710748196 37.484342845156789 116.7171293576248 64.959713075309992 29.233628937508911 15920.218483784258 163.06688387226313 1698.2158669279888
leaf_count=671 2485 331 219 528 972 394 280 308 882 406 389 90569 806 9260
internal_value=2.33221e-05 -0.00353486 -0.00509852 -0.00268447 0.00285841 -0.0121883 0.0146792 -0.00131497 -0.0181918 -0.0068353 0.0156884 0.00018806 0.00283116 0.00156108
internal_weight=19069.2 825.698 777.176 663.702 428.042 235.661 188.226 80.4843 195.622 239.815 48.5218 18243.5 2323.24 2160.17
internal_count=108500 5380 4660 3989 2494 1495 1116 588 1276 1378 720 103120 12551 11745
is_linear=0
shrinkage=0.035


Tree=160
num_leaves=15
num_cat=0
split_feature=33 41 77 39 77 79 79 38 78 75 9 7 79 40
split_gain=9.07165 27.5891 27.7547 33.4254 30.2762 26.6905 26.4204 33.3761 28.1872 24.4633 33.4783 29.3938 25.6491 38.4666
threshold=-0.030235233863175056 0.29501834255751341 -2.8320422598442576 0.33594476000065604 0.30097443613441782 1.1277216213956829 1.8345710587298472 0.67633918963844797 1.7712592494993513 1.9752411256403335 3.4703373006672527 1.7693923083019245 0.1273486439086772 0.27600251454490016
decision_type=2 2 8 2 10 8 10 2 10 2 2 2 10 2
left_child=1 2 -1 4 6 -3 9 8 -8 10 -4 -11 -12 -14
right_child=-2 5 3 -5 -6 -7 7 -9 -10 11 12 -13 13 -15
leaf_value=-0.0052772377941308268 -0.00067620432778374624 -0.011322236296136514 -0.017456367932151613 0.012156012877389892 -0.0010099179551831441 0.0034357036094861356 0.0082381292541842659 -0.0094253064679661065 0.027517994550366135 0.015663213694870455 0.0044455007317664771 -0.0051369662115608502 -0.0065233500165067263 0.0087524879677122643
leaf_weight=677.36206447891891 10358.782501224778 401.15058428235352 94.014778420329094 359.33612904243637 3231.5458703322365 221.45222140895203 392.0021451136563 76.441406432539225 116.21743930503726 291.31550943246111 1745.2144455559246 102.42959105595946 745.61388023337349 255.27087376732379
leaf_count=3865 58093 2444 212 1930 19025 1295 2052 338 630 1608 10168 736 4709 1395
internal_value=2.32111e-05 0.000854728 0.00140624 0.0020298 0.00148075 -0.00612946 0.00358283 0.0103092 0.0135219 0.00231086 0.00114398 0.0102655 0.00190239 -0.00253218
internal_weight=19068.1 8709.37 8086.76 7409.4 7050.07 622.603 3818.52 584.661 508.22 3233.86 2840.11 393.745 2746.1 1000.88
internal_count=108500 50407 46668 42803 40873 3739 21848 3020 2682 18828 16484 2344 16272 6104
is_linear=0
shrinkage=0.035


Tree=161
num_leaves=15
num_cat=0
split_feature=32 79 35 78 41 61 78 35 7 37 7 7 77 24
split_gain=9.18546 33.8964 33.696 32.5099 37.4678 31.4119 26.7804 32.6639 32.4411 26.2537 26.1847 24.1264 31.9114 28.9201
threshold=0.020302201602942906 5.6809284628524397 0.044897165850247313 0.81536491499104102 -0.14790532823562982 0.56848899958487931 5.3155581534990182 0.020961922494799792 2.4468380387690223 1.2911192042945989 1.9820624195624317 1.8129342176788896 0.40566668624639374 0.92336907086892317
decision_type=2 8 2 8 2 2 8 2 2 2 2 2 10 2
left_child=1 10 3 4 -3 -5 8 -8 -2 -9 11 13 -13 -1
right_child=6 2 -4 5 -6 -7 7 9 -10 -11 -12 12 -14 -15
leaf_value=-0.00020879123235571174 -0.00070122797861760721 -0.0026744673048857133 -0.011013330049612807 0.0099824043109830764 0.02565457121785221 -0.0042160772404461486 -0.011942023247794925 0.010054090088693641 0.010317539549377433 -0.011082446609322382 -0.0049593713589985555 0.011536522370660541 -0.0020477136171647196 0.017532074193334253
leaf_weight=7603.5496073092218 7138.3460470479913 72.89307832729537 106.11507237469777 459.63261409429833 196.86344800400548 302.21173563878983 515.66031829733402 183.51798560051247 323.00580997485667 92.131049978546798 1123.1262694547186 513.97922039038531 342.42154009919614 94.247767496854067
leaf_count=41832 39529 435 664 2426 1060 1658 2979 915 2429 509 8512 3023 2125 404
internal_value=2.31435e-05 0.000693655 0.00635352 0.00831543 0.0183433 0.00438632 -0.000855108 -0.00689425 -0.000197913 0.00271776 1.65211e-05 0.000679877 0.00618225 5.32885e-05
internal_weight=19067.7 10815 1137.72 1031.6 269.757 761.844 8252.66 791.309 7461.35 275.649 9677.32 8554.2 856.401 7697.8
internal_count=108500 62139 6243 5579 1495 4084 46361 4403 41958 1424 55896 47384 5148 42236
is_linear=0
shrinkage=0.035


Tree=162
num_leaves=15
num_cat=0
split_feature=3 12 65 4 6 74 75 6 39 41 37 78 34 75
split_gain=8.93047 15.9286 17.6233 17.7208 14.2774 24.7935 24.6973 20.2455 25.1797 22.6985 25.5413 30.5172 31.8958 25.3101
threshold=1.1747340824358135 -0.35722582487179727 0.87055315499021468 1.1666666666666667 2.0462229336179125 2.1556519335400819 3.2198182182808712 1.5458578951716857 0.5070788775608619 0.29501834255751341 0.83276560537863487 -1.8064019002644891 0.74163510884823636 2.8492423769571213
decision_type=2 2 2 2 2 2 2 2 2 2 2 8 2 2
left_child=1 -1 3 -3 7 6 -6 9 -9 10 -2 12 -12 -13
right_child=4 2 -4 -5 5 -7 -8 8 -10 -11 11 13 -14 -15
leaf_value=0.010011136639305496 -0.0041208956135257158 0.0093798916246812785 -0.0059271169636688744 0.00072171136667844844 -0.0054212751408731132 0.0095882489309441557 0.012967321959160397 0.0019747205381165588 -0.011545918378414436 -0.0055894210225895576 -0.0064819013910666773 0.0011968752203084599 0.018006073755536513 0.010655293851796664
leaf_weight=249.55897698178887 1645.7240430167876 337.41149420291185 357.55392126366496 1547.2738521434367 1590.3305166586069 151.15830575348809 76.027755165472627 6076.6094551932183 153.8298016032204 1130.5021651156712 907.68140838574618 4434.9726243783371 50.965625050477684 356.79469901451375
leaf_count=678 11074 744 1335 5995 9334 1203 426 35929 1015 6697 5610 25943 317 2200
internal_value=2.3546e-05 0.00196846 0.000992731 0.00235398 -0.00027087 -0.00318022 -0.00443845 9.12722e-05 0.00160502 -0.00101599 -0.000303756 0.000799176 -0.00483865 0.00194251
internal_weight=19066.4 2491.8 2242.24 1884.69 16574.6 1817.52 1666.36 14757.1 6230.44 8526.64 7396.14 5750.41 958.647 4791.77
internal_count=108500 8752 8074 6739 99748 10963 9760 88785 36944 51841 45144 34070 5927 28143
is_linear=0
shrinkage=0.035


Tree=163
num_leaves=15
num_cat=0
split_feature=6 6 40 78 78 75 76 76 75 33 41 77 33 7
split_gain=8.9363 36.616 29.4325 30.0929 27.126 25.1294 21.6882 20.9273 19.6291 15.7593 15.4339 14.5065 13.9952 18.5411
threshold=0.96060125309574529 1.012074701446023 0.25088236315092755 0.91439502544610052 -0.33781808635143828 -1.0000000180025095e-35 -1.2278592094972145 0.88631003930094054 -0.68661319757314776 0.10107080184358309 0.15552616427805557 0.065270114164603155 0.036498209415696974 1.5126780303772489
decision_type=2 2 2 10 8 2 10 10 2 2 2 10 2 2
left_child=2 5 3 4 7 -2 -7 11 -4 -6 12 -1 13 -10
right_child=1 -3 8 -5 9 6 -8 -9 10 -11 -12 -13 -14 -15
leaf_value=0.024010665262589062 -0.02368226257023473 6.7678120332654361e-05 0.012720846344394979 0.022415459799151733 -0.016042085019600725 0.012544827038159694 -0.010369196192259067 -0.0039869366989720616 0.0083933769308730376 0.0050804985923366113 0.0073116261796675758 0.0022728404363213071 -0.020458852106139305 -0.01273142886756176
leaf_weight=100.39224047074094 110.80422490276396 17873.151572499271 53.831310262903571 124.55129534704611 86.101092453114688 54.446515381801873 142.08905038284138 76.915027788374573 71.127518699504435 60.251917857676744 57.346997641958296 61.305317904800177 92.658674057340249 98.538511056918651
leaf_count=541 667 101485 300 762 537 260 826 480 436 309 387 296 635 579
internal_value=2.39423e-05 -0.000144698 0.00342239 0.00875311 0.00344408 -0.0117448 -0.00344892 0.0103982 -0.00392484 -0.00778082 -0.00731186 0.0169264 -0.0108002 -0.00392425
internal_weight=19063.5 18180.5 883.02 509.517 384.966 307.34 196.536 238.613 373.503 146.353 319.672 161.698 262.325 169.666
internal_count=108500 103238 5262 2925 2163 1753 1086 1317 2337 846 2037 837 1650 1015
is_linear=0
shrinkage=0.035


Tree=164
num_leaves=15
num_cat=0
split_feature=16 1 34 12 61 68 59 72 33 66 13 24 0 27
split_gain=8.93627 21.1304 23.2672 20.5634 17.5649 19.5338 18.1726 16.6836 15.9998 15.7233 15.9914 16.1437 15.6938 15.5879
threshold=-0.50471623617118755 0.95143940881652067 0.74163510884823636 -0.2496814955831245 0.20853231137451486 0.63830122922963561 -0.20302093289632131 1.7359898850465159 -0.047024622263588674 0.74725519947690111 1.5767188509138155 -0.54827395307829307 27.129014098128987 -0.0029624472156018406
decision_type=2 2 2 2 2 2 2 2 2 2 2 2 2 2
left_child=1 2 9 4 13 -6 -7 -8 -4 10 11 -1 -12 -3
right_child=-2 3 8 -5 5 6 7 -9 -10 -11 12 -13 -14 -15
leaf_value=0.0013511162649655951 0.00043817561020037554 0.016705862705222663 -0.0060236570330463625 -0.0044362207197751304 -0.0098286197628126622 -0.0099004031042782235 0.006861279142895655 -0.010662751362357744 0.01356429067187084 0.0035793391311887907 -0.004500465762703445 -0.0059366886717850875 -0.017444458076299827 8.0933968902385941e-05
leaf_weight=539.11579191428609 14670.224354161794 186.98966971598566 61.197148460778408 486.03356522507966 137.11278586834669 90.034657664597034 715.94212222006172 55.384441185742617 139.7962024861481 261.60298650478944 260.06141703421599 1139.210638427292 216.58357375534251 103.99447008501738
leaf_count=3821 83873 786 392 2598 693 439 3623 272 724 1737 1665 6251 1073 553
internal_value=2.32956e-05 -0.00135787 -0.00334685 0.00157907 0.00387953 0.00158287 0.00358118 0.00536529 0.00759488 -0.00431178 -0.00529383 -0.00360734 -0.0108477 0.0111516
internal_weight=19063.3 4393.06 2617.57 1775.49 1289.46 998.474 861.361 771.327 200.993 2416.57 2154.97 1678.33 476.645 290.984
internal_count=108500 24627 15663 8964 6366 5027 4334 3895 1116 14547 12810 10072 2738 1339
is_linear=0
shrinkage=0.035


Tree=165
num_leaves=15
num_cat=0
split_feature=75 74 78 75 26 4 75 79 79 38 40 78 75 79
split_gain=8.97135 31.9213 32.2087 45.3303 34.5779 30.8481 30.0345 27.1835 32.6395 46.2563 30.9411 27.1187 23.5637 23.0757
threshold=0.46808166628826792 -1.2403581453092889 -0.13669689925010695 6.0332873572128678 -0.23637862224679337 3.8333333333333335 1.3275621688268704 -0.22581422828606132 1.5542874568597449 0.60260594459656713 0.32660611670625256 -1.6546915118308227 0.59561686780878753 2.1894624590279608
decision_type=2 2 10 2 2 2 2 10 10 2 2 10 2 10
left_child=13 5 4 -4 11 -2 -7 -6 9 -9 -10 -3 -13 -1
right_child=1 2 3 -5 7 6 -8 8 10 -11 -12 12 -14 -15
leaf_value=-5.5015357891951605e-06 0.0076560097794869907 -0.00030744136815075932 -0.0054280094435616164 0.016953287735293327 -0.0061412546004688592 0.0070867282791843428 -0.011275240105907025 -0.0082905430470906743 0.0023083884005723658 0.012925377835999823 -0.020496886403368227 -0.00955332546165805 0.011135914022342479 0.0044574522584584549
leaf_weight=9755.5749006552214 890.984726956347 730.36038625636138 2856.3101842444594 96.20228530629538 1122.9828339766245 169.12048189714551 242.48258842015639 162.50794178200886 162.02732224343345 407.16396209213417 107.38300407771021 59.674071972258389 657.19769994821399 1640.804917894653
leaf_count=56871 4637 4392 16181 550 6013 1028 1441 1165 817 2088 574 367 3686 8690
internal_value=2.14442e-05 -0.000903129 -0.0019266 -0.00458959 0.000392915 0.00404903 -0.00375185 -0.00262451 0.00211551 0.00679728 -0.00756975 0.00446376 0.00920114 0.00064374
internal_weight=19060.8 7664.4 6361.81 2952.51 3409.3 1302.59 411.603 1962.07 839.082 569.672 269.41 1447.23 716.872 11396.4
internal_count=108500 42939 35833 16731 19102 7106 2469 10657 4644 3253 1391 8445 4053 65561
is_linear=0
shrinkage=0.035


Tree=166
num_leaves=15
num_cat=0
split_feature=34 77 78 75 26 79 25 5 27 77 38 77 74 9
split_gain=9.06589 25.3455 21.297 14.5247 25.2719 22.2395 14.1509 11.4997 27.9879 20.1547 14.9358 18.8777 27.4589 17.8368
threshold=1.3197152002469414 -0.75912386530956033 0.22059382542617315 6.0332873572128678 -0.42999128750372212 -2.0493611989442457 0.084283888095910739 3.1780538303479462 0.029240816086695227 0.66426915909227613 0.84210526315788703 -0.68300847118226649 -1.3653669333142873 3.9506172839507419
decision_type=2 10 8 2 2 10 2 2 2 10 2 8 2 2
left_child=3 -2 6 7 -5 -6 -3 10 9 -9 -1 12 -12 -14
right_child=1 2 -4 4 5 -7 -8 8 -10 -11 11 -13 13 -15
leaf_value=-0.00015280360353358435 -0.020064378367106648 -0.017764143027998749 0.012533458881516801 -0.0085207234837214041 -0.0040582725192784014 0.023179763549636273 0.0052051738675718369 0.024406172326446856 -0.018716857206096695 -0.0099658826656775241 0.01589757024123413 0.0077737052036585255 0.009171934481140483 -0.010238547962656551
leaf_weight=17410.703354152829 83.172928937710822 59.349402683670633 88.408291871193796 60.105585132259876 43.912580305710435 109.12297801766545 43.76759335026145 25.718644422013313 98.164613825734705 23.150331465018098 65.163495851680636 635.98663469590247 56.656017370522022 256.99426092300564
leaf_count=98366 527 434 505 402 255 667 244 306 1042 244 417 3317 125 1649
internal_value=2.0604e-05 -0.00607069 0.00132882 0.000116037 0.00879771 0.0157983 -0.00875308 7.0483e-06 -0.00913519 0.00995784 8.98284e-05 0.00417511 -0.0019534 -0.00639273
internal_weight=19060.4 274.698 191.525 18785.7 213.141 153.036 103.117 18572.5 147.034 48.869 18425.5 1014.8 378.814 313.65
internal_count=108500 1710 1183 106790 1324 922 678 105466 1592 550 103874 5508 2191 1774
is_linear=0
shrinkage=0.035


Tree=167
num_leaves=15
num_cat=0
split_feature=7 41 9 35 78 76 75 75 79 39 0 40 35 35
split_gain=8.82671 19.2431 18.3145 19.2236 19.1136 20.1627 18.0184 14.8259 43.5272 24.4437 34.8488 32.7593 28.4232 23.4661
threshold=0.88145565578149432 0.22374275118307982 12.784956682310751 0.012504922536552129 1.4778082153328171 -0.371655049841635 -1.7382971044949775 -2.3686175465867243 3.0243408097384097 0.18521825650224832 61.14780795324662 -0.68880858577180026 -0.054687890911407654 -0.0016279323303765678
decision_type=2 2 2 2 10 10 2 2 10 2 2 2 2 2
left_child=1 2 3 4 5 -1 -7 8 9 11 -11 -2 -13 -14
right_child=7 -3 -4 -5 -6 6 -8 -9 -10 10 -12 12 13 -15
leaf_value=0.014570410395171707 0.011449423691988885 -0.018713121581191573 -0.015485242648835299 0.014819047631047258 -0.018046092296980069 -0.019278841794272628 0.0034713615577328656 -0.00014538300912052317 -0.015917398259903921 0.020600262967109949 -0.0046247365716096632 0.013029074207755988 -0.0094238997787079101 0.0044295787124571913
leaf_weight=80.248460944741964 331.08276516688056 74.954870751185808 69.662392512545921 86.063845277763903 53.851489126682281 48.128081534989178 101.15956021472812 17064.696023027893 110.68475571414456 218.45832783100195 84.497437212616205 116.58758306829259 401.63680346810725 217.42726257722825
leaf_count=387 2511 593 948 449 300 317 514 95083 702 1026 496 796 2779 1599
internal_value=2.01318e-05 -0.00441608 -0.00126677 0.00207177 -0.00252124 0.0022755 -0.00527411 0.000147729 0.00348341 0.0052577 0.013714 0.00264788 -0.00151148 -0.00457194
internal_weight=19059.1 514.069 439.114 369.451 283.388 229.536 149.288 18545.1 1480.37 1369.69 302.956 1066.73 735.652 619.064
internal_count=108500 3508 2915 1967 1518 1218 831 104992 9909 9207 1522 7685 5174 4378
is_linear=0
shrinkage=0.035


Tree=168
num_leaves=15
num_cat=0
split_feature=74 9 39 79 79 76 7 0 39 35 7 74 79 76
split_gain=8.90332 20.8337 16.4312 28.06 40.9744 34.2475 26.6415 23.9811 19.1896 16.3799 15.372 13.4935 32.7801 29.3869
threshold=-3.6263743611355173 24.367053748978254 -0.54084500023143189 -0.30983866769659202 1.1277216213956829 -1.3564167595228569 1.5242347424117808 52.792108775413134 -0.24229883146932174 0.0092604824997415472 1.4864697477835194 -1.6489190945943475 3.9165694068686498 -0.1173816275296377
decision_type=2 2 2 8 8 8 2 2 2 2 2 2 10 10
left_child=1 2 -1 5 6 -4 -5 -8 -7 -6 -3 12 13 -2
right_child=11 10 3 4 9 8 7 -9 -10 -11 -12 -13 -14 -15
leaf_value=-0.016306919087697731 0.0059058585931254012 -0.0061444109456108018 0.013007518705622183 0.024018500892254394 -0.01197931411150548 -0.003173731749045559 -0.016113706833370819 0.015176135366308114 -0.025810362419210447 0.0068102551279999443 0.025770567342172434 -0.0001839175551459061 0.016867013486167145 -0.0022288743719264506
leaf_weight=112.66953343432397 969.14242516481318 19.24652995634824 40.21054445207119 108.39772333018482 174.38825009390712 78.82133919512853 42.733094691764563 37.629963336512446 115.63999635027722 65.169378649443388 29.867268281523138 15909.333921664547 163.56408374803141 1191.9053805307485
leaf_count=671 4859 331 219 528 972 394 280 308 882 406 389 90569 806 6886
internal_value=1.86207e-05 -0.00349417 -0.00502193 -0.00268278 0.00267454 -0.011903 0.0141198 -0.0013577 -0.0177867 -0.0067369 0.015105 0.000181169 0.00266003 0.00143993
internal_weight=19058.7 824.774 775.66 662.99 428.318 234.672 188.761 80.3631 194.461 239.558 49.1138 18233.9 2324.61 2161.05
internal_count=108500 5380 4660 3989 2494 1495 1116 588 1276 1378 720 103120 12551 11745
is_linear=0
shrinkage=0.035


Tree=169
num_leaves=15
num_cat=0
split_feature=76 7 32 38 32 79 65 76 74 35 11 75 37 35
split_gain=9.00165 23.3313 17.2974 16.8385 15.824 18.2514 13.99 13.6715 27.2397 21.3566 23.6315 20.2 19.0488 27.269
threshold=-3.9041893477876597 1.1151384489847447 -0.52976823202506973 0.57392230441229197 0.21655295524719129 -1.535156505399013 0.53106007236315522 -1.8220725092015082 0.37428318900954266 -0.037911494646682455 0.032649774240435116 -0.53588323895266277 1.1000152089651871 0.014285879807722201
decision_type=10 2 2 2 2 8 2 10 2 2 2 2 2 2
left_child=1 3 -3 -1 -4 -6 -7 8 12 -10 11 -11 13 -2
right_child=7 2 4 -5 5 6 -8 -9 9 10 -12 -13 -14 -15
leaf_value=0.018528004606924938 0.0061445785436005339 0.0051349677757276503 -0.010809108665740676 -0.0038822741507795458 0.013215574098442618 0.0036701255602258169 -0.015244547989734916 -0.00014183265104878074 -0.017463229705926273 0.020148663319617802 -0.0080408121777281686 0.001197915308002871 0.0099585372740995052 -0.0097689641062761665
leaf_weight=76.790423212572932 411.39918485807721 147.55927723506466 503.85265515733045 61.227519890293479 68.454336007125676 81.833543665707111 77.623347219079733 16027.660537293465 79.23304090090096 66.506500399904326 259.0741389610339 353.10088981152512 672.83316928194836 170.28025010600686
leaf_count=398 2182 778 2668 279 382 421 476 92340 451 464 1551 2006 3323 781
internal_value=1.8817e-05 -0.0031518 -0.00527894 0.00935328 -0.00745964 0.000219808 -0.0062103 0.000200911 0.00290517 -0.00229714 -7.73587e-05 0.00498157 0.00603488 0.00131619
internal_weight=19057.4 1017.34 879.323 138.018 731.764 227.911 159.457 18040.1 2012.43 757.915 678.682 419.607 1254.51 581.679
internal_count=108500 5402 4725 677 3947 1279 897 103098 10758 4472 4021 2470 6286 2963
is_linear=0
shrinkage=0.035


Tree=170
num_leaves=15
num_cat=0
split_feature=78 35 33 34 33 41 77 39 77 74 79 36 37 40
split_gain=8.77094 18.0649 16.9531 21.9761 11.1802 26.0844 25.9075 30.7041 24.0899 27.4732 33.1067 36.1739 24.0867 27.393
threshold=-7.8180718779674914 0.034667350664031989 -0.093839638760466068 -0.30927866082620187 -0.030235233863175056 0.29501834255751341 -2.8320422598442576 0.33594476000065604 0.30097443613441782 -2.4337636157681604 1.8345710587298472 0.0046129913878751689 1.7810580689121398 1.0000000180025095e-35
decision_type=8 2 2 2 2 2 8 2 10 2 10 2 2 2
left_child=1 2 -1 -4 5 6 -2 8 9 -8 -11 -12 13 -10
right_child=4 -3 3 -5 -6 -7 7 -9 12 10 11 -13 -14 -15
leaf_value=-0.022170535420345094 -0.00491003849059832 0.0071494634490662252 0.013526252453662775 -0.012521944458974971 -0.00066927249972314692 -0.0058199544887734449 -0.005591203212575625 0.01192282936442457 0.002204987757500517 0.0029907251100633036 0.019577750827377251 0.00086330900335071764 0.011943637262071004 -0.0044414343313438562
leaf_weight=76.944143371190876 670.06585799041204 78.075721013359725 46.842884914949536 78.427829106571153 10199.646160426666 609.63694949029014 348.81651819054969 357.1271591114928 1416.4268083537463 2900.3793421808368 314.43265216052532 206.60748945712112 157.52519955765456 1595.7569655247498
leaf_count=510 3822 403 335 462 57201 3666 2043 1907 8800 16842 1608 1033 916 8952
internal_value=1.85469e-05 -0.0059159 -0.0111499 -0.00226043 0.000113336 0.00104342 0.00158185 0.00218977 0.00165609 0.00353936 0.00449731 0.0124632 -0.000592116 -0.00132214
internal_weight=19056.7 280.291 202.215 125.271 18776.4 8576.77 7967.14 7297.07 6939.94 3770.24 3421.42 521.04 3169.71 3012.18
internal_count=108500 1710 1307 797 106790 49589 45923 42101 40194 21526 19483 2641 18668 17752
is_linear=0
shrinkage=0.035


Tree=171
num_leaves=15
num_cat=0
split_feature=32 79 35 78 41 61 78 7 29 35 75 7 7 77
split_gain=8.8402 31.411 31.4334 29.8321 35.2433 29.046 25.1615 32.7712 25.3143 30.9334 28.6834 24.1462 22.6266 29.2567
threshold=0.020302201602942906 5.6809284628524397 0.044897165850247313 0.81536491499104102 -0.14790532823562982 0.56848899958487931 4.3931234780441279 2.4468380387690223 1.2020733406092816 0.020961922494799792 -0.60615483010319215 1.9820624195624317 1.8129342176788896 0.40566668624639374
decision_type=2 8 2 8 2 2 8 2 2 2 2 2 2 10
left_child=1 11 3 4 -3 -5 7 -2 9 -8 -10 12 -1 -14
right_child=6 2 -4 5 -6 -7 8 -9 10 -11 -12 -13 13 -15
leaf_value=5.254099927932899e-05 -0.00066598503516444429 -0.0027578875736634029 -0.010683388495996421 0.0096096685528193632 0.024658485776435802 -0.0040457269179625978 -0.0073576577043949929 0.010458829764695317 0.0061340795781264909 0.0084503099655009236 -0.021369460388582232 -0.0047620504653484667 0.011092534077893693 -0.0019150460396058413
leaf_weight=7692.9101541218115 7010.2172661936202 72.920433611259796 105.6955202226527 460.80601802561432 197.93406675825827 301.58176919445395 478.5840106382966 320.06659443862736 49.980980159714818 199.00880966428667 188.71740675065666 1119.9202856410993 515.93403582780593 341.71725869737566
leaf_count=42236 38891 435 664 2426 1060 1658 2841 2393 253 1026 957 8512 3023 2125
internal_value=1.83088e-05 0.000676233 0.00612126 0.00801052 0.0175953 0.00424259 -0.000843632 -0.000153099 -0.00624659 -0.0026057 -0.0155815 2.36363e-05 0.000660097 0.00598434
internal_weight=19056 10809.4 1138.94 1033.24 270.855 762.388 8246.58 7330.28 916.291 677.593 238.698 9670.48 8550.56 857.651
internal_count=108500 62139 6243 5579 1495 4084 46361 41284 5077 3867 1210 55896 47384 5148
is_linear=0
shrinkage=0.035


Tree=172
num_leaves=15
num_cat=0
split_feature=34 77 78 75 26 79 25 78 74 77 6 39 77 7
split_gain=8.62629 24.036 20.0254 13.6741 23.8396 20.8099 13.5339 10.8945 29.6573 38.4108 35.2483 34.4299 30.8791 45.9232
threshold=1.3197152002469414 -0.75912386530956033 0.22059382542617315 6.0332873572128678 -0.42999128750372212 -2.0493611989442457 0.084283888095910739 -0.20308662330379679 0.84712371148751353 0.065270114164603155 2.2923018687234329 0.30957198679076164 -2.5267583097221054 1.6265900466010887
decision_type=2 10 8 2 2 10 2 8 2 10 2 2 10 2
left_child=3 -2 6 7 -5 -6 -3 8 10 12 -1 -11 -10 -14
right_child=1 2 -4 4 5 -7 -8 -9 9 11 -12 -13 13 -15
leaf_value=0.0003048200062623534 -0.019613240935050243 -0.017384762944540635 0.012107577293556743 -0.0083216314277989381 -0.0039283785952621596 0.022420648756760735 0.0050960349502814917 -0.00076491398216960572 -0.0044364601045187727 -0.0029768832933325232 -0.011719871452180636 0.014065165456455322 0.002947628648752192 0.018376392945718672
leaf_weight=5920.862472597626 82.543128147721291 58.964870314404834 88.648492992389947 59.890285668196157 43.834374840836972 109.625249738805 43.784637963399291 10163.689317811557 169.8438653354533 916.80208987067454 294.44468280300498 151.87309794314206 448.13287073629908 502.25169555214234
leaf_count=32376 527 434 505 402 255 667 244 57345 1147 6297 1655 820 2482 3344
internal_value=1.81727e-05 -0.00593136 0.00126649 0.000111169 0.00853096 0.0153091 -0.00853557 5.34857e-06 0.000936475 0.00442003 -0.000300604 -0.000341081 0.00888835 0.011312
internal_weight=19055.2 273.941 191.398 18781.3 213.35 153.46 102.75 18567.9 8404.21 2188.9 6215.31 1068.68 1120.23 950.385
internal_count=108500 1710 1183 106790 1324 922 678 105466 48121 14090 34031 7117 6973 5826
is_linear=0
shrinkage=0.035


Tree=173
num_leaves=15
num_cat=0
split_feature=36 7 79 7 79 75 78 9 9 79 75 79 24 79
split_gain=8.65825 30.1434 50.0475 39.7005 39.5499 45.0529 38.1895 36.4804 33.5377 26.8994 23.4982 23.216 23.0631 22.6964
threshold=0.019217246690779181 1.7306655704871201 -0.95797659350189679 1.8129342176788896 1.6833791559102556 0.15526975339518631 -2.6393919020982866 14.946670758925492 6.4929494355980273 -2.8172217849896066 -0.33347935827625214 -1.2811947472624714 0.60138079080791051 -0.22581422828606132
decision_type=2 2 10 2 10 2 8 2 2 8 2 8 2 8
left_child=-1 4 -3 -4 7 10 -7 9 -5 -2 -6 -11 -10 -13
right_child=1 2 3 8 5 6 -8 -9 12 11 -12 13 -14 -15
leaf_value=0.00049866356341488852 -0.0091918289252235687 -0.0058087039958196309 0.017998961581981866 0.011160815691398119 -0.0070726039349999752 0.0082177535556230679 -0.019833219737782671 -0.013448529538522705 -0.0043242534965962278 0.008595252524652576 0.016147203501910987 -0.0060514510908837469 0.010917775370315536 0.002084759588130633
leaf_weight=13459.607672186488 325.10617496538907 621.94851956656203 253.21659080527024 382.10371176560875 96.966063652187586 57.667408883571625 413.59821889922023 254.52982425858499 603.16534885228612 413.03799383062869 80.064529311843216 579.58311409293674 131.34300329256803 1382.6956394962035
leaf_count=77720 1500 3881 1432 1357 505 280 2072 3193 4701 1863 415 2598 745 6238
internal_value=1.76602e-05 -0.00113711 0.0023035 0.00601731 -0.00304121 -0.0107331 -0.0162059 -0.00129285 0.0030313 -5.66642e-05 0.00400196 0.00125996 -0.00138156 -0.000355179
internal_weight=19054.6 5595.03 1991.78 1369.83 3603.25 648.296 471.266 2954.95 1116.61 2700.42 177.031 2375.32 734.508 1962.28
internal_count=108500 30780 12116 8235 18664 3272 2352 15392 6803 12199 920 10699 5446 8836
is_linear=0
shrinkage=0.035


Tree=174
num_leaves=15
num_cat=0
split_feature=70 29 37 64 25 40 41 9 36 78 76 20 7 22
split_gain=8.56516 12.9087 16.6098 20.7895 19.602 20.9527 18.3476 16.7161 16.4141 15.8215 16.1697 15.7618 15.3655 14.8418
threshold=-0.4767217538412829 1.4366380196428306 0.91281902024046702 1.4644482212816163 -0.23020228268553442 -0.39249763784467695 -0.16258535873199387 7.4239113395498535 -0.04826482739187412 0.63759300790627293 -1.0000000180025095e-35 0.14714437924549703 1.6088533194124137 0.83696145796311605
decision_type=2 2 2 2 2 2 2 2 2 8 10 2 2 2
left_child=1 2 6 4 7 8 12 -4 -6 13 -11 -3 -1 -8
right_child=-2 11 3 -5 5 -7 9 -9 -10 10 -12 -13 -14 -15
leaf_value=-0.013182938518346534 -0.00041134108332587134 -0.0042064789549860091 -0.011187235215533425 0.011495386131379218 0.0091076236305355652 0.0062620067587299249 0.0065722963021003899 0.0027867017676944375 -0.0070471342412706953 0.0026813437189463023 -0.011234795407425663 0.0074131312625162066 0.0019182811062962465 -0.0080221046581912293
leaf_weight=207.2279101726599 14289.292777114664 820.08554156590253 193.15702569112182 360.56946201914252 84.504645939334296 1294.4998483450618 591.64485348924063 193.84802520181984 283.35752559266984 198.05463269585744 178.75314871361479 153.42687879316509 122.46866836352274 81.842642411589622
leaf_count=1180 82428 4529 707 1919 545 6501 3369 1428 1553 1134 1124 788 840 455
internal_value=1.72878e-05 0.00129943 0.00222154 0.00396368 0.00254024 0.0041878 -0.000833997 -0.0043948 -0.00305782 0.00145254 -0.00415383 -0.00226285 -0.00778457 0.00461857
internal_weight=19052.7 4763.44 3789.93 2409.94 2049.37 1662.36 1379.99 387.005 367.862 1050.3 376.808 973.512 329.697 673.487
internal_count=108500 26072 20755 12653 10734 8599 8102 2135 2098 6082 2258 5317 2020 3824
is_linear=0
shrinkage=0.035


Tree=175
num_leaves=15
num_cat=0
split_feature=31 35 21 77 32 37 39 4 77 75 17 77 76 39
split_gain=8.54472 16.0995 20.7306 25.8984 16.6567 16.4058 13.9006 14.8272 11.7335 11.5885 11.3382 14.8294 29.8519 37.6054
threshold=-0.52706237956038315 0.041979516298065268 0.94161990521079597 1.2237560131093421 -0.87412655348696533 1.214165825604373 -0.63335036790174093 5.5000000000000009 -1.3750652094267697 0.66139133795806404 0.6143703271512041 3.5335772088798896 -1.0000000180025095e-35 -0.082885291192768176
decision_type=2 2 2 10 2 2 2 2 10 2 2 8 10 2
left_child=1 2 3 4 -1 9 7 -2 -7 -4 11 -8 -13 -14
right_child=6 -3 5 -5 -6 8 10 -9 -10 -11 -12 12 13 -15
leaf_value=-0.00079221874426614342 -0.019607252496167942 -0.0097803632589237837 -0.010907896288345419 -0.0065627654519698807 0.023635452240636207 -0.0041632217079722597 -0.00015791901407490304 0.0025363866051699674 0.010805238155197671 0.0035595682191172473 -0.0047528559426726963 0.011313274760451915 0.0083812080849374887 -0.007833453279644834
leaf_weight=41.353231346234679 71.12134237238206 82.852545020636171 150.28990519623039 53.788839836139232 147.80449693300761 77.960148614598438 16410.193168823353 55.50351405562833 200.33355990175914 99.786872007884085 589.11385602224618 404.36222668550909 298.94920236547478 368.91145939659327
leaf_count=306 823 633 912 384 887 437 92396 462 1269 551 3244 2250 1978 1968
internal_value=1.63551e-05 0.00339653 0.00502338 0.0130569 0.01873 0.000988039 -0.000145855 -0.010879 0.00661404 -0.00529892 -5.87061e-05 0.000104725 0.00405374 -0.000542755
internal_weight=19052.3 854.17 771.317 242.947 189.158 528.37 18198.2 126.625 278.294 250.077 18071.5 17482.4 1072.22 667.861
internal_count=108500 5379 4746 1577 1193 3169 103121 1285 1706 1463 101836 98592 6196 3946
is_linear=0
shrinkage=0.035


Tree=176
num_leaves=15
num_cat=0
split_feature=16 13 41 61 75 23 36 1 37 69 24 65 36 37
split_gain=8.50141 19.4398 18.3735 12.1598 14.1643 16.2403 16.1006 15.8469 14.2064 13.0189 13.0863 12.3032 12.0602 31.7744
threshold=-1.4472821769405428 0.94421617524047663 0.046616579040461771 0.94689007411421733 0.40934038426042291 -0.19427476396747148 0.021018417340441759 0.62654033472955939 0.83276560537863487 0.82726659305611161 -0.020762874907956155 0.88575458392098572 0.019217246690779181 0.5523138706907712
decision_type=2 2 2 2 2 2 2 2 2 2 2 2 2 2
left_child=1 -1 -3 12 5 8 11 -6 -5 10 -9 -7 -2 -14
right_child=3 2 -4 4 7 6 -8 9 -10 -11 -12 -13 13 -15
leaf_value=0.011034639405702677 0.00046090807522562765 -0.016740443024026878 0.00048133559356166434 -0.001083817585132079 -0.01106803135806609 -0.0036583729572033578 0.013300183719442039 -0.0067862250475858111 0.016125598234346138 0.013293215452909318 0.0057550262739084913 0.01282045516750591 0.01178770693297675 -0.0021240003894195175
leaf_weight=55.579617066774517 12231.195260218672 148.57089656917378 136.04557233396918 73.138256946112961 124.03071455913596 350.92632181989029 100.79740628600121 192.65536124818027 235.98889439366758 81.761370284482837 176.03071143478155 45.417660837993026 189.9451916962862 4910.0267195863998
leaf_count=343 70664 760 657 453 758 2150 507 1032 1284 458 964 291 1157 27022
internal_value=1.5531e-05 -0.00531057 -0.00901738 0.00011793 0.00325468 0.00619091 0.0021045 -0.00093589 0.0122355 0.00220592 -0.000810333 -0.00124489 -0.000135434 -0.00156185
internal_weight=19052.1 340.196 284.616 18711.9 1380.75 806.269 497.141 574.478 309.127 450.447 368.686 396.344 17331.2 5099.97
internal_count=108500 1760 1417 106740 7897 4685 2948 3212 1737 2454 1996 2441 98843 28179
is_linear=0
shrinkage=0.035


Tree=177
num_leaves=15
num_cat=0
split_feature=6 6 40 78 78 75 76 76 75 33 41 9 77 33
split_gain=8.45997 34.5218 27.3502 28.412 25.0685 24.072 20.3591 19.2201 18.3007 15.0782 14.6009 14.1183 13.3647 13.2312
threshold=0.96060125309574529 1.012074701446023 0.25088236315092755 0.91439502544610052 -0.33781808635143828 -1.0000000180025095e-35 -1.2278592094972145 0.88631003930094054 -0.68661319757314776 0.10107080184358309 0.15552616427805557 9.2277977529862891 0.065270114164603155 0.036498209415696974
decision_type=2 2 2 10 8 2 10 10 2 2 2 2 10 2
left_child=2 5 3 4 7 -2 -7 12 -4 -6 13 -5 -1 -10
right_child=1 -3 8 11 9 6 -8 -9 10 -11 -12 -13 -14 -15
leaf_value=0.022940059554877205 -0.023168533697208612 5.8285455711672447e-05 0.012269546283854281 0.030141443826718309 -0.015652936571261072 0.012130887870870277 -0.010060193680118431 -0.0038590140373706712 -0.0037878638866179 0.0050241329219387629 0.0071509262547627284 0.0051139799537473565 0.0021267785340948219 -0.01990263226059014
leaf_weight=101.2014596243389 109.89744723541662 17862.420448467652 53.992975283414125 72.116807173937559 85.531224929727614 54.672795459162444 141.42915481841192 76.728406064212322 169.24457668885589 60.210463849827647 57.326511732302606 53.242413989733905 61.3644954347983 91.837097927229479
leaf_count=541 667 101485 300 308 537 260 826 480 1015 309 387 454 296 635
internal_value=1.65205e-05 -0.000147644 0.00332354 0.00845095 0.00328675 -0.0114347 -0.00332325 0.00995061 -0.00377641 -0.00753513 -0.00706168 0.021678 0.0161772 -0.0104691
internal_weight=19051.2 18168.4 882.796 510.395 385.036 305.999 196.102 239.294 372.401 145.742 318.408 125.359 162.566 261.082
internal_count=108500 103238 5262 2925 2163 1753 1086 1317 2337 846 2037 762 837 1650
is_linear=0
shrinkage=0.035


Tree=178
num_leaves=15
num_cat=0
split_feature=76 77 40 77 40 78 35 79 0 74 4 78 0 76
split_gain=8.406 23.2401 25.271 61.5377 25.1548 27.0149 22.1127 18.1875 16.8134 13.5664 19.2533 13.2192 12.6247 12.5089
threshold=-3.9041893477876597 0.1580809529064279 0.0437541404705118 1.6154369947737723 -0.086071457736104987 1.2328604132940026 -0.020458856802452071 0.4432884719497594 47.528517110265533 0.13116512760624385 1.8333333333333337 0.81536491499104102 38.71682549634037 -1.8220725092015082
decision_type=10 10 2 10 2 8 2 8 2 2 2 8 2 10
left_child=1 4 11 -4 6 9 8 -8 -1 -6 -11 -3 -7 -2
right_child=13 2 3 -5 5 12 7 -9 -10 10 -12 -13 -14 -15
leaf_value=0.0050474435421432561 0.0027784398884405817 -0.0076066329362229372 -0.017226764990195452 0.018792539877004629 -0.019151176017247817 -0.0026348649259231682 0.0093279159463465246 -0.011353624202118637 0.030926747517296006 0.010797063846915074 -0.012554160701619481 -0.028844848013455483 0.018308912418619594 -0.00013552511317408631
leaf_weight=72.153465280309319 2013.4826851391699 90.396091321134008 108.69938500021817 85.978731132112443 114.55783445388079 61.261037065647542 93.04569545481354 76.606161726638675 49.706883352249861 55.48736681882292 82.929154478013515 73.835569311631843 51.147166218608618 16021.30016020374
leaf_count=380 10758 489 572 431 578 334 459 424 256 263 499 490 227 92340
internal_value=1.66254e-05 -0.00304966 -0.00995456 -0.00105024 0.000905642 -0.00510032 0.00827768 -0.0002233 0.0184755 -0.0111882 -0.00301198 -0.0192498 0.00822091 0.00019252
internal_weight=19050.6 1015.8 358.91 194.678 656.895 365.383 291.512 169.652 121.86 252.974 138.417 164.232 112.408 18034.8
internal_count=108500 5402 1982 1003 3420 1901 1519 883 636 1340 762 979 561 103098
is_linear=0
shrinkage=0.035


Tree=179
num_leaves=15
num_cat=0
split_feature=78 74 9 33 33 41 77 39 78 77 74 79 33 37
split_gain=8.36799 17.261 15.5802 14.9159 10.4409 24.1934 24.1753 28.5307 23.7024 21.7187 25.3634 31.1756 34.0289 22.6101
threshold=-7.8180718779674914 -0.50887386591945205 8.0528166193490218 0.18322635437361717 -0.030235233863175056 0.29501834255751341 -2.8320422598442576 0.33594476000065604 -0.67956130295507811 0.30097443613441782 -2.4337636157681604 1.8345710587298472 -0.16837451722496052 1.7810580689121398
decision_type=8 2 2 2 2 2 8 2 8 10 2 10 2 2
left_child=1 2 -1 -3 5 6 -2 9 -7 10 -8 -12 -13 -11
right_child=4 3 -4 -5 -6 8 7 -9 -10 13 11 12 -14 -15
leaf_value=-0.0065087375848030347 -0.0047532017165622716 -0.017829670519723 0.015840648946764246 0.0046668194789260967 -0.00064825480846791188 0.00447588451348569 -0.0054002560995915563 0.011484629132381633 -0.010053069995344961 -0.0012488953695871093 0.0028398018895890846 0.019968741055859524 0.0021545523889946283 0.011588974982057
leaf_weight=65.808435924351215 668.64955679525156 124.22375385905616 50.838951007463038 38.706783268600702 10193.869348058302 185.80283813551068 348.04122731508687 357.82899220770923 422.21059028059244 3009.2144593817939 2903.7846087449361 278.00693292915821 244.53310826444067 157.96611785702407
leaf_count=254 3822 835 399 222 57201 1117 2043 1907 2549 17752 16842 1415 1226 916
internal_value=1.58349e-05 -0.00578767 0.00412471 -0.0125593 0.000108346 0.00100709 0.00152496 0.00211148 -0.00561202 0.0015967 0.00338297 0.00430132 0.012019 -0.00053989
internal_weight=19049.5 279.578 116.647 162.931 18769.9 8576.04 7968.03 7299.38 608.013 6941.55 3774.37 3426.32 522.54 3167.18
internal_count=108500 1710 653 1057 106790 49589 45923 42101 3666 40194 21526 19483 2641 18668
is_linear=0
shrinkage=0.035


Tree=180
num_leaves=15
num_cat=0
split_feature=7 41 35 79 76 74 78 1 7 77 77 6 37 33
split_gain=8.31888 17.8951 17.6485 17.8783 19.9113 17.851 16.8453 19.1752 14.5829 21.1412 25.8909 24.6854 29.5314 20.7152
threshold=0.88145565578149432 0.22374275118307982 -0.06572007780961435 1.322056903774159 0.52901766968064079 -0.44226643100801516 -1.0090140823013927 1.0698162918874936 1.0486107060480263 -3.2276858178005252 -0.83810573093620755 1.2857142857143129 1.1146852390044864 0.044625998230263371
decision_type=2 2 2 8 10 2 10 2 2 10 10 2 2 2
left_child=1 2 -1 4 6 -6 -4 -8 9 -2 -11 12 -12 -13
right_child=8 -3 3 -5 5 -7 7 -9 -10 10 11 13 -14 -15
leaf_value=-0.016961191486439618 0.020288726752216109 -0.018166667383818069 -0.011028368086447844 0.014773627310178596 0.0025191283985910176 -0.026860810248666597 0.017322054115454205 -0.0045230309243749402 -9.8158393632410661e-05 -0.0065379939407388442 -0.019675555584398336 0.014387866048381623 0.0089478813780318033 0.00030335500038688692
leaf_weight=53.826102882158011 71.457120988518 73.989408595196437 56.561693045776337 77.260618280619383 37.218130267225206 42.719780888408422 97.789191155228764 72.967626478523016 17523.549692339904 258.54460899624974 71.784626409877092 343.66325724637136 68.384631882421672 198.68612291198224
leaf_count=491 321 593 385 444 261 304 579 451 99686 1294 408 1820 365 1098
internal_value=1.61617e-05 -0.00429773 -0.00126618 0.00166083 -0.0023378 -0.0154152 0.00313565 0.00849173 0.0001399 0.00418204 0.00256226 0.00609752 -0.00633741 0.00942239
internal_weight=19048.4 512.333 438.343 384.517 307.256 79.9379 227.319 170.757 18536.1 1012.52 941.063 682.519 140.169 542.349
internal_count=108500 3508 2915 2424 1980 565 1415 1030 104992 5306 4985 3691 773 2918
is_linear=0
shrinkage=0.035


Tree=181
num_leaves=15
num_cat=0
split_feature=39 37 7 9 75 35 29 9 66 78 36 77 40 78
split_gain=8.30214 33.5063 32.1582 31.2048 33.0228 30.5605 31.4864 33.2146 31.221 28.1447 37.4378 26.2833 25.8279 25.6589
threshold=0.011524715464984065 0.91281902024046702 1.573235922843599 3.4703373006672527 0.30217251127271211 0.048040641250598835 1.0437947706646979 5.2789520892817787 0.22548584647054312 -1.8064019002644891 0.0015905549188998897 4.8732566122193122 -0.74002745522718272 4.3931234780441279
decision_type=2 2 2 2 2 2 2 2 2 8 2 10 2 8
left_child=1 12 5 -4 13 6 -2 8 -8 10 11 -3 -1 -5
right_child=2 9 3 4 -6 -7 7 -9 -10 -11 -12 -13 -14 -15
leaf_value=0.0048708190260770799 -0.00013577642883840128 -0.0017861041477154537 -0.011062083277758124 0.0090263660864219331 0.00087962810101063272 0.0056261158422712112 -0.0058594056322918021 -0.010676719554645473 0.013219586635009373 0.0016271650688112651 -0.013443703349723118 0.02171954093038695 -0.0048664930839427412 -0.0040768770197329432
leaf_weight=363.64075519784819 2509.0523261658382 977.48058319918346 162.62260358780622 1468.615250745439 2129.6338247375679 661.8184985043481 261.72555897012353 864.30604091053829 147.79201513901353 6191.4762186402222 348.71603832417168 41.896197366528213 2722.0878997209948 197.07951377797872
leaf_count=3004 11528 5842 358 7843 11893 3444 684 5179 383 36357 2122 231 18547 1085
internal_value=1.45909e-05 -0.000634091 0.000835959 0.00312283 0.00378543 -0.00120534 -0.00242382 -0.00685881 0.00132101 0.000621795 -0.00388602 -0.000420682 -0.00369501 0.00744606
internal_weight=19047.9 10645.3 8402.65 3957.95 3795.33 4444.69 3782.88 1273.82 409.518 7559.57 1368.09 1019.38 3085.73 1665.69
internal_count=108500 66103 42397 21179 20821 21218 17774 6246 1067 44552 8195 6073 21551 8928
is_linear=0
shrinkage=0.035


Tree=182
num_leaves=15
num_cat=0
split_feature=7 40 9 7 0 39 76 4 7 77 6 40 0 74
split_gain=8.4856 40.1526 22.4351 31.8573 24.8222 32.1254 22.1115 21.5334 21.1199 39.2214 44.6721 33.6776 28.1829 35.7021
threshold=1.9820624195624317 -0.22189542511368585 22.002308309113623 2.3481039040253733 30.298415040186224 0.18521825650224832 3.9019222006000187 8.8333333333333339 1.7921979343826513 -0.83810573093620755 1.7871569893511137 0.46948257804178389 42.891584345421272 -0.74726736904737356
decision_type=2 2 2 2 2 2 10 2 2 10 2 2 2 2
left_child=8 6 4 -4 5 -3 -2 -6 -1 11 12 -10 13 -11
right_child=1 2 3 -5 7 -7 -8 -9 9 10 -12 -13 -14 -15
leaf_value=-0.00017414871609917559 -0.01273074946389305 -0.010921817518607982 -0.0091036830320789189 0.029661192856953435 0.0043484309125494105 0.006151284037535688 0.010397805383459299 -0.0086805843175981612 0.01465395297591051 -0.0050805815893994535 -0.010504629837042057 -0.0048288548567939999 -0.0022422930416186927 0.01387252422499187
leaf_weight=14580.928772401297 462.42827043542638 442.84112500131596 29.082378903403878 50.97960122092627 1043.3932166956365 175.47356504341587 41.574949601199478 162.9590683914721 504.36309556371998 154.66343173573841 333.26869287434965 126.58084562979639 505.52462442032993 432.17512813198846
leaf_count=79025 3921 3562 477 815 6158 892 368 1017 2959 965 2003 723 3054 2561
internal_value=1.41533e-05 -0.00191856 0.000437338 0.0165748 -0.000442764 -0.00603566 -0.0104988 0.00247555 0.000295934 0.00359835 0.000343159 0.010717 0.00378207 0.00887455
internal_weight=19046.2 2408.73 1904.73 80.062 1824.67 618.315 504.003 1206.35 16637.5 2056.58 1425.63 630.944 1092.36 586.839
internal_count=108500 17210 12921 1292 11629 4454 4289 7175 91290 12265 8583 3682 6580 3526
is_linear=0
shrinkage=0.035


Tree=183
num_leaves=15
num_cat=0
split_feature=32 79 35 78 41 61 78 35 7 37 7 6 24 21
split_gain=8.6504 29.4156 29.3756 27.5589 32.7751 26.9306 22.8168 29.5275 26.8647 24.48 21.9431 21.1097 20.6142 20.3727
threshold=0.020302201602942906 5.6809284628524397 0.044897165850247313 0.81536491499104102 -0.14790532823562982 0.56848899958487931 5.3155581534990182 0.020961922494799792 2.4468380387690223 1.2911192042945989 2.254685854685897 0.96060125309574529 -0.51766519458206928 0.5840821888874016
decision_type=2 8 2 8 2 2 8 2 2 2 2 2 2 2
left_child=1 10 3 4 -3 -5 8 -8 12 -9 11 -1 -2 -10
right_child=6 2 -4 5 -6 -7 7 9 13 -11 -12 -13 -14 -15
leaf_value=0.0085385599452353807 -0.0060661945565863859 -0.0026937275176825669 -0.010349170826000958 0.0092812954480841897 0.023731260539551446 -0.0038689110343928944 -0.011259421628647587 0.0097556749295484736 -0.0059506472601107488 -0.010685283197757585 -0.0072093875630533169 6.9657891559918016e-05 -3.5499133825388535e-05 0.013730846848407818
leaf_weight=355.89232528838329 759.31833710703359 72.851976448320784 105.23208662029356 462.03520209062845 198.90015863382723 301.0230794698 511.51418956089765 183.82121960865334 71.640520315617323 91.556378130801022 466.80569604306947 8841.3439185849493 6369.2369689871557 253.65240404661745
leaf_count=2082 4761 435 664 2426 1060 1658 2979 915 644 509 3941 49873 34768 1785
internal_value=1.40307e-05 0.000664978 0.00593126 0.00775169 0.0169481 0.00412728 -0.000838943 -0.00642978 -0.000233099 0.00269622 3.27622e-05 0.000415183 -0.00069305 0.00930271
internal_weight=19044.8 10804.1 1140.04 1034.81 271.752 763.058 8240.74 786.892 7453.85 275.378 9664.04 9197.24 7128.56 325.293
internal_count=108500 62139 6243 5579 1495 4084 46361 4403 41958 1424 55896 51955 39529 2429
is_linear=0
shrinkage=0.035


Tree=184
num_leaves=15
num_cat=0
split_feature=34 77 78 34 35 74 0 78 75 39 32 35 34 40
split_gain=8.38952 22.4897 18.7643 13.2653 30.1128 26.0293 28.5977 27.8752 28.0472 31.8443 27.5603 24.6712 23.1107 20.8246
threshold=1.3197152002469414 -0.75912386530956033 0.22059382542617315 0.74163510884823636 -0.011461118302500383 2.8539054246600073 14.29025896042071 -1.0090140823013927 0.40934038426042291 0.2409606047636447 0.34633353803146305 0.020961922494799792 0.37077860225286668 0.65859483017878218
decision_type=2 8 8 2 2 2 2 10 2 2 2 2 2 2
left_child=3 -2 -3 12 -5 6 -6 10 9 -9 11 -8 -1 -7
right_child=1 2 -4 4 5 13 7 8 -10 -11 -12 -13 -14 -15
leaf_value=0.00043265896444946294 -0.019152786845003395 -0.0084001348088199347 0.011579309544122328 -0.012606992777727203 0.023834856683839171 0.0065858420079964565 0.0016946179024615855 -0.0091057301768661548 -0.0044955644131642446 0.018168562763662077 0.00045975588607979456 0.028440359470901459 -0.0028862219953265777 -0.010715059005751679
leaf_weight=14166.932800800518 81.863298607990146 102.44740958639886 88.903129721060395 115.06739960238338 96.956006681080908 125.6703840023838 61.943700704723597 60.142914122901857 412.73882501479238 156.9969900646247 130.49656557757407 133.60869270283729 3118.9211724509369 190.95755682978779
leaf_count=81140 527 678 505 724 529 783 323 296 2365 845 773 651 17100 1261
internal_value=1.3696e-05 -0.00586097 0.00109982 0.000105352 0.00325748 0.0047527 0.00736798 0.00524358 0.000831872 0.0104834 0.0132257 0.0209116 -0.000168817 -0.00386498
internal_weight=19043.6 273.214 191.351 18770.4 1484.58 1369.51 1052.88 955.928 629.879 217.14 326.049 195.552 17285.9 316.628
internal_count=108500 1710 1183 106790 8550 7826 5782 5253 3506 1141 1747 974 98240 2044
is_linear=0
shrinkage=0.035


Tree=185
num_leaves=15
num_cat=0
split_feature=35 77 77 66 74 77 76 39 40 78 75 33 32 35
split_gain=8.23132 29.0513 17.21 14.466 12.3112 10.645 21.6331 46.9596 27.93 27.6834 21.799 15.0594 14.905 16.2544
threshold=-0.087402887301549909 0.35408854791060712 -0.25841082394619097 -0.23420762375657253 -0.91838099652749283 4.0996431486929481 -1.0000000180025095e-35 -0.082885291192768176 -0.29273348109694669 0.29844515116949438 1.1320039283794361 0.021168735440195766 -0.14890858305881124 0.014285879807722201
decision_type=2 10 10 2 2 8 10 2 2 10 2 2 2 2
left_child=1 2 3 -1 -3 -2 8 9 -7 11 -10 -8 -9 -14
right_child=5 4 -4 -5 -6 6 7 12 10 -11 -12 -13 13 -15
leaf_value=-0.0081964673395703829 -0.00026383830287620514 0.0061835059199956853 0.028003072771673208 0.014199846319658206 -0.013896112617199028 -0.0043452349334958526 0.023290683898152975 -0.021789056087706898 0.023764677330467311 -0.0046872454101304578 0.00054859555163333518 0.00054943762037237939 0.004428728056824374 -0.013746279706422048
leaf_weight=45.626376068219543 17890.885247747763 46.264022490009665 53.60158462729305 60.320132085122168 76.271610992727801 98.633591119199991 119.81167798023671 75.660149436444044 151.47322228737175 98.422036404022947 71.029622196219862 49.209967113565654 110.99048746936023 95.497771183028817
leaf_count=264 101565 272 293 413 554 666 738 434 805 679 345 362 598 512
internal_value=1.40001e-05 0.00574557 0.0148356 0.0047848 -0.00651105 -7.82014e-05 0.00365637 -0.000619083 0.0105807 0.00952974 0.0170099 0.0174284 -0.010233 -0.00444855
internal_weight=19043.7 282.084 159.548 105.947 122.536 18761.6 870.729 549.592 321.136 267.444 222.503 169.022 282.148 206.488
internal_count=108500 1796 970 677 826 106704 5139 3323 1816 1779 1150 1100 1544 1110
is_linear=0
shrinkage=0.035


Tree=186
num_leaves=15
num_cat=0
split_feature=47 41 1 79 7 39 9 65 35 37 4 41 9 79
split_gain=8.22891 18.2308 19.6056 18.4055 20.8053 25.0296 24.8723 21.3173 20.3532 19.5779 17.1742 24.5076 23.2905 21.2133
threshold=0.058169874717519728 -0.067072503932127284 1.1223727370463836 3.9165694068686498 1.3656918062268131 0.092145968208544746 6.4929494355980273 0.83854794176708614 -0.06572007780961435 1.7096339908188383 13.833333333333334 -0.16258535873199387 12.456743957163152 0.64549722436790324
decision_type=2 2 2 8 2 2 2 2 2 2 2 2 2 8
left_child=10 2 -2 4 6 8 7 -3 -6 -8 11 13 -13 -1
right_child=1 3 -4 -5 5 -7 9 -9 -10 -11 -12 12 -14 -15
leaf_value=0.00069094406413421452 -0.00097422365930505963 0.0090829437771904539 0.0051415777887840628 0.0032786671269205104 0.011812677778797411 -0.0010213157611883086 -0.0060297785479615064 -0.0082089550482383651 -0.0087648581891282291 0.011629418629662663 -0.0034835371536091841 0.002553104702108211 -0.0031815894273127983 -0.005960192758612648
leaf_weight=1384.845714520241 1696.8220514792847 452.21551583707333 1008.1369630265981 603.97137571545318 44.643929166719317 1118.7940782895312 598.45530249830335 90.678957015275955 1411.7987425036263 69.076773390173912 1135.0449961790582 7468.4356011599302 964.0044894113671 995.52279788628221
leaf_count=8768 9438 1373 6181 3139 268 5646 4178 269 8774 432 6037 36187 11867 5943
internal_value=1.46989e-05 -0.000927977 0.00132614 -0.00231671 -0.00322195 -0.00498951 0.000558596 0.00600565 -0.00798263 -0.00391725 0.000575072 0.00100676 0.00189153 -0.00211719
internal_weight=19042.4 7094.59 2704.96 4389.63 3785.66 2575.24 1210.43 542.894 1456.44 667.532 11947.9 10812.8 8432.44 2380.37
internal_count=108500 39698 15619 24079 20940 14688 6252 1642 9042 4610 68802 62765 48054 14711
is_linear=0
shrinkage=0.035


Tree=187
num_leaves=15
num_cat=0
split_feature=31 6 1 35 13 34 65 39 4 48 27 40 7 21
split_gain=8.38895 15.1764 18.8251 18.5197 20.7148 20.3907 13.8247 13.1224 14.229 11.6991 10.9357 19.3002 19.2815 18.4256
threshold=-0.52706237956038315 1.7267423293126523 0.99742752250236777 0.039460186851497839 1.5767188509138155 0.23291602319110721 0.16512019324143415 -0.63335036790174093 5.5000000000000009 1.0305806923102636 -0.10421254055783426 0.53737139879731621 1.8842385138739082 0.61532534516039872
decision_type=2 2 2 2 2 2 2 2 2 2 2 2 2 2
left_child=1 3 -3 4 5 6 -1 8 -2 -4 11 12 13 -9
right_child=7 2 9 -5 -6 -7 -8 10 -10 -11 -12 -13 -14 -15
leaf_value=0.034488649701825143 -0.019237277717412425 -0.010474351611793048 0.015160155224198741 -0.0084812608930036702 0.0010979109383763175 -0.0016534301645073979 0.01211619477981714 0.014409655331285319 0.0024989849472405587 -0.0022834241267481203 -0.00030687777742306396 -0.0082407698545174032 -0.0063569115802708277 0.0034765338969432601
leaf_weight=52.29936386551708 70.13067989423871 159.39298503304599 64.10283126309514 67.385596544714645 213.390913838899 60.364849160658196 139.69559242390096 236.63385451445356 55.495137277059257 97.011623684316874 16721.918691173494 147.96699300548062 157.71116423979402 794.80089623457752
leaf_count=381 823 1148 279 519 1265 397 967 1327 462 423 94549 814 1136 4010
internal_value=1.43413e-05 0.00336457 -0.00255854 0.00688914 0.0093706 0.0157715 0.0208892 -0.000146452 -0.0106108 0.00556457 -6.20003e-05 0.00295983 0.00446678 0.00621122
internal_weight=19038.3 853.644 320.507 533.136 465.751 252.36 191.995 18184.7 125.626 161.114 18059 1337.11 1189.15 1031.43
internal_count=108500 5379 1850 3529 3010 1745 1348 103121 1285 702 101836 7287 6473 5337
is_linear=0
shrinkage=0.035


Tree=188
num_leaves=15
num_cat=0
split_feature=1 19 60 58 39 7 39 69 7 37 79 21 24 7
split_gain=8.10027 19.1048 20.3844 19.4524 19.5324 19.0689 20.0474 18.9519 19.9841 17.7527 17.0261 31.5282 21.4823 20.0354
threshold=0.92764610273227055 -0.031630770399925352 0.86465385201893141 0.30505292740619477 1.0000000180025095e-35 1.7921979343826513 -0.14906021611414008 0.55656295421682589 1.9410094088325394 1.4911216642679501 -0.75641594144395008 1.4318270040947583 0.064893479354039676 1.4114119393337423
decision_type=2 2 2 2 2 2 2 2 2 2 10 2 2 2
left_child=1 5 3 9 -5 10 -7 8 -8 -3 12 -12 13 -1
right_child=-2 2 -4 4 -6 6 7 -9 -10 -11 11 -13 -14 -15
leaf_value=0.0098608026053354902 0.00074378708926236246 -0.0078142667350848006 -0.00043138489564649684 -0.0054660319100633889 0.011636717103230918 -0.0024965064186318569 0.023303200810415054 0.0017859570940530658 0.0060666237200579396 0.0022568842492431988 -0.00018728867736607496 -0.011613603887241752 -0.0067081508826980409 0.000196287363353483
leaf_weight=519.42677131823439 9414.989390028175 1433.2534078840399 3355.1557507745456 145.01861085928977 144.95430708955973 259.58696732005774 144.16705719288439 276.36690577899572 205.50377186108381 242.39235979598016 1840.3960119198309 332.628248966299 209.58294126577675 513.95982838468626
leaf_count=2911 54250 7254 17735 992 570 2657 802 1890 1445 1171 10644 2045 941 3193
internal_value=1.4714e-05 -0.000698708 -0.00209752 -0.00490849 0.00328264 0.00103322 0.00554863 0.00885856 0.0140494 -0.00634798 -0.000162923 -0.0020263 0.00307522 0.0051491
internal_weight=19037.4 9622.39 5320.77 1965.62 289.973 4301.62 885.625 626.038 349.671 1675.65 3415.99 2173.02 1242.97 1033.39
internal_count=108500 54250 27722 9987 1562 26528 6794 4137 2247 8425 19734 12689 7045 6104
is_linear=0
shrinkage=0.035


Tree=189
num_leaves=15
num_cat=0
split_feature=34 77 75 26 79 7 5 27 77 7 78 79 38 79
split_gain=8.06017 21.3807 12.8062 22.5432 19.6631 10.9839 10.6868 26.916 18.8521 14.825 25.6553 19.7225 13.3835 18.8739
threshold=1.3197152002469414 -0.069767773791150553 6.0332873572128678 -0.42999128750372212 -2.0493611989442457 1.4864697477835194 3.1780538303479462 0.029240816086695227 0.66426915909227613 2.8894397005072516 -1.0000000180025095e-35 1.0000000180025095e-35 0.84210526315788703 -1.0000000180025095e-35
decision_type=2 10 2 2 10 2 2 2 10 2 8 10 2 8
left_child=2 -2 6 -4 -5 -3 9 8 -8 12 11 -11 -1 -14
right_child=1 5 3 4 -6 -7 7 -9 -10 10 -12 -13 13 -15
leaf_value=-4.652719190847484e-05 -0.015148592778822795 0.012272251481938412 -0.0081663940377156644 -0.0038790851333719203 0.021719206839541216 -0.004977776748190629 0.02365482529670674 -0.018293679491440014 -0.0096264064199304781 0.014234762579543175 -0.022085491596277946 -0.012971849077444185 -0.0013941232191114887 0.0081931265025067049
leaf_weight=17233.31222584271 127.99027131311595 65.706822951382492 59.632831121329218 43.753727559465915 110.00354499556124 78.877808320801705 26.100707691395655 97.340030435007066 22.835373684880324 56.114951050840318 78.642508434597403 37.755265609826893 432.87092642858624 564.16508593875915
leaf_count=96968 850 362 402 255 667 498 306 1042 244 471 677 368 2606 2784
internal_value=1.48546e-05 -0.00574971 0.000104633 0.00825208 0.0148268 0.00340022 2.11762e-06 -0.00883126 0.00983742 8.18412e-05 -0.00958006 0.00293567 0.00018367 0.00408519
internal_weight=19035.1 272.575 18762.5 213.39 153.757 144.585 18549.1 146.276 48.9361 18402.9 172.513 93.8702 18230.3 997.036
internal_count=108500 1710 106790 1324 922 860 105466 1592 550 103874 1516 839 102358 5390
is_linear=0
shrinkage=0.035


Tree=190
num_leaves=15
num_cat=0
split_feature=32 79 35 78 41 61 78 7 29 39 75 65 24 21
split_gain=8.15351 26.937 27.5609 25.7577 30.0316 25.1177 21.7483 27.5627 23.8281 27.9217 26.9257 22.9754 21.6042 25.0736
threshold=0.020302201602942906 5.6809284628524397 0.044897165850247313 0.81536491499104102 -0.14790532823562982 0.56848899958487931 4.3931234780441279 2.4468380387690223 1.2020733406092816 0.18521825650224832 -0.60615483010319215 0.6401300292592208 0.92336907086892317 3.9137620687957568
decision_type=2 8 2 8 2 2 8 2 2 2 2 2 2 2
left_child=1 12 3 4 -3 -5 7 -2 9 -8 -10 -11 13 -1
right_child=6 2 -4 5 -6 -7 8 -9 10 11 -12 -13 -14 -15
leaf_value=5.4935965809634926e-05 -0.00064566404126491727 -0.0025367691852899682 -0.010109320075782012 0.008904859411711253 0.022776070364564843 -0.0037906729931150318 -0.0071966918788636926 0.0095291148642112685 0.0060489248974417952 0.01554360612174333 -0.020605986028349555 -0.0060282175136606849 0.013837310791547283 -0.015247093107624371
leaf_weight=9427.4937883342718 7001.1208563843247 72.665075860568322 104.87867145426571 463.28650586400181 199.90750138473231 300.71091658528894 454.25547704426572 322.03757431264967 49.944371623918414 136.20249351672828 186.6779890274629 84.714119914919138 117.0569158513099 113.02548478357494
leaf_count=54801 38891 435 664 2426 1060 1658 2829 2393 253 596 957 442 514 581
internal_value=1.36569e-05 0.000645739 0.0056817 0.00744054 0.0163158 0.00393865 -0.000814789 -0.000173491 -0.00585116 -0.00232512 -0.0149469 0.00745781 4.00156e-05 -0.000157862
internal_weight=19034 10799 1141.45 1036.57 272.573 763.997 8234.95 7323.16 911.794 675.172 236.622 220.917 9657.58 9540.52
internal_count=108500 62139 6243 5579 1495 4084 46361 41284 5077 3867 1210 1038 55896 55382
is_linear=0
shrinkage=0.035


Tree=191
num_leaves=15
num_cat=0
split_feature=31 35 39 25 7 7 39 4 39 60 17 77 76 39
split_gain=8.03197 14.3277 20.0267 17.4683 14.9144 14.6579 12.4723 13.6383 12.282 11.4541 10.6718 13.1409 25.9907 33.4926
threshold=-0.52706237956038315 0.039460186851497839 -0.14906021611414008 -0.11313074167629122 1.8395304958087542 1.7693923083019245 -0.63335036790174093 5.5000000000000009 -0.31317019299617704 0.75082441204849093 0.6143703271512041 3.5335772088798896 -1.0000000180025095e-35 -0.082885291192768176
decision_type=2 2 2 2 2 2 2 2 2 2 2 8 10 2
left_child=1 2 3 5 -5 8 7 -2 -1 -4 11 -8 -13 -14
right_child=6 -3 9 4 -6 -7 10 -9 -10 -11 -12 12 13 -15
leaf_value=0.014899621472874902 -0.018890405913010794 -0.008622344288809777 -0.00029310477805728367 -0.010062614056677535 0.0084455127225105571 -0.0057748649601531967 -0.00015068113688913707 0.0024310940441396307 -0.00035747088368709277 0.01971219138283415 -0.0046203983470017168 0.010576716223174389 0.0079125625495745783 -0.0073936112259756458
leaf_weight=183.90266870707273 69.244989319937304 90.964841728564352 45.671566627686843 181.69992147013545 55.475332258734852 79.419356427155435 16394.650803969824 55.5404372359626 93.283322647737805 123.07108050498937 587.92666641809046 405.21360543288756 299.84561618347652 367.1427832217887
leaf_count=1078 823 708 267 1119 395 600 92396 462 516 696 3244 2250 1978 1968
internal_value=1.34766e-05 0.00329193 0.00489728 0.00168015 -0.00541343 0.00643497 -0.000143888 -0.0103755 0.0100865 0.0148403 -6.17691e-05 9.67813e-05 0.00381411 -0.000482664
internal_weight=19033.1 853.488 762.523 593.781 237.175 356.605 18179.6 124.785 277.186 168.743 18054.8 17466.9 1072.2 666.988
internal_count=108500 5379 4671 3708 1514 2194 103121 1285 1594 963 101836 98592 6196 3946
is_linear=0
shrinkage=0.035


Tree=192
num_leaves=15
num_cat=0
split_feature=76 77 35 40 77 77 78 33 75 78 79 2 37 78
split_gain=8.07656 22.8678 23.6472 23.3772 56.6495 16.6007 32.9459 14.6575 22.7191 19.9312 17.3838 14.034 13.4974 12.7345
threshold=-3.9041893477876597 0.1580809529064279 -0.035261615990733977 0.0437541404705118 1.3488175843773071 -3.2276858178005252 0.22059382542617315 -0.083854184561517026 -0.60615483010319215 -0.59989841937596311 -0.098344473428039078 0.3960693333333542 1.0571175833053927 0.81536491499104102
decision_type=10 10 2 2 10 10 10 2 2 10 8 2 2 8
left_child=1 2 12 13 -5 6 -4 9 -9 -7 -10 -6 -1 -3
right_child=-2 3 5 4 11 7 -8 8 10 -11 -12 -13 -14 -15
leaf_value=0.024129305105928055 0.00018559086518705762 -0.0074286184721939043 -0.022082408010080472 -0.018430348296243276 0.0011683013144528247 0.024425787617170545 0.0044895116683182591 0.012248181709428908 0.0030205032020874231 -0.0020844723681801799 -0.018801791729176374 0.026186282519096868 0.0020380109795388218 -0.02833305285744565
leaf_weight=53.07047400996089 18019.061869853271 90.069941800436936 101.9575439686887 96.943124410521705 49.012835655361414 50.392365076579154 96.967603847384453 64.564036836847663 68.71793013997376 62.916369775310159 86.57028629258275 48.720101581886411 70.760737275704741 72.826830107951537
leaf_count=290 103098 489 573 502 262 243 524 330 390 329 431 239 310 490
internal_value=1.32103e-05 -0.00299586 0.00092717 -0.00986005 -0.0012817 -0.0023935 -0.00990288 0.00239712 -0.0029184 0.0116013 -0.0099022 0.0159696 0.0135444 -0.0188507
internal_weight=19032.6 1013.49 655.917 357.573 194.676 532.086 198.925 333.161 219.852 113.309 155.288 97.7329 123.831 162.897
internal_count=108500 5402 3420 1982 1003 2820 1097 1723 1151 572 821 501 600 979
is_linear=0
shrinkage=0.035


Tree=193
num_leaves=15
num_cat=0
split_feature=7 78 76 78 39 7 77 77 74 75 1 76 34 76
split_gain=7.95796 17.2632 23.4399 17.6183 14.061 13.6456 19.9895 23.9864 23.7477 23.2512 21.992 25.1224 20.9 20.2351
threshold=0.88145565578149432 1.4778082153328171 -2.2659787307141088 1.0186194466142215 0.077847341311306772 1.0486107060480263 -3.2276858178005252 -0.83810573093620755 -0.91838099652749283 -0.68661319757314776 0.58258455894185501 0.39731171622394751 -0.30927866082620187 -0.31484115482246167
decision_type=2 10 10 8 2 2 10 10 2 2 2 10 2 10
left_child=1 2 -1 -4 -3 6 -2 -8 12 -10 -11 13 -9 -12
right_child=5 4 3 -5 -6 -7 7 8 9 10 11 -13 -14 -15
leaf_value=0.019347212097612979 0.019690168742875675 -0.024582938166096906 -0.0072973087939484128 0.011083738182249137 0.0013306492628917784 -9.6739948141510721e-05 -0.0063063043184836938 0.021815457660892171 -0.009492005822615274 -0.0078272262415300716 0.011246321415849525 0.023821482546209961 -0.00052885538218189144 -0.012539224120347248
leaf_weight=41.09043450653553 71.616933329030871 58.364662782056257 316.41851224622224 60.194521266035736 35.212420854717493 17508.487790371997 257.81861697463319 144.17739026062191 147.65602844720706 82.137628100812435 85.541324065998197 94.860842544585466 73.221351602114737 55.127797905355692
leaf_count=187 321 480 2229 408 204 99686 1294 803 951 420 442 471 314 290
internal_value=1.26827e-05 -0.00421083 -0.000877683 -0.00394867 -0.0163146 0.000133693 0.00404441 0.00246789 0.0058665 0.00121613 0.00646082 0.0116662 0.0148792 0.0015243
internal_weight=19031.9 511.281 417.703 376.613 93.5771 18520.6 1012.16 940.541 682.722 465.324 317.668 235.53 217.399 140.669
internal_count=108500 3508 2824 2637 684 104992 5306 4985 3691 2574 1623 1203 1117 732
is_linear=0
shrinkage=0.035


Tree=194
num_leaves=15
num_cat=0
split_feature=16 66 40 1 40 54 27 30 49 40 15 14 65 78
split_gain=7.97932 19.6881 19.2685 21.5303 18.3113 14.7573 17.5452 16.632 20.1814 16.5542 16.142 17.0973 15.7777 15.3978
threshold=-0.50471623617118755 0.79887311271482908 0.71063890858061496 1.0698162918874936 -0.13038317677054323 -0.090349163418720138 -0.10421254055783426 0.33806818181816178 0.66666666666659491 0.30160453426623662 0.18687505161440221 0.17880106290700351 0.013866426818088909 -0.53392086178109011
decision_type=2 2 2 2 2 2 2 2 2 2 2 2 2 8
left_child=1 2 3 -1 -3 7 9 13 -9 -7 11 -10 -8 -2
right_child=5 4 -4 -5 -6 6 12 8 10 -11 -12 -13 -14 -15
leaf_value=-0.0045699864240277078 0.0047386893382497571 0.013165247715791469 0.0073036690582554582 0.0011254510044262764 -0.00054249407038098774 0.010930140835282444 -0.0058131178325944244 -0.0042597076820828691 -0.0053258972332448414 -0.0031211876167129143 -0.004640357175503311 0.0049368650001586764 0.0013567320102169001 -0.00073149106975267187
leaf_weight=2494.7373549809854 996.12914383749012 189.74226389313117 231.13982825307176 1191.6040528761223 273.58280007867143 393.21801045746543 377.48337061051279 2385.6867143223062 231.63385749608278 126.63776184665039 468.32439791131765 964.7561361733824 7057.0377051133401 1648.8197804482188
leaf_count=14537 6151 1203 1304 5972 1611 2194 1997 12898 1113 697 2533 5045 40837 10408
internal_value=1.36346e-05 -0.0012935 -0.00210654 -0.00273281 0.00538363 0.000405746 0.00142329 -0.000803785 -0.00220914 0.00751839 0.00074519 0.00289499 0.000978068 0.00134877
internal_weight=19030.5 4380.81 3917.48 3686.34 463.325 14649.7 7954.38 6695.35 4050.4 519.856 1664.71 1196.39 7434.52 2644.95
internal_count=108500 24627 21813 20509 2814 83873 45725 38148 21589 2891 8691 6158 42834 16559
is_linear=0
shrinkage=0.035


Tree=195
num_leaves=15
num_cat=0
split_feature=61 16 44 59 79 69 78 35 27 54 65 24 32 11
split_gain=7.8442 15.2088 15.2753 12.4341 13.4438 13.7328 11.317 17.2087 15.8013 11.1518 10.3304 9.81776 14.8752 17.7062
threshold=0.94689007411421733 -1.059656898976068 1.5540620541548866 -0.051170437903757894 -1.6916074204827882 0.90289971855329232 -7.8180718779674914 0.034667350664031989 0.053376928917772029 -1.1250511467209707 0.53106007236315522 0.92336907086892317 0.020302201602942906 0.084414217873040306
decision_type=2 2 2 2 8 2 8 2 2 2 2 2 2 2
left_child=6 -2 3 -3 -5 9 7 8 -1 -6 -4 -8 -13 -14
right_child=1 2 10 4 5 -7 11 -9 -10 -11 -12 12 13 -15
leaf_value=-0.018027128292283392 -0.010164633099203959 0.010265045670469906 0.0038795943455051819 -0.0079963481449018062 -0.010445144479485578 -0.0094638531599193793 -0.00024104150566187652 0.0060719898934905184 0.0039544054806272561 0.0050655386227474279 0.02145837002226289 0.014150022597471069 0.0085277782051448158 -0.0042452519452018033
leaf_weight=135.13602206390351 88.779513312969357 166.1385519169271 95.387675513047725 170.90936705376953 43.148503570817411 88.208922301419079 16733.422633767739 71.802656086627394 45.546221806667745 694.25613423786126 70.037963919341564 122.47086625732481 213.05138937197626 290.54852270055562
leaf_count=892 441 927 424 1041 243 566 95747 372 298 4094 326 528 1073 1528
internal_value=1.36125e-05 0.00250029 0.00348515 0.00196046 0.000401216 0.0022876 -0.000189048 -0.00726659 -0.0126442 0.0039061 0.0128339 -7.78648e-05 0.00415592 0.0012778
internal_weight=19028.8 1416.87 1328.09 1162.66 996.523 825.614 17612 252.485 180.682 737.405 165.426 17359.5 626.071 503.6
internal_count=108500 8062 7621 6871 5944 4903 100438 1562 1190 4337 750 98876 3129 2601
is_linear=0
shrinkage=0.035


Tree=196
num_leaves=15
num_cat=0
split_feature=74 9 39 79 79 76 7 0 39 34 1 7 74 79
split_gain=7.82914 19.6455 14.7118 26.5279 38.4714 32.4923 24.5886 22.6972 17.9481 15.3887 19.1198 14.3233 12.6777 29.9875
threshold=-3.6263743611355173 24.367053748978254 -0.54084500023143189 -0.30983866769659202 1.1277216213956829 -1.3564167595228569 1.5242347424117808 52.792108775413134 -0.24229883146932174 -0.64003017189144995 1.0449613417252988 1.4864697477835194 -1.6489190945943475 3.9165694068686498
decision_type=2 2 2 8 8 10 2 2 2 2 2 2 2 10
left_child=1 2 -1 5 6 -4 -5 -8 -7 -6 -11 -3 13 -2
right_child=12 11 3 4 9 8 7 -9 -10 10 -12 -13 -14 -15
leaf_value=-0.015548382983988768 0.0014004572398965587 -0.00594519852483473 0.012650258695792527 0.023184351173241833 -0.014945794754889351 -0.0031837655090806438 -0.015680938042516131 0.014793569113338054 -0.025166097755823756 0.0130726018406024 -0.010617496009790907 0.024873988017021849 -0.00018830085718948605 0.016147123272584517
leaf_weight=110.82456372026354 2158.1039922416676 19.058868969324976 40.309529470279813 108.77357411012053 111.22382701328024 78.675468154717237 42.300451378338039 37.736737750470638 114.29758498817682 66.74815482320264 60.832993732765317 30.429988140705973 15884.323274390503 163.83316349703819
leaf_count=671 11745 331 219 528 593 394 280 308 882 327 458 389 90569 806
internal_value=1.35602e-05 -0.00328768 -0.00478427 -0.00257557 0.00263009 -0.011572 0.0137097 -0.00122751 -0.0173445 -0.00651249 0.00186867 0.01471 0.00016591 0.00256997
internal_weight=19027.5 821.212 771.723 660.898 427.616 233.283 188.811 80.0372 192.973 238.805 127.581 49.4889 18206.3 2321.94
internal_count=108500 5380 4660 3989 2494 1495 1116 588 1276 1378 785 720 103120 12551
is_linear=0
shrinkage=0.035


Tree=197
num_leaves=15
num_cat=0
split_feature=70 52 27 77 50 65 3 77 57 32 34 52 9 6
split_gain=7.73651 12.8078 19.2017 23.2265 18.0831 25.6069 19.4584 20.3197 19.3587 19.8003 24.6998 16.0348 15.5913 14.8858
threshold=-0.4767217538412829 0.81256989868829765 0.089343515369411583 -1.6871844890391927 0.086535147356574138 0.91666666666663421 3.9790400831435773 2.167861061239718 0.61552128687204954 0.19449867040534369 0.68969215427641684 0.54760848428560027 6.3380281690141818 1.5895467627576785
decision_type=2 2 2 8 2 2 2 10 2 2 2 2 2 2
left_child=-1 2 4 -4 8 6 7 13 -2 10 -10 -5 -11 -6
right_child=1 -3 3 11 5 -7 -8 -9 9 12 -12 -13 -14 -15
leaf_value=0.0012326361705013273 0.0011302661619958306 -0.0011019902198153681 -0.0080696126963663121 -0.0025886165344350337 0.0040254920053997244 -0.010660587945333042 -0.0038405330523476307 -0.0053270482740487733 -0.0039313050635434808 -0.019482798493286397 0.016973073873840405 0.015386591968632405 -0.0037163037475252732 0.012306863827247723
leaf_weight=4758.5830432067378 1395.5559977046214 9796.8886641389254 74.483681610785425 69.903129664249718 601.2206714861095 130.55698954686522 267.37109640450217 147.34991036728024 634.58750746026635 154.68691390752792 57.603246988728642 276.54817518219352 157.99769619770814 503.18739207834005
leaf_count=26072 8663 56317 467 417 2771 792 2626 676 3728 487 320 1668 1198 2298
internal_value=1.35477e-05 -0.000394194 0.00115472 0.0080912 0.000397582 0.00319782 0.00451189 0.00632827 -0.00153739 -0.00519195 -0.00176388 0.0118164 -0.0122184 0.00795042
internal_weight=19026.5 14267.9 4471.05 420.935 4050.12 1649.69 1519.13 1251.76 2400.43 1004.88 692.191 346.451 312.685 1104.41
internal_count=108500 82428 26111 2552 23559 9163 8371 5745 14396 5733 4048 2085 1685 5069
is_linear=0
shrinkage=0.035


Tree=198
num_leaves=15
num_cat=0
split_feature=34 77 78 25 34 35 74 0 78 75 39 32 77 34
split_gain=7.74851 20.3762 17.485 12.9144 11.8437 28.2044 24.1878 26.2335 25.9182 26.2097 29.8706 25.6848 24.1166 21.8067
threshold=1.3197152002469414 -0.75912386530956033 0.22059382542617315 0.084283888095910739 0.74163510884823636 -0.011461118302500383 2.8539054246600073 14.29025896042071 -1.0090140823013927 0.40934038426042291 0.2409606047636447 0.34633353803146305 0.40566668624639374 0.37077860225286668
decision_type=2 10 8 2 2 2 2 2 10 2 2 2 10 2
left_child=4 -2 3 -3 13 -6 7 -7 11 10 -10 12 -9 -1
right_child=1 2 -4 -5 5 6 -8 8 9 -11 -12 -13 -14 -15
leaf_value=0.00042571026718867449 -0.018385194448414556 -0.016910334381454884 0.011074434753499849 0.0050634469144138329 -0.012300605441211825 0.022702934834745083 -0.0037929326669684724 0.027004775920059523 -0.008925135104967381 -0.0044188652300699658 0.017481434067455514 0.00036059475163501979 0.00028021662191276376 -0.0028004113971387239
leaf_weight=14153.472628035604 80.786146371625364 58.423121321364306 89.073379539418966 43.751262115314603 114.62843635585159 98.37561378441751 316.101115004858 140.07913418952376 60.01448405906558 412.12433421611786 157.48692044150084 130.56615179032087 56.348036466166377 3114.2661132838693
leaf_count=81140 527 434 505 244 724 529 2044 681 296 2365 845 773 293 17100
internal_value=1.27316e-05 -0.00564457 0.00096837 -0.00821252 0.000100721 0.00307781 0.00452186 0.00703738 0.00499445 0.000737481 0.0100571 0.0126763 0.0200728 -0.000158693
internal_weight=19025.5 272.034 191.248 102.174 18753.5 1485.72 1371.1 1054.99 956.619 629.626 217.501 326.993 196.427 17267.7
internal_count=108500 1710 1183 678 106790 8550 7826 5782 5253 3506 1141 1747 974 98240
is_linear=0
shrinkage=0.035


Tree=199
num_leaves=15
num_cat=0
split_feature=76 77 40 78 79 75 7 0 75 79 74 74 4 0
split_gain=7.66746 21.7298 23.0484 25.5323 22.5876 20.9163 20.6628 28.5662 15.2952 14.6491 13.2927 12.9569 18.3585 11.949
threshold=-3.9041893477876597 0.1580809529064279 -0.086071457736104987 1.2328604132940026 -0.86120654560521348 1.1320039283794361 1.3277880883895221 47.528517110265533 0.10777636165446745 1.8345710587298472 -0.21348076488022674 0.13116512760624385 1.8333333333333337 38.71682549634037
decision_type=10 10 2 8 10 2 2 2 2 10 2 2 2 2
left_child=1 2 6 11 5 8 -1 10 -3 -6 -8 -4 -13 -5
right_child=-2 4 3 13 9 -7 7 -9 -10 -11 -12 12 -14 -15
leaf_value=0.019246593699977263 0.00018068543069779406 -0.0049486720345576661 -0.018633682756585418 -0.0025213013927003992 -0.023623774805610277 -0.01504851049578238 0.00064367836350651933 0.015780158668311811 0.017266467204350704 -0.0016456371523700163 -0.020891273494193906 0.010614489206210137 -0.01219991994147911 0.017875954593755874
leaf_weight=101.19172304589301 18013.828493160123 56.666277487180196 113.51166461640969 61.096301469020545 123.77564720576629 57.662526177242398 73.489687488414347 71.749862929806113 63.681626716628671 54.362389665096998 45.278141680173576 55.522249674424529 82.493286810815334 51.164460990577936
leaf_count=502 103098 395 578 334 674 328 388 356 307 278 273 263 499 227
internal_value=1.28218e-05 -0.00292179 0.00089987 -0.00486969 -0.00962948 -0.000521263 0.00794583 0.000685269 0.00759178 -0.0177598 -0.00939386 -0.0108151 -0.0028401 0.00807242
internal_weight=19025.5 1011.65 655.497 363.788 356.148 178.01 291.709 190.518 120.348 178.138 118.768 251.527 138.016 112.261
internal_count=108500 5402 3420 1901 1982 1030 1519 1017 702 952 661 1340 762 561
is_linear=0
shrinkage=0.035


Tree=200
num_leaves=15
num_cat=0
split_feature=31 6 6 1 35 13 76 27 39 4 79 48 78 78
split_gain=7.67865 14.3126 18.1686 17.241 14.7629 18.0035 16.323 13.1035 11.4696 13.0436 10.9199 10.8476 10.1507 32.01
threshold=-0.52706237956038315 1.7267423293126523 1.209954496084517 0.99742752250236777 0.041979516298065268 1.6800518504320825 -0.371655049841635 -0.052801947649954606 -0.63335036790174093 5.5000000000000009 0.64549722436790324 1.0305806923102636 -0.27412758834444745 -0.92385050999685292
decision_type=2 2 2 2 2 2 10 2 2 2 10 2 8 10
left_child=1 2 7 10 5 -4 -7 -1 9 -2 -3 -5 13 -10
right_child=8 3 4 11 -6 6 -8 -9 12 -11 -12 -13 -14 -15
leaf_value=-0.011530675229580869 -0.018408086133656736 -0.015783337710785644 0.018886524497408231 0.014440303987429327 -0.006723667187637678 -0.010577366162188852 0.010730872980927453 0.0077435566453770395 -0.00065075308372755289 0.0024731138344524675 0.0024515802918465626 -0.0023307389141348613 -0.00079458172698828428 0.0041179578618802202
leaf_weight=83.886962322983891 68.12377850455232 105.83171565568773 205.43790597817861 64.287552421912551 42.58215061808005 52.779157104901969 93.362579030479537 56.03542725299485 5372.5454271964845 55.514368786476552 52.066839574370533 96.947661327198148 10158.918031734487 2516.3442143483553
leaf_count=553 823 770 1388 279 317 331 540 400 30589 462 378 423 56907 14340
internal_value=1.16382e-05 0.00321766 0.0066317 -0.00255004 0.0103429 0.0126606 0.00268847 -0.00380874 -0.000142269 -0.00999341 -0.0101708 0.00521181 -6.37952e-05 0.000876905
internal_weight=19024.7 853.218 534.084 319.134 394.162 351.58 146.142 139.922 18171.4 123.638 157.899 161.235 18047.8 7888.89
internal_count=108500 5379 3529 1850 2576 2259 871 953 103121 1285 1148 702 101836 44929
is_linear=0
shrinkage=0.035


Tree=201
num_leaves=15
num_cat=0
split_feature=9 34 79 39 56 1 71 23 34 75 78 39 74 74
split_gain=7.68025 23.0396 25.3073 24.0462 18.5845 17.5677 20.1007 19.3211 18.3875 25.1675 27.0464 29.8927 24.3239 29.9357
threshold=6.3380281690141818 -0.72293031394879004 1.0402161460285693 -0.19436128565526931 0.99998071043470549 0.32304327161922386 0.090866680571991737 -0.15479706614806468 -0.15524843056702561 -1.5677852853736183 1.2328604132940026 -0.024494560728257595 -1.4987448555654053 1.6578163741745404
decision_type=2 2 8 2 2 2 2 2 2 2 8 2 2 2
left_child=1 2 3 4 -1 6 7 -3 9 10 11 -7 -10 -14
right_child=-2 5 -4 -5 -6 8 -8 -9 12 -11 -12 -13 13 -15
leaf_value=-0.0035058916276157546 -0.00052601643798987497 -0.015797380233033124 -0.01602205926982668 -0.01251011437482278 0.0164377211438698 -0.018465564213418797 0.0065072410395807367 0.0052424750739162602 0.008906860843822936 0.0073475009606064961 0.010397885545727195 0.0038236122339946905 -0.001436070056211522 0.006337143503494895
leaf_weight=99.479009076952934 12014.074957088065 196.28110214462504 178.60237055644393 99.660011488944292 98.543218221515417 144.84762994945049 100.56692763417959 60.044848766177893 387.44986331835389 1288.3224335685372 113.9999108761549 122.8933711796999 3401.3246329799294 717.78802344575524
leaf_count=299 85750 919 562 340 286 503 474 244 1226 4117 317 396 10640 2427
internal_value=1.09223e-05 0.000930058 -0.00634571 0.000103057 0.00701626 0.0014782 -0.00587032 -0.010846 0.00192038 0.00503447 -0.00274884 -0.00868015 0.000749201 -5.74503e-05
internal_weight=19023.9 7009.8 476.285 297.682 198.022 6533.52 356.893 256.326 6176.63 1670.06 381.741 267.741 4506.56 4119.11
internal_count=108500 22750 1487 925 585 21263 1637 1163 19626 5333 1216 899 14293 13067
is_linear=0
shrinkage=0.035


Tree=202
num_leaves=15
num_cat=0
split_feature=7 40 9 7 78 76 0 39 7 79 41 35 75 9
split_gain=7.59353 37.2116 21.2955 35.1734 34.224 20.9414 20.3638 28.6967 19.81 39.2841 41.815 32.5802 34.0006 28.9448
threshold=1.9820624195624317 -0.22189542511368585 18.901130498515368 2.3481039040253733 2.130986469965626 3.9019222006000187 30.298415040186224 0.10611622931271551 1.7306655704871201 -0.86120654560521348 0.45282987969719274 0.028494667810923493 0.95276420296406983 20.256320893536394
decision_type=2 2 2 2 8 10 2 2 2 10 2 2 2 2
left_child=8 5 6 -4 -5 -2 7 -3 13 11 -11 -10 -13 -1
right_child=1 2 3 4 -6 -7 -8 -9 9 10 -12 12 -14 -15
leaf_value=-3.8568028947730959e-05 -0.012309378215557484 -0.011928811250155802 -0.0079531305113178588 0.034546655098496096 -0.010326334068265625 0.01018520961879758 0.0020503397836596554 0.0032544654906819523 -0.0058885501532277397 0.0042933992443587761 0.022870071607889109 0.01600498546509296 -0.0068649699422895201 -0.010769134637664568
leaf_weight=13374.573735722239 458.44870496704243 352.63463309477083 52.190814066445455 65.626778568606824 17.357668210286647 41.624993514735252 1166.7453204011545 246.26713640568778 815.55201306275558 1689.729258300591 145.01750073255971 183.47246693447232 116.05189624242485 295.19703869509976
leaf_count=68900 3921 2910 751 931 253 368 6772 1304 4851 10106 808 1048 714 4863
internal_value=1.03499e-05 -0.00182116 0.000444033 0.0128771 0.0249781 -0.0101173 -0.000641392 -0.00578207 0.000276804 0.00286782 0.00599247 -0.00228849 0.00726887 -0.000285688
internal_weight=19020.5 2400.9 1900.82 135.175 82.9844 500.074 1765.65 598.902 16619.6 2949.82 1834.75 1115.08 299.524 13669.8
internal_count=108500 17210 12921 1935 1184 4289 10986 4214 91290 17527 10914 6613 1762 73763
is_linear=0
shrinkage=0.035


Tree=203
num_leaves=15
num_cat=0
split_feature=33 77 41 79 7 7 77 74 79 37 79 34 79 5
split_gain=7.62972 22.3164 24.3174 25.6528 22.4698 22.1731 20.7252 28.9355 25.0721 24.5984 23.8291 21.606 20.6212 19.6525
threshold=-0.030235233863175056 -2.8320422598442576 0.40186487189897652 1.1277216213956829 1.4114119393337423 1.3277880883895221 -0.40505029928404529 -2.1946213206368039 -1.1692224408885086 1.7096339908188383 1.2217154552124889 -0.15524843056702561 0.79873672264828188 3.1780538303479462
decision_type=2 8 2 10 2 2 10 2 10 2 8 2 10 2
left_child=1 4 6 -4 5 12 7 8 -3 -8 -11 -12 -1 -2
right_child=13 2 3 -5 -6 -7 9 -9 -10 10 11 -13 -14 -15
leaf_value=0.0043851276898232532 -0.00044711317532083192 0.0087864688297330466 -0.013374856567143918 0.0067512227170499232 -0.010128537658225436 0.017162430116748211 -0.00025306113669727975 0.0055500010857657978 -0.012420903126197884 0.014907161143460565 -0.019005632683033 0.0094036159882626945 -0.015267470570404852 -0.013296692985506502
leaf_weight=156.81210703682154 10199.168910012406 82.495617460925132 242.08571549737826 95.750007121823728 417.47856936394237 68.150365261361003 4700.3167902854257 2312.2650970378891 198.88069702987559 237.28625968052074 43.689694121479988 49.774121221154928 85.020030760671943 127.96602258575149
leaf_count=828 56727 485 1486 564 2658 345 27667 12856 1139 1457 262 280 380 1366
internal_value=1.08114e-05 0.000774099 0.00131394 -0.00761217 -0.00501189 0.00207535 0.00172832 0.00425688 -0.00603273 0.00041309 0.00935445 -0.00488556 -0.00316251 -0.000631729
internal_weight=19017.1 8690.01 7962.54 337.836 727.461 309.983 7624.71 2593.64 281.376 5031.07 330.75 93.4638 241.832 10327.1
internal_count=108500 50407 46196 2050 4211 1553 44146 14480 1624 29666 1999 542 1208 58093
is_linear=0
shrinkage=0.035


Tree=204
num_leaves=15
num_cat=0
split_feature=35 77 77 74 7 77 74 21 74 13 78 0 72 7
split_gain=7.59562 27.4485 18.494 14.0193 12.9171 9.49679 21.1965 18.387 17.5283 36.2024 23.0279 19.4459 15.8984 14.8823
threshold=-0.087402887301549909 0.30097443613441782 -0.25841082394619097 -0.91838099652749283 1.3656918062268131 4.0996431486929481 0.62856893378207834 0.44174444709832295 -0.16260295073495085 0.70997529007148152 1.0000000180025095e-35 44.403591829322671 1.0096107081851038 1.7921979343826513
decision_type=2 10 10 2 2 8 2 2 2 2 10 2 2 2
left_child=1 2 3 -1 -3 -2 8 -8 9 10 -7 -10 -12 -11
right_child=5 4 -4 -5 -6 6 7 -9 11 13 12 -13 -14 -15
leaf_value=0.017295260709020138 -0.00025444318866687984 -0.016306450282442989 0.029136869586458305 -0.005050900575011597 0.0035912414812531036 0.023286623258439162 0.013079395417312427 -0.0092617040533915489 0.023799675941471019 -0.00034130441422127096 -0.010586983686151959 -0.0010405911846974422 0.011991280226114757 -0.018225297829261022
leaf_weight=38.876489501446486 17865.143562031313 54.926464778720401 47.738629383966327 67.048455777578056 73.318523716181517 105.22686309274286 37.940718638710678 204.95851262123324 104.28234036499634 188.03109588101506 53.900408091954887 53.651761384680867 59.327097525354475 62.291608270257711
leaf_count=212 101565 395 263 465 461 557 331 1433 538 934 311 296 333 406
internal_value=9.69885e-06 0.00551706 0.0146968 0.00459489 -0.00598101 -7.89674e-05 0.00345066 -0.0050425 0.00679656 0.00309788 0.0129373 0.0161927 0.00126739 -0.0058108
internal_weight=19016.7 281.909 153.664 105.925 128.245 18734.8 869.61 242.899 626.711 468.777 218.454 157.934 113.228 250.323
internal_count=108500 1796 940 677 856 106704 5139 1764 3375 2541 1201 834 644 1340
is_linear=0
shrinkage=0.035


Tree=205
num_leaves=15
num_cat=0
split_feature=6 6 40 78 77 75 40 76 75 41 38 9 33 7
split_gain=7.52989 32.3158 25.796 27.0911 23.3639 23.265 19.5358 19.0708 17.4135 13.7723 13.1101 12.9247 12.4223 17.8158
threshold=0.96060125309574529 1.012074701446023 0.25088236315092755 0.91439502544610052 0.065270114164603155 -1.0000000180025095e-35 -0.13038317677054323 -1.2278592094972145 -0.68661319757314776 0.15552616427805557 0.50293677176804352 9.2277977529862891 0.036498209415696974 1.5126780303772489
decision_type=2 2 2 10 10 2 2 10 2 2 2 2 2 2
left_child=2 5 3 4 6 -2 -1 -7 -4 12 -6 -5 13 -10
right_child=1 -3 8 11 10 7 -8 -9 9 -11 -12 -13 -14 -15
leaf_value=-0.00087902968707058362 -0.02267933328808128 5.5516740174874376e-05 0.011874178589076811 0.029071185761661532 -0.012646189208447362 0.011775276952674598 0.019986151787821638 -0.0096943399308622204 0.0082490597579324525 0.0068223520490991998 0.0047074942053298196 0.0050556953116567957 -0.019489005547630417 -0.012478189689424575
leaf_weight=95.394806721247733 108.88804567372426 17828.941696452908 54.109959335997701 72.558999348431826 107.22536610160023 54.895336221437901 104.72807415295392 140.55454551894218 71.109472513664514 57.480752415955067 77.610199064016342 53.255750275216997 91.06011590664275 97.9893215931952
leaf_count=544 667 101485 300 308 639 260 569 826 436 387 411 454 635 579
internal_value=1.15479e-05 -0.000143596 0.00313184 0.00810731 0.00306694 -0.0110923 0.0108639 -0.00313092 -0.0037692 -0.00697956 -0.00561141 0.0209935 -0.0102984 -0.00381137
internal_weight=19015.8 18133.3 882.523 510.773 384.958 304.338 200.123 195.45 371.75 317.64 184.836 125.815 260.159 169.099
internal_count=108500 103238 5262 2925 2163 1753 1113 1086 2337 2037 1050 762 1650 1015
is_linear=0
shrinkage=0.035


Tree=206
num_leaves=15
num_cat=0
split_feature=47 75 41 4 18 33 4 41 2 2 41 58 37 79
split_gain=7.52447 17.5964 17.5106 21.609 18.373 28.9327 16.3848 22.5122 22.0341 31.261 20.8855 19.7601 19.704 19.3153
threshold=0.058169874717519728 -3.9040060747723815 -0.067072503932127284 7.8333333333333348 0.49318423732894662 0.036498209415696974 13.833333333333334 -0.16258535873199387 0.12130124409390862 0.14424596889410229 -0.048712216678322949 -0.23282033619417633 0.97007243345933825 0.79873672264828188
decision_type=2 2 2 2 2 2 2 2 2 2 2 2 2 8
left_child=6 -2 3 4 -3 -6 7 13 10 -10 -9 -8 -13 -1
right_child=1 2 -4 -5 5 -7 11 8 9 -11 -12 12 -14 -15
leaf_value=0.00052159573845441526 0.0087867721512391722 -0.0020838538154271417 -0.0025654138738169683 0.0091645735082244214 0.010007547073640531 -0.0060765529447241087 0.0013334069096158894 0.006824262632449455 0.011879299035520853 0.0019082263900488982 -0.0057070879459511841 -0.018296794423703376 -0.0037679160568074095 -0.0058919745692271822
leaf_weight=1441.5408364173636 203.22853560691146 1654.1941578218248 4297.0102179184323 329.88510451186448 411.28409518953413 184.80882812477648 549.71045565535314 187.57672710251063 388.60252055246383 7085.498348356341 764.89993705274537 142.13293463271111 440.70311084459536 933.95838351664133
leaf_count=9144 1388 9665 23563 1998 2040 1044 2939 1271 2225 39692 4866 767 2331 5567
internal_value=1.18014e-05 -0.00089067 -0.0012013 0.00107275 -0.00018377 0.00498555 0.000547802 0.000969455 0.00181729 0.00245697 -0.00314962 -0.0034209 -0.00780047 -0.00202812
internal_weight=19015 7080.41 6877.18 2580.17 2250.29 596.093 11934.6 10802.1 8426.58 7474.1 952.477 1132.55 582.836 2375.5
internal_count=108500 39698 38310 14747 12749 3084 68802 62765 48054 41917 6137 6037 3098 14711
is_linear=0
shrinkage=0.035


Tree=207
num_leaves=15
num_cat=0
split_feature=32 35 79 6 78 41 77 21 78 78 35 75 6 7
split_gain=7.53409 24.521 23.3404 26.2673 24.5681 35.6665 21.2666 19.8727 19.8295 18.5077 27.7062 26.4549 26.147 21.0248
threshold=0.084591455600315404 0.088709738899163421 5.6809284628524397 1.1880655286000306 0.81536491499104102 -0.14790532823562982 -2.0640263173581253 3.9137620687957568 -0.75906244024490432 5.3155581534990182 0.012504922536552129 -0.96446590523617981 1.5458578951716857 1.6392167949513021
decision_type=2 2 8 2 8 2 8 2 10 8 2 2 2 2
left_child=1 2 7 -4 5 -5 -6 -1 -3 13 12 -12 -11 -2
right_child=9 8 3 4 6 -7 -8 -9 -10 10 11 -13 -14 -15
leaf_value=0.00036726498989424016 -0.0018362975855721782 0.0034873693693288424 -0.0073468189635302978 -0.0051308405429158106 -0.010510334548803167 0.022364415030189128 0.0060246324800227223 -0.01269440689252741 -0.024524073534230927 -0.019683656905693792 0.020706789383584532 -0.0033392575192312947 -0.0015726327265463019 0.0022100786127638096
leaf_weight=10250.34978336357 4091.4440455714212 41.701361166313291 158.64487879537046 68.214157071663067 91.588276048656553 212.93750066554639 685.54631305113435 124.70488231536001 65.002070178743452 218.103351787664 50.484370339661837 255.76248035719618 171.89053357765079 2528.0711672395701
leaf_count=59358 21893 268 930 403 474 1145 3688 634 395 1315 286 1328 1001 15382
internal_value=1.15358e-05 0.000562164 0.000728321 0.00527293 0.0072659 0.0157957 0.00386111 0.000186146 -0.0147543 -0.000868111 -0.00621279 0.00165109 -0.0121673 -0.000288936
internal_weight=19014.4 11698.7 11592 1216.93 1058.29 281.152 777.135 10375.1 106.703 7315.76 696.241 306.247 389.994 6619.52
internal_count=108500 67295 66632 6640 5710 1548 4162 59992 663 41205 3930 1614 2316 37275
is_linear=0
shrinkage=0.035


Tree=208
num_leaves=15
num_cat=0
split_feature=31 6 6 1 35 13 76 27 39 4 79 48 17 77
split_gain=7.43236 13.3497 16.6812 16.4124 13.8747 16.5417 15.5243 12.3074 10.7339 12.5331 10.5089 10.1262 9.80755 11.928
threshold=-0.52706237956038315 1.7267423293126523 1.209954496084517 0.99742752250236777 0.041979516298065268 1.6800518504320825 -0.371655049841635 -0.052801947649954606 -0.63335036790174093 5.5000000000000009 0.64549722436790324 1.0305806923102636 0.6143703271512041 3.5335772088798896
decision_type=2 2 2 2 2 2 10 2 2 2 10 2 2 8
left_child=1 2 7 10 5 -4 -7 -1 9 -2 -3 -5 13 -10
right_child=8 3 4 11 -6 6 -8 -9 12 -11 -12 -13 -14 -15
leaf_value=-0.011124072062585932 -0.018027429261663619 -0.015455947702542314 0.01816464180400279 0.014032425508990061 -0.0065715462479497885 -0.010338243831482736 0.01045739689655931 0.0075619366861252027 -0.0001498766069213929 0.0024772239850461676 0.0024486200352395004 -0.0021786374778222065 -0.00444078874583065 0.0036277056950356885
leaf_weight=83.17829439882189 67.157178755383939 104.57603633368853 206.98565551207867 64.41521261446178 42.431432991288602 52.472298136912286 93.722383175947471 56.208208952797577 16379.803807983626 55.4686937071383 52.058472665958107 96.832485085353255 586.63385916221887 1072.1400012059603
leaf_count=553 823 770 1388 279 317 331 540 400 92396 462 378 423 3244 6196
internal_value=9.88743e-06 0.00316467 0.00645293 -0.00242387 0.00999213 0.0122276 0.00264752 -0.00358551 -0.000141585 -0.00970558 -0.00990178 0.00513118 -6.58921e-05 8.60818e-05
internal_weight=19014.1 852.88 534.998 317.882 395.612 353.18 146.195 139.387 18161.2 122.626 156.635 161.248 18038.6 17451.9
internal_count=108500 5379 3529 1850 2576 2259 871 953 103121 1285 1148 702 101836 98592
is_linear=0
shrinkage=0.035


Tree=209
num_leaves=15
num_cat=0
split_feature=7 41 35 79 76 74 78 79 9 75 79 39 35 0
split_gain=7.36154 16.7828 16.7402 16.2578 18.8135 17.2542 16.0291 18.8044 13.2866 13.0014 41.8973 20.7779 35.0911 32.8776
threshold=0.88145565578149432 0.22374275118307982 -0.06572007780961435 1.322056903774159 0.52901766968064079 -0.44226643100801516 -1.0090140823013927 -0.400542486609403 6.8154158215010909 -2.3686175465867243 3.0243408097384097 0.12051175298515752 -0.050482818550193743 61.14780795324662
decision_type=2 2 2 8 10 2 10 10 2 2 10 2 2 2
left_child=1 2 -1 4 6 -6 -4 -8 -9 10 11 12 -2 -13
right_child=9 -3 3 -5 5 -7 7 8 -10 -11 -12 13 -14 -15
leaf_value=-0.016518217124699513 0.013378230076488059 -0.017580591078980509 -0.010694270834806759 0.014189773784581904 0.0026333267922011763 -0.026272252154550237 0.019726776067444697 0.009550823634578787 -0.012192501131833391 -0.00014961563034033109 -0.015812796212539015 0.017978932378675413 -0.0015045707243251188 -0.0042684272169875295
leaf_weight=52.999266458209604 239.32142752155778 72.860907646303531 56.250746897887439 77.418333166278899 37.127042462583631 41.972236254019663 72.526765492279083 47.191230896860361 51.156981172040105 17024.310252590818 110.2450745892711 267.30454757600091 758.48822460044175 104.29126565344632
leaf_count=491 1726 593 385 444 261 304 493 175 362 95083 702 1258 5572 651
internal_value=9.11328e-06 -0.00405999 -0.00113268 0.00170593 -0.00212662 -0.0149115 0.00317231 0.00837933 -0.00190835 0.000125418 0.00324965 0.00498981 0.00225776 0.0118359
internal_weight=19013.5 509.504 436.643 383.643 306.225 79.0993 227.126 170.875 98.3482 18504 1479.65 1369.41 997.81 371.596
internal_count=108500 3508 2915 2424 1980 565 1415 1030 537 104992 9909 9207 7298 1909
is_linear=0
shrinkage=0.035


Tree=210
num_leaves=15
num_cat=0
split_feature=40 37 7 35 77 21 78 77 55 75 7 75 78 76
split_gain=7.34881 38.2855 34.7977 34.1916 30.5495 26.9569 24.5119 38.8543 24.8095 23.7252 22.9137 34.3748 34.4725 29.5787
threshold=-0.086071457736104987 0.5523138706907712 1.9820624195624317 -0.016857463852720078 -5.6948870158100471 0.35046436675317033 4.3931234780441279 0.40566668624639374 -0.37104618492082109 1.3275621688268704 1.7306655704871201 0.46808166628826792 -1.967516535948032 -1.0032657052993703
decision_type=2 2 2 2 10 2 10 10 2 2 2 2 8 10
left_child=2 9 4 -3 -1 -6 8 -8 -5 -2 -10 12 -12 -13
right_child=1 3 -4 6 5 -7 7 -9 10 -11 11 13 -14 -15
leaf_value=0.017664186431329994 0.016831078288079351 -0.0048551831211890942 -0.0063967756659339984 -0.0096737112873338874 -0.006401949785803213 0.0017941850707383644 -0.018171173582729905 0.0044482983542412854 -0.00052441285066305414 -0.0052989366764182614 -0.0064769612094366935 -0.0088103338213433233 0.0097386267885071209 0.0026615014580908172
leaf_weight=120.99311915924773 219.58877175161615 2152.9962127539911 728.50022284174338 264.94383462704718 510.25412854831666 6800.711434346078 199.5478753662901 150.1597854308784 5140.1689329772635 68.238262564875185 172.65878155152313 356.19618153944612 1120.7864353640471 1007.2178766180295
leaf_count=706 1405 11034 5905 1377 3302 39113 1113 801 26853 479 1117 2259 6560 6476
internal_value=7.69751e-06 -0.000588548 0.000800138 -0.000941357 0.00152087 0.00120625 6.95393e-05 -0.00874345 0.000472515 0.0115811 0.000841153 0.00346726 0.00750838 -0.000419594
internal_weight=19013 10852.5 8160.46 10564.7 7431.96 7310.97 8411.68 349.708 8061.97 287.827 7797.03 2656.86 1293.45 1363.41
internal_count=108500 59474 49026 57590 43121 42415 46556 1914 44642 1884 43265 16412 7677 8735
is_linear=0
shrinkage=0.035


Tree=211
num_leaves=15
num_cat=0
split_feature=34 77 78 75 36 40 16 33 76 75 7 76 74 7
split_gain=7.37389 19.2678 16.4031 12.0726 21.8974 19.0506 10.5558 9.68248 23.059 33.5906 30.783 23.8983 27.6005 26.458
threshold=1.3197152002469414 -0.75912386530956033 -1.0000000180025095e-35 6.0332873572128678 0.037860687082371162 -0.19831334715385007 0.044896863734871978 0.0068869327039270409 -0.06854837780897273 -3.3764701121820453 1.3656918062268131 0.066247095403994719 0.69558016653236532 1.6265900466010887
decision_type=2 10 8 2 2 2 2 2 8 2 2 10 2 2
left_child=3 -2 -3 7 5 -5 -4 -1 -9 10 -10 12 -11 -13
right_child=1 2 6 4 -6 -7 -8 8 9 11 -12 13 -14 -15
leaf_value=0.00072810016106954157 -0.017962430001730992 -0.0092194793145696351 0.017679140443945508 0.016661860034843122 0.02334001219465183 -0.0069024778804096191 -0.0024055049024989642 0.00093537987587174207 -0.0051562010287364195 -0.0047719072768429181 0.022145808090652051 -0.0050993063576965768 -0.027640893025729769 0.00082713398368009948
leaf_weight=10038.592239917947 80.118012906052172 86.958448620745912 55.866447127889842 40.910811864770949 56.61797020630911 115.63298374286387 48.156305272132158 4270.5106405126862 74.718890282325447 202.3380487265531 104.23126095533371 2165.340433346224 83.325973967090249 1588.7707958659157
leaf_count=57752 527 593 312 264 359 701 278 23025 493 1111 793 11485 489 10318
internal_value=6.80268e-06 -0.00552101 0.000906252 9.2566e-05 0.00800709 0.00044569 0.00949264 -7.02606e-06 -0.000875987 -0.00270535 0.0113738 -0.00338197 -0.0128147 -0.0026001
internal_weight=19012.1 271.099 190.981 18741 213.162 156.544 104.023 18527.8 8489.24 4218.73 178.95 4039.78 285.664 3754.11
internal_count=108500 1710 1183 106790 1324 965 590 105466 47714 24689 1286 23403 1600 21803
is_linear=0
shrinkage=0.035


Tree=212
num_leaves=15
num_cat=0
split_feature=39 37 40 75 79 7 78 36 11 37 77 77 77 74
split_gain=7.42117 30.538 29.6783 27.2615 31.188 27.8711 24.5112 43.3569 24.4607 25.7751 23.1591 22.3093 25.4212 36.3957
threshold=0.011524715464984065 0.84953129490578561 -0.74002745522718272 -0.53588323895266277 1.6833791559102556 1.6392167949513021 -1.8064019002644891 0.0015905549188998897 0.040988475674457563 0.66390385553822118 4.8732566122193122 2.7465526184094027 0.66426915909227613 -1.1269062980153477
decision_type=2 2 2 2 10 2 8 2 2 2 10 10 10 2
left_child=1 2 -1 4 -2 -6 7 10 9 -5 11 12 -3 -14
right_child=3 6 -4 8 5 -7 -8 -9 -10 -11 -12 -13 13 -15
leaf_value=0.0060129082431912796 0.0065084282437341719 -0.0028861443567730722 -0.0055575307776245097 0.010991327255344793 -0.01223664587016021 0.0068022549661155831 0.0013004554985719503 -0.013560614894235712 -0.0031476471629798865 0.00052238387446413702 0.020348597970076019 -0.015967857357941366 0.026950239388974718 -5.5442704287014446e-05
leaf_weight=295.09187301131897 1576.7739393065567 728.9558670737315 2083.1963670081459 291.81571763986722 215.19819565210491 140.43310545384884 6753.6606255207371 377.0641971824225 2346.5464345663786 3821.381832753832 44.171960230916739 93.596918477560394 75.905858488753438 168.38360310951248
leaf_count=2523 7853 4342 14639 1599 1015 722 39928 2323 12019 19189 246 567 407 1128
internal_value=6.60229e-06 -0.000607611 -0.00408373 0.000783468 0.00440777 -0.00475661 0.000402938 -0.00363368 -0.000310986 0.00131471 -8.43874e-05 -0.00128929 0.000415453 0.00974023
internal_weight=19012.2 10620 2378.29 8392.15 1932.41 355.631 8241.74 1488.08 6459.74 4113.2 1111.01 1066.84 973.245 244.289
internal_count=108500 66103 17162 42397 9590 1737 48941 9013 32807 20788 6690 6444 5877 1535
is_linear=0
shrinkage=0.035


Tree=213
num_leaves=15
num_cat=0
split_feature=76 77 40 77 35 77 78 41 33 75 9 37 78 76
split_gain=7.38958 20.5676 22.3759 53.5654 21.7731 15.8856 30.5825 14.3244 21.5116 14.6191 16.6107 12.708 12.1473 11.393
threshold=-3.9041893477876597 0.1580809529064279 0.0437541404705118 1.6154369947737723 -0.035261615990733977 -3.2276858178005252 0.22059382542617315 -0.0071458674916542444 -0.055595427256351256 1.4397606027901875 7.2718396413168138 1.0571175833053927 0.81536491499104102 -1.8220725092015082
decision_type=10 10 2 10 2 10 10 2 2 2 2 2 8 10
left_child=1 4 12 -4 11 6 -6 8 -7 10 -9 -1 -3 -2
right_child=13 2 3 -5 5 7 -8 9 -10 -11 -12 -13 -14 -15
leaf_value=0.02317032686381014 0.0026410876545909425 -0.007135177700233834 -0.01631184175952111 0.017325634544605707 -0.021532702689510737 0.0067747278434363385 0.0041404399967287083 0.022640805542376043 -0.017813901139059962 -0.005701533021321559 -0.00044294510186791372 0.0018067844261848702 -0.027609222186321388 -0.00014153086368372139
leaf_weight=53.340939441695809 2011.2448646792909 89.519040245329961 107.04588025971316 86.756133212707937 100.87447588238865 71.947084333747625 97.048116769641638 77.429900493472815 66.504191984422505 55.222308191470802 61.560687193647027 70.685788793489337 71.464883817126974 15989.969386440411
leaf_count=290 10758 489 572 431 573 365 524 267 356 305 430 310 490 92340
internal_value=7.21077e-06 -0.00287698 -0.00941723 -0.00104178 0.000841787 -0.00235258 -0.00971961 0.00233316 -0.00579396 0.00812688 0.0136471 0.0129364 -0.0182708 0.000171952
internal_weight=19010.6 1009.4 354.786 193.802 654.613 530.587 197.923 332.664 138.451 194.213 138.991 124.027 160.984 18001.2
internal_count=108500 5402 1982 1003 3420 2820 1097 1723 721 1002 697 600 979 103098
is_linear=0
shrinkage=0.035


Tree=214
num_leaves=15
num_cat=0
split_feature=61 75 35 11 49 50 17 78 33 0 40 44 78 35
split_gain=7.31036 14.4672 14.0118 12.4096 14.8832 10.9411 14.837 11.3622 10.6556 11.0311 10.8099 10.6272 10.2824 16.3244
threshold=0.94689007411421733 1.2299322226988878 0.022770919692253661 -0.21661762786717506 0.33333333333328202 0.11235490073755384 -0.22878710481358036 1.0000000180025095e-35 0.0068869327039270409 25.122725453553624 -0.47673774672091834 0.83056959951131482 -7.8180718779674914 0.034667350664031989
decision_type=2 2 2 2 2 2 2 10 2 2 2 2 8 2
left_child=12 2 3 4 -2 6 -3 -7 9 -5 -10 -12 13 -1
right_child=1 5 -4 8 -6 7 -8 -9 10 -11 11 -13 -14 -15
leaf_value=-0.012228255285246277 0.019825514847457985 0.0055819550602461574 0.010997333880378478 -0.0050024338398114076 -0.00024005063644814758 0.011086825551730368 -0.013934164803214024 -0.0072121841750938291 -0.013925009453955471 0.0078505837829615233 -0.0091128480389353079 0.0052508768105546701 -8.3766030002457506e-05 0.0060085329512530716
leaf_weight=179.22987887402996 73.009965714067221 54.164533377392218 268.57741509005427 103.5856617144309 87.324061837978661 78.688809962943196 146.53080295212567 53.967086475342512 87.497889953665435 237.75171163678169 83.644364174455404 141.38697755895555 17342.335387155821 71.785413275938481
leaf_count=1190 354 298 1496 609 488 425 897 278 565 1399 482 771 98876 372
internal_value=6.20958e-06 0.00240736 0.00435544 0.00195336 0.0100824 -0.00380868 -0.00863854 0.00367284 -0.000280039 0.00388909 -0.00479351 -0.000396162 -0.000189578 -0.00695436
internal_weight=19009.5 1416.13 1082.78 814.201 160.334 333.351 200.695 132.656 653.867 341.337 312.529 225.031 17593.4 251.015
internal_count=108500 8062 6164 4668 842 1898 1195 703 3826 2008 1818 1253 100438 1562
is_linear=0
shrinkage=0.035


Tree=215
num_leaves=15
num_cat=0
split_feature=7 40 79 78 9 7 78 78 7 79 27 74 6 9
split_gain=7.31024 33.4688 20.9209 34.039 20.151 33.239 29.9327 24.7999 19.1975 24.7982 27.3101 27.9916 18.8882 36.9537
threshold=1.9820624195624317 -0.22189542511368585 2.4057310784277912 0.63759300790627293 18.901130498515368 2.0960705444581236 2.130986469965626 0.55067128393555975 2.8894397005072516 0.1273486439086772 0.02609202839297145 0.69558016653236532 1.3873532532931006 7.734770477086931
decision_type=2 2 8 8 2 2 8 10 2 10 2 2 2 2
left_child=-1 2 -2 -4 8 -6 7 -7 9 12 -11 -12 -3 -14
right_child=1 4 3 -5 5 6 -8 -9 -10 10 11 -13 13 -15
leaf_value=0.00026748025996144788 -0.012971444887495829 -0.010036748548772846 0.025346026215589294 -0.011126746215679368 -0.016444935589748147 0.011149603739332293 -0.010022061822872456 0.050410965371865735 -0.012537014659755931 -0.00034824993737176568 0.0025072385441239037 0.024096498586898316 0.0094427589908481942 -0.0077942780623113835
leaf_weight=16611.866033274404 406.10131787206046 319.50732165621594 34.040562340989709 56.269325071014464 23.45608855644241 69.353682021610439 22.098058248171583 21.201703943312168 133.61311135161668 455.13449685228989 156.43939412292093 128.24353070510551 269.2377029620111 301.99073312385008
leaf_count=91290 3598 2065 226 465 343 992 325 275 1009 2743 871 756 1096 2446
internal_value=6.12455e-06 -0.0017926 -0.00969395 0.00472382 0.000350945 0.0124063 0.0199872 0.0277985 -0.000707794 0.0004017 0.00506577 0.0131761 -0.00349831 0.000374672
internal_weight=19008.6 2396.69 496.411 90.3099 1900.28 136.11 112.653 90.5554 1764.17 1630.55 739.817 284.683 890.736 571.228
internal_count=108500 17210 4289 691 12921 1935 1592 1267 10986 9977 4370 1627 5607 3542
is_linear=0
shrinkage=0.035


Tree=216
num_leaves=15
num_cat=0
split_feature=32 79 35 78 78 9 61 7 21 78 35 29 7 24
split_gain=7.43173 23.6667 25.7822 22.4079 26.1978 23.94 23.0873 19.4957 19.4552 18.7402 26.0015 22.799 22.3121 19.4315
threshold=0.020302201602942906 5.6809284628524397 0.044897165850247313 0.81536491499104102 0.15924156162065214 9.2277977529862891 0.49999999999993211 1.7306655704871201 3.9137620687957568 5.3155581534990182 0.020961922494799792 1.5480749412701773 2.4468380387690223 -0.51766519458206928
decision_type=2 8 2 8 10 2 2 2 2 8 2 2 2 2
left_child=1 8 3 4 5 -3 -5 -4 -1 12 -11 -12 13 -2
right_child=9 2 7 6 -6 -7 -8 -9 -10 10 11 -13 -14 -15
leaf_value=0.00023215148779321863 -0.0058826184527402924 0.016372427738895298 -0.019795600863618784 0.0090140406046827892 0.03379201205172578 -0.0058725567799472727 -0.002973197757980519 0.0072051216198619223 -0.012918550973034201 -0.010439536468417191 0.0078362544863020064 -0.014240985750795547 0.008427061037960433 -1.8633455619876946e-05
leaf_weight=9522.4934546794102 756.85251431106008 138.73533000983298 64.494421000592411 425.08844350697473 53.573434569872916 81.368383969645947 339.05532271787524 40.04710204526782 119.82735187048092 506.14008903503418 218.77147188875824 55.873842641711235 327.34094855422154 6356.8508400251158
leaf_count=55293 4761 559 369 2199 288 648 1885 295 603 2979 1144 280 2429 34768
internal_value=7.33004e-06 0.000611147 0.00532908 0.00702793 0.0152882 0.00834469 0.00375505 -0.00995629 4.23229e-05 -0.000784266 -0.00587186 0.00268308 -0.000236118 -0.000657267
internal_weight=19006.5 10784.7 1142.36 1037.82 273.677 220.104 764.144 104.542 9642.32 8221.83 780.785 274.645 7441.04 7113.7
internal_count=108500 62139 6243 5579 1495 1207 4084 664 55896 46361 4403 1424 41958 39529
is_linear=0
shrinkage=0.035


Tree=217
num_leaves=15
num_cat=0
split_feature=34 35 79 79 38 32 78 7 78 7 76 10 7 13
split_gain=7.4265 32.6504 21.169 41.0816 19.1386 20.3682 28.9681 27.7985 34.3986 32.0596 23.4253 20.3614 19.2217 17.9713
threshold=0.37077860225286668 -0.0048512226435118025 -1.6916074204827882 0.72420063283549629 0.46574926283765516 -0.2998000667924961 -0.59989841937596311 1.8842385138739082 -1.3971743833139894 1.8395304958087542 -1.4968357681807996 -1.0000000180025095e-35 1.7306655704871201 1.1955379813463087
decision_type=2 2 8 8 2 2 8 2 8 2 10 2 2 2
left_child=-1 2 -2 -4 -3 6 10 9 -9 11 -6 -7 -13 -5
right_child=1 4 3 13 5 7 -8 8 -10 -11 -12 12 -14 -15
leaf_value=0.00041337712727681624 -0.018044454740911348 -0.0090118556550712325 0.0040651252948201641 -0.016754512308132328 -0.0049445031261808534 0.0017045367359422258 0.00036584684536236699 0.01913710369676096 0.0014029573094775873 -0.019868411067097972 0.020366876068981129 -0.0066623308464213611 0.0068893763020716186 0.0033486201479523111
leaf_weight=14139.60327801192 163.22198648098856 242.28677328350022 338.20076642790809 259.27558432641672 47.986271407455206 1235.733592975419 396.42078125523403 152.01793132629246 622.99065402708948 100.60830836929381 194.83948512049392 920.33045427873731 131.86371620558202 60.284168960992247
leaf_count=81140 860 2016 1848 1309 264 6461 2330 868 3768 635 1054 4933 706 308
internal_value=7.39441e-06 -0.00116916 -0.00744403 -0.0043587 0.000134738 0.000761593 0.00635847 -0.000402188 0.00527543 -0.00227291 0.0153693 -0.00133371 -0.00486717 -0.0129882
internal_weight=19005.7 4866.06 820.983 657.761 4045.08 3802.79 639.247 3163.54 775.009 2388.54 242.826 2287.93 1052.19 319.56
internal_count=108500 27360 4325 3465 23035 21019 3648 17371 4636 12735 1318 12100 5639 1617
is_linear=0
shrinkage=0.035


Tree=218
num_leaves=15
num_cat=0
split_feature=7 40 79 78 9 7 7 79 27 77 77 78 79 78
split_gain=7.35311 31.0468 19.7785 32.2509 19.0695 26.3549 21.7227 25.4262 22.9794 30.4304 17.8857 30.4002 27.9324 21.0649
threshold=1.9820624195624317 -0.22189542511368585 2.4057310784277912 0.63759300790627293 22.002308309113623 2.3481039040253733 2.8894397005072516 0.1273486439086772 0.02609202839297145 -0.61149274182031654 0.40566668624639374 -1.0000000180025095e-35 -1.1692224408885086 -0.13669689925010695
decision_type=2 2 8 8 2 2 2 10 2 10 10 8 10 8
left_child=-1 2 -2 -4 6 -6 7 10 -9 -10 13 -12 -13 -3
right_child=1 4 3 -5 5 -7 -8 8 9 -11 11 12 -14 -15
leaf_value=0.00026842939375543249 -0.012632145442364674 0.0063424821802375618 0.024563759249141743 -0.010907576354403077 -0.0086493317490389885 0.026449195427303781 -0.012740666228249846 0.00028228419905774359 -0.0063326659309685248 0.018288160840374632 -0.01776299732616889 0.014159115769120651 -0.013827490127730191 -0.0067033296020455246
leaf_weight=16611.229431006839 403.77337652468123 317.85720142163336 34.329546861350536 56.002622270956635 28.490161959081888 53.728833412751555 143.40432211617008 466.61062840791419 70.355484323576093 229.41448105988093 195.12307939282618 85.353685730136931 55.161844050511718 255.14767095062416
leaf_count=91290 3598 1997 226 465 477 815 1129 2885 420 1326 1362 498 402 1610
internal_value=6.39096e-06 -0.00179841 -0.00942926 0.00458192 0.000262889 0.0149743 -0.000557946 0.00062308 0.00524746 0.012475 -0.00330629 -0.00947258 0.00281851 0.00050328
internal_weight=19006 2394.75 494.106 90.3322 1900.65 82.219 1818.43 1675.02 766.381 299.77 908.643 335.639 140.516 573.005
internal_count=108500 17210 4289 691 12921 1292 11629 10500 4631 1746 5869 2262 900 3607
is_linear=0
shrinkage=0.035


Tree=219
num_leaves=15
num_cat=0
split_feature=6 6 40 4 78 75 74 79 79 76 75 40 41 33
split_gain=7.32631 30.2085 24.6588 25.5779 29.0173 22.4644 20.5065 18.834 18.1443 18.0891 16.0419 14.2487 13.0524 11.7144
threshold=0.96060125309574529 1.012074701446023 0.25088236315092755 10.16666666666667 0.91439502544610052 -1.0000000180025095e-35 -0.74726736904737356 -0.95797659350189679 -0.400542486609403 -1.2278592094972145 -0.68661319757314776 -0.19831334715385007 0.15552616427805557 0.036498209415696974
decision_type=2 2 2 2 10 2 2 8 8 10 2 2 2 2
left_child=2 5 3 4 6 -2 11 -8 -5 -7 -4 -1 13 -12
right_child=1 -3 10 8 -6 9 7 -9 -10 -11 12 -13 -14 -15
leaf_value=-0.016451419786113392 -0.022186453455770996 4.5237303991039719e-05 0.011329524351687778 0.0084933986668052474 0.026650536264115173 0.011530868187391914 -0.0050702739248244064 0.017773277093556673 -0.016280487811099028 -0.0093735201646541755 -0.0037068634478900453 0.0059229174968544575 0.0066563006130667375 -0.018966570035415718
leaf_weight=52.095953983720392 108.01388317532837 17820.002953425865 54.236657669767737 46.96203623060137 99.857005065307021 55.04333980102092 50.166834457777441 145.1771987080574 64.04119865829125 139.87989440793172 168.78181631676853 52.457230899482965 57.569503016304225 90.370148012647405
leaf_count=299 667 101485 300 238 614 260 289 833 366 826 1015 286 387 635
internal_value=6.07669e-06 -0.00014697 0.00308531 0.00794677 0.011953 -0.010756 0.00569887 0.0119807 -0.00610288 -0.00294674 -0.00367236 -0.0060771 -0.00676169 -0.0100058
internal_weight=19004.7 18122.9 881.716 510.757 399.754 302.937 299.897 195.344 111.003 194.923 370.958 104.553 316.721 259.152
internal_count=108500 103238 5262 2925 2321 1753 1707 1122 604 1086 2337 585 2037 1650
is_linear=0
shrinkage=0.035


end of trees

feature_importances:
high_change_240=312
target_prominence=273
low_change_240=260
low_change_60=254
high_change_60=231
high_change_15=190
low_change_15=138
flow_240=127
planned_rr=120
target_distance=82
market_move_240=72
defense_prominence=69
relative_move_240=68
value_distance_240=60
move_240=52
market_move_60=51
defense_age=47
activity_240=46
risk_bps=45
relative_move_60=45
flow_60=42
risk_range=35
efficiency_240=34
activity_60=33
location_240=26
move_block_7=23
activity_5=21
move_block_3=21
market_move_15=19
target_scale=18
location_block_4=18
value_distance_15=17
activity_15=16
relative_move_15=14
value_distance_60=14
market_move_5=13
flow_5=12
efficiency_5=12
move_60=12
location_block_5=10
location_60=9
relative_move_5=7
range_block_0=7
range_block_1=7
location_block_3=7
flow_block_4=7
move_block_6=7
flow_block_1=6
move_block_2=6
flow_block_3=6
efficiency_15=5
range_block_2=5
move_block_4=5
range_block_4=5
range_block_3=4
range_block_6=4
range_block_7=4
cost_r=3
move_15=3
location_block_1=3
location_block_6=3
move_5=2
move_block_5=2
range_block_5=2
location_5=1
value_distance_5=1
flow_15=1
location_15=1
move_block_1=1
location_block_2=1
flow_block_6=1
flow_block_7=1
location_block_7=1

parameters:
[boosting: gbdt]
[objective: binary]
[metric: binary_logloss]
[tree_learner: serial]
[device_type: cpu]
[data_sample_strategy: bagging]
[data: ]
[valid: ]
[num_iterations: 220]
[learning_rate: 0.035]
[num_leaves: 15]
[num_threads: 2]
[seed: 20260905]
[deterministic: 1]
[force_col_wise: 1]
[force_row_wise: 0]
[histogram_pool_size: -1]
[max_depth: -1]
[min_data_in_leaf: 250]
[min_sum_hessian_in_leaf: 0.001]
[bagging_fraction: 1]
[pos_bagging_fraction: 1]
[neg_bagging_fraction: 1]
[bagging_freq: 0]
[bagging_seed: 23218]
[bagging_by_query: 0]
[feature_fraction: 1]
[feature_fraction_bynode: 1]
[feature_fraction_seed: 28090]
[extra_trees: 0]
[extra_seed: 14360]
[early_stopping_round: 0]
[early_stopping_min_delta: 0]
[first_metric_only: 0]
[max_delta_step: 0]
[lambda_l1: 0]
[lambda_l2: 20]
[linear_lambda: 0]
[min_gain_to_split: 0]
[drop_rate: 0.1]
[max_drop: 50]
[skip_drop: 0.5]
[xgboost_dart_mode: 0]
[uniform_drop: 0]
[drop_seed: 16970]
[top_rate: 0.2]
[other_rate: 0.1]
[min_data_per_group: 100]
[max_cat_threshold: 32]
[cat_l2: 10]
[cat_smooth: 10]
[max_cat_to_onehot: 4]
[top_k: 20]
[monotone_constraints: ]
[monotone_constraints_method: basic]
[monotone_penalty: 0]
[feature_contri: ]
[forcedsplits_filename: ]
[refit_decay_rate: 0.9]
[cegb_tradeoff: 1]
[cegb_penalty_split: 0]
[cegb_penalty_feature_lazy: ]
[cegb_penalty_feature_coupled: ]
[path_smooth: 0]
[interaction_constraints: ]
[verbosity: -1]
[saved_feature_importance_type: 0]
[use_quantized_grad: 0]
[num_grad_quant_bins: 4]
[quant_train_renew_leaf: 0]
[stochastic_rounding: 1]
[linear_tree: 0]
[max_bin: 63]
[max_bin_by_feature: ]
[min_data_in_bin: 3]
[bin_construct_sample_cnt: 200000]
[data_random_seed: 5037]
[is_enable_sparse: 1]
[enable_bundle: 1]
[use_missing: 1]
[zero_as_missing: 0]
[feature_pre_filter: 1]
[pre_partition: 0]
[two_round: 0]
[header: 0]
[label_column: ]
[weight_column: ]
[group_column: ]
[ignore_column: ]
[categorical_feature: ]
[forcedbins_filename: ]
[precise_float_parser: 0]
[parser_config_file: ]
[objective_seed: 15411]
[num_class: 1]
[is_unbalance: 0]
[scale_pos_weight: 1]
[sigmoid: 1]
[boost_from_average: 0]
[reg_sqrt: 0]
[alpha: 0.9]
[fair_c: 1]
[poisson_max_delta_step: 0.7]
[tweedie_variance_power: 1.5]
[lambdarank_truncation_level: 30]
[lambdarank_norm: 1]
[label_gain: ]
[lambdarank_position_bias_regularization: 0]
[eval_at: ]
[multi_error_top_k: 1]
[auc_mu_weights: ]
[num_machines: 1]
[local_listen_port: 12400]
[time_out: 120]
[machine_list_filename: ]
[machines: ]
[gpu_platform_id: -1]
[gpu_device_id: -1]
[gpu_use_dp: 0]
[num_gpu: 1]

end of parameters

pandas_categorical:[]
