ts,nav
1768780800000000000,100000.0
1768780860000000000,100000.0
1768780920000000000,100000.0
1768780980000000000,100000.0
1768781040000000000,100000.0
1768781100000000000,100000.0
1768781160000000000,100000.0
1768781220000000000,100000.0
1768781280000000000,100000.0
1768781340000000000,100000.0
1768781400000000000,100000.0
1768781460000000000,100000.0
1768781520000000000,100000.0
1768781580000000000,100000.0
1768781640000000000,100000.0
1768781700000000000,100000.0
1768781760000000000,100000.0
1768781820000000000,100000.0
1768781880000000000,100000.0
1768781940000000000,100000.0
1768782000000000000,100000.0
1768782060000000000,100000.0
1768782120000000000,100000.0
1768782180000000000,100000.0
1768782240000000000,100000.0
1768782300000000000,100000.0
1768782360000000000,100000.0
1768782420000000000,100000.0
1768782480000000000,100000.0
1768782540000000000,100000.0
1768782600000000000,100000.0
1768782660000000000,100000.0
1768782720000000000,100000.0
1768782780000000000,100000.0
1768782840000000000,100000.0
1768782900000000000,100000.0
1768782960000000000,100000.0
1768783020000000000,100000.0
1768783080000000000,100000.0
1768783140000000000,100000.0
1768783200000000000,100000.0
1768783260000000000,100000.0
1768783320000000000,100000.0
1768783380000000000,100000.0
1768783440000000000,100000.0
1768783500000000000,100000.0
1768783560000000000,100000.0
1768783620000000000,100000.0
1768783680000000000,100000.0
1768783740000000000,100000.0
1768783800000000000,100000.0
1768783860000000000,100000.0
1768783920000000000,100000.0
1768783980000000000,100000.0
1768784040000000000,100000.0
1768784100000000000,100000.0
1768784160000000000,100000.0
1768784220000000000,100000.0
1768784280000000000,100000.0
1768784340000000000,100000.0
1768784400000000000,100000.0
1768784460000000000,100000.0
1768784520000000000,100000.0
1768784580000000000,100000.0
1768784640000000000,100000.0
1768784700000000000,100000.0
1768784760000000000,100000.0
1768784820000000000,100000.0
1768784880000000000,100000.0
1768784940000000000,100000.0
1768785000000000000,100000.0
1768785060000000000,100000.0
1768785120000000000,100000.0
1768785180000000000,100000.0
1768785240000000000,100000.0
1768785300000000000,100000.0
1768785360000000000,100000.0
1768785420000000000,100000.0
1768785480000000000,100000.0
1768785540000000000,100000.0
1768785600000000000,100000.0
1768785660000000000,100000.0
1768785720000000000,100000.0
1768785780000000000,100000.0
1768785840000000000,100000.0
1768785900000000000,100000.0
1768785960000000000,100000.0
1768786020000000000,100000.0
1768786080000000000,100000.0
1768786140000000000,100000.0
1768786200000000000,100000.0
1768786260000000000,100000.0
1768786320000000000,100000.0
1768786380000000000,100000.0
1768786440000000000,100000.0
1768786500000000000,100000.0
1768786560000000000,100000.0
1768786620000000000,100000.0
1768786680000000000,100000.0
1768786740000000000,100000.0
1768786800000000000,100000.0
1768786860000000000,100000.0
1768786920000000000,100000.0
1768786980000000000,100000.0
1768787040000000000,100000.0
1768787100000000000,100000.0
1768787160000000000,100000.0
1768787220000000000,100000.0
1768787280000000000,100000.0
1768787340000000000,100000.0
1768787400000000000,100000.0
1768787460000000000,100000.0
1768787520000000000,100000.0
1768787580000000000,100000.0
1768787640000000000,100000.0
1768787700000000000,100000.0
1768787760000000000,100000.0
1768787820000000000,100000.0
1768787880000000000,100000.0
1768787940000000000,100000.0
1768788000000000000,100000.0
1768788060000000000,100000.0
1768788120000000000,100000.0
1768788180000000000,100000.0
1768788240000000000,100000.0
1768788300000000000,100000.0
1768788360000000000,100000.0
1768788420000000000,100000.0
1768788480000000000,100000.0
1768788540000000000,100000.0
1768788600000000000,100000.0
1768788660000000000,100000.0
1768788720000000000,100000.0
1768788780000000000,100000.0
1768788840000000000,100000.0
1768788900000000000,100000.0
1768788960000000000,100000.0
1768789020000000000,100000.0
1768789080000000000,100000.0
1768789140000000000,100000.0
1768789200000000000,100000.0
1768789260000000000,100000.0
1768789320000000000,100000.0
1768789380000000000,100000.0
1768789440000000000,100000.0
1768789500000000000,100000.0
1768789560000000000,100000.0
1768789620000000000,100000.0
1768789680000000000,100000.0
1768789740000000000,100000.0
1768789800000000000,100000.0
1768789860000000000,100000.0
1768789920000000000,100000.0
1768789980000000000,100000.0
1768790040000000000,100000.0
1768790100000000000,100000.0
1768790160000000000,100000.0
1768790220000000000,100000.0
1768790280000000000,100000.0
1768790340000000000,100000.0
1768790400000000000,100000.0
1768790460000000000,100000.0
1768790520000000000,100000.0
1768790580000000000,100000.0
1768790640000000000,100000.0
1768790700000000000,100000.0
1768790760000000000,100000.0
1768790820000000000,100000.0
1768790880000000000,100000.0
1768790940000000000,100000.0
1768791000000000000,100000.0
1768791060000000000,100000.0
1768791120000000000,100000.0
1768791180000000000,100000.0
1768791240000000000,100000.0
1768791300000000000,100000.0
1768791360000000000,100000.0
1768791420000000000,100000.0
1768791480000000000,100000.0
1768791540000000000,100000.0
1768791600000000000,100000.0
1768791660000000000,100000.0
1768791720000000000,100000.0
1768791780000000000,100000.0
1768791840000000000,100000.0
1768791900000000000,100000.0
1768791960000000000,100000.0
1768792020000000000,100000.0
1768792080000000000,100000.0
1768792140000000000,100000.0
1768792200000000000,100000.0
1768792260000000000,100000.0
1768792320000000000,100000.0
1768792380000000000,100000.0
1768792440000000000,100000.0
1768792500000000000,100000.0
1768792560000000000,100000.0
1768792620000000000,100000.0
1768792680000000000,100000.0
1768792740000000000,100000.0
1768792800000000000,100000.0
1768792860000000000,100000.0
1768792920000000000,100000.0
1768792980000000000,100000.0
1768793040000000000,100000.0
1768793100000000000,100000.0
1768793160000000000,100000.0
1768793220000000000,100000.0
1768793280000000000,100000.0
1768793340000000000,100000.0
1768793400000000000,100000.0
1768793460000000000,100000.0
1768793520000000000,100000.0
1768793580000000000,100000.0
1768793640000000000,100000.0
1768793700000000000,100000.0
1768793760000000000,100000.0
1768793820000000000,100000.0
1768793880000000000,100000.0
1768793940000000000,100000.0
1768794000000000000,100000.0
1768794060000000000,100000.0
1768794120000000000,100000.0
1768794180000000000,100000.0
1768794240000000000,100000.0
1768794300000000000,100000.0
1768794360000000000,100000.0
1768794420000000000,100000.0
1768794480000000000,100000.0
1768794540000000000,100000.0
1768794600000000000,100000.0
1768794660000000000,100000.0
1768794720000000000,100000.0
1768794780000000000,100000.0
1768794840000000000,100000.0
1768794900000000000,100000.0
1768794960000000000,100000.0
1768795020000000000,100000.0
1768795080000000000,100000.0
1768795140000000000,100000.0
1768795200000000000,100000.0
1768795260000000000,100000.0
1768795320000000000,100000.0
1768795380000000000,100000.0
1768795440000000000,100000.0
1768795500000000000,100000.0
1768795560000000000,100000.0
1768795620000000000,100000.0
1768795680000000000,100000.0
1768795740000000000,100000.0
1768795800000000000,100000.0
1768795860000000000,100000.0
1768795920000000000,100000.0
1768795980000000000,100000.0
1768796040000000000,100000.0
1768796100000000000,100000.0
1768796160000000000,100000.0
1768796220000000000,100000.0
1768796280000000000,100000.0
1768796340000000000,100000.0
1768796400000000000,100000.0
1768796460000000000,100000.0
1768796520000000000,100000.0
1768796580000000000,100000.0
1768796640000000000,100000.0
1768796700000000000,100000.0
1768796760000000000,100000.0
1768796820000000000,100000.0
1768796880000000000,100000.0
1768796940000000000,100000.0
1768797000000000000,100000.0
1768797060000000000,100000.0
1768797120000000000,100000.0
1768797180000000000,100000.0
1768797240000000000,100000.0
1768797300000000000,100000.0
1768797360000000000,100000.0
1768797420000000000,100000.0
1768797480000000000,100000.0
1768797540000000000,100000.0
1768797600000000000,100000.0
1768797660000000000,100000.0
1768797720000000000,100000.0
1768797780000000000,100000.0
1768797840000000000,100000.0
1768797900000000000,100000.0
1768797960000000000,100000.0
1768798020000000000,100000.0
1768798080000000000,100000.0
1768798140000000000,100000.0
1768798200000000000,100000.0
1768798260000000000,100000.0
1768798320000000000,100000.0
1768798380000000000,100000.0
1768798440000000000,100000.0
1768798500000000000,100000.0
1768798560000000000,100000.0
1768798620000000000,100000.0
1768798680000000000,100000.0
1768798740000000000,100000.0
1768798800000000000,100000.0
1768798860000000000,100000.0
1768798920000000000,100000.0
1768798980000000000,100000.0
1768799040000000000,100000.0
1768799100000000000,100000.0
1768799160000000000,100000.0
1768799220000000000,100000.0
1768799280000000000,100000.0
1768799340000000000,100000.0
1768799400000000000,100000.0
1768799460000000000,100000.0
1768799520000000000,100000.0
1768799580000000000,100000.0
1768799640000000000,100000.0
1768799700000000000,100000.0
1768799760000000000,100000.0
1768799820000000000,100000.0
1768799880000000000,100000.0
1768799940000000000,100000.0
1768800000000000000,100000.0
1768800060000000000,100000.0
1768800120000000000,100000.0
1768800180000000000,100000.0
1768800240000000000,100000.0
1768800300000000000,100000.0
1768800360000000000,100000.0
1768800420000000000,100000.0
1768800480000000000,100000.0
1768800540000000000,100000.0
1768800600000000000,100000.0
1768800660000000000,100000.0
1768800720000000000,100000.0
1768800780000000000,100000.0
1768800840000000000,100000.0
1768800900000000000,100000.0
1768800960000000000,100000.0
1768801020000000000,100000.0
1768801080000000000,100000.0
1768801140000000000,100000.0
1768801200000000000,100000.0
1768801260000000000,100000.0
1768801320000000000,100000.0
1768801380000000000,100000.0
1768801440000000000,100000.0
1768801500000000000,100000.0
1768801560000000000,100000.0
1768801620000000000,100000.0
1768801680000000000,100000.0
1768801740000000000,100000.0
1768801800000000000,100000.0
1768801860000000000,100000.0
1768801920000000000,100000.0
1768801980000000000,100000.0
1768802040000000000,100000.0
1768802100000000000,100000.0
1768802160000000000,100000.0
1768802220000000000,100000.0
1768802280000000000,100000.0
1768802340000000000,100000.0
1768802400000000000,100000.0
1768802460000000000,100000.0
1768802520000000000,100000.0
1768802580000000000,100000.0
1768802640000000000,100000.0
1768802700000000000,100000.0
1768802760000000000,100000.0
1768802820000000000,100000.0
1768802880000000000,100000.0
1768802940000000000,100000.0
1768803000000000000,100000.0
1768803060000000000,100000.0
1768803120000000000,100000.0
1768803180000000000,100000.0
1768803240000000000,100000.0
1768803300000000000,100000.0
1768803360000000000,100000.0
1768803420000000000,100000.0
1768803480000000000,100000.0
1768803540000000000,100000.0
1768803600000000000,100000.0
1768803660000000000,100000.0
1768803720000000000,100000.0
1768803780000000000,100000.0
1768803840000000000,100000.0
1768803900000000000,100000.0
1768803960000000000,100000.0
1768804020000000000,100000.0
1768804080000000000,100000.0
1768804140000000000,100000.0
1768804200000000000,100000.0
1768804260000000000,100000.0
1768804320000000000,100000.0
1768804380000000000,100000.0
1768804440000000000,100000.0
1768804500000000000,100000.0
1768804560000000000,100000.0
1768804620000000000,100000.0
1768804680000000000,100000.0
1768804740000000000,100000.0
1768804800000000000,100000.0
1768804860000000000,100000.0
1768804920000000000,100000.0
1768804980000000000,100000.0
1768805040000000000,100000.0
1768805100000000000,100000.0
1768805160000000000,100000.0
1768805220000000000,100000.0
1768805280000000000,100000.0
1768805340000000000,100000.0
1768805400000000000,100000.0
1768805460000000000,100000.0
1768805520000000000,100000.0
1768805580000000000,100000.0
1768805640000000000,100000.0
1768805700000000000,100000.0
1768805760000000000,100000.0
1768805820000000000,100000.0
1768805880000000000,100000.0
1768805940000000000,100000.0
1768806000000000000,100000.0
1768806060000000000,100000.0
1768806120000000000,100000.0
1768806180000000000,100000.0
1768806240000000000,100000.0
1768806300000000000,100000.0
1768806360000000000,100000.0
1768806420000000000,100000.0
1768806480000000000,100000.0
1768806540000000000,100000.0
1768806600000000000,100000.0
1768806660000000000,100000.0
1768806720000000000,100000.0
1768806780000000000,100000.0
1768806840000000000,100000.0
1768806900000000000,100000.0
1768806960000000000,100000.0
1768807020000000000,100000.0
1768807080000000000,100000.0
1768807140000000000,100000.0
1768807200000000000,100000.0
1768807260000000000,100000.0
1768807320000000000,100000.0
1768807380000000000,100000.0
1768807440000000000,100000.0
1768807500000000000,100000.0
1768807560000000000,100000.0
1768807620000000000,100000.0
1768807680000000000,100000.0
1768807740000000000,100000.0
1768807800000000000,100000.0
1768807860000000000,100000.0
1768807920000000000,100000.0
1768807980000000000,100000.0
1768808040000000000,100000.0
1768808100000000000,100000.0
1768808160000000000,100000.0
1768808220000000000,100000.0
1768808280000000000,100000.0
1768808340000000000,100000.0
1768808400000000000,100000.0
1768808460000000000,100000.0
1768808520000000000,100000.0
1768808580000000000,100000.0
1768808640000000000,100000.0
1768808700000000000,100000.0
1768808760000000000,100000.0
1768808820000000000,100000.0
1768808880000000000,100000.0
1768808940000000000,100000.0
1768809000000000000,100000.0
1768809060000000000,100000.0
1768809120000000000,100000.0
1768809180000000000,100000.0
1768809240000000000,100000.0
1768809300000000000,100000.0
1768809360000000000,100000.0
1768809420000000000,100000.0
1768809480000000000,100000.0
1768809540000000000,100000.0
1768809600000000000,100000.0
1768809660000000000,100000.0
1768809720000000000,100000.0
1768809780000000000,100000.0
1768809840000000000,100000.0
1768809900000000000,100000.0
1768809960000000000,100000.0
1768810020000000000,100000.0
1768810080000000000,100000.0
1768810140000000000,100000.0
1768810200000000000,100000.0
1768810260000000000,100000.0
1768810320000000000,100000.0
1768810380000000000,100000.0
1768810440000000000,100000.0
1768810500000000000,100000.0
1768810560000000000,100000.0
1768810620000000000,100000.0
1768810680000000000,100000.0
1768810740000000000,100000.0
1768810800000000000,100000.0
1768810860000000000,100000.0
1768810920000000000,100000.0
1768810980000000000,100000.0
1768811040000000000,100000.0
1768811100000000000,100000.0
1768811160000000000,100000.0
1768811220000000000,100000.0
1768811280000000000,100000.0
1768811340000000000,100000.0
1768811400000000000,100000.0
1768811460000000000,100000.0
1768811520000000000,100000.0
1768811580000000000,100000.0
1768811640000000000,100000.0
1768811700000000000,100000.0
1768811760000000000,100000.0
1768811820000000000,100000.0
1768811880000000000,100000.0
1768811940000000000,100000.0
1768812000000000000,100000.0
1768812060000000000,100000.0
1768812120000000000,100000.0
1768812180000000000,100000.0
1768812240000000000,100000.0
1768812300000000000,100000.0
1768812360000000000,100000.0
1768812420000000000,100000.0
1768812480000000000,100000.0
1768812540000000000,100000.0
1768812600000000000,100000.0
1768812660000000000,100000.0
1768812720000000000,100000.0
1768812780000000000,100000.0
1768812840000000000,100000.0
1768812900000000000,100000.0
1768812960000000000,100000.0
1768813020000000000,100000.0
1768813080000000000,100000.0
1768813140000000000,100000.0
1768813200000000000,100000.0
1768813260000000000,100000.0
1768813320000000000,100000.0
1768813380000000000,100000.0
1768813440000000000,100000.0
1768813500000000000,100000.0
1768813560000000000,100000.0
1768813620000000000,100000.0
1768813680000000000,100000.0
1768813740000000000,100000.0
1768813800000000000,100000.0
1768813860000000000,100000.0
1768813920000000000,100000.0
1768813980000000000,100000.0
1768814040000000000,100000.0
1768814100000000000,100000.0
1768814160000000000,100000.0
1768814220000000000,100000.0
1768814280000000000,100000.0
1768814340000000000,100000.0
1768814400000000000,100000.0
1768814460000000000,100000.0
1768814520000000000,100000.0
1768814580000000000,100000.0
1768814640000000000,100000.0
1768814700000000000,100000.0
1768814760000000000,100000.0
1768814820000000000,100000.0
1768814880000000000,100000.0
1768814940000000000,100000.0
1768815000000000000,100000.0
1768815060000000000,100000.0
1768815120000000000,100000.0
1768815180000000000,100000.0
1768815240000000000,100000.0
1768815300000000000,100000.0
1768815360000000000,100000.0
1768815420000000000,100000.0
1768815480000000000,100000.0
1768815540000000000,100000.0
1768815600000000000,100000.0
1768815660000000000,100000.0
1768815720000000000,100000.0
1768815780000000000,100000.0
1768815840000000000,100000.0
1768815900000000000,100000.0
1768815960000000000,100000.0
1768816020000000000,100000.0
1768816080000000000,100000.0
1768816140000000000,100000.0
1768816200000000000,100000.0
1768816260000000000,100000.0
1768816320000000000,100000.0
1768816380000000000,100000.0
1768816440000000000,100000.0
1768816500000000000,100000.0
1768816560000000000,100000.0
1768816620000000000,100000.0
1768816680000000000,100000.0
1768816740000000000,100000.0
1768816800000000000,100000.0
1768816860000000000,100000.0
1768816920000000000,100000.0
1768816980000000000,100000.0
1768817040000000000,100000.0
1768817100000000000,100000.0
1768817160000000000,100000.0
1768817220000000000,100000.0
1768817280000000000,100000.0
1768817340000000000,100000.0
1768817400000000000,100000.0
1768817460000000000,100000.0
1768817520000000000,100000.0
1768817580000000000,100000.0
1768817640000000000,100000.0
1768817700000000000,100000.0
1768817760000000000,100000.0
1768817820000000000,100000.0
1768817880000000000,100000.0
1768817940000000000,100000.0
1768818000000000000,100000.0
1768818060000000000,100000.0
1768818120000000000,100000.0
1768818180000000000,100000.0
1768818240000000000,100000.0
1768818300000000000,100000.0
1768818360000000000,100000.0
1768818420000000000,100000.0
1768818480000000000,100000.0
1768818540000000000,100000.0
1768818600000000000,100000.0
1768818660000000000,100000.0
1768818720000000000,100000.0
1768818780000000000,100000.0
1768818840000000000,100000.0
1768818900000000000,100000.0
1768818960000000000,100000.0
1768819020000000000,100000.0
1768819080000000000,100000.0
1768819140000000000,100000.0
1768819200000000000,100000.0
1768819260000000000,100000.0
1768819320000000000,100000.0
1768819380000000000,100000.0
1768819440000000000,100000.0
1768819500000000000,100000.0
1768819560000000000,100000.0
1768819620000000000,100000.0
1768819680000000000,100000.0
1768819740000000000,100000.0
1768819800000000000,100000.0
1768819860000000000,100000.0
1768819920000000000,100000.0
1768819980000000000,100000.0
1768820040000000000,100000.0
1768820100000000000,100000.0
1768820160000000000,100000.0
1768820220000000000,100000.0
1768820280000000000,100000.0
1768820340000000000,100000.0
1768820400000000000,100000.0
1768820460000000000,100000.0
1768820520000000000,100000.0
1768820580000000000,100000.0
1768820640000000000,100000.0
1768820700000000000,100000.0
1768820760000000000,100000.0
1768820820000000000,100000.0
1768820880000000000,100000.0
1768820940000000000,100000.0
1768821000000000000,100000.0
1768821060000000000,100000.0
1768821120000000000,100000.0
1768821180000000000,100000.0
1768821240000000000,100000.0
1768821300000000000,100000.0
1768821360000000000,100000.0
1768821420000000000,100000.0
1768821480000000000,100000.0
1768821540000000000,100000.0
1768821600000000000,100000.0
1768821660000000000,100000.0
1768821720000000000,100000.0
1768821780000000000,100000.0
1768821840000000000,100000.0
1768821900000000000,100000.0
1768821960000000000,100000.0
1768822020000000000,100000.0
1768822080000000000,100000.0
1768822140000000000,100000.0
1768822200000000000,100000.0
1768822260000000000,100000.0
1768822320000000000,100000.0
1768822380000000000,100000.0
1768822440000000000,100000.0
1768822500000000000,100000.0
1768822560000000000,100000.0
1768822620000000000,100000.0
1768822680000000000,100000.0
1768822740000000000,100000.0
1768822800000000000,100000.0
1768822860000000000,100000.0
1768822920000000000,100000.0
1768822980000000000,100000.0
1768823040000000000,100000.0
1768823100000000000,100000.0
1768823160000000000,100000.0
1768823220000000000,100000.0
1768823280000000000,100000.0
1768823340000000000,100000.0
1768823400000000000,100000.0
1768823460000000000,100000.0
1768823520000000000,100000.0
1768823580000000000,100000.0
1768823640000000000,100000.0
1768823700000000000,100000.0
1768823760000000000,100000.0
1768823820000000000,100000.0
1768823880000000000,100000.0
1768823940000000000,100000.0
1768824000000000000,100000.0
1768824060000000000,100000.0
1768824120000000000,100000.0
1768824180000000000,100000.0
1768824240000000000,100000.0
1768824300000000000,100000.0
1768824360000000000,100000.0
1768824420000000000,100000.0
1768824480000000000,100000.0
1768824540000000000,100000.0
1768824600000000000,100000.0
1768824660000000000,100000.0
1768824720000000000,100000.0
1768824780000000000,100000.0
1768824840000000000,100000.0
1768824900000000000,100000.0
1768824960000000000,100000.0
1768825020000000000,100000.0
1768825080000000000,100000.0
1768825140000000000,100000.0
1768825200000000000,100000.0
1768825260000000000,100000.0
1768825320000000000,100000.0
1768825380000000000,100000.0
1768825440000000000,100000.0
1768825500000000000,100000.0
1768825560000000000,100000.0
1768825620000000000,100000.0
1768825680000000000,100000.0
1768825740000000000,100000.0
1768825800000000000,100000.0
1768825860000000000,100000.0
1768825920000000000,100000.0
1768825980000000000,100000.0
1768826040000000000,100000.0
1768826100000000000,100000.0
1768826160000000000,100000.0
1768826220000000000,100000.0
1768826280000000000,100000.0
1768826340000000000,100000.0
1768826400000000000,100000.0
1768826460000000000,100000.0
1768826520000000000,100000.0
1768826580000000000,100000.0
1768826640000000000,100000.0
1768826700000000000,100000.0
1768826760000000000,100000.0
1768826820000000000,100000.0
1768826880000000000,100000.0
1768826940000000000,100000.0
1768827000000000000,100000.0
1768827060000000000,100000.0
1768827120000000000,100000.0
1768827180000000000,100000.0
1768827240000000000,100000.0
1768827300000000000,100000.0
1768827360000000000,100000.0
1768827420000000000,100000.0
1768827480000000000,100000.0
1768827540000000000,100000.0
1768827600000000000,100000.0
1768827660000000000,100000.0
1768827720000000000,100000.0
1768827780000000000,100000.0
1768827840000000000,100000.0
1768827900000000000,100000.0
1768827960000000000,100000.0
1768828020000000000,100000.0
1768828080000000000,100000.0
1768828140000000000,100000.0
1768828200000000000,100000.0
1768828260000000000,100000.0
1768828320000000000,100000.0
1768828380000000000,100000.0
1768828440000000000,100000.0
1768828500000000000,100000.0
1768828560000000000,100000.0
1768828620000000000,100000.0
1768828680000000000,100000.0
1768828740000000000,100000.0
1768828800000000000,100000.0
1768828860000000000,100000.0
1768828920000000000,100000.0
1768828980000000000,100000.0
1768829040000000000,100000.0
1768829100000000000,100000.0
1768829160000000000,100000.0
1768829220000000000,100000.0
1768829280000000000,100000.0
1768829340000000000,100000.0
1768829400000000000,100000.0
1768829460000000000,100000.0
1768829520000000000,100000.0
1768829580000000000,100000.0
1768829640000000000,100000.0
1768829700000000000,100000.0
1768829760000000000,100000.0
1768829820000000000,100000.0
1768829880000000000,100000.0
1768829940000000000,100000.0
1768830000000000000,100000.0
1768830060000000000,100000.0
1768830120000000000,100000.0
1768830180000000000,100000.0
1768830240000000000,100000.0
1768830300000000000,100000.0
1768830360000000000,100000.0
1768830420000000000,100000.0
1768830480000000000,100000.0
1768830540000000000,100000.0
1768830600000000000,100000.0
1768830660000000000,100000.0
1768830720000000000,100000.0
1768830780000000000,100000.0
1768830840000000000,100000.0
1768830900000000000,100000.0
1768830960000000000,100000.0
1768831020000000000,100000.0
1768831080000000000,100000.0
1768831140000000000,100000.0
1768831200000000000,100000.0
1768831260000000000,100000.0
1768831320000000000,100000.0
1768831380000000000,100000.0
1768831440000000000,100000.0
1768831500000000000,100000.0
1768831560000000000,100000.0
1768831620000000000,100000.0
1768831680000000000,100000.0
1768831740000000000,100000.0
1768831800000000000,100000.0
1768831860000000000,100000.0
1768831920000000000,100000.0
1768831980000000000,100000.0
1768832040000000000,100000.0
1768832100000000000,100000.0
1768832160000000000,100000.0
1768832220000000000,100000.0
1768832280000000000,100000.0
1768832340000000000,100000.0
1768832400000000000,100000.0
1768832460000000000,100000.0
1768832520000000000,100000.0
1768832580000000000,100000.0
1768832640000000000,100000.0
1768832700000000000,100000.0
1768832760000000000,100000.0
1768832820000000000,100000.0
1768832880000000000,100000.0
1768832940000000000,100000.0
1768833000000000000,100000.0
1768833060000000000,100000.0
1768833120000000000,100000.0
1768833180000000000,100000.0
1768833240000000000,100000.0
1768833300000000000,100000.0
1768833360000000000,100000.0
1768833420000000000,100000.0
1768833480000000000,100000.0
1768833540000000000,100000.0
1768833600000000000,100000.0
1768833660000000000,100000.0
1768833720000000000,100000.0
1768833780000000000,100000.0
1768833840000000000,100000.0
1768833900000000000,100000.0
1768833960000000000,100000.0
1768834020000000000,100000.0
1768834080000000000,100000.0
1768834140000000000,100000.0
1768834200000000000,100000.0
1768834260000000000,100000.0
1768834320000000000,100000.0
1768834380000000000,100000.0
1768834440000000000,100000.0
1768834500000000000,100000.0
1768834560000000000,100000.0
1768834620000000000,100000.0
1768834680000000000,100000.0
1768834740000000000,100000.0
1768834800000000000,100000.0
1768834860000000000,100000.0
1768834920000000000,100000.0
1768834980000000000,100000.0
1768835040000000000,100000.0
1768835100000000000,100000.0
1768835160000000000,100000.0
1768835220000000000,100000.0
1768835280000000000,100000.0
1768835340000000000,100000.0
1768835400000000000,100000.0
1768835460000000000,100000.0
1768835520000000000,100000.0
1768835580000000000,100000.0
1768835640000000000,100000.0
1768835700000000000,100000.0
1768835760000000000,100000.0
1768835820000000000,100000.0
1768835880000000000,100000.0
1768835940000000000,100000.0
1768836000000000000,100000.0
1768836060000000000,100000.0
1768836120000000000,100000.0
1768836180000000000,100000.0
1768836240000000000,100000.0
1768836300000000000,100000.0
1768836360000000000,100000.0
1768836420000000000,100000.0
1768836480000000000,100000.0
1768836540000000000,100000.0
1768836600000000000,100000.0
1768836660000000000,100000.0
1768836720000000000,100000.0
1768836780000000000,100000.0
1768836840000000000,100000.0
1768836900000000000,100000.0
1768836960000000000,100000.0
1768837020000000000,100000.0
1768837080000000000,100000.0
1768837140000000000,100000.0
1768837200000000000,100000.0
1768837260000000000,100000.0
1768837320000000000,100000.0
1768837380000000000,100000.0
1768837440000000000,100000.0
1768837500000000000,100000.0
1768837560000000000,100000.0
1768837620000000000,100000.0
1768837680000000000,100000.0
1768837740000000000,100000.0
1768837800000000000,100000.0
1768837860000000000,100000.0
1768837920000000000,100000.0
1768837980000000000,100000.0
1768838040000000000,100000.0
1768838100000000000,100000.0
1768838160000000000,100000.0
1768838220000000000,100000.0
1768838280000000000,100000.0
1768838340000000000,100000.0
1768838400000000000,100000.0
1768838460000000000,100000.0
1768838520000000000,100000.0
1768838580000000000,100000.0
1768838640000000000,100000.0
1768838700000000000,100000.0
1768838760000000000,100000.0
1768838820000000000,100000.0
1768838880000000000,100000.0
1768838940000000000,100000.0
1768839000000000000,100000.0
1768839060000000000,100000.0
1768839120000000000,100000.0
1768839180000000000,100000.0
1768839240000000000,100000.0
1768839300000000000,100000.0
1768839360000000000,100000.0
1768839420000000000,100000.0
1768839480000000000,100000.0
1768839540000000000,100000.0
1768839600000000000,100000.0
1768839660000000000,100000.0
1768839720000000000,100000.0
1768839780000000000,100000.0
1768839840000000000,100000.0
1768839900000000000,100000.0
1768839960000000000,100000.0
1768840020000000000,100000.0
1768840080000000000,100000.0
1768840140000000000,100000.0
1768840200000000000,100000.0
1768840260000000000,100000.0
1768840320000000000,100000.0
1768840380000000000,100000.0
1768840440000000000,100000.0
1768840500000000000,100000.0
1768840560000000000,100000.0
1768840620000000000,100000.0
1768840680000000000,100000.0
1768840740000000000,100000.0
1768840800000000000,100000.0
1768840860000000000,100000.0
1768840920000000000,100000.0
1768840980000000000,100000.0
1768841040000000000,100000.0
1768841100000000000,100000.0
1768841160000000000,100000.0
1768841220000000000,100000.0
1768841280000000000,100000.0
1768841340000000000,100000.0
1768841400000000000,100000.0
1768841460000000000,100000.0
1768841520000000000,100000.0
1768841580000000000,100000.0
1768841640000000000,100000.0
1768841700000000000,100000.0
1768841760000000000,100000.0
1768841820000000000,100000.0
1768841880000000000,100000.0
1768841940000000000,100000.0
1768842000000000000,100000.0
1768842060000000000,100000.0
1768842120000000000,100000.0
1768842180000000000,100000.0
1768842240000000000,100000.0
1768842300000000000,100000.0
1768842360000000000,100000.0
1768842420000000000,100000.0
1768842480000000000,100000.0
1768842540000000000,100000.0
1768842600000000000,100000.0
1768842660000000000,100000.0
1768842720000000000,100000.0
1768842780000000000,100000.0
1768842840000000000,100000.0
1768842900000000000,100000.0
1768842960000000000,100000.0
1768843020000000000,100000.0
1768843080000000000,100000.0
1768843140000000000,100000.0
1768843200000000000,100000.0
1768843260000000000,100000.0
1768843320000000000,100000.0
1768843380000000000,100000.0
1768843440000000000,100000.0
1768843500000000000,100000.0
1768843560000000000,100000.0
1768843620000000000,100000.0
1768843680000000000,100000.0
1768843740000000000,100000.0
1768843800000000000,100000.0
1768843860000000000,100000.0
1768843920000000000,100000.0
1768843980000000000,100000.0
1768844040000000000,100000.0
1768844100000000000,100000.0
1768844160000000000,100000.0
1768844220000000000,100000.0
1768844280000000000,100000.0
1768844340000000000,100000.0
1768844400000000000,100000.0
1768844460000000000,100000.0
1768844520000000000,100000.0
1768844580000000000,100000.0
1768844640000000000,100000.0
1768844700000000000,100000.0
1768844760000000000,100000.0
1768844820000000000,100000.0
1768844880000000000,100000.0
1768844940000000000,100000.0
1768845000000000000,100000.0
1768845060000000000,100000.0
1768845120000000000,100000.0
1768845180000000000,100000.0
1768845240000000000,100000.0
1768845300000000000,100000.0
1768845360000000000,100000.0
1768845420000000000,100000.0
1768845480000000000,100000.0
1768845540000000000,100000.0
1768845600000000000,100000.0
1768845660000000000,100000.0
1768845720000000000,100000.0
1768845780000000000,100000.0
1768845840000000000,100000.0
1768845900000000000,100000.0
1768845960000000000,100000.0
1768846020000000000,100000.0
1768846080000000000,100000.0
1768846140000000000,100000.0
1768846200000000000,100000.0
1768846260000000000,100000.0
1768846320000000000,100000.0
1768846380000000000,100000.0
1768846440000000000,100000.0
1768846500000000000,100000.0
1768846560000000000,100000.0
1768846620000000000,100000.0
1768846680000000000,100000.0
1768846740000000000,100000.0
1768846800000000000,100000.0
1768846860000000000,100000.0
1768846920000000000,100000.0
1768846980000000000,100000.0
1768847040000000000,100000.0
1768847100000000000,100000.0
1768847160000000000,100000.0
1768847220000000000,100000.0
1768847280000000000,100000.0
1768847340000000000,100000.0
1768847400000000000,100000.0
1768847460000000000,100000.0
1768847520000000000,100000.0
1768847580000000000,100000.0
1768847640000000000,100000.0
1768847700000000000,100000.0
1768847760000000000,100000.0
1768847820000000000,100000.0
1768847880000000000,100000.0
1768847940000000000,100000.0
1768848000000000000,100000.0
1768848060000000000,100000.0
1768848120000000000,100000.0
1768848180000000000,100000.0
1768848240000000000,100000.0
1768848300000000000,100000.0
1768848360000000000,100000.0
1768848420000000000,100000.0
1768848480000000000,100000.0
1768848540000000000,100000.0
1768848600000000000,100000.0
1768848660000000000,100000.0
1768848720000000000,100000.0
1768848780000000000,100000.0
1768848840000000000,100000.0
1768848900000000000,100000.0
1768848960000000000,100000.0
1768849020000000000,100000.0
1768849080000000000,100000.0
1768849140000000000,100000.0
1768849200000000000,100000.0
1768849260000000000,100000.0
1768849320000000000,100000.0
1768849380000000000,100000.0
1768849440000000000,100000.0
1768849500000000000,100000.0
1768849560000000000,100000.0
1768849620000000000,100000.0
1768849680000000000,100000.0
1768849740000000000,100000.0
1768849800000000000,100000.0
1768849860000000000,100000.0
1768849920000000000,100000.0
1768849980000000000,100000.0
1768850040000000000,100000.0
1768850100000000000,100000.0
1768850160000000000,100000.0
1768850220000000000,100000.0
1768850280000000000,100000.0
1768850340000000000,100000.0
1768850400000000000,100000.0
1768850460000000000,100000.0
1768850520000000000,100000.0
1768850580000000000,100000.0
1768850640000000000,100000.0
1768850700000000000,100000.0
1768850760000000000,100000.0
1768850820000000000,100000.0
1768850880000000000,100000.0
1768850940000000000,100000.0
1768851000000000000,100000.0
1768851060000000000,100000.0
1768851120000000000,100000.0
1768851180000000000,100000.0
1768851240000000000,100000.0
1768851300000000000,100000.0
1768851360000000000,100000.0
1768851420000000000,100000.0
1768851480000000000,100000.0
1768851540000000000,100000.0
1768851600000000000,100000.0
1768851660000000000,100000.0
1768851720000000000,100000.0
1768851780000000000,100000.0
1768851840000000000,100000.0
1768851900000000000,100000.0
1768851960000000000,100000.0
1768852020000000000,100000.0
1768852080000000000,100000.0
1768852140000000000,100000.0
1768852200000000000,100000.0
1768852260000000000,100000.0
1768852320000000000,100000.0
1768852380000000000,100000.0
1768852440000000000,100000.0
1768852500000000000,100000.0
1768852560000000000,100000.0
1768852620000000000,100000.0
1768852680000000000,100000.0
1768852740000000000,100000.0
1768852800000000000,100000.0
1768852860000000000,100000.0
1768852920000000000,100000.0
1768852980000000000,100000.0
1768853040000000000,100000.0
1768853100000000000,100000.0
1768853160000000000,100000.0
1768853220000000000,100000.0
1768853280000000000,100000.0
1768853340000000000,100000.0
1768853400000000000,100000.0
1768853460000000000,100000.0
1768853520000000000,100000.0
1768853580000000000,100000.0
1768853640000000000,100000.0
1768853700000000000,100000.0
1768853760000000000,100000.0
1768853820000000000,100000.0
1768853880000000000,100000.0
1768853940000000000,100000.0
1768854000000000000,100000.0
1768854060000000000,100000.0
1768854120000000000,100000.0
1768854180000000000,100000.0
1768854240000000000,100000.0
1768854300000000000,100000.0
1768854360000000000,100000.0
1768854420000000000,100000.0
1768854480000000000,100000.0
1768854540000000000,100000.0
1768854600000000000,100000.0
1768854660000000000,100000.0
1768854720000000000,100000.0
1768854780000000000,100000.0
1768854840000000000,100000.0
1768854900000000000,100000.0
1768854960000000000,100000.0
1768855020000000000,100000.0
1768855080000000000,100000.0
1768855140000000000,100000.0
1768855200000000000,100000.0
1768855260000000000,100000.0
1768855320000000000,100000.0
1768855380000000000,100000.0
1768855440000000000,100000.0
1768855500000000000,100000.0
1768855560000000000,100000.0
1768855620000000000,100000.0
1768855680000000000,100000.0
1768855740000000000,100000.0
1768855800000000000,100000.0
1768855860000000000,100000.0
1768855920000000000,100000.0
1768855980000000000,100000.0
1768856040000000000,100000.0
1768856100000000000,100000.0
1768856160000000000,100000.0
1768856220000000000,100000.0
1768856280000000000,100000.0
1768856340000000000,100000.0
1768856400000000000,100000.0
1768856460000000000,100000.0
1768856520000000000,100000.0
1768856580000000000,100000.0
1768856640000000000,100000.0
1768856700000000000,100000.0
1768856760000000000,100000.0
1768856820000000000,100000.0
1768856880000000000,100000.0
1768856940000000000,100000.0
1768857000000000000,100000.0
1768857060000000000,100000.0
1768857120000000000,100000.0
1768857180000000000,100000.0
1768857240000000000,100000.0
1768857300000000000,100000.0
1768857360000000000,100000.0
1768857420000000000,100000.0
1768857480000000000,100000.0
1768857540000000000,100000.0
1768857600000000000,100000.0
1768857660000000000,100000.0
1768857720000000000,100000.0
1768857780000000000,100000.0
1768857840000000000,100000.0
1768857900000000000,100000.0
1768857960000000000,100000.0
1768858020000000000,100000.0
1768858080000000000,100000.0
1768858140000000000,100000.0
1768858200000000000,100000.0
1768858260000000000,100000.0
1768858320000000000,100000.0
1768858380000000000,100000.0
1768858440000000000,100000.0
1768858500000000000,100000.0
1768858560000000000,100000.0
1768858620000000000,100000.0
1768858680000000000,100000.0
1768858740000000000,100000.0
1768858800000000000,100000.0
1768858860000000000,100000.0
1768858920000000000,100000.0
1768858980000000000,100000.0
1768859040000000000,100000.0
1768859100000000000,100000.0
1768859160000000000,100000.0
1768859220000000000,100000.0
1768859280000000000,100000.0
1768859340000000000,100000.0
1768859400000000000,100000.0
1768859460000000000,100000.0
1768859520000000000,100000.0
1768859580000000000,100000.0
1768859640000000000,100000.0
1768859700000000000,100000.0
1768859760000000000,100000.0
1768859820000000000,100000.0
1768859880000000000,100000.0
1768859940000000000,100000.0
1768860000000000000,100000.0
1768860060000000000,100000.0
1768860120000000000,100000.0
1768860180000000000,100000.0
1768860240000000000,100000.0
1768860300000000000,100000.0
1768860360000000000,100000.0
1768860420000000000,100000.0
1768860480000000000,100000.0
1768860540000000000,100000.0
1768860600000000000,100000.0
1768860660000000000,100000.0
1768860720000000000,100000.0
1768860780000000000,100000.0
1768860840000000000,100000.0
1768860900000000000,100000.0
1768860960000000000,100000.0
1768861020000000000,100000.0
1768861080000000000,100000.0
1768861140000000000,100000.0
1768861200000000000,100000.0
1768861260000000000,100000.0
1768861320000000000,100000.0
1768861380000000000,100000.0
1768861440000000000,100000.0
1768861500000000000,100000.0
1768861560000000000,100000.0
1768861620000000000,100000.0
1768861680000000000,100000.0
1768861740000000000,100000.0
1768861800000000000,100000.0
1768861860000000000,100000.0
1768861920000000000,100000.0
1768861980000000000,100000.0
1768862040000000000,100000.0
1768862100000000000,100000.0
1768862160000000000,100000.0
1768862220000000000,100000.0
1768862280000000000,100000.0
1768862340000000000,100000.0
1768862400000000000,100000.0
1768862460000000000,100000.0
1768862520000000000,100000.0
1768862580000000000,100000.0
1768862640000000000,100000.0
1768862700000000000,100000.0
1768862760000000000,100000.0
1768862820000000000,100000.0
1768862880000000000,100000.0
1768862940000000000,100000.0
1768863000000000000,100000.0
1768863060000000000,100000.0
1768863120000000000,100000.0
1768863180000000000,100000.0
1768863240000000000,100000.0
1768863300000000000,100000.0
1768863360000000000,100000.0
1768863420000000000,100000.0
1768863480000000000,100000.0
1768863540000000000,100000.0
1768863600000000000,100000.0
1768863660000000000,100000.0
1768863720000000000,100000.0
1768863780000000000,100000.0
1768863840000000000,100000.0
1768863900000000000,100000.0
1768863960000000000,100000.0
1768864020000000000,100000.0
1768864080000000000,100000.0
1768864140000000000,100000.0
1768864200000000000,100000.0
1768864260000000000,100000.0
1768864320000000000,100000.0
1768864380000000000,100000.0
1768864440000000000,100000.0
1768864500000000000,100000.0
1768864560000000000,100000.0
1768864620000000000,100000.0
1768864680000000000,100000.0
1768864740000000000,100000.0
1768864800000000000,100000.0
1768864860000000000,100000.0
1768864920000000000,100000.0
1768864980000000000,100000.0
1768865040000000000,100000.0
1768865100000000000,100000.0
1768865160000000000,100000.0
1768865220000000000,100000.0
1768865280000000000,100000.0
1768865340000000000,100000.0
1768865400000000000,100000.0
1768865460000000000,100000.0
1768865520000000000,100000.0
1768865580000000000,100000.0
1768865640000000000,100000.0
1768865700000000000,100000.0
1768865760000000000,100000.0
1768865820000000000,100000.0
1768865880000000000,100000.0
1768865940000000000,100000.0
1768866000000000000,100000.0
1768866060000000000,100000.0
1768866120000000000,100000.0
1768866180000000000,100000.0
1768866240000000000,100000.0
1768866300000000000,100000.0
1768866360000000000,100000.0
1768866420000000000,100000.0
1768866480000000000,100000.0
1768866540000000000,100000.0
1768866600000000000,100000.0
1768866660000000000,100000.0
1768866720000000000,100000.0
1768866780000000000,100000.0
1768866840000000000,100000.0
1768866900000000000,100000.0
1768866960000000000,100000.0
1768867020000000000,100000.0
1768867080000000000,100000.0
1768867140000000000,100000.0
1768867200000000000,100000.0
1768867260000000000,100000.0
1768867320000000000,100000.0
1768867380000000000,100000.0
1768867440000000000,100000.0
1768867500000000000,100000.0
1768867560000000000,100000.0
1768867620000000000,100000.0
1768867680000000000,100000.0
1768867740000000000,100000.0
1768867800000000000,100000.0
1768867860000000000,100000.0
1768867920000000000,100000.0
1768867980000000000,100000.0
1768868040000000000,100000.0
1768868100000000000,100000.0
1768868160000000000,100000.0
1768868220000000000,100000.0
1768868280000000000,100000.0
1768868340000000000,100000.0
1768868400000000000,100000.0
1768868460000000000,100000.0
1768868520000000000,100000.0
1768868580000000000,100000.0
1768868640000000000,100000.0
1768868700000000000,100000.0
1768868760000000000,100000.0
1768868820000000000,100000.0
1768868880000000000,100000.0
1768868940000000000,100000.0
1768869000000000000,100000.0
1768869060000000000,100000.0
1768869120000000000,100000.0
1768869180000000000,100000.0
1768869240000000000,100000.0
1768869300000000000,100000.0
1768869360000000000,100000.0
1768869420000000000,100000.0
1768869480000000000,100000.0
1768869540000000000,100000.0
1768869600000000000,100000.0
1768869660000000000,100000.0
1768869720000000000,100000.0
1768869780000000000,100000.0
1768869840000000000,100000.0
1768869900000000000,100000.0
1768869960000000000,100000.0
1768870020000000000,100000.0
1768870080000000000,100000.0
1768870140000000000,100000.0
1768870200000000000,100000.0
1768870260000000000,100000.0
1768870320000000000,100000.0
1768870380000000000,100000.0
1768870440000000000,100000.0
1768870500000000000,100000.0
1768870560000000000,100000.0
1768870620000000000,100000.0
1768870680000000000,100000.0
1768870740000000000,100000.0
1768870800000000000,100000.0
1768870860000000000,100000.0
1768870920000000000,100000.0
1768870980000000000,100000.0
1768871040000000000,100000.0
1768871100000000000,100000.0
1768871160000000000,100000.0
1768871220000000000,100000.0
1768871280000000000,100000.0
1768871340000000000,100000.0
1768871400000000000,100000.0
1768871460000000000,100000.0
1768871520000000000,100000.0
1768871580000000000,100000.0
1768871640000000000,100000.0
1768871700000000000,100000.0
1768871760000000000,100000.0
1768871820000000000,100000.0
1768871880000000000,100000.0
1768871940000000000,100000.0
1768872000000000000,100000.0
1768872060000000000,100000.0
1768872120000000000,100000.0
1768872180000000000,100000.0
1768872240000000000,100000.0
1768872300000000000,100000.0
1768872360000000000,100000.0
1768872420000000000,100000.0
1768872480000000000,100000.0
1768872540000000000,100000.0
1768872600000000000,100000.0
1768872660000000000,100000.0
1768872720000000000,100000.0
1768872780000000000,100000.0
1768872840000000000,100000.0
1768872900000000000,100000.0
1768872960000000000,100000.0
1768873020000000000,100000.0
1768873080000000000,100000.0
1768873140000000000,100000.0
1768873200000000000,100000.0
1768873260000000000,100000.0
1768873320000000000,100000.0
1768873380000000000,100000.0
1768873440000000000,100000.0
1768873500000000000,100000.0
1768873560000000000,100000.0
1768873620000000000,100000.0
1768873680000000000,100000.0
1768873740000000000,100000.0
1768873800000000000,100000.0
1768873860000000000,100000.0
1768873920000000000,100000.0
1768873980000000000,100000.0
1768874040000000000,100000.0
1768874100000000000,100000.0
1768874160000000000,100000.0
1768874220000000000,100000.0
1768874280000000000,100000.0
1768874340000000000,100000.0
1768874400000000000,100000.0
1768874460000000000,100000.0
1768874520000000000,100000.0
1768874580000000000,100000.0
1768874640000000000,100000.0
1768874700000000000,100000.0
1768874760000000000,100000.0
1768874820000000000,100000.0
1768874880000000000,100000.0
1768874940000000000,100000.0
1768875000000000000,100000.0
1768875060000000000,100000.0
1768875120000000000,100000.0
1768875180000000000,100000.0
1768875240000000000,100000.0
1768875300000000000,100000.0
1768875360000000000,100000.0
1768875420000000000,100000.0
1768875480000000000,100000.0
1768875540000000000,100000.0
1768875600000000000,100000.0
1768875660000000000,100000.0
1768875720000000000,100000.0
1768875780000000000,100000.0
1768875840000000000,100000.0
1768875900000000000,100000.0
1768875960000000000,100000.0
1768876020000000000,100000.0
1768876080000000000,100000.0
1768876140000000000,100000.0
1768876200000000000,100000.0
1768876260000000000,100000.0
1768876320000000000,100000.0
1768876380000000000,100000.0
1768876440000000000,100000.0
1768876500000000000,100000.0
1768876560000000000,100000.0
1768876620000000000,100000.0
1768876680000000000,100000.0
1768876740000000000,100000.0
1768876800000000000,100000.0
1768876860000000000,100000.0
1768876920000000000,100000.0
1768876980000000000,100000.0
1768877040000000000,100000.0
1768877100000000000,100000.0
1768877160000000000,100000.0
1768877220000000000,100000.0
1768877280000000000,100000.0
1768877340000000000,100000.0
1768877400000000000,100000.0
1768877460000000000,100000.0
1768877520000000000,100000.0
1768877580000000000,100000.0
1768877640000000000,100000.0
1768877700000000000,100000.0
1768877760000000000,100000.0
1768877820000000000,100000.0
1768877880000000000,100000.0
1768877940000000000,100000.0
1768878000000000000,100000.0
1768878060000000000,100000.0
1768878120000000000,100000.0
1768878180000000000,100000.0
1768878240000000000,100000.0
1768878300000000000,100000.0
1768878360000000000,100000.0
1768878420000000000,100000.0
1768878480000000000,100000.0
1768878540000000000,100000.0
1768878600000000000,100000.0
1768878660000000000,100000.0
1768878720000000000,100000.0
1768878780000000000,100000.0
1768878840000000000,100000.0
1768878900000000000,100000.0
1768878960000000000,100000.0
1768879020000000000,100000.0
1768879080000000000,100000.0
1768879140000000000,100000.0
1768879200000000000,100000.0
1768879260000000000,100000.0
1768879320000000000,100000.0
1768879380000000000,100000.0
1768879440000000000,100000.0
1768879500000000000,100000.0
1768879560000000000,100000.0
1768879620000000000,100000.0
1768879680000000000,100000.0
1768879740000000000,100000.0
1768879800000000000,100000.0
1768879860000000000,100000.0
1768879920000000000,100000.0
1768879980000000000,100000.0
1768880040000000000,100000.0
1768880100000000000,100000.0
1768880160000000000,100000.0
1768880220000000000,100000.0
1768880280000000000,100000.0
1768880340000000000,100000.0
1768880400000000000,100000.0
1768880460000000000,100000.0
1768880520000000000,100000.0
1768880580000000000,100000.0
1768880640000000000,100000.0
1768880700000000000,100000.0
1768880760000000000,100000.0
1768880820000000000,100000.0
1768880880000000000,100000.0
1768880940000000000,100000.0
1768881000000000000,100000.0
1768881060000000000,100000.0
1768881120000000000,100000.0
1768881180000000000,100000.0
1768881240000000000,100000.0
1768881300000000000,100000.0
1768881360000000000,100000.0
1768881420000000000,100000.0
1768881480000000000,100000.0
1768881540000000000,100000.0
1768881600000000000,100000.0
1768881660000000000,100000.0
1768881720000000000,100000.0
1768881780000000000,100000.0
1768881840000000000,100000.0
1768881900000000000,100000.0
1768881960000000000,100000.0
1768882020000000000,100000.0
1768882080000000000,100000.0
1768882140000000000,100000.0
1768882200000000000,100000.0
1768882260000000000,100000.0
1768882320000000000,100000.0
1768882380000000000,100000.0
1768882440000000000,100000.0
1768882500000000000,100000.0
1768882560000000000,100000.0
1768882620000000000,100000.0
1768882680000000000,100000.0
1768882740000000000,100000.0
1768882800000000000,100000.0
1768882860000000000,100000.0
1768882920000000000,100000.0
1768882980000000000,100000.0
1768883040000000000,100000.0
1768883100000000000,100000.0
1768883160000000000,100000.0
1768883220000000000,100000.0
1768883280000000000,100000.0
1768883340000000000,100000.0
1768883400000000000,100000.0
1768883460000000000,100000.0
1768883520000000000,100000.0
1768883580000000000,100000.0
1768883640000000000,100000.0
1768883700000000000,100000.0
1768883760000000000,100000.0
1768883820000000000,100000.0
1768883880000000000,100000.0
1768883940000000000,100000.0
1768884000000000000,100000.0
1768884060000000000,100000.0
1768884120000000000,100000.0
1768884180000000000,100000.0
1768884240000000000,100000.0
1768884300000000000,100000.0
1768884360000000000,100000.0
1768884420000000000,100000.0
1768884480000000000,100000.0
1768884540000000000,100000.0
1768884600000000000,100000.0
1768884660000000000,100000.0
1768884720000000000,100000.0
1768884780000000000,100000.0
1768884840000000000,100000.0
1768884900000000000,100000.0
1768884960000000000,100000.0
1768885020000000000,100000.0
1768885080000000000,100000.0
1768885140000000000,100000.0
1768885200000000000,100000.0
1768885260000000000,100000.0
1768885320000000000,100000.0
1768885380000000000,100000.0
1768885440000000000,100000.0
1768885500000000000,100000.0
1768885560000000000,100000.0
1768885620000000000,100000.0
1768885680000000000,100000.0
1768885740000000000,100000.0
1768885800000000000,100000.0
1768885860000000000,100000.0
1768885920000000000,100000.0
1768885980000000000,100000.0
1768886040000000000,100000.0
1768886100000000000,100000.0
1768886160000000000,100000.0
1768886220000000000,100000.0
1768886280000000000,100000.0
1768886340000000000,100000.0
1768886400000000000,100000.0
1768886460000000000,100000.0
1768886520000000000,100000.0
1768886580000000000,100000.0
1768886640000000000,100000.0
1768886700000000000,100000.0
1768886760000000000,100000.0
1768886820000000000,100000.0
1768886880000000000,100000.0
1768886940000000000,100000.0
1768887000000000000,100000.0
1768887060000000000,100000.0
1768887120000000000,100000.0
1768887180000000000,100000.0
1768887240000000000,100000.0
1768887300000000000,100000.0
1768887360000000000,100000.0
1768887420000000000,100000.0
1768887480000000000,100000.0
1768887540000000000,100000.0
1768887600000000000,100000.0
1768887660000000000,100000.0
1768887720000000000,100000.0
1768887780000000000,100000.0
1768887840000000000,100000.0
1768887900000000000,100000.0
1768887960000000000,100000.0
1768888020000000000,100000.0
1768888080000000000,100000.0
1768888140000000000,100000.0
1768888200000000000,100000.0
1768888260000000000,100000.0
1768888320000000000,100000.0
1768888380000000000,100000.0
1768888440000000000,100000.0
1768888500000000000,100000.0
1768888560000000000,100000.0
1768888620000000000,100000.0
1768888680000000000,100000.0
1768888740000000000,100000.0
1768888800000000000,100000.0
1768888860000000000,100000.0
1768888920000000000,100000.0
1768888980000000000,100000.0
1768889040000000000,100000.0
1768889100000000000,100000.0
1768889160000000000,100000.0
1768889220000000000,100000.0
1768889280000000000,100000.0
1768889340000000000,100000.0
1768889400000000000,100000.0
1768889460000000000,100000.0
1768889520000000000,100000.0
1768889580000000000,100000.0
1768889640000000000,100000.0
1768889700000000000,100000.0
1768889760000000000,100000.0
1768889820000000000,100000.0
1768889880000000000,100000.0
1768889940000000000,100000.0
1768890000000000000,100000.0
1768890060000000000,100000.0
1768890120000000000,100000.0
1768890180000000000,100000.0
1768890240000000000,100000.0
1768890300000000000,100000.0
1768890360000000000,100000.0
1768890420000000000,100000.0
1768890480000000000,100000.0
1768890540000000000,100000.0
1768890600000000000,100000.0
1768890660000000000,100000.0
1768890720000000000,100000.0
1768890780000000000,100000.0
1768890840000000000,100000.0
1768890900000000000,100000.0
1768890960000000000,100000.0
1768891020000000000,100000.0
1768891080000000000,100000.0
1768891140000000000,100000.0
1768891200000000000,100000.0
1768891260000000000,100000.0
1768891320000000000,100000.0
1768891380000000000,100000.0
1768891440000000000,100000.0
1768891500000000000,100000.0
1768891560000000000,100000.0
1768891620000000000,100000.0
1768891680000000000,100000.0
1768891740000000000,100000.0
1768891800000000000,100000.0
1768891860000000000,100000.0
1768891920000000000,100000.0
1768891980000000000,100000.0
1768892040000000000,100000.0
1768892100000000000,100000.0
1768892160000000000,100000.0
1768892220000000000,100000.0
1768892280000000000,100000.0
1768892340000000000,100000.0
1768892400000000000,100000.0
1768892460000000000,100000.0
1768892520000000000,100000.0
1768892580000000000,100000.0
1768892640000000000,100000.0
1768892700000000000,100000.0
1768892760000000000,100000.0
1768892820000000000,100000.0
1768892880000000000,100000.0
1768892940000000000,100000.0
1768893000000000000,100000.0
1768893060000000000,100000.0
1768893120000000000,100000.0
1768893180000000000,100000.0
1768893240000000000,100000.0
1768893300000000000,100000.0
1768893360000000000,100000.0
1768893420000000000,100000.0
1768893480000000000,100000.0
1768893540000000000,100000.0
1768893600000000000,100000.0
1768893660000000000,100000.0
1768893720000000000,100000.0
1768893780000000000,100000.0
1768893840000000000,100000.0
1768893900000000000,100000.0
1768893960000000000,100000.0
1768894020000000000,100000.0
1768894080000000000,100000.0
1768894140000000000,100000.0
1768894200000000000,100000.0
1768894260000000000,100000.0
1768894320000000000,100000.0
1768894380000000000,100000.0
1768894440000000000,100000.0
1768894500000000000,100000.0
1768894560000000000,100000.0
1768894620000000000,100000.0
1768894680000000000,100000.0
1768894740000000000,100000.0
1768894800000000000,100000.0
1768894860000000000,100000.0
1768894920000000000,100000.0
1768894980000000000,100000.0
1768895040000000000,100000.0
1768895100000000000,100000.0
1768895160000000000,100000.0
1768895220000000000,100000.0
1768895280000000000,100000.0
1768895340000000000,100000.0
1768895400000000000,100000.0
1768895460000000000,100000.0
1768895520000000000,100000.0
1768895580000000000,100000.0
1768895640000000000,100000.0
1768895700000000000,100000.0
1768895760000000000,100000.0
1768895820000000000,100000.0
1768895880000000000,100000.0
1768895940000000000,100000.0
1768896000000000000,100000.0
1768896060000000000,100000.0
1768896120000000000,100000.0
1768896180000000000,100000.0
1768896240000000000,100000.0
1768896300000000000,100000.0
1768896360000000000,100000.0
1768896420000000000,100000.0
1768896480000000000,100000.0
1768896540000000000,100000.0
1768896600000000000,100000.0
1768896660000000000,100000.0
1768896720000000000,98823.93709735
1768896780000000000,98281.93099735
1768896840000000000,97106.92199545
1768896900000000000,97106.92199545
1768896960000000000,97106.92199545
1768897020000000000,97106.92199545
1768897080000000000,97106.92199545
1768897140000000000,97106.92199545
1768897200000000000,97106.92199545
1768897260000000000,97106.92199545
1768897320000000000,97106.92199545
1768897380000000000,97106.92199545
1768897440000000000,97106.92199545
1768897500000000000,97106.92199545
1768897560000000000,97106.92199545
1768897620000000000,97106.92199545
1768897680000000000,97106.92199545
1768897740000000000,97106.92199545
1768897800000000000,97106.92199545
1768897860000000000,97106.92199545
1768897920000000000,97106.92199545
1768897980000000000,97106.92199545
1768898040000000000,97106.92199545
1768898100000000000,97106.92199545
1768898160000000000,97106.92199545
1768898220000000000,97106.92199545
1768898280000000000,97106.92199545
1768898340000000000,97106.92199545
1768898400000000000,97106.92199545
1768898460000000000,97106.92199545
1768898520000000000,97106.92199545
1768898580000000000,97106.92199545
1768898640000000000,97106.92199545
1768898700000000000,97106.92199545
1768898760000000000,97106.92199545
1768898820000000000,97106.92199545
1768898880000000000,97106.92199545
1768898940000000000,97106.92199545
1768899000000000000,97106.92199545
1768899060000000000,97106.92199545
1768899120000000000,97106.92199545
1768899180000000000,97106.92199545
1768899240000000000,97106.92199545
1768899300000000000,97106.92199545
1768899360000000000,97106.92199545
1768899420000000000,97106.92199545
1768899480000000000,97106.92199545
1768899540000000000,97106.92199545
1768899600000000000,97106.92199545
1768899660000000000,97106.92199545
1768899720000000000,97106.92199545
1768899780000000000,97106.92199545
1768899840000000000,97106.92199545
1768899900000000000,97106.92199545
1768899960000000000,97106.92199545
1768900020000000000,97106.92199545
1768900080000000000,97106.92199545
1768900140000000000,97106.92199545
1768900200000000000,97106.92199545
1768900260000000000,97106.92199545
1768900320000000000,97106.92199545
1768900380000000000,97106.92199545
1768900440000000000,97106.92199545
1768900500000000000,97106.92199545
1768900560000000000,97106.92199545
1768900620000000000,97106.92199545
1768900680000000000,97106.92199545
1768900740000000000,97106.92199545
1768900800000000000,97106.92199545
1768900860000000000,97106.92199545
1768900920000000000,97106.92199545
1768900980000000000,97106.92199545
1768901040000000000,97106.92199545
1768901100000000000,97106.92199545
1768901160000000000,97106.92199545
1768901220000000000,97106.92199545
1768901280000000000,97106.92199545
1768901340000000000,97106.92199545
1768901400000000000,97106.92199545
1768901460000000000,97106.92199545
1768901520000000000,97106.92199545
1768901580000000000,97106.92199545
1768901640000000000,97106.92199545
1768901700000000000,97106.92199545
1768901760000000000,97106.92199545
1768901820000000000,97106.92199545
1768901880000000000,97106.92199545
1768901940000000000,97106.92199545
1768902000000000000,97106.92199545
1768902060000000000,97106.92199545
1768902120000000000,97106.92199545
1768902180000000000,97106.92199545
1768902240000000000,97106.92199545
1768902300000000000,97106.92199545
1768902360000000000,97106.92199545
1768902420000000000,97106.92199545
1768902480000000000,97106.92199545
1768902540000000000,97106.92199545
1768902600000000000,97106.92199545
1768902660000000000,97106.92199545
1768902720000000000,97106.92199545
1768902780000000000,97106.92199545
1768902840000000000,97106.92199545
1768902900000000000,97106.92199545
1768902960000000000,97106.92199545
1768903020000000000,97106.92199545
1768903080000000000,97106.92199545
1768903140000000000,97106.92199545
1768903200000000000,97106.92199545
1768903260000000000,97106.92199545
1768903320000000000,97106.92199545
1768903380000000000,97106.92199545
1768903440000000000,97106.92199545
1768903500000000000,97106.92199545
1768903560000000000,97106.92199545
1768903620000000000,97106.92199545
1768903680000000000,97106.92199545
1768903740000000000,97106.92199545
1768903800000000000,97106.92199545
1768903860000000000,97106.92199545
1768903920000000000,97106.92199545
1768903980000000000,97106.92199545
1768904040000000000,97106.92199545
1768904100000000000,97106.92199545
1768904160000000000,97106.92199545
1768904220000000000,97106.92199545
1768904280000000000,97106.92199545
1768904340000000000,97106.92199545
1768904400000000000,97106.92199545
1768904460000000000,97106.92199545
1768904520000000000,97106.92199545
1768904580000000000,97106.92199545
1768904640000000000,97106.92199545
1768904700000000000,97106.92199545
1768904760000000000,97106.92199545
1768904820000000000,97106.92199545
1768904880000000000,97106.92199545
1768904940000000000,97106.92199545
1768905000000000000,97106.92199545
1768905060000000000,97106.92199545
1768905120000000000,97106.92199545
1768905180000000000,97106.92199545
1768905240000000000,97106.92199545
1768905300000000000,97106.92199545
1768905360000000000,97106.92199545
1768905420000000000,97106.92199545
1768905480000000000,97106.92199545
1768905540000000000,97106.92199545
1768905600000000000,97106.92199545
1768905660000000000,97106.92199545
1768905720000000000,97106.92199545
1768905780000000000,97106.92199545
1768905840000000000,97106.92199545
1768905900000000000,97106.92199545
1768905960000000000,97106.92199545
1768906020000000000,97106.92199545
1768906080000000000,97106.92199545
1768906140000000000,97106.92199545
1768906200000000000,97106.92199545
1768906260000000000,97106.92199545
1768906320000000000,97106.92199545
1768906380000000000,97106.92199545
1768906440000000000,97106.92199545
1768906500000000000,97106.92199545
1768906560000000000,97106.92199545
1768906620000000000,97106.92199545
1768906680000000000,97106.92199545
1768906740000000000,97106.92199545
1768906800000000000,97106.92199545
1768906860000000000,97106.92199545
1768906920000000000,97106.92199545
1768906980000000000,97106.92199545
1768907040000000000,97106.92199545
1768907100000000000,97106.92199545
1768907160000000000,97106.92199545
1768907220000000000,97106.92199545
1768907280000000000,97106.92199545
1768907340000000000,97106.92199545
1768907400000000000,97106.92199545
1768907460000000000,97106.92199545
1768907520000000000,97106.92199545
1768907580000000000,97106.92199545
1768907640000000000,97106.92199545
1768907700000000000,97106.92199545
1768907760000000000,97106.92199545
1768907820000000000,97106.92199545
1768907880000000000,97106.92199545
1768907940000000000,97106.92199545
1768908000000000000,97106.92199545
1768908060000000000,97106.92199545
1768908120000000000,97106.92199545
1768908180000000000,97106.92199545
1768908240000000000,97106.92199545
1768908300000000000,97106.92199545
1768908360000000000,97106.92199545
1768908420000000000,97106.92199545
1768908480000000000,97106.92199545
1768908540000000000,97106.92199545
1768908600000000000,97106.92199545
1768908660000000000,97106.92199545
1768908720000000000,97106.92199545
1768908780000000000,97106.92199545
1768908840000000000,97106.92199545
1768908900000000000,97106.92199545
1768908960000000000,97106.92199545
1768909020000000000,97106.92199545
1768909080000000000,97106.92199545
1768909140000000000,97106.92199545
1768909200000000000,97106.92199545
1768909260000000000,97106.92199545
1768909320000000000,97106.92199545
1768909380000000000,97106.92199545
1768909440000000000,97106.92199545
1768909500000000000,97106.92199545
1768909560000000000,97106.92199545
1768909620000000000,97106.92199545
1768909680000000000,97106.92199545
1768909740000000000,97106.92199545
1768909800000000000,97106.92199545
1768909860000000000,97106.92199545
1768909920000000000,97106.92199545
1768909980000000000,97106.92199545
1768910040000000000,97106.92199545
1768910100000000000,97106.92199545
1768910160000000000,97106.92199545
1768910220000000000,97106.92199545
1768910280000000000,97106.92199545
1768910340000000000,97106.92199545
1768910400000000000,97106.92199545
1768910460000000000,97106.92199545
1768910520000000000,97106.92199545
1768910580000000000,97106.92199545
1768910640000000000,97106.92199545
1768910700000000000,97106.92199545
1768910760000000000,97106.92199545
1768910820000000000,97106.92199545
1768910880000000000,97106.92199545
1768910940000000000,97106.92199545
1768911000000000000,97106.92199545
1768911060000000000,97106.92199545
1768911120000000000,97106.92199545
1768911180000000000,97106.92199545
1768911240000000000,97106.92199545
1768911300000000000,97106.92199545
1768911360000000000,97106.92199545
1768911420000000000,97106.92199545
1768911480000000000,97106.92199545
1768911540000000000,97106.92199545
1768911600000000000,97106.92199545
1768911660000000000,97106.92199545
1768911720000000000,97106.92199545
1768911780000000000,97106.92199545
1768911840000000000,97106.92199545
1768911900000000000,97106.92199545
1768911960000000000,97106.92199545
1768912020000000000,97106.92199545
1768912080000000000,97106.92199545
1768912140000000000,97106.92199545
1768912200000000000,97106.92199545
1768912260000000000,97106.92199545
1768912320000000000,97106.92199545
1768912380000000000,97106.92199545
1768912440000000000,97106.92199545
1768912500000000000,97106.92199545
1768912560000000000,97106.92199545
1768912620000000000,97106.92199545
1768912680000000000,97106.92199545
1768912740000000000,97106.92199545
1768912800000000000,97106.92199545
1768912860000000000,97106.92199545
1768912920000000000,97106.92199545
1768912980000000000,97106.92199545
1768913040000000000,97106.92199545
1768913100000000000,97106.92199545
1768913160000000000,97106.92199545
1768913220000000000,97106.92199545
1768913280000000000,97106.92199545
1768913340000000000,97106.92199545
1768913400000000000,97106.92199545
1768913460000000000,97106.92199545
1768913520000000000,97106.92199545
1768913580000000000,97106.92199545
1768913640000000000,97106.92199545
1768913700000000000,97106.92199545
1768913760000000000,97106.92199545
1768913820000000000,97106.92199545
1768913880000000000,97106.92199545
1768913940000000000,97106.92199545
1768914000000000000,97106.92199545
1768914060000000000,97106.92199545
1768914120000000000,97106.92199545
1768914180000000000,97106.92199545
1768914240000000000,97106.92199545
1768914300000000000,97106.92199545
1768914360000000000,97106.92199545
1768914420000000000,97106.92199545
1768914480000000000,97106.92199545
1768914540000000000,97106.92199545
1768914600000000000,97106.92199545
1768914660000000000,97106.92199545
1768914720000000000,97106.92199545
1768914780000000000,97106.92199545
1768914840000000000,97106.92199545
1768914900000000000,97106.92199545
1768914960000000000,97106.92199545
1768915020000000000,97106.92199545
1768915080000000000,97106.92199545
1768915140000000000,97106.92199545
1768915200000000000,97106.92199545
1768915260000000000,97106.92199545
1768915320000000000,97106.92199545
1768915380000000000,97106.92199545
1768915440000000000,97106.92199545
1768915500000000000,97106.92199545
1768915560000000000,97106.92199545
1768915620000000000,97106.92199545
1768915680000000000,97106.92199545
1768915740000000000,97106.92199545
1768915800000000000,97106.92199545
1768915860000000000,97106.92199545
1768915920000000000,97106.92199545
1768915980000000000,97106.92199545
1768916040000000000,97106.92199545
1768916100000000000,97106.92199545
1768916160000000000,97106.92199545
1768916220000000000,97106.92199545
1768916280000000000,97106.92199545
1768916340000000000,97106.92199545
1768916400000000000,97106.92199545
1768916460000000000,97106.92199545
1768916520000000000,97106.92199545
1768916580000000000,97106.92199545
1768916640000000000,97106.92199545
1768916700000000000,97106.92199545
1768916760000000000,97106.92199545
1768916820000000000,97106.92199545
1768916880000000000,97106.92199545
1768916940000000000,97106.92199545
1768917000000000000,97106.92199545
1768917060000000000,97106.92199545
1768917120000000000,97106.92199545
1768917180000000000,97106.92199545
1768917240000000000,97106.92199545
1768917300000000000,97106.92199545
1768917360000000000,97106.92199545
1768917420000000000,97106.92199545
1768917480000000000,97106.92199545
1768917540000000000,97106.92199545
1768917600000000000,97106.92199545
1768917660000000000,97106.92199545
1768917720000000000,97106.92199545
1768917780000000000,97106.92199545
1768917840000000000,97106.92199545
1768917900000000000,97106.92199545
1768917960000000000,97106.92199545
1768918020000000000,97106.92199545
1768918080000000000,97106.92199545
1768918140000000000,97106.92199545
1768918200000000000,97106.92199545
1768918260000000000,97106.92199545
1768918320000000000,97106.92199545
1768918380000000000,97106.92199545
1768918440000000000,97106.92199545
1768918500000000000,97106.92199545
1768918560000000000,97106.92199545
1768918620000000000,97106.92199545
1768918680000000000,97106.92199545
1768918740000000000,97106.92199545
1768918800000000000,97106.92199545
1768918860000000000,97106.92199545
1768918920000000000,97106.92199545
1768918980000000000,97106.92199545
1768919040000000000,97106.92199545
1768919100000000000,97106.92199545
1768919160000000000,97106.92199545
1768919220000000000,97106.92199545
1768919280000000000,97106.92199545
1768919340000000000,97106.92199545
1768919400000000000,97106.92199545
1768919460000000000,97106.92199545
1768919520000000000,97106.92199545
1768919580000000000,97106.92199545
1768919640000000000,97106.92199545
1768919700000000000,97106.92199545
1768919760000000000,97106.92199545
1768919820000000000,97106.92199545
1768919880000000000,97106.92199545
1768919940000000000,97106.92199545
1768920000000000000,97106.92199545
1768920060000000000,97106.92199545
1768920120000000000,97106.92199545
1768920180000000000,97106.92199545
1768920240000000000,97106.92199545
1768920300000000000,97106.92199545
1768920360000000000,97106.92199545
1768920420000000000,97106.92199545
1768920480000000000,97106.92199545
1768920540000000000,97106.92199545
1768920600000000000,97106.92199545
1768920660000000000,97106.92199545
1768920720000000000,97106.92199545
1768920780000000000,97106.92199545
1768920840000000000,97106.92199545
1768920900000000000,97106.92199545
1768920960000000000,97106.92199545
1768921020000000000,97106.92199545
1768921080000000000,97106.92199545
1768921140000000000,97106.92199545
1768921200000000000,97106.92199545
1768921260000000000,97106.92199545
1768921320000000000,97106.92199545
1768921380000000000,97106.92199545
1768921440000000000,97106.92199545
1768921500000000000,97106.92199545
1768921560000000000,97106.92199545
1768921620000000000,97106.92199545
1768921680000000000,97106.92199545
1768921740000000000,97106.92199545
1768921800000000000,97106.92199545
1768921860000000000,97106.92199545
1768921920000000000,97106.92199545
1768921980000000000,97106.92199545
1768922040000000000,97106.92199545
1768922100000000000,97106.92199545
1768922160000000000,97106.92199545
1768922220000000000,97106.92199545
1768922280000000000,97106.92199545
1768922340000000000,97106.92199545
1768922400000000000,97106.92199545
1768922460000000000,97106.92199545
1768922520000000000,97106.92199545
1768922580000000000,97106.92199545
1768922640000000000,97106.92199545
1768922700000000000,97106.92199545
1768922760000000000,97106.92199545
1768922820000000000,97106.92199545
1768922880000000000,97106.92199545
1768922940000000000,97106.92199545
1768923000000000000,97106.92199545
1768923060000000000,97106.92199545
1768923120000000000,97106.92199545
1768923180000000000,97106.92199545
1768923240000000000,97106.92199545
1768923300000000000,97106.92199545
1768923360000000000,97106.92199545
1768923420000000000,97106.92199545
1768923480000000000,97106.92199545
1768923540000000000,97106.92199545
1768923600000000000,97106.92199545
1768923660000000000,97106.92199545
1768923720000000000,97106.92199545
1768923780000000000,97106.92199545
1768923840000000000,97106.92199545
1768923900000000000,97106.92199545
1768923960000000000,97106.92199545
1768924020000000000,97106.92199545
1768924080000000000,97106.92199545
1768924140000000000,97106.92199545
1768924200000000000,97106.92199545
1768924260000000000,97106.92199545
1768924320000000000,97106.92199545
1768924380000000000,97106.92199545
1768924440000000000,97106.92199545
1768924500000000000,97106.92199545
1768924560000000000,97106.92199545
1768924620000000000,97106.92199545
1768924680000000000,97106.92199545
1768924740000000000,97106.92199545
1768924800000000000,97106.92199545
1768924860000000000,97106.92199545
1768924920000000000,97106.92199545
1768924980000000000,97106.92199545
1768925040000000000,97106.92199545
1768925100000000000,97106.92199545
1768925160000000000,97106.92199545
1768925220000000000,97106.92199545
1768925280000000000,97106.92199545
1768925340000000000,97106.92199545
1768925400000000000,97106.92199545
1768925460000000000,97106.92199545
1768925520000000000,97106.92199545
1768925580000000000,97106.92199545
1768925640000000000,97106.92199545
1768925700000000000,97106.92199545
1768925760000000000,97106.92199545
1768925820000000000,97106.92199545
1768925880000000000,97106.92199545
1768925940000000000,97106.92199545
1768926000000000000,97106.92199545
1768926060000000000,97106.92199545
1768926120000000000,97106.92199545
1768926180000000000,97106.92199545
1768926240000000000,97106.92199545
1768926300000000000,97106.92199545
1768926360000000000,97106.92199545
1768926420000000000,97106.92199545
1768926480000000000,97106.92199545
1768926540000000000,97106.92199545
1768926600000000000,97106.92199545
1768926660000000000,97106.92199545
1768926720000000000,97106.92199545
1768926780000000000,97106.92199545
1768926840000000000,97106.92199545
1768926900000000000,97106.92199545
1768926960000000000,97106.92199545
1768927020000000000,97106.92199545
1768927080000000000,97106.92199545
1768927140000000000,97106.92199545
1768927200000000000,97106.92199545
1768927260000000000,97106.92199545
1768927320000000000,97106.92199545
1768927380000000000,97106.92199545
1768927440000000000,97106.92199545
1768927500000000000,97106.92199545
1768927560000000000,97106.92199545
1768927620000000000,97106.92199545
1768927680000000000,97106.92199545
1768927740000000000,97106.92199545
1768927800000000000,97106.92199545
1768927860000000000,97106.92199545
1768927920000000000,97106.92199545
1768927980000000000,97106.92199545
1768928040000000000,97106.92199545
1768928100000000000,97106.92199545
1768928160000000000,97106.92199545
1768928220000000000,97106.92199545
1768928280000000000,97106.92199545
1768928340000000000,97106.92199545
1768928400000000000,97106.92199545
1768928460000000000,97106.92199545
1768928520000000000,97106.92199545
1768928580000000000,97106.92199545
1768928640000000000,97106.92199545
1768928700000000000,97106.92199545
1768928760000000000,97106.92199545
1768928820000000000,97106.92199545
1768928880000000000,97106.92199545
1768928940000000000,97106.92199545
1768929000000000000,97106.92199545
1768929060000000000,97106.92199545
1768929120000000000,97106.92199545
1768929180000000000,97106.92199545
1768929240000000000,97106.92199545
1768929300000000000,97106.92199545
1768929360000000000,97106.92199545
1768929420000000000,97106.92199545
1768929480000000000,97106.92199545
1768929540000000000,97106.92199545
1768929600000000000,97106.92199545
1768929660000000000,97106.92199545
1768929720000000000,97106.92199545
1768929780000000000,97106.92199545
1768929840000000000,97106.92199545
1768929900000000000,97106.92199545
1768929960000000000,97106.92199545
1768930020000000000,97106.92199545
1768930080000000000,97106.92199545
1768930140000000000,97106.92199545
1768930200000000000,97106.92199545
1768930260000000000,97106.92199545
1768930320000000000,97106.92199545
1768930380000000000,97106.92199545
1768930440000000000,97106.92199545
1768930500000000000,97106.92199545
1768930560000000000,97106.92199545
1768930620000000000,97106.92199545
1768930680000000000,97106.92199545
1768930740000000000,97106.92199545
1768930800000000000,97106.92199545
1768930860000000000,97106.92199545
1768930920000000000,97106.92199545
1768930980000000000,97106.92199545
1768931040000000000,97106.92199545
1768931100000000000,97106.92199545
1768931160000000000,97106.92199545
1768931220000000000,97106.92199545
1768931280000000000,97106.92199545
1768931340000000000,97106.92199545
1768931400000000000,97106.92199545
1768931460000000000,97106.92199545
1768931520000000000,97106.92199545
1768931580000000000,97106.92199545
1768931640000000000,97106.92199545
1768931700000000000,97106.92199545
1768931760000000000,97106.92199545
1768931820000000000,97106.92199545
1768931880000000000,97106.92199545
1768931940000000000,97106.92199545
1768932000000000000,97106.92199545
1768932060000000000,97106.92199545
1768932120000000000,97106.92199545
1768932180000000000,97106.92199545
1768932240000000000,97106.92199545
1768932300000000000,97106.92199545
1768932360000000000,97106.92199545
1768932420000000000,97106.92199545
1768932480000000000,97106.92199545
1768932540000000000,97106.92199545
1768932600000000000,97106.92199545
1768932660000000000,97106.92199545
1768932720000000000,97106.92199545
1768932780000000000,97106.92199545
1768932840000000000,97106.92199545
1768932900000000000,97106.92199545
1768932960000000000,97106.92199545
1768933020000000000,97106.92199545
1768933080000000000,97106.92199545
1768933140000000000,97106.92199545
1768933200000000000,97106.92199545
1768933260000000000,97106.92199545
1768933320000000000,97106.92199545
1768933380000000000,97106.92199545
1768933440000000000,97106.92199545
1768933500000000000,97106.92199545
1768933560000000000,97106.92199545
1768933620000000000,97106.92199545
1768933680000000000,97106.92199545
1768933740000000000,97106.92199545
1768933800000000000,97106.92199545
1768933860000000000,97106.92199545
1768933920000000000,97106.92199545
1768933980000000000,97106.92199545
1768934040000000000,97106.92199545
1768934100000000000,97106.92199545
1768934160000000000,97106.92199545
1768934220000000000,97106.92199545
1768934280000000000,97106.92199545
1768934340000000000,97106.92199545
1768934400000000000,97106.92199545
1768934460000000000,97106.92199545
1768934520000000000,97106.92199545
1768934580000000000,97106.92199545
1768934640000000000,97106.92199545
1768934700000000000,97106.92199545
1768934760000000000,97106.92199545
1768934820000000000,97106.92199545
1768934880000000000,97106.92199545
1768934940000000000,97106.92199545
1768935000000000000,97106.92199545
1768935060000000000,97106.92199545
1768935120000000000,97106.92199545
1768935180000000000,97106.92199545
1768935240000000000,97106.92199545
1768935300000000000,97106.92199545
1768935360000000000,97106.92199545
1768935420000000000,97106.92199545
1768935480000000000,97106.92199545
1768935540000000000,97106.92199545
1768935600000000000,97106.92199545
1768935660000000000,97106.92199545
1768935720000000000,97106.92199545
1768935780000000000,97106.92199545
1768935840000000000,97106.92199545
1768935900000000000,97106.92199545
1768935960000000000,97106.92199545
1768936020000000000,97106.92199545
1768936080000000000,97106.92199545
1768936140000000000,97106.92199545
1768936200000000000,97106.92199545
1768936260000000000,97106.92199545
1768936320000000000,97106.92199545
1768936380000000000,97106.92199545
1768936440000000000,97106.92199545
1768936500000000000,97106.92199545
1768936560000000000,97106.92199545
1768936620000000000,97106.92199545
1768936680000000000,97106.92199545
1768936740000000000,97106.92199545
1768936800000000000,97106.92199545
1768936860000000000,97106.92199545
1768936920000000000,97106.92199545
1768936980000000000,97106.92199545
1768937040000000000,97106.92199545
1768937100000000000,97106.92199545
1768937160000000000,97106.92199545
1768937220000000000,97106.92199545
1768937280000000000,97106.92199545
1768937340000000000,97106.92199545
1768937400000000000,97106.92199545
1768937460000000000,97106.92199545
1768937520000000000,97106.92199545
1768937580000000000,97106.92199545
1768937640000000000,97106.92199545
1768937700000000000,97106.92199545
1768937760000000000,97106.92199545
1768937820000000000,97106.92199545
1768937880000000000,97106.92199545
1768937940000000000,97106.92199545
1768938000000000000,97106.92199545
1768938060000000000,97106.92199545
1768938120000000000,97106.92199545
1768938180000000000,97106.92199545
1768938240000000000,97106.92199545
1768938300000000000,97106.92199545
1768938360000000000,97106.92199545
1768938420000000000,97106.92199545
1768938480000000000,97106.92199545
1768938540000000000,97106.92199545
1768938600000000000,97106.92199545
1768938660000000000,97106.92199545
1768938720000000000,97106.92199545
1768938780000000000,97106.92199545
1768938840000000000,97106.92199545
1768938900000000000,97106.92199545
1768938960000000000,97106.92199545
1768939020000000000,97106.92199545
1768939080000000000,97106.92199545
1768939140000000000,97106.92199545
1768939200000000000,97106.92199545
1768939260000000000,97106.92199545
1768939320000000000,97106.92199545
1768939380000000000,97106.92199545
1768939440000000000,97106.92199545
1768939500000000000,97106.92199545
1768939560000000000,97106.92199545
1768939620000000000,97106.92199545
1768939680000000000,97106.92199545
1768939740000000000,97106.92199545
1768939800000000000,97106.92199545
1768939860000000000,97106.92199545
1768939920000000000,97106.92199545
1768939980000000000,97106.92199545
1768940040000000000,97106.92199545
1768940100000000000,97106.92199545
1768940160000000000,97106.92199545
1768940220000000000,97106.92199545
1768940280000000000,97106.92199545
1768940340000000000,97106.92199545
1768940400000000000,97106.92199545
1768940460000000000,97106.92199545
1768940520000000000,97106.92199545
1768940580000000000,97106.92199545
1768940640000000000,97106.92199545
1768940700000000000,97106.92199545
1768940760000000000,97106.92199545
1768940820000000000,97106.92199545
1768940880000000000,97106.92199545
1768940940000000000,97106.92199545
1768941000000000000,97106.92199545
1768941060000000000,97106.92199545
1768941120000000000,97106.92199545
1768941180000000000,97106.92199545
1768941240000000000,97106.92199545
1768941300000000000,97106.92199545
1768941360000000000,97106.92199545
1768941420000000000,97106.92199545
1768941480000000000,97106.92199545
1768941540000000000,97106.92199545
1768941600000000000,97106.92199545
1768941660000000000,97106.92199545
1768941720000000000,97106.92199545
1768941780000000000,97106.92199545
1768941840000000000,97106.92199545
1768941900000000000,97106.92199545
1768941960000000000,97106.92199545
1768942020000000000,97106.92199545
1768942080000000000,97106.92199545
1768942140000000000,97106.92199545
1768942200000000000,97106.92199545
1768942260000000000,97106.92199545
1768942320000000000,97106.92199545
1768942380000000000,97106.92199545
1768942440000000000,97106.92199545
1768942500000000000,97106.92199545
1768942560000000000,97106.92199545
1768942620000000000,97106.92199545
1768942680000000000,97106.92199545
1768942740000000000,97106.92199545
1768942800000000000,97106.92199545
1768942860000000000,97106.92199545
1768942920000000000,97106.92199545
1768942980000000000,97106.92199545
1768943040000000000,97106.92199545
1768943100000000000,97106.92199545
1768943160000000000,97106.92199545
1768943220000000000,97106.92199545
1768943280000000000,97106.92199545
1768943340000000000,97106.92199545
1768943400000000000,97106.92199545
1768943460000000000,97106.92199545
1768943520000000000,97106.92199545
1768943580000000000,97106.92199545
1768943640000000000,97106.92199545
1768943700000000000,97106.92199545
1768943760000000000,97106.92199545
1768943820000000000,97106.92199545
1768943880000000000,97106.92199545
1768943940000000000,97106.92199545
1768944000000000000,97106.92199545
1768944060000000000,97106.92199545
1768944120000000000,97106.92199545
1768944180000000000,97106.92199545
1768944240000000000,97106.92199545
1768944300000000000,97106.92199545
1768944360000000000,97106.92199545
1768944420000000000,97106.92199545
1768944480000000000,97106.92199545
1768944540000000000,97106.92199545
1768944600000000000,97106.92199545
1768944660000000000,97106.92199545
1768944720000000000,97106.92199545
1768944780000000000,97106.92199545
1768944840000000000,97106.92199545
1768944900000000000,97106.92199545
1768944960000000000,97106.92199545
1768945020000000000,97106.92199545
1768945080000000000,97106.92199545
1768945140000000000,97106.92199545
1768945200000000000,97106.92199545
1768945260000000000,97106.92199545
1768945320000000000,97106.92199545
1768945380000000000,97106.92199545
1768945440000000000,97106.92199545
1768945500000000000,97106.92199545
1768945560000000000,97106.92199545
1768945620000000000,97106.92199545
1768945680000000000,97106.92199545
1768945740000000000,97106.92199545
1768945800000000000,97106.92199545
1768945860000000000,97106.92199545
1768945920000000000,97106.92199545
1768945980000000000,97106.92199545
1768946040000000000,97106.92199545
1768946100000000000,97106.92199545
1768946160000000000,97106.92199545
1768946220000000000,97106.92199545
1768946280000000000,97106.92199545
1768946340000000000,97106.92199545
1768946400000000000,97106.92199545
1768946460000000000,97106.92199545
1768946520000000000,97106.92199545
1768946580000000000,97106.92199545
1768946640000000000,97106.92199545
1768946700000000000,97106.92199545
1768946760000000000,97106.92199545
1768946820000000000,97106.92199545
1768946880000000000,97106.92199545
1768946940000000000,97106.92199545
1768947000000000000,97106.92199545
1768947060000000000,97106.92199545
1768947120000000000,97106.92199545
1768947180000000000,97106.92199545
1768947240000000000,97106.92199545
1768947300000000000,97106.92199545
1768947360000000000,97106.92199545
1768947420000000000,97106.92199545
1768947480000000000,97106.92199545
1768947540000000000,97106.92199545
1768947600000000000,97106.92199545
1768947660000000000,97106.92199545
1768947720000000000,97106.92199545
1768947780000000000,97106.92199545
1768947840000000000,97106.92199545
1768947900000000000,97106.92199545
1768947960000000000,97106.92199545
1768948020000000000,97106.92199545
1768948080000000000,97106.92199545
1768948140000000000,97106.92199545
1768948200000000000,97106.92199545
1768948260000000000,97106.92199545
1768948320000000000,97106.92199545
1768948380000000000,97106.92199545
1768948440000000000,97106.92199545
1768948500000000000,97106.92199545
1768948560000000000,97106.92199545
1768948620000000000,97106.92199545
1768948680000000000,97106.92199545
1768948740000000000,97106.92199545
1768948800000000000,97106.92199545
1768948860000000000,97106.92199545
1768948920000000000,97106.92199545
1768948980000000000,97106.92199545
1768949040000000000,97106.92199545
1768949100000000000,97106.92199545
1768949160000000000,97106.92199545
1768949220000000000,97106.92199545
1768949280000000000,97106.92199545
1768949340000000000,97106.92199545
1768949400000000000,97106.92199545
1768949460000000000,97106.92199545
1768949520000000000,97106.92199545
1768949580000000000,97106.92199545
1768949640000000000,97106.92199545
1768949700000000000,97106.92199545
1768949760000000000,97106.92199545
1768949820000000000,97106.92199545
1768949880000000000,97106.92199545
1768949940000000000,97106.92199545
1768950000000000000,97106.92199545
1768950060000000000,97106.92199545
1768950120000000000,97106.92199545
1768950180000000000,97106.92199545
1768950240000000000,97106.92199545
1768950300000000000,97106.92199545
1768950360000000000,97106.92199545
1768950420000000000,97106.92199545
1768950480000000000,97106.92199545
1768950540000000000,97106.92199545
1768950600000000000,97106.92199545
1768950660000000000,97106.92199545
1768950720000000000,97106.92199545
1768950780000000000,97106.92199545
1768950840000000000,97106.92199545
1768950900000000000,97106.92199545
1768950960000000000,97106.92199545
1768951020000000000,97106.92199545
1768951080000000000,97106.92199545
1768951140000000000,97106.92199545
1768951200000000000,97106.92199545
1768951260000000000,97106.92199545
1768951320000000000,97106.92199545
1768951380000000000,97106.92199545
1768951440000000000,97106.92199545
1768951500000000000,97106.92199545
1768951560000000000,97106.92199545
1768951620000000000,97106.92199545
1768951680000000000,97106.92199545
1768951740000000000,97106.92199545
1768951800000000000,97106.92199545
1768951860000000000,97106.92199545
1768951920000000000,97106.92199545
1768951980000000000,97106.92199545
1768952040000000000,97106.92199545
1768952100000000000,97106.92199545
1768952160000000000,97106.92199545
1768952220000000000,97106.92199545
1768952280000000000,97106.92199545
1768952340000000000,97106.92199545
1768952400000000000,97106.92199545
1768952460000000000,97106.92199545
1768952520000000000,97106.92199545
1768952580000000000,97106.92199545
1768952640000000000,97106.92199545
1768952700000000000,97106.92199545
1768952760000000000,97106.92199545
1768952820000000000,97106.92199545
1768952880000000000,97106.92199545
1768952940000000000,97106.92199545
1768953000000000000,97106.92199545
1768953060000000000,97106.92199545
1768953120000000000,97106.92199545
1768953180000000000,97106.92199545
1768953240000000000,97106.92199545
1768953300000000000,97106.92199545
1768953360000000000,97106.92199545
1768953420000000000,97106.92199545
1768953480000000000,97106.92199545
1768953540000000000,97106.92199545
1768953600000000000,97106.92199545
1768953660000000000,97106.92199545
1768953720000000000,97106.92199545
1768953780000000000,97106.92199545
1768953840000000000,97106.92199545
1768953900000000000,97106.92199545
1768953960000000000,97106.92199545
1768954020000000000,97106.92199545
1768954080000000000,97106.92199545
1768954140000000000,97106.92199545
1768954200000000000,97106.92199545
1768954260000000000,97106.92199545
1768954320000000000,97106.92199545
1768954380000000000,97106.92199545
1768954440000000000,97106.92199545
1768954500000000000,97106.92199545
1768954560000000000,97106.92199545
1768954620000000000,97106.92199545
1768954680000000000,97106.92199545
1768954740000000000,97106.92199545
1768954800000000000,97106.92199545
1768954860000000000,97106.92199545
1768954920000000000,97106.92199545
1768954980000000000,97106.92199545
1768955040000000000,97106.92199545
1768955100000000000,97106.92199545
1768955160000000000,97106.92199545
1768955220000000000,97106.92199545
1768955280000000000,97106.92199545
1768955340000000000,97106.92199545
1768955400000000000,97106.92199545
1768955460000000000,97106.92199545
1768955520000000000,97106.92199545
1768955580000000000,97106.92199545
1768955640000000000,97106.92199545
1768955700000000000,97106.92199545
1768955760000000000,97106.92199545
1768955820000000000,97106.92199545
1768955880000000000,97106.92199545
1768955940000000000,97106.92199545
1768956000000000000,97106.92199545
1768956060000000000,97106.92199545
1768956120000000000,97106.92199545
1768956180000000000,97106.92199545
1768956240000000000,97106.92199545
1768956300000000000,97106.92199545
1768956360000000000,97106.92199545
1768956420000000000,97106.92199545
1768956480000000000,97106.92199545
1768956540000000000,97106.92199545
1768956600000000000,97106.92199545
1768956660000000000,97106.92199545
1768956720000000000,97106.92199545
1768956780000000000,97106.92199545
1768956840000000000,97106.92199545
1768956900000000000,97106.92199545
1768956960000000000,97106.92199545
1768957020000000000,97106.92199545
1768957080000000000,97106.92199545
1768957140000000000,97106.92199545
1768957200000000000,97106.92199545
1768957260000000000,97106.92199545
1768957320000000000,97106.92199545
1768957380000000000,97106.92199545
1768957440000000000,97106.92199545
1768957500000000000,97106.92199545
1768957560000000000,97106.92199545
1768957620000000000,97106.92199545
1768957680000000000,97106.92199545
1768957740000000000,97106.92199545
1768957800000000000,97106.92199545
1768957860000000000,97106.92199545
1768957920000000000,97106.92199545
1768957980000000000,97106.92199545
1768958040000000000,97106.92199545
1768958100000000000,97106.92199545
1768958160000000000,97106.92199545
1768958220000000000,97106.92199545
1768958280000000000,97106.92199545
1768958340000000000,97106.92199545
1768958400000000000,97106.92199545
1768958460000000000,97106.92199545
1768958520000000000,97106.92199545
1768958580000000000,97106.92199545
1768958640000000000,97106.92199545
1768958700000000000,97106.92199545
1768958760000000000,97106.92199545
1768958820000000000,97106.92199545
1768958880000000000,97106.92199545
1768958940000000000,97106.92199545
1768959000000000000,97106.92199545
1768959060000000000,97106.92199545
1768959120000000000,97106.92199545
1768959180000000000,97106.92199545
1768959240000000000,97106.92199545
1768959300000000000,97106.92199545
1768959360000000000,97106.92199545
1768959420000000000,97106.92199545
1768959480000000000,97106.92199545
1768959540000000000,97106.92199545
1768959600000000000,97106.92199545
1768959660000000000,97106.92199545
1768959720000000000,97106.92199545
1768959780000000000,97106.92199545
1768959840000000000,97106.92199545
1768959900000000000,97106.92199545
1768959960000000000,97106.92199545
1768960020000000000,97106.92199545
1768960080000000000,97106.92199545
1768960140000000000,97106.92199545
1768960200000000000,97106.92199545
1768960260000000000,97106.92199545
1768960320000000000,97106.92199545
1768960380000000000,97106.92199545
1768960440000000000,97106.92199545
1768960500000000000,97106.92199545
1768960560000000000,97106.92199545
1768960620000000000,97106.92199545
1768960680000000000,97106.92199545
1768960740000000000,97106.92199545
1768960800000000000,97106.92199545
1768960860000000000,97106.92199545
1768960920000000000,97106.92199545
1768960980000000000,97106.92199545
1768961040000000000,97106.92199545
1768961100000000000,97106.92199545
1768961160000000000,97106.92199545
1768961220000000000,97106.92199545
1768961280000000000,97106.92199545
1768961340000000000,97106.92199545
1768961400000000000,97106.92199545
1768961460000000000,97106.92199545
1768961520000000000,97106.92199545
1768961580000000000,97106.92199545
1768961640000000000,97106.92199545
1768961700000000000,97106.92199545
1768961760000000000,97106.92199545
1768961820000000000,97106.92199545
1768961880000000000,97106.92199545
1768961940000000000,97106.92199545
1768962000000000000,97106.92199545
1768962060000000000,97106.92199545
1768962120000000000,97106.92199545
1768962180000000000,97106.92199545
1768962240000000000,97106.92199545
1768962300000000000,97106.92199545
1768962360000000000,97106.92199545
1768962420000000000,97106.92199545
1768962480000000000,97106.92199545
1768962540000000000,97106.92199545
1768962600000000000,97106.92199545
1768962660000000000,97106.92199545
1768962720000000000,97106.92199545
1768962780000000000,97106.92199545
1768962840000000000,97106.92199545
1768962900000000000,97106.92199545
1768962960000000000,97106.92199545
1768963020000000000,97106.92199545
1768963080000000000,97106.92199545
1768963140000000000,97106.92199545
1768963200000000000,97106.92199545
1768963260000000000,97106.92199545
1768963320000000000,97106.92199545
1768963380000000000,97106.92199545
1768963440000000000,97106.92199545
1768963500000000000,97106.92199545
1768963560000000000,97106.92199545
1768963620000000000,97106.92199545
1768963680000000000,97106.92199545
1768963740000000000,97106.92199545
1768963800000000000,97106.92199545
1768963860000000000,97106.92199545
1768963920000000000,97106.92199545
1768963980000000000,97106.92199545
1768964040000000000,97106.92199545
1768964100000000000,97106.92199545
1768964160000000000,97106.92199545
1768964220000000000,97106.92199545
1768964280000000000,97106.92199545
1768964340000000000,97106.92199545
1768964400000000000,97106.92199545
1768964460000000000,97106.92199545
1768964520000000000,97106.92199545
1768964580000000000,97106.92199545
1768964640000000000,97106.92199545
1768964700000000000,97106.92199545
1768964760000000000,97106.92199545
1768964820000000000,97106.92199545
1768964880000000000,97106.92199545
1768964940000000000,97106.92199545
1768965000000000000,97106.92199545
1768965060000000000,97106.92199545
1768965120000000000,97106.92199545
1768965180000000000,97106.92199545
1768965240000000000,97106.92199545
1768965300000000000,97106.92199545
1768965360000000000,97106.92199545
1768965420000000000,97106.92199545
1768965480000000000,97106.92199545
1768965540000000000,97106.92199545
1768965600000000000,97106.92199545
1768965660000000000,97106.92199545
1768965720000000000,97106.92199545
1768965780000000000,97106.92199545
1768965840000000000,97106.92199545
1768965900000000000,97106.92199545
1768965960000000000,97106.92199545
1768966020000000000,97106.92199545
1768966080000000000,97106.92199545
1768966140000000000,97106.92199545
1768966200000000000,97106.92199545
1768966260000000000,97106.92199545
1768966320000000000,97106.92199545
1768966380000000000,97106.92199545
1768966440000000000,97106.92199545
1768966500000000000,97106.92199545
1768966560000000000,97106.92199545
1768966620000000000,97106.92199545
1768966680000000000,97106.92199545
1768966740000000000,97106.92199545
1768966800000000000,97106.92199545
1768966860000000000,97106.92199545
1768966920000000000,97106.92199545
1768966980000000000,97106.92199545
1768967040000000000,97106.92199545
1768967100000000000,97106.92199545
1768967160000000000,97106.92199545
1768967220000000000,97106.92199545
1768967280000000000,97106.92199545
1768967340000000000,97106.92199545
1768967400000000000,97106.92199545
1768967460000000000,97106.92199545
1768967520000000000,97106.92199545
1768967580000000000,97106.92199545
1768967640000000000,97106.92199545
1768967700000000000,97106.92199545
1768967760000000000,97106.92199545
1768967820000000000,97106.92199545
1768967880000000000,97106.92199545
1768967940000000000,97106.92199545
1768968000000000000,97106.92199545
1768968060000000000,97106.92199545
1768968120000000000,97106.92199545
1768968180000000000,97106.92199545
1768968240000000000,97106.92199545
1768968300000000000,97106.92199545
1768968360000000000,97106.92199545
1768968420000000000,97106.92199545
1768968480000000000,97106.92199545
1768968540000000000,97106.92199545
1768968600000000000,97106.92199545
1768968660000000000,97106.92199545
1768968720000000000,97106.92199545
1768968780000000000,97106.92199545
1768968840000000000,97106.92199545
1768968900000000000,97106.92199545
1768968960000000000,97106.92199545
1768969020000000000,97106.92199545
1768969080000000000,97106.92199545
1768969140000000000,97106.92199545
1768969200000000000,97106.92199545
1768969260000000000,97106.92199545
1768969320000000000,97106.92199545
1768969380000000000,97106.92199545
1768969440000000000,97106.92199545
1768969500000000000,97106.92199545
1768969560000000000,97106.92199545
1768969620000000000,97106.92199545
1768969680000000000,97106.92199545
1768969740000000000,97106.92199545
1768969800000000000,97106.92199545
1768969860000000000,97106.92199545
1768969920000000000,97106.92199545
1768969980000000000,97106.92199545
1768970040000000000,97106.92199545
1768970100000000000,97106.92199545
1768970160000000000,97106.92199545
1768970220000000000,97106.92199545
1768970280000000000,97106.92199545
1768970340000000000,97106.92199545
1768970400000000000,97106.92199545
1768970460000000000,97106.92199545
1768970520000000000,97106.92199545
1768970580000000000,97106.92199545
1768970640000000000,97106.92199545
1768970700000000000,97106.92199545
1768970760000000000,97106.92199545
1768970820000000000,97106.92199545
1768970880000000000,97106.92199545
1768970940000000000,97106.92199545
1768971000000000000,97106.92199545
1768971060000000000,97106.92199545
1768971120000000000,97106.92199545
1768971180000000000,97106.92199545
1768971240000000000,97106.92199545
1768971300000000000,97106.92199545
1768971360000000000,97106.92199545
1768971420000000000,97106.92199545
1768971480000000000,97106.92199545
1768971540000000000,97106.92199545
1768971600000000000,97106.92199545
1768971660000000000,97106.92199545
1768971720000000000,97106.92199545
1768971780000000000,97106.92199545
1768971840000000000,97106.92199545
1768971900000000000,97106.92199545
1768971960000000000,97106.92199545
1768972020000000000,97106.92199545
1768972080000000000,97106.92199545
1768972140000000000,97106.92199545
1768972200000000000,97106.92199545
1768972260000000000,97106.92199545
1768972320000000000,97106.92199545
1768972380000000000,97106.92199545
1768972440000000000,97106.92199545
1768972500000000000,97106.92199545
1768972560000000000,97106.92199545
1768972620000000000,97106.92199545
1768972680000000000,97106.92199545
1768972740000000000,97106.92199545
1768972800000000000,97106.92199545
1768972860000000000,97106.92199545
1768972920000000000,97106.92199545
1768972980000000000,97106.92199545
1768973040000000000,97106.92199545
1768973100000000000,97106.92199545
1768973160000000000,97106.92199545
1768973220000000000,97106.92199545
1768973280000000000,97106.92199545
1768973340000000000,97106.92199545
1768973400000000000,97106.92199545
1768973460000000000,97106.92199545
1768973520000000000,97106.92199545
1768973580000000000,97106.92199545
1768973640000000000,97106.92199545
1768973700000000000,97106.92199545
1768973760000000000,97106.92199545
1768973820000000000,97106.92199545
1768973880000000000,97106.92199545
1768973940000000000,97106.92199545
1768974000000000000,97106.92199545
1768974060000000000,97106.92199545
1768974120000000000,97106.92199545
1768974180000000000,97106.92199545
1768974240000000000,97106.92199545
1768974300000000000,97106.92199545
1768974360000000000,97106.92199545
1768974420000000000,97106.92199545
1768974480000000000,97106.92199545
1768974540000000000,97106.92199545
1768974600000000000,97106.92199545
1768974660000000000,97106.92199545
1768974720000000000,97106.92199545
1768974780000000000,97106.92199545
1768974840000000000,97106.92199545
1768974900000000000,97106.92199545
1768974960000000000,97106.92199545
1768975020000000000,97106.92199545
1768975080000000000,97106.92199545
1768975140000000000,97106.92199545
1768975200000000000,97106.92199545
1768975260000000000,97106.92199545
1768975320000000000,97106.92199545
1768975380000000000,97106.92199545
1768975440000000000,97106.92199545
1768975500000000000,97106.92199545
1768975560000000000,97106.92199545
1768975620000000000,97106.92199545
1768975680000000000,97106.92199545
1768975740000000000,97106.92199545
1768975800000000000,97106.92199545
1768975860000000000,97106.92199545
1768975920000000000,97106.92199545
1768975980000000000,97106.92199545
1768976040000000000,97106.92199545
1768976100000000000,97106.92199545
1768976160000000000,97106.92199545
1768976220000000000,97106.92199545
1768976280000000000,97106.92199545
1768976340000000000,97106.92199545
1768976400000000000,97106.92199545
1768976460000000000,97106.92199545
1768976520000000000,97106.92199545
1768976580000000000,97106.92199545
1768976640000000000,97106.92199545
1768976700000000000,97106.92199545
1768976760000000000,97106.92199545
1768976820000000000,97106.92199545
1768976880000000000,97106.92199545
1768976940000000000,97106.92199545
1768977000000000000,97106.92199545
1768977060000000000,97106.92199545
1768977120000000000,97106.92199545
1768977180000000000,97106.92199545
1768977240000000000,97106.92199545
1768977300000000000,97106.92199545
1768977360000000000,97106.92199545
1768977420000000000,97106.92199545
1768977480000000000,97106.92199545
1768977540000000000,97106.92199545
1768977600000000000,97106.92199545
1768977660000000000,97106.92199545
1768977720000000000,97106.92199545
1768977780000000000,97106.92199545
1768977840000000000,97106.92199545
1768977900000000000,97106.92199545
1768977960000000000,97106.92199545
1768978020000000000,97106.92199545
1768978080000000000,97106.92199545
1768978140000000000,97106.92199545
1768978200000000000,97106.92199545
1768978260000000000,97106.92199545
1768978320000000000,97106.92199545
1768978380000000000,97106.92199545
1768978440000000000,97106.92199545
1768978500000000000,97106.92199545
1768978560000000000,97106.92199545
1768978620000000000,97106.92199545
1768978680000000000,97106.92199545
1768978740000000000,97106.92199545
1768978800000000000,97106.92199545
1768978860000000000,97106.92199545
1768978920000000000,97106.92199545
1768978980000000000,97106.92199545
1768979040000000000,97106.92199545
1768979100000000000,97106.92199545
1768979160000000000,97106.92199545
1768979220000000000,97106.92199545
1768979280000000000,97106.92199545
1768979340000000000,97106.92199545
1768979400000000000,97106.92199545
1768979460000000000,97106.92199545
1768979520000000000,97106.92199545
1768979580000000000,97106.92199545
1768979640000000000,97106.92199545
1768979700000000000,97106.92199545
1768979760000000000,97106.92199545
1768979820000000000,97106.92199545
1768979880000000000,97106.92199545
1768979940000000000,97106.92199545
1768980000000000000,97106.92199545
1768980060000000000,97106.92199545
1768980120000000000,97106.92199545
1768980180000000000,97106.92199545
1768980240000000000,97106.92199545
1768980300000000000,97106.92199545
1768980360000000000,97106.92199545
1768980420000000000,97106.92199545
1768980480000000000,97106.92199545
1768980540000000000,97106.92199545
1768980600000000000,97106.92199545
1768980660000000000,97106.92199545
1768980720000000000,97106.92199545
1768980780000000000,97106.92199545
1768980840000000000,97106.92199545
1768980900000000000,97106.92199545
1768980960000000000,97106.92199545
1768981020000000000,97106.92199545
1768981080000000000,97106.92199545
1768981140000000000,97106.92199545
1768981200000000000,97106.92199545
1768981260000000000,97106.92199545
1768981320000000000,97106.92199545
1768981380000000000,97106.92199545
1768981440000000000,97106.92199545
1768981500000000000,97106.92199545
1768981560000000000,97106.92199545
1768981620000000000,97106.92199545
1768981680000000000,97106.92199545
1768981740000000000,97106.92199545
1768981800000000000,97106.92199545
1768981860000000000,97106.92199545
1768981920000000000,97106.92199545
1768981980000000000,97106.92199545
1768982040000000000,97106.92199545
1768982100000000000,97106.92199545
1768982160000000000,97106.92199545
1768982220000000000,97106.92199545
1768982280000000000,97106.92199545
1768982340000000000,97106.92199545
1768982400000000000,97106.92199545
1768982460000000000,97106.92199545
1768982520000000000,97106.92199545
1768982580000000000,97106.92199545
1768982640000000000,97106.92199545
1768982700000000000,97106.92199545
1768982760000000000,97106.92199545
1768982820000000000,97106.92199545
1768982880000000000,97106.92199545
1768982940000000000,97106.92199545
1768983000000000000,97106.92199545
1768983060000000000,97106.92199545
1768983120000000000,97106.92199545
1768983180000000000,97106.92199545
1768983240000000000,97106.92199545
1768983300000000000,97106.92199545
1768983360000000000,97106.92199545
1768983420000000000,97106.92199545
1768983480000000000,97106.92199545
1768983540000000000,97106.92199545
1768983600000000000,97106.92199545
1768983660000000000,97106.92199545
1768983720000000000,97106.92199545
1768983780000000000,97106.92199545
1768983840000000000,97106.92199545
1768983900000000000,97106.92199545
1768983960000000000,97106.92199545
1768984020000000000,97106.92199545
1768984080000000000,97106.92199545
1768984140000000000,97106.92199545
1768984200000000000,97106.92199545
1768984260000000000,97106.92199545
1768984320000000000,97106.92199545
1768984380000000000,97106.92199545
1768984440000000000,97106.92199545
1768984500000000000,97106.92199545
1768984560000000000,97106.92199545
1768984620000000000,97106.92199545
1768984680000000000,97106.92199545
1768984740000000000,97106.92199545
1768984800000000000,97106.92199545
1768984860000000000,97106.92199545
1768984920000000000,97106.92199545
1768984980000000000,97106.92199545
1768985040000000000,97106.92199545
1768985100000000000,97106.92199545
1768985160000000000,97106.92199545
1768985220000000000,97106.92199545
1768985280000000000,97106.92199545
1768985340000000000,97106.92199545
1768985400000000000,97106.92199545
1768985460000000000,97106.92199545
1768985520000000000,97106.92199545
1768985580000000000,97106.92199545
1768985640000000000,97106.92199545
1768985700000000000,97106.92199545
1768985760000000000,97106.92199545
1768985820000000000,97106.92199545
1768985880000000000,97106.92199545
1768985940000000000,97106.92199545
1768986000000000000,97106.92199545
1768986060000000000,97106.92199545
1768986120000000000,97106.92199545
1768986180000000000,97106.92199545
1768986240000000000,97106.92199545
1768986300000000000,97106.92199545
1768986360000000000,97106.92199545
1768986420000000000,97106.92199545
1768986480000000000,97106.92199545
1768986540000000000,97106.92199545
1768986600000000000,97106.92199545
1768986660000000000,97106.92199545
1768986720000000000,97106.92199545
1768986780000000000,97106.92199545
1768986840000000000,97106.92199545
1768986900000000000,97106.92199545
1768986960000000000,97106.92199545
1768987020000000000,97106.92199545
1768987080000000000,97106.92199545
1768987140000000000,97106.92199545
1768987200000000000,97106.92199545
1768987260000000000,97106.92199545
1768987320000000000,97106.92199545
1768987380000000000,97106.92199545
1768987440000000000,97106.92199545
1768987500000000000,97106.92199545
1768987560000000000,97106.92199545
1768987620000000000,97106.92199545
1768987680000000000,97106.92199545
1768987740000000000,97106.92199545
1768987800000000000,97106.92199545
1768987860000000000,97106.92199545
1768987920000000000,97106.92199545
1768987980000000000,97106.92199545
1768988040000000000,97106.92199545
1768988100000000000,97106.92199545
1768988160000000000,97106.92199545
1768988220000000000,97106.92199545
1768988280000000000,97106.92199545
1768988340000000000,97106.92199545
1768988400000000000,97106.92199545
1768988460000000000,97106.92199545
1768988520000000000,97106.92199545
1768988580000000000,97106.92199545
1768988640000000000,97106.92199545
1768988700000000000,97106.92199545
1768988760000000000,97106.92199545
1768988820000000000,97106.92199545
1768988880000000000,97106.92199545
1768988940000000000,97106.92199545
1768989000000000000,97106.92199545
1768989060000000000,97106.92199545
1768989120000000000,97106.92199545
1768989180000000000,97106.92199545
1768989240000000000,97106.92199545
1768989300000000000,97106.92199545
1768989360000000000,97106.92199545
1768989420000000000,97106.92199545
1768989480000000000,97106.92199545
1768989540000000000,97106.92199545
1768989600000000000,97106.92199545
1768989660000000000,97106.92199545
1768989720000000000,97106.92199545
1768989780000000000,97106.92199545
1768989840000000000,97106.92199545
1768989900000000000,97106.92199545
1768989960000000000,97106.92199545
1768990020000000000,97106.92199545
1768990080000000000,97106.92199545
1768990140000000000,97106.92199545
1768990200000000000,97106.92199545
1768990260000000000,97106.92199545
1768990320000000000,97106.92199545
1768990380000000000,97106.92199545
1768990440000000000,97106.92199545
1768990500000000000,97106.92199545
1768990560000000000,97106.92199545
1768990620000000000,97106.92199545
1768990680000000000,97106.92199545
1768990740000000000,97106.92199545
1768990800000000000,97106.92199545
1768990860000000000,97106.92199545
1768990920000000000,97106.92199545
1768990980000000000,97106.92199545
1768991040000000000,97106.92199545
1768991100000000000,97106.92199545
1768991160000000000,97106.92199545
1768991220000000000,97106.92199545
1768991280000000000,97106.92199545
1768991340000000000,97106.92199545
1768991400000000000,97106.92199545
1768991460000000000,97106.92199545
1768991520000000000,97106.92199545
1768991580000000000,97106.92199545
1768991640000000000,97106.92199545
1768991700000000000,97106.92199545
1768991760000000000,97106.92199545
1768991820000000000,97106.92199545
1768991880000000000,97106.92199545
1768991940000000000,97106.92199545
1768992000000000000,97106.92199545
1768992060000000000,97106.92199545
1768992120000000000,97106.92199545
1768992180000000000,97106.92199545
1768992240000000000,97106.92199545
1768992300000000000,97106.92199545
1768992360000000000,97106.92199545
1768992420000000000,97106.92199545
1768992480000000000,97106.92199545
1768992540000000000,97106.92199545
1768992600000000000,97106.92199545
1768992660000000000,97106.92199545
1768992720000000000,97106.92199545
1768992780000000000,97106.92199545
1768992840000000000,97106.92199545
1768992900000000000,97106.92199545
1768992960000000000,97106.92199545
1768993020000000000,97106.92199545
1768993080000000000,97106.92199545
1768993140000000000,97106.92199545
1768993200000000000,97106.92199545
1768993260000000000,97106.92199545
1768993320000000000,97106.92199545
1768993380000000000,97106.92199545
1768993440000000000,97106.92199545
1768993500000000000,97106.92199545
1768993560000000000,97106.92199545
1768993620000000000,97106.92199545
1768993680000000000,97106.92199545
1768993740000000000,97106.92199545
1768993800000000000,97106.92199545
1768993860000000000,97106.92199545
1768993920000000000,97106.92199545
1768993980000000000,97106.92199545
1768994040000000000,97106.92199545
1768994100000000000,97106.92199545
1768994160000000000,97106.92199545
1768994220000000000,97106.92199545
1768994280000000000,97106.92199545
1768994340000000000,97106.92199545
1768994400000000000,97106.92199545
1768994460000000000,97106.92199545
1768994520000000000,97106.92199545
1768994580000000000,97106.92199545
1768994640000000000,97106.92199545
1768994700000000000,97106.92199545
1768994760000000000,97106.92199545
1768994820000000000,97106.92199545
1768994880000000000,97106.92199545
1768994940000000000,97106.92199545
1768995000000000000,97106.92199545
1768995060000000000,97106.92199545
1768995120000000000,97106.92199545
1768995180000000000,97106.92199545
1768995240000000000,97106.92199545
1768995300000000000,97106.92199545
1768995360000000000,97106.92199545
1768995420000000000,97106.92199545
1768995480000000000,97106.92199545
1768995540000000000,97106.92199545
1768995600000000000,97106.92199545
1768995660000000000,97106.92199545
1768995720000000000,97106.92199545
1768995780000000000,97106.92199545
1768995840000000000,97106.92199545
1768995900000000000,97106.92199545
1768995960000000000,97106.92199545
1768996020000000000,97106.92199545
1768996080000000000,97106.92199545
1768996140000000000,97106.92199545
1768996200000000000,97106.92199545
1768996260000000000,97106.92199545
1768996320000000000,97106.92199545
1768996380000000000,97106.92199545
1768996440000000000,97106.92199545
1768996500000000000,97106.92199545
1768996560000000000,97106.92199545
1768996620000000000,97106.92199545
1768996680000000000,97106.92199545
1768996740000000000,97106.92199545
1768996800000000000,97106.92199545
1768996860000000000,97106.92199545
1768996920000000000,97106.92199545
1768996980000000000,97106.92199545
1768997040000000000,97106.92199545
1768997100000000000,97106.92199545
1768997160000000000,97106.92199545
1768997220000000000,97106.92199545
1768997280000000000,97106.92199545
1768997340000000000,97106.92199545
1768997400000000000,97106.92199545
1768997460000000000,97106.92199545
1768997520000000000,97106.92199545
1768997580000000000,97106.92199545
1768997640000000000,97106.92199545
1768997700000000000,97106.92199545
1768997760000000000,97106.92199545
1768997820000000000,97106.92199545
1768997880000000000,97106.92199545
1768997940000000000,97106.92199545
1768998000000000000,97106.92199545
1768998060000000000,97106.92199545
1768998120000000000,97106.92199545
1768998180000000000,97106.92199545
1768998240000000000,97106.92199545
1768998300000000000,97106.92199545
1768998360000000000,97106.92199545
1768998420000000000,97106.92199545
1768998480000000000,97106.92199545
1768998540000000000,97106.92199545
1768998600000000000,97106.92199545
1768998660000000000,97106.92199545
1768998720000000000,97106.92199545
1768998780000000000,97106.92199545
1768998840000000000,97106.92199545
1768998900000000000,97106.92199545
1768998960000000000,97106.92199545
1768999020000000000,97106.92199545
1768999080000000000,97106.92199545
1768999140000000000,97106.92199545
1768999200000000000,97106.92199545
1768999260000000000,97106.92199545
1768999320000000000,97106.92199545
1768999380000000000,97106.92199545
1768999440000000000,97106.92199545
1768999500000000000,97106.92199545
1768999560000000000,97106.92199545
1768999620000000000,97106.92199545
1768999680000000000,97106.92199545
1768999740000000000,97106.92199545
1768999800000000000,97106.92199545
1768999860000000000,97106.92199545
1768999920000000000,97106.92199545
1768999980000000000,97106.92199545
1769000040000000000,97106.92199545
1769000100000000000,97106.92199545
1769000160000000000,97106.92199545
1769000220000000000,97106.92199545
1769000280000000000,97106.92199545
1769000340000000000,97106.92199545
1769000400000000000,97106.92199545
1769000460000000000,97106.92199545
1769000520000000000,97106.92199545
1769000580000000000,97106.92199545
1769000640000000000,97106.92199545
1769000700000000000,97106.92199545
1769000760000000000,97106.92199545
1769000820000000000,97106.92199545
1769000880000000000,97106.92199545
1769000940000000000,97106.92199545
1769001000000000000,97106.92199545
1769001060000000000,97106.92199545
1769001120000000000,97106.92199545
1769001180000000000,97106.92199545
1769001240000000000,97106.92199545
1769001300000000000,97106.92199545
1769001360000000000,97106.92199545
1769001420000000000,97106.92199545
1769001480000000000,97106.92199545
1769001540000000000,97106.92199545
1769001600000000000,97106.92199545
1769001660000000000,97106.92199545
1769001720000000000,97106.92199545
1769001780000000000,97106.92199545
1769001840000000000,97106.92199545
1769001900000000000,97106.92199545
1769001960000000000,97106.92199545
1769002020000000000,97106.92199545
1769002080000000000,97106.92199545
1769002140000000000,97106.92199545
1769002200000000000,97106.92199545
1769002260000000000,97106.92199545
1769002320000000000,97106.92199545
1769002380000000000,97106.92199545
1769002440000000000,97106.92199545
1769002500000000000,97106.92199545
1769002560000000000,97106.92199545
1769002620000000000,97106.92199545
1769002680000000000,97106.92199545
1769002740000000000,97106.92199545
1769002800000000000,97106.92199545
1769002860000000000,97106.92199545
1769002920000000000,97106.92199545
1769002980000000000,97106.92199545
1769003040000000000,97106.92199545
1769003100000000000,97106.92199545
1769003160000000000,97106.92199545
1769003220000000000,97106.92199545
1769003280000000000,97106.92199545
1769003340000000000,97106.92199545
1769003400000000000,97106.92199545
1769003460000000000,97106.92199545
1769003520000000000,97106.92199545
1769003580000000000,97106.92199545
1769003640000000000,97106.92199545
1769003700000000000,97106.92199545
1769003760000000000,97106.92199545
1769003820000000000,97106.92199545
1769003880000000000,97106.92199545
1769003940000000000,97106.92199545
1769004000000000000,97106.92199545
1769004060000000000,97106.92199545
1769004120000000000,97106.92199545
1769004180000000000,97106.92199545
1769004240000000000,97106.92199545
1769004300000000000,97106.92199545
1769004360000000000,97106.92199545
1769004420000000000,97106.92199545
1769004480000000000,97106.92199545
1769004540000000000,97106.92199545
1769004600000000000,97106.92199545
1769004660000000000,97106.92199545
1769004720000000000,97106.92199545
1769004780000000000,97106.92199545
1769004840000000000,97106.92199545
1769004900000000000,97106.92199545
1769004960000000000,97106.92199545
1769005020000000000,97106.92199545
1769005080000000000,97106.92199545
1769005140000000000,97106.92199545
1769005200000000000,97106.92199545
1769005260000000000,97106.92199545
1769005320000000000,97106.92199545
1769005380000000000,97106.92199545
1769005440000000000,97106.92199545
1769005500000000000,97106.92199545
1769005560000000000,97106.92199545
1769005620000000000,97106.92199545
1769005680000000000,97106.92199545
1769005740000000000,97106.92199545
1769005800000000000,97106.92199545
1769005860000000000,97106.92199545
1769005920000000000,97106.92199545
1769005980000000000,97106.92199545
1769006040000000000,97106.92199545
1769006100000000000,97106.92199545
1769006160000000000,97106.92199545
1769006220000000000,97106.92199545
1769006280000000000,97106.92199545
1769006340000000000,97106.92199545
1769006400000000000,97106.92199545
1769006460000000000,97106.92199545
1769006520000000000,97106.92199545
1769006580000000000,97106.92199545
1769006640000000000,97106.92199545
1769006700000000000,97106.92199545
1769006760000000000,97106.92199545
1769006820000000000,97106.92199545
1769006880000000000,97106.92199545
1769006940000000000,97106.92199545
1769007000000000000,97106.92199545
1769007060000000000,97106.92199545
1769007120000000000,97106.92199545
1769007180000000000,97106.92199545
1769007240000000000,97106.92199545
1769007300000000000,97106.92199545
1769007360000000000,97106.92199545
1769007420000000000,97106.92199545
1769007480000000000,97106.92199545
1769007540000000000,97106.92199545
1769007600000000000,97106.92199545
1769007660000000000,97106.92199545
1769007720000000000,97106.92199545
1769007780000000000,97106.92199545
1769007840000000000,97106.92199545
1769007900000000000,97106.92199545
1769007960000000000,97106.92199545
1769008020000000000,97106.92199545
1769008080000000000,97106.92199545
1769008140000000000,97106.92199545
1769008200000000000,97106.92199545
1769008260000000000,97106.92199545
1769008320000000000,97106.92199545
1769008380000000000,97106.92199545
1769008440000000000,97106.92199545
1769008500000000000,97106.92199545
1769008560000000000,97106.92199545
1769008620000000000,97106.92199545
1769008680000000000,97106.92199545
1769008740000000000,97106.92199545
1769008800000000000,97106.92199545
1769008860000000000,97106.92199545
1769008920000000000,97106.92199545
1769008980000000000,97106.92199545
1769009040000000000,97106.92199545
1769009100000000000,97106.92199545
1769009160000000000,97106.92199545
1769009220000000000,97106.92199545
1769009280000000000,97106.92199545
1769009340000000000,97106.92199545
1769009400000000000,97106.92199545
1769009460000000000,97106.92199545
1769009520000000000,97106.92199545
1769009580000000000,97106.92199545
1769009640000000000,97106.92199545
1769009700000000000,97106.92199545
1769009760000000000,97106.92199545
1769009820000000000,97106.92199545
1769009880000000000,97106.92199545
1769009940000000000,97106.92199545
1769010000000000000,97106.92199545
1769010060000000000,97106.92199545
1769010120000000000,97106.92199545
1769010180000000000,97106.92199545
1769010240000000000,97106.92199545
1769010300000000000,97106.92199545
1769010360000000000,97106.92199545
1769010420000000000,97106.92199545
1769010480000000000,97106.92199545
1769010540000000000,97106.92199545
1769010600000000000,97106.92199545
1769010660000000000,97106.92199545
1769010720000000000,97106.92199545
1769010780000000000,97106.92199545
1769010840000000000,97106.92199545
1769010900000000000,97106.92199545
1769010960000000000,97106.92199545
1769011020000000000,97106.92199545
1769011080000000000,97106.92199545
1769011140000000000,97106.92199545
1769011200000000000,97106.92199545
1769011260000000000,97106.92199545
1769011320000000000,97106.92199545
1769011380000000000,97106.92199545
1769011440000000000,97106.92199545
1769011500000000000,97106.92199545
1769011560000000000,97106.92199545
1769011620000000000,97106.92199545
1769011680000000000,97106.92199545
1769011740000000000,97106.92199545
1769011800000000000,97106.92199545
1769011860000000000,97106.92199545
1769011920000000000,97106.92199545
1769011980000000000,97106.92199545
1769012040000000000,97106.92199545
1769012100000000000,97106.92199545
1769012160000000000,97106.92199545
1769012220000000000,97106.92199545
1769012280000000000,97106.92199545
1769012340000000000,97106.92199545
1769012400000000000,97106.92199545
1769012460000000000,97106.92199545
1769012520000000000,97106.92199545
1769012580000000000,97106.92199545
1769012640000000000,97106.92199545
1769012700000000000,97106.92199545
1769012760000000000,97106.92199545
1769012820000000000,97106.92199545
1769012880000000000,97106.92199545
1769012940000000000,97106.92199545
1769013000000000000,97106.92199545
1769013060000000000,97106.92199545
1769013120000000000,97106.92199545
1769013180000000000,97106.92199545
1769013240000000000,97106.92199545
1769013300000000000,97106.92199545
1769013360000000000,97106.92199545
1769013420000000000,97106.92199545
1769013480000000000,97106.92199545
1769013540000000000,97106.92199545
1769013600000000000,97106.92199545
1769013660000000000,97106.92199545
1769013720000000000,97106.92199545
1769013780000000000,97106.92199545
1769013840000000000,97106.92199545
1769013900000000000,97106.92199545
1769013960000000000,97106.92199545
1769014020000000000,97106.92199545
1769014080000000000,97106.92199545
1769014140000000000,97106.92199545
1769014200000000000,97106.92199545
1769014260000000000,97106.92199545
1769014320000000000,97106.92199545
1769014380000000000,97106.92199545
1769014440000000000,97106.92199545
1769014500000000000,97106.92199545
1769014560000000000,97106.92199545
1769014620000000000,97106.92199545
1769014680000000000,97106.92199545
1769014740000000000,97106.92199545
1769014800000000000,97106.92199545
1769014860000000000,97106.92199545
1769014920000000000,97106.92199545
1769014980000000000,97106.92199545
1769015040000000000,97106.92199545
1769015100000000000,97106.92199545
1769015160000000000,97106.92199545
1769015220000000000,97106.92199545
1769015280000000000,97106.92199545
1769015340000000000,97106.92199545
1769015400000000000,97106.92199545
1769015460000000000,97106.92199545
1769015520000000000,97106.92199545
1769015580000000000,97106.92199545
1769015640000000000,97106.92199545
1769015700000000000,97106.92199545
1769015760000000000,97106.92199545
1769015820000000000,97106.92199545
1769015880000000000,97106.92199545
1769015940000000000,97106.92199545
1769016000000000000,97106.92199545
1769016060000000000,97106.92199545
1769016120000000000,97106.92199545
1769016180000000000,97106.92199545
1769016240000000000,97106.92199545
1769016300000000000,97106.92199545
1769016360000000000,97106.92199545
1769016420000000000,97106.92199545
1769016480000000000,97106.92199545
1769016540000000000,97106.92199545
1769016600000000000,97106.92199545
1769016660000000000,97106.92199545
1769016720000000000,97106.92199545
1769016780000000000,97106.92199545
1769016840000000000,97106.92199545
1769016900000000000,97106.92199545
1769016960000000000,97106.92199545
1769017020000000000,97106.92199545
1769017080000000000,97106.92199545
1769017140000000000,97106.92199545
1769017200000000000,97106.92199545
1769017260000000000,97106.92199545
1769017320000000000,97106.92199545
1769017380000000000,97106.92199545
1769017440000000000,97106.92199545
1769017500000000000,97106.92199545
1769017560000000000,97106.92199545
1769017620000000000,97106.92199545
1769017680000000000,97106.92199545
1769017740000000000,97106.92199545
1769017800000000000,97106.92199545
1769017860000000000,97106.92199545
1769017920000000000,97106.92199545
1769017980000000000,97106.92199545
1769018040000000000,97106.92199545
1769018100000000000,97106.92199545
1769018160000000000,97106.92199545
1769018220000000000,97106.92199545
1769018280000000000,97106.92199545
1769018340000000000,97106.92199545
1769018400000000000,97106.92199545
1769018460000000000,97106.92199545
1769018520000000000,97106.92199545
1769018580000000000,97106.92199545
1769018640000000000,97106.92199545
1769018700000000000,97106.92199545
1769018760000000000,97106.92199545
1769018820000000000,97106.92199545
1769018880000000000,97106.92199545
1769018940000000000,97106.92199545
1769019000000000000,97106.92199545
1769019060000000000,97106.92199545
1769019120000000000,97106.92199545
1769019180000000000,97106.92199545
1769019240000000000,97106.92199545
1769019300000000000,97106.92199545
1769019360000000000,97106.92199545
1769019420000000000,97106.92199545
1769019480000000000,97106.92199545
1769019540000000000,97106.92199545
1769019600000000000,97106.92199545
1769019660000000000,97106.92199545
1769019720000000000,97106.92199545
1769019780000000000,97106.92199545
1769019840000000000,97106.92199545
1769019900000000000,97106.92199545
1769019960000000000,97106.92199545
1769020020000000000,97106.92199545
1769020080000000000,97106.92199545
1769020140000000000,97106.92199545
1769020200000000000,97106.92199545
1769020260000000000,97106.92199545
1769020320000000000,97106.92199545
1769020380000000000,97106.92199545
1769020440000000000,97106.92199545
1769020500000000000,97106.92199545
1769020560000000000,97106.92199545
1769020620000000000,97106.92199545
1769020680000000000,97106.92199545
1769020740000000000,97106.92199545
1769020800000000000,97106.92199545
1769020860000000000,97106.92199545
1769020920000000000,97106.92199545
1769020980000000000,97106.92199545
1769021040000000000,97106.92199545
1769021100000000000,97106.92199545
1769021160000000000,97106.92199545
1769021220000000000,97106.92199545
1769021280000000000,97106.92199545
1769021340000000000,97106.92199545
1769021400000000000,97106.92199545
1769021460000000000,97106.92199545
1769021520000000000,97106.92199545
1769021580000000000,97106.92199545
1769021640000000000,97106.92199545
1769021700000000000,97106.92199545
1769021760000000000,97106.92199545
1769021820000000000,97106.92199545
1769021880000000000,97106.92199545
1769021940000000000,97106.92199545
1769022000000000000,97106.92199545
1769022060000000000,97106.92199545
1769022120000000000,97106.92199545
1769022180000000000,97106.92199545
1769022240000000000,97106.92199545
1769022300000000000,97106.92199545
1769022360000000000,97106.92199545
1769022420000000000,97106.92199545
1769022480000000000,97106.92199545
1769022540000000000,97106.92199545
1769022600000000000,97106.92199545
1769022660000000000,97106.92199545
1769022720000000000,97106.92199545
1769022780000000000,97106.92199545
1769022840000000000,97106.92199545
1769022900000000000,97106.92199545
1769022960000000000,97106.92199545
1769023020000000000,97106.92199545
1769023080000000000,97106.92199545
1769023140000000000,97106.92199545
1769023200000000000,97106.92199545
1769023260000000000,97106.92199545
1769023320000000000,97106.92199545
1769023380000000000,97106.92199545
1769023440000000000,97106.92199545
1769023500000000000,97106.92199545
1769023560000000000,97106.92199545
1769023620000000000,97106.92199545
1769023680000000000,97106.92199545
1769023740000000000,97106.92199545
1769023800000000000,97106.92199545
1769023860000000000,97106.92199545
1769023920000000000,97106.92199545
1769023980000000000,97106.92199545
1769024040000000000,97106.92199545
1769024100000000000,97106.92199545
1769024160000000000,97106.92199545
1769024220000000000,97106.92199545
1769024280000000000,97106.92199545
1769024340000000000,97106.92199545
1769024400000000000,97106.92199545
1769024460000000000,97106.92199545
1769024520000000000,97106.92199545
1769024580000000000,97106.92199545
1769024640000000000,97106.92199545
1769024700000000000,97106.92199545
1769024760000000000,97106.92199545
1769024820000000000,97106.92199545
1769024880000000000,97106.92199545
1769024940000000000,97106.92199545
1769025000000000000,97106.92199545
1769025060000000000,97106.92199545
1769025120000000000,97106.92199545
1769025180000000000,97106.92199545
1769025240000000000,97106.92199545
1769025300000000000,97106.92199545
1769025360000000000,97106.92199545
1769025420000000000,97106.92199545
1769025480000000000,97106.92199545
1769025540000000000,97106.92199545
1769025600000000000,97106.92199545
1769025660000000000,97106.92199545
1769025720000000000,97106.92199545
1769025780000000000,97106.92199545
1769025840000000000,97106.92199545
1769025900000000000,97106.92199545
1769025960000000000,97106.92199545
1769026020000000000,97106.92199545
1769026080000000000,97106.92199545
1769026140000000000,97106.92199545
1769026200000000000,97106.92199545
1769026260000000000,97106.92199545
1769026320000000000,97106.92199545
1769026380000000000,97106.92199545
1769026440000000000,97106.92199545
1769026500000000000,97106.92199545
1769026560000000000,97106.92199545
1769026620000000000,97106.92199545
1769026680000000000,97106.92199545
1769026740000000000,97106.92199545
1769026800000000000,97106.92199545
1769026860000000000,97106.92199545
1769026920000000000,97106.92199545
1769026980000000000,97106.92199545
1769027040000000000,97106.92199545
1769027100000000000,97106.92199545
1769027160000000000,97106.92199545
1769027220000000000,97106.92199545
1769027280000000000,97106.92199545
1769027340000000000,97106.92199545
1769027400000000000,97106.92199545
1769027460000000000,97106.92199545
1769027520000000000,97106.92199545
1769027580000000000,97106.92199545
1769027640000000000,97106.92199545
1769027700000000000,97106.92199545
1769027760000000000,97106.92199545
1769027820000000000,97106.92199545
1769027880000000000,97106.92199545
1769027940000000000,97106.92199545
1769028000000000000,97106.92199545
1769028060000000000,97106.92199545
1769028120000000000,97106.92199545
1769028180000000000,97106.92199545
1769028240000000000,97106.92199545
1769028300000000000,97106.92199545
1769028360000000000,97106.92199545
1769028420000000000,97106.92199545
1769028480000000000,97106.92199545
1769028540000000000,97106.92199545
1769028600000000000,97106.92199545
1769028660000000000,97106.92199545
1769028720000000000,97106.92199545
1769028780000000000,97106.92199545
1769028840000000000,97106.92199545
1769028900000000000,97106.92199545
1769028960000000000,97106.92199545
1769029020000000000,97106.92199545
1769029080000000000,97106.92199545
1769029140000000000,97106.92199545
1769029200000000000,97106.92199545
1769029260000000000,97106.92199545
1769029320000000000,97106.92199545
1769029380000000000,97106.92199545
1769029440000000000,97106.92199545
1769029500000000000,97106.92199545
1769029560000000000,97106.92199545
1769029620000000000,97106.92199545
1769029680000000000,97106.92199545
1769029740000000000,97106.92199545
1769029800000000000,97106.92199545
1769029860000000000,97106.92199545
1769029920000000000,97106.92199545
1769029980000000000,97106.92199545
1769030040000000000,97106.92199545
1769030100000000000,97106.92199545
1769030160000000000,97106.92199545
1769030220000000000,97106.92199545
1769030280000000000,97106.92199545
1769030340000000000,97106.92199545
1769030400000000000,97106.92199545
1769030460000000000,97106.92199545
1769030520000000000,97106.92199545
1769030580000000000,97106.92199545
1769030640000000000,97106.92199545
1769030700000000000,97106.92199545
1769030760000000000,97106.92199545
1769030820000000000,97106.92199545
1769030880000000000,97106.92199545
1769030940000000000,97106.92199545
1769031000000000000,97106.92199545
1769031060000000000,97106.92199545
1769031120000000000,97106.92199545
1769031180000000000,97106.92199545
1769031240000000000,97106.92199545
1769031300000000000,97106.92199545
1769031360000000000,97106.92199545
1769031420000000000,97106.92199545
1769031480000000000,97106.92199545
1769031540000000000,97106.92199545
1769031600000000000,97106.92199545
1769031660000000000,97106.92199545
1769031720000000000,97106.92199545
1769031780000000000,97106.92199545
1769031840000000000,97106.92199545
1769031900000000000,97106.92199545
1769031960000000000,97106.92199545
1769032020000000000,97106.92199545
1769032080000000000,97106.92199545
1769032140000000000,97106.92199545
1769032200000000000,97106.92199545
1769032260000000000,97106.92199545
1769032320000000000,97106.92199545
1769032380000000000,97106.92199545
1769032440000000000,97106.92199545
1769032500000000000,97106.92199545
1769032560000000000,97106.92199545
1769032620000000000,97106.92199545
1769032680000000000,97106.92199545
1769032740000000000,97106.92199545
1769032800000000000,97106.92199545
1769032860000000000,97106.92199545
1769032920000000000,97106.92199545
1769032980000000000,97106.92199545
1769033040000000000,97106.92199545
1769033100000000000,97106.92199545
1769033160000000000,97106.92199545
1769033220000000000,97106.92199545
1769033280000000000,97106.92199545
1769033340000000000,97106.92199545
1769033400000000000,97106.92199545
1769033460000000000,97106.92199545
1769033520000000000,97106.92199545
1769033580000000000,97106.92199545
1769033640000000000,97106.92199545
1769033700000000000,97106.92199545
1769033760000000000,97106.92199545
1769033820000000000,97106.92199545
1769033880000000000,97106.92199545
1769033940000000000,97106.92199545
1769034000000000000,97106.92199545
1769034060000000000,97106.92199545
1769034120000000000,97106.92199545
1769034180000000000,97106.92199545
1769034240000000000,97106.92199545
1769034300000000000,97106.92199545
1769034360000000000,97106.92199545
1769034420000000000,97106.92199545
1769034480000000000,97106.92199545
1769034540000000000,97106.92199545
1769034600000000000,97106.92199545
1769034660000000000,97106.92199545
1769034720000000000,97106.92199545
1769034780000000000,97106.92199545
1769034840000000000,97106.92199545
1769034900000000000,97106.92199545
1769034960000000000,97106.92199545
1769035020000000000,97106.92199545
1769035080000000000,97106.92199545
1769035140000000000,97106.92199545
1769035200000000000,97106.92199545
1769035260000000000,97106.92199545
1769035320000000000,97106.92199545
1769035380000000000,97106.92199545
1769035440000000000,97106.92199545
1769035500000000000,97106.92199545
1769035560000000000,97106.92199545
1769035620000000000,97106.92199545
1769035680000000000,97106.92199545
1769035740000000000,97106.92199545
1769035800000000000,97106.92199545
1769035860000000000,97106.92199545
1769035920000000000,97106.92199545
1769035980000000000,97106.92199545
1769036040000000000,97106.92199545
1769036100000000000,97106.92199545
1769036160000000000,97106.92199545
1769036220000000000,97106.92199545
1769036280000000000,97106.92199545
1769036340000000000,97106.92199545
1769036400000000000,97106.92199545
1769036460000000000,97106.92199545
1769036520000000000,97106.92199545
1769036580000000000,97106.92199545
1769036640000000000,97106.92199545
1769036700000000000,97106.92199545
1769036760000000000,97106.92199545
1769036820000000000,97106.92199545
1769036880000000000,97106.92199545
1769036940000000000,97106.92199545
1769037000000000000,97106.92199545
1769037060000000000,97106.92199545
1769037120000000000,97106.92199545
1769037180000000000,97106.92199545
1769037240000000000,97106.92199545
1769037300000000000,97106.92199545
1769037360000000000,97106.92199545
1769037420000000000,97106.92199545
1769037480000000000,97106.92199545
1769037540000000000,97106.92199545
1769037600000000000,97106.92199545
1769037660000000000,97106.92199545
1769037720000000000,97106.92199545
1769037780000000000,97106.92199545
1769037840000000000,97106.92199545
1769037900000000000,97106.92199545
1769037960000000000,97106.92199545
1769038020000000000,97106.92199545
1769038080000000000,97106.92199545
1769038140000000000,97106.92199545
1769038200000000000,97106.92199545
1769038260000000000,97106.92199545
1769038320000000000,97106.92199545
1769038380000000000,97106.92199545
1769038440000000000,97106.92199545
1769038500000000000,97106.92199545
1769038560000000000,97106.92199545
1769038620000000000,97106.92199545
1769038680000000000,97106.92199545
1769038740000000000,97106.92199545
1769038800000000000,97106.92199545
1769038860000000000,97106.92199545
1769038920000000000,97106.92199545
1769038980000000000,97106.92199545
1769039040000000000,97106.92199545
1769039100000000000,97106.92199545
1769039160000000000,97106.92199545
1769039220000000000,97106.92199545
1769039280000000000,97106.92199545
1769039340000000000,97106.92199545
1769039400000000000,97106.92199545
1769039460000000000,97106.92199545
1769039520000000000,97106.92199545
1769039580000000000,97106.92199545
1769039640000000000,97106.92199545
1769039700000000000,97106.92199545
1769039760000000000,97106.92199545
1769039820000000000,97106.92199545
1769039880000000000,97106.92199545
1769039940000000000,97106.92199545
1769040000000000000,97106.92199545
1769040060000000000,97106.92199545
1769040120000000000,97106.92199545
1769040180000000000,97106.92199545
1769040240000000000,97106.92199545
1769040300000000000,97106.92199545
1769040360000000000,97106.92199545
1769040420000000000,97106.92199545
1769040480000000000,97106.92199545
1769040540000000000,97106.92199545
1769040600000000000,97106.92199545
1769040660000000000,97106.92199545
1769040720000000000,97106.92199545
1769040780000000000,97106.92199545
1769040840000000000,97106.92199545
1769040900000000000,97106.92199545
1769040960000000000,97106.92199545
1769041020000000000,97106.92199545
1769041080000000000,97106.92199545
1769041140000000000,97106.92199545
1769041200000000000,97106.92199545
1769041260000000000,97106.92199545
1769041320000000000,97106.92199545
1769041380000000000,97106.92199545
1769041440000000000,97106.92199545
1769041500000000000,97106.92199545
1769041560000000000,97106.92199545
1769041620000000000,97106.92199545
1769041680000000000,97106.92199545
1769041740000000000,97106.92199545
1769041800000000000,97106.92199545
1769041860000000000,97106.92199545
1769041920000000000,97106.92199545
1769041980000000000,97106.92199545
1769042040000000000,97106.92199545
1769042100000000000,97106.92199545
1769042160000000000,97106.92199545
1769042220000000000,97106.92199545
1769042280000000000,97106.92199545
1769042340000000000,97106.92199545
1769042400000000000,97106.92199545
1769042460000000000,97106.92199545
1769042520000000000,97106.92199545
1769042580000000000,97106.92199545
1769042640000000000,97106.92199545
1769042700000000000,97106.92199545
1769042760000000000,97106.92199545
1769042820000000000,97106.92199545
1769042880000000000,97106.92199545
1769042940000000000,97106.92199545
1769043000000000000,97106.92199545
1769043060000000000,97106.92199545
1769043120000000000,97106.92199545
1769043180000000000,97106.92199545
1769043240000000000,97106.92199545
1769043300000000000,97106.92199545
1769043360000000000,97106.92199545
1769043420000000000,97106.92199545
1769043480000000000,97106.92199545
1769043540000000000,97106.92199545
1769043600000000000,97106.92199545
1769043660000000000,97106.92199545
1769043720000000000,97106.92199545
1769043780000000000,97106.92199545
1769043840000000000,97106.92199545
1769043900000000000,97106.92199545
1769043960000000000,97106.92199545
1769044020000000000,97106.92199545
1769044080000000000,97106.92199545
1769044140000000000,97106.92199545
1769044200000000000,97106.92199545
1769044260000000000,97106.92199545
1769044320000000000,97106.92199545
1769044380000000000,97106.92199545
1769044440000000000,97106.92199545
1769044500000000000,97106.92199545
1769044560000000000,97106.92199545
1769044620000000000,97106.92199545
1769044680000000000,97106.92199545
1769044740000000000,97106.92199545
1769044800000000000,97106.92199545
1769044860000000000,97106.92199545
1769044920000000000,97106.92199545
1769044980000000000,97106.92199545
1769045040000000000,97106.92199545
1769045100000000000,97106.92199545
1769045160000000000,97106.92199545
1769045220000000000,97106.92199545
1769045280000000000,97106.92199545
1769045340000000000,97106.92199545
1769045400000000000,97106.92199545
1769045460000000000,97106.92199545
1769045520000000000,97106.92199545
1769045580000000000,97106.92199545
1769045640000000000,97106.92199545
1769045700000000000,97106.92199545
1769045760000000000,97106.92199545
1769045820000000000,97106.92199545
1769045880000000000,97106.92199545
1769045940000000000,97106.92199545
1769046000000000000,97106.92199545
1769046060000000000,97106.92199545
1769046120000000000,97106.92199545
1769046180000000000,97106.92199545
1769046240000000000,97106.92199545
1769046300000000000,97106.92199545
1769046360000000000,97106.92199545
1769046420000000000,97106.92199545
1769046480000000000,97106.92199545
1769046540000000000,97106.92199545
1769046600000000000,97106.92199545
1769046660000000000,97106.92199545
1769046720000000000,97106.92199545
1769046780000000000,97106.92199545
1769046840000000000,97106.92199545
1769046900000000000,97106.92199545
1769046960000000000,97106.92199545
1769047020000000000,97106.92199545
1769047080000000000,97106.92199545
1769047140000000000,97106.92199545
1769047200000000000,97106.92199545
1769047260000000000,97106.92199545
1769047320000000000,97106.92199545
1769047380000000000,97106.92199545
1769047440000000000,97106.92199545
1769047500000000000,97106.92199545
1769047560000000000,97106.92199545
1769047620000000000,97106.92199545
1769047680000000000,97106.92199545
1769047740000000000,97106.92199545
1769047800000000000,97106.92199545
1769047860000000000,97106.92199545
1769047920000000000,97106.92199545
1769047980000000000,97106.92199545
1769048040000000000,97106.92199545
1769048100000000000,97106.92199545
1769048160000000000,97106.92199545
1769048220000000000,97106.92199545
1769048280000000000,97106.92199545
1769048340000000000,97106.92199545
1769048400000000000,97106.92199545
1769048460000000000,97106.92199545
1769048520000000000,97106.92199545
1769048580000000000,97106.92199545
1769048640000000000,97106.92199545
1769048700000000000,97106.92199545
1769048760000000000,97106.92199545
1769048820000000000,97106.92199545
1769048880000000000,97106.92199545
1769048940000000000,97106.92199545
1769049000000000000,97106.92199545
1769049060000000000,97106.92199545
1769049120000000000,97106.92199545
1769049180000000000,97106.92199545
1769049240000000000,97106.92199545
1769049300000000000,97106.92199545
1769049360000000000,97106.92199545
1769049420000000000,97106.92199545
1769049480000000000,97106.92199545
1769049540000000000,97106.92199545
1769049600000000000,97106.92199545
1769049660000000000,97106.92199545
1769049720000000000,97106.92199545
1769049780000000000,97106.92199545
1769049840000000000,97106.92199545
1769049900000000000,97106.92199545
1769049960000000000,97106.92199545
1769050020000000000,97106.92199545
1769050080000000000,97106.92199545
1769050140000000000,97106.92199545
1769050200000000000,97106.92199545
1769050260000000000,97106.92199545
1769050320000000000,97106.92199545
1769050380000000000,97106.92199545
1769050440000000000,97106.92199545
1769050500000000000,97106.92199545
1769050560000000000,97106.92199545
1769050620000000000,97106.92199545
1769050680000000000,97106.92199545
1769050740000000000,97106.92199545
1769050800000000000,97106.92199545
1769050860000000000,97106.92199545
1769050920000000000,97106.92199545
1769050980000000000,97106.92199545
1769051040000000000,97106.92199545
1769051100000000000,97106.92199545
1769051160000000000,97106.92199545
1769051220000000000,97106.92199545
1769051280000000000,97106.92199545
1769051340000000000,97106.92199545
1769051400000000000,97106.92199545
1769051460000000000,97106.92199545
1769051520000000000,97106.92199545
1769051580000000000,97106.92199545
1769051640000000000,97106.92199545
1769051700000000000,97106.92199545
1769051760000000000,97106.92199545
1769051820000000000,97106.92199545
1769051880000000000,97106.92199545
1769051940000000000,97106.92199545
1769052000000000000,97106.92199545
1769052060000000000,97106.92199545
1769052120000000000,97106.92199545
1769052180000000000,97106.92199545
1769052240000000000,97106.92199545
1769052300000000000,97106.92199545
1769052360000000000,97106.92199545
1769052420000000000,97106.92199545
1769052480000000000,97106.92199545
1769052540000000000,97106.92199545
1769052600000000000,97106.92199545
1769052660000000000,97106.92199545
1769052720000000000,97106.92199545
1769052780000000000,97106.92199545
1769052840000000000,97106.92199545
1769052900000000000,97106.92199545
1769052960000000000,97106.92199545
1769053020000000000,97106.92199545
1769053080000000000,97106.92199545
1769053140000000000,97106.92199545
1769053200000000000,97106.92199545
1769053260000000000,97106.92199545
1769053320000000000,97106.92199545
1769053380000000000,97106.92199545
1769053440000000000,97106.92199545
1769053500000000000,97106.92199545
1769053560000000000,97106.92199545
1769053620000000000,97106.92199545
1769053680000000000,97106.92199545
1769053740000000000,97106.92199545
1769053800000000000,97106.92199545
1769053860000000000,97106.92199545
1769053920000000000,97106.92199545
1769053980000000000,97106.92199545
1769054040000000000,97106.92199545
1769054100000000000,97106.92199545
1769054160000000000,97106.92199545
1769054220000000000,97106.92199545
1769054280000000000,97106.92199545
1769054340000000000,97106.92199545
1769054400000000000,97106.92199545
1769054460000000000,97106.92199545
1769054520000000000,97106.92199545
1769054580000000000,97106.92199545
1769054640000000000,97106.92199545
1769054700000000000,97106.92199545
1769054760000000000,97106.92199545
1769054820000000000,97106.92199545
1769054880000000000,97106.92199545
1769054940000000000,97106.92199545
1769055000000000000,97106.92199545
1769055060000000000,97106.92199545
1769055120000000000,97106.92199545
1769055180000000000,97106.92199545
1769055240000000000,97106.92199545
1769055300000000000,97106.92199545
1769055360000000000,97106.92199545
1769055420000000000,97106.92199545
1769055480000000000,97106.92199545
1769055540000000000,97106.92199545
1769055600000000000,97106.92199545
1769055660000000000,97106.92199545
1769055720000000000,97106.92199545
1769055780000000000,97106.92199545
1769055840000000000,97106.92199545
1769055900000000000,97106.92199545
1769055960000000000,97106.92199545
1769056020000000000,97106.92199545
1769056080000000000,97106.92199545
1769056140000000000,97106.92199545
1769056200000000000,97106.92199545
1769056260000000000,97106.92199545
1769056320000000000,97106.92199545
1769056380000000000,97106.92199545
1769056440000000000,97106.92199545
1769056500000000000,97106.92199545
1769056560000000000,97106.92199545
1769056620000000000,97106.92199545
1769056680000000000,97106.92199545
1769056740000000000,97106.92199545
1769056800000000000,97106.92199545
1769056860000000000,97106.92199545
1769056920000000000,97106.92199545
1769056980000000000,97106.92199545
1769057040000000000,97106.92199545
1769057100000000000,97106.92199545
1769057160000000000,97106.92199545
1769057220000000000,97106.92199545
1769057280000000000,97106.92199545
1769057340000000000,97106.92199545
1769057400000000000,97106.92199545
1769057460000000000,97106.92199545
1769057520000000000,97106.92199545
1769057580000000000,97106.92199545
1769057640000000000,97106.92199545
1769057700000000000,97106.92199545
1769057760000000000,97106.92199545
1769057820000000000,97106.92199545
1769057880000000000,97106.92199545
1769057940000000000,97106.92199545
1769058000000000000,97106.92199545
1769058060000000000,97106.92199545
1769058120000000000,97106.92199545
1769058180000000000,97106.92199545
1769058240000000000,97106.92199545
1769058300000000000,97106.92199545
1769058360000000000,97106.92199545
1769058420000000000,97106.92199545
1769058480000000000,97106.92199545
1769058540000000000,97106.92199545
1769058600000000000,97106.92199545
1769058660000000000,97106.92199545
1769058720000000000,97106.92199545
1769058780000000000,97106.92199545
1769058840000000000,97106.92199545
1769058900000000000,97106.92199545
1769058960000000000,97106.92199545
1769059020000000000,97106.92199545
1769059080000000000,97106.92199545
1769059140000000000,97106.92199545
1769059200000000000,97106.92199545
1769059260000000000,97106.92199545
1769059320000000000,97106.92199545
1769059380000000000,97106.92199545
1769059440000000000,97106.92199545
1769059500000000000,97106.92199545
1769059560000000000,97106.92199545
1769059620000000000,97106.92199545
1769059680000000000,97106.92199545
1769059740000000000,97106.92199545
1769059800000000000,97106.92199545
1769059860000000000,97106.92199545
1769059920000000000,97106.92199545
1769059980000000000,97106.92199545
1769060040000000000,97106.92199545
1769060100000000000,97106.92199545
1769060160000000000,97106.92199545
1769060220000000000,97106.92199545
1769060280000000000,97106.92199545
1769060340000000000,97106.92199545
1769060400000000000,97106.92199545
1769060460000000000,97106.92199545
1769060520000000000,97106.92199545
1769060580000000000,97106.92199545
1769060640000000000,97106.92199545
1769060700000000000,97106.92199545
1769060760000000000,97106.92199545
1769060820000000000,97106.92199545
1769060880000000000,97106.92199545
1769060940000000000,97106.92199545
1769061000000000000,97106.92199545
1769061060000000000,97106.92199545
1769061120000000000,97106.92199545
1769061180000000000,97106.92199545
1769061240000000000,97106.92199545
1769061300000000000,97106.92199545
1769061360000000000,97106.92199545
1769061420000000000,97106.92199545
1769061480000000000,97106.92199545
1769061540000000000,97106.92199545
1769061600000000000,97106.92199545
1769061660000000000,97106.92199545
1769061720000000000,97106.92199545
1769061780000000000,97106.92199545
1769061840000000000,97106.92199545
1769061900000000000,97106.92199545
1769061960000000000,97106.92199545
1769062020000000000,97106.92199545
1769062080000000000,97106.92199545
1769062140000000000,97106.92199545
1769062200000000000,97106.92199545
1769062260000000000,97106.92199545
1769062320000000000,97106.92199545
1769062380000000000,97106.92199545
1769062440000000000,97106.92199545
1769062500000000000,97106.92199545
1769062560000000000,97106.92199545
1769062620000000000,97106.92199545
1769062680000000000,97106.92199545
1769062740000000000,97106.92199545
1769062800000000000,97106.92199545
1769062860000000000,97106.92199545
1769062920000000000,97106.92199545
1769062980000000000,97106.92199545
1769063040000000000,97106.92199545
1769063100000000000,97106.92199545
1769063160000000000,97106.92199545
1769063220000000000,97106.92199545
1769063280000000000,97106.92199545
1769063340000000000,97106.92199545
1769063400000000000,97106.92199545
1769063460000000000,97106.92199545
1769063520000000000,97106.92199545
1769063580000000000,97106.92199545
1769063640000000000,97106.92199545
1769063700000000000,97106.92199545
1769063760000000000,97106.92199545
1769063820000000000,97106.92199545
1769063880000000000,97106.92199545
1769063940000000000,97106.92199545
1769064000000000000,97106.92199545
1769064060000000000,97106.92199545
1769064120000000000,97106.92199545
1769064180000000000,97106.92199545
1769064240000000000,97106.92199545
1769064300000000000,97106.92199545
1769064360000000000,97106.92199545
1769064420000000000,97106.92199545
1769064480000000000,97106.92199545
1769064540000000000,97106.92199545
1769064600000000000,97106.92199545
1769064660000000000,97106.92199545
1769064720000000000,97106.92199545
1769064780000000000,97106.92199545
1769064840000000000,97106.92199545
1769064900000000000,97106.92199545
1769064960000000000,97106.92199545
1769065020000000000,97106.92199545
1769065080000000000,97106.92199545
1769065140000000000,97106.92199545
1769065200000000000,97106.92199545
1769065260000000000,97106.92199545
1769065320000000000,97106.92199545
1769065380000000000,97106.92199545
1769065440000000000,97106.92199545
1769065500000000000,97106.92199545
1769065560000000000,97106.92199545
1769065620000000000,97106.92199545
1769065680000000000,97106.92199545
1769065740000000000,97106.92199545
1769065800000000000,97106.92199545
1769065860000000000,97106.92199545
1769065920000000000,97106.92199545
1769065980000000000,97106.92199545
1769066040000000000,97106.92199545
1769066100000000000,97106.92199545
1769066160000000000,97106.92199545
1769066220000000000,97106.92199545
1769066280000000000,97106.92199545
1769066340000000000,97106.92199545
1769066400000000000,97106.92199545
1769066460000000000,97106.92199545
1769066520000000000,97106.92199545
1769066580000000000,97106.92199545
1769066640000000000,97106.92199545
1769066700000000000,97106.92199545
1769066760000000000,97106.92199545
1769066820000000000,97106.92199545
1769066880000000000,97106.92199545
1769066940000000000,97106.92199545
1769067000000000000,97106.92199545
1769067060000000000,97106.92199545
1769067120000000000,97106.92199545
1769067180000000000,97106.92199545
1769067240000000000,97106.92199545
1769067300000000000,97106.92199545
1769067360000000000,97106.92199545
1769067420000000000,97106.92199545
1769067480000000000,97106.92199545
1769067540000000000,97106.92199545
1769067600000000000,97106.92199545
1769067660000000000,97106.92199545
1769067720000000000,97106.92199545
1769067780000000000,97106.92199545
1769067840000000000,97106.92199545
1769067900000000000,97106.92199545
1769067960000000000,97106.92199545
1769068020000000000,97106.92199545
1769068080000000000,97106.92199545
1769068140000000000,97106.92199545
1769068200000000000,97106.92199545
1769068260000000000,97106.92199545
1769068320000000000,97106.92199545
1769068380000000000,97106.92199545
1769068440000000000,97106.92199545
1769068500000000000,97106.92199545
1769068560000000000,97106.92199545
1769068620000000000,97106.92199545
1769068680000000000,97106.92199545
1769068740000000000,97106.92199545
1769068800000000000,97106.92199545
1769068860000000000,97106.92199545
1769068920000000000,97106.92199545
1769068980000000000,97106.92199545
1769069040000000000,97106.92199545
1769069100000000000,97106.92199545
1769069160000000000,97106.92199545
1769069220000000000,97106.92199545
1769069280000000000,97106.92199545
1769069340000000000,97106.92199545
1769069400000000000,97106.92199545
1769069460000000000,97106.92199545
1769069520000000000,97106.92199545
1769069580000000000,97106.92199545
1769069640000000000,97106.92199545
1769069700000000000,97106.92199545
1769069760000000000,97106.92199545
1769069820000000000,97106.92199545
1769069880000000000,97106.92199545
1769069940000000000,97106.92199545
1769070000000000000,97106.92199545
1769070060000000000,97106.92199545
1769070120000000000,97106.92199545
1769070180000000000,97106.92199545
1769070240000000000,97106.92199545
1769070300000000000,97106.92199545
1769070360000000000,97106.92199545
1769070420000000000,97106.92199545
1769070480000000000,97106.92199545
1769070540000000000,97106.92199545
1769070600000000000,97106.92199545
1769070660000000000,97106.92199545
1769070720000000000,97106.92199545
1769070780000000000,97106.92199545
1769070840000000000,97106.92199545
1769070900000000000,97106.92199545
1769070960000000000,97106.92199545
1769071020000000000,97106.92199545
1769071080000000000,97106.92199545
1769071140000000000,97106.92199545
1769071200000000000,97106.92199545
1769071260000000000,97106.92199545
1769071320000000000,97106.92199545
1769071380000000000,97106.92199545
1769071440000000000,97106.92199545
1769071500000000000,97106.92199545
1769071560000000000,97106.92199545
1769071620000000000,97106.92199545
1769071680000000000,97106.92199545
1769071740000000000,97106.92199545
1769071800000000000,97106.92199545
1769071860000000000,97106.92199545
1769071920000000000,97106.92199545
1769071980000000000,97106.92199545
1769072040000000000,97106.92199545
1769072100000000000,97106.92199545
1769072160000000000,97106.92199545
1769072220000000000,97106.92199545
1769072280000000000,97106.92199545
1769072340000000000,97106.92199545
1769072400000000000,97106.92199545
1769072460000000000,97106.92199545
1769072520000000000,97106.92199545
1769072580000000000,97106.92199545
1769072640000000000,97106.92199545
1769072700000000000,97106.92199545
1769072760000000000,97106.92199545
1769072820000000000,97106.92199545
1769072880000000000,97106.92199545
1769072940000000000,97106.92199545
1769073000000000000,97106.92199545
1769073060000000000,97106.92199545
1769073120000000000,97106.92199545
1769073180000000000,97106.92199545
1769073240000000000,97106.92199545
1769073300000000000,97106.92199545
1769073360000000000,97106.92199545
1769073420000000000,97106.92199545
1769073480000000000,97106.92199545
1769073540000000000,97106.92199545
1769073600000000000,97106.92199545
1769073660000000000,97106.92199545
1769073720000000000,97106.92199545
1769073780000000000,97106.92199545
1769073840000000000,97106.92199545
1769073900000000000,97106.92199545
1769073960000000000,97106.92199545
1769074020000000000,97106.92199545
1769074080000000000,97106.92199545
1769074140000000000,97106.92199545
1769074200000000000,97106.92199545
1769074260000000000,97106.92199545
1769074320000000000,97106.92199545
1769074380000000000,97106.92199545
1769074440000000000,97106.92199545
1769074500000000000,97106.92199545
1769074560000000000,97106.92199545
1769074620000000000,97106.92199545
1769074680000000000,97106.92199545
1769074740000000000,97106.92199545
1769074800000000000,97106.92199545
1769074860000000000,97106.92199545
1769074920000000000,97106.92199545
1769074980000000000,97106.92199545
1769075040000000000,97106.92199545
1769075100000000000,97106.92199545
1769075160000000000,97106.92199545
1769075220000000000,97106.92199545
1769075280000000000,97106.92199545
1769075340000000000,97106.92199545
1769075400000000000,97106.92199545
1769075460000000000,97106.92199545
1769075520000000000,97106.92199545
1769075580000000000,97106.92199545
1769075640000000000,97106.92199545
1769075700000000000,97106.92199545
1769075760000000000,97106.92199545
1769075820000000000,97106.92199545
1769075880000000000,97106.92199545
1769075940000000000,97106.92199545
1769076000000000000,97106.92199545
1769076060000000000,97106.92199545
1769076120000000000,97106.92199545
1769076180000000000,97106.92199545
1769076240000000000,97106.92199545
1769076300000000000,97106.92199545
1769076360000000000,97106.92199545
1769076420000000000,97106.92199545
1769076480000000000,97106.92199545
1769076540000000000,97106.92199545
1769076600000000000,97106.92199545
1769076660000000000,97106.92199545
1769076720000000000,97106.92199545
1769076780000000000,97106.92199545
1769076840000000000,97106.92199545
1769076900000000000,97106.92199545
1769076960000000000,97106.92199545
1769077020000000000,97106.92199545
1769077080000000000,97106.92199545
1769077140000000000,97106.92199545
1769077200000000000,97106.92199545
1769077260000000000,97106.92199545
1769077320000000000,97106.92199545
1769077380000000000,97106.92199545
1769077440000000000,97106.92199545
1769077500000000000,97106.92199545
1769077560000000000,97106.92199545
1769077620000000000,97106.92199545
1769077680000000000,97106.92199545
1769077740000000000,97106.92199545
1769077800000000000,97106.92199545
1769077860000000000,97106.92199545
1769077920000000000,97106.92199545
1769077980000000000,97106.92199545
1769078040000000000,97106.92199545
1769078100000000000,97106.92199545
1769078160000000000,97106.92199545
1769078220000000000,97106.92199545
1769078280000000000,97106.92199545
1769078340000000000,97106.92199545
1769078400000000000,97106.92199545
1769078460000000000,97106.92199545
1769078520000000000,97106.92199545
1769078580000000000,97106.92199545
1769078640000000000,97106.92199545
1769078700000000000,97106.92199545
1769078760000000000,97106.92199545
1769078820000000000,97106.92199545
1769078880000000000,97106.92199545
1769078940000000000,97106.92199545
1769079000000000000,97106.92199545
1769079060000000000,97106.92199545
1769079120000000000,97106.92199545
1769079180000000000,97106.92199545
1769079240000000000,97106.92199545
1769079300000000000,97106.92199545
1769079360000000000,97106.92199545
1769079420000000000,97106.92199545
1769079480000000000,97106.92199545
1769079540000000000,97106.92199545
1769079600000000000,97106.92199545
1769079660000000000,97106.92199545
1769079720000000000,97106.92199545
1769079780000000000,97106.92199545
1769079840000000000,97106.92199545
1769079900000000000,97106.92199545
1769079960000000000,97106.92199545
1769080020000000000,97106.92199545
1769080080000000000,97106.92199545
1769080140000000000,97106.92199545
1769080200000000000,97106.92199545
1769080260000000000,97106.92199545
1769080320000000000,97106.92199545
1769080380000000000,97106.92199545
1769080440000000000,97106.92199545
1769080500000000000,97106.92199545
1769080560000000000,97106.92199545
1769080620000000000,97106.92199545
1769080680000000000,97106.92199545
1769080740000000000,97106.92199545
1769080800000000000,97106.92199545
1769080860000000000,97106.92199545
1769080920000000000,97106.92199545
1769080980000000000,97106.92199545
1769081040000000000,97106.92199545
1769081100000000000,97106.92199545
1769081160000000000,97106.92199545
1769081220000000000,97106.92199545
1769081280000000000,97106.92199545
1769081340000000000,97106.92199545
1769081400000000000,97106.92199545
1769081460000000000,97106.92199545
1769081520000000000,97106.92199545
1769081580000000000,97106.92199545
1769081640000000000,97106.92199545
1769081700000000000,97106.92199545
1769081760000000000,97106.92199545
1769081820000000000,97106.92199545
1769081880000000000,97106.92199545
1769081940000000000,97106.92199545
1769082000000000000,97106.92199545
1769082060000000000,97106.92199545
1769082120000000000,97106.92199545
1769082180000000000,97106.92199545
1769082240000000000,97106.92199545
1769082300000000000,97106.92199545
1769082360000000000,97106.92199545
1769082420000000000,97106.92199545
1769082480000000000,97106.92199545
1769082540000000000,97106.92199545
1769082600000000000,97106.92199545
1769082660000000000,97106.92199545
1769082720000000000,97106.92199545
1769082780000000000,97106.92199545
1769082840000000000,97106.92199545
1769082900000000000,97106.92199545
1769082960000000000,97106.92199545
1769083020000000000,97106.92199545
1769083080000000000,97106.92199545
1769083140000000000,97106.92199545
1769083200000000000,97106.92199545
1769083260000000000,97106.92199545
1769083320000000000,97106.92199545
1769083380000000000,97106.92199545
1769083440000000000,97106.92199545
1769083500000000000,97106.92199545
1769083560000000000,97106.92199545
1769083620000000000,97106.92199545
1769083680000000000,97106.92199545
1769083740000000000,97106.92199545
1769083800000000000,97106.92199545
1769083860000000000,97106.92199545
1769083920000000000,97106.92199545
1769083980000000000,97106.92199545
1769084040000000000,97106.92199545
1769084100000000000,97106.92199545
1769084160000000000,97106.92199545
1769084220000000000,97106.92199545
1769084280000000000,97106.92199545
1769084340000000000,97106.92199545
1769084400000000000,97106.92199545
1769084460000000000,97106.92199545
1769084520000000000,97106.92199545
1769084580000000000,97106.92199545
1769084640000000000,97106.92199545
1769084700000000000,97106.92199545
1769084760000000000,97106.92199545
1769084820000000000,97106.92199545
1769084880000000000,97106.92199545
1769084940000000000,97106.92199545
1769085000000000000,97106.92199545
1769085060000000000,97106.92199545
1769085120000000000,97106.92199545
1769085180000000000,97106.92199545
1769085240000000000,97106.92199545
1769085300000000000,97106.92199545
1769085360000000000,97106.92199545
1769085420000000000,97106.92199545
1769085480000000000,97106.92199545
1769085540000000000,97106.92199545
1769085600000000000,97106.92199545
1769085660000000000,97106.92199545
1769085720000000000,97106.92199545
1769085780000000000,97106.92199545
1769085840000000000,97106.92199545
1769085900000000000,97106.92199545
1769085960000000000,97106.92199545
1769086020000000000,97106.92199545
1769086080000000000,97106.92199545
1769086140000000000,97106.92199545
1769086200000000000,97106.92199545
1769086260000000000,97106.92199545
1769086320000000000,97106.92199545
1769086380000000000,97106.92199545
1769086440000000000,97106.92199545
1769086500000000000,97106.92199545
1769086560000000000,97106.92199545
1769086620000000000,97106.92199545
1769086680000000000,97106.92199545
1769086740000000000,97106.92199545
1769086800000000000,97106.92199545
1769086860000000000,97106.92199545
1769086920000000000,97106.92199545
1769086980000000000,97106.92199545
1769087040000000000,97106.92199545
1769087100000000000,97106.92199545
1769087160000000000,97106.92199545
1769087220000000000,97106.92199545
1769087280000000000,97106.92199545
1769087340000000000,97106.92199545
1769087400000000000,97106.92199545
1769087460000000000,97106.92199545
1769087520000000000,97106.92199545
1769087580000000000,97106.92199545
1769087640000000000,97106.92199545
1769087700000000000,97106.92199545
1769087760000000000,97106.92199545
1769087820000000000,97106.92199545
1769087880000000000,97106.92199545
1769087940000000000,97106.92199545
1769088000000000000,97106.92199545
1769088060000000000,97106.92199545
1769088120000000000,97106.92199545
1769088180000000000,97106.92199545
1769088240000000000,97106.92199545
1769088300000000000,97106.92199545
1769088360000000000,97106.92199545
1769088420000000000,97106.92199545
1769088480000000000,97106.92199545
1769088540000000000,97106.92199545
1769088600000000000,97106.92199545
1769088660000000000,97106.92199545
1769088720000000000,97106.92199545
1769088780000000000,97106.92199545
1769088840000000000,97106.92199545
1769088900000000000,97106.92199545
1769088960000000000,97106.92199545
1769089020000000000,97106.92199545
1769089080000000000,97106.92199545
1769089140000000000,97106.92199545
1769089200000000000,97106.92199545
1769089260000000000,97106.92199545
1769089320000000000,97106.92199545
1769089380000000000,97106.92199545
1769089440000000000,97106.92199545
1769089500000000000,97106.92199545
1769089560000000000,97106.92199545
1769089620000000000,97106.92199545
1769089680000000000,97106.92199545
1769089740000000000,97106.92199545
1769089800000000000,97106.92199545
1769089860000000000,97106.92199545
1769089920000000000,97106.92199545
1769089980000000000,97106.92199545
1769090040000000000,97106.92199545
1769090100000000000,97106.92199545
1769090160000000000,97106.92199545
1769090220000000000,97106.92199545
1769090280000000000,97106.92199545
1769090340000000000,97106.92199545
1769090400000000000,97106.92199545
1769090460000000000,97106.92199545
1769090520000000000,97106.92199545
1769090580000000000,97106.92199545
1769090640000000000,97106.92199545
1769090700000000000,97106.92199545
1769090760000000000,97106.92199545
1769090820000000000,97106.92199545
1769090880000000000,97106.92199545
1769090940000000000,97106.92199545
1769091000000000000,97106.92199545
1769091060000000000,97106.92199545
1769091120000000000,97106.92199545
1769091180000000000,97106.92199545
1769091240000000000,97106.92199545
1769091300000000000,97106.92199545
1769091360000000000,97106.92199545
1769091420000000000,97106.92199545
1769091480000000000,97106.92199545
1769091540000000000,97106.92199545
1769091600000000000,97106.92199545
1769091660000000000,97106.92199545
1769091720000000000,97106.92199545
1769091780000000000,97106.92199545
1769091840000000000,97106.92199545
1769091900000000000,97106.92199545
1769091960000000000,97106.92199545
1769092020000000000,97106.92199545
1769092080000000000,97106.92199545
1769092140000000000,97106.92199545
1769092200000000000,97106.92199545
1769092260000000000,97106.92199545
1769092320000000000,97106.92199545
1769092380000000000,97106.92199545
1769092440000000000,97106.92199545
1769092500000000000,97106.92199545
1769092560000000000,97106.92199545
1769092620000000000,97106.92199545
1769092680000000000,97106.92199545
1769092740000000000,97106.92199545
1769092800000000000,97106.92199545
1769092860000000000,97106.92199545
1769092920000000000,97106.92199545
1769092980000000000,97106.92199545
1769093040000000000,97106.92199545
1769093100000000000,97106.92199545
1769093160000000000,97106.92199545
1769093220000000000,97106.92199545
1769093280000000000,97106.92199545
1769093340000000000,97106.92199545
1769093400000000000,97106.92199545
1769093460000000000,97106.92199545
1769093520000000000,97106.92199545
1769093580000000000,97106.92199545
1769093640000000000,97106.92199545
1769093700000000000,97106.92199545
1769093760000000000,97106.92199545
1769093820000000000,97106.92199545
1769093880000000000,97106.92199545
1769093940000000000,97106.92199545
1769094000000000000,97106.92199545
1769094060000000000,97106.92199545
1769094120000000000,97106.92199545
1769094180000000000,97106.92199545
1769094240000000000,97106.92199545
1769094300000000000,97106.92199545
1769094360000000000,97106.92199545
1769094420000000000,97106.92199545
1769094480000000000,97106.92199545
1769094540000000000,97106.92199545
1769094600000000000,97106.92199545
1769094660000000000,97106.92199545
1769094720000000000,97106.92199545
1769094780000000000,97106.92199545
1769094840000000000,97106.92199545
1769094900000000000,97106.92199545
1769094960000000000,97106.92199545
1769095020000000000,97106.92199545
1769095080000000000,97106.92199545
1769095140000000000,97106.92199545
1769095200000000000,97106.92199545
1769095260000000000,97106.92199545
1769095320000000000,97106.92199545
1769095380000000000,97106.92199545
1769095440000000000,97106.92199545
1769095500000000000,97106.92199545
1769095560000000000,97106.92199545
1769095620000000000,97106.92199545
1769095680000000000,97106.92199545
1769095740000000000,97106.92199545
1769095800000000000,97106.92199545
1769095860000000000,97106.92199545
1769095920000000000,97106.92199545
1769095980000000000,97106.92199545
1769096040000000000,97106.92199545
1769096100000000000,97106.92199545
1769096160000000000,97106.92199545
1769096220000000000,97106.92199545
1769096280000000000,97106.92199545
1769096340000000000,97106.92199545
1769096400000000000,97106.92199545
1769096460000000000,97106.92199545
1769096520000000000,97106.92199545
1769096580000000000,97106.92199545
1769096640000000000,97106.92199545
1769096700000000000,97106.92199545
1769096760000000000,97106.92199545
1769096820000000000,97106.92199545
1769096880000000000,97106.92199545
1769096940000000000,97106.92199545
1769097000000000000,97106.92199545
1769097060000000000,97106.92199545
1769097120000000000,97106.92199545
1769097180000000000,97106.92199545
1769097240000000000,97106.92199545
1769097300000000000,97106.92199545
1769097360000000000,97106.92199545
1769097420000000000,97106.92199545
1769097480000000000,97106.92199545
1769097540000000000,97106.92199545
1769097600000000000,97106.92199545
1769097660000000000,97106.92199545
1769097720000000000,97106.92199545
1769097780000000000,97106.92199545
1769097840000000000,97106.92199545
1769097900000000000,97106.92199545
1769097960000000000,97106.92199545
1769098020000000000,97106.92199545
1769098080000000000,97106.92199545
1769098140000000000,97106.92199545
1769098200000000000,97106.92199545
1769098260000000000,97106.92199545
1769098320000000000,97106.92199545
1769098380000000000,97106.92199545
1769098440000000000,97106.92199545
1769098500000000000,97106.92199545
1769098560000000000,97106.92199545
1769098620000000000,97106.92199545
1769098680000000000,97106.92199545
1769098740000000000,97106.92199545
1769098800000000000,97106.92199545
1769098860000000000,97106.92199545
1769098920000000000,97106.92199545
1769098980000000000,97106.92199545
1769099040000000000,97106.92199545
1769099100000000000,97106.92199545
1769099160000000000,97106.92199545
1769099220000000000,97106.92199545
1769099280000000000,97106.92199545
1769099340000000000,97106.92199545
1769099400000000000,97106.92199545
1769099460000000000,97106.92199545
1769099520000000000,97106.92199545
1769099580000000000,97106.92199545
1769099640000000000,97106.92199545
1769099700000000000,97106.92199545
1769099760000000000,97106.92199545
1769099820000000000,97106.92199545
1769099880000000000,97106.92199545
1769099940000000000,97106.92199545
1769100000000000000,97106.92199545
1769100060000000000,97106.92199545
1769100120000000000,97106.92199545
1769100180000000000,97106.92199545
1769100240000000000,97106.92199545
1769100300000000000,97106.92199545
1769100360000000000,97106.92199545
1769100420000000000,97106.92199545
1769100480000000000,97106.92199545
1769100540000000000,97106.92199545
1769100600000000000,97106.92199545
1769100660000000000,97106.92199545
1769100720000000000,97106.92199545
1769100780000000000,97106.92199545
1769100840000000000,97106.92199545
1769100900000000000,97106.92199545
1769100960000000000,97106.92199545
1769101020000000000,97106.92199545
1769101080000000000,97106.92199545
1769101140000000000,97106.92199545
1769101200000000000,97106.92199545
1769101260000000000,97106.92199545
1769101320000000000,97106.92199545
1769101380000000000,97106.92199545
1769101440000000000,97106.92199545
1769101500000000000,97106.92199545
1769101560000000000,97106.92199545
1769101620000000000,97106.92199545
1769101680000000000,97106.92199545
1769101740000000000,97106.92199545
1769101800000000000,97106.92199545
1769101860000000000,97106.92199545
1769101920000000000,97106.92199545
1769101980000000000,97106.92199545
1769102040000000000,97106.92199545
1769102100000000000,97106.92199545
1769102160000000000,97106.92199545
1769102220000000000,97106.92199545
1769102280000000000,97106.92199545
1769102340000000000,97106.92199545
1769102400000000000,97106.92199545
1769102460000000000,97106.92199545
1769102520000000000,97106.92199545
1769102580000000000,97106.92199545
1769102640000000000,97106.92199545
1769102700000000000,97106.92199545
1769102760000000000,97106.92199545
1769102820000000000,97106.92199545
1769102880000000000,97106.92199545
1769102940000000000,97106.92199545
1769103000000000000,97106.92199545
1769103060000000000,97106.92199545
1769103120000000000,97106.92199545
1769103180000000000,97106.92199545
1769103240000000000,97106.92199545
1769103300000000000,97106.92199545
1769103360000000000,97106.92199545
1769103420000000000,97106.92199545
1769103480000000000,97106.92199545
1769103540000000000,97106.92199545
1769103600000000000,97106.92199545
1769103660000000000,97106.92199545
1769103720000000000,97106.92199545
1769103780000000000,97106.92199545
1769103840000000000,97106.92199545
1769103900000000000,97106.92199545
1769103960000000000,97106.92199545
1769104020000000000,97106.92199545
1769104080000000000,97106.92199545
1769104140000000000,97106.92199545
1769104200000000000,97106.92199545
1769104260000000000,97106.92199545
1769104320000000000,97106.92199545
1769104380000000000,97106.92199545
1769104440000000000,97106.92199545
1769104500000000000,97106.92199545
1769104560000000000,97106.92199545
1769104620000000000,97106.92199545
1769104680000000000,97106.92199545
1769104740000000000,97106.92199545
1769104800000000000,97106.92199545
1769104860000000000,97106.92199545
1769104920000000000,97106.92199545
1769104980000000000,97106.92199545
1769105040000000000,97106.92199545
1769105100000000000,97106.92199545
1769105160000000000,97106.92199545
1769105220000000000,97106.92199545
1769105280000000000,97106.92199545
1769105340000000000,97106.92199545
1769105400000000000,97106.92199545
1769105460000000000,97106.92199545
1769105520000000000,97106.92199545
1769105580000000000,97106.92199545
1769105640000000000,97106.92199545
1769105700000000000,97106.92199545
1769105760000000000,97106.92199545
1769105820000000000,97106.92199545
1769105880000000000,97106.92199545
1769105940000000000,97106.92199545
1769106000000000000,97106.92199545
1769106060000000000,97106.92199545
1769106120000000000,97106.92199545
1769106180000000000,97106.92199545
1769106240000000000,97106.92199545
1769106300000000000,97106.92199545
1769106360000000000,97106.92199545
1769106420000000000,97106.92199545
1769106480000000000,97106.92199545
1769106540000000000,97106.92199545
1769106600000000000,97106.92199545
1769106660000000000,97106.92199545
1769106720000000000,97106.92199545
1769106780000000000,97106.92199545
1769106840000000000,97106.92199545
1769106900000000000,97106.92199545
1769106960000000000,97106.92199545
1769107020000000000,97106.92199545
1769107080000000000,97106.92199545
1769107140000000000,97106.92199545
1769107200000000000,97106.92199545
1769107260000000000,97106.92199545
1769107320000000000,97106.92199545
1769107380000000000,97106.92199545
1769107440000000000,97106.92199545
1769107500000000000,97106.92199545
1769107560000000000,97106.92199545
1769107620000000000,97106.92199545
1769107680000000000,97106.92199545
1769107740000000000,97106.92199545
1769107800000000000,97106.92199545
1769107860000000000,97106.92199545
1769107920000000000,97106.92199545
1769107980000000000,97106.92199545
1769108040000000000,97106.92199545
1769108100000000000,97106.92199545
1769108160000000000,97106.92199545
1769108220000000000,97106.92199545
1769108280000000000,97106.92199545
1769108340000000000,97106.92199545
1769108400000000000,97106.92199545
1769108460000000000,97106.92199545
1769108520000000000,97106.92199545
1769108580000000000,97106.92199545
1769108640000000000,97106.92199545
1769108700000000000,97106.92199545
1769108760000000000,97106.92199545
1769108820000000000,97106.92199545
1769108880000000000,97106.92199545
1769108940000000000,97106.92199545
1769109000000000000,97106.92199545
1769109060000000000,97106.92199545
1769109120000000000,97106.92199545
1769109180000000000,97106.92199545
1769109240000000000,97106.92199545
1769109300000000000,97106.92199545
1769109360000000000,97106.92199545
1769109420000000000,97106.92199545
1769109480000000000,97106.92199545
1769109540000000000,97106.92199545
1769109600000000000,97106.92199545
1769109660000000000,97106.92199545
1769109720000000000,97106.92199545
1769109780000000000,97106.92199545
1769109840000000000,97106.92199545
1769109900000000000,97106.92199545
1769109960000000000,97106.92199545
1769110020000000000,97106.92199545
1769110080000000000,97106.92199545
1769110140000000000,97106.92199545
1769110200000000000,97106.92199545
1769110260000000000,97106.92199545
1769110320000000000,97106.92199545
1769110380000000000,97106.92199545
1769110440000000000,97106.92199545
1769110500000000000,97106.92199545
1769110560000000000,97106.92199545
1769110620000000000,97106.92199545
1769110680000000000,97106.92199545
1769110740000000000,97106.92199545
1769110800000000000,97106.92199545
1769110860000000000,97106.92199545
1769110920000000000,97106.92199545
1769110980000000000,97106.92199545
1769111040000000000,97106.92199545
1769111100000000000,97106.92199545
1769111160000000000,97106.92199545
1769111220000000000,97106.92199545
1769111280000000000,97106.92199545
1769111340000000000,97106.92199545
1769111400000000000,97106.92199545
1769111460000000000,97106.92199545
1769111520000000000,97106.92199545
1769111580000000000,97106.92199545
1769111640000000000,97106.92199545
1769111700000000000,97106.92199545
1769111760000000000,97106.92199545
1769111820000000000,97106.92199545
1769111880000000000,97106.92199545
1769111940000000000,97106.92199545
1769112000000000000,97106.92199545
1769112060000000000,97106.92199545
1769112120000000000,97106.92199545
1769112180000000000,97106.92199545
1769112240000000000,97106.92199545
1769112300000000000,97106.92199545
1769112360000000000,97106.92199545
1769112420000000000,97106.92199545
1769112480000000000,97106.92199545
1769112540000000000,97106.92199545
1769112600000000000,97106.92199545
1769112660000000000,97106.92199545
1769112720000000000,97106.92199545
1769112780000000000,97106.92199545
1769112840000000000,97106.92199545
1769112900000000000,97106.92199545
1769112960000000000,97106.92199545
1769113020000000000,97106.92199545
1769113080000000000,97106.92199545
1769113140000000000,97106.92199545
1769113200000000000,97106.92199545
1769113260000000000,97106.92199545
1769113320000000000,97106.92199545
1769113380000000000,97106.92199545
1769113440000000000,97106.92199545
1769113500000000000,97106.92199545
1769113560000000000,97106.92199545
1769113620000000000,97106.92199545
1769113680000000000,97106.92199545
1769113740000000000,97106.92199545
1769113800000000000,97106.92199545
1769113860000000000,97106.92199545
1769113920000000000,97106.92199545
1769113980000000000,97106.92199545
1769114040000000000,97106.92199545
1769114100000000000,97106.92199545
1769114160000000000,97106.92199545
1769114220000000000,97106.92199545
1769114280000000000,97106.92199545
1769114340000000000,97106.92199545
1769114400000000000,97106.92199545
1769114460000000000,97106.92199545
1769114520000000000,97106.92199545
1769114580000000000,97106.92199545
1769114640000000000,97106.92199545
1769114700000000000,97106.92199545
1769114760000000000,97106.92199545
1769114820000000000,97106.92199545
1769114880000000000,97106.92199545
1769114940000000000,97106.92199545
1769115000000000000,97106.92199545
1769115060000000000,97106.92199545
1769115120000000000,97106.92199545
1769115180000000000,97106.92199545
1769115240000000000,97106.92199545
1769115300000000000,97106.92199545
1769115360000000000,97106.92199545
1769115420000000000,97106.92199545
1769115480000000000,97106.92199545
1769115540000000000,97106.92199545
1769115600000000000,97106.92199545
1769115660000000000,97106.92199545
1769115720000000000,97106.92199545
1769115780000000000,97106.92199545
1769115840000000000,97106.92199545
1769115900000000000,97106.92199545
1769115960000000000,97106.92199545
1769116020000000000,97106.92199545
1769116080000000000,97106.92199545
1769116140000000000,97106.92199545
1769116200000000000,97106.92199545
1769116260000000000,97106.92199545
1769116320000000000,97106.92199545
1769116380000000000,97106.92199545
1769116440000000000,97106.92199545
1769116500000000000,97106.92199545
1769116560000000000,97106.92199545
1769116620000000000,97106.92199545
1769116680000000000,97106.92199545
1769116740000000000,97106.92199545
1769116800000000000,97106.92199545
1769116860000000000,97106.92199545
1769116920000000000,97106.92199545
1769116980000000000,97106.92199545
1769117040000000000,97106.92199545
1769117100000000000,97106.92199545
1769117160000000000,97106.92199545
1769117220000000000,97106.92199545
1769117280000000000,97106.92199545
1769117340000000000,97106.92199545
1769117400000000000,97106.92199545
1769117460000000000,97106.92199545
1769117520000000000,97106.92199545
1769117580000000000,97106.92199545
1769117640000000000,97106.92199545
1769117700000000000,97106.92199545
1769117760000000000,97106.92199545
1769117820000000000,97106.92199545
1769117880000000000,97106.92199545
1769117940000000000,97106.92199545
1769118000000000000,97106.92199545
1769118060000000000,97106.92199545
1769118120000000000,97106.92199545
1769118180000000000,97106.92199545
1769118240000000000,97106.92199545
1769118300000000000,97106.92199545
1769118360000000000,97106.92199545
1769118420000000000,97106.92199545
1769118480000000000,97106.92199545
1769118540000000000,97106.92199545
1769118600000000000,97106.92199545
1769118660000000000,97106.92199545
1769118720000000000,97106.92199545
1769118780000000000,97106.92199545
1769118840000000000,97106.92199545
1769118900000000000,97106.92199545
1769118960000000000,97106.92199545
1769119020000000000,97106.92199545
1769119080000000000,97106.92199545
1769119140000000000,97106.92199545
1769119200000000000,97106.92199545
1769119260000000000,97106.92199545
1769119320000000000,97106.92199545
1769119380000000000,97106.92199545
1769119440000000000,97106.92199545
1769119500000000000,97106.92199545
1769119560000000000,97106.92199545
1769119620000000000,97106.92199545
1769119680000000000,97106.92199545
1769119740000000000,97106.92199545
1769119800000000000,97106.92199545
1769119860000000000,97106.92199545
1769119920000000000,97106.92199545
1769119980000000000,97106.92199545
1769120040000000000,97106.92199545
1769120100000000000,97106.92199545
1769120160000000000,97106.92199545
1769120220000000000,97106.92199545
1769120280000000000,97106.92199545
1769120340000000000,97106.92199545
1769120400000000000,97106.92199545
1769120460000000000,97106.92199545
1769120520000000000,97106.92199545
1769120580000000000,97106.92199545
1769120640000000000,97106.92199545
1769120700000000000,97106.92199545
1769120760000000000,97106.92199545
1769120820000000000,97106.92199545
1769120880000000000,97106.92199545
1769120940000000000,97106.92199545
1769121000000000000,97106.92199545
1769121060000000000,97106.92199545
1769121120000000000,97106.92199545
1769121180000000000,97106.92199545
1769121240000000000,97106.92199545
1769121300000000000,97106.92199545
1769121360000000000,97106.92199545
1769121420000000000,97106.92199545
1769121480000000000,97106.92199545
1769121540000000000,97106.92199545
1769121600000000000,97106.92199545
1769121660000000000,97106.92199545
1769121720000000000,97106.92199545
1769121780000000000,97106.92199545
1769121840000000000,97106.92199545
1769121900000000000,97106.92199545
1769121960000000000,97106.92199545
1769122020000000000,97106.92199545
1769122080000000000,97106.92199545
1769122140000000000,97106.92199545
1769122200000000000,97106.92199545
1769122260000000000,97106.92199545
1769122320000000000,97106.92199545
1769122380000000000,97106.92199545
1769122440000000000,97106.92199545
1769122500000000000,97106.92199545
1769122560000000000,97106.92199545
1769122620000000000,97106.92199545
1769122680000000000,97106.92199545
1769122740000000000,97106.92199545
1769122800000000000,97106.92199545
1769122860000000000,97106.92199545
1769122920000000000,97106.92199545
1769122980000000000,97106.92199545
1769123040000000000,97106.92199545
1769123100000000000,97106.92199545
1769123160000000000,97106.92199545
1769123220000000000,97106.92199545
1769123280000000000,97106.92199545
1769123340000000000,97106.92199545
1769123400000000000,97106.92199545
1769123460000000000,97106.92199545
1769123520000000000,97106.92199545
1769123580000000000,97106.92199545
1769123640000000000,97106.92199545
1769123700000000000,97106.92199545
1769123760000000000,97106.92199545
1769123820000000000,97106.92199545
1769123880000000000,97106.92199545
1769123940000000000,97106.92199545
1769124000000000000,97106.92199545
1769124060000000000,97106.92199545
1769124120000000000,97106.92199545
1769124180000000000,97106.92199545
1769124240000000000,97106.92199545
1769124300000000000,97106.92199545
1769124360000000000,97106.92199545
1769124420000000000,97106.92199545
1769124480000000000,97106.92199545
1769124540000000000,97106.92199545
1769124600000000000,97106.92199545
1769124660000000000,97106.92199545
1769124720000000000,97106.92199545
1769124780000000000,97106.92199545
1769124840000000000,97106.92199545
1769124900000000000,97106.92199545
1769124960000000000,97106.92199545
1769125020000000000,97106.92199545
1769125080000000000,97106.92199545
1769125140000000000,97106.92199545
1769125200000000000,97106.92199545
1769125260000000000,97106.92199545
1769125320000000000,97106.92199545
1769125380000000000,97106.92199545
1769125440000000000,97106.92199545
1769125500000000000,97106.92199545
1769125560000000000,97106.92199545
1769125620000000000,97106.92199545
1769125680000000000,97106.92199545
1769125740000000000,97106.92199545
1769125800000000000,97106.92199545
1769125860000000000,97106.92199545
1769125920000000000,97106.92199545
1769125980000000000,97106.92199545
1769126040000000000,97106.92199545
1769126100000000000,97106.92199545
1769126160000000000,97106.92199545
1769126220000000000,97106.92199545
1769126280000000000,97106.92199545
1769126340000000000,97106.92199545
1769126400000000000,97106.92199545
1769126460000000000,97106.92199545
1769126520000000000,97106.92199545
1769126580000000000,97106.92199545
1769126640000000000,97106.92199545
1769126700000000000,97106.92199545
1769126760000000000,97106.92199545
1769126820000000000,97106.92199545
1769126880000000000,97106.92199545
1769126940000000000,97106.92199545
1769127000000000000,97106.92199545
1769127060000000000,97106.92199545
1769127120000000000,97106.92199545
1769127180000000000,97106.92199545
1769127240000000000,97106.92199545
1769127300000000000,97106.92199545
1769127360000000000,97106.92199545
1769127420000000000,97106.92199545
1769127480000000000,97106.92199545
1769127540000000000,97106.92199545
1769127600000000000,97106.92199545
1769127660000000000,97106.92199545
1769127720000000000,97106.92199545
1769127780000000000,97106.92199545
1769127840000000000,97106.92199545
1769127900000000000,97106.92199545
1769127960000000000,97106.92199545
1769128020000000000,97106.92199545
1769128080000000000,97106.92199545
1769128140000000000,97106.92199545
1769128200000000000,97106.92199545
1769128260000000000,97106.92199545
1769128320000000000,97106.92199545
1769128380000000000,97106.92199545
1769128440000000000,97106.92199545
1769128500000000000,97106.92199545
1769128560000000000,97106.92199545
1769128620000000000,97106.92199545
1769128680000000000,97106.92199545
1769128740000000000,97106.92199545
1769128800000000000,97106.92199545
1769128860000000000,97106.92199545
1769128920000000000,97106.92199545
1769128980000000000,97106.92199545
1769129040000000000,97106.92199545
1769129100000000000,97106.92199545
1769129160000000000,97106.92199545
1769129220000000000,97106.92199545
1769129280000000000,97106.92199545
1769129340000000000,97106.92199545
1769129400000000000,97106.92199545
1769129460000000000,97106.92199545
1769129520000000000,97106.92199545
1769129580000000000,97106.92199545
1769129640000000000,97106.92199545
1769129700000000000,97106.92199545
1769129760000000000,97106.92199545
1769129820000000000,97106.92199545
1769129880000000000,97106.92199545
1769129940000000000,97106.92199545
1769130000000000000,97106.92199545
1769130060000000000,97106.92199545
1769130120000000000,97106.92199545
1769130180000000000,97106.92199545
1769130240000000000,97106.92199545
1769130300000000000,97106.92199545
1769130360000000000,97106.92199545
1769130420000000000,97106.92199545
1769130480000000000,97106.92199545
1769130540000000000,97106.92199545
1769130600000000000,97106.92199545
1769130660000000000,97106.92199545
1769130720000000000,97106.92199545
1769130780000000000,97106.92199545
1769130840000000000,97106.92199545
1769130900000000000,97106.92199545
1769130960000000000,97106.92199545
1769131020000000000,97106.92199545
1769131080000000000,97106.92199545
1769131140000000000,97106.92199545
1769131200000000000,97106.92199545
1769131260000000000,97106.92199545
1769131320000000000,97106.92199545
1769131380000000000,97106.92199545
1769131440000000000,97106.92199545
1769131500000000000,97106.92199545
1769131560000000000,97106.92199545
1769131620000000000,97106.92199545
1769131680000000000,97106.92199545
1769131740000000000,97106.92199545
1769131800000000000,97106.92199545
1769131860000000000,97106.92199545
1769131920000000000,97106.92199545
1769131980000000000,97106.92199545
1769132040000000000,97106.92199545
1769132100000000000,97106.92199545
1769132160000000000,97106.92199545
1769132220000000000,97106.92199545
1769132280000000000,97106.92199545
1769132340000000000,97106.92199545
1769132400000000000,97106.92199545
1769132460000000000,97106.92199545
1769132520000000000,97106.92199545
1769132580000000000,97106.92199545
1769132640000000000,97106.92199545
1769132700000000000,97106.92199545
1769132760000000000,97106.92199545
1769132820000000000,97106.92199545
1769132880000000000,97106.92199545
1769132940000000000,97106.92199545
1769133000000000000,97106.92199545
1769133060000000000,97106.92199545
1769133120000000000,97106.92199545
1769133180000000000,97106.92199545
1769133240000000000,97106.92199545
1769133300000000000,97106.92199545
1769133360000000000,97106.92199545
1769133420000000000,97106.92199545
1769133480000000000,97106.92199545
1769133540000000000,97106.92199545
1769133600000000000,97106.92199545
1769133660000000000,97106.92199545
1769133720000000000,97106.92199545
1769133780000000000,97106.92199545
1769133840000000000,97106.92199545
1769133900000000000,97106.92199545
1769133960000000000,97106.92199545
1769134020000000000,97106.92199545
1769134080000000000,97106.92199545
1769134140000000000,97106.92199545
1769134200000000000,97106.92199545
1769134260000000000,97106.92199545
1769134320000000000,97106.92199545
1769134380000000000,97106.92199545
1769134440000000000,97106.92199545
1769134500000000000,97106.92199545
1769134560000000000,97106.92199545
1769134620000000000,97106.92199545
1769134680000000000,97106.92199545
1769134740000000000,97106.92199545
1769134800000000000,97106.92199545
1769134860000000000,97106.92199545
1769134920000000000,97106.92199545
1769134980000000000,97106.92199545
1769135040000000000,97106.92199545
1769135100000000000,97106.92199545
1769135160000000000,97106.92199545
1769135220000000000,97106.92199545
1769135280000000000,97106.92199545
1769135340000000000,97106.92199545
1769135400000000000,97106.92199545
1769135460000000000,97106.92199545
1769135520000000000,97106.92199545
1769135580000000000,97106.92199545
1769135640000000000,97106.92199545
1769135700000000000,97106.92199545
1769135760000000000,97106.92199545
1769135820000000000,97106.92199545
1769135880000000000,97106.92199545
1769135940000000000,97106.92199545
1769136000000000000,97106.92199545
1769136060000000000,97106.92199545
1769136120000000000,97106.92199545
1769136180000000000,97106.92199545
1769136240000000000,97106.92199545
1769136300000000000,97106.92199545
1769136360000000000,97106.92199545
1769136420000000000,97106.92199545
1769136480000000000,97106.92199545
1769136540000000000,97106.92199545
1769136600000000000,97106.92199545
1769136660000000000,97106.92199545
1769136720000000000,97106.92199545
1769136780000000000,97106.92199545
1769136840000000000,97106.92199545
1769136900000000000,97106.92199545
1769136960000000000,97106.92199545
1769137020000000000,97106.92199545
1769137080000000000,97106.92199545
1769137140000000000,97106.92199545
1769137200000000000,97106.92199545
1769137260000000000,97106.92199545
1769137320000000000,97106.92199545
1769137380000000000,97106.92199545
1769137440000000000,97106.92199545
1769137500000000000,97106.92199545
1769137560000000000,97106.92199545
1769137620000000000,97106.92199545
1769137680000000000,97106.92199545
1769137740000000000,97106.92199545
1769137800000000000,97106.92199545
1769137860000000000,97106.92199545
1769137920000000000,97106.92199545
1769137980000000000,97106.92199545
1769138040000000000,97106.92199545
1769138100000000000,97106.92199545
1769138160000000000,97106.92199545
1769138220000000000,97106.92199545
1769138280000000000,97106.92199545
1769138340000000000,97106.92199545
1769138400000000000,97106.92199545
1769138460000000000,97106.92199545
1769138520000000000,97106.92199545
1769138580000000000,97106.92199545
1769138640000000000,97106.92199545
1769138700000000000,97106.92199545
1769138760000000000,97106.92199545
1769138820000000000,97106.92199545
1769138880000000000,97106.92199545
1769138940000000000,97106.92199545
1769139000000000000,97106.92199545
1769139060000000000,97106.92199545
1769139120000000000,97106.92199545
1769139180000000000,97106.92199545
1769139240000000000,97106.92199545
1769139300000000000,97106.92199545
1769139360000000000,97106.92199545
1769139420000000000,97106.92199545
1769139480000000000,97106.92199545
1769139540000000000,97106.92199545
1769139600000000000,97106.92199545
1769139660000000000,97106.92199545
1769139720000000000,97106.92199545
1769139780000000000,97106.92199545
1769139840000000000,97106.92199545
1769139900000000000,97106.92199545
1769139960000000000,97106.92199545
1769140020000000000,97106.92199545
1769140080000000000,97106.92199545
1769140140000000000,97106.92199545
1769140200000000000,97106.92199545
1769140260000000000,97106.92199545
1769140320000000000,97106.92199545
1769140380000000000,97106.92199545
1769140440000000000,97106.92199545
1769140500000000000,97106.92199545
1769140560000000000,97106.92199545
1769140620000000000,97106.92199545
1769140680000000000,97106.92199545
1769140740000000000,97106.92199545
1769140800000000000,97106.92199545
1769140860000000000,97106.92199545
1769140920000000000,97106.92199545
1769140980000000000,97106.92199545
1769141040000000000,97106.92199545
1769141100000000000,97106.92199545
1769141160000000000,97106.92199545
1769141220000000000,97106.92199545
1769141280000000000,97106.92199545
1769141340000000000,97106.92199545
1769141400000000000,97106.92199545
1769141460000000000,97106.92199545
1769141520000000000,97106.92199545
1769141580000000000,97106.92199545
1769141640000000000,97106.92199545
1769141700000000000,97106.92199545
1769141760000000000,97106.92199545
1769141820000000000,97106.92199545
1769141880000000000,97106.92199545
1769141940000000000,97106.92199545
1769142000000000000,97106.92199545
1769142060000000000,97106.92199545
1769142120000000000,97106.92199545
1769142180000000000,97106.92199545
1769142240000000000,97106.92199545
1769142300000000000,97106.92199545
1769142360000000000,97106.92199545
1769142420000000000,97106.92199545
1769142480000000000,97106.92199545
1769142540000000000,97106.92199545
1769142600000000000,97106.92199545
1769142660000000000,97106.92199545
1769142720000000000,97106.92199545
1769142780000000000,97106.92199545
1769142840000000000,97106.92199545
1769142900000000000,97106.92199545
1769142960000000000,97106.92199545
1769143020000000000,97106.92199545
1769143080000000000,97106.92199545
1769143140000000000,97106.92199545
1769143200000000000,97106.92199545
1769143260000000000,97106.92199545
1769143320000000000,97106.92199545
1769143380000000000,97106.92199545
1769143440000000000,97106.92199545
1769143500000000000,97106.92199545
1769143560000000000,97106.92199545
1769143620000000000,97106.92199545
1769143680000000000,97106.92199545
1769143740000000000,97106.92199545
1769143800000000000,97106.92199545
1769143860000000000,97106.92199545
1769143920000000000,97106.92199545
1769143980000000000,97106.92199545
1769144040000000000,97106.92199545
1769144100000000000,97106.92199545
1769144160000000000,97106.92199545
1769144220000000000,97106.92199545
1769144280000000000,97106.92199545
1769144340000000000,97106.92199545
1769144400000000000,97106.92199545
1769144460000000000,97106.92199545
1769144520000000000,97106.92199545
1769144580000000000,97106.92199545
1769144640000000000,97106.92199545
1769144700000000000,97106.92199545
1769144760000000000,97106.92199545
1769144820000000000,97106.92199545
1769144880000000000,97106.92199545
1769144940000000000,97106.92199545
1769145000000000000,97106.92199545
1769145060000000000,97106.92199545
1769145120000000000,97106.92199545
1769145180000000000,97106.92199545
1769145240000000000,97106.92199545
1769145300000000000,97106.92199545
1769145360000000000,97106.92199545
1769145420000000000,97106.92199545
1769145480000000000,97106.92199545
1769145540000000000,97106.92199545
1769145600000000000,97106.92199545
1769145660000000000,97106.92199545
1769145720000000000,97106.92199545
1769145780000000000,97106.92199545
1769145840000000000,97106.92199545
1769145900000000000,97106.92199545
1769145960000000000,97106.92199545
1769146020000000000,97106.92199545
1769146080000000000,97106.92199545
1769146140000000000,97106.92199545
1769146200000000000,97106.92199545
1769146260000000000,97106.92199545
1769146320000000000,97106.92199545
1769146380000000000,97106.92199545
1769146440000000000,97106.92199545
1769146500000000000,97106.92199545
1769146560000000000,97106.92199545
1769146620000000000,97106.92199545
1769146680000000000,97106.92199545
1769146740000000000,97106.92199545
1769146800000000000,97106.92199545
1769146860000000000,97106.92199545
1769146920000000000,97106.92199545
1769146980000000000,97106.92199545
1769147040000000000,97106.92199545
1769147100000000000,97106.92199545
1769147160000000000,97106.92199545
1769147220000000000,97106.92199545
1769147280000000000,97106.92199545
1769147340000000000,97106.92199545
1769147400000000000,97106.92199545
1769147460000000000,97106.92199545
1769147520000000000,97106.92199545
1769147580000000000,97106.92199545
1769147640000000000,97106.92199545
1769147700000000000,97106.92199545
1769147760000000000,97106.92199545
1769147820000000000,97106.92199545
1769147880000000000,97106.92199545
1769147940000000000,97106.92199545
1769148000000000000,97106.92199545
1769148060000000000,97106.92199545
1769148120000000000,97106.92199545
1769148180000000000,97106.92199545
1769148240000000000,97106.92199545
1769148300000000000,97106.92199545
1769148360000000000,97106.92199545
1769148420000000000,97106.92199545
1769148480000000000,97106.92199545
1769148540000000000,97106.92199545
1769148600000000000,97106.92199545
1769148660000000000,97106.92199545
1769148720000000000,97106.92199545
1769148780000000000,97106.92199545
1769148840000000000,97106.92199545
1769148900000000000,97106.92199545
1769148960000000000,97106.92199545
1769149020000000000,97106.92199545
1769149080000000000,97106.92199545
1769149140000000000,97106.92199545
1769149200000000000,97106.92199545
1769149260000000000,97106.92199545
1769149320000000000,97106.92199545
1769149380000000000,97106.92199545
1769149440000000000,97106.92199545
1769149500000000000,97106.92199545
1769149560000000000,97106.92199545
1769149620000000000,97106.92199545
1769149680000000000,97106.92199545
1769149740000000000,97106.92199545
1769149800000000000,97106.92199545
1769149860000000000,97106.92199545
1769149920000000000,97106.92199545
1769149980000000000,97106.92199545
1769150040000000000,97106.92199545
1769150100000000000,97106.92199545
1769150160000000000,97106.92199545
1769150220000000000,97106.92199545
1769150280000000000,97106.92199545
1769150340000000000,97106.92199545
1769150400000000000,97106.92199545
1769150460000000000,97106.92199545
1769150520000000000,97106.92199545
1769150580000000000,97106.92199545
1769150640000000000,97106.92199545
1769150700000000000,97106.92199545
1769150760000000000,97106.92199545
1769150820000000000,97106.92199545
1769150880000000000,97106.92199545
1769150940000000000,97106.92199545
1769151000000000000,97106.92199545
1769151060000000000,97106.92199545
1769151120000000000,97106.92199545
1769151180000000000,97106.92199545
1769151240000000000,97106.92199545
1769151300000000000,97106.92199545
1769151360000000000,97106.92199545
1769151420000000000,97106.92199545
1769151480000000000,97106.92199545
1769151540000000000,97106.92199545
1769151600000000000,97106.92199545
1769151660000000000,97106.92199545
1769151720000000000,97106.92199545
1769151780000000000,97106.92199545
1769151840000000000,97106.92199545
1769151900000000000,97106.92199545
1769151960000000000,97106.92199545
1769152020000000000,97106.92199545
1769152080000000000,97106.92199545
1769152140000000000,97106.92199545
1769152200000000000,97106.92199545
1769152260000000000,97106.92199545
1769152320000000000,97106.92199545
1769152380000000000,97106.92199545
1769152440000000000,97106.92199545
1769152500000000000,97106.92199545
1769152560000000000,97106.92199545
1769152620000000000,97106.92199545
1769152680000000000,97106.92199545
1769152740000000000,97106.92199545
1769152800000000000,97106.92199545
1769152860000000000,97106.92199545
1769152920000000000,97106.92199545
1769152980000000000,97106.92199545
1769153040000000000,97106.92199545
1769153100000000000,97106.92199545
1769153160000000000,97106.92199545
1769153220000000000,97106.92199545
1769153280000000000,97106.92199545
1769153340000000000,97106.92199545
1769153400000000000,97106.92199545
1769153460000000000,97106.92199545
1769153520000000000,97106.92199545
1769153580000000000,97106.92199545
1769153640000000000,97106.92199545
1769153700000000000,97106.92199545
1769153760000000000,97106.92199545
1769153820000000000,97106.92199545
1769153880000000000,97106.92199545
1769153940000000000,97106.92199545
1769154000000000000,97106.92199545
1769154060000000000,97106.92199545
1769154120000000000,97106.92199545
1769154180000000000,97106.92199545
1769154240000000000,97106.92199545
1769154300000000000,97106.92199545
1769154360000000000,97106.92199545
1769154420000000000,97106.92199545
1769154480000000000,97106.92199545
1769154540000000000,97106.92199545
1769154600000000000,97106.92199545
1769154660000000000,97106.92199545
1769154720000000000,97106.92199545
1769154780000000000,97106.92199545
1769154840000000000,97106.92199545
1769154900000000000,97106.92199545
1769154960000000000,97106.92199545
1769155020000000000,97106.92199545
1769155080000000000,97106.92199545
1769155140000000000,97106.92199545
1769155200000000000,97106.92199545
1769155260000000000,97106.92199545
1769155320000000000,97106.92199545
1769155380000000000,97106.92199545
1769155440000000000,97106.92199545
1769155500000000000,97106.92199545
1769155560000000000,97106.92199545
1769155620000000000,97106.92199545
1769155680000000000,97106.92199545
1769155740000000000,97106.92199545
1769155800000000000,97106.92199545
1769155860000000000,97106.92199545
1769155920000000000,97106.92199545
1769155980000000000,97106.92199545
1769156040000000000,97106.92199545
1769156100000000000,97106.92199545
1769156160000000000,97106.92199545
1769156220000000000,97106.92199545
1769156280000000000,97106.92199545
1769156340000000000,97106.92199545
1769156400000000000,97106.92199545
1769156460000000000,97106.92199545
1769156520000000000,97106.92199545
1769156580000000000,97106.92199545
1769156640000000000,97106.92199545
1769156700000000000,97106.92199545
1769156760000000000,97106.92199545
1769156820000000000,97106.92199545
1769156880000000000,97106.92199545
1769156940000000000,97106.92199545
1769157000000000000,97106.92199545
1769157060000000000,97106.92199545
1769157120000000000,97106.92199545
1769157180000000000,97106.92199545
1769157240000000000,97106.92199545
1769157300000000000,97106.92199545
1769157360000000000,97106.92199545
1769157420000000000,97106.92199545
1769157480000000000,97106.92199545
1769157540000000000,97106.92199545
1769157600000000000,97106.92199545
1769157660000000000,97106.92199545
1769157720000000000,97106.92199545
1769157780000000000,97106.92199545
1769157840000000000,97106.92199545
1769157900000000000,97106.92199545
1769157960000000000,97106.92199545
1769158020000000000,97106.92199545
1769158080000000000,97106.92199545
1769158140000000000,97106.92199545
1769158200000000000,97106.92199545
1769158260000000000,97106.92199545
1769158320000000000,97106.92199545
1769158380000000000,97106.92199545
1769158440000000000,97106.92199545
1769158500000000000,97106.92199545
1769158560000000000,97106.92199545
1769158620000000000,97106.92199545
1769158680000000000,97106.92199545
1769158740000000000,97106.92199545
1769158800000000000,97106.92199545
1769158860000000000,97106.92199545
1769158920000000000,97106.92199545
1769158980000000000,97106.92199545
1769159040000000000,97106.92199545
1769159100000000000,97106.92199545
1769159160000000000,97106.92199545
1769159220000000000,97106.92199545
1769159280000000000,97106.92199545
1769159340000000000,97106.92199545
1769159400000000000,97106.92199545
1769159460000000000,97106.92199545
1769159520000000000,97106.92199545
1769159580000000000,97106.92199545
1769159640000000000,97106.92199545
1769159700000000000,97106.92199545
1769159760000000000,97106.92199545
1769159820000000000,97106.92199545
1769159880000000000,97106.92199545
1769159940000000000,97106.92199545
1769160000000000000,97106.92199545
1769160060000000000,97106.92199545
1769160120000000000,97106.92199545
1769160180000000000,97106.92199545
1769160240000000000,97106.92199545
1769160300000000000,97106.92199545
1769160360000000000,97106.92199545
1769160420000000000,97106.92199545
1769160480000000000,97106.92199545
1769160540000000000,97106.92199545
1769160600000000000,97106.92199545
1769160660000000000,97106.92199545
1769160720000000000,97106.92199545
1769160780000000000,97106.92199545
1769160840000000000,97106.92199545
1769160900000000000,97106.92199545
1769160960000000000,97106.92199545
1769161020000000000,97106.92199545
1769161080000000000,97106.92199545
1769161140000000000,97106.92199545
1769161200000000000,97106.92199545
1769161260000000000,97106.92199545
1769161320000000000,97106.92199545
1769161380000000000,97106.92199545
1769161440000000000,97106.92199545
1769161500000000000,97106.92199545
1769161560000000000,97106.92199545
1769161620000000000,97106.92199545
1769161680000000000,97106.92199545
1769161740000000000,97106.92199545
1769161800000000000,97106.92199545
1769161860000000000,97106.92199545
1769161920000000000,97106.92199545
1769161980000000000,97106.92199545
1769162040000000000,97106.92199545
1769162100000000000,97106.92199545
1769162160000000000,97106.92199545
1769162220000000000,97106.92199545
1769162280000000000,97106.92199545
1769162340000000000,97106.92199545
1769162400000000000,97106.92199545
1769162460000000000,97106.92199545
1769162520000000000,97106.92199545
1769162580000000000,97106.92199545
1769162640000000000,97106.92199545
1769162700000000000,97106.92199545
1769162760000000000,97106.92199545
1769162820000000000,97106.92199545
1769162880000000000,97106.92199545
1769162940000000000,97106.92199545
1769163000000000000,97106.92199545
1769163060000000000,97106.92199545
1769163120000000000,97106.92199545
1769163180000000000,97106.92199545
1769163240000000000,97106.92199545
1769163300000000000,97106.92199545
1769163360000000000,97106.92199545
1769163420000000000,97106.92199545
1769163480000000000,97106.92199545
1769163540000000000,97106.92199545
1769163600000000000,97106.92199545
1769163660000000000,97106.92199545
1769163720000000000,97106.92199545
1769163780000000000,97106.92199545
1769163840000000000,97106.92199545
1769163900000000000,97106.92199545
1769163960000000000,97106.92199545
1769164020000000000,97106.92199545
1769164080000000000,97106.92199545
1769164140000000000,97106.92199545
1769164200000000000,97106.92199545
1769164260000000000,97106.92199545
1769164320000000000,97106.92199545
1769164380000000000,97106.92199545
1769164440000000000,97106.92199545
1769164500000000000,97106.92199545
1769164560000000000,97106.92199545
1769164620000000000,97106.92199545
1769164680000000000,97106.92199545
1769164740000000000,97106.92199545
1769164800000000000,97106.92199545
1769164860000000000,97106.92199545
1769164920000000000,97106.92199545
1769164980000000000,97106.92199545
1769165040000000000,97106.92199545
1769165100000000000,97106.92199545
1769165160000000000,97106.92199545
1769165220000000000,97106.92199545
1769165280000000000,97106.92199545
1769165340000000000,97106.92199545
1769165400000000000,97106.92199545
1769165460000000000,97106.92199545
1769165520000000000,97106.92199545
1769165580000000000,97106.92199545
1769165640000000000,97106.92199545
1769165700000000000,97106.92199545
1769165760000000000,97106.92199545
1769165820000000000,97106.92199545
1769165880000000000,97106.92199545
1769165940000000000,97106.92199545
1769166000000000000,97106.92199545
1769166060000000000,97106.92199545
1769166120000000000,97106.92199545
1769166180000000000,97106.92199545
1769166240000000000,97106.92199545
1769166300000000000,97106.92199545
1769166360000000000,97106.92199545
1769166420000000000,97106.92199545
1769166480000000000,97106.92199545
1769166540000000000,97106.92199545
1769166600000000000,97106.92199545
1769166660000000000,97106.92199545
1769166720000000000,97106.92199545
1769166780000000000,97106.92199545
1769166840000000000,97106.92199545
1769166900000000000,97106.92199545
1769166960000000000,97106.92199545
1769167020000000000,97106.92199545
1769167080000000000,97106.92199545
1769167140000000000,97106.92199545
1769167200000000000,97106.92199545
1769167260000000000,97106.92199545
1769167320000000000,97106.92199545
1769167380000000000,97106.92199545
1769167440000000000,97106.92199545
1769167500000000000,97106.92199545
1769167560000000000,97106.92199545
1769167620000000000,97106.92199545
1769167680000000000,97106.92199545
1769167740000000000,97106.92199545
1769167800000000000,97106.92199545
1769167860000000000,97106.92199545
1769167920000000000,97106.92199545
1769167980000000000,97106.92199545
1769168040000000000,97106.92199545
1769168100000000000,97106.92199545
1769168160000000000,97106.92199545
1769168220000000000,97106.92199545
1769168280000000000,97106.92199545
1769168340000000000,97106.92199545
1769168400000000000,97106.92199545
1769168460000000000,97106.92199545
1769168520000000000,97106.92199545
1769168580000000000,97106.92199545
1769168640000000000,97106.92199545
1769168700000000000,97106.92199545
1769168760000000000,97106.92199545
1769168820000000000,97106.92199545
1769168880000000000,97106.92199545
1769168940000000000,97106.92199545
1769169000000000000,97106.92199545
1769169060000000000,97106.92199545
1769169120000000000,97106.92199545
1769169180000000000,97106.92199545
1769169240000000000,97106.92199545
1769169300000000000,97106.92199545
1769169360000000000,97106.92199545
1769169420000000000,97106.92199545
1769169480000000000,97106.92199545
1769169540000000000,97106.92199545
1769169600000000000,97106.92199545
1769169660000000000,97106.92199545
1769169720000000000,97106.92199545
1769169780000000000,97106.92199545
1769169840000000000,97106.92199545
1769169900000000000,97106.92199545
1769169960000000000,97106.92199545
1769170020000000000,97106.92199545
1769170080000000000,97106.92199545
1769170140000000000,97106.92199545
1769170200000000000,97106.92199545
1769170260000000000,97106.92199545
1769170320000000000,97106.92199545
1769170380000000000,97106.92199545
1769170440000000000,97106.92199545
1769170500000000000,97106.92199545
1769170560000000000,97106.92199545
1769170620000000000,97106.92199545
1769170680000000000,97106.92199545
1769170740000000000,97106.92199545
1769170800000000000,97106.92199545
1769170860000000000,97106.92199545
1769170920000000000,97106.92199545
1769170980000000000,97106.92199545
1769171040000000000,97106.92199545
1769171100000000000,97106.92199545
1769171160000000000,97106.92199545
1769171220000000000,97106.92199545
1769171280000000000,97106.92199545
1769171340000000000,97106.92199545
1769171400000000000,97106.92199545
1769171460000000000,97106.92199545
1769171520000000000,97106.92199545
1769171580000000000,97106.92199545
1769171640000000000,97106.92199545
1769171700000000000,97106.92199545
1769171760000000000,97106.92199545
1769171820000000000,97106.92199545
1769171880000000000,97106.92199545
1769171940000000000,97106.92199545
1769172000000000000,97106.92199545
1769172060000000000,97106.92199545
1769172120000000000,97106.92199545
1769172180000000000,97106.92199545
1769172240000000000,97106.92199545
1769172300000000000,97106.92199545
1769172360000000000,97106.92199545
1769172420000000000,97106.92199545
1769172480000000000,97106.92199545
1769172540000000000,97106.92199545
1769172600000000000,97106.92199545
1769172660000000000,97106.92199545
1769172720000000000,97106.92199545
1769172780000000000,97106.92199545
1769172840000000000,97106.92199545
1769172900000000000,97106.92199545
1769172960000000000,97106.92199545
1769173020000000000,97106.92199545
1769173080000000000,97106.92199545
1769173140000000000,97106.92199545
1769173200000000000,97106.92199545
1769173260000000000,97106.92199545
1769173320000000000,97106.92199545
1769173380000000000,97106.92199545
1769173440000000000,97106.92199545
1769173500000000000,97106.92199545
1769173560000000000,97106.92199545
1769173620000000000,97106.92199545
1769173680000000000,97106.92199545
1769173740000000000,97106.92199545
1769173800000000000,97106.92199545
1769173860000000000,97106.92199545
1769173920000000000,97106.92199545
1769173980000000000,97106.92199545
1769174040000000000,97106.92199545
1769174100000000000,97106.92199545
1769174160000000000,97106.92199545
1769174220000000000,97106.92199545
1769174280000000000,97106.92199545
1769174340000000000,97106.92199545
1769174400000000000,97106.92199545
1769174460000000000,97106.92199545
1769174520000000000,97106.92199545
1769174580000000000,97106.92199545
1769174640000000000,97106.92199545
1769174700000000000,97106.92199545
1769174760000000000,97106.92199545
1769174820000000000,97106.92199545
1769174880000000000,97106.92199545
1769174940000000000,97106.92199545
1769175000000000000,97106.92199545
1769175060000000000,97106.92199545
1769175120000000000,97106.92199545
1769175180000000000,97106.92199545
1769175240000000000,97106.92199545
1769175300000000000,97106.92199545
1769175360000000000,97106.92199545
1769175420000000000,97106.92199545
1769175480000000000,97106.92199545
1769175540000000000,97106.92199545
1769175600000000000,97106.92199545
1769175660000000000,97106.92199545
1769175720000000000,97106.92199545
1769175780000000000,97106.92199545
1769175840000000000,97106.92199545
1769175900000000000,97106.92199545
1769175960000000000,97106.92199545
1769176020000000000,97106.92199545
1769176080000000000,97106.92199545
1769176140000000000,97106.92199545
1769176200000000000,97106.92199545
1769176260000000000,97106.92199545
1769176320000000000,97106.92199545
1769176380000000000,97106.92199545
1769176440000000000,97106.92199545
1769176500000000000,97106.92199545
1769176560000000000,97106.92199545
1769176620000000000,97106.92199545
1769176680000000000,97106.92199545
1769176740000000000,97106.92199545
1769176800000000000,97106.92199545
1769176860000000000,97106.92199545
1769176920000000000,97106.92199545
1769176980000000000,97106.92199545
1769177040000000000,97106.92199545
1769177100000000000,97106.92199545
1769177160000000000,97106.92199545
1769177220000000000,97106.92199545
1769177280000000000,97106.92199545
1769177340000000000,97106.92199545
1769177400000000000,97106.92199545
1769177460000000000,97106.92199545
1769177520000000000,97106.92199545
1769177580000000000,97106.92199545
1769177640000000000,97106.92199545
1769177700000000000,97106.92199545
1769177760000000000,97106.92199545
1769177820000000000,97106.92199545
1769177880000000000,97106.92199545
1769177940000000000,97106.92199545
1769178000000000000,97106.92199545
1769178060000000000,97106.92199545
1769178120000000000,97106.92199545
1769178180000000000,97106.92199545
1769178240000000000,97106.92199545
1769178300000000000,97106.92199545
1769178360000000000,97106.92199545
1769178420000000000,97106.92199545
1769178480000000000,97106.92199545
1769178540000000000,97106.92199545
1769178600000000000,97106.92199545
1769178660000000000,97106.92199545
1769178720000000000,97106.92199545
1769178780000000000,97106.92199545
1769178840000000000,97106.92199545
1769178900000000000,97106.92199545
1769178960000000000,97106.92199545
1769179020000000000,97106.92199545
1769179080000000000,97106.92199545
1769179140000000000,97106.92199545
1769179200000000000,97106.92199545
1769179260000000000,97106.92199545
1769179320000000000,97106.92199545
1769179380000000000,97106.92199545
1769179440000000000,97106.92199545
1769179500000000000,97106.92199545
1769179560000000000,97106.92199545
1769179620000000000,97106.92199545
1769179680000000000,97106.92199545
1769179740000000000,97106.92199545
1769179800000000000,97106.92199545
1769179860000000000,97106.92199545
1769179920000000000,97106.92199545
1769179980000000000,97106.92199545
1769180040000000000,97106.92199545
1769180100000000000,97106.92199545
1769180160000000000,97106.92199545
1769180220000000000,97106.92199545
1769180280000000000,97106.92199545
1769180340000000000,97106.92199545
1769180400000000000,97106.92199545
1769180460000000000,97106.92199545
1769180520000000000,97106.92199545
1769180580000000000,97106.92199545
1769180640000000000,97106.92199545
1769180700000000000,97106.92199545
1769180760000000000,97106.92199545
1769180820000000000,97106.92199545
1769180880000000000,97106.92199545
1769180940000000000,97106.92199545
1769181000000000000,97106.92199545
1769181060000000000,97106.92199545
1769181120000000000,97106.92199545
1769181180000000000,97106.92199545
1769181240000000000,97106.92199545
1769181300000000000,97106.92199545
1769181360000000000,97106.92199545
1769181420000000000,97106.92199545
1769181480000000000,97106.92199545
1769181540000000000,97106.92199545
1769181600000000000,97106.92199545
1769181660000000000,97106.92199545
1769181720000000000,97106.92199545
1769181780000000000,97106.92199545
1769181840000000000,97106.92199545
1769181900000000000,97106.92199545
1769181960000000000,97106.92199545
1769182020000000000,97106.92199545
1769182080000000000,97106.92199545
1769182140000000000,97106.92199545
1769182200000000000,97106.92199545
1769182260000000000,97106.92199545
1769182320000000000,97106.92199545
1769182380000000000,97106.92199545
1769182440000000000,97106.92199545
1769182500000000000,97106.92199545
1769182560000000000,97106.92199545
1769182620000000000,97106.92199545
1769182680000000000,97106.92199545
1769182740000000000,97106.92199545
1769182800000000000,97106.92199545
1769182860000000000,97106.92199545
1769182920000000000,97106.92199545
1769182980000000000,97106.92199545
1769183040000000000,97106.92199545
1769183100000000000,97106.92199545
1769183160000000000,97106.92199545
1769183220000000000,97106.92199545
1769183280000000000,97106.92199545
1769183340000000000,97106.92199545
1769183400000000000,97106.92199545
1769183460000000000,97106.92199545
1769183520000000000,97106.92199545
1769183580000000000,97106.92199545
1769183640000000000,97106.92199545
1769183700000000000,97106.92199545
1769183760000000000,97106.92199545
1769183820000000000,97106.92199545
1769183880000000000,97106.92199545
1769183940000000000,97106.92199545
1769184000000000000,97106.92199545
1769184060000000000,97106.92199545
1769184120000000000,97106.92199545
1769184180000000000,97106.92199545
1769184240000000000,97106.92199545
1769184300000000000,97106.92199545
1769184360000000000,97106.92199545
1769184420000000000,97106.92199545
1769184480000000000,97106.92199545
1769184540000000000,97106.92199545
1769184600000000000,97106.92199545
1769184660000000000,97106.92199545
1769184720000000000,97106.92199545
1769184780000000000,97106.92199545
1769184840000000000,97106.92199545
1769184900000000000,97106.92199545
1769184960000000000,97106.92199545
1769185020000000000,97106.92199545
1769185080000000000,97106.92199545
1769185140000000000,97106.92199545
1769185200000000000,97106.92199545
1769185260000000000,97106.92199545
1769185320000000000,97106.92199545
1769185380000000000,97106.92199545
1769185440000000000,97106.92199545
1769185500000000000,97106.92199545
1769185560000000000,97106.92199545
1769185620000000000,97106.92199545
1769185680000000000,97106.92199545
1769185740000000000,97106.92199545
1769185800000000000,97106.92199545
1769185860000000000,97106.92199545
1769185920000000000,97106.92199545
1769185980000000000,97106.92199545
1769186040000000000,97106.92199545
1769186100000000000,97106.92199545
1769186160000000000,97106.92199545
1769186220000000000,97106.92199545
1769186280000000000,97106.92199545
1769186340000000000,97106.92199545
1769186400000000000,97106.92199545
1769186460000000000,97106.92199545
1769186520000000000,97106.92199545
1769186580000000000,97106.92199545
1769186640000000000,97106.92199545
1769186700000000000,97106.92199545
1769186760000000000,97106.92199545
1769186820000000000,97106.92199545
1769186880000000000,97106.92199545
1769186940000000000,97106.92199545
1769187000000000000,97106.92199545
1769187060000000000,97106.92199545
1769187120000000000,97106.92199545
1769187180000000000,97106.92199545
1769187240000000000,97106.92199545
1769187300000000000,97106.92199545
1769187360000000000,97106.92199545
1769187420000000000,97106.92199545
1769187480000000000,97106.92199545
1769187540000000000,97106.92199545
1769187600000000000,97106.92199545
1769187660000000000,97106.92199545
1769187720000000000,97106.92199545
1769187780000000000,97106.92199545
1769187840000000000,97106.92199545
1769187900000000000,97106.92199545
1769187960000000000,97106.92199545
1769188020000000000,97106.92199545
1769188080000000000,97106.92199545
1769188140000000000,97106.92199545
1769188200000000000,97106.92199545
1769188260000000000,97106.92199545
1769188320000000000,97106.92199545
1769188380000000000,97106.92199545
1769188440000000000,97106.92199545
1769188500000000000,97106.92199545
1769188560000000000,97106.92199545
1769188620000000000,97106.92199545
1769188680000000000,97106.92199545
1769188740000000000,97106.92199545
1769188800000000000,97106.92199545
1769188860000000000,97106.92199545
1769188920000000000,97106.92199545
1769188980000000000,97106.92199545
1769189040000000000,97106.92199545
1769189100000000000,97106.92199545
1769189160000000000,97106.92199545
1769189220000000000,97106.92199545
1769189280000000000,97106.92199545
1769189340000000000,97106.92199545
1769189400000000000,97106.92199545
1769189460000000000,97106.92199545
1769189520000000000,97106.92199545
1769189580000000000,97106.92199545
1769189640000000000,97106.92199545
1769189700000000000,97106.92199545
1769189760000000000,97106.92199545
1769189820000000000,97106.92199545
1769189880000000000,97106.92199545
1769189940000000000,97106.92199545
1769190000000000000,97106.92199545
1769190060000000000,97106.92199545
1769190120000000000,97106.92199545
1769190180000000000,97106.92199545
1769190240000000000,97106.92199545
1769190300000000000,97106.92199545
1769190360000000000,97106.92199545
1769190420000000000,97106.92199545
1769190480000000000,97106.92199545
1769190540000000000,97106.92199545
1769190600000000000,97106.92199545
1769190660000000000,97106.92199545
1769190720000000000,97106.92199545
1769190780000000000,97106.92199545
1769190840000000000,97106.92199545
1769190900000000000,97106.92199545
1769190960000000000,97106.92199545
1769191020000000000,97106.92199545
1769191080000000000,97106.92199545
1769191140000000000,97106.92199545
1769191200000000000,97106.92199545
1769191260000000000,97106.92199545
1769191320000000000,97106.92199545
1769191380000000000,97106.92199545
1769191440000000000,97106.92199545
1769191500000000000,97106.92199545
1769191560000000000,97106.92199545
1769191620000000000,97106.92199545
1769191680000000000,97106.92199545
1769191740000000000,97106.92199545
1769191800000000000,97106.92199545
1769191860000000000,97106.92199545
1769191920000000000,97106.92199545
1769191980000000000,97106.92199545
1769192040000000000,97106.92199545
1769192100000000000,97106.92199545
1769192160000000000,97106.92199545
1769192220000000000,97106.92199545
1769192280000000000,97106.92199545
1769192340000000000,97106.92199545
1769192400000000000,97106.92199545
1769192460000000000,97106.92199545
1769192520000000000,97106.92199545
1769192580000000000,97106.92199545
1769192640000000000,97106.92199545
1769192700000000000,97106.92199545
1769192760000000000,97106.92199545
1769192820000000000,97106.92199545
1769192880000000000,97106.92199545
1769192940000000000,97106.92199545
1769193000000000000,97106.92199545
1769193060000000000,97106.92199545
1769193120000000000,97106.92199545
1769193180000000000,97106.92199545
1769193240000000000,97106.92199545
1769193300000000000,97106.92199545
1769193360000000000,97106.92199545
1769193420000000000,97106.92199545
1769193480000000000,97106.92199545
1769193540000000000,97106.92199545
1769193600000000000,97106.92199545
1769193660000000000,97106.92199545
1769193720000000000,97106.92199545
1769193780000000000,97106.92199545
1769193840000000000,97106.92199545
1769193900000000000,97106.92199545
1769193960000000000,97106.92199545
1769194020000000000,97106.92199545
1769194080000000000,97106.92199545
1769194140000000000,97106.92199545
1769194200000000000,97106.92199545
1769194260000000000,97106.92199545
1769194320000000000,97106.92199545
1769194380000000000,97106.92199545
1769194440000000000,97106.92199545
1769194500000000000,97106.92199545
1769194560000000000,97106.92199545
1769194620000000000,97106.92199545
1769194680000000000,97106.92199545
1769194740000000000,97106.92199545
1769194800000000000,97106.92199545
1769194860000000000,97106.92199545
1769194920000000000,97106.92199545
1769194980000000000,97106.92199545
1769195040000000000,97106.92199545
1769195100000000000,97106.92199545
1769195160000000000,97106.92199545
1769195220000000000,97106.92199545
1769195280000000000,97106.92199545
1769195340000000000,97106.92199545
1769195400000000000,97106.92199545
1769195460000000000,97106.92199545
1769195520000000000,97106.92199545
1769195580000000000,97106.92199545
1769195640000000000,97106.92199545
1769195700000000000,97106.92199545
1769195760000000000,97106.92199545
1769195820000000000,97106.92199545
1769195880000000000,97106.92199545
1769195940000000000,97106.92199545
1769196000000000000,97106.92199545
1769196060000000000,97106.92199545
1769196120000000000,97106.92199545
1769196180000000000,97106.92199545
1769196240000000000,97106.92199545
1769196300000000000,97106.92199545
1769196360000000000,97106.92199545
1769196420000000000,97106.92199545
1769196480000000000,97106.92199545
1769196540000000000,97106.92199545
1769196600000000000,97106.92199545
1769196660000000000,97106.92199545
1769196720000000000,97106.92199545
1769196780000000000,97106.92199545
1769196840000000000,97106.92199545
1769196900000000000,97106.92199545
1769196960000000000,97106.92199545
1769197020000000000,97106.92199545
1769197080000000000,97106.92199545
1769197140000000000,97106.92199545
1769197200000000000,97106.92199545
1769197260000000000,97106.92199545
1769197320000000000,97106.92199545
1769197380000000000,97106.92199545
1769197440000000000,97106.92199545
1769197500000000000,97106.92199545
1769197560000000000,97106.92199545
1769197620000000000,97106.92199545
1769197680000000000,97106.92199545
1769197740000000000,97106.92199545
1769197800000000000,97106.92199545
1769197860000000000,97106.92199545
1769197920000000000,97106.92199545
1769197980000000000,97106.92199545
1769198040000000000,97106.92199545
1769198100000000000,97106.92199545
1769198160000000000,97106.92199545
1769198220000000000,97106.92199545
1769198280000000000,97106.92199545
1769198340000000000,97106.92199545
1769198400000000000,97106.92199545
1769198460000000000,97106.92199545
1769198520000000000,97106.92199545
1769198580000000000,97106.92199545
1769198640000000000,97106.92199545
1769198700000000000,97106.92199545
1769198760000000000,97106.92199545
1769198820000000000,97106.92199545
1769198880000000000,97106.92199545
1769198940000000000,97106.92199545
1769199000000000000,97106.92199545
1769199060000000000,97106.92199545
1769199120000000000,97106.92199545
1769199180000000000,97106.92199545
1769199240000000000,97106.92199545
1769199300000000000,97106.92199545
1769199360000000000,97106.92199545
1769199420000000000,97106.92199545
1769199480000000000,97106.92199545
1769199540000000000,97106.92199545
1769199600000000000,97106.92199545
1769199660000000000,97106.92199545
1769199720000000000,97106.92199545
1769199780000000000,97106.92199545
1769199840000000000,97106.92199545
1769199900000000000,97106.92199545
1769199960000000000,97106.92199545
1769200020000000000,97106.92199545
1769200080000000000,97106.92199545
1769200140000000000,97106.92199545
1769200200000000000,97106.92199545
1769200260000000000,97106.92199545
1769200320000000000,97106.92199545
1769200380000000000,97106.92199545
1769200440000000000,97106.92199545
1769200500000000000,97106.92199545
1769200560000000000,97106.92199545
1769200620000000000,97106.92199545
1769200680000000000,97106.92199545
1769200740000000000,97106.92199545
1769200800000000000,97106.92199545
1769200860000000000,97106.92199545
1769200920000000000,97106.92199545
1769200980000000000,97106.92199545
1769201040000000000,97106.92199545
1769201100000000000,97106.92199545
1769201160000000000,97106.92199545
1769201220000000000,97106.92199545
1769201280000000000,97106.92199545
1769201340000000000,97106.92199545
1769201400000000000,97106.92199545
1769201460000000000,97106.92199545
1769201520000000000,97106.92199545
1769201580000000000,97106.92199545
1769201640000000000,97106.92199545
1769201700000000000,97106.92199545
1769201760000000000,97106.92199545
1769201820000000000,97106.92199545
1769201880000000000,97106.92199545
1769201940000000000,97106.92199545
1769202000000000000,97106.92199545
1769202060000000000,97106.92199545
1769202120000000000,97106.92199545
1769202180000000000,97106.92199545
1769202240000000000,97106.92199545
1769202300000000000,97106.92199545
1769202360000000000,97106.92199545
1769202420000000000,97106.92199545
1769202480000000000,97106.92199545
1769202540000000000,97106.92199545
1769202600000000000,97106.92199545
1769202660000000000,97106.92199545
1769202720000000000,97106.92199545
1769202780000000000,97106.92199545
1769202840000000000,97106.92199545
1769202900000000000,97106.92199545
1769202960000000000,97106.92199545
1769203020000000000,97106.92199545
1769203080000000000,97106.92199545
1769203140000000000,97106.92199545
1769203200000000000,97106.92199545
1769203260000000000,97106.92199545
1769203320000000000,97106.92199545
1769203380000000000,97106.92199545
1769203440000000000,97106.92199545
1769203500000000000,97106.92199545
1769203560000000000,97106.92199545
1769203620000000000,97106.92199545
1769203680000000000,97106.92199545
1769203740000000000,97106.92199545
1769203800000000000,97106.92199545
1769203860000000000,97106.92199545
1769203920000000000,97106.92199545
1769203980000000000,97106.92199545
1769204040000000000,97106.92199545
1769204100000000000,97106.92199545
1769204160000000000,97106.92199545
1769204220000000000,97106.92199545
1769204280000000000,97106.92199545
1769204340000000000,97106.92199545
1769204400000000000,97106.92199545
1769204460000000000,97106.92199545
1769204520000000000,97106.92199545
1769204580000000000,97106.92199545
1769204640000000000,97106.92199545
1769204700000000000,97106.92199545
1769204760000000000,97106.92199545
1769204820000000000,97106.92199545
1769204880000000000,97106.92199545
1769204940000000000,97106.92199545
1769205000000000000,97106.92199545
1769205060000000000,97106.92199545
1769205120000000000,97106.92199545
1769205180000000000,97106.92199545
1769205240000000000,97106.92199545
1769205300000000000,97106.92199545
1769205360000000000,97106.92199545
1769205420000000000,97106.92199545
1769205480000000000,97106.92199545
1769205540000000000,97106.92199545
1769205600000000000,97106.92199545
1769205660000000000,97106.92199545
1769205720000000000,97106.92199545
1769205780000000000,97106.92199545
1769205840000000000,97106.92199545
1769205900000000000,97106.92199545
1769205960000000000,97106.92199545
1769206020000000000,97106.92199545
1769206080000000000,97106.92199545
1769206140000000000,97106.92199545
1769206200000000000,97106.92199545
1769206260000000000,97106.92199545
1769206320000000000,97106.92199545
1769206380000000000,97106.92199545
1769206440000000000,97106.92199545
1769206500000000000,97106.92199545
1769206560000000000,97106.92199545
1769206620000000000,97106.92199545
1769206680000000000,97106.92199545
1769206740000000000,97106.92199545
1769206800000000000,97106.92199545
1769206860000000000,97106.92199545
1769206920000000000,97106.92199545
1769206980000000000,97106.92199545
1769207040000000000,97106.92199545
1769207100000000000,97106.92199545
1769207160000000000,97106.92199545
1769207220000000000,97106.92199545
1769207280000000000,97106.92199545
1769207340000000000,97106.92199545
1769207400000000000,97106.92199545
1769207460000000000,97106.92199545
1769207520000000000,97106.92199545
1769207580000000000,97106.92199545
1769207640000000000,97106.92199545
1769207700000000000,97106.92199545
1769207760000000000,97106.92199545
1769207820000000000,97106.92199545
1769207880000000000,97106.92199545
1769207940000000000,97106.92199545
1769208000000000000,97106.92199545
1769208060000000000,97106.92199545
1769208120000000000,97106.92199545
1769208180000000000,97106.92199545
1769208240000000000,97106.92199545
1769208300000000000,97106.92199545
1769208360000000000,97106.92199545
1769208420000000000,97106.92199545
1769208480000000000,97106.92199545
1769208540000000000,97106.92199545
1769208600000000000,97106.92199545
1769208660000000000,97106.92199545
1769208720000000000,97106.92199545
1769208780000000000,97106.92199545
1769208840000000000,97106.92199545
1769208900000000000,97106.92199545
1769208960000000000,97106.92199545
1769209020000000000,97106.92199545
1769209080000000000,97106.92199545
1769209140000000000,97106.92199545
1769209200000000000,97106.92199545
1769209260000000000,97106.92199545
1769209320000000000,97106.92199545
1769209380000000000,97106.92199545
1769209440000000000,97106.92199545
1769209500000000000,97106.92199545
1769209560000000000,97106.92199545
1769209620000000000,97106.92199545
1769209680000000000,97106.92199545
1769209740000000000,97106.92199545
1769209800000000000,97106.92199545
1769209860000000000,97106.92199545
1769209920000000000,97106.92199545
1769209980000000000,97106.92199545
1769210040000000000,97106.92199545
1769210100000000000,97106.92199545
1769210160000000000,97106.92199545
1769210220000000000,97106.92199545
1769210280000000000,97106.92199545
1769210340000000000,97106.92199545
1769210400000000000,97106.92199545
1769210460000000000,97106.92199545
1769210520000000000,97106.92199545
1769210580000000000,97106.92199545
1769210640000000000,97106.92199545
1769210700000000000,97106.92199545
1769210760000000000,97106.92199545
1769210820000000000,97106.92199545
1769210880000000000,97106.92199545
1769210940000000000,97106.92199545
1769211000000000000,97106.92199545
1769211060000000000,97106.92199545
1769211120000000000,97106.92199545
1769211180000000000,97106.92199545
1769211240000000000,97106.92199545
1769211300000000000,97106.92199545
1769211360000000000,97106.92199545
1769211420000000000,97106.92199545
1769211480000000000,97106.92199545
1769211540000000000,97106.92199545
1769211600000000000,97106.92199545
1769211660000000000,97106.92199545
1769211720000000000,97106.92199545
1769211780000000000,97106.92199545
1769211840000000000,97106.92199545
1769211900000000000,97106.92199545
1769211960000000000,97106.92199545
1769212020000000000,97106.92199545
1769212080000000000,97106.92199545
1769212140000000000,97106.92199545
1769212200000000000,97106.92199545
1769212260000000000,97106.92199545
1769212320000000000,97106.92199545
1769212380000000000,97106.92199545
1769212440000000000,97106.92199545
1769212500000000000,97106.92199545
1769212560000000000,97106.92199545
1769212620000000000,97106.92199545
1769212680000000000,97106.92199545
1769212740000000000,97106.92199545
1769212800000000000,97106.92199545
1769212860000000000,97106.92199545
1769212920000000000,97106.92199545
1769212980000000000,97106.92199545
1769213040000000000,97106.92199545
1769213100000000000,97106.92199545
1769213160000000000,97106.92199545
1769213220000000000,97106.92199545
1769213280000000000,97106.92199545
1769213340000000000,97106.92199545
1769213400000000000,97106.92199545
1769213460000000000,97106.92199545
1769213520000000000,97106.92199545
1769213580000000000,97106.92199545
1769213640000000000,97106.92199545
1769213700000000000,97106.92199545
1769213760000000000,97106.92199545
1769213820000000000,97106.92199545
1769213880000000000,97106.92199545
1769213940000000000,97106.92199545
1769214000000000000,97106.92199545
1769214060000000000,97106.92199545
1769214120000000000,97106.92199545
1769214180000000000,97106.92199545
1769214240000000000,97106.92199545
1769214300000000000,97106.92199545
1769214360000000000,97106.92199545
1769214420000000000,97106.92199545
1769214480000000000,97106.92199545
1769214540000000000,97106.92199545
1769214600000000000,97106.92199545
1769214660000000000,97106.92199545
1769214720000000000,97106.92199545
1769214780000000000,97106.92199545
1769214840000000000,97106.92199545
1769214900000000000,97106.92199545
1769214960000000000,97106.92199545
1769215020000000000,97106.92199545
1769215080000000000,97106.92199545
1769215140000000000,97106.92199545
1769215200000000000,97106.92199545
1769215260000000000,97106.92199545
1769215320000000000,97106.92199545
1769215380000000000,97106.92199545
1769215440000000000,97106.92199545
1769215500000000000,97106.92199545
1769215560000000000,97106.92199545
1769215620000000000,97106.92199545
1769215680000000000,97106.92199545
1769215740000000000,97106.92199545
1769215800000000000,97106.92199545
1769215860000000000,97106.92199545
1769215920000000000,97106.92199545
1769215980000000000,97106.92199545
1769216040000000000,97106.92199545
1769216100000000000,97106.92199545
1769216160000000000,97106.92199545
1769216220000000000,97106.92199545
1769216280000000000,97106.92199545
1769216340000000000,97106.92199545
1769216400000000000,97106.92199545
1769216460000000000,97106.92199545
1769216520000000000,97106.92199545
1769216580000000000,97106.92199545
1769216640000000000,97106.92199545
1769216700000000000,97106.92199545
1769216760000000000,97106.92199545
1769216820000000000,97106.92199545
1769216880000000000,97106.92199545
1769216940000000000,97106.92199545
1769217000000000000,97106.92199545
1769217060000000000,97106.92199545
1769217120000000000,97106.92199545
1769217180000000000,97106.92199545
1769217240000000000,97106.92199545
1769217300000000000,97106.92199545
1769217360000000000,97106.92199545
1769217420000000000,97106.92199545
1769217480000000000,97106.92199545
1769217540000000000,97106.92199545
1769217600000000000,97106.92199545
1769217660000000000,97106.92199545
1769217720000000000,97106.92199545
1769217780000000000,97106.92199545
1769217840000000000,97106.92199545
1769217900000000000,97106.92199545
1769217960000000000,97106.92199545
1769218020000000000,97106.92199545
1769218080000000000,97106.92199545
1769218140000000000,97106.92199545
1769218200000000000,97106.92199545
1769218260000000000,97106.92199545
1769218320000000000,97106.92199545
1769218380000000000,97106.92199545
1769218440000000000,97106.92199545
1769218500000000000,97106.92199545
1769218560000000000,97106.92199545
1769218620000000000,97106.92199545
1769218680000000000,97106.92199545
1769218740000000000,97106.92199545
1769218800000000000,97106.92199545
1769218860000000000,97106.92199545
1769218920000000000,97106.92199545
1769218980000000000,97106.92199545
1769219040000000000,97106.92199545
1769219100000000000,97106.92199545
1769219160000000000,97106.92199545
1769219220000000000,97106.92199545
1769219280000000000,97106.92199545
1769219340000000000,97106.92199545
1769219400000000000,97106.92199545
1769219460000000000,97106.92199545
1769219520000000000,97106.92199545
1769219580000000000,97106.92199545
1769219640000000000,97106.92199545
1769219700000000000,97106.92199545
1769219760000000000,97106.92199545
1769219820000000000,97106.92199545
1769219880000000000,97106.92199545
1769219940000000000,97106.92199545
1769220000000000000,97106.92199545
1769220060000000000,97106.92199545
1769220120000000000,97106.92199545
1769220180000000000,97106.92199545
1769220240000000000,97106.92199545
1769220300000000000,97106.92199545
1769220360000000000,97106.92199545
1769220420000000000,97106.92199545
1769220480000000000,97106.92199545
1769220540000000000,97106.92199545
1769220600000000000,97106.92199545
1769220660000000000,97106.92199545
1769220720000000000,97106.92199545
1769220780000000000,97106.92199545
1769220840000000000,97106.92199545
1769220900000000000,97106.92199545
1769220960000000000,97106.92199545
1769221020000000000,97106.92199545
1769221080000000000,97106.92199545
1769221140000000000,97106.92199545
1769221200000000000,97106.92199545
1769221260000000000,97106.92199545
1769221320000000000,97106.92199545
1769221380000000000,97106.92199545
1769221440000000000,97106.92199545
1769221500000000000,97106.92199545
1769221560000000000,97106.92199545
1769221620000000000,97106.92199545
1769221680000000000,97106.92199545
1769221740000000000,97106.92199545
1769221800000000000,97106.92199545
1769221860000000000,97106.92199545
1769221920000000000,97106.92199545
1769221980000000000,97106.92199545
1769222040000000000,97106.92199545
1769222100000000000,97106.92199545
1769222160000000000,97106.92199545
1769222220000000000,97106.92199545
1769222280000000000,97106.92199545
1769222340000000000,97106.92199545
1769222400000000000,97106.92199545
1769222460000000000,97106.92199545
1769222520000000000,97106.92199545
1769222580000000000,97106.92199545
1769222640000000000,97106.92199545
1769222700000000000,97106.92199545
1769222760000000000,97106.92199545
1769222820000000000,97106.92199545
1769222880000000000,97106.92199545
1769222940000000000,97106.92199545
1769223000000000000,97106.92199545
1769223060000000000,97106.92199545
1769223120000000000,97106.92199545
1769223180000000000,97106.92199545
1769223240000000000,97106.92199545
1769223300000000000,97106.92199545
1769223360000000000,97106.92199545
1769223420000000000,97106.92199545
1769223480000000000,97106.92199545
1769223540000000000,97106.92199545
1769223600000000000,97106.92199545
1769223660000000000,97106.92199545
1769223720000000000,97106.92199545
1769223780000000000,97106.92199545
1769223840000000000,97106.92199545
1769223900000000000,97106.92199545
1769223960000000000,97106.92199545
1769224020000000000,97106.92199545
1769224080000000000,97106.92199545
1769224140000000000,97106.92199545
1769224200000000000,97106.92199545
1769224260000000000,97106.92199545
1769224320000000000,97106.92199545
1769224380000000000,97106.92199545
1769224440000000000,97106.92199545
1769224500000000000,97106.92199545
1769224560000000000,97106.92199545
1769224620000000000,97106.92199545
1769224680000000000,97106.92199545
1769224740000000000,97106.92199545
1769224800000000000,97106.92199545
1769224860000000000,97106.92199545
1769224920000000000,97106.92199545
1769224980000000000,97106.92199545
1769225040000000000,97106.92199545
1769225100000000000,97106.92199545
1769225160000000000,97106.92199545
1769225220000000000,97106.92199545
1769225280000000000,97106.92199545
1769225340000000000,97106.92199545
1769225400000000000,97106.92199545
1769225460000000000,97106.92199545
1769225520000000000,97106.92199545
1769225580000000000,97106.92199545
1769225640000000000,97106.92199545
1769225700000000000,97106.92199545
1769225760000000000,97106.92199545
1769225820000000000,97106.92199545
1769225880000000000,97106.92199545
1769225940000000000,97106.92199545
1769226000000000000,97106.92199545
1769226060000000000,97106.92199545
1769226120000000000,97106.92199545
1769226180000000000,97106.92199545
1769226240000000000,97106.92199545
1769226300000000000,97106.92199545
1769226360000000000,97106.92199545
1769226420000000000,97106.92199545
1769226480000000000,97106.92199545
1769226540000000000,97106.92199545
1769226600000000000,97106.92199545
1769226660000000000,97106.92199545
1769226720000000000,97106.92199545
1769226780000000000,97106.92199545
1769226840000000000,97106.92199545
1769226900000000000,97106.92199545
1769226960000000000,97106.92199545
1769227020000000000,97106.92199545
1769227080000000000,97106.92199545
1769227140000000000,97106.92199545
1769227200000000000,97106.92199545
1769227260000000000,97106.92199545
1769227320000000000,97106.92199545
1769227380000000000,97106.92199545
1769227440000000000,97106.92199545
1769227500000000000,97106.92199545
1769227560000000000,97106.92199545
1769227620000000000,97106.92199545
1769227680000000000,97106.92199545
1769227740000000000,97106.92199545
1769227800000000000,97106.92199545
1769227860000000000,97106.92199545
1769227920000000000,97106.92199545
1769227980000000000,97106.92199545
1769228040000000000,97106.92199545
1769228100000000000,97106.92199545
1769228160000000000,97106.92199545
1769228220000000000,97106.92199545
1769228280000000000,97106.92199545
1769228340000000000,97106.92199545
1769228400000000000,97106.92199545
1769228460000000000,97106.92199545
1769228520000000000,97106.92199545
1769228580000000000,97106.92199545
1769228640000000000,97106.92199545
1769228700000000000,97106.92199545
1769228760000000000,97106.92199545
1769228820000000000,97106.92199545
1769228880000000000,97106.92199545
1769228940000000000,97106.92199545
1769229000000000000,97106.92199545
1769229060000000000,97106.92199545
1769229120000000000,97106.92199545
1769229180000000000,97106.92199545
1769229240000000000,97106.92199545
1769229300000000000,97106.92199545
1769229360000000000,97106.92199545
1769229420000000000,97106.92199545
1769229480000000000,97106.92199545
1769229540000000000,97106.92199545
1769229600000000000,97106.92199545
1769229660000000000,97106.92199545
1769229720000000000,97106.92199545
1769229780000000000,97106.92199545
1769229840000000000,97106.92199545
1769229900000000000,97106.92199545
1769229960000000000,97106.92199545
1769230020000000000,97106.92199545
1769230080000000000,97106.92199545
1769230140000000000,97106.92199545
1769230200000000000,97106.92199545
1769230260000000000,97106.92199545
1769230320000000000,97106.92199545
1769230380000000000,97106.92199545
1769230440000000000,97106.92199545
1769230500000000000,97106.92199545
1769230560000000000,97106.92199545
1769230620000000000,97106.92199545
1769230680000000000,97106.92199545
1769230740000000000,97106.92199545
1769230800000000000,97106.92199545
1769230860000000000,97106.92199545
1769230920000000000,97106.92199545
1769230980000000000,97106.92199545
1769231040000000000,97106.92199545
1769231100000000000,97106.92199545
1769231160000000000,97106.92199545
1769231220000000000,97106.92199545
1769231280000000000,97106.92199545
1769231340000000000,97106.92199545
1769231400000000000,97106.92199545
1769231460000000000,97106.92199545
1769231520000000000,97106.92199545
1769231580000000000,97106.92199545
1769231640000000000,97106.92199545
1769231700000000000,97106.92199545
1769231760000000000,97106.92199545
1769231820000000000,97106.92199545
1769231880000000000,97106.92199545
1769231940000000000,97106.92199545
1769232000000000000,97106.92199545
1769232060000000000,97106.92199545
1769232120000000000,97106.92199545
1769232180000000000,97106.92199545
1769232240000000000,97106.92199545
1769232300000000000,97106.92199545
1769232360000000000,97106.92199545
1769232420000000000,97106.92199545
1769232480000000000,97106.92199545
1769232540000000000,97106.92199545
1769232600000000000,97106.92199545
1769232660000000000,97106.92199545
1769232720000000000,97106.92199545
1769232780000000000,97106.92199545
1769232840000000000,97106.92199545
1769232900000000000,97106.92199545
1769232960000000000,97106.92199545
1769233020000000000,97106.92199545
1769233080000000000,97106.92199545
1769233140000000000,97106.92199545
1769233200000000000,97106.92199545
1769233260000000000,97106.92199545
1769233320000000000,97106.92199545
1769233380000000000,97106.92199545
1769233440000000000,97106.92199545
1769233500000000000,97106.92199545
1769233560000000000,97106.92199545
1769233620000000000,97106.92199545
1769233680000000000,97106.92199545
1769233740000000000,97106.92199545
1769233800000000000,97106.92199545
1769233860000000000,97106.92199545
1769233920000000000,97106.92199545
1769233980000000000,97106.92199545
1769234040000000000,97106.92199545
1769234100000000000,97106.92199545
1769234160000000000,97106.92199545
1769234220000000000,97106.92199545
1769234280000000000,97106.92199545
1769234340000000000,97106.92199545
1769234400000000000,97106.92199545
1769234460000000000,97106.92199545
1769234520000000000,97106.92199545
1769234580000000000,97106.92199545
1769234640000000000,97106.92199545
1769234700000000000,97106.92199545
1769234760000000000,97106.92199545
1769234820000000000,97106.92199545
1769234880000000000,97106.92199545
1769234940000000000,97106.92199545
1769235000000000000,97106.92199545
1769235060000000000,97106.92199545
1769235120000000000,97106.92199545
1769235180000000000,97106.92199545
1769235240000000000,97106.92199545
1769235300000000000,97106.92199545
1769235360000000000,97106.92199545
1769235420000000000,97106.92199545
1769235480000000000,97106.92199545
1769235540000000000,97106.92199545
1769235600000000000,97106.92199545
1769235660000000000,97106.92199545
1769235720000000000,97106.92199545
1769235780000000000,97106.92199545
1769235840000000000,97106.92199545
1769235900000000000,97106.92199545
1769235960000000000,97106.92199545
1769236020000000000,97106.92199545
1769236080000000000,97106.92199545
1769236140000000000,97106.92199545
1769236200000000000,97106.92199545
1769236260000000000,97106.92199545
1769236320000000000,97106.92199545
1769236380000000000,97106.92199545
1769236440000000000,97106.92199545
1769236500000000000,97106.92199545
1769236560000000000,97106.92199545
1769236620000000000,97106.92199545
1769236680000000000,97106.92199545
1769236740000000000,97106.92199545
1769236800000000000,97106.92199545
1769236860000000000,97106.92199545
1769236920000000000,97106.92199545
1769236980000000000,97106.92199545
1769237040000000000,97106.92199545
1769237100000000000,97106.92199545
1769237160000000000,97106.92199545
1769237220000000000,97106.92199545
1769237280000000000,97106.92199545
1769237340000000000,97106.92199545
1769237400000000000,97106.92199545
1769237460000000000,97106.92199545
1769237520000000000,97106.92199545
1769237580000000000,97106.92199545
1769237640000000000,97106.92199545
1769237700000000000,97106.92199545
1769237760000000000,97106.92199545
1769237820000000000,97106.92199545
1769237880000000000,97106.92199545
1769237940000000000,97106.92199545
1769238000000000000,97106.92199545
1769238060000000000,97106.92199545
1769238120000000000,97106.92199545
1769238180000000000,97106.92199545
1769238240000000000,97106.92199545
1769238300000000000,97106.92199545
1769238360000000000,97106.92199545
1769238420000000000,97106.92199545
1769238480000000000,97106.92199545
1769238540000000000,97106.92199545
1769238600000000000,97106.92199545
1769238660000000000,97106.92199545
1769238720000000000,97106.92199545
1769238780000000000,97106.92199545
1769238840000000000,97106.92199545
1769238900000000000,97106.92199545
1769238960000000000,97106.92199545
1769239020000000000,97106.92199545
1769239080000000000,97106.92199545
1769239140000000000,97106.92199545
1769239200000000000,97106.92199545
1769239260000000000,97106.92199545
1769239320000000000,97106.92199545
1769239380000000000,97106.92199545
1769239440000000000,97106.92199545
1769239500000000000,97106.92199545
1769239560000000000,97106.92199545
1769239620000000000,97106.92199545
1769239680000000000,97106.92199545
1769239740000000000,97106.92199545
1769239800000000000,97106.92199545
1769239860000000000,97106.92199545
1769239920000000000,97106.92199545
1769239980000000000,97106.92199545
1769240040000000000,97106.92199545
1769240100000000000,97106.92199545
1769240160000000000,97106.92199545
1769240220000000000,97106.92199545
1769240280000000000,97106.92199545
1769240340000000000,97106.92199545
1769240400000000000,97106.92199545
1769240460000000000,97106.92199545
1769240520000000000,97106.92199545
1769240580000000000,97106.92199545
1769240640000000000,97106.92199545
1769240700000000000,97106.92199545
1769240760000000000,97106.92199545
1769240820000000000,97106.92199545
1769240880000000000,97106.92199545
1769240940000000000,97106.92199545
1769241000000000000,97106.92199545
1769241060000000000,97106.92199545
1769241120000000000,97106.92199545
1769241180000000000,97106.92199545
1769241240000000000,97106.92199545
1769241300000000000,97106.92199545
1769241360000000000,97106.92199545
1769241420000000000,97106.92199545
1769241480000000000,97106.92199545
1769241540000000000,97106.92199545
1769241600000000000,97106.92199545
1769241660000000000,97106.92199545
1769241720000000000,97106.92199545
1769241780000000000,97106.92199545
1769241840000000000,97106.92199545
1769241900000000000,97106.92199545
1769241960000000000,97106.92199545
1769242020000000000,97106.92199545
1769242080000000000,97106.92199545
1769242140000000000,97106.92199545
1769242200000000000,97106.92199545
1769242260000000000,97106.92199545
1769242320000000000,97106.92199545
1769242380000000000,97106.92199545
1769242440000000000,97106.92199545
1769242500000000000,97106.92199545
1769242560000000000,97106.92199545
1769242620000000000,97106.92199545
1769242680000000000,97106.92199545
1769242740000000000,97106.92199545
1769242800000000000,97106.92199545
1769242860000000000,97106.92199545
1769242920000000000,97106.92199545
1769242980000000000,97106.92199545
1769243040000000000,97106.92199545
1769243100000000000,97106.92199545
1769243160000000000,97106.92199545
1769243220000000000,97106.92199545
1769243280000000000,97106.92199545
1769243340000000000,97106.92199545
1769243400000000000,97106.92199545
1769243460000000000,97106.92199545
1769243520000000000,97106.92199545
1769243580000000000,97106.92199545
1769243640000000000,97106.92199545
1769243700000000000,97106.92199545
1769243760000000000,97106.92199545
1769243820000000000,97106.92199545
1769243880000000000,97106.92199545
1769243940000000000,97106.92199545
1769244000000000000,97106.92199545
1769244060000000000,97106.92199545
1769244120000000000,97106.92199545
1769244180000000000,97106.92199545
1769244240000000000,97106.92199545
1769244300000000000,97106.92199545
1769244360000000000,97106.92199545
1769244420000000000,97106.92199545
1769244480000000000,97106.92199545
1769244540000000000,97106.92199545
1769244600000000000,97106.92199545
1769244660000000000,97106.92199545
1769244720000000000,97106.92199545
1769244780000000000,97106.92199545
1769244840000000000,97106.92199545
1769244900000000000,97106.92199545
1769244960000000000,97106.92199545
1769245020000000000,97106.92199545
1769245080000000000,97106.92199545
1769245140000000000,97106.92199545
1769245200000000000,97106.92199545
1769245260000000000,97106.92199545
1769245320000000000,97106.92199545
1769245380000000000,97106.92199545
1769245440000000000,97106.92199545
1769245500000000000,97106.92199545
1769245560000000000,97106.92199545
1769245620000000000,97106.92199545
1769245680000000000,97106.92199545
1769245740000000000,97106.92199545
1769245800000000000,97106.92199545
1769245860000000000,97106.92199545
1769245920000000000,97106.92199545
1769245980000000000,97106.92199545
1769246040000000000,97106.92199545
1769246100000000000,97106.92199545
1769246160000000000,97106.92199545
1769246220000000000,97106.92199545
1769246280000000000,97106.92199545
1769246340000000000,97106.92199545
1769246400000000000,97106.92199545
1769246460000000000,97106.92199545
1769246520000000000,97106.92199545
1769246580000000000,97106.92199545
1769246640000000000,97106.92199545
1769246700000000000,97106.92199545
1769246760000000000,97106.92199545
1769246820000000000,97106.92199545
1769246880000000000,97106.92199545
1769246940000000000,97106.92199545
1769247000000000000,97106.92199545
1769247060000000000,97106.92199545
1769247120000000000,97106.92199545
1769247180000000000,97106.92199545
1769247240000000000,97106.92199545
1769247300000000000,97106.92199545
1769247360000000000,97106.92199545
1769247420000000000,97106.92199545
1769247480000000000,97106.92199545
1769247540000000000,97106.92199545
1769247600000000000,97106.92199545
1769247660000000000,97106.92199545
1769247720000000000,97106.92199545
1769247780000000000,97106.92199545
1769247840000000000,97106.92199545
1769247900000000000,97106.92199545
1769247960000000000,97106.92199545
1769248020000000000,97106.92199545
1769248080000000000,97106.92199545
1769248140000000000,97106.92199545
1769248200000000000,97106.92199545
1769248260000000000,97106.92199545
1769248320000000000,97106.92199545
1769248380000000000,97106.92199545
1769248440000000000,97106.92199545
1769248500000000000,97106.92199545
1769248560000000000,97106.92199545
1769248620000000000,97106.92199545
1769248680000000000,97106.92199545
1769248740000000000,97106.92199545
1769248800000000000,97106.92199545
1769248860000000000,97106.92199545
1769248920000000000,97106.92199545
1769248980000000000,97106.92199545
1769249040000000000,97106.92199545
1769249100000000000,97106.92199545
1769249160000000000,97106.92199545
1769249220000000000,97106.92199545
1769249280000000000,97106.92199545
1769249340000000000,97106.92199545
1769249400000000000,97106.92199545
1769249460000000000,97106.92199545
1769249520000000000,97106.92199545
1769249580000000000,97106.92199545
1769249640000000000,97106.92199545
1769249700000000000,97106.92199545
1769249760000000000,97106.92199545
1769249820000000000,97106.92199545
1769249880000000000,97106.92199545
1769249940000000000,97106.92199545
1769250000000000000,97106.92199545
1769250060000000000,97106.92199545
1769250120000000000,97106.92199545
1769250180000000000,97106.92199545
1769250240000000000,97106.92199545
1769250300000000000,97106.92199545
1769250360000000000,97106.92199545
1769250420000000000,97106.92199545
1769250480000000000,97106.92199545
1769250540000000000,97106.92199545
1769250600000000000,97106.92199545
1769250660000000000,97106.92199545
1769250720000000000,97106.92199545
1769250780000000000,97106.92199545
1769250840000000000,97106.92199545
1769250900000000000,97106.92199545
1769250960000000000,97106.92199545
1769251020000000000,97106.92199545
1769251080000000000,97106.92199545
1769251140000000000,97106.92199545
1769251200000000000,97106.92199545
1769251260000000000,97106.92199545
1769251320000000000,97106.92199545
1769251380000000000,97106.92199545
1769251440000000000,97106.92199545
1769251500000000000,97106.92199545
1769251560000000000,97106.92199545
1769251620000000000,97106.92199545
1769251680000000000,97106.92199545
1769251740000000000,97106.92199545
1769251800000000000,97106.92199545
1769251860000000000,97106.92199545
1769251920000000000,97106.92199545
1769251980000000000,97106.92199545
1769252040000000000,97106.92199545
1769252100000000000,97106.92199545
1769252160000000000,97106.92199545
1769252220000000000,97106.92199545
1769252280000000000,97106.92199545
1769252340000000000,97106.92199545
1769252400000000000,97106.92199545
1769252460000000000,97106.92199545
1769252520000000000,97106.92199545
1769252580000000000,97106.92199545
1769252640000000000,97106.92199545
1769252700000000000,97106.92199545
1769252760000000000,97106.92199545
1769252820000000000,97106.92199545
1769252880000000000,97106.92199545
1769252940000000000,97106.92199545
1769253000000000000,97106.92199545
1769253060000000000,97106.92199545
1769253120000000000,97106.92199545
1769253180000000000,97106.92199545
1769253240000000000,97106.92199545
1769253300000000000,97106.92199545
1769253360000000000,97106.92199545
1769253420000000000,97106.92199545
1769253480000000000,97106.92199545
1769253540000000000,97106.92199545
1769253600000000000,97106.92199545
1769253660000000000,97106.92199545
1769253720000000000,97106.92199545
1769253780000000000,97106.92199545
1769253840000000000,97106.92199545
1769253900000000000,97106.92199545
1769253960000000000,97106.92199545
1769254020000000000,97106.92199545
1769254080000000000,97106.92199545
1769254140000000000,97106.92199545
1769254200000000000,97106.92199545
1769254260000000000,97106.92199545
1769254320000000000,97106.92199545
1769254380000000000,97106.92199545
1769254440000000000,97106.92199545
1769254500000000000,97106.92199545
1769254560000000000,97106.92199545
1769254620000000000,97106.92199545
1769254680000000000,97106.92199545
1769254740000000000,97106.92199545
1769254800000000000,97106.92199545
1769254860000000000,97106.92199545
1769254920000000000,97106.92199545
1769254980000000000,97106.92199545
1769255040000000000,97106.92199545
1769255100000000000,97106.92199545
1769255160000000000,97106.92199545
1769255220000000000,97106.92199545
1769255280000000000,97106.92199545
1769255340000000000,97106.92199545
1769255400000000000,97106.92199545
1769255460000000000,97106.92199545
1769255520000000000,97106.92199545
1769255580000000000,97106.92199545
1769255640000000000,97106.92199545
1769255700000000000,97106.92199545
1769255760000000000,97106.92199545
1769255820000000000,97106.92199545
1769255880000000000,97106.92199545
1769255940000000000,97106.92199545
1769256000000000000,97106.92199545
1769256060000000000,97106.92199545
1769256120000000000,97106.92199545
1769256180000000000,97106.92199545
1769256240000000000,97106.92199545
1769256300000000000,97106.92199545
1769256360000000000,97106.92199545
1769256420000000000,97106.92199545
1769256480000000000,97106.92199545
1769256540000000000,97106.92199545
1769256600000000000,97106.92199545
1769256660000000000,97106.92199545
1769256720000000000,97106.92199545
1769256780000000000,97106.92199545
1769256840000000000,97106.92199545
1769256900000000000,97106.92199545
1769256960000000000,97106.92199545
1769257020000000000,97106.92199545
1769257080000000000,97106.92199545
1769257140000000000,97106.92199545
1769257200000000000,97106.92199545
1769257260000000000,97106.92199545
1769257320000000000,97106.92199545
1769257380000000000,97106.92199545
1769257440000000000,97106.92199545
1769257500000000000,97106.92199545
1769257560000000000,97106.92199545
1769257620000000000,97106.92199545
1769257680000000000,97106.92199545
1769257740000000000,97106.92199545
1769257800000000000,97106.92199545
1769257860000000000,97106.92199545
1769257920000000000,97106.92199545
1769257980000000000,97106.92199545
1769258040000000000,97106.92199545
1769258100000000000,97106.92199545
1769258160000000000,97106.92199545
1769258220000000000,97106.92199545
1769258280000000000,97106.92199545
1769258340000000000,97106.92199545
1769258400000000000,97106.92199545
1769258460000000000,97106.92199545
1769258520000000000,97106.92199545
1769258580000000000,97106.92199545
1769258640000000000,97106.92199545
1769258700000000000,97106.92199545
1769258760000000000,97106.92199545
1769258820000000000,97106.92199545
1769258880000000000,97106.92199545
1769258940000000000,97106.92199545
1769259000000000000,97106.92199545
1769259060000000000,97106.92199545
1769259120000000000,97106.92199545
1769259180000000000,97106.92199545
1769259240000000000,97106.92199545
1769259300000000000,97106.92199545
1769259360000000000,97106.92199545
1769259420000000000,97106.92199545
1769259480000000000,97106.92199545
1769259540000000000,97106.92199545
1769259600000000000,97106.92199545
1769259660000000000,97106.92199545
1769259720000000000,97106.92199545
1769259780000000000,97106.92199545
1769259840000000000,97106.92199545
1769259900000000000,97106.92199545
1769259960000000000,97106.92199545
1769260020000000000,97106.92199545
1769260080000000000,97106.92199545
1769260140000000000,97106.92199545
1769260200000000000,97106.92199545
1769260260000000000,97106.92199545
1769260320000000000,97106.92199545
1769260380000000000,97106.92199545
1769260440000000000,97106.92199545
1769260500000000000,97106.92199545
1769260560000000000,97106.92199545
1769260620000000000,97106.92199545
1769260680000000000,97106.92199545
1769260740000000000,97106.92199545
1769260800000000000,97106.92199545
1769260860000000000,97106.92199545
1769260920000000000,97106.92199545
1769260980000000000,97106.92199545
1769261040000000000,97106.92199545
1769261100000000000,97106.92199545
1769261160000000000,97106.92199545
1769261220000000000,97106.92199545
1769261280000000000,97106.92199545
1769261340000000000,97106.92199545
1769261400000000000,97106.92199545
1769261460000000000,97106.92199545
1769261520000000000,97106.92199545
1769261580000000000,97106.92199545
1769261640000000000,97106.92199545
1769261700000000000,97106.92199545
1769261760000000000,97106.92199545
1769261820000000000,97106.92199545
1769261880000000000,97106.92199545
1769261940000000000,97106.92199545
1769262000000000000,97106.92199545
1769262060000000000,97106.92199545
1769262120000000000,97106.92199545
1769262180000000000,97106.92199545
1769262240000000000,97106.92199545
1769262300000000000,97106.92199545
1769262360000000000,97106.92199545
1769262420000000000,97106.92199545
1769262480000000000,97106.92199545
1769262540000000000,97106.92199545
1769262600000000000,97106.92199545
1769262660000000000,97106.92199545
1769262720000000000,97106.92199545
1769262780000000000,97106.92199545
1769262840000000000,97106.92199545
1769262900000000000,97106.92199545
1769262960000000000,97106.92199545
1769263020000000000,97106.92199545
1769263080000000000,97106.92199545
1769263140000000000,97106.92199545
1769263200000000000,97106.92199545
1769263260000000000,97106.92199545
1769263320000000000,97106.92199545
1769263380000000000,97106.92199545
1769263440000000000,97106.92199545
1769263500000000000,97106.92199545
1769263560000000000,97106.92199545
1769263620000000000,97106.92199545
1769263680000000000,97106.92199545
1769263740000000000,97106.92199545
1769263800000000000,97106.92199545
1769263860000000000,97106.92199545
1769263920000000000,97106.92199545
1769263980000000000,97106.92199545
1769264040000000000,97106.92199545
1769264100000000000,97106.92199545
1769264160000000000,97106.92199545
1769264220000000000,97106.92199545
1769264280000000000,97106.92199545
1769264340000000000,97106.92199545
1769264400000000000,97106.92199545
1769264460000000000,97106.92199545
1769264520000000000,97106.92199545
1769264580000000000,97106.92199545
1769264640000000000,97106.92199545
1769264700000000000,97106.92199545
1769264760000000000,97106.92199545
1769264820000000000,97106.92199545
1769264880000000000,97106.92199545
1769264940000000000,97106.92199545
1769265000000000000,97106.92199545
1769265060000000000,97106.92199545
1769265120000000000,97106.92199545
1769265180000000000,97106.92199545
1769265240000000000,97106.92199545
1769265300000000000,97106.92199545
1769265360000000000,97106.92199545
1769265420000000000,97106.92199545
1769265480000000000,97106.92199545
1769265540000000000,97106.92199545
1769265600000000000,97106.92199545
1769265660000000000,97106.92199545
1769265720000000000,97106.92199545
1769265780000000000,97106.92199545
1769265840000000000,97106.92199545
1769265900000000000,97106.92199545
1769265960000000000,97106.92199545
1769266020000000000,97106.92199545
1769266080000000000,97106.92199545
1769266140000000000,97106.92199545
1769266200000000000,97106.92199545
1769266260000000000,97106.92199545
1769266320000000000,97106.92199545
1769266380000000000,97106.92199545
1769266440000000000,97106.92199545
1769266500000000000,97106.92199545
1769266560000000000,97106.92199545
1769266620000000000,97106.92199545
1769266680000000000,97106.92199545
1769266740000000000,97106.92199545
1769266800000000000,97106.92199545
1769266860000000000,97106.92199545
1769266920000000000,97106.92199545
1769266980000000000,97106.92199545
1769267040000000000,97106.92199545
1769267100000000000,97106.92199545
1769267160000000000,97106.92199545
1769267220000000000,97106.92199545
1769267280000000000,97106.92199545
1769267340000000000,97106.92199545
1769267400000000000,97106.92199545
1769267460000000000,97106.92199545
1769267520000000000,97106.92199545
1769267580000000000,97106.92199545
1769267640000000000,97106.92199545
1769267700000000000,97106.92199545
1769267760000000000,97106.92199545
1769267820000000000,97106.92199545
1769267880000000000,97106.92199545
1769267940000000000,97106.92199545
1769268000000000000,97106.92199545
1769268060000000000,97106.92199545
1769268120000000000,97106.92199545
1769268180000000000,97106.92199545
1769268240000000000,97106.92199545
1769268300000000000,97106.92199545
1769268360000000000,97106.92199545
1769268420000000000,97106.92199545
1769268480000000000,97106.92199545
1769268540000000000,97106.92199545
1769268600000000000,97106.92199545
1769268660000000000,97106.92199545
1769268720000000000,97106.92199545
1769268780000000000,97106.92199545
1769268840000000000,97106.92199545
1769268900000000000,97106.92199545
1769268960000000000,97106.92199545
1769269020000000000,97106.92199545
1769269080000000000,97106.92199545
1769269140000000000,97106.92199545
1769269200000000000,97106.92199545
1769269260000000000,97106.92199545
1769269320000000000,97106.92199545
1769269380000000000,97106.92199545
1769269440000000000,97106.92199545
1769269500000000000,97106.92199545
1769269560000000000,97106.92199545
1769269620000000000,97106.92199545
1769269680000000000,97106.92199545
1769269740000000000,97106.92199545
1769269800000000000,97106.92199545
1769269860000000000,97106.92199545
1769269920000000000,97106.92199545
1769269980000000000,97106.92199545
1769270040000000000,97106.92199545
1769270100000000000,97106.92199545
1769270160000000000,97106.92199545
1769270220000000000,97106.92199545
1769270280000000000,97106.92199545
1769270340000000000,97106.92199545
1769270400000000000,97106.92199545
1769270460000000000,97106.92199545
1769270520000000000,97106.92199545
1769270580000000000,97106.92199545
1769270640000000000,97106.92199545
1769270700000000000,97106.92199545
1769270760000000000,97106.92199545
1769270820000000000,97106.92199545
1769270880000000000,97106.92199545
1769270940000000000,97106.92199545
1769271000000000000,97106.92199545
1769271060000000000,97106.92199545
1769271120000000000,97106.92199545
1769271180000000000,97106.92199545
1769271240000000000,97106.92199545
1769271300000000000,97106.92199545
1769271360000000000,97106.92199545
1769271420000000000,97106.92199545
1769271480000000000,97106.92199545
1769271540000000000,97106.92199545
1769271600000000000,97106.92199545
1769271660000000000,97106.92199545
1769271720000000000,97106.92199545
1769271780000000000,97106.92199545
1769271840000000000,97106.92199545
1769271900000000000,97106.92199545
1769271960000000000,97106.92199545
1769272020000000000,97106.92199545
1769272080000000000,97106.92199545
1769272140000000000,97106.92199545
1769272200000000000,97106.92199545
1769272260000000000,97106.92199545
1769272320000000000,97106.92199545
1769272380000000000,97106.92199545
1769272440000000000,97106.92199545
1769272500000000000,97106.92199545
1769272560000000000,97106.92199545
1769272620000000000,97106.92199545
1769272680000000000,97106.92199545
1769272740000000000,97106.92199545
1769272800000000000,97106.92199545
1769272860000000000,97106.92199545
1769272920000000000,97106.92199545
1769272980000000000,97106.92199545
1769273040000000000,97106.92199545
1769273100000000000,97106.92199545
1769273160000000000,97106.92199545
1769273220000000000,97106.92199545
1769273280000000000,97106.92199545
1769273340000000000,97106.92199545
1769273400000000000,97106.92199545
1769273460000000000,97106.92199545
1769273520000000000,97106.92199545
1769273580000000000,97106.92199545
1769273640000000000,97106.92199545
1769273700000000000,97106.92199545
1769273760000000000,97106.92199545
1769273820000000000,97106.92199545
1769273880000000000,97106.92199545
1769273940000000000,97106.92199545
1769274000000000000,97106.92199545
1769274060000000000,97106.92199545
1769274120000000000,97106.92199545
1769274180000000000,97106.92199545
1769274240000000000,97106.92199545
1769274300000000000,97106.92199545
1769274360000000000,97106.92199545
1769274420000000000,97106.92199545
1769274480000000000,97106.92199545
1769274540000000000,97106.92199545
1769274600000000000,97106.92199545
1769274660000000000,97106.92199545
1769274720000000000,97106.92199545
1769274780000000000,97106.92199545
1769274840000000000,97106.92199545
1769274900000000000,97106.92199545
1769274960000000000,97106.92199545
1769275020000000000,97106.92199545
1769275080000000000,97106.92199545
1769275140000000000,97106.92199545
1769275200000000000,97106.92199545
1769275260000000000,97106.92199545
1769275320000000000,97106.92199545
1769275380000000000,97106.92199545
1769275440000000000,97106.92199545
1769275500000000000,97106.92199545
1769275560000000000,97106.92199545
1769275620000000000,97106.92199545
1769275680000000000,97106.92199545
1769275740000000000,97106.92199545
1769275800000000000,97106.92199545
1769275860000000000,97106.92199545
1769275920000000000,97106.92199545
1769275980000000000,97106.92199545
1769276040000000000,97106.92199545
1769276100000000000,97106.92199545
1769276160000000000,97106.92199545
1769276220000000000,97106.92199545
1769276280000000000,97106.92199545
1769276340000000000,97106.92199545
1769276400000000000,97106.92199545
1769276460000000000,97106.92199545
1769276520000000000,97106.92199545
1769276580000000000,97106.92199545
1769276640000000000,97106.92199545
1769276700000000000,97106.92199545
1769276760000000000,97106.92199545
1769276820000000000,97106.92199545
1769276880000000000,97106.92199545
1769276940000000000,97106.92199545
1769277000000000000,97106.92199545
1769277060000000000,97106.92199545
1769277120000000000,97106.92199545
1769277180000000000,97106.92199545
1769277240000000000,97106.92199545
1769277300000000000,97106.92199545
1769277360000000000,97106.92199545
1769277420000000000,97106.92199545
1769277480000000000,97106.92199545
1769277540000000000,97106.92199545
1769277600000000000,97106.92199545
1769277660000000000,97106.92199545
1769277720000000000,97106.92199545
1769277780000000000,97106.92199545
1769277840000000000,97106.92199545
1769277900000000000,97106.92199545
1769277960000000000,97106.92199545
1769278020000000000,97106.92199545
1769278080000000000,97106.92199545
1769278140000000000,97106.92199545
1769278200000000000,97106.92199545
1769278260000000000,97106.92199545
1769278320000000000,97106.92199545
1769278380000000000,97106.92199545
1769278440000000000,97106.92199545
1769278500000000000,97106.92199545
1769278560000000000,97106.92199545
1769278620000000000,97106.92199545
1769278680000000000,97106.92199545
1769278740000000000,97106.92199545
1769278800000000000,97106.92199545
1769278860000000000,97106.92199545
1769278920000000000,97106.92199545
1769278980000000000,97106.92199545
1769279040000000000,97106.92199545
1769279100000000000,97106.92199545
1769279160000000000,97106.92199545
1769279220000000000,97106.92199545
1769279280000000000,97106.92199545
1769279340000000000,97106.92199545
1769279400000000000,97106.92199545
1769279460000000000,97106.92199545
1769279520000000000,97106.92199545
1769279580000000000,97106.92199545
1769279640000000000,97106.92199545
1769279700000000000,97106.92199545
1769279760000000000,97106.92199545
1769279820000000000,97106.92199545
1769279880000000000,97106.92199545
1769279940000000000,97106.92199545
1769280000000000000,97106.92199545
1769280060000000000,97106.92199545
1769280120000000000,97106.92199545
1769280180000000000,97106.92199545
1769280240000000000,97106.92199545
1769280300000000000,97106.92199545
1769280360000000000,97106.92199545
1769280420000000000,97106.92199545
1769280480000000000,97106.92199545
1769280540000000000,97106.92199545
1769280600000000000,97106.92199545
1769280660000000000,97106.92199545
1769280720000000000,97106.92199545
1769280780000000000,97106.92199545
1769280840000000000,97106.92199545
1769280900000000000,97106.92199545
1769280960000000000,97106.92199545
1769281020000000000,97106.92199545
1769281080000000000,97106.92199545
1769281140000000000,97106.92199545
1769281200000000000,97106.92199545
1769281260000000000,97106.92199545
1769281320000000000,97106.92199545
1769281380000000000,97106.92199545
1769281440000000000,97106.92199545
1769281500000000000,97106.92199545
1769281560000000000,97106.92199545
1769281620000000000,97106.92199545
1769281680000000000,97106.92199545
1769281740000000000,97106.92199545
1769281800000000000,97106.92199545
1769281860000000000,97106.92199545
1769281920000000000,97106.92199545
1769281980000000000,97106.92199545
1769282040000000000,97106.92199545
1769282100000000000,97106.92199545
1769282160000000000,97106.92199545
1769282220000000000,97106.92199545
1769282280000000000,97106.92199545
1769282340000000000,97106.92199545
1769282400000000000,97106.92199545
1769282460000000000,97106.92199545
1769282520000000000,97106.92199545
1769282580000000000,97106.92199545
1769282640000000000,97106.92199545
1769282700000000000,97106.92199545
1769282760000000000,97106.92199545
1769282820000000000,97106.92199545
1769282880000000000,97106.92199545
1769282940000000000,97106.92199545
1769283000000000000,97106.92199545
1769283060000000000,97106.92199545
1769283120000000000,97106.92199545
1769283180000000000,97106.92199545
1769283240000000000,97106.92199545
1769283300000000000,97106.92199545
1769283360000000000,97106.92199545
1769283420000000000,97106.92199545
1769283480000000000,97106.92199545
1769283540000000000,97106.92199545
1769283600000000000,97106.92199545
1769283660000000000,97106.92199545
1769283720000000000,97106.92199545
1769283780000000000,97106.92199545
1769283840000000000,97106.92199545
1769283900000000000,97106.92199545
1769283960000000000,97106.92199545
1769284020000000000,97106.92199545
1769284080000000000,97106.92199545
1769284140000000000,97106.92199545
1769284200000000000,97106.92199545
1769284260000000000,97106.92199545
1769284320000000000,97106.92199545
1769284380000000000,97106.92199545
1769284440000000000,97106.92199545
1769284500000000000,97106.92199545
1769284560000000000,97106.92199545
1769284620000000000,97106.92199545
1769284680000000000,97106.92199545
1769284740000000000,97106.92199545
1769284800000000000,97106.92199545
1769284860000000000,97106.92199545
1769284920000000000,97106.92199545
1769284980000000000,97106.92199545
1769285040000000000,97106.92199545
1769285100000000000,97106.92199545
1769285160000000000,97106.92199545
1769285220000000000,97106.92199545
1769285280000000000,97106.92199545
1769285340000000000,97106.92199545
1769285400000000000,97106.92199545
1769285460000000000,97106.92199545
1769285520000000000,97106.92199545
1769285580000000000,97106.92199545
1769285640000000000,97106.92199545
1769285700000000000,97106.92199545
1769285760000000000,97106.92199545
1769285820000000000,97106.92199545
1769285880000000000,97106.92199545
1769285940000000000,97106.92199545
1769286000000000000,97106.92199545
1769286060000000000,97106.92199545
1769286120000000000,97106.92199545
1769286180000000000,97106.92199545
1769286240000000000,97106.92199545
1769286300000000000,97106.92199545
1769286360000000000,97106.92199545
1769286420000000000,97106.92199545
1769286480000000000,97106.92199545
1769286540000000000,97106.92199545
1769286600000000000,97106.92199545
1769286660000000000,97106.92199545
1769286720000000000,97106.92199545
1769286780000000000,97106.92199545
1769286840000000000,97106.92199545
1769286900000000000,97106.92199545
1769286960000000000,97106.92199545
1769287020000000000,97106.92199545
1769287080000000000,97106.92199545
1769287140000000000,97106.92199545
1769287200000000000,97106.92199545
1769287260000000000,97106.92199545
1769287320000000000,97106.92199545
1769287380000000000,97106.92199545
1769287440000000000,97106.92199545
1769287500000000000,97106.92199545
1769287560000000000,97106.92199545
1769287620000000000,97106.92199545
1769287680000000000,97106.92199545
1769287740000000000,97106.92199545
1769287800000000000,97106.92199545
1769287860000000000,97106.92199545
1769287920000000000,97106.92199545
1769287980000000000,97106.92199545
1769288040000000000,97106.92199545
1769288100000000000,97106.92199545
1769288160000000000,97106.92199545
1769288220000000000,97106.92199545
1769288280000000000,97106.92199545
1769288340000000000,97106.92199545
1769288400000000000,97106.92199545
1769288460000000000,97106.92199545
1769288520000000000,97106.92199545
1769288580000000000,97106.92199545
1769288640000000000,97106.92199545
1769288700000000000,97106.92199545
1769288760000000000,97106.92199545
1769288820000000000,97106.92199545
1769288880000000000,97106.92199545
1769288940000000000,97106.92199545
1769289000000000000,97106.92199545
1769289060000000000,97106.92199545
1769289120000000000,97106.92199545
1769289180000000000,97106.92199545
1769289240000000000,97106.92199545
1769289300000000000,97106.92199545
1769289360000000000,97106.92199545
1769289420000000000,97106.92199545
1769289480000000000,97106.92199545
1769289540000000000,97106.92199545
1769289600000000000,97106.92199545
1769289660000000000,97106.92199545
1769289720000000000,97106.92199545
1769289780000000000,97106.92199545
1769289840000000000,97106.92199545
1769289900000000000,97106.92199545
1769289960000000000,97106.92199545
1769290020000000000,97106.92199545
1769290080000000000,97106.92199545
1769290140000000000,97106.92199545
1769290200000000000,97106.92199545
1769290260000000000,97106.92199545
1769290320000000000,97106.92199545
1769290380000000000,97106.92199545
1769290440000000000,97106.92199545
1769290500000000000,97106.92199545
1769290560000000000,97106.92199545
1769290620000000000,97106.92199545
1769290680000000000,97106.92199545
1769290740000000000,97106.92199545
1769290800000000000,97106.92199545
1769290860000000000,97106.92199545
1769290920000000000,97106.92199545
1769290980000000000,97106.92199545
1769291040000000000,97106.92199545
1769291100000000000,97106.92199545
1769291160000000000,97106.92199545
1769291220000000000,97106.92199545
1769291280000000000,97106.92199545
1769291340000000000,97106.92199545
1769291400000000000,97106.92199545
1769291460000000000,97106.92199545
1769291520000000000,97106.92199545
1769291580000000000,97106.92199545
1769291640000000000,97106.92199545
1769291700000000000,97106.92199545
1769291760000000000,97106.92199545
1769291820000000000,97106.92199545
1769291880000000000,97106.92199545
1769291940000000000,97106.92199545
1769292000000000000,97106.92199545
1769292060000000000,97106.92199545
1769292120000000000,97106.92199545
1769292180000000000,97106.92199545
1769292240000000000,97106.92199545
1769292300000000000,97106.92199545
1769292360000000000,97106.92199545
1769292420000000000,97106.92199545
1769292480000000000,97106.92199545
1769292540000000000,97106.92199545
1769292600000000000,97106.92199545
1769292660000000000,97106.92199545
1769292720000000000,97106.92199545
1769292780000000000,97106.92199545
1769292840000000000,97106.92199545
1769292900000000000,97106.92199545
1769292960000000000,97106.92199545
1769293020000000000,97106.92199545
1769293080000000000,97106.92199545
1769293140000000000,97106.92199545
1769293200000000000,97106.92199545
1769293260000000000,97106.92199545
1769293320000000000,97106.92199545
1769293380000000000,97106.92199545
1769293440000000000,97106.92199545
1769293500000000000,97106.92199545
1769293560000000000,97106.92199545
1769293620000000000,97106.92199545
1769293680000000000,97106.92199545
1769293740000000000,97106.92199545
1769293800000000000,97106.92199545
1769293860000000000,97106.92199545
1769293920000000000,97106.92199545
1769293980000000000,97106.92199545
1769294040000000000,97106.92199545
1769294100000000000,97106.92199545
1769294160000000000,97106.92199545
1769294220000000000,97106.92199545
1769294280000000000,97106.92199545
1769294340000000000,97106.92199545
1769294400000000000,97106.92199545
1769294460000000000,97106.92199545
1769294520000000000,97106.92199545
1769294580000000000,97106.92199545
1769294640000000000,97106.92199545
1769294700000000000,97106.92199545
1769294760000000000,97106.92199545
1769294820000000000,97106.92199545
1769294880000000000,97106.92199545
1769294940000000000,97106.92199545
1769295000000000000,97106.92199545
1769295060000000000,97106.92199545
1769295120000000000,97106.92199545
1769295180000000000,97106.92199545
1769295240000000000,97106.92199545
1769295300000000000,97106.92199545
1769295360000000000,97106.92199545
1769295420000000000,97106.92199545
1769295480000000000,97106.92199545
1769295540000000000,97106.92199545
1769295600000000000,97106.92199545
1769295660000000000,97106.92199545
1769295720000000000,97106.92199545
1769295780000000000,97106.92199545
1769295840000000000,97106.92199545
1769295900000000000,97106.92199545
1769295960000000000,97106.92199545
1769296020000000000,97106.92199545
1769296080000000000,97106.92199545
1769296140000000000,97106.92199545
1769296200000000000,97106.92199545
1769296260000000000,97106.92199545
1769296320000000000,97106.92199545
1769296380000000000,97106.92199545
1769296440000000000,97106.92199545
1769296500000000000,97106.92199545
1769296560000000000,97106.92199545
1769296620000000000,97106.92199545
1769296680000000000,97106.92199545
1769296740000000000,97106.92199545
1769296800000000000,97106.92199545
1769296860000000000,97106.92199545
1769296920000000000,97106.92199545
1769296980000000000,97106.92199545
1769297040000000000,97106.92199545
1769297100000000000,97106.92199545
1769297160000000000,97106.92199545
1769297220000000000,97106.92199545
1769297280000000000,97106.92199545
1769297340000000000,97106.92199545
1769297400000000000,97106.92199545
1769297460000000000,97106.92199545
1769297520000000000,97106.92199545
1769297580000000000,97106.92199545
1769297640000000000,97106.92199545
1769297700000000000,97106.92199545
1769297760000000000,97106.92199545
1769297820000000000,97106.92199545
1769297880000000000,97106.92199545
1769297940000000000,97106.92199545
1769298000000000000,97106.92199545
1769298060000000000,97106.92199545
1769298120000000000,97106.92199545
1769298180000000000,97106.92199545
1769298240000000000,97106.92199545
1769298300000000000,97106.92199545
1769298360000000000,97106.92199545
1769298420000000000,97106.92199545
1769298480000000000,97106.92199545
1769298540000000000,97106.92199545
1769298600000000000,97106.92199545
1769298660000000000,97106.92199545
1769298720000000000,97106.92199545
1769298780000000000,97106.92199545
1769298840000000000,97106.92199545
1769298900000000000,97106.92199545
1769298960000000000,97106.92199545
1769299020000000000,97106.92199545
1769299080000000000,97106.92199545
1769299140000000000,97106.92199545
1769299200000000000,97106.92199545
1769299260000000000,97106.92199545
1769299320000000000,97106.92199545
1769299380000000000,97106.92199545
1769299440000000000,97106.92199545
1769299500000000000,97106.92199545
1769299560000000000,97106.92199545
1769299620000000000,97106.92199545
1769299680000000000,97106.92199545
1769299740000000000,97106.92199545
1769299800000000000,97106.92199545
1769299860000000000,97106.92199545
1769299920000000000,97106.92199545
1769299980000000000,97106.92199545
1769300040000000000,97106.92199545
1769300100000000000,97106.92199545
1769300160000000000,97106.92199545
1769300220000000000,97106.92199545
1769300280000000000,97106.92199545
1769300340000000000,97106.92199545
1769300400000000000,97106.92199545
1769300460000000000,97106.92199545
1769300520000000000,97106.92199545
1769300580000000000,97106.92199545
1769300640000000000,97106.92199545
1769300700000000000,97106.92199545
1769300760000000000,97106.92199545
1769300820000000000,97106.92199545
1769300880000000000,97106.92199545
1769300940000000000,97106.92199545
1769301000000000000,97106.92199545
1769301060000000000,97106.92199545
1769301120000000000,97106.92199545
1769301180000000000,97106.92199545
1769301240000000000,97106.92199545
1769301300000000000,97106.92199545
1769301360000000000,97106.92199545
1769301420000000000,97106.92199545
1769301480000000000,97106.92199545
1769301540000000000,97106.92199545
1769301600000000000,97106.92199545
1769301660000000000,97106.92199545
1769301720000000000,97106.92199545
1769301780000000000,97106.92199545
1769301840000000000,97106.92199545
1769301900000000000,97106.92199545
1769301960000000000,97106.92199545
1769302020000000000,97106.92199545
1769302080000000000,97106.92199545
1769302140000000000,97106.92199545
1769302200000000000,97106.92199545
1769302260000000000,97106.92199545
1769302320000000000,97106.92199545
1769302380000000000,97106.92199545
1769302440000000000,97106.92199545
1769302500000000000,97106.92199545
1769302560000000000,97106.92199545
1769302620000000000,97106.92199545
1769302680000000000,97106.92199545
1769302740000000000,97106.92199545
1769302800000000000,97106.92199545
1769302860000000000,97106.92199545
1769302920000000000,97106.92199545
1769302980000000000,97106.92199545
1769303040000000000,97106.92199545
1769303100000000000,97106.92199545
1769303160000000000,97106.92199545
1769303220000000000,97106.92199545
1769303280000000000,97106.92199545
1769303340000000000,97106.92199545
1769303400000000000,97106.92199545
1769303460000000000,97106.92199545
1769303520000000000,97106.92199545
1769303580000000000,97106.92199545
1769303640000000000,97106.92199545
1769303700000000000,97106.92199545
1769303760000000000,97106.92199545
1769303820000000000,97106.92199545
1769303880000000000,97106.92199545
1769303940000000000,97106.92199545
1769304000000000000,97106.92199545
1769304060000000000,97106.92199545
1769304120000000000,97106.92199545
1769304180000000000,97106.92199545
1769304240000000000,97106.92199545
1769304300000000000,97106.92199545
1769304360000000000,97106.92199545
1769304420000000000,97106.92199545
1769304480000000000,97106.92199545
1769304540000000000,97106.92199545
1769304600000000000,97106.92199545
1769304660000000000,97106.92199545
1769304720000000000,97106.92199545
1769304780000000000,97106.92199545
1769304840000000000,97106.92199545
1769304900000000000,97106.92199545
1769304960000000000,97106.92199545
1769305020000000000,97106.92199545
1769305080000000000,97106.92199545
1769305140000000000,97106.92199545
1769305200000000000,97106.92199545
1769305260000000000,97106.92199545
1769305320000000000,97106.92199545
1769305380000000000,97106.92199545
1769305440000000000,97106.92199545
1769305500000000000,97106.92199545
1769305560000000000,97106.92199545
1769305620000000000,97106.92199545
1769305680000000000,97106.92199545
1769305740000000000,97106.92199545
1769305800000000000,97106.92199545
1769305860000000000,97106.92199545
1769305920000000000,97106.92199545
1769305980000000000,97106.92199545
1769306040000000000,97106.92199545
1769306100000000000,97106.92199545
1769306160000000000,97106.92199545
1769306220000000000,97106.92199545
1769306280000000000,97106.92199545
1769306340000000000,97106.92199545
1769306400000000000,97106.92199545
1769306460000000000,97106.92199545
1769306520000000000,97106.92199545
1769306580000000000,97106.92199545
1769306640000000000,97106.92199545
1769306700000000000,97106.92199545
1769306760000000000,97106.92199545
1769306820000000000,97106.92199545
1769306880000000000,97106.92199545
1769306940000000000,97106.92199545
1769307000000000000,97106.92199545
1769307060000000000,97106.92199545
1769307120000000000,97106.92199545
1769307180000000000,97106.92199545
1769307240000000000,97106.92199545
1769307300000000000,97106.92199545
1769307360000000000,97106.92199545
1769307420000000000,97106.92199545
1769307480000000000,97106.92199545
1769307540000000000,97106.92199545
1769307600000000000,97106.92199545
1769307660000000000,97106.92199545
1769307720000000000,97106.92199545
1769307780000000000,97106.92199545
1769307840000000000,97106.92199545
1769307900000000000,97106.92199545
1769307960000000000,97106.92199545
1769308020000000000,97106.92199545
1769308080000000000,97106.92199545
1769308140000000000,97106.92199545
1769308200000000000,97106.92199545
1769308260000000000,97106.92199545
1769308320000000000,97106.92199545
1769308380000000000,97106.92199545
1769308440000000000,97106.92199545
1769308500000000000,97106.92199545
1769308560000000000,97106.92199545
1769308620000000000,97106.92199545
1769308680000000000,97106.92199545
1769308740000000000,97106.92199545
1769308800000000000,97106.92199545
1769308860000000000,97106.92199545
1769308920000000000,97106.92199545
1769308980000000000,97106.92199545
1769309040000000000,97106.92199545
1769309100000000000,97106.92199545
1769309160000000000,97106.92199545
1769309220000000000,97106.92199545
1769309280000000000,97106.92199545
1769309340000000000,97106.92199545
1769309400000000000,97106.92199545
1769309460000000000,97106.92199545
1769309520000000000,97106.92199545
1769309580000000000,97106.92199545
1769309640000000000,97106.92199545
1769309700000000000,97106.92199545
1769309760000000000,97106.92199545
1769309820000000000,97106.92199545
1769309880000000000,97106.92199545
1769309940000000000,97106.92199545
1769310000000000000,97106.92199545
1769310060000000000,97106.92199545
1769310120000000000,97106.92199545
1769310180000000000,97106.92199545
1769310240000000000,97106.92199545
1769310300000000000,97106.92199545
1769310360000000000,97106.92199545
1769310420000000000,97106.92199545
1769310480000000000,97106.92199545
1769310540000000000,97106.92199545
1769310600000000000,97106.92199545
1769310660000000000,97106.92199545
1769310720000000000,97106.92199545
1769310780000000000,97106.92199545
1769310840000000000,97106.92199545
1769310900000000000,97106.92199545
1769310960000000000,97106.92199545
1769311020000000000,97106.92199545
1769311080000000000,97106.92199545
1769311140000000000,97106.92199545
1769311200000000000,97106.92199545
1769311260000000000,97106.92199545
1769311320000000000,97106.92199545
1769311380000000000,97106.92199545
1769311440000000000,97106.92199545
1769311500000000000,97106.92199545
1769311560000000000,97106.92199545
1769311620000000000,97106.92199545
1769311680000000000,97106.92199545
1769311740000000000,97106.92199545
1769311800000000000,97106.92199545
1769311860000000000,97106.92199545
1769311920000000000,97106.92199545
1769311980000000000,97106.92199545
1769312040000000000,97106.92199545
1769312100000000000,97106.92199545
1769312160000000000,97106.92199545
1769312220000000000,97106.92199545
1769312280000000000,97106.92199545
1769312340000000000,97106.92199545
1769312400000000000,97106.92199545
1769312460000000000,97106.92199545
1769312520000000000,97106.92199545
1769312580000000000,97106.92199545
1769312640000000000,97106.92199545
1769312700000000000,97106.92199545
1769312760000000000,97106.92199545
1769312820000000000,97106.92199545
1769312880000000000,97106.92199545
1769312940000000000,97106.92199545
1769313000000000000,97106.92199545
1769313060000000000,97106.92199545
1769313120000000000,97106.92199545
1769313180000000000,97106.92199545
1769313240000000000,97106.92199545
1769313300000000000,97106.92199545
1769313360000000000,97106.92199545
1769313420000000000,97106.92199545
1769313480000000000,97106.92199545
1769313540000000000,97106.92199545
1769313600000000000,97106.92199545
1769313660000000000,97106.92199545
1769313720000000000,97106.92199545
1769313780000000000,97106.92199545
1769313840000000000,97106.92199545
1769313900000000000,97106.92199545
1769313960000000000,97106.92199545
1769314020000000000,97106.92199545
1769314080000000000,97106.92199545
1769314140000000000,97106.92199545
1769314200000000000,97106.92199545
1769314260000000000,97106.92199545
1769314320000000000,97106.92199545
1769314380000000000,97106.92199545
1769314440000000000,97106.92199545
1769314500000000000,97106.92199545
1769314560000000000,97106.92199545
1769314620000000000,97106.92199545
1769314680000000000,97106.92199545
1769314740000000000,97106.92199545
1769314800000000000,97106.92199545
1769314860000000000,97106.92199545
1769314920000000000,97106.92199545
1769314980000000000,97106.92199545
1769315040000000000,97106.92199545
1769315100000000000,97106.92199545
1769315160000000000,97106.92199545
1769315220000000000,97106.92199545
1769315280000000000,97106.92199545
1769315340000000000,97106.92199545
1769315400000000000,97106.92199545
1769315460000000000,97106.92199545
1769315520000000000,97106.92199545
1769315580000000000,97106.92199545
1769315640000000000,97106.92199545
1769315700000000000,97106.92199545
1769315760000000000,97106.92199545
1769315820000000000,97106.92199545
1769315880000000000,97106.92199545
1769315940000000000,97106.92199545
1769316000000000000,97106.92199545
1769316060000000000,97106.92199545
1769316120000000000,97106.92199545
1769316180000000000,97106.92199545
1769316240000000000,97106.92199545
1769316300000000000,97106.92199545
1769316360000000000,97106.92199545
1769316420000000000,97106.92199545
1769316480000000000,97106.92199545
1769316540000000000,97106.92199545
1769316600000000000,97106.92199545
1769316660000000000,97106.92199545
1769316720000000000,97106.92199545
1769316780000000000,97106.92199545
1769316840000000000,97106.92199545
1769316900000000000,97106.92199545
1769316960000000000,97106.92199545
1769317020000000000,97106.92199545
1769317080000000000,97106.92199545
1769317140000000000,97106.92199545
1769317200000000000,97106.92199545
1769317260000000000,97106.92199545
1769317320000000000,97106.92199545
1769317380000000000,97106.92199545
1769317440000000000,97106.92199545
1769317500000000000,97106.92199545
1769317560000000000,97106.92199545
1769317620000000000,97106.92199545
1769317680000000000,97106.92199545
1769317740000000000,97106.92199545
1769317800000000000,97106.92199545
1769317860000000000,97106.92199545
1769317920000000000,97106.92199545
1769317980000000000,97106.92199545
1769318040000000000,97106.92199545
1769318100000000000,97106.92199545
1769318160000000000,97106.92199545
1769318220000000000,97106.92199545
1769318280000000000,97106.92199545
1769318340000000000,97106.92199545
1769318400000000000,97106.92199545
1769318460000000000,97106.92199545
1769318520000000000,97106.92199545
1769318580000000000,97106.92199545
1769318640000000000,97106.92199545
1769318700000000000,97106.92199545
1769318760000000000,97106.92199545
1769318820000000000,97106.92199545
1769318880000000000,97106.92199545
1769318940000000000,97106.92199545
1769319000000000000,97106.92199545
1769319060000000000,97106.92199545
1769319120000000000,97106.92199545
1769319180000000000,97106.92199545
1769319240000000000,97106.92199545
1769319300000000000,97106.92199545
1769319360000000000,97106.92199545
1769319420000000000,97106.92199545
1769319480000000000,97106.92199545
1769319540000000000,97106.92199545
1769319600000000000,97106.92199545
1769319660000000000,97106.92199545
1769319720000000000,97106.92199545
1769319780000000000,97106.92199545
1769319840000000000,97106.92199545
1769319900000000000,97106.92199545
1769319960000000000,97106.92199545
1769320020000000000,97106.92199545
1769320080000000000,97106.92199545
1769320140000000000,97106.92199545
1769320200000000000,97106.92199545
1769320260000000000,97106.92199545
1769320320000000000,97106.92199545
1769320380000000000,97106.92199545
1769320440000000000,97106.92199545
1769320500000000000,97106.92199545
1769320560000000000,97106.92199545
1769320620000000000,97106.92199545
1769320680000000000,97106.92199545
1769320740000000000,97106.92199545
1769320800000000000,97106.92199545
1769320860000000000,97106.92199545
1769320920000000000,97106.92199545
1769320980000000000,97106.92199545
1769321040000000000,97106.92199545
1769321100000000000,97106.92199545
1769321160000000000,97106.92199545
1769321220000000000,97106.92199545
1769321280000000000,97106.92199545
1769321340000000000,97106.92199545
1769321400000000000,97106.92199545
1769321460000000000,97106.92199545
1769321520000000000,97106.92199545
1769321580000000000,97106.92199545
1769321640000000000,97106.92199545
1769321700000000000,97106.92199545
1769321760000000000,97106.92199545
1769321820000000000,97106.92199545
1769321880000000000,97106.92199545
1769321940000000000,97106.92199545
1769322000000000000,97106.92199545
1769322060000000000,97106.92199545
1769322120000000000,97106.92199545
1769322180000000000,97106.92199545
1769322240000000000,97106.92199545
1769322300000000000,97106.92199545
1769322360000000000,97106.92199545
1769322420000000000,97106.92199545
1769322480000000000,97106.92199545
1769322540000000000,97106.92199545
1769322600000000000,97106.92199545
1769322660000000000,97106.92199545
1769322720000000000,97106.92199545
1769322780000000000,97106.92199545
1769322840000000000,97106.92199545
1769322900000000000,97106.92199545
1769322960000000000,97106.92199545
1769323020000000000,97106.92199545
1769323080000000000,97106.92199545
1769323140000000000,97106.92199545
1769323200000000000,97106.92199545
1769323260000000000,97106.92199545
1769323320000000000,97106.92199545
1769323380000000000,97106.92199545
1769323440000000000,97106.92199545
1769323500000000000,97106.92199545
1769323560000000000,97106.92199545
1769323620000000000,97106.92199545
1769323680000000000,97106.92199545
1769323740000000000,97106.92199545
1769323800000000000,97106.92199545
1769323860000000000,97106.92199545
1769323920000000000,97106.92199545
1769323980000000000,97106.92199545
1769324040000000000,97106.92199545
1769324100000000000,97106.92199545
1769324160000000000,97106.92199545
1769324220000000000,97106.92199545
1769324280000000000,97106.92199545
1769324340000000000,97106.92199545
1769324400000000000,97106.92199545
1769324460000000000,97106.92199545
1769324520000000000,97106.92199545
1769324580000000000,97106.92199545
1769324640000000000,97106.92199545
1769324700000000000,97106.92199545
1769324760000000000,97106.92199545
1769324820000000000,97106.92199545
1769324880000000000,97106.92199545
1769324940000000000,97106.92199545
1769325000000000000,97106.92199545
1769325060000000000,97106.92199545
1769325120000000000,97106.92199545
1769325180000000000,97106.92199545
1769325240000000000,97106.92199545
1769325300000000000,97106.92199545
1769325360000000000,97106.92199545
1769325420000000000,97106.92199545
1769325480000000000,97106.92199545
1769325540000000000,97106.92199545
1769325600000000000,97106.92199545
1769325660000000000,97106.92199545
1769325720000000000,97106.92199545
1769325780000000000,97106.92199545
1769325840000000000,97106.92199545
1769325900000000000,97106.92199545
1769325960000000000,97106.92199545
1769326020000000000,97106.92199545
1769326080000000000,97106.92199545
1769326140000000000,97106.92199545
1769326200000000000,97106.92199545
1769326260000000000,97106.92199545
1769326320000000000,97106.92199545
1769326380000000000,97106.92199545
1769326440000000000,97106.92199545
1769326500000000000,97106.92199545
1769326560000000000,97106.92199545
1769326620000000000,97106.92199545
1769326680000000000,97106.92199545
1769326740000000000,97106.92199545
1769326800000000000,97106.92199545
1769326860000000000,97106.92199545
1769326920000000000,97106.92199545
1769326980000000000,97106.92199545
1769327040000000000,97106.92199545
1769327100000000000,97106.92199545
1769327160000000000,97106.92199545
1769327220000000000,97106.92199545
1769327280000000000,97106.92199545
1769327340000000000,97106.92199545
1769327400000000000,97106.92199545
1769327460000000000,97106.92199545
1769327520000000000,97106.92199545
1769327580000000000,97106.92199545
1769327640000000000,97106.92199545
1769327700000000000,97106.92199545
1769327760000000000,97106.92199545
1769327820000000000,97106.92199545
1769327880000000000,97106.92199545
1769327940000000000,97106.92199545
1769328000000000000,97106.92199545
1769328060000000000,97106.92199545
1769328120000000000,97106.92199545
1769328180000000000,97106.92199545
1769328240000000000,97106.92199545
1769328300000000000,97106.92199545
1769328360000000000,97106.92199545
1769328420000000000,97106.92199545
1769328480000000000,97106.92199545
1769328540000000000,97106.92199545
1769328600000000000,97106.92199545
1769328660000000000,97106.92199545
1769328720000000000,97106.92199545
1769328780000000000,97106.92199545
1769328840000000000,97106.92199545
1769328900000000000,97106.92199545
1769328960000000000,97106.92199545
1769329020000000000,97106.92199545
1769329080000000000,97106.92199545
1769329140000000000,97106.92199545
1769329200000000000,97106.92199545
1769329260000000000,97106.92199545
1769329320000000000,97106.92199545
1769329380000000000,97106.92199545
1769329440000000000,97106.92199545
1769329500000000000,97106.92199545
1769329560000000000,97106.92199545
1769329620000000000,97106.92199545
1769329680000000000,97106.92199545
1769329740000000000,97106.92199545
1769329800000000000,97106.92199545
1769329860000000000,97106.92199545
1769329920000000000,97106.92199545
1769329980000000000,97106.92199545
1769330040000000000,97106.92199545
1769330100000000000,97106.92199545
1769330160000000000,97106.92199545
1769330220000000000,97106.92199545
1769330280000000000,97106.92199545
1769330340000000000,97106.92199545
1769330400000000000,97106.92199545
1769330460000000000,97106.92199545
1769330520000000000,97106.92199545
1769330580000000000,97106.92199545
1769330640000000000,97106.92199545
1769330700000000000,97106.92199545
1769330760000000000,97106.92199545
1769330820000000000,97106.92199545
1769330880000000000,97106.92199545
1769330940000000000,97106.92199545
1769331000000000000,97106.92199545
1769331060000000000,97106.92199545
1769331120000000000,97106.92199545
1769331180000000000,97106.92199545
1769331240000000000,97106.92199545
1769331300000000000,97106.92199545
1769331360000000000,97106.92199545
1769331420000000000,97106.92199545
1769331480000000000,97106.92199545
1769331540000000000,97106.92199545
1769331600000000000,97106.92199545
1769331660000000000,97106.92199545
1769331720000000000,97106.92199545
1769331780000000000,97106.92199545
1769331840000000000,97106.92199545
1769331900000000000,97106.92199545
1769331960000000000,97106.92199545
1769332020000000000,97106.92199545
1769332080000000000,97106.92199545
1769332140000000000,97106.92199545
1769332200000000000,97106.92199545
1769332260000000000,97106.92199545
1769332320000000000,97106.92199545
1769332380000000000,97106.92199545
1769332440000000000,97106.92199545
1769332500000000000,97106.92199545
1769332560000000000,97106.92199545
1769332620000000000,97106.92199545
1769332680000000000,97106.92199545
1769332740000000000,97106.92199545
1769332800000000000,97106.92199545
1769332860000000000,97106.92199545
1769332920000000000,97106.92199545
1769332980000000000,97106.92199545
1769333040000000000,97106.92199545
1769333100000000000,97106.92199545
1769333160000000000,97106.92199545
1769333220000000000,97106.92199545
1769333280000000000,97106.92199545
1769333340000000000,97106.92199545
1769333400000000000,97106.92199545
1769333460000000000,97106.92199545
1769333520000000000,97106.92199545
1769333580000000000,97106.92199545
1769333640000000000,97106.92199545
1769333700000000000,97106.92199545
1769333760000000000,97106.92199545
1769333820000000000,97106.92199545
1769333880000000000,97106.92199545
1769333940000000000,97106.92199545
1769334000000000000,97106.92199545
1769334060000000000,97106.92199545
1769334120000000000,97106.92199545
1769334180000000000,97106.92199545
1769334240000000000,97106.92199545
1769334300000000000,97106.92199545
1769334360000000000,97106.92199545
1769334420000000000,97106.92199545
1769334480000000000,97106.92199545
1769334540000000000,97106.92199545
1769334600000000000,97106.92199545
1769334660000000000,97106.92199545
1769334720000000000,97106.92199545
1769334780000000000,97106.92199545
1769334840000000000,97106.92199545
1769334900000000000,97106.92199545
1769334960000000000,97106.92199545
1769335020000000000,97106.92199545
1769335080000000000,97106.92199545
1769335140000000000,97106.92199545
1769335200000000000,97106.92199545
1769335260000000000,97106.92199545
1769335320000000000,97106.92199545
1769335380000000000,97106.92199545
1769335440000000000,97106.92199545
1769335500000000000,97106.92199545
1769335560000000000,97106.92199545
1769335620000000000,97106.92199545
1769335680000000000,97106.92199545
1769335740000000000,97106.92199545
1769335800000000000,97106.92199545
1769335860000000000,97106.92199545
1769335920000000000,97106.92199545
1769335980000000000,97106.92199545
1769336040000000000,97106.92199545
1769336100000000000,97106.92199545
1769336160000000000,97106.92199545
1769336220000000000,97106.92199545
1769336280000000000,97106.92199545
1769336340000000000,97106.92199545
1769336400000000000,97106.92199545
1769336460000000000,97106.92199545
1769336520000000000,97106.92199545
1769336580000000000,97106.92199545
1769336640000000000,97106.92199545
1769336700000000000,97106.92199545
1769336760000000000,97106.92199545
1769336820000000000,97106.92199545
1769336880000000000,97106.92199545
1769336940000000000,97106.92199545
1769337000000000000,97106.92199545
1769337060000000000,97106.92199545
1769337120000000000,97106.92199545
1769337180000000000,97106.92199545
1769337240000000000,97106.92199545
1769337300000000000,97106.92199545
1769337360000000000,97106.92199545
1769337420000000000,97106.92199545
1769337480000000000,97106.92199545
1769337540000000000,97106.92199545
1769337600000000000,97106.92199545
1769337660000000000,97106.92199545
1769337720000000000,97106.92199545
1769337780000000000,97106.92199545
1769337840000000000,97106.92199545
1769337900000000000,97106.92199545
1769337960000000000,97106.92199545
1769338020000000000,97106.92199545
1769338080000000000,97106.92199545
1769338140000000000,97106.92199545
1769338200000000000,97106.92199545
1769338260000000000,97106.92199545
1769338320000000000,97106.92199545
1769338380000000000,97106.92199545
1769338440000000000,97106.92199545
1769338500000000000,97106.92199545
1769338560000000000,97106.92199545
1769338620000000000,97106.92199545
1769338680000000000,97106.92199545
1769338740000000000,97106.92199545
1769338800000000000,97106.92199545
1769338860000000000,97106.92199545
1769338920000000000,97106.92199545
1769338980000000000,97106.92199545
1769339040000000000,97106.92199545
1769339100000000000,97106.92199545
1769339160000000000,97106.92199545
1769339220000000000,97106.92199545
1769339280000000000,97106.92199545
1769339340000000000,97106.92199545
1769339400000000000,97106.92199545
1769339460000000000,97106.92199545
1769339520000000000,97106.92199545
1769339580000000000,97106.92199545
1769339640000000000,97106.92199545
1769339700000000000,97106.92199545
1769339760000000000,97106.92199545
1769339820000000000,97106.92199545
1769339880000000000,97106.92199545
1769339940000000000,97106.92199545
1769340000000000000,97106.92199545
1769340060000000000,97106.92199545
1769340120000000000,97106.92199545
1769340180000000000,97106.92199545
1769340240000000000,97106.92199545
1769340300000000000,97106.92199545
1769340360000000000,97106.92199545
1769340420000000000,97106.92199545
1769340480000000000,97106.92199545
1769340540000000000,97106.92199545
1769340600000000000,97106.92199545
1769340660000000000,97106.92199545
1769340720000000000,97106.92199545
1769340780000000000,97106.92199545
1769340840000000000,97106.92199545
1769340900000000000,97106.92199545
1769340960000000000,97106.92199545
1769341020000000000,97106.92199545
1769341080000000000,97106.92199545
1769341140000000000,97106.92199545
1769341200000000000,97106.92199545
1769341260000000000,97106.92199545
1769341320000000000,97106.92199545
1769341380000000000,97106.92199545
1769341440000000000,97106.92199545
1769341500000000000,97106.92199545
1769341560000000000,97106.92199545
1769341620000000000,97106.92199545
1769341680000000000,97106.92199545
1769341740000000000,97106.92199545
1769341800000000000,97106.92199545
1769341860000000000,97106.92199545
1769341920000000000,97106.92199545
1769341980000000000,97106.92199545
1769342040000000000,97106.92199545
1769342100000000000,97106.92199545
1769342160000000000,97106.92199545
1769342220000000000,97106.92199545
1769342280000000000,97106.92199545
1769342340000000000,97106.92199545
1769342400000000000,97106.92199545
1769342460000000000,97106.92199545
1769342520000000000,97106.92199545
1769342580000000000,97106.92199545
1769342640000000000,97106.92199545
1769342700000000000,97106.92199545
1769342760000000000,97106.92199545
1769342820000000000,97106.92199545
1769342880000000000,97106.92199545
1769342940000000000,97106.92199545
1769343000000000000,97106.92199545
1769343060000000000,97106.92199545
1769343120000000000,97106.92199545
1769343180000000000,97106.92199545
1769343240000000000,97106.92199545
1769343300000000000,97106.92199545
1769343360000000000,97106.92199545
1769343420000000000,97106.92199545
1769343480000000000,97106.92199545
1769343540000000000,97106.92199545
1769343600000000000,97106.92199545
1769343660000000000,97106.92199545
1769343720000000000,97106.92199545
1769343780000000000,97106.92199545
1769343840000000000,97106.92199545
1769343900000000000,97106.92199545
1769343960000000000,97106.92199545
1769344020000000000,97106.92199545
1769344080000000000,97106.92199545
1769344140000000000,97106.92199545
1769344200000000000,97106.92199545
1769344260000000000,97106.92199545
1769344320000000000,97106.92199545
1769344380000000000,97106.92199545
1769344440000000000,97106.92199545
1769344500000000000,97106.92199545
1769344560000000000,97106.92199545
1769344620000000000,97106.92199545
1769344680000000000,97106.92199545
1769344740000000000,97106.92199545
1769344800000000000,97106.92199545
1769344860000000000,97106.92199545
1769344920000000000,97106.92199545
1769344980000000000,97106.92199545
1769345040000000000,97106.92199545
1769345100000000000,97106.92199545
1769345160000000000,97106.92199545
1769345220000000000,97106.92199545
1769345280000000000,97106.92199545
1769345340000000000,97106.92199545
1769345400000000000,97106.92199545
1769345460000000000,97106.92199545
1769345520000000000,97106.92199545
1769345580000000000,97106.92199545
1769345640000000000,97106.92199545
1769345700000000000,97106.92199545
1769345760000000000,97106.92199545
1769345820000000000,97106.92199545
1769345880000000000,97106.92199545
1769345940000000000,97106.92199545
1769346000000000000,97106.92199545
1769346060000000000,97106.92199545
1769346120000000000,97106.92199545
1769346180000000000,97106.92199545
1769346240000000000,97106.92199545
1769346300000000000,97106.92199545
1769346360000000000,97106.92199545
1769346420000000000,97106.92199545
1769346480000000000,97106.92199545
1769346540000000000,97106.92199545
1769346600000000000,97106.92199545
1769346660000000000,97106.92199545
1769346720000000000,97106.92199545
1769346780000000000,97106.92199545
1769346840000000000,97106.92199545
1769346900000000000,97106.92199545
1769346960000000000,97106.92199545
1769347020000000000,97106.92199545
1769347080000000000,97106.92199545
1769347140000000000,97106.92199545
1769347200000000000,97106.92199545
1769347260000000000,97106.92199545
1769347320000000000,97106.92199545
1769347380000000000,97106.92199545
1769347440000000000,97106.92199545
1769347500000000000,97106.92199545
1769347560000000000,97106.92199545
1769347620000000000,97106.92199545
1769347680000000000,97106.92199545
1769347740000000000,97106.92199545
1769347800000000000,97106.92199545
1769347860000000000,97106.92199545
1769347920000000000,97106.92199545
1769347980000000000,97106.92199545
1769348040000000000,97106.92199545
1769348100000000000,97106.92199545
1769348160000000000,97106.92199545
1769348220000000000,97106.92199545
1769348280000000000,97106.92199545
1769348340000000000,97106.92199545
1769348400000000000,97106.92199545
1769348460000000000,97106.92199545
1769348520000000000,97106.92199545
1769348580000000000,97106.92199545
1769348640000000000,97106.92199545
1769348700000000000,97106.92199545
1769348760000000000,97106.92199545
1769348820000000000,97106.92199545
1769348880000000000,97106.92199545
1769348940000000000,97106.92199545
1769349000000000000,97106.92199545
1769349060000000000,97106.92199545
1769349120000000000,97106.92199545
1769349180000000000,97106.92199545
1769349240000000000,97106.92199545
1769349300000000000,97106.92199545
1769349360000000000,97106.92199545
1769349420000000000,97106.92199545
1769349480000000000,97106.92199545
1769349540000000000,97106.92199545
1769349600000000000,97106.92199545
1769349660000000000,97106.92199545
1769349720000000000,97106.92199545
1769349780000000000,97106.92199545
1769349840000000000,97106.92199545
1769349900000000000,97106.92199545
1769349960000000000,97106.92199545
1769350020000000000,97106.92199545
1769350080000000000,97106.92199545
1769350140000000000,97106.92199545
1769350200000000000,97106.92199545
1769350260000000000,97106.92199545
1769350320000000000,97106.92199545
1769350380000000000,97106.92199545
1769350440000000000,97106.92199545
1769350500000000000,97106.92199545
1769350560000000000,97106.92199545
1769350620000000000,97106.92199545
1769350680000000000,97106.92199545
1769350740000000000,97106.92199545
1769350800000000000,97106.92199545
1769350860000000000,97106.92199545
1769350920000000000,97106.92199545
1769350980000000000,97106.92199545
1769351040000000000,97106.92199545
1769351100000000000,97106.92199545
1769351160000000000,97106.92199545
1769351220000000000,97106.92199545
1769351280000000000,97106.92199545
1769351340000000000,97106.92199545
1769351400000000000,97106.92199545
1769351460000000000,97106.92199545
1769351520000000000,95895.05057266999
1769351580000000000,94286.67870533999
1769351640000000000,94286.67870533999
1769351700000000000,94286.67870533999
1769351760000000000,94286.67870533999
1769351820000000000,94286.67870533999
1769351880000000000,94286.67870533999
1769351940000000000,94286.67870533999
1769352000000000000,94286.67870533999
1769352060000000000,94286.67870533999
1769352120000000000,94286.67870533999
1769352180000000000,94286.67870533999
1769352240000000000,94286.67870533999
1769352300000000000,94286.67870533999
1769352360000000000,94286.67870533999
1769352420000000000,94286.67870533999
1769352480000000000,94286.67870533999
1769352540000000000,94286.67870533999
1769352600000000000,94286.67870533999
1769352660000000000,94286.67870533999
1769352720000000000,94286.67870533999
1769352780000000000,94286.67870533999
1769352840000000000,94286.67870533999
1769352900000000000,94286.67870533999
1769352960000000000,94286.67870533999
1769353020000000000,94286.67870533999
1769353080000000000,94286.67870533999
1769353140000000000,94286.67870533999
1769353200000000000,94286.67870533999
1769353260000000000,94286.67870533999
1769353320000000000,94286.67870533999
1769353380000000000,94286.67870533999
1769353440000000000,94286.67870533999
1769353500000000000,94286.67870533999
1769353560000000000,94286.67870533999
1769353620000000000,94286.67870533999
1769353680000000000,94286.67870533999
1769353740000000000,94286.67870533999
1769353800000000000,94286.67870533999
1769353860000000000,94286.67870533999
1769353920000000000,94286.67870533999
1769353980000000000,94286.67870533999
1769354040000000000,94286.67870533999
1769354100000000000,94286.67870533999
1769354160000000000,94286.67870533999
1769354220000000000,94286.67870533999
1769354280000000000,94286.67870533999
1769354340000000000,94286.67870533999
1769354400000000000,94286.67870533999
1769354460000000000,94286.67870533999
1769354520000000000,94286.67870533999
1769354580000000000,94286.67870533999
1769354640000000000,94286.67870533999
1769354700000000000,94286.67870533999
1769354760000000000,94286.67870533999
1769354820000000000,94286.67870533999
1769354880000000000,94286.67870533999
1769354940000000000,94286.67870533999
1769355000000000000,94286.67870533999
1769355060000000000,94286.67870533999
1769355120000000000,94286.67870533999
1769355180000000000,94286.67870533999
1769355240000000000,94286.67870533999
1769355300000000000,94286.67870533999
1769355360000000000,94286.67870533999
1769355420000000000,94286.67870533999
1769355480000000000,94286.67870533999
1769355540000000000,94286.67870533999
1769355600000000000,94286.67870533999
1769355660000000000,94286.67870533999
1769355720000000000,94286.67870533999
1769355780000000000,94286.67870533999
1769355840000000000,94286.67870533999
1769355900000000000,94286.67870533999
1769355960000000000,94286.67870533999
1769356020000000000,94286.67870533999
1769356080000000000,94286.67870533999
1769356140000000000,94286.67870533999
1769356200000000000,94286.67870533999
1769356260000000000,94286.67870533999
1769356320000000000,94286.67870533999
1769356380000000000,94286.67870533999
1769356440000000000,94286.67870533999
1769356500000000000,94286.67870533999
1769356560000000000,94286.67870533999
1769356620000000000,94286.67870533999
1769356680000000000,94286.67870533999
1769356740000000000,94286.67870533999
1769356800000000000,94286.67870533999
1769356860000000000,94286.67870533999
1769356920000000000,94286.67870533999
1769356980000000000,94286.67870533999
1769357040000000000,94286.67870533999
1769357100000000000,94286.67870533999
1769357160000000000,94286.67870533999
1769357220000000000,94286.67870533999
1769357280000000000,94286.67870533999
1769357340000000000,94286.67870533999
1769357400000000000,94286.67870533999
1769357460000000000,94286.67870533999
1769357520000000000,94286.67870533999
1769357580000000000,94286.67870533999
1769357640000000000,94286.67870533999
1769357700000000000,94286.67870533999
1769357760000000000,94286.67870533999
1769357820000000000,94286.67870533999
1769357880000000000,94286.67870533999
1769357940000000000,94286.67870533999
1769358000000000000,94286.67870533999
1769358060000000000,94286.67870533999
1769358120000000000,94286.67870533999
1769358180000000000,94286.67870533999
1769358240000000000,94286.67870533999
1769358300000000000,94286.67870533999
1769358360000000000,94286.67870533999
1769358420000000000,94286.67870533999
1769358480000000000,94286.67870533999
1769358540000000000,94286.67870533999
1769358600000000000,94286.67870533999
1769358660000000000,94286.67870533999
1769358720000000000,94286.67870533999
1769358780000000000,94286.67870533999
1769358840000000000,94286.67870533999
1769358900000000000,94286.67870533999
1769358960000000000,94286.67870533999
1769359020000000000,94286.67870533999
1769359080000000000,94286.67870533999
1769359140000000000,94286.67870533999
1769359200000000000,94286.67870533999
1769359260000000000,94286.67870533999
1769359320000000000,94286.67870533999
1769359380000000000,94286.67870533999
1769359440000000000,94286.67870533999
1769359500000000000,94286.67870533999
1769359560000000000,94286.67870533999
1769359620000000000,94286.67870533999
1769359680000000000,94286.67870533999
1769359740000000000,94286.67870533999
1769359800000000000,94286.67870533999
1769359860000000000,94286.67870533999
1769359920000000000,94286.67870533999
1769359980000000000,94286.67870533999
1769360040000000000,94286.67870533999
1769360100000000000,94286.67870533999
1769360160000000000,94286.67870533999
1769360220000000000,94286.67870533999
1769360280000000000,94286.67870533999
1769360340000000000,94286.67870533999
1769360400000000000,94286.67870533999
1769360460000000000,94286.67870533999
1769360520000000000,94286.67870533999
1769360580000000000,94286.67870533999
1769360640000000000,94286.67870533999
1769360700000000000,94286.67870533999
1769360760000000000,94286.67870533999
1769360820000000000,94286.67870533999
1769360880000000000,94286.67870533999
1769360940000000000,94286.67870533999
1769361000000000000,94286.67870533999
1769361060000000000,94286.67870533999
1769361120000000000,94286.67870533999
1769361180000000000,94286.67870533999
1769361240000000000,94286.67870533999
1769361300000000000,94286.67870533999
1769361360000000000,94286.67870533999
1769361420000000000,94286.67870533999
1769361480000000000,94286.67870533999
1769361540000000000,94286.67870533999
1769361600000000000,94286.67870533999
1769361660000000000,94286.67870533999
1769361720000000000,94286.67870533999
1769361780000000000,94286.67870533999
1769361840000000000,94286.67870533999
1769361900000000000,94286.67870533999
1769361960000000000,94286.67870533999
1769362020000000000,94286.67870533999
1769362080000000000,94286.67870533999
1769362140000000000,94286.67870533999
1769362200000000000,94286.67870533999
1769362260000000000,94286.67870533999
1769362320000000000,94286.67870533999
1769362380000000000,94286.67870533999
1769362440000000000,94286.67870533999
1769362500000000000,94286.67870533999
1769362560000000000,94286.67870533999
1769362620000000000,94286.67870533999
1769362680000000000,94286.67870533999
1769362740000000000,94286.67870533999
1769362800000000000,94286.67870533999
1769362860000000000,94286.67870533999
1769362920000000000,94286.67870533999
1769362980000000000,94286.67870533999
1769363040000000000,94286.67870533999
1769363100000000000,94286.67870533999
1769363160000000000,94286.67870533999
1769363220000000000,94286.67870533999
1769363280000000000,94286.67870533999
1769363340000000000,94286.67870533999
1769363400000000000,94286.67870533999
1769363460000000000,94286.67870533999
1769363520000000000,94286.67870533999
1769363580000000000,94286.67870533999
1769363640000000000,94286.67870533999
1769363700000000000,94286.67870533999
1769363760000000000,94286.67870533999
1769363820000000000,94286.67870533999
1769363880000000000,94286.67870533999
1769363940000000000,94286.67870533999
1769364000000000000,94286.67870533999
1769364060000000000,94286.67870533999
1769364120000000000,94286.67870533999
1769364180000000000,94286.67870533999
1769364240000000000,94286.67870533999
1769364300000000000,94286.67870533999
1769364360000000000,94286.67870533999
1769364420000000000,94286.67870533999
1769364480000000000,94286.67870533999
1769364540000000000,94286.67870533999
1769364600000000000,94286.67870533999
1769364660000000000,94286.67870533999
1769364720000000000,94286.67870533999
1769364780000000000,94286.67870533999
1769364840000000000,94286.67870533999
1769364900000000000,94286.67870533999
1769364960000000000,94286.67870533999
1769365020000000000,94286.67870533999
1769365080000000000,94286.67870533999
1769365140000000000,94286.67870533999
1769365200000000000,94286.67870533999
1769365260000000000,94286.67870533999
1769365320000000000,94286.67870533999
1769365380000000000,94286.67870533999
1769365440000000000,94286.67870533999
1769365500000000000,94286.67870533999
1769365560000000000,94286.67870533999
1769365620000000000,94286.67870533999
1769365680000000000,94286.67870533999
1769365740000000000,94286.67870533999
1769365800000000000,94286.67870533999
1769365860000000000,94286.67870533999
1769365920000000000,94286.67870533999
1769365980000000000,94286.67870533999
1769366040000000000,94286.67870533999
1769366100000000000,94286.67870533999
1769366160000000000,94286.67870533999
1769366220000000000,94286.67870533999
1769366280000000000,94286.67870533999
1769366340000000000,94286.67870533999
1769366400000000000,94286.67870533999
1769366460000000000,94286.67870533999
1769366520000000000,94286.67870533999
1769366580000000000,94286.67870533999
1769366640000000000,94286.67870533999
1769366700000000000,94286.67870533999
1769366760000000000,94286.67870533999
1769366820000000000,94286.67870533999
1769366880000000000,94286.67870533999
1769366940000000000,94286.67870533999
1769367000000000000,94286.67870533999
1769367060000000000,94286.67870533999
1769367120000000000,94286.67870533999
1769367180000000000,94286.67870533999
1769367240000000000,94286.67870533999
1769367300000000000,94286.67870533999
1769367360000000000,94286.67870533999
1769367420000000000,94286.67870533999
1769367480000000000,94286.67870533999
1769367540000000000,94286.67870533999
1769367600000000000,94286.67870533999
1769367660000000000,94286.67870533999
1769367720000000000,94286.67870533999
1769367780000000000,94286.67870533999
1769367840000000000,94286.67870533999
1769367900000000000,94286.67870533999
1769367960000000000,94286.67870533999
1769368020000000000,94286.67870533999
1769368080000000000,94286.67870533999
1769368140000000000,94286.67870533999
1769368200000000000,94286.67870533999
1769368260000000000,94286.67870533999
1769368320000000000,94286.67870533999
1769368380000000000,94286.67870533999
1769368440000000000,94286.67870533999
1769368500000000000,94286.67870533999
1769368560000000000,94286.67870533999
1769368620000000000,94286.67870533999
1769368680000000000,94286.67870533999
1769368740000000000,94286.67870533999
1769368800000000000,94286.67870533999
1769368860000000000,94286.67870533999
1769368920000000000,94286.67870533999
1769368980000000000,94286.67870533999
1769369040000000000,94286.67870533999
1769369100000000000,94286.67870533999
1769369160000000000,94286.67870533999
1769369220000000000,94286.67870533999
1769369280000000000,94286.67870533999
1769369340000000000,94286.67870533999
1769369400000000000,94286.67870533999
1769369460000000000,94286.67870533999
1769369520000000000,94286.67870533999
1769369580000000000,94286.67870533999
1769369640000000000,94286.67870533999
1769369700000000000,94286.67870533999
1769369760000000000,94286.67870533999
1769369820000000000,94286.67870533999
1769369880000000000,94286.67870533999
1769369940000000000,94286.67870533999
1769370000000000000,94286.67870533999
1769370060000000000,94286.67870533999
1769370120000000000,94286.67870533999
1769370180000000000,94286.67870533999
1769370240000000000,94286.67870533999
1769370300000000000,94286.67870533999
1769370360000000000,94286.67870533999
1769370420000000000,94286.67870533999
1769370480000000000,94286.67870533999
1769370540000000000,94286.67870533999
1769370600000000000,94286.67870533999
1769370660000000000,94286.67870533999
1769370720000000000,94286.67870533999
1769370780000000000,94286.67870533999
1769370840000000000,94286.67870533999
1769370900000000000,94286.67870533999
1769370960000000000,94286.67870533999
1769371020000000000,94286.67870533999
1769371080000000000,94286.67870533999
1769371140000000000,94286.67870533999
1769371200000000000,94286.67870533999
1769371260000000000,94286.67870533999
1769371320000000000,94286.67870533999
1769371380000000000,94286.67870533999
1769371440000000000,94286.67870533999
1769371500000000000,94286.67870533999
1769371560000000000,94286.67870533999
1769371620000000000,94286.67870533999
1769371680000000000,94286.67870533999
1769371740000000000,94286.67870533999
1769371800000000000,94286.67870533999
1769371860000000000,94286.67870533999
1769371920000000000,94286.67870533999
1769371980000000000,94286.67870533999
1769372040000000000,94286.67870533999
1769372100000000000,94286.67870533999
1769372160000000000,94286.67870533999
1769372220000000000,94286.67870533999
1769372280000000000,94286.67870533999
1769372340000000000,94286.67870533999
1769372400000000000,94286.67870533999
1769372460000000000,94286.67870533999
1769372520000000000,94286.67870533999
1769372580000000000,94286.67870533999
1769372640000000000,94286.67870533999
1769372700000000000,94286.67870533999
1769372760000000000,94286.67870533999
1769372820000000000,94286.67870533999
1769372880000000000,94286.67870533999
1769372940000000000,94286.67870533999
1769373000000000000,94286.67870533999
1769373060000000000,94286.67870533999
1769373120000000000,94286.67870533999
1769373180000000000,94286.67870533999
1769373240000000000,94286.67870533999
1769373300000000000,94286.67870533999
1769373360000000000,94286.67870533999
1769373420000000000,94286.67870533999
1769373480000000000,94286.67870533999
1769373540000000000,94286.67870533999
1769373600000000000,94286.67870533999
1769373660000000000,94286.67870533999
1769373720000000000,94286.67870533999
1769373780000000000,94286.67870533999
1769373840000000000,94286.67870533999
1769373900000000000,94286.67870533999
1769373960000000000,94286.67870533999
1769374020000000000,94286.67870533999
1769374080000000000,94286.67870533999
1769374140000000000,94286.67870533999
1769374200000000000,94286.67870533999
1769374260000000000,94286.67870533999
1769374320000000000,94286.67870533999
1769374380000000000,94286.67870533999
1769374440000000000,94286.67870533999
1769374500000000000,94286.67870533999
1769374560000000000,94286.67870533999
1769374620000000000,94286.67870533999
1769374680000000000,94286.67870533999
1769374740000000000,94286.67870533999
1769374800000000000,94286.67870533999
1769374860000000000,94286.67870533999
1769374920000000000,94286.67870533999
1769374980000000000,94286.67870533999
1769375040000000000,94286.67870533999
1769375100000000000,94286.67870533999
1769375160000000000,94286.67870533999
1769375220000000000,94286.67870533999
1769375280000000000,94286.67870533999
1769375340000000000,94286.67870533999
1769375400000000000,94286.67870533999
1769375460000000000,94286.67870533999
1769375520000000000,94286.67870533999
1769375580000000000,94286.67870533999
1769375640000000000,94286.67870533999
1769375700000000000,94286.67870533999
1769375760000000000,94286.67870533999
1769375820000000000,94286.67870533999
1769375880000000000,94286.67870533999
1769375940000000000,94286.67870533999
1769376000000000000,94286.67870533999
1769376060000000000,94286.67870533999
1769376120000000000,94286.67870533999
1769376180000000000,94286.67870533999
1769376240000000000,94286.67870533999
1769376300000000000,94286.67870533999
1769376360000000000,94286.67870533999
1769376420000000000,94286.67870533999
1769376480000000000,94286.67870533999
1769376540000000000,94286.67870533999
1769376600000000000,94286.67870533999
1769376660000000000,94286.67870533999
1769376720000000000,94286.67870533999
1769376780000000000,94286.67870533999
1769376840000000000,94286.67870533999
1769376900000000000,94286.67870533999
1769376960000000000,94286.67870533999
1769377020000000000,94286.67870533999
1769377080000000000,94286.67870533999
1769377140000000000,94286.67870533999
1769377200000000000,94286.67870533999
1769377260000000000,94286.67870533999
1769377320000000000,94286.67870533999
1769377380000000000,94286.67870533999
1769377440000000000,94286.67870533999
1769377500000000000,94286.67870533999
1769377560000000000,94286.67870533999
1769377620000000000,94286.67870533999
1769377680000000000,94286.67870533999
1769377740000000000,94286.67870533999
1769377800000000000,94286.67870533999
1769377860000000000,94286.67870533999
1769377920000000000,94286.67870533999
1769377980000000000,94286.67870533999
1769378040000000000,94286.67870533999
1769378100000000000,94286.67870533999
1769378160000000000,94286.67870533999
1769378220000000000,94286.67870533999
1769378280000000000,94286.67870533999
1769378340000000000,94286.67870533999
1769378400000000000,94286.67870533999
1769378460000000000,94286.67870533999
1769378520000000000,94286.67870533999
1769378580000000000,94286.67870533999
1769378640000000000,94286.67870533999
1769378700000000000,94286.67870533999
1769378760000000000,94286.67870533999
1769378820000000000,94286.67870533999
1769378880000000000,94286.67870533999
1769378940000000000,94286.67870533999
1769379000000000000,94286.67870533999
1769379060000000000,94286.67870533999
1769379120000000000,94286.67870533999
1769379180000000000,94286.67870533999
1769379240000000000,94286.67870533999
1769379300000000000,94286.67870533999
1769379360000000000,94286.67870533999
1769379420000000000,94286.67870533999
1769379480000000000,94286.67870533999
1769379540000000000,94286.67870533999
1769379600000000000,94286.67870533999
1769379660000000000,94286.67870533999
1769379720000000000,94286.67870533999
1769379780000000000,94286.67870533999
1769379840000000000,94286.67870533999
1769379900000000000,94286.67870533999
1769379960000000000,94286.67870533999
1769380020000000000,94286.67870533999
1769380080000000000,94286.67870533999
1769380140000000000,94286.67870533999
1769380200000000000,94286.67870533999
1769380260000000000,94286.67870533999
1769380320000000000,94286.67870533999
1769380380000000000,94286.67870533999
1769380440000000000,94286.67870533999
1769380500000000000,94286.67870533999
1769380560000000000,94286.67870533999
1769380620000000000,94286.67870533999
1769380680000000000,94286.67870533999
1769380740000000000,94286.67870533999
1769380800000000000,94286.67870533999
1769380860000000000,94286.67870533999
1769380920000000000,94286.67870533999
1769380980000000000,94286.67870533999
1769381040000000000,94286.67870533999
1769381100000000000,94286.67870533999
1769381160000000000,94286.67870533999
1769381220000000000,94286.67870533999
1769381280000000000,94286.67870533999
1769381340000000000,94286.67870533999
1769381400000000000,94286.67870533999
1769381460000000000,94286.67870533999
1769381520000000000,94286.67870533999
1769381580000000000,94286.67870533999
1769381640000000000,94286.67870533999
1769381700000000000,94286.67870533999
1769381760000000000,94286.67870533999
1769381820000000000,94286.67870533999
1769381880000000000,94286.67870533999
1769381940000000000,94286.67870533999
1769382000000000000,94286.67870533999
1769382060000000000,94286.67870533999
1769382120000000000,94286.67870533999
1769382180000000000,94286.67870533999
1769382240000000000,94286.67870533999
1769382300000000000,94286.67870533999
1769382360000000000,94286.67870533999
1769382420000000000,94286.67870533999
1769382480000000000,94286.67870533999
1769382540000000000,94286.67870533999
1769382600000000000,94286.67870533999
1769382660000000000,94286.67870533999
1769382720000000000,94286.67870533999
1769382780000000000,94286.67870533999
1769382840000000000,94286.67870533999
1769382900000000000,94286.67870533999
1769382960000000000,94286.67870533999
1769383020000000000,94286.67870533999
1769383080000000000,94286.67870533999
1769383140000000000,94286.67870533999
1769383200000000000,94286.67870533999
1769383260000000000,94286.67870533999
1769383320000000000,94286.67870533999
1769383380000000000,94286.67870533999
1769383440000000000,94286.67870533999
1769383500000000000,94286.67870533999
1769383560000000000,94286.67870533999
1769383620000000000,94286.67870533999
1769383680000000000,94286.67870533999
1769383740000000000,94286.67870533999
1769383800000000000,94286.67870533999
1769383860000000000,94286.67870533999
1769383920000000000,94286.67870533999
1769383980000000000,94286.67870533999
1769384040000000000,94286.67870533999
1769384100000000000,94286.67870533999
1769384160000000000,94286.67870533999
1769384220000000000,94286.67870533999
1769384280000000000,94286.67870533999
1769384340000000000,94286.67870533999
1769384400000000000,94286.67870533999
1769384460000000000,94286.67870533999
1769384520000000000,94286.67870533999
1769384580000000000,94286.67870533999
1769384640000000000,94286.67870533999
1769384700000000000,94286.67870533999
1769384760000000000,94286.67870533999
1769384820000000000,94286.67870533999
1769384880000000000,94286.67870533999
1769384940000000000,94286.67870533999
1769385000000000000,94286.67870533999
1769385060000000000,94286.67870533999
1769385120000000000,94286.67870533999
1769385180000000000,94286.67870533999
1769385240000000000,94286.67870533999
1769385300000000000,94286.67870533999
1769385360000000000,94286.67870533999
1769385420000000000,94286.67870533999
1769385480000000000,94286.67870533999
1769385540000000000,94286.67870533999
1769385600000000000,94286.67870533999
