symbol,side,ts,root_ts,source,scale,entry,stop,target,rr,entry_kind,root_low,root_high,pool,shift,flow,delivery_minutes,first_leg_minutes,test_effort,test_progress_per_volume,test_depth,reply_fraction,rebound_ts,tip,tip_ts,episode,impact_imbalance,response_5,common_5,flow_5,response_15,common_15,flow_15,response_60,common_60,flow_60,relative_60,relative_240,value_position,reply_acceleration,activity_burst,owner_15,owner_60,owner_240,stop_bps,target_bps,duration_ratio,predicted_win,predicted_value,relative_strength,market_direction,market_breadth
BTCUSDT,-1,1763350560000000000,1763346000000000000,1763344800000000000,5.0,95288.2,95539.40000000001,94856.40000000001,1.7189490445858613,market,95288.2,95539.40000000001,95384.6,95348.4,-0.12873496872411572,41,21,0.9101103564682238,0.6345581271357154,0.2928260458072993,0.47529812606474436,1763348100000000000,95539.3,1763350020000000000,86,-0.09102514866961875,0.6108474073172904,0.3901025769882721,0.05985629073537566,-0.2660783786629664,0.16912328945316132,-0.1412291696767385,0.39761831975266293,-0.6045889456197332,-0.13425194978248944,0.2842909292448587,-0.14107797966016405,-0.3872212350198709,0.6420670868511922,0.4952050217179317,-1.0,1.0,1.0,26.362130882943706,45.31515969448351,1.9523809523809523,0.42320878579638777,0.0,-0.29620025369962116,0.003547062907481066,0.5
BTCUSDT,1,1763357280000000000,1763353500000000000,1763352300000000000,5.0,95109.0,94849.9,95467.79999999999,1.3847935160169058,market,94849.9,95109.0,94850.0,95100.0,-0.041048436644685604,58,21,0.31383082513519883,1.3505377615988323,-0.02621783460106367,0.39294384204564686,1763353800000000000,94866.2,1763357040000000000,86,0.09643853793627193,0.1848847331113551,1.174067612626331,0.06046126720699639,0.09003569392986152,0.5291467744900947,0.07635015011636243,-0.28620238773234913,-0.3241776824761961,0.02483344189011632,-0.32737802275228745,-0.4372694742691835,-0.039490981062888536,0.144924554636119,0.5043228161997739,1.0,-1.0,-1.0,27.242427109948146,37.72513642241937,2.761904761904762,0.4527511501303809,0.0,0.02300672367858758,0.895820093982339,1.0
BTCUSDT,-1,1763366400000000000,1763364300000000000,1763360400000000000,5.0,95587.9,95838.1,95334.0,1.014788169464358,market,95587.9,95838.1,95614.4,95643.1,-0.05560099083698966,25,66,2.2722166597880937,1.1086754747135845,0.7971479500891473,0.89162210338683,1763364900000000000,95838.0,1763365860000000000,86,-0.11209988881023192,0.3396991455697241,0.2811742029888199,0.16153565514244103,0.13998838280004686,0.2699164559028828,0.06247799799464351,-0.447439093200089,0.05775610231668938,-0.20092370455701844,-0.6080353349476706,0.13247814743408545,-0.33111349440936355,0.2737199973509431,0.8047758011440074,-1.0,-1.0,1.0,26.174861044129187,26.561939324955794,0.3787878787878788,0.44115359553760103,0.0,0.11603228535178511,0.46736653177504706,1.0
BTCUSDT,1,1763405160000000000,1763402700000000000,1763398500000000000,5.0,92757.6,92366.7,93175.29999999999,1.0685597339472326,market,92366.7,92757.6,92555.1,92670.0,-0.06511331320403502,36,71,1.2058906580252333,1.22975599430062,0.3035627921973343,0.6300177333548448,1763403000000000000,92366.8,1763404260000000000,91,0.11715802960329254,0.03201449402579631,1.3542035735043452,0.004831605312391492,0.2172772131517381,0.7122641267325489,0.08354915098989509,0.3488777940856031,-0.1080762978666569,0.014537194468349744,0.35045241253788545,0.3240852453851257,-0.6483401388650594,0.010094312411938235,0.8240134062200616,-1.0,-1.0,-1.0,42.14209940748884,45.0313505308441,0.5070422535211268,0.476072520949419,0.0,0.096221487161395,0.5683251095549638,1.0
BTCUSDT,1,1763408160000000000,1763404500000000000,1763403000000000000,5.0,92370.8,91901.0,93017.79999999999,1.3771817794805905,market,91901.0,92370.8,92366.8,92277.2,-0.04716346397479765,46,26,0.9342251493422793,0.8755675979375576,0.7152511135002355,0.7213945630471562,1763405400000000000,91901.1,1763408100000000000,91,0.12265316760886376,-0.006242453400540193,1.3655664248559234,-0.1836035627912495,-0.3655330046576942,0.9791983711394381,0.06330665724015606,-0.2009081859962572,0.18664057778558898,0.04961117348366354,-0.1564734250230862,0.1717575858884184,-0.5391874195798945,-0.410050171875603,2.4614927063896324,-1.0,-1.0,-1.0,50.860228557076795,70.04378006902456,1.7692307692307692,0.46964992382679693,0.0,-0.22612261791898292,0.7310088117964497,1.0
BTCUSDT,-1,1763414160000000000,1763411400000000000,1763409900000000000,5.0,92009.9,92227.8,91448.0,2.5787058283615036,market,92009.9,92227.8,92081.2,92022.6,-0.018840215905678193,36,26,0.7144224083143722,1.5971901635122816,0.2313279646297163,0.34391283751776713,1763412000000000000,92227.7,1763413380000000000,91,-0.12160614300852202,0.1688041144792065,0.24401169094622294,-0.021231631844579598,0.26367547562442356,-0.32262370822599346,-0.08360250580544261,-0.09054996613881178,-0.8311292463811206,-0.130766964475884,-0.17886785144079326,0.2962021439132992,0.23002052185146657,-0.02190946985161,0.27469058531691337,1.0,1.0,1.0,23.682234194364817,61.069515345630656,1.3846153846153846,0.2879790399626652,0.0,0.2091735386262163,-0.22254062393500298,0.25
BTCUSDT,-1,1763417940000000000,1763413500000000000,1763412000000000000,5.0,92016.4,92227.8,91480.1,2.5368968779563206,market,92016.4,92227.8,92227.7,92018.7,-0.1961214105326501,39,26,0.6312830579109688,0.9439743054963241,-0.031028487361237367,0.2515714858900716,1763415600000000000,92204.5,1763417580000000000,92,-0.12539255396490057,0.057663786824139675,0.3497025925525649,-0.03569220443517338,0.10163107676177652,-0.31216037589255463,-0.2099727280884377,0.15161286526837384,-0.5870106609113556,-0.21792189756862682,-0.006409564146879658,0.3466819537161993,-0.0039591714217314085,0.08912279724151091,0.32417884090188614,1.0,1.0,1.0,22.974165474851084,58.28308866680162,1.5,0.2743751306866461,0.0,0.0047912487217758315,-0.28885019542230095,0.25
BTCUSDT,-1,1763419260000000000,1763417700000000000,1763415600000000000,5.0,92109.3,92227.8,91875.5,1.9729957805907419,market,92109.3,92227.8,92204.5,92123.0,0.2501928289664265,16,36,1.1651754599764244,1.5088710586666711,0.07049529018534391,0.35976906715281703,1763418300000000000,92227.7,1763419260000000000,92,-0.14585994963870705,0.32323492565877754,0.12112494547529493,-0.027506858302231714,0.12764424578775638,-0.26672193287893897,-0.09236714899345787,0.05338845808026127,-0.7196652411162423,-0.13177269418238402,-0.02060101204980565,0.4597940291099831,-0.11738103127898998,0.06259441214233433,0.38500784731370663,1.0,1.0,1.0,12.865150424549963,25.38288750430227,0.4444444444444444,0.36323397758821807,0.0,0.050341479115530274,-0.16420720500605226,0.25
BTCUSDT,1,1763441040000000000,1763436900000000000,1763434200000000000,5.0,90043.5,89666.0,90899.9,2.2686092715231636,market,89666.0,90043.5,89666.1,90015.1,-0.08446641957479051,59,46,0.6282625482044468,0.8834194484291183,-0.16119620714806315,0.1446632628251891,1763437500000000000,89865.0,1763440380000000000,97,0.15500517620834192,0.7901616373756567,-0.2183846606202088,0.019393965372841486,-0.12097029952270617,0.6055576711278089,0.02176567464293469,-0.2406741791253059,-0.3566958664036437,0.011313115651150401,-0.47758800639384213,-1.5330028209487347,-0.5688818200327945,0.5852483381797232,0.5134013136339127,-1.0,-1.0,-1.0,41.92418109025082,95.1095859223591,1.2826086956521738,0.35749117841296835,0.0,-0.20469950947341392,0.48310787416981815,1.0
BTCUSDT,1,1763446260000000000,1763444700000000000,1763443500000000000,5.0,90072.7,89871.59999999999,90326.7,1.263053207359486,market,89871.59999999999,90072.7,89871.7,90061.2,0.0507645081813608,16,21,0.927752922244959,2.000906646858695,-0.07448912326962931,0.3671720500988555,1763445300000000000,89905.6,1763445840000000000,100,0.15555866891460016,-0.27512500482018504,0.5708867833013473,0.04959700726779589,-0.5084844248451674,0.30693218833075786,0.09628587865370161,0.08416813730123604,0.13643870790493726,0.16454734376571123,-0.027373246034187056,-1.5298050009584259,-0.20637237897293478,-0.02745377866105092,0.3022693114185994,-1.0,-1.0,-1.0,22.326409666858638,28.199443338547642,0.7619047619047619,0.4421914400784913,0.0,-0.31623118346289547,0.09458024260190379,0.5
BTCUSDT,1,1763458560000000000,1763457000000000000,1763455500000000000,5.0,90978.2,90843.79999999999,91414.29999999999,3.2447916666663907,market,90843.79999999999,90978.2,90896.4,90956.9,-0.037524419726354896,11,26,1.3494454364482547,10.09025401312039,0.10135135135135136,0.25926640926641487,1763457900000000000,90843.9,1763458020000000000,102,0.18395728070052692,0.3177184491884678,-0.030981313089803526,0.05890727162943278,-0.3180369833925748,-0.5523449994297518,-0.03438832780976704,0.2346733157133902,-0.4335697433972146,0.12210972018929603,0.19989301222444888,0.41725856434356984,0.4189718822454452,0.3916374667324644,0.4013131911794155,1.0,-1.0,-1.0,14.772769740444277,47.93456014737501,0.4230769230769231,0.34051912277381113,0.0,-0.07122282389972101,-1.1286071443020558,0.25
BTCUSDT,-1,1763464440000000000,1763462100000000000,1763461800000000000,5.0,91393.3,91567.1,91216.0,1.0201380897583425,market,91393.3,91567.1,91550.0,91419.3,-0.0491305555878192,19,6,1.570430223759365,1.58550768364379,0.050882969170906026,0.5199042202933076,1763463300000000000,91567.0,1763463420000000000,104,-0.19836485529317283,0.27704301950689886,0.037280552369315594,0.038036323344766414,0.15547093969448075,0.21701776597971956,-0.012173918720181165,-0.06160108727813214,0.05284398871206496,-0.08179772349678331,-0.013827550322563383,-0.6361562215698632,-0.36257367970963483,0.178568495150507,0.46438835315470534,-1.0,1.0,1.0,19.016711290652914,19.39967152953257,3.1666666666666665,0.46213427543750824,0.0,0.09436219546924957,0.4414324090306477,1.0
BTCUSDT,-1,1763481720000000000,1763479800000000000,1763478300000000000,5.0,92714.8,92991.8,92356.1,1.2949458483754408,market,92714.8,92991.8,92991.7,92823.9,0.06361920808021027,22,26,0.35781479760521206,1.6632234820572078,-0.012427245556070813,0.4231555765298116,1763480400000000000,92983.8,1763481360000000000,108,0.019015651437886267,0.6230202099310325,0.20040379779995435,-0.0448045290086121,-0.05881394390456011,0.3593159354113771,-0.031545242196315736,-0.7525911814242408,-1.0680481564447164,-0.06331099998012134,-0.7853830845643183,-0.46172206580449787,-0.6122953572017119,0.4989969718570092,0.6721876794867352,-1.0,-1.0,1.0,29.876567710872482,38.688537320902064,0.8461538461538461,0.42747165558310707,0.0,0.023479678468859316,0.14513902292023168,1.0
BTCUSDT,1,1763496060000000000,1763492700000000000,1763491800000000000,5.0,93262.2,92949.59999999999,93575.9,1.0035188739603047,market,92949.59999999999,93262.2,93186.5,93141.0,-0.07275656721347612,21,16,1.3385573793204382,1.2120589192161029,0.6079589216944876,0.8023106546854942,1763494800000000000,92949.7,1763495700000000000,110,-0.019141430309426083,0.1801017441897465,0.8020109506776905,0.054979699565162035,-0.05105330868265645,0.1727056581928653,-0.009446236501772143,-0.06695570199636712,-0.16399835194514872,0.012213145507497093,-0.07371008923257934,-0.17124848292535697,-0.024148535608773197,0.13249373768800654,0.3765956846517047,1.0,1.0,-1.0,33.51840295425219,33.636349989598905,1.3125,0.46988991604161956,0.0,-0.08798085792984986,0.27240142354611263,1.0
BTCUSDT,-1,1763501100000000000,1763499300000000000,1763499000000000000,5.0,92855.1,92998.0,92623.3,1.6221133659902893,market,92855.1,92998.0,92958.5,92899.4,-0.03237511068920362,20,6,0.5266058101007235,0.5918253225097038,0.11750671040857094,0.42588726513566094,1763499900000000000,92997.9,1763500980000000000,110,0.005288621829381163,-0.007616003950128423,0.18320522652738225,0.270769408163326,0.08206907427351173,-0.1547628716111021,0.08374030358756053,-0.03796181135595298,0.6307702404071109,-0.1463812776234926,-0.1357187182398806,0.36950149103821,0.2404825527017926,-0.21372890483040607,1.0092585083952725,1.0,-1.0,1.0,15.389569339755615,24.963626122851938,3.3333333333333335,0.3980889844937481,0.0,0.2623866901428517,-0.30413572317922216,0.25
BTCUSDT,1,1763515140000000000,1763511600000000000,1763510400000000000,5.0,92180.7,91838.5,92633.2,1.322326125073068,market,91838.5,92180.7,91838.6,92093.0,-0.14193310698180028,24,21,0.7022875858067078,0.9256132413497685,-0.06530766326915109,0.36516924625644664,1763513700000000000,91890.5,1763514960000000000,113,0.07601931009993822,0.17266130299095525,0.3826227280300517,0.07672694602463426,0.2424678449566617,-0.06452725255962832,-0.23529008180862288,0.09117742876158617,0.3676770711790203,-0.38768985080781454,-0.35488299982598587,-0.31012442394226514,-0.30789967125919354,0.5381793041712275,1.7946042491945717,-1.0,-1.0,-1.0,37.1227382738466,49.08836665375724,1.1428571428571428,0.44631729405827897,0.0,-0.06794363284050463,-0.034046259743848506,0.5
BTCUSDT,-1,1763515860000000000,1763513700000000000,1763511600000000000,5.0,92291.1,92633.40000000001,91890.6,1.1700262927256693,market,92291.1,92633.40000000001,92633.3,92302.0,0.09723661163889885,11,36,1.2770822690042785,11.066392687019157,-0.021674744211100914,0.43901453957995423,1763515200000000000,92617.2,1763515320000000000,113,-0.07228308565350597,0.4187319746159774,-0.03386417182598909,0.03272274273893783,-0.058665375516380736,-1.1933062746877685,-0.10624364184349305,0.1543150031798327,-0.43122857657972824,0.16921347823673363,0.38513837428938824,0.377295490230669,0.19679281490699008,0.45077793613735345,0.47268356682304224,1.0,1.0,1.0,37.08916677772861,43.39530030522987,0.3055555555555556,0.4299072795506833,0.0,0.22384671491446917,-1.8822897533505314,0.0
BTCUSDT,-1,1763520840000000000,1763518800000000000,1763517300000000000,5.0,92578.5,92836.0,92223.3,1.379417475728144,market,92578.5,92836.0,92835.9,92606.3,-0.15026968454562684,29,26,0.7474241966993939,1.5614769770373502,-0.025787497959830968,0.39432022196834826,1763519100000000000,92820.1,1763520060000000000,114,-0.09320485402153197,0.40566325452017316,-0.13142293344288544,-0.05443295423878509,0.3618537327959555,0.00774627144614691,-0.04327015206073737,0.15612876956130295,-0.5377836935307112,-0.08282733488187648,0.11872916160733346,0.42196497255855864,-0.12849091952781833,0.024265242547731963,0.35011496323549646,-1.0,1.0,1.0,27.814233326312262,38.36743952429528,1.1153846153846154,0.3887403830695208,0.0,0.06865182495387745,0.2903044241441961,0.75
BTCUSDT,-1,1763535660000000000,1763534400000000000,1763531700000000000,5.0,90937.2,91064.1,90758.20000000001,1.4105594956656669,market,90937.2,91064.1,90972.1,90954.4,-0.07913848512206578,11,46,0.8784721324255742,6.240452779961133,0.4294392523364214,0.592523364485995,1763535000000000000,91064.0,1763535120000000000,116,-0.11597672796563777,0.1968527407746322,0.0367813887874021,-0.08200189948336108,0.19753857387804255,-0.2199084441938999,-0.0836364796464455,-0.03390010654677424,-0.8217222758729797,-0.5236568549478126,-0.46071942503240343,0.25298667977952033,-0.012527016276855988,-0.015609163937285432,0.27191230343635303,1.0,1.0,1.0,13.954685211333617,19.683913733871886,0.2391304347826087,0.47932552369780956,0.0,0.17323231572868825,-0.193885960397163,0.0
BTCUSDT,-1,1763547300000000000,1763544900000000000,1763543400000000000,5.0,91473.0,91650.1,91234.8,1.3450028232636322,market,91473.0,91650.1,91473.8,91559.9,-0.23299867584795964,25,26,0.8383191308719935,1.0765230210925585,0.7369301547469377,0.740276035131726,1763545800000000000,91650.0,1763546940000000000,117,-0.1403991466928338,0.0009056703881577779,0.51107153702956,0.04494862035153159,0.6488459768571904,-0.426052734087476,-0.22619721755448502,0.13832871644929154,-0.34775089257618935,-0.18849675521347947,-0.010000981226992809,-0.2591437536417983,-0.13474376560660217,0.10597357719865905,0.5106112781955181,1.0,1.0,1.0,19.360904310562223,26.040470958643215,0.9615384615384616,0.43294794837357875,0.0,0.45152095275476317,-0.41864646913561276,0.25
BTCUSDT,1,1763550180000000000,1763547900000000000,1763547000000000000,5.0,91322.8,91187.9,91480.4,1.1682727946625728,market,91187.9,91322.8,91305.7,91314.2,-0.2703878681057642,18,16,1.4528311520323378,1.2773823187157933,0.6733409610983703,0.7711670480549238,1763549100000000000,91188.0,1763549460000000000,118,0.1452304150478587,0.18071066517883244,0.044188320459398474,0.0697366823518068,0.3027959846539611,-0.16776557512966617,-0.12525779320145872,-0.1957804133692398,-0.1513527591497846,0.06011773471500724,-0.18536093520093658,0.1452304609007342,-0.15479525285936035,0.19210793115668612,0.2794104157587575,-1.0,-1.0,-1.0,14.771776599053984,17.257464729507994,1.125,0.44617627227947976,0.0,0.16111385358865235,-0.2155573963692281,0.0
BTCUSDT,1,1763577540000000000,1763574000000000000,1763571900000000000,5.0,89169.8,88799.9,89696.0,1.422546634225425,market,88799.9,89169.8,88820.8,89100.0,-0.04889703596403239,24,36,0.6479199002104431,2.563336179514607,0.023763281160748134,0.4224837198674759,1763576100000000000,88800.0,1763576940000000000,123,0.11782653977547305,0.8759556547582231,0.6268846858153594,0.1196761764260816,0.21202227367747095,-0.0657747588196278,0.04668188458477146,0.4392632589459918,0.04951919370916031,0.17813963329190372,0.63902194010241,-0.21892267171665808,-0.8427816346530447,0.30320940313165473,0.7490502715837413,-1.0,-1.0,-1.0,41.482654441302856,59.01101045421174,0.6666666666666666,0.46046595509954474,0.0,0.033929557085185455,-0.015966257077873566,0.5
BTCUSDT,1,1763583360000000000,1763581800000000000,1763579400000000000,5.0,88759.3,88564.29999999999,89071.09999999999,1.59897435897418,market,88564.29999999999,88759.3,88600.0,88727.0,-0.032495110231126945,16,41,0.9153477691592717,2.9351997697354664,0.07555178268252555,0.41362478777591244,1763582400000000000,88564.4,1763583000000000000,123,0.12653328605855638,0.45165712533964186,0.6404095001261287,0.05651607622171755,-0.31014051096067397,0.1335576221105884,-0.0010638505709775112,-0.5134238263294096,0.25199589403393985,0.08379753737177174,-0.4208260447340698,0.0786029422748205,-0.4807948753782651,0.7796766542673428,0.7419479912267773,-1.0,-1.0,-1.0,21.969528826840065,35.12871327286136,0.3902439024390244,0.40128995927300687,0.0,-0.21713471142402777,-0.09293273102823238,0.5
BTCUSDT,1,1763611980000000000,1763608500000000000,1763607600000000000,5.0,92489.7,92329.9,92692.2,1.267209011264057,market,92329.9,92489.7,92368.1,92480.0,-0.1401181314367248,43,16,1.3507067349957138,24.715930123917186,0.1175200493522707,0.4925971622455229,1763609400000000000,92330.0,1763609460000000000,124,0.0344001304154059,0.19169855790182297,0.5616464151592233,-0.16902620487824893,0.32822748000480917,-0.01597367830803043,-0.3004247272732122,0.5719974529084018,-0.2902507623680373,-0.3592851862045642,0.26513569313596774,-0.02287740740634629,0.18205634788014524,0.16458659921190963,1.0799311769245026,1.0,1.0,1.0,17.277599559735076,21.89432985510819,2.6875,0.48906171102129475,0.0,0.19525626321716505,-0.08026552969197287,0.5
BTCUSDT,1,1763629920000000000,1763626800000000000,1763625600000000000,5.0,92064.9,91931.0,92298.2,1.742345033607267,market,91931.0,92064.9,92031.5,92064.8,-0.2033878115487593,32,21,0.8069752875214313,0.9124621697169133,0.3763118440779351,0.5014992503747635,1763628000000000000,91931.1,1763629440000000000,126,-0.005173194827140328,0.0837723834235813,0.42076015271033745,0.17936750315113256,0.4267998447566927,-0.06474926267039093,-0.2301018465091103,0.24747518506781319,-0.27106650887530753,-0.2748080624969563,-0.024618445475553207,-0.4297211904929349,-0.13261237257884226,-0.056807949794469764,0.7963629108286906,-1.0,1.0,-1.0,14.544087920585826,25.340819356780155,1.5238095238095237,0.40096235911980815,0.0,0.012210550227764433,0.22209512221014582,0.75
BTCUSDT,1,1763665800000000000,1763660400000000000,1763656200000000000,5.0,86304.0,86066.5,87712.9,5.932210526315765,market,86066.5,86304.0,86281.9,86273.0,-0.09616866430536253,50,71,0.4090214323445902,2.116922207105836,0.1504437146251048,0.16588638110543863,1763662800000000000,86066.6,1763665740000000000,131,0.0115130061572583,0.07017134115705011,1.034394730399775,0.14090944339291828,0.048082716844218706,-0.1098341548013344,0.04156176445503385,-0.6180120680754757,-0.5357446644161415,-0.062111933737006936,-0.8616936867804752,-1.2511562226370774,-1.2189903843691619,0.28275556300463767,0.5957747394953289,-1.0,-1.0,-1.0,27.519002595476454,163.2485168705963,0.704225352112676,0.2945851737598041,0.0,0.055115504849070185,-0.2618753724543171,0.25
BTCUSDT,-1,1763675880000000000,1763673900000000000,1763672400000000000,5.0,87380.4,87631.0,87021.3,1.4329608938546805,market,87380.4,87631.0,87443.6,87480.6,-0.13468664791493978,23,26,0.7653376719462731,1.2050382797165078,0.44341856060602386,0.5930397727272605,1763674500000000000,87630.9,1763675280000000000,134,-0.02961552206977978,-0.11512348936908223,0.6482410485084695,0.10934204203576274,0.055758876888501084,0.16390009398188232,-0.06650682115939922,-0.7500602944354278,-0.7034032898204396,-0.2687349322344615,-0.8520329112887262,0.30184325150865454,-0.41659475637041227,-0.008276826610559916,0.3911250633811676,-1.0,1.0,1.0,28.679200369877666,41.09617259705738,0.8846153846153846,0.40214289017932464,0.0,0.0016228915341642836,0.28418451073357975,1.0
BTCUSDT,-1,1763697600000000000,1763694600000000000,1763694000000000000,5.0,85782.5,86109.1,85400.1,1.1708511941212105,market,85782.5,86109.1,86030.5,85861.1,-0.05951015563543027,30,11,0.4908908047043966,1.3482287589797712,0.12450436161776368,0.5178429817605076,1763695800000000000,86109.0,1763696640000000000,137,-0.3027398310491529,-0.22428891348472244,0.6818965409671667,-0.022977726111440822,-0.33233728538951995,0.9001133654922383,-0.03111565737194366,0.05842316510703707,-0.8689774457211619,-0.09872110089221361,0.11237553879336616,0.28392902952032856,0.38517764284978157,0.17354714691712655,0.42386720978647346,1.0,1.0,1.0,38.07303354413847,44.57785678897143,2.727272727272727,0.4414046881270201,0.0,-0.24336376224458733,0.8645162470772758,1.0
BTCUSDT,-1,1763724000000000000,1763721900000000000,1763720400000000000,5.0,82849.7,83332.90000000001,82325.90000000001,1.084023178807897,market,82849.7,83332.90000000001,82881.9,82887.1,-0.1613959409997403,25,26,0.6785032989939623,1.683684366422634,0.810825391116734,0.8687286459270157,1763722500000000000,83332.8,1763723400000000000,141,-0.3543911300126029,-0.3380962081808665,1.0855759780238579,-0.00908032709510513,0.2198828066135393,-0.17307045381127323,-0.07271447218717973,-0.908755191693881,-0.36676371843108807,-0.12427493530337298,-0.9131112192369839,0.7610967320536088,0.28855001554749954,-0.03053588826783387,0.39266457603931926,1.0,1.0,1.0,58.32248034694292,63.22292054165415,0.9615384615384616,0.4973030424585775,0.0,0.11576817491703667,-0.011741064675361061,0.5
BTCUSDT,-1,1763733660000000000,1763731200000000000,1763728200000000000,5.0,83992.4,84384.70000000001,83234.40000000001,1.9321947489165223,market,83992.4,84384.70000000001,84315.2,84062.5,-0.10436122190989217,26,51,0.44090569793140966,1.9217925747152902,0.06420575446388112,0.36284577666760454,1763732100000000000,84384.6,1763733180000000000,144,-0.3417547491091027,-0.5183404165204335,1.146945563315049,-0.009279980175323747,-0.2051281216823714,0.6387495309623427,-0.03987200808073868,-0.2875573892413894,-0.48803090042670016,-0.10789313385023633,-0.3542266868874854,-0.5970938398603176,-0.8069648866899767,-0.12250891578049392,0.5739935175015073,-1.0,1.0,1.0,46.706606788235305,90.24626037593706,0.5098039215686274,0.36028294606115124,0.0,-0.24911074076274886,0.644673246960321,1.0
BTCUSDT,1,1763766780000000000,1763764800000000000,1763762100000000000,5.0,84350.1,84077.9,84924.9,2.111682586333445,market,84077.9,84350.1,84299.0,84333.4,-0.17387570329012092,23,46,0.8315867838923582,2.3373138682729024,0.35303514376996803,0.43466453674122335,1763765400000000000,84078.0,1763766480000000000,150,0.28064701059239855,-0.34706463992473935,1.411674688602692,0.017730121261734795,-0.1110656315005918,0.13179535166099365,-0.025121930601855472,0.4277090283005402,-1.144883929395971,-0.04221077811313878,0.4296065176348461,0.5430689228275938,-0.0750444446550489,0.021247576380903826,0.486124706324137,1.0,-1.0,-1.0,32.270264054223006,68.14455465968484,0.5,0.3975941776872514,0.0,-0.06710168643057601,0.008944230319397315,0.5
BTCUSDT,1,1763773440000000000,1763771400000000000,1763770500000000000,5.0,84836.9,84500.79999999999,85241.29999999999,1.203213329366222,market,84500.79999999999,84836.9,84810.9,84776.2,-0.13403974177529032,24,16,1.0679831176923893,0.8964267927842501,0.7200929152148664,0.7804878048780488,1763772000000000000,84500.9,1763772900000000000,152,0.19042623358585567,-0.3862278878565236,0.8655252738218756,0.019738178514981112,-0.28548758779874456,0.40201999061919924,0.005671808413645837,-0.46724158287507955,0.08265397305867582,-0.028606260479526528,-0.47334386938693773,-0.19578807659412978,-0.023071608799833727,0.2966436980454722,0.8012520049286526,1.0,-1.0,-1.0,39.61719487628683,47.66793694724751,1.5,0.4550761488144595,0.0,-0.3646158685788995,0.5132137418953587,1.0
BTCUSDT,1,1763780880000000000,1763772900000000000,1763772000000000000,5.0,84519.3,84243.2,85175.09999999999,2.3752263672581475,market,84243.2,84519.3,84500.9,84507.8,-0.1288613045555873,88,16,0.4629935310527852,0.6573218149342961,0.38202580453802487,0.4093133620050405,1763775600000000000,84243.3,1763779800000000000,152,0.19328627889022584,-0.172426010870293,0.7323905075281775,0.007699981176872862,-0.2737889239225238,0.571450803279552,0.018321173776842246,-0.11986695026580145,-0.1694535732695784,-0.06135557232578197,-0.1920205490947068,-0.49521559349955807,-0.21557271867754765,0.13243629690207748,0.6854907814837491,-1.0,-1.0,-1.0,32.66709497120844,77.59174531734034,5.5,0.33932473080257575,0.0,-0.2707305672556665,0.7164621579092658,1.0
BTCUSDT,-1,1763791560000000000,1763787600000000000,1763786400000000000,5.0,84150.0,84329.6,83833.90000000001,1.7600222717148164,market,84150.0,84329.6,84287.6,84170.3,-0.12995212720952676,21,21,0.9401331617949298,0.9779368446704694,0.09233142353458332,0.39554869986778063,1763790300000000000,84329.5,1763791500000000000,153,-0.19248825098809266,-0.3946145486503035,0.6389193096073413,-0.029162926654765334,0.06627876107532106,-0.18291113184232535,-0.02773017310908163,-0.239856448239888,0.33224551953892273,-0.08884252523728625,-0.3368975072280555,-0.12940264837748963,0.060828908935021096,-0.366324949388684,0.9215606535478736,1.0,1.0,1.0,21.34284016637027,37.56387403446123,1.0,0.38076277020081595,0.0,-0.02849540890937849,-0.15279963511378855,0.0
BTCUSDT,1,1763796060000000000,1763794500000000000,1763793600000000000,5.0,84514.3,84355.29999999999,84696.59999999999,1.1465408805029664,market,84355.29999999999,84514.3,84468.3,84482.8,-0.025097513646170855,21,16,0.8278292846158867,1.1861285530106886,0.49430823117343087,0.695709281961527,1763794800000000000,84355.4,1763795880000000000,154,0.14523398599146467,-0.12329728331165025,0.28122803557318277,0.007270049979247354,-0.20444222525025163,0.29418608158087917,0.025736162096664905,-0.6211726642931676,0.7301739343698709,0.15753882210519776,-0.4724754131525547,0.011293249040337957,0.20386093228328403,-0.03713339268922456,0.4262227022062809,1.0,-1.0,-1.0,18.81338424385158,21.570314136186227,1.3125,0.4065421761365174,0.0,-0.1559269077030018,0.3102430680273567,1.0
BTCUSDT,1,1763805780000000000,1763803500000000000,1763802900000000000,5.0,84008.6,83821.2,84226.7,1.1638207043755662,market,83821.2,84008.6,83917.8,83987.5,-0.024453143995908144,23,11,5.499099403655482,0.5216599611147246,0.3122977346278317,0.6061488673139253,1763804400000000000,83821.3,1763804640000000000,155,0.15732429171477055,-0.08766399035805213,0.7122782352744823,0.14194514925309498,0.00927836395509441,-0.275907306978041,0.05957113250343493,-0.21410595578327662,0.2222152611372381,0.11148228977888866,-0.09392099108043375,-0.0638172427847184,-0.17816426978921182,-0.19699442978378534,0.8064111084654263,-1.0,-1.0,-1.0,22.307239973051416,25.961627738111485,2.090909090909091,0.4161013823235788,0.0,0.066137627559541,-0.4945359645965455,0.0
BTCUSDT,-1,1763839320000000000,1763835300000000000,1763833800000000000,5.0,84600.0,84761.90000000001,84426.0,1.0747374922791266,market,84600.0,84761.90000000001,84648.4,84625.2,-0.045136031787019526,42,26,0.8598157778954648,1.5933943891568667,0.5096629213483539,0.7271910112359682,1763836800000000000,84761.8,1763838540000000000,160,-0.09836151273191246,-0.04094938672102784,0.6340861578108145,0.05099599460819957,-0.17316672165569086,0.13624566016418946,-0.03170262053587299,-0.06134812031634926,0.040569752251590256,-0.05043439376831345,-0.13021702906879187,-0.10859568734292083,-0.12611389864924547,0.03439500661982001,0.6527261981296203,-1.0,-1.0,1.0,19.13711583924453,20.56737588652482,1.6153846153846154,0.4414715874733332,0.0,-0.2507463998634203,0.11024993786663184,0.5
BTCUSDT,1,1763856120000000000,1763853600000000000,1763852400000000000,5.0,84749.5,84617.9,84997.7,1.8860182370819614,market,84617.9,84749.5,84721.6,84702.5,-0.12706491179163681,27,21,0.4929075772183886,1.290915446977031,0.37509051412022776,0.4761042722664786,1763854500000000000,84618.0,1763855880000000000,162,-0.2552968621396875,0.2837721120374032,0.3148166598179722,0.029940008913996802,-0.004316578805717669,0.059039220204704354,-0.0035610000518986958,-0.07734850718374635,-0.3553235611073119,-0.11055801510930026,-0.18822484427262393,-0.25334771094473396,0.06246228428675775,0.2080559608482758,1.0173011042682543,1.0,1.0,-1.0,15.528115210119921,29.286308473795962,1.2857142857142858,0.35577756307465147,0.0,0.00580942177011598,0.08253044853741703,0.75
BTCUSDT,-1,1763861040000000000,1763857800000000000,1763856000000000000,5.0,85263.3,85584.3,84847.6,1.2950155763239786,market,85263.3,85584.3,85286.8,85300.1,-0.19216342055311064,24,31,0.861389499707904,1.9019607015604754,0.6769861142726888,0.73048030958341,1763859600000000000,85584.2,1763860800000000000,164,0.21883180079585604,0.29868261657807416,1.1521942769864262,-0.1795895139874619,-0.03918100201597399,0.011629028798129866,-0.273692391614917,-0.0040239939012301764,0.013937233362886294,-0.07706353379321361,-0.1010174323517817,-0.16847305437243895,-0.32121103675543433,0.12777393488659408,2.9717235054161444,-1.0,-1.0,1.0,37.648085401339145,48.75485701350957,0.7741935483870968,0.44523566069537585,0.0,-0.3327707350591498,-0.10383775021873379,0.25
BTCUSDT,1,1763880360000000000,1763876400000000000,1763873400000000000,5.0,86035.3,85934.9,86458.59999999999,4.216135458166848,market,85934.9,86035.3,85935.0,86033.5,-0.24412594670094312,36,51,0.7222207912040554,1.7623103052324613,-0.021004391827382205,0.17051747183502655,1763878200000000000,85946.0,1763879880000000000,166,-0.2623129569996128,0.15629756821277185,0.29427985479317237,0.035369252142174026,0.11362976782037576,-0.3965256982982218,-0.13471245576379726,0.48111782768115324,-0.6338293977947493,-0.15588174054501283,0.32330505590734804,0.09196917564190574,-0.26751474377460804,0.028922403735762693,0.8647427410091656,1.0,1.0,1.0,11.669628629179968,49.20073504712465,0.7058823529411765,0.2853237542308129,0.0,0.10540052873310302,-0.5293458801962855,0.25
BTCUSDT,1,1763910480000000000,1763907900000000000,1763906700000000000,5.0,86631.0,86406.0,86901.9,1.2039999999999742,market,86406.0,86631.0,86604.6,86542.7,-0.10092503831964916,28,21,0.6808441090564775,1.3385909957016318,0.6674512441156822,0.7562205783456576,1763908800000000000,86406.1,1763910120000000000,172,-0.22725223116998025,0.6915763368589474,0.0022082072987542867,0.05639642047579516,0.27266403842879866,-0.11188890709384888,-0.007860976839896701,0.5013980531705369,-1.0921811063373044,-0.2930336785611394,0.26379847818182334,0.500979542335698,0.04766126719171566,0.11668579178198107,0.7246175610137789,1.0,1.0,1.0,25.972227031893897,31.270561346399575,1.3333333333333333,0.4385282853977582,0.0,0.2113010935098275,0.027096684079016733,0.5
BTCUSDT,-1,1763916660000000000,1763914200000000000,1763913300000000000,5.0,87180.1,87472.1,86888.1,1.0,market,87180.1,87472.1,87472.0,87181.1,0.10563924237298394,16,16,0.4897259560428723,4.412330447096779,-0.14537671232875715,0.3544520547945205,1763915700000000000,87387.1,1763916180000000000,174,0.2143340965042939,0.7613824413247307,-0.06967981708846017,0.08376832706666955,0.17146935527399446,0.3517265493423258,0.12693260133134068,0.08664831518151309,-0.08923600608336754,-0.3722761749049985,-0.3525765920633386,-0.25497663488864175,-0.3609857681944859,0.5065791703386162,0.680101040462822,-1.0,-1.0,-1.0,33.49388220476921,33.49388220476921,1.0,0.44427429693119436,0.0,0.08975720862260356,0.42785055700111213,0.75
BTCUSDT,1,1763919480000000000,1763915700000000000,1763914200000000000,5.0,86910.8,86457.9,87387.0,1.0514462353720202,market,86457.9,86910.8,86888.0,86841.6,-0.04494853441717894,53,26,1.7661403835184157,1.1712885902795511,0.8615507914245542,0.9072330194349782,1763916300000000000,86458.0,1763917380000000000,174,-0.18321264677352442,0.09494455199145647,1.082946485663494,0.04668287188408052,-0.04353424972586159,1.1466808754416573,0.12363782784385496,0.1433177765061091,-1.1237457590798947,-0.1221523328028807,0.09017112768710539,0.2833599713814491,0.018486546073477113,0.13649174650385218,0.4083889527847425,1.0,1.0,1.0,52.1108999111743,54.79180953345235,2.0384615384615383,0.5058678858256777,0.0,-0.04770986414527334,1.2958635716559876,1.0
BTCUSDT,-1,1763929920000000000,1763926800000000000,1763924100000000000,5.0,87528.4,87654.0,87175.70000000001,2.808121019108011,market,87528.4,87654.0,87653.9,87547.7,0.028319856188486647,22,46,1.0870086177757392,2.05066033106049,-0.002090738030524826,0.26029688480034086,1763928600000000000,87652.9,1763929500000000000,176,0.20155628608025858,-0.5715925444349399,0.8652536900796798,0.006013026747549939,-0.722436886300913,0.21002661602362796,0.052868478354116476,-0.32706005526276555,0.35987805790340954,0.10058728635920539,-0.32245551520500776,-0.5270454907467665,-0.49890806435577073,0.2692709727955665,0.45790584279506746,-1.0,-1.0,-1.0,14.349628234950693,40.295492662950835,0.4782608695652174,0.35478125817835376,0.0,-0.35754126161106503,-0.1836216530357959,0.25
BTCUSDT,-1,1763350560000000000,1763346600000000000,1763344800000000000,15.0,95288.2,95539.40000000001,94856.40000000001,1.7189490445858613,market,95288.2,95539.40000000001,95384.6,95348.4,-0.12120296370962613,36,31,1.1998110788087448,0.8456408183008773,0.2928260458072993,0.47529812606474436,1763348400000000000,95539.3,1763350020000000000,86,-0.09102514866961875,0.6108474073172904,0.3901025769882721,0.05985629073537566,-0.2660783786629664,0.16912328945316132,-0.1412291696767385,0.39761831975266293,-0.6045889456197332,-0.13425194978248944,0.2842909292448587,-0.14107797966016405,-0.3872212350198709,0.6420670868511922,0.4952050217179317,-1.0,1.0,1.0,26.362130882943706,45.31515969448351,1.1612903225806452,0.44811291297140615,0.0,-0.29620025369962116,0.003547062907481066,0.5
BTCUSDT,1,1763362080000000000,1763353800000000000,1763352900000000000,15.0,94971.3,94849.9,95235.9,2.1795716639206937,market,94849.9,94971.3,94850.0,94939.1,-0.22771105907573552,48,16,0.2960707967557126,1.6125989747375982,-0.004145077720222334,0.31010362694299765,1763359200000000000,94851.6,1763360160000000000,86,0.09419384404706144,-0.007598819664028752,0.42644811046085157,0.13672544305066314,0.10467201912838729,0.18041064974437263,0.07116932615670037,-0.3893192624494863,0.1708701866328312,-0.11667620269549456,-0.5914327562050047,-0.5809375224041979,-0.18750949364989902,-0.023218478234601915,0.5398842076881345,1.0,-1.0,-1.0,12.782809122335772,27.861048548350002,3.0,0.37071091002771484,0.0,-0.015530095024015145,0.5235541878222865,1.0
BTCUSDT,1,1763382360000000000,1763370900000000000,1763368200000000000,15.0,95460.3,95242.79999999999,95909.0,2.0629885057469752,market,95242.79999999999,95460.3,95268.9,95450.0,-0.10509535504650758,41,46,1.0640332420682674,1.5867793764380218,0.04061230865354503,0.3395813808185017,1763379900000000000,95242.9,1763381520000000000,86,0.1139345086016382,0.3174306238211613,0.11002515243077907,0.07707399851849306,0.5332871844466687,-0.002314213804681523,0.00228006704440327,-0.0064887033090388875,-0.43976305198239407,-0.05444495966106922,-0.11103506051426795,-0.42028323964725095,-0.14177059341534787,0.08831799997392228,0.5326946452687183,1.0,1.0,-1.0,22.784340715461248,47.00383300701936,0.8913043478260869,0.3331740607448609,0.0,0.4632828799394053,0.276112546729971,0.75
BTCUSDT,1,1763402820000000000,1763397000000000000,1763390700000000000,15.0,93108.8,92555.0,94387.9,2.3096785843264436,market,92555.0,93108.8,93016.0,92857.4,-0.09117241293919054,67,106,0.7692255118061657,1.3178205008457788,0.33593294460640977,0.40357142857142647,1763398800000000000,92555.1,1763402580000000000,89,0.11304862517100732,1.334898540644684,1.0618118598866655,0.014476116635364503,0.7315076533697538,0.29658420696535504,-0.023994936954778015,0.2447885272376616,-1.301011567775705,-0.0562672977385307,0.1760555456430512,0.3368312898869926,-0.7197586959449992,0.5481295159872714,2.1731166403527813,-1.0,-1.0,-1.0,59.478803292492536,137.37691818603517,0.6320754716981132,0.3273905864640454,0.0,0.3147222691941004,0.2609887651672338,0.75
BTCUSDT,-1,1763417940000000000,1763414100000000000,1763410500000000000,15.0,92016.4,92227.8,91480.1,2.5368968779563206,market,92016.4,92227.8,92227.7,92018.7,-0.19998396076795633,34,61,0.6322681682254014,2.129077745396575,-0.031028487361237367,0.2515714858900716,1763415900000000000,92204.5,1763417580000000000,92,-0.12539255396490057,0.057663786824139675,0.3497025925525649,-0.03569220443517338,0.10163107676177652,-0.31216037589255463,-0.2099727280884377,0.15161286526837384,-0.5870106609113556,-0.21792189756862682,-0.006409564146879658,0.3466819537161993,-0.0039591714217314085,0.08912279724151091,0.32417884090188614,1.0,1.0,1.0,22.974165474851084,58.28308866680162,0.5573770491803278,0.2723387130865425,0.0,0.0047912487217758315,-0.28885019542230095,0.25
BTCUSDT,1,1763448960000000000,1763442000000000000,1763428500000000000,15.0,89705.8,89011.9,90454.9,1.0795503674880844,market,89011.9,89705.8,89012.0,89610.9,-0.0529243028049754,86,226,0.3962513052248057,2.482130484645067,-0.22252252252252655,0.2582813582813563,1763443800000000000,89333.1,1763448780000000000,100,0.1568915482661642,0.3497901553577256,0.9080790231485715,0.007813834053375948,-0.13162197025458636,0.5814860525595217,-0.002851989387653989,-0.3170177834820713,-0.10558432154382859,0.05712928232381367,-0.539775771968331,-1.3788754691466354,-0.3072110166071851,0.5349226507342161,1.0471612895230225,-1.0,-1.0,-1.0,77.35285789770658,83.50630616972272,0.3805309734513274,0.3977792819045931,0.0,-0.26855759174872595,0.5052432271559033,1.0
BTCUSDT,-1,1763452260000000000,1763443800000000000,1763442000000000000,15.0,90383.0,90500.6,89299.8,9.210884353741015,market,90383.0,90500.6,90455.0,90401.6,0.001986706887053158,36,31,0.9788982402542765,0.9973404131528161,0.03938370985891101,0.10170518480048446,1763450100000000000,90500.5,1763451660000000000,100,-0.18229347519348796,0.07354494589006859,0.36214811458111285,0.07321890174074498,-0.23186608923679197,-0.09095478059504043,-0.04613633630715414,-0.7026829711479659,-0.7968341838840342,-0.17554125007212032,-0.6166393291277062,0.4304947767366242,-0.3214414816437282,0.04237746824234756,0.7428804586275836,1.0,1.0,1.0,13.011296372106019,119.84554617571857,1.1612903225806452,0.26888306431616227,0.0,-0.022323364383926125,-0.26002145092069384,0.25
BTCUSDT,-1,1763461320000000000,1763455500000000000,1763450100000000000,15.0,91224.8,91556.0,90844.0,1.149758454106299,market,91224.8,91556.0,91453.5,91289.5,-0.004057471841435234,52,91,0.697987110366121,1.1506941493533227,0.16797900262466076,0.5431430446194031,1763458200000000000,91555.9,1763460480000000000,102,-0.18848095510208937,0.013821678404134391,0.69917052667987,0.015272530240933356,0.2849356640465953,0.5103868687426409,0.11738397545030187,0.0790863548157852,-0.1532579230761879,-0.08361267664312236,0.13346434033873894,-0.5890332726629054,-0.4810838952453768,0.1655609722609592,0.5755174290915172,-1.0,1.0,1.0,36.30591681209464,41.74303478878583,0.5714285714285714,0.43018111895974603,0.0,0.333563053037891,0.8804496972447777,1.0
BTCUSDT,-1,1763467260000000000,1763463600000000000,1763458200000000000,15.0,91445.1,91567.1,91188.1,2.1065573770491803,market,91445.1,91567.1,91567.0,91456.7,0.08205260834723616,31,91,0.8939200443289325,4.834242578010968,-0.00712401055408203,0.3145118733509158,1763465400000000000,91564.3,1763466120000000000,104,-0.209298805286475,-0.19667630016039303,0.4197628786347997,0.07963491281786521,-0.28282710552931317,0.571301558400094,0.004332750633715533,-0.386590279046849,0.2964145579420063,0.1704741433189829,-0.09856180266847779,-0.47999127351357723,-0.20896684270555146,0.012979607800515408,0.5058427714174195,-1.0,1.0,1.0,13.341338136215063,28.1042942705514,0.34065934065934067,0.372648887473457,0.0,-0.3567512077960869,0.7978675694303765,1.0
BTCUSDT,-1,1763490060000000000,1763483400000000000,1763478900000000000,15.0,93379.5,93799.20000000001,92759.70000000001,1.4767691208005032,market,93379.5,93799.20000000001,93799.1,93468.6,-0.03592764929036196,36,76,0.33316836496855423,2.808592876022978,-0.06830206830206831,0.33535353535354095,1763487900000000000,93728.1,1763489400000000000,108,0.01769990274010482,0.40891930582093067,0.5111413592038316,0.0822672338436554,0.5210088562350182,0.029298260671722896,0.039221335158520915,0.12799451928176095,0.09499294894144045,0.010698401052668855,0.11653643729846873,-0.5683739004614851,-0.5988494130300706,-0.05031558431639532,0.5264660918222243,-1.0,-1.0,1.0,44.945625110437696,66.37431127817008,0.47368421052631576,0.43068288084128414,0.0,0.33879485810046367,0.0394953576074081,0.5
BTCUSDT,1,1763503560000000000,1763499600000000000,1763492400000000000,15.0,92633.6,92420.2,92997.79999999999,1.7066541705715448,market,92420.2,92633.6,92616.0,92627.7,-0.07886842557196017,36,121,1.1159215867668424,2.098780736599328,0.5124378109452739,0.558523173605672,1763501400000000000,92420.3,1763502900000000000,111,0.025042758657326147,-0.19917834249516872,0.7521827477359933,0.16834009766372804,-0.11422475308425759,0.4010433736277623,0.08675636529185085,0.20591244932718147,-0.4478745403212629,-0.06893723085729977,0.11127234050171836,-0.4023806146197395,-0.3755474522899773,-0.30913347325734974,0.629839887739543,-1.0,1.0,-1.0,23.036997374603676,39.31618764681309,0.2975206611570248,0.32969435068420794,0.0,-0.17404146517157115,0.7443860446497527,1.0
BTCUSDT,1,1763550180000000000,1763543700000000000,1763539200000000000,15.0,91322.8,91038.79999999999,91649.9,1.151760563380192,market,91038.79999999999,91322.8,91038.9,91314.2,-0.09429212613204241,48,76,0.40614816966847433,2.5787746262454565,-0.24398625429553986,0.22058582883325417,1763547300000000000,91188.0,1763549460000000000,117,0.1452304150478587,0.18071066517883244,0.044188320459398474,0.0697366823518068,0.3027959846539611,-0.16776557512966617,-0.12525779320145872,-0.1957804133692398,-0.1513527591497846,0.06011773471500724,-0.18536093520093658,0.1452304609007342,-0.15479525285936035,0.19210793115668612,0.2794104157587575,-1.0,-1.0,-1.0,31.09847705063955,35.81799944811058,0.631578947368421,0.4439706377361744,0.0,0.16111385358865235,-0.2155573963692281,0.0
BTCUSDT,-1,1763551500000000000,1763539200000000000,1763532000000000000,15.0,91524.8,91987.3,91039.0,1.0503783783783847,market,91524.8,91987.3,91987.2,91550.9,-0.06146087634093633,130,121,0.4165544688757844,0.9553548157525583,-0.2136454708425505,0.27396393546346315,1763543700000000000,91784.6,1763551020000000000,116,-0.14275036164277993,0.26678147721864254,0.4600827694183425,0.08768803562420564,0.1285205575936303,0.106136470550904,-0.4041152189864539,-0.14490287288294407,0.05370287922005936,-0.2941872139385786,-0.3965656738482477,-0.18361399733983844,-0.0017372056035027718,0.13306483632050609,0.5519525514040986,1.0,1.0,1.0,50.53275177875286,53.07850986836386,1.0743801652892562,0.4537414209778184,0.0,-0.2592762943592472,0.07471600618333861,0.5
BTCUSDT,-1,1763551860000000000,1763547300000000000,1763543700000000000,15.0,91497.3,91784.70000000001,91188.1,1.0758524704244528,market,91497.3,91784.70000000001,91650.0,91515.0,-0.24642476058516194,31,61,1.0432663896021293,2.440224492891943,0.29134199134200395,0.6218614718614781,1763550000000000000,91784.6,1763551020000000000,118,-0.14332008393752455,-0.19368973433770184,0.39758998026248654,0.04521483770456318,0.0005539393479603282,0.6885591132331004,-0.2542692851141686,-0.20954185355138735,0.24346702195722406,-0.24404132066542666,-0.4150512851967967,-0.286593629020948,0.03059057709144639,0.06309222938516604,0.32946777784202824,1.0,1.0,1.0,31.41076294054674,33.79334690750405,0.5081967213114754,0.46673298472973374,0.0,-0.34437676260178296,0.9201742849858549,1.0
BTCUSDT,1,1763581800000000000,1763578800000000000,1763576100000000000,15.0,88791.0,88599.9,89349.0,2.9199372056514026,market,88599.9,88791.0,88765.0,88775.8,-0.046033280093863316,35,46,0.7253506860940977,1.4766688198832079,0.28248587570621186,0.3269988015750695,1763579700000000000,88600.0,1763581680000000000,123,0.12807587974701698,0.10981718812044527,0.6459616922431743,-0.019233295653323535,-0.3138454298319547,0.31881612997032055,-0.10582024394951538,-0.41899200415039417,0.37345506702736075,0.14677199902392518,-0.24517053782710307,-0.04157546713673169,-0.5954810947816619,0.26634102750669697,0.8366891462704275,-1.0,-1.0,-1.0,21.52245159982496,62.84420718316046,0.7608695652173914,0.311071765208346,0.0,-0.25514183560736325,0.01880557816466842,0.75
BTCUSDT,-1,1763616060000000000,1763604900000000000,1763591400000000000,15.0,92746.2,93150.1,92093.6,1.6157464718989283,market,92746.2,93150.1,92760.0,92782.4,-0.20625105105204677,51,226,1.6112054327165055,1.1763725332803308,0.5851462865716429,0.6058514628657208,1763613000000000000,93150.0,1763615340000000000,124,0.01757627046454214,0.0034990982946214192,0.38451486755966857,0.2426746615755425,0.6381485918596833,0.38145823976422233,0.07906111551178678,0.9485718092982338,-0.5937177314899599,-1.154924531398278,-0.26839167097294486,0.2691025794109903,-0.18160445976976283,-0.2689804599933693,0.7992568647438297,-1.0,-1.0,-1.0,43.548954027227936,70.36406882438216,0.22566371681415928,0.3826094023163257,0.0,0.583285211547695,0.6283927322431928,1.0
BTCUSDT,1,1763652240000000000,1763648100000000000,1763646300000000000,15.0,90748.0,90221.9,91651.4,1.7171640372552446,market,90221.9,90748.0,90400.0,90629.2,-0.01574612773614681,39,31,0.7276534611670316,0.9037193411012443,0.14222932481022774,0.4202956452257291,1763649900000000000,90222.0,1763651880000000000,129,0.011398419999280878,0.3132983841886584,1.215486451945576,0.20913673908727046,-0.1331953363755899,0.335049435027351,-0.046135913713669326,-0.28120385261284214,-0.34317856718359063,-0.15451114322810086,-0.510817891673899,-0.5143065366576488,-0.4641640014226197,-0.0034696512524610076,0.8899756226054586,-1.0,-1.0,-1.0,57.97372944858353,99.55040331467296,1.2580645161290323,0.3705835075148851,0.0,-0.10202231216192105,0.16113401955297352,1.0
BTCUSDT,1,1763665800000000000,1763660700000000000,1763649900000000000,15.0,86304.0,86066.5,87712.9,5.932210526315765,market,86066.5,86304.0,86281.9,86273.0,-0.07530426329542805,40,181,0.5273878813549865,2.680152622431385,0.1504437146251048,0.16588638110543863,1763663400000000000,86066.6,1763665740000000000,131,0.0115130061572583,0.07017134115705011,1.034394730399775,0.14090944339291828,0.048082716844218706,-0.1098341548013344,0.04156176445503385,-0.6180120680754757,-0.5357446644161415,-0.062111933737006936,-0.8616936867804752,-1.2511562226370774,-1.2189903843691619,0.28275556300463767,0.5957747394953289,-1.0,-1.0,-1.0,27.519002595476454,163.2485168705963,0.22099447513812154,0.2840369080451542,0.0,0.055115504849070185,-0.2618753724543171,0.25
BTCUSDT,1,1763691720000000000,1763683200000000000,1763678700000000000,15.0,86705.9,86135.9,87465.29999999999,1.3322807017543759,market,86135.9,86705.9,86522.4,86580.0,-0.12416671240485211,97,76,0.6880391997793787,0.8613003794078852,0.4097560975609694,0.6043478260869504,1763685900000000000,86136.0,1763691540000000000,135,0.01834789841987115,0.37215847799555807,0.9916341410300615,-0.22885965720834797,0.5656747159231457,0.262905302823729,-0.5440003921358936,0.1436705326359397,0.07447973595631885,-0.4352557664803677,-0.4232685270560618,-0.32943879171538193,-0.3551297157618228,-0.2924732634194033,2.619877822235821,-1.0,-1.0,-1.0,65.73947101638988,87.58342857867737,1.2763157894736843,0.4537866805549409,0.0,-0.01493130820341268,0.1491332433918866,1.0
BTCUSDT,-1,1763703360000000000,1763696700000000000,1763694000000000000,15.0,86023.1,86313.3,85348.0,2.3263266712612425,market,86023.1,86313.3,86109.0,86158.3,-0.043187396968975555,51,46,0.4462018023656681,2.8236320058396496,0.268295887531199,0.3811588490342781,1763700300000000000,86313.2,1763702580000000000,138,-0.2990399032133827,0.6084825855922792,0.3598895622068728,0.04112728329615168,0.3237754633125503,0.22918550527140644,0.03740662063714265,0.14932170764860506,-1.085063605055511,-0.16402960745267367,0.08736497347340912,0.19522595936768944,-0.02345327427977519,0.3124988396032281,0.7423546266812426,-1.0,1.0,1.0,33.73512463512674,78.47892019701752,1.108695652173913,0.30332465286281707,0.0,0.22062214721423756,0.4352158863879646,1.0
BTCUSDT,-1,1763751720000000000,1763746200000000000,1763741700000000000,15.0,84399.9,85548.5,83250.20000000001,1.0009576876196906,market,84399.9,85548.5,85548.4,84457.5,0.019620210083260314,32,76,0.7315178147670337,3.1460362417499264,-0.21441935343514373,0.2852978288300113,1763749800000000000,85055.6,1763751000000000000,146,-0.2725924062163033,0.11153465729100426,0.5946798462275251,-0.009895711588486391,0.19339738207507193,-0.21372895553522808,-0.03237242049840357,0.185014789076414,0.04202836819312508,0.013667923437130245,0.24726085874008005,0.36214884293518085,-0.22799806037104708,0.27716832383391854,0.42231629477988675,1.0,1.0,1.0,136.09020863768868,136.2205405456621,0.42105263157894735,0.48618949916250004,0.0,0.12893048648136543,-0.1514822082890368,0.0
BTCUSDT,1,1763757540000000000,1763749800000000000,1763746200000000000,15.0,84136.8,83250.0,85055.5,1.0359720342805527,market,83250.0,84136.8,83250.1,83868.0,-0.03680740974656571,99,61,0.37144344012180047,1.3217781352715279,-0.09321517585155821,0.3978953198560004,1763751600000000000,83418.4,1763757180000000000,147,0.28976303515852214,0.6096218476361492,1.1282475261649303,0.07075790072879419,0.3717213123172023,0.6375155178789562,0.049217054887010885,0.14762574932568778,-0.7844277073751648,0.03481540875863286,0.16640750912323893,0.09975618007325979,-0.17218267982855662,0.24589788467086537,1.1785453887022237,-1.0,-1.0,-1.0,105.39977750520615,109.19122191478606,1.6229508196721312,0.452349949729101,0.0,0.13985722326369565,0.908620995779577,1.0
BTCUSDT,-1,1763759820000000000,1763751600000000000,1763749800000000000,15.0,84402.6,85055.70000000001,83418.5,1.5068136579390554,market,84402.6,85055.70000000001,85055.6,84407.4,-0.04226608466856985,32,31,0.9774794255844443,1.2027297263955978,-0.2085267529929186,0.19032494502809005,1763757900000000000,84714.2,1763758920000000000,148,-0.3104295477580029,0.4097846735122906,-0.1233494674119658,0.008378493327911069,-0.12949305054567206,0.5477455403089581,0.004374074214442602,-0.5624820636361045,0.041446938254370576,-0.07746526346234482,-0.6501472721981972,-0.25798066609314796,0.014449623840497491,0.437430173205334,0.2892234236051952,1.0,1.0,1.0,77.3791328703151,116.5959342484717,1.032258064516129,0.4302076332326706,0.0,0.01658828236823562,0.48073261115461285,1.0
BTCUSDT,-1,1763768880000000000,1763762400000000000,1763757900000000000,15.0,85104.0,85374.6,84078.1,3.7912047302290173,market,85104.0,85374.6,85374.5,85138.9,-0.18196435507141073,33,76,0.8032696304863763,1.7686184955523918,-0.04018511376784097,0.1684535287311949,1763766900000000000,85322.4,1763768760000000000,150,-0.23064617307078222,0.4859240137126393,-0.05298694672355563,-0.014780309023292772,0.16535902657272,-0.38132112684477204,-0.10030252230375068,0.3518529005447496,-1.0274472925620504,-0.08946513161833969,0.21259920368675828,-0.3085167083059991,-0.33431203571232815,0.39398186827194775,0.8125314566518933,-1.0,1.0,1.0,31.796390298929055,120.54662530550786,0.4342105263157895,0.2808293286153497,0.0,0.04234203011963111,-0.4476337137531347,0.0
BTCUSDT,1,1763780880000000000,1763773200000000000,1763770500000000000,15.0,84519.3,84243.2,85175.09999999999,2.3752263672581475,market,84243.2,84519.3,84500.9,84507.8,-0.12364572139627183,83,46,0.5443308584937027,1.0580860576839097,0.38202580453802487,0.4093133620050405,1763775900000000000,84243.3,1763779800000000000,152,0.19328627889022584,-0.172426010870293,0.7323905075281775,0.007699981176872862,-0.2737889239225238,0.571450803279552,0.018321173776842246,-0.11986695026580145,-0.1694535732695784,-0.06135557232578197,-0.1920205490947068,-0.49521559349955807,-0.21557271867754765,0.13243629690207748,0.6854907814837491,-1.0,-1.0,-1.0,32.66709497120844,77.59174531734034,1.8043478260869565,0.3333552930638946,0.0,-0.2707305672556665,0.7164621579092658,1.0
BTCUSDT,1,1763789820000000000,1763786700000000000,1763775900000000000,15.0,84029.9,83791.9,84287.5,1.082352941176495,market,83791.9,84029.9,83792.0,83988.0,-0.025245204312164593,37,181,0.7681348456103776,2.355271986470728,-0.12086359967714584,0.3591606133978973,1763787600000000000,83851.9,1763789580000000000,153,0.18045515125740808,0.07218646196520744,0.46315041899193193,0.031214874183825195,0.005536543195420079,0.3973247635236082,0.03967131560178877,0.03242499739566457,0.2862903519034454,0.04846824587756862,0.08061155022279132,0.08681901671852983,-0.19097707341889864,-0.13563009676049004,0.6022183743969917,-1.0,-1.0,-1.0,28.323251604488405,30.655754677799905,0.20441988950276244,0.4689878091845377,0.0,0.08243796616934673,0.5696339485365312,1.0
BTCUSDT,1,1763805780000000000,1763801100000000000,1763798400000000000,15.0,84008.6,83821.2,84315.5,1.6376734258270005,market,83821.2,84008.6,83896.6,83987.5,-0.009207933317326944,48,46,1.1384012702280872,1.042494517431411,0.1797136038186227,0.44701670644392105,1763802900000000000,83821.3,1763804640000000000,155,0.15732429171477055,-0.08766399035805213,0.7122782352744823,0.14194514925309498,0.00927836395509441,-0.275907306978041,0.05957113250343493,-0.21410595578327662,0.2222152611372381,0.11148228977888866,-0.09392099108043375,-0.0638172427847184,-0.17816426978921182,-0.19699442978378534,0.8064111084654263,-1.0,-1.0,-1.0,22.307239973051416,36.53197410741212,1.0434782608695652,0.3560680268907409,0.0,0.066137627559541,-0.4945359645965455,0.0
BTCUSDT,-1,1763822760000000000,1763811900000000000,1763809200000000000,15.0,84324.1,84712.8,83578.6,1.9179315667610126,market,84324.1,84712.8,84328.5,84367.6,-0.019331934669297057,136,46,0.7260860386397053,0.8096792332610806,0.5122666666666628,0.5181333333333217,1763814600000000000,84712.7,1763821020000000000,156,-0.09403389136703288,-0.22780542997219883,0.712381178346775,0.049725969224343906,0.19908905346557867,0.27055438827829975,0.06527271155682676,0.0010399570618990896,-0.6429126383828412,-0.13163285833869015,-0.16437864946788083,-0.293339703470754,-0.2582018847186959,-0.22181381956877294,0.6277226285992813,-1.0,1.0,1.0,46.095955960395315,88.40888903646761,2.9565217391304346,0.356553049411122,0.0,0.1410468187574817,0.5871134664762865,1.0
BTCUSDT,-1,1763830320000000000,1763821800000000000,1763814600000000000,15.0,84585.4,84888.1,83968.70000000001,2.0373306904524573,market,84585.4,84888.1,84712.7,84650.2,-0.06936121267994144,52,121,0.8449272901987923,2.3849358965907026,0.23558661470233164,0.40666577072975324,1763827200000000000,84888.0,1763829960000000000,158,-0.09476748547133122,0.22850250553512122,0.18194549746927907,0.04888862267168289,0.22795752406875314,-0.1698397196077688,-0.1915347320359988,0.12540724206693354,-0.7121302791616636,-0.22074867615148303,-0.09064987471013496,0.06540365487062745,-0.27984373284626096,-0.15452300802749075,0.8997345097386238,-1.0,-1.0,1.0,35.78631773332179,72.9085634163795,0.4297520661157025,0.32678000435331667,0.0,0.10108424561033058,-0.3025265459145069,0.25
BTCUSDT,-1,1763870760000000000,1763865900000000000,1763859600000000000,15.0,86146.4,86378.5,85764.20000000001,1.6467040068934637,market,86146.4,86378.5,86300.0,86173.0,-0.14645428130402594,36,106,0.5581805296072949,2.357119735604634,0.14629595073706855,0.4329165889158472,1763868600000000000,86378.4,1763870460000000000,164,0.2504299147874517,0.9331392318680106,-0.07433179947375003,0.12646126015578124,0.17539132779637945,-0.47147875956367247,-0.14169307792189054,-0.3160049359904173,-0.09603423912984389,-0.07438961074070066,-0.3879944716952633,0.01783164298079942,-0.4404033755389676,0.04581764271195826,0.7490355369764516,-1.0,-1.0,-1.0,26.942507173834986,44.366334518909966,0.33962264150943394,0.32459377027460784,0.0,0.06834634248087401,-0.6668348201793152,0.0
BTCUSDT,1,1763880360000000000,1763876700000000000,1763872200000000000,15.0,86035.3,85934.9,86458.59999999999,4.216135458166848,market,85934.9,86035.3,85935.0,86033.5,-0.23340231904191444,31,76,0.716943731726335,2.5059419549398823,-0.021004391827382205,0.17051747183502655,1763878500000000000,85946.0,1763879880000000000,167,-0.2623129569996128,0.15629756821277185,0.29427985479317237,0.035369252142174026,0.11362976782037576,-0.3965256982982218,-0.13471245576379726,0.48111782768115324,-0.6338293977947493,-0.15588174054501283,0.32330505590734804,0.09196917564190574,-0.26751474377460804,0.028922403735762693,0.8647427410091656,1.0,1.0,1.0,11.669628629179968,49.20073504712465,0.40789473684210525,0.2833286790717331,0.0,0.10540052873310302,-0.5293458801962855,0.25
BTCUSDT,-1,1763902140000000000,1763891100000000000,1763883000000000000,15.0,86410.4,86858.1,85778.0,1.4125530489166356,market,86410.4,86858.1,86438.5,86434.1,0.0071979275391188535,94,136,1.4942439324179941,1.0614156509559747,0.6350287617317534,0.6775658492279774,1763896500000000000,86858.0,1763901480000000000,168,0.2154431969572304,0.3964892730399857,0.20737115413135943,0.1319063185563449,0.22820072440362374,0.7070417761990647,0.5039164800465127,0.3683230125869017,-0.321994234857696,0.09058025445471285,0.40283858388103205,-0.09438454642962389,-0.12656768099280943,0.24474479005553915,0.9940986161068307,-1.0,-1.0,-1.0,51.81089313323531,73.18563506244551,0.6911764705882353,0.381593988857371,0.0,0.2697977962511042,1.3498395361871012,0.75
BTCUSDT,-1,1763914800000000000,1763907300000000000,1763903700000000000,15.0,87033.9,87472.1,86406.20000000001,1.432450935645746,market,87033.9,87472.1,87178.9,87073.3,-0.13738929731435823,65,61,1.0219160131984946,1.1303520208059188,0.379270186335417,0.5668995859213412,1763910900000000000,87472.0,1763914140000000000,172,0.21979208591313634,0.7349789332276943,0.2569604066765979,0.04100590277039898,0.3681426237475945,0.9481447754228076,-0.24232313666090663,0.3938712480175995,-0.5076392868942364,-0.43926551840871186,-0.10102802342551383,-0.024896873492418103,-0.2721952124758761,0.23274652908522717,0.8282649095466885,-1.0,-1.0,-1.0,50.34819765631687,72.12132284086805,1.0655737704918034,0.45044901358857087,0.0,-0.15500845240506012,1.108586017874373,1.0
BTCUSDT,-1,1763923560000000000,1763914500000000000,1763910900000000000,15.0,87039.0,87472.1,86458.1,1.3412606788270292,market,87039.0,87472.1,87472.0,87092.7,-0.04525156208887626,91,61,0.4975031735607661,1.0894099109296187,-0.24526627218934624,0.18175542406311923,1763918100000000000,87223.3,1763923320000000000,174,0.1841207178032741,-0.2752720983579475,1.1422427657032102,0.13184271603875225,0.11143074123272227,-0.3196013461569056,-0.05402969034240195,0.14170756526615502,-0.549481294209504,-0.08096021334891994,-0.005960293867547499,-0.09887819181362816,-0.1454425144883867,-0.37713891573905434,0.7236128354273551,-1.0,-1.0,-1.0,49.759303300819845,66.74019692321765,1.4918032786885247,0.40532897871285023,0.0,0.11375142791533044,-0.45965510957815925,0.0
ETHUSDT,1,1763377680000000000,1763372400000000000,1763371200000000000,5.0,3197.92,3189.99,3206.99,1.1437578814627207,market,3189.99,3197.92,3191.36,3196.3,-0.0067961740245580105,53,21,0.5371470661218898,1.63337084322304,0.08695652173913929,0.506393861892592,1763374500000000000,3190.0,1763375520000000000,86,-0.05645446538473125,0.3442968331359053,0.14430405529302057,0.12442874954485357,0.021419973443874668,-0.11258503154820935,0.08326359284208451,-0.13763917264546954,0.014472772954126505,0.050434723876704404,-0.07901202050575772,-0.2182292477671257,0.017023944600909835,0.35788133308104,0.5618624793573463,1.0,1.0,-1.0,24.797368289389013,28.36218542052243,2.5238095238095237,0.3895405986123265,0.0,0.1052294359252012,-0.031053677082137653,0.5
ETHUSDT,1,1763405160000000000,1763402700000000000,1763398500000000000,5.0,3041.91,3023.99,3079.99,2.124999999999987,market,3023.99,3041.91,3041.1,3035.99,-0.01230025970189863,31,71,1.2245234505284255,1.3932154898981437,0.43958868894601205,0.46041131105397975,1763403300000000000,3024.0,1763404740000000000,91,-0.04044777640571114,0.022501406891134956,1.3042721851726702,0.10429432309614625,-0.15157177828806276,0.7344312033661752,0.18371266419440288,-0.45447739941010146,0.028816071688856693,0.0855084177499474,-0.36473061357744063,-0.1136402553646732,-0.8864732809457048,0.20381106440531777,0.5366752187843633,-1.0,-1.0,-1.0,58.91035566469775,125.18450578748197,0.43661971830985913,0.3636105349943113,0.0,-0.096221487161395,0.5683251095549638,1.0
ETHUSDT,-1,1763419740000000000,1763413800000000000,1763411700000000000,5.0,3019.51,3030.9700000000003,2981.9300000000003,3.279232111692828,market,3019.51,3030.9700000000003,3027.21,3019.57,-0.023641357620282744,84,36,0.4043040571631037,1.0498767172486148,0.08279973504084794,0.252815190991385,1763414700000000000,3030.96,1763419560000000000,92,0.04144906107115545,-0.013111234118744503,0.4782146328232262,0.31139631993132366,-0.23986045683683657,0.08120385705856874,0.11624268853222151,0.02907987617515294,-0.9124652841590023,-0.12274956408444601,-0.06303309728391789,0.28015046475919947,-0.30178855281794875,0.15153323040428696,0.6349741653022162,-1.0,1.0,1.0,37.95317783348966,124.4572794923677,2.3333333333333335,0.3117019130341647,0.0,0.0960303344482887,-0.05263752663542241,0.5
ETHUSDT,-1,1763422920000000000,1763418300000000000,1763414700000000000,5.0,3016.45,3026.7200000000003,3004.4100000000003,1.1723466407009735,market,3016.45,3026.7200000000003,3026.71,3017.67,0.025465101809415636,22,61,1.172404417946247,1.4838373250155459,-0.09771402958313948,0.3621694307485613,1763421600000000000,3024.53,1763422620000000000,92,0.03666059935672448,0.346795427260629,0.3303922769485044,0.0230682226409013,0.05217755618205223,-0.11360180435275624,0.061034922486260114,-0.38067517403150924,0.30233247818320585,0.12877065691666603,-0.22780802481116783,-0.15142012020691953,-0.3126147680159152,0.23520471543561366,0.29664851309876816,-1.0,1.0,1.0,34.046644234117714,39.91446899500907,0.36065573770491804,0.4172115760259929,0.0,0.025549724367334922,0.06688009544153779,0.75
ETHUSDT,-1,1763444220000000000,1763438400000000000,1763436900000000000,5.0,3013.32,3027.48,2956.6400000000003,4.002824858757092,market,3013.32,3027.48,3027.47,3013.77,-0.062239709079742855,47,26,0.7002318396115828,0.9838744409487217,-0.06309994353472359,0.13664596273291754,1763441400000000000,3023.0,1763443380000000000,98,-0.057452258074902035,0.4897442541094205,-0.29012929582994396,0.0033992109610591565,-0.0747230408527797,0.32577054238184194,-0.01104398344855709,-0.004532396223960834,-0.7059418693814132,-0.171727321973658,-0.10627268410564725,0.46925704100536814,-0.26147963646829725,0.43339848329405467,0.3493901275575087,1.0,1.0,1.0,46.99135836884185,188.09817742556328,1.8076923076923077,0.27577208586553426,0.0,-0.05073908834380905,0.29761356113678256,0.75
ETHUSDT,1,1763446260000000000,1763444700000000000,1763443500000000000,5.0,3007.21,2995.95,3022.3199999999997,1.341918294848968,market,2995.95,3007.21,3001.01,3007.16,-0.14791800056593318,16,21,1.030114922691459,1.7571226043754715,0.23686679174485228,0.5276735459662361,1763445300000000000,2995.96,1763446080000000000,100,0.05726380335416057,-0.2845979002066971,0.6243273956286646,-0.07193507899735777,-0.3095107264068503,0.3391311180596272,-0.07666167684716167,-0.1279989966468949,0.18703254926168816,0.064768498863885,-0.12092666155732797,-0.5392262252749745,0.18496490553559808,0.034864948790358216,0.48935460157230215,-1.0,-1.0,-1.0,37.44334449539679,50.24590899870535,0.7619047619047619,0.44964003290627597,0.0,-0.18638220277717343,0.09458024260190379,0.5
ETHUSDT,-1,1763460540000000000,1763455500000000000,1763454300000000000,5.0,3056.02,3066.9,3026.71,2.6939338235293797,market,3056.02,3066.9,3066.89,3058.01,-0.036946766979606194,39,21,0.5643321732497797,1.0398185822951274,-0.022144812142320763,0.24832047773077892,1763458200000000000,3066.0,1763460360000000000,102,-0.03838764374269508,0.11509194883958411,0.270955955996636,0.18711219706605328,0.015230002664270964,-0.18675803209210612,0.10639528749814371,0.09871597675406416,-0.3228268231031,-0.12352870652794921,0.0016306424623073544,-0.2316012153072664,-0.4132128662923907,0.21223508038483466,1.1139186995679606,-1.0,-1.0,1.0,35.601861244363946,95.90905818679178,1.8571428571428572,0.2900135092318426,0.0,0.12545919582460308,-0.23078351010432513,0.0
ETHUSDT,-1,1763516820000000000,1763513700000000000,1763511600000000000,5.0,3100.65,3115.7900000000004,3083.76,1.1155878467635079,market,3100.65,3115.7900000000004,3108.32,3101.5,-0.036493486024167465,32,36,1.1203663580449204,4.068272889397115,0.3036223036223031,0.6157916157916161,1763514900000000000,3115.78,1763515320000000000,113,-0.1392529205559788,-0.24156027349209366,0.5628906786879211,0.007109861742094348,-0.10312484739934494,0.5929637829974028,-0.06641285264121946,-0.43266179908972563,0.42640738930421335,0.07489792701549305,-0.33695589050041197,-0.05163209013343503,0.054101414714790304,-0.025980733218735962,0.5936875314403102,1.0,-1.0,1.0,48.82847144953583,54.47244932514109,0.8888888888888888,0.4208573787851762,0.0,-0.08943755061480219,0.6537754365502062,1.0
ETHUSDT,-1,1763519040000000000,1763515500000000000,1763514900000000000,5.0,3109.64,3125.0600000000004,3094.0,1.0142671854733682,market,3109.64,3125.0600000000004,3115.78,3110.01,-0.10072765467689448,24,11,0.8447260030195815,0.794544487068605,0.4254245066544196,0.707205139972465,1763517600000000000,3125.05,1763518560000000000,113,-0.13025228563832858,-0.1830728130003272,1.2098523842594124,-0.15076773195308452,0.00435842574226823,0.5115805952348943,-0.3607812642927111,-0.08644633364951704,0.2865861751157574,-0.1813065945128351,-0.2641294589507184,-0.16878764858811868,-0.08720679837718133,-0.09355547687925149,1.456783875852189,-1.0,-1.0,1.0,49.58773362833167,50.29521102121105,2.1818181818181817,0.471559877802977,0.0,-0.39955502721198827,0.5597710301001985,1.0
ETHUSDT,-1,1763541660000000000,1763538600000000000,1763535000000000000,5.0,3086.39,3099.0400000000004,3071.6800000000003,1.1628458498022882,market,3086.39,3099.0400000000004,3086.68,3091.11,-0.06951432826963755,16,61,3.0347831267389163,2.0304268312936986,0.8227848101266195,0.8421052631579298,1763540700000000000,3099.03,1763540940000000000,116,-0.13294865442306086,-0.5611398191094582,1.4798286678071422,0.394782398794884,-0.3989725588903827,0.2651628344413719,-0.1549031830324848,-0.9578839813068112,0.17087447479027254,-0.00039315066237284525,-0.9795448168746501,-0.48618135525364303,-0.9065014800581797,-0.08920548749952377,1.262595421201576,1.0,1.0,1.0,40.98639510885062,47.66085945068375,0.26229508196721313,0.4359102587944055,0.0,-0.5860003224931567,0.21429118453179222,0.75
ETHUSDT,1,1763571600000000000,1763570400000000000,1763565000000000000,5.0,2948.87,2935.02,2966.4399999999996,1.2685920577617202,market,2935.02,2948.87,2935.5,2946.58,-0.015280000579708908,15,91,0.7171715870369387,3.9014606856711542,0.015185783521802994,0.4471728594507196,1763570700000000000,2935.03,1763571060000000000,123,0.16647296289303878,-0.11133529985386996,1.013983009407133,0.08705400211409484,-0.12601525489326926,-0.0009450608680252494,0.057204008479856225,-0.47537647324829985,-0.1834660240631849,0.17560434682816717,-0.3736185117570712,-1.2096994699706796,-1.1859907892988655,0.5276830647919931,0.5648906128016287,-1.0,-1.0,-1.0,46.967143346434085,59.58214502504251,0.16483516483516483,0.3899937493887059,0.0,0.0750208697224353,-0.26264199198497423,0.25
ETHUSDT,-1,1763626320000000000,1763623200000000000,1763621700000000000,5.0,3031.85,3043.69,3019.25,1.0641891891891684,market,3031.85,3043.69,3032.26,3032.62,-0.05966286513809438,47,26,0.8339343473490596,0.7180355700865981,0.8771121351765926,0.9086021505375984,1763623500000000000,3043.68,1763626020000000000,125,-0.12043048453931054,-0.0019088311677999603,0.8147716496221066,0.3790650530830995,-0.02182628529952229,0.659330383156017,0.20768971072090434,0.21272213081445215,-0.054838975846679516,-0.3141470888872322,-0.010715358136086636,0.00647225528437094,-0.003255866176343815,0.1339971702548983,0.6862534322361291,1.0,1.0,1.0,39.05206392136862,41.55878424064485,1.8076923076923077,0.4448064253025231,0.0,0.024495739117621262,1.1169613892908163,1.0
ETHUSDT,1,1763629800000000000,1763626800000000000,1763626200000000000,5.0,3028.85,3021.49,3038.1899999999996,1.2690217391303709,market,3021.49,3028.85,3021.5,3028.71,-0.2643152797828249,30,11,0.38061337127024786,0.6587701138116419,-0.1502994011976195,0.28982035928142175,1763628000000000000,3024.01,1763629500000000000,126,0.12802410105499873,0.49065244773870825,0.09768536669332875,0.01578660890142639,0.4246015876572408,-0.3577893934641111,-0.33575756838928644,0.46529362028136806,-0.5660836635020879,-0.3639414267646646,0.016647192625166337,0.03547962818704313,-0.017174192384015435,0.01597937405556421,0.7178376824767337,-1.0,-1.0,-1.0,24.299651682982415,30.83678623900058,2.727272727272727,0.46753367474496393,0.0,-0.029064292856632368,-0.3644050252073002,0.25
ETHUSDT,1,1763633820000000000,1763632200000000000,1763630100000000000,5.0,3000.59,2990.4599999999996,3012.81,1.2063178677195576,market,2990.4599999999996,3000.59,2990.47,2999.35,0.015904839666043946,22,36,0.8768424105071952,1.534287121408416,-0.06845637583893402,0.38434004474272954,1763632500000000000,2992.0,1763633400000000000,127,0.2588837753143619,0.31290109528611193,0.3401547394726675,0.37148316265013664,-0.12090063721125566,-0.6794478367744432,0.062196432036422694,0.48012325641702625,-0.7792319079369947,-0.7809634778786069,-0.3938761926847042,0.014717453027197598,-0.36979108527203153,0.09513218095168197,1.1383607037097925,-1.0,-1.0,-1.0,33.760027194653595,40.725324019608806,0.6111111111111112,0.45864086204112847,0.0,0.014005597067847653,-1.1040133419411513,0.0
ETHUSDT,-1,1763643720000000000,1763642400000000000,1763641200000000000,5.0,3025.64,3031.6000000000004,3013.3900000000003,2.0553691275165327,market,3025.64,3031.6000000000004,3028.56,3026.12,-0.019800882911426676,17,21,1.6359960219794223,1.227908398095302,0.1996047430830193,0.3919631093544359,1763642700000000000,3031.59,1763643300000000000,128,-0.2461461241407491,-0.37703154738678124,1.0932692730993039,0.1106824571379542,-0.2610091954686994,-0.08662333402696384,-0.07479308909130546,-0.08957346857795084,0.009507016741997795,-0.0854163999920366,-0.1364044806720595,-0.2635605479107924,-0.28706048400789674,-0.22612581981657048,1.0281479465849024,-1.0,1.0,1.0,19.698311762141206,40.48730186010083,0.8095238095238095,0.38678866854354976,0.0,-0.25364462695568857,-0.3274055963717415,0.25
ETHUSDT,-1,1763677380000000000,1763675400000000000,1763672400000000000,5.0,2894.92,2903.36,2874.8100000000004,2.3827014218008937,market,2894.92,2903.36,2896.17,2895.06,0.016720890033830482,18,51,0.7693680443445245,2.5933043377663334,0.33598502573700856,0.3944782405240936,1763676300000000000,2903.35,1763676960000000000,134,-0.21793788642775946,-0.01401173615232544,0.5119074146316128,0.10861183216900487,0.4629057665252448,-0.5471148044538637,-0.019133894291209937,-0.2512440814037364,-0.5511836246205403,-0.0002601139394923636,-0.25593763813166376,-0.4427613935031727,-0.961520952783964,0.17874480384217273,0.39028313297765305,-1.0,1.0,1.0,29.154518950437502,69.46651375512855,0.35294117647058826,0.31024955853671826,0.0,0.4812468853544749,-0.5248732746949687,0.0
ETHUSDT,-1,1763686620000000000,1763684400000000000,1763682900000000000,5.0,2860.0,2869.61,2846.96,1.356919875130051,market,2860.0,2869.61,2862.57,2860.18,0.00445025855268899,17,26,0.6006146105038489,12.294005827264495,0.45006402048652944,0.6145966709346797,1763685600000000000,2869.6,1763685720000000000,135,-0.21303626326878475,0.13540977694004552,0.20478214687860238,0.12632175126289574,-0.006582345305914051,0.32111994028191504,0.004783980295741536,0.02964970605575224,-0.6467546215923269,-0.36888463458392307,-0.29899211856424174,-0.14681738079423226,0.07359544792280671,0.046077445526004956,0.4593738544859092,-1.0,1.0,1.0,33.60139860139905,45.594405594405465,0.6538461538461539,0.4054420097433002,0.0,0.0280995482809015,0.3906661997109836,1.0
ETHUSDT,-1,1763697600000000000,1763694600000000000,1763694000000000000,5.0,2807.76,2824.7900000000004,2788.1400000000003,1.1520845566646893,market,2807.76,2824.7900000000004,2822.76,2811.33,-0.09178368586744923,40,11,0.30438379390062914,0.8067536219414838,0.05833092694195713,0.4914813745307516,1763695200000000000,2824.78,1763696700000000000,137,-0.25573169499550386,-0.1263921888773598,0.6809161441861246,-0.022539421103614732,-0.1552521716337673,0.8851605911316832,-0.01152910605380665,-0.0976637591286257,-0.8179662941296326,-0.16452444276174227,-0.20708102123110436,0.015949920858321146,0.3033412430745298,-0.016280444475787727,0.35058815085854783,1.0,1.0,1.0,60.65333219363549,69.87776733054068,3.6363636363636362,0.4016116388522913,0.0,-0.12359261192536863,0.8645162470772758,1.0
ETHUSDT,-1,1763724000000000000,1763721900000000000,1763719500000000000,5.0,2710.25,2722.01,2694.1600000000003,1.3681972789115129,market,2710.25,2722.01,2716.28,2710.88,-0.1574093607710938,15,41,0.7035199260180884,6.153786225012543,0.25847266154540316,0.5309534568459079,1763723100000000000,2722.0,1763723340000000000,141,-0.39871657999447624,-0.16578573738325433,1.0910737348637534,-0.020322344397256914,-0.41724852598677187,-0.024911173878687288,-0.12832594565343228,-0.16047594717253694,-0.4825185809485427,-0.20277638379408883,-0.3534387912557477,-0.3546580893635907,0.0201861913681819,0.17330552727637533,0.39446275527583174,1.0,1.0,1.0,43.390831104142485,59.36721704639679,0.36585365853658536,0.47151392139025056,0.0,-0.3198947438647985,-0.011741064675361061,0.5
ETHUSDT,-1,1763733360000000000,1763731200000000000,1763730300000000000,5.0,2751.36,2768.8100000000004,2728.5400000000004,1.3077363896847767,market,2751.36,2768.8100000000004,2760.87,2751.51,-0.0590798213199335,21,16,0.5363679590911089,1.259089211597699,0.2452071737786137,0.5392702535559747,1763732100000000000,2768.8,1763733120000000000,144,-0.36384669192435026,0.8654226844214576,-0.0804216009515397,-0.04310441285909372,0.4018044007338993,-0.5520732505350782,-0.09348310027725792,0.20979653900974748,-0.9431911421328,-0.13831985882065306,0.06304119812435936,-0.36984876674676787,-0.719691683586488,0.26054204284232085,0.8856222486334754,-1.0,1.0,1.0,63.423179809258954,82.94080018608872,1.3125,0.43953246427950443,0.0,0.29607564358572447,-0.455541757932637,0.0
ETHUSDT,-1,1763737260000000000,1763736000000000000,1763734800000000000,5.0,2763.84,2779.57,2740.36,1.4926891290527649,market,2763.84,2779.57,2776.5,2765.1,-0.24531638925036736,11,21,0.6392208736912665,3.416339889029077,0.0846473029045626,0.4348547717842257,1763736600000000000,2779.56,1763736960000000000,144,-0.28630716855224003,-0.2277462590570604,1.7279762755718435,-0.3348904476782675,-0.1986366703419186,-0.22312751462775893,-0.2745930416736186,0.2875467686727077,-0.8185452914258153,-0.286590864652442,0.01672512274803355,-0.0482647054861587,-0.6331918270795202,-0.08831491797464786,1.7692580456853886,-1.0,1.0,1.0,56.91356952645601,84.95426652772959,0.5238095238095238,0.4448811643008752,0.0,-0.31470267065993485,-0.23570238649652564,0.0
ETHUSDT,-1,1763751480000000000,1763746200000000000,1763743800000000000,5.0,2775.82,2805.9500000000003,2714.86,2.0232326584799143,market,2775.82,2805.9500000000003,2805.94,2777.23,-0.07516284568117815,38,41,0.6946399768048025,1.3413912750336634,-0.1373366999670677,0.19332528268744806,1763749200000000000,2793.43,1763751120000000000,146,-0.22496097867076562,0.2548745120069994,0.4084366104720369,0.02627052077159147,0.009489256005530477,-0.4823706803103575,-0.04400942404308249,0.08738458239687227,0.0723159598106839,-0.03585113387189504,0.06418670482564573,-0.016612954878518407,-0.49345242580696874,0.07669882624054432,0.4325297629164342,-1.0,1.0,1.0,108.54450216512637,219.61078167892742,0.926829268292683,0.3826317436575509,0.0,0.01831353538280156,-0.4762930455780488,0.0
ETHUSDT,1,1763803800000000000,1763800500000000000,1763797800000000000,5.0,2725.86,2717.31,2738.72,1.5040935672513918,market,2717.31,2725.86,2717.32,2725.56,-0.24637960265449554,15,46,0.9237187694618962,2.00696508468686,-0.1256422232601622,0.273236805231198,1763802900000000000,2720.01,1763803380000000000,155,0.18806520442126237,-0.0469364682708899,0.19554372630411967,0.08808098020042131,0.2484910204694975,-0.627662142422225,-0.28092089179675184,0.01516268237744575,-0.12318789875369125,0.12754820369964476,0.15029588584850137,-0.06285765606701615,-0.3029122410897371,0.10822571301452547,0.507611903483799,-1.0,-1.0,-1.0,31.366247716317716,47.17777141892713,0.32608695652173914,0.3464368664779552,0.0,-0.06129538744061236,-1.0819805209337516,0.0
ETHUSDT,-1,1763804520000000000,1763802900000000000,1763800500000000000,5.0,2731.88,2738.7400000000002,2720.0200000000004,1.7288629737608532,market,2731.88,2738.7400000000002,2738.73,2733.28,-0.16132586594145648,17,41,0.5845046338428093,4.7766221018701716,-0.038995726495727884,0.3269230769230746,1763803500000000000,2738.0,1763804220000000000,155,-0.17038478490503708,-0.18871400423532034,0.8701932776060898,-0.0545063085848647,0.19454993244379934,-0.7769471561772728,-0.15749451110888077,0.3040694340754968,-0.5459315273048105,-0.08630770633053242,0.21213773098790994,0.14266550545611167,0.18973748361520965,-0.07134757458960948,0.8091919038692443,1.0,1.0,1.0,25.110912631594825,43.413327086108,0.4146341463414634,0.42514138344706787,0.0,0.14817682838711987,-1.2070628161082757,0.25
ETHUSDT,-1,1763825760000000000,1763823300000000000,1763823000000000000,5.0,2743.59,2749.61,2735.46,1.3504983388704541,market,2743.59,2749.61,2749.42,2744.1,0.05651778928666229,26,6,0.5759121420339592,0.5407013245224521,0.012884753042221404,0.43020758768787787,1763824200000000000,2749.6,1763825220000000000,158,-0.14626006787898582,0.024288875173154163,-0.004587594113087025,0.052144509644246384,0.1810967518068703,-0.39084152524927823,0.019769994082374048,0.2722107071950162,-0.36041702474047677,0.016478164269458456,0.28352262987967247,0.02367515171151732,-0.24540103656623324,-0.005195154425795961,0.8197784355423576,-1.0,1.0,1.0,21.94205402410703,29.632707510962312,4.333333333333333,0.3985341088851168,0.0,0.006725132776784548,-0.26459683299013914,0.0
ETHUSDT,-1,1763830320000000000,1763828700000000000,1763826600000000000,5.0,2751.28,2758.01,2743.9100000000003,1.0950965824665484,market,2751.28,2758.01,2753.82,2752.11,-0.0045152726070403215,12,36,1.2300573281727407,2.2320363684046227,0.4213709677419159,0.6774193548386845,1763829600000000000,2758.0,1763829960000000000,160,-0.11254502283400124,0.023758264794961518,0.2128255458299506,0.09730906248566103,-0.21571665051975497,-0.13457422642526443,0.04608825303871622,0.09041305734570991,-0.7599368447492858,-0.11396782965570239,-0.0026206739485949704,0.06237599031590191,-0.2964235952752207,-0.10968245567952675,0.7522420555562023,-1.0,1.0,1.0,24.4613416300777,26.7875316216448,0.3333333333333333,0.42680093510205874,0.0,-0.10108424561033058,-0.3025265459145069,0.25
ETHUSDT,1,1763834340000000000,1763831400000000000,1763830200000000000,5.0,2750.07,2743.1299999999997,2757.3599999999997,1.0504322766569127,market,2743.1299999999997,2750.07,2743.14,2749.05,0.08935971063976877,29,21,0.9952198387191432,1.2273772707061825,-0.06886858749121694,0.41813070976811423,1763832600000000000,2744.12,1763833620000000000,160,0.11426316002360576,0.06001749765612706,0.2756809888681946,0.06859266490433584,0.0715293148109153,0.1147655867415133,0.0016038222120227292,0.15587385083260272,-0.41292301454238123,0.05836592856647482,0.21338221611345196,-0.00911147310671077,0.16721455737338772,-0.11737538912622644,0.5093360489153025,1.0,-1.0,-1.0,25.235721272551277,26.508416149405317,1.380952380952381,0.406583650980357,0.0,0.012940748453264067,0.23530973672355865,0.75
ETHUSDT,-1,1763842080000000000,1763837700000000000,1763836800000000000,5.0,2749.0,2754.13,2743.21,1.1286549707602027,market,2749.0,2754.13,2753.45,2749.04,0.004839577950496499,23,16,1.0963860805027494,0.553423007096472,0.06536585365854368,0.49951219512194056,1763840700000000000,2754.12,1763842020000000000,161,-0.13617650218173696,0.06305832676424944,0.26033798471117375,0.14711460043152258,-0.2907223520330361,0.38768835465126517,0.20188346015032885,-0.1881497133852391,0.30873619133912095,0.004236741028295474,-0.1949675448674551,-0.21208081669129375,0.009263943588896735,-0.0804480048729404,0.9876454214085052,-1.0,1.0,1.0,18.6613313932343,21.062204437977314,1.4375,0.4204302430540663,0.0,-0.12766290259815016,0.6092182230389165,1.0
ETHUSDT,-1,1763847360000000000,1763845800000000000,1763844900000000000,5.0,2743.7,2747.4100000000003,2735.61,2.1805929919133744,market,2743.7,2747.4100000000003,2744.64,2744.94,-0.09614015577904045,21,16,0.3887022306564773,2.534034951945886,0.30530973451329974,0.4092920353982619,1763846100000000000,2747.4,1763846880000000000,161,-0.16276186381702912,0.07083138319918705,0.3346579232283658,0.04447655671231339,-0.1854525776031546,0.12142990209541682,-0.018231848501193578,-0.5135268536545057,0.3237543925206464,0.4289048874715114,-0.0962290613929359,-0.1066811820021669,0.05744428011533237,0.14587920701009227,0.4143110592870829,1.0,1.0,1.0,13.52188650362828,29.485730947259874,1.3125,0.33114947047705406,0.0,-0.32819572392110385,0.19443758153481333,0.75
ETHUSDT,1,1763856180000000000,1763853900000000000,1763852100000000000,5.0,2772.65,2766.1,2780.52,1.201526717557202,market,2766.1,2772.65,2766.32,2770.24,-0.05253238142525418,28,31,0.37693048974224913,1.531732874660355,0.014778325123155231,0.46023926812103777,1763854500000000000,2766.11,1763855880000000000,162,-0.022148369712297212,0.031220257530980112,0.9134199356247209,0.029301723162265536,-0.07344850199646957,0.03859611855849773,-0.018409190525657627,-0.3023979195684058,-0.33024118853968154,-0.0938498456261372,-0.3446852609916893,0.16399299263166517,0.1919036145220319,-0.07117641243801429,0.6759452097061679,1.0,1.0,-1.0,23.623609182551647,28.38439759796545,0.9032258064516129,0.4292671723498642,0.0,-0.10169857260278733,0.0825630470698257,0.5
ETHUSDT,1,1763868780000000000,1763867400000000000,1763865900000000000,5.0,2813.54,2808.16,2821.77,1.5297397769516452,market,2808.16,2813.54,2808.17,2813.36,0.0941903471129999,18,26,0.4403815728531557,3.7773504155902056,-0.03600293901541345,0.35855988243938747,1763867700000000000,2808.66,1763868300000000000,164,-0.06059935841535824,0.4767995592842006,-0.2942674692102088,0.002371804975852467,0.4061681042795346,-0.25228742646621355,-0.008362803218579693,-0.18773718949104493,-0.42558486680348123,0.004319538086184734,-0.186551562558008,-0.2891748306953216,0.26417390944880703,0.02784254858141723,0.3580267250621375,1.0,1.0,-1.0,19.121818065497948,29.25140570242477,0.6923076923076923,0.3769146260745348,0.0,0.257515731937639,0.013158016773992823,0.5
ETHUSDT,1,1763920860000000000,1763918400000000000,1763916000000000000,5.0,2795.53,2784.99,2807.1,1.0977229601517315,market,2784.99,2795.53,2785.27,2795.17,-0.11898802093251004,31,41,0.4952540737889896,1.9412803015659934,0.012362637362636448,0.4821428571428631,1763919000000000000,2785.0,1763920140000000000,175,-0.14521060997018856,-0.17349603596422092,0.4920894551046914,0.06333159227491629,-0.21735571237810136,-0.12572566464729604,-0.11913517596016557,0.14826089646381968,-0.23987259294981247,-0.09047938158344102,-0.0879253931571249,-1.2739938014086662,-0.6229442034881696,0.18484740666153357,0.39129918704663647,-1.0,1.0,1.0,37.703047364901884,41.38750076014104,0.7560975609756098,0.46502589403940686,0.0,-0.2954643892249443,-0.1285407917824684,0.5
ETHUSDT,1,1763402760000000000,1763397000000000000,1763390700000000000,15.0,3064.16,3041.0899999999997,3142.0899999999997,3.377980060684841,market,3041.0899999999997,3064.16,3062.38,3063.78,-0.06944732355258143,66,106,0.6328776424634424,1.8233227064312578,0.26693426994481,0.28926241846462625,1763398800000000000,3041.1,1763402580000000000,89,-0.03809841593087277,0.12663103794738842,0.7426928871332907,0.0224918050624623,-0.3960112451827442,0.20966043332488976,0.028946302661904368,-0.2422056682528954,-1.3858266205211518,-0.102934014582132,-0.31091155870475917,0.15253852381738828,-0.8545207410788495,0.56301392131274,1.915665021119469,-1.0,-1.0,-1.0,75.28980209910763,254.32745026369327,0.6226415094339622,0.30727116932152887,0.0,-0.17046944503595812,-0.01811069592413024,0.5
ETHUSDT,-1,1763425140000000000,1763420400000000000,1763410500000000000,15.0,3024.89,3037.65,3004.4100000000003,1.6050156739811297,market,3024.89,3037.65,3030.96,3031.25,-0.03975553345829175,49,166,0.4412916020866794,4.173386955829922,0.2515060240963799,0.48004518072289254,1763422200000000000,3037.64,1763424600000000000,92,0.03061159608712147,0.143877333946178,0.6100915370139777,-0.025196859381311016,-0.02863136566598396,0.38336593211468445,-0.15872696442324408,-0.2163256326881268,-0.24020812373811404,-0.1607299288524729,-0.36806089270953696,-0.32244141209829486,-0.2608849071113084,0.2470483285731049,0.5772464130187615,-1.0,1.0,1.0,42.183352121896064,67.70494133670833,0.29518072289156627,0.3745259774223739,0.0,-0.19285444090602322,0.49598673570283347,1.0
ETHUSDT,1,1763437080000000000,1763433000000000000,1763429400000000000,15.0,2986.87,2943.2999999999997,3044.85,1.3307321551526234,market,2943.2999999999997,2986.87,2976.64,2984.88,-0.11094453150832839,38,61,10.052514927917485,2.0324956131851253,0.48856640281442104,0.63852242744063,1763434800000000000,2943.31,1763434980000000000,96,0.008100831343174441,0.38289083205101165,1.724842043425751,-0.05624892899690469,-0.02963667947572688,0.5401614585480394,-0.04609142159385668,0.017375657585824843,-0.1771189620977898,-0.6853312653313388,-0.7265562209838049,-0.4145427383801702,-0.1961019770924111,0.44000664038460335,1.929935827240974,-1.0,-1.0,-1.0,145.87176542668468,194.11624878217006,0.6229508196721312,0.45518351570444404,0.0,-0.1509800398870928,0.4751781036022283,1.0
ETHUSDT,-1,1763444220000000000,1763438400000000000,1763435700000000000,15.0,3013.32,3027.48,2956.6400000000003,4.002824858757092,market,3013.32,3027.48,3027.47,3013.77,0.011219382680623502,37,46,0.5922358020459253,2.6730357195684773,-0.06309994353472359,0.13664596273291754,1763442000000000000,3023.0,1763443380000000000,98,-0.057452258074902035,0.4897442541094205,-0.29012929582994396,0.0033992109610591565,-0.0747230408527797,0.32577054238184194,-0.01104398344855709,-0.004532396223960834,-0.7059418693814132,-0.171727321973658,-0.10627268410564725,0.46925704100536814,-0.26147963646829725,0.43339848329405467,0.3493901275575087,1.0,1.0,1.0,46.99135836884185,188.09817742556328,0.8043478260869565,0.27499123285306265,0.0,-0.05073908834380905,0.29761356113678256,0.75
ETHUSDT,1,1763448900000000000,1763442000000000000,1763438400000000000,15.0,2987.11,2956.62,3022.99,1.1767792718924033,market,2956.62,2987.11,2956.63,2985.79,-0.06315138983964297,85,61,0.4253984580082688,1.2691399518314577,-0.23579930691577697,0.22344432725628977,1763443800000000000,2972.28,1763448300000000000,100,0.06363544836601852,0.2563077113829971,0.29836396234846846,0.03979910968048115,-0.003501281727346973,0.2701603138732744,0.08875516427074641,-0.2077320441314411,-0.158465995659308,-0.05545001136533801,-0.3337237258606598,-0.42029844079338974,-0.019740295158223016,-0.009772719131494665,0.7863719638119474,-1.0,-1.0,-1.0,102.07190227343564,120.11609883800614,1.3934426229508197,0.4325910213500331,0.0,0.06781434292516522,0.1678931222565806,0.75
ETHUSDT,-1,1763452800000000000,1763443800000000000,1763442000000000000,15.0,3022.93,3033.51,2972.2900000000004,4.78638941398843,market,3022.93,3033.51,3023.0,3024.03,-0.06150603203277405,75,31,0.919442762436496,0.49393887330722414,0.20701892744479578,0.2083990536277643,1763448300000000000,3033.5,1763451660000000000,100,-0.0773611612429345,0.09913851356732782,-0.004570298253445677,0.12438003498303737,-0.15542198223571663,0.0859465308838831,0.14186598943046744,-0.09472403056657744,-0.7570133532446598,-0.22675041942228494,-0.26639501982290836,0.15163842719390153,-0.3599378063620812,0.2586225436536702,0.45796127830667527,-1.0,1.0,1.0,34.99915644755381,167.51959191909646,2.4193548387096775,0.2773681561670262,0.0,-0.04776368524758853,0.16440214621257093,0.75
ETHUSDT,-1,1763460540000000000,1763455500000000000,1763448300000000000,15.0,3056.02,3066.9,3026.71,2.6939338235293797,market,3056.02,3066.9,3066.89,3058.01,-0.036946766979606194,39,121,0.7487766476358514,1.886017666055988,-0.022144812142320763,0.24832047773077892,1763458200000000000,3066.0,1763460360000000000,102,-0.03838764374269508,0.11509194883958411,0.270955955996636,0.18711219706605328,0.015230002664270964,-0.18675803209210612,0.10639528749814371,0.09871597675406416,-0.3228268231031,-0.12352870652794921,0.0016306424623073544,-0.2316012153072664,-0.4132128662923907,0.21223508038483466,1.1139186995679606,-1.0,-1.0,1.0,35.601861244363946,95.90905818679178,0.32231404958677684,0.27592325201924733,0.0,0.12545919582460308,-0.23078351010432513,0.0
ETHUSDT,1,1763471880000000000,1763468100000000000,1763462700000000000,15.0,3049.08,3037.0499999999997,3064.99,1.3225270157938147,market,3037.0499999999997,3049.08,3037.06,3047.89,0.03014506306332687,33,91,1.0115739693744048,3.300823939862064,-0.05511811023621906,0.3750894774516821,1763469900000000000,3038.6,1763471280000000000,105,0.02817107966819225,0.19016434012449548,0.08384633848343197,0.2340753305766315,0.24820539608645212,-0.11948358984140037,0.14128333109321892,-0.3710080386122354,0.039562139137463904,0.18061344178405903,-0.2249671241786865,-0.07366592359375142,-0.07458264429123206,-0.020837930403273218,0.6377347134533028,1.0,1.0,-1.0,39.454523987564116,52.17967386883865,0.3626373626373626,0.34694525977224105,0.0,0.4303002776904806,-0.04392915656187704,0.5
ETHUSDT,-1,1763492640000000000,1763484300000000000,1763478900000000000,15.0,3155.89,3169.2900000000004,3118.65,2.779104477611811,market,3155.89,3169.2900000000004,3167.89,3156.98,-0.050985357848296387,79,91,0.30537203150119635,1.639973338277299,0.028223350253813756,0.2718781725888391,1763487900000000000,3169.28,1763491920000000000,108,-0.002575386212948553,0.1674024330387415,0.19071500430118765,-0.02519219471558139,-0.08496978284395278,0.40058724381590843,0.014145516946607506,-0.04092732176312508,-0.07435264992865807,-0.02556533419308036,-0.12389611607144807,-0.6296522801864124,-0.47601823418980277,0.15543363787228723,0.46766191820327124,-1.0,-1.0,1.0,42.46028853984311,118.00157800176743,0.8681318681318682,0.3129097538042119,0.0,-0.08127388091855925,0.2956000794617478,1.0
ETHUSDT,-1,1763547540000000000,1763541000000000000,1763532000000000000,15.0,3096.52,3112.9700000000003,3051.3900000000003,2.7434650455926386,market,3096.52,3112.9700000000003,3099.03,3096.93,-0.08376958313483529,64,151,0.9206389544715927,1.6836037583045895,0.2923399790136371,0.34501573976915056,1763543700000000000,3112.96,1763546940000000000,116,-0.1625859553008588,-0.17209798856552588,0.5018204222633642,-0.041306863466565376,-0.28360545924182584,-0.009077376259315553,-0.4498032198043042,-0.8075986785568746,-0.17009934621648523,-0.36494803960455174,-1.2467682554818975,-0.9982774145340692,-0.5113815761751425,0.2663092559391273,0.5636698858639918,1.0,1.0,1.0,53.124152274166725,145.74425484091708,0.423841059602649,0.3076386247564515,0.0,-0.886435577057888,-0.03473668609350923,0.5
ETHUSDT,1,1763614020000000000,1763607600000000000,1763604900000000000,15.0,3030.01,3015.5899999999997,3052.2099999999996,1.5395284327322158,market,3015.5899999999997,3030.01,3028.72,3024.34,-0.10294379509843066,77,46,1.4386015790038031,0.6768578424088437,0.5582978723404209,0.6131914893617153,1763609400000000000,3015.6,1763612760000000000,124,0.09373457433318494,-0.8183093729377705,1.0088743393618935,0.9242994829468828,-0.14419571793640165,0.1672534051003088,0.5673384929126064,0.11898687917590126,-0.10301281533817953,-0.40140413010568676,-0.40447982593685594,-1.0613582784216506,-0.07361678674828777,-0.6441767406254835,1.2115770942851802,-1.0,-1.0,-1.0,47.59060201121622,73.26708492711035,1.673913043478261,0.3914475790698232,0.0,0.43199916876610894,0.3710046070729624,0.75
ETHUSDT,1,1763634060000000000,1763622000000000000,1763615700000000000,15.0,3007.05,2990.4599999999996,3043.6699999999996,2.2073538276068785,market,2990.4599999999996,3007.05,3005.69,2999.35,-0.09376362966573237,126,106,0.8504990163616626,1.1599241995377079,0.4006317451961132,0.4364306396420236,1763626500000000000,2990.47,1763632020000000000,125,0.2499990031611871,-0.2686768316836892,1.142519144600557,0.42370206174430736,-0.0025323158186362424,0.12471352676502917,0.3612619656663418,0.4068005510941788,-0.3488813055153689,-0.6216217034859987,-0.3091714980936613,0.03088851790802292,-0.22908088235391913,-0.44946490821876783,1.028757789193783,-1.0,-1.0,-1.0,55.170349678258084,121.7804825327129,1.1886792452830188,0.4207617243079775,0.0,0.17970408782825031,0.4376092874713463,0.75
ETHUSDT,-1,1763640840000000000,1763635500000000000,1763632800000000000,15.0,3013.61,3026.34,3000.6800000000003,1.0157109190887523,market,3013.61,3026.34,3019.6,3018.27,-0.04325796836895712,44,46,0.7664873502142616,1.9954463357037786,0.3555203380876955,0.671949286846271,1763638200000000000,3026.33,1763639700000000000,128,-0.2562611329263985,0.31961466190719523,0.8110954578590875,0.12259948199867766,0.03757413786760815,0.5791685461524895,0.1969697715591697,-0.1922492473263735,0.23426286272062433,-0.1789716022315951,-0.3157794703941807,-0.14567997986286266,-0.013832354793419285,0.21424138364084272,0.8858549204191642,-1.0,1.0,1.0,42.24169683535699,42.905352716508894,0.9565217391304348,0.44647294747424704,0.0,0.08114360848161906,1.054566626104585,1.0
ETHUSDT,-1,1763643720000000000,1763640000000000000,1763638200000000000,15.0,3025.64,3031.6000000000004,3009.01,2.790268456375551,market,3025.64,3031.6000000000004,3026.33,3026.12,-0.03428639746234774,32,31,1.0426791855166821,1.1130471697740838,0.30351990767456666,0.34333525678016724,1763641800000000000,3031.59,1763643300000000000,128,-0.2461461241407491,-0.37703154738678124,1.0932692730993039,0.1106824571379542,-0.2610091954686994,-0.08662333402696384,-0.07479308909130546,-0.08957346857795084,0.009507016741997795,-0.0854163999920366,-0.1364044806720595,-0.2635605479107924,-0.28706048400789674,-0.22612581981657048,1.0281479465849024,-1.0,1.0,1.0,19.698311762141206,54.9635779537541,1.032258064516129,0.32802441166821217,0.0,-0.25364462695568857,-0.3274055963717415,0.25
ETHUSDT,1,1763652240000000000,1763648100000000000,1763646300000000000,15.0,2990.4,2960.0,3021.31,1.0167763157894658,market,2960.0,2990.4,2962.45,2981.85,0.0035187634776614463,39,31,0.6553792419291025,1.5723771763364804,0.041447256667225846,0.5162221844742602,1763649900000000000,2960.01,1763651220000000000,129,0.26831346914007914,0.33583302949727184,1.2387472433797282,0.20424691650193477,0.41777939085939264,0.18224455714096513,0.16812067323865065,0.2615388710318876,-0.4741061871982186,-0.1067297904809383,0.10146984180640155,0.07201813083327063,-0.16734394554836032,0.2620213621612628,0.9800589385650414,-1.0,-1.0,-1.0,101.658640984484,103.36409844836763,1.2580645161290323,0.4408141128179953,0.0,0.3906105081411158,0.16113401955297352,1.0
ETHUSDT,1,1763665800000000000,1763658900000000000,1763649900000000000,15.0,2810.07,2788.0,2858.97,2.215677390122305,market,2788.0,2810.07,2805.55,2807.99,-0.04978173761880733,40,151,0.5734371697344866,2.5233934022290416,0.3282799925135695,0.4128766610518438,1763663400000000000,2788.01,1763665380000000000,131,0.17807450832197902,0.29848431050272267,1.0263072415927756,0.08154281285751844,0.5339061201804235,-0.23460526602194584,-0.01905589415826956,-0.07700334291094729,-0.6881774447313707,0.07864546939581898,-0.0823457468110667,-0.22525674924972283,-0.9159572754628075,0.1349035005785298,0.7533417569425559,-1.0,-1.0,-1.0,78.53896878013772,174.01701736967277,0.26490066225165565,0.31000940205103467,0.0,0.32088803883790507,-0.2618753724543171,0.25
ETHUSDT,-1,1763689620000000000,1763678700000000000,1763669700000000000,15.0,2866.41,2904.84,2825.63,1.0611501431173416,market,2866.41,2904.84,2904.83,2867.4,-0.10962781072329908,107,151,0.9162953798136386,1.1804576642266333,-0.23974245676050718,0.24529731094559123,1763683200000000000,2885.84,1763688480000000000,134,-0.21554314239453418,0.3825223012512235,-0.10902115371965031,-0.011740799373239241,0.29910330283577746,0.10479921842217964,0.053183779611072304,0.1948366307491826,-0.1728970934385214,-0.28238982690961695,-0.0748357377644901,0.26014386288827424,-0.012329679561578478,-0.04253925635626661,0.2575884494639461,-1.0,1.0,1.0,134.07014348959254,142.26855195174363,0.7086092715231788,0.4423057781699329,0.0,0.2488566103223434,0.28706513898030117,0.75
ETHUSDT,-1,1763703360000000000,1763696700000000000,1763694000000000000,15.0,2819.16,2831.86,2781.09,2.9976377952755033,market,2819.16,2831.86,2824.78,2819.67,-0.08187628367282684,51,46,0.6076197465830139,1.7616024896335238,0.16178489702516397,0.2903890160183061,1763700300000000000,2831.85,1763702280000000000,138,-0.20525248460818135,0.17368651987443137,0.42875533386188824,-0.008729186312560647,0.16041922669234412,0.25043488497854394,0.00251759750863741,0.14191499939062363,-1.0374180535342201,-0.3561738268883031,-0.18774449446781769,0.1951687299190931,-0.08763053653060043,-0.09928274029057213,0.3853245113710942,1.0,1.0,1.0,45.048879808170774,135.0402247477962,1.108695652173913,0.3054858151761631,0.0,0.03760375842511626,0.4352158863879646,1.0
ETHUSDT,-1,1763737260000000000,1763733600000000000,1763728200000000000,15.0,2763.84,2779.57,2717.09,2.9720279720279685,market,2763.84,2779.57,2768.8,2765.1,-0.10485362014236377,31,91,1.3437939482604777,1.0653983093026953,0.2080433101314716,0.30394431554523826,1763735400000000000,2779.56,1763736960000000000,144,-0.28630716855224003,-0.2277462590570604,1.7279762755718435,-0.3348904476782675,-0.1986366703419186,-0.22312751462775893,-0.2745930416736186,0.2875467686727077,-0.8185452914258153,-0.286590864652442,0.01672512274803355,-0.0482647054861587,-0.6331918270795202,-0.08831491797464786,1.7692580456853886,-1.0,1.0,1.0,56.91356952645601,169.14872062058586,0.34065934065934067,0.33567767748111194,0.0,-0.31470267065993485,-0.23570238649652564,0.0
ETHUSDT,-1,1763752380000000000,1763746200000000000,1763741700000000000,15.0,2768.43,2805.9500000000003,2714.86,1.4277718550106366,market,2768.43,2805.9500000000003,2805.94,2772.31,-0.012921556974587523,43,76,0.6926526170522256,2.9109659437098494,-0.1373366999670677,0.2744538368646389,1763749800000000000,2793.43,1763751120000000000,146,-0.22571647849386958,0.3225425142381907,0.33404656165411184,0.014243923223553232,-0.004463297244254834,0.3614063285546911,0.0143977078381867,-0.10811712708844097,-0.6463179340276123,-0.08420933378157555,-0.1836184476398821,-0.009959484316565691,-0.41524719712435304,0.16821681020669757,0.40761929304140065,-1.0,1.0,1.0,135.52807909176119,193.50317689087214,0.5657894736842105,0.42426369618892024,0.0,-0.09784266150726345,0.44451000904516036,0.75
ETHUSDT,1,1763757540000000000,1763749800000000000,1763746200000000000,15.0,2732.81,2706.99,2793.4199999999996,2.3474051123160065,market,2706.99,2732.81,2714.85,2729.12,-0.05065702360322055,99,61,0.4754083356560061,1.305631671315152,0.09989819292440719,0.3284550776278948,1763751600000000000,2707.0,1763757060000000000,147,0.2275186724488034,-0.08882177790372137,1.269515965142257,0.10321304922707655,0.044127067499257884,0.6992322742219087,0.06932689196788805,-0.23058968565811083,-0.704307198344123,0.005834800019925721,-0.2437210159676867,-0.23994995227571292,-0.358012427638293,-0.17109514743038193,0.8595619525805324,-1.0,-1.0,-1.0,94.48150438559637,221.78636641405615,1.6229508196721312,0.32275205423262593,0.0,-0.13985722326369576,0.908620995779577,1.0
ETHUSDT,1,1763766720000000000,1763757900000000000,1763751600000000000,15.0,2725.82,2706.99,2774.97,2.610196494954787,market,2706.99,2725.82,2707.0,2724.96,-0.10130357265230927,87,106,0.5623181339950439,1.547412590642384,-0.06663724624889966,0.21020888496616594,1763761500000000000,2711.53,1763766480000000000,149,0.22612901761726492,0.14901446142338895,0.8595225117324533,0.03345992379745048,0.179944538336004,-0.32524231050817964,-0.021805864969490246,0.3870243567769299,-1.2698768880525075,-0.06931220824572909,0.31029429353739996,0.025809384512635612,-0.25725226634865855,0.14341850250351684,0.6874999280977833,-1.0,-1.0,-1.0,69.08013001592322,180.31271323858377,0.8207547169811321,0.2809380157478668,0.0,0.14535775006689483,-0.427146736846197,0.0
ETHUSDT,-1,1763771040000000000,1763761500000000000,1763757900000000000,15.0,2765.28,2779.8,2711.5400000000004,3.701101928374645,market,2765.28,2779.8,2774.98,2765.41,-0.10023623603724174,69,61,0.871975380286793,1.0855380519376503,0.07580772261623261,0.22868400315208517,1763766900000000000,2779.79,1763770500000000000,150,-0.2088980788288371,-0.19821472135589596,0.19439864831109682,0.02884514944299933,-0.11976596696427051,0.6125364876758457,0.0764765630575633,-0.03442879738096468,-0.352432876174811,-0.1517496060586905,-0.18035621758458686,-0.16268868050007565,-0.27881257332399473,-0.11148950122009495,0.5470691589867849,-1.0,1.0,1.0,52.508245096337376,194.33836718162274,1.1311475409836065,0.2711521870164797,0.0,-0.0021290795470547685,0.7177237466380003,1.0
ETHUSDT,-1,1763775720000000000,1763770500000000000,1763766900000000000,15.0,2771.53,2783.3500000000004,2756.88,1.2394247038916995,market,2771.53,2783.3500000000004,2779.79,2772.49,0.009914355908813066,72,61,0.5640683322593735,0.7483708973702866,0.1548865619546322,0.5152705061081985,1763771400000000000,2783.34,1763775120000000000,152,-0.20718960959572583,0.03848127019540245,0.5659641139186159,0.09506676166931433,0.24078580107761038,-0.3414114764121955,-0.027453997191748326,0.10906172265029113,-0.27603116752949863,0.0037156749067308965,0.1074943725452615,-0.037132899842282456,-0.2305868322240617,-0.0396548255576203,0.45993226459785874,-1.0,1.0,1.0,42.64792371000914,52.85889021587386,1.180327868852459,0.4201467817637608,0.0,0.1780758545327571,-0.36465545557394663,0.0
ETHUSDT,1,1763785560000000000,1763780400000000000,1763775900000000000,15.0,2739.8,2725.2299999999996,2756.7099999999996,1.1606039807823392,market,2725.2299999999996,2739.8,2737.7,2738.13,0.010542377107474188,56,76,0.9948885570445446,0.97808940609149,0.6550998948475315,0.7655099894847747,1763782200000000000,2725.24,1763785500000000000,153,0.20217184194482957,0.13469139057270743,0.5413162713388553,0.14510225839141766,0.22915475774581665,-0.17443095537193137,-0.18547021030680003,0.22395571497118907,-0.28724474394369887,0.06539047875584635,0.2854216249094727,-0.0002673071137832691,-0.2360897953581911,-0.02573643654289013,1.4699435098028444,-1.0,-1.0,-1.0,53.17906416526979,61.719833564491566,0.7368421052631579,0.41224541700894585,0.0,-0.02976493607276831,-0.2881065091767948,0.0
ETHUSDT,1,1763789820000000000,1763785800000000000,1763782200000000000,15.0,2734.81,2725.2299999999996,2748.9799999999996,1.479123173277563,market,2725.2299999999996,2734.81,2725.24,2733.84,-0.10892652718460516,37,61,1.0101519170158386,1.160434607960841,-0.07410526315790393,0.3288421052631556,1763787600000000000,2727.0,1763789580000000000,153,0.1441301406571196,0.12329099311166664,0.48952362789905596,-0.10547278809556812,-0.0015009049929825488,0.4437501324628532,-0.12256354618619403,-0.013911830412569253,0.3006314168124319,0.04240913388483093,0.044010096109750124,0.08915647566343664,-0.17018155668045415,-0.11532212360517238,0.7433112219542127,-1.0,-1.0,-1.0,35.02985582179524,51.81347150258928,0.6065573770491803,0.43174720900974656,0.0,-0.11373166450965055,0.5696339485365312,1.0
ETHUSDT,-1,1763798640000000000,1763787600000000000,1763785800000000000,15.0,2748.88,2770.01,2726.01,1.0823473734027342,market,2748.88,2770.01,2748.99,2755.04,-0.03483493180393138,139,31,1.3363071470941592,0.5928055970054855,0.9138755980861426,0.9186602870813437,1763790300000000000,2770.0,1763794860000000000,153,-0.07695175110453091,-0.20409121051129994,0.7763646291800439,0.23639813466281615,0.00590283860016757,0.4529714764052674,0.1484328540644156,0.027000647091397358,0.24447035584856208,0.09776192002399767,0.12241759523221576,0.06875161448934342,-0.024043726040008304,0.018323890008074543,1.4364032486890697,-1.0,1.0,1.0,76.86766974185889,83.1975204446898,4.483870967741935,0.4868958620869308,0.0,0.1880586672716148,0.7612368129214848,1.0
ETHUSDT,1,1763819220000000000,1763816400000000000,1763811900000000000,15.0,2721.08,2709.24,2733.5299999999997,1.051520270270242,market,2709.24,2721.08,2709.25,2720.68,-0.0004090184301811517,32,76,0.6348286524489155,3.7649814338986958,-0.044051049814745384,0.44298065047343677,1763817300000000000,2710.32,1763818680000000000,157,0.19257467941225956,-0.09364248101278522,1.0595567055617636,0.06399992692715736,0.035746267937523,0.3864467561425852,0.08075585250392324,0.046510680144272454,0.24647920614681548,0.015071748339203928,0.06709806658785547,0.11851179275501393,-0.005248370602658716,-0.07675603570553,0.5205811342928676,-1.0,-1.0,-1.0,43.51213488761869,45.753891837064025,0.42105263157894735,0.48389877902587203,0.0,0.13123566163625855,0.5361789175845594,1.0
ETHUSDT,-1,1763825760000000000,1763821800000000000,1763819100000000000,15.0,2743.59,2754.42,2731.4300000000003,1.1228070175438538,market,2743.59,2754.42,2754.41,2744.1,-0.008592007673108304,36,46,0.5762070333906647,1.216146995166512,-0.20922140060896002,0.26141800782948327,1763823600000000000,2749.6,1763825220000000000,158,-0.14626006787898582,0.024288875173154163,-0.004587594113087025,0.052144509644246384,0.1810967518068703,-0.39084152524927823,0.019769994082374048,0.2722107071950162,-0.36041702474047677,0.016478164269458456,0.28352262987967247,0.02367515171151732,-0.24540103656623324,-0.005195154425795961,0.8197784355423576,-1.0,1.0,1.0,39.47382808655786,44.32149118490683,0.782608695652174,0.4144111580784051,0.0,0.006725132776784548,-0.26459683299013914,0.0
ETHUSDT,1,1763845560000000000,1763840700000000000,1763838900000000000,15.0,2743.97,2732.33,2755.66,1.0042955326460639,market,2732.33,2743.97,2743.2,2741.95,-0.15810030038260459,51,31,1.8736004653855505,0.6206175519551189,0.8708901363271412,0.9326383319967455,1763842500000000000,2732.34,1763844840000000000,161,0.15194716585135,0.23823227101287275,0.7886949176990342,-0.4013705627591259,-0.025120647183926918,0.7050626045870733,-0.013473994945664827,0.3272392794891419,-0.19063947954214616,-0.5264573064876432,-0.18626545362950175,0.1196121810138777,-0.07665940234872078,-0.25750204630821283,1.5177053106269622,-1.0,-1.0,-1.0,42.42028885155404,42.60250658717135,1.6451612903225807,0.47538413367060584,0.0,0.0986264762953748,1.0405505271436093,1.0
ETHUSDT,-1,1763898660000000000,1763891100000000000,1763883000000000000,15.0,2812.9,2823.15,2801.34,1.1278048780487753,market,2812.9,2823.15,2823.14,2812.92,-0.03448277591938864,81,136,0.6171672464880863,1.1016393151919415,-0.1600183402109028,0.30949105914718095,1763893800000000000,2819.65,1763898480000000000,168,0.13660132616164283,-0.023557373829792706,0.9015986387326705,0.1392255886100182,0.05325694427351377,0.3081733677023058,0.12622020586129098,-0.3527911949248581,0.3143312633755481,-0.02169663648108166,-0.3809503836600835,-0.33531134299831716,-0.14269778657995327,-0.23505703364601038,0.8236401407699173,-1.0,-1.0,-1.0,36.4392619716307,41.096377404102334,0.5955882352941176,0.4231523808292406,0.0,0.16406902176731497,0.41228798808679434,0.75
ETHUSDT,1,1763922060000000000,1763910900000000000,1763907300000000000,15.0,2810.49,2784.99,2845.52,1.3737254901960863,market,2784.99,2810.49,2808.0,2799.79,-0.04712723023666998,126,61,1.2095654922271988,0.6308225095110346,0.612843058886221,0.6791899813482453,1763914500000000000,2785.0,1763920140000000000,173,-0.13963817669788067,0.2962709732312065,1.5664088376672072,0.25898989602539874,-0.056858502513616044,1.1517997456969666,0.20654946336013924,0.04409839405130207,0.8316348145534623,0.1302648617300381,0.030195052439029448,-0.9038613424214728,-0.07796580164261085,-0.27566269920563413,1.3255023730801083,-1.0,1.0,1.0,90.73150945208843,124.64018729830102,2.0655737704918034,0.4035070435429145,0.0,-0.040703392478521394,1.2329510511710344,1.0
SOLUSDT,1,1763345220000000000,1763342700000000000,1763340000000000000,5.0,138.45,137.89000000000001,139.17000000000002,1.2857142857143944,market,137.89000000000001,138.45,138.2,138.44,0.014118647840281051,27,46,0.537874936320508,3.5625639650448546,0.30612244897956875,0.5612244897958906,1763343600000000000,137.9,1763345040000000000,86,0.12405302352871407,-0.7135054236137762,1.4510950285793673,0.09454250952958297,-0.5015470935712522,0.26822189581735406,-0.010692601745416646,-0.27113444599123443,-0.002777766187795963,0.05032210114418566,-0.23619404466594138,-0.09340081726050468,0.36506363664402075,-0.20707951158240467,0.7781848925605311,1.0,1.0,-1.0,40.447815095700534,52.004333694476514,0.5869565217391305,0.3813593247365271,0.0,-0.3740416106975799,0.1620742441293228,0.5
SOLUSDT,-1,1763359680000000000,1763357700000000000,1763357100000000000,5.0,140.49,140.76999999999998,139.94,1.9642857142859462,market,140.49,140.76999999999998,140.53,140.5,0.12107043243489479,28,11,1.0480598302811075,1.2694110210378227,0.3833333333333199,0.4499999999999739,1763358000000000000,140.76,1763358720000000000,86,-0.12943239848596125,0.07840718511326987,0.406697345460488,0.14374887198479885,0.09243529415618366,-0.11132083792293086,0.10460924822389676,-0.217958304528667,0.03395675313577436,0.12214854719977034,-0.11227683810541908,-0.29489672914757414,-0.24250058654913115,-0.0021947624777962256,0.5839391513365872,-1.0,-1.0,1.0,19.93024414548884,39.14869385721484,2.5454545454545454,0.3510595458317304,0.0,0.04926555880926674,-0.002160749527235214,0.5
SOLUSDT,-1,1763364480000000000,1763360400000000000,1763360100000000000,5.0,141.48,141.81,140.54,2.8484848484847336,market,141.48,141.81,141.52,141.5,0.012975132536172329,48,6,0.2736585259136626,0.5010641662250924,0.2828282828282814,0.3232323232323421,1763361600000000000,141.8,1763364240000000000,86,-0.14661223383030486,0.3188206194672014,0.3301325237772416,0.09057866449639708,-0.24958255387725514,-0.09985285817544758,0.06045347974723266,-0.05818772573553771,-0.3146782568692883,0.05176726097632234,-0.04918006939109701,-0.2702313194090813,-0.38322897889242924,0.23846869384233307,0.8083242028985661,-1.0,-1.0,1.0,23.32485156912726,66.44048628781438,8.0,0.30531703645014846,0.0,-0.07518990858971841,-0.49998136201167065,0.25
SOLUSDT,1,1763370000000000000,1763367600000000000,1763365800000000000,5.0,141.28,140.9,141.71,1.1315789473684525,market,140.9,141.28,140.92,141.18,-0.10037990092249527,30,31,1.828683741999434,0.9384897263392278,0.012499999999988454,0.46249999999999913,1763368200000000000,140.91,1763369160000000000,86,0.1268114620288457,0.6179645677035659,0.19507330027890527,-0.29700286739934434,1.0086841869667134,-0.022538509545419083,-0.46120114080811786,0.283533328207119,-0.1708325864314895,-0.22324793085122294,0.0796076750477033,0.13761320464266585,0.1021535645360119,0.17988024548291007,2.0068341588503222,1.0,1.0,-1.0,26.896942242355284,30.43601359003446,0.967741935483871,0.45498170779951264,0.0,0.7623804080257434,0.08016654810735543,0.75
SOLUSDT,1,1763370600000000000,1763369400000000000,1763368200000000000,5.0,141.21,140.85000000000002,141.57000000000002,1.000000000000079,market,140.85000000000002,141.21,140.91,141.19,0.020149054772690578,15,21,1.1734084417885728,1.251167547562418,0.07462686567161457,0.5223880597014716,1763369700000000000,140.86,1763370480000000000,86,0.13021344044733368,-0.06982420322458996,0.49976028238788334,-0.05608298764726934,0.15739108792668022,-0.08590442810879569,0.07324962302928092,0.34081380462019495,-0.25767887432011694,-0.10916568828850226,0.25381814753820275,0.17359282149359406,0.06037403963002048,-0.07045655561773154,0.9979280325394482,1.0,1.0,-1.0,25.4939451880168,25.493945188018813,0.7142857142857143,0.43076219034165225,0.0,0.03929045724296859,0.24544849729486468,0.75
SOLUSDT,-1,1763398920000000000,1763397900000000000,1763396700000000000,5.0,135.24,136.14999999999998,134.2,1.1428571428572054,market,135.24,136.14999999999998,136.14,135.3,-0.057580830929170324,12,21,1.0838587808386788,1.2333690626623028,-0.0461538461538336,0.41538461538461896,1763398200000000000,136.05,1763398740000000000,89,-0.028473235771377024,0.47772454156560695,0.7389984041158096,-0.043387081906703845,0.4402726076335885,-1.11161376788358,-0.09741503970941437,1.1936351550321465,-0.533818209648394,-0.0543613392912465,1.231602566924392,1.4459761818637733,0.7969494334510145,0.5782877216671326,0.6688966283692318,1.0,1.0,1.0,67.28778467908667,76.90032534753182,0.5714285714285714,0.4631696442090913,0.0,0.31571950539275156,-0.7354806607919535,0.0
SOLUSDT,1,1763405280000000000,1763401800000000000,1763398800000000000,5.0,131.63,130.45000000000002,133.04000000000002,1.1949152542373311,market,130.45000000000002,131.63,131.61,131.27,-0.05421367557178769,33,51,0.9316073788097184,1.4180462448171687,0.7986111111111163,0.8124999999999926,1763403300000000000,130.46,1763404680000000000,91,0.028999412622302552,-0.120079563704152,1.4464521007882873,0.10514415394548268,-0.5197119061702973,1.0906742195328651,0.0030912307405995872,-0.013690048423565178,0.19803679448740047,0.01680080834876212,-0.14081375220371967,-1.1897612229816428,-1.0146315227275533,-0.17070350463346723,0.9216907872241398,-1.0,-1.0,-1.0,89.64521765554801,107.11843804604004,0.6470588235294118,0.4481240543165521,0.0,-0.4582053596608211,0.7377524346650547,1.0
SOLUSDT,-1,1763417940000000000,1763414100000000000,1763411700000000000,5.0,130.55,131.10999999999999,129.72,1.4821428571429487,market,130.55,131.10999999999999,130.94,130.6,-0.05444236051260076,39,41,0.4450200021348445,2.364605395227596,0.13008130081300645,0.4471544715447053,1763415600000000000,131.1,1763417640000000000,92,-0.05274929078000782,0.5646851514518654,0.21208642750980708,-0.02529703474314017,0.3826735603985917,-0.4059309384791993,-0.07858729500816491,0.04933943165530799,-0.5722180302829581,-0.1280589006125313,0.022761392739193174,-0.07903193956052935,-0.08743900610556588,0.051713588084780215,0.37133987285235875,1.0,1.0,1.0,42.89544235924732,63.577173496745495,0.9512195121951219,0.4003300012725726,0.0,0.32307523917564607,-0.28885019542230095,0.25
SOLUSDT,-1,1763455680000000000,1763453400000000000,1763452500000000000,5.0,137.73,138.19,136.88,1.8478260869564773,market,137.73,138.19,137.81,137.75,-0.21627408642570112,13,16,1.5552287887827687,1.655622590934248,0.39361702127660153,0.47872340425533844,1763454900000000000,138.18,1763455260000000000,102,-0.12141350729096553,0.16184191944613177,0.06152693418249876,-0.06551433433788349,0.5593400698756081,-0.9436069109464571,-0.3378721239859505,0.9375771482282541,-0.8640080588953506,-0.2951819042030122,0.48637148220051296,-0.2428288448464836,-0.39864829543346125,-0.015796207220719005,0.8415181985921494,-1.0,-1.0,1.0,33.39867857402221,61.71494953895262,0.8125,0.40313517697888035,0.0,0.31041915090188843,-1.1841690682680153,0.0
SOLUSDT,-1,1763484000000000000,1763480100000000000,1763478300000000000,5.0,140.77,142.09,138.67999999999998,1.5833333333333657,market,140.77,142.09,142.08,140.85,-0.01164143413093588,30,31,0.8370803548764328,1.0766992111059024,-0.049853372434021895,0.33431085043987624,1763482200000000000,141.91,1763483580000000000,108,0.013329444748886334,-0.10491466066073915,0.7456044776715123,0.2280857933490431,-0.10135716904799266,0.03685771534568691,-0.04791349268883725,1.0031701300196498,-0.5140040310484605,0.08483093151285233,1.016712281957361,0.07637863027899697,-0.4040619312496301,0.11667998430748187,0.81809962135148,-1.0,-1.0,1.0,93.76997939901918,148.4691340484501,0.967741935483871,0.4086024212130561,0.0,-0.13437770111350242,-0.060891408850705785,0.0
SOLUSDT,1,1763487540000000000,1763482200000000000,1763480100000000000,5.0,139.95,138.66,141.9,1.5116279069767666,market,138.66,139.95,138.67,139.7,-0.11751384798696152,64,36,0.4372913385041718,1.0978253257869666,-0.1666666666666725,0.22839506172838844,1763483700000000000,139.21,1763486940000000000,108,-0.004379502028481386,0.08757870875682866,1.070861459197134,0.08977042033694523,0.3248978072833137,-0.27699858231729,-0.19581777877007694,-0.11018286755935032,-0.5834884586772573,-0.21256605363312495,-0.2733614401957699,-0.35286372192897275,0.07085743850616869,0.003718264363167925,0.4275427736655532,1.0,1.0,-1.0,92.17577706323631,139.33547695605697,1.7777777777777777,0.38387950130116033,0.0,0.056365443975314455,-0.12786109265232506,0.0
SOLUSDT,-1,1763494440000000000,1763492100000000000,1763490900000000000,5.0,141.55,141.95,140.94,1.5250000000001207,market,141.55,141.95,141.75,141.57,0.007110727872153166,29,21,0.7792319079276219,1.711111340223758,0.23170731707316988,0.4756097560975483,1763492700000000000,141.94,1763493720000000000,110,-0.029114908749877193,-0.19733997327749003,0.3251821964547004,0.06526972658493342,-0.2710745537458882,0.4085060583761981,-0.06313953058282341,-0.03278294535791543,0.03379566159296053,-0.12642969425338596,-0.22796194962380437,0.2583934493589558,-0.3379321659689427,0.06733052549006024,0.35214649860579866,-1.0,-1.0,1.0,28.258565877780093,43.09431296361806,1.380952380952381,0.4085618840796016,0.0,-0.4554575190349294,0.4137124676131219,0.75
SOLUSDT,1,1763504040000000000,1763500200000000000,1763499600000000000,5.0,140.46,139.57000000000002,141.49,1.157303370786536,market,139.57000000000002,140.46,140.39,140.23,-0.08837681776444783,49,11,0.3940049180285023,0.9166645018666523,0.7297297297296972,0.7927927927927789,1763501100000000000,139.58,1763502960000000000,111,-0.025418965264881226,-0.30999652792818727,0.9158892773404103,0.1952309495106148,-0.32387609156353336,1.1526318443870638,0.16537562074363119,-0.025530955212964664,-0.15628910855080066,-0.23603922395411775,-0.18760906870232194,0.08136533108115027,-0.20493949801928213,-0.14228997353736073,0.7697665867958097,-1.0,1.0,-1.0,63.36323508472065,73.3304855474869,4.454545454545454,0.463266198076106,0.0,-0.41986037850378644,2.0145113848714424,1.0
SOLUSDT,-1,1763533260000000000,1763531700000000000,1763531400000000000,5.0,138.09,138.57,137.54,1.1458333333333814,market,138.09,138.57,138.14,138.1,-0.194439605452986,11,6,0.6198279858322844,1.295268972292465,0.6885245901639772,0.7704918032787054,1763532600000000000,138.56,1763532960000000000,115,-0.2604567130078899,0.02463140312160358,0.8814736515012158,-0.010142197750167415,0.12079903712704443,-0.3700931459247838,-0.3542216161896511,-0.4007013188549236,0.5917656008478469,-0.07698911169286721,-0.593342122139213,-0.33526579099254494,0.41871662844587704,-0.06635658633507777,0.5727568442861743,1.0,1.0,1.0,34.75993917010571,39.8290969657478,1.8333333333333333,0.44174337043891976,0.0,-0.21822066134891782,-0.411942939104453,0.0
SOLUSDT,-1,1763541480000000000,1763538600000000000,1763537700000000000,5.0,140.61,141.06,140.03,1.2888888888889491,market,140.61,141.06,141.05,140.62,0.040549537680440895,13,16,0.6884460527579422,3.131432840633928,-0.08737864077670224,0.3398058252427126,1763540700000000000,140.96,1763540940000000000,116,-0.23929625535812557,-0.011912778185116405,0.3080982220746284,0.13435876859701412,0.19980220380849842,-0.5062181570997687,0.04678677274518753,0.27370170105007846,-0.43029493850296924,-0.12934891867306195,0.015274069518961188,-0.5823635079825068,-0.6947145752694311,-0.12374960971906843,0.37215324620721246,-1.0,1.0,1.0,32.00341369746025,41.248844321172925,0.8125,0.4528036498264294,0.0,0.00644725212168773,-0.38828484602167,0.0
SOLUSDT,-1,1763582580000000000,1763579400000000000,1763578500000000000,5.0,131.48,132.04999999999998,130.73999999999998,1.2982456140351193,market,131.48,132.04999999999998,131.75,131.53,-0.1337511528179529,23,16,0.6980648777313464,1.4830169881832866,0.2843137254901854,0.549019607843134,1763581200000000000,132.04,1763582160000000000,123,-0.15013411656892087,-0.24300091821633482,0.6223830645933235,-0.03915454896336384,-0.09623789445397103,-0.23503913007556101,-0.2763272922108057,-0.5335112147727036,0.040719220911852344,-0.1724503704594793,-0.6705961422653763,-0.0032232277276744896,0.40884208751107676,0.05556488127782343,0.41644545453369747,1.0,1.0,1.0,43.35260115606885,56.28232430788022,1.4375,0.40353486324486393,0.0,-0.13214586219831864,-0.2698615705311824,0.25
SOLUSDT,-1,1763586120000000000,1763584800000000000,1763583000000000000,5.0,132.8,133.45999999999998,131.98,1.242424242424335,market,132.8,133.45999999999998,133.06,132.87,-0.1035055200276056,12,31,1.1707721709641796,2.827363285568553,0.35779816513760104,0.5963302752293351,1763585400000000000,133.45,1763585820000000000,124,-0.11819664080217088,0.47564384686119876,0.10368617246345914,0.006699921226668989,0.4776749884942025,-1.3333552079207627,-0.25115741092429983,0.3996020532132475,-1.2350055645705682,-0.27559051847329885,0.12275435692701768,-0.23141354472621617,-0.35362423579468166,0.28065894722770357,1.3999005835831082,-1.0,1.0,1.0,49.69879518072049,61.74698795180885,0.3870967741935484,0.45982319823528356,0.0,0.12932842646161202,-1.086804985477496,0.0
SOLUSDT,-1,1763608560000000000,1763605200000000000,1763600100000000000,5.0,143.61,144.23999999999998,142.57,1.6507936507937697,market,143.61,144.23999999999998,144.17,143.66,-0.03206926907071295,31,86,0.42895213237699586,2.0245509752857758,0.03726708074534337,0.38509316770185203,1763606700000000000,144.23,1763608140000000000,124,-0.3259356480908237,0.5606983635889966,-0.3118815118071483,0.14189214095678876,0.13740988847245614,0.11291500551589956,0.09814245270751631,0.01862369587786948,0.11041362781744117,0.4395269534963686,0.17693839656515942,-1.9772197391642952,-0.9050535597702138,0.5347432660994919,0.4491600219571749,-1.0,-1.0,1.0,43.86881136410883,72.41835526774042,0.36046511627906974,0.3710511629810629,0.0,0.07687555055725358,0.06560326182854133,0.5
SOLUSDT,1,1763620260000000000,1763617500000000000,1763615100000000000,5.0,143.75,143.3,144.29000000000002,1.200000000000076,market,143.3,143.75,143.56,143.74,-0.11995419618303216,26,41,1.0720709498118828,1.516605019236202,0.33783783783783367,0.5945945945945842,1763618700000000000,143.31,1763619840000000000,124,0.309935712192113,0.3939117068281991,0.26585412029827743,0.03703995228090456,0.5375153630180115,-0.31891561561296095,-0.21062166415445238,-0.16118159369490717,-0.17064082912368936,0.010350674375672633,0.09117533181204697,0.20281088850749693,0.06458579283636301,-0.03989561067919341,0.5275453023087275,1.0,1.0,1.0,31.304347826086165,37.56521739130577,0.6341463414634146,0.40833365614163053,0.0,0.6963181887882186,-0.4976496730210007,0.25
SOLUSDT,-1,1763697420000000000,1763694600000000000,1763694000000000000,5.0,132.77,133.6,131.70999999999998,1.2771084337350012,market,132.77,133.6,133.43,132.8,-0.013198570032104673,37,11,0.33670527516974724,0.9998307008384815,0.09248554913294503,0.47398843930634943,1763695200000000000,133.59,1763696640000000000,137,-0.1284740771960023,0.09701221425969314,0.0512870569260825,0.12584098822715067,0.21861397130715798,0.4194111498469404,0.0874425097939202,-0.27979597398967115,-0.6333803173189586,0.06392799049254701,-0.26903230973111936,-0.0648224478742852,0.1592607535197745,-0.07634150535918245,0.41446434379875874,1.0,1.0,-1.0,62.514122166150784,79.83731264593136,3.3636363636363638,0.3656582727091619,0.0,0.1495795674758944,0.5632522795857681,1.0
SOLUSDT,1,1763707740000000000,1763700000000000000,1763696700000000000,5.0,131.32,130.37,133.04000000000002,1.8105263157895242,market,130.37,131.32,130.38,131.26,-0.12422369328582417,89,56,0.8085806515065084,0.7079453979023103,-0.01498127340823663,0.33707865168539336,1763702400000000000,130.42,1763707200000000000,138,0.1370149879247596,0.4603302835709246,0.3216660307307942,0.04541846283234929,0.5057378704522975,0.4359636992196798,-0.3486175708300723,0.16637506225167875,-0.09989412045544997,-0.24675283368806525,-0.07539845702928157,-0.08122219074244262,-0.2016925071042422,0.005888713123368805,0.7730349999922331,-1.0,-1.0,1.0,72.34236978373353,130.97776424002646,1.5892857142857142,0.35381337343791247,0.0,0.040723552727997714,0.4445517368075316,1.0
SOLUSDT,1,1763723160000000000,1763720400000000000,1763720100000000000,5.0,125.34,124.71,126.35,1.6031746031745642,market,124.71,125.34,124.74,125.33,0.031210499172375394,21,6,1.1271894955261217,0.8843943650287548,0.012345679012343189,0.3827160493827178,1763721900000000000,124.72,1763722260000000000,141,0.2053233262865801,0.18897232713103138,0.7468873429705373,0.1357807122296477,-0.2758009634836223,0.6862627712387067,0.1553920909299848,-0.8330353722643706,0.8090094525981381,0.19075431512326912,-0.6658090849051824,-0.3998466019574408,-0.37314446161015197,0.19137260734318998,1.1192772997558476,-1.0,-1.0,-1.0,50.26328386788014,80.58082016913922,3.5,0.3753687980310499,0.0,-0.057469100742439216,0.3406197276637549,1.0
SOLUSDT,-1,1763733480000000000,1763731200000000000,1763730300000000000,5.0,127.52,128.22,126.22,1.8571428571428454,market,127.52,128.22,127.95,127.65,0.008734359336913355,28,16,0.5182359551958936,1.091555057054822,0.149425287356324,0.3965517241379358,1763731800000000000,128.21,1763733180000000000,144,-0.16498125099094987,0.20675232517005204,0.3505382644859035,-0.010720798765875174,0.08189539904785414,-0.04692263796049806,-0.05688691478448019,0.1983702304528198,-0.8363692471640721,-0.12193627584071881,0.11912406331442825,0.16877744522398194,-0.585158045357142,0.18505716137748943,0.44441389004920023,1.0,1.0,1.0,54.89335006273548,101.94479297365098,1.75,0.3536716260926923,0.0,0.05501332908872063,-0.006270316445668934,0.5
SOLUSDT,-1,1763752140000000000,1763746800000000000,1763743800000000000,5.0,129.1,130.54999999999998,126.48,1.8068965517241455,market,129.1,130.54999999999998,130.54,129.18,-0.05814663468653891,49,51,0.664286183987981,1.6734062936780216,-0.05405405405405386,0.29975429975429996,1763749200000000000,130.32,1763751000000000000,146,-0.1841405375675333,0.39781838916198087,0.3678392313425139,-0.006967449735102415,0.18085119751914208,0.4917566105760681,-0.0368178375480117,0.013345866928301723,-0.5492879445791605,-0.1468286011754498,-0.12398240012340228,-0.10391794422501904,-0.49220911574179266,0.11219969155936012,0.4292342084674887,-1.0,1.0,1.0,112.31603408210603,202.94345468628893,0.9607843137254902,0.33888322923755027,0.0,0.054209657694165636,0.5647946941164417,1.0
SOLUSDT,1,1763782440000000000,1763779800000000000,1763778600000000000,5.0,127.64,127.17,128.36,1.5319148936170528,market,127.17,127.64,127.18,127.56,0.05202629872686648,24,21,0.5713731738162667,1.335510032335937,-0.10924369747898799,0.27731092436974697,1763781000000000000,127.31,1763782320000000000,153,0.17216534317620283,-0.2506236987586976,0.4270427570193133,0.13661000519892225,-0.4102923369603799,-0.08887826070910985,0.13238412634766056,-0.5749978804278155,0.10617041474937103,0.10788307076916392,-0.4896452662808379,-0.1499657776808006,-0.278158312429278,0.22899365579908337,0.5500812104086936,-1.0,-1.0,-1.0,36.82231275462229,56.40864932623104,1.1428571428571428,0.39484937777540224,0.0,-0.351464545759323,-0.23825131763084778,0.0
SOLUSDT,1,1763786700000000000,1763785500000000000,1763781000000000000,5.0,125.96,125.55999999999999,126.64,1.6999999999999929,market,125.55999999999999,125.96,125.79,125.95,-0.024339213124210946,15,76,1.3303653474007002,2.35240861565964,0.2558139534883875,0.45348837209302423,1763785800000000000,125.57,1763786400000000000,153,0.14915284853526128,-0.04425703855481333,0.1440612631774621,0.029895264262613738,-0.036164964546942874,-0.2972207835937187,0.008958840177341637,0.01952421536885497,-0.6655377165619564,0.02712110316767099,-0.005443641809709865,-0.249731767749926,-0.5749176276842425,0.06320926045711021,0.5394425103075057,-1.0,-1.0,-1.0,31.75611305176292,53.98539218799674,0.19736842105263158,0.3327389215361293,0.0,-0.16960548142600507,-0.40265602128953304,0.0
SOLUSDT,-1,1763804580000000000,1763802900000000000,1763801100000000000,5.0,126.65,127.49000000000001,125.59,1.2619047619047594,market,126.65,127.49000000000001,126.68,126.9,-0.001794011308034138,18,31,1.4101988277041737,2.960388067676171,0.7272727272727191,0.7545454545454472,1763803500000000000,127.48,1763804220000000000,155,-0.09799956582234255,0.10824840324471344,0.7049802686116373,-0.06360733070376488,-0.5992180145827327,-0.3316803516640937,-0.04612704612299389,-0.4119942818624559,-0.21700440223737305,-0.24385379726283524,-0.6345770659246981,-0.3942037182617102,0.0046898876721997345,0.40910514559851063,1.1083469743095329,1.0,1.0,1.0,66.32451638373496,83.6952230556654,0.5806451612903226,0.45966744369290186,0.0,-0.3419220431959423,-0.827269173085139,0.25
SOLUSDT,1,1763834340000000000,1763832300000000000,1763830200000000000,5.0,127.57,127.17,128.05,1.200000000000071,market,127.17,127.57,127.34,127.49,0.039363424430489236,29,36,0.46810442678596154,1.9463256583709592,0.22222222222221782,0.5416666666666485,1763832600000000000,127.18,1763834220000000000,160,0.006127406815859336,0.0032226030828163524,0.22914359719740407,0.2800210323413044,-0.00583680747330195,0.08773263576868677,0.1685141124601151,-0.1931740499824427,-0.35126427538241295,0.11992559214498258,-0.06539520974488074,0.12426436712327349,0.10615121839452463,-0.026242737237824023,1.9620677381337164,1.0,-1.0,-1.0,31.355334326251587,37.62640119150414,0.8055555555555556,0.40461885680235227,0.0,0.07262035587223103,0.23530973672355865,0.75
SOLUSDT,-1,1763861040000000000,1763857800000000000,1763853900000000000,5.0,128.33,128.98999999999998,127.55000000000001,1.1818181818182405,market,128.33,128.98999999999998,128.59,128.42,-0.07213522732570588,34,66,1.1620418207105359,1.8634719765003498,0.37142857142855945,0.6190476190475991,1763859000000000000,128.98,1763860800000000000,164,0.04585499522770411,-0.4634518467284904,1.284061187095357,0.23956654806890176,-0.10506425483217777,-0.015053259240572646,0.0019257861605704394,0.131648652885917,-0.0023703138695031073,-0.11936092776618618,0.0494330264225371,-0.10672505840966724,-0.26048119623742827,-0.055056482428516296,2.04772960045448,-1.0,1.0,1.0,51.42990727031623,60.78079950128583,0.5151515151515151,0.41704341812039625,0.0,-0.0772565246657344,-0.10383775021873379,0.25
SOLUSDT,1,1763876820000000000,1763874300000000000,1763871900000000000,5.0,130.44,130.09,130.83,1.1142857142857747,market,130.09,130.44,130.38,130.3,-0.0533461942843948,37,41,0.7350377564441724,0.8143548878113748,0.608695652173905,0.7391304347826033,1763874600000000000,130.1,1763876640000000000,166,-0.09024855995292126,-0.6424892032775287,1.2044256598672642,0.023563147971950884,-0.0229027880482485,0.19733161332541393,0.038177410267085446,0.399839998216039,-0.7795997826654832,-0.2164918197388566,0.09662680475003145,-0.3940448786442068,0.07942824378804578,-0.20451111207849937,0.6689053498108086,1.0,1.0,-1.0,26.83226004293118,29.89880404783922,0.9024390243902439,0.47948499086934154,0.0,0.2232340033217439,0.09873698865830441,0.5
SOLUSDT,-1,1763914200000000000,1763906700000000000,1763904300000000000,5.0,132.66,133.39,130.34,3.1780821917808573,market,132.66,133.39,132.7,132.69,-0.1444813389639219,65,41,1.2276179863861343,0.6967817058449128,0.28691983122363446,0.30379746835443294,1763910300000000000,133.38,1763913960000000000,172,0.041173617231429954,1.4163536321546026,0.2590266116637008,0.0657368213051405,0.5936495693768324,-0.5037887197541026,-0.5383213044728138,0.08143778369452408,-0.9590798946352869,-0.6311368521791798,-0.5891054519453337,-0.6259190909386259,-0.580415715285065,0.24018575822952065,1.2976236530676202,-1.0,-1.0,-1.0,55.0278908487856,174.88315995778632,1.5853658536585367,0.3328646074666308,0.0,0.14726191291819501,-0.7165685726218147,0.0
SOLUSDT,1,1763920560000000000,1763918700000000000,1763916300000000000,5.0,131.26,130.74,131.83,1.096153846153926,market,130.74,131.26,130.75,131.16,-0.002196387955656798,16,41,0.5792194141790621,2.9085819715926977,-0.07339449541285528,0.3944954128440156,1763919600000000000,130.83,1763920320000000000,175,-0.07365068264905197,0.33949651030333156,0.7101732092512258,0.12204883070471219,-0.1842889120742087,-0.5956532543314641,-0.05147945736413353,-0.07982353635582654,-1.2530487050285135,-0.21125173050101434,-0.24491972265561765,0.3305061595308515,-0.2511075531333021,0.07492773160011382,0.8902087746154936,1.0,1.0,1.0,39.616029254912526,43.42526283711882,0.3902439024390244,0.4455012209544117,0.0,-0.04061126039837992,-0.634262056986927,0.0
SOLUSDT,-1,1763921460000000000,1763919600000000000,1763918700000000000,5.0,131.53,131.89,130.84,1.9166666666667391,market,131.53,131.89,131.84,131.63,-0.06894008068792301,16,16,0.6519232537905092,2.6711886284741015,0.03960396039603208,0.346534653465344,1763920500000000000,131.88,1763921040000000000,175,0.07011639429635373,0.2677173346864589,0.5973868540555938,0.04519627510483011,-0.3602781401682674,-0.11476781521222582,0.029259688623400927,-0.3344906752165278,0.08317028939243631,-0.015459109512186268,-0.39802098437075256,-0.2116020176180701,0.10081494588824459,0.2096569076758863,0.429852704829171,-1.0,-1.0,-1.0,27.3701817075941,52.459514939557344,1.0,0.37652149948959585,0.0,-0.20825212804483645,-0.2691666003566109,0.25
SOLUSDT,1,1763928240000000000,1763926500000000000,1763925600000000000,5.0,132.41,132.18,133.0,2.565217391304477,market,132.18,132.41,132.35,132.4,-0.3053787044632047,19,16,0.8036120099248788,1.167181256786403,0.24242424242423852,0.3333333333333333,1763927100000000000,132.19,1763927940000000000,176,-0.05332178360779008,-0.002800765479089628,0.16231027089412847,0.024755587932828744,0.01959477397585426,-0.23731834661698653,-0.06693791315003485,-0.26252998881237843,0.38407756336449067,-0.2146447216160523,-0.44366336661731987,-0.3348465385837997,0.18639445954649309,0.06629454536300884,0.3839851185572379,1.0,1.0,1.0,17.37028925307679,44.558568083981825,1.1875,0.30231709764151454,0.0,-0.021097997286589232,-0.16060542608794215,0.0
SOLUSDT,-1,1763931360000000000,1763929500000000000,1763928900000000000,5.0,132.49,132.79999999999998,132.10999999999999,1.2258064516130835,market,132.49,132.79999999999998,132.79,132.52,0.04446476502865848,16,11,0.5666007757741638,1.5228230591142446,-0.07246376811591755,0.36231884057971137,1763930400000000000,132.74,1763931120000000000,176,0.05078170296917481,0.13033268265144732,0.6028086428994672,0.023748106627422955,-0.14865771467275016,0.26672413492373925,0.0509687665973535,-0.1727899051645879,0.44359130305420835,-0.0002815085147219859,-0.18327067642230532,0.19697886795876435,-0.2712131811915259,-0.09593467375363104,0.3325309152502611,-1.0,-1.0,-1.0,23.397992301303784,28.68140991773144,1.4545454545454546,0.44573810952991155,0.0,-0.09913762558634655,0.17162760323246445,0.75
SOLUSDT,-1,1763359680000000000,1763350200000000000,1763345700000000000,15.0,140.49,140.76999999999998,139.79,2.5000000000003046,market,140.49,140.76999999999998,140.6,140.5,0.13596823519853563,38,76,0.6013529566385226,2.7439513291342483,0.19512195121950965,0.32926829268290736,1763357400000000000,140.76,1763358720000000000,86,-0.12943239848596125,0.07840718511326987,0.406697345460488,0.14374887198479885,0.09243529415618366,-0.11132083792293086,0.10460924822389676,-0.217958304528667,0.03395675313577436,0.12214854719977034,-0.11227683810541908,-0.29489672914757414,-0.24250058654913115,-0.0021947624777962256,0.5839391513365872,-1.0,-1.0,1.0,19.93024414548884,49.82561036372817,0.5,0.30374665393233113,0.0,0.04926555880926674,-0.002160749527235214,0.5
SOLUSDT,-1,1763375400000000000,1763364600000000000,1763357400000000000,15.0,141.78,142.56,140.87,1.1666666666666605,market,141.78,142.56,141.8,141.87,0.041728038490771335,75,121,1.8636838853435567,1.592971789814336,0.7978723404255339,0.8191489361702257,1763370900000000000,142.55,1763372880000000000,86,-0.12310997734049023,0.21122372123531685,0.712082657440786,0.04108848975208249,-0.04790095596178267,0.8162363690205395,-0.003932913596653252,-0.5076149151677309,0.39804543020485594,0.07968421063555502,-0.4782738256289071,-0.13609744858106382,-0.1421308705441328,0.23975086028402323,0.6161740696582817,-1.0,-1.0,1.0,55.014811680067794,64.18394696007876,0.6198347107438017,0.4679985476255244,0.0,-0.2173051085448432,1.1844029753797183,1.0
SOLUSDT,-1,1763417940000000000,1763414100000000000,1763410500000000000,15.0,130.55,131.10999999999999,129.72,1.4821428571429487,market,130.55,131.10999999999999,130.94,130.6,-0.01327924132880054,34,61,0.3821081083837455,3.603927023255337,0.13008130081300645,0.4471544715447053,1763415900000000000,131.1,1763417640000000000,92,-0.05274929078000782,0.5646851514518654,0.21208642750980708,-0.02529703474314017,0.3826735603985917,-0.4059309384791993,-0.07858729500816491,0.04933943165530799,-0.5722180302829581,-0.1280589006125313,0.022761392739193174,-0.07903193956052935,-0.08743900610556588,0.051713588084780215,0.37133987285235875,1.0,1.0,1.0,42.89544235924732,63.577173496745495,0.5573770491803278,0.3993340603051925,0.0,0.32307523917564607,-0.28885019542230095,0.25
SOLUSDT,-1,1763438100000000000,1763433900000000000,1763433000000000000,15.0,134.42,135.2,131.34,3.9487179487179227,market,134.42,135.2,134.65,134.48,0.01049801683082996,40,16,0.9290656439918641,0.49755640873924434,0.1626506024096365,0.23192771084337704,1763435700000000000,135.19,1763437680000000000,96,-0.17008174035822113,0.07186759598844036,0.10513291422292764,0.07377184761007936,0.29133749543156173,-0.516626177545352,-0.1249888949135339,-0.8145893223282266,-0.4328278000807717,0.3465447258357011,-0.5771922742945266,-1.3232646502898244,-0.616505964578161,0.2638271326448739,0.7636506226829679,-1.0,-1.0,1.0,58.02707930367514,229.13256955810033,2.5,0.2917359445744005,0.0,0.11888391046463265,-0.4271848352898515,0.0
SOLUSDT,-1,1763447940000000000,1763438400000000000,1763435700000000000,15.0,135.13,137.0,132.44,1.4385026737967868,market,135.13,137.0,135.19,135.18,0.022176808322662445,129,46,0.7036986218043415,0.7547330118643634,0.6521739130434845,0.6739130434782681,1763440200000000000,136.99,1763446440000000000,98,-0.17318854348125598,-0.38251281752800004,1.3076218731537776,0.06923934684906938,-0.03301556332620564,1.1077124051942822,0.12878359750145346,0.052638002951841394,0.490717249435053,-0.05652154533039947,-0.18730416503368888,-0.9816932837006256,-0.2925899435880052,-0.008402654259384135,1.1781024454806468,-1.0,-1.0,1.0,138.38525863982866,199.06756456745342,2.8043478260869565,0.4375429491023887,0.0,-0.13063290907065306,1.216152407306839,1.0
SOLUSDT,-1,1763452020000000000,1763446500000000000,1763440200000000000,15.0,136.95,137.76999999999998,134.92999999999998,2.4634146341463743,market,136.95,137.76999999999998,136.99,137.0,0.018210987093210007,32,106,1.4843506280042829,1.6410580730744995,0.37198067632848975,0.391304347826084,1763450100000000000,137.76,1763451600000000000,100,-0.1275954321337668,0.4265842090143283,-0.015282970732592424,0.1463216794304732,0.9960087843135788,-1.159136537735388,0.03617598790169065,0.6873354377878395,-0.9706232057050161,-0.09492435032039062,0.38399817489117816,-0.6155605044652352,-0.43589717521621574,0.02105489745761635,1.1915030384027816,-1.0,-1.0,1.0,59.87586710478227,147.49908725812415,0.3018867924528302,0.3194266121449169,0.0,1.241584201582511,-1.4380244475272064,0.0
SOLUSDT,-1,1763461260000000000,1763455500000000000,1763450100000000000,15.0,137.73,138.25,136.37,2.6153846153845355,market,137.73,138.25,138.18,137.84,-0.061122982748075705,51,91,0.42612960782117104,2.3970019091022707,0.03296703296703434,0.2802197802197919,1763458200000000000,138.24,1763461200000000000,102,-0.11411130945228885,0.34698118419393315,0.2599291623410706,-0.04930930707897193,0.12159875084047247,0.22448279229182713,0.03088693056290143,-0.1654756412814134,-0.11654628677270466,-0.06291608086168149,-0.35569305945852936,0.16124813626491877,-0.25216116649899467,0.3427497064831147,0.4950866898159716,-1.0,-1.0,1.0,37.755027953242596,98.74391926232377,0.5604395604395604,0.31340671746770316,0.0,-0.08153224824249344,0.47687144488610766,0.75
SOLUSDT,-1,1763480940000000000,1763477100000000000,1763472600000000000,15.0,139.68,142.09,137.13,1.0580912863070602,market,139.68,142.09,139.84,140.39,-0.0441114610910589,34,76,2.72512388381495,2.4032151564176742,0.8235294117647096,0.882352941176473,1763478900000000000,142.08,1763479980000000000,108,-0.017301750086029837,0.653878060219099,0.7296846976414819,0.15639468915501623,1.036458143368629,0.7369848106753324,0.17951489568896892,0.1859419729342808,-0.5913153719530976,-0.11348332519215036,-0.04165743632648832,-0.1744599148905151,-0.23165961537655527,-0.09514363638921094,0.9752775969708771,-1.0,-1.0,1.0,172.53722794959882,182.56013745704547,0.4473684210526316,0.42250956342278323,0.0,0.9273980474010342,0.8226231101010235,1.0
SOLUSDT,-1,1763485560000000000,1763480700000000000,1763478900000000000,15.0,140.73,142.09,138.67999999999998,1.507352941176464,market,140.73,142.09,142.08,140.8,-0.02671752169569963,51,31,0.8477584026500412,1.2493160716594967,-0.049853372434021895,0.34604105571847454,1763482500000000000,141.91,1763483580000000000,108,0.01825901991360229,0.4885115264092413,-0.07761825315890815,0.09578622366160285,0.33210291004154696,0.1263105542128597,0.087760115684038,-0.0504841816290236,-0.8531515049741328,-0.006140201138009869,-0.11699283642961458,0.1207460631292129,-0.35014767260511104,0.30376733226669894,0.36181956072019944,-1.0,-1.0,1.0,96.63895402543976,145.6690115824637,1.6451612903225807,0.33957641667871613,0.0,0.2905594357068152,0.09564716995044234,0.75
SOLUSDT,1,1763487540000000000,1763482500000000000,1763480700000000000,15.0,139.95,138.66,141.9,1.5116279069767666,market,138.66,139.95,138.67,139.7,-0.07861424727660005,54,31,0.38053118181772444,1.421239037604514,-0.1666666666666725,0.22839506172838844,1763484300000000000,139.21,1763486940000000000,108,-0.004379502028481386,0.08757870875682866,1.070861459197134,0.08977042033694523,0.3248978072833137,-0.27699858231729,-0.19581777877007694,-0.11018286755935032,-0.5834884586772573,-0.21256605363312495,-0.2733614401957699,-0.35286372192897275,0.07085743850616869,0.003718264363167925,0.4275427736655532,1.0,1.0,-1.0,92.17577706323631,139.33547695605697,1.7419354838709677,0.3882431504616318,0.0,0.056365443975314455,-0.12786109265232506,0.0
SOLUSDT,-1,1763498100000000000,1763495100000000000,1763487000000000000,15.0,141.55,142.07999999999998,140.84,1.339622641509518,market,141.55,142.07999999999998,142.07,141.56,-0.15335912850505573,35,136,0.721185390744468,2.3151632629460392,-0.008064516129025048,0.41129032258064424,1763496000000000000,142.06,1763497860000000000,110,-0.02822603765137503,-0.049073339934273416,1.0391345824623697,-0.10721492445897597,-0.3069226700144979,0.6125203449437223,-0.09628951894759954,0.044081366354721055,0.3646165114556302,-0.28205090779067615,-0.3231439829888409,-0.35948450918431235,-0.22718635034592166,-0.1565216646638596,0.9077282090645487,-1.0,-1.0,1.0,37.44259978805882,50.15895443306308,0.25735294117647056,0.44854901499655947,0.0,-0.7955846794255906,0.951634795074213,1.0
SOLUSDT,1,1763500800000000000,1763496000000000000,1763495100000000000,15.0,141.12,140.38,142.05,1.2567567567567506,market,140.38,141.12,140.83,141.04,0.031033174978011946,35,16,1.984507943296784,0.4270173564227824,0.3577235772357966,0.5934959349593694,1763498700000000000,140.39,1763500140000000000,110,-0.028557758079711604,0.6703099932207913,-0.25857394902527076,-0.07385148032402561,0.20914844583724315,0.13424786328065666,0.009888160584473055,-0.1533288171956187,-0.5463862179765709,0.1797019881757353,0.12452769797111171,0.4457971914877196,0.046518635001132604,0.532797590669312,0.49805648902836464,1.0,1.0,-1.0,52.437641723356656,65.90136054421816,2.1875,0.41199828728737475,0.0,0.005963652457979696,0.6464731124611436,0.75
SOLUSDT,1,1763512320000000000,1763503200000000000,1763498700000000000,15.0,140.07,139.19,141.77,1.9318181818182112,market,139.19,140.07,139.58,140.05,-0.14877081806984038,107,76,0.5992101786008999,1.2288305024175872,0.17272727272728447,0.39545454545454956,1763505900000000000,139.2,1763511600000000000,111,0.2114578044688269,0.45436532876635516,-2.114896245358423e-05,-0.20618318073765798,0.6661121973419977,-0.10781694397458705,-0.1666358600451607,0.45503660007482166,-0.577404986258765,-0.6285362273669262,-0.1032414508598937,0.017176554430874524,-0.21274010973630827,0.11999067358980517,0.9925945349386793,-1.0,1.0,-1.0,62.825729992146464,121.36788748483025,1.4078947368421053,0.4175177520732788,0.0,0.6377501778603976,-0.04456944949660965,0.5
SOLUSDT,1,1763517660000000000,1763512200000000000,1763505900000000000,15.0,140.37,139.19,141.72,1.144067796610158,market,139.19,140.37,139.2,140.34,-0.09151947497051804,31,106,1.141720585178285,2.5980757881054224,-0.20158102766799174,0.26086956521738985,1763515800000000000,139.71,1763517540000000000,113,0.21407922460702444,0.2723308442006195,0.007559459849377658,0.1702682922849089,-0.02448360193824865,0.0994984116783022,0.017731023247910586,-0.42345579792876525,0.04875694986667153,-0.21430841605177514,-0.5378730578233386,0.20445240605380044,-0.07229557913834024,0.31369120305195797,0.76265028040319,-1.0,1.0,-1.0,84.06354634181142,96.17439623851209,0.29245283018867924,0.3798632857480625,0.0,0.028275056606968996,0.13478981839873488,1.0
SOLUSDT,-1,1763521620000000000,1763515800000000000,1763512200000000000,15.0,141.51,142.76,139.72,1.4319999999999937,market,141.51,142.76,141.73,141.9,-0.06685271773494383,67,61,0.9232213813181702,1.1879963506402402,0.5049504950495146,0.6138613861386238,1763517600000000000,142.75,1763521020000000000,114,-0.20013131239717427,1.269321475436286,0.3620576248313529,0.2426848942505598,0.283373534506362,0.5906328813270393,-0.20167262404218916,-0.15247616475380477,0.16374707491786297,-0.4285934632746538,-0.6934083065824431,-0.3519441851951903,-0.2443059117011953,0.6579734257470663,1.4743838421978426,-1.0,-1.0,1.0,88.33298000141333,126.49282736202333,1.098360655737705,0.40464736432578985,0.0,-0.14474050572601438,0.8135350880098109,1.0
SOLUSDT,-1,1763593260000000000,1763587800000000000,1763581500000000000,15.0,135.34,135.92999999999998,134.07,2.1525423728814643,market,135.34,135.92999999999998,135.92,135.39,0.1312053764347053,31,106,0.23305805862760587,5.277033934370919,-0.17204301075268588,0.13978494623655535,1763591400000000000,135.6,1763593200000000000,124,-0.12307715264035386,0.3279144336753471,-0.14949881047463112,0.14124574335242585,0.2481095882493984,-0.3391207099947675,0.05288390143750241,-0.16790849690175694,-0.2504408038121894,0.04756413086363764,-0.13506387211420834,-0.5020459073832739,-0.69390806515404,0.23587267421814315,0.5013889842150451,-1.0,1.0,1.0,43.59391162996712,93.83774198315429,0.29245283018867924,0.401461829874286,0.0,0.26958598418478774,-0.2836575601644102,0.0
SOLUSDT,-1,1763615580000000000,1763609400000000000,1763591400000000000,15.0,144.01,144.79,142.35999999999999,2.1153846153846194,market,144.01,144.79,144.4,144.03,-0.11432103236391211,43,301,0.7544640402125288,2.566506889912833,0.18536585365853334,0.37560975609756386,1763613000000000000,144.78,1763614920000000000,124,-0.3073927876176413,0.026859473860461048,1.0344493410641142,0.21349314432285718,0.46347025982329737,-0.0011529852993707793,0.20811662632542977,0.4186091089421142,-0.3340278172871937,-0.16326070563544737,-0.005304444968394374,-1.5713004751959398,-0.5184148158585404,-0.10233772391498164,0.5751416360084762,-1.0,-1.0,-1.0,54.162905353794955,114.5753767099511,0.14285714285714285,0.3863869756087574,0.0,0.37832822232310426,0.02694149204083584,0.5
SOLUSDT,1,1763634660000000000,1763622000000000000,1763619300000000000,15.0,142.2,141.03,143.97,1.5128205128205376,market,141.03,142.2,142.13,142.14,-0.032241716598768067,151,46,0.7705272844193746,0.6936188297054597,0.5891891891891928,0.6270270270270271,1763625600000000000,141.04,1763633400000000000,125,0.31816836052488323,-0.19294557385124583,0.7751787766805427,0.30227189993521986,-0.29734936942140217,1.136379740308877,0.5034678026533744,-0.3023471843057797,0.2689412564121585,-0.10293567728361583,-0.25416557868996453,-0.339244113187955,-0.16806645763256906,0.01515460247409163,0.8354392043561667,-1.0,-1.0,1.0,82.27848101265735,124.47257383966317,3.282608695652174,0.3960495604446233,0.0,-0.028593196201616156,2.1835474607498764,1.0
SOLUSDT,1,1763649120000000000,1763633700000000000,1763625600000000000,15.0,141.1,138.89000000000001,143.43,1.054298642533952,market,138.89000000000001,141.1,141.04,141.06,0.01265868190883035,47,136,3.2192926828534203,2.427033948709888,0.8916666666666588,0.9166666666666597,1763646300000000000,138.9,1763647800000000000,127,0.06589820715001958,-0.17309786671142133,0.5969510661500189,0.027381373421480414,-0.7621477048210639,2.898885724737737,0.7890741549513763,-0.42965129418454623,-0.42711649160889664,-0.18100638401012248,-0.5470746519107549,-0.39071259671093606,-0.057005112907927175,-0.034155237037213904,1.7469963740968535,-1.0,-1.0,1.0,156.62650602409494,165.13111268603916,0.34558823529411764,0.4172608892209275,0.0,-0.12027786448723798,2.8709833304443046,1.0
SOLUSDT,1,1763652240000000000,1763648100000000000,1763646300000000000,15.0,139.92,138.64000000000001,141.48000000000002,1.21875000000005,market,138.64000000000001,139.92,138.9,139.76,-0.023993873845446823,39,31,0.7516076115155519,0.7980970229038925,0.0965250965250964,0.4903474903474827,1763649900000000000,138.65,1763651880000000000,129,0.0863195041490925,-0.5696412875589845,1.3518204854322304,0.29994383822651155,-0.20070511841245528,0.36668713488251886,-0.04247461866618283,-0.01970048200524431,-0.358872087463641,-0.1612667219563534,-0.13004805975163175,-0.4179621380486611,-0.3417993696326061,-0.20480289789179837,0.9846878009716017,-1.0,-1.0,1.0,91.48084619782539,111.49228130360426,1.2580645161290323,0.42536541668071504,0.0,-0.07631457382400648,0.16113401955297352,1.0
SOLUSDT,1,1763665860000000000,1763659800000000000,1763649900000000000,15.0,132.27,131.02,134.47,1.759999999999991,market,131.02,132.27,131.03,132.23,-0.06921861761820758,41,166,0.46267779858963054,2.8609692313760613,-0.13623188405797113,0.22318840579710514,1763663400000000000,131.5,1763665380000000000,131,-0.008526584527512425,-0.11301543061422895,0.3797882200973079,0.160867742340494,-0.3187266423999462,0.051425470982620625,0.08755428557320756,0.363360486413197,-0.6064111832603708,-0.012433725929745927,0.40099790620909914,-0.11732469064430548,-0.5043845002499459,-0.06681286626257998,0.6791280036341396,-1.0,-1.0,1.0,94.50366674226959,166.32645346639362,0.2469879518072289,0.33498385936149877,0.0,-0.10496175721270715,-0.15391296574827032,0.0
SOLUSDT,-1,1763671260000000000,1763663400000000000,1763659800000000000,15.0,133.35,134.6,131.51,1.4720000000000026,market,133.35,134.6,134.48,133.44,-0.035339753721336686,86,61,0.8110338353618632,0.8965200517358789,0.036912751677857056,0.4161073825503401,1763666100000000000,134.59,1763670660000000000,132,-0.014449218431722487,0.5196096523493056,0.2270560691815324,-0.008618121691014176,0.5717269039633965,-0.06036021675964973,-0.35459505898931665,0.05604064307563494,-0.6203930139067664,-0.27271039398419006,-0.25907960275308084,-0.8872408178286201,-0.20302685832522308,-0.06735954733688346,0.5168239233664041,1.0,1.0,-1.0,93.73828271466067,137.98275215598076,1.4098360655737705,0.4052962858363136,0.0,0.06692424385484519,0.15915430433694935,0.75
SOLUSDT,-1,1763680200000000000,1763674200000000000,1763666100000000000,15.0,135.19,136.6,133.45999999999998,1.226950354609945,market,135.19,136.6,135.2,135.88,0.009359979791620399,85,136,0.5189024449929545,3.591299137730909,0.7942857142857227,0.8000000000000033,1763675100000000000,136.59,1763678940000000000,134,-0.009482825138166347,0.08406241231835349,1.162717250592095,0.1790724778197241,-0.01933693739152352,0.8588107473038165,0.0791999158223654,-0.4054065348052851,0.21285711739359112,0.02026255958630843,-0.4289878130691881,-0.148368400377487,-0.41040527834333423,0.1593831240890426,0.5960035672854997,-1.0,1.0,-1.0,104.29765515200803,127.96804497374201,0.625,0.4455783594049741,0.0,-0.060041992988670856,1.0638918918514864,1.0
SOLUSDT,1,1763707740000000000,1763700300000000000,1763696700000000000,15.0,131.32,130.37,133.04000000000002,1.8105263157895242,market,130.37,131.32,130.38,131.26,-0.11474841103256173,79,61,0.7949140759447153,0.865064443176634,-0.01498127340823663,0.33707865168539336,1763703000000000000,130.42,1763707200000000000,138,0.1370149879247596,0.4603302835709246,0.3216660307307942,0.04541846283234929,0.5057378704522975,0.4359636992196798,-0.3486175708300723,0.16637506225167875,-0.09989412045544997,-0.24675283368806525,-0.07539845702928157,-0.08122219074244262,-0.2016925071042422,0.005888713123368805,0.7730349999922331,-1.0,-1.0,1.0,72.34236978373353,130.97776424002646,1.2950819672131149,0.35381337343791247,0.0,0.040723552727997714,0.4445517368075316,1.0
SOLUSDT,1,1763728620000000000,1763711100000000000,1763703000000000000,15.0,124.66,121.00999999999999,128.8,1.134246575342468,market,121.00999999999999,124.66,121.02,124.29,-0.04994237444318261,202,136,1.0218085299152955,0.4447528544356946,-0.06803594351733,0.39922978177150154,1763716500000000000,121.55,1763728200000000000,139,0.21723122086354538,-0.07583302919441605,2.1340625607115586,0.1080323442209002,0.5143672351793426,1.7274466350304243,0.012222249524434101,0.4093890902993174,-0.3402544791478476,-0.002245676665041759,0.3723707687083779,0.1184322233798817,-0.18132609160205468,-0.4027960403126769,1.8756543923345512,-1.0,-1.0,-1.0,292.79640622493224,332.1033210332115,1.4852941176470589,0.49435212154878744,0.0,0.3087600784569666,1.781908355044568,1.0
SOLUSDT,-1,1763730120000000000,1763716500000000000,1763711100000000000,15.0,125.94,128.82,121.56,1.5208333333333341,market,125.94,128.82,128.81,126.1,-0.0641228373615601,32,91,3.7018080410463847,0.9324268287711271,-0.22314049586776907,0.17217630853994478,1763728200000000000,127.19,1763729220000000000,140,-0.1656729791836581,0.9398549528406017,-0.10218740079398184,-0.02394521024061999,0.5833688445938617,0.07821195775883678,0.004414933686008604,-0.08722154753752304,-1.2712299420656321,-0.11640112896394915,-0.1754835009122886,0.30057404097803425,-0.15809177221378928,0.2465081761329313,0.7611959975588466,1.0,1.0,1.0,228.68032396379192,347.7846593616004,0.3516483516483517,0.36016320335883856,0.0,0.515474464951801,0.24092516168613687,1.0
SOLUSDT,-1,1763752140000000000,1763747100000000000,1763742600000000000,15.0,129.1,130.54999999999998,126.48,1.8068965517241455,market,129.1,130.54999999999998,130.54,129.18,-0.04848761354368247,39,76,0.6892486942441015,2.946933529199884,-0.05405405405405386,0.29975429975429996,1763749800000000000,130.32,1763751000000000000,146,-0.1841405375675333,0.39781838916198087,0.3678392313425139,-0.006967449735102415,0.18085119751914208,0.4917566105760681,-0.0368178375480117,0.013345866928301723,-0.5492879445791605,-0.1468286011754498,-0.12398240012340228,-0.10391794422501904,-0.49220911574179266,0.11219969155936012,0.4292342084674887,-1.0,1.0,1.0,112.31603408210603,202.94345468628893,0.5131578947368421,0.3370379010306944,0.0,0.054209657694165636,0.5647946941164417,1.0
SOLUSDT,1,1763757540000000000,1763749800000000000,1763747100000000000,15.0,126.91,125.86,130.31,3.2380952380952523,market,125.86,126.91,126.47,126.63,-0.03642837835620927,99,46,0.5489025043508541,0.995494651248958,0.1558441558441546,0.27012987012986844,1763751600000000000,125.87,1763757180000000000,147,0.17735203766696855,-0.5927228311177755,1.33893684716875,0.264121300397803,-0.7755590814020857,0.8900111742091065,0.0872474217376598,-0.4171318648771024,-0.6581684117218762,0.05301451525499721,-0.38589580487476066,-0.050361999339241244,-0.3909392114535876,0.015049510480769357,1.2788129037782594,-1.0,-1.0,-1.0,82.73579702151108,267.9063903553704,2.152173913043478,0.290667623908007,0.0,-0.7738137920973754,0.908620995779577,1.0
SOLUSDT,1,1763766780000000000,1763757900000000000,1763751600000000000,15.0,125.91,124.99,129.27,3.6521739130434865,market,124.99,125.91,125.87,125.72,-0.09482923125734855,58,106,1.0203383636762962,1.7439768759173615,0.25513196480938577,0.2668621700879758,1763763300000000000,125.0,1763766480000000000,149,0.1426890650254107,0.2956301942173022,1.263830514514401,0.09879211216311848,0.3137969431400293,0.027562043197417622,0.002319140770816319,-0.4656403753795379,-0.9367341164610519,-0.09971323185089638,-0.6062440741478082,-0.3013845373761819,-0.4092708907285078,0.017576467281243832,0.940918540871099,-1.0,-1.0,-1.0,73.06806449050923,266.85727900881693,0.5471698113207547,0.28476036767221735,0.0,0.2775384685084832,0.008944230319397315,0.5
SOLUSDT,1,1763790480000000000,1763786700000000000,1763775900000000000,15.0,125.7,125.27,127.22,3.5348837209301673,market,125.27,125.7,125.57,125.68,-0.1517580823068675,33,181,1.0710795813478693,2.234057120284338,0.17469879518071696,0.25301204819277046,1763788500000000000,125.28,1763790360000000000,153,0.11536010655832449,-0.05024906496092415,1.030711072031471,-0.18563607276628075,-0.2827725892403782,0.3540143215087518,-0.06713486399082455,-0.16045578749065684,0.18270263236605083,-0.09563406794309881,-0.3067152150228547,-0.6222816328545632,-0.4329028447060066,0.10810554532756472,1.402594037830369,-1.0,-1.0,-1.0,34.20843277645241,120.92283214001559,0.18232044198895028,0.30827045485322396,0.0,-0.5257235419175473,0.4162083266717509,0.75
SOLUSDT,1,1763807940000000000,1763801100000000000,1763796600000000000,15.0,126.12,125.39,127.47,1.8493150684931328,market,125.39,126.12,125.4,126.03,0.06467789208227326,54,76,0.7687339491084589,2.0638046628173767,-0.004807692307687939,0.34134615384615796,1763804700000000000,125.41,1763807160000000000,155,0.08147835641403026,0.21928043984416912,0.2991076573865518,0.06536766794578704,0.30200760812932315,-0.21974032251080358,0.06317878516554555,-0.11257220549519348,-0.5643097976723165,0.20288050153381168,0.09943207008931271,0.22132647181312123,-0.19547393973571298,0.16719881702295086,0.6128955111540236,-1.0,-1.0,-1.0,57.881382810022515,107.04091341579402,0.7105263157894737,0.3276116548771111,0.0,0.39488408414155685,-0.2842139942323096,0.25
SOLUSDT,1,1763815920000000000,1763810100000000000,1763804700000000000,15.0,125.73,125.08999999999999,127.41,2.624999999999928,market,125.08999999999999,125.73,125.17,125.65,-0.032566990917004435,82,91,0.9430003514100844,1.1460088768973886,0.031111111111114396,0.2800000000000043,1763811000000000000,125.1,1763815800000000000,155,0.13043180215670017,-0.05010391453901602,0.6000889609767697,-0.08893699556040185,0.06705466682995222,-0.0856262432067208,-0.09351721320348318,-0.137337313923158,-0.5573184506479749,-0.02686257527348969,-0.17312334710277016,0.16586183493472037,-0.18635769035005498,-0.07888304353426434,1.7799022405629743,-1.0,-1.0,-1.0,50.90272806808357,133.61966117871572,0.9010989010989011,0.29902871969347505,0.0,0.024440005949621146,-0.2396896936446858,0.25
SOLUSDT,-1,1763825820000000000,1763821800000000000,1763810100000000000,15.0,127.0,127.80000000000001,126.05000000000001,1.187499999999969,market,127.0,127.80000000000001,127.45,127.04,-0.08361650024390288,37,196,1.1362611210556115,4.455175729193572,0.24113475177305266,0.5602836879432682,1763823600000000000,127.79,1763825220000000000,158,-0.0641690320033507,0.12080887210715353,0.3007471371363832,0.1416367787371362,0.59796762565873,-0.38009520336294994,-0.26698060385438044,0.09214637106019803,-0.3058641672957667,-0.1686782618989724,-0.06295316010690453,0.1132549802857082,-0.26464888039692475,0.040425073752718255,0.7014860558994727,1.0,1.0,1.0,62.99212598425286,74.80314960629832,0.18877551020408162,0.47306088982109434,0.0,0.09962010758470419,-0.15786863825898878,0.0
SOLUSDT,1,1763845560000000000,1763840700000000000,1763838900000000000,15.0,126.74,126.0,127.58,1.1351351351351475,market,126.0,126.74,126.7,126.54,-0.02951655756688909,36,31,1.4571156860791372,1.0372157593953,0.7752808988764014,0.8202247191011116,1763843400000000000,126.01,1763844900000000000,161,0.015968326267813922,0.4410090136312934,0.6071699534328188,0.11390176310751073,-0.06183791168972158,0.7201750685106209,-0.012938886730189152,-0.33205122024108336,-0.17059493134938658,0.0954987318245378,-0.27174148301250495,-0.27827991154397375,-0.2614934171115108,0.5240100949841777,0.4657054299275859,-1.0,-1.0,-1.0,58.387249487138625,66.27741833675267,1.1612903225806452,0.4330655483566291,0.0,-0.09862647629537469,1.0405505271436093,1.0
SOLUSDT,-1,1763872860000000000,1763866800000000000,1763859600000000000,15.0,130.68,131.85,129.28,1.1965811965812143,market,130.68,131.85,130.74,130.73,-0.14080953071853508,71,121,0.9559211775232533,1.636525007008692,0.7482993197278879,0.7891156462585017,1763868600000000000,131.84,1763871780000000000,164,0.09572762844957816,0.45145199009005377,0.7200526975032288,-0.0056341297978626265,0.3139676415090302,0.591510075481768,0.1092749545424762,0.43276616464716594,-0.8020235467744505,-0.44363566332822163,0.08626712808922384,0.7343594728002638,-0.3588935893292443,0.0768082568324191,0.8324330664959328,-1.0,-1.0,1.0,89.53168044077039,107.13192531374392,0.5867768595041323,0.46119883879916834,0.0,0.33665861150047505,0.6699713079550256,0.75
SOLUSDT,-1,1763901060000000000,1763891100000000000,1763887500000000000,15.0,130.83,131.16,128.92,5.7878787878791425,market,130.83,131.16,131.12,130.84,-0.09746752823724747,61,61,0.7967224845865939,1.4087405255900716,0.013574660633484628,0.14479638009049414,1763897400000000000,131.15,1763900520000000000,168,0.08790231065780625,-0.24951686435898554,0.9131248318652658,0.23328776732096845,-0.2318682283797456,-0.05655597443529399,-0.06230038885498152,-0.28814181026633,-0.7258793597459896,-0.26965723060230606,-0.5073557241653249,-0.3572909485275322,-0.4643405642920035,0.11383629096344536,1.2476176767971168,-1.0,-1.0,1.0,25.223572575096238,145.9909806619296,1.0,0.26248081642020643,0.0,-0.1856342793263167,-0.3563071491800788,0.0
SOLUSDT,-1,1763914200000000000,1763907300000000000,1763904600000000000,15.0,132.66,133.39,130.34,3.1780821917808573,market,132.66,133.39,132.7,132.69,-0.16938375625087843,55,46,1.2686116442707762,0.7910014265555957,0.28691983122363446,0.30379746835443294,1763910900000000000,133.38,1763913960000000000,172,0.041173617231429954,1.4163536321546026,0.2590266116637008,0.0657368213051405,0.5936495693768324,-0.5037887197541026,-0.5383213044728138,0.08143778369452408,-0.9590798946352869,-0.6311368521791798,-0.5891054519453337,-0.6259190909386259,-0.580415715285065,0.24018575822952065,1.2976236530676202,-1.0,-1.0,-1.0,55.0278908487856,174.88315995778632,1.1956521739130435,0.3328646074666308,0.0,0.14726191291819501,-0.7165685726218147,0.0
SOLUSDT,-1,1763927220000000000,1763923500000000000,1763919000000000000,15.0,132.67,133.03,131.91,2.111111111111006,market,132.67,133.03,132.88,132.72,-0.03330080901361798,32,76,1.393681900422579,5.204159793724382,0.14285714285715942,0.3571428571428841,1763925300000000000,133.02,1763925600000000000,176,0.08133558846597154,0.07084493906207782,0.20493210162557998,0.018570717126345296,0.12385370473050723,0.05757448198235877,0.024761280197197456,0.2767635498550494,-0.6025298364157864,0.07060729292019166,0.30166914845072496,0.11477705328198852,-0.27834122738418704,0.29697874706095123,0.5274541337903798,-1.0,-1.0,-1.0,27.134996608126453,57.284992839375214,0.42105263157894735,0.3831357528548739,0.0,0.14009103783112803,-0.05078990704129925,0.5
XRPUSDT,-1,1763340360000000000,1763336400000000000,1763334300000000000,5.0,2.2257,2.2496,2.1967000000000003,1.213389121338877,market,2.2257,2.2496,2.2286,2.2261,0.0022349773941003903,21,36,1.259251582467959,1.680574307474997,0.65312499999999,0.7437500000000007,1763339100000000000,2.2495,1763339760000000000,86,0.062131003508138376,0.6780168167468063,1.503560169003987,0.1095589619663754,0.69159728676113,-0.05748080771223332,0.021302196996336474,0.32085529111314925,-0.5545716980081276,-0.09939421788135556,0.16252972731074491,0.03955055486351396,-0.5151099459192305,0.24952873221967717,0.783786704945908,-1.0,1.0,1.0,107.38194725255092,130.2960866244304,0.5833333333333334,0.42489789916232457,0.0,0.18191511244775732,0.3223025220776378,0.75
XRPUSDT,1,1763345100000000000,1763343300000000000,1763341200000000000,5.0,2.2307,2.2226,2.2407,1.2345679012345083,market,2.2226,2.2307,2.229,2.2306,0.017109402503854954,25,36,0.6935157090147749,2.5165464138227964,0.5338983050847419,0.677966101694914,1763343600000000000,2.2227,1763345040000000000,86,-0.06345972314611407,-0.02723016062442455,0.5971873490352797,0.04187821657701327,-0.3580705400825476,-0.062473243689491906,0.06604380050629698,-0.1138041217732433,-0.3745603219359877,0.011270908976067683,-0.0545270908235456,0.242120536250115,0.4502048626939813,0.24983348638557745,0.7486615517622367,1.0,1.0,-1.0,36.31147173533069,44.82897745102339,0.6944444444444444,0.4361849486206489,0.0,-0.1628991750282393,-0.10871084647953866,0.5
XRPUSDT,-1,1763359860000000000,1763357700000000000,1763357100000000000,5.0,2.2501,2.2563000000000004,2.2427,1.1935483870967465,market,2.2501,2.2563000000000004,2.2542,2.2526,0.0165824403518936,26,11,0.5672014336079991,0.8702939951787154,0.17241379310346674,0.5258620689655142,1763358300000000000,2.2562,1763359680000000000,86,0.019522618525299074,-0.28904650627633266,0.9050154981607779,0.063801206628332,-0.4642577366991399,0.5786228412999478,0.10008504623850346,-0.1777842250218917,0.06753658275827802,-0.04721648451709985,-0.23923975133559297,-0.07225450729972886,-0.009611917219631684,0.1255643322503086,0.5849209326453282,-1.0,-1.0,1.0,27.55433091862675,32.88742722545697,2.3636363636363638,0.435714811143187,0.0,-0.6283303452258171,0.8569525030728806,1.0
XRPUSDT,1,1763401800000000000,1763396400000000000,1763393400000000000,5.0,2.1698,2.1612999999999998,2.2205,5.964705882352815,market,2.1612999999999998,2.1698,2.1672,2.1696,-0.026508935662909128,50,51,0.5256125020487689,1.384945534254063,0.1086142322097335,0.15730337078651518,1763398800000000000,2.1614,1763401740000000000,89,0.267275426760862,0.4506986362000529,0.009122131445203647,-0.0074358678333648785,0.7038755872237833,-1.4875215657611522,0.011493123265219288,0.20867707135629054,-0.9057760252621356,0.012147215102969386,0.2387753140405854,0.4156814856026105,-1.0662367399361945,-0.1481553709549968,0.9936422216753041,-1.0,1.0,-1.0,39.174117430178704,233.66208867176684,0.9803921568627451,0.2844818072854714,0.0,0.6041068772881225,-1.1378657469001445,0.0
XRPUSDT,1,1763409960000000000,1763408100000000000,1763405400000000000,5.0,2.1316,2.113,2.1529,1.1451612903225514,market,2.113,2.1316,2.1255,2.1293,0.03403503945452391,26,46,1.3889192523478195,1.1592005375656287,0.45090909090909204,0.6727272727272747,1763408400000000000,2.1131,1763409840000000000,91,0.2538039171400849,0.07435717100904658,1.0161289638742028,0.024873647058109048,0.5191226831239326,-0.09795592228383716,0.0838306559424855,0.048080474420457826,-0.4745226129034377,0.1966597153392689,0.2737030948803331,0.3483299488936531,-0.5801993775485821,0.4045965543451637,1.7763298736864348,-1.0,-1.0,-1.0,87.25839744792725,99.92493901294638,0.5652173913043478,0.42211437395537643,0.0,0.5141585221076328,-0.19984277415380022,0.5
XRPUSDT,-1,1763414220000000000,1763411400000000000,1763409900000000000,5.0,2.1417,2.1571000000000002,2.1179,1.5454545454545403,market,2.1417,2.1571000000000002,2.144,2.1463,0.07344584133246079,42,26,1.0967625240051189,1.0742607499865466,0.49618320610686223,0.583969465648845,1763411700000000000,2.157,1763413380000000000,91,-0.22553095520779468,0.18632757064706737,0.7347207936401724,0.007191854968990812,0.4326354387541574,0.17444518470118336,0.03676125301686732,0.048956031180297,-0.6676951782854472,0.061060033295021944,0.0725558538769906,-0.15786233068212327,0.058853819907514364,-0.11046114137748067,0.5273444035424546,1.0,1.0,1.0,71.90549563430956,111.12667507120531,1.6153846153846154,0.4117913284120312,0.0,0.2940922571934069,0.39356337330433233,1.0
XRPUSDT,1,1763422740000000000,1763419800000000000,1763419200000000000,5.0,2.1593,2.1481,2.1715,1.0892857142857038,market,2.1481,2.1593,2.1575,2.1589,-0.04129011220379508,29,11,0.9512367054074874,1.0289673322013027,0.6595744680851124,0.7872340425531834,1763421000000000000,2.1482,1763422260000000000,92,0.2649232595869584,0.6282174949966693,0.3132480334431905,0.04164986432345129,-0.13577245386823802,0.43963277945310236,0.05572224141744809,-0.06739151897149492,-0.11221069166526633,-0.08289770738764994,-0.09024407242081424,0.3262155390770238,0.3474355290415829,0.5100919222425153,0.2733855116167736,1.0,-1.0,-1.0,51.86866114018478,56.499791599129296,2.6363636363636362,0.4081497194924514,0.0,-0.0027877637882015582,0.2894584406665427,1.0
XRPUSDT,-1,1763443980000000000,1763437800000000000,1763436900000000000,5.0,2.1624,2.1775,2.1337,1.9006622516555687,market,2.1624,2.1775,2.176,2.1626,0.07583752595516136,43,16,0.2775491253744462,1.0886394154192138,0.0330188679245245,0.3537735849056615,1763441400000000000,2.1774,1763443380000000000,98,-0.28279396233239784,0.15274923015722225,0.02152661251276565,0.025194801591880752,0.1724878836533054,0.26165937724112437,0.037928093161634674,0.20371142014606353,-1.1114843107204986,0.017535402199707947,0.17602963381925296,0.07480133602581847,-0.32193714530833534,0.06963170904424922,0.4381309340545064,1.0,1.0,1.0,69.82981871994237,132.72290048094584,2.6875,0.325895805020692,0.0,0.09891603180883174,0.32803966774839294,1.0
XRPUSDT,-1,1763463060000000000,1763461200000000000,1763459100000000000,5.0,2.1886,2.1929000000000003,2.1804,1.9069767441859578,market,2.1886,2.1929000000000003,2.1895,2.1893,-0.16046831329210498,26,36,0.7921295511410482,0.8899209923838557,0.35869565217395083,0.456521739130439,1763461500000000000,2.1928,1763462940000000000,104,-0.22238047668939048,-0.28185256475551357,0.6713879931390538,0.028981236089243165,-0.4582818156228186,0.48132608305529556,-0.03966393655502549,-0.1061590985932347,-0.04004370628557119,-0.12757763241512232,-0.22517502342871393,-0.06709166032975068,-0.38434129937479006,0.14804601612881815,0.5647453342389986,-1.0,-1.0,1.0,19.647263090561054,37.466873800603054,0.7222222222222222,0.3647326886409669,0.0,-0.6795974721712335,0.62573373110573,0.75
XRPUSDT,-1,1763484000000000000,1763480100000000000,1763478600000000000,5.0,2.2267,2.238,2.1973000000000003,2.6017699115044444,market,2.2267,2.238,2.2288,2.2273,0.037299655158710365,45,26,0.5260157518061116,0.7506480028491697,0.2879746835442925,0.3544303797468237,1763481300000000000,2.2379,1763483580000000000,108,-0.0007278787082618564,-0.16672953154353862,0.8732701254183616,0.054344488999719213,0.10095521525786352,-0.017256166047166177,-0.03201185907540345,-0.16594162611477908,-0.24322386049911363,0.0626060018358633,-0.06515191282826627,0.31931605329675455,-0.6238888617219791,-0.2146772127402588,0.8408515054526428,-1.0,-1.0,1.0,50.747743297255425,132.03395158755052,1.7307692307692308,0.3256951926301416,0.0,0.03573760947553922,-0.060891408850705785,0.0
XRPUSDT,-1,1763516040000000000,1763513700000000000,1763511600000000000,5.0,2.207,2.2172,2.196,1.0784313725489658,market,2.207,2.2172,2.2121,2.2075,-0.11552456865260163,14,36,2.3659710202234003,5.535717728782272,0.3086419753086355,0.623456790123457,1763515200000000000,2.2171,1763515320000000000,113,-0.10420382640285533,-0.3629095700724119,0.861191592250727,0.07532223672211286,-0.058884138824191475,-0.2413471224865898,-0.14013935902123792,0.14240986712704748,-0.28136951189543297,-0.13483039874211275,0.03344848262272992,0.053723436634711,0.08364550245289305,-0.32036978043817044,0.5279129217974013,1.0,-1.0,1.0,46.216583597644814,49.841413683732114,0.3888888888888889,0.5087371164355166,0.0,-0.19076246331061414,-0.4561980155735486,0.0
XRPUSDT,-1,1763518800000000000,1763515500000000000,1763515200000000000,5.0,2.2102,2.2192000000000003,2.1984000000000004,1.3111111111110156,market,2.2102,2.2192000000000003,2.2171,2.2118,-0.004522172390652779,20,6,0.5851950751677543,0.7172066908119944,0.10638297872341783,0.47340425531916325,1763517600000000000,2.2191,1763518620000000000,113,-0.10444898759708482,0.39802830432404457,0.45201013099352544,0.138595384932524,0.23195705385341606,-0.8742984318405937,-0.030994092638921764,0.2138509667994931,-0.4025244761166407,-0.10693485142863685,0.12937018835438857,0.28562901847141137,-0.01211495580924855,0.13548619192763905,1.0059437579285997,1.0,-1.0,1.0,40.72029680572048,53.38883358971853,3.3333333333333335,0.4400419997716605,0.0,0.10693276462866985,-1.0691592187096495,0.0
XRPUSDT,1,1763550420000000000,1763548500000000000,1763547300000000000,5.0,2.1357,2.1304999999999996,2.142,1.2115384615383826,market,2.1304999999999996,2.1357,2.1337,2.1334,-0.1273784719053076,22,21,1.5447182197373373,1.8848217083282293,0.3690476190476593,0.6071428571428722,1763549100000000000,2.1306,1763549400000000000,118,0.08178282859539861,0.22287727876113897,0.49236474252665635,0.09793024091579763,0.09232114570646995,0.31790228807333687,0.038396748830169705,-0.04920670428001577,-0.268855735496122,0.051721277994823796,-0.1993381573197387,-0.8926115621685031,-0.36563380458597666,0.06482443871317324,0.5339661846250208,-1.0,-1.0,-1.0,24.34798894976034,29.498525073746183,1.0476190476190477,0.4100730765274512,0.0,-0.027674616074898795,0.45797000759226425,1.0
XRPUSDT,1,1763581800000000000,1763577900000000000,1763571900000000000,5.0,2.0382,2.0284,2.0488,1.0816326530612623,market,2.0284,2.0382,2.034,2.0371,-0.18125697042566613,40,101,0.5550910764923195,2.0061334932235466,0.3691275167784889,0.6510067114093534,1763579400000000000,2.0285,1763581200000000000,123,0.18301935788833618,0.3254066785343029,0.5527511540416408,0.162972046403731,0.12309994478398899,0.2596220761515617,-0.13800564553240707,0.11386098768553497,0.3239274982002993,-0.07445547756737358,-0.050873003895042755,-0.1475517062925916,-0.6866932594081493,0.27916319557299296,0.5694135800925783,-1.0,-1.0,-1.0,48.08164066332945,52.00667255421532,0.39603960396039606,0.47650760900636296,0.0,0.007909822983146478,0.01880557816466842,0.75
XRPUSDT,-1,1763591760000000000,1763589600000000000,1763583300000000000,5.0,2.0836,2.0952,2.0693,1.2327586206896475,market,2.0836,2.0952,2.0951,2.0839,-0.23967740922651104,11,106,0.740585591022933,6.856627951513324,-0.1737451737451801,0.2702702702702573,1763591100000000000,2.0906,1763591340000000000,124,-0.23459133934106466,-0.516996786982598,0.7123394360205095,-0.013703458008466004,-0.07919160930658325,-0.7232264393424342,-0.3537640689323808,-0.5020355966028273,0.02617548231943232,-0.03716118041298243,-0.4651037030570133,0.04931486970144425,-0.6646255078396337,-0.23411280714343283,0.2696876613867787,-1.0,1.0,1.0,55.67287387214463,68.63121520445372,0.10377358490566038,0.5343030691404768,0.0,-0.1561344715451931,-0.7913303077098888,0.0
XRPUSDT,1,1763611260000000000,1763609700000000000,1763609100000000000,5.0,2.1343,2.1304999999999996,2.1386,1.131578947368215,market,2.1304999999999996,2.1343,2.131,2.1339,0.011180317807470308,21,11,0.8211988695470077,1.8294178664834622,0.05194805194804446,0.4805194805194977,1763610000000000000,2.1306,1763610480000000000,124,0.13992370811194974,-0.09694562058172948,0.21103118151027317,0.10369492456799442,0.2103228989064986,-0.18973245411168793,0.0813106918738548,0.257137908412147,-0.4223180656640494,0.296687166625823,0.4454109325425598,-0.23514451705614603,0.3222758984385189,-0.1451240350702498,0.7392374994388431,1.0,-1.0,-1.0,17.80443236658609,20.14712083587007,1.9090909090909092,0.3696922252463639,0.0,0.2074939611214885,-0.016251087634388497,0.5
XRPUSDT,-1,1763619240000000000,1763615400000000000,1763613900000000000,5.0,2.1435,2.1489000000000003,2.1349,1.592592592592495,market,2.1435,2.1489000000000003,2.1488,2.1439,0.1663578772706451,29,26,0.4649683887925059,1.3445545468221176,-0.128571428571444,0.24999999999998415,1763617500000000000,2.147,1763618940000000000,124,-0.11098605414577538,-0.17166715067859253,0.34942840294395067,0.08322276292757855,-0.5475546129394523,-0.007586538351168841,0.301425424451961,-0.42373814940225646,0.36245530466842446,0.07614674948722638,-0.27912466815471076,-0.2422570370791154,-0.2945190770604294,0.12901080754834868,0.5020057306999275,-1.0,1.0,1.0,25.192442267321173,40.12129694424978,1.1153846153846154,0.37663561037008314,0.0,-0.07692750968750944,-0.39463325133151494,0.25
XRPUSDT,1,1763628420000000000,1763626800000000000,1763625300000000000,5.0,2.132,2.1289,2.1388999999999996,2.2258064516124967,market,2.1289,2.132,2.129,2.1313,0.002742710136297788,22,26,0.7138892319661935,1.7061255308189347,-0.010000000000021316,0.2899999999999964,1763627100000000000,2.1291,1763628240000000000,126,0.15346288750514472,-0.03385471091234247,0.2594755893440815,0.049872015146016996,-0.39249211152931646,0.25913772104830307,0.08814986536064591,-0.4202744640073041,-0.11503041605637186,0.08983157173457508,-0.38840858107093246,0.09942384879189037,-0.07652185616851082,0.179704799876764,0.5587949918557039,-1.0,-1.0,-1.0,14.540337711070942,32.363977485926185,0.8461538461538461,0.34960345109812707,0.0,-0.4857926855706134,0.45148981773926267,0.75
XRPUSDT,-1,1763635140000000000,1763633100000000000,1763632200000000000,5.0,2.1202,2.1263,2.1118,1.3770491803278642,market,2.1202,2.1263,2.1217,2.1204,-0.08953762753362549,19,16,0.6446868909405971,2.413671216124442,0.44999999999996226,0.5999999999999645,1763634000000000000,2.1262,1763634660000000000,127,-0.19387956860901218,-0.033661978648671646,0.3844247650960734,-0.011802584712067063,0.24997880808727088,-0.13164839811747822,-0.25212577407128645,-0.13964513735463382,0.1960066935710372,-0.2423785614258434,-0.32355769998961,-0.07042988003751031,0.1230712481290316,-0.3204242892557718,0.9378623806821154,1.0,1.0,1.0,28.77087067257803,39.61890387699256,1.1875,0.40429324722991805,0.0,-0.02982600130723556,-0.1625558506195221,0.25
XRPUSDT,-1,1763642520000000000,1763640900000000000,1763638500000000000,5.0,2.1179,2.1225,2.1091,1.913043478260878,market,2.1179,2.1225,2.1203,2.1193,-0.09064375933593549,22,41,0.7891415094432278,2.4380774451891,0.18584070796460317,0.39823008849555575,1763641200000000000,2.1224,1763642280000000000,128,-0.18916058873347572,-0.3004026055371642,0.817843235153401,0.4325298688902084,0.01204336823028876,-0.07204113197703717,-0.18846016334292195,-0.18528054613243838,0.03406719179601241,-0.3323227713453788,-0.4371627995392775,-0.009588731544359415,-0.012599739049575004,-0.036206692385941,0.9023561449813544,1.0,1.0,1.0,21.719627933329892,41.550592568109536,0.5365853658536586,0.3487783440401932,0.0,-0.05504682023615248,-0.2646701223020288,0.25
XRPUSDT,1,1763657520000000000,1763655900000000000,1763652600000000000,5.0,2.0229,2.0082,2.0443,1.4557823129251672,market,2.0082,2.0229,2.012,2.022,-0.002252121603539936,22,56,0.7853893209382445,1.5068058578355517,0.11419753086419186,0.450617283950609,1763656200000000000,2.0083,1763657280000000000,131,0.05801711825501678,0.7018060858264596,1.2598714330386738,0.08468279211984782,0.48060174038509434,-0.1920619534172058,0.07029923750434017,0.20581288090169306,-3.07024888298658,-0.26515584358297317,-0.09512080243643765,0.06196626782469708,-1.4476831207077678,0.36344225637523986,1.5835975817337866,-1.0,-1.0,-1.0,72.66795195017023,105.78871916555373,0.39285714285714285,0.4054996116750882,0.0,0.35085408517267147,-0.24050341805756692,0.25
XRPUSDT,-1,1763697120000000000,1763694600000000000,1763694000000000000,5.0,1.9897,2.0006000000000004,1.9756,1.2935779816513342,market,1.9897,2.0006000000000004,2.0003,1.9911,-0.10191380454144605,32,11,0.2652645412661661,0.9215828710348204,0.00806451612903132,0.435483870967745,1763695200000000000,2.0005,1763696640000000000,137,-0.10626783914883896,0.055630643683118715,0.5499678465251469,-0.09705902296402358,0.17891388734742925,0.02619531667424059,-0.128802045830952,-0.3123772336417037,-0.2081991445027657,0.17912613193897423,-0.11968967859951019,-0.06177806933070186,0.18819488692160913,0.2602991984753487,0.47671435670603884,1.0,1.0,1.0,54.78212795899057,70.86495451575615,2.909090909090909,0.412774639302807,0.0,0.020984028883232003,0.13388107771967933,0.75
XRPUSDT,-1,1763733420000000000,1763731200000000000,1763730300000000000,5.0,1.9347,1.9416,1.91,3.579710144927609,market,1.9347,1.9416,1.941,1.9348,0.050355720065604515,27,16,0.524605682619912,1.0156487291812446,0.016077170418004594,0.21864951768488392,1763731800000000000,1.9415,1763733180000000000,144,-0.3496708546074456,-0.23759610599435427,0.8286664819272999,0.10183948934956834,-0.07941215913879988,-0.15269158691836618,0.028037228718535586,-0.3552267769781773,-0.873614170344331,-0.0235720884811245,-0.3659917726288839,0.21264196538117933,-0.812708239377014,0.016824192421330667,0.5459778574503193,-1.0,1.0,1.0,35.664444099859956,127.66837235747231,1.6875,0.31482769093661983,0.0,0.023160562030204515,-0.1388555398609076,0.25
XRPUSDT,-1,1763736480000000000,1763733300000000000,1763731800000000000,5.0,1.9389,1.9617,1.9147,1.061403508771933,market,1.9389,1.9617,1.9415,1.9416,-0.057300224885383555,18,26,3.037667997787879,0.8940058398940904,0.7472118959107831,0.8438661710037177,1763735400000000000,1.9616,1763736180000000000,144,-0.35732864196380437,-0.015113751262121425,1.785259204705902,-0.06408252761237657,-0.04774597102492078,-0.08960803353548565,-0.1427043378914711,-0.18934165641792558,-0.05690474485456035,-0.06700842166461478,-0.2590365508741978,-0.08993525121998076,-0.7474537231459452,-0.2259171474131388,1.2198535476891375,-1.0,1.0,1.0,117.5924493269376,124.8130383206973,0.6923076923076923,0.4878070225939568,0.0,-0.09450072921737723,-0.097384783729693,0.25
XRPUSDT,1,1763755260000000000,1763749500000000000,1763746200000000000,5.0,1.9487,1.9295,1.9856,1.921874999999986,market,1.9295,1.9487,1.9296,1.9474,-0.015777679624522145,71,56,0.5515347116984164,1.0611205565304473,-0.17825311942959005,0.16221033868092874,1763751000000000000,1.9396,1763754900000000000,147,0.3123829792618567,0.25989419638518485,0.06257617808302718,0.04211159484928848,-0.21465780523476607,-0.017321957257334195,0.02666845401036569,-0.055107436800552405,-0.5555407428450955,-0.007726545410515516,-0.04444034304526341,0.08423753736071243,-0.0048498939210321725,0.3901609177267097,0.4652421924359468,1.0,1.0,-1.0,98.52722327705705,189.35700723559262,1.2678571428571428,0.31885478144611407,0.0,-0.12326268941142064,-0.10776768271243874,0.5
XRPUSDT,-1,1763777160000000000,1763775600000000000,1763774100000000000,5.0,1.9557,1.9629,1.9465,1.2777777777777743,market,1.9557,1.9629,1.9602,1.9562,-0.00648154518546229,21,26,0.6518389481385437,1.6691738115501276,0.18840579710146024,0.5144927536231948,1763775900000000000,1.9628,1763776980000000000,152,-0.3616864760378699,-0.1130539951316691,0.84630524739372,0.022948936275571857,-0.33761040542869547,0.4480187007237246,-0.027426422059057123,-0.1703661793070248,-0.07834512865571767,-0.11476420952951805,-0.2743589049518729,-0.0002621963129107615,-0.31431714660430277,0.22243942880013334,0.6906179789617047,-1.0,-1.0,1.0,36.815462494248074,47.0419798537613,0.8076923076923077,0.43489157066042194,0.0,-0.3310536033620273,0.424405936016306,1.0
XRPUSDT,1,1763787000000000000,1763785500000000000,1763783400000000000,5.0,1.9223,1.9131,1.9336,1.2282608695652437,market,1.9131,1.9223,1.9201,1.9211,0.13474483123861658,20,36,0.837479427010969,2.2133467130926165,0.5073529411764616,0.6691176470588124,1763785800000000000,1.9132,1763786520000000000,153,-0.03411314620060933,0.10876904607428199,0.41172669047553606,0.19640105668978022,-0.5571881549901451,-0.03634708484720896,0.1975047989058364,-1.1901403245098696,-0.21220876278144266,0.4647488960530783,-0.7140625373167488,0.00967475636112759,-0.41421644516933037,0.3159031046305388,0.8768956219908435,-1.0,1.0,-1.0,47.8593351714086,58.78374863444878,0.5555555555555556,0.40382492599380604,0.0,-0.4349790678050995,-0.1933245568812842,0.0
XRPUSDT,-1,1763826060000000000,1763821200000000000,1763818800000000000,5.0,1.9249,1.9385,1.9113,1.0000000000000164,market,1.9249,1.9385,1.9296,1.9295,0.011435638966165285,51,41,0.7105779105026458,0.7907505833326672,0.47826086956521374,0.7336956521739058,1763823000000000000,1.9384,1763825220000000000,158,-0.13129637775495484,-0.925020821995798,1.8098335379553465,0.37414575887678786,-0.6464892673068681,1.3913299353096262,0.32152046925489125,-0.7187763675460155,0.4206603534853919,0.03135995667872019,-0.6795987025854929,-0.25801013302939,-0.30995378450824534,-0.3974298432216055,1.6079892974466472,-1.0,-1.0,1.0,70.65302093615166,70.65302093615281,1.2439024390243902,0.47193771748538155,0.0,-0.7071913299544517,1.9970854228871904,1.0
XRPUSDT,1,1763835000000000000,1763832300000000000,1763830200000000000,5.0,1.9313,1.9256,1.9408,1.6666666666666667,market,1.9256,1.9313,1.9309,1.9287,-0.05341493462783642,40,36,0.548752634411225,1.3863182574629507,0.5200000000000089,0.5600000000000045,1763832600000000000,1.9257,1763834880000000000,160,0.13742799528738522,-0.09378808796004104,0.7338801842766361,0.04185989241715937,-0.2909522151383104,0.4563231013423274,0.061687543431045606,-0.22383658682310617,-0.05584098343671636,-0.06927909676356296,-0.3066722947466426,0.17482168835139464,0.021281168731771338,0.04027247832029019,0.5178590695777033,1.0,1.0,-1.0,29.51379899549546,49.18966499249244,1.1111111111111112,0.410488108895911,0.0,-0.2735680767990773,0.5405908083667184,1.0
XRPUSDT,1,1763870220000000000,1763867400000000000,1763865900000000000,5.0,2.0314,2.0208999999999997,2.0443,1.2285714285713525,market,2.0208999999999997,2.0314,2.021,2.0311,0.08428248064660915,42,26,0.4686512971098246,2.6976226629503044,-0.14102564102565343,0.30341880341879734,1763867700000000000,2.0243,1763868660000000000,164,-0.04127297264421848,0.034837343247545234,0.6124342897415441,0.03875602431296095,-0.05347151737263423,0.23808219956207607,-0.027240605720144372,-0.3654691782776431,-0.11573011080926694,0.039161992474817026,-0.1062432827449201,1.2282639935924158,0.6887569641265853,0.304394649170585,0.35604943715936205,1.0,1.0,-1.0,51.68849069607363,63.50300285517224,1.6153846153846154,0.4537673049476443,0.0,-0.04787600993832114,0.38971127927741644,1.0
XRPUSDT,1,1763880180000000000,1763876400000000000,1763872800000000000,5.0,2.044,2.0372,2.0595,2.2794117647058134,market,2.0372,2.044,2.0375,2.0429,-0.07109403411241677,53,61,0.7016756480439355,1.01980822469964,0.009049773755655108,0.3031674208144763,1763877000000000000,2.0373,1763880060000000000,166,0.030187645572154406,0.5334590525795901,0.07598726873422662,0.1540213559084003,0.5830898475810613,-0.44120988274237516,0.002391992368547004,0.30854558400117665,-0.47953468708727526,-0.1265443189802865,0.40548758680964336,0.3293694858911079,-0.0805636372678542,0.1493867445169933,0.9884181466158972,1.0,1.0,1.0,33.26810176125313,75.83170254403056,0.8688524590163934,0.32759625274769016,0.0,0.6319431177644792,-0.32403882644546517,0.25
XRPUSDT,-1,1763889840000000000,1763885700000000000,1763884500000000000,5.0,2.0381,2.0478,2.0259,1.25773195876288,market,2.0381,2.0478,2.0392,2.0404,0.01538560239795983,39,21,0.8483677003921164,0.8346694424623564,0.6343283582089209,0.7164179104477325,1763887500000000000,2.0477,1763889540000000000,168,-0.04068386275932036,1.0507410146716902,0.5124823532370745,0.07994078227144723,0.4611007050011859,-0.01137341166872207,0.03701536053767133,-0.13446359338531597,-0.15369228598902665,0.1313066885868535,-0.17330683254712123,0.042063805179913615,-0.036078582920968924,0.4364536366044945,0.7906109380972773,-1.0,-1.0,-1.0,47.593346744517156,59.8596732250625,1.8571428571428572,0.4434893906653249,0.0,0.48141526794759093,-0.04209155781140416,0.5
XRPUSDT,-1,1763891460000000000,1763889600000000000,1763887500000000000,5.0,2.0465,2.0509000000000004,2.0368000000000004,2.204545454545161,market,2.0465,2.0509000000000004,2.0477,2.0473,-0.005638812016878214,21,36,1.0561794497778925,1.3675871286111205,0.2818181818182196,0.3909090909091199,1763890200000000000,2.0508,1763891100000000000,168,-0.04004006491914576,-0.36043737546735716,0.7922924737393772,0.15488232718059666,0.043613322257532304,-0.43236574611204326,0.0473992135302457,-0.3427602355618028,-0.2785642964375931,0.05287304861061085,-0.46929270739999307,0.08595821476752352,-0.32182528897654333,-0.11044343983621271,0.47210334416752026,-1.0,-1.0,-1.0,21.50012215978697,47.397996579524055,0.5833333333333334,0.3534330065622086,0.0,0.07914314230419683,-0.7267577391136034,0.0
XRPUSDT,1,1763905140000000000,1763901900000000000,1763900700000000000,5.0,2.0388,2.0313,2.0467,1.0533333333332662,market,2.0313,2.0388,2.0349,2.0353,-0.07749160434614999,29,21,1.1625526200155547,1.4301252272137808,0.2941176470588038,0.6218487394957918,1763903400000000000,2.0314,1763904180000000000,170,-0.02279288570171927,0.07234500877736554,0.6187886448779788,0.27280700338841796,-0.37022631459901556,0.8432093569959701,0.17275137570079332,-0.004949975251682445,-0.15763962935036907,-0.17750018762963313,-0.11367509766687672,-0.6830759517301841,0.05747164839971664,-0.04313291709079768,1.0502216346247242,1.0,1.0,1.0,36.786344908771255,38.74828330390325,1.380952380952381,0.4229389084396318,0.0,-0.36010479693968245,1.351966110050597,1.0
XRPUSDT,-1,1763926200000000000,1763923500000000000,1763920200000000000,5.0,2.0693,2.0759000000000003,2.0563000000000002,1.9696969696969064,market,2.0693,2.0759000000000003,2.073,2.0697,0.0011206142985470402,20,56,0.8952483118915145,1.9261103421703187,0.16666666666667548,0.38690476190476064,1763925000000000000,2.0758,1763926140000000000,176,-0.04057648460826359,-0.6698927898477227,1.1271497840452822,0.12599454803673604,-0.25185424387831545,-0.3440646451486247,0.025516398528843943,0.19505409851395444,-0.4193437551555063,0.02008605348660148,0.09957433941960388,-0.1534425398502171,-0.2876029739935567,0.00660424728478716,0.7813831049601677,-1.0,-1.0,-1.0,31.894843666941288,62.82317691973083,0.35714285714285715,0.32828001863323075,0.0,-0.15966108496779263,-0.5257921012837838,0.0
XRPUSDT,-1,1763938680000000000,1763935500000000000,1763932500000000000,5.0,2.0716,2.0817,2.0581,1.3366336633663436,market,2.0716,2.0817,2.0816,2.0722,-0.08094326250734163,38,51,0.878845855426901,0.9727775712181416,-0.18644067796609945,0.23728813559321238,1763936400000000000,2.0772,1763938620000000000,178,0.006782754523125595,0.5466808529934822,-0.026198777274630505,0.04179513396614445,0.18561084418372129,0.0011949740222158476,0.020956753602939134,0.3628297878636769,0.5848281044105992,-0.216422662825389,0.08264841521946677,0.1237017789937379,-0.06166317606104649,0.3546605360238968,0.34141116768286267,-1.0,-1.0,-1.0,48.75458582737979,65.16702066035947,0.7450980392156863,0.39667858949261525,0.0,0.16459052103220354,-0.05388234050607949,0.5
XRPUSDT,-1,1763344680000000000,1763336700000000000,1763334900000000000,15.0,2.228,2.2496,2.1967000000000003,1.4490740740740793,market,2.228,2.2496,2.2286,2.2323,0.056645067378343406,88,31,1.59815199692328,1.7787445816447423,0.65312499999999,0.6718749999999879,1763339400000000000,2.2495,1763339760000000000,86,0.06027665313907394,0.3874587329130192,0.23187654768682053,0.04891193430444965,-0.03514720644956331,0.6887288594043334,0.027859466645615217,0.17547275376978494,0.6223958824639446,0.062471977955231225,0.18874072997547583,-0.14608020566380067,-0.4063335678609542,0.03953461019563903,0.5368021541693596,-1.0,-1.0,1.0,96.94793536804237,140.4847396768397,2.838709677419355,0.433691546023832,0.0,-0.092594491168841,0.6110164107926177,1.0
XRPUSDT,-1,1763355360000000000,1763340300000000000,1763339400000000000,15.0,2.2493,2.2669,2.2315,1.0113636363636096,market,2.2493,2.2669,2.2495,2.2523,-0.1339143894270125,116,16,0.48119709428804025,0.21143020613871633,0.9558011049723806,0.9668508287292854,1763348400000000000,2.2668,1763353800000000000,86,0.030897963605309442,0.18553116662161992,0.20330577711011497,-0.0041032400064662826,0.21447045918918878,0.3420979809444385,0.08436764032785461,0.3421695280896705,-0.014679898998917059,-0.038894008426184457,0.2603018624542707,0.07999873360637802,-0.09475372385629305,0.18529674564292914,1.0563842257951566,-1.0,-1.0,1.0,78.24656559818736,79.13573111634649,7.25,0.44148490590524336,0.0,0.15804207598129094,0.5883808347555045,1.0
XRPUSDT,1,1763401800000000000,1763397000000000000,1763390700000000000,15.0,2.1698,2.1612999999999998,2.2205,5.964705882352815,market,2.1612999999999998,2.1698,2.1672,2.1696,-0.026508935662909128,50,106,0.4752710821447037,1.854083606261011,0.1086142322097335,0.15730337078651518,1763398800000000000,2.1614,1763401740000000000,89,0.267275426760862,0.4506986362000529,0.009122131445203647,-0.0074358678333648785,0.7038755872237833,-1.4875215657611522,0.011493123265219288,0.20867707135629054,-0.9057760252621356,0.012147215102969386,0.2387753140405854,0.4156814856026105,-1.0662367399361945,-0.1481553709549968,0.9936422216753041,-1.0,1.0,-1.0,39.174117430178704,233.66208867176684,0.4716981132075472,0.28538695821941684,0.0,0.6041068772881225,-1.1378657469001445,0.0
XRPUSDT,-1,1763443980000000000,1763438400000000000,1763435700000000000,15.0,2.1624,2.1775,2.1337,1.9006622516555687,market,2.1624,2.1775,2.176,2.1626,0.09522314543673027,33,46,0.40049285431457265,3.021543068754094,0.0330188679245245,0.3537735849056615,1763442000000000000,2.1774,1763443380000000000,98,-0.28279396233239784,0.15274923015722225,0.02152661251276565,0.025194801591880752,0.1724878836533054,0.26165937724112437,0.037928093161634674,0.20371142014606353,-1.1114843107204986,0.017535402199707947,0.17602963381925296,0.07480133602581847,-0.32193714530833534,0.06963170904424922,0.4381309340545064,1.0,1.0,1.0,69.82981871994237,132.72290048094584,0.717391304347826,0.32751269088424895,0.0,0.09891603180883174,0.32803966774839294,1.0
XRPUSDT,-1,1763463060000000000,1763455500000000000,1763450100000000000,15.0,2.1886,2.1988000000000003,2.1661,2.2058823529411278,market,2.1886,2.1988000000000003,2.1987,2.1893,-0.07763490797838557,66,91,0.42800532754374593,1.060989363464693,-0.18042813455657447,0.12844036697247582,1763459100000000000,2.1928,1763462940000000000,102,-0.22238047668939048,-0.28185256475551357,0.6713879931390538,0.028981236089243165,-0.4582818156228186,0.48132608305529556,-0.03966393655502549,-0.1061590985932347,-0.04004370628557119,-0.12757763241512232,-0.22517502342871393,-0.06709166032975068,-0.38434129937479006,0.14804601612881815,0.5647453342389986,-1.0,-1.0,1.0,46.60513570319021,102.80544640409377,0.7252747252747253,0.38226275872429577,0.0,-0.6795974721712335,0.62573373110573,0.75
XRPUSDT,1,1763474100000000000,1763468100000000000,1763464500000000000,15.0,2.1716,2.1489,2.1944,1.0044052863435824,market,2.1489,2.1716,2.1694,2.168,-0.19009606266360002,55,61,1.431209466430165,1.3065262747604005,0.8127490039840587,0.9003984063745046,1763470800000000000,2.149,1763473140000000000,105,0.1615870499172427,0.3338292742300154,0.7781387199381302,0.052037550949107766,0.27471054333033973,1.110375012674662,-0.06616772045039084,0.0052930709176828,-0.0031001017338588063,-0.5816547889734683,-0.6037854555577754,-0.19932182844241703,-0.14062592198813645,0.06883618567499294,0.6459063481042602,-1.0,1.0,-1.0,104.53122121937919,104.99171118069492,0.9016393442622951,0.46729947950115247,0.0,0.036326556604497906,1.6862358590858797,1.0
XRPUSDT,-1,1763494140000000000,1763484300000000000,1763473500000000000,15.0,2.2329,2.2394000000000003,2.2081000000000004,3.815384615384305,market,2.2329,2.2394000000000003,2.2379,2.2335,-0.13794652569687105,119,181,0.2799729725235845,1.8008126754144955,0.046822742474926723,0.21404682274248396,1763487000000000000,2.2393,1763493600000000000,108,0.012224763900647802,0.09553261157728665,0.2501989887828242,0.008826742894191596,0.2012508563408463,0.28858172013367883,-0.08765068121587553,0.2375255174134552,-0.18804703194440042,-0.18667496470153366,0.08067834136554516,0.05607845788744917,-0.2601686840646409,-0.06243830721122255,0.3226821725676339,-1.0,-1.0,1.0,29.110125845315036,111.06632630211604,0.6574585635359116,0.28985720630459627,0.0,0.023189779566979818,0.36720390919103146,0.75
XRPUSDT,-1,1763498100000000000,1763494200000000000,1763487000000000000,15.0,2.2328,2.2403000000000004,2.2216,1.4933333333332899,market,2.2328,2.2403000000000004,2.2393,2.2329,0.08761600337793063,35,121,0.9285984927758493,3.031007618060915,0.050561797752815156,0.4157303370786497,1763496000000000000,2.2402,1763497860000000000,110,0.006886904512089264,-0.28326622965300136,1.1452260417117728,0.05721124069453895,-0.19739832248444383,0.5774771123907246,0.12499545994286361,-0.4954404826552448,0.43682093761267177,0.08876876748659113,-0.39565600832854514,-0.24020356222351483,-0.1467002743751241,0.035216493739960594,0.9993146930943313,-1.0,-1.0,1.0,33.59011107130188,50.16123253314268,0.2892561983471074,0.39857083548323885,0.0,-0.19943571116160075,0.951634795074213,1.0
XRPUSDT,1,1763510040000000000,1763503200000000000,1763498700000000000,15.0,2.2161,2.202,2.2335999999999996,1.2411347517730231,market,2.202,2.2161,2.2021,2.2152,-0.09580378086138153,69,76,0.45098042190288334,1.4965959918512537,-0.24999999999999648,0.1930379746835464,1763505900000000000,2.21,1763509860000000000,111,0.05967580461248557,0.3538672492380058,0.29026145810223447,-0.009202511583972386,0.49104383144634556,-0.249579657208828,-0.03324154789759385,0.05815406063732891,-0.4382830345866353,-0.13140386859724312,-0.09712637571512764,0.002242536890091042,-0.1516743115541943,0.19707510179137583,0.5218986018705266,-1.0,1.0,-1.0,63.62528766752404,78.96755561571963,0.9078947368421053,0.42599134100413805,0.0,0.7279911650539084,-0.322577567914513,0.25
XRPUSDT,1,1763545380000000000,1763532000000000000,1763519400000000000,15.0,2.1396,2.1252999999999997,2.1698999999999997,2.1188811188810246,market,2.1252999999999997,2.1396,2.1254,2.1394,-0.1963568379549928,103,211,1.1024020849603855,0.6807827686169227,-0.17488789237668237,0.14349775784753782,1763539200000000000,2.1332,1763545080000000000,115,0.07820172008452055,0.27764028074234826,0.3561435881046075,0.0553323060365193,-0.1771706619108922,0.8471807788072889,0.02836388207710005,0.05558120690331745,-0.3969412566897425,-0.19190183147424983,-0.3025868551900957,-0.7287020723653371,-0.2132618883482886,0.3147232294611736,0.48223051368684455,-1.0,-1.0,-1.0,66.83492241540672,141.61525518788346,0.4881516587677725,0.35317993295814537,0.0,-0.25597706606926585,0.9503559684261396,1.0
XRPUSDT,1,1763550420000000000,1763546400000000000,1763539200000000000,15.0,2.1357,2.1281999999999996,2.1489999999999996,1.7733333333332189,market,2.1281999999999996,2.1357,2.1283,2.1334,-0.09200705843794832,52,121,0.5077188641419631,3.2382416681125408,-0.11057692307692195,0.24519230769231354,1763547300000000000,2.1306,1763549400000000000,117,0.08178282859539861,0.22287727876113897,0.49236474252665635,0.09793024091579763,0.09232114570646995,0.31790228807333687,0.038396748830169705,-0.04920670428001577,-0.268855735496122,0.051721277994823796,-0.1993381573197387,-0.8926115621685031,-0.36563380458597666,0.06482443871317324,0.5339661846250208,-1.0,-1.0,-1.0,35.11729175446123,62.27466404457389,0.4297520661157025,0.3577666640170564,0.0,-0.027674616074898795,0.45797000759226425,1.0
XRPUSDT,1,1763553900000000000,1763550000000000000,1763547300000000000,15.0,2.1343,2.1283,2.1435,1.5333333333332544,market,2.1283,2.1343,2.1306,2.1309,-0.04939391104194313,35,46,0.9527770498911255,1.5381703777227684,0.16923076923074612,0.4538461538461431,1763551800000000000,2.1284,1763553360000000000,118,0.10177183509040905,0.2505844244739412,0.5932674721522124,0.1119525347036985,-0.3913495509164264,-0.058296486426710585,-0.014612163234989713,0.33271945252937846,-0.10217276952228935,0.08382574829350367,0.23708437165788396,-0.6232188882361783,-0.2854944619834439,0.3503979287730362,0.7909997412766997,-1.0,-1.0,-1.0,28.112261631449314,43.105467834886724,0.7608695652173914,0.38273293583175344,0.0,-0.5674288697757713,-0.16230288754016028,0.0
XRPUSDT,1,1763581800000000000,1763577900000000000,1763566200000000000,15.0,2.0382,2.0284,2.0488,1.0816326530612623,market,2.0284,2.0382,2.034,2.0371,-0.189085369264391,35,196,0.523937522132876,2.2082705948848544,0.3691275167784889,0.6510067114093534,1763579700000000000,2.0285,1763581200000000000,123,0.18301935788833618,0.3254066785343029,0.5527511540416408,0.162972046403731,0.12309994478398899,0.2596220761515617,-0.13800564553240707,0.11386098768553497,0.3239274982002993,-0.07445547756737358,-0.050873003895042755,-0.1475517062925916,-0.6866932594081493,0.27916319557299296,0.5694135800925783,-1.0,-1.0,-1.0,48.08164066332945,52.00667255421532,0.17857142857142858,0.45884711435498615,0.0,0.007909822983146478,0.01880557816466842,0.75
XRPUSDT,-1,1763593260000000000,1763589600000000000,1763583300000000000,15.0,2.0903,2.0963000000000003,2.0693,3.499999999999852,market,2.0903,2.0963000000000003,2.0951,2.0906,0.057869389693310236,31,106,0.18776438432578194,8.508885619044923,0.042471042471046314,0.22779922779922812,1763591400000000000,2.0962,1763592900000000000,124,-0.23958990279805373,0.7062319124612423,-0.20575144740838028,0.007958137917518666,0.10276283289287287,-0.2679000542208323,-0.09485285149714252,-0.015480192134121946,-0.22875111213234275,-0.19751246126323743,-0.1513923670113134,0.04021595418313154,-0.772726620730114,0.28505564762727076,0.2664585412240015,-1.0,1.0,1.0,28.7040137779277,100.46404822274269,0.29245283018867924,0.3388342256108296,0.0,0.09651282297158575,-0.2836575601644102,0.0
XRPUSDT,-1,1763599800000000000,1763595900000000000,1763591400000000000,15.0,2.1144,2.1252000000000004,2.0951000000000004,1.787037037036887,market,2.1144,2.1252000000000004,2.1156,2.1145,-0.24763991121593842,35,76,1.4347189024655265,1.0239346220615642,0.4611650485436935,0.5194174757281748,1763597700000000000,2.1251,1763599140000000000,124,-0.18522493801584675,0.29838118091121413,0.22653820447859274,0.042348358567916175,0.7086487997041333,-0.018545810720011855,-0.48745470540706076,0.8928422619591426,-0.7095530129592895,-0.45921237187886055,0.5073946918798352,-0.2622555199534021,-0.8223288257842545,0.007752898388394797,0.34863162156773364,-1.0,1.0,1.0,51.07832009080869,91.27884979190044,0.4605263157894737,0.41304315240989425,0.0,0.17222680526630457,0.009739784231872488,0.5
XRPUSDT,-1,1763610420000000000,1763604900000000000,1763597700000000000,15.0,2.1319,2.1390000000000002,2.1217,1.4366197183097595,market,2.1319,2.1390000000000002,2.1379,2.132,-0.06451406571432261,62,121,0.6288810980042605,1.9617964893888153,0.06134969325152622,0.42944785276073805,1763606700000000000,2.1389,1763608920000000000,124,-0.13658608219036472,0.040886530526009705,0.6995370442014739,-0.05018603666172872,0.03898028392333145,0.2353940262977386,0.012266175817676049,0.007377616711063271,-0.02461634844032959,-0.3753947763342437,-0.2517155185096085,0.5282907536442899,-0.2821308763940787,-0.05994400913435159,0.36438660116537264,-1.0,1.0,1.0,33.30362587363539,47.844645621275696,0.512396694214876,0.4403781662419362,0.0,0.1006984271427751,0.2500758273581719,1.0
XRPUSDT,1,1763632980000000000,1763622000000000000,1763619300000000000,15.0,2.1209,2.1098999999999997,2.1411,1.8363636363636158,market,2.1098999999999997,2.1209,2.1183,2.12,-0.07512311813915984,123,46,0.7151686699388865,0.6847084568602514,0.3624454148471714,0.4759825327510894,1763625600000000000,2.11,1763632200000000000,125,0.21073614542811167,-0.09469646305491589,0.4565051491081827,0.27857000453190095,-0.17780185969063375,0.7794208224742148,0.2471779748282735,0.6012604444661446,-0.5897972086242977,-0.425502659896014,0.10255799742904477,-0.11379356179135584,-0.17477307542673345,0.11597381130104498,0.7162111179579576,-1.0,-1.0,-1.0,51.864774388231986,95.24258569475221,2.6739130434782608,0.4006939989955179,0.0,-0.11615647072765323,1.348309678769163,1.0
XRPUSDT,1,1763652240000000000,1763649000000000000,1763646300000000000,15.0,2.1105,2.0923999999999996,2.1376,1.497237569060731,market,2.0923999999999996,2.1105,2.0925,2.1067,0.0917594059447,39,46,0.6233630126016741,1.9209456021733347,-0.0309734513274398,0.3672566371681376,1763649900000000000,2.0939,1763651880000000000,130,0.06798083226059246,0.17120522425427995,1.28445892860254,0.15092499159585357,-0.15332629047969148,0.31588569525121823,0.18163325549467818,0.03407720524925704,-0.44176452787374537,0.006934381527314571,0.0665199991786891,0.4853047582321858,-0.17453516347971068,0.024828662469873464,1.0022014752461257,-1.0,-1.0,-1.0,85.76166785122223,128.40559109215778,0.8478260869565217,0.38582575279713593,0.0,0.0763145738240065,0.16113401955297352,1.0
XRPUSDT,1,1763665800000000000,1763659800000000000,1763649900000000000,15.0,1.982,1.9733,2.0124999999999997,3.505747126436781,market,1.9733,1.982,1.9785,1.9816,-0.04349076714847888,40,166,0.5692986434160845,1.9992128705823695,0.14956011730204927,0.2521994134897342,1763663400000000000,1.9734,1763665560000000000,131,0.05043782771237978,0.25011165945365593,1.0607548516672565,0.09801099062242093,-0.18014760939489405,-0.06709407621776094,0.028051615578055168,-0.06286088172477011,-0.677014244675863,-0.0005860795791645505,-0.12199533657821895,-0.6050486744534019,-0.9142993873935685,-0.10083396884309169,0.6353645055954977,-1.0,-1.0,-1.0,43.89505549949511,153.884964682138,0.24096385542168675,0.2880148893045495,0.0,-0.055115504849070185,-0.2618753724543171,0.25
XRPUSDT,-1,1763675940000000000,1763671500000000000,1763666100000000000,15.0,2.019,2.0339,2.0011,1.2013422818792034,market,2.019,2.0339,2.0193,2.0244,-0.0437252609038703,44,91,0.6189352932324836,2.929870322880192,0.7923497267759547,0.8087431693988916,1763673300000000000,2.0338,1763675280000000000,134,-0.05461710706697094,0.23919123863540975,0.9853185323760266,-0.0019924413279512228,0.46457018108547277,0.33996540353529,-0.07334029169355089,0.5481186821287849,-0.9097238500446744,-0.0795103651490192,0.4823892479875343,-0.01557976405818593,-0.44089549303601755,0.0740246382980945,0.40576571091087915,-1.0,1.0,1.0,73.7989103516588,88.65775136206057,0.4835164835164835,0.4540755493410631,0.0,0.19966214489758338,0.6001768635140963,1.0
XRPUSDT,1,1763700240000000000,1763694000000000000,1763685000000000000,15.0,1.9773,1.9558,2.0004,1.0744186046511544,market,1.9558,1.9773,1.9615,1.9677,0.00449158031679131,59,151,1.2693082307033863,1.635782113989521,0.14358974358974433,0.5487179487179489,1763696700000000000,1.9559,1763700120000000000,137,0.1450443937264683,0.5137830543105935,2.2261117208469834,0.03730054456830239,0.4568443111688586,-0.027777490621689077,-0.08142011344932783,-0.4182471541111722,-0.34576646872729544,0.07794996327905741,-0.3714593802042129,-0.011818119203510436,-0.28013431902671615,0.582730098209195,1.3594425812079574,-1.0,-1.0,-1.0,108.73413240277183,116.82597481413998,0.39072847682119205,0.4133209006948215,0.0,0.24841475327722368,-0.0671075169303939,0.5
XRPUSDT,1,1763707740000000000,1763700300000000000,1763696700000000000,15.0,1.9698,1.9519,1.9952,1.418994413407824,market,1.9519,1.9698,1.9559,1.9671,-0.03163258777453881,94,61,0.6671110323113806,1.0168768524931227,0.09898477157360418,0.4517766497461927,1763702100000000000,1.952,1763707140000000000,138,0.14829356019493714,0.19766256339314578,0.3948198952238016,0.06312785458138963,0.15797654954285836,0.4164002108846436,0.12797249949247289,-0.08293069833156444,-0.08809899722926273,-0.06776355975520626,-0.1821980955778727,-0.13008749493329005,-0.17814319590552846,0.48041976362921957,0.6348795119895816,-1.0,-1.0,-1.0,90.8721697634279,128.94710122855156,1.540983606557377,0.41672864802592813,0.0,0.08315182378074204,0.4445517368075316,1.0
XRPUSDT,1,1763755260000000000,1763749800000000000,1763746200000000000,15.0,1.9487,1.9295,1.9856,1.921874999999986,market,1.9295,1.9487,1.9296,1.9474,-0.03218580706533858,61,61,0.5247217348196377,1.3836809630243752,-0.17825311942959005,0.16221033868092874,1763751600000000000,1.9396,1763754900000000000,147,0.3123829792618567,0.25989419638518485,0.06257617808302718,0.04211159484928848,-0.21465780523476607,-0.017321957257334195,0.02666845401036569,-0.055107436800552405,-0.5555407428450955,-0.007726545410515516,-0.04444034304526341,0.08423753736071243,-0.0048498939210321725,0.3901609177267097,0.4652421924359468,1.0,1.0,-1.0,98.52722327705705,189.35700723559262,1.0,0.3251248800495849,0.0,-0.12326268941142064,-0.10776768271243874,0.5
XRPUSDT,1,1763767140000000000,1763757000000000000,1763751600000000000,15.0,1.9223,1.8984,1.9646,1.769874476987462,market,1.8984,1.9223,1.9204,1.9098,-0.06540571931038475,79,91,0.8116867668638479,1.6548739290382986,0.49435665914221527,0.5372460496613981,1763762400000000000,1.8985,1763766420000000000,149,0.3518191076553784,0.21854134983629914,0.8602452533229477,0.17788475267114895,-0.005218687360543802,1.0060875486261636,0.116163807150866,-0.2004573092997508,-0.6424101282779084,-0.13263815918467525,-0.3584679321332114,-0.23599452976819904,-0.31063646564723074,-0.0936926540156955,0.6299260475375031,-1.0,1.0,-1.0,124.33022941268175,220.04889975550125,0.8681318681318682,0.3408953677890482,0.0,-0.005130694747622844,1.1266326674132063,1.0
XRPUSDT,1,1763790780000000000,1763786700000000000,1763781300000000000,15.0,1.924,1.9121,1.9396,1.3109243697479016,market,1.9121,1.924,1.9132,1.9226,0.024769267626088,53,91,0.8265249014487352,1.5243358559585725,0.03773584905660804,0.4452830188679263,1763787600000000000,1.9122,1763790060000000000,153,-0.019922349105264282,0.2894405479499989,0.054233828327387566,0.07568903082900562,0.19364599826161,0.26377672241760897,-0.03332082884783605,-0.15660238621834985,-0.24236832942731454,0.008396993230299592,-0.15053318594294404,0.020287153577005366,-0.2573605689060946,0.3144123987316084,1.062985838294358,-1.0,1.0,-1.0,61.85031185031197,81.08108108108138,0.5824175824175825,0.39784872647203173,0.0,-0.05972424934812559,0.5388036090797086,0.75
XRPUSDT,1,1763807760000000000,1763803800000000000,1763796600000000000,15.0,1.9022,1.8977,1.9248,5.022222222222319,market,1.8977,1.9022,1.9011,1.9019,-0.0008578523918857384,51,121,0.7184515771969626,1.9241232875609804,0.1386554621848771,0.1848739495798299,1763804700000000000,1.8978,1763807160000000000,155,-0.07124769220068651,-0.2324030034157573,0.3210201298374793,0.0689123512354339,-0.05617017629449392,-0.1842025196639358,-0.06905727289413133,-0.13014210497717385,-0.5693453812589733,-0.017653247385562187,-0.18158166837525175,-0.3843663371764206,-0.4923180641886534,-0.03415156474087074,0.7699685310653944,-1.0,-1.0,-1.0,23.656818420775675,118.8097991798979,0.4214876033057851,0.26859346507686827,0.0,-0.10089689758226705,-0.413753688209035,0.0
XRPUSDT,-1,1763826060000000000,1763821800000000000,1763819100000000000,15.0,1.9249,1.9385,1.9113,1.0000000000000164,market,1.9249,1.9385,1.9296,1.9295,0.003940692465248863,41,46,0.755647485936767,1.0822942715602404,0.47826086956521374,0.7336956521739058,1763823600000000000,1.9384,1763825220000000000,158,-0.13129637775495484,-0.925020821995798,1.8098335379553465,0.37414575887678786,-0.6464892673068681,1.3913299353096262,0.32152046925489125,-0.7187763675460155,0.4206603534853919,0.03135995667872019,-0.6795987025854929,-0.25801013302939,-0.30995378450824534,-0.3974298432216055,1.6079892974466472,-1.0,-1.0,1.0,70.65302093615166,70.65302093615281,0.8913043478260869,0.46808160110916364,0.0,-0.7071913299544517,1.9970854228871904,1.0
XRPUSDT,-1,1763831160000000000,1763825400000000000,1763823600000000000,15.0,1.9376,1.9504,1.9199,1.3828125000000122,market,1.9376,1.9504,1.9384,1.9415,-0.014249659635027001,66,31,0.9739607567294408,0.8489517739970724,0.639784946236562,0.6827956989247295,1763827200000000000,1.9503,1763829960000000000,158,-0.14240094376450083,-0.3817410456287506,0.8565721117173528,0.06415450343425429,-0.13289674979830807,0.8284224863415431,0.10174208711225353,0.12089144522563842,-0.3781499583690509,-0.06373127312836246,0.032807851616141484,-0.39095274692951687,-0.38005310601197984,-0.3333616150830183,1.31552471491706,-1.0,-1.0,1.0,66.06110652353387,91.350123864575,2.129032258064516,0.41610978788770797,0.0,-0.17764034598632394,1.0809345969195852,1.0
XRPUSDT,-1,1763861040000000000,1763852400000000000,1763845200000000000,15.0,1.9635,1.9755,1.944,1.6250000000000047,market,1.9635,1.9755,1.9666,1.965,-0.07924324671880534,114,121,1.002851220632776,0.6653282390206248,0.38766519823789264,0.5242290748898701,1763854200000000000,1.9754,1763860800000000000,162,-0.039359678968635105,0.8681635825893222,1.0425126087700214,-0.19927134121910622,0.36927101914812577,-0.07567354958457784,-0.24153088896330915,-0.21518830432263739,0.10446250800031248,-0.17543410073885907,-0.4332267879964408,-0.13564115683777758,-0.3511233149609743,-0.0517307783283274,2.156889417937322,-1.0,-1.0,1.0,61.11535523300234,99.31245225362909,0.9421487603305785,0.4261936878124204,0.0,0.07725652466573442,-0.10383775021873379,0.25
XRPUSDT,1,1763880180000000000,1763876700000000000,1763873100000000000,15.0,2.044,2.0372,2.0595,2.2794117647058134,market,2.0372,2.044,2.0375,2.0429,-0.06398773806970792,43,61,0.6456884922697892,1.3453693507664832,0.009049773755655108,0.3031674208144763,1763877600000000000,2.0373,1763880060000000000,167,0.030187645572154406,0.5334590525795901,0.07598726873422662,0.1540213559084003,0.5830898475810613,-0.44120988274237516,0.002391992368547004,0.30854558400117665,-0.47953468708727526,-0.1265443189802865,0.40548758680964336,0.3293694858911079,-0.0805636372678542,0.1493867445169933,0.9884181466158972,1.0,1.0,1.0,33.26810176125313,75.83170254403056,0.7049180327868853,0.32759625274769016,0.0,0.6319431177644792,-0.32403882644546517,0.25
XRPUSDT,-1,1763901060000000000,1763891100000000000,1763883900000000000,15.0,2.0416,2.0509000000000004,2.0214000000000003,2.172043010752516,market,2.0416,2.0509000000000004,2.0508,2.0432,0.0889979578814718,61,121,1.1224594419138125,1.7304553761542043,-0.07796610169491398,0.23389830508475698,1763897400000000000,2.0485,1763900520000000000,168,0.028983025206077737,0.2672040290158963,0.7288747335202267,0.21331348347184337,0.2959808439878401,-0.18642600003987467,-0.03956944336139671,-0.025098569446995764,-0.8811474142827509,0.3084804750385954,0.18928226747971139,0.3396046453090033,-0.14727771249241264,-0.0690718260972427,0.9286202774719954,-1.0,-1.0,-1.0,45.55250783699319,98.94200626959028,0.5041322314049587,0.32604365311249695,0.0,0.2751523399404072,-0.3563071491800788,0.0
XRPUSDT,-1,1763917080000000000,1763907300000000000,1763904600000000000,15.0,2.0597,2.0792,2.0344,1.2974358974358602,market,2.0597,2.0792,2.0619,2.0709,0.006131031186712543,103,46,0.9619108036466332,0.8424534063840812,0.6231884057970957,0.7028985507246389,1763910900000000000,2.0791,1763915760000000000,172,-0.031809309621079924,1.1428726044650694,1.7224742097055257,-0.16556080420692126,0.3097642622109917,1.5190656066994006,0.04665031134399775,-0.6003775921882236,1.038539106546535,0.13146137692672175,-0.6062344818376447,-0.4618494131761659,-0.1924358713671869,0.7603716328962167,1.8098141139754114,-1.0,-1.0,-1.0,94.67398164781423,122.83342234305802,2.239130434782609,0.45433173714140573,0.0,-0.18997123803426885,1.9945165104869034,1.0
XRPUSDT,-1,1763923800000000000,1763916300000000000,1763910900000000000,15.0,2.064,2.0792,2.0389000000000004,1.6513157894736519,market,2.064,2.0792,2.0791,2.0643,-0.024921643081797118,50,91,0.7990462836001677,2.022123462316913,-0.15136476426799075,0.22332506203473812,1763920800000000000,2.073,1763923260000000000,174,-0.03057280457564234,-0.17580437680983405,1.2471743852265893,-0.034979274538133216,0.14585705099226481,0.32192292401594513,0.08423848147753984,-0.34351031787952147,-0.6679645812681938,-0.17966691825554185,-0.6312712478038114,-0.45731098941565934,-0.22452726999319625,-0.022521430539008975,0.8986981479931376,-1.0,-1.0,-1.0,73.64341085271367,121.60852713178137,0.5494505494505495,0.38338383023472516,0.0,0.10541083746628821,0.3067214129021545,1.0
XRPUSDT,-1,1763928060000000000,1763923500000000000,1763920800000000000,15.0,2.0723,2.0781,2.0563000000000002,2.75862068965498,market,2.0723,2.0781,2.073,2.0745,0.008143230628225973,46,46,0.8553129541337876,0.7915873586908202,0.29761904761904256,0.3392857142857181,1763925300000000000,2.078,1763927880000000000,176,-0.048831349934828856,-0.24447643664495103,1.0016735110717208,0.37910716539116934,-0.5010420758243326,0.8013967298675396,0.11735374892971397,-0.18186847861572644,-0.3342713151139879,-0.0222502551232137,-0.31437055701390515,-0.40094632872567504,-0.3391308869272148,0.3302196260474305,1.2389614374342532,-1.0,-1.0,-1.0,27.988225643006565,77.20889832552996,1.0,0.30217102770026266,0.0,-0.5354357156083904,0.8105766576570973,1.0
