run_id,scenario_id,ts_event_ns,client_order_id,order_side,last_price,last_quantity,native_commission,extra_cost_to_composite_model,composite_cost_rate
baseline:long-btc,resolution-9d56982a3bdf6ef3-down-1641896220000000000,1641896340000000000,O-20220111-101900-09-000-1,1,41830.0,20.832,156.8524608,496.69945920000004,0.00075
baseline:long-btc,resolution-9d56982a3bdf6ef3-down-1641896220000000000,1641897060000000000,O-20220111-101900-09-000-2,2,41748.6,20.832,156.54723034,495.73289606000003,0.00075
baseline:long-btc,resolution-2542a3f6121ce9f6-up-1641946440000000000,1641946680000000000,O-20220112-001800-09-000-4,2,42872.2,19.571,151.02932872,478.25954093,0.00075
baseline:long-btc,resolution-2542a3f6121ce9f6-up-1641946440000000000,1641947940000000000,O-20220112-001800-09-000-6,1,42606.5,19.571,166.7703623,458.6184963250001,0.00075
baseline:long-btc,resolution-7c11351f9d4025a1-up-1642166100000000000,1642166280000000000,O-20220114-131800-09-000-7,2,42198.4,20.853,158.39338234,501.57904406000006,0.00075
baseline:long-btc,resolution-7c11351f9d4025a1-up-1642166100000000000,1642167060000000000,O-20220114-131800-09-000-8,1,42280.2,20.853,158.70042191,502.55133604,0.00075
baseline:long-btc,resolution-8bd538d4768fedab-down-1642576560000000000,1642576740000000000,O-20220119-071900-09-000-10,1,41336.700000000004,19.468,144.85371761,458.70343909,0.00075
baseline:long-btc,resolution-8bd538d4768fedab-down-1642576560000000000,1642577580000000000,O-20220119-071900-09-000-11,2,41247.7,19.468,144.54184025,457.71582744999995,0.00075
baseline:long-btc,resolution-a0363552e4006a5e-down-1642729620000000000,1642729740000000000,O-20220121-014900-09-000-13,1,39889.6,17.43,125.14963104,396.30716495999997,0.00075
baseline:long-btc,resolution-a0363552e4006a5e-down-1642729620000000000,1642729920000000000,O-20220121-014900-09-000-14,2,39785.9,17.43,124.82428266,395.27689509,0.00075
baseline:long-btc,resolution-51b3a54683299ba4-up-1642751760000000000,1642752060000000000,O-20220121-080100-09-000-16,2,39047.5,19.079,134.09770545,424.642733925,0.00075
baseline:long-btc,resolution-51b3a54683299ba4-up-1642751760000000000,1642752360000000000,O-20220121-080100-09-000-17,1,39133.8,19.079,134.39407864,425.58124901,0.00075
baseline:long-btc,resolution-3e1dad28f11bd0e2-up-1642780200000000000,1642780440000000000,O-20220121-155400-09-000-19,2,38901.5,13.483,94.41160641,298.97008696499995,0.00075
baseline:long-btc,resolution-3e1dad28f11bd0e2-up-1642780200000000000,1642782240000000000,O-20220121-155400-09-000-20,1,39041.9,13.483,94.75234879,300.049104485,0.00075
baseline:long-btc,resolution-0b7202f072fbc156-down-1642805820000000000,1642806060000000000,O-20220121-230100-09-000-22,1,36209.0,6.91,45.0367542,142.61638829999998,0.00075
baseline:long-btc,resolution-0b7202f072fbc156-down-1642805820000000000,1642806720000000000,O-20220121-230100-09-000-23,2,35886.8,6.91,44.63600184,141.34733916000002,0.00075
baseline:long-btc,resolution-4bf4de10f33cd3f1-down-1642829400000000000,1642829580000000000,O-20220122-053300-09-000-25,1,36175.0,12.96,84.38904,267.2319600000001,0.00075
baseline:long-btc,resolution-4bf4de10f33cd3f1-down-1642829400000000000,1642829880000000000,O-20220122-053300-09-000-26,2,36034.5,12.96,84.0612816,266.1940584,0.00075
baseline:long-btc,resolution-c33c56af779a93d3-down-1642830180000000000,1642830420000000000,O-20220122-054700-09-000-28,1,35959.8,14.22,92.04270408,291.46856292000007,0.00075
baseline:long-btc,resolution-c33c56af779a93d3-down-1642830180000000000,1642830720000000000,O-20220122-054700-09-000-29,2,35841.6,14.22,91.74015936,290.51050464,0.00075
baseline:long-btc,resolution-87b738aeac6ef028-down-1642830960000000000,1642831260000000000,O-20220122-060100-09-000-31,1,35816.1,8.433,54.36669083,172.16118764499998,0.00075
baseline:long-btc,resolution-87b738aeac6ef028-down-1642830960000000000,1642833000000000000,O-20220122-060100-09-000-32,2,35588.2,8.433,54.02075231,171.06571563999995,0.00075
baseline:long-btc,resolution-ada1458b032f791c-up-1642923000000000000,1642923120000000000,O-20220123-073200-09-000-34,2,35623.7,12.805,82.10906613,260.012042745,0.00075
baseline:long-btc,resolution-ada1458b032f791c-up-1642923000000000000,1642925520000000000,O-20220123-073200-09-000-35,1,35750.0,12.805,82.400175,260.93388749999997,0.00075
baseline:long-btc,resolution-ccc94e128ccfd15f-down-1642952280000000000,1642952460000000000,O-20220123-154100-09-000-37,1,35218.5,19.216,121.81656528,385.75245672,0.00075
baseline:long-btc,resolution-ccc94e128ccfd15f-down-1642952280000000000,1642952580000000000,O-20220123-154100-09-000-38,2,35155.100000000006,19.216,121.59727229,385.0580289100001,0.00075
baseline:long-btc,resolution-47dab79b66870627-down-1643000640000000000,1643000820000000000,O-20220124-050700-09-000-40,1,35025.0,18.202,114.754509,363.3892785,0.00075
baseline:long-btc,resolution-47dab79b66870627-down-1643000640000000000,1643002500000000000,O-20220124-050700-09-000-41,2,34958.5,18.202,114.53663106,362.69933169,0.00075
baseline:long-btc,resolution-3e7d1ff8d2d8a9b8-up-1643046720000000000,1643047140000000000,O-20220124-175900-09-000-43,2,35326.2,8.598,54.67224017,173.12876053,0.00075
baseline:long-btc,resolution-3e7d1ff8d2d8a9b8-up-1643046720000000000,1643047740000000000,O-20220124-175900-09-000-44,1,35517.5,8.598,54.9683037,174.06629505,0.00075
baseline:long-btc,resolution-3bef9825549b4c12-down-1643086680000000000,1643086980000000000,O-20220125-050300-09-000-46,1,35961.5,13.926,90.14397282,285.45591393,0.00075
baseline:long-btc,resolution-3bef9825549b4c12-down-1643086680000000000,1643088300000000000,O-20220125-050300-09-000-47,2,35869.100000000006,13.926,89.91235559,284.7224593600001,0.00075
baseline:long-btc,resolution-0583123653278232-down-1643088300000000000,1643088660000000000,O-20220125-053100-09-000-49,1,35913.2,12.138,78.46459589,248.47122030999998,0.00075
baseline:long-btc,resolution-0583123653278232-down-1643088300000000000,1643094420000000000,O-20220125-053100-09-000-50,2,35804.1,12.138,78.22622984,247.71639451,0.00075
baseline:long-btc,resolution-c21e996ba152807f-up-1643130900000000000,1643131020000000000,O-20220125-171700-09-000-52,2,37084.4,8.428,56.25851818,178.15197422000003,0.00075
baseline:long-btc,resolution-c21e996ba152807f-up-1643130900000000000,1643131260000000000,O-20220125-171700-09-000-53,1,37256.2,8.428,56.51914565,178.97729455,0.00075
baseline:long-btc,resolution-e02dd572cdb8b638-down-1643249100000000000,1643249520000000000,O-20220127-021200-09-000-55,1,35883.8,9.162,59.17812761,187.39740409000004,0.00075
baseline:long-btc,resolution-e02dd572cdb8b638-down-1643249100000000000,1643250300000000000,O-20220127-021200-09-000-56,2,35734.5,9.162,58.93190802,186.61770873,0.00075
baseline:long-btc,resolution-bc201dfdabd85cc4-down-1644504420000000000,1644504660000000000,O-20220210-145100-09-000-58,1,43715.100000000006,6.291,49.50210494,156.75666563500005,0.00075
baseline:long-btc,resolution-bc201dfdabd85cc4-down-1644504420000000000,1644505200000000000,O-20220210-145100-09-000-60,2,44276.5,6.291,55.7086923,153.19890382500003,0.00075
baseline:long-btc,resolution-975dceccd70d1255-up-1644507780000000000,1644507900000000000,O-20220210-154500-09-000-61,2,45396.6,4.871,39.80283095,126.04229800000002,0.00075
baseline:long-btc,resolution-975dceccd70d1255-up-1644507780000000000,1644508500000000000,O-20220210-154500-09-000-63,1,44822.4,4.871,43.66598208,120.08145072000002,0.00075
baseline:long-btc,resolution-6a14feb87d9f58db-down-1644523320000000000,1644523500000000000,O-20220210-200500-09-000-64,1,44362.0,8.513,67.97766708,215.26261241999998,0.00075
baseline:long-btc,resolution-6a14feb87d9f58db-down-1644523320000000000,1644524520000000000,O-20220210-200500-09-000-65,2,44196.8,8.513,67.72452451,214.46099429000003,0.00075
baseline:long-btc,resolution-259e3e227adcfd5d-up-1644582240000000000,1644582720000000000,O-20220211-123200-09-000-67,2,43563.4,10.24,80.29605888,254.27085312,0.00075
baseline:long-btc,resolution-259e3e227adcfd5d-up-1644582240000000000,1644585660000000000,O-20220211-123200-09-000-68,1,43684.8,10.24,80.51982336,254.97944064,0.00075
baseline:long-btc,resolution-950c09ec334f4360-down-1644648180000000000,1644648780000000000,O-20220212-065300-09-000-70,1,41963.7,5.701,43.06230967,136.363980605,0.00075
baseline:long-btc,resolution-950c09ec334f4360-down-1644648180000000000,1644659580000000000,O-20220212-095300-09-000-73,2,42392.0,5.701,43.50182256,137.75577144,0.00075
baseline:long-btc,resolution-9e3a1c8bfecf8295-up-1644714660000000000,1644714900000000000,O-20220213-011500-09-000-74,2,42401.299999999996,13.311,101.59266677,321.710111455,0.00075
baseline:long-btc,resolution-9e3a1c8bfecf8295-up-1644714660000000000,1644725700000000000,O-20220213-041500-09-000-77,1,42258.2,6.445,49.02373782,155.24183642999998,0.00075
baseline:long-btc,resolution-9e3a1c8bfecf8295-up-1644714660000000000,1644725700000000000,O-20220213-041500-09-000-77,1,42258.3,6.866,52.2261878,165.38292805000003,0.00075
baseline:long-btc,resolution-0ab2da4896919a8d-down-1645106100000000000,1645106520000000000,O-20220217-140200-09-000-78,1,42307.2,8.027,61.12798099,193.57193980999995,0.00075
baseline:long-btc,resolution-0ab2da4896919a8d-down-1645106100000000000,1645106880000000000,O-20220217-140200-09-000-79,2,42127.7,8.027,60.86862862,192.75065730499995,0.00075
baseline:long-btc,resolution-35bbcda1130f967c-down-1645666080000000000,1645666200000000000,O-20220224-013000-09-000-81,1,36679.7,13.416,88.57707394,280.49406746,0.00075
baseline:long-btc,resolution-35bbcda1130f967c-down-1645666080000000000,1645667520000000000,O-20220224-013000-09-000-83,2,37033.0,13.416,99.3669456,273.2591004,0.00075
baseline:long-btc,resolution-57f79343cdeff0e6-up-1646528400000000000,1646528520000000000,O-20220306-010200-09-000-84,2,39571.6,11.095,79.02844236,250.25673414,0.00075
baseline:long-btc,resolution-57f79343cdeff0e6-up-1646528400000000000,1646539320000000000,O-20220306-040200-09-000-87,1,39309.0,11.095,78.5040039,248.59601235000002,0.00075
baseline:long-btc,resolution-2c516f398ec72863-down-1647398220000000000,1647398460000000000,O-20220316-024100-09-000-88,1,40988.700000000004,7.308,53.91817553,170.74088917000003,0.00075
baseline:long-btc,resolution-2c516f398ec72863-down-1647398220000000000,1647399420000000000,O-20220316-024100-09-000-89,2,40765.6,7.308,53.62470086,169.81155274000002,0.00075
baseline:long-btc,resolution-76d03497522b3484-down-1647470400000000000,1647470520000000000,O-20220316-224200-09-000-91,1,40925.0,16.01,117.937665,373.4692725000001,0.00075
baseline:long-btc,resolution-76d03497522b3484-down-1647470400000000000,1647471000000000000,O-20220316-224200-09-000-92,2,40860.4,16.01,117.75150072,372.87975228000005,0.00075
baseline:long-btc,resolution-75b013c89fed8d2a-down-1647930360000000000,1647930780000000000,O-20220322-063300-09-000-94,1,42261.6,9.114,69.33100003,219.54816677000005,0.00075
baseline:long-btc,resolution-75b013c89fed8d2a-down-1647930360000000000,1647931800000000000,O-20220322-063300-09-000-95,2,42110.3,9.114,69.08278936,218.76216629000004,0.00075
baseline:long-btc,resolution-c417b6f9c84ae073-up-1648608060000000000,1648608180000000000,O-20220330-024300-09-000-97,2,47200.8,11.942,101.46095165,321.29301355,0.00075
baseline:long-btc,resolution-c417b6f9c84ae073-up-1648608060000000000,1648608660000000000,O-20220330-024300-09-000-98,1,47288.8,11.942,101.65011293,321.89202427000004,0.00075
baseline:long-btc,resolution-4e7a7024737fccee-down-1648776480000000000,1648776660000000000,O-20220401-013100-09-000-100,1,45203.8,11.752,95.62231037,302.80398283000005,0.00075
baseline:long-btc,resolution-4e7a7024737fccee-down-1648776480000000000,1648777080000000000,O-20220401-013100-09-000-101,2,45115.0,11.752,95.4344664,302.2091436,0.00075
baseline:long-btc,resolution-d977f7cc9a1e605a-up-1648906560000000000,1648906740000000000,O-20220402-133900-09-000-103,2,46838.8,10.839,91.38343558,289.38087932,0.00075
baseline:long-btc,resolution-d977f7cc9a1e605a-up-1648906560000000000,1648911720000000000,O-20220402-133900-09-000-105,1,46550.2,10.839,100.91152356,277.50668979,0.00075
baseline:long-btc,resolution-91be8d98d503a8cf-up-1649106240000000000,1649106360000000000,O-20220404-210600-09-000-106,2,46370.0,10.723,89.5005918,283.4185407,0.00075
baseline:long-btc,resolution-91be8d98d503a8cf-up-1649106240000000000,1649106840000000000,O-20220404-210600-09-000-107,1,46473.5,10.723,89.70036129,284.05114408500003,0.00075
baseline:long-btc,resolution-c229709746c270ca-down-1649254320000000000,1649254740000000000,O-20220406-141900-09-000-109,1,44081.0,7.445,59.0729481,187.06433564999998,0.00075
baseline:long-btc,resolution-c229709746c270ca-down-1649254320000000000,1649258340000000000,O-20220406-141900-09-000-110,2,43905.2,7.445,58.83735852,186.31830197999997,0.00075
baseline:long-btc,resolution-2507383d9181708b-up-1649859360000000000,1649860140000000000,O-20220413-142900-09-000-112,2,40678.1,5.25,38.4408045,121.72921425,0.00075
baseline:long-btc,resolution-2507383d9181708b-up-1649859360000000000,1649862600000000000,O-20220413-142900-09-000-113,1,40949.5,5.25,38.6972775,122.54137874999999,0.00075
baseline:long-btc,resolution-2fd65a6ec66bca6a-up-1650146820000000000,1650147300000000000,O-20220416-221500-09-000-115,2,40561.5,8.755,63.92086785,202.416081525,0.00075
baseline:long-btc,resolution-2fd65a6ec66bca6a-up-1650146820000000000,1650153300000000000,O-20220416-235500-09-000-118,1,40378.1,8.755,63.63184779,201.50085133500002,0.00075
baseline:long-btc,resolution-0024339598ffbfa5-up-1650536400000000000,1650537060000000000,O-20220421-103100-09-000-119,2,42150.1,4.062,30.81846712,97.59181253000001,0.00075
baseline:long-btc,resolution-0024339598ffbfa5-up-1650536400000000000,1650541080000000000,O-20220421-103100-09-000-120,1,42511.5,4.062,31.08270834,98.42857641,0.00075
baseline:long-btc,resolution-2c915bbb3eaffdb2-down-1651836720000000000,1651836840000000000,O-20220506-113400-09-000-122,1,35727.7,8.842,56.86277821,180.06546434,0.00075
baseline:long-btc,resolution-2c915bbb3eaffdb2-down-1651836720000000000,1651840260000000000,O-20220506-113400-09-000-124,2,36274.3,8.842,64.14747212,176.40554833000004,0.00075
baseline:long-btc,resolution-d85aecacc37f92df-up-1652045520000000000,1652045700000000000,O-20220508-213500-09-000-125,2,34367.9,12.893,79.75896025,252.57004077500002,0.00075
baseline:long-btc,resolution-d85aecacc37f92df-up-1652045520000000000,1652046000000000000,O-20220508-213500-09-000-126,1,34456.3,12.893,79.96411366,253.21969326500002,0.00075
baseline:long-btc,resolution-ff92e36bbd599c02-down-1652076660000000000,1652076840000000000,O-20220509-061400-09-000-128,1,33422.4,15.263,91.82269642,290.77187198,0.00075
baseline:long-btc,resolution-ff92e36bbd599c02-down-1652076660000000000,1652076960000000000,O-20220509-061400-09-000-129,2,33357.8,15.263,91.64521825,290.20985780000007,0.00075
baseline:long-btc,resolution-fd8c7207ff46bc94-up-1652161620000000000,1652161800000000000,O-20220510-055000-09-000-131,2,31879.100000000002,11.0,63.120618,199.881957,0.00075
baseline:long-btc,resolution-fd8c7207ff46bc94-up-1652161620000000000,1652163060000000000,O-20220510-055000-09-000-132,1,31985.6,11.0,63.331488,200.54971199999997,0.00075
baseline:long-btc,resolution-24a65b4fd32a21b1-up-1652224500000000000,1652224680000000000,O-20220510-231800-09-000-134,2,31095.2,8.034,44.96739062,142.39673698000001,0.00075
baseline:long-btc,resolution-24a65b4fd32a21b1-up-1652224500000000000,1652226900000000000,O-20220510-235500-09-000-137,1,31011.100000000002,8.034,44.84577193,142.01161112000005,0.00075
baseline:long-btc,resolution-3f6f2ce2c7be0db7-up-1652238120000000000,1652238540000000000,O-20220511-030900-09-000-138,2,31513.500000000004,7.353,41.70937779,132.079696335,0.00075
baseline:long-btc,resolution-3f6f2ce2c7be0db7-up-1652238120000000000,1652244480000000000,O-20220511-030900-09-000-140,1,31076.6,7.353,45.70124796,125.67843188999997,0.00075
baseline:long-btc,resolution-08811febec8acaa3-down-1652288040000000000,1652288340000000000,O-20220511-165900-09-000-141,1,30367.8,7.716,42.17723006,133.56122854,0.00075
baseline:long-btc,resolution-08811febec8acaa3-down-1652288040000000000,1652288760000000000,O-20220511-165900-09-000-142,2,30187.4,7.716,41.92667611,132.76780769,0.00075
baseline:long-btc,resolution-3dcea04c417b3ffb-down-1652288760000000000,1652288880000000000,O-20220511-170800-09-000-144,1,30215.2,7.105,38.64221928,122.36702772,0.00075
baseline:long-btc,resolution-3dcea04c417b3ffb-down-1652288760000000000,1652290020000000000,O-20220511-170800-09-000-145,2,30022.499999999996,7.105,38.39577525,121.58662162499999,0.00075
baseline:long-btc,resolution-81bd5fd0f29dcdae-down-1652298480000000000,1652298720000000000,O-20220511-195200-09-000-147,1,29422.6,5.035,26.66570238,84.44139086999999,0.00075
baseline:long-btc,resolution-81bd5fd0f29dcdae-down-1652298480000000000,1652299860000000000,O-20220511-195200-09-000-148,2,29140.9,5.035,26.41039767,83.632925955,0.00075
baseline:long-btc,resolution-77faeb9cad9060a7-up-1652309700000000000,1652309880000000000,O-20220511-225800-09-000-150,2,28857.4,8.863,46.03736452,145.78498763000002,0.00075
baseline:long-btc,resolution-77faeb9cad9060a7-up-1652309700000000000,1652310300000000000,O-20220511-225800-09-000-151,1,28993.4,8.863,46.25433076,146.47204739,0.00075
baseline:long-btc,resolution-ad43f07a42ff22c5-down-1652329380000000000,1652329800000000000,O-20220512-043000-09-000-153,1,27852.7,1.694,8.49284528,26.89401007,0.00075
baseline:long-btc,resolution-ad43f07a42ff22c5-down-1652329380000000000,1652332440000000000,O-20220512-043000-09-000-154,2,26983.5,1.694,8.22780882,26.05472793,0.00075
baseline:long-btc,resolution-fb2ad7d57b456c47-down-1652362740000000000,1652362980000000000,O-20220512-134300-09-000-156,1,28045.1,6.835,34.50388653,109.262307345,0.00075
baseline:long-btc,resolution-fb2ad7d57b456c47-down-1652362740000000000,1652363280000000000,O-20220512-134300-09-000-158,2,28393.5,6.835,38.8139145,106.73826487500001,0.00075
baseline:long-btc,resolution-558d8e2360b169ef-up-1652374560000000000,1652375040000000000,O-20220512-170400-09-000-159,2,29636.499999999996,5.727,30.55108239,96.74509423499998,0.00075
baseline:long-btc,resolution-558d8e2360b169ef-up-1652374560000000000,1652377800000000000,O-20220512-170400-09-000-161,1,28791.5,5.727,32.9777841,90.68890627500001,0.00075
baseline:long-btc,resolution-84d0027dfaa8eae3-up-1652564820000000000,1652565540000000000,O-20220514-215900-09-000-162,2,29693.699999999997,7.614,40.69580972,128.87006412999997,0.00075
baseline:long-btc,resolution-84d0027dfaa8eae3-up-1652564820000000000,1652568660000000000,O-20220514-215900-09-000-163,1,29871.900000000005,7.614,40.94003639,129.64344856000002,0.00075
baseline:long-btc,resolution-7b0b02ea15015e00-down-1652682420000000000,1652682540000000000,O-20220516-062900-09-000-165,1,29483.7,9.328,49.50431165,156.76365355000002,0.00075
baseline:long-btc,resolution-7b0b02ea15015e00-down-1652682420000000000,1652685660000000000,O-20220516-062900-09-000-166,2,29351.4,9.328,49.28217466,156.06021974,0.00075
baseline:long-btc,resolution-ae6133ddfaac4de1-down-1652796720000000000,1652796900000000000,O-20220517-141500-09-000-168,1,30365.4,15.141,82.75725385,262.06463720000005,0.00075
baseline:long-btc,resolution-ae6133ddfaac4de1-down-1652796720000000000,1652797860000000000,O-20220517-141500-09-000-169,2,30305.500000000004,15.141,82.59400359,261.547678035,0.00075
baseline:long-btc,resolution-9fd96d53702e32dd-up-1652901300000000000,1652901600000000000,O-20220518-192000-09-000-171,2,29256.3,13.327,70.18176782,222.24226475499995,0.00075
baseline:long-btc,resolution-9fd96d53702e32dd-up-1652901300000000000,1652902680000000000,O-20220518-192000-09-000-172,1,29328.6,13.327,70.3552054,222.79148375,0.00075
baseline:long-btc,resolution-4bd82d34a0bc89b4-down-1652917200000000000,1652917440000000000,O-20220518-234400-09-000-174,1,28772.7,10.464,54.1939559,171.61419370000004,0.00075
baseline:long-btc,resolution-4bd82d34a0bc89b4-down-1652917200000000000,1652918100000000000,O-20220518-235500-09-000-177,2,28726.5,10.464,54.10693728,171.33863472000002,0.00075
baseline:long-btc,resolution-4e2f634252949611-down-1653062580000000000,1653062760000000000,O-20220520-160600-09-000-178,1,29063.1,14.472,75.70821298,239.74267442,0.00075
baseline:long-btc,resolution-4e2f634252949611-down-1653062580000000000,1653062940000000000,O-20220520-160600-09-000-179,2,29004.8,14.472,75.55634381,239.26175539,0.00075
baseline:long-btc,resolution-ad3a53fdd1e5cd3d-up-1653288120000000000,1653288660000000000,O-20220523-065100-09-000-181,2,30495.2,6.685,36.69487416,116.20043483999999,0.00075
baseline:long-btc,resolution-ad3a53fdd1e5cd3d-up-1653288120000000000,1653299460000000000,O-20220523-095100-09-000-184,1,30426.300000000003,6.685,36.61196679,115.937894835,0.00075
baseline:long-btc,resolution-7342fe9941987043-down-1653664080000000000,1653664260000000000,O-20220527-151100-09-000-185,1,28762.7,8.235,42.63495021,135.01067566499998,0.00075
baseline:long-btc,resolution-7342fe9941987043-down-1653664080000000000,1653671880000000000,O-20220527-151100-09-000-186,2,28631.5,8.235,42.44047245,134.39482942499998,0.00075
baseline:long-btc,resolution-1ca60ad9744920d6-down-1653916740000000000,1653917040000000000,O-20220530-132400-09-000-188,1,30361.6,8.879,48.52451635,153.66096844999998,0.00075
baseline:long-btc,resolution-1ca60ad9744920d6-down-1653916740000000000,1653919620000000000,O-20220530-132400-09-000-190,2,30657.900000000005,8.879,54.44229882,149.71632175500002,0.00075
baseline:long-btc,resolution-858d8d49b0727e1e-down-1654017420000000000,1654017600000000000,O-20220531-172000-09-000-191,1,31974.700000000004,12.563,72.3056681,228.96794897500007,0.00075
baseline:long-btc,resolution-858d8d49b0727e1e-down-1654017420000000000,1654017840000000000,O-20220531-172000-09-000-192,2,31906.499999999996,12.563,72.15144471,228.47957491499997,0.00075
baseline:long-btc,resolution-0e40f3c65c7a857c-up-1654024560000000000,1654024800000000000,O-20220531-192000-09-000-194,2,31718.6,12.587,71.86356328,227.56795037000003,0.00075
baseline:long-btc,resolution-0e40f3c65c7a857c-up-1654024560000000000,1654030740000000000,O-20220531-192000-09-000-195,1,31783.4,12.587,72.01037804,228.03286381,0.00075
baseline:long-btc,resolution-23e2e17289738560-up-1654183440000000000,1654183680000000000,O-20220602-152800-09-000-197,2,30250.099999999995,7.771,42.31323488,133.99191044499997,0.00075
baseline:long-btc,resolution-23e2e17289738560-up-1654183440000000000,1654186680000000000,O-20220602-152800-09-000-198,1,30381.2,7.771,42.49661494,134.57261396,0.00075
baseline:long-btc,resolution-955050f809e0e47d-down-1654672080000000000,1654672200000000000,O-20220608-071000-09-000-200,1,30389.2,10.114,55.32414638,175.19313022000006,0.00075
baseline:long-btc,resolution-955050f809e0e47d-down-1654672080000000000,1654673040000000000,O-20220608-071000-09-000-201,2,30303.100000000002,10.114,55.16739961,174.69676544,0.00075
baseline:long-btc,resolution-8407c068efecb80a-down-1655166360000000000,1655166720000000000,O-20220614-003200-09-000-203,1,22329.6,9.83,39.50999424,125.11498175999999,0.00075
baseline:long-btc,resolution-8407c068efecb80a-down-1655166360000000000,1655167260000000000,O-20220614-003200-09-000-204,2,22231.7,9.83,39.33676998,124.56643826999999,0.00075
baseline:long-btc,resolution-4d4a6277ac4eccfd-up-1655215200000000000,1655215440000000000,O-20220614-140400-09-000-206,2,22378.6,9.116,36.72059717,116.28189102999998,0.00075
baseline:long-btc,resolution-4d4a6277ac4eccfd-up-1655215200000000000,1655216460000000000,O-20220614-140400-09-000-208,1,22063.0,9.116,40.2252616,110.61946939999999,0.00075
baseline:long-btc,resolution-b9b75b835863c9ca-up-1655342040000000000,1655342400000000000,O-20220616-012000-09-000-209,2,22769.3,4.88,20.00055312,63.33508488,0.00075
baseline:long-btc,resolution-b9b75b835863c9ca-up-1655342040000000000,1655353200000000000,O-20220616-042000-09-000-212,1,22304.0,4.88,19.5918336,62.0408064,0.00075
baseline:long-btc,resolution-46e3cdc7c0583bc0-up-1655547960000000000,1655549100000000000,O-20220618-104500-09-000-213,2,19366.3,7.027,24.49565822,77.56958435499999,0.00075
baseline:long-btc,resolution-46e3cdc7c0583bc0-up-1655547960000000000,1655559900000000000,O-20220618-134500-09-000-216,1,19110.0,7.027,24.1714746,76.54300289999999,0.00075
baseline:long-btc,resolution-7b1a51255be305f5-up-1655645400000000000,1655645520000000000,O-20220619-133200-09-000-217,2,19476.8,9.095,31.88546928,100.97065272,0.00075
baseline:long-btc,resolution-7b1a51255be305f5-up-1655645400000000000,1655652840000000000,O-20220619-133200-09-000-218,1,19605.9,9.095,32.09681889,101.63992648500002,0.00075
baseline:long-btc,resolution-a2ccbcfce81b11ea-up-1655665800000000000,1655666220000000000,O-20220619-191700-09-000-220,2,19926.8,8.973,32.18457175,101.91781055,0.00075
baseline:long-btc,resolution-a2ccbcfce81b11ea-up-1655665800000000000,1655666880000000000,O-20220619-191700-09-000-221,1,20052.5,8.973,32.38759485,102.560717025,0.00075
baseline:long-btc,resolution-a6c8d4f3af9e43e0-up-1655677620000000000,1655677740000000000,O-20220619-222900-09-000-223,2,20698.1,8.341,31.07571338,98.40642569499998,0.00075
baseline:long-btc,resolution-a6c8d4f3af9e43e0-up-1655677620000000000,1655682900000000000,O-20220619-235500-09-000-226,1,20546.9,8.341,30.84870472,97.687564955,0.00075
baseline:long-btc,resolution-bb792cba7569e0d3-up-1655690460000000000,1655690580000000000,O-20220620-020300-09-000-227,2,19860.5,11.196,40.02446844,126.74415006,0.00075
baseline:long-btc,resolution-bb792cba7569e0d3-up-1655690460000000000,1655690820000000000,O-20220620-020300-09-000-228,1,19954.4,11.196,40.21370323,127.34339357000002,0.00075
baseline:long-btc,resolution-646b8f237063509e-down-1655709420000000000,1655709540000000000,O-20220620-071900-09-000-230,1,19958.9,17.881,64.23931636,203.42450181499999,0.00075
baseline:long-btc,resolution-646b8f237063509e-down-1655709420000000000,1655709840000000000,O-20220620-071900-09-000-231,2,19913.6,17.881,64.09351469,202.96279650999998,0.00075
baseline:long-btc,resolution-91605cd7819682ec-down-1655728140000000000,1655728260000000000,O-20220620-123100-09-000-233,1,20525.1,14.251,52.65057602,166.72682405499998,0.00075
baseline:long-btc,resolution-91605cd7819682ec-down-1655728140000000000,1655728440000000000,O-20220620-123100-09-000-234,2,20464.4,14.251,52.49486959,166.23375371,0.00075
baseline:long-btc,resolution-66ede4a4fa20b9de-up-1655758440000000000,1655758860000000000,O-20220620-210100-09-000-236,2,20433.3,9.149,33.64996711,106.55822916499999,0.00075
baseline:long-btc,resolution-66ede4a4fa20b9de-up-1655758440000000000,1655760060000000000,O-20220620-210100-09-000-237,1,20540.8,9.149,33.82700026,107.11883414,0.00075
baseline:long-btc,resolution-b8edd3f9eda6b26f-down-1655913900000000000,1655914140000000000,O-20220622-160900-09-000-239,1,19946.2,7.876,28.27732882,89.54487458000001,0.00075
baseline:long-btc,resolution-b8edd3f9eda6b26f-down-1655913900000000000,1655914860000000000,O-20220622-160900-09-000-241,2,20178.4,7.876,31.78501568,87.40879312000003,0.00075
baseline:long-btc,resolution-d31e4acac1d58c65-down-1656020400000000000,1656020760000000000,O-20220623-214600-09-000-242,1,20749.9,9.831,36.71860804,116.27559213500001,0.00075
baseline:long-btc,resolution-d31e4acac1d58c65-down-1656020400000000000,1656023400000000000,O-20220623-214600-09-000-244,2,20939.6,9.831,41.17144152,113.22146417999997,0.00075
baseline:long-btc,resolution-570fdc949cff353c-down-1656094020000000000,1656094140000000000,O-20220624-180900-09-000-245,1,20928.9,18.918,71.26792744,225.68177021,0.00075
baseline:long-btc,resolution-570fdc949cff353c-down-1656094020000000000,1656096420000000000,O-20220624-180900-09-000-247,2,21074.3,18.918,79.73672148,219.27598407,0.00075
baseline:long-btc,resolution-e40e4f15ab314cd4-down-1656445680000000000,1656445920000000000,O-20220628-195200-09-000-248,1,20259.8,16.476,60.08408366,190.26626493999999,0.00075
baseline:long-btc,resolution-e40e4f15ab314cd4-down-1656445680000000000,1656448440000000000,O-20220628-195200-09-000-249,2,20206.0,16.476,59.92453008,189.76101192,0.00075
baseline:long-btc,resolution-0d649eaeb96e6994-down-1656544080000000000,1656544260000000000,O-20220629-231100-09-000-251,1,20125.9,14.539,52.66988282,166.787962255,0.00075
baseline:long-btc,resolution-0d649eaeb96e6994-down-1656544080000000000,1656545220000000000,O-20220629-231100-09-000-252,2,20063.6,14.539,52.50684247,166.27166782999998,0.00075
baseline:long-btc,resolution-1e7eb6a498ebb27c-down-1656775860000000000,1656776100000000000,O-20220702-153500-09-000-254,1,19192.2,19.845,68.55645762,217.09544912999996,0.00075
baseline:long-btc,resolution-1e7eb6a498ebb27c-down-1656775860000000000,1656779400000000000,O-20220702-153500-09-000-256,2,19319.7,19.845,76.6798893,210.86969557500004,0.00075
baseline:long-btc,resolution-fe31f7e637fd4727-down-1657269660000000000,1657269900000000000,O-20220708-084500-09-000-257,1,21656.4,10.339,40.30299353,127.62614617000001,0.00075
baseline:long-btc,resolution-fe31f7e637fd4727-down-1657269660000000000,1657270380000000000,O-20220708-084500-09-000-258,2,21557.0,10.339,40.11800814,127.04035911,0.00075
baseline:long-btc,resolution-5da29a30ed062906-up-1657472160000000000,1657472580000000000,O-20220710-170300-09-000-260,2,20903.0,17.635,66.3523929,210.11591085,0.00075
baseline:long-btc,resolution-5da29a30ed062906-up-1657472160000000000,1657478160000000000,O-20220710-170300-09-000-262,1,20758.1,17.635,73.2138187,201.33800142500002,0.00075
baseline:long-btc,resolution-65c472f9a1502896-up-1657636380000000000,1657636560000000000,O-20220712-143600-09-000-263,2,19836.0,20.397,72.82708056,230.61908843999998,0.00075
baseline:long-btc,resolution-65c472f9a1502896-up-1657636380000000000,1657637160000000000,O-20220712-143600-09-000-264,1,19874.0,20.397,72.96659604,231.06088745999995,0.00075
baseline:long-btc,resolution-0cc5fe9a0546617f-down-1657744020000000000,1657744260000000000,O-20220713-203100-09-000-266,1,19642.1,13.549,47.90354632,151.69456335499999,0.00075
baseline:long-btc,resolution-0cc5fe9a0546617f-down-1657744020000000000,1657748640000000000,O-20220713-203100-09-000-268,2,19855.8,13.549,53.80524684,147.96442881000002,0.00075
baseline:long-btc,resolution-94e735342c751129-down-1658100960000000000,1658101620000000000,O-20220717-234700-09-000-269,1,20833.1,11.273,42.27327653,133.86537569499998,0.00075
baseline:long-btc,resolution-94e735342c751129-down-1658100960000000000,1658102100000000000,O-20220717-235500-09-000-272,2,20760.5,11.273,42.12596097,133.398876405,0.00075
baseline:long-btc,resolution-b21dffddf4e68050-down-1658164680000000000,1658165220000000000,O-20220718-172700-09-000-273,1,22115.2,9.682,38.54148595,122.04803885000001,0.00075
baseline:long-btc,resolution-b21dffddf4e68050-down-1658164680000000000,1658165940000000000,O-20220718-172700-09-000-274,2,22005.8,9.682,38.35082801,121.44428869,0.00075
baseline:long-btc,resolution-5218c0cde3ca366e-up-1658243580000000000,1658243700000000000,O-20220719-151500-09-000-276,2,22747.4,8.492,34.77076574,110.10742486000001,0.00075
baseline:long-btc,resolution-5218c0cde3ca366e-up-1658243580000000000,1658244420000000000,O-20220719-151500-09-000-277,1,22870.8,8.492,34.95939005,110.70473515,0.00075
baseline:long-btc,resolution-f70ae944c94baf72-up-1658284500000000000,1658284920000000000,O-20220720-024200-09-000-279,2,23420.6,11.953,50.39035772,159.56946613,0.00075
baseline:long-btc,resolution-f70ae944c94baf72-up-1658284500000000000,1658287860000000000,O-20220720-024200-09-000-280,1,23494.0,11.953,50.54828076,160.06955574,0.00075
baseline:long-btc,resolution-095d71583d878de3-up-1658433780000000000,1658434080000000000,O-20220721-200800-09-000-282,2,23180.1,8.116,33.86334449,107.23392421,0.00075
baseline:long-btc,resolution-095d71583d878de3-up-1658433780000000000,1658444880000000000,O-20220721-230800-09-000-285,1,23044.6,8.116,33.66539525,106.60708494999997,0.00075
baseline:long-btc,resolution-10b75848268fa0dc-up-1658617500000000000,1658617800000000000,O-20220723-231000-09-000-286,2,22490.2,17.044,68.99813438,218.49409222000003,0.00075
baseline:long-btc,resolution-10b75848268fa0dc-up-1658617500000000000,1658619240000000000,O-20220723-231000-09-000-287,1,22531.8,17.044,69.12575986,218.89823954000005,0.00075
baseline:long-btc,resolution-5262a7ca6121435e-down-1658993460000000000,1658994060000000000,O-20220728-074100-09-000-289,1,22957.2,10.906,45.06682018,142.71159722000002,0.00075
baseline:long-btc,resolution-5262a7ca6121435e-down-1658993460000000000,1658995860000000000,O-20220728-074100-09-000-290,2,22877.4,10.906,44.91016639,142.21552691000002,0.00075
baseline:long-btc,resolution-4ccfa6735e344dc9-up-1659076620000000000,1659077160000000000,O-20220729-064600-09-000-292,2,24185.4,3.368,14.6621569,46.43016350000001,0.00075
baseline:long-btc,resolution-4ccfa6735e344dc9-up-1659076620000000000,1659087960000000000,O-20220729-094600-09-000-295,1,24016.2,3.368,14.55958109,46.10534011000001,0.00075
baseline:long-btc,resolution-90df878afdcaa83f-down-1659487620000000000,1659487740000000000,O-20220803-004900-09-000-296,1,22797.9,15.216,62.44071235,197.72892244999997,0.00075
baseline:long-btc,resolution-90df878afdcaa83f-down-1659487620000000000,1659488100000000000,O-20220803-004900-09-000-297,2,22751.8,15.216,62.31444998,197.32909161999999,0.00075
baseline:long-btc,resolution-9212c90d259e231a-down-1659638760000000000,1659638880000000000,O-20220804-184800-09-000-299,1,22519.6,14.742,59.75710978,189.23084762,0.00075
baseline:long-btc,resolution-9212c90d259e231a-down-1659638760000000000,1659641880000000000,O-20220804-184800-09-000-300,2,22473.0,14.742,59.63345388,188.83927062,0.00075
baseline:long-btc,resolution-6bd6ec8d9054bec0-down-1659975540000000000,1659975720000000000,O-20220808-162200-09-000-302,1,23888.3,14.852,63.86202569,202.22974801,0.00075
baseline:long-btc,resolution-6bd6ec8d9054bec0-down-1659975540000000000,1659986220000000000,O-20220808-162200-09-000-303,2,23846.7,14.852,63.75081391,201.87757739000006,0.00075
baseline:long-btc,resolution-d1d192299561bdf1-up-1660133280000000000,1660133940000000000,O-20220810-121900-09-000-305,2,23131.0,12.388,51.57842904,163.33169195999997,0.00075
baseline:long-btc,resolution-d1d192299561bdf1-up-1660133280000000000,1660134660000000000,O-20220810-121900-09-000-306,1,23186.3,12.388,51.70173919,163.72217411,0.00075
baseline:long-btc,resolution-a3f911257ecc4b10-down-1660263180000000000,1660264140000000000,O-20220812-002900-09-000-308,1,23867.5,6.902,29.6520273,93.89808645000001,0.00075
baseline:long-btc,resolution-a3f911257ecc4b10-down-1660263180000000000,1660274940000000000,O-20220812-032900-09-000-311,2,23961.4,6.902,29.7686849,94.26750220000001,0.00075
baseline:long-btc,resolution-eadedcdc32184d79-up-1660461900000000000,1660462080000000000,O-20220814-072800-09-000-312,2,24863.3,8.486,37.97819348,120.26427937,0.00075
baseline:long-btc,resolution-eadedcdc32184d79-up-1660461900000000000,1660462440000000000,O-20220814-072800-09-000-313,1,24954.8,8.486,38.1179579,120.7068667,0.00075
baseline:long-btc,resolution-134fd2e209b810a4-down-1660496460000000000,1660496880000000000,O-20220814-170800-09-000-315,1,24273.0,8.577,37.47411378,118.66802697,0.00075
baseline:long-btc,resolution-134fd2e209b810a4-down-1660496460000000000,1660497000000000000,O-20220814-170800-09-000-316,2,24185.7,8.577,37.3393348,118.24122687500001,0.00075
baseline:long-btc,resolution-1b2b331c3e0d9afc-down-1661576880000000000,1661577000000000000,O-20220827-051000-09-000-318,1,20103.2,8.641,31.26811522,99.01569818,0.00075
baseline:long-btc,resolution-1b2b331c3e0d9afc-down-1661576880000000000,1661577240000000000,O-20220827-051000-09-000-319,2,20014.2,8.641,31.1296864,98.57734024999999,0.00075
baseline:long-btc,resolution-c10eaec0a3d5302d-up-1661804340000000000,1661805060000000000,O-20220829-203100-09-000-321,2,20129.8,16.081,58.26731648,184.51316887000002,0.00075
baseline:long-btc,resolution-c10eaec0a3d5302d-up-1661804340000000000,1661805360000000000,O-20220829-203100-09-000-322,1,20161.6,16.081,58.35936413,184.80465306999997,0.00075
baseline:long-btc,resolution-2d5453c9e8737ce8-up-1662966840000000000,1662967200000000000,O-20220912-072000-09-000-324,2,21859.7,6.097,23.99014636,75.968796815,0.00075
baseline:long-btc,resolution-2d5453c9e8737ce8-up-1662966840000000000,1662967500000000000,O-20220912-072000-09-000-325,1,21985.6,6.097,24.12831658,76.40633581999998,0.00075
baseline:long-btc,resolution-02602cd9750c1199-up-1663068060000000000,1663068240000000000,O-20220913-112400-09-000-327,2,22648.1,9.864,40.21215451,127.33848929000001,0.00075
baseline:long-btc,resolution-02602cd9750c1199-up-1663068060000000000,1663068840000000000,O-20220913-112400-09-000-329,1,22448.0,9.864,44.2854144,121.78488960000001,0.00075
baseline:long-btc,resolution-fc849db7569a80d5-up-1663180380000000000,1663180680000000000,O-20220914-183800-09-000-330,2,19942.5,11.213,40.25074545,127.46069392499997,0.00075
baseline:long-btc,resolution-fc849db7569a80d5-up-1663180380000000000,1663181700000000000,O-20220914-183800-09-000-332,1,19782.0,11.213,44.3631132,121.9985613,0.00075
baseline:long-btc,resolution-0b56d55a7d43ebb0-down-1663255020000000000,1663255140000000000,O-20220915-151900-09-000-333,1,19640.7,4.613,16.30845884,51.64345298500002,0.00075
baseline:long-btc,resolution-0b56d55a7d43ebb0-down-1663255020000000000,1663265940000000000,O-20220915-181900-09-000-336,2,19824.0,4.613,16.46066016,52.12542384,0.00075
baseline:long-btc,resolution-4dfb32639e3c7c51-up-1663757460000000000,1663757880000000000,O-20220921-105800-09-000-337,2,19100.0,13.344,45.876672,145.276128,0.00075
baseline:long-btc,resolution-4dfb32639e3c7c51-up-1663757460000000000,1663760340000000000,O-20220921-105800-09-000-338,1,19150.3,13.344,45.99748858,145.65871381999997,0.00075
baseline:long-btc,resolution-94e85103f83a6383-up-1663819680000000000,1663819860000000000,O-20220922-041100-09-000-340,2,18758.0,14.955,50.4946602,159.8997573,0.00075
baseline:long-btc,resolution-94e85103f83a6383-up-1663819680000000000,1663824600000000000,O-20220922-041100-09-000-342,1,18617.3,14.955,55.6843443,153.131946825,0.00075
baseline:long-btc,resolution-a5563c4ac5e24666-down-1664004000000000000,1664004600000000000,O-20220924-073000-09-000-343,1,18994.2,14.243,48.69619031,154.20460264000002,0.00075
baseline:long-btc,resolution-a5563c4ac5e24666-down-1664004000000000000,1664006700000000000,O-20220924-073000-09-000-344,2,18947.4,14.243,48.57620728,153.82465637000004,0.00075
baseline:long-btc,resolution-bf4cde15285dc851-up-1664378520000000000,1664378640000000000,O-20220928-152400-09-000-346,2,19458.7,14.669,51.37914065,162.700612075,0.00075
baseline:long-btc,resolution-bf4cde15285dc851-up-1664378520000000000,1664380860000000000,O-20220928-152400-09-000-347,1,19500.4,14.669,51.48924617,163.04927953000004,0.00075
baseline:long-btc,resolution-111d057a2c7660e5-up-1664495700000000000,1664496000000000000,O-20220930-000000-09-000-349,2,19582.5,14.526,51.2019711,162.13957515,0.00075
baseline:long-btc,resolution-111d057a2c7660e5-up-1664495700000000000,1664497980000000000,O-20220930-000000-09-000-350,1,19622.6,14.526,51.30681977,162.47159593,0.00075
baseline:long-btc,resolution-39d9e016b7fae357-up-1664497980000000000,1664498100000000000,O-20220930-003500-09-000-352,2,19620.0,9.523,33.6314268,106.49951819999998,0.00075
baseline:long-btc,resolution-39d9e016b7fae357-up-1664497980000000000,1664498220000000000,O-20220930-003500-09-000-353,1,19693.3,9.523,33.75707326,106.897398665,0.00075
baseline:long-btc,resolution-49aec2d06afc0227-up-1664499420000000000,1664499780000000000,O-20220930-010300-09-000-355,2,19523.2,13.868,48.73459277,154.32621043,0.00075
baseline:long-btc,resolution-49aec2d06afc0227-up-1664499420000000000,1664504160000000000,O-20220930-010300-09-000-357,1,19388.9,13.868,53.77705304,147.88689586,0.00075
baseline:long-btc,resolution-02940a8176e850ba-down-1665124140000000000,1665124380000000000,O-20221007-063300-09-000-358,1,19845.9,12.726,45.46060621,143.95858634000004,0.00075
baseline:long-btc,resolution-02940a8176e850ba-down-1665124140000000000,1665135180000000000,O-20221007-093300-09-000-361,2,19985.5,12.726,45.78038514,144.97121961000002,0.00075
baseline:long-btc,resolution-49228e3afb6d3d0e-up-1665274200000000000,1665274800000000000,O-20221009-002000-09-000-362,2,19414.6,17.342,60.60383878,191.91215611999996,0.00075
baseline:long-btc,resolution-49228e3afb6d3d0e-up-1665274200000000000,1665285600000000000,O-20221009-032000-09-000-365,1,19369.2,17.342,60.46211995,191.46337985000002,0.00075
baseline:long-btc,resolution-c05e4e2b7c92f7fa-down-1665447180000000000,1665448140000000000,O-20221011-002900-09-000-366,1,19032.0,8.14,27.8856864,88.3046736,0.00075
baseline:long-btc,resolution-c05e4e2b7c92f7fa-down-1665447180000000000,1665458940000000000,O-20221011-032900-09-000-369,2,19053.6,8.14,27.91733472,88.40489328,0.00075
baseline:long-btc,resolution-0dfeefae41839ecb-up-1665675060000000000,1665675300000000000,O-20221013-153500-09-000-370,2,18783.3,12.753,43.11781648,136.53975219499998,0.00075
baseline:long-btc,resolution-0dfeefae41839ecb-up-1665675060000000000,1665675360000000000,O-20221013-153500-09-000-371,1,18836.8,12.753,43.24062787,136.92865493,0.00075
baseline:long-btc,resolution-8c71195582b9411e-up-1665758220000000000,1665758520000000000,O-20221014-144200-09-000-373,2,19483.3,12.58,44.11798452,139.70695098,0.00075
baseline:long-btc,resolution-8c71195582b9411e-up-1665758220000000000,1665769320000000000,O-20221014-174200-09-000-376,1,19346.1,12.58,43.80730884,138.72314466,0.00075
baseline:long-btc,resolution-145ae751ca05ea42-down-1665824100000000000,1665824580000000000,O-20221015-090300-09-000-377,1,19066.1,15.171,52.06532456,164.87352776499998,0.00075
baseline:long-btc,resolution-145ae751ca05ea42-down-1665824100000000000,1665835380000000000,O-20221015-120300-09-000-380,2,19150.4,15.171,52.29552931,165.60250949000002,0.00075
baseline:long-btc,resolution-e018cff965168609-up-1666001280000000000,1666001460000000000,O-20221017-101100-09-000-381,2,19352.0,15.637,54.46930032,172.48611767999998,0.00075
baseline:long-btc,resolution-e018cff965168609-up-1666001280000000000,1666002240000000000,O-20221017-101100-09-000-382,1,19391.8,15.637,54.58132379,172.84085865999998,0.00075
baseline:long-btc,resolution-94f8aa3b9e460477-up-1667566920000000000,1667567100000000000,O-20221104-130500-09-000-384,2,20760.0,13.948,52.1208864,165.04947359999997,0.00075
baseline:long-btc,resolution-94f8aa3b9e460477-up-1667566920000000000,1667567820000000000,O-20221104-130500-09-000-385,1,20803.7,13.948,52.23060137,165.39690433,0.00075
baseline:long-btc,resolution-ce9133612d7e5e90-down-1667877540000000000,1667877840000000000,O-20221108-032400-09-000-387,1,20392.6,6.237,22.89395632,72.49752833,0.00075
baseline:long-btc,resolution-ce9133612d7e5e90-down-1667877540000000000,1667879220000000000,O-20221108-032400-09-000-388,2,20260.7,6.237,22.74587746,72.028611965,0.00075
baseline:long-btc,resolution-5e43c1b12e5d37c9-up-1667888280000000000,1667888520000000000,O-20221108-062200-09-000-390,2,19710.1,13.573,48.15453371,152.489356765,0.00075
baseline:long-btc,resolution-5e43c1b12e5d37c9-up-1667888280000000000,1667889180000000000,O-20221108-062200-09-000-391,1,19752.9,13.573,48.25910011,152.820483665,0.00075
baseline:long-btc,resolution-7724d4c47f695b99-down-1667930100000000000,1667930460000000000,O-20221108-180100-09-000-393,1,19509.5,3.989,14.00821119,44.359335435,0.00075
baseline:long-btc,resolution-7724d4c47f695b99-down-1667930100000000000,1667930700000000000,O-20221108-180100-09-000-394,2,19299.7,3.989,13.85757059,43.88230688499999,0.00075
baseline:long-btc,resolution-fddc7971186b4942-down-1668027840000000000,1668028020000000000,O-20221109-210700-09-000-396,1,16111.6,4.982,14.44823842,45.752754980000006,0.00075
baseline:long-btc,resolution-fddc7971186b4942-down-1668027840000000000,1668029280000000000,O-20221109-210700-09-000-397,2,15950.1,4.982,14.30341168,45.29413697000001,0.00075
baseline:long-btc,resolution-e3e86f70a2c458f1-up-1668085380000000000,1668085560000000000,O-20221110-130600-09-000-399,2,16715.0,10.5,31.59135,100.03927499999999,0.00075
baseline:long-btc,resolution-e3e86f70a2c458f1-up-1668085380000000000,1668087060000000000,O-20221110-130600-09-000-400,1,16775.3,10.5,31.705317,100.40017049999999,0.00075
baseline:long-btc,resolution-87fc775597c2f879-down-1668322920000000000,1668323100000000000,O-20221113-070500-09-000-402,1,16642.9,7.157,21.44038235,67.89454412500001,0.00075
baseline:long-btc,resolution-87fc775597c2f879-down-1668322920000000000,1668330420000000000,O-20221113-070500-09-000-403,2,16546.2,7.157,21.31580761,67.50005744,0.00075
baseline:long-btc,resolution-e1e6b72e7b88b71a-down-1668442620000000000,1668443040000000000,O-20221114-162400-09-000-405,1,16434.4,7.429,21.97640837,69.59195983000001,0.00075
baseline:long-btc,resolution-e1e6b72e7b88b71a-down-1668442620000000000,1668447240000000000,O-20221114-162400-09-000-407,2,16601.4,7.429,24.66636012,67.83249033000001,0.00075
baseline:long-btc,resolution-491c1759e3a2527d-down-1668456360000000000,1668457140000000000,O-20221114-201900-09-000-408,1,16279.8,6.899,20.21658124,64.01917390999999,0.00075
baseline:long-btc,resolution-491c1759e3a2527d-down-1668456360000000000,1668467220000000000,O-20221114-201900-09-000-410,2,16509.3,6.899,22.77953214,62.643713385,0.00075
baseline:long-btc,resolution-30d449e89779c5bd-down-1668997860000000000,1668997980000000000,O-20221121-023300-09-000-411,1,15971.2,13.126,37.73483482,119.49364358000001,0.00075
baseline:long-btc,resolution-30d449e89779c5bd-down-1668997860000000000,1669001160000000000,O-20221121-023300-09-000-412,2,15925.2,13.126,37.62615154,119.14947986,0.00075
baseline:long-btc,resolution-f39c4b7c23411a00-up-1669174080000000000,1669174260000000000,O-20221123-033100-09-000-414,2,16535.4,11.854,35.28191369,111.72606000999998,0.00075
baseline:long-btc,resolution-f39c4b7c23411a00-up-1669174080000000000,1669185060000000000,O-20221123-063100-09-000-417,1,16483.4,11.854,35.17096025,111.37470744999999,0.00075
baseline:long-btc,resolution-124b9e2f0b80c0e4-down-1671117900000000000,1671118560000000000,O-20221215-153600-09-000-418,1,17449.9,12.971,40.74167752,129.01531215500003,0.00075
baseline:long-btc,resolution-124b9e2f0b80c0e4-down-1671117900000000000,1671119280000000000,O-20221215-153600-09-000-419,2,17406.6,12.971,40.64058155,128.69517489999998,0.00075
baseline:long-btc,resolution-f65ac53e81c520a0-up-1673556900000000000,1673557020000000000,O-20230112-205700-09-000-421,2,18991.1,6.918,23.64847736,74.88684498999999,0.00075
baseline:long-btc,resolution-f65ac53e81c520a0-up-1673556900000000000,1673557260000000000,O-20230112-205700-09-000-422,1,19088.7,6.918,23.77001279,75.27170716000002,0.00075
baseline:long-btc,resolution-6633d513522a6255-up-1674430800000000000,1674430980000000000,O-20230122-234300-09-000-424,2,22724.4,10.356,42.36009955,134.14031525000001,0.00075
baseline:long-btc,resolution-6633d513522a6255-up-1674430800000000000,1674431700000000000,O-20230122-235500-09-000-427,1,22723.3,10.356,42.35804906,134.13382204,0.00075
baseline:long-btc,resolution-c74cb8a96050aca3-down-1674609960000000000,1674610800000000000,O-20230125-014000-09-000-428,1,22455.8,4.549,18.38725816,58.22631749000001,0.00075
baseline:long-btc,resolution-c74cb8a96050aca3-down-1674609960000000000,1674621600000000000,O-20230125-044000-09-000-431,2,22639.0,4.549,18.53726598,58.70134227,0.00075
baseline:long-btc,resolution-95cb0bf006c72087-down-1674719040000000000,1674719280000000000,O-20230126-074800-09-000-432,1,22994.4,10.762,44.5438319,141.05546770000004,0.00075
baseline:long-btc,resolution-95cb0bf006c72087-down-1674719040000000000,1674721800000000000,O-20230126-074800-09-000-433,2,22949.2,10.762,44.45627227,140.77819553000003,0.00075
baseline:long-btc,resolution-855f1be75b84ce37-down-1674859500000000000,1674859680000000000,O-20230127-224800-09-000-435,1,23017.4,8.908,36.90701986,116.87222953999999,0.00075
baseline:long-btc,resolution-855f1be75b84ce37-down-1674859500000000000,1674860160000000000,O-20230127-224800-09-000-436,2,22958.6,8.908,36.81273758,116.57366901999998,0.00075
baseline:long-btc,resolution-a16f10d3e2d56081-up-1675280880000000000,1675281000000000000,O-20230201-195000-09-000-438,2,23288.0,5.917,24.80311728,78.54320471999999,0.00075
baseline:long-btc,resolution-a16f10d3e2d56081-up-1675280880000000000,1675281180000000000,O-20230201-195000-09-000-439,1,23389.3,5.917,24.91100786,78.884858215,0.00075
baseline:long-btc,resolution-72863c9636f6f107-down-1675412460000000000,1675413060000000000,O-20230203-083100-09-000-441,1,23406.9,8.456,35.62717435,112.81938545000003,0.00075
baseline:long-btc,resolution-72863c9636f6f107-down-1675412460000000000,1675423860000000000,O-20230203-113100-09-000-444,2,23466.7,8.456,35.71819474,113.10761665999999,0.00075
baseline:long-btc,resolution-c7a88f3d9bcca920-down-1677147180000000000,1677147360000000000,O-20230223-101600-09-000-445,1,24250.2,9.302,40.60356487,128.57795543,0.00075
baseline:long-btc,resolution-c7a88f3d9bcca920-down-1677147180000000000,1677151020000000000,O-20230223-101600-09-000-446,2,24201.8,9.302,40.52252585,128.32133184999998,0.00075
baseline:long-btc,resolution-cb9520787cee2bb4-up-1677380280000000000,1677380520000000000,O-20230226-030200-09-000-448,2,23201.6,10.484,43.78420339,138.64997741,0.00075
baseline:long-btc,resolution-cb9520787cee2bb4-up-1677380280000000000,1677383100000000000,O-20230226-030200-09-000-449,1,23239.7,10.484,43.85610266,138.87765844000003,0.00075
baseline:long-btc,resolution-199bcf591211316f-up-1678463700000000000,1678464060000000000,O-20230310-160100-09-000-451,2,19981.9,9.34,33.59357028,106.37963921999999,0.00075
baseline:long-btc,resolution-199bcf591211316f-up-1678463700000000000,1678465320000000000,O-20230310-160100-09-000-452,1,20031.3,9.34,33.67662156,106.64263494,0.00075
baseline:long-btc,resolution-aeabd0ce141e64a2-down-1678749840000000000,1678750020000000000,O-20230313-232700-09-000-454,1,24010.2,8.436,36.4590085,115.4535269,0.00075
baseline:long-btc,resolution-aeabd0ce141e64a2-down-1678749840000000000,1678750380000000000,O-20230313-232700-09-000-455,2,23960.9,8.436,36.38414743,115.21646687,0.00075
baseline:long-btc,resolution-bc175a510e34258e-up-1678770660000000000,1678770960000000000,O-20230314-051600-09-000-457,2,24461.6,1.609,7.08456859,22.434467209999998,0.00075
baseline:long-btc,resolution-bc175a510e34258e-up-1678770660000000000,1678781760000000000,O-20230314-081600-09-000-460,1,24175.0,1.609,7.0015635,22.171617749999996,0.00075
baseline:long-btc,resolution-095634e945e77762-down-1678894020000000000,1678894200000000000,O-20230315-153000-09-000-461,1,24629.4,6.23,27.61940916,87.46146234,0.00075
baseline:long-btc,resolution-095634e945e77762-down-1678894020000000000,1678894500000000000,O-20230315-153000-09-000-462,2,24552.3,6.23,27.53294922,87.18767253,0.00075
baseline:long-btc,resolution-a90d61f1d9cb78d3-up-1678917900000000000,1678918080000000000,O-20230315-220800-09-000-464,2,24509.6,5.901,26.03360693,82.43975526999998,0.00075
baseline:long-btc,resolution-a90d61f1d9cb78d3-up-1678917900000000000,1678918440000000000,O-20230315-220800-09-000-465,1,24589.5,5.901,26.11847511,82.70850451499999,0.00075
baseline:long-btc,resolution-3c9b0cce22199ec4-up-1678977060000000000,1678977240000000000,O-20230316-143400-09-000-467,2,24841.7,6.733,30.1066499,95.337724675,0.00075
baseline:long-btc,resolution-3c9b0cce22199ec4-up-1678977060000000000,1678978020000000000,O-20230316-143400-09-000-468,1,24903.6,6.733,30.18166898,95.57528511999998,0.00075
baseline:long-btc,resolution-ff754a7fab9482cc-up-1679019600000000000,1679020440000000000,O-20230317-023400-09-000-470,2,25689.1,2.669,12.34155742,39.081598505,0.00075
baseline:long-btc,resolution-ff754a7fab9482cc-up-1679019600000000000,1679031240000000000,O-20230317-053400-09-000-473,1,25677.3,2.669,12.33588847,39.063646805,0.00075
baseline:long-btc,resolution-0fd8da482ccd2207-up-1679053380000000000,1679053680000000000,O-20230317-114800-09-000-474,2,26791.4,4.171,20.11444729,63.69574976,0.00075
baseline:long-btc,resolution-0fd8da482ccd2207-up-1679053380000000000,1679054100000000000,O-20230317-114800-09-000-475,1,26906.0,4.171,20.20048668,63.96820782,0.00075
baseline:long-btc,resolution-f9a945170f5bbd62-down-1679064660000000000,1679064900000000000,O-20230317-145500-09-000-477,1,26231.5,5.057,23.87748519,75.612036435,0.00075
baseline:long-btc,resolution-f9a945170f5bbd62-down-1679064660000000000,1679066280000000000,O-20230317-145500-09-000-479,2,26508.3,5.057,26.81049462,73.728860205,0.00075
baseline:long-btc,resolution-32d2b4ee1e1dc77e-down-1679591520000000000,1679591640000000000,O-20230323-171400-09-000-480,1,28338.9,5.109,26.06101922,82.526560855,0.00075
baseline:long-btc,resolution-32d2b4ee1e1dc77e-down-1679591520000000000,1679592360000000000,O-20230323-171400-09-000-481,2,28251.7,5.109,25.98082835,82.27262312500002,0.00075
baseline:long-btc,resolution-817767d41c7ef019-up-1679700180000000000,1679700420000000000,O-20230324-232700-09-000-483,2,27433.3,5.577,27.53919254,87.20744303500001,0.00075
baseline:long-btc,resolution-817767d41c7ef019-up-1679700180000000000,1679702100000000000,O-20230324-235500-09-000-486,1,27412.1,5.577,27.51791071,87.140050565,0.00075
baseline:long-btc,resolution-7888216f38bd5f18-down-1679765880000000000,1679766060000000000,O-20230325-174100-09-000-487,1,27468.2,7.506,37.11173566,117.52049624000001,0.00075
baseline:long-btc,resolution-7888216f38bd5f18-down-1679765880000000000,1679769240000000000,O-20230325-174100-09-000-488,2,27424.2,7.506,37.05228814,117.33224576000002,0.00075
baseline:long-btc,resolution-7e3721537cf2346c-up-1680065040000000000,1680065460000000000,O-20230329-045100-09-000-490,2,27496.1,5.143,25.45423961,80.60509211499999,0.00075
baseline:long-btc,resolution-7e3721537cf2346c-up-1680065040000000000,1680066360000000000,O-20230329-045100-09-000-491,1,27575.4,5.143,25.5276508,80.83756085000002,0.00075
baseline:long-btc,resolution-626e0bce0ccc5a92-down-1680248400000000000,1680249180000000000,O-20230331-075300-09-000-493,1,27700.1,2.425,12.09109365,38.288463224999994,0.00075
baseline:long-btc,resolution-626e0bce0ccc5a92-down-1680248400000000000,1680259980000000000,O-20230331-105300-09-000-496,2,27911.6,2.425,12.1834134,38.580809099999996,0.00075
baseline:long-btc,resolution-6b1769cfea6c71a1-down-1680441120000000000,1680441420000000000,O-20230402-131700-09-000-497,1,28187.7,5.183,26.29743284,83.27520398499999,0.00075
baseline:long-btc,resolution-6b1769cfea6c71a1-down-1680441120000000000,1680447840000000000,O-20230402-131700-09-000-498,2,28111.5,5.183,26.22634281,83.050085565,0.00075
baseline:long-btc,resolution-17369e7bb2ddaf61-up-1680655560000000000,1680655800000000000,O-20230405-005000-09-000-500,2,28417.2,4.55,23.2736868,73.7000082,0.00075
baseline:long-btc,resolution-17369e7bb2ddaf61-up-1680655560000000000,1680656160000000000,O-20230405-005000-09-000-501,1,28505.4,4.55,23.3459226,73.9287549,0.00075
baseline:long-btc,resolution-d3e397af09b76188-up-1681173660000000000,1681173900000000000,O-20230411-004500-09-000-503,2,29785.500000000004,1.375,7.37191125,23.344385625000005,0.00075
baseline:long-btc,resolution-d3e397af09b76188-up-1681173660000000000,1681177980000000000,O-20230411-004500-09-000-504,1,30160.700000000004,1.375,7.46477325,23.638448625000002,0.00075
baseline:long-btc,resolution-3e978ccabd43d233-down-1682326200000000000,1682326320000000000,O-20230424-085200-09-000-506,1,27294.1,4.651,22.85007464,72.35856968499999,0.00075
baseline:long-btc,resolution-3e978ccabd43d233-down-1682326200000000000,1682326560000000000,O-20230424-085200-09-000-507,2,27214.5,4.651,22.78343511,72.14754451499999,0.00075
baseline:long-btc,resolution-52a53b37eb0d24e1-up-1683252120000000000,1683252480000000000,O-20230505-020800-09-000-509,2,29361.9,2.277,12.03426833,38.108516395,0.00075
baseline:long-btc,resolution-52a53b37eb0d24e1-up-1683252120000000000,1683263280000000000,O-20230505-050800-09-000-512,1,29201.6,2.277,11.96856778,37.900464619999994,0.00075
baseline:long-btc,resolution-b6c6d8fa58b82730-up-1683297900000000000,1683298200000000000,O-20230505-145000-09-000-513,2,29333.1,3.569,18.8441701,59.673205325,0.00075
baseline:long-btc,resolution-b6c6d8fa58b82730-up-1683297900000000000,1683302580000000000,O-20230505-145000-09-000-514,1,29443.5,3.569,18.91509327,59.897795355,0.00075
baseline:long-btc,resolution-ab776652900071cf-down-1683383460000000000,1683383880000000000,O-20230506-143800-09-000-516,1,28645.4,4.059,20.92890215,66.27485680000001,0.00075
baseline:long-btc,resolution-ab776652900071cf-down-1683383460000000000,1683384120000000000,O-20230506-143800-09-000-517,2,28556.5,4.059,20.86395003,66.069175095,0.00075
baseline:long-btc,resolution-6af94bbaeeecd9f0-down-1685666340000000000,1685666520000000000,O-20230602-004200-09-000-519,1,26609.6,2.933,14.04827222,44.48619537999999,0.00075
baseline:long-btc,resolution-6af94bbaeeecd9f0-down-1685666340000000000,1685672580000000000,O-20230602-004200-09-000-521,2,26974.0,2.933,15.8229484,43.513108100000004,0.00075
baseline:long-btc,resolution-b198feff8f09cc66-down-1688050320000000000,1688050560000000000,O-20230629-145600-09-000-522,1,30438.6,5.062,27.73443478,87.82571012000001,0.00075
baseline:long-btc,resolution-b198feff8f09cc66-down-1688050320000000000,1688059680000000000,O-20230629-145600-09-000-524,2,30633.0,5.062,31.0128492,85.28533530000001,0.00075
baseline:long-btc,resolution-8308d217b0e3e4b0-down-1688103120000000000,1688103420000000000,O-20230630-053700-09-000-525,1,30823.500000000004,4.279,23.74087617,75.179441205,0.00075
baseline:long-btc,resolution-8308d217b0e3e4b0-down-1688103120000000000,1688104320000000000,O-20230630-053700-09-000-526,2,30736.499999999996,4.279,23.67386703,74.96724559499998,0.00075
baseline:long-btc,resolution-4a01c9a32f9a6535-down-1688141220000000000,1688141520000000000,O-20230630-161200-09-000-528,1,29969.8,4.992,26.92966349,85.27726771,0.00075
baseline:long-btc,resolution-4a01c9a32f9a6535-down-1688141220000000000,1688145420000000000,O-20230630-161200-09-000-530,2,30526.499999999996,4.992,30.4776576,83.81355839999998,0.00075
baseline:long-btc,resolution-faa3f7bbe9baa3d0-up-1689838020000000000,1689838320000000000,O-20230720-073200-09-000-531,2,30177.100000000002,5.68,30.85306704,97.70137896,0.00075
baseline:long-btc,resolution-faa3f7bbe9baa3d0-up-1689838020000000000,1689842820000000000,O-20230720-073200-09-000-532,1,30242.6,5.68,30.92003424,97.91344176,0.00075
baseline:long-btc,resolution-ee41808e905892b7-up-1690934640000000000,1690935180000000000,O-20230802-001300-09-000-534,2,29729.100000000002,4.16,22.26115008,70.49364192,0.00075
baseline:long-btc,resolution-ee41808e905892b7-up-1690934640000000000,1690936140000000000,O-20230802-001300-09-000-535,1,29831.2,4.16,22.33760256,70.73574144,0.00075
baseline:long-btc,resolution-e5f870c98bc2e32c-down-1690988820000000000,1690988940000000000,O-20230802-150900-09-000-537,1,29268.0,5.527,29.11756248,92.20561452,0.00075
baseline:long-btc,resolution-e5f870c98bc2e32c-down-1690988820000000000,1690989480000000000,O-20230802-150900-09-000-538,2,29204.7,5.527,29.05458784,92.006194835,0.00075
baseline:long-btc,resolution-9a3dbeb89c9f69c9-down-1692230520000000000,1692230640000000000,O-20230817-000400-09-000-540,1,28738.6,4.531,23.43862739,74.22232005999999,0.00075
baseline:long-btc,resolution-9a3dbeb89c9f69c9-down-1692230520000000000,1692232680000000000,O-20230817-000400-09-000-541,2,28654.8,4.531,23.37028178,74.00589231999999,0.00075
baseline:long-btc,resolution-f2d9c2ead2ae426c-down-1692288240000000000,1692288420000000000,O-20230817-160700-09-000-543,1,27863.7,2.594,13.0101188,41.198709550000004,0.00075
baseline:long-btc,resolution-f2d9c2ead2ae426c-down-1692288240000000000,1692299220000000000,O-20230817-190700-09-000-546,2,27918.0,2.594,13.03547256,41.27899644,0.00075
baseline:long-btc,resolution-32c8e197d6f73daa-up-1692383880000000000,1692384180000000000,O-20230818-184300-09-000-547,2,26123.4,5.18,24.35745816,77.13195084,0.00075
baseline:long-btc,resolution-32c8e197d6f73daa-up-1692383880000000000,1692384540000000000,O-20230818-184300-09-000-548,1,26191.9,5.18,24.42132756,77.33420394,0.00075
baseline:long-btc,resolution-8be9f4ea9ac7f3d9-up-1692393360000000000,1692394020000000000,O-20230818-212700-09-000-550,2,26114.6,6.062,28.49520694,90.23482196,0.00075
baseline:long-btc,resolution-8be9f4ea9ac7f3d9-up-1692393360000000000,1692402900000000000,O-20230818-235500-09-000-553,1,26050.2,6.062,28.42493623,90.01229807000001,0.00075
baseline:long-btc,resolution-ea49d6369b06ae22-up-1692749580000000000,1692749940000000000,O-20230823-001900-09-000-554,2,26103.2,4.698,22.07391005,69.90071515000001,0.00075
baseline:long-btc,resolution-ea49d6369b06ae22-up-1692749580000000000,1692760740000000000,O-20230823-031900-09-000-557,1,26028.5,4.698,22.01074074,69.70067901,0.00075
baseline:long-btc,resolution-97c8fa124e26e23f-down-1693348020000000000,1693348140000000000,O-20230829-222900-09-000-558,1,27557.8,6.552,32.50056701,102.91846219,0.00075
baseline:long-btc,resolution-97c8fa124e26e23f-down-1693348020000000000,1693353060000000000,O-20230829-222900-09-000-560,2,27712.5,6.552,36.31446,99.864765,0.00075
baseline:long-btc,resolution-ae06a77af0e97b3b-up-1693522680000000000,1693523160000000000,O-20230831-230600-09-000-561,2,26008.4,6.285,29.42330292,93.17379258000001,0.00075
baseline:long-btc,resolution-ae06a77af0e97b3b-up-1693522680000000000,1693526100000000000,O-20230831-235500-09-000-564,1,25921.4,6.285,29.32487982,92.86211943,0.00075
baseline:long-btc,resolution-d9c74e50506e96fb-down-1693883400000000000,1693883640000000000,O-20230905-031400-09-000-565,1,25620.0,4.483,20.6738028,65.4670422,0.00075
baseline:long-btc,resolution-d9c74e50506e96fb-down-1693883400000000000,1693894440000000000,O-20230905-061400-09-000-568,2,25726.7,4.483,20.7599033,65.73969377499999,0.00075
baseline:long-btc,resolution-aef1cc6c308f1022-down-1695289740000000000,1695290340000000000,O-20230921-095900-09-000-569,1,26743.1,5.151,24.79566746,78.519613615,0.00075
baseline:long-btc,resolution-aef1cc6c308f1022-down-1695289740000000000,1695291480000000000,O-20230921-095900-09-000-570,2,26668.3,5.151,24.72631439,78.299995585,0.00075
baseline:long-btc,resolution-f33ad25415cf2721-up-1695915720000000000,1695915900000000000,O-20230928-154500-09-000-572,2,26897.0,6.087,29.46996702,93.32156222999998,0.00075
baseline:long-btc,resolution-f33ad25415cf2721-up-1695915720000000000,1695916320000000000,O-20230928-154500-09-000-573,1,26950.9,6.087,29.52902309,93.508573135,0.00075
baseline:long-btc,resolution-3d8187388eeec5d5-down-1696266180000000000,1696266600000000000,O-20231002-171000-09-000-575,1,27978.3,4.112,20.70841853,65.57665867,0.00075
baseline:long-btc,resolution-3d8187388eeec5d5-down-1696266180000000000,1696272000000000000,O-20231002-171000-09-000-576,2,27884.8,4.112,20.63921357,65.35750963000001,0.00075
baseline:long-btc,resolution-08352bdadd622523-up-1697480220000000000,1697480340000000000,O-20231016-181900-09-000-578,2,28369.1,4.766,24.33728351,77.06806444,0.00075
baseline:long-btc,resolution-08352bdadd622523-up-1697480220000000000,1697482320000000000,O-20231016-181900-09-000-579,1,28439.8,4.766,24.39793562,77.26012947999999,0.00075
baseline:long-btc,resolution-aa8e6a55de99a588-up-1698125280000000000,1698125460000000000,O-20231024-053100-09-000-581,2,34532.1,4.314,26.81486629,84.91374325999999,0.00075
baseline:long-btc,resolution-aa8e6a55de99a588-up-1698125280000000000,1698126240000000000,O-20231024-053100-09-000-583,1,34307.8,4.314,29.60076984,81.40211706000002,0.00075
baseline:long-btc,resolution-de335da9bc0d1701-down-1698170340000000000,1698170580000000000,O-20231024-180300-09-000-584,1,33849.9,3.775,23.00100705,72.83652232499999,0.00075
baseline:long-btc,resolution-de335da9bc0d1701-down-1698170340000000000,1698170760000000000,O-20231024-180300-09-000-585,2,33756.0,3.775,22.937202,72.634473,0.00075
baseline:long-btc,resolution-d23e9a4216909c29-up-1698866940000000000,1698867120000000000,O-20231101-193200-09-000-587,2,34653.5,3.972,24.77586636,78.45691013999999,0.00075
baseline:long-btc,resolution-d23e9a4216909c29-up-1698866940000000000,1698870120000000000,O-20231101-193200-09-000-588,1,34734.8,3.972,24.83399261,78.64097659000001,0.00075
baseline:long-btc,resolution-045e1454a2c233ce-down-1699488300000000000,1699488720000000000,O-20231109-001200-09-000-590,1,35632.1,4.188,26.86090226,85.05952383999998,0.00075
baseline:long-btc,resolution-045e1454a2c233ce-down-1699488300000000000,1699490460000000000,O-20231109-001200-09-000-592,2,35877.0,4.188,30.0505752,82.6390818,0.00075
baseline:long-btc,resolution-48bc2ff5e839016d-down-1699545540000000000,1699545660000000000,O-20231109-160100-09-000-593,1,37213.4,3.017,20.209109,63.99551185,0.00075
baseline:long-btc,resolution-48bc2ff5e839016d-down-1699545540000000000,1699545960000000000,O-20231109-160100-09-000-594,2,37090.899999999994,3.017,20.14258415,63.78484982499999,0.00075
baseline:long-btc,resolution-2c8f5e23f72b946a-up-1700496060000000000,1700496540000000000,O-20231120-160900-09-000-596,2,37494.899999999994,2.376,16.03581883,50.78009296999999,0.00075
baseline:long-btc,resolution-2c8f5e23f72b946a-up-1700496060000000000,1700501340000000000,O-20231120-160900-09-000-598,1,36954.1,2.376,17.56058832,48.29161787999999,0.00075
baseline:long-btc,resolution-fbb39c53c083e009-up-1701404940000000000,1701405180000000000,O-20231201-043300-09-000-599,2,38111.8,3.257,22.34342387,70.75417558000001,0.00075
baseline:long-btc,resolution-fbb39c53c083e009-up-1701404940000000000,1701405660000000000,O-20231201-043300-09-000-600,1,38225.299999999996,3.257,22.40996438,70.96488719499999,0.00075
baseline:long-btc,resolution-f5bb3d236cd07300-up-1702343580000000000,1702343820000000000,O-20231212-011700-09-000-602,2,41814.6,3.903,29.37642908,93.02535877,0.00075
baseline:long-btc,resolution-f5bb3d236cd07300-up-1702343580000000000,1702347480000000000,O-20231212-011700-09-000-603,1,41890.1,3.903,29.42947085,93.19332437499997,0.00075
baseline:long-btc,resolution-5c11e16130358215-up-1702452180000000000,1702453020000000000,O-20231213-073700-09-000-605,2,41165.5,2.97,22.0070763,69.68907495,0.00075
baseline:long-btc,resolution-5c11e16130358215-up-1702452180000000000,1702456320000000000,O-20231213-073700-09-000-606,1,41279.9,2.97,22.06823454,69.88274271000002,0.00075
baseline:long-btc,resolution-ef9dd03604fd9661-up-1702483800000000000,1702484220000000000,O-20231213-161700-09-000-608,2,42071.299999999996,2.045,15.48644553,49.04041084499999,0.00075
baseline:long-btc,resolution-ef9dd03604fd9661-up-1702483800000000000,1702494060000000000,O-20231213-161700-09-000-609,1,42256.3,2.045,15.55454403,49.256056095,0.00075
baseline:long-btc,resolution-9af97d9b86c6756d-up-1702575240000000000,1702575360000000000,O-20231214-173600-09-000-611,2,43045.7,2.314,17.92939496,56.77641738999999,0.00075
baseline:long-btc,resolution-9af97d9b86c6756d-up-1702575240000000000,1702575540000000000,O-20231214-173600-09-000-612,1,43193.8,2.314,17.99108158,56.971758320000006,0.00075
baseline:long-btc,resolution-9435cfddd877f4ef-down-1703570520000000000,1703570640000000000,O-20231226-060400-09-000-614,1,42696.700000000004,2.212,17.00011807,53.83370723000002,0.00075
baseline:long-btc,resolution-9435cfddd877f4ef-down-1703570520000000000,1703581440000000000,O-20231226-090400-09-000-617,2,42760.4,2.212,17.02548086,53.91402274000001,0.00075
baseline:long-btc,resolution-79e800aaf4695ac4-up-1703725920000000000,1703726280000000000,O-20231228-011800-09-000-618,2,43655.0,2.731,21.4599249,67.95642885,0.00075
baseline:long-btc,resolution-79e800aaf4695ac4-up-1703725920000000000,1703737080000000000,O-20231228-041800-09-000-621,1,43558.0,2.731,21.41224164,67.80543186,0.00075
baseline:long-btc,resolution-2ee72aeec8dd25a5-up-1704336420000000000,1704336660000000000,O-20240104-025100-09-000-622,2,43053.2,3.163,24.51190889,77.62104480999999,0.00075
baseline:long-btc,resolution-2ee72aeec8dd25a5-up-1704336420000000000,1704337080000000000,O-20240104-025100-09-000-623,1,43140.4,3.163,24.56155534,77.77825856,0.00075
baseline:long-btc,resolution-9431f1f306387b1c-down-1704418080000000000,1704418200000000000,O-20240105-013000-09-000-625,1,43897.4,3.182,25.14267482,79.61847028,0.00075
baseline:long-btc,resolution-9431f1f306387b1c-down-1704418080000000000,1704419280000000000,O-20240105-013000-09-000-626,2,43816.8,3.182,25.09651037,79.47228283,0.00075
baseline:long-btc,resolution-3873037aae59a81c-up-1704588600000000000,1704588900000000000,O-20240107-005500-09-000-628,2,44194.8,3.132,24.91526045,78.89832475000001,0.00075
baseline:long-btc,resolution-3873037aae59a81c-up-1704588600000000000,1704599700000000000,O-20240107-035500-09-000-631,1,43972.3,3.132,24.78982385,78.50110885000001,0.00075
baseline:long-btc,resolution-eb756f04e197af2d-up-1704841080000000000,1704841560000000000,O-20240109-230600-09-000-632,2,46137.100000000006,2.16,17.93810448,56.80399752,0.00075
baseline:long-btc,resolution-eb756f04e197af2d-up-1704841080000000000,1704844500000000000,O-20240109-235500-09-000-635,1,46080.1,2.16,17.91594288,56.73381912,0.00075
baseline:long-btc,resolution-8f868cefc87ea082-up-1704892380000000000,1704892500000000000,O-20240110-131500-09-000-636,2,45075.8,2.528,20.51129203,64.95242477000001,0.00075
baseline:long-btc,resolution-8f868cefc87ea082-up-1704892380000000000,1704893340000000000,O-20240110-131500-09-000-637,1,45192.3,2.528,20.56430419,65.12029661,0.00075
baseline:long-btc,resolution-db69f6070382ef7c-down-1705050720000000000,1705051080000000000,O-20240112-091800-09-000-639,1,45782.700000000004,1.755,14.46275493,45.798723945,0.00075
baseline:long-btc,resolution-db69f6070382ef7c-down-1705050720000000000,1705051740000000000,O-20240112-091800-09-000-640,2,45593.9,1.755,14.40311301,45.609857865,0.00075
baseline:long-btc,resolution-3f6900504344bab6-up-1705056900000000000,1705057140000000000,O-20240112-105900-09-000-642,2,46072.1,2.893,23.99158535,75.97335362499999,0.00075
baseline:long-btc,resolution-3f6900504344bab6-up-1705056900000000000,1705058880000000000,O-20240112-105900-09-000-643,1,46154.4,2.893,24.03444226,76.10906714,0.00075
baseline:long-btc,resolution-bef361aae5407589-down-1705605180000000000,1705605660000000000,O-20240118-192100-09-000-645,1,41344.4,2.593,19.29708526,61.10743664,0.00075
baseline:long-btc,resolution-bef361aae5407589-down-1705605180000000000,1705607460000000000,O-20240118-192100-09-000-646,2,41242.4,2.593,19.24947778,60.95667962,0.00075
baseline:long-btc,resolution-930ba4bc7ac58c48-up-1706262360000000000,1706262660000000000,O-20240126-095100-09-000-648,2,40273.5,2.073,15.02765379,47.587570334999995,0.00075
baseline:long-btc,resolution-930ba4bc7ac58c48-up-1706262360000000000,1706265300000000000,O-20240126-095100-09-000-649,1,40411.9,2.073,15.07929637,47.75110515500001,0.00075
baseline:long-btc,resolution-f19497264fd3ac36-up-1707119460000000000,1707119700000000000,O-20240205-075500-09-000-651,2,43070.3,2.376,18.4203059,58.3309687,0.00075
baseline:long-btc,resolution-f19497264fd3ac36-up-1707119460000000000,1707120180000000000,O-20240205-075500-09-000-652,1,43173.9,2.376,18.46461355,58.47127625,0.00075
baseline:long-btc,resolution-09a4dcbd2a2b4c67-up-1707501660000000000,1707501780000000000,O-20240209-180300-09-000-654,2,47690.0,1.34,11.502828,36.42562200000001,0.00075
baseline:long-btc,resolution-09a4dcbd2a2b4c67-up-1707501660000000000,1707502320000000000,O-20240209-180300-09-000-655,1,47907.9,1.34,11.55538548,36.59205402,0.00075
baseline:long-btc,resolution-946fc530bedeba78-up-1707697620000000000,1707698220000000000,O-20240212-003700-09-000-657,2,48578.1,1.071,9.36488612,29.655472704999994,0.00075
baseline:long-btc,resolution-946fc530bedeba78-up-1707697620000000000,1707706020000000000,O-20240212-003700-09-000-659,1,48069.7,1.071,10.29652974,28.315456785000002,0.00075
baseline:long-btc,resolution-7f46e33bf9d45c89-up-1707895800000000000,1707896220000000000,O-20240214-073700-09-000-660,2,49800.0,2.182,19.559448,61.93825199999999,0.00075
baseline:long-btc,resolution-7f46e33bf9d45c89-up-1707895800000000000,1707897720000000000,O-20240214-073700-09-000-661,1,49904.1,2.182,19.60033432,62.067725329999995,0.00075
baseline:long-btc,resolution-c55e546f7866e082-up-1709139840000000000,1709140260000000000,O-20240228-171100-09-000-663,2,62643.7,0.658,7.41951983,23.49514612,0.00075
baseline:long-btc,resolution-c55e546f7866e082-up-1709139840000000000,1709140380000000000,O-20240228-171100-09-000-664,1,63124.19999999999,0.658,7.47643025,23.67536245,0.00075
baseline:long-btc,resolution-a7e9e39371dd92e0-up-1709297340000000000,1709297820000000000,O-20240301-125700-09-000-666,2,62366.899999999994,0.978,10.97906908,34.76705207,0.00075
baseline:long-btc,resolution-a7e9e39371dd92e0-up-1709297340000000000,1709299320000000000,O-20240301-125700-09-000-667,1,62648.700000000004,0.978,11.02867715,34.92414430000001,0.00075
baseline:long-btc,resolution-8ea5e379290c0894-up-1709726520000000000,1709726820000000000,O-20240306-120700-09-000-669,2,67417.90000000001,0.918,11.1401338,35.27709035000001,0.00075
baseline:long-btc,resolution-8ea5e379290c0894-up-1709726520000000000,1709728500000000000,O-20240306-120700-09-000-671,1,66783.6,0.918,12.26146896,33.719039640000005,0.00075
baseline:long-btc,resolution-dba7fc8f603f819f-up-1710122520000000000,1710122700000000000,O-20240311-020500-09-000-672,2,68422.20000000001,1.458,17.95672217,56.862953530000006,0.00075
baseline:long-btc,resolution-dba7fc8f603f819f-up-1710122520000000000,1710123300000000000,O-20240311-020500-09-000-673,1,68573.90000000001,1.458,17.99653432,56.98902533000001,0.00075
baseline:long-btc,resolution-cd3e37ac7c1b851c-up-1710270600000000000,1710270960000000000,O-20240312-191600-09-000-675,2,71553.40000000001,1.207,15.54569168,49.22802367000001,0.00075
baseline:long-btc,resolution-cd3e37ac7c1b851c-up-1710270600000000000,1710274020000000000,O-20240312-191600-09-000-677,1,71053.40000000001,1.207,17.15229076,47.16879959000001,0.00075
baseline:long-btc,resolution-e59b87effba52573-up-1710546180000000000,1710546420000000000,O-20240315-234700-09-000-678,2,69604.3,1.314,16.46280904,52.13222861000001,0.00075
baseline:long-btc,resolution-e59b87effba52573-up-1710546180000000000,1710546900000000000,O-20240315-235500-09-000-681,1,69563.6,1.314,16.45318267,52.101745130000005,0.00075
baseline:long-btc,resolution-2585089a7ac9469d-down-1710584400000000000,1710584580000000000,O-20240316-102300-09-000-682,1,68621.3,0.966,11.93187164,37.78426021,0.00075
baseline:long-btc,resolution-2585089a7ac9469d-down-1710584400000000000,1710587640000000000,O-20240316-102300-09-000-683,2,68339.4,0.966,11.88285487,37.629040429999996,0.00075
baseline:long-btc,resolution-cd3d7e8e12760f3f-down-1710635640000000000,1710635880000000000,O-20240317-003800-09-000-685,1,65880.0,1.299,15.4040616,48.7795284,0.00075
baseline:long-btc,resolution-cd3d7e8e12760f3f-down-1710635640000000000,1710636060000000000,O-20240317-003800-09-000-686,2,65701.2,1.299,15.36225458,48.64713951999999,0.00075
baseline:long-btc,resolution-d73e6b40780f865c-up-1710666960000000000,1710667200000000000,O-20240317-092000-09-000-688,2,66754.8,1.489,17.8916215,56.656801400000006,0.00075
baseline:long-btc,resolution-d73e6b40780f865c-up-1710666960000000000,1710670560000000000,O-20240317-092000-09-000-689,1,66889.3,1.489,17.92767019,56.770955585,0.00075
baseline:long-btc,resolution-436d6efbeee02f03-down-1710772320000000000,1710772620000000000,O-20240318-143700-09-000-691,1,67222.4,0.768,9.29282458,29.42727782,0.00075
baseline:long-btc,resolution-436d6efbeee02f03-down-1710772320000000000,1710772920000000000,O-20240318-143700-09-000-692,2,66881.90000000001,0.768,9.24575386,29.27822054000001,0.00075
baseline:long-btc,resolution-aacbe11a3313ca64-up-1711078200000000000,1711078920000000000,O-20240322-034200-09-000-694,2,65929.90000000001,0.869,10.31275496,32.65705736500001,0.00075
baseline:long-btc,resolution-aacbe11a3313ca64-up-1711078200000000000,1711083300000000000,O-20240322-034200-09-000-695,1,66209.40000000001,0.869,10.35647435,32.79550210000001,0.00075
baseline:long-btc,resolution-6c855aaab57c18ac-down-1711146000000000000,1711146420000000000,O-20240322-222700-09-000-697,1,62751.299999999996,1.16,13.10247144,41.49115955999999,0.00075
baseline:long-btc,resolution-6c855aaab57c18ac-down-1711146000000000000,1711151220000000000,O-20240322-222700-09-000-699,2,63547.299999999996,1.16,14.7429736,40.5431774,0.00075
baseline:long-btc,resolution-e563859c2afbac27-up-1711211640000000000,1711212000000000000,O-20240323-164000-09-000-700,2,65450.0,1.603,18.884943,59.8023195,0.00075
baseline:long-btc,resolution-e563859c2afbac27-up-1711211640000000000,1711212180000000000,O-20240323-164000-09-000-701,1,65566.0,1.603,18.91841364,59.908309859999996,0.00075
baseline:long-btc,resolution-a7dcb6a17ee9a2c7-up-1711446540000000000,1711446840000000000,O-20240326-095400-09-000-703,2,71214.9,1.377,17.65132511,55.89586286499999,0.00075
baseline:long-btc,resolution-a7dcb6a17ee9a2c7-up-1711446540000000000,1711457640000000000,O-20240326-125400-09-000-706,1,70960.9,1.377,17.58836867,55.69650080500001,0.00075
baseline:long-btc,resolution-ffd49edaa747cdaf-up-1712568960000000000,1712569140000000000,O-20240408-093900-09-000-707,2,72359.4,1.044,13.59777845,43.05963175,0.00075
baseline:long-btc,resolution-ffd49edaa747cdaf-up-1712568960000000000,1712575380000000000,O-20240408-093900-09-000-708,1,72575.5,1.044,13.63838796,43.18822854,0.00075
baseline:long-btc,resolution-2f98768ecffea6e0-down-1712848080000000000,1712848260000000000,O-20240411-151100-09-000-710,1,69824.4,1.266,15.91158427,50.38668352999999,0.00075
baseline:long-btc,resolution-2f98768ecffea6e0-down-1712848080000000000,1712849580000000000,O-20240411-151100-09-000-711,2,69669.1,1.266,15.87619451,50.274615940000004,0.00075
baseline:long-btc,resolution-0a23062730f65106-down-1712932740000000000,1712932980000000000,O-20240412-144300-09-000-713,1,69638.59999999999,1.059,13.27450993,42.03594812,0.00075
baseline:long-btc,resolution-0a23062730f65106-down-1712932740000000000,1712933460000000000,O-20240412-144300-09-000-714,2,69441.5,1.059,13.23693873,41.916972644999994,0.00075
baseline:long-btc,resolution-a5e144ed6631101a-up-1713049560000000000,1713050160000000000,O-20240413-231600-09-000-716,2,64838.0,0.322,3.75801048,11.900366519999999,0.00075
baseline:long-btc,resolution-a5e144ed6631101a-up-1713049560000000000,1713052500000000000,O-20240413-235500-09-000-719,1,64187.100000000006,0.322,3.72028432,11.780900330000001,0.00075
baseline:long-btc,resolution-a7c04db53a709725-up-1713076200000000000,1713076320000000000,O-20240414-063200-09-000-720,2,64542.1,1.388,16.12519826,51.063127839999986,0.00075
baseline:long-btc,resolution-a7c04db53a709725-up-1713076200000000000,1713076560000000000,O-20240414-063200-09-000-721,1,64672.19999999999,1.388,16.15770245,51.166057749999986,0.00075
baseline:long-btc,resolution-247da7a348a76f9f-up-1713136860000000000,1713137220000000000,O-20240414-232700-09-000-723,2,65383.7,0.554,6.52006256,20.646864790000002,0.00075
baseline:long-btc,resolution-247da7a348a76f9f-up-1713136860000000000,1713138900000000000,O-20240414-235500-09-000-726,1,65559.7,0.554,6.53761328,20.70244207,0.00075
baseline:long-btc,resolution-e970042e2581782d-up-1713393180000000000,1713393480000000000,O-20240417-223800-09-000-727,2,61434.5,1.404,15.52572684,49.164801659999995,0.00075
baseline:long-btc,resolution-e970042e2581782d-up-1713393180000000000,1713393660000000000,O-20240417-223800-09-000-728,1,61556.600000000006,1.404,15.55658395,49.26251585000001,0.00075
baseline:long-btc,resolution-d159db36ba6820e9-up-1713452940000000000,1713453120000000000,O-20240418-151200-09-000-730,2,63867.7,0.847,9.73726954,30.834686885,0.00075
baseline:long-btc,resolution-d159db36ba6820e9-up-1713452940000000000,1713461100000000000,O-20240418-151200-09-000-732,1,63234.3,0.847,10.71189042,29.457698655,0.00075
baseline:long-btc,resolution-f7522f0d1c3bb3ae-up-1715769180000000000,1715769300000000000,O-20240515-103500-09-000-733,2,62840.0,1.296,14.6593152,46.4211648,0.00075
baseline:long-btc,resolution-f7522f0d1c3bb3ae-up-1715769180000000000,1715772240000000000,O-20240515-103500-09-000-735,1,62392.4,1.296,16.17211008,44.47330272000001,0.00075
baseline:long-btc,resolution-af1ad8edb19b9957-up-1715818200000000000,1715818440000000000,O-20240516-001400-09-000-736,2,66385.2,0.867,10.36007431,32.80690199,0.00075
baseline:long-btc,resolution-af1ad8edb19b9957-up-1715818200000000000,1715829240000000000,O-20240516-031400-09-000-739,1,65849.2,0.867,10.27642615,32.54201615,0.00075
baseline:long-btc,resolution-870eae3f86563fe3-up-1716192300000000000,1716192420000000000,O-20240520-080700-09-000-740,2,66940.8,1.623,19.55608531,61.92760349000001,0.00075
baseline:long-btc,resolution-870eae3f86563fe3-up-1716192300000000000,1716199620000000000,O-20240520-080700-09-000-741,1,67044.0,1.623,19.58623416,62.02307483999999,0.00075
baseline:long-btc,resolution-9aa94008d60a0262-up-1716222540000000000,1716222840000000000,O-20240520-163400-09-000-743,2,67634.59999999999,1.031,12.55162907,39.74682537999998,0.00075
baseline:long-btc,resolution-9aa94008d60a0262-up-1716222540000000000,1716223200000000000,O-20240520-163400-09-000-744,1,67844.09999999999,1.031,12.59050808,39.86994224499998,0.00075
baseline:long-btc,resolution-cd1bf10c7d5dd653-down-1718290680000000000,1718291340000000000,O-20240613-150900-09-000-746,1,67450.9,0.96,11.65551552,36.90913248,0.00075
baseline:long-btc,resolution-cd1bf10c7d5dd653-down-1718290680000000000,1718291760000000000,O-20240613-150900-09-000-747,2,67227.90000000001,0.96,11.61698112,36.78710688,0.00075
baseline:long-btc,resolution-4c31dbff1f7f4f60-up-1718764140000000000,1718764380000000000,O-20240619-023300-09-000-749,2,65313.6,1.165,13.69626192,43.37149608,0.00075
baseline:long-btc,resolution-4c31dbff1f7f4f60-up-1718764140000000000,1718767560000000000,O-20240619-023300-09-000-750,1,65474.59999999999,1.165,13.73002362,43.47840812999999,0.00075
baseline:long-btc,resolution-ba385a242113163c-down-1719187680000000000,1719187980000000000,O-20240624-001300-09-000-752,1,63151.5,1.2,13.640724,43.195626,0.00075
baseline:long-btc,resolution-ba385a242113163c-down-1719187680000000000,1719189120000000000,O-20240624-001300-09-000-753,2,63002.200000000004,1.2,13.6084752,43.0935048,0.00075
baseline:long-btc,resolution-0de3cf109385650b-down-1719338460000000000,1719338700000000000,O-20240625-180500-09-000-755,1,61332.700000000004,1.221,13.47970081,42.68571921500001,0.00075
baseline:long-btc,resolution-0de3cf109385650b-down-1719338460000000000,1719339180000000000,O-20240625-180500-09-000-756,2,61192.1,1.221,13.44879974,42.58786583500001,0.00075
baseline:long-btc,resolution-344867245373d7e1-down-1719823260000000000,1719823560000000000,O-20240701-084600-09-000-758,1,62934.5,1.278,14.47745238,45.84526587,0.00075
baseline:long-btc,resolution-344867245373d7e1-down-1719823260000000000,1719825720000000000,O-20240701-084600-09-000-759,2,62813.2,1.278,14.44954853,45.75690367,0.00075
baseline:long-btc,resolution-cc028f948c355f51-down-1720082880000000000,1720083060000000000,O-20240704-085100-09-000-761,1,57652.0,1.124,11.66415264,36.936483360000004,0.00075
baseline:long-btc,resolution-cc028f948c355f51-down-1720082880000000000,1720083180000000000,O-20240704-085100-09-000-762,2,57500.700000000004,1.124,11.63354162,36.839548480000005,0.00075
baseline:long-btc,resolution-57e43d1e43fd560e-up-1720130400000000000,1720131420000000000,O-20240704-221700-09-000-764,2,58453.6,0.588,6.18672902,19.591308579999996,0.00075
baseline:long-btc,resolution-57e43d1e43fd560e-up-1720130400000000000,1720136100000000000,O-20240704-221700-09-000-766,1,57742.2,0.588,6.79048272,18.67382748,0.00075
baseline:long-btc,resolution-1e983add6c2825f3-up-1720176180000000000,1720176420000000000,O-20240705-104700-09-000-767,2,55080.6,1.332,13.20612466,41.81939474000001,0.00075
baseline:long-btc,resolution-1e983add6c2825f3-up-1720176180000000000,1720177500000000000,O-20240705-104700-09-000-768,1,55200.8,1.332,13.23494381,41.91065539000001,0.00075
baseline:long-btc,resolution-ee2aa611003dc072-up-1720299720000000000,1720300200000000000,O-20240706-211000-09-000-770,2,58081.8,1.004,10.4965429,33.2390525,0.00075
baseline:long-btc,resolution-ee2aa611003dc072-up-1720299720000000000,1720308000000000000,O-20240706-211000-09-000-771,1,58255.6,1.004,10.52795203,33.33851477,0.00075
baseline:long-btc,resolution-27b0faed1bca7bcb-down-1720337700000000000,1720337820000000000,O-20240707-073700-09-000-773,1,57160.0,1.367,14.0647896,44.5385004,0.00075
baseline:long-btc,resolution-27b0faed1bca7bcb-down-1720337700000000000,1720337940000000000,O-20240707-073700-09-000-774,2,57059.6,1.367,14.04008518,44.46026972,0.00075
baseline:long-btc,resolution-6a18c1d98ffd8693-down-1720728900000000000,1720729020000000000,O-20240711-201700-09-000-776,1,57292.899999999994,1.168,12.0452593,38.14332109999999,0.00075
baseline:long-btc,resolution-6a18c1d98ffd8693-down-1720728900000000000,1720738380000000000,O-20240711-201700-09-000-777,2,57167.6,1.168,12.01891622,38.05990138,0.00075
baseline:long-btc,resolution-448853f9dd99f7e3-down-1721658180000000000,1721658300000000000,O-20240722-142500-09-000-779,1,66989.79999999999,0.844,10.17709042,32.227452979999995,0.00075
baseline:long-btc,resolution-448853f9dd99f7e3-down-1721658180000000000,1721658720000000000,O-20240722-142500-09-000-780,2,66806.7,0.844,10.14927386,32.13936724,0.00075
baseline:long-btc,resolution-004cbc1de42551ad-down-1721753880000000000,1721754240000000000,O-20240723-170400-09-000-782,1,65984.9,0.606,7.19763289,22.792504159999993,0.00075
baseline:long-btc,resolution-004cbc1de42551ad-down-1721753880000000000,1721763540000000000,O-20240723-170400-09-000-783,2,65701.0,0.606,7.16666508,22.69443942,0.00075
baseline:long-btc,resolution-a51a2b6b3b5e14eb-up-1722222360000000000,1722222480000000000,O-20240729-030800-09-000-785,2,69617.90000000001,0.818,10.2505396,32.460042050000006,0.00075
baseline:long-btc,resolution-a51a2b6b3b5e14eb-up-1722222360000000000,1722233280000000000,O-20240729-060800-09-000-788,1,69655.5,0.818,10.25607582,32.47757342999999,0.00075
baseline:long-btc,resolution-83aced3e3350c790-down-1722562200000000000,1722562680000000000,O-20240802-013800-09-000-789,1,64640.99999999999,1.14,13.2643332,42.003721799999994,0.00075
baseline:long-btc,resolution-83aced3e3350c790-down-1722562200000000000,1722565200000000000,O-20240802-013800-09-000-790,2,64543.5,1.14,13.2443262,41.940366299999994,0.00075
baseline:long-btc,resolution-5457dacfa7ca7cc3-up-1722596700000000000,1722596820000000000,O-20240802-110700-09-000-792,2,64741.100000000006,1.026,11.95638635,37.861890100000004,0.00075
baseline:long-btc,resolution-5457dacfa7ca7cc3-up-1722596700000000000,1722597960000000000,O-20240802-110700-09-000-793,1,64853.299999999996,1.026,11.97710744,37.92750691,0.00075
baseline:long-btc,resolution-8ca0a3a3ea6e2ea9-up-1722650580000000000,1722650760000000000,O-20240803-020600-09-000-795,2,61333.6,0.778,8.58915734,27.19899826,0.00075
baseline:long-btc,resolution-8ca0a3a3ea6e2ea9-up-1722650580000000000,1722651180000000000,O-20240803-020600-09-000-796,1,61509.5,0.778,8.61379038,27.27700287,0.00075
baseline:long-btc,resolution-d44d6465f0adb894-down-1722824220000000000,1722824460000000000,O-20240805-022100-09-000-798,1,53885.7,0.472,4.57812907,14.497408729999998,0.00075
baseline:long-btc,resolution-d44d6465f0adb894-down-1722824220000000000,1722826260000000000,O-20240805-022100-09-000-800,2,54490.6,0.472,5.14391264,14.145759759999999,0.00075
baseline:long-btc,resolution-b58ab3888167158e-down-1722852960000000000,1722853140000000000,O-20240805-101900-09-000-801,1,51744.700000000004,0.864,8.04733574,25.48322986,0.00075
baseline:long-btc,resolution-b58ab3888167158e-down-1722852960000000000,1722853320000000000,O-20240805-101900-09-000-802,2,51579.5,0.864,8.02164384,25.40187216,0.00075
baseline:long-btc,resolution-22f7e611441529f6-down-1722853680000000000,1722853920000000000,O-20240805-103200-09-000-804,1,51411.6,0.4,3.7016352,11.7218448,0.00075
baseline:long-btc,resolution-22f7e611441529f6-down-1722853680000000000,1722854160000000000,O-20240805-103200-09-000-805,2,50980.0,0.4,3.67056,11.623439999999999,0.00075
baseline:long-btc,resolution-e3035900ae2a94ab-up-1722906240000000000,1722906420000000000,O-20240806-010700-09-000-807,2,56003.0,0.56,5.6451024,17.876157600000003,0.00075
baseline:long-btc,resolution-e3035900ae2a94ab-up-1722906240000000000,1722917220000000000,O-20240806-040700-09-000-810,1,55339.9,0.56,5.57826192,17.664496080000003,0.00075
baseline:long-btc,resolution-93ed5d51ccd100c7-up-1722953940000000000,1722954060000000000,O-20240806-142100-09-000-811,2,56317.100000000006,0.522,5.29155472,16.75658993,0.00075
baseline:long-btc,resolution-93ed5d51ccd100c7-up-1722953940000000000,1722958260000000000,O-20240806-142100-09-000-813,1,55736.2,0.522,5.81885928,16.001863020000002,0.00075
baseline:long-btc,resolution-0c0e4fa0c89003fb-up-1722960780000000000,1722960960000000000,O-20240806-161600-09-000-814,2,56561.0,0.79,8.0429742,25.4694183,0.00075
baseline:long-btc,resolution-0c0e4fa0c89003fb-up-1722960780000000000,1722962940000000000,O-20240806-161600-09-000-815,1,56747.8,0.79,8.06953716,25.55353434,0.00075
baseline:long-btc,resolution-004ddd49919e61c5-up-1723462500000000000,1723462680000000000,O-20240812-113800-09-000-817,2,59605.299999999996,0.597,6.40518554,20.283087535,0.00075
baseline:long-btc,resolution-004ddd49919e61c5-up-1723462500000000000,1723463520000000000,O-20240812-113800-09-000-818,1,59864.700000000004,0.597,6.43306066,20.371358765,0.00075
baseline:long-btc,resolution-ebf6c858796124d3-up-1724115780000000000,1724116080000000000,O-20240820-010800-09-000-820,2,60614.8,0.539,5.8808479,18.622685000000004,0.00075
baseline:long-btc,resolution-ebf6c858796124d3-up-1724115780000000000,1724126880000000000,O-20240820-040800-09-000-823,1,60651.299999999996,0.539,5.88438913,18.633898894999998,0.00075
baseline:long-btc,resolution-8e5718ddd150e24e-up-1724298960000000000,1724299080000000000,O-20240822-035800-09-000-824,2,60503.299999999996,1.047,11.40245192,36.10776440499999,0.00075
baseline:long-btc,resolution-8e5718ddd150e24e-up-1724298960000000000,1724300820000000000,O-20240822-035800-09-000-825,1,60603.6,1.047,11.42135446,36.16762243999999,0.00075
baseline:long-btc,resolution-10d771c0dc532f74-up-1724932020000000000,1724932560000000000,O-20240829-115600-09-000-827,2,60115.9,0.446,4.82610445,15.282664100000002,0.00075
baseline:long-btc,resolution-10d771c0dc532f74-up-1724932020000000000,1724935320000000000,O-20240829-115600-09-000-828,1,60460.0,0.446,4.8537288,15.370141199999999,0.00075
baseline:long-btc,resolution-84be0ac70dc38ca9-up-1725006720000000000,1725006960000000000,O-20240830-083600-09-000-830,2,59449.5,0.969,10.36918179,32.835742335,0.00075
baseline:long-btc,resolution-84be0ac70dc38ca9-up-1725006720000000000,1725010020000000000,O-20240830-083600-09-000-831,1,59554.5,0.969,10.38749589,32.893736985,0.00075
baseline:long-btc,resolution-4b8724070dd5236c-up-1725318000000000000,1725318180000000000,O-20240902-230300-09-000-833,2,59244.600000000006,0.698,7.44349154,23.571056560000002,0.00075
baseline:long-btc,resolution-4b8724070dd5236c-up-1725318000000000000,1725321300000000000,O-20240902-235500-09-000-836,1,59100.3,0.698,7.42536169,23.51364536,0.00075
baseline:long-btc,resolution-b698c919655707cb-down-1726610640000000000,1726611000000000000,O-20240917-221000-09-000-837,1,60212.19999999999,0.851,9.2233048,29.207131849999996,0.00075
baseline:long-btc,resolution-b698c919655707cb-down-1726610640000000000,1726614420000000000,O-20240917-221000-09-000-838,2,60086.59999999999,0.851,9.20406539,29.146207059999995,0.00075
baseline:long-btc,resolution-038a6120206959e2-down-1726690320000000000,1726690560000000000,O-20240918-201600-09-000-840,1,59702.200000000004,0.474,5.0937917,16.130340400000005,0.00075
baseline:long-btc,resolution-038a6120206959e2-down-1726690320000000000,1726698480000000000,O-20240918-201600-09-000-842,2,60506.59999999999,0.474,5.73602568,15.774070619999994,0.00075
baseline:long-btc,resolution-481f0f48dd168c21-up-1727228400000000000,1727228520000000000,O-20240925-014200-09-000-843,2,64656.1,0.753,8.76348779,27.751044685,0.00075
baseline:long-btc,resolution-481f0f48dd168c21-up-1727228400000000000,1727239320000000000,O-20240925-044200-09-000-846,1,64250.0,0.753,8.708445,27.576742499999998,0.00075
baseline:long-btc,resolution-4c8f5e8b59317c85-up-1728023040000000000,1728023400000000000,O-20241004-063000-09-000-847,2,61207.6,0.918,10.11394382,32.027488780000006,0.00075
baseline:long-btc,resolution-4c8f5e8b59317c85-up-1728023040000000000,1728026820000000000,O-20241004-063000-09-000-848,1,61328.4,0.918,10.13390482,32.09069858000001,0.00075
baseline:long-btc,resolution-8f6ef80776755fc8-down-1728401520000000000,1728401880000000000,O-20241008-153800-09-000-850,1,62120.99999999999,0.486,5.43434508,17.208759419999996,0.00075
baseline:long-btc,resolution-8f6ef80776755fc8-down-1728401520000000000,1728412680000000000,O-20241008-183800-09-000-853,2,62154.1,0.486,5.43724067,17.217928779999998,0.00075
baseline:long-btc,resolution-4fea52fd3b40d6cd-down-1729004820000000000,1729005120000000000,O-20241015-151200-09-000-854,1,65200.1,0.344,4.03719019,12.784435609999997,0.00075
baseline:long-btc,resolution-4fea52fd3b40d6cd-down-1729004820000000000,1729009140000000000,O-20241015-151200-09-000-856,2,66528.09999999999,0.344,4.57713328,12.587116519999995,0.00075
baseline:long-btc,resolution-c6e93e2fd1a4c503-up-1729732020000000000,1729732740000000000,O-20241024-011900-09-000-857,2,67408.0,0.634,7.69260096,24.35990304,0.00075
baseline:long-btc,resolution-c6e93e2fd1a4c503-up-1729732020000000000,1729743540000000000,O-20241024-041900-09-000-860,1,67232.3,0.634,7.67255008,24.296408570000004,0.00075
baseline:long-btc,resolution-990a1f9a2794fe49-down-1729898040000000000,1729898160000000000,O-20241025-231600-09-000-861,1,66065.6,0.47,5.58914976,17.698974240000002,0.00075
baseline:long-btc,resolution-990a1f9a2794fe49-down-1729898040000000000,1729898640000000000,O-20241025-231600-09-000-862,2,65733.5,0.47,5.5610541,17.61000465,0.00075
baseline:long-btc,resolution-38e9fbfe6e0c4fa5-up-1730470020000000000,1730470140000000000,O-20241101-140900-09-000-864,2,71232.0,0.679,8.70597504,27.568920960000003,0.00075
baseline:long-btc,resolution-38e9fbfe6e0c4fa5-up-1730470020000000000,1730470380000000000,O-20241101-140900-09-000-865,1,71414.5,0.679,8.72828019,27.639553935,0.00075
baseline:long-btc,resolution-51e1921c82fcfbc8-up-1730689320000000000,1730689440000000000,O-20241104-030400-09-000-867,2,69382.8,0.853,10.65303511,33.73461119,0.00075
baseline:long-btc,resolution-51e1921c82fcfbc8-up-1730689320000000000,1730700240000000000,O-20241104-060400-09-000-870,1,68902.0,0.853,10.57921308,33.50084141999999,0.00075
baseline:long-btc,resolution-588bc6994e1e0667-down-1730739780000000000,1730740080000000000,O-20241104-170800-09-000-871,1,67641.40000000001,0.786,9.56990527,30.30470003000001,0.00075
baseline:long-btc,resolution-588bc6994e1e0667-down-1730739780000000000,1730740380000000000,O-20241104-170800-09-000-872,2,67487.8,0.786,9.54817394,30.235884160000005,0.00075
baseline:long-btc,resolution-b37ddbf2bb01c081-up-1731394440000000000,1731394620000000000,O-20241112-065700-09-000-874,2,89684.9,0.492,7.94249474,25.15123336,0.00075
baseline:long-btc,resolution-b37ddbf2bb01c081-up-1731394440000000000,1731395640000000000,O-20241112-065700-09-000-875,1,89944.9,0.492,7.96552034,25.224147759999997,0.00075
baseline:long-btc,resolution-ec2ce40c3b987104-up-1731606420000000000,1731606600000000000,O-20241114-175000-09-000-877,2,89100.09999999999,0.457,7.32937423,23.209685045,0.00075
baseline:long-btc,resolution-ec2ce40c3b987104-up-1731606420000000000,1731606900000000000,O-20241114-175000-09-000-878,1,89378.4,0.457,7.35226718,23.282179420000002,0.00075
baseline:long-btc,resolution-25945608be32bd2b-up-1731950460000000000,1731950700000000000,O-20241118-172500-09-000-880,2,91864.3,0.327,5.4071327,17.122586875,0.00075
baseline:long-btc,resolution-25945608be32bd2b-up-1731950460000000000,1731952140000000000,O-20241118-172500-09-000-882,1,90998.59999999999,0.327,5.95130844,16.36609821,0.00075
baseline:long-btc,resolution-50cf9f3a2ca7bd49-up-1732021980000000000,1732022220000000000,O-20241119-131700-09-000-883,2,92568.0,0.51,8.4977424,26.909517599999997,0.00075
baseline:long-btc,resolution-50cf9f3a2ca7bd49-up-1732021980000000000,1732024920000000000,O-20241119-131700-09-000-885,1,91061.1,0.51,9.2882322,25.542638550000007,0.00075
baseline:long-btc,resolution-1bbb564bb067dd43-up-1732584720000000000,1732585320000000000,O-20241126-014200-09-000-886,2,94459.6,0.364,6.18899299,19.598477810000002,0.00075
baseline:long-btc,resolution-1bbb564bb067dd43-up-1732584720000000000,1732586280000000000,O-20241126-014200-09-000-887,1,94896.2,0.364,6.21759902,19.68906358,0.00075
baseline:long-btc,resolution-91dc00ba1606e4e6-down-1732648860000000000,1732649280000000000,O-20241126-192800-09-000-889,1,92081.90000000001,0.636,10.54153591,33.38153039,0.00075
baseline:long-btc,resolution-91dc00ba1606e4e6-down-1732648860000000000,1732649520000000000,O-20241126-192800-09-000-890,2,91898.0,0.636,10.52048304,33.31486296,0.00075
baseline:long-btc,resolution-f91cbb5c362409d5-down-1732690320000000000,1732691040000000000,O-20241127-070400-09-000-892,1,93213.2,0.657,11.02339303,34.907411270000004,0.00075
baseline:long-btc,resolution-f91cbb5c362409d5-down-1732690320000000000,1732701840000000000,O-20241127-100400-09-000-895,2,93442.20000000001,0.657,11.05047457,34.99316948000001,0.00075
baseline:long-btc,resolution-bb0797a9e8c38fcc-up-1733786220000000000,1733786400000000000,O-20241209-232000-09-000-896,2,97400.0,0.6,10.5192,33.3108,0.00075
baseline:long-btc,resolution-bb0797a9e8c38fcc-up-1733786220000000000,1733788500000000000,O-20241209-235500-09-000-899,1,97478.09999999999,0.6,10.5276348,33.3375102,0.00075
baseline:long-btc,resolution-b100d0ec4af545b2-up-1733857920000000000,1733858220000000000,O-20241210-191700-09-000-900,2,95511.3,0.536,9.21493022,29.180612380000003,0.00075
baseline:long-btc,resolution-b100d0ec4af545b2-up-1733857920000000000,1733858340000000000,O-20241210-191700-09-000-901,1,95733.79999999999,0.536,9.23639702,29.24859058,0.00075
baseline:long-btc,resolution-e74c63fbb2f21b6a-up-1733862600000000000,1733862720000000000,O-20241210-203200-09-000-903,2,96312.0,0.551,9.55222416,30.24870984,0.00075
baseline:long-btc,resolution-e74c63fbb2f21b6a-up-1733862600000000000,1733863740000000000,O-20241210-203200-09-000-904,1,96512.8,0.551,9.5721395,30.311775100000006,0.00075
baseline:long-btc,resolution-b7324f52ffa7c434-up-1733906520000000000,1733907000000000000,O-20241211-085000-09-000-906,2,97997.3,0.279,4.92142441,15.584510615000005,0.00075
baseline:long-btc,resolution-b7324f52ffa7c434-up-1733906520000000000,1733917800000000000,O-20241211-115000-09-000-909,1,98139.2,0.279,4.92855062,15.60707698,0.00075
baseline:long-btc,resolution-06471c69356f662a-up-1733946180000000000,1733946720000000000,O-20241211-195200-09-000-910,2,100907.2,0.496,9.00899482,28.52848358,0.00075
baseline:long-btc,resolution-06471c69356f662a-up-1733946180000000000,1733946840000000000,O-20241211-195200-09-000-911,1,101122.7,0.496,9.02823466,28.58940974,0.00075
baseline:long-btc,resolution-c8c92243f2c3fa16-up-1734138180000000000,1734138480000000000,O-20241214-010800-09-000-913,2,101792.6,0.344,6.30299779,19.959493010000003,0.00075
baseline:long-btc,resolution-c8c92243f2c3fa16-up-1734138180000000000,1734139080000000000,O-20241214-010800-09-000-914,1,102153.1,0.344,6.32531995,20.03017985,0.00075
baseline:long-btc,resolution-f60193b84c1be958-down-1734486840000000000,1734487200000000000,O-20241218-020000-09-000-916,1,105293.40000000001,0.26,4.92773112,15.604481880000002,0.00075
baseline:long-btc,resolution-f60193b84c1be958-down-1734486840000000000,1734491340000000000,O-20241218-020000-09-000-917,2,104793.0,0.26,4.9043124,15.5303226,0.00075
baseline:long-btc,resolution-385cf041878204d3-down-1734654720000000000,1734654840000000000,O-20241220-003400-09-000-919,1,96758.09999999999,0.548,9.54421898,30.22336012,0.00075
baseline:long-btc,resolution-385cf041878204d3-down-1734654720000000000,1734655140000000000,O-20241220-003400-09-000-921,2,97367.6,0.548,10.67148896,29.346594640000003,0.00075
