[1m2026-08-08T07:28:18.393196277Z[0m [36m[INFO] TRADER-001.BacktestEngine: =================================================================[0m
[1m2026-08-08T07:28:18.393210378Z[0m [36m[INFO] TRADER-001.BacktestEngine:  NAUTILUS TRADER - Automated Algorithmic Trading Platform[0m
[1m2026-08-08T07:28:18.393210839Z[0m [36m[INFO] TRADER-001.BacktestEngine:  by Nautech Systems Pty Ltd.[0m
[1m2026-08-08T07:28:18.393211019Z[0m [36m[INFO] TRADER-001.BacktestEngine:  Copyright (C) 2015-2026. All rights reserved.[0m
[1m2026-08-08T07:28:18.393211190Z[0m [36m[INFO] TRADER-001.BacktestEngine: =================================================================[0m
[1m2026-08-08T07:28:18.393211390Z[0m [INFO] TRADER-001.BacktestEngine: [0m
[1m2026-08-08T07:28:18.393211620Z[0m [INFO] TRADER-001.BacktestEngine: ⠀⠀⠀⠀⠀⠀⠀⠀⠀⠀⠀⠀⠀⣠⣴⣶⡟⠀⠀⠀⠀⠀⠀⠀⠀⠀⠀⠀⠀⠀⠀[0m
[1m2026-08-08T07:28:18.393211760Z[0m [INFO] TRADER-001.BacktestEngine: ⠀⠀⠀⠀⠀⠀⠀⠀⠀⠀⠀⣰⣾⣿⣿⣿⠀⢸⣿⣿⣿⣿⣶⣶⣤⣀⠀⠀⠀⠀⠀[0m
[1m2026-08-08T07:28:18.393212181Z[0m [INFO] TRADER-001.BacktestEngine: ⠀⠀⠀⠀⠀⠀⢀⣴⡇⢀⣾⣿⣿⣿⣿⣿⠀⣾⣿⣿⣿⣿⣿⣿⣿⠿⠓⠀⠀⠀⠀[0m
[1m2026-08-08T07:28:18.393212482Z[0m [INFO] TRADER-001.BacktestEngine: ⠀⠀⠀⠀⠀⣰⣿⣿⡀⢸⣿⣿⣿⣿⣿⣿⠀⣿⣿⣿⣿⣿⣿⠟⠁⣠⣄⠀⠀⠀⠀[0m
[1m2026-08-08T07:28:18.393212832Z[0m [INFO] TRADER-001.BacktestEngine: ⠀⠀⠀⠀⢠⣿⣿⣿⣇⠀⢿⣿⣿⣿⣿⣿⠀⢻⣿⣿⣿⡿⢃⣠⣾⣿⣿⣧⡀⠀⠀[0m
[1m2026-08-08T07:28:18.393213112Z[0m [INFO] TRADER-001.BacktestEngine: ⠀⠀⠀⠠⣾⣿⣿⣿⣿⣿⣧⠈⠋⢀⣴⣧⠀⣿⡏⢠⡀⢸⣿⣿⣿⣿⣿⣿⣿⡇⠀[0m
[1m2026-08-08T07:28:18.393213503Z[0m [INFO] TRADER-001.BacktestEngine: ⠀⠀⠀⣀⠙⢿⣿⣿⣿⣿⣿⠇⢠⣿⣿⣿⡄⠹⠃⠼⠃⠈⠉⠛⠛⠛⠛⠛⠻⠇⠀[0m
[1m2026-08-08T07:28:18.393213773Z[0m [INFO] TRADER-001.BacktestEngine: ⠀⠀⢸⡟⢠⣤⠉⠛⠿⢿⣿⠀⢸⣿⡿⠋⣠⣤⣄⠀⣾⣿⣿⣶⣶⣶⣦⡄⠀⠀⠀[0m
[1m2026-08-08T07:28:18.393214565Z[0m [INFO] TRADER-001.BacktestEngine: ⠀⠀⠸⠀⣾⠏⣸⣷⠂⣠⣤⠀⠘⢁⣴⣾⣿⣿⣿⡆⠘⣿⣿⣿⣿⣿⣿⠀⠀⠀⠀[0m
[1m2026-08-08T07:28:18.393214705Z[0m [INFO] TRADER-001.BacktestEngine: ⠀⠀⠀⠀⠛⠀⣿⡟⠀⢻⣿⡄⠸⣿⣿⣿⣿⣿⣿⣿⡀⠘⣿⣿⣿⣿⠟⠀⠀⠀⠀[0m
[1m2026-08-08T07:28:18.393215115Z[0m [INFO] TRADER-001.BacktestEngine: ⠀⠀⠀⠀⠀⠀⣿⠇⠀⠀⢻⡿⠀⠈⠻⣿⣿⣿⣿⣿⡇⠀⢹⣿⠿⠋⠀⠀⠀⠀⠀[0m
[1m2026-08-08T07:28:18.393215256Z[0m [INFO] TRADER-001.BacktestEngine: ⠀⠀⠀⠀⠀⠀⠋⠀⠀⠀⡘⠁⠀⠀⠀⠀⠀⠀⠀⠀⠀⠀⠈⠁⠀⠀⠀⠀⠀⠀⠀[0m
[1m2026-08-08T07:28:18.393215406Z[0m [INFO] TRADER-001.BacktestEngine: [0m
[1m2026-08-08T07:28:18.393215526Z[0m [36m[INFO] TRADER-001.BacktestEngine: =================================================================[0m
[1m2026-08-08T07:28:18.393215957Z[0m [36m[INFO] TRADER-001.BacktestEngine:  SYSTEM SPECIFICATION[0m
[1m2026-08-08T07:28:18.393216097Z[0m [36m[INFO] TRADER-001.BacktestEngine: =================================================================[0m
[1m2026-08-08T07:28:18.393217970Z[0m [INFO] TRADER-001.BacktestEngine: CPU architecture: AMD EPYC 9V74 80-Core Processor[0m
[1m2026-08-08T07:28:18.393218701Z[0m [INFO] TRADER-001.BacktestEngine: CPU(s): 4 @ 2596 MHz[0m
[1m2026-08-08T07:28:18.393219582Z[0m [INFO] TRADER-001.BacktestEngine: OS: kernel-6.17.0-1020-azure Linux (Debian GNU/Linux 12)[0m
[1m2026-08-08T07:28:18.393287895Z[0m [36m[INFO] TRADER-001.BacktestEngine: =================================================================[0m
[1m2026-08-08T07:28:18.393288315Z[0m [36m[INFO] TRADER-001.BacktestEngine:  MEMORY USAGE[0m
[1m2026-08-08T07:28:18.393288556Z[0m [36m[INFO] TRADER-001.BacktestEngine: =================================================================[0m
[1m2026-08-08T07:28:18.393292181Z[0m [INFO] TRADER-001.BacktestEngine: RAM-Total: 15.61 GiB[0m
[1m2026-08-08T07:28:18.393300864Z[0m [INFO] TRADER-001.BacktestEngine: RAM-Used: 1.37 GiB (8.79%)[0m
[1m2026-08-08T07:28:18.393301605Z[0m [INFO] TRADER-001.BacktestEngine: RAM-Avail: 14.24 GiB (91.21%)[0m
[1m2026-08-08T07:28:18.393303018Z[0m [INFO] TRADER-001.BacktestEngine: Swap-Total: 3.00 GiB[0m
[1m2026-08-08T07:28:18.393303608Z[0m [INFO] TRADER-001.BacktestEngine: Swap-Used: 0.00 GiB (0.00%)[0m
[1m2026-08-08T07:28:18.393304550Z[0m [INFO] TRADER-001.BacktestEngine: Swap-Avail: 3.00 GiB (100.00%)[0m
[1m2026-08-08T07:28:18.393305191Z[0m [36m[INFO] TRADER-001.BacktestEngine: =================================================================[0m
[1m2026-08-08T07:28:18.393305421Z[0m [36m[INFO] TRADER-001.BacktestEngine:  IDENTIFIERS[0m
[1m2026-08-08T07:28:18.393305611Z[0m [36m[INFO] TRADER-001.BacktestEngine: =================================================================[0m
[1m2026-08-08T07:28:18.393306082Z[0m [INFO] TRADER-001.BacktestEngine: trader_id: TRADER-001[0m
[1m2026-08-08T07:28:18.393306713Z[0m [INFO] TRADER-001.BacktestEngine: machine_id: 7032510aad52[0m
[1m2026-08-08T07:28:18.393308125Z[0m [INFO] TRADER-001.BacktestEngine: instance_id: 8433b3cc-c640-419a-a0ac-664c40a8f182[0m
[1m2026-08-08T07:28:18.393308566Z[0m [INFO] TRADER-001.BacktestEngine: PID: 255[0m
[1m2026-08-08T07:28:18.393308796Z[0m [36m[INFO] TRADER-001.BacktestEngine: =================================================================[0m
[1m2026-08-08T07:28:18.393309017Z[0m [36m[INFO] TRADER-001.BacktestEngine:  VERSIONING[0m
[1m2026-08-08T07:28:18.393309227Z[0m [36m[INFO] TRADER-001.BacktestEngine: =================================================================[0m
[1m2026-08-08T07:28:18.393322016Z[0m [INFO] TRADER-001.BacktestEngine: nautilus_trader: 1.230.0[0m
[1m2026-08-08T07:28:18.393328155Z[0m [INFO] TRADER-001.BacktestEngine: python: 3.13.5[0m
[1m2026-08-08T07:28:18.393333143Z[0m [INFO] TRADER-001.BacktestEngine: numpy: 2.5.1[0m
[1m2026-08-08T07:28:18.393337920Z[0m [INFO] TRADER-001.BacktestEngine: pandas: 3.0.5[0m
[1m2026-08-08T07:28:18.393341135Z[0m [INFO] TRADER-001.BacktestEngine: msgspec: 0.21.1[0m
[1m2026-08-08T07:28:18.393349547Z[0m [INFO] TRADER-001.BacktestEngine: pyarrow: 25.0.0[0m
[1m2026-08-08T07:28:18.393354325Z[0m [INFO] TRADER-001.BacktestEngine: pytz: 2026.3.post1[0m
[1m2026-08-08T07:28:18.393357900Z[0m [INFO] TRADER-001.BacktestEngine: uvloop: 0.22.1[0m
[1m2026-08-08T07:28:18.393359122Z[0m [36m[INFO] TRADER-001.BacktestEngine: =================================================================[0m
[1m2026-08-08T07:28:18.393360123Z[0m [INFO] TRADER-001.nautilus_system::kernel: Building system kernel[0m
[1m2026-08-08T07:28:18.393901176Z[0m [INFO] TRADER-001.nautilus_backtest::engine: Adding exchange BINANCE to engine[0m
[1m2026-08-08T07:28:18.393942658Z[0m [INFO] TRADER-001.nautilus_backtest::exchange: Added instrument BTCUSDT-PERP.BINANCE and created matching engine[0m
[1m2026-08-08T07:28:18.393991582Z[0m [INFO] TRADER-001.nautilus_backtest::engine: Added instrument BTCUSDT-PERP.BINANCE to exchange BINANCE[0m
[1m2026-08-08T07:28:18.407911562Z[0m [INFO] TRADER-001.nautilus_backtest::engine: Added 62136 data elements to BacktestEngine (62136 total)[0m
[1m2026-08-08T07:28:18.410280381Z[0m [INFO] TRADER-001.nautilus_backtest::engine: Added 10356 data elements to BacktestEngine (72492 total)[0m
[1m2026-08-08T07:28:18.410301673Z[0m [INFO] TRADER-001.nautilus_backtest::engine: Added 22 data elements to BacktestEngine (72514 total)[0m
[1m2026-08-08T07:28:18.410305358Z[0m [INFO] TRADER-001.nautilus_backtest::engine: Data sort requested (iterator merges streams by replay timestamp)[0m
[1m2026-08-08T07:28:18.410357787Z[0m [INFO] TRADER-001.DataActor-140723844938120: Ready[0m
[1m2026-08-08T07:28:18.410468914Z[0m [INFO] TRADER-001.nautilus_backtest::python::engine: Registered Python strategy DataActor-140723844938120[0m
[1m2026-08-08T07:28:18.410520241Z[0m [INFO] TRADER-001.nautilus_portfolio::portfolio: Updated AccountState(account_id=BINANCE-001, account_type=MARGIN, base_currency=USDT, is_reported=true, balances=[AccountBalance(total=100000.00000000 USDT, locked=0.00000000 USDT, free=100000.00000000 USDT)], margins=[], event_id=f89afa0f-2783-4829-8cfb-bf9c6e0c7ada)[0m
[1m2024-04-07T23:25:10.000000000Z[0m [INFO] TRADER-001.nautilus_system::kernel: Starting[0m
[1m2024-04-07T23:25:10.000000000Z[0m [INFO] TRADER-001.nautilus_backtest::execution_client: Backtest execution client started[0m
[1m2024-04-07T23:25:10.000000000Z[0m [INFO] TRADER-001.nautilus_execution::engine: Started[0m
[1m2024-04-07T23:25:10.000000000Z[0m [INFO] TRADER-001.nautilus_risk::engine: Started[0m
[1m2024-04-07T23:25:10.000000000Z[0m [INFO] TRADER-001.nautilus_system::kernel: Initializing trader[0m
[1m2024-04-07T23:25:10.000000000Z[0m [INFO] TRADER-001.nautilus_system::kernel: Started[0m
[1m2024-04-07T23:25:10.000000000Z[0m [INFO] TRADER-001.nautilus_system::kernel: Starting trader...[0m
[1m2024-04-07T23:25:10.000000000Z[0m [INFO] TRADER-001.nautilus_execution::order_emulator::emulator: Started[0m
[1m2024-04-07T23:25:10.000000000Z[0m [INFO] TRADER-001.nautilus_system::trader: Starting[0m
[1m2024-04-07T23:25:10.000000000Z[0m [INFO] TRADER-001.DataActor-140723844938120: Starting[0m
[1m2024-04-07T23:25:10.000000000Z[0m [INFO] TRADER-001.nautilus_trading::strategy: Starting DataActor-140723844938120[0m
[1m2024-04-07T23:25:10.000000000Z[0m [INFO] TRADER-001.nautilus_common::actor::data_actor: [CMD]--> Subscribe(Bars(SubscribeBars { bar_type: Standard { instrument_id: "BTCUSDT-PERP.BINANCE", spec: BarSpecification { step: 10, aggregation: Second, price_type: Last }, aggregation_source: External }, client_id: None, venue: Some("BINANCE"), command_id: UUID4(55b797af-1465-40a5-ac56-c94eef61dab2), ts_init: UnixNanos(1712532310000000000), correlation_id: None, params: None }))[0m
[1m2024-04-07T23:25:10.000000000Z[0m [INFO] TRADER-001.DataActor-140723844938120: Running[0m
[1m2024-04-07T23:25:10.000000000Z[0m [INFO] TRADER-001.nautilus_system::trader: Running[0m
[1m2024-04-07T23:25:10.000000000Z[0m [INFO] TRADER-001.nautilus_system::kernel: Trader started[0m
[1m2024-04-07T23:25:10.000000000Z[0m [36m[INFO] TRADER-001.nautilus_backtest::engine: =================================================================[0m
[1m2024-04-07T23:25:10.000000000Z[0m [36m[INFO] TRADER-001.nautilus_backtest::engine:  BACKTEST PRE-RUN[0m
[1m2024-04-07T23:25:10.000000000Z[0m [36m[INFO] TRADER-001.nautilus_backtest::engine: =================================================================[0m
[1m2024-04-07T23:25:10.000000000Z[0m [36m[INFO] TRADER-001.nautilus_backtest::engine: =================================================================[0m
[1m2024-04-07T23:25:10.000000000Z[0m [INFO] TRADER-001.nautilus_backtest::engine:  SimulatedVenue BINANCE (MARGIN)[0m
[1m2024-04-07T23:25:10.000000000Z[0m [36m[INFO] TRADER-001.nautilus_backtest::engine: -----------------------------------------------------------------[0m
[1m2024-04-07T23:25:10.000000000Z[0m [INFO] TRADER-001.nautilus_backtest::engine: Balances starting:[0m
[1m2024-04-07T23:25:10.000000000Z[0m [INFO] TRADER-001.nautilus_backtest::engine:   100000.00000000 USDT[0m
[1m2024-04-07T23:25:10.000000000Z[0m [36m[INFO] TRADER-001.nautilus_backtest::engine: -----------------------------------------------------------------[0m
[1m2024-04-07T23:25:10.000000000Z[0m [36m[INFO] TRADER-001.nautilus_backtest::engine: =================================================================[0m
[1m2024-04-07T23:25:10.000000000Z[0m [36m[INFO] TRADER-001.nautilus_backtest::engine:  BACKTEST RUN[0m
[1m2024-04-07T23:25:10.000000000Z[0m [36m[INFO] TRADER-001.nautilus_backtest::engine: =================================================================[0m
[1m2024-04-07T23:25:10.000000000Z[0m [INFO] TRADER-001.nautilus_backtest::engine: Run config ID:  None[0m
[1m2024-04-07T23:25:10.000000000Z[0m [INFO] TRADER-001.nautilus_backtest::engine: Run ID:         c3c8e5df-aba8-458b-8d3b-532149a275a2[0m
[1m2024-04-07T23:25:10.000000000Z[0m [INFO] TRADER-001.nautilus_backtest::engine: Backtest start: 2024-04-07T23:25:10.000000000Z[0m
[1m2024-04-07T23:25:10.000000000Z[0m [INFO] TRADER-001.nautilus_backtest::engine: Data elements:  72514[0m
[1m2024-04-07T23:25:10.000000000Z[0m [36m[INFO] TRADER-001.nautilus_backtest::engine: -----------------------------------------------------------------[0m
[1m2024-04-07T23:25:10.000000000Z[0m [94m[INFO] TRADER-001.nautilus_data::client: Subscribed BTCUSDT-PERP.BINANCE-10-SECOND-LAST-EXTERNAL bars[0m
[1m2024-04-10T02:02:40.000000000Z[0m [INFO] TRADER-001.nautilus_trading::strategy: DataActor-140723844938120 <--[EVT] OrderInitialized(instrument_id=BTCUSDT-PERP.BINANCE, client_order_id=O-20240410-020240-001-140723844938120-1, side=BUY, type=MARKET, quantity=8.860, time_in_force=GTC, post_only=false, reduce_only=false, quote_quantity=false, price=None, emulation_trigger=None, trigger_instrument_id=None, contingency_type=OTO, order_list_id=OL-20240410-020240-001-140723844938120-1, linked_order_ids=[O-20240410-020240-001-140723844938120-2, O-20240410-020240-001-140723844938120-3], parent_order_id=None, exec_algorithm_id=None, exec_algorithm_params=None, exec_spawn_id=None, tags=flow-response-btcusdt-000020, BREAKOUT_ACCEPTANCE_CONTINUATION, LONG, TEN_SECOND_MARKET_ENTRY)[0m
[1m2024-04-10T02:02:40.000000000Z[0m [INFO] TRADER-001.nautilus_trading::strategy: DataActor-140723844938120 <--[EVT] OrderInitialized(instrument_id=BTCUSDT-PERP.BINANCE, client_order_id=O-20240410-020240-001-140723844938120-2, side=SELL, type=STOP_MARKET, quantity=8.860, time_in_force=GTC, post_only=false, reduce_only=true, quote_quantity=false, price=None, emulation_trigger=None, trigger_instrument_id=None, contingency_type=OUO, order_list_id=OL-20240410-020240-001-140723844938120-1, linked_order_ids=[O-20240410-020240-001-140723844938120-3], parent_order_id=O-20240410-020240-001-140723844938120-1, exec_algorithm_id=None, exec_algorithm_params=None, exec_spawn_id=None, tags=flow-response-btcusdt-000020, OBSERVED_RETEST_INVALIDATION)[0m
[1m2024-04-10T02:02:40.000000000Z[0m [INFO] TRADER-001.nautilus_trading::strategy: DataActor-140723844938120 <--[EVT] OrderInitialized(instrument_id=BTCUSDT-PERP.BINANCE, client_order_id=O-20240410-020240-001-140723844938120-3, side=SELL, type=LIMIT, quantity=8.860, time_in_force=GTC, post_only=false, reduce_only=true, quote_quantity=false, price=71048.3, emulation_trigger=None, trigger_instrument_id=None, contingency_type=OUO, order_list_id=OL-20240410-020240-001-140723844938120-1, linked_order_ids=[O-20240410-020240-001-140723844938120-2], parent_order_id=O-20240410-020240-001-140723844938120-1, exec_algorithm_id=None, exec_algorithm_params=None, exec_spawn_id=None, tags=flow-response-btcusdt-000020, ACTIVE_COMPLETED_EXTERNAL_TARGET)[0m
[1m2024-04-10T02:02:40.000000000Z[0m [INFO] TRADER-001.nautilus_trading::strategy: DataActor-140723844938120 [CMD]--> SubmitOrderList[0m
[1m2024-04-10T02:02:40.000000000Z[0m [94m[INFO] TRADER-001.nautilus_execution::engine: Submit OrderList(id=OL-20240410-020240-001-140723844938120-1, instrument_id=BTCUSDT-PERP.BINANCE, strategy_id=DataActor-140723844938120, client_order_ids=["O-20240410-020240-001-140723844938120-1", "O-20240410-020240-001-140723844938120-2", "O-20240410-020240-001-140723844938120-3"], ts_init=1712714560000000000)[0m
[1m2024-04-10T02:02:40.000000000Z[0m [INFO] TRADER-001.nautilus_trading::strategy: DataActor-140723844938120 <--[EVT] OrderSubmitted(instrument_id=BTCUSDT-PERP.BINANCE, client_order_id=O-20240410-020240-001-140723844938120-1, account_id=BINANCE-001, ts_event=1712714560000000000)[0m
[1m2024-04-10T02:02:40.000000000Z[0m [INFO] TRADER-001.nautilus_trading::strategy: DataActor-140723844938120 <--[EVT] OrderSubmitted(instrument_id=BTCUSDT-PERP.BINANCE, client_order_id=O-20240410-020240-001-140723844938120-2, account_id=BINANCE-001, ts_event=1712714560000000000)[0m
[1m2024-04-10T02:02:40.000000000Z[0m [INFO] TRADER-001.nautilus_trading::strategy: DataActor-140723844938120 <--[EVT] OrderSubmitted(instrument_id=BTCUSDT-PERP.BINANCE, client_order_id=O-20240410-020240-001-140723844938120-3, account_id=BINANCE-001, ts_event=1712714560000000000)[0m
[1m2024-04-10T02:02:40.000000000Z[0m [INFO] TRADER-001.nautilus_portfolio::manager: BTCUSDT-PERP.BINANCE margin_init=0.00000000 USDT[0m
[1m2024-04-10T02:02:40.000000000Z[0m [INFO] TRADER-001.nautilus_trading::strategy: DataActor-140723844938120 <--[EVT] OrderFilled(instrument_id=BTCUSDT-PERP.BINANCE, client_order_id=O-20240410-020240-001-140723844938120-1, venue_order_id=BINANCE-1-1, account_id=BINANCE-001, trade_id=T-17b6b4d9a69f6a7a-51280, position_id=P-20240410-020240-001-140723844938120-1, order_side=BUY, order_type=MARKET, last_qty=8.860, last_px=69_638.5 USDT, commission=370.19826600 USDT, liquidity_side=TAKER, ts_event=1712714560000000000)[0m
[1m2024-04-10T02:02:40.000000000Z[0m [INFO] TRADER-001.nautilus_portfolio::portfolio: BTCUSDT-PERP.BINANCE net_position=8.86[0m
[1m2024-04-10T02:02:40.000000000Z[0m [INFO] TRADER-001.nautilus_portfolio::manager: BTCUSDT-PERP.BINANCE margin_maint=2467.98844000 USDT[0m
[1m2024-04-10T02:02:40.000000000Z[0m [INFO] TRADER-001.nautilus_portfolio::portfolio: Updated AccountState(account_id=BINANCE-001, account_type=MARGIN, base_currency=USDT, is_reported=false, balances=[AccountBalance(total=99629.80173400 USDT, locked=2467.98844000 USDT, free=97161.81329400 USDT)], margins=[MarginBalance(initial=0.00000000 USDT, maintenance=2467.98844000 USDT, instrument_id=BTCUSDT-PERP.BINANCE)], event_id=2122e45c-1833-46c1-92b0-43833e78b8bc)[0m
[1m2024-04-10T02:02:40.000000000Z[0m [INFO] TRADER-001.nautilus_trading::strategy: DataActor-140723844938120 <--[EVT] PositionOpened(PositionOpened { trader_id: "TRADER-001", strategy_id: "DataActor-140723844938120", instrument_id: "BTCUSDT-PERP.BINANCE", position_id: "P-20240410-020240-001-140723844938120-1", account_id: "BINANCE-001", opening_order_id: "O-20240410-020240-001-140723844938120-1", entry: Buy, side: Long, signed_qty: 8.86, quantity: Quantity(8.860), last_qty: Quantity(8.860), last_px: Price(69638.5), currency: Currency(code='USDT', precision=8, iso4217=0, name='Tether', currency_type=CRYPTO), avg_px_open: 69638.5, event_id: UUID4(ac8c3157-088c-46c0-8162-7a6e992b8874), ts_event: UnixNanos(1712714560000000000), ts_init: UnixNanos(1712714560000000000) })[0m
[1m2024-04-10T02:02:40.000000000Z[0m [INFO] TRADER-001.nautilus_portfolio::manager: BTCUSDT-PERP.BINANCE margin_init=0.00000000 USDT[0m
[1m2024-04-10T02:02:40.000000000Z[0m [INFO] TRADER-001.nautilus_portfolio::portfolio: Updated AccountState(account_id=BINANCE-001, account_type=MARGIN, base_currency=USDT, is_reported=false, balances=[AccountBalance(total=99629.80173400 USDT, locked=2467.98844000 USDT, free=97161.81329400 USDT)], margins=[MarginBalance(initial=0.00000000 USDT, maintenance=2467.98844000 USDT, instrument_id=BTCUSDT-PERP.BINANCE)], event_id=f540b416-034b-4da8-820a-5cf7bac8ed4f)[0m
[1m2024-04-10T02:02:40.000000000Z[0m [INFO] TRADER-001.nautilus_trading::strategy: DataActor-140723844938120 <--[EVT] OrderAccepted(instrument_id=BTCUSDT-PERP.BINANCE, client_order_id=O-20240410-020240-001-140723844938120-2, venue_order_id=BINANCE-1-2, account_id=BINANCE-001, ts_event=1712714560000000000)[0m
[1m2024-04-10T02:02:40.000000000Z[0m [INFO] TRADER-001.nautilus_portfolio::manager: BTCUSDT-PERP.BINANCE margin_init=0.00000000 USDT[0m
[1m2024-04-10T02:02:40.000000000Z[0m [INFO] TRADER-001.nautilus_portfolio::portfolio: Updated AccountState(account_id=BINANCE-001, account_type=MARGIN, base_currency=USDT, is_reported=false, balances=[AccountBalance(total=99629.80173400 USDT, locked=2467.98844000 USDT, free=97161.81329400 USDT)], margins=[MarginBalance(initial=0.00000000 USDT, maintenance=2467.98844000 USDT, instrument_id=BTCUSDT-PERP.BINANCE)], event_id=f07cedba-5b20-44d3-9166-f5347c025e5f)[0m
[1m2024-04-10T02:02:40.000000000Z[0m [INFO] TRADER-001.nautilus_trading::strategy: DataActor-140723844938120 <--[EVT] OrderAccepted(instrument_id=BTCUSDT-PERP.BINANCE, client_order_id=O-20240410-020240-001-140723844938120-3, venue_order_id=BINANCE-1-3, account_id=BINANCE-001, ts_event=1712714560000000000)[0m
[1m2024-04-10T02:02:40.000000000Z[0m [1;33m[WARN] TRADER-001.nautilus_common::cache: Cannot calculate unrealized PnL for P-20240410-020240-001-140723844938120-1, no quotes for BTCUSDT-PERP.BINANCE[0m
[1m2024-04-10T02:02:50.000000000Z[0m [1;33m[WARN] TRADER-001.nautilus_common::cache: Cannot calculate unrealized PnL for P-20240410-020240-001-140723844938120-1, no quotes for BTCUSDT-PERP.BINANCE[0m
[1m2024-04-10T02:02:59.999000000Z[0m [1;33m[WARN] TRADER-001.nautilus_common::cache: Cannot calculate unrealized PnL for P-20240410-020240-001-140723844938120-1, no quotes for BTCUSDT-PERP.BINANCE[0m
[1m2024-04-10T02:03:00.000000000Z[0m [1;33m[WARN] TRADER-001.nautilus_common::cache: Cannot calculate unrealized PnL for P-20240410-020240-001-140723844938120-1, no quotes for BTCUSDT-PERP.BINANCE[0m
[1m2024-04-10T02:03:10.000000000Z[0m [1;33m[WARN] TRADER-001.nautilus_common::cache: Cannot calculate unrealized PnL for P-20240410-020240-001-140723844938120-1, no quotes for BTCUSDT-PERP.BINANCE[0m
[1m2024-04-10T02:03:20.000000000Z[0m [1;33m[WARN] TRADER-001.nautilus_common::cache: Cannot calculate unrealized PnL for P-20240410-020240-001-140723844938120-1, no quotes for BTCUSDT-PERP.BINANCE[0m
[1m2024-04-10T02:03:30.000000000Z[0m [1;33m[WARN] TRADER-001.nautilus_common::cache: Cannot calculate unrealized PnL for P-20240410-020240-001-140723844938120-1, no quotes for BTCUSDT-PERP.BINANCE[0m
[1m2024-04-10T02:03:40.000000000Z[0m [1;33m[WARN] TRADER-001.nautilus_common::cache: Cannot calculate unrealized PnL for P-20240410-020240-001-140723844938120-1, no quotes for BTCUSDT-PERP.BINANCE[0m
[1m2024-04-10T02:03:50.000000000Z[0m [1;33m[WARN] TRADER-001.nautilus_common::cache: Cannot calculate unrealized PnL for P-20240410-020240-001-140723844938120-1, no quotes for BTCUSDT-PERP.BINANCE[0m
[1m2024-04-10T02:03:59.999000000Z[0m [1;33m[WARN] TRADER-001.nautilus_common::cache: Cannot calculate unrealized PnL for P-20240410-020240-001-140723844938120-1, no quotes for BTCUSDT-PERP.BINANCE[0m
[1m2024-04-10T02:04:00.000000000Z[0m [1;33m[WARN] TRADER-001.nautilus_common::cache: Cannot calculate unrealized PnL for P-20240410-020240-001-140723844938120-1, no quotes for BTCUSDT-PERP.BINANCE[0m
[1m2024-04-10T02:04:10.000000000Z[0m [1;33m[WARN] TRADER-001.nautilus_common::cache: Cannot calculate unrealized PnL for P-20240410-020240-001-140723844938120-1, no quotes for BTCUSDT-PERP.BINANCE[0m
[1m2024-04-10T02:04:20.000000000Z[0m [1;33m[WARN] TRADER-001.nautilus_common::cache: Cannot calculate unrealized PnL for P-20240410-020240-001-140723844938120-1, no quotes for BTCUSDT-PERP.BINANCE[0m
[1m2024-04-10T02:04:30.000000000Z[0m [1;33m[WARN] TRADER-001.nautilus_common::cache: Cannot calculate unrealized PnL for P-20240410-020240-001-140723844938120-1, no quotes for BTCUSDT-PERP.BINANCE[0m
[1m2024-04-10T02:04:40.000000000Z[0m [1;33m[WARN] TRADER-001.nautilus_common::cache: Cannot calculate unrealized PnL for P-20240410-020240-001-140723844938120-1, no quotes for BTCUSDT-PERP.BINANCE[0m
[1m2024-04-10T02:04:50.000000000Z[0m [1;33m[WARN] TRADER-001.nautilus_common::cache: Cannot calculate unrealized PnL for P-20240410-020240-001-140723844938120-1, no quotes for BTCUSDT-PERP.BINANCE[0m
[1m2024-04-10T02:04:59.999000000Z[0m [1;33m[WARN] TRADER-001.nautilus_common::cache: Cannot calculate unrealized PnL for P-20240410-020240-001-140723844938120-1, no quotes for BTCUSDT-PERP.BINANCE[0m
[1m2024-04-10T02:05:00.000000000Z[0m [1;33m[WARN] TRADER-001.nautilus_common::cache: Cannot calculate unrealized PnL for P-20240410-020240-001-140723844938120-1, no quotes for BTCUSDT-PERP.BINANCE[0m
[1m2024-04-10T02:05:10.000000000Z[0m [1;33m[WARN] TRADER-001.nautilus_common::cache: Cannot calculate unrealized PnL for P-20240410-020240-001-140723844938120-1, no quotes for BTCUSDT-PERP.BINANCE[0m
[1m2024-04-10T02:05:20.000000000Z[0m [1;33m[WARN] TRADER-001.nautilus_common::cache: Cannot calculate unrealized PnL for P-20240410-020240-001-140723844938120-1, no quotes for BTCUSDT-PERP.BINANCE[0m
[1m2024-04-10T02:05:30.000000000Z[0m [1;33m[WARN] TRADER-001.nautilus_common::cache: Cannot calculate unrealized PnL for P-20240410-020240-001-140723844938120-1, no quotes for BTCUSDT-PERP.BINANCE[0m
[1m2024-04-10T02:05:40.000000000Z[0m [INFO] TRADER-001.nautilus_portfolio::manager: BTCUSDT-PERP.BINANCE margin_init=0.00000000 USDT[0m
[1m2024-04-10T02:05:40.000000000Z[0m [INFO] TRADER-001.nautilus_trading::strategy: DataActor-140723844938120 <--[EVT] OrderFilled(instrument_id=BTCUSDT-PERP.BINANCE, client_order_id=O-20240410-020240-001-140723844938120-2, venue_order_id=BINANCE-1-2, account_id=BINANCE-001, trade_id=T-33e51273e2e77349-51344, position_id=P-20240410-020240-001-140723844938120-1, order_side=SELL, order_type=STOP_MARKET, last_qty=8.860, last_px=69_453.8 USDT, commission=369.21640080 USDT, liquidity_side=TAKER, ts_event=1712714740000000000)[0m
[1m2024-04-10T02:05:40.000000000Z[0m [INFO] TRADER-001.nautilus_portfolio::portfolio: BTCUSDT-PERP.BINANCE net_position=0[0m
[1m2024-04-10T02:05:40.000000000Z[0m [INFO] TRADER-001.nautilus_portfolio::manager: BTCUSDT-PERP.BINANCE margin_maint=0.00000000 USDT[0m
[1m2024-04-10T02:05:40.000000000Z[0m [INFO] TRADER-001.nautilus_portfolio::portfolio: Updated AccountState(account_id=BINANCE-001, account_type=MARGIN, base_currency=USDT, is_reported=false, balances=[AccountBalance(total=97624.14333320 USDT, locked=0.00000000 USDT, free=97624.14333320 USDT)], margins=[], event_id=2434233f-a60e-4b73-bd5e-58cd766d7c8f)[0m
[1m2024-04-10T02:05:40.000000000Z[0m [INFO] TRADER-001.nautilus_trading::strategy: DataActor-140723844938120 <--[EVT] PositionClosed(PositionClosed { trader_id: "TRADER-001", strategy_id: "DataActor-140723844938120", instrument_id: "BTCUSDT-PERP.BINANCE", position_id: "P-20240410-020240-001-140723844938120-1", account_id: "BINANCE-001", opening_order_id: "O-20240410-020240-001-140723844938120-1", closing_order_id: Some("O-20240410-020240-001-140723844938120-2"), entry: Buy, side: Flat, signed_qty: 0.0, quantity: Quantity(0.000), peak_quantity: Quantity(8.860), last_qty: Quantity(8.860), last_px: Price(69453.8), currency: Currency(code='USDT', precision=8, iso4217=0, name='Tether', currency_type=CRYPTO), avg_px_open: 69638.5, avg_px_close: Some(69453.79999999999), realized_return: -0.002652268500901249, realized_pnl: Some(Money(-2375.85666680, USDT)), unrealized_pnl: Money(0.00000000, USDT), duration: 180000000000, event_id: UUID4(7cb6d051-f067-430c-89e8-5e11cbf8acac), ts_opened: UnixNanos(1712714560000000000), ts_closed: Some(UnixNanos(1712714740000000000)), ts_event: UnixNanos(1712714740000000000), ts_init: UnixNanos(1712714740000000000) })[0m
[1m2024-04-10T02:05:40.000000000Z[0m [INFO] TRADER-001.nautilus_portfolio::manager: BTCUSDT-PERP.BINANCE margin_init=0.00000000 USDT[0m
[1m2024-04-10T02:05:40.000000000Z[0m [INFO] TRADER-001.nautilus_portfolio::portfolio: Updated AccountState(account_id=BINANCE-001, account_type=MARGIN, base_currency=USDT, is_reported=false, balances=[AccountBalance(total=97624.14333320 USDT, locked=0.00000000 USDT, free=97624.14333320 USDT)], margins=[], event_id=e0486838-b93c-4cea-ab98-340f80484d6c)[0m
[1m2024-04-10T02:05:40.000000000Z[0m [INFO] TRADER-001.nautilus_trading::strategy: DataActor-140723844938120 <--[EVT] OrderCanceled(instrument_id=BTCUSDT-PERP.BINANCE, client_order_id=O-20240410-020240-001-140723844938120-3, venue_order_id=BINANCE-1-3, account_id=BINANCE-001, ts_event=1712714740000000000)[0m
[1m2024-04-11T11:40:40.000000000Z[0m [INFO] TRADER-001.nautilus_trading::strategy: DataActor-140723844938120 <--[EVT] OrderInitialized(instrument_id=BTCUSDT-PERP.BINANCE, client_order_id=O-20240411-114040-001-140723844938120-4, side=SELL, type=MARKET, quantity=10.213, time_in_force=GTC, post_only=false, reduce_only=false, quote_quantity=false, price=None, emulation_trigger=None, trigger_instrument_id=None, contingency_type=OTO, order_list_id=OL-20240411-114040-001-140723844938120-2, linked_order_ids=[O-20240411-114040-001-140723844938120-5, O-20240411-114040-001-140723844938120-6], parent_order_id=None, exec_algorithm_id=None, exec_algorithm_params=None, exec_spawn_id=None, tags=flow-response-btcusdt-000033, BREAKOUT_ACCEPTANCE_CONTINUATION, SHORT, TEN_SECOND_MARKET_ENTRY)[0m
[1m2024-04-11T11:40:40.000000000Z[0m [INFO] TRADER-001.nautilus_trading::strategy: DataActor-140723844938120 <--[EVT] OrderInitialized(instrument_id=BTCUSDT-PERP.BINANCE, client_order_id=O-20240411-114040-001-140723844938120-5, side=BUY, type=STOP_MARKET, quantity=10.213, time_in_force=GTC, post_only=false, reduce_only=true, quote_quantity=false, price=None, emulation_trigger=None, trigger_instrument_id=None, contingency_type=OUO, order_list_id=OL-20240411-114040-001-140723844938120-2, linked_order_ids=[O-20240411-114040-001-140723844938120-6], parent_order_id=O-20240411-114040-001-140723844938120-4, exec_algorithm_id=None, exec_algorithm_params=None, exec_spawn_id=None, tags=flow-response-btcusdt-000033, OBSERVED_RETEST_INVALIDATION)[0m
[1m2024-04-11T11:40:40.000000000Z[0m [INFO] TRADER-001.nautilus_trading::strategy: DataActor-140723844938120 <--[EVT] OrderInitialized(instrument_id=BTCUSDT-PERP.BINANCE, client_order_id=O-20240411-114040-001-140723844938120-6, side=BUY, type=LIMIT, quantity=10.213, time_in_force=GTC, post_only=false, reduce_only=true, quote_quantity=false, price=69613.4, emulation_trigger=None, trigger_instrument_id=None, contingency_type=OUO, order_list_id=OL-20240411-114040-001-140723844938120-2, linked_order_ids=[O-20240411-114040-001-140723844938120-5], parent_order_id=O-20240411-114040-001-140723844938120-4, exec_algorithm_id=None, exec_algorithm_params=None, exec_spawn_id=None, tags=flow-response-btcusdt-000033, ACTIVE_COMPLETED_EXTERNAL_TARGET)[0m
[1m2024-04-11T11:40:40.000000000Z[0m [INFO] TRADER-001.nautilus_trading::strategy: DataActor-140723844938120 [CMD]--> SubmitOrderList[0m
[1m2024-04-11T11:40:40.000000000Z[0m [94m[INFO] TRADER-001.nautilus_execution::engine: Submit OrderList(id=OL-20240411-114040-001-140723844938120-2, instrument_id=BTCUSDT-PERP.BINANCE, strategy_id=DataActor-140723844938120, client_order_ids=["O-20240411-114040-001-140723844938120-4", "O-20240411-114040-001-140723844938120-5", "O-20240411-114040-001-140723844938120-6"], ts_init=1712835640000000000)[0m
[1m2024-04-11T11:40:40.000000000Z[0m [INFO] TRADER-001.nautilus_trading::strategy: DataActor-140723844938120 <--[EVT] OrderSubmitted(instrument_id=BTCUSDT-PERP.BINANCE, client_order_id=O-20240411-114040-001-140723844938120-4, account_id=BINANCE-001, ts_event=1712835640000000000)[0m
[1m2024-04-11T11:40:40.000000000Z[0m [INFO] TRADER-001.nautilus_trading::strategy: DataActor-140723844938120 <--[EVT] OrderSubmitted(instrument_id=BTCUSDT-PERP.BINANCE, client_order_id=O-20240411-114040-001-140723844938120-5, account_id=BINANCE-001, ts_event=1712835640000000000)[0m
[1m2024-04-11T11:40:40.000000000Z[0m [INFO] TRADER-001.nautilus_trading::strategy: DataActor-140723844938120 <--[EVT] OrderSubmitted(instrument_id=BTCUSDT-PERP.BINANCE, client_order_id=O-20240411-114040-001-140723844938120-6, account_id=BINANCE-001, ts_event=1712835640000000000)[0m
[1m2024-04-11T11:40:40.000000000Z[0m [INFO] TRADER-001.nautilus_portfolio::manager: BTCUSDT-PERP.BINANCE margin_init=0.00000000 USDT[0m
[1m2024-04-11T11:40:40.000000000Z[0m [INFO] TRADER-001.nautilus_trading::strategy: DataActor-140723844938120 <--[EVT] OrderFilled(instrument_id=BTCUSDT-PERP.BINANCE, client_order_id=O-20240411-114040-001-140723844938120-4, venue_order_id=BINANCE-1-4, account_id=BINANCE-001, trade_id=T-4229ed69cbaecd96-85076, position_id=P-20240411-114040-001-140723844938120-2, order_side=SELL, order_type=MARKET, last_qty=10.213, last_px=70_208.6 USDT, commission=430.22425908 USDT, liquidity_side=TAKER, ts_event=1712835640000000000)[0m
[1m2024-04-11T11:40:40.000000000Z[0m [INFO] TRADER-001.nautilus_portfolio::portfolio: BTCUSDT-PERP.BINANCE net_position=-10.213[0m
[1m2024-04-11T11:40:40.000000000Z[0m [INFO] TRADER-001.nautilus_portfolio::manager: BTCUSDT-PERP.BINANCE margin_maint=2868.16172720 USDT[0m
[1m2024-04-11T11:40:40.000000000Z[0m [INFO] TRADER-001.nautilus_portfolio::portfolio: Updated AccountState(account_id=BINANCE-001, account_type=MARGIN, base_currency=USDT, is_reported=false, balances=[AccountBalance(total=97193.91907412 USDT, locked=2868.16172720 USDT, free=94325.75734692 USDT)], margins=[MarginBalance(initial=0.00000000 USDT, maintenance=2868.16172720 USDT, instrument_id=BTCUSDT-PERP.BINANCE)], event_id=bf0d2f3d-c508-43f1-a422-f9ce72fc75fe)[0m
[1m2024-04-11T11:40:40.000000000Z[0m [INFO] TRADER-001.nautilus_trading::strategy: DataActor-140723844938120 <--[EVT] PositionOpened(PositionOpened { trader_id: "TRADER-001", strategy_id: "DataActor-140723844938120", instrument_id: "BTCUSDT-PERP.BINANCE", position_id: "P-20240411-114040-001-140723844938120-2", account_id: "BINANCE-001", opening_order_id: "O-20240411-114040-001-140723844938120-4", entry: Sell, side: Short, signed_qty: -10.213, quantity: Quantity(10.213), last_qty: Quantity(10.213), last_px: Price(70208.6), currency: Currency(code='USDT', precision=8, iso4217=0, name='Tether', currency_type=CRYPTO), avg_px_open: 70208.6, event_id: UUID4(97f55133-fe02-4d9b-87e7-463211f1d722), ts_event: UnixNanos(1712835640000000000), ts_init: UnixNanos(1712835640000000000) })[0m
[1m2024-04-11T11:40:40.000000000Z[0m [INFO] TRADER-001.nautilus_portfolio::manager: BTCUSDT-PERP.BINANCE margin_init=0.00000000 USDT[0m
[1m2024-04-11T11:40:40.000000000Z[0m [INFO] TRADER-001.nautilus_portfolio::portfolio: Updated AccountState(account_id=BINANCE-001, account_type=MARGIN, base_currency=USDT, is_reported=false, balances=[AccountBalance(total=97193.91907412 USDT, locked=2868.16172720 USDT, free=94325.75734692 USDT)], margins=[MarginBalance(initial=0.00000000 USDT, maintenance=2868.16172720 USDT, instrument_id=BTCUSDT-PERP.BINANCE)], event_id=b82d2649-f8f1-45bd-aeed-dcea3ca7405d)[0m
[1m2024-04-11T11:40:40.000000000Z[0m [INFO] TRADER-001.nautilus_trading::strategy: DataActor-140723844938120 <--[EVT] OrderAccepted(instrument_id=BTCUSDT-PERP.BINANCE, client_order_id=O-20240411-114040-001-140723844938120-5, venue_order_id=BINANCE-1-5, account_id=BINANCE-001, ts_event=1712835640000000000)[0m
[1m2024-04-11T11:40:40.000000000Z[0m [INFO] TRADER-001.nautilus_portfolio::manager: BTCUSDT-PERP.BINANCE margin_init=0.00000000 USDT[0m
[1m2024-04-11T11:40:40.000000000Z[0m [INFO] TRADER-001.nautilus_portfolio::portfolio: Updated AccountState(account_id=BINANCE-001, account_type=MARGIN, base_currency=USDT, is_reported=false, balances=[AccountBalance(total=97193.91907412 USDT, locked=2868.16172720 USDT, free=94325.75734692 USDT)], margins=[MarginBalance(initial=0.00000000 USDT, maintenance=2868.16172720 USDT, instrument_id=BTCUSDT-PERP.BINANCE)], event_id=5f3cb80d-ffdf-4eb5-af47-5f41e6871d2d)[0m
[1m2024-04-11T11:40:40.000000000Z[0m [INFO] TRADER-001.nautilus_trading::strategy: DataActor-140723844938120 <--[EVT] OrderAccepted(instrument_id=BTCUSDT-PERP.BINANCE, client_order_id=O-20240411-114040-001-140723844938120-6, venue_order_id=BINANCE-1-6, account_id=BINANCE-001, ts_event=1712835640000000000)[0m
[1m2024-04-11T11:40:40.000000000Z[0m [1;33m[WARN] TRADER-001.nautilus_common::cache: Cannot calculate unrealized PnL for P-20240411-114040-001-140723844938120-2, no quotes for BTCUSDT-PERP.BINANCE[0m
[1m2024-04-11T11:40:50.000000000Z[0m [1;33m[WARN] TRADER-001.nautilus_common::cache: Cannot calculate unrealized PnL for P-20240411-114040-001-140723844938120-2, no quotes for BTCUSDT-PERP.BINANCE[0m
[1m2024-04-11T11:40:59.999000000Z[0m [1;33m[WARN] TRADER-001.nautilus_common::cache: Cannot calculate unrealized PnL for P-20240411-114040-001-140723844938120-2, no quotes for BTCUSDT-PERP.BINANCE[0m
[1m2024-04-11T11:41:00.000000000Z[0m [1;33m[WARN] TRADER-001.nautilus_common::cache: Cannot calculate unrealized PnL for P-20240411-114040-001-140723844938120-2, no quotes for BTCUSDT-PERP.BINANCE[0m
[1m2024-04-11T11:41:10.000000000Z[0m [1;33m[WARN] TRADER-001.nautilus_common::cache: Cannot calculate unrealized PnL for P-20240411-114040-001-140723844938120-2, no quotes for BTCUSDT-PERP.BINANCE[0m
[1m2024-04-11T11:41:20.000000000Z[0m [1;33m[WARN] TRADER-001.nautilus_common::cache: Cannot calculate unrealized PnL for P-20240411-114040-001-140723844938120-2, no quotes for BTCUSDT-PERP.BINANCE[0m
[1m2024-04-11T11:41:30.000000000Z[0m [1;33m[WARN] TRADER-001.nautilus_common::cache: Cannot calculate unrealized PnL for P-20240411-114040-001-140723844938120-2, no quotes for BTCUSDT-PERP.BINANCE[0m
[1m2024-04-11T11:41:40.000000000Z[0m [1;33m[WARN] TRADER-001.nautilus_common::cache: Cannot calculate unrealized PnL for P-20240411-114040-001-140723844938120-2, no quotes for BTCUSDT-PERP.BINANCE[0m
[1m2024-04-11T11:41:50.000000000Z[0m [1;33m[WARN] TRADER-001.nautilus_common::cache: Cannot calculate unrealized PnL for P-20240411-114040-001-140723844938120-2, no quotes for BTCUSDT-PERP.BINANCE[0m
[1m2024-04-11T11:41:59.999000000Z[0m [1;33m[WARN] TRADER-001.nautilus_common::cache: Cannot calculate unrealized PnL for P-20240411-114040-001-140723844938120-2, no quotes for BTCUSDT-PERP.BINANCE[0m
[1m2024-04-11T11:42:00.000000000Z[0m [1;33m[WARN] TRADER-001.nautilus_common::cache: Cannot calculate unrealized PnL for P-20240411-114040-001-140723844938120-2, no quotes for BTCUSDT-PERP.BINANCE[0m
[1m2024-04-11T11:42:10.000000000Z[0m [1;33m[WARN] TRADER-001.nautilus_common::cache: Cannot calculate unrealized PnL for P-20240411-114040-001-140723844938120-2, no quotes for BTCUSDT-PERP.BINANCE[0m
[1m2024-04-11T11:42:20.000000000Z[0m [1;33m[WARN] TRADER-001.nautilus_common::cache: Cannot calculate unrealized PnL for P-20240411-114040-001-140723844938120-2, no quotes for BTCUSDT-PERP.BINANCE[0m
[1m2024-04-11T11:42:30.000000000Z[0m [1;33m[WARN] TRADER-001.nautilus_common::cache: Cannot calculate unrealized PnL for P-20240411-114040-001-140723844938120-2, no quotes for BTCUSDT-PERP.BINANCE[0m
[1m2024-04-11T11:42:40.000000000Z[0m [1;33m[WARN] TRADER-001.nautilus_common::cache: Cannot calculate unrealized PnL for P-20240411-114040-001-140723844938120-2, no quotes for BTCUSDT-PERP.BINANCE[0m
[1m2024-04-11T11:42:50.000000000Z[0m [1;33m[WARN] TRADER-001.nautilus_common::cache: Cannot calculate unrealized PnL for P-20240411-114040-001-140723844938120-2, no quotes for BTCUSDT-PERP.BINANCE[0m
[1m2024-04-11T11:42:59.999000000Z[0m [1;33m[WARN] TRADER-001.nautilus_common::cache: Cannot calculate unrealized PnL for P-20240411-114040-001-140723844938120-2, no quotes for BTCUSDT-PERP.BINANCE[0m
[1m2024-04-11T11:43:00.000000000Z[0m [1;33m[WARN] TRADER-001.nautilus_common::cache: Cannot calculate unrealized PnL for P-20240411-114040-001-140723844938120-2, no quotes for BTCUSDT-PERP.BINANCE[0m
[1m2024-04-11T11:43:10.000000000Z[0m [1;33m[WARN] TRADER-001.nautilus_common::cache: Cannot calculate unrealized PnL for P-20240411-114040-001-140723844938120-2, no quotes for BTCUSDT-PERP.BINANCE[0m
[1m2024-04-11T11:43:20.000000000Z[0m [1;33m[WARN] TRADER-001.nautilus_common::cache: Cannot calculate unrealized PnL for P-20240411-114040-001-140723844938120-2, no quotes for BTCUSDT-PERP.BINANCE[0m
[1m2024-04-11T11:43:30.000000000Z[0m [1;33m[WARN] TRADER-001.nautilus_common::cache: Cannot calculate unrealized PnL for P-20240411-114040-001-140723844938120-2, no quotes for BTCUSDT-PERP.BINANCE[0m
[1m2024-04-11T11:43:40.000000000Z[0m [1;33m[WARN] TRADER-001.nautilus_common::cache: Cannot calculate unrealized PnL for P-20240411-114040-001-140723844938120-2, no quotes for BTCUSDT-PERP.BINANCE[0m
[1m2024-04-11T11:43:50.000000000Z[0m [1;33m[WARN] TRADER-001.nautilus_common::cache: Cannot calculate unrealized PnL for P-20240411-114040-001-140723844938120-2, no quotes for BTCUSDT-PERP.BINANCE[0m
[1m2024-04-11T11:43:59.999000000Z[0m [1;33m[WARN] TRADER-001.nautilus_common::cache: Cannot calculate unrealized PnL for P-20240411-114040-001-140723844938120-2, no quotes for BTCUSDT-PERP.BINANCE[0m
[1m2024-04-11T11:44:00.000000000Z[0m [1;33m[WARN] TRADER-001.nautilus_common::cache: Cannot calculate unrealized PnL for P-20240411-114040-001-140723844938120-2, no quotes for BTCUSDT-PERP.BINANCE[0m
[1m2024-04-11T11:44:10.000000000Z[0m [1;33m[WARN] TRADER-001.nautilus_common::cache: Cannot calculate unrealized PnL for P-20240411-114040-001-140723844938120-2, no quotes for BTCUSDT-PERP.BINANCE[0m
[1m2024-04-11T11:44:20.000000000Z[0m [1;33m[WARN] TRADER-001.nautilus_common::cache: Cannot calculate unrealized PnL for P-20240411-114040-001-140723844938120-2, no quotes for BTCUSDT-PERP.BINANCE[0m
[1m2024-04-11T11:44:30.000000000Z[0m [1;33m[WARN] TRADER-001.nautilus_common::cache: Cannot calculate unrealized PnL for P-20240411-114040-001-140723844938120-2, no quotes for BTCUSDT-PERP.BINANCE[0m
[1m2024-04-11T11:44:40.000000000Z[0m [INFO] TRADER-001.nautilus_portfolio::manager: BTCUSDT-PERP.BINANCE margin_init=0.00000000 USDT[0m
[1m2024-04-11T11:44:40.000000000Z[0m [INFO] TRADER-001.nautilus_trading::strategy: DataActor-140723844938120 <--[EVT] OrderFilled(instrument_id=BTCUSDT-PERP.BINANCE, client_order_id=O-20240411-114040-001-140723844938120-5, venue_order_id=BINANCE-1-5, account_id=BINANCE-001, trade_id=T-85a2011e54dc1d4f-85156, position_id=P-20240411-114040-001-140723844938120-2, order_side=BUY, order_type=STOP_MARKET, last_qty=10.213, last_px=70_363.4 USDT, commission=431.17284252 USDT, liquidity_side=TAKER, ts_event=1712835880000000000)[0m
[1m2024-04-11T11:44:40.000000000Z[0m [INFO] TRADER-001.nautilus_portfolio::portfolio: BTCUSDT-PERP.BINANCE net_position=0[0m
[1m2024-04-11T11:44:40.000000000Z[0m [INFO] TRADER-001.nautilus_portfolio::manager: BTCUSDT-PERP.BINANCE margin_maint=0.00000000 USDT[0m
[1m2024-04-11T11:44:40.000000000Z[0m [INFO] TRADER-001.nautilus_portfolio::portfolio: Updated AccountState(account_id=BINANCE-001, account_type=MARGIN, base_currency=USDT, is_reported=false, balances=[AccountBalance(total=95181.77383160 USDT, locked=0.00000000 USDT, free=95181.77383160 USDT)], margins=[], event_id=1e75bda7-5f3d-4c58-a4d6-9be019b10b57)[0m
[1m2024-04-11T11:44:40.000000000Z[0m [INFO] TRADER-001.nautilus_trading::strategy: DataActor-140723844938120 <--[EVT] PositionClosed(PositionClosed { trader_id: "TRADER-001", strategy_id: "DataActor-140723844938120", instrument_id: "BTCUSDT-PERP.BINANCE", position_id: "P-20240411-114040-001-140723844938120-2", account_id: "BINANCE-001", opening_order_id: "O-20240411-114040-001-140723844938120-4", closing_order_id: Some("O-20240411-114040-001-140723844938120-5"), entry: Sell, side: Flat, signed_qty: 0.0, quantity: Quantity(0.000), peak_quantity: Quantity(10.213), last_qty: Quantity(10.213), last_px: Price(70363.4), currency: Currency(code='USDT', precision=8, iso4217=0, name='Tether', currency_type=CRYPTO), avg_px_open: 70208.6, avg_px_close: Some(70363.4), realized_return: -0.002204858094307369, realized_pnl: Some(Money(-2442.36950160, USDT)), unrealized_pnl: Money(0.00000000, USDT), duration: 240000000000, event_id: UUID4(39a8b049-5990-4b57-bc8b-a16b36c17ed4), ts_opened: UnixNanos(1712835640000000000), ts_closed: Some(UnixNanos(1712835880000000000)), ts_event: UnixNanos(1712835880000000000), ts_init: UnixNanos(1712835880000000000) })[0m
[1m2024-04-11T11:44:40.000000000Z[0m [INFO] TRADER-001.nautilus_portfolio::manager: BTCUSDT-PERP.BINANCE margin_init=0.00000000 USDT[0m
[1m2024-04-11T11:44:40.000000000Z[0m [INFO] TRADER-001.nautilus_portfolio::portfolio: Updated AccountState(account_id=BINANCE-001, account_type=MARGIN, base_currency=USDT, is_reported=false, balances=[AccountBalance(total=95181.77383160 USDT, locked=0.00000000 USDT, free=95181.77383160 USDT)], margins=[], event_id=791bc08d-7ab9-44df-aa6f-f071615b4ee6)[0m
[1m2024-04-11T11:44:40.000000000Z[0m [INFO] TRADER-001.nautilus_trading::strategy: DataActor-140723844938120 <--[EVT] OrderCanceled(instrument_id=BTCUSDT-PERP.BINANCE, client_order_id=O-20240411-114040-001-140723844938120-6, venue_order_id=BINANCE-1-6, account_id=BINANCE-001, ts_event=1712835880000000000)[0m
[1m2024-04-12T14:39:40.000000000Z[0m [INFO] TRADER-001.nautilus_trading::strategy: DataActor-140723844938120 <--[EVT] OrderInitialized(instrument_id=BTCUSDT-PERP.BINANCE, client_order_id=O-20240412-143940-001-140723844938120-7, side=SELL, type=MARKET, quantity=7.696, time_in_force=GTC, post_only=false, reduce_only=false, quote_quantity=false, price=None, emulation_trigger=None, trigger_instrument_id=None, contingency_type=OTO, order_list_id=OL-20240412-143940-001-140723844938120-3, linked_order_ids=[O-20240412-143940-001-140723844938120-8, O-20240412-143940-001-140723844938120-9], parent_order_id=None, exec_algorithm_id=None, exec_algorithm_params=None, exec_spawn_id=None, tags=flow-response-btcusdt-000043, BREAKOUT_ACCEPTANCE_CONTINUATION, SHORT, TEN_SECOND_MARKET_ENTRY)[0m
[1m2024-04-12T14:39:40.000000000Z[0m [INFO] TRADER-001.nautilus_trading::strategy: DataActor-140723844938120 <--[EVT] OrderInitialized(instrument_id=BTCUSDT-PERP.BINANCE, client_order_id=O-20240412-143940-001-140723844938120-8, side=BUY, type=STOP_MARKET, quantity=7.696, time_in_force=GTC, post_only=false, reduce_only=true, quote_quantity=false, price=None, emulation_trigger=None, trigger_instrument_id=None, contingency_type=OUO, order_list_id=OL-20240412-143940-001-140723844938120-3, linked_order_ids=[O-20240412-143940-001-140723844938120-9], parent_order_id=O-20240412-143940-001-140723844938120-7, exec_algorithm_id=None, exec_algorithm_params=None, exec_spawn_id=None, tags=flow-response-btcusdt-000043, OBSERVED_RETEST_INVALIDATION)[0m
[1m2024-04-12T14:39:40.000000000Z[0m [INFO] TRADER-001.nautilus_trading::strategy: DataActor-140723844938120 <--[EVT] OrderInitialized(instrument_id=BTCUSDT-PERP.BINANCE, client_order_id=O-20240412-143940-001-140723844938120-9, side=BUY, type=LIMIT, quantity=7.696, time_in_force=GTC, post_only=false, reduce_only=true, quote_quantity=false, price=68585.0, emulation_trigger=None, trigger_instrument_id=None, contingency_type=OUO, order_list_id=OL-20240412-143940-001-140723844938120-3, linked_order_ids=[O-20240412-143940-001-140723844938120-8], parent_order_id=O-20240412-143940-001-140723844938120-7, exec_algorithm_id=None, exec_algorithm_params=None, exec_spawn_id=None, tags=flow-response-btcusdt-000043, ACTIVE_COMPLETED_EXTERNAL_TARGET)[0m
[1m2024-04-12T14:39:40.000000000Z[0m [INFO] TRADER-001.nautilus_trading::strategy: DataActor-140723844938120 [CMD]--> SubmitOrderList[0m
[1m2024-04-12T14:39:40.000000000Z[0m [94m[INFO] TRADER-001.nautilus_execution::engine: Submit OrderList(id=OL-20240412-143940-001-140723844938120-3, instrument_id=BTCUSDT-PERP.BINANCE, strategy_id=DataActor-140723844938120, client_order_ids=["O-20240412-143940-001-140723844938120-7", "O-20240412-143940-001-140723844938120-8", "O-20240412-143940-001-140723844938120-9"], ts_init=1712932780000000000)[0m
[1m2024-04-12T14:39:40.000000000Z[0m [INFO] TRADER-001.nautilus_trading::strategy: DataActor-140723844938120 <--[EVT] OrderSubmitted(instrument_id=BTCUSDT-PERP.BINANCE, client_order_id=O-20240412-143940-001-140723844938120-7, account_id=BINANCE-001, ts_event=1712932780000000000)[0m
[1m2024-04-12T14:39:40.000000000Z[0m [INFO] TRADER-001.nautilus_trading::strategy: DataActor-140723844938120 <--[EVT] OrderSubmitted(instrument_id=BTCUSDT-PERP.BINANCE, client_order_id=O-20240412-143940-001-140723844938120-8, account_id=BINANCE-001, ts_event=1712932780000000000)[0m
[1m2024-04-12T14:39:40.000000000Z[0m [INFO] TRADER-001.nautilus_trading::strategy: DataActor-140723844938120 <--[EVT] OrderSubmitted(instrument_id=BTCUSDT-PERP.BINANCE, client_order_id=O-20240412-143940-001-140723844938120-9, account_id=BINANCE-001, ts_event=1712932780000000000)[0m
[1m2024-04-12T14:39:40.000000000Z[0m [INFO] TRADER-001.nautilus_portfolio::manager: BTCUSDT-PERP.BINANCE margin_init=0.00000000 USDT[0m
[1m2024-04-12T14:39:40.000000000Z[0m [INFO] TRADER-001.nautilus_trading::strategy: DataActor-140723844938120 <--[EVT] OrderFilled(instrument_id=BTCUSDT-PERP.BINANCE, client_order_id=O-20240412-143940-001-140723844938120-7, venue_order_id=BINANCE-1-7, account_id=BINANCE-001, trade_id=T-468ca05c376d23c1-111322, position_id=P-20240412-143940-001-140723844938120-3, order_side=SELL, order_type=MARKET, last_qty=7.696, last_px=69_520.0 USDT, commission=321.01555200 USDT, liquidity_side=TAKER, ts_event=1712932780000000000)[0m
[1m2024-04-12T14:39:40.000000000Z[0m [INFO] TRADER-001.nautilus_portfolio::portfolio: BTCUSDT-PERP.BINANCE net_position=-7.696[0m
[1m2024-04-12T14:39:40.000000000Z[0m [INFO] TRADER-001.nautilus_portfolio::manager: BTCUSDT-PERP.BINANCE margin_maint=2140.10368000 USDT[0m
[1m2024-04-12T14:39:40.000000000Z[0m [INFO] TRADER-001.nautilus_portfolio::portfolio: Updated AccountState(account_id=BINANCE-001, account_type=MARGIN, base_currency=USDT, is_reported=false, balances=[AccountBalance(total=94860.75827960 USDT, locked=2140.10368000 USDT, free=92720.65459960 USDT)], margins=[MarginBalance(initial=0.00000000 USDT, maintenance=2140.10368000 USDT, instrument_id=BTCUSDT-PERP.BINANCE)], event_id=f3e58179-479d-423b-8536-6119ab6ba6cf)[0m
[1m2024-04-12T14:39:40.000000000Z[0m [INFO] TRADER-001.nautilus_trading::strategy: DataActor-140723844938120 <--[EVT] PositionOpened(PositionOpened { trader_id: "TRADER-001", strategy_id: "DataActor-140723844938120", instrument_id: "BTCUSDT-PERP.BINANCE", position_id: "P-20240412-143940-001-140723844938120-3", account_id: "BINANCE-001", opening_order_id: "O-20240412-143940-001-140723844938120-7", entry: Sell, side: Short, signed_qty: -7.696, quantity: Quantity(7.696), last_qty: Quantity(7.696), last_px: Price(69520.0), currency: Currency(code='USDT', precision=8, iso4217=0, name='Tether', currency_type=CRYPTO), avg_px_open: 69520.0, event_id: UUID4(d2df9985-dcdf-40b5-8bc8-870d89940e10), ts_event: UnixNanos(1712932780000000000), ts_init: UnixNanos(1712932780000000000) })[0m
[1m2024-04-12T14:39:40.000000000Z[0m [INFO] TRADER-001.nautilus_portfolio::manager: BTCUSDT-PERP.BINANCE margin_init=0.00000000 USDT[0m
[1m2024-04-12T14:39:40.000000000Z[0m [INFO] TRADER-001.nautilus_portfolio::portfolio: Updated AccountState(account_id=BINANCE-001, account_type=MARGIN, base_currency=USDT, is_reported=false, balances=[AccountBalance(total=94860.75827960 USDT, locked=2140.10368000 USDT, free=92720.65459960 USDT)], margins=[MarginBalance(initial=0.00000000 USDT, maintenance=2140.10368000 USDT, instrument_id=BTCUSDT-PERP.BINANCE)], event_id=a3823006-1830-4e2b-81ba-8af89855467e)[0m
[1m2024-04-12T14:39:40.000000000Z[0m [INFO] TRADER-001.nautilus_trading::strategy: DataActor-140723844938120 <--[EVT] OrderAccepted(instrument_id=BTCUSDT-PERP.BINANCE, client_order_id=O-20240412-143940-001-140723844938120-8, venue_order_id=BINANCE-1-8, account_id=BINANCE-001, ts_event=1712932780000000000)[0m
[1m2024-04-12T14:39:40.000000000Z[0m [INFO] TRADER-001.nautilus_portfolio::manager: BTCUSDT-PERP.BINANCE margin_init=0.00000000 USDT[0m
[1m2024-04-12T14:39:40.000000000Z[0m [INFO] TRADER-001.nautilus_portfolio::portfolio: Updated AccountState(account_id=BINANCE-001, account_type=MARGIN, base_currency=USDT, is_reported=false, balances=[AccountBalance(total=94860.75827960 USDT, locked=2140.10368000 USDT, free=92720.65459960 USDT)], margins=[MarginBalance(initial=0.00000000 USDT, maintenance=2140.10368000 USDT, instrument_id=BTCUSDT-PERP.BINANCE)], event_id=7306fa6a-105a-46c6-9f2c-a8fadb08afbd)[0m
[1m2024-04-12T14:39:40.000000000Z[0m [INFO] TRADER-001.nautilus_trading::strategy: DataActor-140723844938120 <--[EVT] OrderAccepted(instrument_id=BTCUSDT-PERP.BINANCE, client_order_id=O-20240412-143940-001-140723844938120-9, venue_order_id=BINANCE-1-9, account_id=BINANCE-001, ts_event=1712932780000000000)[0m
[1m2024-04-12T14:39:40.000000000Z[0m [1;33m[WARN] TRADER-001.nautilus_common::cache: Cannot calculate unrealized PnL for P-20240412-143940-001-140723844938120-3, no quotes for BTCUSDT-PERP.BINANCE[0m
[1m2024-04-12T14:39:50.000000000Z[0m [1;33m[WARN] TRADER-001.nautilus_common::cache: Cannot calculate unrealized PnL for P-20240412-143940-001-140723844938120-3, no quotes for BTCUSDT-PERP.BINANCE[0m
[1m2024-04-12T14:39:59.999000000Z[0m [1;33m[WARN] TRADER-001.nautilus_common::cache: Cannot calculate unrealized PnL for P-20240412-143940-001-140723844938120-3, no quotes for BTCUSDT-PERP.BINANCE[0m
[1m2024-04-12T14:40:00.000000000Z[0m [1;33m[WARN] TRADER-001.nautilus_common::cache: Cannot calculate unrealized PnL for P-20240412-143940-001-140723844938120-3, no quotes for BTCUSDT-PERP.BINANCE[0m
[1m2024-04-12T14:40:10.000000000Z[0m [1;33m[WARN] TRADER-001.nautilus_common::cache: Cannot calculate unrealized PnL for P-20240412-143940-001-140723844938120-3, no quotes for BTCUSDT-PERP.BINANCE[0m
[1m2024-04-12T14:40:20.000000000Z[0m [1;33m[WARN] TRADER-001.nautilus_common::cache: Cannot calculate unrealized PnL for P-20240412-143940-001-140723844938120-3, no quotes for BTCUSDT-PERP.BINANCE[0m
[1m2024-04-12T14:40:30.000000000Z[0m [1;33m[WARN] TRADER-001.nautilus_common::cache: Cannot calculate unrealized PnL for P-20240412-143940-001-140723844938120-3, no quotes for BTCUSDT-PERP.BINANCE[0m
[1m2024-04-12T14:40:40.000000000Z[0m [1;33m[WARN] TRADER-001.nautilus_common::cache: Cannot calculate unrealized PnL for P-20240412-143940-001-140723844938120-3, no quotes for BTCUSDT-PERP.BINANCE[0m
[1m2024-04-12T14:40:50.000000000Z[0m [1;33m[WARN] TRADER-001.nautilus_common::cache: Cannot calculate unrealized PnL for P-20240412-143940-001-140723844938120-3, no quotes for BTCUSDT-PERP.BINANCE[0m
[1m2024-04-12T14:40:59.999000000Z[0m [1;33m[WARN] TRADER-001.nautilus_common::cache: Cannot calculate unrealized PnL for P-20240412-143940-001-140723844938120-3, no quotes for BTCUSDT-PERP.BINANCE[0m
[1m2024-04-12T14:41:00.000000000Z[0m [1;33m[WARN] TRADER-001.nautilus_common::cache: Cannot calculate unrealized PnL for P-20240412-143940-001-140723844938120-3, no quotes for BTCUSDT-PERP.BINANCE[0m
[1m2024-04-12T14:41:10.000000000Z[0m [1;33m[WARN] TRADER-001.nautilus_common::cache: Cannot calculate unrealized PnL for P-20240412-143940-001-140723844938120-3, no quotes for BTCUSDT-PERP.BINANCE[0m
[1m2024-04-12T14:41:20.000000000Z[0m [1;33m[WARN] TRADER-001.nautilus_common::cache: Cannot calculate unrealized PnL for P-20240412-143940-001-140723844938120-3, no quotes for BTCUSDT-PERP.BINANCE[0m
[1m2024-04-12T14:41:30.000000000Z[0m [1;33m[WARN] TRADER-001.nautilus_common::cache: Cannot calculate unrealized PnL for P-20240412-143940-001-140723844938120-3, no quotes for BTCUSDT-PERP.BINANCE[0m
[1m2024-04-12T14:41:40.000000000Z[0m [1;33m[WARN] TRADER-001.nautilus_common::cache: Cannot calculate unrealized PnL for P-20240412-143940-001-140723844938120-3, no quotes for BTCUSDT-PERP.BINANCE[0m
[1m2024-04-12T14:41:50.000000000Z[0m [1;33m[WARN] TRADER-001.nautilus_common::cache: Cannot calculate unrealized PnL for P-20240412-143940-001-140723844938120-3, no quotes for BTCUSDT-PERP.BINANCE[0m
[1m2024-04-12T14:41:59.999000000Z[0m [1;33m[WARN] TRADER-001.nautilus_common::cache: Cannot calculate unrealized PnL for P-20240412-143940-001-140723844938120-3, no quotes for BTCUSDT-PERP.BINANCE[0m
[1m2024-04-12T14:42:00.000000000Z[0m [1;33m[WARN] TRADER-001.nautilus_common::cache: Cannot calculate unrealized PnL for P-20240412-143940-001-140723844938120-3, no quotes for BTCUSDT-PERP.BINANCE[0m
[1m2024-04-12T14:42:10.000000000Z[0m [1;33m[WARN] TRADER-001.nautilus_common::cache: Cannot calculate unrealized PnL for P-20240412-143940-001-140723844938120-3, no quotes for BTCUSDT-PERP.BINANCE[0m
[1m2024-04-12T14:42:20.000000000Z[0m [1;33m[WARN] TRADER-001.nautilus_common::cache: Cannot calculate unrealized PnL for P-20240412-143940-001-140723844938120-3, no quotes for BTCUSDT-PERP.BINANCE[0m
[1m2024-04-12T14:42:30.000000000Z[0m [1;33m[WARN] TRADER-001.nautilus_common::cache: Cannot calculate unrealized PnL for P-20240412-143940-001-140723844938120-3, no quotes for BTCUSDT-PERP.BINANCE[0m
[1m2024-04-12T14:42:40.000000000Z[0m [1;33m[WARN] TRADER-001.nautilus_common::cache: Cannot calculate unrealized PnL for P-20240412-143940-001-140723844938120-3, no quotes for BTCUSDT-PERP.BINANCE[0m
[1m2024-04-12T14:42:50.000000000Z[0m [1;33m[WARN] TRADER-001.nautilus_common::cache: Cannot calculate unrealized PnL for P-20240412-143940-001-140723844938120-3, no quotes for BTCUSDT-PERP.BINANCE[0m
[1m2024-04-12T14:42:59.999000000Z[0m [1;33m[WARN] TRADER-001.nautilus_common::cache: Cannot calculate unrealized PnL for P-20240412-143940-001-140723844938120-3, no quotes for BTCUSDT-PERP.BINANCE[0m
[1m2024-04-12T14:43:00.000000000Z[0m [1;33m[WARN] TRADER-001.nautilus_common::cache: Cannot calculate unrealized PnL for P-20240412-143940-001-140723844938120-3, no quotes for BTCUSDT-PERP.BINANCE[0m
[1m2024-04-12T14:43:10.000000000Z[0m [1;33m[WARN] TRADER-001.nautilus_common::cache: Cannot calculate unrealized PnL for P-20240412-143940-001-140723844938120-3, no quotes for BTCUSDT-PERP.BINANCE[0m
[1m2024-04-12T14:43:20.000000000Z[0m [1;33m[WARN] TRADER-001.nautilus_common::cache: Cannot calculate unrealized PnL for P-20240412-143940-001-140723844938120-3, no quotes for BTCUSDT-PERP.BINANCE[0m
[1m2024-04-12T14:43:30.000000000Z[0m [1;33m[WARN] TRADER-001.nautilus_common::cache: Cannot calculate unrealized PnL for P-20240412-143940-001-140723844938120-3, no quotes for BTCUSDT-PERP.BINANCE[0m
[1m2024-04-12T14:43:40.000000000Z[0m [1;33m[WARN] TRADER-001.nautilus_common::cache: Cannot calculate unrealized PnL for P-20240412-143940-001-140723844938120-3, no quotes for BTCUSDT-PERP.BINANCE[0m
[1m2024-04-12T14:43:50.000000000Z[0m [1;33m[WARN] TRADER-001.nautilus_common::cache: Cannot calculate unrealized PnL for P-20240412-143940-001-140723844938120-3, no quotes for BTCUSDT-PERP.BINANCE[0m
[1m2024-04-12T14:43:59.999000000Z[0m [1;33m[WARN] TRADER-001.nautilus_common::cache: Cannot calculate unrealized PnL for P-20240412-143940-001-140723844938120-3, no quotes for BTCUSDT-PERP.BINANCE[0m
[1m2024-04-12T14:44:00.000000000Z[0m [1;33m[WARN] TRADER-001.nautilus_common::cache: Cannot calculate unrealized PnL for P-20240412-143940-001-140723844938120-3, no quotes for BTCUSDT-PERP.BINANCE[0m
[1m2024-04-12T14:44:10.000000000Z[0m [1;33m[WARN] TRADER-001.nautilus_common::cache: Cannot calculate unrealized PnL for P-20240412-143940-001-140723844938120-3, no quotes for BTCUSDT-PERP.BINANCE[0m
[1m2024-04-12T14:44:20.000000000Z[0m [1;33m[WARN] TRADER-001.nautilus_common::cache: Cannot calculate unrealized PnL for P-20240412-143940-001-140723844938120-3, no quotes for BTCUSDT-PERP.BINANCE[0m
[1m2024-04-12T14:44:30.000000000Z[0m [1;33m[WARN] TRADER-001.nautilus_common::cache: Cannot calculate unrealized PnL for P-20240412-143940-001-140723844938120-3, no quotes for BTCUSDT-PERP.BINANCE[0m
[1m2024-04-12T14:44:40.000000000Z[0m [1;33m[WARN] TRADER-001.nautilus_common::cache: Cannot calculate unrealized PnL for P-20240412-143940-001-140723844938120-3, no quotes for BTCUSDT-PERP.BINANCE[0m
[1m2024-04-12T14:44:50.000000000Z[0m [1;33m[WARN] TRADER-001.nautilus_common::cache: Cannot calculate unrealized PnL for P-20240412-143940-001-140723844938120-3, no quotes for BTCUSDT-PERP.BINANCE[0m
[1m2024-04-12T14:44:59.999000000Z[0m [1;33m[WARN] TRADER-001.nautilus_common::cache: Cannot calculate unrealized PnL for P-20240412-143940-001-140723844938120-3, no quotes for BTCUSDT-PERP.BINANCE[0m
[1m2024-04-12T14:45:00.000000000Z[0m [1;33m[WARN] TRADER-001.nautilus_common::cache: Cannot calculate unrealized PnL for P-20240412-143940-001-140723844938120-3, no quotes for BTCUSDT-PERP.BINANCE[0m
[1m2024-04-12T14:45:10.000000000Z[0m [1;33m[WARN] TRADER-001.nautilus_common::cache: Cannot calculate unrealized PnL for P-20240412-143940-001-140723844938120-3, no quotes for BTCUSDT-PERP.BINANCE[0m
[1m2024-04-12T14:45:20.000000000Z[0m [1;33m[WARN] TRADER-001.nautilus_common::cache: Cannot calculate unrealized PnL for P-20240412-143940-001-140723844938120-3, no quotes for BTCUSDT-PERP.BINANCE[0m
[1m2024-04-12T14:45:30.000000000Z[0m [1;33m[WARN] TRADER-001.nautilus_common::cache: Cannot calculate unrealized PnL for P-20240412-143940-001-140723844938120-3, no quotes for BTCUSDT-PERP.BINANCE[0m
[1m2024-04-12T14:45:40.000000000Z[0m [1;33m[WARN] TRADER-001.nautilus_common::cache: Cannot calculate unrealized PnL for P-20240412-143940-001-140723844938120-3, no quotes for BTCUSDT-PERP.BINANCE[0m
[1m2024-04-12T14:45:50.000000000Z[0m [1;33m[WARN] TRADER-001.nautilus_common::cache: Cannot calculate unrealized PnL for P-20240412-143940-001-140723844938120-3, no quotes for BTCUSDT-PERP.BINANCE[0m
[1m2024-04-12T14:45:59.999000000Z[0m [1;33m[WARN] TRADER-001.nautilus_common::cache: Cannot calculate unrealized PnL for P-20240412-143940-001-140723844938120-3, no quotes for BTCUSDT-PERP.BINANCE[0m
[1m2024-04-12T14:46:00.000000000Z[0m [1;33m[WARN] TRADER-001.nautilus_common::cache: Cannot calculate unrealized PnL for P-20240412-143940-001-140723844938120-3, no quotes for BTCUSDT-PERP.BINANCE[0m
[1m2024-04-12T14:46:10.000000000Z[0m [1;33m[WARN] TRADER-001.nautilus_common::cache: Cannot calculate unrealized PnL for P-20240412-143940-001-140723844938120-3, no quotes for BTCUSDT-PERP.BINANCE[0m
[1m2024-04-12T14:46:20.000000000Z[0m [1;33m[WARN] TRADER-001.nautilus_common::cache: Cannot calculate unrealized PnL for P-20240412-143940-001-140723844938120-3, no quotes for BTCUSDT-PERP.BINANCE[0m
[1m2024-04-12T14:46:30.000000000Z[0m [1;33m[WARN] TRADER-001.nautilus_common::cache: Cannot calculate unrealized PnL for P-20240412-143940-001-140723844938120-3, no quotes for BTCUSDT-PERP.BINANCE[0m
[1m2024-04-12T14:46:40.000000000Z[0m [1;33m[WARN] TRADER-001.nautilus_common::cache: Cannot calculate unrealized PnL for P-20240412-143940-001-140723844938120-3, no quotes for BTCUSDT-PERP.BINANCE[0m
[1m2024-04-12T14:46:50.000000000Z[0m [1;33m[WARN] TRADER-001.nautilus_common::cache: Cannot calculate unrealized PnL for P-20240412-143940-001-140723844938120-3, no quotes for BTCUSDT-PERP.BINANCE[0m
[1m2024-04-12T14:46:59.999000000Z[0m [1;33m[WARN] TRADER-001.nautilus_common::cache: Cannot calculate unrealized PnL for P-20240412-143940-001-140723844938120-3, no quotes for BTCUSDT-PERP.BINANCE[0m
[1m2024-04-12T14:47:00.000000000Z[0m [1;33m[WARN] TRADER-001.nautilus_common::cache: Cannot calculate unrealized PnL for P-20240412-143940-001-140723844938120-3, no quotes for BTCUSDT-PERP.BINANCE[0m
[1m2024-04-12T14:47:10.000000000Z[0m [1;33m[WARN] TRADER-001.nautilus_common::cache: Cannot calculate unrealized PnL for P-20240412-143940-001-140723844938120-3, no quotes for BTCUSDT-PERP.BINANCE[0m
[1m2024-04-12T14:47:20.000000000Z[0m [1;33m[WARN] TRADER-001.nautilus_common::cache: Cannot calculate unrealized PnL for P-20240412-143940-001-140723844938120-3, no quotes for BTCUSDT-PERP.BINANCE[0m
[1m2024-04-12T14:47:30.000000000Z[0m [1;33m[WARN] TRADER-001.nautilus_common::cache: Cannot calculate unrealized PnL for P-20240412-143940-001-140723844938120-3, no quotes for BTCUSDT-PERP.BINANCE[0m
[1m2024-04-12T14:47:40.000000000Z[0m [1;33m[WARN] TRADER-001.nautilus_common::cache: Cannot calculate unrealized PnL for P-20240412-143940-001-140723844938120-3, no quotes for BTCUSDT-PERP.BINANCE[0m
[1m2024-04-12T14:47:50.000000000Z[0m [1;33m[WARN] TRADER-001.nautilus_common::cache: Cannot calculate unrealized PnL for P-20240412-143940-001-140723844938120-3, no quotes for BTCUSDT-PERP.BINANCE[0m
[1m2024-04-12T14:47:59.999000000Z[0m [1;33m[WARN] TRADER-001.nautilus_common::cache: Cannot calculate unrealized PnL for P-20240412-143940-001-140723844938120-3, no quotes for BTCUSDT-PERP.BINANCE[0m
[1m2024-04-12T14:48:00.000000000Z[0m [1;33m[WARN] TRADER-001.nautilus_common::cache: Cannot calculate unrealized PnL for P-20240412-143940-001-140723844938120-3, no quotes for BTCUSDT-PERP.BINANCE[0m
[1m2024-04-12T14:48:10.000000000Z[0m [1;33m[WARN] TRADER-001.nautilus_common::cache: Cannot calculate unrealized PnL for P-20240412-143940-001-140723844938120-3, no quotes for BTCUSDT-PERP.BINANCE[0m
[1m2024-04-12T14:48:20.000000000Z[0m [1;33m[WARN] TRADER-001.nautilus_common::cache: Cannot calculate unrealized PnL for P-20240412-143940-001-140723844938120-3, no quotes for BTCUSDT-PERP.BINANCE[0m
[1m2024-04-12T14:48:30.000000000Z[0m [1;33m[WARN] TRADER-001.nautilus_common::cache: Cannot calculate unrealized PnL for P-20240412-143940-001-140723844938120-3, no quotes for BTCUSDT-PERP.BINANCE[0m
[1m2024-04-12T14:48:40.000000000Z[0m [1;33m[WARN] TRADER-001.nautilus_common::cache: Cannot calculate unrealized PnL for P-20240412-143940-001-140723844938120-3, no quotes for BTCUSDT-PERP.BINANCE[0m
[1m2024-04-12T14:48:50.000000000Z[0m [1;33m[WARN] TRADER-001.nautilus_common::cache: Cannot calculate unrealized PnL for P-20240412-143940-001-140723844938120-3, no quotes for BTCUSDT-PERP.BINANCE[0m
[1m2024-04-12T14:48:59.999000000Z[0m [1;33m[WARN] TRADER-001.nautilus_common::cache: Cannot calculate unrealized PnL for P-20240412-143940-001-140723844938120-3, no quotes for BTCUSDT-PERP.BINANCE[0m
[1m2024-04-12T14:49:00.000000000Z[0m [1;33m[WARN] TRADER-001.nautilus_common::cache: Cannot calculate unrealized PnL for P-20240412-143940-001-140723844938120-3, no quotes for BTCUSDT-PERP.BINANCE[0m
[1m2024-04-12T14:49:10.000000000Z[0m [1;33m[WARN] TRADER-001.nautilus_common::cache: Cannot calculate unrealized PnL for P-20240412-143940-001-140723844938120-3, no quotes for BTCUSDT-PERP.BINANCE[0m
[1m2024-04-12T14:49:20.000000000Z[0m [1;33m[WARN] TRADER-001.nautilus_common::cache: Cannot calculate unrealized PnL for P-20240412-143940-001-140723844938120-3, no quotes for BTCUSDT-PERP.BINANCE[0m
[1m2024-04-12T14:49:30.000000000Z[0m [1;33m[WARN] TRADER-001.nautilus_common::cache: Cannot calculate unrealized PnL for P-20240412-143940-001-140723844938120-3, no quotes for BTCUSDT-PERP.BINANCE[0m
[1m2024-04-12T14:49:40.000000000Z[0m [1;33m[WARN] TRADER-001.nautilus_common::cache: Cannot calculate unrealized PnL for P-20240412-143940-001-140723844938120-3, no quotes for BTCUSDT-PERP.BINANCE[0m
[1m2024-04-12T14:49:50.000000000Z[0m [1;33m[WARN] TRADER-001.nautilus_common::cache: Cannot calculate unrealized PnL for P-20240412-143940-001-140723844938120-3, no quotes for BTCUSDT-PERP.BINANCE[0m
[1m2024-04-12T14:49:59.999000000Z[0m [1;33m[WARN] TRADER-001.nautilus_common::cache: Cannot calculate unrealized PnL for P-20240412-143940-001-140723844938120-3, no quotes for BTCUSDT-PERP.BINANCE[0m
[1m2024-04-12T14:50:00.000000000Z[0m [1;33m[WARN] TRADER-001.nautilus_common::cache: Cannot calculate unrealized PnL for P-20240412-143940-001-140723844938120-3, no quotes for BTCUSDT-PERP.BINANCE[0m
[1m2024-04-12T14:50:10.000000000Z[0m [1;33m[WARN] TRADER-001.nautilus_common::cache: Cannot calculate unrealized PnL for P-20240412-143940-001-140723844938120-3, no quotes for BTCUSDT-PERP.BINANCE[0m
[1m2024-04-12T14:50:20.000000000Z[0m [1;33m[WARN] TRADER-001.nautilus_common::cache: Cannot calculate unrealized PnL for P-20240412-143940-001-140723844938120-3, no quotes for BTCUSDT-PERP.BINANCE[0m
[1m2024-04-12T14:50:30.000000000Z[0m [1;33m[WARN] TRADER-001.nautilus_common::cache: Cannot calculate unrealized PnL for P-20240412-143940-001-140723844938120-3, no quotes for BTCUSDT-PERP.BINANCE[0m
[1m2024-04-12T14:50:40.000000000Z[0m [1;33m[WARN] TRADER-001.nautilus_common::cache: Cannot calculate unrealized PnL for P-20240412-143940-001-140723844938120-3, no quotes for BTCUSDT-PERP.BINANCE[0m
[1m2024-04-12T14:50:50.000000000Z[0m [1;33m[WARN] TRADER-001.nautilus_common::cache: Cannot calculate unrealized PnL for P-20240412-143940-001-140723844938120-3, no quotes for BTCUSDT-PERP.BINANCE[0m
[1m2024-04-12T14:50:59.999000000Z[0m [1;33m[WARN] TRADER-001.nautilus_common::cache: Cannot calculate unrealized PnL for P-20240412-143940-001-140723844938120-3, no quotes for BTCUSDT-PERP.BINANCE[0m
[1m2024-04-12T14:51:00.000000000Z[0m [1;33m[WARN] TRADER-001.nautilus_common::cache: Cannot calculate unrealized PnL for P-20240412-143940-001-140723844938120-3, no quotes for BTCUSDT-PERP.BINANCE[0m
[1m2024-04-12T14:51:10.000000000Z[0m [1;33m[WARN] TRADER-001.nautilus_common::cache: Cannot calculate unrealized PnL for P-20240412-143940-001-140723844938120-3, no quotes for BTCUSDT-PERP.BINANCE[0m
[1m2024-04-12T14:51:20.000000000Z[0m [1;33m[WARN] TRADER-001.nautilus_common::cache: Cannot calculate unrealized PnL for P-20240412-143940-001-140723844938120-3, no quotes for BTCUSDT-PERP.BINANCE[0m
[1m2024-04-12T14:51:30.000000000Z[0m [1;33m[WARN] TRADER-001.nautilus_common::cache: Cannot calculate unrealized PnL for P-20240412-143940-001-140723844938120-3, no quotes for BTCUSDT-PERP.BINANCE[0m
[1m2024-04-12T14:51:40.000000000Z[0m [1;33m[WARN] TRADER-001.nautilus_common::cache: Cannot calculate unrealized PnL for P-20240412-143940-001-140723844938120-3, no quotes for BTCUSDT-PERP.BINANCE[0m
[1m2024-04-12T14:51:50.000000000Z[0m [1;33m[WARN] TRADER-001.nautilus_common::cache: Cannot calculate unrealized PnL for P-20240412-143940-001-140723844938120-3, no quotes for BTCUSDT-PERP.BINANCE[0m
[1m2024-04-12T14:51:59.999000000Z[0m [1;33m[WARN] TRADER-001.nautilus_common::cache: Cannot calculate unrealized PnL for P-20240412-143940-001-140723844938120-3, no quotes for BTCUSDT-PERP.BINANCE[0m
[1m2024-04-12T14:52:00.000000000Z[0m [1;33m[WARN] TRADER-001.nautilus_common::cache: Cannot calculate unrealized PnL for P-20240412-143940-001-140723844938120-3, no quotes for BTCUSDT-PERP.BINANCE[0m
[1m2024-04-12T14:52:10.000000000Z[0m [1;33m[WARN] TRADER-001.nautilus_common::cache: Cannot calculate unrealized PnL for P-20240412-143940-001-140723844938120-3, no quotes for BTCUSDT-PERP.BINANCE[0m
[1m2024-04-12T14:52:20.000000000Z[0m [1;33m[WARN] TRADER-001.nautilus_common::cache: Cannot calculate unrealized PnL for P-20240412-143940-001-140723844938120-3, no quotes for BTCUSDT-PERP.BINANCE[0m
[1m2024-04-12T14:52:30.000000000Z[0m [1;33m[WARN] TRADER-001.nautilus_common::cache: Cannot calculate unrealized PnL for P-20240412-143940-001-140723844938120-3, no quotes for BTCUSDT-PERP.BINANCE[0m
[1m2024-04-12T14:52:40.000000000Z[0m [1;33m[WARN] TRADER-001.nautilus_common::cache: Cannot calculate unrealized PnL for P-20240412-143940-001-140723844938120-3, no quotes for BTCUSDT-PERP.BINANCE[0m
[1m2024-04-12T14:52:50.000000000Z[0m [1;33m[WARN] TRADER-001.nautilus_common::cache: Cannot calculate unrealized PnL for P-20240412-143940-001-140723844938120-3, no quotes for BTCUSDT-PERP.BINANCE[0m
[1m2024-04-12T14:52:59.999000000Z[0m [1;33m[WARN] TRADER-001.nautilus_common::cache: Cannot calculate unrealized PnL for P-20240412-143940-001-140723844938120-3, no quotes for BTCUSDT-PERP.BINANCE[0m
[1m2024-04-12T14:53:00.000000000Z[0m [1;33m[WARN] TRADER-001.nautilus_common::cache: Cannot calculate unrealized PnL for P-20240412-143940-001-140723844938120-3, no quotes for BTCUSDT-PERP.BINANCE[0m
[1m2024-04-12T14:53:10.000000000Z[0m [1;33m[WARN] TRADER-001.nautilus_common::cache: Cannot calculate unrealized PnL for P-20240412-143940-001-140723844938120-3, no quotes for BTCUSDT-PERP.BINANCE[0m
[1m2024-04-12T14:53:20.000000000Z[0m [1;33m[WARN] TRADER-001.nautilus_common::cache: Cannot calculate unrealized PnL for P-20240412-143940-001-140723844938120-3, no quotes for BTCUSDT-PERP.BINANCE[0m
[1m2024-04-12T14:53:30.000000000Z[0m [1;33m[WARN] TRADER-001.nautilus_common::cache: Cannot calculate unrealized PnL for P-20240412-143940-001-140723844938120-3, no quotes for BTCUSDT-PERP.BINANCE[0m
[1m2024-04-12T14:53:40.000000000Z[0m [1;33m[WARN] TRADER-001.nautilus_common::cache: Cannot calculate unrealized PnL for P-20240412-143940-001-140723844938120-3, no quotes for BTCUSDT-PERP.BINANCE[0m
[1m2024-04-12T14:53:50.000000000Z[0m [1;33m[WARN] TRADER-001.nautilus_common::cache: Cannot calculate unrealized PnL for P-20240412-143940-001-140723844938120-3, no quotes for BTCUSDT-PERP.BINANCE[0m
[1m2024-04-12T14:53:59.999000000Z[0m [1;33m[WARN] TRADER-001.nautilus_common::cache: Cannot calculate unrealized PnL for P-20240412-143940-001-140723844938120-3, no quotes for BTCUSDT-PERP.BINANCE[0m
[1m2024-04-12T14:54:00.000000000Z[0m [1;33m[WARN] TRADER-001.nautilus_common::cache: Cannot calculate unrealized PnL for P-20240412-143940-001-140723844938120-3, no quotes for BTCUSDT-PERP.BINANCE[0m
[1m2024-04-12T14:54:10.000000000Z[0m [1;33m[WARN] TRADER-001.nautilus_common::cache: Cannot calculate unrealized PnL for P-20240412-143940-001-140723844938120-3, no quotes for BTCUSDT-PERP.BINANCE[0m
[1m2024-04-12T14:54:20.000000000Z[0m [1;33m[WARN] TRADER-001.nautilus_common::cache: Cannot calculate unrealized PnL for P-20240412-143940-001-140723844938120-3, no quotes for BTCUSDT-PERP.BINANCE[0m
[1m2024-04-12T14:54:30.000000000Z[0m [1;33m[WARN] TRADER-001.nautilus_common::cache: Cannot calculate unrealized PnL for P-20240412-143940-001-140723844938120-3, no quotes for BTCUSDT-PERP.BINANCE[0m
[1m2024-04-12T14:54:40.000000000Z[0m [1;33m[WARN] TRADER-001.nautilus_common::cache: Cannot calculate unrealized PnL for P-20240412-143940-001-140723844938120-3, no quotes for BTCUSDT-PERP.BINANCE[0m
[1m2024-04-12T14:54:50.000000000Z[0m [1;33m[WARN] TRADER-001.nautilus_common::cache: Cannot calculate unrealized PnL for P-20240412-143940-001-140723844938120-3, no quotes for BTCUSDT-PERP.BINANCE[0m
[1m2024-04-12T14:54:59.999000000Z[0m [1;33m[WARN] TRADER-001.nautilus_common::cache: Cannot calculate unrealized PnL for P-20240412-143940-001-140723844938120-3, no quotes for BTCUSDT-PERP.BINANCE[0m
[1m2024-04-12T14:55:00.000000000Z[0m [1;33m[WARN] TRADER-001.nautilus_common::cache: Cannot calculate unrealized PnL for P-20240412-143940-001-140723844938120-3, no quotes for BTCUSDT-PERP.BINANCE[0m
[1m2024-04-12T14:55:10.000000000Z[0m [1;33m[WARN] TRADER-001.nautilus_common::cache: Cannot calculate unrealized PnL for P-20240412-143940-001-140723844938120-3, no quotes for BTCUSDT-PERP.BINANCE[0m
[1m2024-04-12T14:55:20.000000000Z[0m [1;33m[WARN] TRADER-001.nautilus_common::cache: Cannot calculate unrealized PnL for P-20240412-143940-001-140723844938120-3, no quotes for BTCUSDT-PERP.BINANCE[0m
[1m2024-04-12T14:55:30.000000000Z[0m [1;33m[WARN] TRADER-001.nautilus_common::cache: Cannot calculate unrealized PnL for P-20240412-143940-001-140723844938120-3, no quotes for BTCUSDT-PERP.BINANCE[0m
[1m2024-04-12T14:55:40.000000000Z[0m [1;33m[WARN] TRADER-001.nautilus_common::cache: Cannot calculate unrealized PnL for P-20240412-143940-001-140723844938120-3, no quotes for BTCUSDT-PERP.BINANCE[0m
[1m2024-04-12T14:55:50.000000000Z[0m [1;33m[WARN] TRADER-001.nautilus_common::cache: Cannot calculate unrealized PnL for P-20240412-143940-001-140723844938120-3, no quotes for BTCUSDT-PERP.BINANCE[0m
[1m2024-04-12T14:55:59.999000000Z[0m [1;33m[WARN] TRADER-001.nautilus_common::cache: Cannot calculate unrealized PnL for P-20240412-143940-001-140723844938120-3, no quotes for BTCUSDT-PERP.BINANCE[0m
[1m2024-04-12T14:56:00.000000000Z[0m [1;33m[WARN] TRADER-001.nautilus_common::cache: Cannot calculate unrealized PnL for P-20240412-143940-001-140723844938120-3, no quotes for BTCUSDT-PERP.BINANCE[0m
[1m2024-04-12T14:56:10.000000000Z[0m [1;33m[WARN] TRADER-001.nautilus_common::cache: Cannot calculate unrealized PnL for P-20240412-143940-001-140723844938120-3, no quotes for BTCUSDT-PERP.BINANCE[0m
[1m2024-04-12T14:56:20.000000000Z[0m [1;33m[WARN] TRADER-001.nautilus_common::cache: Cannot calculate unrealized PnL for P-20240412-143940-001-140723844938120-3, no quotes for BTCUSDT-PERP.BINANCE[0m
[1m2024-04-12T14:56:30.000000000Z[0m [1;33m[WARN] TRADER-001.nautilus_common::cache: Cannot calculate unrealized PnL for P-20240412-143940-001-140723844938120-3, no quotes for BTCUSDT-PERP.BINANCE[0m
[1m2024-04-12T14:56:40.000000000Z[0m [1;33m[WARN] TRADER-001.nautilus_common::cache: Cannot calculate unrealized PnL for P-20240412-143940-001-140723844938120-3, no quotes for BTCUSDT-PERP.BINANCE[0m
[1m2024-04-12T14:56:50.000000000Z[0m [1;33m[WARN] TRADER-001.nautilus_common::cache: Cannot calculate unrealized PnL for P-20240412-143940-001-140723844938120-3, no quotes for BTCUSDT-PERP.BINANCE[0m
[1m2024-04-12T14:56:59.999000000Z[0m [1;33m[WARN] TRADER-001.nautilus_common::cache: Cannot calculate unrealized PnL for P-20240412-143940-001-140723844938120-3, no quotes for BTCUSDT-PERP.BINANCE[0m
[1m2024-04-12T14:57:00.000000000Z[0m [1;33m[WARN] TRADER-001.nautilus_common::cache: Cannot calculate unrealized PnL for P-20240412-143940-001-140723844938120-3, no quotes for BTCUSDT-PERP.BINANCE[0m
[1m2024-04-12T14:57:10.000000000Z[0m [1;33m[WARN] TRADER-001.nautilus_common::cache: Cannot calculate unrealized PnL for P-20240412-143940-001-140723844938120-3, no quotes for BTCUSDT-PERP.BINANCE[0m
[1m2024-04-12T14:57:20.000000000Z[0m [1;33m[WARN] TRADER-001.nautilus_common::cache: Cannot calculate unrealized PnL for P-20240412-143940-001-140723844938120-3, no quotes for BTCUSDT-PERP.BINANCE[0m
[1m2024-04-12T14:57:30.000000000Z[0m [1;33m[WARN] TRADER-001.nautilus_common::cache: Cannot calculate unrealized PnL for P-20240412-143940-001-140723844938120-3, no quotes for BTCUSDT-PERP.BINANCE[0m
[1m2024-04-12T14:57:40.000000000Z[0m [1;33m[WARN] TRADER-001.nautilus_common::cache: Cannot calculate unrealized PnL for P-20240412-143940-001-140723844938120-3, no quotes for BTCUSDT-PERP.BINANCE[0m
[1m2024-04-12T14:57:50.000000000Z[0m [1;33m[WARN] TRADER-001.nautilus_common::cache: Cannot calculate unrealized PnL for P-20240412-143940-001-140723844938120-3, no quotes for BTCUSDT-PERP.BINANCE[0m
[1m2024-04-12T14:57:59.999000000Z[0m [1;33m[WARN] TRADER-001.nautilus_common::cache: Cannot calculate unrealized PnL for P-20240412-143940-001-140723844938120-3, no quotes for BTCUSDT-PERP.BINANCE[0m
[1m2024-04-12T14:58:00.000000000Z[0m [1;33m[WARN] TRADER-001.nautilus_common::cache: Cannot calculate unrealized PnL for P-20240412-143940-001-140723844938120-3, no quotes for BTCUSDT-PERP.BINANCE[0m
[1m2024-04-12T14:58:10.000000000Z[0m [1;33m[WARN] TRADER-001.nautilus_common::cache: Cannot calculate unrealized PnL for P-20240412-143940-001-140723844938120-3, no quotes for BTCUSDT-PERP.BINANCE[0m
[1m2024-04-12T14:58:20.000000000Z[0m [1;33m[WARN] TRADER-001.nautilus_common::cache: Cannot calculate unrealized PnL for P-20240412-143940-001-140723844938120-3, no quotes for BTCUSDT-PERP.BINANCE[0m
[1m2024-04-12T14:58:30.000000000Z[0m [1;33m[WARN] TRADER-001.nautilus_common::cache: Cannot calculate unrealized PnL for P-20240412-143940-001-140723844938120-3, no quotes for BTCUSDT-PERP.BINANCE[0m
[1m2024-04-12T14:58:40.000000000Z[0m [1;33m[WARN] TRADER-001.nautilus_common::cache: Cannot calculate unrealized PnL for P-20240412-143940-001-140723844938120-3, no quotes for BTCUSDT-PERP.BINANCE[0m
[1m2024-04-12T14:58:50.000000000Z[0m [1;33m[WARN] TRADER-001.nautilus_common::cache: Cannot calculate unrealized PnL for P-20240412-143940-001-140723844938120-3, no quotes for BTCUSDT-PERP.BINANCE[0m
[1m2024-04-12T14:58:59.999000000Z[0m [1;33m[WARN] TRADER-001.nautilus_common::cache: Cannot calculate unrealized PnL for P-20240412-143940-001-140723844938120-3, no quotes for BTCUSDT-PERP.BINANCE[0m
[1m2024-04-12T14:59:00.000000000Z[0m [1;33m[WARN] TRADER-001.nautilus_common::cache: Cannot calculate unrealized PnL for P-20240412-143940-001-140723844938120-3, no quotes for BTCUSDT-PERP.BINANCE[0m
[1m2024-04-12T14:59:10.000000000Z[0m [1;33m[WARN] TRADER-001.nautilus_common::cache: Cannot calculate unrealized PnL for P-20240412-143940-001-140723844938120-3, no quotes for BTCUSDT-PERP.BINANCE[0m
[1m2024-04-12T14:59:20.000000000Z[0m [1;33m[WARN] TRADER-001.nautilus_common::cache: Cannot calculate unrealized PnL for P-20240412-143940-001-140723844938120-3, no quotes for BTCUSDT-PERP.BINANCE[0m
[1m2024-04-12T14:59:30.000000000Z[0m [1;33m[WARN] TRADER-001.nautilus_common::cache: Cannot calculate unrealized PnL for P-20240412-143940-001-140723844938120-3, no quotes for BTCUSDT-PERP.BINANCE[0m
[1m2024-04-12T14:59:40.000000000Z[0m [1;33m[WARN] TRADER-001.nautilus_common::cache: Cannot calculate unrealized PnL for P-20240412-143940-001-140723844938120-3, no quotes for BTCUSDT-PERP.BINANCE[0m
[1m2024-04-12T14:59:50.000000000Z[0m [1;33m[WARN] TRADER-001.nautilus_common::cache: Cannot calculate unrealized PnL for P-20240412-143940-001-140723844938120-3, no quotes for BTCUSDT-PERP.BINANCE[0m
[1m2024-04-12T14:59:59.999000000Z[0m [1;33m[WARN] TRADER-001.nautilus_common::cache: Cannot calculate unrealized PnL for P-20240412-143940-001-140723844938120-3, no quotes for BTCUSDT-PERP.BINANCE[0m
[1m2024-04-12T15:00:00.000000000Z[0m [1;33m[WARN] TRADER-001.nautilus_common::cache: Cannot calculate unrealized PnL for P-20240412-143940-001-140723844938120-3, no quotes for BTCUSDT-PERP.BINANCE[0m
[1m2024-04-12T15:00:10.000000000Z[0m [1;33m[WARN] TRADER-001.nautilus_common::cache: Cannot calculate unrealized PnL for P-20240412-143940-001-140723844938120-3, no quotes for BTCUSDT-PERP.BINANCE[0m
[1m2024-04-12T15:00:20.000000000Z[0m [1;33m[WARN] TRADER-001.nautilus_common::cache: Cannot calculate unrealized PnL for P-20240412-143940-001-140723844938120-3, no quotes for BTCUSDT-PERP.BINANCE[0m
[1m2024-04-12T15:00:30.000000000Z[0m [1;33m[WARN] TRADER-001.nautilus_common::cache: Cannot calculate unrealized PnL for P-20240412-143940-001-140723844938120-3, no quotes for BTCUSDT-PERP.BINANCE[0m
[1m2024-04-12T15:00:40.000000000Z[0m [1;33m[WARN] TRADER-001.nautilus_common::cache: Cannot calculate unrealized PnL for P-20240412-143940-001-140723844938120-3, no quotes for BTCUSDT-PERP.BINANCE[0m
[1m2024-04-12T15:00:50.000000000Z[0m [1;33m[WARN] TRADER-001.nautilus_common::cache: Cannot calculate unrealized PnL for P-20240412-143940-001-140723844938120-3, no quotes for BTCUSDT-PERP.BINANCE[0m
[1m2024-04-12T15:00:59.999000000Z[0m [1;33m[WARN] TRADER-001.nautilus_common::cache: Cannot calculate unrealized PnL for P-20240412-143940-001-140723844938120-3, no quotes for BTCUSDT-PERP.BINANCE[0m
[1m2024-04-12T15:01:00.000000000Z[0m [1;33m[WARN] TRADER-001.nautilus_common::cache: Cannot calculate unrealized PnL for P-20240412-143940-001-140723844938120-3, no quotes for BTCUSDT-PERP.BINANCE[0m
[1m2024-04-12T15:01:10.000000000Z[0m [1;33m[WARN] TRADER-001.nautilus_common::cache: Cannot calculate unrealized PnL for P-20240412-143940-001-140723844938120-3, no quotes for BTCUSDT-PERP.BINANCE[0m
[1m2024-04-12T15:01:20.000000000Z[0m [1;33m[WARN] TRADER-001.nautilus_common::cache: Cannot calculate unrealized PnL for P-20240412-143940-001-140723844938120-3, no quotes for BTCUSDT-PERP.BINANCE[0m
[1m2024-04-12T15:01:30.000000000Z[0m [1;33m[WARN] TRADER-001.nautilus_common::cache: Cannot calculate unrealized PnL for P-20240412-143940-001-140723844938120-3, no quotes for BTCUSDT-PERP.BINANCE[0m
[1m2024-04-12T15:01:40.000000000Z[0m [1;33m[WARN] TRADER-001.nautilus_common::cache: Cannot calculate unrealized PnL for P-20240412-143940-001-140723844938120-3, no quotes for BTCUSDT-PERP.BINANCE[0m
[1m2024-04-12T15:01:50.000000000Z[0m [1;33m[WARN] TRADER-001.nautilus_common::cache: Cannot calculate unrealized PnL for P-20240412-143940-001-140723844938120-3, no quotes for BTCUSDT-PERP.BINANCE[0m
[1m2024-04-12T15:01:59.999000000Z[0m [1;33m[WARN] TRADER-001.nautilus_common::cache: Cannot calculate unrealized PnL for P-20240412-143940-001-140723844938120-3, no quotes for BTCUSDT-PERP.BINANCE[0m
[1m2024-04-12T15:02:00.000000000Z[0m [1;33m[WARN] TRADER-001.nautilus_common::cache: Cannot calculate unrealized PnL for P-20240412-143940-001-140723844938120-3, no quotes for BTCUSDT-PERP.BINANCE[0m
[1m2024-04-12T15:02:10.000000000Z[0m [1;33m[WARN] TRADER-001.nautilus_common::cache: Cannot calculate unrealized PnL for P-20240412-143940-001-140723844938120-3, no quotes for BTCUSDT-PERP.BINANCE[0m
[1m2024-04-12T15:02:20.000000000Z[0m [1;33m[WARN] TRADER-001.nautilus_common::cache: Cannot calculate unrealized PnL for P-20240412-143940-001-140723844938120-3, no quotes for BTCUSDT-PERP.BINANCE[0m
[1m2024-04-12T15:02:30.000000000Z[0m [1;33m[WARN] TRADER-001.nautilus_common::cache: Cannot calculate unrealized PnL for P-20240412-143940-001-140723844938120-3, no quotes for BTCUSDT-PERP.BINANCE[0m
[1m2024-04-12T15:02:40.000000000Z[0m [1;33m[WARN] TRADER-001.nautilus_common::cache: Cannot calculate unrealized PnL for P-20240412-143940-001-140723844938120-3, no quotes for BTCUSDT-PERP.BINANCE[0m
[1m2024-04-12T15:02:50.000000000Z[0m [1;33m[WARN] TRADER-001.nautilus_common::cache: Cannot calculate unrealized PnL for P-20240412-143940-001-140723844938120-3, no quotes for BTCUSDT-PERP.BINANCE[0m
[1m2024-04-12T15:02:59.999000000Z[0m [1;33m[WARN] TRADER-001.nautilus_common::cache: Cannot calculate unrealized PnL for P-20240412-143940-001-140723844938120-3, no quotes for BTCUSDT-PERP.BINANCE[0m
[1m2024-04-12T15:03:00.000000000Z[0m [1;33m[WARN] TRADER-001.nautilus_common::cache: Cannot calculate unrealized PnL for P-20240412-143940-001-140723844938120-3, no quotes for BTCUSDT-PERP.BINANCE[0m
[1m2024-04-12T15:03:10.000000000Z[0m [1;33m[WARN] TRADER-001.nautilus_common::cache: Cannot calculate unrealized PnL for P-20240412-143940-001-140723844938120-3, no quotes for BTCUSDT-PERP.BINANCE[0m
[1m2024-04-12T15:03:20.000000000Z[0m [1;33m[WARN] TRADER-001.nautilus_common::cache: Cannot calculate unrealized PnL for P-20240412-143940-001-140723844938120-3, no quotes for BTCUSDT-PERP.BINANCE[0m
[1m2024-04-12T15:03:30.000000000Z[0m [1;33m[WARN] TRADER-001.nautilus_common::cache: Cannot calculate unrealized PnL for P-20240412-143940-001-140723844938120-3, no quotes for BTCUSDT-PERP.BINANCE[0m
[1m2024-04-12T15:03:40.000000000Z[0m [1;33m[WARN] TRADER-001.nautilus_common::cache: Cannot calculate unrealized PnL for P-20240412-143940-001-140723844938120-3, no quotes for BTCUSDT-PERP.BINANCE[0m
[1m2024-04-12T15:03:50.000000000Z[0m [1;33m[WARN] TRADER-001.nautilus_common::cache: Cannot calculate unrealized PnL for P-20240412-143940-001-140723844938120-3, no quotes for BTCUSDT-PERP.BINANCE[0m
[1m2024-04-12T15:03:59.999000000Z[0m [1;33m[WARN] TRADER-001.nautilus_common::cache: Cannot calculate unrealized PnL for P-20240412-143940-001-140723844938120-3, no quotes for BTCUSDT-PERP.BINANCE[0m
[1m2024-04-12T15:04:00.000000000Z[0m [1;33m[WARN] TRADER-001.nautilus_common::cache: Cannot calculate unrealized PnL for P-20240412-143940-001-140723844938120-3, no quotes for BTCUSDT-PERP.BINANCE[0m
[1m2024-04-12T15:04:10.000000000Z[0m [1;33m[WARN] TRADER-001.nautilus_common::cache: Cannot calculate unrealized PnL for P-20240412-143940-001-140723844938120-3, no quotes for BTCUSDT-PERP.BINANCE[0m
[1m2024-04-12T15:04:20.000000000Z[0m [1;33m[WARN] TRADER-001.nautilus_common::cache: Cannot calculate unrealized PnL for P-20240412-143940-001-140723844938120-3, no quotes for BTCUSDT-PERP.BINANCE[0m
[1m2024-04-12T15:04:30.000000000Z[0m [1;33m[WARN] TRADER-001.nautilus_common::cache: Cannot calculate unrealized PnL for P-20240412-143940-001-140723844938120-3, no quotes for BTCUSDT-PERP.BINANCE[0m
[1m2024-04-12T15:04:40.000000000Z[0m [1;33m[WARN] TRADER-001.nautilus_common::cache: Cannot calculate unrealized PnL for P-20240412-143940-001-140723844938120-3, no quotes for BTCUSDT-PERP.BINANCE[0m
[1m2024-04-12T15:04:50.000000000Z[0m [1;33m[WARN] TRADER-001.nautilus_common::cache: Cannot calculate unrealized PnL for P-20240412-143940-001-140723844938120-3, no quotes for BTCUSDT-PERP.BINANCE[0m
[1m2024-04-12T15:04:59.999000000Z[0m [1;33m[WARN] TRADER-001.nautilus_common::cache: Cannot calculate unrealized PnL for P-20240412-143940-001-140723844938120-3, no quotes for BTCUSDT-PERP.BINANCE[0m
[1m2024-04-12T15:05:00.000000000Z[0m [1;33m[WARN] TRADER-001.nautilus_common::cache: Cannot calculate unrealized PnL for P-20240412-143940-001-140723844938120-3, no quotes for BTCUSDT-PERP.BINANCE[0m
[1m2024-04-12T15:05:10.000000000Z[0m [1;33m[WARN] TRADER-001.nautilus_common::cache: Cannot calculate unrealized PnL for P-20240412-143940-001-140723844938120-3, no quotes for BTCUSDT-PERP.BINANCE[0m
[1m2024-04-12T15:05:20.000000000Z[0m [1;33m[WARN] TRADER-001.nautilus_common::cache: Cannot calculate unrealized PnL for P-20240412-143940-001-140723844938120-3, no quotes for BTCUSDT-PERP.BINANCE[0m
[1m2024-04-12T15:05:30.000000000Z[0m [1;33m[WARN] TRADER-001.nautilus_common::cache: Cannot calculate unrealized PnL for P-20240412-143940-001-140723844938120-3, no quotes for BTCUSDT-PERP.BINANCE[0m
[1m2024-04-12T15:05:40.000000000Z[0m [1;33m[WARN] TRADER-001.nautilus_common::cache: Cannot calculate unrealized PnL for P-20240412-143940-001-140723844938120-3, no quotes for BTCUSDT-PERP.BINANCE[0m
[1m2024-04-12T15:05:50.000000000Z[0m [1;33m[WARN] TRADER-001.nautilus_common::cache: Cannot calculate unrealized PnL for P-20240412-143940-001-140723844938120-3, no quotes for BTCUSDT-PERP.BINANCE[0m
[1m2024-04-12T15:05:59.999000000Z[0m [1;33m[WARN] TRADER-001.nautilus_common::cache: Cannot calculate unrealized PnL for P-20240412-143940-001-140723844938120-3, no quotes for BTCUSDT-PERP.BINANCE[0m
[1m2024-04-12T15:06:00.000000000Z[0m [1;33m[WARN] TRADER-001.nautilus_common::cache: Cannot calculate unrealized PnL for P-20240412-143940-001-140723844938120-3, no quotes for BTCUSDT-PERP.BINANCE[0m
[1m2024-04-12T15:06:10.000000000Z[0m [1;33m[WARN] TRADER-001.nautilus_common::cache: Cannot calculate unrealized PnL for P-20240412-143940-001-140723844938120-3, no quotes for BTCUSDT-PERP.BINANCE[0m
[1m2024-04-12T15:06:20.000000000Z[0m [1;33m[WARN] TRADER-001.nautilus_common::cache: Cannot calculate unrealized PnL for P-20240412-143940-001-140723844938120-3, no quotes for BTCUSDT-PERP.BINANCE[0m
[1m2024-04-12T15:06:30.000000000Z[0m [1;33m[WARN] TRADER-001.nautilus_common::cache: Cannot calculate unrealized PnL for P-20240412-143940-001-140723844938120-3, no quotes for BTCUSDT-PERP.BINANCE[0m
[1m2024-04-12T15:06:40.000000000Z[0m [1;33m[WARN] TRADER-001.nautilus_common::cache: Cannot calculate unrealized PnL for P-20240412-143940-001-140723844938120-3, no quotes for BTCUSDT-PERP.BINANCE[0m
[1m2024-04-12T15:06:50.000000000Z[0m [1;33m[WARN] TRADER-001.nautilus_common::cache: Cannot calculate unrealized PnL for P-20240412-143940-001-140723844938120-3, no quotes for BTCUSDT-PERP.BINANCE[0m
[1m2024-04-12T15:06:59.999000000Z[0m [1;33m[WARN] TRADER-001.nautilus_common::cache: Cannot calculate unrealized PnL for P-20240412-143940-001-140723844938120-3, no quotes for BTCUSDT-PERP.BINANCE[0m
[1m2024-04-12T15:07:00.000000000Z[0m [1;33m[WARN] TRADER-001.nautilus_common::cache: Cannot calculate unrealized PnL for P-20240412-143940-001-140723844938120-3, no quotes for BTCUSDT-PERP.BINANCE[0m
[1m2024-04-12T15:07:10.000000000Z[0m [1;33m[WARN] TRADER-001.nautilus_common::cache: Cannot calculate unrealized PnL for P-20240412-143940-001-140723844938120-3, no quotes for BTCUSDT-PERP.BINANCE[0m
[1m2024-04-12T15:07:20.000000000Z[0m [1;33m[WARN] TRADER-001.nautilus_common::cache: Cannot calculate unrealized PnL for P-20240412-143940-001-140723844938120-3, no quotes for BTCUSDT-PERP.BINANCE[0m
[1m2024-04-12T15:07:30.000000000Z[0m [1;33m[WARN] TRADER-001.nautilus_common::cache: Cannot calculate unrealized PnL for P-20240412-143940-001-140723844938120-3, no quotes for BTCUSDT-PERP.BINANCE[0m
[1m2024-04-12T15:07:40.000000000Z[0m [1;33m[WARN] TRADER-001.nautilus_common::cache: Cannot calculate unrealized PnL for P-20240412-143940-001-140723844938120-3, no quotes for BTCUSDT-PERP.BINANCE[0m
[1m2024-04-12T15:07:50.000000000Z[0m [1;33m[WARN] TRADER-001.nautilus_common::cache: Cannot calculate unrealized PnL for P-20240412-143940-001-140723844938120-3, no quotes for BTCUSDT-PERP.BINANCE[0m
[1m2024-04-12T15:07:59.999000000Z[0m [1;33m[WARN] TRADER-001.nautilus_common::cache: Cannot calculate unrealized PnL for P-20240412-143940-001-140723844938120-3, no quotes for BTCUSDT-PERP.BINANCE[0m
[1m2024-04-12T15:08:00.000000000Z[0m [1;33m[WARN] TRADER-001.nautilus_common::cache: Cannot calculate unrealized PnL for P-20240412-143940-001-140723844938120-3, no quotes for BTCUSDT-PERP.BINANCE[0m
[1m2024-04-12T15:08:10.000000000Z[0m [1;33m[WARN] TRADER-001.nautilus_common::cache: Cannot calculate unrealized PnL for P-20240412-143940-001-140723844938120-3, no quotes for BTCUSDT-PERP.BINANCE[0m
[1m2024-04-12T15:08:20.000000000Z[0m [1;33m[WARN] TRADER-001.nautilus_common::cache: Cannot calculate unrealized PnL for P-20240412-143940-001-140723844938120-3, no quotes for BTCUSDT-PERP.BINANCE[0m
[1m2024-04-12T15:08:30.000000000Z[0m [1;33m[WARN] TRADER-001.nautilus_common::cache: Cannot calculate unrealized PnL for P-20240412-143940-001-140723844938120-3, no quotes for BTCUSDT-PERP.BINANCE[0m
[1m2024-04-12T15:08:40.000000000Z[0m [1;33m[WARN] TRADER-001.nautilus_common::cache: Cannot calculate unrealized PnL for P-20240412-143940-001-140723844938120-3, no quotes for BTCUSDT-PERP.BINANCE[0m
[1m2024-04-12T15:08:50.000000000Z[0m [1;33m[WARN] TRADER-001.nautilus_common::cache: Cannot calculate unrealized PnL for P-20240412-143940-001-140723844938120-3, no quotes for BTCUSDT-PERP.BINANCE[0m
[1m2024-04-12T15:08:59.999000000Z[0m [1;33m[WARN] TRADER-001.nautilus_common::cache: Cannot calculate unrealized PnL for P-20240412-143940-001-140723844938120-3, no quotes for BTCUSDT-PERP.BINANCE[0m
[1m2024-04-12T15:09:00.000000000Z[0m [1;33m[WARN] TRADER-001.nautilus_common::cache: Cannot calculate unrealized PnL for P-20240412-143940-001-140723844938120-3, no quotes for BTCUSDT-PERP.BINANCE[0m
[1m2024-04-12T15:09:10.000000000Z[0m [1;33m[WARN] TRADER-001.nautilus_common::cache: Cannot calculate unrealized PnL for P-20240412-143940-001-140723844938120-3, no quotes for BTCUSDT-PERP.BINANCE[0m
[1m2024-04-12T15:09:20.000000000Z[0m [1;33m[WARN] TRADER-001.nautilus_common::cache: Cannot calculate unrealized PnL for P-20240412-143940-001-140723844938120-3, no quotes for BTCUSDT-PERP.BINANCE[0m
[1m2024-04-12T15:09:30.000000000Z[0m [1;33m[WARN] TRADER-001.nautilus_common::cache: Cannot calculate unrealized PnL for P-20240412-143940-001-140723844938120-3, no quotes for BTCUSDT-PERP.BINANCE[0m
[1m2024-04-12T15:09:40.000000000Z[0m [1;33m[WARN] TRADER-001.nautilus_common::cache: Cannot calculate unrealized PnL for P-20240412-143940-001-140723844938120-3, no quotes for BTCUSDT-PERP.BINANCE[0m
[1m2024-04-12T15:09:50.000000000Z[0m [1;33m[WARN] TRADER-001.nautilus_common::cache: Cannot calculate unrealized PnL for P-20240412-143940-001-140723844938120-3, no quotes for BTCUSDT-PERP.BINANCE[0m
[1m2024-04-12T15:09:59.999000000Z[0m [1;33m[WARN] TRADER-001.nautilus_common::cache: Cannot calculate unrealized PnL for P-20240412-143940-001-140723844938120-3, no quotes for BTCUSDT-PERP.BINANCE[0m
[1m2024-04-12T15:10:00.000000000Z[0m [1;33m[WARN] TRADER-001.nautilus_common::cache: Cannot calculate unrealized PnL for P-20240412-143940-001-140723844938120-3, no quotes for BTCUSDT-PERP.BINANCE[0m
[1m2024-04-12T15:10:10.000000000Z[0m [1;33m[WARN] TRADER-001.nautilus_common::cache: Cannot calculate unrealized PnL for P-20240412-143940-001-140723844938120-3, no quotes for BTCUSDT-PERP.BINANCE[0m
[1m2024-04-12T15:10:20.000000000Z[0m [1;33m[WARN] TRADER-001.nautilus_common::cache: Cannot calculate unrealized PnL for P-20240412-143940-001-140723844938120-3, no quotes for BTCUSDT-PERP.BINANCE[0m
[1m2024-04-12T15:10:30.000000000Z[0m [1;33m[WARN] TRADER-001.nautilus_common::cache: Cannot calculate unrealized PnL for P-20240412-143940-001-140723844938120-3, no quotes for BTCUSDT-PERP.BINANCE[0m
[1m2024-04-12T15:10:40.000000000Z[0m [1;33m[WARN] TRADER-001.nautilus_common::cache: Cannot calculate unrealized PnL for P-20240412-143940-001-140723844938120-3, no quotes for BTCUSDT-PERP.BINANCE[0m
[1m2024-04-12T15:10:50.000000000Z[0m [1;33m[WARN] TRADER-001.nautilus_common::cache: Cannot calculate unrealized PnL for P-20240412-143940-001-140723844938120-3, no quotes for BTCUSDT-PERP.BINANCE[0m
[1m2024-04-12T15:10:59.999000000Z[0m [1;33m[WARN] TRADER-001.nautilus_common::cache: Cannot calculate unrealized PnL for P-20240412-143940-001-140723844938120-3, no quotes for BTCUSDT-PERP.BINANCE[0m
[1m2024-04-12T15:11:00.000000000Z[0m [1;33m[WARN] TRADER-001.nautilus_common::cache: Cannot calculate unrealized PnL for P-20240412-143940-001-140723844938120-3, no quotes for BTCUSDT-PERP.BINANCE[0m
[1m2024-04-12T15:11:10.000000000Z[0m [1;33m[WARN] TRADER-001.nautilus_common::cache: Cannot calculate unrealized PnL for P-20240412-143940-001-140723844938120-3, no quotes for BTCUSDT-PERP.BINANCE[0m
[1m2024-04-12T15:11:20.000000000Z[0m [1;33m[WARN] TRADER-001.nautilus_common::cache: Cannot calculate unrealized PnL for P-20240412-143940-001-140723844938120-3, no quotes for BTCUSDT-PERP.BINANCE[0m
[1m2024-04-12T15:11:30.000000000Z[0m [1;33m[WARN] TRADER-001.nautilus_common::cache: Cannot calculate unrealized PnL for P-20240412-143940-001-140723844938120-3, no quotes for BTCUSDT-PERP.BINANCE[0m
[1m2024-04-12T15:11:40.000000000Z[0m [1;33m[WARN] TRADER-001.nautilus_common::cache: Cannot calculate unrealized PnL for P-20240412-143940-001-140723844938120-3, no quotes for BTCUSDT-PERP.BINANCE[0m
[1m2024-04-12T15:11:50.000000000Z[0m [1;33m[WARN] TRADER-001.nautilus_common::cache: Cannot calculate unrealized PnL for P-20240412-143940-001-140723844938120-3, no quotes for BTCUSDT-PERP.BINANCE[0m
[1m2024-04-12T15:11:59.999000000Z[0m [1;33m[WARN] TRADER-001.nautilus_common::cache: Cannot calculate unrealized PnL for P-20240412-143940-001-140723844938120-3, no quotes for BTCUSDT-PERP.BINANCE[0m
[1m2024-04-12T15:12:00.000000000Z[0m [1;33m[WARN] TRADER-001.nautilus_common::cache: Cannot calculate unrealized PnL for P-20240412-143940-001-140723844938120-3, no quotes for BTCUSDT-PERP.BINANCE[0m
[1m2024-04-12T15:12:10.000000000Z[0m [1;33m[WARN] TRADER-001.nautilus_common::cache: Cannot calculate unrealized PnL for P-20240412-143940-001-140723844938120-3, no quotes for BTCUSDT-PERP.BINANCE[0m
[1m2024-04-12T15:12:20.000000000Z[0m [1;33m[WARN] TRADER-001.nautilus_common::cache: Cannot calculate unrealized PnL for P-20240412-143940-001-140723844938120-3, no quotes for BTCUSDT-PERP.BINANCE[0m
[1m2024-04-12T15:12:30.000000000Z[0m [1;33m[WARN] TRADER-001.nautilus_common::cache: Cannot calculate unrealized PnL for P-20240412-143940-001-140723844938120-3, no quotes for BTCUSDT-PERP.BINANCE[0m
[1m2024-04-12T15:12:40.000000000Z[0m [1;33m[WARN] TRADER-001.nautilus_common::cache: Cannot calculate unrealized PnL for P-20240412-143940-001-140723844938120-3, no quotes for BTCUSDT-PERP.BINANCE[0m
[1m2024-04-12T15:12:50.000000000Z[0m [1;33m[WARN] TRADER-001.nautilus_common::cache: Cannot calculate unrealized PnL for P-20240412-143940-001-140723844938120-3, no quotes for BTCUSDT-PERP.BINANCE[0m
[1m2024-04-12T15:12:59.999000000Z[0m [1;33m[WARN] TRADER-001.nautilus_common::cache: Cannot calculate unrealized PnL for P-20240412-143940-001-140723844938120-3, no quotes for BTCUSDT-PERP.BINANCE[0m
[1m2024-04-12T15:13:00.000000000Z[0m [1;33m[WARN] TRADER-001.nautilus_common::cache: Cannot calculate unrealized PnL for P-20240412-143940-001-140723844938120-3, no quotes for BTCUSDT-PERP.BINANCE[0m
[1m2024-04-12T15:13:10.000000000Z[0m [1;33m[WARN] TRADER-001.nautilus_common::cache: Cannot calculate unrealized PnL for P-20240412-143940-001-140723844938120-3, no quotes for BTCUSDT-PERP.BINANCE[0m
[1m2024-04-12T15:13:20.000000000Z[0m [1;33m[WARN] TRADER-001.nautilus_common::cache: Cannot calculate unrealized PnL for P-20240412-143940-001-140723844938120-3, no quotes for BTCUSDT-PERP.BINANCE[0m
[1m2024-04-12T15:13:30.000000000Z[0m [1;33m[WARN] TRADER-001.nautilus_common::cache: Cannot calculate unrealized PnL for P-20240412-143940-001-140723844938120-3, no quotes for BTCUSDT-PERP.BINANCE[0m
[1m2024-04-12T15:13:40.000000000Z[0m [1;33m[WARN] TRADER-001.nautilus_common::cache: Cannot calculate unrealized PnL for P-20240412-143940-001-140723844938120-3, no quotes for BTCUSDT-PERP.BINANCE[0m
[1m2024-04-12T15:13:50.000000000Z[0m [1;33m[WARN] TRADER-001.nautilus_common::cache: Cannot calculate unrealized PnL for P-20240412-143940-001-140723844938120-3, no quotes for BTCUSDT-PERP.BINANCE[0m
[1m2024-04-12T15:13:59.999000000Z[0m [1;33m[WARN] TRADER-001.nautilus_common::cache: Cannot calculate unrealized PnL for P-20240412-143940-001-140723844938120-3, no quotes for BTCUSDT-PERP.BINANCE[0m
[1m2024-04-12T15:14:00.000000000Z[0m [1;33m[WARN] TRADER-001.nautilus_common::cache: Cannot calculate unrealized PnL for P-20240412-143940-001-140723844938120-3, no quotes for BTCUSDT-PERP.BINANCE[0m
[1m2024-04-12T15:14:10.000000000Z[0m [1;33m[WARN] TRADER-001.nautilus_common::cache: Cannot calculate unrealized PnL for P-20240412-143940-001-140723844938120-3, no quotes for BTCUSDT-PERP.BINANCE[0m
[1m2024-04-12T15:14:20.000000000Z[0m [1;33m[WARN] TRADER-001.nautilus_common::cache: Cannot calculate unrealized PnL for P-20240412-143940-001-140723844938120-3, no quotes for BTCUSDT-PERP.BINANCE[0m
[1m2024-04-12T15:14:30.000000000Z[0m [1;33m[WARN] TRADER-001.nautilus_common::cache: Cannot calculate unrealized PnL for P-20240412-143940-001-140723844938120-3, no quotes for BTCUSDT-PERP.BINANCE[0m
[1m2024-04-12T15:14:40.000000000Z[0m [1;33m[WARN] TRADER-001.nautilus_common::cache: Cannot calculate unrealized PnL for P-20240412-143940-001-140723844938120-3, no quotes for BTCUSDT-PERP.BINANCE[0m
[1m2024-04-12T15:14:50.000000000Z[0m [1;33m[WARN] TRADER-001.nautilus_common::cache: Cannot calculate unrealized PnL for P-20240412-143940-001-140723844938120-3, no quotes for BTCUSDT-PERP.BINANCE[0m
[1m2024-04-12T15:14:59.999000000Z[0m [1;33m[WARN] TRADER-001.nautilus_common::cache: Cannot calculate unrealized PnL for P-20240412-143940-001-140723844938120-3, no quotes for BTCUSDT-PERP.BINANCE[0m
[1m2024-04-12T15:15:00.000000000Z[0m [1;33m[WARN] TRADER-001.nautilus_common::cache: Cannot calculate unrealized PnL for P-20240412-143940-001-140723844938120-3, no quotes for BTCUSDT-PERP.BINANCE[0m
[1m2024-04-12T15:15:10.000000000Z[0m [1;33m[WARN] TRADER-001.nautilus_common::cache: Cannot calculate unrealized PnL for P-20240412-143940-001-140723844938120-3, no quotes for BTCUSDT-PERP.BINANCE[0m
[1m2024-04-12T15:15:20.000000000Z[0m [1;33m[WARN] TRADER-001.nautilus_common::cache: Cannot calculate unrealized PnL for P-20240412-143940-001-140723844938120-3, no quotes for BTCUSDT-PERP.BINANCE[0m
[1m2024-04-12T15:15:30.000000000Z[0m [1;33m[WARN] TRADER-001.nautilus_common::cache: Cannot calculate unrealized PnL for P-20240412-143940-001-140723844938120-3, no quotes for BTCUSDT-PERP.BINANCE[0m
[1m2024-04-12T15:15:40.000000000Z[0m [1;33m[WARN] TRADER-001.nautilus_common::cache: Cannot calculate unrealized PnL for P-20240412-143940-001-140723844938120-3, no quotes for BTCUSDT-PERP.BINANCE[0m
[1m2024-04-12T15:15:50.000000000Z[0m [1;33m[WARN] TRADER-001.nautilus_common::cache: Cannot calculate unrealized PnL for P-20240412-143940-001-140723844938120-3, no quotes for BTCUSDT-PERP.BINANCE[0m
[1m2024-04-12T15:15:59.999000000Z[0m [1;33m[WARN] TRADER-001.nautilus_common::cache: Cannot calculate unrealized PnL for P-20240412-143940-001-140723844938120-3, no quotes for BTCUSDT-PERP.BINANCE[0m
[1m2024-04-12T15:16:00.000000000Z[0m [1;33m[WARN] TRADER-001.nautilus_common::cache: Cannot calculate unrealized PnL for P-20240412-143940-001-140723844938120-3, no quotes for BTCUSDT-PERP.BINANCE[0m
[1m2024-04-12T15:16:10.000000000Z[0m [1;33m[WARN] TRADER-001.nautilus_common::cache: Cannot calculate unrealized PnL for P-20240412-143940-001-140723844938120-3, no quotes for BTCUSDT-PERP.BINANCE[0m
[1m2024-04-12T15:16:20.000000000Z[0m [1;33m[WARN] TRADER-001.nautilus_common::cache: Cannot calculate unrealized PnL for P-20240412-143940-001-140723844938120-3, no quotes for BTCUSDT-PERP.BINANCE[0m
[1m2024-04-12T15:16:30.000000000Z[0m [1;33m[WARN] TRADER-001.nautilus_common::cache: Cannot calculate unrealized PnL for P-20240412-143940-001-140723844938120-3, no quotes for BTCUSDT-PERP.BINANCE[0m
[1m2024-04-12T15:16:40.000000000Z[0m [1;33m[WARN] TRADER-001.nautilus_common::cache: Cannot calculate unrealized PnL for P-20240412-143940-001-140723844938120-3, no quotes for BTCUSDT-PERP.BINANCE[0m
[1m2024-04-12T15:16:50.000000000Z[0m [1;33m[WARN] TRADER-001.nautilus_common::cache: Cannot calculate unrealized PnL for P-20240412-143940-001-140723844938120-3, no quotes for BTCUSDT-PERP.BINANCE[0m
[1m2024-04-12T15:16:59.999000000Z[0m [1;33m[WARN] TRADER-001.nautilus_common::cache: Cannot calculate unrealized PnL for P-20240412-143940-001-140723844938120-3, no quotes for BTCUSDT-PERP.BINANCE[0m
[1m2024-04-12T15:17:00.000000000Z[0m [1;33m[WARN] TRADER-001.nautilus_common::cache: Cannot calculate unrealized PnL for P-20240412-143940-001-140723844938120-3, no quotes for BTCUSDT-PERP.BINANCE[0m
[1m2024-04-12T15:17:10.000000000Z[0m [1;33m[WARN] TRADER-001.nautilus_common::cache: Cannot calculate unrealized PnL for P-20240412-143940-001-140723844938120-3, no quotes for BTCUSDT-PERP.BINANCE[0m
[1m2024-04-12T15:17:20.000000000Z[0m [1;33m[WARN] TRADER-001.nautilus_common::cache: Cannot calculate unrealized PnL for P-20240412-143940-001-140723844938120-3, no quotes for BTCUSDT-PERP.BINANCE[0m
[1m2024-04-12T15:17:30.000000000Z[0m [1;33m[WARN] TRADER-001.nautilus_common::cache: Cannot calculate unrealized PnL for P-20240412-143940-001-140723844938120-3, no quotes for BTCUSDT-PERP.BINANCE[0m
[1m2024-04-12T15:17:40.000000000Z[0m [1;33m[WARN] TRADER-001.nautilus_common::cache: Cannot calculate unrealized PnL for P-20240412-143940-001-140723844938120-3, no quotes for BTCUSDT-PERP.BINANCE[0m
[1m2024-04-12T15:17:50.000000000Z[0m [1;33m[WARN] TRADER-001.nautilus_common::cache: Cannot calculate unrealized PnL for P-20240412-143940-001-140723844938120-3, no quotes for BTCUSDT-PERP.BINANCE[0m
[1m2024-04-12T15:17:59.999000000Z[0m [1;33m[WARN] TRADER-001.nautilus_common::cache: Cannot calculate unrealized PnL for P-20240412-143940-001-140723844938120-3, no quotes for BTCUSDT-PERP.BINANCE[0m
[1m2024-04-12T15:18:00.000000000Z[0m [1;33m[WARN] TRADER-001.nautilus_common::cache: Cannot calculate unrealized PnL for P-20240412-143940-001-140723844938120-3, no quotes for BTCUSDT-PERP.BINANCE[0m
[1m2024-04-12T15:18:10.000000000Z[0m [1;33m[WARN] TRADER-001.nautilus_common::cache: Cannot calculate unrealized PnL for P-20240412-143940-001-140723844938120-3, no quotes for BTCUSDT-PERP.BINANCE[0m
[1m2024-04-12T15:18:20.000000000Z[0m [1;33m[WARN] TRADER-001.nautilus_common::cache: Cannot calculate unrealized PnL for P-20240412-143940-001-140723844938120-3, no quotes for BTCUSDT-PERP.BINANCE[0m
[1m2024-04-12T15:18:30.000000000Z[0m [1;33m[WARN] TRADER-001.nautilus_common::cache: Cannot calculate unrealized PnL for P-20240412-143940-001-140723844938120-3, no quotes for BTCUSDT-PERP.BINANCE[0m
[1m2024-04-12T15:18:40.000000000Z[0m [1;33m[WARN] TRADER-001.nautilus_common::cache: Cannot calculate unrealized PnL for P-20240412-143940-001-140723844938120-3, no quotes for BTCUSDT-PERP.BINANCE[0m
[1m2024-04-12T15:18:50.000000000Z[0m [1;33m[WARN] TRADER-001.nautilus_common::cache: Cannot calculate unrealized PnL for P-20240412-143940-001-140723844938120-3, no quotes for BTCUSDT-PERP.BINANCE[0m
[1m2024-04-12T15:18:59.999000000Z[0m [1;33m[WARN] TRADER-001.nautilus_common::cache: Cannot calculate unrealized PnL for P-20240412-143940-001-140723844938120-3, no quotes for BTCUSDT-PERP.BINANCE[0m
[1m2024-04-12T15:19:00.000000000Z[0m [1;33m[WARN] TRADER-001.nautilus_common::cache: Cannot calculate unrealized PnL for P-20240412-143940-001-140723844938120-3, no quotes for BTCUSDT-PERP.BINANCE[0m
[1m2024-04-12T15:19:10.000000000Z[0m [1;33m[WARN] TRADER-001.nautilus_common::cache: Cannot calculate unrealized PnL for P-20240412-143940-001-140723844938120-3, no quotes for BTCUSDT-PERP.BINANCE[0m
[1m2024-04-12T15:19:20.000000000Z[0m [1;33m[WARN] TRADER-001.nautilus_common::cache: Cannot calculate unrealized PnL for P-20240412-143940-001-140723844938120-3, no quotes for BTCUSDT-PERP.BINANCE[0m
[1m2024-04-12T15:19:30.000000000Z[0m [1;33m[WARN] TRADER-001.nautilus_common::cache: Cannot calculate unrealized PnL for P-20240412-143940-001-140723844938120-3, no quotes for BTCUSDT-PERP.BINANCE[0m
[1m2024-04-12T15:19:40.000000000Z[0m [1;33m[WARN] TRADER-001.nautilus_common::cache: Cannot calculate unrealized PnL for P-20240412-143940-001-140723844938120-3, no quotes for BTCUSDT-PERP.BINANCE[0m
[1m2024-04-12T15:19:50.000000000Z[0m [1;33m[WARN] TRADER-001.nautilus_common::cache: Cannot calculate unrealized PnL for P-20240412-143940-001-140723844938120-3, no quotes for BTCUSDT-PERP.BINANCE[0m
[1m2024-04-12T15:19:59.999000000Z[0m [1;33m[WARN] TRADER-001.nautilus_common::cache: Cannot calculate unrealized PnL for P-20240412-143940-001-140723844938120-3, no quotes for BTCUSDT-PERP.BINANCE[0m
[1m2024-04-12T15:20:00.000000000Z[0m [1;33m[WARN] TRADER-001.nautilus_common::cache: Cannot calculate unrealized PnL for P-20240412-143940-001-140723844938120-3, no quotes for BTCUSDT-PERP.BINANCE[0m
[1m2024-04-12T15:20:10.000000000Z[0m [1;33m[WARN] TRADER-001.nautilus_common::cache: Cannot calculate unrealized PnL for P-20240412-143940-001-140723844938120-3, no quotes for BTCUSDT-PERP.BINANCE[0m
[1m2024-04-12T15:20:20.000000000Z[0m [1;33m[WARN] TRADER-001.nautilus_common::cache: Cannot calculate unrealized PnL for P-20240412-143940-001-140723844938120-3, no quotes for BTCUSDT-PERP.BINANCE[0m
[1m2024-04-12T15:20:30.000000000Z[0m [1;33m[WARN] TRADER-001.nautilus_common::cache: Cannot calculate unrealized PnL for P-20240412-143940-001-140723844938120-3, no quotes for BTCUSDT-PERP.BINANCE[0m
[1m2024-04-12T15:20:40.000000000Z[0m [1;33m[WARN] TRADER-001.nautilus_common::cache: Cannot calculate unrealized PnL for P-20240412-143940-001-140723844938120-3, no quotes for BTCUSDT-PERP.BINANCE[0m
[1m2024-04-12T15:20:50.000000000Z[0m [1;33m[WARN] TRADER-001.nautilus_common::cache: Cannot calculate unrealized PnL for P-20240412-143940-001-140723844938120-3, no quotes for BTCUSDT-PERP.BINANCE[0m
[1m2024-04-12T15:20:59.999000000Z[0m [1;33m[WARN] TRADER-001.nautilus_common::cache: Cannot calculate unrealized PnL for P-20240412-143940-001-140723844938120-3, no quotes for BTCUSDT-PERP.BINANCE[0m
[1m2024-04-12T15:21:00.000000000Z[0m [1;33m[WARN] TRADER-001.nautilus_common::cache: Cannot calculate unrealized PnL for P-20240412-143940-001-140723844938120-3, no quotes for BTCUSDT-PERP.BINANCE[0m
[1m2024-04-12T15:21:10.000000000Z[0m [1;33m[WARN] TRADER-001.nautilus_common::cache: Cannot calculate unrealized PnL for P-20240412-143940-001-140723844938120-3, no quotes for BTCUSDT-PERP.BINANCE[0m
[1m2024-04-12T15:21:20.000000000Z[0m [1;33m[WARN] TRADER-001.nautilus_common::cache: Cannot calculate unrealized PnL for P-20240412-143940-001-140723844938120-3, no quotes for BTCUSDT-PERP.BINANCE[0m
[1m2024-04-12T15:21:30.000000000Z[0m [1;33m[WARN] TRADER-001.nautilus_common::cache: Cannot calculate unrealized PnL for P-20240412-143940-001-140723844938120-3, no quotes for BTCUSDT-PERP.BINANCE[0m
[1m2024-04-12T15:21:40.000000000Z[0m [1;33m[WARN] TRADER-001.nautilus_common::cache: Cannot calculate unrealized PnL for P-20240412-143940-001-140723844938120-3, no quotes for BTCUSDT-PERP.BINANCE[0m
[1m2024-04-12T15:21:50.000000000Z[0m [1;33m[WARN] TRADER-001.nautilus_common::cache: Cannot calculate unrealized PnL for P-20240412-143940-001-140723844938120-3, no quotes for BTCUSDT-PERP.BINANCE[0m
[1m2024-04-12T15:21:59.999000000Z[0m [1;33m[WARN] TRADER-001.nautilus_common::cache: Cannot calculate unrealized PnL for P-20240412-143940-001-140723844938120-3, no quotes for BTCUSDT-PERP.BINANCE[0m
[1m2024-04-12T15:22:00.000000000Z[0m [1;33m[WARN] TRADER-001.nautilus_common::cache: Cannot calculate unrealized PnL for P-20240412-143940-001-140723844938120-3, no quotes for BTCUSDT-PERP.BINANCE[0m
[1m2024-04-12T15:22:10.000000000Z[0m [1;33m[WARN] TRADER-001.nautilus_common::cache: Cannot calculate unrealized PnL for P-20240412-143940-001-140723844938120-3, no quotes for BTCUSDT-PERP.BINANCE[0m
[1m2024-04-12T15:22:20.000000000Z[0m [1;33m[WARN] TRADER-001.nautilus_common::cache: Cannot calculate unrealized PnL for P-20240412-143940-001-140723844938120-3, no quotes for BTCUSDT-PERP.BINANCE[0m
[1m2024-04-12T15:22:30.000000000Z[0m [1;33m[WARN] TRADER-001.nautilus_common::cache: Cannot calculate unrealized PnL for P-20240412-143940-001-140723844938120-3, no quotes for BTCUSDT-PERP.BINANCE[0m
[1m2024-04-12T15:22:40.000000000Z[0m [1;33m[WARN] TRADER-001.nautilus_common::cache: Cannot calculate unrealized PnL for P-20240412-143940-001-140723844938120-3, no quotes for BTCUSDT-PERP.BINANCE[0m
[1m2024-04-12T15:22:50.000000000Z[0m [1;33m[WARN] TRADER-001.nautilus_common::cache: Cannot calculate unrealized PnL for P-20240412-143940-001-140723844938120-3, no quotes for BTCUSDT-PERP.BINANCE[0m
[1m2024-04-12T15:22:59.999000000Z[0m [1;33m[WARN] TRADER-001.nautilus_common::cache: Cannot calculate unrealized PnL for P-20240412-143940-001-140723844938120-3, no quotes for BTCUSDT-PERP.BINANCE[0m
[1m2024-04-12T15:23:00.000000000Z[0m [1;33m[WARN] TRADER-001.nautilus_common::cache: Cannot calculate unrealized PnL for P-20240412-143940-001-140723844938120-3, no quotes for BTCUSDT-PERP.BINANCE[0m
[1m2024-04-12T15:23:10.000000000Z[0m [1;33m[WARN] TRADER-001.nautilus_common::cache: Cannot calculate unrealized PnL for P-20240412-143940-001-140723844938120-3, no quotes for BTCUSDT-PERP.BINANCE[0m
[1m2024-04-12T15:23:20.000000000Z[0m [1;33m[WARN] TRADER-001.nautilus_common::cache: Cannot calculate unrealized PnL for P-20240412-143940-001-140723844938120-3, no quotes for BTCUSDT-PERP.BINANCE[0m
[1m2024-04-12T15:23:30.000000000Z[0m [1;33m[WARN] TRADER-001.nautilus_common::cache: Cannot calculate unrealized PnL for P-20240412-143940-001-140723844938120-3, no quotes for BTCUSDT-PERP.BINANCE[0m
[1m2024-04-12T15:23:40.000000000Z[0m [1;33m[WARN] TRADER-001.nautilus_common::cache: Cannot calculate unrealized PnL for P-20240412-143940-001-140723844938120-3, no quotes for BTCUSDT-PERP.BINANCE[0m
[1m2024-04-12T15:23:50.000000000Z[0m [1;33m[WARN] TRADER-001.nautilus_common::cache: Cannot calculate unrealized PnL for P-20240412-143940-001-140723844938120-3, no quotes for BTCUSDT-PERP.BINANCE[0m
[1m2024-04-12T15:23:59.999000000Z[0m [1;33m[WARN] TRADER-001.nautilus_common::cache: Cannot calculate unrealized PnL for P-20240412-143940-001-140723844938120-3, no quotes for BTCUSDT-PERP.BINANCE[0m
[1m2024-04-12T15:24:00.000000000Z[0m [1;33m[WARN] TRADER-001.nautilus_common::cache: Cannot calculate unrealized PnL for P-20240412-143940-001-140723844938120-3, no quotes for BTCUSDT-PERP.BINANCE[0m
[1m2024-04-12T15:24:10.000000000Z[0m [1;33m[WARN] TRADER-001.nautilus_common::cache: Cannot calculate unrealized PnL for P-20240412-143940-001-140723844938120-3, no quotes for BTCUSDT-PERP.BINANCE[0m
[1m2024-04-12T15:24:20.000000000Z[0m [1;33m[WARN] TRADER-001.nautilus_common::cache: Cannot calculate unrealized PnL for P-20240412-143940-001-140723844938120-3, no quotes for BTCUSDT-PERP.BINANCE[0m
[1m2024-04-12T15:24:30.000000000Z[0m [1;33m[WARN] TRADER-001.nautilus_common::cache: Cannot calculate unrealized PnL for P-20240412-143940-001-140723844938120-3, no quotes for BTCUSDT-PERP.BINANCE[0m
[1m2024-04-12T15:24:40.000000000Z[0m [1;33m[WARN] TRADER-001.nautilus_common::cache: Cannot calculate unrealized PnL for P-20240412-143940-001-140723844938120-3, no quotes for BTCUSDT-PERP.BINANCE[0m
[1m2024-04-12T15:24:50.000000000Z[0m [1;33m[WARN] TRADER-001.nautilus_common::cache: Cannot calculate unrealized PnL for P-20240412-143940-001-140723844938120-3, no quotes for BTCUSDT-PERP.BINANCE[0m
[1m2024-04-12T15:24:59.999000000Z[0m [1;33m[WARN] TRADER-001.nautilus_common::cache: Cannot calculate unrealized PnL for P-20240412-143940-001-140723844938120-3, no quotes for BTCUSDT-PERP.BINANCE[0m
[1m2024-04-12T15:25:00.000000000Z[0m [1;33m[WARN] TRADER-001.nautilus_common::cache: Cannot calculate unrealized PnL for P-20240412-143940-001-140723844938120-3, no quotes for BTCUSDT-PERP.BINANCE[0m
[1m2024-04-12T15:25:10.000000000Z[0m [1;33m[WARN] TRADER-001.nautilus_common::cache: Cannot calculate unrealized PnL for P-20240412-143940-001-140723844938120-3, no quotes for BTCUSDT-PERP.BINANCE[0m
[1m2024-04-12T15:25:20.000000000Z[0m [1;33m[WARN] TRADER-001.nautilus_common::cache: Cannot calculate unrealized PnL for P-20240412-143940-001-140723844938120-3, no quotes for BTCUSDT-PERP.BINANCE[0m
[1m2024-04-12T15:25:30.000000000Z[0m [1;33m[WARN] TRADER-001.nautilus_common::cache: Cannot calculate unrealized PnL for P-20240412-143940-001-140723844938120-3, no quotes for BTCUSDT-PERP.BINANCE[0m
[1m2024-04-12T15:25:40.000000000Z[0m [1;33m[WARN] TRADER-001.nautilus_common::cache: Cannot calculate unrealized PnL for P-20240412-143940-001-140723844938120-3, no quotes for BTCUSDT-PERP.BINANCE[0m
[1m2024-04-12T15:25:50.000000000Z[0m [1;33m[WARN] TRADER-001.nautilus_common::cache: Cannot calculate unrealized PnL for P-20240412-143940-001-140723844938120-3, no quotes for BTCUSDT-PERP.BINANCE[0m
[1m2024-04-12T15:25:59.999000000Z[0m [1;33m[WARN] TRADER-001.nautilus_common::cache: Cannot calculate unrealized PnL for P-20240412-143940-001-140723844938120-3, no quotes for BTCUSDT-PERP.BINANCE[0m
[1m2024-04-12T15:26:00.000000000Z[0m [1;33m[WARN] TRADER-001.nautilus_common::cache: Cannot calculate unrealized PnL for P-20240412-143940-001-140723844938120-3, no quotes for BTCUSDT-PERP.BINANCE[0m
[1m2024-04-12T15:26:10.000000000Z[0m [1;33m[WARN] TRADER-001.nautilus_common::cache: Cannot calculate unrealized PnL for P-20240412-143940-001-140723844938120-3, no quotes for BTCUSDT-PERP.BINANCE[0m
[1m2024-04-12T15:26:20.000000000Z[0m [1;33m[WARN] TRADER-001.nautilus_common::cache: Cannot calculate unrealized PnL for P-20240412-143940-001-140723844938120-3, no quotes for BTCUSDT-PERP.BINANCE[0m
[1m2024-04-12T15:26:30.000000000Z[0m [1;33m[WARN] TRADER-001.nautilus_common::cache: Cannot calculate unrealized PnL for P-20240412-143940-001-140723844938120-3, no quotes for BTCUSDT-PERP.BINANCE[0m
[1m2024-04-12T15:26:40.000000000Z[0m [1;33m[WARN] TRADER-001.nautilus_common::cache: Cannot calculate unrealized PnL for P-20240412-143940-001-140723844938120-3, no quotes for BTCUSDT-PERP.BINANCE[0m
[1m2024-04-12T15:26:50.000000000Z[0m [1;33m[WARN] TRADER-001.nautilus_common::cache: Cannot calculate unrealized PnL for P-20240412-143940-001-140723844938120-3, no quotes for BTCUSDT-PERP.BINANCE[0m
[1m2024-04-12T15:26:59.999000000Z[0m [1;33m[WARN] TRADER-001.nautilus_common::cache: Cannot calculate unrealized PnL for P-20240412-143940-001-140723844938120-3, no quotes for BTCUSDT-PERP.BINANCE[0m
[1m2024-04-12T15:27:00.000000000Z[0m [1;33m[WARN] TRADER-001.nautilus_common::cache: Cannot calculate unrealized PnL for P-20240412-143940-001-140723844938120-3, no quotes for BTCUSDT-PERP.BINANCE[0m
[1m2024-04-12T15:27:10.000000000Z[0m [1;33m[WARN] TRADER-001.nautilus_common::cache: Cannot calculate unrealized PnL for P-20240412-143940-001-140723844938120-3, no quotes for BTCUSDT-PERP.BINANCE[0m
[1m2024-04-12T15:27:20.000000000Z[0m [1;33m[WARN] TRADER-001.nautilus_common::cache: Cannot calculate unrealized PnL for P-20240412-143940-001-140723844938120-3, no quotes for BTCUSDT-PERP.BINANCE[0m
[1m2024-04-12T15:27:30.000000000Z[0m [1;33m[WARN] TRADER-001.nautilus_common::cache: Cannot calculate unrealized PnL for P-20240412-143940-001-140723844938120-3, no quotes for BTCUSDT-PERP.BINANCE[0m
[1m2024-04-12T15:27:40.000000000Z[0m [INFO] TRADER-001.nautilus_portfolio::manager: BTCUSDT-PERP.BINANCE margin_init=0.00000000 USDT[0m
[1m2024-04-12T15:27:40.000000000Z[0m [INFO] TRADER-001.nautilus_trading::strategy: DataActor-140723844938120 <--[EVT] OrderFilled(instrument_id=BTCUSDT-PERP.BINANCE, client_order_id=O-20240412-143940-001-140723844938120-8, venue_order_id=BINANCE-1-8, account_id=BINANCE-001, trade_id=T-917f90d4d339cbd6-112213, position_id=P-20240412-143940-001-140723844938120-3, order_side=BUY, order_type=STOP_MARKET, last_qty=7.696, last_px=69_707.9 USDT, commission=321.88319904 USDT, liquidity_side=TAKER, ts_event=1712935660000000000)[0m
[1m2024-04-12T15:27:40.000000000Z[0m [INFO] TRADER-001.nautilus_portfolio::portfolio: BTCUSDT-PERP.BINANCE net_position=0[0m
[1m2024-04-12T15:27:40.000000000Z[0m [INFO] TRADER-001.nautilus_portfolio::manager: BTCUSDT-PERP.BINANCE margin_maint=0.00000000 USDT[0m
[1m2024-04-12T15:27:40.000000000Z[0m [INFO] TRADER-001.nautilus_portfolio::portfolio: Updated AccountState(account_id=BINANCE-001, account_type=MARGIN, base_currency=USDT, is_reported=false, balances=[AccountBalance(total=93092.79668056 USDT, locked=0.00000000 USDT, free=93092.79668056 USDT)], margins=[], event_id=0e4f8e15-0d46-479b-aac4-10b0b273ce7a)[0m
[1m2024-04-12T15:27:40.000000000Z[0m [INFO] TRADER-001.nautilus_trading::strategy: DataActor-140723844938120 <--[EVT] PositionClosed(PositionClosed { trader_id: "TRADER-001", strategy_id: "DataActor-140723844938120", instrument_id: "BTCUSDT-PERP.BINANCE", position_id: "P-20240412-143940-001-140723844938120-3", account_id: "BINANCE-001", opening_order_id: "O-20240412-143940-001-140723844938120-7", closing_order_id: Some("O-20240412-143940-001-140723844938120-8"), entry: Sell, side: Flat, signed_qty: 0.0, quantity: Quantity(0.000), peak_quantity: Quantity(7.696), last_qty: Quantity(7.696), last_px: Price(69707.9), currency: Currency(code='USDT', precision=8, iso4217=0, name='Tether', currency_type=CRYPTO), avg_px_open: 69520.0, avg_px_close: Some(69707.90000000001), realized_return: -0.0027028193325662935, realized_pnl: Some(Money(-2088.97715104, USDT)), unrealized_pnl: Money(0.00000000, USDT), duration: 2880000000000, event_id: UUID4(212e14ec-6bc3-4c7a-b551-3be45f922813), ts_opened: UnixNanos(1712932780000000000), ts_closed: Some(UnixNanos(1712935660000000000)), ts_event: UnixNanos(1712935660000000000), ts_init: UnixNanos(1712935660000000000) })[0m
[1m2024-04-12T15:27:40.000000000Z[0m [INFO] TRADER-001.nautilus_portfolio::manager: BTCUSDT-PERP.BINANCE margin_init=0.00000000 USDT[0m
[1m2024-04-12T15:27:40.000000000Z[0m [INFO] TRADER-001.nautilus_portfolio::portfolio: Updated AccountState(account_id=BINANCE-001, account_type=MARGIN, base_currency=USDT, is_reported=false, balances=[AccountBalance(total=93092.79668056 USDT, locked=0.00000000 USDT, free=93092.79668056 USDT)], margins=[], event_id=47b641d0-0a14-4b60-84dc-2e952ff52f43)[0m
[1m2024-04-12T15:27:40.000000000Z[0m [INFO] TRADER-001.nautilus_trading::strategy: DataActor-140723844938120 <--[EVT] OrderCanceled(instrument_id=BTCUSDT-PERP.BINANCE, client_order_id=O-20240412-143940-001-140723844938120-9, venue_order_id=BINANCE-1-9, account_id=BINANCE-001, ts_event=1712935660000000000)[0m
[1m2024-04-12T17:30:10.000000000Z[0m [INFO] TRADER-001.nautilus_trading::strategy: DataActor-140723844938120 <--[EVT] OrderInitialized(instrument_id=BTCUSDT-PERP.BINANCE, client_order_id=O-20240412-173010-001-140723844938120-10, side=BUY, type=MARKET, quantity=2.537, time_in_force=GTC, post_only=false, reduce_only=false, quote_quantity=false, price=None, emulation_trigger=None, trigger_instrument_id=None, contingency_type=OTO, order_list_id=OL-20240412-173010-001-140723844938120-4, linked_order_ids=[O-20240412-173010-001-140723844938120-11, O-20240412-173010-001-140723844938120-12], parent_order_id=None, exec_algorithm_id=None, exec_algorithm_params=None, exec_spawn_id=None, tags=flow-response-btcusdt-000046, BREAKOUT_ACCEPTANCE_CONTINUATION, LONG, TEN_SECOND_MARKET_ENTRY)[0m
[1m2024-04-12T17:30:10.000000000Z[0m [INFO] TRADER-001.nautilus_trading::strategy: DataActor-140723844938120 <--[EVT] OrderInitialized(instrument_id=BTCUSDT-PERP.BINANCE, client_order_id=O-20240412-173010-001-140723844938120-11, side=SELL, type=STOP_MARKET, quantity=2.537, time_in_force=GTC, post_only=false, reduce_only=true, quote_quantity=false, price=None, emulation_trigger=None, trigger_instrument_id=None, contingency_type=OUO, order_list_id=OL-20240412-173010-001-140723844938120-4, linked_order_ids=[O-20240412-173010-001-140723844938120-12], parent_order_id=O-20240412-173010-001-140723844938120-10, exec_algorithm_id=None, exec_algorithm_params=None, exec_spawn_id=None, tags=flow-response-btcusdt-000046, OBSERVED_RETEST_INVALIDATION)[0m
[1m2024-04-12T17:30:10.000000000Z[0m [INFO] TRADER-001.nautilus_trading::strategy: DataActor-140723844938120 <--[EVT] OrderInitialized(instrument_id=BTCUSDT-PERP.BINANCE, client_order_id=O-20240412-173010-001-140723844938120-12, side=SELL, type=LIMIT, quantity=2.537, time_in_force=GTC, post_only=false, reduce_only=true, quote_quantity=false, price=71028.0, emulation_trigger=None, trigger_instrument_id=None, contingency_type=OUO, order_list_id=OL-20240412-173010-001-140723844938120-4, linked_order_ids=[O-20240412-173010-001-140723844938120-11], parent_order_id=O-20240412-173010-001-140723844938120-10, exec_algorithm_id=None, exec_algorithm_params=None, exec_spawn_id=None, tags=flow-response-btcusdt-000046, ACTIVE_COMPLETED_EXTERNAL_TARGET)[0m
[1m2024-04-12T17:30:10.000000000Z[0m [INFO] TRADER-001.nautilus_trading::strategy: DataActor-140723844938120 [CMD]--> SubmitOrderList[0m
[1m2024-04-12T17:30:10.000000000Z[0m [94m[INFO] TRADER-001.nautilus_execution::engine: Submit OrderList(id=OL-20240412-173010-001-140723844938120-4, instrument_id=BTCUSDT-PERP.BINANCE, strategy_id=DataActor-140723844938120, client_order_ids=["O-20240412-173010-001-140723844938120-10", "O-20240412-173010-001-140723844938120-11", "O-20240412-173010-001-140723844938120-12"], ts_init=1712943010000000000)[0m
[1m2024-04-12T17:30:10.000000000Z[0m [INFO] TRADER-001.nautilus_trading::strategy: DataActor-140723844938120 <--[EVT] OrderSubmitted(instrument_id=BTCUSDT-PERP.BINANCE, client_order_id=O-20240412-173010-001-140723844938120-10, account_id=BINANCE-001, ts_event=1712943010000000000)[0m
[1m2024-04-12T17:30:10.000000000Z[0m [INFO] TRADER-001.nautilus_trading::strategy: DataActor-140723844938120 <--[EVT] OrderSubmitted(instrument_id=BTCUSDT-PERP.BINANCE, client_order_id=O-20240412-173010-001-140723844938120-11, account_id=BINANCE-001, ts_event=1712943010000000000)[0m
[1m2024-04-12T17:30:10.000000000Z[0m [INFO] TRADER-001.nautilus_trading::strategy: DataActor-140723844938120 <--[EVT] OrderSubmitted(instrument_id=BTCUSDT-PERP.BINANCE, client_order_id=O-20240412-173010-001-140723844938120-12, account_id=BINANCE-001, ts_event=1712943010000000000)[0m
[1m2024-04-12T17:30:10.000000000Z[0m [INFO] TRADER-001.nautilus_portfolio::manager: BTCUSDT-PERP.BINANCE margin_init=0.00000000 USDT[0m
[1m2024-04-12T17:30:10.000000000Z[0m [INFO] TRADER-001.nautilus_trading::strategy: DataActor-140723844938120 <--[EVT] OrderFilled(instrument_id=BTCUSDT-PERP.BINANCE, client_order_id=O-20240412-173010-001-140723844938120-10, venue_order_id=BINANCE-1-10, account_id=BINANCE-001, trade_id=T-7c46091f126418a7-114555, position_id=P-20240412-173010-001-140723844938120-4, order_side=BUY, order_type=MARKET, last_qty=2.537, last_px=67_960.2 USDT, commission=103.44901644 USDT, liquidity_side=TAKER, ts_event=1712943010000000000)[0m
[1m2024-04-12T17:30:10.000000000Z[0m [INFO] TRADER-001.nautilus_portfolio::portfolio: BTCUSDT-PERP.BINANCE net_position=2.537[0m
[1m2024-04-12T17:30:10.000000000Z[0m [INFO] TRADER-001.nautilus_portfolio::manager: BTCUSDT-PERP.BINANCE margin_maint=689.66010960 USDT[0m
[1m2024-04-12T17:30:10.000000000Z[0m [INFO] TRADER-001.nautilus_portfolio::portfolio: Updated AccountState(account_id=BINANCE-001, account_type=MARGIN, base_currency=USDT, is_reported=false, balances=[AccountBalance(total=92989.34766412 USDT, locked=689.66010960 USDT, free=92299.68755452 USDT)], margins=[MarginBalance(initial=0.00000000 USDT, maintenance=689.66010960 USDT, instrument_id=BTCUSDT-PERP.BINANCE)], event_id=bd1f6460-9352-416a-a7e2-9b69235915fb)[0m
[1m2024-04-12T17:30:10.000000000Z[0m [INFO] TRADER-001.nautilus_trading::strategy: DataActor-140723844938120 <--[EVT] PositionOpened(PositionOpened { trader_id: "TRADER-001", strategy_id: "DataActor-140723844938120", instrument_id: "BTCUSDT-PERP.BINANCE", position_id: "P-20240412-173010-001-140723844938120-4", account_id: "BINANCE-001", opening_order_id: "O-20240412-173010-001-140723844938120-10", entry: Buy, side: Long, signed_qty: 2.537, quantity: Quantity(2.537), last_qty: Quantity(2.537), last_px: Price(67960.2), currency: Currency(code='USDT', precision=8, iso4217=0, name='Tether', currency_type=CRYPTO), avg_px_open: 67960.2, event_id: UUID4(7b2500cb-f103-4b65-8d99-c36b00645c1c), ts_event: UnixNanos(1712943010000000000), ts_init: UnixNanos(1712943010000000000) })[0m
[1m2024-04-12T17:30:10.000000000Z[0m [INFO] TRADER-001.nautilus_portfolio::manager: BTCUSDT-PERP.BINANCE margin_init=0.00000000 USDT[0m
[1m2024-04-12T17:30:10.000000000Z[0m [INFO] TRADER-001.nautilus_portfolio::portfolio: Updated AccountState(account_id=BINANCE-001, account_type=MARGIN, base_currency=USDT, is_reported=false, balances=[AccountBalance(total=92989.34766412 USDT, locked=689.66010960 USDT, free=92299.68755452 USDT)], margins=[MarginBalance(initial=0.00000000 USDT, maintenance=689.66010960 USDT, instrument_id=BTCUSDT-PERP.BINANCE)], event_id=04a71f67-dbda-4211-a7b4-a7427aba42af)[0m
[1m2024-04-12T17:30:10.000000000Z[0m [INFO] TRADER-001.nautilus_trading::strategy: DataActor-140723844938120 <--[EVT] OrderAccepted(instrument_id=BTCUSDT-PERP.BINANCE, client_order_id=O-20240412-173010-001-140723844938120-11, venue_order_id=BINANCE-1-11, account_id=BINANCE-001, ts_event=1712943010000000000)[0m
[1m2024-04-12T17:30:10.000000000Z[0m [INFO] TRADER-001.nautilus_portfolio::manager: BTCUSDT-PERP.BINANCE margin_init=0.00000000 USDT[0m
[1m2024-04-12T17:30:10.000000000Z[0m [INFO] TRADER-001.nautilus_portfolio::portfolio: Updated AccountState(account_id=BINANCE-001, account_type=MARGIN, base_currency=USDT, is_reported=false, balances=[AccountBalance(total=92989.34766412 USDT, locked=689.66010960 USDT, free=92299.68755452 USDT)], margins=[MarginBalance(initial=0.00000000 USDT, maintenance=689.66010960 USDT, instrument_id=BTCUSDT-PERP.BINANCE)], event_id=f78f3573-ad33-4889-8342-3a8b14aba52a)[0m
[1m2024-04-12T17:30:10.000000000Z[0m [INFO] TRADER-001.nautilus_trading::strategy: DataActor-140723844938120 <--[EVT] OrderAccepted(instrument_id=BTCUSDT-PERP.BINANCE, client_order_id=O-20240412-173010-001-140723844938120-12, venue_order_id=BINANCE-1-12, account_id=BINANCE-001, ts_event=1712943010000000000)[0m
[1m2024-04-12T17:30:10.000000000Z[0m [1;33m[WARN] TRADER-001.nautilus_common::cache: Cannot calculate unrealized PnL for P-20240412-173010-001-140723844938120-4, no quotes for BTCUSDT-PERP.BINANCE[0m
[1m2024-04-12T17:30:20.000000000Z[0m [1;33m[WARN] TRADER-001.nautilus_common::cache: Cannot calculate unrealized PnL for P-20240412-173010-001-140723844938120-4, no quotes for BTCUSDT-PERP.BINANCE[0m
[1m2024-04-12T17:30:30.000000000Z[0m [1;33m[WARN] TRADER-001.nautilus_common::cache: Cannot calculate unrealized PnL for P-20240412-173010-001-140723844938120-4, no quotes for BTCUSDT-PERP.BINANCE[0m
[1m2024-04-12T17:30:40.000000000Z[0m [1;33m[WARN] TRADER-001.nautilus_common::cache: Cannot calculate unrealized PnL for P-20240412-173010-001-140723844938120-4, no quotes for BTCUSDT-PERP.BINANCE[0m
[1m2024-04-12T17:30:50.000000000Z[0m [1;33m[WARN] TRADER-001.nautilus_common::cache: Cannot calculate unrealized PnL for P-20240412-173010-001-140723844938120-4, no quotes for BTCUSDT-PERP.BINANCE[0m
[1m2024-04-12T17:30:59.999000000Z[0m [1;33m[WARN] TRADER-001.nautilus_common::cache: Cannot calculate unrealized PnL for P-20240412-173010-001-140723844938120-4, no quotes for BTCUSDT-PERP.BINANCE[0m
[1m2024-04-12T17:31:00.000000000Z[0m [1;33m[WARN] TRADER-001.nautilus_common::cache: Cannot calculate unrealized PnL for P-20240412-173010-001-140723844938120-4, no quotes for BTCUSDT-PERP.BINANCE[0m
[1m2024-04-12T17:31:10.000000000Z[0m [1;33m[WARN] TRADER-001.nautilus_common::cache: Cannot calculate unrealized PnL for P-20240412-173010-001-140723844938120-4, no quotes for BTCUSDT-PERP.BINANCE[0m
[1m2024-04-12T17:31:20.000000000Z[0m [1;33m[WARN] TRADER-001.nautilus_common::cache: Cannot calculate unrealized PnL for P-20240412-173010-001-140723844938120-4, no quotes for BTCUSDT-PERP.BINANCE[0m
[1m2024-04-12T17:31:30.000000000Z[0m [1;33m[WARN] TRADER-001.nautilus_common::cache: Cannot calculate unrealized PnL for P-20240412-173010-001-140723844938120-4, no quotes for BTCUSDT-PERP.BINANCE[0m
[1m2024-04-12T17:31:40.000000000Z[0m [1;33m[WARN] TRADER-001.nautilus_common::cache: Cannot calculate unrealized PnL for P-20240412-173010-001-140723844938120-4, no quotes for BTCUSDT-PERP.BINANCE[0m
[1m2024-04-12T17:31:50.000000000Z[0m [1;33m[WARN] TRADER-001.nautilus_common::cache: Cannot calculate unrealized PnL for P-20240412-173010-001-140723844938120-4, no quotes for BTCUSDT-PERP.BINANCE[0m
[1m2024-04-12T17:31:59.999000000Z[0m [1;33m[WARN] TRADER-001.nautilus_common::cache: Cannot calculate unrealized PnL for P-20240412-173010-001-140723844938120-4, no quotes for BTCUSDT-PERP.BINANCE[0m
[1m2024-04-12T17:32:00.000000000Z[0m [1;33m[WARN] TRADER-001.nautilus_common::cache: Cannot calculate unrealized PnL for P-20240412-173010-001-140723844938120-4, no quotes for BTCUSDT-PERP.BINANCE[0m
[1m2024-04-12T17:32:10.000000000Z[0m [1;33m[WARN] TRADER-001.nautilus_common::cache: Cannot calculate unrealized PnL for P-20240412-173010-001-140723844938120-4, no quotes for BTCUSDT-PERP.BINANCE[0m
[1m2024-04-12T17:32:20.000000000Z[0m [1;33m[WARN] TRADER-001.nautilus_common::cache: Cannot calculate unrealized PnL for P-20240412-173010-001-140723844938120-4, no quotes for BTCUSDT-PERP.BINANCE[0m
[1m2024-04-12T17:32:30.000000000Z[0m [1;33m[WARN] TRADER-001.nautilus_common::cache: Cannot calculate unrealized PnL for P-20240412-173010-001-140723844938120-4, no quotes for BTCUSDT-PERP.BINANCE[0m
[1m2024-04-12T17:32:40.000000000Z[0m [1;33m[WARN] TRADER-001.nautilus_common::cache: Cannot calculate unrealized PnL for P-20240412-173010-001-140723844938120-4, no quotes for BTCUSDT-PERP.BINANCE[0m
[1m2024-04-12T17:32:50.000000000Z[0m [1;33m[WARN] TRADER-001.nautilus_common::cache: Cannot calculate unrealized PnL for P-20240412-173010-001-140723844938120-4, no quotes for BTCUSDT-PERP.BINANCE[0m
[1m2024-04-12T17:32:59.999000000Z[0m [1;33m[WARN] TRADER-001.nautilus_common::cache: Cannot calculate unrealized PnL for P-20240412-173010-001-140723844938120-4, no quotes for BTCUSDT-PERP.BINANCE[0m
[1m2024-04-12T17:33:00.000000000Z[0m [1;33m[WARN] TRADER-001.nautilus_common::cache: Cannot calculate unrealized PnL for P-20240412-173010-001-140723844938120-4, no quotes for BTCUSDT-PERP.BINANCE[0m
[1m2024-04-12T17:33:10.000000000Z[0m [1;33m[WARN] TRADER-001.nautilus_common::cache: Cannot calculate unrealized PnL for P-20240412-173010-001-140723844938120-4, no quotes for BTCUSDT-PERP.BINANCE[0m
[1m2024-04-12T17:33:20.000000000Z[0m [1;33m[WARN] TRADER-001.nautilus_common::cache: Cannot calculate unrealized PnL for P-20240412-173010-001-140723844938120-4, no quotes for BTCUSDT-PERP.BINANCE[0m
[1m2024-04-12T17:33:30.000000000Z[0m [1;33m[WARN] TRADER-001.nautilus_common::cache: Cannot calculate unrealized PnL for P-20240412-173010-001-140723844938120-4, no quotes for BTCUSDT-PERP.BINANCE[0m
[1m2024-04-12T17:33:40.000000000Z[0m [1;33m[WARN] TRADER-001.nautilus_common::cache: Cannot calculate unrealized PnL for P-20240412-173010-001-140723844938120-4, no quotes for BTCUSDT-PERP.BINANCE[0m
[1m2024-04-12T17:33:50.000000000Z[0m [1;33m[WARN] TRADER-001.nautilus_common::cache: Cannot calculate unrealized PnL for P-20240412-173010-001-140723844938120-4, no quotes for BTCUSDT-PERP.BINANCE[0m
[1m2024-04-12T17:33:59.999000000Z[0m [1;33m[WARN] TRADER-001.nautilus_common::cache: Cannot calculate unrealized PnL for P-20240412-173010-001-140723844938120-4, no quotes for BTCUSDT-PERP.BINANCE[0m
[1m2024-04-12T17:34:00.000000000Z[0m [1;33m[WARN] TRADER-001.nautilus_common::cache: Cannot calculate unrealized PnL for P-20240412-173010-001-140723844938120-4, no quotes for BTCUSDT-PERP.BINANCE[0m
[1m2024-04-12T17:34:10.000000000Z[0m [1;33m[WARN] TRADER-001.nautilus_common::cache: Cannot calculate unrealized PnL for P-20240412-173010-001-140723844938120-4, no quotes for BTCUSDT-PERP.BINANCE[0m
[1m2024-04-12T17:34:20.000000000Z[0m [1;33m[WARN] TRADER-001.nautilus_common::cache: Cannot calculate unrealized PnL for P-20240412-173010-001-140723844938120-4, no quotes for BTCUSDT-PERP.BINANCE[0m
[1m2024-04-12T17:34:30.000000000Z[0m [1;33m[WARN] TRADER-001.nautilus_common::cache: Cannot calculate unrealized PnL for P-20240412-173010-001-140723844938120-4, no quotes for BTCUSDT-PERP.BINANCE[0m
[1m2024-04-12T17:34:40.000000000Z[0m [1;33m[WARN] TRADER-001.nautilus_common::cache: Cannot calculate unrealized PnL for P-20240412-173010-001-140723844938120-4, no quotes for BTCUSDT-PERP.BINANCE[0m
[1m2024-04-12T17:34:50.000000000Z[0m [1;33m[WARN] TRADER-001.nautilus_common::cache: Cannot calculate unrealized PnL for P-20240412-173010-001-140723844938120-4, no quotes for BTCUSDT-PERP.BINANCE[0m
[1m2024-04-12T17:34:59.999000000Z[0m [1;33m[WARN] TRADER-001.nautilus_common::cache: Cannot calculate unrealized PnL for P-20240412-173010-001-140723844938120-4, no quotes for BTCUSDT-PERP.BINANCE[0m
[1m2024-04-12T17:35:00.000000000Z[0m [1;33m[WARN] TRADER-001.nautilus_common::cache: Cannot calculate unrealized PnL for P-20240412-173010-001-140723844938120-4, no quotes for BTCUSDT-PERP.BINANCE[0m
[1m2024-04-12T17:35:10.000000000Z[0m [1;33m[WARN] TRADER-001.nautilus_common::cache: Cannot calculate unrealized PnL for P-20240412-173010-001-140723844938120-4, no quotes for BTCUSDT-PERP.BINANCE[0m
[1m2024-04-12T17:35:20.000000000Z[0m [1;33m[WARN] TRADER-001.nautilus_common::cache: Cannot calculate unrealized PnL for P-20240412-173010-001-140723844938120-4, no quotes for BTCUSDT-PERP.BINANCE[0m
[1m2024-04-12T17:35:30.000000000Z[0m [1;33m[WARN] TRADER-001.nautilus_common::cache: Cannot calculate unrealized PnL for P-20240412-173010-001-140723844938120-4, no quotes for BTCUSDT-PERP.BINANCE[0m
[1m2024-04-12T17:35:40.000000000Z[0m [1;33m[WARN] TRADER-001.nautilus_common::cache: Cannot calculate unrealized PnL for P-20240412-173010-001-140723844938120-4, no quotes for BTCUSDT-PERP.BINANCE[0m
[1m2024-04-12T17:35:50.000000000Z[0m [1;33m[WARN] TRADER-001.nautilus_common::cache: Cannot calculate unrealized PnL for P-20240412-173010-001-140723844938120-4, no quotes for BTCUSDT-PERP.BINANCE[0m
[1m2024-04-12T17:35:59.999000000Z[0m [1;33m[WARN] TRADER-001.nautilus_common::cache: Cannot calculate unrealized PnL for P-20240412-173010-001-140723844938120-4, no quotes for BTCUSDT-PERP.BINANCE[0m
[1m2024-04-12T17:36:00.000000000Z[0m [1;33m[WARN] TRADER-001.nautilus_common::cache: Cannot calculate unrealized PnL for P-20240412-173010-001-140723844938120-4, no quotes for BTCUSDT-PERP.BINANCE[0m
[1m2024-04-12T17:36:10.000000000Z[0m [1;33m[WARN] TRADER-001.nautilus_common::cache: Cannot calculate unrealized PnL for P-20240412-173010-001-140723844938120-4, no quotes for BTCUSDT-PERP.BINANCE[0m
[1m2024-04-12T17:36:20.000000000Z[0m [1;33m[WARN] TRADER-001.nautilus_common::cache: Cannot calculate unrealized PnL for P-20240412-173010-001-140723844938120-4, no quotes for BTCUSDT-PERP.BINANCE[0m
[1m2024-04-12T17:36:30.000000000Z[0m [1;33m[WARN] TRADER-001.nautilus_common::cache: Cannot calculate unrealized PnL for P-20240412-173010-001-140723844938120-4, no quotes for BTCUSDT-PERP.BINANCE[0m
[1m2024-04-12T17:36:40.000000000Z[0m [1;33m[WARN] TRADER-001.nautilus_common::cache: Cannot calculate unrealized PnL for P-20240412-173010-001-140723844938120-4, no quotes for BTCUSDT-PERP.BINANCE[0m
[1m2024-04-12T17:36:50.000000000Z[0m [1;33m[WARN] TRADER-001.nautilus_common::cache: Cannot calculate unrealized PnL for P-20240412-173010-001-140723844938120-4, no quotes for BTCUSDT-PERP.BINANCE[0m
[1m2024-04-12T17:36:59.999000000Z[0m [1;33m[WARN] TRADER-001.nautilus_common::cache: Cannot calculate unrealized PnL for P-20240412-173010-001-140723844938120-4, no quotes for BTCUSDT-PERP.BINANCE[0m
[1m2024-04-12T17:37:00.000000000Z[0m [1;33m[WARN] TRADER-001.nautilus_common::cache: Cannot calculate unrealized PnL for P-20240412-173010-001-140723844938120-4, no quotes for BTCUSDT-PERP.BINANCE[0m
[1m2024-04-12T17:37:10.000000000Z[0m [1;33m[WARN] TRADER-001.nautilus_common::cache: Cannot calculate unrealized PnL for P-20240412-173010-001-140723844938120-4, no quotes for BTCUSDT-PERP.BINANCE[0m
[1m2024-04-12T17:37:20.000000000Z[0m [1;33m[WARN] TRADER-001.nautilus_common::cache: Cannot calculate unrealized PnL for P-20240412-173010-001-140723844938120-4, no quotes for BTCUSDT-PERP.BINANCE[0m
[1m2024-04-12T17:37:30.000000000Z[0m [1;33m[WARN] TRADER-001.nautilus_common::cache: Cannot calculate unrealized PnL for P-20240412-173010-001-140723844938120-4, no quotes for BTCUSDT-PERP.BINANCE[0m
[1m2024-04-12T17:37:40.000000000Z[0m [1;33m[WARN] TRADER-001.nautilus_common::cache: Cannot calculate unrealized PnL for P-20240412-173010-001-140723844938120-4, no quotes for BTCUSDT-PERP.BINANCE[0m
[1m2024-04-12T17:37:50.000000000Z[0m [1;33m[WARN] TRADER-001.nautilus_common::cache: Cannot calculate unrealized PnL for P-20240412-173010-001-140723844938120-4, no quotes for BTCUSDT-PERP.BINANCE[0m
[1m2024-04-12T17:37:59.999000000Z[0m [1;33m[WARN] TRADER-001.nautilus_common::cache: Cannot calculate unrealized PnL for P-20240412-173010-001-140723844938120-4, no quotes for BTCUSDT-PERP.BINANCE[0m
[1m2024-04-12T17:38:00.000000000Z[0m [1;33m[WARN] TRADER-001.nautilus_common::cache: Cannot calculate unrealized PnL for P-20240412-173010-001-140723844938120-4, no quotes for BTCUSDT-PERP.BINANCE[0m
[1m2024-04-12T17:38:10.000000000Z[0m [1;33m[WARN] TRADER-001.nautilus_common::cache: Cannot calculate unrealized PnL for P-20240412-173010-001-140723844938120-4, no quotes for BTCUSDT-PERP.BINANCE[0m
[1m2024-04-12T17:38:20.000000000Z[0m [1;33m[WARN] TRADER-001.nautilus_common::cache: Cannot calculate unrealized PnL for P-20240412-173010-001-140723844938120-4, no quotes for BTCUSDT-PERP.BINANCE[0m
[1m2024-04-12T17:38:30.000000000Z[0m [1;33m[WARN] TRADER-001.nautilus_common::cache: Cannot calculate unrealized PnL for P-20240412-173010-001-140723844938120-4, no quotes for BTCUSDT-PERP.BINANCE[0m
[1m2024-04-12T17:38:40.000000000Z[0m [1;33m[WARN] TRADER-001.nautilus_common::cache: Cannot calculate unrealized PnL for P-20240412-173010-001-140723844938120-4, no quotes for BTCUSDT-PERP.BINANCE[0m
[1m2024-04-12T17:38:50.000000000Z[0m [1;33m[WARN] TRADER-001.nautilus_common::cache: Cannot calculate unrealized PnL for P-20240412-173010-001-140723844938120-4, no quotes for BTCUSDT-PERP.BINANCE[0m
[1m2024-04-12T17:38:59.999000000Z[0m [1;33m[WARN] TRADER-001.nautilus_common::cache: Cannot calculate unrealized PnL for P-20240412-173010-001-140723844938120-4, no quotes for BTCUSDT-PERP.BINANCE[0m
[1m2024-04-12T17:39:00.000000000Z[0m [1;33m[WARN] TRADER-001.nautilus_common::cache: Cannot calculate unrealized PnL for P-20240412-173010-001-140723844938120-4, no quotes for BTCUSDT-PERP.BINANCE[0m
[1m2024-04-12T17:39:10.000000000Z[0m [1;33m[WARN] TRADER-001.nautilus_common::cache: Cannot calculate unrealized PnL for P-20240412-173010-001-140723844938120-4, no quotes for BTCUSDT-PERP.BINANCE[0m
[1m2024-04-12T17:39:20.000000000Z[0m [1;33m[WARN] TRADER-001.nautilus_common::cache: Cannot calculate unrealized PnL for P-20240412-173010-001-140723844938120-4, no quotes for BTCUSDT-PERP.BINANCE[0m
[1m2024-04-12T17:39:30.000000000Z[0m [1;33m[WARN] TRADER-001.nautilus_common::cache: Cannot calculate unrealized PnL for P-20240412-173010-001-140723844938120-4, no quotes for BTCUSDT-PERP.BINANCE[0m
[1m2024-04-12T17:39:40.000000000Z[0m [1;33m[WARN] TRADER-001.nautilus_common::cache: Cannot calculate unrealized PnL for P-20240412-173010-001-140723844938120-4, no quotes for BTCUSDT-PERP.BINANCE[0m
[1m2024-04-12T17:39:50.000000000Z[0m [1;33m[WARN] TRADER-001.nautilus_common::cache: Cannot calculate unrealized PnL for P-20240412-173010-001-140723844938120-4, no quotes for BTCUSDT-PERP.BINANCE[0m
[1m2024-04-12T17:39:59.999000000Z[0m [1;33m[WARN] TRADER-001.nautilus_common::cache: Cannot calculate unrealized PnL for P-20240412-173010-001-140723844938120-4, no quotes for BTCUSDT-PERP.BINANCE[0m
[1m2024-04-12T17:40:00.000000000Z[0m [1;33m[WARN] TRADER-001.nautilus_common::cache: Cannot calculate unrealized PnL for P-20240412-173010-001-140723844938120-4, no quotes for BTCUSDT-PERP.BINANCE[0m
[1m2024-04-12T17:40:10.000000000Z[0m [1;33m[WARN] TRADER-001.nautilus_common::cache: Cannot calculate unrealized PnL for P-20240412-173010-001-140723844938120-4, no quotes for BTCUSDT-PERP.BINANCE[0m
[1m2024-04-12T17:40:20.000000000Z[0m [1;33m[WARN] TRADER-001.nautilus_common::cache: Cannot calculate unrealized PnL for P-20240412-173010-001-140723844938120-4, no quotes for BTCUSDT-PERP.BINANCE[0m
[1m2024-04-12T17:40:30.000000000Z[0m [1;33m[WARN] TRADER-001.nautilus_common::cache: Cannot calculate unrealized PnL for P-20240412-173010-001-140723844938120-4, no quotes for BTCUSDT-PERP.BINANCE[0m
[1m2024-04-12T17:40:40.000000000Z[0m [1;33m[WARN] TRADER-001.nautilus_common::cache: Cannot calculate unrealized PnL for P-20240412-173010-001-140723844938120-4, no quotes for BTCUSDT-PERP.BINANCE[0m
[1m2024-04-12T17:40:50.000000000Z[0m [1;33m[WARN] TRADER-001.nautilus_common::cache: Cannot calculate unrealized PnL for P-20240412-173010-001-140723844938120-4, no quotes for BTCUSDT-PERP.BINANCE[0m
[1m2024-04-12T17:40:59.999000000Z[0m [1;33m[WARN] TRADER-001.nautilus_common::cache: Cannot calculate unrealized PnL for P-20240412-173010-001-140723844938120-4, no quotes for BTCUSDT-PERP.BINANCE[0m
[1m2024-04-12T17:41:00.000000000Z[0m [1;33m[WARN] TRADER-001.nautilus_common::cache: Cannot calculate unrealized PnL for P-20240412-173010-001-140723844938120-4, no quotes for BTCUSDT-PERP.BINANCE[0m
[1m2024-04-12T17:41:10.000000000Z[0m [1;33m[WARN] TRADER-001.nautilus_common::cache: Cannot calculate unrealized PnL for P-20240412-173010-001-140723844938120-4, no quotes for BTCUSDT-PERP.BINANCE[0m
[1m2024-04-12T17:41:20.000000000Z[0m [1;33m[WARN] TRADER-001.nautilus_common::cache: Cannot calculate unrealized PnL for P-20240412-173010-001-140723844938120-4, no quotes for BTCUSDT-PERP.BINANCE[0m
[1m2024-04-12T17:41:30.000000000Z[0m [1;33m[WARN] TRADER-001.nautilus_common::cache: Cannot calculate unrealized PnL for P-20240412-173010-001-140723844938120-4, no quotes for BTCUSDT-PERP.BINANCE[0m
[1m2024-04-12T17:41:40.000000000Z[0m [1;33m[WARN] TRADER-001.nautilus_common::cache: Cannot calculate unrealized PnL for P-20240412-173010-001-140723844938120-4, no quotes for BTCUSDT-PERP.BINANCE[0m
[1m2024-04-12T17:41:50.000000000Z[0m [1;33m[WARN] TRADER-001.nautilus_common::cache: Cannot calculate unrealized PnL for P-20240412-173010-001-140723844938120-4, no quotes for BTCUSDT-PERP.BINANCE[0m
[1m2024-04-12T17:41:59.999000000Z[0m [1;33m[WARN] TRADER-001.nautilus_common::cache: Cannot calculate unrealized PnL for P-20240412-173010-001-140723844938120-4, no quotes for BTCUSDT-PERP.BINANCE[0m
[1m2024-04-12T17:42:00.000000000Z[0m [1;33m[WARN] TRADER-001.nautilus_common::cache: Cannot calculate unrealized PnL for P-20240412-173010-001-140723844938120-4, no quotes for BTCUSDT-PERP.BINANCE[0m
[1m2024-04-12T17:42:10.000000000Z[0m [1;33m[WARN] TRADER-001.nautilus_common::cache: Cannot calculate unrealized PnL for P-20240412-173010-001-140723844938120-4, no quotes for BTCUSDT-PERP.BINANCE[0m
[1m2024-04-12T17:42:20.000000000Z[0m [1;33m[WARN] TRADER-001.nautilus_common::cache: Cannot calculate unrealized PnL for P-20240412-173010-001-140723844938120-4, no quotes for BTCUSDT-PERP.BINANCE[0m
[1m2024-04-12T17:42:30.000000000Z[0m [1;33m[WARN] TRADER-001.nautilus_common::cache: Cannot calculate unrealized PnL for P-20240412-173010-001-140723844938120-4, no quotes for BTCUSDT-PERP.BINANCE[0m
[1m2024-04-12T17:42:40.000000000Z[0m [1;33m[WARN] TRADER-001.nautilus_common::cache: Cannot calculate unrealized PnL for P-20240412-173010-001-140723844938120-4, no quotes for BTCUSDT-PERP.BINANCE[0m
[1m2024-04-12T17:42:50.000000000Z[0m [1;33m[WARN] TRADER-001.nautilus_common::cache: Cannot calculate unrealized PnL for P-20240412-173010-001-140723844938120-4, no quotes for BTCUSDT-PERP.BINANCE[0m
[1m2024-04-12T17:42:59.999000000Z[0m [1;33m[WARN] TRADER-001.nautilus_common::cache: Cannot calculate unrealized PnL for P-20240412-173010-001-140723844938120-4, no quotes for BTCUSDT-PERP.BINANCE[0m
[1m2024-04-12T17:43:00.000000000Z[0m [1;33m[WARN] TRADER-001.nautilus_common::cache: Cannot calculate unrealized PnL for P-20240412-173010-001-140723844938120-4, no quotes for BTCUSDT-PERP.BINANCE[0m
[1m2024-04-12T17:43:10.000000000Z[0m [1;33m[WARN] TRADER-001.nautilus_common::cache: Cannot calculate unrealized PnL for P-20240412-173010-001-140723844938120-4, no quotes for BTCUSDT-PERP.BINANCE[0m
[1m2024-04-12T17:43:20.000000000Z[0m [1;33m[WARN] TRADER-001.nautilus_common::cache: Cannot calculate unrealized PnL for P-20240412-173010-001-140723844938120-4, no quotes for BTCUSDT-PERP.BINANCE[0m
[1m2024-04-12T17:43:30.000000000Z[0m [1;33m[WARN] TRADER-001.nautilus_common::cache: Cannot calculate unrealized PnL for P-20240412-173010-001-140723844938120-4, no quotes for BTCUSDT-PERP.BINANCE[0m
[1m2024-04-12T17:43:40.000000000Z[0m [1;33m[WARN] TRADER-001.nautilus_common::cache: Cannot calculate unrealized PnL for P-20240412-173010-001-140723844938120-4, no quotes for BTCUSDT-PERP.BINANCE[0m
[1m2024-04-12T17:43:50.000000000Z[0m [1;33m[WARN] TRADER-001.nautilus_common::cache: Cannot calculate unrealized PnL for P-20240412-173010-001-140723844938120-4, no quotes for BTCUSDT-PERP.BINANCE[0m
[1m2024-04-12T17:43:59.999000000Z[0m [1;33m[WARN] TRADER-001.nautilus_common::cache: Cannot calculate unrealized PnL for P-20240412-173010-001-140723844938120-4, no quotes for BTCUSDT-PERP.BINANCE[0m
[1m2024-04-12T17:44:00.000000000Z[0m [1;33m[WARN] TRADER-001.nautilus_common::cache: Cannot calculate unrealized PnL for P-20240412-173010-001-140723844938120-4, no quotes for BTCUSDT-PERP.BINANCE[0m
[1m2024-04-12T17:44:10.000000000Z[0m [1;33m[WARN] TRADER-001.nautilus_common::cache: Cannot calculate unrealized PnL for P-20240412-173010-001-140723844938120-4, no quotes for BTCUSDT-PERP.BINANCE[0m
[1m2024-04-12T17:44:20.000000000Z[0m [1;33m[WARN] TRADER-001.nautilus_common::cache: Cannot calculate unrealized PnL for P-20240412-173010-001-140723844938120-4, no quotes for BTCUSDT-PERP.BINANCE[0m
[1m2024-04-12T17:44:30.000000000Z[0m [1;33m[WARN] TRADER-001.nautilus_common::cache: Cannot calculate unrealized PnL for P-20240412-173010-001-140723844938120-4, no quotes for BTCUSDT-PERP.BINANCE[0m
[1m2024-04-12T17:44:40.000000000Z[0m [1;33m[WARN] TRADER-001.nautilus_common::cache: Cannot calculate unrealized PnL for P-20240412-173010-001-140723844938120-4, no quotes for BTCUSDT-PERP.BINANCE[0m
[1m2024-04-12T17:44:50.000000000Z[0m [1;33m[WARN] TRADER-001.nautilus_common::cache: Cannot calculate unrealized PnL for P-20240412-173010-001-140723844938120-4, no quotes for BTCUSDT-PERP.BINANCE[0m
[1m2024-04-12T17:44:59.999000000Z[0m [1;33m[WARN] TRADER-001.nautilus_common::cache: Cannot calculate unrealized PnL for P-20240412-173010-001-140723844938120-4, no quotes for BTCUSDT-PERP.BINANCE[0m
[1m2024-04-12T17:45:00.000000000Z[0m [1;33m[WARN] TRADER-001.nautilus_common::cache: Cannot calculate unrealized PnL for P-20240412-173010-001-140723844938120-4, no quotes for BTCUSDT-PERP.BINANCE[0m
[1m2024-04-12T17:45:10.000000000Z[0m [1;33m[WARN] TRADER-001.nautilus_common::cache: Cannot calculate unrealized PnL for P-20240412-173010-001-140723844938120-4, no quotes for BTCUSDT-PERP.BINANCE[0m
[1m2024-04-12T17:45:20.000000000Z[0m [1;33m[WARN] TRADER-001.nautilus_common::cache: Cannot calculate unrealized PnL for P-20240412-173010-001-140723844938120-4, no quotes for BTCUSDT-PERP.BINANCE[0m
[1m2024-04-12T17:45:30.000000000Z[0m [1;33m[WARN] TRADER-001.nautilus_common::cache: Cannot calculate unrealized PnL for P-20240412-173010-001-140723844938120-4, no quotes for BTCUSDT-PERP.BINANCE[0m
[1m2024-04-12T17:45:40.000000000Z[0m [1;33m[WARN] TRADER-001.nautilus_common::cache: Cannot calculate unrealized PnL for P-20240412-173010-001-140723844938120-4, no quotes for BTCUSDT-PERP.BINANCE[0m
[1m2024-04-12T17:45:50.000000000Z[0m [1;33m[WARN] TRADER-001.nautilus_common::cache: Cannot calculate unrealized PnL for P-20240412-173010-001-140723844938120-4, no quotes for BTCUSDT-PERP.BINANCE[0m
[1m2024-04-12T17:45:59.999000000Z[0m [1;33m[WARN] TRADER-001.nautilus_common::cache: Cannot calculate unrealized PnL for P-20240412-173010-001-140723844938120-4, no quotes for BTCUSDT-PERP.BINANCE[0m
[1m2024-04-12T17:46:00.000000000Z[0m [1;33m[WARN] TRADER-001.nautilus_common::cache: Cannot calculate unrealized PnL for P-20240412-173010-001-140723844938120-4, no quotes for BTCUSDT-PERP.BINANCE[0m
[1m2024-04-12T17:46:10.000000000Z[0m [1;33m[WARN] TRADER-001.nautilus_common::cache: Cannot calculate unrealized PnL for P-20240412-173010-001-140723844938120-4, no quotes for BTCUSDT-PERP.BINANCE[0m
[1m2024-04-12T17:46:20.000000000Z[0m [1;33m[WARN] TRADER-001.nautilus_common::cache: Cannot calculate unrealized PnL for P-20240412-173010-001-140723844938120-4, no quotes for BTCUSDT-PERP.BINANCE[0m
[1m2024-04-12T17:46:30.000000000Z[0m [1;33m[WARN] TRADER-001.nautilus_common::cache: Cannot calculate unrealized PnL for P-20240412-173010-001-140723844938120-4, no quotes for BTCUSDT-PERP.BINANCE[0m
[1m2024-04-12T17:46:40.000000000Z[0m [1;33m[WARN] TRADER-001.nautilus_common::cache: Cannot calculate unrealized PnL for P-20240412-173010-001-140723844938120-4, no quotes for BTCUSDT-PERP.BINANCE[0m
[1m2024-04-12T17:46:50.000000000Z[0m [1;33m[WARN] TRADER-001.nautilus_common::cache: Cannot calculate unrealized PnL for P-20240412-173010-001-140723844938120-4, no quotes for BTCUSDT-PERP.BINANCE[0m
[1m2024-04-12T17:46:59.999000000Z[0m [1;33m[WARN] TRADER-001.nautilus_common::cache: Cannot calculate unrealized PnL for P-20240412-173010-001-140723844938120-4, no quotes for BTCUSDT-PERP.BINANCE[0m
[1m2024-04-12T17:47:00.000000000Z[0m [1;33m[WARN] TRADER-001.nautilus_common::cache: Cannot calculate unrealized PnL for P-20240412-173010-001-140723844938120-4, no quotes for BTCUSDT-PERP.BINANCE[0m
[1m2024-04-12T17:47:10.000000000Z[0m [1;33m[WARN] TRADER-001.nautilus_common::cache: Cannot calculate unrealized PnL for P-20240412-173010-001-140723844938120-4, no quotes for BTCUSDT-PERP.BINANCE[0m
[1m2024-04-12T17:47:20.000000000Z[0m [1;33m[WARN] TRADER-001.nautilus_common::cache: Cannot calculate unrealized PnL for P-20240412-173010-001-140723844938120-4, no quotes for BTCUSDT-PERP.BINANCE[0m
[1m2024-04-12T17:47:30.000000000Z[0m [1;33m[WARN] TRADER-001.nautilus_common::cache: Cannot calculate unrealized PnL for P-20240412-173010-001-140723844938120-4, no quotes for BTCUSDT-PERP.BINANCE[0m
[1m2024-04-12T17:47:40.000000000Z[0m [1;33m[WARN] TRADER-001.nautilus_common::cache: Cannot calculate unrealized PnL for P-20240412-173010-001-140723844938120-4, no quotes for BTCUSDT-PERP.BINANCE[0m
[1m2024-04-12T17:47:50.000000000Z[0m [1;33m[WARN] TRADER-001.nautilus_common::cache: Cannot calculate unrealized PnL for P-20240412-173010-001-140723844938120-4, no quotes for BTCUSDT-PERP.BINANCE[0m
[1m2024-04-12T17:47:59.999000000Z[0m [1;33m[WARN] TRADER-001.nautilus_common::cache: Cannot calculate unrealized PnL for P-20240412-173010-001-140723844938120-4, no quotes for BTCUSDT-PERP.BINANCE[0m
[1m2024-04-12T17:48:00.000000000Z[0m [1;33m[WARN] TRADER-001.nautilus_common::cache: Cannot calculate unrealized PnL for P-20240412-173010-001-140723844938120-4, no quotes for BTCUSDT-PERP.BINANCE[0m
[1m2024-04-12T17:48:10.000000000Z[0m [1;33m[WARN] TRADER-001.nautilus_common::cache: Cannot calculate unrealized PnL for P-20240412-173010-001-140723844938120-4, no quotes for BTCUSDT-PERP.BINANCE[0m
[1m2024-04-12T17:48:20.000000000Z[0m [1;33m[WARN] TRADER-001.nautilus_common::cache: Cannot calculate unrealized PnL for P-20240412-173010-001-140723844938120-4, no quotes for BTCUSDT-PERP.BINANCE[0m
[1m2024-04-12T17:48:30.000000000Z[0m [1;33m[WARN] TRADER-001.nautilus_common::cache: Cannot calculate unrealized PnL for P-20240412-173010-001-140723844938120-4, no quotes for BTCUSDT-PERP.BINANCE[0m
[1m2024-04-12T17:48:40.000000000Z[0m [1;33m[WARN] TRADER-001.nautilus_common::cache: Cannot calculate unrealized PnL for P-20240412-173010-001-140723844938120-4, no quotes for BTCUSDT-PERP.BINANCE[0m
[1m2024-04-12T17:48:50.000000000Z[0m [1;33m[WARN] TRADER-001.nautilus_common::cache: Cannot calculate unrealized PnL for P-20240412-173010-001-140723844938120-4, no quotes for BTCUSDT-PERP.BINANCE[0m
[1m2024-04-12T17:48:59.999000000Z[0m [1;33m[WARN] TRADER-001.nautilus_common::cache: Cannot calculate unrealized PnL for P-20240412-173010-001-140723844938120-4, no quotes for BTCUSDT-PERP.BINANCE[0m
[1m2024-04-12T17:49:00.000000000Z[0m [1;33m[WARN] TRADER-001.nautilus_common::cache: Cannot calculate unrealized PnL for P-20240412-173010-001-140723844938120-4, no quotes for BTCUSDT-PERP.BINANCE[0m
[1m2024-04-12T17:49:10.000000000Z[0m [1;33m[WARN] TRADER-001.nautilus_common::cache: Cannot calculate unrealized PnL for P-20240412-173010-001-140723844938120-4, no quotes for BTCUSDT-PERP.BINANCE[0m
[1m2024-04-12T17:49:20.000000000Z[0m [1;33m[WARN] TRADER-001.nautilus_common::cache: Cannot calculate unrealized PnL for P-20240412-173010-001-140723844938120-4, no quotes for BTCUSDT-PERP.BINANCE[0m
[1m2024-04-12T17:49:30.000000000Z[0m [1;33m[WARN] TRADER-001.nautilus_common::cache: Cannot calculate unrealized PnL for P-20240412-173010-001-140723844938120-4, no quotes for BTCUSDT-PERP.BINANCE[0m
[1m2024-04-12T17:49:40.000000000Z[0m [1;33m[WARN] TRADER-001.nautilus_common::cache: Cannot calculate unrealized PnL for P-20240412-173010-001-140723844938120-4, no quotes for BTCUSDT-PERP.BINANCE[0m
[1m2024-04-12T17:49:50.000000000Z[0m [1;33m[WARN] TRADER-001.nautilus_common::cache: Cannot calculate unrealized PnL for P-20240412-173010-001-140723844938120-4, no quotes for BTCUSDT-PERP.BINANCE[0m
[1m2024-04-12T17:49:59.999000000Z[0m [1;33m[WARN] TRADER-001.nautilus_common::cache: Cannot calculate unrealized PnL for P-20240412-173010-001-140723844938120-4, no quotes for BTCUSDT-PERP.BINANCE[0m
[1m2024-04-12T17:50:00.000000000Z[0m [1;33m[WARN] TRADER-001.nautilus_common::cache: Cannot calculate unrealized PnL for P-20240412-173010-001-140723844938120-4, no quotes for BTCUSDT-PERP.BINANCE[0m
[1m2024-04-12T17:50:10.000000000Z[0m [1;33m[WARN] TRADER-001.nautilus_common::cache: Cannot calculate unrealized PnL for P-20240412-173010-001-140723844938120-4, no quotes for BTCUSDT-PERP.BINANCE[0m
[1m2024-04-12T17:50:20.000000000Z[0m [1;33m[WARN] TRADER-001.nautilus_common::cache: Cannot calculate unrealized PnL for P-20240412-173010-001-140723844938120-4, no quotes for BTCUSDT-PERP.BINANCE[0m
[1m2024-04-12T17:50:30.000000000Z[0m [1;33m[WARN] TRADER-001.nautilus_common::cache: Cannot calculate unrealized PnL for P-20240412-173010-001-140723844938120-4, no quotes for BTCUSDT-PERP.BINANCE[0m
[1m2024-04-12T17:50:40.000000000Z[0m [1;33m[WARN] TRADER-001.nautilus_common::cache: Cannot calculate unrealized PnL for P-20240412-173010-001-140723844938120-4, no quotes for BTCUSDT-PERP.BINANCE[0m
[1m2024-04-12T17:50:50.000000000Z[0m [1;33m[WARN] TRADER-001.nautilus_common::cache: Cannot calculate unrealized PnL for P-20240412-173010-001-140723844938120-4, no quotes for BTCUSDT-PERP.BINANCE[0m
[1m2024-04-12T17:50:59.999000000Z[0m [1;33m[WARN] TRADER-001.nautilus_common::cache: Cannot calculate unrealized PnL for P-20240412-173010-001-140723844938120-4, no quotes for BTCUSDT-PERP.BINANCE[0m
[1m2024-04-12T17:51:00.000000000Z[0m [1;33m[WARN] TRADER-001.nautilus_common::cache: Cannot calculate unrealized PnL for P-20240412-173010-001-140723844938120-4, no quotes for BTCUSDT-PERP.BINANCE[0m
[1m2024-04-12T17:51:10.000000000Z[0m [1;33m[WARN] TRADER-001.nautilus_common::cache: Cannot calculate unrealized PnL for P-20240412-173010-001-140723844938120-4, no quotes for BTCUSDT-PERP.BINANCE[0m
[1m2024-04-12T17:51:20.000000000Z[0m [1;33m[WARN] TRADER-001.nautilus_common::cache: Cannot calculate unrealized PnL for P-20240412-173010-001-140723844938120-4, no quotes for BTCUSDT-PERP.BINANCE[0m
[1m2024-04-12T17:51:30.000000000Z[0m [1;33m[WARN] TRADER-001.nautilus_common::cache: Cannot calculate unrealized PnL for P-20240412-173010-001-140723844938120-4, no quotes for BTCUSDT-PERP.BINANCE[0m
[1m2024-04-12T17:51:40.000000000Z[0m [1;33m[WARN] TRADER-001.nautilus_common::cache: Cannot calculate unrealized PnL for P-20240412-173010-001-140723844938120-4, no quotes for BTCUSDT-PERP.BINANCE[0m
[1m2024-04-12T17:51:50.000000000Z[0m [1;33m[WARN] TRADER-001.nautilus_common::cache: Cannot calculate unrealized PnL for P-20240412-173010-001-140723844938120-4, no quotes for BTCUSDT-PERP.BINANCE[0m
[1m2024-04-12T17:51:59.999000000Z[0m [1;33m[WARN] TRADER-001.nautilus_common::cache: Cannot calculate unrealized PnL for P-20240412-173010-001-140723844938120-4, no quotes for BTCUSDT-PERP.BINANCE[0m
[1m2024-04-12T17:52:00.000000000Z[0m [1;33m[WARN] TRADER-001.nautilus_common::cache: Cannot calculate unrealized PnL for P-20240412-173010-001-140723844938120-4, no quotes for BTCUSDT-PERP.BINANCE[0m
[1m2024-04-12T17:52:10.000000000Z[0m [1;33m[WARN] TRADER-001.nautilus_common::cache: Cannot calculate unrealized PnL for P-20240412-173010-001-140723844938120-4, no quotes for BTCUSDT-PERP.BINANCE[0m
[1m2024-04-12T17:52:20.000000000Z[0m [1;33m[WARN] TRADER-001.nautilus_common::cache: Cannot calculate unrealized PnL for P-20240412-173010-001-140723844938120-4, no quotes for BTCUSDT-PERP.BINANCE[0m
[1m2024-04-12T17:52:30.000000000Z[0m [1;33m[WARN] TRADER-001.nautilus_common::cache: Cannot calculate unrealized PnL for P-20240412-173010-001-140723844938120-4, no quotes for BTCUSDT-PERP.BINANCE[0m
[1m2024-04-12T17:52:40.000000000Z[0m [1;33m[WARN] TRADER-001.nautilus_common::cache: Cannot calculate unrealized PnL for P-20240412-173010-001-140723844938120-4, no quotes for BTCUSDT-PERP.BINANCE[0m
[1m2024-04-12T17:52:50.000000000Z[0m [1;33m[WARN] TRADER-001.nautilus_common::cache: Cannot calculate unrealized PnL for P-20240412-173010-001-140723844938120-4, no quotes for BTCUSDT-PERP.BINANCE[0m
[1m2024-04-12T17:52:59.999000000Z[0m [1;33m[WARN] TRADER-001.nautilus_common::cache: Cannot calculate unrealized PnL for P-20240412-173010-001-140723844938120-4, no quotes for BTCUSDT-PERP.BINANCE[0m
[1m2024-04-12T17:53:00.000000000Z[0m [1;33m[WARN] TRADER-001.nautilus_common::cache: Cannot calculate unrealized PnL for P-20240412-173010-001-140723844938120-4, no quotes for BTCUSDT-PERP.BINANCE[0m
[1m2024-04-12T17:53:10.000000000Z[0m [1;33m[WARN] TRADER-001.nautilus_common::cache: Cannot calculate unrealized PnL for P-20240412-173010-001-140723844938120-4, no quotes for BTCUSDT-PERP.BINANCE[0m
[1m2024-04-12T17:53:20.000000000Z[0m [1;33m[WARN] TRADER-001.nautilus_common::cache: Cannot calculate unrealized PnL for P-20240412-173010-001-140723844938120-4, no quotes for BTCUSDT-PERP.BINANCE[0m
[1m2024-04-12T17:53:30.000000000Z[0m [1;33m[WARN] TRADER-001.nautilus_common::cache: Cannot calculate unrealized PnL for P-20240412-173010-001-140723844938120-4, no quotes for BTCUSDT-PERP.BINANCE[0m
[1m2024-04-12T17:53:40.000000000Z[0m [1;33m[WARN] TRADER-001.nautilus_common::cache: Cannot calculate unrealized PnL for P-20240412-173010-001-140723844938120-4, no quotes for BTCUSDT-PERP.BINANCE[0m
[1m2024-04-12T17:53:50.000000000Z[0m [1;33m[WARN] TRADER-001.nautilus_common::cache: Cannot calculate unrealized PnL for P-20240412-173010-001-140723844938120-4, no quotes for BTCUSDT-PERP.BINANCE[0m
[1m2024-04-12T17:53:59.999000000Z[0m [1;33m[WARN] TRADER-001.nautilus_common::cache: Cannot calculate unrealized PnL for P-20240412-173010-001-140723844938120-4, no quotes for BTCUSDT-PERP.BINANCE[0m
[1m2024-04-12T17:54:00.000000000Z[0m [1;33m[WARN] TRADER-001.nautilus_common::cache: Cannot calculate unrealized PnL for P-20240412-173010-001-140723844938120-4, no quotes for BTCUSDT-PERP.BINANCE[0m
[1m2024-04-12T17:54:10.000000000Z[0m [1;33m[WARN] TRADER-001.nautilus_common::cache: Cannot calculate unrealized PnL for P-20240412-173010-001-140723844938120-4, no quotes for BTCUSDT-PERP.BINANCE[0m
[1m2024-04-12T17:54:20.000000000Z[0m [1;33m[WARN] TRADER-001.nautilus_common::cache: Cannot calculate unrealized PnL for P-20240412-173010-001-140723844938120-4, no quotes for BTCUSDT-PERP.BINANCE[0m
[1m2024-04-12T17:54:30.000000000Z[0m [1;33m[WARN] TRADER-001.nautilus_common::cache: Cannot calculate unrealized PnL for P-20240412-173010-001-140723844938120-4, no quotes for BTCUSDT-PERP.BINANCE[0m
[1m2024-04-12T17:54:40.000000000Z[0m [1;33m[WARN] TRADER-001.nautilus_common::cache: Cannot calculate unrealized PnL for P-20240412-173010-001-140723844938120-4, no quotes for BTCUSDT-PERP.BINANCE[0m
[1m2024-04-12T17:54:50.000000000Z[0m [1;33m[WARN] TRADER-001.nautilus_common::cache: Cannot calculate unrealized PnL for P-20240412-173010-001-140723844938120-4, no quotes for BTCUSDT-PERP.BINANCE[0m
[1m2024-04-12T17:54:59.999000000Z[0m [1;33m[WARN] TRADER-001.nautilus_common::cache: Cannot calculate unrealized PnL for P-20240412-173010-001-140723844938120-4, no quotes for BTCUSDT-PERP.BINANCE[0m
[1m2024-04-12T17:55:00.000000000Z[0m [1;33m[WARN] TRADER-001.nautilus_common::cache: Cannot calculate unrealized PnL for P-20240412-173010-001-140723844938120-4, no quotes for BTCUSDT-PERP.BINANCE[0m
[1m2024-04-12T17:55:10.000000000Z[0m [1;33m[WARN] TRADER-001.nautilus_common::cache: Cannot calculate unrealized PnL for P-20240412-173010-001-140723844938120-4, no quotes for BTCUSDT-PERP.BINANCE[0m
[1m2024-04-12T17:55:20.000000000Z[0m [1;33m[WARN] TRADER-001.nautilus_common::cache: Cannot calculate unrealized PnL for P-20240412-173010-001-140723844938120-4, no quotes for BTCUSDT-PERP.BINANCE[0m
[1m2024-04-12T17:55:30.000000000Z[0m [1;33m[WARN] TRADER-001.nautilus_common::cache: Cannot calculate unrealized PnL for P-20240412-173010-001-140723844938120-4, no quotes for BTCUSDT-PERP.BINANCE[0m
[1m2024-04-12T17:55:40.000000000Z[0m [1;33m[WARN] TRADER-001.nautilus_common::cache: Cannot calculate unrealized PnL for P-20240412-173010-001-140723844938120-4, no quotes for BTCUSDT-PERP.BINANCE[0m
[1m2024-04-12T17:55:50.000000000Z[0m [1;33m[WARN] TRADER-001.nautilus_common::cache: Cannot calculate unrealized PnL for P-20240412-173010-001-140723844938120-4, no quotes for BTCUSDT-PERP.BINANCE[0m
[1m2024-04-12T17:55:59.999000000Z[0m [1;33m[WARN] TRADER-001.nautilus_common::cache: Cannot calculate unrealized PnL for P-20240412-173010-001-140723844938120-4, no quotes for BTCUSDT-PERP.BINANCE[0m
[1m2024-04-12T17:56:00.000000000Z[0m [1;33m[WARN] TRADER-001.nautilus_common::cache: Cannot calculate unrealized PnL for P-20240412-173010-001-140723844938120-4, no quotes for BTCUSDT-PERP.BINANCE[0m
[1m2024-04-12T17:56:10.000000000Z[0m [1;33m[WARN] TRADER-001.nautilus_common::cache: Cannot calculate unrealized PnL for P-20240412-173010-001-140723844938120-4, no quotes for BTCUSDT-PERP.BINANCE[0m
[1m2024-04-12T17:56:20.000000000Z[0m [1;33m[WARN] TRADER-001.nautilus_common::cache: Cannot calculate unrealized PnL for P-20240412-173010-001-140723844938120-4, no quotes for BTCUSDT-PERP.BINANCE[0m
[1m2024-04-12T17:56:30.000000000Z[0m [1;33m[WARN] TRADER-001.nautilus_common::cache: Cannot calculate unrealized PnL for P-20240412-173010-001-140723844938120-4, no quotes for BTCUSDT-PERP.BINANCE[0m
[1m2024-04-12T17:56:40.000000000Z[0m [1;33m[WARN] TRADER-001.nautilus_common::cache: Cannot calculate unrealized PnL for P-20240412-173010-001-140723844938120-4, no quotes for BTCUSDT-PERP.BINANCE[0m
[1m2024-04-12T17:56:50.000000000Z[0m [1;33m[WARN] TRADER-001.nautilus_common::cache: Cannot calculate unrealized PnL for P-20240412-173010-001-140723844938120-4, no quotes for BTCUSDT-PERP.BINANCE[0m
[1m2024-04-12T17:56:59.999000000Z[0m [1;33m[WARN] TRADER-001.nautilus_common::cache: Cannot calculate unrealized PnL for P-20240412-173010-001-140723844938120-4, no quotes for BTCUSDT-PERP.BINANCE[0m
[1m2024-04-12T17:57:00.000000000Z[0m [1;33m[WARN] TRADER-001.nautilus_common::cache: Cannot calculate unrealized PnL for P-20240412-173010-001-140723844938120-4, no quotes for BTCUSDT-PERP.BINANCE[0m
[1m2024-04-12T17:57:10.000000000Z[0m [1;33m[WARN] TRADER-001.nautilus_common::cache: Cannot calculate unrealized PnL for P-20240412-173010-001-140723844938120-4, no quotes for BTCUSDT-PERP.BINANCE[0m
[1m2024-04-12T17:57:20.000000000Z[0m [1;33m[WARN] TRADER-001.nautilus_common::cache: Cannot calculate unrealized PnL for P-20240412-173010-001-140723844938120-4, no quotes for BTCUSDT-PERP.BINANCE[0m
[1m2024-04-12T17:57:30.000000000Z[0m [1;33m[WARN] TRADER-001.nautilus_common::cache: Cannot calculate unrealized PnL for P-20240412-173010-001-140723844938120-4, no quotes for BTCUSDT-PERP.BINANCE[0m
[1m2024-04-12T17:57:40.000000000Z[0m [1;33m[WARN] TRADER-001.nautilus_common::cache: Cannot calculate unrealized PnL for P-20240412-173010-001-140723844938120-4, no quotes for BTCUSDT-PERP.BINANCE[0m
[1m2024-04-12T17:57:50.000000000Z[0m [1;33m[WARN] TRADER-001.nautilus_common::cache: Cannot calculate unrealized PnL for P-20240412-173010-001-140723844938120-4, no quotes for BTCUSDT-PERP.BINANCE[0m
[1m2024-04-12T17:57:59.999000000Z[0m [1;33m[WARN] TRADER-001.nautilus_common::cache: Cannot calculate unrealized PnL for P-20240412-173010-001-140723844938120-4, no quotes for BTCUSDT-PERP.BINANCE[0m
[1m2024-04-12T17:58:00.000000000Z[0m [1;33m[WARN] TRADER-001.nautilus_common::cache: Cannot calculate unrealized PnL for P-20240412-173010-001-140723844938120-4, no quotes for BTCUSDT-PERP.BINANCE[0m
[1m2024-04-12T17:58:10.000000000Z[0m [1;33m[WARN] TRADER-001.nautilus_common::cache: Cannot calculate unrealized PnL for P-20240412-173010-001-140723844938120-4, no quotes for BTCUSDT-PERP.BINANCE[0m
[1m2024-04-12T17:58:20.000000000Z[0m [1;33m[WARN] TRADER-001.nautilus_common::cache: Cannot calculate unrealized PnL for P-20240412-173010-001-140723844938120-4, no quotes for BTCUSDT-PERP.BINANCE[0m
[1m2024-04-12T17:58:30.000000000Z[0m [1;33m[WARN] TRADER-001.nautilus_common::cache: Cannot calculate unrealized PnL for P-20240412-173010-001-140723844938120-4, no quotes for BTCUSDT-PERP.BINANCE[0m
[1m2024-04-12T17:58:40.000000000Z[0m [1;33m[WARN] TRADER-001.nautilus_common::cache: Cannot calculate unrealized PnL for P-20240412-173010-001-140723844938120-4, no quotes for BTCUSDT-PERP.BINANCE[0m
[1m2024-04-12T17:58:50.000000000Z[0m [1;33m[WARN] TRADER-001.nautilus_common::cache: Cannot calculate unrealized PnL for P-20240412-173010-001-140723844938120-4, no quotes for BTCUSDT-PERP.BINANCE[0m
[1m2024-04-12T17:58:59.999000000Z[0m [1;33m[WARN] TRADER-001.nautilus_common::cache: Cannot calculate unrealized PnL for P-20240412-173010-001-140723844938120-4, no quotes for BTCUSDT-PERP.BINANCE[0m
[1m2024-04-12T17:59:00.000000000Z[0m [1;33m[WARN] TRADER-001.nautilus_common::cache: Cannot calculate unrealized PnL for P-20240412-173010-001-140723844938120-4, no quotes for BTCUSDT-PERP.BINANCE[0m
[1m2024-04-12T17:59:10.000000000Z[0m [1;33m[WARN] TRADER-001.nautilus_common::cache: Cannot calculate unrealized PnL for P-20240412-173010-001-140723844938120-4, no quotes for BTCUSDT-PERP.BINANCE[0m
[1m2024-04-12T17:59:20.000000000Z[0m [1;33m[WARN] TRADER-001.nautilus_common::cache: Cannot calculate unrealized PnL for P-20240412-173010-001-140723844938120-4, no quotes for BTCUSDT-PERP.BINANCE[0m
[1m2024-04-12T17:59:30.000000000Z[0m [1;33m[WARN] TRADER-001.nautilus_common::cache: Cannot calculate unrealized PnL for P-20240412-173010-001-140723844938120-4, no quotes for BTCUSDT-PERP.BINANCE[0m
[1m2024-04-12T17:59:40.000000000Z[0m [1;33m[WARN] TRADER-001.nautilus_common::cache: Cannot calculate unrealized PnL for P-20240412-173010-001-140723844938120-4, no quotes for BTCUSDT-PERP.BINANCE[0m
[1m2024-04-12T17:59:50.000000000Z[0m [1;33m[WARN] TRADER-001.nautilus_common::cache: Cannot calculate unrealized PnL for P-20240412-173010-001-140723844938120-4, no quotes for BTCUSDT-PERP.BINANCE[0m
[1m2024-04-12T17:59:59.999000000Z[0m [1;33m[WARN] TRADER-001.nautilus_common::cache: Cannot calculate unrealized PnL for P-20240412-173010-001-140723844938120-4, no quotes for BTCUSDT-PERP.BINANCE[0m
[1m2024-04-12T18:00:00.000000000Z[0m [1;33m[WARN] TRADER-001.nautilus_common::cache: Cannot calculate unrealized PnL for P-20240412-173010-001-140723844938120-4, no quotes for BTCUSDT-PERP.BINANCE[0m
[1m2024-04-12T18:00:10.000000000Z[0m [1;33m[WARN] TRADER-001.nautilus_common::cache: Cannot calculate unrealized PnL for P-20240412-173010-001-140723844938120-4, no quotes for BTCUSDT-PERP.BINANCE[0m
[1m2024-04-12T18:00:20.000000000Z[0m [1;33m[WARN] TRADER-001.nautilus_common::cache: Cannot calculate unrealized PnL for P-20240412-173010-001-140723844938120-4, no quotes for BTCUSDT-PERP.BINANCE[0m
[1m2024-04-12T18:00:30.000000000Z[0m [1;33m[WARN] TRADER-001.nautilus_common::cache: Cannot calculate unrealized PnL for P-20240412-173010-001-140723844938120-4, no quotes for BTCUSDT-PERP.BINANCE[0m
[1m2024-04-12T18:00:40.000000000Z[0m [1;33m[WARN] TRADER-001.nautilus_common::cache: Cannot calculate unrealized PnL for P-20240412-173010-001-140723844938120-4, no quotes for BTCUSDT-PERP.BINANCE[0m
[1m2024-04-12T18:00:50.000000000Z[0m [1;33m[WARN] TRADER-001.nautilus_common::cache: Cannot calculate unrealized PnL for P-20240412-173010-001-140723844938120-4, no quotes for BTCUSDT-PERP.BINANCE[0m
[1m2024-04-12T18:00:59.999000000Z[0m [1;33m[WARN] TRADER-001.nautilus_common::cache: Cannot calculate unrealized PnL for P-20240412-173010-001-140723844938120-4, no quotes for BTCUSDT-PERP.BINANCE[0m
[1m2024-04-12T18:01:00.000000000Z[0m [1;33m[WARN] TRADER-001.nautilus_common::cache: Cannot calculate unrealized PnL for P-20240412-173010-001-140723844938120-4, no quotes for BTCUSDT-PERP.BINANCE[0m
[1m2024-04-12T18:01:10.000000000Z[0m [1;33m[WARN] TRADER-001.nautilus_common::cache: Cannot calculate unrealized PnL for P-20240412-173010-001-140723844938120-4, no quotes for BTCUSDT-PERP.BINANCE[0m
[1m2024-04-12T18:01:20.000000000Z[0m [1;33m[WARN] TRADER-001.nautilus_common::cache: Cannot calculate unrealized PnL for P-20240412-173010-001-140723844938120-4, no quotes for BTCUSDT-PERP.BINANCE[0m
[1m2024-04-12T18:01:30.000000000Z[0m [1;33m[WARN] TRADER-001.nautilus_common::cache: Cannot calculate unrealized PnL for P-20240412-173010-001-140723844938120-4, no quotes for BTCUSDT-PERP.BINANCE[0m
[1m2024-04-12T18:01:40.000000000Z[0m [1;33m[WARN] TRADER-001.nautilus_common::cache: Cannot calculate unrealized PnL for P-20240412-173010-001-140723844938120-4, no quotes for BTCUSDT-PERP.BINANCE[0m
[1m2024-04-12T18:01:50.000000000Z[0m [1;33m[WARN] TRADER-001.nautilus_common::cache: Cannot calculate unrealized PnL for P-20240412-173010-001-140723844938120-4, no quotes for BTCUSDT-PERP.BINANCE[0m
[1m2024-04-12T18:01:59.999000000Z[0m [1;33m[WARN] TRADER-001.nautilus_common::cache: Cannot calculate unrealized PnL for P-20240412-173010-001-140723844938120-4, no quotes for BTCUSDT-PERP.BINANCE[0m
[1m2024-04-12T18:02:00.000000000Z[0m [1;33m[WARN] TRADER-001.nautilus_common::cache: Cannot calculate unrealized PnL for P-20240412-173010-001-140723844938120-4, no quotes for BTCUSDT-PERP.BINANCE[0m
[1m2024-04-12T18:02:10.000000000Z[0m [1;33m[WARN] TRADER-001.nautilus_common::cache: Cannot calculate unrealized PnL for P-20240412-173010-001-140723844938120-4, no quotes for BTCUSDT-PERP.BINANCE[0m
[1m2024-04-12T18:02:20.000000000Z[0m [1;33m[WARN] TRADER-001.nautilus_common::cache: Cannot calculate unrealized PnL for P-20240412-173010-001-140723844938120-4, no quotes for BTCUSDT-PERP.BINANCE[0m
[1m2024-04-12T18:02:30.000000000Z[0m [1;33m[WARN] TRADER-001.nautilus_common::cache: Cannot calculate unrealized PnL for P-20240412-173010-001-140723844938120-4, no quotes for BTCUSDT-PERP.BINANCE[0m
[1m2024-04-12T18:02:40.000000000Z[0m [1;33m[WARN] TRADER-001.nautilus_common::cache: Cannot calculate unrealized PnL for P-20240412-173010-001-140723844938120-4, no quotes for BTCUSDT-PERP.BINANCE[0m
[1m2024-04-12T18:02:50.000000000Z[0m [1;33m[WARN] TRADER-001.nautilus_common::cache: Cannot calculate unrealized PnL for P-20240412-173010-001-140723844938120-4, no quotes for BTCUSDT-PERP.BINANCE[0m
[1m2024-04-12T18:02:59.999000000Z[0m [1;33m[WARN] TRADER-001.nautilus_common::cache: Cannot calculate unrealized PnL for P-20240412-173010-001-140723844938120-4, no quotes for BTCUSDT-PERP.BINANCE[0m
[1m2024-04-12T18:03:00.000000000Z[0m [1;33m[WARN] TRADER-001.nautilus_common::cache: Cannot calculate unrealized PnL for P-20240412-173010-001-140723844938120-4, no quotes for BTCUSDT-PERP.BINANCE[0m
[1m2024-04-12T18:03:10.000000000Z[0m [1;33m[WARN] TRADER-001.nautilus_common::cache: Cannot calculate unrealized PnL for P-20240412-173010-001-140723844938120-4, no quotes for BTCUSDT-PERP.BINANCE[0m
[1m2024-04-12T18:03:20.000000000Z[0m [1;33m[WARN] TRADER-001.nautilus_common::cache: Cannot calculate unrealized PnL for P-20240412-173010-001-140723844938120-4, no quotes for BTCUSDT-PERP.BINANCE[0m
[1m2024-04-12T18:03:30.000000000Z[0m [1;33m[WARN] TRADER-001.nautilus_common::cache: Cannot calculate unrealized PnL for P-20240412-173010-001-140723844938120-4, no quotes for BTCUSDT-PERP.BINANCE[0m
[1m2024-04-12T18:03:40.000000000Z[0m [1;33m[WARN] TRADER-001.nautilus_common::cache: Cannot calculate unrealized PnL for P-20240412-173010-001-140723844938120-4, no quotes for BTCUSDT-PERP.BINANCE[0m
[1m2024-04-12T18:03:50.000000000Z[0m [1;33m[WARN] TRADER-001.nautilus_common::cache: Cannot calculate unrealized PnL for P-20240412-173010-001-140723844938120-4, no quotes for BTCUSDT-PERP.BINANCE[0m
[1m2024-04-12T18:03:59.999000000Z[0m [1;33m[WARN] TRADER-001.nautilus_common::cache: Cannot calculate unrealized PnL for P-20240412-173010-001-140723844938120-4, no quotes for BTCUSDT-PERP.BINANCE[0m
[1m2024-04-12T18:04:00.000000000Z[0m [1;33m[WARN] TRADER-001.nautilus_common::cache: Cannot calculate unrealized PnL for P-20240412-173010-001-140723844938120-4, no quotes for BTCUSDT-PERP.BINANCE[0m
[1m2024-04-12T18:04:10.000000000Z[0m [1;33m[WARN] TRADER-001.nautilus_common::cache: Cannot calculate unrealized PnL for P-20240412-173010-001-140723844938120-4, no quotes for BTCUSDT-PERP.BINANCE[0m
[1m2024-04-12T18:04:20.000000000Z[0m [1;33m[WARN] TRADER-001.nautilus_common::cache: Cannot calculate unrealized PnL for P-20240412-173010-001-140723844938120-4, no quotes for BTCUSDT-PERP.BINANCE[0m
[1m2024-04-12T18:04:30.000000000Z[0m [1;33m[WARN] TRADER-001.nautilus_common::cache: Cannot calculate unrealized PnL for P-20240412-173010-001-140723844938120-4, no quotes for BTCUSDT-PERP.BINANCE[0m
[1m2024-04-12T18:04:40.000000000Z[0m [1;33m[WARN] TRADER-001.nautilus_common::cache: Cannot calculate unrealized PnL for P-20240412-173010-001-140723844938120-4, no quotes for BTCUSDT-PERP.BINANCE[0m
[1m2024-04-12T18:04:50.000000000Z[0m [1;33m[WARN] TRADER-001.nautilus_common::cache: Cannot calculate unrealized PnL for P-20240412-173010-001-140723844938120-4, no quotes for BTCUSDT-PERP.BINANCE[0m
[1m2024-04-12T18:04:59.999000000Z[0m [1;33m[WARN] TRADER-001.nautilus_common::cache: Cannot calculate unrealized PnL for P-20240412-173010-001-140723844938120-4, no quotes for BTCUSDT-PERP.BINANCE[0m
[1m2024-04-12T18:05:00.000000000Z[0m [1;33m[WARN] TRADER-001.nautilus_common::cache: Cannot calculate unrealized PnL for P-20240412-173010-001-140723844938120-4, no quotes for BTCUSDT-PERP.BINANCE[0m
[1m2024-04-12T18:05:10.000000000Z[0m [1;33m[WARN] TRADER-001.nautilus_common::cache: Cannot calculate unrealized PnL for P-20240412-173010-001-140723844938120-4, no quotes for BTCUSDT-PERP.BINANCE[0m
[1m2024-04-12T18:05:20.000000000Z[0m [1;33m[WARN] TRADER-001.nautilus_common::cache: Cannot calculate unrealized PnL for P-20240412-173010-001-140723844938120-4, no quotes for BTCUSDT-PERP.BINANCE[0m
[1m2024-04-12T18:05:30.000000000Z[0m [1;33m[WARN] TRADER-001.nautilus_common::cache: Cannot calculate unrealized PnL for P-20240412-173010-001-140723844938120-4, no quotes for BTCUSDT-PERP.BINANCE[0m
[1m2024-04-12T18:05:40.000000000Z[0m [1;33m[WARN] TRADER-001.nautilus_common::cache: Cannot calculate unrealized PnL for P-20240412-173010-001-140723844938120-4, no quotes for BTCUSDT-PERP.BINANCE[0m
[1m2024-04-12T18:05:50.000000000Z[0m [1;33m[WARN] TRADER-001.nautilus_common::cache: Cannot calculate unrealized PnL for P-20240412-173010-001-140723844938120-4, no quotes for BTCUSDT-PERP.BINANCE[0m
[1m2024-04-12T18:05:59.999000000Z[0m [1;33m[WARN] TRADER-001.nautilus_common::cache: Cannot calculate unrealized PnL for P-20240412-173010-001-140723844938120-4, no quotes for BTCUSDT-PERP.BINANCE[0m
[1m2024-04-12T18:06:00.000000000Z[0m [1;33m[WARN] TRADER-001.nautilus_common::cache: Cannot calculate unrealized PnL for P-20240412-173010-001-140723844938120-4, no quotes for BTCUSDT-PERP.BINANCE[0m
[1m2024-04-12T18:06:10.000000000Z[0m [1;33m[WARN] TRADER-001.nautilus_common::cache: Cannot calculate unrealized PnL for P-20240412-173010-001-140723844938120-4, no quotes for BTCUSDT-PERP.BINANCE[0m
[1m2024-04-12T18:06:20.000000000Z[0m [1;33m[WARN] TRADER-001.nautilus_common::cache: Cannot calculate unrealized PnL for P-20240412-173010-001-140723844938120-4, no quotes for BTCUSDT-PERP.BINANCE[0m
[1m2024-04-12T18:06:30.000000000Z[0m [1;33m[WARN] TRADER-001.nautilus_common::cache: Cannot calculate unrealized PnL for P-20240412-173010-001-140723844938120-4, no quotes for BTCUSDT-PERP.BINANCE[0m
[1m2024-04-12T18:06:40.000000000Z[0m [1;33m[WARN] TRADER-001.nautilus_common::cache: Cannot calculate unrealized PnL for P-20240412-173010-001-140723844938120-4, no quotes for BTCUSDT-PERP.BINANCE[0m
[1m2024-04-12T18:06:50.000000000Z[0m [1;33m[WARN] TRADER-001.nautilus_common::cache: Cannot calculate unrealized PnL for P-20240412-173010-001-140723844938120-4, no quotes for BTCUSDT-PERP.BINANCE[0m
[1m2024-04-12T18:06:59.999000000Z[0m [1;33m[WARN] TRADER-001.nautilus_common::cache: Cannot calculate unrealized PnL for P-20240412-173010-001-140723844938120-4, no quotes for BTCUSDT-PERP.BINANCE[0m
[1m2024-04-12T18:07:00.000000000Z[0m [1;33m[WARN] TRADER-001.nautilus_common::cache: Cannot calculate unrealized PnL for P-20240412-173010-001-140723844938120-4, no quotes for BTCUSDT-PERP.BINANCE[0m
[1m2024-04-12T18:07:10.000000000Z[0m [1;33m[WARN] TRADER-001.nautilus_common::cache: Cannot calculate unrealized PnL for P-20240412-173010-001-140723844938120-4, no quotes for BTCUSDT-PERP.BINANCE[0m
[1m2024-04-12T18:07:20.000000000Z[0m [1;33m[WARN] TRADER-001.nautilus_common::cache: Cannot calculate unrealized PnL for P-20240412-173010-001-140723844938120-4, no quotes for BTCUSDT-PERP.BINANCE[0m
[1m2024-04-12T18:07:30.000000000Z[0m [1;33m[WARN] TRADER-001.nautilus_common::cache: Cannot calculate unrealized PnL for P-20240412-173010-001-140723844938120-4, no quotes for BTCUSDT-PERP.BINANCE[0m
[1m2024-04-12T18:07:40.000000000Z[0m [1;33m[WARN] TRADER-001.nautilus_common::cache: Cannot calculate unrealized PnL for P-20240412-173010-001-140723844938120-4, no quotes for BTCUSDT-PERP.BINANCE[0m
[1m2024-04-12T18:07:50.000000000Z[0m [1;33m[WARN] TRADER-001.nautilus_common::cache: Cannot calculate unrealized PnL for P-20240412-173010-001-140723844938120-4, no quotes for BTCUSDT-PERP.BINANCE[0m
[1m2024-04-12T18:07:59.999000000Z[0m [1;33m[WARN] TRADER-001.nautilus_common::cache: Cannot calculate unrealized PnL for P-20240412-173010-001-140723844938120-4, no quotes for BTCUSDT-PERP.BINANCE[0m
[1m2024-04-12T18:08:00.000000000Z[0m [1;33m[WARN] TRADER-001.nautilus_common::cache: Cannot calculate unrealized PnL for P-20240412-173010-001-140723844938120-4, no quotes for BTCUSDT-PERP.BINANCE[0m
[1m2024-04-12T18:08:10.000000000Z[0m [1;33m[WARN] TRADER-001.nautilus_common::cache: Cannot calculate unrealized PnL for P-20240412-173010-001-140723844938120-4, no quotes for BTCUSDT-PERP.BINANCE[0m
[1m2024-04-12T18:08:20.000000000Z[0m [1;33m[WARN] TRADER-001.nautilus_common::cache: Cannot calculate unrealized PnL for P-20240412-173010-001-140723844938120-4, no quotes for BTCUSDT-PERP.BINANCE[0m
[1m2024-04-12T18:08:30.000000000Z[0m [1;33m[WARN] TRADER-001.nautilus_common::cache: Cannot calculate unrealized PnL for P-20240412-173010-001-140723844938120-4, no quotes for BTCUSDT-PERP.BINANCE[0m
[1m2024-04-12T18:08:40.000000000Z[0m [1;33m[WARN] TRADER-001.nautilus_common::cache: Cannot calculate unrealized PnL for P-20240412-173010-001-140723844938120-4, no quotes for BTCUSDT-PERP.BINANCE[0m
[1m2024-04-12T18:08:50.000000000Z[0m [1;33m[WARN] TRADER-001.nautilus_common::cache: Cannot calculate unrealized PnL for P-20240412-173010-001-140723844938120-4, no quotes for BTCUSDT-PERP.BINANCE[0m
[1m2024-04-12T18:08:59.999000000Z[0m [1;33m[WARN] TRADER-001.nautilus_common::cache: Cannot calculate unrealized PnL for P-20240412-173010-001-140723844938120-4, no quotes for BTCUSDT-PERP.BINANCE[0m
[1m2024-04-12T18:09:00.000000000Z[0m [1;33m[WARN] TRADER-001.nautilus_common::cache: Cannot calculate unrealized PnL for P-20240412-173010-001-140723844938120-4, no quotes for BTCUSDT-PERP.BINANCE[0m
[1m2024-04-12T18:09:10.000000000Z[0m [1;33m[WARN] TRADER-001.nautilus_common::cache: Cannot calculate unrealized PnL for P-20240412-173010-001-140723844938120-4, no quotes for BTCUSDT-PERP.BINANCE[0m
[1m2024-04-12T18:09:20.000000000Z[0m [1;33m[WARN] TRADER-001.nautilus_common::cache: Cannot calculate unrealized PnL for P-20240412-173010-001-140723844938120-4, no quotes for BTCUSDT-PERP.BINANCE[0m
[1m2024-04-12T18:09:30.000000000Z[0m [1;33m[WARN] TRADER-001.nautilus_common::cache: Cannot calculate unrealized PnL for P-20240412-173010-001-140723844938120-4, no quotes for BTCUSDT-PERP.BINANCE[0m
[1m2024-04-12T18:09:40.000000000Z[0m [1;33m[WARN] TRADER-001.nautilus_common::cache: Cannot calculate unrealized PnL for P-20240412-173010-001-140723844938120-4, no quotes for BTCUSDT-PERP.BINANCE[0m
[1m2024-04-12T18:09:50.000000000Z[0m [1;33m[WARN] TRADER-001.nautilus_common::cache: Cannot calculate unrealized PnL for P-20240412-173010-001-140723844938120-4, no quotes for BTCUSDT-PERP.BINANCE[0m
[1m2024-04-12T18:09:59.999000000Z[0m [1;33m[WARN] TRADER-001.nautilus_common::cache: Cannot calculate unrealized PnL for P-20240412-173010-001-140723844938120-4, no quotes for BTCUSDT-PERP.BINANCE[0m
[1m2024-04-12T18:10:00.000000000Z[0m [1;33m[WARN] TRADER-001.nautilus_common::cache: Cannot calculate unrealized PnL for P-20240412-173010-001-140723844938120-4, no quotes for BTCUSDT-PERP.BINANCE[0m
[1m2024-04-12T18:10:10.000000000Z[0m [1;33m[WARN] TRADER-001.nautilus_common::cache: Cannot calculate unrealized PnL for P-20240412-173010-001-140723844938120-4, no quotes for BTCUSDT-PERP.BINANCE[0m
[1m2024-04-12T18:10:20.000000000Z[0m [1;33m[WARN] TRADER-001.nautilus_common::cache: Cannot calculate unrealized PnL for P-20240412-173010-001-140723844938120-4, no quotes for BTCUSDT-PERP.BINANCE[0m
[1m2024-04-12T18:10:30.000000000Z[0m [1;33m[WARN] TRADER-001.nautilus_common::cache: Cannot calculate unrealized PnL for P-20240412-173010-001-140723844938120-4, no quotes for BTCUSDT-PERP.BINANCE[0m
[1m2024-04-12T18:10:40.000000000Z[0m [1;33m[WARN] TRADER-001.nautilus_common::cache: Cannot calculate unrealized PnL for P-20240412-173010-001-140723844938120-4, no quotes for BTCUSDT-PERP.BINANCE[0m
[1m2024-04-12T18:10:50.000000000Z[0m [1;33m[WARN] TRADER-001.nautilus_common::cache: Cannot calculate unrealized PnL for P-20240412-173010-001-140723844938120-4, no quotes for BTCUSDT-PERP.BINANCE[0m
[1m2024-04-12T18:10:59.999000000Z[0m [1;33m[WARN] TRADER-001.nautilus_common::cache: Cannot calculate unrealized PnL for P-20240412-173010-001-140723844938120-4, no quotes for BTCUSDT-PERP.BINANCE[0m
[1m2024-04-12T18:11:00.000000000Z[0m [1;33m[WARN] TRADER-001.nautilus_common::cache: Cannot calculate unrealized PnL for P-20240412-173010-001-140723844938120-4, no quotes for BTCUSDT-PERP.BINANCE[0m
[1m2024-04-12T18:11:10.000000000Z[0m [1;33m[WARN] TRADER-001.nautilus_common::cache: Cannot calculate unrealized PnL for P-20240412-173010-001-140723844938120-4, no quotes for BTCUSDT-PERP.BINANCE[0m
[1m2024-04-12T18:11:20.000000000Z[0m [1;33m[WARN] TRADER-001.nautilus_common::cache: Cannot calculate unrealized PnL for P-20240412-173010-001-140723844938120-4, no quotes for BTCUSDT-PERP.BINANCE[0m
[1m2024-04-12T18:11:30.000000000Z[0m [1;33m[WARN] TRADER-001.nautilus_common::cache: Cannot calculate unrealized PnL for P-20240412-173010-001-140723844938120-4, no quotes for BTCUSDT-PERP.BINANCE[0m
[1m2024-04-12T18:11:40.000000000Z[0m [1;33m[WARN] TRADER-001.nautilus_common::cache: Cannot calculate unrealized PnL for P-20240412-173010-001-140723844938120-4, no quotes for BTCUSDT-PERP.BINANCE[0m
[1m2024-04-12T18:11:50.000000000Z[0m [1;33m[WARN] TRADER-001.nautilus_common::cache: Cannot calculate unrealized PnL for P-20240412-173010-001-140723844938120-4, no quotes for BTCUSDT-PERP.BINANCE[0m
[1m2024-04-12T18:11:59.999000000Z[0m [1;33m[WARN] TRADER-001.nautilus_common::cache: Cannot calculate unrealized PnL for P-20240412-173010-001-140723844938120-4, no quotes for BTCUSDT-PERP.BINANCE[0m
[1m2024-04-12T18:12:00.000000000Z[0m [1;33m[WARN] TRADER-001.nautilus_common::cache: Cannot calculate unrealized PnL for P-20240412-173010-001-140723844938120-4, no quotes for BTCUSDT-PERP.BINANCE[0m
[1m2024-04-12T18:12:10.000000000Z[0m [1;33m[WARN] TRADER-001.nautilus_common::cache: Cannot calculate unrealized PnL for P-20240412-173010-001-140723844938120-4, no quotes for BTCUSDT-PERP.BINANCE[0m
[1m2024-04-12T18:12:20.000000000Z[0m [1;33m[WARN] TRADER-001.nautilus_common::cache: Cannot calculate unrealized PnL for P-20240412-173010-001-140723844938120-4, no quotes for BTCUSDT-PERP.BINANCE[0m
[1m2024-04-12T18:12:30.000000000Z[0m [1;33m[WARN] TRADER-001.nautilus_common::cache: Cannot calculate unrealized PnL for P-20240412-173010-001-140723844938120-4, no quotes for BTCUSDT-PERP.BINANCE[0m
[1m2024-04-12T18:12:40.000000000Z[0m [1;33m[WARN] TRADER-001.nautilus_common::cache: Cannot calculate unrealized PnL for P-20240412-173010-001-140723844938120-4, no quotes for BTCUSDT-PERP.BINANCE[0m
[1m2024-04-12T18:12:50.000000000Z[0m [1;33m[WARN] TRADER-001.nautilus_common::cache: Cannot calculate unrealized PnL for P-20240412-173010-001-140723844938120-4, no quotes for BTCUSDT-PERP.BINANCE[0m
[1m2024-04-12T18:12:59.999000000Z[0m [1;33m[WARN] TRADER-001.nautilus_common::cache: Cannot calculate unrealized PnL for P-20240412-173010-001-140723844938120-4, no quotes for BTCUSDT-PERP.BINANCE[0m
[1m2024-04-12T18:13:00.000000000Z[0m [1;33m[WARN] TRADER-001.nautilus_common::cache: Cannot calculate unrealized PnL for P-20240412-173010-001-140723844938120-4, no quotes for BTCUSDT-PERP.BINANCE[0m
[1m2024-04-12T18:13:10.000000000Z[0m [1;33m[WARN] TRADER-001.nautilus_common::cache: Cannot calculate unrealized PnL for P-20240412-173010-001-140723844938120-4, no quotes for BTCUSDT-PERP.BINANCE[0m
[1m2024-04-12T18:13:20.000000000Z[0m [1;33m[WARN] TRADER-001.nautilus_common::cache: Cannot calculate unrealized PnL for P-20240412-173010-001-140723844938120-4, no quotes for BTCUSDT-PERP.BINANCE[0m
[1m2024-04-12T18:13:30.000000000Z[0m [1;33m[WARN] TRADER-001.nautilus_common::cache: Cannot calculate unrealized PnL for P-20240412-173010-001-140723844938120-4, no quotes for BTCUSDT-PERP.BINANCE[0m
[1m2024-04-12T18:13:40.000000000Z[0m [1;33m[WARN] TRADER-001.nautilus_common::cache: Cannot calculate unrealized PnL for P-20240412-173010-001-140723844938120-4, no quotes for BTCUSDT-PERP.BINANCE[0m
[1m2024-04-12T18:13:50.000000000Z[0m [1;33m[WARN] TRADER-001.nautilus_common::cache: Cannot calculate unrealized PnL for P-20240412-173010-001-140723844938120-4, no quotes for BTCUSDT-PERP.BINANCE[0m
[1m2024-04-12T18:13:59.999000000Z[0m [1;33m[WARN] TRADER-001.nautilus_common::cache: Cannot calculate unrealized PnL for P-20240412-173010-001-140723844938120-4, no quotes for BTCUSDT-PERP.BINANCE[0m
[1m2024-04-12T18:14:00.000000000Z[0m [1;33m[WARN] TRADER-001.nautilus_common::cache: Cannot calculate unrealized PnL for P-20240412-173010-001-140723844938120-4, no quotes for BTCUSDT-PERP.BINANCE[0m
[1m2024-04-12T18:14:10.000000000Z[0m [1;33m[WARN] TRADER-001.nautilus_common::cache: Cannot calculate unrealized PnL for P-20240412-173010-001-140723844938120-4, no quotes for BTCUSDT-PERP.BINANCE[0m
[1m2024-04-12T18:14:20.000000000Z[0m [1;33m[WARN] TRADER-001.nautilus_common::cache: Cannot calculate unrealized PnL for P-20240412-173010-001-140723844938120-4, no quotes for BTCUSDT-PERP.BINANCE[0m
[1m2024-04-12T18:14:30.000000000Z[0m [1;33m[WARN] TRADER-001.nautilus_common::cache: Cannot calculate unrealized PnL for P-20240412-173010-001-140723844938120-4, no quotes for BTCUSDT-PERP.BINANCE[0m
[1m2024-04-12T18:14:40.000000000Z[0m [1;33m[WARN] TRADER-001.nautilus_common::cache: Cannot calculate unrealized PnL for P-20240412-173010-001-140723844938120-4, no quotes for BTCUSDT-PERP.BINANCE[0m
[1m2024-04-12T18:14:50.000000000Z[0m [1;33m[WARN] TRADER-001.nautilus_common::cache: Cannot calculate unrealized PnL for P-20240412-173010-001-140723844938120-4, no quotes for BTCUSDT-PERP.BINANCE[0m
[1m2024-04-12T18:14:59.999000000Z[0m [1;33m[WARN] TRADER-001.nautilus_common::cache: Cannot calculate unrealized PnL for P-20240412-173010-001-140723844938120-4, no quotes for BTCUSDT-PERP.BINANCE[0m
[1m2024-04-12T18:15:00.000000000Z[0m [1;33m[WARN] TRADER-001.nautilus_common::cache: Cannot calculate unrealized PnL for P-20240412-173010-001-140723844938120-4, no quotes for BTCUSDT-PERP.BINANCE[0m
[1m2024-04-12T18:15:10.000000000Z[0m [1;33m[WARN] TRADER-001.nautilus_common::cache: Cannot calculate unrealized PnL for P-20240412-173010-001-140723844938120-4, no quotes for BTCUSDT-PERP.BINANCE[0m
[1m2024-04-12T18:15:20.000000000Z[0m [1;33m[WARN] TRADER-001.nautilus_common::cache: Cannot calculate unrealized PnL for P-20240412-173010-001-140723844938120-4, no quotes for BTCUSDT-PERP.BINANCE[0m
[1m2024-04-12T18:15:30.000000000Z[0m [1;33m[WARN] TRADER-001.nautilus_common::cache: Cannot calculate unrealized PnL for P-20240412-173010-001-140723844938120-4, no quotes for BTCUSDT-PERP.BINANCE[0m
[1m2024-04-12T18:15:40.000000000Z[0m [1;33m[WARN] TRADER-001.nautilus_common::cache: Cannot calculate unrealized PnL for P-20240412-173010-001-140723844938120-4, no quotes for BTCUSDT-PERP.BINANCE[0m
[1m2024-04-12T18:15:50.000000000Z[0m [1;33m[WARN] TRADER-001.nautilus_common::cache: Cannot calculate unrealized PnL for P-20240412-173010-001-140723844938120-4, no quotes for BTCUSDT-PERP.BINANCE[0m
[1m2024-04-12T18:15:59.999000000Z[0m [1;33m[WARN] TRADER-001.nautilus_common::cache: Cannot calculate unrealized PnL for P-20240412-173010-001-140723844938120-4, no quotes for BTCUSDT-PERP.BINANCE[0m
[1m2024-04-12T18:16:00.000000000Z[0m [1;33m[WARN] TRADER-001.nautilus_common::cache: Cannot calculate unrealized PnL for P-20240412-173010-001-140723844938120-4, no quotes for BTCUSDT-PERP.BINANCE[0m
[1m2024-04-12T18:16:10.000000000Z[0m [1;33m[WARN] TRADER-001.nautilus_common::cache: Cannot calculate unrealized PnL for P-20240412-173010-001-140723844938120-4, no quotes for BTCUSDT-PERP.BINANCE[0m
[1m2024-04-12T18:16:20.000000000Z[0m [1;33m[WARN] TRADER-001.nautilus_common::cache: Cannot calculate unrealized PnL for P-20240412-173010-001-140723844938120-4, no quotes for BTCUSDT-PERP.BINANCE[0m
[1m2024-04-12T18:16:30.000000000Z[0m [1;33m[WARN] TRADER-001.nautilus_common::cache: Cannot calculate unrealized PnL for P-20240412-173010-001-140723844938120-4, no quotes for BTCUSDT-PERP.BINANCE[0m
[1m2024-04-12T18:16:40.000000000Z[0m [1;33m[WARN] TRADER-001.nautilus_common::cache: Cannot calculate unrealized PnL for P-20240412-173010-001-140723844938120-4, no quotes for BTCUSDT-PERP.BINANCE[0m
[1m2024-04-12T18:16:50.000000000Z[0m [1;33m[WARN] TRADER-001.nautilus_common::cache: Cannot calculate unrealized PnL for P-20240412-173010-001-140723844938120-4, no quotes for BTCUSDT-PERP.BINANCE[0m
[1m2024-04-12T18:16:59.999000000Z[0m [1;33m[WARN] TRADER-001.nautilus_common::cache: Cannot calculate unrealized PnL for P-20240412-173010-001-140723844938120-4, no quotes for BTCUSDT-PERP.BINANCE[0m
[1m2024-04-12T18:17:00.000000000Z[0m [1;33m[WARN] TRADER-001.nautilus_common::cache: Cannot calculate unrealized PnL for P-20240412-173010-001-140723844938120-4, no quotes for BTCUSDT-PERP.BINANCE[0m
[1m2024-04-12T18:17:10.000000000Z[0m [1;33m[WARN] TRADER-001.nautilus_common::cache: Cannot calculate unrealized PnL for P-20240412-173010-001-140723844938120-4, no quotes for BTCUSDT-PERP.BINANCE[0m
[1m2024-04-12T18:17:20.000000000Z[0m [1;33m[WARN] TRADER-001.nautilus_common::cache: Cannot calculate unrealized PnL for P-20240412-173010-001-140723844938120-4, no quotes for BTCUSDT-PERP.BINANCE[0m
[1m2024-04-12T18:17:30.000000000Z[0m [1;33m[WARN] TRADER-001.nautilus_common::cache: Cannot calculate unrealized PnL for P-20240412-173010-001-140723844938120-4, no quotes for BTCUSDT-PERP.BINANCE[0m
[1m2024-04-12T18:17:40.000000000Z[0m [1;33m[WARN] TRADER-001.nautilus_common::cache: Cannot calculate unrealized PnL for P-20240412-173010-001-140723844938120-4, no quotes for BTCUSDT-PERP.BINANCE[0m
[1m2024-04-12T18:17:50.000000000Z[0m [1;33m[WARN] TRADER-001.nautilus_common::cache: Cannot calculate unrealized PnL for P-20240412-173010-001-140723844938120-4, no quotes for BTCUSDT-PERP.BINANCE[0m
[1m2024-04-12T18:17:59.999000000Z[0m [1;33m[WARN] TRADER-001.nautilus_common::cache: Cannot calculate unrealized PnL for P-20240412-173010-001-140723844938120-4, no quotes for BTCUSDT-PERP.BINANCE[0m
[1m2024-04-12T18:18:00.000000000Z[0m [1;33m[WARN] TRADER-001.nautilus_common::cache: Cannot calculate unrealized PnL for P-20240412-173010-001-140723844938120-4, no quotes for BTCUSDT-PERP.BINANCE[0m
[1m2024-04-12T18:18:10.000000000Z[0m [1;33m[WARN] TRADER-001.nautilus_common::cache: Cannot calculate unrealized PnL for P-20240412-173010-001-140723844938120-4, no quotes for BTCUSDT-PERP.BINANCE[0m
[1m2024-04-12T18:18:20.000000000Z[0m [1;33m[WARN] TRADER-001.nautilus_common::cache: Cannot calculate unrealized PnL for P-20240412-173010-001-140723844938120-4, no quotes for BTCUSDT-PERP.BINANCE[0m
[1m2024-04-12T18:18:30.000000000Z[0m [1;33m[WARN] TRADER-001.nautilus_common::cache: Cannot calculate unrealized PnL for P-20240412-173010-001-140723844938120-4, no quotes for BTCUSDT-PERP.BINANCE[0m
[1m2024-04-12T18:18:40.000000000Z[0m [1;33m[WARN] TRADER-001.nautilus_common::cache: Cannot calculate unrealized PnL for P-20240412-173010-001-140723844938120-4, no quotes for BTCUSDT-PERP.BINANCE[0m
[1m2024-04-12T18:18:50.000000000Z[0m [1;33m[WARN] TRADER-001.nautilus_common::cache: Cannot calculate unrealized PnL for P-20240412-173010-001-140723844938120-4, no quotes for BTCUSDT-PERP.BINANCE[0m
[1m2024-04-12T18:18:59.999000000Z[0m [1;33m[WARN] TRADER-001.nautilus_common::cache: Cannot calculate unrealized PnL for P-20240412-173010-001-140723844938120-4, no quotes for BTCUSDT-PERP.BINANCE[0m
[1m2024-04-12T18:19:00.000000000Z[0m [1;33m[WARN] TRADER-001.nautilus_common::cache: Cannot calculate unrealized PnL for P-20240412-173010-001-140723844938120-4, no quotes for BTCUSDT-PERP.BINANCE[0m
[1m2024-04-12T18:19:10.000000000Z[0m [1;33m[WARN] TRADER-001.nautilus_common::cache: Cannot calculate unrealized PnL for P-20240412-173010-001-140723844938120-4, no quotes for BTCUSDT-PERP.BINANCE[0m
[1m2024-04-12T18:19:20.000000000Z[0m [1;33m[WARN] TRADER-001.nautilus_common::cache: Cannot calculate unrealized PnL for P-20240412-173010-001-140723844938120-4, no quotes for BTCUSDT-PERP.BINANCE[0m
[1m2024-04-12T18:19:30.000000000Z[0m [1;33m[WARN] TRADER-001.nautilus_common::cache: Cannot calculate unrealized PnL for P-20240412-173010-001-140723844938120-4, no quotes for BTCUSDT-PERP.BINANCE[0m
[1m2024-04-12T18:19:40.000000000Z[0m [1;33m[WARN] TRADER-001.nautilus_common::cache: Cannot calculate unrealized PnL for P-20240412-173010-001-140723844938120-4, no quotes for BTCUSDT-PERP.BINANCE[0m
[1m2024-04-12T18:19:50.000000000Z[0m [1;33m[WARN] TRADER-001.nautilus_common::cache: Cannot calculate unrealized PnL for P-20240412-173010-001-140723844938120-4, no quotes for BTCUSDT-PERP.BINANCE[0m
[1m2024-04-12T18:19:59.999000000Z[0m [1;33m[WARN] TRADER-001.nautilus_common::cache: Cannot calculate unrealized PnL for P-20240412-173010-001-140723844938120-4, no quotes for BTCUSDT-PERP.BINANCE[0m
[1m2024-04-12T18:20:00.000000000Z[0m [1;33m[WARN] TRADER-001.nautilus_common::cache: Cannot calculate unrealized PnL for P-20240412-173010-001-140723844938120-4, no quotes for BTCUSDT-PERP.BINANCE[0m
[1m2024-04-12T18:20:10.000000000Z[0m [1;33m[WARN] TRADER-001.nautilus_common::cache: Cannot calculate unrealized PnL for P-20240412-173010-001-140723844938120-4, no quotes for BTCUSDT-PERP.BINANCE[0m
[1m2024-04-12T18:20:20.000000000Z[0m [1;33m[WARN] TRADER-001.nautilus_common::cache: Cannot calculate unrealized PnL for P-20240412-173010-001-140723844938120-4, no quotes for BTCUSDT-PERP.BINANCE[0m
[1m2024-04-12T18:20:30.000000000Z[0m [1;33m[WARN] TRADER-001.nautilus_common::cache: Cannot calculate unrealized PnL for P-20240412-173010-001-140723844938120-4, no quotes for BTCUSDT-PERP.BINANCE[0m
[1m2024-04-12T18:20:40.000000000Z[0m [1;33m[WARN] TRADER-001.nautilus_common::cache: Cannot calculate unrealized PnL for P-20240412-173010-001-140723844938120-4, no quotes for BTCUSDT-PERP.BINANCE[0m
[1m2024-04-12T18:20:50.000000000Z[0m [1;33m[WARN] TRADER-001.nautilus_common::cache: Cannot calculate unrealized PnL for P-20240412-173010-001-140723844938120-4, no quotes for BTCUSDT-PERP.BINANCE[0m
[1m2024-04-12T18:20:59.999000000Z[0m [1;33m[WARN] TRADER-001.nautilus_common::cache: Cannot calculate unrealized PnL for P-20240412-173010-001-140723844938120-4, no quotes for BTCUSDT-PERP.BINANCE[0m
[1m2024-04-12T18:21:00.000000000Z[0m [1;33m[WARN] TRADER-001.nautilus_common::cache: Cannot calculate unrealized PnL for P-20240412-173010-001-140723844938120-4, no quotes for BTCUSDT-PERP.BINANCE[0m
[1m2024-04-12T18:21:10.000000000Z[0m [1;33m[WARN] TRADER-001.nautilus_common::cache: Cannot calculate unrealized PnL for P-20240412-173010-001-140723844938120-4, no quotes for BTCUSDT-PERP.BINANCE[0m
[1m2024-04-12T18:21:20.000000000Z[0m [1;33m[WARN] TRADER-001.nautilus_common::cache: Cannot calculate unrealized PnL for P-20240412-173010-001-140723844938120-4, no quotes for BTCUSDT-PERP.BINANCE[0m
[1m2024-04-12T18:21:30.000000000Z[0m [1;33m[WARN] TRADER-001.nautilus_common::cache: Cannot calculate unrealized PnL for P-20240412-173010-001-140723844938120-4, no quotes for BTCUSDT-PERP.BINANCE[0m
[1m2024-04-12T18:21:40.000000000Z[0m [1;33m[WARN] TRADER-001.nautilus_common::cache: Cannot calculate unrealized PnL for P-20240412-173010-001-140723844938120-4, no quotes for BTCUSDT-PERP.BINANCE[0m
[1m2024-04-12T18:21:50.000000000Z[0m [1;33m[WARN] TRADER-001.nautilus_common::cache: Cannot calculate unrealized PnL for P-20240412-173010-001-140723844938120-4, no quotes for BTCUSDT-PERP.BINANCE[0m
[1m2024-04-12T18:21:59.999000000Z[0m [1;33m[WARN] TRADER-001.nautilus_common::cache: Cannot calculate unrealized PnL for P-20240412-173010-001-140723844938120-4, no quotes for BTCUSDT-PERP.BINANCE[0m
[1m2024-04-12T18:22:00.000000000Z[0m [1;33m[WARN] TRADER-001.nautilus_common::cache: Cannot calculate unrealized PnL for P-20240412-173010-001-140723844938120-4, no quotes for BTCUSDT-PERP.BINANCE[0m
[1m2024-04-12T18:22:10.000000000Z[0m [1;33m[WARN] TRADER-001.nautilus_common::cache: Cannot calculate unrealized PnL for P-20240412-173010-001-140723844938120-4, no quotes for BTCUSDT-PERP.BINANCE[0m
[1m2024-04-12T18:22:20.000000000Z[0m [1;33m[WARN] TRADER-001.nautilus_common::cache: Cannot calculate unrealized PnL for P-20240412-173010-001-140723844938120-4, no quotes for BTCUSDT-PERP.BINANCE[0m
[1m2024-04-12T18:22:30.000000000Z[0m [1;33m[WARN] TRADER-001.nautilus_common::cache: Cannot calculate unrealized PnL for P-20240412-173010-001-140723844938120-4, no quotes for BTCUSDT-PERP.BINANCE[0m
[1m2024-04-12T18:22:40.000000000Z[0m [1;33m[WARN] TRADER-001.nautilus_common::cache: Cannot calculate unrealized PnL for P-20240412-173010-001-140723844938120-4, no quotes for BTCUSDT-PERP.BINANCE[0m
[1m2024-04-12T18:22:50.000000000Z[0m [1;33m[WARN] TRADER-001.nautilus_common::cache: Cannot calculate unrealized PnL for P-20240412-173010-001-140723844938120-4, no quotes for BTCUSDT-PERP.BINANCE[0m
[1m2024-04-12T18:22:59.999000000Z[0m [1;33m[WARN] TRADER-001.nautilus_common::cache: Cannot calculate unrealized PnL for P-20240412-173010-001-140723844938120-4, no quotes for BTCUSDT-PERP.BINANCE[0m
[1m2024-04-12T18:23:00.000000000Z[0m [1;33m[WARN] TRADER-001.nautilus_common::cache: Cannot calculate unrealized PnL for P-20240412-173010-001-140723844938120-4, no quotes for BTCUSDT-PERP.BINANCE[0m
[1m2024-04-12T18:23:10.000000000Z[0m [1;33m[WARN] TRADER-001.nautilus_common::cache: Cannot calculate unrealized PnL for P-20240412-173010-001-140723844938120-4, no quotes for BTCUSDT-PERP.BINANCE[0m
[1m2024-04-12T18:23:20.000000000Z[0m [1;33m[WARN] TRADER-001.nautilus_common::cache: Cannot calculate unrealized PnL for P-20240412-173010-001-140723844938120-4, no quotes for BTCUSDT-PERP.BINANCE[0m
[1m2024-04-12T18:23:30.000000000Z[0m [1;33m[WARN] TRADER-001.nautilus_common::cache: Cannot calculate unrealized PnL for P-20240412-173010-001-140723844938120-4, no quotes for BTCUSDT-PERP.BINANCE[0m
[1m2024-04-12T18:23:40.000000000Z[0m [1;33m[WARN] TRADER-001.nautilus_common::cache: Cannot calculate unrealized PnL for P-20240412-173010-001-140723844938120-4, no quotes for BTCUSDT-PERP.BINANCE[0m
[1m2024-04-12T18:23:50.000000000Z[0m [1;33m[WARN] TRADER-001.nautilus_common::cache: Cannot calculate unrealized PnL for P-20240412-173010-001-140723844938120-4, no quotes for BTCUSDT-PERP.BINANCE[0m
[1m2024-04-12T18:23:59.999000000Z[0m [1;33m[WARN] TRADER-001.nautilus_common::cache: Cannot calculate unrealized PnL for P-20240412-173010-001-140723844938120-4, no quotes for BTCUSDT-PERP.BINANCE[0m
[1m2024-04-12T18:24:00.000000000Z[0m [1;33m[WARN] TRADER-001.nautilus_common::cache: Cannot calculate unrealized PnL for P-20240412-173010-001-140723844938120-4, no quotes for BTCUSDT-PERP.BINANCE[0m
[1m2024-04-12T18:24:10.000000000Z[0m [1;33m[WARN] TRADER-001.nautilus_common::cache: Cannot calculate unrealized PnL for P-20240412-173010-001-140723844938120-4, no quotes for BTCUSDT-PERP.BINANCE[0m
[1m2024-04-12T18:24:20.000000000Z[0m [1;33m[WARN] TRADER-001.nautilus_common::cache: Cannot calculate unrealized PnL for P-20240412-173010-001-140723844938120-4, no quotes for BTCUSDT-PERP.BINANCE[0m
[1m2024-04-12T18:24:30.000000000Z[0m [1;33m[WARN] TRADER-001.nautilus_common::cache: Cannot calculate unrealized PnL for P-20240412-173010-001-140723844938120-4, no quotes for BTCUSDT-PERP.BINANCE[0m
[1m2024-04-12T18:24:40.000000000Z[0m [1;33m[WARN] TRADER-001.nautilus_common::cache: Cannot calculate unrealized PnL for P-20240412-173010-001-140723844938120-4, no quotes for BTCUSDT-PERP.BINANCE[0m
[1m2024-04-12T18:24:50.000000000Z[0m [1;33m[WARN] TRADER-001.nautilus_common::cache: Cannot calculate unrealized PnL for P-20240412-173010-001-140723844938120-4, no quotes for BTCUSDT-PERP.BINANCE[0m
[1m2024-04-12T18:24:59.999000000Z[0m [1;33m[WARN] TRADER-001.nautilus_common::cache: Cannot calculate unrealized PnL for P-20240412-173010-001-140723844938120-4, no quotes for BTCUSDT-PERP.BINANCE[0m
[1m2024-04-12T18:25:00.000000000Z[0m [1;33m[WARN] TRADER-001.nautilus_common::cache: Cannot calculate unrealized PnL for P-20240412-173010-001-140723844938120-4, no quotes for BTCUSDT-PERP.BINANCE[0m
[1m2024-04-12T18:25:10.000000000Z[0m [1;33m[WARN] TRADER-001.nautilus_common::cache: Cannot calculate unrealized PnL for P-20240412-173010-001-140723844938120-4, no quotes for BTCUSDT-PERP.BINANCE[0m
[1m2024-04-12T18:25:20.000000000Z[0m [1;33m[WARN] TRADER-001.nautilus_common::cache: Cannot calculate unrealized PnL for P-20240412-173010-001-140723844938120-4, no quotes for BTCUSDT-PERP.BINANCE[0m
[1m2024-04-12T18:25:30.000000000Z[0m [1;33m[WARN] TRADER-001.nautilus_common::cache: Cannot calculate unrealized PnL for P-20240412-173010-001-140723844938120-4, no quotes for BTCUSDT-PERP.BINANCE[0m
[1m2024-04-12T18:25:40.000000000Z[0m [1;33m[WARN] TRADER-001.nautilus_common::cache: Cannot calculate unrealized PnL for P-20240412-173010-001-140723844938120-4, no quotes for BTCUSDT-PERP.BINANCE[0m
[1m2024-04-12T18:25:50.000000000Z[0m [1;33m[WARN] TRADER-001.nautilus_common::cache: Cannot calculate unrealized PnL for P-20240412-173010-001-140723844938120-4, no quotes for BTCUSDT-PERP.BINANCE[0m
[1m2024-04-12T18:25:59.999000000Z[0m [1;33m[WARN] TRADER-001.nautilus_common::cache: Cannot calculate unrealized PnL for P-20240412-173010-001-140723844938120-4, no quotes for BTCUSDT-PERP.BINANCE[0m
[1m2024-04-12T18:26:00.000000000Z[0m [1;33m[WARN] TRADER-001.nautilus_common::cache: Cannot calculate unrealized PnL for P-20240412-173010-001-140723844938120-4, no quotes for BTCUSDT-PERP.BINANCE[0m
[1m2024-04-12T18:26:10.000000000Z[0m [1;33m[WARN] TRADER-001.nautilus_common::cache: Cannot calculate unrealized PnL for P-20240412-173010-001-140723844938120-4, no quotes for BTCUSDT-PERP.BINANCE[0m
[1m2024-04-12T18:26:20.000000000Z[0m [1;33m[WARN] TRADER-001.nautilus_common::cache: Cannot calculate unrealized PnL for P-20240412-173010-001-140723844938120-4, no quotes for BTCUSDT-PERP.BINANCE[0m
[1m2024-04-12T18:26:30.000000000Z[0m [1;33m[WARN] TRADER-001.nautilus_common::cache: Cannot calculate unrealized PnL for P-20240412-173010-001-140723844938120-4, no quotes for BTCUSDT-PERP.BINANCE[0m
[1m2024-04-12T18:26:40.000000000Z[0m [1;33m[WARN] TRADER-001.nautilus_common::cache: Cannot calculate unrealized PnL for P-20240412-173010-001-140723844938120-4, no quotes for BTCUSDT-PERP.BINANCE[0m
[1m2024-04-12T18:26:50.000000000Z[0m [1;33m[WARN] TRADER-001.nautilus_common::cache: Cannot calculate unrealized PnL for P-20240412-173010-001-140723844938120-4, no quotes for BTCUSDT-PERP.BINANCE[0m
[1m2024-04-12T18:26:59.999000000Z[0m [1;33m[WARN] TRADER-001.nautilus_common::cache: Cannot calculate unrealized PnL for P-20240412-173010-001-140723844938120-4, no quotes for BTCUSDT-PERP.BINANCE[0m
[1m2024-04-12T18:27:00.000000000Z[0m [1;33m[WARN] TRADER-001.nautilus_common::cache: Cannot calculate unrealized PnL for P-20240412-173010-001-140723844938120-4, no quotes for BTCUSDT-PERP.BINANCE[0m
[1m2024-04-12T18:27:10.000000000Z[0m [1;33m[WARN] TRADER-001.nautilus_common::cache: Cannot calculate unrealized PnL for P-20240412-173010-001-140723844938120-4, no quotes for BTCUSDT-PERP.BINANCE[0m
[1m2024-04-12T18:27:20.000000000Z[0m [1;33m[WARN] TRADER-001.nautilus_common::cache: Cannot calculate unrealized PnL for P-20240412-173010-001-140723844938120-4, no quotes for BTCUSDT-PERP.BINANCE[0m
[1m2024-04-12T18:27:30.000000000Z[0m [1;33m[WARN] TRADER-001.nautilus_common::cache: Cannot calculate unrealized PnL for P-20240412-173010-001-140723844938120-4, no quotes for BTCUSDT-PERP.BINANCE[0m
[1m2024-04-12T18:27:40.000000000Z[0m [1;33m[WARN] TRADER-001.nautilus_common::cache: Cannot calculate unrealized PnL for P-20240412-173010-001-140723844938120-4, no quotes for BTCUSDT-PERP.BINANCE[0m
[1m2024-04-12T18:27:50.000000000Z[0m [1;33m[WARN] TRADER-001.nautilus_common::cache: Cannot calculate unrealized PnL for P-20240412-173010-001-140723844938120-4, no quotes for BTCUSDT-PERP.BINANCE[0m
[1m2024-04-12T18:27:59.999000000Z[0m [1;33m[WARN] TRADER-001.nautilus_common::cache: Cannot calculate unrealized PnL for P-20240412-173010-001-140723844938120-4, no quotes for BTCUSDT-PERP.BINANCE[0m
[1m2024-04-12T18:28:00.000000000Z[0m [1;33m[WARN] TRADER-001.nautilus_common::cache: Cannot calculate unrealized PnL for P-20240412-173010-001-140723844938120-4, no quotes for BTCUSDT-PERP.BINANCE[0m
[1m2024-04-12T18:28:10.000000000Z[0m [1;33m[WARN] TRADER-001.nautilus_common::cache: Cannot calculate unrealized PnL for P-20240412-173010-001-140723844938120-4, no quotes for BTCUSDT-PERP.BINANCE[0m
[1m2024-04-12T18:28:20.000000000Z[0m [1;33m[WARN] TRADER-001.nautilus_common::cache: Cannot calculate unrealized PnL for P-20240412-173010-001-140723844938120-4, no quotes for BTCUSDT-PERP.BINANCE[0m
[1m2024-04-12T18:28:30.000000000Z[0m [1;33m[WARN] TRADER-001.nautilus_common::cache: Cannot calculate unrealized PnL for P-20240412-173010-001-140723844938120-4, no quotes for BTCUSDT-PERP.BINANCE[0m
[1m2024-04-12T18:28:40.000000000Z[0m [1;33m[WARN] TRADER-001.nautilus_common::cache: Cannot calculate unrealized PnL for P-20240412-173010-001-140723844938120-4, no quotes for BTCUSDT-PERP.BINANCE[0m
[1m2024-04-12T18:28:50.000000000Z[0m [1;33m[WARN] TRADER-001.nautilus_common::cache: Cannot calculate unrealized PnL for P-20240412-173010-001-140723844938120-4, no quotes for BTCUSDT-PERP.BINANCE[0m
[1m2024-04-12T18:28:59.999000000Z[0m [1;33m[WARN] TRADER-001.nautilus_common::cache: Cannot calculate unrealized PnL for P-20240412-173010-001-140723844938120-4, no quotes for BTCUSDT-PERP.BINANCE[0m
[1m2024-04-12T18:29:00.000000000Z[0m [1;33m[WARN] TRADER-001.nautilus_common::cache: Cannot calculate unrealized PnL for P-20240412-173010-001-140723844938120-4, no quotes for BTCUSDT-PERP.BINANCE[0m
[1m2024-04-12T18:29:10.000000000Z[0m [1;33m[WARN] TRADER-001.nautilus_common::cache: Cannot calculate unrealized PnL for P-20240412-173010-001-140723844938120-4, no quotes for BTCUSDT-PERP.BINANCE[0m
[1m2024-04-12T18:29:20.000000000Z[0m [1;33m[WARN] TRADER-001.nautilus_common::cache: Cannot calculate unrealized PnL for P-20240412-173010-001-140723844938120-4, no quotes for BTCUSDT-PERP.BINANCE[0m
[1m2024-04-12T18:29:30.000000000Z[0m [1;33m[WARN] TRADER-001.nautilus_common::cache: Cannot calculate unrealized PnL for P-20240412-173010-001-140723844938120-4, no quotes for BTCUSDT-PERP.BINANCE[0m
[1m2024-04-12T18:29:40.000000000Z[0m [1;33m[WARN] TRADER-001.nautilus_common::cache: Cannot calculate unrealized PnL for P-20240412-173010-001-140723844938120-4, no quotes for BTCUSDT-PERP.BINANCE[0m
[1m2024-04-12T18:29:50.000000000Z[0m [1;33m[WARN] TRADER-001.nautilus_common::cache: Cannot calculate unrealized PnL for P-20240412-173010-001-140723844938120-4, no quotes for BTCUSDT-PERP.BINANCE[0m
[1m2024-04-12T18:29:59.999000000Z[0m [1;33m[WARN] TRADER-001.nautilus_common::cache: Cannot calculate unrealized PnL for P-20240412-173010-001-140723844938120-4, no quotes for BTCUSDT-PERP.BINANCE[0m
[1m2024-04-12T18:30:00.000000000Z[0m [1;33m[WARN] TRADER-001.nautilus_common::cache: Cannot calculate unrealized PnL for P-20240412-173010-001-140723844938120-4, no quotes for BTCUSDT-PERP.BINANCE[0m
[1m2024-04-12T18:30:10.000000000Z[0m [1;33m[WARN] TRADER-001.nautilus_common::cache: Cannot calculate unrealized PnL for P-20240412-173010-001-140723844938120-4, no quotes for BTCUSDT-PERP.BINANCE[0m
[1m2024-04-12T18:30:20.000000000Z[0m [1;33m[WARN] TRADER-001.nautilus_common::cache: Cannot calculate unrealized PnL for P-20240412-173010-001-140723844938120-4, no quotes for BTCUSDT-PERP.BINANCE[0m
[1m2024-04-12T18:30:30.000000000Z[0m [1;33m[WARN] TRADER-001.nautilus_common::cache: Cannot calculate unrealized PnL for P-20240412-173010-001-140723844938120-4, no quotes for BTCUSDT-PERP.BINANCE[0m
[1m2024-04-12T18:30:40.000000000Z[0m [1;33m[WARN] TRADER-001.nautilus_common::cache: Cannot calculate unrealized PnL for P-20240412-173010-001-140723844938120-4, no quotes for BTCUSDT-PERP.BINANCE[0m
[1m2024-04-12T18:30:50.000000000Z[0m [1;33m[WARN] TRADER-001.nautilus_common::cache: Cannot calculate unrealized PnL for P-20240412-173010-001-140723844938120-4, no quotes for BTCUSDT-PERP.BINANCE[0m
[1m2024-04-12T18:30:59.999000000Z[0m [1;33m[WARN] TRADER-001.nautilus_common::cache: Cannot calculate unrealized PnL for P-20240412-173010-001-140723844938120-4, no quotes for BTCUSDT-PERP.BINANCE[0m
[1m2024-04-12T18:31:00.000000000Z[0m [1;33m[WARN] TRADER-001.nautilus_common::cache: Cannot calculate unrealized PnL for P-20240412-173010-001-140723844938120-4, no quotes for BTCUSDT-PERP.BINANCE[0m
[1m2024-04-12T18:31:10.000000000Z[0m [1;33m[WARN] TRADER-001.nautilus_common::cache: Cannot calculate unrealized PnL for P-20240412-173010-001-140723844938120-4, no quotes for BTCUSDT-PERP.BINANCE[0m
[1m2024-04-12T18:31:20.000000000Z[0m [1;33m[WARN] TRADER-001.nautilus_common::cache: Cannot calculate unrealized PnL for P-20240412-173010-001-140723844938120-4, no quotes for BTCUSDT-PERP.BINANCE[0m
[1m2024-04-12T18:31:30.000000000Z[0m [1;33m[WARN] TRADER-001.nautilus_common::cache: Cannot calculate unrealized PnL for P-20240412-173010-001-140723844938120-4, no quotes for BTCUSDT-PERP.BINANCE[0m
[1m2024-04-12T18:31:40.000000000Z[0m [1;33m[WARN] TRADER-001.nautilus_common::cache: Cannot calculate unrealized PnL for P-20240412-173010-001-140723844938120-4, no quotes for BTCUSDT-PERP.BINANCE[0m
[1m2024-04-12T18:31:50.000000000Z[0m [1;33m[WARN] TRADER-001.nautilus_common::cache: Cannot calculate unrealized PnL for P-20240412-173010-001-140723844938120-4, no quotes for BTCUSDT-PERP.BINANCE[0m
[1m2024-04-12T18:31:59.999000000Z[0m [1;33m[WARN] TRADER-001.nautilus_common::cache: Cannot calculate unrealized PnL for P-20240412-173010-001-140723844938120-4, no quotes for BTCUSDT-PERP.BINANCE[0m
[1m2024-04-12T18:32:00.000000000Z[0m [1;33m[WARN] TRADER-001.nautilus_common::cache: Cannot calculate unrealized PnL for P-20240412-173010-001-140723844938120-4, no quotes for BTCUSDT-PERP.BINANCE[0m
[1m2024-04-12T18:32:10.000000000Z[0m [1;33m[WARN] TRADER-001.nautilus_common::cache: Cannot calculate unrealized PnL for P-20240412-173010-001-140723844938120-4, no quotes for BTCUSDT-PERP.BINANCE[0m
[1m2024-04-12T18:32:20.000000000Z[0m [INFO] TRADER-001.nautilus_portfolio::manager: BTCUSDT-PERP.BINANCE margin_init=0.00000000 USDT[0m
[1m2024-04-12T18:32:20.000000000Z[0m [INFO] TRADER-001.nautilus_trading::strategy: DataActor-140723844938120 <--[EVT] OrderFilled(instrument_id=BTCUSDT-PERP.BINANCE, client_order_id=O-20240412-173010-001-140723844938120-11, venue_order_id=BINANCE-1-11, account_id=BINANCE-001, trade_id=T-ef327319b021c1c0-115822, position_id=P-20240412-173010-001-140723844938120-4, order_side=SELL, order_type=STOP_MARKET, last_qty=2.537, last_px=67_099.8 USDT, commission=102.13931556 USDT, liquidity_side=TAKER, ts_event=1712946740000000000)[0m
[1m2024-04-12T18:32:20.000000000Z[0m [INFO] TRADER-001.nautilus_portfolio::portfolio: BTCUSDT-PERP.BINANCE net_position=0[0m
[1m2024-04-12T18:32:20.000000000Z[0m [INFO] TRADER-001.nautilus_portfolio::manager: BTCUSDT-PERP.BINANCE margin_maint=0.00000000 USDT[0m
[1m2024-04-12T18:32:20.000000000Z[0m [INFO] TRADER-001.nautilus_portfolio::portfolio: Updated AccountState(account_id=BINANCE-001, account_type=MARGIN, base_currency=USDT, is_reported=false, balances=[AccountBalance(total=90704.37354856 USDT, locked=0.00000000 USDT, free=90704.37354856 USDT)], margins=[], event_id=88a9da1e-428a-4a06-b61f-642b6ab3c89b)[0m
[1m2024-04-12T18:32:20.000000000Z[0m [INFO] TRADER-001.nautilus_trading::strategy: DataActor-140723844938120 <--[EVT] PositionClosed(PositionClosed { trader_id: "TRADER-001", strategy_id: "DataActor-140723844938120", instrument_id: "BTCUSDT-PERP.BINANCE", position_id: "P-20240412-173010-001-140723844938120-4", account_id: "BINANCE-001", opening_order_id: "O-20240412-173010-001-140723844938120-10", closing_order_id: Some("O-20240412-173010-001-140723844938120-11"), entry: Buy, side: Flat, signed_qty: 0.0, quantity: Quantity(0.000), peak_quantity: Quantity(2.537), last_qty: Quantity(2.537), last_px: Price(67099.8), currency: Currency(code='USDT', precision=8, iso4217=0, name='Tether', currency_type=CRYPTO), avg_px_open: 67960.2, avg_px_close: Some(67099.8), realized_return: -0.012660351205558463, realized_pnl: Some(Money(-2388.42313200, USDT)), unrealized_pnl: Money(0.00000000, USDT), duration: 3730000000000, event_id: UUID4(adb293f9-f037-4999-82cd-b6774325eaf9), ts_opened: UnixNanos(1712943010000000000), ts_closed: Some(UnixNanos(1712946740000000000)), ts_event: UnixNanos(1712946740000000000), ts_init: UnixNanos(1712946740000000000) })[0m
[1m2024-04-12T18:32:20.000000000Z[0m [INFO] TRADER-001.nautilus_portfolio::manager: BTCUSDT-PERP.BINANCE margin_init=0.00000000 USDT[0m
[1m2024-04-12T18:32:20.000000000Z[0m [INFO] TRADER-001.nautilus_portfolio::portfolio: Updated AccountState(account_id=BINANCE-001, account_type=MARGIN, base_currency=USDT, is_reported=false, balances=[AccountBalance(total=90704.37354856 USDT, locked=0.00000000 USDT, free=90704.37354856 USDT)], margins=[], event_id=bce8b654-1ab7-484f-a5d7-a3a115b54652)[0m
[1m2024-04-12T18:32:20.000000000Z[0m [INFO] TRADER-001.nautilus_trading::strategy: DataActor-140723844938120 <--[EVT] OrderCanceled(instrument_id=BTCUSDT-PERP.BINANCE, client_order_id=O-20240412-173010-001-140723844938120-12, venue_order_id=BINANCE-1-12, account_id=BINANCE-001, ts_event=1712946740000000000)[0m
[1m2024-04-14T23:22:00.000000000Z[0m [INFO] TRADER-001.nautilus_trading::strategy: DataActor-140723844938120 <--[EVT] OrderInitialized(instrument_id=BTCUSDT-PERP.BINANCE, client_order_id=O-20240414-232200-001-140723844938120-13, side=BUY, type=MARKET, quantity=6.163, time_in_force=GTC, post_only=false, reduce_only=false, quote_quantity=false, price=None, emulation_trigger=None, trigger_instrument_id=None, contingency_type=OTO, order_list_id=OL-20240414-232200-001-140723844938120-5, linked_order_ids=[O-20240414-232200-001-140723844938120-14, O-20240414-232200-001-140723844938120-15], parent_order_id=None, exec_algorithm_id=None, exec_algorithm_params=None, exec_spawn_id=None, tags=flow-response-btcusdt-000063, BREAKOUT_ACCEPTANCE_CONTINUATION, LONG, TEN_SECOND_MARKET_ENTRY)[0m
[1m2024-04-14T23:22:00.000000000Z[0m [INFO] TRADER-001.nautilus_trading::strategy: DataActor-140723844938120 <--[EVT] OrderInitialized(instrument_id=BTCUSDT-PERP.BINANCE, client_order_id=O-20240414-232200-001-140723844938120-14, side=SELL, type=STOP_MARKET, quantity=6.163, time_in_force=GTC, post_only=false, reduce_only=true, quote_quantity=false, price=None, emulation_trigger=None, trigger_instrument_id=None, contingency_type=OUO, order_list_id=OL-20240414-232200-001-140723844938120-5, linked_order_ids=[O-20240414-232200-001-140723844938120-15], parent_order_id=O-20240414-232200-001-140723844938120-13, exec_algorithm_id=None, exec_algorithm_params=None, exec_spawn_id=None, tags=flow-response-btcusdt-000063, OBSERVED_RETEST_INVALIDATION)[0m
[1m2024-04-14T23:22:00.000000000Z[0m [INFO] TRADER-001.nautilus_trading::strategy: DataActor-140723844938120 <--[EVT] OrderInitialized(instrument_id=BTCUSDT-PERP.BINANCE, client_order_id=O-20240414-232200-001-140723844938120-15, side=SELL, type=LIMIT, quantity=6.163, time_in_force=GTC, post_only=false, reduce_only=true, quote_quantity=false, price=67770.0, emulation_trigger=None, trigger_instrument_id=None, contingency_type=OUO, order_list_id=OL-20240414-232200-001-140723844938120-5, linked_order_ids=[O-20240414-232200-001-140723844938120-14], parent_order_id=O-20240414-232200-001-140723844938120-13, exec_algorithm_id=None, exec_algorithm_params=None, exec_spawn_id=None, tags=flow-response-btcusdt-000063, ACTIVE_COMPLETED_EXTERNAL_TARGET)[0m
[1m2024-04-14T23:22:00.000000000Z[0m [INFO] TRADER-001.nautilus_trading::strategy: DataActor-140723844938120 [CMD]--> SubmitOrderList[0m
[1m2024-04-14T23:22:00.000000000Z[0m [94m[INFO] TRADER-001.nautilus_execution::engine: Submit OrderList(id=OL-20240414-232200-001-140723844938120-5, instrument_id=BTCUSDT-PERP.BINANCE, strategy_id=DataActor-140723844938120, client_order_ids=["O-20240414-232200-001-140723844938120-13", "O-20240414-232200-001-140723844938120-14", "O-20240414-232200-001-140723844938120-15"], ts_init=1713136920000000000)[0m
[1m2024-04-14T23:22:00.000000000Z[0m [INFO] TRADER-001.nautilus_trading::strategy: DataActor-140723844938120 <--[EVT] OrderSubmitted(instrument_id=BTCUSDT-PERP.BINANCE, client_order_id=O-20240414-232200-001-140723844938120-13, account_id=BINANCE-001, ts_event=1713136920000000000)[0m
[1m2024-04-14T23:22:00.000000000Z[0m [INFO] TRADER-001.nautilus_trading::strategy: DataActor-140723844938120 <--[EVT] OrderSubmitted(instrument_id=BTCUSDT-PERP.BINANCE, client_order_id=O-20240414-232200-001-140723844938120-14, account_id=BINANCE-001, ts_event=1713136920000000000)[0m
[1m2024-04-14T23:22:00.000000000Z[0m [INFO] TRADER-001.nautilus_trading::strategy: DataActor-140723844938120 <--[EVT] OrderSubmitted(instrument_id=BTCUSDT-PERP.BINANCE, client_order_id=O-20240414-232200-001-140723844938120-15, account_id=BINANCE-001, ts_event=1713136920000000000)[0m
[1m2024-04-14T23:22:00.000000000Z[0m [INFO] TRADER-001.nautilus_portfolio::manager: BTCUSDT-PERP.BINANCE margin_init=0.00000000 USDT[0m
[1m2024-04-14T23:22:00.000000000Z[0m [INFO] TRADER-001.nautilus_trading::strategy: DataActor-140723844938120 <--[EVT] OrderFilled(instrument_id=BTCUSDT-PERP.BINANCE, client_order_id=O-20240414-232200-001-140723844938120-13, venue_order_id=BINANCE-1-13, account_id=BINANCE-001, trade_id=T-5ac9a9e963a315c0-172929, position_id=P-20240414-232200-001-140723844938120-5, order_side=BUY, order_type=MARKET, last_qty=6.163, last_px=65_800.2 USDT, commission=243.31597956 USDT, liquidity_side=TAKER, ts_event=1713136920000000000)[0m
[1m2024-04-14T23:22:00.000000000Z[0m [INFO] TRADER-001.nautilus_portfolio::portfolio: BTCUSDT-PERP.BINANCE net_position=6.163[0m
[1m2024-04-14T23:22:00.000000000Z[0m [INFO] TRADER-001.nautilus_portfolio::manager: BTCUSDT-PERP.BINANCE margin_maint=1622.10653040 USDT[0m
[1m2024-04-14T23:22:00.000000000Z[0m [INFO] TRADER-001.nautilus_portfolio::portfolio: Updated AccountState(account_id=BINANCE-001, account_type=MARGIN, base_currency=USDT, is_reported=false, balances=[AccountBalance(total=90461.05756900 USDT, locked=1622.10653040 USDT, free=88838.95103860 USDT)], margins=[MarginBalance(initial=0.00000000 USDT, maintenance=1622.10653040 USDT, instrument_id=BTCUSDT-PERP.BINANCE)], event_id=9bf29b9c-e9b2-4d81-9ca2-e83c5ca38686)[0m
[1m2024-04-14T23:22:00.000000000Z[0m [INFO] TRADER-001.nautilus_trading::strategy: DataActor-140723844938120 <--[EVT] PositionOpened(PositionOpened { trader_id: "TRADER-001", strategy_id: "DataActor-140723844938120", instrument_id: "BTCUSDT-PERP.BINANCE", position_id: "P-20240414-232200-001-140723844938120-5", account_id: "BINANCE-001", opening_order_id: "O-20240414-232200-001-140723844938120-13", entry: Buy, side: Long, signed_qty: 6.163, quantity: Quantity(6.163), last_qty: Quantity(6.163), last_px: Price(65800.2), currency: Currency(code='USDT', precision=8, iso4217=0, name='Tether', currency_type=CRYPTO), avg_px_open: 65800.2, event_id: UUID4(a1a5539e-eb47-486f-a01b-1532cf03e6be), ts_event: UnixNanos(1713136920000000000), ts_init: UnixNanos(1713136920000000000) })[0m
[1m2024-04-14T23:22:00.000000000Z[0m [INFO] TRADER-001.nautilus_portfolio::manager: BTCUSDT-PERP.BINANCE margin_init=0.00000000 USDT[0m
[1m2024-04-14T23:22:00.000000000Z[0m [INFO] TRADER-001.nautilus_portfolio::portfolio: Updated AccountState(account_id=BINANCE-001, account_type=MARGIN, base_currency=USDT, is_reported=false, balances=[AccountBalance(total=90461.05756900 USDT, locked=1622.10653040 USDT, free=88838.95103860 USDT)], margins=[MarginBalance(initial=0.00000000 USDT, maintenance=1622.10653040 USDT, instrument_id=BTCUSDT-PERP.BINANCE)], event_id=f184bb29-b813-4ff4-88e7-7f9119f53bcd)[0m
[1m2024-04-14T23:22:00.000000000Z[0m [INFO] TRADER-001.nautilus_trading::strategy: DataActor-140723844938120 <--[EVT] OrderAccepted(instrument_id=BTCUSDT-PERP.BINANCE, client_order_id=O-20240414-232200-001-140723844938120-14, venue_order_id=BINANCE-1-14, account_id=BINANCE-001, ts_event=1713136920000000000)[0m
[1m2024-04-14T23:22:00.000000000Z[0m [INFO] TRADER-001.nautilus_portfolio::manager: BTCUSDT-PERP.BINANCE margin_init=0.00000000 USDT[0m
[1m2024-04-14T23:22:00.000000000Z[0m [INFO] TRADER-001.nautilus_portfolio::portfolio: Updated AccountState(account_id=BINANCE-001, account_type=MARGIN, base_currency=USDT, is_reported=false, balances=[AccountBalance(total=90461.05756900 USDT, locked=1622.10653040 USDT, free=88838.95103860 USDT)], margins=[MarginBalance(initial=0.00000000 USDT, maintenance=1622.10653040 USDT, instrument_id=BTCUSDT-PERP.BINANCE)], event_id=73e3d14e-9b63-4983-89d4-5c5ba9a30c0a)[0m
[1m2024-04-14T23:22:00.000000000Z[0m [INFO] TRADER-001.nautilus_trading::strategy: DataActor-140723844938120 <--[EVT] OrderAccepted(instrument_id=BTCUSDT-PERP.BINANCE, client_order_id=O-20240414-232200-001-140723844938120-15, venue_order_id=BINANCE-1-15, account_id=BINANCE-001, ts_event=1713136920000000000)[0m
[1m2024-04-14T23:22:00.000000000Z[0m [1;33m[WARN] TRADER-001.nautilus_common::cache: Cannot calculate unrealized PnL for P-20240414-232200-001-140723844938120-5, no quotes for BTCUSDT-PERP.BINANCE[0m
[1m2024-04-14T23:22:10.000000000Z[0m [1;33m[WARN] TRADER-001.nautilus_common::cache: Cannot calculate unrealized PnL for P-20240414-232200-001-140723844938120-5, no quotes for BTCUSDT-PERP.BINANCE[0m
[1m2024-04-14T23:22:20.000000000Z[0m [1;33m[WARN] TRADER-001.nautilus_common::cache: Cannot calculate unrealized PnL for P-20240414-232200-001-140723844938120-5, no quotes for BTCUSDT-PERP.BINANCE[0m
[1m2024-04-14T23:22:30.000000000Z[0m [1;33m[WARN] TRADER-001.nautilus_common::cache: Cannot calculate unrealized PnL for P-20240414-232200-001-140723844938120-5, no quotes for BTCUSDT-PERP.BINANCE[0m
[1m2024-04-14T23:22:40.000000000Z[0m [1;33m[WARN] TRADER-001.nautilus_common::cache: Cannot calculate unrealized PnL for P-20240414-232200-001-140723844938120-5, no quotes for BTCUSDT-PERP.BINANCE[0m
[1m2024-04-14T23:22:50.000000000Z[0m [1;33m[WARN] TRADER-001.nautilus_common::cache: Cannot calculate unrealized PnL for P-20240414-232200-001-140723844938120-5, no quotes for BTCUSDT-PERP.BINANCE[0m
[1m2024-04-14T23:22:59.999000000Z[0m [1;33m[WARN] TRADER-001.nautilus_common::cache: Cannot calculate unrealized PnL for P-20240414-232200-001-140723844938120-5, no quotes for BTCUSDT-PERP.BINANCE[0m
[1m2024-04-14T23:23:00.000000000Z[0m [INFO] TRADER-001.nautilus_portfolio::manager: BTCUSDT-PERP.BINANCE margin_init=0.00000000 USDT[0m
[1m2024-04-14T23:23:00.000000000Z[0m [INFO] TRADER-001.nautilus_trading::strategy: DataActor-140723844938120 <--[EVT] OrderFilled(instrument_id=BTCUSDT-PERP.BINANCE, client_order_id=O-20240414-232200-001-140723844938120-14, venue_order_id=BINANCE-1-14, account_id=BINANCE-001, trade_id=T-fa493a7b376bb04d-172949, position_id=P-20240414-232200-001-140723844938120-5, order_side=SELL, order_type=STOP_MARKET, last_qty=6.163, last_px=65_549.2 USDT, commission=242.38783176 USDT, liquidity_side=TAKER, ts_event=1713136980000000000)[0m
[1m2024-04-14T23:23:00.000000000Z[0m [INFO] TRADER-001.nautilus_portfolio::portfolio: BTCUSDT-PERP.BINANCE net_position=0[0m
[1m2024-04-14T23:23:00.000000000Z[0m [INFO] TRADER-001.nautilus_portfolio::manager: BTCUSDT-PERP.BINANCE margin_maint=0.00000000 USDT[0m
[1m2024-04-14T23:23:00.000000000Z[0m [INFO] TRADER-001.nautilus_portfolio::portfolio: Updated AccountState(account_id=BINANCE-001, account_type=MARGIN, base_currency=USDT, is_reported=false, balances=[AccountBalance(total=88671.75673724 USDT, locked=0.00000000 USDT, free=88671.75673724 USDT)], margins=[], event_id=a03d54da-85de-495b-9f75-b4669a12c62d)[0m
[1m2024-04-14T23:23:00.000000000Z[0m [INFO] TRADER-001.nautilus_trading::strategy: DataActor-140723844938120 <--[EVT] PositionClosed(PositionClosed { trader_id: "TRADER-001", strategy_id: "DataActor-140723844938120", instrument_id: "BTCUSDT-PERP.BINANCE", position_id: "P-20240414-232200-001-140723844938120-5", account_id: "BINANCE-001", opening_order_id: "O-20240414-232200-001-140723844938120-13", closing_order_id: Some("O-20240414-232200-001-140723844938120-14"), entry: Buy, side: Flat, signed_qty: 0.0, quantity: Quantity(0.000), peak_quantity: Quantity(6.163), last_qty: Quantity(6.163), last_px: Price(65549.2), currency: Currency(code='USDT', precision=8, iso4217=0, name='Tether', currency_type=CRYPTO), avg_px_open: 65800.2, avg_px_close: Some(65549.2), realized_return: -0.0038145780711912733, realized_pnl: Some(Money(-2032.61681132, USDT)), unrealized_pnl: Money(0.00000000, USDT), duration: 60000000000, event_id: UUID4(95da4eab-b893-45f1-ad58-f2e66ff8e589), ts_opened: UnixNanos(1713136920000000000), ts_closed: Some(UnixNanos(1713136980000000000)), ts_event: UnixNanos(1713136980000000000), ts_init: UnixNanos(1713136980000000000) })[0m
[1m2024-04-14T23:23:00.000000000Z[0m [INFO] TRADER-001.nautilus_portfolio::manager: BTCUSDT-PERP.BINANCE margin_init=0.00000000 USDT[0m
[1m2024-04-14T23:23:00.000000000Z[0m [INFO] TRADER-001.nautilus_portfolio::portfolio: Updated AccountState(account_id=BINANCE-001, account_type=MARGIN, base_currency=USDT, is_reported=false, balances=[AccountBalance(total=88671.75673724 USDT, locked=0.00000000 USDT, free=88671.75673724 USDT)], margins=[], event_id=ca740b71-99fb-4dd0-b645-9e3e774a1f33)[0m
[1m2024-04-14T23:23:00.000000000Z[0m [INFO] TRADER-001.nautilus_trading::strategy: DataActor-140723844938120 <--[EVT] OrderCanceled(instrument_id=BTCUSDT-PERP.BINANCE, client_order_id=O-20240414-232200-001-140723844938120-15, venue_order_id=BINANCE-1-15, account_id=BINANCE-001, ts_event=1713136980000000000)[0m
[1m2024-04-15T04:01:00.000000000Z[0m [INFO] TRADER-001.nautilus_system::kernel: Stopping trader...[0m
[1m2024-04-15T04:01:00.000000000Z[0m [INFO] TRADER-001.nautilus_system::trader: Stopping[0m
[1m2024-04-15T04:01:00.000000000Z[0m [INFO] TRADER-001.DataActor-140723844938120: Stopping[0m
[1m2024-04-15T04:01:00.000000000Z[0m [INFO] TRADER-001.nautilus_trading::strategy: No BTCUSDT-PERP.BINANCE open, emulated, or inflight orders to cancel[0m
[1m2024-04-15T04:01:00.000000000Z[0m [INFO] TRADER-001.DataActor-140723844938120: Stopped[0m
[1m2024-04-15T04:01:00.000000000Z[0m [INFO] TRADER-001.nautilus_system::trader: Stopped[0m
[1m2024-04-15T04:01:00.000000000Z[0m [INFO] TRADER-001.nautilus_risk::engine: Stopped[0m
[1m2024-04-15T04:01:00.000000000Z[0m [INFO] TRADER-001.nautilus_backtest::execution_client: Backtest execution client stopped[0m
[1m2024-04-15T04:01:00.000000000Z[0m [INFO] TRADER-001.nautilus_execution::engine: Stopped[0m
[1m2026-08-08T07:28:18.853571003Z[0m [36m[INFO] TRADER-001.nautilus_backtest::engine: =================================================================[0m
[1m2026-08-08T07:28:18.853575760Z[0m [36m[INFO] TRADER-001.nautilus_backtest::engine:  BACKTEST POST-RUN[0m
[1m2026-08-08T07:28:18.853576131Z[0m [36m[INFO] TRADER-001.nautilus_backtest::engine: =================================================================[0m
[1m2026-08-08T07:28:18.853576301Z[0m [INFO] TRADER-001.nautilus_backtest::engine: Run config ID:  None[0m
[1m2026-08-08T07:28:18.853576842Z[0m [INFO] TRADER-001.nautilus_backtest::engine: Run ID:         c3c8e5df-aba8-458b-8d3b-532149a275a2[0m
[1m2026-08-08T07:28:18.853577633Z[0m [INFO] TRADER-001.nautilus_backtest::engine: Run started:    2026-08-08T07:28:18.410493581Z[0m
[1m2026-08-08T07:28:18.853578074Z[0m [INFO] TRADER-001.nautilus_backtest::engine: Run finished:   2026-08-08T07:28:18.853553727Z[0m
[1m2026-08-08T07:28:18.853579005Z[0m [INFO] TRADER-001.nautilus_backtest::engine: Elapsed time:   0 days 00:00:00.443060[0m
[1m2026-08-08T07:28:18.853579536Z[0m [INFO] TRADER-001.nautilus_backtest::engine: Backtest start: 2024-04-07T23:25:10.000000000Z[0m
[1m2026-08-08T07:28:18.853579746Z[0m [INFO] TRADER-001.nautilus_backtest::engine: Backtest end:   2024-04-15T04:01:00.000000000Z[0m
[1m2026-08-08T07:28:18.853580277Z[0m [INFO] TRADER-001.nautilus_backtest::engine: Backtest range: 7 days 04:35:50.000000[0m
[1m2026-08-08T07:28:18.853580768Z[0m [INFO] TRADER-001.nautilus_backtest::engine: Iterations: 72_514[0m
[1m2026-08-08T07:28:18.853582030Z[0m [INFO] TRADER-001.nautilus_backtest::engine: Total events: 40[0m
[1m2026-08-08T07:28:18.853582511Z[0m [INFO] TRADER-001.nautilus_backtest::engine: Total orders: 15[0m
[1m2026-08-08T07:28:18.853583121Z[0m [INFO] TRADER-001.nautilus_backtest::engine: Total positions: 5[0m
[1m2026-08-08T07:28:18.853614198Z[0m [36m[INFO] TRADER-001.nautilus_backtest::engine: =================================================================[0m
[1m2026-08-08T07:28:18.853619176Z[0m [36m[INFO] TRADER-001.nautilus_backtest::engine:  PORTFOLIO PERFORMANCE[0m
[1m2026-08-08T07:28:18.853619596Z[0m [36m[INFO] TRADER-001.nautilus_backtest::engine: =================================================================[0m
[1m2026-08-08T07:28:18.853620127Z[0m [INFO] TRADER-001.nautilus_backtest::engine:  PnL Statistics (USDT)[0m
[1m2026-08-08T07:28:18.853620718Z[0m [36m[INFO] TRADER-001.nautilus_backtest::engine: -----------------------------------------------------------------[0m
[1m2026-08-08T07:28:18.853664073Z[0m [INFO] TRADER-001.nautilus_backtest::engine: Avg Loser:                      -2265.65[0m
[1m2026-08-08T07:28:18.853669471Z[0m [INFO] TRADER-001.nautilus_backtest::engine: Avg Winner:                     NaN[0m
[1m2026-08-08T07:28:18.853669762Z[0m [INFO] TRADER-001.nautilus_backtest::engine: Expectancy:                     -2265.65[0m
[1m2026-08-08T07:28:18.853669972Z[0m [INFO] TRADER-001.nautilus_backtest::engine: Max Loser:                      -2442.37[0m
[1m2026-08-08T07:28:18.853670192Z[0m [INFO] TRADER-001.nautilus_backtest::engine: Max Winner:                     NaN[0m
[1m2026-08-08T07:28:18.853670362Z[0m [INFO] TRADER-001.nautilus_backtest::engine: Min Loser:                      -2032.62[0m
[1m2026-08-08T07:28:18.853670543Z[0m [INFO] TRADER-001.nautilus_backtest::engine: Min Winner:                     NaN[0m
[1m2026-08-08T07:28:18.853670713Z[0m [INFO] TRADER-001.nautilus_backtest::engine: PnL (total):                    -11328.24[0m
[1m2026-08-08T07:28:18.853670993Z[0m [INFO] TRADER-001.nautilus_backtest::engine: PnL% (total):                   -11.33[0m
[1m2026-08-08T07:28:18.853671204Z[0m [INFO] TRADER-001.nautilus_backtest::engine: Win Rate:                       0.00[0m
[1m2026-08-08T07:28:18.853671815Z[0m [36m[INFO] TRADER-001.nautilus_backtest::engine: -----------------------------------------------------------------[0m
[1m2026-08-08T07:28:18.853672175Z[0m [INFO] TRADER-001.nautilus_backtest::engine:  Returns Statistics[0m
[1m2026-08-08T07:28:18.853672345Z[0m [36m[INFO] TRADER-001.nautilus_backtest::engine: -----------------------------------------------------------------[0m
[1m2026-08-08T07:28:18.853687608Z[0m [INFO] TRADER-001.nautilus_backtest::engine: Average (Return):               -0.00[0m
[1m2026-08-08T07:28:18.853687929Z[0m [INFO] TRADER-001.nautilus_backtest::engine: Average Loss (Return):          -0.00[0m
[1m2026-08-08T07:28:18.853688099Z[0m [INFO] TRADER-001.nautilus_backtest::engine: Average Win (Return):           NaN[0m
[1m2026-08-08T07:28:18.853688259Z[0m [INFO] TRADER-001.nautilus_backtest::engine: Profit Factor:                  0.00[0m
[1m2026-08-08T07:28:18.853688420Z[0m [INFO] TRADER-001.nautilus_backtest::engine: Returns Volatility (252 days):  0.10[0m
[1m2026-08-08T07:28:18.853689481Z[0m [INFO] TRADER-001.nautilus_backtest::engine: Risk Return Ratio:              -0.96[0m
[1m2026-08-08T07:28:18.853689651Z[0m [INFO] TRADER-001.nautilus_backtest::engine: Sharpe Ratio (252 days):        -15.23[0m
[1m2026-08-08T07:28:18.853689822Z[0m [INFO] TRADER-001.nautilus_backtest::engine: Sortino Ratio (252 days):       -11.78[0m
[1m2026-08-08T07:28:18.853690312Z[0m [36m[INFO] TRADER-001.nautilus_backtest::engine: -----------------------------------------------------------------[0m
[1m2026-08-08T07:28:18.853690733Z[0m [INFO] TRADER-001.nautilus_backtest::engine:  General Statistics[0m
[1m2026-08-08T07:28:18.853690913Z[0m [36m[INFO] TRADER-001.nautilus_backtest::engine: -----------------------------------------------------------------[0m
[1m2026-08-08T07:28:18.853693587Z[0m [INFO] TRADER-001.nautilus_backtest::engine: Long Ratio:                     0.6[0m
[1m2026-08-08T07:28:18.853693898Z[0m [36m[INFO] TRADER-001.nautilus_backtest::engine: -----------------------------------------------------------------[0m
[1m2026-08-08T07:28:19.327445168Z[0m [INFO] TRADER-001.nautilus_system::kernel: Disposing[0m
[1m2026-08-08T07:28:19.327466009Z[0m [INFO] TRADER-001.nautilus_system::trader: Disposing[0m
[1m2026-08-08T07:28:19.327469745Z[0m [INFO] TRADER-001.DataActor-140723844938120: Disposing[0m
[1m2026-08-08T07:28:19.327489514Z[0m [INFO] TRADER-001.DataActor-140723844938120: Disposed[0m
[1m2026-08-08T07:28:19.327497787Z[0m [INFO] TRADER-001.nautilus_system::trader: Disposed[0m
[1m2026-08-08T07:28:19.327501052Z[0m [INFO] TRADER-001.nautilus_backtest::execution_client: Backtest execution client stopped[0m
[1m2026-08-08T07:28:19.327503586Z[0m [INFO] TRADER-001.nautilus_execution::engine: Stopped[0m
[1m2026-08-08T07:28:19.327504717Z[0m [INFO] TRADER-001.nautilus_risk::engine: Stopped[0m
[1m2026-08-08T07:28:19.327505849Z[0m [INFO] TRADER-001.nautilus_execution::order_emulator::emulator: Stopped[0m
[1m2026-08-08T07:28:19.327510456Z[0m [INFO] TRADER-001.nautilus_execution::engine: Disposed[0m
[1m2026-08-08T07:28:19.327510756Z[0m [INFO] TRADER-001.nautilus_risk::engine: Disposed[0m
[1m2026-08-08T07:28:19.327512429Z[0m [INFO] TRADER-001.nautilus_execution::order_emulator::emulator: Disposed[0m
[1m2026-08-08T07:28:19.327550756Z[0m [INFO] TRADER-001.nautilus_common::cache: Reset cache[0m
[1m2026-08-08T07:28:19.327567051Z[0m [INFO] TRADER-001.nautilus_system::kernel: Disposed[0m
{"closed_trades": 5, "daily_geometric_growth": -0.017028878552325044, "final_nav_usdt": 88671.75673724, "first_window_gate_passed": false, "signals": 5, "window": "screen-01", "wins": 0}
{
  "ablation_modes": [
    "none"
  ],
  "auction_family_mode": "both",
  "candidate": "candidate-08-flow-response-auction-btc-nautilus-v1",
  "close_reasons": {
    "STRUCTURAL_STOP": 5
  },
  "closed_trades": 5,
  "combined_calendar_days": 7.0,
  "combined_daily_geometric_growth": -0.017028878552324933,
  "diagnostic_family_ablation": false,
  "flow_response_family_mode": "both",
  "goal_daily_geometric_growth": 0.01,
  "goal_met": false,
  "implementation_revision": "CAUSAL_FLOW_RESPONSE_EXTERNAL_AUCTION_V3_EXACT_TEN_SECOND_CADENCE",
  "positive_trade_share": 0.0,
  "promotable": true,
  "realized_pnl_by_symbol": {
    "BTCUSDT": -11328.243262760001
  },
  "scenario_attribution_checks": {
    "all_closed_trades_attributed": true,
    "all_signals_attributed": true,
    "closed_trades_attributed": 5,
    "no_unclassified_closed_trades": true,
    "no_unclassified_signals": true,
    "reported_closed_trades": 5,
    "reported_signals": 5,
    "signals_attributed": 5
  },
  "scenario_attribution_passed": true,
  "scenario_contract": "CAUSAL_AGGRESSIVE_FLOW_PRICE_RESPONSE_AT_COMPLETED_EXTERNAL_LIQUIDITY",
  "scenario_family_results": {
    "FLOW_RESPONSE_ABSORPTION_REVERSAL": {
      "close_reasons": {
        "STRUCTURAL_STOP": 1
      },
      "closed_trades": 1,
      "closed_trades_by_symbol": {
        "BTCUSDT": 1
      },
      "losses": 1,
      "realized_pnl_usdt": -2388.423132,
      "signals": 1,
      "win_rate": 0.0,
      "wins": 0
    },
    "FLOW_RESPONSE_INITIATIVE_CONTINUATION": {
      "close_reasons": {
        "STRUCTURAL_STOP": 4
      },
      "closed_trades": 4,
      "closed_trades_by_symbol": {
        "BTCUSDT": 4
      },
      "losses": 4,
      "realized_pnl_usdt": -8939.820130760001,
      "signals": 4,
      "win_rate": 0.0,
      "wins": 0
    }
  },
  "single_asset_positive_pnl_share": 0.0,
  "single_trade_positive_pnl_share": 0.0,
  "suite": "first",
  "suite_gate_checks": {
    "all_signal_times_processed": true,
    "all_submitted_entries_observed": true,
    "base_contract_includes_both_auction_families": true,
    "base_contract_includes_both_flow_response_families": true,
    "base_contract_not_ablated": true,
    "closed_trades_matched_to_intents": true,
    "complete_auction_scenario_attribution": true,
    "complete_post_run_trade_path_diagnostics": true,
    "cost_after_total_return_positive": false,
    "entry_causality": true,
    "fill_adjusted_risk_budget_respected": true,
    "funding_cost_state_is_causal_and_complete": true,
    "minimum_closed_trades": true,
    "no_execution_failures": true,
    "no_residual_exposure": true,
    "no_unexpected_or_liquidation_closes": true,
    "planned_risk_budget_respected": true,
    "position_exit_causality": true,
    "realized_loss_budget_respected": true
  },
  "suite_gate_passed": false,
  "symbols_with_closed_trades": [
    "BTCUSDT"
  ],
  "ten_second_cadence_contract": "EXACT_CONSECUTIVE_10_SECONDS",
  "trade_path_diagnostic_revision": "POST_RUN_STRUCTURAL_PATH_COMPLETE_HORIZON_V2",
  "trade_path_diagnostic_summary": {
    "actual_holding_first_touch_counts": {
      "STOP": 5
    },
    "allowed_structural_first_touch_values": [
      "TARGET",
      "STOP",
      "AMBIGUOUS_SAME_BUCKET",
      "NONE_WITHIN_HORIZON"
    ],
    "complete_records": 5,
    "diagnostic_revision_counts": {
      "POST_RUN_STRUCTURAL_PATH_COMPLETE_HORIZON_V2": 5
    },
    "expected_diagnostic_revision": "POST_RUN_STRUCTURAL_PATH_COMPLETE_HORIZON_V2",
    "mean_actual_holding_adverse_stop_fraction": 1.0810561280488808,
    "mean_actual_holding_favorable_target_fraction": 0.12775326629012615,
    "records": 5,
    "status_counts": {
      "COMPLETE": 5
    },
    "structural_first_touch_counts": {
      "STOP": 5
    },
    "target_after_actual_close_count": 2,
    "target_after_invalidation_count": 2
  },
  "window_results": [
    {
      "closed_trades": 5,
      "daily_geometric_growth": -0.017028878552325044,
      "final_nav_usdt": 88671.75673724,
      "first_window_gate_passed": false,
      "maximum_realized_equity_drawdown": 0.11328243262760007,
      "name": "screen-01",
      "total_return": -0.11328243262760007,
      "win_rate": 0.0,
      "wins": 0
    }
  ],
  "windows": [
    {
      "end": "2024-04-15T00:00:00Z",
      "name": "screen-01",
      "start": "2024-04-08T00:00:00Z"
    }
  ],
  "wins": 0
}
