[1m2026-08-07T02:30:53.087914879Z[0m [36m[INFO] TRADER-001.BacktestEngine: =================================================================[0m
[1m2026-08-07T02:30:53.087928870Z[0m [36m[INFO] TRADER-001.BacktestEngine:  NAUTILUS TRADER - Automated Algorithmic Trading Platform[0m
[1m2026-08-07T02:30:53.087929321Z[0m [36m[INFO] TRADER-001.BacktestEngine:  by Nautech Systems Pty Ltd.[0m
[1m2026-08-07T02:30:53.087929541Z[0m [36m[INFO] TRADER-001.BacktestEngine:  Copyright (C) 2015-2026. All rights reserved.[0m
[1m2026-08-07T02:30:53.087929731Z[0m [36m[INFO] TRADER-001.BacktestEngine: =================================================================[0m
[1m2026-08-07T02:30:53.087930032Z[0m [INFO] TRADER-001.BacktestEngine: [0m
[1m2026-08-07T02:30:53.087930262Z[0m [INFO] TRADER-001.BacktestEngine: ⠀⠀⠀⠀⠀⠀⠀⠀⠀⠀⠀⠀⠀⣠⣴⣶⡟⠀⠀⠀⠀⠀⠀⠀⠀⠀⠀⠀⠀⠀⠀[0m
[1m2026-08-07T02:30:53.087930412Z[0m [INFO] TRADER-001.BacktestEngine: ⠀⠀⠀⠀⠀⠀⠀⠀⠀⠀⠀⣰⣾⣿⣿⣿⠀⢸⣿⣿⣿⣿⣶⣶⣤⣀⠀⠀⠀⠀⠀[0m
[1m2026-08-07T02:30:53.087930683Z[0m [INFO] TRADER-001.BacktestEngine: ⠀⠀⠀⠀⠀⠀⢀⣴⡇⢀⣾⣿⣿⣿⣿⣿⠀⣾⣿⣿⣿⣿⣿⣿⣿⠿⠓⠀⠀⠀⠀[0m
[1m2026-08-07T02:30:53.087930813Z[0m [INFO] TRADER-001.BacktestEngine: ⠀⠀⠀⠀⠀⣰⣿⣿⡀⢸⣿⣿⣿⣿⣿⣿⠀⣿⣿⣿⣿⣿⣿⠟⠁⣠⣄⠀⠀⠀⠀[0m
[1m2026-08-07T02:30:53.087930963Z[0m [INFO] TRADER-001.BacktestEngine: ⠀⠀⠀⠀⢠⣿⣿⣿⣇⠀⢿⣿⣿⣿⣿⣿⠀⢻⣿⣿⣿⡿⢃⣠⣾⣿⣿⣧⡀⠀⠀[0m
[1m2026-08-07T02:30:53.087931113Z[0m [INFO] TRADER-001.BacktestEngine: ⠀⠀⠀⠠⣾⣿⣿⣿⣿⣿⣧⠈⠋⢀⣴⣧⠀⣿⡏⢠⡀⢸⣿⣿⣿⣿⣿⣿⣿⡇⠀[0m
[1m2026-08-07T02:30:53.087931263Z[0m [INFO] TRADER-001.BacktestEngine: ⠀⠀⠀⣀⠙⢿⣿⣿⣿⣿⣿⠇⢠⣿⣿⣿⡄⠹⠃⠼⠃⠈⠉⠛⠛⠛⠛⠛⠻⠇⠀[0m
[1m2026-08-07T02:30:53.087931434Z[0m [INFO] TRADER-001.BacktestEngine: ⠀⠀⢸⡟⢠⣤⠉⠛⠿⢿⣿⠀⢸⣿⡿⠋⣠⣤⣄⠀⣾⣿⣿⣶⣶⣶⣦⡄⠀⠀⠀[0m
[1m2026-08-07T02:30:53.087932846Z[0m [INFO] TRADER-001.BacktestEngine: ⠀⠀⠸⠀⣾⠏⣸⣷⠂⣠⣤⠀⠘⢁⣴⣾⣿⣿⣿⡆⠘⣿⣿⣿⣿⣿⣿⠀⠀⠀⠀[0m
[1m2026-08-07T02:30:53.087932986Z[0m [INFO] TRADER-001.BacktestEngine: ⠀⠀⠀⠀⠛⠀⣿⡟⠀⢻⣿⡄⠸⣿⣿⣿⣿⣿⣿⣿⡀⠘⣿⣿⣿⣿⠟⠀⠀⠀⠀[0m
[1m2026-08-07T02:30:53.087933246Z[0m [INFO] TRADER-001.BacktestEngine: ⠀⠀⠀⠀⠀⠀⣿⠇⠀⠀⢻⡿⠀⠈⠻⣿⣿⣿⣿⣿⡇⠀⢹⣿⠿⠋⠀⠀⠀⠀⠀[0m
[1m2026-08-07T02:30:53.087933407Z[0m [INFO] TRADER-001.BacktestEngine: ⠀⠀⠀⠀⠀⠀⠋⠀⠀⠀⡘⠁⠀⠀⠀⠀⠀⠀⠀⠀⠀⠀⠈⠁⠀⠀⠀⠀⠀⠀⠀[0m
[1m2026-08-07T02:30:53.087933557Z[0m [INFO] TRADER-001.BacktestEngine: [0m
[1m2026-08-07T02:30:53.087933677Z[0m [36m[INFO] TRADER-001.BacktestEngine: =================================================================[0m
[1m2026-08-07T02:30:53.087933997Z[0m [36m[INFO] TRADER-001.BacktestEngine:  SYSTEM SPECIFICATION[0m
[1m2026-08-07T02:30:53.087934128Z[0m [36m[INFO] TRADER-001.BacktestEngine: =================================================================[0m
[1m2026-08-07T02:30:53.087936251Z[0m [INFO] TRADER-001.BacktestEngine: CPU architecture: AMD EPYC 9V74 80-Core Processor[0m
[1m2026-08-07T02:30:53.087936932Z[0m [INFO] TRADER-001.BacktestEngine: CPU(s): 4 @ 2870 MHz[0m
[1m2026-08-07T02:30:53.087938003Z[0m [INFO] TRADER-001.BacktestEngine: OS: kernel-6.17.0-1020-azure Linux (Debian GNU/Linux 12)[0m
[1m2026-08-07T02:30:53.087999043Z[0m [36m[INFO] TRADER-001.BacktestEngine: =================================================================[0m
[1m2026-08-07T02:30:53.088002759Z[0m [36m[INFO] TRADER-001.BacktestEngine:  MEMORY USAGE[0m
[1m2026-08-07T02:30:53.088002949Z[0m [36m[INFO] TRADER-001.BacktestEngine: =================================================================[0m
[1m2026-08-07T02:30:53.088005763Z[0m [INFO] TRADER-001.BacktestEngine: RAM-Total: 15.61 GiB[0m
[1m2026-08-07T02:30:53.088006444Z[0m [INFO] TRADER-001.BacktestEngine: RAM-Used: 1.38 GiB (8.83%)[0m
[1m2026-08-07T02:30:53.088006905Z[0m [INFO] TRADER-001.BacktestEngine: RAM-Avail: 14.24 GiB (91.17%)[0m
[1m2026-08-07T02:30:53.088007976Z[0m [INFO] TRADER-001.BacktestEngine: Swap-Total: 3.00 GiB[0m
[1m2026-08-07T02:30:53.088008447Z[0m [INFO] TRADER-001.BacktestEngine: Swap-Used: 0.00 GiB (0.00%)[0m
[1m2026-08-07T02:30:53.088009238Z[0m [INFO] TRADER-001.BacktestEngine: Swap-Avail: 3.00 GiB (100.00%)[0m
[1m2026-08-07T02:30:53.088009749Z[0m [36m[INFO] TRADER-001.BacktestEngine: =================================================================[0m
[1m2026-08-07T02:30:53.088009979Z[0m [36m[INFO] TRADER-001.BacktestEngine:  IDENTIFIERS[0m
[1m2026-08-07T02:30:53.088010190Z[0m [36m[INFO] TRADER-001.BacktestEngine: =================================================================[0m
[1m2026-08-07T02:30:53.088010610Z[0m [INFO] TRADER-001.BacktestEngine: trader_id: TRADER-001[0m
[1m2026-08-07T02:30:53.088011992Z[0m [INFO] TRADER-001.BacktestEngine: machine_id: 625fce7eba7f[0m
[1m2026-08-07T02:30:53.088013505Z[0m [INFO] TRADER-001.BacktestEngine: instance_id: 10a2bc9c-68e1-48c5-9340-eb169f52f4c4[0m
[1m2026-08-07T02:30:53.088013845Z[0m [INFO] TRADER-001.BacktestEngine: PID: 265[0m
[1m2026-08-07T02:30:53.088014015Z[0m [36m[INFO] TRADER-001.BacktestEngine: =================================================================[0m
[1m2026-08-07T02:30:53.088014166Z[0m [36m[INFO] TRADER-001.BacktestEngine:  VERSIONING[0m
[1m2026-08-07T02:30:53.088014346Z[0m [36m[INFO] TRADER-001.BacktestEngine: =================================================================[0m
[1m2026-08-07T02:30:53.088025773Z[0m [INFO] TRADER-001.BacktestEngine: nautilus_trader: 1.230.0[0m
[1m2026-08-07T02:30:53.088031531Z[0m [INFO] TRADER-001.BacktestEngine: python: 3.13.5[0m
[1m2026-08-07T02:30:53.088039573Z[0m [INFO] TRADER-001.BacktestEngine: numpy: 2.5.1[0m
[1m2026-08-07T02:30:53.088045352Z[0m [INFO] TRADER-001.BacktestEngine: pandas: 3.0.5[0m
[1m2026-08-07T02:30:53.088050209Z[0m [INFO] TRADER-001.BacktestEngine: msgspec: 0.21.1[0m
[1m2026-08-07T02:30:53.088058821Z[0m [INFO] TRADER-001.BacktestEngine: pyarrow: 25.0.0[0m
[1m2026-08-07T02:30:53.088063028Z[0m [INFO] TRADER-001.BacktestEngine: pytz: 2026.3.post1[0m
[1m2026-08-07T02:30:53.088066753Z[0m [INFO] TRADER-001.BacktestEngine: uvloop: 0.22.1[0m
[1m2026-08-07T02:30:53.088067064Z[0m [36m[INFO] TRADER-001.BacktestEngine: =================================================================[0m
[1m2026-08-07T02:30:53.088068255Z[0m [INFO] TRADER-001.nautilus_system::kernel: Building system kernel[0m
[1m2026-08-07T02:30:53.088588933Z[0m [INFO] TRADER-001.nautilus_backtest::engine: Adding exchange BINANCE to engine[0m
[1m2026-08-07T02:30:53.088633939Z[0m [INFO] TRADER-001.nautilus_backtest::exchange: Added instrument BTCUSDT-PERP.BINANCE and created matching engine[0m
[1m2026-08-07T02:30:53.088704864Z[0m [INFO] TRADER-001.nautilus_backtest::engine: Added instrument BTCUSDT-PERP.BINANCE to exchange BINANCE[0m
[1m2026-08-07T02:30:53.101954093Z[0m [INFO] TRADER-001.nautilus_backtest::engine: Added 62136 data elements to BacktestEngine (62136 total)[0m
[1m2026-08-07T02:30:53.104391677Z[0m [INFO] TRADER-001.nautilus_backtest::engine: Added 10356 data elements to BacktestEngine (72492 total)[0m
[1m2026-08-07T02:30:53.104412547Z[0m [INFO] TRADER-001.nautilus_backtest::engine: Added 22 data elements to BacktestEngine (72514 total)[0m
[1m2026-08-07T02:30:53.104416113Z[0m [INFO] TRADER-001.nautilus_backtest::engine: Data sort requested (iterator merges streams by replay timestamp)[0m
[1m2026-08-07T02:30:53.104478394Z[0m [INFO] TRADER-001.DataActor-140721478229192: Ready[0m
[1m2026-08-07T02:30:53.104583519Z[0m [INFO] TRADER-001.nautilus_backtest::python::engine: Registered Python strategy DataActor-140721478229192[0m
[1m2026-08-07T02:30:53.104642907Z[0m [INFO] TRADER-001.nautilus_portfolio::portfolio: Updated AccountState(account_id=BINANCE-001, account_type=MARGIN, base_currency=USDT, is_reported=true, balances=[AccountBalance(total=100000.00000000 USDT, locked=0.00000000 USDT, free=100000.00000000 USDT)], margins=[], event_id=d5e2d47b-08ca-461b-8da1-a7a98afb9c92)[0m
[1m2024-04-07T23:25:10.000000000Z[0m [INFO] TRADER-001.nautilus_system::kernel: Starting[0m
[1m2024-04-07T23:25:10.000000000Z[0m [INFO] TRADER-001.nautilus_backtest::execution_client: Backtest execution client started[0m
[1m2024-04-07T23:25:10.000000000Z[0m [INFO] TRADER-001.nautilus_execution::engine: Started[0m
[1m2024-04-07T23:25:10.000000000Z[0m [INFO] TRADER-001.nautilus_risk::engine: Started[0m
[1m2024-04-07T23:25:10.000000000Z[0m [INFO] TRADER-001.nautilus_system::kernel: Initializing trader[0m
[1m2024-04-07T23:25:10.000000000Z[0m [INFO] TRADER-001.nautilus_system::kernel: Started[0m
[1m2024-04-07T23:25:10.000000000Z[0m [INFO] TRADER-001.nautilus_system::kernel: Starting trader...[0m
[1m2024-04-07T23:25:10.000000000Z[0m [INFO] TRADER-001.nautilus_execution::order_emulator::emulator: Started[0m
[1m2024-04-07T23:25:10.000000000Z[0m [INFO] TRADER-001.nautilus_system::trader: Starting[0m
[1m2024-04-07T23:25:10.000000000Z[0m [INFO] TRADER-001.DataActor-140721478229192: Starting[0m
[1m2024-04-07T23:25:10.000000000Z[0m [INFO] TRADER-001.nautilus_trading::strategy: Starting DataActor-140721478229192[0m
[1m2024-04-07T23:25:10.000000000Z[0m [INFO] TRADER-001.nautilus_common::actor::data_actor: [CMD]--> Subscribe(Bars(SubscribeBars { bar_type: Standard { instrument_id: "BTCUSDT-PERP.BINANCE", spec: BarSpecification { step: 10, aggregation: Second, price_type: Last }, aggregation_source: External }, client_id: None, venue: Some("BINANCE"), command_id: UUID4(d111324c-d1f5-4af1-895c-0c944f2ada7a), ts_init: UnixNanos(1712532310000000000), correlation_id: None, params: None }))[0m
[1m2024-04-07T23:25:10.000000000Z[0m [INFO] TRADER-001.DataActor-140721478229192: Running[0m
[1m2024-04-07T23:25:10.000000000Z[0m [INFO] TRADER-001.nautilus_system::trader: Running[0m
[1m2024-04-07T23:25:10.000000000Z[0m [INFO] TRADER-001.nautilus_system::kernel: Trader started[0m
[1m2024-04-07T23:25:10.000000000Z[0m [36m[INFO] TRADER-001.nautilus_backtest::engine: =================================================================[0m
[1m2024-04-07T23:25:10.000000000Z[0m [36m[INFO] TRADER-001.nautilus_backtest::engine:  BACKTEST PRE-RUN[0m
[1m2024-04-07T23:25:10.000000000Z[0m [36m[INFO] TRADER-001.nautilus_backtest::engine: =================================================================[0m
[1m2024-04-07T23:25:10.000000000Z[0m [36m[INFO] TRADER-001.nautilus_backtest::engine: =================================================================[0m
[1m2024-04-07T23:25:10.000000000Z[0m [INFO] TRADER-001.nautilus_backtest::engine:  SimulatedVenue BINANCE (MARGIN)[0m
[1m2024-04-07T23:25:10.000000000Z[0m [36m[INFO] TRADER-001.nautilus_backtest::engine: -----------------------------------------------------------------[0m
[1m2024-04-07T23:25:10.000000000Z[0m [INFO] TRADER-001.nautilus_backtest::engine: Balances starting:[0m
[1m2024-04-07T23:25:10.000000000Z[0m [INFO] TRADER-001.nautilus_backtest::engine:   100000.00000000 USDT[0m
[1m2024-04-07T23:25:10.000000000Z[0m [36m[INFO] TRADER-001.nautilus_backtest::engine: -----------------------------------------------------------------[0m
[1m2024-04-07T23:25:10.000000000Z[0m [36m[INFO] TRADER-001.nautilus_backtest::engine: =================================================================[0m
[1m2024-04-07T23:25:10.000000000Z[0m [36m[INFO] TRADER-001.nautilus_backtest::engine:  BACKTEST RUN[0m
[1m2024-04-07T23:25:10.000000000Z[0m [36m[INFO] TRADER-001.nautilus_backtest::engine: =================================================================[0m
[1m2024-04-07T23:25:10.000000000Z[0m [INFO] TRADER-001.nautilus_backtest::engine: Run config ID:  None[0m
[1m2024-04-07T23:25:10.000000000Z[0m [INFO] TRADER-001.nautilus_backtest::engine: Run ID:         e6252139-c977-4c49-8ffc-178e18dd4da7[0m
[1m2024-04-07T23:25:10.000000000Z[0m [INFO] TRADER-001.nautilus_backtest::engine: Backtest start: 2024-04-07T23:25:10.000000000Z[0m
[1m2024-04-07T23:25:10.000000000Z[0m [INFO] TRADER-001.nautilus_backtest::engine: Data elements:  72514[0m
[1m2024-04-07T23:25:10.000000000Z[0m [36m[INFO] TRADER-001.nautilus_backtest::engine: -----------------------------------------------------------------[0m
[1m2024-04-07T23:25:10.000000000Z[0m [94m[INFO] TRADER-001.nautilus_data::client: Subscribed BTCUSDT-PERP.BINANCE-10-SECOND-LAST-EXTERNAL bars[0m
[1m2024-04-10T02:02:40.000000000Z[0m [INFO] TRADER-001.nautilus_trading::strategy: DataActor-140721478229192 <--[EVT] OrderInitialized(instrument_id=BTCUSDT-PERP.BINANCE, client_order_id=O-20240410-020240-001-140721478229192-1, side=BUY, type=MARKET, quantity=8.860, time_in_force=GTC, post_only=false, reduce_only=false, quote_quantity=false, price=None, emulation_trigger=None, trigger_instrument_id=None, contingency_type=OTO, order_list_id=OL-20240410-020240-001-140721478229192-1, linked_order_ids=[O-20240410-020240-001-140721478229192-2, O-20240410-020240-001-140721478229192-3], parent_order_id=None, exec_algorithm_id=None, exec_algorithm_params=None, exec_spawn_id=None, tags=flow-response-btcusdt-000020, BREAKOUT_ACCEPTANCE_CONTINUATION, LONG, TEN_SECOND_MARKET_ENTRY)[0m
[1m2024-04-10T02:02:40.000000000Z[0m [INFO] TRADER-001.nautilus_trading::strategy: DataActor-140721478229192 <--[EVT] OrderInitialized(instrument_id=BTCUSDT-PERP.BINANCE, client_order_id=O-20240410-020240-001-140721478229192-2, side=SELL, type=STOP_MARKET, quantity=8.860, time_in_force=GTC, post_only=false, reduce_only=true, quote_quantity=false, price=None, emulation_trigger=None, trigger_instrument_id=None, contingency_type=OUO, order_list_id=OL-20240410-020240-001-140721478229192-1, linked_order_ids=[O-20240410-020240-001-140721478229192-3], parent_order_id=O-20240410-020240-001-140721478229192-1, exec_algorithm_id=None, exec_algorithm_params=None, exec_spawn_id=None, tags=flow-response-btcusdt-000020, OBSERVED_RETEST_INVALIDATION)[0m
[1m2024-04-10T02:02:40.000000000Z[0m [INFO] TRADER-001.nautilus_trading::strategy: DataActor-140721478229192 <--[EVT] OrderInitialized(instrument_id=BTCUSDT-PERP.BINANCE, client_order_id=O-20240410-020240-001-140721478229192-3, side=SELL, type=LIMIT, quantity=8.860, time_in_force=GTC, post_only=false, reduce_only=true, quote_quantity=false, price=71048.3, emulation_trigger=None, trigger_instrument_id=None, contingency_type=OUO, order_list_id=OL-20240410-020240-001-140721478229192-1, linked_order_ids=[O-20240410-020240-001-140721478229192-2], parent_order_id=O-20240410-020240-001-140721478229192-1, exec_algorithm_id=None, exec_algorithm_params=None, exec_spawn_id=None, tags=flow-response-btcusdt-000020, ACTIVE_COMPLETED_EXTERNAL_TARGET)[0m
[1m2024-04-10T02:02:40.000000000Z[0m [INFO] TRADER-001.nautilus_trading::strategy: DataActor-140721478229192 [CMD]--> SubmitOrderList[0m
[1m2024-04-10T02:02:40.000000000Z[0m [94m[INFO] TRADER-001.nautilus_execution::engine: Submit OrderList(id=OL-20240410-020240-001-140721478229192-1, instrument_id=BTCUSDT-PERP.BINANCE, strategy_id=DataActor-140721478229192, client_order_ids=["O-20240410-020240-001-140721478229192-1", "O-20240410-020240-001-140721478229192-2", "O-20240410-020240-001-140721478229192-3"], ts_init=1712714560000000000)[0m
[1m2024-04-10T02:02:40.000000000Z[0m [INFO] TRADER-001.nautilus_trading::strategy: DataActor-140721478229192 <--[EVT] OrderSubmitted(instrument_id=BTCUSDT-PERP.BINANCE, client_order_id=O-20240410-020240-001-140721478229192-1, account_id=BINANCE-001, ts_event=1712714560000000000)[0m
[1m2024-04-10T02:02:40.000000000Z[0m [INFO] TRADER-001.nautilus_trading::strategy: DataActor-140721478229192 <--[EVT] OrderSubmitted(instrument_id=BTCUSDT-PERP.BINANCE, client_order_id=O-20240410-020240-001-140721478229192-2, account_id=BINANCE-001, ts_event=1712714560000000000)[0m
[1m2024-04-10T02:02:40.000000000Z[0m [INFO] TRADER-001.nautilus_trading::strategy: DataActor-140721478229192 <--[EVT] OrderSubmitted(instrument_id=BTCUSDT-PERP.BINANCE, client_order_id=O-20240410-020240-001-140721478229192-3, account_id=BINANCE-001, ts_event=1712714560000000000)[0m
[1m2024-04-10T02:02:40.000000000Z[0m [INFO] TRADER-001.nautilus_portfolio::manager: BTCUSDT-PERP.BINANCE margin_init=0.00000000 USDT[0m
[1m2024-04-10T02:02:40.000000000Z[0m [INFO] TRADER-001.nautilus_trading::strategy: DataActor-140721478229192 <--[EVT] OrderFilled(instrument_id=BTCUSDT-PERP.BINANCE, client_order_id=O-20240410-020240-001-140721478229192-1, venue_order_id=BINANCE-1-1, account_id=BINANCE-001, trade_id=T-17b6b4d9a69f6a7a-51280, position_id=P-20240410-020240-001-140721478229192-1, order_side=BUY, order_type=MARKET, last_qty=8.860, last_px=69_638.5 USDT, commission=370.19826600 USDT, liquidity_side=TAKER, ts_event=1712714560000000000)[0m
[1m2024-04-10T02:02:40.000000000Z[0m [INFO] TRADER-001.nautilus_portfolio::portfolio: BTCUSDT-PERP.BINANCE net_position=8.86[0m
[1m2024-04-10T02:02:40.000000000Z[0m [INFO] TRADER-001.nautilus_portfolio::manager: BTCUSDT-PERP.BINANCE margin_maint=2467.98844000 USDT[0m
[1m2024-04-10T02:02:40.000000000Z[0m [INFO] TRADER-001.nautilus_portfolio::portfolio: Updated AccountState(account_id=BINANCE-001, account_type=MARGIN, base_currency=USDT, is_reported=false, balances=[AccountBalance(total=99629.80173400 USDT, locked=2467.98844000 USDT, free=97161.81329400 USDT)], margins=[MarginBalance(initial=0.00000000 USDT, maintenance=2467.98844000 USDT, instrument_id=BTCUSDT-PERP.BINANCE)], event_id=f84d186d-5aaa-4436-a6ec-feaf8fea023f)[0m
[1m2024-04-10T02:02:40.000000000Z[0m [INFO] TRADER-001.nautilus_trading::strategy: DataActor-140721478229192 <--[EVT] PositionOpened(PositionOpened { trader_id: "TRADER-001", strategy_id: "DataActor-140721478229192", instrument_id: "BTCUSDT-PERP.BINANCE", position_id: "P-20240410-020240-001-140721478229192-1", account_id: "BINANCE-001", opening_order_id: "O-20240410-020240-001-140721478229192-1", entry: Buy, side: Long, signed_qty: 8.86, quantity: Quantity(8.860), last_qty: Quantity(8.860), last_px: Price(69638.5), currency: Currency(code='USDT', precision=8, iso4217=0, name='Tether', currency_type=CRYPTO), avg_px_open: 69638.5, event_id: UUID4(33a4cb00-f354-4360-aaa6-1f51831ccfb5), ts_event: UnixNanos(1712714560000000000), ts_init: UnixNanos(1712714560000000000) })[0m
[1m2024-04-10T02:02:40.000000000Z[0m [INFO] TRADER-001.nautilus_portfolio::manager: BTCUSDT-PERP.BINANCE margin_init=0.00000000 USDT[0m
[1m2024-04-10T02:02:40.000000000Z[0m [INFO] TRADER-001.nautilus_portfolio::portfolio: Updated AccountState(account_id=BINANCE-001, account_type=MARGIN, base_currency=USDT, is_reported=false, balances=[AccountBalance(total=99629.80173400 USDT, locked=2467.98844000 USDT, free=97161.81329400 USDT)], margins=[MarginBalance(initial=0.00000000 USDT, maintenance=2467.98844000 USDT, instrument_id=BTCUSDT-PERP.BINANCE)], event_id=9802379f-36b6-406f-9bc0-21796e120fe2)[0m
[1m2024-04-10T02:02:40.000000000Z[0m [INFO] TRADER-001.nautilus_trading::strategy: DataActor-140721478229192 <--[EVT] OrderAccepted(instrument_id=BTCUSDT-PERP.BINANCE, client_order_id=O-20240410-020240-001-140721478229192-2, venue_order_id=BINANCE-1-2, account_id=BINANCE-001, ts_event=1712714560000000000)[0m
[1m2024-04-10T02:02:40.000000000Z[0m [INFO] TRADER-001.nautilus_portfolio::manager: BTCUSDT-PERP.BINANCE margin_init=0.00000000 USDT[0m
[1m2024-04-10T02:02:40.000000000Z[0m [INFO] TRADER-001.nautilus_portfolio::portfolio: Updated AccountState(account_id=BINANCE-001, account_type=MARGIN, base_currency=USDT, is_reported=false, balances=[AccountBalance(total=99629.80173400 USDT, locked=2467.98844000 USDT, free=97161.81329400 USDT)], margins=[MarginBalance(initial=0.00000000 USDT, maintenance=2467.98844000 USDT, instrument_id=BTCUSDT-PERP.BINANCE)], event_id=ae538692-c421-4852-9ada-be988fc05fb1)[0m
[1m2024-04-10T02:02:40.000000000Z[0m [INFO] TRADER-001.nautilus_trading::strategy: DataActor-140721478229192 <--[EVT] OrderAccepted(instrument_id=BTCUSDT-PERP.BINANCE, client_order_id=O-20240410-020240-001-140721478229192-3, venue_order_id=BINANCE-1-3, account_id=BINANCE-001, ts_event=1712714560000000000)[0m
[1m2024-04-10T02:02:40.000000000Z[0m [1;33m[WARN] TRADER-001.nautilus_common::cache: Cannot calculate unrealized PnL for P-20240410-020240-001-140721478229192-1, no quotes for BTCUSDT-PERP.BINANCE[0m
[1m2024-04-10T02:02:50.000000000Z[0m [1;33m[WARN] TRADER-001.nautilus_common::cache: Cannot calculate unrealized PnL for P-20240410-020240-001-140721478229192-1, no quotes for BTCUSDT-PERP.BINANCE[0m
[1m2024-04-10T02:02:59.999000000Z[0m [1;33m[WARN] TRADER-001.nautilus_common::cache: Cannot calculate unrealized PnL for P-20240410-020240-001-140721478229192-1, no quotes for BTCUSDT-PERP.BINANCE[0m
[1m2024-04-10T02:03:00.000000000Z[0m [1;33m[WARN] TRADER-001.nautilus_common::cache: Cannot calculate unrealized PnL for P-20240410-020240-001-140721478229192-1, no quotes for BTCUSDT-PERP.BINANCE[0m
[1m2024-04-10T02:03:10.000000000Z[0m [1;33m[WARN] TRADER-001.nautilus_common::cache: Cannot calculate unrealized PnL for P-20240410-020240-001-140721478229192-1, no quotes for BTCUSDT-PERP.BINANCE[0m
[1m2024-04-10T02:03:20.000000000Z[0m [1;33m[WARN] TRADER-001.nautilus_common::cache: Cannot calculate unrealized PnL for P-20240410-020240-001-140721478229192-1, no quotes for BTCUSDT-PERP.BINANCE[0m
[1m2024-04-10T02:03:30.000000000Z[0m [1;33m[WARN] TRADER-001.nautilus_common::cache: Cannot calculate unrealized PnL for P-20240410-020240-001-140721478229192-1, no quotes for BTCUSDT-PERP.BINANCE[0m
[1m2024-04-10T02:03:40.000000000Z[0m [1;33m[WARN] TRADER-001.nautilus_common::cache: Cannot calculate unrealized PnL for P-20240410-020240-001-140721478229192-1, no quotes for BTCUSDT-PERP.BINANCE[0m
[1m2024-04-10T02:03:50.000000000Z[0m [1;33m[WARN] TRADER-001.nautilus_common::cache: Cannot calculate unrealized PnL for P-20240410-020240-001-140721478229192-1, no quotes for BTCUSDT-PERP.BINANCE[0m
[1m2024-04-10T02:03:59.999000000Z[0m [1;33m[WARN] TRADER-001.nautilus_common::cache: Cannot calculate unrealized PnL for P-20240410-020240-001-140721478229192-1, no quotes for BTCUSDT-PERP.BINANCE[0m
[1m2024-04-10T02:04:00.000000000Z[0m [1;33m[WARN] TRADER-001.nautilus_common::cache: Cannot calculate unrealized PnL for P-20240410-020240-001-140721478229192-1, no quotes for BTCUSDT-PERP.BINANCE[0m
[1m2024-04-10T02:04:10.000000000Z[0m [1;33m[WARN] TRADER-001.nautilus_common::cache: Cannot calculate unrealized PnL for P-20240410-020240-001-140721478229192-1, no quotes for BTCUSDT-PERP.BINANCE[0m
[1m2024-04-10T02:04:20.000000000Z[0m [1;33m[WARN] TRADER-001.nautilus_common::cache: Cannot calculate unrealized PnL for P-20240410-020240-001-140721478229192-1, no quotes for BTCUSDT-PERP.BINANCE[0m
[1m2024-04-10T02:04:30.000000000Z[0m [1;33m[WARN] TRADER-001.nautilus_common::cache: Cannot calculate unrealized PnL for P-20240410-020240-001-140721478229192-1, no quotes for BTCUSDT-PERP.BINANCE[0m
[1m2024-04-10T02:04:40.000000000Z[0m [1;33m[WARN] TRADER-001.nautilus_common::cache: Cannot calculate unrealized PnL for P-20240410-020240-001-140721478229192-1, no quotes for BTCUSDT-PERP.BINANCE[0m
[1m2024-04-10T02:04:50.000000000Z[0m [1;33m[WARN] TRADER-001.nautilus_common::cache: Cannot calculate unrealized PnL for P-20240410-020240-001-140721478229192-1, no quotes for BTCUSDT-PERP.BINANCE[0m
[1m2024-04-10T02:04:59.999000000Z[0m [1;33m[WARN] TRADER-001.nautilus_common::cache: Cannot calculate unrealized PnL for P-20240410-020240-001-140721478229192-1, no quotes for BTCUSDT-PERP.BINANCE[0m
[1m2024-04-10T02:05:00.000000000Z[0m [1;33m[WARN] TRADER-001.nautilus_common::cache: Cannot calculate unrealized PnL for P-20240410-020240-001-140721478229192-1, no quotes for BTCUSDT-PERP.BINANCE[0m
[1m2024-04-10T02:05:10.000000000Z[0m [1;33m[WARN] TRADER-001.nautilus_common::cache: Cannot calculate unrealized PnL for P-20240410-020240-001-140721478229192-1, no quotes for BTCUSDT-PERP.BINANCE[0m
[1m2024-04-10T02:05:20.000000000Z[0m [1;33m[WARN] TRADER-001.nautilus_common::cache: Cannot calculate unrealized PnL for P-20240410-020240-001-140721478229192-1, no quotes for BTCUSDT-PERP.BINANCE[0m
[1m2024-04-10T02:05:30.000000000Z[0m [1;33m[WARN] TRADER-001.nautilus_common::cache: Cannot calculate unrealized PnL for P-20240410-020240-001-140721478229192-1, no quotes for BTCUSDT-PERP.BINANCE[0m
[1m2024-04-10T02:05:40.000000000Z[0m [INFO] TRADER-001.nautilus_portfolio::manager: BTCUSDT-PERP.BINANCE margin_init=0.00000000 USDT[0m
[1m2024-04-10T02:05:40.000000000Z[0m [INFO] TRADER-001.nautilus_trading::strategy: DataActor-140721478229192 <--[EVT] OrderFilled(instrument_id=BTCUSDT-PERP.BINANCE, client_order_id=O-20240410-020240-001-140721478229192-2, venue_order_id=BINANCE-1-2, account_id=BINANCE-001, trade_id=T-33e51273e2e77349-51344, position_id=P-20240410-020240-001-140721478229192-1, order_side=SELL, order_type=STOP_MARKET, last_qty=8.860, last_px=69_453.8 USDT, commission=369.21640080 USDT, liquidity_side=TAKER, ts_event=1712714740000000000)[0m
[1m2024-04-10T02:05:40.000000000Z[0m [INFO] TRADER-001.nautilus_portfolio::portfolio: BTCUSDT-PERP.BINANCE net_position=0[0m
[1m2024-04-10T02:05:40.000000000Z[0m [INFO] TRADER-001.nautilus_portfolio::manager: BTCUSDT-PERP.BINANCE margin_maint=0.00000000 USDT[0m
[1m2024-04-10T02:05:40.000000000Z[0m [INFO] TRADER-001.nautilus_portfolio::portfolio: Updated AccountState(account_id=BINANCE-001, account_type=MARGIN, base_currency=USDT, is_reported=false, balances=[AccountBalance(total=97624.14333320 USDT, locked=0.00000000 USDT, free=97624.14333320 USDT)], margins=[], event_id=aca627c4-8591-4128-900e-892d8a38c57c)[0m
[1m2024-04-10T02:05:40.000000000Z[0m [INFO] TRADER-001.nautilus_trading::strategy: DataActor-140721478229192 <--[EVT] PositionClosed(PositionClosed { trader_id: "TRADER-001", strategy_id: "DataActor-140721478229192", instrument_id: "BTCUSDT-PERP.BINANCE", position_id: "P-20240410-020240-001-140721478229192-1", account_id: "BINANCE-001", opening_order_id: "O-20240410-020240-001-140721478229192-1", closing_order_id: Some("O-20240410-020240-001-140721478229192-2"), entry: Buy, side: Flat, signed_qty: 0.0, quantity: Quantity(0.000), peak_quantity: Quantity(8.860), last_qty: Quantity(8.860), last_px: Price(69453.8), currency: Currency(code='USDT', precision=8, iso4217=0, name='Tether', currency_type=CRYPTO), avg_px_open: 69638.5, avg_px_close: Some(69453.79999999999), realized_return: -0.002652268500901249, realized_pnl: Some(Money(-2375.85666680, USDT)), unrealized_pnl: Money(0.00000000, USDT), duration: 180000000000, event_id: UUID4(bc53b834-4e10-41d8-97b4-c7582d12eb7b), ts_opened: UnixNanos(1712714560000000000), ts_closed: Some(UnixNanos(1712714740000000000)), ts_event: UnixNanos(1712714740000000000), ts_init: UnixNanos(1712714740000000000) })[0m
[1m2024-04-10T02:05:40.000000000Z[0m [INFO] TRADER-001.nautilus_portfolio::manager: BTCUSDT-PERP.BINANCE margin_init=0.00000000 USDT[0m
[1m2024-04-10T02:05:40.000000000Z[0m [INFO] TRADER-001.nautilus_portfolio::portfolio: Updated AccountState(account_id=BINANCE-001, account_type=MARGIN, base_currency=USDT, is_reported=false, balances=[AccountBalance(total=97624.14333320 USDT, locked=0.00000000 USDT, free=97624.14333320 USDT)], margins=[], event_id=357e5bb4-522d-43e4-8d11-ce7807e58989)[0m
[1m2024-04-10T02:05:40.000000000Z[0m [INFO] TRADER-001.nautilus_trading::strategy: DataActor-140721478229192 <--[EVT] OrderCanceled(instrument_id=BTCUSDT-PERP.BINANCE, client_order_id=O-20240410-020240-001-140721478229192-3, venue_order_id=BINANCE-1-3, account_id=BINANCE-001, ts_event=1712714740000000000)[0m
[1m2024-04-11T11:40:40.000000000Z[0m [INFO] TRADER-001.nautilus_trading::strategy: DataActor-140721478229192 <--[EVT] OrderInitialized(instrument_id=BTCUSDT-PERP.BINANCE, client_order_id=O-20240411-114040-001-140721478229192-4, side=SELL, type=MARKET, quantity=10.213, time_in_force=GTC, post_only=false, reduce_only=false, quote_quantity=false, price=None, emulation_trigger=None, trigger_instrument_id=None, contingency_type=OTO, order_list_id=OL-20240411-114040-001-140721478229192-2, linked_order_ids=[O-20240411-114040-001-140721478229192-5, O-20240411-114040-001-140721478229192-6], parent_order_id=None, exec_algorithm_id=None, exec_algorithm_params=None, exec_spawn_id=None, tags=flow-response-btcusdt-000033, BREAKOUT_ACCEPTANCE_CONTINUATION, SHORT, TEN_SECOND_MARKET_ENTRY)[0m
[1m2024-04-11T11:40:40.000000000Z[0m [INFO] TRADER-001.nautilus_trading::strategy: DataActor-140721478229192 <--[EVT] OrderInitialized(instrument_id=BTCUSDT-PERP.BINANCE, client_order_id=O-20240411-114040-001-140721478229192-5, side=BUY, type=STOP_MARKET, quantity=10.213, time_in_force=GTC, post_only=false, reduce_only=true, quote_quantity=false, price=None, emulation_trigger=None, trigger_instrument_id=None, contingency_type=OUO, order_list_id=OL-20240411-114040-001-140721478229192-2, linked_order_ids=[O-20240411-114040-001-140721478229192-6], parent_order_id=O-20240411-114040-001-140721478229192-4, exec_algorithm_id=None, exec_algorithm_params=None, exec_spawn_id=None, tags=flow-response-btcusdt-000033, OBSERVED_RETEST_INVALIDATION)[0m
[1m2024-04-11T11:40:40.000000000Z[0m [INFO] TRADER-001.nautilus_trading::strategy: DataActor-140721478229192 <--[EVT] OrderInitialized(instrument_id=BTCUSDT-PERP.BINANCE, client_order_id=O-20240411-114040-001-140721478229192-6, side=BUY, type=LIMIT, quantity=10.213, time_in_force=GTC, post_only=false, reduce_only=true, quote_quantity=false, price=69613.4, emulation_trigger=None, trigger_instrument_id=None, contingency_type=OUO, order_list_id=OL-20240411-114040-001-140721478229192-2, linked_order_ids=[O-20240411-114040-001-140721478229192-5], parent_order_id=O-20240411-114040-001-140721478229192-4, exec_algorithm_id=None, exec_algorithm_params=None, exec_spawn_id=None, tags=flow-response-btcusdt-000033, ACTIVE_COMPLETED_EXTERNAL_TARGET)[0m
[1m2024-04-11T11:40:40.000000000Z[0m [INFO] TRADER-001.nautilus_trading::strategy: DataActor-140721478229192 [CMD]--> SubmitOrderList[0m
[1m2024-04-11T11:40:40.000000000Z[0m [94m[INFO] TRADER-001.nautilus_execution::engine: Submit OrderList(id=OL-20240411-114040-001-140721478229192-2, instrument_id=BTCUSDT-PERP.BINANCE, strategy_id=DataActor-140721478229192, client_order_ids=["O-20240411-114040-001-140721478229192-4", "O-20240411-114040-001-140721478229192-5", "O-20240411-114040-001-140721478229192-6"], ts_init=1712835640000000000)[0m
[1m2024-04-11T11:40:40.000000000Z[0m [INFO] TRADER-001.nautilus_trading::strategy: DataActor-140721478229192 <--[EVT] OrderSubmitted(instrument_id=BTCUSDT-PERP.BINANCE, client_order_id=O-20240411-114040-001-140721478229192-4, account_id=BINANCE-001, ts_event=1712835640000000000)[0m
[1m2024-04-11T11:40:40.000000000Z[0m [INFO] TRADER-001.nautilus_trading::strategy: DataActor-140721478229192 <--[EVT] OrderSubmitted(instrument_id=BTCUSDT-PERP.BINANCE, client_order_id=O-20240411-114040-001-140721478229192-5, account_id=BINANCE-001, ts_event=1712835640000000000)[0m
[1m2024-04-11T11:40:40.000000000Z[0m [INFO] TRADER-001.nautilus_trading::strategy: DataActor-140721478229192 <--[EVT] OrderSubmitted(instrument_id=BTCUSDT-PERP.BINANCE, client_order_id=O-20240411-114040-001-140721478229192-6, account_id=BINANCE-001, ts_event=1712835640000000000)[0m
[1m2024-04-11T11:40:40.000000000Z[0m [INFO] TRADER-001.nautilus_portfolio::manager: BTCUSDT-PERP.BINANCE margin_init=0.00000000 USDT[0m
[1m2024-04-11T11:40:40.000000000Z[0m [INFO] TRADER-001.nautilus_trading::strategy: DataActor-140721478229192 <--[EVT] OrderFilled(instrument_id=BTCUSDT-PERP.BINANCE, client_order_id=O-20240411-114040-001-140721478229192-4, venue_order_id=BINANCE-1-4, account_id=BINANCE-001, trade_id=T-4229ed69cbaecd96-85076, position_id=P-20240411-114040-001-140721478229192-2, order_side=SELL, order_type=MARKET, last_qty=10.213, last_px=70_208.6 USDT, commission=430.22425908 USDT, liquidity_side=TAKER, ts_event=1712835640000000000)[0m
[1m2024-04-11T11:40:40.000000000Z[0m [INFO] TRADER-001.nautilus_portfolio::portfolio: BTCUSDT-PERP.BINANCE net_position=-10.213[0m
[1m2024-04-11T11:40:40.000000000Z[0m [INFO] TRADER-001.nautilus_portfolio::manager: BTCUSDT-PERP.BINANCE margin_maint=2868.16172720 USDT[0m
[1m2024-04-11T11:40:40.000000000Z[0m [INFO] TRADER-001.nautilus_portfolio::portfolio: Updated AccountState(account_id=BINANCE-001, account_type=MARGIN, base_currency=USDT, is_reported=false, balances=[AccountBalance(total=97193.91907412 USDT, locked=2868.16172720 USDT, free=94325.75734692 USDT)], margins=[MarginBalance(initial=0.00000000 USDT, maintenance=2868.16172720 USDT, instrument_id=BTCUSDT-PERP.BINANCE)], event_id=b829171c-ef29-43ef-bf6d-7683c605b073)[0m
[1m2024-04-11T11:40:40.000000000Z[0m [INFO] TRADER-001.nautilus_trading::strategy: DataActor-140721478229192 <--[EVT] PositionOpened(PositionOpened { trader_id: "TRADER-001", strategy_id: "DataActor-140721478229192", instrument_id: "BTCUSDT-PERP.BINANCE", position_id: "P-20240411-114040-001-140721478229192-2", account_id: "BINANCE-001", opening_order_id: "O-20240411-114040-001-140721478229192-4", entry: Sell, side: Short, signed_qty: -10.213, quantity: Quantity(10.213), last_qty: Quantity(10.213), last_px: Price(70208.6), currency: Currency(code='USDT', precision=8, iso4217=0, name='Tether', currency_type=CRYPTO), avg_px_open: 70208.6, event_id: UUID4(38ac233e-d431-4c54-a8a0-aa653326f23f), ts_event: UnixNanos(1712835640000000000), ts_init: UnixNanos(1712835640000000000) })[0m
[1m2024-04-11T11:40:40.000000000Z[0m [INFO] TRADER-001.nautilus_portfolio::manager: BTCUSDT-PERP.BINANCE margin_init=0.00000000 USDT[0m
[1m2024-04-11T11:40:40.000000000Z[0m [INFO] TRADER-001.nautilus_portfolio::portfolio: Updated AccountState(account_id=BINANCE-001, account_type=MARGIN, base_currency=USDT, is_reported=false, balances=[AccountBalance(total=97193.91907412 USDT, locked=2868.16172720 USDT, free=94325.75734692 USDT)], margins=[MarginBalance(initial=0.00000000 USDT, maintenance=2868.16172720 USDT, instrument_id=BTCUSDT-PERP.BINANCE)], event_id=f8706216-87a1-4987-9efa-b3575b67a3fa)[0m
[1m2024-04-11T11:40:40.000000000Z[0m [INFO] TRADER-001.nautilus_trading::strategy: DataActor-140721478229192 <--[EVT] OrderAccepted(instrument_id=BTCUSDT-PERP.BINANCE, client_order_id=O-20240411-114040-001-140721478229192-5, venue_order_id=BINANCE-1-5, account_id=BINANCE-001, ts_event=1712835640000000000)[0m
[1m2024-04-11T11:40:40.000000000Z[0m [INFO] TRADER-001.nautilus_portfolio::manager: BTCUSDT-PERP.BINANCE margin_init=0.00000000 USDT[0m
[1m2024-04-11T11:40:40.000000000Z[0m [INFO] TRADER-001.nautilus_portfolio::portfolio: Updated AccountState(account_id=BINANCE-001, account_type=MARGIN, base_currency=USDT, is_reported=false, balances=[AccountBalance(total=97193.91907412 USDT, locked=2868.16172720 USDT, free=94325.75734692 USDT)], margins=[MarginBalance(initial=0.00000000 USDT, maintenance=2868.16172720 USDT, instrument_id=BTCUSDT-PERP.BINANCE)], event_id=e3c97650-81aa-4509-8f4c-5d13e1469aaf)[0m
[1m2024-04-11T11:40:40.000000000Z[0m [INFO] TRADER-001.nautilus_trading::strategy: DataActor-140721478229192 <--[EVT] OrderAccepted(instrument_id=BTCUSDT-PERP.BINANCE, client_order_id=O-20240411-114040-001-140721478229192-6, venue_order_id=BINANCE-1-6, account_id=BINANCE-001, ts_event=1712835640000000000)[0m
[1m2024-04-11T11:40:40.000000000Z[0m [1;33m[WARN] TRADER-001.nautilus_common::cache: Cannot calculate unrealized PnL for P-20240411-114040-001-140721478229192-2, no quotes for BTCUSDT-PERP.BINANCE[0m
[1m2024-04-11T11:40:50.000000000Z[0m [1;33m[WARN] TRADER-001.nautilus_common::cache: Cannot calculate unrealized PnL for P-20240411-114040-001-140721478229192-2, no quotes for BTCUSDT-PERP.BINANCE[0m
[1m2024-04-11T11:40:59.999000000Z[0m [1;33m[WARN] TRADER-001.nautilus_common::cache: Cannot calculate unrealized PnL for P-20240411-114040-001-140721478229192-2, no quotes for BTCUSDT-PERP.BINANCE[0m
[1m2024-04-11T11:41:00.000000000Z[0m [1;33m[WARN] TRADER-001.nautilus_common::cache: Cannot calculate unrealized PnL for P-20240411-114040-001-140721478229192-2, no quotes for BTCUSDT-PERP.BINANCE[0m
[1m2024-04-11T11:41:10.000000000Z[0m [1;33m[WARN] TRADER-001.nautilus_common::cache: Cannot calculate unrealized PnL for P-20240411-114040-001-140721478229192-2, no quotes for BTCUSDT-PERP.BINANCE[0m
[1m2024-04-11T11:41:20.000000000Z[0m [1;33m[WARN] TRADER-001.nautilus_common::cache: Cannot calculate unrealized PnL for P-20240411-114040-001-140721478229192-2, no quotes for BTCUSDT-PERP.BINANCE[0m
[1m2024-04-11T11:41:30.000000000Z[0m [1;33m[WARN] TRADER-001.nautilus_common::cache: Cannot calculate unrealized PnL for P-20240411-114040-001-140721478229192-2, no quotes for BTCUSDT-PERP.BINANCE[0m
[1m2024-04-11T11:41:40.000000000Z[0m [1;33m[WARN] TRADER-001.nautilus_common::cache: Cannot calculate unrealized PnL for P-20240411-114040-001-140721478229192-2, no quotes for BTCUSDT-PERP.BINANCE[0m
[1m2024-04-11T11:41:50.000000000Z[0m [1;33m[WARN] TRADER-001.nautilus_common::cache: Cannot calculate unrealized PnL for P-20240411-114040-001-140721478229192-2, no quotes for BTCUSDT-PERP.BINANCE[0m
[1m2024-04-11T11:41:59.999000000Z[0m [1;33m[WARN] TRADER-001.nautilus_common::cache: Cannot calculate unrealized PnL for P-20240411-114040-001-140721478229192-2, no quotes for BTCUSDT-PERP.BINANCE[0m
[1m2024-04-11T11:42:00.000000000Z[0m [1;33m[WARN] TRADER-001.nautilus_common::cache: Cannot calculate unrealized PnL for P-20240411-114040-001-140721478229192-2, no quotes for BTCUSDT-PERP.BINANCE[0m
[1m2024-04-11T11:42:10.000000000Z[0m [1;33m[WARN] TRADER-001.nautilus_common::cache: Cannot calculate unrealized PnL for P-20240411-114040-001-140721478229192-2, no quotes for BTCUSDT-PERP.BINANCE[0m
[1m2024-04-11T11:42:20.000000000Z[0m [1;33m[WARN] TRADER-001.nautilus_common::cache: Cannot calculate unrealized PnL for P-20240411-114040-001-140721478229192-2, no quotes for BTCUSDT-PERP.BINANCE[0m
[1m2024-04-11T11:42:30.000000000Z[0m [1;33m[WARN] TRADER-001.nautilus_common::cache: Cannot calculate unrealized PnL for P-20240411-114040-001-140721478229192-2, no quotes for BTCUSDT-PERP.BINANCE[0m
[1m2024-04-11T11:42:40.000000000Z[0m [1;33m[WARN] TRADER-001.nautilus_common::cache: Cannot calculate unrealized PnL for P-20240411-114040-001-140721478229192-2, no quotes for BTCUSDT-PERP.BINANCE[0m
[1m2024-04-11T11:42:50.000000000Z[0m [1;33m[WARN] TRADER-001.nautilus_common::cache: Cannot calculate unrealized PnL for P-20240411-114040-001-140721478229192-2, no quotes for BTCUSDT-PERP.BINANCE[0m
[1m2024-04-11T11:42:59.999000000Z[0m [1;33m[WARN] TRADER-001.nautilus_common::cache: Cannot calculate unrealized PnL for P-20240411-114040-001-140721478229192-2, no quotes for BTCUSDT-PERP.BINANCE[0m
[1m2024-04-11T11:43:00.000000000Z[0m [1;33m[WARN] TRADER-001.nautilus_common::cache: Cannot calculate unrealized PnL for P-20240411-114040-001-140721478229192-2, no quotes for BTCUSDT-PERP.BINANCE[0m
[1m2024-04-11T11:43:10.000000000Z[0m [1;33m[WARN] TRADER-001.nautilus_common::cache: Cannot calculate unrealized PnL for P-20240411-114040-001-140721478229192-2, no quotes for BTCUSDT-PERP.BINANCE[0m
[1m2024-04-11T11:43:20.000000000Z[0m [1;33m[WARN] TRADER-001.nautilus_common::cache: Cannot calculate unrealized PnL for P-20240411-114040-001-140721478229192-2, no quotes for BTCUSDT-PERP.BINANCE[0m
[1m2024-04-11T11:43:30.000000000Z[0m [1;33m[WARN] TRADER-001.nautilus_common::cache: Cannot calculate unrealized PnL for P-20240411-114040-001-140721478229192-2, no quotes for BTCUSDT-PERP.BINANCE[0m
[1m2024-04-11T11:43:40.000000000Z[0m [1;33m[WARN] TRADER-001.nautilus_common::cache: Cannot calculate unrealized PnL for P-20240411-114040-001-140721478229192-2, no quotes for BTCUSDT-PERP.BINANCE[0m
[1m2024-04-11T11:43:50.000000000Z[0m [1;33m[WARN] TRADER-001.nautilus_common::cache: Cannot calculate unrealized PnL for P-20240411-114040-001-140721478229192-2, no quotes for BTCUSDT-PERP.BINANCE[0m
[1m2024-04-11T11:43:59.999000000Z[0m [1;33m[WARN] TRADER-001.nautilus_common::cache: Cannot calculate unrealized PnL for P-20240411-114040-001-140721478229192-2, no quotes for BTCUSDT-PERP.BINANCE[0m
[1m2024-04-11T11:44:00.000000000Z[0m [1;33m[WARN] TRADER-001.nautilus_common::cache: Cannot calculate unrealized PnL for P-20240411-114040-001-140721478229192-2, no quotes for BTCUSDT-PERP.BINANCE[0m
[1m2024-04-11T11:44:10.000000000Z[0m [1;33m[WARN] TRADER-001.nautilus_common::cache: Cannot calculate unrealized PnL for P-20240411-114040-001-140721478229192-2, no quotes for BTCUSDT-PERP.BINANCE[0m
[1m2024-04-11T11:44:20.000000000Z[0m [1;33m[WARN] TRADER-001.nautilus_common::cache: Cannot calculate unrealized PnL for P-20240411-114040-001-140721478229192-2, no quotes for BTCUSDT-PERP.BINANCE[0m
[1m2024-04-11T11:44:30.000000000Z[0m [1;33m[WARN] TRADER-001.nautilus_common::cache: Cannot calculate unrealized PnL for P-20240411-114040-001-140721478229192-2, no quotes for BTCUSDT-PERP.BINANCE[0m
[1m2024-04-11T11:44:40.000000000Z[0m [INFO] TRADER-001.nautilus_portfolio::manager: BTCUSDT-PERP.BINANCE margin_init=0.00000000 USDT[0m
[1m2024-04-11T11:44:40.000000000Z[0m [INFO] TRADER-001.nautilus_trading::strategy: DataActor-140721478229192 <--[EVT] OrderFilled(instrument_id=BTCUSDT-PERP.BINANCE, client_order_id=O-20240411-114040-001-140721478229192-5, venue_order_id=BINANCE-1-5, account_id=BINANCE-001, trade_id=T-85a2011e54dc1d4f-85156, position_id=P-20240411-114040-001-140721478229192-2, order_side=BUY, order_type=STOP_MARKET, last_qty=10.213, last_px=70_363.4 USDT, commission=431.17284252 USDT, liquidity_side=TAKER, ts_event=1712835880000000000)[0m
[1m2024-04-11T11:44:40.000000000Z[0m [INFO] TRADER-001.nautilus_portfolio::portfolio: BTCUSDT-PERP.BINANCE net_position=0[0m
[1m2024-04-11T11:44:40.000000000Z[0m [INFO] TRADER-001.nautilus_portfolio::manager: BTCUSDT-PERP.BINANCE margin_maint=0.00000000 USDT[0m
[1m2024-04-11T11:44:40.000000000Z[0m [INFO] TRADER-001.nautilus_portfolio::portfolio: Updated AccountState(account_id=BINANCE-001, account_type=MARGIN, base_currency=USDT, is_reported=false, balances=[AccountBalance(total=95181.77383160 USDT, locked=0.00000000 USDT, free=95181.77383160 USDT)], margins=[], event_id=82b61377-bd3f-405d-8df0-86e25cd82d5e)[0m
[1m2024-04-11T11:44:40.000000000Z[0m [INFO] TRADER-001.nautilus_trading::strategy: DataActor-140721478229192 <--[EVT] PositionClosed(PositionClosed { trader_id: "TRADER-001", strategy_id: "DataActor-140721478229192", instrument_id: "BTCUSDT-PERP.BINANCE", position_id: "P-20240411-114040-001-140721478229192-2", account_id: "BINANCE-001", opening_order_id: "O-20240411-114040-001-140721478229192-4", closing_order_id: Some("O-20240411-114040-001-140721478229192-5"), entry: Sell, side: Flat, signed_qty: 0.0, quantity: Quantity(0.000), peak_quantity: Quantity(10.213), last_qty: Quantity(10.213), last_px: Price(70363.4), currency: Currency(code='USDT', precision=8, iso4217=0, name='Tether', currency_type=CRYPTO), avg_px_open: 70208.6, avg_px_close: Some(70363.4), realized_return: -0.002204858094307369, realized_pnl: Some(Money(-2442.36950160, USDT)), unrealized_pnl: Money(0.00000000, USDT), duration: 240000000000, event_id: UUID4(bd48248d-da83-4b1a-9598-23b475adfd0d), ts_opened: UnixNanos(1712835640000000000), ts_closed: Some(UnixNanos(1712835880000000000)), ts_event: UnixNanos(1712835880000000000), ts_init: UnixNanos(1712835880000000000) })[0m
[1m2024-04-11T11:44:40.000000000Z[0m [INFO] TRADER-001.nautilus_portfolio::manager: BTCUSDT-PERP.BINANCE margin_init=0.00000000 USDT[0m
[1m2024-04-11T11:44:40.000000000Z[0m [INFO] TRADER-001.nautilus_portfolio::portfolio: Updated AccountState(account_id=BINANCE-001, account_type=MARGIN, base_currency=USDT, is_reported=false, balances=[AccountBalance(total=95181.77383160 USDT, locked=0.00000000 USDT, free=95181.77383160 USDT)], margins=[], event_id=6d431b6a-b3e5-431c-8dee-50e31964a7f5)[0m
[1m2024-04-11T11:44:40.000000000Z[0m [INFO] TRADER-001.nautilus_trading::strategy: DataActor-140721478229192 <--[EVT] OrderCanceled(instrument_id=BTCUSDT-PERP.BINANCE, client_order_id=O-20240411-114040-001-140721478229192-6, venue_order_id=BINANCE-1-6, account_id=BINANCE-001, ts_event=1712835880000000000)[0m
[1m2024-04-12T14:39:40.000000000Z[0m [INFO] TRADER-001.nautilus_trading::strategy: DataActor-140721478229192 <--[EVT] OrderInitialized(instrument_id=BTCUSDT-PERP.BINANCE, client_order_id=O-20240412-143940-001-140721478229192-7, side=SELL, type=MARKET, quantity=7.696, time_in_force=GTC, post_only=false, reduce_only=false, quote_quantity=false, price=None, emulation_trigger=None, trigger_instrument_id=None, contingency_type=OTO, order_list_id=OL-20240412-143940-001-140721478229192-3, linked_order_ids=[O-20240412-143940-001-140721478229192-8, O-20240412-143940-001-140721478229192-9], parent_order_id=None, exec_algorithm_id=None, exec_algorithm_params=None, exec_spawn_id=None, tags=flow-response-btcusdt-000043, BREAKOUT_ACCEPTANCE_CONTINUATION, SHORT, TEN_SECOND_MARKET_ENTRY)[0m
[1m2024-04-12T14:39:40.000000000Z[0m [INFO] TRADER-001.nautilus_trading::strategy: DataActor-140721478229192 <--[EVT] OrderInitialized(instrument_id=BTCUSDT-PERP.BINANCE, client_order_id=O-20240412-143940-001-140721478229192-8, side=BUY, type=STOP_MARKET, quantity=7.696, time_in_force=GTC, post_only=false, reduce_only=true, quote_quantity=false, price=None, emulation_trigger=None, trigger_instrument_id=None, contingency_type=OUO, order_list_id=OL-20240412-143940-001-140721478229192-3, linked_order_ids=[O-20240412-143940-001-140721478229192-9], parent_order_id=O-20240412-143940-001-140721478229192-7, exec_algorithm_id=None, exec_algorithm_params=None, exec_spawn_id=None, tags=flow-response-btcusdt-000043, OBSERVED_RETEST_INVALIDATION)[0m
[1m2024-04-12T14:39:40.000000000Z[0m [INFO] TRADER-001.nautilus_trading::strategy: DataActor-140721478229192 <--[EVT] OrderInitialized(instrument_id=BTCUSDT-PERP.BINANCE, client_order_id=O-20240412-143940-001-140721478229192-9, side=BUY, type=LIMIT, quantity=7.696, time_in_force=GTC, post_only=false, reduce_only=true, quote_quantity=false, price=68585.0, emulation_trigger=None, trigger_instrument_id=None, contingency_type=OUO, order_list_id=OL-20240412-143940-001-140721478229192-3, linked_order_ids=[O-20240412-143940-001-140721478229192-8], parent_order_id=O-20240412-143940-001-140721478229192-7, exec_algorithm_id=None, exec_algorithm_params=None, exec_spawn_id=None, tags=flow-response-btcusdt-000043, ACTIVE_COMPLETED_EXTERNAL_TARGET)[0m
[1m2024-04-12T14:39:40.000000000Z[0m [INFO] TRADER-001.nautilus_trading::strategy: DataActor-140721478229192 [CMD]--> SubmitOrderList[0m
[1m2024-04-12T14:39:40.000000000Z[0m [94m[INFO] TRADER-001.nautilus_execution::engine: Submit OrderList(id=OL-20240412-143940-001-140721478229192-3, instrument_id=BTCUSDT-PERP.BINANCE, strategy_id=DataActor-140721478229192, client_order_ids=["O-20240412-143940-001-140721478229192-7", "O-20240412-143940-001-140721478229192-8", "O-20240412-143940-001-140721478229192-9"], ts_init=1712932780000000000)[0m
[1m2024-04-12T14:39:40.000000000Z[0m [INFO] TRADER-001.nautilus_trading::strategy: DataActor-140721478229192 <--[EVT] OrderSubmitted(instrument_id=BTCUSDT-PERP.BINANCE, client_order_id=O-20240412-143940-001-140721478229192-7, account_id=BINANCE-001, ts_event=1712932780000000000)[0m
[1m2024-04-12T14:39:40.000000000Z[0m [INFO] TRADER-001.nautilus_trading::strategy: DataActor-140721478229192 <--[EVT] OrderSubmitted(instrument_id=BTCUSDT-PERP.BINANCE, client_order_id=O-20240412-143940-001-140721478229192-8, account_id=BINANCE-001, ts_event=1712932780000000000)[0m
[1m2024-04-12T14:39:40.000000000Z[0m [INFO] TRADER-001.nautilus_trading::strategy: DataActor-140721478229192 <--[EVT] OrderSubmitted(instrument_id=BTCUSDT-PERP.BINANCE, client_order_id=O-20240412-143940-001-140721478229192-9, account_id=BINANCE-001, ts_event=1712932780000000000)[0m
[1m2024-04-12T14:39:40.000000000Z[0m [INFO] TRADER-001.nautilus_portfolio::manager: BTCUSDT-PERP.BINANCE margin_init=0.00000000 USDT[0m
[1m2024-04-12T14:39:40.000000000Z[0m [INFO] TRADER-001.nautilus_trading::strategy: DataActor-140721478229192 <--[EVT] OrderFilled(instrument_id=BTCUSDT-PERP.BINANCE, client_order_id=O-20240412-143940-001-140721478229192-7, venue_order_id=BINANCE-1-7, account_id=BINANCE-001, trade_id=T-468ca05c376d23c1-111322, position_id=P-20240412-143940-001-140721478229192-3, order_side=SELL, order_type=MARKET, last_qty=7.696, last_px=69_520.0 USDT, commission=321.01555200 USDT, liquidity_side=TAKER, ts_event=1712932780000000000)[0m
[1m2024-04-12T14:39:40.000000000Z[0m [INFO] TRADER-001.nautilus_portfolio::portfolio: BTCUSDT-PERP.BINANCE net_position=-7.696[0m
[1m2024-04-12T14:39:40.000000000Z[0m [INFO] TRADER-001.nautilus_portfolio::manager: BTCUSDT-PERP.BINANCE margin_maint=2140.10368000 USDT[0m
[1m2024-04-12T14:39:40.000000000Z[0m [INFO] TRADER-001.nautilus_portfolio::portfolio: Updated AccountState(account_id=BINANCE-001, account_type=MARGIN, base_currency=USDT, is_reported=false, balances=[AccountBalance(total=94860.75827960 USDT, locked=2140.10368000 USDT, free=92720.65459960 USDT)], margins=[MarginBalance(initial=0.00000000 USDT, maintenance=2140.10368000 USDT, instrument_id=BTCUSDT-PERP.BINANCE)], event_id=bac441d3-f9d9-467a-9890-da616ce0acff)[0m
[1m2024-04-12T14:39:40.000000000Z[0m [INFO] TRADER-001.nautilus_trading::strategy: DataActor-140721478229192 <--[EVT] PositionOpened(PositionOpened { trader_id: "TRADER-001", strategy_id: "DataActor-140721478229192", instrument_id: "BTCUSDT-PERP.BINANCE", position_id: "P-20240412-143940-001-140721478229192-3", account_id: "BINANCE-001", opening_order_id: "O-20240412-143940-001-140721478229192-7", entry: Sell, side: Short, signed_qty: -7.696, quantity: Quantity(7.696), last_qty: Quantity(7.696), last_px: Price(69520.0), currency: Currency(code='USDT', precision=8, iso4217=0, name='Tether', currency_type=CRYPTO), avg_px_open: 69520.0, event_id: UUID4(7af5e285-84fe-4709-9c2f-2869d2238525), ts_event: UnixNanos(1712932780000000000), ts_init: UnixNanos(1712932780000000000) })[0m
[1m2024-04-12T14:39:40.000000000Z[0m [INFO] TRADER-001.nautilus_portfolio::manager: BTCUSDT-PERP.BINANCE margin_init=0.00000000 USDT[0m
[1m2024-04-12T14:39:40.000000000Z[0m [INFO] TRADER-001.nautilus_portfolio::portfolio: Updated AccountState(account_id=BINANCE-001, account_type=MARGIN, base_currency=USDT, is_reported=false, balances=[AccountBalance(total=94860.75827960 USDT, locked=2140.10368000 USDT, free=92720.65459960 USDT)], margins=[MarginBalance(initial=0.00000000 USDT, maintenance=2140.10368000 USDT, instrument_id=BTCUSDT-PERP.BINANCE)], event_id=bd234b1f-c32c-4b44-b586-6027b53666c7)[0m
[1m2024-04-12T14:39:40.000000000Z[0m [INFO] TRADER-001.nautilus_trading::strategy: DataActor-140721478229192 <--[EVT] OrderAccepted(instrument_id=BTCUSDT-PERP.BINANCE, client_order_id=O-20240412-143940-001-140721478229192-8, venue_order_id=BINANCE-1-8, account_id=BINANCE-001, ts_event=1712932780000000000)[0m
[1m2024-04-12T14:39:40.000000000Z[0m [INFO] TRADER-001.nautilus_portfolio::manager: BTCUSDT-PERP.BINANCE margin_init=0.00000000 USDT[0m
[1m2024-04-12T14:39:40.000000000Z[0m [INFO] TRADER-001.nautilus_portfolio::portfolio: Updated AccountState(account_id=BINANCE-001, account_type=MARGIN, base_currency=USDT, is_reported=false, balances=[AccountBalance(total=94860.75827960 USDT, locked=2140.10368000 USDT, free=92720.65459960 USDT)], margins=[MarginBalance(initial=0.00000000 USDT, maintenance=2140.10368000 USDT, instrument_id=BTCUSDT-PERP.BINANCE)], event_id=2e02b7ce-c389-490d-b6e8-a87cfb0d04c7)[0m
[1m2024-04-12T14:39:40.000000000Z[0m [INFO] TRADER-001.nautilus_trading::strategy: DataActor-140721478229192 <--[EVT] OrderAccepted(instrument_id=BTCUSDT-PERP.BINANCE, client_order_id=O-20240412-143940-001-140721478229192-9, venue_order_id=BINANCE-1-9, account_id=BINANCE-001, ts_event=1712932780000000000)[0m
[1m2024-04-12T14:39:40.000000000Z[0m [1;33m[WARN] TRADER-001.nautilus_common::cache: Cannot calculate unrealized PnL for P-20240412-143940-001-140721478229192-3, no quotes for BTCUSDT-PERP.BINANCE[0m
[1m2024-04-12T14:39:50.000000000Z[0m [1;33m[WARN] TRADER-001.nautilus_common::cache: Cannot calculate unrealized PnL for P-20240412-143940-001-140721478229192-3, no quotes for BTCUSDT-PERP.BINANCE[0m
[1m2024-04-12T14:39:59.999000000Z[0m [1;33m[WARN] TRADER-001.nautilus_common::cache: Cannot calculate unrealized PnL for P-20240412-143940-001-140721478229192-3, no quotes for BTCUSDT-PERP.BINANCE[0m
[1m2024-04-12T14:40:00.000000000Z[0m [1;33m[WARN] TRADER-001.nautilus_common::cache: Cannot calculate unrealized PnL for P-20240412-143940-001-140721478229192-3, no quotes for BTCUSDT-PERP.BINANCE[0m
[1m2024-04-12T14:40:10.000000000Z[0m [1;33m[WARN] TRADER-001.nautilus_common::cache: Cannot calculate unrealized PnL for P-20240412-143940-001-140721478229192-3, no quotes for BTCUSDT-PERP.BINANCE[0m
[1m2024-04-12T14:40:20.000000000Z[0m [1;33m[WARN] TRADER-001.nautilus_common::cache: Cannot calculate unrealized PnL for P-20240412-143940-001-140721478229192-3, no quotes for BTCUSDT-PERP.BINANCE[0m
[1m2024-04-12T14:40:30.000000000Z[0m [1;33m[WARN] TRADER-001.nautilus_common::cache: Cannot calculate unrealized PnL for P-20240412-143940-001-140721478229192-3, no quotes for BTCUSDT-PERP.BINANCE[0m
[1m2024-04-12T14:40:40.000000000Z[0m [1;33m[WARN] TRADER-001.nautilus_common::cache: Cannot calculate unrealized PnL for P-20240412-143940-001-140721478229192-3, no quotes for BTCUSDT-PERP.BINANCE[0m
[1m2024-04-12T14:40:50.000000000Z[0m [1;33m[WARN] TRADER-001.nautilus_common::cache: Cannot calculate unrealized PnL for P-20240412-143940-001-140721478229192-3, no quotes for BTCUSDT-PERP.BINANCE[0m
[1m2024-04-12T14:40:59.999000000Z[0m [1;33m[WARN] TRADER-001.nautilus_common::cache: Cannot calculate unrealized PnL for P-20240412-143940-001-140721478229192-3, no quotes for BTCUSDT-PERP.BINANCE[0m
[1m2024-04-12T14:41:00.000000000Z[0m [1;33m[WARN] TRADER-001.nautilus_common::cache: Cannot calculate unrealized PnL for P-20240412-143940-001-140721478229192-3, no quotes for BTCUSDT-PERP.BINANCE[0m
[1m2024-04-12T14:41:10.000000000Z[0m [1;33m[WARN] TRADER-001.nautilus_common::cache: Cannot calculate unrealized PnL for P-20240412-143940-001-140721478229192-3, no quotes for BTCUSDT-PERP.BINANCE[0m
[1m2024-04-12T14:41:20.000000000Z[0m [1;33m[WARN] TRADER-001.nautilus_common::cache: Cannot calculate unrealized PnL for P-20240412-143940-001-140721478229192-3, no quotes for BTCUSDT-PERP.BINANCE[0m
[1m2024-04-12T14:41:30.000000000Z[0m [1;33m[WARN] TRADER-001.nautilus_common::cache: Cannot calculate unrealized PnL for P-20240412-143940-001-140721478229192-3, no quotes for BTCUSDT-PERP.BINANCE[0m
[1m2024-04-12T14:41:40.000000000Z[0m [1;33m[WARN] TRADER-001.nautilus_common::cache: Cannot calculate unrealized PnL for P-20240412-143940-001-140721478229192-3, no quotes for BTCUSDT-PERP.BINANCE[0m
[1m2024-04-12T14:41:50.000000000Z[0m [1;33m[WARN] TRADER-001.nautilus_common::cache: Cannot calculate unrealized PnL for P-20240412-143940-001-140721478229192-3, no quotes for BTCUSDT-PERP.BINANCE[0m
[1m2024-04-12T14:41:59.999000000Z[0m [1;33m[WARN] TRADER-001.nautilus_common::cache: Cannot calculate unrealized PnL for P-20240412-143940-001-140721478229192-3, no quotes for BTCUSDT-PERP.BINANCE[0m
[1m2024-04-12T14:42:00.000000000Z[0m [1;33m[WARN] TRADER-001.nautilus_common::cache: Cannot calculate unrealized PnL for P-20240412-143940-001-140721478229192-3, no quotes for BTCUSDT-PERP.BINANCE[0m
[1m2024-04-12T14:42:10.000000000Z[0m [1;33m[WARN] TRADER-001.nautilus_common::cache: Cannot calculate unrealized PnL for P-20240412-143940-001-140721478229192-3, no quotes for BTCUSDT-PERP.BINANCE[0m
[1m2024-04-12T14:42:20.000000000Z[0m [1;33m[WARN] TRADER-001.nautilus_common::cache: Cannot calculate unrealized PnL for P-20240412-143940-001-140721478229192-3, no quotes for BTCUSDT-PERP.BINANCE[0m
[1m2024-04-12T14:42:30.000000000Z[0m [1;33m[WARN] TRADER-001.nautilus_common::cache: Cannot calculate unrealized PnL for P-20240412-143940-001-140721478229192-3, no quotes for BTCUSDT-PERP.BINANCE[0m
[1m2024-04-12T14:42:40.000000000Z[0m [1;33m[WARN] TRADER-001.nautilus_common::cache: Cannot calculate unrealized PnL for P-20240412-143940-001-140721478229192-3, no quotes for BTCUSDT-PERP.BINANCE[0m
[1m2024-04-12T14:42:50.000000000Z[0m [1;33m[WARN] TRADER-001.nautilus_common::cache: Cannot calculate unrealized PnL for P-20240412-143940-001-140721478229192-3, no quotes for BTCUSDT-PERP.BINANCE[0m
[1m2024-04-12T14:42:59.999000000Z[0m [1;33m[WARN] TRADER-001.nautilus_common::cache: Cannot calculate unrealized PnL for P-20240412-143940-001-140721478229192-3, no quotes for BTCUSDT-PERP.BINANCE[0m
[1m2024-04-12T14:43:00.000000000Z[0m [1;33m[WARN] TRADER-001.nautilus_common::cache: Cannot calculate unrealized PnL for P-20240412-143940-001-140721478229192-3, no quotes for BTCUSDT-PERP.BINANCE[0m
[1m2024-04-12T14:43:10.000000000Z[0m [1;33m[WARN] TRADER-001.nautilus_common::cache: Cannot calculate unrealized PnL for P-20240412-143940-001-140721478229192-3, no quotes for BTCUSDT-PERP.BINANCE[0m
[1m2024-04-12T14:43:20.000000000Z[0m [1;33m[WARN] TRADER-001.nautilus_common::cache: Cannot calculate unrealized PnL for P-20240412-143940-001-140721478229192-3, no quotes for BTCUSDT-PERP.BINANCE[0m
[1m2024-04-12T14:43:30.000000000Z[0m [1;33m[WARN] TRADER-001.nautilus_common::cache: Cannot calculate unrealized PnL for P-20240412-143940-001-140721478229192-3, no quotes for BTCUSDT-PERP.BINANCE[0m
[1m2024-04-12T14:43:40.000000000Z[0m [1;33m[WARN] TRADER-001.nautilus_common::cache: Cannot calculate unrealized PnL for P-20240412-143940-001-140721478229192-3, no quotes for BTCUSDT-PERP.BINANCE[0m
[1m2024-04-12T14:43:50.000000000Z[0m [1;33m[WARN] TRADER-001.nautilus_common::cache: Cannot calculate unrealized PnL for P-20240412-143940-001-140721478229192-3, no quotes for BTCUSDT-PERP.BINANCE[0m
[1m2024-04-12T14:43:59.999000000Z[0m [1;33m[WARN] TRADER-001.nautilus_common::cache: Cannot calculate unrealized PnL for P-20240412-143940-001-140721478229192-3, no quotes for BTCUSDT-PERP.BINANCE[0m
[1m2024-04-12T14:44:00.000000000Z[0m [1;33m[WARN] TRADER-001.nautilus_common::cache: Cannot calculate unrealized PnL for P-20240412-143940-001-140721478229192-3, no quotes for BTCUSDT-PERP.BINANCE[0m
[1m2024-04-12T14:44:10.000000000Z[0m [1;33m[WARN] TRADER-001.nautilus_common::cache: Cannot calculate unrealized PnL for P-20240412-143940-001-140721478229192-3, no quotes for BTCUSDT-PERP.BINANCE[0m
[1m2024-04-12T14:44:20.000000000Z[0m [1;33m[WARN] TRADER-001.nautilus_common::cache: Cannot calculate unrealized PnL for P-20240412-143940-001-140721478229192-3, no quotes for BTCUSDT-PERP.BINANCE[0m
[1m2024-04-12T14:44:30.000000000Z[0m [1;33m[WARN] TRADER-001.nautilus_common::cache: Cannot calculate unrealized PnL for P-20240412-143940-001-140721478229192-3, no quotes for BTCUSDT-PERP.BINANCE[0m
[1m2024-04-12T14:44:40.000000000Z[0m [1;33m[WARN] TRADER-001.nautilus_common::cache: Cannot calculate unrealized PnL for P-20240412-143940-001-140721478229192-3, no quotes for BTCUSDT-PERP.BINANCE[0m
[1m2024-04-12T14:44:50.000000000Z[0m [1;33m[WARN] TRADER-001.nautilus_common::cache: Cannot calculate unrealized PnL for P-20240412-143940-001-140721478229192-3, no quotes for BTCUSDT-PERP.BINANCE[0m
[1m2024-04-12T14:44:59.999000000Z[0m [1;33m[WARN] TRADER-001.nautilus_common::cache: Cannot calculate unrealized PnL for P-20240412-143940-001-140721478229192-3, no quotes for BTCUSDT-PERP.BINANCE[0m
[1m2024-04-12T14:45:00.000000000Z[0m [1;33m[WARN] TRADER-001.nautilus_common::cache: Cannot calculate unrealized PnL for P-20240412-143940-001-140721478229192-3, no quotes for BTCUSDT-PERP.BINANCE[0m
[1m2024-04-12T14:45:10.000000000Z[0m [1;33m[WARN] TRADER-001.nautilus_common::cache: Cannot calculate unrealized PnL for P-20240412-143940-001-140721478229192-3, no quotes for BTCUSDT-PERP.BINANCE[0m
[1m2024-04-12T14:45:20.000000000Z[0m [1;33m[WARN] TRADER-001.nautilus_common::cache: Cannot calculate unrealized PnL for P-20240412-143940-001-140721478229192-3, no quotes for BTCUSDT-PERP.BINANCE[0m
[1m2024-04-12T14:45:30.000000000Z[0m [1;33m[WARN] TRADER-001.nautilus_common::cache: Cannot calculate unrealized PnL for P-20240412-143940-001-140721478229192-3, no quotes for BTCUSDT-PERP.BINANCE[0m
[1m2024-04-12T14:45:40.000000000Z[0m [1;33m[WARN] TRADER-001.nautilus_common::cache: Cannot calculate unrealized PnL for P-20240412-143940-001-140721478229192-3, no quotes for BTCUSDT-PERP.BINANCE[0m
[1m2024-04-12T14:45:50.000000000Z[0m [1;33m[WARN] TRADER-001.nautilus_common::cache: Cannot calculate unrealized PnL for P-20240412-143940-001-140721478229192-3, no quotes for BTCUSDT-PERP.BINANCE[0m
[1m2024-04-12T14:45:59.999000000Z[0m [1;33m[WARN] TRADER-001.nautilus_common::cache: Cannot calculate unrealized PnL for P-20240412-143940-001-140721478229192-3, no quotes for BTCUSDT-PERP.BINANCE[0m
[1m2024-04-12T14:46:00.000000000Z[0m [1;33m[WARN] TRADER-001.nautilus_common::cache: Cannot calculate unrealized PnL for P-20240412-143940-001-140721478229192-3, no quotes for BTCUSDT-PERP.BINANCE[0m
[1m2024-04-12T14:46:10.000000000Z[0m [1;33m[WARN] TRADER-001.nautilus_common::cache: Cannot calculate unrealized PnL for P-20240412-143940-001-140721478229192-3, no quotes for BTCUSDT-PERP.BINANCE[0m
[1m2024-04-12T14:46:20.000000000Z[0m [1;33m[WARN] TRADER-001.nautilus_common::cache: Cannot calculate unrealized PnL for P-20240412-143940-001-140721478229192-3, no quotes for BTCUSDT-PERP.BINANCE[0m
[1m2024-04-12T14:46:30.000000000Z[0m [1;33m[WARN] TRADER-001.nautilus_common::cache: Cannot calculate unrealized PnL for P-20240412-143940-001-140721478229192-3, no quotes for BTCUSDT-PERP.BINANCE[0m
[1m2024-04-12T14:46:40.000000000Z[0m [1;33m[WARN] TRADER-001.nautilus_common::cache: Cannot calculate unrealized PnL for P-20240412-143940-001-140721478229192-3, no quotes for BTCUSDT-PERP.BINANCE[0m
[1m2024-04-12T14:46:50.000000000Z[0m [1;33m[WARN] TRADER-001.nautilus_common::cache: Cannot calculate unrealized PnL for P-20240412-143940-001-140721478229192-3, no quotes for BTCUSDT-PERP.BINANCE[0m
[1m2024-04-12T14:46:59.999000000Z[0m [1;33m[WARN] TRADER-001.nautilus_common::cache: Cannot calculate unrealized PnL for P-20240412-143940-001-140721478229192-3, no quotes for BTCUSDT-PERP.BINANCE[0m
[1m2024-04-12T14:47:00.000000000Z[0m [1;33m[WARN] TRADER-001.nautilus_common::cache: Cannot calculate unrealized PnL for P-20240412-143940-001-140721478229192-3, no quotes for BTCUSDT-PERP.BINANCE[0m
[1m2024-04-12T14:47:10.000000000Z[0m [1;33m[WARN] TRADER-001.nautilus_common::cache: Cannot calculate unrealized PnL for P-20240412-143940-001-140721478229192-3, no quotes for BTCUSDT-PERP.BINANCE[0m
[1m2024-04-12T14:47:20.000000000Z[0m [1;33m[WARN] TRADER-001.nautilus_common::cache: Cannot calculate unrealized PnL for P-20240412-143940-001-140721478229192-3, no quotes for BTCUSDT-PERP.BINANCE[0m
[1m2024-04-12T14:47:30.000000000Z[0m [1;33m[WARN] TRADER-001.nautilus_common::cache: Cannot calculate unrealized PnL for P-20240412-143940-001-140721478229192-3, no quotes for BTCUSDT-PERP.BINANCE[0m
[1m2024-04-12T14:47:40.000000000Z[0m [1;33m[WARN] TRADER-001.nautilus_common::cache: Cannot calculate unrealized PnL for P-20240412-143940-001-140721478229192-3, no quotes for BTCUSDT-PERP.BINANCE[0m
[1m2024-04-12T14:47:50.000000000Z[0m [1;33m[WARN] TRADER-001.nautilus_common::cache: Cannot calculate unrealized PnL for P-20240412-143940-001-140721478229192-3, no quotes for BTCUSDT-PERP.BINANCE[0m
[1m2024-04-12T14:47:59.999000000Z[0m [1;33m[WARN] TRADER-001.nautilus_common::cache: Cannot calculate unrealized PnL for P-20240412-143940-001-140721478229192-3, no quotes for BTCUSDT-PERP.BINANCE[0m
[1m2024-04-12T14:48:00.000000000Z[0m [1;33m[WARN] TRADER-001.nautilus_common::cache: Cannot calculate unrealized PnL for P-20240412-143940-001-140721478229192-3, no quotes for BTCUSDT-PERP.BINANCE[0m
[1m2024-04-12T14:48:10.000000000Z[0m [1;33m[WARN] TRADER-001.nautilus_common::cache: Cannot calculate unrealized PnL for P-20240412-143940-001-140721478229192-3, no quotes for BTCUSDT-PERP.BINANCE[0m
[1m2024-04-12T14:48:20.000000000Z[0m [1;33m[WARN] TRADER-001.nautilus_common::cache: Cannot calculate unrealized PnL for P-20240412-143940-001-140721478229192-3, no quotes for BTCUSDT-PERP.BINANCE[0m
[1m2024-04-12T14:48:30.000000000Z[0m [1;33m[WARN] TRADER-001.nautilus_common::cache: Cannot calculate unrealized PnL for P-20240412-143940-001-140721478229192-3, no quotes for BTCUSDT-PERP.BINANCE[0m
[1m2024-04-12T14:48:40.000000000Z[0m [1;33m[WARN] TRADER-001.nautilus_common::cache: Cannot calculate unrealized PnL for P-20240412-143940-001-140721478229192-3, no quotes for BTCUSDT-PERP.BINANCE[0m
[1m2024-04-12T14:48:50.000000000Z[0m [1;33m[WARN] TRADER-001.nautilus_common::cache: Cannot calculate unrealized PnL for P-20240412-143940-001-140721478229192-3, no quotes for BTCUSDT-PERP.BINANCE[0m
[1m2024-04-12T14:48:59.999000000Z[0m [1;33m[WARN] TRADER-001.nautilus_common::cache: Cannot calculate unrealized PnL for P-20240412-143940-001-140721478229192-3, no quotes for BTCUSDT-PERP.BINANCE[0m
[1m2024-04-12T14:49:00.000000000Z[0m [1;33m[WARN] TRADER-001.nautilus_common::cache: Cannot calculate unrealized PnL for P-20240412-143940-001-140721478229192-3, no quotes for BTCUSDT-PERP.BINANCE[0m
[1m2024-04-12T14:49:10.000000000Z[0m [1;33m[WARN] TRADER-001.nautilus_common::cache: Cannot calculate unrealized PnL for P-20240412-143940-001-140721478229192-3, no quotes for BTCUSDT-PERP.BINANCE[0m
[1m2024-04-12T14:49:20.000000000Z[0m [1;33m[WARN] TRADER-001.nautilus_common::cache: Cannot calculate unrealized PnL for P-20240412-143940-001-140721478229192-3, no quotes for BTCUSDT-PERP.BINANCE[0m
[1m2024-04-12T14:49:30.000000000Z[0m [1;33m[WARN] TRADER-001.nautilus_common::cache: Cannot calculate unrealized PnL for P-20240412-143940-001-140721478229192-3, no quotes for BTCUSDT-PERP.BINANCE[0m
[1m2024-04-12T14:49:40.000000000Z[0m [1;33m[WARN] TRADER-001.nautilus_common::cache: Cannot calculate unrealized PnL for P-20240412-143940-001-140721478229192-3, no quotes for BTCUSDT-PERP.BINANCE[0m
[1m2024-04-12T14:49:50.000000000Z[0m [1;33m[WARN] TRADER-001.nautilus_common::cache: Cannot calculate unrealized PnL for P-20240412-143940-001-140721478229192-3, no quotes for BTCUSDT-PERP.BINANCE[0m
[1m2024-04-12T14:49:59.999000000Z[0m [1;33m[WARN] TRADER-001.nautilus_common::cache: Cannot calculate unrealized PnL for P-20240412-143940-001-140721478229192-3, no quotes for BTCUSDT-PERP.BINANCE[0m
[1m2024-04-12T14:50:00.000000000Z[0m [1;33m[WARN] TRADER-001.nautilus_common::cache: Cannot calculate unrealized PnL for P-20240412-143940-001-140721478229192-3, no quotes for BTCUSDT-PERP.BINANCE[0m
[1m2024-04-12T14:50:10.000000000Z[0m [1;33m[WARN] TRADER-001.nautilus_common::cache: Cannot calculate unrealized PnL for P-20240412-143940-001-140721478229192-3, no quotes for BTCUSDT-PERP.BINANCE[0m
[1m2024-04-12T14:50:20.000000000Z[0m [1;33m[WARN] TRADER-001.nautilus_common::cache: Cannot calculate unrealized PnL for P-20240412-143940-001-140721478229192-3, no quotes for BTCUSDT-PERP.BINANCE[0m
[1m2024-04-12T14:50:30.000000000Z[0m [1;33m[WARN] TRADER-001.nautilus_common::cache: Cannot calculate unrealized PnL for P-20240412-143940-001-140721478229192-3, no quotes for BTCUSDT-PERP.BINANCE[0m
[1m2024-04-12T14:50:40.000000000Z[0m [1;33m[WARN] TRADER-001.nautilus_common::cache: Cannot calculate unrealized PnL for P-20240412-143940-001-140721478229192-3, no quotes for BTCUSDT-PERP.BINANCE[0m
[1m2024-04-12T14:50:50.000000000Z[0m [1;33m[WARN] TRADER-001.nautilus_common::cache: Cannot calculate unrealized PnL for P-20240412-143940-001-140721478229192-3, no quotes for BTCUSDT-PERP.BINANCE[0m
[1m2024-04-12T14:50:59.999000000Z[0m [1;33m[WARN] TRADER-001.nautilus_common::cache: Cannot calculate unrealized PnL for P-20240412-143940-001-140721478229192-3, no quotes for BTCUSDT-PERP.BINANCE[0m
[1m2024-04-12T14:51:00.000000000Z[0m [1;33m[WARN] TRADER-001.nautilus_common::cache: Cannot calculate unrealized PnL for P-20240412-143940-001-140721478229192-3, no quotes for BTCUSDT-PERP.BINANCE[0m
[1m2024-04-12T14:51:10.000000000Z[0m [1;33m[WARN] TRADER-001.nautilus_common::cache: Cannot calculate unrealized PnL for P-20240412-143940-001-140721478229192-3, no quotes for BTCUSDT-PERP.BINANCE[0m
[1m2024-04-12T14:51:20.000000000Z[0m [1;33m[WARN] TRADER-001.nautilus_common::cache: Cannot calculate unrealized PnL for P-20240412-143940-001-140721478229192-3, no quotes for BTCUSDT-PERP.BINANCE[0m
[1m2024-04-12T14:51:30.000000000Z[0m [1;33m[WARN] TRADER-001.nautilus_common::cache: Cannot calculate unrealized PnL for P-20240412-143940-001-140721478229192-3, no quotes for BTCUSDT-PERP.BINANCE[0m
[1m2024-04-12T14:51:40.000000000Z[0m [1;33m[WARN] TRADER-001.nautilus_common::cache: Cannot calculate unrealized PnL for P-20240412-143940-001-140721478229192-3, no quotes for BTCUSDT-PERP.BINANCE[0m
[1m2024-04-12T14:51:50.000000000Z[0m [1;33m[WARN] TRADER-001.nautilus_common::cache: Cannot calculate unrealized PnL for P-20240412-143940-001-140721478229192-3, no quotes for BTCUSDT-PERP.BINANCE[0m
[1m2024-04-12T14:51:59.999000000Z[0m [1;33m[WARN] TRADER-001.nautilus_common::cache: Cannot calculate unrealized PnL for P-20240412-143940-001-140721478229192-3, no quotes for BTCUSDT-PERP.BINANCE[0m
[1m2024-04-12T14:52:00.000000000Z[0m [1;33m[WARN] TRADER-001.nautilus_common::cache: Cannot calculate unrealized PnL for P-20240412-143940-001-140721478229192-3, no quotes for BTCUSDT-PERP.BINANCE[0m
[1m2024-04-12T14:52:10.000000000Z[0m [1;33m[WARN] TRADER-001.nautilus_common::cache: Cannot calculate unrealized PnL for P-20240412-143940-001-140721478229192-3, no quotes for BTCUSDT-PERP.BINANCE[0m
[1m2024-04-12T14:52:20.000000000Z[0m [1;33m[WARN] TRADER-001.nautilus_common::cache: Cannot calculate unrealized PnL for P-20240412-143940-001-140721478229192-3, no quotes for BTCUSDT-PERP.BINANCE[0m
[1m2024-04-12T14:52:30.000000000Z[0m [1;33m[WARN] TRADER-001.nautilus_common::cache: Cannot calculate unrealized PnL for P-20240412-143940-001-140721478229192-3, no quotes for BTCUSDT-PERP.BINANCE[0m
[1m2024-04-12T14:52:40.000000000Z[0m [1;33m[WARN] TRADER-001.nautilus_common::cache: Cannot calculate unrealized PnL for P-20240412-143940-001-140721478229192-3, no quotes for BTCUSDT-PERP.BINANCE[0m
[1m2024-04-12T14:52:50.000000000Z[0m [1;33m[WARN] TRADER-001.nautilus_common::cache: Cannot calculate unrealized PnL for P-20240412-143940-001-140721478229192-3, no quotes for BTCUSDT-PERP.BINANCE[0m
[1m2024-04-12T14:52:59.999000000Z[0m [1;33m[WARN] TRADER-001.nautilus_common::cache: Cannot calculate unrealized PnL for P-20240412-143940-001-140721478229192-3, no quotes for BTCUSDT-PERP.BINANCE[0m
[1m2024-04-12T14:53:00.000000000Z[0m [1;33m[WARN] TRADER-001.nautilus_common::cache: Cannot calculate unrealized PnL for P-20240412-143940-001-140721478229192-3, no quotes for BTCUSDT-PERP.BINANCE[0m
[1m2024-04-12T14:53:10.000000000Z[0m [1;33m[WARN] TRADER-001.nautilus_common::cache: Cannot calculate unrealized PnL for P-20240412-143940-001-140721478229192-3, no quotes for BTCUSDT-PERP.BINANCE[0m
[1m2024-04-12T14:53:20.000000000Z[0m [1;33m[WARN] TRADER-001.nautilus_common::cache: Cannot calculate unrealized PnL for P-20240412-143940-001-140721478229192-3, no quotes for BTCUSDT-PERP.BINANCE[0m
[1m2024-04-12T14:53:30.000000000Z[0m [1;33m[WARN] TRADER-001.nautilus_common::cache: Cannot calculate unrealized PnL for P-20240412-143940-001-140721478229192-3, no quotes for BTCUSDT-PERP.BINANCE[0m
[1m2024-04-12T14:53:40.000000000Z[0m [1;33m[WARN] TRADER-001.nautilus_common::cache: Cannot calculate unrealized PnL for P-20240412-143940-001-140721478229192-3, no quotes for BTCUSDT-PERP.BINANCE[0m
[1m2024-04-12T14:53:50.000000000Z[0m [1;33m[WARN] TRADER-001.nautilus_common::cache: Cannot calculate unrealized PnL for P-20240412-143940-001-140721478229192-3, no quotes for BTCUSDT-PERP.BINANCE[0m
[1m2024-04-12T14:53:59.999000000Z[0m [1;33m[WARN] TRADER-001.nautilus_common::cache: Cannot calculate unrealized PnL for P-20240412-143940-001-140721478229192-3, no quotes for BTCUSDT-PERP.BINANCE[0m
[1m2024-04-12T14:54:00.000000000Z[0m [1;33m[WARN] TRADER-001.nautilus_common::cache: Cannot calculate unrealized PnL for P-20240412-143940-001-140721478229192-3, no quotes for BTCUSDT-PERP.BINANCE[0m
[1m2024-04-12T14:54:10.000000000Z[0m [1;33m[WARN] TRADER-001.nautilus_common::cache: Cannot calculate unrealized PnL for P-20240412-143940-001-140721478229192-3, no quotes for BTCUSDT-PERP.BINANCE[0m
[1m2024-04-12T14:54:20.000000000Z[0m [1;33m[WARN] TRADER-001.nautilus_common::cache: Cannot calculate unrealized PnL for P-20240412-143940-001-140721478229192-3, no quotes for BTCUSDT-PERP.BINANCE[0m
[1m2024-04-12T14:54:30.000000000Z[0m [1;33m[WARN] TRADER-001.nautilus_common::cache: Cannot calculate unrealized PnL for P-20240412-143940-001-140721478229192-3, no quotes for BTCUSDT-PERP.BINANCE[0m
[1m2024-04-12T14:54:40.000000000Z[0m [1;33m[WARN] TRADER-001.nautilus_common::cache: Cannot calculate unrealized PnL for P-20240412-143940-001-140721478229192-3, no quotes for BTCUSDT-PERP.BINANCE[0m
[1m2024-04-12T14:54:50.000000000Z[0m [1;33m[WARN] TRADER-001.nautilus_common::cache: Cannot calculate unrealized PnL for P-20240412-143940-001-140721478229192-3, no quotes for BTCUSDT-PERP.BINANCE[0m
[1m2024-04-12T14:54:59.999000000Z[0m [1;33m[WARN] TRADER-001.nautilus_common::cache: Cannot calculate unrealized PnL for P-20240412-143940-001-140721478229192-3, no quotes for BTCUSDT-PERP.BINANCE[0m
[1m2024-04-12T14:55:00.000000000Z[0m [1;33m[WARN] TRADER-001.nautilus_common::cache: Cannot calculate unrealized PnL for P-20240412-143940-001-140721478229192-3, no quotes for BTCUSDT-PERP.BINANCE[0m
[1m2024-04-12T14:55:10.000000000Z[0m [1;33m[WARN] TRADER-001.nautilus_common::cache: Cannot calculate unrealized PnL for P-20240412-143940-001-140721478229192-3, no quotes for BTCUSDT-PERP.BINANCE[0m
[1m2024-04-12T14:55:20.000000000Z[0m [1;33m[WARN] TRADER-001.nautilus_common::cache: Cannot calculate unrealized PnL for P-20240412-143940-001-140721478229192-3, no quotes for BTCUSDT-PERP.BINANCE[0m
[1m2024-04-12T14:55:30.000000000Z[0m [1;33m[WARN] TRADER-001.nautilus_common::cache: Cannot calculate unrealized PnL for P-20240412-143940-001-140721478229192-3, no quotes for BTCUSDT-PERP.BINANCE[0m
[1m2024-04-12T14:55:40.000000000Z[0m [1;33m[WARN] TRADER-001.nautilus_common::cache: Cannot calculate unrealized PnL for P-20240412-143940-001-140721478229192-3, no quotes for BTCUSDT-PERP.BINANCE[0m
[1m2024-04-12T14:55:50.000000000Z[0m [1;33m[WARN] TRADER-001.nautilus_common::cache: Cannot calculate unrealized PnL for P-20240412-143940-001-140721478229192-3, no quotes for BTCUSDT-PERP.BINANCE[0m
[1m2024-04-12T14:55:59.999000000Z[0m [1;33m[WARN] TRADER-001.nautilus_common::cache: Cannot calculate unrealized PnL for P-20240412-143940-001-140721478229192-3, no quotes for BTCUSDT-PERP.BINANCE[0m
[1m2024-04-12T14:56:00.000000000Z[0m [1;33m[WARN] TRADER-001.nautilus_common::cache: Cannot calculate unrealized PnL for P-20240412-143940-001-140721478229192-3, no quotes for BTCUSDT-PERP.BINANCE[0m
[1m2024-04-12T14:56:10.000000000Z[0m [1;33m[WARN] TRADER-001.nautilus_common::cache: Cannot calculate unrealized PnL for P-20240412-143940-001-140721478229192-3, no quotes for BTCUSDT-PERP.BINANCE[0m
[1m2024-04-12T14:56:20.000000000Z[0m [1;33m[WARN] TRADER-001.nautilus_common::cache: Cannot calculate unrealized PnL for P-20240412-143940-001-140721478229192-3, no quotes for BTCUSDT-PERP.BINANCE[0m
[1m2024-04-12T14:56:30.000000000Z[0m [1;33m[WARN] TRADER-001.nautilus_common::cache: Cannot calculate unrealized PnL for P-20240412-143940-001-140721478229192-3, no quotes for BTCUSDT-PERP.BINANCE[0m
[1m2024-04-12T14:56:40.000000000Z[0m [1;33m[WARN] TRADER-001.nautilus_common::cache: Cannot calculate unrealized PnL for P-20240412-143940-001-140721478229192-3, no quotes for BTCUSDT-PERP.BINANCE[0m
[1m2024-04-12T14:56:50.000000000Z[0m [1;33m[WARN] TRADER-001.nautilus_common::cache: Cannot calculate unrealized PnL for P-20240412-143940-001-140721478229192-3, no quotes for BTCUSDT-PERP.BINANCE[0m
[1m2024-04-12T14:56:59.999000000Z[0m [1;33m[WARN] TRADER-001.nautilus_common::cache: Cannot calculate unrealized PnL for P-20240412-143940-001-140721478229192-3, no quotes for BTCUSDT-PERP.BINANCE[0m
[1m2024-04-12T14:57:00.000000000Z[0m [1;33m[WARN] TRADER-001.nautilus_common::cache: Cannot calculate unrealized PnL for P-20240412-143940-001-140721478229192-3, no quotes for BTCUSDT-PERP.BINANCE[0m
[1m2024-04-12T14:57:10.000000000Z[0m [1;33m[WARN] TRADER-001.nautilus_common::cache: Cannot calculate unrealized PnL for P-20240412-143940-001-140721478229192-3, no quotes for BTCUSDT-PERP.BINANCE[0m
[1m2024-04-12T14:57:20.000000000Z[0m [1;33m[WARN] TRADER-001.nautilus_common::cache: Cannot calculate unrealized PnL for P-20240412-143940-001-140721478229192-3, no quotes for BTCUSDT-PERP.BINANCE[0m
[1m2024-04-12T14:57:30.000000000Z[0m [1;33m[WARN] TRADER-001.nautilus_common::cache: Cannot calculate unrealized PnL for P-20240412-143940-001-140721478229192-3, no quotes for BTCUSDT-PERP.BINANCE[0m
[1m2024-04-12T14:57:40.000000000Z[0m [1;33m[WARN] TRADER-001.nautilus_common::cache: Cannot calculate unrealized PnL for P-20240412-143940-001-140721478229192-3, no quotes for BTCUSDT-PERP.BINANCE[0m
[1m2024-04-12T14:57:50.000000000Z[0m [1;33m[WARN] TRADER-001.nautilus_common::cache: Cannot calculate unrealized PnL for P-20240412-143940-001-140721478229192-3, no quotes for BTCUSDT-PERP.BINANCE[0m
[1m2024-04-12T14:57:59.999000000Z[0m [1;33m[WARN] TRADER-001.nautilus_common::cache: Cannot calculate unrealized PnL for P-20240412-143940-001-140721478229192-3, no quotes for BTCUSDT-PERP.BINANCE[0m
[1m2024-04-12T14:58:00.000000000Z[0m [1;33m[WARN] TRADER-001.nautilus_common::cache: Cannot calculate unrealized PnL for P-20240412-143940-001-140721478229192-3, no quotes for BTCUSDT-PERP.BINANCE[0m
[1m2024-04-12T14:58:10.000000000Z[0m [1;33m[WARN] TRADER-001.nautilus_common::cache: Cannot calculate unrealized PnL for P-20240412-143940-001-140721478229192-3, no quotes for BTCUSDT-PERP.BINANCE[0m
[1m2024-04-12T14:58:20.000000000Z[0m [1;33m[WARN] TRADER-001.nautilus_common::cache: Cannot calculate unrealized PnL for P-20240412-143940-001-140721478229192-3, no quotes for BTCUSDT-PERP.BINANCE[0m
[1m2024-04-12T14:58:30.000000000Z[0m [1;33m[WARN] TRADER-001.nautilus_common::cache: Cannot calculate unrealized PnL for P-20240412-143940-001-140721478229192-3, no quotes for BTCUSDT-PERP.BINANCE[0m
[1m2024-04-12T14:58:40.000000000Z[0m [1;33m[WARN] TRADER-001.nautilus_common::cache: Cannot calculate unrealized PnL for P-20240412-143940-001-140721478229192-3, no quotes for BTCUSDT-PERP.BINANCE[0m
[1m2024-04-12T14:58:50.000000000Z[0m [1;33m[WARN] TRADER-001.nautilus_common::cache: Cannot calculate unrealized PnL for P-20240412-143940-001-140721478229192-3, no quotes for BTCUSDT-PERP.BINANCE[0m
[1m2024-04-12T14:58:59.999000000Z[0m [1;33m[WARN] TRADER-001.nautilus_common::cache: Cannot calculate unrealized PnL for P-20240412-143940-001-140721478229192-3, no quotes for BTCUSDT-PERP.BINANCE[0m
[1m2024-04-12T14:59:00.000000000Z[0m [1;33m[WARN] TRADER-001.nautilus_common::cache: Cannot calculate unrealized PnL for P-20240412-143940-001-140721478229192-3, no quotes for BTCUSDT-PERP.BINANCE[0m
[1m2024-04-12T14:59:10.000000000Z[0m [1;33m[WARN] TRADER-001.nautilus_common::cache: Cannot calculate unrealized PnL for P-20240412-143940-001-140721478229192-3, no quotes for BTCUSDT-PERP.BINANCE[0m
[1m2024-04-12T14:59:20.000000000Z[0m [1;33m[WARN] TRADER-001.nautilus_common::cache: Cannot calculate unrealized PnL for P-20240412-143940-001-140721478229192-3, no quotes for BTCUSDT-PERP.BINANCE[0m
[1m2024-04-12T14:59:30.000000000Z[0m [1;33m[WARN] TRADER-001.nautilus_common::cache: Cannot calculate unrealized PnL for P-20240412-143940-001-140721478229192-3, no quotes for BTCUSDT-PERP.BINANCE[0m
[1m2024-04-12T14:59:40.000000000Z[0m [1;33m[WARN] TRADER-001.nautilus_common::cache: Cannot calculate unrealized PnL for P-20240412-143940-001-140721478229192-3, no quotes for BTCUSDT-PERP.BINANCE[0m
[1m2024-04-12T14:59:50.000000000Z[0m [1;33m[WARN] TRADER-001.nautilus_common::cache: Cannot calculate unrealized PnL for P-20240412-143940-001-140721478229192-3, no quotes for BTCUSDT-PERP.BINANCE[0m
[1m2024-04-12T14:59:59.999000000Z[0m [1;33m[WARN] TRADER-001.nautilus_common::cache: Cannot calculate unrealized PnL for P-20240412-143940-001-140721478229192-3, no quotes for BTCUSDT-PERP.BINANCE[0m
[1m2024-04-12T15:00:00.000000000Z[0m [1;33m[WARN] TRADER-001.nautilus_common::cache: Cannot calculate unrealized PnL for P-20240412-143940-001-140721478229192-3, no quotes for BTCUSDT-PERP.BINANCE[0m
[1m2024-04-12T15:00:10.000000000Z[0m [1;33m[WARN] TRADER-001.nautilus_common::cache: Cannot calculate unrealized PnL for P-20240412-143940-001-140721478229192-3, no quotes for BTCUSDT-PERP.BINANCE[0m
[1m2024-04-12T15:00:20.000000000Z[0m [1;33m[WARN] TRADER-001.nautilus_common::cache: Cannot calculate unrealized PnL for P-20240412-143940-001-140721478229192-3, no quotes for BTCUSDT-PERP.BINANCE[0m
[1m2024-04-12T15:00:30.000000000Z[0m [1;33m[WARN] TRADER-001.nautilus_common::cache: Cannot calculate unrealized PnL for P-20240412-143940-001-140721478229192-3, no quotes for BTCUSDT-PERP.BINANCE[0m
[1m2024-04-12T15:00:40.000000000Z[0m [1;33m[WARN] TRADER-001.nautilus_common::cache: Cannot calculate unrealized PnL for P-20240412-143940-001-140721478229192-3, no quotes for BTCUSDT-PERP.BINANCE[0m
[1m2024-04-12T15:00:50.000000000Z[0m [1;33m[WARN] TRADER-001.nautilus_common::cache: Cannot calculate unrealized PnL for P-20240412-143940-001-140721478229192-3, no quotes for BTCUSDT-PERP.BINANCE[0m
[1m2024-04-12T15:00:59.999000000Z[0m [1;33m[WARN] TRADER-001.nautilus_common::cache: Cannot calculate unrealized PnL for P-20240412-143940-001-140721478229192-3, no quotes for BTCUSDT-PERP.BINANCE[0m
[1m2024-04-12T15:01:00.000000000Z[0m [1;33m[WARN] TRADER-001.nautilus_common::cache: Cannot calculate unrealized PnL for P-20240412-143940-001-140721478229192-3, no quotes for BTCUSDT-PERP.BINANCE[0m
[1m2024-04-12T15:01:10.000000000Z[0m [1;33m[WARN] TRADER-001.nautilus_common::cache: Cannot calculate unrealized PnL for P-20240412-143940-001-140721478229192-3, no quotes for BTCUSDT-PERP.BINANCE[0m
[1m2024-04-12T15:01:20.000000000Z[0m [1;33m[WARN] TRADER-001.nautilus_common::cache: Cannot calculate unrealized PnL for P-20240412-143940-001-140721478229192-3, no quotes for BTCUSDT-PERP.BINANCE[0m
[1m2024-04-12T15:01:30.000000000Z[0m [1;33m[WARN] TRADER-001.nautilus_common::cache: Cannot calculate unrealized PnL for P-20240412-143940-001-140721478229192-3, no quotes for BTCUSDT-PERP.BINANCE[0m
[1m2024-04-12T15:01:40.000000000Z[0m [1;33m[WARN] TRADER-001.nautilus_common::cache: Cannot calculate unrealized PnL for P-20240412-143940-001-140721478229192-3, no quotes for BTCUSDT-PERP.BINANCE[0m
[1m2024-04-12T15:01:50.000000000Z[0m [1;33m[WARN] TRADER-001.nautilus_common::cache: Cannot calculate unrealized PnL for P-20240412-143940-001-140721478229192-3, no quotes for BTCUSDT-PERP.BINANCE[0m
[1m2024-04-12T15:01:59.999000000Z[0m [1;33m[WARN] TRADER-001.nautilus_common::cache: Cannot calculate unrealized PnL for P-20240412-143940-001-140721478229192-3, no quotes for BTCUSDT-PERP.BINANCE[0m
[1m2024-04-12T15:02:00.000000000Z[0m [1;33m[WARN] TRADER-001.nautilus_common::cache: Cannot calculate unrealized PnL for P-20240412-143940-001-140721478229192-3, no quotes for BTCUSDT-PERP.BINANCE[0m
[1m2024-04-12T15:02:10.000000000Z[0m [1;33m[WARN] TRADER-001.nautilus_common::cache: Cannot calculate unrealized PnL for P-20240412-143940-001-140721478229192-3, no quotes for BTCUSDT-PERP.BINANCE[0m
[1m2024-04-12T15:02:20.000000000Z[0m [1;33m[WARN] TRADER-001.nautilus_common::cache: Cannot calculate unrealized PnL for P-20240412-143940-001-140721478229192-3, no quotes for BTCUSDT-PERP.BINANCE[0m
[1m2024-04-12T15:02:30.000000000Z[0m [1;33m[WARN] TRADER-001.nautilus_common::cache: Cannot calculate unrealized PnL for P-20240412-143940-001-140721478229192-3, no quotes for BTCUSDT-PERP.BINANCE[0m
[1m2024-04-12T15:02:40.000000000Z[0m [1;33m[WARN] TRADER-001.nautilus_common::cache: Cannot calculate unrealized PnL for P-20240412-143940-001-140721478229192-3, no quotes for BTCUSDT-PERP.BINANCE[0m
[1m2024-04-12T15:02:50.000000000Z[0m [1;33m[WARN] TRADER-001.nautilus_common::cache: Cannot calculate unrealized PnL for P-20240412-143940-001-140721478229192-3, no quotes for BTCUSDT-PERP.BINANCE[0m
[1m2024-04-12T15:02:59.999000000Z[0m [1;33m[WARN] TRADER-001.nautilus_common::cache: Cannot calculate unrealized PnL for P-20240412-143940-001-140721478229192-3, no quotes for BTCUSDT-PERP.BINANCE[0m
[1m2024-04-12T15:03:00.000000000Z[0m [1;33m[WARN] TRADER-001.nautilus_common::cache: Cannot calculate unrealized PnL for P-20240412-143940-001-140721478229192-3, no quotes for BTCUSDT-PERP.BINANCE[0m
[1m2024-04-12T15:03:10.000000000Z[0m [1;33m[WARN] TRADER-001.nautilus_common::cache: Cannot calculate unrealized PnL for P-20240412-143940-001-140721478229192-3, no quotes for BTCUSDT-PERP.BINANCE[0m
[1m2024-04-12T15:03:20.000000000Z[0m [1;33m[WARN] TRADER-001.nautilus_common::cache: Cannot calculate unrealized PnL for P-20240412-143940-001-140721478229192-3, no quotes for BTCUSDT-PERP.BINANCE[0m
[1m2024-04-12T15:03:30.000000000Z[0m [1;33m[WARN] TRADER-001.nautilus_common::cache: Cannot calculate unrealized PnL for P-20240412-143940-001-140721478229192-3, no quotes for BTCUSDT-PERP.BINANCE[0m
[1m2024-04-12T15:03:40.000000000Z[0m [1;33m[WARN] TRADER-001.nautilus_common::cache: Cannot calculate unrealized PnL for P-20240412-143940-001-140721478229192-3, no quotes for BTCUSDT-PERP.BINANCE[0m
[1m2024-04-12T15:03:50.000000000Z[0m [1;33m[WARN] TRADER-001.nautilus_common::cache: Cannot calculate unrealized PnL for P-20240412-143940-001-140721478229192-3, no quotes for BTCUSDT-PERP.BINANCE[0m
[1m2024-04-12T15:03:59.999000000Z[0m [1;33m[WARN] TRADER-001.nautilus_common::cache: Cannot calculate unrealized PnL for P-20240412-143940-001-140721478229192-3, no quotes for BTCUSDT-PERP.BINANCE[0m
[1m2024-04-12T15:04:00.000000000Z[0m [1;33m[WARN] TRADER-001.nautilus_common::cache: Cannot calculate unrealized PnL for P-20240412-143940-001-140721478229192-3, no quotes for BTCUSDT-PERP.BINANCE[0m
[1m2024-04-12T15:04:10.000000000Z[0m [1;33m[WARN] TRADER-001.nautilus_common::cache: Cannot calculate unrealized PnL for P-20240412-143940-001-140721478229192-3, no quotes for BTCUSDT-PERP.BINANCE[0m
[1m2024-04-12T15:04:20.000000000Z[0m [1;33m[WARN] TRADER-001.nautilus_common::cache: Cannot calculate unrealized PnL for P-20240412-143940-001-140721478229192-3, no quotes for BTCUSDT-PERP.BINANCE[0m
[1m2024-04-12T15:04:30.000000000Z[0m [1;33m[WARN] TRADER-001.nautilus_common::cache: Cannot calculate unrealized PnL for P-20240412-143940-001-140721478229192-3, no quotes for BTCUSDT-PERP.BINANCE[0m
[1m2024-04-12T15:04:40.000000000Z[0m [1;33m[WARN] TRADER-001.nautilus_common::cache: Cannot calculate unrealized PnL for P-20240412-143940-001-140721478229192-3, no quotes for BTCUSDT-PERP.BINANCE[0m
[1m2024-04-12T15:04:50.000000000Z[0m [1;33m[WARN] TRADER-001.nautilus_common::cache: Cannot calculate unrealized PnL for P-20240412-143940-001-140721478229192-3, no quotes for BTCUSDT-PERP.BINANCE[0m
[1m2024-04-12T15:04:59.999000000Z[0m [1;33m[WARN] TRADER-001.nautilus_common::cache: Cannot calculate unrealized PnL for P-20240412-143940-001-140721478229192-3, no quotes for BTCUSDT-PERP.BINANCE[0m
[1m2024-04-12T15:05:00.000000000Z[0m [1;33m[WARN] TRADER-001.nautilus_common::cache: Cannot calculate unrealized PnL for P-20240412-143940-001-140721478229192-3, no quotes for BTCUSDT-PERP.BINANCE[0m
[1m2024-04-12T15:05:10.000000000Z[0m [1;33m[WARN] TRADER-001.nautilus_common::cache: Cannot calculate unrealized PnL for P-20240412-143940-001-140721478229192-3, no quotes for BTCUSDT-PERP.BINANCE[0m
[1m2024-04-12T15:05:20.000000000Z[0m [1;33m[WARN] TRADER-001.nautilus_common::cache: Cannot calculate unrealized PnL for P-20240412-143940-001-140721478229192-3, no quotes for BTCUSDT-PERP.BINANCE[0m
[1m2024-04-12T15:05:30.000000000Z[0m [1;33m[WARN] TRADER-001.nautilus_common::cache: Cannot calculate unrealized PnL for P-20240412-143940-001-140721478229192-3, no quotes for BTCUSDT-PERP.BINANCE[0m
[1m2024-04-12T15:05:40.000000000Z[0m [1;33m[WARN] TRADER-001.nautilus_common::cache: Cannot calculate unrealized PnL for P-20240412-143940-001-140721478229192-3, no quotes for BTCUSDT-PERP.BINANCE[0m
[1m2024-04-12T15:05:50.000000000Z[0m [1;33m[WARN] TRADER-001.nautilus_common::cache: Cannot calculate unrealized PnL for P-20240412-143940-001-140721478229192-3, no quotes for BTCUSDT-PERP.BINANCE[0m
[1m2024-04-12T15:05:59.999000000Z[0m [1;33m[WARN] TRADER-001.nautilus_common::cache: Cannot calculate unrealized PnL for P-20240412-143940-001-140721478229192-3, no quotes for BTCUSDT-PERP.BINANCE[0m
[1m2024-04-12T15:06:00.000000000Z[0m [1;33m[WARN] TRADER-001.nautilus_common::cache: Cannot calculate unrealized PnL for P-20240412-143940-001-140721478229192-3, no quotes for BTCUSDT-PERP.BINANCE[0m
[1m2024-04-12T15:06:10.000000000Z[0m [1;33m[WARN] TRADER-001.nautilus_common::cache: Cannot calculate unrealized PnL for P-20240412-143940-001-140721478229192-3, no quotes for BTCUSDT-PERP.BINANCE[0m
[1m2024-04-12T15:06:20.000000000Z[0m [1;33m[WARN] TRADER-001.nautilus_common::cache: Cannot calculate unrealized PnL for P-20240412-143940-001-140721478229192-3, no quotes for BTCUSDT-PERP.BINANCE[0m
[1m2024-04-12T15:06:30.000000000Z[0m [1;33m[WARN] TRADER-001.nautilus_common::cache: Cannot calculate unrealized PnL for P-20240412-143940-001-140721478229192-3, no quotes for BTCUSDT-PERP.BINANCE[0m
[1m2024-04-12T15:06:40.000000000Z[0m [1;33m[WARN] TRADER-001.nautilus_common::cache: Cannot calculate unrealized PnL for P-20240412-143940-001-140721478229192-3, no quotes for BTCUSDT-PERP.BINANCE[0m
[1m2024-04-12T15:06:50.000000000Z[0m [1;33m[WARN] TRADER-001.nautilus_common::cache: Cannot calculate unrealized PnL for P-20240412-143940-001-140721478229192-3, no quotes for BTCUSDT-PERP.BINANCE[0m
[1m2024-04-12T15:06:59.999000000Z[0m [1;33m[WARN] TRADER-001.nautilus_common::cache: Cannot calculate unrealized PnL for P-20240412-143940-001-140721478229192-3, no quotes for BTCUSDT-PERP.BINANCE[0m
[1m2024-04-12T15:07:00.000000000Z[0m [1;33m[WARN] TRADER-001.nautilus_common::cache: Cannot calculate unrealized PnL for P-20240412-143940-001-140721478229192-3, no quotes for BTCUSDT-PERP.BINANCE[0m
[1m2024-04-12T15:07:10.000000000Z[0m [1;33m[WARN] TRADER-001.nautilus_common::cache: Cannot calculate unrealized PnL for P-20240412-143940-001-140721478229192-3, no quotes for BTCUSDT-PERP.BINANCE[0m
[1m2024-04-12T15:07:20.000000000Z[0m [1;33m[WARN] TRADER-001.nautilus_common::cache: Cannot calculate unrealized PnL for P-20240412-143940-001-140721478229192-3, no quotes for BTCUSDT-PERP.BINANCE[0m
[1m2024-04-12T15:07:30.000000000Z[0m [1;33m[WARN] TRADER-001.nautilus_common::cache: Cannot calculate unrealized PnL for P-20240412-143940-001-140721478229192-3, no quotes for BTCUSDT-PERP.BINANCE[0m
[1m2024-04-12T15:07:40.000000000Z[0m [1;33m[WARN] TRADER-001.nautilus_common::cache: Cannot calculate unrealized PnL for P-20240412-143940-001-140721478229192-3, no quotes for BTCUSDT-PERP.BINANCE[0m
[1m2024-04-12T15:07:50.000000000Z[0m [1;33m[WARN] TRADER-001.nautilus_common::cache: Cannot calculate unrealized PnL for P-20240412-143940-001-140721478229192-3, no quotes for BTCUSDT-PERP.BINANCE[0m
[1m2024-04-12T15:07:59.999000000Z[0m [1;33m[WARN] TRADER-001.nautilus_common::cache: Cannot calculate unrealized PnL for P-20240412-143940-001-140721478229192-3, no quotes for BTCUSDT-PERP.BINANCE[0m
[1m2024-04-12T15:08:00.000000000Z[0m [1;33m[WARN] TRADER-001.nautilus_common::cache: Cannot calculate unrealized PnL for P-20240412-143940-001-140721478229192-3, no quotes for BTCUSDT-PERP.BINANCE[0m
[1m2024-04-12T15:08:10.000000000Z[0m [1;33m[WARN] TRADER-001.nautilus_common::cache: Cannot calculate unrealized PnL for P-20240412-143940-001-140721478229192-3, no quotes for BTCUSDT-PERP.BINANCE[0m
[1m2024-04-12T15:08:20.000000000Z[0m [1;33m[WARN] TRADER-001.nautilus_common::cache: Cannot calculate unrealized PnL for P-20240412-143940-001-140721478229192-3, no quotes for BTCUSDT-PERP.BINANCE[0m
[1m2024-04-12T15:08:30.000000000Z[0m [1;33m[WARN] TRADER-001.nautilus_common::cache: Cannot calculate unrealized PnL for P-20240412-143940-001-140721478229192-3, no quotes for BTCUSDT-PERP.BINANCE[0m
[1m2024-04-12T15:08:40.000000000Z[0m [1;33m[WARN] TRADER-001.nautilus_common::cache: Cannot calculate unrealized PnL for P-20240412-143940-001-140721478229192-3, no quotes for BTCUSDT-PERP.BINANCE[0m
[1m2024-04-12T15:08:50.000000000Z[0m [1;33m[WARN] TRADER-001.nautilus_common::cache: Cannot calculate unrealized PnL for P-20240412-143940-001-140721478229192-3, no quotes for BTCUSDT-PERP.BINANCE[0m
[1m2024-04-12T15:08:59.999000000Z[0m [1;33m[WARN] TRADER-001.nautilus_common::cache: Cannot calculate unrealized PnL for P-20240412-143940-001-140721478229192-3, no quotes for BTCUSDT-PERP.BINANCE[0m
[1m2024-04-12T15:09:00.000000000Z[0m [1;33m[WARN] TRADER-001.nautilus_common::cache: Cannot calculate unrealized PnL for P-20240412-143940-001-140721478229192-3, no quotes for BTCUSDT-PERP.BINANCE[0m
[1m2024-04-12T15:09:10.000000000Z[0m [1;33m[WARN] TRADER-001.nautilus_common::cache: Cannot calculate unrealized PnL for P-20240412-143940-001-140721478229192-3, no quotes for BTCUSDT-PERP.BINANCE[0m
[1m2024-04-12T15:09:20.000000000Z[0m [1;33m[WARN] TRADER-001.nautilus_common::cache: Cannot calculate unrealized PnL for P-20240412-143940-001-140721478229192-3, no quotes for BTCUSDT-PERP.BINANCE[0m
[1m2024-04-12T15:09:30.000000000Z[0m [1;33m[WARN] TRADER-001.nautilus_common::cache: Cannot calculate unrealized PnL for P-20240412-143940-001-140721478229192-3, no quotes for BTCUSDT-PERP.BINANCE[0m
[1m2024-04-12T15:09:40.000000000Z[0m [1;33m[WARN] TRADER-001.nautilus_common::cache: Cannot calculate unrealized PnL for P-20240412-143940-001-140721478229192-3, no quotes for BTCUSDT-PERP.BINANCE[0m
[1m2024-04-12T15:09:50.000000000Z[0m [1;33m[WARN] TRADER-001.nautilus_common::cache: Cannot calculate unrealized PnL for P-20240412-143940-001-140721478229192-3, no quotes for BTCUSDT-PERP.BINANCE[0m
[1m2024-04-12T15:09:59.999000000Z[0m [1;33m[WARN] TRADER-001.nautilus_common::cache: Cannot calculate unrealized PnL for P-20240412-143940-001-140721478229192-3, no quotes for BTCUSDT-PERP.BINANCE[0m
[1m2024-04-12T15:10:00.000000000Z[0m [1;33m[WARN] TRADER-001.nautilus_common::cache: Cannot calculate unrealized PnL for P-20240412-143940-001-140721478229192-3, no quotes for BTCUSDT-PERP.BINANCE[0m
[1m2024-04-12T15:10:10.000000000Z[0m [1;33m[WARN] TRADER-001.nautilus_common::cache: Cannot calculate unrealized PnL for P-20240412-143940-001-140721478229192-3, no quotes for BTCUSDT-PERP.BINANCE[0m
[1m2024-04-12T15:10:20.000000000Z[0m [1;33m[WARN] TRADER-001.nautilus_common::cache: Cannot calculate unrealized PnL for P-20240412-143940-001-140721478229192-3, no quotes for BTCUSDT-PERP.BINANCE[0m
[1m2024-04-12T15:10:30.000000000Z[0m [1;33m[WARN] TRADER-001.nautilus_common::cache: Cannot calculate unrealized PnL for P-20240412-143940-001-140721478229192-3, no quotes for BTCUSDT-PERP.BINANCE[0m
[1m2024-04-12T15:10:40.000000000Z[0m [1;33m[WARN] TRADER-001.nautilus_common::cache: Cannot calculate unrealized PnL for P-20240412-143940-001-140721478229192-3, no quotes for BTCUSDT-PERP.BINANCE[0m
[1m2024-04-12T15:10:50.000000000Z[0m [1;33m[WARN] TRADER-001.nautilus_common::cache: Cannot calculate unrealized PnL for P-20240412-143940-001-140721478229192-3, no quotes for BTCUSDT-PERP.BINANCE[0m
[1m2024-04-12T15:10:59.999000000Z[0m [1;33m[WARN] TRADER-001.nautilus_common::cache: Cannot calculate unrealized PnL for P-20240412-143940-001-140721478229192-3, no quotes for BTCUSDT-PERP.BINANCE[0m
[1m2024-04-12T15:11:00.000000000Z[0m [1;33m[WARN] TRADER-001.nautilus_common::cache: Cannot calculate unrealized PnL for P-20240412-143940-001-140721478229192-3, no quotes for BTCUSDT-PERP.BINANCE[0m
[1m2024-04-12T15:11:10.000000000Z[0m [1;33m[WARN] TRADER-001.nautilus_common::cache: Cannot calculate unrealized PnL for P-20240412-143940-001-140721478229192-3, no quotes for BTCUSDT-PERP.BINANCE[0m
[1m2024-04-12T15:11:20.000000000Z[0m [1;33m[WARN] TRADER-001.nautilus_common::cache: Cannot calculate unrealized PnL for P-20240412-143940-001-140721478229192-3, no quotes for BTCUSDT-PERP.BINANCE[0m
[1m2024-04-12T15:11:30.000000000Z[0m [1;33m[WARN] TRADER-001.nautilus_common::cache: Cannot calculate unrealized PnL for P-20240412-143940-001-140721478229192-3, no quotes for BTCUSDT-PERP.BINANCE[0m
[1m2024-04-12T15:11:40.000000000Z[0m [1;33m[WARN] TRADER-001.nautilus_common::cache: Cannot calculate unrealized PnL for P-20240412-143940-001-140721478229192-3, no quotes for BTCUSDT-PERP.BINANCE[0m
[1m2024-04-12T15:11:50.000000000Z[0m [1;33m[WARN] TRADER-001.nautilus_common::cache: Cannot calculate unrealized PnL for P-20240412-143940-001-140721478229192-3, no quotes for BTCUSDT-PERP.BINANCE[0m
[1m2024-04-12T15:11:59.999000000Z[0m [1;33m[WARN] TRADER-001.nautilus_common::cache: Cannot calculate unrealized PnL for P-20240412-143940-001-140721478229192-3, no quotes for BTCUSDT-PERP.BINANCE[0m
[1m2024-04-12T15:12:00.000000000Z[0m [1;33m[WARN] TRADER-001.nautilus_common::cache: Cannot calculate unrealized PnL for P-20240412-143940-001-140721478229192-3, no quotes for BTCUSDT-PERP.BINANCE[0m
[1m2024-04-12T15:12:10.000000000Z[0m [1;33m[WARN] TRADER-001.nautilus_common::cache: Cannot calculate unrealized PnL for P-20240412-143940-001-140721478229192-3, no quotes for BTCUSDT-PERP.BINANCE[0m
[1m2024-04-12T15:12:20.000000000Z[0m [1;33m[WARN] TRADER-001.nautilus_common::cache: Cannot calculate unrealized PnL for P-20240412-143940-001-140721478229192-3, no quotes for BTCUSDT-PERP.BINANCE[0m
[1m2024-04-12T15:12:30.000000000Z[0m [1;33m[WARN] TRADER-001.nautilus_common::cache: Cannot calculate unrealized PnL for P-20240412-143940-001-140721478229192-3, no quotes for BTCUSDT-PERP.BINANCE[0m
[1m2024-04-12T15:12:40.000000000Z[0m [1;33m[WARN] TRADER-001.nautilus_common::cache: Cannot calculate unrealized PnL for P-20240412-143940-001-140721478229192-3, no quotes for BTCUSDT-PERP.BINANCE[0m
[1m2024-04-12T15:12:50.000000000Z[0m [1;33m[WARN] TRADER-001.nautilus_common::cache: Cannot calculate unrealized PnL for P-20240412-143940-001-140721478229192-3, no quotes for BTCUSDT-PERP.BINANCE[0m
[1m2024-04-12T15:12:59.999000000Z[0m [1;33m[WARN] TRADER-001.nautilus_common::cache: Cannot calculate unrealized PnL for P-20240412-143940-001-140721478229192-3, no quotes for BTCUSDT-PERP.BINANCE[0m
[1m2024-04-12T15:13:00.000000000Z[0m [1;33m[WARN] TRADER-001.nautilus_common::cache: Cannot calculate unrealized PnL for P-20240412-143940-001-140721478229192-3, no quotes for BTCUSDT-PERP.BINANCE[0m
[1m2024-04-12T15:13:10.000000000Z[0m [1;33m[WARN] TRADER-001.nautilus_common::cache: Cannot calculate unrealized PnL for P-20240412-143940-001-140721478229192-3, no quotes for BTCUSDT-PERP.BINANCE[0m
[1m2024-04-12T15:13:20.000000000Z[0m [1;33m[WARN] TRADER-001.nautilus_common::cache: Cannot calculate unrealized PnL for P-20240412-143940-001-140721478229192-3, no quotes for BTCUSDT-PERP.BINANCE[0m
[1m2024-04-12T15:13:30.000000000Z[0m [1;33m[WARN] TRADER-001.nautilus_common::cache: Cannot calculate unrealized PnL for P-20240412-143940-001-140721478229192-3, no quotes for BTCUSDT-PERP.BINANCE[0m
[1m2024-04-12T15:13:40.000000000Z[0m [1;33m[WARN] TRADER-001.nautilus_common::cache: Cannot calculate unrealized PnL for P-20240412-143940-001-140721478229192-3, no quotes for BTCUSDT-PERP.BINANCE[0m
[1m2024-04-12T15:13:50.000000000Z[0m [1;33m[WARN] TRADER-001.nautilus_common::cache: Cannot calculate unrealized PnL for P-20240412-143940-001-140721478229192-3, no quotes for BTCUSDT-PERP.BINANCE[0m
[1m2024-04-12T15:13:59.999000000Z[0m [1;33m[WARN] TRADER-001.nautilus_common::cache: Cannot calculate unrealized PnL for P-20240412-143940-001-140721478229192-3, no quotes for BTCUSDT-PERP.BINANCE[0m
[1m2024-04-12T15:14:00.000000000Z[0m [1;33m[WARN] TRADER-001.nautilus_common::cache: Cannot calculate unrealized PnL for P-20240412-143940-001-140721478229192-3, no quotes for BTCUSDT-PERP.BINANCE[0m
[1m2024-04-12T15:14:10.000000000Z[0m [1;33m[WARN] TRADER-001.nautilus_common::cache: Cannot calculate unrealized PnL for P-20240412-143940-001-140721478229192-3, no quotes for BTCUSDT-PERP.BINANCE[0m
[1m2024-04-12T15:14:20.000000000Z[0m [1;33m[WARN] TRADER-001.nautilus_common::cache: Cannot calculate unrealized PnL for P-20240412-143940-001-140721478229192-3, no quotes for BTCUSDT-PERP.BINANCE[0m
[1m2024-04-12T15:14:30.000000000Z[0m [1;33m[WARN] TRADER-001.nautilus_common::cache: Cannot calculate unrealized PnL for P-20240412-143940-001-140721478229192-3, no quotes for BTCUSDT-PERP.BINANCE[0m
[1m2024-04-12T15:14:40.000000000Z[0m [1;33m[WARN] TRADER-001.nautilus_common::cache: Cannot calculate unrealized PnL for P-20240412-143940-001-140721478229192-3, no quotes for BTCUSDT-PERP.BINANCE[0m
[1m2024-04-12T15:14:50.000000000Z[0m [1;33m[WARN] TRADER-001.nautilus_common::cache: Cannot calculate unrealized PnL for P-20240412-143940-001-140721478229192-3, no quotes for BTCUSDT-PERP.BINANCE[0m
[1m2024-04-12T15:14:59.999000000Z[0m [1;33m[WARN] TRADER-001.nautilus_common::cache: Cannot calculate unrealized PnL for P-20240412-143940-001-140721478229192-3, no quotes for BTCUSDT-PERP.BINANCE[0m
[1m2024-04-12T15:15:00.000000000Z[0m [1;33m[WARN] TRADER-001.nautilus_common::cache: Cannot calculate unrealized PnL for P-20240412-143940-001-140721478229192-3, no quotes for BTCUSDT-PERP.BINANCE[0m
[1m2024-04-12T15:15:10.000000000Z[0m [1;33m[WARN] TRADER-001.nautilus_common::cache: Cannot calculate unrealized PnL for P-20240412-143940-001-140721478229192-3, no quotes for BTCUSDT-PERP.BINANCE[0m
[1m2024-04-12T15:15:20.000000000Z[0m [1;33m[WARN] TRADER-001.nautilus_common::cache: Cannot calculate unrealized PnL for P-20240412-143940-001-140721478229192-3, no quotes for BTCUSDT-PERP.BINANCE[0m
[1m2024-04-12T15:15:30.000000000Z[0m [1;33m[WARN] TRADER-001.nautilus_common::cache: Cannot calculate unrealized PnL for P-20240412-143940-001-140721478229192-3, no quotes for BTCUSDT-PERP.BINANCE[0m
[1m2024-04-12T15:15:40.000000000Z[0m [1;33m[WARN] TRADER-001.nautilus_common::cache: Cannot calculate unrealized PnL for P-20240412-143940-001-140721478229192-3, no quotes for BTCUSDT-PERP.BINANCE[0m
[1m2024-04-12T15:15:50.000000000Z[0m [1;33m[WARN] TRADER-001.nautilus_common::cache: Cannot calculate unrealized PnL for P-20240412-143940-001-140721478229192-3, no quotes for BTCUSDT-PERP.BINANCE[0m
[1m2024-04-12T15:15:59.999000000Z[0m [1;33m[WARN] TRADER-001.nautilus_common::cache: Cannot calculate unrealized PnL for P-20240412-143940-001-140721478229192-3, no quotes for BTCUSDT-PERP.BINANCE[0m
[1m2024-04-12T15:16:00.000000000Z[0m [1;33m[WARN] TRADER-001.nautilus_common::cache: Cannot calculate unrealized PnL for P-20240412-143940-001-140721478229192-3, no quotes for BTCUSDT-PERP.BINANCE[0m
[1m2024-04-12T15:16:10.000000000Z[0m [1;33m[WARN] TRADER-001.nautilus_common::cache: Cannot calculate unrealized PnL for P-20240412-143940-001-140721478229192-3, no quotes for BTCUSDT-PERP.BINANCE[0m
[1m2024-04-12T15:16:20.000000000Z[0m [1;33m[WARN] TRADER-001.nautilus_common::cache: Cannot calculate unrealized PnL for P-20240412-143940-001-140721478229192-3, no quotes for BTCUSDT-PERP.BINANCE[0m
[1m2024-04-12T15:16:30.000000000Z[0m [1;33m[WARN] TRADER-001.nautilus_common::cache: Cannot calculate unrealized PnL for P-20240412-143940-001-140721478229192-3, no quotes for BTCUSDT-PERP.BINANCE[0m
[1m2024-04-12T15:16:40.000000000Z[0m [1;33m[WARN] TRADER-001.nautilus_common::cache: Cannot calculate unrealized PnL for P-20240412-143940-001-140721478229192-3, no quotes for BTCUSDT-PERP.BINANCE[0m
[1m2024-04-12T15:16:50.000000000Z[0m [1;33m[WARN] TRADER-001.nautilus_common::cache: Cannot calculate unrealized PnL for P-20240412-143940-001-140721478229192-3, no quotes for BTCUSDT-PERP.BINANCE[0m
[1m2024-04-12T15:16:59.999000000Z[0m [1;33m[WARN] TRADER-001.nautilus_common::cache: Cannot calculate unrealized PnL for P-20240412-143940-001-140721478229192-3, no quotes for BTCUSDT-PERP.BINANCE[0m
[1m2024-04-12T15:17:00.000000000Z[0m [1;33m[WARN] TRADER-001.nautilus_common::cache: Cannot calculate unrealized PnL for P-20240412-143940-001-140721478229192-3, no quotes for BTCUSDT-PERP.BINANCE[0m
[1m2024-04-12T15:17:10.000000000Z[0m [1;33m[WARN] TRADER-001.nautilus_common::cache: Cannot calculate unrealized PnL for P-20240412-143940-001-140721478229192-3, no quotes for BTCUSDT-PERP.BINANCE[0m
[1m2024-04-12T15:17:20.000000000Z[0m [1;33m[WARN] TRADER-001.nautilus_common::cache: Cannot calculate unrealized PnL for P-20240412-143940-001-140721478229192-3, no quotes for BTCUSDT-PERP.BINANCE[0m
[1m2024-04-12T15:17:30.000000000Z[0m [1;33m[WARN] TRADER-001.nautilus_common::cache: Cannot calculate unrealized PnL for P-20240412-143940-001-140721478229192-3, no quotes for BTCUSDT-PERP.BINANCE[0m
[1m2024-04-12T15:17:40.000000000Z[0m [1;33m[WARN] TRADER-001.nautilus_common::cache: Cannot calculate unrealized PnL for P-20240412-143940-001-140721478229192-3, no quotes for BTCUSDT-PERP.BINANCE[0m
[1m2024-04-12T15:17:50.000000000Z[0m [1;33m[WARN] TRADER-001.nautilus_common::cache: Cannot calculate unrealized PnL for P-20240412-143940-001-140721478229192-3, no quotes for BTCUSDT-PERP.BINANCE[0m
[1m2024-04-12T15:17:59.999000000Z[0m [1;33m[WARN] TRADER-001.nautilus_common::cache: Cannot calculate unrealized PnL for P-20240412-143940-001-140721478229192-3, no quotes for BTCUSDT-PERP.BINANCE[0m
[1m2024-04-12T15:18:00.000000000Z[0m [1;33m[WARN] TRADER-001.nautilus_common::cache: Cannot calculate unrealized PnL for P-20240412-143940-001-140721478229192-3, no quotes for BTCUSDT-PERP.BINANCE[0m
[1m2024-04-12T15:18:10.000000000Z[0m [1;33m[WARN] TRADER-001.nautilus_common::cache: Cannot calculate unrealized PnL for P-20240412-143940-001-140721478229192-3, no quotes for BTCUSDT-PERP.BINANCE[0m
[1m2024-04-12T15:18:20.000000000Z[0m [1;33m[WARN] TRADER-001.nautilus_common::cache: Cannot calculate unrealized PnL for P-20240412-143940-001-140721478229192-3, no quotes for BTCUSDT-PERP.BINANCE[0m
[1m2024-04-12T15:18:30.000000000Z[0m [1;33m[WARN] TRADER-001.nautilus_common::cache: Cannot calculate unrealized PnL for P-20240412-143940-001-140721478229192-3, no quotes for BTCUSDT-PERP.BINANCE[0m
[1m2024-04-12T15:18:40.000000000Z[0m [1;33m[WARN] TRADER-001.nautilus_common::cache: Cannot calculate unrealized PnL for P-20240412-143940-001-140721478229192-3, no quotes for BTCUSDT-PERP.BINANCE[0m
[1m2024-04-12T15:18:50.000000000Z[0m [1;33m[WARN] TRADER-001.nautilus_common::cache: Cannot calculate unrealized PnL for P-20240412-143940-001-140721478229192-3, no quotes for BTCUSDT-PERP.BINANCE[0m
[1m2024-04-12T15:18:59.999000000Z[0m [1;33m[WARN] TRADER-001.nautilus_common::cache: Cannot calculate unrealized PnL for P-20240412-143940-001-140721478229192-3, no quotes for BTCUSDT-PERP.BINANCE[0m
[1m2024-04-12T15:19:00.000000000Z[0m [1;33m[WARN] TRADER-001.nautilus_common::cache: Cannot calculate unrealized PnL for P-20240412-143940-001-140721478229192-3, no quotes for BTCUSDT-PERP.BINANCE[0m
[1m2024-04-12T15:19:10.000000000Z[0m [1;33m[WARN] TRADER-001.nautilus_common::cache: Cannot calculate unrealized PnL for P-20240412-143940-001-140721478229192-3, no quotes for BTCUSDT-PERP.BINANCE[0m
[1m2024-04-12T15:19:20.000000000Z[0m [1;33m[WARN] TRADER-001.nautilus_common::cache: Cannot calculate unrealized PnL for P-20240412-143940-001-140721478229192-3, no quotes for BTCUSDT-PERP.BINANCE[0m
[1m2024-04-12T15:19:30.000000000Z[0m [1;33m[WARN] TRADER-001.nautilus_common::cache: Cannot calculate unrealized PnL for P-20240412-143940-001-140721478229192-3, no quotes for BTCUSDT-PERP.BINANCE[0m
[1m2024-04-12T15:19:40.000000000Z[0m [1;33m[WARN] TRADER-001.nautilus_common::cache: Cannot calculate unrealized PnL for P-20240412-143940-001-140721478229192-3, no quotes for BTCUSDT-PERP.BINANCE[0m
[1m2024-04-12T15:19:50.000000000Z[0m [1;33m[WARN] TRADER-001.nautilus_common::cache: Cannot calculate unrealized PnL for P-20240412-143940-001-140721478229192-3, no quotes for BTCUSDT-PERP.BINANCE[0m
[1m2024-04-12T15:19:59.999000000Z[0m [1;33m[WARN] TRADER-001.nautilus_common::cache: Cannot calculate unrealized PnL for P-20240412-143940-001-140721478229192-3, no quotes for BTCUSDT-PERP.BINANCE[0m
[1m2024-04-12T15:20:00.000000000Z[0m [1;33m[WARN] TRADER-001.nautilus_common::cache: Cannot calculate unrealized PnL for P-20240412-143940-001-140721478229192-3, no quotes for BTCUSDT-PERP.BINANCE[0m
[1m2024-04-12T15:20:10.000000000Z[0m [1;33m[WARN] TRADER-001.nautilus_common::cache: Cannot calculate unrealized PnL for P-20240412-143940-001-140721478229192-3, no quotes for BTCUSDT-PERP.BINANCE[0m
[1m2024-04-12T15:20:20.000000000Z[0m [1;33m[WARN] TRADER-001.nautilus_common::cache: Cannot calculate unrealized PnL for P-20240412-143940-001-140721478229192-3, no quotes for BTCUSDT-PERP.BINANCE[0m
[1m2024-04-12T15:20:30.000000000Z[0m [1;33m[WARN] TRADER-001.nautilus_common::cache: Cannot calculate unrealized PnL for P-20240412-143940-001-140721478229192-3, no quotes for BTCUSDT-PERP.BINANCE[0m
[1m2024-04-12T15:20:40.000000000Z[0m [1;33m[WARN] TRADER-001.nautilus_common::cache: Cannot calculate unrealized PnL for P-20240412-143940-001-140721478229192-3, no quotes for BTCUSDT-PERP.BINANCE[0m
[1m2024-04-12T15:20:50.000000000Z[0m [1;33m[WARN] TRADER-001.nautilus_common::cache: Cannot calculate unrealized PnL for P-20240412-143940-001-140721478229192-3, no quotes for BTCUSDT-PERP.BINANCE[0m
[1m2024-04-12T15:20:59.999000000Z[0m [1;33m[WARN] TRADER-001.nautilus_common::cache: Cannot calculate unrealized PnL for P-20240412-143940-001-140721478229192-3, no quotes for BTCUSDT-PERP.BINANCE[0m
[1m2024-04-12T15:21:00.000000000Z[0m [1;33m[WARN] TRADER-001.nautilus_common::cache: Cannot calculate unrealized PnL for P-20240412-143940-001-140721478229192-3, no quotes for BTCUSDT-PERP.BINANCE[0m
[1m2024-04-12T15:21:10.000000000Z[0m [1;33m[WARN] TRADER-001.nautilus_common::cache: Cannot calculate unrealized PnL for P-20240412-143940-001-140721478229192-3, no quotes for BTCUSDT-PERP.BINANCE[0m
[1m2024-04-12T15:21:20.000000000Z[0m [1;33m[WARN] TRADER-001.nautilus_common::cache: Cannot calculate unrealized PnL for P-20240412-143940-001-140721478229192-3, no quotes for BTCUSDT-PERP.BINANCE[0m
[1m2024-04-12T15:21:30.000000000Z[0m [1;33m[WARN] TRADER-001.nautilus_common::cache: Cannot calculate unrealized PnL for P-20240412-143940-001-140721478229192-3, no quotes for BTCUSDT-PERP.BINANCE[0m
[1m2024-04-12T15:21:40.000000000Z[0m [1;33m[WARN] TRADER-001.nautilus_common::cache: Cannot calculate unrealized PnL for P-20240412-143940-001-140721478229192-3, no quotes for BTCUSDT-PERP.BINANCE[0m
[1m2024-04-12T15:21:50.000000000Z[0m [1;33m[WARN] TRADER-001.nautilus_common::cache: Cannot calculate unrealized PnL for P-20240412-143940-001-140721478229192-3, no quotes for BTCUSDT-PERP.BINANCE[0m
[1m2024-04-12T15:21:59.999000000Z[0m [1;33m[WARN] TRADER-001.nautilus_common::cache: Cannot calculate unrealized PnL for P-20240412-143940-001-140721478229192-3, no quotes for BTCUSDT-PERP.BINANCE[0m
[1m2024-04-12T15:22:00.000000000Z[0m [1;33m[WARN] TRADER-001.nautilus_common::cache: Cannot calculate unrealized PnL for P-20240412-143940-001-140721478229192-3, no quotes for BTCUSDT-PERP.BINANCE[0m
[1m2024-04-12T15:22:10.000000000Z[0m [1;33m[WARN] TRADER-001.nautilus_common::cache: Cannot calculate unrealized PnL for P-20240412-143940-001-140721478229192-3, no quotes for BTCUSDT-PERP.BINANCE[0m
[1m2024-04-12T15:22:20.000000000Z[0m [1;33m[WARN] TRADER-001.nautilus_common::cache: Cannot calculate unrealized PnL for P-20240412-143940-001-140721478229192-3, no quotes for BTCUSDT-PERP.BINANCE[0m
[1m2024-04-12T15:22:30.000000000Z[0m [1;33m[WARN] TRADER-001.nautilus_common::cache: Cannot calculate unrealized PnL for P-20240412-143940-001-140721478229192-3, no quotes for BTCUSDT-PERP.BINANCE[0m
[1m2024-04-12T15:22:40.000000000Z[0m [1;33m[WARN] TRADER-001.nautilus_common::cache: Cannot calculate unrealized PnL for P-20240412-143940-001-140721478229192-3, no quotes for BTCUSDT-PERP.BINANCE[0m
[1m2024-04-12T15:22:50.000000000Z[0m [1;33m[WARN] TRADER-001.nautilus_common::cache: Cannot calculate unrealized PnL for P-20240412-143940-001-140721478229192-3, no quotes for BTCUSDT-PERP.BINANCE[0m
[1m2024-04-12T15:22:59.999000000Z[0m [1;33m[WARN] TRADER-001.nautilus_common::cache: Cannot calculate unrealized PnL for P-20240412-143940-001-140721478229192-3, no quotes for BTCUSDT-PERP.BINANCE[0m
[1m2024-04-12T15:23:00.000000000Z[0m [1;33m[WARN] TRADER-001.nautilus_common::cache: Cannot calculate unrealized PnL for P-20240412-143940-001-140721478229192-3, no quotes for BTCUSDT-PERP.BINANCE[0m
[1m2024-04-12T15:23:10.000000000Z[0m [1;33m[WARN] TRADER-001.nautilus_common::cache: Cannot calculate unrealized PnL for P-20240412-143940-001-140721478229192-3, no quotes for BTCUSDT-PERP.BINANCE[0m
[1m2024-04-12T15:23:20.000000000Z[0m [1;33m[WARN] TRADER-001.nautilus_common::cache: Cannot calculate unrealized PnL for P-20240412-143940-001-140721478229192-3, no quotes for BTCUSDT-PERP.BINANCE[0m
[1m2024-04-12T15:23:30.000000000Z[0m [1;33m[WARN] TRADER-001.nautilus_common::cache: Cannot calculate unrealized PnL for P-20240412-143940-001-140721478229192-3, no quotes for BTCUSDT-PERP.BINANCE[0m
[1m2024-04-12T15:23:40.000000000Z[0m [1;33m[WARN] TRADER-001.nautilus_common::cache: Cannot calculate unrealized PnL for P-20240412-143940-001-140721478229192-3, no quotes for BTCUSDT-PERP.BINANCE[0m
[1m2024-04-12T15:23:50.000000000Z[0m [1;33m[WARN] TRADER-001.nautilus_common::cache: Cannot calculate unrealized PnL for P-20240412-143940-001-140721478229192-3, no quotes for BTCUSDT-PERP.BINANCE[0m
[1m2024-04-12T15:23:59.999000000Z[0m [1;33m[WARN] TRADER-001.nautilus_common::cache: Cannot calculate unrealized PnL for P-20240412-143940-001-140721478229192-3, no quotes for BTCUSDT-PERP.BINANCE[0m
[1m2024-04-12T15:24:00.000000000Z[0m [1;33m[WARN] TRADER-001.nautilus_common::cache: Cannot calculate unrealized PnL for P-20240412-143940-001-140721478229192-3, no quotes for BTCUSDT-PERP.BINANCE[0m
[1m2024-04-12T15:24:10.000000000Z[0m [1;33m[WARN] TRADER-001.nautilus_common::cache: Cannot calculate unrealized PnL for P-20240412-143940-001-140721478229192-3, no quotes for BTCUSDT-PERP.BINANCE[0m
[1m2024-04-12T15:24:20.000000000Z[0m [1;33m[WARN] TRADER-001.nautilus_common::cache: Cannot calculate unrealized PnL for P-20240412-143940-001-140721478229192-3, no quotes for BTCUSDT-PERP.BINANCE[0m
[1m2024-04-12T15:24:30.000000000Z[0m [1;33m[WARN] TRADER-001.nautilus_common::cache: Cannot calculate unrealized PnL for P-20240412-143940-001-140721478229192-3, no quotes for BTCUSDT-PERP.BINANCE[0m
[1m2024-04-12T15:24:40.000000000Z[0m [1;33m[WARN] TRADER-001.nautilus_common::cache: Cannot calculate unrealized PnL for P-20240412-143940-001-140721478229192-3, no quotes for BTCUSDT-PERP.BINANCE[0m
[1m2024-04-12T15:24:50.000000000Z[0m [1;33m[WARN] TRADER-001.nautilus_common::cache: Cannot calculate unrealized PnL for P-20240412-143940-001-140721478229192-3, no quotes for BTCUSDT-PERP.BINANCE[0m
[1m2024-04-12T15:24:59.999000000Z[0m [1;33m[WARN] TRADER-001.nautilus_common::cache: Cannot calculate unrealized PnL for P-20240412-143940-001-140721478229192-3, no quotes for BTCUSDT-PERP.BINANCE[0m
[1m2024-04-12T15:25:00.000000000Z[0m [1;33m[WARN] TRADER-001.nautilus_common::cache: Cannot calculate unrealized PnL for P-20240412-143940-001-140721478229192-3, no quotes for BTCUSDT-PERP.BINANCE[0m
[1m2024-04-12T15:25:10.000000000Z[0m [1;33m[WARN] TRADER-001.nautilus_common::cache: Cannot calculate unrealized PnL for P-20240412-143940-001-140721478229192-3, no quotes for BTCUSDT-PERP.BINANCE[0m
[1m2024-04-12T15:25:20.000000000Z[0m [1;33m[WARN] TRADER-001.nautilus_common::cache: Cannot calculate unrealized PnL for P-20240412-143940-001-140721478229192-3, no quotes for BTCUSDT-PERP.BINANCE[0m
[1m2024-04-12T15:25:30.000000000Z[0m [1;33m[WARN] TRADER-001.nautilus_common::cache: Cannot calculate unrealized PnL for P-20240412-143940-001-140721478229192-3, no quotes for BTCUSDT-PERP.BINANCE[0m
[1m2024-04-12T15:25:40.000000000Z[0m [1;33m[WARN] TRADER-001.nautilus_common::cache: Cannot calculate unrealized PnL for P-20240412-143940-001-140721478229192-3, no quotes for BTCUSDT-PERP.BINANCE[0m
[1m2024-04-12T15:25:50.000000000Z[0m [1;33m[WARN] TRADER-001.nautilus_common::cache: Cannot calculate unrealized PnL for P-20240412-143940-001-140721478229192-3, no quotes for BTCUSDT-PERP.BINANCE[0m
[1m2024-04-12T15:25:59.999000000Z[0m [1;33m[WARN] TRADER-001.nautilus_common::cache: Cannot calculate unrealized PnL for P-20240412-143940-001-140721478229192-3, no quotes for BTCUSDT-PERP.BINANCE[0m
[1m2024-04-12T15:26:00.000000000Z[0m [1;33m[WARN] TRADER-001.nautilus_common::cache: Cannot calculate unrealized PnL for P-20240412-143940-001-140721478229192-3, no quotes for BTCUSDT-PERP.BINANCE[0m
[1m2024-04-12T15:26:10.000000000Z[0m [1;33m[WARN] TRADER-001.nautilus_common::cache: Cannot calculate unrealized PnL for P-20240412-143940-001-140721478229192-3, no quotes for BTCUSDT-PERP.BINANCE[0m
[1m2024-04-12T15:26:20.000000000Z[0m [1;33m[WARN] TRADER-001.nautilus_common::cache: Cannot calculate unrealized PnL for P-20240412-143940-001-140721478229192-3, no quotes for BTCUSDT-PERP.BINANCE[0m
[1m2024-04-12T15:26:30.000000000Z[0m [1;33m[WARN] TRADER-001.nautilus_common::cache: Cannot calculate unrealized PnL for P-20240412-143940-001-140721478229192-3, no quotes for BTCUSDT-PERP.BINANCE[0m
[1m2024-04-12T15:26:40.000000000Z[0m [1;33m[WARN] TRADER-001.nautilus_common::cache: Cannot calculate unrealized PnL for P-20240412-143940-001-140721478229192-3, no quotes for BTCUSDT-PERP.BINANCE[0m
[1m2024-04-12T15:26:50.000000000Z[0m [1;33m[WARN] TRADER-001.nautilus_common::cache: Cannot calculate unrealized PnL for P-20240412-143940-001-140721478229192-3, no quotes for BTCUSDT-PERP.BINANCE[0m
[1m2024-04-12T15:26:59.999000000Z[0m [1;33m[WARN] TRADER-001.nautilus_common::cache: Cannot calculate unrealized PnL for P-20240412-143940-001-140721478229192-3, no quotes for BTCUSDT-PERP.BINANCE[0m
[1m2024-04-12T15:27:00.000000000Z[0m [1;33m[WARN] TRADER-001.nautilus_common::cache: Cannot calculate unrealized PnL for P-20240412-143940-001-140721478229192-3, no quotes for BTCUSDT-PERP.BINANCE[0m
[1m2024-04-12T15:27:10.000000000Z[0m [1;33m[WARN] TRADER-001.nautilus_common::cache: Cannot calculate unrealized PnL for P-20240412-143940-001-140721478229192-3, no quotes for BTCUSDT-PERP.BINANCE[0m
[1m2024-04-12T15:27:20.000000000Z[0m [1;33m[WARN] TRADER-001.nautilus_common::cache: Cannot calculate unrealized PnL for P-20240412-143940-001-140721478229192-3, no quotes for BTCUSDT-PERP.BINANCE[0m
[1m2024-04-12T15:27:30.000000000Z[0m [1;33m[WARN] TRADER-001.nautilus_common::cache: Cannot calculate unrealized PnL for P-20240412-143940-001-140721478229192-3, no quotes for BTCUSDT-PERP.BINANCE[0m
[1m2024-04-12T15:27:40.000000000Z[0m [INFO] TRADER-001.nautilus_portfolio::manager: BTCUSDT-PERP.BINANCE margin_init=0.00000000 USDT[0m
[1m2024-04-12T15:27:40.000000000Z[0m [INFO] TRADER-001.nautilus_trading::strategy: DataActor-140721478229192 <--[EVT] OrderFilled(instrument_id=BTCUSDT-PERP.BINANCE, client_order_id=O-20240412-143940-001-140721478229192-8, venue_order_id=BINANCE-1-8, account_id=BINANCE-001, trade_id=T-917f90d4d339cbd6-112213, position_id=P-20240412-143940-001-140721478229192-3, order_side=BUY, order_type=STOP_MARKET, last_qty=7.696, last_px=69_707.9 USDT, commission=321.88319904 USDT, liquidity_side=TAKER, ts_event=1712935660000000000)[0m
[1m2024-04-12T15:27:40.000000000Z[0m [INFO] TRADER-001.nautilus_portfolio::portfolio: BTCUSDT-PERP.BINANCE net_position=0[0m
[1m2024-04-12T15:27:40.000000000Z[0m [INFO] TRADER-001.nautilus_portfolio::manager: BTCUSDT-PERP.BINANCE margin_maint=0.00000000 USDT[0m
[1m2024-04-12T15:27:40.000000000Z[0m [INFO] TRADER-001.nautilus_portfolio::portfolio: Updated AccountState(account_id=BINANCE-001, account_type=MARGIN, base_currency=USDT, is_reported=false, balances=[AccountBalance(total=93092.79668056 USDT, locked=0.00000000 USDT, free=93092.79668056 USDT)], margins=[], event_id=f9a29e83-4386-4182-a263-e10051413847)[0m
[1m2024-04-12T15:27:40.000000000Z[0m [INFO] TRADER-001.nautilus_trading::strategy: DataActor-140721478229192 <--[EVT] PositionClosed(PositionClosed { trader_id: "TRADER-001", strategy_id: "DataActor-140721478229192", instrument_id: "BTCUSDT-PERP.BINANCE", position_id: "P-20240412-143940-001-140721478229192-3", account_id: "BINANCE-001", opening_order_id: "O-20240412-143940-001-140721478229192-7", closing_order_id: Some("O-20240412-143940-001-140721478229192-8"), entry: Sell, side: Flat, signed_qty: 0.0, quantity: Quantity(0.000), peak_quantity: Quantity(7.696), last_qty: Quantity(7.696), last_px: Price(69707.9), currency: Currency(code='USDT', precision=8, iso4217=0, name='Tether', currency_type=CRYPTO), avg_px_open: 69520.0, avg_px_close: Some(69707.90000000001), realized_return: -0.0027028193325662935, realized_pnl: Some(Money(-2088.97715104, USDT)), unrealized_pnl: Money(0.00000000, USDT), duration: 2880000000000, event_id: UUID4(f440de13-5a0e-42f9-83b9-9bbe15919a07), ts_opened: UnixNanos(1712932780000000000), ts_closed: Some(UnixNanos(1712935660000000000)), ts_event: UnixNanos(1712935660000000000), ts_init: UnixNanos(1712935660000000000) })[0m
[1m2024-04-12T15:27:40.000000000Z[0m [INFO] TRADER-001.nautilus_portfolio::manager: BTCUSDT-PERP.BINANCE margin_init=0.00000000 USDT[0m
[1m2024-04-12T15:27:40.000000000Z[0m [INFO] TRADER-001.nautilus_portfolio::portfolio: Updated AccountState(account_id=BINANCE-001, account_type=MARGIN, base_currency=USDT, is_reported=false, balances=[AccountBalance(total=93092.79668056 USDT, locked=0.00000000 USDT, free=93092.79668056 USDT)], margins=[], event_id=0d4bf590-91b0-4738-ba94-66bfab0d4432)[0m
[1m2024-04-12T15:27:40.000000000Z[0m [INFO] TRADER-001.nautilus_trading::strategy: DataActor-140721478229192 <--[EVT] OrderCanceled(instrument_id=BTCUSDT-PERP.BINANCE, client_order_id=O-20240412-143940-001-140721478229192-9, venue_order_id=BINANCE-1-9, account_id=BINANCE-001, ts_event=1712935660000000000)[0m
[1m2024-04-12T17:30:10.000000000Z[0m [INFO] TRADER-001.nautilus_trading::strategy: DataActor-140721478229192 <--[EVT] OrderInitialized(instrument_id=BTCUSDT-PERP.BINANCE, client_order_id=O-20240412-173010-001-140721478229192-10, side=BUY, type=MARKET, quantity=2.537, time_in_force=GTC, post_only=false, reduce_only=false, quote_quantity=false, price=None, emulation_trigger=None, trigger_instrument_id=None, contingency_type=OTO, order_list_id=OL-20240412-173010-001-140721478229192-4, linked_order_ids=[O-20240412-173010-001-140721478229192-11, O-20240412-173010-001-140721478229192-12], parent_order_id=None, exec_algorithm_id=None, exec_algorithm_params=None, exec_spawn_id=None, tags=flow-response-btcusdt-000046, BREAKOUT_ACCEPTANCE_CONTINUATION, LONG, TEN_SECOND_MARKET_ENTRY)[0m
[1m2024-04-12T17:30:10.000000000Z[0m [INFO] TRADER-001.nautilus_trading::strategy: DataActor-140721478229192 <--[EVT] OrderInitialized(instrument_id=BTCUSDT-PERP.BINANCE, client_order_id=O-20240412-173010-001-140721478229192-11, side=SELL, type=STOP_MARKET, quantity=2.537, time_in_force=GTC, post_only=false, reduce_only=true, quote_quantity=false, price=None, emulation_trigger=None, trigger_instrument_id=None, contingency_type=OUO, order_list_id=OL-20240412-173010-001-140721478229192-4, linked_order_ids=[O-20240412-173010-001-140721478229192-12], parent_order_id=O-20240412-173010-001-140721478229192-10, exec_algorithm_id=None, exec_algorithm_params=None, exec_spawn_id=None, tags=flow-response-btcusdt-000046, OBSERVED_RETEST_INVALIDATION)[0m
[1m2024-04-12T17:30:10.000000000Z[0m [INFO] TRADER-001.nautilus_trading::strategy: DataActor-140721478229192 <--[EVT] OrderInitialized(instrument_id=BTCUSDT-PERP.BINANCE, client_order_id=O-20240412-173010-001-140721478229192-12, side=SELL, type=LIMIT, quantity=2.537, time_in_force=GTC, post_only=false, reduce_only=true, quote_quantity=false, price=71028.0, emulation_trigger=None, trigger_instrument_id=None, contingency_type=OUO, order_list_id=OL-20240412-173010-001-140721478229192-4, linked_order_ids=[O-20240412-173010-001-140721478229192-11], parent_order_id=O-20240412-173010-001-140721478229192-10, exec_algorithm_id=None, exec_algorithm_params=None, exec_spawn_id=None, tags=flow-response-btcusdt-000046, ACTIVE_COMPLETED_EXTERNAL_TARGET)[0m
[1m2024-04-12T17:30:10.000000000Z[0m [INFO] TRADER-001.nautilus_trading::strategy: DataActor-140721478229192 [CMD]--> SubmitOrderList[0m
[1m2024-04-12T17:30:10.000000000Z[0m [94m[INFO] TRADER-001.nautilus_execution::engine: Submit OrderList(id=OL-20240412-173010-001-140721478229192-4, instrument_id=BTCUSDT-PERP.BINANCE, strategy_id=DataActor-140721478229192, client_order_ids=["O-20240412-173010-001-140721478229192-10", "O-20240412-173010-001-140721478229192-11", "O-20240412-173010-001-140721478229192-12"], ts_init=1712943010000000000)[0m
[1m2024-04-12T17:30:10.000000000Z[0m [INFO] TRADER-001.nautilus_trading::strategy: DataActor-140721478229192 <--[EVT] OrderSubmitted(instrument_id=BTCUSDT-PERP.BINANCE, client_order_id=O-20240412-173010-001-140721478229192-10, account_id=BINANCE-001, ts_event=1712943010000000000)[0m
[1m2024-04-12T17:30:10.000000000Z[0m [INFO] TRADER-001.nautilus_trading::strategy: DataActor-140721478229192 <--[EVT] OrderSubmitted(instrument_id=BTCUSDT-PERP.BINANCE, client_order_id=O-20240412-173010-001-140721478229192-11, account_id=BINANCE-001, ts_event=1712943010000000000)[0m
[1m2024-04-12T17:30:10.000000000Z[0m [INFO] TRADER-001.nautilus_trading::strategy: DataActor-140721478229192 <--[EVT] OrderSubmitted(instrument_id=BTCUSDT-PERP.BINANCE, client_order_id=O-20240412-173010-001-140721478229192-12, account_id=BINANCE-001, ts_event=1712943010000000000)[0m
[1m2024-04-12T17:30:10.000000000Z[0m [INFO] TRADER-001.nautilus_portfolio::manager: BTCUSDT-PERP.BINANCE margin_init=0.00000000 USDT[0m
[1m2024-04-12T17:30:10.000000000Z[0m [INFO] TRADER-001.nautilus_trading::strategy: DataActor-140721478229192 <--[EVT] OrderFilled(instrument_id=BTCUSDT-PERP.BINANCE, client_order_id=O-20240412-173010-001-140721478229192-10, venue_order_id=BINANCE-1-10, account_id=BINANCE-001, trade_id=T-7c46091f126418a7-114555, position_id=P-20240412-173010-001-140721478229192-4, order_side=BUY, order_type=MARKET, last_qty=2.537, last_px=67_960.2 USDT, commission=103.44901644 USDT, liquidity_side=TAKER, ts_event=1712943010000000000)[0m
[1m2024-04-12T17:30:10.000000000Z[0m [INFO] TRADER-001.nautilus_portfolio::portfolio: BTCUSDT-PERP.BINANCE net_position=2.537[0m
[1m2024-04-12T17:30:10.000000000Z[0m [INFO] TRADER-001.nautilus_portfolio::manager: BTCUSDT-PERP.BINANCE margin_maint=689.66010960 USDT[0m
[1m2024-04-12T17:30:10.000000000Z[0m [INFO] TRADER-001.nautilus_portfolio::portfolio: Updated AccountState(account_id=BINANCE-001, account_type=MARGIN, base_currency=USDT, is_reported=false, balances=[AccountBalance(total=92989.34766412 USDT, locked=689.66010960 USDT, free=92299.68755452 USDT)], margins=[MarginBalance(initial=0.00000000 USDT, maintenance=689.66010960 USDT, instrument_id=BTCUSDT-PERP.BINANCE)], event_id=4129140b-3107-4a9a-9411-d083e76790ce)[0m
[1m2024-04-12T17:30:10.000000000Z[0m [INFO] TRADER-001.nautilus_trading::strategy: DataActor-140721478229192 <--[EVT] PositionOpened(PositionOpened { trader_id: "TRADER-001", strategy_id: "DataActor-140721478229192", instrument_id: "BTCUSDT-PERP.BINANCE", position_id: "P-20240412-173010-001-140721478229192-4", account_id: "BINANCE-001", opening_order_id: "O-20240412-173010-001-140721478229192-10", entry: Buy, side: Long, signed_qty: 2.537, quantity: Quantity(2.537), last_qty: Quantity(2.537), last_px: Price(67960.2), currency: Currency(code='USDT', precision=8, iso4217=0, name='Tether', currency_type=CRYPTO), avg_px_open: 67960.2, event_id: UUID4(15027cf5-c378-4cd1-acae-bc0bb8569b44), ts_event: UnixNanos(1712943010000000000), ts_init: UnixNanos(1712943010000000000) })[0m
[1m2024-04-12T17:30:10.000000000Z[0m [INFO] TRADER-001.nautilus_portfolio::manager: BTCUSDT-PERP.BINANCE margin_init=0.00000000 USDT[0m
[1m2024-04-12T17:30:10.000000000Z[0m [INFO] TRADER-001.nautilus_portfolio::portfolio: Updated AccountState(account_id=BINANCE-001, account_type=MARGIN, base_currency=USDT, is_reported=false, balances=[AccountBalance(total=92989.34766412 USDT, locked=689.66010960 USDT, free=92299.68755452 USDT)], margins=[MarginBalance(initial=0.00000000 USDT, maintenance=689.66010960 USDT, instrument_id=BTCUSDT-PERP.BINANCE)], event_id=f70d0a92-e82b-4962-9c17-b29a01e4e4ab)[0m
[1m2024-04-12T17:30:10.000000000Z[0m [INFO] TRADER-001.nautilus_trading::strategy: DataActor-140721478229192 <--[EVT] OrderAccepted(instrument_id=BTCUSDT-PERP.BINANCE, client_order_id=O-20240412-173010-001-140721478229192-11, venue_order_id=BINANCE-1-11, account_id=BINANCE-001, ts_event=1712943010000000000)[0m
[1m2024-04-12T17:30:10.000000000Z[0m [INFO] TRADER-001.nautilus_portfolio::manager: BTCUSDT-PERP.BINANCE margin_init=0.00000000 USDT[0m
[1m2024-04-12T17:30:10.000000000Z[0m [INFO] TRADER-001.nautilus_portfolio::portfolio: Updated AccountState(account_id=BINANCE-001, account_type=MARGIN, base_currency=USDT, is_reported=false, balances=[AccountBalance(total=92989.34766412 USDT, locked=689.66010960 USDT, free=92299.68755452 USDT)], margins=[MarginBalance(initial=0.00000000 USDT, maintenance=689.66010960 USDT, instrument_id=BTCUSDT-PERP.BINANCE)], event_id=db8f1ef2-ad29-4481-89e0-ce44efe4abd5)[0m
[1m2024-04-12T17:30:10.000000000Z[0m [INFO] TRADER-001.nautilus_trading::strategy: DataActor-140721478229192 <--[EVT] OrderAccepted(instrument_id=BTCUSDT-PERP.BINANCE, client_order_id=O-20240412-173010-001-140721478229192-12, venue_order_id=BINANCE-1-12, account_id=BINANCE-001, ts_event=1712943010000000000)[0m
[1m2024-04-12T17:30:10.000000000Z[0m [1;33m[WARN] TRADER-001.nautilus_common::cache: Cannot calculate unrealized PnL for P-20240412-173010-001-140721478229192-4, no quotes for BTCUSDT-PERP.BINANCE[0m
[1m2024-04-12T17:30:20.000000000Z[0m [1;33m[WARN] TRADER-001.nautilus_common::cache: Cannot calculate unrealized PnL for P-20240412-173010-001-140721478229192-4, no quotes for BTCUSDT-PERP.BINANCE[0m
[1m2024-04-12T17:30:30.000000000Z[0m [1;33m[WARN] TRADER-001.nautilus_common::cache: Cannot calculate unrealized PnL for P-20240412-173010-001-140721478229192-4, no quotes for BTCUSDT-PERP.BINANCE[0m
[1m2024-04-12T17:30:40.000000000Z[0m [1;33m[WARN] TRADER-001.nautilus_common::cache: Cannot calculate unrealized PnL for P-20240412-173010-001-140721478229192-4, no quotes for BTCUSDT-PERP.BINANCE[0m
[1m2024-04-12T17:30:50.000000000Z[0m [1;33m[WARN] TRADER-001.nautilus_common::cache: Cannot calculate unrealized PnL for P-20240412-173010-001-140721478229192-4, no quotes for BTCUSDT-PERP.BINANCE[0m
[1m2024-04-12T17:30:59.999000000Z[0m [1;33m[WARN] TRADER-001.nautilus_common::cache: Cannot calculate unrealized PnL for P-20240412-173010-001-140721478229192-4, no quotes for BTCUSDT-PERP.BINANCE[0m
[1m2024-04-12T17:31:00.000000000Z[0m [1;33m[WARN] TRADER-001.nautilus_common::cache: Cannot calculate unrealized PnL for P-20240412-173010-001-140721478229192-4, no quotes for BTCUSDT-PERP.BINANCE[0m
[1m2024-04-12T17:31:10.000000000Z[0m [1;33m[WARN] TRADER-001.nautilus_common::cache: Cannot calculate unrealized PnL for P-20240412-173010-001-140721478229192-4, no quotes for BTCUSDT-PERP.BINANCE[0m
[1m2024-04-12T17:31:20.000000000Z[0m [1;33m[WARN] TRADER-001.nautilus_common::cache: Cannot calculate unrealized PnL for P-20240412-173010-001-140721478229192-4, no quotes for BTCUSDT-PERP.BINANCE[0m
[1m2024-04-12T17:31:30.000000000Z[0m [1;33m[WARN] TRADER-001.nautilus_common::cache: Cannot calculate unrealized PnL for P-20240412-173010-001-140721478229192-4, no quotes for BTCUSDT-PERP.BINANCE[0m
[1m2024-04-12T17:31:40.000000000Z[0m [1;33m[WARN] TRADER-001.nautilus_common::cache: Cannot calculate unrealized PnL for P-20240412-173010-001-140721478229192-4, no quotes for BTCUSDT-PERP.BINANCE[0m
[1m2024-04-12T17:31:50.000000000Z[0m [1;33m[WARN] TRADER-001.nautilus_common::cache: Cannot calculate unrealized PnL for P-20240412-173010-001-140721478229192-4, no quotes for BTCUSDT-PERP.BINANCE[0m
[1m2024-04-12T17:31:59.999000000Z[0m [1;33m[WARN] TRADER-001.nautilus_common::cache: Cannot calculate unrealized PnL for P-20240412-173010-001-140721478229192-4, no quotes for BTCUSDT-PERP.BINANCE[0m
[1m2024-04-12T17:32:00.000000000Z[0m [1;33m[WARN] TRADER-001.nautilus_common::cache: Cannot calculate unrealized PnL for P-20240412-173010-001-140721478229192-4, no quotes for BTCUSDT-PERP.BINANCE[0m
[1m2024-04-12T17:32:10.000000000Z[0m [1;33m[WARN] TRADER-001.nautilus_common::cache: Cannot calculate unrealized PnL for P-20240412-173010-001-140721478229192-4, no quotes for BTCUSDT-PERP.BINANCE[0m
[1m2024-04-12T17:32:20.000000000Z[0m [1;33m[WARN] TRADER-001.nautilus_common::cache: Cannot calculate unrealized PnL for P-20240412-173010-001-140721478229192-4, no quotes for BTCUSDT-PERP.BINANCE[0m
[1m2024-04-12T17:32:30.000000000Z[0m [1;33m[WARN] TRADER-001.nautilus_common::cache: Cannot calculate unrealized PnL for P-20240412-173010-001-140721478229192-4, no quotes for BTCUSDT-PERP.BINANCE[0m
[1m2024-04-12T17:32:40.000000000Z[0m [1;33m[WARN] TRADER-001.nautilus_common::cache: Cannot calculate unrealized PnL for P-20240412-173010-001-140721478229192-4, no quotes for BTCUSDT-PERP.BINANCE[0m
[1m2024-04-12T17:32:50.000000000Z[0m [1;33m[WARN] TRADER-001.nautilus_common::cache: Cannot calculate unrealized PnL for P-20240412-173010-001-140721478229192-4, no quotes for BTCUSDT-PERP.BINANCE[0m
[1m2024-04-12T17:32:59.999000000Z[0m [1;33m[WARN] TRADER-001.nautilus_common::cache: Cannot calculate unrealized PnL for P-20240412-173010-001-140721478229192-4, no quotes for BTCUSDT-PERP.BINANCE[0m
[1m2024-04-12T17:33:00.000000000Z[0m [1;33m[WARN] TRADER-001.nautilus_common::cache: Cannot calculate unrealized PnL for P-20240412-173010-001-140721478229192-4, no quotes for BTCUSDT-PERP.BINANCE[0m
[1m2024-04-12T17:33:10.000000000Z[0m [1;33m[WARN] TRADER-001.nautilus_common::cache: Cannot calculate unrealized PnL for P-20240412-173010-001-140721478229192-4, no quotes for BTCUSDT-PERP.BINANCE[0m
[1m2024-04-12T17:33:20.000000000Z[0m [1;33m[WARN] TRADER-001.nautilus_common::cache: Cannot calculate unrealized PnL for P-20240412-173010-001-140721478229192-4, no quotes for BTCUSDT-PERP.BINANCE[0m
[1m2024-04-12T17:33:30.000000000Z[0m [1;33m[WARN] TRADER-001.nautilus_common::cache: Cannot calculate unrealized PnL for P-20240412-173010-001-140721478229192-4, no quotes for BTCUSDT-PERP.BINANCE[0m
[1m2024-04-12T17:33:40.000000000Z[0m [1;33m[WARN] TRADER-001.nautilus_common::cache: Cannot calculate unrealized PnL for P-20240412-173010-001-140721478229192-4, no quotes for BTCUSDT-PERP.BINANCE[0m
[1m2024-04-12T17:33:50.000000000Z[0m [1;33m[WARN] TRADER-001.nautilus_common::cache: Cannot calculate unrealized PnL for P-20240412-173010-001-140721478229192-4, no quotes for BTCUSDT-PERP.BINANCE[0m
[1m2024-04-12T17:33:59.999000000Z[0m [1;33m[WARN] TRADER-001.nautilus_common::cache: Cannot calculate unrealized PnL for P-20240412-173010-001-140721478229192-4, no quotes for BTCUSDT-PERP.BINANCE[0m
[1m2024-04-12T17:34:00.000000000Z[0m [1;33m[WARN] TRADER-001.nautilus_common::cache: Cannot calculate unrealized PnL for P-20240412-173010-001-140721478229192-4, no quotes for BTCUSDT-PERP.BINANCE[0m
[1m2024-04-12T17:34:10.000000000Z[0m [1;33m[WARN] TRADER-001.nautilus_common::cache: Cannot calculate unrealized PnL for P-20240412-173010-001-140721478229192-4, no quotes for BTCUSDT-PERP.BINANCE[0m
[1m2024-04-12T17:34:20.000000000Z[0m [1;33m[WARN] TRADER-001.nautilus_common::cache: Cannot calculate unrealized PnL for P-20240412-173010-001-140721478229192-4, no quotes for BTCUSDT-PERP.BINANCE[0m
[1m2024-04-12T17:34:30.000000000Z[0m [1;33m[WARN] TRADER-001.nautilus_common::cache: Cannot calculate unrealized PnL for P-20240412-173010-001-140721478229192-4, no quotes for BTCUSDT-PERP.BINANCE[0m
[1m2024-04-12T17:34:40.000000000Z[0m [1;33m[WARN] TRADER-001.nautilus_common::cache: Cannot calculate unrealized PnL for P-20240412-173010-001-140721478229192-4, no quotes for BTCUSDT-PERP.BINANCE[0m
[1m2024-04-12T17:34:50.000000000Z[0m [1;33m[WARN] TRADER-001.nautilus_common::cache: Cannot calculate unrealized PnL for P-20240412-173010-001-140721478229192-4, no quotes for BTCUSDT-PERP.BINANCE[0m
[1m2024-04-12T17:34:59.999000000Z[0m [1;33m[WARN] TRADER-001.nautilus_common::cache: Cannot calculate unrealized PnL for P-20240412-173010-001-140721478229192-4, no quotes for BTCUSDT-PERP.BINANCE[0m
[1m2024-04-12T17:35:00.000000000Z[0m [1;33m[WARN] TRADER-001.nautilus_common::cache: Cannot calculate unrealized PnL for P-20240412-173010-001-140721478229192-4, no quotes for BTCUSDT-PERP.BINANCE[0m
[1m2024-04-12T17:35:10.000000000Z[0m [1;33m[WARN] TRADER-001.nautilus_common::cache: Cannot calculate unrealized PnL for P-20240412-173010-001-140721478229192-4, no quotes for BTCUSDT-PERP.BINANCE[0m
[1m2024-04-12T17:35:20.000000000Z[0m [1;33m[WARN] TRADER-001.nautilus_common::cache: Cannot calculate unrealized PnL for P-20240412-173010-001-140721478229192-4, no quotes for BTCUSDT-PERP.BINANCE[0m
[1m2024-04-12T17:35:30.000000000Z[0m [1;33m[WARN] TRADER-001.nautilus_common::cache: Cannot calculate unrealized PnL for P-20240412-173010-001-140721478229192-4, no quotes for BTCUSDT-PERP.BINANCE[0m
[1m2024-04-12T17:35:40.000000000Z[0m [1;33m[WARN] TRADER-001.nautilus_common::cache: Cannot calculate unrealized PnL for P-20240412-173010-001-140721478229192-4, no quotes for BTCUSDT-PERP.BINANCE[0m
[1m2024-04-12T17:35:50.000000000Z[0m [1;33m[WARN] TRADER-001.nautilus_common::cache: Cannot calculate unrealized PnL for P-20240412-173010-001-140721478229192-4, no quotes for BTCUSDT-PERP.BINANCE[0m
[1m2024-04-12T17:35:59.999000000Z[0m [1;33m[WARN] TRADER-001.nautilus_common::cache: Cannot calculate unrealized PnL for P-20240412-173010-001-140721478229192-4, no quotes for BTCUSDT-PERP.BINANCE[0m
[1m2024-04-12T17:36:00.000000000Z[0m [1;33m[WARN] TRADER-001.nautilus_common::cache: Cannot calculate unrealized PnL for P-20240412-173010-001-140721478229192-4, no quotes for BTCUSDT-PERP.BINANCE[0m
[1m2024-04-12T17:36:10.000000000Z[0m [1;33m[WARN] TRADER-001.nautilus_common::cache: Cannot calculate unrealized PnL for P-20240412-173010-001-140721478229192-4, no quotes for BTCUSDT-PERP.BINANCE[0m
[1m2024-04-12T17:36:20.000000000Z[0m [1;33m[WARN] TRADER-001.nautilus_common::cache: Cannot calculate unrealized PnL for P-20240412-173010-001-140721478229192-4, no quotes for BTCUSDT-PERP.BINANCE[0m
[1m2024-04-12T17:36:30.000000000Z[0m [1;33m[WARN] TRADER-001.nautilus_common::cache: Cannot calculate unrealized PnL for P-20240412-173010-001-140721478229192-4, no quotes for BTCUSDT-PERP.BINANCE[0m
[1m2024-04-12T17:36:40.000000000Z[0m [1;33m[WARN] TRADER-001.nautilus_common::cache: Cannot calculate unrealized PnL for P-20240412-173010-001-140721478229192-4, no quotes for BTCUSDT-PERP.BINANCE[0m
[1m2024-04-12T17:36:50.000000000Z[0m [1;33m[WARN] TRADER-001.nautilus_common::cache: Cannot calculate unrealized PnL for P-20240412-173010-001-140721478229192-4, no quotes for BTCUSDT-PERP.BINANCE[0m
[1m2024-04-12T17:36:59.999000000Z[0m [1;33m[WARN] TRADER-001.nautilus_common::cache: Cannot calculate unrealized PnL for P-20240412-173010-001-140721478229192-4, no quotes for BTCUSDT-PERP.BINANCE[0m
[1m2024-04-12T17:37:00.000000000Z[0m [1;33m[WARN] TRADER-001.nautilus_common::cache: Cannot calculate unrealized PnL for P-20240412-173010-001-140721478229192-4, no quotes for BTCUSDT-PERP.BINANCE[0m
[1m2024-04-12T17:37:10.000000000Z[0m [1;33m[WARN] TRADER-001.nautilus_common::cache: Cannot calculate unrealized PnL for P-20240412-173010-001-140721478229192-4, no quotes for BTCUSDT-PERP.BINANCE[0m
[1m2024-04-12T17:37:20.000000000Z[0m [1;33m[WARN] TRADER-001.nautilus_common::cache: Cannot calculate unrealized PnL for P-20240412-173010-001-140721478229192-4, no quotes for BTCUSDT-PERP.BINANCE[0m
[1m2024-04-12T17:37:30.000000000Z[0m [1;33m[WARN] TRADER-001.nautilus_common::cache: Cannot calculate unrealized PnL for P-20240412-173010-001-140721478229192-4, no quotes for BTCUSDT-PERP.BINANCE[0m
[1m2024-04-12T17:37:40.000000000Z[0m [1;33m[WARN] TRADER-001.nautilus_common::cache: Cannot calculate unrealized PnL for P-20240412-173010-001-140721478229192-4, no quotes for BTCUSDT-PERP.BINANCE[0m
[1m2024-04-12T17:37:50.000000000Z[0m [1;33m[WARN] TRADER-001.nautilus_common::cache: Cannot calculate unrealized PnL for P-20240412-173010-001-140721478229192-4, no quotes for BTCUSDT-PERP.BINANCE[0m
[1m2024-04-12T17:37:59.999000000Z[0m [1;33m[WARN] TRADER-001.nautilus_common::cache: Cannot calculate unrealized PnL for P-20240412-173010-001-140721478229192-4, no quotes for BTCUSDT-PERP.BINANCE[0m
[1m2024-04-12T17:38:00.000000000Z[0m [1;33m[WARN] TRADER-001.nautilus_common::cache: Cannot calculate unrealized PnL for P-20240412-173010-001-140721478229192-4, no quotes for BTCUSDT-PERP.BINANCE[0m
[1m2024-04-12T17:38:10.000000000Z[0m [1;33m[WARN] TRADER-001.nautilus_common::cache: Cannot calculate unrealized PnL for P-20240412-173010-001-140721478229192-4, no quotes for BTCUSDT-PERP.BINANCE[0m
[1m2024-04-12T17:38:20.000000000Z[0m [1;33m[WARN] TRADER-001.nautilus_common::cache: Cannot calculate unrealized PnL for P-20240412-173010-001-140721478229192-4, no quotes for BTCUSDT-PERP.BINANCE[0m
[1m2024-04-12T17:38:30.000000000Z[0m [1;33m[WARN] TRADER-001.nautilus_common::cache: Cannot calculate unrealized PnL for P-20240412-173010-001-140721478229192-4, no quotes for BTCUSDT-PERP.BINANCE[0m
[1m2024-04-12T17:38:40.000000000Z[0m [1;33m[WARN] TRADER-001.nautilus_common::cache: Cannot calculate unrealized PnL for P-20240412-173010-001-140721478229192-4, no quotes for BTCUSDT-PERP.BINANCE[0m
[1m2024-04-12T17:38:50.000000000Z[0m [1;33m[WARN] TRADER-001.nautilus_common::cache: Cannot calculate unrealized PnL for P-20240412-173010-001-140721478229192-4, no quotes for BTCUSDT-PERP.BINANCE[0m
[1m2024-04-12T17:38:59.999000000Z[0m [1;33m[WARN] TRADER-001.nautilus_common::cache: Cannot calculate unrealized PnL for P-20240412-173010-001-140721478229192-4, no quotes for BTCUSDT-PERP.BINANCE[0m
[1m2024-04-12T17:39:00.000000000Z[0m [1;33m[WARN] TRADER-001.nautilus_common::cache: Cannot calculate unrealized PnL for P-20240412-173010-001-140721478229192-4, no quotes for BTCUSDT-PERP.BINANCE[0m
[1m2024-04-12T17:39:10.000000000Z[0m [1;33m[WARN] TRADER-001.nautilus_common::cache: Cannot calculate unrealized PnL for P-20240412-173010-001-140721478229192-4, no quotes for BTCUSDT-PERP.BINANCE[0m
[1m2024-04-12T17:39:20.000000000Z[0m [1;33m[WARN] TRADER-001.nautilus_common::cache: Cannot calculate unrealized PnL for P-20240412-173010-001-140721478229192-4, no quotes for BTCUSDT-PERP.BINANCE[0m
[1m2024-04-12T17:39:30.000000000Z[0m [1;33m[WARN] TRADER-001.nautilus_common::cache: Cannot calculate unrealized PnL for P-20240412-173010-001-140721478229192-4, no quotes for BTCUSDT-PERP.BINANCE[0m
[1m2024-04-12T17:39:40.000000000Z[0m [1;33m[WARN] TRADER-001.nautilus_common::cache: Cannot calculate unrealized PnL for P-20240412-173010-001-140721478229192-4, no quotes for BTCUSDT-PERP.BINANCE[0m
[1m2024-04-12T17:39:50.000000000Z[0m [1;33m[WARN] TRADER-001.nautilus_common::cache: Cannot calculate unrealized PnL for P-20240412-173010-001-140721478229192-4, no quotes for BTCUSDT-PERP.BINANCE[0m
[1m2024-04-12T17:39:59.999000000Z[0m [1;33m[WARN] TRADER-001.nautilus_common::cache: Cannot calculate unrealized PnL for P-20240412-173010-001-140721478229192-4, no quotes for BTCUSDT-PERP.BINANCE[0m
[1m2024-04-12T17:40:00.000000000Z[0m [1;33m[WARN] TRADER-001.nautilus_common::cache: Cannot calculate unrealized PnL for P-20240412-173010-001-140721478229192-4, no quotes for BTCUSDT-PERP.BINANCE[0m
[1m2024-04-12T17:40:10.000000000Z[0m [1;33m[WARN] TRADER-001.nautilus_common::cache: Cannot calculate unrealized PnL for P-20240412-173010-001-140721478229192-4, no quotes for BTCUSDT-PERP.BINANCE[0m
[1m2024-04-12T17:40:20.000000000Z[0m [1;33m[WARN] TRADER-001.nautilus_common::cache: Cannot calculate unrealized PnL for P-20240412-173010-001-140721478229192-4, no quotes for BTCUSDT-PERP.BINANCE[0m
[1m2024-04-12T17:40:30.000000000Z[0m [1;33m[WARN] TRADER-001.nautilus_common::cache: Cannot calculate unrealized PnL for P-20240412-173010-001-140721478229192-4, no quotes for BTCUSDT-PERP.BINANCE[0m
[1m2024-04-12T17:40:40.000000000Z[0m [1;33m[WARN] TRADER-001.nautilus_common::cache: Cannot calculate unrealized PnL for P-20240412-173010-001-140721478229192-4, no quotes for BTCUSDT-PERP.BINANCE[0m
[1m2024-04-12T17:40:50.000000000Z[0m [1;33m[WARN] TRADER-001.nautilus_common::cache: Cannot calculate unrealized PnL for P-20240412-173010-001-140721478229192-4, no quotes for BTCUSDT-PERP.BINANCE[0m
[1m2024-04-12T17:40:59.999000000Z[0m [1;33m[WARN] TRADER-001.nautilus_common::cache: Cannot calculate unrealized PnL for P-20240412-173010-001-140721478229192-4, no quotes for BTCUSDT-PERP.BINANCE[0m
[1m2024-04-12T17:41:00.000000000Z[0m [1;33m[WARN] TRADER-001.nautilus_common::cache: Cannot calculate unrealized PnL for P-20240412-173010-001-140721478229192-4, no quotes for BTCUSDT-PERP.BINANCE[0m
[1m2024-04-12T17:41:10.000000000Z[0m [1;33m[WARN] TRADER-001.nautilus_common::cache: Cannot calculate unrealized PnL for P-20240412-173010-001-140721478229192-4, no quotes for BTCUSDT-PERP.BINANCE[0m
[1m2024-04-12T17:41:20.000000000Z[0m [1;33m[WARN] TRADER-001.nautilus_common::cache: Cannot calculate unrealized PnL for P-20240412-173010-001-140721478229192-4, no quotes for BTCUSDT-PERP.BINANCE[0m
[1m2024-04-12T17:41:30.000000000Z[0m [1;33m[WARN] TRADER-001.nautilus_common::cache: Cannot calculate unrealized PnL for P-20240412-173010-001-140721478229192-4, no quotes for BTCUSDT-PERP.BINANCE[0m
[1m2024-04-12T17:41:40.000000000Z[0m [1;33m[WARN] TRADER-001.nautilus_common::cache: Cannot calculate unrealized PnL for P-20240412-173010-001-140721478229192-4, no quotes for BTCUSDT-PERP.BINANCE[0m
[1m2024-04-12T17:41:50.000000000Z[0m [1;33m[WARN] TRADER-001.nautilus_common::cache: Cannot calculate unrealized PnL for P-20240412-173010-001-140721478229192-4, no quotes for BTCUSDT-PERP.BINANCE[0m
[1m2024-04-12T17:41:59.999000000Z[0m [1;33m[WARN] TRADER-001.nautilus_common::cache: Cannot calculate unrealized PnL for P-20240412-173010-001-140721478229192-4, no quotes for BTCUSDT-PERP.BINANCE[0m
[1m2024-04-12T17:42:00.000000000Z[0m [1;33m[WARN] TRADER-001.nautilus_common::cache: Cannot calculate unrealized PnL for P-20240412-173010-001-140721478229192-4, no quotes for BTCUSDT-PERP.BINANCE[0m
[1m2024-04-12T17:42:10.000000000Z[0m [1;33m[WARN] TRADER-001.nautilus_common::cache: Cannot calculate unrealized PnL for P-20240412-173010-001-140721478229192-4, no quotes for BTCUSDT-PERP.BINANCE[0m
[1m2024-04-12T17:42:20.000000000Z[0m [1;33m[WARN] TRADER-001.nautilus_common::cache: Cannot calculate unrealized PnL for P-20240412-173010-001-140721478229192-4, no quotes for BTCUSDT-PERP.BINANCE[0m
[1m2024-04-12T17:42:30.000000000Z[0m [1;33m[WARN] TRADER-001.nautilus_common::cache: Cannot calculate unrealized PnL for P-20240412-173010-001-140721478229192-4, no quotes for BTCUSDT-PERP.BINANCE[0m
[1m2024-04-12T17:42:40.000000000Z[0m [1;33m[WARN] TRADER-001.nautilus_common::cache: Cannot calculate unrealized PnL for P-20240412-173010-001-140721478229192-4, no quotes for BTCUSDT-PERP.BINANCE[0m
[1m2024-04-12T17:42:50.000000000Z[0m [1;33m[WARN] TRADER-001.nautilus_common::cache: Cannot calculate unrealized PnL for P-20240412-173010-001-140721478229192-4, no quotes for BTCUSDT-PERP.BINANCE[0m
[1m2024-04-12T17:42:59.999000000Z[0m [1;33m[WARN] TRADER-001.nautilus_common::cache: Cannot calculate unrealized PnL for P-20240412-173010-001-140721478229192-4, no quotes for BTCUSDT-PERP.BINANCE[0m
[1m2024-04-12T17:43:00.000000000Z[0m [1;33m[WARN] TRADER-001.nautilus_common::cache: Cannot calculate unrealized PnL for P-20240412-173010-001-140721478229192-4, no quotes for BTCUSDT-PERP.BINANCE[0m
[1m2024-04-12T17:43:10.000000000Z[0m [1;33m[WARN] TRADER-001.nautilus_common::cache: Cannot calculate unrealized PnL for P-20240412-173010-001-140721478229192-4, no quotes for BTCUSDT-PERP.BINANCE[0m
[1m2024-04-12T17:43:20.000000000Z[0m [1;33m[WARN] TRADER-001.nautilus_common::cache: Cannot calculate unrealized PnL for P-20240412-173010-001-140721478229192-4, no quotes for BTCUSDT-PERP.BINANCE[0m
[1m2024-04-12T17:43:30.000000000Z[0m [1;33m[WARN] TRADER-001.nautilus_common::cache: Cannot calculate unrealized PnL for P-20240412-173010-001-140721478229192-4, no quotes for BTCUSDT-PERP.BINANCE[0m
[1m2024-04-12T17:43:40.000000000Z[0m [1;33m[WARN] TRADER-001.nautilus_common::cache: Cannot calculate unrealized PnL for P-20240412-173010-001-140721478229192-4, no quotes for BTCUSDT-PERP.BINANCE[0m
[1m2024-04-12T17:43:50.000000000Z[0m [1;33m[WARN] TRADER-001.nautilus_common::cache: Cannot calculate unrealized PnL for P-20240412-173010-001-140721478229192-4, no quotes for BTCUSDT-PERP.BINANCE[0m
[1m2024-04-12T17:43:59.999000000Z[0m [1;33m[WARN] TRADER-001.nautilus_common::cache: Cannot calculate unrealized PnL for P-20240412-173010-001-140721478229192-4, no quotes for BTCUSDT-PERP.BINANCE[0m
[1m2024-04-12T17:44:00.000000000Z[0m [1;33m[WARN] TRADER-001.nautilus_common::cache: Cannot calculate unrealized PnL for P-20240412-173010-001-140721478229192-4, no quotes for BTCUSDT-PERP.BINANCE[0m
[1m2024-04-12T17:44:10.000000000Z[0m [1;33m[WARN] TRADER-001.nautilus_common::cache: Cannot calculate unrealized PnL for P-20240412-173010-001-140721478229192-4, no quotes for BTCUSDT-PERP.BINANCE[0m
[1m2024-04-12T17:44:20.000000000Z[0m [1;33m[WARN] TRADER-001.nautilus_common::cache: Cannot calculate unrealized PnL for P-20240412-173010-001-140721478229192-4, no quotes for BTCUSDT-PERP.BINANCE[0m
[1m2024-04-12T17:44:30.000000000Z[0m [1;33m[WARN] TRADER-001.nautilus_common::cache: Cannot calculate unrealized PnL for P-20240412-173010-001-140721478229192-4, no quotes for BTCUSDT-PERP.BINANCE[0m
[1m2024-04-12T17:44:40.000000000Z[0m [1;33m[WARN] TRADER-001.nautilus_common::cache: Cannot calculate unrealized PnL for P-20240412-173010-001-140721478229192-4, no quotes for BTCUSDT-PERP.BINANCE[0m
[1m2024-04-12T17:44:50.000000000Z[0m [1;33m[WARN] TRADER-001.nautilus_common::cache: Cannot calculate unrealized PnL for P-20240412-173010-001-140721478229192-4, no quotes for BTCUSDT-PERP.BINANCE[0m
[1m2024-04-12T17:44:59.999000000Z[0m [1;33m[WARN] TRADER-001.nautilus_common::cache: Cannot calculate unrealized PnL for P-20240412-173010-001-140721478229192-4, no quotes for BTCUSDT-PERP.BINANCE[0m
[1m2024-04-12T17:45:00.000000000Z[0m [1;33m[WARN] TRADER-001.nautilus_common::cache: Cannot calculate unrealized PnL for P-20240412-173010-001-140721478229192-4, no quotes for BTCUSDT-PERP.BINANCE[0m
[1m2024-04-12T17:45:10.000000000Z[0m [1;33m[WARN] TRADER-001.nautilus_common::cache: Cannot calculate unrealized PnL for P-20240412-173010-001-140721478229192-4, no quotes for BTCUSDT-PERP.BINANCE[0m
[1m2024-04-12T17:45:20.000000000Z[0m [1;33m[WARN] TRADER-001.nautilus_common::cache: Cannot calculate unrealized PnL for P-20240412-173010-001-140721478229192-4, no quotes for BTCUSDT-PERP.BINANCE[0m
[1m2024-04-12T17:45:30.000000000Z[0m [1;33m[WARN] TRADER-001.nautilus_common::cache: Cannot calculate unrealized PnL for P-20240412-173010-001-140721478229192-4, no quotes for BTCUSDT-PERP.BINANCE[0m
[1m2024-04-12T17:45:40.000000000Z[0m [1;33m[WARN] TRADER-001.nautilus_common::cache: Cannot calculate unrealized PnL for P-20240412-173010-001-140721478229192-4, no quotes for BTCUSDT-PERP.BINANCE[0m
[1m2024-04-12T17:45:50.000000000Z[0m [1;33m[WARN] TRADER-001.nautilus_common::cache: Cannot calculate unrealized PnL for P-20240412-173010-001-140721478229192-4, no quotes for BTCUSDT-PERP.BINANCE[0m
[1m2024-04-12T17:45:59.999000000Z[0m [1;33m[WARN] TRADER-001.nautilus_common::cache: Cannot calculate unrealized PnL for P-20240412-173010-001-140721478229192-4, no quotes for BTCUSDT-PERP.BINANCE[0m
[1m2024-04-12T17:46:00.000000000Z[0m [1;33m[WARN] TRADER-001.nautilus_common::cache: Cannot calculate unrealized PnL for P-20240412-173010-001-140721478229192-4, no quotes for BTCUSDT-PERP.BINANCE[0m
[1m2024-04-12T17:46:10.000000000Z[0m [1;33m[WARN] TRADER-001.nautilus_common::cache: Cannot calculate unrealized PnL for P-20240412-173010-001-140721478229192-4, no quotes for BTCUSDT-PERP.BINANCE[0m
[1m2024-04-12T17:46:20.000000000Z[0m [1;33m[WARN] TRADER-001.nautilus_common::cache: Cannot calculate unrealized PnL for P-20240412-173010-001-140721478229192-4, no quotes for BTCUSDT-PERP.BINANCE[0m
[1m2024-04-12T17:46:30.000000000Z[0m [1;33m[WARN] TRADER-001.nautilus_common::cache: Cannot calculate unrealized PnL for P-20240412-173010-001-140721478229192-4, no quotes for BTCUSDT-PERP.BINANCE[0m
[1m2024-04-12T17:46:40.000000000Z[0m [1;33m[WARN] TRADER-001.nautilus_common::cache: Cannot calculate unrealized PnL for P-20240412-173010-001-140721478229192-4, no quotes for BTCUSDT-PERP.BINANCE[0m
[1m2024-04-12T17:46:50.000000000Z[0m [1;33m[WARN] TRADER-001.nautilus_common::cache: Cannot calculate unrealized PnL for P-20240412-173010-001-140721478229192-4, no quotes for BTCUSDT-PERP.BINANCE[0m
[1m2024-04-12T17:46:59.999000000Z[0m [1;33m[WARN] TRADER-001.nautilus_common::cache: Cannot calculate unrealized PnL for P-20240412-173010-001-140721478229192-4, no quotes for BTCUSDT-PERP.BINANCE[0m
[1m2024-04-12T17:47:00.000000000Z[0m [1;33m[WARN] TRADER-001.nautilus_common::cache: Cannot calculate unrealized PnL for P-20240412-173010-001-140721478229192-4, no quotes for BTCUSDT-PERP.BINANCE[0m
[1m2024-04-12T17:47:10.000000000Z[0m [1;33m[WARN] TRADER-001.nautilus_common::cache: Cannot calculate unrealized PnL for P-20240412-173010-001-140721478229192-4, no quotes for BTCUSDT-PERP.BINANCE[0m
[1m2024-04-12T17:47:20.000000000Z[0m [1;33m[WARN] TRADER-001.nautilus_common::cache: Cannot calculate unrealized PnL for P-20240412-173010-001-140721478229192-4, no quotes for BTCUSDT-PERP.BINANCE[0m
[1m2024-04-12T17:47:30.000000000Z[0m [1;33m[WARN] TRADER-001.nautilus_common::cache: Cannot calculate unrealized PnL for P-20240412-173010-001-140721478229192-4, no quotes for BTCUSDT-PERP.BINANCE[0m
[1m2024-04-12T17:47:40.000000000Z[0m [1;33m[WARN] TRADER-001.nautilus_common::cache: Cannot calculate unrealized PnL for P-20240412-173010-001-140721478229192-4, no quotes for BTCUSDT-PERP.BINANCE[0m
[1m2024-04-12T17:47:50.000000000Z[0m [1;33m[WARN] TRADER-001.nautilus_common::cache: Cannot calculate unrealized PnL for P-20240412-173010-001-140721478229192-4, no quotes for BTCUSDT-PERP.BINANCE[0m
[1m2024-04-12T17:47:59.999000000Z[0m [1;33m[WARN] TRADER-001.nautilus_common::cache: Cannot calculate unrealized PnL for P-20240412-173010-001-140721478229192-4, no quotes for BTCUSDT-PERP.BINANCE[0m
[1m2024-04-12T17:48:00.000000000Z[0m [1;33m[WARN] TRADER-001.nautilus_common::cache: Cannot calculate unrealized PnL for P-20240412-173010-001-140721478229192-4, no quotes for BTCUSDT-PERP.BINANCE[0m
[1m2024-04-12T17:48:10.000000000Z[0m [1;33m[WARN] TRADER-001.nautilus_common::cache: Cannot calculate unrealized PnL for P-20240412-173010-001-140721478229192-4, no quotes for BTCUSDT-PERP.BINANCE[0m
[1m2024-04-12T17:48:20.000000000Z[0m [1;33m[WARN] TRADER-001.nautilus_common::cache: Cannot calculate unrealized PnL for P-20240412-173010-001-140721478229192-4, no quotes for BTCUSDT-PERP.BINANCE[0m
[1m2024-04-12T17:48:30.000000000Z[0m [1;33m[WARN] TRADER-001.nautilus_common::cache: Cannot calculate unrealized PnL for P-20240412-173010-001-140721478229192-4, no quotes for BTCUSDT-PERP.BINANCE[0m
[1m2024-04-12T17:48:40.000000000Z[0m [1;33m[WARN] TRADER-001.nautilus_common::cache: Cannot calculate unrealized PnL for P-20240412-173010-001-140721478229192-4, no quotes for BTCUSDT-PERP.BINANCE[0m
[1m2024-04-12T17:48:50.000000000Z[0m [1;33m[WARN] TRADER-001.nautilus_common::cache: Cannot calculate unrealized PnL for P-20240412-173010-001-140721478229192-4, no quotes for BTCUSDT-PERP.BINANCE[0m
[1m2024-04-12T17:48:59.999000000Z[0m [1;33m[WARN] TRADER-001.nautilus_common::cache: Cannot calculate unrealized PnL for P-20240412-173010-001-140721478229192-4, no quotes for BTCUSDT-PERP.BINANCE[0m
[1m2024-04-12T17:49:00.000000000Z[0m [1;33m[WARN] TRADER-001.nautilus_common::cache: Cannot calculate unrealized PnL for P-20240412-173010-001-140721478229192-4, no quotes for BTCUSDT-PERP.BINANCE[0m
[1m2024-04-12T17:49:10.000000000Z[0m [1;33m[WARN] TRADER-001.nautilus_common::cache: Cannot calculate unrealized PnL for P-20240412-173010-001-140721478229192-4, no quotes for BTCUSDT-PERP.BINANCE[0m
[1m2024-04-12T17:49:20.000000000Z[0m [1;33m[WARN] TRADER-001.nautilus_common::cache: Cannot calculate unrealized PnL for P-20240412-173010-001-140721478229192-4, no quotes for BTCUSDT-PERP.BINANCE[0m
[1m2024-04-12T17:49:30.000000000Z[0m [1;33m[WARN] TRADER-001.nautilus_common::cache: Cannot calculate unrealized PnL for P-20240412-173010-001-140721478229192-4, no quotes for BTCUSDT-PERP.BINANCE[0m
[1m2024-04-12T17:49:40.000000000Z[0m [1;33m[WARN] TRADER-001.nautilus_common::cache: Cannot calculate unrealized PnL for P-20240412-173010-001-140721478229192-4, no quotes for BTCUSDT-PERP.BINANCE[0m
[1m2024-04-12T17:49:50.000000000Z[0m [1;33m[WARN] TRADER-001.nautilus_common::cache: Cannot calculate unrealized PnL for P-20240412-173010-001-140721478229192-4, no quotes for BTCUSDT-PERP.BINANCE[0m
[1m2024-04-12T17:49:59.999000000Z[0m [1;33m[WARN] TRADER-001.nautilus_common::cache: Cannot calculate unrealized PnL for P-20240412-173010-001-140721478229192-4, no quotes for BTCUSDT-PERP.BINANCE[0m
[1m2024-04-12T17:50:00.000000000Z[0m [1;33m[WARN] TRADER-001.nautilus_common::cache: Cannot calculate unrealized PnL for P-20240412-173010-001-140721478229192-4, no quotes for BTCUSDT-PERP.BINANCE[0m
[1m2024-04-12T17:50:10.000000000Z[0m [1;33m[WARN] TRADER-001.nautilus_common::cache: Cannot calculate unrealized PnL for P-20240412-173010-001-140721478229192-4, no quotes for BTCUSDT-PERP.BINANCE[0m
[1m2024-04-12T17:50:20.000000000Z[0m [1;33m[WARN] TRADER-001.nautilus_common::cache: Cannot calculate unrealized PnL for P-20240412-173010-001-140721478229192-4, no quotes for BTCUSDT-PERP.BINANCE[0m
[1m2024-04-12T17:50:30.000000000Z[0m [1;33m[WARN] TRADER-001.nautilus_common::cache: Cannot calculate unrealized PnL for P-20240412-173010-001-140721478229192-4, no quotes for BTCUSDT-PERP.BINANCE[0m
[1m2024-04-12T17:50:40.000000000Z[0m [1;33m[WARN] TRADER-001.nautilus_common::cache: Cannot calculate unrealized PnL for P-20240412-173010-001-140721478229192-4, no quotes for BTCUSDT-PERP.BINANCE[0m
[1m2024-04-12T17:50:50.000000000Z[0m [1;33m[WARN] TRADER-001.nautilus_common::cache: Cannot calculate unrealized PnL for P-20240412-173010-001-140721478229192-4, no quotes for BTCUSDT-PERP.BINANCE[0m
[1m2024-04-12T17:50:59.999000000Z[0m [1;33m[WARN] TRADER-001.nautilus_common::cache: Cannot calculate unrealized PnL for P-20240412-173010-001-140721478229192-4, no quotes for BTCUSDT-PERP.BINANCE[0m
[1m2024-04-12T17:51:00.000000000Z[0m [1;33m[WARN] TRADER-001.nautilus_common::cache: Cannot calculate unrealized PnL for P-20240412-173010-001-140721478229192-4, no quotes for BTCUSDT-PERP.BINANCE[0m
[1m2024-04-12T17:51:10.000000000Z[0m [1;33m[WARN] TRADER-001.nautilus_common::cache: Cannot calculate unrealized PnL for P-20240412-173010-001-140721478229192-4, no quotes for BTCUSDT-PERP.BINANCE[0m
[1m2024-04-12T17:51:20.000000000Z[0m [1;33m[WARN] TRADER-001.nautilus_common::cache: Cannot calculate unrealized PnL for P-20240412-173010-001-140721478229192-4, no quotes for BTCUSDT-PERP.BINANCE[0m
[1m2024-04-12T17:51:30.000000000Z[0m [1;33m[WARN] TRADER-001.nautilus_common::cache: Cannot calculate unrealized PnL for P-20240412-173010-001-140721478229192-4, no quotes for BTCUSDT-PERP.BINANCE[0m
[1m2024-04-12T17:51:40.000000000Z[0m [1;33m[WARN] TRADER-001.nautilus_common::cache: Cannot calculate unrealized PnL for P-20240412-173010-001-140721478229192-4, no quotes for BTCUSDT-PERP.BINANCE[0m
[1m2024-04-12T17:51:50.000000000Z[0m [1;33m[WARN] TRADER-001.nautilus_common::cache: Cannot calculate unrealized PnL for P-20240412-173010-001-140721478229192-4, no quotes for BTCUSDT-PERP.BINANCE[0m
[1m2024-04-12T17:51:59.999000000Z[0m [1;33m[WARN] TRADER-001.nautilus_common::cache: Cannot calculate unrealized PnL for P-20240412-173010-001-140721478229192-4, no quotes for BTCUSDT-PERP.BINANCE[0m
[1m2024-04-12T17:52:00.000000000Z[0m [1;33m[WARN] TRADER-001.nautilus_common::cache: Cannot calculate unrealized PnL for P-20240412-173010-001-140721478229192-4, no quotes for BTCUSDT-PERP.BINANCE[0m
[1m2024-04-12T17:52:10.000000000Z[0m [1;33m[WARN] TRADER-001.nautilus_common::cache: Cannot calculate unrealized PnL for P-20240412-173010-001-140721478229192-4, no quotes for BTCUSDT-PERP.BINANCE[0m
[1m2024-04-12T17:52:20.000000000Z[0m [1;33m[WARN] TRADER-001.nautilus_common::cache: Cannot calculate unrealized PnL for P-20240412-173010-001-140721478229192-4, no quotes for BTCUSDT-PERP.BINANCE[0m
[1m2024-04-12T17:52:30.000000000Z[0m [1;33m[WARN] TRADER-001.nautilus_common::cache: Cannot calculate unrealized PnL for P-20240412-173010-001-140721478229192-4, no quotes for BTCUSDT-PERP.BINANCE[0m
[1m2024-04-12T17:52:40.000000000Z[0m [1;33m[WARN] TRADER-001.nautilus_common::cache: Cannot calculate unrealized PnL for P-20240412-173010-001-140721478229192-4, no quotes for BTCUSDT-PERP.BINANCE[0m
[1m2024-04-12T17:52:50.000000000Z[0m [1;33m[WARN] TRADER-001.nautilus_common::cache: Cannot calculate unrealized PnL for P-20240412-173010-001-140721478229192-4, no quotes for BTCUSDT-PERP.BINANCE[0m
[1m2024-04-12T17:52:59.999000000Z[0m [1;33m[WARN] TRADER-001.nautilus_common::cache: Cannot calculate unrealized PnL for P-20240412-173010-001-140721478229192-4, no quotes for BTCUSDT-PERP.BINANCE[0m
[1m2024-04-12T17:53:00.000000000Z[0m [1;33m[WARN] TRADER-001.nautilus_common::cache: Cannot calculate unrealized PnL for P-20240412-173010-001-140721478229192-4, no quotes for BTCUSDT-PERP.BINANCE[0m
[1m2024-04-12T17:53:10.000000000Z[0m [1;33m[WARN] TRADER-001.nautilus_common::cache: Cannot calculate unrealized PnL for P-20240412-173010-001-140721478229192-4, no quotes for BTCUSDT-PERP.BINANCE[0m
[1m2024-04-12T17:53:20.000000000Z[0m [1;33m[WARN] TRADER-001.nautilus_common::cache: Cannot calculate unrealized PnL for P-20240412-173010-001-140721478229192-4, no quotes for BTCUSDT-PERP.BINANCE[0m
[1m2024-04-12T17:53:30.000000000Z[0m [1;33m[WARN] TRADER-001.nautilus_common::cache: Cannot calculate unrealized PnL for P-20240412-173010-001-140721478229192-4, no quotes for BTCUSDT-PERP.BINANCE[0m
[1m2024-04-12T17:53:40.000000000Z[0m [1;33m[WARN] TRADER-001.nautilus_common::cache: Cannot calculate unrealized PnL for P-20240412-173010-001-140721478229192-4, no quotes for BTCUSDT-PERP.BINANCE[0m
[1m2024-04-12T17:53:50.000000000Z[0m [1;33m[WARN] TRADER-001.nautilus_common::cache: Cannot calculate unrealized PnL for P-20240412-173010-001-140721478229192-4, no quotes for BTCUSDT-PERP.BINANCE[0m
[1m2024-04-12T17:53:59.999000000Z[0m [1;33m[WARN] TRADER-001.nautilus_common::cache: Cannot calculate unrealized PnL for P-20240412-173010-001-140721478229192-4, no quotes for BTCUSDT-PERP.BINANCE[0m
[1m2024-04-12T17:54:00.000000000Z[0m [1;33m[WARN] TRADER-001.nautilus_common::cache: Cannot calculate unrealized PnL for P-20240412-173010-001-140721478229192-4, no quotes for BTCUSDT-PERP.BINANCE[0m
[1m2024-04-12T17:54:10.000000000Z[0m [1;33m[WARN] TRADER-001.nautilus_common::cache: Cannot calculate unrealized PnL for P-20240412-173010-001-140721478229192-4, no quotes for BTCUSDT-PERP.BINANCE[0m
[1m2024-04-12T17:54:20.000000000Z[0m [1;33m[WARN] TRADER-001.nautilus_common::cache: Cannot calculate unrealized PnL for P-20240412-173010-001-140721478229192-4, no quotes for BTCUSDT-PERP.BINANCE[0m
[1m2024-04-12T17:54:30.000000000Z[0m [1;33m[WARN] TRADER-001.nautilus_common::cache: Cannot calculate unrealized PnL for P-20240412-173010-001-140721478229192-4, no quotes for BTCUSDT-PERP.BINANCE[0m
[1m2024-04-12T17:54:40.000000000Z[0m [1;33m[WARN] TRADER-001.nautilus_common::cache: Cannot calculate unrealized PnL for P-20240412-173010-001-140721478229192-4, no quotes for BTCUSDT-PERP.BINANCE[0m
[1m2024-04-12T17:54:50.000000000Z[0m [1;33m[WARN] TRADER-001.nautilus_common::cache: Cannot calculate unrealized PnL for P-20240412-173010-001-140721478229192-4, no quotes for BTCUSDT-PERP.BINANCE[0m
[1m2024-04-12T17:54:59.999000000Z[0m [1;33m[WARN] TRADER-001.nautilus_common::cache: Cannot calculate unrealized PnL for P-20240412-173010-001-140721478229192-4, no quotes for BTCUSDT-PERP.BINANCE[0m
[1m2024-04-12T17:55:00.000000000Z[0m [1;33m[WARN] TRADER-001.nautilus_common::cache: Cannot calculate unrealized PnL for P-20240412-173010-001-140721478229192-4, no quotes for BTCUSDT-PERP.BINANCE[0m
[1m2024-04-12T17:55:10.000000000Z[0m [1;33m[WARN] TRADER-001.nautilus_common::cache: Cannot calculate unrealized PnL for P-20240412-173010-001-140721478229192-4, no quotes for BTCUSDT-PERP.BINANCE[0m
[1m2024-04-12T17:55:20.000000000Z[0m [1;33m[WARN] TRADER-001.nautilus_common::cache: Cannot calculate unrealized PnL for P-20240412-173010-001-140721478229192-4, no quotes for BTCUSDT-PERP.BINANCE[0m
[1m2024-04-12T17:55:30.000000000Z[0m [1;33m[WARN] TRADER-001.nautilus_common::cache: Cannot calculate unrealized PnL for P-20240412-173010-001-140721478229192-4, no quotes for BTCUSDT-PERP.BINANCE[0m
[1m2024-04-12T17:55:40.000000000Z[0m [1;33m[WARN] TRADER-001.nautilus_common::cache: Cannot calculate unrealized PnL for P-20240412-173010-001-140721478229192-4, no quotes for BTCUSDT-PERP.BINANCE[0m
[1m2024-04-12T17:55:50.000000000Z[0m [1;33m[WARN] TRADER-001.nautilus_common::cache: Cannot calculate unrealized PnL for P-20240412-173010-001-140721478229192-4, no quotes for BTCUSDT-PERP.BINANCE[0m
[1m2024-04-12T17:55:59.999000000Z[0m [1;33m[WARN] TRADER-001.nautilus_common::cache: Cannot calculate unrealized PnL for P-20240412-173010-001-140721478229192-4, no quotes for BTCUSDT-PERP.BINANCE[0m
[1m2024-04-12T17:56:00.000000000Z[0m [1;33m[WARN] TRADER-001.nautilus_common::cache: Cannot calculate unrealized PnL for P-20240412-173010-001-140721478229192-4, no quotes for BTCUSDT-PERP.BINANCE[0m
[1m2024-04-12T17:56:10.000000000Z[0m [1;33m[WARN] TRADER-001.nautilus_common::cache: Cannot calculate unrealized PnL for P-20240412-173010-001-140721478229192-4, no quotes for BTCUSDT-PERP.BINANCE[0m
[1m2024-04-12T17:56:20.000000000Z[0m [1;33m[WARN] TRADER-001.nautilus_common::cache: Cannot calculate unrealized PnL for P-20240412-173010-001-140721478229192-4, no quotes for BTCUSDT-PERP.BINANCE[0m
[1m2024-04-12T17:56:30.000000000Z[0m [1;33m[WARN] TRADER-001.nautilus_common::cache: Cannot calculate unrealized PnL for P-20240412-173010-001-140721478229192-4, no quotes for BTCUSDT-PERP.BINANCE[0m
[1m2024-04-12T17:56:40.000000000Z[0m [1;33m[WARN] TRADER-001.nautilus_common::cache: Cannot calculate unrealized PnL for P-20240412-173010-001-140721478229192-4, no quotes for BTCUSDT-PERP.BINANCE[0m
[1m2024-04-12T17:56:50.000000000Z[0m [1;33m[WARN] TRADER-001.nautilus_common::cache: Cannot calculate unrealized PnL for P-20240412-173010-001-140721478229192-4, no quotes for BTCUSDT-PERP.BINANCE[0m
[1m2024-04-12T17:56:59.999000000Z[0m [1;33m[WARN] TRADER-001.nautilus_common::cache: Cannot calculate unrealized PnL for P-20240412-173010-001-140721478229192-4, no quotes for BTCUSDT-PERP.BINANCE[0m
[1m2024-04-12T17:57:00.000000000Z[0m [1;33m[WARN] TRADER-001.nautilus_common::cache: Cannot calculate unrealized PnL for P-20240412-173010-001-140721478229192-4, no quotes for BTCUSDT-PERP.BINANCE[0m
[1m2024-04-12T17:57:10.000000000Z[0m [1;33m[WARN] TRADER-001.nautilus_common::cache: Cannot calculate unrealized PnL for P-20240412-173010-001-140721478229192-4, no quotes for BTCUSDT-PERP.BINANCE[0m
[1m2024-04-12T17:57:20.000000000Z[0m [1;33m[WARN] TRADER-001.nautilus_common::cache: Cannot calculate unrealized PnL for P-20240412-173010-001-140721478229192-4, no quotes for BTCUSDT-PERP.BINANCE[0m
[1m2024-04-12T17:57:30.000000000Z[0m [1;33m[WARN] TRADER-001.nautilus_common::cache: Cannot calculate unrealized PnL for P-20240412-173010-001-140721478229192-4, no quotes for BTCUSDT-PERP.BINANCE[0m
[1m2024-04-12T17:57:40.000000000Z[0m [1;33m[WARN] TRADER-001.nautilus_common::cache: Cannot calculate unrealized PnL for P-20240412-173010-001-140721478229192-4, no quotes for BTCUSDT-PERP.BINANCE[0m
[1m2024-04-12T17:57:50.000000000Z[0m [1;33m[WARN] TRADER-001.nautilus_common::cache: Cannot calculate unrealized PnL for P-20240412-173010-001-140721478229192-4, no quotes for BTCUSDT-PERP.BINANCE[0m
[1m2024-04-12T17:57:59.999000000Z[0m [1;33m[WARN] TRADER-001.nautilus_common::cache: Cannot calculate unrealized PnL for P-20240412-173010-001-140721478229192-4, no quotes for BTCUSDT-PERP.BINANCE[0m
[1m2024-04-12T17:58:00.000000000Z[0m [1;33m[WARN] TRADER-001.nautilus_common::cache: Cannot calculate unrealized PnL for P-20240412-173010-001-140721478229192-4, no quotes for BTCUSDT-PERP.BINANCE[0m
[1m2024-04-12T17:58:10.000000000Z[0m [1;33m[WARN] TRADER-001.nautilus_common::cache: Cannot calculate unrealized PnL for P-20240412-173010-001-140721478229192-4, no quotes for BTCUSDT-PERP.BINANCE[0m
[1m2024-04-12T17:58:20.000000000Z[0m [1;33m[WARN] TRADER-001.nautilus_common::cache: Cannot calculate unrealized PnL for P-20240412-173010-001-140721478229192-4, no quotes for BTCUSDT-PERP.BINANCE[0m
[1m2024-04-12T17:58:30.000000000Z[0m [1;33m[WARN] TRADER-001.nautilus_common::cache: Cannot calculate unrealized PnL for P-20240412-173010-001-140721478229192-4, no quotes for BTCUSDT-PERP.BINANCE[0m
[1m2024-04-12T17:58:40.000000000Z[0m [1;33m[WARN] TRADER-001.nautilus_common::cache: Cannot calculate unrealized PnL for P-20240412-173010-001-140721478229192-4, no quotes for BTCUSDT-PERP.BINANCE[0m
[1m2024-04-12T17:58:50.000000000Z[0m [1;33m[WARN] TRADER-001.nautilus_common::cache: Cannot calculate unrealized PnL for P-20240412-173010-001-140721478229192-4, no quotes for BTCUSDT-PERP.BINANCE[0m
[1m2024-04-12T17:58:59.999000000Z[0m [1;33m[WARN] TRADER-001.nautilus_common::cache: Cannot calculate unrealized PnL for P-20240412-173010-001-140721478229192-4, no quotes for BTCUSDT-PERP.BINANCE[0m
[1m2024-04-12T17:59:00.000000000Z[0m [1;33m[WARN] TRADER-001.nautilus_common::cache: Cannot calculate unrealized PnL for P-20240412-173010-001-140721478229192-4, no quotes for BTCUSDT-PERP.BINANCE[0m
[1m2024-04-12T17:59:10.000000000Z[0m [1;33m[WARN] TRADER-001.nautilus_common::cache: Cannot calculate unrealized PnL for P-20240412-173010-001-140721478229192-4, no quotes for BTCUSDT-PERP.BINANCE[0m
[1m2024-04-12T17:59:20.000000000Z[0m [1;33m[WARN] TRADER-001.nautilus_common::cache: Cannot calculate unrealized PnL for P-20240412-173010-001-140721478229192-4, no quotes for BTCUSDT-PERP.BINANCE[0m
[1m2024-04-12T17:59:30.000000000Z[0m [1;33m[WARN] TRADER-001.nautilus_common::cache: Cannot calculate unrealized PnL for P-20240412-173010-001-140721478229192-4, no quotes for BTCUSDT-PERP.BINANCE[0m
[1m2024-04-12T17:59:40.000000000Z[0m [1;33m[WARN] TRADER-001.nautilus_common::cache: Cannot calculate unrealized PnL for P-20240412-173010-001-140721478229192-4, no quotes for BTCUSDT-PERP.BINANCE[0m
[1m2024-04-12T17:59:50.000000000Z[0m [1;33m[WARN] TRADER-001.nautilus_common::cache: Cannot calculate unrealized PnL for P-20240412-173010-001-140721478229192-4, no quotes for BTCUSDT-PERP.BINANCE[0m
[1m2024-04-12T17:59:59.999000000Z[0m [1;33m[WARN] TRADER-001.nautilus_common::cache: Cannot calculate unrealized PnL for P-20240412-173010-001-140721478229192-4, no quotes for BTCUSDT-PERP.BINANCE[0m
[1m2024-04-12T18:00:00.000000000Z[0m [1;33m[WARN] TRADER-001.nautilus_common::cache: Cannot calculate unrealized PnL for P-20240412-173010-001-140721478229192-4, no quotes for BTCUSDT-PERP.BINANCE[0m
[1m2024-04-12T18:00:10.000000000Z[0m [1;33m[WARN] TRADER-001.nautilus_common::cache: Cannot calculate unrealized PnL for P-20240412-173010-001-140721478229192-4, no quotes for BTCUSDT-PERP.BINANCE[0m
[1m2024-04-12T18:00:20.000000000Z[0m [1;33m[WARN] TRADER-001.nautilus_common::cache: Cannot calculate unrealized PnL for P-20240412-173010-001-140721478229192-4, no quotes for BTCUSDT-PERP.BINANCE[0m
[1m2024-04-12T18:00:30.000000000Z[0m [1;33m[WARN] TRADER-001.nautilus_common::cache: Cannot calculate unrealized PnL for P-20240412-173010-001-140721478229192-4, no quotes for BTCUSDT-PERP.BINANCE[0m
[1m2024-04-12T18:00:40.000000000Z[0m [1;33m[WARN] TRADER-001.nautilus_common::cache: Cannot calculate unrealized PnL for P-20240412-173010-001-140721478229192-4, no quotes for BTCUSDT-PERP.BINANCE[0m
[1m2024-04-12T18:00:50.000000000Z[0m [1;33m[WARN] TRADER-001.nautilus_common::cache: Cannot calculate unrealized PnL for P-20240412-173010-001-140721478229192-4, no quotes for BTCUSDT-PERP.BINANCE[0m
[1m2024-04-12T18:00:59.999000000Z[0m [1;33m[WARN] TRADER-001.nautilus_common::cache: Cannot calculate unrealized PnL for P-20240412-173010-001-140721478229192-4, no quotes for BTCUSDT-PERP.BINANCE[0m
[1m2024-04-12T18:01:00.000000000Z[0m [1;33m[WARN] TRADER-001.nautilus_common::cache: Cannot calculate unrealized PnL for P-20240412-173010-001-140721478229192-4, no quotes for BTCUSDT-PERP.BINANCE[0m
[1m2024-04-12T18:01:10.000000000Z[0m [1;33m[WARN] TRADER-001.nautilus_common::cache: Cannot calculate unrealized PnL for P-20240412-173010-001-140721478229192-4, no quotes for BTCUSDT-PERP.BINANCE[0m
[1m2024-04-12T18:01:20.000000000Z[0m [1;33m[WARN] TRADER-001.nautilus_common::cache: Cannot calculate unrealized PnL for P-20240412-173010-001-140721478229192-4, no quotes for BTCUSDT-PERP.BINANCE[0m
[1m2024-04-12T18:01:30.000000000Z[0m [1;33m[WARN] TRADER-001.nautilus_common::cache: Cannot calculate unrealized PnL for P-20240412-173010-001-140721478229192-4, no quotes for BTCUSDT-PERP.BINANCE[0m
[1m2024-04-12T18:01:40.000000000Z[0m [1;33m[WARN] TRADER-001.nautilus_common::cache: Cannot calculate unrealized PnL for P-20240412-173010-001-140721478229192-4, no quotes for BTCUSDT-PERP.BINANCE[0m
[1m2024-04-12T18:01:50.000000000Z[0m [1;33m[WARN] TRADER-001.nautilus_common::cache: Cannot calculate unrealized PnL for P-20240412-173010-001-140721478229192-4, no quotes for BTCUSDT-PERP.BINANCE[0m
[1m2024-04-12T18:01:59.999000000Z[0m [1;33m[WARN] TRADER-001.nautilus_common::cache: Cannot calculate unrealized PnL for P-20240412-173010-001-140721478229192-4, no quotes for BTCUSDT-PERP.BINANCE[0m
[1m2024-04-12T18:02:00.000000000Z[0m [1;33m[WARN] TRADER-001.nautilus_common::cache: Cannot calculate unrealized PnL for P-20240412-173010-001-140721478229192-4, no quotes for BTCUSDT-PERP.BINANCE[0m
[1m2024-04-12T18:02:10.000000000Z[0m [1;33m[WARN] TRADER-001.nautilus_common::cache: Cannot calculate unrealized PnL for P-20240412-173010-001-140721478229192-4, no quotes for BTCUSDT-PERP.BINANCE[0m
[1m2024-04-12T18:02:20.000000000Z[0m [1;33m[WARN] TRADER-001.nautilus_common::cache: Cannot calculate unrealized PnL for P-20240412-173010-001-140721478229192-4, no quotes for BTCUSDT-PERP.BINANCE[0m
[1m2024-04-12T18:02:30.000000000Z[0m [1;33m[WARN] TRADER-001.nautilus_common::cache: Cannot calculate unrealized PnL for P-20240412-173010-001-140721478229192-4, no quotes for BTCUSDT-PERP.BINANCE[0m
[1m2024-04-12T18:02:40.000000000Z[0m [1;33m[WARN] TRADER-001.nautilus_common::cache: Cannot calculate unrealized PnL for P-20240412-173010-001-140721478229192-4, no quotes for BTCUSDT-PERP.BINANCE[0m
[1m2024-04-12T18:02:50.000000000Z[0m [1;33m[WARN] TRADER-001.nautilus_common::cache: Cannot calculate unrealized PnL for P-20240412-173010-001-140721478229192-4, no quotes for BTCUSDT-PERP.BINANCE[0m
[1m2024-04-12T18:02:59.999000000Z[0m [1;33m[WARN] TRADER-001.nautilus_common::cache: Cannot calculate unrealized PnL for P-20240412-173010-001-140721478229192-4, no quotes for BTCUSDT-PERP.BINANCE[0m
[1m2024-04-12T18:03:00.000000000Z[0m [1;33m[WARN] TRADER-001.nautilus_common::cache: Cannot calculate unrealized PnL for P-20240412-173010-001-140721478229192-4, no quotes for BTCUSDT-PERP.BINANCE[0m
[1m2024-04-12T18:03:10.000000000Z[0m [1;33m[WARN] TRADER-001.nautilus_common::cache: Cannot calculate unrealized PnL for P-20240412-173010-001-140721478229192-4, no quotes for BTCUSDT-PERP.BINANCE[0m
[1m2024-04-12T18:03:20.000000000Z[0m [1;33m[WARN] TRADER-001.nautilus_common::cache: Cannot calculate unrealized PnL for P-20240412-173010-001-140721478229192-4, no quotes for BTCUSDT-PERP.BINANCE[0m
[1m2024-04-12T18:03:30.000000000Z[0m [1;33m[WARN] TRADER-001.nautilus_common::cache: Cannot calculate unrealized PnL for P-20240412-173010-001-140721478229192-4, no quotes for BTCUSDT-PERP.BINANCE[0m
[1m2024-04-12T18:03:40.000000000Z[0m [1;33m[WARN] TRADER-001.nautilus_common::cache: Cannot calculate unrealized PnL for P-20240412-173010-001-140721478229192-4, no quotes for BTCUSDT-PERP.BINANCE[0m
[1m2024-04-12T18:03:50.000000000Z[0m [1;33m[WARN] TRADER-001.nautilus_common::cache: Cannot calculate unrealized PnL for P-20240412-173010-001-140721478229192-4, no quotes for BTCUSDT-PERP.BINANCE[0m
[1m2024-04-12T18:03:59.999000000Z[0m [1;33m[WARN] TRADER-001.nautilus_common::cache: Cannot calculate unrealized PnL for P-20240412-173010-001-140721478229192-4, no quotes for BTCUSDT-PERP.BINANCE[0m
[1m2024-04-12T18:04:00.000000000Z[0m [1;33m[WARN] TRADER-001.nautilus_common::cache: Cannot calculate unrealized PnL for P-20240412-173010-001-140721478229192-4, no quotes for BTCUSDT-PERP.BINANCE[0m
[1m2024-04-12T18:04:10.000000000Z[0m [1;33m[WARN] TRADER-001.nautilus_common::cache: Cannot calculate unrealized PnL for P-20240412-173010-001-140721478229192-4, no quotes for BTCUSDT-PERP.BINANCE[0m
[1m2024-04-12T18:04:20.000000000Z[0m [1;33m[WARN] TRADER-001.nautilus_common::cache: Cannot calculate unrealized PnL for P-20240412-173010-001-140721478229192-4, no quotes for BTCUSDT-PERP.BINANCE[0m
[1m2024-04-12T18:04:30.000000000Z[0m [1;33m[WARN] TRADER-001.nautilus_common::cache: Cannot calculate unrealized PnL for P-20240412-173010-001-140721478229192-4, no quotes for BTCUSDT-PERP.BINANCE[0m
[1m2024-04-12T18:04:40.000000000Z[0m [1;33m[WARN] TRADER-001.nautilus_common::cache: Cannot calculate unrealized PnL for P-20240412-173010-001-140721478229192-4, no quotes for BTCUSDT-PERP.BINANCE[0m
[1m2024-04-12T18:04:50.000000000Z[0m [1;33m[WARN] TRADER-001.nautilus_common::cache: Cannot calculate unrealized PnL for P-20240412-173010-001-140721478229192-4, no quotes for BTCUSDT-PERP.BINANCE[0m
[1m2024-04-12T18:04:59.999000000Z[0m [1;33m[WARN] TRADER-001.nautilus_common::cache: Cannot calculate unrealized PnL for P-20240412-173010-001-140721478229192-4, no quotes for BTCUSDT-PERP.BINANCE[0m
[1m2024-04-12T18:05:00.000000000Z[0m [1;33m[WARN] TRADER-001.nautilus_common::cache: Cannot calculate unrealized PnL for P-20240412-173010-001-140721478229192-4, no quotes for BTCUSDT-PERP.BINANCE[0m
[1m2024-04-12T18:05:10.000000000Z[0m [1;33m[WARN] TRADER-001.nautilus_common::cache: Cannot calculate unrealized PnL for P-20240412-173010-001-140721478229192-4, no quotes for BTCUSDT-PERP.BINANCE[0m
[1m2024-04-12T18:05:20.000000000Z[0m [1;33m[WARN] TRADER-001.nautilus_common::cache: Cannot calculate unrealized PnL for P-20240412-173010-001-140721478229192-4, no quotes for BTCUSDT-PERP.BINANCE[0m
[1m2024-04-12T18:05:30.000000000Z[0m [1;33m[WARN] TRADER-001.nautilus_common::cache: Cannot calculate unrealized PnL for P-20240412-173010-001-140721478229192-4, no quotes for BTCUSDT-PERP.BINANCE[0m
[1m2024-04-12T18:05:40.000000000Z[0m [1;33m[WARN] TRADER-001.nautilus_common::cache: Cannot calculate unrealized PnL for P-20240412-173010-001-140721478229192-4, no quotes for BTCUSDT-PERP.BINANCE[0m
[1m2024-04-12T18:05:50.000000000Z[0m [1;33m[WARN] TRADER-001.nautilus_common::cache: Cannot calculate unrealized PnL for P-20240412-173010-001-140721478229192-4, no quotes for BTCUSDT-PERP.BINANCE[0m
[1m2024-04-12T18:05:59.999000000Z[0m [1;33m[WARN] TRADER-001.nautilus_common::cache: Cannot calculate unrealized PnL for P-20240412-173010-001-140721478229192-4, no quotes for BTCUSDT-PERP.BINANCE[0m
[1m2024-04-12T18:06:00.000000000Z[0m [1;33m[WARN] TRADER-001.nautilus_common::cache: Cannot calculate unrealized PnL for P-20240412-173010-001-140721478229192-4, no quotes for BTCUSDT-PERP.BINANCE[0m
[1m2024-04-12T18:06:10.000000000Z[0m [1;33m[WARN] TRADER-001.nautilus_common::cache: Cannot calculate unrealized PnL for P-20240412-173010-001-140721478229192-4, no quotes for BTCUSDT-PERP.BINANCE[0m
[1m2024-04-12T18:06:20.000000000Z[0m [1;33m[WARN] TRADER-001.nautilus_common::cache: Cannot calculate unrealized PnL for P-20240412-173010-001-140721478229192-4, no quotes for BTCUSDT-PERP.BINANCE[0m
[1m2024-04-12T18:06:30.000000000Z[0m [1;33m[WARN] TRADER-001.nautilus_common::cache: Cannot calculate unrealized PnL for P-20240412-173010-001-140721478229192-4, no quotes for BTCUSDT-PERP.BINANCE[0m
[1m2024-04-12T18:06:40.000000000Z[0m [1;33m[WARN] TRADER-001.nautilus_common::cache: Cannot calculate unrealized PnL for P-20240412-173010-001-140721478229192-4, no quotes for BTCUSDT-PERP.BINANCE[0m
[1m2024-04-12T18:06:50.000000000Z[0m [1;33m[WARN] TRADER-001.nautilus_common::cache: Cannot calculate unrealized PnL for P-20240412-173010-001-140721478229192-4, no quotes for BTCUSDT-PERP.BINANCE[0m
[1m2024-04-12T18:06:59.999000000Z[0m [1;33m[WARN] TRADER-001.nautilus_common::cache: Cannot calculate unrealized PnL for P-20240412-173010-001-140721478229192-4, no quotes for BTCUSDT-PERP.BINANCE[0m
[1m2024-04-12T18:07:00.000000000Z[0m [1;33m[WARN] TRADER-001.nautilus_common::cache: Cannot calculate unrealized PnL for P-20240412-173010-001-140721478229192-4, no quotes for BTCUSDT-PERP.BINANCE[0m
[1m2024-04-12T18:07:10.000000000Z[0m [1;33m[WARN] TRADER-001.nautilus_common::cache: Cannot calculate unrealized PnL for P-20240412-173010-001-140721478229192-4, no quotes for BTCUSDT-PERP.BINANCE[0m
[1m2024-04-12T18:07:20.000000000Z[0m [1;33m[WARN] TRADER-001.nautilus_common::cache: Cannot calculate unrealized PnL for P-20240412-173010-001-140721478229192-4, no quotes for BTCUSDT-PERP.BINANCE[0m
[1m2024-04-12T18:07:30.000000000Z[0m [1;33m[WARN] TRADER-001.nautilus_common::cache: Cannot calculate unrealized PnL for P-20240412-173010-001-140721478229192-4, no quotes for BTCUSDT-PERP.BINANCE[0m
[1m2024-04-12T18:07:40.000000000Z[0m [1;33m[WARN] TRADER-001.nautilus_common::cache: Cannot calculate unrealized PnL for P-20240412-173010-001-140721478229192-4, no quotes for BTCUSDT-PERP.BINANCE[0m
[1m2024-04-12T18:07:50.000000000Z[0m [1;33m[WARN] TRADER-001.nautilus_common::cache: Cannot calculate unrealized PnL for P-20240412-173010-001-140721478229192-4, no quotes for BTCUSDT-PERP.BINANCE[0m
[1m2024-04-12T18:07:59.999000000Z[0m [1;33m[WARN] TRADER-001.nautilus_common::cache: Cannot calculate unrealized PnL for P-20240412-173010-001-140721478229192-4, no quotes for BTCUSDT-PERP.BINANCE[0m
[1m2024-04-12T18:08:00.000000000Z[0m [1;33m[WARN] TRADER-001.nautilus_common::cache: Cannot calculate unrealized PnL for P-20240412-173010-001-140721478229192-4, no quotes for BTCUSDT-PERP.BINANCE[0m
[1m2024-04-12T18:08:10.000000000Z[0m [1;33m[WARN] TRADER-001.nautilus_common::cache: Cannot calculate unrealized PnL for P-20240412-173010-001-140721478229192-4, no quotes for BTCUSDT-PERP.BINANCE[0m
[1m2024-04-12T18:08:20.000000000Z[0m [1;33m[WARN] TRADER-001.nautilus_common::cache: Cannot calculate unrealized PnL for P-20240412-173010-001-140721478229192-4, no quotes for BTCUSDT-PERP.BINANCE[0m
[1m2024-04-12T18:08:30.000000000Z[0m [1;33m[WARN] TRADER-001.nautilus_common::cache: Cannot calculate unrealized PnL for P-20240412-173010-001-140721478229192-4, no quotes for BTCUSDT-PERP.BINANCE[0m
[1m2024-04-12T18:08:40.000000000Z[0m [1;33m[WARN] TRADER-001.nautilus_common::cache: Cannot calculate unrealized PnL for P-20240412-173010-001-140721478229192-4, no quotes for BTCUSDT-PERP.BINANCE[0m
[1m2024-04-12T18:08:50.000000000Z[0m [1;33m[WARN] TRADER-001.nautilus_common::cache: Cannot calculate unrealized PnL for P-20240412-173010-001-140721478229192-4, no quotes for BTCUSDT-PERP.BINANCE[0m
[1m2024-04-12T18:08:59.999000000Z[0m [1;33m[WARN] TRADER-001.nautilus_common::cache: Cannot calculate unrealized PnL for P-20240412-173010-001-140721478229192-4, no quotes for BTCUSDT-PERP.BINANCE[0m
[1m2024-04-12T18:09:00.000000000Z[0m [1;33m[WARN] TRADER-001.nautilus_common::cache: Cannot calculate unrealized PnL for P-20240412-173010-001-140721478229192-4, no quotes for BTCUSDT-PERP.BINANCE[0m
[1m2024-04-12T18:09:10.000000000Z[0m [1;33m[WARN] TRADER-001.nautilus_common::cache: Cannot calculate unrealized PnL for P-20240412-173010-001-140721478229192-4, no quotes for BTCUSDT-PERP.BINANCE[0m
[1m2024-04-12T18:09:20.000000000Z[0m [1;33m[WARN] TRADER-001.nautilus_common::cache: Cannot calculate unrealized PnL for P-20240412-173010-001-140721478229192-4, no quotes for BTCUSDT-PERP.BINANCE[0m
[1m2024-04-12T18:09:30.000000000Z[0m [1;33m[WARN] TRADER-001.nautilus_common::cache: Cannot calculate unrealized PnL for P-20240412-173010-001-140721478229192-4, no quotes for BTCUSDT-PERP.BINANCE[0m
[1m2024-04-12T18:09:40.000000000Z[0m [1;33m[WARN] TRADER-001.nautilus_common::cache: Cannot calculate unrealized PnL for P-20240412-173010-001-140721478229192-4, no quotes for BTCUSDT-PERP.BINANCE[0m
[1m2024-04-12T18:09:50.000000000Z[0m [1;33m[WARN] TRADER-001.nautilus_common::cache: Cannot calculate unrealized PnL for P-20240412-173010-001-140721478229192-4, no quotes for BTCUSDT-PERP.BINANCE[0m
[1m2024-04-12T18:09:59.999000000Z[0m [1;33m[WARN] TRADER-001.nautilus_common::cache: Cannot calculate unrealized PnL for P-20240412-173010-001-140721478229192-4, no quotes for BTCUSDT-PERP.BINANCE[0m
[1m2024-04-12T18:10:00.000000000Z[0m [1;33m[WARN] TRADER-001.nautilus_common::cache: Cannot calculate unrealized PnL for P-20240412-173010-001-140721478229192-4, no quotes for BTCUSDT-PERP.BINANCE[0m
[1m2024-04-12T18:10:10.000000000Z[0m [1;33m[WARN] TRADER-001.nautilus_common::cache: Cannot calculate unrealized PnL for P-20240412-173010-001-140721478229192-4, no quotes for BTCUSDT-PERP.BINANCE[0m
[1m2024-04-12T18:10:20.000000000Z[0m [1;33m[WARN] TRADER-001.nautilus_common::cache: Cannot calculate unrealized PnL for P-20240412-173010-001-140721478229192-4, no quotes for BTCUSDT-PERP.BINANCE[0m
[1m2024-04-12T18:10:30.000000000Z[0m [1;33m[WARN] TRADER-001.nautilus_common::cache: Cannot calculate unrealized PnL for P-20240412-173010-001-140721478229192-4, no quotes for BTCUSDT-PERP.BINANCE[0m
[1m2024-04-12T18:10:40.000000000Z[0m [1;33m[WARN] TRADER-001.nautilus_common::cache: Cannot calculate unrealized PnL for P-20240412-173010-001-140721478229192-4, no quotes for BTCUSDT-PERP.BINANCE[0m
[1m2024-04-12T18:10:50.000000000Z[0m [1;33m[WARN] TRADER-001.nautilus_common::cache: Cannot calculate unrealized PnL for P-20240412-173010-001-140721478229192-4, no quotes for BTCUSDT-PERP.BINANCE[0m
[1m2024-04-12T18:10:59.999000000Z[0m [1;33m[WARN] TRADER-001.nautilus_common::cache: Cannot calculate unrealized PnL for P-20240412-173010-001-140721478229192-4, no quotes for BTCUSDT-PERP.BINANCE[0m
[1m2024-04-12T18:11:00.000000000Z[0m [1;33m[WARN] TRADER-001.nautilus_common::cache: Cannot calculate unrealized PnL for P-20240412-173010-001-140721478229192-4, no quotes for BTCUSDT-PERP.BINANCE[0m
[1m2024-04-12T18:11:10.000000000Z[0m [1;33m[WARN] TRADER-001.nautilus_common::cache: Cannot calculate unrealized PnL for P-20240412-173010-001-140721478229192-4, no quotes for BTCUSDT-PERP.BINANCE[0m
[1m2024-04-12T18:11:20.000000000Z[0m [1;33m[WARN] TRADER-001.nautilus_common::cache: Cannot calculate unrealized PnL for P-20240412-173010-001-140721478229192-4, no quotes for BTCUSDT-PERP.BINANCE[0m
[1m2024-04-12T18:11:30.000000000Z[0m [1;33m[WARN] TRADER-001.nautilus_common::cache: Cannot calculate unrealized PnL for P-20240412-173010-001-140721478229192-4, no quotes for BTCUSDT-PERP.BINANCE[0m
[1m2024-04-12T18:11:40.000000000Z[0m [1;33m[WARN] TRADER-001.nautilus_common::cache: Cannot calculate unrealized PnL for P-20240412-173010-001-140721478229192-4, no quotes for BTCUSDT-PERP.BINANCE[0m
[1m2024-04-12T18:11:50.000000000Z[0m [1;33m[WARN] TRADER-001.nautilus_common::cache: Cannot calculate unrealized PnL for P-20240412-173010-001-140721478229192-4, no quotes for BTCUSDT-PERP.BINANCE[0m
[1m2024-04-12T18:11:59.999000000Z[0m [1;33m[WARN] TRADER-001.nautilus_common::cache: Cannot calculate unrealized PnL for P-20240412-173010-001-140721478229192-4, no quotes for BTCUSDT-PERP.BINANCE[0m
[1m2024-04-12T18:12:00.000000000Z[0m [1;33m[WARN] TRADER-001.nautilus_common::cache: Cannot calculate unrealized PnL for P-20240412-173010-001-140721478229192-4, no quotes for BTCUSDT-PERP.BINANCE[0m
[1m2024-04-12T18:12:10.000000000Z[0m [1;33m[WARN] TRADER-001.nautilus_common::cache: Cannot calculate unrealized PnL for P-20240412-173010-001-140721478229192-4, no quotes for BTCUSDT-PERP.BINANCE[0m
[1m2024-04-12T18:12:20.000000000Z[0m [1;33m[WARN] TRADER-001.nautilus_common::cache: Cannot calculate unrealized PnL for P-20240412-173010-001-140721478229192-4, no quotes for BTCUSDT-PERP.BINANCE[0m
[1m2024-04-12T18:12:30.000000000Z[0m [1;33m[WARN] TRADER-001.nautilus_common::cache: Cannot calculate unrealized PnL for P-20240412-173010-001-140721478229192-4, no quotes for BTCUSDT-PERP.BINANCE[0m
[1m2024-04-12T18:12:40.000000000Z[0m [1;33m[WARN] TRADER-001.nautilus_common::cache: Cannot calculate unrealized PnL for P-20240412-173010-001-140721478229192-4, no quotes for BTCUSDT-PERP.BINANCE[0m
[1m2024-04-12T18:12:50.000000000Z[0m [1;33m[WARN] TRADER-001.nautilus_common::cache: Cannot calculate unrealized PnL for P-20240412-173010-001-140721478229192-4, no quotes for BTCUSDT-PERP.BINANCE[0m
[1m2024-04-12T18:12:59.999000000Z[0m [1;33m[WARN] TRADER-001.nautilus_common::cache: Cannot calculate unrealized PnL for P-20240412-173010-001-140721478229192-4, no quotes for BTCUSDT-PERP.BINANCE[0m
[1m2024-04-12T18:13:00.000000000Z[0m [1;33m[WARN] TRADER-001.nautilus_common::cache: Cannot calculate unrealized PnL for P-20240412-173010-001-140721478229192-4, no quotes for BTCUSDT-PERP.BINANCE[0m
[1m2024-04-12T18:13:10.000000000Z[0m [1;33m[WARN] TRADER-001.nautilus_common::cache: Cannot calculate unrealized PnL for P-20240412-173010-001-140721478229192-4, no quotes for BTCUSDT-PERP.BINANCE[0m
[1m2024-04-12T18:13:20.000000000Z[0m [1;33m[WARN] TRADER-001.nautilus_common::cache: Cannot calculate unrealized PnL for P-20240412-173010-001-140721478229192-4, no quotes for BTCUSDT-PERP.BINANCE[0m
[1m2024-04-12T18:13:30.000000000Z[0m [1;33m[WARN] TRADER-001.nautilus_common::cache: Cannot calculate unrealized PnL for P-20240412-173010-001-140721478229192-4, no quotes for BTCUSDT-PERP.BINANCE[0m
[1m2024-04-12T18:13:40.000000000Z[0m [1;33m[WARN] TRADER-001.nautilus_common::cache: Cannot calculate unrealized PnL for P-20240412-173010-001-140721478229192-4, no quotes for BTCUSDT-PERP.BINANCE[0m
[1m2024-04-12T18:13:50.000000000Z[0m [1;33m[WARN] TRADER-001.nautilus_common::cache: Cannot calculate unrealized PnL for P-20240412-173010-001-140721478229192-4, no quotes for BTCUSDT-PERP.BINANCE[0m
[1m2024-04-12T18:13:59.999000000Z[0m [1;33m[WARN] TRADER-001.nautilus_common::cache: Cannot calculate unrealized PnL for P-20240412-173010-001-140721478229192-4, no quotes for BTCUSDT-PERP.BINANCE[0m
[1m2024-04-12T18:14:00.000000000Z[0m [1;33m[WARN] TRADER-001.nautilus_common::cache: Cannot calculate unrealized PnL for P-20240412-173010-001-140721478229192-4, no quotes for BTCUSDT-PERP.BINANCE[0m
[1m2024-04-12T18:14:10.000000000Z[0m [1;33m[WARN] TRADER-001.nautilus_common::cache: Cannot calculate unrealized PnL for P-20240412-173010-001-140721478229192-4, no quotes for BTCUSDT-PERP.BINANCE[0m
[1m2024-04-12T18:14:20.000000000Z[0m [1;33m[WARN] TRADER-001.nautilus_common::cache: Cannot calculate unrealized PnL for P-20240412-173010-001-140721478229192-4, no quotes for BTCUSDT-PERP.BINANCE[0m
[1m2024-04-12T18:14:30.000000000Z[0m [1;33m[WARN] TRADER-001.nautilus_common::cache: Cannot calculate unrealized PnL for P-20240412-173010-001-140721478229192-4, no quotes for BTCUSDT-PERP.BINANCE[0m
[1m2024-04-12T18:14:40.000000000Z[0m [1;33m[WARN] TRADER-001.nautilus_common::cache: Cannot calculate unrealized PnL for P-20240412-173010-001-140721478229192-4, no quotes for BTCUSDT-PERP.BINANCE[0m
[1m2024-04-12T18:14:50.000000000Z[0m [1;33m[WARN] TRADER-001.nautilus_common::cache: Cannot calculate unrealized PnL for P-20240412-173010-001-140721478229192-4, no quotes for BTCUSDT-PERP.BINANCE[0m
[1m2024-04-12T18:14:59.999000000Z[0m [1;33m[WARN] TRADER-001.nautilus_common::cache: Cannot calculate unrealized PnL for P-20240412-173010-001-140721478229192-4, no quotes for BTCUSDT-PERP.BINANCE[0m
[1m2024-04-12T18:15:00.000000000Z[0m [1;33m[WARN] TRADER-001.nautilus_common::cache: Cannot calculate unrealized PnL for P-20240412-173010-001-140721478229192-4, no quotes for BTCUSDT-PERP.BINANCE[0m
[1m2024-04-12T18:15:10.000000000Z[0m [1;33m[WARN] TRADER-001.nautilus_common::cache: Cannot calculate unrealized PnL for P-20240412-173010-001-140721478229192-4, no quotes for BTCUSDT-PERP.BINANCE[0m
[1m2024-04-12T18:15:20.000000000Z[0m [1;33m[WARN] TRADER-001.nautilus_common::cache: Cannot calculate unrealized PnL for P-20240412-173010-001-140721478229192-4, no quotes for BTCUSDT-PERP.BINANCE[0m
[1m2024-04-12T18:15:30.000000000Z[0m [1;33m[WARN] TRADER-001.nautilus_common::cache: Cannot calculate unrealized PnL for P-20240412-173010-001-140721478229192-4, no quotes for BTCUSDT-PERP.BINANCE[0m
[1m2024-04-12T18:15:40.000000000Z[0m [1;33m[WARN] TRADER-001.nautilus_common::cache: Cannot calculate unrealized PnL for P-20240412-173010-001-140721478229192-4, no quotes for BTCUSDT-PERP.BINANCE[0m
[1m2024-04-12T18:15:50.000000000Z[0m [1;33m[WARN] TRADER-001.nautilus_common::cache: Cannot calculate unrealized PnL for P-20240412-173010-001-140721478229192-4, no quotes for BTCUSDT-PERP.BINANCE[0m
[1m2024-04-12T18:15:59.999000000Z[0m [1;33m[WARN] TRADER-001.nautilus_common::cache: Cannot calculate unrealized PnL for P-20240412-173010-001-140721478229192-4, no quotes for BTCUSDT-PERP.BINANCE[0m
[1m2024-04-12T18:16:00.000000000Z[0m [1;33m[WARN] TRADER-001.nautilus_common::cache: Cannot calculate unrealized PnL for P-20240412-173010-001-140721478229192-4, no quotes for BTCUSDT-PERP.BINANCE[0m
[1m2024-04-12T18:16:10.000000000Z[0m [1;33m[WARN] TRADER-001.nautilus_common::cache: Cannot calculate unrealized PnL for P-20240412-173010-001-140721478229192-4, no quotes for BTCUSDT-PERP.BINANCE[0m
[1m2024-04-12T18:16:20.000000000Z[0m [1;33m[WARN] TRADER-001.nautilus_common::cache: Cannot calculate unrealized PnL for P-20240412-173010-001-140721478229192-4, no quotes for BTCUSDT-PERP.BINANCE[0m
[1m2024-04-12T18:16:30.000000000Z[0m [1;33m[WARN] TRADER-001.nautilus_common::cache: Cannot calculate unrealized PnL for P-20240412-173010-001-140721478229192-4, no quotes for BTCUSDT-PERP.BINANCE[0m
[1m2024-04-12T18:16:40.000000000Z[0m [1;33m[WARN] TRADER-001.nautilus_common::cache: Cannot calculate unrealized PnL for P-20240412-173010-001-140721478229192-4, no quotes for BTCUSDT-PERP.BINANCE[0m
[1m2024-04-12T18:16:50.000000000Z[0m [1;33m[WARN] TRADER-001.nautilus_common::cache: Cannot calculate unrealized PnL for P-20240412-173010-001-140721478229192-4, no quotes for BTCUSDT-PERP.BINANCE[0m
[1m2024-04-12T18:16:59.999000000Z[0m [1;33m[WARN] TRADER-001.nautilus_common::cache: Cannot calculate unrealized PnL for P-20240412-173010-001-140721478229192-4, no quotes for BTCUSDT-PERP.BINANCE[0m
[1m2024-04-12T18:17:00.000000000Z[0m [1;33m[WARN] TRADER-001.nautilus_common::cache: Cannot calculate unrealized PnL for P-20240412-173010-001-140721478229192-4, no quotes for BTCUSDT-PERP.BINANCE[0m
[1m2024-04-12T18:17:10.000000000Z[0m [1;33m[WARN] TRADER-001.nautilus_common::cache: Cannot calculate unrealized PnL for P-20240412-173010-001-140721478229192-4, no quotes for BTCUSDT-PERP.BINANCE[0m
[1m2024-04-12T18:17:20.000000000Z[0m [1;33m[WARN] TRADER-001.nautilus_common::cache: Cannot calculate unrealized PnL for P-20240412-173010-001-140721478229192-4, no quotes for BTCUSDT-PERP.BINANCE[0m
[1m2024-04-12T18:17:30.000000000Z[0m [1;33m[WARN] TRADER-001.nautilus_common::cache: Cannot calculate unrealized PnL for P-20240412-173010-001-140721478229192-4, no quotes for BTCUSDT-PERP.BINANCE[0m
[1m2024-04-12T18:17:40.000000000Z[0m [1;33m[WARN] TRADER-001.nautilus_common::cache: Cannot calculate unrealized PnL for P-20240412-173010-001-140721478229192-4, no quotes for BTCUSDT-PERP.BINANCE[0m
[1m2024-04-12T18:17:50.000000000Z[0m [1;33m[WARN] TRADER-001.nautilus_common::cache: Cannot calculate unrealized PnL for P-20240412-173010-001-140721478229192-4, no quotes for BTCUSDT-PERP.BINANCE[0m
[1m2024-04-12T18:17:59.999000000Z[0m [1;33m[WARN] TRADER-001.nautilus_common::cache: Cannot calculate unrealized PnL for P-20240412-173010-001-140721478229192-4, no quotes for BTCUSDT-PERP.BINANCE[0m
[1m2024-04-12T18:18:00.000000000Z[0m [1;33m[WARN] TRADER-001.nautilus_common::cache: Cannot calculate unrealized PnL for P-20240412-173010-001-140721478229192-4, no quotes for BTCUSDT-PERP.BINANCE[0m
[1m2024-04-12T18:18:10.000000000Z[0m [1;33m[WARN] TRADER-001.nautilus_common::cache: Cannot calculate unrealized PnL for P-20240412-173010-001-140721478229192-4, no quotes for BTCUSDT-PERP.BINANCE[0m
[1m2024-04-12T18:18:20.000000000Z[0m [1;33m[WARN] TRADER-001.nautilus_common::cache: Cannot calculate unrealized PnL for P-20240412-173010-001-140721478229192-4, no quotes for BTCUSDT-PERP.BINANCE[0m
[1m2024-04-12T18:18:30.000000000Z[0m [1;33m[WARN] TRADER-001.nautilus_common::cache: Cannot calculate unrealized PnL for P-20240412-173010-001-140721478229192-4, no quotes for BTCUSDT-PERP.BINANCE[0m
[1m2024-04-12T18:18:40.000000000Z[0m [1;33m[WARN] TRADER-001.nautilus_common::cache: Cannot calculate unrealized PnL for P-20240412-173010-001-140721478229192-4, no quotes for BTCUSDT-PERP.BINANCE[0m
[1m2024-04-12T18:18:50.000000000Z[0m [1;33m[WARN] TRADER-001.nautilus_common::cache: Cannot calculate unrealized PnL for P-20240412-173010-001-140721478229192-4, no quotes for BTCUSDT-PERP.BINANCE[0m
[1m2024-04-12T18:18:59.999000000Z[0m [1;33m[WARN] TRADER-001.nautilus_common::cache: Cannot calculate unrealized PnL for P-20240412-173010-001-140721478229192-4, no quotes for BTCUSDT-PERP.BINANCE[0m
[1m2024-04-12T18:19:00.000000000Z[0m [1;33m[WARN] TRADER-001.nautilus_common::cache: Cannot calculate unrealized PnL for P-20240412-173010-001-140721478229192-4, no quotes for BTCUSDT-PERP.BINANCE[0m
[1m2024-04-12T18:19:10.000000000Z[0m [1;33m[WARN] TRADER-001.nautilus_common::cache: Cannot calculate unrealized PnL for P-20240412-173010-001-140721478229192-4, no quotes for BTCUSDT-PERP.BINANCE[0m
[1m2024-04-12T18:19:20.000000000Z[0m [1;33m[WARN] TRADER-001.nautilus_common::cache: Cannot calculate unrealized PnL for P-20240412-173010-001-140721478229192-4, no quotes for BTCUSDT-PERP.BINANCE[0m
[1m2024-04-12T18:19:30.000000000Z[0m [1;33m[WARN] TRADER-001.nautilus_common::cache: Cannot calculate unrealized PnL for P-20240412-173010-001-140721478229192-4, no quotes for BTCUSDT-PERP.BINANCE[0m
[1m2024-04-12T18:19:40.000000000Z[0m [1;33m[WARN] TRADER-001.nautilus_common::cache: Cannot calculate unrealized PnL for P-20240412-173010-001-140721478229192-4, no quotes for BTCUSDT-PERP.BINANCE[0m
[1m2024-04-12T18:19:50.000000000Z[0m [1;33m[WARN] TRADER-001.nautilus_common::cache: Cannot calculate unrealized PnL for P-20240412-173010-001-140721478229192-4, no quotes for BTCUSDT-PERP.BINANCE[0m
[1m2024-04-12T18:19:59.999000000Z[0m [1;33m[WARN] TRADER-001.nautilus_common::cache: Cannot calculate unrealized PnL for P-20240412-173010-001-140721478229192-4, no quotes for BTCUSDT-PERP.BINANCE[0m
[1m2024-04-12T18:20:00.000000000Z[0m [1;33m[WARN] TRADER-001.nautilus_common::cache: Cannot calculate unrealized PnL for P-20240412-173010-001-140721478229192-4, no quotes for BTCUSDT-PERP.BINANCE[0m
[1m2024-04-12T18:20:10.000000000Z[0m [1;33m[WARN] TRADER-001.nautilus_common::cache: Cannot calculate unrealized PnL for P-20240412-173010-001-140721478229192-4, no quotes for BTCUSDT-PERP.BINANCE[0m
[1m2024-04-12T18:20:20.000000000Z[0m [1;33m[WARN] TRADER-001.nautilus_common::cache: Cannot calculate unrealized PnL for P-20240412-173010-001-140721478229192-4, no quotes for BTCUSDT-PERP.BINANCE[0m
[1m2024-04-12T18:20:30.000000000Z[0m [1;33m[WARN] TRADER-001.nautilus_common::cache: Cannot calculate unrealized PnL for P-20240412-173010-001-140721478229192-4, no quotes for BTCUSDT-PERP.BINANCE[0m
[1m2024-04-12T18:20:40.000000000Z[0m [1;33m[WARN] TRADER-001.nautilus_common::cache: Cannot calculate unrealized PnL for P-20240412-173010-001-140721478229192-4, no quotes for BTCUSDT-PERP.BINANCE[0m
[1m2024-04-12T18:20:50.000000000Z[0m [1;33m[WARN] TRADER-001.nautilus_common::cache: Cannot calculate unrealized PnL for P-20240412-173010-001-140721478229192-4, no quotes for BTCUSDT-PERP.BINANCE[0m
[1m2024-04-12T18:20:59.999000000Z[0m [1;33m[WARN] TRADER-001.nautilus_common::cache: Cannot calculate unrealized PnL for P-20240412-173010-001-140721478229192-4, no quotes for BTCUSDT-PERP.BINANCE[0m
[1m2024-04-12T18:21:00.000000000Z[0m [1;33m[WARN] TRADER-001.nautilus_common::cache: Cannot calculate unrealized PnL for P-20240412-173010-001-140721478229192-4, no quotes for BTCUSDT-PERP.BINANCE[0m
[1m2024-04-12T18:21:10.000000000Z[0m [1;33m[WARN] TRADER-001.nautilus_common::cache: Cannot calculate unrealized PnL for P-20240412-173010-001-140721478229192-4, no quotes for BTCUSDT-PERP.BINANCE[0m
[1m2024-04-12T18:21:20.000000000Z[0m [1;33m[WARN] TRADER-001.nautilus_common::cache: Cannot calculate unrealized PnL for P-20240412-173010-001-140721478229192-4, no quotes for BTCUSDT-PERP.BINANCE[0m
[1m2024-04-12T18:21:30.000000000Z[0m [1;33m[WARN] TRADER-001.nautilus_common::cache: Cannot calculate unrealized PnL for P-20240412-173010-001-140721478229192-4, no quotes for BTCUSDT-PERP.BINANCE[0m
[1m2024-04-12T18:21:40.000000000Z[0m [1;33m[WARN] TRADER-001.nautilus_common::cache: Cannot calculate unrealized PnL for P-20240412-173010-001-140721478229192-4, no quotes for BTCUSDT-PERP.BINANCE[0m
[1m2024-04-12T18:21:50.000000000Z[0m [1;33m[WARN] TRADER-001.nautilus_common::cache: Cannot calculate unrealized PnL for P-20240412-173010-001-140721478229192-4, no quotes for BTCUSDT-PERP.BINANCE[0m
[1m2024-04-12T18:21:59.999000000Z[0m [1;33m[WARN] TRADER-001.nautilus_common::cache: Cannot calculate unrealized PnL for P-20240412-173010-001-140721478229192-4, no quotes for BTCUSDT-PERP.BINANCE[0m
[1m2024-04-12T18:22:00.000000000Z[0m [1;33m[WARN] TRADER-001.nautilus_common::cache: Cannot calculate unrealized PnL for P-20240412-173010-001-140721478229192-4, no quotes for BTCUSDT-PERP.BINANCE[0m
[1m2024-04-12T18:22:10.000000000Z[0m [1;33m[WARN] TRADER-001.nautilus_common::cache: Cannot calculate unrealized PnL for P-20240412-173010-001-140721478229192-4, no quotes for BTCUSDT-PERP.BINANCE[0m
[1m2024-04-12T18:22:20.000000000Z[0m [1;33m[WARN] TRADER-001.nautilus_common::cache: Cannot calculate unrealized PnL for P-20240412-173010-001-140721478229192-4, no quotes for BTCUSDT-PERP.BINANCE[0m
[1m2024-04-12T18:22:30.000000000Z[0m [1;33m[WARN] TRADER-001.nautilus_common::cache: Cannot calculate unrealized PnL for P-20240412-173010-001-140721478229192-4, no quotes for BTCUSDT-PERP.BINANCE[0m
[1m2024-04-12T18:22:40.000000000Z[0m [1;33m[WARN] TRADER-001.nautilus_common::cache: Cannot calculate unrealized PnL for P-20240412-173010-001-140721478229192-4, no quotes for BTCUSDT-PERP.BINANCE[0m
[1m2024-04-12T18:22:50.000000000Z[0m [1;33m[WARN] TRADER-001.nautilus_common::cache: Cannot calculate unrealized PnL for P-20240412-173010-001-140721478229192-4, no quotes for BTCUSDT-PERP.BINANCE[0m
[1m2024-04-12T18:22:59.999000000Z[0m [1;33m[WARN] TRADER-001.nautilus_common::cache: Cannot calculate unrealized PnL for P-20240412-173010-001-140721478229192-4, no quotes for BTCUSDT-PERP.BINANCE[0m
[1m2024-04-12T18:23:00.000000000Z[0m [1;33m[WARN] TRADER-001.nautilus_common::cache: Cannot calculate unrealized PnL for P-20240412-173010-001-140721478229192-4, no quotes for BTCUSDT-PERP.BINANCE[0m
[1m2024-04-12T18:23:10.000000000Z[0m [1;33m[WARN] TRADER-001.nautilus_common::cache: Cannot calculate unrealized PnL for P-20240412-173010-001-140721478229192-4, no quotes for BTCUSDT-PERP.BINANCE[0m
[1m2024-04-12T18:23:20.000000000Z[0m [1;33m[WARN] TRADER-001.nautilus_common::cache: Cannot calculate unrealized PnL for P-20240412-173010-001-140721478229192-4, no quotes for BTCUSDT-PERP.BINANCE[0m
[1m2024-04-12T18:23:30.000000000Z[0m [1;33m[WARN] TRADER-001.nautilus_common::cache: Cannot calculate unrealized PnL for P-20240412-173010-001-140721478229192-4, no quotes for BTCUSDT-PERP.BINANCE[0m
[1m2024-04-12T18:23:40.000000000Z[0m [1;33m[WARN] TRADER-001.nautilus_common::cache: Cannot calculate unrealized PnL for P-20240412-173010-001-140721478229192-4, no quotes for BTCUSDT-PERP.BINANCE[0m
[1m2024-04-12T18:23:50.000000000Z[0m [1;33m[WARN] TRADER-001.nautilus_common::cache: Cannot calculate unrealized PnL for P-20240412-173010-001-140721478229192-4, no quotes for BTCUSDT-PERP.BINANCE[0m
[1m2024-04-12T18:23:59.999000000Z[0m [1;33m[WARN] TRADER-001.nautilus_common::cache: Cannot calculate unrealized PnL for P-20240412-173010-001-140721478229192-4, no quotes for BTCUSDT-PERP.BINANCE[0m
[1m2024-04-12T18:24:00.000000000Z[0m [1;33m[WARN] TRADER-001.nautilus_common::cache: Cannot calculate unrealized PnL for P-20240412-173010-001-140721478229192-4, no quotes for BTCUSDT-PERP.BINANCE[0m
[1m2024-04-12T18:24:10.000000000Z[0m [1;33m[WARN] TRADER-001.nautilus_common::cache: Cannot calculate unrealized PnL for P-20240412-173010-001-140721478229192-4, no quotes for BTCUSDT-PERP.BINANCE[0m
[1m2024-04-12T18:24:20.000000000Z[0m [1;33m[WARN] TRADER-001.nautilus_common::cache: Cannot calculate unrealized PnL for P-20240412-173010-001-140721478229192-4, no quotes for BTCUSDT-PERP.BINANCE[0m
[1m2024-04-12T18:24:30.000000000Z[0m [1;33m[WARN] TRADER-001.nautilus_common::cache: Cannot calculate unrealized PnL for P-20240412-173010-001-140721478229192-4, no quotes for BTCUSDT-PERP.BINANCE[0m
[1m2024-04-12T18:24:40.000000000Z[0m [1;33m[WARN] TRADER-001.nautilus_common::cache: Cannot calculate unrealized PnL for P-20240412-173010-001-140721478229192-4, no quotes for BTCUSDT-PERP.BINANCE[0m
[1m2024-04-12T18:24:50.000000000Z[0m [1;33m[WARN] TRADER-001.nautilus_common::cache: Cannot calculate unrealized PnL for P-20240412-173010-001-140721478229192-4, no quotes for BTCUSDT-PERP.BINANCE[0m
[1m2024-04-12T18:24:59.999000000Z[0m [1;33m[WARN] TRADER-001.nautilus_common::cache: Cannot calculate unrealized PnL for P-20240412-173010-001-140721478229192-4, no quotes for BTCUSDT-PERP.BINANCE[0m
[1m2024-04-12T18:25:00.000000000Z[0m [1;33m[WARN] TRADER-001.nautilus_common::cache: Cannot calculate unrealized PnL for P-20240412-173010-001-140721478229192-4, no quotes for BTCUSDT-PERP.BINANCE[0m
[1m2024-04-12T18:25:10.000000000Z[0m [1;33m[WARN] TRADER-001.nautilus_common::cache: Cannot calculate unrealized PnL for P-20240412-173010-001-140721478229192-4, no quotes for BTCUSDT-PERP.BINANCE[0m
[1m2024-04-12T18:25:20.000000000Z[0m [1;33m[WARN] TRADER-001.nautilus_common::cache: Cannot calculate unrealized PnL for P-20240412-173010-001-140721478229192-4, no quotes for BTCUSDT-PERP.BINANCE[0m
[1m2024-04-12T18:25:30.000000000Z[0m [1;33m[WARN] TRADER-001.nautilus_common::cache: Cannot calculate unrealized PnL for P-20240412-173010-001-140721478229192-4, no quotes for BTCUSDT-PERP.BINANCE[0m
[1m2024-04-12T18:25:40.000000000Z[0m [1;33m[WARN] TRADER-001.nautilus_common::cache: Cannot calculate unrealized PnL for P-20240412-173010-001-140721478229192-4, no quotes for BTCUSDT-PERP.BINANCE[0m
[1m2024-04-12T18:25:50.000000000Z[0m [1;33m[WARN] TRADER-001.nautilus_common::cache: Cannot calculate unrealized PnL for P-20240412-173010-001-140721478229192-4, no quotes for BTCUSDT-PERP.BINANCE[0m
[1m2024-04-12T18:25:59.999000000Z[0m [1;33m[WARN] TRADER-001.nautilus_common::cache: Cannot calculate unrealized PnL for P-20240412-173010-001-140721478229192-4, no quotes for BTCUSDT-PERP.BINANCE[0m
[1m2024-04-12T18:26:00.000000000Z[0m [1;33m[WARN] TRADER-001.nautilus_common::cache: Cannot calculate unrealized PnL for P-20240412-173010-001-140721478229192-4, no quotes for BTCUSDT-PERP.BINANCE[0m
[1m2024-04-12T18:26:10.000000000Z[0m [1;33m[WARN] TRADER-001.nautilus_common::cache: Cannot calculate unrealized PnL for P-20240412-173010-001-140721478229192-4, no quotes for BTCUSDT-PERP.BINANCE[0m
[1m2024-04-12T18:26:20.000000000Z[0m [1;33m[WARN] TRADER-001.nautilus_common::cache: Cannot calculate unrealized PnL for P-20240412-173010-001-140721478229192-4, no quotes for BTCUSDT-PERP.BINANCE[0m
[1m2024-04-12T18:26:30.000000000Z[0m [1;33m[WARN] TRADER-001.nautilus_common::cache: Cannot calculate unrealized PnL for P-20240412-173010-001-140721478229192-4, no quotes for BTCUSDT-PERP.BINANCE[0m
[1m2024-04-12T18:26:40.000000000Z[0m [1;33m[WARN] TRADER-001.nautilus_common::cache: Cannot calculate unrealized PnL for P-20240412-173010-001-140721478229192-4, no quotes for BTCUSDT-PERP.BINANCE[0m
[1m2024-04-12T18:26:50.000000000Z[0m [1;33m[WARN] TRADER-001.nautilus_common::cache: Cannot calculate unrealized PnL for P-20240412-173010-001-140721478229192-4, no quotes for BTCUSDT-PERP.BINANCE[0m
[1m2024-04-12T18:26:59.999000000Z[0m [1;33m[WARN] TRADER-001.nautilus_common::cache: Cannot calculate unrealized PnL for P-20240412-173010-001-140721478229192-4, no quotes for BTCUSDT-PERP.BINANCE[0m
[1m2024-04-12T18:27:00.000000000Z[0m [1;33m[WARN] TRADER-001.nautilus_common::cache: Cannot calculate unrealized PnL for P-20240412-173010-001-140721478229192-4, no quotes for BTCUSDT-PERP.BINANCE[0m
[1m2024-04-12T18:27:10.000000000Z[0m [1;33m[WARN] TRADER-001.nautilus_common::cache: Cannot calculate unrealized PnL for P-20240412-173010-001-140721478229192-4, no quotes for BTCUSDT-PERP.BINANCE[0m
[1m2024-04-12T18:27:20.000000000Z[0m [1;33m[WARN] TRADER-001.nautilus_common::cache: Cannot calculate unrealized PnL for P-20240412-173010-001-140721478229192-4, no quotes for BTCUSDT-PERP.BINANCE[0m
[1m2024-04-12T18:27:30.000000000Z[0m [1;33m[WARN] TRADER-001.nautilus_common::cache: Cannot calculate unrealized PnL for P-20240412-173010-001-140721478229192-4, no quotes for BTCUSDT-PERP.BINANCE[0m
[1m2024-04-12T18:27:40.000000000Z[0m [1;33m[WARN] TRADER-001.nautilus_common::cache: Cannot calculate unrealized PnL for P-20240412-173010-001-140721478229192-4, no quotes for BTCUSDT-PERP.BINANCE[0m
[1m2024-04-12T18:27:50.000000000Z[0m [1;33m[WARN] TRADER-001.nautilus_common::cache: Cannot calculate unrealized PnL for P-20240412-173010-001-140721478229192-4, no quotes for BTCUSDT-PERP.BINANCE[0m
[1m2024-04-12T18:27:59.999000000Z[0m [1;33m[WARN] TRADER-001.nautilus_common::cache: Cannot calculate unrealized PnL for P-20240412-173010-001-140721478229192-4, no quotes for BTCUSDT-PERP.BINANCE[0m
[1m2024-04-12T18:28:00.000000000Z[0m [1;33m[WARN] TRADER-001.nautilus_common::cache: Cannot calculate unrealized PnL for P-20240412-173010-001-140721478229192-4, no quotes for BTCUSDT-PERP.BINANCE[0m
[1m2024-04-12T18:28:10.000000000Z[0m [1;33m[WARN] TRADER-001.nautilus_common::cache: Cannot calculate unrealized PnL for P-20240412-173010-001-140721478229192-4, no quotes for BTCUSDT-PERP.BINANCE[0m
[1m2024-04-12T18:28:20.000000000Z[0m [1;33m[WARN] TRADER-001.nautilus_common::cache: Cannot calculate unrealized PnL for P-20240412-173010-001-140721478229192-4, no quotes for BTCUSDT-PERP.BINANCE[0m
[1m2024-04-12T18:28:30.000000000Z[0m [1;33m[WARN] TRADER-001.nautilus_common::cache: Cannot calculate unrealized PnL for P-20240412-173010-001-140721478229192-4, no quotes for BTCUSDT-PERP.BINANCE[0m
[1m2024-04-12T18:28:40.000000000Z[0m [1;33m[WARN] TRADER-001.nautilus_common::cache: Cannot calculate unrealized PnL for P-20240412-173010-001-140721478229192-4, no quotes for BTCUSDT-PERP.BINANCE[0m
[1m2024-04-12T18:28:50.000000000Z[0m [1;33m[WARN] TRADER-001.nautilus_common::cache: Cannot calculate unrealized PnL for P-20240412-173010-001-140721478229192-4, no quotes for BTCUSDT-PERP.BINANCE[0m
[1m2024-04-12T18:28:59.999000000Z[0m [1;33m[WARN] TRADER-001.nautilus_common::cache: Cannot calculate unrealized PnL for P-20240412-173010-001-140721478229192-4, no quotes for BTCUSDT-PERP.BINANCE[0m
[1m2024-04-12T18:29:00.000000000Z[0m [1;33m[WARN] TRADER-001.nautilus_common::cache: Cannot calculate unrealized PnL for P-20240412-173010-001-140721478229192-4, no quotes for BTCUSDT-PERP.BINANCE[0m
[1m2024-04-12T18:29:10.000000000Z[0m [1;33m[WARN] TRADER-001.nautilus_common::cache: Cannot calculate unrealized PnL for P-20240412-173010-001-140721478229192-4, no quotes for BTCUSDT-PERP.BINANCE[0m
[1m2024-04-12T18:29:20.000000000Z[0m [1;33m[WARN] TRADER-001.nautilus_common::cache: Cannot calculate unrealized PnL for P-20240412-173010-001-140721478229192-4, no quotes for BTCUSDT-PERP.BINANCE[0m
[1m2024-04-12T18:29:30.000000000Z[0m [1;33m[WARN] TRADER-001.nautilus_common::cache: Cannot calculate unrealized PnL for P-20240412-173010-001-140721478229192-4, no quotes for BTCUSDT-PERP.BINANCE[0m
[1m2024-04-12T18:29:40.000000000Z[0m [1;33m[WARN] TRADER-001.nautilus_common::cache: Cannot calculate unrealized PnL for P-20240412-173010-001-140721478229192-4, no quotes for BTCUSDT-PERP.BINANCE[0m
[1m2024-04-12T18:29:50.000000000Z[0m [1;33m[WARN] TRADER-001.nautilus_common::cache: Cannot calculate unrealized PnL for P-20240412-173010-001-140721478229192-4, no quotes for BTCUSDT-PERP.BINANCE[0m
[1m2024-04-12T18:29:59.999000000Z[0m [1;33m[WARN] TRADER-001.nautilus_common::cache: Cannot calculate unrealized PnL for P-20240412-173010-001-140721478229192-4, no quotes for BTCUSDT-PERP.BINANCE[0m
[1m2024-04-12T18:30:00.000000000Z[0m [1;33m[WARN] TRADER-001.nautilus_common::cache: Cannot calculate unrealized PnL for P-20240412-173010-001-140721478229192-4, no quotes for BTCUSDT-PERP.BINANCE[0m
[1m2024-04-12T18:30:10.000000000Z[0m [1;33m[WARN] TRADER-001.nautilus_common::cache: Cannot calculate unrealized PnL for P-20240412-173010-001-140721478229192-4, no quotes for BTCUSDT-PERP.BINANCE[0m
[1m2024-04-12T18:30:20.000000000Z[0m [1;33m[WARN] TRADER-001.nautilus_common::cache: Cannot calculate unrealized PnL for P-20240412-173010-001-140721478229192-4, no quotes for BTCUSDT-PERP.BINANCE[0m
[1m2024-04-12T18:30:30.000000000Z[0m [1;33m[WARN] TRADER-001.nautilus_common::cache: Cannot calculate unrealized PnL for P-20240412-173010-001-140721478229192-4, no quotes for BTCUSDT-PERP.BINANCE[0m
[1m2024-04-12T18:30:40.000000000Z[0m [1;33m[WARN] TRADER-001.nautilus_common::cache: Cannot calculate unrealized PnL for P-20240412-173010-001-140721478229192-4, no quotes for BTCUSDT-PERP.BINANCE[0m
[1m2024-04-12T18:30:50.000000000Z[0m [1;33m[WARN] TRADER-001.nautilus_common::cache: Cannot calculate unrealized PnL for P-20240412-173010-001-140721478229192-4, no quotes for BTCUSDT-PERP.BINANCE[0m
[1m2024-04-12T18:30:59.999000000Z[0m [1;33m[WARN] TRADER-001.nautilus_common::cache: Cannot calculate unrealized PnL for P-20240412-173010-001-140721478229192-4, no quotes for BTCUSDT-PERP.BINANCE[0m
[1m2024-04-12T18:31:00.000000000Z[0m [1;33m[WARN] TRADER-001.nautilus_common::cache: Cannot calculate unrealized PnL for P-20240412-173010-001-140721478229192-4, no quotes for BTCUSDT-PERP.BINANCE[0m
[1m2024-04-12T18:31:10.000000000Z[0m [1;33m[WARN] TRADER-001.nautilus_common::cache: Cannot calculate unrealized PnL for P-20240412-173010-001-140721478229192-4, no quotes for BTCUSDT-PERP.BINANCE[0m
[1m2024-04-12T18:31:20.000000000Z[0m [1;33m[WARN] TRADER-001.nautilus_common::cache: Cannot calculate unrealized PnL for P-20240412-173010-001-140721478229192-4, no quotes for BTCUSDT-PERP.BINANCE[0m
[1m2024-04-12T18:31:30.000000000Z[0m [1;33m[WARN] TRADER-001.nautilus_common::cache: Cannot calculate unrealized PnL for P-20240412-173010-001-140721478229192-4, no quotes for BTCUSDT-PERP.BINANCE[0m
[1m2024-04-12T18:31:40.000000000Z[0m [1;33m[WARN] TRADER-001.nautilus_common::cache: Cannot calculate unrealized PnL for P-20240412-173010-001-140721478229192-4, no quotes for BTCUSDT-PERP.BINANCE[0m
[1m2024-04-12T18:31:50.000000000Z[0m [1;33m[WARN] TRADER-001.nautilus_common::cache: Cannot calculate unrealized PnL for P-20240412-173010-001-140721478229192-4, no quotes for BTCUSDT-PERP.BINANCE[0m
[1m2024-04-12T18:31:59.999000000Z[0m [1;33m[WARN] TRADER-001.nautilus_common::cache: Cannot calculate unrealized PnL for P-20240412-173010-001-140721478229192-4, no quotes for BTCUSDT-PERP.BINANCE[0m
[1m2024-04-12T18:32:00.000000000Z[0m [1;33m[WARN] TRADER-001.nautilus_common::cache: Cannot calculate unrealized PnL for P-20240412-173010-001-140721478229192-4, no quotes for BTCUSDT-PERP.BINANCE[0m
[1m2024-04-12T18:32:10.000000000Z[0m [1;33m[WARN] TRADER-001.nautilus_common::cache: Cannot calculate unrealized PnL for P-20240412-173010-001-140721478229192-4, no quotes for BTCUSDT-PERP.BINANCE[0m
[1m2024-04-12T18:32:20.000000000Z[0m [INFO] TRADER-001.nautilus_portfolio::manager: BTCUSDT-PERP.BINANCE margin_init=0.00000000 USDT[0m
[1m2024-04-12T18:32:20.000000000Z[0m [INFO] TRADER-001.nautilus_trading::strategy: DataActor-140721478229192 <--[EVT] OrderFilled(instrument_id=BTCUSDT-PERP.BINANCE, client_order_id=O-20240412-173010-001-140721478229192-11, venue_order_id=BINANCE-1-11, account_id=BINANCE-001, trade_id=T-ef327319b021c1c0-115822, position_id=P-20240412-173010-001-140721478229192-4, order_side=SELL, order_type=STOP_MARKET, last_qty=2.537, last_px=67_099.8 USDT, commission=102.13931556 USDT, liquidity_side=TAKER, ts_event=1712946740000000000)[0m
[1m2024-04-12T18:32:20.000000000Z[0m [INFO] TRADER-001.nautilus_portfolio::portfolio: BTCUSDT-PERP.BINANCE net_position=0[0m
[1m2024-04-12T18:32:20.000000000Z[0m [INFO] TRADER-001.nautilus_portfolio::manager: BTCUSDT-PERP.BINANCE margin_maint=0.00000000 USDT[0m
[1m2024-04-12T18:32:20.000000000Z[0m [INFO] TRADER-001.nautilus_portfolio::portfolio: Updated AccountState(account_id=BINANCE-001, account_type=MARGIN, base_currency=USDT, is_reported=false, balances=[AccountBalance(total=90704.37354856 USDT, locked=0.00000000 USDT, free=90704.37354856 USDT)], margins=[], event_id=a8e37c2e-a20f-45d7-a8bd-43cf94446d06)[0m
[1m2024-04-12T18:32:20.000000000Z[0m [INFO] TRADER-001.nautilus_trading::strategy: DataActor-140721478229192 <--[EVT] PositionClosed(PositionClosed { trader_id: "TRADER-001", strategy_id: "DataActor-140721478229192", instrument_id: "BTCUSDT-PERP.BINANCE", position_id: "P-20240412-173010-001-140721478229192-4", account_id: "BINANCE-001", opening_order_id: "O-20240412-173010-001-140721478229192-10", closing_order_id: Some("O-20240412-173010-001-140721478229192-11"), entry: Buy, side: Flat, signed_qty: 0.0, quantity: Quantity(0.000), peak_quantity: Quantity(2.537), last_qty: Quantity(2.537), last_px: Price(67099.8), currency: Currency(code='USDT', precision=8, iso4217=0, name='Tether', currency_type=CRYPTO), avg_px_open: 67960.2, avg_px_close: Some(67099.8), realized_return: -0.012660351205558463, realized_pnl: Some(Money(-2388.42313200, USDT)), unrealized_pnl: Money(0.00000000, USDT), duration: 3730000000000, event_id: UUID4(45d9bc98-8de9-4a0d-97e5-b213e4eaa589), ts_opened: UnixNanos(1712943010000000000), ts_closed: Some(UnixNanos(1712946740000000000)), ts_event: UnixNanos(1712946740000000000), ts_init: UnixNanos(1712946740000000000) })[0m
[1m2024-04-12T18:32:20.000000000Z[0m [INFO] TRADER-001.nautilus_portfolio::manager: BTCUSDT-PERP.BINANCE margin_init=0.00000000 USDT[0m
[1m2024-04-12T18:32:20.000000000Z[0m [INFO] TRADER-001.nautilus_portfolio::portfolio: Updated AccountState(account_id=BINANCE-001, account_type=MARGIN, base_currency=USDT, is_reported=false, balances=[AccountBalance(total=90704.37354856 USDT, locked=0.00000000 USDT, free=90704.37354856 USDT)], margins=[], event_id=d37030cf-1e4d-4f07-a0a2-647d8bbbb2cd)[0m
[1m2024-04-12T18:32:20.000000000Z[0m [INFO] TRADER-001.nautilus_trading::strategy: DataActor-140721478229192 <--[EVT] OrderCanceled(instrument_id=BTCUSDT-PERP.BINANCE, client_order_id=O-20240412-173010-001-140721478229192-12, venue_order_id=BINANCE-1-12, account_id=BINANCE-001, ts_event=1712946740000000000)[0m
[1m2024-04-14T23:22:00.000000000Z[0m [INFO] TRADER-001.nautilus_trading::strategy: DataActor-140721478229192 <--[EVT] OrderInitialized(instrument_id=BTCUSDT-PERP.BINANCE, client_order_id=O-20240414-232200-001-140721478229192-13, side=BUY, type=MARKET, quantity=6.163, time_in_force=GTC, post_only=false, reduce_only=false, quote_quantity=false, price=None, emulation_trigger=None, trigger_instrument_id=None, contingency_type=OTO, order_list_id=OL-20240414-232200-001-140721478229192-5, linked_order_ids=[O-20240414-232200-001-140721478229192-14, O-20240414-232200-001-140721478229192-15], parent_order_id=None, exec_algorithm_id=None, exec_algorithm_params=None, exec_spawn_id=None, tags=flow-response-btcusdt-000063, BREAKOUT_ACCEPTANCE_CONTINUATION, LONG, TEN_SECOND_MARKET_ENTRY)[0m
[1m2024-04-14T23:22:00.000000000Z[0m [INFO] TRADER-001.nautilus_trading::strategy: DataActor-140721478229192 <--[EVT] OrderInitialized(instrument_id=BTCUSDT-PERP.BINANCE, client_order_id=O-20240414-232200-001-140721478229192-14, side=SELL, type=STOP_MARKET, quantity=6.163, time_in_force=GTC, post_only=false, reduce_only=true, quote_quantity=false, price=None, emulation_trigger=None, trigger_instrument_id=None, contingency_type=OUO, order_list_id=OL-20240414-232200-001-140721478229192-5, linked_order_ids=[O-20240414-232200-001-140721478229192-15], parent_order_id=O-20240414-232200-001-140721478229192-13, exec_algorithm_id=None, exec_algorithm_params=None, exec_spawn_id=None, tags=flow-response-btcusdt-000063, OBSERVED_RETEST_INVALIDATION)[0m
[1m2024-04-14T23:22:00.000000000Z[0m [INFO] TRADER-001.nautilus_trading::strategy: DataActor-140721478229192 <--[EVT] OrderInitialized(instrument_id=BTCUSDT-PERP.BINANCE, client_order_id=O-20240414-232200-001-140721478229192-15, side=SELL, type=LIMIT, quantity=6.163, time_in_force=GTC, post_only=false, reduce_only=true, quote_quantity=false, price=67770.0, emulation_trigger=None, trigger_instrument_id=None, contingency_type=OUO, order_list_id=OL-20240414-232200-001-140721478229192-5, linked_order_ids=[O-20240414-232200-001-140721478229192-14], parent_order_id=O-20240414-232200-001-140721478229192-13, exec_algorithm_id=None, exec_algorithm_params=None, exec_spawn_id=None, tags=flow-response-btcusdt-000063, ACTIVE_COMPLETED_EXTERNAL_TARGET)[0m
[1m2024-04-14T23:22:00.000000000Z[0m [INFO] TRADER-001.nautilus_trading::strategy: DataActor-140721478229192 [CMD]--> SubmitOrderList[0m
[1m2024-04-14T23:22:00.000000000Z[0m [94m[INFO] TRADER-001.nautilus_execution::engine: Submit OrderList(id=OL-20240414-232200-001-140721478229192-5, instrument_id=BTCUSDT-PERP.BINANCE, strategy_id=DataActor-140721478229192, client_order_ids=["O-20240414-232200-001-140721478229192-13", "O-20240414-232200-001-140721478229192-14", "O-20240414-232200-001-140721478229192-15"], ts_init=1713136920000000000)[0m
[1m2024-04-14T23:22:00.000000000Z[0m [INFO] TRADER-001.nautilus_trading::strategy: DataActor-140721478229192 <--[EVT] OrderSubmitted(instrument_id=BTCUSDT-PERP.BINANCE, client_order_id=O-20240414-232200-001-140721478229192-13, account_id=BINANCE-001, ts_event=1713136920000000000)[0m
[1m2024-04-14T23:22:00.000000000Z[0m [INFO] TRADER-001.nautilus_trading::strategy: DataActor-140721478229192 <--[EVT] OrderSubmitted(instrument_id=BTCUSDT-PERP.BINANCE, client_order_id=O-20240414-232200-001-140721478229192-14, account_id=BINANCE-001, ts_event=1713136920000000000)[0m
[1m2024-04-14T23:22:00.000000000Z[0m [INFO] TRADER-001.nautilus_trading::strategy: DataActor-140721478229192 <--[EVT] OrderSubmitted(instrument_id=BTCUSDT-PERP.BINANCE, client_order_id=O-20240414-232200-001-140721478229192-15, account_id=BINANCE-001, ts_event=1713136920000000000)[0m
[1m2024-04-14T23:22:00.000000000Z[0m [INFO] TRADER-001.nautilus_portfolio::manager: BTCUSDT-PERP.BINANCE margin_init=0.00000000 USDT[0m
[1m2024-04-14T23:22:00.000000000Z[0m [INFO] TRADER-001.nautilus_trading::strategy: DataActor-140721478229192 <--[EVT] OrderFilled(instrument_id=BTCUSDT-PERP.BINANCE, client_order_id=O-20240414-232200-001-140721478229192-13, venue_order_id=BINANCE-1-13, account_id=BINANCE-001, trade_id=T-5ac9a9e963a315c0-172929, position_id=P-20240414-232200-001-140721478229192-5, order_side=BUY, order_type=MARKET, last_qty=6.163, last_px=65_800.2 USDT, commission=243.31597956 USDT, liquidity_side=TAKER, ts_event=1713136920000000000)[0m
[1m2024-04-14T23:22:00.000000000Z[0m [INFO] TRADER-001.nautilus_portfolio::portfolio: BTCUSDT-PERP.BINANCE net_position=6.163[0m
[1m2024-04-14T23:22:00.000000000Z[0m [INFO] TRADER-001.nautilus_portfolio::manager: BTCUSDT-PERP.BINANCE margin_maint=1622.10653040 USDT[0m
[1m2024-04-14T23:22:00.000000000Z[0m [INFO] TRADER-001.nautilus_portfolio::portfolio: Updated AccountState(account_id=BINANCE-001, account_type=MARGIN, base_currency=USDT, is_reported=false, balances=[AccountBalance(total=90461.05756900 USDT, locked=1622.10653040 USDT, free=88838.95103860 USDT)], margins=[MarginBalance(initial=0.00000000 USDT, maintenance=1622.10653040 USDT, instrument_id=BTCUSDT-PERP.BINANCE)], event_id=ae332130-8fba-4f6c-b9cc-2e41ffb6b3e8)[0m
[1m2024-04-14T23:22:00.000000000Z[0m [INFO] TRADER-001.nautilus_trading::strategy: DataActor-140721478229192 <--[EVT] PositionOpened(PositionOpened { trader_id: "TRADER-001", strategy_id: "DataActor-140721478229192", instrument_id: "BTCUSDT-PERP.BINANCE", position_id: "P-20240414-232200-001-140721478229192-5", account_id: "BINANCE-001", opening_order_id: "O-20240414-232200-001-140721478229192-13", entry: Buy, side: Long, signed_qty: 6.163, quantity: Quantity(6.163), last_qty: Quantity(6.163), last_px: Price(65800.2), currency: Currency(code='USDT', precision=8, iso4217=0, name='Tether', currency_type=CRYPTO), avg_px_open: 65800.2, event_id: UUID4(cd571b3e-bf7c-4350-9c78-6defe24c906b), ts_event: UnixNanos(1713136920000000000), ts_init: UnixNanos(1713136920000000000) })[0m
[1m2024-04-14T23:22:00.000000000Z[0m [INFO] TRADER-001.nautilus_portfolio::manager: BTCUSDT-PERP.BINANCE margin_init=0.00000000 USDT[0m
[1m2024-04-14T23:22:00.000000000Z[0m [INFO] TRADER-001.nautilus_portfolio::portfolio: Updated AccountState(account_id=BINANCE-001, account_type=MARGIN, base_currency=USDT, is_reported=false, balances=[AccountBalance(total=90461.05756900 USDT, locked=1622.10653040 USDT, free=88838.95103860 USDT)], margins=[MarginBalance(initial=0.00000000 USDT, maintenance=1622.10653040 USDT, instrument_id=BTCUSDT-PERP.BINANCE)], event_id=1f3b97b4-9f7b-430b-8c44-de0f47103fba)[0m
[1m2024-04-14T23:22:00.000000000Z[0m [INFO] TRADER-001.nautilus_trading::strategy: DataActor-140721478229192 <--[EVT] OrderAccepted(instrument_id=BTCUSDT-PERP.BINANCE, client_order_id=O-20240414-232200-001-140721478229192-14, venue_order_id=BINANCE-1-14, account_id=BINANCE-001, ts_event=1713136920000000000)[0m
[1m2024-04-14T23:22:00.000000000Z[0m [INFO] TRADER-001.nautilus_portfolio::manager: BTCUSDT-PERP.BINANCE margin_init=0.00000000 USDT[0m
[1m2024-04-14T23:22:00.000000000Z[0m [INFO] TRADER-001.nautilus_portfolio::portfolio: Updated AccountState(account_id=BINANCE-001, account_type=MARGIN, base_currency=USDT, is_reported=false, balances=[AccountBalance(total=90461.05756900 USDT, locked=1622.10653040 USDT, free=88838.95103860 USDT)], margins=[MarginBalance(initial=0.00000000 USDT, maintenance=1622.10653040 USDT, instrument_id=BTCUSDT-PERP.BINANCE)], event_id=49cbd38e-3fba-435c-85ec-37fe9aaa005f)[0m
[1m2024-04-14T23:22:00.000000000Z[0m [INFO] TRADER-001.nautilus_trading::strategy: DataActor-140721478229192 <--[EVT] OrderAccepted(instrument_id=BTCUSDT-PERP.BINANCE, client_order_id=O-20240414-232200-001-140721478229192-15, venue_order_id=BINANCE-1-15, account_id=BINANCE-001, ts_event=1713136920000000000)[0m
[1m2024-04-14T23:22:00.000000000Z[0m [1;33m[WARN] TRADER-001.nautilus_common::cache: Cannot calculate unrealized PnL for P-20240414-232200-001-140721478229192-5, no quotes for BTCUSDT-PERP.BINANCE[0m
[1m2024-04-14T23:22:10.000000000Z[0m [1;33m[WARN] TRADER-001.nautilus_common::cache: Cannot calculate unrealized PnL for P-20240414-232200-001-140721478229192-5, no quotes for BTCUSDT-PERP.BINANCE[0m
[1m2024-04-14T23:22:20.000000000Z[0m [1;33m[WARN] TRADER-001.nautilus_common::cache: Cannot calculate unrealized PnL for P-20240414-232200-001-140721478229192-5, no quotes for BTCUSDT-PERP.BINANCE[0m
[1m2024-04-14T23:22:30.000000000Z[0m [1;33m[WARN] TRADER-001.nautilus_common::cache: Cannot calculate unrealized PnL for P-20240414-232200-001-140721478229192-5, no quotes for BTCUSDT-PERP.BINANCE[0m
[1m2024-04-14T23:22:40.000000000Z[0m [1;33m[WARN] TRADER-001.nautilus_common::cache: Cannot calculate unrealized PnL for P-20240414-232200-001-140721478229192-5, no quotes for BTCUSDT-PERP.BINANCE[0m
[1m2024-04-14T23:22:50.000000000Z[0m [1;33m[WARN] TRADER-001.nautilus_common::cache: Cannot calculate unrealized PnL for P-20240414-232200-001-140721478229192-5, no quotes for BTCUSDT-PERP.BINANCE[0m
[1m2024-04-14T23:22:59.999000000Z[0m [1;33m[WARN] TRADER-001.nautilus_common::cache: Cannot calculate unrealized PnL for P-20240414-232200-001-140721478229192-5, no quotes for BTCUSDT-PERP.BINANCE[0m
[1m2024-04-14T23:23:00.000000000Z[0m [INFO] TRADER-001.nautilus_portfolio::manager: BTCUSDT-PERP.BINANCE margin_init=0.00000000 USDT[0m
[1m2024-04-14T23:23:00.000000000Z[0m [INFO] TRADER-001.nautilus_trading::strategy: DataActor-140721478229192 <--[EVT] OrderFilled(instrument_id=BTCUSDT-PERP.BINANCE, client_order_id=O-20240414-232200-001-140721478229192-14, venue_order_id=BINANCE-1-14, account_id=BINANCE-001, trade_id=T-fa493a7b376bb04d-172949, position_id=P-20240414-232200-001-140721478229192-5, order_side=SELL, order_type=STOP_MARKET, last_qty=6.163, last_px=65_549.2 USDT, commission=242.38783176 USDT, liquidity_side=TAKER, ts_event=1713136980000000000)[0m
[1m2024-04-14T23:23:00.000000000Z[0m [INFO] TRADER-001.nautilus_portfolio::portfolio: BTCUSDT-PERP.BINANCE net_position=0[0m
[1m2024-04-14T23:23:00.000000000Z[0m [INFO] TRADER-001.nautilus_portfolio::manager: BTCUSDT-PERP.BINANCE margin_maint=0.00000000 USDT[0m
[1m2024-04-14T23:23:00.000000000Z[0m [INFO] TRADER-001.nautilus_portfolio::portfolio: Updated AccountState(account_id=BINANCE-001, account_type=MARGIN, base_currency=USDT, is_reported=false, balances=[AccountBalance(total=88671.75673724 USDT, locked=0.00000000 USDT, free=88671.75673724 USDT)], margins=[], event_id=df17161e-1eeb-44e0-8ef6-d247ef70ccf3)[0m
[1m2024-04-14T23:23:00.000000000Z[0m [INFO] TRADER-001.nautilus_trading::strategy: DataActor-140721478229192 <--[EVT] PositionClosed(PositionClosed { trader_id: "TRADER-001", strategy_id: "DataActor-140721478229192", instrument_id: "BTCUSDT-PERP.BINANCE", position_id: "P-20240414-232200-001-140721478229192-5", account_id: "BINANCE-001", opening_order_id: "O-20240414-232200-001-140721478229192-13", closing_order_id: Some("O-20240414-232200-001-140721478229192-14"), entry: Buy, side: Flat, signed_qty: 0.0, quantity: Quantity(0.000), peak_quantity: Quantity(6.163), last_qty: Quantity(6.163), last_px: Price(65549.2), currency: Currency(code='USDT', precision=8, iso4217=0, name='Tether', currency_type=CRYPTO), avg_px_open: 65800.2, avg_px_close: Some(65549.2), realized_return: -0.0038145780711912733, realized_pnl: Some(Money(-2032.61681132, USDT)), unrealized_pnl: Money(0.00000000, USDT), duration: 60000000000, event_id: UUID4(e4b69d6e-429e-4a5b-ab4e-88c91b3b2640), ts_opened: UnixNanos(1713136920000000000), ts_closed: Some(UnixNanos(1713136980000000000)), ts_event: UnixNanos(1713136980000000000), ts_init: UnixNanos(1713136980000000000) })[0m
[1m2024-04-14T23:23:00.000000000Z[0m [INFO] TRADER-001.nautilus_portfolio::manager: BTCUSDT-PERP.BINANCE margin_init=0.00000000 USDT[0m
[1m2024-04-14T23:23:00.000000000Z[0m [INFO] TRADER-001.nautilus_portfolio::portfolio: Updated AccountState(account_id=BINANCE-001, account_type=MARGIN, base_currency=USDT, is_reported=false, balances=[AccountBalance(total=88671.75673724 USDT, locked=0.00000000 USDT, free=88671.75673724 USDT)], margins=[], event_id=eff05e01-4d9f-4509-a0a7-80ddd6b0583b)[0m
[1m2024-04-14T23:23:00.000000000Z[0m [INFO] TRADER-001.nautilus_trading::strategy: DataActor-140721478229192 <--[EVT] OrderCanceled(instrument_id=BTCUSDT-PERP.BINANCE, client_order_id=O-20240414-232200-001-140721478229192-15, venue_order_id=BINANCE-1-15, account_id=BINANCE-001, ts_event=1713136980000000000)[0m
[1m2024-04-15T04:01:00.000000000Z[0m [INFO] TRADER-001.nautilus_system::kernel: Stopping trader...[0m
[1m2024-04-15T04:01:00.000000000Z[0m [INFO] TRADER-001.nautilus_system::trader: Stopping[0m
[1m2024-04-15T04:01:00.000000000Z[0m [INFO] TRADER-001.DataActor-140721478229192: Stopping[0m
[1m2024-04-15T04:01:00.000000000Z[0m [INFO] TRADER-001.nautilus_trading::strategy: No BTCUSDT-PERP.BINANCE open, emulated, or inflight orders to cancel[0m
[1m2024-04-15T04:01:00.000000000Z[0m [INFO] TRADER-001.DataActor-140721478229192: Stopped[0m
[1m2024-04-15T04:01:00.000000000Z[0m [INFO] TRADER-001.nautilus_system::trader: Stopped[0m
[1m2024-04-15T04:01:00.000000000Z[0m [INFO] TRADER-001.nautilus_risk::engine: Stopped[0m
[1m2024-04-15T04:01:00.000000000Z[0m [INFO] TRADER-001.nautilus_backtest::execution_client: Backtest execution client stopped[0m
[1m2024-04-15T04:01:00.000000000Z[0m [INFO] TRADER-001.nautilus_execution::engine: Stopped[0m
[1m2026-08-07T02:30:53.536340571Z[0m [36m[INFO] TRADER-001.nautilus_backtest::engine: =================================================================[0m
[1m2026-08-07T02:30:53.536346630Z[0m [36m[INFO] TRADER-001.nautilus_backtest::engine:  BACKTEST POST-RUN[0m
[1m2026-08-07T02:30:53.536347041Z[0m [36m[INFO] TRADER-001.nautilus_backtest::engine: =================================================================[0m
[1m2026-08-07T02:30:53.536347371Z[0m [INFO] TRADER-001.nautilus_backtest::engine: Run config ID:  None[0m
[1m2026-08-07T02:30:53.536348192Z[0m [INFO] TRADER-001.nautilus_backtest::engine: Run ID:         e6252139-c977-4c49-8ffc-178e18dd4da7[0m
[1m2026-08-07T02:30:53.536348873Z[0m [INFO] TRADER-001.nautilus_backtest::engine: Run started:    2026-08-07T02:30:53.104606453Z[0m
[1m2026-08-07T02:30:53.536349334Z[0m [INFO] TRADER-001.nautilus_backtest::engine: Run finished:   2026-08-07T02:30:53.536320161Z[0m
[1m2026-08-07T02:30:53.536350776Z[0m [INFO] TRADER-001.nautilus_backtest::engine: Elapsed time:   0 days 00:00:00.431713[0m
[1m2026-08-07T02:30:53.536351417Z[0m [INFO] TRADER-001.nautilus_backtest::engine: Backtest start: 2024-04-07T23:25:10.000000000Z[0m
[1m2026-08-07T02:30:53.536351798Z[0m [INFO] TRADER-001.nautilus_backtest::engine: Backtest end:   2024-04-15T04:01:00.000000000Z[0m
[1m2026-08-07T02:30:53.536352228Z[0m [INFO] TRADER-001.nautilus_backtest::engine: Backtest range: 7 days 04:35:50.000000[0m
[1m2026-08-07T02:30:53.536352799Z[0m [INFO] TRADER-001.nautilus_backtest::engine: Iterations: 72_514[0m
[1m2026-08-07T02:30:53.536353220Z[0m [INFO] TRADER-001.nautilus_backtest::engine: Total events: 40[0m
[1m2026-08-07T02:30:53.536353610Z[0m [INFO] TRADER-001.nautilus_backtest::engine: Total orders: 15[0m
[1m2026-08-07T02:30:53.536354131Z[0m [INFO] TRADER-001.nautilus_backtest::engine: Total positions: 5[0m
[1m2026-08-07T02:30:53.536381842Z[0m [36m[INFO] TRADER-001.nautilus_backtest::engine: =================================================================[0m
[1m2026-08-07T02:30:53.536382303Z[0m [36m[INFO] TRADER-001.nautilus_backtest::engine:  PORTFOLIO PERFORMANCE[0m
[1m2026-08-07T02:30:53.536382713Z[0m [36m[INFO] TRADER-001.nautilus_backtest::engine: =================================================================[0m
[1m2026-08-07T02:30:53.536383294Z[0m [INFO] TRADER-001.nautilus_backtest::engine:  PnL Statistics (USDT)[0m
[1m2026-08-07T02:30:53.536383975Z[0m [36m[INFO] TRADER-001.nautilus_backtest::engine: -----------------------------------------------------------------[0m
[1m2026-08-07T02:30:53.536428751Z[0m [INFO] TRADER-001.nautilus_backtest::engine: Avg Loser:                      -2265.65[0m
[1m2026-08-07T02:30:53.536433568Z[0m [INFO] TRADER-001.nautilus_backtest::engine: Avg Winner:                     NaN[0m
[1m2026-08-07T02:30:53.536433969Z[0m [INFO] TRADER-001.nautilus_backtest::engine: Expectancy:                     -2265.65[0m
[1m2026-08-07T02:30:53.536434199Z[0m [INFO] TRADER-001.nautilus_backtest::engine: Max Loser:                      -2442.37[0m
[1m2026-08-07T02:30:53.536434419Z[0m [INFO] TRADER-001.nautilus_backtest::engine: Max Winner:                     NaN[0m
[1m2026-08-07T02:30:53.536434630Z[0m [INFO] TRADER-001.nautilus_backtest::engine: Min Loser:                      -2032.62[0m
[1m2026-08-07T02:30:53.536434850Z[0m [INFO] TRADER-001.nautilus_backtest::engine: Min Winner:                     NaN[0m
[1m2026-08-07T02:30:53.536435080Z[0m [INFO] TRADER-001.nautilus_backtest::engine: PnL (total):                    -11328.24[0m
[1m2026-08-07T02:30:53.536435281Z[0m [INFO] TRADER-001.nautilus_backtest::engine: PnL% (total):                   -11.33[0m
[1m2026-08-07T02:30:53.536435671Z[0m [INFO] TRADER-001.nautilus_backtest::engine: Win Rate:                       0.00[0m
[1m2026-08-07T02:30:53.536436262Z[0m [36m[INFO] TRADER-001.nautilus_backtest::engine: -----------------------------------------------------------------[0m
[1m2026-08-07T02:30:53.536436563Z[0m [INFO] TRADER-001.nautilus_backtest::engine:  Returns Statistics[0m
[1m2026-08-07T02:30:53.536436763Z[0m [36m[INFO] TRADER-001.nautilus_backtest::engine: -----------------------------------------------------------------[0m
[1m2026-08-07T02:30:53.536451735Z[0m [INFO] TRADER-001.nautilus_backtest::engine: Average (Return):               -0.00[0m
[1m2026-08-07T02:30:53.536452065Z[0m [INFO] TRADER-001.nautilus_backtest::engine: Average Loss (Return):          -0.00[0m
[1m2026-08-07T02:30:53.536452276Z[0m [INFO] TRADER-001.nautilus_backtest::engine: Average Win (Return):           NaN[0m
[1m2026-08-07T02:30:53.536452436Z[0m [INFO] TRADER-001.nautilus_backtest::engine: Profit Factor:                  0.00[0m
[1m2026-08-07T02:30:53.536452606Z[0m [INFO] TRADER-001.nautilus_backtest::engine: Returns Volatility (252 days):  0.10[0m
[1m2026-08-07T02:30:53.536453628Z[0m [INFO] TRADER-001.nautilus_backtest::engine: Risk Return Ratio:              -0.96[0m
[1m2026-08-07T02:30:53.536453828Z[0m [INFO] TRADER-001.nautilus_backtest::engine: Sharpe Ratio (252 days):        -15.23[0m
[1m2026-08-07T02:30:53.536453998Z[0m [INFO] TRADER-001.nautilus_backtest::engine: Sortino Ratio (252 days):       -11.78[0m
[1m2026-08-07T02:30:53.536454529Z[0m [36m[INFO] TRADER-001.nautilus_backtest::engine: -----------------------------------------------------------------[0m
[1m2026-08-07T02:30:53.536454880Z[0m [INFO] TRADER-001.nautilus_backtest::engine:  General Statistics[0m
[1m2026-08-07T02:30:53.536455070Z[0m [36m[INFO] TRADER-001.nautilus_backtest::engine: -----------------------------------------------------------------[0m
[1m2026-08-07T02:30:53.536457544Z[0m [INFO] TRADER-001.nautilus_backtest::engine: Long Ratio:                     0.6[0m
[1m2026-08-07T02:30:53.536457884Z[0m [36m[INFO] TRADER-001.nautilus_backtest::engine: -----------------------------------------------------------------[0m
[1m2026-08-07T02:30:53.961440030Z[0m [INFO] TRADER-001.nautilus_system::kernel: Disposing[0m
[1m2026-08-07T02:30:53.961458928Z[0m [INFO] TRADER-001.nautilus_system::trader: Disposing[0m
[1m2026-08-07T02:30:53.961462433Z[0m [INFO] TRADER-001.DataActor-140721478229192: Disposing[0m
[1m2026-08-07T02:30:53.961469573Z[0m [INFO] TRADER-001.DataActor-140721478229192: Disposed[0m
[1m2026-08-07T02:30:53.961478076Z[0m [INFO] TRADER-001.nautilus_system::trader: Disposed[0m
[1m2026-08-07T02:30:53.961481631Z[0m [INFO] TRADER-001.nautilus_backtest::execution_client: Backtest execution client stopped[0m
[1m2026-08-07T02:30:53.961486769Z[0m [INFO] TRADER-001.nautilus_execution::engine: Stopped[0m
[1m2026-08-07T02:30:53.961488261Z[0m [INFO] TRADER-001.nautilus_risk::engine: Stopped[0m
[1m2026-08-07T02:30:53.961489743Z[0m [INFO] TRADER-001.nautilus_execution::order_emulator::emulator: Stopped[0m
[1m2026-08-07T02:30:53.961495261Z[0m [INFO] TRADER-001.nautilus_execution::engine: Disposed[0m
[1m2026-08-07T02:30:53.961496833Z[0m [INFO] TRADER-001.nautilus_risk::engine: Disposed[0m
[1m2026-08-07T02:30:53.961498896Z[0m [INFO] TRADER-001.nautilus_execution::order_emulator::emulator: Disposed[0m
[1m2026-08-07T02:30:53.961547498Z[0m [INFO] TRADER-001.nautilus_common::cache: Reset cache[0m
[1m2026-08-07T02:30:53.961566676Z[0m [INFO] TRADER-001.nautilus_system::kernel: Disposed[0m
{"closed_trades": 5, "daily_geometric_growth": -0.017028878552325044, "final_nav_usdt": 88671.75673724, "first_window_gate_passed": false, "signals": 5, "window": "screen-01", "wins": 0}
{
  "ablation_modes": [
    "none"
  ],
  "auction_family_mode": "both",
  "candidate": "candidate-08-flow-response-auction-btc-nautilus-v1",
  "close_reasons": {
    "STRUCTURAL_STOP": 5
  },
  "closed_trades": 5,
  "combined_calendar_days": 7.0,
  "combined_daily_geometric_growth": -0.017028878552324933,
  "diagnostic_family_ablation": false,
  "evidence_wrapper_revision": "EXPLICIT_ZERO_TRADE_PATH_REVISION_COUNT_V4",
  "flow_response_family_mode": "both",
  "goal_daily_geometric_growth": 0.01,
  "goal_met": false,
  "implementation_revision": "CAUSAL_FLOW_RESPONSE_EXTERNAL_AUCTION_V3_EXACT_TEN_SECOND_CADENCE",
  "positive_trade_share": 0.0,
  "promotable": true,
  "realized_pnl_by_symbol": {
    "BTCUSDT": -11328.243262760001
  },
  "scenario_attribution_checks": {
    "all_closed_trades_attributed": true,
    "all_signals_attributed": true,
    "closed_trades_attributed": 5,
    "no_unclassified_closed_trades": true,
    "no_unclassified_signals": true,
    "reported_closed_trades": 5,
    "reported_signals": 5,
    "signals_attributed": 5
  },
  "scenario_attribution_passed": true,
  "scenario_contract": "CAUSAL_AGGRESSIVE_FLOW_PRICE_RESPONSE_AT_COMPLETED_EXTERNAL_LIQUIDITY",
  "scenario_family_results": {
    "FLOW_RESPONSE_ABSORPTION_REVERSAL": {
      "close_reasons": {
        "STRUCTURAL_STOP": 1
      },
      "closed_trades": 1,
      "closed_trades_by_symbol": {
        "BTCUSDT": 1
      },
      "losses": 1,
      "realized_pnl_usdt": -2388.423132,
      "signals": 1,
      "win_rate": 0.0,
      "wins": 0
    },
    "FLOW_RESPONSE_INITIATIVE_CONTINUATION": {
      "close_reasons": {
        "STRUCTURAL_STOP": 4
      },
      "closed_trades": 4,
      "closed_trades_by_symbol": {
        "BTCUSDT": 4
      },
      "losses": 4,
      "realized_pnl_usdt": -8939.820130760001,
      "signals": 4,
      "win_rate": 0.0,
      "wins": 0
    }
  },
  "single_asset_positive_pnl_share": 0.0,
  "single_trade_positive_pnl_share": 0.0,
  "suite": "first",
  "suite_gate_checks": {
    "all_signal_times_processed": true,
    "all_submitted_entries_observed": true,
    "base_contract_includes_both_auction_families": true,
    "base_contract_includes_both_flow_response_families": true,
    "base_contract_not_ablated": true,
    "closed_trades_matched_to_intents": true,
    "complete_auction_scenario_attribution": true,
    "complete_post_run_trade_path_diagnostics": true,
    "cost_after_total_return_positive": false,
    "entry_causality": true,
    "fill_adjusted_risk_budget_respected": true,
    "funding_cost_state_is_causal_and_complete": true,
    "minimum_closed_trades": true,
    "no_execution_failures": true,
    "no_residual_exposure": true,
    "no_unexpected_or_liquidation_closes": true,
    "planned_risk_budget_respected": true,
    "position_exit_causality": true,
    "realized_loss_budget_respected": true
  },
  "suite_gate_passed": false,
  "symbols_with_closed_trades": [
    "BTCUSDT"
  ],
  "ten_second_cadence_contract": "EXACT_CONSECUTIVE_10_SECONDS",
  "trade_path_diagnostic_revision": "POST_RUN_STRUCTURAL_PATH_COMPLETE_HORIZON_V2",
  "trade_path_diagnostic_summary": {
    "actual_holding_first_touch_counts": {
      "STOP": 5
    },
    "allowed_structural_first_touch_values": [
      "TARGET",
      "STOP",
      "AMBIGUOUS_SAME_BUCKET",
      "NONE_WITHIN_HORIZON"
    ],
    "complete_records": 5,
    "diagnostic_revision_counts": {
      "POST_RUN_STRUCTURAL_PATH_COMPLETE_HORIZON_V2": 5
    },
    "expected_diagnostic_revision": "POST_RUN_STRUCTURAL_PATH_COMPLETE_HORIZON_V2",
    "mean_actual_holding_adverse_stop_fraction": 1.0810561280488808,
    "mean_actual_holding_favorable_target_fraction": 0.12775326629012615,
    "records": 5,
    "status_counts": {
      "COMPLETE": 5
    },
    "structural_first_touch_counts": {
      "STOP": 5
    },
    "target_after_actual_close_count": 2,
    "target_after_invalidation_count": 2
  },
  "window_results": [
    {
      "closed_trades": 5,
      "daily_geometric_growth": -0.017028878552325044,
      "final_nav_usdt": 88671.75673724,
      "first_window_gate_passed": false,
      "maximum_realized_equity_drawdown": 0.11328243262760007,
      "name": "screen-01",
      "total_return": -0.11328243262760007,
      "win_rate": 0.0,
      "wins": 0
    }
  ],
  "windows": [
    {
      "end": "2024-04-15T00:00:00Z",
      "name": "screen-01",
      "start": "2024-04-08T00:00:00Z"
    }
  ],
  "wins": 0
}
{
  "ablation_new_base_rebuild_supported": false,
  "ablation_runner_status": null,
  "ablation_selected": false,
  "ablation_selection": {
    "contributions": [
      {
        "closed_trades": 4,
        "family": "FLOW_RESPONSE_INITIATIVE_CONTINUATION",
        "realized_pnl_usdt": -8939.820130760001,
        "signals": 4,
        "wins": 0
      },
      {
        "closed_trades": 1,
        "family": "FLOW_RESPONSE_ABSORPTION_REVERSAL",
        "realized_pnl_usdt": -2388.423132,
        "signals": 1,
        "wins": 0
      }
    ],
    "family_mode": null,
    "reason": "BOTH_FAMILIES_ECONOMICALLY_NEGATIVE",
    "removed_family": null,
    "retained_family": null,
    "selected": false,
    "suite": "first"
  },
  "base_family_mode": "both",
  "candidate": "candidate-08-flow-response-auction-btc-nautilus-v1",
  "decision": "FIRST_WEEK_LOGIC_FAILURE_DISCARD_FLOW_RESPONSE_V3",
  "first_evidence_contract_errors": [],
  "first_gate_passed": false,
  "first_runner_status": 0,
  "first_summary": {
    "closed_trades": 5,
    "combined_daily_geometric_growth": -0.017028878552324933,
    "flow_response_family_mode": "both",
    "implementation_revision": "CAUSAL_FLOW_RESPONSE_EXTERNAL_AUCTION_V3_EXACT_TEN_SECOND_CADENCE",
    "path": "/__w/SMC_ICT_4_LIVE/SMC_ICT_4_LIVE/research/candidate-08/evidence/flow-response-auction-nautilus-v3/first-v1/suite_metrics.json",
    "scenario_family_results": {
      "FLOW_RESPONSE_ABSORPTION_REVERSAL": {
        "close_reasons": {
          "STRUCTURAL_STOP": 1
        },
        "closed_trades": 1,
        "closed_trades_by_symbol": {
          "BTCUSDT": 1
        },
        "losses": 1,
        "realized_pnl_usdt": -2388.423132,
        "signals": 1,
        "win_rate": 0.0,
        "wins": 0
      },
      "FLOW_RESPONSE_INITIATIVE_CONTINUATION": {
        "close_reasons": {
          "STRUCTURAL_STOP": 4
        },
        "closed_trades": 4,
        "closed_trades_by_symbol": {
          "BTCUSDT": 4
        },
        "losses": 4,
        "realized_pnl_usdt": -8939.820130760001,
        "signals": 4,
        "win_rate": 0.0,
        "wins": 0
      }
    },
    "sha256": "30c397a85ebb66ee19c5c338f025ed6825c99c94d1dbe12fff027ba5b511fd98",
    "suite": "first",
    "suite_gate_passed": false,
    "ten_second_cadence_contract": "EXACT_CONSECUTIVE_10_SECONDS",
    "trade_path_diagnostic_revision": "POST_RUN_STRUCTURAL_PATH_COMPLETE_HORIZON_V2",
    "trade_path_diagnostic_summary": {
      "actual_holding_first_touch_counts": {
        "STOP": 5
      },
      "allowed_structural_first_touch_values": [
        "TARGET",
        "STOP",
        "AMBIGUOUS_SAME_BUCKET",
        "NONE_WITHIN_HORIZON"
      ],
      "complete_records": 5,
      "diagnostic_revision_counts": {
        "POST_RUN_STRUCTURAL_PATH_COMPLETE_HORIZON_V2": 5
      },
      "expected_diagnostic_revision": "POST_RUN_STRUCTURAL_PATH_COMPLETE_HORIZON_V2",
      "mean_actual_holding_adverse_stop_fraction": 1.0810561280488808,
      "mean_actual_holding_favorable_target_fraction": 0.12775326629012615,
      "records": 5,
      "status_counts": {
        "COMPLETE": 5
      },
      "structural_first_touch_counts": {
        "STOP": 5
      },
      "target_after_actual_close_count": 2,
      "target_after_invalidation_count": 2
    },
    "wins": 0
  },
  "git_sha": "94ade74aa65c7cad7c2584b8a77db3a193b0f69b",
  "implementation_revision": "CAUSAL_FLOW_RESPONSE_EXTERNAL_AUCTION_V3_EXACT_TEN_SECOND_CADENCE",
  "promotion_permitted_from_ablation": false,
  "protocol_revision": "FLOW_RESPONSE_STAGED_VALIDATION_V2_EXACT_CADENCE",
  "screen_gate_passed": false,
  "screen_runner_status": null
}
