research/candidate-08/.diagbundle.00: OK
research/candidate-08/.diagbundle.01: OK
research/candidate-08/.diagbundle.02: OK
research/candidate-08/.diagbundle.03: OK
research/candidate-08/.diagbundle.04: OK
/tmp/opening-type-diagnostic/bundle.tgz: OK
[OK] python: 3.13.5 (need 3.13.x)
[OK] nautilus_trader: 1.230.0 (need 1.230.0)
[OK] glibc: 2.36 (need >= 2.35)
[1m2026-08-08T12:57:55.305230115Z[0m [36m[INFO] TRADER-001.BacktestEngine: =================================================================[0m
[1m2026-08-08T12:57:55.305242623Z[0m [36m[INFO] TRADER-001.BacktestEngine:  NAUTILUS TRADER - Automated Algorithmic Trading Platform[0m
[1m2026-08-08T12:57:55.305243244Z[0m [36m[INFO] TRADER-001.BacktestEngine:  by Nautech Systems Pty Ltd.[0m
[1m2026-08-08T12:57:55.305243444Z[0m [36m[INFO] TRADER-001.BacktestEngine:  Copyright (C) 2015-2026. All rights reserved.[0m
[1m2026-08-08T12:57:55.305243645Z[0m [36m[INFO] TRADER-001.BacktestEngine: =================================================================[0m
[1m2026-08-08T12:57:55.305244015Z[0m [INFO] TRADER-001.BacktestEngine: [0m
[1m2026-08-08T12:57:55.305244235Z[0m [INFO] TRADER-001.BacktestEngine: ⠀⠀⠀⠀⠀⠀⠀⠀⠀⠀⠀⠀⠀⣠⣴⣶⡟⠀⠀⠀⠀⠀⠀⠀⠀⠀⠀⠀⠀⠀⠀[0m
[1m2026-08-08T12:57:55.305244416Z[0m [INFO] TRADER-001.BacktestEngine: ⠀⠀⠀⠀⠀⠀⠀⠀⠀⠀⠀⣰⣾⣿⣿⣿⠀⢸⣿⣿⣿⣿⣶⣶⣤⣀⠀⠀⠀⠀⠀[0m
[1m2026-08-08T12:57:55.305244556Z[0m [INFO] TRADER-001.BacktestEngine: ⠀⠀⠀⠀⠀⠀⢀⣴⡇⢀⣾⣿⣿⣿⣿⣿⠀⣾⣿⣿⣿⣿⣿⣿⣿⠿⠓⠀⠀⠀⠀[0m
[1m2026-08-08T12:57:55.305244706Z[0m [INFO] TRADER-001.BacktestEngine: ⠀⠀⠀⠀⠀⣰⣿⣿⡀⢸⣿⣿⣿⣿⣿⣿⠀⣿⣿⣿⣿⣿⣿⠟⠁⣠⣄⠀⠀⠀⠀[0m
[1m2026-08-08T12:57:55.305244956Z[0m [INFO] TRADER-001.BacktestEngine: ⠀⠀⠀⠀⢠⣿⣿⣿⣇⠀⢿⣿⣿⣿⣿⣿⠀⢻⣿⣿⣿⡿⢃⣠⣾⣿⣿⣧⡀⠀⠀[0m
[1m2026-08-08T12:57:55.305245417Z[0m [INFO] TRADER-001.BacktestEngine: ⠀⠀⠀⠠⣾⣿⣿⣿⣿⣿⣧⠈⠋⢀⣴⣧⠀⣿⡏⢠⡀⢸⣿⣿⣿⣿⣿⣿⣿⡇⠀[0m
[1m2026-08-08T12:57:55.305245858Z[0m [INFO] TRADER-001.BacktestEngine: ⠀⠀⠀⣀⠙⢿⣿⣿⣿⣿⣿⠇⢠⣿⣿⣿⡄⠹⠃⠼⠃⠈⠉⠛⠛⠛⠛⠛⠻⠇⠀[0m
[1m2026-08-08T12:57:55.305246018Z[0m [INFO] TRADER-001.BacktestEngine: ⠀⠀⢸⡟⢠⣤⠉⠛⠿⢿⣿⠀⢸⣿⡿⠋⣠⣤⣄⠀⣾⣿⣿⣶⣶⣶⣦⡄⠀⠀⠀[0m
[1m2026-08-08T12:57:55.305247400Z[0m [INFO] TRADER-001.BacktestEngine: ⠀⠀⠸⠀⣾⠏⣸⣷⠂⣠⣤⠀⠘⢁⣴⣾⣿⣿⣿⡆⠘⣿⣿⣿⣿⣿⣿⠀⠀⠀⠀[0m
[1m2026-08-08T12:57:55.305247691Z[0m [INFO] TRADER-001.BacktestEngine: ⠀⠀⠀⠀⠛⠀⣿⡟⠀⢻⣿⡄⠸⣿⣿⣿⣿⣿⣿⣿⡀⠘⣿⣿⣿⣿⠟⠀⠀⠀⠀[0m
[1m2026-08-08T12:57:55.305247851Z[0m [INFO] TRADER-001.BacktestEngine: ⠀⠀⠀⠀⠀⠀⣿⠇⠀⠀⢻⡿⠀⠈⠻⣿⣿⣿⣿⣿⡇⠀⢹⣿⠿⠋⠀⠀⠀⠀⠀[0m
[1m2026-08-08T12:57:55.305247991Z[0m [INFO] TRADER-001.BacktestEngine: ⠀⠀⠀⠀⠀⠀⠋⠀⠀⠀⡘⠁⠀⠀⠀⠀⠀⠀⠀⠀⠀⠀⠈⠁⠀⠀⠀⠀⠀⠀⠀[0m
[1m2026-08-08T12:57:55.305248141Z[0m [INFO] TRADER-001.BacktestEngine: [0m
[1m2026-08-08T12:57:55.305248261Z[0m [36m[INFO] TRADER-001.BacktestEngine: =================================================================[0m
[1m2026-08-08T12:57:55.305248542Z[0m [36m[INFO] TRADER-001.BacktestEngine:  SYSTEM SPECIFICATION[0m
[1m2026-08-08T12:57:55.305248672Z[0m [36m[INFO] TRADER-001.BacktestEngine: =================================================================[0m
[1m2026-08-08T12:57:55.305250374Z[0m [INFO] TRADER-001.BacktestEngine: CPU architecture: AMD EPYC 9V74 80-Core Processor[0m
[1m2026-08-08T12:57:55.305251316Z[0m [INFO] TRADER-001.BacktestEngine: CPU(s): 4 @ 2596 MHz[0m
[1m2026-08-08T12:57:55.305252277Z[0m [INFO] TRADER-001.BacktestEngine: OS: kernel-6.17.0-1020-azure Linux (Debian GNU/Linux 12)[0m
[1m2026-08-08T12:57:55.305324013Z[0m [36m[INFO] TRADER-001.BacktestEngine: =================================================================[0m
[1m2026-08-08T12:57:55.305328880Z[0m [36m[INFO] TRADER-001.BacktestEngine:  MEMORY USAGE[0m
[1m2026-08-08T12:57:55.305329301Z[0m [36m[INFO] TRADER-001.BacktestEngine: =================================================================[0m
[1m2026-08-08T12:57:55.305333247Z[0m [INFO] TRADER-001.BacktestEngine: RAM-Total: 15.61 GiB[0m
[1m2026-08-08T12:57:55.305334008Z[0m [INFO] TRADER-001.BacktestEngine: RAM-Used: 1.57 GiB (10.03%)[0m
[1m2026-08-08T12:57:55.305334519Z[0m [INFO] TRADER-001.BacktestEngine: RAM-Avail: 14.05 GiB (89.97%)[0m
[1m2026-08-08T12:57:55.305335730Z[0m [INFO] TRADER-001.BacktestEngine: Swap-Total: 3.00 GiB[0m
[1m2026-08-08T12:57:55.305337273Z[0m [INFO] TRADER-001.BacktestEngine: Swap-Used: 0.00 GiB (0.00%)[0m
[1m2026-08-08T12:57:55.305338324Z[0m [INFO] TRADER-001.BacktestEngine: Swap-Avail: 3.00 GiB (100.00%)[0m
[1m2026-08-08T12:57:55.305339195Z[0m [36m[INFO] TRADER-001.BacktestEngine: =================================================================[0m
[1m2026-08-08T12:57:55.305339396Z[0m [36m[INFO] TRADER-001.BacktestEngine:  IDENTIFIERS[0m
[1m2026-08-08T12:57:55.305339586Z[0m [36m[INFO] TRADER-001.BacktestEngine: =================================================================[0m
[1m2026-08-08T12:57:55.305340147Z[0m [INFO] TRADER-001.BacktestEngine: trader_id: TRADER-001[0m
[1m2026-08-08T12:57:55.305340788Z[0m [INFO] TRADER-001.BacktestEngine: machine_id: d88082ed76d7[0m
[1m2026-08-08T12:57:55.305342410Z[0m [INFO] TRADER-001.BacktestEngine: instance_id: dbc7290f-a37a-4cb4-b513-1b9a18320d1b[0m
[1m2026-08-08T12:57:55.305342831Z[0m [INFO] TRADER-001.BacktestEngine: PID: 189[0m
[1m2026-08-08T12:57:55.305343021Z[0m [36m[INFO] TRADER-001.BacktestEngine: =================================================================[0m
[1m2026-08-08T12:57:55.305343231Z[0m [36m[INFO] TRADER-001.BacktestEngine:  VERSIONING[0m
[1m2026-08-08T12:57:55.305343412Z[0m [36m[INFO] TRADER-001.BacktestEngine: =================================================================[0m
[1m2026-08-08T12:57:55.305359866Z[0m [INFO] TRADER-001.BacktestEngine: nautilus_trader: 1.230.0[0m
[1m2026-08-08T12:57:55.305367527Z[0m [INFO] TRADER-001.BacktestEngine: python: 3.13.5[0m
[1m2026-08-08T12:57:55.305372605Z[0m [INFO] TRADER-001.BacktestEngine: numpy: 2.5.1[0m
[1m2026-08-08T12:57:55.305376370Z[0m [INFO] TRADER-001.BacktestEngine: pandas: 3.0.5[0m
[1m2026-08-08T12:57:55.305381308Z[0m [INFO] TRADER-001.BacktestEngine: msgspec: 0.21.1[0m
[1m2026-08-08T12:57:55.305389279Z[0m [INFO] TRADER-001.BacktestEngine: pyarrow: 25.0.0[0m
[1m2026-08-08T12:57:55.305393876Z[0m [INFO] TRADER-001.BacktestEngine: pytz: 2026.3.post1[0m
[1m2026-08-08T12:57:55.305397521Z[0m [INFO] TRADER-001.BacktestEngine: uvloop: 0.22.1[0m
[1m2026-08-08T12:57:55.305397912Z[0m [36m[INFO] TRADER-001.BacktestEngine: =================================================================[0m
[1m2026-08-08T12:57:55.305399394Z[0m [INFO] TRADER-001.nautilus_system::kernel: Building system kernel[0m
[1m2026-08-08T12:57:55.305882777Z[0m [INFO] TRADER-001.nautilus_backtest::engine: Adding exchange BINANCE to engine[0m
[1m2026-08-08T12:57:55.305947613Z[0m [INFO] TRADER-001.nautilus_backtest::exchange: Added instrument BTCUSDT-PERP.BINANCE and created matching engine[0m
[1m2026-08-08T12:57:55.305993490Z[0m [INFO] TRADER-001.nautilus_backtest::engine: Added instrument BTCUSDT-PERP.BINANCE to exchange BINANCE[0m
[1m2026-08-08T12:57:55.306008402Z[0m [INFO] TRADER-001.nautilus_backtest::exchange: Added instrument ETHUSDT-PERP.BINANCE and created matching engine[0m
[1m2026-08-08T12:57:55.306024656Z[0m [INFO] TRADER-001.nautilus_backtest::engine: Added instrument ETHUSDT-PERP.BINANCE to exchange BINANCE[0m
[1m2026-08-08T12:57:55.306032107Z[0m [INFO] TRADER-001.nautilus_backtest::exchange: Added instrument SOLUSDT-PERP.BINANCE and created matching engine[0m
[1m2026-08-08T12:57:55.306036373Z[0m [INFO] TRADER-001.nautilus_backtest::engine: Added instrument SOLUSDT-PERP.BINANCE to exchange BINANCE[0m
[1m2026-08-08T12:57:55.306046789Z[0m [INFO] TRADER-001.nautilus_backtest::exchange: Added instrument XRPUSDT-PERP.BINANCE and created matching engine[0m
[1m2026-08-08T12:57:55.306052447Z[0m [INFO] TRADER-001.nautilus_backtest::engine: Added instrument XRPUSDT-PERP.BINANCE to exchange BINANCE[0m
[1m2026-08-08T12:57:55.362050552Z[0m [INFO] TRADER-001.nautilus_backtest::engine: Added 248544 data elements to BacktestEngine (248544 total)[0m
[1m2026-08-08T12:57:55.371072786Z[0m [INFO] TRADER-001.nautilus_backtest::engine: Added 41424 data elements to BacktestEngine (289968 total)[0m
[1m2026-08-08T12:57:55.371124322Z[0m [INFO] TRADER-001.nautilus_backtest::engine: Added 88 data elements to BacktestEngine (290056 total)[0m
[1m2026-08-08T12:57:55.371128428Z[0m [INFO] TRADER-001.nautilus_backtest::engine: Data sort requested (iterator merges streams by replay timestamp)[0m
[1m2026-08-08T12:57:55.371192903Z[0m [INFO] TRADER-001.DataActor-140724825183112: Ready[0m
[1m2026-08-08T12:57:55.371318167Z[0m [INFO] TRADER-001.nautilus_backtest::python::engine: Registered Python strategy DataActor-140724825183112[0m
[1m2026-08-08T12:57:55.371370124Z[0m [INFO] TRADER-001.nautilus_portfolio::portfolio: Updated AccountState(account_id=BINANCE-001, account_type=MARGIN, base_currency=USDT, is_reported=true, balances=[AccountBalance(total=100000.00000000 USDT, locked=0.00000000 USDT, free=100000.00000000 USDT)], margins=[], event_id=3e4da8ac-ffd9-4835-82ad-bd4b43c0b062)[0m
[1m2026-01-04T23:25:10.000000000Z[0m [INFO] TRADER-001.nautilus_system::kernel: Starting[0m
[1m2026-01-04T23:25:10.000000000Z[0m [INFO] TRADER-001.nautilus_backtest::execution_client: Backtest execution client started[0m
[1m2026-01-04T23:25:10.000000000Z[0m [INFO] TRADER-001.nautilus_execution::engine: Started[0m
[1m2026-01-04T23:25:10.000000000Z[0m [INFO] TRADER-001.nautilus_risk::engine: Started[0m
[1m2026-01-04T23:25:10.000000000Z[0m [INFO] TRADER-001.nautilus_system::kernel: Initializing trader[0m
[1m2026-01-04T23:25:10.000000000Z[0m [INFO] TRADER-001.nautilus_system::kernel: Started[0m
[1m2026-01-04T23:25:10.000000000Z[0m [INFO] TRADER-001.nautilus_system::kernel: Starting trader...[0m
[1m2026-01-04T23:25:10.000000000Z[0m [INFO] TRADER-001.nautilus_execution::order_emulator::emulator: Started[0m
[1m2026-01-04T23:25:10.000000000Z[0m [INFO] TRADER-001.nautilus_system::trader: Starting[0m
[1m2026-01-04T23:25:10.000000000Z[0m [INFO] TRADER-001.DataActor-140724825183112: Starting[0m
[1m2026-01-04T23:25:10.000000000Z[0m [INFO] TRADER-001.nautilus_trading::strategy: Starting DataActor-140724825183112[0m
[1m2026-01-04T23:25:10.000000000Z[0m [INFO] TRADER-001.nautilus_common::actor::data_actor: [CMD]--> Subscribe(Bars(SubscribeBars { bar_type: Standard { instrument_id: "BTCUSDT-PERP.BINANCE", spec: BarSpecification { step: 10, aggregation: Second, price_type: Last }, aggregation_source: External }, client_id: None, venue: Some("BINANCE"), command_id: UUID4(2a5c2f23-480b-4db8-be91-ff7c6c642852), ts_init: UnixNanos(1767569110000000000), correlation_id: None, params: None }))[0m
[1m2026-01-04T23:25:10.000000000Z[0m [INFO] TRADER-001.nautilus_common::actor::data_actor: [CMD]--> Subscribe(Bars(SubscribeBars { bar_type: Standard { instrument_id: "ETHUSDT-PERP.BINANCE", spec: BarSpecification { step: 10, aggregation: Second, price_type: Last }, aggregation_source: External }, client_id: None, venue: Some("BINANCE"), command_id: UUID4(111c2356-507f-4498-946a-e8e2446170db), ts_init: UnixNanos(1767569110000000000), correlation_id: None, params: None }))[0m
[1m2026-01-04T23:25:10.000000000Z[0m [INFO] TRADER-001.nautilus_common::actor::data_actor: [CMD]--> Subscribe(Bars(SubscribeBars { bar_type: Standard { instrument_id: "SOLUSDT-PERP.BINANCE", spec: BarSpecification { step: 10, aggregation: Second, price_type: Last }, aggregation_source: External }, client_id: None, venue: Some("BINANCE"), command_id: UUID4(d4ebce32-5bc8-4f6f-8e3a-d4a062e1c5d2), ts_init: UnixNanos(1767569110000000000), correlation_id: None, params: None }))[0m
[1m2026-01-04T23:25:10.000000000Z[0m [INFO] TRADER-001.nautilus_common::actor::data_actor: [CMD]--> Subscribe(Bars(SubscribeBars { bar_type: Standard { instrument_id: "XRPUSDT-PERP.BINANCE", spec: BarSpecification { step: 10, aggregation: Second, price_type: Last }, aggregation_source: External }, client_id: None, venue: Some("BINANCE"), command_id: UUID4(8ca7be01-e307-40a5-99e2-fbde654c904f), ts_init: UnixNanos(1767569110000000000), correlation_id: None, params: None }))[0m
[1m2026-01-04T23:25:10.000000000Z[0m [INFO] TRADER-001.DataActor-140724825183112: Running[0m
[1m2026-01-04T23:25:10.000000000Z[0m [INFO] TRADER-001.nautilus_system::trader: Running[0m
[1m2026-01-04T23:25:10.000000000Z[0m [INFO] TRADER-001.nautilus_system::kernel: Trader started[0m
[1m2026-01-04T23:25:10.000000000Z[0m [36m[INFO] TRADER-001.nautilus_backtest::engine: =================================================================[0m
[1m2026-01-04T23:25:10.000000000Z[0m [36m[INFO] TRADER-001.nautilus_backtest::engine:  BACKTEST PRE-RUN[0m
[1m2026-01-04T23:25:10.000000000Z[0m [36m[INFO] TRADER-001.nautilus_backtest::engine: =================================================================[0m
[1m2026-01-04T23:25:10.000000000Z[0m [36m[INFO] TRADER-001.nautilus_backtest::engine: =================================================================[0m
[1m2026-01-04T23:25:10.000000000Z[0m [INFO] TRADER-001.nautilus_backtest::engine:  SimulatedVenue BINANCE (MARGIN)[0m
[1m2026-01-04T23:25:10.000000000Z[0m [36m[INFO] TRADER-001.nautilus_backtest::engine: -----------------------------------------------------------------[0m
[1m2026-01-04T23:25:10.000000000Z[0m [INFO] TRADER-001.nautilus_backtest::engine: Balances starting:[0m
[1m2026-01-04T23:25:10.000000000Z[0m [INFO] TRADER-001.nautilus_backtest::engine:   100000.00000000 USDT[0m
[1m2026-01-04T23:25:10.000000000Z[0m [36m[INFO] TRADER-001.nautilus_backtest::engine: -----------------------------------------------------------------[0m
[1m2026-01-04T23:25:10.000000000Z[0m [36m[INFO] TRADER-001.nautilus_backtest::engine: =================================================================[0m
[1m2026-01-04T23:25:10.000000000Z[0m [36m[INFO] TRADER-001.nautilus_backtest::engine:  BACKTEST RUN[0m
[1m2026-01-04T23:25:10.000000000Z[0m [36m[INFO] TRADER-001.nautilus_backtest::engine: =================================================================[0m
[1m2026-01-04T23:25:10.000000000Z[0m [INFO] TRADER-001.nautilus_backtest::engine: Run config ID:  None[0m
[1m2026-01-04T23:25:10.000000000Z[0m [INFO] TRADER-001.nautilus_backtest::engine: Run ID:         58b87d39-fb43-4bd9-973b-63f11ddce15d[0m
[1m2026-01-04T23:25:10.000000000Z[0m [INFO] TRADER-001.nautilus_backtest::engine: Backtest start: 2026-01-04T23:25:10.000000000Z[0m
[1m2026-01-04T23:25:10.000000000Z[0m [INFO] TRADER-001.nautilus_backtest::engine: Data elements:  290056[0m
[1m2026-01-04T23:25:10.000000000Z[0m [36m[INFO] TRADER-001.nautilus_backtest::engine: -----------------------------------------------------------------[0m
[1m2026-01-04T23:25:10.000000000Z[0m [94m[INFO] TRADER-001.nautilus_data::client: Subscribed BTCUSDT-PERP.BINANCE-10-SECOND-LAST-EXTERNAL bars[0m
[1m2026-01-04T23:25:10.000000000Z[0m [94m[INFO] TRADER-001.nautilus_data::client: Subscribed ETHUSDT-PERP.BINANCE-10-SECOND-LAST-EXTERNAL bars[0m
[1m2026-01-04T23:25:10.000000000Z[0m [94m[INFO] TRADER-001.nautilus_data::client: Subscribed SOLUSDT-PERP.BINANCE-10-SECOND-LAST-EXTERNAL bars[0m
[1m2026-01-04T23:25:10.000000000Z[0m [94m[INFO] TRADER-001.nautilus_data::client: Subscribed XRPUSDT-PERP.BINANCE-10-SECOND-LAST-EXTERNAL bars[0m
[1m2026-01-05T00:35:00.000000000Z[0m [INFO] TRADER-001.nautilus_trading::strategy: DataActor-140724825183112 <--[EVT] OrderInitialized(instrument_id=BTCUSDT-PERP.BINANCE, client_order_id=O-20260105-003500-001-140724825183112-1, side=BUY, type=MARKET, quantity=7.958, time_in_force=GTC, post_only=false, reduce_only=false, quote_quantity=false, price=None, emulation_trigger=None, trigger_instrument_id=None, contingency_type=OTO, order_list_id=OL-20260105-003500-001-140724825183112-1, linked_order_ids=[O-20260105-003500-001-140724825183112-2, O-20260105-003500-001-140724825183112-3], parent_order_id=None, exec_algorithm_id=None, exec_algorithm_params=None, exec_spawn_id=None, tags=opening-pullback-direct-diagnostic-btcusdt-asia-2026-01-05-00045, BREAKOUT_ACCEPTANCE_CONTINUATION, LONG, TEN_SECOND_MARKET_ENTRY)[0m
[1m2026-01-05T00:35:00.000000000Z[0m [INFO] TRADER-001.nautilus_trading::strategy: DataActor-140724825183112 <--[EVT] OrderInitialized(instrument_id=BTCUSDT-PERP.BINANCE, client_order_id=O-20260105-003500-001-140724825183112-2, side=SELL, type=STOP_MARKET, quantity=7.958, time_in_force=GTC, post_only=false, reduce_only=true, quote_quantity=false, price=None, emulation_trigger=None, trigger_instrument_id=None, contingency_type=OUO, order_list_id=OL-20260105-003500-001-140724825183112-1, linked_order_ids=[O-20260105-003500-001-140724825183112-3], parent_order_id=O-20260105-003500-001-140724825183112-1, exec_algorithm_id=None, exec_algorithm_params=None, exec_spawn_id=None, tags=opening-pullback-direct-diagnostic-btcusdt-asia-2026-01-05-00045, OBSERVED_RETEST_INVALIDATION)[0m
[1m2026-01-05T00:35:00.000000000Z[0m [INFO] TRADER-001.nautilus_trading::strategy: DataActor-140724825183112 <--[EVT] OrderInitialized(instrument_id=BTCUSDT-PERP.BINANCE, client_order_id=O-20260105-003500-001-140724825183112-3, side=SELL, type=LIMIT, quantity=7.958, time_in_force=GTC, post_only=false, reduce_only=true, quote_quantity=false, price=92740.5, emulation_trigger=None, trigger_instrument_id=None, contingency_type=OUO, order_list_id=OL-20260105-003500-001-140724825183112-1, linked_order_ids=[O-20260105-003500-001-140724825183112-2], parent_order_id=O-20260105-003500-001-140724825183112-1, exec_algorithm_id=None, exec_algorithm_params=None, exec_spawn_id=None, tags=opening-pullback-direct-diagnostic-btcusdt-asia-2026-01-05-00045, ACTIVE_COMPLETED_EXTERNAL_TARGET)[0m
[1m2026-01-05T00:35:00.000000000Z[0m [INFO] TRADER-001.nautilus_trading::strategy: DataActor-140724825183112 [CMD]--> SubmitOrderList[0m
[1m2026-01-05T00:35:00.000000000Z[0m [94m[INFO] TRADER-001.nautilus_execution::engine: Submit OrderList(id=OL-20260105-003500-001-140724825183112-1, instrument_id=BTCUSDT-PERP.BINANCE, strategy_id=DataActor-140724825183112, client_order_ids=["O-20260105-003500-001-140724825183112-1", "O-20260105-003500-001-140724825183112-2", "O-20260105-003500-001-140724825183112-3"], ts_init=1767573300000000000)[0m
[1m2026-01-05T00:35:00.000000000Z[0m [INFO] TRADER-001.nautilus_trading::strategy: DataActor-140724825183112 <--[EVT] OrderSubmitted(instrument_id=BTCUSDT-PERP.BINANCE, client_order_id=O-20260105-003500-001-140724825183112-1, account_id=BINANCE-001, ts_event=1767573300000000000)[0m
[1m2026-01-05T00:35:00.000000000Z[0m [INFO] TRADER-001.nautilus_trading::strategy: DataActor-140724825183112 <--[EVT] OrderSubmitted(instrument_id=BTCUSDT-PERP.BINANCE, client_order_id=O-20260105-003500-001-140724825183112-2, account_id=BINANCE-001, ts_event=1767573300000000000)[0m
[1m2026-01-05T00:35:00.000000000Z[0m [INFO] TRADER-001.nautilus_trading::strategy: DataActor-140724825183112 <--[EVT] OrderSubmitted(instrument_id=BTCUSDT-PERP.BINANCE, client_order_id=O-20260105-003500-001-140724825183112-3, account_id=BINANCE-001, ts_event=1767573300000000000)[0m
[1m2026-01-05T00:35:00.000000000Z[0m [INFO] TRADER-001.nautilus_portfolio::manager: BTCUSDT-PERP.BINANCE margin_init=0.00000000 USDT[0m
[1m2026-01-05T00:35:00.000000000Z[0m [INFO] TRADER-001.nautilus_trading::strategy: DataActor-140724825183112 <--[EVT] OrderFilled(instrument_id=BTCUSDT-PERP.BINANCE, client_order_id=O-20260105-003500-001-140724825183112-1, venue_order_id=BINANCE-1-1, account_id=BINANCE-001, trade_id=T-d76359f754f6e8e7-1113, position_id=P-20260105-003500-001-140724825183112-1, order_side=BUY, order_type=MARKET, last_qty=7.958, last_px=91_816.7 USDT, commission=438.40637916 USDT, liquidity_side=TAKER, ts_event=1767573300000000000)[0m
[1m2026-01-05T00:35:00.000000000Z[0m [INFO] TRADER-001.nautilus_portfolio::portfolio: BTCUSDT-PERP.BINANCE net_position=7.958[0m
[1m2026-01-05T00:35:00.000000000Z[0m [INFO] TRADER-001.nautilus_portfolio::manager: BTCUSDT-PERP.BINANCE margin_maint=2922.70919440 USDT[0m
[1m2026-01-05T00:35:00.000000000Z[0m [INFO] TRADER-001.nautilus_portfolio::portfolio: Updated AccountState(account_id=BINANCE-001, account_type=MARGIN, base_currency=USDT, is_reported=false, balances=[AccountBalance(total=99561.59362084 USDT, locked=2922.70919440 USDT, free=96638.88442644 USDT)], margins=[MarginBalance(initial=0.00000000 USDT, maintenance=2922.70919440 USDT, instrument_id=BTCUSDT-PERP.BINANCE)], event_id=7b591ad5-f8e8-4552-bea8-c4933409a19c)[0m
[1m2026-01-05T00:35:00.000000000Z[0m [INFO] TRADER-001.nautilus_trading::strategy: DataActor-140724825183112 <--[EVT] PositionOpened(PositionOpened { trader_id: "TRADER-001", strategy_id: "DataActor-140724825183112", instrument_id: "BTCUSDT-PERP.BINANCE", position_id: "P-20260105-003500-001-140724825183112-1", account_id: "BINANCE-001", opening_order_id: "O-20260105-003500-001-140724825183112-1", entry: Buy, side: Long, signed_qty: 7.958, quantity: Quantity(7.958), last_qty: Quantity(7.958), last_px: Price(91816.7), currency: Currency(code='USDT', precision=8, iso4217=0, name='Tether', currency_type=CRYPTO), avg_px_open: 91816.7, event_id: UUID4(fc2b34e1-e36a-41ab-b587-b2a48c279fb7), ts_event: UnixNanos(1767573300000000000), ts_init: UnixNanos(1767573300000000000) })[0m
[1m2026-01-05T00:35:00.000000000Z[0m [INFO] TRADER-001.nautilus_portfolio::manager: BTCUSDT-PERP.BINANCE margin_init=0.00000000 USDT[0m
[1m2026-01-05T00:35:00.000000000Z[0m [INFO] TRADER-001.nautilus_portfolio::portfolio: Updated AccountState(account_id=BINANCE-001, account_type=MARGIN, base_currency=USDT, is_reported=false, balances=[AccountBalance(total=99561.59362084 USDT, locked=2922.70919440 USDT, free=96638.88442644 USDT)], margins=[MarginBalance(initial=0.00000000 USDT, maintenance=2922.70919440 USDT, instrument_id=BTCUSDT-PERP.BINANCE)], event_id=8aa8058f-11c8-4e0a-9a17-0667fc01bafb)[0m
[1m2026-01-05T00:35:00.000000000Z[0m [INFO] TRADER-001.nautilus_trading::strategy: DataActor-140724825183112 <--[EVT] OrderAccepted(instrument_id=BTCUSDT-PERP.BINANCE, client_order_id=O-20260105-003500-001-140724825183112-2, venue_order_id=BINANCE-1-2, account_id=BINANCE-001, ts_event=1767573300000000000)[0m
[1m2026-01-05T00:35:00.000000000Z[0m [INFO] TRADER-001.nautilus_portfolio::manager: BTCUSDT-PERP.BINANCE margin_init=0.00000000 USDT[0m
[1m2026-01-05T00:35:00.000000000Z[0m [INFO] TRADER-001.nautilus_portfolio::portfolio: Updated AccountState(account_id=BINANCE-001, account_type=MARGIN, base_currency=USDT, is_reported=false, balances=[AccountBalance(total=99561.59362084 USDT, locked=2922.70919440 USDT, free=96638.88442644 USDT)], margins=[MarginBalance(initial=0.00000000 USDT, maintenance=2922.70919440 USDT, instrument_id=BTCUSDT-PERP.BINANCE)], event_id=faf31c01-e7bb-4f23-b535-3fd38f9055b2)[0m
[1m2026-01-05T00:35:00.000000000Z[0m [INFO] TRADER-001.nautilus_trading::strategy: DataActor-140724825183112 <--[EVT] OrderAccepted(instrument_id=BTCUSDT-PERP.BINANCE, client_order_id=O-20260105-003500-001-140724825183112-3, venue_order_id=BINANCE-1-3, account_id=BINANCE-001, ts_event=1767573300000000000)[0m
[1m2026-01-05T00:35:00.000000000Z[0m [1;33m[WARN] TRADER-001.nautilus_common::cache: Cannot calculate unrealized PnL for P-20260105-003500-001-140724825183112-1, no quotes for BTCUSDT-PERP.BINANCE[0m
[1m2026-01-05T00:35:10.000000000Z[0m [1;33m[WARN] TRADER-001.nautilus_common::cache: Cannot calculate unrealized PnL for P-20260105-003500-001-140724825183112-1, no quotes for BTCUSDT-PERP.BINANCE[0m
[1m2026-01-05T00:35:20.000000000Z[0m [1;33m[WARN] TRADER-001.nautilus_common::cache: Cannot calculate unrealized PnL for P-20260105-003500-001-140724825183112-1, no quotes for BTCUSDT-PERP.BINANCE[0m
[1m2026-01-05T00:35:30.000000000Z[0m [1;33m[WARN] TRADER-001.nautilus_common::cache: Cannot calculate unrealized PnL for P-20260105-003500-001-140724825183112-1, no quotes for BTCUSDT-PERP.BINANCE[0m
[1m2026-01-05T00:35:40.000000000Z[0m [1;33m[WARN] TRADER-001.nautilus_common::cache: Cannot calculate unrealized PnL for P-20260105-003500-001-140724825183112-1, no quotes for BTCUSDT-PERP.BINANCE[0m
[1m2026-01-05T00:35:50.000000000Z[0m [1;33m[WARN] TRADER-001.nautilus_common::cache: Cannot calculate unrealized PnL for P-20260105-003500-001-140724825183112-1, no quotes for BTCUSDT-PERP.BINANCE[0m
[1m2026-01-05T00:35:59.999000000Z[0m [1;33m[WARN] TRADER-001.nautilus_common::cache: Cannot calculate unrealized PnL for P-20260105-003500-001-140724825183112-1, no quotes for BTCUSDT-PERP.BINANCE[0m
[1m2026-01-05T00:36:00.000000000Z[0m [1;33m[WARN] TRADER-001.nautilus_common::cache: Cannot calculate unrealized PnL for P-20260105-003500-001-140724825183112-1, no quotes for BTCUSDT-PERP.BINANCE[0m
[1m2026-01-05T00:36:10.000000000Z[0m [1;33m[WARN] TRADER-001.nautilus_common::cache: Cannot calculate unrealized PnL for P-20260105-003500-001-140724825183112-1, no quotes for BTCUSDT-PERP.BINANCE[0m
[1m2026-01-05T00:36:20.000000000Z[0m [1;33m[WARN] TRADER-001.nautilus_common::cache: Cannot calculate unrealized PnL for P-20260105-003500-001-140724825183112-1, no quotes for BTCUSDT-PERP.BINANCE[0m
[1m2026-01-05T00:36:30.000000000Z[0m [1;33m[WARN] TRADER-001.nautilus_common::cache: Cannot calculate unrealized PnL for P-20260105-003500-001-140724825183112-1, no quotes for BTCUSDT-PERP.BINANCE[0m
[1m2026-01-05T00:36:40.000000000Z[0m [1;33m[WARN] TRADER-001.nautilus_common::cache: Cannot calculate unrealized PnL for P-20260105-003500-001-140724825183112-1, no quotes for BTCUSDT-PERP.BINANCE[0m
[1m2026-01-05T00:36:50.000000000Z[0m [1;33m[WARN] TRADER-001.nautilus_common::cache: Cannot calculate unrealized PnL for P-20260105-003500-001-140724825183112-1, no quotes for BTCUSDT-PERP.BINANCE[0m
[1m2026-01-05T00:36:59.999000000Z[0m [1;33m[WARN] TRADER-001.nautilus_common::cache: Cannot calculate unrealized PnL for P-20260105-003500-001-140724825183112-1, no quotes for BTCUSDT-PERP.BINANCE[0m
[1m2026-01-05T00:37:00.000000000Z[0m [1;33m[WARN] TRADER-001.nautilus_common::cache: Cannot calculate unrealized PnL for P-20260105-003500-001-140724825183112-1, no quotes for BTCUSDT-PERP.BINANCE[0m
[1m2026-01-05T00:37:10.000000000Z[0m [1;33m[WARN] TRADER-001.nautilus_common::cache: Cannot calculate unrealized PnL for P-20260105-003500-001-140724825183112-1, no quotes for BTCUSDT-PERP.BINANCE[0m
[1m2026-01-05T00:37:20.000000000Z[0m [1;33m[WARN] TRADER-001.nautilus_common::cache: Cannot calculate unrealized PnL for P-20260105-003500-001-140724825183112-1, no quotes for BTCUSDT-PERP.BINANCE[0m
[1m2026-01-05T00:37:30.000000000Z[0m [1;33m[WARN] TRADER-001.nautilus_common::cache: Cannot calculate unrealized PnL for P-20260105-003500-001-140724825183112-1, no quotes for BTCUSDT-PERP.BINANCE[0m
[1m2026-01-05T00:37:40.000000000Z[0m [1;33m[WARN] TRADER-001.nautilus_common::cache: Cannot calculate unrealized PnL for P-20260105-003500-001-140724825183112-1, no quotes for BTCUSDT-PERP.BINANCE[0m
[1m2026-01-05T00:37:50.000000000Z[0m [1;33m[WARN] TRADER-001.nautilus_common::cache: Cannot calculate unrealized PnL for P-20260105-003500-001-140724825183112-1, no quotes for BTCUSDT-PERP.BINANCE[0m
[1m2026-01-05T00:37:59.999000000Z[0m [1;33m[WARN] TRADER-001.nautilus_common::cache: Cannot calculate unrealized PnL for P-20260105-003500-001-140724825183112-1, no quotes for BTCUSDT-PERP.BINANCE[0m
[1m2026-01-05T00:38:00.000000000Z[0m [1;33m[WARN] TRADER-001.nautilus_common::cache: Cannot calculate unrealized PnL for P-20260105-003500-001-140724825183112-1, no quotes for BTCUSDT-PERP.BINANCE[0m
[1m2026-01-05T00:38:10.000000000Z[0m [1;33m[WARN] TRADER-001.nautilus_common::cache: Cannot calculate unrealized PnL for P-20260105-003500-001-140724825183112-1, no quotes for BTCUSDT-PERP.BINANCE[0m
[1m2026-01-05T00:38:20.000000000Z[0m [1;33m[WARN] TRADER-001.nautilus_common::cache: Cannot calculate unrealized PnL for P-20260105-003500-001-140724825183112-1, no quotes for BTCUSDT-PERP.BINANCE[0m
[1m2026-01-05T00:38:30.000000000Z[0m [1;33m[WARN] TRADER-001.nautilus_common::cache: Cannot calculate unrealized PnL for P-20260105-003500-001-140724825183112-1, no quotes for BTCUSDT-PERP.BINANCE[0m
[1m2026-01-05T00:38:40.000000000Z[0m [1;33m[WARN] TRADER-001.nautilus_common::cache: Cannot calculate unrealized PnL for P-20260105-003500-001-140724825183112-1, no quotes for BTCUSDT-PERP.BINANCE[0m
[1m2026-01-05T00:38:50.000000000Z[0m [1;33m[WARN] TRADER-001.nautilus_common::cache: Cannot calculate unrealized PnL for P-20260105-003500-001-140724825183112-1, no quotes for BTCUSDT-PERP.BINANCE[0m
[1m2026-01-05T00:38:59.999000000Z[0m [1;33m[WARN] TRADER-001.nautilus_common::cache: Cannot calculate unrealized PnL for P-20260105-003500-001-140724825183112-1, no quotes for BTCUSDT-PERP.BINANCE[0m
[1m2026-01-05T00:39:00.000000000Z[0m [1;33m[WARN] TRADER-001.nautilus_common::cache: Cannot calculate unrealized PnL for P-20260105-003500-001-140724825183112-1, no quotes for BTCUSDT-PERP.BINANCE[0m
[1m2026-01-05T00:39:10.000000000Z[0m [1;33m[WARN] TRADER-001.nautilus_common::cache: Cannot calculate unrealized PnL for P-20260105-003500-001-140724825183112-1, no quotes for BTCUSDT-PERP.BINANCE[0m
[1m2026-01-05T00:39:20.000000000Z[0m [1;33m[WARN] TRADER-001.nautilus_common::cache: Cannot calculate unrealized PnL for P-20260105-003500-001-140724825183112-1, no quotes for BTCUSDT-PERP.BINANCE[0m
[1m2026-01-05T00:39:30.000000000Z[0m [1;33m[WARN] TRADER-001.nautilus_common::cache: Cannot calculate unrealized PnL for P-20260105-003500-001-140724825183112-1, no quotes for BTCUSDT-PERP.BINANCE[0m
[1m2026-01-05T00:39:40.000000000Z[0m [1;33m[WARN] TRADER-001.nautilus_common::cache: Cannot calculate unrealized PnL for P-20260105-003500-001-140724825183112-1, no quotes for BTCUSDT-PERP.BINANCE[0m
[1m2026-01-05T00:39:50.000000000Z[0m [1;33m[WARN] TRADER-001.nautilus_common::cache: Cannot calculate unrealized PnL for P-20260105-003500-001-140724825183112-1, no quotes for BTCUSDT-PERP.BINANCE[0m
[1m2026-01-05T00:39:59.999000000Z[0m [1;33m[WARN] TRADER-001.nautilus_common::cache: Cannot calculate unrealized PnL for P-20260105-003500-001-140724825183112-1, no quotes for BTCUSDT-PERP.BINANCE[0m
[1m2026-01-05T00:40:00.000000000Z[0m [1;33m[WARN] TRADER-001.nautilus_common::cache: Cannot calculate unrealized PnL for P-20260105-003500-001-140724825183112-1, no quotes for BTCUSDT-PERP.BINANCE[0m
[1m2026-01-05T00:40:10.000000000Z[0m [1;33m[WARN] TRADER-001.nautilus_common::cache: Cannot calculate unrealized PnL for P-20260105-003500-001-140724825183112-1, no quotes for BTCUSDT-PERP.BINANCE[0m
[1m2026-01-05T00:40:20.000000000Z[0m [1;33m[WARN] TRADER-001.nautilus_common::cache: Cannot calculate unrealized PnL for P-20260105-003500-001-140724825183112-1, no quotes for BTCUSDT-PERP.BINANCE[0m
[1m2026-01-05T00:40:30.000000000Z[0m [1;33m[WARN] TRADER-001.nautilus_common::cache: Cannot calculate unrealized PnL for P-20260105-003500-001-140724825183112-1, no quotes for BTCUSDT-PERP.BINANCE[0m
[1m2026-01-05T00:40:40.000000000Z[0m [1;33m[WARN] TRADER-001.nautilus_common::cache: Cannot calculate unrealized PnL for P-20260105-003500-001-140724825183112-1, no quotes for BTCUSDT-PERP.BINANCE[0m
[1m2026-01-05T00:40:50.000000000Z[0m [1;33m[WARN] TRADER-001.nautilus_common::cache: Cannot calculate unrealized PnL for P-20260105-003500-001-140724825183112-1, no quotes for BTCUSDT-PERP.BINANCE[0m
[1m2026-01-05T00:40:59.999000000Z[0m [1;33m[WARN] TRADER-001.nautilus_common::cache: Cannot calculate unrealized PnL for P-20260105-003500-001-140724825183112-1, no quotes for BTCUSDT-PERP.BINANCE[0m
[1m2026-01-05T00:41:00.000000000Z[0m [1;33m[WARN] TRADER-001.nautilus_common::cache: Cannot calculate unrealized PnL for P-20260105-003500-001-140724825183112-1, no quotes for BTCUSDT-PERP.BINANCE[0m
[1m2026-01-05T00:41:10.000000000Z[0m [1;33m[WARN] TRADER-001.nautilus_common::cache: Cannot calculate unrealized PnL for P-20260105-003500-001-140724825183112-1, no quotes for BTCUSDT-PERP.BINANCE[0m
[1m2026-01-05T00:41:20.000000000Z[0m [1;33m[WARN] TRADER-001.nautilus_common::cache: Cannot calculate unrealized PnL for P-20260105-003500-001-140724825183112-1, no quotes for BTCUSDT-PERP.BINANCE[0m
[1m2026-01-05T00:41:30.000000000Z[0m [1;33m[WARN] TRADER-001.nautilus_common::cache: Cannot calculate unrealized PnL for P-20260105-003500-001-140724825183112-1, no quotes for BTCUSDT-PERP.BINANCE[0m
[1m2026-01-05T00:41:40.000000000Z[0m [1;33m[WARN] TRADER-001.nautilus_common::cache: Cannot calculate unrealized PnL for P-20260105-003500-001-140724825183112-1, no quotes for BTCUSDT-PERP.BINANCE[0m
[1m2026-01-05T00:41:50.000000000Z[0m [1;33m[WARN] TRADER-001.nautilus_common::cache: Cannot calculate unrealized PnL for P-20260105-003500-001-140724825183112-1, no quotes for BTCUSDT-PERP.BINANCE[0m
[1m2026-01-05T00:41:59.999000000Z[0m [1;33m[WARN] TRADER-001.nautilus_common::cache: Cannot calculate unrealized PnL for P-20260105-003500-001-140724825183112-1, no quotes for BTCUSDT-PERP.BINANCE[0m
[1m2026-01-05T00:42:00.000000000Z[0m [1;33m[WARN] TRADER-001.nautilus_common::cache: Cannot calculate unrealized PnL for P-20260105-003500-001-140724825183112-1, no quotes for BTCUSDT-PERP.BINANCE[0m
[1m2026-01-05T00:42:10.000000000Z[0m [1;33m[WARN] TRADER-001.nautilus_common::cache: Cannot calculate unrealized PnL for P-20260105-003500-001-140724825183112-1, no quotes for BTCUSDT-PERP.BINANCE[0m
[1m2026-01-05T00:42:20.000000000Z[0m [1;33m[WARN] TRADER-001.nautilus_common::cache: Cannot calculate unrealized PnL for P-20260105-003500-001-140724825183112-1, no quotes for BTCUSDT-PERP.BINANCE[0m
[1m2026-01-05T00:42:30.000000000Z[0m [1;33m[WARN] TRADER-001.nautilus_common::cache: Cannot calculate unrealized PnL for P-20260105-003500-001-140724825183112-1, no quotes for BTCUSDT-PERP.BINANCE[0m
[1m2026-01-05T00:42:40.000000000Z[0m [1;33m[WARN] TRADER-001.nautilus_common::cache: Cannot calculate unrealized PnL for P-20260105-003500-001-140724825183112-1, no quotes for BTCUSDT-PERP.BINANCE[0m
[1m2026-01-05T00:42:50.000000000Z[0m [1;33m[WARN] TRADER-001.nautilus_common::cache: Cannot calculate unrealized PnL for P-20260105-003500-001-140724825183112-1, no quotes for BTCUSDT-PERP.BINANCE[0m
[1m2026-01-05T00:42:59.999000000Z[0m [1;33m[WARN] TRADER-001.nautilus_common::cache: Cannot calculate unrealized PnL for P-20260105-003500-001-140724825183112-1, no quotes for BTCUSDT-PERP.BINANCE[0m
[1m2026-01-05T00:43:00.000000000Z[0m [1;33m[WARN] TRADER-001.nautilus_common::cache: Cannot calculate unrealized PnL for P-20260105-003500-001-140724825183112-1, no quotes for BTCUSDT-PERP.BINANCE[0m
[1m2026-01-05T00:43:10.000000000Z[0m [1;33m[WARN] TRADER-001.nautilus_common::cache: Cannot calculate unrealized PnL for P-20260105-003500-001-140724825183112-1, no quotes for BTCUSDT-PERP.BINANCE[0m
[1m2026-01-05T00:43:20.000000000Z[0m [1;33m[WARN] TRADER-001.nautilus_common::cache: Cannot calculate unrealized PnL for P-20260105-003500-001-140724825183112-1, no quotes for BTCUSDT-PERP.BINANCE[0m
[1m2026-01-05T00:43:30.000000000Z[0m [1;33m[WARN] TRADER-001.nautilus_common::cache: Cannot calculate unrealized PnL for P-20260105-003500-001-140724825183112-1, no quotes for BTCUSDT-PERP.BINANCE[0m
[1m2026-01-05T00:43:40.000000000Z[0m [1;33m[WARN] TRADER-001.nautilus_common::cache: Cannot calculate unrealized PnL for P-20260105-003500-001-140724825183112-1, no quotes for BTCUSDT-PERP.BINANCE[0m
[1m2026-01-05T00:43:50.000000000Z[0m [1;33m[WARN] TRADER-001.nautilus_common::cache: Cannot calculate unrealized PnL for P-20260105-003500-001-140724825183112-1, no quotes for BTCUSDT-PERP.BINANCE[0m
[1m2026-01-05T00:43:59.999000000Z[0m [1;33m[WARN] TRADER-001.nautilus_common::cache: Cannot calculate unrealized PnL for P-20260105-003500-001-140724825183112-1, no quotes for BTCUSDT-PERP.BINANCE[0m
[1m2026-01-05T00:44:00.000000000Z[0m [1;33m[WARN] TRADER-001.nautilus_common::cache: Cannot calculate unrealized PnL for P-20260105-003500-001-140724825183112-1, no quotes for BTCUSDT-PERP.BINANCE[0m
[1m2026-01-05T00:44:10.000000000Z[0m [1;33m[WARN] TRADER-001.nautilus_common::cache: Cannot calculate unrealized PnL for P-20260105-003500-001-140724825183112-1, no quotes for BTCUSDT-PERP.BINANCE[0m
[1m2026-01-05T00:44:20.000000000Z[0m [1;33m[WARN] TRADER-001.nautilus_common::cache: Cannot calculate unrealized PnL for P-20260105-003500-001-140724825183112-1, no quotes for BTCUSDT-PERP.BINANCE[0m
[1m2026-01-05T00:44:30.000000000Z[0m [1;33m[WARN] TRADER-001.nautilus_common::cache: Cannot calculate unrealized PnL for P-20260105-003500-001-140724825183112-1, no quotes for BTCUSDT-PERP.BINANCE[0m
[1m2026-01-05T00:44:40.000000000Z[0m [1;33m[WARN] TRADER-001.nautilus_common::cache: Cannot calculate unrealized PnL for P-20260105-003500-001-140724825183112-1, no quotes for BTCUSDT-PERP.BINANCE[0m
[1m2026-01-05T00:44:50.000000000Z[0m [1;33m[WARN] TRADER-001.nautilus_common::cache: Cannot calculate unrealized PnL for P-20260105-003500-001-140724825183112-1, no quotes for BTCUSDT-PERP.BINANCE[0m
[1m2026-01-05T00:44:59.999000000Z[0m [1;33m[WARN] TRADER-001.nautilus_common::cache: Cannot calculate unrealized PnL for P-20260105-003500-001-140724825183112-1, no quotes for BTCUSDT-PERP.BINANCE[0m
[1m2026-01-05T00:45:00.000000000Z[0m [1;33m[WARN] TRADER-001.nautilus_common::cache: Cannot calculate unrealized PnL for P-20260105-003500-001-140724825183112-1, no quotes for BTCUSDT-PERP.BINANCE[0m
[1m2026-01-05T00:45:10.000000000Z[0m [1;33m[WARN] TRADER-001.nautilus_common::cache: Cannot calculate unrealized PnL for P-20260105-003500-001-140724825183112-1, no quotes for BTCUSDT-PERP.BINANCE[0m
[1m2026-01-05T00:45:20.000000000Z[0m [1;33m[WARN] TRADER-001.nautilus_common::cache: Cannot calculate unrealized PnL for P-20260105-003500-001-140724825183112-1, no quotes for BTCUSDT-PERP.BINANCE[0m
[1m2026-01-05T00:45:30.000000000Z[0m [1;33m[WARN] TRADER-001.nautilus_common::cache: Cannot calculate unrealized PnL for P-20260105-003500-001-140724825183112-1, no quotes for BTCUSDT-PERP.BINANCE[0m
[1m2026-01-05T00:45:40.000000000Z[0m [1;33m[WARN] TRADER-001.nautilus_common::cache: Cannot calculate unrealized PnL for P-20260105-003500-001-140724825183112-1, no quotes for BTCUSDT-PERP.BINANCE[0m
[1m2026-01-05T00:45:50.000000000Z[0m [1;33m[WARN] TRADER-001.nautilus_common::cache: Cannot calculate unrealized PnL for P-20260105-003500-001-140724825183112-1, no quotes for BTCUSDT-PERP.BINANCE[0m
[1m2026-01-05T00:45:59.999000000Z[0m [1;33m[WARN] TRADER-001.nautilus_common::cache: Cannot calculate unrealized PnL for P-20260105-003500-001-140724825183112-1, no quotes for BTCUSDT-PERP.BINANCE[0m
[1m2026-01-05T00:46:00.000000000Z[0m [1;33m[WARN] TRADER-001.nautilus_common::cache: Cannot calculate unrealized PnL for P-20260105-003500-001-140724825183112-1, no quotes for BTCUSDT-PERP.BINANCE[0m
[1m2026-01-05T00:46:10.000000000Z[0m [1;33m[WARN] TRADER-001.nautilus_common::cache: Cannot calculate unrealized PnL for P-20260105-003500-001-140724825183112-1, no quotes for BTCUSDT-PERP.BINANCE[0m
[1m2026-01-05T00:46:20.000000000Z[0m [1;33m[WARN] TRADER-001.nautilus_common::cache: Cannot calculate unrealized PnL for P-20260105-003500-001-140724825183112-1, no quotes for BTCUSDT-PERP.BINANCE[0m
[1m2026-01-05T00:46:30.000000000Z[0m [1;33m[WARN] TRADER-001.nautilus_common::cache: Cannot calculate unrealized PnL for P-20260105-003500-001-140724825183112-1, no quotes for BTCUSDT-PERP.BINANCE[0m
[1m2026-01-05T00:46:40.000000000Z[0m [1;33m[WARN] TRADER-001.nautilus_common::cache: Cannot calculate unrealized PnL for P-20260105-003500-001-140724825183112-1, no quotes for BTCUSDT-PERP.BINANCE[0m
[1m2026-01-05T00:46:50.000000000Z[0m [1;33m[WARN] TRADER-001.nautilus_common::cache: Cannot calculate unrealized PnL for P-20260105-003500-001-140724825183112-1, no quotes for BTCUSDT-PERP.BINANCE[0m
[1m2026-01-05T00:46:59.999000000Z[0m [1;33m[WARN] TRADER-001.nautilus_common::cache: Cannot calculate unrealized PnL for P-20260105-003500-001-140724825183112-1, no quotes for BTCUSDT-PERP.BINANCE[0m
[1m2026-01-05T00:47:00.000000000Z[0m [1;33m[WARN] TRADER-001.nautilus_common::cache: Cannot calculate unrealized PnL for P-20260105-003500-001-140724825183112-1, no quotes for BTCUSDT-PERP.BINANCE[0m
[1m2026-01-05T00:47:10.000000000Z[0m [1;33m[WARN] TRADER-001.nautilus_common::cache: Cannot calculate unrealized PnL for P-20260105-003500-001-140724825183112-1, no quotes for BTCUSDT-PERP.BINANCE[0m
[1m2026-01-05T00:47:20.000000000Z[0m [1;33m[WARN] TRADER-001.nautilus_common::cache: Cannot calculate unrealized PnL for P-20260105-003500-001-140724825183112-1, no quotes for BTCUSDT-PERP.BINANCE[0m
[1m2026-01-05T00:47:30.000000000Z[0m [1;33m[WARN] TRADER-001.nautilus_common::cache: Cannot calculate unrealized PnL for P-20260105-003500-001-140724825183112-1, no quotes for BTCUSDT-PERP.BINANCE[0m
[1m2026-01-05T00:47:40.000000000Z[0m [1;33m[WARN] TRADER-001.nautilus_common::cache: Cannot calculate unrealized PnL for P-20260105-003500-001-140724825183112-1, no quotes for BTCUSDT-PERP.BINANCE[0m
[1m2026-01-05T00:47:50.000000000Z[0m [1;33m[WARN] TRADER-001.nautilus_common::cache: Cannot calculate unrealized PnL for P-20260105-003500-001-140724825183112-1, no quotes for BTCUSDT-PERP.BINANCE[0m
[1m2026-01-05T00:47:59.999000000Z[0m [1;33m[WARN] TRADER-001.nautilus_common::cache: Cannot calculate unrealized PnL for P-20260105-003500-001-140724825183112-1, no quotes for BTCUSDT-PERP.BINANCE[0m
[1m2026-01-05T00:48:00.000000000Z[0m [1;33m[WARN] TRADER-001.nautilus_common::cache: Cannot calculate unrealized PnL for P-20260105-003500-001-140724825183112-1, no quotes for BTCUSDT-PERP.BINANCE[0m
[1m2026-01-05T00:48:10.000000000Z[0m [1;33m[WARN] TRADER-001.nautilus_common::cache: Cannot calculate unrealized PnL for P-20260105-003500-001-140724825183112-1, no quotes for BTCUSDT-PERP.BINANCE[0m
[1m2026-01-05T00:48:20.000000000Z[0m [1;33m[WARN] TRADER-001.nautilus_common::cache: Cannot calculate unrealized PnL for P-20260105-003500-001-140724825183112-1, no quotes for BTCUSDT-PERP.BINANCE[0m
[1m2026-01-05T00:48:30.000000000Z[0m [1;33m[WARN] TRADER-001.nautilus_common::cache: Cannot calculate unrealized PnL for P-20260105-003500-001-140724825183112-1, no quotes for BTCUSDT-PERP.BINANCE[0m
[1m2026-01-05T00:48:40.000000000Z[0m [1;33m[WARN] TRADER-001.nautilus_common::cache: Cannot calculate unrealized PnL for P-20260105-003500-001-140724825183112-1, no quotes for BTCUSDT-PERP.BINANCE[0m
[1m2026-01-05T00:48:50.000000000Z[0m [1;33m[WARN] TRADER-001.nautilus_common::cache: Cannot calculate unrealized PnL for P-20260105-003500-001-140724825183112-1, no quotes for BTCUSDT-PERP.BINANCE[0m
[1m2026-01-05T00:48:59.999000000Z[0m [1;33m[WARN] TRADER-001.nautilus_common::cache: Cannot calculate unrealized PnL for P-20260105-003500-001-140724825183112-1, no quotes for BTCUSDT-PERP.BINANCE[0m
[1m2026-01-05T00:49:00.000000000Z[0m [1;33m[WARN] TRADER-001.nautilus_common::cache: Cannot calculate unrealized PnL for P-20260105-003500-001-140724825183112-1, no quotes for BTCUSDT-PERP.BINANCE[0m
[1m2026-01-05T00:49:10.000000000Z[0m [1;33m[WARN] TRADER-001.nautilus_common::cache: Cannot calculate unrealized PnL for P-20260105-003500-001-140724825183112-1, no quotes for BTCUSDT-PERP.BINANCE[0m
[1m2026-01-05T00:49:20.000000000Z[0m [1;33m[WARN] TRADER-001.nautilus_common::cache: Cannot calculate unrealized PnL for P-20260105-003500-001-140724825183112-1, no quotes for BTCUSDT-PERP.BINANCE[0m
[1m2026-01-05T00:49:30.000000000Z[0m [1;33m[WARN] TRADER-001.nautilus_common::cache: Cannot calculate unrealized PnL for P-20260105-003500-001-140724825183112-1, no quotes for BTCUSDT-PERP.BINANCE[0m
[1m2026-01-05T00:49:40.000000000Z[0m [1;33m[WARN] TRADER-001.nautilus_common::cache: Cannot calculate unrealized PnL for P-20260105-003500-001-140724825183112-1, no quotes for BTCUSDT-PERP.BINANCE[0m
[1m2026-01-05T00:49:50.000000000Z[0m [1;33m[WARN] TRADER-001.nautilus_common::cache: Cannot calculate unrealized PnL for P-20260105-003500-001-140724825183112-1, no quotes for BTCUSDT-PERP.BINANCE[0m
[1m2026-01-05T00:49:59.999000000Z[0m [1;33m[WARN] TRADER-001.nautilus_common::cache: Cannot calculate unrealized PnL for P-20260105-003500-001-140724825183112-1, no quotes for BTCUSDT-PERP.BINANCE[0m
[1m2026-01-05T00:50:00.000000000Z[0m [1;33m[WARN] TRADER-001.nautilus_common::cache: Cannot calculate unrealized PnL for P-20260105-003500-001-140724825183112-1, no quotes for BTCUSDT-PERP.BINANCE[0m
[1m2026-01-05T00:50:10.000000000Z[0m [1;33m[WARN] TRADER-001.nautilus_common::cache: Cannot calculate unrealized PnL for P-20260105-003500-001-140724825183112-1, no quotes for BTCUSDT-PERP.BINANCE[0m
[1m2026-01-05T00:50:20.000000000Z[0m [1;33m[WARN] TRADER-001.nautilus_common::cache: Cannot calculate unrealized PnL for P-20260105-003500-001-140724825183112-1, no quotes for BTCUSDT-PERP.BINANCE[0m
[1m2026-01-05T00:50:30.000000000Z[0m [1;33m[WARN] TRADER-001.nautilus_common::cache: Cannot calculate unrealized PnL for P-20260105-003500-001-140724825183112-1, no quotes for BTCUSDT-PERP.BINANCE[0m
[1m2026-01-05T00:50:40.000000000Z[0m [1;33m[WARN] TRADER-001.nautilus_common::cache: Cannot calculate unrealized PnL for P-20260105-003500-001-140724825183112-1, no quotes for BTCUSDT-PERP.BINANCE[0m
[1m2026-01-05T00:50:50.000000000Z[0m [1;33m[WARN] TRADER-001.nautilus_common::cache: Cannot calculate unrealized PnL for P-20260105-003500-001-140724825183112-1, no quotes for BTCUSDT-PERP.BINANCE[0m
[1m2026-01-05T00:50:59.999000000Z[0m [1;33m[WARN] TRADER-001.nautilus_common::cache: Cannot calculate unrealized PnL for P-20260105-003500-001-140724825183112-1, no quotes for BTCUSDT-PERP.BINANCE[0m
[1m2026-01-05T00:51:00.000000000Z[0m [1;33m[WARN] TRADER-001.nautilus_common::cache: Cannot calculate unrealized PnL for P-20260105-003500-001-140724825183112-1, no quotes for BTCUSDT-PERP.BINANCE[0m
[1m2026-01-05T00:51:10.000000000Z[0m [1;33m[WARN] TRADER-001.nautilus_common::cache: Cannot calculate unrealized PnL for P-20260105-003500-001-140724825183112-1, no quotes for BTCUSDT-PERP.BINANCE[0m
[1m2026-01-05T00:51:20.000000000Z[0m [1;33m[WARN] TRADER-001.nautilus_common::cache: Cannot calculate unrealized PnL for P-20260105-003500-001-140724825183112-1, no quotes for BTCUSDT-PERP.BINANCE[0m
[1m2026-01-05T00:51:30.000000000Z[0m [1;33m[WARN] TRADER-001.nautilus_common::cache: Cannot calculate unrealized PnL for P-20260105-003500-001-140724825183112-1, no quotes for BTCUSDT-PERP.BINANCE[0m
[1m2026-01-05T00:51:40.000000000Z[0m [1;33m[WARN] TRADER-001.nautilus_common::cache: Cannot calculate unrealized PnL for P-20260105-003500-001-140724825183112-1, no quotes for BTCUSDT-PERP.BINANCE[0m
[1m2026-01-05T00:51:50.000000000Z[0m [1;33m[WARN] TRADER-001.nautilus_common::cache: Cannot calculate unrealized PnL for P-20260105-003500-001-140724825183112-1, no quotes for BTCUSDT-PERP.BINANCE[0m
[1m2026-01-05T00:51:59.999000000Z[0m [1;33m[WARN] TRADER-001.nautilus_common::cache: Cannot calculate unrealized PnL for P-20260105-003500-001-140724825183112-1, no quotes for BTCUSDT-PERP.BINANCE[0m
[1m2026-01-05T00:52:00.000000000Z[0m [1;33m[WARN] TRADER-001.nautilus_common::cache: Cannot calculate unrealized PnL for P-20260105-003500-001-140724825183112-1, no quotes for BTCUSDT-PERP.BINANCE[0m
[1m2026-01-05T00:52:10.000000000Z[0m [1;33m[WARN] TRADER-001.nautilus_common::cache: Cannot calculate unrealized PnL for P-20260105-003500-001-140724825183112-1, no quotes for BTCUSDT-PERP.BINANCE[0m
[1m2026-01-05T00:52:20.000000000Z[0m [1;33m[WARN] TRADER-001.nautilus_common::cache: Cannot calculate unrealized PnL for P-20260105-003500-001-140724825183112-1, no quotes for BTCUSDT-PERP.BINANCE[0m
[1m2026-01-05T00:52:30.000000000Z[0m [1;33m[WARN] TRADER-001.nautilus_common::cache: Cannot calculate unrealized PnL for P-20260105-003500-001-140724825183112-1, no quotes for BTCUSDT-PERP.BINANCE[0m
[1m2026-01-05T00:52:40.000000000Z[0m [1;33m[WARN] TRADER-001.nautilus_common::cache: Cannot calculate unrealized PnL for P-20260105-003500-001-140724825183112-1, no quotes for BTCUSDT-PERP.BINANCE[0m
[1m2026-01-05T00:52:50.000000000Z[0m [1;33m[WARN] TRADER-001.nautilus_common::cache: Cannot calculate unrealized PnL for P-20260105-003500-001-140724825183112-1, no quotes for BTCUSDT-PERP.BINANCE[0m
[1m2026-01-05T00:52:59.999000000Z[0m [1;33m[WARN] TRADER-001.nautilus_common::cache: Cannot calculate unrealized PnL for P-20260105-003500-001-140724825183112-1, no quotes for BTCUSDT-PERP.BINANCE[0m
[1m2026-01-05T00:53:00.000000000Z[0m [1;33m[WARN] TRADER-001.nautilus_common::cache: Cannot calculate unrealized PnL for P-20260105-003500-001-140724825183112-1, no quotes for BTCUSDT-PERP.BINANCE[0m
[1m2026-01-05T00:53:10.000000000Z[0m [1;33m[WARN] TRADER-001.nautilus_common::cache: Cannot calculate unrealized PnL for P-20260105-003500-001-140724825183112-1, no quotes for BTCUSDT-PERP.BINANCE[0m
[1m2026-01-05T00:53:20.000000000Z[0m [1;33m[WARN] TRADER-001.nautilus_common::cache: Cannot calculate unrealized PnL for P-20260105-003500-001-140724825183112-1, no quotes for BTCUSDT-PERP.BINANCE[0m
[1m2026-01-05T00:53:30.000000000Z[0m [1;33m[WARN] TRADER-001.nautilus_common::cache: Cannot calculate unrealized PnL for P-20260105-003500-001-140724825183112-1, no quotes for BTCUSDT-PERP.BINANCE[0m
[1m2026-01-05T00:53:40.000000000Z[0m [1;33m[WARN] TRADER-001.nautilus_common::cache: Cannot calculate unrealized PnL for P-20260105-003500-001-140724825183112-1, no quotes for BTCUSDT-PERP.BINANCE[0m
[1m2026-01-05T00:53:50.000000000Z[0m [1;33m[WARN] TRADER-001.nautilus_common::cache: Cannot calculate unrealized PnL for P-20260105-003500-001-140724825183112-1, no quotes for BTCUSDT-PERP.BINANCE[0m
[1m2026-01-05T00:53:59.999000000Z[0m [1;33m[WARN] TRADER-001.nautilus_common::cache: Cannot calculate unrealized PnL for P-20260105-003500-001-140724825183112-1, no quotes for BTCUSDT-PERP.BINANCE[0m
[1m2026-01-05T00:54:00.000000000Z[0m [1;33m[WARN] TRADER-001.nautilus_common::cache: Cannot calculate unrealized PnL for P-20260105-003500-001-140724825183112-1, no quotes for BTCUSDT-PERP.BINANCE[0m
[1m2026-01-05T00:54:10.000000000Z[0m [1;33m[WARN] TRADER-001.nautilus_common::cache: Cannot calculate unrealized PnL for P-20260105-003500-001-140724825183112-1, no quotes for BTCUSDT-PERP.BINANCE[0m
[1m2026-01-05T00:54:20.000000000Z[0m [1;33m[WARN] TRADER-001.nautilus_common::cache: Cannot calculate unrealized PnL for P-20260105-003500-001-140724825183112-1, no quotes for BTCUSDT-PERP.BINANCE[0m
[1m2026-01-05T00:54:30.000000000Z[0m [1;33m[WARN] TRADER-001.nautilus_common::cache: Cannot calculate unrealized PnL for P-20260105-003500-001-140724825183112-1, no quotes for BTCUSDT-PERP.BINANCE[0m
[1m2026-01-05T00:54:40.000000000Z[0m [1;33m[WARN] TRADER-001.nautilus_common::cache: Cannot calculate unrealized PnL for P-20260105-003500-001-140724825183112-1, no quotes for BTCUSDT-PERP.BINANCE[0m
[1m2026-01-05T00:54:50.000000000Z[0m [1;33m[WARN] TRADER-001.nautilus_common::cache: Cannot calculate unrealized PnL for P-20260105-003500-001-140724825183112-1, no quotes for BTCUSDT-PERP.BINANCE[0m
[1m2026-01-05T00:54:59.999000000Z[0m [1;33m[WARN] TRADER-001.nautilus_common::cache: Cannot calculate unrealized PnL for P-20260105-003500-001-140724825183112-1, no quotes for BTCUSDT-PERP.BINANCE[0m
[1m2026-01-05T00:55:00.000000000Z[0m [1;33m[WARN] TRADER-001.nautilus_common::cache: Cannot calculate unrealized PnL for P-20260105-003500-001-140724825183112-1, no quotes for BTCUSDT-PERP.BINANCE[0m
[1m2026-01-05T00:55:10.000000000Z[0m [1;33m[WARN] TRADER-001.nautilus_common::cache: Cannot calculate unrealized PnL for P-20260105-003500-001-140724825183112-1, no quotes for BTCUSDT-PERP.BINANCE[0m
[1m2026-01-05T00:55:20.000000000Z[0m [1;33m[WARN] TRADER-001.nautilus_common::cache: Cannot calculate unrealized PnL for P-20260105-003500-001-140724825183112-1, no quotes for BTCUSDT-PERP.BINANCE[0m
[1m2026-01-05T00:55:30.000000000Z[0m [1;33m[WARN] TRADER-001.nautilus_common::cache: Cannot calculate unrealized PnL for P-20260105-003500-001-140724825183112-1, no quotes for BTCUSDT-PERP.BINANCE[0m
[1m2026-01-05T00:55:40.000000000Z[0m [1;33m[WARN] TRADER-001.nautilus_common::cache: Cannot calculate unrealized PnL for P-20260105-003500-001-140724825183112-1, no quotes for BTCUSDT-PERP.BINANCE[0m
[1m2026-01-05T00:55:50.000000000Z[0m [1;33m[WARN] TRADER-001.nautilus_common::cache: Cannot calculate unrealized PnL for P-20260105-003500-001-140724825183112-1, no quotes for BTCUSDT-PERP.BINANCE[0m
[1m2026-01-05T00:55:59.999000000Z[0m [1;33m[WARN] TRADER-001.nautilus_common::cache: Cannot calculate unrealized PnL for P-20260105-003500-001-140724825183112-1, no quotes for BTCUSDT-PERP.BINANCE[0m
[1m2026-01-05T00:56:00.000000000Z[0m [1;33m[WARN] TRADER-001.nautilus_common::cache: Cannot calculate unrealized PnL for P-20260105-003500-001-140724825183112-1, no quotes for BTCUSDT-PERP.BINANCE[0m
[1m2026-01-05T00:56:10.000000000Z[0m [1;33m[WARN] TRADER-001.nautilus_common::cache: Cannot calculate unrealized PnL for P-20260105-003500-001-140724825183112-1, no quotes for BTCUSDT-PERP.BINANCE[0m
[1m2026-01-05T00:56:20.000000000Z[0m [1;33m[WARN] TRADER-001.nautilus_common::cache: Cannot calculate unrealized PnL for P-20260105-003500-001-140724825183112-1, no quotes for BTCUSDT-PERP.BINANCE[0m
[1m2026-01-05T00:56:30.000000000Z[0m [1;33m[WARN] TRADER-001.nautilus_common::cache: Cannot calculate unrealized PnL for P-20260105-003500-001-140724825183112-1, no quotes for BTCUSDT-PERP.BINANCE[0m
[1m2026-01-05T00:56:40.000000000Z[0m [1;33m[WARN] TRADER-001.nautilus_common::cache: Cannot calculate unrealized PnL for P-20260105-003500-001-140724825183112-1, no quotes for BTCUSDT-PERP.BINANCE[0m
[1m2026-01-05T00:56:50.000000000Z[0m [1;33m[WARN] TRADER-001.nautilus_common::cache: Cannot calculate unrealized PnL for P-20260105-003500-001-140724825183112-1, no quotes for BTCUSDT-PERP.BINANCE[0m
[1m2026-01-05T00:56:59.999000000Z[0m [1;33m[WARN] TRADER-001.nautilus_common::cache: Cannot calculate unrealized PnL for P-20260105-003500-001-140724825183112-1, no quotes for BTCUSDT-PERP.BINANCE[0m
[1m2026-01-05T00:57:00.000000000Z[0m [1;33m[WARN] TRADER-001.nautilus_common::cache: Cannot calculate unrealized PnL for P-20260105-003500-001-140724825183112-1, no quotes for BTCUSDT-PERP.BINANCE[0m
[1m2026-01-05T00:57:10.000000000Z[0m [1;33m[WARN] TRADER-001.nautilus_common::cache: Cannot calculate unrealized PnL for P-20260105-003500-001-140724825183112-1, no quotes for BTCUSDT-PERP.BINANCE[0m
[1m2026-01-05T00:57:20.000000000Z[0m [1;33m[WARN] TRADER-001.nautilus_common::cache: Cannot calculate unrealized PnL for P-20260105-003500-001-140724825183112-1, no quotes for BTCUSDT-PERP.BINANCE[0m
[1m2026-01-05T00:57:30.000000000Z[0m [1;33m[WARN] TRADER-001.nautilus_common::cache: Cannot calculate unrealized PnL for P-20260105-003500-001-140724825183112-1, no quotes for BTCUSDT-PERP.BINANCE[0m
[1m2026-01-05T00:57:40.000000000Z[0m [1;33m[WARN] TRADER-001.nautilus_common::cache: Cannot calculate unrealized PnL for P-20260105-003500-001-140724825183112-1, no quotes for BTCUSDT-PERP.BINANCE[0m
[1m2026-01-05T00:57:50.000000000Z[0m [1;33m[WARN] TRADER-001.nautilus_common::cache: Cannot calculate unrealized PnL for P-20260105-003500-001-140724825183112-1, no quotes for BTCUSDT-PERP.BINANCE[0m
[1m2026-01-05T00:57:59.999000000Z[0m [1;33m[WARN] TRADER-001.nautilus_common::cache: Cannot calculate unrealized PnL for P-20260105-003500-001-140724825183112-1, no quotes for BTCUSDT-PERP.BINANCE[0m
[1m2026-01-05T00:58:00.000000000Z[0m [1;33m[WARN] TRADER-001.nautilus_common::cache: Cannot calculate unrealized PnL for P-20260105-003500-001-140724825183112-1, no quotes for BTCUSDT-PERP.BINANCE[0m
[1m2026-01-05T00:58:10.000000000Z[0m [1;33m[WARN] TRADER-001.nautilus_common::cache: Cannot calculate unrealized PnL for P-20260105-003500-001-140724825183112-1, no quotes for BTCUSDT-PERP.BINANCE[0m
[1m2026-01-05T00:58:20.000000000Z[0m [1;33m[WARN] TRADER-001.nautilus_common::cache: Cannot calculate unrealized PnL for P-20260105-003500-001-140724825183112-1, no quotes for BTCUSDT-PERP.BINANCE[0m
[1m2026-01-05T00:58:30.000000000Z[0m [1;33m[WARN] TRADER-001.nautilus_common::cache: Cannot calculate unrealized PnL for P-20260105-003500-001-140724825183112-1, no quotes for BTCUSDT-PERP.BINANCE[0m
[1m2026-01-05T00:58:40.000000000Z[0m [1;33m[WARN] TRADER-001.nautilus_common::cache: Cannot calculate unrealized PnL for P-20260105-003500-001-140724825183112-1, no quotes for BTCUSDT-PERP.BINANCE[0m
[1m2026-01-05T00:58:50.000000000Z[0m [1;33m[WARN] TRADER-001.nautilus_common::cache: Cannot calculate unrealized PnL for P-20260105-003500-001-140724825183112-1, no quotes for BTCUSDT-PERP.BINANCE[0m
[1m2026-01-05T00:58:59.999000000Z[0m [1;33m[WARN] TRADER-001.nautilus_common::cache: Cannot calculate unrealized PnL for P-20260105-003500-001-140724825183112-1, no quotes for BTCUSDT-PERP.BINANCE[0m
[1m2026-01-05T00:59:00.000000000Z[0m [1;33m[WARN] TRADER-001.nautilus_common::cache: Cannot calculate unrealized PnL for P-20260105-003500-001-140724825183112-1, no quotes for BTCUSDT-PERP.BINANCE[0m
[1m2026-01-05T00:59:10.000000000Z[0m [1;33m[WARN] TRADER-001.nautilus_common::cache: Cannot calculate unrealized PnL for P-20260105-003500-001-140724825183112-1, no quotes for BTCUSDT-PERP.BINANCE[0m
[1m2026-01-05T00:59:20.000000000Z[0m [1;33m[WARN] TRADER-001.nautilus_common::cache: Cannot calculate unrealized PnL for P-20260105-003500-001-140724825183112-1, no quotes for BTCUSDT-PERP.BINANCE[0m
[1m2026-01-05T00:59:30.000000000Z[0m [1;33m[WARN] TRADER-001.nautilus_common::cache: Cannot calculate unrealized PnL for P-20260105-003500-001-140724825183112-1, no quotes for BTCUSDT-PERP.BINANCE[0m
[1m2026-01-05T00:59:40.000000000Z[0m [1;33m[WARN] TRADER-001.nautilus_common::cache: Cannot calculate unrealized PnL for P-20260105-003500-001-140724825183112-1, no quotes for BTCUSDT-PERP.BINANCE[0m
[1m2026-01-05T00:59:50.000000000Z[0m [1;33m[WARN] TRADER-001.nautilus_common::cache: Cannot calculate unrealized PnL for P-20260105-003500-001-140724825183112-1, no quotes for BTCUSDT-PERP.BINANCE[0m
[1m2026-01-05T00:59:59.999000000Z[0m [1;33m[WARN] TRADER-001.nautilus_common::cache: Cannot calculate unrealized PnL for P-20260105-003500-001-140724825183112-1, no quotes for BTCUSDT-PERP.BINANCE[0m
[1m2026-01-05T01:00:00.000000000Z[0m [1;33m[WARN] TRADER-001.nautilus_common::cache: Cannot calculate unrealized PnL for P-20260105-003500-001-140724825183112-1, no quotes for BTCUSDT-PERP.BINANCE[0m
[1m2026-01-05T01:00:10.000000000Z[0m [1;33m[WARN] TRADER-001.nautilus_common::cache: Cannot calculate unrealized PnL for P-20260105-003500-001-140724825183112-1, no quotes for BTCUSDT-PERP.BINANCE[0m
[1m2026-01-05T01:00:20.000000000Z[0m [1;33m[WARN] TRADER-001.nautilus_common::cache: Cannot calculate unrealized PnL for P-20260105-003500-001-140724825183112-1, no quotes for BTCUSDT-PERP.BINANCE[0m
[1m2026-01-05T01:00:30.000000000Z[0m [1;33m[WARN] TRADER-001.nautilus_common::cache: Cannot calculate unrealized PnL for P-20260105-003500-001-140724825183112-1, no quotes for BTCUSDT-PERP.BINANCE[0m
[1m2026-01-05T01:00:40.000000000Z[0m [1;33m[WARN] TRADER-001.nautilus_common::cache: Cannot calculate unrealized PnL for P-20260105-003500-001-140724825183112-1, no quotes for BTCUSDT-PERP.BINANCE[0m
[1m2026-01-05T01:00:50.000000000Z[0m [1;33m[WARN] TRADER-001.nautilus_common::cache: Cannot calculate unrealized PnL for P-20260105-003500-001-140724825183112-1, no quotes for BTCUSDT-PERP.BINANCE[0m
[1m2026-01-05T01:00:59.999000000Z[0m [1;33m[WARN] TRADER-001.nautilus_common::cache: Cannot calculate unrealized PnL for P-20260105-003500-001-140724825183112-1, no quotes for BTCUSDT-PERP.BINANCE[0m
[1m2026-01-05T01:01:00.000000000Z[0m [1;33m[WARN] TRADER-001.nautilus_common::cache: Cannot calculate unrealized PnL for P-20260105-003500-001-140724825183112-1, no quotes for BTCUSDT-PERP.BINANCE[0m
[1m2026-01-05T01:01:10.000000000Z[0m [1;33m[WARN] TRADER-001.nautilus_common::cache: Cannot calculate unrealized PnL for P-20260105-003500-001-140724825183112-1, no quotes for BTCUSDT-PERP.BINANCE[0m
[1m2026-01-05T01:01:20.000000000Z[0m [1;33m[WARN] TRADER-001.nautilus_common::cache: Cannot calculate unrealized PnL for P-20260105-003500-001-140724825183112-1, no quotes for BTCUSDT-PERP.BINANCE[0m
[1m2026-01-05T01:01:30.000000000Z[0m [1;33m[WARN] TRADER-001.nautilus_common::cache: Cannot calculate unrealized PnL for P-20260105-003500-001-140724825183112-1, no quotes for BTCUSDT-PERP.BINANCE[0m
[1m2026-01-05T01:01:40.000000000Z[0m [1;33m[WARN] TRADER-001.nautilus_common::cache: Cannot calculate unrealized PnL for P-20260105-003500-001-140724825183112-1, no quotes for BTCUSDT-PERP.BINANCE[0m
[1m2026-01-05T01:01:50.000000000Z[0m [1;33m[WARN] TRADER-001.nautilus_common::cache: Cannot calculate unrealized PnL for P-20260105-003500-001-140724825183112-1, no quotes for BTCUSDT-PERP.BINANCE[0m
[1m2026-01-05T01:01:59.999000000Z[0m [1;33m[WARN] TRADER-001.nautilus_common::cache: Cannot calculate unrealized PnL for P-20260105-003500-001-140724825183112-1, no quotes for BTCUSDT-PERP.BINANCE[0m
[1m2026-01-05T01:02:00.000000000Z[0m [1;33m[WARN] TRADER-001.nautilus_common::cache: Cannot calculate unrealized PnL for P-20260105-003500-001-140724825183112-1, no quotes for BTCUSDT-PERP.BINANCE[0m
[1m2026-01-05T01:02:10.000000000Z[0m [1;33m[WARN] TRADER-001.nautilus_common::cache: Cannot calculate unrealized PnL for P-20260105-003500-001-140724825183112-1, no quotes for BTCUSDT-PERP.BINANCE[0m
[1m2026-01-05T01:02:20.000000000Z[0m [1;33m[WARN] TRADER-001.nautilus_common::cache: Cannot calculate unrealized PnL for P-20260105-003500-001-140724825183112-1, no quotes for BTCUSDT-PERP.BINANCE[0m
[1m2026-01-05T01:02:30.000000000Z[0m [1;33m[WARN] TRADER-001.nautilus_common::cache: Cannot calculate unrealized PnL for P-20260105-003500-001-140724825183112-1, no quotes for BTCUSDT-PERP.BINANCE[0m
[1m2026-01-05T01:02:40.000000000Z[0m [1;33m[WARN] TRADER-001.nautilus_common::cache: Cannot calculate unrealized PnL for P-20260105-003500-001-140724825183112-1, no quotes for BTCUSDT-PERP.BINANCE[0m
[1m2026-01-05T01:02:50.000000000Z[0m [1;33m[WARN] TRADER-001.nautilus_common::cache: Cannot calculate unrealized PnL for P-20260105-003500-001-140724825183112-1, no quotes for BTCUSDT-PERP.BINANCE[0m
[1m2026-01-05T01:02:59.999000000Z[0m [1;33m[WARN] TRADER-001.nautilus_common::cache: Cannot calculate unrealized PnL for P-20260105-003500-001-140724825183112-1, no quotes for BTCUSDT-PERP.BINANCE[0m
[1m2026-01-05T01:03:00.000000000Z[0m [1;33m[WARN] TRADER-001.nautilus_common::cache: Cannot calculate unrealized PnL for P-20260105-003500-001-140724825183112-1, no quotes for BTCUSDT-PERP.BINANCE[0m
[1m2026-01-05T01:03:10.000000000Z[0m [1;33m[WARN] TRADER-001.nautilus_common::cache: Cannot calculate unrealized PnL for P-20260105-003500-001-140724825183112-1, no quotes for BTCUSDT-PERP.BINANCE[0m
[1m2026-01-05T01:03:20.000000000Z[0m [1;33m[WARN] TRADER-001.nautilus_common::cache: Cannot calculate unrealized PnL for P-20260105-003500-001-140724825183112-1, no quotes for BTCUSDT-PERP.BINANCE[0m
[1m2026-01-05T01:03:30.000000000Z[0m [1;33m[WARN] TRADER-001.nautilus_common::cache: Cannot calculate unrealized PnL for P-20260105-003500-001-140724825183112-1, no quotes for BTCUSDT-PERP.BINANCE[0m
[1m2026-01-05T01:03:40.000000000Z[0m [1;33m[WARN] TRADER-001.nautilus_common::cache: Cannot calculate unrealized PnL for P-20260105-003500-001-140724825183112-1, no quotes for BTCUSDT-PERP.BINANCE[0m
[1m2026-01-05T01:03:50.000000000Z[0m [1;33m[WARN] TRADER-001.nautilus_common::cache: Cannot calculate unrealized PnL for P-20260105-003500-001-140724825183112-1, no quotes for BTCUSDT-PERP.BINANCE[0m
[1m2026-01-05T01:03:59.999000000Z[0m [1;33m[WARN] TRADER-001.nautilus_common::cache: Cannot calculate unrealized PnL for P-20260105-003500-001-140724825183112-1, no quotes for BTCUSDT-PERP.BINANCE[0m
[1m2026-01-05T01:04:00.000000000Z[0m [1;33m[WARN] TRADER-001.nautilus_common::cache: Cannot calculate unrealized PnL for P-20260105-003500-001-140724825183112-1, no quotes for BTCUSDT-PERP.BINANCE[0m
[1m2026-01-05T01:04:10.000000000Z[0m [1;33m[WARN] TRADER-001.nautilus_common::cache: Cannot calculate unrealized PnL for P-20260105-003500-001-140724825183112-1, no quotes for BTCUSDT-PERP.BINANCE[0m
[1m2026-01-05T01:04:20.000000000Z[0m [1;33m[WARN] TRADER-001.nautilus_common::cache: Cannot calculate unrealized PnL for P-20260105-003500-001-140724825183112-1, no quotes for BTCUSDT-PERP.BINANCE[0m
[1m2026-01-05T01:04:30.000000000Z[0m [1;33m[WARN] TRADER-001.nautilus_common::cache: Cannot calculate unrealized PnL for P-20260105-003500-001-140724825183112-1, no quotes for BTCUSDT-PERP.BINANCE[0m
[1m2026-01-05T01:04:40.000000000Z[0m [1;33m[WARN] TRADER-001.nautilus_common::cache: Cannot calculate unrealized PnL for P-20260105-003500-001-140724825183112-1, no quotes for BTCUSDT-PERP.BINANCE[0m
[1m2026-01-05T01:04:50.000000000Z[0m [1;33m[WARN] TRADER-001.nautilus_common::cache: Cannot calculate unrealized PnL for P-20260105-003500-001-140724825183112-1, no quotes for BTCUSDT-PERP.BINANCE[0m
[1m2026-01-05T01:04:59.999000000Z[0m [1;33m[WARN] TRADER-001.nautilus_common::cache: Cannot calculate unrealized PnL for P-20260105-003500-001-140724825183112-1, no quotes for BTCUSDT-PERP.BINANCE[0m
[1m2026-01-05T01:05:00.000000000Z[0m [1;33m[WARN] TRADER-001.nautilus_common::cache: Cannot calculate unrealized PnL for P-20260105-003500-001-140724825183112-1, no quotes for BTCUSDT-PERP.BINANCE[0m
[1m2026-01-05T01:05:10.000000000Z[0m [1;33m[WARN] TRADER-001.nautilus_common::cache: Cannot calculate unrealized PnL for P-20260105-003500-001-140724825183112-1, no quotes for BTCUSDT-PERP.BINANCE[0m
[1m2026-01-05T01:05:20.000000000Z[0m [1;33m[WARN] TRADER-001.nautilus_common::cache: Cannot calculate unrealized PnL for P-20260105-003500-001-140724825183112-1, no quotes for BTCUSDT-PERP.BINANCE[0m
[1m2026-01-05T01:05:30.000000000Z[0m [1;33m[WARN] TRADER-001.nautilus_common::cache: Cannot calculate unrealized PnL for P-20260105-003500-001-140724825183112-1, no quotes for BTCUSDT-PERP.BINANCE[0m
[1m2026-01-05T01:05:40.000000000Z[0m [1;33m[WARN] TRADER-001.nautilus_common::cache: Cannot calculate unrealized PnL for P-20260105-003500-001-140724825183112-1, no quotes for BTCUSDT-PERP.BINANCE[0m
[1m2026-01-05T01:05:50.000000000Z[0m [1;33m[WARN] TRADER-001.nautilus_common::cache: Cannot calculate unrealized PnL for P-20260105-003500-001-140724825183112-1, no quotes for BTCUSDT-PERP.BINANCE[0m
[1m2026-01-05T01:05:59.999000000Z[0m [1;33m[WARN] TRADER-001.nautilus_common::cache: Cannot calculate unrealized PnL for P-20260105-003500-001-140724825183112-1, no quotes for BTCUSDT-PERP.BINANCE[0m
[1m2026-01-05T01:06:00.000000000Z[0m [1;33m[WARN] TRADER-001.nautilus_common::cache: Cannot calculate unrealized PnL for P-20260105-003500-001-140724825183112-1, no quotes for BTCUSDT-PERP.BINANCE[0m
[1m2026-01-05T01:06:10.000000000Z[0m [1;33m[WARN] TRADER-001.nautilus_common::cache: Cannot calculate unrealized PnL for P-20260105-003500-001-140724825183112-1, no quotes for BTCUSDT-PERP.BINANCE[0m
[1m2026-01-05T01:06:20.000000000Z[0m [1;33m[WARN] TRADER-001.nautilus_common::cache: Cannot calculate unrealized PnL for P-20260105-003500-001-140724825183112-1, no quotes for BTCUSDT-PERP.BINANCE[0m
[1m2026-01-05T01:06:30.000000000Z[0m [1;33m[WARN] TRADER-001.nautilus_common::cache: Cannot calculate unrealized PnL for P-20260105-003500-001-140724825183112-1, no quotes for BTCUSDT-PERP.BINANCE[0m
[1m2026-01-05T01:06:40.000000000Z[0m [1;33m[WARN] TRADER-001.nautilus_common::cache: Cannot calculate unrealized PnL for P-20260105-003500-001-140724825183112-1, no quotes for BTCUSDT-PERP.BINANCE[0m
[1m2026-01-05T01:06:50.000000000Z[0m [1;33m[WARN] TRADER-001.nautilus_common::cache: Cannot calculate unrealized PnL for P-20260105-003500-001-140724825183112-1, no quotes for BTCUSDT-PERP.BINANCE[0m
[1m2026-01-05T01:06:59.999000000Z[0m [1;33m[WARN] TRADER-001.nautilus_common::cache: Cannot calculate unrealized PnL for P-20260105-003500-001-140724825183112-1, no quotes for BTCUSDT-PERP.BINANCE[0m
[1m2026-01-05T01:07:00.000000000Z[0m [1;33m[WARN] TRADER-001.nautilus_common::cache: Cannot calculate unrealized PnL for P-20260105-003500-001-140724825183112-1, no quotes for BTCUSDT-PERP.BINANCE[0m
[1m2026-01-05T01:07:10.000000000Z[0m [1;33m[WARN] TRADER-001.nautilus_common::cache: Cannot calculate unrealized PnL for P-20260105-003500-001-140724825183112-1, no quotes for BTCUSDT-PERP.BINANCE[0m
[1m2026-01-05T01:07:20.000000000Z[0m [INFO] TRADER-001.nautilus_portfolio::manager: BTCUSDT-PERP.BINANCE margin_init=0.00000000 USDT[0m
[1m2026-01-05T01:07:20.000000000Z[0m [INFO] TRADER-001.nautilus_trading::strategy: DataActor-140724825183112 <--[EVT] OrderFilled(instrument_id=BTCUSDT-PERP.BINANCE, client_order_id=O-20260105-003500-001-140724825183112-3, venue_order_id=BINANCE-1-3, account_id=BINANCE-001, trade_id=T-dd42571bdb0551e9-1694, position_id=P-20260105-003500-001-140724825183112-1, order_side=SELL, order_type=LIMIT, last_qty=7.958, last_px=92_799.7 USDT, commission=443.10000756 USDT, liquidity_side=MAKER, ts_event=1767575240000000000)[0m
[1m2026-01-05T01:07:20.000000000Z[0m [INFO] TRADER-001.nautilus_portfolio::portfolio: BTCUSDT-PERP.BINANCE net_position=0[0m
[1m2026-01-05T01:07:20.000000000Z[0m [INFO] TRADER-001.nautilus_portfolio::manager: BTCUSDT-PERP.BINANCE margin_maint=0.00000000 USDT[0m
[1m2026-01-05T01:07:20.000000000Z[0m [INFO] TRADER-001.nautilus_portfolio::portfolio: Updated AccountState(account_id=BINANCE-001, account_type=MARGIN, base_currency=USDT, is_reported=false, balances=[AccountBalance(total=106941.20761328 USDT, locked=0.00000000 USDT, free=106941.20761328 USDT)], margins=[], event_id=a711cb89-26fc-4e7a-b311-ef8fa7040673)[0m
[1m2026-01-05T01:07:20.000000000Z[0m [INFO] TRADER-001.nautilus_trading::strategy: DataActor-140724825183112 <--[EVT] PositionClosed(PositionClosed { trader_id: "TRADER-001", strategy_id: "DataActor-140724825183112", instrument_id: "BTCUSDT-PERP.BINANCE", position_id: "P-20260105-003500-001-140724825183112-1", account_id: "BINANCE-001", opening_order_id: "O-20260105-003500-001-140724825183112-1", closing_order_id: Some("O-20260105-003500-001-140724825183112-3"), entry: Buy, side: Flat, signed_qty: 0.0, quantity: Quantity(0.000), peak_quantity: Quantity(7.958), last_qty: Quantity(7.958), last_px: Price(92799.7), currency: Currency(code='USDT', precision=8, iso4217=0, name='Tether', currency_type=CRYPTO), avg_px_open: 91816.7, avg_px_close: Some(92799.7), realized_return: 0.010706113375889136, realized_pnl: Some(Money(6941.20761328, USDT)), unrealized_pnl: Money(0.00000000, USDT), duration: 1940000000000, event_id: UUID4(7cdfb813-da33-4ea9-9606-b265d265e232), ts_opened: UnixNanos(1767573300000000000), ts_closed: Some(UnixNanos(1767575240000000000)), ts_event: UnixNanos(1767575240000000000), ts_init: UnixNanos(1767575240000000000) })[0m
[1m2026-01-05T01:07:20.000000000Z[0m [INFO] TRADER-001.nautilus_portfolio::manager: BTCUSDT-PERP.BINANCE margin_init=0.00000000 USDT[0m
[1m2026-01-05T01:07:20.000000000Z[0m [INFO] TRADER-001.nautilus_portfolio::portfolio: Updated AccountState(account_id=BINANCE-001, account_type=MARGIN, base_currency=USDT, is_reported=false, balances=[AccountBalance(total=106941.20761328 USDT, locked=0.00000000 USDT, free=106941.20761328 USDT)], margins=[], event_id=d11ab825-5229-4736-ac79-e1e7d23f8824)[0m
[1m2026-01-05T01:07:20.000000000Z[0m [INFO] TRADER-001.nautilus_trading::strategy: DataActor-140724825183112 <--[EVT] OrderCanceled(instrument_id=BTCUSDT-PERP.BINANCE, client_order_id=O-20260105-003500-001-140724825183112-2, venue_order_id=BINANCE-1-2, account_id=BINANCE-001, ts_event=1767575240000000000)[0m
[1m2026-01-05T08:35:00.000000000Z[0m [INFO] TRADER-001.nautilus_trading::strategy: DataActor-140724825183112 <--[EVT] OrderInitialized(instrument_id=XRPUSDT-PERP.BINANCE, client_order_id=O-20260105-083500-001-140724825183112-4, side=BUY, type=MARKET, quantity=608360.2, time_in_force=GTC, post_only=false, reduce_only=false, quote_quantity=false, price=None, emulation_trigger=None, trigger_instrument_id=None, contingency_type=OTO, order_list_id=OL-20260105-083500-001-140724825183112-2, linked_order_ids=[O-20260105-083500-001-140724825183112-5, O-20260105-083500-001-140724825183112-6], parent_order_id=None, exec_algorithm_id=None, exec_algorithm_params=None, exec_spawn_id=None, tags=opening-pullback-direct-diagnostic-xrpusdt-london-2026-01-05-00046, BREAKOUT_ACCEPTANCE_CONTINUATION, LONG, TEN_SECOND_MARKET_ENTRY)[0m
[1m2026-01-05T08:35:00.000000000Z[0m [INFO] TRADER-001.nautilus_trading::strategy: DataActor-140724825183112 <--[EVT] OrderInitialized(instrument_id=XRPUSDT-PERP.BINANCE, client_order_id=O-20260105-083500-001-140724825183112-5, side=SELL, type=STOP_MARKET, quantity=608360.2, time_in_force=GTC, post_only=false, reduce_only=true, quote_quantity=false, price=None, emulation_trigger=None, trigger_instrument_id=None, contingency_type=OUO, order_list_id=OL-20260105-083500-001-140724825183112-2, linked_order_ids=[O-20260105-083500-001-140724825183112-6], parent_order_id=O-20260105-083500-001-140724825183112-4, exec_algorithm_id=None, exec_algorithm_params=None, exec_spawn_id=None, tags=opening-pullback-direct-diagnostic-xrpusdt-london-2026-01-05-00046, OBSERVED_RETEST_INVALIDATION)[0m
[1m2026-01-05T08:35:00.000000000Z[0m [INFO] TRADER-001.nautilus_trading::strategy: DataActor-140724825183112 <--[EVT] OrderInitialized(instrument_id=XRPUSDT-PERP.BINANCE, client_order_id=O-20260105-083500-001-140724825183112-6, side=SELL, type=LIMIT, quantity=608360.2, time_in_force=GTC, post_only=false, reduce_only=true, quote_quantity=false, price=2.1736, emulation_trigger=None, trigger_instrument_id=None, contingency_type=OUO, order_list_id=OL-20260105-083500-001-140724825183112-2, linked_order_ids=[O-20260105-083500-001-140724825183112-5], parent_order_id=O-20260105-083500-001-140724825183112-4, exec_algorithm_id=None, exec_algorithm_params=None, exec_spawn_id=None, tags=opening-pullback-direct-diagnostic-xrpusdt-london-2026-01-05-00046, ACTIVE_COMPLETED_EXTERNAL_TARGET)[0m
[1m2026-01-05T08:35:00.000000000Z[0m [INFO] TRADER-001.nautilus_trading::strategy: DataActor-140724825183112 [CMD]--> SubmitOrderList[0m
[1m2026-01-05T08:35:00.000000000Z[0m [94m[INFO] TRADER-001.nautilus_execution::engine: Submit OrderList(id=OL-20260105-083500-001-140724825183112-2, instrument_id=XRPUSDT-PERP.BINANCE, strategy_id=DataActor-140724825183112, client_order_ids=["O-20260105-083500-001-140724825183112-4", "O-20260105-083500-001-140724825183112-5", "O-20260105-083500-001-140724825183112-6"], ts_init=1767602100000000000)[0m
[1m2026-01-05T08:35:00.000000000Z[0m [INFO] TRADER-001.nautilus_trading::strategy: DataActor-140724825183112 <--[EVT] OrderSubmitted(instrument_id=XRPUSDT-PERP.BINANCE, client_order_id=O-20260105-083500-001-140724825183112-4, account_id=BINANCE-001, ts_event=1767602100000000000)[0m
[1m2026-01-05T08:35:00.000000000Z[0m [INFO] TRADER-001.nautilus_trading::strategy: DataActor-140724825183112 <--[EVT] OrderSubmitted(instrument_id=XRPUSDT-PERP.BINANCE, client_order_id=O-20260105-083500-001-140724825183112-5, account_id=BINANCE-001, ts_event=1767602100000000000)[0m
[1m2026-01-05T08:35:00.000000000Z[0m [INFO] TRADER-001.nautilus_trading::strategy: DataActor-140724825183112 <--[EVT] OrderSubmitted(instrument_id=XRPUSDT-PERP.BINANCE, client_order_id=O-20260105-083500-001-140724825183112-6, account_id=BINANCE-001, ts_event=1767602100000000000)[0m
[1m2026-01-05T08:35:00.000000000Z[0m [INFO] TRADER-001.nautilus_portfolio::manager: XRPUSDT-PERP.BINANCE margin_init=0.00000000 USDT[0m
[1m2026-01-05T08:35:00.000000000Z[0m [INFO] TRADER-001.nautilus_trading::strategy: DataActor-140724825183112 <--[EVT] OrderFilled(instrument_id=XRPUSDT-PERP.BINANCE, client_order_id=O-20260105-083500-001-140724825183112-4, venue_order_id=BINANCE-4-1, account_id=BINANCE-001, trade_id=T-656893744c7699b4-9036, position_id=P-20260105-083500-001-140724825183112-2, order_side=BUY, order_type=MARKET, last_qty=608_360.2, last_px=2.1451 USDT, commission=782.99607901 USDT, liquidity_side=TAKER, ts_event=1767602100000000000)[0m
[1m2026-01-05T08:35:00.000000000Z[0m [INFO] TRADER-001.nautilus_trading::strategy: Canceling 2 inflight XRPUSDT-PERP.BINANCE orders[0m
[1m2026-01-05T08:35:00.000000000Z[0m [INFO] TRADER-001.nautilus_trading::strategy: DataActor-140724825183112 [CMD]--> CancelAllOrders[0m
[1m2026-01-05T08:35:00.000000000Z[0m [INFO] TRADER-001.nautilus_portfolio::portfolio: XRPUSDT-PERP.BINANCE net_position=608360.2[0m
[1m2026-01-05T08:35:00.000000000Z[0m [INFO] TRADER-001.nautilus_portfolio::manager: XRPUSDT-PERP.BINANCE margin_maint=5219.97386008 USDT[0m
[1m2026-01-05T08:35:00.000000000Z[0m [INFO] TRADER-001.nautilus_portfolio::portfolio: Updated AccountState(account_id=BINANCE-001, account_type=MARGIN, base_currency=USDT, is_reported=false, balances=[AccountBalance(total=106158.21153427 USDT, locked=5219.97386008 USDT, free=100938.23767419 USDT)], margins=[MarginBalance(initial=0.00000000 USDT, maintenance=5219.97386008 USDT, instrument_id=XRPUSDT-PERP.BINANCE)], event_id=0195103c-582e-427d-9065-16f2228ebe41)[0m
[1m2026-01-05T08:35:00.000000000Z[0m [INFO] TRADER-001.nautilus_trading::strategy: DataActor-140724825183112 <--[EVT] PositionOpened(PositionOpened { trader_id: "TRADER-001", strategy_id: "DataActor-140724825183112", instrument_id: "XRPUSDT-PERP.BINANCE", position_id: "P-20260105-083500-001-140724825183112-2", account_id: "BINANCE-001", opening_order_id: "O-20260105-083500-001-140724825183112-4", entry: Buy, side: Long, signed_qty: 608360.2, quantity: Quantity(608360.2), last_qty: Quantity(608360.2), last_px: Price(2.1451), currency: Currency(code='USDT', precision=8, iso4217=0, name='Tether', currency_type=CRYPTO), avg_px_open: 2.1451, event_id: UUID4(a0ddbb7e-18e9-483d-85f8-aadee8694697), ts_event: UnixNanos(1767602100000000000), ts_init: UnixNanos(1767602100000000000) })[0m
[1m2026-01-05T08:35:00.000000000Z[0m [INFO] TRADER-001.nautilus_portfolio::manager: XRPUSDT-PERP.BINANCE margin_init=0.00000000 USDT[0m
[1m2026-01-05T08:35:00.000000000Z[0m [INFO] TRADER-001.nautilus_portfolio::portfolio: Updated AccountState(account_id=BINANCE-001, account_type=MARGIN, base_currency=USDT, is_reported=false, balances=[AccountBalance(total=106158.21153427 USDT, locked=5219.97386008 USDT, free=100938.23767419 USDT)], margins=[MarginBalance(initial=0.00000000 USDT, maintenance=5219.97386008 USDT, instrument_id=XRPUSDT-PERP.BINANCE)], event_id=1c2cd149-11a8-429e-88e4-2deecbc67a2a)[0m
[1m2026-01-05T08:35:00.000000000Z[0m [INFO] TRADER-001.nautilus_trading::strategy: DataActor-140724825183112 <--[EVT] OrderAccepted(instrument_id=XRPUSDT-PERP.BINANCE, client_order_id=O-20260105-083500-001-140724825183112-5, venue_order_id=BINANCE-4-2, account_id=BINANCE-001, ts_event=1767602100000000000)[0m
[1m2026-01-05T08:35:00.000000000Z[0m [INFO] TRADER-001.nautilus_portfolio::manager: XRPUSDT-PERP.BINANCE margin_init=0.00000000 USDT[0m
[1m2026-01-05T08:35:00.000000000Z[0m [INFO] TRADER-001.nautilus_portfolio::portfolio: Updated AccountState(account_id=BINANCE-001, account_type=MARGIN, base_currency=USDT, is_reported=false, balances=[AccountBalance(total=106158.21153427 USDT, locked=5219.97386008 USDT, free=100938.23767419 USDT)], margins=[MarginBalance(initial=0.00000000 USDT, maintenance=5219.97386008 USDT, instrument_id=XRPUSDT-PERP.BINANCE)], event_id=c8db38ec-6240-437b-a2e0-2eb7185980e4)[0m
[1m2026-01-05T08:35:00.000000000Z[0m [INFO] TRADER-001.nautilus_trading::strategy: DataActor-140724825183112 <--[EVT] OrderAccepted(instrument_id=XRPUSDT-PERP.BINANCE, client_order_id=O-20260105-083500-001-140724825183112-6, venue_order_id=BINANCE-4-3, account_id=BINANCE-001, ts_event=1767602100000000000)[0m
[1m2026-01-05T08:35:00.000000000Z[0m [94m[INFO] TRADER-001.nautilus_execution::engine: Cancel all orders[0m
[1m2026-01-05T08:35:00.000000000Z[0m [INFO] TRADER-001.nautilus_portfolio::manager: XRPUSDT-PERP.BINANCE margin_init=0.00000000 USDT[0m
[1m2026-01-05T08:35:00.000000000Z[0m [INFO] TRADER-001.nautilus_portfolio::portfolio: Updated AccountState(account_id=BINANCE-001, account_type=MARGIN, base_currency=USDT, is_reported=false, balances=[AccountBalance(total=106158.21153427 USDT, locked=5219.97386008 USDT, free=100938.23767419 USDT)], margins=[MarginBalance(initial=0.00000000 USDT, maintenance=5219.97386008 USDT, instrument_id=XRPUSDT-PERP.BINANCE)], event_id=bf91e3a3-61e6-481d-9534-767ac84f45dd)[0m
[1m2026-01-05T08:35:00.000000000Z[0m [INFO] TRADER-001.nautilus_trading::strategy: DataActor-140724825183112 <--[EVT] OrderCanceled(instrument_id=XRPUSDT-PERP.BINANCE, client_order_id=O-20260105-083500-001-140724825183112-5, venue_order_id=BINANCE-4-2, account_id=BINANCE-001, ts_event=1767602100000000000)[0m
[1m2026-01-05T08:35:00.000000000Z[0m [INFO] TRADER-001.nautilus_portfolio::manager: XRPUSDT-PERP.BINANCE margin_init=0.00000000 USDT[0m
[1m2026-01-05T08:35:00.000000000Z[0m [INFO] TRADER-001.nautilus_portfolio::portfolio: Updated AccountState(account_id=BINANCE-001, account_type=MARGIN, base_currency=USDT, is_reported=false, balances=[AccountBalance(total=106158.21153427 USDT, locked=5219.97386008 USDT, free=100938.23767419 USDT)], margins=[MarginBalance(initial=0.00000000 USDT, maintenance=5219.97386008 USDT, instrument_id=XRPUSDT-PERP.BINANCE)], event_id=d68f8074-3ab6-4963-8075-a218c927b91b)[0m
[1m2026-01-05T08:35:00.000000000Z[0m [INFO] TRADER-001.nautilus_trading::strategy: DataActor-140724825183112 <--[EVT] OrderCanceled(instrument_id=XRPUSDT-PERP.BINANCE, client_order_id=O-20260105-083500-001-140724825183112-6, venue_order_id=BINANCE-4-3, account_id=BINANCE-001, ts_event=1767602100000000000)[0m
[1m2026-01-05T08:35:00.000000000Z[0m [1;33m[WARN] TRADER-001.nautilus_common::cache: Cannot calculate unrealized PnL for P-20260105-083500-001-140724825183112-2, no quotes for XRPUSDT-PERP.BINANCE[0m
[1m2026-01-05T08:35:10.000000000Z[0m [INFO] TRADER-001.nautilus_trading::strategy: No XRPUSDT-PERP.BINANCE open, emulated, or inflight orders to cancel[0m
[1m2026-01-05T08:35:10.000000000Z[0m [INFO] TRADER-001.nautilus_trading::strategy: Closing 1 open position[0m
[1m2026-01-05T08:35:10.000000000Z[0m [INFO] TRADER-001.nautilus_trading::strategy: DataActor-140724825183112 <--[EVT] OrderInitialized(instrument_id=XRPUSDT-PERP.BINANCE, client_order_id=O-20260105-083510-001-140724825183112-7, side=SELL, type=MARKET, quantity=608360.2, time_in_force=GTC, post_only=false, reduce_only=true, quote_quantity=false, price=None, emulation_trigger=None, trigger_instrument_id=None, contingency_type=NO_CONTINGENCY, order_list_id=None, linked_order_ids=[None], parent_order_id=None, exec_algorithm_id=None, exec_algorithm_params=None, exec_spawn_id=None, tags=None)[0m
[1m2026-01-05T08:35:10.000000000Z[0m [INFO] TRADER-001.nautilus_trading::strategy: DataActor-140724825183112 [CMD]--> SubmitOrder[0m
[1m2026-01-05T08:35:10.000000000Z[0m [94m[INFO] TRADER-001.nautilus_execution::engine: Submit MarketOrder(SELL 608_360.2 XRPUSDT-PERP.BINANCE @ MARKET GTC, status=INITIALIZED, client_order_id=O-20260105-083510-001-140724825183112-7, venue_order_id=None, position_id=None, exec_algorithm_id=None, exec_spawn_id=None, tags=None)[0m
[1m2026-01-05T08:35:10.000000000Z[0m [INFO] TRADER-001.nautilus_trading::strategy: DataActor-140724825183112 <--[EVT] OrderSubmitted(instrument_id=XRPUSDT-PERP.BINANCE, client_order_id=O-20260105-083510-001-140724825183112-7, account_id=BINANCE-001, ts_event=1767602110000000000)[0m
[1m2026-01-05T08:35:10.000000000Z[0m [INFO] TRADER-001.nautilus_portfolio::manager: XRPUSDT-PERP.BINANCE margin_init=0.00000000 USDT[0m
[1m2026-01-05T08:35:10.000000000Z[0m [INFO] TRADER-001.nautilus_trading::strategy: DataActor-140724825183112 <--[EVT] OrderFilled(instrument_id=XRPUSDT-PERP.BINANCE, client_order_id=O-20260105-083510-001-140724825183112-7, venue_order_id=BINANCE-4-4, account_id=BINANCE-001, trade_id=T-3d566ba2eb9ab72d-9037, position_id=P-20260105-083500-001-140724825183112-2, order_side=SELL, order_type=MARKET, last_qty=608_360.2, last_px=2.1447 USDT, commission=782.85007256 USDT, liquidity_side=TAKER, ts_event=1767602110000000000)[0m
[1m2026-01-05T08:35:10.000000000Z[0m [INFO] TRADER-001.nautilus_portfolio::portfolio: XRPUSDT-PERP.BINANCE net_position=0[0m
[1m2026-01-05T08:35:10.000000000Z[0m [INFO] TRADER-001.nautilus_portfolio::manager: XRPUSDT-PERP.BINANCE margin_maint=0.00000000 USDT[0m
[1m2026-01-05T08:35:10.000000000Z[0m [INFO] TRADER-001.nautilus_portfolio::portfolio: Updated AccountState(account_id=BINANCE-001, account_type=MARGIN, base_currency=USDT, is_reported=false, balances=[AccountBalance(total=105132.01738171 USDT, locked=0.00000000 USDT, free=105132.01738171 USDT)], margins=[], event_id=b16534f1-6750-4d07-b551-532bf707ff2d)[0m
[1m2026-01-05T08:35:10.000000000Z[0m [INFO] TRADER-001.nautilus_trading::strategy: DataActor-140724825183112 <--[EVT] PositionClosed(PositionClosed { trader_id: "TRADER-001", strategy_id: "DataActor-140724825183112", instrument_id: "XRPUSDT-PERP.BINANCE", position_id: "P-20260105-083500-001-140724825183112-2", account_id: "BINANCE-001", opening_order_id: "O-20260105-083500-001-140724825183112-4", closing_order_id: Some("O-20260105-083510-001-140724825183112-7"), entry: Buy, side: Flat, signed_qty: 0.0, quantity: Quantity(0.0), peak_quantity: Quantity(608360.2), last_qty: Quantity(608360.2), last_px: Price(2.1447), currency: Currency(code='USDT', precision=8, iso4217=0, name='Tether', currency_type=CRYPTO), avg_px_open: 2.1451, avg_px_close: Some(2.1447), realized_return: -0.00018647149317046105, realized_pnl: Some(Money(-1809.19023157, USDT)), unrealized_pnl: Money(0.00000000, USDT), duration: 10000000000, event_id: UUID4(61f9f69a-082a-4bbf-a354-2289abe88e5a), ts_opened: UnixNanos(1767602100000000000), ts_closed: Some(UnixNanos(1767602110000000000)), ts_event: UnixNanos(1767602110000000000), ts_init: UnixNanos(1767602110000000000) })[0m
[1m2026-01-05T15:05:00.000000000Z[0m [INFO] TRADER-001.nautilus_trading::strategy: DataActor-140724825183112 <--[EVT] OrderInitialized(instrument_id=ETHUSDT-PERP.BINANCE, client_order_id=O-20260105-150500-001-140724825183112-8, side=BUY, type=MARKET, quantity=188.477, time_in_force=GTC, post_only=false, reduce_only=false, quote_quantity=false, price=None, emulation_trigger=None, trigger_instrument_id=None, contingency_type=OTO, order_list_id=OL-20260105-150500-001-140724825183112-3, linked_order_ids=[O-20260105-150500-001-140724825183112-9, O-20260105-150500-001-140724825183112-10], parent_order_id=None, exec_algorithm_id=None, exec_algorithm_params=None, exec_spawn_id=None, tags=opening-pullback-direct-diagnostic-ethusdt-new_york-2026-01-05-00047, BREAKOUT_ACCEPTANCE_CONTINUATION, LONG, TEN_SECOND_MARKET_ENTRY)[0m
[1m2026-01-05T15:05:00.000000000Z[0m [INFO] TRADER-001.nautilus_trading::strategy: DataActor-140724825183112 <--[EVT] OrderInitialized(instrument_id=ETHUSDT-PERP.BINANCE, client_order_id=O-20260105-150500-001-140724825183112-9, side=SELL, type=STOP_MARKET, quantity=188.477, time_in_force=GTC, post_only=false, reduce_only=true, quote_quantity=false, price=None, emulation_trigger=None, trigger_instrument_id=None, contingency_type=OUO, order_list_id=OL-20260105-150500-001-140724825183112-3, linked_order_ids=[O-20260105-150500-001-140724825183112-10], parent_order_id=O-20260105-150500-001-140724825183112-8, exec_algorithm_id=None, exec_algorithm_params=None, exec_spawn_id=None, tags=opening-pullback-direct-diagnostic-ethusdt-new_york-2026-01-05-00047, OBSERVED_RETEST_INVALIDATION)[0m
[1m2026-01-05T15:05:00.000000000Z[0m [INFO] TRADER-001.nautilus_trading::strategy: DataActor-140724825183112 <--[EVT] OrderInitialized(instrument_id=ETHUSDT-PERP.BINANCE, client_order_id=O-20260105-150500-001-140724825183112-10, side=SELL, type=LIMIT, quantity=188.477, time_in_force=GTC, post_only=false, reduce_only=true, quote_quantity=false, price=3220.42, emulation_trigger=None, trigger_instrument_id=None, contingency_type=OUO, order_list_id=OL-20260105-150500-001-140724825183112-3, linked_order_ids=[O-20260105-150500-001-140724825183112-9], parent_order_id=O-20260105-150500-001-140724825183112-8, exec_algorithm_id=None, exec_algorithm_params=None, exec_spawn_id=None, tags=opening-pullback-direct-diagnostic-ethusdt-new_york-2026-01-05-00047, ACTIVE_COMPLETED_EXTERNAL_TARGET)[0m
[1m2026-01-05T15:05:00.000000000Z[0m [INFO] TRADER-001.nautilus_trading::strategy: DataActor-140724825183112 [CMD]--> SubmitOrderList[0m
[1m2026-01-05T15:05:00.000000000Z[0m [94m[INFO] TRADER-001.nautilus_execution::engine: Submit OrderList(id=OL-20260105-150500-001-140724825183112-3, instrument_id=ETHUSDT-PERP.BINANCE, strategy_id=DataActor-140724825183112, client_order_ids=["O-20260105-150500-001-140724825183112-8", "O-20260105-150500-001-140724825183112-9", "O-20260105-150500-001-140724825183112-10"], ts_init=1767625500000000000)[0m
[1m2026-01-05T15:05:00.000000000Z[0m [INFO] TRADER-001.nautilus_trading::strategy: DataActor-140724825183112 <--[EVT] OrderSubmitted(instrument_id=ETHUSDT-PERP.BINANCE, client_order_id=O-20260105-150500-001-140724825183112-8, account_id=BINANCE-001, ts_event=1767625500000000000)[0m
[1m2026-01-05T15:05:00.000000000Z[0m [INFO] TRADER-001.nautilus_trading::strategy: DataActor-140724825183112 <--[EVT] OrderSubmitted(instrument_id=ETHUSDT-PERP.BINANCE, client_order_id=O-20260105-150500-001-140724825183112-9, account_id=BINANCE-001, ts_event=1767625500000000000)[0m
[1m2026-01-05T15:05:00.000000000Z[0m [INFO] TRADER-001.nautilus_trading::strategy: DataActor-140724825183112 <--[EVT] OrderSubmitted(instrument_id=ETHUSDT-PERP.BINANCE, client_order_id=O-20260105-150500-001-140724825183112-10, account_id=BINANCE-001, ts_event=1767625500000000000)[0m
[1m2026-01-05T15:05:00.000000000Z[0m [INFO] TRADER-001.nautilus_portfolio::manager: ETHUSDT-PERP.BINANCE margin_init=0.00000000 USDT[0m
[1m2026-01-05T15:05:00.000000000Z[0m [INFO] TRADER-001.nautilus_trading::strategy: DataActor-140724825183112 <--[EVT] OrderFilled(instrument_id=ETHUSDT-PERP.BINANCE, client_order_id=O-20260105-150500-001-140724825183112-8, venue_order_id=BINANCE-2-1, account_id=BINANCE-001, trade_id=T-cce29423f56a47ef-15379, position_id=P-20260105-150500-001-140724825183112-3, order_side=BUY, order_type=MARKET, last_qty=188.477, last_px=3_162.06 USDT, commission=357.58534957 USDT, liquidity_side=TAKER, ts_event=1767625500000000000)[0m
[1m2026-01-05T15:05:00.000000000Z[0m [INFO] TRADER-001.nautilus_portfolio::portfolio: ETHUSDT-PERP.BINANCE net_position=188.477[0m
[1m2026-01-05T15:05:00.000000000Z[0m [INFO] TRADER-001.nautilus_portfolio::manager: ETHUSDT-PERP.BINANCE margin_maint=2383.90233048 USDT[0m
[1m2026-01-05T15:05:00.000000000Z[0m [INFO] TRADER-001.nautilus_portfolio::portfolio: Updated AccountState(account_id=BINANCE-001, account_type=MARGIN, base_currency=USDT, is_reported=false, balances=[AccountBalance(total=104774.43203214 USDT, locked=2383.90233048 USDT, free=102390.52970166 USDT)], margins=[MarginBalance(initial=0.00000000 USDT, maintenance=2383.90233048 USDT, instrument_id=ETHUSDT-PERP.BINANCE)], event_id=e668a00b-bb3e-423a-b3de-513662c01c17)[0m
[1m2026-01-05T15:05:00.000000000Z[0m [INFO] TRADER-001.nautilus_trading::strategy: DataActor-140724825183112 <--[EVT] PositionOpened(PositionOpened { trader_id: "TRADER-001", strategy_id: "DataActor-140724825183112", instrument_id: "ETHUSDT-PERP.BINANCE", position_id: "P-20260105-150500-001-140724825183112-3", account_id: "BINANCE-001", opening_order_id: "O-20260105-150500-001-140724825183112-8", entry: Buy, side: Long, signed_qty: 188.477, quantity: Quantity(188.477), last_qty: Quantity(188.477), last_px: Price(3162.06), currency: Currency(code='USDT', precision=8, iso4217=0, name='Tether', currency_type=CRYPTO), avg_px_open: 3162.06, event_id: UUID4(8857aced-b579-44ce-805e-ba6e20e924f5), ts_event: UnixNanos(1767625500000000000), ts_init: UnixNanos(1767625500000000000) })[0m
[1m2026-01-05T15:05:00.000000000Z[0m [INFO] TRADER-001.nautilus_portfolio::manager: ETHUSDT-PERP.BINANCE margin_init=0.00000000 USDT[0m
[1m2026-01-05T15:05:00.000000000Z[0m [INFO] TRADER-001.nautilus_portfolio::portfolio: Updated AccountState(account_id=BINANCE-001, account_type=MARGIN, base_currency=USDT, is_reported=false, balances=[AccountBalance(total=104774.43203214 USDT, locked=2383.90233048 USDT, free=102390.52970166 USDT)], margins=[MarginBalance(initial=0.00000000 USDT, maintenance=2383.90233048 USDT, instrument_id=ETHUSDT-PERP.BINANCE)], event_id=6615b411-3613-435e-bbbe-5bbd52e28efb)[0m
[1m2026-01-05T15:05:00.000000000Z[0m [INFO] TRADER-001.nautilus_trading::strategy: DataActor-140724825183112 <--[EVT] OrderAccepted(instrument_id=ETHUSDT-PERP.BINANCE, client_order_id=O-20260105-150500-001-140724825183112-9, venue_order_id=BINANCE-2-2, account_id=BINANCE-001, ts_event=1767625500000000000)[0m
[1m2026-01-05T15:05:00.000000000Z[0m [INFO] TRADER-001.nautilus_portfolio::manager: ETHUSDT-PERP.BINANCE margin_init=0.00000000 USDT[0m
[1m2026-01-05T15:05:00.000000000Z[0m [INFO] TRADER-001.nautilus_portfolio::portfolio: Updated AccountState(account_id=BINANCE-001, account_type=MARGIN, base_currency=USDT, is_reported=false, balances=[AccountBalance(total=104774.43203214 USDT, locked=2383.90233048 USDT, free=102390.52970166 USDT)], margins=[MarginBalance(initial=0.00000000 USDT, maintenance=2383.90233048 USDT, instrument_id=ETHUSDT-PERP.BINANCE)], event_id=7bdc0a2d-889f-454a-aeda-ce0eca99b821)[0m
[1m2026-01-05T15:05:00.000000000Z[0m [INFO] TRADER-001.nautilus_trading::strategy: DataActor-140724825183112 <--[EVT] OrderAccepted(instrument_id=ETHUSDT-PERP.BINANCE, client_order_id=O-20260105-150500-001-140724825183112-10, venue_order_id=BINANCE-2-3, account_id=BINANCE-001, ts_event=1767625500000000000)[0m
[1m2026-01-05T15:05:00.000000000Z[0m [1;33m[WARN] TRADER-001.nautilus_common::cache: Cannot calculate unrealized PnL for P-20260105-150500-001-140724825183112-3, no quotes for ETHUSDT-PERP.BINANCE[0m
[1m2026-01-05T15:05:10.000000000Z[0m [1;33m[WARN] TRADER-001.nautilus_common::cache: Cannot calculate unrealized PnL for P-20260105-150500-001-140724825183112-3, no quotes for ETHUSDT-PERP.BINANCE[0m
[1m2026-01-05T15:05:20.000000000Z[0m [1;33m[WARN] TRADER-001.nautilus_common::cache: Cannot calculate unrealized PnL for P-20260105-150500-001-140724825183112-3, no quotes for ETHUSDT-PERP.BINANCE[0m
[1m2026-01-05T15:05:30.000000000Z[0m [1;33m[WARN] TRADER-001.nautilus_common::cache: Cannot calculate unrealized PnL for P-20260105-150500-001-140724825183112-3, no quotes for ETHUSDT-PERP.BINANCE[0m
[1m2026-01-05T15:05:40.000000000Z[0m [1;33m[WARN] TRADER-001.nautilus_common::cache: Cannot calculate unrealized PnL for P-20260105-150500-001-140724825183112-3, no quotes for ETHUSDT-PERP.BINANCE[0m
[1m2026-01-05T15:05:50.000000000Z[0m [1;33m[WARN] TRADER-001.nautilus_common::cache: Cannot calculate unrealized PnL for P-20260105-150500-001-140724825183112-3, no quotes for ETHUSDT-PERP.BINANCE[0m
[1m2026-01-05T15:05:59.999000000Z[0m [1;33m[WARN] TRADER-001.nautilus_common::cache: Cannot calculate unrealized PnL for P-20260105-150500-001-140724825183112-3, no quotes for ETHUSDT-PERP.BINANCE[0m
[1m2026-01-05T15:06:00.000000000Z[0m [1;33m[WARN] TRADER-001.nautilus_common::cache: Cannot calculate unrealized PnL for P-20260105-150500-001-140724825183112-3, no quotes for ETHUSDT-PERP.BINANCE[0m
[1m2026-01-05T15:06:10.000000000Z[0m [1;33m[WARN] TRADER-001.nautilus_common::cache: Cannot calculate unrealized PnL for P-20260105-150500-001-140724825183112-3, no quotes for ETHUSDT-PERP.BINANCE[0m
[1m2026-01-05T15:06:20.000000000Z[0m [1;33m[WARN] TRADER-001.nautilus_common::cache: Cannot calculate unrealized PnL for P-20260105-150500-001-140724825183112-3, no quotes for ETHUSDT-PERP.BINANCE[0m
[1m2026-01-05T15:06:30.000000000Z[0m [1;33m[WARN] TRADER-001.nautilus_common::cache: Cannot calculate unrealized PnL for P-20260105-150500-001-140724825183112-3, no quotes for ETHUSDT-PERP.BINANCE[0m
[1m2026-01-05T15:06:40.000000000Z[0m [1;33m[WARN] TRADER-001.nautilus_common::cache: Cannot calculate unrealized PnL for P-20260105-150500-001-140724825183112-3, no quotes for ETHUSDT-PERP.BINANCE[0m
[1m2026-01-05T15:06:50.000000000Z[0m [INFO] TRADER-001.nautilus_portfolio::manager: ETHUSDT-PERP.BINANCE margin_init=0.00000000 USDT[0m
[1m2026-01-05T15:06:50.000000000Z[0m [INFO] TRADER-001.nautilus_trading::strategy: DataActor-140724825183112 <--[EVT] OrderFilled(instrument_id=ETHUSDT-PERP.BINANCE, client_order_id=O-20260105-150500-001-140724825183112-9, venue_order_id=BINANCE-2-2, account_id=BINANCE-001, trade_id=T-deed98a0c46a0fa7-15419, position_id=P-20260105-150500-001-140724825183112-3, order_side=SELL, order_type=STOP_MARKET, last_qty=188.477, last_px=3_153.47 USDT, commission=356.61393911 USDT, liquidity_side=TAKER, ts_event=1767625610000000000)[0m
[1m2026-01-05T15:06:50.000000000Z[0m [INFO] TRADER-001.nautilus_portfolio::portfolio: ETHUSDT-PERP.BINANCE net_position=0[0m
[1m2026-01-05T15:06:50.000000000Z[0m [INFO] TRADER-001.nautilus_portfolio::manager: ETHUSDT-PERP.BINANCE margin_maint=0.00000000 USDT[0m
[1m2026-01-05T15:06:50.000000000Z[0m [INFO] TRADER-001.nautilus_portfolio::portfolio: Updated AccountState(account_id=BINANCE-001, account_type=MARGIN, base_currency=USDT, is_reported=false, balances=[AccountBalance(total=102798.80066303 USDT, locked=0.00000000 USDT, free=102798.80066303 USDT)], margins=[], event_id=16567895-a601-46f0-ab14-a144185a1d91)[0m
[1m2026-01-05T15:06:50.000000000Z[0m [INFO] TRADER-001.nautilus_trading::strategy: DataActor-140724825183112 <--[EVT] PositionClosed(PositionClosed { trader_id: "TRADER-001", strategy_id: "DataActor-140724825183112", instrument_id: "ETHUSDT-PERP.BINANCE", position_id: "P-20260105-150500-001-140724825183112-3", account_id: "BINANCE-001", opening_order_id: "O-20260105-150500-001-140724825183112-8", closing_order_id: Some("O-20260105-150500-001-140724825183112-9"), entry: Buy, side: Flat, signed_qty: 0.0, quantity: Quantity(0.000), peak_quantity: Quantity(188.477), last_qty: Quantity(188.477), last_px: Price(3153.47), currency: Currency(code='USDT', precision=8, iso4217=0, name='Tether', currency_type=CRYPTO), avg_px_open: 3162.06, avg_px_close: Some(3153.47), realized_return: -0.002716583493039394, realized_pnl: Some(Money(-2333.21671868, USDT)), unrealized_pnl: Money(0.00000000, USDT), duration: 110000000000, event_id: UUID4(ab1328a7-d8e0-4e2a-b124-d825de323f3d), ts_opened: UnixNanos(1767625500000000000), ts_closed: Some(UnixNanos(1767625610000000000)), ts_event: UnixNanos(1767625610000000000), ts_init: UnixNanos(1767625610000000000) })[0m
[1m2026-01-05T15:06:50.000000000Z[0m [INFO] TRADER-001.nautilus_portfolio::manager: ETHUSDT-PERP.BINANCE margin_init=0.00000000 USDT[0m
[1m2026-01-05T15:06:50.000000000Z[0m [INFO] TRADER-001.nautilus_portfolio::portfolio: Updated AccountState(account_id=BINANCE-001, account_type=MARGIN, base_currency=USDT, is_reported=false, balances=[AccountBalance(total=102798.80066303 USDT, locked=0.00000000 USDT, free=102798.80066303 USDT)], margins=[], event_id=7e22b9a8-c418-45d8-960d-22bd88e44e2d)[0m
[1m2026-01-05T15:06:50.000000000Z[0m [INFO] TRADER-001.nautilus_trading::strategy: DataActor-140724825183112 <--[EVT] OrderCanceled(instrument_id=ETHUSDT-PERP.BINANCE, client_order_id=O-20260105-150500-001-140724825183112-10, venue_order_id=BINANCE-2-3, account_id=BINANCE-001, ts_event=1767625610000000000)[0m
[1m2026-01-06T00:35:00.000000000Z[0m [INFO] TRADER-001.nautilus_trading::strategy: DataActor-140724825183112 <--[EVT] OrderInitialized(instrument_id=XRPUSDT-PERP.BINANCE, client_order_id=O-20260106-003500-001-140724825183112-11, side=BUY, type=MARKET, quantity=300501.6, time_in_force=GTC, post_only=false, reduce_only=false, quote_quantity=false, price=None, emulation_trigger=None, trigger_instrument_id=None, contingency_type=OTO, order_list_id=OL-20260106-003500-001-140724825183112-4, linked_order_ids=[O-20260106-003500-001-140724825183112-12, O-20260106-003500-001-140724825183112-13], parent_order_id=None, exec_algorithm_id=None, exec_algorithm_params=None, exec_spawn_id=None, tags=opening-pullback-direct-diagnostic-xrpusdt-asia-2026-01-06-00048, BREAKOUT_ACCEPTANCE_CONTINUATION, LONG, TEN_SECOND_MARKET_ENTRY)[0m
[1m2026-01-06T00:35:00.000000000Z[0m [INFO] TRADER-001.nautilus_trading::strategy: DataActor-140724825183112 <--[EVT] OrderInitialized(instrument_id=XRPUSDT-PERP.BINANCE, client_order_id=O-20260106-003500-001-140724825183112-12, side=SELL, type=STOP_MARKET, quantity=300501.6, time_in_force=GTC, post_only=false, reduce_only=true, quote_quantity=false, price=None, emulation_trigger=None, trigger_instrument_id=None, contingency_type=OUO, order_list_id=OL-20260106-003500-001-140724825183112-4, linked_order_ids=[O-20260106-003500-001-140724825183112-13], parent_order_id=O-20260106-003500-001-140724825183112-11, exec_algorithm_id=None, exec_algorithm_params=None, exec_spawn_id=None, tags=opening-pullback-direct-diagnostic-xrpusdt-asia-2026-01-06-00048, OBSERVED_RETEST_INVALIDATION)[0m
[1m2026-01-06T00:35:00.000000000Z[0m [INFO] TRADER-001.nautilus_trading::strategy: DataActor-140724825183112 <--[EVT] OrderInitialized(instrument_id=XRPUSDT-PERP.BINANCE, client_order_id=O-20260106-003500-001-140724825183112-13, side=SELL, type=LIMIT, quantity=300501.6, time_in_force=GTC, post_only=false, reduce_only=true, quote_quantity=false, price=2.4038, emulation_trigger=None, trigger_instrument_id=None, contingency_type=OUO, order_list_id=OL-20260106-003500-001-140724825183112-4, linked_order_ids=[O-20260106-003500-001-140724825183112-12], parent_order_id=O-20260106-003500-001-140724825183112-11, exec_algorithm_id=None, exec_algorithm_params=None, exec_spawn_id=None, tags=opening-pullback-direct-diagnostic-xrpusdt-asia-2026-01-06-00048, ACTIVE_COMPLETED_EXTERNAL_TARGET)[0m
[1m2026-01-06T00:35:00.000000000Z[0m [INFO] TRADER-001.nautilus_trading::strategy: DataActor-140724825183112 [CMD]--> SubmitOrderList[0m
[1m2026-01-06T00:35:00.000000000Z[0m [94m[INFO] TRADER-001.nautilus_execution::engine: Submit OrderList(id=OL-20260106-003500-001-140724825183112-4, instrument_id=XRPUSDT-PERP.BINANCE, strategy_id=DataActor-140724825183112, client_order_ids=["O-20260106-003500-001-140724825183112-11", "O-20260106-003500-001-140724825183112-12", "O-20260106-003500-001-140724825183112-13"], ts_init=1767659700000000000)[0m
[1m2026-01-06T00:35:00.000000000Z[0m [INFO] TRADER-001.nautilus_trading::strategy: DataActor-140724825183112 <--[EVT] OrderSubmitted(instrument_id=XRPUSDT-PERP.BINANCE, client_order_id=O-20260106-003500-001-140724825183112-11, account_id=BINANCE-001, ts_event=1767659700000000000)[0m
[1m2026-01-06T00:35:00.000000000Z[0m [INFO] TRADER-001.nautilus_trading::strategy: DataActor-140724825183112 <--[EVT] OrderSubmitted(instrument_id=XRPUSDT-PERP.BINANCE, client_order_id=O-20260106-003500-001-140724825183112-12, account_id=BINANCE-001, ts_event=1767659700000000000)[0m
[1m2026-01-06T00:35:00.000000000Z[0m [INFO] TRADER-001.nautilus_trading::strategy: DataActor-140724825183112 <--[EVT] OrderSubmitted(instrument_id=XRPUSDT-PERP.BINANCE, client_order_id=O-20260106-003500-001-140724825183112-13, account_id=BINANCE-001, ts_event=1767659700000000000)[0m
[1m2026-01-06T00:35:00.000000000Z[0m [INFO] TRADER-001.nautilus_portfolio::manager: XRPUSDT-PERP.BINANCE margin_init=0.00000000 USDT[0m
[1m2026-01-06T00:35:00.000000000Z[0m [INFO] TRADER-001.nautilus_trading::strategy: DataActor-140724825183112 <--[EVT] OrderFilled(instrument_id=XRPUSDT-PERP.BINANCE, client_order_id=O-20260106-003500-001-140724825183112-11, venue_order_id=BINANCE-4-5, account_id=BINANCE-001, trade_id=T-ba7864c3ae265026-25827, position_id=P-20260106-003500-001-140724825183112-4, order_side=BUY, order_type=MARKET, last_qty=300_501.6, last_px=2.3443 USDT, commission=422.67954053 USDT, liquidity_side=TAKER, ts_event=1767659700000000000)[0m
[1m2026-01-06T00:35:00.000000000Z[0m [INFO] TRADER-001.nautilus_trading::strategy: Canceling 2 inflight XRPUSDT-PERP.BINANCE orders[0m
[1m2026-01-06T00:35:00.000000000Z[0m [INFO] TRADER-001.nautilus_trading::strategy: DataActor-140724825183112 [CMD]--> CancelAllOrders[0m
[1m2026-01-06T00:35:00.000000000Z[0m [INFO] TRADER-001.nautilus_portfolio::portfolio: XRPUSDT-PERP.BINANCE net_position=300501.6[0m
[1m2026-01-06T00:35:00.000000000Z[0m [INFO] TRADER-001.nautilus_portfolio::manager: XRPUSDT-PERP.BINANCE margin_maint=2817.86360352 USDT[0m
[1m2026-01-06T00:35:00.000000000Z[0m [INFO] TRADER-001.nautilus_portfolio::portfolio: Updated AccountState(account_id=BINANCE-001, account_type=MARGIN, base_currency=USDT, is_reported=false, balances=[AccountBalance(total=102376.12112250 USDT, locked=2817.86360352 USDT, free=99558.25751898 USDT)], margins=[MarginBalance(initial=0.00000000 USDT, maintenance=2817.86360352 USDT, instrument_id=XRPUSDT-PERP.BINANCE)], event_id=f50fbefa-1ffb-4c40-9243-f1de3ff02b7c)[0m
[1m2026-01-06T00:35:00.000000000Z[0m [INFO] TRADER-001.nautilus_trading::strategy: DataActor-140724825183112 <--[EVT] PositionOpened(PositionOpened { trader_id: "TRADER-001", strategy_id: "DataActor-140724825183112", instrument_id: "XRPUSDT-PERP.BINANCE", position_id: "P-20260106-003500-001-140724825183112-4", account_id: "BINANCE-001", opening_order_id: "O-20260106-003500-001-140724825183112-11", entry: Buy, side: Long, signed_qty: 300501.60000000003, quantity: Quantity(300501.6), last_qty: Quantity(300501.6), last_px: Price(2.3443), currency: Currency(code='USDT', precision=8, iso4217=0, name='Tether', currency_type=CRYPTO), avg_px_open: 2.3443, event_id: UUID4(54ed0bdd-0346-450d-ba01-7e89d1c5646f), ts_event: UnixNanos(1767659700000000000), ts_init: UnixNanos(1767659700000000000) })[0m
[1m2026-01-06T00:35:00.000000000Z[0m [INFO] TRADER-001.nautilus_portfolio::manager: XRPUSDT-PERP.BINANCE margin_init=0.00000000 USDT[0m
[1m2026-01-06T00:35:00.000000000Z[0m [INFO] TRADER-001.nautilus_portfolio::portfolio: Updated AccountState(account_id=BINANCE-001, account_type=MARGIN, base_currency=USDT, is_reported=false, balances=[AccountBalance(total=102376.12112250 USDT, locked=2817.86360352 USDT, free=99558.25751898 USDT)], margins=[MarginBalance(initial=0.00000000 USDT, maintenance=2817.86360352 USDT, instrument_id=XRPUSDT-PERP.BINANCE)], event_id=c8358304-8697-43d2-90ee-9277daaa4c54)[0m
[1m2026-01-06T00:35:00.000000000Z[0m [INFO] TRADER-001.nautilus_trading::strategy: DataActor-140724825183112 <--[EVT] OrderAccepted(instrument_id=XRPUSDT-PERP.BINANCE, client_order_id=O-20260106-003500-001-140724825183112-12, venue_order_id=BINANCE-4-6, account_id=BINANCE-001, ts_event=1767659700000000000)[0m
[1m2026-01-06T00:35:00.000000000Z[0m [INFO] TRADER-001.nautilus_portfolio::manager: XRPUSDT-PERP.BINANCE margin_init=0.00000000 USDT[0m
[1m2026-01-06T00:35:00.000000000Z[0m [INFO] TRADER-001.nautilus_portfolio::portfolio: Updated AccountState(account_id=BINANCE-001, account_type=MARGIN, base_currency=USDT, is_reported=false, balances=[AccountBalance(total=102376.12112250 USDT, locked=2817.86360352 USDT, free=99558.25751898 USDT)], margins=[MarginBalance(initial=0.00000000 USDT, maintenance=2817.86360352 USDT, instrument_id=XRPUSDT-PERP.BINANCE)], event_id=e56532cc-6560-4d47-a463-449f70596a0b)[0m
[1m2026-01-06T00:35:00.000000000Z[0m [INFO] TRADER-001.nautilus_trading::strategy: DataActor-140724825183112 <--[EVT] OrderAccepted(instrument_id=XRPUSDT-PERP.BINANCE, client_order_id=O-20260106-003500-001-140724825183112-13, venue_order_id=BINANCE-4-7, account_id=BINANCE-001, ts_event=1767659700000000000)[0m
[1m2026-01-06T00:35:00.000000000Z[0m [94m[INFO] TRADER-001.nautilus_execution::engine: Cancel all orders[0m
[1m2026-01-06T00:35:00.000000000Z[0m [INFO] TRADER-001.nautilus_portfolio::manager: XRPUSDT-PERP.BINANCE margin_init=0.00000000 USDT[0m
[1m2026-01-06T00:35:00.000000000Z[0m [INFO] TRADER-001.nautilus_portfolio::portfolio: Updated AccountState(account_id=BINANCE-001, account_type=MARGIN, base_currency=USDT, is_reported=false, balances=[AccountBalance(total=102376.12112250 USDT, locked=2817.86360352 USDT, free=99558.25751898 USDT)], margins=[MarginBalance(initial=0.00000000 USDT, maintenance=2817.86360352 USDT, instrument_id=XRPUSDT-PERP.BINANCE)], event_id=8a1e8583-df30-45c8-9650-0a719ee24e1c)[0m
[1m2026-01-06T00:35:00.000000000Z[0m [INFO] TRADER-001.nautilus_trading::strategy: DataActor-140724825183112 <--[EVT] OrderCanceled(instrument_id=XRPUSDT-PERP.BINANCE, client_order_id=O-20260106-003500-001-140724825183112-12, venue_order_id=BINANCE-4-6, account_id=BINANCE-001, ts_event=1767659700000000000)[0m
[1m2026-01-06T00:35:00.000000000Z[0m [INFO] TRADER-001.nautilus_portfolio::manager: XRPUSDT-PERP.BINANCE margin_init=0.00000000 USDT[0m
[1m2026-01-06T00:35:00.000000000Z[0m [INFO] TRADER-001.nautilus_portfolio::portfolio: Updated AccountState(account_id=BINANCE-001, account_type=MARGIN, base_currency=USDT, is_reported=false, balances=[AccountBalance(total=102376.12112250 USDT, locked=2817.86360352 USDT, free=99558.25751898 USDT)], margins=[MarginBalance(initial=0.00000000 USDT, maintenance=2817.86360352 USDT, instrument_id=XRPUSDT-PERP.BINANCE)], event_id=d093fb7e-20bd-48f3-a794-986dcdcb49a0)[0m
[1m2026-01-06T00:35:00.000000000Z[0m [INFO] TRADER-001.nautilus_trading::strategy: DataActor-140724825183112 <--[EVT] OrderCanceled(instrument_id=XRPUSDT-PERP.BINANCE, client_order_id=O-20260106-003500-001-140724825183112-13, venue_order_id=BINANCE-4-7, account_id=BINANCE-001, ts_event=1767659700000000000)[0m
[1m2026-01-06T00:35:00.000000000Z[0m [1;33m[WARN] TRADER-001.nautilus_common::cache: Cannot calculate unrealized PnL for P-20260106-003500-001-140724825183112-4, no quotes for XRPUSDT-PERP.BINANCE[0m
[1m2026-01-06T00:35:10.000000000Z[0m [INFO] TRADER-001.nautilus_trading::strategy: No XRPUSDT-PERP.BINANCE open, emulated, or inflight orders to cancel[0m
[1m2026-01-06T00:35:10.000000000Z[0m [INFO] TRADER-001.nautilus_trading::strategy: Closing 1 open position[0m
[1m2026-01-06T00:35:10.000000000Z[0m [INFO] TRADER-001.nautilus_trading::strategy: DataActor-140724825183112 <--[EVT] OrderInitialized(instrument_id=XRPUSDT-PERP.BINANCE, client_order_id=O-20260106-003510-001-140724825183112-14, side=SELL, type=MARKET, quantity=300501.6, time_in_force=GTC, post_only=false, reduce_only=true, quote_quantity=false, price=None, emulation_trigger=None, trigger_instrument_id=None, contingency_type=NO_CONTINGENCY, order_list_id=None, linked_order_ids=[None], parent_order_id=None, exec_algorithm_id=None, exec_algorithm_params=None, exec_spawn_id=None, tags=None)[0m
[1m2026-01-06T00:35:10.000000000Z[0m [INFO] TRADER-001.nautilus_trading::strategy: DataActor-140724825183112 [CMD]--> SubmitOrder[0m
[1m2026-01-06T00:35:10.000000000Z[0m [94m[INFO] TRADER-001.nautilus_execution::engine: Submit MarketOrder(SELL 300_501.6 XRPUSDT-PERP.BINANCE @ MARKET GTC, status=INITIALIZED, client_order_id=O-20260106-003510-001-140724825183112-14, venue_order_id=None, position_id=None, exec_algorithm_id=None, exec_spawn_id=None, tags=None)[0m
[1m2026-01-06T00:35:10.000000000Z[0m [INFO] TRADER-001.nautilus_trading::strategy: DataActor-140724825183112 <--[EVT] OrderSubmitted(instrument_id=XRPUSDT-PERP.BINANCE, client_order_id=O-20260106-003510-001-140724825183112-14, account_id=BINANCE-001, ts_event=1767659710000000000)[0m
[1m2026-01-06T00:35:10.000000000Z[0m [INFO] TRADER-001.nautilus_portfolio::manager: XRPUSDT-PERP.BINANCE margin_init=0.00000000 USDT[0m
[1m2026-01-06T00:35:10.000000000Z[0m [INFO] TRADER-001.nautilus_trading::strategy: DataActor-140724825183112 <--[EVT] OrderFilled(instrument_id=XRPUSDT-PERP.BINANCE, client_order_id=O-20260106-003510-001-140724825183112-14, venue_order_id=BINANCE-4-8, account_id=BINANCE-001, trade_id=T-863073181935ce0c-25828, position_id=P-20260106-003500-001-140724825183112-4, order_side=SELL, order_type=MARKET, last_qty=300_501.6, last_px=2.3439 USDT, commission=422.60742014 USDT, liquidity_side=TAKER, ts_event=1767659710000000000)[0m
[1m2026-01-06T00:35:10.000000000Z[0m [INFO] TRADER-001.nautilus_portfolio::portfolio: XRPUSDT-PERP.BINANCE net_position=0[0m
[1m2026-01-06T00:35:10.000000000Z[0m [INFO] TRADER-001.nautilus_portfolio::manager: XRPUSDT-PERP.BINANCE margin_maint=0.00000000 USDT[0m
[1m2026-01-06T00:35:10.000000000Z[0m [INFO] TRADER-001.nautilus_portfolio::portfolio: Updated AccountState(account_id=BINANCE-001, account_type=MARGIN, base_currency=USDT, is_reported=false, balances=[AccountBalance(total=101833.31306236 USDT, locked=0.00000000 USDT, free=101833.31306236 USDT)], margins=[], event_id=9f4c54ff-62d5-4f6c-9feb-a1f6012d8ebb)[0m
[1m2026-01-06T00:35:10.000000000Z[0m [INFO] TRADER-001.nautilus_trading::strategy: DataActor-140724825183112 <--[EVT] PositionClosed(PositionClosed { trader_id: "TRADER-001", strategy_id: "DataActor-140724825183112", instrument_id: "XRPUSDT-PERP.BINANCE", position_id: "P-20260106-003500-001-140724825183112-4", account_id: "BINANCE-001", opening_order_id: "O-20260106-003500-001-140724825183112-11", closing_order_id: Some("O-20260106-003510-001-140724825183112-14"), entry: Buy, side: Flat, signed_qty: 0.0, quantity: Quantity(0.0), peak_quantity: Quantity(300501.6), last_qty: Quantity(300501.6), last_px: Price(2.3439), currency: Currency(code='USDT', precision=8, iso4217=0, name='Tether', currency_type=CRYPTO), avg_px_open: 2.3443, avg_px_close: Some(2.3439), realized_return: -0.00017062662628501297, realized_pnl: Some(Money(-965.48760067, USDT)), unrealized_pnl: Money(0.00000000, USDT), duration: 10000000000, event_id: UUID4(f6823667-fefb-472e-bb59-7fafc8b9ea1a), ts_opened: UnixNanos(1767659700000000000), ts_closed: Some(UnixNanos(1767659710000000000)), ts_event: UnixNanos(1767659710000000000), ts_init: UnixNanos(1767659710000000000) })[0m
[1m2026-01-06T08:35:00.000000000Z[0m [INFO] TRADER-001.nautilus_trading::strategy: DataActor-140724825183112 <--[EVT] OrderInitialized(instrument_id=ETHUSDT-PERP.BINANCE, client_order_id=O-20260106-083500-001-140724825183112-15, side=BUY, type=MARKET, quantity=321.655, time_in_force=GTC, post_only=false, reduce_only=false, quote_quantity=false, price=None, emulation_trigger=None, trigger_instrument_id=None, contingency_type=OTO, order_list_id=OL-20260106-083500-001-140724825183112-5, linked_order_ids=[O-20260106-083500-001-140724825183112-16, O-20260106-083500-001-140724825183112-17], parent_order_id=None, exec_algorithm_id=None, exec_algorithm_params=None, exec_spawn_id=None, tags=opening-pullback-direct-diagnostic-ethusdt-london-2026-01-06-00049, BREAKOUT_ACCEPTANCE_CONTINUATION, LONG, TEN_SECOND_MARKET_ENTRY)[0m
[1m2026-01-06T08:35:00.000000000Z[0m [INFO] TRADER-001.nautilus_trading::strategy: DataActor-140724825183112 <--[EVT] OrderInitialized(instrument_id=ETHUSDT-PERP.BINANCE, client_order_id=O-20260106-083500-001-140724825183112-16, side=SELL, type=STOP_MARKET, quantity=321.655, time_in_force=GTC, post_only=false, reduce_only=true, quote_quantity=false, price=None, emulation_trigger=None, trigger_instrument_id=None, contingency_type=OUO, order_list_id=OL-20260106-083500-001-140724825183112-5, linked_order_ids=[O-20260106-083500-001-140724825183112-17], parent_order_id=O-20260106-083500-001-140724825183112-15, exec_algorithm_id=None, exec_algorithm_params=None, exec_spawn_id=None, tags=opening-pullback-direct-diagnostic-ethusdt-london-2026-01-06-00049, OBSERVED_RETEST_INVALIDATION)[0m
[1m2026-01-06T08:35:00.000000000Z[0m [INFO] TRADER-001.nautilus_trading::strategy: DataActor-140724825183112 <--[EVT] OrderInitialized(instrument_id=ETHUSDT-PERP.BINANCE, client_order_id=O-20260106-083500-001-140724825183112-17, side=SELL, type=LIMIT, quantity=321.655, time_in_force=GTC, post_only=false, reduce_only=true, quote_quantity=false, price=3244.38, emulation_trigger=None, trigger_instrument_id=None, contingency_type=OUO, order_list_id=OL-20260106-083500-001-140724825183112-5, linked_order_ids=[O-20260106-083500-001-140724825183112-16], parent_order_id=O-20260106-083500-001-140724825183112-15, exec_algorithm_id=None, exec_algorithm_params=None, exec_spawn_id=None, tags=opening-pullback-direct-diagnostic-ethusdt-london-2026-01-06-00049, ACTIVE_COMPLETED_EXTERNAL_TARGET)[0m
[1m2026-01-06T08:35:00.000000000Z[0m [INFO] TRADER-001.nautilus_trading::strategy: DataActor-140724825183112 [CMD]--> SubmitOrderList[0m
[1m2026-01-06T08:35:00.000000000Z[0m [94m[INFO] TRADER-001.nautilus_execution::engine: Submit OrderList(id=OL-20260106-083500-001-140724825183112-5, instrument_id=ETHUSDT-PERP.BINANCE, strategy_id=DataActor-140724825183112, client_order_ids=["O-20260106-083500-001-140724825183112-15", "O-20260106-083500-001-140724825183112-16", "O-20260106-083500-001-140724825183112-17"], ts_init=1767688500000000000)[0m
[1m2026-01-06T08:35:00.000000000Z[0m [INFO] TRADER-001.nautilus_trading::strategy: DataActor-140724825183112 <--[EVT] OrderSubmitted(instrument_id=ETHUSDT-PERP.BINANCE, client_order_id=O-20260106-083500-001-140724825183112-15, account_id=BINANCE-001, ts_event=1767688500000000000)[0m
[1m2026-01-06T08:35:00.000000000Z[0m [INFO] TRADER-001.nautilus_trading::strategy: DataActor-140724825183112 <--[EVT] OrderSubmitted(instrument_id=ETHUSDT-PERP.BINANCE, client_order_id=O-20260106-083500-001-140724825183112-16, account_id=BINANCE-001, ts_event=1767688500000000000)[0m
[1m2026-01-06T08:35:00.000000000Z[0m [INFO] TRADER-001.nautilus_trading::strategy: DataActor-140724825183112 <--[EVT] OrderSubmitted(instrument_id=ETHUSDT-PERP.BINANCE, client_order_id=O-20260106-083500-001-140724825183112-17, account_id=BINANCE-001, ts_event=1767688500000000000)[0m
[1m2026-01-06T08:35:00.000000000Z[0m [INFO] TRADER-001.nautilus_portfolio::manager: ETHUSDT-PERP.BINANCE margin_init=0.00000000 USDT[0m
[1m2026-01-06T08:35:00.000000000Z[0m [INFO] TRADER-001.nautilus_trading::strategy: DataActor-140724825183112 <--[EVT] OrderFilled(instrument_id=ETHUSDT-PERP.BINANCE, client_order_id=O-20260106-083500-001-140724825183112-15, venue_order_id=BINANCE-2-4, account_id=BINANCE-001, trade_id=T-180b4f61e609f74c-32828, position_id=P-20260106-083500-001-140724825183112-5, order_side=BUY, order_type=MARKET, last_qty=321.655, last_px=3_216.89 USDT, commission=620.83725177 USDT, liquidity_side=TAKER, ts_event=1767688500000000000)[0m
[1m2026-01-06T08:35:00.000000000Z[0m [INFO] TRADER-001.nautilus_portfolio::portfolio: ETHUSDT-PERP.BINANCE net_position=321.655[0m
[1m2026-01-06T08:35:00.000000000Z[0m [INFO] TRADER-001.nautilus_portfolio::manager: ETHUSDT-PERP.BINANCE margin_maint=4138.91501180 USDT[0m
[1m2026-01-06T08:35:00.000000000Z[0m [INFO] TRADER-001.nautilus_portfolio::portfolio: Updated AccountState(account_id=BINANCE-001, account_type=MARGIN, base_currency=USDT, is_reported=false, balances=[AccountBalance(total=101212.47581059 USDT, locked=4138.91501180 USDT, free=97073.56079879 USDT)], margins=[MarginBalance(initial=0.00000000 USDT, maintenance=4138.91501180 USDT, instrument_id=ETHUSDT-PERP.BINANCE)], event_id=d4ae4bd6-bcb7-4fad-b66c-2ccdb2378957)[0m
[1m2026-01-06T08:35:00.000000000Z[0m [INFO] TRADER-001.nautilus_trading::strategy: DataActor-140724825183112 <--[EVT] PositionOpened(PositionOpened { trader_id: "TRADER-001", strategy_id: "DataActor-140724825183112", instrument_id: "ETHUSDT-PERP.BINANCE", position_id: "P-20260106-083500-001-140724825183112-5", account_id: "BINANCE-001", opening_order_id: "O-20260106-083500-001-140724825183112-15", entry: Buy, side: Long, signed_qty: 321.655, quantity: Quantity(321.655), last_qty: Quantity(321.655), last_px: Price(3216.89), currency: Currency(code='USDT', precision=8, iso4217=0, name='Tether', currency_type=CRYPTO), avg_px_open: 3216.89, event_id: UUID4(94270804-219a-4be8-bdda-1ee060095f8f), ts_event: UnixNanos(1767688500000000000), ts_init: UnixNanos(1767688500000000000) })[0m
[1m2026-01-06T08:35:00.000000000Z[0m [INFO] TRADER-001.nautilus_portfolio::manager: ETHUSDT-PERP.BINANCE margin_init=0.00000000 USDT[0m
[1m2026-01-06T08:35:00.000000000Z[0m [INFO] TRADER-001.nautilus_portfolio::portfolio: Updated AccountState(account_id=BINANCE-001, account_type=MARGIN, base_currency=USDT, is_reported=false, balances=[AccountBalance(total=101212.47581059 USDT, locked=4138.91501180 USDT, free=97073.56079879 USDT)], margins=[MarginBalance(initial=0.00000000 USDT, maintenance=4138.91501180 USDT, instrument_id=ETHUSDT-PERP.BINANCE)], event_id=b65cdb32-7c91-4641-a29c-7cc22df1aaec)[0m
[1m2026-01-06T08:35:00.000000000Z[0m [INFO] TRADER-001.nautilus_trading::strategy: DataActor-140724825183112 <--[EVT] OrderAccepted(instrument_id=ETHUSDT-PERP.BINANCE, client_order_id=O-20260106-083500-001-140724825183112-16, venue_order_id=BINANCE-2-5, account_id=BINANCE-001, ts_event=1767688500000000000)[0m
[1m2026-01-06T08:35:00.000000000Z[0m [INFO] TRADER-001.nautilus_portfolio::manager: ETHUSDT-PERP.BINANCE margin_init=0.00000000 USDT[0m
[1m2026-01-06T08:35:00.000000000Z[0m [INFO] TRADER-001.nautilus_portfolio::portfolio: Updated AccountState(account_id=BINANCE-001, account_type=MARGIN, base_currency=USDT, is_reported=false, balances=[AccountBalance(total=101212.47581059 USDT, locked=4138.91501180 USDT, free=97073.56079879 USDT)], margins=[MarginBalance(initial=0.00000000 USDT, maintenance=4138.91501180 USDT, instrument_id=ETHUSDT-PERP.BINANCE)], event_id=7d212e75-a33a-4f94-82cc-da018c9e8b9b)[0m
[1m2026-01-06T08:35:00.000000000Z[0m [INFO] TRADER-001.nautilus_trading::strategy: DataActor-140724825183112 <--[EVT] OrderAccepted(instrument_id=ETHUSDT-PERP.BINANCE, client_order_id=O-20260106-083500-001-140724825183112-17, venue_order_id=BINANCE-2-6, account_id=BINANCE-001, ts_event=1767688500000000000)[0m
[1m2026-01-06T08:35:00.000000000Z[0m [1;33m[WARN] TRADER-001.nautilus_common::cache: Cannot calculate unrealized PnL for P-20260106-083500-001-140724825183112-5, no quotes for ETHUSDT-PERP.BINANCE[0m
[1m2026-01-06T08:35:10.000000000Z[0m [1;33m[WARN] TRADER-001.nautilus_common::cache: Cannot calculate unrealized PnL for P-20260106-083500-001-140724825183112-5, no quotes for ETHUSDT-PERP.BINANCE[0m
[1m2026-01-06T08:35:20.000000000Z[0m [1;33m[WARN] TRADER-001.nautilus_common::cache: Cannot calculate unrealized PnL for P-20260106-083500-001-140724825183112-5, no quotes for ETHUSDT-PERP.BINANCE[0m
[1m2026-01-06T08:35:30.000000000Z[0m [1;33m[WARN] TRADER-001.nautilus_common::cache: Cannot calculate unrealized PnL for P-20260106-083500-001-140724825183112-5, no quotes for ETHUSDT-PERP.BINANCE[0m
[1m2026-01-06T08:35:40.000000000Z[0m [1;33m[WARN] TRADER-001.nautilus_common::cache: Cannot calculate unrealized PnL for P-20260106-083500-001-140724825183112-5, no quotes for ETHUSDT-PERP.BINANCE[0m
[1m2026-01-06T08:35:50.000000000Z[0m [1;33m[WARN] TRADER-001.nautilus_common::cache: Cannot calculate unrealized PnL for P-20260106-083500-001-140724825183112-5, no quotes for ETHUSDT-PERP.BINANCE[0m
[1m2026-01-06T08:35:59.999000000Z[0m [1;33m[WARN] TRADER-001.nautilus_common::cache: Cannot calculate unrealized PnL for P-20260106-083500-001-140724825183112-5, no quotes for ETHUSDT-PERP.BINANCE[0m
[1m2026-01-06T08:36:00.000000000Z[0m [1;33m[WARN] TRADER-001.nautilus_common::cache: Cannot calculate unrealized PnL for P-20260106-083500-001-140724825183112-5, no quotes for ETHUSDT-PERP.BINANCE[0m
[1m2026-01-06T08:36:10.000000000Z[0m [1;33m[WARN] TRADER-001.nautilus_common::cache: Cannot calculate unrealized PnL for P-20260106-083500-001-140724825183112-5, no quotes for ETHUSDT-PERP.BINANCE[0m
[1m2026-01-06T08:36:20.000000000Z[0m [1;33m[WARN] TRADER-001.nautilus_common::cache: Cannot calculate unrealized PnL for P-20260106-083500-001-140724825183112-5, no quotes for ETHUSDT-PERP.BINANCE[0m
[1m2026-01-06T08:36:30.000000000Z[0m [1;33m[WARN] TRADER-001.nautilus_common::cache: Cannot calculate unrealized PnL for P-20260106-083500-001-140724825183112-5, no quotes for ETHUSDT-PERP.BINANCE[0m
[1m2026-01-06T08:36:40.000000000Z[0m [1;33m[WARN] TRADER-001.nautilus_common::cache: Cannot calculate unrealized PnL for P-20260106-083500-001-140724825183112-5, no quotes for ETHUSDT-PERP.BINANCE[0m
[1m2026-01-06T08:36:50.000000000Z[0m [1;33m[WARN] TRADER-001.nautilus_common::cache: Cannot calculate unrealized PnL for P-20260106-083500-001-140724825183112-5, no quotes for ETHUSDT-PERP.BINANCE[0m
[1m2026-01-06T08:36:59.999000000Z[0m [1;33m[WARN] TRADER-001.nautilus_common::cache: Cannot calculate unrealized PnL for P-20260106-083500-001-140724825183112-5, no quotes for ETHUSDT-PERP.BINANCE[0m
[1m2026-01-06T08:37:00.000000000Z[0m [1;33m[WARN] TRADER-001.nautilus_common::cache: Cannot calculate unrealized PnL for P-20260106-083500-001-140724825183112-5, no quotes for ETHUSDT-PERP.BINANCE[0m
[1m2026-01-06T08:37:10.000000000Z[0m [1;33m[WARN] TRADER-001.nautilus_common::cache: Cannot calculate unrealized PnL for P-20260106-083500-001-140724825183112-5, no quotes for ETHUSDT-PERP.BINANCE[0m
[1m2026-01-06T08:37:20.000000000Z[0m [1;33m[WARN] TRADER-001.nautilus_common::cache: Cannot calculate unrealized PnL for P-20260106-083500-001-140724825183112-5, no quotes for ETHUSDT-PERP.BINANCE[0m
[1m2026-01-06T08:37:30.000000000Z[0m [1;33m[WARN] TRADER-001.nautilus_common::cache: Cannot calculate unrealized PnL for P-20260106-083500-001-140724825183112-5, no quotes for ETHUSDT-PERP.BINANCE[0m
[1m2026-01-06T08:37:40.000000000Z[0m [1;33m[WARN] TRADER-001.nautilus_common::cache: Cannot calculate unrealized PnL for P-20260106-083500-001-140724825183112-5, no quotes for ETHUSDT-PERP.BINANCE[0m
[1m2026-01-06T08:37:50.000000000Z[0m [1;33m[WARN] TRADER-001.nautilus_common::cache: Cannot calculate unrealized PnL for P-20260106-083500-001-140724825183112-5, no quotes for ETHUSDT-PERP.BINANCE[0m
[1m2026-01-06T08:37:59.999000000Z[0m [1;33m[WARN] TRADER-001.nautilus_common::cache: Cannot calculate unrealized PnL for P-20260106-083500-001-140724825183112-5, no quotes for ETHUSDT-PERP.BINANCE[0m
[1m2026-01-06T08:38:00.000000000Z[0m [1;33m[WARN] TRADER-001.nautilus_common::cache: Cannot calculate unrealized PnL for P-20260106-083500-001-140724825183112-5, no quotes for ETHUSDT-PERP.BINANCE[0m
[1m2026-01-06T08:38:10.000000000Z[0m [1;33m[WARN] TRADER-001.nautilus_common::cache: Cannot calculate unrealized PnL for P-20260106-083500-001-140724825183112-5, no quotes for ETHUSDT-PERP.BINANCE[0m
[1m2026-01-06T08:38:20.000000000Z[0m [1;33m[WARN] TRADER-001.nautilus_common::cache: Cannot calculate unrealized PnL for P-20260106-083500-001-140724825183112-5, no quotes for ETHUSDT-PERP.BINANCE[0m
[1m2026-01-06T08:38:30.000000000Z[0m [1;33m[WARN] TRADER-001.nautilus_common::cache: Cannot calculate unrealized PnL for P-20260106-083500-001-140724825183112-5, no quotes for ETHUSDT-PERP.BINANCE[0m
[1m2026-01-06T08:38:40.000000000Z[0m [1;33m[WARN] TRADER-001.nautilus_common::cache: Cannot calculate unrealized PnL for P-20260106-083500-001-140724825183112-5, no quotes for ETHUSDT-PERP.BINANCE[0m
[1m2026-01-06T08:38:50.000000000Z[0m [1;33m[WARN] TRADER-001.nautilus_common::cache: Cannot calculate unrealized PnL for P-20260106-083500-001-140724825183112-5, no quotes for ETHUSDT-PERP.BINANCE[0m
[1m2026-01-06T08:38:59.999000000Z[0m [1;33m[WARN] TRADER-001.nautilus_common::cache: Cannot calculate unrealized PnL for P-20260106-083500-001-140724825183112-5, no quotes for ETHUSDT-PERP.BINANCE[0m
[1m2026-01-06T08:39:00.000000000Z[0m [1;33m[WARN] TRADER-001.nautilus_common::cache: Cannot calculate unrealized PnL for P-20260106-083500-001-140724825183112-5, no quotes for ETHUSDT-PERP.BINANCE[0m
[1m2026-01-06T08:39:10.000000000Z[0m [1;33m[WARN] TRADER-001.nautilus_common::cache: Cannot calculate unrealized PnL for P-20260106-083500-001-140724825183112-5, no quotes for ETHUSDT-PERP.BINANCE[0m
[1m2026-01-06T08:39:20.000000000Z[0m [1;33m[WARN] TRADER-001.nautilus_common::cache: Cannot calculate unrealized PnL for P-20260106-083500-001-140724825183112-5, no quotes for ETHUSDT-PERP.BINANCE[0m
[1m2026-01-06T08:39:30.000000000Z[0m [1;33m[WARN] TRADER-001.nautilus_common::cache: Cannot calculate unrealized PnL for P-20260106-083500-001-140724825183112-5, no quotes for ETHUSDT-PERP.BINANCE[0m
[1m2026-01-06T08:39:40.000000000Z[0m [1;33m[WARN] TRADER-001.nautilus_common::cache: Cannot calculate unrealized PnL for P-20260106-083500-001-140724825183112-5, no quotes for ETHUSDT-PERP.BINANCE[0m
[1m2026-01-06T08:39:50.000000000Z[0m [1;33m[WARN] TRADER-001.nautilus_common::cache: Cannot calculate unrealized PnL for P-20260106-083500-001-140724825183112-5, no quotes for ETHUSDT-PERP.BINANCE[0m
[1m2026-01-06T08:39:59.999000000Z[0m [1;33m[WARN] TRADER-001.nautilus_common::cache: Cannot calculate unrealized PnL for P-20260106-083500-001-140724825183112-5, no quotes for ETHUSDT-PERP.BINANCE[0m
[1m2026-01-06T08:40:00.000000000Z[0m [1;33m[WARN] TRADER-001.nautilus_common::cache: Cannot calculate unrealized PnL for P-20260106-083500-001-140724825183112-5, no quotes for ETHUSDT-PERP.BINANCE[0m
[1m2026-01-06T08:40:10.000000000Z[0m [1;33m[WARN] TRADER-001.nautilus_common::cache: Cannot calculate unrealized PnL for P-20260106-083500-001-140724825183112-5, no quotes for ETHUSDT-PERP.BINANCE[0m
[1m2026-01-06T08:40:20.000000000Z[0m [1;33m[WARN] TRADER-001.nautilus_common::cache: Cannot calculate unrealized PnL for P-20260106-083500-001-140724825183112-5, no quotes for ETHUSDT-PERP.BINANCE[0m
[1m2026-01-06T08:40:30.000000000Z[0m [1;33m[WARN] TRADER-001.nautilus_common::cache: Cannot calculate unrealized PnL for P-20260106-083500-001-140724825183112-5, no quotes for ETHUSDT-PERP.BINANCE[0m
[1m2026-01-06T08:40:40.000000000Z[0m [1;33m[WARN] TRADER-001.nautilus_common::cache: Cannot calculate unrealized PnL for P-20260106-083500-001-140724825183112-5, no quotes for ETHUSDT-PERP.BINANCE[0m
[1m2026-01-06T08:40:50.000000000Z[0m [1;33m[WARN] TRADER-001.nautilus_common::cache: Cannot calculate unrealized PnL for P-20260106-083500-001-140724825183112-5, no quotes for ETHUSDT-PERP.BINANCE[0m
[1m2026-01-06T08:40:59.999000000Z[0m [1;33m[WARN] TRADER-001.nautilus_common::cache: Cannot calculate unrealized PnL for P-20260106-083500-001-140724825183112-5, no quotes for ETHUSDT-PERP.BINANCE[0m
[1m2026-01-06T08:41:00.000000000Z[0m [1;33m[WARN] TRADER-001.nautilus_common::cache: Cannot calculate unrealized PnL for P-20260106-083500-001-140724825183112-5, no quotes for ETHUSDT-PERP.BINANCE[0m
[1m2026-01-06T08:41:10.000000000Z[0m [1;33m[WARN] TRADER-001.nautilus_common::cache: Cannot calculate unrealized PnL for P-20260106-083500-001-140724825183112-5, no quotes for ETHUSDT-PERP.BINANCE[0m
[1m2026-01-06T08:41:20.000000000Z[0m [1;33m[WARN] TRADER-001.nautilus_common::cache: Cannot calculate unrealized PnL for P-20260106-083500-001-140724825183112-5, no quotes for ETHUSDT-PERP.BINANCE[0m
[1m2026-01-06T08:41:30.000000000Z[0m [1;33m[WARN] TRADER-001.nautilus_common::cache: Cannot calculate unrealized PnL for P-20260106-083500-001-140724825183112-5, no quotes for ETHUSDT-PERP.BINANCE[0m
[1m2026-01-06T08:41:40.000000000Z[0m [1;33m[WARN] TRADER-001.nautilus_common::cache: Cannot calculate unrealized PnL for P-20260106-083500-001-140724825183112-5, no quotes for ETHUSDT-PERP.BINANCE[0m
[1m2026-01-06T08:41:50.000000000Z[0m [1;33m[WARN] TRADER-001.nautilus_common::cache: Cannot calculate unrealized PnL for P-20260106-083500-001-140724825183112-5, no quotes for ETHUSDT-PERP.BINANCE[0m
[1m2026-01-06T08:41:59.999000000Z[0m [1;33m[WARN] TRADER-001.nautilus_common::cache: Cannot calculate unrealized PnL for P-20260106-083500-001-140724825183112-5, no quotes for ETHUSDT-PERP.BINANCE[0m
[1m2026-01-06T08:42:00.000000000Z[0m [1;33m[WARN] TRADER-001.nautilus_common::cache: Cannot calculate unrealized PnL for P-20260106-083500-001-140724825183112-5, no quotes for ETHUSDT-PERP.BINANCE[0m
[1m2026-01-06T08:42:10.000000000Z[0m [1;33m[WARN] TRADER-001.nautilus_common::cache: Cannot calculate unrealized PnL for P-20260106-083500-001-140724825183112-5, no quotes for ETHUSDT-PERP.BINANCE[0m
[1m2026-01-06T08:42:20.000000000Z[0m [1;33m[WARN] TRADER-001.nautilus_common::cache: Cannot calculate unrealized PnL for P-20260106-083500-001-140724825183112-5, no quotes for ETHUSDT-PERP.BINANCE[0m
[1m2026-01-06T08:42:30.000000000Z[0m [1;33m[WARN] TRADER-001.nautilus_common::cache: Cannot calculate unrealized PnL for P-20260106-083500-001-140724825183112-5, no quotes for ETHUSDT-PERP.BINANCE[0m
[1m2026-01-06T08:42:40.000000000Z[0m [1;33m[WARN] TRADER-001.nautilus_common::cache: Cannot calculate unrealized PnL for P-20260106-083500-001-140724825183112-5, no quotes for ETHUSDT-PERP.BINANCE[0m
[1m2026-01-06T08:42:50.000000000Z[0m [1;33m[WARN] TRADER-001.nautilus_common::cache: Cannot calculate unrealized PnL for P-20260106-083500-001-140724825183112-5, no quotes for ETHUSDT-PERP.BINANCE[0m
[1m2026-01-06T08:42:59.999000000Z[0m [1;33m[WARN] TRADER-001.nautilus_common::cache: Cannot calculate unrealized PnL for P-20260106-083500-001-140724825183112-5, no quotes for ETHUSDT-PERP.BINANCE[0m
[1m2026-01-06T08:43:00.000000000Z[0m [1;33m[WARN] TRADER-001.nautilus_common::cache: Cannot calculate unrealized PnL for P-20260106-083500-001-140724825183112-5, no quotes for ETHUSDT-PERP.BINANCE[0m
[1m2026-01-06T08:43:10.000000000Z[0m [1;33m[WARN] TRADER-001.nautilus_common::cache: Cannot calculate unrealized PnL for P-20260106-083500-001-140724825183112-5, no quotes for ETHUSDT-PERP.BINANCE[0m
[1m2026-01-06T08:43:20.000000000Z[0m [1;33m[WARN] TRADER-001.nautilus_common::cache: Cannot calculate unrealized PnL for P-20260106-083500-001-140724825183112-5, no quotes for ETHUSDT-PERP.BINANCE[0m
[1m2026-01-06T08:43:30.000000000Z[0m [1;33m[WARN] TRADER-001.nautilus_common::cache: Cannot calculate unrealized PnL for P-20260106-083500-001-140724825183112-5, no quotes for ETHUSDT-PERP.BINANCE[0m
[1m2026-01-06T08:43:40.000000000Z[0m [1;33m[WARN] TRADER-001.nautilus_common::cache: Cannot calculate unrealized PnL for P-20260106-083500-001-140724825183112-5, no quotes for ETHUSDT-PERP.BINANCE[0m
[1m2026-01-06T08:43:50.000000000Z[0m [1;33m[WARN] TRADER-001.nautilus_common::cache: Cannot calculate unrealized PnL for P-20260106-083500-001-140724825183112-5, no quotes for ETHUSDT-PERP.BINANCE[0m
[1m2026-01-06T08:43:59.999000000Z[0m [1;33m[WARN] TRADER-001.nautilus_common::cache: Cannot calculate unrealized PnL for P-20260106-083500-001-140724825183112-5, no quotes for ETHUSDT-PERP.BINANCE[0m
[1m2026-01-06T08:44:00.000000000Z[0m [1;33m[WARN] TRADER-001.nautilus_common::cache: Cannot calculate unrealized PnL for P-20260106-083500-001-140724825183112-5, no quotes for ETHUSDT-PERP.BINANCE[0m
[1m2026-01-06T08:44:10.000000000Z[0m [1;33m[WARN] TRADER-001.nautilus_common::cache: Cannot calculate unrealized PnL for P-20260106-083500-001-140724825183112-5, no quotes for ETHUSDT-PERP.BINANCE[0m
[1m2026-01-06T08:44:20.000000000Z[0m [1;33m[WARN] TRADER-001.nautilus_common::cache: Cannot calculate unrealized PnL for P-20260106-083500-001-140724825183112-5, no quotes for ETHUSDT-PERP.BINANCE[0m
[1m2026-01-06T08:44:30.000000000Z[0m [1;33m[WARN] TRADER-001.nautilus_common::cache: Cannot calculate unrealized PnL for P-20260106-083500-001-140724825183112-5, no quotes for ETHUSDT-PERP.BINANCE[0m
[1m2026-01-06T08:44:40.000000000Z[0m [1;33m[WARN] TRADER-001.nautilus_common::cache: Cannot calculate unrealized PnL for P-20260106-083500-001-140724825183112-5, no quotes for ETHUSDT-PERP.BINANCE[0m
[1m2026-01-06T08:44:50.000000000Z[0m [1;33m[WARN] TRADER-001.nautilus_common::cache: Cannot calculate unrealized PnL for P-20260106-083500-001-140724825183112-5, no quotes for ETHUSDT-PERP.BINANCE[0m
[1m2026-01-06T08:44:59.999000000Z[0m [1;33m[WARN] TRADER-001.nautilus_common::cache: Cannot calculate unrealized PnL for P-20260106-083500-001-140724825183112-5, no quotes for ETHUSDT-PERP.BINANCE[0m
[1m2026-01-06T08:45:00.000000000Z[0m [1;33m[WARN] TRADER-001.nautilus_common::cache: Cannot calculate unrealized PnL for P-20260106-083500-001-140724825183112-5, no quotes for ETHUSDT-PERP.BINANCE[0m
[1m2026-01-06T08:45:10.000000000Z[0m [1;33m[WARN] TRADER-001.nautilus_common::cache: Cannot calculate unrealized PnL for P-20260106-083500-001-140724825183112-5, no quotes for ETHUSDT-PERP.BINANCE[0m
[1m2026-01-06T08:45:20.000000000Z[0m [1;33m[WARN] TRADER-001.nautilus_common::cache: Cannot calculate unrealized PnL for P-20260106-083500-001-140724825183112-5, no quotes for ETHUSDT-PERP.BINANCE[0m
[1m2026-01-06T08:45:30.000000000Z[0m [1;33m[WARN] TRADER-001.nautilus_common::cache: Cannot calculate unrealized PnL for P-20260106-083500-001-140724825183112-5, no quotes for ETHUSDT-PERP.BINANCE[0m
[1m2026-01-06T08:45:40.000000000Z[0m [1;33m[WARN] TRADER-001.nautilus_common::cache: Cannot calculate unrealized PnL for P-20260106-083500-001-140724825183112-5, no quotes for ETHUSDT-PERP.BINANCE[0m
[1m2026-01-06T08:45:50.000000000Z[0m [1;33m[WARN] TRADER-001.nautilus_common::cache: Cannot calculate unrealized PnL for P-20260106-083500-001-140724825183112-5, no quotes for ETHUSDT-PERP.BINANCE[0m
[1m2026-01-06T08:45:59.999000000Z[0m [1;33m[WARN] TRADER-001.nautilus_common::cache: Cannot calculate unrealized PnL for P-20260106-083500-001-140724825183112-5, no quotes for ETHUSDT-PERP.BINANCE[0m
[1m2026-01-06T08:46:00.000000000Z[0m [1;33m[WARN] TRADER-001.nautilus_common::cache: Cannot calculate unrealized PnL for P-20260106-083500-001-140724825183112-5, no quotes for ETHUSDT-PERP.BINANCE[0m
[1m2026-01-06T08:46:10.000000000Z[0m [1;33m[WARN] TRADER-001.nautilus_common::cache: Cannot calculate unrealized PnL for P-20260106-083500-001-140724825183112-5, no quotes for ETHUSDT-PERP.BINANCE[0m
[1m2026-01-06T08:46:20.000000000Z[0m [1;33m[WARN] TRADER-001.nautilus_common::cache: Cannot calculate unrealized PnL for P-20260106-083500-001-140724825183112-5, no quotes for ETHUSDT-PERP.BINANCE[0m
[1m2026-01-06T08:46:30.000000000Z[0m [1;33m[WARN] TRADER-001.nautilus_common::cache: Cannot calculate unrealized PnL for P-20260106-083500-001-140724825183112-5, no quotes for ETHUSDT-PERP.BINANCE[0m
[1m2026-01-06T08:46:40.000000000Z[0m [1;33m[WARN] TRADER-001.nautilus_common::cache: Cannot calculate unrealized PnL for P-20260106-083500-001-140724825183112-5, no quotes for ETHUSDT-PERP.BINANCE[0m
[1m2026-01-06T08:46:50.000000000Z[0m [1;33m[WARN] TRADER-001.nautilus_common::cache: Cannot calculate unrealized PnL for P-20260106-083500-001-140724825183112-5, no quotes for ETHUSDT-PERP.BINANCE[0m
[1m2026-01-06T08:46:59.999000000Z[0m [1;33m[WARN] TRADER-001.nautilus_common::cache: Cannot calculate unrealized PnL for P-20260106-083500-001-140724825183112-5, no quotes for ETHUSDT-PERP.BINANCE[0m
[1m2026-01-06T08:47:00.000000000Z[0m [1;33m[WARN] TRADER-001.nautilus_common::cache: Cannot calculate unrealized PnL for P-20260106-083500-001-140724825183112-5, no quotes for ETHUSDT-PERP.BINANCE[0m
[1m2026-01-06T08:47:10.000000000Z[0m [1;33m[WARN] TRADER-001.nautilus_common::cache: Cannot calculate unrealized PnL for P-20260106-083500-001-140724825183112-5, no quotes for ETHUSDT-PERP.BINANCE[0m
[1m2026-01-06T08:47:20.000000000Z[0m [1;33m[WARN] TRADER-001.nautilus_common::cache: Cannot calculate unrealized PnL for P-20260106-083500-001-140724825183112-5, no quotes for ETHUSDT-PERP.BINANCE[0m
[1m2026-01-06T08:47:30.000000000Z[0m [1;33m[WARN] TRADER-001.nautilus_common::cache: Cannot calculate unrealized PnL for P-20260106-083500-001-140724825183112-5, no quotes for ETHUSDT-PERP.BINANCE[0m
[1m2026-01-06T08:47:40.000000000Z[0m [1;33m[WARN] TRADER-001.nautilus_common::cache: Cannot calculate unrealized PnL for P-20260106-083500-001-140724825183112-5, no quotes for ETHUSDT-PERP.BINANCE[0m
[1m2026-01-06T08:47:50.000000000Z[0m [1;33m[WARN] TRADER-001.nautilus_common::cache: Cannot calculate unrealized PnL for P-20260106-083500-001-140724825183112-5, no quotes for ETHUSDT-PERP.BINANCE[0m
[1m2026-01-06T08:47:59.999000000Z[0m [1;33m[WARN] TRADER-001.nautilus_common::cache: Cannot calculate unrealized PnL for P-20260106-083500-001-140724825183112-5, no quotes for ETHUSDT-PERP.BINANCE[0m
[1m2026-01-06T08:48:00.000000000Z[0m [1;33m[WARN] TRADER-001.nautilus_common::cache: Cannot calculate unrealized PnL for P-20260106-083500-001-140724825183112-5, no quotes for ETHUSDT-PERP.BINANCE[0m
[1m2026-01-06T08:48:10.000000000Z[0m [1;33m[WARN] TRADER-001.nautilus_common::cache: Cannot calculate unrealized PnL for P-20260106-083500-001-140724825183112-5, no quotes for ETHUSDT-PERP.BINANCE[0m
[1m2026-01-06T08:48:20.000000000Z[0m [1;33m[WARN] TRADER-001.nautilus_common::cache: Cannot calculate unrealized PnL for P-20260106-083500-001-140724825183112-5, no quotes for ETHUSDT-PERP.BINANCE[0m
[1m2026-01-06T08:48:30.000000000Z[0m [1;33m[WARN] TRADER-001.nautilus_common::cache: Cannot calculate unrealized PnL for P-20260106-083500-001-140724825183112-5, no quotes for ETHUSDT-PERP.BINANCE[0m
[1m2026-01-06T08:48:40.000000000Z[0m [1;33m[WARN] TRADER-001.nautilus_common::cache: Cannot calculate unrealized PnL for P-20260106-083500-001-140724825183112-5, no quotes for ETHUSDT-PERP.BINANCE[0m
[1m2026-01-06T08:48:50.000000000Z[0m [1;33m[WARN] TRADER-001.nautilus_common::cache: Cannot calculate unrealized PnL for P-20260106-083500-001-140724825183112-5, no quotes for ETHUSDT-PERP.BINANCE[0m
[1m2026-01-06T08:48:59.999000000Z[0m [1;33m[WARN] TRADER-001.nautilus_common::cache: Cannot calculate unrealized PnL for P-20260106-083500-001-140724825183112-5, no quotes for ETHUSDT-PERP.BINANCE[0m
[1m2026-01-06T08:49:00.000000000Z[0m [1;33m[WARN] TRADER-001.nautilus_common::cache: Cannot calculate unrealized PnL for P-20260106-083500-001-140724825183112-5, no quotes for ETHUSDT-PERP.BINANCE[0m
[1m2026-01-06T08:49:10.000000000Z[0m [1;33m[WARN] TRADER-001.nautilus_common::cache: Cannot calculate unrealized PnL for P-20260106-083500-001-140724825183112-5, no quotes for ETHUSDT-PERP.BINANCE[0m
[1m2026-01-06T08:49:20.000000000Z[0m [1;33m[WARN] TRADER-001.nautilus_common::cache: Cannot calculate unrealized PnL for P-20260106-083500-001-140724825183112-5, no quotes for ETHUSDT-PERP.BINANCE[0m
[1m2026-01-06T08:49:30.000000000Z[0m [1;33m[WARN] TRADER-001.nautilus_common::cache: Cannot calculate unrealized PnL for P-20260106-083500-001-140724825183112-5, no quotes for ETHUSDT-PERP.BINANCE[0m
[1m2026-01-06T08:49:40.000000000Z[0m [1;33m[WARN] TRADER-001.nautilus_common::cache: Cannot calculate unrealized PnL for P-20260106-083500-001-140724825183112-5, no quotes for ETHUSDT-PERP.BINANCE[0m
[1m2026-01-06T08:49:50.000000000Z[0m [1;33m[WARN] TRADER-001.nautilus_common::cache: Cannot calculate unrealized PnL for P-20260106-083500-001-140724825183112-5, no quotes for ETHUSDT-PERP.BINANCE[0m
[1m2026-01-06T08:49:59.999000000Z[0m [1;33m[WARN] TRADER-001.nautilus_common::cache: Cannot calculate unrealized PnL for P-20260106-083500-001-140724825183112-5, no quotes for ETHUSDT-PERP.BINANCE[0m
[1m2026-01-06T08:50:00.000000000Z[0m [1;33m[WARN] TRADER-001.nautilus_common::cache: Cannot calculate unrealized PnL for P-20260106-083500-001-140724825183112-5, no quotes for ETHUSDT-PERP.BINANCE[0m
[1m2026-01-06T08:50:10.000000000Z[0m [1;33m[WARN] TRADER-001.nautilus_common::cache: Cannot calculate unrealized PnL for P-20260106-083500-001-140724825183112-5, no quotes for ETHUSDT-PERP.BINANCE[0m
[1m2026-01-06T08:50:20.000000000Z[0m [1;33m[WARN] TRADER-001.nautilus_common::cache: Cannot calculate unrealized PnL for P-20260106-083500-001-140724825183112-5, no quotes for ETHUSDT-PERP.BINANCE[0m
[1m2026-01-06T08:50:30.000000000Z[0m [1;33m[WARN] TRADER-001.nautilus_common::cache: Cannot calculate unrealized PnL for P-20260106-083500-001-140724825183112-5, no quotes for ETHUSDT-PERP.BINANCE[0m
[1m2026-01-06T08:50:40.000000000Z[0m [1;33m[WARN] TRADER-001.nautilus_common::cache: Cannot calculate unrealized PnL for P-20260106-083500-001-140724825183112-5, no quotes for ETHUSDT-PERP.BINANCE[0m
[1m2026-01-06T08:50:50.000000000Z[0m [1;33m[WARN] TRADER-001.nautilus_common::cache: Cannot calculate unrealized PnL for P-20260106-083500-001-140724825183112-5, no quotes for ETHUSDT-PERP.BINANCE[0m
[1m2026-01-06T08:50:59.999000000Z[0m [1;33m[WARN] TRADER-001.nautilus_common::cache: Cannot calculate unrealized PnL for P-20260106-083500-001-140724825183112-5, no quotes for ETHUSDT-PERP.BINANCE[0m
[1m2026-01-06T08:51:00.000000000Z[0m [1;33m[WARN] TRADER-001.nautilus_common::cache: Cannot calculate unrealized PnL for P-20260106-083500-001-140724825183112-5, no quotes for ETHUSDT-PERP.BINANCE[0m
[1m2026-01-06T08:51:10.000000000Z[0m [1;33m[WARN] TRADER-001.nautilus_common::cache: Cannot calculate unrealized PnL for P-20260106-083500-001-140724825183112-5, no quotes for ETHUSDT-PERP.BINANCE[0m
[1m2026-01-06T08:51:20.000000000Z[0m [1;33m[WARN] TRADER-001.nautilus_common::cache: Cannot calculate unrealized PnL for P-20260106-083500-001-140724825183112-5, no quotes for ETHUSDT-PERP.BINANCE[0m
[1m2026-01-06T08:51:30.000000000Z[0m [1;33m[WARN] TRADER-001.nautilus_common::cache: Cannot calculate unrealized PnL for P-20260106-083500-001-140724825183112-5, no quotes for ETHUSDT-PERP.BINANCE[0m
[1m2026-01-06T08:51:40.000000000Z[0m [1;33m[WARN] TRADER-001.nautilus_common::cache: Cannot calculate unrealized PnL for P-20260106-083500-001-140724825183112-5, no quotes for ETHUSDT-PERP.BINANCE[0m
[1m2026-01-06T08:51:50.000000000Z[0m [1;33m[WARN] TRADER-001.nautilus_common::cache: Cannot calculate unrealized PnL for P-20260106-083500-001-140724825183112-5, no quotes for ETHUSDT-PERP.BINANCE[0m
[1m2026-01-06T08:51:59.999000000Z[0m [1;33m[WARN] TRADER-001.nautilus_common::cache: Cannot calculate unrealized PnL for P-20260106-083500-001-140724825183112-5, no quotes for ETHUSDT-PERP.BINANCE[0m
[1m2026-01-06T08:52:00.000000000Z[0m [1;33m[WARN] TRADER-001.nautilus_common::cache: Cannot calculate unrealized PnL for P-20260106-083500-001-140724825183112-5, no quotes for ETHUSDT-PERP.BINANCE[0m
[1m2026-01-06T08:52:10.000000000Z[0m [1;33m[WARN] TRADER-001.nautilus_common::cache: Cannot calculate unrealized PnL for P-20260106-083500-001-140724825183112-5, no quotes for ETHUSDT-PERP.BINANCE[0m
[1m2026-01-06T08:52:20.000000000Z[0m [1;33m[WARN] TRADER-001.nautilus_common::cache: Cannot calculate unrealized PnL for P-20260106-083500-001-140724825183112-5, no quotes for ETHUSDT-PERP.BINANCE[0m
[1m2026-01-06T08:52:30.000000000Z[0m [1;33m[WARN] TRADER-001.nautilus_common::cache: Cannot calculate unrealized PnL for P-20260106-083500-001-140724825183112-5, no quotes for ETHUSDT-PERP.BINANCE[0m
[1m2026-01-06T08:52:40.000000000Z[0m [1;33m[WARN] TRADER-001.nautilus_common::cache: Cannot calculate unrealized PnL for P-20260106-083500-001-140724825183112-5, no quotes for ETHUSDT-PERP.BINANCE[0m
[1m2026-01-06T08:52:50.000000000Z[0m [1;33m[WARN] TRADER-001.nautilus_common::cache: Cannot calculate unrealized PnL for P-20260106-083500-001-140724825183112-5, no quotes for ETHUSDT-PERP.BINANCE[0m
[1m2026-01-06T08:52:59.999000000Z[0m [1;33m[WARN] TRADER-001.nautilus_common::cache: Cannot calculate unrealized PnL for P-20260106-083500-001-140724825183112-5, no quotes for ETHUSDT-PERP.BINANCE[0m
[1m2026-01-06T08:53:00.000000000Z[0m [1;33m[WARN] TRADER-001.nautilus_common::cache: Cannot calculate unrealized PnL for P-20260106-083500-001-140724825183112-5, no quotes for ETHUSDT-PERP.BINANCE[0m
[1m2026-01-06T08:53:10.000000000Z[0m [1;33m[WARN] TRADER-001.nautilus_common::cache: Cannot calculate unrealized PnL for P-20260106-083500-001-140724825183112-5, no quotes for ETHUSDT-PERP.BINANCE[0m
[1m2026-01-06T08:53:20.000000000Z[0m [1;33m[WARN] TRADER-001.nautilus_common::cache: Cannot calculate unrealized PnL for P-20260106-083500-001-140724825183112-5, no quotes for ETHUSDT-PERP.BINANCE[0m
[1m2026-01-06T08:53:30.000000000Z[0m [1;33m[WARN] TRADER-001.nautilus_common::cache: Cannot calculate unrealized PnL for P-20260106-083500-001-140724825183112-5, no quotes for ETHUSDT-PERP.BINANCE[0m
[1m2026-01-06T08:53:40.000000000Z[0m [1;33m[WARN] TRADER-001.nautilus_common::cache: Cannot calculate unrealized PnL for P-20260106-083500-001-140724825183112-5, no quotes for ETHUSDT-PERP.BINANCE[0m
[1m2026-01-06T08:53:50.000000000Z[0m [1;33m[WARN] TRADER-001.nautilus_common::cache: Cannot calculate unrealized PnL for P-20260106-083500-001-140724825183112-5, no quotes for ETHUSDT-PERP.BINANCE[0m
[1m2026-01-06T08:53:59.999000000Z[0m [1;33m[WARN] TRADER-001.nautilus_common::cache: Cannot calculate unrealized PnL for P-20260106-083500-001-140724825183112-5, no quotes for ETHUSDT-PERP.BINANCE[0m
[1m2026-01-06T08:54:00.000000000Z[0m [1;33m[WARN] TRADER-001.nautilus_common::cache: Cannot calculate unrealized PnL for P-20260106-083500-001-140724825183112-5, no quotes for ETHUSDT-PERP.BINANCE[0m
[1m2026-01-06T08:54:10.000000000Z[0m [1;33m[WARN] TRADER-001.nautilus_common::cache: Cannot calculate unrealized PnL for P-20260106-083500-001-140724825183112-5, no quotes for ETHUSDT-PERP.BINANCE[0m
[1m2026-01-06T08:54:20.000000000Z[0m [1;33m[WARN] TRADER-001.nautilus_common::cache: Cannot calculate unrealized PnL for P-20260106-083500-001-140724825183112-5, no quotes for ETHUSDT-PERP.BINANCE[0m
[1m2026-01-06T08:54:30.000000000Z[0m [1;33m[WARN] TRADER-001.nautilus_common::cache: Cannot calculate unrealized PnL for P-20260106-083500-001-140724825183112-5, no quotes for ETHUSDT-PERP.BINANCE[0m
[1m2026-01-06T08:54:40.000000000Z[0m [1;33m[WARN] TRADER-001.nautilus_common::cache: Cannot calculate unrealized PnL for P-20260106-083500-001-140724825183112-5, no quotes for ETHUSDT-PERP.BINANCE[0m
[1m2026-01-06T08:54:50.000000000Z[0m [1;33m[WARN] TRADER-001.nautilus_common::cache: Cannot calculate unrealized PnL for P-20260106-083500-001-140724825183112-5, no quotes for ETHUSDT-PERP.BINANCE[0m
[1m2026-01-06T08:54:59.999000000Z[0m [1;33m[WARN] TRADER-001.nautilus_common::cache: Cannot calculate unrealized PnL for P-20260106-083500-001-140724825183112-5, no quotes for ETHUSDT-PERP.BINANCE[0m
[1m2026-01-06T08:55:00.000000000Z[0m [1;33m[WARN] TRADER-001.nautilus_common::cache: Cannot calculate unrealized PnL for P-20260106-083500-001-140724825183112-5, no quotes for ETHUSDT-PERP.BINANCE[0m
[1m2026-01-06T08:55:10.000000000Z[0m [1;33m[WARN] TRADER-001.nautilus_common::cache: Cannot calculate unrealized PnL for P-20260106-083500-001-140724825183112-5, no quotes for ETHUSDT-PERP.BINANCE[0m
[1m2026-01-06T08:55:20.000000000Z[0m [1;33m[WARN] TRADER-001.nautilus_common::cache: Cannot calculate unrealized PnL for P-20260106-083500-001-140724825183112-5, no quotes for ETHUSDT-PERP.BINANCE[0m
[1m2026-01-06T08:55:30.000000000Z[0m [1;33m[WARN] TRADER-001.nautilus_common::cache: Cannot calculate unrealized PnL for P-20260106-083500-001-140724825183112-5, no quotes for ETHUSDT-PERP.BINANCE[0m
[1m2026-01-06T08:55:40.000000000Z[0m [1;33m[WARN] TRADER-001.nautilus_common::cache: Cannot calculate unrealized PnL for P-20260106-083500-001-140724825183112-5, no quotes for ETHUSDT-PERP.BINANCE[0m
[1m2026-01-06T08:55:50.000000000Z[0m [1;33m[WARN] TRADER-001.nautilus_common::cache: Cannot calculate unrealized PnL for P-20260106-083500-001-140724825183112-5, no quotes for ETHUSDT-PERP.BINANCE[0m
[1m2026-01-06T08:55:59.999000000Z[0m [1;33m[WARN] TRADER-001.nautilus_common::cache: Cannot calculate unrealized PnL for P-20260106-083500-001-140724825183112-5, no quotes for ETHUSDT-PERP.BINANCE[0m
[1m2026-01-06T08:56:00.000000000Z[0m [1;33m[WARN] TRADER-001.nautilus_common::cache: Cannot calculate unrealized PnL for P-20260106-083500-001-140724825183112-5, no quotes for ETHUSDT-PERP.BINANCE[0m
[1m2026-01-06T08:56:10.000000000Z[0m [1;33m[WARN] TRADER-001.nautilus_common::cache: Cannot calculate unrealized PnL for P-20260106-083500-001-140724825183112-5, no quotes for ETHUSDT-PERP.BINANCE[0m
[1m2026-01-06T08:56:20.000000000Z[0m [1;33m[WARN] TRADER-001.nautilus_common::cache: Cannot calculate unrealized PnL for P-20260106-083500-001-140724825183112-5, no quotes for ETHUSDT-PERP.BINANCE[0m
[1m2026-01-06T08:56:30.000000000Z[0m [1;33m[WARN] TRADER-001.nautilus_common::cache: Cannot calculate unrealized PnL for P-20260106-083500-001-140724825183112-5, no quotes for ETHUSDT-PERP.BINANCE[0m
[1m2026-01-06T08:56:40.000000000Z[0m [1;33m[WARN] TRADER-001.nautilus_common::cache: Cannot calculate unrealized PnL for P-20260106-083500-001-140724825183112-5, no quotes for ETHUSDT-PERP.BINANCE[0m
[1m2026-01-06T08:56:50.000000000Z[0m [1;33m[WARN] TRADER-001.nautilus_common::cache: Cannot calculate unrealized PnL for P-20260106-083500-001-140724825183112-5, no quotes for ETHUSDT-PERP.BINANCE[0m
[1m2026-01-06T08:56:59.999000000Z[0m [1;33m[WARN] TRADER-001.nautilus_common::cache: Cannot calculate unrealized PnL for P-20260106-083500-001-140724825183112-5, no quotes for ETHUSDT-PERP.BINANCE[0m
[1m2026-01-06T08:57:00.000000000Z[0m [1;33m[WARN] TRADER-001.nautilus_common::cache: Cannot calculate unrealized PnL for P-20260106-083500-001-140724825183112-5, no quotes for ETHUSDT-PERP.BINANCE[0m
[1m2026-01-06T08:57:10.000000000Z[0m [1;33m[WARN] TRADER-001.nautilus_common::cache: Cannot calculate unrealized PnL for P-20260106-083500-001-140724825183112-5, no quotes for ETHUSDT-PERP.BINANCE[0m
[1m2026-01-06T08:57:20.000000000Z[0m [1;33m[WARN] TRADER-001.nautilus_common::cache: Cannot calculate unrealized PnL for P-20260106-083500-001-140724825183112-5, no quotes for ETHUSDT-PERP.BINANCE[0m
[1m2026-01-06T08:57:30.000000000Z[0m [1;33m[WARN] TRADER-001.nautilus_common::cache: Cannot calculate unrealized PnL for P-20260106-083500-001-140724825183112-5, no quotes for ETHUSDT-PERP.BINANCE[0m
[1m2026-01-06T08:57:40.000000000Z[0m [1;33m[WARN] TRADER-001.nautilus_common::cache: Cannot calculate unrealized PnL for P-20260106-083500-001-140724825183112-5, no quotes for ETHUSDT-PERP.BINANCE[0m
[1m2026-01-06T08:57:50.000000000Z[0m [1;33m[WARN] TRADER-001.nautilus_common::cache: Cannot calculate unrealized PnL for P-20260106-083500-001-140724825183112-5, no quotes for ETHUSDT-PERP.BINANCE[0m
[1m2026-01-06T08:57:59.999000000Z[0m [1;33m[WARN] TRADER-001.nautilus_common::cache: Cannot calculate unrealized PnL for P-20260106-083500-001-140724825183112-5, no quotes for ETHUSDT-PERP.BINANCE[0m
[1m2026-01-06T08:58:00.000000000Z[0m [1;33m[WARN] TRADER-001.nautilus_common::cache: Cannot calculate unrealized PnL for P-20260106-083500-001-140724825183112-5, no quotes for ETHUSDT-PERP.BINANCE[0m
[1m2026-01-06T08:58:10.000000000Z[0m [1;33m[WARN] TRADER-001.nautilus_common::cache: Cannot calculate unrealized PnL for P-20260106-083500-001-140724825183112-5, no quotes for ETHUSDT-PERP.BINANCE[0m
[1m2026-01-06T08:58:20.000000000Z[0m [1;33m[WARN] TRADER-001.nautilus_common::cache: Cannot calculate unrealized PnL for P-20260106-083500-001-140724825183112-5, no quotes for ETHUSDT-PERP.BINANCE[0m
[1m2026-01-06T08:58:30.000000000Z[0m [1;33m[WARN] TRADER-001.nautilus_common::cache: Cannot calculate unrealized PnL for P-20260106-083500-001-140724825183112-5, no quotes for ETHUSDT-PERP.BINANCE[0m
[1m2026-01-06T08:58:40.000000000Z[0m [1;33m[WARN] TRADER-001.nautilus_common::cache: Cannot calculate unrealized PnL for P-20260106-083500-001-140724825183112-5, no quotes for ETHUSDT-PERP.BINANCE[0m
[1m2026-01-06T08:58:50.000000000Z[0m [1;33m[WARN] TRADER-001.nautilus_common::cache: Cannot calculate unrealized PnL for P-20260106-083500-001-140724825183112-5, no quotes for ETHUSDT-PERP.BINANCE[0m
[1m2026-01-06T08:58:59.999000000Z[0m [1;33m[WARN] TRADER-001.nautilus_common::cache: Cannot calculate unrealized PnL for P-20260106-083500-001-140724825183112-5, no quotes for ETHUSDT-PERP.BINANCE[0m
[1m2026-01-06T08:59:00.000000000Z[0m [1;33m[WARN] TRADER-001.nautilus_common::cache: Cannot calculate unrealized PnL for P-20260106-083500-001-140724825183112-5, no quotes for ETHUSDT-PERP.BINANCE[0m
[1m2026-01-06T08:59:10.000000000Z[0m [1;33m[WARN] TRADER-001.nautilus_common::cache: Cannot calculate unrealized PnL for P-20260106-083500-001-140724825183112-5, no quotes for ETHUSDT-PERP.BINANCE[0m
[1m2026-01-06T08:59:20.000000000Z[0m [1;33m[WARN] TRADER-001.nautilus_common::cache: Cannot calculate unrealized PnL for P-20260106-083500-001-140724825183112-5, no quotes for ETHUSDT-PERP.BINANCE[0m
[1m2026-01-06T08:59:30.000000000Z[0m [1;33m[WARN] TRADER-001.nautilus_common::cache: Cannot calculate unrealized PnL for P-20260106-083500-001-140724825183112-5, no quotes for ETHUSDT-PERP.BINANCE[0m
[1m2026-01-06T08:59:40.000000000Z[0m [1;33m[WARN] TRADER-001.nautilus_common::cache: Cannot calculate unrealized PnL for P-20260106-083500-001-140724825183112-5, no quotes for ETHUSDT-PERP.BINANCE[0m
[1m2026-01-06T08:59:50.000000000Z[0m [1;33m[WARN] TRADER-001.nautilus_common::cache: Cannot calculate unrealized PnL for P-20260106-083500-001-140724825183112-5, no quotes for ETHUSDT-PERP.BINANCE[0m
[1m2026-01-06T08:59:59.999000000Z[0m [1;33m[WARN] TRADER-001.nautilus_common::cache: Cannot calculate unrealized PnL for P-20260106-083500-001-140724825183112-5, no quotes for ETHUSDT-PERP.BINANCE[0m
[1m2026-01-06T09:00:00.000000000Z[0m [1;33m[WARN] TRADER-001.nautilus_common::cache: Cannot calculate unrealized PnL for P-20260106-083500-001-140724825183112-5, no quotes for ETHUSDT-PERP.BINANCE[0m
[1m2026-01-06T09:00:10.000000000Z[0m [1;33m[WARN] TRADER-001.nautilus_common::cache: Cannot calculate unrealized PnL for P-20260106-083500-001-140724825183112-5, no quotes for ETHUSDT-PERP.BINANCE[0m
[1m2026-01-06T09:00:20.000000000Z[0m [1;33m[WARN] TRADER-001.nautilus_common::cache: Cannot calculate unrealized PnL for P-20260106-083500-001-140724825183112-5, no quotes for ETHUSDT-PERP.BINANCE[0m
[1m2026-01-06T09:00:30.000000000Z[0m [1;33m[WARN] TRADER-001.nautilus_common::cache: Cannot calculate unrealized PnL for P-20260106-083500-001-140724825183112-5, no quotes for ETHUSDT-PERP.BINANCE[0m
[1m2026-01-06T09:00:40.000000000Z[0m [1;33m[WARN] TRADER-001.nautilus_common::cache: Cannot calculate unrealized PnL for P-20260106-083500-001-140724825183112-5, no quotes for ETHUSDT-PERP.BINANCE[0m
[1m2026-01-06T09:00:50.000000000Z[0m [1;33m[WARN] TRADER-001.nautilus_common::cache: Cannot calculate unrealized PnL for P-20260106-083500-001-140724825183112-5, no quotes for ETHUSDT-PERP.BINANCE[0m
[1m2026-01-06T09:00:59.999000000Z[0m [1;33m[WARN] TRADER-001.nautilus_common::cache: Cannot calculate unrealized PnL for P-20260106-083500-001-140724825183112-5, no quotes for ETHUSDT-PERP.BINANCE[0m
[1m2026-01-06T09:01:00.000000000Z[0m [1;33m[WARN] TRADER-001.nautilus_common::cache: Cannot calculate unrealized PnL for P-20260106-083500-001-140724825183112-5, no quotes for ETHUSDT-PERP.BINANCE[0m
[1m2026-01-06T09:01:10.000000000Z[0m [1;33m[WARN] TRADER-001.nautilus_common::cache: Cannot calculate unrealized PnL for P-20260106-083500-001-140724825183112-5, no quotes for ETHUSDT-PERP.BINANCE[0m
[1m2026-01-06T09:01:20.000000000Z[0m [1;33m[WARN] TRADER-001.nautilus_common::cache: Cannot calculate unrealized PnL for P-20260106-083500-001-140724825183112-5, no quotes for ETHUSDT-PERP.BINANCE[0m
[1m2026-01-06T09:01:30.000000000Z[0m [1;33m[WARN] TRADER-001.nautilus_common::cache: Cannot calculate unrealized PnL for P-20260106-083500-001-140724825183112-5, no quotes for ETHUSDT-PERP.BINANCE[0m
[1m2026-01-06T09:01:40.000000000Z[0m [1;33m[WARN] TRADER-001.nautilus_common::cache: Cannot calculate unrealized PnL for P-20260106-083500-001-140724825183112-5, no quotes for ETHUSDT-PERP.BINANCE[0m
[1m2026-01-06T09:01:50.000000000Z[0m [1;33m[WARN] TRADER-001.nautilus_common::cache: Cannot calculate unrealized PnL for P-20260106-083500-001-140724825183112-5, no quotes for ETHUSDT-PERP.BINANCE[0m
[1m2026-01-06T09:01:59.999000000Z[0m [1;33m[WARN] TRADER-001.nautilus_common::cache: Cannot calculate unrealized PnL for P-20260106-083500-001-140724825183112-5, no quotes for ETHUSDT-PERP.BINANCE[0m
[1m2026-01-06T09:02:00.000000000Z[0m [1;33m[WARN] TRADER-001.nautilus_common::cache: Cannot calculate unrealized PnL for P-20260106-083500-001-140724825183112-5, no quotes for ETHUSDT-PERP.BINANCE[0m
[1m2026-01-06T09:02:10.000000000Z[0m [1;33m[WARN] TRADER-001.nautilus_common::cache: Cannot calculate unrealized PnL for P-20260106-083500-001-140724825183112-5, no quotes for ETHUSDT-PERP.BINANCE[0m
[1m2026-01-06T09:02:20.000000000Z[0m [1;33m[WARN] TRADER-001.nautilus_common::cache: Cannot calculate unrealized PnL for P-20260106-083500-001-140724825183112-5, no quotes for ETHUSDT-PERP.BINANCE[0m
[1m2026-01-06T09:02:30.000000000Z[0m [1;33m[WARN] TRADER-001.nautilus_common::cache: Cannot calculate unrealized PnL for P-20260106-083500-001-140724825183112-5, no quotes for ETHUSDT-PERP.BINANCE[0m
[1m2026-01-06T09:02:40.000000000Z[0m [1;33m[WARN] TRADER-001.nautilus_common::cache: Cannot calculate unrealized PnL for P-20260106-083500-001-140724825183112-5, no quotes for ETHUSDT-PERP.BINANCE[0m
[1m2026-01-06T09:02:50.000000000Z[0m [1;33m[WARN] TRADER-001.nautilus_common::cache: Cannot calculate unrealized PnL for P-20260106-083500-001-140724825183112-5, no quotes for ETHUSDT-PERP.BINANCE[0m
[1m2026-01-06T09:02:59.999000000Z[0m [1;33m[WARN] TRADER-001.nautilus_common::cache: Cannot calculate unrealized PnL for P-20260106-083500-001-140724825183112-5, no quotes for ETHUSDT-PERP.BINANCE[0m
[1m2026-01-06T09:03:00.000000000Z[0m [1;33m[WARN] TRADER-001.nautilus_common::cache: Cannot calculate unrealized PnL for P-20260106-083500-001-140724825183112-5, no quotes for ETHUSDT-PERP.BINANCE[0m
[1m2026-01-06T09:03:10.000000000Z[0m [1;33m[WARN] TRADER-001.nautilus_common::cache: Cannot calculate unrealized PnL for P-20260106-083500-001-140724825183112-5, no quotes for ETHUSDT-PERP.BINANCE[0m
[1m2026-01-06T09:03:20.000000000Z[0m [1;33m[WARN] TRADER-001.nautilus_common::cache: Cannot calculate unrealized PnL for P-20260106-083500-001-140724825183112-5, no quotes for ETHUSDT-PERP.BINANCE[0m
[1m2026-01-06T09:03:30.000000000Z[0m [1;33m[WARN] TRADER-001.nautilus_common::cache: Cannot calculate unrealized PnL for P-20260106-083500-001-140724825183112-5, no quotes for ETHUSDT-PERP.BINANCE[0m
[1m2026-01-06T09:03:40.000000000Z[0m [1;33m[WARN] TRADER-001.nautilus_common::cache: Cannot calculate unrealized PnL for P-20260106-083500-001-140724825183112-5, no quotes for ETHUSDT-PERP.BINANCE[0m
[1m2026-01-06T09:03:50.000000000Z[0m [1;33m[WARN] TRADER-001.nautilus_common::cache: Cannot calculate unrealized PnL for P-20260106-083500-001-140724825183112-5, no quotes for ETHUSDT-PERP.BINANCE[0m
[1m2026-01-06T09:03:59.999000000Z[0m [1;33m[WARN] TRADER-001.nautilus_common::cache: Cannot calculate unrealized PnL for P-20260106-083500-001-140724825183112-5, no quotes for ETHUSDT-PERP.BINANCE[0m
[1m2026-01-06T09:04:00.000000000Z[0m [1;33m[WARN] TRADER-001.nautilus_common::cache: Cannot calculate unrealized PnL for P-20260106-083500-001-140724825183112-5, no quotes for ETHUSDT-PERP.BINANCE[0m
[1m2026-01-06T09:04:10.000000000Z[0m [1;33m[WARN] TRADER-001.nautilus_common::cache: Cannot calculate unrealized PnL for P-20260106-083500-001-140724825183112-5, no quotes for ETHUSDT-PERP.BINANCE[0m
[1m2026-01-06T09:04:20.000000000Z[0m [1;33m[WARN] TRADER-001.nautilus_common::cache: Cannot calculate unrealized PnL for P-20260106-083500-001-140724825183112-5, no quotes for ETHUSDT-PERP.BINANCE[0m
[1m2026-01-06T09:04:30.000000000Z[0m [1;33m[WARN] TRADER-001.nautilus_common::cache: Cannot calculate unrealized PnL for P-20260106-083500-001-140724825183112-5, no quotes for ETHUSDT-PERP.BINANCE[0m
[1m2026-01-06T09:04:40.000000000Z[0m [1;33m[WARN] TRADER-001.nautilus_common::cache: Cannot calculate unrealized PnL for P-20260106-083500-001-140724825183112-5, no quotes for ETHUSDT-PERP.BINANCE[0m
[1m2026-01-06T09:04:50.000000000Z[0m [1;33m[WARN] TRADER-001.nautilus_common::cache: Cannot calculate unrealized PnL for P-20260106-083500-001-140724825183112-5, no quotes for ETHUSDT-PERP.BINANCE[0m
[1m2026-01-06T09:04:59.999000000Z[0m [1;33m[WARN] TRADER-001.nautilus_common::cache: Cannot calculate unrealized PnL for P-20260106-083500-001-140724825183112-5, no quotes for ETHUSDT-PERP.BINANCE[0m
[1m2026-01-06T09:05:00.000000000Z[0m [1;33m[WARN] TRADER-001.nautilus_common::cache: Cannot calculate unrealized PnL for P-20260106-083500-001-140724825183112-5, no quotes for ETHUSDT-PERP.BINANCE[0m
[1m2026-01-06T09:05:10.000000000Z[0m [1;33m[WARN] TRADER-001.nautilus_common::cache: Cannot calculate unrealized PnL for P-20260106-083500-001-140724825183112-5, no quotes for ETHUSDT-PERP.BINANCE[0m
[1m2026-01-06T09:05:20.000000000Z[0m [1;33m[WARN] TRADER-001.nautilus_common::cache: Cannot calculate unrealized PnL for P-20260106-083500-001-140724825183112-5, no quotes for ETHUSDT-PERP.BINANCE[0m
[1m2026-01-06T09:05:30.000000000Z[0m [1;33m[WARN] TRADER-001.nautilus_common::cache: Cannot calculate unrealized PnL for P-20260106-083500-001-140724825183112-5, no quotes for ETHUSDT-PERP.BINANCE[0m
[1m2026-01-06T09:05:40.000000000Z[0m [1;33m[WARN] TRADER-001.nautilus_common::cache: Cannot calculate unrealized PnL for P-20260106-083500-001-140724825183112-5, no quotes for ETHUSDT-PERP.BINANCE[0m
[1m2026-01-06T09:05:50.000000000Z[0m [1;33m[WARN] TRADER-001.nautilus_common::cache: Cannot calculate unrealized PnL for P-20260106-083500-001-140724825183112-5, no quotes for ETHUSDT-PERP.BINANCE[0m
[1m2026-01-06T09:05:59.999000000Z[0m [1;33m[WARN] TRADER-001.nautilus_common::cache: Cannot calculate unrealized PnL for P-20260106-083500-001-140724825183112-5, no quotes for ETHUSDT-PERP.BINANCE[0m
[1m2026-01-06T09:06:00.000000000Z[0m [1;33m[WARN] TRADER-001.nautilus_common::cache: Cannot calculate unrealized PnL for P-20260106-083500-001-140724825183112-5, no quotes for ETHUSDT-PERP.BINANCE[0m
[1m2026-01-06T09:06:10.000000000Z[0m [1;33m[WARN] TRADER-001.nautilus_common::cache: Cannot calculate unrealized PnL for P-20260106-083500-001-140724825183112-5, no quotes for ETHUSDT-PERP.BINANCE[0m
[1m2026-01-06T09:06:20.000000000Z[0m [1;33m[WARN] TRADER-001.nautilus_common::cache: Cannot calculate unrealized PnL for P-20260106-083500-001-140724825183112-5, no quotes for ETHUSDT-PERP.BINANCE[0m
[1m2026-01-06T09:06:30.000000000Z[0m [1;33m[WARN] TRADER-001.nautilus_common::cache: Cannot calculate unrealized PnL for P-20260106-083500-001-140724825183112-5, no quotes for ETHUSDT-PERP.BINANCE[0m
[1m2026-01-06T09:06:40.000000000Z[0m [1;33m[WARN] TRADER-001.nautilus_common::cache: Cannot calculate unrealized PnL for P-20260106-083500-001-140724825183112-5, no quotes for ETHUSDT-PERP.BINANCE[0m
[1m2026-01-06T09:06:50.000000000Z[0m [1;33m[WARN] TRADER-001.nautilus_common::cache: Cannot calculate unrealized PnL for P-20260106-083500-001-140724825183112-5, no quotes for ETHUSDT-PERP.BINANCE[0m
[1m2026-01-06T09:06:59.999000000Z[0m [1;33m[WARN] TRADER-001.nautilus_common::cache: Cannot calculate unrealized PnL for P-20260106-083500-001-140724825183112-5, no quotes for ETHUSDT-PERP.BINANCE[0m
[1m2026-01-06T09:07:00.000000000Z[0m [1;33m[WARN] TRADER-001.nautilus_common::cache: Cannot calculate unrealized PnL for P-20260106-083500-001-140724825183112-5, no quotes for ETHUSDT-PERP.BINANCE[0m
[1m2026-01-06T09:07:10.000000000Z[0m [1;33m[WARN] TRADER-001.nautilus_common::cache: Cannot calculate unrealized PnL for P-20260106-083500-001-140724825183112-5, no quotes for ETHUSDT-PERP.BINANCE[0m
[1m2026-01-06T09:07:20.000000000Z[0m [1;33m[WARN] TRADER-001.nautilus_common::cache: Cannot calculate unrealized PnL for P-20260106-083500-001-140724825183112-5, no quotes for ETHUSDT-PERP.BINANCE[0m
[1m2026-01-06T09:07:30.000000000Z[0m [1;33m[WARN] TRADER-001.nautilus_common::cache: Cannot calculate unrealized PnL for P-20260106-083500-001-140724825183112-5, no quotes for ETHUSDT-PERP.BINANCE[0m
[1m2026-01-06T09:07:40.000000000Z[0m [1;33m[WARN] TRADER-001.nautilus_common::cache: Cannot calculate unrealized PnL for P-20260106-083500-001-140724825183112-5, no quotes for ETHUSDT-PERP.BINANCE[0m
[1m2026-01-06T09:07:50.000000000Z[0m [1;33m[WARN] TRADER-001.nautilus_common::cache: Cannot calculate unrealized PnL for P-20260106-083500-001-140724825183112-5, no quotes for ETHUSDT-PERP.BINANCE[0m
[1m2026-01-06T09:07:59.999000000Z[0m [1;33m[WARN] TRADER-001.nautilus_common::cache: Cannot calculate unrealized PnL for P-20260106-083500-001-140724825183112-5, no quotes for ETHUSDT-PERP.BINANCE[0m
[1m2026-01-06T09:08:00.000000000Z[0m [1;33m[WARN] TRADER-001.nautilus_common::cache: Cannot calculate unrealized PnL for P-20260106-083500-001-140724825183112-5, no quotes for ETHUSDT-PERP.BINANCE[0m
[1m2026-01-06T09:08:10.000000000Z[0m [1;33m[WARN] TRADER-001.nautilus_common::cache: Cannot calculate unrealized PnL for P-20260106-083500-001-140724825183112-5, no quotes for ETHUSDT-PERP.BINANCE[0m
[1m2026-01-06T09:08:20.000000000Z[0m [1;33m[WARN] TRADER-001.nautilus_common::cache: Cannot calculate unrealized PnL for P-20260106-083500-001-140724825183112-5, no quotes for ETHUSDT-PERP.BINANCE[0m
[1m2026-01-06T09:08:30.000000000Z[0m [1;33m[WARN] TRADER-001.nautilus_common::cache: Cannot calculate unrealized PnL for P-20260106-083500-001-140724825183112-5, no quotes for ETHUSDT-PERP.BINANCE[0m
[1m2026-01-06T09:08:40.000000000Z[0m [1;33m[WARN] TRADER-001.nautilus_common::cache: Cannot calculate unrealized PnL for P-20260106-083500-001-140724825183112-5, no quotes for ETHUSDT-PERP.BINANCE[0m
[1m2026-01-06T09:08:50.000000000Z[0m [1;33m[WARN] TRADER-001.nautilus_common::cache: Cannot calculate unrealized PnL for P-20260106-083500-001-140724825183112-5, no quotes for ETHUSDT-PERP.BINANCE[0m
[1m2026-01-06T09:08:59.999000000Z[0m [1;33m[WARN] TRADER-001.nautilus_common::cache: Cannot calculate unrealized PnL for P-20260106-083500-001-140724825183112-5, no quotes for ETHUSDT-PERP.BINANCE[0m
[1m2026-01-06T09:09:00.000000000Z[0m [1;33m[WARN] TRADER-001.nautilus_common::cache: Cannot calculate unrealized PnL for P-20260106-083500-001-140724825183112-5, no quotes for ETHUSDT-PERP.BINANCE[0m
[1m2026-01-06T09:09:10.000000000Z[0m [1;33m[WARN] TRADER-001.nautilus_common::cache: Cannot calculate unrealized PnL for P-20260106-083500-001-140724825183112-5, no quotes for ETHUSDT-PERP.BINANCE[0m
[1m2026-01-06T09:09:20.000000000Z[0m [1;33m[WARN] TRADER-001.nautilus_common::cache: Cannot calculate unrealized PnL for P-20260106-083500-001-140724825183112-5, no quotes for ETHUSDT-PERP.BINANCE[0m
[1m2026-01-06T09:09:30.000000000Z[0m [1;33m[WARN] TRADER-001.nautilus_common::cache: Cannot calculate unrealized PnL for P-20260106-083500-001-140724825183112-5, no quotes for ETHUSDT-PERP.BINANCE[0m
[1m2026-01-06T09:09:40.000000000Z[0m [1;33m[WARN] TRADER-001.nautilus_common::cache: Cannot calculate unrealized PnL for P-20260106-083500-001-140724825183112-5, no quotes for ETHUSDT-PERP.BINANCE[0m
[1m2026-01-06T09:09:50.000000000Z[0m [1;33m[WARN] TRADER-001.nautilus_common::cache: Cannot calculate unrealized PnL for P-20260106-083500-001-140724825183112-5, no quotes for ETHUSDT-PERP.BINANCE[0m
[1m2026-01-06T09:09:59.999000000Z[0m [1;33m[WARN] TRADER-001.nautilus_common::cache: Cannot calculate unrealized PnL for P-20260106-083500-001-140724825183112-5, no quotes for ETHUSDT-PERP.BINANCE[0m
[1m2026-01-06T09:10:00.000000000Z[0m [1;33m[WARN] TRADER-001.nautilus_common::cache: Cannot calculate unrealized PnL for P-20260106-083500-001-140724825183112-5, no quotes for ETHUSDT-PERP.BINANCE[0m
[1m2026-01-06T09:10:10.000000000Z[0m [1;33m[WARN] TRADER-001.nautilus_common::cache: Cannot calculate unrealized PnL for P-20260106-083500-001-140724825183112-5, no quotes for ETHUSDT-PERP.BINANCE[0m
[1m2026-01-06T09:10:20.000000000Z[0m [1;33m[WARN] TRADER-001.nautilus_common::cache: Cannot calculate unrealized PnL for P-20260106-083500-001-140724825183112-5, no quotes for ETHUSDT-PERP.BINANCE[0m
[1m2026-01-06T09:10:30.000000000Z[0m [1;33m[WARN] TRADER-001.nautilus_common::cache: Cannot calculate unrealized PnL for P-20260106-083500-001-140724825183112-5, no quotes for ETHUSDT-PERP.BINANCE[0m
[1m2026-01-06T09:10:40.000000000Z[0m [1;33m[WARN] TRADER-001.nautilus_common::cache: Cannot calculate unrealized PnL for P-20260106-083500-001-140724825183112-5, no quotes for ETHUSDT-PERP.BINANCE[0m
[1m2026-01-06T09:10:50.000000000Z[0m [1;33m[WARN] TRADER-001.nautilus_common::cache: Cannot calculate unrealized PnL for P-20260106-083500-001-140724825183112-5, no quotes for ETHUSDT-PERP.BINANCE[0m
[1m2026-01-06T09:10:59.999000000Z[0m [1;33m[WARN] TRADER-001.nautilus_common::cache: Cannot calculate unrealized PnL for P-20260106-083500-001-140724825183112-5, no quotes for ETHUSDT-PERP.BINANCE[0m
[1m2026-01-06T09:11:00.000000000Z[0m [1;33m[WARN] TRADER-001.nautilus_common::cache: Cannot calculate unrealized PnL for P-20260106-083500-001-140724825183112-5, no quotes for ETHUSDT-PERP.BINANCE[0m
[1m2026-01-06T09:11:10.000000000Z[0m [1;33m[WARN] TRADER-001.nautilus_common::cache: Cannot calculate unrealized PnL for P-20260106-083500-001-140724825183112-5, no quotes for ETHUSDT-PERP.BINANCE[0m
[1m2026-01-06T09:11:20.000000000Z[0m [1;33m[WARN] TRADER-001.nautilus_common::cache: Cannot calculate unrealized PnL for P-20260106-083500-001-140724825183112-5, no quotes for ETHUSDT-PERP.BINANCE[0m
[1m2026-01-06T09:11:30.000000000Z[0m [1;33m[WARN] TRADER-001.nautilus_common::cache: Cannot calculate unrealized PnL for P-20260106-083500-001-140724825183112-5, no quotes for ETHUSDT-PERP.BINANCE[0m
[1m2026-01-06T09:11:40.000000000Z[0m [1;33m[WARN] TRADER-001.nautilus_common::cache: Cannot calculate unrealized PnL for P-20260106-083500-001-140724825183112-5, no quotes for ETHUSDT-PERP.BINANCE[0m
[1m2026-01-06T09:11:50.000000000Z[0m [1;33m[WARN] TRADER-001.nautilus_common::cache: Cannot calculate unrealized PnL for P-20260106-083500-001-140724825183112-5, no quotes for ETHUSDT-PERP.BINANCE[0m
[1m2026-01-06T09:11:59.999000000Z[0m [1;33m[WARN] TRADER-001.nautilus_common::cache: Cannot calculate unrealized PnL for P-20260106-083500-001-140724825183112-5, no quotes for ETHUSDT-PERP.BINANCE[0m
[1m2026-01-06T09:12:00.000000000Z[0m [1;33m[WARN] TRADER-001.nautilus_common::cache: Cannot calculate unrealized PnL for P-20260106-083500-001-140724825183112-5, no quotes for ETHUSDT-PERP.BINANCE[0m
[1m2026-01-06T09:12:10.000000000Z[0m [1;33m[WARN] TRADER-001.nautilus_common::cache: Cannot calculate unrealized PnL for P-20260106-083500-001-140724825183112-5, no quotes for ETHUSDT-PERP.BINANCE[0m
[1m2026-01-06T09:12:20.000000000Z[0m [1;33m[WARN] TRADER-001.nautilus_common::cache: Cannot calculate unrealized PnL for P-20260106-083500-001-140724825183112-5, no quotes for ETHUSDT-PERP.BINANCE[0m
[1m2026-01-06T09:12:30.000000000Z[0m [1;33m[WARN] TRADER-001.nautilus_common::cache: Cannot calculate unrealized PnL for P-20260106-083500-001-140724825183112-5, no quotes for ETHUSDT-PERP.BINANCE[0m
[1m2026-01-06T09:12:40.000000000Z[0m [1;33m[WARN] TRADER-001.nautilus_common::cache: Cannot calculate unrealized PnL for P-20260106-083500-001-140724825183112-5, no quotes for ETHUSDT-PERP.BINANCE[0m
[1m2026-01-06T09:12:50.000000000Z[0m [1;33m[WARN] TRADER-001.nautilus_common::cache: Cannot calculate unrealized PnL for P-20260106-083500-001-140724825183112-5, no quotes for ETHUSDT-PERP.BINANCE[0m
[1m2026-01-06T09:12:59.999000000Z[0m [1;33m[WARN] TRADER-001.nautilus_common::cache: Cannot calculate unrealized PnL for P-20260106-083500-001-140724825183112-5, no quotes for ETHUSDT-PERP.BINANCE[0m
[1m2026-01-06T09:13:00.000000000Z[0m [1;33m[WARN] TRADER-001.nautilus_common::cache: Cannot calculate unrealized PnL for P-20260106-083500-001-140724825183112-5, no quotes for ETHUSDT-PERP.BINANCE[0m
[1m2026-01-06T09:13:10.000000000Z[0m [1;33m[WARN] TRADER-001.nautilus_common::cache: Cannot calculate unrealized PnL for P-20260106-083500-001-140724825183112-5, no quotes for ETHUSDT-PERP.BINANCE[0m
[1m2026-01-06T09:13:20.000000000Z[0m [1;33m[WARN] TRADER-001.nautilus_common::cache: Cannot calculate unrealized PnL for P-20260106-083500-001-140724825183112-5, no quotes for ETHUSDT-PERP.BINANCE[0m
[1m2026-01-06T09:13:30.000000000Z[0m [1;33m[WARN] TRADER-001.nautilus_common::cache: Cannot calculate unrealized PnL for P-20260106-083500-001-140724825183112-5, no quotes for ETHUSDT-PERP.BINANCE[0m
[1m2026-01-06T09:13:40.000000000Z[0m [1;33m[WARN] TRADER-001.nautilus_common::cache: Cannot calculate unrealized PnL for P-20260106-083500-001-140724825183112-5, no quotes for ETHUSDT-PERP.BINANCE[0m
[1m2026-01-06T09:13:50.000000000Z[0m [1;33m[WARN] TRADER-001.nautilus_common::cache: Cannot calculate unrealized PnL for P-20260106-083500-001-140724825183112-5, no quotes for ETHUSDT-PERP.BINANCE[0m
[1m2026-01-06T09:13:59.999000000Z[0m [1;33m[WARN] TRADER-001.nautilus_common::cache: Cannot calculate unrealized PnL for P-20260106-083500-001-140724825183112-5, no quotes for ETHUSDT-PERP.BINANCE[0m
[1m2026-01-06T09:14:00.000000000Z[0m [1;33m[WARN] TRADER-001.nautilus_common::cache: Cannot calculate unrealized PnL for P-20260106-083500-001-140724825183112-5, no quotes for ETHUSDT-PERP.BINANCE[0m
[1m2026-01-06T09:14:10.000000000Z[0m [1;33m[WARN] TRADER-001.nautilus_common::cache: Cannot calculate unrealized PnL for P-20260106-083500-001-140724825183112-5, no quotes for ETHUSDT-PERP.BINANCE[0m
[1m2026-01-06T09:14:20.000000000Z[0m [1;33m[WARN] TRADER-001.nautilus_common::cache: Cannot calculate unrealized PnL for P-20260106-083500-001-140724825183112-5, no quotes for ETHUSDT-PERP.BINANCE[0m
[1m2026-01-06T09:14:30.000000000Z[0m [1;33m[WARN] TRADER-001.nautilus_common::cache: Cannot calculate unrealized PnL for P-20260106-083500-001-140724825183112-5, no quotes for ETHUSDT-PERP.BINANCE[0m
[1m2026-01-06T09:14:40.000000000Z[0m [1;33m[WARN] TRADER-001.nautilus_common::cache: Cannot calculate unrealized PnL for P-20260106-083500-001-140724825183112-5, no quotes for ETHUSDT-PERP.BINANCE[0m
[1m2026-01-06T09:14:50.000000000Z[0m [1;33m[WARN] TRADER-001.nautilus_common::cache: Cannot calculate unrealized PnL for P-20260106-083500-001-140724825183112-5, no quotes for ETHUSDT-PERP.BINANCE[0m
[1m2026-01-06T09:14:59.999000000Z[0m [1;33m[WARN] TRADER-001.nautilus_common::cache: Cannot calculate unrealized PnL for P-20260106-083500-001-140724825183112-5, no quotes for ETHUSDT-PERP.BINANCE[0m
[1m2026-01-06T09:15:00.000000000Z[0m [1;33m[WARN] TRADER-001.nautilus_common::cache: Cannot calculate unrealized PnL for P-20260106-083500-001-140724825183112-5, no quotes for ETHUSDT-PERP.BINANCE[0m
[1m2026-01-06T09:15:10.000000000Z[0m [1;33m[WARN] TRADER-001.nautilus_common::cache: Cannot calculate unrealized PnL for P-20260106-083500-001-140724825183112-5, no quotes for ETHUSDT-PERP.BINANCE[0m
[1m2026-01-06T09:15:20.000000000Z[0m [1;33m[WARN] TRADER-001.nautilus_common::cache: Cannot calculate unrealized PnL for P-20260106-083500-001-140724825183112-5, no quotes for ETHUSDT-PERP.BINANCE[0m
[1m2026-01-06T09:15:30.000000000Z[0m [1;33m[WARN] TRADER-001.nautilus_common::cache: Cannot calculate unrealized PnL for P-20260106-083500-001-140724825183112-5, no quotes for ETHUSDT-PERP.BINANCE[0m
[1m2026-01-06T09:15:40.000000000Z[0m [1;33m[WARN] TRADER-001.nautilus_common::cache: Cannot calculate unrealized PnL for P-20260106-083500-001-140724825183112-5, no quotes for ETHUSDT-PERP.BINANCE[0m
[1m2026-01-06T09:15:50.000000000Z[0m [1;33m[WARN] TRADER-001.nautilus_common::cache: Cannot calculate unrealized PnL for P-20260106-083500-001-140724825183112-5, no quotes for ETHUSDT-PERP.BINANCE[0m
[1m2026-01-06T09:15:59.999000000Z[0m [1;33m[WARN] TRADER-001.nautilus_common::cache: Cannot calculate unrealized PnL for P-20260106-083500-001-140724825183112-5, no quotes for ETHUSDT-PERP.BINANCE[0m
[1m2026-01-06T09:16:00.000000000Z[0m [1;33m[WARN] TRADER-001.nautilus_common::cache: Cannot calculate unrealized PnL for P-20260106-083500-001-140724825183112-5, no quotes for ETHUSDT-PERP.BINANCE[0m
[1m2026-01-06T09:16:10.000000000Z[0m [1;33m[WARN] TRADER-001.nautilus_common::cache: Cannot calculate unrealized PnL for P-20260106-083500-001-140724825183112-5, no quotes for ETHUSDT-PERP.BINANCE[0m
[1m2026-01-06T09:16:20.000000000Z[0m [1;33m[WARN] TRADER-001.nautilus_common::cache: Cannot calculate unrealized PnL for P-20260106-083500-001-140724825183112-5, no quotes for ETHUSDT-PERP.BINANCE[0m
[1m2026-01-06T09:16:30.000000000Z[0m [1;33m[WARN] TRADER-001.nautilus_common::cache: Cannot calculate unrealized PnL for P-20260106-083500-001-140724825183112-5, no quotes for ETHUSDT-PERP.BINANCE[0m
[1m2026-01-06T09:16:40.000000000Z[0m [1;33m[WARN] TRADER-001.nautilus_common::cache: Cannot calculate unrealized PnL for P-20260106-083500-001-140724825183112-5, no quotes for ETHUSDT-PERP.BINANCE[0m
[1m2026-01-06T09:16:50.000000000Z[0m [1;33m[WARN] TRADER-001.nautilus_common::cache: Cannot calculate unrealized PnL for P-20260106-083500-001-140724825183112-5, no quotes for ETHUSDT-PERP.BINANCE[0m
[1m2026-01-06T09:16:59.999000000Z[0m [1;33m[WARN] TRADER-001.nautilus_common::cache: Cannot calculate unrealized PnL for P-20260106-083500-001-140724825183112-5, no quotes for ETHUSDT-PERP.BINANCE[0m
[1m2026-01-06T09:17:00.000000000Z[0m [1;33m[WARN] TRADER-001.nautilus_common::cache: Cannot calculate unrealized PnL for P-20260106-083500-001-140724825183112-5, no quotes for ETHUSDT-PERP.BINANCE[0m
[1m2026-01-06T09:17:10.000000000Z[0m [1;33m[WARN] TRADER-001.nautilus_common::cache: Cannot calculate unrealized PnL for P-20260106-083500-001-140724825183112-5, no quotes for ETHUSDT-PERP.BINANCE[0m
[1m2026-01-06T09:17:20.000000000Z[0m [1;33m[WARN] TRADER-001.nautilus_common::cache: Cannot calculate unrealized PnL for P-20260106-083500-001-140724825183112-5, no quotes for ETHUSDT-PERP.BINANCE[0m
[1m2026-01-06T09:17:30.000000000Z[0m [1;33m[WARN] TRADER-001.nautilus_common::cache: Cannot calculate unrealized PnL for P-20260106-083500-001-140724825183112-5, no quotes for ETHUSDT-PERP.BINANCE[0m
[1m2026-01-06T09:17:40.000000000Z[0m [1;33m[WARN] TRADER-001.nautilus_common::cache: Cannot calculate unrealized PnL for P-20260106-083500-001-140724825183112-5, no quotes for ETHUSDT-PERP.BINANCE[0m
[1m2026-01-06T09:17:50.000000000Z[0m [1;33m[WARN] TRADER-001.nautilus_common::cache: Cannot calculate unrealized PnL for P-20260106-083500-001-140724825183112-5, no quotes for ETHUSDT-PERP.BINANCE[0m
[1m2026-01-06T09:17:59.999000000Z[0m [1;33m[WARN] TRADER-001.nautilus_common::cache: Cannot calculate unrealized PnL for P-20260106-083500-001-140724825183112-5, no quotes for ETHUSDT-PERP.BINANCE[0m
[1m2026-01-06T09:18:00.000000000Z[0m [1;33m[WARN] TRADER-001.nautilus_common::cache: Cannot calculate unrealized PnL for P-20260106-083500-001-140724825183112-5, no quotes for ETHUSDT-PERP.BINANCE[0m
[1m2026-01-06T09:18:10.000000000Z[0m [1;33m[WARN] TRADER-001.nautilus_common::cache: Cannot calculate unrealized PnL for P-20260106-083500-001-140724825183112-5, no quotes for ETHUSDT-PERP.BINANCE[0m
[1m2026-01-06T09:18:20.000000000Z[0m [1;33m[WARN] TRADER-001.nautilus_common::cache: Cannot calculate unrealized PnL for P-20260106-083500-001-140724825183112-5, no quotes for ETHUSDT-PERP.BINANCE[0m
[1m2026-01-06T09:18:30.000000000Z[0m [1;33m[WARN] TRADER-001.nautilus_common::cache: Cannot calculate unrealized PnL for P-20260106-083500-001-140724825183112-5, no quotes for ETHUSDT-PERP.BINANCE[0m
[1m2026-01-06T09:18:40.000000000Z[0m [1;33m[WARN] TRADER-001.nautilus_common::cache: Cannot calculate unrealized PnL for P-20260106-083500-001-140724825183112-5, no quotes for ETHUSDT-PERP.BINANCE[0m
[1m2026-01-06T09:18:50.000000000Z[0m [1;33m[WARN] TRADER-001.nautilus_common::cache: Cannot calculate unrealized PnL for P-20260106-083500-001-140724825183112-5, no quotes for ETHUSDT-PERP.BINANCE[0m
[1m2026-01-06T09:18:59.999000000Z[0m [1;33m[WARN] TRADER-001.nautilus_common::cache: Cannot calculate unrealized PnL for P-20260106-083500-001-140724825183112-5, no quotes for ETHUSDT-PERP.BINANCE[0m
[1m2026-01-06T09:19:00.000000000Z[0m [1;33m[WARN] TRADER-001.nautilus_common::cache: Cannot calculate unrealized PnL for P-20260106-083500-001-140724825183112-5, no quotes for ETHUSDT-PERP.BINANCE[0m
[1m2026-01-06T09:19:10.000000000Z[0m [1;33m[WARN] TRADER-001.nautilus_common::cache: Cannot calculate unrealized PnL for P-20260106-083500-001-140724825183112-5, no quotes for ETHUSDT-PERP.BINANCE[0m
[1m2026-01-06T09:19:20.000000000Z[0m [1;33m[WARN] TRADER-001.nautilus_common::cache: Cannot calculate unrealized PnL for P-20260106-083500-001-140724825183112-5, no quotes for ETHUSDT-PERP.BINANCE[0m
[1m2026-01-06T09:19:30.000000000Z[0m [1;33m[WARN] TRADER-001.nautilus_common::cache: Cannot calculate unrealized PnL for P-20260106-083500-001-140724825183112-5, no quotes for ETHUSDT-PERP.BINANCE[0m
[1m2026-01-06T09:19:40.000000000Z[0m [1;33m[WARN] TRADER-001.nautilus_common::cache: Cannot calculate unrealized PnL for P-20260106-083500-001-140724825183112-5, no quotes for ETHUSDT-PERP.BINANCE[0m
[1m2026-01-06T09:19:50.000000000Z[0m [1;33m[WARN] TRADER-001.nautilus_common::cache: Cannot calculate unrealized PnL for P-20260106-083500-001-140724825183112-5, no quotes for ETHUSDT-PERP.BINANCE[0m
[1m2026-01-06T09:19:59.999000000Z[0m [1;33m[WARN] TRADER-001.nautilus_common::cache: Cannot calculate unrealized PnL for P-20260106-083500-001-140724825183112-5, no quotes for ETHUSDT-PERP.BINANCE[0m
[1m2026-01-06T09:20:00.000000000Z[0m [1;33m[WARN] TRADER-001.nautilus_common::cache: Cannot calculate unrealized PnL for P-20260106-083500-001-140724825183112-5, no quotes for ETHUSDT-PERP.BINANCE[0m
[1m2026-01-06T09:20:10.000000000Z[0m [1;33m[WARN] TRADER-001.nautilus_common::cache: Cannot calculate unrealized PnL for P-20260106-083500-001-140724825183112-5, no quotes for ETHUSDT-PERP.BINANCE[0m
[1m2026-01-06T09:20:20.000000000Z[0m [1;33m[WARN] TRADER-001.nautilus_common::cache: Cannot calculate unrealized PnL for P-20260106-083500-001-140724825183112-5, no quotes for ETHUSDT-PERP.BINANCE[0m
[1m2026-01-06T09:20:30.000000000Z[0m [1;33m[WARN] TRADER-001.nautilus_common::cache: Cannot calculate unrealized PnL for P-20260106-083500-001-140724825183112-5, no quotes for ETHUSDT-PERP.BINANCE[0m
[1m2026-01-06T09:20:40.000000000Z[0m [1;33m[WARN] TRADER-001.nautilus_common::cache: Cannot calculate unrealized PnL for P-20260106-083500-001-140724825183112-5, no quotes for ETHUSDT-PERP.BINANCE[0m
[1m2026-01-06T09:20:50.000000000Z[0m [1;33m[WARN] TRADER-001.nautilus_common::cache: Cannot calculate unrealized PnL for P-20260106-083500-001-140724825183112-5, no quotes for ETHUSDT-PERP.BINANCE[0m
[1m2026-01-06T09:20:59.999000000Z[0m [1;33m[WARN] TRADER-001.nautilus_common::cache: Cannot calculate unrealized PnL for P-20260106-083500-001-140724825183112-5, no quotes for ETHUSDT-PERP.BINANCE[0m
[1m2026-01-06T09:21:00.000000000Z[0m [1;33m[WARN] TRADER-001.nautilus_common::cache: Cannot calculate unrealized PnL for P-20260106-083500-001-140724825183112-5, no quotes for ETHUSDT-PERP.BINANCE[0m
[1m2026-01-06T09:21:10.000000000Z[0m [1;33m[WARN] TRADER-001.nautilus_common::cache: Cannot calculate unrealized PnL for P-20260106-083500-001-140724825183112-5, no quotes for ETHUSDT-PERP.BINANCE[0m
[1m2026-01-06T09:21:20.000000000Z[0m [1;33m[WARN] TRADER-001.nautilus_common::cache: Cannot calculate unrealized PnL for P-20260106-083500-001-140724825183112-5, no quotes for ETHUSDT-PERP.BINANCE[0m
[1m2026-01-06T09:21:30.000000000Z[0m [1;33m[WARN] TRADER-001.nautilus_common::cache: Cannot calculate unrealized PnL for P-20260106-083500-001-140724825183112-5, no quotes for ETHUSDT-PERP.BINANCE[0m
[1m2026-01-06T09:21:40.000000000Z[0m [1;33m[WARN] TRADER-001.nautilus_common::cache: Cannot calculate unrealized PnL for P-20260106-083500-001-140724825183112-5, no quotes for ETHUSDT-PERP.BINANCE[0m
[1m2026-01-06T09:21:50.000000000Z[0m [1;33m[WARN] TRADER-001.nautilus_common::cache: Cannot calculate unrealized PnL for P-20260106-083500-001-140724825183112-5, no quotes for ETHUSDT-PERP.BINANCE[0m
[1m2026-01-06T09:21:59.999000000Z[0m [1;33m[WARN] TRADER-001.nautilus_common::cache: Cannot calculate unrealized PnL for P-20260106-083500-001-140724825183112-5, no quotes for ETHUSDT-PERP.BINANCE[0m
[1m2026-01-06T09:22:00.000000000Z[0m [1;33m[WARN] TRADER-001.nautilus_common::cache: Cannot calculate unrealized PnL for P-20260106-083500-001-140724825183112-5, no quotes for ETHUSDT-PERP.BINANCE[0m
[1m2026-01-06T09:22:10.000000000Z[0m [1;33m[WARN] TRADER-001.nautilus_common::cache: Cannot calculate unrealized PnL for P-20260106-083500-001-140724825183112-5, no quotes for ETHUSDT-PERP.BINANCE[0m
[1m2026-01-06T09:22:20.000000000Z[0m [1;33m[WARN] TRADER-001.nautilus_common::cache: Cannot calculate unrealized PnL for P-20260106-083500-001-140724825183112-5, no quotes for ETHUSDT-PERP.BINANCE[0m
[1m2026-01-06T09:22:30.000000000Z[0m [1;33m[WARN] TRADER-001.nautilus_common::cache: Cannot calculate unrealized PnL for P-20260106-083500-001-140724825183112-5, no quotes for ETHUSDT-PERP.BINANCE[0m
[1m2026-01-06T09:22:40.000000000Z[0m [1;33m[WARN] TRADER-001.nautilus_common::cache: Cannot calculate unrealized PnL for P-20260106-083500-001-140724825183112-5, no quotes for ETHUSDT-PERP.BINANCE[0m
[1m2026-01-06T09:22:50.000000000Z[0m [1;33m[WARN] TRADER-001.nautilus_common::cache: Cannot calculate unrealized PnL for P-20260106-083500-001-140724825183112-5, no quotes for ETHUSDT-PERP.BINANCE[0m
[1m2026-01-06T09:22:59.999000000Z[0m [1;33m[WARN] TRADER-001.nautilus_common::cache: Cannot calculate unrealized PnL for P-20260106-083500-001-140724825183112-5, no quotes for ETHUSDT-PERP.BINANCE[0m
[1m2026-01-06T09:23:00.000000000Z[0m [1;33m[WARN] TRADER-001.nautilus_common::cache: Cannot calculate unrealized PnL for P-20260106-083500-001-140724825183112-5, no quotes for ETHUSDT-PERP.BINANCE[0m
[1m2026-01-06T09:23:10.000000000Z[0m [1;33m[WARN] TRADER-001.nautilus_common::cache: Cannot calculate unrealized PnL for P-20260106-083500-001-140724825183112-5, no quotes for ETHUSDT-PERP.BINANCE[0m
[1m2026-01-06T09:23:20.000000000Z[0m [1;33m[WARN] TRADER-001.nautilus_common::cache: Cannot calculate unrealized PnL for P-20260106-083500-001-140724825183112-5, no quotes for ETHUSDT-PERP.BINANCE[0m
[1m2026-01-06T09:23:30.000000000Z[0m [1;33m[WARN] TRADER-001.nautilus_common::cache: Cannot calculate unrealized PnL for P-20260106-083500-001-140724825183112-5, no quotes for ETHUSDT-PERP.BINANCE[0m
[1m2026-01-06T09:23:40.000000000Z[0m [1;33m[WARN] TRADER-001.nautilus_common::cache: Cannot calculate unrealized PnL for P-20260106-083500-001-140724825183112-5, no quotes for ETHUSDT-PERP.BINANCE[0m
[1m2026-01-06T09:23:50.000000000Z[0m [1;33m[WARN] TRADER-001.nautilus_common::cache: Cannot calculate unrealized PnL for P-20260106-083500-001-140724825183112-5, no quotes for ETHUSDT-PERP.BINANCE[0m
[1m2026-01-06T09:23:59.999000000Z[0m [1;33m[WARN] TRADER-001.nautilus_common::cache: Cannot calculate unrealized PnL for P-20260106-083500-001-140724825183112-5, no quotes for ETHUSDT-PERP.BINANCE[0m
[1m2026-01-06T09:24:00.000000000Z[0m [1;33m[WARN] TRADER-001.nautilus_common::cache: Cannot calculate unrealized PnL for P-20260106-083500-001-140724825183112-5, no quotes for ETHUSDT-PERP.BINANCE[0m
[1m2026-01-06T09:24:10.000000000Z[0m [1;33m[WARN] TRADER-001.nautilus_common::cache: Cannot calculate unrealized PnL for P-20260106-083500-001-140724825183112-5, no quotes for ETHUSDT-PERP.BINANCE[0m
[1m2026-01-06T09:24:20.000000000Z[0m [1;33m[WARN] TRADER-001.nautilus_common::cache: Cannot calculate unrealized PnL for P-20260106-083500-001-140724825183112-5, no quotes for ETHUSDT-PERP.BINANCE[0m
[1m2026-01-06T09:24:30.000000000Z[0m [1;33m[WARN] TRADER-001.nautilus_common::cache: Cannot calculate unrealized PnL for P-20260106-083500-001-140724825183112-5, no quotes for ETHUSDT-PERP.BINANCE[0m
[1m2026-01-06T09:24:40.000000000Z[0m [1;33m[WARN] TRADER-001.nautilus_common::cache: Cannot calculate unrealized PnL for P-20260106-083500-001-140724825183112-5, no quotes for ETHUSDT-PERP.BINANCE[0m
[1m2026-01-06T09:24:50.000000000Z[0m [1;33m[WARN] TRADER-001.nautilus_common::cache: Cannot calculate unrealized PnL for P-20260106-083500-001-140724825183112-5, no quotes for ETHUSDT-PERP.BINANCE[0m
[1m2026-01-06T09:24:59.999000000Z[0m [1;33m[WARN] TRADER-001.nautilus_common::cache: Cannot calculate unrealized PnL for P-20260106-083500-001-140724825183112-5, no quotes for ETHUSDT-PERP.BINANCE[0m
[1m2026-01-06T09:25:00.000000000Z[0m [1;33m[WARN] TRADER-001.nautilus_common::cache: Cannot calculate unrealized PnL for P-20260106-083500-001-140724825183112-5, no quotes for ETHUSDT-PERP.BINANCE[0m
[1m2026-01-06T09:25:10.000000000Z[0m [1;33m[WARN] TRADER-001.nautilus_common::cache: Cannot calculate unrealized PnL for P-20260106-083500-001-140724825183112-5, no quotes for ETHUSDT-PERP.BINANCE[0m
[1m2026-01-06T09:25:20.000000000Z[0m [1;33m[WARN] TRADER-001.nautilus_common::cache: Cannot calculate unrealized PnL for P-20260106-083500-001-140724825183112-5, no quotes for ETHUSDT-PERP.BINANCE[0m
[1m2026-01-06T09:25:30.000000000Z[0m [1;33m[WARN] TRADER-001.nautilus_common::cache: Cannot calculate unrealized PnL for P-20260106-083500-001-140724825183112-5, no quotes for ETHUSDT-PERP.BINANCE[0m
[1m2026-01-06T09:25:40.000000000Z[0m [1;33m[WARN] TRADER-001.nautilus_common::cache: Cannot calculate unrealized PnL for P-20260106-083500-001-140724825183112-5, no quotes for ETHUSDT-PERP.BINANCE[0m
[1m2026-01-06T09:25:50.000000000Z[0m [1;33m[WARN] TRADER-001.nautilus_common::cache: Cannot calculate unrealized PnL for P-20260106-083500-001-140724825183112-5, no quotes for ETHUSDT-PERP.BINANCE[0m
[1m2026-01-06T09:25:59.999000000Z[0m [1;33m[WARN] TRADER-001.nautilus_common::cache: Cannot calculate unrealized PnL for P-20260106-083500-001-140724825183112-5, no quotes for ETHUSDT-PERP.BINANCE[0m
[1m2026-01-06T09:26:00.000000000Z[0m [1;33m[WARN] TRADER-001.nautilus_common::cache: Cannot calculate unrealized PnL for P-20260106-083500-001-140724825183112-5, no quotes for ETHUSDT-PERP.BINANCE[0m
[1m2026-01-06T09:26:10.000000000Z[0m [1;33m[WARN] TRADER-001.nautilus_common::cache: Cannot calculate unrealized PnL for P-20260106-083500-001-140724825183112-5, no quotes for ETHUSDT-PERP.BINANCE[0m
[1m2026-01-06T09:26:20.000000000Z[0m [1;33m[WARN] TRADER-001.nautilus_common::cache: Cannot calculate unrealized PnL for P-20260106-083500-001-140724825183112-5, no quotes for ETHUSDT-PERP.BINANCE[0m
[1m2026-01-06T09:26:30.000000000Z[0m [1;33m[WARN] TRADER-001.nautilus_common::cache: Cannot calculate unrealized PnL for P-20260106-083500-001-140724825183112-5, no quotes for ETHUSDT-PERP.BINANCE[0m
[1m2026-01-06T09:26:40.000000000Z[0m [1;33m[WARN] TRADER-001.nautilus_common::cache: Cannot calculate unrealized PnL for P-20260106-083500-001-140724825183112-5, no quotes for ETHUSDT-PERP.BINANCE[0m
[1m2026-01-06T09:26:50.000000000Z[0m [1;33m[WARN] TRADER-001.nautilus_common::cache: Cannot calculate unrealized PnL for P-20260106-083500-001-140724825183112-5, no quotes for ETHUSDT-PERP.BINANCE[0m
[1m2026-01-06T09:26:59.999000000Z[0m [1;33m[WARN] TRADER-001.nautilus_common::cache: Cannot calculate unrealized PnL for P-20260106-083500-001-140724825183112-5, no quotes for ETHUSDT-PERP.BINANCE[0m
[1m2026-01-06T09:27:00.000000000Z[0m [1;33m[WARN] TRADER-001.nautilus_common::cache: Cannot calculate unrealized PnL for P-20260106-083500-001-140724825183112-5, no quotes for ETHUSDT-PERP.BINANCE[0m
[1m2026-01-06T09:27:10.000000000Z[0m [1;33m[WARN] TRADER-001.nautilus_common::cache: Cannot calculate unrealized PnL for P-20260106-083500-001-140724825183112-5, no quotes for ETHUSDT-PERP.BINANCE[0m
[1m2026-01-06T09:27:20.000000000Z[0m [1;33m[WARN] TRADER-001.nautilus_common::cache: Cannot calculate unrealized PnL for P-20260106-083500-001-140724825183112-5, no quotes for ETHUSDT-PERP.BINANCE[0m
[1m2026-01-06T09:27:30.000000000Z[0m [1;33m[WARN] TRADER-001.nautilus_common::cache: Cannot calculate unrealized PnL for P-20260106-083500-001-140724825183112-5, no quotes for ETHUSDT-PERP.BINANCE[0m
[1m2026-01-06T09:27:40.000000000Z[0m [1;33m[WARN] TRADER-001.nautilus_common::cache: Cannot calculate unrealized PnL for P-20260106-083500-001-140724825183112-5, no quotes for ETHUSDT-PERP.BINANCE[0m
[1m2026-01-06T09:27:50.000000000Z[0m [1;33m[WARN] TRADER-001.nautilus_common::cache: Cannot calculate unrealized PnL for P-20260106-083500-001-140724825183112-5, no quotes for ETHUSDT-PERP.BINANCE[0m
[1m2026-01-06T09:27:59.999000000Z[0m [1;33m[WARN] TRADER-001.nautilus_common::cache: Cannot calculate unrealized PnL for P-20260106-083500-001-140724825183112-5, no quotes for ETHUSDT-PERP.BINANCE[0m
[1m2026-01-06T09:28:00.000000000Z[0m [1;33m[WARN] TRADER-001.nautilus_common::cache: Cannot calculate unrealized PnL for P-20260106-083500-001-140724825183112-5, no quotes for ETHUSDT-PERP.BINANCE[0m
[1m2026-01-06T09:28:10.000000000Z[0m [1;33m[WARN] TRADER-001.nautilus_common::cache: Cannot calculate unrealized PnL for P-20260106-083500-001-140724825183112-5, no quotes for ETHUSDT-PERP.BINANCE[0m
[1m2026-01-06T09:28:20.000000000Z[0m [1;33m[WARN] TRADER-001.nautilus_common::cache: Cannot calculate unrealized PnL for P-20260106-083500-001-140724825183112-5, no quotes for ETHUSDT-PERP.BINANCE[0m
[1m2026-01-06T09:28:30.000000000Z[0m [1;33m[WARN] TRADER-001.nautilus_common::cache: Cannot calculate unrealized PnL for P-20260106-083500-001-140724825183112-5, no quotes for ETHUSDT-PERP.BINANCE[0m
[1m2026-01-06T09:28:40.000000000Z[0m [1;33m[WARN] TRADER-001.nautilus_common::cache: Cannot calculate unrealized PnL for P-20260106-083500-001-140724825183112-5, no quotes for ETHUSDT-PERP.BINANCE[0m
[1m2026-01-06T09:28:50.000000000Z[0m [1;33m[WARN] TRADER-001.nautilus_common::cache: Cannot calculate unrealized PnL for P-20260106-083500-001-140724825183112-5, no quotes for ETHUSDT-PERP.BINANCE[0m
[1m2026-01-06T09:28:59.999000000Z[0m [1;33m[WARN] TRADER-001.nautilus_common::cache: Cannot calculate unrealized PnL for P-20260106-083500-001-140724825183112-5, no quotes for ETHUSDT-PERP.BINANCE[0m
[1m2026-01-06T09:29:00.000000000Z[0m [1;33m[WARN] TRADER-001.nautilus_common::cache: Cannot calculate unrealized PnL for P-20260106-083500-001-140724825183112-5, no quotes for ETHUSDT-PERP.BINANCE[0m
[1m2026-01-06T09:29:10.000000000Z[0m [1;33m[WARN] TRADER-001.nautilus_common::cache: Cannot calculate unrealized PnL for P-20260106-083500-001-140724825183112-5, no quotes for ETHUSDT-PERP.BINANCE[0m
[1m2026-01-06T09:29:20.000000000Z[0m [1;33m[WARN] TRADER-001.nautilus_common::cache: Cannot calculate unrealized PnL for P-20260106-083500-001-140724825183112-5, no quotes for ETHUSDT-PERP.BINANCE[0m
[1m2026-01-06T09:29:30.000000000Z[0m [1;33m[WARN] TRADER-001.nautilus_common::cache: Cannot calculate unrealized PnL for P-20260106-083500-001-140724825183112-5, no quotes for ETHUSDT-PERP.BINANCE[0m
[1m2026-01-06T09:29:40.000000000Z[0m [1;33m[WARN] TRADER-001.nautilus_common::cache: Cannot calculate unrealized PnL for P-20260106-083500-001-140724825183112-5, no quotes for ETHUSDT-PERP.BINANCE[0m
[1m2026-01-06T09:29:50.000000000Z[0m [1;33m[WARN] TRADER-001.nautilus_common::cache: Cannot calculate unrealized PnL for P-20260106-083500-001-140724825183112-5, no quotes for ETHUSDT-PERP.BINANCE[0m
[1m2026-01-06T09:29:59.999000000Z[0m [1;33m[WARN] TRADER-001.nautilus_common::cache: Cannot calculate unrealized PnL for P-20260106-083500-001-140724825183112-5, no quotes for ETHUSDT-PERP.BINANCE[0m
[1m2026-01-06T09:30:00.000000000Z[0m [1;33m[WARN] TRADER-001.nautilus_common::cache: Cannot calculate unrealized PnL for P-20260106-083500-001-140724825183112-5, no quotes for ETHUSDT-PERP.BINANCE[0m
[1m2026-01-06T09:30:10.000000000Z[0m [1;33m[WARN] TRADER-001.nautilus_common::cache: Cannot calculate unrealized PnL for P-20260106-083500-001-140724825183112-5, no quotes for ETHUSDT-PERP.BINANCE[0m
[1m2026-01-06T09:30:20.000000000Z[0m [1;33m[WARN] TRADER-001.nautilus_common::cache: Cannot calculate unrealized PnL for P-20260106-083500-001-140724825183112-5, no quotes for ETHUSDT-PERP.BINANCE[0m
[1m2026-01-06T09:30:30.000000000Z[0m [1;33m[WARN] TRADER-001.nautilus_common::cache: Cannot calculate unrealized PnL for P-20260106-083500-001-140724825183112-5, no quotes for ETHUSDT-PERP.BINANCE[0m
[1m2026-01-06T09:30:40.000000000Z[0m [1;33m[WARN] TRADER-001.nautilus_common::cache: Cannot calculate unrealized PnL for P-20260106-083500-001-140724825183112-5, no quotes for ETHUSDT-PERP.BINANCE[0m
[1m2026-01-06T09:30:50.000000000Z[0m [1;33m[WARN] TRADER-001.nautilus_common::cache: Cannot calculate unrealized PnL for P-20260106-083500-001-140724825183112-5, no quotes for ETHUSDT-PERP.BINANCE[0m
[1m2026-01-06T09:30:59.999000000Z[0m [1;33m[WARN] TRADER-001.nautilus_common::cache: Cannot calculate unrealized PnL for P-20260106-083500-001-140724825183112-5, no quotes for ETHUSDT-PERP.BINANCE[0m
[1m2026-01-06T09:31:00.000000000Z[0m [1;33m[WARN] TRADER-001.nautilus_common::cache: Cannot calculate unrealized PnL for P-20260106-083500-001-140724825183112-5, no quotes for ETHUSDT-PERP.BINANCE[0m
[1m2026-01-06T09:31:10.000000000Z[0m [1;33m[WARN] TRADER-001.nautilus_common::cache: Cannot calculate unrealized PnL for P-20260106-083500-001-140724825183112-5, no quotes for ETHUSDT-PERP.BINANCE[0m
[1m2026-01-06T09:31:20.000000000Z[0m [1;33m[WARN] TRADER-001.nautilus_common::cache: Cannot calculate unrealized PnL for P-20260106-083500-001-140724825183112-5, no quotes for ETHUSDT-PERP.BINANCE[0m
[1m2026-01-06T09:31:30.000000000Z[0m [1;33m[WARN] TRADER-001.nautilus_common::cache: Cannot calculate unrealized PnL for P-20260106-083500-001-140724825183112-5, no quotes for ETHUSDT-PERP.BINANCE[0m
[1m2026-01-06T09:31:40.000000000Z[0m [1;33m[WARN] TRADER-001.nautilus_common::cache: Cannot calculate unrealized PnL for P-20260106-083500-001-140724825183112-5, no quotes for ETHUSDT-PERP.BINANCE[0m
[1m2026-01-06T09:31:50.000000000Z[0m [1;33m[WARN] TRADER-001.nautilus_common::cache: Cannot calculate unrealized PnL for P-20260106-083500-001-140724825183112-5, no quotes for ETHUSDT-PERP.BINANCE[0m
[1m2026-01-06T09:31:59.999000000Z[0m [1;33m[WARN] TRADER-001.nautilus_common::cache: Cannot calculate unrealized PnL for P-20260106-083500-001-140724825183112-5, no quotes for ETHUSDT-PERP.BINANCE[0m
[1m2026-01-06T09:32:00.000000000Z[0m [1;33m[WARN] TRADER-001.nautilus_common::cache: Cannot calculate unrealized PnL for P-20260106-083500-001-140724825183112-5, no quotes for ETHUSDT-PERP.BINANCE[0m
[1m2026-01-06T09:32:10.000000000Z[0m [1;33m[WARN] TRADER-001.nautilus_common::cache: Cannot calculate unrealized PnL for P-20260106-083500-001-140724825183112-5, no quotes for ETHUSDT-PERP.BINANCE[0m
[1m2026-01-06T09:32:20.000000000Z[0m [1;33m[WARN] TRADER-001.nautilus_common::cache: Cannot calculate unrealized PnL for P-20260106-083500-001-140724825183112-5, no quotes for ETHUSDT-PERP.BINANCE[0m
[1m2026-01-06T09:32:30.000000000Z[0m [1;33m[WARN] TRADER-001.nautilus_common::cache: Cannot calculate unrealized PnL for P-20260106-083500-001-140724825183112-5, no quotes for ETHUSDT-PERP.BINANCE[0m
[1m2026-01-06T09:32:40.000000000Z[0m [1;33m[WARN] TRADER-001.nautilus_common::cache: Cannot calculate unrealized PnL for P-20260106-083500-001-140724825183112-5, no quotes for ETHUSDT-PERP.BINANCE[0m
[1m2026-01-06T09:32:50.000000000Z[0m [1;33m[WARN] TRADER-001.nautilus_common::cache: Cannot calculate unrealized PnL for P-20260106-083500-001-140724825183112-5, no quotes for ETHUSDT-PERP.BINANCE[0m
[1m2026-01-06T09:32:59.999000000Z[0m [1;33m[WARN] TRADER-001.nautilus_common::cache: Cannot calculate unrealized PnL for P-20260106-083500-001-140724825183112-5, no quotes for ETHUSDT-PERP.BINANCE[0m
[1m2026-01-06T09:33:00.000000000Z[0m [1;33m[WARN] TRADER-001.nautilus_common::cache: Cannot calculate unrealized PnL for P-20260106-083500-001-140724825183112-5, no quotes for ETHUSDT-PERP.BINANCE[0m
[1m2026-01-06T09:33:10.000000000Z[0m [1;33m[WARN] TRADER-001.nautilus_common::cache: Cannot calculate unrealized PnL for P-20260106-083500-001-140724825183112-5, no quotes for ETHUSDT-PERP.BINANCE[0m
[1m2026-01-06T09:33:20.000000000Z[0m [1;33m[WARN] TRADER-001.nautilus_common::cache: Cannot calculate unrealized PnL for P-20260106-083500-001-140724825183112-5, no quotes for ETHUSDT-PERP.BINANCE[0m
[1m2026-01-06T09:33:30.000000000Z[0m [1;33m[WARN] TRADER-001.nautilus_common::cache: Cannot calculate unrealized PnL for P-20260106-083500-001-140724825183112-5, no quotes for ETHUSDT-PERP.BINANCE[0m
[1m2026-01-06T09:33:40.000000000Z[0m [1;33m[WARN] TRADER-001.nautilus_common::cache: Cannot calculate unrealized PnL for P-20260106-083500-001-140724825183112-5, no quotes for ETHUSDT-PERP.BINANCE[0m
[1m2026-01-06T09:33:50.000000000Z[0m [1;33m[WARN] TRADER-001.nautilus_common::cache: Cannot calculate unrealized PnL for P-20260106-083500-001-140724825183112-5, no quotes for ETHUSDT-PERP.BINANCE[0m
[1m2026-01-06T09:33:59.999000000Z[0m [1;33m[WARN] TRADER-001.nautilus_common::cache: Cannot calculate unrealized PnL for P-20260106-083500-001-140724825183112-5, no quotes for ETHUSDT-PERP.BINANCE[0m
[1m2026-01-06T09:34:00.000000000Z[0m [1;33m[WARN] TRADER-001.nautilus_common::cache: Cannot calculate unrealized PnL for P-20260106-083500-001-140724825183112-5, no quotes for ETHUSDT-PERP.BINANCE[0m
[1m2026-01-06T09:34:10.000000000Z[0m [1;33m[WARN] TRADER-001.nautilus_common::cache: Cannot calculate unrealized PnL for P-20260106-083500-001-140724825183112-5, no quotes for ETHUSDT-PERP.BINANCE[0m
[1m2026-01-06T09:34:20.000000000Z[0m [1;33m[WARN] TRADER-001.nautilus_common::cache: Cannot calculate unrealized PnL for P-20260106-083500-001-140724825183112-5, no quotes for ETHUSDT-PERP.BINANCE[0m
[1m2026-01-06T09:34:30.000000000Z[0m [1;33m[WARN] TRADER-001.nautilus_common::cache: Cannot calculate unrealized PnL for P-20260106-083500-001-140724825183112-5, no quotes for ETHUSDT-PERP.BINANCE[0m
[1m2026-01-06T09:34:40.000000000Z[0m [1;33m[WARN] TRADER-001.nautilus_common::cache: Cannot calculate unrealized PnL for P-20260106-083500-001-140724825183112-5, no quotes for ETHUSDT-PERP.BINANCE[0m
[1m2026-01-06T09:34:50.000000000Z[0m [1;33m[WARN] TRADER-001.nautilus_common::cache: Cannot calculate unrealized PnL for P-20260106-083500-001-140724825183112-5, no quotes for ETHUSDT-PERP.BINANCE[0m
[1m2026-01-06T09:34:59.999000000Z[0m [1;33m[WARN] TRADER-001.nautilus_common::cache: Cannot calculate unrealized PnL for P-20260106-083500-001-140724825183112-5, no quotes for ETHUSDT-PERP.BINANCE[0m
[1m2026-01-06T09:35:00.000000000Z[0m [1;33m[WARN] TRADER-001.nautilus_common::cache: Cannot calculate unrealized PnL for P-20260106-083500-001-140724825183112-5, no quotes for ETHUSDT-PERP.BINANCE[0m
[1m2026-01-06T09:35:10.000000000Z[0m [1;33m[WARN] TRADER-001.nautilus_common::cache: Cannot calculate unrealized PnL for P-20260106-083500-001-140724825183112-5, no quotes for ETHUSDT-PERP.BINANCE[0m
[1m2026-01-06T09:35:20.000000000Z[0m [1;33m[WARN] TRADER-001.nautilus_common::cache: Cannot calculate unrealized PnL for P-20260106-083500-001-140724825183112-5, no quotes for ETHUSDT-PERP.BINANCE[0m
[1m2026-01-06T09:35:30.000000000Z[0m [1;33m[WARN] TRADER-001.nautilus_common::cache: Cannot calculate unrealized PnL for P-20260106-083500-001-140724825183112-5, no quotes for ETHUSDT-PERP.BINANCE[0m
[1m2026-01-06T09:35:40.000000000Z[0m [1;33m[WARN] TRADER-001.nautilus_common::cache: Cannot calculate unrealized PnL for P-20260106-083500-001-140724825183112-5, no quotes for ETHUSDT-PERP.BINANCE[0m
[1m2026-01-06T09:35:50.000000000Z[0m [1;33m[WARN] TRADER-001.nautilus_common::cache: Cannot calculate unrealized PnL for P-20260106-083500-001-140724825183112-5, no quotes for ETHUSDT-PERP.BINANCE[0m
[1m2026-01-06T09:35:59.999000000Z[0m [1;33m[WARN] TRADER-001.nautilus_common::cache: Cannot calculate unrealized PnL for P-20260106-083500-001-140724825183112-5, no quotes for ETHUSDT-PERP.BINANCE[0m
[1m2026-01-06T09:36:00.000000000Z[0m [1;33m[WARN] TRADER-001.nautilus_common::cache: Cannot calculate unrealized PnL for P-20260106-083500-001-140724825183112-5, no quotes for ETHUSDT-PERP.BINANCE[0m
[1m2026-01-06T09:36:10.000000000Z[0m [1;33m[WARN] TRADER-001.nautilus_common::cache: Cannot calculate unrealized PnL for P-20260106-083500-001-140724825183112-5, no quotes for ETHUSDT-PERP.BINANCE[0m
[1m2026-01-06T09:36:20.000000000Z[0m [1;33m[WARN] TRADER-001.nautilus_common::cache: Cannot calculate unrealized PnL for P-20260106-083500-001-140724825183112-5, no quotes for ETHUSDT-PERP.BINANCE[0m
[1m2026-01-06T09:36:30.000000000Z[0m [1;33m[WARN] TRADER-001.nautilus_common::cache: Cannot calculate unrealized PnL for P-20260106-083500-001-140724825183112-5, no quotes for ETHUSDT-PERP.BINANCE[0m
[1m2026-01-06T09:36:40.000000000Z[0m [1;33m[WARN] TRADER-001.nautilus_common::cache: Cannot calculate unrealized PnL for P-20260106-083500-001-140724825183112-5, no quotes for ETHUSDT-PERP.BINANCE[0m
[1m2026-01-06T09:36:50.000000000Z[0m [1;33m[WARN] TRADER-001.nautilus_common::cache: Cannot calculate unrealized PnL for P-20260106-083500-001-140724825183112-5, no quotes for ETHUSDT-PERP.BINANCE[0m
[1m2026-01-06T09:36:59.999000000Z[0m [1;33m[WARN] TRADER-001.nautilus_common::cache: Cannot calculate unrealized PnL for P-20260106-083500-001-140724825183112-5, no quotes for ETHUSDT-PERP.BINANCE[0m
[1m2026-01-06T09:37:00.000000000Z[0m [1;33m[WARN] TRADER-001.nautilus_common::cache: Cannot calculate unrealized PnL for P-20260106-083500-001-140724825183112-5, no quotes for ETHUSDT-PERP.BINANCE[0m
[1m2026-01-06T09:37:10.000000000Z[0m [1;33m[WARN] TRADER-001.nautilus_common::cache: Cannot calculate unrealized PnL for P-20260106-083500-001-140724825183112-5, no quotes for ETHUSDT-PERP.BINANCE[0m
[1m2026-01-06T09:37:20.000000000Z[0m [1;33m[WARN] TRADER-001.nautilus_common::cache: Cannot calculate unrealized PnL for P-20260106-083500-001-140724825183112-5, no quotes for ETHUSDT-PERP.BINANCE[0m
[1m2026-01-06T09:37:30.000000000Z[0m [1;33m[WARN] TRADER-001.nautilus_common::cache: Cannot calculate unrealized PnL for P-20260106-083500-001-140724825183112-5, no quotes for ETHUSDT-PERP.BINANCE[0m
[1m2026-01-06T09:37:40.000000000Z[0m [1;33m[WARN] TRADER-001.nautilus_common::cache: Cannot calculate unrealized PnL for P-20260106-083500-001-140724825183112-5, no quotes for ETHUSDT-PERP.BINANCE[0m
[1m2026-01-06T09:37:50.000000000Z[0m [1;33m[WARN] TRADER-001.nautilus_common::cache: Cannot calculate unrealized PnL for P-20260106-083500-001-140724825183112-5, no quotes for ETHUSDT-PERP.BINANCE[0m
[1m2026-01-06T09:37:59.999000000Z[0m [1;33m[WARN] TRADER-001.nautilus_common::cache: Cannot calculate unrealized PnL for P-20260106-083500-001-140724825183112-5, no quotes for ETHUSDT-PERP.BINANCE[0m
[1m2026-01-06T09:38:00.000000000Z[0m [1;33m[WARN] TRADER-001.nautilus_common::cache: Cannot calculate unrealized PnL for P-20260106-083500-001-140724825183112-5, no quotes for ETHUSDT-PERP.BINANCE[0m
[1m2026-01-06T09:38:10.000000000Z[0m [1;33m[WARN] TRADER-001.nautilus_common::cache: Cannot calculate unrealized PnL for P-20260106-083500-001-140724825183112-5, no quotes for ETHUSDT-PERP.BINANCE[0m
[1m2026-01-06T09:38:20.000000000Z[0m [1;33m[WARN] TRADER-001.nautilus_common::cache: Cannot calculate unrealized PnL for P-20260106-083500-001-140724825183112-5, no quotes for ETHUSDT-PERP.BINANCE[0m
[1m2026-01-06T09:38:30.000000000Z[0m [1;33m[WARN] TRADER-001.nautilus_common::cache: Cannot calculate unrealized PnL for P-20260106-083500-001-140724825183112-5, no quotes for ETHUSDT-PERP.BINANCE[0m
[1m2026-01-06T09:38:40.000000000Z[0m [1;33m[WARN] TRADER-001.nautilus_common::cache: Cannot calculate unrealized PnL for P-20260106-083500-001-140724825183112-5, no quotes for ETHUSDT-PERP.BINANCE[0m
[1m2026-01-06T09:38:50.000000000Z[0m [1;33m[WARN] TRADER-001.nautilus_common::cache: Cannot calculate unrealized PnL for P-20260106-083500-001-140724825183112-5, no quotes for ETHUSDT-PERP.BINANCE[0m
[1m2026-01-06T09:38:59.999000000Z[0m [1;33m[WARN] TRADER-001.nautilus_common::cache: Cannot calculate unrealized PnL for P-20260106-083500-001-140724825183112-5, no quotes for ETHUSDT-PERP.BINANCE[0m
[1m2026-01-06T09:39:00.000000000Z[0m [1;33m[WARN] TRADER-001.nautilus_common::cache: Cannot calculate unrealized PnL for P-20260106-083500-001-140724825183112-5, no quotes for ETHUSDT-PERP.BINANCE[0m
[1m2026-01-06T09:39:10.000000000Z[0m [1;33m[WARN] TRADER-001.nautilus_common::cache: Cannot calculate unrealized PnL for P-20260106-083500-001-140724825183112-5, no quotes for ETHUSDT-PERP.BINANCE[0m
[1m2026-01-06T09:39:20.000000000Z[0m [1;33m[WARN] TRADER-001.nautilus_common::cache: Cannot calculate unrealized PnL for P-20260106-083500-001-140724825183112-5, no quotes for ETHUSDT-PERP.BINANCE[0m
[1m2026-01-06T09:39:30.000000000Z[0m [1;33m[WARN] TRADER-001.nautilus_common::cache: Cannot calculate unrealized PnL for P-20260106-083500-001-140724825183112-5, no quotes for ETHUSDT-PERP.BINANCE[0m
[1m2026-01-06T09:39:40.000000000Z[0m [1;33m[WARN] TRADER-001.nautilus_common::cache: Cannot calculate unrealized PnL for P-20260106-083500-001-140724825183112-5, no quotes for ETHUSDT-PERP.BINANCE[0m
[1m2026-01-06T09:39:50.000000000Z[0m [1;33m[WARN] TRADER-001.nautilus_common::cache: Cannot calculate unrealized PnL for P-20260106-083500-001-140724825183112-5, no quotes for ETHUSDT-PERP.BINANCE[0m
[1m2026-01-06T09:39:59.999000000Z[0m [1;33m[WARN] TRADER-001.nautilus_common::cache: Cannot calculate unrealized PnL for P-20260106-083500-001-140724825183112-5, no quotes for ETHUSDT-PERP.BINANCE[0m
[1m2026-01-06T09:40:00.000000000Z[0m [1;33m[WARN] TRADER-001.nautilus_common::cache: Cannot calculate unrealized PnL for P-20260106-083500-001-140724825183112-5, no quotes for ETHUSDT-PERP.BINANCE[0m
[1m2026-01-06T09:40:10.000000000Z[0m [1;33m[WARN] TRADER-001.nautilus_common::cache: Cannot calculate unrealized PnL for P-20260106-083500-001-140724825183112-5, no quotes for ETHUSDT-PERP.BINANCE[0m
[1m2026-01-06T09:40:20.000000000Z[0m [1;33m[WARN] TRADER-001.nautilus_common::cache: Cannot calculate unrealized PnL for P-20260106-083500-001-140724825183112-5, no quotes for ETHUSDT-PERP.BINANCE[0m
[1m2026-01-06T09:40:30.000000000Z[0m [1;33m[WARN] TRADER-001.nautilus_common::cache: Cannot calculate unrealized PnL for P-20260106-083500-001-140724825183112-5, no quotes for ETHUSDT-PERP.BINANCE[0m
[1m2026-01-06T09:40:40.000000000Z[0m [1;33m[WARN] TRADER-001.nautilus_common::cache: Cannot calculate unrealized PnL for P-20260106-083500-001-140724825183112-5, no quotes for ETHUSDT-PERP.BINANCE[0m
[1m2026-01-06T09:40:50.000000000Z[0m [1;33m[WARN] TRADER-001.nautilus_common::cache: Cannot calculate unrealized PnL for P-20260106-083500-001-140724825183112-5, no quotes for ETHUSDT-PERP.BINANCE[0m
[1m2026-01-06T09:40:59.999000000Z[0m [1;33m[WARN] TRADER-001.nautilus_common::cache: Cannot calculate unrealized PnL for P-20260106-083500-001-140724825183112-5, no quotes for ETHUSDT-PERP.BINANCE[0m
[1m2026-01-06T09:41:00.000000000Z[0m [1;33m[WARN] TRADER-001.nautilus_common::cache: Cannot calculate unrealized PnL for P-20260106-083500-001-140724825183112-5, no quotes for ETHUSDT-PERP.BINANCE[0m
[1m2026-01-06T09:41:10.000000000Z[0m [1;33m[WARN] TRADER-001.nautilus_common::cache: Cannot calculate unrealized PnL for P-20260106-083500-001-140724825183112-5, no quotes for ETHUSDT-PERP.BINANCE[0m
[1m2026-01-06T09:41:20.000000000Z[0m [1;33m[WARN] TRADER-001.nautilus_common::cache: Cannot calculate unrealized PnL for P-20260106-083500-001-140724825183112-5, no quotes for ETHUSDT-PERP.BINANCE[0m
[1m2026-01-06T09:41:30.000000000Z[0m [1;33m[WARN] TRADER-001.nautilus_common::cache: Cannot calculate unrealized PnL for P-20260106-083500-001-140724825183112-5, no quotes for ETHUSDT-PERP.BINANCE[0m
[1m2026-01-06T09:41:40.000000000Z[0m [1;33m[WARN] TRADER-001.nautilus_common::cache: Cannot calculate unrealized PnL for P-20260106-083500-001-140724825183112-5, no quotes for ETHUSDT-PERP.BINANCE[0m
[1m2026-01-06T09:41:50.000000000Z[0m [1;33m[WARN] TRADER-001.nautilus_common::cache: Cannot calculate unrealized PnL for P-20260106-083500-001-140724825183112-5, no quotes for ETHUSDT-PERP.BINANCE[0m
[1m2026-01-06T09:41:59.999000000Z[0m [1;33m[WARN] TRADER-001.nautilus_common::cache: Cannot calculate unrealized PnL for P-20260106-083500-001-140724825183112-5, no quotes for ETHUSDT-PERP.BINANCE[0m
[1m2026-01-06T09:42:00.000000000Z[0m [1;33m[WARN] TRADER-001.nautilus_common::cache: Cannot calculate unrealized PnL for P-20260106-083500-001-140724825183112-5, no quotes for ETHUSDT-PERP.BINANCE[0m
[1m2026-01-06T09:42:10.000000000Z[0m [1;33m[WARN] TRADER-001.nautilus_common::cache: Cannot calculate unrealized PnL for P-20260106-083500-001-140724825183112-5, no quotes for ETHUSDT-PERP.BINANCE[0m
[1m2026-01-06T09:42:20.000000000Z[0m [1;33m[WARN] TRADER-001.nautilus_common::cache: Cannot calculate unrealized PnL for P-20260106-083500-001-140724825183112-5, no quotes for ETHUSDT-PERP.BINANCE[0m
[1m2026-01-06T09:42:30.000000000Z[0m [1;33m[WARN] TRADER-001.nautilus_common::cache: Cannot calculate unrealized PnL for P-20260106-083500-001-140724825183112-5, no quotes for ETHUSDT-PERP.BINANCE[0m
[1m2026-01-06T09:42:40.000000000Z[0m [1;33m[WARN] TRADER-001.nautilus_common::cache: Cannot calculate unrealized PnL for P-20260106-083500-001-140724825183112-5, no quotes for ETHUSDT-PERP.BINANCE[0m
[1m2026-01-06T09:42:50.000000000Z[0m [1;33m[WARN] TRADER-001.nautilus_common::cache: Cannot calculate unrealized PnL for P-20260106-083500-001-140724825183112-5, no quotes for ETHUSDT-PERP.BINANCE[0m
[1m2026-01-06T09:42:59.999000000Z[0m [1;33m[WARN] TRADER-001.nautilus_common::cache: Cannot calculate unrealized PnL for P-20260106-083500-001-140724825183112-5, no quotes for ETHUSDT-PERP.BINANCE[0m
[1m2026-01-06T09:43:00.000000000Z[0m [1;33m[WARN] TRADER-001.nautilus_common::cache: Cannot calculate unrealized PnL for P-20260106-083500-001-140724825183112-5, no quotes for ETHUSDT-PERP.BINANCE[0m
[1m2026-01-06T09:43:10.000000000Z[0m [1;33m[WARN] TRADER-001.nautilus_common::cache: Cannot calculate unrealized PnL for P-20260106-083500-001-140724825183112-5, no quotes for ETHUSDT-PERP.BINANCE[0m
[1m2026-01-06T09:43:20.000000000Z[0m [1;33m[WARN] TRADER-001.nautilus_common::cache: Cannot calculate unrealized PnL for P-20260106-083500-001-140724825183112-5, no quotes for ETHUSDT-PERP.BINANCE[0m
[1m2026-01-06T09:43:30.000000000Z[0m [1;33m[WARN] TRADER-001.nautilus_common::cache: Cannot calculate unrealized PnL for P-20260106-083500-001-140724825183112-5, no quotes for ETHUSDT-PERP.BINANCE[0m
[1m2026-01-06T09:43:40.000000000Z[0m [1;33m[WARN] TRADER-001.nautilus_common::cache: Cannot calculate unrealized PnL for P-20260106-083500-001-140724825183112-5, no quotes for ETHUSDT-PERP.BINANCE[0m
[1m2026-01-06T09:43:50.000000000Z[0m [1;33m[WARN] TRADER-001.nautilus_common::cache: Cannot calculate unrealized PnL for P-20260106-083500-001-140724825183112-5, no quotes for ETHUSDT-PERP.BINANCE[0m
[1m2026-01-06T09:43:59.999000000Z[0m [1;33m[WARN] TRADER-001.nautilus_common::cache: Cannot calculate unrealized PnL for P-20260106-083500-001-140724825183112-5, no quotes for ETHUSDT-PERP.BINANCE[0m
[1m2026-01-06T09:44:00.000000000Z[0m [1;33m[WARN] TRADER-001.nautilus_common::cache: Cannot calculate unrealized PnL for P-20260106-083500-001-140724825183112-5, no quotes for ETHUSDT-PERP.BINANCE[0m
[1m2026-01-06T09:44:10.000000000Z[0m [1;33m[WARN] TRADER-001.nautilus_common::cache: Cannot calculate unrealized PnL for P-20260106-083500-001-140724825183112-5, no quotes for ETHUSDT-PERP.BINANCE[0m
[1m2026-01-06T09:44:20.000000000Z[0m [1;33m[WARN] TRADER-001.nautilus_common::cache: Cannot calculate unrealized PnL for P-20260106-083500-001-140724825183112-5, no quotes for ETHUSDT-PERP.BINANCE[0m
[1m2026-01-06T09:44:30.000000000Z[0m [1;33m[WARN] TRADER-001.nautilus_common::cache: Cannot calculate unrealized PnL for P-20260106-083500-001-140724825183112-5, no quotes for ETHUSDT-PERP.BINANCE[0m
[1m2026-01-06T09:44:40.000000000Z[0m [1;33m[WARN] TRADER-001.nautilus_common::cache: Cannot calculate unrealized PnL for P-20260106-083500-001-140724825183112-5, no quotes for ETHUSDT-PERP.BINANCE[0m
[1m2026-01-06T09:44:50.000000000Z[0m [1;33m[WARN] TRADER-001.nautilus_common::cache: Cannot calculate unrealized PnL for P-20260106-083500-001-140724825183112-5, no quotes for ETHUSDT-PERP.BINANCE[0m
[1m2026-01-06T09:44:59.999000000Z[0m [1;33m[WARN] TRADER-001.nautilus_common::cache: Cannot calculate unrealized PnL for P-20260106-083500-001-140724825183112-5, no quotes for ETHUSDT-PERP.BINANCE[0m
[1m2026-01-06T09:45:00.000000000Z[0m [1;33m[WARN] TRADER-001.nautilus_common::cache: Cannot calculate unrealized PnL for P-20260106-083500-001-140724825183112-5, no quotes for ETHUSDT-PERP.BINANCE[0m
[1m2026-01-06T09:45:10.000000000Z[0m [1;33m[WARN] TRADER-001.nautilus_common::cache: Cannot calculate unrealized PnL for P-20260106-083500-001-140724825183112-5, no quotes for ETHUSDT-PERP.BINANCE[0m
[1m2026-01-06T09:45:20.000000000Z[0m [1;33m[WARN] TRADER-001.nautilus_common::cache: Cannot calculate unrealized PnL for P-20260106-083500-001-140724825183112-5, no quotes for ETHUSDT-PERP.BINANCE[0m
[1m2026-01-06T09:45:30.000000000Z[0m [1;33m[WARN] TRADER-001.nautilus_common::cache: Cannot calculate unrealized PnL for P-20260106-083500-001-140724825183112-5, no quotes for ETHUSDT-PERP.BINANCE[0m
[1m2026-01-06T09:45:40.000000000Z[0m [1;33m[WARN] TRADER-001.nautilus_common::cache: Cannot calculate unrealized PnL for P-20260106-083500-001-140724825183112-5, no quotes for ETHUSDT-PERP.BINANCE[0m
[1m2026-01-06T09:45:50.000000000Z[0m [1;33m[WARN] TRADER-001.nautilus_common::cache: Cannot calculate unrealized PnL for P-20260106-083500-001-140724825183112-5, no quotes for ETHUSDT-PERP.BINANCE[0m
[1m2026-01-06T09:45:59.999000000Z[0m [1;33m[WARN] TRADER-001.nautilus_common::cache: Cannot calculate unrealized PnL for P-20260106-083500-001-140724825183112-5, no quotes for ETHUSDT-PERP.BINANCE[0m
[1m2026-01-06T09:46:00.000000000Z[0m [1;33m[WARN] TRADER-001.nautilus_common::cache: Cannot calculate unrealized PnL for P-20260106-083500-001-140724825183112-5, no quotes for ETHUSDT-PERP.BINANCE[0m
[1m2026-01-06T09:46:10.000000000Z[0m [1;33m[WARN] TRADER-001.nautilus_common::cache: Cannot calculate unrealized PnL for P-20260106-083500-001-140724825183112-5, no quotes for ETHUSDT-PERP.BINANCE[0m
[1m2026-01-06T09:46:20.000000000Z[0m [1;33m[WARN] TRADER-001.nautilus_common::cache: Cannot calculate unrealized PnL for P-20260106-083500-001-140724825183112-5, no quotes for ETHUSDT-PERP.BINANCE[0m
[1m2026-01-06T09:46:30.000000000Z[0m [1;33m[WARN] TRADER-001.nautilus_common::cache: Cannot calculate unrealized PnL for P-20260106-083500-001-140724825183112-5, no quotes for ETHUSDT-PERP.BINANCE[0m
[1m2026-01-06T09:46:40.000000000Z[0m [1;33m[WARN] TRADER-001.nautilus_common::cache: Cannot calculate unrealized PnL for P-20260106-083500-001-140724825183112-5, no quotes for ETHUSDT-PERP.BINANCE[0m
[1m2026-01-06T09:46:50.000000000Z[0m [1;33m[WARN] TRADER-001.nautilus_common::cache: Cannot calculate unrealized PnL for P-20260106-083500-001-140724825183112-5, no quotes for ETHUSDT-PERP.BINANCE[0m
[1m2026-01-06T09:46:59.999000000Z[0m [1;33m[WARN] TRADER-001.nautilus_common::cache: Cannot calculate unrealized PnL for P-20260106-083500-001-140724825183112-5, no quotes for ETHUSDT-PERP.BINANCE[0m
[1m2026-01-06T09:47:00.000000000Z[0m [1;33m[WARN] TRADER-001.nautilus_common::cache: Cannot calculate unrealized PnL for P-20260106-083500-001-140724825183112-5, no quotes for ETHUSDT-PERP.BINANCE[0m
[1m2026-01-06T09:47:10.000000000Z[0m [1;33m[WARN] TRADER-001.nautilus_common::cache: Cannot calculate unrealized PnL for P-20260106-083500-001-140724825183112-5, no quotes for ETHUSDT-PERP.BINANCE[0m
[1m2026-01-06T09:47:20.000000000Z[0m [1;33m[WARN] TRADER-001.nautilus_common::cache: Cannot calculate unrealized PnL for P-20260106-083500-001-140724825183112-5, no quotes for ETHUSDT-PERP.BINANCE[0m
[1m2026-01-06T09:47:30.000000000Z[0m [1;33m[WARN] TRADER-001.nautilus_common::cache: Cannot calculate unrealized PnL for P-20260106-083500-001-140724825183112-5, no quotes for ETHUSDT-PERP.BINANCE[0m
[1m2026-01-06T09:47:40.000000000Z[0m [1;33m[WARN] TRADER-001.nautilus_common::cache: Cannot calculate unrealized PnL for P-20260106-083500-001-140724825183112-5, no quotes for ETHUSDT-PERP.BINANCE[0m
[1m2026-01-06T09:47:50.000000000Z[0m [1;33m[WARN] TRADER-001.nautilus_common::cache: Cannot calculate unrealized PnL for P-20260106-083500-001-140724825183112-5, no quotes for ETHUSDT-PERP.BINANCE[0m
[1m2026-01-06T09:47:59.999000000Z[0m [1;33m[WARN] TRADER-001.nautilus_common::cache: Cannot calculate unrealized PnL for P-20260106-083500-001-140724825183112-5, no quotes for ETHUSDT-PERP.BINANCE[0m
[1m2026-01-06T09:48:00.000000000Z[0m [1;33m[WARN] TRADER-001.nautilus_common::cache: Cannot calculate unrealized PnL for P-20260106-083500-001-140724825183112-5, no quotes for ETHUSDT-PERP.BINANCE[0m
[1m2026-01-06T09:48:10.000000000Z[0m [1;33m[WARN] TRADER-001.nautilus_common::cache: Cannot calculate unrealized PnL for P-20260106-083500-001-140724825183112-5, no quotes for ETHUSDT-PERP.BINANCE[0m
[1m2026-01-06T09:48:20.000000000Z[0m [1;33m[WARN] TRADER-001.nautilus_common::cache: Cannot calculate unrealized PnL for P-20260106-083500-001-140724825183112-5, no quotes for ETHUSDT-PERP.BINANCE[0m
[1m2026-01-06T09:48:30.000000000Z[0m [1;33m[WARN] TRADER-001.nautilus_common::cache: Cannot calculate unrealized PnL for P-20260106-083500-001-140724825183112-5, no quotes for ETHUSDT-PERP.BINANCE[0m
[1m2026-01-06T09:48:40.000000000Z[0m [1;33m[WARN] TRADER-001.nautilus_common::cache: Cannot calculate unrealized PnL for P-20260106-083500-001-140724825183112-5, no quotes for ETHUSDT-PERP.BINANCE[0m
[1m2026-01-06T09:48:50.000000000Z[0m [1;33m[WARN] TRADER-001.nautilus_common::cache: Cannot calculate unrealized PnL for P-20260106-083500-001-140724825183112-5, no quotes for ETHUSDT-PERP.BINANCE[0m
[1m2026-01-06T09:48:59.999000000Z[0m [1;33m[WARN] TRADER-001.nautilus_common::cache: Cannot calculate unrealized PnL for P-20260106-083500-001-140724825183112-5, no quotes for ETHUSDT-PERP.BINANCE[0m
[1m2026-01-06T09:49:00.000000000Z[0m [1;33m[WARN] TRADER-001.nautilus_common::cache: Cannot calculate unrealized PnL for P-20260106-083500-001-140724825183112-5, no quotes for ETHUSDT-PERP.BINANCE[0m
[1m2026-01-06T09:49:10.000000000Z[0m [1;33m[WARN] TRADER-001.nautilus_common::cache: Cannot calculate unrealized PnL for P-20260106-083500-001-140724825183112-5, no quotes for ETHUSDT-PERP.BINANCE[0m
[1m2026-01-06T09:49:20.000000000Z[0m [1;33m[WARN] TRADER-001.nautilus_common::cache: Cannot calculate unrealized PnL for P-20260106-083500-001-140724825183112-5, no quotes for ETHUSDT-PERP.BINANCE[0m
[1m2026-01-06T09:49:30.000000000Z[0m [1;33m[WARN] TRADER-001.nautilus_common::cache: Cannot calculate unrealized PnL for P-20260106-083500-001-140724825183112-5, no quotes for ETHUSDT-PERP.BINANCE[0m
[1m2026-01-06T09:49:40.000000000Z[0m [1;33m[WARN] TRADER-001.nautilus_common::cache: Cannot calculate unrealized PnL for P-20260106-083500-001-140724825183112-5, no quotes for ETHUSDT-PERP.BINANCE[0m
[1m2026-01-06T09:49:50.000000000Z[0m [1;33m[WARN] TRADER-001.nautilus_common::cache: Cannot calculate unrealized PnL for P-20260106-083500-001-140724825183112-5, no quotes for ETHUSDT-PERP.BINANCE[0m
[1m2026-01-06T09:49:59.999000000Z[0m [1;33m[WARN] TRADER-001.nautilus_common::cache: Cannot calculate unrealized PnL for P-20260106-083500-001-140724825183112-5, no quotes for ETHUSDT-PERP.BINANCE[0m
[1m2026-01-06T09:50:00.000000000Z[0m [1;33m[WARN] TRADER-001.nautilus_common::cache: Cannot calculate unrealized PnL for P-20260106-083500-001-140724825183112-5, no quotes for ETHUSDT-PERP.BINANCE[0m
[1m2026-01-06T09:50:10.000000000Z[0m [1;33m[WARN] TRADER-001.nautilus_common::cache: Cannot calculate unrealized PnL for P-20260106-083500-001-140724825183112-5, no quotes for ETHUSDT-PERP.BINANCE[0m
[1m2026-01-06T09:50:20.000000000Z[0m [1;33m[WARN] TRADER-001.nautilus_common::cache: Cannot calculate unrealized PnL for P-20260106-083500-001-140724825183112-5, no quotes for ETHUSDT-PERP.BINANCE[0m
[1m2026-01-06T09:50:30.000000000Z[0m [1;33m[WARN] TRADER-001.nautilus_common::cache: Cannot calculate unrealized PnL for P-20260106-083500-001-140724825183112-5, no quotes for ETHUSDT-PERP.BINANCE[0m
[1m2026-01-06T09:50:40.000000000Z[0m [1;33m[WARN] TRADER-001.nautilus_common::cache: Cannot calculate unrealized PnL for P-20260106-083500-001-140724825183112-5, no quotes for ETHUSDT-PERP.BINANCE[0m
[1m2026-01-06T09:50:50.000000000Z[0m [1;33m[WARN] TRADER-001.nautilus_common::cache: Cannot calculate unrealized PnL for P-20260106-083500-001-140724825183112-5, no quotes for ETHUSDT-PERP.BINANCE[0m
[1m2026-01-06T09:50:59.999000000Z[0m [1;33m[WARN] TRADER-001.nautilus_common::cache: Cannot calculate unrealized PnL for P-20260106-083500-001-140724825183112-5, no quotes for ETHUSDT-PERP.BINANCE[0m
[1m2026-01-06T09:51:00.000000000Z[0m [1;33m[WARN] TRADER-001.nautilus_common::cache: Cannot calculate unrealized PnL for P-20260106-083500-001-140724825183112-5, no quotes for ETHUSDT-PERP.BINANCE[0m
[1m2026-01-06T09:51:10.000000000Z[0m [1;33m[WARN] TRADER-001.nautilus_common::cache: Cannot calculate unrealized PnL for P-20260106-083500-001-140724825183112-5, no quotes for ETHUSDT-PERP.BINANCE[0m
[1m2026-01-06T09:51:20.000000000Z[0m [1;33m[WARN] TRADER-001.nautilus_common::cache: Cannot calculate unrealized PnL for P-20260106-083500-001-140724825183112-5, no quotes for ETHUSDT-PERP.BINANCE[0m
[1m2026-01-06T09:51:30.000000000Z[0m [1;33m[WARN] TRADER-001.nautilus_common::cache: Cannot calculate unrealized PnL for P-20260106-083500-001-140724825183112-5, no quotes for ETHUSDT-PERP.BINANCE[0m
[1m2026-01-06T09:51:40.000000000Z[0m [1;33m[WARN] TRADER-001.nautilus_common::cache: Cannot calculate unrealized PnL for P-20260106-083500-001-140724825183112-5, no quotes for ETHUSDT-PERP.BINANCE[0m
[1m2026-01-06T09:51:50.000000000Z[0m [1;33m[WARN] TRADER-001.nautilus_common::cache: Cannot calculate unrealized PnL for P-20260106-083500-001-140724825183112-5, no quotes for ETHUSDT-PERP.BINANCE[0m
[1m2026-01-06T09:51:59.999000000Z[0m [1;33m[WARN] TRADER-001.nautilus_common::cache: Cannot calculate unrealized PnL for P-20260106-083500-001-140724825183112-5, no quotes for ETHUSDT-PERP.BINANCE[0m
[1m2026-01-06T09:52:00.000000000Z[0m [1;33m[WARN] TRADER-001.nautilus_common::cache: Cannot calculate unrealized PnL for P-20260106-083500-001-140724825183112-5, no quotes for ETHUSDT-PERP.BINANCE[0m
[1m2026-01-06T09:52:10.000000000Z[0m [1;33m[WARN] TRADER-001.nautilus_common::cache: Cannot calculate unrealized PnL for P-20260106-083500-001-140724825183112-5, no quotes for ETHUSDT-PERP.BINANCE[0m
[1m2026-01-06T09:52:20.000000000Z[0m [1;33m[WARN] TRADER-001.nautilus_common::cache: Cannot calculate unrealized PnL for P-20260106-083500-001-140724825183112-5, no quotes for ETHUSDT-PERP.BINANCE[0m
[1m2026-01-06T09:52:30.000000000Z[0m [1;33m[WARN] TRADER-001.nautilus_common::cache: Cannot calculate unrealized PnL for P-20260106-083500-001-140724825183112-5, no quotes for ETHUSDT-PERP.BINANCE[0m
[1m2026-01-06T09:52:40.000000000Z[0m [1;33m[WARN] TRADER-001.nautilus_common::cache: Cannot calculate unrealized PnL for P-20260106-083500-001-140724825183112-5, no quotes for ETHUSDT-PERP.BINANCE[0m
[1m2026-01-06T09:52:50.000000000Z[0m [1;33m[WARN] TRADER-001.nautilus_common::cache: Cannot calculate unrealized PnL for P-20260106-083500-001-140724825183112-5, no quotes for ETHUSDT-PERP.BINANCE[0m
[1m2026-01-06T09:52:59.999000000Z[0m [1;33m[WARN] TRADER-001.nautilus_common::cache: Cannot calculate unrealized PnL for P-20260106-083500-001-140724825183112-5, no quotes for ETHUSDT-PERP.BINANCE[0m
[1m2026-01-06T09:53:00.000000000Z[0m [1;33m[WARN] TRADER-001.nautilus_common::cache: Cannot calculate unrealized PnL for P-20260106-083500-001-140724825183112-5, no quotes for ETHUSDT-PERP.BINANCE[0m
[1m2026-01-06T09:53:10.000000000Z[0m [1;33m[WARN] TRADER-001.nautilus_common::cache: Cannot calculate unrealized PnL for P-20260106-083500-001-140724825183112-5, no quotes for ETHUSDT-PERP.BINANCE[0m
[1m2026-01-06T09:53:20.000000000Z[0m [1;33m[WARN] TRADER-001.nautilus_common::cache: Cannot calculate unrealized PnL for P-20260106-083500-001-140724825183112-5, no quotes for ETHUSDT-PERP.BINANCE[0m
[1m2026-01-06T09:53:30.000000000Z[0m [1;33m[WARN] TRADER-001.nautilus_common::cache: Cannot calculate unrealized PnL for P-20260106-083500-001-140724825183112-5, no quotes for ETHUSDT-PERP.BINANCE[0m
[1m2026-01-06T09:53:40.000000000Z[0m [1;33m[WARN] TRADER-001.nautilus_common::cache: Cannot calculate unrealized PnL for P-20260106-083500-001-140724825183112-5, no quotes for ETHUSDT-PERP.BINANCE[0m
[1m2026-01-06T09:53:50.000000000Z[0m [1;33m[WARN] TRADER-001.nautilus_common::cache: Cannot calculate unrealized PnL for P-20260106-083500-001-140724825183112-5, no quotes for ETHUSDT-PERP.BINANCE[0m
[1m2026-01-06T09:53:59.999000000Z[0m [1;33m[WARN] TRADER-001.nautilus_common::cache: Cannot calculate unrealized PnL for P-20260106-083500-001-140724825183112-5, no quotes for ETHUSDT-PERP.BINANCE[0m
[1m2026-01-06T09:54:00.000000000Z[0m [1;33m[WARN] TRADER-001.nautilus_common::cache: Cannot calculate unrealized PnL for P-20260106-083500-001-140724825183112-5, no quotes for ETHUSDT-PERP.BINANCE[0m
[1m2026-01-06T09:54:10.000000000Z[0m [1;33m[WARN] TRADER-001.nautilus_common::cache: Cannot calculate unrealized PnL for P-20260106-083500-001-140724825183112-5, no quotes for ETHUSDT-PERP.BINANCE[0m
[1m2026-01-06T09:54:20.000000000Z[0m [1;33m[WARN] TRADER-001.nautilus_common::cache: Cannot calculate unrealized PnL for P-20260106-083500-001-140724825183112-5, no quotes for ETHUSDT-PERP.BINANCE[0m
[1m2026-01-06T09:54:30.000000000Z[0m [1;33m[WARN] TRADER-001.nautilus_common::cache: Cannot calculate unrealized PnL for P-20260106-083500-001-140724825183112-5, no quotes for ETHUSDT-PERP.BINANCE[0m
[1m2026-01-06T09:54:40.000000000Z[0m [1;33m[WARN] TRADER-001.nautilus_common::cache: Cannot calculate unrealized PnL for P-20260106-083500-001-140724825183112-5, no quotes for ETHUSDT-PERP.BINANCE[0m
[1m2026-01-06T09:54:50.000000000Z[0m [1;33m[WARN] TRADER-001.nautilus_common::cache: Cannot calculate unrealized PnL for P-20260106-083500-001-140724825183112-5, no quotes for ETHUSDT-PERP.BINANCE[0m
[1m2026-01-06T09:54:59.999000000Z[0m [1;33m[WARN] TRADER-001.nautilus_common::cache: Cannot calculate unrealized PnL for P-20260106-083500-001-140724825183112-5, no quotes for ETHUSDT-PERP.BINANCE[0m
[1m2026-01-06T09:55:00.000000000Z[0m [1;33m[WARN] TRADER-001.nautilus_common::cache: Cannot calculate unrealized PnL for P-20260106-083500-001-140724825183112-5, no quotes for ETHUSDT-PERP.BINANCE[0m
[1m2026-01-06T09:55:10.000000000Z[0m [1;33m[WARN] TRADER-001.nautilus_common::cache: Cannot calculate unrealized PnL for P-20260106-083500-001-140724825183112-5, no quotes for ETHUSDT-PERP.BINANCE[0m
[1m2026-01-06T09:55:20.000000000Z[0m [1;33m[WARN] TRADER-001.nautilus_common::cache: Cannot calculate unrealized PnL for P-20260106-083500-001-140724825183112-5, no quotes for ETHUSDT-PERP.BINANCE[0m
[1m2026-01-06T09:55:30.000000000Z[0m [1;33m[WARN] TRADER-001.nautilus_common::cache: Cannot calculate unrealized PnL for P-20260106-083500-001-140724825183112-5, no quotes for ETHUSDT-PERP.BINANCE[0m
[1m2026-01-06T09:55:40.000000000Z[0m [1;33m[WARN] TRADER-001.nautilus_common::cache: Cannot calculate unrealized PnL for P-20260106-083500-001-140724825183112-5, no quotes for ETHUSDT-PERP.BINANCE[0m
[1m2026-01-06T09:55:50.000000000Z[0m [1;33m[WARN] TRADER-001.nautilus_common::cache: Cannot calculate unrealized PnL for P-20260106-083500-001-140724825183112-5, no quotes for ETHUSDT-PERP.BINANCE[0m
[1m2026-01-06T09:55:59.999000000Z[0m [1;33m[WARN] TRADER-001.nautilus_common::cache: Cannot calculate unrealized PnL for P-20260106-083500-001-140724825183112-5, no quotes for ETHUSDT-PERP.BINANCE[0m
[1m2026-01-06T09:56:00.000000000Z[0m [1;33m[WARN] TRADER-001.nautilus_common::cache: Cannot calculate unrealized PnL for P-20260106-083500-001-140724825183112-5, no quotes for ETHUSDT-PERP.BINANCE[0m
[1m2026-01-06T09:56:10.000000000Z[0m [1;33m[WARN] TRADER-001.nautilus_common::cache: Cannot calculate unrealized PnL for P-20260106-083500-001-140724825183112-5, no quotes for ETHUSDT-PERP.BINANCE[0m
[1m2026-01-06T09:56:20.000000000Z[0m [1;33m[WARN] TRADER-001.nautilus_common::cache: Cannot calculate unrealized PnL for P-20260106-083500-001-140724825183112-5, no quotes for ETHUSDT-PERP.BINANCE[0m
[1m2026-01-06T09:56:30.000000000Z[0m [1;33m[WARN] TRADER-001.nautilus_common::cache: Cannot calculate unrealized PnL for P-20260106-083500-001-140724825183112-5, no quotes for ETHUSDT-PERP.BINANCE[0m
[1m2026-01-06T09:56:40.000000000Z[0m [1;33m[WARN] TRADER-001.nautilus_common::cache: Cannot calculate unrealized PnL for P-20260106-083500-001-140724825183112-5, no quotes for ETHUSDT-PERP.BINANCE[0m
[1m2026-01-06T09:56:50.000000000Z[0m [1;33m[WARN] TRADER-001.nautilus_common::cache: Cannot calculate unrealized PnL for P-20260106-083500-001-140724825183112-5, no quotes for ETHUSDT-PERP.BINANCE[0m
[1m2026-01-06T09:56:59.999000000Z[0m [1;33m[WARN] TRADER-001.nautilus_common::cache: Cannot calculate unrealized PnL for P-20260106-083500-001-140724825183112-5, no quotes for ETHUSDT-PERP.BINANCE[0m
[1m2026-01-06T09:57:00.000000000Z[0m [1;33m[WARN] TRADER-001.nautilus_common::cache: Cannot calculate unrealized PnL for P-20260106-083500-001-140724825183112-5, no quotes for ETHUSDT-PERP.BINANCE[0m
[1m2026-01-06T09:57:10.000000000Z[0m [1;33m[WARN] TRADER-001.nautilus_common::cache: Cannot calculate unrealized PnL for P-20260106-083500-001-140724825183112-5, no quotes for ETHUSDT-PERP.BINANCE[0m
[1m2026-01-06T09:57:20.000000000Z[0m [1;33m[WARN] TRADER-001.nautilus_common::cache: Cannot calculate unrealized PnL for P-20260106-083500-001-140724825183112-5, no quotes for ETHUSDT-PERP.BINANCE[0m
[1m2026-01-06T09:57:30.000000000Z[0m [1;33m[WARN] TRADER-001.nautilus_common::cache: Cannot calculate unrealized PnL for P-20260106-083500-001-140724825183112-5, no quotes for ETHUSDT-PERP.BINANCE[0m
[1m2026-01-06T09:57:40.000000000Z[0m [1;33m[WARN] TRADER-001.nautilus_common::cache: Cannot calculate unrealized PnL for P-20260106-083500-001-140724825183112-5, no quotes for ETHUSDT-PERP.BINANCE[0m
[1m2026-01-06T09:57:50.000000000Z[0m [1;33m[WARN] TRADER-001.nautilus_common::cache: Cannot calculate unrealized PnL for P-20260106-083500-001-140724825183112-5, no quotes for ETHUSDT-PERP.BINANCE[0m
[1m2026-01-06T09:57:59.999000000Z[0m [1;33m[WARN] TRADER-001.nautilus_common::cache: Cannot calculate unrealized PnL for P-20260106-083500-001-140724825183112-5, no quotes for ETHUSDT-PERP.BINANCE[0m
[1m2026-01-06T09:58:00.000000000Z[0m [1;33m[WARN] TRADER-001.nautilus_common::cache: Cannot calculate unrealized PnL for P-20260106-083500-001-140724825183112-5, no quotes for ETHUSDT-PERP.BINANCE[0m
[1m2026-01-06T09:58:10.000000000Z[0m [1;33m[WARN] TRADER-001.nautilus_common::cache: Cannot calculate unrealized PnL for P-20260106-083500-001-140724825183112-5, no quotes for ETHUSDT-PERP.BINANCE[0m
[1m2026-01-06T09:58:20.000000000Z[0m [1;33m[WARN] TRADER-001.nautilus_common::cache: Cannot calculate unrealized PnL for P-20260106-083500-001-140724825183112-5, no quotes for ETHUSDT-PERP.BINANCE[0m
[1m2026-01-06T09:58:30.000000000Z[0m [1;33m[WARN] TRADER-001.nautilus_common::cache: Cannot calculate unrealized PnL for P-20260106-083500-001-140724825183112-5, no quotes for ETHUSDT-PERP.BINANCE[0m
[1m2026-01-06T09:58:40.000000000Z[0m [1;33m[WARN] TRADER-001.nautilus_common::cache: Cannot calculate unrealized PnL for P-20260106-083500-001-140724825183112-5, no quotes for ETHUSDT-PERP.BINANCE[0m
[1m2026-01-06T09:58:50.000000000Z[0m [1;33m[WARN] TRADER-001.nautilus_common::cache: Cannot calculate unrealized PnL for P-20260106-083500-001-140724825183112-5, no quotes for ETHUSDT-PERP.BINANCE[0m
[1m2026-01-06T09:58:59.999000000Z[0m [1;33m[WARN] TRADER-001.nautilus_common::cache: Cannot calculate unrealized PnL for P-20260106-083500-001-140724825183112-5, no quotes for ETHUSDT-PERP.BINANCE[0m
[1m2026-01-06T09:59:00.000000000Z[0m [1;33m[WARN] TRADER-001.nautilus_common::cache: Cannot calculate unrealized PnL for P-20260106-083500-001-140724825183112-5, no quotes for ETHUSDT-PERP.BINANCE[0m
[1m2026-01-06T09:59:10.000000000Z[0m [1;33m[WARN] TRADER-001.nautilus_common::cache: Cannot calculate unrealized PnL for P-20260106-083500-001-140724825183112-5, no quotes for ETHUSDT-PERP.BINANCE[0m
[1m2026-01-06T09:59:20.000000000Z[0m [1;33m[WARN] TRADER-001.nautilus_common::cache: Cannot calculate unrealized PnL for P-20260106-083500-001-140724825183112-5, no quotes for ETHUSDT-PERP.BINANCE[0m
[1m2026-01-06T09:59:30.000000000Z[0m [1;33m[WARN] TRADER-001.nautilus_common::cache: Cannot calculate unrealized PnL for P-20260106-083500-001-140724825183112-5, no quotes for ETHUSDT-PERP.BINANCE[0m
[1m2026-01-06T09:59:40.000000000Z[0m [1;33m[WARN] TRADER-001.nautilus_common::cache: Cannot calculate unrealized PnL for P-20260106-083500-001-140724825183112-5, no quotes for ETHUSDT-PERP.BINANCE[0m
[1m2026-01-06T09:59:50.000000000Z[0m [1;33m[WARN] TRADER-001.nautilus_common::cache: Cannot calculate unrealized PnL for P-20260106-083500-001-140724825183112-5, no quotes for ETHUSDT-PERP.BINANCE[0m
[1m2026-01-06T09:59:59.999000000Z[0m [1;33m[WARN] TRADER-001.nautilus_common::cache: Cannot calculate unrealized PnL for P-20260106-083500-001-140724825183112-5, no quotes for ETHUSDT-PERP.BINANCE[0m
[1m2026-01-06T10:00:00.000000000Z[0m [1;33m[WARN] TRADER-001.nautilus_common::cache: Cannot calculate unrealized PnL for P-20260106-083500-001-140724825183112-5, no quotes for ETHUSDT-PERP.BINANCE[0m
[1m2026-01-06T10:00:10.000000000Z[0m [1;33m[WARN] TRADER-001.nautilus_common::cache: Cannot calculate unrealized PnL for P-20260106-083500-001-140724825183112-5, no quotes for ETHUSDT-PERP.BINANCE[0m
[1m2026-01-06T10:00:20.000000000Z[0m [1;33m[WARN] TRADER-001.nautilus_common::cache: Cannot calculate unrealized PnL for P-20260106-083500-001-140724825183112-5, no quotes for ETHUSDT-PERP.BINANCE[0m
[1m2026-01-06T10:00:30.000000000Z[0m [1;33m[WARN] TRADER-001.nautilus_common::cache: Cannot calculate unrealized PnL for P-20260106-083500-001-140724825183112-5, no quotes for ETHUSDT-PERP.BINANCE[0m
[1m2026-01-06T10:00:40.000000000Z[0m [1;33m[WARN] TRADER-001.nautilus_common::cache: Cannot calculate unrealized PnL for P-20260106-083500-001-140724825183112-5, no quotes for ETHUSDT-PERP.BINANCE[0m
[1m2026-01-06T10:00:50.000000000Z[0m [1;33m[WARN] TRADER-001.nautilus_common::cache: Cannot calculate unrealized PnL for P-20260106-083500-001-140724825183112-5, no quotes for ETHUSDT-PERP.BINANCE[0m
[1m2026-01-06T10:00:59.999000000Z[0m [1;33m[WARN] TRADER-001.nautilus_common::cache: Cannot calculate unrealized PnL for P-20260106-083500-001-140724825183112-5, no quotes for ETHUSDT-PERP.BINANCE[0m
[1m2026-01-06T10:01:00.000000000Z[0m [1;33m[WARN] TRADER-001.nautilus_common::cache: Cannot calculate unrealized PnL for P-20260106-083500-001-140724825183112-5, no quotes for ETHUSDT-PERP.BINANCE[0m
[1m2026-01-06T10:01:10.000000000Z[0m [1;33m[WARN] TRADER-001.nautilus_common::cache: Cannot calculate unrealized PnL for P-20260106-083500-001-140724825183112-5, no quotes for ETHUSDT-PERP.BINANCE[0m
[1m2026-01-06T10:01:20.000000000Z[0m [1;33m[WARN] TRADER-001.nautilus_common::cache: Cannot calculate unrealized PnL for P-20260106-083500-001-140724825183112-5, no quotes for ETHUSDT-PERP.BINANCE[0m
[1m2026-01-06T10:01:30.000000000Z[0m [1;33m[WARN] TRADER-001.nautilus_common::cache: Cannot calculate unrealized PnL for P-20260106-083500-001-140724825183112-5, no quotes for ETHUSDT-PERP.BINANCE[0m
[1m2026-01-06T10:01:40.000000000Z[0m [1;33m[WARN] TRADER-001.nautilus_common::cache: Cannot calculate unrealized PnL for P-20260106-083500-001-140724825183112-5, no quotes for ETHUSDT-PERP.BINANCE[0m
[1m2026-01-06T10:01:50.000000000Z[0m [1;33m[WARN] TRADER-001.nautilus_common::cache: Cannot calculate unrealized PnL for P-20260106-083500-001-140724825183112-5, no quotes for ETHUSDT-PERP.BINANCE[0m
[1m2026-01-06T10:01:59.999000000Z[0m [1;33m[WARN] TRADER-001.nautilus_common::cache: Cannot calculate unrealized PnL for P-20260106-083500-001-140724825183112-5, no quotes for ETHUSDT-PERP.BINANCE[0m
[1m2026-01-06T10:02:00.000000000Z[0m [1;33m[WARN] TRADER-001.nautilus_common::cache: Cannot calculate unrealized PnL for P-20260106-083500-001-140724825183112-5, no quotes for ETHUSDT-PERP.BINANCE[0m
[1m2026-01-06T10:02:10.000000000Z[0m [1;33m[WARN] TRADER-001.nautilus_common::cache: Cannot calculate unrealized PnL for P-20260106-083500-001-140724825183112-5, no quotes for ETHUSDT-PERP.BINANCE[0m
[1m2026-01-06T10:02:20.000000000Z[0m [1;33m[WARN] TRADER-001.nautilus_common::cache: Cannot calculate unrealized PnL for P-20260106-083500-001-140724825183112-5, no quotes for ETHUSDT-PERP.BINANCE[0m
[1m2026-01-06T10:02:30.000000000Z[0m [1;33m[WARN] TRADER-001.nautilus_common::cache: Cannot calculate unrealized PnL for P-20260106-083500-001-140724825183112-5, no quotes for ETHUSDT-PERP.BINANCE[0m
[1m2026-01-06T10:02:40.000000000Z[0m [1;33m[WARN] TRADER-001.nautilus_common::cache: Cannot calculate unrealized PnL for P-20260106-083500-001-140724825183112-5, no quotes for ETHUSDT-PERP.BINANCE[0m
[1m2026-01-06T10:02:50.000000000Z[0m [1;33m[WARN] TRADER-001.nautilus_common::cache: Cannot calculate unrealized PnL for P-20260106-083500-001-140724825183112-5, no quotes for ETHUSDT-PERP.BINANCE[0m
[1m2026-01-06T10:02:59.999000000Z[0m [1;33m[WARN] TRADER-001.nautilus_common::cache: Cannot calculate unrealized PnL for P-20260106-083500-001-140724825183112-5, no quotes for ETHUSDT-PERP.BINANCE[0m
[1m2026-01-06T10:03:00.000000000Z[0m [1;33m[WARN] TRADER-001.nautilus_common::cache: Cannot calculate unrealized PnL for P-20260106-083500-001-140724825183112-5, no quotes for ETHUSDT-PERP.BINANCE[0m
[1m2026-01-06T10:03:10.000000000Z[0m [1;33m[WARN] TRADER-001.nautilus_common::cache: Cannot calculate unrealized PnL for P-20260106-083500-001-140724825183112-5, no quotes for ETHUSDT-PERP.BINANCE[0m
[1m2026-01-06T10:03:20.000000000Z[0m [1;33m[WARN] TRADER-001.nautilus_common::cache: Cannot calculate unrealized PnL for P-20260106-083500-001-140724825183112-5, no quotes for ETHUSDT-PERP.BINANCE[0m
[1m2026-01-06T10:03:30.000000000Z[0m [1;33m[WARN] TRADER-001.nautilus_common::cache: Cannot calculate unrealized PnL for P-20260106-083500-001-140724825183112-5, no quotes for ETHUSDT-PERP.BINANCE[0m
[1m2026-01-06T10:03:40.000000000Z[0m [1;33m[WARN] TRADER-001.nautilus_common::cache: Cannot calculate unrealized PnL for P-20260106-083500-001-140724825183112-5, no quotes for ETHUSDT-PERP.BINANCE[0m
[1m2026-01-06T10:03:50.000000000Z[0m [1;33m[WARN] TRADER-001.nautilus_common::cache: Cannot calculate unrealized PnL for P-20260106-083500-001-140724825183112-5, no quotes for ETHUSDT-PERP.BINANCE[0m
[1m2026-01-06T10:03:59.999000000Z[0m [1;33m[WARN] TRADER-001.nautilus_common::cache: Cannot calculate unrealized PnL for P-20260106-083500-001-140724825183112-5, no quotes for ETHUSDT-PERP.BINANCE[0m
[1m2026-01-06T10:04:00.000000000Z[0m [1;33m[WARN] TRADER-001.nautilus_common::cache: Cannot calculate unrealized PnL for P-20260106-083500-001-140724825183112-5, no quotes for ETHUSDT-PERP.BINANCE[0m
[1m2026-01-06T10:04:10.000000000Z[0m [1;33m[WARN] TRADER-001.nautilus_common::cache: Cannot calculate unrealized PnL for P-20260106-083500-001-140724825183112-5, no quotes for ETHUSDT-PERP.BINANCE[0m
[1m2026-01-06T10:04:20.000000000Z[0m [1;33m[WARN] TRADER-001.nautilus_common::cache: Cannot calculate unrealized PnL for P-20260106-083500-001-140724825183112-5, no quotes for ETHUSDT-PERP.BINANCE[0m
[1m2026-01-06T10:04:30.000000000Z[0m [1;33m[WARN] TRADER-001.nautilus_common::cache: Cannot calculate unrealized PnL for P-20260106-083500-001-140724825183112-5, no quotes for ETHUSDT-PERP.BINANCE[0m
[1m2026-01-06T10:04:40.000000000Z[0m [1;33m[WARN] TRADER-001.nautilus_common::cache: Cannot calculate unrealized PnL for P-20260106-083500-001-140724825183112-5, no quotes for ETHUSDT-PERP.BINANCE[0m
[1m2026-01-06T10:04:50.000000000Z[0m [1;33m[WARN] TRADER-001.nautilus_common::cache: Cannot calculate unrealized PnL for P-20260106-083500-001-140724825183112-5, no quotes for ETHUSDT-PERP.BINANCE[0m
[1m2026-01-06T10:04:59.999000000Z[0m [1;33m[WARN] TRADER-001.nautilus_common::cache: Cannot calculate unrealized PnL for P-20260106-083500-001-140724825183112-5, no quotes for ETHUSDT-PERP.BINANCE[0m
[1m2026-01-06T10:05:00.000000000Z[0m [1;33m[WARN] TRADER-001.nautilus_common::cache: Cannot calculate unrealized PnL for P-20260106-083500-001-140724825183112-5, no quotes for ETHUSDT-PERP.BINANCE[0m
[1m2026-01-06T10:05:10.000000000Z[0m [1;33m[WARN] TRADER-001.nautilus_common::cache: Cannot calculate unrealized PnL for P-20260106-083500-001-140724825183112-5, no quotes for ETHUSDT-PERP.BINANCE[0m
[1m2026-01-06T10:05:20.000000000Z[0m [1;33m[WARN] TRADER-001.nautilus_common::cache: Cannot calculate unrealized PnL for P-20260106-083500-001-140724825183112-5, no quotes for ETHUSDT-PERP.BINANCE[0m
[1m2026-01-06T10:05:30.000000000Z[0m [1;33m[WARN] TRADER-001.nautilus_common::cache: Cannot calculate unrealized PnL for P-20260106-083500-001-140724825183112-5, no quotes for ETHUSDT-PERP.BINANCE[0m
[1m2026-01-06T10:05:40.000000000Z[0m [1;33m[WARN] TRADER-001.nautilus_common::cache: Cannot calculate unrealized PnL for P-20260106-083500-001-140724825183112-5, no quotes for ETHUSDT-PERP.BINANCE[0m
[1m2026-01-06T10:05:50.000000000Z[0m [1;33m[WARN] TRADER-001.nautilus_common::cache: Cannot calculate unrealized PnL for P-20260106-083500-001-140724825183112-5, no quotes for ETHUSDT-PERP.BINANCE[0m
[1m2026-01-06T10:05:59.999000000Z[0m [1;33m[WARN] TRADER-001.nautilus_common::cache: Cannot calculate unrealized PnL for P-20260106-083500-001-140724825183112-5, no quotes for ETHUSDT-PERP.BINANCE[0m
[1m2026-01-06T10:06:00.000000000Z[0m [1;33m[WARN] TRADER-001.nautilus_common::cache: Cannot calculate unrealized PnL for P-20260106-083500-001-140724825183112-5, no quotes for ETHUSDT-PERP.BINANCE[0m
[1m2026-01-06T10:06:10.000000000Z[0m [1;33m[WARN] TRADER-001.nautilus_common::cache: Cannot calculate unrealized PnL for P-20260106-083500-001-140724825183112-5, no quotes for ETHUSDT-PERP.BINANCE[0m
[1m2026-01-06T10:06:20.000000000Z[0m [1;33m[WARN] TRADER-001.nautilus_common::cache: Cannot calculate unrealized PnL for P-20260106-083500-001-140724825183112-5, no quotes for ETHUSDT-PERP.BINANCE[0m
[1m2026-01-06T10:06:30.000000000Z[0m [1;33m[WARN] TRADER-001.nautilus_common::cache: Cannot calculate unrealized PnL for P-20260106-083500-001-140724825183112-5, no quotes for ETHUSDT-PERP.BINANCE[0m
[1m2026-01-06T10:06:40.000000000Z[0m [1;33m[WARN] TRADER-001.nautilus_common::cache: Cannot calculate unrealized PnL for P-20260106-083500-001-140724825183112-5, no quotes for ETHUSDT-PERP.BINANCE[0m
[1m2026-01-06T10:06:50.000000000Z[0m [1;33m[WARN] TRADER-001.nautilus_common::cache: Cannot calculate unrealized PnL for P-20260106-083500-001-140724825183112-5, no quotes for ETHUSDT-PERP.BINANCE[0m
[1m2026-01-06T10:06:59.999000000Z[0m [1;33m[WARN] TRADER-001.nautilus_common::cache: Cannot calculate unrealized PnL for P-20260106-083500-001-140724825183112-5, no quotes for ETHUSDT-PERP.BINANCE[0m
[1m2026-01-06T10:07:00.000000000Z[0m [1;33m[WARN] TRADER-001.nautilus_common::cache: Cannot calculate unrealized PnL for P-20260106-083500-001-140724825183112-5, no quotes for ETHUSDT-PERP.BINANCE[0m
[1m2026-01-06T10:07:10.000000000Z[0m [1;33m[WARN] TRADER-001.nautilus_common::cache: Cannot calculate unrealized PnL for P-20260106-083500-001-140724825183112-5, no quotes for ETHUSDT-PERP.BINANCE[0m
[1m2026-01-06T10:07:20.000000000Z[0m [1;33m[WARN] TRADER-001.nautilus_common::cache: Cannot calculate unrealized PnL for P-20260106-083500-001-140724825183112-5, no quotes for ETHUSDT-PERP.BINANCE[0m
[1m2026-01-06T10:07:30.000000000Z[0m [1;33m[WARN] TRADER-001.nautilus_common::cache: Cannot calculate unrealized PnL for P-20260106-083500-001-140724825183112-5, no quotes for ETHUSDT-PERP.BINANCE[0m
[1m2026-01-06T10:07:40.000000000Z[0m [1;33m[WARN] TRADER-001.nautilus_common::cache: Cannot calculate unrealized PnL for P-20260106-083500-001-140724825183112-5, no quotes for ETHUSDT-PERP.BINANCE[0m
[1m2026-01-06T10:07:50.000000000Z[0m [1;33m[WARN] TRADER-001.nautilus_common::cache: Cannot calculate unrealized PnL for P-20260106-083500-001-140724825183112-5, no quotes for ETHUSDT-PERP.BINANCE[0m
[1m2026-01-06T10:07:59.999000000Z[0m [1;33m[WARN] TRADER-001.nautilus_common::cache: Cannot calculate unrealized PnL for P-20260106-083500-001-140724825183112-5, no quotes for ETHUSDT-PERP.BINANCE[0m
[1m2026-01-06T10:08:00.000000000Z[0m [1;33m[WARN] TRADER-001.nautilus_common::cache: Cannot calculate unrealized PnL for P-20260106-083500-001-140724825183112-5, no quotes for ETHUSDT-PERP.BINANCE[0m
[1m2026-01-06T10:08:10.000000000Z[0m [1;33m[WARN] TRADER-001.nautilus_common::cache: Cannot calculate unrealized PnL for P-20260106-083500-001-140724825183112-5, no quotes for ETHUSDT-PERP.BINANCE[0m
[1m2026-01-06T10:08:20.000000000Z[0m [1;33m[WARN] TRADER-001.nautilus_common::cache: Cannot calculate unrealized PnL for P-20260106-083500-001-140724825183112-5, no quotes for ETHUSDT-PERP.BINANCE[0m
[1m2026-01-06T10:08:30.000000000Z[0m [1;33m[WARN] TRADER-001.nautilus_common::cache: Cannot calculate unrealized PnL for P-20260106-083500-001-140724825183112-5, no quotes for ETHUSDT-PERP.BINANCE[0m
[1m2026-01-06T10:08:40.000000000Z[0m [1;33m[WARN] TRADER-001.nautilus_common::cache: Cannot calculate unrealized PnL for P-20260106-083500-001-140724825183112-5, no quotes for ETHUSDT-PERP.BINANCE[0m
[1m2026-01-06T10:08:50.000000000Z[0m [1;33m[WARN] TRADER-001.nautilus_common::cache: Cannot calculate unrealized PnL for P-20260106-083500-001-140724825183112-5, no quotes for ETHUSDT-PERP.BINANCE[0m
[1m2026-01-06T10:08:59.999000000Z[0m [1;33m[WARN] TRADER-001.nautilus_common::cache: Cannot calculate unrealized PnL for P-20260106-083500-001-140724825183112-5, no quotes for ETHUSDT-PERP.BINANCE[0m
[1m2026-01-06T10:09:00.000000000Z[0m [1;33m[WARN] TRADER-001.nautilus_common::cache: Cannot calculate unrealized PnL for P-20260106-083500-001-140724825183112-5, no quotes for ETHUSDT-PERP.BINANCE[0m
[1m2026-01-06T10:09:10.000000000Z[0m [1;33m[WARN] TRADER-001.nautilus_common::cache: Cannot calculate unrealized PnL for P-20260106-083500-001-140724825183112-5, no quotes for ETHUSDT-PERP.BINANCE[0m
[1m2026-01-06T10:09:20.000000000Z[0m [1;33m[WARN] TRADER-001.nautilus_common::cache: Cannot calculate unrealized PnL for P-20260106-083500-001-140724825183112-5, no quotes for ETHUSDT-PERP.BINANCE[0m
[1m2026-01-06T10:09:30.000000000Z[0m [1;33m[WARN] TRADER-001.nautilus_common::cache: Cannot calculate unrealized PnL for P-20260106-083500-001-140724825183112-5, no quotes for ETHUSDT-PERP.BINANCE[0m
[1m2026-01-06T10:09:40.000000000Z[0m [1;33m[WARN] TRADER-001.nautilus_common::cache: Cannot calculate unrealized PnL for P-20260106-083500-001-140724825183112-5, no quotes for ETHUSDT-PERP.BINANCE[0m
[1m2026-01-06T10:09:50.000000000Z[0m [1;33m[WARN] TRADER-001.nautilus_common::cache: Cannot calculate unrealized PnL for P-20260106-083500-001-140724825183112-5, no quotes for ETHUSDT-PERP.BINANCE[0m
[1m2026-01-06T10:09:59.999000000Z[0m [1;33m[WARN] TRADER-001.nautilus_common::cache: Cannot calculate unrealized PnL for P-20260106-083500-001-140724825183112-5, no quotes for ETHUSDT-PERP.BINANCE[0m
[1m2026-01-06T10:10:00.000000000Z[0m [1;33m[WARN] TRADER-001.nautilus_common::cache: Cannot calculate unrealized PnL for P-20260106-083500-001-140724825183112-5, no quotes for ETHUSDT-PERP.BINANCE[0m
[1m2026-01-06T10:10:10.000000000Z[0m [1;33m[WARN] TRADER-001.nautilus_common::cache: Cannot calculate unrealized PnL for P-20260106-083500-001-140724825183112-5, no quotes for ETHUSDT-PERP.BINANCE[0m
[1m2026-01-06T10:10:20.000000000Z[0m [1;33m[WARN] TRADER-001.nautilus_common::cache: Cannot calculate unrealized PnL for P-20260106-083500-001-140724825183112-5, no quotes for ETHUSDT-PERP.BINANCE[0m
[1m2026-01-06T10:10:30.000000000Z[0m [1;33m[WARN] TRADER-001.nautilus_common::cache: Cannot calculate unrealized PnL for P-20260106-083500-001-140724825183112-5, no quotes for ETHUSDT-PERP.BINANCE[0m
[1m2026-01-06T10:10:40.000000000Z[0m [1;33m[WARN] TRADER-001.nautilus_common::cache: Cannot calculate unrealized PnL for P-20260106-083500-001-140724825183112-5, no quotes for ETHUSDT-PERP.BINANCE[0m
[1m2026-01-06T10:10:50.000000000Z[0m [1;33m[WARN] TRADER-001.nautilus_common::cache: Cannot calculate unrealized PnL for P-20260106-083500-001-140724825183112-5, no quotes for ETHUSDT-PERP.BINANCE[0m
[1m2026-01-06T10:10:59.999000000Z[0m [1;33m[WARN] TRADER-001.nautilus_common::cache: Cannot calculate unrealized PnL for P-20260106-083500-001-140724825183112-5, no quotes for ETHUSDT-PERP.BINANCE[0m
[1m2026-01-06T10:11:00.000000000Z[0m [1;33m[WARN] TRADER-001.nautilus_common::cache: Cannot calculate unrealized PnL for P-20260106-083500-001-140724825183112-5, no quotes for ETHUSDT-PERP.BINANCE[0m
[1m2026-01-06T10:11:10.000000000Z[0m [1;33m[WARN] TRADER-001.nautilus_common::cache: Cannot calculate unrealized PnL for P-20260106-083500-001-140724825183112-5, no quotes for ETHUSDT-PERP.BINANCE[0m
[1m2026-01-06T10:11:20.000000000Z[0m [1;33m[WARN] TRADER-001.nautilus_common::cache: Cannot calculate unrealized PnL for P-20260106-083500-001-140724825183112-5, no quotes for ETHUSDT-PERP.BINANCE[0m
[1m2026-01-06T10:11:30.000000000Z[0m [1;33m[WARN] TRADER-001.nautilus_common::cache: Cannot calculate unrealized PnL for P-20260106-083500-001-140724825183112-5, no quotes for ETHUSDT-PERP.BINANCE[0m
[1m2026-01-06T10:11:40.000000000Z[0m [1;33m[WARN] TRADER-001.nautilus_common::cache: Cannot calculate unrealized PnL for P-20260106-083500-001-140724825183112-5, no quotes for ETHUSDT-PERP.BINANCE[0m
[1m2026-01-06T10:11:50.000000000Z[0m [1;33m[WARN] TRADER-001.nautilus_common::cache: Cannot calculate unrealized PnL for P-20260106-083500-001-140724825183112-5, no quotes for ETHUSDT-PERP.BINANCE[0m
[1m2026-01-06T10:11:59.999000000Z[0m [1;33m[WARN] TRADER-001.nautilus_common::cache: Cannot calculate unrealized PnL for P-20260106-083500-001-140724825183112-5, no quotes for ETHUSDT-PERP.BINANCE[0m
[1m2026-01-06T10:12:00.000000000Z[0m [1;33m[WARN] TRADER-001.nautilus_common::cache: Cannot calculate unrealized PnL for P-20260106-083500-001-140724825183112-5, no quotes for ETHUSDT-PERP.BINANCE[0m
[1m2026-01-06T10:12:10.000000000Z[0m [1;33m[WARN] TRADER-001.nautilus_common::cache: Cannot calculate unrealized PnL for P-20260106-083500-001-140724825183112-5, no quotes for ETHUSDT-PERP.BINANCE[0m
[1m2026-01-06T10:12:20.000000000Z[0m [1;33m[WARN] TRADER-001.nautilus_common::cache: Cannot calculate unrealized PnL for P-20260106-083500-001-140724825183112-5, no quotes for ETHUSDT-PERP.BINANCE[0m
[1m2026-01-06T10:12:30.000000000Z[0m [1;33m[WARN] TRADER-001.nautilus_common::cache: Cannot calculate unrealized PnL for P-20260106-083500-001-140724825183112-5, no quotes for ETHUSDT-PERP.BINANCE[0m
[1m2026-01-06T10:12:40.000000000Z[0m [1;33m[WARN] TRADER-001.nautilus_common::cache: Cannot calculate unrealized PnL for P-20260106-083500-001-140724825183112-5, no quotes for ETHUSDT-PERP.BINANCE[0m
[1m2026-01-06T10:12:50.000000000Z[0m [1;33m[WARN] TRADER-001.nautilus_common::cache: Cannot calculate unrealized PnL for P-20260106-083500-001-140724825183112-5, no quotes for ETHUSDT-PERP.BINANCE[0m
[1m2026-01-06T10:12:59.999000000Z[0m [1;33m[WARN] TRADER-001.nautilus_common::cache: Cannot calculate unrealized PnL for P-20260106-083500-001-140724825183112-5, no quotes for ETHUSDT-PERP.BINANCE[0m
[1m2026-01-06T10:13:00.000000000Z[0m [1;33m[WARN] TRADER-001.nautilus_common::cache: Cannot calculate unrealized PnL for P-20260106-083500-001-140724825183112-5, no quotes for ETHUSDT-PERP.BINANCE[0m
[1m2026-01-06T10:13:10.000000000Z[0m [1;33m[WARN] TRADER-001.nautilus_common::cache: Cannot calculate unrealized PnL for P-20260106-083500-001-140724825183112-5, no quotes for ETHUSDT-PERP.BINANCE[0m
[1m2026-01-06T10:13:20.000000000Z[0m [1;33m[WARN] TRADER-001.nautilus_common::cache: Cannot calculate unrealized PnL for P-20260106-083500-001-140724825183112-5, no quotes for ETHUSDT-PERP.BINANCE[0m
[1m2026-01-06T10:13:30.000000000Z[0m [1;33m[WARN] TRADER-001.nautilus_common::cache: Cannot calculate unrealized PnL for P-20260106-083500-001-140724825183112-5, no quotes for ETHUSDT-PERP.BINANCE[0m
[1m2026-01-06T10:13:40.000000000Z[0m [1;33m[WARN] TRADER-001.nautilus_common::cache: Cannot calculate unrealized PnL for P-20260106-083500-001-140724825183112-5, no quotes for ETHUSDT-PERP.BINANCE[0m
[1m2026-01-06T10:13:50.000000000Z[0m [1;33m[WARN] TRADER-001.nautilus_common::cache: Cannot calculate unrealized PnL for P-20260106-083500-001-140724825183112-5, no quotes for ETHUSDT-PERP.BINANCE[0m
[1m2026-01-06T10:13:59.999000000Z[0m [1;33m[WARN] TRADER-001.nautilus_common::cache: Cannot calculate unrealized PnL for P-20260106-083500-001-140724825183112-5, no quotes for ETHUSDT-PERP.BINANCE[0m
[1m2026-01-06T10:14:00.000000000Z[0m [1;33m[WARN] TRADER-001.nautilus_common::cache: Cannot calculate unrealized PnL for P-20260106-083500-001-140724825183112-5, no quotes for ETHUSDT-PERP.BINANCE[0m
[1m2026-01-06T10:14:10.000000000Z[0m [1;33m[WARN] TRADER-001.nautilus_common::cache: Cannot calculate unrealized PnL for P-20260106-083500-001-140724825183112-5, no quotes for ETHUSDT-PERP.BINANCE[0m
[1m2026-01-06T10:14:20.000000000Z[0m [1;33m[WARN] TRADER-001.nautilus_common::cache: Cannot calculate unrealized PnL for P-20260106-083500-001-140724825183112-5, no quotes for ETHUSDT-PERP.BINANCE[0m
[1m2026-01-06T10:14:30.000000000Z[0m [1;33m[WARN] TRADER-001.nautilus_common::cache: Cannot calculate unrealized PnL for P-20260106-083500-001-140724825183112-5, no quotes for ETHUSDT-PERP.BINANCE[0m
[1m2026-01-06T10:14:40.000000000Z[0m [1;33m[WARN] TRADER-001.nautilus_common::cache: Cannot calculate unrealized PnL for P-20260106-083500-001-140724825183112-5, no quotes for ETHUSDT-PERP.BINANCE[0m
[1m2026-01-06T10:14:50.000000000Z[0m [1;33m[WARN] TRADER-001.nautilus_common::cache: Cannot calculate unrealized PnL for P-20260106-083500-001-140724825183112-5, no quotes for ETHUSDT-PERP.BINANCE[0m
[1m2026-01-06T10:14:59.999000000Z[0m [1;33m[WARN] TRADER-001.nautilus_common::cache: Cannot calculate unrealized PnL for P-20260106-083500-001-140724825183112-5, no quotes for ETHUSDT-PERP.BINANCE[0m
[1m2026-01-06T10:15:00.000000000Z[0m [1;33m[WARN] TRADER-001.nautilus_common::cache: Cannot calculate unrealized PnL for P-20260106-083500-001-140724825183112-5, no quotes for ETHUSDT-PERP.BINANCE[0m
[1m2026-01-06T10:15:10.000000000Z[0m [1;33m[WARN] TRADER-001.nautilus_common::cache: Cannot calculate unrealized PnL for P-20260106-083500-001-140724825183112-5, no quotes for ETHUSDT-PERP.BINANCE[0m
[1m2026-01-06T10:15:20.000000000Z[0m [1;33m[WARN] TRADER-001.nautilus_common::cache: Cannot calculate unrealized PnL for P-20260106-083500-001-140724825183112-5, no quotes for ETHUSDT-PERP.BINANCE[0m
[1m2026-01-06T10:15:30.000000000Z[0m [1;33m[WARN] TRADER-001.nautilus_common::cache: Cannot calculate unrealized PnL for P-20260106-083500-001-140724825183112-5, no quotes for ETHUSDT-PERP.BINANCE[0m
[1m2026-01-06T10:15:40.000000000Z[0m [1;33m[WARN] TRADER-001.nautilus_common::cache: Cannot calculate unrealized PnL for P-20260106-083500-001-140724825183112-5, no quotes for ETHUSDT-PERP.BINANCE[0m
[1m2026-01-06T10:15:50.000000000Z[0m [1;33m[WARN] TRADER-001.nautilus_common::cache: Cannot calculate unrealized PnL for P-20260106-083500-001-140724825183112-5, no quotes for ETHUSDT-PERP.BINANCE[0m
[1m2026-01-06T10:15:59.999000000Z[0m [1;33m[WARN] TRADER-001.nautilus_common::cache: Cannot calculate unrealized PnL for P-20260106-083500-001-140724825183112-5, no quotes for ETHUSDT-PERP.BINANCE[0m
[1m2026-01-06T10:16:00.000000000Z[0m [1;33m[WARN] TRADER-001.nautilus_common::cache: Cannot calculate unrealized PnL for P-20260106-083500-001-140724825183112-5, no quotes for ETHUSDT-PERP.BINANCE[0m
[1m2026-01-06T10:16:10.000000000Z[0m [1;33m[WARN] TRADER-001.nautilus_common::cache: Cannot calculate unrealized PnL for P-20260106-083500-001-140724825183112-5, no quotes for ETHUSDT-PERP.BINANCE[0m
[1m2026-01-06T10:16:20.000000000Z[0m [1;33m[WARN] TRADER-001.nautilus_common::cache: Cannot calculate unrealized PnL for P-20260106-083500-001-140724825183112-5, no quotes for ETHUSDT-PERP.BINANCE[0m
[1m2026-01-06T10:16:30.000000000Z[0m [1;33m[WARN] TRADER-001.nautilus_common::cache: Cannot calculate unrealized PnL for P-20260106-083500-001-140724825183112-5, no quotes for ETHUSDT-PERP.BINANCE[0m
[1m2026-01-06T10:16:40.000000000Z[0m [1;33m[WARN] TRADER-001.nautilus_common::cache: Cannot calculate unrealized PnL for P-20260106-083500-001-140724825183112-5, no quotes for ETHUSDT-PERP.BINANCE[0m
[1m2026-01-06T10:16:50.000000000Z[0m [1;33m[WARN] TRADER-001.nautilus_common::cache: Cannot calculate unrealized PnL for P-20260106-083500-001-140724825183112-5, no quotes for ETHUSDT-PERP.BINANCE[0m
[1m2026-01-06T10:16:59.999000000Z[0m [1;33m[WARN] TRADER-001.nautilus_common::cache: Cannot calculate unrealized PnL for P-20260106-083500-001-140724825183112-5, no quotes for ETHUSDT-PERP.BINANCE[0m
[1m2026-01-06T10:17:00.000000000Z[0m [1;33m[WARN] TRADER-001.nautilus_common::cache: Cannot calculate unrealized PnL for P-20260106-083500-001-140724825183112-5, no quotes for ETHUSDT-PERP.BINANCE[0m
[1m2026-01-06T10:17:10.000000000Z[0m [1;33m[WARN] TRADER-001.nautilus_common::cache: Cannot calculate unrealized PnL for P-20260106-083500-001-140724825183112-5, no quotes for ETHUSDT-PERP.BINANCE[0m
[1m2026-01-06T10:17:20.000000000Z[0m [1;33m[WARN] TRADER-001.nautilus_common::cache: Cannot calculate unrealized PnL for P-20260106-083500-001-140724825183112-5, no quotes for ETHUSDT-PERP.BINANCE[0m
[1m2026-01-06T10:17:30.000000000Z[0m [1;33m[WARN] TRADER-001.nautilus_common::cache: Cannot calculate unrealized PnL for P-20260106-083500-001-140724825183112-5, no quotes for ETHUSDT-PERP.BINANCE[0m
[1m2026-01-06T10:17:40.000000000Z[0m [1;33m[WARN] TRADER-001.nautilus_common::cache: Cannot calculate unrealized PnL for P-20260106-083500-001-140724825183112-5, no quotes for ETHUSDT-PERP.BINANCE[0m
[1m2026-01-06T10:17:50.000000000Z[0m [1;33m[WARN] TRADER-001.nautilus_common::cache: Cannot calculate unrealized PnL for P-20260106-083500-001-140724825183112-5, no quotes for ETHUSDT-PERP.BINANCE[0m
[1m2026-01-06T10:17:59.999000000Z[0m [1;33m[WARN] TRADER-001.nautilus_common::cache: Cannot calculate unrealized PnL for P-20260106-083500-001-140724825183112-5, no quotes for ETHUSDT-PERP.BINANCE[0m
[1m2026-01-06T10:18:00.000000000Z[0m [1;33m[WARN] TRADER-001.nautilus_common::cache: Cannot calculate unrealized PnL for P-20260106-083500-001-140724825183112-5, no quotes for ETHUSDT-PERP.BINANCE[0m
[1m2026-01-06T10:18:10.000000000Z[0m [1;33m[WARN] TRADER-001.nautilus_common::cache: Cannot calculate unrealized PnL for P-20260106-083500-001-140724825183112-5, no quotes for ETHUSDT-PERP.BINANCE[0m
[1m2026-01-06T10:18:20.000000000Z[0m [1;33m[WARN] TRADER-001.nautilus_common::cache: Cannot calculate unrealized PnL for P-20260106-083500-001-140724825183112-5, no quotes for ETHUSDT-PERP.BINANCE[0m
[1m2026-01-06T10:18:30.000000000Z[0m [1;33m[WARN] TRADER-001.nautilus_common::cache: Cannot calculate unrealized PnL for P-20260106-083500-001-140724825183112-5, no quotes for ETHUSDT-PERP.BINANCE[0m
[1m2026-01-06T10:18:40.000000000Z[0m [1;33m[WARN] TRADER-001.nautilus_common::cache: Cannot calculate unrealized PnL for P-20260106-083500-001-140724825183112-5, no quotes for ETHUSDT-PERP.BINANCE[0m
[1m2026-01-06T10:18:50.000000000Z[0m [1;33m[WARN] TRADER-001.nautilus_common::cache: Cannot calculate unrealized PnL for P-20260106-083500-001-140724825183112-5, no quotes for ETHUSDT-PERP.BINANCE[0m
[1m2026-01-06T10:18:59.999000000Z[0m [1;33m[WARN] TRADER-001.nautilus_common::cache: Cannot calculate unrealized PnL for P-20260106-083500-001-140724825183112-5, no quotes for ETHUSDT-PERP.BINANCE[0m
[1m2026-01-06T10:19:00.000000000Z[0m [1;33m[WARN] TRADER-001.nautilus_common::cache: Cannot calculate unrealized PnL for P-20260106-083500-001-140724825183112-5, no quotes for ETHUSDT-PERP.BINANCE[0m
[1m2026-01-06T10:19:10.000000000Z[0m [1;33m[WARN] TRADER-001.nautilus_common::cache: Cannot calculate unrealized PnL for P-20260106-083500-001-140724825183112-5, no quotes for ETHUSDT-PERP.BINANCE[0m
[1m2026-01-06T10:19:20.000000000Z[0m [1;33m[WARN] TRADER-001.nautilus_common::cache: Cannot calculate unrealized PnL for P-20260106-083500-001-140724825183112-5, no quotes for ETHUSDT-PERP.BINANCE[0m
[1m2026-01-06T10:19:30.000000000Z[0m [1;33m[WARN] TRADER-001.nautilus_common::cache: Cannot calculate unrealized PnL for P-20260106-083500-001-140724825183112-5, no quotes for ETHUSDT-PERP.BINANCE[0m
[1m2026-01-06T10:19:40.000000000Z[0m [1;33m[WARN] TRADER-001.nautilus_common::cache: Cannot calculate unrealized PnL for P-20260106-083500-001-140724825183112-5, no quotes for ETHUSDT-PERP.BINANCE[0m
[1m2026-01-06T10:19:50.000000000Z[0m [1;33m[WARN] TRADER-001.nautilus_common::cache: Cannot calculate unrealized PnL for P-20260106-083500-001-140724825183112-5, no quotes for ETHUSDT-PERP.BINANCE[0m
[1m2026-01-06T10:19:59.999000000Z[0m [1;33m[WARN] TRADER-001.nautilus_common::cache: Cannot calculate unrealized PnL for P-20260106-083500-001-140724825183112-5, no quotes for ETHUSDT-PERP.BINANCE[0m
[1m2026-01-06T10:20:00.000000000Z[0m [1;33m[WARN] TRADER-001.nautilus_common::cache: Cannot calculate unrealized PnL for P-20260106-083500-001-140724825183112-5, no quotes for ETHUSDT-PERP.BINANCE[0m
[1m2026-01-06T10:20:10.000000000Z[0m [1;33m[WARN] TRADER-001.nautilus_common::cache: Cannot calculate unrealized PnL for P-20260106-083500-001-140724825183112-5, no quotes for ETHUSDT-PERP.BINANCE[0m
[1m2026-01-06T10:20:20.000000000Z[0m [1;33m[WARN] TRADER-001.nautilus_common::cache: Cannot calculate unrealized PnL for P-20260106-083500-001-140724825183112-5, no quotes for ETHUSDT-PERP.BINANCE[0m
[1m2026-01-06T10:20:30.000000000Z[0m [1;33m[WARN] TRADER-001.nautilus_common::cache: Cannot calculate unrealized PnL for P-20260106-083500-001-140724825183112-5, no quotes for ETHUSDT-PERP.BINANCE[0m
[1m2026-01-06T10:20:40.000000000Z[0m [1;33m[WARN] TRADER-001.nautilus_common::cache: Cannot calculate unrealized PnL for P-20260106-083500-001-140724825183112-5, no quotes for ETHUSDT-PERP.BINANCE[0m
[1m2026-01-06T10:20:50.000000000Z[0m [1;33m[WARN] TRADER-001.nautilus_common::cache: Cannot calculate unrealized PnL for P-20260106-083500-001-140724825183112-5, no quotes for ETHUSDT-PERP.BINANCE[0m
[1m2026-01-06T10:20:59.999000000Z[0m [1;33m[WARN] TRADER-001.nautilus_common::cache: Cannot calculate unrealized PnL for P-20260106-083500-001-140724825183112-5, no quotes for ETHUSDT-PERP.BINANCE[0m
[1m2026-01-06T10:21:00.000000000Z[0m [1;33m[WARN] TRADER-001.nautilus_common::cache: Cannot calculate unrealized PnL for P-20260106-083500-001-140724825183112-5, no quotes for ETHUSDT-PERP.BINANCE[0m
[1m2026-01-06T10:21:10.000000000Z[0m [1;33m[WARN] TRADER-001.nautilus_common::cache: Cannot calculate unrealized PnL for P-20260106-083500-001-140724825183112-5, no quotes for ETHUSDT-PERP.BINANCE[0m
[1m2026-01-06T10:21:20.000000000Z[0m [1;33m[WARN] TRADER-001.nautilus_common::cache: Cannot calculate unrealized PnL for P-20260106-083500-001-140724825183112-5, no quotes for ETHUSDT-PERP.BINANCE[0m
[1m2026-01-06T10:21:30.000000000Z[0m [1;33m[WARN] TRADER-001.nautilus_common::cache: Cannot calculate unrealized PnL for P-20260106-083500-001-140724825183112-5, no quotes for ETHUSDT-PERP.BINANCE[0m
[1m2026-01-06T10:21:40.000000000Z[0m [1;33m[WARN] TRADER-001.nautilus_common::cache: Cannot calculate unrealized PnL for P-20260106-083500-001-140724825183112-5, no quotes for ETHUSDT-PERP.BINANCE[0m
[1m2026-01-06T10:21:50.000000000Z[0m [1;33m[WARN] TRADER-001.nautilus_common::cache: Cannot calculate unrealized PnL for P-20260106-083500-001-140724825183112-5, no quotes for ETHUSDT-PERP.BINANCE[0m
[1m2026-01-06T10:21:59.999000000Z[0m [1;33m[WARN] TRADER-001.nautilus_common::cache: Cannot calculate unrealized PnL for P-20260106-083500-001-140724825183112-5, no quotes for ETHUSDT-PERP.BINANCE[0m
[1m2026-01-06T10:22:00.000000000Z[0m [1;33m[WARN] TRADER-001.nautilus_common::cache: Cannot calculate unrealized PnL for P-20260106-083500-001-140724825183112-5, no quotes for ETHUSDT-PERP.BINANCE[0m
[1m2026-01-06T10:22:10.000000000Z[0m [1;33m[WARN] TRADER-001.nautilus_common::cache: Cannot calculate unrealized PnL for P-20260106-083500-001-140724825183112-5, no quotes for ETHUSDT-PERP.BINANCE[0m
[1m2026-01-06T10:22:20.000000000Z[0m [1;33m[WARN] TRADER-001.nautilus_common::cache: Cannot calculate unrealized PnL for P-20260106-083500-001-140724825183112-5, no quotes for ETHUSDT-PERP.BINANCE[0m
[1m2026-01-06T10:22:30.000000000Z[0m [1;33m[WARN] TRADER-001.nautilus_common::cache: Cannot calculate unrealized PnL for P-20260106-083500-001-140724825183112-5, no quotes for ETHUSDT-PERP.BINANCE[0m
[1m2026-01-06T10:22:40.000000000Z[0m [1;33m[WARN] TRADER-001.nautilus_common::cache: Cannot calculate unrealized PnL for P-20260106-083500-001-140724825183112-5, no quotes for ETHUSDT-PERP.BINANCE[0m
[1m2026-01-06T10:22:50.000000000Z[0m [1;33m[WARN] TRADER-001.nautilus_common::cache: Cannot calculate unrealized PnL for P-20260106-083500-001-140724825183112-5, no quotes for ETHUSDT-PERP.BINANCE[0m
[1m2026-01-06T10:22:59.999000000Z[0m [1;33m[WARN] TRADER-001.nautilus_common::cache: Cannot calculate unrealized PnL for P-20260106-083500-001-140724825183112-5, no quotes for ETHUSDT-PERP.BINANCE[0m
[1m2026-01-06T10:23:00.000000000Z[0m [1;33m[WARN] TRADER-001.nautilus_common::cache: Cannot calculate unrealized PnL for P-20260106-083500-001-140724825183112-5, no quotes for ETHUSDT-PERP.BINANCE[0m
[1m2026-01-06T10:23:10.000000000Z[0m [1;33m[WARN] TRADER-001.nautilus_common::cache: Cannot calculate unrealized PnL for P-20260106-083500-001-140724825183112-5, no quotes for ETHUSDT-PERP.BINANCE[0m
[1m2026-01-06T10:23:20.000000000Z[0m [1;33m[WARN] TRADER-001.nautilus_common::cache: Cannot calculate unrealized PnL for P-20260106-083500-001-140724825183112-5, no quotes for ETHUSDT-PERP.BINANCE[0m
[1m2026-01-06T10:23:30.000000000Z[0m [1;33m[WARN] TRADER-001.nautilus_common::cache: Cannot calculate unrealized PnL for P-20260106-083500-001-140724825183112-5, no quotes for ETHUSDT-PERP.BINANCE[0m
[1m2026-01-06T10:23:40.000000000Z[0m [1;33m[WARN] TRADER-001.nautilus_common::cache: Cannot calculate unrealized PnL for P-20260106-083500-001-140724825183112-5, no quotes for ETHUSDT-PERP.BINANCE[0m
[1m2026-01-06T10:23:50.000000000Z[0m [1;33m[WARN] TRADER-001.nautilus_common::cache: Cannot calculate unrealized PnL for P-20260106-083500-001-140724825183112-5, no quotes for ETHUSDT-PERP.BINANCE[0m
[1m2026-01-06T10:23:59.999000000Z[0m [1;33m[WARN] TRADER-001.nautilus_common::cache: Cannot calculate unrealized PnL for P-20260106-083500-001-140724825183112-5, no quotes for ETHUSDT-PERP.BINANCE[0m
[1m2026-01-06T10:24:00.000000000Z[0m [1;33m[WARN] TRADER-001.nautilus_common::cache: Cannot calculate unrealized PnL for P-20260106-083500-001-140724825183112-5, no quotes for ETHUSDT-PERP.BINANCE[0m
[1m2026-01-06T10:24:10.000000000Z[0m [1;33m[WARN] TRADER-001.nautilus_common::cache: Cannot calculate unrealized PnL for P-20260106-083500-001-140724825183112-5, no quotes for ETHUSDT-PERP.BINANCE[0m
[1m2026-01-06T10:24:20.000000000Z[0m [1;33m[WARN] TRADER-001.nautilus_common::cache: Cannot calculate unrealized PnL for P-20260106-083500-001-140724825183112-5, no quotes for ETHUSDT-PERP.BINANCE[0m
[1m2026-01-06T10:24:30.000000000Z[0m [1;33m[WARN] TRADER-001.nautilus_common::cache: Cannot calculate unrealized PnL for P-20260106-083500-001-140724825183112-5, no quotes for ETHUSDT-PERP.BINANCE[0m
[1m2026-01-06T10:24:40.000000000Z[0m [1;33m[WARN] TRADER-001.nautilus_common::cache: Cannot calculate unrealized PnL for P-20260106-083500-001-140724825183112-5, no quotes for ETHUSDT-PERP.BINANCE[0m
[1m2026-01-06T10:24:50.000000000Z[0m [1;33m[WARN] TRADER-001.nautilus_common::cache: Cannot calculate unrealized PnL for P-20260106-083500-001-140724825183112-5, no quotes for ETHUSDT-PERP.BINANCE[0m
[1m2026-01-06T10:24:59.999000000Z[0m [1;33m[WARN] TRADER-001.nautilus_common::cache: Cannot calculate unrealized PnL for P-20260106-083500-001-140724825183112-5, no quotes for ETHUSDT-PERP.BINANCE[0m
[1m2026-01-06T10:25:00.000000000Z[0m [1;33m[WARN] TRADER-001.nautilus_common::cache: Cannot calculate unrealized PnL for P-20260106-083500-001-140724825183112-5, no quotes for ETHUSDT-PERP.BINANCE[0m
[1m2026-01-06T10:25:10.000000000Z[0m [1;33m[WARN] TRADER-001.nautilus_common::cache: Cannot calculate unrealized PnL for P-20260106-083500-001-140724825183112-5, no quotes for ETHUSDT-PERP.BINANCE[0m
[1m2026-01-06T10:25:20.000000000Z[0m [1;33m[WARN] TRADER-001.nautilus_common::cache: Cannot calculate unrealized PnL for P-20260106-083500-001-140724825183112-5, no quotes for ETHUSDT-PERP.BINANCE[0m
[1m2026-01-06T10:25:30.000000000Z[0m [1;33m[WARN] TRADER-001.nautilus_common::cache: Cannot calculate unrealized PnL for P-20260106-083500-001-140724825183112-5, no quotes for ETHUSDT-PERP.BINANCE[0m
[1m2026-01-06T10:25:40.000000000Z[0m [1;33m[WARN] TRADER-001.nautilus_common::cache: Cannot calculate unrealized PnL for P-20260106-083500-001-140724825183112-5, no quotes for ETHUSDT-PERP.BINANCE[0m
[1m2026-01-06T10:25:50.000000000Z[0m [1;33m[WARN] TRADER-001.nautilus_common::cache: Cannot calculate unrealized PnL for P-20260106-083500-001-140724825183112-5, no quotes for ETHUSDT-PERP.BINANCE[0m
[1m2026-01-06T10:25:59.999000000Z[0m [1;33m[WARN] TRADER-001.nautilus_common::cache: Cannot calculate unrealized PnL for P-20260106-083500-001-140724825183112-5, no quotes for ETHUSDT-PERP.BINANCE[0m
[1m2026-01-06T10:26:00.000000000Z[0m [1;33m[WARN] TRADER-001.nautilus_common::cache: Cannot calculate unrealized PnL for P-20260106-083500-001-140724825183112-5, no quotes for ETHUSDT-PERP.BINANCE[0m
[1m2026-01-06T10:26:10.000000000Z[0m [1;33m[WARN] TRADER-001.nautilus_common::cache: Cannot calculate unrealized PnL for P-20260106-083500-001-140724825183112-5, no quotes for ETHUSDT-PERP.BINANCE[0m
[1m2026-01-06T10:26:20.000000000Z[0m [1;33m[WARN] TRADER-001.nautilus_common::cache: Cannot calculate unrealized PnL for P-20260106-083500-001-140724825183112-5, no quotes for ETHUSDT-PERP.BINANCE[0m
[1m2026-01-06T10:26:30.000000000Z[0m [1;33m[WARN] TRADER-001.nautilus_common::cache: Cannot calculate unrealized PnL for P-20260106-083500-001-140724825183112-5, no quotes for ETHUSDT-PERP.BINANCE[0m
[1m2026-01-06T10:26:40.000000000Z[0m [1;33m[WARN] TRADER-001.nautilus_common::cache: Cannot calculate unrealized PnL for P-20260106-083500-001-140724825183112-5, no quotes for ETHUSDT-PERP.BINANCE[0m
[1m2026-01-06T10:26:50.000000000Z[0m [1;33m[WARN] TRADER-001.nautilus_common::cache: Cannot calculate unrealized PnL for P-20260106-083500-001-140724825183112-5, no quotes for ETHUSDT-PERP.BINANCE[0m
[1m2026-01-06T10:26:59.999000000Z[0m [1;33m[WARN] TRADER-001.nautilus_common::cache: Cannot calculate unrealized PnL for P-20260106-083500-001-140724825183112-5, no quotes for ETHUSDT-PERP.BINANCE[0m
[1m2026-01-06T10:27:00.000000000Z[0m [1;33m[WARN] TRADER-001.nautilus_common::cache: Cannot calculate unrealized PnL for P-20260106-083500-001-140724825183112-5, no quotes for ETHUSDT-PERP.BINANCE[0m
[1m2026-01-06T10:27:10.000000000Z[0m [1;33m[WARN] TRADER-001.nautilus_common::cache: Cannot calculate unrealized PnL for P-20260106-083500-001-140724825183112-5, no quotes for ETHUSDT-PERP.BINANCE[0m
[1m2026-01-06T10:27:20.000000000Z[0m [1;33m[WARN] TRADER-001.nautilus_common::cache: Cannot calculate unrealized PnL for P-20260106-083500-001-140724825183112-5, no quotes for ETHUSDT-PERP.BINANCE[0m
[1m2026-01-06T10:27:30.000000000Z[0m [1;33m[WARN] TRADER-001.nautilus_common::cache: Cannot calculate unrealized PnL for P-20260106-083500-001-140724825183112-5, no quotes for ETHUSDT-PERP.BINANCE[0m
[1m2026-01-06T10:27:40.000000000Z[0m [1;33m[WARN] TRADER-001.nautilus_common::cache: Cannot calculate unrealized PnL for P-20260106-083500-001-140724825183112-5, no quotes for ETHUSDT-PERP.BINANCE[0m
[1m2026-01-06T10:27:50.000000000Z[0m [1;33m[WARN] TRADER-001.nautilus_common::cache: Cannot calculate unrealized PnL for P-20260106-083500-001-140724825183112-5, no quotes for ETHUSDT-PERP.BINANCE[0m
[1m2026-01-06T10:27:59.999000000Z[0m [1;33m[WARN] TRADER-001.nautilus_common::cache: Cannot calculate unrealized PnL for P-20260106-083500-001-140724825183112-5, no quotes for ETHUSDT-PERP.BINANCE[0m
[1m2026-01-06T10:28:00.000000000Z[0m [1;33m[WARN] TRADER-001.nautilus_common::cache: Cannot calculate unrealized PnL for P-20260106-083500-001-140724825183112-5, no quotes for ETHUSDT-PERP.BINANCE[0m
[1m2026-01-06T10:28:10.000000000Z[0m [1;33m[WARN] TRADER-001.nautilus_common::cache: Cannot calculate unrealized PnL for P-20260106-083500-001-140724825183112-5, no quotes for ETHUSDT-PERP.BINANCE[0m
[1m2026-01-06T10:28:20.000000000Z[0m [1;33m[WARN] TRADER-001.nautilus_common::cache: Cannot calculate unrealized PnL for P-20260106-083500-001-140724825183112-5, no quotes for ETHUSDT-PERP.BINANCE[0m
[1m2026-01-06T10:28:30.000000000Z[0m [1;33m[WARN] TRADER-001.nautilus_common::cache: Cannot calculate unrealized PnL for P-20260106-083500-001-140724825183112-5, no quotes for ETHUSDT-PERP.BINANCE[0m
[1m2026-01-06T10:28:40.000000000Z[0m [1;33m[WARN] TRADER-001.nautilus_common::cache: Cannot calculate unrealized PnL for P-20260106-083500-001-140724825183112-5, no quotes for ETHUSDT-PERP.BINANCE[0m
[1m2026-01-06T10:28:50.000000000Z[0m [1;33m[WARN] TRADER-001.nautilus_common::cache: Cannot calculate unrealized PnL for P-20260106-083500-001-140724825183112-5, no quotes for ETHUSDT-PERP.BINANCE[0m
[1m2026-01-06T10:28:59.999000000Z[0m [1;33m[WARN] TRADER-001.nautilus_common::cache: Cannot calculate unrealized PnL for P-20260106-083500-001-140724825183112-5, no quotes for ETHUSDT-PERP.BINANCE[0m
[1m2026-01-06T10:29:00.000000000Z[0m [1;33m[WARN] TRADER-001.nautilus_common::cache: Cannot calculate unrealized PnL for P-20260106-083500-001-140724825183112-5, no quotes for ETHUSDT-PERP.BINANCE[0m
[1m2026-01-06T10:29:10.000000000Z[0m [1;33m[WARN] TRADER-001.nautilus_common::cache: Cannot calculate unrealized PnL for P-20260106-083500-001-140724825183112-5, no quotes for ETHUSDT-PERP.BINANCE[0m
[1m2026-01-06T10:29:20.000000000Z[0m [1;33m[WARN] TRADER-001.nautilus_common::cache: Cannot calculate unrealized PnL for P-20260106-083500-001-140724825183112-5, no quotes for ETHUSDT-PERP.BINANCE[0m
[1m2026-01-06T10:29:30.000000000Z[0m [1;33m[WARN] TRADER-001.nautilus_common::cache: Cannot calculate unrealized PnL for P-20260106-083500-001-140724825183112-5, no quotes for ETHUSDT-PERP.BINANCE[0m
[1m2026-01-06T10:29:40.000000000Z[0m [1;33m[WARN] TRADER-001.nautilus_common::cache: Cannot calculate unrealized PnL for P-20260106-083500-001-140724825183112-5, no quotes for ETHUSDT-PERP.BINANCE[0m
[1m2026-01-06T10:29:50.000000000Z[0m [1;33m[WARN] TRADER-001.nautilus_common::cache: Cannot calculate unrealized PnL for P-20260106-083500-001-140724825183112-5, no quotes for ETHUSDT-PERP.BINANCE[0m
[1m2026-01-06T10:29:59.999000000Z[0m [1;33m[WARN] TRADER-001.nautilus_common::cache: Cannot calculate unrealized PnL for P-20260106-083500-001-140724825183112-5, no quotes for ETHUSDT-PERP.BINANCE[0m
[1m2026-01-06T10:30:00.000000000Z[0m [1;33m[WARN] TRADER-001.nautilus_common::cache: Cannot calculate unrealized PnL for P-20260106-083500-001-140724825183112-5, no quotes for ETHUSDT-PERP.BINANCE[0m
[1m2026-01-06T10:30:10.000000000Z[0m [1;33m[WARN] TRADER-001.nautilus_common::cache: Cannot calculate unrealized PnL for P-20260106-083500-001-140724825183112-5, no quotes for ETHUSDT-PERP.BINANCE[0m
[1m2026-01-06T10:30:20.000000000Z[0m [1;33m[WARN] TRADER-001.nautilus_common::cache: Cannot calculate unrealized PnL for P-20260106-083500-001-140724825183112-5, no quotes for ETHUSDT-PERP.BINANCE[0m
[1m2026-01-06T10:30:30.000000000Z[0m [1;33m[WARN] TRADER-001.nautilus_common::cache: Cannot calculate unrealized PnL for P-20260106-083500-001-140724825183112-5, no quotes for ETHUSDT-PERP.BINANCE[0m
[1m2026-01-06T10:30:40.000000000Z[0m [1;33m[WARN] TRADER-001.nautilus_common::cache: Cannot calculate unrealized PnL for P-20260106-083500-001-140724825183112-5, no quotes for ETHUSDT-PERP.BINANCE[0m
[1m2026-01-06T10:30:50.000000000Z[0m [1;33m[WARN] TRADER-001.nautilus_common::cache: Cannot calculate unrealized PnL for P-20260106-083500-001-140724825183112-5, no quotes for ETHUSDT-PERP.BINANCE[0m
[1m2026-01-06T10:30:59.999000000Z[0m [1;33m[WARN] TRADER-001.nautilus_common::cache: Cannot calculate unrealized PnL for P-20260106-083500-001-140724825183112-5, no quotes for ETHUSDT-PERP.BINANCE[0m
[1m2026-01-06T10:31:00.000000000Z[0m [1;33m[WARN] TRADER-001.nautilus_common::cache: Cannot calculate unrealized PnL for P-20260106-083500-001-140724825183112-5, no quotes for ETHUSDT-PERP.BINANCE[0m
[1m2026-01-06T10:31:10.000000000Z[0m [1;33m[WARN] TRADER-001.nautilus_common::cache: Cannot calculate unrealized PnL for P-20260106-083500-001-140724825183112-5, no quotes for ETHUSDT-PERP.BINANCE[0m
[1m2026-01-06T10:31:20.000000000Z[0m [1;33m[WARN] TRADER-001.nautilus_common::cache: Cannot calculate unrealized PnL for P-20260106-083500-001-140724825183112-5, no quotes for ETHUSDT-PERP.BINANCE[0m
[1m2026-01-06T10:31:30.000000000Z[0m [1;33m[WARN] TRADER-001.nautilus_common::cache: Cannot calculate unrealized PnL for P-20260106-083500-001-140724825183112-5, no quotes for ETHUSDT-PERP.BINANCE[0m
[1m2026-01-06T10:31:40.000000000Z[0m [1;33m[WARN] TRADER-001.nautilus_common::cache: Cannot calculate unrealized PnL for P-20260106-083500-001-140724825183112-5, no quotes for ETHUSDT-PERP.BINANCE[0m
[1m2026-01-06T10:31:50.000000000Z[0m [1;33m[WARN] TRADER-001.nautilus_common::cache: Cannot calculate unrealized PnL for P-20260106-083500-001-140724825183112-5, no quotes for ETHUSDT-PERP.BINANCE[0m
[1m2026-01-06T10:31:59.999000000Z[0m [1;33m[WARN] TRADER-001.nautilus_common::cache: Cannot calculate unrealized PnL for P-20260106-083500-001-140724825183112-5, no quotes for ETHUSDT-PERP.BINANCE[0m
[1m2026-01-06T10:32:00.000000000Z[0m [1;33m[WARN] TRADER-001.nautilus_common::cache: Cannot calculate unrealized PnL for P-20260106-083500-001-140724825183112-5, no quotes for ETHUSDT-PERP.BINANCE[0m
[1m2026-01-06T10:32:10.000000000Z[0m [1;33m[WARN] TRADER-001.nautilus_common::cache: Cannot calculate unrealized PnL for P-20260106-083500-001-140724825183112-5, no quotes for ETHUSDT-PERP.BINANCE[0m
[1m2026-01-06T10:32:20.000000000Z[0m [1;33m[WARN] TRADER-001.nautilus_common::cache: Cannot calculate unrealized PnL for P-20260106-083500-001-140724825183112-5, no quotes for ETHUSDT-PERP.BINANCE[0m
[1m2026-01-06T10:32:30.000000000Z[0m [1;33m[WARN] TRADER-001.nautilus_common::cache: Cannot calculate unrealized PnL for P-20260106-083500-001-140724825183112-5, no quotes for ETHUSDT-PERP.BINANCE[0m
[1m2026-01-06T10:32:40.000000000Z[0m [1;33m[WARN] TRADER-001.nautilus_common::cache: Cannot calculate unrealized PnL for P-20260106-083500-001-140724825183112-5, no quotes for ETHUSDT-PERP.BINANCE[0m
[1m2026-01-06T10:32:50.000000000Z[0m [1;33m[WARN] TRADER-001.nautilus_common::cache: Cannot calculate unrealized PnL for P-20260106-083500-001-140724825183112-5, no quotes for ETHUSDT-PERP.BINANCE[0m
[1m2026-01-06T10:32:59.999000000Z[0m [1;33m[WARN] TRADER-001.nautilus_common::cache: Cannot calculate unrealized PnL for P-20260106-083500-001-140724825183112-5, no quotes for ETHUSDT-PERP.BINANCE[0m
[1m2026-01-06T10:33:00.000000000Z[0m [1;33m[WARN] TRADER-001.nautilus_common::cache: Cannot calculate unrealized PnL for P-20260106-083500-001-140724825183112-5, no quotes for ETHUSDT-PERP.BINANCE[0m
[1m2026-01-06T10:33:10.000000000Z[0m [1;33m[WARN] TRADER-001.nautilus_common::cache: Cannot calculate unrealized PnL for P-20260106-083500-001-140724825183112-5, no quotes for ETHUSDT-PERP.BINANCE[0m
[1m2026-01-06T10:33:20.000000000Z[0m [1;33m[WARN] TRADER-001.nautilus_common::cache: Cannot calculate unrealized PnL for P-20260106-083500-001-140724825183112-5, no quotes for ETHUSDT-PERP.BINANCE[0m
[1m2026-01-06T10:33:30.000000000Z[0m [1;33m[WARN] TRADER-001.nautilus_common::cache: Cannot calculate unrealized PnL for P-20260106-083500-001-140724825183112-5, no quotes for ETHUSDT-PERP.BINANCE[0m
[1m2026-01-06T10:33:40.000000000Z[0m [1;33m[WARN] TRADER-001.nautilus_common::cache: Cannot calculate unrealized PnL for P-20260106-083500-001-140724825183112-5, no quotes for ETHUSDT-PERP.BINANCE[0m
[1m2026-01-06T10:33:50.000000000Z[0m [1;33m[WARN] TRADER-001.nautilus_common::cache: Cannot calculate unrealized PnL for P-20260106-083500-001-140724825183112-5, no quotes for ETHUSDT-PERP.BINANCE[0m
[1m2026-01-06T10:33:59.999000000Z[0m [1;33m[WARN] TRADER-001.nautilus_common::cache: Cannot calculate unrealized PnL for P-20260106-083500-001-140724825183112-5, no quotes for ETHUSDT-PERP.BINANCE[0m
[1m2026-01-06T10:34:00.000000000Z[0m [1;33m[WARN] TRADER-001.nautilus_common::cache: Cannot calculate unrealized PnL for P-20260106-083500-001-140724825183112-5, no quotes for ETHUSDT-PERP.BINANCE[0m
[1m2026-01-06T10:34:10.000000000Z[0m [1;33m[WARN] TRADER-001.nautilus_common::cache: Cannot calculate unrealized PnL for P-20260106-083500-001-140724825183112-5, no quotes for ETHUSDT-PERP.BINANCE[0m
[1m2026-01-06T10:34:20.000000000Z[0m [1;33m[WARN] TRADER-001.nautilus_common::cache: Cannot calculate unrealized PnL for P-20260106-083500-001-140724825183112-5, no quotes for ETHUSDT-PERP.BINANCE[0m
[1m2026-01-06T10:34:30.000000000Z[0m [1;33m[WARN] TRADER-001.nautilus_common::cache: Cannot calculate unrealized PnL for P-20260106-083500-001-140724825183112-5, no quotes for ETHUSDT-PERP.BINANCE[0m
[1m2026-01-06T10:34:40.000000000Z[0m [1;33m[WARN] TRADER-001.nautilus_common::cache: Cannot calculate unrealized PnL for P-20260106-083500-001-140724825183112-5, no quotes for ETHUSDT-PERP.BINANCE[0m
[1m2026-01-06T10:34:50.000000000Z[0m [1;33m[WARN] TRADER-001.nautilus_common::cache: Cannot calculate unrealized PnL for P-20260106-083500-001-140724825183112-5, no quotes for ETHUSDT-PERP.BINANCE[0m
[1m2026-01-06T10:34:59.999000000Z[0m [1;33m[WARN] TRADER-001.nautilus_common::cache: Cannot calculate unrealized PnL for P-20260106-083500-001-140724825183112-5, no quotes for ETHUSDT-PERP.BINANCE[0m
[1m2026-01-06T10:35:00.000000000Z[0m [1;33m[WARN] TRADER-001.nautilus_common::cache: Cannot calculate unrealized PnL for P-20260106-083500-001-140724825183112-5, no quotes for ETHUSDT-PERP.BINANCE[0m
[1m2026-01-06T10:35:10.000000000Z[0m [1;33m[WARN] TRADER-001.nautilus_common::cache: Cannot calculate unrealized PnL for P-20260106-083500-001-140724825183112-5, no quotes for ETHUSDT-PERP.BINANCE[0m
[1m2026-01-06T10:35:20.000000000Z[0m [1;33m[WARN] TRADER-001.nautilus_common::cache: Cannot calculate unrealized PnL for P-20260106-083500-001-140724825183112-5, no quotes for ETHUSDT-PERP.BINANCE[0m
[1m2026-01-06T10:35:30.000000000Z[0m [1;33m[WARN] TRADER-001.nautilus_common::cache: Cannot calculate unrealized PnL for P-20260106-083500-001-140724825183112-5, no quotes for ETHUSDT-PERP.BINANCE[0m
[1m2026-01-06T10:35:40.000000000Z[0m [1;33m[WARN] TRADER-001.nautilus_common::cache: Cannot calculate unrealized PnL for P-20260106-083500-001-140724825183112-5, no quotes for ETHUSDT-PERP.BINANCE[0m
[1m2026-01-06T10:35:50.000000000Z[0m [1;33m[WARN] TRADER-001.nautilus_common::cache: Cannot calculate unrealized PnL for P-20260106-083500-001-140724825183112-5, no quotes for ETHUSDT-PERP.BINANCE[0m
[1m2026-01-06T10:35:59.999000000Z[0m [1;33m[WARN] TRADER-001.nautilus_common::cache: Cannot calculate unrealized PnL for P-20260106-083500-001-140724825183112-5, no quotes for ETHUSDT-PERP.BINANCE[0m
[1m2026-01-06T10:36:00.000000000Z[0m [1;33m[WARN] TRADER-001.nautilus_common::cache: Cannot calculate unrealized PnL for P-20260106-083500-001-140724825183112-5, no quotes for ETHUSDT-PERP.BINANCE[0m
[1m2026-01-06T10:36:10.000000000Z[0m [1;33m[WARN] TRADER-001.nautilus_common::cache: Cannot calculate unrealized PnL for P-20260106-083500-001-140724825183112-5, no quotes for ETHUSDT-PERP.BINANCE[0m
[1m2026-01-06T10:36:20.000000000Z[0m [1;33m[WARN] TRADER-001.nautilus_common::cache: Cannot calculate unrealized PnL for P-20260106-083500-001-140724825183112-5, no quotes for ETHUSDT-PERP.BINANCE[0m
[1m2026-01-06T10:36:30.000000000Z[0m [1;33m[WARN] TRADER-001.nautilus_common::cache: Cannot calculate unrealized PnL for P-20260106-083500-001-140724825183112-5, no quotes for ETHUSDT-PERP.BINANCE[0m
[1m2026-01-06T10:36:40.000000000Z[0m [1;33m[WARN] TRADER-001.nautilus_common::cache: Cannot calculate unrealized PnL for P-20260106-083500-001-140724825183112-5, no quotes for ETHUSDT-PERP.BINANCE[0m
[1m2026-01-06T10:36:50.000000000Z[0m [1;33m[WARN] TRADER-001.nautilus_common::cache: Cannot calculate unrealized PnL for P-20260106-083500-001-140724825183112-5, no quotes for ETHUSDT-PERP.BINANCE[0m
[1m2026-01-06T10:36:59.999000000Z[0m [1;33m[WARN] TRADER-001.nautilus_common::cache: Cannot calculate unrealized PnL for P-20260106-083500-001-140724825183112-5, no quotes for ETHUSDT-PERP.BINANCE[0m
[1m2026-01-06T10:37:00.000000000Z[0m [1;33m[WARN] TRADER-001.nautilus_common::cache: Cannot calculate unrealized PnL for P-20260106-083500-001-140724825183112-5, no quotes for ETHUSDT-PERP.BINANCE[0m
[1m2026-01-06T10:37:10.000000000Z[0m [1;33m[WARN] TRADER-001.nautilus_common::cache: Cannot calculate unrealized PnL for P-20260106-083500-001-140724825183112-5, no quotes for ETHUSDT-PERP.BINANCE[0m
[1m2026-01-06T10:37:20.000000000Z[0m [1;33m[WARN] TRADER-001.nautilus_common::cache: Cannot calculate unrealized PnL for P-20260106-083500-001-140724825183112-5, no quotes for ETHUSDT-PERP.BINANCE[0m
[1m2026-01-06T10:37:30.000000000Z[0m [1;33m[WARN] TRADER-001.nautilus_common::cache: Cannot calculate unrealized PnL for P-20260106-083500-001-140724825183112-5, no quotes for ETHUSDT-PERP.BINANCE[0m
[1m2026-01-06T10:37:40.000000000Z[0m [1;33m[WARN] TRADER-001.nautilus_common::cache: Cannot calculate unrealized PnL for P-20260106-083500-001-140724825183112-5, no quotes for ETHUSDT-PERP.BINANCE[0m
[1m2026-01-06T10:37:50.000000000Z[0m [1;33m[WARN] TRADER-001.nautilus_common::cache: Cannot calculate unrealized PnL for P-20260106-083500-001-140724825183112-5, no quotes for ETHUSDT-PERP.BINANCE[0m
[1m2026-01-06T10:37:59.999000000Z[0m [1;33m[WARN] TRADER-001.nautilus_common::cache: Cannot calculate unrealized PnL for P-20260106-083500-001-140724825183112-5, no quotes for ETHUSDT-PERP.BINANCE[0m
[1m2026-01-06T10:38:00.000000000Z[0m [1;33m[WARN] TRADER-001.nautilus_common::cache: Cannot calculate unrealized PnL for P-20260106-083500-001-140724825183112-5, no quotes for ETHUSDT-PERP.BINANCE[0m
[1m2026-01-06T10:38:10.000000000Z[0m [1;33m[WARN] TRADER-001.nautilus_common::cache: Cannot calculate unrealized PnL for P-20260106-083500-001-140724825183112-5, no quotes for ETHUSDT-PERP.BINANCE[0m
[1m2026-01-06T10:38:20.000000000Z[0m [1;33m[WARN] TRADER-001.nautilus_common::cache: Cannot calculate unrealized PnL for P-20260106-083500-001-140724825183112-5, no quotes for ETHUSDT-PERP.BINANCE[0m
[1m2026-01-06T10:38:30.000000000Z[0m [1;33m[WARN] TRADER-001.nautilus_common::cache: Cannot calculate unrealized PnL for P-20260106-083500-001-140724825183112-5, no quotes for ETHUSDT-PERP.BINANCE[0m
[1m2026-01-06T10:38:40.000000000Z[0m [1;33m[WARN] TRADER-001.nautilus_common::cache: Cannot calculate unrealized PnL for P-20260106-083500-001-140724825183112-5, no quotes for ETHUSDT-PERP.BINANCE[0m
[1m2026-01-06T10:38:50.000000000Z[0m [1;33m[WARN] TRADER-001.nautilus_common::cache: Cannot calculate unrealized PnL for P-20260106-083500-001-140724825183112-5, no quotes for ETHUSDT-PERP.BINANCE[0m
[1m2026-01-06T10:38:59.999000000Z[0m [1;33m[WARN] TRADER-001.nautilus_common::cache: Cannot calculate unrealized PnL for P-20260106-083500-001-140724825183112-5, no quotes for ETHUSDT-PERP.BINANCE[0m
[1m2026-01-06T10:39:00.000000000Z[0m [1;33m[WARN] TRADER-001.nautilus_common::cache: Cannot calculate unrealized PnL for P-20260106-083500-001-140724825183112-5, no quotes for ETHUSDT-PERP.BINANCE[0m
[1m2026-01-06T10:39:10.000000000Z[0m [1;33m[WARN] TRADER-001.nautilus_common::cache: Cannot calculate unrealized PnL for P-20260106-083500-001-140724825183112-5, no quotes for ETHUSDT-PERP.BINANCE[0m
[1m2026-01-06T10:39:20.000000000Z[0m [1;33m[WARN] TRADER-001.nautilus_common::cache: Cannot calculate unrealized PnL for P-20260106-083500-001-140724825183112-5, no quotes for ETHUSDT-PERP.BINANCE[0m
[1m2026-01-06T10:39:30.000000000Z[0m [1;33m[WARN] TRADER-001.nautilus_common::cache: Cannot calculate unrealized PnL for P-20260106-083500-001-140724825183112-5, no quotes for ETHUSDT-PERP.BINANCE[0m
[1m2026-01-06T10:39:40.000000000Z[0m [1;33m[WARN] TRADER-001.nautilus_common::cache: Cannot calculate unrealized PnL for P-20260106-083500-001-140724825183112-5, no quotes for ETHUSDT-PERP.BINANCE[0m
[1m2026-01-06T10:39:50.000000000Z[0m [1;33m[WARN] TRADER-001.nautilus_common::cache: Cannot calculate unrealized PnL for P-20260106-083500-001-140724825183112-5, no quotes for ETHUSDT-PERP.BINANCE[0m
[1m2026-01-06T10:39:59.999000000Z[0m [1;33m[WARN] TRADER-001.nautilus_common::cache: Cannot calculate unrealized PnL for P-20260106-083500-001-140724825183112-5, no quotes for ETHUSDT-PERP.BINANCE[0m
[1m2026-01-06T10:40:00.000000000Z[0m [1;33m[WARN] TRADER-001.nautilus_common::cache: Cannot calculate unrealized PnL for P-20260106-083500-001-140724825183112-5, no quotes for ETHUSDT-PERP.BINANCE[0m
[1m2026-01-06T10:40:10.000000000Z[0m [1;33m[WARN] TRADER-001.nautilus_common::cache: Cannot calculate unrealized PnL for P-20260106-083500-001-140724825183112-5, no quotes for ETHUSDT-PERP.BINANCE[0m
[1m2026-01-06T10:40:20.000000000Z[0m [1;33m[WARN] TRADER-001.nautilus_common::cache: Cannot calculate unrealized PnL for P-20260106-083500-001-140724825183112-5, no quotes for ETHUSDT-PERP.BINANCE[0m
[1m2026-01-06T10:40:30.000000000Z[0m [1;33m[WARN] TRADER-001.nautilus_common::cache: Cannot calculate unrealized PnL for P-20260106-083500-001-140724825183112-5, no quotes for ETHUSDT-PERP.BINANCE[0m
[1m2026-01-06T10:40:40.000000000Z[0m [1;33m[WARN] TRADER-001.nautilus_common::cache: Cannot calculate unrealized PnL for P-20260106-083500-001-140724825183112-5, no quotes for ETHUSDT-PERP.BINANCE[0m
[1m2026-01-06T10:40:50.000000000Z[0m [1;33m[WARN] TRADER-001.nautilus_common::cache: Cannot calculate unrealized PnL for P-20260106-083500-001-140724825183112-5, no quotes for ETHUSDT-PERP.BINANCE[0m
[1m2026-01-06T10:40:59.999000000Z[0m [1;33m[WARN] TRADER-001.nautilus_common::cache: Cannot calculate unrealized PnL for P-20260106-083500-001-140724825183112-5, no quotes for ETHUSDT-PERP.BINANCE[0m
[1m2026-01-06T10:41:00.000000000Z[0m [1;33m[WARN] TRADER-001.nautilus_common::cache: Cannot calculate unrealized PnL for P-20260106-083500-001-140724825183112-5, no quotes for ETHUSDT-PERP.BINANCE[0m
[1m2026-01-06T10:41:10.000000000Z[0m [1;33m[WARN] TRADER-001.nautilus_common::cache: Cannot calculate unrealized PnL for P-20260106-083500-001-140724825183112-5, no quotes for ETHUSDT-PERP.BINANCE[0m
[1m2026-01-06T10:41:20.000000000Z[0m [1;33m[WARN] TRADER-001.nautilus_common::cache: Cannot calculate unrealized PnL for P-20260106-083500-001-140724825183112-5, no quotes for ETHUSDT-PERP.BINANCE[0m
[1m2026-01-06T10:41:30.000000000Z[0m [1;33m[WARN] TRADER-001.nautilus_common::cache: Cannot calculate unrealized PnL for P-20260106-083500-001-140724825183112-5, no quotes for ETHUSDT-PERP.BINANCE[0m
[1m2026-01-06T10:41:40.000000000Z[0m [1;33m[WARN] TRADER-001.nautilus_common::cache: Cannot calculate unrealized PnL for P-20260106-083500-001-140724825183112-5, no quotes for ETHUSDT-PERP.BINANCE[0m
[1m2026-01-06T10:41:50.000000000Z[0m [1;33m[WARN] TRADER-001.nautilus_common::cache: Cannot calculate unrealized PnL for P-20260106-083500-001-140724825183112-5, no quotes for ETHUSDT-PERP.BINANCE[0m
[1m2026-01-06T10:41:59.999000000Z[0m [1;33m[WARN] TRADER-001.nautilus_common::cache: Cannot calculate unrealized PnL for P-20260106-083500-001-140724825183112-5, no quotes for ETHUSDT-PERP.BINANCE[0m
[1m2026-01-06T10:42:00.000000000Z[0m [1;33m[WARN] TRADER-001.nautilus_common::cache: Cannot calculate unrealized PnL for P-20260106-083500-001-140724825183112-5, no quotes for ETHUSDT-PERP.BINANCE[0m
[1m2026-01-06T10:42:10.000000000Z[0m [1;33m[WARN] TRADER-001.nautilus_common::cache: Cannot calculate unrealized PnL for P-20260106-083500-001-140724825183112-5, no quotes for ETHUSDT-PERP.BINANCE[0m
[1m2026-01-06T10:42:20.000000000Z[0m [1;33m[WARN] TRADER-001.nautilus_common::cache: Cannot calculate unrealized PnL for P-20260106-083500-001-140724825183112-5, no quotes for ETHUSDT-PERP.BINANCE[0m
[1m2026-01-06T10:42:30.000000000Z[0m [1;33m[WARN] TRADER-001.nautilus_common::cache: Cannot calculate unrealized PnL for P-20260106-083500-001-140724825183112-5, no quotes for ETHUSDT-PERP.BINANCE[0m
[1m2026-01-06T10:42:40.000000000Z[0m [1;33m[WARN] TRADER-001.nautilus_common::cache: Cannot calculate unrealized PnL for P-20260106-083500-001-140724825183112-5, no quotes for ETHUSDT-PERP.BINANCE[0m
[1m2026-01-06T10:42:50.000000000Z[0m [1;33m[WARN] TRADER-001.nautilus_common::cache: Cannot calculate unrealized PnL for P-20260106-083500-001-140724825183112-5, no quotes for ETHUSDT-PERP.BINANCE[0m
[1m2026-01-06T10:42:59.999000000Z[0m [1;33m[WARN] TRADER-001.nautilus_common::cache: Cannot calculate unrealized PnL for P-20260106-083500-001-140724825183112-5, no quotes for ETHUSDT-PERP.BINANCE[0m
[1m2026-01-06T10:43:00.000000000Z[0m [1;33m[WARN] TRADER-001.nautilus_common::cache: Cannot calculate unrealized PnL for P-20260106-083500-001-140724825183112-5, no quotes for ETHUSDT-PERP.BINANCE[0m
[1m2026-01-06T10:43:10.000000000Z[0m [1;33m[WARN] TRADER-001.nautilus_common::cache: Cannot calculate unrealized PnL for P-20260106-083500-001-140724825183112-5, no quotes for ETHUSDT-PERP.BINANCE[0m
[1m2026-01-06T10:43:20.000000000Z[0m [1;33m[WARN] TRADER-001.nautilus_common::cache: Cannot calculate unrealized PnL for P-20260106-083500-001-140724825183112-5, no quotes for ETHUSDT-PERP.BINANCE[0m
[1m2026-01-06T10:43:30.000000000Z[0m [1;33m[WARN] TRADER-001.nautilus_common::cache: Cannot calculate unrealized PnL for P-20260106-083500-001-140724825183112-5, no quotes for ETHUSDT-PERP.BINANCE[0m
[1m2026-01-06T10:43:40.000000000Z[0m [1;33m[WARN] TRADER-001.nautilus_common::cache: Cannot calculate unrealized PnL for P-20260106-083500-001-140724825183112-5, no quotes for ETHUSDT-PERP.BINANCE[0m
[1m2026-01-06T10:43:50.000000000Z[0m [1;33m[WARN] TRADER-001.nautilus_common::cache: Cannot calculate unrealized PnL for P-20260106-083500-001-140724825183112-5, no quotes for ETHUSDT-PERP.BINANCE[0m
[1m2026-01-06T10:43:59.999000000Z[0m [1;33m[WARN] TRADER-001.nautilus_common::cache: Cannot calculate unrealized PnL for P-20260106-083500-001-140724825183112-5, no quotes for ETHUSDT-PERP.BINANCE[0m
[1m2026-01-06T10:44:00.000000000Z[0m [1;33m[WARN] TRADER-001.nautilus_common::cache: Cannot calculate unrealized PnL for P-20260106-083500-001-140724825183112-5, no quotes for ETHUSDT-PERP.BINANCE[0m
[1m2026-01-06T10:44:10.000000000Z[0m [1;33m[WARN] TRADER-001.nautilus_common::cache: Cannot calculate unrealized PnL for P-20260106-083500-001-140724825183112-5, no quotes for ETHUSDT-PERP.BINANCE[0m
[1m2026-01-06T10:44:20.000000000Z[0m [1;33m[WARN] TRADER-001.nautilus_common::cache: Cannot calculate unrealized PnL for P-20260106-083500-001-140724825183112-5, no quotes for ETHUSDT-PERP.BINANCE[0m
[1m2026-01-06T10:44:30.000000000Z[0m [1;33m[WARN] TRADER-001.nautilus_common::cache: Cannot calculate unrealized PnL for P-20260106-083500-001-140724825183112-5, no quotes for ETHUSDT-PERP.BINANCE[0m
[1m2026-01-06T10:44:40.000000000Z[0m [1;33m[WARN] TRADER-001.nautilus_common::cache: Cannot calculate unrealized PnL for P-20260106-083500-001-140724825183112-5, no quotes for ETHUSDT-PERP.BINANCE[0m
[1m2026-01-06T10:44:50.000000000Z[0m [1;33m[WARN] TRADER-001.nautilus_common::cache: Cannot calculate unrealized PnL for P-20260106-083500-001-140724825183112-5, no quotes for ETHUSDT-PERP.BINANCE[0m
[1m2026-01-06T10:44:59.999000000Z[0m [1;33m[WARN] TRADER-001.nautilus_common::cache: Cannot calculate unrealized PnL for P-20260106-083500-001-140724825183112-5, no quotes for ETHUSDT-PERP.BINANCE[0m
[1m2026-01-06T10:45:00.000000000Z[0m [1;33m[WARN] TRADER-001.nautilus_common::cache: Cannot calculate unrealized PnL for P-20260106-083500-001-140724825183112-5, no quotes for ETHUSDT-PERP.BINANCE[0m
[1m2026-01-06T10:45:10.000000000Z[0m [1;33m[WARN] TRADER-001.nautilus_common::cache: Cannot calculate unrealized PnL for P-20260106-083500-001-140724825183112-5, no quotes for ETHUSDT-PERP.BINANCE[0m
[1m2026-01-06T10:45:20.000000000Z[0m [1;33m[WARN] TRADER-001.nautilus_common::cache: Cannot calculate unrealized PnL for P-20260106-083500-001-140724825183112-5, no quotes for ETHUSDT-PERP.BINANCE[0m
[1m2026-01-06T10:45:30.000000000Z[0m [1;33m[WARN] TRADER-001.nautilus_common::cache: Cannot calculate unrealized PnL for P-20260106-083500-001-140724825183112-5, no quotes for ETHUSDT-PERP.BINANCE[0m
[1m2026-01-06T10:45:40.000000000Z[0m [1;33m[WARN] TRADER-001.nautilus_common::cache: Cannot calculate unrealized PnL for P-20260106-083500-001-140724825183112-5, no quotes for ETHUSDT-PERP.BINANCE[0m
[1m2026-01-06T10:45:50.000000000Z[0m [1;33m[WARN] TRADER-001.nautilus_common::cache: Cannot calculate unrealized PnL for P-20260106-083500-001-140724825183112-5, no quotes for ETHUSDT-PERP.BINANCE[0m
[1m2026-01-06T10:45:59.999000000Z[0m [1;33m[WARN] TRADER-001.nautilus_common::cache: Cannot calculate unrealized PnL for P-20260106-083500-001-140724825183112-5, no quotes for ETHUSDT-PERP.BINANCE[0m
[1m2026-01-06T10:46:00.000000000Z[0m [1;33m[WARN] TRADER-001.nautilus_common::cache: Cannot calculate unrealized PnL for P-20260106-083500-001-140724825183112-5, no quotes for ETHUSDT-PERP.BINANCE[0m
[1m2026-01-06T10:46:10.000000000Z[0m [1;33m[WARN] TRADER-001.nautilus_common::cache: Cannot calculate unrealized PnL for P-20260106-083500-001-140724825183112-5, no quotes for ETHUSDT-PERP.BINANCE[0m
[1m2026-01-06T10:46:20.000000000Z[0m [1;33m[WARN] TRADER-001.nautilus_common::cache: Cannot calculate unrealized PnL for P-20260106-083500-001-140724825183112-5, no quotes for ETHUSDT-PERP.BINANCE[0m
[1m2026-01-06T10:46:30.000000000Z[0m [1;33m[WARN] TRADER-001.nautilus_common::cache: Cannot calculate unrealized PnL for P-20260106-083500-001-140724825183112-5, no quotes for ETHUSDT-PERP.BINANCE[0m
[1m2026-01-06T10:46:40.000000000Z[0m [1;33m[WARN] TRADER-001.nautilus_common::cache: Cannot calculate unrealized PnL for P-20260106-083500-001-140724825183112-5, no quotes for ETHUSDT-PERP.BINANCE[0m
[1m2026-01-06T10:46:50.000000000Z[0m [1;33m[WARN] TRADER-001.nautilus_common::cache: Cannot calculate unrealized PnL for P-20260106-083500-001-140724825183112-5, no quotes for ETHUSDT-PERP.BINANCE[0m
[1m2026-01-06T10:46:59.999000000Z[0m [1;33m[WARN] TRADER-001.nautilus_common::cache: Cannot calculate unrealized PnL for P-20260106-083500-001-140724825183112-5, no quotes for ETHUSDT-PERP.BINANCE[0m
[1m2026-01-06T10:47:00.000000000Z[0m [1;33m[WARN] TRADER-001.nautilus_common::cache: Cannot calculate unrealized PnL for P-20260106-083500-001-140724825183112-5, no quotes for ETHUSDT-PERP.BINANCE[0m
[1m2026-01-06T10:47:10.000000000Z[0m [1;33m[WARN] TRADER-001.nautilus_common::cache: Cannot calculate unrealized PnL for P-20260106-083500-001-140724825183112-5, no quotes for ETHUSDT-PERP.BINANCE[0m
[1m2026-01-06T10:47:20.000000000Z[0m [1;33m[WARN] TRADER-001.nautilus_common::cache: Cannot calculate unrealized PnL for P-20260106-083500-001-140724825183112-5, no quotes for ETHUSDT-PERP.BINANCE[0m
[1m2026-01-06T10:47:30.000000000Z[0m [1;33m[WARN] TRADER-001.nautilus_common::cache: Cannot calculate unrealized PnL for P-20260106-083500-001-140724825183112-5, no quotes for ETHUSDT-PERP.BINANCE[0m
[1m2026-01-06T10:47:40.000000000Z[0m [1;33m[WARN] TRADER-001.nautilus_common::cache: Cannot calculate unrealized PnL for P-20260106-083500-001-140724825183112-5, no quotes for ETHUSDT-PERP.BINANCE[0m
[1m2026-01-06T10:47:50.000000000Z[0m [1;33m[WARN] TRADER-001.nautilus_common::cache: Cannot calculate unrealized PnL for P-20260106-083500-001-140724825183112-5, no quotes for ETHUSDT-PERP.BINANCE[0m
[1m2026-01-06T10:47:59.999000000Z[0m [1;33m[WARN] TRADER-001.nautilus_common::cache: Cannot calculate unrealized PnL for P-20260106-083500-001-140724825183112-5, no quotes for ETHUSDT-PERP.BINANCE[0m
[1m2026-01-06T10:48:00.000000000Z[0m [1;33m[WARN] TRADER-001.nautilus_common::cache: Cannot calculate unrealized PnL for P-20260106-083500-001-140724825183112-5, no quotes for ETHUSDT-PERP.BINANCE[0m
[1m2026-01-06T10:48:10.000000000Z[0m [1;33m[WARN] TRADER-001.nautilus_common::cache: Cannot calculate unrealized PnL for P-20260106-083500-001-140724825183112-5, no quotes for ETHUSDT-PERP.BINANCE[0m
[1m2026-01-06T10:48:20.000000000Z[0m [1;33m[WARN] TRADER-001.nautilus_common::cache: Cannot calculate unrealized PnL for P-20260106-083500-001-140724825183112-5, no quotes for ETHUSDT-PERP.BINANCE[0m
[1m2026-01-06T10:48:30.000000000Z[0m [1;33m[WARN] TRADER-001.nautilus_common::cache: Cannot calculate unrealized PnL for P-20260106-083500-001-140724825183112-5, no quotes for ETHUSDT-PERP.BINANCE[0m
[1m2026-01-06T10:48:40.000000000Z[0m [1;33m[WARN] TRADER-001.nautilus_common::cache: Cannot calculate unrealized PnL for P-20260106-083500-001-140724825183112-5, no quotes for ETHUSDT-PERP.BINANCE[0m
[1m2026-01-06T10:48:50.000000000Z[0m [1;33m[WARN] TRADER-001.nautilus_common::cache: Cannot calculate unrealized PnL for P-20260106-083500-001-140724825183112-5, no quotes for ETHUSDT-PERP.BINANCE[0m
[1m2026-01-06T10:48:59.999000000Z[0m [1;33m[WARN] TRADER-001.nautilus_common::cache: Cannot calculate unrealized PnL for P-20260106-083500-001-140724825183112-5, no quotes for ETHUSDT-PERP.BINANCE[0m
[1m2026-01-06T10:49:00.000000000Z[0m [1;33m[WARN] TRADER-001.nautilus_common::cache: Cannot calculate unrealized PnL for P-20260106-083500-001-140724825183112-5, no quotes for ETHUSDT-PERP.BINANCE[0m
[1m2026-01-06T10:49:10.000000000Z[0m [1;33m[WARN] TRADER-001.nautilus_common::cache: Cannot calculate unrealized PnL for P-20260106-083500-001-140724825183112-5, no quotes for ETHUSDT-PERP.BINANCE[0m
[1m2026-01-06T10:49:20.000000000Z[0m [1;33m[WARN] TRADER-001.nautilus_common::cache: Cannot calculate unrealized PnL for P-20260106-083500-001-140724825183112-5, no quotes for ETHUSDT-PERP.BINANCE[0m
[1m2026-01-06T10:49:30.000000000Z[0m [1;33m[WARN] TRADER-001.nautilus_common::cache: Cannot calculate unrealized PnL for P-20260106-083500-001-140724825183112-5, no quotes for ETHUSDT-PERP.BINANCE[0m
[1m2026-01-06T10:49:40.000000000Z[0m [1;33m[WARN] TRADER-001.nautilus_common::cache: Cannot calculate unrealized PnL for P-20260106-083500-001-140724825183112-5, no quotes for ETHUSDT-PERP.BINANCE[0m
[1m2026-01-06T10:49:50.000000000Z[0m [1;33m[WARN] TRADER-001.nautilus_common::cache: Cannot calculate unrealized PnL for P-20260106-083500-001-140724825183112-5, no quotes for ETHUSDT-PERP.BINANCE[0m
[1m2026-01-06T10:49:59.999000000Z[0m [1;33m[WARN] TRADER-001.nautilus_common::cache: Cannot calculate unrealized PnL for P-20260106-083500-001-140724825183112-5, no quotes for ETHUSDT-PERP.BINANCE[0m
[1m2026-01-06T10:50:00.000000000Z[0m [1;33m[WARN] TRADER-001.nautilus_common::cache: Cannot calculate unrealized PnL for P-20260106-083500-001-140724825183112-5, no quotes for ETHUSDT-PERP.BINANCE[0m
[1m2026-01-06T10:50:10.000000000Z[0m [1;33m[WARN] TRADER-001.nautilus_common::cache: Cannot calculate unrealized PnL for P-20260106-083500-001-140724825183112-5, no quotes for ETHUSDT-PERP.BINANCE[0m
[1m2026-01-06T10:50:20.000000000Z[0m [1;33m[WARN] TRADER-001.nautilus_common::cache: Cannot calculate unrealized PnL for P-20260106-083500-001-140724825183112-5, no quotes for ETHUSDT-PERP.BINANCE[0m
[1m2026-01-06T10:50:30.000000000Z[0m [1;33m[WARN] TRADER-001.nautilus_common::cache: Cannot calculate unrealized PnL for P-20260106-083500-001-140724825183112-5, no quotes for ETHUSDT-PERP.BINANCE[0m
[1m2026-01-06T10:50:40.000000000Z[0m [1;33m[WARN] TRADER-001.nautilus_common::cache: Cannot calculate unrealized PnL for P-20260106-083500-001-140724825183112-5, no quotes for ETHUSDT-PERP.BINANCE[0m
[1m2026-01-06T10:50:50.000000000Z[0m [1;33m[WARN] TRADER-001.nautilus_common::cache: Cannot calculate unrealized PnL for P-20260106-083500-001-140724825183112-5, no quotes for ETHUSDT-PERP.BINANCE[0m
[1m2026-01-06T10:50:59.999000000Z[0m [1;33m[WARN] TRADER-001.nautilus_common::cache: Cannot calculate unrealized PnL for P-20260106-083500-001-140724825183112-5, no quotes for ETHUSDT-PERP.BINANCE[0m
[1m2026-01-06T10:51:00.000000000Z[0m [1;33m[WARN] TRADER-001.nautilus_common::cache: Cannot calculate unrealized PnL for P-20260106-083500-001-140724825183112-5, no quotes for ETHUSDT-PERP.BINANCE[0m
[1m2026-01-06T10:51:10.000000000Z[0m [1;33m[WARN] TRADER-001.nautilus_common::cache: Cannot calculate unrealized PnL for P-20260106-083500-001-140724825183112-5, no quotes for ETHUSDT-PERP.BINANCE[0m
[1m2026-01-06T10:51:20.000000000Z[0m [1;33m[WARN] TRADER-001.nautilus_common::cache: Cannot calculate unrealized PnL for P-20260106-083500-001-140724825183112-5, no quotes for ETHUSDT-PERP.BINANCE[0m
[1m2026-01-06T10:51:30.000000000Z[0m [1;33m[WARN] TRADER-001.nautilus_common::cache: Cannot calculate unrealized PnL for P-20260106-083500-001-140724825183112-5, no quotes for ETHUSDT-PERP.BINANCE[0m
[1m2026-01-06T10:51:40.000000000Z[0m [1;33m[WARN] TRADER-001.nautilus_common::cache: Cannot calculate unrealized PnL for P-20260106-083500-001-140724825183112-5, no quotes for ETHUSDT-PERP.BINANCE[0m
[1m2026-01-06T10:51:50.000000000Z[0m [1;33m[WARN] TRADER-001.nautilus_common::cache: Cannot calculate unrealized PnL for P-20260106-083500-001-140724825183112-5, no quotes for ETHUSDT-PERP.BINANCE[0m
[1m2026-01-06T10:51:59.999000000Z[0m [1;33m[WARN] TRADER-001.nautilus_common::cache: Cannot calculate unrealized PnL for P-20260106-083500-001-140724825183112-5, no quotes for ETHUSDT-PERP.BINANCE[0m
[1m2026-01-06T10:52:00.000000000Z[0m [1;33m[WARN] TRADER-001.nautilus_common::cache: Cannot calculate unrealized PnL for P-20260106-083500-001-140724825183112-5, no quotes for ETHUSDT-PERP.BINANCE[0m
[1m2026-01-06T10:52:10.000000000Z[0m [1;33m[WARN] TRADER-001.nautilus_common::cache: Cannot calculate unrealized PnL for P-20260106-083500-001-140724825183112-5, no quotes for ETHUSDT-PERP.BINANCE[0m
[1m2026-01-06T10:52:20.000000000Z[0m [1;33m[WARN] TRADER-001.nautilus_common::cache: Cannot calculate unrealized PnL for P-20260106-083500-001-140724825183112-5, no quotes for ETHUSDT-PERP.BINANCE[0m
[1m2026-01-06T10:52:30.000000000Z[0m [1;33m[WARN] TRADER-001.nautilus_common::cache: Cannot calculate unrealized PnL for P-20260106-083500-001-140724825183112-5, no quotes for ETHUSDT-PERP.BINANCE[0m
[1m2026-01-06T10:52:40.000000000Z[0m [1;33m[WARN] TRADER-001.nautilus_common::cache: Cannot calculate unrealized PnL for P-20260106-083500-001-140724825183112-5, no quotes for ETHUSDT-PERP.BINANCE[0m
[1m2026-01-06T10:52:50.000000000Z[0m [1;33m[WARN] TRADER-001.nautilus_common::cache: Cannot calculate unrealized PnL for P-20260106-083500-001-140724825183112-5, no quotes for ETHUSDT-PERP.BINANCE[0m
[1m2026-01-06T10:52:59.999000000Z[0m [1;33m[WARN] TRADER-001.nautilus_common::cache: Cannot calculate unrealized PnL for P-20260106-083500-001-140724825183112-5, no quotes for ETHUSDT-PERP.BINANCE[0m
[1m2026-01-06T10:53:00.000000000Z[0m [1;33m[WARN] TRADER-001.nautilus_common::cache: Cannot calculate unrealized PnL for P-20260106-083500-001-140724825183112-5, no quotes for ETHUSDT-PERP.BINANCE[0m
[1m2026-01-06T10:53:10.000000000Z[0m [1;33m[WARN] TRADER-001.nautilus_common::cache: Cannot calculate unrealized PnL for P-20260106-083500-001-140724825183112-5, no quotes for ETHUSDT-PERP.BINANCE[0m
[1m2026-01-06T10:53:20.000000000Z[0m [1;33m[WARN] TRADER-001.nautilus_common::cache: Cannot calculate unrealized PnL for P-20260106-083500-001-140724825183112-5, no quotes for ETHUSDT-PERP.BINANCE[0m
[1m2026-01-06T10:53:30.000000000Z[0m [1;33m[WARN] TRADER-001.nautilus_common::cache: Cannot calculate unrealized PnL for P-20260106-083500-001-140724825183112-5, no quotes for ETHUSDT-PERP.BINANCE[0m
[1m2026-01-06T10:53:40.000000000Z[0m [1;33m[WARN] TRADER-001.nautilus_common::cache: Cannot calculate unrealized PnL for P-20260106-083500-001-140724825183112-5, no quotes for ETHUSDT-PERP.BINANCE[0m
[1m2026-01-06T10:53:50.000000000Z[0m [1;33m[WARN] TRADER-001.nautilus_common::cache: Cannot calculate unrealized PnL for P-20260106-083500-001-140724825183112-5, no quotes for ETHUSDT-PERP.BINANCE[0m
[1m2026-01-06T10:53:59.999000000Z[0m [1;33m[WARN] TRADER-001.nautilus_common::cache: Cannot calculate unrealized PnL for P-20260106-083500-001-140724825183112-5, no quotes for ETHUSDT-PERP.BINANCE[0m
[1m2026-01-06T10:54:00.000000000Z[0m [1;33m[WARN] TRADER-001.nautilus_common::cache: Cannot calculate unrealized PnL for P-20260106-083500-001-140724825183112-5, no quotes for ETHUSDT-PERP.BINANCE[0m
[1m2026-01-06T10:54:10.000000000Z[0m [1;33m[WARN] TRADER-001.nautilus_common::cache: Cannot calculate unrealized PnL for P-20260106-083500-001-140724825183112-5, no quotes for ETHUSDT-PERP.BINANCE[0m
[1m2026-01-06T10:54:20.000000000Z[0m [1;33m[WARN] TRADER-001.nautilus_common::cache: Cannot calculate unrealized PnL for P-20260106-083500-001-140724825183112-5, no quotes for ETHUSDT-PERP.BINANCE[0m
[1m2026-01-06T10:54:30.000000000Z[0m [1;33m[WARN] TRADER-001.nautilus_common::cache: Cannot calculate unrealized PnL for P-20260106-083500-001-140724825183112-5, no quotes for ETHUSDT-PERP.BINANCE[0m
[1m2026-01-06T10:54:40.000000000Z[0m [1;33m[WARN] TRADER-001.nautilus_common::cache: Cannot calculate unrealized PnL for P-20260106-083500-001-140724825183112-5, no quotes for ETHUSDT-PERP.BINANCE[0m
[1m2026-01-06T10:54:50.000000000Z[0m [1;33m[WARN] TRADER-001.nautilus_common::cache: Cannot calculate unrealized PnL for P-20260106-083500-001-140724825183112-5, no quotes for ETHUSDT-PERP.BINANCE[0m
[1m2026-01-06T10:54:59.999000000Z[0m [1;33m[WARN] TRADER-001.nautilus_common::cache: Cannot calculate unrealized PnL for P-20260106-083500-001-140724825183112-5, no quotes for ETHUSDT-PERP.BINANCE[0m
[1m2026-01-06T10:55:00.000000000Z[0m [1;33m[WARN] TRADER-001.nautilus_common::cache: Cannot calculate unrealized PnL for P-20260106-083500-001-140724825183112-5, no quotes for ETHUSDT-PERP.BINANCE[0m
[1m2026-01-06T10:55:10.000000000Z[0m [1;33m[WARN] TRADER-001.nautilus_common::cache: Cannot calculate unrealized PnL for P-20260106-083500-001-140724825183112-5, no quotes for ETHUSDT-PERP.BINANCE[0m
[1m2026-01-06T10:55:20.000000000Z[0m [1;33m[WARN] TRADER-001.nautilus_common::cache: Cannot calculate unrealized PnL for P-20260106-083500-001-140724825183112-5, no quotes for ETHUSDT-PERP.BINANCE[0m
[1m2026-01-06T10:55:30.000000000Z[0m [1;33m[WARN] TRADER-001.nautilus_common::cache: Cannot calculate unrealized PnL for P-20260106-083500-001-140724825183112-5, no quotes for ETHUSDT-PERP.BINANCE[0m
[1m2026-01-06T10:55:40.000000000Z[0m [1;33m[WARN] TRADER-001.nautilus_common::cache: Cannot calculate unrealized PnL for P-20260106-083500-001-140724825183112-5, no quotes for ETHUSDT-PERP.BINANCE[0m
[1m2026-01-06T10:55:50.000000000Z[0m [1;33m[WARN] TRADER-001.nautilus_common::cache: Cannot calculate unrealized PnL for P-20260106-083500-001-140724825183112-5, no quotes for ETHUSDT-PERP.BINANCE[0m
[1m2026-01-06T10:55:59.999000000Z[0m [1;33m[WARN] TRADER-001.nautilus_common::cache: Cannot calculate unrealized PnL for P-20260106-083500-001-140724825183112-5, no quotes for ETHUSDT-PERP.BINANCE[0m
[1m2026-01-06T10:56:00.000000000Z[0m [1;33m[WARN] TRADER-001.nautilus_common::cache: Cannot calculate unrealized PnL for P-20260106-083500-001-140724825183112-5, no quotes for ETHUSDT-PERP.BINANCE[0m
[1m2026-01-06T10:56:10.000000000Z[0m [1;33m[WARN] TRADER-001.nautilus_common::cache: Cannot calculate unrealized PnL for P-20260106-083500-001-140724825183112-5, no quotes for ETHUSDT-PERP.BINANCE[0m
[1m2026-01-06T10:56:20.000000000Z[0m [1;33m[WARN] TRADER-001.nautilus_common::cache: Cannot calculate unrealized PnL for P-20260106-083500-001-140724825183112-5, no quotes for ETHUSDT-PERP.BINANCE[0m
[1m2026-01-06T10:56:30.000000000Z[0m [1;33m[WARN] TRADER-001.nautilus_common::cache: Cannot calculate unrealized PnL for P-20260106-083500-001-140724825183112-5, no quotes for ETHUSDT-PERP.BINANCE[0m
[1m2026-01-06T10:56:40.000000000Z[0m [1;33m[WARN] TRADER-001.nautilus_common::cache: Cannot calculate unrealized PnL for P-20260106-083500-001-140724825183112-5, no quotes for ETHUSDT-PERP.BINANCE[0m
[1m2026-01-06T10:56:50.000000000Z[0m [1;33m[WARN] TRADER-001.nautilus_common::cache: Cannot calculate unrealized PnL for P-20260106-083500-001-140724825183112-5, no quotes for ETHUSDT-PERP.BINANCE[0m
[1m2026-01-06T10:56:59.999000000Z[0m [1;33m[WARN] TRADER-001.nautilus_common::cache: Cannot calculate unrealized PnL for P-20260106-083500-001-140724825183112-5, no quotes for ETHUSDT-PERP.BINANCE[0m
[1m2026-01-06T10:57:00.000000000Z[0m [1;33m[WARN] TRADER-001.nautilus_common::cache: Cannot calculate unrealized PnL for P-20260106-083500-001-140724825183112-5, no quotes for ETHUSDT-PERP.BINANCE[0m
[1m2026-01-06T10:57:10.000000000Z[0m [1;33m[WARN] TRADER-001.nautilus_common::cache: Cannot calculate unrealized PnL for P-20260106-083500-001-140724825183112-5, no quotes for ETHUSDT-PERP.BINANCE[0m
[1m2026-01-06T10:57:20.000000000Z[0m [1;33m[WARN] TRADER-001.nautilus_common::cache: Cannot calculate unrealized PnL for P-20260106-083500-001-140724825183112-5, no quotes for ETHUSDT-PERP.BINANCE[0m
[1m2026-01-06T10:57:30.000000000Z[0m [1;33m[WARN] TRADER-001.nautilus_common::cache: Cannot calculate unrealized PnL for P-20260106-083500-001-140724825183112-5, no quotes for ETHUSDT-PERP.BINANCE[0m
[1m2026-01-06T10:57:40.000000000Z[0m [1;33m[WARN] TRADER-001.nautilus_common::cache: Cannot calculate unrealized PnL for P-20260106-083500-001-140724825183112-5, no quotes for ETHUSDT-PERP.BINANCE[0m
[1m2026-01-06T10:57:50.000000000Z[0m [1;33m[WARN] TRADER-001.nautilus_common::cache: Cannot calculate unrealized PnL for P-20260106-083500-001-140724825183112-5, no quotes for ETHUSDT-PERP.BINANCE[0m
[1m2026-01-06T10:57:59.999000000Z[0m [1;33m[WARN] TRADER-001.nautilus_common::cache: Cannot calculate unrealized PnL for P-20260106-083500-001-140724825183112-5, no quotes for ETHUSDT-PERP.BINANCE[0m
[1m2026-01-06T10:58:00.000000000Z[0m [1;33m[WARN] TRADER-001.nautilus_common::cache: Cannot calculate unrealized PnL for P-20260106-083500-001-140724825183112-5, no quotes for ETHUSDT-PERP.BINANCE[0m
[1m2026-01-06T10:58:10.000000000Z[0m [1;33m[WARN] TRADER-001.nautilus_common::cache: Cannot calculate unrealized PnL for P-20260106-083500-001-140724825183112-5, no quotes for ETHUSDT-PERP.BINANCE[0m
[1m2026-01-06T10:58:20.000000000Z[0m [1;33m[WARN] TRADER-001.nautilus_common::cache: Cannot calculate unrealized PnL for P-20260106-083500-001-140724825183112-5, no quotes for ETHUSDT-PERP.BINANCE[0m
[1m2026-01-06T10:58:30.000000000Z[0m [1;33m[WARN] TRADER-001.nautilus_common::cache: Cannot calculate unrealized PnL for P-20260106-083500-001-140724825183112-5, no quotes for ETHUSDT-PERP.BINANCE[0m
[1m2026-01-06T10:58:40.000000000Z[0m [1;33m[WARN] TRADER-001.nautilus_common::cache: Cannot calculate unrealized PnL for P-20260106-083500-001-140724825183112-5, no quotes for ETHUSDT-PERP.BINANCE[0m
[1m2026-01-06T10:58:50.000000000Z[0m [1;33m[WARN] TRADER-001.nautilus_common::cache: Cannot calculate unrealized PnL for P-20260106-083500-001-140724825183112-5, no quotes for ETHUSDT-PERP.BINANCE[0m
[1m2026-01-06T10:58:59.999000000Z[0m [1;33m[WARN] TRADER-001.nautilus_common::cache: Cannot calculate unrealized PnL for P-20260106-083500-001-140724825183112-5, no quotes for ETHUSDT-PERP.BINANCE[0m
[1m2026-01-06T10:59:00.000000000Z[0m [1;33m[WARN] TRADER-001.nautilus_common::cache: Cannot calculate unrealized PnL for P-20260106-083500-001-140724825183112-5, no quotes for ETHUSDT-PERP.BINANCE[0m
[1m2026-01-06T10:59:10.000000000Z[0m [1;33m[WARN] TRADER-001.nautilus_common::cache: Cannot calculate unrealized PnL for P-20260106-083500-001-140724825183112-5, no quotes for ETHUSDT-PERP.BINANCE[0m
[1m2026-01-06T10:59:20.000000000Z[0m [1;33m[WARN] TRADER-001.nautilus_common::cache: Cannot calculate unrealized PnL for P-20260106-083500-001-140724825183112-5, no quotes for ETHUSDT-PERP.BINANCE[0m
[1m2026-01-06T10:59:30.000000000Z[0m [1;33m[WARN] TRADER-001.nautilus_common::cache: Cannot calculate unrealized PnL for P-20260106-083500-001-140724825183112-5, no quotes for ETHUSDT-PERP.BINANCE[0m
[1m2026-01-06T10:59:40.000000000Z[0m [1;33m[WARN] TRADER-001.nautilus_common::cache: Cannot calculate unrealized PnL for P-20260106-083500-001-140724825183112-5, no quotes for ETHUSDT-PERP.BINANCE[0m
[1m2026-01-06T10:59:50.000000000Z[0m [1;33m[WARN] TRADER-001.nautilus_common::cache: Cannot calculate unrealized PnL for P-20260106-083500-001-140724825183112-5, no quotes for ETHUSDT-PERP.BINANCE[0m
[1m2026-01-06T10:59:59.999000000Z[0m [1;33m[WARN] TRADER-001.nautilus_common::cache: Cannot calculate unrealized PnL for P-20260106-083500-001-140724825183112-5, no quotes for ETHUSDT-PERP.BINANCE[0m
[1m2026-01-06T11:00:00.000000000Z[0m [1;33m[WARN] TRADER-001.nautilus_common::cache: Cannot calculate unrealized PnL for P-20260106-083500-001-140724825183112-5, no quotes for ETHUSDT-PERP.BINANCE[0m
[1m2026-01-06T11:00:10.000000000Z[0m [1;33m[WARN] TRADER-001.nautilus_common::cache: Cannot calculate unrealized PnL for P-20260106-083500-001-140724825183112-5, no quotes for ETHUSDT-PERP.BINANCE[0m
[1m2026-01-06T11:00:20.000000000Z[0m [1;33m[WARN] TRADER-001.nautilus_common::cache: Cannot calculate unrealized PnL for P-20260106-083500-001-140724825183112-5, no quotes for ETHUSDT-PERP.BINANCE[0m
[1m2026-01-06T11:00:30.000000000Z[0m [1;33m[WARN] TRADER-001.nautilus_common::cache: Cannot calculate unrealized PnL for P-20260106-083500-001-140724825183112-5, no quotes for ETHUSDT-PERP.BINANCE[0m
[1m2026-01-06T11:00:40.000000000Z[0m [1;33m[WARN] TRADER-001.nautilus_common::cache: Cannot calculate unrealized PnL for P-20260106-083500-001-140724825183112-5, no quotes for ETHUSDT-PERP.BINANCE[0m
[1m2026-01-06T11:00:50.000000000Z[0m [1;33m[WARN] TRADER-001.nautilus_common::cache: Cannot calculate unrealized PnL for P-20260106-083500-001-140724825183112-5, no quotes for ETHUSDT-PERP.BINANCE[0m
[1m2026-01-06T11:00:59.999000000Z[0m [1;33m[WARN] TRADER-001.nautilus_common::cache: Cannot calculate unrealized PnL for P-20260106-083500-001-140724825183112-5, no quotes for ETHUSDT-PERP.BINANCE[0m
[1m2026-01-06T11:01:00.000000000Z[0m [1;33m[WARN] TRADER-001.nautilus_common::cache: Cannot calculate unrealized PnL for P-20260106-083500-001-140724825183112-5, no quotes for ETHUSDT-PERP.BINANCE[0m
[1m2026-01-06T11:01:10.000000000Z[0m [1;33m[WARN] TRADER-001.nautilus_common::cache: Cannot calculate unrealized PnL for P-20260106-083500-001-140724825183112-5, no quotes for ETHUSDT-PERP.BINANCE[0m
[1m2026-01-06T11:01:20.000000000Z[0m [1;33m[WARN] TRADER-001.nautilus_common::cache: Cannot calculate unrealized PnL for P-20260106-083500-001-140724825183112-5, no quotes for ETHUSDT-PERP.BINANCE[0m
[1m2026-01-06T11:01:30.000000000Z[0m [1;33m[WARN] TRADER-001.nautilus_common::cache: Cannot calculate unrealized PnL for P-20260106-083500-001-140724825183112-5, no quotes for ETHUSDT-PERP.BINANCE[0m
[1m2026-01-06T11:01:40.000000000Z[0m [1;33m[WARN] TRADER-001.nautilus_common::cache: Cannot calculate unrealized PnL for P-20260106-083500-001-140724825183112-5, no quotes for ETHUSDT-PERP.BINANCE[0m
[1m2026-01-06T11:01:50.000000000Z[0m [1;33m[WARN] TRADER-001.nautilus_common::cache: Cannot calculate unrealized PnL for P-20260106-083500-001-140724825183112-5, no quotes for ETHUSDT-PERP.BINANCE[0m
[1m2026-01-06T11:01:59.999000000Z[0m [1;33m[WARN] TRADER-001.nautilus_common::cache: Cannot calculate unrealized PnL for P-20260106-083500-001-140724825183112-5, no quotes for ETHUSDT-PERP.BINANCE[0m
[1m2026-01-06T11:02:00.000000000Z[0m [1;33m[WARN] TRADER-001.nautilus_common::cache: Cannot calculate unrealized PnL for P-20260106-083500-001-140724825183112-5, no quotes for ETHUSDT-PERP.BINANCE[0m
[1m2026-01-06T11:02:10.000000000Z[0m [1;33m[WARN] TRADER-001.nautilus_common::cache: Cannot calculate unrealized PnL for P-20260106-083500-001-140724825183112-5, no quotes for ETHUSDT-PERP.BINANCE[0m
[1m2026-01-06T11:02:20.000000000Z[0m [1;33m[WARN] TRADER-001.nautilus_common::cache: Cannot calculate unrealized PnL for P-20260106-083500-001-140724825183112-5, no quotes for ETHUSDT-PERP.BINANCE[0m
[1m2026-01-06T11:02:30.000000000Z[0m [1;33m[WARN] TRADER-001.nautilus_common::cache: Cannot calculate unrealized PnL for P-20260106-083500-001-140724825183112-5, no quotes for ETHUSDT-PERP.BINANCE[0m
[1m2026-01-06T11:02:40.000000000Z[0m [1;33m[WARN] TRADER-001.nautilus_common::cache: Cannot calculate unrealized PnL for P-20260106-083500-001-140724825183112-5, no quotes for ETHUSDT-PERP.BINANCE[0m
[1m2026-01-06T11:02:50.000000000Z[0m [1;33m[WARN] TRADER-001.nautilus_common::cache: Cannot calculate unrealized PnL for P-20260106-083500-001-140724825183112-5, no quotes for ETHUSDT-PERP.BINANCE[0m
[1m2026-01-06T11:02:59.999000000Z[0m [1;33m[WARN] TRADER-001.nautilus_common::cache: Cannot calculate unrealized PnL for P-20260106-083500-001-140724825183112-5, no quotes for ETHUSDT-PERP.BINANCE[0m
[1m2026-01-06T11:03:00.000000000Z[0m [1;33m[WARN] TRADER-001.nautilus_common::cache: Cannot calculate unrealized PnL for P-20260106-083500-001-140724825183112-5, no quotes for ETHUSDT-PERP.BINANCE[0m
[1m2026-01-06T11:03:10.000000000Z[0m [1;33m[WARN] TRADER-001.nautilus_common::cache: Cannot calculate unrealized PnL for P-20260106-083500-001-140724825183112-5, no quotes for ETHUSDT-PERP.BINANCE[0m
[1m2026-01-06T11:03:20.000000000Z[0m [1;33m[WARN] TRADER-001.nautilus_common::cache: Cannot calculate unrealized PnL for P-20260106-083500-001-140724825183112-5, no quotes for ETHUSDT-PERP.BINANCE[0m
[1m2026-01-06T11:03:30.000000000Z[0m [1;33m[WARN] TRADER-001.nautilus_common::cache: Cannot calculate unrealized PnL for P-20260106-083500-001-140724825183112-5, no quotes for ETHUSDT-PERP.BINANCE[0m
[1m2026-01-06T11:03:40.000000000Z[0m [1;33m[WARN] TRADER-001.nautilus_common::cache: Cannot calculate unrealized PnL for P-20260106-083500-001-140724825183112-5, no quotes for ETHUSDT-PERP.BINANCE[0m
[1m2026-01-06T11:03:50.000000000Z[0m [1;33m[WARN] TRADER-001.nautilus_common::cache: Cannot calculate unrealized PnL for P-20260106-083500-001-140724825183112-5, no quotes for ETHUSDT-PERP.BINANCE[0m
[1m2026-01-06T11:03:59.999000000Z[0m [1;33m[WARN] TRADER-001.nautilus_common::cache: Cannot calculate unrealized PnL for P-20260106-083500-001-140724825183112-5, no quotes for ETHUSDT-PERP.BINANCE[0m
[1m2026-01-06T11:04:00.000000000Z[0m [1;33m[WARN] TRADER-001.nautilus_common::cache: Cannot calculate unrealized PnL for P-20260106-083500-001-140724825183112-5, no quotes for ETHUSDT-PERP.BINANCE[0m
[1m2026-01-06T11:04:10.000000000Z[0m [1;33m[WARN] TRADER-001.nautilus_common::cache: Cannot calculate unrealized PnL for P-20260106-083500-001-140724825183112-5, no quotes for ETHUSDT-PERP.BINANCE[0m
[1m2026-01-06T11:04:20.000000000Z[0m [1;33m[WARN] TRADER-001.nautilus_common::cache: Cannot calculate unrealized PnL for P-20260106-083500-001-140724825183112-5, no quotes for ETHUSDT-PERP.BINANCE[0m
[1m2026-01-06T11:04:30.000000000Z[0m [1;33m[WARN] TRADER-001.nautilus_common::cache: Cannot calculate unrealized PnL for P-20260106-083500-001-140724825183112-5, no quotes for ETHUSDT-PERP.BINANCE[0m
[1m2026-01-06T11:04:40.000000000Z[0m [1;33m[WARN] TRADER-001.nautilus_common::cache: Cannot calculate unrealized PnL for P-20260106-083500-001-140724825183112-5, no quotes for ETHUSDT-PERP.BINANCE[0m
[1m2026-01-06T11:04:50.000000000Z[0m [1;33m[WARN] TRADER-001.nautilus_common::cache: Cannot calculate unrealized PnL for P-20260106-083500-001-140724825183112-5, no quotes for ETHUSDT-PERP.BINANCE[0m
[1m2026-01-06T11:04:59.999000000Z[0m [1;33m[WARN] TRADER-001.nautilus_common::cache: Cannot calculate unrealized PnL for P-20260106-083500-001-140724825183112-5, no quotes for ETHUSDT-PERP.BINANCE[0m
[1m2026-01-06T11:05:00.000000000Z[0m [1;33m[WARN] TRADER-001.nautilus_common::cache: Cannot calculate unrealized PnL for P-20260106-083500-001-140724825183112-5, no quotes for ETHUSDT-PERP.BINANCE[0m
[1m2026-01-06T11:05:10.000000000Z[0m [1;33m[WARN] TRADER-001.nautilus_common::cache: Cannot calculate unrealized PnL for P-20260106-083500-001-140724825183112-5, no quotes for ETHUSDT-PERP.BINANCE[0m
[1m2026-01-06T11:05:20.000000000Z[0m [1;33m[WARN] TRADER-001.nautilus_common::cache: Cannot calculate unrealized PnL for P-20260106-083500-001-140724825183112-5, no quotes for ETHUSDT-PERP.BINANCE[0m
[1m2026-01-06T11:05:30.000000000Z[0m [1;33m[WARN] TRADER-001.nautilus_common::cache: Cannot calculate unrealized PnL for P-20260106-083500-001-140724825183112-5, no quotes for ETHUSDT-PERP.BINANCE[0m
[1m2026-01-06T11:05:40.000000000Z[0m [1;33m[WARN] TRADER-001.nautilus_common::cache: Cannot calculate unrealized PnL for P-20260106-083500-001-140724825183112-5, no quotes for ETHUSDT-PERP.BINANCE[0m
[1m2026-01-06T11:05:50.000000000Z[0m [1;33m[WARN] TRADER-001.nautilus_common::cache: Cannot calculate unrealized PnL for P-20260106-083500-001-140724825183112-5, no quotes for ETHUSDT-PERP.BINANCE[0m
[1m2026-01-06T11:05:59.999000000Z[0m [1;33m[WARN] TRADER-001.nautilus_common::cache: Cannot calculate unrealized PnL for P-20260106-083500-001-140724825183112-5, no quotes for ETHUSDT-PERP.BINANCE[0m
[1m2026-01-06T11:06:00.000000000Z[0m [1;33m[WARN] TRADER-001.nautilus_common::cache: Cannot calculate unrealized PnL for P-20260106-083500-001-140724825183112-5, no quotes for ETHUSDT-PERP.BINANCE[0m
[1m2026-01-06T11:06:10.000000000Z[0m [1;33m[WARN] TRADER-001.nautilus_common::cache: Cannot calculate unrealized PnL for P-20260106-083500-001-140724825183112-5, no quotes for ETHUSDT-PERP.BINANCE[0m
[1m2026-01-06T11:06:20.000000000Z[0m [1;33m[WARN] TRADER-001.nautilus_common::cache: Cannot calculate unrealized PnL for P-20260106-083500-001-140724825183112-5, no quotes for ETHUSDT-PERP.BINANCE[0m
[1m2026-01-06T11:06:30.000000000Z[0m [1;33m[WARN] TRADER-001.nautilus_common::cache: Cannot calculate unrealized PnL for P-20260106-083500-001-140724825183112-5, no quotes for ETHUSDT-PERP.BINANCE[0m
[1m2026-01-06T11:06:40.000000000Z[0m [1;33m[WARN] TRADER-001.nautilus_common::cache: Cannot calculate unrealized PnL for P-20260106-083500-001-140724825183112-5, no quotes for ETHUSDT-PERP.BINANCE[0m
[1m2026-01-06T11:06:50.000000000Z[0m [1;33m[WARN] TRADER-001.nautilus_common::cache: Cannot calculate unrealized PnL for P-20260106-083500-001-140724825183112-5, no quotes for ETHUSDT-PERP.BINANCE[0m
[1m2026-01-06T11:06:59.999000000Z[0m [1;33m[WARN] TRADER-001.nautilus_common::cache: Cannot calculate unrealized PnL for P-20260106-083500-001-140724825183112-5, no quotes for ETHUSDT-PERP.BINANCE[0m
[1m2026-01-06T11:07:00.000000000Z[0m [1;33m[WARN] TRADER-001.nautilus_common::cache: Cannot calculate unrealized PnL for P-20260106-083500-001-140724825183112-5, no quotes for ETHUSDT-PERP.BINANCE[0m
[1m2026-01-06T11:07:10.000000000Z[0m [1;33m[WARN] TRADER-001.nautilus_common::cache: Cannot calculate unrealized PnL for P-20260106-083500-001-140724825183112-5, no quotes for ETHUSDT-PERP.BINANCE[0m
[1m2026-01-06T11:07:20.000000000Z[0m [1;33m[WARN] TRADER-001.nautilus_common::cache: Cannot calculate unrealized PnL for P-20260106-083500-001-140724825183112-5, no quotes for ETHUSDT-PERP.BINANCE[0m
[1m2026-01-06T11:07:30.000000000Z[0m [1;33m[WARN] TRADER-001.nautilus_common::cache: Cannot calculate unrealized PnL for P-20260106-083500-001-140724825183112-5, no quotes for ETHUSDT-PERP.BINANCE[0m
[1m2026-01-06T11:07:40.000000000Z[0m [1;33m[WARN] TRADER-001.nautilus_common::cache: Cannot calculate unrealized PnL for P-20260106-083500-001-140724825183112-5, no quotes for ETHUSDT-PERP.BINANCE[0m
[1m2026-01-06T11:07:50.000000000Z[0m [1;33m[WARN] TRADER-001.nautilus_common::cache: Cannot calculate unrealized PnL for P-20260106-083500-001-140724825183112-5, no quotes for ETHUSDT-PERP.BINANCE[0m
[1m2026-01-06T11:07:59.999000000Z[0m [1;33m[WARN] TRADER-001.nautilus_common::cache: Cannot calculate unrealized PnL for P-20260106-083500-001-140724825183112-5, no quotes for ETHUSDT-PERP.BINANCE[0m
[1m2026-01-06T11:08:00.000000000Z[0m [1;33m[WARN] TRADER-001.nautilus_common::cache: Cannot calculate unrealized PnL for P-20260106-083500-001-140724825183112-5, no quotes for ETHUSDT-PERP.BINANCE[0m
[1m2026-01-06T11:08:10.000000000Z[0m [1;33m[WARN] TRADER-001.nautilus_common::cache: Cannot calculate unrealized PnL for P-20260106-083500-001-140724825183112-5, no quotes for ETHUSDT-PERP.BINANCE[0m
[1m2026-01-06T11:08:20.000000000Z[0m [1;33m[WARN] TRADER-001.nautilus_common::cache: Cannot calculate unrealized PnL for P-20260106-083500-001-140724825183112-5, no quotes for ETHUSDT-PERP.BINANCE[0m
[1m2026-01-06T11:08:30.000000000Z[0m [1;33m[WARN] TRADER-001.nautilus_common::cache: Cannot calculate unrealized PnL for P-20260106-083500-001-140724825183112-5, no quotes for ETHUSDT-PERP.BINANCE[0m
[1m2026-01-06T11:08:40.000000000Z[0m [1;33m[WARN] TRADER-001.nautilus_common::cache: Cannot calculate unrealized PnL for P-20260106-083500-001-140724825183112-5, no quotes for ETHUSDT-PERP.BINANCE[0m
[1m2026-01-06T11:08:50.000000000Z[0m [1;33m[WARN] TRADER-001.nautilus_common::cache: Cannot calculate unrealized PnL for P-20260106-083500-001-140724825183112-5, no quotes for ETHUSDT-PERP.BINANCE[0m
[1m2026-01-06T11:08:59.999000000Z[0m [1;33m[WARN] TRADER-001.nautilus_common::cache: Cannot calculate unrealized PnL for P-20260106-083500-001-140724825183112-5, no quotes for ETHUSDT-PERP.BINANCE[0m
[1m2026-01-06T11:09:00.000000000Z[0m [1;33m[WARN] TRADER-001.nautilus_common::cache: Cannot calculate unrealized PnL for P-20260106-083500-001-140724825183112-5, no quotes for ETHUSDT-PERP.BINANCE[0m
[1m2026-01-06T11:09:10.000000000Z[0m [1;33m[WARN] TRADER-001.nautilus_common::cache: Cannot calculate unrealized PnL for P-20260106-083500-001-140724825183112-5, no quotes for ETHUSDT-PERP.BINANCE[0m
[1m2026-01-06T11:09:20.000000000Z[0m [1;33m[WARN] TRADER-001.nautilus_common::cache: Cannot calculate unrealized PnL for P-20260106-083500-001-140724825183112-5, no quotes for ETHUSDT-PERP.BINANCE[0m
[1m2026-01-06T11:09:30.000000000Z[0m [1;33m[WARN] TRADER-001.nautilus_common::cache: Cannot calculate unrealized PnL for P-20260106-083500-001-140724825183112-5, no quotes for ETHUSDT-PERP.BINANCE[0m
[1m2026-01-06T11:09:40.000000000Z[0m [1;33m[WARN] TRADER-001.nautilus_common::cache: Cannot calculate unrealized PnL for P-20260106-083500-001-140724825183112-5, no quotes for ETHUSDT-PERP.BINANCE[0m
[1m2026-01-06T11:09:50.000000000Z[0m [1;33m[WARN] TRADER-001.nautilus_common::cache: Cannot calculate unrealized PnL for P-20260106-083500-001-140724825183112-5, no quotes for ETHUSDT-PERP.BINANCE[0m
[1m2026-01-06T11:09:59.999000000Z[0m [1;33m[WARN] TRADER-001.nautilus_common::cache: Cannot calculate unrealized PnL for P-20260106-083500-001-140724825183112-5, no quotes for ETHUSDT-PERP.BINANCE[0m
[1m2026-01-06T11:10:00.000000000Z[0m [1;33m[WARN] TRADER-001.nautilus_common::cache: Cannot calculate unrealized PnL for P-20260106-083500-001-140724825183112-5, no quotes for ETHUSDT-PERP.BINANCE[0m
[1m2026-01-06T11:10:10.000000000Z[0m [1;33m[WARN] TRADER-001.nautilus_common::cache: Cannot calculate unrealized PnL for P-20260106-083500-001-140724825183112-5, no quotes for ETHUSDT-PERP.BINANCE[0m
[1m2026-01-06T11:10:20.000000000Z[0m [1;33m[WARN] TRADER-001.nautilus_common::cache: Cannot calculate unrealized PnL for P-20260106-083500-001-140724825183112-5, no quotes for ETHUSDT-PERP.BINANCE[0m
[1m2026-01-06T11:10:30.000000000Z[0m [1;33m[WARN] TRADER-001.nautilus_common::cache: Cannot calculate unrealized PnL for P-20260106-083500-001-140724825183112-5, no quotes for ETHUSDT-PERP.BINANCE[0m
[1m2026-01-06T11:10:40.000000000Z[0m [1;33m[WARN] TRADER-001.nautilus_common::cache: Cannot calculate unrealized PnL for P-20260106-083500-001-140724825183112-5, no quotes for ETHUSDT-PERP.BINANCE[0m
[1m2026-01-06T11:10:50.000000000Z[0m [1;33m[WARN] TRADER-001.nautilus_common::cache: Cannot calculate unrealized PnL for P-20260106-083500-001-140724825183112-5, no quotes for ETHUSDT-PERP.BINANCE[0m
[1m2026-01-06T11:10:59.999000000Z[0m [1;33m[WARN] TRADER-001.nautilus_common::cache: Cannot calculate unrealized PnL for P-20260106-083500-001-140724825183112-5, no quotes for ETHUSDT-PERP.BINANCE[0m
[1m2026-01-06T11:11:00.000000000Z[0m [1;33m[WARN] TRADER-001.nautilus_common::cache: Cannot calculate unrealized PnL for P-20260106-083500-001-140724825183112-5, no quotes for ETHUSDT-PERP.BINANCE[0m
[1m2026-01-06T11:11:10.000000000Z[0m [1;33m[WARN] TRADER-001.nautilus_common::cache: Cannot calculate unrealized PnL for P-20260106-083500-001-140724825183112-5, no quotes for ETHUSDT-PERP.BINANCE[0m
[1m2026-01-06T11:11:20.000000000Z[0m [1;33m[WARN] TRADER-001.nautilus_common::cache: Cannot calculate unrealized PnL for P-20260106-083500-001-140724825183112-5, no quotes for ETHUSDT-PERP.BINANCE[0m
[1m2026-01-06T11:11:30.000000000Z[0m [1;33m[WARN] TRADER-001.nautilus_common::cache: Cannot calculate unrealized PnL for P-20260106-083500-001-140724825183112-5, no quotes for ETHUSDT-PERP.BINANCE[0m
[1m2026-01-06T11:11:40.000000000Z[0m [1;33m[WARN] TRADER-001.nautilus_common::cache: Cannot calculate unrealized PnL for P-20260106-083500-001-140724825183112-5, no quotes for ETHUSDT-PERP.BINANCE[0m
[1m2026-01-06T11:11:50.000000000Z[0m [1;33m[WARN] TRADER-001.nautilus_common::cache: Cannot calculate unrealized PnL for P-20260106-083500-001-140724825183112-5, no quotes for ETHUSDT-PERP.BINANCE[0m
[1m2026-01-06T11:11:59.999000000Z[0m [1;33m[WARN] TRADER-001.nautilus_common::cache: Cannot calculate unrealized PnL for P-20260106-083500-001-140724825183112-5, no quotes for ETHUSDT-PERP.BINANCE[0m
[1m2026-01-06T11:12:00.000000000Z[0m [1;33m[WARN] TRADER-001.nautilus_common::cache: Cannot calculate unrealized PnL for P-20260106-083500-001-140724825183112-5, no quotes for ETHUSDT-PERP.BINANCE[0m
[1m2026-01-06T11:12:10.000000000Z[0m [1;33m[WARN] TRADER-001.nautilus_common::cache: Cannot calculate unrealized PnL for P-20260106-083500-001-140724825183112-5, no quotes for ETHUSDT-PERP.BINANCE[0m
[1m2026-01-06T11:12:20.000000000Z[0m [1;33m[WARN] TRADER-001.nautilus_common::cache: Cannot calculate unrealized PnL for P-20260106-083500-001-140724825183112-5, no quotes for ETHUSDT-PERP.BINANCE[0m
[1m2026-01-06T11:12:30.000000000Z[0m [1;33m[WARN] TRADER-001.nautilus_common::cache: Cannot calculate unrealized PnL for P-20260106-083500-001-140724825183112-5, no quotes for ETHUSDT-PERP.BINANCE[0m
[1m2026-01-06T11:12:40.000000000Z[0m [1;33m[WARN] TRADER-001.nautilus_common::cache: Cannot calculate unrealized PnL for P-20260106-083500-001-140724825183112-5, no quotes for ETHUSDT-PERP.BINANCE[0m
[1m2026-01-06T11:12:50.000000000Z[0m [1;33m[WARN] TRADER-001.nautilus_common::cache: Cannot calculate unrealized PnL for P-20260106-083500-001-140724825183112-5, no quotes for ETHUSDT-PERP.BINANCE[0m
[1m2026-01-06T11:12:59.999000000Z[0m [1;33m[WARN] TRADER-001.nautilus_common::cache: Cannot calculate unrealized PnL for P-20260106-083500-001-140724825183112-5, no quotes for ETHUSDT-PERP.BINANCE[0m
[1m2026-01-06T11:13:00.000000000Z[0m [1;33m[WARN] TRADER-001.nautilus_common::cache: Cannot calculate unrealized PnL for P-20260106-083500-001-140724825183112-5, no quotes for ETHUSDT-PERP.BINANCE[0m
[1m2026-01-06T11:13:10.000000000Z[0m [1;33m[WARN] TRADER-001.nautilus_common::cache: Cannot calculate unrealized PnL for P-20260106-083500-001-140724825183112-5, no quotes for ETHUSDT-PERP.BINANCE[0m
[1m2026-01-06T11:13:20.000000000Z[0m [1;33m[WARN] TRADER-001.nautilus_common::cache: Cannot calculate unrealized PnL for P-20260106-083500-001-140724825183112-5, no quotes for ETHUSDT-PERP.BINANCE[0m
[1m2026-01-06T11:13:30.000000000Z[0m [1;33m[WARN] TRADER-001.nautilus_common::cache: Cannot calculate unrealized PnL for P-20260106-083500-001-140724825183112-5, no quotes for ETHUSDT-PERP.BINANCE[0m
[1m2026-01-06T11:13:40.000000000Z[0m [1;33m[WARN] TRADER-001.nautilus_common::cache: Cannot calculate unrealized PnL for P-20260106-083500-001-140724825183112-5, no quotes for ETHUSDT-PERP.BINANCE[0m
[1m2026-01-06T11:13:50.000000000Z[0m [1;33m[WARN] TRADER-001.nautilus_common::cache: Cannot calculate unrealized PnL for P-20260106-083500-001-140724825183112-5, no quotes for ETHUSDT-PERP.BINANCE[0m
[1m2026-01-06T11:13:59.999000000Z[0m [1;33m[WARN] TRADER-001.nautilus_common::cache: Cannot calculate unrealized PnL for P-20260106-083500-001-140724825183112-5, no quotes for ETHUSDT-PERP.BINANCE[0m
[1m2026-01-06T11:14:00.000000000Z[0m [1;33m[WARN] TRADER-001.nautilus_common::cache: Cannot calculate unrealized PnL for P-20260106-083500-001-140724825183112-5, no quotes for ETHUSDT-PERP.BINANCE[0m
[1m2026-01-06T11:14:10.000000000Z[0m [1;33m[WARN] TRADER-001.nautilus_common::cache: Cannot calculate unrealized PnL for P-20260106-083500-001-140724825183112-5, no quotes for ETHUSDT-PERP.BINANCE[0m
[1m2026-01-06T11:14:20.000000000Z[0m [1;33m[WARN] TRADER-001.nautilus_common::cache: Cannot calculate unrealized PnL for P-20260106-083500-001-140724825183112-5, no quotes for ETHUSDT-PERP.BINANCE[0m
[1m2026-01-06T11:14:30.000000000Z[0m [1;33m[WARN] TRADER-001.nautilus_common::cache: Cannot calculate unrealized PnL for P-20260106-083500-001-140724825183112-5, no quotes for ETHUSDT-PERP.BINANCE[0m
[1m2026-01-06T11:14:40.000000000Z[0m [1;33m[WARN] TRADER-001.nautilus_common::cache: Cannot calculate unrealized PnL for P-20260106-083500-001-140724825183112-5, no quotes for ETHUSDT-PERP.BINANCE[0m
[1m2026-01-06T11:14:50.000000000Z[0m [1;33m[WARN] TRADER-001.nautilus_common::cache: Cannot calculate unrealized PnL for P-20260106-083500-001-140724825183112-5, no quotes for ETHUSDT-PERP.BINANCE[0m
[1m2026-01-06T11:14:59.999000000Z[0m [1;33m[WARN] TRADER-001.nautilus_common::cache: Cannot calculate unrealized PnL for P-20260106-083500-001-140724825183112-5, no quotes for ETHUSDT-PERP.BINANCE[0m
[1m2026-01-06T11:15:00.000000000Z[0m [1;33m[WARN] TRADER-001.nautilus_common::cache: Cannot calculate unrealized PnL for P-20260106-083500-001-140724825183112-5, no quotes for ETHUSDT-PERP.BINANCE[0m
[1m2026-01-06T11:15:10.000000000Z[0m [1;33m[WARN] TRADER-001.nautilus_common::cache: Cannot calculate unrealized PnL for P-20260106-083500-001-140724825183112-5, no quotes for ETHUSDT-PERP.BINANCE[0m
[1m2026-01-06T11:15:20.000000000Z[0m [1;33m[WARN] TRADER-001.nautilus_common::cache: Cannot calculate unrealized PnL for P-20260106-083500-001-140724825183112-5, no quotes for ETHUSDT-PERP.BINANCE[0m
[1m2026-01-06T11:15:30.000000000Z[0m [1;33m[WARN] TRADER-001.nautilus_common::cache: Cannot calculate unrealized PnL for P-20260106-083500-001-140724825183112-5, no quotes for ETHUSDT-PERP.BINANCE[0m
[1m2026-01-06T11:15:40.000000000Z[0m [1;33m[WARN] TRADER-001.nautilus_common::cache: Cannot calculate unrealized PnL for P-20260106-083500-001-140724825183112-5, no quotes for ETHUSDT-PERP.BINANCE[0m
[1m2026-01-06T11:15:50.000000000Z[0m [1;33m[WARN] TRADER-001.nautilus_common::cache: Cannot calculate unrealized PnL for P-20260106-083500-001-140724825183112-5, no quotes for ETHUSDT-PERP.BINANCE[0m
[1m2026-01-06T11:15:59.999000000Z[0m [1;33m[WARN] TRADER-001.nautilus_common::cache: Cannot calculate unrealized PnL for P-20260106-083500-001-140724825183112-5, no quotes for ETHUSDT-PERP.BINANCE[0m
[1m2026-01-06T11:16:00.000000000Z[0m [1;33m[WARN] TRADER-001.nautilus_common::cache: Cannot calculate unrealized PnL for P-20260106-083500-001-140724825183112-5, no quotes for ETHUSDT-PERP.BINANCE[0m
[1m2026-01-06T11:16:10.000000000Z[0m [1;33m[WARN] TRADER-001.nautilus_common::cache: Cannot calculate unrealized PnL for P-20260106-083500-001-140724825183112-5, no quotes for ETHUSDT-PERP.BINANCE[0m
[1m2026-01-06T11:16:20.000000000Z[0m [1;33m[WARN] TRADER-001.nautilus_common::cache: Cannot calculate unrealized PnL for P-20260106-083500-001-140724825183112-5, no quotes for ETHUSDT-PERP.BINANCE[0m
[1m2026-01-06T11:16:30.000000000Z[0m [1;33m[WARN] TRADER-001.nautilus_common::cache: Cannot calculate unrealized PnL for P-20260106-083500-001-140724825183112-5, no quotes for ETHUSDT-PERP.BINANCE[0m
[1m2026-01-06T11:16:40.000000000Z[0m [1;33m[WARN] TRADER-001.nautilus_common::cache: Cannot calculate unrealized PnL for P-20260106-083500-001-140724825183112-5, no quotes for ETHUSDT-PERP.BINANCE[0m
[1m2026-01-06T11:16:50.000000000Z[0m [1;33m[WARN] TRADER-001.nautilus_common::cache: Cannot calculate unrealized PnL for P-20260106-083500-001-140724825183112-5, no quotes for ETHUSDT-PERP.BINANCE[0m
[1m2026-01-06T11:16:59.999000000Z[0m [1;33m[WARN] TRADER-001.nautilus_common::cache: Cannot calculate unrealized PnL for P-20260106-083500-001-140724825183112-5, no quotes for ETHUSDT-PERP.BINANCE[0m
[1m2026-01-06T11:17:00.000000000Z[0m [1;33m[WARN] TRADER-001.nautilus_common::cache: Cannot calculate unrealized PnL for P-20260106-083500-001-140724825183112-5, no quotes for ETHUSDT-PERP.BINANCE[0m
[1m2026-01-06T11:17:10.000000000Z[0m [1;33m[WARN] TRADER-001.nautilus_common::cache: Cannot calculate unrealized PnL for P-20260106-083500-001-140724825183112-5, no quotes for ETHUSDT-PERP.BINANCE[0m
[1m2026-01-06T11:17:20.000000000Z[0m [1;33m[WARN] TRADER-001.nautilus_common::cache: Cannot calculate unrealized PnL for P-20260106-083500-001-140724825183112-5, no quotes for ETHUSDT-PERP.BINANCE[0m
[1m2026-01-06T11:17:30.000000000Z[0m [1;33m[WARN] TRADER-001.nautilus_common::cache: Cannot calculate unrealized PnL for P-20260106-083500-001-140724825183112-5, no quotes for ETHUSDT-PERP.BINANCE[0m
[1m2026-01-06T11:17:40.000000000Z[0m [1;33m[WARN] TRADER-001.nautilus_common::cache: Cannot calculate unrealized PnL for P-20260106-083500-001-140724825183112-5, no quotes for ETHUSDT-PERP.BINANCE[0m
[1m2026-01-06T11:17:50.000000000Z[0m [1;33m[WARN] TRADER-001.nautilus_common::cache: Cannot calculate unrealized PnL for P-20260106-083500-001-140724825183112-5, no quotes for ETHUSDT-PERP.BINANCE[0m
[1m2026-01-06T11:17:59.999000000Z[0m [1;33m[WARN] TRADER-001.nautilus_common::cache: Cannot calculate unrealized PnL for P-20260106-083500-001-140724825183112-5, no quotes for ETHUSDT-PERP.BINANCE[0m
[1m2026-01-06T11:18:00.000000000Z[0m [1;33m[WARN] TRADER-001.nautilus_common::cache: Cannot calculate unrealized PnL for P-20260106-083500-001-140724825183112-5, no quotes for ETHUSDT-PERP.BINANCE[0m
[1m2026-01-06T11:18:10.000000000Z[0m [1;33m[WARN] TRADER-001.nautilus_common::cache: Cannot calculate unrealized PnL for P-20260106-083500-001-140724825183112-5, no quotes for ETHUSDT-PERP.BINANCE[0m
[1m2026-01-06T11:18:20.000000000Z[0m [1;33m[WARN] TRADER-001.nautilus_common::cache: Cannot calculate unrealized PnL for P-20260106-083500-001-140724825183112-5, no quotes for ETHUSDT-PERP.BINANCE[0m
[1m2026-01-06T11:18:30.000000000Z[0m [1;33m[WARN] TRADER-001.nautilus_common::cache: Cannot calculate unrealized PnL for P-20260106-083500-001-140724825183112-5, no quotes for ETHUSDT-PERP.BINANCE[0m
[1m2026-01-06T11:18:40.000000000Z[0m [1;33m[WARN] TRADER-001.nautilus_common::cache: Cannot calculate unrealized PnL for P-20260106-083500-001-140724825183112-5, no quotes for ETHUSDT-PERP.BINANCE[0m
[1m2026-01-06T11:18:50.000000000Z[0m [1;33m[WARN] TRADER-001.nautilus_common::cache: Cannot calculate unrealized PnL for P-20260106-083500-001-140724825183112-5, no quotes for ETHUSDT-PERP.BINANCE[0m
[1m2026-01-06T11:18:59.999000000Z[0m [1;33m[WARN] TRADER-001.nautilus_common::cache: Cannot calculate unrealized PnL for P-20260106-083500-001-140724825183112-5, no quotes for ETHUSDT-PERP.BINANCE[0m
[1m2026-01-06T11:19:00.000000000Z[0m [1;33m[WARN] TRADER-001.nautilus_common::cache: Cannot calculate unrealized PnL for P-20260106-083500-001-140724825183112-5, no quotes for ETHUSDT-PERP.BINANCE[0m
[1m2026-01-06T11:19:10.000000000Z[0m [1;33m[WARN] TRADER-001.nautilus_common::cache: Cannot calculate unrealized PnL for P-20260106-083500-001-140724825183112-5, no quotes for ETHUSDT-PERP.BINANCE[0m
[1m2026-01-06T11:19:20.000000000Z[0m [1;33m[WARN] TRADER-001.nautilus_common::cache: Cannot calculate unrealized PnL for P-20260106-083500-001-140724825183112-5, no quotes for ETHUSDT-PERP.BINANCE[0m
[1m2026-01-06T11:19:30.000000000Z[0m [1;33m[WARN] TRADER-001.nautilus_common::cache: Cannot calculate unrealized PnL for P-20260106-083500-001-140724825183112-5, no quotes for ETHUSDT-PERP.BINANCE[0m
[1m2026-01-06T11:19:40.000000000Z[0m [1;33m[WARN] TRADER-001.nautilus_common::cache: Cannot calculate unrealized PnL for P-20260106-083500-001-140724825183112-5, no quotes for ETHUSDT-PERP.BINANCE[0m
[1m2026-01-06T11:19:50.000000000Z[0m [1;33m[WARN] TRADER-001.nautilus_common::cache: Cannot calculate unrealized PnL for P-20260106-083500-001-140724825183112-5, no quotes for ETHUSDT-PERP.BINANCE[0m
[1m2026-01-06T11:19:59.999000000Z[0m [1;33m[WARN] TRADER-001.nautilus_common::cache: Cannot calculate unrealized PnL for P-20260106-083500-001-140724825183112-5, no quotes for ETHUSDT-PERP.BINANCE[0m
[1m2026-01-06T11:20:00.000000000Z[0m [1;33m[WARN] TRADER-001.nautilus_common::cache: Cannot calculate unrealized PnL for P-20260106-083500-001-140724825183112-5, no quotes for ETHUSDT-PERP.BINANCE[0m
[1m2026-01-06T11:20:10.000000000Z[0m [1;33m[WARN] TRADER-001.nautilus_common::cache: Cannot calculate unrealized PnL for P-20260106-083500-001-140724825183112-5, no quotes for ETHUSDT-PERP.BINANCE[0m
[1m2026-01-06T11:20:20.000000000Z[0m [1;33m[WARN] TRADER-001.nautilus_common::cache: Cannot calculate unrealized PnL for P-20260106-083500-001-140724825183112-5, no quotes for ETHUSDT-PERP.BINANCE[0m
[1m2026-01-06T11:20:30.000000000Z[0m [1;33m[WARN] TRADER-001.nautilus_common::cache: Cannot calculate unrealized PnL for P-20260106-083500-001-140724825183112-5, no quotes for ETHUSDT-PERP.BINANCE[0m
[1m2026-01-06T11:20:40.000000000Z[0m [1;33m[WARN] TRADER-001.nautilus_common::cache: Cannot calculate unrealized PnL for P-20260106-083500-001-140724825183112-5, no quotes for ETHUSDT-PERP.BINANCE[0m
[1m2026-01-06T11:20:50.000000000Z[0m [1;33m[WARN] TRADER-001.nautilus_common::cache: Cannot calculate unrealized PnL for P-20260106-083500-001-140724825183112-5, no quotes for ETHUSDT-PERP.BINANCE[0m
[1m2026-01-06T11:20:59.999000000Z[0m [1;33m[WARN] TRADER-001.nautilus_common::cache: Cannot calculate unrealized PnL for P-20260106-083500-001-140724825183112-5, no quotes for ETHUSDT-PERP.BINANCE[0m
[1m2026-01-06T11:21:00.000000000Z[0m [1;33m[WARN] TRADER-001.nautilus_common::cache: Cannot calculate unrealized PnL for P-20260106-083500-001-140724825183112-5, no quotes for ETHUSDT-PERP.BINANCE[0m
[1m2026-01-06T11:21:10.000000000Z[0m [1;33m[WARN] TRADER-001.nautilus_common::cache: Cannot calculate unrealized PnL for P-20260106-083500-001-140724825183112-5, no quotes for ETHUSDT-PERP.BINANCE[0m
[1m2026-01-06T11:21:20.000000000Z[0m [1;33m[WARN] TRADER-001.nautilus_common::cache: Cannot calculate unrealized PnL for P-20260106-083500-001-140724825183112-5, no quotes for ETHUSDT-PERP.BINANCE[0m
[1m2026-01-06T11:21:30.000000000Z[0m [1;33m[WARN] TRADER-001.nautilus_common::cache: Cannot calculate unrealized PnL for P-20260106-083500-001-140724825183112-5, no quotes for ETHUSDT-PERP.BINANCE[0m
[1m2026-01-06T11:21:40.000000000Z[0m [1;33m[WARN] TRADER-001.nautilus_common::cache: Cannot calculate unrealized PnL for P-20260106-083500-001-140724825183112-5, no quotes for ETHUSDT-PERP.BINANCE[0m
[1m2026-01-06T11:21:50.000000000Z[0m [1;33m[WARN] TRADER-001.nautilus_common::cache: Cannot calculate unrealized PnL for P-20260106-083500-001-140724825183112-5, no quotes for ETHUSDT-PERP.BINANCE[0m
[1m2026-01-06T11:21:59.999000000Z[0m [1;33m[WARN] TRADER-001.nautilus_common::cache: Cannot calculate unrealized PnL for P-20260106-083500-001-140724825183112-5, no quotes for ETHUSDT-PERP.BINANCE[0m
[1m2026-01-06T11:22:00.000000000Z[0m [1;33m[WARN] TRADER-001.nautilus_common::cache: Cannot calculate unrealized PnL for P-20260106-083500-001-140724825183112-5, no quotes for ETHUSDT-PERP.BINANCE[0m
[1m2026-01-06T11:22:10.000000000Z[0m [1;33m[WARN] TRADER-001.nautilus_common::cache: Cannot calculate unrealized PnL for P-20260106-083500-001-140724825183112-5, no quotes for ETHUSDT-PERP.BINANCE[0m
[1m2026-01-06T11:22:20.000000000Z[0m [1;33m[WARN] TRADER-001.nautilus_common::cache: Cannot calculate unrealized PnL for P-20260106-083500-001-140724825183112-5, no quotes for ETHUSDT-PERP.BINANCE[0m
[1m2026-01-06T11:22:30.000000000Z[0m [1;33m[WARN] TRADER-001.nautilus_common::cache: Cannot calculate unrealized PnL for P-20260106-083500-001-140724825183112-5, no quotes for ETHUSDT-PERP.BINANCE[0m
[1m2026-01-06T11:22:40.000000000Z[0m [1;33m[WARN] TRADER-001.nautilus_common::cache: Cannot calculate unrealized PnL for P-20260106-083500-001-140724825183112-5, no quotes for ETHUSDT-PERP.BINANCE[0m
[1m2026-01-06T11:22:50.000000000Z[0m [1;33m[WARN] TRADER-001.nautilus_common::cache: Cannot calculate unrealized PnL for P-20260106-083500-001-140724825183112-5, no quotes for ETHUSDT-PERP.BINANCE[0m
[1m2026-01-06T11:22:59.999000000Z[0m [1;33m[WARN] TRADER-001.nautilus_common::cache: Cannot calculate unrealized PnL for P-20260106-083500-001-140724825183112-5, no quotes for ETHUSDT-PERP.BINANCE[0m
[1m2026-01-06T11:23:00.000000000Z[0m [1;33m[WARN] TRADER-001.nautilus_common::cache: Cannot calculate unrealized PnL for P-20260106-083500-001-140724825183112-5, no quotes for ETHUSDT-PERP.BINANCE[0m
[1m2026-01-06T11:23:10.000000000Z[0m [1;33m[WARN] TRADER-001.nautilus_common::cache: Cannot calculate unrealized PnL for P-20260106-083500-001-140724825183112-5, no quotes for ETHUSDT-PERP.BINANCE[0m
[1m2026-01-06T11:23:20.000000000Z[0m [1;33m[WARN] TRADER-001.nautilus_common::cache: Cannot calculate unrealized PnL for P-20260106-083500-001-140724825183112-5, no quotes for ETHUSDT-PERP.BINANCE[0m
[1m2026-01-06T11:23:30.000000000Z[0m [1;33m[WARN] TRADER-001.nautilus_common::cache: Cannot calculate unrealized PnL for P-20260106-083500-001-140724825183112-5, no quotes for ETHUSDT-PERP.BINANCE[0m
[1m2026-01-06T11:23:40.000000000Z[0m [1;33m[WARN] TRADER-001.nautilus_common::cache: Cannot calculate unrealized PnL for P-20260106-083500-001-140724825183112-5, no quotes for ETHUSDT-PERP.BINANCE[0m
[1m2026-01-06T11:23:50.000000000Z[0m [1;33m[WARN] TRADER-001.nautilus_common::cache: Cannot calculate unrealized PnL for P-20260106-083500-001-140724825183112-5, no quotes for ETHUSDT-PERP.BINANCE[0m
[1m2026-01-06T11:23:59.999000000Z[0m [1;33m[WARN] TRADER-001.nautilus_common::cache: Cannot calculate unrealized PnL for P-20260106-083500-001-140724825183112-5, no quotes for ETHUSDT-PERP.BINANCE[0m
[1m2026-01-06T11:24:00.000000000Z[0m [1;33m[WARN] TRADER-001.nautilus_common::cache: Cannot calculate unrealized PnL for P-20260106-083500-001-140724825183112-5, no quotes for ETHUSDT-PERP.BINANCE[0m
[1m2026-01-06T11:24:10.000000000Z[0m [1;33m[WARN] TRADER-001.nautilus_common::cache: Cannot calculate unrealized PnL for P-20260106-083500-001-140724825183112-5, no quotes for ETHUSDT-PERP.BINANCE[0m
[1m2026-01-06T11:24:20.000000000Z[0m [1;33m[WARN] TRADER-001.nautilus_common::cache: Cannot calculate unrealized PnL for P-20260106-083500-001-140724825183112-5, no quotes for ETHUSDT-PERP.BINANCE[0m
[1m2026-01-06T11:24:30.000000000Z[0m [1;33m[WARN] TRADER-001.nautilus_common::cache: Cannot calculate unrealized PnL for P-20260106-083500-001-140724825183112-5, no quotes for ETHUSDT-PERP.BINANCE[0m
[1m2026-01-06T11:24:40.000000000Z[0m [1;33m[WARN] TRADER-001.nautilus_common::cache: Cannot calculate unrealized PnL for P-20260106-083500-001-140724825183112-5, no quotes for ETHUSDT-PERP.BINANCE[0m
[1m2026-01-06T11:24:50.000000000Z[0m [1;33m[WARN] TRADER-001.nautilus_common::cache: Cannot calculate unrealized PnL for P-20260106-083500-001-140724825183112-5, no quotes for ETHUSDT-PERP.BINANCE[0m
[1m2026-01-06T11:24:59.999000000Z[0m [1;33m[WARN] TRADER-001.nautilus_common::cache: Cannot calculate unrealized PnL for P-20260106-083500-001-140724825183112-5, no quotes for ETHUSDT-PERP.BINANCE[0m
[1m2026-01-06T11:25:00.000000000Z[0m [1;33m[WARN] TRADER-001.nautilus_common::cache: Cannot calculate unrealized PnL for P-20260106-083500-001-140724825183112-5, no quotes for ETHUSDT-PERP.BINANCE[0m
[1m2026-01-06T11:25:10.000000000Z[0m [1;33m[WARN] TRADER-001.nautilus_common::cache: Cannot calculate unrealized PnL for P-20260106-083500-001-140724825183112-5, no quotes for ETHUSDT-PERP.BINANCE[0m
[1m2026-01-06T11:25:20.000000000Z[0m [1;33m[WARN] TRADER-001.nautilus_common::cache: Cannot calculate unrealized PnL for P-20260106-083500-001-140724825183112-5, no quotes for ETHUSDT-PERP.BINANCE[0m
[1m2026-01-06T11:25:30.000000000Z[0m [1;33m[WARN] TRADER-001.nautilus_common::cache: Cannot calculate unrealized PnL for P-20260106-083500-001-140724825183112-5, no quotes for ETHUSDT-PERP.BINANCE[0m
[1m2026-01-06T11:25:40.000000000Z[0m [1;33m[WARN] TRADER-001.nautilus_common::cache: Cannot calculate unrealized PnL for P-20260106-083500-001-140724825183112-5, no quotes for ETHUSDT-PERP.BINANCE[0m
[1m2026-01-06T11:25:50.000000000Z[0m [1;33m[WARN] TRADER-001.nautilus_common::cache: Cannot calculate unrealized PnL for P-20260106-083500-001-140724825183112-5, no quotes for ETHUSDT-PERP.BINANCE[0m
[1m2026-01-06T11:25:59.999000000Z[0m [1;33m[WARN] TRADER-001.nautilus_common::cache: Cannot calculate unrealized PnL for P-20260106-083500-001-140724825183112-5, no quotes for ETHUSDT-PERP.BINANCE[0m
[1m2026-01-06T11:26:00.000000000Z[0m [1;33m[WARN] TRADER-001.nautilus_common::cache: Cannot calculate unrealized PnL for P-20260106-083500-001-140724825183112-5, no quotes for ETHUSDT-PERP.BINANCE[0m
[1m2026-01-06T11:26:10.000000000Z[0m [1;33m[WARN] TRADER-001.nautilus_common::cache: Cannot calculate unrealized PnL for P-20260106-083500-001-140724825183112-5, no quotes for ETHUSDT-PERP.BINANCE[0m
[1m2026-01-06T11:26:20.000000000Z[0m [1;33m[WARN] TRADER-001.nautilus_common::cache: Cannot calculate unrealized PnL for P-20260106-083500-001-140724825183112-5, no quotes for ETHUSDT-PERP.BINANCE[0m
[1m2026-01-06T11:26:30.000000000Z[0m [1;33m[WARN] TRADER-001.nautilus_common::cache: Cannot calculate unrealized PnL for P-20260106-083500-001-140724825183112-5, no quotes for ETHUSDT-PERP.BINANCE[0m
[1m2026-01-06T11:26:40.000000000Z[0m [1;33m[WARN] TRADER-001.nautilus_common::cache: Cannot calculate unrealized PnL for P-20260106-083500-001-140724825183112-5, no quotes for ETHUSDT-PERP.BINANCE[0m
[1m2026-01-06T11:26:50.000000000Z[0m [1;33m[WARN] TRADER-001.nautilus_common::cache: Cannot calculate unrealized PnL for P-20260106-083500-001-140724825183112-5, no quotes for ETHUSDT-PERP.BINANCE[0m
[1m2026-01-06T11:26:59.999000000Z[0m [1;33m[WARN] TRADER-001.nautilus_common::cache: Cannot calculate unrealized PnL for P-20260106-083500-001-140724825183112-5, no quotes for ETHUSDT-PERP.BINANCE[0m
[1m2026-01-06T11:27:00.000000000Z[0m [1;33m[WARN] TRADER-001.nautilus_common::cache: Cannot calculate unrealized PnL for P-20260106-083500-001-140724825183112-5, no quotes for ETHUSDT-PERP.BINANCE[0m
[1m2026-01-06T11:27:10.000000000Z[0m [1;33m[WARN] TRADER-001.nautilus_common::cache: Cannot calculate unrealized PnL for P-20260106-083500-001-140724825183112-5, no quotes for ETHUSDT-PERP.BINANCE[0m
[1m2026-01-06T11:27:20.000000000Z[0m [1;33m[WARN] TRADER-001.nautilus_common::cache: Cannot calculate unrealized PnL for P-20260106-083500-001-140724825183112-5, no quotes for ETHUSDT-PERP.BINANCE[0m
[1m2026-01-06T11:27:30.000000000Z[0m [1;33m[WARN] TRADER-001.nautilus_common::cache: Cannot calculate unrealized PnL for P-20260106-083500-001-140724825183112-5, no quotes for ETHUSDT-PERP.BINANCE[0m
[1m2026-01-06T11:27:40.000000000Z[0m [1;33m[WARN] TRADER-001.nautilus_common::cache: Cannot calculate unrealized PnL for P-20260106-083500-001-140724825183112-5, no quotes for ETHUSDT-PERP.BINANCE[0m
[1m2026-01-06T11:27:50.000000000Z[0m [1;33m[WARN] TRADER-001.nautilus_common::cache: Cannot calculate unrealized PnL for P-20260106-083500-001-140724825183112-5, no quotes for ETHUSDT-PERP.BINANCE[0m
[1m2026-01-06T11:27:59.999000000Z[0m [1;33m[WARN] TRADER-001.nautilus_common::cache: Cannot calculate unrealized PnL for P-20260106-083500-001-140724825183112-5, no quotes for ETHUSDT-PERP.BINANCE[0m
[1m2026-01-06T11:28:00.000000000Z[0m [1;33m[WARN] TRADER-001.nautilus_common::cache: Cannot calculate unrealized PnL for P-20260106-083500-001-140724825183112-5, no quotes for ETHUSDT-PERP.BINANCE[0m
[1m2026-01-06T11:28:10.000000000Z[0m [1;33m[WARN] TRADER-001.nautilus_common::cache: Cannot calculate unrealized PnL for P-20260106-083500-001-140724825183112-5, no quotes for ETHUSDT-PERP.BINANCE[0m
[1m2026-01-06T11:28:20.000000000Z[0m [1;33m[WARN] TRADER-001.nautilus_common::cache: Cannot calculate unrealized PnL for P-20260106-083500-001-140724825183112-5, no quotes for ETHUSDT-PERP.BINANCE[0m
[1m2026-01-06T11:28:30.000000000Z[0m [1;33m[WARN] TRADER-001.nautilus_common::cache: Cannot calculate unrealized PnL for P-20260106-083500-001-140724825183112-5, no quotes for ETHUSDT-PERP.BINANCE[0m
[1m2026-01-06T11:28:40.000000000Z[0m [1;33m[WARN] TRADER-001.nautilus_common::cache: Cannot calculate unrealized PnL for P-20260106-083500-001-140724825183112-5, no quotes for ETHUSDT-PERP.BINANCE[0m
[1m2026-01-06T11:28:50.000000000Z[0m [1;33m[WARN] TRADER-001.nautilus_common::cache: Cannot calculate unrealized PnL for P-20260106-083500-001-140724825183112-5, no quotes for ETHUSDT-PERP.BINANCE[0m
[1m2026-01-06T11:28:59.999000000Z[0m [1;33m[WARN] TRADER-001.nautilus_common::cache: Cannot calculate unrealized PnL for P-20260106-083500-001-140724825183112-5, no quotes for ETHUSDT-PERP.BINANCE[0m
[1m2026-01-06T11:29:00.000000000Z[0m [1;33m[WARN] TRADER-001.nautilus_common::cache: Cannot calculate unrealized PnL for P-20260106-083500-001-140724825183112-5, no quotes for ETHUSDT-PERP.BINANCE[0m
[1m2026-01-06T11:29:10.000000000Z[0m [1;33m[WARN] TRADER-001.nautilus_common::cache: Cannot calculate unrealized PnL for P-20260106-083500-001-140724825183112-5, no quotes for ETHUSDT-PERP.BINANCE[0m
[1m2026-01-06T11:29:20.000000000Z[0m [1;33m[WARN] TRADER-001.nautilus_common::cache: Cannot calculate unrealized PnL for P-20260106-083500-001-140724825183112-5, no quotes for ETHUSDT-PERP.BINANCE[0m
[1m2026-01-06T11:29:30.000000000Z[0m [1;33m[WARN] TRADER-001.nautilus_common::cache: Cannot calculate unrealized PnL for P-20260106-083500-001-140724825183112-5, no quotes for ETHUSDT-PERP.BINANCE[0m
[1m2026-01-06T11:29:40.000000000Z[0m [1;33m[WARN] TRADER-001.nautilus_common::cache: Cannot calculate unrealized PnL for P-20260106-083500-001-140724825183112-5, no quotes for ETHUSDT-PERP.BINANCE[0m
[1m2026-01-06T11:29:50.000000000Z[0m [1;33m[WARN] TRADER-001.nautilus_common::cache: Cannot calculate unrealized PnL for P-20260106-083500-001-140724825183112-5, no quotes for ETHUSDT-PERP.BINANCE[0m
[1m2026-01-06T11:29:59.999000000Z[0m [1;33m[WARN] TRADER-001.nautilus_common::cache: Cannot calculate unrealized PnL for P-20260106-083500-001-140724825183112-5, no quotes for ETHUSDT-PERP.BINANCE[0m
[1m2026-01-06T11:30:00.000000000Z[0m [1;33m[WARN] TRADER-001.nautilus_common::cache: Cannot calculate unrealized PnL for P-20260106-083500-001-140724825183112-5, no quotes for ETHUSDT-PERP.BINANCE[0m
[1m2026-01-06T11:30:10.000000000Z[0m [1;33m[WARN] TRADER-001.nautilus_common::cache: Cannot calculate unrealized PnL for P-20260106-083500-001-140724825183112-5, no quotes for ETHUSDT-PERP.BINANCE[0m
[1m2026-01-06T11:30:20.000000000Z[0m [1;33m[WARN] TRADER-001.nautilus_common::cache: Cannot calculate unrealized PnL for P-20260106-083500-001-140724825183112-5, no quotes for ETHUSDT-PERP.BINANCE[0m
[1m2026-01-06T11:30:30.000000000Z[0m [1;33m[WARN] TRADER-001.nautilus_common::cache: Cannot calculate unrealized PnL for P-20260106-083500-001-140724825183112-5, no quotes for ETHUSDT-PERP.BINANCE[0m
[1m2026-01-06T11:30:40.000000000Z[0m [1;33m[WARN] TRADER-001.nautilus_common::cache: Cannot calculate unrealized PnL for P-20260106-083500-001-140724825183112-5, no quotes for ETHUSDT-PERP.BINANCE[0m
[1m2026-01-06T11:30:50.000000000Z[0m [1;33m[WARN] TRADER-001.nautilus_common::cache: Cannot calculate unrealized PnL for P-20260106-083500-001-140724825183112-5, no quotes for ETHUSDT-PERP.BINANCE[0m
[1m2026-01-06T11:30:59.999000000Z[0m [1;33m[WARN] TRADER-001.nautilus_common::cache: Cannot calculate unrealized PnL for P-20260106-083500-001-140724825183112-5, no quotes for ETHUSDT-PERP.BINANCE[0m
[1m2026-01-06T11:31:00.000000000Z[0m [1;33m[WARN] TRADER-001.nautilus_common::cache: Cannot calculate unrealized PnL for P-20260106-083500-001-140724825183112-5, no quotes for ETHUSDT-PERP.BINANCE[0m
[1m2026-01-06T11:31:10.000000000Z[0m [1;33m[WARN] TRADER-001.nautilus_common::cache: Cannot calculate unrealized PnL for P-20260106-083500-001-140724825183112-5, no quotes for ETHUSDT-PERP.BINANCE[0m
[1m2026-01-06T11:31:20.000000000Z[0m [1;33m[WARN] TRADER-001.nautilus_common::cache: Cannot calculate unrealized PnL for P-20260106-083500-001-140724825183112-5, no quotes for ETHUSDT-PERP.BINANCE[0m
[1m2026-01-06T11:31:30.000000000Z[0m [1;33m[WARN] TRADER-001.nautilus_common::cache: Cannot calculate unrealized PnL for P-20260106-083500-001-140724825183112-5, no quotes for ETHUSDT-PERP.BINANCE[0m
[1m2026-01-06T11:31:40.000000000Z[0m [1;33m[WARN] TRADER-001.nautilus_common::cache: Cannot calculate unrealized PnL for P-20260106-083500-001-140724825183112-5, no quotes for ETHUSDT-PERP.BINANCE[0m
[1m2026-01-06T11:31:50.000000000Z[0m [1;33m[WARN] TRADER-001.nautilus_common::cache: Cannot calculate unrealized PnL for P-20260106-083500-001-140724825183112-5, no quotes for ETHUSDT-PERP.BINANCE[0m
[1m2026-01-06T11:31:59.999000000Z[0m [1;33m[WARN] TRADER-001.nautilus_common::cache: Cannot calculate unrealized PnL for P-20260106-083500-001-140724825183112-5, no quotes for ETHUSDT-PERP.BINANCE[0m
[1m2026-01-06T11:32:00.000000000Z[0m [1;33m[WARN] TRADER-001.nautilus_common::cache: Cannot calculate unrealized PnL for P-20260106-083500-001-140724825183112-5, no quotes for ETHUSDT-PERP.BINANCE[0m
[1m2026-01-06T11:32:10.000000000Z[0m [1;33m[WARN] TRADER-001.nautilus_common::cache: Cannot calculate unrealized PnL for P-20260106-083500-001-140724825183112-5, no quotes for ETHUSDT-PERP.BINANCE[0m
[1m2026-01-06T11:32:20.000000000Z[0m [1;33m[WARN] TRADER-001.nautilus_common::cache: Cannot calculate unrealized PnL for P-20260106-083500-001-140724825183112-5, no quotes for ETHUSDT-PERP.BINANCE[0m
[1m2026-01-06T11:32:30.000000000Z[0m [1;33m[WARN] TRADER-001.nautilus_common::cache: Cannot calculate unrealized PnL for P-20260106-083500-001-140724825183112-5, no quotes for ETHUSDT-PERP.BINANCE[0m
[1m2026-01-06T11:32:40.000000000Z[0m [1;33m[WARN] TRADER-001.nautilus_common::cache: Cannot calculate unrealized PnL for P-20260106-083500-001-140724825183112-5, no quotes for ETHUSDT-PERP.BINANCE[0m
[1m2026-01-06T11:32:50.000000000Z[0m [1;33m[WARN] TRADER-001.nautilus_common::cache: Cannot calculate unrealized PnL for P-20260106-083500-001-140724825183112-5, no quotes for ETHUSDT-PERP.BINANCE[0m
[1m2026-01-06T11:32:59.999000000Z[0m [1;33m[WARN] TRADER-001.nautilus_common::cache: Cannot calculate unrealized PnL for P-20260106-083500-001-140724825183112-5, no quotes for ETHUSDT-PERP.BINANCE[0m
[1m2026-01-06T11:33:00.000000000Z[0m [1;33m[WARN] TRADER-001.nautilus_common::cache: Cannot calculate unrealized PnL for P-20260106-083500-001-140724825183112-5, no quotes for ETHUSDT-PERP.BINANCE[0m
[1m2026-01-06T11:33:10.000000000Z[0m [1;33m[WARN] TRADER-001.nautilus_common::cache: Cannot calculate unrealized PnL for P-20260106-083500-001-140724825183112-5, no quotes for ETHUSDT-PERP.BINANCE[0m
[1m2026-01-06T11:33:20.000000000Z[0m [1;33m[WARN] TRADER-001.nautilus_common::cache: Cannot calculate unrealized PnL for P-20260106-083500-001-140724825183112-5, no quotes for ETHUSDT-PERP.BINANCE[0m
[1m2026-01-06T11:33:30.000000000Z[0m [1;33m[WARN] TRADER-001.nautilus_common::cache: Cannot calculate unrealized PnL for P-20260106-083500-001-140724825183112-5, no quotes for ETHUSDT-PERP.BINANCE[0m
[1m2026-01-06T11:33:40.000000000Z[0m [1;33m[WARN] TRADER-001.nautilus_common::cache: Cannot calculate unrealized PnL for P-20260106-083500-001-140724825183112-5, no quotes for ETHUSDT-PERP.BINANCE[0m
[1m2026-01-06T11:33:50.000000000Z[0m [1;33m[WARN] TRADER-001.nautilus_common::cache: Cannot calculate unrealized PnL for P-20260106-083500-001-140724825183112-5, no quotes for ETHUSDT-PERP.BINANCE[0m
[1m2026-01-06T11:33:59.999000000Z[0m [1;33m[WARN] TRADER-001.nautilus_common::cache: Cannot calculate unrealized PnL for P-20260106-083500-001-140724825183112-5, no quotes for ETHUSDT-PERP.BINANCE[0m
[1m2026-01-06T11:34:00.000000000Z[0m [1;33m[WARN] TRADER-001.nautilus_common::cache: Cannot calculate unrealized PnL for P-20260106-083500-001-140724825183112-5, no quotes for ETHUSDT-PERP.BINANCE[0m
[1m2026-01-06T11:34:10.000000000Z[0m [1;33m[WARN] TRADER-001.nautilus_common::cache: Cannot calculate unrealized PnL for P-20260106-083500-001-140724825183112-5, no quotes for ETHUSDT-PERP.BINANCE[0m
[1m2026-01-06T11:34:20.000000000Z[0m [1;33m[WARN] TRADER-001.nautilus_common::cache: Cannot calculate unrealized PnL for P-20260106-083500-001-140724825183112-5, no quotes for ETHUSDT-PERP.BINANCE[0m
[1m2026-01-06T11:34:30.000000000Z[0m [1;33m[WARN] TRADER-001.nautilus_common::cache: Cannot calculate unrealized PnL for P-20260106-083500-001-140724825183112-5, no quotes for ETHUSDT-PERP.BINANCE[0m
[1m2026-01-06T11:34:40.000000000Z[0m [1;33m[WARN] TRADER-001.nautilus_common::cache: Cannot calculate unrealized PnL for P-20260106-083500-001-140724825183112-5, no quotes for ETHUSDT-PERP.BINANCE[0m
[1m2026-01-06T11:34:50.000000000Z[0m [1;33m[WARN] TRADER-001.nautilus_common::cache: Cannot calculate unrealized PnL for P-20260106-083500-001-140724825183112-5, no quotes for ETHUSDT-PERP.BINANCE[0m
[1m2026-01-06T11:34:59.999000000Z[0m [1;33m[WARN] TRADER-001.nautilus_common::cache: Cannot calculate unrealized PnL for P-20260106-083500-001-140724825183112-5, no quotes for ETHUSDT-PERP.BINANCE[0m
[1m2026-01-06T11:35:00.000000000Z[0m [1;33m[WARN] TRADER-001.nautilus_common::cache: Cannot calculate unrealized PnL for P-20260106-083500-001-140724825183112-5, no quotes for ETHUSDT-PERP.BINANCE[0m
[1m2026-01-06T11:35:10.000000000Z[0m [1;33m[WARN] TRADER-001.nautilus_common::cache: Cannot calculate unrealized PnL for P-20260106-083500-001-140724825183112-5, no quotes for ETHUSDT-PERP.BINANCE[0m
[1m2026-01-06T11:35:20.000000000Z[0m [1;33m[WARN] TRADER-001.nautilus_common::cache: Cannot calculate unrealized PnL for P-20260106-083500-001-140724825183112-5, no quotes for ETHUSDT-PERP.BINANCE[0m
[1m2026-01-06T11:35:30.000000000Z[0m [1;33m[WARN] TRADER-001.nautilus_common::cache: Cannot calculate unrealized PnL for P-20260106-083500-001-140724825183112-5, no quotes for ETHUSDT-PERP.BINANCE[0m
[1m2026-01-06T11:35:40.000000000Z[0m [1;33m[WARN] TRADER-001.nautilus_common::cache: Cannot calculate unrealized PnL for P-20260106-083500-001-140724825183112-5, no quotes for ETHUSDT-PERP.BINANCE[0m
[1m2026-01-06T11:35:50.000000000Z[0m [1;33m[WARN] TRADER-001.nautilus_common::cache: Cannot calculate unrealized PnL for P-20260106-083500-001-140724825183112-5, no quotes for ETHUSDT-PERP.BINANCE[0m
[1m2026-01-06T11:35:59.999000000Z[0m [1;33m[WARN] TRADER-001.nautilus_common::cache: Cannot calculate unrealized PnL for P-20260106-083500-001-140724825183112-5, no quotes for ETHUSDT-PERP.BINANCE[0m
[1m2026-01-06T11:36:00.000000000Z[0m [1;33m[WARN] TRADER-001.nautilus_common::cache: Cannot calculate unrealized PnL for P-20260106-083500-001-140724825183112-5, no quotes for ETHUSDT-PERP.BINANCE[0m
[1m2026-01-06T11:36:10.000000000Z[0m [1;33m[WARN] TRADER-001.nautilus_common::cache: Cannot calculate unrealized PnL for P-20260106-083500-001-140724825183112-5, no quotes for ETHUSDT-PERP.BINANCE[0m
[1m2026-01-06T11:36:20.000000000Z[0m [1;33m[WARN] TRADER-001.nautilus_common::cache: Cannot calculate unrealized PnL for P-20260106-083500-001-140724825183112-5, no quotes for ETHUSDT-PERP.BINANCE[0m
[1m2026-01-06T11:36:30.000000000Z[0m [1;33m[WARN] TRADER-001.nautilus_common::cache: Cannot calculate unrealized PnL for P-20260106-083500-001-140724825183112-5, no quotes for ETHUSDT-PERP.BINANCE[0m
[1m2026-01-06T11:36:40.000000000Z[0m [1;33m[WARN] TRADER-001.nautilus_common::cache: Cannot calculate unrealized PnL for P-20260106-083500-001-140724825183112-5, no quotes for ETHUSDT-PERP.BINANCE[0m
[1m2026-01-06T11:36:50.000000000Z[0m [1;33m[WARN] TRADER-001.nautilus_common::cache: Cannot calculate unrealized PnL for P-20260106-083500-001-140724825183112-5, no quotes for ETHUSDT-PERP.BINANCE[0m
[1m2026-01-06T11:36:59.999000000Z[0m [1;33m[WARN] TRADER-001.nautilus_common::cache: Cannot calculate unrealized PnL for P-20260106-083500-001-140724825183112-5, no quotes for ETHUSDT-PERP.BINANCE[0m
[1m2026-01-06T11:37:00.000000000Z[0m [1;33m[WARN] TRADER-001.nautilus_common::cache: Cannot calculate unrealized PnL for P-20260106-083500-001-140724825183112-5, no quotes for ETHUSDT-PERP.BINANCE[0m
[1m2026-01-06T11:37:10.000000000Z[0m [1;33m[WARN] TRADER-001.nautilus_common::cache: Cannot calculate unrealized PnL for P-20260106-083500-001-140724825183112-5, no quotes for ETHUSDT-PERP.BINANCE[0m
[1m2026-01-06T11:37:20.000000000Z[0m [1;33m[WARN] TRADER-001.nautilus_common::cache: Cannot calculate unrealized PnL for P-20260106-083500-001-140724825183112-5, no quotes for ETHUSDT-PERP.BINANCE[0m
[1m2026-01-06T11:37:30.000000000Z[0m [1;33m[WARN] TRADER-001.nautilus_common::cache: Cannot calculate unrealized PnL for P-20260106-083500-001-140724825183112-5, no quotes for ETHUSDT-PERP.BINANCE[0m
[1m2026-01-06T11:37:40.000000000Z[0m [1;33m[WARN] TRADER-001.nautilus_common::cache: Cannot calculate unrealized PnL for P-20260106-083500-001-140724825183112-5, no quotes for ETHUSDT-PERP.BINANCE[0m
[1m2026-01-06T11:37:50.000000000Z[0m [1;33m[WARN] TRADER-001.nautilus_common::cache: Cannot calculate unrealized PnL for P-20260106-083500-001-140724825183112-5, no quotes for ETHUSDT-PERP.BINANCE[0m
[1m2026-01-06T11:37:59.999000000Z[0m [1;33m[WARN] TRADER-001.nautilus_common::cache: Cannot calculate unrealized PnL for P-20260106-083500-001-140724825183112-5, no quotes for ETHUSDT-PERP.BINANCE[0m
[1m2026-01-06T11:38:00.000000000Z[0m [1;33m[WARN] TRADER-001.nautilus_common::cache: Cannot calculate unrealized PnL for P-20260106-083500-001-140724825183112-5, no quotes for ETHUSDT-PERP.BINANCE[0m
[1m2026-01-06T11:38:10.000000000Z[0m [1;33m[WARN] TRADER-001.nautilus_common::cache: Cannot calculate unrealized PnL for P-20260106-083500-001-140724825183112-5, no quotes for ETHUSDT-PERP.BINANCE[0m
[1m2026-01-06T11:38:20.000000000Z[0m [1;33m[WARN] TRADER-001.nautilus_common::cache: Cannot calculate unrealized PnL for P-20260106-083500-001-140724825183112-5, no quotes for ETHUSDT-PERP.BINANCE[0m
[1m2026-01-06T11:38:30.000000000Z[0m [1;33m[WARN] TRADER-001.nautilus_common::cache: Cannot calculate unrealized PnL for P-20260106-083500-001-140724825183112-5, no quotes for ETHUSDT-PERP.BINANCE[0m
[1m2026-01-06T11:38:40.000000000Z[0m [1;33m[WARN] TRADER-001.nautilus_common::cache: Cannot calculate unrealized PnL for P-20260106-083500-001-140724825183112-5, no quotes for ETHUSDT-PERP.BINANCE[0m
[1m2026-01-06T11:38:50.000000000Z[0m [1;33m[WARN] TRADER-001.nautilus_common::cache: Cannot calculate unrealized PnL for P-20260106-083500-001-140724825183112-5, no quotes for ETHUSDT-PERP.BINANCE[0m
[1m2026-01-06T11:38:59.999000000Z[0m [1;33m[WARN] TRADER-001.nautilus_common::cache: Cannot calculate unrealized PnL for P-20260106-083500-001-140724825183112-5, no quotes for ETHUSDT-PERP.BINANCE[0m
[1m2026-01-06T11:39:00.000000000Z[0m [1;33m[WARN] TRADER-001.nautilus_common::cache: Cannot calculate unrealized PnL for P-20260106-083500-001-140724825183112-5, no quotes for ETHUSDT-PERP.BINANCE[0m
[1m2026-01-06T11:39:10.000000000Z[0m [1;33m[WARN] TRADER-001.nautilus_common::cache: Cannot calculate unrealized PnL for P-20260106-083500-001-140724825183112-5, no quotes for ETHUSDT-PERP.BINANCE[0m
[1m2026-01-06T11:39:20.000000000Z[0m [1;33m[WARN] TRADER-001.nautilus_common::cache: Cannot calculate unrealized PnL for P-20260106-083500-001-140724825183112-5, no quotes for ETHUSDT-PERP.BINANCE[0m
[1m2026-01-06T11:39:30.000000000Z[0m [1;33m[WARN] TRADER-001.nautilus_common::cache: Cannot calculate unrealized PnL for P-20260106-083500-001-140724825183112-5, no quotes for ETHUSDT-PERP.BINANCE[0m
[1m2026-01-06T11:39:40.000000000Z[0m [1;33m[WARN] TRADER-001.nautilus_common::cache: Cannot calculate unrealized PnL for P-20260106-083500-001-140724825183112-5, no quotes for ETHUSDT-PERP.BINANCE[0m
[1m2026-01-06T11:39:50.000000000Z[0m [1;33m[WARN] TRADER-001.nautilus_common::cache: Cannot calculate unrealized PnL for P-20260106-083500-001-140724825183112-5, no quotes for ETHUSDT-PERP.BINANCE[0m
[1m2026-01-06T11:39:59.999000000Z[0m [1;33m[WARN] TRADER-001.nautilus_common::cache: Cannot calculate unrealized PnL for P-20260106-083500-001-140724825183112-5, no quotes for ETHUSDT-PERP.BINANCE[0m
[1m2026-01-06T11:40:00.000000000Z[0m [1;33m[WARN] TRADER-001.nautilus_common::cache: Cannot calculate unrealized PnL for P-20260106-083500-001-140724825183112-5, no quotes for ETHUSDT-PERP.BINANCE[0m
[1m2026-01-06T11:40:10.000000000Z[0m [1;33m[WARN] TRADER-001.nautilus_common::cache: Cannot calculate unrealized PnL for P-20260106-083500-001-140724825183112-5, no quotes for ETHUSDT-PERP.BINANCE[0m
[1m2026-01-06T11:40:20.000000000Z[0m [1;33m[WARN] TRADER-001.nautilus_common::cache: Cannot calculate unrealized PnL for P-20260106-083500-001-140724825183112-5, no quotes for ETHUSDT-PERP.BINANCE[0m
[1m2026-01-06T11:40:30.000000000Z[0m [1;33m[WARN] TRADER-001.nautilus_common::cache: Cannot calculate unrealized PnL for P-20260106-083500-001-140724825183112-5, no quotes for ETHUSDT-PERP.BINANCE[0m
[1m2026-01-06T11:40:40.000000000Z[0m [1;33m[WARN] TRADER-001.nautilus_common::cache: Cannot calculate unrealized PnL for P-20260106-083500-001-140724825183112-5, no quotes for ETHUSDT-PERP.BINANCE[0m
[1m2026-01-06T11:40:50.000000000Z[0m [1;33m[WARN] TRADER-001.nautilus_common::cache: Cannot calculate unrealized PnL for P-20260106-083500-001-140724825183112-5, no quotes for ETHUSDT-PERP.BINANCE[0m
[1m2026-01-06T11:40:59.999000000Z[0m [1;33m[WARN] TRADER-001.nautilus_common::cache: Cannot calculate unrealized PnL for P-20260106-083500-001-140724825183112-5, no quotes for ETHUSDT-PERP.BINANCE[0m
[1m2026-01-06T11:41:00.000000000Z[0m [1;33m[WARN] TRADER-001.nautilus_common::cache: Cannot calculate unrealized PnL for P-20260106-083500-001-140724825183112-5, no quotes for ETHUSDT-PERP.BINANCE[0m
[1m2026-01-06T11:41:10.000000000Z[0m [1;33m[WARN] TRADER-001.nautilus_common::cache: Cannot calculate unrealized PnL for P-20260106-083500-001-140724825183112-5, no quotes for ETHUSDT-PERP.BINANCE[0m
[1m2026-01-06T11:41:20.000000000Z[0m [1;33m[WARN] TRADER-001.nautilus_common::cache: Cannot calculate unrealized PnL for P-20260106-083500-001-140724825183112-5, no quotes for ETHUSDT-PERP.BINANCE[0m
[1m2026-01-06T11:41:30.000000000Z[0m [1;33m[WARN] TRADER-001.nautilus_common::cache: Cannot calculate unrealized PnL for P-20260106-083500-001-140724825183112-5, no quotes for ETHUSDT-PERP.BINANCE[0m
[1m2026-01-06T11:41:40.000000000Z[0m [1;33m[WARN] TRADER-001.nautilus_common::cache: Cannot calculate unrealized PnL for P-20260106-083500-001-140724825183112-5, no quotes for ETHUSDT-PERP.BINANCE[0m
[1m2026-01-06T11:41:50.000000000Z[0m [1;33m[WARN] TRADER-001.nautilus_common::cache: Cannot calculate unrealized PnL for P-20260106-083500-001-140724825183112-5, no quotes for ETHUSDT-PERP.BINANCE[0m
[1m2026-01-06T11:41:59.999000000Z[0m [1;33m[WARN] TRADER-001.nautilus_common::cache: Cannot calculate unrealized PnL for P-20260106-083500-001-140724825183112-5, no quotes for ETHUSDT-PERP.BINANCE[0m
[1m2026-01-06T11:42:00.000000000Z[0m [1;33m[WARN] TRADER-001.nautilus_common::cache: Cannot calculate unrealized PnL for P-20260106-083500-001-140724825183112-5, no quotes for ETHUSDT-PERP.BINANCE[0m
[1m2026-01-06T11:42:10.000000000Z[0m [1;33m[WARN] TRADER-001.nautilus_common::cache: Cannot calculate unrealized PnL for P-20260106-083500-001-140724825183112-5, no quotes for ETHUSDT-PERP.BINANCE[0m
[1m2026-01-06T11:42:20.000000000Z[0m [1;33m[WARN] TRADER-001.nautilus_common::cache: Cannot calculate unrealized PnL for P-20260106-083500-001-140724825183112-5, no quotes for ETHUSDT-PERP.BINANCE[0m
[1m2026-01-06T11:42:30.000000000Z[0m [1;33m[WARN] TRADER-001.nautilus_common::cache: Cannot calculate unrealized PnL for P-20260106-083500-001-140724825183112-5, no quotes for ETHUSDT-PERP.BINANCE[0m
[1m2026-01-06T11:42:40.000000000Z[0m [1;33m[WARN] TRADER-001.nautilus_common::cache: Cannot calculate unrealized PnL for P-20260106-083500-001-140724825183112-5, no quotes for ETHUSDT-PERP.BINANCE[0m
[1m2026-01-06T11:42:50.000000000Z[0m [1;33m[WARN] TRADER-001.nautilus_common::cache: Cannot calculate unrealized PnL for P-20260106-083500-001-140724825183112-5, no quotes for ETHUSDT-PERP.BINANCE[0m
[1m2026-01-06T11:42:59.999000000Z[0m [1;33m[WARN] TRADER-001.nautilus_common::cache: Cannot calculate unrealized PnL for P-20260106-083500-001-140724825183112-5, no quotes for ETHUSDT-PERP.BINANCE[0m
[1m2026-01-06T11:43:00.000000000Z[0m [1;33m[WARN] TRADER-001.nautilus_common::cache: Cannot calculate unrealized PnL for P-20260106-083500-001-140724825183112-5, no quotes for ETHUSDT-PERP.BINANCE[0m
[1m2026-01-06T11:43:10.000000000Z[0m [1;33m[WARN] TRADER-001.nautilus_common::cache: Cannot calculate unrealized PnL for P-20260106-083500-001-140724825183112-5, no quotes for ETHUSDT-PERP.BINANCE[0m
[1m2026-01-06T11:43:20.000000000Z[0m [1;33m[WARN] TRADER-001.nautilus_common::cache: Cannot calculate unrealized PnL for P-20260106-083500-001-140724825183112-5, no quotes for ETHUSDT-PERP.BINANCE[0m
[1m2026-01-06T11:43:30.000000000Z[0m [1;33m[WARN] TRADER-001.nautilus_common::cache: Cannot calculate unrealized PnL for P-20260106-083500-001-140724825183112-5, no quotes for ETHUSDT-PERP.BINANCE[0m
[1m2026-01-06T11:43:40.000000000Z[0m [1;33m[WARN] TRADER-001.nautilus_common::cache: Cannot calculate unrealized PnL for P-20260106-083500-001-140724825183112-5, no quotes for ETHUSDT-PERP.BINANCE[0m
[1m2026-01-06T11:43:50.000000000Z[0m [1;33m[WARN] TRADER-001.nautilus_common::cache: Cannot calculate unrealized PnL for P-20260106-083500-001-140724825183112-5, no quotes for ETHUSDT-PERP.BINANCE[0m
[1m2026-01-06T11:43:59.999000000Z[0m [1;33m[WARN] TRADER-001.nautilus_common::cache: Cannot calculate unrealized PnL for P-20260106-083500-001-140724825183112-5, no quotes for ETHUSDT-PERP.BINANCE[0m
[1m2026-01-06T11:44:00.000000000Z[0m [1;33m[WARN] TRADER-001.nautilus_common::cache: Cannot calculate unrealized PnL for P-20260106-083500-001-140724825183112-5, no quotes for ETHUSDT-PERP.BINANCE[0m
[1m2026-01-06T11:44:10.000000000Z[0m [1;33m[WARN] TRADER-001.nautilus_common::cache: Cannot calculate unrealized PnL for P-20260106-083500-001-140724825183112-5, no quotes for ETHUSDT-PERP.BINANCE[0m
[1m2026-01-06T11:44:20.000000000Z[0m [1;33m[WARN] TRADER-001.nautilus_common::cache: Cannot calculate unrealized PnL for P-20260106-083500-001-140724825183112-5, no quotes for ETHUSDT-PERP.BINANCE[0m
[1m2026-01-06T11:44:30.000000000Z[0m [1;33m[WARN] TRADER-001.nautilus_common::cache: Cannot calculate unrealized PnL for P-20260106-083500-001-140724825183112-5, no quotes for ETHUSDT-PERP.BINANCE[0m
[1m2026-01-06T11:44:40.000000000Z[0m [1;33m[WARN] TRADER-001.nautilus_common::cache: Cannot calculate unrealized PnL for P-20260106-083500-001-140724825183112-5, no quotes for ETHUSDT-PERP.BINANCE[0m
[1m2026-01-06T11:44:50.000000000Z[0m [1;33m[WARN] TRADER-001.nautilus_common::cache: Cannot calculate unrealized PnL for P-20260106-083500-001-140724825183112-5, no quotes for ETHUSDT-PERP.BINANCE[0m
[1m2026-01-06T11:44:59.999000000Z[0m [1;33m[WARN] TRADER-001.nautilus_common::cache: Cannot calculate unrealized PnL for P-20260106-083500-001-140724825183112-5, no quotes for ETHUSDT-PERP.BINANCE[0m
[1m2026-01-06T11:45:00.000000000Z[0m [1;33m[WARN] TRADER-001.nautilus_common::cache: Cannot calculate unrealized PnL for P-20260106-083500-001-140724825183112-5, no quotes for ETHUSDT-PERP.BINANCE[0m
[1m2026-01-06T11:45:10.000000000Z[0m [1;33m[WARN] TRADER-001.nautilus_common::cache: Cannot calculate unrealized PnL for P-20260106-083500-001-140724825183112-5, no quotes for ETHUSDT-PERP.BINANCE[0m
[1m2026-01-06T11:45:20.000000000Z[0m [1;33m[WARN] TRADER-001.nautilus_common::cache: Cannot calculate unrealized PnL for P-20260106-083500-001-140724825183112-5, no quotes for ETHUSDT-PERP.BINANCE[0m
[1m2026-01-06T11:45:30.000000000Z[0m [1;33m[WARN] TRADER-001.nautilus_common::cache: Cannot calculate unrealized PnL for P-20260106-083500-001-140724825183112-5, no quotes for ETHUSDT-PERP.BINANCE[0m
[1m2026-01-06T11:45:40.000000000Z[0m [1;33m[WARN] TRADER-001.nautilus_common::cache: Cannot calculate unrealized PnL for P-20260106-083500-001-140724825183112-5, no quotes for ETHUSDT-PERP.BINANCE[0m
[1m2026-01-06T11:45:50.000000000Z[0m [1;33m[WARN] TRADER-001.nautilus_common::cache: Cannot calculate unrealized PnL for P-20260106-083500-001-140724825183112-5, no quotes for ETHUSDT-PERP.BINANCE[0m
[1m2026-01-06T11:45:59.999000000Z[0m [1;33m[WARN] TRADER-001.nautilus_common::cache: Cannot calculate unrealized PnL for P-20260106-083500-001-140724825183112-5, no quotes for ETHUSDT-PERP.BINANCE[0m
[1m2026-01-06T11:46:00.000000000Z[0m [1;33m[WARN] TRADER-001.nautilus_common::cache: Cannot calculate unrealized PnL for P-20260106-083500-001-140724825183112-5, no quotes for ETHUSDT-PERP.BINANCE[0m
[1m2026-01-06T11:46:10.000000000Z[0m [1;33m[WARN] TRADER-001.nautilus_common::cache: Cannot calculate unrealized PnL for P-20260106-083500-001-140724825183112-5, no quotes for ETHUSDT-PERP.BINANCE[0m
[1m2026-01-06T11:46:20.000000000Z[0m [1;33m[WARN] TRADER-001.nautilus_common::cache: Cannot calculate unrealized PnL for P-20260106-083500-001-140724825183112-5, no quotes for ETHUSDT-PERP.BINANCE[0m
[1m2026-01-06T11:46:30.000000000Z[0m [1;33m[WARN] TRADER-001.nautilus_common::cache: Cannot calculate unrealized PnL for P-20260106-083500-001-140724825183112-5, no quotes for ETHUSDT-PERP.BINANCE[0m
[1m2026-01-06T11:46:40.000000000Z[0m [1;33m[WARN] TRADER-001.nautilus_common::cache: Cannot calculate unrealized PnL for P-20260106-083500-001-140724825183112-5, no quotes for ETHUSDT-PERP.BINANCE[0m
[1m2026-01-06T11:46:50.000000000Z[0m [1;33m[WARN] TRADER-001.nautilus_common::cache: Cannot calculate unrealized PnL for P-20260106-083500-001-140724825183112-5, no quotes for ETHUSDT-PERP.BINANCE[0m
[1m2026-01-06T11:46:59.999000000Z[0m [1;33m[WARN] TRADER-001.nautilus_common::cache: Cannot calculate unrealized PnL for P-20260106-083500-001-140724825183112-5, no quotes for ETHUSDT-PERP.BINANCE[0m
[1m2026-01-06T11:47:00.000000000Z[0m [1;33m[WARN] TRADER-001.nautilus_common::cache: Cannot calculate unrealized PnL for P-20260106-083500-001-140724825183112-5, no quotes for ETHUSDT-PERP.BINANCE[0m
[1m2026-01-06T11:47:10.000000000Z[0m [1;33m[WARN] TRADER-001.nautilus_common::cache: Cannot calculate unrealized PnL for P-20260106-083500-001-140724825183112-5, no quotes for ETHUSDT-PERP.BINANCE[0m
[1m2026-01-06T11:47:20.000000000Z[0m [1;33m[WARN] TRADER-001.nautilus_common::cache: Cannot calculate unrealized PnL for P-20260106-083500-001-140724825183112-5, no quotes for ETHUSDT-PERP.BINANCE[0m
[1m2026-01-06T11:47:30.000000000Z[0m [1;33m[WARN] TRADER-001.nautilus_common::cache: Cannot calculate unrealized PnL for P-20260106-083500-001-140724825183112-5, no quotes for ETHUSDT-PERP.BINANCE[0m
[1m2026-01-06T11:47:40.000000000Z[0m [1;33m[WARN] TRADER-001.nautilus_common::cache: Cannot calculate unrealized PnL for P-20260106-083500-001-140724825183112-5, no quotes for ETHUSDT-PERP.BINANCE[0m
[1m2026-01-06T11:47:50.000000000Z[0m [1;33m[WARN] TRADER-001.nautilus_common::cache: Cannot calculate unrealized PnL for P-20260106-083500-001-140724825183112-5, no quotes for ETHUSDT-PERP.BINANCE[0m
[1m2026-01-06T11:47:59.999000000Z[0m [1;33m[WARN] TRADER-001.nautilus_common::cache: Cannot calculate unrealized PnL for P-20260106-083500-001-140724825183112-5, no quotes for ETHUSDT-PERP.BINANCE[0m
[1m2026-01-06T11:48:00.000000000Z[0m [1;33m[WARN] TRADER-001.nautilus_common::cache: Cannot calculate unrealized PnL for P-20260106-083500-001-140724825183112-5, no quotes for ETHUSDT-PERP.BINANCE[0m
[1m2026-01-06T11:48:10.000000000Z[0m [1;33m[WARN] TRADER-001.nautilus_common::cache: Cannot calculate unrealized PnL for P-20260106-083500-001-140724825183112-5, no quotes for ETHUSDT-PERP.BINANCE[0m
[1m2026-01-06T11:48:20.000000000Z[0m [1;33m[WARN] TRADER-001.nautilus_common::cache: Cannot calculate unrealized PnL for P-20260106-083500-001-140724825183112-5, no quotes for ETHUSDT-PERP.BINANCE[0m
[1m2026-01-06T11:48:30.000000000Z[0m [1;33m[WARN] TRADER-001.nautilus_common::cache: Cannot calculate unrealized PnL for P-20260106-083500-001-140724825183112-5, no quotes for ETHUSDT-PERP.BINANCE[0m
[1m2026-01-06T11:48:40.000000000Z[0m [1;33m[WARN] TRADER-001.nautilus_common::cache: Cannot calculate unrealized PnL for P-20260106-083500-001-140724825183112-5, no quotes for ETHUSDT-PERP.BINANCE[0m
[1m2026-01-06T11:48:50.000000000Z[0m [1;33m[WARN] TRADER-001.nautilus_common::cache: Cannot calculate unrealized PnL for P-20260106-083500-001-140724825183112-5, no quotes for ETHUSDT-PERP.BINANCE[0m
[1m2026-01-06T11:48:59.999000000Z[0m [1;33m[WARN] TRADER-001.nautilus_common::cache: Cannot calculate unrealized PnL for P-20260106-083500-001-140724825183112-5, no quotes for ETHUSDT-PERP.BINANCE[0m
[1m2026-01-06T11:49:00.000000000Z[0m [1;33m[WARN] TRADER-001.nautilus_common::cache: Cannot calculate unrealized PnL for P-20260106-083500-001-140724825183112-5, no quotes for ETHUSDT-PERP.BINANCE[0m
[1m2026-01-06T11:49:10.000000000Z[0m [1;33m[WARN] TRADER-001.nautilus_common::cache: Cannot calculate unrealized PnL for P-20260106-083500-001-140724825183112-5, no quotes for ETHUSDT-PERP.BINANCE[0m
[1m2026-01-06T11:49:20.000000000Z[0m [1;33m[WARN] TRADER-001.nautilus_common::cache: Cannot calculate unrealized PnL for P-20260106-083500-001-140724825183112-5, no quotes for ETHUSDT-PERP.BINANCE[0m
[1m2026-01-06T11:49:30.000000000Z[0m [1;33m[WARN] TRADER-001.nautilus_common::cache: Cannot calculate unrealized PnL for P-20260106-083500-001-140724825183112-5, no quotes for ETHUSDT-PERP.BINANCE[0m
[1m2026-01-06T11:49:40.000000000Z[0m [1;33m[WARN] TRADER-001.nautilus_common::cache: Cannot calculate unrealized PnL for P-20260106-083500-001-140724825183112-5, no quotes for ETHUSDT-PERP.BINANCE[0m
[1m2026-01-06T11:49:50.000000000Z[0m [1;33m[WARN] TRADER-001.nautilus_common::cache: Cannot calculate unrealized PnL for P-20260106-083500-001-140724825183112-5, no quotes for ETHUSDT-PERP.BINANCE[0m
[1m2026-01-06T11:49:59.999000000Z[0m [1;33m[WARN] TRADER-001.nautilus_common::cache: Cannot calculate unrealized PnL for P-20260106-083500-001-140724825183112-5, no quotes for ETHUSDT-PERP.BINANCE[0m
[1m2026-01-06T11:50:00.000000000Z[0m [1;33m[WARN] TRADER-001.nautilus_common::cache: Cannot calculate unrealized PnL for P-20260106-083500-001-140724825183112-5, no quotes for ETHUSDT-PERP.BINANCE[0m
[1m2026-01-06T11:50:10.000000000Z[0m [1;33m[WARN] TRADER-001.nautilus_common::cache: Cannot calculate unrealized PnL for P-20260106-083500-001-140724825183112-5, no quotes for ETHUSDT-PERP.BINANCE[0m
[1m2026-01-06T11:50:20.000000000Z[0m [1;33m[WARN] TRADER-001.nautilus_common::cache: Cannot calculate unrealized PnL for P-20260106-083500-001-140724825183112-5, no quotes for ETHUSDT-PERP.BINANCE[0m
[1m2026-01-06T11:50:30.000000000Z[0m [1;33m[WARN] TRADER-001.nautilus_common::cache: Cannot calculate unrealized PnL for P-20260106-083500-001-140724825183112-5, no quotes for ETHUSDT-PERP.BINANCE[0m
[1m2026-01-06T11:50:40.000000000Z[0m [1;33m[WARN] TRADER-001.nautilus_common::cache: Cannot calculate unrealized PnL for P-20260106-083500-001-140724825183112-5, no quotes for ETHUSDT-PERP.BINANCE[0m
[1m2026-01-06T11:50:50.000000000Z[0m [1;33m[WARN] TRADER-001.nautilus_common::cache: Cannot calculate unrealized PnL for P-20260106-083500-001-140724825183112-5, no quotes for ETHUSDT-PERP.BINANCE[0m
[1m2026-01-06T11:50:59.999000000Z[0m [1;33m[WARN] TRADER-001.nautilus_common::cache: Cannot calculate unrealized PnL for P-20260106-083500-001-140724825183112-5, no quotes for ETHUSDT-PERP.BINANCE[0m
[1m2026-01-06T11:51:00.000000000Z[0m [1;33m[WARN] TRADER-001.nautilus_common::cache: Cannot calculate unrealized PnL for P-20260106-083500-001-140724825183112-5, no quotes for ETHUSDT-PERP.BINANCE[0m
[1m2026-01-06T11:51:10.000000000Z[0m [1;33m[WARN] TRADER-001.nautilus_common::cache: Cannot calculate unrealized PnL for P-20260106-083500-001-140724825183112-5, no quotes for ETHUSDT-PERP.BINANCE[0m
[1m2026-01-06T11:51:20.000000000Z[0m [1;33m[WARN] TRADER-001.nautilus_common::cache: Cannot calculate unrealized PnL for P-20260106-083500-001-140724825183112-5, no quotes for ETHUSDT-PERP.BINANCE[0m
[1m2026-01-06T11:51:30.000000000Z[0m [1;33m[WARN] TRADER-001.nautilus_common::cache: Cannot calculate unrealized PnL for P-20260106-083500-001-140724825183112-5, no quotes for ETHUSDT-PERP.BINANCE[0m
[1m2026-01-06T11:51:40.000000000Z[0m [1;33m[WARN] TRADER-001.nautilus_common::cache: Cannot calculate unrealized PnL for P-20260106-083500-001-140724825183112-5, no quotes for ETHUSDT-PERP.BINANCE[0m
[1m2026-01-06T11:51:50.000000000Z[0m [1;33m[WARN] TRADER-001.nautilus_common::cache: Cannot calculate unrealized PnL for P-20260106-083500-001-140724825183112-5, no quotes for ETHUSDT-PERP.BINANCE[0m
[1m2026-01-06T11:51:59.999000000Z[0m [1;33m[WARN] TRADER-001.nautilus_common::cache: Cannot calculate unrealized PnL for P-20260106-083500-001-140724825183112-5, no quotes for ETHUSDT-PERP.BINANCE[0m
[1m2026-01-06T11:52:00.000000000Z[0m [1;33m[WARN] TRADER-001.nautilus_common::cache: Cannot calculate unrealized PnL for P-20260106-083500-001-140724825183112-5, no quotes for ETHUSDT-PERP.BINANCE[0m
[1m2026-01-06T11:52:10.000000000Z[0m [1;33m[WARN] TRADER-001.nautilus_common::cache: Cannot calculate unrealized PnL for P-20260106-083500-001-140724825183112-5, no quotes for ETHUSDT-PERP.BINANCE[0m
[1m2026-01-06T11:52:20.000000000Z[0m [1;33m[WARN] TRADER-001.nautilus_common::cache: Cannot calculate unrealized PnL for P-20260106-083500-001-140724825183112-5, no quotes for ETHUSDT-PERP.BINANCE[0m
[1m2026-01-06T11:52:30.000000000Z[0m [1;33m[WARN] TRADER-001.nautilus_common::cache: Cannot calculate unrealized PnL for P-20260106-083500-001-140724825183112-5, no quotes for ETHUSDT-PERP.BINANCE[0m
[1m2026-01-06T11:52:40.000000000Z[0m [1;33m[WARN] TRADER-001.nautilus_common::cache: Cannot calculate unrealized PnL for P-20260106-083500-001-140724825183112-5, no quotes for ETHUSDT-PERP.BINANCE[0m
[1m2026-01-06T11:52:50.000000000Z[0m [1;33m[WARN] TRADER-001.nautilus_common::cache: Cannot calculate unrealized PnL for P-20260106-083500-001-140724825183112-5, no quotes for ETHUSDT-PERP.BINANCE[0m
[1m2026-01-06T11:52:59.999000000Z[0m [1;33m[WARN] TRADER-001.nautilus_common::cache: Cannot calculate unrealized PnL for P-20260106-083500-001-140724825183112-5, no quotes for ETHUSDT-PERP.BINANCE[0m
[1m2026-01-06T11:53:00.000000000Z[0m [1;33m[WARN] TRADER-001.nautilus_common::cache: Cannot calculate unrealized PnL for P-20260106-083500-001-140724825183112-5, no quotes for ETHUSDT-PERP.BINANCE[0m
[1m2026-01-06T11:53:10.000000000Z[0m [1;33m[WARN] TRADER-001.nautilus_common::cache: Cannot calculate unrealized PnL for P-20260106-083500-001-140724825183112-5, no quotes for ETHUSDT-PERP.BINANCE[0m
[1m2026-01-06T11:53:20.000000000Z[0m [1;33m[WARN] TRADER-001.nautilus_common::cache: Cannot calculate unrealized PnL for P-20260106-083500-001-140724825183112-5, no quotes for ETHUSDT-PERP.BINANCE[0m
[1m2026-01-06T11:53:30.000000000Z[0m [1;33m[WARN] TRADER-001.nautilus_common::cache: Cannot calculate unrealized PnL for P-20260106-083500-001-140724825183112-5, no quotes for ETHUSDT-PERP.BINANCE[0m
[1m2026-01-06T11:53:40.000000000Z[0m [1;33m[WARN] TRADER-001.nautilus_common::cache: Cannot calculate unrealized PnL for P-20260106-083500-001-140724825183112-5, no quotes for ETHUSDT-PERP.BINANCE[0m
[1m2026-01-06T11:53:50.000000000Z[0m [1;33m[WARN] TRADER-001.nautilus_common::cache: Cannot calculate unrealized PnL for P-20260106-083500-001-140724825183112-5, no quotes for ETHUSDT-PERP.BINANCE[0m
[1m2026-01-06T11:53:59.999000000Z[0m [1;33m[WARN] TRADER-001.nautilus_common::cache: Cannot calculate unrealized PnL for P-20260106-083500-001-140724825183112-5, no quotes for ETHUSDT-PERP.BINANCE[0m
[1m2026-01-06T11:54:00.000000000Z[0m [1;33m[WARN] TRADER-001.nautilus_common::cache: Cannot calculate unrealized PnL for P-20260106-083500-001-140724825183112-5, no quotes for ETHUSDT-PERP.BINANCE[0m
[1m2026-01-06T11:54:10.000000000Z[0m [1;33m[WARN] TRADER-001.nautilus_common::cache: Cannot calculate unrealized PnL for P-20260106-083500-001-140724825183112-5, no quotes for ETHUSDT-PERP.BINANCE[0m
[1m2026-01-06T11:54:20.000000000Z[0m [1;33m[WARN] TRADER-001.nautilus_common::cache: Cannot calculate unrealized PnL for P-20260106-083500-001-140724825183112-5, no quotes for ETHUSDT-PERP.BINANCE[0m
[1m2026-01-06T11:54:30.000000000Z[0m [1;33m[WARN] TRADER-001.nautilus_common::cache: Cannot calculate unrealized PnL for P-20260106-083500-001-140724825183112-5, no quotes for ETHUSDT-PERP.BINANCE[0m
[1m2026-01-06T11:54:40.000000000Z[0m [1;33m[WARN] TRADER-001.nautilus_common::cache: Cannot calculate unrealized PnL for P-20260106-083500-001-140724825183112-5, no quotes for ETHUSDT-PERP.BINANCE[0m
[1m2026-01-06T11:54:50.000000000Z[0m [1;33m[WARN] TRADER-001.nautilus_common::cache: Cannot calculate unrealized PnL for P-20260106-083500-001-140724825183112-5, no quotes for ETHUSDT-PERP.BINANCE[0m
[1m2026-01-06T11:54:59.999000000Z[0m [1;33m[WARN] TRADER-001.nautilus_common::cache: Cannot calculate unrealized PnL for P-20260106-083500-001-140724825183112-5, no quotes for ETHUSDT-PERP.BINANCE[0m
[1m2026-01-06T11:55:00.000000000Z[0m [1;33m[WARN] TRADER-001.nautilus_common::cache: Cannot calculate unrealized PnL for P-20260106-083500-001-140724825183112-5, no quotes for ETHUSDT-PERP.BINANCE[0m
[1m2026-01-06T11:55:10.000000000Z[0m [1;33m[WARN] TRADER-001.nautilus_common::cache: Cannot calculate unrealized PnL for P-20260106-083500-001-140724825183112-5, no quotes for ETHUSDT-PERP.BINANCE[0m
[1m2026-01-06T11:55:20.000000000Z[0m [1;33m[WARN] TRADER-001.nautilus_common::cache: Cannot calculate unrealized PnL for P-20260106-083500-001-140724825183112-5, no quotes for ETHUSDT-PERP.BINANCE[0m
[1m2026-01-06T11:55:30.000000000Z[0m [1;33m[WARN] TRADER-001.nautilus_common::cache: Cannot calculate unrealized PnL for P-20260106-083500-001-140724825183112-5, no quotes for ETHUSDT-PERP.BINANCE[0m
[1m2026-01-06T11:55:40.000000000Z[0m [1;33m[WARN] TRADER-001.nautilus_common::cache: Cannot calculate unrealized PnL for P-20260106-083500-001-140724825183112-5, no quotes for ETHUSDT-PERP.BINANCE[0m
[1m2026-01-06T11:55:50.000000000Z[0m [1;33m[WARN] TRADER-001.nautilus_common::cache: Cannot calculate unrealized PnL for P-20260106-083500-001-140724825183112-5, no quotes for ETHUSDT-PERP.BINANCE[0m
[1m2026-01-06T11:55:59.999000000Z[0m [1;33m[WARN] TRADER-001.nautilus_common::cache: Cannot calculate unrealized PnL for P-20260106-083500-001-140724825183112-5, no quotes for ETHUSDT-PERP.BINANCE[0m
[1m2026-01-06T11:56:00.000000000Z[0m [1;33m[WARN] TRADER-001.nautilus_common::cache: Cannot calculate unrealized PnL for P-20260106-083500-001-140724825183112-5, no quotes for ETHUSDT-PERP.BINANCE[0m
[1m2026-01-06T11:56:10.000000000Z[0m [1;33m[WARN] TRADER-001.nautilus_common::cache: Cannot calculate unrealized PnL for P-20260106-083500-001-140724825183112-5, no quotes for ETHUSDT-PERP.BINANCE[0m
[1m2026-01-06T11:56:20.000000000Z[0m [1;33m[WARN] TRADER-001.nautilus_common::cache: Cannot calculate unrealized PnL for P-20260106-083500-001-140724825183112-5, no quotes for ETHUSDT-PERP.BINANCE[0m
[1m2026-01-06T11:56:30.000000000Z[0m [1;33m[WARN] TRADER-001.nautilus_common::cache: Cannot calculate unrealized PnL for P-20260106-083500-001-140724825183112-5, no quotes for ETHUSDT-PERP.BINANCE[0m
[1m2026-01-06T11:56:40.000000000Z[0m [1;33m[WARN] TRADER-001.nautilus_common::cache: Cannot calculate unrealized PnL for P-20260106-083500-001-140724825183112-5, no quotes for ETHUSDT-PERP.BINANCE[0m
[1m2026-01-06T11:56:50.000000000Z[0m [1;33m[WARN] TRADER-001.nautilus_common::cache: Cannot calculate unrealized PnL for P-20260106-083500-001-140724825183112-5, no quotes for ETHUSDT-PERP.BINANCE[0m
[1m2026-01-06T11:56:59.999000000Z[0m [1;33m[WARN] TRADER-001.nautilus_common::cache: Cannot calculate unrealized PnL for P-20260106-083500-001-140724825183112-5, no quotes for ETHUSDT-PERP.BINANCE[0m
[1m2026-01-06T11:57:00.000000000Z[0m [1;33m[WARN] TRADER-001.nautilus_common::cache: Cannot calculate unrealized PnL for P-20260106-083500-001-140724825183112-5, no quotes for ETHUSDT-PERP.BINANCE[0m
[1m2026-01-06T11:57:10.000000000Z[0m [1;33m[WARN] TRADER-001.nautilus_common::cache: Cannot calculate unrealized PnL for P-20260106-083500-001-140724825183112-5, no quotes for ETHUSDT-PERP.BINANCE[0m
[1m2026-01-06T11:57:20.000000000Z[0m [1;33m[WARN] TRADER-001.nautilus_common::cache: Cannot calculate unrealized PnL for P-20260106-083500-001-140724825183112-5, no quotes for ETHUSDT-PERP.BINANCE[0m
[1m2026-01-06T11:57:30.000000000Z[0m [1;33m[WARN] TRADER-001.nautilus_common::cache: Cannot calculate unrealized PnL for P-20260106-083500-001-140724825183112-5, no quotes for ETHUSDT-PERP.BINANCE[0m
[1m2026-01-06T11:57:40.000000000Z[0m [1;33m[WARN] TRADER-001.nautilus_common::cache: Cannot calculate unrealized PnL for P-20260106-083500-001-140724825183112-5, no quotes for ETHUSDT-PERP.BINANCE[0m
[1m2026-01-06T11:57:50.000000000Z[0m [1;33m[WARN] TRADER-001.nautilus_common::cache: Cannot calculate unrealized PnL for P-20260106-083500-001-140724825183112-5, no quotes for ETHUSDT-PERP.BINANCE[0m
[1m2026-01-06T11:57:59.999000000Z[0m [1;33m[WARN] TRADER-001.nautilus_common::cache: Cannot calculate unrealized PnL for P-20260106-083500-001-140724825183112-5, no quotes for ETHUSDT-PERP.BINANCE[0m
[1m2026-01-06T11:58:00.000000000Z[0m [1;33m[WARN] TRADER-001.nautilus_common::cache: Cannot calculate unrealized PnL for P-20260106-083500-001-140724825183112-5, no quotes for ETHUSDT-PERP.BINANCE[0m
[1m2026-01-06T11:58:10.000000000Z[0m [1;33m[WARN] TRADER-001.nautilus_common::cache: Cannot calculate unrealized PnL for P-20260106-083500-001-140724825183112-5, no quotes for ETHUSDT-PERP.BINANCE[0m
[1m2026-01-06T11:58:20.000000000Z[0m [1;33m[WARN] TRADER-001.nautilus_common::cache: Cannot calculate unrealized PnL for P-20260106-083500-001-140724825183112-5, no quotes for ETHUSDT-PERP.BINANCE[0m
[1m2026-01-06T11:58:30.000000000Z[0m [1;33m[WARN] TRADER-001.nautilus_common::cache: Cannot calculate unrealized PnL for P-20260106-083500-001-140724825183112-5, no quotes for ETHUSDT-PERP.BINANCE[0m
[1m2026-01-06T11:58:40.000000000Z[0m [1;33m[WARN] TRADER-001.nautilus_common::cache: Cannot calculate unrealized PnL for P-20260106-083500-001-140724825183112-5, no quotes for ETHUSDT-PERP.BINANCE[0m
[1m2026-01-06T11:58:50.000000000Z[0m [1;33m[WARN] TRADER-001.nautilus_common::cache: Cannot calculate unrealized PnL for P-20260106-083500-001-140724825183112-5, no quotes for ETHUSDT-PERP.BINANCE[0m
[1m2026-01-06T11:58:59.999000000Z[0m [1;33m[WARN] TRADER-001.nautilus_common::cache: Cannot calculate unrealized PnL for P-20260106-083500-001-140724825183112-5, no quotes for ETHUSDT-PERP.BINANCE[0m
[1m2026-01-06T11:59:00.000000000Z[0m [1;33m[WARN] TRADER-001.nautilus_common::cache: Cannot calculate unrealized PnL for P-20260106-083500-001-140724825183112-5, no quotes for ETHUSDT-PERP.BINANCE[0m
[1m2026-01-06T11:59:10.000000000Z[0m [1;33m[WARN] TRADER-001.nautilus_common::cache: Cannot calculate unrealized PnL for P-20260106-083500-001-140724825183112-5, no quotes for ETHUSDT-PERP.BINANCE[0m
[1m2026-01-06T11:59:20.000000000Z[0m [1;33m[WARN] TRADER-001.nautilus_common::cache: Cannot calculate unrealized PnL for P-20260106-083500-001-140724825183112-5, no quotes for ETHUSDT-PERP.BINANCE[0m
[1m2026-01-06T11:59:30.000000000Z[0m [1;33m[WARN] TRADER-001.nautilus_common::cache: Cannot calculate unrealized PnL for P-20260106-083500-001-140724825183112-5, no quotes for ETHUSDT-PERP.BINANCE[0m
[1m2026-01-06T11:59:40.000000000Z[0m [1;33m[WARN] TRADER-001.nautilus_common::cache: Cannot calculate unrealized PnL for P-20260106-083500-001-140724825183112-5, no quotes for ETHUSDT-PERP.BINANCE[0m
[1m2026-01-06T11:59:50.000000000Z[0m [1;33m[WARN] TRADER-001.nautilus_common::cache: Cannot calculate unrealized PnL for P-20260106-083500-001-140724825183112-5, no quotes for ETHUSDT-PERP.BINANCE[0m
[1m2026-01-06T11:59:59.999000000Z[0m [1;33m[WARN] TRADER-001.nautilus_common::cache: Cannot calculate unrealized PnL for P-20260106-083500-001-140724825183112-5, no quotes for ETHUSDT-PERP.BINANCE[0m
[1m2026-01-06T12:00:00.000000000Z[0m [1;33m[WARN] TRADER-001.nautilus_common::cache: Cannot calculate unrealized PnL for P-20260106-083500-001-140724825183112-5, no quotes for ETHUSDT-PERP.BINANCE[0m
[1m2026-01-06T12:00:10.000000000Z[0m [1;33m[WARN] TRADER-001.nautilus_common::cache: Cannot calculate unrealized PnL for P-20260106-083500-001-140724825183112-5, no quotes for ETHUSDT-PERP.BINANCE[0m
[1m2026-01-06T12:00:20.000000000Z[0m [1;33m[WARN] TRADER-001.nautilus_common::cache: Cannot calculate unrealized PnL for P-20260106-083500-001-140724825183112-5, no quotes for ETHUSDT-PERP.BINANCE[0m
[1m2026-01-06T12:00:30.000000000Z[0m [1;33m[WARN] TRADER-001.nautilus_common::cache: Cannot calculate unrealized PnL for P-20260106-083500-001-140724825183112-5, no quotes for ETHUSDT-PERP.BINANCE[0m
[1m2026-01-06T12:00:40.000000000Z[0m [1;33m[WARN] TRADER-001.nautilus_common::cache: Cannot calculate unrealized PnL for P-20260106-083500-001-140724825183112-5, no quotes for ETHUSDT-PERP.BINANCE[0m
[1m2026-01-06T12:00:50.000000000Z[0m [1;33m[WARN] TRADER-001.nautilus_common::cache: Cannot calculate unrealized PnL for P-20260106-083500-001-140724825183112-5, no quotes for ETHUSDT-PERP.BINANCE[0m
[1m2026-01-06T12:00:59.999000000Z[0m [1;33m[WARN] TRADER-001.nautilus_common::cache: Cannot calculate unrealized PnL for P-20260106-083500-001-140724825183112-5, no quotes for ETHUSDT-PERP.BINANCE[0m
[1m2026-01-06T12:01:00.000000000Z[0m [1;33m[WARN] TRADER-001.nautilus_common::cache: Cannot calculate unrealized PnL for P-20260106-083500-001-140724825183112-5, no quotes for ETHUSDT-PERP.BINANCE[0m
[1m2026-01-06T12:01:10.000000000Z[0m [1;33m[WARN] TRADER-001.nautilus_common::cache: Cannot calculate unrealized PnL for P-20260106-083500-001-140724825183112-5, no quotes for ETHUSDT-PERP.BINANCE[0m
[1m2026-01-06T12:01:20.000000000Z[0m [1;33m[WARN] TRADER-001.nautilus_common::cache: Cannot calculate unrealized PnL for P-20260106-083500-001-140724825183112-5, no quotes for ETHUSDT-PERP.BINANCE[0m
[1m2026-01-06T12:01:30.000000000Z[0m [1;33m[WARN] TRADER-001.nautilus_common::cache: Cannot calculate unrealized PnL for P-20260106-083500-001-140724825183112-5, no quotes for ETHUSDT-PERP.BINANCE[0m
[1m2026-01-06T12:01:40.000000000Z[0m [1;33m[WARN] TRADER-001.nautilus_common::cache: Cannot calculate unrealized PnL for P-20260106-083500-001-140724825183112-5, no quotes for ETHUSDT-PERP.BINANCE[0m
[1m2026-01-06T12:01:50.000000000Z[0m [1;33m[WARN] TRADER-001.nautilus_common::cache: Cannot calculate unrealized PnL for P-20260106-083500-001-140724825183112-5, no quotes for ETHUSDT-PERP.BINANCE[0m
[1m2026-01-06T12:01:59.999000000Z[0m [1;33m[WARN] TRADER-001.nautilus_common::cache: Cannot calculate unrealized PnL for P-20260106-083500-001-140724825183112-5, no quotes for ETHUSDT-PERP.BINANCE[0m
[1m2026-01-06T12:02:00.000000000Z[0m [1;33m[WARN] TRADER-001.nautilus_common::cache: Cannot calculate unrealized PnL for P-20260106-083500-001-140724825183112-5, no quotes for ETHUSDT-PERP.BINANCE[0m
[1m2026-01-06T12:02:10.000000000Z[0m [1;33m[WARN] TRADER-001.nautilus_common::cache: Cannot calculate unrealized PnL for P-20260106-083500-001-140724825183112-5, no quotes for ETHUSDT-PERP.BINANCE[0m
[1m2026-01-06T12:02:20.000000000Z[0m [1;33m[WARN] TRADER-001.nautilus_common::cache: Cannot calculate unrealized PnL for P-20260106-083500-001-140724825183112-5, no quotes for ETHUSDT-PERP.BINANCE[0m
[1m2026-01-06T12:02:30.000000000Z[0m [1;33m[WARN] TRADER-001.nautilus_common::cache: Cannot calculate unrealized PnL for P-20260106-083500-001-140724825183112-5, no quotes for ETHUSDT-PERP.BINANCE[0m
[1m2026-01-06T12:02:40.000000000Z[0m [1;33m[WARN] TRADER-001.nautilus_common::cache: Cannot calculate unrealized PnL for P-20260106-083500-001-140724825183112-5, no quotes for ETHUSDT-PERP.BINANCE[0m
[1m2026-01-06T12:02:50.000000000Z[0m [1;33m[WARN] TRADER-001.nautilus_common::cache: Cannot calculate unrealized PnL for P-20260106-083500-001-140724825183112-5, no quotes for ETHUSDT-PERP.BINANCE[0m
[1m2026-01-06T12:02:59.999000000Z[0m [1;33m[WARN] TRADER-001.nautilus_common::cache: Cannot calculate unrealized PnL for P-20260106-083500-001-140724825183112-5, no quotes for ETHUSDT-PERP.BINANCE[0m
[1m2026-01-06T12:03:00.000000000Z[0m [1;33m[WARN] TRADER-001.nautilus_common::cache: Cannot calculate unrealized PnL for P-20260106-083500-001-140724825183112-5, no quotes for ETHUSDT-PERP.BINANCE[0m
[1m2026-01-06T12:03:10.000000000Z[0m [1;33m[WARN] TRADER-001.nautilus_common::cache: Cannot calculate unrealized PnL for P-20260106-083500-001-140724825183112-5, no quotes for ETHUSDT-PERP.BINANCE[0m
[1m2026-01-06T12:03:20.000000000Z[0m [1;33m[WARN] TRADER-001.nautilus_common::cache: Cannot calculate unrealized PnL for P-20260106-083500-001-140724825183112-5, no quotes for ETHUSDT-PERP.BINANCE[0m
[1m2026-01-06T12:03:30.000000000Z[0m [1;33m[WARN] TRADER-001.nautilus_common::cache: Cannot calculate unrealized PnL for P-20260106-083500-001-140724825183112-5, no quotes for ETHUSDT-PERP.BINANCE[0m
[1m2026-01-06T12:03:40.000000000Z[0m [1;33m[WARN] TRADER-001.nautilus_common::cache: Cannot calculate unrealized PnL for P-20260106-083500-001-140724825183112-5, no quotes for ETHUSDT-PERP.BINANCE[0m
[1m2026-01-06T12:03:50.000000000Z[0m [1;33m[WARN] TRADER-001.nautilus_common::cache: Cannot calculate unrealized PnL for P-20260106-083500-001-140724825183112-5, no quotes for ETHUSDT-PERP.BINANCE[0m
[1m2026-01-06T12:03:59.999000000Z[0m [1;33m[WARN] TRADER-001.nautilus_common::cache: Cannot calculate unrealized PnL for P-20260106-083500-001-140724825183112-5, no quotes for ETHUSDT-PERP.BINANCE[0m
[1m2026-01-06T12:04:00.000000000Z[0m [1;33m[WARN] TRADER-001.nautilus_common::cache: Cannot calculate unrealized PnL for P-20260106-083500-001-140724825183112-5, no quotes for ETHUSDT-PERP.BINANCE[0m
[1m2026-01-06T12:04:10.000000000Z[0m [1;33m[WARN] TRADER-001.nautilus_common::cache: Cannot calculate unrealized PnL for P-20260106-083500-001-140724825183112-5, no quotes for ETHUSDT-PERP.BINANCE[0m
[1m2026-01-06T12:04:20.000000000Z[0m [1;33m[WARN] TRADER-001.nautilus_common::cache: Cannot calculate unrealized PnL for P-20260106-083500-001-140724825183112-5, no quotes for ETHUSDT-PERP.BINANCE[0m
[1m2026-01-06T12:04:30.000000000Z[0m [1;33m[WARN] TRADER-001.nautilus_common::cache: Cannot calculate unrealized PnL for P-20260106-083500-001-140724825183112-5, no quotes for ETHUSDT-PERP.BINANCE[0m
[1m2026-01-06T12:04:40.000000000Z[0m [1;33m[WARN] TRADER-001.nautilus_common::cache: Cannot calculate unrealized PnL for P-20260106-083500-001-140724825183112-5, no quotes for ETHUSDT-PERP.BINANCE[0m
[1m2026-01-06T12:04:50.000000000Z[0m [1;33m[WARN] TRADER-001.nautilus_common::cache: Cannot calculate unrealized PnL for P-20260106-083500-001-140724825183112-5, no quotes for ETHUSDT-PERP.BINANCE[0m
[1m2026-01-06T12:04:59.999000000Z[0m [1;33m[WARN] TRADER-001.nautilus_common::cache: Cannot calculate unrealized PnL for P-20260106-083500-001-140724825183112-5, no quotes for ETHUSDT-PERP.BINANCE[0m
[1m2026-01-06T12:05:00.000000000Z[0m [1;33m[WARN] TRADER-001.nautilus_common::cache: Cannot calculate unrealized PnL for P-20260106-083500-001-140724825183112-5, no quotes for ETHUSDT-PERP.BINANCE[0m
[1m2026-01-06T12:05:10.000000000Z[0m [1;33m[WARN] TRADER-001.nautilus_common::cache: Cannot calculate unrealized PnL for P-20260106-083500-001-140724825183112-5, no quotes for ETHUSDT-PERP.BINANCE[0m
[1m2026-01-06T12:05:20.000000000Z[0m [1;33m[WARN] TRADER-001.nautilus_common::cache: Cannot calculate unrealized PnL for P-20260106-083500-001-140724825183112-5, no quotes for ETHUSDT-PERP.BINANCE[0m
[1m2026-01-06T12:05:30.000000000Z[0m [1;33m[WARN] TRADER-001.nautilus_common::cache: Cannot calculate unrealized PnL for P-20260106-083500-001-140724825183112-5, no quotes for ETHUSDT-PERP.BINANCE[0m
[1m2026-01-06T12:05:40.000000000Z[0m [1;33m[WARN] TRADER-001.nautilus_common::cache: Cannot calculate unrealized PnL for P-20260106-083500-001-140724825183112-5, no quotes for ETHUSDT-PERP.BINANCE[0m
[1m2026-01-06T12:05:50.000000000Z[0m [1;33m[WARN] TRADER-001.nautilus_common::cache: Cannot calculate unrealized PnL for P-20260106-083500-001-140724825183112-5, no quotes for ETHUSDT-PERP.BINANCE[0m
[1m2026-01-06T12:05:59.999000000Z[0m [1;33m[WARN] TRADER-001.nautilus_common::cache: Cannot calculate unrealized PnL for P-20260106-083500-001-140724825183112-5, no quotes for ETHUSDT-PERP.BINANCE[0m
[1m2026-01-06T12:06:00.000000000Z[0m [1;33m[WARN] TRADER-001.nautilus_common::cache: Cannot calculate unrealized PnL for P-20260106-083500-001-140724825183112-5, no quotes for ETHUSDT-PERP.BINANCE[0m
[1m2026-01-06T12:06:10.000000000Z[0m [1;33m[WARN] TRADER-001.nautilus_common::cache: Cannot calculate unrealized PnL for P-20260106-083500-001-140724825183112-5, no quotes for ETHUSDT-PERP.BINANCE[0m
[1m2026-01-06T12:06:20.000000000Z[0m [1;33m[WARN] TRADER-001.nautilus_common::cache: Cannot calculate unrealized PnL for P-20260106-083500-001-140724825183112-5, no quotes for ETHUSDT-PERP.BINANCE[0m
[1m2026-01-06T12:06:30.000000000Z[0m [1;33m[WARN] TRADER-001.nautilus_common::cache: Cannot calculate unrealized PnL for P-20260106-083500-001-140724825183112-5, no quotes for ETHUSDT-PERP.BINANCE[0m
[1m2026-01-06T12:06:40.000000000Z[0m [1;33m[WARN] TRADER-001.nautilus_common::cache: Cannot calculate unrealized PnL for P-20260106-083500-001-140724825183112-5, no quotes for ETHUSDT-PERP.BINANCE[0m
[1m2026-01-06T12:06:50.000000000Z[0m [1;33m[WARN] TRADER-001.nautilus_common::cache: Cannot calculate unrealized PnL for P-20260106-083500-001-140724825183112-5, no quotes for ETHUSDT-PERP.BINANCE[0m
[1m2026-01-06T12:06:59.999000000Z[0m [1;33m[WARN] TRADER-001.nautilus_common::cache: Cannot calculate unrealized PnL for P-20260106-083500-001-140724825183112-5, no quotes for ETHUSDT-PERP.BINANCE[0m
[1m2026-01-06T12:07:00.000000000Z[0m [INFO] TRADER-001.nautilus_portfolio::manager: ETHUSDT-PERP.BINANCE margin_init=0.00000000 USDT[0m
[1m2026-01-06T12:07:00.000000000Z[0m [INFO] TRADER-001.nautilus_trading::strategy: DataActor-140724825183112 <--[EVT] OrderFilled(instrument_id=ETHUSDT-PERP.BINANCE, client_order_id=O-20260106-083500-001-140724825183112-17, venue_order_id=BINANCE-2-6, account_id=BINANCE-001, trade_id=T-7de1de5878de49f5-35962, position_id=P-20260106-083500-001-140724825183112-5, order_side=SELL, order_type=LIMIT, last_qty=321.655, last_px=3_244.48 USDT, commission=626.16192864 USDT, liquidity_side=MAKER, ts_event=1767701220000000000)[0m
[1m2026-01-06T12:07:00.000000000Z[0m [INFO] TRADER-001.nautilus_portfolio::portfolio: ETHUSDT-PERP.BINANCE net_position=0[0m
[1m2026-01-06T12:07:00.000000000Z[0m [INFO] TRADER-001.nautilus_portfolio::manager: ETHUSDT-PERP.BINANCE margin_maint=0.00000000 USDT[0m
[1m2026-01-06T12:07:00.000000000Z[0m [INFO] TRADER-001.nautilus_portfolio::portfolio: Updated AccountState(account_id=BINANCE-001, account_type=MARGIN, base_currency=USDT, is_reported=false, balances=[AccountBalance(total=109460.77533195 USDT, locked=0.00000000 USDT, free=109460.77533195 USDT)], margins=[], event_id=fe1949e2-3d96-4134-99a5-7b98b64788f1)[0m
[1m2026-01-06T12:07:00.000000000Z[0m [INFO] TRADER-001.nautilus_trading::strategy: DataActor-140724825183112 <--[EVT] PositionClosed(PositionClosed { trader_id: "TRADER-001", strategy_id: "DataActor-140724825183112", instrument_id: "ETHUSDT-PERP.BINANCE", position_id: "P-20260106-083500-001-140724825183112-5", account_id: "BINANCE-001", opening_order_id: "O-20260106-083500-001-140724825183112-15", closing_order_id: Some("O-20260106-083500-001-140724825183112-17"), entry: Buy, side: Flat, signed_qty: 0.0, quantity: Quantity(0.000), peak_quantity: Quantity(321.655), last_qty: Quantity(321.655), last_px: Price(3244.48), currency: Currency(code='USDT', precision=8, iso4217=0, name='Tether', currency_type=CRYPTO), avg_px_open: 3216.89, avg_px_close: Some(3244.48), realized_return: 0.008576606598298403, realized_pnl: Some(Money(7627.46226959, USDT)), unrealized_pnl: Money(0.00000000, USDT), duration: 12720000000000, event_id: UUID4(c2ee7a7a-c42b-4643-a27f-c4a87345f1c0), ts_opened: UnixNanos(1767688500000000000), ts_closed: Some(UnixNanos(1767701220000000000)), ts_event: UnixNanos(1767701220000000000), ts_init: UnixNanos(1767701220000000000) })[0m
[1m2026-01-06T12:07:00.000000000Z[0m [INFO] TRADER-001.nautilus_portfolio::manager: ETHUSDT-PERP.BINANCE margin_init=0.00000000 USDT[0m
[1m2026-01-06T12:07:00.000000000Z[0m [INFO] TRADER-001.nautilus_portfolio::portfolio: Updated AccountState(account_id=BINANCE-001, account_type=MARGIN, base_currency=USDT, is_reported=false, balances=[AccountBalance(total=109460.77533195 USDT, locked=0.00000000 USDT, free=109460.77533195 USDT)], margins=[], event_id=59103953-757b-4d21-a041-6456bdbf77c5)[0m
[1m2026-01-06T12:07:00.000000000Z[0m [INFO] TRADER-001.nautilus_trading::strategy: DataActor-140724825183112 <--[EVT] OrderCanceled(instrument_id=ETHUSDT-PERP.BINANCE, client_order_id=O-20260106-083500-001-140724825183112-16, venue_order_id=BINANCE-2-5, account_id=BINANCE-001, ts_event=1767701220000000000)[0m
[1m2026-01-06T15:05:00.000000000Z[0m [INFO] TRADER-001.nautilus_trading::strategy: DataActor-140724825183112 <--[EVT] OrderInitialized(instrument_id=XRPUSDT-PERP.BINANCE, client_order_id=O-20260106-150500-001-140724825183112-18, side=BUY, type=MARKET, quantity=232890.9, time_in_force=GTC, post_only=false, reduce_only=false, quote_quantity=false, price=None, emulation_trigger=None, trigger_instrument_id=None, contingency_type=OTO, order_list_id=OL-20260106-150500-001-140724825183112-6, linked_order_ids=[O-20260106-150500-001-140724825183112-19, O-20260106-150500-001-140724825183112-20], parent_order_id=None, exec_algorithm_id=None, exec_algorithm_params=None, exec_spawn_id=None, tags=opening-pullback-direct-diagnostic-xrpusdt-new_york-2026-01-06-00050, BREAKOUT_ACCEPTANCE_CONTINUATION, LONG, TEN_SECOND_MARKET_ENTRY)[0m
[1m2026-01-06T15:05:00.000000000Z[0m [INFO] TRADER-001.nautilus_trading::strategy: DataActor-140724825183112 <--[EVT] OrderInitialized(instrument_id=XRPUSDT-PERP.BINANCE, client_order_id=O-20260106-150500-001-140724825183112-19, side=SELL, type=STOP_MARKET, quantity=232890.9, time_in_force=GTC, post_only=false, reduce_only=true, quote_quantity=false, price=None, emulation_trigger=None, trigger_instrument_id=None, contingency_type=OUO, order_list_id=OL-20260106-150500-001-140724825183112-6, linked_order_ids=[O-20260106-150500-001-140724825183112-20], parent_order_id=O-20260106-150500-001-140724825183112-18, exec_algorithm_id=None, exec_algorithm_params=None, exec_spawn_id=None, tags=opening-pullback-direct-diagnostic-xrpusdt-new_york-2026-01-06-00050, OBSERVED_RETEST_INVALIDATION)[0m
[1m2026-01-06T15:05:00.000000000Z[0m [INFO] TRADER-001.nautilus_trading::strategy: DataActor-140724825183112 <--[EVT] OrderInitialized(instrument_id=XRPUSDT-PERP.BINANCE, client_order_id=O-20260106-150500-001-140724825183112-20, side=SELL, type=LIMIT, quantity=232890.9, time_in_force=GTC, post_only=false, reduce_only=true, quote_quantity=false, price=2.4280, emulation_trigger=None, trigger_instrument_id=None, contingency_type=OUO, order_list_id=OL-20260106-150500-001-140724825183112-6, linked_order_ids=[O-20260106-150500-001-140724825183112-19], parent_order_id=O-20260106-150500-001-140724825183112-18, exec_algorithm_id=None, exec_algorithm_params=None, exec_spawn_id=None, tags=opening-pullback-direct-diagnostic-xrpusdt-new_york-2026-01-06-00050, ACTIVE_COMPLETED_EXTERNAL_TARGET)[0m
[1m2026-01-06T15:05:00.000000000Z[0m [INFO] TRADER-001.nautilus_trading::strategy: DataActor-140724825183112 [CMD]--> SubmitOrderList[0m
[1m2026-01-06T15:05:00.000000000Z[0m [94m[INFO] TRADER-001.nautilus_execution::engine: Submit OrderList(id=OL-20260106-150500-001-140724825183112-6, instrument_id=XRPUSDT-PERP.BINANCE, strategy_id=DataActor-140724825183112, client_order_ids=["O-20260106-150500-001-140724825183112-18", "O-20260106-150500-001-140724825183112-19", "O-20260106-150500-001-140724825183112-20"], ts_init=1767711900000000000)[0m
[1m2026-01-06T15:05:00.000000000Z[0m [INFO] TRADER-001.nautilus_trading::strategy: DataActor-140724825183112 <--[EVT] OrderSubmitted(instrument_id=XRPUSDT-PERP.BINANCE, client_order_id=O-20260106-150500-001-140724825183112-18, account_id=BINANCE-001, ts_event=1767711900000000000)[0m
[1m2026-01-06T15:05:00.000000000Z[0m [INFO] TRADER-001.nautilus_trading::strategy: DataActor-140724825183112 <--[EVT] OrderSubmitted(instrument_id=XRPUSDT-PERP.BINANCE, client_order_id=O-20260106-150500-001-140724825183112-19, account_id=BINANCE-001, ts_event=1767711900000000000)[0m
[1m2026-01-06T15:05:00.000000000Z[0m [INFO] TRADER-001.nautilus_trading::strategy: DataActor-140724825183112 <--[EVT] OrderSubmitted(instrument_id=XRPUSDT-PERP.BINANCE, client_order_id=O-20260106-150500-001-140724825183112-20, account_id=BINANCE-001, ts_event=1767711900000000000)[0m
[1m2026-01-06T15:05:00.000000000Z[0m [INFO] TRADER-001.nautilus_portfolio::manager: XRPUSDT-PERP.BINANCE margin_init=0.00000000 USDT[0m
[1m2026-01-06T15:05:00.000000000Z[0m [INFO] TRADER-001.nautilus_trading::strategy: DataActor-140724825183112 <--[EVT] OrderFilled(instrument_id=XRPUSDT-PERP.BINANCE, client_order_id=O-20260106-150500-001-140724825183112-18, venue_order_id=BINANCE-4-9, account_id=BINANCE-001, trade_id=T-7f001cda1aea228f-40948, position_id=P-20260106-150500-001-140724825183112-6, order_side=BUY, order_type=MARKET, last_qty=232_890.9, last_px=2.3794 USDT, commission=332.48436448 USDT, liquidity_side=TAKER, ts_event=1767711900000000000)[0m
[1m2026-01-06T15:05:00.000000000Z[0m [INFO] TRADER-001.nautilus_trading::strategy: Canceling 2 inflight XRPUSDT-PERP.BINANCE orders[0m
[1m2026-01-06T15:05:00.000000000Z[0m [INFO] TRADER-001.nautilus_trading::strategy: DataActor-140724825183112 [CMD]--> CancelAllOrders[0m
[1m2026-01-06T15:05:00.000000000Z[0m [INFO] TRADER-001.nautilus_portfolio::portfolio: XRPUSDT-PERP.BINANCE net_position=232890.9[0m
[1m2026-01-06T15:05:00.000000000Z[0m [INFO] TRADER-001.nautilus_portfolio::manager: XRPUSDT-PERP.BINANCE margin_maint=2216.56242984 USDT[0m
[1m2026-01-06T15:05:00.000000000Z[0m [INFO] TRADER-001.nautilus_portfolio::portfolio: Updated AccountState(account_id=BINANCE-001, account_type=MARGIN, base_currency=USDT, is_reported=false, balances=[AccountBalance(total=109128.29096747 USDT, locked=2216.56242984 USDT, free=106911.72853763 USDT)], margins=[MarginBalance(initial=0.00000000 USDT, maintenance=2216.56242984 USDT, instrument_id=XRPUSDT-PERP.BINANCE)], event_id=c7f9190d-07ba-400d-8da5-b83422bb9766)[0m
[1m2026-01-06T15:05:00.000000000Z[0m [INFO] TRADER-001.nautilus_trading::strategy: DataActor-140724825183112 <--[EVT] PositionOpened(PositionOpened { trader_id: "TRADER-001", strategy_id: "DataActor-140724825183112", instrument_id: "XRPUSDT-PERP.BINANCE", position_id: "P-20260106-150500-001-140724825183112-6", account_id: "BINANCE-001", opening_order_id: "O-20260106-150500-001-140724825183112-18", entry: Buy, side: Long, signed_qty: 232890.9, quantity: Quantity(232890.9), last_qty: Quantity(232890.9), last_px: Price(2.3794), currency: Currency(code='USDT', precision=8, iso4217=0, name='Tether', currency_type=CRYPTO), avg_px_open: 2.3794, event_id: UUID4(10d18e29-0076-4a9e-acda-addab298e4a5), ts_event: UnixNanos(1767711900000000000), ts_init: UnixNanos(1767711900000000000) })[0m
[1m2026-01-06T15:05:00.000000000Z[0m [INFO] TRADER-001.nautilus_portfolio::manager: XRPUSDT-PERP.BINANCE margin_init=0.00000000 USDT[0m
[1m2026-01-06T15:05:00.000000000Z[0m [INFO] TRADER-001.nautilus_portfolio::portfolio: Updated AccountState(account_id=BINANCE-001, account_type=MARGIN, base_currency=USDT, is_reported=false, balances=[AccountBalance(total=109128.29096747 USDT, locked=2216.56242984 USDT, free=106911.72853763 USDT)], margins=[MarginBalance(initial=0.00000000 USDT, maintenance=2216.56242984 USDT, instrument_id=XRPUSDT-PERP.BINANCE)], event_id=355b0d60-5a21-492b-9f85-841ec188ab14)[0m
[1m2026-01-06T15:05:00.000000000Z[0m [INFO] TRADER-001.nautilus_trading::strategy: DataActor-140724825183112 <--[EVT] OrderAccepted(instrument_id=XRPUSDT-PERP.BINANCE, client_order_id=O-20260106-150500-001-140724825183112-19, venue_order_id=BINANCE-4-10, account_id=BINANCE-001, ts_event=1767711900000000000)[0m
[1m2026-01-06T15:05:00.000000000Z[0m [INFO] TRADER-001.nautilus_portfolio::manager: XRPUSDT-PERP.BINANCE margin_init=0.00000000 USDT[0m
[1m2026-01-06T15:05:00.000000000Z[0m [INFO] TRADER-001.nautilus_portfolio::portfolio: Updated AccountState(account_id=BINANCE-001, account_type=MARGIN, base_currency=USDT, is_reported=false, balances=[AccountBalance(total=109128.29096747 USDT, locked=2216.56242984 USDT, free=106911.72853763 USDT)], margins=[MarginBalance(initial=0.00000000 USDT, maintenance=2216.56242984 USDT, instrument_id=XRPUSDT-PERP.BINANCE)], event_id=ba975fc2-89dd-4f26-bf8e-a59eec855689)[0m
[1m2026-01-06T15:05:00.000000000Z[0m [INFO] TRADER-001.nautilus_trading::strategy: DataActor-140724825183112 <--[EVT] OrderAccepted(instrument_id=XRPUSDT-PERP.BINANCE, client_order_id=O-20260106-150500-001-140724825183112-20, venue_order_id=BINANCE-4-11, account_id=BINANCE-001, ts_event=1767711900000000000)[0m
[1m2026-01-06T15:05:00.000000000Z[0m [94m[INFO] TRADER-001.nautilus_execution::engine: Cancel all orders[0m
[1m2026-01-06T15:05:00.000000000Z[0m [INFO] TRADER-001.nautilus_portfolio::manager: XRPUSDT-PERP.BINANCE margin_init=0.00000000 USDT[0m
[1m2026-01-06T15:05:00.000000000Z[0m [INFO] TRADER-001.nautilus_portfolio::portfolio: Updated AccountState(account_id=BINANCE-001, account_type=MARGIN, base_currency=USDT, is_reported=false, balances=[AccountBalance(total=109128.29096747 USDT, locked=2216.56242984 USDT, free=106911.72853763 USDT)], margins=[MarginBalance(initial=0.00000000 USDT, maintenance=2216.56242984 USDT, instrument_id=XRPUSDT-PERP.BINANCE)], event_id=4a4b3d1a-ef6c-4347-8392-b50cb0610042)[0m
[1m2026-01-06T15:05:00.000000000Z[0m [INFO] TRADER-001.nautilus_trading::strategy: DataActor-140724825183112 <--[EVT] OrderCanceled(instrument_id=XRPUSDT-PERP.BINANCE, client_order_id=O-20260106-150500-001-140724825183112-19, venue_order_id=BINANCE-4-10, account_id=BINANCE-001, ts_event=1767711900000000000)[0m
[1m2026-01-06T15:05:00.000000000Z[0m [INFO] TRADER-001.nautilus_portfolio::manager: XRPUSDT-PERP.BINANCE margin_init=0.00000000 USDT[0m
[1m2026-01-06T15:05:00.000000000Z[0m [INFO] TRADER-001.nautilus_portfolio::portfolio: Updated AccountState(account_id=BINANCE-001, account_type=MARGIN, base_currency=USDT, is_reported=false, balances=[AccountBalance(total=109128.29096747 USDT, locked=2216.56242984 USDT, free=106911.72853763 USDT)], margins=[MarginBalance(initial=0.00000000 USDT, maintenance=2216.56242984 USDT, instrument_id=XRPUSDT-PERP.BINANCE)], event_id=e99b67f8-b4ea-452d-96e8-08715a32d898)[0m
[1m2026-01-06T15:05:00.000000000Z[0m [INFO] TRADER-001.nautilus_trading::strategy: DataActor-140724825183112 <--[EVT] OrderCanceled(instrument_id=XRPUSDT-PERP.BINANCE, client_order_id=O-20260106-150500-001-140724825183112-20, venue_order_id=BINANCE-4-11, account_id=BINANCE-001, ts_event=1767711900000000000)[0m
[1m2026-01-06T15:05:00.000000000Z[0m [1;33m[WARN] TRADER-001.nautilus_common::cache: Cannot calculate unrealized PnL for P-20260106-150500-001-140724825183112-6, no quotes for XRPUSDT-PERP.BINANCE[0m
[1m2026-01-06T15:05:10.000000000Z[0m [INFO] TRADER-001.nautilus_trading::strategy: No XRPUSDT-PERP.BINANCE open, emulated, or inflight orders to cancel[0m
[1m2026-01-06T15:05:10.000000000Z[0m [INFO] TRADER-001.nautilus_trading::strategy: Closing 1 open position[0m
[1m2026-01-06T15:05:10.000000000Z[0m [INFO] TRADER-001.nautilus_trading::strategy: DataActor-140724825183112 <--[EVT] OrderInitialized(instrument_id=XRPUSDT-PERP.BINANCE, client_order_id=O-20260106-150510-001-140724825183112-21, side=SELL, type=MARKET, quantity=232890.9, time_in_force=GTC, post_only=false, reduce_only=true, quote_quantity=false, price=None, emulation_trigger=None, trigger_instrument_id=None, contingency_type=NO_CONTINGENCY, order_list_id=None, linked_order_ids=[None], parent_order_id=None, exec_algorithm_id=None, exec_algorithm_params=None, exec_spawn_id=None, tags=None)[0m
[1m2026-01-06T15:05:10.000000000Z[0m [INFO] TRADER-001.nautilus_trading::strategy: DataActor-140724825183112 [CMD]--> SubmitOrder[0m
[1m2026-01-06T15:05:10.000000000Z[0m [94m[INFO] TRADER-001.nautilus_execution::engine: Submit MarketOrder(SELL 232_890.9 XRPUSDT-PERP.BINANCE @ MARKET GTC, status=INITIALIZED, client_order_id=O-20260106-150510-001-140724825183112-21, venue_order_id=None, position_id=None, exec_algorithm_id=None, exec_spawn_id=None, tags=None)[0m
[1m2026-01-06T15:05:10.000000000Z[0m [INFO] TRADER-001.nautilus_trading::strategy: DataActor-140724825183112 <--[EVT] OrderSubmitted(instrument_id=XRPUSDT-PERP.BINANCE, client_order_id=O-20260106-150510-001-140724825183112-21, account_id=BINANCE-001, ts_event=1767711910000000000)[0m
[1m2026-01-06T15:05:10.000000000Z[0m [INFO] TRADER-001.nautilus_portfolio::manager: XRPUSDT-PERP.BINANCE margin_init=0.00000000 USDT[0m
[1m2026-01-06T15:05:10.000000000Z[0m [INFO] TRADER-001.nautilus_trading::strategy: DataActor-140724825183112 <--[EVT] OrderFilled(instrument_id=XRPUSDT-PERP.BINANCE, client_order_id=O-20260106-150510-001-140724825183112-21, venue_order_id=BINANCE-4-12, account_id=BINANCE-001, trade_id=T-b69427361afcf4ac-40949, position_id=P-20260106-150500-001-140724825183112-6, order_side=SELL, order_type=MARKET, last_qty=232_890.9, last_px=2.3790 USDT, commission=332.42847066 USDT, liquidity_side=TAKER, ts_event=1767711910000000000)[0m
[1m2026-01-06T15:05:10.000000000Z[0m [INFO] TRADER-001.nautilus_portfolio::portfolio: XRPUSDT-PERP.BINANCE net_position=0[0m
[1m2026-01-06T15:05:10.000000000Z[0m [INFO] TRADER-001.nautilus_portfolio::manager: XRPUSDT-PERP.BINANCE margin_maint=0.00000000 USDT[0m
[1m2026-01-06T15:05:10.000000000Z[0m [INFO] TRADER-001.nautilus_portfolio::portfolio: Updated AccountState(account_id=BINANCE-001, account_type=MARGIN, base_currency=USDT, is_reported=false, balances=[AccountBalance(total=108702.70613681 USDT, locked=0.00000000 USDT, free=108702.70613681 USDT)], margins=[], event_id=99bdb151-3355-47a6-85b3-107f1e7fc8fc)[0m
[1m2026-01-06T15:05:10.000000000Z[0m [INFO] TRADER-001.nautilus_trading::strategy: DataActor-140724825183112 <--[EVT] PositionClosed(PositionClosed { trader_id: "TRADER-001", strategy_id: "DataActor-140724825183112", instrument_id: "XRPUSDT-PERP.BINANCE", position_id: "P-20260106-150500-001-140724825183112-6", account_id: "BINANCE-001", opening_order_id: "O-20260106-150500-001-140724825183112-18", closing_order_id: Some("O-20260106-150510-001-140724825183112-21"), entry: Buy, side: Flat, signed_qty: 0.0, quantity: Quantity(0.0), peak_quantity: Quantity(232890.9), last_qty: Quantity(232890.9), last_px: Price(2.3790), currency: Currency(code='USDT', precision=8, iso4217=0, name='Tether', currency_type=CRYPTO), avg_px_open: 2.3794, avg_px_close: Some(2.379), realized_return: -0.00016810960746404806, realized_pnl: Some(Money(-758.06919514, USDT)), unrealized_pnl: Money(0.00000000, USDT), duration: 10000000000, event_id: UUID4(f0a27545-6bea-4c81-b01e-59f6937cb556), ts_opened: UnixNanos(1767711900000000000), ts_closed: Some(UnixNanos(1767711910000000000)), ts_event: UnixNanos(1767711910000000000), ts_init: UnixNanos(1767711910000000000) })[0m
[1m2026-01-07T15:05:00.000000000Z[0m [INFO] TRADER-001.nautilus_trading::strategy: DataActor-140724825183112 <--[EVT] OrderInitialized(instrument_id=ETHUSDT-PERP.BINANCE, client_order_id=O-20260107-150500-001-140724825183112-22, side=SELL, type=MARKET, quantity=82.442, time_in_force=GTC, post_only=false, reduce_only=false, quote_quantity=false, price=None, emulation_trigger=None, trigger_instrument_id=None, contingency_type=OTO, order_list_id=OL-20260107-150500-001-140724825183112-7, linked_order_ids=[O-20260107-150500-001-140724825183112-23, O-20260107-150500-001-140724825183112-24], parent_order_id=None, exec_algorithm_id=None, exec_algorithm_params=None, exec_spawn_id=None, tags=opening-pullback-direct-diagnostic-ethusdt-new_york-2026-01-07-00053, BREAKOUT_ACCEPTANCE_CONTINUATION, SHORT, TEN_SECOND_MARKET_ENTRY)[0m
[1m2026-01-07T15:05:00.000000000Z[0m [INFO] TRADER-001.nautilus_trading::strategy: DataActor-140724825183112 <--[EVT] OrderInitialized(instrument_id=ETHUSDT-PERP.BINANCE, client_order_id=O-20260107-150500-001-140724825183112-23, side=BUY, type=STOP_MARKET, quantity=82.442, time_in_force=GTC, post_only=false, reduce_only=true, quote_quantity=false, price=None, emulation_trigger=None, trigger_instrument_id=None, contingency_type=OUO, order_list_id=OL-20260107-150500-001-140724825183112-7, linked_order_ids=[O-20260107-150500-001-140724825183112-24], parent_order_id=O-20260107-150500-001-140724825183112-22, exec_algorithm_id=None, exec_algorithm_params=None, exec_spawn_id=None, tags=opening-pullback-direct-diagnostic-ethusdt-new_york-2026-01-07-00053, OBSERVED_RETEST_INVALIDATION)[0m
[1m2026-01-07T15:05:00.000000000Z[0m [INFO] TRADER-001.nautilus_trading::strategy: DataActor-140724825183112 <--[EVT] OrderInitialized(instrument_id=ETHUSDT-PERP.BINANCE, client_order_id=O-20260107-150500-001-140724825183112-24, side=BUY, type=LIMIT, quantity=82.442, time_in_force=GTC, post_only=false, reduce_only=true, quote_quantity=false, price=3107.64, emulation_trigger=None, trigger_instrument_id=None, contingency_type=OUO, order_list_id=OL-20260107-150500-001-140724825183112-7, linked_order_ids=[O-20260107-150500-001-140724825183112-23], parent_order_id=O-20260107-150500-001-140724825183112-22, exec_algorithm_id=None, exec_algorithm_params=None, exec_spawn_id=None, tags=opening-pullback-direct-diagnostic-ethusdt-new_york-2026-01-07-00053, ACTIVE_COMPLETED_EXTERNAL_TARGET)[0m
[1m2026-01-07T15:05:00.000000000Z[0m [INFO] TRADER-001.nautilus_trading::strategy: DataActor-140724825183112 [CMD]--> SubmitOrderList[0m
[1m2026-01-07T15:05:00.000000000Z[0m [94m[INFO] TRADER-001.nautilus_execution::engine: Submit OrderList(id=OL-20260107-150500-001-140724825183112-7, instrument_id=ETHUSDT-PERP.BINANCE, strategy_id=DataActor-140724825183112, client_order_ids=["O-20260107-150500-001-140724825183112-22", "O-20260107-150500-001-140724825183112-23", "O-20260107-150500-001-140724825183112-24"], ts_init=1767798300000000000)[0m
[1m2026-01-07T15:05:00.000000000Z[0m [INFO] TRADER-001.nautilus_trading::strategy: DataActor-140724825183112 <--[EVT] OrderSubmitted(instrument_id=ETHUSDT-PERP.BINANCE, client_order_id=O-20260107-150500-001-140724825183112-22, account_id=BINANCE-001, ts_event=1767798300000000000)[0m
[1m2026-01-07T15:05:00.000000000Z[0m [INFO] TRADER-001.nautilus_trading::strategy: DataActor-140724825183112 <--[EVT] OrderSubmitted(instrument_id=ETHUSDT-PERP.BINANCE, client_order_id=O-20260107-150500-001-140724825183112-23, account_id=BINANCE-001, ts_event=1767798300000000000)[0m
[1m2026-01-07T15:05:00.000000000Z[0m [INFO] TRADER-001.nautilus_trading::strategy: DataActor-140724825183112 <--[EVT] OrderSubmitted(instrument_id=ETHUSDT-PERP.BINANCE, client_order_id=O-20260107-150500-001-140724825183112-24, account_id=BINANCE-001, ts_event=1767798300000000000)[0m
[1m2026-01-07T15:05:00.000000000Z[0m [INFO] TRADER-001.nautilus_portfolio::manager: ETHUSDT-PERP.BINANCE margin_init=0.00000000 USDT[0m
[1m2026-01-07T15:05:00.000000000Z[0m [INFO] TRADER-001.nautilus_trading::strategy: DataActor-140724825183112 <--[EVT] OrderFilled(instrument_id=ETHUSDT-PERP.BINANCE, client_order_id=O-20260107-150500-001-140724825183112-22, venue_order_id=BINANCE-2-7, account_id=BINANCE-001, trade_id=T-1b77df89804bf8ac-62841, position_id=P-20260107-150500-001-140724825183112-7, order_side=SELL, order_type=MARKET, last_qty=82.442, last_px=3_168.37 USDT, commission=156.72405572 USDT, liquidity_side=TAKER, ts_event=1767798300000000000)[0m
[1m2026-01-07T15:05:00.000000000Z[0m [INFO] TRADER-001.nautilus_portfolio::portfolio: ETHUSDT-PERP.BINANCE net_position=-82.442[0m
[1m2026-01-07T15:05:00.000000000Z[0m [INFO] TRADER-001.nautilus_portfolio::manager: ETHUSDT-PERP.BINANCE margin_maint=1044.82703816 USDT[0m
[1m2026-01-07T15:05:00.000000000Z[0m [INFO] TRADER-001.nautilus_portfolio::portfolio: Updated AccountState(account_id=BINANCE-001, account_type=MARGIN, base_currency=USDT, is_reported=false, balances=[AccountBalance(total=108545.98208109 USDT, locked=1044.82703816 USDT, free=107501.15504293 USDT)], margins=[MarginBalance(initial=0.00000000 USDT, maintenance=1044.82703816 USDT, instrument_id=ETHUSDT-PERP.BINANCE)], event_id=66cb7351-d577-47cf-b24a-31038538c315)[0m
[1m2026-01-07T15:05:00.000000000Z[0m [INFO] TRADER-001.nautilus_trading::strategy: DataActor-140724825183112 <--[EVT] PositionOpened(PositionOpened { trader_id: "TRADER-001", strategy_id: "DataActor-140724825183112", instrument_id: "ETHUSDT-PERP.BINANCE", position_id: "P-20260107-150500-001-140724825183112-7", account_id: "BINANCE-001", opening_order_id: "O-20260107-150500-001-140724825183112-22", entry: Sell, side: Short, signed_qty: -82.442, quantity: Quantity(82.442), last_qty: Quantity(82.442), last_px: Price(3168.37), currency: Currency(code='USDT', precision=8, iso4217=0, name='Tether', currency_type=CRYPTO), avg_px_open: 3168.37, event_id: UUID4(b77b1b59-08e0-4390-bb55-c5a919ae0ccd), ts_event: UnixNanos(1767798300000000000), ts_init: UnixNanos(1767798300000000000) })[0m
[1m2026-01-07T15:05:00.000000000Z[0m [INFO] TRADER-001.nautilus_portfolio::manager: ETHUSDT-PERP.BINANCE margin_init=0.00000000 USDT[0m
[1m2026-01-07T15:05:00.000000000Z[0m [INFO] TRADER-001.nautilus_portfolio::portfolio: Updated AccountState(account_id=BINANCE-001, account_type=MARGIN, base_currency=USDT, is_reported=false, balances=[AccountBalance(total=108545.98208109 USDT, locked=1044.82703816 USDT, free=107501.15504293 USDT)], margins=[MarginBalance(initial=0.00000000 USDT, maintenance=1044.82703816 USDT, instrument_id=ETHUSDT-PERP.BINANCE)], event_id=2f6750c9-7972-4c06-a770-fe83e177c3da)[0m
[1m2026-01-07T15:05:00.000000000Z[0m [INFO] TRADER-001.nautilus_trading::strategy: DataActor-140724825183112 <--[EVT] OrderAccepted(instrument_id=ETHUSDT-PERP.BINANCE, client_order_id=O-20260107-150500-001-140724825183112-23, venue_order_id=BINANCE-2-8, account_id=BINANCE-001, ts_event=1767798300000000000)[0m
[1m2026-01-07T15:05:00.000000000Z[0m [INFO] TRADER-001.nautilus_portfolio::manager: ETHUSDT-PERP.BINANCE margin_init=0.00000000 USDT[0m
[1m2026-01-07T15:05:00.000000000Z[0m [INFO] TRADER-001.nautilus_portfolio::portfolio: Updated AccountState(account_id=BINANCE-001, account_type=MARGIN, base_currency=USDT, is_reported=false, balances=[AccountBalance(total=108545.98208109 USDT, locked=1044.82703816 USDT, free=107501.15504293 USDT)], margins=[MarginBalance(initial=0.00000000 USDT, maintenance=1044.82703816 USDT, instrument_id=ETHUSDT-PERP.BINANCE)], event_id=a5aea3f1-8559-43ee-b06a-84847cbc318f)[0m
[1m2026-01-07T15:05:00.000000000Z[0m [INFO] TRADER-001.nautilus_trading::strategy: DataActor-140724825183112 <--[EVT] OrderAccepted(instrument_id=ETHUSDT-PERP.BINANCE, client_order_id=O-20260107-150500-001-140724825183112-24, venue_order_id=BINANCE-2-9, account_id=BINANCE-001, ts_event=1767798300000000000)[0m
[1m2026-01-07T15:05:00.000000000Z[0m [1;33m[WARN] TRADER-001.nautilus_common::cache: Cannot calculate unrealized PnL for P-20260107-150500-001-140724825183112-7, no quotes for ETHUSDT-PERP.BINANCE[0m
[1m2026-01-07T15:05:10.000000000Z[0m [1;33m[WARN] TRADER-001.nautilus_common::cache: Cannot calculate unrealized PnL for P-20260107-150500-001-140724825183112-7, no quotes for ETHUSDT-PERP.BINANCE[0m
[1m2026-01-07T15:05:20.000000000Z[0m [1;33m[WARN] TRADER-001.nautilus_common::cache: Cannot calculate unrealized PnL for P-20260107-150500-001-140724825183112-7, no quotes for ETHUSDT-PERP.BINANCE[0m
[1m2026-01-07T15:05:30.000000000Z[0m [1;33m[WARN] TRADER-001.nautilus_common::cache: Cannot calculate unrealized PnL for P-20260107-150500-001-140724825183112-7, no quotes for ETHUSDT-PERP.BINANCE[0m
[1m2026-01-07T15:05:40.000000000Z[0m [1;33m[WARN] TRADER-001.nautilus_common::cache: Cannot calculate unrealized PnL for P-20260107-150500-001-140724825183112-7, no quotes for ETHUSDT-PERP.BINANCE[0m
[1m2026-01-07T15:05:50.000000000Z[0m [1;33m[WARN] TRADER-001.nautilus_common::cache: Cannot calculate unrealized PnL for P-20260107-150500-001-140724825183112-7, no quotes for ETHUSDT-PERP.BINANCE[0m
[1m2026-01-07T15:05:59.999000000Z[0m [1;33m[WARN] TRADER-001.nautilus_common::cache: Cannot calculate unrealized PnL for P-20260107-150500-001-140724825183112-7, no quotes for ETHUSDT-PERP.BINANCE[0m
[1m2026-01-07T15:06:00.000000000Z[0m [1;33m[WARN] TRADER-001.nautilus_common::cache: Cannot calculate unrealized PnL for P-20260107-150500-001-140724825183112-7, no quotes for ETHUSDT-PERP.BINANCE[0m
[1m2026-01-07T15:06:10.000000000Z[0m [1;33m[WARN] TRADER-001.nautilus_common::cache: Cannot calculate unrealized PnL for P-20260107-150500-001-140724825183112-7, no quotes for ETHUSDT-PERP.BINANCE[0m
[1m2026-01-07T15:06:20.000000000Z[0m [1;33m[WARN] TRADER-001.nautilus_common::cache: Cannot calculate unrealized PnL for P-20260107-150500-001-140724825183112-7, no quotes for ETHUSDT-PERP.BINANCE[0m
[1m2026-01-07T15:06:30.000000000Z[0m [1;33m[WARN] TRADER-001.nautilus_common::cache: Cannot calculate unrealized PnL for P-20260107-150500-001-140724825183112-7, no quotes for ETHUSDT-PERP.BINANCE[0m
[1m2026-01-07T15:06:40.000000000Z[0m [1;33m[WARN] TRADER-001.nautilus_common::cache: Cannot calculate unrealized PnL for P-20260107-150500-001-140724825183112-7, no quotes for ETHUSDT-PERP.BINANCE[0m
[1m2026-01-07T15:06:50.000000000Z[0m [1;33m[WARN] TRADER-001.nautilus_common::cache: Cannot calculate unrealized PnL for P-20260107-150500-001-140724825183112-7, no quotes for ETHUSDT-PERP.BINANCE[0m
[1m2026-01-07T15:06:59.999000000Z[0m [1;33m[WARN] TRADER-001.nautilus_common::cache: Cannot calculate unrealized PnL for P-20260107-150500-001-140724825183112-7, no quotes for ETHUSDT-PERP.BINANCE[0m
[1m2026-01-07T15:07:00.000000000Z[0m [1;33m[WARN] TRADER-001.nautilus_common::cache: Cannot calculate unrealized PnL for P-20260107-150500-001-140724825183112-7, no quotes for ETHUSDT-PERP.BINANCE[0m
[1m2026-01-07T15:07:10.000000000Z[0m [1;33m[WARN] TRADER-001.nautilus_common::cache: Cannot calculate unrealized PnL for P-20260107-150500-001-140724825183112-7, no quotes for ETHUSDT-PERP.BINANCE[0m
[1m2026-01-07T15:07:20.000000000Z[0m [1;33m[WARN] TRADER-001.nautilus_common::cache: Cannot calculate unrealized PnL for P-20260107-150500-001-140724825183112-7, no quotes for ETHUSDT-PERP.BINANCE[0m
[1m2026-01-07T15:07:30.000000000Z[0m [1;33m[WARN] TRADER-001.nautilus_common::cache: Cannot calculate unrealized PnL for P-20260107-150500-001-140724825183112-7, no quotes for ETHUSDT-PERP.BINANCE[0m
[1m2026-01-07T15:07:40.000000000Z[0m [1;33m[WARN] TRADER-001.nautilus_common::cache: Cannot calculate unrealized PnL for P-20260107-150500-001-140724825183112-7, no quotes for ETHUSDT-PERP.BINANCE[0m
[1m2026-01-07T15:07:50.000000000Z[0m [1;33m[WARN] TRADER-001.nautilus_common::cache: Cannot calculate unrealized PnL for P-20260107-150500-001-140724825183112-7, no quotes for ETHUSDT-PERP.BINANCE[0m
[1m2026-01-07T15:07:59.999000000Z[0m [1;33m[WARN] TRADER-001.nautilus_common::cache: Cannot calculate unrealized PnL for P-20260107-150500-001-140724825183112-7, no quotes for ETHUSDT-PERP.BINANCE[0m
[1m2026-01-07T15:08:00.000000000Z[0m [1;33m[WARN] TRADER-001.nautilus_common::cache: Cannot calculate unrealized PnL for P-20260107-150500-001-140724825183112-7, no quotes for ETHUSDT-PERP.BINANCE[0m
[1m2026-01-07T15:08:10.000000000Z[0m [1;33m[WARN] TRADER-001.nautilus_common::cache: Cannot calculate unrealized PnL for P-20260107-150500-001-140724825183112-7, no quotes for ETHUSDT-PERP.BINANCE[0m
[1m2026-01-07T15:08:20.000000000Z[0m [1;33m[WARN] TRADER-001.nautilus_common::cache: Cannot calculate unrealized PnL for P-20260107-150500-001-140724825183112-7, no quotes for ETHUSDT-PERP.BINANCE[0m
[1m2026-01-07T15:08:30.000000000Z[0m [1;33m[WARN] TRADER-001.nautilus_common::cache: Cannot calculate unrealized PnL for P-20260107-150500-001-140724825183112-7, no quotes for ETHUSDT-PERP.BINANCE[0m
[1m2026-01-07T15:08:40.000000000Z[0m [1;33m[WARN] TRADER-001.nautilus_common::cache: Cannot calculate unrealized PnL for P-20260107-150500-001-140724825183112-7, no quotes for ETHUSDT-PERP.BINANCE[0m
[1m2026-01-07T15:08:50.000000000Z[0m [1;33m[WARN] TRADER-001.nautilus_common::cache: Cannot calculate unrealized PnL for P-20260107-150500-001-140724825183112-7, no quotes for ETHUSDT-PERP.BINANCE[0m
[1m2026-01-07T15:08:59.999000000Z[0m [1;33m[WARN] TRADER-001.nautilus_common::cache: Cannot calculate unrealized PnL for P-20260107-150500-001-140724825183112-7, no quotes for ETHUSDT-PERP.BINANCE[0m
[1m2026-01-07T15:09:00.000000000Z[0m [1;33m[WARN] TRADER-001.nautilus_common::cache: Cannot calculate unrealized PnL for P-20260107-150500-001-140724825183112-7, no quotes for ETHUSDT-PERP.BINANCE[0m
[1m2026-01-07T15:09:10.000000000Z[0m [1;33m[WARN] TRADER-001.nautilus_common::cache: Cannot calculate unrealized PnL for P-20260107-150500-001-140724825183112-7, no quotes for ETHUSDT-PERP.BINANCE[0m
[1m2026-01-07T15:09:20.000000000Z[0m [1;33m[WARN] TRADER-001.nautilus_common::cache: Cannot calculate unrealized PnL for P-20260107-150500-001-140724825183112-7, no quotes for ETHUSDT-PERP.BINANCE[0m
[1m2026-01-07T15:09:30.000000000Z[0m [1;33m[WARN] TRADER-001.nautilus_common::cache: Cannot calculate unrealized PnL for P-20260107-150500-001-140724825183112-7, no quotes for ETHUSDT-PERP.BINANCE[0m
[1m2026-01-07T15:09:40.000000000Z[0m [1;33m[WARN] TRADER-001.nautilus_common::cache: Cannot calculate unrealized PnL for P-20260107-150500-001-140724825183112-7, no quotes for ETHUSDT-PERP.BINANCE[0m
[1m2026-01-07T15:09:50.000000000Z[0m [1;33m[WARN] TRADER-001.nautilus_common::cache: Cannot calculate unrealized PnL for P-20260107-150500-001-140724825183112-7, no quotes for ETHUSDT-PERP.BINANCE[0m
[1m2026-01-07T15:09:59.999000000Z[0m [1;33m[WARN] TRADER-001.nautilus_common::cache: Cannot calculate unrealized PnL for P-20260107-150500-001-140724825183112-7, no quotes for ETHUSDT-PERP.BINANCE[0m
[1m2026-01-07T15:10:00.000000000Z[0m [1;33m[WARN] TRADER-001.nautilus_common::cache: Cannot calculate unrealized PnL for P-20260107-150500-001-140724825183112-7, no quotes for ETHUSDT-PERP.BINANCE[0m
[1m2026-01-07T15:10:10.000000000Z[0m [1;33m[WARN] TRADER-001.nautilus_common::cache: Cannot calculate unrealized PnL for P-20260107-150500-001-140724825183112-7, no quotes for ETHUSDT-PERP.BINANCE[0m
[1m2026-01-07T15:10:20.000000000Z[0m [1;33m[WARN] TRADER-001.nautilus_common::cache: Cannot calculate unrealized PnL for P-20260107-150500-001-140724825183112-7, no quotes for ETHUSDT-PERP.BINANCE[0m
[1m2026-01-07T15:10:30.000000000Z[0m [1;33m[WARN] TRADER-001.nautilus_common::cache: Cannot calculate unrealized PnL for P-20260107-150500-001-140724825183112-7, no quotes for ETHUSDT-PERP.BINANCE[0m
[1m2026-01-07T15:10:40.000000000Z[0m [1;33m[WARN] TRADER-001.nautilus_common::cache: Cannot calculate unrealized PnL for P-20260107-150500-001-140724825183112-7, no quotes for ETHUSDT-PERP.BINANCE[0m
[1m2026-01-07T15:10:50.000000000Z[0m [1;33m[WARN] TRADER-001.nautilus_common::cache: Cannot calculate unrealized PnL for P-20260107-150500-001-140724825183112-7, no quotes for ETHUSDT-PERP.BINANCE[0m
[1m2026-01-07T15:10:59.999000000Z[0m [1;33m[WARN] TRADER-001.nautilus_common::cache: Cannot calculate unrealized PnL for P-20260107-150500-001-140724825183112-7, no quotes for ETHUSDT-PERP.BINANCE[0m
[1m2026-01-07T15:11:00.000000000Z[0m [1;33m[WARN] TRADER-001.nautilus_common::cache: Cannot calculate unrealized PnL for P-20260107-150500-001-140724825183112-7, no quotes for ETHUSDT-PERP.BINANCE[0m
[1m2026-01-07T15:11:10.000000000Z[0m [1;33m[WARN] TRADER-001.nautilus_common::cache: Cannot calculate unrealized PnL for P-20260107-150500-001-140724825183112-7, no quotes for ETHUSDT-PERP.BINANCE[0m
[1m2026-01-07T15:11:20.000000000Z[0m [1;33m[WARN] TRADER-001.nautilus_common::cache: Cannot calculate unrealized PnL for P-20260107-150500-001-140724825183112-7, no quotes for ETHUSDT-PERP.BINANCE[0m
[1m2026-01-07T15:11:30.000000000Z[0m [1;33m[WARN] TRADER-001.nautilus_common::cache: Cannot calculate unrealized PnL for P-20260107-150500-001-140724825183112-7, no quotes for ETHUSDT-PERP.BINANCE[0m
[1m2026-01-07T15:11:40.000000000Z[0m [1;33m[WARN] TRADER-001.nautilus_common::cache: Cannot calculate unrealized PnL for P-20260107-150500-001-140724825183112-7, no quotes for ETHUSDT-PERP.BINANCE[0m
[1m2026-01-07T15:11:50.000000000Z[0m [1;33m[WARN] TRADER-001.nautilus_common::cache: Cannot calculate unrealized PnL for P-20260107-150500-001-140724825183112-7, no quotes for ETHUSDT-PERP.BINANCE[0m
[1m2026-01-07T15:11:59.999000000Z[0m [1;33m[WARN] TRADER-001.nautilus_common::cache: Cannot calculate unrealized PnL for P-20260107-150500-001-140724825183112-7, no quotes for ETHUSDT-PERP.BINANCE[0m
[1m2026-01-07T15:12:00.000000000Z[0m [1;33m[WARN] TRADER-001.nautilus_common::cache: Cannot calculate unrealized PnL for P-20260107-150500-001-140724825183112-7, no quotes for ETHUSDT-PERP.BINANCE[0m
[1m2026-01-07T15:12:10.000000000Z[0m [1;33m[WARN] TRADER-001.nautilus_common::cache: Cannot calculate unrealized PnL for P-20260107-150500-001-140724825183112-7, no quotes for ETHUSDT-PERP.BINANCE[0m
[1m2026-01-07T15:12:20.000000000Z[0m [1;33m[WARN] TRADER-001.nautilus_common::cache: Cannot calculate unrealized PnL for P-20260107-150500-001-140724825183112-7, no quotes for ETHUSDT-PERP.BINANCE[0m
[1m2026-01-07T15:12:30.000000000Z[0m [1;33m[WARN] TRADER-001.nautilus_common::cache: Cannot calculate unrealized PnL for P-20260107-150500-001-140724825183112-7, no quotes for ETHUSDT-PERP.BINANCE[0m
[1m2026-01-07T15:12:40.000000000Z[0m [1;33m[WARN] TRADER-001.nautilus_common::cache: Cannot calculate unrealized PnL for P-20260107-150500-001-140724825183112-7, no quotes for ETHUSDT-PERP.BINANCE[0m
[1m2026-01-07T15:12:50.000000000Z[0m [1;33m[WARN] TRADER-001.nautilus_common::cache: Cannot calculate unrealized PnL for P-20260107-150500-001-140724825183112-7, no quotes for ETHUSDT-PERP.BINANCE[0m
[1m2026-01-07T15:12:59.999000000Z[0m [1;33m[WARN] TRADER-001.nautilus_common::cache: Cannot calculate unrealized PnL for P-20260107-150500-001-140724825183112-7, no quotes for ETHUSDT-PERP.BINANCE[0m
[1m2026-01-07T15:13:00.000000000Z[0m [1;33m[WARN] TRADER-001.nautilus_common::cache: Cannot calculate unrealized PnL for P-20260107-150500-001-140724825183112-7, no quotes for ETHUSDT-PERP.BINANCE[0m
[1m2026-01-07T15:13:10.000000000Z[0m [1;33m[WARN] TRADER-001.nautilus_common::cache: Cannot calculate unrealized PnL for P-20260107-150500-001-140724825183112-7, no quotes for ETHUSDT-PERP.BINANCE[0m
[1m2026-01-07T15:13:20.000000000Z[0m [1;33m[WARN] TRADER-001.nautilus_common::cache: Cannot calculate unrealized PnL for P-20260107-150500-001-140724825183112-7, no quotes for ETHUSDT-PERP.BINANCE[0m
[1m2026-01-07T15:13:30.000000000Z[0m [1;33m[WARN] TRADER-001.nautilus_common::cache: Cannot calculate unrealized PnL for P-20260107-150500-001-140724825183112-7, no quotes for ETHUSDT-PERP.BINANCE[0m
[1m2026-01-07T15:13:40.000000000Z[0m [1;33m[WARN] TRADER-001.nautilus_common::cache: Cannot calculate unrealized PnL for P-20260107-150500-001-140724825183112-7, no quotes for ETHUSDT-PERP.BINANCE[0m
[1m2026-01-07T15:13:50.000000000Z[0m [1;33m[WARN] TRADER-001.nautilus_common::cache: Cannot calculate unrealized PnL for P-20260107-150500-001-140724825183112-7, no quotes for ETHUSDT-PERP.BINANCE[0m
[1m2026-01-07T15:13:59.999000000Z[0m [1;33m[WARN] TRADER-001.nautilus_common::cache: Cannot calculate unrealized PnL for P-20260107-150500-001-140724825183112-7, no quotes for ETHUSDT-PERP.BINANCE[0m
[1m2026-01-07T15:14:00.000000000Z[0m [1;33m[WARN] TRADER-001.nautilus_common::cache: Cannot calculate unrealized PnL for P-20260107-150500-001-140724825183112-7, no quotes for ETHUSDT-PERP.BINANCE[0m
[1m2026-01-07T15:14:10.000000000Z[0m [1;33m[WARN] TRADER-001.nautilus_common::cache: Cannot calculate unrealized PnL for P-20260107-150500-001-140724825183112-7, no quotes for ETHUSDT-PERP.BINANCE[0m
[1m2026-01-07T15:14:20.000000000Z[0m [1;33m[WARN] TRADER-001.nautilus_common::cache: Cannot calculate unrealized PnL for P-20260107-150500-001-140724825183112-7, no quotes for ETHUSDT-PERP.BINANCE[0m
[1m2026-01-07T15:14:30.000000000Z[0m [1;33m[WARN] TRADER-001.nautilus_common::cache: Cannot calculate unrealized PnL for P-20260107-150500-001-140724825183112-7, no quotes for ETHUSDT-PERP.BINANCE[0m
[1m2026-01-07T15:14:40.000000000Z[0m [1;33m[WARN] TRADER-001.nautilus_common::cache: Cannot calculate unrealized PnL for P-20260107-150500-001-140724825183112-7, no quotes for ETHUSDT-PERP.BINANCE[0m
[1m2026-01-07T15:14:50.000000000Z[0m [1;33m[WARN] TRADER-001.nautilus_common::cache: Cannot calculate unrealized PnL for P-20260107-150500-001-140724825183112-7, no quotes for ETHUSDT-PERP.BINANCE[0m
[1m2026-01-07T15:14:59.999000000Z[0m [1;33m[WARN] TRADER-001.nautilus_common::cache: Cannot calculate unrealized PnL for P-20260107-150500-001-140724825183112-7, no quotes for ETHUSDT-PERP.BINANCE[0m
[1m2026-01-07T15:15:00.000000000Z[0m [1;33m[WARN] TRADER-001.nautilus_common::cache: Cannot calculate unrealized PnL for P-20260107-150500-001-140724825183112-7, no quotes for ETHUSDT-PERP.BINANCE[0m
[1m2026-01-07T15:15:10.000000000Z[0m [1;33m[WARN] TRADER-001.nautilus_common::cache: Cannot calculate unrealized PnL for P-20260107-150500-001-140724825183112-7, no quotes for ETHUSDT-PERP.BINANCE[0m
[1m2026-01-07T15:15:20.000000000Z[0m [1;33m[WARN] TRADER-001.nautilus_common::cache: Cannot calculate unrealized PnL for P-20260107-150500-001-140724825183112-7, no quotes for ETHUSDT-PERP.BINANCE[0m
[1m2026-01-07T15:15:30.000000000Z[0m [1;33m[WARN] TRADER-001.nautilus_common::cache: Cannot calculate unrealized PnL for P-20260107-150500-001-140724825183112-7, no quotes for ETHUSDT-PERP.BINANCE[0m
[1m2026-01-07T15:15:40.000000000Z[0m [1;33m[WARN] TRADER-001.nautilus_common::cache: Cannot calculate unrealized PnL for P-20260107-150500-001-140724825183112-7, no quotes for ETHUSDT-PERP.BINANCE[0m
[1m2026-01-07T15:15:50.000000000Z[0m [1;33m[WARN] TRADER-001.nautilus_common::cache: Cannot calculate unrealized PnL for P-20260107-150500-001-140724825183112-7, no quotes for ETHUSDT-PERP.BINANCE[0m
[1m2026-01-07T15:15:59.999000000Z[0m [1;33m[WARN] TRADER-001.nautilus_common::cache: Cannot calculate unrealized PnL for P-20260107-150500-001-140724825183112-7, no quotes for ETHUSDT-PERP.BINANCE[0m
[1m2026-01-07T15:16:00.000000000Z[0m [1;33m[WARN] TRADER-001.nautilus_common::cache: Cannot calculate unrealized PnL for P-20260107-150500-001-140724825183112-7, no quotes for ETHUSDT-PERP.BINANCE[0m
[1m2026-01-07T15:16:10.000000000Z[0m [1;33m[WARN] TRADER-001.nautilus_common::cache: Cannot calculate unrealized PnL for P-20260107-150500-001-140724825183112-7, no quotes for ETHUSDT-PERP.BINANCE[0m
[1m2026-01-07T15:16:20.000000000Z[0m [1;33m[WARN] TRADER-001.nautilus_common::cache: Cannot calculate unrealized PnL for P-20260107-150500-001-140724825183112-7, no quotes for ETHUSDT-PERP.BINANCE[0m
[1m2026-01-07T15:16:30.000000000Z[0m [1;33m[WARN] TRADER-001.nautilus_common::cache: Cannot calculate unrealized PnL for P-20260107-150500-001-140724825183112-7, no quotes for ETHUSDT-PERP.BINANCE[0m
[1m2026-01-07T15:16:40.000000000Z[0m [1;33m[WARN] TRADER-001.nautilus_common::cache: Cannot calculate unrealized PnL for P-20260107-150500-001-140724825183112-7, no quotes for ETHUSDT-PERP.BINANCE[0m
[1m2026-01-07T15:16:50.000000000Z[0m [1;33m[WARN] TRADER-001.nautilus_common::cache: Cannot calculate unrealized PnL for P-20260107-150500-001-140724825183112-7, no quotes for ETHUSDT-PERP.BINANCE[0m
[1m2026-01-07T15:16:59.999000000Z[0m [1;33m[WARN] TRADER-001.nautilus_common::cache: Cannot calculate unrealized PnL for P-20260107-150500-001-140724825183112-7, no quotes for ETHUSDT-PERP.BINANCE[0m
[1m2026-01-07T15:17:00.000000000Z[0m [1;33m[WARN] TRADER-001.nautilus_common::cache: Cannot calculate unrealized PnL for P-20260107-150500-001-140724825183112-7, no quotes for ETHUSDT-PERP.BINANCE[0m
[1m2026-01-07T15:17:10.000000000Z[0m [1;33m[WARN] TRADER-001.nautilus_common::cache: Cannot calculate unrealized PnL for P-20260107-150500-001-140724825183112-7, no quotes for ETHUSDT-PERP.BINANCE[0m
[1m2026-01-07T15:17:20.000000000Z[0m [1;33m[WARN] TRADER-001.nautilus_common::cache: Cannot calculate unrealized PnL for P-20260107-150500-001-140724825183112-7, no quotes for ETHUSDT-PERP.BINANCE[0m
[1m2026-01-07T15:17:30.000000000Z[0m [1;33m[WARN] TRADER-001.nautilus_common::cache: Cannot calculate unrealized PnL for P-20260107-150500-001-140724825183112-7, no quotes for ETHUSDT-PERP.BINANCE[0m
[1m2026-01-07T15:17:40.000000000Z[0m [1;33m[WARN] TRADER-001.nautilus_common::cache: Cannot calculate unrealized PnL for P-20260107-150500-001-140724825183112-7, no quotes for ETHUSDT-PERP.BINANCE[0m
[1m2026-01-07T15:17:50.000000000Z[0m [1;33m[WARN] TRADER-001.nautilus_common::cache: Cannot calculate unrealized PnL for P-20260107-150500-001-140724825183112-7, no quotes for ETHUSDT-PERP.BINANCE[0m
[1m2026-01-07T15:17:59.999000000Z[0m [1;33m[WARN] TRADER-001.nautilus_common::cache: Cannot calculate unrealized PnL for P-20260107-150500-001-140724825183112-7, no quotes for ETHUSDT-PERP.BINANCE[0m
[1m2026-01-07T15:18:00.000000000Z[0m [1;33m[WARN] TRADER-001.nautilus_common::cache: Cannot calculate unrealized PnL for P-20260107-150500-001-140724825183112-7, no quotes for ETHUSDT-PERP.BINANCE[0m
[1m2026-01-07T15:18:10.000000000Z[0m [1;33m[WARN] TRADER-001.nautilus_common::cache: Cannot calculate unrealized PnL for P-20260107-150500-001-140724825183112-7, no quotes for ETHUSDT-PERP.BINANCE[0m
[1m2026-01-07T15:18:20.000000000Z[0m [1;33m[WARN] TRADER-001.nautilus_common::cache: Cannot calculate unrealized PnL for P-20260107-150500-001-140724825183112-7, no quotes for ETHUSDT-PERP.BINANCE[0m
[1m2026-01-07T15:18:30.000000000Z[0m [1;33m[WARN] TRADER-001.nautilus_common::cache: Cannot calculate unrealized PnL for P-20260107-150500-001-140724825183112-7, no quotes for ETHUSDT-PERP.BINANCE[0m
[1m2026-01-07T15:18:40.000000000Z[0m [1;33m[WARN] TRADER-001.nautilus_common::cache: Cannot calculate unrealized PnL for P-20260107-150500-001-140724825183112-7, no quotes for ETHUSDT-PERP.BINANCE[0m
[1m2026-01-07T15:18:50.000000000Z[0m [1;33m[WARN] TRADER-001.nautilus_common::cache: Cannot calculate unrealized PnL for P-20260107-150500-001-140724825183112-7, no quotes for ETHUSDT-PERP.BINANCE[0m
[1m2026-01-07T15:18:59.999000000Z[0m [1;33m[WARN] TRADER-001.nautilus_common::cache: Cannot calculate unrealized PnL for P-20260107-150500-001-140724825183112-7, no quotes for ETHUSDT-PERP.BINANCE[0m
[1m2026-01-07T15:19:00.000000000Z[0m [1;33m[WARN] TRADER-001.nautilus_common::cache: Cannot calculate unrealized PnL for P-20260107-150500-001-140724825183112-7, no quotes for ETHUSDT-PERP.BINANCE[0m
[1m2026-01-07T15:19:10.000000000Z[0m [1;33m[WARN] TRADER-001.nautilus_common::cache: Cannot calculate unrealized PnL for P-20260107-150500-001-140724825183112-7, no quotes for ETHUSDT-PERP.BINANCE[0m
[1m2026-01-07T15:19:20.000000000Z[0m [1;33m[WARN] TRADER-001.nautilus_common::cache: Cannot calculate unrealized PnL for P-20260107-150500-001-140724825183112-7, no quotes for ETHUSDT-PERP.BINANCE[0m
[1m2026-01-07T15:19:30.000000000Z[0m [1;33m[WARN] TRADER-001.nautilus_common::cache: Cannot calculate unrealized PnL for P-20260107-150500-001-140724825183112-7, no quotes for ETHUSDT-PERP.BINANCE[0m
[1m2026-01-07T15:19:40.000000000Z[0m [1;33m[WARN] TRADER-001.nautilus_common::cache: Cannot calculate unrealized PnL for P-20260107-150500-001-140724825183112-7, no quotes for ETHUSDT-PERP.BINANCE[0m
[1m2026-01-07T15:19:50.000000000Z[0m [1;33m[WARN] TRADER-001.nautilus_common::cache: Cannot calculate unrealized PnL for P-20260107-150500-001-140724825183112-7, no quotes for ETHUSDT-PERP.BINANCE[0m
[1m2026-01-07T15:19:59.999000000Z[0m [1;33m[WARN] TRADER-001.nautilus_common::cache: Cannot calculate unrealized PnL for P-20260107-150500-001-140724825183112-7, no quotes for ETHUSDT-PERP.BINANCE[0m
[1m2026-01-07T15:20:00.000000000Z[0m [1;33m[WARN] TRADER-001.nautilus_common::cache: Cannot calculate unrealized PnL for P-20260107-150500-001-140724825183112-7, no quotes for ETHUSDT-PERP.BINANCE[0m
[1m2026-01-07T15:20:10.000000000Z[0m [1;33m[WARN] TRADER-001.nautilus_common::cache: Cannot calculate unrealized PnL for P-20260107-150500-001-140724825183112-7, no quotes for ETHUSDT-PERP.BINANCE[0m
[1m2026-01-07T15:20:20.000000000Z[0m [1;33m[WARN] TRADER-001.nautilus_common::cache: Cannot calculate unrealized PnL for P-20260107-150500-001-140724825183112-7, no quotes for ETHUSDT-PERP.BINANCE[0m
[1m2026-01-07T15:20:30.000000000Z[0m [1;33m[WARN] TRADER-001.nautilus_common::cache: Cannot calculate unrealized PnL for P-20260107-150500-001-140724825183112-7, no quotes for ETHUSDT-PERP.BINANCE[0m
[1m2026-01-07T15:20:40.000000000Z[0m [1;33m[WARN] TRADER-001.nautilus_common::cache: Cannot calculate unrealized PnL for P-20260107-150500-001-140724825183112-7, no quotes for ETHUSDT-PERP.BINANCE[0m
[1m2026-01-07T15:20:50.000000000Z[0m [1;33m[WARN] TRADER-001.nautilus_common::cache: Cannot calculate unrealized PnL for P-20260107-150500-001-140724825183112-7, no quotes for ETHUSDT-PERP.BINANCE[0m
[1m2026-01-07T15:20:59.999000000Z[0m [1;33m[WARN] TRADER-001.nautilus_common::cache: Cannot calculate unrealized PnL for P-20260107-150500-001-140724825183112-7, no quotes for ETHUSDT-PERP.BINANCE[0m
[1m2026-01-07T15:21:00.000000000Z[0m [1;33m[WARN] TRADER-001.nautilus_common::cache: Cannot calculate unrealized PnL for P-20260107-150500-001-140724825183112-7, no quotes for ETHUSDT-PERP.BINANCE[0m
[1m2026-01-07T15:21:10.000000000Z[0m [1;33m[WARN] TRADER-001.nautilus_common::cache: Cannot calculate unrealized PnL for P-20260107-150500-001-140724825183112-7, no quotes for ETHUSDT-PERP.BINANCE[0m
[1m2026-01-07T15:21:20.000000000Z[0m [1;33m[WARN] TRADER-001.nautilus_common::cache: Cannot calculate unrealized PnL for P-20260107-150500-001-140724825183112-7, no quotes for ETHUSDT-PERP.BINANCE[0m
[1m2026-01-07T15:21:30.000000000Z[0m [1;33m[WARN] TRADER-001.nautilus_common::cache: Cannot calculate unrealized PnL for P-20260107-150500-001-140724825183112-7, no quotes for ETHUSDT-PERP.BINANCE[0m
[1m2026-01-07T15:21:40.000000000Z[0m [1;33m[WARN] TRADER-001.nautilus_common::cache: Cannot calculate unrealized PnL for P-20260107-150500-001-140724825183112-7, no quotes for ETHUSDT-PERP.BINANCE[0m
[1m2026-01-07T15:21:50.000000000Z[0m [1;33m[WARN] TRADER-001.nautilus_common::cache: Cannot calculate unrealized PnL for P-20260107-150500-001-140724825183112-7, no quotes for ETHUSDT-PERP.BINANCE[0m
[1m2026-01-07T15:21:59.999000000Z[0m [1;33m[WARN] TRADER-001.nautilus_common::cache: Cannot calculate unrealized PnL for P-20260107-150500-001-140724825183112-7, no quotes for ETHUSDT-PERP.BINANCE[0m
[1m2026-01-07T15:22:00.000000000Z[0m [1;33m[WARN] TRADER-001.nautilus_common::cache: Cannot calculate unrealized PnL for P-20260107-150500-001-140724825183112-7, no quotes for ETHUSDT-PERP.BINANCE[0m
[1m2026-01-07T15:22:10.000000000Z[0m [1;33m[WARN] TRADER-001.nautilus_common::cache: Cannot calculate unrealized PnL for P-20260107-150500-001-140724825183112-7, no quotes for ETHUSDT-PERP.BINANCE[0m
[1m2026-01-07T15:22:20.000000000Z[0m [1;33m[WARN] TRADER-001.nautilus_common::cache: Cannot calculate unrealized PnL for P-20260107-150500-001-140724825183112-7, no quotes for ETHUSDT-PERP.BINANCE[0m
[1m2026-01-07T15:22:30.000000000Z[0m [1;33m[WARN] TRADER-001.nautilus_common::cache: Cannot calculate unrealized PnL for P-20260107-150500-001-140724825183112-7, no quotes for ETHUSDT-PERP.BINANCE[0m
[1m2026-01-07T15:22:40.000000000Z[0m [1;33m[WARN] TRADER-001.nautilus_common::cache: Cannot calculate unrealized PnL for P-20260107-150500-001-140724825183112-7, no quotes for ETHUSDT-PERP.BINANCE[0m
[1m2026-01-07T15:22:50.000000000Z[0m [1;33m[WARN] TRADER-001.nautilus_common::cache: Cannot calculate unrealized PnL for P-20260107-150500-001-140724825183112-7, no quotes for ETHUSDT-PERP.BINANCE[0m
[1m2026-01-07T15:22:59.999000000Z[0m [1;33m[WARN] TRADER-001.nautilus_common::cache: Cannot calculate unrealized PnL for P-20260107-150500-001-140724825183112-7, no quotes for ETHUSDT-PERP.BINANCE[0m
[1m2026-01-07T15:23:00.000000000Z[0m [1;33m[WARN] TRADER-001.nautilus_common::cache: Cannot calculate unrealized PnL for P-20260107-150500-001-140724825183112-7, no quotes for ETHUSDT-PERP.BINANCE[0m
[1m2026-01-07T15:23:10.000000000Z[0m [1;33m[WARN] TRADER-001.nautilus_common::cache: Cannot calculate unrealized PnL for P-20260107-150500-001-140724825183112-7, no quotes for ETHUSDT-PERP.BINANCE[0m
[1m2026-01-07T15:23:20.000000000Z[0m [1;33m[WARN] TRADER-001.nautilus_common::cache: Cannot calculate unrealized PnL for P-20260107-150500-001-140724825183112-7, no quotes for ETHUSDT-PERP.BINANCE[0m
[1m2026-01-07T15:23:30.000000000Z[0m [1;33m[WARN] TRADER-001.nautilus_common::cache: Cannot calculate unrealized PnL for P-20260107-150500-001-140724825183112-7, no quotes for ETHUSDT-PERP.BINANCE[0m
[1m2026-01-07T15:23:40.000000000Z[0m [1;33m[WARN] TRADER-001.nautilus_common::cache: Cannot calculate unrealized PnL for P-20260107-150500-001-140724825183112-7, no quotes for ETHUSDT-PERP.BINANCE[0m
[1m2026-01-07T15:23:50.000000000Z[0m [1;33m[WARN] TRADER-001.nautilus_common::cache: Cannot calculate unrealized PnL for P-20260107-150500-001-140724825183112-7, no quotes for ETHUSDT-PERP.BINANCE[0m
[1m2026-01-07T15:23:59.999000000Z[0m [1;33m[WARN] TRADER-001.nautilus_common::cache: Cannot calculate unrealized PnL for P-20260107-150500-001-140724825183112-7, no quotes for ETHUSDT-PERP.BINANCE[0m
[1m2026-01-07T15:24:00.000000000Z[0m [1;33m[WARN] TRADER-001.nautilus_common::cache: Cannot calculate unrealized PnL for P-20260107-150500-001-140724825183112-7, no quotes for ETHUSDT-PERP.BINANCE[0m
[1m2026-01-07T15:24:10.000000000Z[0m [1;33m[WARN] TRADER-001.nautilus_common::cache: Cannot calculate unrealized PnL for P-20260107-150500-001-140724825183112-7, no quotes for ETHUSDT-PERP.BINANCE[0m
[1m2026-01-07T15:24:20.000000000Z[0m [1;33m[WARN] TRADER-001.nautilus_common::cache: Cannot calculate unrealized PnL for P-20260107-150500-001-140724825183112-7, no quotes for ETHUSDT-PERP.BINANCE[0m
[1m2026-01-07T15:24:30.000000000Z[0m [1;33m[WARN] TRADER-001.nautilus_common::cache: Cannot calculate unrealized PnL for P-20260107-150500-001-140724825183112-7, no quotes for ETHUSDT-PERP.BINANCE[0m
[1m2026-01-07T15:24:40.000000000Z[0m [1;33m[WARN] TRADER-001.nautilus_common::cache: Cannot calculate unrealized PnL for P-20260107-150500-001-140724825183112-7, no quotes for ETHUSDT-PERP.BINANCE[0m
[1m2026-01-07T15:24:50.000000000Z[0m [1;33m[WARN] TRADER-001.nautilus_common::cache: Cannot calculate unrealized PnL for P-20260107-150500-001-140724825183112-7, no quotes for ETHUSDT-PERP.BINANCE[0m
[1m2026-01-07T15:24:59.999000000Z[0m [1;33m[WARN] TRADER-001.nautilus_common::cache: Cannot calculate unrealized PnL for P-20260107-150500-001-140724825183112-7, no quotes for ETHUSDT-PERP.BINANCE[0m
[1m2026-01-07T15:25:00.000000000Z[0m [1;33m[WARN] TRADER-001.nautilus_common::cache: Cannot calculate unrealized PnL for P-20260107-150500-001-140724825183112-7, no quotes for ETHUSDT-PERP.BINANCE[0m
[1m2026-01-07T15:25:10.000000000Z[0m [1;33m[WARN] TRADER-001.nautilus_common::cache: Cannot calculate unrealized PnL for P-20260107-150500-001-140724825183112-7, no quotes for ETHUSDT-PERP.BINANCE[0m
[1m2026-01-07T15:25:20.000000000Z[0m [1;33m[WARN] TRADER-001.nautilus_common::cache: Cannot calculate unrealized PnL for P-20260107-150500-001-140724825183112-7, no quotes for ETHUSDT-PERP.BINANCE[0m
[1m2026-01-07T15:25:30.000000000Z[0m [1;33m[WARN] TRADER-001.nautilus_common::cache: Cannot calculate unrealized PnL for P-20260107-150500-001-140724825183112-7, no quotes for ETHUSDT-PERP.BINANCE[0m
[1m2026-01-07T15:25:40.000000000Z[0m [1;33m[WARN] TRADER-001.nautilus_common::cache: Cannot calculate unrealized PnL for P-20260107-150500-001-140724825183112-7, no quotes for ETHUSDT-PERP.BINANCE[0m
[1m2026-01-07T15:25:50.000000000Z[0m [1;33m[WARN] TRADER-001.nautilus_common::cache: Cannot calculate unrealized PnL for P-20260107-150500-001-140724825183112-7, no quotes for ETHUSDT-PERP.BINANCE[0m
[1m2026-01-07T15:25:59.999000000Z[0m [1;33m[WARN] TRADER-001.nautilus_common::cache: Cannot calculate unrealized PnL for P-20260107-150500-001-140724825183112-7, no quotes for ETHUSDT-PERP.BINANCE[0m
[1m2026-01-07T15:26:00.000000000Z[0m [1;33m[WARN] TRADER-001.nautilus_common::cache: Cannot calculate unrealized PnL for P-20260107-150500-001-140724825183112-7, no quotes for ETHUSDT-PERP.BINANCE[0m
[1m2026-01-07T15:26:10.000000000Z[0m [1;33m[WARN] TRADER-001.nautilus_common::cache: Cannot calculate unrealized PnL for P-20260107-150500-001-140724825183112-7, no quotes for ETHUSDT-PERP.BINANCE[0m
[1m2026-01-07T15:26:20.000000000Z[0m [1;33m[WARN] TRADER-001.nautilus_common::cache: Cannot calculate unrealized PnL for P-20260107-150500-001-140724825183112-7, no quotes for ETHUSDT-PERP.BINANCE[0m
[1m2026-01-07T15:26:30.000000000Z[0m [1;33m[WARN] TRADER-001.nautilus_common::cache: Cannot calculate unrealized PnL for P-20260107-150500-001-140724825183112-7, no quotes for ETHUSDT-PERP.BINANCE[0m
[1m2026-01-07T15:26:40.000000000Z[0m [1;33m[WARN] TRADER-001.nautilus_common::cache: Cannot calculate unrealized PnL for P-20260107-150500-001-140724825183112-7, no quotes for ETHUSDT-PERP.BINANCE[0m
[1m2026-01-07T15:26:50.000000000Z[0m [1;33m[WARN] TRADER-001.nautilus_common::cache: Cannot calculate unrealized PnL for P-20260107-150500-001-140724825183112-7, no quotes for ETHUSDT-PERP.BINANCE[0m
[1m2026-01-07T15:26:59.999000000Z[0m [1;33m[WARN] TRADER-001.nautilus_common::cache: Cannot calculate unrealized PnL for P-20260107-150500-001-140724825183112-7, no quotes for ETHUSDT-PERP.BINANCE[0m
[1m2026-01-07T15:27:00.000000000Z[0m [1;33m[WARN] TRADER-001.nautilus_common::cache: Cannot calculate unrealized PnL for P-20260107-150500-001-140724825183112-7, no quotes for ETHUSDT-PERP.BINANCE[0m
[1m2026-01-07T15:27:10.000000000Z[0m [1;33m[WARN] TRADER-001.nautilus_common::cache: Cannot calculate unrealized PnL for P-20260107-150500-001-140724825183112-7, no quotes for ETHUSDT-PERP.BINANCE[0m
[1m2026-01-07T15:27:20.000000000Z[0m [1;33m[WARN] TRADER-001.nautilus_common::cache: Cannot calculate unrealized PnL for P-20260107-150500-001-140724825183112-7, no quotes for ETHUSDT-PERP.BINANCE[0m
[1m2026-01-07T15:27:30.000000000Z[0m [1;33m[WARN] TRADER-001.nautilus_common::cache: Cannot calculate unrealized PnL for P-20260107-150500-001-140724825183112-7, no quotes for ETHUSDT-PERP.BINANCE[0m
[1m2026-01-07T15:27:40.000000000Z[0m [1;33m[WARN] TRADER-001.nautilus_common::cache: Cannot calculate unrealized PnL for P-20260107-150500-001-140724825183112-7, no quotes for ETHUSDT-PERP.BINANCE[0m
[1m2026-01-07T15:27:50.000000000Z[0m [1;33m[WARN] TRADER-001.nautilus_common::cache: Cannot calculate unrealized PnL for P-20260107-150500-001-140724825183112-7, no quotes for ETHUSDT-PERP.BINANCE[0m
[1m2026-01-07T15:27:59.999000000Z[0m [1;33m[WARN] TRADER-001.nautilus_common::cache: Cannot calculate unrealized PnL for P-20260107-150500-001-140724825183112-7, no quotes for ETHUSDT-PERP.BINANCE[0m
[1m2026-01-07T15:28:00.000000000Z[0m [1;33m[WARN] TRADER-001.nautilus_common::cache: Cannot calculate unrealized PnL for P-20260107-150500-001-140724825183112-7, no quotes for ETHUSDT-PERP.BINANCE[0m
[1m2026-01-07T15:28:10.000000000Z[0m [1;33m[WARN] TRADER-001.nautilus_common::cache: Cannot calculate unrealized PnL for P-20260107-150500-001-140724825183112-7, no quotes for ETHUSDT-PERP.BINANCE[0m
[1m2026-01-07T15:28:20.000000000Z[0m [1;33m[WARN] TRADER-001.nautilus_common::cache: Cannot calculate unrealized PnL for P-20260107-150500-001-140724825183112-7, no quotes for ETHUSDT-PERP.BINANCE[0m
[1m2026-01-07T15:28:30.000000000Z[0m [1;33m[WARN] TRADER-001.nautilus_common::cache: Cannot calculate unrealized PnL for P-20260107-150500-001-140724825183112-7, no quotes for ETHUSDT-PERP.BINANCE[0m
[1m2026-01-07T15:28:40.000000000Z[0m [1;33m[WARN] TRADER-001.nautilus_common::cache: Cannot calculate unrealized PnL for P-20260107-150500-001-140724825183112-7, no quotes for ETHUSDT-PERP.BINANCE[0m
[1m2026-01-07T15:28:50.000000000Z[0m [1;33m[WARN] TRADER-001.nautilus_common::cache: Cannot calculate unrealized PnL for P-20260107-150500-001-140724825183112-7, no quotes for ETHUSDT-PERP.BINANCE[0m
[1m2026-01-07T15:28:59.999000000Z[0m [1;33m[WARN] TRADER-001.nautilus_common::cache: Cannot calculate unrealized PnL for P-20260107-150500-001-140724825183112-7, no quotes for ETHUSDT-PERP.BINANCE[0m
[1m2026-01-07T15:29:00.000000000Z[0m [1;33m[WARN] TRADER-001.nautilus_common::cache: Cannot calculate unrealized PnL for P-20260107-150500-001-140724825183112-7, no quotes for ETHUSDT-PERP.BINANCE[0m
[1m2026-01-07T15:29:10.000000000Z[0m [1;33m[WARN] TRADER-001.nautilus_common::cache: Cannot calculate unrealized PnL for P-20260107-150500-001-140724825183112-7, no quotes for ETHUSDT-PERP.BINANCE[0m
[1m2026-01-07T15:29:20.000000000Z[0m [1;33m[WARN] TRADER-001.nautilus_common::cache: Cannot calculate unrealized PnL for P-20260107-150500-001-140724825183112-7, no quotes for ETHUSDT-PERP.BINANCE[0m
[1m2026-01-07T15:29:30.000000000Z[0m [1;33m[WARN] TRADER-001.nautilus_common::cache: Cannot calculate unrealized PnL for P-20260107-150500-001-140724825183112-7, no quotes for ETHUSDT-PERP.BINANCE[0m
[1m2026-01-07T15:29:40.000000000Z[0m [1;33m[WARN] TRADER-001.nautilus_common::cache: Cannot calculate unrealized PnL for P-20260107-150500-001-140724825183112-7, no quotes for ETHUSDT-PERP.BINANCE[0m
[1m2026-01-07T15:29:50.000000000Z[0m [1;33m[WARN] TRADER-001.nautilus_common::cache: Cannot calculate unrealized PnL for P-20260107-150500-001-140724825183112-7, no quotes for ETHUSDT-PERP.BINANCE[0m
[1m2026-01-07T15:29:59.999000000Z[0m [1;33m[WARN] TRADER-001.nautilus_common::cache: Cannot calculate unrealized PnL for P-20260107-150500-001-140724825183112-7, no quotes for ETHUSDT-PERP.BINANCE[0m
[1m2026-01-07T15:30:00.000000000Z[0m [1;33m[WARN] TRADER-001.nautilus_common::cache: Cannot calculate unrealized PnL for P-20260107-150500-001-140724825183112-7, no quotes for ETHUSDT-PERP.BINANCE[0m
[1m2026-01-07T15:30:10.000000000Z[0m [1;33m[WARN] TRADER-001.nautilus_common::cache: Cannot calculate unrealized PnL for P-20260107-150500-001-140724825183112-7, no quotes for ETHUSDT-PERP.BINANCE[0m
[1m2026-01-07T15:30:20.000000000Z[0m [1;33m[WARN] TRADER-001.nautilus_common::cache: Cannot calculate unrealized PnL for P-20260107-150500-001-140724825183112-7, no quotes for ETHUSDT-PERP.BINANCE[0m
[1m2026-01-07T15:30:30.000000000Z[0m [1;33m[WARN] TRADER-001.nautilus_common::cache: Cannot calculate unrealized PnL for P-20260107-150500-001-140724825183112-7, no quotes for ETHUSDT-PERP.BINANCE[0m
[1m2026-01-07T15:30:40.000000000Z[0m [1;33m[WARN] TRADER-001.nautilus_common::cache: Cannot calculate unrealized PnL for P-20260107-150500-001-140724825183112-7, no quotes for ETHUSDT-PERP.BINANCE[0m
[1m2026-01-07T15:30:50.000000000Z[0m [1;33m[WARN] TRADER-001.nautilus_common::cache: Cannot calculate unrealized PnL for P-20260107-150500-001-140724825183112-7, no quotes for ETHUSDT-PERP.BINANCE[0m
[1m2026-01-07T15:30:59.999000000Z[0m [1;33m[WARN] TRADER-001.nautilus_common::cache: Cannot calculate unrealized PnL for P-20260107-150500-001-140724825183112-7, no quotes for ETHUSDT-PERP.BINANCE[0m
[1m2026-01-07T15:31:00.000000000Z[0m [1;33m[WARN] TRADER-001.nautilus_common::cache: Cannot calculate unrealized PnL for P-20260107-150500-001-140724825183112-7, no quotes for ETHUSDT-PERP.BINANCE[0m
[1m2026-01-07T15:31:10.000000000Z[0m [1;33m[WARN] TRADER-001.nautilus_common::cache: Cannot calculate unrealized PnL for P-20260107-150500-001-140724825183112-7, no quotes for ETHUSDT-PERP.BINANCE[0m
[1m2026-01-07T15:31:20.000000000Z[0m [1;33m[WARN] TRADER-001.nautilus_common::cache: Cannot calculate unrealized PnL for P-20260107-150500-001-140724825183112-7, no quotes for ETHUSDT-PERP.BINANCE[0m
[1m2026-01-07T15:31:30.000000000Z[0m [1;33m[WARN] TRADER-001.nautilus_common::cache: Cannot calculate unrealized PnL for P-20260107-150500-001-140724825183112-7, no quotes for ETHUSDT-PERP.BINANCE[0m
[1m2026-01-07T15:31:40.000000000Z[0m [1;33m[WARN] TRADER-001.nautilus_common::cache: Cannot calculate unrealized PnL for P-20260107-150500-001-140724825183112-7, no quotes for ETHUSDT-PERP.BINANCE[0m
[1m2026-01-07T15:31:50.000000000Z[0m [1;33m[WARN] TRADER-001.nautilus_common::cache: Cannot calculate unrealized PnL for P-20260107-150500-001-140724825183112-7, no quotes for ETHUSDT-PERP.BINANCE[0m
[1m2026-01-07T15:31:59.999000000Z[0m [1;33m[WARN] TRADER-001.nautilus_common::cache: Cannot calculate unrealized PnL for P-20260107-150500-001-140724825183112-7, no quotes for ETHUSDT-PERP.BINANCE[0m
[1m2026-01-07T15:32:00.000000000Z[0m [1;33m[WARN] TRADER-001.nautilus_common::cache: Cannot calculate unrealized PnL for P-20260107-150500-001-140724825183112-7, no quotes for ETHUSDT-PERP.BINANCE[0m
[1m2026-01-07T15:32:10.000000000Z[0m [1;33m[WARN] TRADER-001.nautilus_common::cache: Cannot calculate unrealized PnL for P-20260107-150500-001-140724825183112-7, no quotes for ETHUSDT-PERP.BINANCE[0m
[1m2026-01-07T15:32:20.000000000Z[0m [1;33m[WARN] TRADER-001.nautilus_common::cache: Cannot calculate unrealized PnL for P-20260107-150500-001-140724825183112-7, no quotes for ETHUSDT-PERP.BINANCE[0m
[1m2026-01-07T15:32:30.000000000Z[0m [1;33m[WARN] TRADER-001.nautilus_common::cache: Cannot calculate unrealized PnL for P-20260107-150500-001-140724825183112-7, no quotes for ETHUSDT-PERP.BINANCE[0m
[1m2026-01-07T15:32:40.000000000Z[0m [1;33m[WARN] TRADER-001.nautilus_common::cache: Cannot calculate unrealized PnL for P-20260107-150500-001-140724825183112-7, no quotes for ETHUSDT-PERP.BINANCE[0m
[1m2026-01-07T15:32:50.000000000Z[0m [1;33m[WARN] TRADER-001.nautilus_common::cache: Cannot calculate unrealized PnL for P-20260107-150500-001-140724825183112-7, no quotes for ETHUSDT-PERP.BINANCE[0m
[1m2026-01-07T15:32:59.999000000Z[0m [1;33m[WARN] TRADER-001.nautilus_common::cache: Cannot calculate unrealized PnL for P-20260107-150500-001-140724825183112-7, no quotes for ETHUSDT-PERP.BINANCE[0m
[1m2026-01-07T15:33:00.000000000Z[0m [1;33m[WARN] TRADER-001.nautilus_common::cache: Cannot calculate unrealized PnL for P-20260107-150500-001-140724825183112-7, no quotes for ETHUSDT-PERP.BINANCE[0m
[1m2026-01-07T15:33:10.000000000Z[0m [1;33m[WARN] TRADER-001.nautilus_common::cache: Cannot calculate unrealized PnL for P-20260107-150500-001-140724825183112-7, no quotes for ETHUSDT-PERP.BINANCE[0m
[1m2026-01-07T15:33:20.000000000Z[0m [1;33m[WARN] TRADER-001.nautilus_common::cache: Cannot calculate unrealized PnL for P-20260107-150500-001-140724825183112-7, no quotes for ETHUSDT-PERP.BINANCE[0m
[1m2026-01-07T15:33:30.000000000Z[0m [1;33m[WARN] TRADER-001.nautilus_common::cache: Cannot calculate unrealized PnL for P-20260107-150500-001-140724825183112-7, no quotes for ETHUSDT-PERP.BINANCE[0m
[1m2026-01-07T15:33:40.000000000Z[0m [1;33m[WARN] TRADER-001.nautilus_common::cache: Cannot calculate unrealized PnL for P-20260107-150500-001-140724825183112-7, no quotes for ETHUSDT-PERP.BINANCE[0m
[1m2026-01-07T15:33:50.000000000Z[0m [1;33m[WARN] TRADER-001.nautilus_common::cache: Cannot calculate unrealized PnL for P-20260107-150500-001-140724825183112-7, no quotes for ETHUSDT-PERP.BINANCE[0m
[1m2026-01-07T15:33:59.999000000Z[0m [1;33m[WARN] TRADER-001.nautilus_common::cache: Cannot calculate unrealized PnL for P-20260107-150500-001-140724825183112-7, no quotes for ETHUSDT-PERP.BINANCE[0m
[1m2026-01-07T15:34:00.000000000Z[0m [1;33m[WARN] TRADER-001.nautilus_common::cache: Cannot calculate unrealized PnL for P-20260107-150500-001-140724825183112-7, no quotes for ETHUSDT-PERP.BINANCE[0m
[1m2026-01-07T15:34:10.000000000Z[0m [1;33m[WARN] TRADER-001.nautilus_common::cache: Cannot calculate unrealized PnL for P-20260107-150500-001-140724825183112-7, no quotes for ETHUSDT-PERP.BINANCE[0m
[1m2026-01-07T15:34:20.000000000Z[0m [1;33m[WARN] TRADER-001.nautilus_common::cache: Cannot calculate unrealized PnL for P-20260107-150500-001-140724825183112-7, no quotes for ETHUSDT-PERP.BINANCE[0m
[1m2026-01-07T15:34:30.000000000Z[0m [1;33m[WARN] TRADER-001.nautilus_common::cache: Cannot calculate unrealized PnL for P-20260107-150500-001-140724825183112-7, no quotes for ETHUSDT-PERP.BINANCE[0m
[1m2026-01-07T15:34:40.000000000Z[0m [1;33m[WARN] TRADER-001.nautilus_common::cache: Cannot calculate unrealized PnL for P-20260107-150500-001-140724825183112-7, no quotes for ETHUSDT-PERP.BINANCE[0m
[1m2026-01-07T15:34:50.000000000Z[0m [1;33m[WARN] TRADER-001.nautilus_common::cache: Cannot calculate unrealized PnL for P-20260107-150500-001-140724825183112-7, no quotes for ETHUSDT-PERP.BINANCE[0m
[1m2026-01-07T15:34:59.999000000Z[0m [1;33m[WARN] TRADER-001.nautilus_common::cache: Cannot calculate unrealized PnL for P-20260107-150500-001-140724825183112-7, no quotes for ETHUSDT-PERP.BINANCE[0m
[1m2026-01-07T15:35:00.000000000Z[0m [1;33m[WARN] TRADER-001.nautilus_common::cache: Cannot calculate unrealized PnL for P-20260107-150500-001-140724825183112-7, no quotes for ETHUSDT-PERP.BINANCE[0m
[1m2026-01-07T15:35:10.000000000Z[0m [1;33m[WARN] TRADER-001.nautilus_common::cache: Cannot calculate unrealized PnL for P-20260107-150500-001-140724825183112-7, no quotes for ETHUSDT-PERP.BINANCE[0m
[1m2026-01-07T15:35:20.000000000Z[0m [1;33m[WARN] TRADER-001.nautilus_common::cache: Cannot calculate unrealized PnL for P-20260107-150500-001-140724825183112-7, no quotes for ETHUSDT-PERP.BINANCE[0m
[1m2026-01-07T15:35:30.000000000Z[0m [1;33m[WARN] TRADER-001.nautilus_common::cache: Cannot calculate unrealized PnL for P-20260107-150500-001-140724825183112-7, no quotes for ETHUSDT-PERP.BINANCE[0m
[1m2026-01-07T15:35:40.000000000Z[0m [1;33m[WARN] TRADER-001.nautilus_common::cache: Cannot calculate unrealized PnL for P-20260107-150500-001-140724825183112-7, no quotes for ETHUSDT-PERP.BINANCE[0m
[1m2026-01-07T15:35:50.000000000Z[0m [1;33m[WARN] TRADER-001.nautilus_common::cache: Cannot calculate unrealized PnL for P-20260107-150500-001-140724825183112-7, no quotes for ETHUSDT-PERP.BINANCE[0m
[1m2026-01-07T15:35:59.999000000Z[0m [1;33m[WARN] TRADER-001.nautilus_common::cache: Cannot calculate unrealized PnL for P-20260107-150500-001-140724825183112-7, no quotes for ETHUSDT-PERP.BINANCE[0m
[1m2026-01-07T15:36:00.000000000Z[0m [1;33m[WARN] TRADER-001.nautilus_common::cache: Cannot calculate unrealized PnL for P-20260107-150500-001-140724825183112-7, no quotes for ETHUSDT-PERP.BINANCE[0m
[1m2026-01-07T15:36:10.000000000Z[0m [1;33m[WARN] TRADER-001.nautilus_common::cache: Cannot calculate unrealized PnL for P-20260107-150500-001-140724825183112-7, no quotes for ETHUSDT-PERP.BINANCE[0m
[1m2026-01-07T15:36:20.000000000Z[0m [1;33m[WARN] TRADER-001.nautilus_common::cache: Cannot calculate unrealized PnL for P-20260107-150500-001-140724825183112-7, no quotes for ETHUSDT-PERP.BINANCE[0m
[1m2026-01-07T15:36:30.000000000Z[0m [1;33m[WARN] TRADER-001.nautilus_common::cache: Cannot calculate unrealized PnL for P-20260107-150500-001-140724825183112-7, no quotes for ETHUSDT-PERP.BINANCE[0m
[1m2026-01-07T15:36:40.000000000Z[0m [1;33m[WARN] TRADER-001.nautilus_common::cache: Cannot calculate unrealized PnL for P-20260107-150500-001-140724825183112-7, no quotes for ETHUSDT-PERP.BINANCE[0m
[1m2026-01-07T15:36:50.000000000Z[0m [1;33m[WARN] TRADER-001.nautilus_common::cache: Cannot calculate unrealized PnL for P-20260107-150500-001-140724825183112-7, no quotes for ETHUSDT-PERP.BINANCE[0m
[1m2026-01-07T15:36:59.999000000Z[0m [1;33m[WARN] TRADER-001.nautilus_common::cache: Cannot calculate unrealized PnL for P-20260107-150500-001-140724825183112-7, no quotes for ETHUSDT-PERP.BINANCE[0m
[1m2026-01-07T15:37:00.000000000Z[0m [1;33m[WARN] TRADER-001.nautilus_common::cache: Cannot calculate unrealized PnL for P-20260107-150500-001-140724825183112-7, no quotes for ETHUSDT-PERP.BINANCE[0m
[1m2026-01-07T15:37:10.000000000Z[0m [1;33m[WARN] TRADER-001.nautilus_common::cache: Cannot calculate unrealized PnL for P-20260107-150500-001-140724825183112-7, no quotes for ETHUSDT-PERP.BINANCE[0m
[1m2026-01-07T15:37:20.000000000Z[0m [1;33m[WARN] TRADER-001.nautilus_common::cache: Cannot calculate unrealized PnL for P-20260107-150500-001-140724825183112-7, no quotes for ETHUSDT-PERP.BINANCE[0m
[1m2026-01-07T15:37:30.000000000Z[0m [1;33m[WARN] TRADER-001.nautilus_common::cache: Cannot calculate unrealized PnL for P-20260107-150500-001-140724825183112-7, no quotes for ETHUSDT-PERP.BINANCE[0m
[1m2026-01-07T15:37:40.000000000Z[0m [1;33m[WARN] TRADER-001.nautilus_common::cache: Cannot calculate unrealized PnL for P-20260107-150500-001-140724825183112-7, no quotes for ETHUSDT-PERP.BINANCE[0m
[1m2026-01-07T15:37:50.000000000Z[0m [1;33m[WARN] TRADER-001.nautilus_common::cache: Cannot calculate unrealized PnL for P-20260107-150500-001-140724825183112-7, no quotes for ETHUSDT-PERP.BINANCE[0m
[1m2026-01-07T15:37:59.999000000Z[0m [1;33m[WARN] TRADER-001.nautilus_common::cache: Cannot calculate unrealized PnL for P-20260107-150500-001-140724825183112-7, no quotes for ETHUSDT-PERP.BINANCE[0m
[1m2026-01-07T15:38:00.000000000Z[0m [1;33m[WARN] TRADER-001.nautilus_common::cache: Cannot calculate unrealized PnL for P-20260107-150500-001-140724825183112-7, no quotes for ETHUSDT-PERP.BINANCE[0m
[1m2026-01-07T15:38:10.000000000Z[0m [1;33m[WARN] TRADER-001.nautilus_common::cache: Cannot calculate unrealized PnL for P-20260107-150500-001-140724825183112-7, no quotes for ETHUSDT-PERP.BINANCE[0m
[1m2026-01-07T15:38:20.000000000Z[0m [1;33m[WARN] TRADER-001.nautilus_common::cache: Cannot calculate unrealized PnL for P-20260107-150500-001-140724825183112-7, no quotes for ETHUSDT-PERP.BINANCE[0m
[1m2026-01-07T15:38:30.000000000Z[0m [1;33m[WARN] TRADER-001.nautilus_common::cache: Cannot calculate unrealized PnL for P-20260107-150500-001-140724825183112-7, no quotes for ETHUSDT-PERP.BINANCE[0m
[1m2026-01-07T15:38:40.000000000Z[0m [1;33m[WARN] TRADER-001.nautilus_common::cache: Cannot calculate unrealized PnL for P-20260107-150500-001-140724825183112-7, no quotes for ETHUSDT-PERP.BINANCE[0m
[1m2026-01-07T15:38:50.000000000Z[0m [1;33m[WARN] TRADER-001.nautilus_common::cache: Cannot calculate unrealized PnL for P-20260107-150500-001-140724825183112-7, no quotes for ETHUSDT-PERP.BINANCE[0m
[1m2026-01-07T15:38:59.999000000Z[0m [1;33m[WARN] TRADER-001.nautilus_common::cache: Cannot calculate unrealized PnL for P-20260107-150500-001-140724825183112-7, no quotes for ETHUSDT-PERP.BINANCE[0m
[1m2026-01-07T15:39:00.000000000Z[0m [1;33m[WARN] TRADER-001.nautilus_common::cache: Cannot calculate unrealized PnL for P-20260107-150500-001-140724825183112-7, no quotes for ETHUSDT-PERP.BINANCE[0m
[1m2026-01-07T15:39:10.000000000Z[0m [1;33m[WARN] TRADER-001.nautilus_common::cache: Cannot calculate unrealized PnL for P-20260107-150500-001-140724825183112-7, no quotes for ETHUSDT-PERP.BINANCE[0m
[1m2026-01-07T15:39:20.000000000Z[0m [1;33m[WARN] TRADER-001.nautilus_common::cache: Cannot calculate unrealized PnL for P-20260107-150500-001-140724825183112-7, no quotes for ETHUSDT-PERP.BINANCE[0m
[1m2026-01-07T15:39:30.000000000Z[0m [1;33m[WARN] TRADER-001.nautilus_common::cache: Cannot calculate unrealized PnL for P-20260107-150500-001-140724825183112-7, no quotes for ETHUSDT-PERP.BINANCE[0m
[1m2026-01-07T15:39:40.000000000Z[0m [1;33m[WARN] TRADER-001.nautilus_common::cache: Cannot calculate unrealized PnL for P-20260107-150500-001-140724825183112-7, no quotes for ETHUSDT-PERP.BINANCE[0m
[1m2026-01-07T15:39:50.000000000Z[0m [1;33m[WARN] TRADER-001.nautilus_common::cache: Cannot calculate unrealized PnL for P-20260107-150500-001-140724825183112-7, no quotes for ETHUSDT-PERP.BINANCE[0m
[1m2026-01-07T15:39:59.999000000Z[0m [1;33m[WARN] TRADER-001.nautilus_common::cache: Cannot calculate unrealized PnL for P-20260107-150500-001-140724825183112-7, no quotes for ETHUSDT-PERP.BINANCE[0m
[1m2026-01-07T15:40:00.000000000Z[0m [1;33m[WARN] TRADER-001.nautilus_common::cache: Cannot calculate unrealized PnL for P-20260107-150500-001-140724825183112-7, no quotes for ETHUSDT-PERP.BINANCE[0m
[1m2026-01-07T15:40:10.000000000Z[0m [1;33m[WARN] TRADER-001.nautilus_common::cache: Cannot calculate unrealized PnL for P-20260107-150500-001-140724825183112-7, no quotes for ETHUSDT-PERP.BINANCE[0m
[1m2026-01-07T15:40:20.000000000Z[0m [1;33m[WARN] TRADER-001.nautilus_common::cache: Cannot calculate unrealized PnL for P-20260107-150500-001-140724825183112-7, no quotes for ETHUSDT-PERP.BINANCE[0m
[1m2026-01-07T15:40:30.000000000Z[0m [1;33m[WARN] TRADER-001.nautilus_common::cache: Cannot calculate unrealized PnL for P-20260107-150500-001-140724825183112-7, no quotes for ETHUSDT-PERP.BINANCE[0m
[1m2026-01-07T15:40:40.000000000Z[0m [1;33m[WARN] TRADER-001.nautilus_common::cache: Cannot calculate unrealized PnL for P-20260107-150500-001-140724825183112-7, no quotes for ETHUSDT-PERP.BINANCE[0m
[1m2026-01-07T15:40:50.000000000Z[0m [1;33m[WARN] TRADER-001.nautilus_common::cache: Cannot calculate unrealized PnL for P-20260107-150500-001-140724825183112-7, no quotes for ETHUSDT-PERP.BINANCE[0m
[1m2026-01-07T15:40:59.999000000Z[0m [1;33m[WARN] TRADER-001.nautilus_common::cache: Cannot calculate unrealized PnL for P-20260107-150500-001-140724825183112-7, no quotes for ETHUSDT-PERP.BINANCE[0m
[1m2026-01-07T15:41:00.000000000Z[0m [1;33m[WARN] TRADER-001.nautilus_common::cache: Cannot calculate unrealized PnL for P-20260107-150500-001-140724825183112-7, no quotes for ETHUSDT-PERP.BINANCE[0m
[1m2026-01-07T15:41:10.000000000Z[0m [1;33m[WARN] TRADER-001.nautilus_common::cache: Cannot calculate unrealized PnL for P-20260107-150500-001-140724825183112-7, no quotes for ETHUSDT-PERP.BINANCE[0m
[1m2026-01-07T15:41:20.000000000Z[0m [1;33m[WARN] TRADER-001.nautilus_common::cache: Cannot calculate unrealized PnL for P-20260107-150500-001-140724825183112-7, no quotes for ETHUSDT-PERP.BINANCE[0m
[1m2026-01-07T15:41:30.000000000Z[0m [1;33m[WARN] TRADER-001.nautilus_common::cache: Cannot calculate unrealized PnL for P-20260107-150500-001-140724825183112-7, no quotes for ETHUSDT-PERP.BINANCE[0m
[1m2026-01-07T15:41:40.000000000Z[0m [1;33m[WARN] TRADER-001.nautilus_common::cache: Cannot calculate unrealized PnL for P-20260107-150500-001-140724825183112-7, no quotes for ETHUSDT-PERP.BINANCE[0m
[1m2026-01-07T15:41:50.000000000Z[0m [1;33m[WARN] TRADER-001.nautilus_common::cache: Cannot calculate unrealized PnL for P-20260107-150500-001-140724825183112-7, no quotes for ETHUSDT-PERP.BINANCE[0m
[1m2026-01-07T15:41:59.999000000Z[0m [1;33m[WARN] TRADER-001.nautilus_common::cache: Cannot calculate unrealized PnL for P-20260107-150500-001-140724825183112-7, no quotes for ETHUSDT-PERP.BINANCE[0m
[1m2026-01-07T15:42:00.000000000Z[0m [1;33m[WARN] TRADER-001.nautilus_common::cache: Cannot calculate unrealized PnL for P-20260107-150500-001-140724825183112-7, no quotes for ETHUSDT-PERP.BINANCE[0m
[1m2026-01-07T15:42:10.000000000Z[0m [1;33m[WARN] TRADER-001.nautilus_common::cache: Cannot calculate unrealized PnL for P-20260107-150500-001-140724825183112-7, no quotes for ETHUSDT-PERP.BINANCE[0m
[1m2026-01-07T15:42:20.000000000Z[0m [1;33m[WARN] TRADER-001.nautilus_common::cache: Cannot calculate unrealized PnL for P-20260107-150500-001-140724825183112-7, no quotes for ETHUSDT-PERP.BINANCE[0m
[1m2026-01-07T15:42:30.000000000Z[0m [1;33m[WARN] TRADER-001.nautilus_common::cache: Cannot calculate unrealized PnL for P-20260107-150500-001-140724825183112-7, no quotes for ETHUSDT-PERP.BINANCE[0m
[1m2026-01-07T15:42:40.000000000Z[0m [1;33m[WARN] TRADER-001.nautilus_common::cache: Cannot calculate unrealized PnL for P-20260107-150500-001-140724825183112-7, no quotes for ETHUSDT-PERP.BINANCE[0m
[1m2026-01-07T15:42:50.000000000Z[0m [1;33m[WARN] TRADER-001.nautilus_common::cache: Cannot calculate unrealized PnL for P-20260107-150500-001-140724825183112-7, no quotes for ETHUSDT-PERP.BINANCE[0m
[1m2026-01-07T15:42:59.999000000Z[0m [1;33m[WARN] TRADER-001.nautilus_common::cache: Cannot calculate unrealized PnL for P-20260107-150500-001-140724825183112-7, no quotes for ETHUSDT-PERP.BINANCE[0m
[1m2026-01-07T15:43:00.000000000Z[0m [1;33m[WARN] TRADER-001.nautilus_common::cache: Cannot calculate unrealized PnL for P-20260107-150500-001-140724825183112-7, no quotes for ETHUSDT-PERP.BINANCE[0m
[1m2026-01-07T15:43:10.000000000Z[0m [1;33m[WARN] TRADER-001.nautilus_common::cache: Cannot calculate unrealized PnL for P-20260107-150500-001-140724825183112-7, no quotes for ETHUSDT-PERP.BINANCE[0m
[1m2026-01-07T15:43:20.000000000Z[0m [1;33m[WARN] TRADER-001.nautilus_common::cache: Cannot calculate unrealized PnL for P-20260107-150500-001-140724825183112-7, no quotes for ETHUSDT-PERP.BINANCE[0m
[1m2026-01-07T15:43:30.000000000Z[0m [1;33m[WARN] TRADER-001.nautilus_common::cache: Cannot calculate unrealized PnL for P-20260107-150500-001-140724825183112-7, no quotes for ETHUSDT-PERP.BINANCE[0m
[1m2026-01-07T15:43:40.000000000Z[0m [1;33m[WARN] TRADER-001.nautilus_common::cache: Cannot calculate unrealized PnL for P-20260107-150500-001-140724825183112-7, no quotes for ETHUSDT-PERP.BINANCE[0m
[1m2026-01-07T15:43:50.000000000Z[0m [1;33m[WARN] TRADER-001.nautilus_common::cache: Cannot calculate unrealized PnL for P-20260107-150500-001-140724825183112-7, no quotes for ETHUSDT-PERP.BINANCE[0m
[1m2026-01-07T15:43:59.999000000Z[0m [1;33m[WARN] TRADER-001.nautilus_common::cache: Cannot calculate unrealized PnL for P-20260107-150500-001-140724825183112-7, no quotes for ETHUSDT-PERP.BINANCE[0m
[1m2026-01-07T15:44:00.000000000Z[0m [1;33m[WARN] TRADER-001.nautilus_common::cache: Cannot calculate unrealized PnL for P-20260107-150500-001-140724825183112-7, no quotes for ETHUSDT-PERP.BINANCE[0m
[1m2026-01-07T15:44:10.000000000Z[0m [1;33m[WARN] TRADER-001.nautilus_common::cache: Cannot calculate unrealized PnL for P-20260107-150500-001-140724825183112-7, no quotes for ETHUSDT-PERP.BINANCE[0m
[1m2026-01-07T15:44:20.000000000Z[0m [1;33m[WARN] TRADER-001.nautilus_common::cache: Cannot calculate unrealized PnL for P-20260107-150500-001-140724825183112-7, no quotes for ETHUSDT-PERP.BINANCE[0m
[1m2026-01-07T15:44:30.000000000Z[0m [1;33m[WARN] TRADER-001.nautilus_common::cache: Cannot calculate unrealized PnL for P-20260107-150500-001-140724825183112-7, no quotes for ETHUSDT-PERP.BINANCE[0m
[1m2026-01-07T15:44:40.000000000Z[0m [1;33m[WARN] TRADER-001.nautilus_common::cache: Cannot calculate unrealized PnL for P-20260107-150500-001-140724825183112-7, no quotes for ETHUSDT-PERP.BINANCE[0m
[1m2026-01-07T15:44:50.000000000Z[0m [1;33m[WARN] TRADER-001.nautilus_common::cache: Cannot calculate unrealized PnL for P-20260107-150500-001-140724825183112-7, no quotes for ETHUSDT-PERP.BINANCE[0m
[1m2026-01-07T15:44:59.999000000Z[0m [1;33m[WARN] TRADER-001.nautilus_common::cache: Cannot calculate unrealized PnL for P-20260107-150500-001-140724825183112-7, no quotes for ETHUSDT-PERP.BINANCE[0m
[1m2026-01-07T15:45:00.000000000Z[0m [1;33m[WARN] TRADER-001.nautilus_common::cache: Cannot calculate unrealized PnL for P-20260107-150500-001-140724825183112-7, no quotes for ETHUSDT-PERP.BINANCE[0m
[1m2026-01-07T15:45:10.000000000Z[0m [1;33m[WARN] TRADER-001.nautilus_common::cache: Cannot calculate unrealized PnL for P-20260107-150500-001-140724825183112-7, no quotes for ETHUSDT-PERP.BINANCE[0m
[1m2026-01-07T15:45:20.000000000Z[0m [1;33m[WARN] TRADER-001.nautilus_common::cache: Cannot calculate unrealized PnL for P-20260107-150500-001-140724825183112-7, no quotes for ETHUSDT-PERP.BINANCE[0m
[1m2026-01-07T15:45:30.000000000Z[0m [1;33m[WARN] TRADER-001.nautilus_common::cache: Cannot calculate unrealized PnL for P-20260107-150500-001-140724825183112-7, no quotes for ETHUSDT-PERP.BINANCE[0m
[1m2026-01-07T15:45:40.000000000Z[0m [1;33m[WARN] TRADER-001.nautilus_common::cache: Cannot calculate unrealized PnL for P-20260107-150500-001-140724825183112-7, no quotes for ETHUSDT-PERP.BINANCE[0m
[1m2026-01-07T15:45:50.000000000Z[0m [1;33m[WARN] TRADER-001.nautilus_common::cache: Cannot calculate unrealized PnL for P-20260107-150500-001-140724825183112-7, no quotes for ETHUSDT-PERP.BINANCE[0m
[1m2026-01-07T15:45:59.999000000Z[0m [1;33m[WARN] TRADER-001.nautilus_common::cache: Cannot calculate unrealized PnL for P-20260107-150500-001-140724825183112-7, no quotes for ETHUSDT-PERP.BINANCE[0m
[1m2026-01-07T15:46:00.000000000Z[0m [1;33m[WARN] TRADER-001.nautilus_common::cache: Cannot calculate unrealized PnL for P-20260107-150500-001-140724825183112-7, no quotes for ETHUSDT-PERP.BINANCE[0m
[1m2026-01-07T15:46:10.000000000Z[0m [1;33m[WARN] TRADER-001.nautilus_common::cache: Cannot calculate unrealized PnL for P-20260107-150500-001-140724825183112-7, no quotes for ETHUSDT-PERP.BINANCE[0m
[1m2026-01-07T15:46:20.000000000Z[0m [1;33m[WARN] TRADER-001.nautilus_common::cache: Cannot calculate unrealized PnL for P-20260107-150500-001-140724825183112-7, no quotes for ETHUSDT-PERP.BINANCE[0m
[1m2026-01-07T15:46:30.000000000Z[0m [1;33m[WARN] TRADER-001.nautilus_common::cache: Cannot calculate unrealized PnL for P-20260107-150500-001-140724825183112-7, no quotes for ETHUSDT-PERP.BINANCE[0m
[1m2026-01-07T15:46:40.000000000Z[0m [1;33m[WARN] TRADER-001.nautilus_common::cache: Cannot calculate unrealized PnL for P-20260107-150500-001-140724825183112-7, no quotes for ETHUSDT-PERP.BINANCE[0m
[1m2026-01-07T15:46:50.000000000Z[0m [1;33m[WARN] TRADER-001.nautilus_common::cache: Cannot calculate unrealized PnL for P-20260107-150500-001-140724825183112-7, no quotes for ETHUSDT-PERP.BINANCE[0m
[1m2026-01-07T15:46:59.999000000Z[0m [1;33m[WARN] TRADER-001.nautilus_common::cache: Cannot calculate unrealized PnL for P-20260107-150500-001-140724825183112-7, no quotes for ETHUSDT-PERP.BINANCE[0m
[1m2026-01-07T15:47:00.000000000Z[0m [1;33m[WARN] TRADER-001.nautilus_common::cache: Cannot calculate unrealized PnL for P-20260107-150500-001-140724825183112-7, no quotes for ETHUSDT-PERP.BINANCE[0m
[1m2026-01-07T15:47:10.000000000Z[0m [1;33m[WARN] TRADER-001.nautilus_common::cache: Cannot calculate unrealized PnL for P-20260107-150500-001-140724825183112-7, no quotes for ETHUSDT-PERP.BINANCE[0m
[1m2026-01-07T15:47:20.000000000Z[0m [1;33m[WARN] TRADER-001.nautilus_common::cache: Cannot calculate unrealized PnL for P-20260107-150500-001-140724825183112-7, no quotes for ETHUSDT-PERP.BINANCE[0m
[1m2026-01-07T15:47:30.000000000Z[0m [1;33m[WARN] TRADER-001.nautilus_common::cache: Cannot calculate unrealized PnL for P-20260107-150500-001-140724825183112-7, no quotes for ETHUSDT-PERP.BINANCE[0m
[1m2026-01-07T15:47:40.000000000Z[0m [1;33m[WARN] TRADER-001.nautilus_common::cache: Cannot calculate unrealized PnL for P-20260107-150500-001-140724825183112-7, no quotes for ETHUSDT-PERP.BINANCE[0m
[1m2026-01-07T15:47:50.000000000Z[0m [1;33m[WARN] TRADER-001.nautilus_common::cache: Cannot calculate unrealized PnL for P-20260107-150500-001-140724825183112-7, no quotes for ETHUSDT-PERP.BINANCE[0m
[1m2026-01-07T15:47:59.999000000Z[0m [1;33m[WARN] TRADER-001.nautilus_common::cache: Cannot calculate unrealized PnL for P-20260107-150500-001-140724825183112-7, no quotes for ETHUSDT-PERP.BINANCE[0m
[1m2026-01-07T15:48:00.000000000Z[0m [1;33m[WARN] TRADER-001.nautilus_common::cache: Cannot calculate unrealized PnL for P-20260107-150500-001-140724825183112-7, no quotes for ETHUSDT-PERP.BINANCE[0m
[1m2026-01-07T15:48:10.000000000Z[0m [1;33m[WARN] TRADER-001.nautilus_common::cache: Cannot calculate unrealized PnL for P-20260107-150500-001-140724825183112-7, no quotes for ETHUSDT-PERP.BINANCE[0m
[1m2026-01-07T15:48:20.000000000Z[0m [1;33m[WARN] TRADER-001.nautilus_common::cache: Cannot calculate unrealized PnL for P-20260107-150500-001-140724825183112-7, no quotes for ETHUSDT-PERP.BINANCE[0m
[1m2026-01-07T15:48:30.000000000Z[0m [1;33m[WARN] TRADER-001.nautilus_common::cache: Cannot calculate unrealized PnL for P-20260107-150500-001-140724825183112-7, no quotes for ETHUSDT-PERP.BINANCE[0m
[1m2026-01-07T15:48:40.000000000Z[0m [1;33m[WARN] TRADER-001.nautilus_common::cache: Cannot calculate unrealized PnL for P-20260107-150500-001-140724825183112-7, no quotes for ETHUSDT-PERP.BINANCE[0m
[1m2026-01-07T15:48:50.000000000Z[0m [1;33m[WARN] TRADER-001.nautilus_common::cache: Cannot calculate unrealized PnL for P-20260107-150500-001-140724825183112-7, no quotes for ETHUSDT-PERP.BINANCE[0m
[1m2026-01-07T15:48:59.999000000Z[0m [1;33m[WARN] TRADER-001.nautilus_common::cache: Cannot calculate unrealized PnL for P-20260107-150500-001-140724825183112-7, no quotes for ETHUSDT-PERP.BINANCE[0m
[1m2026-01-07T15:49:00.000000000Z[0m [1;33m[WARN] TRADER-001.nautilus_common::cache: Cannot calculate unrealized PnL for P-20260107-150500-001-140724825183112-7, no quotes for ETHUSDT-PERP.BINANCE[0m
[1m2026-01-07T15:49:10.000000000Z[0m [1;33m[WARN] TRADER-001.nautilus_common::cache: Cannot calculate unrealized PnL for P-20260107-150500-001-140724825183112-7, no quotes for ETHUSDT-PERP.BINANCE[0m
[1m2026-01-07T15:49:20.000000000Z[0m [1;33m[WARN] TRADER-001.nautilus_common::cache: Cannot calculate unrealized PnL for P-20260107-150500-001-140724825183112-7, no quotes for ETHUSDT-PERP.BINANCE[0m
[1m2026-01-07T15:49:30.000000000Z[0m [1;33m[WARN] TRADER-001.nautilus_common::cache: Cannot calculate unrealized PnL for P-20260107-150500-001-140724825183112-7, no quotes for ETHUSDT-PERP.BINANCE[0m
[1m2026-01-07T15:49:40.000000000Z[0m [1;33m[WARN] TRADER-001.nautilus_common::cache: Cannot calculate unrealized PnL for P-20260107-150500-001-140724825183112-7, no quotes for ETHUSDT-PERP.BINANCE[0m
[1m2026-01-07T15:49:50.000000000Z[0m [1;33m[WARN] TRADER-001.nautilus_common::cache: Cannot calculate unrealized PnL for P-20260107-150500-001-140724825183112-7, no quotes for ETHUSDT-PERP.BINANCE[0m
[1m2026-01-07T15:49:59.999000000Z[0m [1;33m[WARN] TRADER-001.nautilus_common::cache: Cannot calculate unrealized PnL for P-20260107-150500-001-140724825183112-7, no quotes for ETHUSDT-PERP.BINANCE[0m
[1m2026-01-07T15:50:00.000000000Z[0m [1;33m[WARN] TRADER-001.nautilus_common::cache: Cannot calculate unrealized PnL for P-20260107-150500-001-140724825183112-7, no quotes for ETHUSDT-PERP.BINANCE[0m
[1m2026-01-07T15:50:10.000000000Z[0m [1;33m[WARN] TRADER-001.nautilus_common::cache: Cannot calculate unrealized PnL for P-20260107-150500-001-140724825183112-7, no quotes for ETHUSDT-PERP.BINANCE[0m
[1m2026-01-07T15:50:20.000000000Z[0m [1;33m[WARN] TRADER-001.nautilus_common::cache: Cannot calculate unrealized PnL for P-20260107-150500-001-140724825183112-7, no quotes for ETHUSDT-PERP.BINANCE[0m
[1m2026-01-07T15:50:30.000000000Z[0m [1;33m[WARN] TRADER-001.nautilus_common::cache: Cannot calculate unrealized PnL for P-20260107-150500-001-140724825183112-7, no quotes for ETHUSDT-PERP.BINANCE[0m
[1m2026-01-07T15:50:40.000000000Z[0m [1;33m[WARN] TRADER-001.nautilus_common::cache: Cannot calculate unrealized PnL for P-20260107-150500-001-140724825183112-7, no quotes for ETHUSDT-PERP.BINANCE[0m
[1m2026-01-07T15:50:50.000000000Z[0m [1;33m[WARN] TRADER-001.nautilus_common::cache: Cannot calculate unrealized PnL for P-20260107-150500-001-140724825183112-7, no quotes for ETHUSDT-PERP.BINANCE[0m
[1m2026-01-07T15:50:59.999000000Z[0m [1;33m[WARN] TRADER-001.nautilus_common::cache: Cannot calculate unrealized PnL for P-20260107-150500-001-140724825183112-7, no quotes for ETHUSDT-PERP.BINANCE[0m
[1m2026-01-07T15:51:00.000000000Z[0m [1;33m[WARN] TRADER-001.nautilus_common::cache: Cannot calculate unrealized PnL for P-20260107-150500-001-140724825183112-7, no quotes for ETHUSDT-PERP.BINANCE[0m
[1m2026-01-07T15:51:10.000000000Z[0m [1;33m[WARN] TRADER-001.nautilus_common::cache: Cannot calculate unrealized PnL for P-20260107-150500-001-140724825183112-7, no quotes for ETHUSDT-PERP.BINANCE[0m
[1m2026-01-07T15:51:20.000000000Z[0m [1;33m[WARN] TRADER-001.nautilus_common::cache: Cannot calculate unrealized PnL for P-20260107-150500-001-140724825183112-7, no quotes for ETHUSDT-PERP.BINANCE[0m
[1m2026-01-07T15:51:30.000000000Z[0m [1;33m[WARN] TRADER-001.nautilus_common::cache: Cannot calculate unrealized PnL for P-20260107-150500-001-140724825183112-7, no quotes for ETHUSDT-PERP.BINANCE[0m
[1m2026-01-07T15:51:40.000000000Z[0m [1;33m[WARN] TRADER-001.nautilus_common::cache: Cannot calculate unrealized PnL for P-20260107-150500-001-140724825183112-7, no quotes for ETHUSDT-PERP.BINANCE[0m
[1m2026-01-07T15:51:50.000000000Z[0m [1;33m[WARN] TRADER-001.nautilus_common::cache: Cannot calculate unrealized PnL for P-20260107-150500-001-140724825183112-7, no quotes for ETHUSDT-PERP.BINANCE[0m
[1m2026-01-07T15:51:59.999000000Z[0m [1;33m[WARN] TRADER-001.nautilus_common::cache: Cannot calculate unrealized PnL for P-20260107-150500-001-140724825183112-7, no quotes for ETHUSDT-PERP.BINANCE[0m
[1m2026-01-07T15:52:00.000000000Z[0m [1;33m[WARN] TRADER-001.nautilus_common::cache: Cannot calculate unrealized PnL for P-20260107-150500-001-140724825183112-7, no quotes for ETHUSDT-PERP.BINANCE[0m
[1m2026-01-07T15:52:10.000000000Z[0m [1;33m[WARN] TRADER-001.nautilus_common::cache: Cannot calculate unrealized PnL for P-20260107-150500-001-140724825183112-7, no quotes for ETHUSDT-PERP.BINANCE[0m
[1m2026-01-07T15:52:20.000000000Z[0m [1;33m[WARN] TRADER-001.nautilus_common::cache: Cannot calculate unrealized PnL for P-20260107-150500-001-140724825183112-7, no quotes for ETHUSDT-PERP.BINANCE[0m
[1m2026-01-07T15:52:30.000000000Z[0m [1;33m[WARN] TRADER-001.nautilus_common::cache: Cannot calculate unrealized PnL for P-20260107-150500-001-140724825183112-7, no quotes for ETHUSDT-PERP.BINANCE[0m
[1m2026-01-07T15:52:40.000000000Z[0m [1;33m[WARN] TRADER-001.nautilus_common::cache: Cannot calculate unrealized PnL for P-20260107-150500-001-140724825183112-7, no quotes for ETHUSDT-PERP.BINANCE[0m
[1m2026-01-07T15:52:50.000000000Z[0m [1;33m[WARN] TRADER-001.nautilus_common::cache: Cannot calculate unrealized PnL for P-20260107-150500-001-140724825183112-7, no quotes for ETHUSDT-PERP.BINANCE[0m
[1m2026-01-07T15:52:59.999000000Z[0m [1;33m[WARN] TRADER-001.nautilus_common::cache: Cannot calculate unrealized PnL for P-20260107-150500-001-140724825183112-7, no quotes for ETHUSDT-PERP.BINANCE[0m
[1m2026-01-07T15:53:00.000000000Z[0m [1;33m[WARN] TRADER-001.nautilus_common::cache: Cannot calculate unrealized PnL for P-20260107-150500-001-140724825183112-7, no quotes for ETHUSDT-PERP.BINANCE[0m
[1m2026-01-07T15:53:10.000000000Z[0m [1;33m[WARN] TRADER-001.nautilus_common::cache: Cannot calculate unrealized PnL for P-20260107-150500-001-140724825183112-7, no quotes for ETHUSDT-PERP.BINANCE[0m
[1m2026-01-07T15:53:20.000000000Z[0m [1;33m[WARN] TRADER-001.nautilus_common::cache: Cannot calculate unrealized PnL for P-20260107-150500-001-140724825183112-7, no quotes for ETHUSDT-PERP.BINANCE[0m
[1m2026-01-07T15:53:30.000000000Z[0m [1;33m[WARN] TRADER-001.nautilus_common::cache: Cannot calculate unrealized PnL for P-20260107-150500-001-140724825183112-7, no quotes for ETHUSDT-PERP.BINANCE[0m
[1m2026-01-07T15:53:40.000000000Z[0m [1;33m[WARN] TRADER-001.nautilus_common::cache: Cannot calculate unrealized PnL for P-20260107-150500-001-140724825183112-7, no quotes for ETHUSDT-PERP.BINANCE[0m
[1m2026-01-07T15:53:50.000000000Z[0m [1;33m[WARN] TRADER-001.nautilus_common::cache: Cannot calculate unrealized PnL for P-20260107-150500-001-140724825183112-7, no quotes for ETHUSDT-PERP.BINANCE[0m
[1m2026-01-07T15:53:59.999000000Z[0m [1;33m[WARN] TRADER-001.nautilus_common::cache: Cannot calculate unrealized PnL for P-20260107-150500-001-140724825183112-7, no quotes for ETHUSDT-PERP.BINANCE[0m
[1m2026-01-07T15:54:00.000000000Z[0m [1;33m[WARN] TRADER-001.nautilus_common::cache: Cannot calculate unrealized PnL for P-20260107-150500-001-140724825183112-7, no quotes for ETHUSDT-PERP.BINANCE[0m
[1m2026-01-07T15:54:10.000000000Z[0m [1;33m[WARN] TRADER-001.nautilus_common::cache: Cannot calculate unrealized PnL for P-20260107-150500-001-140724825183112-7, no quotes for ETHUSDT-PERP.BINANCE[0m
[1m2026-01-07T15:54:20.000000000Z[0m [1;33m[WARN] TRADER-001.nautilus_common::cache: Cannot calculate unrealized PnL for P-20260107-150500-001-140724825183112-7, no quotes for ETHUSDT-PERP.BINANCE[0m
[1m2026-01-07T15:54:30.000000000Z[0m [1;33m[WARN] TRADER-001.nautilus_common::cache: Cannot calculate unrealized PnL for P-20260107-150500-001-140724825183112-7, no quotes for ETHUSDT-PERP.BINANCE[0m
[1m2026-01-07T15:54:40.000000000Z[0m [1;33m[WARN] TRADER-001.nautilus_common::cache: Cannot calculate unrealized PnL for P-20260107-150500-001-140724825183112-7, no quotes for ETHUSDT-PERP.BINANCE[0m
[1m2026-01-07T15:54:50.000000000Z[0m [1;33m[WARN] TRADER-001.nautilus_common::cache: Cannot calculate unrealized PnL for P-20260107-150500-001-140724825183112-7, no quotes for ETHUSDT-PERP.BINANCE[0m
[1m2026-01-07T15:54:59.999000000Z[0m [1;33m[WARN] TRADER-001.nautilus_common::cache: Cannot calculate unrealized PnL for P-20260107-150500-001-140724825183112-7, no quotes for ETHUSDT-PERP.BINANCE[0m
[1m2026-01-07T15:55:00.000000000Z[0m [1;33m[WARN] TRADER-001.nautilus_common::cache: Cannot calculate unrealized PnL for P-20260107-150500-001-140724825183112-7, no quotes for ETHUSDT-PERP.BINANCE[0m
[1m2026-01-07T15:55:10.000000000Z[0m [1;33m[WARN] TRADER-001.nautilus_common::cache: Cannot calculate unrealized PnL for P-20260107-150500-001-140724825183112-7, no quotes for ETHUSDT-PERP.BINANCE[0m
[1m2026-01-07T15:55:20.000000000Z[0m [1;33m[WARN] TRADER-001.nautilus_common::cache: Cannot calculate unrealized PnL for P-20260107-150500-001-140724825183112-7, no quotes for ETHUSDT-PERP.BINANCE[0m
[1m2026-01-07T15:55:30.000000000Z[0m [1;33m[WARN] TRADER-001.nautilus_common::cache: Cannot calculate unrealized PnL for P-20260107-150500-001-140724825183112-7, no quotes for ETHUSDT-PERP.BINANCE[0m
[1m2026-01-07T15:55:40.000000000Z[0m [1;33m[WARN] TRADER-001.nautilus_common::cache: Cannot calculate unrealized PnL for P-20260107-150500-001-140724825183112-7, no quotes for ETHUSDT-PERP.BINANCE[0m
[1m2026-01-07T15:55:50.000000000Z[0m [1;33m[WARN] TRADER-001.nautilus_common::cache: Cannot calculate unrealized PnL for P-20260107-150500-001-140724825183112-7, no quotes for ETHUSDT-PERP.BINANCE[0m
[1m2026-01-07T15:55:59.999000000Z[0m [1;33m[WARN] TRADER-001.nautilus_common::cache: Cannot calculate unrealized PnL for P-20260107-150500-001-140724825183112-7, no quotes for ETHUSDT-PERP.BINANCE[0m
[1m2026-01-07T15:56:00.000000000Z[0m [1;33m[WARN] TRADER-001.nautilus_common::cache: Cannot calculate unrealized PnL for P-20260107-150500-001-140724825183112-7, no quotes for ETHUSDT-PERP.BINANCE[0m
[1m2026-01-07T15:56:10.000000000Z[0m [1;33m[WARN] TRADER-001.nautilus_common::cache: Cannot calculate unrealized PnL for P-20260107-150500-001-140724825183112-7, no quotes for ETHUSDT-PERP.BINANCE[0m
[1m2026-01-07T15:56:20.000000000Z[0m [1;33m[WARN] TRADER-001.nautilus_common::cache: Cannot calculate unrealized PnL for P-20260107-150500-001-140724825183112-7, no quotes for ETHUSDT-PERP.BINANCE[0m
[1m2026-01-07T15:56:30.000000000Z[0m [1;33m[WARN] TRADER-001.nautilus_common::cache: Cannot calculate unrealized PnL for P-20260107-150500-001-140724825183112-7, no quotes for ETHUSDT-PERP.BINANCE[0m
[1m2026-01-07T15:56:40.000000000Z[0m [1;33m[WARN] TRADER-001.nautilus_common::cache: Cannot calculate unrealized PnL for P-20260107-150500-001-140724825183112-7, no quotes for ETHUSDT-PERP.BINANCE[0m
[1m2026-01-07T15:56:50.000000000Z[0m [1;33m[WARN] TRADER-001.nautilus_common::cache: Cannot calculate unrealized PnL for P-20260107-150500-001-140724825183112-7, no quotes for ETHUSDT-PERP.BINANCE[0m
[1m2026-01-07T15:56:59.999000000Z[0m [1;33m[WARN] TRADER-001.nautilus_common::cache: Cannot calculate unrealized PnL for P-20260107-150500-001-140724825183112-7, no quotes for ETHUSDT-PERP.BINANCE[0m
[1m2026-01-07T15:57:00.000000000Z[0m [1;33m[WARN] TRADER-001.nautilus_common::cache: Cannot calculate unrealized PnL for P-20260107-150500-001-140724825183112-7, no quotes for ETHUSDT-PERP.BINANCE[0m
[1m2026-01-07T15:57:10.000000000Z[0m [1;33m[WARN] TRADER-001.nautilus_common::cache: Cannot calculate unrealized PnL for P-20260107-150500-001-140724825183112-7, no quotes for ETHUSDT-PERP.BINANCE[0m
[1m2026-01-07T15:57:20.000000000Z[0m [1;33m[WARN] TRADER-001.nautilus_common::cache: Cannot calculate unrealized PnL for P-20260107-150500-001-140724825183112-7, no quotes for ETHUSDT-PERP.BINANCE[0m
[1m2026-01-07T15:57:30.000000000Z[0m [1;33m[WARN] TRADER-001.nautilus_common::cache: Cannot calculate unrealized PnL for P-20260107-150500-001-140724825183112-7, no quotes for ETHUSDT-PERP.BINANCE[0m
[1m2026-01-07T15:57:40.000000000Z[0m [1;33m[WARN] TRADER-001.nautilus_common::cache: Cannot calculate unrealized PnL for P-20260107-150500-001-140724825183112-7, no quotes for ETHUSDT-PERP.BINANCE[0m
[1m2026-01-07T15:57:50.000000000Z[0m [1;33m[WARN] TRADER-001.nautilus_common::cache: Cannot calculate unrealized PnL for P-20260107-150500-001-140724825183112-7, no quotes for ETHUSDT-PERP.BINANCE[0m
[1m2026-01-07T15:57:59.999000000Z[0m [1;33m[WARN] TRADER-001.nautilus_common::cache: Cannot calculate unrealized PnL for P-20260107-150500-001-140724825183112-7, no quotes for ETHUSDT-PERP.BINANCE[0m
[1m2026-01-07T15:58:00.000000000Z[0m [1;33m[WARN] TRADER-001.nautilus_common::cache: Cannot calculate unrealized PnL for P-20260107-150500-001-140724825183112-7, no quotes for ETHUSDT-PERP.BINANCE[0m
[1m2026-01-07T15:58:10.000000000Z[0m [1;33m[WARN] TRADER-001.nautilus_common::cache: Cannot calculate unrealized PnL for P-20260107-150500-001-140724825183112-7, no quotes for ETHUSDT-PERP.BINANCE[0m
[1m2026-01-07T15:58:20.000000000Z[0m [1;33m[WARN] TRADER-001.nautilus_common::cache: Cannot calculate unrealized PnL for P-20260107-150500-001-140724825183112-7, no quotes for ETHUSDT-PERP.BINANCE[0m
[1m2026-01-07T15:58:30.000000000Z[0m [1;33m[WARN] TRADER-001.nautilus_common::cache: Cannot calculate unrealized PnL for P-20260107-150500-001-140724825183112-7, no quotes for ETHUSDT-PERP.BINANCE[0m
[1m2026-01-07T15:58:40.000000000Z[0m [1;33m[WARN] TRADER-001.nautilus_common::cache: Cannot calculate unrealized PnL for P-20260107-150500-001-140724825183112-7, no quotes for ETHUSDT-PERP.BINANCE[0m
[1m2026-01-07T15:58:50.000000000Z[0m [1;33m[WARN] TRADER-001.nautilus_common::cache: Cannot calculate unrealized PnL for P-20260107-150500-001-140724825183112-7, no quotes for ETHUSDT-PERP.BINANCE[0m
[1m2026-01-07T15:58:59.999000000Z[0m [1;33m[WARN] TRADER-001.nautilus_common::cache: Cannot calculate unrealized PnL for P-20260107-150500-001-140724825183112-7, no quotes for ETHUSDT-PERP.BINANCE[0m
[1m2026-01-07T15:59:00.000000000Z[0m [1;33m[WARN] TRADER-001.nautilus_common::cache: Cannot calculate unrealized PnL for P-20260107-150500-001-140724825183112-7, no quotes for ETHUSDT-PERP.BINANCE[0m
[1m2026-01-07T15:59:10.000000000Z[0m [1;33m[WARN] TRADER-001.nautilus_common::cache: Cannot calculate unrealized PnL for P-20260107-150500-001-140724825183112-7, no quotes for ETHUSDT-PERP.BINANCE[0m
[1m2026-01-07T15:59:20.000000000Z[0m [1;33m[WARN] TRADER-001.nautilus_common::cache: Cannot calculate unrealized PnL for P-20260107-150500-001-140724825183112-7, no quotes for ETHUSDT-PERP.BINANCE[0m
[1m2026-01-07T15:59:30.000000000Z[0m [1;33m[WARN] TRADER-001.nautilus_common::cache: Cannot calculate unrealized PnL for P-20260107-150500-001-140724825183112-7, no quotes for ETHUSDT-PERP.BINANCE[0m
[1m2026-01-07T15:59:40.000000000Z[0m [1;33m[WARN] TRADER-001.nautilus_common::cache: Cannot calculate unrealized PnL for P-20260107-150500-001-140724825183112-7, no quotes for ETHUSDT-PERP.BINANCE[0m
[1m2026-01-07T15:59:50.000000000Z[0m [1;33m[WARN] TRADER-001.nautilus_common::cache: Cannot calculate unrealized PnL for P-20260107-150500-001-140724825183112-7, no quotes for ETHUSDT-PERP.BINANCE[0m
[1m2026-01-07T15:59:59.999000000Z[0m [1;33m[WARN] TRADER-001.nautilus_common::cache: Cannot calculate unrealized PnL for P-20260107-150500-001-140724825183112-7, no quotes for ETHUSDT-PERP.BINANCE[0m
[1m2026-01-07T16:00:00.000000000Z[0m [INFO] TRADER-001.nautilus_portfolio::portfolio: Updated AccountState(account_id=BINANCE-001, account_type=MARGIN, base_currency=USDT, is_reported=true, balances=[AccountBalance(total=108556.15879911 USDT, locked=1044.82703816 USDT, free=107511.33176095 USDT)], margins=[MarginBalance(initial=0.00000000 USDT, maintenance=1044.82703816 USDT, instrument_id=ETHUSDT-PERP.BINANCE)], event_id=f655cb3f-c0ec-40f9-9c18-f9895d305606)[0m
[1m2026-01-07T16:00:00.000000000Z[0m [INFO] TRADER-001.nautilus_portfolio::manager: ETHUSDT-PERP.BINANCE margin_maint=1044.82703816 USDT[0m
[1m2026-01-07T16:00:00.000000000Z[0m [INFO] TRADER-001.nautilus_portfolio::portfolio: Updated AccountState(account_id=BINANCE-001, account_type=MARGIN, base_currency=USDT, is_reported=false, balances=[AccountBalance(total=108556.15879911 USDT, locked=1044.82703816 USDT, free=107511.33176095 USDT)], margins=[MarginBalance(initial=0.00000000 USDT, maintenance=1044.82703816 USDT, instrument_id=ETHUSDT-PERP.BINANCE)], event_id=64f9c74e-2d63-4025-ab04-33b54e651d83)[0m
[1m2026-01-07T16:00:00.000000000Z[0m [INFO] TRADER-001.nautilus_trading::strategy: DataActor-140724825183112 <--[EVT] PositionAdjusted(PositionAdjusted { trader_id: "TRADER-001", strategy_id: "DataActor-140724825183112", instrument_id: "ETHUSDT-PERP.BINANCE", position_id: "P-20260107-150500-001-140724825183112-7", account_id: "BINANCE-001", adjustment_type: Funding, quantity_change: None, pnl_change: Some(Money(10.17671802, USDT)), reason: Some(u!("funding_settlement:9eb0fea5-32f6-4f56-abd3-89393e90ba06")), event_id: UUID4(9a0c8e01-f592-4c6d-9f3a-37bb95f39034), ts_event: UnixNanos(1767801600000000000), ts_init: UnixNanos(1767801600000000000) })[0m
[1m2026-01-07T16:00:00.000000000Z[0m [1;33m[WARN] TRADER-001.nautilus_common::cache: Cannot calculate unrealized PnL for P-20260107-150500-001-140724825183112-7, no quotes for ETHUSDT-PERP.BINANCE[0m
[1m2026-01-07T16:00:10.000000000Z[0m [1;33m[WARN] TRADER-001.nautilus_common::cache: Cannot calculate unrealized PnL for P-20260107-150500-001-140724825183112-7, no quotes for ETHUSDT-PERP.BINANCE[0m
[1m2026-01-07T16:00:20.000000000Z[0m [1;33m[WARN] TRADER-001.nautilus_common::cache: Cannot calculate unrealized PnL for P-20260107-150500-001-140724825183112-7, no quotes for ETHUSDT-PERP.BINANCE[0m
[1m2026-01-07T16:00:30.000000000Z[0m [1;33m[WARN] TRADER-001.nautilus_common::cache: Cannot calculate unrealized PnL for P-20260107-150500-001-140724825183112-7, no quotes for ETHUSDT-PERP.BINANCE[0m
[1m2026-01-07T16:00:40.000000000Z[0m [1;33m[WARN] TRADER-001.nautilus_common::cache: Cannot calculate unrealized PnL for P-20260107-150500-001-140724825183112-7, no quotes for ETHUSDT-PERP.BINANCE[0m
[1m2026-01-07T16:00:50.000000000Z[0m [1;33m[WARN] TRADER-001.nautilus_common::cache: Cannot calculate unrealized PnL for P-20260107-150500-001-140724825183112-7, no quotes for ETHUSDT-PERP.BINANCE[0m
[1m2026-01-07T16:00:59.999000000Z[0m [1;33m[WARN] TRADER-001.nautilus_common::cache: Cannot calculate unrealized PnL for P-20260107-150500-001-140724825183112-7, no quotes for ETHUSDT-PERP.BINANCE[0m
[1m2026-01-07T16:01:00.000000000Z[0m [1;33m[WARN] TRADER-001.nautilus_common::cache: Cannot calculate unrealized PnL for P-20260107-150500-001-140724825183112-7, no quotes for ETHUSDT-PERP.BINANCE[0m
[1m2026-01-07T16:01:10.000000000Z[0m [1;33m[WARN] TRADER-001.nautilus_common::cache: Cannot calculate unrealized PnL for P-20260107-150500-001-140724825183112-7, no quotes for ETHUSDT-PERP.BINANCE[0m
[1m2026-01-07T16:01:20.000000000Z[0m [1;33m[WARN] TRADER-001.nautilus_common::cache: Cannot calculate unrealized PnL for P-20260107-150500-001-140724825183112-7, no quotes for ETHUSDT-PERP.BINANCE[0m
[1m2026-01-07T16:01:30.000000000Z[0m [1;33m[WARN] TRADER-001.nautilus_common::cache: Cannot calculate unrealized PnL for P-20260107-150500-001-140724825183112-7, no quotes for ETHUSDT-PERP.BINANCE[0m
[1m2026-01-07T16:01:40.000000000Z[0m [1;33m[WARN] TRADER-001.nautilus_common::cache: Cannot calculate unrealized PnL for P-20260107-150500-001-140724825183112-7, no quotes for ETHUSDT-PERP.BINANCE[0m
[1m2026-01-07T16:01:50.000000000Z[0m [1;33m[WARN] TRADER-001.nautilus_common::cache: Cannot calculate unrealized PnL for P-20260107-150500-001-140724825183112-7, no quotes for ETHUSDT-PERP.BINANCE[0m
[1m2026-01-07T16:01:59.999000000Z[0m [1;33m[WARN] TRADER-001.nautilus_common::cache: Cannot calculate unrealized PnL for P-20260107-150500-001-140724825183112-7, no quotes for ETHUSDT-PERP.BINANCE[0m
[1m2026-01-07T16:02:00.000000000Z[0m [1;33m[WARN] TRADER-001.nautilus_common::cache: Cannot calculate unrealized PnL for P-20260107-150500-001-140724825183112-7, no quotes for ETHUSDT-PERP.BINANCE[0m
[1m2026-01-07T16:02:10.000000000Z[0m [1;33m[WARN] TRADER-001.nautilus_common::cache: Cannot calculate unrealized PnL for P-20260107-150500-001-140724825183112-7, no quotes for ETHUSDT-PERP.BINANCE[0m
[1m2026-01-07T16:02:20.000000000Z[0m [1;33m[WARN] TRADER-001.nautilus_common::cache: Cannot calculate unrealized PnL for P-20260107-150500-001-140724825183112-7, no quotes for ETHUSDT-PERP.BINANCE[0m
[1m2026-01-07T16:02:30.000000000Z[0m [1;33m[WARN] TRADER-001.nautilus_common::cache: Cannot calculate unrealized PnL for P-20260107-150500-001-140724825183112-7, no quotes for ETHUSDT-PERP.BINANCE[0m
[1m2026-01-07T16:02:40.000000000Z[0m [1;33m[WARN] TRADER-001.nautilus_common::cache: Cannot calculate unrealized PnL for P-20260107-150500-001-140724825183112-7, no quotes for ETHUSDT-PERP.BINANCE[0m
[1m2026-01-07T16:02:50.000000000Z[0m [1;33m[WARN] TRADER-001.nautilus_common::cache: Cannot calculate unrealized PnL for P-20260107-150500-001-140724825183112-7, no quotes for ETHUSDT-PERP.BINANCE[0m
[1m2026-01-07T16:02:59.999000000Z[0m [1;33m[WARN] TRADER-001.nautilus_common::cache: Cannot calculate unrealized PnL for P-20260107-150500-001-140724825183112-7, no quotes for ETHUSDT-PERP.BINANCE[0m
[1m2026-01-07T16:03:00.000000000Z[0m [1;33m[WARN] TRADER-001.nautilus_common::cache: Cannot calculate unrealized PnL for P-20260107-150500-001-140724825183112-7, no quotes for ETHUSDT-PERP.BINANCE[0m
[1m2026-01-07T16:03:10.000000000Z[0m [1;33m[WARN] TRADER-001.nautilus_common::cache: Cannot calculate unrealized PnL for P-20260107-150500-001-140724825183112-7, no quotes for ETHUSDT-PERP.BINANCE[0m
[1m2026-01-07T16:03:20.000000000Z[0m [1;33m[WARN] TRADER-001.nautilus_common::cache: Cannot calculate unrealized PnL for P-20260107-150500-001-140724825183112-7, no quotes for ETHUSDT-PERP.BINANCE[0m
[1m2026-01-07T16:03:30.000000000Z[0m [1;33m[WARN] TRADER-001.nautilus_common::cache: Cannot calculate unrealized PnL for P-20260107-150500-001-140724825183112-7, no quotes for ETHUSDT-PERP.BINANCE[0m
[1m2026-01-07T16:03:40.000000000Z[0m [1;33m[WARN] TRADER-001.nautilus_common::cache: Cannot calculate unrealized PnL for P-20260107-150500-001-140724825183112-7, no quotes for ETHUSDT-PERP.BINANCE[0m
[1m2026-01-07T16:03:50.000000000Z[0m [1;33m[WARN] TRADER-001.nautilus_common::cache: Cannot calculate unrealized PnL for P-20260107-150500-001-140724825183112-7, no quotes for ETHUSDT-PERP.BINANCE[0m
[1m2026-01-07T16:03:59.999000000Z[0m [1;33m[WARN] TRADER-001.nautilus_common::cache: Cannot calculate unrealized PnL for P-20260107-150500-001-140724825183112-7, no quotes for ETHUSDT-PERP.BINANCE[0m
[1m2026-01-07T16:04:00.000000000Z[0m [1;33m[WARN] TRADER-001.nautilus_common::cache: Cannot calculate unrealized PnL for P-20260107-150500-001-140724825183112-7, no quotes for ETHUSDT-PERP.BINANCE[0m
[1m2026-01-07T16:04:10.000000000Z[0m [1;33m[WARN] TRADER-001.nautilus_common::cache: Cannot calculate unrealized PnL for P-20260107-150500-001-140724825183112-7, no quotes for ETHUSDT-PERP.BINANCE[0m
[1m2026-01-07T16:04:20.000000000Z[0m [1;33m[WARN] TRADER-001.nautilus_common::cache: Cannot calculate unrealized PnL for P-20260107-150500-001-140724825183112-7, no quotes for ETHUSDT-PERP.BINANCE[0m
[1m2026-01-07T16:04:30.000000000Z[0m [1;33m[WARN] TRADER-001.nautilus_common::cache: Cannot calculate unrealized PnL for P-20260107-150500-001-140724825183112-7, no quotes for ETHUSDT-PERP.BINANCE[0m
[1m2026-01-07T16:04:40.000000000Z[0m [1;33m[WARN] TRADER-001.nautilus_common::cache: Cannot calculate unrealized PnL for P-20260107-150500-001-140724825183112-7, no quotes for ETHUSDT-PERP.BINANCE[0m
[1m2026-01-07T16:04:50.000000000Z[0m [1;33m[WARN] TRADER-001.nautilus_common::cache: Cannot calculate unrealized PnL for P-20260107-150500-001-140724825183112-7, no quotes for ETHUSDT-PERP.BINANCE[0m
[1m2026-01-07T16:04:59.999000000Z[0m [1;33m[WARN] TRADER-001.nautilus_common::cache: Cannot calculate unrealized PnL for P-20260107-150500-001-140724825183112-7, no quotes for ETHUSDT-PERP.BINANCE[0m
[1m2026-01-07T16:05:00.000000000Z[0m [1;33m[WARN] TRADER-001.nautilus_common::cache: Cannot calculate unrealized PnL for P-20260107-150500-001-140724825183112-7, no quotes for ETHUSDT-PERP.BINANCE[0m
[1m2026-01-07T16:05:10.000000000Z[0m [1;33m[WARN] TRADER-001.nautilus_common::cache: Cannot calculate unrealized PnL for P-20260107-150500-001-140724825183112-7, no quotes for ETHUSDT-PERP.BINANCE[0m
[1m2026-01-07T16:05:20.000000000Z[0m [1;33m[WARN] TRADER-001.nautilus_common::cache: Cannot calculate unrealized PnL for P-20260107-150500-001-140724825183112-7, no quotes for ETHUSDT-PERP.BINANCE[0m
[1m2026-01-07T16:05:30.000000000Z[0m [1;33m[WARN] TRADER-001.nautilus_common::cache: Cannot calculate unrealized PnL for P-20260107-150500-001-140724825183112-7, no quotes for ETHUSDT-PERP.BINANCE[0m
[1m2026-01-07T16:05:40.000000000Z[0m [1;33m[WARN] TRADER-001.nautilus_common::cache: Cannot calculate unrealized PnL for P-20260107-150500-001-140724825183112-7, no quotes for ETHUSDT-PERP.BINANCE[0m
[1m2026-01-07T16:05:50.000000000Z[0m [1;33m[WARN] TRADER-001.nautilus_common::cache: Cannot calculate unrealized PnL for P-20260107-150500-001-140724825183112-7, no quotes for ETHUSDT-PERP.BINANCE[0m
[1m2026-01-07T16:05:59.999000000Z[0m [1;33m[WARN] TRADER-001.nautilus_common::cache: Cannot calculate unrealized PnL for P-20260107-150500-001-140724825183112-7, no quotes for ETHUSDT-PERP.BINANCE[0m
[1m2026-01-07T16:06:00.000000000Z[0m [1;33m[WARN] TRADER-001.nautilus_common::cache: Cannot calculate unrealized PnL for P-20260107-150500-001-140724825183112-7, no quotes for ETHUSDT-PERP.BINANCE[0m
[1m2026-01-07T16:06:10.000000000Z[0m [1;33m[WARN] TRADER-001.nautilus_common::cache: Cannot calculate unrealized PnL for P-20260107-150500-001-140724825183112-7, no quotes for ETHUSDT-PERP.BINANCE[0m
[1m2026-01-07T16:06:20.000000000Z[0m [1;33m[WARN] TRADER-001.nautilus_common::cache: Cannot calculate unrealized PnL for P-20260107-150500-001-140724825183112-7, no quotes for ETHUSDT-PERP.BINANCE[0m
[1m2026-01-07T16:06:30.000000000Z[0m [1;33m[WARN] TRADER-001.nautilus_common::cache: Cannot calculate unrealized PnL for P-20260107-150500-001-140724825183112-7, no quotes for ETHUSDT-PERP.BINANCE[0m
[1m2026-01-07T16:06:40.000000000Z[0m [1;33m[WARN] TRADER-001.nautilus_common::cache: Cannot calculate unrealized PnL for P-20260107-150500-001-140724825183112-7, no quotes for ETHUSDT-PERP.BINANCE[0m
[1m2026-01-07T16:06:50.000000000Z[0m [1;33m[WARN] TRADER-001.nautilus_common::cache: Cannot calculate unrealized PnL for P-20260107-150500-001-140724825183112-7, no quotes for ETHUSDT-PERP.BINANCE[0m
[1m2026-01-07T16:06:59.999000000Z[0m [1;33m[WARN] TRADER-001.nautilus_common::cache: Cannot calculate unrealized PnL for P-20260107-150500-001-140724825183112-7, no quotes for ETHUSDT-PERP.BINANCE[0m
[1m2026-01-07T16:07:00.000000000Z[0m [1;33m[WARN] TRADER-001.nautilus_common::cache: Cannot calculate unrealized PnL for P-20260107-150500-001-140724825183112-7, no quotes for ETHUSDT-PERP.BINANCE[0m
[1m2026-01-07T16:07:10.000000000Z[0m [1;33m[WARN] TRADER-001.nautilus_common::cache: Cannot calculate unrealized PnL for P-20260107-150500-001-140724825183112-7, no quotes for ETHUSDT-PERP.BINANCE[0m
[1m2026-01-07T16:07:20.000000000Z[0m [1;33m[WARN] TRADER-001.nautilus_common::cache: Cannot calculate unrealized PnL for P-20260107-150500-001-140724825183112-7, no quotes for ETHUSDT-PERP.BINANCE[0m
[1m2026-01-07T16:07:30.000000000Z[0m [1;33m[WARN] TRADER-001.nautilus_common::cache: Cannot calculate unrealized PnL for P-20260107-150500-001-140724825183112-7, no quotes for ETHUSDT-PERP.BINANCE[0m
[1m2026-01-07T16:07:40.000000000Z[0m [1;33m[WARN] TRADER-001.nautilus_common::cache: Cannot calculate unrealized PnL for P-20260107-150500-001-140724825183112-7, no quotes for ETHUSDT-PERP.BINANCE[0m
[1m2026-01-07T16:07:50.000000000Z[0m [1;33m[WARN] TRADER-001.nautilus_common::cache: Cannot calculate unrealized PnL for P-20260107-150500-001-140724825183112-7, no quotes for ETHUSDT-PERP.BINANCE[0m
[1m2026-01-07T16:07:59.999000000Z[0m [1;33m[WARN] TRADER-001.nautilus_common::cache: Cannot calculate unrealized PnL for P-20260107-150500-001-140724825183112-7, no quotes for ETHUSDT-PERP.BINANCE[0m
[1m2026-01-07T16:08:00.000000000Z[0m [1;33m[WARN] TRADER-001.nautilus_common::cache: Cannot calculate unrealized PnL for P-20260107-150500-001-140724825183112-7, no quotes for ETHUSDT-PERP.BINANCE[0m
[1m2026-01-07T16:08:10.000000000Z[0m [1;33m[WARN] TRADER-001.nautilus_common::cache: Cannot calculate unrealized PnL for P-20260107-150500-001-140724825183112-7, no quotes for ETHUSDT-PERP.BINANCE[0m
[1m2026-01-07T16:08:20.000000000Z[0m [1;33m[WARN] TRADER-001.nautilus_common::cache: Cannot calculate unrealized PnL for P-20260107-150500-001-140724825183112-7, no quotes for ETHUSDT-PERP.BINANCE[0m
[1m2026-01-07T16:08:30.000000000Z[0m [1;33m[WARN] TRADER-001.nautilus_common::cache: Cannot calculate unrealized PnL for P-20260107-150500-001-140724825183112-7, no quotes for ETHUSDT-PERP.BINANCE[0m
[1m2026-01-07T16:08:40.000000000Z[0m [1;33m[WARN] TRADER-001.nautilus_common::cache: Cannot calculate unrealized PnL for P-20260107-150500-001-140724825183112-7, no quotes for ETHUSDT-PERP.BINANCE[0m
[1m2026-01-07T16:08:50.000000000Z[0m [1;33m[WARN] TRADER-001.nautilus_common::cache: Cannot calculate unrealized PnL for P-20260107-150500-001-140724825183112-7, no quotes for ETHUSDT-PERP.BINANCE[0m
[1m2026-01-07T16:08:59.999000000Z[0m [1;33m[WARN] TRADER-001.nautilus_common::cache: Cannot calculate unrealized PnL for P-20260107-150500-001-140724825183112-7, no quotes for ETHUSDT-PERP.BINANCE[0m
[1m2026-01-07T16:09:00.000000000Z[0m [1;33m[WARN] TRADER-001.nautilus_common::cache: Cannot calculate unrealized PnL for P-20260107-150500-001-140724825183112-7, no quotes for ETHUSDT-PERP.BINANCE[0m
[1m2026-01-07T16:09:10.000000000Z[0m [1;33m[WARN] TRADER-001.nautilus_common::cache: Cannot calculate unrealized PnL for P-20260107-150500-001-140724825183112-7, no quotes for ETHUSDT-PERP.BINANCE[0m
[1m2026-01-07T16:09:20.000000000Z[0m [1;33m[WARN] TRADER-001.nautilus_common::cache: Cannot calculate unrealized PnL for P-20260107-150500-001-140724825183112-7, no quotes for ETHUSDT-PERP.BINANCE[0m
[1m2026-01-07T16:09:30.000000000Z[0m [1;33m[WARN] TRADER-001.nautilus_common::cache: Cannot calculate unrealized PnL for P-20260107-150500-001-140724825183112-7, no quotes for ETHUSDT-PERP.BINANCE[0m
[1m2026-01-07T16:09:40.000000000Z[0m [1;33m[WARN] TRADER-001.nautilus_common::cache: Cannot calculate unrealized PnL for P-20260107-150500-001-140724825183112-7, no quotes for ETHUSDT-PERP.BINANCE[0m
[1m2026-01-07T16:09:50.000000000Z[0m [1;33m[WARN] TRADER-001.nautilus_common::cache: Cannot calculate unrealized PnL for P-20260107-150500-001-140724825183112-7, no quotes for ETHUSDT-PERP.BINANCE[0m
[1m2026-01-07T16:09:59.999000000Z[0m [1;33m[WARN] TRADER-001.nautilus_common::cache: Cannot calculate unrealized PnL for P-20260107-150500-001-140724825183112-7, no quotes for ETHUSDT-PERP.BINANCE[0m
[1m2026-01-07T16:10:00.000000000Z[0m [1;33m[WARN] TRADER-001.nautilus_common::cache: Cannot calculate unrealized PnL for P-20260107-150500-001-140724825183112-7, no quotes for ETHUSDT-PERP.BINANCE[0m
[1m2026-01-07T16:10:10.000000000Z[0m [1;33m[WARN] TRADER-001.nautilus_common::cache: Cannot calculate unrealized PnL for P-20260107-150500-001-140724825183112-7, no quotes for ETHUSDT-PERP.BINANCE[0m
[1m2026-01-07T16:10:20.000000000Z[0m [1;33m[WARN] TRADER-001.nautilus_common::cache: Cannot calculate unrealized PnL for P-20260107-150500-001-140724825183112-7, no quotes for ETHUSDT-PERP.BINANCE[0m
[1m2026-01-07T16:10:30.000000000Z[0m [1;33m[WARN] TRADER-001.nautilus_common::cache: Cannot calculate unrealized PnL for P-20260107-150500-001-140724825183112-7, no quotes for ETHUSDT-PERP.BINANCE[0m
[1m2026-01-07T16:10:40.000000000Z[0m [1;33m[WARN] TRADER-001.nautilus_common::cache: Cannot calculate unrealized PnL for P-20260107-150500-001-140724825183112-7, no quotes for ETHUSDT-PERP.BINANCE[0m
[1m2026-01-07T16:10:50.000000000Z[0m [1;33m[WARN] TRADER-001.nautilus_common::cache: Cannot calculate unrealized PnL for P-20260107-150500-001-140724825183112-7, no quotes for ETHUSDT-PERP.BINANCE[0m
[1m2026-01-07T16:10:59.999000000Z[0m [1;33m[WARN] TRADER-001.nautilus_common::cache: Cannot calculate unrealized PnL for P-20260107-150500-001-140724825183112-7, no quotes for ETHUSDT-PERP.BINANCE[0m
[1m2026-01-07T16:11:00.000000000Z[0m [1;33m[WARN] TRADER-001.nautilus_common::cache: Cannot calculate unrealized PnL for P-20260107-150500-001-140724825183112-7, no quotes for ETHUSDT-PERP.BINANCE[0m
[1m2026-01-07T16:11:10.000000000Z[0m [1;33m[WARN] TRADER-001.nautilus_common::cache: Cannot calculate unrealized PnL for P-20260107-150500-001-140724825183112-7, no quotes for ETHUSDT-PERP.BINANCE[0m
[1m2026-01-07T16:11:20.000000000Z[0m [1;33m[WARN] TRADER-001.nautilus_common::cache: Cannot calculate unrealized PnL for P-20260107-150500-001-140724825183112-7, no quotes for ETHUSDT-PERP.BINANCE[0m
[1m2026-01-07T16:11:30.000000000Z[0m [1;33m[WARN] TRADER-001.nautilus_common::cache: Cannot calculate unrealized PnL for P-20260107-150500-001-140724825183112-7, no quotes for ETHUSDT-PERP.BINANCE[0m
[1m2026-01-07T16:11:40.000000000Z[0m [1;33m[WARN] TRADER-001.nautilus_common::cache: Cannot calculate unrealized PnL for P-20260107-150500-001-140724825183112-7, no quotes for ETHUSDT-PERP.BINANCE[0m
[1m2026-01-07T16:11:50.000000000Z[0m [1;33m[WARN] TRADER-001.nautilus_common::cache: Cannot calculate unrealized PnL for P-20260107-150500-001-140724825183112-7, no quotes for ETHUSDT-PERP.BINANCE[0m
[1m2026-01-07T16:11:59.999000000Z[0m [1;33m[WARN] TRADER-001.nautilus_common::cache: Cannot calculate unrealized PnL for P-20260107-150500-001-140724825183112-7, no quotes for ETHUSDT-PERP.BINANCE[0m
[1m2026-01-07T16:12:00.000000000Z[0m [1;33m[WARN] TRADER-001.nautilus_common::cache: Cannot calculate unrealized PnL for P-20260107-150500-001-140724825183112-7, no quotes for ETHUSDT-PERP.BINANCE[0m
[1m2026-01-07T16:12:10.000000000Z[0m [1;33m[WARN] TRADER-001.nautilus_common::cache: Cannot calculate unrealized PnL for P-20260107-150500-001-140724825183112-7, no quotes for ETHUSDT-PERP.BINANCE[0m
[1m2026-01-07T16:12:20.000000000Z[0m [1;33m[WARN] TRADER-001.nautilus_common::cache: Cannot calculate unrealized PnL for P-20260107-150500-001-140724825183112-7, no quotes for ETHUSDT-PERP.BINANCE[0m
[1m2026-01-07T16:12:30.000000000Z[0m [1;33m[WARN] TRADER-001.nautilus_common::cache: Cannot calculate unrealized PnL for P-20260107-150500-001-140724825183112-7, no quotes for ETHUSDT-PERP.BINANCE[0m
[1m2026-01-07T16:12:40.000000000Z[0m [1;33m[WARN] TRADER-001.nautilus_common::cache: Cannot calculate unrealized PnL for P-20260107-150500-001-140724825183112-7, no quotes for ETHUSDT-PERP.BINANCE[0m
[1m2026-01-07T16:12:50.000000000Z[0m [1;33m[WARN] TRADER-001.nautilus_common::cache: Cannot calculate unrealized PnL for P-20260107-150500-001-140724825183112-7, no quotes for ETHUSDT-PERP.BINANCE[0m
[1m2026-01-07T16:12:59.999000000Z[0m [1;33m[WARN] TRADER-001.nautilus_common::cache: Cannot calculate unrealized PnL for P-20260107-150500-001-140724825183112-7, no quotes for ETHUSDT-PERP.BINANCE[0m
[1m2026-01-07T16:13:00.000000000Z[0m [1;33m[WARN] TRADER-001.nautilus_common::cache: Cannot calculate unrealized PnL for P-20260107-150500-001-140724825183112-7, no quotes for ETHUSDT-PERP.BINANCE[0m
[1m2026-01-07T16:13:10.000000000Z[0m [1;33m[WARN] TRADER-001.nautilus_common::cache: Cannot calculate unrealized PnL for P-20260107-150500-001-140724825183112-7, no quotes for ETHUSDT-PERP.BINANCE[0m
[1m2026-01-07T16:13:20.000000000Z[0m [1;33m[WARN] TRADER-001.nautilus_common::cache: Cannot calculate unrealized PnL for P-20260107-150500-001-140724825183112-7, no quotes for ETHUSDT-PERP.BINANCE[0m
[1m2026-01-07T16:13:30.000000000Z[0m [1;33m[WARN] TRADER-001.nautilus_common::cache: Cannot calculate unrealized PnL for P-20260107-150500-001-140724825183112-7, no quotes for ETHUSDT-PERP.BINANCE[0m
[1m2026-01-07T16:13:40.000000000Z[0m [1;33m[WARN] TRADER-001.nautilus_common::cache: Cannot calculate unrealized PnL for P-20260107-150500-001-140724825183112-7, no quotes for ETHUSDT-PERP.BINANCE[0m
[1m2026-01-07T16:13:50.000000000Z[0m [1;33m[WARN] TRADER-001.nautilus_common::cache: Cannot calculate unrealized PnL for P-20260107-150500-001-140724825183112-7, no quotes for ETHUSDT-PERP.BINANCE[0m
[1m2026-01-07T16:13:59.999000000Z[0m [1;33m[WARN] TRADER-001.nautilus_common::cache: Cannot calculate unrealized PnL for P-20260107-150500-001-140724825183112-7, no quotes for ETHUSDT-PERP.BINANCE[0m
[1m2026-01-07T16:14:00.000000000Z[0m [1;33m[WARN] TRADER-001.nautilus_common::cache: Cannot calculate unrealized PnL for P-20260107-150500-001-140724825183112-7, no quotes for ETHUSDT-PERP.BINANCE[0m
[1m2026-01-07T16:14:10.000000000Z[0m [1;33m[WARN] TRADER-001.nautilus_common::cache: Cannot calculate unrealized PnL for P-20260107-150500-001-140724825183112-7, no quotes for ETHUSDT-PERP.BINANCE[0m
[1m2026-01-07T16:14:20.000000000Z[0m [1;33m[WARN] TRADER-001.nautilus_common::cache: Cannot calculate unrealized PnL for P-20260107-150500-001-140724825183112-7, no quotes for ETHUSDT-PERP.BINANCE[0m
[1m2026-01-07T16:14:30.000000000Z[0m [1;33m[WARN] TRADER-001.nautilus_common::cache: Cannot calculate unrealized PnL for P-20260107-150500-001-140724825183112-7, no quotes for ETHUSDT-PERP.BINANCE[0m
[1m2026-01-07T16:14:40.000000000Z[0m [1;33m[WARN] TRADER-001.nautilus_common::cache: Cannot calculate unrealized PnL for P-20260107-150500-001-140724825183112-7, no quotes for ETHUSDT-PERP.BINANCE[0m
[1m2026-01-07T16:14:50.000000000Z[0m [1;33m[WARN] TRADER-001.nautilus_common::cache: Cannot calculate unrealized PnL for P-20260107-150500-001-140724825183112-7, no quotes for ETHUSDT-PERP.BINANCE[0m
[1m2026-01-07T16:14:59.999000000Z[0m [1;33m[WARN] TRADER-001.nautilus_common::cache: Cannot calculate unrealized PnL for P-20260107-150500-001-140724825183112-7, no quotes for ETHUSDT-PERP.BINANCE[0m
[1m2026-01-07T16:15:00.000000000Z[0m [1;33m[WARN] TRADER-001.nautilus_common::cache: Cannot calculate unrealized PnL for P-20260107-150500-001-140724825183112-7, no quotes for ETHUSDT-PERP.BINANCE[0m
[1m2026-01-07T16:15:10.000000000Z[0m [1;33m[WARN] TRADER-001.nautilus_common::cache: Cannot calculate unrealized PnL for P-20260107-150500-001-140724825183112-7, no quotes for ETHUSDT-PERP.BINANCE[0m
[1m2026-01-07T16:15:20.000000000Z[0m [1;33m[WARN] TRADER-001.nautilus_common::cache: Cannot calculate unrealized PnL for P-20260107-150500-001-140724825183112-7, no quotes for ETHUSDT-PERP.BINANCE[0m
[1m2026-01-07T16:15:30.000000000Z[0m [1;33m[WARN] TRADER-001.nautilus_common::cache: Cannot calculate unrealized PnL for P-20260107-150500-001-140724825183112-7, no quotes for ETHUSDT-PERP.BINANCE[0m
[1m2026-01-07T16:15:40.000000000Z[0m [1;33m[WARN] TRADER-001.nautilus_common::cache: Cannot calculate unrealized PnL for P-20260107-150500-001-140724825183112-7, no quotes for ETHUSDT-PERP.BINANCE[0m
[1m2026-01-07T16:15:50.000000000Z[0m [1;33m[WARN] TRADER-001.nautilus_common::cache: Cannot calculate unrealized PnL for P-20260107-150500-001-140724825183112-7, no quotes for ETHUSDT-PERP.BINANCE[0m
[1m2026-01-07T16:15:59.999000000Z[0m [1;33m[WARN] TRADER-001.nautilus_common::cache: Cannot calculate unrealized PnL for P-20260107-150500-001-140724825183112-7, no quotes for ETHUSDT-PERP.BINANCE[0m
[1m2026-01-07T16:16:00.000000000Z[0m [1;33m[WARN] TRADER-001.nautilus_common::cache: Cannot calculate unrealized PnL for P-20260107-150500-001-140724825183112-7, no quotes for ETHUSDT-PERP.BINANCE[0m
[1m2026-01-07T16:16:10.000000000Z[0m [1;33m[WARN] TRADER-001.nautilus_common::cache: Cannot calculate unrealized PnL for P-20260107-150500-001-140724825183112-7, no quotes for ETHUSDT-PERP.BINANCE[0m
[1m2026-01-07T16:16:20.000000000Z[0m [1;33m[WARN] TRADER-001.nautilus_common::cache: Cannot calculate unrealized PnL for P-20260107-150500-001-140724825183112-7, no quotes for ETHUSDT-PERP.BINANCE[0m
[1m2026-01-07T16:16:30.000000000Z[0m [1;33m[WARN] TRADER-001.nautilus_common::cache: Cannot calculate unrealized PnL for P-20260107-150500-001-140724825183112-7, no quotes for ETHUSDT-PERP.BINANCE[0m
[1m2026-01-07T16:16:40.000000000Z[0m [1;33m[WARN] TRADER-001.nautilus_common::cache: Cannot calculate unrealized PnL for P-20260107-150500-001-140724825183112-7, no quotes for ETHUSDT-PERP.BINANCE[0m
[1m2026-01-07T16:16:50.000000000Z[0m [1;33m[WARN] TRADER-001.nautilus_common::cache: Cannot calculate unrealized PnL for P-20260107-150500-001-140724825183112-7, no quotes for ETHUSDT-PERP.BINANCE[0m
[1m2026-01-07T16:16:59.999000000Z[0m [1;33m[WARN] TRADER-001.nautilus_common::cache: Cannot calculate unrealized PnL for P-20260107-150500-001-140724825183112-7, no quotes for ETHUSDT-PERP.BINANCE[0m
[1m2026-01-07T16:17:00.000000000Z[0m [1;33m[WARN] TRADER-001.nautilus_common::cache: Cannot calculate unrealized PnL for P-20260107-150500-001-140724825183112-7, no quotes for ETHUSDT-PERP.BINANCE[0m
[1m2026-01-07T16:17:10.000000000Z[0m [1;33m[WARN] TRADER-001.nautilus_common::cache: Cannot calculate unrealized PnL for P-20260107-150500-001-140724825183112-7, no quotes for ETHUSDT-PERP.BINANCE[0m
[1m2026-01-07T16:17:20.000000000Z[0m [1;33m[WARN] TRADER-001.nautilus_common::cache: Cannot calculate unrealized PnL for P-20260107-150500-001-140724825183112-7, no quotes for ETHUSDT-PERP.BINANCE[0m
[1m2026-01-07T16:17:30.000000000Z[0m [1;33m[WARN] TRADER-001.nautilus_common::cache: Cannot calculate unrealized PnL for P-20260107-150500-001-140724825183112-7, no quotes for ETHUSDT-PERP.BINANCE[0m
[1m2026-01-07T16:17:40.000000000Z[0m [1;33m[WARN] TRADER-001.nautilus_common::cache: Cannot calculate unrealized PnL for P-20260107-150500-001-140724825183112-7, no quotes for ETHUSDT-PERP.BINANCE[0m
[1m2026-01-07T16:17:50.000000000Z[0m [1;33m[WARN] TRADER-001.nautilus_common::cache: Cannot calculate unrealized PnL for P-20260107-150500-001-140724825183112-7, no quotes for ETHUSDT-PERP.BINANCE[0m
[1m2026-01-07T16:17:59.999000000Z[0m [1;33m[WARN] TRADER-001.nautilus_common::cache: Cannot calculate unrealized PnL for P-20260107-150500-001-140724825183112-7, no quotes for ETHUSDT-PERP.BINANCE[0m
[1m2026-01-07T16:18:00.000000000Z[0m [1;33m[WARN] TRADER-001.nautilus_common::cache: Cannot calculate unrealized PnL for P-20260107-150500-001-140724825183112-7, no quotes for ETHUSDT-PERP.BINANCE[0m
[1m2026-01-07T16:18:10.000000000Z[0m [1;33m[WARN] TRADER-001.nautilus_common::cache: Cannot calculate unrealized PnL for P-20260107-150500-001-140724825183112-7, no quotes for ETHUSDT-PERP.BINANCE[0m
[1m2026-01-07T16:18:20.000000000Z[0m [1;33m[WARN] TRADER-001.nautilus_common::cache: Cannot calculate unrealized PnL for P-20260107-150500-001-140724825183112-7, no quotes for ETHUSDT-PERP.BINANCE[0m
[1m2026-01-07T16:18:30.000000000Z[0m [1;33m[WARN] TRADER-001.nautilus_common::cache: Cannot calculate unrealized PnL for P-20260107-150500-001-140724825183112-7, no quotes for ETHUSDT-PERP.BINANCE[0m
[1m2026-01-07T16:18:40.000000000Z[0m [1;33m[WARN] TRADER-001.nautilus_common::cache: Cannot calculate unrealized PnL for P-20260107-150500-001-140724825183112-7, no quotes for ETHUSDT-PERP.BINANCE[0m
[1m2026-01-07T16:18:50.000000000Z[0m [1;33m[WARN] TRADER-001.nautilus_common::cache: Cannot calculate unrealized PnL for P-20260107-150500-001-140724825183112-7, no quotes for ETHUSDT-PERP.BINANCE[0m
[1m2026-01-07T16:18:59.999000000Z[0m [1;33m[WARN] TRADER-001.nautilus_common::cache: Cannot calculate unrealized PnL for P-20260107-150500-001-140724825183112-7, no quotes for ETHUSDT-PERP.BINANCE[0m
[1m2026-01-07T16:19:00.000000000Z[0m [1;33m[WARN] TRADER-001.nautilus_common::cache: Cannot calculate unrealized PnL for P-20260107-150500-001-140724825183112-7, no quotes for ETHUSDT-PERP.BINANCE[0m
[1m2026-01-07T16:19:10.000000000Z[0m [1;33m[WARN] TRADER-001.nautilus_common::cache: Cannot calculate unrealized PnL for P-20260107-150500-001-140724825183112-7, no quotes for ETHUSDT-PERP.BINANCE[0m
[1m2026-01-07T16:19:20.000000000Z[0m [1;33m[WARN] TRADER-001.nautilus_common::cache: Cannot calculate unrealized PnL for P-20260107-150500-001-140724825183112-7, no quotes for ETHUSDT-PERP.BINANCE[0m
[1m2026-01-07T16:19:30.000000000Z[0m [1;33m[WARN] TRADER-001.nautilus_common::cache: Cannot calculate unrealized PnL for P-20260107-150500-001-140724825183112-7, no quotes for ETHUSDT-PERP.BINANCE[0m
[1m2026-01-07T16:19:40.000000000Z[0m [1;33m[WARN] TRADER-001.nautilus_common::cache: Cannot calculate unrealized PnL for P-20260107-150500-001-140724825183112-7, no quotes for ETHUSDT-PERP.BINANCE[0m
[1m2026-01-07T16:19:50.000000000Z[0m [1;33m[WARN] TRADER-001.nautilus_common::cache: Cannot calculate unrealized PnL for P-20260107-150500-001-140724825183112-7, no quotes for ETHUSDT-PERP.BINANCE[0m
[1m2026-01-07T16:19:59.999000000Z[0m [1;33m[WARN] TRADER-001.nautilus_common::cache: Cannot calculate unrealized PnL for P-20260107-150500-001-140724825183112-7, no quotes for ETHUSDT-PERP.BINANCE[0m
[1m2026-01-07T16:20:00.000000000Z[0m [1;33m[WARN] TRADER-001.nautilus_common::cache: Cannot calculate unrealized PnL for P-20260107-150500-001-140724825183112-7, no quotes for ETHUSDT-PERP.BINANCE[0m
[1m2026-01-07T16:20:10.000000000Z[0m [1;33m[WARN] TRADER-001.nautilus_common::cache: Cannot calculate unrealized PnL for P-20260107-150500-001-140724825183112-7, no quotes for ETHUSDT-PERP.BINANCE[0m
[1m2026-01-07T16:20:20.000000000Z[0m [1;33m[WARN] TRADER-001.nautilus_common::cache: Cannot calculate unrealized PnL for P-20260107-150500-001-140724825183112-7, no quotes for ETHUSDT-PERP.BINANCE[0m
[1m2026-01-07T16:20:30.000000000Z[0m [1;33m[WARN] TRADER-001.nautilus_common::cache: Cannot calculate unrealized PnL for P-20260107-150500-001-140724825183112-7, no quotes for ETHUSDT-PERP.BINANCE[0m
[1m2026-01-07T16:20:40.000000000Z[0m [1;33m[WARN] TRADER-001.nautilus_common::cache: Cannot calculate unrealized PnL for P-20260107-150500-001-140724825183112-7, no quotes for ETHUSDT-PERP.BINANCE[0m
[1m2026-01-07T16:20:50.000000000Z[0m [1;33m[WARN] TRADER-001.nautilus_common::cache: Cannot calculate unrealized PnL for P-20260107-150500-001-140724825183112-7, no quotes for ETHUSDT-PERP.BINANCE[0m
[1m2026-01-07T16:20:59.999000000Z[0m [1;33m[WARN] TRADER-001.nautilus_common::cache: Cannot calculate unrealized PnL for P-20260107-150500-001-140724825183112-7, no quotes for ETHUSDT-PERP.BINANCE[0m
[1m2026-01-07T16:21:00.000000000Z[0m [1;33m[WARN] TRADER-001.nautilus_common::cache: Cannot calculate unrealized PnL for P-20260107-150500-001-140724825183112-7, no quotes for ETHUSDT-PERP.BINANCE[0m
[1m2026-01-07T16:21:10.000000000Z[0m [1;33m[WARN] TRADER-001.nautilus_common::cache: Cannot calculate unrealized PnL for P-20260107-150500-001-140724825183112-7, no quotes for ETHUSDT-PERP.BINANCE[0m
[1m2026-01-07T16:21:20.000000000Z[0m [1;33m[WARN] TRADER-001.nautilus_common::cache: Cannot calculate unrealized PnL for P-20260107-150500-001-140724825183112-7, no quotes for ETHUSDT-PERP.BINANCE[0m
[1m2026-01-07T16:21:30.000000000Z[0m [1;33m[WARN] TRADER-001.nautilus_common::cache: Cannot calculate unrealized PnL for P-20260107-150500-001-140724825183112-7, no quotes for ETHUSDT-PERP.BINANCE[0m
[1m2026-01-07T16:21:40.000000000Z[0m [1;33m[WARN] TRADER-001.nautilus_common::cache: Cannot calculate unrealized PnL for P-20260107-150500-001-140724825183112-7, no quotes for ETHUSDT-PERP.BINANCE[0m
[1m2026-01-07T16:21:50.000000000Z[0m [1;33m[WARN] TRADER-001.nautilus_common::cache: Cannot calculate unrealized PnL for P-20260107-150500-001-140724825183112-7, no quotes for ETHUSDT-PERP.BINANCE[0m
[1m2026-01-07T16:21:59.999000000Z[0m [1;33m[WARN] TRADER-001.nautilus_common::cache: Cannot calculate unrealized PnL for P-20260107-150500-001-140724825183112-7, no quotes for ETHUSDT-PERP.BINANCE[0m
[1m2026-01-07T16:22:00.000000000Z[0m [1;33m[WARN] TRADER-001.nautilus_common::cache: Cannot calculate unrealized PnL for P-20260107-150500-001-140724825183112-7, no quotes for ETHUSDT-PERP.BINANCE[0m
[1m2026-01-07T16:22:10.000000000Z[0m [1;33m[WARN] TRADER-001.nautilus_common::cache: Cannot calculate unrealized PnL for P-20260107-150500-001-140724825183112-7, no quotes for ETHUSDT-PERP.BINANCE[0m
[1m2026-01-07T16:22:20.000000000Z[0m [1;33m[WARN] TRADER-001.nautilus_common::cache: Cannot calculate unrealized PnL for P-20260107-150500-001-140724825183112-7, no quotes for ETHUSDT-PERP.BINANCE[0m
[1m2026-01-07T16:22:30.000000000Z[0m [1;33m[WARN] TRADER-001.nautilus_common::cache: Cannot calculate unrealized PnL for P-20260107-150500-001-140724825183112-7, no quotes for ETHUSDT-PERP.BINANCE[0m
[1m2026-01-07T16:22:40.000000000Z[0m [1;33m[WARN] TRADER-001.nautilus_common::cache: Cannot calculate unrealized PnL for P-20260107-150500-001-140724825183112-7, no quotes for ETHUSDT-PERP.BINANCE[0m
[1m2026-01-07T16:22:50.000000000Z[0m [1;33m[WARN] TRADER-001.nautilus_common::cache: Cannot calculate unrealized PnL for P-20260107-150500-001-140724825183112-7, no quotes for ETHUSDT-PERP.BINANCE[0m
[1m2026-01-07T16:22:59.999000000Z[0m [1;33m[WARN] TRADER-001.nautilus_common::cache: Cannot calculate unrealized PnL for P-20260107-150500-001-140724825183112-7, no quotes for ETHUSDT-PERP.BINANCE[0m
[1m2026-01-07T16:23:00.000000000Z[0m [1;33m[WARN] TRADER-001.nautilus_common::cache: Cannot calculate unrealized PnL for P-20260107-150500-001-140724825183112-7, no quotes for ETHUSDT-PERP.BINANCE[0m
[1m2026-01-07T16:23:10.000000000Z[0m [1;33m[WARN] TRADER-001.nautilus_common::cache: Cannot calculate unrealized PnL for P-20260107-150500-001-140724825183112-7, no quotes for ETHUSDT-PERP.BINANCE[0m
[1m2026-01-07T16:23:20.000000000Z[0m [1;33m[WARN] TRADER-001.nautilus_common::cache: Cannot calculate unrealized PnL for P-20260107-150500-001-140724825183112-7, no quotes for ETHUSDT-PERP.BINANCE[0m
[1m2026-01-07T16:23:30.000000000Z[0m [1;33m[WARN] TRADER-001.nautilus_common::cache: Cannot calculate unrealized PnL for P-20260107-150500-001-140724825183112-7, no quotes for ETHUSDT-PERP.BINANCE[0m
[1m2026-01-07T16:23:40.000000000Z[0m [1;33m[WARN] TRADER-001.nautilus_common::cache: Cannot calculate unrealized PnL for P-20260107-150500-001-140724825183112-7, no quotes for ETHUSDT-PERP.BINANCE[0m
[1m2026-01-07T16:23:50.000000000Z[0m [1;33m[WARN] TRADER-001.nautilus_common::cache: Cannot calculate unrealized PnL for P-20260107-150500-001-140724825183112-7, no quotes for ETHUSDT-PERP.BINANCE[0m
[1m2026-01-07T16:23:59.999000000Z[0m [1;33m[WARN] TRADER-001.nautilus_common::cache: Cannot calculate unrealized PnL for P-20260107-150500-001-140724825183112-7, no quotes for ETHUSDT-PERP.BINANCE[0m
[1m2026-01-07T16:24:00.000000000Z[0m [1;33m[WARN] TRADER-001.nautilus_common::cache: Cannot calculate unrealized PnL for P-20260107-150500-001-140724825183112-7, no quotes for ETHUSDT-PERP.BINANCE[0m
[1m2026-01-07T16:24:10.000000000Z[0m [1;33m[WARN] TRADER-001.nautilus_common::cache: Cannot calculate unrealized PnL for P-20260107-150500-001-140724825183112-7, no quotes for ETHUSDT-PERP.BINANCE[0m
[1m2026-01-07T16:24:20.000000000Z[0m [1;33m[WARN] TRADER-001.nautilus_common::cache: Cannot calculate unrealized PnL for P-20260107-150500-001-140724825183112-7, no quotes for ETHUSDT-PERP.BINANCE[0m
[1m2026-01-07T16:24:30.000000000Z[0m [1;33m[WARN] TRADER-001.nautilus_common::cache: Cannot calculate unrealized PnL for P-20260107-150500-001-140724825183112-7, no quotes for ETHUSDT-PERP.BINANCE[0m
[1m2026-01-07T16:24:40.000000000Z[0m [1;33m[WARN] TRADER-001.nautilus_common::cache: Cannot calculate unrealized PnL for P-20260107-150500-001-140724825183112-7, no quotes for ETHUSDT-PERP.BINANCE[0m
[1m2026-01-07T16:24:50.000000000Z[0m [1;33m[WARN] TRADER-001.nautilus_common::cache: Cannot calculate unrealized PnL for P-20260107-150500-001-140724825183112-7, no quotes for ETHUSDT-PERP.BINANCE[0m
[1m2026-01-07T16:24:59.999000000Z[0m [1;33m[WARN] TRADER-001.nautilus_common::cache: Cannot calculate unrealized PnL for P-20260107-150500-001-140724825183112-7, no quotes for ETHUSDT-PERP.BINANCE[0m
[1m2026-01-07T16:25:00.000000000Z[0m [1;33m[WARN] TRADER-001.nautilus_common::cache: Cannot calculate unrealized PnL for P-20260107-150500-001-140724825183112-7, no quotes for ETHUSDT-PERP.BINANCE[0m
[1m2026-01-07T16:25:10.000000000Z[0m [1;33m[WARN] TRADER-001.nautilus_common::cache: Cannot calculate unrealized PnL for P-20260107-150500-001-140724825183112-7, no quotes for ETHUSDT-PERP.BINANCE[0m
[1m2026-01-07T16:25:20.000000000Z[0m [1;33m[WARN] TRADER-001.nautilus_common::cache: Cannot calculate unrealized PnL for P-20260107-150500-001-140724825183112-7, no quotes for ETHUSDT-PERP.BINANCE[0m
[1m2026-01-07T16:25:30.000000000Z[0m [1;33m[WARN] TRADER-001.nautilus_common::cache: Cannot calculate unrealized PnL for P-20260107-150500-001-140724825183112-7, no quotes for ETHUSDT-PERP.BINANCE[0m
[1m2026-01-07T16:25:40.000000000Z[0m [1;33m[WARN] TRADER-001.nautilus_common::cache: Cannot calculate unrealized PnL for P-20260107-150500-001-140724825183112-7, no quotes for ETHUSDT-PERP.BINANCE[0m
[1m2026-01-07T16:25:50.000000000Z[0m [1;33m[WARN] TRADER-001.nautilus_common::cache: Cannot calculate unrealized PnL for P-20260107-150500-001-140724825183112-7, no quotes for ETHUSDT-PERP.BINANCE[0m
[1m2026-01-07T16:25:59.999000000Z[0m [1;33m[WARN] TRADER-001.nautilus_common::cache: Cannot calculate unrealized PnL for P-20260107-150500-001-140724825183112-7, no quotes for ETHUSDT-PERP.BINANCE[0m
[1m2026-01-07T16:26:00.000000000Z[0m [1;33m[WARN] TRADER-001.nautilus_common::cache: Cannot calculate unrealized PnL for P-20260107-150500-001-140724825183112-7, no quotes for ETHUSDT-PERP.BINANCE[0m
[1m2026-01-07T16:26:10.000000000Z[0m [1;33m[WARN] TRADER-001.nautilus_common::cache: Cannot calculate unrealized PnL for P-20260107-150500-001-140724825183112-7, no quotes for ETHUSDT-PERP.BINANCE[0m
[1m2026-01-07T16:26:20.000000000Z[0m [1;33m[WARN] TRADER-001.nautilus_common::cache: Cannot calculate unrealized PnL for P-20260107-150500-001-140724825183112-7, no quotes for ETHUSDT-PERP.BINANCE[0m
[1m2026-01-07T16:26:30.000000000Z[0m [1;33m[WARN] TRADER-001.nautilus_common::cache: Cannot calculate unrealized PnL for P-20260107-150500-001-140724825183112-7, no quotes for ETHUSDT-PERP.BINANCE[0m
[1m2026-01-07T16:26:40.000000000Z[0m [1;33m[WARN] TRADER-001.nautilus_common::cache: Cannot calculate unrealized PnL for P-20260107-150500-001-140724825183112-7, no quotes for ETHUSDT-PERP.BINANCE[0m
[1m2026-01-07T16:26:50.000000000Z[0m [1;33m[WARN] TRADER-001.nautilus_common::cache: Cannot calculate unrealized PnL for P-20260107-150500-001-140724825183112-7, no quotes for ETHUSDT-PERP.BINANCE[0m
[1m2026-01-07T16:26:59.999000000Z[0m [1;33m[WARN] TRADER-001.nautilus_common::cache: Cannot calculate unrealized PnL for P-20260107-150500-001-140724825183112-7, no quotes for ETHUSDT-PERP.BINANCE[0m
[1m2026-01-07T16:27:00.000000000Z[0m [1;33m[WARN] TRADER-001.nautilus_common::cache: Cannot calculate unrealized PnL for P-20260107-150500-001-140724825183112-7, no quotes for ETHUSDT-PERP.BINANCE[0m
[1m2026-01-07T16:27:10.000000000Z[0m [1;33m[WARN] TRADER-001.nautilus_common::cache: Cannot calculate unrealized PnL for P-20260107-150500-001-140724825183112-7, no quotes for ETHUSDT-PERP.BINANCE[0m
[1m2026-01-07T16:27:20.000000000Z[0m [1;33m[WARN] TRADER-001.nautilus_common::cache: Cannot calculate unrealized PnL for P-20260107-150500-001-140724825183112-7, no quotes for ETHUSDT-PERP.BINANCE[0m
[1m2026-01-07T16:27:30.000000000Z[0m [1;33m[WARN] TRADER-001.nautilus_common::cache: Cannot calculate unrealized PnL for P-20260107-150500-001-140724825183112-7, no quotes for ETHUSDT-PERP.BINANCE[0m
[1m2026-01-07T16:27:40.000000000Z[0m [1;33m[WARN] TRADER-001.nautilus_common::cache: Cannot calculate unrealized PnL for P-20260107-150500-001-140724825183112-7, no quotes for ETHUSDT-PERP.BINANCE[0m
[1m2026-01-07T16:27:50.000000000Z[0m [1;33m[WARN] TRADER-001.nautilus_common::cache: Cannot calculate unrealized PnL for P-20260107-150500-001-140724825183112-7, no quotes for ETHUSDT-PERP.BINANCE[0m
[1m2026-01-07T16:27:59.999000000Z[0m [1;33m[WARN] TRADER-001.nautilus_common::cache: Cannot calculate unrealized PnL for P-20260107-150500-001-140724825183112-7, no quotes for ETHUSDT-PERP.BINANCE[0m
[1m2026-01-07T16:28:00.000000000Z[0m [1;33m[WARN] TRADER-001.nautilus_common::cache: Cannot calculate unrealized PnL for P-20260107-150500-001-140724825183112-7, no quotes for ETHUSDT-PERP.BINANCE[0m
[1m2026-01-07T16:28:10.000000000Z[0m [1;33m[WARN] TRADER-001.nautilus_common::cache: Cannot calculate unrealized PnL for P-20260107-150500-001-140724825183112-7, no quotes for ETHUSDT-PERP.BINANCE[0m
[1m2026-01-07T16:28:20.000000000Z[0m [1;33m[WARN] TRADER-001.nautilus_common::cache: Cannot calculate unrealized PnL for P-20260107-150500-001-140724825183112-7, no quotes for ETHUSDT-PERP.BINANCE[0m
[1m2026-01-07T16:28:30.000000000Z[0m [1;33m[WARN] TRADER-001.nautilus_common::cache: Cannot calculate unrealized PnL for P-20260107-150500-001-140724825183112-7, no quotes for ETHUSDT-PERP.BINANCE[0m
[1m2026-01-07T16:28:40.000000000Z[0m [1;33m[WARN] TRADER-001.nautilus_common::cache: Cannot calculate unrealized PnL for P-20260107-150500-001-140724825183112-7, no quotes for ETHUSDT-PERP.BINANCE[0m
[1m2026-01-07T16:28:50.000000000Z[0m [1;33m[WARN] TRADER-001.nautilus_common::cache: Cannot calculate unrealized PnL for P-20260107-150500-001-140724825183112-7, no quotes for ETHUSDT-PERP.BINANCE[0m
[1m2026-01-07T16:28:59.999000000Z[0m [1;33m[WARN] TRADER-001.nautilus_common::cache: Cannot calculate unrealized PnL for P-20260107-150500-001-140724825183112-7, no quotes for ETHUSDT-PERP.BINANCE[0m
[1m2026-01-07T16:29:00.000000000Z[0m [1;33m[WARN] TRADER-001.nautilus_common::cache: Cannot calculate unrealized PnL for P-20260107-150500-001-140724825183112-7, no quotes for ETHUSDT-PERP.BINANCE[0m
[1m2026-01-07T16:29:10.000000000Z[0m [1;33m[WARN] TRADER-001.nautilus_common::cache: Cannot calculate unrealized PnL for P-20260107-150500-001-140724825183112-7, no quotes for ETHUSDT-PERP.BINANCE[0m
[1m2026-01-07T16:29:20.000000000Z[0m [1;33m[WARN] TRADER-001.nautilus_common::cache: Cannot calculate unrealized PnL for P-20260107-150500-001-140724825183112-7, no quotes for ETHUSDT-PERP.BINANCE[0m
[1m2026-01-07T16:29:30.000000000Z[0m [1;33m[WARN] TRADER-001.nautilus_common::cache: Cannot calculate unrealized PnL for P-20260107-150500-001-140724825183112-7, no quotes for ETHUSDT-PERP.BINANCE[0m
[1m2026-01-07T16:29:40.000000000Z[0m [1;33m[WARN] TRADER-001.nautilus_common::cache: Cannot calculate unrealized PnL for P-20260107-150500-001-140724825183112-7, no quotes for ETHUSDT-PERP.BINANCE[0m
[1m2026-01-07T16:29:50.000000000Z[0m [1;33m[WARN] TRADER-001.nautilus_common::cache: Cannot calculate unrealized PnL for P-20260107-150500-001-140724825183112-7, no quotes for ETHUSDT-PERP.BINANCE[0m
[1m2026-01-07T16:29:59.999000000Z[0m [1;33m[WARN] TRADER-001.nautilus_common::cache: Cannot calculate unrealized PnL for P-20260107-150500-001-140724825183112-7, no quotes for ETHUSDT-PERP.BINANCE[0m
[1m2026-01-07T16:30:00.000000000Z[0m [1;33m[WARN] TRADER-001.nautilus_common::cache: Cannot calculate unrealized PnL for P-20260107-150500-001-140724825183112-7, no quotes for ETHUSDT-PERP.BINANCE[0m
[1m2026-01-07T16:30:10.000000000Z[0m [1;33m[WARN] TRADER-001.nautilus_common::cache: Cannot calculate unrealized PnL for P-20260107-150500-001-140724825183112-7, no quotes for ETHUSDT-PERP.BINANCE[0m
[1m2026-01-07T16:30:20.000000000Z[0m [1;33m[WARN] TRADER-001.nautilus_common::cache: Cannot calculate unrealized PnL for P-20260107-150500-001-140724825183112-7, no quotes for ETHUSDT-PERP.BINANCE[0m
[1m2026-01-07T16:30:30.000000000Z[0m [1;33m[WARN] TRADER-001.nautilus_common::cache: Cannot calculate unrealized PnL for P-20260107-150500-001-140724825183112-7, no quotes for ETHUSDT-PERP.BINANCE[0m
[1m2026-01-07T16:30:40.000000000Z[0m [1;33m[WARN] TRADER-001.nautilus_common::cache: Cannot calculate unrealized PnL for P-20260107-150500-001-140724825183112-7, no quotes for ETHUSDT-PERP.BINANCE[0m
[1m2026-01-07T16:30:50.000000000Z[0m [1;33m[WARN] TRADER-001.nautilus_common::cache: Cannot calculate unrealized PnL for P-20260107-150500-001-140724825183112-7, no quotes for ETHUSDT-PERP.BINANCE[0m
[1m2026-01-07T16:30:59.999000000Z[0m [1;33m[WARN] TRADER-001.nautilus_common::cache: Cannot calculate unrealized PnL for P-20260107-150500-001-140724825183112-7, no quotes for ETHUSDT-PERP.BINANCE[0m
[1m2026-01-07T16:31:00.000000000Z[0m [1;33m[WARN] TRADER-001.nautilus_common::cache: Cannot calculate unrealized PnL for P-20260107-150500-001-140724825183112-7, no quotes for ETHUSDT-PERP.BINANCE[0m
[1m2026-01-07T16:31:10.000000000Z[0m [1;33m[WARN] TRADER-001.nautilus_common::cache: Cannot calculate unrealized PnL for P-20260107-150500-001-140724825183112-7, no quotes for ETHUSDT-PERP.BINANCE[0m
[1m2026-01-07T16:31:20.000000000Z[0m [1;33m[WARN] TRADER-001.nautilus_common::cache: Cannot calculate unrealized PnL for P-20260107-150500-001-140724825183112-7, no quotes for ETHUSDT-PERP.BINANCE[0m
[1m2026-01-07T16:31:30.000000000Z[0m [1;33m[WARN] TRADER-001.nautilus_common::cache: Cannot calculate unrealized PnL for P-20260107-150500-001-140724825183112-7, no quotes for ETHUSDT-PERP.BINANCE[0m
[1m2026-01-07T16:31:40.000000000Z[0m [1;33m[WARN] TRADER-001.nautilus_common::cache: Cannot calculate unrealized PnL for P-20260107-150500-001-140724825183112-7, no quotes for ETHUSDT-PERP.BINANCE[0m
[1m2026-01-07T16:31:50.000000000Z[0m [1;33m[WARN] TRADER-001.nautilus_common::cache: Cannot calculate unrealized PnL for P-20260107-150500-001-140724825183112-7, no quotes for ETHUSDT-PERP.BINANCE[0m
[1m2026-01-07T16:31:59.999000000Z[0m [1;33m[WARN] TRADER-001.nautilus_common::cache: Cannot calculate unrealized PnL for P-20260107-150500-001-140724825183112-7, no quotes for ETHUSDT-PERP.BINANCE[0m
[1m2026-01-07T16:32:00.000000000Z[0m [1;33m[WARN] TRADER-001.nautilus_common::cache: Cannot calculate unrealized PnL for P-20260107-150500-001-140724825183112-7, no quotes for ETHUSDT-PERP.BINANCE[0m
[1m2026-01-07T16:32:10.000000000Z[0m [1;33m[WARN] TRADER-001.nautilus_common::cache: Cannot calculate unrealized PnL for P-20260107-150500-001-140724825183112-7, no quotes for ETHUSDT-PERP.BINANCE[0m
[1m2026-01-07T16:32:20.000000000Z[0m [1;33m[WARN] TRADER-001.nautilus_common::cache: Cannot calculate unrealized PnL for P-20260107-150500-001-140724825183112-7, no quotes for ETHUSDT-PERP.BINANCE[0m
[1m2026-01-07T16:32:30.000000000Z[0m [1;33m[WARN] TRADER-001.nautilus_common::cache: Cannot calculate unrealized PnL for P-20260107-150500-001-140724825183112-7, no quotes for ETHUSDT-PERP.BINANCE[0m
[1m2026-01-07T16:32:40.000000000Z[0m [1;33m[WARN] TRADER-001.nautilus_common::cache: Cannot calculate unrealized PnL for P-20260107-150500-001-140724825183112-7, no quotes for ETHUSDT-PERP.BINANCE[0m
[1m2026-01-07T16:32:50.000000000Z[0m [1;33m[WARN] TRADER-001.nautilus_common::cache: Cannot calculate unrealized PnL for P-20260107-150500-001-140724825183112-7, no quotes for ETHUSDT-PERP.BINANCE[0m
[1m2026-01-07T16:32:59.999000000Z[0m [1;33m[WARN] TRADER-001.nautilus_common::cache: Cannot calculate unrealized PnL for P-20260107-150500-001-140724825183112-7, no quotes for ETHUSDT-PERP.BINANCE[0m
[1m2026-01-07T16:33:00.000000000Z[0m [1;33m[WARN] TRADER-001.nautilus_common::cache: Cannot calculate unrealized PnL for P-20260107-150500-001-140724825183112-7, no quotes for ETHUSDT-PERP.BINANCE[0m
[1m2026-01-07T16:33:10.000000000Z[0m [1;33m[WARN] TRADER-001.nautilus_common::cache: Cannot calculate unrealized PnL for P-20260107-150500-001-140724825183112-7, no quotes for ETHUSDT-PERP.BINANCE[0m
[1m2026-01-07T16:33:20.000000000Z[0m [1;33m[WARN] TRADER-001.nautilus_common::cache: Cannot calculate unrealized PnL for P-20260107-150500-001-140724825183112-7, no quotes for ETHUSDT-PERP.BINANCE[0m
[1m2026-01-07T16:33:30.000000000Z[0m [1;33m[WARN] TRADER-001.nautilus_common::cache: Cannot calculate unrealized PnL for P-20260107-150500-001-140724825183112-7, no quotes for ETHUSDT-PERP.BINANCE[0m
[1m2026-01-07T16:33:40.000000000Z[0m [1;33m[WARN] TRADER-001.nautilus_common::cache: Cannot calculate unrealized PnL for P-20260107-150500-001-140724825183112-7, no quotes for ETHUSDT-PERP.BINANCE[0m
[1m2026-01-07T16:33:50.000000000Z[0m [1;33m[WARN] TRADER-001.nautilus_common::cache: Cannot calculate unrealized PnL for P-20260107-150500-001-140724825183112-7, no quotes for ETHUSDT-PERP.BINANCE[0m
[1m2026-01-07T16:33:59.999000000Z[0m [1;33m[WARN] TRADER-001.nautilus_common::cache: Cannot calculate unrealized PnL for P-20260107-150500-001-140724825183112-7, no quotes for ETHUSDT-PERP.BINANCE[0m
[1m2026-01-07T16:34:00.000000000Z[0m [1;33m[WARN] TRADER-001.nautilus_common::cache: Cannot calculate unrealized PnL for P-20260107-150500-001-140724825183112-7, no quotes for ETHUSDT-PERP.BINANCE[0m
[1m2026-01-07T16:34:10.000000000Z[0m [1;33m[WARN] TRADER-001.nautilus_common::cache: Cannot calculate unrealized PnL for P-20260107-150500-001-140724825183112-7, no quotes for ETHUSDT-PERP.BINANCE[0m
[1m2026-01-07T16:34:20.000000000Z[0m [1;33m[WARN] TRADER-001.nautilus_common::cache: Cannot calculate unrealized PnL for P-20260107-150500-001-140724825183112-7, no quotes for ETHUSDT-PERP.BINANCE[0m
[1m2026-01-07T16:34:30.000000000Z[0m [1;33m[WARN] TRADER-001.nautilus_common::cache: Cannot calculate unrealized PnL for P-20260107-150500-001-140724825183112-7, no quotes for ETHUSDT-PERP.BINANCE[0m
[1m2026-01-07T16:34:40.000000000Z[0m [1;33m[WARN] TRADER-001.nautilus_common::cache: Cannot calculate unrealized PnL for P-20260107-150500-001-140724825183112-7, no quotes for ETHUSDT-PERP.BINANCE[0m
[1m2026-01-07T16:34:50.000000000Z[0m [1;33m[WARN] TRADER-001.nautilus_common::cache: Cannot calculate unrealized PnL for P-20260107-150500-001-140724825183112-7, no quotes for ETHUSDT-PERP.BINANCE[0m
[1m2026-01-07T16:34:59.999000000Z[0m [1;33m[WARN] TRADER-001.nautilus_common::cache: Cannot calculate unrealized PnL for P-20260107-150500-001-140724825183112-7, no quotes for ETHUSDT-PERP.BINANCE[0m
[1m2026-01-07T16:35:00.000000000Z[0m [1;33m[WARN] TRADER-001.nautilus_common::cache: Cannot calculate unrealized PnL for P-20260107-150500-001-140724825183112-7, no quotes for ETHUSDT-PERP.BINANCE[0m
[1m2026-01-07T16:35:10.000000000Z[0m [1;33m[WARN] TRADER-001.nautilus_common::cache: Cannot calculate unrealized PnL for P-20260107-150500-001-140724825183112-7, no quotes for ETHUSDT-PERP.BINANCE[0m
[1m2026-01-07T16:35:20.000000000Z[0m [1;33m[WARN] TRADER-001.nautilus_common::cache: Cannot calculate unrealized PnL for P-20260107-150500-001-140724825183112-7, no quotes for ETHUSDT-PERP.BINANCE[0m
[1m2026-01-07T16:35:30.000000000Z[0m [1;33m[WARN] TRADER-001.nautilus_common::cache: Cannot calculate unrealized PnL for P-20260107-150500-001-140724825183112-7, no quotes for ETHUSDT-PERP.BINANCE[0m
[1m2026-01-07T16:35:40.000000000Z[0m [1;33m[WARN] TRADER-001.nautilus_common::cache: Cannot calculate unrealized PnL for P-20260107-150500-001-140724825183112-7, no quotes for ETHUSDT-PERP.BINANCE[0m
[1m2026-01-07T16:35:50.000000000Z[0m [1;33m[WARN] TRADER-001.nautilus_common::cache: Cannot calculate unrealized PnL for P-20260107-150500-001-140724825183112-7, no quotes for ETHUSDT-PERP.BINANCE[0m
[1m2026-01-07T16:35:59.999000000Z[0m [1;33m[WARN] TRADER-001.nautilus_common::cache: Cannot calculate unrealized PnL for P-20260107-150500-001-140724825183112-7, no quotes for ETHUSDT-PERP.BINANCE[0m
[1m2026-01-07T16:36:00.000000000Z[0m [1;33m[WARN] TRADER-001.nautilus_common::cache: Cannot calculate unrealized PnL for P-20260107-150500-001-140724825183112-7, no quotes for ETHUSDT-PERP.BINANCE[0m
[1m2026-01-07T16:36:10.000000000Z[0m [1;33m[WARN] TRADER-001.nautilus_common::cache: Cannot calculate unrealized PnL for P-20260107-150500-001-140724825183112-7, no quotes for ETHUSDT-PERP.BINANCE[0m
[1m2026-01-07T16:36:20.000000000Z[0m [1;33m[WARN] TRADER-001.nautilus_common::cache: Cannot calculate unrealized PnL for P-20260107-150500-001-140724825183112-7, no quotes for ETHUSDT-PERP.BINANCE[0m
[1m2026-01-07T16:36:30.000000000Z[0m [1;33m[WARN] TRADER-001.nautilus_common::cache: Cannot calculate unrealized PnL for P-20260107-150500-001-140724825183112-7, no quotes for ETHUSDT-PERP.BINANCE[0m
[1m2026-01-07T16:36:40.000000000Z[0m [1;33m[WARN] TRADER-001.nautilus_common::cache: Cannot calculate unrealized PnL for P-20260107-150500-001-140724825183112-7, no quotes for ETHUSDT-PERP.BINANCE[0m
[1m2026-01-07T16:36:50.000000000Z[0m [1;33m[WARN] TRADER-001.nautilus_common::cache: Cannot calculate unrealized PnL for P-20260107-150500-001-140724825183112-7, no quotes for ETHUSDT-PERP.BINANCE[0m
[1m2026-01-07T16:36:59.999000000Z[0m [1;33m[WARN] TRADER-001.nautilus_common::cache: Cannot calculate unrealized PnL for P-20260107-150500-001-140724825183112-7, no quotes for ETHUSDT-PERP.BINANCE[0m
[1m2026-01-07T16:37:00.000000000Z[0m [1;33m[WARN] TRADER-001.nautilus_common::cache: Cannot calculate unrealized PnL for P-20260107-150500-001-140724825183112-7, no quotes for ETHUSDT-PERP.BINANCE[0m
[1m2026-01-07T16:37:10.000000000Z[0m [1;33m[WARN] TRADER-001.nautilus_common::cache: Cannot calculate unrealized PnL for P-20260107-150500-001-140724825183112-7, no quotes for ETHUSDT-PERP.BINANCE[0m
[1m2026-01-07T16:37:20.000000000Z[0m [1;33m[WARN] TRADER-001.nautilus_common::cache: Cannot calculate unrealized PnL for P-20260107-150500-001-140724825183112-7, no quotes for ETHUSDT-PERP.BINANCE[0m
[1m2026-01-07T16:37:30.000000000Z[0m [1;33m[WARN] TRADER-001.nautilus_common::cache: Cannot calculate unrealized PnL for P-20260107-150500-001-140724825183112-7, no quotes for ETHUSDT-PERP.BINANCE[0m
[1m2026-01-07T16:37:40.000000000Z[0m [1;33m[WARN] TRADER-001.nautilus_common::cache: Cannot calculate unrealized PnL for P-20260107-150500-001-140724825183112-7, no quotes for ETHUSDT-PERP.BINANCE[0m
[1m2026-01-07T16:37:50.000000000Z[0m [1;33m[WARN] TRADER-001.nautilus_common::cache: Cannot calculate unrealized PnL for P-20260107-150500-001-140724825183112-7, no quotes for ETHUSDT-PERP.BINANCE[0m
[1m2026-01-07T16:37:59.999000000Z[0m [1;33m[WARN] TRADER-001.nautilus_common::cache: Cannot calculate unrealized PnL for P-20260107-150500-001-140724825183112-7, no quotes for ETHUSDT-PERP.BINANCE[0m
[1m2026-01-07T16:38:00.000000000Z[0m [1;33m[WARN] TRADER-001.nautilus_common::cache: Cannot calculate unrealized PnL for P-20260107-150500-001-140724825183112-7, no quotes for ETHUSDT-PERP.BINANCE[0m
[1m2026-01-07T16:38:10.000000000Z[0m [1;33m[WARN] TRADER-001.nautilus_common::cache: Cannot calculate unrealized PnL for P-20260107-150500-001-140724825183112-7, no quotes for ETHUSDT-PERP.BINANCE[0m
[1m2026-01-07T16:38:20.000000000Z[0m [1;33m[WARN] TRADER-001.nautilus_common::cache: Cannot calculate unrealized PnL for P-20260107-150500-001-140724825183112-7, no quotes for ETHUSDT-PERP.BINANCE[0m
[1m2026-01-07T16:38:30.000000000Z[0m [1;33m[WARN] TRADER-001.nautilus_common::cache: Cannot calculate unrealized PnL for P-20260107-150500-001-140724825183112-7, no quotes for ETHUSDT-PERP.BINANCE[0m
[1m2026-01-07T16:38:40.000000000Z[0m [1;33m[WARN] TRADER-001.nautilus_common::cache: Cannot calculate unrealized PnL for P-20260107-150500-001-140724825183112-7, no quotes for ETHUSDT-PERP.BINANCE[0m
[1m2026-01-07T16:38:50.000000000Z[0m [1;33m[WARN] TRADER-001.nautilus_common::cache: Cannot calculate unrealized PnL for P-20260107-150500-001-140724825183112-7, no quotes for ETHUSDT-PERP.BINANCE[0m
[1m2026-01-07T16:38:59.999000000Z[0m [1;33m[WARN] TRADER-001.nautilus_common::cache: Cannot calculate unrealized PnL for P-20260107-150500-001-140724825183112-7, no quotes for ETHUSDT-PERP.BINANCE[0m
[1m2026-01-07T16:39:00.000000000Z[0m [1;33m[WARN] TRADER-001.nautilus_common::cache: Cannot calculate unrealized PnL for P-20260107-150500-001-140724825183112-7, no quotes for ETHUSDT-PERP.BINANCE[0m
[1m2026-01-07T16:39:10.000000000Z[0m [1;33m[WARN] TRADER-001.nautilus_common::cache: Cannot calculate unrealized PnL for P-20260107-150500-001-140724825183112-7, no quotes for ETHUSDT-PERP.BINANCE[0m
[1m2026-01-07T16:39:20.000000000Z[0m [1;33m[WARN] TRADER-001.nautilus_common::cache: Cannot calculate unrealized PnL for P-20260107-150500-001-140724825183112-7, no quotes for ETHUSDT-PERP.BINANCE[0m
[1m2026-01-07T16:39:30.000000000Z[0m [1;33m[WARN] TRADER-001.nautilus_common::cache: Cannot calculate unrealized PnL for P-20260107-150500-001-140724825183112-7, no quotes for ETHUSDT-PERP.BINANCE[0m
[1m2026-01-07T16:39:40.000000000Z[0m [1;33m[WARN] TRADER-001.nautilus_common::cache: Cannot calculate unrealized PnL for P-20260107-150500-001-140724825183112-7, no quotes for ETHUSDT-PERP.BINANCE[0m
[1m2026-01-07T16:39:50.000000000Z[0m [1;33m[WARN] TRADER-001.nautilus_common::cache: Cannot calculate unrealized PnL for P-20260107-150500-001-140724825183112-7, no quotes for ETHUSDT-PERP.BINANCE[0m
[1m2026-01-07T16:39:59.999000000Z[0m [1;33m[WARN] TRADER-001.nautilus_common::cache: Cannot calculate unrealized PnL for P-20260107-150500-001-140724825183112-7, no quotes for ETHUSDT-PERP.BINANCE[0m
[1m2026-01-07T16:40:00.000000000Z[0m [1;33m[WARN] TRADER-001.nautilus_common::cache: Cannot calculate unrealized PnL for P-20260107-150500-001-140724825183112-7, no quotes for ETHUSDT-PERP.BINANCE[0m
[1m2026-01-07T16:40:10.000000000Z[0m [1;33m[WARN] TRADER-001.nautilus_common::cache: Cannot calculate unrealized PnL for P-20260107-150500-001-140724825183112-7, no quotes for ETHUSDT-PERP.BINANCE[0m
[1m2026-01-07T16:40:20.000000000Z[0m [1;33m[WARN] TRADER-001.nautilus_common::cache: Cannot calculate unrealized PnL for P-20260107-150500-001-140724825183112-7, no quotes for ETHUSDT-PERP.BINANCE[0m
[1m2026-01-07T16:40:30.000000000Z[0m [1;33m[WARN] TRADER-001.nautilus_common::cache: Cannot calculate unrealized PnL for P-20260107-150500-001-140724825183112-7, no quotes for ETHUSDT-PERP.BINANCE[0m
[1m2026-01-07T16:40:40.000000000Z[0m [1;33m[WARN] TRADER-001.nautilus_common::cache: Cannot calculate unrealized PnL for P-20260107-150500-001-140724825183112-7, no quotes for ETHUSDT-PERP.BINANCE[0m
[1m2026-01-07T16:40:50.000000000Z[0m [1;33m[WARN] TRADER-001.nautilus_common::cache: Cannot calculate unrealized PnL for P-20260107-150500-001-140724825183112-7, no quotes for ETHUSDT-PERP.BINANCE[0m
[1m2026-01-07T16:40:59.999000000Z[0m [1;33m[WARN] TRADER-001.nautilus_common::cache: Cannot calculate unrealized PnL for P-20260107-150500-001-140724825183112-7, no quotes for ETHUSDT-PERP.BINANCE[0m
[1m2026-01-07T16:41:00.000000000Z[0m [1;33m[WARN] TRADER-001.nautilus_common::cache: Cannot calculate unrealized PnL for P-20260107-150500-001-140724825183112-7, no quotes for ETHUSDT-PERP.BINANCE[0m
[1m2026-01-07T16:41:10.000000000Z[0m [1;33m[WARN] TRADER-001.nautilus_common::cache: Cannot calculate unrealized PnL for P-20260107-150500-001-140724825183112-7, no quotes for ETHUSDT-PERP.BINANCE[0m
[1m2026-01-07T16:41:20.000000000Z[0m [1;33m[WARN] TRADER-001.nautilus_common::cache: Cannot calculate unrealized PnL for P-20260107-150500-001-140724825183112-7, no quotes for ETHUSDT-PERP.BINANCE[0m
[1m2026-01-07T16:41:30.000000000Z[0m [1;33m[WARN] TRADER-001.nautilus_common::cache: Cannot calculate unrealized PnL for P-20260107-150500-001-140724825183112-7, no quotes for ETHUSDT-PERP.BINANCE[0m
[1m2026-01-07T16:41:40.000000000Z[0m [1;33m[WARN] TRADER-001.nautilus_common::cache: Cannot calculate unrealized PnL for P-20260107-150500-001-140724825183112-7, no quotes for ETHUSDT-PERP.BINANCE[0m
[1m2026-01-07T16:41:50.000000000Z[0m [1;33m[WARN] TRADER-001.nautilus_common::cache: Cannot calculate unrealized PnL for P-20260107-150500-001-140724825183112-7, no quotes for ETHUSDT-PERP.BINANCE[0m
[1m2026-01-07T16:41:59.999000000Z[0m [1;33m[WARN] TRADER-001.nautilus_common::cache: Cannot calculate unrealized PnL for P-20260107-150500-001-140724825183112-7, no quotes for ETHUSDT-PERP.BINANCE[0m
[1m2026-01-07T16:42:00.000000000Z[0m [1;33m[WARN] TRADER-001.nautilus_common::cache: Cannot calculate unrealized PnL for P-20260107-150500-001-140724825183112-7, no quotes for ETHUSDT-PERP.BINANCE[0m
[1m2026-01-07T16:42:10.000000000Z[0m [1;33m[WARN] TRADER-001.nautilus_common::cache: Cannot calculate unrealized PnL for P-20260107-150500-001-140724825183112-7, no quotes for ETHUSDT-PERP.BINANCE[0m
[1m2026-01-07T16:42:20.000000000Z[0m [1;33m[WARN] TRADER-001.nautilus_common::cache: Cannot calculate unrealized PnL for P-20260107-150500-001-140724825183112-7, no quotes for ETHUSDT-PERP.BINANCE[0m
[1m2026-01-07T16:42:30.000000000Z[0m [1;33m[WARN] TRADER-001.nautilus_common::cache: Cannot calculate unrealized PnL for P-20260107-150500-001-140724825183112-7, no quotes for ETHUSDT-PERP.BINANCE[0m
[1m2026-01-07T16:42:40.000000000Z[0m [1;33m[WARN] TRADER-001.nautilus_common::cache: Cannot calculate unrealized PnL for P-20260107-150500-001-140724825183112-7, no quotes for ETHUSDT-PERP.BINANCE[0m
[1m2026-01-07T16:42:50.000000000Z[0m [1;33m[WARN] TRADER-001.nautilus_common::cache: Cannot calculate unrealized PnL for P-20260107-150500-001-140724825183112-7, no quotes for ETHUSDT-PERP.BINANCE[0m
[1m2026-01-07T16:42:59.999000000Z[0m [1;33m[WARN] TRADER-001.nautilus_common::cache: Cannot calculate unrealized PnL for P-20260107-150500-001-140724825183112-7, no quotes for ETHUSDT-PERP.BINANCE[0m
[1m2026-01-07T16:43:00.000000000Z[0m [1;33m[WARN] TRADER-001.nautilus_common::cache: Cannot calculate unrealized PnL for P-20260107-150500-001-140724825183112-7, no quotes for ETHUSDT-PERP.BINANCE[0m
[1m2026-01-07T16:43:10.000000000Z[0m [1;33m[WARN] TRADER-001.nautilus_common::cache: Cannot calculate unrealized PnL for P-20260107-150500-001-140724825183112-7, no quotes for ETHUSDT-PERP.BINANCE[0m
[1m2026-01-07T16:43:20.000000000Z[0m [1;33m[WARN] TRADER-001.nautilus_common::cache: Cannot calculate unrealized PnL for P-20260107-150500-001-140724825183112-7, no quotes for ETHUSDT-PERP.BINANCE[0m
[1m2026-01-07T16:43:30.000000000Z[0m [1;33m[WARN] TRADER-001.nautilus_common::cache: Cannot calculate unrealized PnL for P-20260107-150500-001-140724825183112-7, no quotes for ETHUSDT-PERP.BINANCE[0m
[1m2026-01-07T16:43:40.000000000Z[0m [1;33m[WARN] TRADER-001.nautilus_common::cache: Cannot calculate unrealized PnL for P-20260107-150500-001-140724825183112-7, no quotes for ETHUSDT-PERP.BINANCE[0m
[1m2026-01-07T16:43:50.000000000Z[0m [1;33m[WARN] TRADER-001.nautilus_common::cache: Cannot calculate unrealized PnL for P-20260107-150500-001-140724825183112-7, no quotes for ETHUSDT-PERP.BINANCE[0m
[1m2026-01-07T16:43:59.999000000Z[0m [1;33m[WARN] TRADER-001.nautilus_common::cache: Cannot calculate unrealized PnL for P-20260107-150500-001-140724825183112-7, no quotes for ETHUSDT-PERP.BINANCE[0m
[1m2026-01-07T16:44:00.000000000Z[0m [1;33m[WARN] TRADER-001.nautilus_common::cache: Cannot calculate unrealized PnL for P-20260107-150500-001-140724825183112-7, no quotes for ETHUSDT-PERP.BINANCE[0m
[1m2026-01-07T16:44:10.000000000Z[0m [1;33m[WARN] TRADER-001.nautilus_common::cache: Cannot calculate unrealized PnL for P-20260107-150500-001-140724825183112-7, no quotes for ETHUSDT-PERP.BINANCE[0m
[1m2026-01-07T16:44:20.000000000Z[0m [1;33m[WARN] TRADER-001.nautilus_common::cache: Cannot calculate unrealized PnL for P-20260107-150500-001-140724825183112-7, no quotes for ETHUSDT-PERP.BINANCE[0m
[1m2026-01-07T16:44:30.000000000Z[0m [1;33m[WARN] TRADER-001.nautilus_common::cache: Cannot calculate unrealized PnL for P-20260107-150500-001-140724825183112-7, no quotes for ETHUSDT-PERP.BINANCE[0m
[1m2026-01-07T16:44:40.000000000Z[0m [1;33m[WARN] TRADER-001.nautilus_common::cache: Cannot calculate unrealized PnL for P-20260107-150500-001-140724825183112-7, no quotes for ETHUSDT-PERP.BINANCE[0m
[1m2026-01-07T16:44:50.000000000Z[0m [1;33m[WARN] TRADER-001.nautilus_common::cache: Cannot calculate unrealized PnL for P-20260107-150500-001-140724825183112-7, no quotes for ETHUSDT-PERP.BINANCE[0m
[1m2026-01-07T16:44:59.999000000Z[0m [1;33m[WARN] TRADER-001.nautilus_common::cache: Cannot calculate unrealized PnL for P-20260107-150500-001-140724825183112-7, no quotes for ETHUSDT-PERP.BINANCE[0m
[1m2026-01-07T16:45:00.000000000Z[0m [1;33m[WARN] TRADER-001.nautilus_common::cache: Cannot calculate unrealized PnL for P-20260107-150500-001-140724825183112-7, no quotes for ETHUSDT-PERP.BINANCE[0m
[1m2026-01-07T16:45:10.000000000Z[0m [1;33m[WARN] TRADER-001.nautilus_common::cache: Cannot calculate unrealized PnL for P-20260107-150500-001-140724825183112-7, no quotes for ETHUSDT-PERP.BINANCE[0m
[1m2026-01-07T16:45:20.000000000Z[0m [1;33m[WARN] TRADER-001.nautilus_common::cache: Cannot calculate unrealized PnL for P-20260107-150500-001-140724825183112-7, no quotes for ETHUSDT-PERP.BINANCE[0m
[1m2026-01-07T16:45:30.000000000Z[0m [1;33m[WARN] TRADER-001.nautilus_common::cache: Cannot calculate unrealized PnL for P-20260107-150500-001-140724825183112-7, no quotes for ETHUSDT-PERP.BINANCE[0m
[1m2026-01-07T16:45:40.000000000Z[0m [1;33m[WARN] TRADER-001.nautilus_common::cache: Cannot calculate unrealized PnL for P-20260107-150500-001-140724825183112-7, no quotes for ETHUSDT-PERP.BINANCE[0m
[1m2026-01-07T16:45:50.000000000Z[0m [1;33m[WARN] TRADER-001.nautilus_common::cache: Cannot calculate unrealized PnL for P-20260107-150500-001-140724825183112-7, no quotes for ETHUSDT-PERP.BINANCE[0m
[1m2026-01-07T16:45:59.999000000Z[0m [1;33m[WARN] TRADER-001.nautilus_common::cache: Cannot calculate unrealized PnL for P-20260107-150500-001-140724825183112-7, no quotes for ETHUSDT-PERP.BINANCE[0m
[1m2026-01-07T16:46:00.000000000Z[0m [1;33m[WARN] TRADER-001.nautilus_common::cache: Cannot calculate unrealized PnL for P-20260107-150500-001-140724825183112-7, no quotes for ETHUSDT-PERP.BINANCE[0m
[1m2026-01-07T16:46:10.000000000Z[0m [1;33m[WARN] TRADER-001.nautilus_common::cache: Cannot calculate unrealized PnL for P-20260107-150500-001-140724825183112-7, no quotes for ETHUSDT-PERP.BINANCE[0m
[1m2026-01-07T16:46:20.000000000Z[0m [1;33m[WARN] TRADER-001.nautilus_common::cache: Cannot calculate unrealized PnL for P-20260107-150500-001-140724825183112-7, no quotes for ETHUSDT-PERP.BINANCE[0m
[1m2026-01-07T16:46:30.000000000Z[0m [1;33m[WARN] TRADER-001.nautilus_common::cache: Cannot calculate unrealized PnL for P-20260107-150500-001-140724825183112-7, no quotes for ETHUSDT-PERP.BINANCE[0m
[1m2026-01-07T16:46:40.000000000Z[0m [1;33m[WARN] TRADER-001.nautilus_common::cache: Cannot calculate unrealized PnL for P-20260107-150500-001-140724825183112-7, no quotes for ETHUSDT-PERP.BINANCE[0m
[1m2026-01-07T16:46:50.000000000Z[0m [1;33m[WARN] TRADER-001.nautilus_common::cache: Cannot calculate unrealized PnL for P-20260107-150500-001-140724825183112-7, no quotes for ETHUSDT-PERP.BINANCE[0m
[1m2026-01-07T16:46:59.999000000Z[0m [1;33m[WARN] TRADER-001.nautilus_common::cache: Cannot calculate unrealized PnL for P-20260107-150500-001-140724825183112-7, no quotes for ETHUSDT-PERP.BINANCE[0m
[1m2026-01-07T16:47:00.000000000Z[0m [1;33m[WARN] TRADER-001.nautilus_common::cache: Cannot calculate unrealized PnL for P-20260107-150500-001-140724825183112-7, no quotes for ETHUSDT-PERP.BINANCE[0m
[1m2026-01-07T16:47:10.000000000Z[0m [1;33m[WARN] TRADER-001.nautilus_common::cache: Cannot calculate unrealized PnL for P-20260107-150500-001-140724825183112-7, no quotes for ETHUSDT-PERP.BINANCE[0m
[1m2026-01-07T16:47:20.000000000Z[0m [1;33m[WARN] TRADER-001.nautilus_common::cache: Cannot calculate unrealized PnL for P-20260107-150500-001-140724825183112-7, no quotes for ETHUSDT-PERP.BINANCE[0m
[1m2026-01-07T16:47:30.000000000Z[0m [1;33m[WARN] TRADER-001.nautilus_common::cache: Cannot calculate unrealized PnL for P-20260107-150500-001-140724825183112-7, no quotes for ETHUSDT-PERP.BINANCE[0m
[1m2026-01-07T16:47:40.000000000Z[0m [1;33m[WARN] TRADER-001.nautilus_common::cache: Cannot calculate unrealized PnL for P-20260107-150500-001-140724825183112-7, no quotes for ETHUSDT-PERP.BINANCE[0m
[1m2026-01-07T16:47:50.000000000Z[0m [1;33m[WARN] TRADER-001.nautilus_common::cache: Cannot calculate unrealized PnL for P-20260107-150500-001-140724825183112-7, no quotes for ETHUSDT-PERP.BINANCE[0m
[1m2026-01-07T16:47:59.999000000Z[0m [1;33m[WARN] TRADER-001.nautilus_common::cache: Cannot calculate unrealized PnL for P-20260107-150500-001-140724825183112-7, no quotes for ETHUSDT-PERP.BINANCE[0m
[1m2026-01-07T16:48:00.000000000Z[0m [1;33m[WARN] TRADER-001.nautilus_common::cache: Cannot calculate unrealized PnL for P-20260107-150500-001-140724825183112-7, no quotes for ETHUSDT-PERP.BINANCE[0m
[1m2026-01-07T16:48:10.000000000Z[0m [1;33m[WARN] TRADER-001.nautilus_common::cache: Cannot calculate unrealized PnL for P-20260107-150500-001-140724825183112-7, no quotes for ETHUSDT-PERP.BINANCE[0m
[1m2026-01-07T16:48:20.000000000Z[0m [1;33m[WARN] TRADER-001.nautilus_common::cache: Cannot calculate unrealized PnL for P-20260107-150500-001-140724825183112-7, no quotes for ETHUSDT-PERP.BINANCE[0m
[1m2026-01-07T16:48:30.000000000Z[0m [1;33m[WARN] TRADER-001.nautilus_common::cache: Cannot calculate unrealized PnL for P-20260107-150500-001-140724825183112-7, no quotes for ETHUSDT-PERP.BINANCE[0m
[1m2026-01-07T16:48:40.000000000Z[0m [1;33m[WARN] TRADER-001.nautilus_common::cache: Cannot calculate unrealized PnL for P-20260107-150500-001-140724825183112-7, no quotes for ETHUSDT-PERP.BINANCE[0m
[1m2026-01-07T16:48:50.000000000Z[0m [1;33m[WARN] TRADER-001.nautilus_common::cache: Cannot calculate unrealized PnL for P-20260107-150500-001-140724825183112-7, no quotes for ETHUSDT-PERP.BINANCE[0m
[1m2026-01-07T16:48:59.999000000Z[0m [1;33m[WARN] TRADER-001.nautilus_common::cache: Cannot calculate unrealized PnL for P-20260107-150500-001-140724825183112-7, no quotes for ETHUSDT-PERP.BINANCE[0m
[1m2026-01-07T16:49:00.000000000Z[0m [1;33m[WARN] TRADER-001.nautilus_common::cache: Cannot calculate unrealized PnL for P-20260107-150500-001-140724825183112-7, no quotes for ETHUSDT-PERP.BINANCE[0m
[1m2026-01-07T16:49:10.000000000Z[0m [1;33m[WARN] TRADER-001.nautilus_common::cache: Cannot calculate unrealized PnL for P-20260107-150500-001-140724825183112-7, no quotes for ETHUSDT-PERP.BINANCE[0m
[1m2026-01-07T16:49:20.000000000Z[0m [1;33m[WARN] TRADER-001.nautilus_common::cache: Cannot calculate unrealized PnL for P-20260107-150500-001-140724825183112-7, no quotes for ETHUSDT-PERP.BINANCE[0m
[1m2026-01-07T16:49:30.000000000Z[0m [1;33m[WARN] TRADER-001.nautilus_common::cache: Cannot calculate unrealized PnL for P-20260107-150500-001-140724825183112-7, no quotes for ETHUSDT-PERP.BINANCE[0m
[1m2026-01-07T16:49:40.000000000Z[0m [1;33m[WARN] TRADER-001.nautilus_common::cache: Cannot calculate unrealized PnL for P-20260107-150500-001-140724825183112-7, no quotes for ETHUSDT-PERP.BINANCE[0m
[1m2026-01-07T16:49:50.000000000Z[0m [1;33m[WARN] TRADER-001.nautilus_common::cache: Cannot calculate unrealized PnL for P-20260107-150500-001-140724825183112-7, no quotes for ETHUSDT-PERP.BINANCE[0m
[1m2026-01-07T16:49:59.999000000Z[0m [1;33m[WARN] TRADER-001.nautilus_common::cache: Cannot calculate unrealized PnL for P-20260107-150500-001-140724825183112-7, no quotes for ETHUSDT-PERP.BINANCE[0m
[1m2026-01-07T16:50:00.000000000Z[0m [1;33m[WARN] TRADER-001.nautilus_common::cache: Cannot calculate unrealized PnL for P-20260107-150500-001-140724825183112-7, no quotes for ETHUSDT-PERP.BINANCE[0m
[1m2026-01-07T16:50:10.000000000Z[0m [1;33m[WARN] TRADER-001.nautilus_common::cache: Cannot calculate unrealized PnL for P-20260107-150500-001-140724825183112-7, no quotes for ETHUSDT-PERP.BINANCE[0m
[1m2026-01-07T16:50:20.000000000Z[0m [1;33m[WARN] TRADER-001.nautilus_common::cache: Cannot calculate unrealized PnL for P-20260107-150500-001-140724825183112-7, no quotes for ETHUSDT-PERP.BINANCE[0m
[1m2026-01-07T16:50:30.000000000Z[0m [1;33m[WARN] TRADER-001.nautilus_common::cache: Cannot calculate unrealized PnL for P-20260107-150500-001-140724825183112-7, no quotes for ETHUSDT-PERP.BINANCE[0m
[1m2026-01-07T16:50:40.000000000Z[0m [1;33m[WARN] TRADER-001.nautilus_common::cache: Cannot calculate unrealized PnL for P-20260107-150500-001-140724825183112-7, no quotes for ETHUSDT-PERP.BINANCE[0m
[1m2026-01-07T16:50:50.000000000Z[0m [1;33m[WARN] TRADER-001.nautilus_common::cache: Cannot calculate unrealized PnL for P-20260107-150500-001-140724825183112-7, no quotes for ETHUSDT-PERP.BINANCE[0m
[1m2026-01-07T16:50:59.999000000Z[0m [1;33m[WARN] TRADER-001.nautilus_common::cache: Cannot calculate unrealized PnL for P-20260107-150500-001-140724825183112-7, no quotes for ETHUSDT-PERP.BINANCE[0m
[1m2026-01-07T16:51:00.000000000Z[0m [1;33m[WARN] TRADER-001.nautilus_common::cache: Cannot calculate unrealized PnL for P-20260107-150500-001-140724825183112-7, no quotes for ETHUSDT-PERP.BINANCE[0m
[1m2026-01-07T16:51:10.000000000Z[0m [1;33m[WARN] TRADER-001.nautilus_common::cache: Cannot calculate unrealized PnL for P-20260107-150500-001-140724825183112-7, no quotes for ETHUSDT-PERP.BINANCE[0m
[1m2026-01-07T16:51:20.000000000Z[0m [1;33m[WARN] TRADER-001.nautilus_common::cache: Cannot calculate unrealized PnL for P-20260107-150500-001-140724825183112-7, no quotes for ETHUSDT-PERP.BINANCE[0m
[1m2026-01-07T16:51:30.000000000Z[0m [1;33m[WARN] TRADER-001.nautilus_common::cache: Cannot calculate unrealized PnL for P-20260107-150500-001-140724825183112-7, no quotes for ETHUSDT-PERP.BINANCE[0m
[1m2026-01-07T16:51:40.000000000Z[0m [1;33m[WARN] TRADER-001.nautilus_common::cache: Cannot calculate unrealized PnL for P-20260107-150500-001-140724825183112-7, no quotes for ETHUSDT-PERP.BINANCE[0m
[1m2026-01-07T16:51:50.000000000Z[0m [1;33m[WARN] TRADER-001.nautilus_common::cache: Cannot calculate unrealized PnL for P-20260107-150500-001-140724825183112-7, no quotes for ETHUSDT-PERP.BINANCE[0m
[1m2026-01-07T16:51:59.999000000Z[0m [1;33m[WARN] TRADER-001.nautilus_common::cache: Cannot calculate unrealized PnL for P-20260107-150500-001-140724825183112-7, no quotes for ETHUSDT-PERP.BINANCE[0m
[1m2026-01-07T16:52:00.000000000Z[0m [1;33m[WARN] TRADER-001.nautilus_common::cache: Cannot calculate unrealized PnL for P-20260107-150500-001-140724825183112-7, no quotes for ETHUSDT-PERP.BINANCE[0m
[1m2026-01-07T16:52:10.000000000Z[0m [1;33m[WARN] TRADER-001.nautilus_common::cache: Cannot calculate unrealized PnL for P-20260107-150500-001-140724825183112-7, no quotes for ETHUSDT-PERP.BINANCE[0m
[1m2026-01-07T16:52:20.000000000Z[0m [1;33m[WARN] TRADER-001.nautilus_common::cache: Cannot calculate unrealized PnL for P-20260107-150500-001-140724825183112-7, no quotes for ETHUSDT-PERP.BINANCE[0m
[1m2026-01-07T16:52:30.000000000Z[0m [1;33m[WARN] TRADER-001.nautilus_common::cache: Cannot calculate unrealized PnL for P-20260107-150500-001-140724825183112-7, no quotes for ETHUSDT-PERP.BINANCE[0m
[1m2026-01-07T16:52:40.000000000Z[0m [1;33m[WARN] TRADER-001.nautilus_common::cache: Cannot calculate unrealized PnL for P-20260107-150500-001-140724825183112-7, no quotes for ETHUSDT-PERP.BINANCE[0m
[1m2026-01-07T16:52:50.000000000Z[0m [1;33m[WARN] TRADER-001.nautilus_common::cache: Cannot calculate unrealized PnL for P-20260107-150500-001-140724825183112-7, no quotes for ETHUSDT-PERP.BINANCE[0m
[1m2026-01-07T16:52:59.999000000Z[0m [1;33m[WARN] TRADER-001.nautilus_common::cache: Cannot calculate unrealized PnL for P-20260107-150500-001-140724825183112-7, no quotes for ETHUSDT-PERP.BINANCE[0m
[1m2026-01-07T16:53:00.000000000Z[0m [1;33m[WARN] TRADER-001.nautilus_common::cache: Cannot calculate unrealized PnL for P-20260107-150500-001-140724825183112-7, no quotes for ETHUSDT-PERP.BINANCE[0m
[1m2026-01-07T16:53:10.000000000Z[0m [1;33m[WARN] TRADER-001.nautilus_common::cache: Cannot calculate unrealized PnL for P-20260107-150500-001-140724825183112-7, no quotes for ETHUSDT-PERP.BINANCE[0m
[1m2026-01-07T16:53:20.000000000Z[0m [1;33m[WARN] TRADER-001.nautilus_common::cache: Cannot calculate unrealized PnL for P-20260107-150500-001-140724825183112-7, no quotes for ETHUSDT-PERP.BINANCE[0m
[1m2026-01-07T16:53:30.000000000Z[0m [1;33m[WARN] TRADER-001.nautilus_common::cache: Cannot calculate unrealized PnL for P-20260107-150500-001-140724825183112-7, no quotes for ETHUSDT-PERP.BINANCE[0m
[1m2026-01-07T16:53:40.000000000Z[0m [1;33m[WARN] TRADER-001.nautilus_common::cache: Cannot calculate unrealized PnL for P-20260107-150500-001-140724825183112-7, no quotes for ETHUSDT-PERP.BINANCE[0m
[1m2026-01-07T16:53:50.000000000Z[0m [1;33m[WARN] TRADER-001.nautilus_common::cache: Cannot calculate unrealized PnL for P-20260107-150500-001-140724825183112-7, no quotes for ETHUSDT-PERP.BINANCE[0m
[1m2026-01-07T16:53:59.999000000Z[0m [1;33m[WARN] TRADER-001.nautilus_common::cache: Cannot calculate unrealized PnL for P-20260107-150500-001-140724825183112-7, no quotes for ETHUSDT-PERP.BINANCE[0m
[1m2026-01-07T16:54:00.000000000Z[0m [1;33m[WARN] TRADER-001.nautilus_common::cache: Cannot calculate unrealized PnL for P-20260107-150500-001-140724825183112-7, no quotes for ETHUSDT-PERP.BINANCE[0m
[1m2026-01-07T16:54:10.000000000Z[0m [1;33m[WARN] TRADER-001.nautilus_common::cache: Cannot calculate unrealized PnL for P-20260107-150500-001-140724825183112-7, no quotes for ETHUSDT-PERP.BINANCE[0m
[1m2026-01-07T16:54:20.000000000Z[0m [1;33m[WARN] TRADER-001.nautilus_common::cache: Cannot calculate unrealized PnL for P-20260107-150500-001-140724825183112-7, no quotes for ETHUSDT-PERP.BINANCE[0m
[1m2026-01-07T16:54:30.000000000Z[0m [1;33m[WARN] TRADER-001.nautilus_common::cache: Cannot calculate unrealized PnL for P-20260107-150500-001-140724825183112-7, no quotes for ETHUSDT-PERP.BINANCE[0m
[1m2026-01-07T16:54:40.000000000Z[0m [1;33m[WARN] TRADER-001.nautilus_common::cache: Cannot calculate unrealized PnL for P-20260107-150500-001-140724825183112-7, no quotes for ETHUSDT-PERP.BINANCE[0m
[1m2026-01-07T16:54:50.000000000Z[0m [1;33m[WARN] TRADER-001.nautilus_common::cache: Cannot calculate unrealized PnL for P-20260107-150500-001-140724825183112-7, no quotes for ETHUSDT-PERP.BINANCE[0m
[1m2026-01-07T16:54:59.999000000Z[0m [1;33m[WARN] TRADER-001.nautilus_common::cache: Cannot calculate unrealized PnL for P-20260107-150500-001-140724825183112-7, no quotes for ETHUSDT-PERP.BINANCE[0m
[1m2026-01-07T16:55:00.000000000Z[0m [1;33m[WARN] TRADER-001.nautilus_common::cache: Cannot calculate unrealized PnL for P-20260107-150500-001-140724825183112-7, no quotes for ETHUSDT-PERP.BINANCE[0m
[1m2026-01-07T16:55:10.000000000Z[0m [1;33m[WARN] TRADER-001.nautilus_common::cache: Cannot calculate unrealized PnL for P-20260107-150500-001-140724825183112-7, no quotes for ETHUSDT-PERP.BINANCE[0m
[1m2026-01-07T16:55:20.000000000Z[0m [1;33m[WARN] TRADER-001.nautilus_common::cache: Cannot calculate unrealized PnL for P-20260107-150500-001-140724825183112-7, no quotes for ETHUSDT-PERP.BINANCE[0m
[1m2026-01-07T16:55:30.000000000Z[0m [1;33m[WARN] TRADER-001.nautilus_common::cache: Cannot calculate unrealized PnL for P-20260107-150500-001-140724825183112-7, no quotes for ETHUSDT-PERP.BINANCE[0m
[1m2026-01-07T16:55:40.000000000Z[0m [1;33m[WARN] TRADER-001.nautilus_common::cache: Cannot calculate unrealized PnL for P-20260107-150500-001-140724825183112-7, no quotes for ETHUSDT-PERP.BINANCE[0m
[1m2026-01-07T16:55:50.000000000Z[0m [1;33m[WARN] TRADER-001.nautilus_common::cache: Cannot calculate unrealized PnL for P-20260107-150500-001-140724825183112-7, no quotes for ETHUSDT-PERP.BINANCE[0m
[1m2026-01-07T16:55:59.999000000Z[0m [1;33m[WARN] TRADER-001.nautilus_common::cache: Cannot calculate unrealized PnL for P-20260107-150500-001-140724825183112-7, no quotes for ETHUSDT-PERP.BINANCE[0m
[1m2026-01-07T16:56:00.000000000Z[0m [1;33m[WARN] TRADER-001.nautilus_common::cache: Cannot calculate unrealized PnL for P-20260107-150500-001-140724825183112-7, no quotes for ETHUSDT-PERP.BINANCE[0m
[1m2026-01-07T16:56:10.000000000Z[0m [1;33m[WARN] TRADER-001.nautilus_common::cache: Cannot calculate unrealized PnL for P-20260107-150500-001-140724825183112-7, no quotes for ETHUSDT-PERP.BINANCE[0m
[1m2026-01-07T16:56:20.000000000Z[0m [1;33m[WARN] TRADER-001.nautilus_common::cache: Cannot calculate unrealized PnL for P-20260107-150500-001-140724825183112-7, no quotes for ETHUSDT-PERP.BINANCE[0m
[1m2026-01-07T16:56:30.000000000Z[0m [1;33m[WARN] TRADER-001.nautilus_common::cache: Cannot calculate unrealized PnL for P-20260107-150500-001-140724825183112-7, no quotes for ETHUSDT-PERP.BINANCE[0m
[1m2026-01-07T16:56:40.000000000Z[0m [1;33m[WARN] TRADER-001.nautilus_common::cache: Cannot calculate unrealized PnL for P-20260107-150500-001-140724825183112-7, no quotes for ETHUSDT-PERP.BINANCE[0m
[1m2026-01-07T16:56:50.000000000Z[0m [1;33m[WARN] TRADER-001.nautilus_common::cache: Cannot calculate unrealized PnL for P-20260107-150500-001-140724825183112-7, no quotes for ETHUSDT-PERP.BINANCE[0m
[1m2026-01-07T16:56:59.999000000Z[0m [1;33m[WARN] TRADER-001.nautilus_common::cache: Cannot calculate unrealized PnL for P-20260107-150500-001-140724825183112-7, no quotes for ETHUSDT-PERP.BINANCE[0m
[1m2026-01-07T16:57:00.000000000Z[0m [1;33m[WARN] TRADER-001.nautilus_common::cache: Cannot calculate unrealized PnL for P-20260107-150500-001-140724825183112-7, no quotes for ETHUSDT-PERP.BINANCE[0m
[1m2026-01-07T16:57:10.000000000Z[0m [1;33m[WARN] TRADER-001.nautilus_common::cache: Cannot calculate unrealized PnL for P-20260107-150500-001-140724825183112-7, no quotes for ETHUSDT-PERP.BINANCE[0m
[1m2026-01-07T16:57:20.000000000Z[0m [1;33m[WARN] TRADER-001.nautilus_common::cache: Cannot calculate unrealized PnL for P-20260107-150500-001-140724825183112-7, no quotes for ETHUSDT-PERP.BINANCE[0m
[1m2026-01-07T16:57:30.000000000Z[0m [1;33m[WARN] TRADER-001.nautilus_common::cache: Cannot calculate unrealized PnL for P-20260107-150500-001-140724825183112-7, no quotes for ETHUSDT-PERP.BINANCE[0m
[1m2026-01-07T16:57:40.000000000Z[0m [1;33m[WARN] TRADER-001.nautilus_common::cache: Cannot calculate unrealized PnL for P-20260107-150500-001-140724825183112-7, no quotes for ETHUSDT-PERP.BINANCE[0m
[1m2026-01-07T16:57:50.000000000Z[0m [1;33m[WARN] TRADER-001.nautilus_common::cache: Cannot calculate unrealized PnL for P-20260107-150500-001-140724825183112-7, no quotes for ETHUSDT-PERP.BINANCE[0m
[1m2026-01-07T16:57:59.999000000Z[0m [1;33m[WARN] TRADER-001.nautilus_common::cache: Cannot calculate unrealized PnL for P-20260107-150500-001-140724825183112-7, no quotes for ETHUSDT-PERP.BINANCE[0m
[1m2026-01-07T16:58:00.000000000Z[0m [1;33m[WARN] TRADER-001.nautilus_common::cache: Cannot calculate unrealized PnL for P-20260107-150500-001-140724825183112-7, no quotes for ETHUSDT-PERP.BINANCE[0m
[1m2026-01-07T16:58:10.000000000Z[0m [1;33m[WARN] TRADER-001.nautilus_common::cache: Cannot calculate unrealized PnL for P-20260107-150500-001-140724825183112-7, no quotes for ETHUSDT-PERP.BINANCE[0m
[1m2026-01-07T16:58:20.000000000Z[0m [1;33m[WARN] TRADER-001.nautilus_common::cache: Cannot calculate unrealized PnL for P-20260107-150500-001-140724825183112-7, no quotes for ETHUSDT-PERP.BINANCE[0m
[1m2026-01-07T16:58:30.000000000Z[0m [1;33m[WARN] TRADER-001.nautilus_common::cache: Cannot calculate unrealized PnL for P-20260107-150500-001-140724825183112-7, no quotes for ETHUSDT-PERP.BINANCE[0m
[1m2026-01-07T16:58:40.000000000Z[0m [1;33m[WARN] TRADER-001.nautilus_common::cache: Cannot calculate unrealized PnL for P-20260107-150500-001-140724825183112-7, no quotes for ETHUSDT-PERP.BINANCE[0m
[1m2026-01-07T16:58:50.000000000Z[0m [1;33m[WARN] TRADER-001.nautilus_common::cache: Cannot calculate unrealized PnL for P-20260107-150500-001-140724825183112-7, no quotes for ETHUSDT-PERP.BINANCE[0m
[1m2026-01-07T16:58:59.999000000Z[0m [1;33m[WARN] TRADER-001.nautilus_common::cache: Cannot calculate unrealized PnL for P-20260107-150500-001-140724825183112-7, no quotes for ETHUSDT-PERP.BINANCE[0m
[1m2026-01-07T16:59:00.000000000Z[0m [1;33m[WARN] TRADER-001.nautilus_common::cache: Cannot calculate unrealized PnL for P-20260107-150500-001-140724825183112-7, no quotes for ETHUSDT-PERP.BINANCE[0m
[1m2026-01-07T16:59:10.000000000Z[0m [1;33m[WARN] TRADER-001.nautilus_common::cache: Cannot calculate unrealized PnL for P-20260107-150500-001-140724825183112-7, no quotes for ETHUSDT-PERP.BINANCE[0m
[1m2026-01-07T16:59:20.000000000Z[0m [1;33m[WARN] TRADER-001.nautilus_common::cache: Cannot calculate unrealized PnL for P-20260107-150500-001-140724825183112-7, no quotes for ETHUSDT-PERP.BINANCE[0m
[1m2026-01-07T16:59:30.000000000Z[0m [1;33m[WARN] TRADER-001.nautilus_common::cache: Cannot calculate unrealized PnL for P-20260107-150500-001-140724825183112-7, no quotes for ETHUSDT-PERP.BINANCE[0m
[1m2026-01-07T16:59:40.000000000Z[0m [1;33m[WARN] TRADER-001.nautilus_common::cache: Cannot calculate unrealized PnL for P-20260107-150500-001-140724825183112-7, no quotes for ETHUSDT-PERP.BINANCE[0m
[1m2026-01-07T16:59:50.000000000Z[0m [1;33m[WARN] TRADER-001.nautilus_common::cache: Cannot calculate unrealized PnL for P-20260107-150500-001-140724825183112-7, no quotes for ETHUSDT-PERP.BINANCE[0m
[1m2026-01-07T16:59:59.999000000Z[0m [1;33m[WARN] TRADER-001.nautilus_common::cache: Cannot calculate unrealized PnL for P-20260107-150500-001-140724825183112-7, no quotes for ETHUSDT-PERP.BINANCE[0m
[1m2026-01-07T17:00:00.000000000Z[0m [1;33m[WARN] TRADER-001.nautilus_common::cache: Cannot calculate unrealized PnL for P-20260107-150500-001-140724825183112-7, no quotes for ETHUSDT-PERP.BINANCE[0m
[1m2026-01-07T17:00:10.000000000Z[0m [1;33m[WARN] TRADER-001.nautilus_common::cache: Cannot calculate unrealized PnL for P-20260107-150500-001-140724825183112-7, no quotes for ETHUSDT-PERP.BINANCE[0m
[1m2026-01-07T17:00:20.000000000Z[0m [1;33m[WARN] TRADER-001.nautilus_common::cache: Cannot calculate unrealized PnL for P-20260107-150500-001-140724825183112-7, no quotes for ETHUSDT-PERP.BINANCE[0m
[1m2026-01-07T17:00:30.000000000Z[0m [1;33m[WARN] TRADER-001.nautilus_common::cache: Cannot calculate unrealized PnL for P-20260107-150500-001-140724825183112-7, no quotes for ETHUSDT-PERP.BINANCE[0m
[1m2026-01-07T17:00:40.000000000Z[0m [1;33m[WARN] TRADER-001.nautilus_common::cache: Cannot calculate unrealized PnL for P-20260107-150500-001-140724825183112-7, no quotes for ETHUSDT-PERP.BINANCE[0m
[1m2026-01-07T17:00:50.000000000Z[0m [1;33m[WARN] TRADER-001.nautilus_common::cache: Cannot calculate unrealized PnL for P-20260107-150500-001-140724825183112-7, no quotes for ETHUSDT-PERP.BINANCE[0m
[1m2026-01-07T17:00:59.999000000Z[0m [1;33m[WARN] TRADER-001.nautilus_common::cache: Cannot calculate unrealized PnL for P-20260107-150500-001-140724825183112-7, no quotes for ETHUSDT-PERP.BINANCE[0m
[1m2026-01-07T17:01:00.000000000Z[0m [1;33m[WARN] TRADER-001.nautilus_common::cache: Cannot calculate unrealized PnL for P-20260107-150500-001-140724825183112-7, no quotes for ETHUSDT-PERP.BINANCE[0m
[1m2026-01-07T17:01:10.000000000Z[0m [1;33m[WARN] TRADER-001.nautilus_common::cache: Cannot calculate unrealized PnL for P-20260107-150500-001-140724825183112-7, no quotes for ETHUSDT-PERP.BINANCE[0m
[1m2026-01-07T17:01:20.000000000Z[0m [1;33m[WARN] TRADER-001.nautilus_common::cache: Cannot calculate unrealized PnL for P-20260107-150500-001-140724825183112-7, no quotes for ETHUSDT-PERP.BINANCE[0m
[1m2026-01-07T17:01:30.000000000Z[0m [1;33m[WARN] TRADER-001.nautilus_common::cache: Cannot calculate unrealized PnL for P-20260107-150500-001-140724825183112-7, no quotes for ETHUSDT-PERP.BINANCE[0m
[1m2026-01-07T17:01:40.000000000Z[0m [1;33m[WARN] TRADER-001.nautilus_common::cache: Cannot calculate unrealized PnL for P-20260107-150500-001-140724825183112-7, no quotes for ETHUSDT-PERP.BINANCE[0m
[1m2026-01-07T17:01:50.000000000Z[0m [1;33m[WARN] TRADER-001.nautilus_common::cache: Cannot calculate unrealized PnL for P-20260107-150500-001-140724825183112-7, no quotes for ETHUSDT-PERP.BINANCE[0m
[1m2026-01-07T17:01:59.999000000Z[0m [1;33m[WARN] TRADER-001.nautilus_common::cache: Cannot calculate unrealized PnL for P-20260107-150500-001-140724825183112-7, no quotes for ETHUSDT-PERP.BINANCE[0m
[1m2026-01-07T17:02:00.000000000Z[0m [1;33m[WARN] TRADER-001.nautilus_common::cache: Cannot calculate unrealized PnL for P-20260107-150500-001-140724825183112-7, no quotes for ETHUSDT-PERP.BINANCE[0m
[1m2026-01-07T17:02:10.000000000Z[0m [1;33m[WARN] TRADER-001.nautilus_common::cache: Cannot calculate unrealized PnL for P-20260107-150500-001-140724825183112-7, no quotes for ETHUSDT-PERP.BINANCE[0m
[1m2026-01-07T17:02:20.000000000Z[0m [1;33m[WARN] TRADER-001.nautilus_common::cache: Cannot calculate unrealized PnL for P-20260107-150500-001-140724825183112-7, no quotes for ETHUSDT-PERP.BINANCE[0m
[1m2026-01-07T17:02:30.000000000Z[0m [1;33m[WARN] TRADER-001.nautilus_common::cache: Cannot calculate unrealized PnL for P-20260107-150500-001-140724825183112-7, no quotes for ETHUSDT-PERP.BINANCE[0m
[1m2026-01-07T17:02:40.000000000Z[0m [1;33m[WARN] TRADER-001.nautilus_common::cache: Cannot calculate unrealized PnL for P-20260107-150500-001-140724825183112-7, no quotes for ETHUSDT-PERP.BINANCE[0m
[1m2026-01-07T17:02:50.000000000Z[0m [1;33m[WARN] TRADER-001.nautilus_common::cache: Cannot calculate unrealized PnL for P-20260107-150500-001-140724825183112-7, no quotes for ETHUSDT-PERP.BINANCE[0m
[1m2026-01-07T17:02:59.999000000Z[0m [1;33m[WARN] TRADER-001.nautilus_common::cache: Cannot calculate unrealized PnL for P-20260107-150500-001-140724825183112-7, no quotes for ETHUSDT-PERP.BINANCE[0m
[1m2026-01-07T17:03:00.000000000Z[0m [1;33m[WARN] TRADER-001.nautilus_common::cache: Cannot calculate unrealized PnL for P-20260107-150500-001-140724825183112-7, no quotes for ETHUSDT-PERP.BINANCE[0m
[1m2026-01-07T17:03:10.000000000Z[0m [1;33m[WARN] TRADER-001.nautilus_common::cache: Cannot calculate unrealized PnL for P-20260107-150500-001-140724825183112-7, no quotes for ETHUSDT-PERP.BINANCE[0m
[1m2026-01-07T17:03:20.000000000Z[0m [1;33m[WARN] TRADER-001.nautilus_common::cache: Cannot calculate unrealized PnL for P-20260107-150500-001-140724825183112-7, no quotes for ETHUSDT-PERP.BINANCE[0m
[1m2026-01-07T17:03:30.000000000Z[0m [1;33m[WARN] TRADER-001.nautilus_common::cache: Cannot calculate unrealized PnL for P-20260107-150500-001-140724825183112-7, no quotes for ETHUSDT-PERP.BINANCE[0m
[1m2026-01-07T17:03:40.000000000Z[0m [1;33m[WARN] TRADER-001.nautilus_common::cache: Cannot calculate unrealized PnL for P-20260107-150500-001-140724825183112-7, no quotes for ETHUSDT-PERP.BINANCE[0m
[1m2026-01-07T17:03:50.000000000Z[0m [1;33m[WARN] TRADER-001.nautilus_common::cache: Cannot calculate unrealized PnL for P-20260107-150500-001-140724825183112-7, no quotes for ETHUSDT-PERP.BINANCE[0m
[1m2026-01-07T17:03:59.999000000Z[0m [1;33m[WARN] TRADER-001.nautilus_common::cache: Cannot calculate unrealized PnL for P-20260107-150500-001-140724825183112-7, no quotes for ETHUSDT-PERP.BINANCE[0m
[1m2026-01-07T17:04:00.000000000Z[0m [1;33m[WARN] TRADER-001.nautilus_common::cache: Cannot calculate unrealized PnL for P-20260107-150500-001-140724825183112-7, no quotes for ETHUSDT-PERP.BINANCE[0m
[1m2026-01-07T17:04:10.000000000Z[0m [1;33m[WARN] TRADER-001.nautilus_common::cache: Cannot calculate unrealized PnL for P-20260107-150500-001-140724825183112-7, no quotes for ETHUSDT-PERP.BINANCE[0m
[1m2026-01-07T17:04:20.000000000Z[0m [1;33m[WARN] TRADER-001.nautilus_common::cache: Cannot calculate unrealized PnL for P-20260107-150500-001-140724825183112-7, no quotes for ETHUSDT-PERP.BINANCE[0m
[1m2026-01-07T17:04:30.000000000Z[0m [1;33m[WARN] TRADER-001.nautilus_common::cache: Cannot calculate unrealized PnL for P-20260107-150500-001-140724825183112-7, no quotes for ETHUSDT-PERP.BINANCE[0m
[1m2026-01-07T17:04:40.000000000Z[0m [1;33m[WARN] TRADER-001.nautilus_common::cache: Cannot calculate unrealized PnL for P-20260107-150500-001-140724825183112-7, no quotes for ETHUSDT-PERP.BINANCE[0m
[1m2026-01-07T17:04:50.000000000Z[0m [1;33m[WARN] TRADER-001.nautilus_common::cache: Cannot calculate unrealized PnL for P-20260107-150500-001-140724825183112-7, no quotes for ETHUSDT-PERP.BINANCE[0m
[1m2026-01-07T17:04:59.999000000Z[0m [1;33m[WARN] TRADER-001.nautilus_common::cache: Cannot calculate unrealized PnL for P-20260107-150500-001-140724825183112-7, no quotes for ETHUSDT-PERP.BINANCE[0m
[1m2026-01-07T17:05:00.000000000Z[0m [1;33m[WARN] TRADER-001.nautilus_common::cache: Cannot calculate unrealized PnL for P-20260107-150500-001-140724825183112-7, no quotes for ETHUSDT-PERP.BINANCE[0m
[1m2026-01-07T17:05:10.000000000Z[0m [1;33m[WARN] TRADER-001.nautilus_common::cache: Cannot calculate unrealized PnL for P-20260107-150500-001-140724825183112-7, no quotes for ETHUSDT-PERP.BINANCE[0m
[1m2026-01-07T17:05:20.000000000Z[0m [1;33m[WARN] TRADER-001.nautilus_common::cache: Cannot calculate unrealized PnL for P-20260107-150500-001-140724825183112-7, no quotes for ETHUSDT-PERP.BINANCE[0m
[1m2026-01-07T17:05:30.000000000Z[0m [1;33m[WARN] TRADER-001.nautilus_common::cache: Cannot calculate unrealized PnL for P-20260107-150500-001-140724825183112-7, no quotes for ETHUSDT-PERP.BINANCE[0m
[1m2026-01-07T17:05:40.000000000Z[0m [1;33m[WARN] TRADER-001.nautilus_common::cache: Cannot calculate unrealized PnL for P-20260107-150500-001-140724825183112-7, no quotes for ETHUSDT-PERP.BINANCE[0m
[1m2026-01-07T17:05:50.000000000Z[0m [1;33m[WARN] TRADER-001.nautilus_common::cache: Cannot calculate unrealized PnL for P-20260107-150500-001-140724825183112-7, no quotes for ETHUSDT-PERP.BINANCE[0m
[1m2026-01-07T17:05:59.999000000Z[0m [1;33m[WARN] TRADER-001.nautilus_common::cache: Cannot calculate unrealized PnL for P-20260107-150500-001-140724825183112-7, no quotes for ETHUSDT-PERP.BINANCE[0m
[1m2026-01-07T17:06:00.000000000Z[0m [1;33m[WARN] TRADER-001.nautilus_common::cache: Cannot calculate unrealized PnL for P-20260107-150500-001-140724825183112-7, no quotes for ETHUSDT-PERP.BINANCE[0m
[1m2026-01-07T17:06:10.000000000Z[0m [1;33m[WARN] TRADER-001.nautilus_common::cache: Cannot calculate unrealized PnL for P-20260107-150500-001-140724825183112-7, no quotes for ETHUSDT-PERP.BINANCE[0m
[1m2026-01-07T17:06:20.000000000Z[0m [1;33m[WARN] TRADER-001.nautilus_common::cache: Cannot calculate unrealized PnL for P-20260107-150500-001-140724825183112-7, no quotes for ETHUSDT-PERP.BINANCE[0m
[1m2026-01-07T17:06:30.000000000Z[0m [1;33m[WARN] TRADER-001.nautilus_common::cache: Cannot calculate unrealized PnL for P-20260107-150500-001-140724825183112-7, no quotes for ETHUSDT-PERP.BINANCE[0m
[1m2026-01-07T17:06:40.000000000Z[0m [1;33m[WARN] TRADER-001.nautilus_common::cache: Cannot calculate unrealized PnL for P-20260107-150500-001-140724825183112-7, no quotes for ETHUSDT-PERP.BINANCE[0m
[1m2026-01-07T17:06:50.000000000Z[0m [1;33m[WARN] TRADER-001.nautilus_common::cache: Cannot calculate unrealized PnL for P-20260107-150500-001-140724825183112-7, no quotes for ETHUSDT-PERP.BINANCE[0m
[1m2026-01-07T17:06:59.999000000Z[0m [1;33m[WARN] TRADER-001.nautilus_common::cache: Cannot calculate unrealized PnL for P-20260107-150500-001-140724825183112-7, no quotes for ETHUSDT-PERP.BINANCE[0m
[1m2026-01-07T17:07:00.000000000Z[0m [1;33m[WARN] TRADER-001.nautilus_common::cache: Cannot calculate unrealized PnL for P-20260107-150500-001-140724825183112-7, no quotes for ETHUSDT-PERP.BINANCE[0m
[1m2026-01-07T17:07:10.000000000Z[0m [1;33m[WARN] TRADER-001.nautilus_common::cache: Cannot calculate unrealized PnL for P-20260107-150500-001-140724825183112-7, no quotes for ETHUSDT-PERP.BINANCE[0m
[1m2026-01-07T17:07:20.000000000Z[0m [1;33m[WARN] TRADER-001.nautilus_common::cache: Cannot calculate unrealized PnL for P-20260107-150500-001-140724825183112-7, no quotes for ETHUSDT-PERP.BINANCE[0m
[1m2026-01-07T17:07:30.000000000Z[0m [1;33m[WARN] TRADER-001.nautilus_common::cache: Cannot calculate unrealized PnL for P-20260107-150500-001-140724825183112-7, no quotes for ETHUSDT-PERP.BINANCE[0m
[1m2026-01-07T17:07:40.000000000Z[0m [1;33m[WARN] TRADER-001.nautilus_common::cache: Cannot calculate unrealized PnL for P-20260107-150500-001-140724825183112-7, no quotes for ETHUSDT-PERP.BINANCE[0m
[1m2026-01-07T17:07:50.000000000Z[0m [1;33m[WARN] TRADER-001.nautilus_common::cache: Cannot calculate unrealized PnL for P-20260107-150500-001-140724825183112-7, no quotes for ETHUSDT-PERP.BINANCE[0m
[1m2026-01-07T17:07:59.999000000Z[0m [1;33m[WARN] TRADER-001.nautilus_common::cache: Cannot calculate unrealized PnL for P-20260107-150500-001-140724825183112-7, no quotes for ETHUSDT-PERP.BINANCE[0m
[1m2026-01-07T17:08:00.000000000Z[0m [1;33m[WARN] TRADER-001.nautilus_common::cache: Cannot calculate unrealized PnL for P-20260107-150500-001-140724825183112-7, no quotes for ETHUSDT-PERP.BINANCE[0m
[1m2026-01-07T17:08:10.000000000Z[0m [1;33m[WARN] TRADER-001.nautilus_common::cache: Cannot calculate unrealized PnL for P-20260107-150500-001-140724825183112-7, no quotes for ETHUSDT-PERP.BINANCE[0m
[1m2026-01-07T17:08:20.000000000Z[0m [1;33m[WARN] TRADER-001.nautilus_common::cache: Cannot calculate unrealized PnL for P-20260107-150500-001-140724825183112-7, no quotes for ETHUSDT-PERP.BINANCE[0m
[1m2026-01-07T17:08:30.000000000Z[0m [1;33m[WARN] TRADER-001.nautilus_common::cache: Cannot calculate unrealized PnL for P-20260107-150500-001-140724825183112-7, no quotes for ETHUSDT-PERP.BINANCE[0m
[1m2026-01-07T17:08:40.000000000Z[0m [1;33m[WARN] TRADER-001.nautilus_common::cache: Cannot calculate unrealized PnL for P-20260107-150500-001-140724825183112-7, no quotes for ETHUSDT-PERP.BINANCE[0m
[1m2026-01-07T17:08:50.000000000Z[0m [1;33m[WARN] TRADER-001.nautilus_common::cache: Cannot calculate unrealized PnL for P-20260107-150500-001-140724825183112-7, no quotes for ETHUSDT-PERP.BINANCE[0m
[1m2026-01-07T17:08:59.999000000Z[0m [1;33m[WARN] TRADER-001.nautilus_common::cache: Cannot calculate unrealized PnL for P-20260107-150500-001-140724825183112-7, no quotes for ETHUSDT-PERP.BINANCE[0m
[1m2026-01-07T17:09:00.000000000Z[0m [1;33m[WARN] TRADER-001.nautilus_common::cache: Cannot calculate unrealized PnL for P-20260107-150500-001-140724825183112-7, no quotes for ETHUSDT-PERP.BINANCE[0m
[1m2026-01-07T17:09:10.000000000Z[0m [1;33m[WARN] TRADER-001.nautilus_common::cache: Cannot calculate unrealized PnL for P-20260107-150500-001-140724825183112-7, no quotes for ETHUSDT-PERP.BINANCE[0m
[1m2026-01-07T17:09:20.000000000Z[0m [1;33m[WARN] TRADER-001.nautilus_common::cache: Cannot calculate unrealized PnL for P-20260107-150500-001-140724825183112-7, no quotes for ETHUSDT-PERP.BINANCE[0m
[1m2026-01-07T17:09:30.000000000Z[0m [1;33m[WARN] TRADER-001.nautilus_common::cache: Cannot calculate unrealized PnL for P-20260107-150500-001-140724825183112-7, no quotes for ETHUSDT-PERP.BINANCE[0m
[1m2026-01-07T17:09:40.000000000Z[0m [1;33m[WARN] TRADER-001.nautilus_common::cache: Cannot calculate unrealized PnL for P-20260107-150500-001-140724825183112-7, no quotes for ETHUSDT-PERP.BINANCE[0m
[1m2026-01-07T17:09:50.000000000Z[0m [1;33m[WARN] TRADER-001.nautilus_common::cache: Cannot calculate unrealized PnL for P-20260107-150500-001-140724825183112-7, no quotes for ETHUSDT-PERP.BINANCE[0m
[1m2026-01-07T17:09:59.999000000Z[0m [1;33m[WARN] TRADER-001.nautilus_common::cache: Cannot calculate unrealized PnL for P-20260107-150500-001-140724825183112-7, no quotes for ETHUSDT-PERP.BINANCE[0m
[1m2026-01-07T17:10:00.000000000Z[0m [1;33m[WARN] TRADER-001.nautilus_common::cache: Cannot calculate unrealized PnL for P-20260107-150500-001-140724825183112-7, no quotes for ETHUSDT-PERP.BINANCE[0m
[1m2026-01-07T17:10:10.000000000Z[0m [1;33m[WARN] TRADER-001.nautilus_common::cache: Cannot calculate unrealized PnL for P-20260107-150500-001-140724825183112-7, no quotes for ETHUSDT-PERP.BINANCE[0m
[1m2026-01-07T17:10:20.000000000Z[0m [1;33m[WARN] TRADER-001.nautilus_common::cache: Cannot calculate unrealized PnL for P-20260107-150500-001-140724825183112-7, no quotes for ETHUSDT-PERP.BINANCE[0m
[1m2026-01-07T17:10:30.000000000Z[0m [1;33m[WARN] TRADER-001.nautilus_common::cache: Cannot calculate unrealized PnL for P-20260107-150500-001-140724825183112-7, no quotes for ETHUSDT-PERP.BINANCE[0m
[1m2026-01-07T17:10:40.000000000Z[0m [1;33m[WARN] TRADER-001.nautilus_common::cache: Cannot calculate unrealized PnL for P-20260107-150500-001-140724825183112-7, no quotes for ETHUSDT-PERP.BINANCE[0m
[1m2026-01-07T17:10:50.000000000Z[0m [1;33m[WARN] TRADER-001.nautilus_common::cache: Cannot calculate unrealized PnL for P-20260107-150500-001-140724825183112-7, no quotes for ETHUSDT-PERP.BINANCE[0m
[1m2026-01-07T17:10:59.999000000Z[0m [1;33m[WARN] TRADER-001.nautilus_common::cache: Cannot calculate unrealized PnL for P-20260107-150500-001-140724825183112-7, no quotes for ETHUSDT-PERP.BINANCE[0m
[1m2026-01-07T17:11:00.000000000Z[0m [1;33m[WARN] TRADER-001.nautilus_common::cache: Cannot calculate unrealized PnL for P-20260107-150500-001-140724825183112-7, no quotes for ETHUSDT-PERP.BINANCE[0m
[1m2026-01-07T17:11:10.000000000Z[0m [1;33m[WARN] TRADER-001.nautilus_common::cache: Cannot calculate unrealized PnL for P-20260107-150500-001-140724825183112-7, no quotes for ETHUSDT-PERP.BINANCE[0m
[1m2026-01-07T17:11:20.000000000Z[0m [1;33m[WARN] TRADER-001.nautilus_common::cache: Cannot calculate unrealized PnL for P-20260107-150500-001-140724825183112-7, no quotes for ETHUSDT-PERP.BINANCE[0m
[1m2026-01-07T17:11:30.000000000Z[0m [1;33m[WARN] TRADER-001.nautilus_common::cache: Cannot calculate unrealized PnL for P-20260107-150500-001-140724825183112-7, no quotes for ETHUSDT-PERP.BINANCE[0m
[1m2026-01-07T17:11:40.000000000Z[0m [1;33m[WARN] TRADER-001.nautilus_common::cache: Cannot calculate unrealized PnL for P-20260107-150500-001-140724825183112-7, no quotes for ETHUSDT-PERP.BINANCE[0m
[1m2026-01-07T17:11:50.000000000Z[0m [1;33m[WARN] TRADER-001.nautilus_common::cache: Cannot calculate unrealized PnL for P-20260107-150500-001-140724825183112-7, no quotes for ETHUSDT-PERP.BINANCE[0m
[1m2026-01-07T17:11:59.999000000Z[0m [1;33m[WARN] TRADER-001.nautilus_common::cache: Cannot calculate unrealized PnL for P-20260107-150500-001-140724825183112-7, no quotes for ETHUSDT-PERP.BINANCE[0m
[1m2026-01-07T17:12:00.000000000Z[0m [1;33m[WARN] TRADER-001.nautilus_common::cache: Cannot calculate unrealized PnL for P-20260107-150500-001-140724825183112-7, no quotes for ETHUSDT-PERP.BINANCE[0m
[1m2026-01-07T17:12:10.000000000Z[0m [1;33m[WARN] TRADER-001.nautilus_common::cache: Cannot calculate unrealized PnL for P-20260107-150500-001-140724825183112-7, no quotes for ETHUSDT-PERP.BINANCE[0m
[1m2026-01-07T17:12:20.000000000Z[0m [1;33m[WARN] TRADER-001.nautilus_common::cache: Cannot calculate unrealized PnL for P-20260107-150500-001-140724825183112-7, no quotes for ETHUSDT-PERP.BINANCE[0m
[1m2026-01-07T17:12:30.000000000Z[0m [1;33m[WARN] TRADER-001.nautilus_common::cache: Cannot calculate unrealized PnL for P-20260107-150500-001-140724825183112-7, no quotes for ETHUSDT-PERP.BINANCE[0m
[1m2026-01-07T17:12:40.000000000Z[0m [1;33m[WARN] TRADER-001.nautilus_common::cache: Cannot calculate unrealized PnL for P-20260107-150500-001-140724825183112-7, no quotes for ETHUSDT-PERP.BINANCE[0m
[1m2026-01-07T17:12:50.000000000Z[0m [1;33m[WARN] TRADER-001.nautilus_common::cache: Cannot calculate unrealized PnL for P-20260107-150500-001-140724825183112-7, no quotes for ETHUSDT-PERP.BINANCE[0m
[1m2026-01-07T17:12:59.999000000Z[0m [1;33m[WARN] TRADER-001.nautilus_common::cache: Cannot calculate unrealized PnL for P-20260107-150500-001-140724825183112-7, no quotes for ETHUSDT-PERP.BINANCE[0m
[1m2026-01-07T17:13:00.000000000Z[0m [1;33m[WARN] TRADER-001.nautilus_common::cache: Cannot calculate unrealized PnL for P-20260107-150500-001-140724825183112-7, no quotes for ETHUSDT-PERP.BINANCE[0m
[1m2026-01-07T17:13:10.000000000Z[0m [1;33m[WARN] TRADER-001.nautilus_common::cache: Cannot calculate unrealized PnL for P-20260107-150500-001-140724825183112-7, no quotes for ETHUSDT-PERP.BINANCE[0m
[1m2026-01-07T17:13:20.000000000Z[0m [1;33m[WARN] TRADER-001.nautilus_common::cache: Cannot calculate unrealized PnL for P-20260107-150500-001-140724825183112-7, no quotes for ETHUSDT-PERP.BINANCE[0m
[1m2026-01-07T17:13:30.000000000Z[0m [1;33m[WARN] TRADER-001.nautilus_common::cache: Cannot calculate unrealized PnL for P-20260107-150500-001-140724825183112-7, no quotes for ETHUSDT-PERP.BINANCE[0m
[1m2026-01-07T17:13:40.000000000Z[0m [1;33m[WARN] TRADER-001.nautilus_common::cache: Cannot calculate unrealized PnL for P-20260107-150500-001-140724825183112-7, no quotes for ETHUSDT-PERP.BINANCE[0m
[1m2026-01-07T17:13:50.000000000Z[0m [1;33m[WARN] TRADER-001.nautilus_common::cache: Cannot calculate unrealized PnL for P-20260107-150500-001-140724825183112-7, no quotes for ETHUSDT-PERP.BINANCE[0m
[1m2026-01-07T17:13:59.999000000Z[0m [1;33m[WARN] TRADER-001.nautilus_common::cache: Cannot calculate unrealized PnL for P-20260107-150500-001-140724825183112-7, no quotes for ETHUSDT-PERP.BINANCE[0m
[1m2026-01-07T17:14:00.000000000Z[0m [1;33m[WARN] TRADER-001.nautilus_common::cache: Cannot calculate unrealized PnL for P-20260107-150500-001-140724825183112-7, no quotes for ETHUSDT-PERP.BINANCE[0m
[1m2026-01-07T17:14:10.000000000Z[0m [1;33m[WARN] TRADER-001.nautilus_common::cache: Cannot calculate unrealized PnL for P-20260107-150500-001-140724825183112-7, no quotes for ETHUSDT-PERP.BINANCE[0m
[1m2026-01-07T17:14:20.000000000Z[0m [1;33m[WARN] TRADER-001.nautilus_common::cache: Cannot calculate unrealized PnL for P-20260107-150500-001-140724825183112-7, no quotes for ETHUSDT-PERP.BINANCE[0m
[1m2026-01-07T17:14:30.000000000Z[0m [1;33m[WARN] TRADER-001.nautilus_common::cache: Cannot calculate unrealized PnL for P-20260107-150500-001-140724825183112-7, no quotes for ETHUSDT-PERP.BINANCE[0m
[1m2026-01-07T17:14:40.000000000Z[0m [1;33m[WARN] TRADER-001.nautilus_common::cache: Cannot calculate unrealized PnL for P-20260107-150500-001-140724825183112-7, no quotes for ETHUSDT-PERP.BINANCE[0m
[1m2026-01-07T17:14:50.000000000Z[0m [1;33m[WARN] TRADER-001.nautilus_common::cache: Cannot calculate unrealized PnL for P-20260107-150500-001-140724825183112-7, no quotes for ETHUSDT-PERP.BINANCE[0m
[1m2026-01-07T17:14:59.999000000Z[0m [1;33m[WARN] TRADER-001.nautilus_common::cache: Cannot calculate unrealized PnL for P-20260107-150500-001-140724825183112-7, no quotes for ETHUSDT-PERP.BINANCE[0m
[1m2026-01-07T17:15:00.000000000Z[0m [1;33m[WARN] TRADER-001.nautilus_common::cache: Cannot calculate unrealized PnL for P-20260107-150500-001-140724825183112-7, no quotes for ETHUSDT-PERP.BINANCE[0m
[1m2026-01-07T17:15:10.000000000Z[0m [1;33m[WARN] TRADER-001.nautilus_common::cache: Cannot calculate unrealized PnL for P-20260107-150500-001-140724825183112-7, no quotes for ETHUSDT-PERP.BINANCE[0m
[1m2026-01-07T17:15:20.000000000Z[0m [1;33m[WARN] TRADER-001.nautilus_common::cache: Cannot calculate unrealized PnL for P-20260107-150500-001-140724825183112-7, no quotes for ETHUSDT-PERP.BINANCE[0m
[1m2026-01-07T17:15:30.000000000Z[0m [1;33m[WARN] TRADER-001.nautilus_common::cache: Cannot calculate unrealized PnL for P-20260107-150500-001-140724825183112-7, no quotes for ETHUSDT-PERP.BINANCE[0m
[1m2026-01-07T17:15:40.000000000Z[0m [1;33m[WARN] TRADER-001.nautilus_common::cache: Cannot calculate unrealized PnL for P-20260107-150500-001-140724825183112-7, no quotes for ETHUSDT-PERP.BINANCE[0m
[1m2026-01-07T17:15:50.000000000Z[0m [1;33m[WARN] TRADER-001.nautilus_common::cache: Cannot calculate unrealized PnL for P-20260107-150500-001-140724825183112-7, no quotes for ETHUSDT-PERP.BINANCE[0m
[1m2026-01-07T17:15:59.999000000Z[0m [1;33m[WARN] TRADER-001.nautilus_common::cache: Cannot calculate unrealized PnL for P-20260107-150500-001-140724825183112-7, no quotes for ETHUSDT-PERP.BINANCE[0m
[1m2026-01-07T17:16:00.000000000Z[0m [1;33m[WARN] TRADER-001.nautilus_common::cache: Cannot calculate unrealized PnL for P-20260107-150500-001-140724825183112-7, no quotes for ETHUSDT-PERP.BINANCE[0m
[1m2026-01-07T17:16:10.000000000Z[0m [1;33m[WARN] TRADER-001.nautilus_common::cache: Cannot calculate unrealized PnL for P-20260107-150500-001-140724825183112-7, no quotes for ETHUSDT-PERP.BINANCE[0m
[1m2026-01-07T17:16:20.000000000Z[0m [1;33m[WARN] TRADER-001.nautilus_common::cache: Cannot calculate unrealized PnL for P-20260107-150500-001-140724825183112-7, no quotes for ETHUSDT-PERP.BINANCE[0m
[1m2026-01-07T17:16:30.000000000Z[0m [1;33m[WARN] TRADER-001.nautilus_common::cache: Cannot calculate unrealized PnL for P-20260107-150500-001-140724825183112-7, no quotes for ETHUSDT-PERP.BINANCE[0m
[1m2026-01-07T17:16:40.000000000Z[0m [1;33m[WARN] TRADER-001.nautilus_common::cache: Cannot calculate unrealized PnL for P-20260107-150500-001-140724825183112-7, no quotes for ETHUSDT-PERP.BINANCE[0m
[1m2026-01-07T17:16:50.000000000Z[0m [1;33m[WARN] TRADER-001.nautilus_common::cache: Cannot calculate unrealized PnL for P-20260107-150500-001-140724825183112-7, no quotes for ETHUSDT-PERP.BINANCE[0m
[1m2026-01-07T17:16:59.999000000Z[0m [1;33m[WARN] TRADER-001.nautilus_common::cache: Cannot calculate unrealized PnL for P-20260107-150500-001-140724825183112-7, no quotes for ETHUSDT-PERP.BINANCE[0m
[1m2026-01-07T17:17:00.000000000Z[0m [1;33m[WARN] TRADER-001.nautilus_common::cache: Cannot calculate unrealized PnL for P-20260107-150500-001-140724825183112-7, no quotes for ETHUSDT-PERP.BINANCE[0m
[1m2026-01-07T17:17:10.000000000Z[0m [1;33m[WARN] TRADER-001.nautilus_common::cache: Cannot calculate unrealized PnL for P-20260107-150500-001-140724825183112-7, no quotes for ETHUSDT-PERP.BINANCE[0m
[1m2026-01-07T17:17:20.000000000Z[0m [1;33m[WARN] TRADER-001.nautilus_common::cache: Cannot calculate unrealized PnL for P-20260107-150500-001-140724825183112-7, no quotes for ETHUSDT-PERP.BINANCE[0m
[1m2026-01-07T17:17:30.000000000Z[0m [1;33m[WARN] TRADER-001.nautilus_common::cache: Cannot calculate unrealized PnL for P-20260107-150500-001-140724825183112-7, no quotes for ETHUSDT-PERP.BINANCE[0m
[1m2026-01-07T17:17:40.000000000Z[0m [1;33m[WARN] TRADER-001.nautilus_common::cache: Cannot calculate unrealized PnL for P-20260107-150500-001-140724825183112-7, no quotes for ETHUSDT-PERP.BINANCE[0m
[1m2026-01-07T17:17:50.000000000Z[0m [1;33m[WARN] TRADER-001.nautilus_common::cache: Cannot calculate unrealized PnL for P-20260107-150500-001-140724825183112-7, no quotes for ETHUSDT-PERP.BINANCE[0m
[1m2026-01-07T17:17:59.999000000Z[0m [1;33m[WARN] TRADER-001.nautilus_common::cache: Cannot calculate unrealized PnL for P-20260107-150500-001-140724825183112-7, no quotes for ETHUSDT-PERP.BINANCE[0m
[1m2026-01-07T17:18:00.000000000Z[0m [1;33m[WARN] TRADER-001.nautilus_common::cache: Cannot calculate unrealized PnL for P-20260107-150500-001-140724825183112-7, no quotes for ETHUSDT-PERP.BINANCE[0m
[1m2026-01-07T17:18:10.000000000Z[0m [1;33m[WARN] TRADER-001.nautilus_common::cache: Cannot calculate unrealized PnL for P-20260107-150500-001-140724825183112-7, no quotes for ETHUSDT-PERP.BINANCE[0m
[1m2026-01-07T17:18:20.000000000Z[0m [1;33m[WARN] TRADER-001.nautilus_common::cache: Cannot calculate unrealized PnL for P-20260107-150500-001-140724825183112-7, no quotes for ETHUSDT-PERP.BINANCE[0m
[1m2026-01-07T17:18:30.000000000Z[0m [1;33m[WARN] TRADER-001.nautilus_common::cache: Cannot calculate unrealized PnL for P-20260107-150500-001-140724825183112-7, no quotes for ETHUSDT-PERP.BINANCE[0m
[1m2026-01-07T17:18:40.000000000Z[0m [1;33m[WARN] TRADER-001.nautilus_common::cache: Cannot calculate unrealized PnL for P-20260107-150500-001-140724825183112-7, no quotes for ETHUSDT-PERP.BINANCE[0m
[1m2026-01-07T17:18:50.000000000Z[0m [1;33m[WARN] TRADER-001.nautilus_common::cache: Cannot calculate unrealized PnL for P-20260107-150500-001-140724825183112-7, no quotes for ETHUSDT-PERP.BINANCE[0m
[1m2026-01-07T17:18:59.999000000Z[0m [1;33m[WARN] TRADER-001.nautilus_common::cache: Cannot calculate unrealized PnL for P-20260107-150500-001-140724825183112-7, no quotes for ETHUSDT-PERP.BINANCE[0m
[1m2026-01-07T17:19:00.000000000Z[0m [1;33m[WARN] TRADER-001.nautilus_common::cache: Cannot calculate unrealized PnL for P-20260107-150500-001-140724825183112-7, no quotes for ETHUSDT-PERP.BINANCE[0m
[1m2026-01-07T17:19:10.000000000Z[0m [1;33m[WARN] TRADER-001.nautilus_common::cache: Cannot calculate unrealized PnL for P-20260107-150500-001-140724825183112-7, no quotes for ETHUSDT-PERP.BINANCE[0m
[1m2026-01-07T17:19:20.000000000Z[0m [1;33m[WARN] TRADER-001.nautilus_common::cache: Cannot calculate unrealized PnL for P-20260107-150500-001-140724825183112-7, no quotes for ETHUSDT-PERP.BINANCE[0m
[1m2026-01-07T17:19:30.000000000Z[0m [1;33m[WARN] TRADER-001.nautilus_common::cache: Cannot calculate unrealized PnL for P-20260107-150500-001-140724825183112-7, no quotes for ETHUSDT-PERP.BINANCE[0m
[1m2026-01-07T17:19:40.000000000Z[0m [1;33m[WARN] TRADER-001.nautilus_common::cache: Cannot calculate unrealized PnL for P-20260107-150500-001-140724825183112-7, no quotes for ETHUSDT-PERP.BINANCE[0m
[1m2026-01-07T17:19:50.000000000Z[0m [1;33m[WARN] TRADER-001.nautilus_common::cache: Cannot calculate unrealized PnL for P-20260107-150500-001-140724825183112-7, no quotes for ETHUSDT-PERP.BINANCE[0m
[1m2026-01-07T17:19:59.999000000Z[0m [1;33m[WARN] TRADER-001.nautilus_common::cache: Cannot calculate unrealized PnL for P-20260107-150500-001-140724825183112-7, no quotes for ETHUSDT-PERP.BINANCE[0m
[1m2026-01-07T17:20:00.000000000Z[0m [1;33m[WARN] TRADER-001.nautilus_common::cache: Cannot calculate unrealized PnL for P-20260107-150500-001-140724825183112-7, no quotes for ETHUSDT-PERP.BINANCE[0m
[1m2026-01-07T17:20:10.000000000Z[0m [1;33m[WARN] TRADER-001.nautilus_common::cache: Cannot calculate unrealized PnL for P-20260107-150500-001-140724825183112-7, no quotes for ETHUSDT-PERP.BINANCE[0m
[1m2026-01-07T17:20:20.000000000Z[0m [1;33m[WARN] TRADER-001.nautilus_common::cache: Cannot calculate unrealized PnL for P-20260107-150500-001-140724825183112-7, no quotes for ETHUSDT-PERP.BINANCE[0m
[1m2026-01-07T17:20:30.000000000Z[0m [1;33m[WARN] TRADER-001.nautilus_common::cache: Cannot calculate unrealized PnL for P-20260107-150500-001-140724825183112-7, no quotes for ETHUSDT-PERP.BINANCE[0m
[1m2026-01-07T17:20:40.000000000Z[0m [1;33m[WARN] TRADER-001.nautilus_common::cache: Cannot calculate unrealized PnL for P-20260107-150500-001-140724825183112-7, no quotes for ETHUSDT-PERP.BINANCE[0m
[1m2026-01-07T17:20:50.000000000Z[0m [1;33m[WARN] TRADER-001.nautilus_common::cache: Cannot calculate unrealized PnL for P-20260107-150500-001-140724825183112-7, no quotes for ETHUSDT-PERP.BINANCE[0m
[1m2026-01-07T17:20:59.999000000Z[0m [1;33m[WARN] TRADER-001.nautilus_common::cache: Cannot calculate unrealized PnL for P-20260107-150500-001-140724825183112-7, no quotes for ETHUSDT-PERP.BINANCE[0m
[1m2026-01-07T17:21:00.000000000Z[0m [1;33m[WARN] TRADER-001.nautilus_common::cache: Cannot calculate unrealized PnL for P-20260107-150500-001-140724825183112-7, no quotes for ETHUSDT-PERP.BINANCE[0m
[1m2026-01-07T17:21:10.000000000Z[0m [1;33m[WARN] TRADER-001.nautilus_common::cache: Cannot calculate unrealized PnL for P-20260107-150500-001-140724825183112-7, no quotes for ETHUSDT-PERP.BINANCE[0m
[1m2026-01-07T17:21:20.000000000Z[0m [1;33m[WARN] TRADER-001.nautilus_common::cache: Cannot calculate unrealized PnL for P-20260107-150500-001-140724825183112-7, no quotes for ETHUSDT-PERP.BINANCE[0m
[1m2026-01-07T17:21:30.000000000Z[0m [1;33m[WARN] TRADER-001.nautilus_common::cache: Cannot calculate unrealized PnL for P-20260107-150500-001-140724825183112-7, no quotes for ETHUSDT-PERP.BINANCE[0m
[1m2026-01-07T17:21:40.000000000Z[0m [1;33m[WARN] TRADER-001.nautilus_common::cache: Cannot calculate unrealized PnL for P-20260107-150500-001-140724825183112-7, no quotes for ETHUSDT-PERP.BINANCE[0m
[1m2026-01-07T17:21:50.000000000Z[0m [1;33m[WARN] TRADER-001.nautilus_common::cache: Cannot calculate unrealized PnL for P-20260107-150500-001-140724825183112-7, no quotes for ETHUSDT-PERP.BINANCE[0m
[1m2026-01-07T17:21:59.999000000Z[0m [1;33m[WARN] TRADER-001.nautilus_common::cache: Cannot calculate unrealized PnL for P-20260107-150500-001-140724825183112-7, no quotes for ETHUSDT-PERP.BINANCE[0m
[1m2026-01-07T17:22:00.000000000Z[0m [1;33m[WARN] TRADER-001.nautilus_common::cache: Cannot calculate unrealized PnL for P-20260107-150500-001-140724825183112-7, no quotes for ETHUSDT-PERP.BINANCE[0m
[1m2026-01-07T17:22:10.000000000Z[0m [1;33m[WARN] TRADER-001.nautilus_common::cache: Cannot calculate unrealized PnL for P-20260107-150500-001-140724825183112-7, no quotes for ETHUSDT-PERP.BINANCE[0m
[1m2026-01-07T17:22:20.000000000Z[0m [1;33m[WARN] TRADER-001.nautilus_common::cache: Cannot calculate unrealized PnL for P-20260107-150500-001-140724825183112-7, no quotes for ETHUSDT-PERP.BINANCE[0m
[1m2026-01-07T17:22:30.000000000Z[0m [1;33m[WARN] TRADER-001.nautilus_common::cache: Cannot calculate unrealized PnL for P-20260107-150500-001-140724825183112-7, no quotes for ETHUSDT-PERP.BINANCE[0m
[1m2026-01-07T17:22:40.000000000Z[0m [1;33m[WARN] TRADER-001.nautilus_common::cache: Cannot calculate unrealized PnL for P-20260107-150500-001-140724825183112-7, no quotes for ETHUSDT-PERP.BINANCE[0m
[1m2026-01-07T17:22:50.000000000Z[0m [1;33m[WARN] TRADER-001.nautilus_common::cache: Cannot calculate unrealized PnL for P-20260107-150500-001-140724825183112-7, no quotes for ETHUSDT-PERP.BINANCE[0m
[1m2026-01-07T17:22:59.999000000Z[0m [1;33m[WARN] TRADER-001.nautilus_common::cache: Cannot calculate unrealized PnL for P-20260107-150500-001-140724825183112-7, no quotes for ETHUSDT-PERP.BINANCE[0m
[1m2026-01-07T17:23:00.000000000Z[0m [1;33m[WARN] TRADER-001.nautilus_common::cache: Cannot calculate unrealized PnL for P-20260107-150500-001-140724825183112-7, no quotes for ETHUSDT-PERP.BINANCE[0m
[1m2026-01-07T17:23:10.000000000Z[0m [1;33m[WARN] TRADER-001.nautilus_common::cache: Cannot calculate unrealized PnL for P-20260107-150500-001-140724825183112-7, no quotes for ETHUSDT-PERP.BINANCE[0m
[1m2026-01-07T17:23:20.000000000Z[0m [1;33m[WARN] TRADER-001.nautilus_common::cache: Cannot calculate unrealized PnL for P-20260107-150500-001-140724825183112-7, no quotes for ETHUSDT-PERP.BINANCE[0m
[1m2026-01-07T17:23:30.000000000Z[0m [1;33m[WARN] TRADER-001.nautilus_common::cache: Cannot calculate unrealized PnL for P-20260107-150500-001-140724825183112-7, no quotes for ETHUSDT-PERP.BINANCE[0m
[1m2026-01-07T17:23:40.000000000Z[0m [1;33m[WARN] TRADER-001.nautilus_common::cache: Cannot calculate unrealized PnL for P-20260107-150500-001-140724825183112-7, no quotes for ETHUSDT-PERP.BINANCE[0m
[1m2026-01-07T17:23:50.000000000Z[0m [1;33m[WARN] TRADER-001.nautilus_common::cache: Cannot calculate unrealized PnL for P-20260107-150500-001-140724825183112-7, no quotes for ETHUSDT-PERP.BINANCE[0m
[1m2026-01-07T17:23:59.999000000Z[0m [1;33m[WARN] TRADER-001.nautilus_common::cache: Cannot calculate unrealized PnL for P-20260107-150500-001-140724825183112-7, no quotes for ETHUSDT-PERP.BINANCE[0m
[1m2026-01-07T17:24:00.000000000Z[0m [1;33m[WARN] TRADER-001.nautilus_common::cache: Cannot calculate unrealized PnL for P-20260107-150500-001-140724825183112-7, no quotes for ETHUSDT-PERP.BINANCE[0m
[1m2026-01-07T17:24:10.000000000Z[0m [1;33m[WARN] TRADER-001.nautilus_common::cache: Cannot calculate unrealized PnL for P-20260107-150500-001-140724825183112-7, no quotes for ETHUSDT-PERP.BINANCE[0m
[1m2026-01-07T17:24:20.000000000Z[0m [1;33m[WARN] TRADER-001.nautilus_common::cache: Cannot calculate unrealized PnL for P-20260107-150500-001-140724825183112-7, no quotes for ETHUSDT-PERP.BINANCE[0m
[1m2026-01-07T17:24:30.000000000Z[0m [1;33m[WARN] TRADER-001.nautilus_common::cache: Cannot calculate unrealized PnL for P-20260107-150500-001-140724825183112-7, no quotes for ETHUSDT-PERP.BINANCE[0m
[1m2026-01-07T17:24:40.000000000Z[0m [1;33m[WARN] TRADER-001.nautilus_common::cache: Cannot calculate unrealized PnL for P-20260107-150500-001-140724825183112-7, no quotes for ETHUSDT-PERP.BINANCE[0m
[1m2026-01-07T17:24:50.000000000Z[0m [1;33m[WARN] TRADER-001.nautilus_common::cache: Cannot calculate unrealized PnL for P-20260107-150500-001-140724825183112-7, no quotes for ETHUSDT-PERP.BINANCE[0m
[1m2026-01-07T17:24:59.999000000Z[0m [1;33m[WARN] TRADER-001.nautilus_common::cache: Cannot calculate unrealized PnL for P-20260107-150500-001-140724825183112-7, no quotes for ETHUSDT-PERP.BINANCE[0m
[1m2026-01-07T17:25:00.000000000Z[0m [1;33m[WARN] TRADER-001.nautilus_common::cache: Cannot calculate unrealized PnL for P-20260107-150500-001-140724825183112-7, no quotes for ETHUSDT-PERP.BINANCE[0m
[1m2026-01-07T17:25:10.000000000Z[0m [1;33m[WARN] TRADER-001.nautilus_common::cache: Cannot calculate unrealized PnL for P-20260107-150500-001-140724825183112-7, no quotes for ETHUSDT-PERP.BINANCE[0m
[1m2026-01-07T17:25:20.000000000Z[0m [1;33m[WARN] TRADER-001.nautilus_common::cache: Cannot calculate unrealized PnL for P-20260107-150500-001-140724825183112-7, no quotes for ETHUSDT-PERP.BINANCE[0m
[1m2026-01-07T17:25:30.000000000Z[0m [1;33m[WARN] TRADER-001.nautilus_common::cache: Cannot calculate unrealized PnL for P-20260107-150500-001-140724825183112-7, no quotes for ETHUSDT-PERP.BINANCE[0m
[1m2026-01-07T17:25:40.000000000Z[0m [1;33m[WARN] TRADER-001.nautilus_common::cache: Cannot calculate unrealized PnL for P-20260107-150500-001-140724825183112-7, no quotes for ETHUSDT-PERP.BINANCE[0m
[1m2026-01-07T17:25:50.000000000Z[0m [1;33m[WARN] TRADER-001.nautilus_common::cache: Cannot calculate unrealized PnL for P-20260107-150500-001-140724825183112-7, no quotes for ETHUSDT-PERP.BINANCE[0m
[1m2026-01-07T17:25:59.999000000Z[0m [1;33m[WARN] TRADER-001.nautilus_common::cache: Cannot calculate unrealized PnL for P-20260107-150500-001-140724825183112-7, no quotes for ETHUSDT-PERP.BINANCE[0m
[1m2026-01-07T17:26:00.000000000Z[0m [1;33m[WARN] TRADER-001.nautilus_common::cache: Cannot calculate unrealized PnL for P-20260107-150500-001-140724825183112-7, no quotes for ETHUSDT-PERP.BINANCE[0m
[1m2026-01-07T17:26:10.000000000Z[0m [1;33m[WARN] TRADER-001.nautilus_common::cache: Cannot calculate unrealized PnL for P-20260107-150500-001-140724825183112-7, no quotes for ETHUSDT-PERP.BINANCE[0m
[1m2026-01-07T17:26:20.000000000Z[0m [1;33m[WARN] TRADER-001.nautilus_common::cache: Cannot calculate unrealized PnL for P-20260107-150500-001-140724825183112-7, no quotes for ETHUSDT-PERP.BINANCE[0m
[1m2026-01-07T17:26:30.000000000Z[0m [1;33m[WARN] TRADER-001.nautilus_common::cache: Cannot calculate unrealized PnL for P-20260107-150500-001-140724825183112-7, no quotes for ETHUSDT-PERP.BINANCE[0m
[1m2026-01-07T17:26:40.000000000Z[0m [1;33m[WARN] TRADER-001.nautilus_common::cache: Cannot calculate unrealized PnL for P-20260107-150500-001-140724825183112-7, no quotes for ETHUSDT-PERP.BINANCE[0m
[1m2026-01-07T17:26:50.000000000Z[0m [1;33m[WARN] TRADER-001.nautilus_common::cache: Cannot calculate unrealized PnL for P-20260107-150500-001-140724825183112-7, no quotes for ETHUSDT-PERP.BINANCE[0m
[1m2026-01-07T17:26:59.999000000Z[0m [1;33m[WARN] TRADER-001.nautilus_common::cache: Cannot calculate unrealized PnL for P-20260107-150500-001-140724825183112-7, no quotes for ETHUSDT-PERP.BINANCE[0m
[1m2026-01-07T17:27:00.000000000Z[0m [1;33m[WARN] TRADER-001.nautilus_common::cache: Cannot calculate unrealized PnL for P-20260107-150500-001-140724825183112-7, no quotes for ETHUSDT-PERP.BINANCE[0m
[1m2026-01-07T17:27:10.000000000Z[0m [1;33m[WARN] TRADER-001.nautilus_common::cache: Cannot calculate unrealized PnL for P-20260107-150500-001-140724825183112-7, no quotes for ETHUSDT-PERP.BINANCE[0m
[1m2026-01-07T17:27:20.000000000Z[0m [1;33m[WARN] TRADER-001.nautilus_common::cache: Cannot calculate unrealized PnL for P-20260107-150500-001-140724825183112-7, no quotes for ETHUSDT-PERP.BINANCE[0m
[1m2026-01-07T17:27:30.000000000Z[0m [1;33m[WARN] TRADER-001.nautilus_common::cache: Cannot calculate unrealized PnL for P-20260107-150500-001-140724825183112-7, no quotes for ETHUSDT-PERP.BINANCE[0m
[1m2026-01-07T17:27:40.000000000Z[0m [1;33m[WARN] TRADER-001.nautilus_common::cache: Cannot calculate unrealized PnL for P-20260107-150500-001-140724825183112-7, no quotes for ETHUSDT-PERP.BINANCE[0m
[1m2026-01-07T17:27:50.000000000Z[0m [1;33m[WARN] TRADER-001.nautilus_common::cache: Cannot calculate unrealized PnL for P-20260107-150500-001-140724825183112-7, no quotes for ETHUSDT-PERP.BINANCE[0m
[1m2026-01-07T17:27:59.999000000Z[0m [1;33m[WARN] TRADER-001.nautilus_common::cache: Cannot calculate unrealized PnL for P-20260107-150500-001-140724825183112-7, no quotes for ETHUSDT-PERP.BINANCE[0m
[1m2026-01-07T17:28:00.000000000Z[0m [1;33m[WARN] TRADER-001.nautilus_common::cache: Cannot calculate unrealized PnL for P-20260107-150500-001-140724825183112-7, no quotes for ETHUSDT-PERP.BINANCE[0m
[1m2026-01-07T17:28:10.000000000Z[0m [1;33m[WARN] TRADER-001.nautilus_common::cache: Cannot calculate unrealized PnL for P-20260107-150500-001-140724825183112-7, no quotes for ETHUSDT-PERP.BINANCE[0m
[1m2026-01-07T17:28:20.000000000Z[0m [1;33m[WARN] TRADER-001.nautilus_common::cache: Cannot calculate unrealized PnL for P-20260107-150500-001-140724825183112-7, no quotes for ETHUSDT-PERP.BINANCE[0m
[1m2026-01-07T17:28:30.000000000Z[0m [1;33m[WARN] TRADER-001.nautilus_common::cache: Cannot calculate unrealized PnL for P-20260107-150500-001-140724825183112-7, no quotes for ETHUSDT-PERP.BINANCE[0m
[1m2026-01-07T17:28:40.000000000Z[0m [1;33m[WARN] TRADER-001.nautilus_common::cache: Cannot calculate unrealized PnL for P-20260107-150500-001-140724825183112-7, no quotes for ETHUSDT-PERP.BINANCE[0m
[1m2026-01-07T17:28:50.000000000Z[0m [1;33m[WARN] TRADER-001.nautilus_common::cache: Cannot calculate unrealized PnL for P-20260107-150500-001-140724825183112-7, no quotes for ETHUSDT-PERP.BINANCE[0m
[1m2026-01-07T17:28:59.999000000Z[0m [1;33m[WARN] TRADER-001.nautilus_common::cache: Cannot calculate unrealized PnL for P-20260107-150500-001-140724825183112-7, no quotes for ETHUSDT-PERP.BINANCE[0m
[1m2026-01-07T17:29:00.000000000Z[0m [1;33m[WARN] TRADER-001.nautilus_common::cache: Cannot calculate unrealized PnL for P-20260107-150500-001-140724825183112-7, no quotes for ETHUSDT-PERP.BINANCE[0m
[1m2026-01-07T17:29:10.000000000Z[0m [1;33m[WARN] TRADER-001.nautilus_common::cache: Cannot calculate unrealized PnL for P-20260107-150500-001-140724825183112-7, no quotes for ETHUSDT-PERP.BINANCE[0m
[1m2026-01-07T17:29:20.000000000Z[0m [1;33m[WARN] TRADER-001.nautilus_common::cache: Cannot calculate unrealized PnL for P-20260107-150500-001-140724825183112-7, no quotes for ETHUSDT-PERP.BINANCE[0m
[1m2026-01-07T17:29:30.000000000Z[0m [1;33m[WARN] TRADER-001.nautilus_common::cache: Cannot calculate unrealized PnL for P-20260107-150500-001-140724825183112-7, no quotes for ETHUSDT-PERP.BINANCE[0m
[1m2026-01-07T17:29:40.000000000Z[0m [1;33m[WARN] TRADER-001.nautilus_common::cache: Cannot calculate unrealized PnL for P-20260107-150500-001-140724825183112-7, no quotes for ETHUSDT-PERP.BINANCE[0m
[1m2026-01-07T17:29:50.000000000Z[0m [1;33m[WARN] TRADER-001.nautilus_common::cache: Cannot calculate unrealized PnL for P-20260107-150500-001-140724825183112-7, no quotes for ETHUSDT-PERP.BINANCE[0m
[1m2026-01-07T17:29:59.999000000Z[0m [1;33m[WARN] TRADER-001.nautilus_common::cache: Cannot calculate unrealized PnL for P-20260107-150500-001-140724825183112-7, no quotes for ETHUSDT-PERP.BINANCE[0m
[1m2026-01-07T17:30:00.000000000Z[0m [1;33m[WARN] TRADER-001.nautilus_common::cache: Cannot calculate unrealized PnL for P-20260107-150500-001-140724825183112-7, no quotes for ETHUSDT-PERP.BINANCE[0m
[1m2026-01-07T17:30:10.000000000Z[0m [1;33m[WARN] TRADER-001.nautilus_common::cache: Cannot calculate unrealized PnL for P-20260107-150500-001-140724825183112-7, no quotes for ETHUSDT-PERP.BINANCE[0m
[1m2026-01-07T17:30:20.000000000Z[0m [1;33m[WARN] TRADER-001.nautilus_common::cache: Cannot calculate unrealized PnL for P-20260107-150500-001-140724825183112-7, no quotes for ETHUSDT-PERP.BINANCE[0m
[1m2026-01-07T17:30:30.000000000Z[0m [1;33m[WARN] TRADER-001.nautilus_common::cache: Cannot calculate unrealized PnL for P-20260107-150500-001-140724825183112-7, no quotes for ETHUSDT-PERP.BINANCE[0m
[1m2026-01-07T17:30:40.000000000Z[0m [1;33m[WARN] TRADER-001.nautilus_common::cache: Cannot calculate unrealized PnL for P-20260107-150500-001-140724825183112-7, no quotes for ETHUSDT-PERP.BINANCE[0m
[1m2026-01-07T17:30:50.000000000Z[0m [1;33m[WARN] TRADER-001.nautilus_common::cache: Cannot calculate unrealized PnL for P-20260107-150500-001-140724825183112-7, no quotes for ETHUSDT-PERP.BINANCE[0m
[1m2026-01-07T17:30:59.999000000Z[0m [1;33m[WARN] TRADER-001.nautilus_common::cache: Cannot calculate unrealized PnL for P-20260107-150500-001-140724825183112-7, no quotes for ETHUSDT-PERP.BINANCE[0m
[1m2026-01-07T17:31:00.000000000Z[0m [1;33m[WARN] TRADER-001.nautilus_common::cache: Cannot calculate unrealized PnL for P-20260107-150500-001-140724825183112-7, no quotes for ETHUSDT-PERP.BINANCE[0m
[1m2026-01-07T17:31:10.000000000Z[0m [1;33m[WARN] TRADER-001.nautilus_common::cache: Cannot calculate unrealized PnL for P-20260107-150500-001-140724825183112-7, no quotes for ETHUSDT-PERP.BINANCE[0m
[1m2026-01-07T17:31:20.000000000Z[0m [1;33m[WARN] TRADER-001.nautilus_common::cache: Cannot calculate unrealized PnL for P-20260107-150500-001-140724825183112-7, no quotes for ETHUSDT-PERP.BINANCE[0m
[1m2026-01-07T17:31:30.000000000Z[0m [1;33m[WARN] TRADER-001.nautilus_common::cache: Cannot calculate unrealized PnL for P-20260107-150500-001-140724825183112-7, no quotes for ETHUSDT-PERP.BINANCE[0m
[1m2026-01-07T17:31:40.000000000Z[0m [1;33m[WARN] TRADER-001.nautilus_common::cache: Cannot calculate unrealized PnL for P-20260107-150500-001-140724825183112-7, no quotes for ETHUSDT-PERP.BINANCE[0m
[1m2026-01-07T17:31:50.000000000Z[0m [1;33m[WARN] TRADER-001.nautilus_common::cache: Cannot calculate unrealized PnL for P-20260107-150500-001-140724825183112-7, no quotes for ETHUSDT-PERP.BINANCE[0m
[1m2026-01-07T17:31:59.999000000Z[0m [1;33m[WARN] TRADER-001.nautilus_common::cache: Cannot calculate unrealized PnL for P-20260107-150500-001-140724825183112-7, no quotes for ETHUSDT-PERP.BINANCE[0m
[1m2026-01-07T17:32:00.000000000Z[0m [1;33m[WARN] TRADER-001.nautilus_common::cache: Cannot calculate unrealized PnL for P-20260107-150500-001-140724825183112-7, no quotes for ETHUSDT-PERP.BINANCE[0m
[1m2026-01-07T17:32:10.000000000Z[0m [1;33m[WARN] TRADER-001.nautilus_common::cache: Cannot calculate unrealized PnL for P-20260107-150500-001-140724825183112-7, no quotes for ETHUSDT-PERP.BINANCE[0m
[1m2026-01-07T17:32:20.000000000Z[0m [1;33m[WARN] TRADER-001.nautilus_common::cache: Cannot calculate unrealized PnL for P-20260107-150500-001-140724825183112-7, no quotes for ETHUSDT-PERP.BINANCE[0m
[1m2026-01-07T17:32:30.000000000Z[0m [1;33m[WARN] TRADER-001.nautilus_common::cache: Cannot calculate unrealized PnL for P-20260107-150500-001-140724825183112-7, no quotes for ETHUSDT-PERP.BINANCE[0m
[1m2026-01-07T17:32:40.000000000Z[0m [1;33m[WARN] TRADER-001.nautilus_common::cache: Cannot calculate unrealized PnL for P-20260107-150500-001-140724825183112-7, no quotes for ETHUSDT-PERP.BINANCE[0m
[1m2026-01-07T17:32:50.000000000Z[0m [1;33m[WARN] TRADER-001.nautilus_common::cache: Cannot calculate unrealized PnL for P-20260107-150500-001-140724825183112-7, no quotes for ETHUSDT-PERP.BINANCE[0m
[1m2026-01-07T17:32:59.999000000Z[0m [1;33m[WARN] TRADER-001.nautilus_common::cache: Cannot calculate unrealized PnL for P-20260107-150500-001-140724825183112-7, no quotes for ETHUSDT-PERP.BINANCE[0m
[1m2026-01-07T17:33:00.000000000Z[0m [1;33m[WARN] TRADER-001.nautilus_common::cache: Cannot calculate unrealized PnL for P-20260107-150500-001-140724825183112-7, no quotes for ETHUSDT-PERP.BINANCE[0m
[1m2026-01-07T17:33:10.000000000Z[0m [1;33m[WARN] TRADER-001.nautilus_common::cache: Cannot calculate unrealized PnL for P-20260107-150500-001-140724825183112-7, no quotes for ETHUSDT-PERP.BINANCE[0m
[1m2026-01-07T17:33:20.000000000Z[0m [1;33m[WARN] TRADER-001.nautilus_common::cache: Cannot calculate unrealized PnL for P-20260107-150500-001-140724825183112-7, no quotes for ETHUSDT-PERP.BINANCE[0m
[1m2026-01-07T17:33:30.000000000Z[0m [1;33m[WARN] TRADER-001.nautilus_common::cache: Cannot calculate unrealized PnL for P-20260107-150500-001-140724825183112-7, no quotes for ETHUSDT-PERP.BINANCE[0m
[1m2026-01-07T17:33:40.000000000Z[0m [1;33m[WARN] TRADER-001.nautilus_common::cache: Cannot calculate unrealized PnL for P-20260107-150500-001-140724825183112-7, no quotes for ETHUSDT-PERP.BINANCE[0m
[1m2026-01-07T17:33:50.000000000Z[0m [1;33m[WARN] TRADER-001.nautilus_common::cache: Cannot calculate unrealized PnL for P-20260107-150500-001-140724825183112-7, no quotes for ETHUSDT-PERP.BINANCE[0m
[1m2026-01-07T17:33:59.999000000Z[0m [1;33m[WARN] TRADER-001.nautilus_common::cache: Cannot calculate unrealized PnL for P-20260107-150500-001-140724825183112-7, no quotes for ETHUSDT-PERP.BINANCE[0m
[1m2026-01-07T17:34:00.000000000Z[0m [1;33m[WARN] TRADER-001.nautilus_common::cache: Cannot calculate unrealized PnL for P-20260107-150500-001-140724825183112-7, no quotes for ETHUSDT-PERP.BINANCE[0m
[1m2026-01-07T17:34:10.000000000Z[0m [1;33m[WARN] TRADER-001.nautilus_common::cache: Cannot calculate unrealized PnL for P-20260107-150500-001-140724825183112-7, no quotes for ETHUSDT-PERP.BINANCE[0m
[1m2026-01-07T17:34:20.000000000Z[0m [1;33m[WARN] TRADER-001.nautilus_common::cache: Cannot calculate unrealized PnL for P-20260107-150500-001-140724825183112-7, no quotes for ETHUSDT-PERP.BINANCE[0m
[1m2026-01-07T17:34:30.000000000Z[0m [1;33m[WARN] TRADER-001.nautilus_common::cache: Cannot calculate unrealized PnL for P-20260107-150500-001-140724825183112-7, no quotes for ETHUSDT-PERP.BINANCE[0m
[1m2026-01-07T17:34:40.000000000Z[0m [1;33m[WARN] TRADER-001.nautilus_common::cache: Cannot calculate unrealized PnL for P-20260107-150500-001-140724825183112-7, no quotes for ETHUSDT-PERP.BINANCE[0m
[1m2026-01-07T17:34:50.000000000Z[0m [1;33m[WARN] TRADER-001.nautilus_common::cache: Cannot calculate unrealized PnL for P-20260107-150500-001-140724825183112-7, no quotes for ETHUSDT-PERP.BINANCE[0m
[1m2026-01-07T17:34:59.999000000Z[0m [1;33m[WARN] TRADER-001.nautilus_common::cache: Cannot calculate unrealized PnL for P-20260107-150500-001-140724825183112-7, no quotes for ETHUSDT-PERP.BINANCE[0m
[1m2026-01-07T17:35:00.000000000Z[0m [1;33m[WARN] TRADER-001.nautilus_common::cache: Cannot calculate unrealized PnL for P-20260107-150500-001-140724825183112-7, no quotes for ETHUSDT-PERP.BINANCE[0m
[1m2026-01-07T17:35:10.000000000Z[0m [1;33m[WARN] TRADER-001.nautilus_common::cache: Cannot calculate unrealized PnL for P-20260107-150500-001-140724825183112-7, no quotes for ETHUSDT-PERP.BINANCE[0m
[1m2026-01-07T17:35:20.000000000Z[0m [1;33m[WARN] TRADER-001.nautilus_common::cache: Cannot calculate unrealized PnL for P-20260107-150500-001-140724825183112-7, no quotes for ETHUSDT-PERP.BINANCE[0m
[1m2026-01-07T17:35:30.000000000Z[0m [1;33m[WARN] TRADER-001.nautilus_common::cache: Cannot calculate unrealized PnL for P-20260107-150500-001-140724825183112-7, no quotes for ETHUSDT-PERP.BINANCE[0m
[1m2026-01-07T17:35:40.000000000Z[0m [1;33m[WARN] TRADER-001.nautilus_common::cache: Cannot calculate unrealized PnL for P-20260107-150500-001-140724825183112-7, no quotes for ETHUSDT-PERP.BINANCE[0m
[1m2026-01-07T17:35:50.000000000Z[0m [1;33m[WARN] TRADER-001.nautilus_common::cache: Cannot calculate unrealized PnL for P-20260107-150500-001-140724825183112-7, no quotes for ETHUSDT-PERP.BINANCE[0m
[1m2026-01-07T17:35:59.999000000Z[0m [1;33m[WARN] TRADER-001.nautilus_common::cache: Cannot calculate unrealized PnL for P-20260107-150500-001-140724825183112-7, no quotes for ETHUSDT-PERP.BINANCE[0m
[1m2026-01-07T17:36:00.000000000Z[0m [1;33m[WARN] TRADER-001.nautilus_common::cache: Cannot calculate unrealized PnL for P-20260107-150500-001-140724825183112-7, no quotes for ETHUSDT-PERP.BINANCE[0m
[1m2026-01-07T17:36:10.000000000Z[0m [1;33m[WARN] TRADER-001.nautilus_common::cache: Cannot calculate unrealized PnL for P-20260107-150500-001-140724825183112-7, no quotes for ETHUSDT-PERP.BINANCE[0m
[1m2026-01-07T17:36:20.000000000Z[0m [1;33m[WARN] TRADER-001.nautilus_common::cache: Cannot calculate unrealized PnL for P-20260107-150500-001-140724825183112-7, no quotes for ETHUSDT-PERP.BINANCE[0m
[1m2026-01-07T17:36:30.000000000Z[0m [1;33m[WARN] TRADER-001.nautilus_common::cache: Cannot calculate unrealized PnL for P-20260107-150500-001-140724825183112-7, no quotes for ETHUSDT-PERP.BINANCE[0m
[1m2026-01-07T17:36:40.000000000Z[0m [1;33m[WARN] TRADER-001.nautilus_common::cache: Cannot calculate unrealized PnL for P-20260107-150500-001-140724825183112-7, no quotes for ETHUSDT-PERP.BINANCE[0m
[1m2026-01-07T17:36:50.000000000Z[0m [1;33m[WARN] TRADER-001.nautilus_common::cache: Cannot calculate unrealized PnL for P-20260107-150500-001-140724825183112-7, no quotes for ETHUSDT-PERP.BINANCE[0m
[1m2026-01-07T17:36:59.999000000Z[0m [1;33m[WARN] TRADER-001.nautilus_common::cache: Cannot calculate unrealized PnL for P-20260107-150500-001-140724825183112-7, no quotes for ETHUSDT-PERP.BINANCE[0m
[1m2026-01-07T17:37:00.000000000Z[0m [1;33m[WARN] TRADER-001.nautilus_common::cache: Cannot calculate unrealized PnL for P-20260107-150500-001-140724825183112-7, no quotes for ETHUSDT-PERP.BINANCE[0m
[1m2026-01-07T17:37:10.000000000Z[0m [1;33m[WARN] TRADER-001.nautilus_common::cache: Cannot calculate unrealized PnL for P-20260107-150500-001-140724825183112-7, no quotes for ETHUSDT-PERP.BINANCE[0m
[1m2026-01-07T17:37:20.000000000Z[0m [1;33m[WARN] TRADER-001.nautilus_common::cache: Cannot calculate unrealized PnL for P-20260107-150500-001-140724825183112-7, no quotes for ETHUSDT-PERP.BINANCE[0m
[1m2026-01-07T17:37:30.000000000Z[0m [1;33m[WARN] TRADER-001.nautilus_common::cache: Cannot calculate unrealized PnL for P-20260107-150500-001-140724825183112-7, no quotes for ETHUSDT-PERP.BINANCE[0m
[1m2026-01-07T17:37:40.000000000Z[0m [1;33m[WARN] TRADER-001.nautilus_common::cache: Cannot calculate unrealized PnL for P-20260107-150500-001-140724825183112-7, no quotes for ETHUSDT-PERP.BINANCE[0m
[1m2026-01-07T17:37:50.000000000Z[0m [1;33m[WARN] TRADER-001.nautilus_common::cache: Cannot calculate unrealized PnL for P-20260107-150500-001-140724825183112-7, no quotes for ETHUSDT-PERP.BINANCE[0m
[1m2026-01-07T17:37:59.999000000Z[0m [1;33m[WARN] TRADER-001.nautilus_common::cache: Cannot calculate unrealized PnL for P-20260107-150500-001-140724825183112-7, no quotes for ETHUSDT-PERP.BINANCE[0m
[1m2026-01-07T17:38:00.000000000Z[0m [1;33m[WARN] TRADER-001.nautilus_common::cache: Cannot calculate unrealized PnL for P-20260107-150500-001-140724825183112-7, no quotes for ETHUSDT-PERP.BINANCE[0m
[1m2026-01-07T17:38:10.000000000Z[0m [1;33m[WARN] TRADER-001.nautilus_common::cache: Cannot calculate unrealized PnL for P-20260107-150500-001-140724825183112-7, no quotes for ETHUSDT-PERP.BINANCE[0m
[1m2026-01-07T17:38:20.000000000Z[0m [1;33m[WARN] TRADER-001.nautilus_common::cache: Cannot calculate unrealized PnL for P-20260107-150500-001-140724825183112-7, no quotes for ETHUSDT-PERP.BINANCE[0m
[1m2026-01-07T17:38:30.000000000Z[0m [1;33m[WARN] TRADER-001.nautilus_common::cache: Cannot calculate unrealized PnL for P-20260107-150500-001-140724825183112-7, no quotes for ETHUSDT-PERP.BINANCE[0m
[1m2026-01-07T17:38:40.000000000Z[0m [1;33m[WARN] TRADER-001.nautilus_common::cache: Cannot calculate unrealized PnL for P-20260107-150500-001-140724825183112-7, no quotes for ETHUSDT-PERP.BINANCE[0m
[1m2026-01-07T17:38:50.000000000Z[0m [1;33m[WARN] TRADER-001.nautilus_common::cache: Cannot calculate unrealized PnL for P-20260107-150500-001-140724825183112-7, no quotes for ETHUSDT-PERP.BINANCE[0m
[1m2026-01-07T17:38:59.999000000Z[0m [1;33m[WARN] TRADER-001.nautilus_common::cache: Cannot calculate unrealized PnL for P-20260107-150500-001-140724825183112-7, no quotes for ETHUSDT-PERP.BINANCE[0m
[1m2026-01-07T17:39:00.000000000Z[0m [1;33m[WARN] TRADER-001.nautilus_common::cache: Cannot calculate unrealized PnL for P-20260107-150500-001-140724825183112-7, no quotes for ETHUSDT-PERP.BINANCE[0m
[1m2026-01-07T17:39:10.000000000Z[0m [1;33m[WARN] TRADER-001.nautilus_common::cache: Cannot calculate unrealized PnL for P-20260107-150500-001-140724825183112-7, no quotes for ETHUSDT-PERP.BINANCE[0m
[1m2026-01-07T17:39:20.000000000Z[0m [1;33m[WARN] TRADER-001.nautilus_common::cache: Cannot calculate unrealized PnL for P-20260107-150500-001-140724825183112-7, no quotes for ETHUSDT-PERP.BINANCE[0m
[1m2026-01-07T17:39:30.000000000Z[0m [1;33m[WARN] TRADER-001.nautilus_common::cache: Cannot calculate unrealized PnL for P-20260107-150500-001-140724825183112-7, no quotes for ETHUSDT-PERP.BINANCE[0m
[1m2026-01-07T17:39:40.000000000Z[0m [1;33m[WARN] TRADER-001.nautilus_common::cache: Cannot calculate unrealized PnL for P-20260107-150500-001-140724825183112-7, no quotes for ETHUSDT-PERP.BINANCE[0m
[1m2026-01-07T17:39:50.000000000Z[0m [1;33m[WARN] TRADER-001.nautilus_common::cache: Cannot calculate unrealized PnL for P-20260107-150500-001-140724825183112-7, no quotes for ETHUSDT-PERP.BINANCE[0m
[1m2026-01-07T17:39:59.999000000Z[0m [1;33m[WARN] TRADER-001.nautilus_common::cache: Cannot calculate unrealized PnL for P-20260107-150500-001-140724825183112-7, no quotes for ETHUSDT-PERP.BINANCE[0m
[1m2026-01-07T17:40:00.000000000Z[0m [1;33m[WARN] TRADER-001.nautilus_common::cache: Cannot calculate unrealized PnL for P-20260107-150500-001-140724825183112-7, no quotes for ETHUSDT-PERP.BINANCE[0m
[1m2026-01-07T17:40:10.000000000Z[0m [1;33m[WARN] TRADER-001.nautilus_common::cache: Cannot calculate unrealized PnL for P-20260107-150500-001-140724825183112-7, no quotes for ETHUSDT-PERP.BINANCE[0m
[1m2026-01-07T17:40:20.000000000Z[0m [1;33m[WARN] TRADER-001.nautilus_common::cache: Cannot calculate unrealized PnL for P-20260107-150500-001-140724825183112-7, no quotes for ETHUSDT-PERP.BINANCE[0m
[1m2026-01-07T17:40:30.000000000Z[0m [1;33m[WARN] TRADER-001.nautilus_common::cache: Cannot calculate unrealized PnL for P-20260107-150500-001-140724825183112-7, no quotes for ETHUSDT-PERP.BINANCE[0m
[1m2026-01-07T17:40:40.000000000Z[0m [1;33m[WARN] TRADER-001.nautilus_common::cache: Cannot calculate unrealized PnL for P-20260107-150500-001-140724825183112-7, no quotes for ETHUSDT-PERP.BINANCE[0m
[1m2026-01-07T17:40:50.000000000Z[0m [1;33m[WARN] TRADER-001.nautilus_common::cache: Cannot calculate unrealized PnL for P-20260107-150500-001-140724825183112-7, no quotes for ETHUSDT-PERP.BINANCE[0m
[1m2026-01-07T17:40:59.999000000Z[0m [1;33m[WARN] TRADER-001.nautilus_common::cache: Cannot calculate unrealized PnL for P-20260107-150500-001-140724825183112-7, no quotes for ETHUSDT-PERP.BINANCE[0m
[1m2026-01-07T17:41:00.000000000Z[0m [1;33m[WARN] TRADER-001.nautilus_common::cache: Cannot calculate unrealized PnL for P-20260107-150500-001-140724825183112-7, no quotes for ETHUSDT-PERP.BINANCE[0m
[1m2026-01-07T17:41:10.000000000Z[0m [1;33m[WARN] TRADER-001.nautilus_common::cache: Cannot calculate unrealized PnL for P-20260107-150500-001-140724825183112-7, no quotes for ETHUSDT-PERP.BINANCE[0m
[1m2026-01-07T17:41:20.000000000Z[0m [1;33m[WARN] TRADER-001.nautilus_common::cache: Cannot calculate unrealized PnL for P-20260107-150500-001-140724825183112-7, no quotes for ETHUSDT-PERP.BINANCE[0m
[1m2026-01-07T17:41:30.000000000Z[0m [1;33m[WARN] TRADER-001.nautilus_common::cache: Cannot calculate unrealized PnL for P-20260107-150500-001-140724825183112-7, no quotes for ETHUSDT-PERP.BINANCE[0m
[1m2026-01-07T17:41:40.000000000Z[0m [1;33m[WARN] TRADER-001.nautilus_common::cache: Cannot calculate unrealized PnL for P-20260107-150500-001-140724825183112-7, no quotes for ETHUSDT-PERP.BINANCE[0m
[1m2026-01-07T17:41:50.000000000Z[0m [1;33m[WARN] TRADER-001.nautilus_common::cache: Cannot calculate unrealized PnL for P-20260107-150500-001-140724825183112-7, no quotes for ETHUSDT-PERP.BINANCE[0m
[1m2026-01-07T17:41:59.999000000Z[0m [1;33m[WARN] TRADER-001.nautilus_common::cache: Cannot calculate unrealized PnL for P-20260107-150500-001-140724825183112-7, no quotes for ETHUSDT-PERP.BINANCE[0m
[1m2026-01-07T17:42:00.000000000Z[0m [1;33m[WARN] TRADER-001.nautilus_common::cache: Cannot calculate unrealized PnL for P-20260107-150500-001-140724825183112-7, no quotes for ETHUSDT-PERP.BINANCE[0m
[1m2026-01-07T17:42:10.000000000Z[0m [1;33m[WARN] TRADER-001.nautilus_common::cache: Cannot calculate unrealized PnL for P-20260107-150500-001-140724825183112-7, no quotes for ETHUSDT-PERP.BINANCE[0m
[1m2026-01-07T17:42:20.000000000Z[0m [1;33m[WARN] TRADER-001.nautilus_common::cache: Cannot calculate unrealized PnL for P-20260107-150500-001-140724825183112-7, no quotes for ETHUSDT-PERP.BINANCE[0m
[1m2026-01-07T17:42:30.000000000Z[0m [1;33m[WARN] TRADER-001.nautilus_common::cache: Cannot calculate unrealized PnL for P-20260107-150500-001-140724825183112-7, no quotes for ETHUSDT-PERP.BINANCE[0m
[1m2026-01-07T17:42:40.000000000Z[0m [1;33m[WARN] TRADER-001.nautilus_common::cache: Cannot calculate unrealized PnL for P-20260107-150500-001-140724825183112-7, no quotes for ETHUSDT-PERP.BINANCE[0m
[1m2026-01-07T17:42:50.000000000Z[0m [1;33m[WARN] TRADER-001.nautilus_common::cache: Cannot calculate unrealized PnL for P-20260107-150500-001-140724825183112-7, no quotes for ETHUSDT-PERP.BINANCE[0m
[1m2026-01-07T17:42:59.999000000Z[0m [1;33m[WARN] TRADER-001.nautilus_common::cache: Cannot calculate unrealized PnL for P-20260107-150500-001-140724825183112-7, no quotes for ETHUSDT-PERP.BINANCE[0m
[1m2026-01-07T17:43:00.000000000Z[0m [1;33m[WARN] TRADER-001.nautilus_common::cache: Cannot calculate unrealized PnL for P-20260107-150500-001-140724825183112-7, no quotes for ETHUSDT-PERP.BINANCE[0m
[1m2026-01-07T17:43:10.000000000Z[0m [1;33m[WARN] TRADER-001.nautilus_common::cache: Cannot calculate unrealized PnL for P-20260107-150500-001-140724825183112-7, no quotes for ETHUSDT-PERP.BINANCE[0m
[1m2026-01-07T17:43:20.000000000Z[0m [1;33m[WARN] TRADER-001.nautilus_common::cache: Cannot calculate unrealized PnL for P-20260107-150500-001-140724825183112-7, no quotes for ETHUSDT-PERP.BINANCE[0m
[1m2026-01-07T17:43:30.000000000Z[0m [1;33m[WARN] TRADER-001.nautilus_common::cache: Cannot calculate unrealized PnL for P-20260107-150500-001-140724825183112-7, no quotes for ETHUSDT-PERP.BINANCE[0m
[1m2026-01-07T17:43:40.000000000Z[0m [1;33m[WARN] TRADER-001.nautilus_common::cache: Cannot calculate unrealized PnL for P-20260107-150500-001-140724825183112-7, no quotes for ETHUSDT-PERP.BINANCE[0m
[1m2026-01-07T17:43:50.000000000Z[0m [1;33m[WARN] TRADER-001.nautilus_common::cache: Cannot calculate unrealized PnL for P-20260107-150500-001-140724825183112-7, no quotes for ETHUSDT-PERP.BINANCE[0m
[1m2026-01-07T17:43:59.999000000Z[0m [1;33m[WARN] TRADER-001.nautilus_common::cache: Cannot calculate unrealized PnL for P-20260107-150500-001-140724825183112-7, no quotes for ETHUSDT-PERP.BINANCE[0m
[1m2026-01-07T17:44:00.000000000Z[0m [1;33m[WARN] TRADER-001.nautilus_common::cache: Cannot calculate unrealized PnL for P-20260107-150500-001-140724825183112-7, no quotes for ETHUSDT-PERP.BINANCE[0m
[1m2026-01-07T17:44:10.000000000Z[0m [1;33m[WARN] TRADER-001.nautilus_common::cache: Cannot calculate unrealized PnL for P-20260107-150500-001-140724825183112-7, no quotes for ETHUSDT-PERP.BINANCE[0m
[1m2026-01-07T17:44:20.000000000Z[0m [1;33m[WARN] TRADER-001.nautilus_common::cache: Cannot calculate unrealized PnL for P-20260107-150500-001-140724825183112-7, no quotes for ETHUSDT-PERP.BINANCE[0m
[1m2026-01-07T17:44:30.000000000Z[0m [1;33m[WARN] TRADER-001.nautilus_common::cache: Cannot calculate unrealized PnL for P-20260107-150500-001-140724825183112-7, no quotes for ETHUSDT-PERP.BINANCE[0m
[1m2026-01-07T17:44:40.000000000Z[0m [1;33m[WARN] TRADER-001.nautilus_common::cache: Cannot calculate unrealized PnL for P-20260107-150500-001-140724825183112-7, no quotes for ETHUSDT-PERP.BINANCE[0m
[1m2026-01-07T17:44:50.000000000Z[0m [1;33m[WARN] TRADER-001.nautilus_common::cache: Cannot calculate unrealized PnL for P-20260107-150500-001-140724825183112-7, no quotes for ETHUSDT-PERP.BINANCE[0m
[1m2026-01-07T17:44:59.999000000Z[0m [1;33m[WARN] TRADER-001.nautilus_common::cache: Cannot calculate unrealized PnL for P-20260107-150500-001-140724825183112-7, no quotes for ETHUSDT-PERP.BINANCE[0m
[1m2026-01-07T17:45:00.000000000Z[0m [1;33m[WARN] TRADER-001.nautilus_common::cache: Cannot calculate unrealized PnL for P-20260107-150500-001-140724825183112-7, no quotes for ETHUSDT-PERP.BINANCE[0m
[1m2026-01-07T17:45:10.000000000Z[0m [1;33m[WARN] TRADER-001.nautilus_common::cache: Cannot calculate unrealized PnL for P-20260107-150500-001-140724825183112-7, no quotes for ETHUSDT-PERP.BINANCE[0m
[1m2026-01-07T17:45:20.000000000Z[0m [1;33m[WARN] TRADER-001.nautilus_common::cache: Cannot calculate unrealized PnL for P-20260107-150500-001-140724825183112-7, no quotes for ETHUSDT-PERP.BINANCE[0m
[1m2026-01-07T17:45:30.000000000Z[0m [1;33m[WARN] TRADER-001.nautilus_common::cache: Cannot calculate unrealized PnL for P-20260107-150500-001-140724825183112-7, no quotes for ETHUSDT-PERP.BINANCE[0m
[1m2026-01-07T17:45:40.000000000Z[0m [1;33m[WARN] TRADER-001.nautilus_common::cache: Cannot calculate unrealized PnL for P-20260107-150500-001-140724825183112-7, no quotes for ETHUSDT-PERP.BINANCE[0m
[1m2026-01-07T17:45:50.000000000Z[0m [1;33m[WARN] TRADER-001.nautilus_common::cache: Cannot calculate unrealized PnL for P-20260107-150500-001-140724825183112-7, no quotes for ETHUSDT-PERP.BINANCE[0m
[1m2026-01-07T17:45:59.999000000Z[0m [1;33m[WARN] TRADER-001.nautilus_common::cache: Cannot calculate unrealized PnL for P-20260107-150500-001-140724825183112-7, no quotes for ETHUSDT-PERP.BINANCE[0m
[1m2026-01-07T17:46:00.000000000Z[0m [1;33m[WARN] TRADER-001.nautilus_common::cache: Cannot calculate unrealized PnL for P-20260107-150500-001-140724825183112-7, no quotes for ETHUSDT-PERP.BINANCE[0m
[1m2026-01-07T17:46:10.000000000Z[0m [1;33m[WARN] TRADER-001.nautilus_common::cache: Cannot calculate unrealized PnL for P-20260107-150500-001-140724825183112-7, no quotes for ETHUSDT-PERP.BINANCE[0m
[1m2026-01-07T17:46:20.000000000Z[0m [1;33m[WARN] TRADER-001.nautilus_common::cache: Cannot calculate unrealized PnL for P-20260107-150500-001-140724825183112-7, no quotes for ETHUSDT-PERP.BINANCE[0m
[1m2026-01-07T17:46:30.000000000Z[0m [1;33m[WARN] TRADER-001.nautilus_common::cache: Cannot calculate unrealized PnL for P-20260107-150500-001-140724825183112-7, no quotes for ETHUSDT-PERP.BINANCE[0m
[1m2026-01-07T17:46:40.000000000Z[0m [1;33m[WARN] TRADER-001.nautilus_common::cache: Cannot calculate unrealized PnL for P-20260107-150500-001-140724825183112-7, no quotes for ETHUSDT-PERP.BINANCE[0m
[1m2026-01-07T17:46:50.000000000Z[0m [1;33m[WARN] TRADER-001.nautilus_common::cache: Cannot calculate unrealized PnL for P-20260107-150500-001-140724825183112-7, no quotes for ETHUSDT-PERP.BINANCE[0m
[1m2026-01-07T17:46:59.999000000Z[0m [1;33m[WARN] TRADER-001.nautilus_common::cache: Cannot calculate unrealized PnL for P-20260107-150500-001-140724825183112-7, no quotes for ETHUSDT-PERP.BINANCE[0m
[1m2026-01-07T17:47:00.000000000Z[0m [1;33m[WARN] TRADER-001.nautilus_common::cache: Cannot calculate unrealized PnL for P-20260107-150500-001-140724825183112-7, no quotes for ETHUSDT-PERP.BINANCE[0m
[1m2026-01-07T17:47:10.000000000Z[0m [1;33m[WARN] TRADER-001.nautilus_common::cache: Cannot calculate unrealized PnL for P-20260107-150500-001-140724825183112-7, no quotes for ETHUSDT-PERP.BINANCE[0m
[1m2026-01-07T17:47:20.000000000Z[0m [1;33m[WARN] TRADER-001.nautilus_common::cache: Cannot calculate unrealized PnL for P-20260107-150500-001-140724825183112-7, no quotes for ETHUSDT-PERP.BINANCE[0m
[1m2026-01-07T17:47:30.000000000Z[0m [1;33m[WARN] TRADER-001.nautilus_common::cache: Cannot calculate unrealized PnL for P-20260107-150500-001-140724825183112-7, no quotes for ETHUSDT-PERP.BINANCE[0m
[1m2026-01-07T17:47:40.000000000Z[0m [1;33m[WARN] TRADER-001.nautilus_common::cache: Cannot calculate unrealized PnL for P-20260107-150500-001-140724825183112-7, no quotes for ETHUSDT-PERP.BINANCE[0m
[1m2026-01-07T17:47:50.000000000Z[0m [1;33m[WARN] TRADER-001.nautilus_common::cache: Cannot calculate unrealized PnL for P-20260107-150500-001-140724825183112-7, no quotes for ETHUSDT-PERP.BINANCE[0m
[1m2026-01-07T17:47:59.999000000Z[0m [1;33m[WARN] TRADER-001.nautilus_common::cache: Cannot calculate unrealized PnL for P-20260107-150500-001-140724825183112-7, no quotes for ETHUSDT-PERP.BINANCE[0m
[1m2026-01-07T17:48:00.000000000Z[0m [1;33m[WARN] TRADER-001.nautilus_common::cache: Cannot calculate unrealized PnL for P-20260107-150500-001-140724825183112-7, no quotes for ETHUSDT-PERP.BINANCE[0m
[1m2026-01-07T17:48:10.000000000Z[0m [1;33m[WARN] TRADER-001.nautilus_common::cache: Cannot calculate unrealized PnL for P-20260107-150500-001-140724825183112-7, no quotes for ETHUSDT-PERP.BINANCE[0m
[1m2026-01-07T17:48:20.000000000Z[0m [1;33m[WARN] TRADER-001.nautilus_common::cache: Cannot calculate unrealized PnL for P-20260107-150500-001-140724825183112-7, no quotes for ETHUSDT-PERP.BINANCE[0m
[1m2026-01-07T17:48:30.000000000Z[0m [1;33m[WARN] TRADER-001.nautilus_common::cache: Cannot calculate unrealized PnL for P-20260107-150500-001-140724825183112-7, no quotes for ETHUSDT-PERP.BINANCE[0m
[1m2026-01-07T17:48:40.000000000Z[0m [1;33m[WARN] TRADER-001.nautilus_common::cache: Cannot calculate unrealized PnL for P-20260107-150500-001-140724825183112-7, no quotes for ETHUSDT-PERP.BINANCE[0m
[1m2026-01-07T17:48:50.000000000Z[0m [1;33m[WARN] TRADER-001.nautilus_common::cache: Cannot calculate unrealized PnL for P-20260107-150500-001-140724825183112-7, no quotes for ETHUSDT-PERP.BINANCE[0m
[1m2026-01-07T17:48:59.999000000Z[0m [1;33m[WARN] TRADER-001.nautilus_common::cache: Cannot calculate unrealized PnL for P-20260107-150500-001-140724825183112-7, no quotes for ETHUSDT-PERP.BINANCE[0m
[1m2026-01-07T17:49:00.000000000Z[0m [1;33m[WARN] TRADER-001.nautilus_common::cache: Cannot calculate unrealized PnL for P-20260107-150500-001-140724825183112-7, no quotes for ETHUSDT-PERP.BINANCE[0m
[1m2026-01-07T17:49:10.000000000Z[0m [1;33m[WARN] TRADER-001.nautilus_common::cache: Cannot calculate unrealized PnL for P-20260107-150500-001-140724825183112-7, no quotes for ETHUSDT-PERP.BINANCE[0m
[1m2026-01-07T17:49:20.000000000Z[0m [1;33m[WARN] TRADER-001.nautilus_common::cache: Cannot calculate unrealized PnL for P-20260107-150500-001-140724825183112-7, no quotes for ETHUSDT-PERP.BINANCE[0m
[1m2026-01-07T17:49:30.000000000Z[0m [1;33m[WARN] TRADER-001.nautilus_common::cache: Cannot calculate unrealized PnL for P-20260107-150500-001-140724825183112-7, no quotes for ETHUSDT-PERP.BINANCE[0m
[1m2026-01-07T17:49:40.000000000Z[0m [1;33m[WARN] TRADER-001.nautilus_common::cache: Cannot calculate unrealized PnL for P-20260107-150500-001-140724825183112-7, no quotes for ETHUSDT-PERP.BINANCE[0m
[1m2026-01-07T17:49:50.000000000Z[0m [1;33m[WARN] TRADER-001.nautilus_common::cache: Cannot calculate unrealized PnL for P-20260107-150500-001-140724825183112-7, no quotes for ETHUSDT-PERP.BINANCE[0m
[1m2026-01-07T17:49:59.999000000Z[0m [1;33m[WARN] TRADER-001.nautilus_common::cache: Cannot calculate unrealized PnL for P-20260107-150500-001-140724825183112-7, no quotes for ETHUSDT-PERP.BINANCE[0m
[1m2026-01-07T17:50:00.000000000Z[0m [1;33m[WARN] TRADER-001.nautilus_common::cache: Cannot calculate unrealized PnL for P-20260107-150500-001-140724825183112-7, no quotes for ETHUSDT-PERP.BINANCE[0m
[1m2026-01-07T17:50:10.000000000Z[0m [1;33m[WARN] TRADER-001.nautilus_common::cache: Cannot calculate unrealized PnL for P-20260107-150500-001-140724825183112-7, no quotes for ETHUSDT-PERP.BINANCE[0m
[1m2026-01-07T17:50:20.000000000Z[0m [1;33m[WARN] TRADER-001.nautilus_common::cache: Cannot calculate unrealized PnL for P-20260107-150500-001-140724825183112-7, no quotes for ETHUSDT-PERP.BINANCE[0m
[1m2026-01-07T17:50:30.000000000Z[0m [1;33m[WARN] TRADER-001.nautilus_common::cache: Cannot calculate unrealized PnL for P-20260107-150500-001-140724825183112-7, no quotes for ETHUSDT-PERP.BINANCE[0m
[1m2026-01-07T17:50:40.000000000Z[0m [1;33m[WARN] TRADER-001.nautilus_common::cache: Cannot calculate unrealized PnL for P-20260107-150500-001-140724825183112-7, no quotes for ETHUSDT-PERP.BINANCE[0m
[1m2026-01-07T17:50:50.000000000Z[0m [1;33m[WARN] TRADER-001.nautilus_common::cache: Cannot calculate unrealized PnL for P-20260107-150500-001-140724825183112-7, no quotes for ETHUSDT-PERP.BINANCE[0m
[1m2026-01-07T17:50:59.999000000Z[0m [1;33m[WARN] TRADER-001.nautilus_common::cache: Cannot calculate unrealized PnL for P-20260107-150500-001-140724825183112-7, no quotes for ETHUSDT-PERP.BINANCE[0m
[1m2026-01-07T17:51:00.000000000Z[0m [1;33m[WARN] TRADER-001.nautilus_common::cache: Cannot calculate unrealized PnL for P-20260107-150500-001-140724825183112-7, no quotes for ETHUSDT-PERP.BINANCE[0m
[1m2026-01-07T17:51:10.000000000Z[0m [1;33m[WARN] TRADER-001.nautilus_common::cache: Cannot calculate unrealized PnL for P-20260107-150500-001-140724825183112-7, no quotes for ETHUSDT-PERP.BINANCE[0m
[1m2026-01-07T17:51:20.000000000Z[0m [1;33m[WARN] TRADER-001.nautilus_common::cache: Cannot calculate unrealized PnL for P-20260107-150500-001-140724825183112-7, no quotes for ETHUSDT-PERP.BINANCE[0m
[1m2026-01-07T17:51:30.000000000Z[0m [1;33m[WARN] TRADER-001.nautilus_common::cache: Cannot calculate unrealized PnL for P-20260107-150500-001-140724825183112-7, no quotes for ETHUSDT-PERP.BINANCE[0m
[1m2026-01-07T17:51:40.000000000Z[0m [1;33m[WARN] TRADER-001.nautilus_common::cache: Cannot calculate unrealized PnL for P-20260107-150500-001-140724825183112-7, no quotes for ETHUSDT-PERP.BINANCE[0m
[1m2026-01-07T17:51:50.000000000Z[0m [1;33m[WARN] TRADER-001.nautilus_common::cache: Cannot calculate unrealized PnL for P-20260107-150500-001-140724825183112-7, no quotes for ETHUSDT-PERP.BINANCE[0m
[1m2026-01-07T17:51:59.999000000Z[0m [1;33m[WARN] TRADER-001.nautilus_common::cache: Cannot calculate unrealized PnL for P-20260107-150500-001-140724825183112-7, no quotes for ETHUSDT-PERP.BINANCE[0m
[1m2026-01-07T17:52:00.000000000Z[0m [1;33m[WARN] TRADER-001.nautilus_common::cache: Cannot calculate unrealized PnL for P-20260107-150500-001-140724825183112-7, no quotes for ETHUSDT-PERP.BINANCE[0m
[1m2026-01-07T17:52:10.000000000Z[0m [1;33m[WARN] TRADER-001.nautilus_common::cache: Cannot calculate unrealized PnL for P-20260107-150500-001-140724825183112-7, no quotes for ETHUSDT-PERP.BINANCE[0m
[1m2026-01-07T17:52:20.000000000Z[0m [1;33m[WARN] TRADER-001.nautilus_common::cache: Cannot calculate unrealized PnL for P-20260107-150500-001-140724825183112-7, no quotes for ETHUSDT-PERP.BINANCE[0m
[1m2026-01-07T17:52:30.000000000Z[0m [1;33m[WARN] TRADER-001.nautilus_common::cache: Cannot calculate unrealized PnL for P-20260107-150500-001-140724825183112-7, no quotes for ETHUSDT-PERP.BINANCE[0m
[1m2026-01-07T17:52:40.000000000Z[0m [1;33m[WARN] TRADER-001.nautilus_common::cache: Cannot calculate unrealized PnL for P-20260107-150500-001-140724825183112-7, no quotes for ETHUSDT-PERP.BINANCE[0m
[1m2026-01-07T17:52:50.000000000Z[0m [1;33m[WARN] TRADER-001.nautilus_common::cache: Cannot calculate unrealized PnL for P-20260107-150500-001-140724825183112-7, no quotes for ETHUSDT-PERP.BINANCE[0m
[1m2026-01-07T17:52:59.999000000Z[0m [1;33m[WARN] TRADER-001.nautilus_common::cache: Cannot calculate unrealized PnL for P-20260107-150500-001-140724825183112-7, no quotes for ETHUSDT-PERP.BINANCE[0m
[1m2026-01-07T17:53:00.000000000Z[0m [1;33m[WARN] TRADER-001.nautilus_common::cache: Cannot calculate unrealized PnL for P-20260107-150500-001-140724825183112-7, no quotes for ETHUSDT-PERP.BINANCE[0m
[1m2026-01-07T17:53:10.000000000Z[0m [1;33m[WARN] TRADER-001.nautilus_common::cache: Cannot calculate unrealized PnL for P-20260107-150500-001-140724825183112-7, no quotes for ETHUSDT-PERP.BINANCE[0m
[1m2026-01-07T17:53:20.000000000Z[0m [1;33m[WARN] TRADER-001.nautilus_common::cache: Cannot calculate unrealized PnL for P-20260107-150500-001-140724825183112-7, no quotes for ETHUSDT-PERP.BINANCE[0m
[1m2026-01-07T17:53:30.000000000Z[0m [1;33m[WARN] TRADER-001.nautilus_common::cache: Cannot calculate unrealized PnL for P-20260107-150500-001-140724825183112-7, no quotes for ETHUSDT-PERP.BINANCE[0m
[1m2026-01-07T17:53:40.000000000Z[0m [1;33m[WARN] TRADER-001.nautilus_common::cache: Cannot calculate unrealized PnL for P-20260107-150500-001-140724825183112-7, no quotes for ETHUSDT-PERP.BINANCE[0m
[1m2026-01-07T17:53:50.000000000Z[0m [1;33m[WARN] TRADER-001.nautilus_common::cache: Cannot calculate unrealized PnL for P-20260107-150500-001-140724825183112-7, no quotes for ETHUSDT-PERP.BINANCE[0m
[1m2026-01-07T17:53:59.999000000Z[0m [1;33m[WARN] TRADER-001.nautilus_common::cache: Cannot calculate unrealized PnL for P-20260107-150500-001-140724825183112-7, no quotes for ETHUSDT-PERP.BINANCE[0m
[1m2026-01-07T17:54:00.000000000Z[0m [1;33m[WARN] TRADER-001.nautilus_common::cache: Cannot calculate unrealized PnL for P-20260107-150500-001-140724825183112-7, no quotes for ETHUSDT-PERP.BINANCE[0m
[1m2026-01-07T17:54:10.000000000Z[0m [1;33m[WARN] TRADER-001.nautilus_common::cache: Cannot calculate unrealized PnL for P-20260107-150500-001-140724825183112-7, no quotes for ETHUSDT-PERP.BINANCE[0m
[1m2026-01-07T17:54:20.000000000Z[0m [1;33m[WARN] TRADER-001.nautilus_common::cache: Cannot calculate unrealized PnL for P-20260107-150500-001-140724825183112-7, no quotes for ETHUSDT-PERP.BINANCE[0m
[1m2026-01-07T17:54:30.000000000Z[0m [1;33m[WARN] TRADER-001.nautilus_common::cache: Cannot calculate unrealized PnL for P-20260107-150500-001-140724825183112-7, no quotes for ETHUSDT-PERP.BINANCE[0m
[1m2026-01-07T17:54:40.000000000Z[0m [1;33m[WARN] TRADER-001.nautilus_common::cache: Cannot calculate unrealized PnL for P-20260107-150500-001-140724825183112-7, no quotes for ETHUSDT-PERP.BINANCE[0m
[1m2026-01-07T17:54:50.000000000Z[0m [1;33m[WARN] TRADER-001.nautilus_common::cache: Cannot calculate unrealized PnL for P-20260107-150500-001-140724825183112-7, no quotes for ETHUSDT-PERP.BINANCE[0m
[1m2026-01-07T17:54:59.999000000Z[0m [1;33m[WARN] TRADER-001.nautilus_common::cache: Cannot calculate unrealized PnL for P-20260107-150500-001-140724825183112-7, no quotes for ETHUSDT-PERP.BINANCE[0m
[1m2026-01-07T17:55:00.000000000Z[0m [1;33m[WARN] TRADER-001.nautilus_common::cache: Cannot calculate unrealized PnL for P-20260107-150500-001-140724825183112-7, no quotes for ETHUSDT-PERP.BINANCE[0m
[1m2026-01-07T17:55:10.000000000Z[0m [1;33m[WARN] TRADER-001.nautilus_common::cache: Cannot calculate unrealized PnL for P-20260107-150500-001-140724825183112-7, no quotes for ETHUSDT-PERP.BINANCE[0m
[1m2026-01-07T17:55:20.000000000Z[0m [1;33m[WARN] TRADER-001.nautilus_common::cache: Cannot calculate unrealized PnL for P-20260107-150500-001-140724825183112-7, no quotes for ETHUSDT-PERP.BINANCE[0m
[1m2026-01-07T17:55:30.000000000Z[0m [1;33m[WARN] TRADER-001.nautilus_common::cache: Cannot calculate unrealized PnL for P-20260107-150500-001-140724825183112-7, no quotes for ETHUSDT-PERP.BINANCE[0m
[1m2026-01-07T17:55:40.000000000Z[0m [1;33m[WARN] TRADER-001.nautilus_common::cache: Cannot calculate unrealized PnL for P-20260107-150500-001-140724825183112-7, no quotes for ETHUSDT-PERP.BINANCE[0m
[1m2026-01-07T17:55:50.000000000Z[0m [1;33m[WARN] TRADER-001.nautilus_common::cache: Cannot calculate unrealized PnL for P-20260107-150500-001-140724825183112-7, no quotes for ETHUSDT-PERP.BINANCE[0m
[1m2026-01-07T17:55:59.999000000Z[0m [1;33m[WARN] TRADER-001.nautilus_common::cache: Cannot calculate unrealized PnL for P-20260107-150500-001-140724825183112-7, no quotes for ETHUSDT-PERP.BINANCE[0m
[1m2026-01-07T17:56:00.000000000Z[0m [1;33m[WARN] TRADER-001.nautilus_common::cache: Cannot calculate unrealized PnL for P-20260107-150500-001-140724825183112-7, no quotes for ETHUSDT-PERP.BINANCE[0m
[1m2026-01-07T17:56:10.000000000Z[0m [1;33m[WARN] TRADER-001.nautilus_common::cache: Cannot calculate unrealized PnL for P-20260107-150500-001-140724825183112-7, no quotes for ETHUSDT-PERP.BINANCE[0m
[1m2026-01-07T17:56:20.000000000Z[0m [1;33m[WARN] TRADER-001.nautilus_common::cache: Cannot calculate unrealized PnL for P-20260107-150500-001-140724825183112-7, no quotes for ETHUSDT-PERP.BINANCE[0m
[1m2026-01-07T17:56:30.000000000Z[0m [1;33m[WARN] TRADER-001.nautilus_common::cache: Cannot calculate unrealized PnL for P-20260107-150500-001-140724825183112-7, no quotes for ETHUSDT-PERP.BINANCE[0m
[1m2026-01-07T17:56:40.000000000Z[0m [1;33m[WARN] TRADER-001.nautilus_common::cache: Cannot calculate unrealized PnL for P-20260107-150500-001-140724825183112-7, no quotes for ETHUSDT-PERP.BINANCE[0m
[1m2026-01-07T17:56:50.000000000Z[0m [1;33m[WARN] TRADER-001.nautilus_common::cache: Cannot calculate unrealized PnL for P-20260107-150500-001-140724825183112-7, no quotes for ETHUSDT-PERP.BINANCE[0m
[1m2026-01-07T17:56:59.999000000Z[0m [1;33m[WARN] TRADER-001.nautilus_common::cache: Cannot calculate unrealized PnL for P-20260107-150500-001-140724825183112-7, no quotes for ETHUSDT-PERP.BINANCE[0m
[1m2026-01-07T17:57:00.000000000Z[0m [1;33m[WARN] TRADER-001.nautilus_common::cache: Cannot calculate unrealized PnL for P-20260107-150500-001-140724825183112-7, no quotes for ETHUSDT-PERP.BINANCE[0m
[1m2026-01-07T17:57:10.000000000Z[0m [1;33m[WARN] TRADER-001.nautilus_common::cache: Cannot calculate unrealized PnL for P-20260107-150500-001-140724825183112-7, no quotes for ETHUSDT-PERP.BINANCE[0m
[1m2026-01-07T17:57:20.000000000Z[0m [1;33m[WARN] TRADER-001.nautilus_common::cache: Cannot calculate unrealized PnL for P-20260107-150500-001-140724825183112-7, no quotes for ETHUSDT-PERP.BINANCE[0m
[1m2026-01-07T17:57:30.000000000Z[0m [1;33m[WARN] TRADER-001.nautilus_common::cache: Cannot calculate unrealized PnL for P-20260107-150500-001-140724825183112-7, no quotes for ETHUSDT-PERP.BINANCE[0m
[1m2026-01-07T17:57:40.000000000Z[0m [1;33m[WARN] TRADER-001.nautilus_common::cache: Cannot calculate unrealized PnL for P-20260107-150500-001-140724825183112-7, no quotes for ETHUSDT-PERP.BINANCE[0m
[1m2026-01-07T17:57:50.000000000Z[0m [1;33m[WARN] TRADER-001.nautilus_common::cache: Cannot calculate unrealized PnL for P-20260107-150500-001-140724825183112-7, no quotes for ETHUSDT-PERP.BINANCE[0m
[1m2026-01-07T17:57:59.999000000Z[0m [1;33m[WARN] TRADER-001.nautilus_common::cache: Cannot calculate unrealized PnL for P-20260107-150500-001-140724825183112-7, no quotes for ETHUSDT-PERP.BINANCE[0m
[1m2026-01-07T17:58:00.000000000Z[0m [1;33m[WARN] TRADER-001.nautilus_common::cache: Cannot calculate unrealized PnL for P-20260107-150500-001-140724825183112-7, no quotes for ETHUSDT-PERP.BINANCE[0m
[1m2026-01-07T17:58:10.000000000Z[0m [1;33m[WARN] TRADER-001.nautilus_common::cache: Cannot calculate unrealized PnL for P-20260107-150500-001-140724825183112-7, no quotes for ETHUSDT-PERP.BINANCE[0m
[1m2026-01-07T17:58:20.000000000Z[0m [1;33m[WARN] TRADER-001.nautilus_common::cache: Cannot calculate unrealized PnL for P-20260107-150500-001-140724825183112-7, no quotes for ETHUSDT-PERP.BINANCE[0m
[1m2026-01-07T17:58:30.000000000Z[0m [1;33m[WARN] TRADER-001.nautilus_common::cache: Cannot calculate unrealized PnL for P-20260107-150500-001-140724825183112-7, no quotes for ETHUSDT-PERP.BINANCE[0m
[1m2026-01-07T17:58:40.000000000Z[0m [1;33m[WARN] TRADER-001.nautilus_common::cache: Cannot calculate unrealized PnL for P-20260107-150500-001-140724825183112-7, no quotes for ETHUSDT-PERP.BINANCE[0m
[1m2026-01-07T17:58:50.000000000Z[0m [1;33m[WARN] TRADER-001.nautilus_common::cache: Cannot calculate unrealized PnL for P-20260107-150500-001-140724825183112-7, no quotes for ETHUSDT-PERP.BINANCE[0m
[1m2026-01-07T17:58:59.999000000Z[0m [1;33m[WARN] TRADER-001.nautilus_common::cache: Cannot calculate unrealized PnL for P-20260107-150500-001-140724825183112-7, no quotes for ETHUSDT-PERP.BINANCE[0m
[1m2026-01-07T17:59:00.000000000Z[0m [1;33m[WARN] TRADER-001.nautilus_common::cache: Cannot calculate unrealized PnL for P-20260107-150500-001-140724825183112-7, no quotes for ETHUSDT-PERP.BINANCE[0m
[1m2026-01-07T17:59:10.000000000Z[0m [1;33m[WARN] TRADER-001.nautilus_common::cache: Cannot calculate unrealized PnL for P-20260107-150500-001-140724825183112-7, no quotes for ETHUSDT-PERP.BINANCE[0m
[1m2026-01-07T17:59:20.000000000Z[0m [1;33m[WARN] TRADER-001.nautilus_common::cache: Cannot calculate unrealized PnL for P-20260107-150500-001-140724825183112-7, no quotes for ETHUSDT-PERP.BINANCE[0m
[1m2026-01-07T17:59:30.000000000Z[0m [1;33m[WARN] TRADER-001.nautilus_common::cache: Cannot calculate unrealized PnL for P-20260107-150500-001-140724825183112-7, no quotes for ETHUSDT-PERP.BINANCE[0m
[1m2026-01-07T17:59:40.000000000Z[0m [1;33m[WARN] TRADER-001.nautilus_common::cache: Cannot calculate unrealized PnL for P-20260107-150500-001-140724825183112-7, no quotes for ETHUSDT-PERP.BINANCE[0m
[1m2026-01-07T17:59:50.000000000Z[0m [1;33m[WARN] TRADER-001.nautilus_common::cache: Cannot calculate unrealized PnL for P-20260107-150500-001-140724825183112-7, no quotes for ETHUSDT-PERP.BINANCE[0m
[1m2026-01-07T17:59:59.999000000Z[0m [1;33m[WARN] TRADER-001.nautilus_common::cache: Cannot calculate unrealized PnL for P-20260107-150500-001-140724825183112-7, no quotes for ETHUSDT-PERP.BINANCE[0m
[1m2026-01-07T18:00:00.000000000Z[0m [1;33m[WARN] TRADER-001.nautilus_common::cache: Cannot calculate unrealized PnL for P-20260107-150500-001-140724825183112-7, no quotes for ETHUSDT-PERP.BINANCE[0m
[1m2026-01-07T18:00:10.000000000Z[0m [1;33m[WARN] TRADER-001.nautilus_common::cache: Cannot calculate unrealized PnL for P-20260107-150500-001-140724825183112-7, no quotes for ETHUSDT-PERP.BINANCE[0m
[1m2026-01-07T18:00:20.000000000Z[0m [1;33m[WARN] TRADER-001.nautilus_common::cache: Cannot calculate unrealized PnL for P-20260107-150500-001-140724825183112-7, no quotes for ETHUSDT-PERP.BINANCE[0m
[1m2026-01-07T18:00:30.000000000Z[0m [1;33m[WARN] TRADER-001.nautilus_common::cache: Cannot calculate unrealized PnL for P-20260107-150500-001-140724825183112-7, no quotes for ETHUSDT-PERP.BINANCE[0m
[1m2026-01-07T18:00:40.000000000Z[0m [1;33m[WARN] TRADER-001.nautilus_common::cache: Cannot calculate unrealized PnL for P-20260107-150500-001-140724825183112-7, no quotes for ETHUSDT-PERP.BINANCE[0m
[1m2026-01-07T18:00:50.000000000Z[0m [1;33m[WARN] TRADER-001.nautilus_common::cache: Cannot calculate unrealized PnL for P-20260107-150500-001-140724825183112-7, no quotes for ETHUSDT-PERP.BINANCE[0m
[1m2026-01-07T18:00:59.999000000Z[0m [1;33m[WARN] TRADER-001.nautilus_common::cache: Cannot calculate unrealized PnL for P-20260107-150500-001-140724825183112-7, no quotes for ETHUSDT-PERP.BINANCE[0m
[1m2026-01-07T18:01:00.000000000Z[0m [1;33m[WARN] TRADER-001.nautilus_common::cache: Cannot calculate unrealized PnL for P-20260107-150500-001-140724825183112-7, no quotes for ETHUSDT-PERP.BINANCE[0m
[1m2026-01-07T18:01:10.000000000Z[0m [1;33m[WARN] TRADER-001.nautilus_common::cache: Cannot calculate unrealized PnL for P-20260107-150500-001-140724825183112-7, no quotes for ETHUSDT-PERP.BINANCE[0m
[1m2026-01-07T18:01:20.000000000Z[0m [1;33m[WARN] TRADER-001.nautilus_common::cache: Cannot calculate unrealized PnL for P-20260107-150500-001-140724825183112-7, no quotes for ETHUSDT-PERP.BINANCE[0m
[1m2026-01-07T18:01:30.000000000Z[0m [1;33m[WARN] TRADER-001.nautilus_common::cache: Cannot calculate unrealized PnL for P-20260107-150500-001-140724825183112-7, no quotes for ETHUSDT-PERP.BINANCE[0m
[1m2026-01-07T18:01:40.000000000Z[0m [1;33m[WARN] TRADER-001.nautilus_common::cache: Cannot calculate unrealized PnL for P-20260107-150500-001-140724825183112-7, no quotes for ETHUSDT-PERP.BINANCE[0m
[1m2026-01-07T18:01:50.000000000Z[0m [1;33m[WARN] TRADER-001.nautilus_common::cache: Cannot calculate unrealized PnL for P-20260107-150500-001-140724825183112-7, no quotes for ETHUSDT-PERP.BINANCE[0m
[1m2026-01-07T18:01:59.999000000Z[0m [1;33m[WARN] TRADER-001.nautilus_common::cache: Cannot calculate unrealized PnL for P-20260107-150500-001-140724825183112-7, no quotes for ETHUSDT-PERP.BINANCE[0m
[1m2026-01-07T18:02:00.000000000Z[0m [1;33m[WARN] TRADER-001.nautilus_common::cache: Cannot calculate unrealized PnL for P-20260107-150500-001-140724825183112-7, no quotes for ETHUSDT-PERP.BINANCE[0m
[1m2026-01-07T18:02:10.000000000Z[0m [1;33m[WARN] TRADER-001.nautilus_common::cache: Cannot calculate unrealized PnL for P-20260107-150500-001-140724825183112-7, no quotes for ETHUSDT-PERP.BINANCE[0m
[1m2026-01-07T18:02:20.000000000Z[0m [1;33m[WARN] TRADER-001.nautilus_common::cache: Cannot calculate unrealized PnL for P-20260107-150500-001-140724825183112-7, no quotes for ETHUSDT-PERP.BINANCE[0m
[1m2026-01-07T18:02:30.000000000Z[0m [1;33m[WARN] TRADER-001.nautilus_common::cache: Cannot calculate unrealized PnL for P-20260107-150500-001-140724825183112-7, no quotes for ETHUSDT-PERP.BINANCE[0m
[1m2026-01-07T18:02:40.000000000Z[0m [1;33m[WARN] TRADER-001.nautilus_common::cache: Cannot calculate unrealized PnL for P-20260107-150500-001-140724825183112-7, no quotes for ETHUSDT-PERP.BINANCE[0m
[1m2026-01-07T18:02:50.000000000Z[0m [1;33m[WARN] TRADER-001.nautilus_common::cache: Cannot calculate unrealized PnL for P-20260107-150500-001-140724825183112-7, no quotes for ETHUSDT-PERP.BINANCE[0m
[1m2026-01-07T18:02:59.999000000Z[0m [1;33m[WARN] TRADER-001.nautilus_common::cache: Cannot calculate unrealized PnL for P-20260107-150500-001-140724825183112-7, no quotes for ETHUSDT-PERP.BINANCE[0m
[1m2026-01-07T18:03:00.000000000Z[0m [1;33m[WARN] TRADER-001.nautilus_common::cache: Cannot calculate unrealized PnL for P-20260107-150500-001-140724825183112-7, no quotes for ETHUSDT-PERP.BINANCE[0m
[1m2026-01-07T18:03:10.000000000Z[0m [1;33m[WARN] TRADER-001.nautilus_common::cache: Cannot calculate unrealized PnL for P-20260107-150500-001-140724825183112-7, no quotes for ETHUSDT-PERP.BINANCE[0m
[1m2026-01-07T18:03:20.000000000Z[0m [1;33m[WARN] TRADER-001.nautilus_common::cache: Cannot calculate unrealized PnL for P-20260107-150500-001-140724825183112-7, no quotes for ETHUSDT-PERP.BINANCE[0m
[1m2026-01-07T18:03:30.000000000Z[0m [1;33m[WARN] TRADER-001.nautilus_common::cache: Cannot calculate unrealized PnL for P-20260107-150500-001-140724825183112-7, no quotes for ETHUSDT-PERP.BINANCE[0m
[1m2026-01-07T18:03:40.000000000Z[0m [1;33m[WARN] TRADER-001.nautilus_common::cache: Cannot calculate unrealized PnL for P-20260107-150500-001-140724825183112-7, no quotes for ETHUSDT-PERP.BINANCE[0m
[1m2026-01-07T18:03:50.000000000Z[0m [1;33m[WARN] TRADER-001.nautilus_common::cache: Cannot calculate unrealized PnL for P-20260107-150500-001-140724825183112-7, no quotes for ETHUSDT-PERP.BINANCE[0m
[1m2026-01-07T18:03:59.999000000Z[0m [1;33m[WARN] TRADER-001.nautilus_common::cache: Cannot calculate unrealized PnL for P-20260107-150500-001-140724825183112-7, no quotes for ETHUSDT-PERP.BINANCE[0m
[1m2026-01-07T18:04:00.000000000Z[0m [1;33m[WARN] TRADER-001.nautilus_common::cache: Cannot calculate unrealized PnL for P-20260107-150500-001-140724825183112-7, no quotes for ETHUSDT-PERP.BINANCE[0m
[1m2026-01-07T18:04:10.000000000Z[0m [1;33m[WARN] TRADER-001.nautilus_common::cache: Cannot calculate unrealized PnL for P-20260107-150500-001-140724825183112-7, no quotes for ETHUSDT-PERP.BINANCE[0m
[1m2026-01-07T18:04:20.000000000Z[0m [1;33m[WARN] TRADER-001.nautilus_common::cache: Cannot calculate unrealized PnL for P-20260107-150500-001-140724825183112-7, no quotes for ETHUSDT-PERP.BINANCE[0m
[1m2026-01-07T18:04:30.000000000Z[0m [1;33m[WARN] TRADER-001.nautilus_common::cache: Cannot calculate unrealized PnL for P-20260107-150500-001-140724825183112-7, no quotes for ETHUSDT-PERP.BINANCE[0m
[1m2026-01-07T18:04:40.000000000Z[0m [1;33m[WARN] TRADER-001.nautilus_common::cache: Cannot calculate unrealized PnL for P-20260107-150500-001-140724825183112-7, no quotes for ETHUSDT-PERP.BINANCE[0m
[1m2026-01-07T18:04:50.000000000Z[0m [1;33m[WARN] TRADER-001.nautilus_common::cache: Cannot calculate unrealized PnL for P-20260107-150500-001-140724825183112-7, no quotes for ETHUSDT-PERP.BINANCE[0m
[1m2026-01-07T18:04:59.999000000Z[0m [1;33m[WARN] TRADER-001.nautilus_common::cache: Cannot calculate unrealized PnL for P-20260107-150500-001-140724825183112-7, no quotes for ETHUSDT-PERP.BINANCE[0m
[1m2026-01-07T18:05:00.000000000Z[0m [1;33m[WARN] TRADER-001.nautilus_common::cache: Cannot calculate unrealized PnL for P-20260107-150500-001-140724825183112-7, no quotes for ETHUSDT-PERP.BINANCE[0m
[1m2026-01-07T18:05:10.000000000Z[0m [1;33m[WARN] TRADER-001.nautilus_common::cache: Cannot calculate unrealized PnL for P-20260107-150500-001-140724825183112-7, no quotes for ETHUSDT-PERP.BINANCE[0m
[1m2026-01-07T18:05:20.000000000Z[0m [1;33m[WARN] TRADER-001.nautilus_common::cache: Cannot calculate unrealized PnL for P-20260107-150500-001-140724825183112-7, no quotes for ETHUSDT-PERP.BINANCE[0m
[1m2026-01-07T18:05:30.000000000Z[0m [1;33m[WARN] TRADER-001.nautilus_common::cache: Cannot calculate unrealized PnL for P-20260107-150500-001-140724825183112-7, no quotes for ETHUSDT-PERP.BINANCE[0m
[1m2026-01-07T18:05:40.000000000Z[0m [1;33m[WARN] TRADER-001.nautilus_common::cache: Cannot calculate unrealized PnL for P-20260107-150500-001-140724825183112-7, no quotes for ETHUSDT-PERP.BINANCE[0m
[1m2026-01-07T18:05:50.000000000Z[0m [1;33m[WARN] TRADER-001.nautilus_common::cache: Cannot calculate unrealized PnL for P-20260107-150500-001-140724825183112-7, no quotes for ETHUSDT-PERP.BINANCE[0m
[1m2026-01-07T18:05:59.999000000Z[0m [1;33m[WARN] TRADER-001.nautilus_common::cache: Cannot calculate unrealized PnL for P-20260107-150500-001-140724825183112-7, no quotes for ETHUSDT-PERP.BINANCE[0m
[1m2026-01-07T18:06:00.000000000Z[0m [1;33m[WARN] TRADER-001.nautilus_common::cache: Cannot calculate unrealized PnL for P-20260107-150500-001-140724825183112-7, no quotes for ETHUSDT-PERP.BINANCE[0m
[1m2026-01-07T18:06:10.000000000Z[0m [1;33m[WARN] TRADER-001.nautilus_common::cache: Cannot calculate unrealized PnL for P-20260107-150500-001-140724825183112-7, no quotes for ETHUSDT-PERP.BINANCE[0m
[1m2026-01-07T18:06:20.000000000Z[0m [1;33m[WARN] TRADER-001.nautilus_common::cache: Cannot calculate unrealized PnL for P-20260107-150500-001-140724825183112-7, no quotes for ETHUSDT-PERP.BINANCE[0m
[1m2026-01-07T18:06:30.000000000Z[0m [1;33m[WARN] TRADER-001.nautilus_common::cache: Cannot calculate unrealized PnL for P-20260107-150500-001-140724825183112-7, no quotes for ETHUSDT-PERP.BINANCE[0m
[1m2026-01-07T18:06:40.000000000Z[0m [1;33m[WARN] TRADER-001.nautilus_common::cache: Cannot calculate unrealized PnL for P-20260107-150500-001-140724825183112-7, no quotes for ETHUSDT-PERP.BINANCE[0m
[1m2026-01-07T18:06:50.000000000Z[0m [1;33m[WARN] TRADER-001.nautilus_common::cache: Cannot calculate unrealized PnL for P-20260107-150500-001-140724825183112-7, no quotes for ETHUSDT-PERP.BINANCE[0m
[1m2026-01-07T18:06:59.999000000Z[0m [1;33m[WARN] TRADER-001.nautilus_common::cache: Cannot calculate unrealized PnL for P-20260107-150500-001-140724825183112-7, no quotes for ETHUSDT-PERP.BINANCE[0m
[1m2026-01-07T18:07:00.000000000Z[0m [1;33m[WARN] TRADER-001.nautilus_common::cache: Cannot calculate unrealized PnL for P-20260107-150500-001-140724825183112-7, no quotes for ETHUSDT-PERP.BINANCE[0m
[1m2026-01-07T18:07:10.000000000Z[0m [1;33m[WARN] TRADER-001.nautilus_common::cache: Cannot calculate unrealized PnL for P-20260107-150500-001-140724825183112-7, no quotes for ETHUSDT-PERP.BINANCE[0m
[1m2026-01-07T18:07:20.000000000Z[0m [1;33m[WARN] TRADER-001.nautilus_common::cache: Cannot calculate unrealized PnL for P-20260107-150500-001-140724825183112-7, no quotes for ETHUSDT-PERP.BINANCE[0m
[1m2026-01-07T18:07:30.000000000Z[0m [1;33m[WARN] TRADER-001.nautilus_common::cache: Cannot calculate unrealized PnL for P-20260107-150500-001-140724825183112-7, no quotes for ETHUSDT-PERP.BINANCE[0m
[1m2026-01-07T18:07:40.000000000Z[0m [1;33m[WARN] TRADER-001.nautilus_common::cache: Cannot calculate unrealized PnL for P-20260107-150500-001-140724825183112-7, no quotes for ETHUSDT-PERP.BINANCE[0m
[1m2026-01-07T18:07:50.000000000Z[0m [1;33m[WARN] TRADER-001.nautilus_common::cache: Cannot calculate unrealized PnL for P-20260107-150500-001-140724825183112-7, no quotes for ETHUSDT-PERP.BINANCE[0m
[1m2026-01-07T18:07:59.999000000Z[0m [1;33m[WARN] TRADER-001.nautilus_common::cache: Cannot calculate unrealized PnL for P-20260107-150500-001-140724825183112-7, no quotes for ETHUSDT-PERP.BINANCE[0m
[1m2026-01-07T18:08:00.000000000Z[0m [1;33m[WARN] TRADER-001.nautilus_common::cache: Cannot calculate unrealized PnL for P-20260107-150500-001-140724825183112-7, no quotes for ETHUSDT-PERP.BINANCE[0m
[1m2026-01-07T18:08:10.000000000Z[0m [1;33m[WARN] TRADER-001.nautilus_common::cache: Cannot calculate unrealized PnL for P-20260107-150500-001-140724825183112-7, no quotes for ETHUSDT-PERP.BINANCE[0m
[1m2026-01-07T18:08:20.000000000Z[0m [1;33m[WARN] TRADER-001.nautilus_common::cache: Cannot calculate unrealized PnL for P-20260107-150500-001-140724825183112-7, no quotes for ETHUSDT-PERP.BINANCE[0m
[1m2026-01-07T18:08:30.000000000Z[0m [1;33m[WARN] TRADER-001.nautilus_common::cache: Cannot calculate unrealized PnL for P-20260107-150500-001-140724825183112-7, no quotes for ETHUSDT-PERP.BINANCE[0m
[1m2026-01-07T18:08:40.000000000Z[0m [1;33m[WARN] TRADER-001.nautilus_common::cache: Cannot calculate unrealized PnL for P-20260107-150500-001-140724825183112-7, no quotes for ETHUSDT-PERP.BINANCE[0m
[1m2026-01-07T18:08:50.000000000Z[0m [1;33m[WARN] TRADER-001.nautilus_common::cache: Cannot calculate unrealized PnL for P-20260107-150500-001-140724825183112-7, no quotes for ETHUSDT-PERP.BINANCE[0m
[1m2026-01-07T18:08:59.999000000Z[0m [1;33m[WARN] TRADER-001.nautilus_common::cache: Cannot calculate unrealized PnL for P-20260107-150500-001-140724825183112-7, no quotes for ETHUSDT-PERP.BINANCE[0m
[1m2026-01-07T18:09:00.000000000Z[0m [1;33m[WARN] TRADER-001.nautilus_common::cache: Cannot calculate unrealized PnL for P-20260107-150500-001-140724825183112-7, no quotes for ETHUSDT-PERP.BINANCE[0m
[1m2026-01-07T18:09:10.000000000Z[0m [1;33m[WARN] TRADER-001.nautilus_common::cache: Cannot calculate unrealized PnL for P-20260107-150500-001-140724825183112-7, no quotes for ETHUSDT-PERP.BINANCE[0m
[1m2026-01-07T18:09:20.000000000Z[0m [1;33m[WARN] TRADER-001.nautilus_common::cache: Cannot calculate unrealized PnL for P-20260107-150500-001-140724825183112-7, no quotes for ETHUSDT-PERP.BINANCE[0m
[1m2026-01-07T18:09:30.000000000Z[0m [1;33m[WARN] TRADER-001.nautilus_common::cache: Cannot calculate unrealized PnL for P-20260107-150500-001-140724825183112-7, no quotes for ETHUSDT-PERP.BINANCE[0m
[1m2026-01-07T18:09:40.000000000Z[0m [1;33m[WARN] TRADER-001.nautilus_common::cache: Cannot calculate unrealized PnL for P-20260107-150500-001-140724825183112-7, no quotes for ETHUSDT-PERP.BINANCE[0m
[1m2026-01-07T18:09:50.000000000Z[0m [1;33m[WARN] TRADER-001.nautilus_common::cache: Cannot calculate unrealized PnL for P-20260107-150500-001-140724825183112-7, no quotes for ETHUSDT-PERP.BINANCE[0m
[1m2026-01-07T18:09:59.999000000Z[0m [1;33m[WARN] TRADER-001.nautilus_common::cache: Cannot calculate unrealized PnL for P-20260107-150500-001-140724825183112-7, no quotes for ETHUSDT-PERP.BINANCE[0m
[1m2026-01-07T18:10:00.000000000Z[0m [1;33m[WARN] TRADER-001.nautilus_common::cache: Cannot calculate unrealized PnL for P-20260107-150500-001-140724825183112-7, no quotes for ETHUSDT-PERP.BINANCE[0m
[1m2026-01-07T18:10:10.000000000Z[0m [1;33m[WARN] TRADER-001.nautilus_common::cache: Cannot calculate unrealized PnL for P-20260107-150500-001-140724825183112-7, no quotes for ETHUSDT-PERP.BINANCE[0m
[1m2026-01-07T18:10:20.000000000Z[0m [1;33m[WARN] TRADER-001.nautilus_common::cache: Cannot calculate unrealized PnL for P-20260107-150500-001-140724825183112-7, no quotes for ETHUSDT-PERP.BINANCE[0m
[1m2026-01-07T18:10:30.000000000Z[0m [1;33m[WARN] TRADER-001.nautilus_common::cache: Cannot calculate unrealized PnL for P-20260107-150500-001-140724825183112-7, no quotes for ETHUSDT-PERP.BINANCE[0m
[1m2026-01-07T18:10:40.000000000Z[0m [1;33m[WARN] TRADER-001.nautilus_common::cache: Cannot calculate unrealized PnL for P-20260107-150500-001-140724825183112-7, no quotes for ETHUSDT-PERP.BINANCE[0m
[1m2026-01-07T18:10:50.000000000Z[0m [1;33m[WARN] TRADER-001.nautilus_common::cache: Cannot calculate unrealized PnL for P-20260107-150500-001-140724825183112-7, no quotes for ETHUSDT-PERP.BINANCE[0m
[1m2026-01-07T18:10:59.999000000Z[0m [1;33m[WARN] TRADER-001.nautilus_common::cache: Cannot calculate unrealized PnL for P-20260107-150500-001-140724825183112-7, no quotes for ETHUSDT-PERP.BINANCE[0m
[1m2026-01-07T18:11:00.000000000Z[0m [1;33m[WARN] TRADER-001.nautilus_common::cache: Cannot calculate unrealized PnL for P-20260107-150500-001-140724825183112-7, no quotes for ETHUSDT-PERP.BINANCE[0m
[1m2026-01-07T18:11:10.000000000Z[0m [1;33m[WARN] TRADER-001.nautilus_common::cache: Cannot calculate unrealized PnL for P-20260107-150500-001-140724825183112-7, no quotes for ETHUSDT-PERP.BINANCE[0m
[1m2026-01-07T18:11:20.000000000Z[0m [1;33m[WARN] TRADER-001.nautilus_common::cache: Cannot calculate unrealized PnL for P-20260107-150500-001-140724825183112-7, no quotes for ETHUSDT-PERP.BINANCE[0m
[1m2026-01-07T18:11:30.000000000Z[0m [1;33m[WARN] TRADER-001.nautilus_common::cache: Cannot calculate unrealized PnL for P-20260107-150500-001-140724825183112-7, no quotes for ETHUSDT-PERP.BINANCE[0m
[1m2026-01-07T18:11:40.000000000Z[0m [1;33m[WARN] TRADER-001.nautilus_common::cache: Cannot calculate unrealized PnL for P-20260107-150500-001-140724825183112-7, no quotes for ETHUSDT-PERP.BINANCE[0m
[1m2026-01-07T18:11:50.000000000Z[0m [1;33m[WARN] TRADER-001.nautilus_common::cache: Cannot calculate unrealized PnL for P-20260107-150500-001-140724825183112-7, no quotes for ETHUSDT-PERP.BINANCE[0m
[1m2026-01-07T18:11:59.999000000Z[0m [1;33m[WARN] TRADER-001.nautilus_common::cache: Cannot calculate unrealized PnL for P-20260107-150500-001-140724825183112-7, no quotes for ETHUSDT-PERP.BINANCE[0m
[1m2026-01-07T18:12:00.000000000Z[0m [1;33m[WARN] TRADER-001.nautilus_common::cache: Cannot calculate unrealized PnL for P-20260107-150500-001-140724825183112-7, no quotes for ETHUSDT-PERP.BINANCE[0m
[1m2026-01-07T18:12:10.000000000Z[0m [1;33m[WARN] TRADER-001.nautilus_common::cache: Cannot calculate unrealized PnL for P-20260107-150500-001-140724825183112-7, no quotes for ETHUSDT-PERP.BINANCE[0m
[1m2026-01-07T18:12:20.000000000Z[0m [1;33m[WARN] TRADER-001.nautilus_common::cache: Cannot calculate unrealized PnL for P-20260107-150500-001-140724825183112-7, no quotes for ETHUSDT-PERP.BINANCE[0m
[1m2026-01-07T18:12:30.000000000Z[0m [1;33m[WARN] TRADER-001.nautilus_common::cache: Cannot calculate unrealized PnL for P-20260107-150500-001-140724825183112-7, no quotes for ETHUSDT-PERP.BINANCE[0m
[1m2026-01-07T18:12:40.000000000Z[0m [1;33m[WARN] TRADER-001.nautilus_common::cache: Cannot calculate unrealized PnL for P-20260107-150500-001-140724825183112-7, no quotes for ETHUSDT-PERP.BINANCE[0m
[1m2026-01-07T18:12:50.000000000Z[0m [1;33m[WARN] TRADER-001.nautilus_common::cache: Cannot calculate unrealized PnL for P-20260107-150500-001-140724825183112-7, no quotes for ETHUSDT-PERP.BINANCE[0m
[1m2026-01-07T18:12:59.999000000Z[0m [1;33m[WARN] TRADER-001.nautilus_common::cache: Cannot calculate unrealized PnL for P-20260107-150500-001-140724825183112-7, no quotes for ETHUSDT-PERP.BINANCE[0m
[1m2026-01-07T18:13:00.000000000Z[0m [1;33m[WARN] TRADER-001.nautilus_common::cache: Cannot calculate unrealized PnL for P-20260107-150500-001-140724825183112-7, no quotes for ETHUSDT-PERP.BINANCE[0m
[1m2026-01-07T18:13:10.000000000Z[0m [1;33m[WARN] TRADER-001.nautilus_common::cache: Cannot calculate unrealized PnL for P-20260107-150500-001-140724825183112-7, no quotes for ETHUSDT-PERP.BINANCE[0m
[1m2026-01-07T18:13:20.000000000Z[0m [1;33m[WARN] TRADER-001.nautilus_common::cache: Cannot calculate unrealized PnL for P-20260107-150500-001-140724825183112-7, no quotes for ETHUSDT-PERP.BINANCE[0m
[1m2026-01-07T18:13:30.000000000Z[0m [1;33m[WARN] TRADER-001.nautilus_common::cache: Cannot calculate unrealized PnL for P-20260107-150500-001-140724825183112-7, no quotes for ETHUSDT-PERP.BINANCE[0m
[1m2026-01-07T18:13:40.000000000Z[0m [1;33m[WARN] TRADER-001.nautilus_common::cache: Cannot calculate unrealized PnL for P-20260107-150500-001-140724825183112-7, no quotes for ETHUSDT-PERP.BINANCE[0m
[1m2026-01-07T18:13:50.000000000Z[0m [1;33m[WARN] TRADER-001.nautilus_common::cache: Cannot calculate unrealized PnL for P-20260107-150500-001-140724825183112-7, no quotes for ETHUSDT-PERP.BINANCE[0m
[1m2026-01-07T18:13:59.999000000Z[0m [1;33m[WARN] TRADER-001.nautilus_common::cache: Cannot calculate unrealized PnL for P-20260107-150500-001-140724825183112-7, no quotes for ETHUSDT-PERP.BINANCE[0m
[1m2026-01-07T18:14:00.000000000Z[0m [1;33m[WARN] TRADER-001.nautilus_common::cache: Cannot calculate unrealized PnL for P-20260107-150500-001-140724825183112-7, no quotes for ETHUSDT-PERP.BINANCE[0m
[1m2026-01-07T18:14:10.000000000Z[0m [1;33m[WARN] TRADER-001.nautilus_common::cache: Cannot calculate unrealized PnL for P-20260107-150500-001-140724825183112-7, no quotes for ETHUSDT-PERP.BINANCE[0m
[1m2026-01-07T18:14:20.000000000Z[0m [1;33m[WARN] TRADER-001.nautilus_common::cache: Cannot calculate unrealized PnL for P-20260107-150500-001-140724825183112-7, no quotes for ETHUSDT-PERP.BINANCE[0m
[1m2026-01-07T18:14:30.000000000Z[0m [1;33m[WARN] TRADER-001.nautilus_common::cache: Cannot calculate unrealized PnL for P-20260107-150500-001-140724825183112-7, no quotes for ETHUSDT-PERP.BINANCE[0m
[1m2026-01-07T18:14:40.000000000Z[0m [1;33m[WARN] TRADER-001.nautilus_common::cache: Cannot calculate unrealized PnL for P-20260107-150500-001-140724825183112-7, no quotes for ETHUSDT-PERP.BINANCE[0m
[1m2026-01-07T18:14:50.000000000Z[0m [1;33m[WARN] TRADER-001.nautilus_common::cache: Cannot calculate unrealized PnL for P-20260107-150500-001-140724825183112-7, no quotes for ETHUSDT-PERP.BINANCE[0m
[1m2026-01-07T18:14:59.999000000Z[0m [1;33m[WARN] TRADER-001.nautilus_common::cache: Cannot calculate unrealized PnL for P-20260107-150500-001-140724825183112-7, no quotes for ETHUSDT-PERP.BINANCE[0m
[1m2026-01-07T18:15:00.000000000Z[0m [1;33m[WARN] TRADER-001.nautilus_common::cache: Cannot calculate unrealized PnL for P-20260107-150500-001-140724825183112-7, no quotes for ETHUSDT-PERP.BINANCE[0m
[1m2026-01-07T18:15:10.000000000Z[0m [1;33m[WARN] TRADER-001.nautilus_common::cache: Cannot calculate unrealized PnL for P-20260107-150500-001-140724825183112-7, no quotes for ETHUSDT-PERP.BINANCE[0m
[1m2026-01-07T18:15:20.000000000Z[0m [1;33m[WARN] TRADER-001.nautilus_common::cache: Cannot calculate unrealized PnL for P-20260107-150500-001-140724825183112-7, no quotes for ETHUSDT-PERP.BINANCE[0m
[1m2026-01-07T18:15:30.000000000Z[0m [1;33m[WARN] TRADER-001.nautilus_common::cache: Cannot calculate unrealized PnL for P-20260107-150500-001-140724825183112-7, no quotes for ETHUSDT-PERP.BINANCE[0m
[1m2026-01-07T18:15:40.000000000Z[0m [1;33m[WARN] TRADER-001.nautilus_common::cache: Cannot calculate unrealized PnL for P-20260107-150500-001-140724825183112-7, no quotes for ETHUSDT-PERP.BINANCE[0m
[1m2026-01-07T18:15:50.000000000Z[0m [1;33m[WARN] TRADER-001.nautilus_common::cache: Cannot calculate unrealized PnL for P-20260107-150500-001-140724825183112-7, no quotes for ETHUSDT-PERP.BINANCE[0m
[1m2026-01-07T18:15:59.999000000Z[0m [1;33m[WARN] TRADER-001.nautilus_common::cache: Cannot calculate unrealized PnL for P-20260107-150500-001-140724825183112-7, no quotes for ETHUSDT-PERP.BINANCE[0m
[1m2026-01-07T18:16:00.000000000Z[0m [1;33m[WARN] TRADER-001.nautilus_common::cache: Cannot calculate unrealized PnL for P-20260107-150500-001-140724825183112-7, no quotes for ETHUSDT-PERP.BINANCE[0m
[1m2026-01-07T18:16:10.000000000Z[0m [1;33m[WARN] TRADER-001.nautilus_common::cache: Cannot calculate unrealized PnL for P-20260107-150500-001-140724825183112-7, no quotes for ETHUSDT-PERP.BINANCE[0m
[1m2026-01-07T18:16:20.000000000Z[0m [1;33m[WARN] TRADER-001.nautilus_common::cache: Cannot calculate unrealized PnL for P-20260107-150500-001-140724825183112-7, no quotes for ETHUSDT-PERP.BINANCE[0m
[1m2026-01-07T18:16:30.000000000Z[0m [1;33m[WARN] TRADER-001.nautilus_common::cache: Cannot calculate unrealized PnL for P-20260107-150500-001-140724825183112-7, no quotes for ETHUSDT-PERP.BINANCE[0m
[1m2026-01-07T18:16:40.000000000Z[0m [1;33m[WARN] TRADER-001.nautilus_common::cache: Cannot calculate unrealized PnL for P-20260107-150500-001-140724825183112-7, no quotes for ETHUSDT-PERP.BINANCE[0m
[1m2026-01-07T18:16:50.000000000Z[0m [1;33m[WARN] TRADER-001.nautilus_common::cache: Cannot calculate unrealized PnL for P-20260107-150500-001-140724825183112-7, no quotes for ETHUSDT-PERP.BINANCE[0m
[1m2026-01-07T18:16:59.999000000Z[0m [1;33m[WARN] TRADER-001.nautilus_common::cache: Cannot calculate unrealized PnL for P-20260107-150500-001-140724825183112-7, no quotes for ETHUSDT-PERP.BINANCE[0m
[1m2026-01-07T18:17:00.000000000Z[0m [1;33m[WARN] TRADER-001.nautilus_common::cache: Cannot calculate unrealized PnL for P-20260107-150500-001-140724825183112-7, no quotes for ETHUSDT-PERP.BINANCE[0m
[1m2026-01-07T18:17:10.000000000Z[0m [1;33m[WARN] TRADER-001.nautilus_common::cache: Cannot calculate unrealized PnL for P-20260107-150500-001-140724825183112-7, no quotes for ETHUSDT-PERP.BINANCE[0m
[1m2026-01-07T18:17:20.000000000Z[0m [1;33m[WARN] TRADER-001.nautilus_common::cache: Cannot calculate unrealized PnL for P-20260107-150500-001-140724825183112-7, no quotes for ETHUSDT-PERP.BINANCE[0m
[1m2026-01-07T18:17:30.000000000Z[0m [1;33m[WARN] TRADER-001.nautilus_common::cache: Cannot calculate unrealized PnL for P-20260107-150500-001-140724825183112-7, no quotes for ETHUSDT-PERP.BINANCE[0m
[1m2026-01-07T18:17:40.000000000Z[0m [1;33m[WARN] TRADER-001.nautilus_common::cache: Cannot calculate unrealized PnL for P-20260107-150500-001-140724825183112-7, no quotes for ETHUSDT-PERP.BINANCE[0m
[1m2026-01-07T18:17:50.000000000Z[0m [1;33m[WARN] TRADER-001.nautilus_common::cache: Cannot calculate unrealized PnL for P-20260107-150500-001-140724825183112-7, no quotes for ETHUSDT-PERP.BINANCE[0m
[1m2026-01-07T18:17:59.999000000Z[0m [1;33m[WARN] TRADER-001.nautilus_common::cache: Cannot calculate unrealized PnL for P-20260107-150500-001-140724825183112-7, no quotes for ETHUSDT-PERP.BINANCE[0m
[1m2026-01-07T18:18:00.000000000Z[0m [1;33m[WARN] TRADER-001.nautilus_common::cache: Cannot calculate unrealized PnL for P-20260107-150500-001-140724825183112-7, no quotes for ETHUSDT-PERP.BINANCE[0m
[1m2026-01-07T18:18:10.000000000Z[0m [1;33m[WARN] TRADER-001.nautilus_common::cache: Cannot calculate unrealized PnL for P-20260107-150500-001-140724825183112-7, no quotes for ETHUSDT-PERP.BINANCE[0m
[1m2026-01-07T18:18:20.000000000Z[0m [1;33m[WARN] TRADER-001.nautilus_common::cache: Cannot calculate unrealized PnL for P-20260107-150500-001-140724825183112-7, no quotes for ETHUSDT-PERP.BINANCE[0m
[1m2026-01-07T18:18:30.000000000Z[0m [1;33m[WARN] TRADER-001.nautilus_common::cache: Cannot calculate unrealized PnL for P-20260107-150500-001-140724825183112-7, no quotes for ETHUSDT-PERP.BINANCE[0m
[1m2026-01-07T18:18:40.000000000Z[0m [1;33m[WARN] TRADER-001.nautilus_common::cache: Cannot calculate unrealized PnL for P-20260107-150500-001-140724825183112-7, no quotes for ETHUSDT-PERP.BINANCE[0m
[1m2026-01-07T18:18:50.000000000Z[0m [1;33m[WARN] TRADER-001.nautilus_common::cache: Cannot calculate unrealized PnL for P-20260107-150500-001-140724825183112-7, no quotes for ETHUSDT-PERP.BINANCE[0m
[1m2026-01-07T18:18:59.999000000Z[0m [1;33m[WARN] TRADER-001.nautilus_common::cache: Cannot calculate unrealized PnL for P-20260107-150500-001-140724825183112-7, no quotes for ETHUSDT-PERP.BINANCE[0m
[1m2026-01-07T18:19:00.000000000Z[0m [1;33m[WARN] TRADER-001.nautilus_common::cache: Cannot calculate unrealized PnL for P-20260107-150500-001-140724825183112-7, no quotes for ETHUSDT-PERP.BINANCE[0m
[1m2026-01-07T18:19:10.000000000Z[0m [1;33m[WARN] TRADER-001.nautilus_common::cache: Cannot calculate unrealized PnL for P-20260107-150500-001-140724825183112-7, no quotes for ETHUSDT-PERP.BINANCE[0m
[1m2026-01-07T18:19:20.000000000Z[0m [1;33m[WARN] TRADER-001.nautilus_common::cache: Cannot calculate unrealized PnL for P-20260107-150500-001-140724825183112-7, no quotes for ETHUSDT-PERP.BINANCE[0m
[1m2026-01-07T18:19:30.000000000Z[0m [1;33m[WARN] TRADER-001.nautilus_common::cache: Cannot calculate unrealized PnL for P-20260107-150500-001-140724825183112-7, no quotes for ETHUSDT-PERP.BINANCE[0m
[1m2026-01-07T18:19:40.000000000Z[0m [1;33m[WARN] TRADER-001.nautilus_common::cache: Cannot calculate unrealized PnL for P-20260107-150500-001-140724825183112-7, no quotes for ETHUSDT-PERP.BINANCE[0m
[1m2026-01-07T18:19:50.000000000Z[0m [1;33m[WARN] TRADER-001.nautilus_common::cache: Cannot calculate unrealized PnL for P-20260107-150500-001-140724825183112-7, no quotes for ETHUSDT-PERP.BINANCE[0m
[1m2026-01-07T18:19:59.999000000Z[0m [1;33m[WARN] TRADER-001.nautilus_common::cache: Cannot calculate unrealized PnL for P-20260107-150500-001-140724825183112-7, no quotes for ETHUSDT-PERP.BINANCE[0m
[1m2026-01-07T18:20:00.000000000Z[0m [1;33m[WARN] TRADER-001.nautilus_common::cache: Cannot calculate unrealized PnL for P-20260107-150500-001-140724825183112-7, no quotes for ETHUSDT-PERP.BINANCE[0m
[1m2026-01-07T18:20:10.000000000Z[0m [1;33m[WARN] TRADER-001.nautilus_common::cache: Cannot calculate unrealized PnL for P-20260107-150500-001-140724825183112-7, no quotes for ETHUSDT-PERP.BINANCE[0m
[1m2026-01-07T18:20:20.000000000Z[0m [1;33m[WARN] TRADER-001.nautilus_common::cache: Cannot calculate unrealized PnL for P-20260107-150500-001-140724825183112-7, no quotes for ETHUSDT-PERP.BINANCE[0m
[1m2026-01-07T18:20:30.000000000Z[0m [1;33m[WARN] TRADER-001.nautilus_common::cache: Cannot calculate unrealized PnL for P-20260107-150500-001-140724825183112-7, no quotes for ETHUSDT-PERP.BINANCE[0m
[1m2026-01-07T18:20:40.000000000Z[0m [1;33m[WARN] TRADER-001.nautilus_common::cache: Cannot calculate unrealized PnL for P-20260107-150500-001-140724825183112-7, no quotes for ETHUSDT-PERP.BINANCE[0m
[1m2026-01-07T18:20:50.000000000Z[0m [1;33m[WARN] TRADER-001.nautilus_common::cache: Cannot calculate unrealized PnL for P-20260107-150500-001-140724825183112-7, no quotes for ETHUSDT-PERP.BINANCE[0m
[1m2026-01-07T18:20:59.999000000Z[0m [1;33m[WARN] TRADER-001.nautilus_common::cache: Cannot calculate unrealized PnL for P-20260107-150500-001-140724825183112-7, no quotes for ETHUSDT-PERP.BINANCE[0m
[1m2026-01-07T18:21:00.000000000Z[0m [1;33m[WARN] TRADER-001.nautilus_common::cache: Cannot calculate unrealized PnL for P-20260107-150500-001-140724825183112-7, no quotes for ETHUSDT-PERP.BINANCE[0m
[1m2026-01-07T18:21:10.000000000Z[0m [1;33m[WARN] TRADER-001.nautilus_common::cache: Cannot calculate unrealized PnL for P-20260107-150500-001-140724825183112-7, no quotes for ETHUSDT-PERP.BINANCE[0m
[1m2026-01-07T18:21:20.000000000Z[0m [1;33m[WARN] TRADER-001.nautilus_common::cache: Cannot calculate unrealized PnL for P-20260107-150500-001-140724825183112-7, no quotes for ETHUSDT-PERP.BINANCE[0m
[1m2026-01-07T18:21:30.000000000Z[0m [1;33m[WARN] TRADER-001.nautilus_common::cache: Cannot calculate unrealized PnL for P-20260107-150500-001-140724825183112-7, no quotes for ETHUSDT-PERP.BINANCE[0m
[1m2026-01-07T18:21:40.000000000Z[0m [1;33m[WARN] TRADER-001.nautilus_common::cache: Cannot calculate unrealized PnL for P-20260107-150500-001-140724825183112-7, no quotes for ETHUSDT-PERP.BINANCE[0m
[1m2026-01-07T18:21:50.000000000Z[0m [1;33m[WARN] TRADER-001.nautilus_common::cache: Cannot calculate unrealized PnL for P-20260107-150500-001-140724825183112-7, no quotes for ETHUSDT-PERP.BINANCE[0m
[1m2026-01-07T18:21:59.999000000Z[0m [1;33m[WARN] TRADER-001.nautilus_common::cache: Cannot calculate unrealized PnL for P-20260107-150500-001-140724825183112-7, no quotes for ETHUSDT-PERP.BINANCE[0m
[1m2026-01-07T18:22:00.000000000Z[0m [1;33m[WARN] TRADER-001.nautilus_common::cache: Cannot calculate unrealized PnL for P-20260107-150500-001-140724825183112-7, no quotes for ETHUSDT-PERP.BINANCE[0m
[1m2026-01-07T18:22:10.000000000Z[0m [1;33m[WARN] TRADER-001.nautilus_common::cache: Cannot calculate unrealized PnL for P-20260107-150500-001-140724825183112-7, no quotes for ETHUSDT-PERP.BINANCE[0m
[1m2026-01-07T18:22:20.000000000Z[0m [1;33m[WARN] TRADER-001.nautilus_common::cache: Cannot calculate unrealized PnL for P-20260107-150500-001-140724825183112-7, no quotes for ETHUSDT-PERP.BINANCE[0m
[1m2026-01-07T18:22:30.000000000Z[0m [1;33m[WARN] TRADER-001.nautilus_common::cache: Cannot calculate unrealized PnL for P-20260107-150500-001-140724825183112-7, no quotes for ETHUSDT-PERP.BINANCE[0m
[1m2026-01-07T18:22:40.000000000Z[0m [1;33m[WARN] TRADER-001.nautilus_common::cache: Cannot calculate unrealized PnL for P-20260107-150500-001-140724825183112-7, no quotes for ETHUSDT-PERP.BINANCE[0m
[1m2026-01-07T18:22:50.000000000Z[0m [1;33m[WARN] TRADER-001.nautilus_common::cache: Cannot calculate unrealized PnL for P-20260107-150500-001-140724825183112-7, no quotes for ETHUSDT-PERP.BINANCE[0m
[1m2026-01-07T18:22:59.999000000Z[0m [1;33m[WARN] TRADER-001.nautilus_common::cache: Cannot calculate unrealized PnL for P-20260107-150500-001-140724825183112-7, no quotes for ETHUSDT-PERP.BINANCE[0m
[1m2026-01-07T18:23:00.000000000Z[0m [1;33m[WARN] TRADER-001.nautilus_common::cache: Cannot calculate unrealized PnL for P-20260107-150500-001-140724825183112-7, no quotes for ETHUSDT-PERP.BINANCE[0m
[1m2026-01-07T18:23:10.000000000Z[0m [1;33m[WARN] TRADER-001.nautilus_common::cache: Cannot calculate unrealized PnL for P-20260107-150500-001-140724825183112-7, no quotes for ETHUSDT-PERP.BINANCE[0m
[1m2026-01-07T18:23:20.000000000Z[0m [1;33m[WARN] TRADER-001.nautilus_common::cache: Cannot calculate unrealized PnL for P-20260107-150500-001-140724825183112-7, no quotes for ETHUSDT-PERP.BINANCE[0m
[1m2026-01-07T18:23:30.000000000Z[0m [1;33m[WARN] TRADER-001.nautilus_common::cache: Cannot calculate unrealized PnL for P-20260107-150500-001-140724825183112-7, no quotes for ETHUSDT-PERP.BINANCE[0m
[1m2026-01-07T18:23:40.000000000Z[0m [1;33m[WARN] TRADER-001.nautilus_common::cache: Cannot calculate unrealized PnL for P-20260107-150500-001-140724825183112-7, no quotes for ETHUSDT-PERP.BINANCE[0m
[1m2026-01-07T18:23:50.000000000Z[0m [1;33m[WARN] TRADER-001.nautilus_common::cache: Cannot calculate unrealized PnL for P-20260107-150500-001-140724825183112-7, no quotes for ETHUSDT-PERP.BINANCE[0m
[1m2026-01-07T18:23:59.999000000Z[0m [1;33m[WARN] TRADER-001.nautilus_common::cache: Cannot calculate unrealized PnL for P-20260107-150500-001-140724825183112-7, no quotes for ETHUSDT-PERP.BINANCE[0m
[1m2026-01-07T18:24:00.000000000Z[0m [1;33m[WARN] TRADER-001.nautilus_common::cache: Cannot calculate unrealized PnL for P-20260107-150500-001-140724825183112-7, no quotes for ETHUSDT-PERP.BINANCE[0m
[1m2026-01-07T18:24:10.000000000Z[0m [1;33m[WARN] TRADER-001.nautilus_common::cache: Cannot calculate unrealized PnL for P-20260107-150500-001-140724825183112-7, no quotes for ETHUSDT-PERP.BINANCE[0m
[1m2026-01-07T18:24:20.000000000Z[0m [1;33m[WARN] TRADER-001.nautilus_common::cache: Cannot calculate unrealized PnL for P-20260107-150500-001-140724825183112-7, no quotes for ETHUSDT-PERP.BINANCE[0m
[1m2026-01-07T18:24:30.000000000Z[0m [1;33m[WARN] TRADER-001.nautilus_common::cache: Cannot calculate unrealized PnL for P-20260107-150500-001-140724825183112-7, no quotes for ETHUSDT-PERP.BINANCE[0m
[1m2026-01-07T18:24:40.000000000Z[0m [1;33m[WARN] TRADER-001.nautilus_common::cache: Cannot calculate unrealized PnL for P-20260107-150500-001-140724825183112-7, no quotes for ETHUSDT-PERP.BINANCE[0m
[1m2026-01-07T18:24:50.000000000Z[0m [1;33m[WARN] TRADER-001.nautilus_common::cache: Cannot calculate unrealized PnL for P-20260107-150500-001-140724825183112-7, no quotes for ETHUSDT-PERP.BINANCE[0m
[1m2026-01-07T18:24:59.999000000Z[0m [1;33m[WARN] TRADER-001.nautilus_common::cache: Cannot calculate unrealized PnL for P-20260107-150500-001-140724825183112-7, no quotes for ETHUSDT-PERP.BINANCE[0m
[1m2026-01-07T18:25:00.000000000Z[0m [1;33m[WARN] TRADER-001.nautilus_common::cache: Cannot calculate unrealized PnL for P-20260107-150500-001-140724825183112-7, no quotes for ETHUSDT-PERP.BINANCE[0m
[1m2026-01-07T18:25:10.000000000Z[0m [1;33m[WARN] TRADER-001.nautilus_common::cache: Cannot calculate unrealized PnL for P-20260107-150500-001-140724825183112-7, no quotes for ETHUSDT-PERP.BINANCE[0m
[1m2026-01-07T18:25:20.000000000Z[0m [1;33m[WARN] TRADER-001.nautilus_common::cache: Cannot calculate unrealized PnL for P-20260107-150500-001-140724825183112-7, no quotes for ETHUSDT-PERP.BINANCE[0m
[1m2026-01-07T18:25:30.000000000Z[0m [1;33m[WARN] TRADER-001.nautilus_common::cache: Cannot calculate unrealized PnL for P-20260107-150500-001-140724825183112-7, no quotes for ETHUSDT-PERP.BINANCE[0m
[1m2026-01-07T18:25:40.000000000Z[0m [1;33m[WARN] TRADER-001.nautilus_common::cache: Cannot calculate unrealized PnL for P-20260107-150500-001-140724825183112-7, no quotes for ETHUSDT-PERP.BINANCE[0m
[1m2026-01-07T18:25:50.000000000Z[0m [1;33m[WARN] TRADER-001.nautilus_common::cache: Cannot calculate unrealized PnL for P-20260107-150500-001-140724825183112-7, no quotes for ETHUSDT-PERP.BINANCE[0m
[1m2026-01-07T18:25:59.999000000Z[0m [1;33m[WARN] TRADER-001.nautilus_common::cache: Cannot calculate unrealized PnL for P-20260107-150500-001-140724825183112-7, no quotes for ETHUSDT-PERP.BINANCE[0m
[1m2026-01-07T18:26:00.000000000Z[0m [1;33m[WARN] TRADER-001.nautilus_common::cache: Cannot calculate unrealized PnL for P-20260107-150500-001-140724825183112-7, no quotes for ETHUSDT-PERP.BINANCE[0m
[1m2026-01-07T18:26:10.000000000Z[0m [1;33m[WARN] TRADER-001.nautilus_common::cache: Cannot calculate unrealized PnL for P-20260107-150500-001-140724825183112-7, no quotes for ETHUSDT-PERP.BINANCE[0m
[1m2026-01-07T18:26:20.000000000Z[0m [1;33m[WARN] TRADER-001.nautilus_common::cache: Cannot calculate unrealized PnL for P-20260107-150500-001-140724825183112-7, no quotes for ETHUSDT-PERP.BINANCE[0m
[1m2026-01-07T18:26:30.000000000Z[0m [1;33m[WARN] TRADER-001.nautilus_common::cache: Cannot calculate unrealized PnL for P-20260107-150500-001-140724825183112-7, no quotes for ETHUSDT-PERP.BINANCE[0m
[1m2026-01-07T18:26:40.000000000Z[0m [1;33m[WARN] TRADER-001.nautilus_common::cache: Cannot calculate unrealized PnL for P-20260107-150500-001-140724825183112-7, no quotes for ETHUSDT-PERP.BINANCE[0m
[1m2026-01-07T18:26:50.000000000Z[0m [1;33m[WARN] TRADER-001.nautilus_common::cache: Cannot calculate unrealized PnL for P-20260107-150500-001-140724825183112-7, no quotes for ETHUSDT-PERP.BINANCE[0m
[1m2026-01-07T18:26:59.999000000Z[0m [1;33m[WARN] TRADER-001.nautilus_common::cache: Cannot calculate unrealized PnL for P-20260107-150500-001-140724825183112-7, no quotes for ETHUSDT-PERP.BINANCE[0m
[1m2026-01-07T18:27:00.000000000Z[0m [1;33m[WARN] TRADER-001.nautilus_common::cache: Cannot calculate unrealized PnL for P-20260107-150500-001-140724825183112-7, no quotes for ETHUSDT-PERP.BINANCE[0m
[1m2026-01-07T18:27:10.000000000Z[0m [1;33m[WARN] TRADER-001.nautilus_common::cache: Cannot calculate unrealized PnL for P-20260107-150500-001-140724825183112-7, no quotes for ETHUSDT-PERP.BINANCE[0m
[1m2026-01-07T18:27:20.000000000Z[0m [1;33m[WARN] TRADER-001.nautilus_common::cache: Cannot calculate unrealized PnL for P-20260107-150500-001-140724825183112-7, no quotes for ETHUSDT-PERP.BINANCE[0m
[1m2026-01-07T18:27:30.000000000Z[0m [1;33m[WARN] TRADER-001.nautilus_common::cache: Cannot calculate unrealized PnL for P-20260107-150500-001-140724825183112-7, no quotes for ETHUSDT-PERP.BINANCE[0m
[1m2026-01-07T18:27:40.000000000Z[0m [1;33m[WARN] TRADER-001.nautilus_common::cache: Cannot calculate unrealized PnL for P-20260107-150500-001-140724825183112-7, no quotes for ETHUSDT-PERP.BINANCE[0m
[1m2026-01-07T18:27:50.000000000Z[0m [1;33m[WARN] TRADER-001.nautilus_common::cache: Cannot calculate unrealized PnL for P-20260107-150500-001-140724825183112-7, no quotes for ETHUSDT-PERP.BINANCE[0m
[1m2026-01-07T18:27:59.999000000Z[0m [1;33m[WARN] TRADER-001.nautilus_common::cache: Cannot calculate unrealized PnL for P-20260107-150500-001-140724825183112-7, no quotes for ETHUSDT-PERP.BINANCE[0m
[1m2026-01-07T18:28:00.000000000Z[0m [1;33m[WARN] TRADER-001.nautilus_common::cache: Cannot calculate unrealized PnL for P-20260107-150500-001-140724825183112-7, no quotes for ETHUSDT-PERP.BINANCE[0m
[1m2026-01-07T18:28:10.000000000Z[0m [1;33m[WARN] TRADER-001.nautilus_common::cache: Cannot calculate unrealized PnL for P-20260107-150500-001-140724825183112-7, no quotes for ETHUSDT-PERP.BINANCE[0m
[1m2026-01-07T18:28:20.000000000Z[0m [1;33m[WARN] TRADER-001.nautilus_common::cache: Cannot calculate unrealized PnL for P-20260107-150500-001-140724825183112-7, no quotes for ETHUSDT-PERP.BINANCE[0m
[1m2026-01-07T18:28:30.000000000Z[0m [1;33m[WARN] TRADER-001.nautilus_common::cache: Cannot calculate unrealized PnL for P-20260107-150500-001-140724825183112-7, no quotes for ETHUSDT-PERP.BINANCE[0m
[1m2026-01-07T18:28:40.000000000Z[0m [1;33m[WARN] TRADER-001.nautilus_common::cache: Cannot calculate unrealized PnL for P-20260107-150500-001-140724825183112-7, no quotes for ETHUSDT-PERP.BINANCE[0m
[1m2026-01-07T18:28:50.000000000Z[0m [1;33m[WARN] TRADER-001.nautilus_common::cache: Cannot calculate unrealized PnL for P-20260107-150500-001-140724825183112-7, no quotes for ETHUSDT-PERP.BINANCE[0m
[1m2026-01-07T18:28:59.999000000Z[0m [1;33m[WARN] TRADER-001.nautilus_common::cache: Cannot calculate unrealized PnL for P-20260107-150500-001-140724825183112-7, no quotes for ETHUSDT-PERP.BINANCE[0m
[1m2026-01-07T18:29:00.000000000Z[0m [1;33m[WARN] TRADER-001.nautilus_common::cache: Cannot calculate unrealized PnL for P-20260107-150500-001-140724825183112-7, no quotes for ETHUSDT-PERP.BINANCE[0m
[1m2026-01-07T18:29:10.000000000Z[0m [1;33m[WARN] TRADER-001.nautilus_common::cache: Cannot calculate unrealized PnL for P-20260107-150500-001-140724825183112-7, no quotes for ETHUSDT-PERP.BINANCE[0m
[1m2026-01-07T18:29:20.000000000Z[0m [1;33m[WARN] TRADER-001.nautilus_common::cache: Cannot calculate unrealized PnL for P-20260107-150500-001-140724825183112-7, no quotes for ETHUSDT-PERP.BINANCE[0m
[1m2026-01-07T18:29:30.000000000Z[0m [1;33m[WARN] TRADER-001.nautilus_common::cache: Cannot calculate unrealized PnL for P-20260107-150500-001-140724825183112-7, no quotes for ETHUSDT-PERP.BINANCE[0m
[1m2026-01-07T18:29:40.000000000Z[0m [1;33m[WARN] TRADER-001.nautilus_common::cache: Cannot calculate unrealized PnL for P-20260107-150500-001-140724825183112-7, no quotes for ETHUSDT-PERP.BINANCE[0m
[1m2026-01-07T18:29:50.000000000Z[0m [1;33m[WARN] TRADER-001.nautilus_common::cache: Cannot calculate unrealized PnL for P-20260107-150500-001-140724825183112-7, no quotes for ETHUSDT-PERP.BINANCE[0m
[1m2026-01-07T18:29:59.999000000Z[0m [1;33m[WARN] TRADER-001.nautilus_common::cache: Cannot calculate unrealized PnL for P-20260107-150500-001-140724825183112-7, no quotes for ETHUSDT-PERP.BINANCE[0m
[1m2026-01-07T18:30:00.000000000Z[0m [1;33m[WARN] TRADER-001.nautilus_common::cache: Cannot calculate unrealized PnL for P-20260107-150500-001-140724825183112-7, no quotes for ETHUSDT-PERP.BINANCE[0m
[1m2026-01-07T18:30:10.000000000Z[0m [1;33m[WARN] TRADER-001.nautilus_common::cache: Cannot calculate unrealized PnL for P-20260107-150500-001-140724825183112-7, no quotes for ETHUSDT-PERP.BINANCE[0m
[1m2026-01-07T18:30:20.000000000Z[0m [1;33m[WARN] TRADER-001.nautilus_common::cache: Cannot calculate unrealized PnL for P-20260107-150500-001-140724825183112-7, no quotes for ETHUSDT-PERP.BINANCE[0m
[1m2026-01-07T18:30:30.000000000Z[0m [1;33m[WARN] TRADER-001.nautilus_common::cache: Cannot calculate unrealized PnL for P-20260107-150500-001-140724825183112-7, no quotes for ETHUSDT-PERP.BINANCE[0m
[1m2026-01-07T18:30:40.000000000Z[0m [1;33m[WARN] TRADER-001.nautilus_common::cache: Cannot calculate unrealized PnL for P-20260107-150500-001-140724825183112-7, no quotes for ETHUSDT-PERP.BINANCE[0m
[1m2026-01-07T18:30:50.000000000Z[0m [1;33m[WARN] TRADER-001.nautilus_common::cache: Cannot calculate unrealized PnL for P-20260107-150500-001-140724825183112-7, no quotes for ETHUSDT-PERP.BINANCE[0m
[1m2026-01-07T18:30:59.999000000Z[0m [1;33m[WARN] TRADER-001.nautilus_common::cache: Cannot calculate unrealized PnL for P-20260107-150500-001-140724825183112-7, no quotes for ETHUSDT-PERP.BINANCE[0m
[1m2026-01-07T18:31:00.000000000Z[0m [1;33m[WARN] TRADER-001.nautilus_common::cache: Cannot calculate unrealized PnL for P-20260107-150500-001-140724825183112-7, no quotes for ETHUSDT-PERP.BINANCE[0m
[1m2026-01-07T18:31:10.000000000Z[0m [1;33m[WARN] TRADER-001.nautilus_common::cache: Cannot calculate unrealized PnL for P-20260107-150500-001-140724825183112-7, no quotes for ETHUSDT-PERP.BINANCE[0m
[1m2026-01-07T18:31:20.000000000Z[0m [1;33m[WARN] TRADER-001.nautilus_common::cache: Cannot calculate unrealized PnL for P-20260107-150500-001-140724825183112-7, no quotes for ETHUSDT-PERP.BINANCE[0m
[1m2026-01-07T18:31:30.000000000Z[0m [1;33m[WARN] TRADER-001.nautilus_common::cache: Cannot calculate unrealized PnL for P-20260107-150500-001-140724825183112-7, no quotes for ETHUSDT-PERP.BINANCE[0m
[1m2026-01-07T18:31:40.000000000Z[0m [1;33m[WARN] TRADER-001.nautilus_common::cache: Cannot calculate unrealized PnL for P-20260107-150500-001-140724825183112-7, no quotes for ETHUSDT-PERP.BINANCE[0m
[1m2026-01-07T18:31:50.000000000Z[0m [1;33m[WARN] TRADER-001.nautilus_common::cache: Cannot calculate unrealized PnL for P-20260107-150500-001-140724825183112-7, no quotes for ETHUSDT-PERP.BINANCE[0m
[1m2026-01-07T18:31:59.999000000Z[0m [1;33m[WARN] TRADER-001.nautilus_common::cache: Cannot calculate unrealized PnL for P-20260107-150500-001-140724825183112-7, no quotes for ETHUSDT-PERP.BINANCE[0m
[1m2026-01-07T18:32:00.000000000Z[0m [1;33m[WARN] TRADER-001.nautilus_common::cache: Cannot calculate unrealized PnL for P-20260107-150500-001-140724825183112-7, no quotes for ETHUSDT-PERP.BINANCE[0m
[1m2026-01-07T18:32:10.000000000Z[0m [1;33m[WARN] TRADER-001.nautilus_common::cache: Cannot calculate unrealized PnL for P-20260107-150500-001-140724825183112-7, no quotes for ETHUSDT-PERP.BINANCE[0m
[1m2026-01-07T18:32:20.000000000Z[0m [1;33m[WARN] TRADER-001.nautilus_common::cache: Cannot calculate unrealized PnL for P-20260107-150500-001-140724825183112-7, no quotes for ETHUSDT-PERP.BINANCE[0m
[1m2026-01-07T18:32:30.000000000Z[0m [1;33m[WARN] TRADER-001.nautilus_common::cache: Cannot calculate unrealized PnL for P-20260107-150500-001-140724825183112-7, no quotes for ETHUSDT-PERP.BINANCE[0m
[1m2026-01-07T18:32:40.000000000Z[0m [1;33m[WARN] TRADER-001.nautilus_common::cache: Cannot calculate unrealized PnL for P-20260107-150500-001-140724825183112-7, no quotes for ETHUSDT-PERP.BINANCE[0m
[1m2026-01-07T18:32:50.000000000Z[0m [1;33m[WARN] TRADER-001.nautilus_common::cache: Cannot calculate unrealized PnL for P-20260107-150500-001-140724825183112-7, no quotes for ETHUSDT-PERP.BINANCE[0m
[1m2026-01-07T18:32:59.999000000Z[0m [1;33m[WARN] TRADER-001.nautilus_common::cache: Cannot calculate unrealized PnL for P-20260107-150500-001-140724825183112-7, no quotes for ETHUSDT-PERP.BINANCE[0m
[1m2026-01-07T18:33:00.000000000Z[0m [1;33m[WARN] TRADER-001.nautilus_common::cache: Cannot calculate unrealized PnL for P-20260107-150500-001-140724825183112-7, no quotes for ETHUSDT-PERP.BINANCE[0m
[1m2026-01-07T18:33:10.000000000Z[0m [1;33m[WARN] TRADER-001.nautilus_common::cache: Cannot calculate unrealized PnL for P-20260107-150500-001-140724825183112-7, no quotes for ETHUSDT-PERP.BINANCE[0m
[1m2026-01-07T18:33:20.000000000Z[0m [1;33m[WARN] TRADER-001.nautilus_common::cache: Cannot calculate unrealized PnL for P-20260107-150500-001-140724825183112-7, no quotes for ETHUSDT-PERP.BINANCE[0m
[1m2026-01-07T18:33:30.000000000Z[0m [1;33m[WARN] TRADER-001.nautilus_common::cache: Cannot calculate unrealized PnL for P-20260107-150500-001-140724825183112-7, no quotes for ETHUSDT-PERP.BINANCE[0m
[1m2026-01-07T18:33:40.000000000Z[0m [1;33m[WARN] TRADER-001.nautilus_common::cache: Cannot calculate unrealized PnL for P-20260107-150500-001-140724825183112-7, no quotes for ETHUSDT-PERP.BINANCE[0m
[1m2026-01-07T18:33:50.000000000Z[0m [1;33m[WARN] TRADER-001.nautilus_common::cache: Cannot calculate unrealized PnL for P-20260107-150500-001-140724825183112-7, no quotes for ETHUSDT-PERP.BINANCE[0m
[1m2026-01-07T18:33:59.999000000Z[0m [1;33m[WARN] TRADER-001.nautilus_common::cache: Cannot calculate unrealized PnL for P-20260107-150500-001-140724825183112-7, no quotes for ETHUSDT-PERP.BINANCE[0m
[1m2026-01-07T18:34:00.000000000Z[0m [1;33m[WARN] TRADER-001.nautilus_common::cache: Cannot calculate unrealized PnL for P-20260107-150500-001-140724825183112-7, no quotes for ETHUSDT-PERP.BINANCE[0m
[1m2026-01-07T18:34:10.000000000Z[0m [1;33m[WARN] TRADER-001.nautilus_common::cache: Cannot calculate unrealized PnL for P-20260107-150500-001-140724825183112-7, no quotes for ETHUSDT-PERP.BINANCE[0m
[1m2026-01-07T18:34:20.000000000Z[0m [1;33m[WARN] TRADER-001.nautilus_common::cache: Cannot calculate unrealized PnL for P-20260107-150500-001-140724825183112-7, no quotes for ETHUSDT-PERP.BINANCE[0m
[1m2026-01-07T18:34:30.000000000Z[0m [1;33m[WARN] TRADER-001.nautilus_common::cache: Cannot calculate unrealized PnL for P-20260107-150500-001-140724825183112-7, no quotes for ETHUSDT-PERP.BINANCE[0m
[1m2026-01-07T18:34:40.000000000Z[0m [1;33m[WARN] TRADER-001.nautilus_common::cache: Cannot calculate unrealized PnL for P-20260107-150500-001-140724825183112-7, no quotes for ETHUSDT-PERP.BINANCE[0m
[1m2026-01-07T18:34:50.000000000Z[0m [1;33m[WARN] TRADER-001.nautilus_common::cache: Cannot calculate unrealized PnL for P-20260107-150500-001-140724825183112-7, no quotes for ETHUSDT-PERP.BINANCE[0m
[1m2026-01-07T18:34:59.999000000Z[0m [1;33m[WARN] TRADER-001.nautilus_common::cache: Cannot calculate unrealized PnL for P-20260107-150500-001-140724825183112-7, no quotes for ETHUSDT-PERP.BINANCE[0m
[1m2026-01-07T18:35:00.000000000Z[0m [1;33m[WARN] TRADER-001.nautilus_common::cache: Cannot calculate unrealized PnL for P-20260107-150500-001-140724825183112-7, no quotes for ETHUSDT-PERP.BINANCE[0m
[1m2026-01-07T18:35:10.000000000Z[0m [1;33m[WARN] TRADER-001.nautilus_common::cache: Cannot calculate unrealized PnL for P-20260107-150500-001-140724825183112-7, no quotes for ETHUSDT-PERP.BINANCE[0m
[1m2026-01-07T18:35:20.000000000Z[0m [1;33m[WARN] TRADER-001.nautilus_common::cache: Cannot calculate unrealized PnL for P-20260107-150500-001-140724825183112-7, no quotes for ETHUSDT-PERP.BINANCE[0m
[1m2026-01-07T18:35:30.000000000Z[0m [1;33m[WARN] TRADER-001.nautilus_common::cache: Cannot calculate unrealized PnL for P-20260107-150500-001-140724825183112-7, no quotes for ETHUSDT-PERP.BINANCE[0m
[1m2026-01-07T18:35:40.000000000Z[0m [1;33m[WARN] TRADER-001.nautilus_common::cache: Cannot calculate unrealized PnL for P-20260107-150500-001-140724825183112-7, no quotes for ETHUSDT-PERP.BINANCE[0m
[1m2026-01-07T18:35:50.000000000Z[0m [1;33m[WARN] TRADER-001.nautilus_common::cache: Cannot calculate unrealized PnL for P-20260107-150500-001-140724825183112-7, no quotes for ETHUSDT-PERP.BINANCE[0m
[1m2026-01-07T18:35:59.999000000Z[0m [1;33m[WARN] TRADER-001.nautilus_common::cache: Cannot calculate unrealized PnL for P-20260107-150500-001-140724825183112-7, no quotes for ETHUSDT-PERP.BINANCE[0m
[1m2026-01-07T18:36:00.000000000Z[0m [1;33m[WARN] TRADER-001.nautilus_common::cache: Cannot calculate unrealized PnL for P-20260107-150500-001-140724825183112-7, no quotes for ETHUSDT-PERP.BINANCE[0m
[1m2026-01-07T18:36:10.000000000Z[0m [1;33m[WARN] TRADER-001.nautilus_common::cache: Cannot calculate unrealized PnL for P-20260107-150500-001-140724825183112-7, no quotes for ETHUSDT-PERP.BINANCE[0m
[1m2026-01-07T18:36:20.000000000Z[0m [1;33m[WARN] TRADER-001.nautilus_common::cache: Cannot calculate unrealized PnL for P-20260107-150500-001-140724825183112-7, no quotes for ETHUSDT-PERP.BINANCE[0m
[1m2026-01-07T18:36:30.000000000Z[0m [1;33m[WARN] TRADER-001.nautilus_common::cache: Cannot calculate unrealized PnL for P-20260107-150500-001-140724825183112-7, no quotes for ETHUSDT-PERP.BINANCE[0m
[1m2026-01-07T18:36:40.000000000Z[0m [1;33m[WARN] TRADER-001.nautilus_common::cache: Cannot calculate unrealized PnL for P-20260107-150500-001-140724825183112-7, no quotes for ETHUSDT-PERP.BINANCE[0m
[1m2026-01-07T18:36:50.000000000Z[0m [1;33m[WARN] TRADER-001.nautilus_common::cache: Cannot calculate unrealized PnL for P-20260107-150500-001-140724825183112-7, no quotes for ETHUSDT-PERP.BINANCE[0m
[1m2026-01-07T18:36:59.999000000Z[0m [1;33m[WARN] TRADER-001.nautilus_common::cache: Cannot calculate unrealized PnL for P-20260107-150500-001-140724825183112-7, no quotes for ETHUSDT-PERP.BINANCE[0m
[1m2026-01-07T18:37:00.000000000Z[0m [1;33m[WARN] TRADER-001.nautilus_common::cache: Cannot calculate unrealized PnL for P-20260107-150500-001-140724825183112-7, no quotes for ETHUSDT-PERP.BINANCE[0m
[1m2026-01-07T18:37:10.000000000Z[0m [1;33m[WARN] TRADER-001.nautilus_common::cache: Cannot calculate unrealized PnL for P-20260107-150500-001-140724825183112-7, no quotes for ETHUSDT-PERP.BINANCE[0m
[1m2026-01-07T18:37:20.000000000Z[0m [1;33m[WARN] TRADER-001.nautilus_common::cache: Cannot calculate unrealized PnL for P-20260107-150500-001-140724825183112-7, no quotes for ETHUSDT-PERP.BINANCE[0m
[1m2026-01-07T18:37:30.000000000Z[0m [1;33m[WARN] TRADER-001.nautilus_common::cache: Cannot calculate unrealized PnL for P-20260107-150500-001-140724825183112-7, no quotes for ETHUSDT-PERP.BINANCE[0m
[1m2026-01-07T18:37:40.000000000Z[0m [1;33m[WARN] TRADER-001.nautilus_common::cache: Cannot calculate unrealized PnL for P-20260107-150500-001-140724825183112-7, no quotes for ETHUSDT-PERP.BINANCE[0m
[1m2026-01-07T18:37:50.000000000Z[0m [1;33m[WARN] TRADER-001.nautilus_common::cache: Cannot calculate unrealized PnL for P-20260107-150500-001-140724825183112-7, no quotes for ETHUSDT-PERP.BINANCE[0m
[1m2026-01-07T18:37:59.999000000Z[0m [1;33m[WARN] TRADER-001.nautilus_common::cache: Cannot calculate unrealized PnL for P-20260107-150500-001-140724825183112-7, no quotes for ETHUSDT-PERP.BINANCE[0m
[1m2026-01-07T18:38:00.000000000Z[0m [1;33m[WARN] TRADER-001.nautilus_common::cache: Cannot calculate unrealized PnL for P-20260107-150500-001-140724825183112-7, no quotes for ETHUSDT-PERP.BINANCE[0m
[1m2026-01-07T18:38:10.000000000Z[0m [1;33m[WARN] TRADER-001.nautilus_common::cache: Cannot calculate unrealized PnL for P-20260107-150500-001-140724825183112-7, no quotes for ETHUSDT-PERP.BINANCE[0m
[1m2026-01-07T18:38:20.000000000Z[0m [1;33m[WARN] TRADER-001.nautilus_common::cache: Cannot calculate unrealized PnL for P-20260107-150500-001-140724825183112-7, no quotes for ETHUSDT-PERP.BINANCE[0m
[1m2026-01-07T18:38:30.000000000Z[0m [1;33m[WARN] TRADER-001.nautilus_common::cache: Cannot calculate unrealized PnL for P-20260107-150500-001-140724825183112-7, no quotes for ETHUSDT-PERP.BINANCE[0m
[1m2026-01-07T18:38:40.000000000Z[0m [1;33m[WARN] TRADER-001.nautilus_common::cache: Cannot calculate unrealized PnL for P-20260107-150500-001-140724825183112-7, no quotes for ETHUSDT-PERP.BINANCE[0m
[1m2026-01-07T18:38:50.000000000Z[0m [1;33m[WARN] TRADER-001.nautilus_common::cache: Cannot calculate unrealized PnL for P-20260107-150500-001-140724825183112-7, no quotes for ETHUSDT-PERP.BINANCE[0m
[1m2026-01-07T18:38:59.999000000Z[0m [1;33m[WARN] TRADER-001.nautilus_common::cache: Cannot calculate unrealized PnL for P-20260107-150500-001-140724825183112-7, no quotes for ETHUSDT-PERP.BINANCE[0m
[1m2026-01-07T18:39:00.000000000Z[0m [1;33m[WARN] TRADER-001.nautilus_common::cache: Cannot calculate unrealized PnL for P-20260107-150500-001-140724825183112-7, no quotes for ETHUSDT-PERP.BINANCE[0m
[1m2026-01-07T18:39:10.000000000Z[0m [1;33m[WARN] TRADER-001.nautilus_common::cache: Cannot calculate unrealized PnL for P-20260107-150500-001-140724825183112-7, no quotes for ETHUSDT-PERP.BINANCE[0m
[1m2026-01-07T18:39:20.000000000Z[0m [1;33m[WARN] TRADER-001.nautilus_common::cache: Cannot calculate unrealized PnL for P-20260107-150500-001-140724825183112-7, no quotes for ETHUSDT-PERP.BINANCE[0m
[1m2026-01-07T18:39:30.000000000Z[0m [1;33m[WARN] TRADER-001.nautilus_common::cache: Cannot calculate unrealized PnL for P-20260107-150500-001-140724825183112-7, no quotes for ETHUSDT-PERP.BINANCE[0m
[1m2026-01-07T18:39:40.000000000Z[0m [1;33m[WARN] TRADER-001.nautilus_common::cache: Cannot calculate unrealized PnL for P-20260107-150500-001-140724825183112-7, no quotes for ETHUSDT-PERP.BINANCE[0m
[1m2026-01-07T18:39:50.000000000Z[0m [1;33m[WARN] TRADER-001.nautilus_common::cache: Cannot calculate unrealized PnL for P-20260107-150500-001-140724825183112-7, no quotes for ETHUSDT-PERP.BINANCE[0m
[1m2026-01-07T18:39:59.999000000Z[0m [1;33m[WARN] TRADER-001.nautilus_common::cache: Cannot calculate unrealized PnL for P-20260107-150500-001-140724825183112-7, no quotes for ETHUSDT-PERP.BINANCE[0m
[1m2026-01-07T18:40:00.000000000Z[0m [1;33m[WARN] TRADER-001.nautilus_common::cache: Cannot calculate unrealized PnL for P-20260107-150500-001-140724825183112-7, no quotes for ETHUSDT-PERP.BINANCE[0m
[1m2026-01-07T18:40:10.000000000Z[0m [1;33m[WARN] TRADER-001.nautilus_common::cache: Cannot calculate unrealized PnL for P-20260107-150500-001-140724825183112-7, no quotes for ETHUSDT-PERP.BINANCE[0m
[1m2026-01-07T18:40:20.000000000Z[0m [1;33m[WARN] TRADER-001.nautilus_common::cache: Cannot calculate unrealized PnL for P-20260107-150500-001-140724825183112-7, no quotes for ETHUSDT-PERP.BINANCE[0m
[1m2026-01-07T18:40:30.000000000Z[0m [1;33m[WARN] TRADER-001.nautilus_common::cache: Cannot calculate unrealized PnL for P-20260107-150500-001-140724825183112-7, no quotes for ETHUSDT-PERP.BINANCE[0m
[1m2026-01-07T18:40:40.000000000Z[0m [1;33m[WARN] TRADER-001.nautilus_common::cache: Cannot calculate unrealized PnL for P-20260107-150500-001-140724825183112-7, no quotes for ETHUSDT-PERP.BINANCE[0m
[1m2026-01-07T18:40:50.000000000Z[0m [1;33m[WARN] TRADER-001.nautilus_common::cache: Cannot calculate unrealized PnL for P-20260107-150500-001-140724825183112-7, no quotes for ETHUSDT-PERP.BINANCE[0m
[1m2026-01-07T18:40:59.999000000Z[0m [1;33m[WARN] TRADER-001.nautilus_common::cache: Cannot calculate unrealized PnL for P-20260107-150500-001-140724825183112-7, no quotes for ETHUSDT-PERP.BINANCE[0m
[1m2026-01-07T18:41:00.000000000Z[0m [1;33m[WARN] TRADER-001.nautilus_common::cache: Cannot calculate unrealized PnL for P-20260107-150500-001-140724825183112-7, no quotes for ETHUSDT-PERP.BINANCE[0m
[1m2026-01-07T18:41:10.000000000Z[0m [1;33m[WARN] TRADER-001.nautilus_common::cache: Cannot calculate unrealized PnL for P-20260107-150500-001-140724825183112-7, no quotes for ETHUSDT-PERP.BINANCE[0m
[1m2026-01-07T18:41:20.000000000Z[0m [1;33m[WARN] TRADER-001.nautilus_common::cache: Cannot calculate unrealized PnL for P-20260107-150500-001-140724825183112-7, no quotes for ETHUSDT-PERP.BINANCE[0m
[1m2026-01-07T18:41:30.000000000Z[0m [1;33m[WARN] TRADER-001.nautilus_common::cache: Cannot calculate unrealized PnL for P-20260107-150500-001-140724825183112-7, no quotes for ETHUSDT-PERP.BINANCE[0m
[1m2026-01-07T18:41:40.000000000Z[0m [1;33m[WARN] TRADER-001.nautilus_common::cache: Cannot calculate unrealized PnL for P-20260107-150500-001-140724825183112-7, no quotes for ETHUSDT-PERP.BINANCE[0m
[1m2026-01-07T18:41:50.000000000Z[0m [1;33m[WARN] TRADER-001.nautilus_common::cache: Cannot calculate unrealized PnL for P-20260107-150500-001-140724825183112-7, no quotes for ETHUSDT-PERP.BINANCE[0m
[1m2026-01-07T18:41:59.999000000Z[0m [1;33m[WARN] TRADER-001.nautilus_common::cache: Cannot calculate unrealized PnL for P-20260107-150500-001-140724825183112-7, no quotes for ETHUSDT-PERP.BINANCE[0m
[1m2026-01-07T18:42:00.000000000Z[0m [1;33m[WARN] TRADER-001.nautilus_common::cache: Cannot calculate unrealized PnL for P-20260107-150500-001-140724825183112-7, no quotes for ETHUSDT-PERP.BINANCE[0m
[1m2026-01-07T18:42:10.000000000Z[0m [1;33m[WARN] TRADER-001.nautilus_common::cache: Cannot calculate unrealized PnL for P-20260107-150500-001-140724825183112-7, no quotes for ETHUSDT-PERP.BINANCE[0m
[1m2026-01-07T18:42:20.000000000Z[0m [1;33m[WARN] TRADER-001.nautilus_common::cache: Cannot calculate unrealized PnL for P-20260107-150500-001-140724825183112-7, no quotes for ETHUSDT-PERP.BINANCE[0m
[1m2026-01-07T18:42:30.000000000Z[0m [1;33m[WARN] TRADER-001.nautilus_common::cache: Cannot calculate unrealized PnL for P-20260107-150500-001-140724825183112-7, no quotes for ETHUSDT-PERP.BINANCE[0m
[1m2026-01-07T18:42:40.000000000Z[0m [1;33m[WARN] TRADER-001.nautilus_common::cache: Cannot calculate unrealized PnL for P-20260107-150500-001-140724825183112-7, no quotes for ETHUSDT-PERP.BINANCE[0m
[1m2026-01-07T18:42:50.000000000Z[0m [1;33m[WARN] TRADER-001.nautilus_common::cache: Cannot calculate unrealized PnL for P-20260107-150500-001-140724825183112-7, no quotes for ETHUSDT-PERP.BINANCE[0m
[1m2026-01-07T18:42:59.999000000Z[0m [1;33m[WARN] TRADER-001.nautilus_common::cache: Cannot calculate unrealized PnL for P-20260107-150500-001-140724825183112-7, no quotes for ETHUSDT-PERP.BINANCE[0m
[1m2026-01-07T18:43:00.000000000Z[0m [1;33m[WARN] TRADER-001.nautilus_common::cache: Cannot calculate unrealized PnL for P-20260107-150500-001-140724825183112-7, no quotes for ETHUSDT-PERP.BINANCE[0m
[1m2026-01-07T18:43:10.000000000Z[0m [1;33m[WARN] TRADER-001.nautilus_common::cache: Cannot calculate unrealized PnL for P-20260107-150500-001-140724825183112-7, no quotes for ETHUSDT-PERP.BINANCE[0m
[1m2026-01-07T18:43:20.000000000Z[0m [1;33m[WARN] TRADER-001.nautilus_common::cache: Cannot calculate unrealized PnL for P-20260107-150500-001-140724825183112-7, no quotes for ETHUSDT-PERP.BINANCE[0m
[1m2026-01-07T18:43:30.000000000Z[0m [1;33m[WARN] TRADER-001.nautilus_common::cache: Cannot calculate unrealized PnL for P-20260107-150500-001-140724825183112-7, no quotes for ETHUSDT-PERP.BINANCE[0m
[1m2026-01-07T18:43:40.000000000Z[0m [1;33m[WARN] TRADER-001.nautilus_common::cache: Cannot calculate unrealized PnL for P-20260107-150500-001-140724825183112-7, no quotes for ETHUSDT-PERP.BINANCE[0m
[1m2026-01-07T18:43:50.000000000Z[0m [1;33m[WARN] TRADER-001.nautilus_common::cache: Cannot calculate unrealized PnL for P-20260107-150500-001-140724825183112-7, no quotes for ETHUSDT-PERP.BINANCE[0m
[1m2026-01-07T18:43:59.999000000Z[0m [1;33m[WARN] TRADER-001.nautilus_common::cache: Cannot calculate unrealized PnL for P-20260107-150500-001-140724825183112-7, no quotes for ETHUSDT-PERP.BINANCE[0m
[1m2026-01-07T18:44:00.000000000Z[0m [1;33m[WARN] TRADER-001.nautilus_common::cache: Cannot calculate unrealized PnL for P-20260107-150500-001-140724825183112-7, no quotes for ETHUSDT-PERP.BINANCE[0m
[1m2026-01-07T18:44:10.000000000Z[0m [1;33m[WARN] TRADER-001.nautilus_common::cache: Cannot calculate unrealized PnL for P-20260107-150500-001-140724825183112-7, no quotes for ETHUSDT-PERP.BINANCE[0m
[1m2026-01-07T18:44:20.000000000Z[0m [1;33m[WARN] TRADER-001.nautilus_common::cache: Cannot calculate unrealized PnL for P-20260107-150500-001-140724825183112-7, no quotes for ETHUSDT-PERP.BINANCE[0m
[1m2026-01-07T18:44:30.000000000Z[0m [1;33m[WARN] TRADER-001.nautilus_common::cache: Cannot calculate unrealized PnL for P-20260107-150500-001-140724825183112-7, no quotes for ETHUSDT-PERP.BINANCE[0m
[1m2026-01-07T18:44:40.000000000Z[0m [1;33m[WARN] TRADER-001.nautilus_common::cache: Cannot calculate unrealized PnL for P-20260107-150500-001-140724825183112-7, no quotes for ETHUSDT-PERP.BINANCE[0m
[1m2026-01-07T18:44:50.000000000Z[0m [1;33m[WARN] TRADER-001.nautilus_common::cache: Cannot calculate unrealized PnL for P-20260107-150500-001-140724825183112-7, no quotes for ETHUSDT-PERP.BINANCE[0m
[1m2026-01-07T18:44:59.999000000Z[0m [1;33m[WARN] TRADER-001.nautilus_common::cache: Cannot calculate unrealized PnL for P-20260107-150500-001-140724825183112-7, no quotes for ETHUSDT-PERP.BINANCE[0m
[1m2026-01-07T18:45:00.000000000Z[0m [1;33m[WARN] TRADER-001.nautilus_common::cache: Cannot calculate unrealized PnL for P-20260107-150500-001-140724825183112-7, no quotes for ETHUSDT-PERP.BINANCE[0m
[1m2026-01-07T18:45:10.000000000Z[0m [1;33m[WARN] TRADER-001.nautilus_common::cache: Cannot calculate unrealized PnL for P-20260107-150500-001-140724825183112-7, no quotes for ETHUSDT-PERP.BINANCE[0m
[1m2026-01-07T18:45:20.000000000Z[0m [1;33m[WARN] TRADER-001.nautilus_common::cache: Cannot calculate unrealized PnL for P-20260107-150500-001-140724825183112-7, no quotes for ETHUSDT-PERP.BINANCE[0m
[1m2026-01-07T18:45:30.000000000Z[0m [1;33m[WARN] TRADER-001.nautilus_common::cache: Cannot calculate unrealized PnL for P-20260107-150500-001-140724825183112-7, no quotes for ETHUSDT-PERP.BINANCE[0m
[1m2026-01-07T18:45:40.000000000Z[0m [1;33m[WARN] TRADER-001.nautilus_common::cache: Cannot calculate unrealized PnL for P-20260107-150500-001-140724825183112-7, no quotes for ETHUSDT-PERP.BINANCE[0m
[1m2026-01-07T18:45:50.000000000Z[0m [1;33m[WARN] TRADER-001.nautilus_common::cache: Cannot calculate unrealized PnL for P-20260107-150500-001-140724825183112-7, no quotes for ETHUSDT-PERP.BINANCE[0m
[1m2026-01-07T18:45:59.999000000Z[0m [1;33m[WARN] TRADER-001.nautilus_common::cache: Cannot calculate unrealized PnL for P-20260107-150500-001-140724825183112-7, no quotes for ETHUSDT-PERP.BINANCE[0m
[1m2026-01-07T18:46:00.000000000Z[0m [1;33m[WARN] TRADER-001.nautilus_common::cache: Cannot calculate unrealized PnL for P-20260107-150500-001-140724825183112-7, no quotes for ETHUSDT-PERP.BINANCE[0m
[1m2026-01-07T18:46:10.000000000Z[0m [1;33m[WARN] TRADER-001.nautilus_common::cache: Cannot calculate unrealized PnL for P-20260107-150500-001-140724825183112-7, no quotes for ETHUSDT-PERP.BINANCE[0m
[1m2026-01-07T18:46:20.000000000Z[0m [1;33m[WARN] TRADER-001.nautilus_common::cache: Cannot calculate unrealized PnL for P-20260107-150500-001-140724825183112-7, no quotes for ETHUSDT-PERP.BINANCE[0m
[1m2026-01-07T18:46:30.000000000Z[0m [1;33m[WARN] TRADER-001.nautilus_common::cache: Cannot calculate unrealized PnL for P-20260107-150500-001-140724825183112-7, no quotes for ETHUSDT-PERP.BINANCE[0m
[1m2026-01-07T18:46:40.000000000Z[0m [1;33m[WARN] TRADER-001.nautilus_common::cache: Cannot calculate unrealized PnL for P-20260107-150500-001-140724825183112-7, no quotes for ETHUSDT-PERP.BINANCE[0m
[1m2026-01-07T18:46:50.000000000Z[0m [1;33m[WARN] TRADER-001.nautilus_common::cache: Cannot calculate unrealized PnL for P-20260107-150500-001-140724825183112-7, no quotes for ETHUSDT-PERP.BINANCE[0m
[1m2026-01-07T18:46:59.999000000Z[0m [1;33m[WARN] TRADER-001.nautilus_common::cache: Cannot calculate unrealized PnL for P-20260107-150500-001-140724825183112-7, no quotes for ETHUSDT-PERP.BINANCE[0m
[1m2026-01-07T18:47:00.000000000Z[0m [1;33m[WARN] TRADER-001.nautilus_common::cache: Cannot calculate unrealized PnL for P-20260107-150500-001-140724825183112-7, no quotes for ETHUSDT-PERP.BINANCE[0m
[1m2026-01-07T18:47:10.000000000Z[0m [1;33m[WARN] TRADER-001.nautilus_common::cache: Cannot calculate unrealized PnL for P-20260107-150500-001-140724825183112-7, no quotes for ETHUSDT-PERP.BINANCE[0m
[1m2026-01-07T18:47:20.000000000Z[0m [1;33m[WARN] TRADER-001.nautilus_common::cache: Cannot calculate unrealized PnL for P-20260107-150500-001-140724825183112-7, no quotes for ETHUSDT-PERP.BINANCE[0m
[1m2026-01-07T18:47:30.000000000Z[0m [1;33m[WARN] TRADER-001.nautilus_common::cache: Cannot calculate unrealized PnL for P-20260107-150500-001-140724825183112-7, no quotes for ETHUSDT-PERP.BINANCE[0m
[1m2026-01-07T18:47:40.000000000Z[0m [1;33m[WARN] TRADER-001.nautilus_common::cache: Cannot calculate unrealized PnL for P-20260107-150500-001-140724825183112-7, no quotes for ETHUSDT-PERP.BINANCE[0m
[1m2026-01-07T18:47:50.000000000Z[0m [1;33m[WARN] TRADER-001.nautilus_common::cache: Cannot calculate unrealized PnL for P-20260107-150500-001-140724825183112-7, no quotes for ETHUSDT-PERP.BINANCE[0m
[1m2026-01-07T18:47:59.999000000Z[0m [1;33m[WARN] TRADER-001.nautilus_common::cache: Cannot calculate unrealized PnL for P-20260107-150500-001-140724825183112-7, no quotes for ETHUSDT-PERP.BINANCE[0m
[1m2026-01-07T18:48:00.000000000Z[0m [1;33m[WARN] TRADER-001.nautilus_common::cache: Cannot calculate unrealized PnL for P-20260107-150500-001-140724825183112-7, no quotes for ETHUSDT-PERP.BINANCE[0m
[1m2026-01-07T18:48:10.000000000Z[0m [1;33m[WARN] TRADER-001.nautilus_common::cache: Cannot calculate unrealized PnL for P-20260107-150500-001-140724825183112-7, no quotes for ETHUSDT-PERP.BINANCE[0m
[1m2026-01-07T18:48:20.000000000Z[0m [1;33m[WARN] TRADER-001.nautilus_common::cache: Cannot calculate unrealized PnL for P-20260107-150500-001-140724825183112-7, no quotes for ETHUSDT-PERP.BINANCE[0m
[1m2026-01-07T18:48:30.000000000Z[0m [1;33m[WARN] TRADER-001.nautilus_common::cache: Cannot calculate unrealized PnL for P-20260107-150500-001-140724825183112-7, no quotes for ETHUSDT-PERP.BINANCE[0m
[1m2026-01-07T18:48:40.000000000Z[0m [1;33m[WARN] TRADER-001.nautilus_common::cache: Cannot calculate unrealized PnL for P-20260107-150500-001-140724825183112-7, no quotes for ETHUSDT-PERP.BINANCE[0m
[1m2026-01-07T18:48:50.000000000Z[0m [1;33m[WARN] TRADER-001.nautilus_common::cache: Cannot calculate unrealized PnL for P-20260107-150500-001-140724825183112-7, no quotes for ETHUSDT-PERP.BINANCE[0m
[1m2026-01-07T18:48:59.999000000Z[0m [1;33m[WARN] TRADER-001.nautilus_common::cache: Cannot calculate unrealized PnL for P-20260107-150500-001-140724825183112-7, no quotes for ETHUSDT-PERP.BINANCE[0m
[1m2026-01-07T18:49:00.000000000Z[0m [1;33m[WARN] TRADER-001.nautilus_common::cache: Cannot calculate unrealized PnL for P-20260107-150500-001-140724825183112-7, no quotes for ETHUSDT-PERP.BINANCE[0m
[1m2026-01-07T18:49:10.000000000Z[0m [1;33m[WARN] TRADER-001.nautilus_common::cache: Cannot calculate unrealized PnL for P-20260107-150500-001-140724825183112-7, no quotes for ETHUSDT-PERP.BINANCE[0m
[1m2026-01-07T18:49:20.000000000Z[0m [1;33m[WARN] TRADER-001.nautilus_common::cache: Cannot calculate unrealized PnL for P-20260107-150500-001-140724825183112-7, no quotes for ETHUSDT-PERP.BINANCE[0m
[1m2026-01-07T18:49:30.000000000Z[0m [1;33m[WARN] TRADER-001.nautilus_common::cache: Cannot calculate unrealized PnL for P-20260107-150500-001-140724825183112-7, no quotes for ETHUSDT-PERP.BINANCE[0m
[1m2026-01-07T18:49:40.000000000Z[0m [1;33m[WARN] TRADER-001.nautilus_common::cache: Cannot calculate unrealized PnL for P-20260107-150500-001-140724825183112-7, no quotes for ETHUSDT-PERP.BINANCE[0m
[1m2026-01-07T18:49:50.000000000Z[0m [1;33m[WARN] TRADER-001.nautilus_common::cache: Cannot calculate unrealized PnL for P-20260107-150500-001-140724825183112-7, no quotes for ETHUSDT-PERP.BINANCE[0m
[1m2026-01-07T18:49:59.999000000Z[0m [1;33m[WARN] TRADER-001.nautilus_common::cache: Cannot calculate unrealized PnL for P-20260107-150500-001-140724825183112-7, no quotes for ETHUSDT-PERP.BINANCE[0m
[1m2026-01-07T18:50:00.000000000Z[0m [1;33m[WARN] TRADER-001.nautilus_common::cache: Cannot calculate unrealized PnL for P-20260107-150500-001-140724825183112-7, no quotes for ETHUSDT-PERP.BINANCE[0m
[1m2026-01-07T18:50:10.000000000Z[0m [1;33m[WARN] TRADER-001.nautilus_common::cache: Cannot calculate unrealized PnL for P-20260107-150500-001-140724825183112-7, no quotes for ETHUSDT-PERP.BINANCE[0m
[1m2026-01-07T18:50:20.000000000Z[0m [1;33m[WARN] TRADER-001.nautilus_common::cache: Cannot calculate unrealized PnL for P-20260107-150500-001-140724825183112-7, no quotes for ETHUSDT-PERP.BINANCE[0m
[1m2026-01-07T18:50:30.000000000Z[0m [1;33m[WARN] TRADER-001.nautilus_common::cache: Cannot calculate unrealized PnL for P-20260107-150500-001-140724825183112-7, no quotes for ETHUSDT-PERP.BINANCE[0m
[1m2026-01-07T18:50:40.000000000Z[0m [1;33m[WARN] TRADER-001.nautilus_common::cache: Cannot calculate unrealized PnL for P-20260107-150500-001-140724825183112-7, no quotes for ETHUSDT-PERP.BINANCE[0m
[1m2026-01-07T18:50:50.000000000Z[0m [1;33m[WARN] TRADER-001.nautilus_common::cache: Cannot calculate unrealized PnL for P-20260107-150500-001-140724825183112-7, no quotes for ETHUSDT-PERP.BINANCE[0m
[1m2026-01-07T18:50:59.999000000Z[0m [1;33m[WARN] TRADER-001.nautilus_common::cache: Cannot calculate unrealized PnL for P-20260107-150500-001-140724825183112-7, no quotes for ETHUSDT-PERP.BINANCE[0m
[1m2026-01-07T18:51:00.000000000Z[0m [1;33m[WARN] TRADER-001.nautilus_common::cache: Cannot calculate unrealized PnL for P-20260107-150500-001-140724825183112-7, no quotes for ETHUSDT-PERP.BINANCE[0m
[1m2026-01-07T18:51:10.000000000Z[0m [1;33m[WARN] TRADER-001.nautilus_common::cache: Cannot calculate unrealized PnL for P-20260107-150500-001-140724825183112-7, no quotes for ETHUSDT-PERP.BINANCE[0m
[1m2026-01-07T18:51:20.000000000Z[0m [1;33m[WARN] TRADER-001.nautilus_common::cache: Cannot calculate unrealized PnL for P-20260107-150500-001-140724825183112-7, no quotes for ETHUSDT-PERP.BINANCE[0m
[1m2026-01-07T18:51:30.000000000Z[0m [1;33m[WARN] TRADER-001.nautilus_common::cache: Cannot calculate unrealized PnL for P-20260107-150500-001-140724825183112-7, no quotes for ETHUSDT-PERP.BINANCE[0m
[1m2026-01-07T18:51:40.000000000Z[0m [1;33m[WARN] TRADER-001.nautilus_common::cache: Cannot calculate unrealized PnL for P-20260107-150500-001-140724825183112-7, no quotes for ETHUSDT-PERP.BINANCE[0m
[1m2026-01-07T18:51:50.000000000Z[0m [1;33m[WARN] TRADER-001.nautilus_common::cache: Cannot calculate unrealized PnL for P-20260107-150500-001-140724825183112-7, no quotes for ETHUSDT-PERP.BINANCE[0m
[1m2026-01-07T18:51:59.999000000Z[0m [1;33m[WARN] TRADER-001.nautilus_common::cache: Cannot calculate unrealized PnL for P-20260107-150500-001-140724825183112-7, no quotes for ETHUSDT-PERP.BINANCE[0m
[1m2026-01-07T18:52:00.000000000Z[0m [1;33m[WARN] TRADER-001.nautilus_common::cache: Cannot calculate unrealized PnL for P-20260107-150500-001-140724825183112-7, no quotes for ETHUSDT-PERP.BINANCE[0m
[1m2026-01-07T18:52:10.000000000Z[0m [1;33m[WARN] TRADER-001.nautilus_common::cache: Cannot calculate unrealized PnL for P-20260107-150500-001-140724825183112-7, no quotes for ETHUSDT-PERP.BINANCE[0m
[1m2026-01-07T18:52:20.000000000Z[0m [1;33m[WARN] TRADER-001.nautilus_common::cache: Cannot calculate unrealized PnL for P-20260107-150500-001-140724825183112-7, no quotes for ETHUSDT-PERP.BINANCE[0m
[1m2026-01-07T18:52:30.000000000Z[0m [1;33m[WARN] TRADER-001.nautilus_common::cache: Cannot calculate unrealized PnL for P-20260107-150500-001-140724825183112-7, no quotes for ETHUSDT-PERP.BINANCE[0m
[1m2026-01-07T18:52:40.000000000Z[0m [1;33m[WARN] TRADER-001.nautilus_common::cache: Cannot calculate unrealized PnL for P-20260107-150500-001-140724825183112-7, no quotes for ETHUSDT-PERP.BINANCE[0m
[1m2026-01-07T18:52:50.000000000Z[0m [1;33m[WARN] TRADER-001.nautilus_common::cache: Cannot calculate unrealized PnL for P-20260107-150500-001-140724825183112-7, no quotes for ETHUSDT-PERP.BINANCE[0m
[1m2026-01-07T18:52:59.999000000Z[0m [1;33m[WARN] TRADER-001.nautilus_common::cache: Cannot calculate unrealized PnL for P-20260107-150500-001-140724825183112-7, no quotes for ETHUSDT-PERP.BINANCE[0m
[1m2026-01-07T18:53:00.000000000Z[0m [1;33m[WARN] TRADER-001.nautilus_common::cache: Cannot calculate unrealized PnL for P-20260107-150500-001-140724825183112-7, no quotes for ETHUSDT-PERP.BINANCE[0m
[1m2026-01-07T18:53:10.000000000Z[0m [1;33m[WARN] TRADER-001.nautilus_common::cache: Cannot calculate unrealized PnL for P-20260107-150500-001-140724825183112-7, no quotes for ETHUSDT-PERP.BINANCE[0m
[1m2026-01-07T18:53:20.000000000Z[0m [1;33m[WARN] TRADER-001.nautilus_common::cache: Cannot calculate unrealized PnL for P-20260107-150500-001-140724825183112-7, no quotes for ETHUSDT-PERP.BINANCE[0m
[1m2026-01-07T18:53:30.000000000Z[0m [1;33m[WARN] TRADER-001.nautilus_common::cache: Cannot calculate unrealized PnL for P-20260107-150500-001-140724825183112-7, no quotes for ETHUSDT-PERP.BINANCE[0m
[1m2026-01-07T18:53:40.000000000Z[0m [1;33m[WARN] TRADER-001.nautilus_common::cache: Cannot calculate unrealized PnL for P-20260107-150500-001-140724825183112-7, no quotes for ETHUSDT-PERP.BINANCE[0m
[1m2026-01-07T18:53:50.000000000Z[0m [1;33m[WARN] TRADER-001.nautilus_common::cache: Cannot calculate unrealized PnL for P-20260107-150500-001-140724825183112-7, no quotes for ETHUSDT-PERP.BINANCE[0m
[1m2026-01-07T18:53:59.999000000Z[0m [1;33m[WARN] TRADER-001.nautilus_common::cache: Cannot calculate unrealized PnL for P-20260107-150500-001-140724825183112-7, no quotes for ETHUSDT-PERP.BINANCE[0m
[1m2026-01-07T18:54:00.000000000Z[0m [1;33m[WARN] TRADER-001.nautilus_common::cache: Cannot calculate unrealized PnL for P-20260107-150500-001-140724825183112-7, no quotes for ETHUSDT-PERP.BINANCE[0m
[1m2026-01-07T18:54:10.000000000Z[0m [1;33m[WARN] TRADER-001.nautilus_common::cache: Cannot calculate unrealized PnL for P-20260107-150500-001-140724825183112-7, no quotes for ETHUSDT-PERP.BINANCE[0m
[1m2026-01-07T18:54:20.000000000Z[0m [1;33m[WARN] TRADER-001.nautilus_common::cache: Cannot calculate unrealized PnL for P-20260107-150500-001-140724825183112-7, no quotes for ETHUSDT-PERP.BINANCE[0m
[1m2026-01-07T18:54:30.000000000Z[0m [1;33m[WARN] TRADER-001.nautilus_common::cache: Cannot calculate unrealized PnL for P-20260107-150500-001-140724825183112-7, no quotes for ETHUSDT-PERP.BINANCE[0m
[1m2026-01-07T18:54:40.000000000Z[0m [1;33m[WARN] TRADER-001.nautilus_common::cache: Cannot calculate unrealized PnL for P-20260107-150500-001-140724825183112-7, no quotes for ETHUSDT-PERP.BINANCE[0m
[1m2026-01-07T18:54:50.000000000Z[0m [1;33m[WARN] TRADER-001.nautilus_common::cache: Cannot calculate unrealized PnL for P-20260107-150500-001-140724825183112-7, no quotes for ETHUSDT-PERP.BINANCE[0m
[1m2026-01-07T18:54:59.999000000Z[0m [1;33m[WARN] TRADER-001.nautilus_common::cache: Cannot calculate unrealized PnL for P-20260107-150500-001-140724825183112-7, no quotes for ETHUSDT-PERP.BINANCE[0m
[1m2026-01-07T18:55:00.000000000Z[0m [1;33m[WARN] TRADER-001.nautilus_common::cache: Cannot calculate unrealized PnL for P-20260107-150500-001-140724825183112-7, no quotes for ETHUSDT-PERP.BINANCE[0m
[1m2026-01-07T18:55:10.000000000Z[0m [1;33m[WARN] TRADER-001.nautilus_common::cache: Cannot calculate unrealized PnL for P-20260107-150500-001-140724825183112-7, no quotes for ETHUSDT-PERP.BINANCE[0m
[1m2026-01-07T18:55:20.000000000Z[0m [1;33m[WARN] TRADER-001.nautilus_common::cache: Cannot calculate unrealized PnL for P-20260107-150500-001-140724825183112-7, no quotes for ETHUSDT-PERP.BINANCE[0m
[1m2026-01-07T18:55:30.000000000Z[0m [1;33m[WARN] TRADER-001.nautilus_common::cache: Cannot calculate unrealized PnL for P-20260107-150500-001-140724825183112-7, no quotes for ETHUSDT-PERP.BINANCE[0m
[1m2026-01-07T18:55:40.000000000Z[0m [1;33m[WARN] TRADER-001.nautilus_common::cache: Cannot calculate unrealized PnL for P-20260107-150500-001-140724825183112-7, no quotes for ETHUSDT-PERP.BINANCE[0m
[1m2026-01-07T18:55:50.000000000Z[0m [1;33m[WARN] TRADER-001.nautilus_common::cache: Cannot calculate unrealized PnL for P-20260107-150500-001-140724825183112-7, no quotes for ETHUSDT-PERP.BINANCE[0m
[1m2026-01-07T18:55:59.999000000Z[0m [1;33m[WARN] TRADER-001.nautilus_common::cache: Cannot calculate unrealized PnL for P-20260107-150500-001-140724825183112-7, no quotes for ETHUSDT-PERP.BINANCE[0m
[1m2026-01-07T18:56:00.000000000Z[0m [1;33m[WARN] TRADER-001.nautilus_common::cache: Cannot calculate unrealized PnL for P-20260107-150500-001-140724825183112-7, no quotes for ETHUSDT-PERP.BINANCE[0m
[1m2026-01-07T18:56:10.000000000Z[0m [1;33m[WARN] TRADER-001.nautilus_common::cache: Cannot calculate unrealized PnL for P-20260107-150500-001-140724825183112-7, no quotes for ETHUSDT-PERP.BINANCE[0m
[1m2026-01-07T18:56:20.000000000Z[0m [1;33m[WARN] TRADER-001.nautilus_common::cache: Cannot calculate unrealized PnL for P-20260107-150500-001-140724825183112-7, no quotes for ETHUSDT-PERP.BINANCE[0m
[1m2026-01-07T18:56:30.000000000Z[0m [1;33m[WARN] TRADER-001.nautilus_common::cache: Cannot calculate unrealized PnL for P-20260107-150500-001-140724825183112-7, no quotes for ETHUSDT-PERP.BINANCE[0m
[1m2026-01-07T18:56:40.000000000Z[0m [1;33m[WARN] TRADER-001.nautilus_common::cache: Cannot calculate unrealized PnL for P-20260107-150500-001-140724825183112-7, no quotes for ETHUSDT-PERP.BINANCE[0m
[1m2026-01-07T18:56:50.000000000Z[0m [1;33m[WARN] TRADER-001.nautilus_common::cache: Cannot calculate unrealized PnL for P-20260107-150500-001-140724825183112-7, no quotes for ETHUSDT-PERP.BINANCE[0m
[1m2026-01-07T18:56:59.999000000Z[0m [1;33m[WARN] TRADER-001.nautilus_common::cache: Cannot calculate unrealized PnL for P-20260107-150500-001-140724825183112-7, no quotes for ETHUSDT-PERP.BINANCE[0m
[1m2026-01-07T18:57:00.000000000Z[0m [1;33m[WARN] TRADER-001.nautilus_common::cache: Cannot calculate unrealized PnL for P-20260107-150500-001-140724825183112-7, no quotes for ETHUSDT-PERP.BINANCE[0m
[1m2026-01-07T18:57:10.000000000Z[0m [1;33m[WARN] TRADER-001.nautilus_common::cache: Cannot calculate unrealized PnL for P-20260107-150500-001-140724825183112-7, no quotes for ETHUSDT-PERP.BINANCE[0m
[1m2026-01-07T18:57:20.000000000Z[0m [1;33m[WARN] TRADER-001.nautilus_common::cache: Cannot calculate unrealized PnL for P-20260107-150500-001-140724825183112-7, no quotes for ETHUSDT-PERP.BINANCE[0m
[1m2026-01-07T18:57:30.000000000Z[0m [1;33m[WARN] TRADER-001.nautilus_common::cache: Cannot calculate unrealized PnL for P-20260107-150500-001-140724825183112-7, no quotes for ETHUSDT-PERP.BINANCE[0m
[1m2026-01-07T18:57:40.000000000Z[0m [1;33m[WARN] TRADER-001.nautilus_common::cache: Cannot calculate unrealized PnL for P-20260107-150500-001-140724825183112-7, no quotes for ETHUSDT-PERP.BINANCE[0m
[1m2026-01-07T18:57:50.000000000Z[0m [1;33m[WARN] TRADER-001.nautilus_common::cache: Cannot calculate unrealized PnL for P-20260107-150500-001-140724825183112-7, no quotes for ETHUSDT-PERP.BINANCE[0m
[1m2026-01-07T18:57:59.999000000Z[0m [1;33m[WARN] TRADER-001.nautilus_common::cache: Cannot calculate unrealized PnL for P-20260107-150500-001-140724825183112-7, no quotes for ETHUSDT-PERP.BINANCE[0m
[1m2026-01-07T18:58:00.000000000Z[0m [1;33m[WARN] TRADER-001.nautilus_common::cache: Cannot calculate unrealized PnL for P-20260107-150500-001-140724825183112-7, no quotes for ETHUSDT-PERP.BINANCE[0m
[1m2026-01-07T18:58:10.000000000Z[0m [1;33m[WARN] TRADER-001.nautilus_common::cache: Cannot calculate unrealized PnL for P-20260107-150500-001-140724825183112-7, no quotes for ETHUSDT-PERP.BINANCE[0m
[1m2026-01-07T18:58:20.000000000Z[0m [1;33m[WARN] TRADER-001.nautilus_common::cache: Cannot calculate unrealized PnL for P-20260107-150500-001-140724825183112-7, no quotes for ETHUSDT-PERP.BINANCE[0m
[1m2026-01-07T18:58:30.000000000Z[0m [1;33m[WARN] TRADER-001.nautilus_common::cache: Cannot calculate unrealized PnL for P-20260107-150500-001-140724825183112-7, no quotes for ETHUSDT-PERP.BINANCE[0m
[1m2026-01-07T18:58:40.000000000Z[0m [1;33m[WARN] TRADER-001.nautilus_common::cache: Cannot calculate unrealized PnL for P-20260107-150500-001-140724825183112-7, no quotes for ETHUSDT-PERP.BINANCE[0m
[1m2026-01-07T18:58:50.000000000Z[0m [1;33m[WARN] TRADER-001.nautilus_common::cache: Cannot calculate unrealized PnL for P-20260107-150500-001-140724825183112-7, no quotes for ETHUSDT-PERP.BINANCE[0m
[1m2026-01-07T18:58:59.999000000Z[0m [1;33m[WARN] TRADER-001.nautilus_common::cache: Cannot calculate unrealized PnL for P-20260107-150500-001-140724825183112-7, no quotes for ETHUSDT-PERP.BINANCE[0m
[1m2026-01-07T18:59:00.000000000Z[0m [1;33m[WARN] TRADER-001.nautilus_common::cache: Cannot calculate unrealized PnL for P-20260107-150500-001-140724825183112-7, no quotes for ETHUSDT-PERP.BINANCE[0m
[1m2026-01-07T18:59:10.000000000Z[0m [1;33m[WARN] TRADER-001.nautilus_common::cache: Cannot calculate unrealized PnL for P-20260107-150500-001-140724825183112-7, no quotes for ETHUSDT-PERP.BINANCE[0m
[1m2026-01-07T18:59:20.000000000Z[0m [1;33m[WARN] TRADER-001.nautilus_common::cache: Cannot calculate unrealized PnL for P-20260107-150500-001-140724825183112-7, no quotes for ETHUSDT-PERP.BINANCE[0m
[1m2026-01-07T18:59:30.000000000Z[0m [1;33m[WARN] TRADER-001.nautilus_common::cache: Cannot calculate unrealized PnL for P-20260107-150500-001-140724825183112-7, no quotes for ETHUSDT-PERP.BINANCE[0m
[1m2026-01-07T18:59:40.000000000Z[0m [1;33m[WARN] TRADER-001.nautilus_common::cache: Cannot calculate unrealized PnL for P-20260107-150500-001-140724825183112-7, no quotes for ETHUSDT-PERP.BINANCE[0m
[1m2026-01-07T18:59:50.000000000Z[0m [1;33m[WARN] TRADER-001.nautilus_common::cache: Cannot calculate unrealized PnL for P-20260107-150500-001-140724825183112-7, no quotes for ETHUSDT-PERP.BINANCE[0m
[1m2026-01-07T18:59:59.999000000Z[0m [1;33m[WARN] TRADER-001.nautilus_common::cache: Cannot calculate unrealized PnL for P-20260107-150500-001-140724825183112-7, no quotes for ETHUSDT-PERP.BINANCE[0m
[1m2026-01-07T19:00:00.000000000Z[0m [1;33m[WARN] TRADER-001.nautilus_common::cache: Cannot calculate unrealized PnL for P-20260107-150500-001-140724825183112-7, no quotes for ETHUSDT-PERP.BINANCE[0m
[1m2026-01-07T19:00:10.000000000Z[0m [1;33m[WARN] TRADER-001.nautilus_common::cache: Cannot calculate unrealized PnL for P-20260107-150500-001-140724825183112-7, no quotes for ETHUSDT-PERP.BINANCE[0m
[1m2026-01-07T19:00:20.000000000Z[0m [1;33m[WARN] TRADER-001.nautilus_common::cache: Cannot calculate unrealized PnL for P-20260107-150500-001-140724825183112-7, no quotes for ETHUSDT-PERP.BINANCE[0m
[1m2026-01-07T19:00:30.000000000Z[0m [1;33m[WARN] TRADER-001.nautilus_common::cache: Cannot calculate unrealized PnL for P-20260107-150500-001-140724825183112-7, no quotes for ETHUSDT-PERP.BINANCE[0m
[1m2026-01-07T19:00:40.000000000Z[0m [1;33m[WARN] TRADER-001.nautilus_common::cache: Cannot calculate unrealized PnL for P-20260107-150500-001-140724825183112-7, no quotes for ETHUSDT-PERP.BINANCE[0m
[1m2026-01-07T19:00:50.000000000Z[0m [1;33m[WARN] TRADER-001.nautilus_common::cache: Cannot calculate unrealized PnL for P-20260107-150500-001-140724825183112-7, no quotes for ETHUSDT-PERP.BINANCE[0m
[1m2026-01-07T19:00:59.999000000Z[0m [1;33m[WARN] TRADER-001.nautilus_common::cache: Cannot calculate unrealized PnL for P-20260107-150500-001-140724825183112-7, no quotes for ETHUSDT-PERP.BINANCE[0m
[1m2026-01-07T19:01:00.000000000Z[0m [1;33m[WARN] TRADER-001.nautilus_common::cache: Cannot calculate unrealized PnL for P-20260107-150500-001-140724825183112-7, no quotes for ETHUSDT-PERP.BINANCE[0m
[1m2026-01-07T19:01:10.000000000Z[0m [1;33m[WARN] TRADER-001.nautilus_common::cache: Cannot calculate unrealized PnL for P-20260107-150500-001-140724825183112-7, no quotes for ETHUSDT-PERP.BINANCE[0m
[1m2026-01-07T19:01:20.000000000Z[0m [1;33m[WARN] TRADER-001.nautilus_common::cache: Cannot calculate unrealized PnL for P-20260107-150500-001-140724825183112-7, no quotes for ETHUSDT-PERP.BINANCE[0m
[1m2026-01-07T19:01:30.000000000Z[0m [1;33m[WARN] TRADER-001.nautilus_common::cache: Cannot calculate unrealized PnL for P-20260107-150500-001-140724825183112-7, no quotes for ETHUSDT-PERP.BINANCE[0m
[1m2026-01-07T19:01:40.000000000Z[0m [1;33m[WARN] TRADER-001.nautilus_common::cache: Cannot calculate unrealized PnL for P-20260107-150500-001-140724825183112-7, no quotes for ETHUSDT-PERP.BINANCE[0m
[1m2026-01-07T19:01:50.000000000Z[0m [1;33m[WARN] TRADER-001.nautilus_common::cache: Cannot calculate unrealized PnL for P-20260107-150500-001-140724825183112-7, no quotes for ETHUSDT-PERP.BINANCE[0m
[1m2026-01-07T19:01:59.999000000Z[0m [1;33m[WARN] TRADER-001.nautilus_common::cache: Cannot calculate unrealized PnL for P-20260107-150500-001-140724825183112-7, no quotes for ETHUSDT-PERP.BINANCE[0m
[1m2026-01-07T19:02:00.000000000Z[0m [1;33m[WARN] TRADER-001.nautilus_common::cache: Cannot calculate unrealized PnL for P-20260107-150500-001-140724825183112-7, no quotes for ETHUSDT-PERP.BINANCE[0m
[1m2026-01-07T19:02:10.000000000Z[0m [1;33m[WARN] TRADER-001.nautilus_common::cache: Cannot calculate unrealized PnL for P-20260107-150500-001-140724825183112-7, no quotes for ETHUSDT-PERP.BINANCE[0m
[1m2026-01-07T19:02:20.000000000Z[0m [1;33m[WARN] TRADER-001.nautilus_common::cache: Cannot calculate unrealized PnL for P-20260107-150500-001-140724825183112-7, no quotes for ETHUSDT-PERP.BINANCE[0m
[1m2026-01-07T19:02:30.000000000Z[0m [1;33m[WARN] TRADER-001.nautilus_common::cache: Cannot calculate unrealized PnL for P-20260107-150500-001-140724825183112-7, no quotes for ETHUSDT-PERP.BINANCE[0m
[1m2026-01-07T19:02:40.000000000Z[0m [1;33m[WARN] TRADER-001.nautilus_common::cache: Cannot calculate unrealized PnL for P-20260107-150500-001-140724825183112-7, no quotes for ETHUSDT-PERP.BINANCE[0m
[1m2026-01-07T19:02:50.000000000Z[0m [1;33m[WARN] TRADER-001.nautilus_common::cache: Cannot calculate unrealized PnL for P-20260107-150500-001-140724825183112-7, no quotes for ETHUSDT-PERP.BINANCE[0m
[1m2026-01-07T19:02:59.999000000Z[0m [1;33m[WARN] TRADER-001.nautilus_common::cache: Cannot calculate unrealized PnL for P-20260107-150500-001-140724825183112-7, no quotes for ETHUSDT-PERP.BINANCE[0m
[1m2026-01-07T19:03:00.000000000Z[0m [1;33m[WARN] TRADER-001.nautilus_common::cache: Cannot calculate unrealized PnL for P-20260107-150500-001-140724825183112-7, no quotes for ETHUSDT-PERP.BINANCE[0m
[1m2026-01-07T19:03:10.000000000Z[0m [1;33m[WARN] TRADER-001.nautilus_common::cache: Cannot calculate unrealized PnL for P-20260107-150500-001-140724825183112-7, no quotes for ETHUSDT-PERP.BINANCE[0m
[1m2026-01-07T19:03:20.000000000Z[0m [1;33m[WARN] TRADER-001.nautilus_common::cache: Cannot calculate unrealized PnL for P-20260107-150500-001-140724825183112-7, no quotes for ETHUSDT-PERP.BINANCE[0m
[1m2026-01-07T19:03:30.000000000Z[0m [1;33m[WARN] TRADER-001.nautilus_common::cache: Cannot calculate unrealized PnL for P-20260107-150500-001-140724825183112-7, no quotes for ETHUSDT-PERP.BINANCE[0m
[1m2026-01-07T19:03:40.000000000Z[0m [1;33m[WARN] TRADER-001.nautilus_common::cache: Cannot calculate unrealized PnL for P-20260107-150500-001-140724825183112-7, no quotes for ETHUSDT-PERP.BINANCE[0m
[1m2026-01-07T19:03:50.000000000Z[0m [1;33m[WARN] TRADER-001.nautilus_common::cache: Cannot calculate unrealized PnL for P-20260107-150500-001-140724825183112-7, no quotes for ETHUSDT-PERP.BINANCE[0m
[1m2026-01-07T19:03:59.999000000Z[0m [1;33m[WARN] TRADER-001.nautilus_common::cache: Cannot calculate unrealized PnL for P-20260107-150500-001-140724825183112-7, no quotes for ETHUSDT-PERP.BINANCE[0m
[1m2026-01-07T19:04:00.000000000Z[0m [1;33m[WARN] TRADER-001.nautilus_common::cache: Cannot calculate unrealized PnL for P-20260107-150500-001-140724825183112-7, no quotes for ETHUSDT-PERP.BINANCE[0m
[1m2026-01-07T19:04:10.000000000Z[0m [1;33m[WARN] TRADER-001.nautilus_common::cache: Cannot calculate unrealized PnL for P-20260107-150500-001-140724825183112-7, no quotes for ETHUSDT-PERP.BINANCE[0m
[1m2026-01-07T19:04:20.000000000Z[0m [1;33m[WARN] TRADER-001.nautilus_common::cache: Cannot calculate unrealized PnL for P-20260107-150500-001-140724825183112-7, no quotes for ETHUSDT-PERP.BINANCE[0m
[1m2026-01-07T19:04:30.000000000Z[0m [1;33m[WARN] TRADER-001.nautilus_common::cache: Cannot calculate unrealized PnL for P-20260107-150500-001-140724825183112-7, no quotes for ETHUSDT-PERP.BINANCE[0m
[1m2026-01-07T19:04:40.000000000Z[0m [1;33m[WARN] TRADER-001.nautilus_common::cache: Cannot calculate unrealized PnL for P-20260107-150500-001-140724825183112-7, no quotes for ETHUSDT-PERP.BINANCE[0m
[1m2026-01-07T19:04:50.000000000Z[0m [1;33m[WARN] TRADER-001.nautilus_common::cache: Cannot calculate unrealized PnL for P-20260107-150500-001-140724825183112-7, no quotes for ETHUSDT-PERP.BINANCE[0m
[1m2026-01-07T19:04:59.999000000Z[0m [1;33m[WARN] TRADER-001.nautilus_common::cache: Cannot calculate unrealized PnL for P-20260107-150500-001-140724825183112-7, no quotes for ETHUSDT-PERP.BINANCE[0m
[1m2026-01-07T19:05:00.000000000Z[0m [INFO] TRADER-001.nautilus_trading::strategy: Canceling 2 open ETHUSDT-PERP.BINANCE orders[0m
[1m2026-01-07T19:05:00.000000000Z[0m [INFO] TRADER-001.nautilus_trading::strategy: DataActor-140724825183112 [CMD]--> CancelAllOrders[0m
[1m2026-01-07T19:05:00.000000000Z[0m [INFO] TRADER-001.nautilus_trading::strategy: Closing 1 open position[0m
[1m2026-01-07T19:05:00.000000000Z[0m [INFO] TRADER-001.nautilus_trading::strategy: DataActor-140724825183112 <--[EVT] OrderInitialized(instrument_id=ETHUSDT-PERP.BINANCE, client_order_id=O-20260107-190500-001-140724825183112-25, side=BUY, type=MARKET, quantity=82.442, time_in_force=GTC, post_only=false, reduce_only=true, quote_quantity=false, price=None, emulation_trigger=None, trigger_instrument_id=None, contingency_type=NO_CONTINGENCY, order_list_id=None, linked_order_ids=[None], parent_order_id=None, exec_algorithm_id=None, exec_algorithm_params=None, exec_spawn_id=None, tags=None)[0m
[1m2026-01-07T19:05:00.000000000Z[0m [INFO] TRADER-001.nautilus_trading::strategy: DataActor-140724825183112 [CMD]--> SubmitOrder[0m
[1m2026-01-07T19:05:00.000000000Z[0m [94m[INFO] TRADER-001.nautilus_execution::engine: Cancel all orders[0m
[1m2026-01-07T19:05:00.000000000Z[0m [94m[INFO] TRADER-001.nautilus_execution::engine: Submit MarketOrder(BUY 82.442 ETHUSDT-PERP.BINANCE @ MARKET GTC, status=INITIALIZED, client_order_id=O-20260107-190500-001-140724825183112-25, venue_order_id=None, position_id=None, exec_algorithm_id=None, exec_spawn_id=None, tags=None)[0m
[1m2026-01-07T19:05:00.000000000Z[0m [INFO] TRADER-001.nautilus_trading::strategy: DataActor-140724825183112 <--[EVT] OrderSubmitted(instrument_id=ETHUSDT-PERP.BINANCE, client_order_id=O-20260107-190500-001-140724825183112-25, account_id=BINANCE-001, ts_event=1767812700000000000)[0m
[1m2026-01-07T19:05:00.000000000Z[0m [INFO] TRADER-001.nautilus_portfolio::manager: ETHUSDT-PERP.BINANCE margin_init=0.00000000 USDT[0m
[1m2026-01-07T19:05:00.000000000Z[0m [INFO] TRADER-001.nautilus_portfolio::portfolio: Updated AccountState(account_id=BINANCE-001, account_type=MARGIN, base_currency=USDT, is_reported=false, balances=[AccountBalance(total=108556.15879911 USDT, locked=1044.82703816 USDT, free=107511.33176095 USDT)], margins=[MarginBalance(initial=0.00000000 USDT, maintenance=1044.82703816 USDT, instrument_id=ETHUSDT-PERP.BINANCE)], event_id=f14c8941-28d8-4e92-99b2-a7b1cdb94df9)[0m
[1m2026-01-07T19:05:00.000000000Z[0m [INFO] TRADER-001.nautilus_trading::strategy: DataActor-140724825183112 <--[EVT] OrderCanceled(instrument_id=ETHUSDT-PERP.BINANCE, client_order_id=O-20260107-150500-001-140724825183112-23, venue_order_id=BINANCE-2-8, account_id=BINANCE-001, ts_event=1767812700000000000)[0m
[1m2026-01-07T19:05:00.000000000Z[0m [INFO] TRADER-001.nautilus_portfolio::manager: ETHUSDT-PERP.BINANCE margin_init=0.00000000 USDT[0m
[1m2026-01-07T19:05:00.000000000Z[0m [INFO] TRADER-001.nautilus_portfolio::portfolio: Updated AccountState(account_id=BINANCE-001, account_type=MARGIN, base_currency=USDT, is_reported=false, balances=[AccountBalance(total=108556.15879911 USDT, locked=1044.82703816 USDT, free=107511.33176095 USDT)], margins=[MarginBalance(initial=0.00000000 USDT, maintenance=1044.82703816 USDT, instrument_id=ETHUSDT-PERP.BINANCE)], event_id=cd3ab58d-4056-410a-999f-30bdfdbd9ba8)[0m
[1m2026-01-07T19:05:00.000000000Z[0m [INFO] TRADER-001.nautilus_trading::strategy: DataActor-140724825183112 <--[EVT] OrderCanceled(instrument_id=ETHUSDT-PERP.BINANCE, client_order_id=O-20260107-150500-001-140724825183112-24, venue_order_id=BINANCE-2-9, account_id=BINANCE-001, ts_event=1767812700000000000)[0m
[1m2026-01-07T19:05:00.000000000Z[0m [INFO] TRADER-001.nautilus_portfolio::manager: ETHUSDT-PERP.BINANCE margin_init=0.00000000 USDT[0m
[1m2026-01-07T19:05:00.000000000Z[0m [INFO] TRADER-001.nautilus_trading::strategy: DataActor-140724825183112 <--[EVT] OrderFilled(instrument_id=ETHUSDT-PERP.BINANCE, client_order_id=O-20260107-190500-001-140724825183112-25, venue_order_id=BINANCE-2-10, account_id=BINANCE-001, trade_id=T-6ce721924656b915-67070, position_id=P-20260107-150500-001-140724825183112-7, order_side=BUY, order_type=MARKET, last_qty=82.442, last_px=3_154.10 USDT, commission=156.01818732 USDT, liquidity_side=TAKER, ts_event=1767812700000000000)[0m
[1m2026-01-07T19:05:00.000000000Z[0m [INFO] TRADER-001.nautilus_portfolio::portfolio: ETHUSDT-PERP.BINANCE net_position=0[0m
[1m2026-01-07T19:05:00.000000000Z[0m [INFO] TRADER-001.nautilus_portfolio::manager: ETHUSDT-PERP.BINANCE margin_maint=0.00000000 USDT[0m
[1m2026-01-07T19:05:00.000000000Z[0m [INFO] TRADER-001.nautilus_portfolio::portfolio: Updated AccountState(account_id=BINANCE-001, account_type=MARGIN, base_currency=USDT, is_reported=false, balances=[AccountBalance(total=109576.58795179 USDT, locked=0.00000000 USDT, free=109576.58795179 USDT)], margins=[], event_id=3100c43e-9df4-477f-ba0d-d8c5e5e1a16f)[0m
[1m2026-01-07T19:05:00.000000000Z[0m [INFO] TRADER-001.nautilus_trading::strategy: DataActor-140724825183112 <--[EVT] PositionClosed(PositionClosed { trader_id: "TRADER-001", strategy_id: "DataActor-140724825183112", instrument_id: "ETHUSDT-PERP.BINANCE", position_id: "P-20260107-150500-001-140724825183112-7", account_id: "BINANCE-001", opening_order_id: "O-20260107-150500-001-140724825183112-22", closing_order_id: Some("O-20260107-190500-001-140724825183112-25"), entry: Sell, side: Flat, signed_qty: 0.0, quantity: Quantity(0.000), peak_quantity: Quantity(82.442), last_qty: Quantity(82.442), last_px: Price(3154.10), currency: Currency(code='USDT', precision=8, iso4217=0, name='Tether', currency_type=CRYPTO), avg_px_open: 3168.37, avg_px_close: Some(3154.1), realized_return: 0.004503893169042751, realized_pnl: Some(Money(873.88181498, USDT)), unrealized_pnl: Money(0.00000000, USDT), duration: 14400000000000, event_id: UUID4(238bcda5-f44e-4c7e-b9d3-e7b68ae65fd5), ts_opened: UnixNanos(1767798300000000000), ts_closed: Some(UnixNanos(1767812700000000000)), ts_event: UnixNanos(1767812700000000000), ts_init: UnixNanos(1767812700000000000) })[0m
[1m2026-01-08T00:35:00.000000000Z[0m [INFO] TRADER-001.nautilus_trading::strategy: DataActor-140724825183112 <--[EVT] OrderInitialized(instrument_id=XRPUSDT-PERP.BINANCE, client_order_id=O-20260108-003500-001-140724825183112-26, side=SELL, type=MARKET, quantity=341534.5, time_in_force=GTC, post_only=false, reduce_only=false, quote_quantity=false, price=None, emulation_trigger=None, trigger_instrument_id=None, contingency_type=OTO, order_list_id=OL-20260108-003500-001-140724825183112-8, linked_order_ids=[O-20260108-003500-001-140724825183112-27, O-20260108-003500-001-140724825183112-28], parent_order_id=None, exec_algorithm_id=None, exec_algorithm_params=None, exec_spawn_id=None, tags=opening-pullback-direct-diagnostic-xrpusdt-asia-2026-01-08-00054, BREAKOUT_ACCEPTANCE_CONTINUATION, SHORT, TEN_SECOND_MARKET_ENTRY)[0m
[1m2026-01-08T00:35:00.000000000Z[0m [INFO] TRADER-001.nautilus_trading::strategy: DataActor-140724825183112 <--[EVT] OrderInitialized(instrument_id=XRPUSDT-PERP.BINANCE, client_order_id=O-20260108-003500-001-140724825183112-27, side=BUY, type=STOP_MARKET, quantity=341534.5, time_in_force=GTC, post_only=false, reduce_only=true, quote_quantity=false, price=None, emulation_trigger=None, trigger_instrument_id=None, contingency_type=OUO, order_list_id=OL-20260108-003500-001-140724825183112-8, linked_order_ids=[O-20260108-003500-001-140724825183112-28], parent_order_id=O-20260108-003500-001-140724825183112-26, exec_algorithm_id=None, exec_algorithm_params=None, exec_spawn_id=None, tags=opening-pullback-direct-diagnostic-xrpusdt-asia-2026-01-08-00054, OBSERVED_RETEST_INVALIDATION)[0m
[1m2026-01-08T00:35:00.000000000Z[0m [INFO] TRADER-001.nautilus_trading::strategy: DataActor-140724825183112 <--[EVT] OrderInitialized(instrument_id=XRPUSDT-PERP.BINANCE, client_order_id=O-20260108-003500-001-140724825183112-28, side=BUY, type=LIMIT, quantity=341534.5, time_in_force=GTC, post_only=false, reduce_only=true, quote_quantity=false, price=2.1227, emulation_trigger=None, trigger_instrument_id=None, contingency_type=OUO, order_list_id=OL-20260108-003500-001-140724825183112-8, linked_order_ids=[O-20260108-003500-001-140724825183112-27], parent_order_id=O-20260108-003500-001-140724825183112-26, exec_algorithm_id=None, exec_algorithm_params=None, exec_spawn_id=None, tags=opening-pullback-direct-diagnostic-xrpusdt-asia-2026-01-08-00054, ACTIVE_COMPLETED_EXTERNAL_TARGET)[0m
[1m2026-01-08T00:35:00.000000000Z[0m [INFO] TRADER-001.nautilus_trading::strategy: DataActor-140724825183112 [CMD]--> SubmitOrderList[0m
[1m2026-01-08T00:35:00.000000000Z[0m [94m[INFO] TRADER-001.nautilus_execution::engine: Submit OrderList(id=OL-20260108-003500-001-140724825183112-8, instrument_id=XRPUSDT-PERP.BINANCE, strategy_id=DataActor-140724825183112, client_order_ids=["O-20260108-003500-001-140724825183112-26", "O-20260108-003500-001-140724825183112-27", "O-20260108-003500-001-140724825183112-28"], ts_init=1767832500000000000)[0m
[1m2026-01-08T00:35:00.000000000Z[0m [INFO] TRADER-001.nautilus_trading::strategy: DataActor-140724825183112 <--[EVT] OrderSubmitted(instrument_id=XRPUSDT-PERP.BINANCE, client_order_id=O-20260108-003500-001-140724825183112-26, account_id=BINANCE-001, ts_event=1767832500000000000)[0m
[1m2026-01-08T00:35:00.000000000Z[0m [INFO] TRADER-001.nautilus_trading::strategy: DataActor-140724825183112 <--[EVT] OrderSubmitted(instrument_id=XRPUSDT-PERP.BINANCE, client_order_id=O-20260108-003500-001-140724825183112-27, account_id=BINANCE-001, ts_event=1767832500000000000)[0m
[1m2026-01-08T00:35:00.000000000Z[0m [INFO] TRADER-001.nautilus_trading::strategy: DataActor-140724825183112 <--[EVT] OrderSubmitted(instrument_id=XRPUSDT-PERP.BINANCE, client_order_id=O-20260108-003500-001-140724825183112-28, account_id=BINANCE-001, ts_event=1767832500000000000)[0m
[1m2026-01-08T00:35:00.000000000Z[0m [INFO] TRADER-001.nautilus_portfolio::manager: XRPUSDT-PERP.BINANCE margin_init=0.00000000 USDT[0m
[1m2026-01-08T00:35:00.000000000Z[0m [INFO] TRADER-001.nautilus_trading::strategy: DataActor-140724825183112 <--[EVT] OrderFilled(instrument_id=XRPUSDT-PERP.BINANCE, client_order_id=O-20260108-003500-001-140724825183112-26, venue_order_id=BINANCE-4-13, account_id=BINANCE-001, trade_id=T-29785862c25b194f-74398, position_id=P-20260108-003500-001-140724825183112-8, order_side=SELL, order_type=MARKET, last_qty=341_534.5, last_px=2.1514 USDT, commission=440.86639398 USDT, liquidity_side=TAKER, ts_event=1767832500000000000)[0m
[1m2026-01-08T00:35:00.000000000Z[0m [INFO] TRADER-001.nautilus_portfolio::portfolio: XRPUSDT-PERP.BINANCE net_position=-341534.5[0m
[1m2026-01-08T00:35:00.000000000Z[0m [INFO] TRADER-001.nautilus_portfolio::manager: XRPUSDT-PERP.BINANCE margin_maint=2939.10929320 USDT[0m
[1m2026-01-08T00:35:00.000000000Z[0m [INFO] TRADER-001.nautilus_portfolio::portfolio: Updated AccountState(account_id=BINANCE-001, account_type=MARGIN, base_currency=USDT, is_reported=false, balances=[AccountBalance(total=109135.72155781 USDT, locked=2939.10929320 USDT, free=106196.61226461 USDT)], margins=[MarginBalance(initial=0.00000000 USDT, maintenance=2939.10929320 USDT, instrument_id=XRPUSDT-PERP.BINANCE)], event_id=7131eb95-d4e6-4f76-8507-df657b54a711)[0m
[1m2026-01-08T00:35:00.000000000Z[0m [INFO] TRADER-001.nautilus_trading::strategy: DataActor-140724825183112 <--[EVT] PositionOpened(PositionOpened { trader_id: "TRADER-001", strategy_id: "DataActor-140724825183112", instrument_id: "XRPUSDT-PERP.BINANCE", position_id: "P-20260108-003500-001-140724825183112-8", account_id: "BINANCE-001", opening_order_id: "O-20260108-003500-001-140724825183112-26", entry: Sell, side: Short, signed_qty: -341534.5, quantity: Quantity(341534.5), last_qty: Quantity(341534.5), last_px: Price(2.1514), currency: Currency(code='USDT', precision=8, iso4217=0, name='Tether', currency_type=CRYPTO), avg_px_open: 2.1514, event_id: UUID4(b8db4c51-15f1-42b6-ac0e-f3c7c6b61eda), ts_event: UnixNanos(1767832500000000000), ts_init: UnixNanos(1767832500000000000) })[0m
[1m2026-01-08T00:35:00.000000000Z[0m [INFO] TRADER-001.nautilus_portfolio::manager: XRPUSDT-PERP.BINANCE margin_init=0.00000000 USDT[0m
[1m2026-01-08T00:35:00.000000000Z[0m [INFO] TRADER-001.nautilus_portfolio::portfolio: Updated AccountState(account_id=BINANCE-001, account_type=MARGIN, base_currency=USDT, is_reported=false, balances=[AccountBalance(total=109135.72155781 USDT, locked=2939.10929320 USDT, free=106196.61226461 USDT)], margins=[MarginBalance(initial=0.00000000 USDT, maintenance=2939.10929320 USDT, instrument_id=XRPUSDT-PERP.BINANCE)], event_id=bf3b4e2f-9c2b-4392-97f0-4833085885df)[0m
[1m2026-01-08T00:35:00.000000000Z[0m [INFO] TRADER-001.nautilus_trading::strategy: DataActor-140724825183112 <--[EVT] OrderAccepted(instrument_id=XRPUSDT-PERP.BINANCE, client_order_id=O-20260108-003500-001-140724825183112-27, venue_order_id=BINANCE-4-14, account_id=BINANCE-001, ts_event=1767832500000000000)[0m
[1m2026-01-08T00:35:00.000000000Z[0m [INFO] TRADER-001.nautilus_portfolio::manager: XRPUSDT-PERP.BINANCE margin_init=0.00000000 USDT[0m
[1m2026-01-08T00:35:00.000000000Z[0m [INFO] TRADER-001.nautilus_portfolio::portfolio: Updated AccountState(account_id=BINANCE-001, account_type=MARGIN, base_currency=USDT, is_reported=false, balances=[AccountBalance(total=109135.72155781 USDT, locked=2939.10929320 USDT, free=106196.61226461 USDT)], margins=[MarginBalance(initial=0.00000000 USDT, maintenance=2939.10929320 USDT, instrument_id=XRPUSDT-PERP.BINANCE)], event_id=61c29194-ed6b-4c8f-9c43-e8b7bd1fc1f2)[0m
[1m2026-01-08T00:35:00.000000000Z[0m [INFO] TRADER-001.nautilus_trading::strategy: DataActor-140724825183112 <--[EVT] OrderAccepted(instrument_id=XRPUSDT-PERP.BINANCE, client_order_id=O-20260108-003500-001-140724825183112-28, venue_order_id=BINANCE-4-15, account_id=BINANCE-001, ts_event=1767832500000000000)[0m
[1m2026-01-08T00:35:00.000000000Z[0m [1;33m[WARN] TRADER-001.nautilus_common::cache: Cannot calculate unrealized PnL for P-20260108-003500-001-140724825183112-8, no quotes for XRPUSDT-PERP.BINANCE[0m
[1m2026-01-08T00:35:10.000000000Z[0m [1;33m[WARN] TRADER-001.nautilus_common::cache: Cannot calculate unrealized PnL for P-20260108-003500-001-140724825183112-8, no quotes for XRPUSDT-PERP.BINANCE[0m
[1m2026-01-08T00:35:20.000000000Z[0m [1;33m[WARN] TRADER-001.nautilus_common::cache: Cannot calculate unrealized PnL for P-20260108-003500-001-140724825183112-8, no quotes for XRPUSDT-PERP.BINANCE[0m
[1m2026-01-08T00:35:30.000000000Z[0m [1;33m[WARN] TRADER-001.nautilus_common::cache: Cannot calculate unrealized PnL for P-20260108-003500-001-140724825183112-8, no quotes for XRPUSDT-PERP.BINANCE[0m
[1m2026-01-08T00:35:40.000000000Z[0m [1;33m[WARN] TRADER-001.nautilus_common::cache: Cannot calculate unrealized PnL for P-20260108-003500-001-140724825183112-8, no quotes for XRPUSDT-PERP.BINANCE[0m
[1m2026-01-08T00:35:50.000000000Z[0m [1;33m[WARN] TRADER-001.nautilus_common::cache: Cannot calculate unrealized PnL for P-20260108-003500-001-140724825183112-8, no quotes for XRPUSDT-PERP.BINANCE[0m
[1m2026-01-08T00:35:59.999000000Z[0m [1;33m[WARN] TRADER-001.nautilus_common::cache: Cannot calculate unrealized PnL for P-20260108-003500-001-140724825183112-8, no quotes for XRPUSDT-PERP.BINANCE[0m
[1m2026-01-08T00:36:00.000000000Z[0m [1;33m[WARN] TRADER-001.nautilus_common::cache: Cannot calculate unrealized PnL for P-20260108-003500-001-140724825183112-8, no quotes for XRPUSDT-PERP.BINANCE[0m
[1m2026-01-08T00:36:10.000000000Z[0m [1;33m[WARN] TRADER-001.nautilus_common::cache: Cannot calculate unrealized PnL for P-20260108-003500-001-140724825183112-8, no quotes for XRPUSDT-PERP.BINANCE[0m
[1m2026-01-08T00:36:20.000000000Z[0m [1;33m[WARN] TRADER-001.nautilus_common::cache: Cannot calculate unrealized PnL for P-20260108-003500-001-140724825183112-8, no quotes for XRPUSDT-PERP.BINANCE[0m
[1m2026-01-08T00:36:30.000000000Z[0m [1;33m[WARN] TRADER-001.nautilus_common::cache: Cannot calculate unrealized PnL for P-20260108-003500-001-140724825183112-8, no quotes for XRPUSDT-PERP.BINANCE[0m
[1m2026-01-08T00:36:40.000000000Z[0m [1;33m[WARN] TRADER-001.nautilus_common::cache: Cannot calculate unrealized PnL for P-20260108-003500-001-140724825183112-8, no quotes for XRPUSDT-PERP.BINANCE[0m
[1m2026-01-08T00:36:50.000000000Z[0m [1;33m[WARN] TRADER-001.nautilus_common::cache: Cannot calculate unrealized PnL for P-20260108-003500-001-140724825183112-8, no quotes for XRPUSDT-PERP.BINANCE[0m
[1m2026-01-08T00:36:59.999000000Z[0m [1;33m[WARN] TRADER-001.nautilus_common::cache: Cannot calculate unrealized PnL for P-20260108-003500-001-140724825183112-8, no quotes for XRPUSDT-PERP.BINANCE[0m
[1m2026-01-08T00:37:00.000000000Z[0m [1;33m[WARN] TRADER-001.nautilus_common::cache: Cannot calculate unrealized PnL for P-20260108-003500-001-140724825183112-8, no quotes for XRPUSDT-PERP.BINANCE[0m
[1m2026-01-08T00:37:10.000000000Z[0m [1;33m[WARN] TRADER-001.nautilus_common::cache: Cannot calculate unrealized PnL for P-20260108-003500-001-140724825183112-8, no quotes for XRPUSDT-PERP.BINANCE[0m
[1m2026-01-08T00:37:20.000000000Z[0m [1;33m[WARN] TRADER-001.nautilus_common::cache: Cannot calculate unrealized PnL for P-20260108-003500-001-140724825183112-8, no quotes for XRPUSDT-PERP.BINANCE[0m
[1m2026-01-08T00:37:30.000000000Z[0m [1;33m[WARN] TRADER-001.nautilus_common::cache: Cannot calculate unrealized PnL for P-20260108-003500-001-140724825183112-8, no quotes for XRPUSDT-PERP.BINANCE[0m
[1m2026-01-08T00:37:40.000000000Z[0m [1;33m[WARN] TRADER-001.nautilus_common::cache: Cannot calculate unrealized PnL for P-20260108-003500-001-140724825183112-8, no quotes for XRPUSDT-PERP.BINANCE[0m
[1m2026-01-08T00:37:50.000000000Z[0m [1;33m[WARN] TRADER-001.nautilus_common::cache: Cannot calculate unrealized PnL for P-20260108-003500-001-140724825183112-8, no quotes for XRPUSDT-PERP.BINANCE[0m
[1m2026-01-08T00:37:59.999000000Z[0m [1;33m[WARN] TRADER-001.nautilus_common::cache: Cannot calculate unrealized PnL for P-20260108-003500-001-140724825183112-8, no quotes for XRPUSDT-PERP.BINANCE[0m
[1m2026-01-08T00:38:00.000000000Z[0m [1;33m[WARN] TRADER-001.nautilus_common::cache: Cannot calculate unrealized PnL for P-20260108-003500-001-140724825183112-8, no quotes for XRPUSDT-PERP.BINANCE[0m
[1m2026-01-08T00:38:10.000000000Z[0m [1;33m[WARN] TRADER-001.nautilus_common::cache: Cannot calculate unrealized PnL for P-20260108-003500-001-140724825183112-8, no quotes for XRPUSDT-PERP.BINANCE[0m
[1m2026-01-08T00:38:20.000000000Z[0m [1;33m[WARN] TRADER-001.nautilus_common::cache: Cannot calculate unrealized PnL for P-20260108-003500-001-140724825183112-8, no quotes for XRPUSDT-PERP.BINANCE[0m
[1m2026-01-08T00:38:30.000000000Z[0m [1;33m[WARN] TRADER-001.nautilus_common::cache: Cannot calculate unrealized PnL for P-20260108-003500-001-140724825183112-8, no quotes for XRPUSDT-PERP.BINANCE[0m
[1m2026-01-08T00:38:40.000000000Z[0m [1;33m[WARN] TRADER-001.nautilus_common::cache: Cannot calculate unrealized PnL for P-20260108-003500-001-140724825183112-8, no quotes for XRPUSDT-PERP.BINANCE[0m
[1m2026-01-08T00:38:50.000000000Z[0m [1;33m[WARN] TRADER-001.nautilus_common::cache: Cannot calculate unrealized PnL for P-20260108-003500-001-140724825183112-8, no quotes for XRPUSDT-PERP.BINANCE[0m
[1m2026-01-08T00:38:59.999000000Z[0m [1;33m[WARN] TRADER-001.nautilus_common::cache: Cannot calculate unrealized PnL for P-20260108-003500-001-140724825183112-8, no quotes for XRPUSDT-PERP.BINANCE[0m
[1m2026-01-08T00:39:00.000000000Z[0m [1;33m[WARN] TRADER-001.nautilus_common::cache: Cannot calculate unrealized PnL for P-20260108-003500-001-140724825183112-8, no quotes for XRPUSDT-PERP.BINANCE[0m
[1m2026-01-08T00:39:10.000000000Z[0m [1;33m[WARN] TRADER-001.nautilus_common::cache: Cannot calculate unrealized PnL for P-20260108-003500-001-140724825183112-8, no quotes for XRPUSDT-PERP.BINANCE[0m
[1m2026-01-08T00:39:20.000000000Z[0m [1;33m[WARN] TRADER-001.nautilus_common::cache: Cannot calculate unrealized PnL for P-20260108-003500-001-140724825183112-8, no quotes for XRPUSDT-PERP.BINANCE[0m
[1m2026-01-08T00:39:30.000000000Z[0m [1;33m[WARN] TRADER-001.nautilus_common::cache: Cannot calculate unrealized PnL for P-20260108-003500-001-140724825183112-8, no quotes for XRPUSDT-PERP.BINANCE[0m
[1m2026-01-08T00:39:40.000000000Z[0m [1;33m[WARN] TRADER-001.nautilus_common::cache: Cannot calculate unrealized PnL for P-20260108-003500-001-140724825183112-8, no quotes for XRPUSDT-PERP.BINANCE[0m
[1m2026-01-08T00:39:50.000000000Z[0m [1;33m[WARN] TRADER-001.nautilus_common::cache: Cannot calculate unrealized PnL for P-20260108-003500-001-140724825183112-8, no quotes for XRPUSDT-PERP.BINANCE[0m
[1m2026-01-08T00:39:59.999000000Z[0m [1;33m[WARN] TRADER-001.nautilus_common::cache: Cannot calculate unrealized PnL for P-20260108-003500-001-140724825183112-8, no quotes for XRPUSDT-PERP.BINANCE[0m
[1m2026-01-08T00:40:00.000000000Z[0m [1;33m[WARN] TRADER-001.nautilus_common::cache: Cannot calculate unrealized PnL for P-20260108-003500-001-140724825183112-8, no quotes for XRPUSDT-PERP.BINANCE[0m
[1m2026-01-08T00:40:10.000000000Z[0m [1;33m[WARN] TRADER-001.nautilus_common::cache: Cannot calculate unrealized PnL for P-20260108-003500-001-140724825183112-8, no quotes for XRPUSDT-PERP.BINANCE[0m
[1m2026-01-08T00:40:20.000000000Z[0m [1;33m[WARN] TRADER-001.nautilus_common::cache: Cannot calculate unrealized PnL for P-20260108-003500-001-140724825183112-8, no quotes for XRPUSDT-PERP.BINANCE[0m
[1m2026-01-08T00:40:30.000000000Z[0m [1;33m[WARN] TRADER-001.nautilus_common::cache: Cannot calculate unrealized PnL for P-20260108-003500-001-140724825183112-8, no quotes for XRPUSDT-PERP.BINANCE[0m
[1m2026-01-08T00:40:40.000000000Z[0m [1;33m[WARN] TRADER-001.nautilus_common::cache: Cannot calculate unrealized PnL for P-20260108-003500-001-140724825183112-8, no quotes for XRPUSDT-PERP.BINANCE[0m
[1m2026-01-08T00:40:50.000000000Z[0m [1;33m[WARN] TRADER-001.nautilus_common::cache: Cannot calculate unrealized PnL for P-20260108-003500-001-140724825183112-8, no quotes for XRPUSDT-PERP.BINANCE[0m
[1m2026-01-08T00:40:59.999000000Z[0m [1;33m[WARN] TRADER-001.nautilus_common::cache: Cannot calculate unrealized PnL for P-20260108-003500-001-140724825183112-8, no quotes for XRPUSDT-PERP.BINANCE[0m
[1m2026-01-08T00:41:00.000000000Z[0m [1;33m[WARN] TRADER-001.nautilus_common::cache: Cannot calculate unrealized PnL for P-20260108-003500-001-140724825183112-8, no quotes for XRPUSDT-PERP.BINANCE[0m
[1m2026-01-08T00:41:10.000000000Z[0m [1;33m[WARN] TRADER-001.nautilus_common::cache: Cannot calculate unrealized PnL for P-20260108-003500-001-140724825183112-8, no quotes for XRPUSDT-PERP.BINANCE[0m
[1m2026-01-08T00:41:20.000000000Z[0m [1;33m[WARN] TRADER-001.nautilus_common::cache: Cannot calculate unrealized PnL for P-20260108-003500-001-140724825183112-8, no quotes for XRPUSDT-PERP.BINANCE[0m
[1m2026-01-08T00:41:30.000000000Z[0m [1;33m[WARN] TRADER-001.nautilus_common::cache: Cannot calculate unrealized PnL for P-20260108-003500-001-140724825183112-8, no quotes for XRPUSDT-PERP.BINANCE[0m
[1m2026-01-08T00:41:40.000000000Z[0m [1;33m[WARN] TRADER-001.nautilus_common::cache: Cannot calculate unrealized PnL for P-20260108-003500-001-140724825183112-8, no quotes for XRPUSDT-PERP.BINANCE[0m
[1m2026-01-08T00:41:50.000000000Z[0m [1;33m[WARN] TRADER-001.nautilus_common::cache: Cannot calculate unrealized PnL for P-20260108-003500-001-140724825183112-8, no quotes for XRPUSDT-PERP.BINANCE[0m
[1m2026-01-08T00:41:59.999000000Z[0m [1;33m[WARN] TRADER-001.nautilus_common::cache: Cannot calculate unrealized PnL for P-20260108-003500-001-140724825183112-8, no quotes for XRPUSDT-PERP.BINANCE[0m
[1m2026-01-08T00:42:00.000000000Z[0m [1;33m[WARN] TRADER-001.nautilus_common::cache: Cannot calculate unrealized PnL for P-20260108-003500-001-140724825183112-8, no quotes for XRPUSDT-PERP.BINANCE[0m
[1m2026-01-08T00:42:10.000000000Z[0m [1;33m[WARN] TRADER-001.nautilus_common::cache: Cannot calculate unrealized PnL for P-20260108-003500-001-140724825183112-8, no quotes for XRPUSDT-PERP.BINANCE[0m
[1m2026-01-08T00:42:20.000000000Z[0m [1;33m[WARN] TRADER-001.nautilus_common::cache: Cannot calculate unrealized PnL for P-20260108-003500-001-140724825183112-8, no quotes for XRPUSDT-PERP.BINANCE[0m
[1m2026-01-08T00:42:30.000000000Z[0m [1;33m[WARN] TRADER-001.nautilus_common::cache: Cannot calculate unrealized PnL for P-20260108-003500-001-140724825183112-8, no quotes for XRPUSDT-PERP.BINANCE[0m
[1m2026-01-08T00:42:40.000000000Z[0m [1;33m[WARN] TRADER-001.nautilus_common::cache: Cannot calculate unrealized PnL for P-20260108-003500-001-140724825183112-8, no quotes for XRPUSDT-PERP.BINANCE[0m
[1m2026-01-08T00:42:50.000000000Z[0m [1;33m[WARN] TRADER-001.nautilus_common::cache: Cannot calculate unrealized PnL for P-20260108-003500-001-140724825183112-8, no quotes for XRPUSDT-PERP.BINANCE[0m
[1m2026-01-08T00:42:59.999000000Z[0m [1;33m[WARN] TRADER-001.nautilus_common::cache: Cannot calculate unrealized PnL for P-20260108-003500-001-140724825183112-8, no quotes for XRPUSDT-PERP.BINANCE[0m
[1m2026-01-08T00:43:00.000000000Z[0m [1;33m[WARN] TRADER-001.nautilus_common::cache: Cannot calculate unrealized PnL for P-20260108-003500-001-140724825183112-8, no quotes for XRPUSDT-PERP.BINANCE[0m
[1m2026-01-08T00:43:10.000000000Z[0m [1;33m[WARN] TRADER-001.nautilus_common::cache: Cannot calculate unrealized PnL for P-20260108-003500-001-140724825183112-8, no quotes for XRPUSDT-PERP.BINANCE[0m
[1m2026-01-08T00:43:20.000000000Z[0m [INFO] TRADER-001.nautilus_portfolio::manager: XRPUSDT-PERP.BINANCE margin_init=0.00000000 USDT[0m
[1m2026-01-08T00:43:20.000000000Z[0m [INFO] TRADER-001.nautilus_trading::strategy: DataActor-140724825183112 <--[EVT] OrderFilled(instrument_id=XRPUSDT-PERP.BINANCE, client_order_id=O-20260108-003500-001-140724825183112-27, venue_order_id=BINANCE-4-14, account_id=BINANCE-001, trade_id=T-5b71f9c459a627b1-74538, position_id=P-20260108-003500-001-140724825183112-8, order_side=BUY, order_type=STOP_MARKET, last_qty=341_534.5, last_px=2.1554 USDT, commission=441.68607678 USDT, liquidity_side=TAKER, ts_event=1767833000000000000)[0m
[1m2026-01-08T00:43:20.000000000Z[0m [INFO] TRADER-001.nautilus_portfolio::portfolio: XRPUSDT-PERP.BINANCE net_position=0[0m
[1m2026-01-08T00:43:20.000000000Z[0m [INFO] TRADER-001.nautilus_portfolio::manager: XRPUSDT-PERP.BINANCE margin_maint=0.00000000 USDT[0m
[1m2026-01-08T00:43:20.000000000Z[0m [INFO] TRADER-001.nautilus_portfolio::portfolio: Updated AccountState(account_id=BINANCE-001, account_type=MARGIN, base_currency=USDT, is_reported=false, balances=[AccountBalance(total=107327.89748103 USDT, locked=0.00000000 USDT, free=107327.89748103 USDT)], margins=[], event_id=0772fed7-91dd-474c-a6f3-8d85a481ab70)[0m
[1m2026-01-08T00:43:20.000000000Z[0m [INFO] TRADER-001.nautilus_trading::strategy: DataActor-140724825183112 <--[EVT] PositionClosed(PositionClosed { trader_id: "TRADER-001", strategy_id: "DataActor-140724825183112", instrument_id: "XRPUSDT-PERP.BINANCE", position_id: "P-20260108-003500-001-140724825183112-8", account_id: "BINANCE-001", opening_order_id: "O-20260108-003500-001-140724825183112-26", closing_order_id: Some("O-20260108-003500-001-140724825183112-27"), entry: Sell, side: Flat, signed_qty: 0.0, quantity: Quantity(0.0), peak_quantity: Quantity(341534.5), last_qty: Quantity(341534.5), last_px: Price(2.1554), currency: Currency(code='USDT', precision=8, iso4217=0, name='Tether', currency_type=CRYPTO), avg_px_open: 2.1514, avg_px_close: Some(2.1554), realized_return: -0.0018592544389699746, realized_pnl: Some(Money(-2248.69047076, USDT)), unrealized_pnl: Money(0.00000000, USDT), duration: 500000000000, event_id: UUID4(5b69c892-42d7-40cd-a42f-0c94a213c3d8), ts_opened: UnixNanos(1767832500000000000), ts_closed: Some(UnixNanos(1767833000000000000)), ts_event: UnixNanos(1767833000000000000), ts_init: UnixNanos(1767833000000000000) })[0m
[1m2026-01-08T00:43:20.000000000Z[0m [INFO] TRADER-001.nautilus_portfolio::manager: XRPUSDT-PERP.BINANCE margin_init=0.00000000 USDT[0m
[1m2026-01-08T00:43:20.000000000Z[0m [INFO] TRADER-001.nautilus_portfolio::portfolio: Updated AccountState(account_id=BINANCE-001, account_type=MARGIN, base_currency=USDT, is_reported=false, balances=[AccountBalance(total=107327.89748103 USDT, locked=0.00000000 USDT, free=107327.89748103 USDT)], margins=[], event_id=262dd75e-8489-4480-9e7d-5856d5b2fde1)[0m
[1m2026-01-08T00:43:20.000000000Z[0m [INFO] TRADER-001.nautilus_trading::strategy: DataActor-140724825183112 <--[EVT] OrderCanceled(instrument_id=XRPUSDT-PERP.BINANCE, client_order_id=O-20260108-003500-001-140724825183112-28, venue_order_id=BINANCE-4-15, account_id=BINANCE-001, ts_event=1767833000000000000)[0m
[1m2026-01-08T15:05:00.000000000Z[0m [INFO] TRADER-001.nautilus_trading::strategy: DataActor-140724825183112 <--[EVT] OrderInitialized(instrument_id=BTCUSDT-PERP.BINANCE, client_order_id=O-20260108-150500-001-140724825183112-29, side=SELL, type=MARKET, quantity=8.251, time_in_force=GTC, post_only=false, reduce_only=false, quote_quantity=false, price=None, emulation_trigger=None, trigger_instrument_id=None, contingency_type=OTO, order_list_id=OL-20260108-150500-001-140724825183112-9, linked_order_ids=[O-20260108-150500-001-140724825183112-30, O-20260108-150500-001-140724825183112-31], parent_order_id=None, exec_algorithm_id=None, exec_algorithm_params=None, exec_spawn_id=None, tags=opening-pullback-direct-diagnostic-btcusdt-new_york-2026-01-08-00056, BREAKOUT_ACCEPTANCE_CONTINUATION, SHORT, TEN_SECOND_MARKET_ENTRY)[0m
[1m2026-01-08T15:05:00.000000000Z[0m [INFO] TRADER-001.nautilus_trading::strategy: DataActor-140724825183112 <--[EVT] OrderInitialized(instrument_id=BTCUSDT-PERP.BINANCE, client_order_id=O-20260108-150500-001-140724825183112-30, side=BUY, type=STOP_MARKET, quantity=8.251, time_in_force=GTC, post_only=false, reduce_only=true, quote_quantity=false, price=None, emulation_trigger=None, trigger_instrument_id=None, contingency_type=OUO, order_list_id=OL-20260108-150500-001-140724825183112-9, linked_order_ids=[O-20260108-150500-001-140724825183112-31], parent_order_id=O-20260108-150500-001-140724825183112-29, exec_algorithm_id=None, exec_algorithm_params=None, exec_spawn_id=None, tags=opening-pullback-direct-diagnostic-btcusdt-new_york-2026-01-08-00056, OBSERVED_RETEST_INVALIDATION)[0m
[1m2026-01-08T15:05:00.000000000Z[0m [INFO] TRADER-001.nautilus_trading::strategy: DataActor-140724825183112 <--[EVT] OrderInitialized(instrument_id=BTCUSDT-PERP.BINANCE, client_order_id=O-20260108-150500-001-140724825183112-31, side=BUY, type=LIMIT, quantity=8.251, time_in_force=GTC, post_only=false, reduce_only=true, quote_quantity=false, price=88349.8, emulation_trigger=None, trigger_instrument_id=None, contingency_type=OUO, order_list_id=OL-20260108-150500-001-140724825183112-9, linked_order_ids=[O-20260108-150500-001-140724825183112-30], parent_order_id=O-20260108-150500-001-140724825183112-29, exec_algorithm_id=None, exec_algorithm_params=None, exec_spawn_id=None, tags=opening-pullback-direct-diagnostic-btcusdt-new_york-2026-01-08-00056, ACTIVE_COMPLETED_EXTERNAL_TARGET)[0m
[1m2026-01-08T15:05:00.000000000Z[0m [INFO] TRADER-001.nautilus_trading::strategy: DataActor-140724825183112 [CMD]--> SubmitOrderList[0m
[1m2026-01-08T15:05:00.000000000Z[0m [94m[INFO] TRADER-001.nautilus_execution::engine: Submit OrderList(id=OL-20260108-150500-001-140724825183112-9, instrument_id=BTCUSDT-PERP.BINANCE, strategy_id=DataActor-140724825183112, client_order_ids=["O-20260108-150500-001-140724825183112-29", "O-20260108-150500-001-140724825183112-30", "O-20260108-150500-001-140724825183112-31"], ts_init=1767884700000000000)[0m
[1m2026-01-08T15:05:00.000000000Z[0m [INFO] TRADER-001.nautilus_trading::strategy: DataActor-140724825183112 <--[EVT] OrderSubmitted(instrument_id=BTCUSDT-PERP.BINANCE, client_order_id=O-20260108-150500-001-140724825183112-29, account_id=BINANCE-001, ts_event=1767884700000000000)[0m
[1m2026-01-08T15:05:00.000000000Z[0m [INFO] TRADER-001.nautilus_trading::strategy: DataActor-140724825183112 <--[EVT] OrderSubmitted(instrument_id=BTCUSDT-PERP.BINANCE, client_order_id=O-20260108-150500-001-140724825183112-30, account_id=BINANCE-001, ts_event=1767884700000000000)[0m
[1m2026-01-08T15:05:00.000000000Z[0m [INFO] TRADER-001.nautilus_trading::strategy: DataActor-140724825183112 <--[EVT] OrderSubmitted(instrument_id=BTCUSDT-PERP.BINANCE, client_order_id=O-20260108-150500-001-140724825183112-31, account_id=BINANCE-001, ts_event=1767884700000000000)[0m
[1m2026-01-08T15:05:00.000000000Z[0m [INFO] TRADER-001.nautilus_portfolio::manager: BTCUSDT-PERP.BINANCE margin_init=0.00000000 USDT[0m
[1m2026-01-08T15:05:00.000000000Z[0m [INFO] TRADER-001.nautilus_trading::strategy: DataActor-140724825183112 <--[EVT] OrderFilled(instrument_id=BTCUSDT-PERP.BINANCE, client_order_id=O-20260108-150500-001-140724825183112-29, venue_order_id=BINANCE-1-4, account_id=BINANCE-001, trade_id=T-1ac25abf05302773-80854, position_id=P-20260108-150500-001-140724825183112-9, order_side=SELL, order_type=MARKET, last_qty=8.251, last_px=89_851.2 USDT, commission=444.81735072 USDT, liquidity_side=TAKER, ts_event=1767884700000000000)[0m
[1m2026-01-08T15:05:00.000000000Z[0m [INFO] TRADER-001.nautilus_portfolio::portfolio: BTCUSDT-PERP.BINANCE net_position=-8.251[0m
[1m2026-01-08T15:05:00.000000000Z[0m [INFO] TRADER-001.nautilus_portfolio::manager: BTCUSDT-PERP.BINANCE margin_maint=2965.44900480 USDT[0m
[1m2026-01-08T15:05:00.000000000Z[0m [INFO] TRADER-001.nautilus_portfolio::portfolio: Updated AccountState(account_id=BINANCE-001, account_type=MARGIN, base_currency=USDT, is_reported=false, balances=[AccountBalance(total=106883.08013031 USDT, locked=2965.44900480 USDT, free=103917.63112551 USDT)], margins=[MarginBalance(initial=0.00000000 USDT, maintenance=2965.44900480 USDT, instrument_id=BTCUSDT-PERP.BINANCE)], event_id=89a10882-b122-42d4-a7ac-fb22f7b7d865)[0m
[1m2026-01-08T15:05:00.000000000Z[0m [INFO] TRADER-001.nautilus_trading::strategy: DataActor-140724825183112 <--[EVT] PositionOpened(PositionOpened { trader_id: "TRADER-001", strategy_id: "DataActor-140724825183112", instrument_id: "BTCUSDT-PERP.BINANCE", position_id: "P-20260108-150500-001-140724825183112-9", account_id: "BINANCE-001", opening_order_id: "O-20260108-150500-001-140724825183112-29", entry: Sell, side: Short, signed_qty: -8.251, quantity: Quantity(8.251), last_qty: Quantity(8.251), last_px: Price(89851.2), currency: Currency(code='USDT', precision=8, iso4217=0, name='Tether', currency_type=CRYPTO), avg_px_open: 89851.2, event_id: UUID4(7858276e-f6cc-49aa-9cfa-8a50cb748d5d), ts_event: UnixNanos(1767884700000000000), ts_init: UnixNanos(1767884700000000000) })[0m
[1m2026-01-08T15:05:00.000000000Z[0m [INFO] TRADER-001.nautilus_portfolio::manager: BTCUSDT-PERP.BINANCE margin_init=0.00000000 USDT[0m
[1m2026-01-08T15:05:00.000000000Z[0m [INFO] TRADER-001.nautilus_portfolio::portfolio: Updated AccountState(account_id=BINANCE-001, account_type=MARGIN, base_currency=USDT, is_reported=false, balances=[AccountBalance(total=106883.08013031 USDT, locked=2965.44900480 USDT, free=103917.63112551 USDT)], margins=[MarginBalance(initial=0.00000000 USDT, maintenance=2965.44900480 USDT, instrument_id=BTCUSDT-PERP.BINANCE)], event_id=a88ae426-6a1a-43b2-b4cf-10ceb925f72c)[0m
[1m2026-01-08T15:05:00.000000000Z[0m [INFO] TRADER-001.nautilus_trading::strategy: DataActor-140724825183112 <--[EVT] OrderAccepted(instrument_id=BTCUSDT-PERP.BINANCE, client_order_id=O-20260108-150500-001-140724825183112-30, venue_order_id=BINANCE-1-5, account_id=BINANCE-001, ts_event=1767884700000000000)[0m
[1m2026-01-08T15:05:00.000000000Z[0m [INFO] TRADER-001.nautilus_portfolio::manager: BTCUSDT-PERP.BINANCE margin_init=0.00000000 USDT[0m
[1m2026-01-08T15:05:00.000000000Z[0m [INFO] TRADER-001.nautilus_portfolio::portfolio: Updated AccountState(account_id=BINANCE-001, account_type=MARGIN, base_currency=USDT, is_reported=false, balances=[AccountBalance(total=106883.08013031 USDT, locked=2965.44900480 USDT, free=103917.63112551 USDT)], margins=[MarginBalance(initial=0.00000000 USDT, maintenance=2965.44900480 USDT, instrument_id=BTCUSDT-PERP.BINANCE)], event_id=18d6ea2b-2ce8-418d-8a44-7d7dc8b1d12e)[0m
[1m2026-01-08T15:05:00.000000000Z[0m [INFO] TRADER-001.nautilus_trading::strategy: DataActor-140724825183112 <--[EVT] OrderAccepted(instrument_id=BTCUSDT-PERP.BINANCE, client_order_id=O-20260108-150500-001-140724825183112-31, venue_order_id=BINANCE-1-6, account_id=BINANCE-001, ts_event=1767884700000000000)[0m
[1m2026-01-08T15:05:00.000000000Z[0m [1;33m[WARN] TRADER-001.nautilus_common::cache: Cannot calculate unrealized PnL for P-20260108-150500-001-140724825183112-9, no quotes for BTCUSDT-PERP.BINANCE[0m
[1m2026-01-08T15:05:10.000000000Z[0m [1;33m[WARN] TRADER-001.nautilus_common::cache: Cannot calculate unrealized PnL for P-20260108-150500-001-140724825183112-9, no quotes for BTCUSDT-PERP.BINANCE[0m
[1m2026-01-08T15:05:20.000000000Z[0m [1;33m[WARN] TRADER-001.nautilus_common::cache: Cannot calculate unrealized PnL for P-20260108-150500-001-140724825183112-9, no quotes for BTCUSDT-PERP.BINANCE[0m
[1m2026-01-08T15:05:30.000000000Z[0m [1;33m[WARN] TRADER-001.nautilus_common::cache: Cannot calculate unrealized PnL for P-20260108-150500-001-140724825183112-9, no quotes for BTCUSDT-PERP.BINANCE[0m
[1m2026-01-08T15:05:40.000000000Z[0m [INFO] TRADER-001.nautilus_portfolio::manager: BTCUSDT-PERP.BINANCE margin_init=0.00000000 USDT[0m
[1m2026-01-08T15:05:40.000000000Z[0m [INFO] TRADER-001.nautilus_trading::strategy: DataActor-140724825183112 <--[EVT] OrderFilled(instrument_id=BTCUSDT-PERP.BINANCE, client_order_id=O-20260108-150500-001-140724825183112-30, venue_order_id=BINANCE-1-5, account_id=BINANCE-001, trade_id=T-c1269183c3ef90e3-80868, position_id=P-20260108-150500-001-140724825183112-9, order_side=BUY, order_type=STOP_MARKET, last_qty=8.251, last_px=90_027.8 USDT, commission=445.69162668 USDT, liquidity_side=TAKER, ts_event=1767884740000000000)[0m
[1m2026-01-08T15:05:40.000000000Z[0m [INFO] TRADER-001.nautilus_portfolio::portfolio: BTCUSDT-PERP.BINANCE net_position=0[0m
[1m2026-01-08T15:05:40.000000000Z[0m [INFO] TRADER-001.nautilus_portfolio::manager: BTCUSDT-PERP.BINANCE margin_maint=0.00000000 USDT[0m
[1m2026-01-08T15:05:40.000000000Z[0m [INFO] TRADER-001.nautilus_portfolio::portfolio: Updated AccountState(account_id=BINANCE-001, account_type=MARGIN, base_currency=USDT, is_reported=false, balances=[AccountBalance(total=104980.26190363 USDT, locked=0.00000000 USDT, free=104980.26190363 USDT)], margins=[], event_id=64869cd7-6ffa-4b6a-8382-468e592ae7c1)[0m
[1m2026-01-08T15:05:40.000000000Z[0m [INFO] TRADER-001.nautilus_trading::strategy: DataActor-140724825183112 <--[EVT] PositionClosed(PositionClosed { trader_id: "TRADER-001", strategy_id: "DataActor-140724825183112", instrument_id: "BTCUSDT-PERP.BINANCE", position_id: "P-20260108-150500-001-140724825183112-9", account_id: "BINANCE-001", opening_order_id: "O-20260108-150500-001-140724825183112-29", closing_order_id: Some("O-20260108-150500-001-140724825183112-30"), entry: Sell, side: Flat, signed_qty: 0.0, quantity: Quantity(0.000), peak_quantity: Quantity(8.251), last_qty: Quantity(8.251), last_px: Price(90027.8), currency: Currency(code='USDT', precision=8, iso4217=0, name='Tether', currency_type=CRYPTO), avg_px_open: 89851.2, avg_px_close: Some(90027.8), realized_return: -0.0019654718022687045, realized_pnl: Some(Money(-2347.63557740, USDT)), unrealized_pnl: Money(0.00000000, USDT), duration: 40000000000, event_id: UUID4(7694919f-1acf-4cc9-bbaa-40ccfaa7fda8), ts_opened: UnixNanos(1767884700000000000), ts_closed: Some(UnixNanos(1767884740000000000)), ts_event: UnixNanos(1767884740000000000), ts_init: UnixNanos(1767884740000000000) })[0m
[1m2026-01-08T15:05:40.000000000Z[0m [INFO] TRADER-001.nautilus_portfolio::manager: BTCUSDT-PERP.BINANCE margin_init=0.00000000 USDT[0m
[1m2026-01-08T15:05:40.000000000Z[0m [INFO] TRADER-001.nautilus_portfolio::portfolio: Updated AccountState(account_id=BINANCE-001, account_type=MARGIN, base_currency=USDT, is_reported=false, balances=[AccountBalance(total=104980.26190363 USDT, locked=0.00000000 USDT, free=104980.26190363 USDT)], margins=[], event_id=9303a3b4-d2fa-434d-9481-699f6acc288e)[0m
[1m2026-01-08T15:05:40.000000000Z[0m [INFO] TRADER-001.nautilus_trading::strategy: DataActor-140724825183112 <--[EVT] OrderCanceled(instrument_id=BTCUSDT-PERP.BINANCE, client_order_id=O-20260108-150500-001-140724825183112-31, venue_order_id=BINANCE-1-6, account_id=BINANCE-001, ts_event=1767884740000000000)[0m
[1m2026-01-09T08:35:00.000000000Z[0m [INFO] TRADER-001.nautilus_trading::strategy: DataActor-140724825183112 <--[EVT] OrderInitialized(instrument_id=SOLUSDT-PERP.BINANCE, client_order_id=O-20260109-083500-001-140724825183112-32, side=BUY, type=MARKET, quantity=4754.6, time_in_force=GTC, post_only=false, reduce_only=false, quote_quantity=false, price=None, emulation_trigger=None, trigger_instrument_id=None, contingency_type=OTO, order_list_id=OL-20260109-083500-001-140724825183112-10, linked_order_ids=[O-20260109-083500-001-140724825183112-33, O-20260109-083500-001-140724825183112-34], parent_order_id=None, exec_algorithm_id=None, exec_algorithm_params=None, exec_spawn_id=None, tags=opening-pullback-direct-diagnostic-solusdt-london-2026-01-09-00058, BREAKOUT_ACCEPTANCE_CONTINUATION, LONG, TEN_SECOND_MARKET_ENTRY)[0m
[1m2026-01-09T08:35:00.000000000Z[0m [INFO] TRADER-001.nautilus_trading::strategy: DataActor-140724825183112 <--[EVT] OrderInitialized(instrument_id=SOLUSDT-PERP.BINANCE, client_order_id=O-20260109-083500-001-140724825183112-33, side=SELL, type=STOP_MARKET, quantity=4754.6, time_in_force=GTC, post_only=false, reduce_only=true, quote_quantity=false, price=None, emulation_trigger=None, trigger_instrument_id=None, contingency_type=OUO, order_list_id=OL-20260109-083500-001-140724825183112-10, linked_order_ids=[O-20260109-083500-001-140724825183112-34], parent_order_id=O-20260109-083500-001-140724825183112-32, exec_algorithm_id=None, exec_algorithm_params=None, exec_spawn_id=None, tags=opening-pullback-direct-diagnostic-solusdt-london-2026-01-09-00058, OBSERVED_RETEST_INVALIDATION)[0m
[1m2026-01-09T08:35:00.000000000Z[0m [INFO] TRADER-001.nautilus_trading::strategy: DataActor-140724825183112 <--[EVT] OrderInitialized(instrument_id=SOLUSDT-PERP.BINANCE, client_order_id=O-20260109-083500-001-140724825183112-34, side=SELL, type=LIMIT, quantity=4754.6, time_in_force=GTC, post_only=false, reduce_only=true, quote_quantity=false, price=140.709, emulation_trigger=None, trigger_instrument_id=None, contingency_type=OUO, order_list_id=OL-20260109-083500-001-140724825183112-10, linked_order_ids=[O-20260109-083500-001-140724825183112-33], parent_order_id=O-20260109-083500-001-140724825183112-32, exec_algorithm_id=None, exec_algorithm_params=None, exec_spawn_id=None, tags=opening-pullback-direct-diagnostic-solusdt-london-2026-01-09-00058, ACTIVE_COMPLETED_EXTERNAL_TARGET)[0m
[1m2026-01-09T08:35:00.000000000Z[0m [INFO] TRADER-001.nautilus_trading::strategy: DataActor-140724825183112 [CMD]--> SubmitOrderList[0m
[1m2026-01-09T08:35:00.000000000Z[0m [94m[INFO] TRADER-001.nautilus_execution::engine: Submit OrderList(id=OL-20260109-083500-001-140724825183112-10, instrument_id=SOLUSDT-PERP.BINANCE, strategy_id=DataActor-140724825183112, client_order_ids=["O-20260109-083500-001-140724825183112-32", "O-20260109-083500-001-140724825183112-33", "O-20260109-083500-001-140724825183112-34"], ts_init=1767947700000000000)[0m
[1m2026-01-09T08:35:00.000000000Z[0m [INFO] TRADER-001.nautilus_trading::strategy: DataActor-140724825183112 <--[EVT] OrderSubmitted(instrument_id=SOLUSDT-PERP.BINANCE, client_order_id=O-20260109-083500-001-140724825183112-32, account_id=BINANCE-001, ts_event=1767947700000000000)[0m
[1m2026-01-09T08:35:00.000000000Z[0m [INFO] TRADER-001.nautilus_trading::strategy: DataActor-140724825183112 <--[EVT] OrderSubmitted(instrument_id=SOLUSDT-PERP.BINANCE, client_order_id=O-20260109-083500-001-140724825183112-33, account_id=BINANCE-001, ts_event=1767947700000000000)[0m
[1m2026-01-09T08:35:00.000000000Z[0m [INFO] TRADER-001.nautilus_trading::strategy: DataActor-140724825183112 <--[EVT] OrderSubmitted(instrument_id=SOLUSDT-PERP.BINANCE, client_order_id=O-20260109-083500-001-140724825183112-34, account_id=BINANCE-001, ts_event=1767947700000000000)[0m
[1m2026-01-09T08:35:00.000000000Z[0m [INFO] TRADER-001.nautilus_portfolio::manager: SOLUSDT-PERP.BINANCE margin_init=0.00000000 USDT[0m
[1m2026-01-09T08:35:00.000000000Z[0m [INFO] TRADER-001.nautilus_trading::strategy: DataActor-140724825183112 <--[EVT] OrderFilled(instrument_id=SOLUSDT-PERP.BINANCE, client_order_id=O-20260109-083500-001-140724825183112-32, venue_order_id=BINANCE-3-1, account_id=BINANCE-001, trade_id=T-65ccb1bbb7a18f9f-99327, position_id=P-20260109-083500-001-140724825183112-10, order_side=BUY, order_type=MARKET, last_qty=4_754.6, last_px=138.632 USDT, commission=395.48382432 USDT, liquidity_side=TAKER, ts_event=1767947700000000000)[0m
[1m2026-01-09T08:35:00.000000000Z[0m [INFO] TRADER-001.nautilus_portfolio::portfolio: SOLUSDT-PERP.BINANCE net_position=4754.6[0m
[1m2026-01-09T08:35:00.000000000Z[0m [INFO] TRADER-001.nautilus_portfolio::manager: SOLUSDT-PERP.BINANCE margin_maint=2636.55882880 USDT[0m
[1m2026-01-09T08:35:00.000000000Z[0m [INFO] TRADER-001.nautilus_portfolio::portfolio: Updated AccountState(account_id=BINANCE-001, account_type=MARGIN, base_currency=USDT, is_reported=false, balances=[AccountBalance(total=104584.77807931 USDT, locked=2636.55882880 USDT, free=101948.21925051 USDT)], margins=[MarginBalance(initial=0.00000000 USDT, maintenance=2636.55882880 USDT, instrument_id=SOLUSDT-PERP.BINANCE)], event_id=ad1d113b-660f-4da2-8be3-121333c92bb7)[0m
[1m2026-01-09T08:35:00.000000000Z[0m [INFO] TRADER-001.nautilus_trading::strategy: DataActor-140724825183112 <--[EVT] PositionOpened(PositionOpened { trader_id: "TRADER-001", strategy_id: "DataActor-140724825183112", instrument_id: "SOLUSDT-PERP.BINANCE", position_id: "P-20260109-083500-001-140724825183112-10", account_id: "BINANCE-001", opening_order_id: "O-20260109-083500-001-140724825183112-32", entry: Buy, side: Long, signed_qty: 4754.6, quantity: Quantity(4754.6), last_qty: Quantity(4754.6), last_px: Price(138.632), currency: Currency(code='USDT', precision=8, iso4217=0, name='Tether', currency_type=CRYPTO), avg_px_open: 138.632, event_id: UUID4(0b084047-0c12-4b2a-bdcf-7e4778d9ff80), ts_event: UnixNanos(1767947700000000000), ts_init: UnixNanos(1767947700000000000) })[0m
[1m2026-01-09T08:35:00.000000000Z[0m [INFO] TRADER-001.nautilus_portfolio::manager: SOLUSDT-PERP.BINANCE margin_init=0.00000000 USDT[0m
[1m2026-01-09T08:35:00.000000000Z[0m [INFO] TRADER-001.nautilus_portfolio::portfolio: Updated AccountState(account_id=BINANCE-001, account_type=MARGIN, base_currency=USDT, is_reported=false, balances=[AccountBalance(total=104584.77807931 USDT, locked=2636.55882880 USDT, free=101948.21925051 USDT)], margins=[MarginBalance(initial=0.00000000 USDT, maintenance=2636.55882880 USDT, instrument_id=SOLUSDT-PERP.BINANCE)], event_id=057dda8b-9c6b-444e-bd82-9b704d9699cf)[0m
[1m2026-01-09T08:35:00.000000000Z[0m [INFO] TRADER-001.nautilus_trading::strategy: DataActor-140724825183112 <--[EVT] OrderAccepted(instrument_id=SOLUSDT-PERP.BINANCE, client_order_id=O-20260109-083500-001-140724825183112-33, venue_order_id=BINANCE-3-2, account_id=BINANCE-001, ts_event=1767947700000000000)[0m
[1m2026-01-09T08:35:00.000000000Z[0m [INFO] TRADER-001.nautilus_portfolio::manager: SOLUSDT-PERP.BINANCE margin_init=0.00000000 USDT[0m
[1m2026-01-09T08:35:00.000000000Z[0m [INFO] TRADER-001.nautilus_portfolio::portfolio: Updated AccountState(account_id=BINANCE-001, account_type=MARGIN, base_currency=USDT, is_reported=false, balances=[AccountBalance(total=104584.77807931 USDT, locked=2636.55882880 USDT, free=101948.21925051 USDT)], margins=[MarginBalance(initial=0.00000000 USDT, maintenance=2636.55882880 USDT, instrument_id=SOLUSDT-PERP.BINANCE)], event_id=0196817b-eb82-4816-9284-4291d44ef902)[0m
[1m2026-01-09T08:35:00.000000000Z[0m [INFO] TRADER-001.nautilus_trading::strategy: DataActor-140724825183112 <--[EVT] OrderAccepted(instrument_id=SOLUSDT-PERP.BINANCE, client_order_id=O-20260109-083500-001-140724825183112-34, venue_order_id=BINANCE-3-3, account_id=BINANCE-001, ts_event=1767947700000000000)[0m
[1m2026-01-09T08:35:00.000000000Z[0m [1;33m[WARN] TRADER-001.nautilus_common::cache: Cannot calculate unrealized PnL for P-20260109-083500-001-140724825183112-10, no quotes for SOLUSDT-PERP.BINANCE[0m
[1m2026-01-09T08:35:10.000000000Z[0m [1;33m[WARN] TRADER-001.nautilus_common::cache: Cannot calculate unrealized PnL for P-20260109-083500-001-140724825183112-10, no quotes for SOLUSDT-PERP.BINANCE[0m
[1m2026-01-09T08:35:20.000000000Z[0m [1;33m[WARN] TRADER-001.nautilus_common::cache: Cannot calculate unrealized PnL for P-20260109-083500-001-140724825183112-10, no quotes for SOLUSDT-PERP.BINANCE[0m
[1m2026-01-09T08:35:30.000000000Z[0m [1;33m[WARN] TRADER-001.nautilus_common::cache: Cannot calculate unrealized PnL for P-20260109-083500-001-140724825183112-10, no quotes for SOLUSDT-PERP.BINANCE[0m
[1m2026-01-09T08:35:40.000000000Z[0m [1;33m[WARN] TRADER-001.nautilus_common::cache: Cannot calculate unrealized PnL for P-20260109-083500-001-140724825183112-10, no quotes for SOLUSDT-PERP.BINANCE[0m
[1m2026-01-09T08:35:50.000000000Z[0m [1;33m[WARN] TRADER-001.nautilus_common::cache: Cannot calculate unrealized PnL for P-20260109-083500-001-140724825183112-10, no quotes for SOLUSDT-PERP.BINANCE[0m
[1m2026-01-09T08:35:59.999000000Z[0m [1;33m[WARN] TRADER-001.nautilus_common::cache: Cannot calculate unrealized PnL for P-20260109-083500-001-140724825183112-10, no quotes for SOLUSDT-PERP.BINANCE[0m
[1m2026-01-09T08:36:00.000000000Z[0m [1;33m[WARN] TRADER-001.nautilus_common::cache: Cannot calculate unrealized PnL for P-20260109-083500-001-140724825183112-10, no quotes for SOLUSDT-PERP.BINANCE[0m
[1m2026-01-09T08:36:10.000000000Z[0m [1;33m[WARN] TRADER-001.nautilus_common::cache: Cannot calculate unrealized PnL for P-20260109-083500-001-140724825183112-10, no quotes for SOLUSDT-PERP.BINANCE[0m
[1m2026-01-09T08:36:20.000000000Z[0m [1;33m[WARN] TRADER-001.nautilus_common::cache: Cannot calculate unrealized PnL for P-20260109-083500-001-140724825183112-10, no quotes for SOLUSDT-PERP.BINANCE[0m
[1m2026-01-09T08:36:30.000000000Z[0m [1;33m[WARN] TRADER-001.nautilus_common::cache: Cannot calculate unrealized PnL for P-20260109-083500-001-140724825183112-10, no quotes for SOLUSDT-PERP.BINANCE[0m
[1m2026-01-09T08:36:40.000000000Z[0m [1;33m[WARN] TRADER-001.nautilus_common::cache: Cannot calculate unrealized PnL for P-20260109-083500-001-140724825183112-10, no quotes for SOLUSDT-PERP.BINANCE[0m
[1m2026-01-09T08:36:50.000000000Z[0m [1;33m[WARN] TRADER-001.nautilus_common::cache: Cannot calculate unrealized PnL for P-20260109-083500-001-140724825183112-10, no quotes for SOLUSDT-PERP.BINANCE[0m
[1m2026-01-09T08:36:59.999000000Z[0m [1;33m[WARN] TRADER-001.nautilus_common::cache: Cannot calculate unrealized PnL for P-20260109-083500-001-140724825183112-10, no quotes for SOLUSDT-PERP.BINANCE[0m
[1m2026-01-09T08:37:00.000000000Z[0m [1;33m[WARN] TRADER-001.nautilus_common::cache: Cannot calculate unrealized PnL for P-20260109-083500-001-140724825183112-10, no quotes for SOLUSDT-PERP.BINANCE[0m
[1m2026-01-09T08:37:10.000000000Z[0m [1;33m[WARN] TRADER-001.nautilus_common::cache: Cannot calculate unrealized PnL for P-20260109-083500-001-140724825183112-10, no quotes for SOLUSDT-PERP.BINANCE[0m
[1m2026-01-09T08:37:20.000000000Z[0m [1;33m[WARN] TRADER-001.nautilus_common::cache: Cannot calculate unrealized PnL for P-20260109-083500-001-140724825183112-10, no quotes for SOLUSDT-PERP.BINANCE[0m
[1m2026-01-09T08:37:30.000000000Z[0m [1;33m[WARN] TRADER-001.nautilus_common::cache: Cannot calculate unrealized PnL for P-20260109-083500-001-140724825183112-10, no quotes for SOLUSDT-PERP.BINANCE[0m
[1m2026-01-09T08:37:40.000000000Z[0m [1;33m[WARN] TRADER-001.nautilus_common::cache: Cannot calculate unrealized PnL for P-20260109-083500-001-140724825183112-10, no quotes for SOLUSDT-PERP.BINANCE[0m
[1m2026-01-09T08:37:50.000000000Z[0m [1;33m[WARN] TRADER-001.nautilus_common::cache: Cannot calculate unrealized PnL for P-20260109-083500-001-140724825183112-10, no quotes for SOLUSDT-PERP.BINANCE[0m
[1m2026-01-09T08:37:59.999000000Z[0m [1;33m[WARN] TRADER-001.nautilus_common::cache: Cannot calculate unrealized PnL for P-20260109-083500-001-140724825183112-10, no quotes for SOLUSDT-PERP.BINANCE[0m
[1m2026-01-09T08:38:00.000000000Z[0m [1;33m[WARN] TRADER-001.nautilus_common::cache: Cannot calculate unrealized PnL for P-20260109-083500-001-140724825183112-10, no quotes for SOLUSDT-PERP.BINANCE[0m
[1m2026-01-09T08:38:10.000000000Z[0m [INFO] TRADER-001.nautilus_portfolio::manager: SOLUSDT-PERP.BINANCE margin_init=0.00000000 USDT[0m
[1m2026-01-09T08:38:10.000000000Z[0m [INFO] TRADER-001.nautilus_trading::strategy: DataActor-140724825183112 <--[EVT] OrderFilled(instrument_id=SOLUSDT-PERP.BINANCE, client_order_id=O-20260109-083500-001-140724825183112-33, venue_order_id=BINANCE-3-2, account_id=BINANCE-001, trade_id=T-780410f882d0da9a-99381, position_id=P-20260109-083500-001-140724825183112-10, order_side=SELL, order_type=STOP_MARKET, last_qty=4_754.6, last_px=138.308 USDT, commission=394.55953008 USDT, liquidity_side=TAKER, ts_event=1767947890000000000)[0m
[1m2026-01-09T08:38:10.000000000Z[0m [INFO] TRADER-001.nautilus_portfolio::portfolio: SOLUSDT-PERP.BINANCE net_position=0[0m
[1m2026-01-09T08:38:10.000000000Z[0m [INFO] TRADER-001.nautilus_portfolio::manager: SOLUSDT-PERP.BINANCE margin_maint=0.00000000 USDT[0m
[1m2026-01-09T08:38:10.000000000Z[0m [INFO] TRADER-001.nautilus_portfolio::portfolio: Updated AccountState(account_id=BINANCE-001, account_type=MARGIN, base_currency=USDT, is_reported=false, balances=[AccountBalance(total=102649.72814923 USDT, locked=0.00000000 USDT, free=102649.72814923 USDT)], margins=[], event_id=670175a2-a8b9-417c-b5de-39e649fde5c1)[0m
[1m2026-01-09T08:38:10.000000000Z[0m [INFO] TRADER-001.nautilus_trading::strategy: DataActor-140724825183112 <--[EVT] PositionClosed(PositionClosed { trader_id: "TRADER-001", strategy_id: "DataActor-140724825183112", instrument_id: "SOLUSDT-PERP.BINANCE", position_id: "P-20260109-083500-001-140724825183112-10", account_id: "BINANCE-001", opening_order_id: "O-20260109-083500-001-140724825183112-32", closing_order_id: Some("O-20260109-083500-001-140724825183112-33"), entry: Buy, side: Flat, signed_qty: 0.0, quantity: Quantity(0.0), peak_quantity: Quantity(4754.6), last_qty: Quantity(4754.6), last_px: Price(138.308), currency: Currency(code='USDT', precision=8, iso4217=0, name='Tether', currency_type=CRYPTO), avg_px_open: 138.632, avg_px_close: Some(138.308), realized_return: -0.002337122742224106, realized_pnl: Some(Money(-2330.53375440, USDT)), unrealized_pnl: Money(0.00000000, USDT), duration: 190000000000, event_id: UUID4(124b2b4b-b540-4e86-85b8-80679ec912b4), ts_opened: UnixNanos(1767947700000000000), ts_closed: Some(UnixNanos(1767947890000000000)), ts_event: UnixNanos(1767947890000000000), ts_init: UnixNanos(1767947890000000000) })[0m
[1m2026-01-09T08:38:10.000000000Z[0m [INFO] TRADER-001.nautilus_portfolio::manager: SOLUSDT-PERP.BINANCE margin_init=0.00000000 USDT[0m
[1m2026-01-09T08:38:10.000000000Z[0m [INFO] TRADER-001.nautilus_portfolio::portfolio: Updated AccountState(account_id=BINANCE-001, account_type=MARGIN, base_currency=USDT, is_reported=false, balances=[AccountBalance(total=102649.72814923 USDT, locked=0.00000000 USDT, free=102649.72814923 USDT)], margins=[], event_id=aa834980-b3a9-4a8e-8ffc-ad21f39109e1)[0m
[1m2026-01-09T08:38:10.000000000Z[0m [INFO] TRADER-001.nautilus_trading::strategy: DataActor-140724825183112 <--[EVT] OrderCanceled(instrument_id=SOLUSDT-PERP.BINANCE, client_order_id=O-20260109-083500-001-140724825183112-34, venue_order_id=BINANCE-3-3, account_id=BINANCE-001, ts_event=1767947890000000000)[0m
[1m2026-01-10T00:35:00.000000000Z[0m [INFO] TRADER-001.nautilus_trading::strategy: DataActor-140724825183112 <--[EVT] OrderInitialized(instrument_id=SOLUSDT-PERP.BINANCE, client_order_id=O-20260110-003500-001-140724825183112-35, side=SELL, type=MARKET, quantity=7469.0, time_in_force=GTC, post_only=false, reduce_only=false, quote_quantity=false, price=None, emulation_trigger=None, trigger_instrument_id=None, contingency_type=OTO, order_list_id=OL-20260110-003500-001-140724825183112-11, linked_order_ids=[O-20260110-003500-001-140724825183112-36, O-20260110-003500-001-140724825183112-37], parent_order_id=None, exec_algorithm_id=None, exec_algorithm_params=None, exec_spawn_id=None, tags=opening-pullback-direct-diagnostic-solusdt-asia-2026-01-10-00060, BREAKOUT_ACCEPTANCE_CONTINUATION, SHORT, TEN_SECOND_MARKET_ENTRY)[0m
[1m2026-01-10T00:35:00.000000000Z[0m [INFO] TRADER-001.nautilus_trading::strategy: DataActor-140724825183112 <--[EVT] OrderInitialized(instrument_id=SOLUSDT-PERP.BINANCE, client_order_id=O-20260110-003500-001-140724825183112-36, side=BUY, type=STOP_MARKET, quantity=7469.0, time_in_force=GTC, post_only=false, reduce_only=true, quote_quantity=false, price=None, emulation_trigger=None, trigger_instrument_id=None, contingency_type=OUO, order_list_id=OL-20260110-003500-001-140724825183112-11, linked_order_ids=[O-20260110-003500-001-140724825183112-37], parent_order_id=O-20260110-003500-001-140724825183112-35, exec_algorithm_id=None, exec_algorithm_params=None, exec_spawn_id=None, tags=opening-pullback-direct-diagnostic-solusdt-asia-2026-01-10-00060, OBSERVED_RETEST_INVALIDATION)[0m
[1m2026-01-10T00:35:00.000000000Z[0m [INFO] TRADER-001.nautilus_trading::strategy: DataActor-140724825183112 <--[EVT] OrderInitialized(instrument_id=SOLUSDT-PERP.BINANCE, client_order_id=O-20260110-003500-001-140724825183112-37, side=BUY, type=LIMIT, quantity=7469.0, time_in_force=GTC, post_only=false, reduce_only=true, quote_quantity=false, price=135.220, emulation_trigger=None, trigger_instrument_id=None, contingency_type=OUO, order_list_id=OL-20260110-003500-001-140724825183112-11, linked_order_ids=[O-20260110-003500-001-140724825183112-36], parent_order_id=O-20260110-003500-001-140724825183112-35, exec_algorithm_id=None, exec_algorithm_params=None, exec_spawn_id=None, tags=opening-pullback-direct-diagnostic-solusdt-asia-2026-01-10-00060, ACTIVE_COMPLETED_EXTERNAL_TARGET)[0m
[1m2026-01-10T00:35:00.000000000Z[0m [INFO] TRADER-001.nautilus_trading::strategy: DataActor-140724825183112 [CMD]--> SubmitOrderList[0m
[1m2026-01-10T00:35:00.000000000Z[0m [94m[INFO] TRADER-001.nautilus_execution::engine: Submit OrderList(id=OL-20260110-003500-001-140724825183112-11, instrument_id=SOLUSDT-PERP.BINANCE, strategy_id=DataActor-140724825183112, client_order_ids=["O-20260110-003500-001-140724825183112-35", "O-20260110-003500-001-140724825183112-36", "O-20260110-003500-001-140724825183112-37"], ts_init=1768005300000000000)[0m
[1m2026-01-10T00:35:00.000000000Z[0m [INFO] TRADER-001.nautilus_trading::strategy: DataActor-140724825183112 <--[EVT] OrderSubmitted(instrument_id=SOLUSDT-PERP.BINANCE, client_order_id=O-20260110-003500-001-140724825183112-35, account_id=BINANCE-001, ts_event=1768005300000000000)[0m
[1m2026-01-10T00:35:00.000000000Z[0m [INFO] TRADER-001.nautilus_trading::strategy: DataActor-140724825183112 <--[EVT] OrderSubmitted(instrument_id=SOLUSDT-PERP.BINANCE, client_order_id=O-20260110-003500-001-140724825183112-36, account_id=BINANCE-001, ts_event=1768005300000000000)[0m
[1m2026-01-10T00:35:00.000000000Z[0m [INFO] TRADER-001.nautilus_trading::strategy: DataActor-140724825183112 <--[EVT] OrderSubmitted(instrument_id=SOLUSDT-PERP.BINANCE, client_order_id=O-20260110-003500-001-140724825183112-37, account_id=BINANCE-001, ts_event=1768005300000000000)[0m
[1m2026-01-10T00:35:00.000000000Z[0m [INFO] TRADER-001.nautilus_portfolio::manager: SOLUSDT-PERP.BINANCE margin_init=0.00000000 USDT[0m
[1m2026-01-10T00:35:00.000000000Z[0m [INFO] TRADER-001.nautilus_trading::strategy: DataActor-140724825183112 <--[EVT] OrderFilled(instrument_id=SOLUSDT-PERP.BINANCE, client_order_id=O-20260110-003500-001-140724825183112-35, venue_order_id=BINANCE-3-4, account_id=BINANCE-001, trade_id=T-3a56223bd1c6aaca-114322, position_id=P-20260110-003500-001-140724825183112-11, order_side=SELL, order_type=MARKET, last_qty=7_469.0, last_px=135.948 USDT, commission=609.23736720 USDT, liquidity_side=TAKER, ts_event=1768005300000000000)[0m
[1m2026-01-10T00:35:00.000000000Z[0m [INFO] TRADER-001.nautilus_portfolio::portfolio: SOLUSDT-PERP.BINANCE net_position=-7469[0m
[1m2026-01-10T00:35:00.000000000Z[0m [INFO] TRADER-001.nautilus_portfolio::manager: SOLUSDT-PERP.BINANCE margin_maint=4061.58244800 USDT[0m
[1m2026-01-10T00:35:00.000000000Z[0m [INFO] TRADER-001.nautilus_portfolio::portfolio: Updated AccountState(account_id=BINANCE-001, account_type=MARGIN, base_currency=USDT, is_reported=false, balances=[AccountBalance(total=102040.49078203 USDT, locked=4061.58244800 USDT, free=97978.90833403 USDT)], margins=[MarginBalance(initial=0.00000000 USDT, maintenance=4061.58244800 USDT, instrument_id=SOLUSDT-PERP.BINANCE)], event_id=f2abcc07-aa42-47f5-b72c-47d6c5fdd452)[0m
[1m2026-01-10T00:35:00.000000000Z[0m [INFO] TRADER-001.nautilus_trading::strategy: DataActor-140724825183112 <--[EVT] PositionOpened(PositionOpened { trader_id: "TRADER-001", strategy_id: "DataActor-140724825183112", instrument_id: "SOLUSDT-PERP.BINANCE", position_id: "P-20260110-003500-001-140724825183112-11", account_id: "BINANCE-001", opening_order_id: "O-20260110-003500-001-140724825183112-35", entry: Sell, side: Short, signed_qty: -7469.0, quantity: Quantity(7469.0), last_qty: Quantity(7469.0), last_px: Price(135.948), currency: Currency(code='USDT', precision=8, iso4217=0, name='Tether', currency_type=CRYPTO), avg_px_open: 135.948, event_id: UUID4(75b3b36a-e00d-4785-94e1-021f08fc3349), ts_event: UnixNanos(1768005300000000000), ts_init: UnixNanos(1768005300000000000) })[0m
[1m2026-01-10T00:35:00.000000000Z[0m [INFO] TRADER-001.nautilus_portfolio::manager: SOLUSDT-PERP.BINANCE margin_init=0.00000000 USDT[0m
[1m2026-01-10T00:35:00.000000000Z[0m [INFO] TRADER-001.nautilus_portfolio::portfolio: Updated AccountState(account_id=BINANCE-001, account_type=MARGIN, base_currency=USDT, is_reported=false, balances=[AccountBalance(total=102040.49078203 USDT, locked=4061.58244800 USDT, free=97978.90833403 USDT)], margins=[MarginBalance(initial=0.00000000 USDT, maintenance=4061.58244800 USDT, instrument_id=SOLUSDT-PERP.BINANCE)], event_id=a1d8b816-010a-44ab-b743-50ad26cc5834)[0m
[1m2026-01-10T00:35:00.000000000Z[0m [INFO] TRADER-001.nautilus_trading::strategy: DataActor-140724825183112 <--[EVT] OrderAccepted(instrument_id=SOLUSDT-PERP.BINANCE, client_order_id=O-20260110-003500-001-140724825183112-36, venue_order_id=BINANCE-3-5, account_id=BINANCE-001, ts_event=1768005300000000000)[0m
[1m2026-01-10T00:35:00.000000000Z[0m [INFO] TRADER-001.nautilus_portfolio::manager: SOLUSDT-PERP.BINANCE margin_init=0.00000000 USDT[0m
[1m2026-01-10T00:35:00.000000000Z[0m [INFO] TRADER-001.nautilus_portfolio::portfolio: Updated AccountState(account_id=BINANCE-001, account_type=MARGIN, base_currency=USDT, is_reported=false, balances=[AccountBalance(total=102040.49078203 USDT, locked=4061.58244800 USDT, free=97978.90833403 USDT)], margins=[MarginBalance(initial=0.00000000 USDT, maintenance=4061.58244800 USDT, instrument_id=SOLUSDT-PERP.BINANCE)], event_id=572ffec5-3914-4352-a866-00fb3245e1bd)[0m
[1m2026-01-10T00:35:00.000000000Z[0m [INFO] TRADER-001.nautilus_trading::strategy: DataActor-140724825183112 <--[EVT] OrderAccepted(instrument_id=SOLUSDT-PERP.BINANCE, client_order_id=O-20260110-003500-001-140724825183112-37, venue_order_id=BINANCE-3-6, account_id=BINANCE-001, ts_event=1768005300000000000)[0m
[1m2026-01-10T00:35:00.000000000Z[0m [1;33m[WARN] TRADER-001.nautilus_common::cache: Cannot calculate unrealized PnL for P-20260110-003500-001-140724825183112-11, no quotes for SOLUSDT-PERP.BINANCE[0m
[1m2026-01-10T00:35:10.000000000Z[0m [1;33m[WARN] TRADER-001.nautilus_common::cache: Cannot calculate unrealized PnL for P-20260110-003500-001-140724825183112-11, no quotes for SOLUSDT-PERP.BINANCE[0m
[1m2026-01-10T00:35:20.000000000Z[0m [1;33m[WARN] TRADER-001.nautilus_common::cache: Cannot calculate unrealized PnL for P-20260110-003500-001-140724825183112-11, no quotes for SOLUSDT-PERP.BINANCE[0m
[1m2026-01-10T00:35:30.000000000Z[0m [1;33m[WARN] TRADER-001.nautilus_common::cache: Cannot calculate unrealized PnL for P-20260110-003500-001-140724825183112-11, no quotes for SOLUSDT-PERP.BINANCE[0m
[1m2026-01-10T00:35:40.000000000Z[0m [1;33m[WARN] TRADER-001.nautilus_common::cache: Cannot calculate unrealized PnL for P-20260110-003500-001-140724825183112-11, no quotes for SOLUSDT-PERP.BINANCE[0m
[1m2026-01-10T00:35:50.000000000Z[0m [1;33m[WARN] TRADER-001.nautilus_common::cache: Cannot calculate unrealized PnL for P-20260110-003500-001-140724825183112-11, no quotes for SOLUSDT-PERP.BINANCE[0m
[1m2026-01-10T00:35:59.999000000Z[0m [1;33m[WARN] TRADER-001.nautilus_common::cache: Cannot calculate unrealized PnL for P-20260110-003500-001-140724825183112-11, no quotes for SOLUSDT-PERP.BINANCE[0m
[1m2026-01-10T00:36:00.000000000Z[0m [1;33m[WARN] TRADER-001.nautilus_common::cache: Cannot calculate unrealized PnL for P-20260110-003500-001-140724825183112-11, no quotes for SOLUSDT-PERP.BINANCE[0m
[1m2026-01-10T00:36:10.000000000Z[0m [1;33m[WARN] TRADER-001.nautilus_common::cache: Cannot calculate unrealized PnL for P-20260110-003500-001-140724825183112-11, no quotes for SOLUSDT-PERP.BINANCE[0m
[1m2026-01-10T00:36:20.000000000Z[0m [1;33m[WARN] TRADER-001.nautilus_common::cache: Cannot calculate unrealized PnL for P-20260110-003500-001-140724825183112-11, no quotes for SOLUSDT-PERP.BINANCE[0m
[1m2026-01-10T00:36:30.000000000Z[0m [1;33m[WARN] TRADER-001.nautilus_common::cache: Cannot calculate unrealized PnL for P-20260110-003500-001-140724825183112-11, no quotes for SOLUSDT-PERP.BINANCE[0m
[1m2026-01-10T00:36:40.000000000Z[0m [1;33m[WARN] TRADER-001.nautilus_common::cache: Cannot calculate unrealized PnL for P-20260110-003500-001-140724825183112-11, no quotes for SOLUSDT-PERP.BINANCE[0m
[1m2026-01-10T00:36:50.000000000Z[0m [1;33m[WARN] TRADER-001.nautilus_common::cache: Cannot calculate unrealized PnL for P-20260110-003500-001-140724825183112-11, no quotes for SOLUSDT-PERP.BINANCE[0m
[1m2026-01-10T00:36:59.999000000Z[0m [1;33m[WARN] TRADER-001.nautilus_common::cache: Cannot calculate unrealized PnL for P-20260110-003500-001-140724825183112-11, no quotes for SOLUSDT-PERP.BINANCE[0m
[1m2026-01-10T00:37:00.000000000Z[0m [1;33m[WARN] TRADER-001.nautilus_common::cache: Cannot calculate unrealized PnL for P-20260110-003500-001-140724825183112-11, no quotes for SOLUSDT-PERP.BINANCE[0m
[1m2026-01-10T00:37:10.000000000Z[0m [1;33m[WARN] TRADER-001.nautilus_common::cache: Cannot calculate unrealized PnL for P-20260110-003500-001-140724825183112-11, no quotes for SOLUSDT-PERP.BINANCE[0m
[1m2026-01-10T00:37:20.000000000Z[0m [1;33m[WARN] TRADER-001.nautilus_common::cache: Cannot calculate unrealized PnL for P-20260110-003500-001-140724825183112-11, no quotes for SOLUSDT-PERP.BINANCE[0m
[1m2026-01-10T00:37:30.000000000Z[0m [1;33m[WARN] TRADER-001.nautilus_common::cache: Cannot calculate unrealized PnL for P-20260110-003500-001-140724825183112-11, no quotes for SOLUSDT-PERP.BINANCE[0m
[1m2026-01-10T00:37:40.000000000Z[0m [1;33m[WARN] TRADER-001.nautilus_common::cache: Cannot calculate unrealized PnL for P-20260110-003500-001-140724825183112-11, no quotes for SOLUSDT-PERP.BINANCE[0m
[1m2026-01-10T00:37:50.000000000Z[0m [1;33m[WARN] TRADER-001.nautilus_common::cache: Cannot calculate unrealized PnL for P-20260110-003500-001-140724825183112-11, no quotes for SOLUSDT-PERP.BINANCE[0m
[1m2026-01-10T00:37:59.999000000Z[0m [1;33m[WARN] TRADER-001.nautilus_common::cache: Cannot calculate unrealized PnL for P-20260110-003500-001-140724825183112-11, no quotes for SOLUSDT-PERP.BINANCE[0m
[1m2026-01-10T00:38:00.000000000Z[0m [1;33m[WARN] TRADER-001.nautilus_common::cache: Cannot calculate unrealized PnL for P-20260110-003500-001-140724825183112-11, no quotes for SOLUSDT-PERP.BINANCE[0m
[1m2026-01-10T00:38:10.000000000Z[0m [1;33m[WARN] TRADER-001.nautilus_common::cache: Cannot calculate unrealized PnL for P-20260110-003500-001-140724825183112-11, no quotes for SOLUSDT-PERP.BINANCE[0m
[1m2026-01-10T00:38:20.000000000Z[0m [1;33m[WARN] TRADER-001.nautilus_common::cache: Cannot calculate unrealized PnL for P-20260110-003500-001-140724825183112-11, no quotes for SOLUSDT-PERP.BINANCE[0m
[1m2026-01-10T00:38:30.000000000Z[0m [1;33m[WARN] TRADER-001.nautilus_common::cache: Cannot calculate unrealized PnL for P-20260110-003500-001-140724825183112-11, no quotes for SOLUSDT-PERP.BINANCE[0m
[1m2026-01-10T00:38:40.000000000Z[0m [1;33m[WARN] TRADER-001.nautilus_common::cache: Cannot calculate unrealized PnL for P-20260110-003500-001-140724825183112-11, no quotes for SOLUSDT-PERP.BINANCE[0m
[1m2026-01-10T00:38:50.000000000Z[0m [1;33m[WARN] TRADER-001.nautilus_common::cache: Cannot calculate unrealized PnL for P-20260110-003500-001-140724825183112-11, no quotes for SOLUSDT-PERP.BINANCE[0m
[1m2026-01-10T00:38:59.999000000Z[0m [1;33m[WARN] TRADER-001.nautilus_common::cache: Cannot calculate unrealized PnL for P-20260110-003500-001-140724825183112-11, no quotes for SOLUSDT-PERP.BINANCE[0m
[1m2026-01-10T00:39:00.000000000Z[0m [1;33m[WARN] TRADER-001.nautilus_common::cache: Cannot calculate unrealized PnL for P-20260110-003500-001-140724825183112-11, no quotes for SOLUSDT-PERP.BINANCE[0m
[1m2026-01-10T00:39:10.000000000Z[0m [1;33m[WARN] TRADER-001.nautilus_common::cache: Cannot calculate unrealized PnL for P-20260110-003500-001-140724825183112-11, no quotes for SOLUSDT-PERP.BINANCE[0m
[1m2026-01-10T00:39:20.000000000Z[0m [1;33m[WARN] TRADER-001.nautilus_common::cache: Cannot calculate unrealized PnL for P-20260110-003500-001-140724825183112-11, no quotes for SOLUSDT-PERP.BINANCE[0m
[1m2026-01-10T00:39:30.000000000Z[0m [1;33m[WARN] TRADER-001.nautilus_common::cache: Cannot calculate unrealized PnL for P-20260110-003500-001-140724825183112-11, no quotes for SOLUSDT-PERP.BINANCE[0m
[1m2026-01-10T00:39:40.000000000Z[0m [1;33m[WARN] TRADER-001.nautilus_common::cache: Cannot calculate unrealized PnL for P-20260110-003500-001-140724825183112-11, no quotes for SOLUSDT-PERP.BINANCE[0m
[1m2026-01-10T00:39:50.000000000Z[0m [1;33m[WARN] TRADER-001.nautilus_common::cache: Cannot calculate unrealized PnL for P-20260110-003500-001-140724825183112-11, no quotes for SOLUSDT-PERP.BINANCE[0m
[1m2026-01-10T00:39:59.999000000Z[0m [1;33m[WARN] TRADER-001.nautilus_common::cache: Cannot calculate unrealized PnL for P-20260110-003500-001-140724825183112-11, no quotes for SOLUSDT-PERP.BINANCE[0m
[1m2026-01-10T00:40:00.000000000Z[0m [1;33m[WARN] TRADER-001.nautilus_common::cache: Cannot calculate unrealized PnL for P-20260110-003500-001-140724825183112-11, no quotes for SOLUSDT-PERP.BINANCE[0m
[1m2026-01-10T00:40:10.000000000Z[0m [1;33m[WARN] TRADER-001.nautilus_common::cache: Cannot calculate unrealized PnL for P-20260110-003500-001-140724825183112-11, no quotes for SOLUSDT-PERP.BINANCE[0m
[1m2026-01-10T00:40:20.000000000Z[0m [1;33m[WARN] TRADER-001.nautilus_common::cache: Cannot calculate unrealized PnL for P-20260110-003500-001-140724825183112-11, no quotes for SOLUSDT-PERP.BINANCE[0m
[1m2026-01-10T00:40:30.000000000Z[0m [1;33m[WARN] TRADER-001.nautilus_common::cache: Cannot calculate unrealized PnL for P-20260110-003500-001-140724825183112-11, no quotes for SOLUSDT-PERP.BINANCE[0m
[1m2026-01-10T00:40:40.000000000Z[0m [1;33m[WARN] TRADER-001.nautilus_common::cache: Cannot calculate unrealized PnL for P-20260110-003500-001-140724825183112-11, no quotes for SOLUSDT-PERP.BINANCE[0m
[1m2026-01-10T00:40:50.000000000Z[0m [1;33m[WARN] TRADER-001.nautilus_common::cache: Cannot calculate unrealized PnL for P-20260110-003500-001-140724825183112-11, no quotes for SOLUSDT-PERP.BINANCE[0m
[1m2026-01-10T00:40:59.999000000Z[0m [1;33m[WARN] TRADER-001.nautilus_common::cache: Cannot calculate unrealized PnL for P-20260110-003500-001-140724825183112-11, no quotes for SOLUSDT-PERP.BINANCE[0m
[1m2026-01-10T00:41:00.000000000Z[0m [1;33m[WARN] TRADER-001.nautilus_common::cache: Cannot calculate unrealized PnL for P-20260110-003500-001-140724825183112-11, no quotes for SOLUSDT-PERP.BINANCE[0m
[1m2026-01-10T00:41:10.000000000Z[0m [1;33m[WARN] TRADER-001.nautilus_common::cache: Cannot calculate unrealized PnL for P-20260110-003500-001-140724825183112-11, no quotes for SOLUSDT-PERP.BINANCE[0m
[1m2026-01-10T00:41:20.000000000Z[0m [1;33m[WARN] TRADER-001.nautilus_common::cache: Cannot calculate unrealized PnL for P-20260110-003500-001-140724825183112-11, no quotes for SOLUSDT-PERP.BINANCE[0m
[1m2026-01-10T00:41:30.000000000Z[0m [INFO] TRADER-001.nautilus_portfolio::manager: SOLUSDT-PERP.BINANCE margin_init=0.00000000 USDT[0m
[1m2026-01-10T00:41:30.000000000Z[0m [INFO] TRADER-001.nautilus_trading::strategy: DataActor-140724825183112 <--[EVT] OrderFilled(instrument_id=SOLUSDT-PERP.BINANCE, client_order_id=O-20260110-003500-001-140724825183112-36, venue_order_id=BINANCE-3-5, account_id=BINANCE-001, trade_id=T-21180e85c658f15a-114407, position_id=P-20260110-003500-001-140724825183112-11, order_side=BUY, order_type=STOP_MARKET, last_qty=7_469.0, last_px=136.062 USDT, commission=609.74824680 USDT, liquidity_side=TAKER, ts_event=1768005690000000000)[0m
[1m2026-01-10T00:41:30.000000000Z[0m [INFO] TRADER-001.nautilus_portfolio::portfolio: SOLUSDT-PERP.BINANCE net_position=0[0m
[1m2026-01-10T00:41:30.000000000Z[0m [INFO] TRADER-001.nautilus_portfolio::manager: SOLUSDT-PERP.BINANCE margin_maint=0.00000000 USDT[0m
[1m2026-01-10T00:41:30.000000000Z[0m [INFO] TRADER-001.nautilus_portfolio::portfolio: Updated AccountState(account_id=BINANCE-001, account_type=MARGIN, base_currency=USDT, is_reported=false, balances=[AccountBalance(total=100579.27653523 USDT, locked=0.00000000 USDT, free=100579.27653523 USDT)], margins=[], event_id=3a6caf21-dd61-476d-9d3a-3eb17a53ab2d)[0m
[1m2026-01-10T00:41:30.000000000Z[0m [INFO] TRADER-001.nautilus_trading::strategy: DataActor-140724825183112 <--[EVT] PositionClosed(PositionClosed { trader_id: "TRADER-001", strategy_id: "DataActor-140724825183112", instrument_id: "SOLUSDT-PERP.BINANCE", position_id: "P-20260110-003500-001-140724825183112-11", account_id: "BINANCE-001", opening_order_id: "O-20260110-003500-001-140724825183112-35", closing_order_id: Some("O-20260110-003500-001-140724825183112-36"), entry: Sell, side: Flat, signed_qty: 0.0, quantity: Quantity(0.0), peak_quantity: Quantity(7469.0), last_qty: Quantity(7469.0), last_px: Price(136.062), currency: Currency(code='USDT', precision=8, iso4217=0, name='Tether', currency_type=CRYPTO), avg_px_open: 135.948, avg_px_close: Some(136.062), realized_return: -0.000838555918439435, realized_pnl: Some(Money(-2070.45161400, USDT)), unrealized_pnl: Money(0.00000000, USDT), duration: 390000000000, event_id: UUID4(286f2c07-f68c-4fd9-9e2f-3ab7fd50c5e5), ts_opened: UnixNanos(1768005300000000000), ts_closed: Some(UnixNanos(1768005690000000000)), ts_event: UnixNanos(1768005690000000000), ts_init: UnixNanos(1768005690000000000) })[0m
[1m2026-01-10T00:41:30.000000000Z[0m [INFO] TRADER-001.nautilus_portfolio::manager: SOLUSDT-PERP.BINANCE margin_init=0.00000000 USDT[0m
[1m2026-01-10T00:41:30.000000000Z[0m [INFO] TRADER-001.nautilus_portfolio::portfolio: Updated AccountState(account_id=BINANCE-001, account_type=MARGIN, base_currency=USDT, is_reported=false, balances=[AccountBalance(total=100579.27653523 USDT, locked=0.00000000 USDT, free=100579.27653523 USDT)], margins=[], event_id=f4fb6334-5e7c-423a-a4ad-7ec11f1873f5)[0m
[1m2026-01-10T00:41:30.000000000Z[0m [INFO] TRADER-001.nautilus_trading::strategy: DataActor-140724825183112 <--[EVT] OrderCanceled(instrument_id=SOLUSDT-PERP.BINANCE, client_order_id=O-20260110-003500-001-140724825183112-37, venue_order_id=BINANCE-3-6, account_id=BINANCE-001, ts_event=1768005690000000000)[0m
[1m2026-01-10T15:05:00.000000000Z[0m [INFO] TRADER-001.nautilus_trading::strategy: DataActor-140724825183112 <--[EVT] OrderInitialized(instrument_id=SOLUSDT-PERP.BINANCE, client_order_id=O-20260110-150500-001-140724825183112-38, side=SELL, type=MARKET, quantity=11116.3, time_in_force=GTC, post_only=false, reduce_only=false, quote_quantity=false, price=None, emulation_trigger=None, trigger_instrument_id=None, contingency_type=OTO, order_list_id=OL-20260110-150500-001-140724825183112-12, linked_order_ids=[O-20260110-150500-001-140724825183112-39, O-20260110-150500-001-140724825183112-40], parent_order_id=None, exec_algorithm_id=None, exec_algorithm_params=None, exec_spawn_id=None, tags=opening-pullback-direct-diagnostic-solusdt-new_york-2026-01-10-00062, BREAKOUT_ACCEPTANCE_CONTINUATION, SHORT, TEN_SECOND_MARKET_ENTRY)[0m
[1m2026-01-10T15:05:00.000000000Z[0m [INFO] TRADER-001.nautilus_trading::strategy: DataActor-140724825183112 <--[EVT] OrderInitialized(instrument_id=SOLUSDT-PERP.BINANCE, client_order_id=O-20260110-150500-001-140724825183112-39, side=BUY, type=STOP_MARKET, quantity=11116.3, time_in_force=GTC, post_only=false, reduce_only=true, quote_quantity=false, price=None, emulation_trigger=None, trigger_instrument_id=None, contingency_type=OUO, order_list_id=OL-20260110-150500-001-140724825183112-12, linked_order_ids=[O-20260110-150500-001-140724825183112-40], parent_order_id=O-20260110-150500-001-140724825183112-38, exec_algorithm_id=None, exec_algorithm_params=None, exec_spawn_id=None, tags=opening-pullback-direct-diagnostic-solusdt-new_york-2026-01-10-00062, OBSERVED_RETEST_INVALIDATION)[0m
[1m2026-01-10T15:05:00.000000000Z[0m [INFO] TRADER-001.nautilus_trading::strategy: DataActor-140724825183112 <--[EVT] OrderInitialized(instrument_id=SOLUSDT-PERP.BINANCE, client_order_id=O-20260110-150500-001-140724825183112-40, side=BUY, type=LIMIT, quantity=11116.3, time_in_force=GTC, post_only=false, reduce_only=true, quote_quantity=false, price=135.610, emulation_trigger=None, trigger_instrument_id=None, contingency_type=OUO, order_list_id=OL-20260110-150500-001-140724825183112-12, linked_order_ids=[O-20260110-150500-001-140724825183112-39], parent_order_id=O-20260110-150500-001-140724825183112-38, exec_algorithm_id=None, exec_algorithm_params=None, exec_spawn_id=None, tags=opening-pullback-direct-diagnostic-solusdt-new_york-2026-01-10-00062, ACTIVE_COMPLETED_EXTERNAL_TARGET)[0m
[1m2026-01-10T15:05:00.000000000Z[0m [INFO] TRADER-001.nautilus_trading::strategy: DataActor-140724825183112 [CMD]--> SubmitOrderList[0m
[1m2026-01-10T15:05:00.000000000Z[0m [94m[INFO] TRADER-001.nautilus_execution::engine: Submit OrderList(id=OL-20260110-150500-001-140724825183112-12, instrument_id=SOLUSDT-PERP.BINANCE, strategy_id=DataActor-140724825183112, client_order_ids=["O-20260110-150500-001-140724825183112-38", "O-20260110-150500-001-140724825183112-39", "O-20260110-150500-001-140724825183112-40"], ts_init=1768057500000000000)[0m
[1m2026-01-10T15:05:00.000000000Z[0m [INFO] TRADER-001.nautilus_trading::strategy: DataActor-140724825183112 <--[EVT] OrderSubmitted(instrument_id=SOLUSDT-PERP.BINANCE, client_order_id=O-20260110-150500-001-140724825183112-38, account_id=BINANCE-001, ts_event=1768057500000000000)[0m
[1m2026-01-10T15:05:00.000000000Z[0m [INFO] TRADER-001.nautilus_trading::strategy: DataActor-140724825183112 <--[EVT] OrderSubmitted(instrument_id=SOLUSDT-PERP.BINANCE, client_order_id=O-20260110-150500-001-140724825183112-39, account_id=BINANCE-001, ts_event=1768057500000000000)[0m
[1m2026-01-10T15:05:00.000000000Z[0m [INFO] TRADER-001.nautilus_trading::strategy: DataActor-140724825183112 <--[EVT] OrderSubmitted(instrument_id=SOLUSDT-PERP.BINANCE, client_order_id=O-20260110-150500-001-140724825183112-40, account_id=BINANCE-001, ts_event=1768057500000000000)[0m
[1m2026-01-10T15:05:00.000000000Z[0m [INFO] TRADER-001.nautilus_portfolio::manager: SOLUSDT-PERP.BINANCE margin_init=0.00000000 USDT[0m
[1m2026-01-10T15:05:00.000000000Z[0m [INFO] TRADER-001.nautilus_trading::strategy: DataActor-140724825183112 <--[EVT] OrderFilled(instrument_id=SOLUSDT-PERP.BINANCE, client_order_id=O-20260110-150500-001-140724825183112-38, venue_order_id=BINANCE-3-7, account_id=BINANCE-001, trade_id=T-70a2199430d1d7fc-125563, position_id=P-20260110-150500-001-140724825183112-12, order_side=SELL, order_type=MARKET, last_qty=11_116.3, last_px=136.208 USDT, commission=908.47739424 USDT, liquidity_side=TAKER, ts_event=1768057500000000000)[0m
[1m2026-01-10T15:05:00.000000000Z[0m [INFO] TRADER-001.nautilus_portfolio::portfolio: SOLUSDT-PERP.BINANCE net_position=-11116.3[0m
[1m2026-01-10T15:05:00.000000000Z[0m [INFO] TRADER-001.nautilus_portfolio::manager: SOLUSDT-PERP.BINANCE margin_maint=6056.51596160 USDT[0m
[1m2026-01-10T15:05:00.000000000Z[0m [INFO] TRADER-001.nautilus_portfolio::portfolio: Updated AccountState(account_id=BINANCE-001, account_type=MARGIN, base_currency=USDT, is_reported=false, balances=[AccountBalance(total=99670.79914099 USDT, locked=6056.51596160 USDT, free=93614.28317939 USDT)], margins=[MarginBalance(initial=0.00000000 USDT, maintenance=6056.51596160 USDT, instrument_id=SOLUSDT-PERP.BINANCE)], event_id=ab6c439b-a5a7-4be3-a568-881fe9dec842)[0m
[1m2026-01-10T15:05:00.000000000Z[0m [INFO] TRADER-001.nautilus_trading::strategy: DataActor-140724825183112 <--[EVT] PositionOpened(PositionOpened { trader_id: "TRADER-001", strategy_id: "DataActor-140724825183112", instrument_id: "SOLUSDT-PERP.BINANCE", position_id: "P-20260110-150500-001-140724825183112-12", account_id: "BINANCE-001", opening_order_id: "O-20260110-150500-001-140724825183112-38", entry: Sell, side: Short, signed_qty: -11116.3, quantity: Quantity(11116.3), last_qty: Quantity(11116.3), last_px: Price(136.208), currency: Currency(code='USDT', precision=8, iso4217=0, name='Tether', currency_type=CRYPTO), avg_px_open: 136.208, event_id: UUID4(ff25df79-132f-4f7b-bddc-8f838ac3df8d), ts_event: UnixNanos(1768057500000000000), ts_init: UnixNanos(1768057500000000000) })[0m
[1m2026-01-10T15:05:00.000000000Z[0m [INFO] TRADER-001.nautilus_portfolio::manager: SOLUSDT-PERP.BINANCE margin_init=0.00000000 USDT[0m
[1m2026-01-10T15:05:00.000000000Z[0m [INFO] TRADER-001.nautilus_portfolio::portfolio: Updated AccountState(account_id=BINANCE-001, account_type=MARGIN, base_currency=USDT, is_reported=false, balances=[AccountBalance(total=99670.79914099 USDT, locked=6056.51596160 USDT, free=93614.28317939 USDT)], margins=[MarginBalance(initial=0.00000000 USDT, maintenance=6056.51596160 USDT, instrument_id=SOLUSDT-PERP.BINANCE)], event_id=e2e73c28-6abd-4a0d-b903-cc5f240d624d)[0m
[1m2026-01-10T15:05:00.000000000Z[0m [INFO] TRADER-001.nautilus_trading::strategy: DataActor-140724825183112 <--[EVT] OrderAccepted(instrument_id=SOLUSDT-PERP.BINANCE, client_order_id=O-20260110-150500-001-140724825183112-39, venue_order_id=BINANCE-3-8, account_id=BINANCE-001, ts_event=1768057500000000000)[0m
[1m2026-01-10T15:05:00.000000000Z[0m [INFO] TRADER-001.nautilus_portfolio::manager: SOLUSDT-PERP.BINANCE margin_init=0.00000000 USDT[0m
[1m2026-01-10T15:05:00.000000000Z[0m [INFO] TRADER-001.nautilus_portfolio::portfolio: Updated AccountState(account_id=BINANCE-001, account_type=MARGIN, base_currency=USDT, is_reported=false, balances=[AccountBalance(total=99670.79914099 USDT, locked=6056.51596160 USDT, free=93614.28317939 USDT)], margins=[MarginBalance(initial=0.00000000 USDT, maintenance=6056.51596160 USDT, instrument_id=SOLUSDT-PERP.BINANCE)], event_id=2d6a753a-a5db-43e3-9ee5-370adf976a59)[0m
[1m2026-01-10T15:05:00.000000000Z[0m [INFO] TRADER-001.nautilus_trading::strategy: DataActor-140724825183112 <--[EVT] OrderAccepted(instrument_id=SOLUSDT-PERP.BINANCE, client_order_id=O-20260110-150500-001-140724825183112-40, venue_order_id=BINANCE-3-9, account_id=BINANCE-001, ts_event=1768057500000000000)[0m
[1m2026-01-10T15:05:00.000000000Z[0m [1;33m[WARN] TRADER-001.nautilus_common::cache: Cannot calculate unrealized PnL for P-20260110-150500-001-140724825183112-12, no quotes for SOLUSDT-PERP.BINANCE[0m
[1m2026-01-10T15:05:10.000000000Z[0m [1;33m[WARN] TRADER-001.nautilus_common::cache: Cannot calculate unrealized PnL for P-20260110-150500-001-140724825183112-12, no quotes for SOLUSDT-PERP.BINANCE[0m
[1m2026-01-10T15:05:20.000000000Z[0m [1;33m[WARN] TRADER-001.nautilus_common::cache: Cannot calculate unrealized PnL for P-20260110-150500-001-140724825183112-12, no quotes for SOLUSDT-PERP.BINANCE[0m
[1m2026-01-10T15:05:30.000000000Z[0m [1;33m[WARN] TRADER-001.nautilus_common::cache: Cannot calculate unrealized PnL for P-20260110-150500-001-140724825183112-12, no quotes for SOLUSDT-PERP.BINANCE[0m
[1m2026-01-10T15:05:40.000000000Z[0m [1;33m[WARN] TRADER-001.nautilus_common::cache: Cannot calculate unrealized PnL for P-20260110-150500-001-140724825183112-12, no quotes for SOLUSDT-PERP.BINANCE[0m
[1m2026-01-10T15:05:50.000000000Z[0m [1;33m[WARN] TRADER-001.nautilus_common::cache: Cannot calculate unrealized PnL for P-20260110-150500-001-140724825183112-12, no quotes for SOLUSDT-PERP.BINANCE[0m
[1m2026-01-10T15:05:59.999000000Z[0m [1;33m[WARN] TRADER-001.nautilus_common::cache: Cannot calculate unrealized PnL for P-20260110-150500-001-140724825183112-12, no quotes for SOLUSDT-PERP.BINANCE[0m
[1m2026-01-10T15:06:00.000000000Z[0m [1;33m[WARN] TRADER-001.nautilus_common::cache: Cannot calculate unrealized PnL for P-20260110-150500-001-140724825183112-12, no quotes for SOLUSDT-PERP.BINANCE[0m
[1m2026-01-10T15:06:10.000000000Z[0m [1;33m[WARN] TRADER-001.nautilus_common::cache: Cannot calculate unrealized PnL for P-20260110-150500-001-140724825183112-12, no quotes for SOLUSDT-PERP.BINANCE[0m
[1m2026-01-10T15:06:20.000000000Z[0m [1;33m[WARN] TRADER-001.nautilus_common::cache: Cannot calculate unrealized PnL for P-20260110-150500-001-140724825183112-12, no quotes for SOLUSDT-PERP.BINANCE[0m
[1m2026-01-10T15:06:30.000000000Z[0m [1;33m[WARN] TRADER-001.nautilus_common::cache: Cannot calculate unrealized PnL for P-20260110-150500-001-140724825183112-12, no quotes for SOLUSDT-PERP.BINANCE[0m
[1m2026-01-10T15:06:40.000000000Z[0m [1;33m[WARN] TRADER-001.nautilus_common::cache: Cannot calculate unrealized PnL for P-20260110-150500-001-140724825183112-12, no quotes for SOLUSDT-PERP.BINANCE[0m
[1m2026-01-10T15:06:50.000000000Z[0m [1;33m[WARN] TRADER-001.nautilus_common::cache: Cannot calculate unrealized PnL for P-20260110-150500-001-140724825183112-12, no quotes for SOLUSDT-PERP.BINANCE[0m
[1m2026-01-10T15:06:59.999000000Z[0m [1;33m[WARN] TRADER-001.nautilus_common::cache: Cannot calculate unrealized PnL for P-20260110-150500-001-140724825183112-12, no quotes for SOLUSDT-PERP.BINANCE[0m
[1m2026-01-10T15:07:00.000000000Z[0m [1;33m[WARN] TRADER-001.nautilus_common::cache: Cannot calculate unrealized PnL for P-20260110-150500-001-140724825183112-12, no quotes for SOLUSDT-PERP.BINANCE[0m
[1m2026-01-10T15:07:10.000000000Z[0m [1;33m[WARN] TRADER-001.nautilus_common::cache: Cannot calculate unrealized PnL for P-20260110-150500-001-140724825183112-12, no quotes for SOLUSDT-PERP.BINANCE[0m
[1m2026-01-10T15:07:20.000000000Z[0m [1;33m[WARN] TRADER-001.nautilus_common::cache: Cannot calculate unrealized PnL for P-20260110-150500-001-140724825183112-12, no quotes for SOLUSDT-PERP.BINANCE[0m
[1m2026-01-10T15:07:30.000000000Z[0m [1;33m[WARN] TRADER-001.nautilus_common::cache: Cannot calculate unrealized PnL for P-20260110-150500-001-140724825183112-12, no quotes for SOLUSDT-PERP.BINANCE[0m
[1m2026-01-10T15:07:40.000000000Z[0m [1;33m[WARN] TRADER-001.nautilus_common::cache: Cannot calculate unrealized PnL for P-20260110-150500-001-140724825183112-12, no quotes for SOLUSDT-PERP.BINANCE[0m
[1m2026-01-10T15:07:50.000000000Z[0m [1;33m[WARN] TRADER-001.nautilus_common::cache: Cannot calculate unrealized PnL for P-20260110-150500-001-140724825183112-12, no quotes for SOLUSDT-PERP.BINANCE[0m
[1m2026-01-10T15:07:59.999000000Z[0m [1;33m[WARN] TRADER-001.nautilus_common::cache: Cannot calculate unrealized PnL for P-20260110-150500-001-140724825183112-12, no quotes for SOLUSDT-PERP.BINANCE[0m
[1m2026-01-10T15:08:00.000000000Z[0m [1;33m[WARN] TRADER-001.nautilus_common::cache: Cannot calculate unrealized PnL for P-20260110-150500-001-140724825183112-12, no quotes for SOLUSDT-PERP.BINANCE[0m
[1m2026-01-10T15:08:10.000000000Z[0m [1;33m[WARN] TRADER-001.nautilus_common::cache: Cannot calculate unrealized PnL for P-20260110-150500-001-140724825183112-12, no quotes for SOLUSDT-PERP.BINANCE[0m
[1m2026-01-10T15:08:20.000000000Z[0m [1;33m[WARN] TRADER-001.nautilus_common::cache: Cannot calculate unrealized PnL for P-20260110-150500-001-140724825183112-12, no quotes for SOLUSDT-PERP.BINANCE[0m
[1m2026-01-10T15:08:30.000000000Z[0m [1;33m[WARN] TRADER-001.nautilus_common::cache: Cannot calculate unrealized PnL for P-20260110-150500-001-140724825183112-12, no quotes for SOLUSDT-PERP.BINANCE[0m
[1m2026-01-10T15:08:40.000000000Z[0m [1;33m[WARN] TRADER-001.nautilus_common::cache: Cannot calculate unrealized PnL for P-20260110-150500-001-140724825183112-12, no quotes for SOLUSDT-PERP.BINANCE[0m
[1m2026-01-10T15:08:50.000000000Z[0m [1;33m[WARN] TRADER-001.nautilus_common::cache: Cannot calculate unrealized PnL for P-20260110-150500-001-140724825183112-12, no quotes for SOLUSDT-PERP.BINANCE[0m
[1m2026-01-10T15:08:59.999000000Z[0m [1;33m[WARN] TRADER-001.nautilus_common::cache: Cannot calculate unrealized PnL for P-20260110-150500-001-140724825183112-12, no quotes for SOLUSDT-PERP.BINANCE[0m
[1m2026-01-10T15:09:00.000000000Z[0m [1;33m[WARN] TRADER-001.nautilus_common::cache: Cannot calculate unrealized PnL for P-20260110-150500-001-140724825183112-12, no quotes for SOLUSDT-PERP.BINANCE[0m
[1m2026-01-10T15:09:10.000000000Z[0m [1;33m[WARN] TRADER-001.nautilus_common::cache: Cannot calculate unrealized PnL for P-20260110-150500-001-140724825183112-12, no quotes for SOLUSDT-PERP.BINANCE[0m
[1m2026-01-10T15:09:20.000000000Z[0m [1;33m[WARN] TRADER-001.nautilus_common::cache: Cannot calculate unrealized PnL for P-20260110-150500-001-140724825183112-12, no quotes for SOLUSDT-PERP.BINANCE[0m
[1m2026-01-10T15:09:30.000000000Z[0m [1;33m[WARN] TRADER-001.nautilus_common::cache: Cannot calculate unrealized PnL for P-20260110-150500-001-140724825183112-12, no quotes for SOLUSDT-PERP.BINANCE[0m
[1m2026-01-10T15:09:40.000000000Z[0m [1;33m[WARN] TRADER-001.nautilus_common::cache: Cannot calculate unrealized PnL for P-20260110-150500-001-140724825183112-12, no quotes for SOLUSDT-PERP.BINANCE[0m
[1m2026-01-10T15:09:50.000000000Z[0m [1;33m[WARN] TRADER-001.nautilus_common::cache: Cannot calculate unrealized PnL for P-20260110-150500-001-140724825183112-12, no quotes for SOLUSDT-PERP.BINANCE[0m
[1m2026-01-10T15:09:59.999000000Z[0m [1;33m[WARN] TRADER-001.nautilus_common::cache: Cannot calculate unrealized PnL for P-20260110-150500-001-140724825183112-12, no quotes for SOLUSDT-PERP.BINANCE[0m
[1m2026-01-10T15:10:00.000000000Z[0m [INFO] TRADER-001.nautilus_portfolio::manager: SOLUSDT-PERP.BINANCE margin_init=0.00000000 USDT[0m
[1m2026-01-10T15:10:00.000000000Z[0m [INFO] TRADER-001.nautilus_trading::strategy: DataActor-140724825183112 <--[EVT] OrderFilled(instrument_id=SOLUSDT-PERP.BINANCE, client_order_id=O-20260110-150500-001-140724825183112-39, venue_order_id=BINANCE-3-8, account_id=BINANCE-001, trade_id=T-f4c650b09776e47f-125620, position_id=P-20260110-150500-001-140724825183112-12, order_side=BUY, order_type=STOP_MARKET, last_qty=11_116.3, last_px=136.262 USDT, commission=908.83756236 USDT, liquidity_side=TAKER, ts_event=1768057800000000000)[0m
[1m2026-01-10T15:10:00.000000000Z[0m [INFO] TRADER-001.nautilus_portfolio::portfolio: SOLUSDT-PERP.BINANCE net_position=0[0m
[1m2026-01-10T15:10:00.000000000Z[0m [INFO] TRADER-001.nautilus_portfolio::manager: SOLUSDT-PERP.BINANCE margin_maint=0.00000000 USDT[0m
[1m2026-01-10T15:10:00.000000000Z[0m [INFO] TRADER-001.nautilus_portfolio::portfolio: Updated AccountState(account_id=BINANCE-001, account_type=MARGIN, base_currency=USDT, is_reported=false, balances=[AccountBalance(total=98161.68137863 USDT, locked=0.00000000 USDT, free=98161.68137863 USDT)], margins=[], event_id=00c7d3ec-1a4d-4c8e-9b6f-aadfbaca8940)[0m
[1m2026-01-10T15:10:00.000000000Z[0m [INFO] TRADER-001.nautilus_trading::strategy: DataActor-140724825183112 <--[EVT] PositionClosed(PositionClosed { trader_id: "TRADER-001", strategy_id: "DataActor-140724825183112", instrument_id: "SOLUSDT-PERP.BINANCE", position_id: "P-20260110-150500-001-140724825183112-12", account_id: "BINANCE-001", opening_order_id: "O-20260110-150500-001-140724825183112-38", closing_order_id: Some("O-20260110-150500-001-140724825183112-39"), entry: Sell, side: Flat, signed_qty: 0.0, quantity: Quantity(0.0), peak_quantity: Quantity(11116.3), last_qty: Quantity(11116.3), last_px: Price(136.262), currency: Currency(code='USDT', precision=8, iso4217=0, name='Tether', currency_type=CRYPTO), avg_px_open: 136.208, avg_px_close: Some(136.262), realized_return: -0.00039645248443558414, realized_pnl: Some(Money(-2417.59515660, USDT)), unrealized_pnl: Money(0.00000000, USDT), duration: 300000000000, event_id: UUID4(aea1ede7-92de-4355-a31b-c0bc4fba736b), ts_opened: UnixNanos(1768057500000000000), ts_closed: Some(UnixNanos(1768057800000000000)), ts_event: UnixNanos(1768057800000000000), ts_init: UnixNanos(1768057800000000000) })[0m
[1m2026-01-10T15:10:00.000000000Z[0m [INFO] TRADER-001.nautilus_portfolio::manager: SOLUSDT-PERP.BINANCE margin_init=0.00000000 USDT[0m
[1m2026-01-10T15:10:00.000000000Z[0m [INFO] TRADER-001.nautilus_portfolio::portfolio: Updated AccountState(account_id=BINANCE-001, account_type=MARGIN, base_currency=USDT, is_reported=false, balances=[AccountBalance(total=98161.68137863 USDT, locked=0.00000000 USDT, free=98161.68137863 USDT)], margins=[], event_id=fe20dd51-5e65-4da1-a008-9bed7dc77e06)[0m
[1m2026-01-10T15:10:00.000000000Z[0m [INFO] TRADER-001.nautilus_trading::strategy: DataActor-140724825183112 <--[EVT] OrderCanceled(instrument_id=SOLUSDT-PERP.BINANCE, client_order_id=O-20260110-150500-001-140724825183112-40, venue_order_id=BINANCE-3-9, account_id=BINANCE-001, ts_event=1768057800000000000)[0m
[1m2026-01-11T03:10:00.000000000Z[0m [INFO] TRADER-001.nautilus_trading::strategy: DataActor-140724825183112 <--[EVT] OrderInitialized(instrument_id=SOLUSDT-PERP.BINANCE, client_order_id=O-20260111-031000-001-140724825183112-41, side=BUY, type=MARKET, quantity=9286.7, time_in_force=GTC, post_only=false, reduce_only=false, quote_quantity=false, price=None, emulation_trigger=None, trigger_instrument_id=None, contingency_type=OTO, order_list_id=OL-20260111-031000-001-140724825183112-13, linked_order_ids=[O-20260111-031000-001-140724825183112-42, O-20260111-031000-001-140724825183112-43], parent_order_id=None, exec_algorithm_id=None, exec_algorithm_params=None, exec_spawn_id=None, tags=opening-pullback-direct-diagnostic-solusdt-asia-2026-01-11-00063, BREAKOUT_ACCEPTANCE_CONTINUATION, LONG, TEN_SECOND_MARKET_ENTRY)[0m
[1m2026-01-11T03:10:00.000000000Z[0m [INFO] TRADER-001.nautilus_trading::strategy: DataActor-140724825183112 <--[EVT] OrderInitialized(instrument_id=SOLUSDT-PERP.BINANCE, client_order_id=O-20260111-031000-001-140724825183112-42, side=SELL, type=STOP_MARKET, quantity=9286.7, time_in_force=GTC, post_only=false, reduce_only=true, quote_quantity=false, price=None, emulation_trigger=None, trigger_instrument_id=None, contingency_type=OUO, order_list_id=OL-20260111-031000-001-140724825183112-13, linked_order_ids=[O-20260111-031000-001-140724825183112-43], parent_order_id=O-20260111-031000-001-140724825183112-41, exec_algorithm_id=None, exec_algorithm_params=None, exec_spawn_id=None, tags=opening-pullback-direct-diagnostic-solusdt-asia-2026-01-11-00063, OBSERVED_RETEST_INVALIDATION)[0m
[1m2026-01-11T03:10:00.000000000Z[0m [INFO] TRADER-001.nautilus_trading::strategy: DataActor-140724825183112 <--[EVT] OrderInitialized(instrument_id=SOLUSDT-PERP.BINANCE, client_order_id=O-20260111-031000-001-140724825183112-43, side=SELL, type=LIMIT, quantity=9286.7, time_in_force=GTC, post_only=false, reduce_only=true, quote_quantity=false, price=136.509, emulation_trigger=None, trigger_instrument_id=None, contingency_type=OUO, order_list_id=OL-20260111-031000-001-140724825183112-13, linked_order_ids=[O-20260111-031000-001-140724825183112-42], parent_order_id=O-20260111-031000-001-140724825183112-41, exec_algorithm_id=None, exec_algorithm_params=None, exec_spawn_id=None, tags=opening-pullback-direct-diagnostic-solusdt-asia-2026-01-11-00063, ACTIVE_COMPLETED_EXTERNAL_TARGET)[0m
[1m2026-01-11T03:10:00.000000000Z[0m [INFO] TRADER-001.nautilus_trading::strategy: DataActor-140724825183112 [CMD]--> SubmitOrderList[0m
[1m2026-01-11T03:10:00.000000000Z[0m [94m[INFO] TRADER-001.nautilus_execution::engine: Submit OrderList(id=OL-20260111-031000-001-140724825183112-13, instrument_id=SOLUSDT-PERP.BINANCE, strategy_id=DataActor-140724825183112, client_order_ids=["O-20260111-031000-001-140724825183112-41", "O-20260111-031000-001-140724825183112-42", "O-20260111-031000-001-140724825183112-43"], ts_init=1768101000000000000)[0m
[1m2026-01-11T03:10:00.000000000Z[0m [INFO] TRADER-001.nautilus_trading::strategy: DataActor-140724825183112 <--[EVT] OrderSubmitted(instrument_id=SOLUSDT-PERP.BINANCE, client_order_id=O-20260111-031000-001-140724825183112-41, account_id=BINANCE-001, ts_event=1768101000000000000)[0m
[1m2026-01-11T03:10:00.000000000Z[0m [INFO] TRADER-001.nautilus_trading::strategy: DataActor-140724825183112 <--[EVT] OrderSubmitted(instrument_id=SOLUSDT-PERP.BINANCE, client_order_id=O-20260111-031000-001-140724825183112-42, account_id=BINANCE-001, ts_event=1768101000000000000)[0m
[1m2026-01-11T03:10:00.000000000Z[0m [INFO] TRADER-001.nautilus_trading::strategy: DataActor-140724825183112 <--[EVT] OrderSubmitted(instrument_id=SOLUSDT-PERP.BINANCE, client_order_id=O-20260111-031000-001-140724825183112-43, account_id=BINANCE-001, ts_event=1768101000000000000)[0m
[1m2026-01-11T03:10:00.000000000Z[0m [INFO] TRADER-001.nautilus_portfolio::manager: SOLUSDT-PERP.BINANCE margin_init=0.00000000 USDT[0m
[1m2026-01-11T03:10:00.000000000Z[0m [INFO] TRADER-001.nautilus_trading::strategy: DataActor-140724825183112 <--[EVT] OrderFilled(instrument_id=SOLUSDT-PERP.BINANCE, client_order_id=O-20260111-031000-001-140724825183112-41, venue_order_id=BINANCE-3-10, account_id=BINANCE-001, trade_id=T-a1cf306ada87cdbf-134565, position_id=P-20260111-031000-001-140724825183112-13, order_side=BUY, order_type=MARKET, last_qty=9_286.7, last_px=135.862 USDT, commission=757.02578124 USDT, liquidity_side=TAKER, ts_event=1768101000000000000)[0m
[1m2026-01-11T03:10:00.000000000Z[0m [INFO] TRADER-001.nautilus_trading::strategy: Canceling 2 inflight SOLUSDT-PERP.BINANCE orders[0m
[1m2026-01-11T03:10:00.000000000Z[0m [INFO] TRADER-001.nautilus_trading::strategy: DataActor-140724825183112 [CMD]--> CancelAllOrders[0m
[1m2026-01-11T03:10:00.000000000Z[0m [INFO] TRADER-001.nautilus_portfolio::portfolio: SOLUSDT-PERP.BINANCE net_position=9286.7[0m
[1m2026-01-11T03:10:00.000000000Z[0m [INFO] TRADER-001.nautilus_portfolio::manager: SOLUSDT-PERP.BINANCE margin_maint=5046.83854160 USDT[0m
[1m2026-01-11T03:10:00.000000000Z[0m [INFO] TRADER-001.nautilus_portfolio::portfolio: Updated AccountState(account_id=BINANCE-001, account_type=MARGIN, base_currency=USDT, is_reported=false, balances=[AccountBalance(total=97404.65559739 USDT, locked=5046.83854160 USDT, free=92357.81705579 USDT)], margins=[MarginBalance(initial=0.00000000 USDT, maintenance=5046.83854160 USDT, instrument_id=SOLUSDT-PERP.BINANCE)], event_id=488cf179-3918-419e-b6df-79e4e7b261a7)[0m
[1m2026-01-11T03:10:00.000000000Z[0m [INFO] TRADER-001.nautilus_trading::strategy: DataActor-140724825183112 <--[EVT] PositionOpened(PositionOpened { trader_id: "TRADER-001", strategy_id: "DataActor-140724825183112", instrument_id: "SOLUSDT-PERP.BINANCE", position_id: "P-20260111-031000-001-140724825183112-13", account_id: "BINANCE-001", opening_order_id: "O-20260111-031000-001-140724825183112-41", entry: Buy, side: Long, signed_qty: 9286.7, quantity: Quantity(9286.7), last_qty: Quantity(9286.7), last_px: Price(135.862), currency: Currency(code='USDT', precision=8, iso4217=0, name='Tether', currency_type=CRYPTO), avg_px_open: 135.862, event_id: UUID4(b5428233-acac-40ff-86f6-956d272dd8d8), ts_event: UnixNanos(1768101000000000000), ts_init: UnixNanos(1768101000000000000) })[0m
[1m2026-01-11T03:10:00.000000000Z[0m [INFO] TRADER-001.nautilus_portfolio::manager: SOLUSDT-PERP.BINANCE margin_init=0.00000000 USDT[0m
[1m2026-01-11T03:10:00.000000000Z[0m [INFO] TRADER-001.nautilus_portfolio::portfolio: Updated AccountState(account_id=BINANCE-001, account_type=MARGIN, base_currency=USDT, is_reported=false, balances=[AccountBalance(total=97404.65559739 USDT, locked=5046.83854160 USDT, free=92357.81705579 USDT)], margins=[MarginBalance(initial=0.00000000 USDT, maintenance=5046.83854160 USDT, instrument_id=SOLUSDT-PERP.BINANCE)], event_id=e1c5fe54-f06b-4248-b581-d43192f3fb65)[0m
[1m2026-01-11T03:10:00.000000000Z[0m [INFO] TRADER-001.nautilus_trading::strategy: DataActor-140724825183112 <--[EVT] OrderAccepted(instrument_id=SOLUSDT-PERP.BINANCE, client_order_id=O-20260111-031000-001-140724825183112-42, venue_order_id=BINANCE-3-11, account_id=BINANCE-001, ts_event=1768101000000000000)[0m
[1m2026-01-11T03:10:00.000000000Z[0m [INFO] TRADER-001.nautilus_portfolio::manager: SOLUSDT-PERP.BINANCE margin_init=0.00000000 USDT[0m
[1m2026-01-11T03:10:00.000000000Z[0m [INFO] TRADER-001.nautilus_portfolio::portfolio: Updated AccountState(account_id=BINANCE-001, account_type=MARGIN, base_currency=USDT, is_reported=false, balances=[AccountBalance(total=97404.65559739 USDT, locked=5046.83854160 USDT, free=92357.81705579 USDT)], margins=[MarginBalance(initial=0.00000000 USDT, maintenance=5046.83854160 USDT, instrument_id=SOLUSDT-PERP.BINANCE)], event_id=cf4575c6-b68c-49fa-852e-372754cc52f1)[0m
[1m2026-01-11T03:10:00.000000000Z[0m [INFO] TRADER-001.nautilus_trading::strategy: DataActor-140724825183112 <--[EVT] OrderAccepted(instrument_id=SOLUSDT-PERP.BINANCE, client_order_id=O-20260111-031000-001-140724825183112-43, venue_order_id=BINANCE-3-12, account_id=BINANCE-001, ts_event=1768101000000000000)[0m
[1m2026-01-11T03:10:00.000000000Z[0m [94m[INFO] TRADER-001.nautilus_execution::engine: Cancel all orders[0m
[1m2026-01-11T03:10:00.000000000Z[0m [INFO] TRADER-001.nautilus_portfolio::manager: SOLUSDT-PERP.BINANCE margin_init=0.00000000 USDT[0m
[1m2026-01-11T03:10:00.000000000Z[0m [INFO] TRADER-001.nautilus_portfolio::portfolio: Updated AccountState(account_id=BINANCE-001, account_type=MARGIN, base_currency=USDT, is_reported=false, balances=[AccountBalance(total=97404.65559739 USDT, locked=5046.83854160 USDT, free=92357.81705579 USDT)], margins=[MarginBalance(initial=0.00000000 USDT, maintenance=5046.83854160 USDT, instrument_id=SOLUSDT-PERP.BINANCE)], event_id=dab2dca0-931f-4c9c-8fc6-99d03d1cd255)[0m
[1m2026-01-11T03:10:00.000000000Z[0m [INFO] TRADER-001.nautilus_trading::strategy: DataActor-140724825183112 <--[EVT] OrderCanceled(instrument_id=SOLUSDT-PERP.BINANCE, client_order_id=O-20260111-031000-001-140724825183112-42, venue_order_id=BINANCE-3-11, account_id=BINANCE-001, ts_event=1768101000000000000)[0m
[1m2026-01-11T03:10:00.000000000Z[0m [INFO] TRADER-001.nautilus_portfolio::manager: SOLUSDT-PERP.BINANCE margin_init=0.00000000 USDT[0m
[1m2026-01-11T03:10:00.000000000Z[0m [INFO] TRADER-001.nautilus_portfolio::portfolio: Updated AccountState(account_id=BINANCE-001, account_type=MARGIN, base_currency=USDT, is_reported=false, balances=[AccountBalance(total=97404.65559739 USDT, locked=5046.83854160 USDT, free=92357.81705579 USDT)], margins=[MarginBalance(initial=0.00000000 USDT, maintenance=5046.83854160 USDT, instrument_id=SOLUSDT-PERP.BINANCE)], event_id=06451c28-1011-4347-847d-c0838c4e6ed0)[0m
[1m2026-01-11T03:10:00.000000000Z[0m [INFO] TRADER-001.nautilus_trading::strategy: DataActor-140724825183112 <--[EVT] OrderCanceled(instrument_id=SOLUSDT-PERP.BINANCE, client_order_id=O-20260111-031000-001-140724825183112-43, venue_order_id=BINANCE-3-12, account_id=BINANCE-001, ts_event=1768101000000000000)[0m
[1m2026-01-11T03:10:00.000000000Z[0m [1;33m[WARN] TRADER-001.nautilus_common::cache: Cannot calculate unrealized PnL for P-20260111-031000-001-140724825183112-13, no quotes for SOLUSDT-PERP.BINANCE[0m
[1m2026-01-11T03:10:10.000000000Z[0m [INFO] TRADER-001.nautilus_trading::strategy: No SOLUSDT-PERP.BINANCE open, emulated, or inflight orders to cancel[0m
[1m2026-01-11T03:10:10.000000000Z[0m [INFO] TRADER-001.nautilus_trading::strategy: Closing 1 open position[0m
[1m2026-01-11T03:10:10.000000000Z[0m [INFO] TRADER-001.nautilus_trading::strategy: DataActor-140724825183112 <--[EVT] OrderInitialized(instrument_id=SOLUSDT-PERP.BINANCE, client_order_id=O-20260111-031010-001-140724825183112-44, side=SELL, type=MARKET, quantity=9286.7, time_in_force=GTC, post_only=false, reduce_only=true, quote_quantity=false, price=None, emulation_trigger=None, trigger_instrument_id=None, contingency_type=NO_CONTINGENCY, order_list_id=None, linked_order_ids=[None], parent_order_id=None, exec_algorithm_id=None, exec_algorithm_params=None, exec_spawn_id=None, tags=None)[0m
[1m2026-01-11T03:10:10.000000000Z[0m [INFO] TRADER-001.nautilus_trading::strategy: DataActor-140724825183112 [CMD]--> SubmitOrder[0m
[1m2026-01-11T03:10:10.000000000Z[0m [94m[INFO] TRADER-001.nautilus_execution::engine: Submit MarketOrder(SELL 9_286.7 SOLUSDT-PERP.BINANCE @ MARKET GTC, status=INITIALIZED, client_order_id=O-20260111-031010-001-140724825183112-44, venue_order_id=None, position_id=None, exec_algorithm_id=None, exec_spawn_id=None, tags=None)[0m
[1m2026-01-11T03:10:10.000000000Z[0m [INFO] TRADER-001.nautilus_trading::strategy: DataActor-140724825183112 <--[EVT] OrderSubmitted(instrument_id=SOLUSDT-PERP.BINANCE, client_order_id=O-20260111-031010-001-140724825183112-44, account_id=BINANCE-001, ts_event=1768101010000000000)[0m
[1m2026-01-11T03:10:10.000000000Z[0m [INFO] TRADER-001.nautilus_portfolio::manager: SOLUSDT-PERP.BINANCE margin_init=0.00000000 USDT[0m
[1m2026-01-11T03:10:10.000000000Z[0m [INFO] TRADER-001.nautilus_trading::strategy: DataActor-140724825183112 <--[EVT] OrderFilled(instrument_id=SOLUSDT-PERP.BINANCE, client_order_id=O-20260111-031010-001-140724825183112-44, venue_order_id=BINANCE-3-13, account_id=BINANCE-001, trade_id=T-525967992ce1ed6a-134566, position_id=P-20260111-031000-001-140724825183112-13, order_side=SELL, order_type=MARKET, last_qty=9_286.7, last_px=135.858 USDT, commission=757.00349316 USDT, liquidity_side=TAKER, ts_event=1768101010000000000)[0m
[1m2026-01-11T03:10:10.000000000Z[0m [INFO] TRADER-001.nautilus_portfolio::portfolio: SOLUSDT-PERP.BINANCE net_position=0[0m
[1m2026-01-11T03:10:10.000000000Z[0m [INFO] TRADER-001.nautilus_portfolio::manager: SOLUSDT-PERP.BINANCE margin_maint=0.00000000 USDT[0m
[1m2026-01-11T03:10:10.000000000Z[0m [INFO] TRADER-001.nautilus_portfolio::portfolio: Updated AccountState(account_id=BINANCE-001, account_type=MARGIN, base_currency=USDT, is_reported=false, balances=[AccountBalance(total=96610.50530423 USDT, locked=0.00000000 USDT, free=96610.50530423 USDT)], margins=[], event_id=94a9a220-4470-403c-b4e5-c97fcfd2d219)[0m
[1m2026-01-11T03:10:10.000000000Z[0m [INFO] TRADER-001.nautilus_trading::strategy: DataActor-140724825183112 <--[EVT] PositionClosed(PositionClosed { trader_id: "TRADER-001", strategy_id: "DataActor-140724825183112", instrument_id: "SOLUSDT-PERP.BINANCE", position_id: "P-20260111-031000-001-140724825183112-13", account_id: "BINANCE-001", opening_order_id: "O-20260111-031000-001-140724825183112-41", closing_order_id: Some("O-20260111-031010-001-140724825183112-44"), entry: Buy, side: Flat, signed_qty: 0.0, quantity: Quantity(0.0), peak_quantity: Quantity(9286.7), last_qty: Quantity(9286.7), last_px: Price(135.858), currency: Currency(code='USDT', precision=8, iso4217=0, name='Tether', currency_type=CRYPTO), avg_px_open: 135.862, avg_px_close: Some(135.858), realized_return: -2.9441639310408193e-5, realized_pnl: Some(Money(-1551.17607440, USDT)), unrealized_pnl: Money(0.00000000, USDT), duration: 10000000000, event_id: UUID4(47f8e009-e014-4912-afd9-eb43c55a60aa), ts_opened: UnixNanos(1768101000000000000), ts_closed: Some(UnixNanos(1768101010000000000)), ts_event: UnixNanos(1768101010000000000), ts_init: UnixNanos(1768101010000000000) })[0m
[1m2026-01-11T15:05:00.000000000Z[0m [INFO] TRADER-001.nautilus_trading::strategy: DataActor-140724825183112 <--[EVT] OrderInitialized(instrument_id=SOLUSDT-PERP.BINANCE, client_order_id=O-20260111-150500-001-140724825183112-45, side=BUY, type=MARKET, quantity=5816.9, time_in_force=GTC, post_only=false, reduce_only=false, quote_quantity=false, price=None, emulation_trigger=None, trigger_instrument_id=None, contingency_type=OTO, order_list_id=OL-20260111-150500-001-140724825183112-14, linked_order_ids=[O-20260111-150500-001-140724825183112-46, O-20260111-150500-001-140724825183112-47], parent_order_id=None, exec_algorithm_id=None, exec_algorithm_params=None, exec_spawn_id=None, tags=opening-pullback-direct-diagnostic-solusdt-new_york-2026-01-11-00065, BREAKOUT_ACCEPTANCE_CONTINUATION, LONG, TEN_SECOND_MARKET_ENTRY)[0m
[1m2026-01-11T15:05:00.000000000Z[0m [INFO] TRADER-001.nautilus_trading::strategy: DataActor-140724825183112 <--[EVT] OrderInitialized(instrument_id=SOLUSDT-PERP.BINANCE, client_order_id=O-20260111-150500-001-140724825183112-46, side=SELL, type=STOP_MARKET, quantity=5816.9, time_in_force=GTC, post_only=false, reduce_only=true, quote_quantity=false, price=None, emulation_trigger=None, trigger_instrument_id=None, contingency_type=OUO, order_list_id=OL-20260111-150500-001-140724825183112-14, linked_order_ids=[O-20260111-150500-001-140724825183112-47], parent_order_id=O-20260111-150500-001-140724825183112-45, exec_algorithm_id=None, exec_algorithm_params=None, exec_spawn_id=None, tags=opening-pullback-direct-diagnostic-solusdt-new_york-2026-01-11-00065, OBSERVED_RETEST_INVALIDATION)[0m
[1m2026-01-11T15:05:00.000000000Z[0m [INFO] TRADER-001.nautilus_trading::strategy: DataActor-140724825183112 <--[EVT] OrderInitialized(instrument_id=SOLUSDT-PERP.BINANCE, client_order_id=O-20260111-150500-001-140724825183112-47, side=SELL, type=LIMIT, quantity=5816.9, time_in_force=GTC, post_only=false, reduce_only=true, quote_quantity=false, price=141.150, emulation_trigger=None, trigger_instrument_id=None, contingency_type=OUO, order_list_id=OL-20260111-150500-001-140724825183112-14, linked_order_ids=[O-20260111-150500-001-140724825183112-46], parent_order_id=O-20260111-150500-001-140724825183112-45, exec_algorithm_id=None, exec_algorithm_params=None, exec_spawn_id=None, tags=opening-pullback-direct-diagnostic-solusdt-new_york-2026-01-11-00065, ACTIVE_COMPLETED_EXTERNAL_TARGET)[0m
[1m2026-01-11T15:05:00.000000000Z[0m [INFO] TRADER-001.nautilus_trading::strategy: DataActor-140724825183112 [CMD]--> SubmitOrderList[0m
[1m2026-01-11T15:05:00.000000000Z[0m [94m[INFO] TRADER-001.nautilus_execution::engine: Submit OrderList(id=OL-20260111-150500-001-140724825183112-14, instrument_id=SOLUSDT-PERP.BINANCE, strategy_id=DataActor-140724825183112, client_order_ids=["O-20260111-150500-001-140724825183112-45", "O-20260111-150500-001-140724825183112-46", "O-20260111-150500-001-140724825183112-47"], ts_init=1768143900000000000)[0m
[1m2026-01-11T15:05:00.000000000Z[0m [INFO] TRADER-001.nautilus_trading::strategy: DataActor-140724825183112 <--[EVT] OrderSubmitted(instrument_id=SOLUSDT-PERP.BINANCE, client_order_id=O-20260111-150500-001-140724825183112-45, account_id=BINANCE-001, ts_event=1768143900000000000)[0m
[1m2026-01-11T15:05:00.000000000Z[0m [INFO] TRADER-001.nautilus_trading::strategy: DataActor-140724825183112 <--[EVT] OrderSubmitted(instrument_id=SOLUSDT-PERP.BINANCE, client_order_id=O-20260111-150500-001-140724825183112-46, account_id=BINANCE-001, ts_event=1768143900000000000)[0m
[1m2026-01-11T15:05:00.000000000Z[0m [INFO] TRADER-001.nautilus_trading::strategy: DataActor-140724825183112 <--[EVT] OrderSubmitted(instrument_id=SOLUSDT-PERP.BINANCE, client_order_id=O-20260111-150500-001-140724825183112-47, account_id=BINANCE-001, ts_event=1768143900000000000)[0m
[1m2026-01-11T15:05:00.000000000Z[0m [INFO] TRADER-001.nautilus_portfolio::manager: SOLUSDT-PERP.BINANCE margin_init=0.00000000 USDT[0m
[1m2026-01-11T15:05:00.000000000Z[0m [INFO] TRADER-001.nautilus_trading::strategy: DataActor-140724825183112 <--[EVT] OrderFilled(instrument_id=SOLUSDT-PERP.BINANCE, client_order_id=O-20260111-150500-001-140724825183112-45, venue_order_id=BINANCE-3-14, account_id=BINANCE-001, trade_id=T-610d748758c2ddcd-143736, position_id=P-20260111-150500-001-140724825183112-14, order_side=BUY, order_type=MARKET, last_qty=5_816.9, last_px=138.702 USDT, commission=484.08939828 USDT, liquidity_side=TAKER, ts_event=1768143900000000000)[0m
[1m2026-01-11T15:05:00.000000000Z[0m [INFO] TRADER-001.nautilus_portfolio::portfolio: SOLUSDT-PERP.BINANCE net_position=5816.9[0m
[1m2026-01-11T15:05:00.000000000Z[0m [INFO] TRADER-001.nautilus_portfolio::manager: SOLUSDT-PERP.BINANCE margin_maint=3227.26265520 USDT[0m
[1m2026-01-11T15:05:00.000000000Z[0m [INFO] TRADER-001.nautilus_portfolio::portfolio: Updated AccountState(account_id=BINANCE-001, account_type=MARGIN, base_currency=USDT, is_reported=false, balances=[AccountBalance(total=96126.41590595 USDT, locked=3227.26265520 USDT, free=92899.15325075 USDT)], margins=[MarginBalance(initial=0.00000000 USDT, maintenance=3227.26265520 USDT, instrument_id=SOLUSDT-PERP.BINANCE)], event_id=03fdc12f-d525-4df4-9cd4-0961f620d947)[0m
[1m2026-01-11T15:05:00.000000000Z[0m [INFO] TRADER-001.nautilus_trading::strategy: DataActor-140724825183112 <--[EVT] PositionOpened(PositionOpened { trader_id: "TRADER-001", strategy_id: "DataActor-140724825183112", instrument_id: "SOLUSDT-PERP.BINANCE", position_id: "P-20260111-150500-001-140724825183112-14", account_id: "BINANCE-001", opening_order_id: "O-20260111-150500-001-140724825183112-45", entry: Buy, side: Long, signed_qty: 5816.9, quantity: Quantity(5816.9), last_qty: Quantity(5816.9), last_px: Price(138.702), currency: Currency(code='USDT', precision=8, iso4217=0, name='Tether', currency_type=CRYPTO), avg_px_open: 138.702, event_id: UUID4(d2d99128-c0e3-4435-84f8-7be2a36ed923), ts_event: UnixNanos(1768143900000000000), ts_init: UnixNanos(1768143900000000000) })[0m
[1m2026-01-11T15:05:00.000000000Z[0m [INFO] TRADER-001.nautilus_portfolio::manager: SOLUSDT-PERP.BINANCE margin_init=0.00000000 USDT[0m
[1m2026-01-11T15:05:00.000000000Z[0m [INFO] TRADER-001.nautilus_portfolio::portfolio: Updated AccountState(account_id=BINANCE-001, account_type=MARGIN, base_currency=USDT, is_reported=false, balances=[AccountBalance(total=96126.41590595 USDT, locked=3227.26265520 USDT, free=92899.15325075 USDT)], margins=[MarginBalance(initial=0.00000000 USDT, maintenance=3227.26265520 USDT, instrument_id=SOLUSDT-PERP.BINANCE)], event_id=38eaf84e-b687-4598-94e2-b130a0f4a586)[0m
[1m2026-01-11T15:05:00.000000000Z[0m [INFO] TRADER-001.nautilus_trading::strategy: DataActor-140724825183112 <--[EVT] OrderAccepted(instrument_id=SOLUSDT-PERP.BINANCE, client_order_id=O-20260111-150500-001-140724825183112-46, venue_order_id=BINANCE-3-15, account_id=BINANCE-001, ts_event=1768143900000000000)[0m
[1m2026-01-11T15:05:00.000000000Z[0m [INFO] TRADER-001.nautilus_portfolio::manager: SOLUSDT-PERP.BINANCE margin_init=0.00000000 USDT[0m
[1m2026-01-11T15:05:00.000000000Z[0m [INFO] TRADER-001.nautilus_portfolio::portfolio: Updated AccountState(account_id=BINANCE-001, account_type=MARGIN, base_currency=USDT, is_reported=false, balances=[AccountBalance(total=96126.41590595 USDT, locked=3227.26265520 USDT, free=92899.15325075 USDT)], margins=[MarginBalance(initial=0.00000000 USDT, maintenance=3227.26265520 USDT, instrument_id=SOLUSDT-PERP.BINANCE)], event_id=b8af1dfa-2eeb-4418-9e33-fb73277aad01)[0m
[1m2026-01-11T15:05:00.000000000Z[0m [INFO] TRADER-001.nautilus_trading::strategy: DataActor-140724825183112 <--[EVT] OrderAccepted(instrument_id=SOLUSDT-PERP.BINANCE, client_order_id=O-20260111-150500-001-140724825183112-47, venue_order_id=BINANCE-3-16, account_id=BINANCE-001, ts_event=1768143900000000000)[0m
[1m2026-01-11T15:05:00.000000000Z[0m [1;33m[WARN] TRADER-001.nautilus_common::cache: Cannot calculate unrealized PnL for P-20260111-150500-001-140724825183112-14, no quotes for SOLUSDT-PERP.BINANCE[0m
[1m2026-01-11T15:05:10.000000000Z[0m [INFO] TRADER-001.nautilus_portfolio::manager: SOLUSDT-PERP.BINANCE margin_init=0.00000000 USDT[0m
[1m2026-01-11T15:05:10.000000000Z[0m [INFO] TRADER-001.nautilus_trading::strategy: DataActor-140724825183112 <--[EVT] OrderFilled(instrument_id=SOLUSDT-PERP.BINANCE, client_order_id=O-20260111-150500-001-140724825183112-46, venue_order_id=BINANCE-3-15, account_id=BINANCE-001, trade_id=T-e2738af633c462ec-143740, position_id=P-20260111-150500-001-140724825183112-14, order_side=SELL, order_type=STOP_MARKET, last_qty=5_816.9, last_px=138.328 USDT, commission=482.78408592 USDT, liquidity_side=TAKER, ts_event=1768143910000000000)[0m
[1m2026-01-11T15:05:10.000000000Z[0m [INFO] TRADER-001.nautilus_portfolio::portfolio: SOLUSDT-PERP.BINANCE net_position=0[0m
[1m2026-01-11T15:05:10.000000000Z[0m [INFO] TRADER-001.nautilus_portfolio::manager: SOLUSDT-PERP.BINANCE margin_maint=0.00000000 USDT[0m
[1m2026-01-11T15:05:10.000000000Z[0m [INFO] TRADER-001.nautilus_portfolio::portfolio: Updated AccountState(account_id=BINANCE-001, account_type=MARGIN, base_currency=USDT, is_reported=false, balances=[AccountBalance(total=93468.11122003 USDT, locked=0.00000000 USDT, free=93468.11122003 USDT)], margins=[], event_id=fd0e76e4-4efe-476b-aad5-824621597ede)[0m
[1m2026-01-11T15:05:10.000000000Z[0m [INFO] TRADER-001.nautilus_trading::strategy: DataActor-140724825183112 <--[EVT] PositionClosed(PositionClosed { trader_id: "TRADER-001", strategy_id: "DataActor-140724825183112", instrument_id: "SOLUSDT-PERP.BINANCE", position_id: "P-20260111-150500-001-140724825183112-14", account_id: "BINANCE-001", opening_order_id: "O-20260111-150500-001-140724825183112-45", closing_order_id: Some("O-20260111-150500-001-140724825183112-46"), entry: Buy, side: Flat, signed_qty: 0.0, quantity: Quantity(0.0), peak_quantity: Quantity(5816.9), last_qty: Quantity(5816.9), last_px: Price(138.328), currency: Currency(code='USDT', precision=8, iso4217=0, name='Tether', currency_type=CRYPTO), avg_px_open: 138.702, avg_px_close: Some(138.328), realized_return: -0.002696428313939202, realized_pnl: Some(Money(-3142.39408420, USDT)), unrealized_pnl: Money(0.00000000, USDT), duration: 10000000000, event_id: UUID4(97bcb3d6-d548-4d7f-a945-09591d053ff1), ts_opened: UnixNanos(1768143900000000000), ts_closed: Some(UnixNanos(1768143910000000000)), ts_event: UnixNanos(1768143910000000000), ts_init: UnixNanos(1768143910000000000) })[0m
[1m2026-01-11T15:05:10.000000000Z[0m [INFO] TRADER-001.nautilus_portfolio::manager: SOLUSDT-PERP.BINANCE margin_init=0.00000000 USDT[0m
[1m2026-01-11T15:05:10.000000000Z[0m [INFO] TRADER-001.nautilus_portfolio::portfolio: Updated AccountState(account_id=BINANCE-001, account_type=MARGIN, base_currency=USDT, is_reported=false, balances=[AccountBalance(total=93468.11122003 USDT, locked=0.00000000 USDT, free=93468.11122003 USDT)], margins=[], event_id=ec77899e-f98e-4820-a59b-c9ec58325334)[0m
[1m2026-01-11T15:05:10.000000000Z[0m [INFO] TRADER-001.nautilus_trading::strategy: DataActor-140724825183112 <--[EVT] OrderCanceled(instrument_id=SOLUSDT-PERP.BINANCE, client_order_id=O-20260111-150500-001-140724825183112-47, venue_order_id=BINANCE-3-16, account_id=BINANCE-001, ts_event=1768143910000000000)[0m
[1m2026-01-12T04:01:00.000000000Z[0m [INFO] TRADER-001.nautilus_system::kernel: Stopping trader...[0m
[1m2026-01-12T04:01:00.000000000Z[0m [INFO] TRADER-001.nautilus_system::trader: Stopping[0m
[1m2026-01-12T04:01:00.000000000Z[0m [INFO] TRADER-001.DataActor-140724825183112: Stopping[0m
[1m2026-01-12T04:01:00.000000000Z[0m [INFO] TRADER-001.nautilus_trading::strategy: No BTCUSDT-PERP.BINANCE open, emulated, or inflight orders to cancel[0m
[1m2026-01-12T04:01:00.000000000Z[0m [INFO] TRADER-001.nautilus_trading::strategy: No ETHUSDT-PERP.BINANCE open, emulated, or inflight orders to cancel[0m
[1m2026-01-12T04:01:00.000000000Z[0m [INFO] TRADER-001.nautilus_trading::strategy: No SOLUSDT-PERP.BINANCE open, emulated, or inflight orders to cancel[0m
[1m2026-01-12T04:01:00.000000000Z[0m [INFO] TRADER-001.nautilus_trading::strategy: No XRPUSDT-PERP.BINANCE open, emulated, or inflight orders to cancel[0m
[1m2026-01-12T04:01:00.000000000Z[0m [INFO] TRADER-001.DataActor-140724825183112: Stopped[0m
[1m2026-01-12T04:01:00.000000000Z[0m [INFO] TRADER-001.nautilus_system::trader: Stopped[0m
[1m2026-01-12T04:01:00.000000000Z[0m [INFO] TRADER-001.nautilus_risk::engine: Stopped[0m
[1m2026-01-12T04:01:00.000000000Z[0m [INFO] TRADER-001.nautilus_backtest::execution_client: Backtest execution client stopped[0m
[1m2026-01-12T04:01:00.000000000Z[0m [INFO] TRADER-001.nautilus_execution::engine: Stopped[0m
[1m2026-08-08T12:57:57.035926230Z[0m [36m[INFO] TRADER-001.nautilus_backtest::engine: =================================================================[0m
[1m2026-08-08T12:57:57.035931728Z[0m [36m[INFO] TRADER-001.nautilus_backtest::engine:  BACKTEST POST-RUN[0m
[1m2026-08-08T12:57:57.035932199Z[0m [36m[INFO] TRADER-001.nautilus_backtest::engine: =================================================================[0m
[1m2026-08-08T12:57:57.035932730Z[0m [INFO] TRADER-001.nautilus_backtest::engine: Run config ID:  None[0m
[1m2026-08-08T12:57:57.035933921Z[0m [INFO] TRADER-001.nautilus_backtest::engine: Run ID:         58b87d39-fb43-4bd9-973b-63f11ddce15d[0m
[1m2026-08-08T12:57:57.035935083Z[0m [INFO] TRADER-001.nautilus_backtest::engine: Run started:    2026-08-08T12:57:55.371334882Z[0m
[1m2026-08-08T12:57:57.035936155Z[0m [INFO] TRADER-001.nautilus_backtest::engine: Run finished:   2026-08-08T12:57:57.035858250Z[0m
[1m2026-08-08T12:57:57.035936836Z[0m [INFO] TRADER-001.nautilus_backtest::engine: Elapsed time:   0 days 00:00:01.664523[0m
[1m2026-08-08T12:57:57.035937627Z[0m [INFO] TRADER-001.nautilus_backtest::engine: Backtest start: 2026-01-04T23:25:10.000000000Z[0m
[1m2026-08-08T12:57:57.035938018Z[0m [INFO] TRADER-001.nautilus_backtest::engine: Backtest end:   2026-01-12T04:01:00.000000000Z[0m
[1m2026-08-08T12:57:57.035938799Z[0m [INFO] TRADER-001.nautilus_backtest::engine: Backtest range: 7 days 04:35:50.000000[0m
[1m2026-08-08T12:57:57.035939380Z[0m [INFO] TRADER-001.nautilus_backtest::engine: Iterations: 290_056[0m
[1m2026-08-08T12:57:57.035940031Z[0m [INFO] TRADER-001.nautilus_backtest::engine: Total events: 122[0m
[1m2026-08-08T12:57:57.035940431Z[0m [INFO] TRADER-001.nautilus_backtest::engine: Total orders: 47[0m
[1m2026-08-08T12:57:57.035941092Z[0m [INFO] TRADER-001.nautilus_backtest::engine: Total positions: 14[0m
[1m2026-08-08T12:57:57.035982593Z[0m [36m[INFO] TRADER-001.nautilus_backtest::engine: =================================================================[0m
[1m2026-08-08T12:57:57.035986098Z[0m [36m[INFO] TRADER-001.nautilus_backtest::engine:  PORTFOLIO PERFORMANCE[0m
[1m2026-08-08T12:57:57.035986459Z[0m [36m[INFO] TRADER-001.nautilus_backtest::engine: =================================================================[0m
[1m2026-08-08T12:57:57.035987160Z[0m [INFO] TRADER-001.nautilus_backtest::engine:  PnL Statistics (USDT)[0m
[1m2026-08-08T12:57:57.035987961Z[0m [36m[INFO] TRADER-001.nautilus_backtest::engine: -----------------------------------------------------------------[0m
[1m2026-08-08T12:57:57.036036202Z[0m [INFO] TRADER-001.nautilus_backtest::engine: Avg Loser:                      -1997.68[0m
[1m2026-08-08T12:57:57.036041300Z[0m [INFO] TRADER-001.nautilus_backtest::engine: Avg Winner:                     5147.52[0m
[1m2026-08-08T12:57:57.036041730Z[0m [INFO] TRADER-001.nautilus_backtest::engine: Expectancy:                     -466.56[0m
[1m2026-08-08T12:57:57.036041911Z[0m [INFO] TRADER-001.nautilus_backtest::engine: Max Loser:                      -3142.39[0m
[1m2026-08-08T12:57:57.036043072Z[0m [INFO] TRADER-001.nautilus_backtest::engine: Max Winner:                     7627.46[0m
[1m2026-08-08T12:57:57.036043273Z[0m [INFO] TRADER-001.nautilus_backtest::engine: Min Loser:                      -758.07[0m
[1m2026-08-08T12:57:57.036043443Z[0m [INFO] TRADER-001.nautilus_backtest::engine: Min Winner:                     873.88[0m
[1m2026-08-08T12:57:57.036043603Z[0m [INFO] TRADER-001.nautilus_backtest::engine: PnL (total):                    -6531.89[0m
[1m2026-08-08T12:57:57.036043844Z[0m [INFO] TRADER-001.nautilus_backtest::engine: PnL% (total):                   -6.53[0m
[1m2026-08-08T12:57:57.036044014Z[0m [INFO] TRADER-001.nautilus_backtest::engine: Win Rate:                       0.21[0m
[1m2026-08-08T12:57:57.036044655Z[0m [36m[INFO] TRADER-001.nautilus_backtest::engine: -----------------------------------------------------------------[0m
[1m2026-08-08T12:57:57.036044895Z[0m [INFO] TRADER-001.nautilus_backtest::engine:  Returns Statistics[0m
[1m2026-08-08T12:57:57.036045085Z[0m [36m[INFO] TRADER-001.nautilus_backtest::engine: -----------------------------------------------------------------[0m
[1m2026-08-08T12:57:57.036061510Z[0m [INFO] TRADER-001.nautilus_backtest::engine: Average (Return):               0.00[0m
[1m2026-08-08T12:57:57.036061770Z[0m [INFO] TRADER-001.nautilus_backtest::engine: Average Loss (Return):          -0.00[0m
[1m2026-08-08T12:57:57.036061940Z[0m [INFO] TRADER-001.nautilus_backtest::engine: Average Win (Return):           0.01[0m
[1m2026-08-08T12:57:57.036062121Z[0m [INFO] TRADER-001.nautilus_backtest::engine: Profit Factor:                  1.78[0m
[1m2026-08-08T12:57:57.036062291Z[0m [INFO] TRADER-001.nautilus_backtest::engine: Returns Volatility (252 days):  0.08[0m
[1m2026-08-08T12:57:57.036062461Z[0m [INFO] TRADER-001.nautilus_backtest::engine: Risk Return Ratio:              0.29[0m
[1m2026-08-08T12:57:57.036062631Z[0m [INFO] TRADER-001.nautilus_backtest::engine: Sharpe Ratio (252 days):        4.53[0m
[1m2026-08-08T12:57:57.036062812Z[0m [INFO] TRADER-001.nautilus_backtest::engine: Sortino Ratio (252 days):       11.58[0m
[1m2026-08-08T12:57:57.036063392Z[0m [36m[INFO] TRADER-001.nautilus_backtest::engine: -----------------------------------------------------------------[0m
[1m2026-08-08T12:57:57.036063773Z[0m [INFO] TRADER-001.nautilus_backtest::engine:  General Statistics[0m
[1m2026-08-08T12:57:57.036063963Z[0m [36m[INFO] TRADER-001.nautilus_backtest::engine: -----------------------------------------------------------------[0m
[1m2026-08-08T12:57:57.036067048Z[0m [INFO] TRADER-001.nautilus_backtest::engine: Long Ratio:                     0.64[0m
[1m2026-08-08T12:57:57.036067358Z[0m [36m[INFO] TRADER-001.nautilus_backtest::engine: -----------------------------------------------------------------[0m
[1m2026-08-08T12:57:57.199268914Z[0m [INFO] TRADER-001.nautilus_system::kernel: Disposing[0m
[1m2026-08-08T12:57:57.199291537Z[0m [INFO] TRADER-001.nautilus_system::trader: Disposing[0m
[1m2026-08-08T12:57:57.199296655Z[0m [INFO] TRADER-001.DataActor-140724825183112: Disposing[0m
[1m2026-08-08T12:57:57.199307861Z[0m [INFO] TRADER-001.DataActor-140724825183112: Disposed[0m
[1m2026-08-08T12:57:57.199319669Z[0m [INFO] TRADER-001.nautilus_system::trader: Disposed[0m
[1m2026-08-08T12:57:57.199323715Z[0m [INFO] TRADER-001.nautilus_backtest::execution_client: Backtest execution client stopped[0m
[1m2026-08-08T12:57:57.199327020Z[0m [INFO] TRADER-001.nautilus_execution::engine: Stopped[0m
[1m2026-08-08T12:57:57.199328582Z[0m [INFO] TRADER-001.nautilus_risk::engine: Stopped[0m
[1m2026-08-08T12:57:57.199330094Z[0m [INFO] TRADER-001.nautilus_execution::order_emulator::emulator: Stopped[0m
[1m2026-08-08T12:57:57.199345146Z[0m [INFO] TRADER-001.nautilus_execution::engine: Disposed[0m
[1m2026-08-08T12:57:57.199345917Z[0m [INFO] TRADER-001.nautilus_risk::engine: Disposed[0m
[1m2026-08-08T12:57:57.199348091Z[0m [INFO] TRADER-001.nautilus_execution::order_emulator::emulator: Disposed[0m
[1m2026-08-08T12:57:57.199452715Z[0m [INFO] TRADER-001.nautilus_common::cache: Reset cache[0m
[1m2026-08-08T12:57:57.199472885Z[0m [INFO] TRADER-001.nautilus_system::kernel: Disposed[0m
Traceback (most recent call last):
  File "/__w/SMC_ICT_4_LIVE/SMC_ICT_4_LIVE/research/candidate-08/run_opening_type_first_pullback_no_new_leg_diagnostic_v2.py", line 92, in <module>
    raise SystemExit(main())
                     ~~~~^^
  File "/__w/SMC_ICT_4_LIVE/SMC_ICT_4_LIVE/research/candidate-08/run_opening_type_first_pullback_no_new_leg_diagnostic_v2.py", line 82, in main
    run_suite(
    ~~~~~~~~~^
        config_path=args.config.resolve(),
        ^^^^^^^^^^^^^^^^^^^^^^^^^^^^^^^^^^
    ...<2 lines>...
        data_cache=args.data_cache.resolve(),
        ^^^^^^^^^^^^^^^^^^^^^^^^^^^^^^^^^^^^^
    )
    ^
  File "/__w/SMC_ICT_4_LIVE/SMC_ICT_4_LIVE/research/candidate-08/run_opening_type_first_pullback_no_new_leg_diagnostic_v2.py", line 52, in run_suite
    return base.run_suite(
           ~~~~~~~~~~~~~~^
        config_path=config_path,
        ^^^^^^^^^^^^^^^^^^^^^^^^
    ...<5 lines>...
        ablation=DIAGNOSTIC_ABLATION,
        ^^^^^^^^^^^^^^^^^^^^^^^^^^^^^
    )
    ^
  File "/__w/SMC_ICT_4_LIVE/SMC_ICT_4_LIVE/research/candidate-08/run_aggtrade_acceptance_nautilus.py", line 963, in run_suite
    result = run_window(
        config=config,
    ...<5 lines>...
        ablation=ablation,
    )
  File "/__w/SMC_ICT_4_LIVE/SMC_ICT_4_LIVE/research/candidate-08/run_aggtrade_acceptance_nautilus.py", line 907, in run_window
    raise RuntimeError("fill-adjusted expected stop loss exceeded the 3% shared-NAV budget")
RuntimeError: fill-adjusted expected stop loss exceeded the 3% shared-NAV budget
