[OK] python: 3.13.5 (need 3.13.x)
[OK] nautilus_trader: 1.230.0 (need 1.230.0)
[OK] glibc: 2.36 (need >= 2.35)
test_future_suffix_does_not_change_existing_signal (__main__.OpeningDriveAcceptanceSignalTests.test_future_suffix_does_not_change_existing_signal) ... ok
test_requires_immediate_second_outside_close_then_separate_retest (__main__.OpeningDriveAcceptanceSignalTests.test_requires_immediate_second_outside_close_then_separate_retest) ... ok
test_second_close_inside_initial_balance_is_terminal (__main__.OpeningDriveAcceptanceSignalTests.test_second_close_inside_initial_balance_is_terminal) ... ok
test_second_outside_close_cannot_double_as_retest (__main__.OpeningDriveAcceptanceSignalTests.test_second_outside_close_cannot_double_as_retest) ... ok

----------------------------------------------------------------------
Ran 4 tests in 0.075s

OK
test_cost_adjustment_is_idempotent (__main__.SessionRaidReversalExecutionV2Tests.test_cost_adjustment_is_idempotent) ... ok
test_legacy_single_event_becomes_three_causal_events (__main__.SessionRaidReversalExecutionV2Tests.test_legacy_single_event_becomes_three_causal_events) ... ok
test_missing_bar_crossing_tick_is_added_before_sizing (__main__.SessionRaidReversalExecutionV2Tests.test_missing_bar_crossing_tick_is_added_before_sizing) ... ok
test_noncausal_lifecycle_is_rejected (__main__.SessionRaidReversalExecutionV2Tests.test_noncausal_lifecycle_is_rejected) ... ok
test_nonpositive_tick_is_rejected (__main__.SessionRaidReversalExecutionV2Tests.test_nonpositive_tick_is_rejected) ... ok
test_strategy_changes_cost_only_not_risk_fraction_or_notional (__main__.SessionRaidReversalExecutionV2Tests.test_strategy_changes_cost_only_not_risk_fraction_or_notional) ... ok

----------------------------------------------------------------------
Ran 6 tests in 0.001s

OK
[1m2026-08-08T05:43:04.194056960Z[0m [36m[INFO] TRADER-001.BacktestEngine: =================================================================[0m
[1m2026-08-08T05:43:04.194068407Z[0m [36m[INFO] TRADER-001.BacktestEngine:  NAUTILUS TRADER - Automated Algorithmic Trading Platform[0m
[1m2026-08-08T05:43:04.194068768Z[0m [36m[INFO] TRADER-001.BacktestEngine:  by Nautech Systems Pty Ltd.[0m
[1m2026-08-08T05:43:04.194068948Z[0m [36m[INFO] TRADER-001.BacktestEngine:  Copyright (C) 2015-2026. All rights reserved.[0m
[1m2026-08-08T05:43:04.194069218Z[0m [36m[INFO] TRADER-001.BacktestEngine: =================================================================[0m
[1m2026-08-08T05:43:04.194069459Z[0m [INFO] TRADER-001.BacktestEngine: [0m
[1m2026-08-08T05:43:04.194069669Z[0m [INFO] TRADER-001.BacktestEngine: ⠀⠀⠀⠀⠀⠀⠀⠀⠀⠀⠀⠀⠀⣠⣴⣶⡟⠀⠀⠀⠀⠀⠀⠀⠀⠀⠀⠀⠀⠀⠀[0m
[1m2026-08-08T05:43:04.194069899Z[0m [INFO] TRADER-001.BacktestEngine: ⠀⠀⠀⠀⠀⠀⠀⠀⠀⠀⠀⣰⣾⣿⣿⣿⠀⢸⣿⣿⣿⣿⣶⣶⣤⣀⠀⠀⠀⠀⠀[0m
[1m2026-08-08T05:43:04.194070160Z[0m [INFO] TRADER-001.BacktestEngine: ⠀⠀⠀⠀⠀⠀⢀⣴⡇⢀⣾⣿⣿⣿⣿⣿⠀⣾⣿⣿⣿⣿⣿⣿⣿⠿⠓⠀⠀⠀⠀[0m
[1m2026-08-08T05:43:04.194070410Z[0m [INFO] TRADER-001.BacktestEngine: ⠀⠀⠀⠀⠀⣰⣿⣿⡀⢸⣿⣿⣿⣿⣿⣿⠀⣿⣿⣿⣿⣿⣿⠟⠁⣠⣄⠀⠀⠀⠀[0m
[1m2026-08-08T05:43:04.194070651Z[0m [INFO] TRADER-001.BacktestEngine: ⠀⠀⠀⠀⢠⣿⣿⣿⣇⠀⢿⣿⣿⣿⣿⣿⠀⢻⣿⣿⣿⡿⢃⣠⣾⣿⣿⣧⡀⠀⠀[0m
[1m2026-08-08T05:43:04.194070901Z[0m [INFO] TRADER-001.BacktestEngine: ⠀⠀⠀⠠⣾⣿⣿⣿⣿⣿⣧⠈⠋⢀⣴⣧⠀⣿⡏⢠⡀⢸⣿⣿⣿⣿⣿⣿⣿⡇⠀[0m
[1m2026-08-08T05:43:04.194071141Z[0m [INFO] TRADER-001.BacktestEngine: ⠀⠀⠀⣀⠙⢿⣿⣿⣿⣿⣿⠇⢠⣿⣿⣿⡄⠹⠃⠼⠃⠈⠉⠛⠛⠛⠛⠛⠻⠇⠀[0m
[1m2026-08-08T05:43:04.194071382Z[0m [INFO] TRADER-001.BacktestEngine: ⠀⠀⢸⡟⢠⣤⠉⠛⠿⢿⣿⠀⢸⣿⡿⠋⣠⣤⣄⠀⣾⣿⣿⣶⣶⣶⣦⡄⠀⠀⠀[0m
[1m2026-08-08T05:43:04.194072043Z[0m [INFO] TRADER-001.BacktestEngine: ⠀⠀⠸⠀⣾⠏⣸⣷⠂⣠⣤⠀⠘⢁⣴⣾⣿⣿⣿⡆⠘⣿⣿⣿⣿⣿⣿⠀⠀⠀⠀[0m
[1m2026-08-08T05:43:04.194072163Z[0m [INFO] TRADER-001.BacktestEngine: ⠀⠀⠀⠀⠛⠀⣿⡟⠀⢻⣿⡄⠸⣿⣿⣿⣿⣿⣿⣿⡀⠘⣿⣿⣿⣿⠟⠀⠀⠀⠀[0m
[1m2026-08-08T05:43:04.194072263Z[0m [INFO] TRADER-001.BacktestEngine: ⠀⠀⠀⠀⠀⠀⣿⠇⠀⠀⢻⡿⠀⠈⠻⣿⣿⣿⣿⣿⡇⠀⢹⣿⠿⠋⠀⠀⠀⠀⠀[0m
[1m2026-08-08T05:43:04.194072383Z[0m [INFO] TRADER-001.BacktestEngine: ⠀⠀⠀⠀⠀⠀⠋⠀⠀⠀⡘⠁⠀⠀⠀⠀⠀⠀⠀⠀⠀⠀⠈⠁⠀⠀⠀⠀⠀⠀⠀[0m
[1m2026-08-08T05:43:04.194072483Z[0m [INFO] TRADER-001.BacktestEngine: [0m
[1m2026-08-08T05:43:04.194072583Z[0m [36m[INFO] TRADER-001.BacktestEngine: =================================================================[0m
[1m2026-08-08T05:43:04.194072724Z[0m [36m[INFO] TRADER-001.BacktestEngine:  SYSTEM SPECIFICATION[0m
[1m2026-08-08T05:43:04.194072834Z[0m [36m[INFO] TRADER-001.BacktestEngine: =================================================================[0m
[1m2026-08-08T05:43:04.194074176Z[0m [INFO] TRADER-001.BacktestEngine: CPU architecture: AMD EPYC 9V74 80-Core Processor[0m
[1m2026-08-08T05:43:04.194074887Z[0m [INFO] TRADER-001.BacktestEngine: CPU(s): 4 @ 3694 MHz[0m
[1m2026-08-08T05:43:04.194076018Z[0m [INFO] TRADER-001.BacktestEngine: OS: kernel-6.17.0-1020-azure Linux (Debian GNU/Linux 12)[0m
[1m2026-08-08T05:43:04.194127725Z[0m [36m[INFO] TRADER-001.BacktestEngine: =================================================================[0m
[1m2026-08-08T05:43:04.194131941Z[0m [36m[INFO] TRADER-001.BacktestEngine:  MEMORY USAGE[0m
[1m2026-08-08T05:43:04.194132231Z[0m [36m[INFO] TRADER-001.BacktestEngine: =================================================================[0m
[1m2026-08-08T05:43:04.194135546Z[0m [INFO] TRADER-001.BacktestEngine: RAM-Total: 15.61 GiB[0m
[1m2026-08-08T05:43:04.194136107Z[0m [INFO] TRADER-001.BacktestEngine: RAM-Used: 1.48 GiB (9.45%)[0m
[1m2026-08-08T05:43:04.194136718Z[0m [INFO] TRADER-001.BacktestEngine: RAM-Avail: 14.14 GiB (90.55%)[0m
[1m2026-08-08T05:43:04.194137639Z[0m [INFO] TRADER-001.BacktestEngine: Swap-Total: 3.00 GiB[0m
[1m2026-08-08T05:43:04.194138170Z[0m [INFO] TRADER-001.BacktestEngine: Swap-Used: 0.00 GiB (0.00%)[0m
[1m2026-08-08T05:43:04.194138881Z[0m [INFO] TRADER-001.BacktestEngine: Swap-Avail: 3.00 GiB (100.00%)[0m
[1m2026-08-08T05:43:04.194139402Z[0m [36m[INFO] TRADER-001.BacktestEngine: =================================================================[0m
[1m2026-08-08T05:43:04.194139612Z[0m [36m[INFO] TRADER-001.BacktestEngine:  IDENTIFIERS[0m
[1m2026-08-08T05:43:04.194139762Z[0m [36m[INFO] TRADER-001.BacktestEngine: =================================================================[0m
[1m2026-08-08T05:43:04.194140103Z[0m [INFO] TRADER-001.BacktestEngine: trader_id: TRADER-001[0m
[1m2026-08-08T05:43:04.194141365Z[0m [INFO] TRADER-001.BacktestEngine: machine_id: b10ad95124bd[0m
[1m2026-08-08T05:43:04.194142647Z[0m [INFO] TRADER-001.BacktestEngine: instance_id: 86921005-fc96-4733-867d-04000a9a1566[0m
[1m2026-08-08T05:43:04.194142947Z[0m [INFO] TRADER-001.BacktestEngine: PID: 187[0m
[1m2026-08-08T05:43:04.194143097Z[0m [36m[INFO] TRADER-001.BacktestEngine: =================================================================[0m
[1m2026-08-08T05:43:04.194143268Z[0m [36m[INFO] TRADER-001.BacktestEngine:  VERSIONING[0m
[1m2026-08-08T05:43:04.194143408Z[0m [36m[INFO] TRADER-001.BacktestEngine: =================================================================[0m
[1m2026-08-08T05:43:04.194156717Z[0m [INFO] TRADER-001.BacktestEngine: nautilus_trader: 1.230.0[0m
[1m2026-08-08T05:43:04.194163027Z[0m [INFO] TRADER-001.BacktestEngine: python: 3.13.5[0m
[1m2026-08-08T05:43:04.194167654Z[0m [INFO] TRADER-001.BacktestEngine: numpy: 2.5.1[0m
[1m2026-08-08T05:43:04.194174103Z[0m [INFO] TRADER-001.BacktestEngine: pandas: 3.0.5[0m
[1m2026-08-08T05:43:04.194177168Z[0m [INFO] TRADER-001.BacktestEngine: msgspec: 0.21.1[0m
[1m2026-08-08T05:43:04.194181003Z[0m [INFO] TRADER-001.BacktestEngine: pyarrow: 25.0.0[0m
[1m2026-08-08T05:43:04.194184398Z[0m [INFO] TRADER-001.BacktestEngine: pytz: 2026.3.post1[0m
[1m2026-08-08T05:43:04.194187292Z[0m [INFO] TRADER-001.BacktestEngine: uvloop: 0.22.1[0m
[1m2026-08-08T05:43:04.194190307Z[0m [36m[INFO] TRADER-001.BacktestEngine: =================================================================[0m
[1m2026-08-08T05:43:04.194191529Z[0m [INFO] TRADER-001.nautilus_system::kernel: Building system kernel[0m
[1m2026-08-08T05:43:04.194561384Z[0m [INFO] TRADER-001.nautilus_backtest::engine: Adding exchange BINANCE to engine[0m
[1m2026-08-08T05:43:04.194603065Z[0m [INFO] TRADER-001.nautilus_backtest::exchange: Added instrument BTCUSDT-PERP.BINANCE and created matching engine[0m
[1m2026-08-08T05:43:04.194646049Z[0m [INFO] TRADER-001.nautilus_backtest::engine: Added instrument BTCUSDT-PERP.BINANCE to exchange BINANCE[0m
[1m2026-08-08T05:43:04.206295495Z[0m [INFO] TRADER-001.nautilus_backtest::engine: Added 62136 data elements to BacktestEngine (62136 total)[0m
[1m2026-08-08T05:43:04.208169968Z[0m [INFO] TRADER-001.nautilus_backtest::engine: Added 10356 data elements to BacktestEngine (72492 total)[0m
[1m2026-08-08T05:43:04.208188916Z[0m [INFO] TRADER-001.nautilus_backtest::engine: Added 22 data elements to BacktestEngine (72514 total)[0m
[1m2026-08-08T05:43:04.208192892Z[0m [INFO] TRADER-001.nautilus_backtest::engine: Data sort requested (iterator merges streams by replay timestamp)[0m
[1m2026-08-08T05:43:04.208254753Z[0m [INFO] TRADER-001.DataActor-140722251481704: Ready[0m
[1m2026-08-08T05:43:04.208358987Z[0m [INFO] TRADER-001.nautilus_backtest::python::engine: Registered Python strategy DataActor-140722251481704[0m
[1m2026-08-08T05:43:04.208399937Z[0m [INFO] TRADER-001.nautilus_portfolio::portfolio: Updated AccountState(account_id=BINANCE-001, account_type=MARGIN, base_currency=USDT, is_reported=true, balances=[AccountBalance(total=100000.00000000 USDT, locked=0.00000000 USDT, free=100000.00000000 USDT)], margins=[], event_id=2488b6f9-12d5-4ad9-b22d-7f04d36a2a97)[0m
[1m2024-04-07T23:25:10.000000000Z[0m [INFO] TRADER-001.nautilus_system::kernel: Starting[0m
[1m2024-04-07T23:25:10.000000000Z[0m [INFO] TRADER-001.nautilus_backtest::execution_client: Backtest execution client started[0m
[1m2024-04-07T23:25:10.000000000Z[0m [INFO] TRADER-001.nautilus_execution::engine: Started[0m
[1m2024-04-07T23:25:10.000000000Z[0m [INFO] TRADER-001.nautilus_risk::engine: Started[0m
[1m2024-04-07T23:25:10.000000000Z[0m [INFO] TRADER-001.nautilus_system::kernel: Initializing trader[0m
[1m2024-04-07T23:25:10.000000000Z[0m [INFO] TRADER-001.nautilus_system::kernel: Started[0m
[1m2024-04-07T23:25:10.000000000Z[0m [INFO] TRADER-001.nautilus_system::kernel: Starting trader...[0m
[1m2024-04-07T23:25:10.000000000Z[0m [INFO] TRADER-001.nautilus_execution::order_emulator::emulator: Started[0m
[1m2024-04-07T23:25:10.000000000Z[0m [INFO] TRADER-001.nautilus_system::trader: Starting[0m
[1m2024-04-07T23:25:10.000000000Z[0m [INFO] TRADER-001.DataActor-140722251481704: Starting[0m
[1m2024-04-07T23:25:10.000000000Z[0m [INFO] TRADER-001.nautilus_trading::strategy: Starting DataActor-140722251481704[0m
[1m2024-04-07T23:25:10.000000000Z[0m [INFO] TRADER-001.nautilus_common::actor::data_actor: [CMD]--> Subscribe(Bars(SubscribeBars { bar_type: Standard { instrument_id: "BTCUSDT-PERP.BINANCE", spec: BarSpecification { step: 10, aggregation: Second, price_type: Last }, aggregation_source: External }, client_id: None, venue: Some("BINANCE"), command_id: UUID4(fb2d8ffb-b8e7-4793-be1f-788a87225568), ts_init: UnixNanos(1712532310000000000), correlation_id: None, params: None }))[0m
[1m2024-04-07T23:25:10.000000000Z[0m [INFO] TRADER-001.DataActor-140722251481704: Running[0m
[1m2024-04-07T23:25:10.000000000Z[0m [INFO] TRADER-001.nautilus_system::trader: Running[0m
[1m2024-04-07T23:25:10.000000000Z[0m [INFO] TRADER-001.nautilus_system::kernel: Trader started[0m
[1m2024-04-07T23:25:10.000000000Z[0m [36m[INFO] TRADER-001.nautilus_backtest::engine: =================================================================[0m
[1m2024-04-07T23:25:10.000000000Z[0m [36m[INFO] TRADER-001.nautilus_backtest::engine:  BACKTEST PRE-RUN[0m
[1m2024-04-07T23:25:10.000000000Z[0m [36m[INFO] TRADER-001.nautilus_backtest::engine: =================================================================[0m
[1m2024-04-07T23:25:10.000000000Z[0m [36m[INFO] TRADER-001.nautilus_backtest::engine: =================================================================[0m
[1m2024-04-07T23:25:10.000000000Z[0m [INFO] TRADER-001.nautilus_backtest::engine:  SimulatedVenue BINANCE (MARGIN)[0m
[1m2024-04-07T23:25:10.000000000Z[0m [36m[INFO] TRADER-001.nautilus_backtest::engine: -----------------------------------------------------------------[0m
[1m2024-04-07T23:25:10.000000000Z[0m [INFO] TRADER-001.nautilus_backtest::engine: Balances starting:[0m
[1m2024-04-07T23:25:10.000000000Z[0m [INFO] TRADER-001.nautilus_backtest::engine:   100000.00000000 USDT[0m
[1m2024-04-07T23:25:10.000000000Z[0m [36m[INFO] TRADER-001.nautilus_backtest::engine: -----------------------------------------------------------------[0m
[1m2024-04-07T23:25:10.000000000Z[0m [36m[INFO] TRADER-001.nautilus_backtest::engine: =================================================================[0m
[1m2024-04-07T23:25:10.000000000Z[0m [36m[INFO] TRADER-001.nautilus_backtest::engine:  BACKTEST RUN[0m
[1m2024-04-07T23:25:10.000000000Z[0m [36m[INFO] TRADER-001.nautilus_backtest::engine: =================================================================[0m
[1m2024-04-07T23:25:10.000000000Z[0m [INFO] TRADER-001.nautilus_backtest::engine: Run config ID:  None[0m
[1m2024-04-07T23:25:10.000000000Z[0m [INFO] TRADER-001.nautilus_backtest::engine: Run ID:         dbb15c78-24c2-40a9-acea-84c107489b07[0m
[1m2024-04-07T23:25:10.000000000Z[0m [INFO] TRADER-001.nautilus_backtest::engine: Backtest start: 2024-04-07T23:25:10.000000000Z[0m
[1m2024-04-07T23:25:10.000000000Z[0m [INFO] TRADER-001.nautilus_backtest::engine: Data elements:  72514[0m
[1m2024-04-07T23:25:10.000000000Z[0m [36m[INFO] TRADER-001.nautilus_backtest::engine: -----------------------------------------------------------------[0m
[1m2024-04-07T23:25:10.000000000Z[0m [94m[INFO] TRADER-001.nautilus_data::client: Subscribed BTCUSDT-PERP.BINANCE-10-SECOND-LAST-EXTERNAL bars[0m
[1m2024-04-10T15:15:00.000000000Z[0m [INFO] TRADER-001.nautilus_trading::strategy: DataActor-140722251481704 <--[EVT] OrderInitialized(instrument_id=BTCUSDT-PERP.BINANCE, client_order_id=O-20240410-151500-001-140722251481704-1, side=BUY, type=MARKET, quantity=9.556, time_in_force=GTC, post_only=false, reduce_only=false, quote_quantity=false, price=None, emulation_trigger=None, trigger_instrument_id=None, contingency_type=OTO, order_list_id=OL-20240410-151500-001-140722251481704-1, linked_order_ids=[O-20240410-151500-001-140722251481704-2, O-20240410-151500-001-140722251481704-3], parent_order_id=None, exec_algorithm_id=None, exec_algorithm_params=None, exec_spawn_id=None, tags=opening-drive-btcusdt-new_york-2024-04-10-00053, BREAKOUT_ACCEPTANCE_CONTINUATION, LONG, TEN_SECOND_MARKET_ENTRY)[0m
[1m2024-04-10T15:15:00.000000000Z[0m [INFO] TRADER-001.nautilus_trading::strategy: DataActor-140722251481704 <--[EVT] OrderInitialized(instrument_id=BTCUSDT-PERP.BINANCE, client_order_id=O-20240410-151500-001-140722251481704-2, side=SELL, type=STOP_MARKET, quantity=9.556, time_in_force=GTC, post_only=false, reduce_only=true, quote_quantity=false, price=None, emulation_trigger=None, trigger_instrument_id=None, contingency_type=OUO, order_list_id=OL-20240410-151500-001-140722251481704-1, linked_order_ids=[O-20240410-151500-001-140722251481704-3], parent_order_id=O-20240410-151500-001-140722251481704-1, exec_algorithm_id=None, exec_algorithm_params=None, exec_spawn_id=None, tags=opening-drive-btcusdt-new_york-2024-04-10-00053, OBSERVED_RETEST_INVALIDATION)[0m
[1m2024-04-10T15:15:00.000000000Z[0m [INFO] TRADER-001.nautilus_trading::strategy: DataActor-140722251481704 <--[EVT] OrderInitialized(instrument_id=BTCUSDT-PERP.BINANCE, client_order_id=O-20240410-151500-001-140722251481704-3, side=SELL, type=LIMIT, quantity=9.556, time_in_force=GTC, post_only=false, reduce_only=true, quote_quantity=false, price=69185.6, emulation_trigger=None, trigger_instrument_id=None, contingency_type=OUO, order_list_id=OL-20240410-151500-001-140722251481704-1, linked_order_ids=[O-20240410-151500-001-140722251481704-2], parent_order_id=O-20240410-151500-001-140722251481704-1, exec_algorithm_id=None, exec_algorithm_params=None, exec_spawn_id=None, tags=opening-drive-btcusdt-new_york-2024-04-10-00053, ACTIVE_COMPLETED_EXTERNAL_TARGET)[0m
[1m2024-04-10T15:15:00.000000000Z[0m [INFO] TRADER-001.nautilus_trading::strategy: DataActor-140722251481704 [CMD]--> SubmitOrderList[0m
[1m2024-04-10T15:15:00.000000000Z[0m [94m[INFO] TRADER-001.nautilus_execution::engine: Submit OrderList(id=OL-20240410-151500-001-140722251481704-1, instrument_id=BTCUSDT-PERP.BINANCE, strategy_id=DataActor-140722251481704, client_order_ids=["O-20240410-151500-001-140722251481704-1", "O-20240410-151500-001-140722251481704-2", "O-20240410-151500-001-140722251481704-3"], ts_init=1712762100000000000)[0m
[1m2024-04-10T15:15:00.000000000Z[0m [INFO] TRADER-001.nautilus_trading::strategy: DataActor-140722251481704 <--[EVT] OrderSubmitted(instrument_id=BTCUSDT-PERP.BINANCE, client_order_id=O-20240410-151500-001-140722251481704-1, account_id=BINANCE-001, ts_event=1712762100000000000)[0m
[1m2024-04-10T15:15:00.000000000Z[0m [INFO] TRADER-001.nautilus_trading::strategy: DataActor-140722251481704 <--[EVT] OrderSubmitted(instrument_id=BTCUSDT-PERP.BINANCE, client_order_id=O-20240410-151500-001-140722251481704-2, account_id=BINANCE-001, ts_event=1712762100000000000)[0m
[1m2024-04-10T15:15:00.000000000Z[0m [INFO] TRADER-001.nautilus_trading::strategy: DataActor-140722251481704 <--[EVT] OrderSubmitted(instrument_id=BTCUSDT-PERP.BINANCE, client_order_id=O-20240410-151500-001-140722251481704-3, account_id=BINANCE-001, ts_event=1712762100000000000)[0m
[1m2024-04-10T15:15:00.000000000Z[0m [INFO] TRADER-001.nautilus_portfolio::manager: BTCUSDT-PERP.BINANCE margin_init=0.00000000 USDT[0m
[1m2024-04-10T15:15:00.000000000Z[0m [INFO] TRADER-001.nautilus_trading::strategy: DataActor-140722251481704 <--[EVT] OrderFilled(instrument_id=BTCUSDT-PERP.BINANCE, client_order_id=O-20240410-151500-001-140722251481704-1, venue_order_id=BINANCE-1-1, account_id=BINANCE-001, trade_id=T-1f757aa3d6581262-64711, position_id=P-20240410-151500-001-140722251481704-1, order_side=BUY, order_type=MARKET, last_qty=9.556, last_px=68_402.6 USDT, commission=392.19314736 USDT, liquidity_side=TAKER, ts_event=1712762100000000000)[0m
[1m2024-04-10T15:15:00.000000000Z[0m [INFO] TRADER-001.nautilus_portfolio::portfolio: BTCUSDT-PERP.BINANCE net_position=9.556[0m
[1m2024-04-10T15:15:00.000000000Z[0m [INFO] TRADER-001.nautilus_portfolio::manager: BTCUSDT-PERP.BINANCE margin_maint=2614.62098240 USDT[0m
[1m2024-04-10T15:15:00.000000000Z[0m [INFO] TRADER-001.nautilus_portfolio::portfolio: Updated AccountState(account_id=BINANCE-001, account_type=MARGIN, base_currency=USDT, is_reported=false, balances=[AccountBalance(total=99607.80685264 USDT, locked=2614.62098240 USDT, free=96993.18587024 USDT)], margins=[MarginBalance(initial=0.00000000 USDT, maintenance=2614.62098240 USDT, instrument_id=BTCUSDT-PERP.BINANCE)], event_id=419e246b-f15b-451e-a452-76e6f6edb024)[0m
[1m2024-04-10T15:15:00.000000000Z[0m [INFO] TRADER-001.nautilus_trading::strategy: DataActor-140722251481704 <--[EVT] PositionOpened(PositionOpened { trader_id: "TRADER-001", strategy_id: "DataActor-140722251481704", instrument_id: "BTCUSDT-PERP.BINANCE", position_id: "P-20240410-151500-001-140722251481704-1", account_id: "BINANCE-001", opening_order_id: "O-20240410-151500-001-140722251481704-1", entry: Buy, side: Long, signed_qty: 9.556, quantity: Quantity(9.556), last_qty: Quantity(9.556), last_px: Price(68402.6), currency: Currency(code='USDT', precision=8, iso4217=0, name='Tether', currency_type=CRYPTO), avg_px_open: 68402.59999999999, event_id: UUID4(fcd55c49-f5a4-4499-bc5f-f4271c59b577), ts_event: UnixNanos(1712762100000000000), ts_init: UnixNanos(1712762100000000000) })[0m
[1m2024-04-10T15:15:00.000000000Z[0m [INFO] TRADER-001.nautilus_portfolio::manager: BTCUSDT-PERP.BINANCE margin_init=0.00000000 USDT[0m
[1m2024-04-10T15:15:00.000000000Z[0m [INFO] TRADER-001.nautilus_portfolio::portfolio: Updated AccountState(account_id=BINANCE-001, account_type=MARGIN, base_currency=USDT, is_reported=false, balances=[AccountBalance(total=99607.80685264 USDT, locked=2614.62098240 USDT, free=96993.18587024 USDT)], margins=[MarginBalance(initial=0.00000000 USDT, maintenance=2614.62098240 USDT, instrument_id=BTCUSDT-PERP.BINANCE)], event_id=6e22be01-c325-415d-ab21-a9adb78481fe)[0m
[1m2024-04-10T15:15:00.000000000Z[0m [INFO] TRADER-001.nautilus_trading::strategy: DataActor-140722251481704 <--[EVT] OrderAccepted(instrument_id=BTCUSDT-PERP.BINANCE, client_order_id=O-20240410-151500-001-140722251481704-2, venue_order_id=BINANCE-1-2, account_id=BINANCE-001, ts_event=1712762100000000000)[0m
[1m2024-04-10T15:15:00.000000000Z[0m [INFO] TRADER-001.nautilus_portfolio::manager: BTCUSDT-PERP.BINANCE margin_init=0.00000000 USDT[0m
[1m2024-04-10T15:15:00.000000000Z[0m [INFO] TRADER-001.nautilus_portfolio::portfolio: Updated AccountState(account_id=BINANCE-001, account_type=MARGIN, base_currency=USDT, is_reported=false, balances=[AccountBalance(total=99607.80685264 USDT, locked=2614.62098240 USDT, free=96993.18587024 USDT)], margins=[MarginBalance(initial=0.00000000 USDT, maintenance=2614.62098240 USDT, instrument_id=BTCUSDT-PERP.BINANCE)], event_id=09c4e920-e083-485d-9522-c91d28c1d2f3)[0m
[1m2024-04-10T15:15:00.000000000Z[0m [INFO] TRADER-001.nautilus_trading::strategy: DataActor-140722251481704 <--[EVT] OrderAccepted(instrument_id=BTCUSDT-PERP.BINANCE, client_order_id=O-20240410-151500-001-140722251481704-3, venue_order_id=BINANCE-1-3, account_id=BINANCE-001, ts_event=1712762100000000000)[0m
[1m2024-04-10T15:15:00.000000000Z[0m [1;33m[WARN] TRADER-001.nautilus_common::cache: Cannot calculate unrealized PnL for P-20240410-151500-001-140722251481704-1, no quotes for BTCUSDT-PERP.BINANCE[0m
[1m2024-04-10T15:15:10.000000000Z[0m [1;33m[WARN] TRADER-001.nautilus_common::cache: Cannot calculate unrealized PnL for P-20240410-151500-001-140722251481704-1, no quotes for BTCUSDT-PERP.BINANCE[0m
[1m2024-04-10T15:15:20.000000000Z[0m [1;33m[WARN] TRADER-001.nautilus_common::cache: Cannot calculate unrealized PnL for P-20240410-151500-001-140722251481704-1, no quotes for BTCUSDT-PERP.BINANCE[0m
[1m2024-04-10T15:15:30.000000000Z[0m [1;33m[WARN] TRADER-001.nautilus_common::cache: Cannot calculate unrealized PnL for P-20240410-151500-001-140722251481704-1, no quotes for BTCUSDT-PERP.BINANCE[0m
[1m2024-04-10T15:15:40.000000000Z[0m [1;33m[WARN] TRADER-001.nautilus_common::cache: Cannot calculate unrealized PnL for P-20240410-151500-001-140722251481704-1, no quotes for BTCUSDT-PERP.BINANCE[0m
[1m2024-04-10T15:15:50.000000000Z[0m [1;33m[WARN] TRADER-001.nautilus_common::cache: Cannot calculate unrealized PnL for P-20240410-151500-001-140722251481704-1, no quotes for BTCUSDT-PERP.BINANCE[0m
[1m2024-04-10T15:15:59.999000000Z[0m [1;33m[WARN] TRADER-001.nautilus_common::cache: Cannot calculate unrealized PnL for P-20240410-151500-001-140722251481704-1, no quotes for BTCUSDT-PERP.BINANCE[0m
[1m2024-04-10T15:16:00.000000000Z[0m [1;33m[WARN] TRADER-001.nautilus_common::cache: Cannot calculate unrealized PnL for P-20240410-151500-001-140722251481704-1, no quotes for BTCUSDT-PERP.BINANCE[0m
[1m2024-04-10T15:16:10.000000000Z[0m [1;33m[WARN] TRADER-001.nautilus_common::cache: Cannot calculate unrealized PnL for P-20240410-151500-001-140722251481704-1, no quotes for BTCUSDT-PERP.BINANCE[0m
[1m2024-04-10T15:16:20.000000000Z[0m [1;33m[WARN] TRADER-001.nautilus_common::cache: Cannot calculate unrealized PnL for P-20240410-151500-001-140722251481704-1, no quotes for BTCUSDT-PERP.BINANCE[0m
[1m2024-04-10T15:16:30.000000000Z[0m [1;33m[WARN] TRADER-001.nautilus_common::cache: Cannot calculate unrealized PnL for P-20240410-151500-001-140722251481704-1, no quotes for BTCUSDT-PERP.BINANCE[0m
[1m2024-04-10T15:16:40.000000000Z[0m [1;33m[WARN] TRADER-001.nautilus_common::cache: Cannot calculate unrealized PnL for P-20240410-151500-001-140722251481704-1, no quotes for BTCUSDT-PERP.BINANCE[0m
[1m2024-04-10T15:16:50.000000000Z[0m [1;33m[WARN] TRADER-001.nautilus_common::cache: Cannot calculate unrealized PnL for P-20240410-151500-001-140722251481704-1, no quotes for BTCUSDT-PERP.BINANCE[0m
[1m2024-04-10T15:16:59.999000000Z[0m [1;33m[WARN] TRADER-001.nautilus_common::cache: Cannot calculate unrealized PnL for P-20240410-151500-001-140722251481704-1, no quotes for BTCUSDT-PERP.BINANCE[0m
[1m2024-04-10T15:17:00.000000000Z[0m [1;33m[WARN] TRADER-001.nautilus_common::cache: Cannot calculate unrealized PnL for P-20240410-151500-001-140722251481704-1, no quotes for BTCUSDT-PERP.BINANCE[0m
[1m2024-04-10T15:17:10.000000000Z[0m [1;33m[WARN] TRADER-001.nautilus_common::cache: Cannot calculate unrealized PnL for P-20240410-151500-001-140722251481704-1, no quotes for BTCUSDT-PERP.BINANCE[0m
[1m2024-04-10T15:17:20.000000000Z[0m [1;33m[WARN] TRADER-001.nautilus_common::cache: Cannot calculate unrealized PnL for P-20240410-151500-001-140722251481704-1, no quotes for BTCUSDT-PERP.BINANCE[0m
[1m2024-04-10T15:17:30.000000000Z[0m [1;33m[WARN] TRADER-001.nautilus_common::cache: Cannot calculate unrealized PnL for P-20240410-151500-001-140722251481704-1, no quotes for BTCUSDT-PERP.BINANCE[0m
[1m2024-04-10T15:17:40.000000000Z[0m [1;33m[WARN] TRADER-001.nautilus_common::cache: Cannot calculate unrealized PnL for P-20240410-151500-001-140722251481704-1, no quotes for BTCUSDT-PERP.BINANCE[0m
[1m2024-04-10T15:17:50.000000000Z[0m [1;33m[WARN] TRADER-001.nautilus_common::cache: Cannot calculate unrealized PnL for P-20240410-151500-001-140722251481704-1, no quotes for BTCUSDT-PERP.BINANCE[0m
[1m2024-04-10T15:17:59.999000000Z[0m [1;33m[WARN] TRADER-001.nautilus_common::cache: Cannot calculate unrealized PnL for P-20240410-151500-001-140722251481704-1, no quotes for BTCUSDT-PERP.BINANCE[0m
[1m2024-04-10T15:18:00.000000000Z[0m [1;33m[WARN] TRADER-001.nautilus_common::cache: Cannot calculate unrealized PnL for P-20240410-151500-001-140722251481704-1, no quotes for BTCUSDT-PERP.BINANCE[0m
[1m2024-04-10T15:18:10.000000000Z[0m [1;33m[WARN] TRADER-001.nautilus_common::cache: Cannot calculate unrealized PnL for P-20240410-151500-001-140722251481704-1, no quotes for BTCUSDT-PERP.BINANCE[0m
[1m2024-04-10T15:18:20.000000000Z[0m [1;33m[WARN] TRADER-001.nautilus_common::cache: Cannot calculate unrealized PnL for P-20240410-151500-001-140722251481704-1, no quotes for BTCUSDT-PERP.BINANCE[0m
[1m2024-04-10T15:18:30.000000000Z[0m [1;33m[WARN] TRADER-001.nautilus_common::cache: Cannot calculate unrealized PnL for P-20240410-151500-001-140722251481704-1, no quotes for BTCUSDT-PERP.BINANCE[0m
[1m2024-04-10T15:18:40.000000000Z[0m [1;33m[WARN] TRADER-001.nautilus_common::cache: Cannot calculate unrealized PnL for P-20240410-151500-001-140722251481704-1, no quotes for BTCUSDT-PERP.BINANCE[0m
[1m2024-04-10T15:18:50.000000000Z[0m [1;33m[WARN] TRADER-001.nautilus_common::cache: Cannot calculate unrealized PnL for P-20240410-151500-001-140722251481704-1, no quotes for BTCUSDT-PERP.BINANCE[0m
[1m2024-04-10T15:18:59.999000000Z[0m [1;33m[WARN] TRADER-001.nautilus_common::cache: Cannot calculate unrealized PnL for P-20240410-151500-001-140722251481704-1, no quotes for BTCUSDT-PERP.BINANCE[0m
[1m2024-04-10T15:19:00.000000000Z[0m [1;33m[WARN] TRADER-001.nautilus_common::cache: Cannot calculate unrealized PnL for P-20240410-151500-001-140722251481704-1, no quotes for BTCUSDT-PERP.BINANCE[0m
[1m2024-04-10T15:19:10.000000000Z[0m [1;33m[WARN] TRADER-001.nautilus_common::cache: Cannot calculate unrealized PnL for P-20240410-151500-001-140722251481704-1, no quotes for BTCUSDT-PERP.BINANCE[0m
[1m2024-04-10T15:19:20.000000000Z[0m [1;33m[WARN] TRADER-001.nautilus_common::cache: Cannot calculate unrealized PnL for P-20240410-151500-001-140722251481704-1, no quotes for BTCUSDT-PERP.BINANCE[0m
[1m2024-04-10T15:19:30.000000000Z[0m [1;33m[WARN] TRADER-001.nautilus_common::cache: Cannot calculate unrealized PnL for P-20240410-151500-001-140722251481704-1, no quotes for BTCUSDT-PERP.BINANCE[0m
[1m2024-04-10T15:19:40.000000000Z[0m [1;33m[WARN] TRADER-001.nautilus_common::cache: Cannot calculate unrealized PnL for P-20240410-151500-001-140722251481704-1, no quotes for BTCUSDT-PERP.BINANCE[0m
[1m2024-04-10T15:19:50.000000000Z[0m [1;33m[WARN] TRADER-001.nautilus_common::cache: Cannot calculate unrealized PnL for P-20240410-151500-001-140722251481704-1, no quotes for BTCUSDT-PERP.BINANCE[0m
[1m2024-04-10T15:19:59.999000000Z[0m [1;33m[WARN] TRADER-001.nautilus_common::cache: Cannot calculate unrealized PnL for P-20240410-151500-001-140722251481704-1, no quotes for BTCUSDT-PERP.BINANCE[0m
[1m2024-04-10T15:20:00.000000000Z[0m [1;33m[WARN] TRADER-001.nautilus_common::cache: Cannot calculate unrealized PnL for P-20240410-151500-001-140722251481704-1, no quotes for BTCUSDT-PERP.BINANCE[0m
[1m2024-04-10T15:20:10.000000000Z[0m [1;33m[WARN] TRADER-001.nautilus_common::cache: Cannot calculate unrealized PnL for P-20240410-151500-001-140722251481704-1, no quotes for BTCUSDT-PERP.BINANCE[0m
[1m2024-04-10T15:20:20.000000000Z[0m [1;33m[WARN] TRADER-001.nautilus_common::cache: Cannot calculate unrealized PnL for P-20240410-151500-001-140722251481704-1, no quotes for BTCUSDT-PERP.BINANCE[0m
[1m2024-04-10T15:20:30.000000000Z[0m [1;33m[WARN] TRADER-001.nautilus_common::cache: Cannot calculate unrealized PnL for P-20240410-151500-001-140722251481704-1, no quotes for BTCUSDT-PERP.BINANCE[0m
[1m2024-04-10T15:20:40.000000000Z[0m [1;33m[WARN] TRADER-001.nautilus_common::cache: Cannot calculate unrealized PnL for P-20240410-151500-001-140722251481704-1, no quotes for BTCUSDT-PERP.BINANCE[0m
[1m2024-04-10T15:20:50.000000000Z[0m [1;33m[WARN] TRADER-001.nautilus_common::cache: Cannot calculate unrealized PnL for P-20240410-151500-001-140722251481704-1, no quotes for BTCUSDT-PERP.BINANCE[0m
[1m2024-04-10T15:20:59.999000000Z[0m [1;33m[WARN] TRADER-001.nautilus_common::cache: Cannot calculate unrealized PnL for P-20240410-151500-001-140722251481704-1, no quotes for BTCUSDT-PERP.BINANCE[0m
[1m2024-04-10T15:21:00.000000000Z[0m [1;33m[WARN] TRADER-001.nautilus_common::cache: Cannot calculate unrealized PnL for P-20240410-151500-001-140722251481704-1, no quotes for BTCUSDT-PERP.BINANCE[0m
[1m2024-04-10T15:21:10.000000000Z[0m [1;33m[WARN] TRADER-001.nautilus_common::cache: Cannot calculate unrealized PnL for P-20240410-151500-001-140722251481704-1, no quotes for BTCUSDT-PERP.BINANCE[0m
[1m2024-04-10T15:21:20.000000000Z[0m [1;33m[WARN] TRADER-001.nautilus_common::cache: Cannot calculate unrealized PnL for P-20240410-151500-001-140722251481704-1, no quotes for BTCUSDT-PERP.BINANCE[0m
[1m2024-04-10T15:21:30.000000000Z[0m [1;33m[WARN] TRADER-001.nautilus_common::cache: Cannot calculate unrealized PnL for P-20240410-151500-001-140722251481704-1, no quotes for BTCUSDT-PERP.BINANCE[0m
[1m2024-04-10T15:21:40.000000000Z[0m [1;33m[WARN] TRADER-001.nautilus_common::cache: Cannot calculate unrealized PnL for P-20240410-151500-001-140722251481704-1, no quotes for BTCUSDT-PERP.BINANCE[0m
[1m2024-04-10T15:21:50.000000000Z[0m [1;33m[WARN] TRADER-001.nautilus_common::cache: Cannot calculate unrealized PnL for P-20240410-151500-001-140722251481704-1, no quotes for BTCUSDT-PERP.BINANCE[0m
[1m2024-04-10T15:21:59.999000000Z[0m [1;33m[WARN] TRADER-001.nautilus_common::cache: Cannot calculate unrealized PnL for P-20240410-151500-001-140722251481704-1, no quotes for BTCUSDT-PERP.BINANCE[0m
[1m2024-04-10T15:22:00.000000000Z[0m [1;33m[WARN] TRADER-001.nautilus_common::cache: Cannot calculate unrealized PnL for P-20240410-151500-001-140722251481704-1, no quotes for BTCUSDT-PERP.BINANCE[0m
[1m2024-04-10T15:22:10.000000000Z[0m [1;33m[WARN] TRADER-001.nautilus_common::cache: Cannot calculate unrealized PnL for P-20240410-151500-001-140722251481704-1, no quotes for BTCUSDT-PERP.BINANCE[0m
[1m2024-04-10T15:22:20.000000000Z[0m [1;33m[WARN] TRADER-001.nautilus_common::cache: Cannot calculate unrealized PnL for P-20240410-151500-001-140722251481704-1, no quotes for BTCUSDT-PERP.BINANCE[0m
[1m2024-04-10T15:22:30.000000000Z[0m [1;33m[WARN] TRADER-001.nautilus_common::cache: Cannot calculate unrealized PnL for P-20240410-151500-001-140722251481704-1, no quotes for BTCUSDT-PERP.BINANCE[0m
[1m2024-04-10T15:22:40.000000000Z[0m [1;33m[WARN] TRADER-001.nautilus_common::cache: Cannot calculate unrealized PnL for P-20240410-151500-001-140722251481704-1, no quotes for BTCUSDT-PERP.BINANCE[0m
[1m2024-04-10T15:22:50.000000000Z[0m [1;33m[WARN] TRADER-001.nautilus_common::cache: Cannot calculate unrealized PnL for P-20240410-151500-001-140722251481704-1, no quotes for BTCUSDT-PERP.BINANCE[0m
[1m2024-04-10T15:22:59.999000000Z[0m [1;33m[WARN] TRADER-001.nautilus_common::cache: Cannot calculate unrealized PnL for P-20240410-151500-001-140722251481704-1, no quotes for BTCUSDT-PERP.BINANCE[0m
[1m2024-04-10T15:23:00.000000000Z[0m [1;33m[WARN] TRADER-001.nautilus_common::cache: Cannot calculate unrealized PnL for P-20240410-151500-001-140722251481704-1, no quotes for BTCUSDT-PERP.BINANCE[0m
[1m2024-04-10T15:23:10.000000000Z[0m [1;33m[WARN] TRADER-001.nautilus_common::cache: Cannot calculate unrealized PnL for P-20240410-151500-001-140722251481704-1, no quotes for BTCUSDT-PERP.BINANCE[0m
[1m2024-04-10T15:23:20.000000000Z[0m [1;33m[WARN] TRADER-001.nautilus_common::cache: Cannot calculate unrealized PnL for P-20240410-151500-001-140722251481704-1, no quotes for BTCUSDT-PERP.BINANCE[0m
[1m2024-04-10T15:23:30.000000000Z[0m [1;33m[WARN] TRADER-001.nautilus_common::cache: Cannot calculate unrealized PnL for P-20240410-151500-001-140722251481704-1, no quotes for BTCUSDT-PERP.BINANCE[0m
[1m2024-04-10T15:23:40.000000000Z[0m [1;33m[WARN] TRADER-001.nautilus_common::cache: Cannot calculate unrealized PnL for P-20240410-151500-001-140722251481704-1, no quotes for BTCUSDT-PERP.BINANCE[0m
[1m2024-04-10T15:23:50.000000000Z[0m [1;33m[WARN] TRADER-001.nautilus_common::cache: Cannot calculate unrealized PnL for P-20240410-151500-001-140722251481704-1, no quotes for BTCUSDT-PERP.BINANCE[0m
[1m2024-04-10T15:23:59.999000000Z[0m [1;33m[WARN] TRADER-001.nautilus_common::cache: Cannot calculate unrealized PnL for P-20240410-151500-001-140722251481704-1, no quotes for BTCUSDT-PERP.BINANCE[0m
[1m2024-04-10T15:24:00.000000000Z[0m [1;33m[WARN] TRADER-001.nautilus_common::cache: Cannot calculate unrealized PnL for P-20240410-151500-001-140722251481704-1, no quotes for BTCUSDT-PERP.BINANCE[0m
[1m2024-04-10T15:24:10.000000000Z[0m [1;33m[WARN] TRADER-001.nautilus_common::cache: Cannot calculate unrealized PnL for P-20240410-151500-001-140722251481704-1, no quotes for BTCUSDT-PERP.BINANCE[0m
[1m2024-04-10T15:24:20.000000000Z[0m [1;33m[WARN] TRADER-001.nautilus_common::cache: Cannot calculate unrealized PnL for P-20240410-151500-001-140722251481704-1, no quotes for BTCUSDT-PERP.BINANCE[0m
[1m2024-04-10T15:24:30.000000000Z[0m [1;33m[WARN] TRADER-001.nautilus_common::cache: Cannot calculate unrealized PnL for P-20240410-151500-001-140722251481704-1, no quotes for BTCUSDT-PERP.BINANCE[0m
[1m2024-04-10T15:24:40.000000000Z[0m [1;33m[WARN] TRADER-001.nautilus_common::cache: Cannot calculate unrealized PnL for P-20240410-151500-001-140722251481704-1, no quotes for BTCUSDT-PERP.BINANCE[0m
[1m2024-04-10T15:24:50.000000000Z[0m [1;33m[WARN] TRADER-001.nautilus_common::cache: Cannot calculate unrealized PnL for P-20240410-151500-001-140722251481704-1, no quotes for BTCUSDT-PERP.BINANCE[0m
[1m2024-04-10T15:24:59.999000000Z[0m [1;33m[WARN] TRADER-001.nautilus_common::cache: Cannot calculate unrealized PnL for P-20240410-151500-001-140722251481704-1, no quotes for BTCUSDT-PERP.BINANCE[0m
[1m2024-04-10T15:25:00.000000000Z[0m [1;33m[WARN] TRADER-001.nautilus_common::cache: Cannot calculate unrealized PnL for P-20240410-151500-001-140722251481704-1, no quotes for BTCUSDT-PERP.BINANCE[0m
[1m2024-04-10T15:25:10.000000000Z[0m [1;33m[WARN] TRADER-001.nautilus_common::cache: Cannot calculate unrealized PnL for P-20240410-151500-001-140722251481704-1, no quotes for BTCUSDT-PERP.BINANCE[0m
[1m2024-04-10T15:25:20.000000000Z[0m [1;33m[WARN] TRADER-001.nautilus_common::cache: Cannot calculate unrealized PnL for P-20240410-151500-001-140722251481704-1, no quotes for BTCUSDT-PERP.BINANCE[0m
[1m2024-04-10T15:25:30.000000000Z[0m [1;33m[WARN] TRADER-001.nautilus_common::cache: Cannot calculate unrealized PnL for P-20240410-151500-001-140722251481704-1, no quotes for BTCUSDT-PERP.BINANCE[0m
[1m2024-04-10T15:25:40.000000000Z[0m [1;33m[WARN] TRADER-001.nautilus_common::cache: Cannot calculate unrealized PnL for P-20240410-151500-001-140722251481704-1, no quotes for BTCUSDT-PERP.BINANCE[0m
[1m2024-04-10T15:25:50.000000000Z[0m [1;33m[WARN] TRADER-001.nautilus_common::cache: Cannot calculate unrealized PnL for P-20240410-151500-001-140722251481704-1, no quotes for BTCUSDT-PERP.BINANCE[0m
[1m2024-04-10T15:25:59.999000000Z[0m [1;33m[WARN] TRADER-001.nautilus_common::cache: Cannot calculate unrealized PnL for P-20240410-151500-001-140722251481704-1, no quotes for BTCUSDT-PERP.BINANCE[0m
[1m2024-04-10T15:26:00.000000000Z[0m [1;33m[WARN] TRADER-001.nautilus_common::cache: Cannot calculate unrealized PnL for P-20240410-151500-001-140722251481704-1, no quotes for BTCUSDT-PERP.BINANCE[0m
[1m2024-04-10T15:26:10.000000000Z[0m [1;33m[WARN] TRADER-001.nautilus_common::cache: Cannot calculate unrealized PnL for P-20240410-151500-001-140722251481704-1, no quotes for BTCUSDT-PERP.BINANCE[0m
[1m2024-04-10T15:26:20.000000000Z[0m [1;33m[WARN] TRADER-001.nautilus_common::cache: Cannot calculate unrealized PnL for P-20240410-151500-001-140722251481704-1, no quotes for BTCUSDT-PERP.BINANCE[0m
[1m2024-04-10T15:26:30.000000000Z[0m [1;33m[WARN] TRADER-001.nautilus_common::cache: Cannot calculate unrealized PnL for P-20240410-151500-001-140722251481704-1, no quotes for BTCUSDT-PERP.BINANCE[0m
[1m2024-04-10T15:26:40.000000000Z[0m [1;33m[WARN] TRADER-001.nautilus_common::cache: Cannot calculate unrealized PnL for P-20240410-151500-001-140722251481704-1, no quotes for BTCUSDT-PERP.BINANCE[0m
[1m2024-04-10T15:26:50.000000000Z[0m [1;33m[WARN] TRADER-001.nautilus_common::cache: Cannot calculate unrealized PnL for P-20240410-151500-001-140722251481704-1, no quotes for BTCUSDT-PERP.BINANCE[0m
[1m2024-04-10T15:26:59.999000000Z[0m [1;33m[WARN] TRADER-001.nautilus_common::cache: Cannot calculate unrealized PnL for P-20240410-151500-001-140722251481704-1, no quotes for BTCUSDT-PERP.BINANCE[0m
[1m2024-04-10T15:27:00.000000000Z[0m [1;33m[WARN] TRADER-001.nautilus_common::cache: Cannot calculate unrealized PnL for P-20240410-151500-001-140722251481704-1, no quotes for BTCUSDT-PERP.BINANCE[0m
[1m2024-04-10T15:27:10.000000000Z[0m [1;33m[WARN] TRADER-001.nautilus_common::cache: Cannot calculate unrealized PnL for P-20240410-151500-001-140722251481704-1, no quotes for BTCUSDT-PERP.BINANCE[0m
[1m2024-04-10T15:27:20.000000000Z[0m [1;33m[WARN] TRADER-001.nautilus_common::cache: Cannot calculate unrealized PnL for P-20240410-151500-001-140722251481704-1, no quotes for BTCUSDT-PERP.BINANCE[0m
[1m2024-04-10T15:27:30.000000000Z[0m [1;33m[WARN] TRADER-001.nautilus_common::cache: Cannot calculate unrealized PnL for P-20240410-151500-001-140722251481704-1, no quotes for BTCUSDT-PERP.BINANCE[0m
[1m2024-04-10T15:27:40.000000000Z[0m [1;33m[WARN] TRADER-001.nautilus_common::cache: Cannot calculate unrealized PnL for P-20240410-151500-001-140722251481704-1, no quotes for BTCUSDT-PERP.BINANCE[0m
[1m2024-04-10T15:27:50.000000000Z[0m [1;33m[WARN] TRADER-001.nautilus_common::cache: Cannot calculate unrealized PnL for P-20240410-151500-001-140722251481704-1, no quotes for BTCUSDT-PERP.BINANCE[0m
[1m2024-04-10T15:27:59.999000000Z[0m [1;33m[WARN] TRADER-001.nautilus_common::cache: Cannot calculate unrealized PnL for P-20240410-151500-001-140722251481704-1, no quotes for BTCUSDT-PERP.BINANCE[0m
[1m2024-04-10T15:28:00.000000000Z[0m [1;33m[WARN] TRADER-001.nautilus_common::cache: Cannot calculate unrealized PnL for P-20240410-151500-001-140722251481704-1, no quotes for BTCUSDT-PERP.BINANCE[0m
[1m2024-04-10T15:28:10.000000000Z[0m [1;33m[WARN] TRADER-001.nautilus_common::cache: Cannot calculate unrealized PnL for P-20240410-151500-001-140722251481704-1, no quotes for BTCUSDT-PERP.BINANCE[0m
[1m2024-04-10T15:28:20.000000000Z[0m [1;33m[WARN] TRADER-001.nautilus_common::cache: Cannot calculate unrealized PnL for P-20240410-151500-001-140722251481704-1, no quotes for BTCUSDT-PERP.BINANCE[0m
[1m2024-04-10T15:28:30.000000000Z[0m [1;33m[WARN] TRADER-001.nautilus_common::cache: Cannot calculate unrealized PnL for P-20240410-151500-001-140722251481704-1, no quotes for BTCUSDT-PERP.BINANCE[0m
[1m2024-04-10T15:28:40.000000000Z[0m [1;33m[WARN] TRADER-001.nautilus_common::cache: Cannot calculate unrealized PnL for P-20240410-151500-001-140722251481704-1, no quotes for BTCUSDT-PERP.BINANCE[0m
[1m2024-04-10T15:28:50.000000000Z[0m [1;33m[WARN] TRADER-001.nautilus_common::cache: Cannot calculate unrealized PnL for P-20240410-151500-001-140722251481704-1, no quotes for BTCUSDT-PERP.BINANCE[0m
[1m2024-04-10T15:28:59.999000000Z[0m [1;33m[WARN] TRADER-001.nautilus_common::cache: Cannot calculate unrealized PnL for P-20240410-151500-001-140722251481704-1, no quotes for BTCUSDT-PERP.BINANCE[0m
[1m2024-04-10T15:29:00.000000000Z[0m [1;33m[WARN] TRADER-001.nautilus_common::cache: Cannot calculate unrealized PnL for P-20240410-151500-001-140722251481704-1, no quotes for BTCUSDT-PERP.BINANCE[0m
[1m2024-04-10T15:29:10.000000000Z[0m [1;33m[WARN] TRADER-001.nautilus_common::cache: Cannot calculate unrealized PnL for P-20240410-151500-001-140722251481704-1, no quotes for BTCUSDT-PERP.BINANCE[0m
[1m2024-04-10T15:29:20.000000000Z[0m [1;33m[WARN] TRADER-001.nautilus_common::cache: Cannot calculate unrealized PnL for P-20240410-151500-001-140722251481704-1, no quotes for BTCUSDT-PERP.BINANCE[0m
[1m2024-04-10T15:29:30.000000000Z[0m [1;33m[WARN] TRADER-001.nautilus_common::cache: Cannot calculate unrealized PnL for P-20240410-151500-001-140722251481704-1, no quotes for BTCUSDT-PERP.BINANCE[0m
[1m2024-04-10T15:29:40.000000000Z[0m [1;33m[WARN] TRADER-001.nautilus_common::cache: Cannot calculate unrealized PnL for P-20240410-151500-001-140722251481704-1, no quotes for BTCUSDT-PERP.BINANCE[0m
[1m2024-04-10T15:29:50.000000000Z[0m [1;33m[WARN] TRADER-001.nautilus_common::cache: Cannot calculate unrealized PnL for P-20240410-151500-001-140722251481704-1, no quotes for BTCUSDT-PERP.BINANCE[0m
[1m2024-04-10T15:29:59.999000000Z[0m [1;33m[WARN] TRADER-001.nautilus_common::cache: Cannot calculate unrealized PnL for P-20240410-151500-001-140722251481704-1, no quotes for BTCUSDT-PERP.BINANCE[0m
[1m2024-04-10T15:30:00.000000000Z[0m [1;33m[WARN] TRADER-001.nautilus_common::cache: Cannot calculate unrealized PnL for P-20240410-151500-001-140722251481704-1, no quotes for BTCUSDT-PERP.BINANCE[0m
[1m2024-04-10T15:30:10.000000000Z[0m [1;33m[WARN] TRADER-001.nautilus_common::cache: Cannot calculate unrealized PnL for P-20240410-151500-001-140722251481704-1, no quotes for BTCUSDT-PERP.BINANCE[0m
[1m2024-04-10T15:30:20.000000000Z[0m [1;33m[WARN] TRADER-001.nautilus_common::cache: Cannot calculate unrealized PnL for P-20240410-151500-001-140722251481704-1, no quotes for BTCUSDT-PERP.BINANCE[0m
[1m2024-04-10T15:30:30.000000000Z[0m [1;33m[WARN] TRADER-001.nautilus_common::cache: Cannot calculate unrealized PnL for P-20240410-151500-001-140722251481704-1, no quotes for BTCUSDT-PERP.BINANCE[0m
[1m2024-04-10T15:30:40.000000000Z[0m [1;33m[WARN] TRADER-001.nautilus_common::cache: Cannot calculate unrealized PnL for P-20240410-151500-001-140722251481704-1, no quotes for BTCUSDT-PERP.BINANCE[0m
[1m2024-04-10T15:30:50.000000000Z[0m [1;33m[WARN] TRADER-001.nautilus_common::cache: Cannot calculate unrealized PnL for P-20240410-151500-001-140722251481704-1, no quotes for BTCUSDT-PERP.BINANCE[0m
[1m2024-04-10T15:30:59.999000000Z[0m [1;33m[WARN] TRADER-001.nautilus_common::cache: Cannot calculate unrealized PnL for P-20240410-151500-001-140722251481704-1, no quotes for BTCUSDT-PERP.BINANCE[0m
[1m2024-04-10T15:31:00.000000000Z[0m [1;33m[WARN] TRADER-001.nautilus_common::cache: Cannot calculate unrealized PnL for P-20240410-151500-001-140722251481704-1, no quotes for BTCUSDT-PERP.BINANCE[0m
[1m2024-04-10T15:31:10.000000000Z[0m [1;33m[WARN] TRADER-001.nautilus_common::cache: Cannot calculate unrealized PnL for P-20240410-151500-001-140722251481704-1, no quotes for BTCUSDT-PERP.BINANCE[0m
[1m2024-04-10T15:31:20.000000000Z[0m [1;33m[WARN] TRADER-001.nautilus_common::cache: Cannot calculate unrealized PnL for P-20240410-151500-001-140722251481704-1, no quotes for BTCUSDT-PERP.BINANCE[0m
[1m2024-04-10T15:31:30.000000000Z[0m [1;33m[WARN] TRADER-001.nautilus_common::cache: Cannot calculate unrealized PnL for P-20240410-151500-001-140722251481704-1, no quotes for BTCUSDT-PERP.BINANCE[0m
[1m2024-04-10T15:31:40.000000000Z[0m [1;33m[WARN] TRADER-001.nautilus_common::cache: Cannot calculate unrealized PnL for P-20240410-151500-001-140722251481704-1, no quotes for BTCUSDT-PERP.BINANCE[0m
[1m2024-04-10T15:31:50.000000000Z[0m [1;33m[WARN] TRADER-001.nautilus_common::cache: Cannot calculate unrealized PnL for P-20240410-151500-001-140722251481704-1, no quotes for BTCUSDT-PERP.BINANCE[0m
[1m2024-04-10T15:31:59.999000000Z[0m [1;33m[WARN] TRADER-001.nautilus_common::cache: Cannot calculate unrealized PnL for P-20240410-151500-001-140722251481704-1, no quotes for BTCUSDT-PERP.BINANCE[0m
[1m2024-04-10T15:32:00.000000000Z[0m [1;33m[WARN] TRADER-001.nautilus_common::cache: Cannot calculate unrealized PnL for P-20240410-151500-001-140722251481704-1, no quotes for BTCUSDT-PERP.BINANCE[0m
[1m2024-04-10T15:32:10.000000000Z[0m [1;33m[WARN] TRADER-001.nautilus_common::cache: Cannot calculate unrealized PnL for P-20240410-151500-001-140722251481704-1, no quotes for BTCUSDT-PERP.BINANCE[0m
[1m2024-04-10T15:32:20.000000000Z[0m [1;33m[WARN] TRADER-001.nautilus_common::cache: Cannot calculate unrealized PnL for P-20240410-151500-001-140722251481704-1, no quotes for BTCUSDT-PERP.BINANCE[0m
[1m2024-04-10T15:32:30.000000000Z[0m [1;33m[WARN] TRADER-001.nautilus_common::cache: Cannot calculate unrealized PnL for P-20240410-151500-001-140722251481704-1, no quotes for BTCUSDT-PERP.BINANCE[0m
[1m2024-04-10T15:32:40.000000000Z[0m [1;33m[WARN] TRADER-001.nautilus_common::cache: Cannot calculate unrealized PnL for P-20240410-151500-001-140722251481704-1, no quotes for BTCUSDT-PERP.BINANCE[0m
[1m2024-04-10T15:32:50.000000000Z[0m [1;33m[WARN] TRADER-001.nautilus_common::cache: Cannot calculate unrealized PnL for P-20240410-151500-001-140722251481704-1, no quotes for BTCUSDT-PERP.BINANCE[0m
[1m2024-04-10T15:32:59.999000000Z[0m [1;33m[WARN] TRADER-001.nautilus_common::cache: Cannot calculate unrealized PnL for P-20240410-151500-001-140722251481704-1, no quotes for BTCUSDT-PERP.BINANCE[0m
[1m2024-04-10T15:33:00.000000000Z[0m [1;33m[WARN] TRADER-001.nautilus_common::cache: Cannot calculate unrealized PnL for P-20240410-151500-001-140722251481704-1, no quotes for BTCUSDT-PERP.BINANCE[0m
[1m2024-04-10T15:33:10.000000000Z[0m [1;33m[WARN] TRADER-001.nautilus_common::cache: Cannot calculate unrealized PnL for P-20240410-151500-001-140722251481704-1, no quotes for BTCUSDT-PERP.BINANCE[0m
[1m2024-04-10T15:33:20.000000000Z[0m [1;33m[WARN] TRADER-001.nautilus_common::cache: Cannot calculate unrealized PnL for P-20240410-151500-001-140722251481704-1, no quotes for BTCUSDT-PERP.BINANCE[0m
[1m2024-04-10T15:33:30.000000000Z[0m [1;33m[WARN] TRADER-001.nautilus_common::cache: Cannot calculate unrealized PnL for P-20240410-151500-001-140722251481704-1, no quotes for BTCUSDT-PERP.BINANCE[0m
[1m2024-04-10T15:33:40.000000000Z[0m [1;33m[WARN] TRADER-001.nautilus_common::cache: Cannot calculate unrealized PnL for P-20240410-151500-001-140722251481704-1, no quotes for BTCUSDT-PERP.BINANCE[0m
[1m2024-04-10T15:33:50.000000000Z[0m [1;33m[WARN] TRADER-001.nautilus_common::cache: Cannot calculate unrealized PnL for P-20240410-151500-001-140722251481704-1, no quotes for BTCUSDT-PERP.BINANCE[0m
[1m2024-04-10T15:33:59.999000000Z[0m [1;33m[WARN] TRADER-001.nautilus_common::cache: Cannot calculate unrealized PnL for P-20240410-151500-001-140722251481704-1, no quotes for BTCUSDT-PERP.BINANCE[0m
[1m2024-04-10T15:34:00.000000000Z[0m [1;33m[WARN] TRADER-001.nautilus_common::cache: Cannot calculate unrealized PnL for P-20240410-151500-001-140722251481704-1, no quotes for BTCUSDT-PERP.BINANCE[0m
[1m2024-04-10T15:34:10.000000000Z[0m [1;33m[WARN] TRADER-001.nautilus_common::cache: Cannot calculate unrealized PnL for P-20240410-151500-001-140722251481704-1, no quotes for BTCUSDT-PERP.BINANCE[0m
[1m2024-04-10T15:34:20.000000000Z[0m [1;33m[WARN] TRADER-001.nautilus_common::cache: Cannot calculate unrealized PnL for P-20240410-151500-001-140722251481704-1, no quotes for BTCUSDT-PERP.BINANCE[0m
[1m2024-04-10T15:34:30.000000000Z[0m [1;33m[WARN] TRADER-001.nautilus_common::cache: Cannot calculate unrealized PnL for P-20240410-151500-001-140722251481704-1, no quotes for BTCUSDT-PERP.BINANCE[0m
[1m2024-04-10T15:34:40.000000000Z[0m [1;33m[WARN] TRADER-001.nautilus_common::cache: Cannot calculate unrealized PnL for P-20240410-151500-001-140722251481704-1, no quotes for BTCUSDT-PERP.BINANCE[0m
[1m2024-04-10T15:34:50.000000000Z[0m [1;33m[WARN] TRADER-001.nautilus_common::cache: Cannot calculate unrealized PnL for P-20240410-151500-001-140722251481704-1, no quotes for BTCUSDT-PERP.BINANCE[0m
[1m2024-04-10T15:34:59.999000000Z[0m [1;33m[WARN] TRADER-001.nautilus_common::cache: Cannot calculate unrealized PnL for P-20240410-151500-001-140722251481704-1, no quotes for BTCUSDT-PERP.BINANCE[0m
[1m2024-04-10T15:35:00.000000000Z[0m [1;33m[WARN] TRADER-001.nautilus_common::cache: Cannot calculate unrealized PnL for P-20240410-151500-001-140722251481704-1, no quotes for BTCUSDT-PERP.BINANCE[0m
[1m2024-04-10T15:35:10.000000000Z[0m [1;33m[WARN] TRADER-001.nautilus_common::cache: Cannot calculate unrealized PnL for P-20240410-151500-001-140722251481704-1, no quotes for BTCUSDT-PERP.BINANCE[0m
[1m2024-04-10T15:35:20.000000000Z[0m [1;33m[WARN] TRADER-001.nautilus_common::cache: Cannot calculate unrealized PnL for P-20240410-151500-001-140722251481704-1, no quotes for BTCUSDT-PERP.BINANCE[0m
[1m2024-04-10T15:35:30.000000000Z[0m [1;33m[WARN] TRADER-001.nautilus_common::cache: Cannot calculate unrealized PnL for P-20240410-151500-001-140722251481704-1, no quotes for BTCUSDT-PERP.BINANCE[0m
[1m2024-04-10T15:35:40.000000000Z[0m [1;33m[WARN] TRADER-001.nautilus_common::cache: Cannot calculate unrealized PnL for P-20240410-151500-001-140722251481704-1, no quotes for BTCUSDT-PERP.BINANCE[0m
[1m2024-04-10T15:35:50.000000000Z[0m [1;33m[WARN] TRADER-001.nautilus_common::cache: Cannot calculate unrealized PnL for P-20240410-151500-001-140722251481704-1, no quotes for BTCUSDT-PERP.BINANCE[0m
[1m2024-04-10T15:35:59.999000000Z[0m [1;33m[WARN] TRADER-001.nautilus_common::cache: Cannot calculate unrealized PnL for P-20240410-151500-001-140722251481704-1, no quotes for BTCUSDT-PERP.BINANCE[0m
[1m2024-04-10T15:36:00.000000000Z[0m [1;33m[WARN] TRADER-001.nautilus_common::cache: Cannot calculate unrealized PnL for P-20240410-151500-001-140722251481704-1, no quotes for BTCUSDT-PERP.BINANCE[0m
[1m2024-04-10T15:36:10.000000000Z[0m [1;33m[WARN] TRADER-001.nautilus_common::cache: Cannot calculate unrealized PnL for P-20240410-151500-001-140722251481704-1, no quotes for BTCUSDT-PERP.BINANCE[0m
[1m2024-04-10T15:36:20.000000000Z[0m [1;33m[WARN] TRADER-001.nautilus_common::cache: Cannot calculate unrealized PnL for P-20240410-151500-001-140722251481704-1, no quotes for BTCUSDT-PERP.BINANCE[0m
[1m2024-04-10T15:36:30.000000000Z[0m [1;33m[WARN] TRADER-001.nautilus_common::cache: Cannot calculate unrealized PnL for P-20240410-151500-001-140722251481704-1, no quotes for BTCUSDT-PERP.BINANCE[0m
[1m2024-04-10T15:36:40.000000000Z[0m [1;33m[WARN] TRADER-001.nautilus_common::cache: Cannot calculate unrealized PnL for P-20240410-151500-001-140722251481704-1, no quotes for BTCUSDT-PERP.BINANCE[0m
[1m2024-04-10T15:36:50.000000000Z[0m [1;33m[WARN] TRADER-001.nautilus_common::cache: Cannot calculate unrealized PnL for P-20240410-151500-001-140722251481704-1, no quotes for BTCUSDT-PERP.BINANCE[0m
[1m2024-04-10T15:36:59.999000000Z[0m [1;33m[WARN] TRADER-001.nautilus_common::cache: Cannot calculate unrealized PnL for P-20240410-151500-001-140722251481704-1, no quotes for BTCUSDT-PERP.BINANCE[0m
[1m2024-04-10T15:37:00.000000000Z[0m [1;33m[WARN] TRADER-001.nautilus_common::cache: Cannot calculate unrealized PnL for P-20240410-151500-001-140722251481704-1, no quotes for BTCUSDT-PERP.BINANCE[0m
[1m2024-04-10T15:37:10.000000000Z[0m [1;33m[WARN] TRADER-001.nautilus_common::cache: Cannot calculate unrealized PnL for P-20240410-151500-001-140722251481704-1, no quotes for BTCUSDT-PERP.BINANCE[0m
[1m2024-04-10T15:37:20.000000000Z[0m [1;33m[WARN] TRADER-001.nautilus_common::cache: Cannot calculate unrealized PnL for P-20240410-151500-001-140722251481704-1, no quotes for BTCUSDT-PERP.BINANCE[0m
[1m2024-04-10T15:37:30.000000000Z[0m [1;33m[WARN] TRADER-001.nautilus_common::cache: Cannot calculate unrealized PnL for P-20240410-151500-001-140722251481704-1, no quotes for BTCUSDT-PERP.BINANCE[0m
[1m2024-04-10T15:37:40.000000000Z[0m [1;33m[WARN] TRADER-001.nautilus_common::cache: Cannot calculate unrealized PnL for P-20240410-151500-001-140722251481704-1, no quotes for BTCUSDT-PERP.BINANCE[0m
[1m2024-04-10T15:37:50.000000000Z[0m [1;33m[WARN] TRADER-001.nautilus_common::cache: Cannot calculate unrealized PnL for P-20240410-151500-001-140722251481704-1, no quotes for BTCUSDT-PERP.BINANCE[0m
[1m2024-04-10T15:37:59.999000000Z[0m [1;33m[WARN] TRADER-001.nautilus_common::cache: Cannot calculate unrealized PnL for P-20240410-151500-001-140722251481704-1, no quotes for BTCUSDT-PERP.BINANCE[0m
[1m2024-04-10T15:38:00.000000000Z[0m [1;33m[WARN] TRADER-001.nautilus_common::cache: Cannot calculate unrealized PnL for P-20240410-151500-001-140722251481704-1, no quotes for BTCUSDT-PERP.BINANCE[0m
[1m2024-04-10T15:38:10.000000000Z[0m [1;33m[WARN] TRADER-001.nautilus_common::cache: Cannot calculate unrealized PnL for P-20240410-151500-001-140722251481704-1, no quotes for BTCUSDT-PERP.BINANCE[0m
[1m2024-04-10T15:38:20.000000000Z[0m [1;33m[WARN] TRADER-001.nautilus_common::cache: Cannot calculate unrealized PnL for P-20240410-151500-001-140722251481704-1, no quotes for BTCUSDT-PERP.BINANCE[0m
[1m2024-04-10T15:38:30.000000000Z[0m [1;33m[WARN] TRADER-001.nautilus_common::cache: Cannot calculate unrealized PnL for P-20240410-151500-001-140722251481704-1, no quotes for BTCUSDT-PERP.BINANCE[0m
[1m2024-04-10T15:38:40.000000000Z[0m [1;33m[WARN] TRADER-001.nautilus_common::cache: Cannot calculate unrealized PnL for P-20240410-151500-001-140722251481704-1, no quotes for BTCUSDT-PERP.BINANCE[0m
[1m2024-04-10T15:38:50.000000000Z[0m [1;33m[WARN] TRADER-001.nautilus_common::cache: Cannot calculate unrealized PnL for P-20240410-151500-001-140722251481704-1, no quotes for BTCUSDT-PERP.BINANCE[0m
[1m2024-04-10T15:38:59.999000000Z[0m [1;33m[WARN] TRADER-001.nautilus_common::cache: Cannot calculate unrealized PnL for P-20240410-151500-001-140722251481704-1, no quotes for BTCUSDT-PERP.BINANCE[0m
[1m2024-04-10T15:39:00.000000000Z[0m [1;33m[WARN] TRADER-001.nautilus_common::cache: Cannot calculate unrealized PnL for P-20240410-151500-001-140722251481704-1, no quotes for BTCUSDT-PERP.BINANCE[0m
[1m2024-04-10T15:39:10.000000000Z[0m [1;33m[WARN] TRADER-001.nautilus_common::cache: Cannot calculate unrealized PnL for P-20240410-151500-001-140722251481704-1, no quotes for BTCUSDT-PERP.BINANCE[0m
[1m2024-04-10T15:39:20.000000000Z[0m [1;33m[WARN] TRADER-001.nautilus_common::cache: Cannot calculate unrealized PnL for P-20240410-151500-001-140722251481704-1, no quotes for BTCUSDT-PERP.BINANCE[0m
[1m2024-04-10T15:39:30.000000000Z[0m [1;33m[WARN] TRADER-001.nautilus_common::cache: Cannot calculate unrealized PnL for P-20240410-151500-001-140722251481704-1, no quotes for BTCUSDT-PERP.BINANCE[0m
[1m2024-04-10T15:39:40.000000000Z[0m [1;33m[WARN] TRADER-001.nautilus_common::cache: Cannot calculate unrealized PnL for P-20240410-151500-001-140722251481704-1, no quotes for BTCUSDT-PERP.BINANCE[0m
[1m2024-04-10T15:39:50.000000000Z[0m [1;33m[WARN] TRADER-001.nautilus_common::cache: Cannot calculate unrealized PnL for P-20240410-151500-001-140722251481704-1, no quotes for BTCUSDT-PERP.BINANCE[0m
[1m2024-04-10T15:39:59.999000000Z[0m [1;33m[WARN] TRADER-001.nautilus_common::cache: Cannot calculate unrealized PnL for P-20240410-151500-001-140722251481704-1, no quotes for BTCUSDT-PERP.BINANCE[0m
[1m2024-04-10T15:40:00.000000000Z[0m [1;33m[WARN] TRADER-001.nautilus_common::cache: Cannot calculate unrealized PnL for P-20240410-151500-001-140722251481704-1, no quotes for BTCUSDT-PERP.BINANCE[0m
[1m2024-04-10T15:40:10.000000000Z[0m [1;33m[WARN] TRADER-001.nautilus_common::cache: Cannot calculate unrealized PnL for P-20240410-151500-001-140722251481704-1, no quotes for BTCUSDT-PERP.BINANCE[0m
[1m2024-04-10T15:40:20.000000000Z[0m [1;33m[WARN] TRADER-001.nautilus_common::cache: Cannot calculate unrealized PnL for P-20240410-151500-001-140722251481704-1, no quotes for BTCUSDT-PERP.BINANCE[0m
[1m2024-04-10T15:40:30.000000000Z[0m [1;33m[WARN] TRADER-001.nautilus_common::cache: Cannot calculate unrealized PnL for P-20240410-151500-001-140722251481704-1, no quotes for BTCUSDT-PERP.BINANCE[0m
[1m2024-04-10T15:40:40.000000000Z[0m [1;33m[WARN] TRADER-001.nautilus_common::cache: Cannot calculate unrealized PnL for P-20240410-151500-001-140722251481704-1, no quotes for BTCUSDT-PERP.BINANCE[0m
[1m2024-04-10T15:40:50.000000000Z[0m [1;33m[WARN] TRADER-001.nautilus_common::cache: Cannot calculate unrealized PnL for P-20240410-151500-001-140722251481704-1, no quotes for BTCUSDT-PERP.BINANCE[0m
[1m2024-04-10T15:40:59.999000000Z[0m [1;33m[WARN] TRADER-001.nautilus_common::cache: Cannot calculate unrealized PnL for P-20240410-151500-001-140722251481704-1, no quotes for BTCUSDT-PERP.BINANCE[0m
[1m2024-04-10T15:41:00.000000000Z[0m [1;33m[WARN] TRADER-001.nautilus_common::cache: Cannot calculate unrealized PnL for P-20240410-151500-001-140722251481704-1, no quotes for BTCUSDT-PERP.BINANCE[0m
[1m2024-04-10T15:41:10.000000000Z[0m [1;33m[WARN] TRADER-001.nautilus_common::cache: Cannot calculate unrealized PnL for P-20240410-151500-001-140722251481704-1, no quotes for BTCUSDT-PERP.BINANCE[0m
[1m2024-04-10T15:41:20.000000000Z[0m [1;33m[WARN] TRADER-001.nautilus_common::cache: Cannot calculate unrealized PnL for P-20240410-151500-001-140722251481704-1, no quotes for BTCUSDT-PERP.BINANCE[0m
[1m2024-04-10T15:41:30.000000000Z[0m [1;33m[WARN] TRADER-001.nautilus_common::cache: Cannot calculate unrealized PnL for P-20240410-151500-001-140722251481704-1, no quotes for BTCUSDT-PERP.BINANCE[0m
[1m2024-04-10T15:41:40.000000000Z[0m [1;33m[WARN] TRADER-001.nautilus_common::cache: Cannot calculate unrealized PnL for P-20240410-151500-001-140722251481704-1, no quotes for BTCUSDT-PERP.BINANCE[0m
[1m2024-04-10T15:41:50.000000000Z[0m [1;33m[WARN] TRADER-001.nautilus_common::cache: Cannot calculate unrealized PnL for P-20240410-151500-001-140722251481704-1, no quotes for BTCUSDT-PERP.BINANCE[0m
[1m2024-04-10T15:41:59.999000000Z[0m [1;33m[WARN] TRADER-001.nautilus_common::cache: Cannot calculate unrealized PnL for P-20240410-151500-001-140722251481704-1, no quotes for BTCUSDT-PERP.BINANCE[0m
[1m2024-04-10T15:42:00.000000000Z[0m [1;33m[WARN] TRADER-001.nautilus_common::cache: Cannot calculate unrealized PnL for P-20240410-151500-001-140722251481704-1, no quotes for BTCUSDT-PERP.BINANCE[0m
[1m2024-04-10T15:42:10.000000000Z[0m [1;33m[WARN] TRADER-001.nautilus_common::cache: Cannot calculate unrealized PnL for P-20240410-151500-001-140722251481704-1, no quotes for BTCUSDT-PERP.BINANCE[0m
[1m2024-04-10T15:42:20.000000000Z[0m [1;33m[WARN] TRADER-001.nautilus_common::cache: Cannot calculate unrealized PnL for P-20240410-151500-001-140722251481704-1, no quotes for BTCUSDT-PERP.BINANCE[0m
[1m2024-04-10T15:42:30.000000000Z[0m [1;33m[WARN] TRADER-001.nautilus_common::cache: Cannot calculate unrealized PnL for P-20240410-151500-001-140722251481704-1, no quotes for BTCUSDT-PERP.BINANCE[0m
[1m2024-04-10T15:42:40.000000000Z[0m [1;33m[WARN] TRADER-001.nautilus_common::cache: Cannot calculate unrealized PnL for P-20240410-151500-001-140722251481704-1, no quotes for BTCUSDT-PERP.BINANCE[0m
[1m2024-04-10T15:42:50.000000000Z[0m [1;33m[WARN] TRADER-001.nautilus_common::cache: Cannot calculate unrealized PnL for P-20240410-151500-001-140722251481704-1, no quotes for BTCUSDT-PERP.BINANCE[0m
[1m2024-04-10T15:42:59.999000000Z[0m [1;33m[WARN] TRADER-001.nautilus_common::cache: Cannot calculate unrealized PnL for P-20240410-151500-001-140722251481704-1, no quotes for BTCUSDT-PERP.BINANCE[0m
[1m2024-04-10T15:43:00.000000000Z[0m [1;33m[WARN] TRADER-001.nautilus_common::cache: Cannot calculate unrealized PnL for P-20240410-151500-001-140722251481704-1, no quotes for BTCUSDT-PERP.BINANCE[0m
[1m2024-04-10T15:43:10.000000000Z[0m [1;33m[WARN] TRADER-001.nautilus_common::cache: Cannot calculate unrealized PnL for P-20240410-151500-001-140722251481704-1, no quotes for BTCUSDT-PERP.BINANCE[0m
[1m2024-04-10T15:43:20.000000000Z[0m [1;33m[WARN] TRADER-001.nautilus_common::cache: Cannot calculate unrealized PnL for P-20240410-151500-001-140722251481704-1, no quotes for BTCUSDT-PERP.BINANCE[0m
[1m2024-04-10T15:43:30.000000000Z[0m [1;33m[WARN] TRADER-001.nautilus_common::cache: Cannot calculate unrealized PnL for P-20240410-151500-001-140722251481704-1, no quotes for BTCUSDT-PERP.BINANCE[0m
[1m2024-04-10T15:43:40.000000000Z[0m [1;33m[WARN] TRADER-001.nautilus_common::cache: Cannot calculate unrealized PnL for P-20240410-151500-001-140722251481704-1, no quotes for BTCUSDT-PERP.BINANCE[0m
[1m2024-04-10T15:43:50.000000000Z[0m [1;33m[WARN] TRADER-001.nautilus_common::cache: Cannot calculate unrealized PnL for P-20240410-151500-001-140722251481704-1, no quotes for BTCUSDT-PERP.BINANCE[0m
[1m2024-04-10T15:43:59.999000000Z[0m [1;33m[WARN] TRADER-001.nautilus_common::cache: Cannot calculate unrealized PnL for P-20240410-151500-001-140722251481704-1, no quotes for BTCUSDT-PERP.BINANCE[0m
[1m2024-04-10T15:44:00.000000000Z[0m [1;33m[WARN] TRADER-001.nautilus_common::cache: Cannot calculate unrealized PnL for P-20240410-151500-001-140722251481704-1, no quotes for BTCUSDT-PERP.BINANCE[0m
[1m2024-04-10T15:44:10.000000000Z[0m [1;33m[WARN] TRADER-001.nautilus_common::cache: Cannot calculate unrealized PnL for P-20240410-151500-001-140722251481704-1, no quotes for BTCUSDT-PERP.BINANCE[0m
[1m2024-04-10T15:44:20.000000000Z[0m [1;33m[WARN] TRADER-001.nautilus_common::cache: Cannot calculate unrealized PnL for P-20240410-151500-001-140722251481704-1, no quotes for BTCUSDT-PERP.BINANCE[0m
[1m2024-04-10T15:44:30.000000000Z[0m [1;33m[WARN] TRADER-001.nautilus_common::cache: Cannot calculate unrealized PnL for P-20240410-151500-001-140722251481704-1, no quotes for BTCUSDT-PERP.BINANCE[0m
[1m2024-04-10T15:44:40.000000000Z[0m [1;33m[WARN] TRADER-001.nautilus_common::cache: Cannot calculate unrealized PnL for P-20240410-151500-001-140722251481704-1, no quotes for BTCUSDT-PERP.BINANCE[0m
[1m2024-04-10T15:44:50.000000000Z[0m [1;33m[WARN] TRADER-001.nautilus_common::cache: Cannot calculate unrealized PnL for P-20240410-151500-001-140722251481704-1, no quotes for BTCUSDT-PERP.BINANCE[0m
[1m2024-04-10T15:44:59.999000000Z[0m [1;33m[WARN] TRADER-001.nautilus_common::cache: Cannot calculate unrealized PnL for P-20240410-151500-001-140722251481704-1, no quotes for BTCUSDT-PERP.BINANCE[0m
[1m2024-04-10T15:45:00.000000000Z[0m [1;33m[WARN] TRADER-001.nautilus_common::cache: Cannot calculate unrealized PnL for P-20240410-151500-001-140722251481704-1, no quotes for BTCUSDT-PERP.BINANCE[0m
[1m2024-04-10T15:45:10.000000000Z[0m [1;33m[WARN] TRADER-001.nautilus_common::cache: Cannot calculate unrealized PnL for P-20240410-151500-001-140722251481704-1, no quotes for BTCUSDT-PERP.BINANCE[0m
[1m2024-04-10T15:45:20.000000000Z[0m [1;33m[WARN] TRADER-001.nautilus_common::cache: Cannot calculate unrealized PnL for P-20240410-151500-001-140722251481704-1, no quotes for BTCUSDT-PERP.BINANCE[0m
[1m2024-04-10T15:45:30.000000000Z[0m [1;33m[WARN] TRADER-001.nautilus_common::cache: Cannot calculate unrealized PnL for P-20240410-151500-001-140722251481704-1, no quotes for BTCUSDT-PERP.BINANCE[0m
[1m2024-04-10T15:45:40.000000000Z[0m [1;33m[WARN] TRADER-001.nautilus_common::cache: Cannot calculate unrealized PnL for P-20240410-151500-001-140722251481704-1, no quotes for BTCUSDT-PERP.BINANCE[0m
[1m2024-04-10T15:45:50.000000000Z[0m [1;33m[WARN] TRADER-001.nautilus_common::cache: Cannot calculate unrealized PnL for P-20240410-151500-001-140722251481704-1, no quotes for BTCUSDT-PERP.BINANCE[0m
[1m2024-04-10T15:45:59.999000000Z[0m [1;33m[WARN] TRADER-001.nautilus_common::cache: Cannot calculate unrealized PnL for P-20240410-151500-001-140722251481704-1, no quotes for BTCUSDT-PERP.BINANCE[0m
[1m2024-04-10T15:46:00.000000000Z[0m [1;33m[WARN] TRADER-001.nautilus_common::cache: Cannot calculate unrealized PnL for P-20240410-151500-001-140722251481704-1, no quotes for BTCUSDT-PERP.BINANCE[0m
[1m2024-04-10T15:46:10.000000000Z[0m [1;33m[WARN] TRADER-001.nautilus_common::cache: Cannot calculate unrealized PnL for P-20240410-151500-001-140722251481704-1, no quotes for BTCUSDT-PERP.BINANCE[0m
[1m2024-04-10T15:46:20.000000000Z[0m [1;33m[WARN] TRADER-001.nautilus_common::cache: Cannot calculate unrealized PnL for P-20240410-151500-001-140722251481704-1, no quotes for BTCUSDT-PERP.BINANCE[0m
[1m2024-04-10T15:46:30.000000000Z[0m [1;33m[WARN] TRADER-001.nautilus_common::cache: Cannot calculate unrealized PnL for P-20240410-151500-001-140722251481704-1, no quotes for BTCUSDT-PERP.BINANCE[0m
[1m2024-04-10T15:46:40.000000000Z[0m [1;33m[WARN] TRADER-001.nautilus_common::cache: Cannot calculate unrealized PnL for P-20240410-151500-001-140722251481704-1, no quotes for BTCUSDT-PERP.BINANCE[0m
[1m2024-04-10T15:46:50.000000000Z[0m [1;33m[WARN] TRADER-001.nautilus_common::cache: Cannot calculate unrealized PnL for P-20240410-151500-001-140722251481704-1, no quotes for BTCUSDT-PERP.BINANCE[0m
[1m2024-04-10T15:46:59.999000000Z[0m [1;33m[WARN] TRADER-001.nautilus_common::cache: Cannot calculate unrealized PnL for P-20240410-151500-001-140722251481704-1, no quotes for BTCUSDT-PERP.BINANCE[0m
[1m2024-04-10T15:47:00.000000000Z[0m [1;33m[WARN] TRADER-001.nautilus_common::cache: Cannot calculate unrealized PnL for P-20240410-151500-001-140722251481704-1, no quotes for BTCUSDT-PERP.BINANCE[0m
[1m2024-04-10T15:47:10.000000000Z[0m [1;33m[WARN] TRADER-001.nautilus_common::cache: Cannot calculate unrealized PnL for P-20240410-151500-001-140722251481704-1, no quotes for BTCUSDT-PERP.BINANCE[0m
[1m2024-04-10T15:47:20.000000000Z[0m [1;33m[WARN] TRADER-001.nautilus_common::cache: Cannot calculate unrealized PnL for P-20240410-151500-001-140722251481704-1, no quotes for BTCUSDT-PERP.BINANCE[0m
[1m2024-04-10T15:47:30.000000000Z[0m [1;33m[WARN] TRADER-001.nautilus_common::cache: Cannot calculate unrealized PnL for P-20240410-151500-001-140722251481704-1, no quotes for BTCUSDT-PERP.BINANCE[0m
[1m2024-04-10T15:47:40.000000000Z[0m [1;33m[WARN] TRADER-001.nautilus_common::cache: Cannot calculate unrealized PnL for P-20240410-151500-001-140722251481704-1, no quotes for BTCUSDT-PERP.BINANCE[0m
[1m2024-04-10T15:47:50.000000000Z[0m [1;33m[WARN] TRADER-001.nautilus_common::cache: Cannot calculate unrealized PnL for P-20240410-151500-001-140722251481704-1, no quotes for BTCUSDT-PERP.BINANCE[0m
[1m2024-04-10T15:47:59.999000000Z[0m [1;33m[WARN] TRADER-001.nautilus_common::cache: Cannot calculate unrealized PnL for P-20240410-151500-001-140722251481704-1, no quotes for BTCUSDT-PERP.BINANCE[0m
[1m2024-04-10T15:48:00.000000000Z[0m [1;33m[WARN] TRADER-001.nautilus_common::cache: Cannot calculate unrealized PnL for P-20240410-151500-001-140722251481704-1, no quotes for BTCUSDT-PERP.BINANCE[0m
[1m2024-04-10T15:48:10.000000000Z[0m [1;33m[WARN] TRADER-001.nautilus_common::cache: Cannot calculate unrealized PnL for P-20240410-151500-001-140722251481704-1, no quotes for BTCUSDT-PERP.BINANCE[0m
[1m2024-04-10T15:48:20.000000000Z[0m [1;33m[WARN] TRADER-001.nautilus_common::cache: Cannot calculate unrealized PnL for P-20240410-151500-001-140722251481704-1, no quotes for BTCUSDT-PERP.BINANCE[0m
[1m2024-04-10T15:48:30.000000000Z[0m [1;33m[WARN] TRADER-001.nautilus_common::cache: Cannot calculate unrealized PnL for P-20240410-151500-001-140722251481704-1, no quotes for BTCUSDT-PERP.BINANCE[0m
[1m2024-04-10T15:48:40.000000000Z[0m [1;33m[WARN] TRADER-001.nautilus_common::cache: Cannot calculate unrealized PnL for P-20240410-151500-001-140722251481704-1, no quotes for BTCUSDT-PERP.BINANCE[0m
[1m2024-04-10T15:48:50.000000000Z[0m [1;33m[WARN] TRADER-001.nautilus_common::cache: Cannot calculate unrealized PnL for P-20240410-151500-001-140722251481704-1, no quotes for BTCUSDT-PERP.BINANCE[0m
[1m2024-04-10T15:48:59.999000000Z[0m [1;33m[WARN] TRADER-001.nautilus_common::cache: Cannot calculate unrealized PnL for P-20240410-151500-001-140722251481704-1, no quotes for BTCUSDT-PERP.BINANCE[0m
[1m2024-04-10T15:49:00.000000000Z[0m [1;33m[WARN] TRADER-001.nautilus_common::cache: Cannot calculate unrealized PnL for P-20240410-151500-001-140722251481704-1, no quotes for BTCUSDT-PERP.BINANCE[0m
[1m2024-04-10T15:49:10.000000000Z[0m [1;33m[WARN] TRADER-001.nautilus_common::cache: Cannot calculate unrealized PnL for P-20240410-151500-001-140722251481704-1, no quotes for BTCUSDT-PERP.BINANCE[0m
[1m2024-04-10T15:49:20.000000000Z[0m [1;33m[WARN] TRADER-001.nautilus_common::cache: Cannot calculate unrealized PnL for P-20240410-151500-001-140722251481704-1, no quotes for BTCUSDT-PERP.BINANCE[0m
[1m2024-04-10T15:49:30.000000000Z[0m [1;33m[WARN] TRADER-001.nautilus_common::cache: Cannot calculate unrealized PnL for P-20240410-151500-001-140722251481704-1, no quotes for BTCUSDT-PERP.BINANCE[0m
[1m2024-04-10T15:49:40.000000000Z[0m [1;33m[WARN] TRADER-001.nautilus_common::cache: Cannot calculate unrealized PnL for P-20240410-151500-001-140722251481704-1, no quotes for BTCUSDT-PERP.BINANCE[0m
[1m2024-04-10T15:49:50.000000000Z[0m [1;33m[WARN] TRADER-001.nautilus_common::cache: Cannot calculate unrealized PnL for P-20240410-151500-001-140722251481704-1, no quotes for BTCUSDT-PERP.BINANCE[0m
[1m2024-04-10T15:49:59.999000000Z[0m [1;33m[WARN] TRADER-001.nautilus_common::cache: Cannot calculate unrealized PnL for P-20240410-151500-001-140722251481704-1, no quotes for BTCUSDT-PERP.BINANCE[0m
[1m2024-04-10T15:50:00.000000000Z[0m [1;33m[WARN] TRADER-001.nautilus_common::cache: Cannot calculate unrealized PnL for P-20240410-151500-001-140722251481704-1, no quotes for BTCUSDT-PERP.BINANCE[0m
[1m2024-04-10T15:50:10.000000000Z[0m [1;33m[WARN] TRADER-001.nautilus_common::cache: Cannot calculate unrealized PnL for P-20240410-151500-001-140722251481704-1, no quotes for BTCUSDT-PERP.BINANCE[0m
[1m2024-04-10T15:50:20.000000000Z[0m [1;33m[WARN] TRADER-001.nautilus_common::cache: Cannot calculate unrealized PnL for P-20240410-151500-001-140722251481704-1, no quotes for BTCUSDT-PERP.BINANCE[0m
[1m2024-04-10T15:50:30.000000000Z[0m [1;33m[WARN] TRADER-001.nautilus_common::cache: Cannot calculate unrealized PnL for P-20240410-151500-001-140722251481704-1, no quotes for BTCUSDT-PERP.BINANCE[0m
[1m2024-04-10T15:50:40.000000000Z[0m [1;33m[WARN] TRADER-001.nautilus_common::cache: Cannot calculate unrealized PnL for P-20240410-151500-001-140722251481704-1, no quotes for BTCUSDT-PERP.BINANCE[0m
[1m2024-04-10T15:50:50.000000000Z[0m [1;33m[WARN] TRADER-001.nautilus_common::cache: Cannot calculate unrealized PnL for P-20240410-151500-001-140722251481704-1, no quotes for BTCUSDT-PERP.BINANCE[0m
[1m2024-04-10T15:50:59.999000000Z[0m [1;33m[WARN] TRADER-001.nautilus_common::cache: Cannot calculate unrealized PnL for P-20240410-151500-001-140722251481704-1, no quotes for BTCUSDT-PERP.BINANCE[0m
[1m2024-04-10T15:51:00.000000000Z[0m [1;33m[WARN] TRADER-001.nautilus_common::cache: Cannot calculate unrealized PnL for P-20240410-151500-001-140722251481704-1, no quotes for BTCUSDT-PERP.BINANCE[0m
[1m2024-04-10T15:51:10.000000000Z[0m [1;33m[WARN] TRADER-001.nautilus_common::cache: Cannot calculate unrealized PnL for P-20240410-151500-001-140722251481704-1, no quotes for BTCUSDT-PERP.BINANCE[0m
[1m2024-04-10T15:51:20.000000000Z[0m [1;33m[WARN] TRADER-001.nautilus_common::cache: Cannot calculate unrealized PnL for P-20240410-151500-001-140722251481704-1, no quotes for BTCUSDT-PERP.BINANCE[0m
[1m2024-04-10T15:51:30.000000000Z[0m [1;33m[WARN] TRADER-001.nautilus_common::cache: Cannot calculate unrealized PnL for P-20240410-151500-001-140722251481704-1, no quotes for BTCUSDT-PERP.BINANCE[0m
[1m2024-04-10T15:51:40.000000000Z[0m [1;33m[WARN] TRADER-001.nautilus_common::cache: Cannot calculate unrealized PnL for P-20240410-151500-001-140722251481704-1, no quotes for BTCUSDT-PERP.BINANCE[0m
[1m2024-04-10T15:51:50.000000000Z[0m [1;33m[WARN] TRADER-001.nautilus_common::cache: Cannot calculate unrealized PnL for P-20240410-151500-001-140722251481704-1, no quotes for BTCUSDT-PERP.BINANCE[0m
[1m2024-04-10T15:51:59.999000000Z[0m [1;33m[WARN] TRADER-001.nautilus_common::cache: Cannot calculate unrealized PnL for P-20240410-151500-001-140722251481704-1, no quotes for BTCUSDT-PERP.BINANCE[0m
[1m2024-04-10T15:52:00.000000000Z[0m [1;33m[WARN] TRADER-001.nautilus_common::cache: Cannot calculate unrealized PnL for P-20240410-151500-001-140722251481704-1, no quotes for BTCUSDT-PERP.BINANCE[0m
[1m2024-04-10T15:52:10.000000000Z[0m [1;33m[WARN] TRADER-001.nautilus_common::cache: Cannot calculate unrealized PnL for P-20240410-151500-001-140722251481704-1, no quotes for BTCUSDT-PERP.BINANCE[0m
[1m2024-04-10T15:52:20.000000000Z[0m [1;33m[WARN] TRADER-001.nautilus_common::cache: Cannot calculate unrealized PnL for P-20240410-151500-001-140722251481704-1, no quotes for BTCUSDT-PERP.BINANCE[0m
[1m2024-04-10T15:52:30.000000000Z[0m [1;33m[WARN] TRADER-001.nautilus_common::cache: Cannot calculate unrealized PnL for P-20240410-151500-001-140722251481704-1, no quotes for BTCUSDT-PERP.BINANCE[0m
[1m2024-04-10T15:52:40.000000000Z[0m [1;33m[WARN] TRADER-001.nautilus_common::cache: Cannot calculate unrealized PnL for P-20240410-151500-001-140722251481704-1, no quotes for BTCUSDT-PERP.BINANCE[0m
[1m2024-04-10T15:52:50.000000000Z[0m [1;33m[WARN] TRADER-001.nautilus_common::cache: Cannot calculate unrealized PnL for P-20240410-151500-001-140722251481704-1, no quotes for BTCUSDT-PERP.BINANCE[0m
[1m2024-04-10T15:52:59.999000000Z[0m [1;33m[WARN] TRADER-001.nautilus_common::cache: Cannot calculate unrealized PnL for P-20240410-151500-001-140722251481704-1, no quotes for BTCUSDT-PERP.BINANCE[0m
[1m2024-04-10T15:53:00.000000000Z[0m [1;33m[WARN] TRADER-001.nautilus_common::cache: Cannot calculate unrealized PnL for P-20240410-151500-001-140722251481704-1, no quotes for BTCUSDT-PERP.BINANCE[0m
[1m2024-04-10T15:53:10.000000000Z[0m [1;33m[WARN] TRADER-001.nautilus_common::cache: Cannot calculate unrealized PnL for P-20240410-151500-001-140722251481704-1, no quotes for BTCUSDT-PERP.BINANCE[0m
[1m2024-04-10T15:53:20.000000000Z[0m [1;33m[WARN] TRADER-001.nautilus_common::cache: Cannot calculate unrealized PnL for P-20240410-151500-001-140722251481704-1, no quotes for BTCUSDT-PERP.BINANCE[0m
[1m2024-04-10T15:53:30.000000000Z[0m [1;33m[WARN] TRADER-001.nautilus_common::cache: Cannot calculate unrealized PnL for P-20240410-151500-001-140722251481704-1, no quotes for BTCUSDT-PERP.BINANCE[0m
[1m2024-04-10T15:53:40.000000000Z[0m [1;33m[WARN] TRADER-001.nautilus_common::cache: Cannot calculate unrealized PnL for P-20240410-151500-001-140722251481704-1, no quotes for BTCUSDT-PERP.BINANCE[0m
[1m2024-04-10T15:53:50.000000000Z[0m [1;33m[WARN] TRADER-001.nautilus_common::cache: Cannot calculate unrealized PnL for P-20240410-151500-001-140722251481704-1, no quotes for BTCUSDT-PERP.BINANCE[0m
[1m2024-04-10T15:53:59.999000000Z[0m [1;33m[WARN] TRADER-001.nautilus_common::cache: Cannot calculate unrealized PnL for P-20240410-151500-001-140722251481704-1, no quotes for BTCUSDT-PERP.BINANCE[0m
[1m2024-04-10T15:54:00.000000000Z[0m [1;33m[WARN] TRADER-001.nautilus_common::cache: Cannot calculate unrealized PnL for P-20240410-151500-001-140722251481704-1, no quotes for BTCUSDT-PERP.BINANCE[0m
[1m2024-04-10T15:54:10.000000000Z[0m [1;33m[WARN] TRADER-001.nautilus_common::cache: Cannot calculate unrealized PnL for P-20240410-151500-001-140722251481704-1, no quotes for BTCUSDT-PERP.BINANCE[0m
[1m2024-04-10T15:54:20.000000000Z[0m [1;33m[WARN] TRADER-001.nautilus_common::cache: Cannot calculate unrealized PnL for P-20240410-151500-001-140722251481704-1, no quotes for BTCUSDT-PERP.BINANCE[0m
[1m2024-04-10T15:54:30.000000000Z[0m [1;33m[WARN] TRADER-001.nautilus_common::cache: Cannot calculate unrealized PnL for P-20240410-151500-001-140722251481704-1, no quotes for BTCUSDT-PERP.BINANCE[0m
[1m2024-04-10T15:54:40.000000000Z[0m [1;33m[WARN] TRADER-001.nautilus_common::cache: Cannot calculate unrealized PnL for P-20240410-151500-001-140722251481704-1, no quotes for BTCUSDT-PERP.BINANCE[0m
[1m2024-04-10T15:54:50.000000000Z[0m [1;33m[WARN] TRADER-001.nautilus_common::cache: Cannot calculate unrealized PnL for P-20240410-151500-001-140722251481704-1, no quotes for BTCUSDT-PERP.BINANCE[0m
[1m2024-04-10T15:54:59.999000000Z[0m [1;33m[WARN] TRADER-001.nautilus_common::cache: Cannot calculate unrealized PnL for P-20240410-151500-001-140722251481704-1, no quotes for BTCUSDT-PERP.BINANCE[0m
[1m2024-04-10T15:55:00.000000000Z[0m [1;33m[WARN] TRADER-001.nautilus_common::cache: Cannot calculate unrealized PnL for P-20240410-151500-001-140722251481704-1, no quotes for BTCUSDT-PERP.BINANCE[0m
[1m2024-04-10T15:55:10.000000000Z[0m [1;33m[WARN] TRADER-001.nautilus_common::cache: Cannot calculate unrealized PnL for P-20240410-151500-001-140722251481704-1, no quotes for BTCUSDT-PERP.BINANCE[0m
[1m2024-04-10T15:55:20.000000000Z[0m [1;33m[WARN] TRADER-001.nautilus_common::cache: Cannot calculate unrealized PnL for P-20240410-151500-001-140722251481704-1, no quotes for BTCUSDT-PERP.BINANCE[0m
[1m2024-04-10T15:55:30.000000000Z[0m [1;33m[WARN] TRADER-001.nautilus_common::cache: Cannot calculate unrealized PnL for P-20240410-151500-001-140722251481704-1, no quotes for BTCUSDT-PERP.BINANCE[0m
[1m2024-04-10T15:55:40.000000000Z[0m [1;33m[WARN] TRADER-001.nautilus_common::cache: Cannot calculate unrealized PnL for P-20240410-151500-001-140722251481704-1, no quotes for BTCUSDT-PERP.BINANCE[0m
[1m2024-04-10T15:55:50.000000000Z[0m [1;33m[WARN] TRADER-001.nautilus_common::cache: Cannot calculate unrealized PnL for P-20240410-151500-001-140722251481704-1, no quotes for BTCUSDT-PERP.BINANCE[0m
[1m2024-04-10T15:55:59.999000000Z[0m [1;33m[WARN] TRADER-001.nautilus_common::cache: Cannot calculate unrealized PnL for P-20240410-151500-001-140722251481704-1, no quotes for BTCUSDT-PERP.BINANCE[0m
[1m2024-04-10T15:56:00.000000000Z[0m [1;33m[WARN] TRADER-001.nautilus_common::cache: Cannot calculate unrealized PnL for P-20240410-151500-001-140722251481704-1, no quotes for BTCUSDT-PERP.BINANCE[0m
[1m2024-04-10T15:56:10.000000000Z[0m [1;33m[WARN] TRADER-001.nautilus_common::cache: Cannot calculate unrealized PnL for P-20240410-151500-001-140722251481704-1, no quotes for BTCUSDT-PERP.BINANCE[0m
[1m2024-04-10T15:56:20.000000000Z[0m [1;33m[WARN] TRADER-001.nautilus_common::cache: Cannot calculate unrealized PnL for P-20240410-151500-001-140722251481704-1, no quotes for BTCUSDT-PERP.BINANCE[0m
[1m2024-04-10T15:56:30.000000000Z[0m [1;33m[WARN] TRADER-001.nautilus_common::cache: Cannot calculate unrealized PnL for P-20240410-151500-001-140722251481704-1, no quotes for BTCUSDT-PERP.BINANCE[0m
[1m2024-04-10T15:56:40.000000000Z[0m [1;33m[WARN] TRADER-001.nautilus_common::cache: Cannot calculate unrealized PnL for P-20240410-151500-001-140722251481704-1, no quotes for BTCUSDT-PERP.BINANCE[0m
[1m2024-04-10T15:56:50.000000000Z[0m [1;33m[WARN] TRADER-001.nautilus_common::cache: Cannot calculate unrealized PnL for P-20240410-151500-001-140722251481704-1, no quotes for BTCUSDT-PERP.BINANCE[0m
[1m2024-04-10T15:56:59.999000000Z[0m [1;33m[WARN] TRADER-001.nautilus_common::cache: Cannot calculate unrealized PnL for P-20240410-151500-001-140722251481704-1, no quotes for BTCUSDT-PERP.BINANCE[0m
[1m2024-04-10T15:57:00.000000000Z[0m [1;33m[WARN] TRADER-001.nautilus_common::cache: Cannot calculate unrealized PnL for P-20240410-151500-001-140722251481704-1, no quotes for BTCUSDT-PERP.BINANCE[0m
[1m2024-04-10T15:57:10.000000000Z[0m [1;33m[WARN] TRADER-001.nautilus_common::cache: Cannot calculate unrealized PnL for P-20240410-151500-001-140722251481704-1, no quotes for BTCUSDT-PERP.BINANCE[0m
[1m2024-04-10T15:57:20.000000000Z[0m [1;33m[WARN] TRADER-001.nautilus_common::cache: Cannot calculate unrealized PnL for P-20240410-151500-001-140722251481704-1, no quotes for BTCUSDT-PERP.BINANCE[0m
[1m2024-04-10T15:57:30.000000000Z[0m [1;33m[WARN] TRADER-001.nautilus_common::cache: Cannot calculate unrealized PnL for P-20240410-151500-001-140722251481704-1, no quotes for BTCUSDT-PERP.BINANCE[0m
[1m2024-04-10T15:57:40.000000000Z[0m [1;33m[WARN] TRADER-001.nautilus_common::cache: Cannot calculate unrealized PnL for P-20240410-151500-001-140722251481704-1, no quotes for BTCUSDT-PERP.BINANCE[0m
[1m2024-04-10T15:57:50.000000000Z[0m [1;33m[WARN] TRADER-001.nautilus_common::cache: Cannot calculate unrealized PnL for P-20240410-151500-001-140722251481704-1, no quotes for BTCUSDT-PERP.BINANCE[0m
[1m2024-04-10T15:57:59.999000000Z[0m [1;33m[WARN] TRADER-001.nautilus_common::cache: Cannot calculate unrealized PnL for P-20240410-151500-001-140722251481704-1, no quotes for BTCUSDT-PERP.BINANCE[0m
[1m2024-04-10T15:58:00.000000000Z[0m [1;33m[WARN] TRADER-001.nautilus_common::cache: Cannot calculate unrealized PnL for P-20240410-151500-001-140722251481704-1, no quotes for BTCUSDT-PERP.BINANCE[0m
[1m2024-04-10T15:58:10.000000000Z[0m [1;33m[WARN] TRADER-001.nautilus_common::cache: Cannot calculate unrealized PnL for P-20240410-151500-001-140722251481704-1, no quotes for BTCUSDT-PERP.BINANCE[0m
[1m2024-04-10T15:58:20.000000000Z[0m [1;33m[WARN] TRADER-001.nautilus_common::cache: Cannot calculate unrealized PnL for P-20240410-151500-001-140722251481704-1, no quotes for BTCUSDT-PERP.BINANCE[0m
[1m2024-04-10T15:58:30.000000000Z[0m [1;33m[WARN] TRADER-001.nautilus_common::cache: Cannot calculate unrealized PnL for P-20240410-151500-001-140722251481704-1, no quotes for BTCUSDT-PERP.BINANCE[0m
[1m2024-04-10T15:58:40.000000000Z[0m [1;33m[WARN] TRADER-001.nautilus_common::cache: Cannot calculate unrealized PnL for P-20240410-151500-001-140722251481704-1, no quotes for BTCUSDT-PERP.BINANCE[0m
[1m2024-04-10T15:58:50.000000000Z[0m [1;33m[WARN] TRADER-001.nautilus_common::cache: Cannot calculate unrealized PnL for P-20240410-151500-001-140722251481704-1, no quotes for BTCUSDT-PERP.BINANCE[0m
[1m2024-04-10T15:58:59.999000000Z[0m [1;33m[WARN] TRADER-001.nautilus_common::cache: Cannot calculate unrealized PnL for P-20240410-151500-001-140722251481704-1, no quotes for BTCUSDT-PERP.BINANCE[0m
[1m2024-04-10T15:59:00.000000000Z[0m [1;33m[WARN] TRADER-001.nautilus_common::cache: Cannot calculate unrealized PnL for P-20240410-151500-001-140722251481704-1, no quotes for BTCUSDT-PERP.BINANCE[0m
[1m2024-04-10T15:59:10.000000000Z[0m [1;33m[WARN] TRADER-001.nautilus_common::cache: Cannot calculate unrealized PnL for P-20240410-151500-001-140722251481704-1, no quotes for BTCUSDT-PERP.BINANCE[0m
[1m2024-04-10T15:59:20.000000000Z[0m [1;33m[WARN] TRADER-001.nautilus_common::cache: Cannot calculate unrealized PnL for P-20240410-151500-001-140722251481704-1, no quotes for BTCUSDT-PERP.BINANCE[0m
[1m2024-04-10T15:59:30.000000000Z[0m [1;33m[WARN] TRADER-001.nautilus_common::cache: Cannot calculate unrealized PnL for P-20240410-151500-001-140722251481704-1, no quotes for BTCUSDT-PERP.BINANCE[0m
[1m2024-04-10T15:59:40.000000000Z[0m [1;33m[WARN] TRADER-001.nautilus_common::cache: Cannot calculate unrealized PnL for P-20240410-151500-001-140722251481704-1, no quotes for BTCUSDT-PERP.BINANCE[0m
[1m2024-04-10T15:59:50.000000000Z[0m [1;33m[WARN] TRADER-001.nautilus_common::cache: Cannot calculate unrealized PnL for P-20240410-151500-001-140722251481704-1, no quotes for BTCUSDT-PERP.BINANCE[0m
[1m2024-04-10T15:59:59.999000000Z[0m [1;33m[WARN] TRADER-001.nautilus_common::cache: Cannot calculate unrealized PnL for P-20240410-151500-001-140722251481704-1, no quotes for BTCUSDT-PERP.BINANCE[0m
[1m2024-04-10T16:00:00.000000000Z[0m [INFO] TRADER-001.nautilus_portfolio::portfolio: Updated AccountState(account_id=BINANCE-001, account_type=MARGIN, base_currency=USDT, is_reported=true, balances=[AccountBalance(total=99542.16831316 USDT, locked=2614.62098240 USDT, free=96927.54733076 USDT)], margins=[MarginBalance(initial=0.00000000 USDT, maintenance=2614.62098240 USDT, instrument_id=BTCUSDT-PERP.BINANCE)], event_id=c9659bb1-94bb-43f3-aa2b-02f4bde995bd)[0m
[1m2024-04-10T16:00:00.000000000Z[0m [INFO] TRADER-001.nautilus_portfolio::manager: BTCUSDT-PERP.BINANCE margin_maint=2614.62098240 USDT[0m
[1m2024-04-10T16:00:00.000000000Z[0m [INFO] TRADER-001.nautilus_portfolio::portfolio: Updated AccountState(account_id=BINANCE-001, account_type=MARGIN, base_currency=USDT, is_reported=false, balances=[AccountBalance(total=99542.16831316 USDT, locked=2614.62098240 USDT, free=96927.54733076 USDT)], margins=[MarginBalance(initial=0.00000000 USDT, maintenance=2614.62098240 USDT, instrument_id=BTCUSDT-PERP.BINANCE)], event_id=db22b670-2d63-49f6-9531-03dd1547afbb)[0m
[1m2024-04-10T16:00:00.000000000Z[0m [INFO] TRADER-001.nautilus_trading::strategy: DataActor-140722251481704 <--[EVT] PositionAdjusted(PositionAdjusted { trader_id: "TRADER-001", strategy_id: "DataActor-140722251481704", instrument_id: "BTCUSDT-PERP.BINANCE", position_id: "P-20240410-151500-001-140722251481704-1", account_id: "BINANCE-001", adjustment_type: Funding, quantity_change: None, pnl_change: Some(Money(-65.63853948, USDT)), reason: Some(u!("funding_settlement:0177c5d5-65d5-4da3-b677-b456317138c4")), event_id: UUID4(f68136d2-4d46-4bb9-8621-f55c20254e10), ts_event: UnixNanos(1712764800000000000), ts_init: UnixNanos(1712764800000000000) })[0m
[1m2024-04-10T16:00:00.000000000Z[0m [1;33m[WARN] TRADER-001.nautilus_common::cache: Cannot calculate unrealized PnL for P-20240410-151500-001-140722251481704-1, no quotes for BTCUSDT-PERP.BINANCE[0m
[1m2024-04-10T16:00:10.000000000Z[0m [1;33m[WARN] TRADER-001.nautilus_common::cache: Cannot calculate unrealized PnL for P-20240410-151500-001-140722251481704-1, no quotes for BTCUSDT-PERP.BINANCE[0m
[1m2024-04-10T16:00:20.000000000Z[0m [1;33m[WARN] TRADER-001.nautilus_common::cache: Cannot calculate unrealized PnL for P-20240410-151500-001-140722251481704-1, no quotes for BTCUSDT-PERP.BINANCE[0m
[1m2024-04-10T16:00:30.000000000Z[0m [1;33m[WARN] TRADER-001.nautilus_common::cache: Cannot calculate unrealized PnL for P-20240410-151500-001-140722251481704-1, no quotes for BTCUSDT-PERP.BINANCE[0m
[1m2024-04-10T16:00:40.000000000Z[0m [1;33m[WARN] TRADER-001.nautilus_common::cache: Cannot calculate unrealized PnL for P-20240410-151500-001-140722251481704-1, no quotes for BTCUSDT-PERP.BINANCE[0m
[1m2024-04-10T16:00:50.000000000Z[0m [1;33m[WARN] TRADER-001.nautilus_common::cache: Cannot calculate unrealized PnL for P-20240410-151500-001-140722251481704-1, no quotes for BTCUSDT-PERP.BINANCE[0m
[1m2024-04-10T16:00:59.999000000Z[0m [1;33m[WARN] TRADER-001.nautilus_common::cache: Cannot calculate unrealized PnL for P-20240410-151500-001-140722251481704-1, no quotes for BTCUSDT-PERP.BINANCE[0m
[1m2024-04-10T16:01:00.000000000Z[0m [1;33m[WARN] TRADER-001.nautilus_common::cache: Cannot calculate unrealized PnL for P-20240410-151500-001-140722251481704-1, no quotes for BTCUSDT-PERP.BINANCE[0m
[1m2024-04-10T16:01:10.000000000Z[0m [1;33m[WARN] TRADER-001.nautilus_common::cache: Cannot calculate unrealized PnL for P-20240410-151500-001-140722251481704-1, no quotes for BTCUSDT-PERP.BINANCE[0m
[1m2024-04-10T16:01:20.000000000Z[0m [1;33m[WARN] TRADER-001.nautilus_common::cache: Cannot calculate unrealized PnL for P-20240410-151500-001-140722251481704-1, no quotes for BTCUSDT-PERP.BINANCE[0m
[1m2024-04-10T16:01:30.000000000Z[0m [1;33m[WARN] TRADER-001.nautilus_common::cache: Cannot calculate unrealized PnL for P-20240410-151500-001-140722251481704-1, no quotes for BTCUSDT-PERP.BINANCE[0m
[1m2024-04-10T16:01:40.000000000Z[0m [1;33m[WARN] TRADER-001.nautilus_common::cache: Cannot calculate unrealized PnL for P-20240410-151500-001-140722251481704-1, no quotes for BTCUSDT-PERP.BINANCE[0m
[1m2024-04-10T16:01:50.000000000Z[0m [1;33m[WARN] TRADER-001.nautilus_common::cache: Cannot calculate unrealized PnL for P-20240410-151500-001-140722251481704-1, no quotes for BTCUSDT-PERP.BINANCE[0m
[1m2024-04-10T16:01:59.999000000Z[0m [1;33m[WARN] TRADER-001.nautilus_common::cache: Cannot calculate unrealized PnL for P-20240410-151500-001-140722251481704-1, no quotes for BTCUSDT-PERP.BINANCE[0m
[1m2024-04-10T16:02:00.000000000Z[0m [1;33m[WARN] TRADER-001.nautilus_common::cache: Cannot calculate unrealized PnL for P-20240410-151500-001-140722251481704-1, no quotes for BTCUSDT-PERP.BINANCE[0m
[1m2024-04-10T16:02:10.000000000Z[0m [1;33m[WARN] TRADER-001.nautilus_common::cache: Cannot calculate unrealized PnL for P-20240410-151500-001-140722251481704-1, no quotes for BTCUSDT-PERP.BINANCE[0m
[1m2024-04-10T16:02:20.000000000Z[0m [1;33m[WARN] TRADER-001.nautilus_common::cache: Cannot calculate unrealized PnL for P-20240410-151500-001-140722251481704-1, no quotes for BTCUSDT-PERP.BINANCE[0m
[1m2024-04-10T16:02:30.000000000Z[0m [1;33m[WARN] TRADER-001.nautilus_common::cache: Cannot calculate unrealized PnL for P-20240410-151500-001-140722251481704-1, no quotes for BTCUSDT-PERP.BINANCE[0m
[1m2024-04-10T16:02:40.000000000Z[0m [1;33m[WARN] TRADER-001.nautilus_common::cache: Cannot calculate unrealized PnL for P-20240410-151500-001-140722251481704-1, no quotes for BTCUSDT-PERP.BINANCE[0m
[1m2024-04-10T16:02:50.000000000Z[0m [1;33m[WARN] TRADER-001.nautilus_common::cache: Cannot calculate unrealized PnL for P-20240410-151500-001-140722251481704-1, no quotes for BTCUSDT-PERP.BINANCE[0m
[1m2024-04-10T16:02:59.999000000Z[0m [1;33m[WARN] TRADER-001.nautilus_common::cache: Cannot calculate unrealized PnL for P-20240410-151500-001-140722251481704-1, no quotes for BTCUSDT-PERP.BINANCE[0m
[1m2024-04-10T16:03:00.000000000Z[0m [1;33m[WARN] TRADER-001.nautilus_common::cache: Cannot calculate unrealized PnL for P-20240410-151500-001-140722251481704-1, no quotes for BTCUSDT-PERP.BINANCE[0m
[1m2024-04-10T16:03:10.000000000Z[0m [1;33m[WARN] TRADER-001.nautilus_common::cache: Cannot calculate unrealized PnL for P-20240410-151500-001-140722251481704-1, no quotes for BTCUSDT-PERP.BINANCE[0m
[1m2024-04-10T16:03:20.000000000Z[0m [1;33m[WARN] TRADER-001.nautilus_common::cache: Cannot calculate unrealized PnL for P-20240410-151500-001-140722251481704-1, no quotes for BTCUSDT-PERP.BINANCE[0m
[1m2024-04-10T16:03:30.000000000Z[0m [1;33m[WARN] TRADER-001.nautilus_common::cache: Cannot calculate unrealized PnL for P-20240410-151500-001-140722251481704-1, no quotes for BTCUSDT-PERP.BINANCE[0m
[1m2024-04-10T16:03:40.000000000Z[0m [1;33m[WARN] TRADER-001.nautilus_common::cache: Cannot calculate unrealized PnL for P-20240410-151500-001-140722251481704-1, no quotes for BTCUSDT-PERP.BINANCE[0m
[1m2024-04-10T16:03:50.000000000Z[0m [1;33m[WARN] TRADER-001.nautilus_common::cache: Cannot calculate unrealized PnL for P-20240410-151500-001-140722251481704-1, no quotes for BTCUSDT-PERP.BINANCE[0m
[1m2024-04-10T16:03:59.999000000Z[0m [1;33m[WARN] TRADER-001.nautilus_common::cache: Cannot calculate unrealized PnL for P-20240410-151500-001-140722251481704-1, no quotes for BTCUSDT-PERP.BINANCE[0m
[1m2024-04-10T16:04:00.000000000Z[0m [1;33m[WARN] TRADER-001.nautilus_common::cache: Cannot calculate unrealized PnL for P-20240410-151500-001-140722251481704-1, no quotes for BTCUSDT-PERP.BINANCE[0m
[1m2024-04-10T16:04:10.000000000Z[0m [1;33m[WARN] TRADER-001.nautilus_common::cache: Cannot calculate unrealized PnL for P-20240410-151500-001-140722251481704-1, no quotes for BTCUSDT-PERP.BINANCE[0m
[1m2024-04-10T16:04:20.000000000Z[0m [1;33m[WARN] TRADER-001.nautilus_common::cache: Cannot calculate unrealized PnL for P-20240410-151500-001-140722251481704-1, no quotes for BTCUSDT-PERP.BINANCE[0m
[1m2024-04-10T16:04:30.000000000Z[0m [1;33m[WARN] TRADER-001.nautilus_common::cache: Cannot calculate unrealized PnL for P-20240410-151500-001-140722251481704-1, no quotes for BTCUSDT-PERP.BINANCE[0m
[1m2024-04-10T16:04:40.000000000Z[0m [1;33m[WARN] TRADER-001.nautilus_common::cache: Cannot calculate unrealized PnL for P-20240410-151500-001-140722251481704-1, no quotes for BTCUSDT-PERP.BINANCE[0m
[1m2024-04-10T16:04:50.000000000Z[0m [1;33m[WARN] TRADER-001.nautilus_common::cache: Cannot calculate unrealized PnL for P-20240410-151500-001-140722251481704-1, no quotes for BTCUSDT-PERP.BINANCE[0m
[1m2024-04-10T16:04:59.999000000Z[0m [1;33m[WARN] TRADER-001.nautilus_common::cache: Cannot calculate unrealized PnL for P-20240410-151500-001-140722251481704-1, no quotes for BTCUSDT-PERP.BINANCE[0m
[1m2024-04-10T16:05:00.000000000Z[0m [1;33m[WARN] TRADER-001.nautilus_common::cache: Cannot calculate unrealized PnL for P-20240410-151500-001-140722251481704-1, no quotes for BTCUSDT-PERP.BINANCE[0m
[1m2024-04-10T16:05:10.000000000Z[0m [1;33m[WARN] TRADER-001.nautilus_common::cache: Cannot calculate unrealized PnL for P-20240410-151500-001-140722251481704-1, no quotes for BTCUSDT-PERP.BINANCE[0m
[1m2024-04-10T16:05:20.000000000Z[0m [1;33m[WARN] TRADER-001.nautilus_common::cache: Cannot calculate unrealized PnL for P-20240410-151500-001-140722251481704-1, no quotes for BTCUSDT-PERP.BINANCE[0m
[1m2024-04-10T16:05:30.000000000Z[0m [1;33m[WARN] TRADER-001.nautilus_common::cache: Cannot calculate unrealized PnL for P-20240410-151500-001-140722251481704-1, no quotes for BTCUSDT-PERP.BINANCE[0m
[1m2024-04-10T16:05:40.000000000Z[0m [1;33m[WARN] TRADER-001.nautilus_common::cache: Cannot calculate unrealized PnL for P-20240410-151500-001-140722251481704-1, no quotes for BTCUSDT-PERP.BINANCE[0m
[1m2024-04-10T16:05:50.000000000Z[0m [1;33m[WARN] TRADER-001.nautilus_common::cache: Cannot calculate unrealized PnL for P-20240410-151500-001-140722251481704-1, no quotes for BTCUSDT-PERP.BINANCE[0m
[1m2024-04-10T16:05:59.999000000Z[0m [1;33m[WARN] TRADER-001.nautilus_common::cache: Cannot calculate unrealized PnL for P-20240410-151500-001-140722251481704-1, no quotes for BTCUSDT-PERP.BINANCE[0m
[1m2024-04-10T16:06:00.000000000Z[0m [1;33m[WARN] TRADER-001.nautilus_common::cache: Cannot calculate unrealized PnL for P-20240410-151500-001-140722251481704-1, no quotes for BTCUSDT-PERP.BINANCE[0m
[1m2024-04-10T16:06:10.000000000Z[0m [1;33m[WARN] TRADER-001.nautilus_common::cache: Cannot calculate unrealized PnL for P-20240410-151500-001-140722251481704-1, no quotes for BTCUSDT-PERP.BINANCE[0m
[1m2024-04-10T16:06:20.000000000Z[0m [1;33m[WARN] TRADER-001.nautilus_common::cache: Cannot calculate unrealized PnL for P-20240410-151500-001-140722251481704-1, no quotes for BTCUSDT-PERP.BINANCE[0m
[1m2024-04-10T16:06:30.000000000Z[0m [1;33m[WARN] TRADER-001.nautilus_common::cache: Cannot calculate unrealized PnL for P-20240410-151500-001-140722251481704-1, no quotes for BTCUSDT-PERP.BINANCE[0m
[1m2024-04-10T16:06:40.000000000Z[0m [1;33m[WARN] TRADER-001.nautilus_common::cache: Cannot calculate unrealized PnL for P-20240410-151500-001-140722251481704-1, no quotes for BTCUSDT-PERP.BINANCE[0m
[1m2024-04-10T16:06:50.000000000Z[0m [1;33m[WARN] TRADER-001.nautilus_common::cache: Cannot calculate unrealized PnL for P-20240410-151500-001-140722251481704-1, no quotes for BTCUSDT-PERP.BINANCE[0m
[1m2024-04-10T16:06:59.999000000Z[0m [1;33m[WARN] TRADER-001.nautilus_common::cache: Cannot calculate unrealized PnL for P-20240410-151500-001-140722251481704-1, no quotes for BTCUSDT-PERP.BINANCE[0m
[1m2024-04-10T16:07:00.000000000Z[0m [1;33m[WARN] TRADER-001.nautilus_common::cache: Cannot calculate unrealized PnL for P-20240410-151500-001-140722251481704-1, no quotes for BTCUSDT-PERP.BINANCE[0m
[1m2024-04-10T16:07:10.000000000Z[0m [1;33m[WARN] TRADER-001.nautilus_common::cache: Cannot calculate unrealized PnL for P-20240410-151500-001-140722251481704-1, no quotes for BTCUSDT-PERP.BINANCE[0m
[1m2024-04-10T16:07:20.000000000Z[0m [1;33m[WARN] TRADER-001.nautilus_common::cache: Cannot calculate unrealized PnL for P-20240410-151500-001-140722251481704-1, no quotes for BTCUSDT-PERP.BINANCE[0m
[1m2024-04-10T16:07:30.000000000Z[0m [1;33m[WARN] TRADER-001.nautilus_common::cache: Cannot calculate unrealized PnL for P-20240410-151500-001-140722251481704-1, no quotes for BTCUSDT-PERP.BINANCE[0m
[1m2024-04-10T16:07:40.000000000Z[0m [1;33m[WARN] TRADER-001.nautilus_common::cache: Cannot calculate unrealized PnL for P-20240410-151500-001-140722251481704-1, no quotes for BTCUSDT-PERP.BINANCE[0m
[1m2024-04-10T16:07:50.000000000Z[0m [1;33m[WARN] TRADER-001.nautilus_common::cache: Cannot calculate unrealized PnL for P-20240410-151500-001-140722251481704-1, no quotes for BTCUSDT-PERP.BINANCE[0m
[1m2024-04-10T16:07:59.999000000Z[0m [1;33m[WARN] TRADER-001.nautilus_common::cache: Cannot calculate unrealized PnL for P-20240410-151500-001-140722251481704-1, no quotes for BTCUSDT-PERP.BINANCE[0m
[1m2024-04-10T16:08:00.000000000Z[0m [1;33m[WARN] TRADER-001.nautilus_common::cache: Cannot calculate unrealized PnL for P-20240410-151500-001-140722251481704-1, no quotes for BTCUSDT-PERP.BINANCE[0m
[1m2024-04-10T16:08:10.000000000Z[0m [1;33m[WARN] TRADER-001.nautilus_common::cache: Cannot calculate unrealized PnL for P-20240410-151500-001-140722251481704-1, no quotes for BTCUSDT-PERP.BINANCE[0m
[1m2024-04-10T16:08:20.000000000Z[0m [1;33m[WARN] TRADER-001.nautilus_common::cache: Cannot calculate unrealized PnL for P-20240410-151500-001-140722251481704-1, no quotes for BTCUSDT-PERP.BINANCE[0m
[1m2024-04-10T16:08:30.000000000Z[0m [1;33m[WARN] TRADER-001.nautilus_common::cache: Cannot calculate unrealized PnL for P-20240410-151500-001-140722251481704-1, no quotes for BTCUSDT-PERP.BINANCE[0m
[1m2024-04-10T16:08:40.000000000Z[0m [1;33m[WARN] TRADER-001.nautilus_common::cache: Cannot calculate unrealized PnL for P-20240410-151500-001-140722251481704-1, no quotes for BTCUSDT-PERP.BINANCE[0m
[1m2024-04-10T16:08:50.000000000Z[0m [1;33m[WARN] TRADER-001.nautilus_common::cache: Cannot calculate unrealized PnL for P-20240410-151500-001-140722251481704-1, no quotes for BTCUSDT-PERP.BINANCE[0m
[1m2024-04-10T16:08:59.999000000Z[0m [1;33m[WARN] TRADER-001.nautilus_common::cache: Cannot calculate unrealized PnL for P-20240410-151500-001-140722251481704-1, no quotes for BTCUSDT-PERP.BINANCE[0m
[1m2024-04-10T16:09:00.000000000Z[0m [1;33m[WARN] TRADER-001.nautilus_common::cache: Cannot calculate unrealized PnL for P-20240410-151500-001-140722251481704-1, no quotes for BTCUSDT-PERP.BINANCE[0m
[1m2024-04-10T16:09:10.000000000Z[0m [1;33m[WARN] TRADER-001.nautilus_common::cache: Cannot calculate unrealized PnL for P-20240410-151500-001-140722251481704-1, no quotes for BTCUSDT-PERP.BINANCE[0m
[1m2024-04-10T16:09:20.000000000Z[0m [1;33m[WARN] TRADER-001.nautilus_common::cache: Cannot calculate unrealized PnL for P-20240410-151500-001-140722251481704-1, no quotes for BTCUSDT-PERP.BINANCE[0m
[1m2024-04-10T16:09:30.000000000Z[0m [1;33m[WARN] TRADER-001.nautilus_common::cache: Cannot calculate unrealized PnL for P-20240410-151500-001-140722251481704-1, no quotes for BTCUSDT-PERP.BINANCE[0m
[1m2024-04-10T16:09:40.000000000Z[0m [1;33m[WARN] TRADER-001.nautilus_common::cache: Cannot calculate unrealized PnL for P-20240410-151500-001-140722251481704-1, no quotes for BTCUSDT-PERP.BINANCE[0m
[1m2024-04-10T16:09:50.000000000Z[0m [1;33m[WARN] TRADER-001.nautilus_common::cache: Cannot calculate unrealized PnL for P-20240410-151500-001-140722251481704-1, no quotes for BTCUSDT-PERP.BINANCE[0m
[1m2024-04-10T16:09:59.999000000Z[0m [1;33m[WARN] TRADER-001.nautilus_common::cache: Cannot calculate unrealized PnL for P-20240410-151500-001-140722251481704-1, no quotes for BTCUSDT-PERP.BINANCE[0m
[1m2024-04-10T16:10:00.000000000Z[0m [1;33m[WARN] TRADER-001.nautilus_common::cache: Cannot calculate unrealized PnL for P-20240410-151500-001-140722251481704-1, no quotes for BTCUSDT-PERP.BINANCE[0m
[1m2024-04-10T16:10:10.000000000Z[0m [1;33m[WARN] TRADER-001.nautilus_common::cache: Cannot calculate unrealized PnL for P-20240410-151500-001-140722251481704-1, no quotes for BTCUSDT-PERP.BINANCE[0m
[1m2024-04-10T16:10:20.000000000Z[0m [1;33m[WARN] TRADER-001.nautilus_common::cache: Cannot calculate unrealized PnL for P-20240410-151500-001-140722251481704-1, no quotes for BTCUSDT-PERP.BINANCE[0m
[1m2024-04-10T16:10:30.000000000Z[0m [1;33m[WARN] TRADER-001.nautilus_common::cache: Cannot calculate unrealized PnL for P-20240410-151500-001-140722251481704-1, no quotes for BTCUSDT-PERP.BINANCE[0m
[1m2024-04-10T16:10:40.000000000Z[0m [1;33m[WARN] TRADER-001.nautilus_common::cache: Cannot calculate unrealized PnL for P-20240410-151500-001-140722251481704-1, no quotes for BTCUSDT-PERP.BINANCE[0m
[1m2024-04-10T16:10:50.000000000Z[0m [1;33m[WARN] TRADER-001.nautilus_common::cache: Cannot calculate unrealized PnL for P-20240410-151500-001-140722251481704-1, no quotes for BTCUSDT-PERP.BINANCE[0m
[1m2024-04-10T16:10:59.999000000Z[0m [1;33m[WARN] TRADER-001.nautilus_common::cache: Cannot calculate unrealized PnL for P-20240410-151500-001-140722251481704-1, no quotes for BTCUSDT-PERP.BINANCE[0m
[1m2024-04-10T16:11:00.000000000Z[0m [1;33m[WARN] TRADER-001.nautilus_common::cache: Cannot calculate unrealized PnL for P-20240410-151500-001-140722251481704-1, no quotes for BTCUSDT-PERP.BINANCE[0m
[1m2024-04-10T16:11:10.000000000Z[0m [1;33m[WARN] TRADER-001.nautilus_common::cache: Cannot calculate unrealized PnL for P-20240410-151500-001-140722251481704-1, no quotes for BTCUSDT-PERP.BINANCE[0m
[1m2024-04-10T16:11:20.000000000Z[0m [1;33m[WARN] TRADER-001.nautilus_common::cache: Cannot calculate unrealized PnL for P-20240410-151500-001-140722251481704-1, no quotes for BTCUSDT-PERP.BINANCE[0m
[1m2024-04-10T16:11:30.000000000Z[0m [1;33m[WARN] TRADER-001.nautilus_common::cache: Cannot calculate unrealized PnL for P-20240410-151500-001-140722251481704-1, no quotes for BTCUSDT-PERP.BINANCE[0m
[1m2024-04-10T16:11:40.000000000Z[0m [1;33m[WARN] TRADER-001.nautilus_common::cache: Cannot calculate unrealized PnL for P-20240410-151500-001-140722251481704-1, no quotes for BTCUSDT-PERP.BINANCE[0m
[1m2024-04-10T16:11:50.000000000Z[0m [1;33m[WARN] TRADER-001.nautilus_common::cache: Cannot calculate unrealized PnL for P-20240410-151500-001-140722251481704-1, no quotes for BTCUSDT-PERP.BINANCE[0m
[1m2024-04-10T16:11:59.999000000Z[0m [1;33m[WARN] TRADER-001.nautilus_common::cache: Cannot calculate unrealized PnL for P-20240410-151500-001-140722251481704-1, no quotes for BTCUSDT-PERP.BINANCE[0m
[1m2024-04-10T16:12:00.000000000Z[0m [1;33m[WARN] TRADER-001.nautilus_common::cache: Cannot calculate unrealized PnL for P-20240410-151500-001-140722251481704-1, no quotes for BTCUSDT-PERP.BINANCE[0m
[1m2024-04-10T16:12:10.000000000Z[0m [1;33m[WARN] TRADER-001.nautilus_common::cache: Cannot calculate unrealized PnL for P-20240410-151500-001-140722251481704-1, no quotes for BTCUSDT-PERP.BINANCE[0m
[1m2024-04-10T16:12:20.000000000Z[0m [1;33m[WARN] TRADER-001.nautilus_common::cache: Cannot calculate unrealized PnL for P-20240410-151500-001-140722251481704-1, no quotes for BTCUSDT-PERP.BINANCE[0m
[1m2024-04-10T16:12:30.000000000Z[0m [1;33m[WARN] TRADER-001.nautilus_common::cache: Cannot calculate unrealized PnL for P-20240410-151500-001-140722251481704-1, no quotes for BTCUSDT-PERP.BINANCE[0m
[1m2024-04-10T16:12:40.000000000Z[0m [1;33m[WARN] TRADER-001.nautilus_common::cache: Cannot calculate unrealized PnL for P-20240410-151500-001-140722251481704-1, no quotes for BTCUSDT-PERP.BINANCE[0m
[1m2024-04-10T16:12:50.000000000Z[0m [1;33m[WARN] TRADER-001.nautilus_common::cache: Cannot calculate unrealized PnL for P-20240410-151500-001-140722251481704-1, no quotes for BTCUSDT-PERP.BINANCE[0m
[1m2024-04-10T16:12:59.999000000Z[0m [1;33m[WARN] TRADER-001.nautilus_common::cache: Cannot calculate unrealized PnL for P-20240410-151500-001-140722251481704-1, no quotes for BTCUSDT-PERP.BINANCE[0m
[1m2024-04-10T16:13:00.000000000Z[0m [1;33m[WARN] TRADER-001.nautilus_common::cache: Cannot calculate unrealized PnL for P-20240410-151500-001-140722251481704-1, no quotes for BTCUSDT-PERP.BINANCE[0m
[1m2024-04-10T16:13:10.000000000Z[0m [1;33m[WARN] TRADER-001.nautilus_common::cache: Cannot calculate unrealized PnL for P-20240410-151500-001-140722251481704-1, no quotes for BTCUSDT-PERP.BINANCE[0m
[1m2024-04-10T16:13:20.000000000Z[0m [1;33m[WARN] TRADER-001.nautilus_common::cache: Cannot calculate unrealized PnL for P-20240410-151500-001-140722251481704-1, no quotes for BTCUSDT-PERP.BINANCE[0m
[1m2024-04-10T16:13:30.000000000Z[0m [1;33m[WARN] TRADER-001.nautilus_common::cache: Cannot calculate unrealized PnL for P-20240410-151500-001-140722251481704-1, no quotes for BTCUSDT-PERP.BINANCE[0m
[1m2024-04-10T16:13:40.000000000Z[0m [1;33m[WARN] TRADER-001.nautilus_common::cache: Cannot calculate unrealized PnL for P-20240410-151500-001-140722251481704-1, no quotes for BTCUSDT-PERP.BINANCE[0m
[1m2024-04-10T16:13:50.000000000Z[0m [1;33m[WARN] TRADER-001.nautilus_common::cache: Cannot calculate unrealized PnL for P-20240410-151500-001-140722251481704-1, no quotes for BTCUSDT-PERP.BINANCE[0m
[1m2024-04-10T16:13:59.999000000Z[0m [1;33m[WARN] TRADER-001.nautilus_common::cache: Cannot calculate unrealized PnL for P-20240410-151500-001-140722251481704-1, no quotes for BTCUSDT-PERP.BINANCE[0m
[1m2024-04-10T16:14:00.000000000Z[0m [1;33m[WARN] TRADER-001.nautilus_common::cache: Cannot calculate unrealized PnL for P-20240410-151500-001-140722251481704-1, no quotes for BTCUSDT-PERP.BINANCE[0m
[1m2024-04-10T16:14:10.000000000Z[0m [1;33m[WARN] TRADER-001.nautilus_common::cache: Cannot calculate unrealized PnL for P-20240410-151500-001-140722251481704-1, no quotes for BTCUSDT-PERP.BINANCE[0m
[1m2024-04-10T16:14:20.000000000Z[0m [1;33m[WARN] TRADER-001.nautilus_common::cache: Cannot calculate unrealized PnL for P-20240410-151500-001-140722251481704-1, no quotes for BTCUSDT-PERP.BINANCE[0m
[1m2024-04-10T16:14:30.000000000Z[0m [1;33m[WARN] TRADER-001.nautilus_common::cache: Cannot calculate unrealized PnL for P-20240410-151500-001-140722251481704-1, no quotes for BTCUSDT-PERP.BINANCE[0m
[1m2024-04-10T16:14:40.000000000Z[0m [1;33m[WARN] TRADER-001.nautilus_common::cache: Cannot calculate unrealized PnL for P-20240410-151500-001-140722251481704-1, no quotes for BTCUSDT-PERP.BINANCE[0m
[1m2024-04-10T16:14:50.000000000Z[0m [1;33m[WARN] TRADER-001.nautilus_common::cache: Cannot calculate unrealized PnL for P-20240410-151500-001-140722251481704-1, no quotes for BTCUSDT-PERP.BINANCE[0m
[1m2024-04-10T16:14:59.999000000Z[0m [1;33m[WARN] TRADER-001.nautilus_common::cache: Cannot calculate unrealized PnL for P-20240410-151500-001-140722251481704-1, no quotes for BTCUSDT-PERP.BINANCE[0m
[1m2024-04-10T16:15:00.000000000Z[0m [1;33m[WARN] TRADER-001.nautilus_common::cache: Cannot calculate unrealized PnL for P-20240410-151500-001-140722251481704-1, no quotes for BTCUSDT-PERP.BINANCE[0m
[1m2024-04-10T16:15:10.000000000Z[0m [1;33m[WARN] TRADER-001.nautilus_common::cache: Cannot calculate unrealized PnL for P-20240410-151500-001-140722251481704-1, no quotes for BTCUSDT-PERP.BINANCE[0m
[1m2024-04-10T16:15:20.000000000Z[0m [1;33m[WARN] TRADER-001.nautilus_common::cache: Cannot calculate unrealized PnL for P-20240410-151500-001-140722251481704-1, no quotes for BTCUSDT-PERP.BINANCE[0m
[1m2024-04-10T16:15:30.000000000Z[0m [1;33m[WARN] TRADER-001.nautilus_common::cache: Cannot calculate unrealized PnL for P-20240410-151500-001-140722251481704-1, no quotes for BTCUSDT-PERP.BINANCE[0m
[1m2024-04-10T16:15:40.000000000Z[0m [1;33m[WARN] TRADER-001.nautilus_common::cache: Cannot calculate unrealized PnL for P-20240410-151500-001-140722251481704-1, no quotes for BTCUSDT-PERP.BINANCE[0m
[1m2024-04-10T16:15:50.000000000Z[0m [1;33m[WARN] TRADER-001.nautilus_common::cache: Cannot calculate unrealized PnL for P-20240410-151500-001-140722251481704-1, no quotes for BTCUSDT-PERP.BINANCE[0m
[1m2024-04-10T16:15:59.999000000Z[0m [1;33m[WARN] TRADER-001.nautilus_common::cache: Cannot calculate unrealized PnL for P-20240410-151500-001-140722251481704-1, no quotes for BTCUSDT-PERP.BINANCE[0m
[1m2024-04-10T16:16:00.000000000Z[0m [1;33m[WARN] TRADER-001.nautilus_common::cache: Cannot calculate unrealized PnL for P-20240410-151500-001-140722251481704-1, no quotes for BTCUSDT-PERP.BINANCE[0m
[1m2024-04-10T16:16:10.000000000Z[0m [1;33m[WARN] TRADER-001.nautilus_common::cache: Cannot calculate unrealized PnL for P-20240410-151500-001-140722251481704-1, no quotes for BTCUSDT-PERP.BINANCE[0m
[1m2024-04-10T16:16:20.000000000Z[0m [1;33m[WARN] TRADER-001.nautilus_common::cache: Cannot calculate unrealized PnL for P-20240410-151500-001-140722251481704-1, no quotes for BTCUSDT-PERP.BINANCE[0m
[1m2024-04-10T16:16:30.000000000Z[0m [1;33m[WARN] TRADER-001.nautilus_common::cache: Cannot calculate unrealized PnL for P-20240410-151500-001-140722251481704-1, no quotes for BTCUSDT-PERP.BINANCE[0m
[1m2024-04-10T16:16:40.000000000Z[0m [1;33m[WARN] TRADER-001.nautilus_common::cache: Cannot calculate unrealized PnL for P-20240410-151500-001-140722251481704-1, no quotes for BTCUSDT-PERP.BINANCE[0m
[1m2024-04-10T16:16:50.000000000Z[0m [1;33m[WARN] TRADER-001.nautilus_common::cache: Cannot calculate unrealized PnL for P-20240410-151500-001-140722251481704-1, no quotes for BTCUSDT-PERP.BINANCE[0m
[1m2024-04-10T16:16:59.999000000Z[0m [1;33m[WARN] TRADER-001.nautilus_common::cache: Cannot calculate unrealized PnL for P-20240410-151500-001-140722251481704-1, no quotes for BTCUSDT-PERP.BINANCE[0m
[1m2024-04-10T16:17:00.000000000Z[0m [1;33m[WARN] TRADER-001.nautilus_common::cache: Cannot calculate unrealized PnL for P-20240410-151500-001-140722251481704-1, no quotes for BTCUSDT-PERP.BINANCE[0m
[1m2024-04-10T16:17:10.000000000Z[0m [1;33m[WARN] TRADER-001.nautilus_common::cache: Cannot calculate unrealized PnL for P-20240410-151500-001-140722251481704-1, no quotes for BTCUSDT-PERP.BINANCE[0m
[1m2024-04-10T16:17:20.000000000Z[0m [1;33m[WARN] TRADER-001.nautilus_common::cache: Cannot calculate unrealized PnL for P-20240410-151500-001-140722251481704-1, no quotes for BTCUSDT-PERP.BINANCE[0m
[1m2024-04-10T16:17:30.000000000Z[0m [1;33m[WARN] TRADER-001.nautilus_common::cache: Cannot calculate unrealized PnL for P-20240410-151500-001-140722251481704-1, no quotes for BTCUSDT-PERP.BINANCE[0m
[1m2024-04-10T16:17:40.000000000Z[0m [1;33m[WARN] TRADER-001.nautilus_common::cache: Cannot calculate unrealized PnL for P-20240410-151500-001-140722251481704-1, no quotes for BTCUSDT-PERP.BINANCE[0m
[1m2024-04-10T16:17:50.000000000Z[0m [1;33m[WARN] TRADER-001.nautilus_common::cache: Cannot calculate unrealized PnL for P-20240410-151500-001-140722251481704-1, no quotes for BTCUSDT-PERP.BINANCE[0m
[1m2024-04-10T16:17:59.999000000Z[0m [1;33m[WARN] TRADER-001.nautilus_common::cache: Cannot calculate unrealized PnL for P-20240410-151500-001-140722251481704-1, no quotes for BTCUSDT-PERP.BINANCE[0m
[1m2024-04-10T16:18:00.000000000Z[0m [1;33m[WARN] TRADER-001.nautilus_common::cache: Cannot calculate unrealized PnL for P-20240410-151500-001-140722251481704-1, no quotes for BTCUSDT-PERP.BINANCE[0m
[1m2024-04-10T16:18:10.000000000Z[0m [1;33m[WARN] TRADER-001.nautilus_common::cache: Cannot calculate unrealized PnL for P-20240410-151500-001-140722251481704-1, no quotes for BTCUSDT-PERP.BINANCE[0m
[1m2024-04-10T16:18:20.000000000Z[0m [1;33m[WARN] TRADER-001.nautilus_common::cache: Cannot calculate unrealized PnL for P-20240410-151500-001-140722251481704-1, no quotes for BTCUSDT-PERP.BINANCE[0m
[1m2024-04-10T16:18:30.000000000Z[0m [1;33m[WARN] TRADER-001.nautilus_common::cache: Cannot calculate unrealized PnL for P-20240410-151500-001-140722251481704-1, no quotes for BTCUSDT-PERP.BINANCE[0m
[1m2024-04-10T16:18:40.000000000Z[0m [1;33m[WARN] TRADER-001.nautilus_common::cache: Cannot calculate unrealized PnL for P-20240410-151500-001-140722251481704-1, no quotes for BTCUSDT-PERP.BINANCE[0m
[1m2024-04-10T16:18:50.000000000Z[0m [1;33m[WARN] TRADER-001.nautilus_common::cache: Cannot calculate unrealized PnL for P-20240410-151500-001-140722251481704-1, no quotes for BTCUSDT-PERP.BINANCE[0m
[1m2024-04-10T16:18:59.999000000Z[0m [1;33m[WARN] TRADER-001.nautilus_common::cache: Cannot calculate unrealized PnL for P-20240410-151500-001-140722251481704-1, no quotes for BTCUSDT-PERP.BINANCE[0m
[1m2024-04-10T16:19:00.000000000Z[0m [1;33m[WARN] TRADER-001.nautilus_common::cache: Cannot calculate unrealized PnL for P-20240410-151500-001-140722251481704-1, no quotes for BTCUSDT-PERP.BINANCE[0m
[1m2024-04-10T16:19:10.000000000Z[0m [1;33m[WARN] TRADER-001.nautilus_common::cache: Cannot calculate unrealized PnL for P-20240410-151500-001-140722251481704-1, no quotes for BTCUSDT-PERP.BINANCE[0m
[1m2024-04-10T16:19:20.000000000Z[0m [1;33m[WARN] TRADER-001.nautilus_common::cache: Cannot calculate unrealized PnL for P-20240410-151500-001-140722251481704-1, no quotes for BTCUSDT-PERP.BINANCE[0m
[1m2024-04-10T16:19:30.000000000Z[0m [1;33m[WARN] TRADER-001.nautilus_common::cache: Cannot calculate unrealized PnL for P-20240410-151500-001-140722251481704-1, no quotes for BTCUSDT-PERP.BINANCE[0m
[1m2024-04-10T16:19:40.000000000Z[0m [1;33m[WARN] TRADER-001.nautilus_common::cache: Cannot calculate unrealized PnL for P-20240410-151500-001-140722251481704-1, no quotes for BTCUSDT-PERP.BINANCE[0m
[1m2024-04-10T16:19:50.000000000Z[0m [1;33m[WARN] TRADER-001.nautilus_common::cache: Cannot calculate unrealized PnL for P-20240410-151500-001-140722251481704-1, no quotes for BTCUSDT-PERP.BINANCE[0m
[1m2024-04-10T16:19:59.999000000Z[0m [1;33m[WARN] TRADER-001.nautilus_common::cache: Cannot calculate unrealized PnL for P-20240410-151500-001-140722251481704-1, no quotes for BTCUSDT-PERP.BINANCE[0m
[1m2024-04-10T16:20:00.000000000Z[0m [1;33m[WARN] TRADER-001.nautilus_common::cache: Cannot calculate unrealized PnL for P-20240410-151500-001-140722251481704-1, no quotes for BTCUSDT-PERP.BINANCE[0m
[1m2024-04-10T16:20:10.000000000Z[0m [1;33m[WARN] TRADER-001.nautilus_common::cache: Cannot calculate unrealized PnL for P-20240410-151500-001-140722251481704-1, no quotes for BTCUSDT-PERP.BINANCE[0m
[1m2024-04-10T16:20:20.000000000Z[0m [1;33m[WARN] TRADER-001.nautilus_common::cache: Cannot calculate unrealized PnL for P-20240410-151500-001-140722251481704-1, no quotes for BTCUSDT-PERP.BINANCE[0m
[1m2024-04-10T16:20:30.000000000Z[0m [1;33m[WARN] TRADER-001.nautilus_common::cache: Cannot calculate unrealized PnL for P-20240410-151500-001-140722251481704-1, no quotes for BTCUSDT-PERP.BINANCE[0m
[1m2024-04-10T16:20:40.000000000Z[0m [1;33m[WARN] TRADER-001.nautilus_common::cache: Cannot calculate unrealized PnL for P-20240410-151500-001-140722251481704-1, no quotes for BTCUSDT-PERP.BINANCE[0m
[1m2024-04-10T16:20:50.000000000Z[0m [1;33m[WARN] TRADER-001.nautilus_common::cache: Cannot calculate unrealized PnL for P-20240410-151500-001-140722251481704-1, no quotes for BTCUSDT-PERP.BINANCE[0m
[1m2024-04-10T16:20:59.999000000Z[0m [1;33m[WARN] TRADER-001.nautilus_common::cache: Cannot calculate unrealized PnL for P-20240410-151500-001-140722251481704-1, no quotes for BTCUSDT-PERP.BINANCE[0m
[1m2024-04-10T16:21:00.000000000Z[0m [1;33m[WARN] TRADER-001.nautilus_common::cache: Cannot calculate unrealized PnL for P-20240410-151500-001-140722251481704-1, no quotes for BTCUSDT-PERP.BINANCE[0m
[1m2024-04-10T16:21:10.000000000Z[0m [1;33m[WARN] TRADER-001.nautilus_common::cache: Cannot calculate unrealized PnL for P-20240410-151500-001-140722251481704-1, no quotes for BTCUSDT-PERP.BINANCE[0m
[1m2024-04-10T16:21:20.000000000Z[0m [1;33m[WARN] TRADER-001.nautilus_common::cache: Cannot calculate unrealized PnL for P-20240410-151500-001-140722251481704-1, no quotes for BTCUSDT-PERP.BINANCE[0m
[1m2024-04-10T16:21:30.000000000Z[0m [1;33m[WARN] TRADER-001.nautilus_common::cache: Cannot calculate unrealized PnL for P-20240410-151500-001-140722251481704-1, no quotes for BTCUSDT-PERP.BINANCE[0m
[1m2024-04-10T16:21:40.000000000Z[0m [1;33m[WARN] TRADER-001.nautilus_common::cache: Cannot calculate unrealized PnL for P-20240410-151500-001-140722251481704-1, no quotes for BTCUSDT-PERP.BINANCE[0m
[1m2024-04-10T16:21:50.000000000Z[0m [1;33m[WARN] TRADER-001.nautilus_common::cache: Cannot calculate unrealized PnL for P-20240410-151500-001-140722251481704-1, no quotes for BTCUSDT-PERP.BINANCE[0m
[1m2024-04-10T16:21:59.999000000Z[0m [1;33m[WARN] TRADER-001.nautilus_common::cache: Cannot calculate unrealized PnL for P-20240410-151500-001-140722251481704-1, no quotes for BTCUSDT-PERP.BINANCE[0m
[1m2024-04-10T16:22:00.000000000Z[0m [1;33m[WARN] TRADER-001.nautilus_common::cache: Cannot calculate unrealized PnL for P-20240410-151500-001-140722251481704-1, no quotes for BTCUSDT-PERP.BINANCE[0m
[1m2024-04-10T16:22:10.000000000Z[0m [1;33m[WARN] TRADER-001.nautilus_common::cache: Cannot calculate unrealized PnL for P-20240410-151500-001-140722251481704-1, no quotes for BTCUSDT-PERP.BINANCE[0m
[1m2024-04-10T16:22:20.000000000Z[0m [1;33m[WARN] TRADER-001.nautilus_common::cache: Cannot calculate unrealized PnL for P-20240410-151500-001-140722251481704-1, no quotes for BTCUSDT-PERP.BINANCE[0m
[1m2024-04-10T16:22:30.000000000Z[0m [1;33m[WARN] TRADER-001.nautilus_common::cache: Cannot calculate unrealized PnL for P-20240410-151500-001-140722251481704-1, no quotes for BTCUSDT-PERP.BINANCE[0m
[1m2024-04-10T16:22:40.000000000Z[0m [1;33m[WARN] TRADER-001.nautilus_common::cache: Cannot calculate unrealized PnL for P-20240410-151500-001-140722251481704-1, no quotes for BTCUSDT-PERP.BINANCE[0m
[1m2024-04-10T16:22:50.000000000Z[0m [1;33m[WARN] TRADER-001.nautilus_common::cache: Cannot calculate unrealized PnL for P-20240410-151500-001-140722251481704-1, no quotes for BTCUSDT-PERP.BINANCE[0m
[1m2024-04-10T16:22:59.999000000Z[0m [1;33m[WARN] TRADER-001.nautilus_common::cache: Cannot calculate unrealized PnL for P-20240410-151500-001-140722251481704-1, no quotes for BTCUSDT-PERP.BINANCE[0m
[1m2024-04-10T16:23:00.000000000Z[0m [1;33m[WARN] TRADER-001.nautilus_common::cache: Cannot calculate unrealized PnL for P-20240410-151500-001-140722251481704-1, no quotes for BTCUSDT-PERP.BINANCE[0m
[1m2024-04-10T16:23:10.000000000Z[0m [1;33m[WARN] TRADER-001.nautilus_common::cache: Cannot calculate unrealized PnL for P-20240410-151500-001-140722251481704-1, no quotes for BTCUSDT-PERP.BINANCE[0m
[1m2024-04-10T16:23:20.000000000Z[0m [1;33m[WARN] TRADER-001.nautilus_common::cache: Cannot calculate unrealized PnL for P-20240410-151500-001-140722251481704-1, no quotes for BTCUSDT-PERP.BINANCE[0m
[1m2024-04-10T16:23:30.000000000Z[0m [1;33m[WARN] TRADER-001.nautilus_common::cache: Cannot calculate unrealized PnL for P-20240410-151500-001-140722251481704-1, no quotes for BTCUSDT-PERP.BINANCE[0m
[1m2024-04-10T16:23:40.000000000Z[0m [1;33m[WARN] TRADER-001.nautilus_common::cache: Cannot calculate unrealized PnL for P-20240410-151500-001-140722251481704-1, no quotes for BTCUSDT-PERP.BINANCE[0m
[1m2024-04-10T16:23:50.000000000Z[0m [1;33m[WARN] TRADER-001.nautilus_common::cache: Cannot calculate unrealized PnL for P-20240410-151500-001-140722251481704-1, no quotes for BTCUSDT-PERP.BINANCE[0m
[1m2024-04-10T16:23:59.999000000Z[0m [1;33m[WARN] TRADER-001.nautilus_common::cache: Cannot calculate unrealized PnL for P-20240410-151500-001-140722251481704-1, no quotes for BTCUSDT-PERP.BINANCE[0m
[1m2024-04-10T16:24:00.000000000Z[0m [1;33m[WARN] TRADER-001.nautilus_common::cache: Cannot calculate unrealized PnL for P-20240410-151500-001-140722251481704-1, no quotes for BTCUSDT-PERP.BINANCE[0m
[1m2024-04-10T16:24:10.000000000Z[0m [1;33m[WARN] TRADER-001.nautilus_common::cache: Cannot calculate unrealized PnL for P-20240410-151500-001-140722251481704-1, no quotes for BTCUSDT-PERP.BINANCE[0m
[1m2024-04-10T16:24:20.000000000Z[0m [1;33m[WARN] TRADER-001.nautilus_common::cache: Cannot calculate unrealized PnL for P-20240410-151500-001-140722251481704-1, no quotes for BTCUSDT-PERP.BINANCE[0m
[1m2024-04-10T16:24:30.000000000Z[0m [1;33m[WARN] TRADER-001.nautilus_common::cache: Cannot calculate unrealized PnL for P-20240410-151500-001-140722251481704-1, no quotes for BTCUSDT-PERP.BINANCE[0m
[1m2024-04-10T16:24:40.000000000Z[0m [1;33m[WARN] TRADER-001.nautilus_common::cache: Cannot calculate unrealized PnL for P-20240410-151500-001-140722251481704-1, no quotes for BTCUSDT-PERP.BINANCE[0m
[1m2024-04-10T16:24:50.000000000Z[0m [1;33m[WARN] TRADER-001.nautilus_common::cache: Cannot calculate unrealized PnL for P-20240410-151500-001-140722251481704-1, no quotes for BTCUSDT-PERP.BINANCE[0m
[1m2024-04-10T16:24:59.999000000Z[0m [1;33m[WARN] TRADER-001.nautilus_common::cache: Cannot calculate unrealized PnL for P-20240410-151500-001-140722251481704-1, no quotes for BTCUSDT-PERP.BINANCE[0m
[1m2024-04-10T16:25:00.000000000Z[0m [1;33m[WARN] TRADER-001.nautilus_common::cache: Cannot calculate unrealized PnL for P-20240410-151500-001-140722251481704-1, no quotes for BTCUSDT-PERP.BINANCE[0m
[1m2024-04-10T16:25:10.000000000Z[0m [1;33m[WARN] TRADER-001.nautilus_common::cache: Cannot calculate unrealized PnL for P-20240410-151500-001-140722251481704-1, no quotes for BTCUSDT-PERP.BINANCE[0m
[1m2024-04-10T16:25:20.000000000Z[0m [1;33m[WARN] TRADER-001.nautilus_common::cache: Cannot calculate unrealized PnL for P-20240410-151500-001-140722251481704-1, no quotes for BTCUSDT-PERP.BINANCE[0m
[1m2024-04-10T16:25:30.000000000Z[0m [1;33m[WARN] TRADER-001.nautilus_common::cache: Cannot calculate unrealized PnL for P-20240410-151500-001-140722251481704-1, no quotes for BTCUSDT-PERP.BINANCE[0m
[1m2024-04-10T16:25:40.000000000Z[0m [1;33m[WARN] TRADER-001.nautilus_common::cache: Cannot calculate unrealized PnL for P-20240410-151500-001-140722251481704-1, no quotes for BTCUSDT-PERP.BINANCE[0m
[1m2024-04-10T16:25:50.000000000Z[0m [1;33m[WARN] TRADER-001.nautilus_common::cache: Cannot calculate unrealized PnL for P-20240410-151500-001-140722251481704-1, no quotes for BTCUSDT-PERP.BINANCE[0m
[1m2024-04-10T16:25:59.999000000Z[0m [1;33m[WARN] TRADER-001.nautilus_common::cache: Cannot calculate unrealized PnL for P-20240410-151500-001-140722251481704-1, no quotes for BTCUSDT-PERP.BINANCE[0m
[1m2024-04-10T16:26:00.000000000Z[0m [1;33m[WARN] TRADER-001.nautilus_common::cache: Cannot calculate unrealized PnL for P-20240410-151500-001-140722251481704-1, no quotes for BTCUSDT-PERP.BINANCE[0m
[1m2024-04-10T16:26:10.000000000Z[0m [1;33m[WARN] TRADER-001.nautilus_common::cache: Cannot calculate unrealized PnL for P-20240410-151500-001-140722251481704-1, no quotes for BTCUSDT-PERP.BINANCE[0m
[1m2024-04-10T16:26:20.000000000Z[0m [1;33m[WARN] TRADER-001.nautilus_common::cache: Cannot calculate unrealized PnL for P-20240410-151500-001-140722251481704-1, no quotes for BTCUSDT-PERP.BINANCE[0m
[1m2024-04-10T16:26:30.000000000Z[0m [1;33m[WARN] TRADER-001.nautilus_common::cache: Cannot calculate unrealized PnL for P-20240410-151500-001-140722251481704-1, no quotes for BTCUSDT-PERP.BINANCE[0m
[1m2024-04-10T16:26:40.000000000Z[0m [1;33m[WARN] TRADER-001.nautilus_common::cache: Cannot calculate unrealized PnL for P-20240410-151500-001-140722251481704-1, no quotes for BTCUSDT-PERP.BINANCE[0m
[1m2024-04-10T16:26:50.000000000Z[0m [1;33m[WARN] TRADER-001.nautilus_common::cache: Cannot calculate unrealized PnL for P-20240410-151500-001-140722251481704-1, no quotes for BTCUSDT-PERP.BINANCE[0m
[1m2024-04-10T16:26:59.999000000Z[0m [1;33m[WARN] TRADER-001.nautilus_common::cache: Cannot calculate unrealized PnL for P-20240410-151500-001-140722251481704-1, no quotes for BTCUSDT-PERP.BINANCE[0m
[1m2024-04-10T16:27:00.000000000Z[0m [1;33m[WARN] TRADER-001.nautilus_common::cache: Cannot calculate unrealized PnL for P-20240410-151500-001-140722251481704-1, no quotes for BTCUSDT-PERP.BINANCE[0m
[1m2024-04-10T16:27:10.000000000Z[0m [1;33m[WARN] TRADER-001.nautilus_common::cache: Cannot calculate unrealized PnL for P-20240410-151500-001-140722251481704-1, no quotes for BTCUSDT-PERP.BINANCE[0m
[1m2024-04-10T16:27:20.000000000Z[0m [1;33m[WARN] TRADER-001.nautilus_common::cache: Cannot calculate unrealized PnL for P-20240410-151500-001-140722251481704-1, no quotes for BTCUSDT-PERP.BINANCE[0m
[1m2024-04-10T16:27:30.000000000Z[0m [1;33m[WARN] TRADER-001.nautilus_common::cache: Cannot calculate unrealized PnL for P-20240410-151500-001-140722251481704-1, no quotes for BTCUSDT-PERP.BINANCE[0m
[1m2024-04-10T16:27:40.000000000Z[0m [1;33m[WARN] TRADER-001.nautilus_common::cache: Cannot calculate unrealized PnL for P-20240410-151500-001-140722251481704-1, no quotes for BTCUSDT-PERP.BINANCE[0m
[1m2024-04-10T16:27:50.000000000Z[0m [1;33m[WARN] TRADER-001.nautilus_common::cache: Cannot calculate unrealized PnL for P-20240410-151500-001-140722251481704-1, no quotes for BTCUSDT-PERP.BINANCE[0m
[1m2024-04-10T16:27:59.999000000Z[0m [1;33m[WARN] TRADER-001.nautilus_common::cache: Cannot calculate unrealized PnL for P-20240410-151500-001-140722251481704-1, no quotes for BTCUSDT-PERP.BINANCE[0m
[1m2024-04-10T16:28:00.000000000Z[0m [1;33m[WARN] TRADER-001.nautilus_common::cache: Cannot calculate unrealized PnL for P-20240410-151500-001-140722251481704-1, no quotes for BTCUSDT-PERP.BINANCE[0m
[1m2024-04-10T16:28:10.000000000Z[0m [1;33m[WARN] TRADER-001.nautilus_common::cache: Cannot calculate unrealized PnL for P-20240410-151500-001-140722251481704-1, no quotes for BTCUSDT-PERP.BINANCE[0m
[1m2024-04-10T16:28:20.000000000Z[0m [1;33m[WARN] TRADER-001.nautilus_common::cache: Cannot calculate unrealized PnL for P-20240410-151500-001-140722251481704-1, no quotes for BTCUSDT-PERP.BINANCE[0m
[1m2024-04-10T16:28:30.000000000Z[0m [1;33m[WARN] TRADER-001.nautilus_common::cache: Cannot calculate unrealized PnL for P-20240410-151500-001-140722251481704-1, no quotes for BTCUSDT-PERP.BINANCE[0m
[1m2024-04-10T16:28:40.000000000Z[0m [1;33m[WARN] TRADER-001.nautilus_common::cache: Cannot calculate unrealized PnL for P-20240410-151500-001-140722251481704-1, no quotes for BTCUSDT-PERP.BINANCE[0m
[1m2024-04-10T16:28:50.000000000Z[0m [1;33m[WARN] TRADER-001.nautilus_common::cache: Cannot calculate unrealized PnL for P-20240410-151500-001-140722251481704-1, no quotes for BTCUSDT-PERP.BINANCE[0m
[1m2024-04-10T16:28:59.999000000Z[0m [1;33m[WARN] TRADER-001.nautilus_common::cache: Cannot calculate unrealized PnL for P-20240410-151500-001-140722251481704-1, no quotes for BTCUSDT-PERP.BINANCE[0m
[1m2024-04-10T16:29:00.000000000Z[0m [1;33m[WARN] TRADER-001.nautilus_common::cache: Cannot calculate unrealized PnL for P-20240410-151500-001-140722251481704-1, no quotes for BTCUSDT-PERP.BINANCE[0m
[1m2024-04-10T16:29:10.000000000Z[0m [1;33m[WARN] TRADER-001.nautilus_common::cache: Cannot calculate unrealized PnL for P-20240410-151500-001-140722251481704-1, no quotes for BTCUSDT-PERP.BINANCE[0m
[1m2024-04-10T16:29:20.000000000Z[0m [1;33m[WARN] TRADER-001.nautilus_common::cache: Cannot calculate unrealized PnL for P-20240410-151500-001-140722251481704-1, no quotes for BTCUSDT-PERP.BINANCE[0m
[1m2024-04-10T16:29:30.000000000Z[0m [1;33m[WARN] TRADER-001.nautilus_common::cache: Cannot calculate unrealized PnL for P-20240410-151500-001-140722251481704-1, no quotes for BTCUSDT-PERP.BINANCE[0m
[1m2024-04-10T16:29:40.000000000Z[0m [1;33m[WARN] TRADER-001.nautilus_common::cache: Cannot calculate unrealized PnL for P-20240410-151500-001-140722251481704-1, no quotes for BTCUSDT-PERP.BINANCE[0m
[1m2024-04-10T16:29:50.000000000Z[0m [1;33m[WARN] TRADER-001.nautilus_common::cache: Cannot calculate unrealized PnL for P-20240410-151500-001-140722251481704-1, no quotes for BTCUSDT-PERP.BINANCE[0m
[1m2024-04-10T16:29:59.999000000Z[0m [1;33m[WARN] TRADER-001.nautilus_common::cache: Cannot calculate unrealized PnL for P-20240410-151500-001-140722251481704-1, no quotes for BTCUSDT-PERP.BINANCE[0m
[1m2024-04-10T16:30:00.000000000Z[0m [1;33m[WARN] TRADER-001.nautilus_common::cache: Cannot calculate unrealized PnL for P-20240410-151500-001-140722251481704-1, no quotes for BTCUSDT-PERP.BINANCE[0m
[1m2024-04-10T16:30:10.000000000Z[0m [1;33m[WARN] TRADER-001.nautilus_common::cache: Cannot calculate unrealized PnL for P-20240410-151500-001-140722251481704-1, no quotes for BTCUSDT-PERP.BINANCE[0m
[1m2024-04-10T16:30:20.000000000Z[0m [1;33m[WARN] TRADER-001.nautilus_common::cache: Cannot calculate unrealized PnL for P-20240410-151500-001-140722251481704-1, no quotes for BTCUSDT-PERP.BINANCE[0m
[1m2024-04-10T16:30:30.000000000Z[0m [1;33m[WARN] TRADER-001.nautilus_common::cache: Cannot calculate unrealized PnL for P-20240410-151500-001-140722251481704-1, no quotes for BTCUSDT-PERP.BINANCE[0m
[1m2024-04-10T16:30:40.000000000Z[0m [1;33m[WARN] TRADER-001.nautilus_common::cache: Cannot calculate unrealized PnL for P-20240410-151500-001-140722251481704-1, no quotes for BTCUSDT-PERP.BINANCE[0m
[1m2024-04-10T16:30:50.000000000Z[0m [1;33m[WARN] TRADER-001.nautilus_common::cache: Cannot calculate unrealized PnL for P-20240410-151500-001-140722251481704-1, no quotes for BTCUSDT-PERP.BINANCE[0m
[1m2024-04-10T16:30:59.999000000Z[0m [1;33m[WARN] TRADER-001.nautilus_common::cache: Cannot calculate unrealized PnL for P-20240410-151500-001-140722251481704-1, no quotes for BTCUSDT-PERP.BINANCE[0m
[1m2024-04-10T16:31:00.000000000Z[0m [1;33m[WARN] TRADER-001.nautilus_common::cache: Cannot calculate unrealized PnL for P-20240410-151500-001-140722251481704-1, no quotes for BTCUSDT-PERP.BINANCE[0m
[1m2024-04-10T16:31:10.000000000Z[0m [1;33m[WARN] TRADER-001.nautilus_common::cache: Cannot calculate unrealized PnL for P-20240410-151500-001-140722251481704-1, no quotes for BTCUSDT-PERP.BINANCE[0m
[1m2024-04-10T16:31:20.000000000Z[0m [1;33m[WARN] TRADER-001.nautilus_common::cache: Cannot calculate unrealized PnL for P-20240410-151500-001-140722251481704-1, no quotes for BTCUSDT-PERP.BINANCE[0m
[1m2024-04-10T16:31:30.000000000Z[0m [1;33m[WARN] TRADER-001.nautilus_common::cache: Cannot calculate unrealized PnL for P-20240410-151500-001-140722251481704-1, no quotes for BTCUSDT-PERP.BINANCE[0m
[1m2024-04-10T16:31:40.000000000Z[0m [1;33m[WARN] TRADER-001.nautilus_common::cache: Cannot calculate unrealized PnL for P-20240410-151500-001-140722251481704-1, no quotes for BTCUSDT-PERP.BINANCE[0m
[1m2024-04-10T16:31:50.000000000Z[0m [1;33m[WARN] TRADER-001.nautilus_common::cache: Cannot calculate unrealized PnL for P-20240410-151500-001-140722251481704-1, no quotes for BTCUSDT-PERP.BINANCE[0m
[1m2024-04-10T16:31:59.999000000Z[0m [1;33m[WARN] TRADER-001.nautilus_common::cache: Cannot calculate unrealized PnL for P-20240410-151500-001-140722251481704-1, no quotes for BTCUSDT-PERP.BINANCE[0m
[1m2024-04-10T16:32:00.000000000Z[0m [1;33m[WARN] TRADER-001.nautilus_common::cache: Cannot calculate unrealized PnL for P-20240410-151500-001-140722251481704-1, no quotes for BTCUSDT-PERP.BINANCE[0m
[1m2024-04-10T16:32:10.000000000Z[0m [1;33m[WARN] TRADER-001.nautilus_common::cache: Cannot calculate unrealized PnL for P-20240410-151500-001-140722251481704-1, no quotes for BTCUSDT-PERP.BINANCE[0m
[1m2024-04-10T16:32:20.000000000Z[0m [1;33m[WARN] TRADER-001.nautilus_common::cache: Cannot calculate unrealized PnL for P-20240410-151500-001-140722251481704-1, no quotes for BTCUSDT-PERP.BINANCE[0m
[1m2024-04-10T16:32:30.000000000Z[0m [1;33m[WARN] TRADER-001.nautilus_common::cache: Cannot calculate unrealized PnL for P-20240410-151500-001-140722251481704-1, no quotes for BTCUSDT-PERP.BINANCE[0m
[1m2024-04-10T16:32:40.000000000Z[0m [1;33m[WARN] TRADER-001.nautilus_common::cache: Cannot calculate unrealized PnL for P-20240410-151500-001-140722251481704-1, no quotes for BTCUSDT-PERP.BINANCE[0m
[1m2024-04-10T16:32:50.000000000Z[0m [1;33m[WARN] TRADER-001.nautilus_common::cache: Cannot calculate unrealized PnL for P-20240410-151500-001-140722251481704-1, no quotes for BTCUSDT-PERP.BINANCE[0m
[1m2024-04-10T16:32:59.999000000Z[0m [1;33m[WARN] TRADER-001.nautilus_common::cache: Cannot calculate unrealized PnL for P-20240410-151500-001-140722251481704-1, no quotes for BTCUSDT-PERP.BINANCE[0m
[1m2024-04-10T16:33:00.000000000Z[0m [1;33m[WARN] TRADER-001.nautilus_common::cache: Cannot calculate unrealized PnL for P-20240410-151500-001-140722251481704-1, no quotes for BTCUSDT-PERP.BINANCE[0m
[1m2024-04-10T16:33:10.000000000Z[0m [1;33m[WARN] TRADER-001.nautilus_common::cache: Cannot calculate unrealized PnL for P-20240410-151500-001-140722251481704-1, no quotes for BTCUSDT-PERP.BINANCE[0m
[1m2024-04-10T16:33:20.000000000Z[0m [1;33m[WARN] TRADER-001.nautilus_common::cache: Cannot calculate unrealized PnL for P-20240410-151500-001-140722251481704-1, no quotes for BTCUSDT-PERP.BINANCE[0m
[1m2024-04-10T16:33:30.000000000Z[0m [1;33m[WARN] TRADER-001.nautilus_common::cache: Cannot calculate unrealized PnL for P-20240410-151500-001-140722251481704-1, no quotes for BTCUSDT-PERP.BINANCE[0m
[1m2024-04-10T16:33:40.000000000Z[0m [1;33m[WARN] TRADER-001.nautilus_common::cache: Cannot calculate unrealized PnL for P-20240410-151500-001-140722251481704-1, no quotes for BTCUSDT-PERP.BINANCE[0m
[1m2024-04-10T16:33:50.000000000Z[0m [1;33m[WARN] TRADER-001.nautilus_common::cache: Cannot calculate unrealized PnL for P-20240410-151500-001-140722251481704-1, no quotes for BTCUSDT-PERP.BINANCE[0m
[1m2024-04-10T16:33:59.999000000Z[0m [1;33m[WARN] TRADER-001.nautilus_common::cache: Cannot calculate unrealized PnL for P-20240410-151500-001-140722251481704-1, no quotes for BTCUSDT-PERP.BINANCE[0m
[1m2024-04-10T16:34:00.000000000Z[0m [1;33m[WARN] TRADER-001.nautilus_common::cache: Cannot calculate unrealized PnL for P-20240410-151500-001-140722251481704-1, no quotes for BTCUSDT-PERP.BINANCE[0m
[1m2024-04-10T16:34:10.000000000Z[0m [1;33m[WARN] TRADER-001.nautilus_common::cache: Cannot calculate unrealized PnL for P-20240410-151500-001-140722251481704-1, no quotes for BTCUSDT-PERP.BINANCE[0m
[1m2024-04-10T16:34:20.000000000Z[0m [1;33m[WARN] TRADER-001.nautilus_common::cache: Cannot calculate unrealized PnL for P-20240410-151500-001-140722251481704-1, no quotes for BTCUSDT-PERP.BINANCE[0m
[1m2024-04-10T16:34:30.000000000Z[0m [1;33m[WARN] TRADER-001.nautilus_common::cache: Cannot calculate unrealized PnL for P-20240410-151500-001-140722251481704-1, no quotes for BTCUSDT-PERP.BINANCE[0m
[1m2024-04-10T16:34:40.000000000Z[0m [1;33m[WARN] TRADER-001.nautilus_common::cache: Cannot calculate unrealized PnL for P-20240410-151500-001-140722251481704-1, no quotes for BTCUSDT-PERP.BINANCE[0m
[1m2024-04-10T16:34:50.000000000Z[0m [1;33m[WARN] TRADER-001.nautilus_common::cache: Cannot calculate unrealized PnL for P-20240410-151500-001-140722251481704-1, no quotes for BTCUSDT-PERP.BINANCE[0m
[1m2024-04-10T16:34:59.999000000Z[0m [1;33m[WARN] TRADER-001.nautilus_common::cache: Cannot calculate unrealized PnL for P-20240410-151500-001-140722251481704-1, no quotes for BTCUSDT-PERP.BINANCE[0m
[1m2024-04-10T16:35:00.000000000Z[0m [1;33m[WARN] TRADER-001.nautilus_common::cache: Cannot calculate unrealized PnL for P-20240410-151500-001-140722251481704-1, no quotes for BTCUSDT-PERP.BINANCE[0m
[1m2024-04-10T16:35:10.000000000Z[0m [1;33m[WARN] TRADER-001.nautilus_common::cache: Cannot calculate unrealized PnL for P-20240410-151500-001-140722251481704-1, no quotes for BTCUSDT-PERP.BINANCE[0m
[1m2024-04-10T16:35:20.000000000Z[0m [1;33m[WARN] TRADER-001.nautilus_common::cache: Cannot calculate unrealized PnL for P-20240410-151500-001-140722251481704-1, no quotes for BTCUSDT-PERP.BINANCE[0m
[1m2024-04-10T16:35:30.000000000Z[0m [1;33m[WARN] TRADER-001.nautilus_common::cache: Cannot calculate unrealized PnL for P-20240410-151500-001-140722251481704-1, no quotes for BTCUSDT-PERP.BINANCE[0m
[1m2024-04-10T16:35:40.000000000Z[0m [1;33m[WARN] TRADER-001.nautilus_common::cache: Cannot calculate unrealized PnL for P-20240410-151500-001-140722251481704-1, no quotes for BTCUSDT-PERP.BINANCE[0m
[1m2024-04-10T16:35:50.000000000Z[0m [1;33m[WARN] TRADER-001.nautilus_common::cache: Cannot calculate unrealized PnL for P-20240410-151500-001-140722251481704-1, no quotes for BTCUSDT-PERP.BINANCE[0m
[1m2024-04-10T16:35:59.999000000Z[0m [1;33m[WARN] TRADER-001.nautilus_common::cache: Cannot calculate unrealized PnL for P-20240410-151500-001-140722251481704-1, no quotes for BTCUSDT-PERP.BINANCE[0m
[1m2024-04-10T16:36:00.000000000Z[0m [1;33m[WARN] TRADER-001.nautilus_common::cache: Cannot calculate unrealized PnL for P-20240410-151500-001-140722251481704-1, no quotes for BTCUSDT-PERP.BINANCE[0m
[1m2024-04-10T16:36:10.000000000Z[0m [1;33m[WARN] TRADER-001.nautilus_common::cache: Cannot calculate unrealized PnL for P-20240410-151500-001-140722251481704-1, no quotes for BTCUSDT-PERP.BINANCE[0m
[1m2024-04-10T16:36:20.000000000Z[0m [1;33m[WARN] TRADER-001.nautilus_common::cache: Cannot calculate unrealized PnL for P-20240410-151500-001-140722251481704-1, no quotes for BTCUSDT-PERP.BINANCE[0m
[1m2024-04-10T16:36:30.000000000Z[0m [1;33m[WARN] TRADER-001.nautilus_common::cache: Cannot calculate unrealized PnL for P-20240410-151500-001-140722251481704-1, no quotes for BTCUSDT-PERP.BINANCE[0m
[1m2024-04-10T16:36:40.000000000Z[0m [1;33m[WARN] TRADER-001.nautilus_common::cache: Cannot calculate unrealized PnL for P-20240410-151500-001-140722251481704-1, no quotes for BTCUSDT-PERP.BINANCE[0m
[1m2024-04-10T16:36:50.000000000Z[0m [INFO] TRADER-001.nautilus_portfolio::manager: BTCUSDT-PERP.BINANCE margin_init=0.00000000 USDT[0m
[1m2024-04-10T16:36:50.000000000Z[0m [INFO] TRADER-001.nautilus_trading::strategy: DataActor-140722251481704 <--[EVT] OrderFilled(instrument_id=BTCUSDT-PERP.BINANCE, client_order_id=O-20240410-151500-001-140722251481704-3, venue_order_id=BINANCE-1-3, account_id=BINANCE-001, trade_id=T-373231eb33f19600-66160, position_id=P-20240410-151500-001-140722251481704-1, order_side=SELL, order_type=LIMIT, last_qty=9.556, last_px=69_191.7 USDT, commission=396.71753112 USDT, liquidity_side=MAKER, ts_event=1712767010000000000)[0m
[1m2024-04-10T16:36:50.000000000Z[0m [INFO] TRADER-001.nautilus_portfolio::portfolio: BTCUSDT-PERP.BINANCE net_position=0[0m
[1m2024-04-10T16:36:50.000000000Z[0m [INFO] TRADER-001.nautilus_portfolio::manager: BTCUSDT-PERP.BINANCE margin_maint=0.00000000 USDT[0m
[1m2024-04-10T16:36:50.000000000Z[0m [INFO] TRADER-001.nautilus_portfolio::portfolio: Updated AccountState(account_id=BINANCE-001, account_type=MARGIN, base_currency=USDT, is_reported=false, balances=[AccountBalance(total=106686.09038204 USDT, locked=0.00000000 USDT, free=106686.09038204 USDT)], margins=[], event_id=9ee398bc-4604-49b6-bc36-4748d39dd844)[0m
[1m2024-04-10T16:36:50.000000000Z[0m [INFO] TRADER-001.nautilus_trading::strategy: DataActor-140722251481704 <--[EVT] PositionClosed(PositionClosed { trader_id: "TRADER-001", strategy_id: "DataActor-140722251481704", instrument_id: "BTCUSDT-PERP.BINANCE", position_id: "P-20240410-151500-001-140722251481704-1", account_id: "BINANCE-001", opening_order_id: "O-20240410-151500-001-140722251481704-1", closing_order_id: Some("O-20240410-151500-001-140722251481704-3"), entry: Buy, side: Flat, signed_qty: 0.0, quantity: Quantity(0.000), peak_quantity: Quantity(9.556), last_qty: Quantity(9.556), last_px: Price(69191.7), currency: Currency(code='USDT', precision=8, iso4217=0, name='Tether', currency_type=CRYPTO), avg_px_open: 68402.59999999999, avg_px_close: Some(69191.7), realized_return: 0.011536111200451532, realized_pnl: Some(Money(6686.09038204, USDT)), unrealized_pnl: Money(0.00000000, USDT), duration: 4910000000000, event_id: UUID4(ab6d2cb5-0954-4bcd-8a23-b869a10627b3), ts_opened: UnixNanos(1712762100000000000), ts_closed: Some(UnixNanos(1712767010000000000)), ts_event: UnixNanos(1712767010000000000), ts_init: UnixNanos(1712767010000000000) })[0m
[1m2024-04-10T16:36:50.000000000Z[0m [INFO] TRADER-001.nautilus_portfolio::manager: BTCUSDT-PERP.BINANCE margin_init=0.00000000 USDT[0m
[1m2024-04-10T16:36:50.000000000Z[0m [INFO] TRADER-001.nautilus_portfolio::portfolio: Updated AccountState(account_id=BINANCE-001, account_type=MARGIN, base_currency=USDT, is_reported=false, balances=[AccountBalance(total=106686.09038204 USDT, locked=0.00000000 USDT, free=106686.09038204 USDT)], margins=[], event_id=56d41890-d799-46e3-9881-4afb334fd253)[0m
[1m2024-04-10T16:36:50.000000000Z[0m [INFO] TRADER-001.nautilus_trading::strategy: DataActor-140722251481704 <--[EVT] OrderCanceled(instrument_id=BTCUSDT-PERP.BINANCE, client_order_id=O-20240410-151500-001-140722251481704-2, venue_order_id=BINANCE-1-2, account_id=BINANCE-001, ts_event=1712767010000000000)[0m
[1m2024-04-12T14:50:00.000000000Z[0m [INFO] TRADER-001.nautilus_trading::strategy: DataActor-140722251481704 <--[EVT] OrderInitialized(instrument_id=BTCUSDT-PERP.BINANCE, client_order_id=O-20240412-145000-001-140722251481704-4, side=SELL, type=MARKET, quantity=9.474, time_in_force=GTC, post_only=false, reduce_only=false, quote_quantity=false, price=None, emulation_trigger=None, trigger_instrument_id=None, contingency_type=OTO, order_list_id=OL-20240412-145000-001-140722251481704-2, linked_order_ids=[O-20240412-145000-001-140722251481704-5, O-20240412-145000-001-140722251481704-6], parent_order_id=None, exec_algorithm_id=None, exec_algorithm_params=None, exec_spawn_id=None, tags=opening-drive-btcusdt-new_york-2024-04-12-00059, BREAKOUT_ACCEPTANCE_CONTINUATION, SHORT, TEN_SECOND_MARKET_ENTRY)[0m
[1m2024-04-12T14:50:00.000000000Z[0m [INFO] TRADER-001.nautilus_trading::strategy: DataActor-140722251481704 <--[EVT] OrderInitialized(instrument_id=BTCUSDT-PERP.BINANCE, client_order_id=O-20240412-145000-001-140722251481704-5, side=BUY, type=STOP_MARKET, quantity=9.474, time_in_force=GTC, post_only=false, reduce_only=true, quote_quantity=false, price=None, emulation_trigger=None, trigger_instrument_id=None, contingency_type=OUO, order_list_id=OL-20240412-145000-001-140722251481704-2, linked_order_ids=[O-20240412-145000-001-140722251481704-6], parent_order_id=O-20240412-145000-001-140722251481704-4, exec_algorithm_id=None, exec_algorithm_params=None, exec_spawn_id=None, tags=opening-drive-btcusdt-new_york-2024-04-12-00059, OBSERVED_RETEST_INVALIDATION)[0m
[1m2024-04-12T14:50:00.000000000Z[0m [INFO] TRADER-001.nautilus_trading::strategy: DataActor-140722251481704 <--[EVT] OrderInitialized(instrument_id=BTCUSDT-PERP.BINANCE, client_order_id=O-20240412-145000-001-140722251481704-6, side=BUY, type=LIMIT, quantity=9.474, time_in_force=GTC, post_only=false, reduce_only=true, quote_quantity=false, price=69001.5, emulation_trigger=None, trigger_instrument_id=None, contingency_type=OUO, order_list_id=OL-20240412-145000-001-140722251481704-2, linked_order_ids=[O-20240412-145000-001-140722251481704-5], parent_order_id=O-20240412-145000-001-140722251481704-4, exec_algorithm_id=None, exec_algorithm_params=None, exec_spawn_id=None, tags=opening-drive-btcusdt-new_york-2024-04-12-00059, ACTIVE_COMPLETED_EXTERNAL_TARGET)[0m
[1m2024-04-12T14:50:00.000000000Z[0m [INFO] TRADER-001.nautilus_trading::strategy: DataActor-140722251481704 [CMD]--> SubmitOrderList[0m
[1m2024-04-12T14:50:00.000000000Z[0m [94m[INFO] TRADER-001.nautilus_execution::engine: Submit OrderList(id=OL-20240412-145000-001-140722251481704-2, instrument_id=BTCUSDT-PERP.BINANCE, strategy_id=DataActor-140722251481704, client_order_ids=["O-20240412-145000-001-140722251481704-4", "O-20240412-145000-001-140722251481704-5", "O-20240412-145000-001-140722251481704-6"], ts_init=1712933400000000000)[0m
[1m2024-04-12T14:50:00.000000000Z[0m [INFO] TRADER-001.nautilus_trading::strategy: DataActor-140722251481704 <--[EVT] OrderSubmitted(instrument_id=BTCUSDT-PERP.BINANCE, client_order_id=O-20240412-145000-001-140722251481704-4, account_id=BINANCE-001, ts_event=1712933400000000000)[0m
[1m2024-04-12T14:50:00.000000000Z[0m [INFO] TRADER-001.nautilus_trading::strategy: DataActor-140722251481704 <--[EVT] OrderSubmitted(instrument_id=BTCUSDT-PERP.BINANCE, client_order_id=O-20240412-145000-001-140722251481704-5, account_id=BINANCE-001, ts_event=1712933400000000000)[0m
[1m2024-04-12T14:50:00.000000000Z[0m [INFO] TRADER-001.nautilus_trading::strategy: DataActor-140722251481704 <--[EVT] OrderSubmitted(instrument_id=BTCUSDT-PERP.BINANCE, client_order_id=O-20240412-145000-001-140722251481704-6, account_id=BINANCE-001, ts_event=1712933400000000000)[0m
[1m2024-04-12T14:50:00.000000000Z[0m [INFO] TRADER-001.nautilus_portfolio::manager: BTCUSDT-PERP.BINANCE margin_init=0.00000000 USDT[0m
[1m2024-04-12T14:50:00.000000000Z[0m [INFO] TRADER-001.nautilus_trading::strategy: DataActor-140722251481704 <--[EVT] OrderFilled(instrument_id=BTCUSDT-PERP.BINANCE, client_order_id=O-20240412-145000-001-140722251481704-4, venue_order_id=BINANCE-1-4, account_id=BINANCE-001, trade_id=T-ecceae7ec182506f-111517, position_id=P-20240412-145000-001-140722251481704-2, order_side=SELL, order_type=MARKET, last_qty=9.474, last_px=69_540.5 USDT, commission=395.29601820 USDT, liquidity_side=TAKER, ts_event=1712933400000000000)[0m
[1m2024-04-12T14:50:00.000000000Z[0m [INFO] TRADER-001.nautilus_portfolio::portfolio: BTCUSDT-PERP.BINANCE net_position=-9.474[0m
[1m2024-04-12T14:50:00.000000000Z[0m [INFO] TRADER-001.nautilus_portfolio::manager: BTCUSDT-PERP.BINANCE margin_maint=2635.30678800 USDT[0m
[1m2024-04-12T14:50:00.000000000Z[0m [INFO] TRADER-001.nautilus_portfolio::portfolio: Updated AccountState(account_id=BINANCE-001, account_type=MARGIN, base_currency=USDT, is_reported=false, balances=[AccountBalance(total=106290.79436384 USDT, locked=2635.30678800 USDT, free=103655.48757584 USDT)], margins=[MarginBalance(initial=0.00000000 USDT, maintenance=2635.30678800 USDT, instrument_id=BTCUSDT-PERP.BINANCE)], event_id=71d1bd6f-a11c-4c33-8a8b-2c767537708d)[0m
[1m2024-04-12T14:50:00.000000000Z[0m [INFO] TRADER-001.nautilus_trading::strategy: DataActor-140722251481704 <--[EVT] PositionOpened(PositionOpened { trader_id: "TRADER-001", strategy_id: "DataActor-140722251481704", instrument_id: "BTCUSDT-PERP.BINANCE", position_id: "P-20240412-145000-001-140722251481704-2", account_id: "BINANCE-001", opening_order_id: "O-20240412-145000-001-140722251481704-4", entry: Sell, side: Short, signed_qty: -9.474, quantity: Quantity(9.474), last_qty: Quantity(9.474), last_px: Price(69540.5), currency: Currency(code='USDT', precision=8, iso4217=0, name='Tether', currency_type=CRYPTO), avg_px_open: 69540.5, event_id: UUID4(e6dbd277-07cf-4dac-9dc5-754d939fa798), ts_event: UnixNanos(1712933400000000000), ts_init: UnixNanos(1712933400000000000) })[0m
[1m2024-04-12T14:50:00.000000000Z[0m [INFO] TRADER-001.nautilus_portfolio::manager: BTCUSDT-PERP.BINANCE margin_init=0.00000000 USDT[0m
[1m2024-04-12T14:50:00.000000000Z[0m [INFO] TRADER-001.nautilus_portfolio::portfolio: Updated AccountState(account_id=BINANCE-001, account_type=MARGIN, base_currency=USDT, is_reported=false, balances=[AccountBalance(total=106290.79436384 USDT, locked=2635.30678800 USDT, free=103655.48757584 USDT)], margins=[MarginBalance(initial=0.00000000 USDT, maintenance=2635.30678800 USDT, instrument_id=BTCUSDT-PERP.BINANCE)], event_id=a3164729-05a9-4e28-9eea-7e443e036db0)[0m
[1m2024-04-12T14:50:00.000000000Z[0m [INFO] TRADER-001.nautilus_trading::strategy: DataActor-140722251481704 <--[EVT] OrderAccepted(instrument_id=BTCUSDT-PERP.BINANCE, client_order_id=O-20240412-145000-001-140722251481704-5, venue_order_id=BINANCE-1-5, account_id=BINANCE-001, ts_event=1712933400000000000)[0m
[1m2024-04-12T14:50:00.000000000Z[0m [INFO] TRADER-001.nautilus_portfolio::manager: BTCUSDT-PERP.BINANCE margin_init=0.00000000 USDT[0m
[1m2024-04-12T14:50:00.000000000Z[0m [INFO] TRADER-001.nautilus_portfolio::portfolio: Updated AccountState(account_id=BINANCE-001, account_type=MARGIN, base_currency=USDT, is_reported=false, balances=[AccountBalance(total=106290.79436384 USDT, locked=2635.30678800 USDT, free=103655.48757584 USDT)], margins=[MarginBalance(initial=0.00000000 USDT, maintenance=2635.30678800 USDT, instrument_id=BTCUSDT-PERP.BINANCE)], event_id=d4be09c7-386a-4f38-9057-cc2ce03c45fa)[0m
[1m2024-04-12T14:50:00.000000000Z[0m [INFO] TRADER-001.nautilus_trading::strategy: DataActor-140722251481704 <--[EVT] OrderAccepted(instrument_id=BTCUSDT-PERP.BINANCE, client_order_id=O-20240412-145000-001-140722251481704-6, venue_order_id=BINANCE-1-6, account_id=BINANCE-001, ts_event=1712933400000000000)[0m
[1m2024-04-12T14:50:00.000000000Z[0m [1;33m[WARN] TRADER-001.nautilus_common::cache: Cannot calculate unrealized PnL for P-20240412-145000-001-140722251481704-2, no quotes for BTCUSDT-PERP.BINANCE[0m
[1m2024-04-12T14:50:10.000000000Z[0m [1;33m[WARN] TRADER-001.nautilus_common::cache: Cannot calculate unrealized PnL for P-20240412-145000-001-140722251481704-2, no quotes for BTCUSDT-PERP.BINANCE[0m
[1m2024-04-12T14:50:20.000000000Z[0m [1;33m[WARN] TRADER-001.nautilus_common::cache: Cannot calculate unrealized PnL for P-20240412-145000-001-140722251481704-2, no quotes for BTCUSDT-PERP.BINANCE[0m
[1m2024-04-12T14:50:30.000000000Z[0m [1;33m[WARN] TRADER-001.nautilus_common::cache: Cannot calculate unrealized PnL for P-20240412-145000-001-140722251481704-2, no quotes for BTCUSDT-PERP.BINANCE[0m
[1m2024-04-12T14:50:40.000000000Z[0m [1;33m[WARN] TRADER-001.nautilus_common::cache: Cannot calculate unrealized PnL for P-20240412-145000-001-140722251481704-2, no quotes for BTCUSDT-PERP.BINANCE[0m
[1m2024-04-12T14:50:50.000000000Z[0m [1;33m[WARN] TRADER-001.nautilus_common::cache: Cannot calculate unrealized PnL for P-20240412-145000-001-140722251481704-2, no quotes for BTCUSDT-PERP.BINANCE[0m
[1m2024-04-12T14:50:59.999000000Z[0m [1;33m[WARN] TRADER-001.nautilus_common::cache: Cannot calculate unrealized PnL for P-20240412-145000-001-140722251481704-2, no quotes for BTCUSDT-PERP.BINANCE[0m
[1m2024-04-12T14:51:00.000000000Z[0m [1;33m[WARN] TRADER-001.nautilus_common::cache: Cannot calculate unrealized PnL for P-20240412-145000-001-140722251481704-2, no quotes for BTCUSDT-PERP.BINANCE[0m
[1m2024-04-12T14:51:10.000000000Z[0m [1;33m[WARN] TRADER-001.nautilus_common::cache: Cannot calculate unrealized PnL for P-20240412-145000-001-140722251481704-2, no quotes for BTCUSDT-PERP.BINANCE[0m
[1m2024-04-12T14:51:20.000000000Z[0m [1;33m[WARN] TRADER-001.nautilus_common::cache: Cannot calculate unrealized PnL for P-20240412-145000-001-140722251481704-2, no quotes for BTCUSDT-PERP.BINANCE[0m
[1m2024-04-12T14:51:30.000000000Z[0m [1;33m[WARN] TRADER-001.nautilus_common::cache: Cannot calculate unrealized PnL for P-20240412-145000-001-140722251481704-2, no quotes for BTCUSDT-PERP.BINANCE[0m
[1m2024-04-12T14:51:40.000000000Z[0m [1;33m[WARN] TRADER-001.nautilus_common::cache: Cannot calculate unrealized PnL for P-20240412-145000-001-140722251481704-2, no quotes for BTCUSDT-PERP.BINANCE[0m
[1m2024-04-12T14:51:50.000000000Z[0m [1;33m[WARN] TRADER-001.nautilus_common::cache: Cannot calculate unrealized PnL for P-20240412-145000-001-140722251481704-2, no quotes for BTCUSDT-PERP.BINANCE[0m
[1m2024-04-12T14:51:59.999000000Z[0m [1;33m[WARN] TRADER-001.nautilus_common::cache: Cannot calculate unrealized PnL for P-20240412-145000-001-140722251481704-2, no quotes for BTCUSDT-PERP.BINANCE[0m
[1m2024-04-12T14:52:00.000000000Z[0m [1;33m[WARN] TRADER-001.nautilus_common::cache: Cannot calculate unrealized PnL for P-20240412-145000-001-140722251481704-2, no quotes for BTCUSDT-PERP.BINANCE[0m
[1m2024-04-12T14:52:10.000000000Z[0m [1;33m[WARN] TRADER-001.nautilus_common::cache: Cannot calculate unrealized PnL for P-20240412-145000-001-140722251481704-2, no quotes for BTCUSDT-PERP.BINANCE[0m
[1m2024-04-12T14:52:20.000000000Z[0m [1;33m[WARN] TRADER-001.nautilus_common::cache: Cannot calculate unrealized PnL for P-20240412-145000-001-140722251481704-2, no quotes for BTCUSDT-PERP.BINANCE[0m
[1m2024-04-12T14:52:30.000000000Z[0m [1;33m[WARN] TRADER-001.nautilus_common::cache: Cannot calculate unrealized PnL for P-20240412-145000-001-140722251481704-2, no quotes for BTCUSDT-PERP.BINANCE[0m
[1m2024-04-12T14:52:40.000000000Z[0m [1;33m[WARN] TRADER-001.nautilus_common::cache: Cannot calculate unrealized PnL for P-20240412-145000-001-140722251481704-2, no quotes for BTCUSDT-PERP.BINANCE[0m
[1m2024-04-12T14:52:50.000000000Z[0m [1;33m[WARN] TRADER-001.nautilus_common::cache: Cannot calculate unrealized PnL for P-20240412-145000-001-140722251481704-2, no quotes for BTCUSDT-PERP.BINANCE[0m
[1m2024-04-12T14:52:59.999000000Z[0m [1;33m[WARN] TRADER-001.nautilus_common::cache: Cannot calculate unrealized PnL for P-20240412-145000-001-140722251481704-2, no quotes for BTCUSDT-PERP.BINANCE[0m
[1m2024-04-12T14:53:00.000000000Z[0m [1;33m[WARN] TRADER-001.nautilus_common::cache: Cannot calculate unrealized PnL for P-20240412-145000-001-140722251481704-2, no quotes for BTCUSDT-PERP.BINANCE[0m
[1m2024-04-12T14:53:10.000000000Z[0m [1;33m[WARN] TRADER-001.nautilus_common::cache: Cannot calculate unrealized PnL for P-20240412-145000-001-140722251481704-2, no quotes for BTCUSDT-PERP.BINANCE[0m
[1m2024-04-12T14:53:20.000000000Z[0m [1;33m[WARN] TRADER-001.nautilus_common::cache: Cannot calculate unrealized PnL for P-20240412-145000-001-140722251481704-2, no quotes for BTCUSDT-PERP.BINANCE[0m
[1m2024-04-12T14:53:30.000000000Z[0m [1;33m[WARN] TRADER-001.nautilus_common::cache: Cannot calculate unrealized PnL for P-20240412-145000-001-140722251481704-2, no quotes for BTCUSDT-PERP.BINANCE[0m
[1m2024-04-12T14:53:40.000000000Z[0m [1;33m[WARN] TRADER-001.nautilus_common::cache: Cannot calculate unrealized PnL for P-20240412-145000-001-140722251481704-2, no quotes for BTCUSDT-PERP.BINANCE[0m
[1m2024-04-12T14:53:50.000000000Z[0m [1;33m[WARN] TRADER-001.nautilus_common::cache: Cannot calculate unrealized PnL for P-20240412-145000-001-140722251481704-2, no quotes for BTCUSDT-PERP.BINANCE[0m
[1m2024-04-12T14:53:59.999000000Z[0m [1;33m[WARN] TRADER-001.nautilus_common::cache: Cannot calculate unrealized PnL for P-20240412-145000-001-140722251481704-2, no quotes for BTCUSDT-PERP.BINANCE[0m
[1m2024-04-12T14:54:00.000000000Z[0m [1;33m[WARN] TRADER-001.nautilus_common::cache: Cannot calculate unrealized PnL for P-20240412-145000-001-140722251481704-2, no quotes for BTCUSDT-PERP.BINANCE[0m
[1m2024-04-12T14:54:10.000000000Z[0m [1;33m[WARN] TRADER-001.nautilus_common::cache: Cannot calculate unrealized PnL for P-20240412-145000-001-140722251481704-2, no quotes for BTCUSDT-PERP.BINANCE[0m
[1m2024-04-12T14:54:20.000000000Z[0m [1;33m[WARN] TRADER-001.nautilus_common::cache: Cannot calculate unrealized PnL for P-20240412-145000-001-140722251481704-2, no quotes for BTCUSDT-PERP.BINANCE[0m
[1m2024-04-12T14:54:30.000000000Z[0m [1;33m[WARN] TRADER-001.nautilus_common::cache: Cannot calculate unrealized PnL for P-20240412-145000-001-140722251481704-2, no quotes for BTCUSDT-PERP.BINANCE[0m
[1m2024-04-12T14:54:40.000000000Z[0m [1;33m[WARN] TRADER-001.nautilus_common::cache: Cannot calculate unrealized PnL for P-20240412-145000-001-140722251481704-2, no quotes for BTCUSDT-PERP.BINANCE[0m
[1m2024-04-12T14:54:50.000000000Z[0m [1;33m[WARN] TRADER-001.nautilus_common::cache: Cannot calculate unrealized PnL for P-20240412-145000-001-140722251481704-2, no quotes for BTCUSDT-PERP.BINANCE[0m
[1m2024-04-12T14:54:59.999000000Z[0m [1;33m[WARN] TRADER-001.nautilus_common::cache: Cannot calculate unrealized PnL for P-20240412-145000-001-140722251481704-2, no quotes for BTCUSDT-PERP.BINANCE[0m
[1m2024-04-12T14:55:00.000000000Z[0m [1;33m[WARN] TRADER-001.nautilus_common::cache: Cannot calculate unrealized PnL for P-20240412-145000-001-140722251481704-2, no quotes for BTCUSDT-PERP.BINANCE[0m
[1m2024-04-12T14:55:10.000000000Z[0m [1;33m[WARN] TRADER-001.nautilus_common::cache: Cannot calculate unrealized PnL for P-20240412-145000-001-140722251481704-2, no quotes for BTCUSDT-PERP.BINANCE[0m
[1m2024-04-12T14:55:20.000000000Z[0m [1;33m[WARN] TRADER-001.nautilus_common::cache: Cannot calculate unrealized PnL for P-20240412-145000-001-140722251481704-2, no quotes for BTCUSDT-PERP.BINANCE[0m
[1m2024-04-12T14:55:30.000000000Z[0m [1;33m[WARN] TRADER-001.nautilus_common::cache: Cannot calculate unrealized PnL for P-20240412-145000-001-140722251481704-2, no quotes for BTCUSDT-PERP.BINANCE[0m
[1m2024-04-12T14:55:40.000000000Z[0m [1;33m[WARN] TRADER-001.nautilus_common::cache: Cannot calculate unrealized PnL for P-20240412-145000-001-140722251481704-2, no quotes for BTCUSDT-PERP.BINANCE[0m
[1m2024-04-12T14:55:50.000000000Z[0m [1;33m[WARN] TRADER-001.nautilus_common::cache: Cannot calculate unrealized PnL for P-20240412-145000-001-140722251481704-2, no quotes for BTCUSDT-PERP.BINANCE[0m
[1m2024-04-12T14:55:59.999000000Z[0m [1;33m[WARN] TRADER-001.nautilus_common::cache: Cannot calculate unrealized PnL for P-20240412-145000-001-140722251481704-2, no quotes for BTCUSDT-PERP.BINANCE[0m
[1m2024-04-12T14:56:00.000000000Z[0m [1;33m[WARN] TRADER-001.nautilus_common::cache: Cannot calculate unrealized PnL for P-20240412-145000-001-140722251481704-2, no quotes for BTCUSDT-PERP.BINANCE[0m
[1m2024-04-12T14:56:10.000000000Z[0m [1;33m[WARN] TRADER-001.nautilus_common::cache: Cannot calculate unrealized PnL for P-20240412-145000-001-140722251481704-2, no quotes for BTCUSDT-PERP.BINANCE[0m
[1m2024-04-12T14:56:20.000000000Z[0m [1;33m[WARN] TRADER-001.nautilus_common::cache: Cannot calculate unrealized PnL for P-20240412-145000-001-140722251481704-2, no quotes for BTCUSDT-PERP.BINANCE[0m
[1m2024-04-12T14:56:30.000000000Z[0m [1;33m[WARN] TRADER-001.nautilus_common::cache: Cannot calculate unrealized PnL for P-20240412-145000-001-140722251481704-2, no quotes for BTCUSDT-PERP.BINANCE[0m
[1m2024-04-12T14:56:40.000000000Z[0m [1;33m[WARN] TRADER-001.nautilus_common::cache: Cannot calculate unrealized PnL for P-20240412-145000-001-140722251481704-2, no quotes for BTCUSDT-PERP.BINANCE[0m
[1m2024-04-12T14:56:50.000000000Z[0m [1;33m[WARN] TRADER-001.nautilus_common::cache: Cannot calculate unrealized PnL for P-20240412-145000-001-140722251481704-2, no quotes for BTCUSDT-PERP.BINANCE[0m
[1m2024-04-12T14:56:59.999000000Z[0m [1;33m[WARN] TRADER-001.nautilus_common::cache: Cannot calculate unrealized PnL for P-20240412-145000-001-140722251481704-2, no quotes for BTCUSDT-PERP.BINANCE[0m
[1m2024-04-12T14:57:00.000000000Z[0m [1;33m[WARN] TRADER-001.nautilus_common::cache: Cannot calculate unrealized PnL for P-20240412-145000-001-140722251481704-2, no quotes for BTCUSDT-PERP.BINANCE[0m
[1m2024-04-12T14:57:10.000000000Z[0m [1;33m[WARN] TRADER-001.nautilus_common::cache: Cannot calculate unrealized PnL for P-20240412-145000-001-140722251481704-2, no quotes for BTCUSDT-PERP.BINANCE[0m
[1m2024-04-12T14:57:20.000000000Z[0m [1;33m[WARN] TRADER-001.nautilus_common::cache: Cannot calculate unrealized PnL for P-20240412-145000-001-140722251481704-2, no quotes for BTCUSDT-PERP.BINANCE[0m
[1m2024-04-12T14:57:30.000000000Z[0m [1;33m[WARN] TRADER-001.nautilus_common::cache: Cannot calculate unrealized PnL for P-20240412-145000-001-140722251481704-2, no quotes for BTCUSDT-PERP.BINANCE[0m
[1m2024-04-12T14:57:40.000000000Z[0m [1;33m[WARN] TRADER-001.nautilus_common::cache: Cannot calculate unrealized PnL for P-20240412-145000-001-140722251481704-2, no quotes for BTCUSDT-PERP.BINANCE[0m
[1m2024-04-12T14:57:50.000000000Z[0m [1;33m[WARN] TRADER-001.nautilus_common::cache: Cannot calculate unrealized PnL for P-20240412-145000-001-140722251481704-2, no quotes for BTCUSDT-PERP.BINANCE[0m
[1m2024-04-12T14:57:59.999000000Z[0m [1;33m[WARN] TRADER-001.nautilus_common::cache: Cannot calculate unrealized PnL for P-20240412-145000-001-140722251481704-2, no quotes for BTCUSDT-PERP.BINANCE[0m
[1m2024-04-12T14:58:00.000000000Z[0m [1;33m[WARN] TRADER-001.nautilus_common::cache: Cannot calculate unrealized PnL for P-20240412-145000-001-140722251481704-2, no quotes for BTCUSDT-PERP.BINANCE[0m
[1m2024-04-12T14:58:10.000000000Z[0m [1;33m[WARN] TRADER-001.nautilus_common::cache: Cannot calculate unrealized PnL for P-20240412-145000-001-140722251481704-2, no quotes for BTCUSDT-PERP.BINANCE[0m
[1m2024-04-12T14:58:20.000000000Z[0m [1;33m[WARN] TRADER-001.nautilus_common::cache: Cannot calculate unrealized PnL for P-20240412-145000-001-140722251481704-2, no quotes for BTCUSDT-PERP.BINANCE[0m
[1m2024-04-12T14:58:30.000000000Z[0m [1;33m[WARN] TRADER-001.nautilus_common::cache: Cannot calculate unrealized PnL for P-20240412-145000-001-140722251481704-2, no quotes for BTCUSDT-PERP.BINANCE[0m
[1m2024-04-12T14:58:40.000000000Z[0m [1;33m[WARN] TRADER-001.nautilus_common::cache: Cannot calculate unrealized PnL for P-20240412-145000-001-140722251481704-2, no quotes for BTCUSDT-PERP.BINANCE[0m
[1m2024-04-12T14:58:50.000000000Z[0m [1;33m[WARN] TRADER-001.nautilus_common::cache: Cannot calculate unrealized PnL for P-20240412-145000-001-140722251481704-2, no quotes for BTCUSDT-PERP.BINANCE[0m
[1m2024-04-12T14:58:59.999000000Z[0m [1;33m[WARN] TRADER-001.nautilus_common::cache: Cannot calculate unrealized PnL for P-20240412-145000-001-140722251481704-2, no quotes for BTCUSDT-PERP.BINANCE[0m
[1m2024-04-12T14:59:00.000000000Z[0m [1;33m[WARN] TRADER-001.nautilus_common::cache: Cannot calculate unrealized PnL for P-20240412-145000-001-140722251481704-2, no quotes for BTCUSDT-PERP.BINANCE[0m
[1m2024-04-12T14:59:10.000000000Z[0m [1;33m[WARN] TRADER-001.nautilus_common::cache: Cannot calculate unrealized PnL for P-20240412-145000-001-140722251481704-2, no quotes for BTCUSDT-PERP.BINANCE[0m
[1m2024-04-12T14:59:20.000000000Z[0m [1;33m[WARN] TRADER-001.nautilus_common::cache: Cannot calculate unrealized PnL for P-20240412-145000-001-140722251481704-2, no quotes for BTCUSDT-PERP.BINANCE[0m
[1m2024-04-12T14:59:30.000000000Z[0m [1;33m[WARN] TRADER-001.nautilus_common::cache: Cannot calculate unrealized PnL for P-20240412-145000-001-140722251481704-2, no quotes for BTCUSDT-PERP.BINANCE[0m
[1m2024-04-12T14:59:40.000000000Z[0m [1;33m[WARN] TRADER-001.nautilus_common::cache: Cannot calculate unrealized PnL for P-20240412-145000-001-140722251481704-2, no quotes for BTCUSDT-PERP.BINANCE[0m
[1m2024-04-12T14:59:50.000000000Z[0m [1;33m[WARN] TRADER-001.nautilus_common::cache: Cannot calculate unrealized PnL for P-20240412-145000-001-140722251481704-2, no quotes for BTCUSDT-PERP.BINANCE[0m
[1m2024-04-12T14:59:59.999000000Z[0m [1;33m[WARN] TRADER-001.nautilus_common::cache: Cannot calculate unrealized PnL for P-20240412-145000-001-140722251481704-2, no quotes for BTCUSDT-PERP.BINANCE[0m
[1m2024-04-12T15:00:00.000000000Z[0m [1;33m[WARN] TRADER-001.nautilus_common::cache: Cannot calculate unrealized PnL for P-20240412-145000-001-140722251481704-2, no quotes for BTCUSDT-PERP.BINANCE[0m
[1m2024-04-12T15:00:10.000000000Z[0m [1;33m[WARN] TRADER-001.nautilus_common::cache: Cannot calculate unrealized PnL for P-20240412-145000-001-140722251481704-2, no quotes for BTCUSDT-PERP.BINANCE[0m
[1m2024-04-12T15:00:20.000000000Z[0m [1;33m[WARN] TRADER-001.nautilus_common::cache: Cannot calculate unrealized PnL for P-20240412-145000-001-140722251481704-2, no quotes for BTCUSDT-PERP.BINANCE[0m
[1m2024-04-12T15:00:30.000000000Z[0m [1;33m[WARN] TRADER-001.nautilus_common::cache: Cannot calculate unrealized PnL for P-20240412-145000-001-140722251481704-2, no quotes for BTCUSDT-PERP.BINANCE[0m
[1m2024-04-12T15:00:40.000000000Z[0m [1;33m[WARN] TRADER-001.nautilus_common::cache: Cannot calculate unrealized PnL for P-20240412-145000-001-140722251481704-2, no quotes for BTCUSDT-PERP.BINANCE[0m
[1m2024-04-12T15:00:50.000000000Z[0m [1;33m[WARN] TRADER-001.nautilus_common::cache: Cannot calculate unrealized PnL for P-20240412-145000-001-140722251481704-2, no quotes for BTCUSDT-PERP.BINANCE[0m
[1m2024-04-12T15:00:59.999000000Z[0m [1;33m[WARN] TRADER-001.nautilus_common::cache: Cannot calculate unrealized PnL for P-20240412-145000-001-140722251481704-2, no quotes for BTCUSDT-PERP.BINANCE[0m
[1m2024-04-12T15:01:00.000000000Z[0m [1;33m[WARN] TRADER-001.nautilus_common::cache: Cannot calculate unrealized PnL for P-20240412-145000-001-140722251481704-2, no quotes for BTCUSDT-PERP.BINANCE[0m
[1m2024-04-12T15:01:10.000000000Z[0m [1;33m[WARN] TRADER-001.nautilus_common::cache: Cannot calculate unrealized PnL for P-20240412-145000-001-140722251481704-2, no quotes for BTCUSDT-PERP.BINANCE[0m
[1m2024-04-12T15:01:20.000000000Z[0m [1;33m[WARN] TRADER-001.nautilus_common::cache: Cannot calculate unrealized PnL for P-20240412-145000-001-140722251481704-2, no quotes for BTCUSDT-PERP.BINANCE[0m
[1m2024-04-12T15:01:30.000000000Z[0m [1;33m[WARN] TRADER-001.nautilus_common::cache: Cannot calculate unrealized PnL for P-20240412-145000-001-140722251481704-2, no quotes for BTCUSDT-PERP.BINANCE[0m
[1m2024-04-12T15:01:40.000000000Z[0m [1;33m[WARN] TRADER-001.nautilus_common::cache: Cannot calculate unrealized PnL for P-20240412-145000-001-140722251481704-2, no quotes for BTCUSDT-PERP.BINANCE[0m
[1m2024-04-12T15:01:50.000000000Z[0m [1;33m[WARN] TRADER-001.nautilus_common::cache: Cannot calculate unrealized PnL for P-20240412-145000-001-140722251481704-2, no quotes for BTCUSDT-PERP.BINANCE[0m
[1m2024-04-12T15:01:59.999000000Z[0m [1;33m[WARN] TRADER-001.nautilus_common::cache: Cannot calculate unrealized PnL for P-20240412-145000-001-140722251481704-2, no quotes for BTCUSDT-PERP.BINANCE[0m
[1m2024-04-12T15:02:00.000000000Z[0m [1;33m[WARN] TRADER-001.nautilus_common::cache: Cannot calculate unrealized PnL for P-20240412-145000-001-140722251481704-2, no quotes for BTCUSDT-PERP.BINANCE[0m
[1m2024-04-12T15:02:10.000000000Z[0m [1;33m[WARN] TRADER-001.nautilus_common::cache: Cannot calculate unrealized PnL for P-20240412-145000-001-140722251481704-2, no quotes for BTCUSDT-PERP.BINANCE[0m
[1m2024-04-12T15:02:20.000000000Z[0m [1;33m[WARN] TRADER-001.nautilus_common::cache: Cannot calculate unrealized PnL for P-20240412-145000-001-140722251481704-2, no quotes for BTCUSDT-PERP.BINANCE[0m
[1m2024-04-12T15:02:30.000000000Z[0m [1;33m[WARN] TRADER-001.nautilus_common::cache: Cannot calculate unrealized PnL for P-20240412-145000-001-140722251481704-2, no quotes for BTCUSDT-PERP.BINANCE[0m
[1m2024-04-12T15:02:40.000000000Z[0m [1;33m[WARN] TRADER-001.nautilus_common::cache: Cannot calculate unrealized PnL for P-20240412-145000-001-140722251481704-2, no quotes for BTCUSDT-PERP.BINANCE[0m
[1m2024-04-12T15:02:50.000000000Z[0m [1;33m[WARN] TRADER-001.nautilus_common::cache: Cannot calculate unrealized PnL for P-20240412-145000-001-140722251481704-2, no quotes for BTCUSDT-PERP.BINANCE[0m
[1m2024-04-12T15:02:59.999000000Z[0m [1;33m[WARN] TRADER-001.nautilus_common::cache: Cannot calculate unrealized PnL for P-20240412-145000-001-140722251481704-2, no quotes for BTCUSDT-PERP.BINANCE[0m
[1m2024-04-12T15:03:00.000000000Z[0m [1;33m[WARN] TRADER-001.nautilus_common::cache: Cannot calculate unrealized PnL for P-20240412-145000-001-140722251481704-2, no quotes for BTCUSDT-PERP.BINANCE[0m
[1m2024-04-12T15:03:10.000000000Z[0m [1;33m[WARN] TRADER-001.nautilus_common::cache: Cannot calculate unrealized PnL for P-20240412-145000-001-140722251481704-2, no quotes for BTCUSDT-PERP.BINANCE[0m
[1m2024-04-12T15:03:20.000000000Z[0m [1;33m[WARN] TRADER-001.nautilus_common::cache: Cannot calculate unrealized PnL for P-20240412-145000-001-140722251481704-2, no quotes for BTCUSDT-PERP.BINANCE[0m
[1m2024-04-12T15:03:30.000000000Z[0m [1;33m[WARN] TRADER-001.nautilus_common::cache: Cannot calculate unrealized PnL for P-20240412-145000-001-140722251481704-2, no quotes for BTCUSDT-PERP.BINANCE[0m
[1m2024-04-12T15:03:40.000000000Z[0m [1;33m[WARN] TRADER-001.nautilus_common::cache: Cannot calculate unrealized PnL for P-20240412-145000-001-140722251481704-2, no quotes for BTCUSDT-PERP.BINANCE[0m
[1m2024-04-12T15:03:50.000000000Z[0m [1;33m[WARN] TRADER-001.nautilus_common::cache: Cannot calculate unrealized PnL for P-20240412-145000-001-140722251481704-2, no quotes for BTCUSDT-PERP.BINANCE[0m
[1m2024-04-12T15:03:59.999000000Z[0m [1;33m[WARN] TRADER-001.nautilus_common::cache: Cannot calculate unrealized PnL for P-20240412-145000-001-140722251481704-2, no quotes for BTCUSDT-PERP.BINANCE[0m
[1m2024-04-12T15:04:00.000000000Z[0m [1;33m[WARN] TRADER-001.nautilus_common::cache: Cannot calculate unrealized PnL for P-20240412-145000-001-140722251481704-2, no quotes for BTCUSDT-PERP.BINANCE[0m
[1m2024-04-12T15:04:10.000000000Z[0m [1;33m[WARN] TRADER-001.nautilus_common::cache: Cannot calculate unrealized PnL for P-20240412-145000-001-140722251481704-2, no quotes for BTCUSDT-PERP.BINANCE[0m
[1m2024-04-12T15:04:20.000000000Z[0m [1;33m[WARN] TRADER-001.nautilus_common::cache: Cannot calculate unrealized PnL for P-20240412-145000-001-140722251481704-2, no quotes for BTCUSDT-PERP.BINANCE[0m
[1m2024-04-12T15:04:30.000000000Z[0m [1;33m[WARN] TRADER-001.nautilus_common::cache: Cannot calculate unrealized PnL for P-20240412-145000-001-140722251481704-2, no quotes for BTCUSDT-PERP.BINANCE[0m
[1m2024-04-12T15:04:40.000000000Z[0m [1;33m[WARN] TRADER-001.nautilus_common::cache: Cannot calculate unrealized PnL for P-20240412-145000-001-140722251481704-2, no quotes for BTCUSDT-PERP.BINANCE[0m
[1m2024-04-12T15:04:50.000000000Z[0m [1;33m[WARN] TRADER-001.nautilus_common::cache: Cannot calculate unrealized PnL for P-20240412-145000-001-140722251481704-2, no quotes for BTCUSDT-PERP.BINANCE[0m
[1m2024-04-12T15:04:59.999000000Z[0m [1;33m[WARN] TRADER-001.nautilus_common::cache: Cannot calculate unrealized PnL for P-20240412-145000-001-140722251481704-2, no quotes for BTCUSDT-PERP.BINANCE[0m
[1m2024-04-12T15:05:00.000000000Z[0m [1;33m[WARN] TRADER-001.nautilus_common::cache: Cannot calculate unrealized PnL for P-20240412-145000-001-140722251481704-2, no quotes for BTCUSDT-PERP.BINANCE[0m
[1m2024-04-12T15:05:10.000000000Z[0m [1;33m[WARN] TRADER-001.nautilus_common::cache: Cannot calculate unrealized PnL for P-20240412-145000-001-140722251481704-2, no quotes for BTCUSDT-PERP.BINANCE[0m
[1m2024-04-12T15:05:20.000000000Z[0m [1;33m[WARN] TRADER-001.nautilus_common::cache: Cannot calculate unrealized PnL for P-20240412-145000-001-140722251481704-2, no quotes for BTCUSDT-PERP.BINANCE[0m
[1m2024-04-12T15:05:30.000000000Z[0m [1;33m[WARN] TRADER-001.nautilus_common::cache: Cannot calculate unrealized PnL for P-20240412-145000-001-140722251481704-2, no quotes for BTCUSDT-PERP.BINANCE[0m
[1m2024-04-12T15:05:40.000000000Z[0m [1;33m[WARN] TRADER-001.nautilus_common::cache: Cannot calculate unrealized PnL for P-20240412-145000-001-140722251481704-2, no quotes for BTCUSDT-PERP.BINANCE[0m
[1m2024-04-12T15:05:50.000000000Z[0m [1;33m[WARN] TRADER-001.nautilus_common::cache: Cannot calculate unrealized PnL for P-20240412-145000-001-140722251481704-2, no quotes for BTCUSDT-PERP.BINANCE[0m
[1m2024-04-12T15:05:59.999000000Z[0m [1;33m[WARN] TRADER-001.nautilus_common::cache: Cannot calculate unrealized PnL for P-20240412-145000-001-140722251481704-2, no quotes for BTCUSDT-PERP.BINANCE[0m
[1m2024-04-12T15:06:00.000000000Z[0m [1;33m[WARN] TRADER-001.nautilus_common::cache: Cannot calculate unrealized PnL for P-20240412-145000-001-140722251481704-2, no quotes for BTCUSDT-PERP.BINANCE[0m
[1m2024-04-12T15:06:10.000000000Z[0m [1;33m[WARN] TRADER-001.nautilus_common::cache: Cannot calculate unrealized PnL for P-20240412-145000-001-140722251481704-2, no quotes for BTCUSDT-PERP.BINANCE[0m
[1m2024-04-12T15:06:20.000000000Z[0m [1;33m[WARN] TRADER-001.nautilus_common::cache: Cannot calculate unrealized PnL for P-20240412-145000-001-140722251481704-2, no quotes for BTCUSDT-PERP.BINANCE[0m
[1m2024-04-12T15:06:30.000000000Z[0m [1;33m[WARN] TRADER-001.nautilus_common::cache: Cannot calculate unrealized PnL for P-20240412-145000-001-140722251481704-2, no quotes for BTCUSDT-PERP.BINANCE[0m
[1m2024-04-12T15:06:40.000000000Z[0m [1;33m[WARN] TRADER-001.nautilus_common::cache: Cannot calculate unrealized PnL for P-20240412-145000-001-140722251481704-2, no quotes for BTCUSDT-PERP.BINANCE[0m
[1m2024-04-12T15:06:50.000000000Z[0m [1;33m[WARN] TRADER-001.nautilus_common::cache: Cannot calculate unrealized PnL for P-20240412-145000-001-140722251481704-2, no quotes for BTCUSDT-PERP.BINANCE[0m
[1m2024-04-12T15:06:59.999000000Z[0m [1;33m[WARN] TRADER-001.nautilus_common::cache: Cannot calculate unrealized PnL for P-20240412-145000-001-140722251481704-2, no quotes for BTCUSDT-PERP.BINANCE[0m
[1m2024-04-12T15:07:00.000000000Z[0m [1;33m[WARN] TRADER-001.nautilus_common::cache: Cannot calculate unrealized PnL for P-20240412-145000-001-140722251481704-2, no quotes for BTCUSDT-PERP.BINANCE[0m
[1m2024-04-12T15:07:10.000000000Z[0m [1;33m[WARN] TRADER-001.nautilus_common::cache: Cannot calculate unrealized PnL for P-20240412-145000-001-140722251481704-2, no quotes for BTCUSDT-PERP.BINANCE[0m
[1m2024-04-12T15:07:20.000000000Z[0m [1;33m[WARN] TRADER-001.nautilus_common::cache: Cannot calculate unrealized PnL for P-20240412-145000-001-140722251481704-2, no quotes for BTCUSDT-PERP.BINANCE[0m
[1m2024-04-12T15:07:30.000000000Z[0m [1;33m[WARN] TRADER-001.nautilus_common::cache: Cannot calculate unrealized PnL for P-20240412-145000-001-140722251481704-2, no quotes for BTCUSDT-PERP.BINANCE[0m
[1m2024-04-12T15:07:40.000000000Z[0m [1;33m[WARN] TRADER-001.nautilus_common::cache: Cannot calculate unrealized PnL for P-20240412-145000-001-140722251481704-2, no quotes for BTCUSDT-PERP.BINANCE[0m
[1m2024-04-12T15:07:50.000000000Z[0m [1;33m[WARN] TRADER-001.nautilus_common::cache: Cannot calculate unrealized PnL for P-20240412-145000-001-140722251481704-2, no quotes for BTCUSDT-PERP.BINANCE[0m
[1m2024-04-12T15:07:59.999000000Z[0m [1;33m[WARN] TRADER-001.nautilus_common::cache: Cannot calculate unrealized PnL for P-20240412-145000-001-140722251481704-2, no quotes for BTCUSDT-PERP.BINANCE[0m
[1m2024-04-12T15:08:00.000000000Z[0m [1;33m[WARN] TRADER-001.nautilus_common::cache: Cannot calculate unrealized PnL for P-20240412-145000-001-140722251481704-2, no quotes for BTCUSDT-PERP.BINANCE[0m
[1m2024-04-12T15:08:10.000000000Z[0m [1;33m[WARN] TRADER-001.nautilus_common::cache: Cannot calculate unrealized PnL for P-20240412-145000-001-140722251481704-2, no quotes for BTCUSDT-PERP.BINANCE[0m
[1m2024-04-12T15:08:20.000000000Z[0m [1;33m[WARN] TRADER-001.nautilus_common::cache: Cannot calculate unrealized PnL for P-20240412-145000-001-140722251481704-2, no quotes for BTCUSDT-PERP.BINANCE[0m
[1m2024-04-12T15:08:30.000000000Z[0m [1;33m[WARN] TRADER-001.nautilus_common::cache: Cannot calculate unrealized PnL for P-20240412-145000-001-140722251481704-2, no quotes for BTCUSDT-PERP.BINANCE[0m
[1m2024-04-12T15:08:40.000000000Z[0m [1;33m[WARN] TRADER-001.nautilus_common::cache: Cannot calculate unrealized PnL for P-20240412-145000-001-140722251481704-2, no quotes for BTCUSDT-PERP.BINANCE[0m
[1m2024-04-12T15:08:50.000000000Z[0m [1;33m[WARN] TRADER-001.nautilus_common::cache: Cannot calculate unrealized PnL for P-20240412-145000-001-140722251481704-2, no quotes for BTCUSDT-PERP.BINANCE[0m
[1m2024-04-12T15:08:59.999000000Z[0m [1;33m[WARN] TRADER-001.nautilus_common::cache: Cannot calculate unrealized PnL for P-20240412-145000-001-140722251481704-2, no quotes for BTCUSDT-PERP.BINANCE[0m
[1m2024-04-12T15:09:00.000000000Z[0m [1;33m[WARN] TRADER-001.nautilus_common::cache: Cannot calculate unrealized PnL for P-20240412-145000-001-140722251481704-2, no quotes for BTCUSDT-PERP.BINANCE[0m
[1m2024-04-12T15:09:10.000000000Z[0m [1;33m[WARN] TRADER-001.nautilus_common::cache: Cannot calculate unrealized PnL for P-20240412-145000-001-140722251481704-2, no quotes for BTCUSDT-PERP.BINANCE[0m
[1m2024-04-12T15:09:20.000000000Z[0m [1;33m[WARN] TRADER-001.nautilus_common::cache: Cannot calculate unrealized PnL for P-20240412-145000-001-140722251481704-2, no quotes for BTCUSDT-PERP.BINANCE[0m
[1m2024-04-12T15:09:30.000000000Z[0m [1;33m[WARN] TRADER-001.nautilus_common::cache: Cannot calculate unrealized PnL for P-20240412-145000-001-140722251481704-2, no quotes for BTCUSDT-PERP.BINANCE[0m
[1m2024-04-12T15:09:40.000000000Z[0m [1;33m[WARN] TRADER-001.nautilus_common::cache: Cannot calculate unrealized PnL for P-20240412-145000-001-140722251481704-2, no quotes for BTCUSDT-PERP.BINANCE[0m
[1m2024-04-12T15:09:50.000000000Z[0m [1;33m[WARN] TRADER-001.nautilus_common::cache: Cannot calculate unrealized PnL for P-20240412-145000-001-140722251481704-2, no quotes for BTCUSDT-PERP.BINANCE[0m
[1m2024-04-12T15:09:59.999000000Z[0m [1;33m[WARN] TRADER-001.nautilus_common::cache: Cannot calculate unrealized PnL for P-20240412-145000-001-140722251481704-2, no quotes for BTCUSDT-PERP.BINANCE[0m
[1m2024-04-12T15:10:00.000000000Z[0m [1;33m[WARN] TRADER-001.nautilus_common::cache: Cannot calculate unrealized PnL for P-20240412-145000-001-140722251481704-2, no quotes for BTCUSDT-PERP.BINANCE[0m
[1m2024-04-12T15:10:10.000000000Z[0m [1;33m[WARN] TRADER-001.nautilus_common::cache: Cannot calculate unrealized PnL for P-20240412-145000-001-140722251481704-2, no quotes for BTCUSDT-PERP.BINANCE[0m
[1m2024-04-12T15:10:20.000000000Z[0m [1;33m[WARN] TRADER-001.nautilus_common::cache: Cannot calculate unrealized PnL for P-20240412-145000-001-140722251481704-2, no quotes for BTCUSDT-PERP.BINANCE[0m
[1m2024-04-12T15:10:30.000000000Z[0m [1;33m[WARN] TRADER-001.nautilus_common::cache: Cannot calculate unrealized PnL for P-20240412-145000-001-140722251481704-2, no quotes for BTCUSDT-PERP.BINANCE[0m
[1m2024-04-12T15:10:40.000000000Z[0m [1;33m[WARN] TRADER-001.nautilus_common::cache: Cannot calculate unrealized PnL for P-20240412-145000-001-140722251481704-2, no quotes for BTCUSDT-PERP.BINANCE[0m
[1m2024-04-12T15:10:50.000000000Z[0m [1;33m[WARN] TRADER-001.nautilus_common::cache: Cannot calculate unrealized PnL for P-20240412-145000-001-140722251481704-2, no quotes for BTCUSDT-PERP.BINANCE[0m
[1m2024-04-12T15:10:59.999000000Z[0m [1;33m[WARN] TRADER-001.nautilus_common::cache: Cannot calculate unrealized PnL for P-20240412-145000-001-140722251481704-2, no quotes for BTCUSDT-PERP.BINANCE[0m
[1m2024-04-12T15:11:00.000000000Z[0m [1;33m[WARN] TRADER-001.nautilus_common::cache: Cannot calculate unrealized PnL for P-20240412-145000-001-140722251481704-2, no quotes for BTCUSDT-PERP.BINANCE[0m
[1m2024-04-12T15:11:10.000000000Z[0m [1;33m[WARN] TRADER-001.nautilus_common::cache: Cannot calculate unrealized PnL for P-20240412-145000-001-140722251481704-2, no quotes for BTCUSDT-PERP.BINANCE[0m
[1m2024-04-12T15:11:20.000000000Z[0m [1;33m[WARN] TRADER-001.nautilus_common::cache: Cannot calculate unrealized PnL for P-20240412-145000-001-140722251481704-2, no quotes for BTCUSDT-PERP.BINANCE[0m
[1m2024-04-12T15:11:30.000000000Z[0m [1;33m[WARN] TRADER-001.nautilus_common::cache: Cannot calculate unrealized PnL for P-20240412-145000-001-140722251481704-2, no quotes for BTCUSDT-PERP.BINANCE[0m
[1m2024-04-12T15:11:40.000000000Z[0m [1;33m[WARN] TRADER-001.nautilus_common::cache: Cannot calculate unrealized PnL for P-20240412-145000-001-140722251481704-2, no quotes for BTCUSDT-PERP.BINANCE[0m
[1m2024-04-12T15:11:50.000000000Z[0m [1;33m[WARN] TRADER-001.nautilus_common::cache: Cannot calculate unrealized PnL for P-20240412-145000-001-140722251481704-2, no quotes for BTCUSDT-PERP.BINANCE[0m
[1m2024-04-12T15:11:59.999000000Z[0m [1;33m[WARN] TRADER-001.nautilus_common::cache: Cannot calculate unrealized PnL for P-20240412-145000-001-140722251481704-2, no quotes for BTCUSDT-PERP.BINANCE[0m
[1m2024-04-12T15:12:00.000000000Z[0m [1;33m[WARN] TRADER-001.nautilus_common::cache: Cannot calculate unrealized PnL for P-20240412-145000-001-140722251481704-2, no quotes for BTCUSDT-PERP.BINANCE[0m
[1m2024-04-12T15:12:10.000000000Z[0m [1;33m[WARN] TRADER-001.nautilus_common::cache: Cannot calculate unrealized PnL for P-20240412-145000-001-140722251481704-2, no quotes for BTCUSDT-PERP.BINANCE[0m
[1m2024-04-12T15:12:20.000000000Z[0m [1;33m[WARN] TRADER-001.nautilus_common::cache: Cannot calculate unrealized PnL for P-20240412-145000-001-140722251481704-2, no quotes for BTCUSDT-PERP.BINANCE[0m
[1m2024-04-12T15:12:30.000000000Z[0m [1;33m[WARN] TRADER-001.nautilus_common::cache: Cannot calculate unrealized PnL for P-20240412-145000-001-140722251481704-2, no quotes for BTCUSDT-PERP.BINANCE[0m
[1m2024-04-12T15:12:40.000000000Z[0m [1;33m[WARN] TRADER-001.nautilus_common::cache: Cannot calculate unrealized PnL for P-20240412-145000-001-140722251481704-2, no quotes for BTCUSDT-PERP.BINANCE[0m
[1m2024-04-12T15:12:50.000000000Z[0m [1;33m[WARN] TRADER-001.nautilus_common::cache: Cannot calculate unrealized PnL for P-20240412-145000-001-140722251481704-2, no quotes for BTCUSDT-PERP.BINANCE[0m
[1m2024-04-12T15:12:59.999000000Z[0m [1;33m[WARN] TRADER-001.nautilus_common::cache: Cannot calculate unrealized PnL for P-20240412-145000-001-140722251481704-2, no quotes for BTCUSDT-PERP.BINANCE[0m
[1m2024-04-12T15:13:00.000000000Z[0m [1;33m[WARN] TRADER-001.nautilus_common::cache: Cannot calculate unrealized PnL for P-20240412-145000-001-140722251481704-2, no quotes for BTCUSDT-PERP.BINANCE[0m
[1m2024-04-12T15:13:10.000000000Z[0m [1;33m[WARN] TRADER-001.nautilus_common::cache: Cannot calculate unrealized PnL for P-20240412-145000-001-140722251481704-2, no quotes for BTCUSDT-PERP.BINANCE[0m
[1m2024-04-12T15:13:20.000000000Z[0m [1;33m[WARN] TRADER-001.nautilus_common::cache: Cannot calculate unrealized PnL for P-20240412-145000-001-140722251481704-2, no quotes for BTCUSDT-PERP.BINANCE[0m
[1m2024-04-12T15:13:30.000000000Z[0m [1;33m[WARN] TRADER-001.nautilus_common::cache: Cannot calculate unrealized PnL for P-20240412-145000-001-140722251481704-2, no quotes for BTCUSDT-PERP.BINANCE[0m
[1m2024-04-12T15:13:40.000000000Z[0m [1;33m[WARN] TRADER-001.nautilus_common::cache: Cannot calculate unrealized PnL for P-20240412-145000-001-140722251481704-2, no quotes for BTCUSDT-PERP.BINANCE[0m
[1m2024-04-12T15:13:50.000000000Z[0m [1;33m[WARN] TRADER-001.nautilus_common::cache: Cannot calculate unrealized PnL for P-20240412-145000-001-140722251481704-2, no quotes for BTCUSDT-PERP.BINANCE[0m
[1m2024-04-12T15:13:59.999000000Z[0m [1;33m[WARN] TRADER-001.nautilus_common::cache: Cannot calculate unrealized PnL for P-20240412-145000-001-140722251481704-2, no quotes for BTCUSDT-PERP.BINANCE[0m
[1m2024-04-12T15:14:00.000000000Z[0m [1;33m[WARN] TRADER-001.nautilus_common::cache: Cannot calculate unrealized PnL for P-20240412-145000-001-140722251481704-2, no quotes for BTCUSDT-PERP.BINANCE[0m
[1m2024-04-12T15:14:10.000000000Z[0m [1;33m[WARN] TRADER-001.nautilus_common::cache: Cannot calculate unrealized PnL for P-20240412-145000-001-140722251481704-2, no quotes for BTCUSDT-PERP.BINANCE[0m
[1m2024-04-12T15:14:20.000000000Z[0m [1;33m[WARN] TRADER-001.nautilus_common::cache: Cannot calculate unrealized PnL for P-20240412-145000-001-140722251481704-2, no quotes for BTCUSDT-PERP.BINANCE[0m
[1m2024-04-12T15:14:30.000000000Z[0m [1;33m[WARN] TRADER-001.nautilus_common::cache: Cannot calculate unrealized PnL for P-20240412-145000-001-140722251481704-2, no quotes for BTCUSDT-PERP.BINANCE[0m
[1m2024-04-12T15:14:40.000000000Z[0m [1;33m[WARN] TRADER-001.nautilus_common::cache: Cannot calculate unrealized PnL for P-20240412-145000-001-140722251481704-2, no quotes for BTCUSDT-PERP.BINANCE[0m
[1m2024-04-12T15:14:50.000000000Z[0m [1;33m[WARN] TRADER-001.nautilus_common::cache: Cannot calculate unrealized PnL for P-20240412-145000-001-140722251481704-2, no quotes for BTCUSDT-PERP.BINANCE[0m
[1m2024-04-12T15:14:59.999000000Z[0m [1;33m[WARN] TRADER-001.nautilus_common::cache: Cannot calculate unrealized PnL for P-20240412-145000-001-140722251481704-2, no quotes for BTCUSDT-PERP.BINANCE[0m
[1m2024-04-12T15:15:00.000000000Z[0m [1;33m[WARN] TRADER-001.nautilus_common::cache: Cannot calculate unrealized PnL for P-20240412-145000-001-140722251481704-2, no quotes for BTCUSDT-PERP.BINANCE[0m
[1m2024-04-12T15:15:10.000000000Z[0m [1;33m[WARN] TRADER-001.nautilus_common::cache: Cannot calculate unrealized PnL for P-20240412-145000-001-140722251481704-2, no quotes for BTCUSDT-PERP.BINANCE[0m
[1m2024-04-12T15:15:20.000000000Z[0m [1;33m[WARN] TRADER-001.nautilus_common::cache: Cannot calculate unrealized PnL for P-20240412-145000-001-140722251481704-2, no quotes for BTCUSDT-PERP.BINANCE[0m
[1m2024-04-12T15:15:30.000000000Z[0m [1;33m[WARN] TRADER-001.nautilus_common::cache: Cannot calculate unrealized PnL for P-20240412-145000-001-140722251481704-2, no quotes for BTCUSDT-PERP.BINANCE[0m
[1m2024-04-12T15:15:40.000000000Z[0m [1;33m[WARN] TRADER-001.nautilus_common::cache: Cannot calculate unrealized PnL for P-20240412-145000-001-140722251481704-2, no quotes for BTCUSDT-PERP.BINANCE[0m
[1m2024-04-12T15:15:50.000000000Z[0m [1;33m[WARN] TRADER-001.nautilus_common::cache: Cannot calculate unrealized PnL for P-20240412-145000-001-140722251481704-2, no quotes for BTCUSDT-PERP.BINANCE[0m
[1m2024-04-12T15:15:59.999000000Z[0m [1;33m[WARN] TRADER-001.nautilus_common::cache: Cannot calculate unrealized PnL for P-20240412-145000-001-140722251481704-2, no quotes for BTCUSDT-PERP.BINANCE[0m
[1m2024-04-12T15:16:00.000000000Z[0m [1;33m[WARN] TRADER-001.nautilus_common::cache: Cannot calculate unrealized PnL for P-20240412-145000-001-140722251481704-2, no quotes for BTCUSDT-PERP.BINANCE[0m
[1m2024-04-12T15:16:10.000000000Z[0m [1;33m[WARN] TRADER-001.nautilus_common::cache: Cannot calculate unrealized PnL for P-20240412-145000-001-140722251481704-2, no quotes for BTCUSDT-PERP.BINANCE[0m
[1m2024-04-12T15:16:20.000000000Z[0m [1;33m[WARN] TRADER-001.nautilus_common::cache: Cannot calculate unrealized PnL for P-20240412-145000-001-140722251481704-2, no quotes for BTCUSDT-PERP.BINANCE[0m
[1m2024-04-12T15:16:30.000000000Z[0m [1;33m[WARN] TRADER-001.nautilus_common::cache: Cannot calculate unrealized PnL for P-20240412-145000-001-140722251481704-2, no quotes for BTCUSDT-PERP.BINANCE[0m
[1m2024-04-12T15:16:40.000000000Z[0m [1;33m[WARN] TRADER-001.nautilus_common::cache: Cannot calculate unrealized PnL for P-20240412-145000-001-140722251481704-2, no quotes for BTCUSDT-PERP.BINANCE[0m
[1m2024-04-12T15:16:50.000000000Z[0m [1;33m[WARN] TRADER-001.nautilus_common::cache: Cannot calculate unrealized PnL for P-20240412-145000-001-140722251481704-2, no quotes for BTCUSDT-PERP.BINANCE[0m
[1m2024-04-12T15:16:59.999000000Z[0m [1;33m[WARN] TRADER-001.nautilus_common::cache: Cannot calculate unrealized PnL for P-20240412-145000-001-140722251481704-2, no quotes for BTCUSDT-PERP.BINANCE[0m
[1m2024-04-12T15:17:00.000000000Z[0m [1;33m[WARN] TRADER-001.nautilus_common::cache: Cannot calculate unrealized PnL for P-20240412-145000-001-140722251481704-2, no quotes for BTCUSDT-PERP.BINANCE[0m
[1m2024-04-12T15:17:10.000000000Z[0m [1;33m[WARN] TRADER-001.nautilus_common::cache: Cannot calculate unrealized PnL for P-20240412-145000-001-140722251481704-2, no quotes for BTCUSDT-PERP.BINANCE[0m
[1m2024-04-12T15:17:20.000000000Z[0m [1;33m[WARN] TRADER-001.nautilus_common::cache: Cannot calculate unrealized PnL for P-20240412-145000-001-140722251481704-2, no quotes for BTCUSDT-PERP.BINANCE[0m
[1m2024-04-12T15:17:30.000000000Z[0m [1;33m[WARN] TRADER-001.nautilus_common::cache: Cannot calculate unrealized PnL for P-20240412-145000-001-140722251481704-2, no quotes for BTCUSDT-PERP.BINANCE[0m
[1m2024-04-12T15:17:40.000000000Z[0m [1;33m[WARN] TRADER-001.nautilus_common::cache: Cannot calculate unrealized PnL for P-20240412-145000-001-140722251481704-2, no quotes for BTCUSDT-PERP.BINANCE[0m
[1m2024-04-12T15:17:50.000000000Z[0m [1;33m[WARN] TRADER-001.nautilus_common::cache: Cannot calculate unrealized PnL for P-20240412-145000-001-140722251481704-2, no quotes for BTCUSDT-PERP.BINANCE[0m
[1m2024-04-12T15:17:59.999000000Z[0m [1;33m[WARN] TRADER-001.nautilus_common::cache: Cannot calculate unrealized PnL for P-20240412-145000-001-140722251481704-2, no quotes for BTCUSDT-PERP.BINANCE[0m
[1m2024-04-12T15:18:00.000000000Z[0m [1;33m[WARN] TRADER-001.nautilus_common::cache: Cannot calculate unrealized PnL for P-20240412-145000-001-140722251481704-2, no quotes for BTCUSDT-PERP.BINANCE[0m
[1m2024-04-12T15:18:10.000000000Z[0m [1;33m[WARN] TRADER-001.nautilus_common::cache: Cannot calculate unrealized PnL for P-20240412-145000-001-140722251481704-2, no quotes for BTCUSDT-PERP.BINANCE[0m
[1m2024-04-12T15:18:20.000000000Z[0m [1;33m[WARN] TRADER-001.nautilus_common::cache: Cannot calculate unrealized PnL for P-20240412-145000-001-140722251481704-2, no quotes for BTCUSDT-PERP.BINANCE[0m
[1m2024-04-12T15:18:30.000000000Z[0m [1;33m[WARN] TRADER-001.nautilus_common::cache: Cannot calculate unrealized PnL for P-20240412-145000-001-140722251481704-2, no quotes for BTCUSDT-PERP.BINANCE[0m
[1m2024-04-12T15:18:40.000000000Z[0m [1;33m[WARN] TRADER-001.nautilus_common::cache: Cannot calculate unrealized PnL for P-20240412-145000-001-140722251481704-2, no quotes for BTCUSDT-PERP.BINANCE[0m
[1m2024-04-12T15:18:50.000000000Z[0m [1;33m[WARN] TRADER-001.nautilus_common::cache: Cannot calculate unrealized PnL for P-20240412-145000-001-140722251481704-2, no quotes for BTCUSDT-PERP.BINANCE[0m
[1m2024-04-12T15:18:59.999000000Z[0m [1;33m[WARN] TRADER-001.nautilus_common::cache: Cannot calculate unrealized PnL for P-20240412-145000-001-140722251481704-2, no quotes for BTCUSDT-PERP.BINANCE[0m
[1m2024-04-12T15:19:00.000000000Z[0m [1;33m[WARN] TRADER-001.nautilus_common::cache: Cannot calculate unrealized PnL for P-20240412-145000-001-140722251481704-2, no quotes for BTCUSDT-PERP.BINANCE[0m
[1m2024-04-12T15:19:10.000000000Z[0m [1;33m[WARN] TRADER-001.nautilus_common::cache: Cannot calculate unrealized PnL for P-20240412-145000-001-140722251481704-2, no quotes for BTCUSDT-PERP.BINANCE[0m
[1m2024-04-12T15:19:20.000000000Z[0m [1;33m[WARN] TRADER-001.nautilus_common::cache: Cannot calculate unrealized PnL for P-20240412-145000-001-140722251481704-2, no quotes for BTCUSDT-PERP.BINANCE[0m
[1m2024-04-12T15:19:30.000000000Z[0m [1;33m[WARN] TRADER-001.nautilus_common::cache: Cannot calculate unrealized PnL for P-20240412-145000-001-140722251481704-2, no quotes for BTCUSDT-PERP.BINANCE[0m
[1m2024-04-12T15:19:40.000000000Z[0m [1;33m[WARN] TRADER-001.nautilus_common::cache: Cannot calculate unrealized PnL for P-20240412-145000-001-140722251481704-2, no quotes for BTCUSDT-PERP.BINANCE[0m
[1m2024-04-12T15:19:50.000000000Z[0m [1;33m[WARN] TRADER-001.nautilus_common::cache: Cannot calculate unrealized PnL for P-20240412-145000-001-140722251481704-2, no quotes for BTCUSDT-PERP.BINANCE[0m
[1m2024-04-12T15:19:59.999000000Z[0m [1;33m[WARN] TRADER-001.nautilus_common::cache: Cannot calculate unrealized PnL for P-20240412-145000-001-140722251481704-2, no quotes for BTCUSDT-PERP.BINANCE[0m
[1m2024-04-12T15:20:00.000000000Z[0m [1;33m[WARN] TRADER-001.nautilus_common::cache: Cannot calculate unrealized PnL for P-20240412-145000-001-140722251481704-2, no quotes for BTCUSDT-PERP.BINANCE[0m
[1m2024-04-12T15:20:10.000000000Z[0m [1;33m[WARN] TRADER-001.nautilus_common::cache: Cannot calculate unrealized PnL for P-20240412-145000-001-140722251481704-2, no quotes for BTCUSDT-PERP.BINANCE[0m
[1m2024-04-12T15:20:20.000000000Z[0m [1;33m[WARN] TRADER-001.nautilus_common::cache: Cannot calculate unrealized PnL for P-20240412-145000-001-140722251481704-2, no quotes for BTCUSDT-PERP.BINANCE[0m
[1m2024-04-12T15:20:30.000000000Z[0m [1;33m[WARN] TRADER-001.nautilus_common::cache: Cannot calculate unrealized PnL for P-20240412-145000-001-140722251481704-2, no quotes for BTCUSDT-PERP.BINANCE[0m
[1m2024-04-12T15:20:40.000000000Z[0m [1;33m[WARN] TRADER-001.nautilus_common::cache: Cannot calculate unrealized PnL for P-20240412-145000-001-140722251481704-2, no quotes for BTCUSDT-PERP.BINANCE[0m
[1m2024-04-12T15:20:50.000000000Z[0m [1;33m[WARN] TRADER-001.nautilus_common::cache: Cannot calculate unrealized PnL for P-20240412-145000-001-140722251481704-2, no quotes for BTCUSDT-PERP.BINANCE[0m
[1m2024-04-12T15:20:59.999000000Z[0m [1;33m[WARN] TRADER-001.nautilus_common::cache: Cannot calculate unrealized PnL for P-20240412-145000-001-140722251481704-2, no quotes for BTCUSDT-PERP.BINANCE[0m
[1m2024-04-12T15:21:00.000000000Z[0m [1;33m[WARN] TRADER-001.nautilus_common::cache: Cannot calculate unrealized PnL for P-20240412-145000-001-140722251481704-2, no quotes for BTCUSDT-PERP.BINANCE[0m
[1m2024-04-12T15:21:10.000000000Z[0m [1;33m[WARN] TRADER-001.nautilus_common::cache: Cannot calculate unrealized PnL for P-20240412-145000-001-140722251481704-2, no quotes for BTCUSDT-PERP.BINANCE[0m
[1m2024-04-12T15:21:20.000000000Z[0m [1;33m[WARN] TRADER-001.nautilus_common::cache: Cannot calculate unrealized PnL for P-20240412-145000-001-140722251481704-2, no quotes for BTCUSDT-PERP.BINANCE[0m
[1m2024-04-12T15:21:30.000000000Z[0m [1;33m[WARN] TRADER-001.nautilus_common::cache: Cannot calculate unrealized PnL for P-20240412-145000-001-140722251481704-2, no quotes for BTCUSDT-PERP.BINANCE[0m
[1m2024-04-12T15:21:40.000000000Z[0m [1;33m[WARN] TRADER-001.nautilus_common::cache: Cannot calculate unrealized PnL for P-20240412-145000-001-140722251481704-2, no quotes for BTCUSDT-PERP.BINANCE[0m
[1m2024-04-12T15:21:50.000000000Z[0m [1;33m[WARN] TRADER-001.nautilus_common::cache: Cannot calculate unrealized PnL for P-20240412-145000-001-140722251481704-2, no quotes for BTCUSDT-PERP.BINANCE[0m
[1m2024-04-12T15:21:59.999000000Z[0m [1;33m[WARN] TRADER-001.nautilus_common::cache: Cannot calculate unrealized PnL for P-20240412-145000-001-140722251481704-2, no quotes for BTCUSDT-PERP.BINANCE[0m
[1m2024-04-12T15:22:00.000000000Z[0m [1;33m[WARN] TRADER-001.nautilus_common::cache: Cannot calculate unrealized PnL for P-20240412-145000-001-140722251481704-2, no quotes for BTCUSDT-PERP.BINANCE[0m
[1m2024-04-12T15:22:10.000000000Z[0m [1;33m[WARN] TRADER-001.nautilus_common::cache: Cannot calculate unrealized PnL for P-20240412-145000-001-140722251481704-2, no quotes for BTCUSDT-PERP.BINANCE[0m
[1m2024-04-12T15:22:20.000000000Z[0m [1;33m[WARN] TRADER-001.nautilus_common::cache: Cannot calculate unrealized PnL for P-20240412-145000-001-140722251481704-2, no quotes for BTCUSDT-PERP.BINANCE[0m
[1m2024-04-12T15:22:30.000000000Z[0m [1;33m[WARN] TRADER-001.nautilus_common::cache: Cannot calculate unrealized PnL for P-20240412-145000-001-140722251481704-2, no quotes for BTCUSDT-PERP.BINANCE[0m
[1m2024-04-12T15:22:40.000000000Z[0m [1;33m[WARN] TRADER-001.nautilus_common::cache: Cannot calculate unrealized PnL for P-20240412-145000-001-140722251481704-2, no quotes for BTCUSDT-PERP.BINANCE[0m
[1m2024-04-12T15:22:50.000000000Z[0m [1;33m[WARN] TRADER-001.nautilus_common::cache: Cannot calculate unrealized PnL for P-20240412-145000-001-140722251481704-2, no quotes for BTCUSDT-PERP.BINANCE[0m
[1m2024-04-12T15:22:59.999000000Z[0m [1;33m[WARN] TRADER-001.nautilus_common::cache: Cannot calculate unrealized PnL for P-20240412-145000-001-140722251481704-2, no quotes for BTCUSDT-PERP.BINANCE[0m
[1m2024-04-12T15:23:00.000000000Z[0m [1;33m[WARN] TRADER-001.nautilus_common::cache: Cannot calculate unrealized PnL for P-20240412-145000-001-140722251481704-2, no quotes for BTCUSDT-PERP.BINANCE[0m
[1m2024-04-12T15:23:10.000000000Z[0m [1;33m[WARN] TRADER-001.nautilus_common::cache: Cannot calculate unrealized PnL for P-20240412-145000-001-140722251481704-2, no quotes for BTCUSDT-PERP.BINANCE[0m
[1m2024-04-12T15:23:20.000000000Z[0m [1;33m[WARN] TRADER-001.nautilus_common::cache: Cannot calculate unrealized PnL for P-20240412-145000-001-140722251481704-2, no quotes for BTCUSDT-PERP.BINANCE[0m
[1m2024-04-12T15:23:30.000000000Z[0m [1;33m[WARN] TRADER-001.nautilus_common::cache: Cannot calculate unrealized PnL for P-20240412-145000-001-140722251481704-2, no quotes for BTCUSDT-PERP.BINANCE[0m
[1m2024-04-12T15:23:40.000000000Z[0m [1;33m[WARN] TRADER-001.nautilus_common::cache: Cannot calculate unrealized PnL for P-20240412-145000-001-140722251481704-2, no quotes for BTCUSDT-PERP.BINANCE[0m
[1m2024-04-12T15:23:50.000000000Z[0m [1;33m[WARN] TRADER-001.nautilus_common::cache: Cannot calculate unrealized PnL for P-20240412-145000-001-140722251481704-2, no quotes for BTCUSDT-PERP.BINANCE[0m
[1m2024-04-12T15:23:59.999000000Z[0m [1;33m[WARN] TRADER-001.nautilus_common::cache: Cannot calculate unrealized PnL for P-20240412-145000-001-140722251481704-2, no quotes for BTCUSDT-PERP.BINANCE[0m
[1m2024-04-12T15:24:00.000000000Z[0m [1;33m[WARN] TRADER-001.nautilus_common::cache: Cannot calculate unrealized PnL for P-20240412-145000-001-140722251481704-2, no quotes for BTCUSDT-PERP.BINANCE[0m
[1m2024-04-12T15:24:10.000000000Z[0m [1;33m[WARN] TRADER-001.nautilus_common::cache: Cannot calculate unrealized PnL for P-20240412-145000-001-140722251481704-2, no quotes for BTCUSDT-PERP.BINANCE[0m
[1m2024-04-12T15:24:20.000000000Z[0m [1;33m[WARN] TRADER-001.nautilus_common::cache: Cannot calculate unrealized PnL for P-20240412-145000-001-140722251481704-2, no quotes for BTCUSDT-PERP.BINANCE[0m
[1m2024-04-12T15:24:30.000000000Z[0m [1;33m[WARN] TRADER-001.nautilus_common::cache: Cannot calculate unrealized PnL for P-20240412-145000-001-140722251481704-2, no quotes for BTCUSDT-PERP.BINANCE[0m
[1m2024-04-12T15:24:40.000000000Z[0m [1;33m[WARN] TRADER-001.nautilus_common::cache: Cannot calculate unrealized PnL for P-20240412-145000-001-140722251481704-2, no quotes for BTCUSDT-PERP.BINANCE[0m
[1m2024-04-12T15:24:50.000000000Z[0m [1;33m[WARN] TRADER-001.nautilus_common::cache: Cannot calculate unrealized PnL for P-20240412-145000-001-140722251481704-2, no quotes for BTCUSDT-PERP.BINANCE[0m
[1m2024-04-12T15:24:59.999000000Z[0m [1;33m[WARN] TRADER-001.nautilus_common::cache: Cannot calculate unrealized PnL for P-20240412-145000-001-140722251481704-2, no quotes for BTCUSDT-PERP.BINANCE[0m
[1m2024-04-12T15:25:00.000000000Z[0m [1;33m[WARN] TRADER-001.nautilus_common::cache: Cannot calculate unrealized PnL for P-20240412-145000-001-140722251481704-2, no quotes for BTCUSDT-PERP.BINANCE[0m
[1m2024-04-12T15:25:10.000000000Z[0m [1;33m[WARN] TRADER-001.nautilus_common::cache: Cannot calculate unrealized PnL for P-20240412-145000-001-140722251481704-2, no quotes for BTCUSDT-PERP.BINANCE[0m
[1m2024-04-12T15:25:20.000000000Z[0m [1;33m[WARN] TRADER-001.nautilus_common::cache: Cannot calculate unrealized PnL for P-20240412-145000-001-140722251481704-2, no quotes for BTCUSDT-PERP.BINANCE[0m
[1m2024-04-12T15:25:30.000000000Z[0m [1;33m[WARN] TRADER-001.nautilus_common::cache: Cannot calculate unrealized PnL for P-20240412-145000-001-140722251481704-2, no quotes for BTCUSDT-PERP.BINANCE[0m
[1m2024-04-12T15:25:40.000000000Z[0m [1;33m[WARN] TRADER-001.nautilus_common::cache: Cannot calculate unrealized PnL for P-20240412-145000-001-140722251481704-2, no quotes for BTCUSDT-PERP.BINANCE[0m
[1m2024-04-12T15:25:50.000000000Z[0m [1;33m[WARN] TRADER-001.nautilus_common::cache: Cannot calculate unrealized PnL for P-20240412-145000-001-140722251481704-2, no quotes for BTCUSDT-PERP.BINANCE[0m
[1m2024-04-12T15:25:59.999000000Z[0m [1;33m[WARN] TRADER-001.nautilus_common::cache: Cannot calculate unrealized PnL for P-20240412-145000-001-140722251481704-2, no quotes for BTCUSDT-PERP.BINANCE[0m
[1m2024-04-12T15:26:00.000000000Z[0m [1;33m[WARN] TRADER-001.nautilus_common::cache: Cannot calculate unrealized PnL for P-20240412-145000-001-140722251481704-2, no quotes for BTCUSDT-PERP.BINANCE[0m
[1m2024-04-12T15:26:10.000000000Z[0m [1;33m[WARN] TRADER-001.nautilus_common::cache: Cannot calculate unrealized PnL for P-20240412-145000-001-140722251481704-2, no quotes for BTCUSDT-PERP.BINANCE[0m
[1m2024-04-12T15:26:20.000000000Z[0m [1;33m[WARN] TRADER-001.nautilus_common::cache: Cannot calculate unrealized PnL for P-20240412-145000-001-140722251481704-2, no quotes for BTCUSDT-PERP.BINANCE[0m
[1m2024-04-12T15:26:30.000000000Z[0m [1;33m[WARN] TRADER-001.nautilus_common::cache: Cannot calculate unrealized PnL for P-20240412-145000-001-140722251481704-2, no quotes for BTCUSDT-PERP.BINANCE[0m
[1m2024-04-12T15:26:40.000000000Z[0m [1;33m[WARN] TRADER-001.nautilus_common::cache: Cannot calculate unrealized PnL for P-20240412-145000-001-140722251481704-2, no quotes for BTCUSDT-PERP.BINANCE[0m
[1m2024-04-12T15:26:50.000000000Z[0m [1;33m[WARN] TRADER-001.nautilus_common::cache: Cannot calculate unrealized PnL for P-20240412-145000-001-140722251481704-2, no quotes for BTCUSDT-PERP.BINANCE[0m
[1m2024-04-12T15:26:59.999000000Z[0m [1;33m[WARN] TRADER-001.nautilus_common::cache: Cannot calculate unrealized PnL for P-20240412-145000-001-140722251481704-2, no quotes for BTCUSDT-PERP.BINANCE[0m
[1m2024-04-12T15:27:00.000000000Z[0m [1;33m[WARN] TRADER-001.nautilus_common::cache: Cannot calculate unrealized PnL for P-20240412-145000-001-140722251481704-2, no quotes for BTCUSDT-PERP.BINANCE[0m
[1m2024-04-12T15:27:10.000000000Z[0m [1;33m[WARN] TRADER-001.nautilus_common::cache: Cannot calculate unrealized PnL for P-20240412-145000-001-140722251481704-2, no quotes for BTCUSDT-PERP.BINANCE[0m
[1m2024-04-12T15:27:20.000000000Z[0m [1;33m[WARN] TRADER-001.nautilus_common::cache: Cannot calculate unrealized PnL for P-20240412-145000-001-140722251481704-2, no quotes for BTCUSDT-PERP.BINANCE[0m
[1m2024-04-12T15:27:30.000000000Z[0m [1;33m[WARN] TRADER-001.nautilus_common::cache: Cannot calculate unrealized PnL for P-20240412-145000-001-140722251481704-2, no quotes for BTCUSDT-PERP.BINANCE[0m
[1m2024-04-12T15:27:40.000000000Z[0m [INFO] TRADER-001.nautilus_portfolio::manager: BTCUSDT-PERP.BINANCE margin_init=0.00000000 USDT[0m
[1m2024-04-12T15:27:40.000000000Z[0m [INFO] TRADER-001.nautilus_trading::strategy: DataActor-140722251481704 <--[EVT] OrderFilled(instrument_id=BTCUSDT-PERP.BINANCE, client_order_id=O-20240412-145000-001-140722251481704-5, venue_order_id=BINANCE-1-5, account_id=BINANCE-001, trade_id=T-917f90d4d339cbd6-112211, position_id=P-20240412-145000-001-140722251481704-2, order_side=BUY, order_type=STOP_MARKET, last_qty=9.474, last_px=69_707.9 USDT, commission=396.24758676 USDT, liquidity_side=TAKER, ts_event=1712935660000000000)[0m
[1m2024-04-12T15:27:40.000000000Z[0m [INFO] TRADER-001.nautilus_portfolio::portfolio: BTCUSDT-PERP.BINANCE net_position=0[0m
[1m2024-04-12T15:27:40.000000000Z[0m [INFO] TRADER-001.nautilus_portfolio::manager: BTCUSDT-PERP.BINANCE margin_maint=0.00000000 USDT[0m
[1m2024-04-12T15:27:40.000000000Z[0m [INFO] TRADER-001.nautilus_portfolio::portfolio: Updated AccountState(account_id=BINANCE-001, account_type=MARGIN, base_currency=USDT, is_reported=false, balances=[AccountBalance(total=104308.59917708 USDT, locked=0.00000000 USDT, free=104308.59917708 USDT)], margins=[], event_id=a9cf1f0d-79c7-4198-8745-27f20ad29030)[0m
[1m2024-04-12T15:27:40.000000000Z[0m [INFO] TRADER-001.nautilus_trading::strategy: DataActor-140722251481704 <--[EVT] PositionClosed(PositionClosed { trader_id: "TRADER-001", strategy_id: "DataActor-140722251481704", instrument_id: "BTCUSDT-PERP.BINANCE", position_id: "P-20240412-145000-001-140722251481704-2", account_id: "BINANCE-001", opening_order_id: "O-20240412-145000-001-140722251481704-4", closing_order_id: Some("O-20240412-145000-001-140722251481704-5"), entry: Sell, side: Flat, signed_qty: 0.0, quantity: Quantity(0.000), peak_quantity: Quantity(9.474), last_qty: Quantity(9.474), last_px: Price(69707.9), currency: Currency(code='USDT', precision=8, iso4217=0, name='Tether', currency_type=CRYPTO), avg_px_open: 69540.5, avg_px_close: Some(69707.90000000001), realized_return: -0.0024072303190228535, realized_pnl: Some(Money(-2377.49120496, USDT)), unrealized_pnl: Money(0.00000000, USDT), duration: 2260000000000, event_id: UUID4(a3b9b164-fea3-492e-bc33-c102e6c5003c), ts_opened: UnixNanos(1712933400000000000), ts_closed: Some(UnixNanos(1712935660000000000)), ts_event: UnixNanos(1712935660000000000), ts_init: UnixNanos(1712935660000000000) })[0m
[1m2024-04-12T15:27:40.000000000Z[0m [INFO] TRADER-001.nautilus_portfolio::manager: BTCUSDT-PERP.BINANCE margin_init=0.00000000 USDT[0m
[1m2024-04-12T15:27:40.000000000Z[0m [INFO] TRADER-001.nautilus_portfolio::portfolio: Updated AccountState(account_id=BINANCE-001, account_type=MARGIN, base_currency=USDT, is_reported=false, balances=[AccountBalance(total=104308.59917708 USDT, locked=0.00000000 USDT, free=104308.59917708 USDT)], margins=[], event_id=fe00c83d-9ffc-4a9e-ba66-3c7729e011e5)[0m
[1m2024-04-12T15:27:40.000000000Z[0m [INFO] TRADER-001.nautilus_trading::strategy: DataActor-140722251481704 <--[EVT] OrderCanceled(instrument_id=BTCUSDT-PERP.BINANCE, client_order_id=O-20240412-145000-001-140722251481704-6, venue_order_id=BINANCE-1-6, account_id=BINANCE-001, ts_event=1712935660000000000)[0m
[1m2024-04-15T04:01:00.000000000Z[0m [INFO] TRADER-001.nautilus_system::kernel: Stopping trader...[0m
[1m2024-04-15T04:01:00.000000000Z[0m [INFO] TRADER-001.nautilus_system::trader: Stopping[0m
[1m2024-04-15T04:01:00.000000000Z[0m [INFO] TRADER-001.DataActor-140722251481704: Stopping[0m
[1m2024-04-15T04:01:00.000000000Z[0m [INFO] TRADER-001.nautilus_trading::strategy: No BTCUSDT-PERP.BINANCE open, emulated, or inflight orders to cancel[0m
[1m2024-04-15T04:01:00.000000000Z[0m [INFO] TRADER-001.DataActor-140722251481704: Stopped[0m
[1m2024-04-15T04:01:00.000000000Z[0m [INFO] TRADER-001.nautilus_system::trader: Stopped[0m
[1m2024-04-15T04:01:00.000000000Z[0m [INFO] TRADER-001.nautilus_risk::engine: Stopped[0m
[1m2024-04-15T04:01:00.000000000Z[0m [INFO] TRADER-001.nautilus_backtest::execution_client: Backtest execution client stopped[0m
[1m2024-04-15T04:01:00.000000000Z[0m [INFO] TRADER-001.nautilus_execution::engine: Stopped[0m
[1m2026-08-08T05:43:04.538074955Z[0m [36m[INFO] TRADER-001.nautilus_backtest::engine: =================================================================[0m
[1m2026-08-08T05:43:04.538076247Z[0m [36m[INFO] TRADER-001.nautilus_backtest::engine:  BACKTEST POST-RUN[0m
[1m2026-08-08T05:43:04.538076537Z[0m [36m[INFO] TRADER-001.nautilus_backtest::engine: =================================================================[0m
[1m2026-08-08T05:43:04.538076668Z[0m [INFO] TRADER-001.nautilus_backtest::engine: Run config ID:  None[0m
[1m2026-08-08T05:43:04.538077228Z[0m [INFO] TRADER-001.nautilus_backtest::engine: Run ID:         dbb15c78-24c2-40a9-acea-84c107489b07[0m
[1m2026-08-08T05:43:04.538077689Z[0m [INFO] TRADER-001.nautilus_backtest::engine: Run started:    2026-08-08T05:43:04.208375021Z[0m
[1m2026-08-08T05:43:04.538078070Z[0m [INFO] TRADER-001.nautilus_backtest::engine: Run finished:   2026-08-08T05:43:04.538058771Z[0m
[1m2026-08-08T05:43:04.538078761Z[0m [INFO] TRADER-001.nautilus_backtest::engine: Elapsed time:   0 days 00:00:00.329683[0m
[1m2026-08-08T05:43:04.538079151Z[0m [INFO] TRADER-001.nautilus_backtest::engine: Backtest start: 2024-04-07T23:25:10.000000000Z[0m
[1m2026-08-08T05:43:04.538079301Z[0m [INFO] TRADER-001.nautilus_backtest::engine: Backtest end:   2024-04-15T04:01:00.000000000Z[0m
[1m2026-08-08T05:43:04.538079732Z[0m [INFO] TRADER-001.nautilus_backtest::engine: Backtest range: 7 days 04:35:50.000000[0m
[1m2026-08-08T05:43:04.538080343Z[0m [INFO] TRADER-001.nautilus_backtest::engine: Iterations: 72_514[0m
[1m2026-08-08T05:43:04.538080774Z[0m [INFO] TRADER-001.nautilus_backtest::engine: Total events: 16[0m
[1m2026-08-08T05:43:04.538081114Z[0m [INFO] TRADER-001.nautilus_backtest::engine: Total orders: 6[0m
[1m2026-08-08T05:43:04.538081565Z[0m [INFO] TRADER-001.nautilus_backtest::engine: Total positions: 2[0m
[1m2026-08-08T05:43:04.538109346Z[0m [36m[INFO] TRADER-001.nautilus_backtest::engine: =================================================================[0m
[1m2026-08-08T05:43:04.538111719Z[0m [36m[INFO] TRADER-001.nautilus_backtest::engine:  PORTFOLIO PERFORMANCE[0m
[1m2026-08-08T05:43:04.538112050Z[0m [36m[INFO] TRADER-001.nautilus_backtest::engine: =================================================================[0m
[1m2026-08-08T05:43:04.538112530Z[0m [INFO] TRADER-001.nautilus_backtest::engine:  PnL Statistics (USDT)[0m
[1m2026-08-08T05:43:04.538113151Z[0m [36m[INFO] TRADER-001.nautilus_backtest::engine: -----------------------------------------------------------------[0m
[1m2026-08-08T05:43:04.538157276Z[0m [INFO] TRADER-001.nautilus_backtest::engine: Avg Loser:                      -2377.49[0m
[1m2026-08-08T05:43:04.538162093Z[0m [INFO] TRADER-001.nautilus_backtest::engine: Avg Winner:                     6686.09[0m
[1m2026-08-08T05:43:04.538162334Z[0m [INFO] TRADER-001.nautilus_backtest::engine: Expectancy:                     2154.30[0m
[1m2026-08-08T05:43:04.538162464Z[0m [INFO] TRADER-001.nautilus_backtest::engine: Max Loser:                      -2377.49[0m
[1m2026-08-08T05:43:04.538162584Z[0m [INFO] TRADER-001.nautilus_backtest::engine: Max Winner:                     6686.09[0m
[1m2026-08-08T05:43:04.538162855Z[0m [INFO] TRADER-001.nautilus_backtest::engine: Min Loser:                      -2377.49[0m
[1m2026-08-08T05:43:04.538163005Z[0m [INFO] TRADER-001.nautilus_backtest::engine: Min Winner:                     6686.09[0m
[1m2026-08-08T05:43:04.538163135Z[0m [INFO] TRADER-001.nautilus_backtest::engine: PnL (total):                    4308.60[0m
[1m2026-08-08T05:43:04.538163355Z[0m [INFO] TRADER-001.nautilus_backtest::engine: PnL% (total):                   4.31[0m
[1m2026-08-08T05:43:04.538163486Z[0m [INFO] TRADER-001.nautilus_backtest::engine: Win Rate:                       0.50[0m
[1m2026-08-08T05:43:04.538163906Z[0m [36m[INFO] TRADER-001.nautilus_backtest::engine: -----------------------------------------------------------------[0m
[1m2026-08-08T05:43:04.538164277Z[0m [INFO] TRADER-001.nautilus_backtest::engine:  Returns Statistics[0m
[1m2026-08-08T05:43:04.538164447Z[0m [36m[INFO] TRADER-001.nautilus_backtest::engine: -----------------------------------------------------------------[0m
[1m2026-08-08T05:43:04.538177206Z[0m [INFO] TRADER-001.nautilus_backtest::engine: Average (Return):               0.00[0m
[1m2026-08-08T05:43:04.538177486Z[0m [INFO] TRADER-001.nautilus_backtest::engine: Average Loss (Return):          -0.00[0m
[1m2026-08-08T05:43:04.538177606Z[0m [INFO] TRADER-001.nautilus_backtest::engine: Average Win (Return):           0.01[0m
[1m2026-08-08T05:43:04.538177737Z[0m [INFO] TRADER-001.nautilus_backtest::engine: Profit Factor:                  4.79[0m
[1m2026-08-08T05:43:04.538177917Z[0m [INFO] TRADER-001.nautilus_backtest::engine: Returns Volatility (252 days):  0.16[0m
[1m2026-08-08T05:43:04.538178187Z[0m [INFO] TRADER-001.nautilus_backtest::engine: Risk Return Ratio:              0.46[0m
[1m2026-08-08T05:43:04.538178347Z[0m [INFO] TRADER-001.nautilus_backtest::engine: Sharpe Ratio (252 days):        7.35[0m
[1m2026-08-08T05:43:04.538178528Z[0m [INFO] TRADER-001.nautilus_backtest::engine: Sortino Ratio (252 days):       42.57[0m
[1m2026-08-08T05:43:04.538179048Z[0m [36m[INFO] TRADER-001.nautilus_backtest::engine: -----------------------------------------------------------------[0m
[1m2026-08-08T05:43:04.538179649Z[0m [INFO] TRADER-001.nautilus_backtest::engine:  General Statistics[0m
[1m2026-08-08T05:43:04.538179810Z[0m [36m[INFO] TRADER-001.nautilus_backtest::engine: -----------------------------------------------------------------[0m
[1m2026-08-08T05:43:04.538182934Z[0m [INFO] TRADER-001.nautilus_backtest::engine: Long Ratio:                     0.5[0m
[1m2026-08-08T05:43:04.538183185Z[0m [36m[INFO] TRADER-001.nautilus_backtest::engine: -----------------------------------------------------------------[0m
[1m2026-08-08T05:43:04.623487666Z[0m [INFO] TRADER-001.nautilus_system::kernel: Disposing[0m
[1m2026-08-08T05:43:04.623506504Z[0m [INFO] TRADER-001.nautilus_system::trader: Disposing[0m
[1m2026-08-08T05:43:04.623509959Z[0m [INFO] TRADER-001.DataActor-140722251481704: Disposing[0m
[1m2026-08-08T05:43:04.623517540Z[0m [INFO] TRADER-001.DataActor-140722251481704: Disposed[0m
[1m2026-08-08T05:43:04.623524771Z[0m [INFO] TRADER-001.nautilus_system::trader: Disposed[0m
[1m2026-08-08T05:43:04.623532172Z[0m [INFO] TRADER-001.nautilus_backtest::execution_client: Backtest execution client stopped[0m
[1m2026-08-08T05:43:04.623538050Z[0m [INFO] TRADER-001.nautilus_execution::engine: Stopped[0m
[1m2026-08-08T05:43:04.623539453Z[0m [INFO] TRADER-001.nautilus_risk::engine: Stopped[0m
[1m2026-08-08T05:43:04.623541245Z[0m [INFO] TRADER-001.nautilus_execution::order_emulator::emulator: Stopped[0m
[1m2026-08-08T05:43:04.623546213Z[0m [INFO] TRADER-001.nautilus_execution::engine: Disposed[0m
[1m2026-08-08T05:43:04.623546743Z[0m [INFO] TRADER-001.nautilus_risk::engine: Disposed[0m
[1m2026-08-08T05:43:04.623548816Z[0m [INFO] TRADER-001.nautilus_execution::order_emulator::emulator: Disposed[0m
[1m2026-08-08T05:43:04.623577258Z[0m [INFO] TRADER-001.nautilus_common::cache: Reset cache[0m
[1m2026-08-08T05:43:04.623594644Z[0m [INFO] TRADER-001.nautilus_system::kernel: Disposed[0m
{"closed_trades": 2, "daily_geometric_growth": 0.006044425573802137, "final_nav_usdt": 104308.59917708, "first_window_gate_passed": false, "signals": 2, "window": "screen-01", "wins": 1}
{
  "ablation_modes": [
    "none"
  ],
  "by_opening_session": {
    "NEW_YORK": 2
  },
  "by_scenario_family": {
    "SESSION_OPENING_DRIVE_ACCEPTANCE_CONTINUATION": 2
  },
  "candidate": "candidate-08-opening-drive-acceptance-btc-nautilus-v1",
  "candidate_time_horizon": "SESSION_OPEN_TO_FOUR_HOURS",
  "close_reasons": {
    "EXTERNAL_TARGET": 1,
    "STRUCTURAL_STOP": 1
  },
  "closed_trades": 2,
  "combined_calendar_days": 7.0,
  "combined_daily_geometric_growth": 0.006044425573802137,
  "execution_adapter_revision": "OPENING_DRIVE_ACCEPTANCE_EXECUTION_LABELS_V1",
  "execution_risk_revision": "BAR_MARKET_TWO_TICK_ENTRY_RESERVE_V1",
  "goal_daily_geometric_growth": 0.01,
  "goal_met": false,
  "positive_trade_share": 0.5,
  "promotable": true,
  "realized_pnl_by_symbol": {
    "BTCUSDT": 4308.59917708
  },
  "scalping_alpha_inputs": false,
  "signal_implementation_revision": "OPENING_DRIVE_ACCEPTANCE_RETEST_V1_TWO_TICK_BAR_ENTRY",
  "single_asset_positive_pnl_share": 1.0,
  "single_trade_positive_pnl_share": 1.0,
  "source_signal_revision": "OPENING_DRIVE_ACCEPTANCE_RETEST_SIGNALS_V1",
  "suite": "first",
  "suite_gate_checks": {
    "all_signal_times_processed": true,
    "all_submitted_entries_observed": true,
    "base_contract_not_ablated": true,
    "closed_trades_matched_to_intents": true,
    "cost_after_total_return_positive": true,
    "entry_causality": true,
    "fill_adjusted_risk_budget_respected": true,
    "funding_cost_state_is_causal_and_complete": true,
    "minimum_closed_trades": false,
    "no_execution_failures": true,
    "no_residual_exposure": true,
    "no_unexpected_or_liquidation_closes": true,
    "planned_risk_budget_respected": true,
    "position_exit_causality": true,
    "realized_loss_budget_respected": true
  },
  "suite_gate_passed": false,
  "symbols_with_closed_trades": [
    "BTCUSDT"
  ],
  "window_results": [
    {
      "closed_trades": 2,
      "daily_geometric_growth": 0.006044425573802137,
      "final_nav_usdt": 104308.59917708,
      "first_window_gate_passed": false,
      "maximum_realized_equity_drawdown": 0.022284922021664322,
      "name": "screen-01",
      "total_return": 0.04308599177079997,
      "win_rate": 0.5,
      "wins": 1
    }
  ],
  "windows": [
    {
      "end": "2024-04-15T00:00:00Z",
      "name": "screen-01",
      "start": "2024-04-08T00:00:00Z"
    }
  ],
  "wins": 1
}
{
  "first_window_gate_passed": false
}
{
  "candidate": "candidate-08-opening-drive-acceptance-btc-nautilus-v1",
  "classification": "CLEAN_LOGIC_FAILURE_INSUFFICIENT_OPENING_DRIVE_FREQUENCY",
  "detector_diagnostics": {
    "ACCEPTED_OPENING_DRIVE_REENTERED_INITIAL_BALANCE": 14,
    "COMPLETE_INITIAL_BALANCE": 66,
    "IB_EXTENSION_CONSUMED_BEFORE_RETEST": 19,
    "IB_EXTENSION_CONSUMED_IN_BREAKOUT_BAR": 4,
    "INCOMPLETE_INITIAL_BALANCE": 15,
    "NO_ACCEPTED_BOUNDARY_RETEST_BEFORE_ROUTE_END": 3,
    "NO_CONTIGUOUS_NEXT_TEN_SECOND_EXECUTION_BUCKET": 12,
    "OPENING_DRIVE_DISPLACEMENT_CLOSE_OUTSIDE": 61,
    "OPENING_DRIVE_NOT_ACCEPTED_ON_SECOND_CLOSE": 11,
    "SECOND_OUTSIDE_CLOSE_ACCEPTED": 40,
    "SIGNAL": 2,
    "SIGNAL_TIMES": 2,
    "TRADEABLE_OPENING_DRIVE_ACCEPTANCE_SIGNAL": 2,
    "V2_BAR_MARKET_COST_CONTRACT_PASS": 2,
    "V2_THREE_EVENT_LEDGER_PASS": 2
  },
  "first_command_status": 0,
  "first_suite_summary": {
    "ablation_modes": [
      "none"
    ],
    "by_opening_session": {
      "NEW_YORK": 2
    },
    "by_scenario_family": {
      "SESSION_OPENING_DRIVE_ACCEPTANCE_CONTINUATION": 2
    },
    "candidate": "candidate-08-opening-drive-acceptance-btc-nautilus-v1",
    "candidate_time_horizon": "SESSION_OPEN_TO_FOUR_HOURS",
    "close_reasons": {
      "EXTERNAL_TARGET": 1,
      "STRUCTURAL_STOP": 1
    },
    "closed_trades": 2,
    "combined_calendar_days": 7.0,
    "combined_daily_geometric_growth": 0.006044425573802137,
    "execution_adapter_revision": "OPENING_DRIVE_ACCEPTANCE_EXECUTION_LABELS_V1",
    "execution_risk_revision": "BAR_MARKET_TWO_TICK_ENTRY_RESERVE_V1",
    "goal_daily_geometric_growth": 0.01,
    "goal_met": false,
    "positive_trade_share": 0.5,
    "promotable": true,
    "realized_pnl_by_symbol": {
      "BTCUSDT": 4308.59917708
    },
    "scalping_alpha_inputs": false,
    "signal_implementation_revision": "OPENING_DRIVE_ACCEPTANCE_RETEST_V1_TWO_TICK_BAR_ENTRY",
    "single_asset_positive_pnl_share": 1.0,
    "single_trade_positive_pnl_share": 1.0,
    "source_signal_revision": "OPENING_DRIVE_ACCEPTANCE_RETEST_SIGNALS_V1",
    "suite": "first",
    "suite_gate_checks": {
      "all_signal_times_processed": true,
      "all_submitted_entries_observed": true,
      "base_contract_not_ablated": true,
      "closed_trades_matched_to_intents": true,
      "cost_after_total_return_positive": true,
      "entry_causality": true,
      "fill_adjusted_risk_budget_respected": true,
      "funding_cost_state_is_causal_and_complete": true,
      "minimum_closed_trades": false,
      "no_execution_failures": true,
      "no_residual_exposure": true,
      "no_unexpected_or_liquidation_closes": true,
      "planned_risk_budget_respected": true,
      "position_exit_causality": true,
      "realized_loss_budget_respected": true
    },
    "suite_gate_passed": false,
    "symbols_with_closed_trades": [
      "BTCUSDT"
    ],
    "window_results": [
      {
        "closed_trades": 2,
        "daily_geometric_growth": 0.006044425573802137,
        "final_nav_usdt": 104308.59917708,
        "first_window_gate_passed": false,
        "maximum_realized_equity_drawdown": 0.022284922021664322,
        "name": "screen-01",
        "total_return": 0.04308599177079997,
        "win_rate": 0.5,
        "wins": 1
      }
    ],
    "windows": [
      {
        "end": "2024-04-15T00:00:00Z",
        "name": "screen-01",
        "start": "2024-04-08T00:00:00Z"
      }
    ],
    "wins": 1
  },
  "first_window": {
    "closed_trades": 2,
    "daily_geometric_growth": 0.006044425573802137,
    "gate_passed": false,
    "implementation_clean": true,
    "maximum_drawdown": 0.022284922021664322,
    "signals": 2,
    "total_return": 0.04308599177079997,
    "win_rate": 0.5,
    "window": {
      "end": "2024-04-15T00:00:00Z",
      "name": "screen-01",
      "start": "2024-04-08T00:00:00Z"
    },
    "wins": 1
  },
  "goal_verified": false,
  "next_action": "REJECT_OPENING_DRIVE_ACCEPTANCE_V1",
  "scenario_family": "SESSION_OPENING_DRIVE_ACCEPTANCE_CONTINUATION",
  "screen_command_status": 0,
  "screen_suite_summary": null,
  "screen_windows": [],
  "ten_second_alpha_inputs": false,
  "top_rejection_reasons": {
    "ACCEPTED_OPENING_DRIVE_REENTERED_INITIAL_BALANCE": 14,
    "IB_EXTENSION_CONSUMED_BEFORE_RETEST": 19,
    "IB_EXTENSION_CONSUMED_IN_BREAKOUT_BAR": 4,
    "NO_ACCEPTED_BOUNDARY_RETEST_BEFORE_ROUTE_END": 3,
    "NO_CONTIGUOUS_NEXT_TEN_SECOND_EXECUTION_BUCKET": 12,
    "OPENING_DRIVE_NOT_ACCEPTED_ON_SECOND_CLOSE": 11
  }
}
