symbol,side,ts,root_ts,source,scale,entry,stop,target,rr,entry_kind,root_low,root_high,pool,shift,flow,delivery_minutes,first_leg_minutes,test_effort,test_progress_per_volume,test_depth,reply_fraction,rebound_ts,tip,tip_ts,episode,impact_imbalance,response_5,common_5,flow_5,response_15,common_15,flow_15,response_60,common_60,flow_60,relative_60,relative_240,value_position,reply_acceleration,activity_burst,owner_15,owner_60,owner_240,stop_bps,target_bps,duration_ratio,predicted_win,predicted_value,relative_strength,market_direction,market_breadth
BTCUSDT,-1,1722669060000000000,1722666000000000000,1722663000000000000,5.0,61769.9,61876.5,61648.7,1.136960600375291,market,61769.9,61876.5,61825.5,61773.0,-0.3601467009201069,36,51,0.9183238652556923,0.8301214668967103,0.28773318258903924,0.6020350480497406,1722666900000000000,61876.4,1722669000000000000,94,-0.041466953800601176,0.6590824889600432,0.09020687380656249,-0.2672407878195972,1.082890988675726,-0.3946418033484957,-0.6168693558661186,0.8161183870865808,-0.471696197423917,-0.6558300883673265,0.24916258489328896,0.2401090130630622,-0.077767171761428,0.13951721763613795,0.9332722448705648,-1.0,1.0,1.0,17.25759633737444,19.621207092775666,0.7058823529411765,0.5181168194939548,0.0,0.6811218308974983,-0.43491308544068025,0.25
BTCUSDT,1,1722676980000000000,1722675000000000000,1722673800000000000,5.0,61503.8,61420.1,61607.9,1.243727598566226,market,61420.1,61503.8,61450.0,61494.0,-0.31645408928297447,23,21,1.0743866746894724,0.8353487582883774,0.18860759493672727,0.5291139240506697,1722675600000000000,61420.2,1722676440000000000,95,0.1367877651185325,0.37930576058534865,0.19514295854308952,-0.21860859316969544,0.8231210516296781,-0.20249019202058482,-0.5861800969757067,0.7691310636359976,-0.19944921827812842,-0.5920484612453261,0.11754823252037559,0.18005629397846387,-0.15453286859024934,-0.292362074719197,0.7837793988902645,1.0,-1.0,-1.0,13.608915221499217,16.92578344752658,1.0952380952380953,0.400106624927112,0.0,0.18563161033231607,-0.31454290863368917,0.25
BTCUSDT,-1,1722680340000000000,1722678300000000000,1722676500000000000,5.0,61698.0,61757.0,61578.9,2.0186440677965853,market,61698.0,61757.0,61700.0,61711.5,-0.2260918413444617,29,31,0.7472091872976999,1.2317676037243146,0.4694719471947428,0.48597359735975965,1722678600000000000,61756.9,1722679800000000000,95,-0.03870748545405043,0.1612078644303716,0.42380460057066954,-0.3172071200926665,0.12247232730790646,0.07912591353288945,-0.3688987874100067,0.6903207781558593,-0.47438585171690345,-0.8771315594234903,-0.13078965473412493,-0.13029265385194394,-0.06769172293799582,-0.06878159890127217,1.1078941512526645,-1.0,1.0,1.0,9.562708677752925,19.303705144412874,0.9354838709677419,0.423802902435221,0.0,0.024395306540176298,-0.26306310245222997,0.25
BTCUSDT,-1,1722684600000000000,1722682800000000000,1722678600000000000,5.0,61850.0,61890.1,61753.799999999996,2.399002493765782,market,61850.0,61890.1,61865.4,61860.0,-0.005144580150105771,15,71,1.1142366011420974,3.160183575897923,0.22023276633838482,0.35810205908682574,1722683700000000000,61890.0,1722684300000000000,96,0.0871412942012871,-0.47216978628541245,0.5084954511998289,0.25587951193151787,-0.008476102483980454,0.06372877044570752,-0.045867107567858834,0.11705489017654035,-0.2925559440280814,-0.35826432483747656,-0.20145802762360301,-0.36301746358845377,-0.23496803833763594,-0.1887057843526948,0.9972733982650429,-1.0,1.0,1.0,6.483427647534122,15.553759094584375,0.2112676056338028,0.3587913021320325,0.0,-0.08073729942867415,0.1983070065458942,0.75
BTCUSDT,-1,1722696180000000000,1722694200000000000,1722693000000000000,5.0,62047.2,62121.2,61868.2,2.418918918918919,market,62047.2,62121.2,62090.3,62059.4,0.034533697917086825,28,21,0.7322953524457603,0.9936396320401407,0.13861386138611625,0.3325832583258326,1722694500000000000,62121.1,1722695940000000000,97,0.08392946999712358,-0.430547380430228,0.49975344414495476,0.22943804896691136,-0.6772679009768504,0.37937954321744266,-0.0963319510061482,-0.4371248345896075,-0.12123928804750744,0.02835539211357383,-0.38149681894306203,-0.16953625986911083,-0.12028652924398281,0.035165339333094764,0.8171210899159351,-1.0,-1.0,1.0,11.926404414703645,28.849005273404764,1.3333333333333333,0.3535995661468061,0.0,-1.1175016485579072,0.401926172085424,0.75
BTCUSDT,1,1722710820000000000,1722709200000000000,1722707100000000000,5.0,60412.8,60089.9,60824.700000000004,1.275627129142148,market,60089.9,60412.8,60410.3,60300.0,-0.15646615677432174,17,36,5.971313890073145,1.9496991216715758,0.7727382388419853,0.7787696019300432,1722709800000000000,60090.0,1722710040000000000,99,0.021017087817175047,0.6610681324388026,0.6185091075340928,0.25346136776966344,-1.3448954364883496,1.1734302943250716,-0.44256000091544756,-0.29640641152925085,-0.0765278162916404,-0.04624884351586036,-0.3516822302771226,-0.37146697824583286,-0.5308966422780281,1.0613605091854366,0.7271003338669937,-1.0,-1.0,-1.0,53.44893797340985,68.18091530271755,0.4722222222222222,0.4052303219396869,0.0,-1.248879343608967,0.6910799103288595,0.75
BTCUSDT,1,1722712080000000000,1722710100000000000,1722709800000000000,5.0,60252.0,60089.9,60416.700000000004,1.0160394818013931,market,60089.9,60252.0,60090.0,60248.5,-0.1275249741255544,18,6,0.20921728264156608,1.000020941429022,-0.0030599755201958113,0.4926560587515256,1722711000000000000,60091.0,1722711840000000000,99,0.0241724640128217,-0.19924834859162907,0.8814570401356402,0.06274239025074849,-0.8325561133399658,0.7893082402899787,-0.05668766404597263,-0.4894313072962381,0.31455929229013996,-0.09631708884298053,-0.6117744344118512,-0.5481399531470444,-0.6714349766911774,-0.02101694992266831,0.6603474990083017,-1.0,-1.0,-1.0,26.90367124742723,27.33519219279101,3.0,0.42548790922056173,0.0,-0.7447440243316106,0.5550254250593066,0.75
BTCUSDT,-1,1722717900000000000,1722714600000000000,1722713400000000000,5.0,60500.4,60690.1,60132.9,1.9372693726937567,market,60500.4,60690.1,60621.0,60545.2,-0.01969584432768734,35,21,0.3758715243012819,1.736777457517915,0.14133551823023435,0.38836542400655405,1722715800000000000,60690.0,1722717360000000000,99,-0.11168930820731361,0.08855586318298314,0.6545691100971749,0.10437995272939966,0.07442529588684628,0.1423587412309412,-0.06167197635306568,-0.4532730032406224,-0.29253283309333955,-0.4103384016949909,-0.8634727729280965,-0.6671932408470186,-0.06790837871019846,0.15102348167124777,0.4139761380976877,1.0,1.0,1.0,31.355164593952615,60.74340004363608,1.6666666666666667,0.3136885831841874,0.0,-0.1362962452339966,0.3577163199933159,0.75
BTCUSDT,-1,1722724980000000000,1722721800000000000,1722720600000000000,5.0,60595.6,60842.299999999996,60345.5,1.013781921361984,market,60595.6,60842.299999999996,60842.2,60600.1,0.006000175979191336,38,21,0.7258102879845024,2.403293675535554,-0.1914251207729456,0.3049516908212587,1722722700000000000,60747.1,1722723120000000000,100,-0.1511776259968057,0.2785311544312514,0.015539881035137613,-0.04807573293804585,0.3440081923910655,-0.27545563194754463,-0.1052594634791327,0.2660236979113728,-0.26047290535118,-0.315057503654823,-0.04180165187847577,-0.2680654387466174,-0.32137471233533915,0.21601685346193156,0.17524254066270722,1.0,1.0,1.0,40.71252698215664,41.273623827472385,1.8095238095238095,0.3934693895008976,0.0,0.18967096718134535,-0.15596159994566333,0.25
BTCUSDT,1,1722727140000000000,1722722700000000000,1722721800000000000,5.0,60504.2,60345.3,60747.0,1.5280050346130385,market,60345.3,60504.2,60345.4,60478.0,-0.06354518847382051,64,16,0.2784949154221828,0.8135111518406576,-0.04530744336568888,0.35001244709982465,1722723300000000000,60363.6,1722726360000000000,100,0.14916058651729314,-0.2489036916670354,0.3776678616134668,0.2017586339657954,-0.4830415606058001,0.24736403725040762,-0.10528309463066261,-0.41236411624013525,0.3131480023174793,0.05725592619764097,-0.3690012100215198,0.2994229644840766,0.1871451330675065,0.05981344756068156,0.4444954701415138,-1.0,-1.0,-1.0,26.262639618405696,40.12944555915175,4.0,0.3527216076156694,0.0,-0.31138121055236917,-0.07030763647278748,0.5
BTCUSDT,-1,1722764520000000000,1722761400000000000,1722759300000000000,5.0,60628.0,60690.1,60481.1,2.365539452496053,market,60628.0,60690.1,60649.9,60640.1,-0.13602945672963984,37,36,0.609477412468791,0.6738417814271812,0.23741859088216813,0.36708111308466235,1722762300000000000,60690.0,1722764280000000000,104,-0.029066042085400277,0.08935548338430736,0.4860344125878753,-0.22797094697348824,-0.0019397169172600912,0.21650003843559404,-0.2210039460459828,0.0037442456009993434,-0.10272194149458796,-0.1300083413101214,-0.13705371606114589,-0.1013294022797143,-0.2062602000792932,-0.09024481600529834,0.9686776881178101,1.0,1.0,1.0,10.242792109256209,24.229728838160828,1.0277777777777777,0.41573079537839114,0.0,-0.30943594286245607,0.3617838590542036,1.0
BTCUSDT,1,1722789300000000000,1722787500000000000,1722786000000000000,5.0,59001.1,58856.9,59294.9,2.037447988904361,market,58856.9,59001.1,58889.1,58970.0,0.0037009344024039326,20,26,0.7841028399954924,2.168540869816313,0.07908351810790448,0.3550135501354965,1722788100000000000,58857.0,1722788880000000000,107,-0.10537975700168395,0.2950621703046506,0.2367229514689548,0.202411014843963,-0.6236265362887724,0.253846037636067,0.11501868885989865,-0.6916937258046426,-0.05194512865897236,-0.02446673240343995,-0.8088847201078274,-1.0386002790873492,-0.9253376393176159,0.31939387215643045,0.6675661254900228,-1.0,-1.0,-1.0,24.440222300939663,49.79568177542502,0.7692307692307693,0.3471835547625667,0.0,-0.30279752539163696,-0.07745581515894007,0.5
BTCUSDT,1,1722806220000000000,1722804600000000000,1722802500000000000,5.0,59005.8,58823.9,59197.700000000004,1.0549752611324898,market,58823.9,59005.8,58824.0,58970.9,-0.20940516882893667,17,36,0.4726357251252277,1.712726922274537,-0.1712145532370238,0.31514178705190476,1722805200000000000,58888.0,1722806220000000000,109,0.03598546586095346,0.3726352003451053,0.2214813870271181,-0.001752895149438623,-0.2437953725310174,-0.043942070115709546,-0.025607248602316706,-0.3101313571095899,-0.36450738651049236,-0.006636541092811665,-0.4143582296129502,-0.1580872463246173,0.7224500800139573,0.2957879343708705,0.2821992170914578,-1.0,-1.0,-1.0,30.827477976741513,32.52222662856896,0.4722222222222222,0.42606975371787287,0.0,-0.14400870826834938,-0.18068169864707256,0.25
BTCUSDT,-1,1722822720000000000,1722821100000000000,1722820500000000000,5.0,54541.8,55173.299999999996,53235.9,2.067933491686487,market,54541.8,55173.299999999996,54950.0,54560.2,0.003420166620821341,22,11,0.463146374097764,1.0816497658633015,0.1302065103255148,0.36833508342083493,1722821400000000000,55173.2,1722822300000000000,109,0.02998055046437489,0.40291767499740183,0.2660833859427637,0.00843044912388429,-0.3539815575513089,0.9292264466674096,-0.05062068286475856,0.10857904598992305,3.9369130450110963,0.48778261324951033,0.7606164686816196,0.9415124348971998,0.5865025348369294,0.08394477522483133,0.6560166070375577,1.0,1.0,1.0,115.78275744474746,239.4310418798062,2.0,0.3999232172182755,0.0,-0.19523950541144386,0.6310876141619652,1.0
BTCUSDT,-1,1722827160000000000,1722825300000000000,1722824400000000000,5.0,54296.2,54687.5,53745.299999999996,1.4078711985688663,market,54296.2,54687.5,54485.9,54301.9,-0.02712880952886132,21,16,0.8443508345334484,1.2153943095089537,0.27203996219791926,0.5281490481976536,1722825900000000000,54687.4,1722826860000000000,111,0.030432799960045408,0.05382950004633608,0.7717961747648208,0.0028070356006981703,-0.024622801712689036,0.28341867174586965,-0.041879658355015996,-0.21115945492375418,-0.4069410979370986,-0.13141688364279466,-0.2293436456260001,1.1178574887457613,0.4570610567645949,0.04636316152050827,0.3885241282168178,1.0,1.0,1.0,72.06765851017252,101.46198076476834,1.3125,0.4425440264978815,0.0,-0.0660973935010272,0.29720743974134217,1.0
BTCUSDT,1,1722861540000000000,1722858300000000000,1722856800000000000,5.0,50660.7,49737.9,51620.5,1.040095361941924,market,49737.9,50660.7,50590.1,50587.6,-0.02504969490211295,44,26,0.966427992277052,0.958463768428003,0.8268801552644334,0.895390587093641,1722858900000000000,49738.0,1722861240000000000,115,0.016968951229298798,0.7046237982092555,1.8631329256418696,0.3446663293850819,0.49692872344561057,0.40971960558920856,0.18716276399412907,-0.6509869785451436,0.6152447789467227,0.11887043862395276,-0.6778685864033774,-0.5646746210124346,-0.37640119962570917,0.05571346581933538,1.8079572347252502,-1.0,-1.0,-1.0,182.15302986338438,189.45652152457484,1.6923076923076923,0.4582087367781718,0.0,0.3609373582539821,0.6019549456219636,1.0
BTCUSDT,1,1722862980000000000,1722861300000000000,1722858900000000000,5.0,50050.8,49500.9,51317.9,2.3042371340243593,market,49500.9,50050.8,49738.0,49927.5,-0.03806652021841905,18,41,1.4832471574457609,2.2004766143422727,0.15,0.34797468354430566,1722861900000000000,49501.0,1722862560000000000,117,0.020096724448381675,0.6803597076673303,0.07963056056292982,0.19839420153786017,-0.10869579759435488,-0.6685455891468828,0.1134159394587906,-0.31914951974972644,-0.47520776476534016,0.04147589945233874,-0.44236459906140635,-0.6533366123929232,-0.5592242605246961,0.5178404986852538,1.3234344963259712,-1.0,-1.0,-1.0,109.86837373228828,253.16278660880513,0.43902439024390244,0.36574867769288727,0.0,0.2023521827589646,-1.0521265926132006,0.0
BTCUSDT,-1,1722870120000000000,1722866700000000000,1722864900000000000,5.0,53580.4,54489.6,52506.5,1.1811482622085403,market,53580.4,54489.6,53897.9,53745.2,-0.028764988684715886,32,31,0.6122618505007313,1.572863163951574,0.42515271289974743,0.6533237513474657,1722868200000000000,54489.5,1722869040000000000,118,-0.3217240379066765,0.27819133518704764,0.8787706749873612,0.0924512018702806,-0.012680315727293173,0.47552788576666866,-0.008647873794423482,-0.06840938482525978,-0.2832154201532321,-0.04177345704116599,-0.06281758370458543,-0.07041754879109141,-0.7741236410814146,0.15872007046153036,0.7116206390310669,-1.0,-1.0,1.0,169.68891609618387,200.4277683630584,1.032258064516129,0.5407504583541899,0.0,-0.1590601566911296,0.49349850558104313,1.0
BTCUSDT,-1,1722871200000000000,1722869100000000000,1722868200000000000,5.0,54184.1,54728.799999999996,53486.0,1.2816229116945148,market,54184.1,54728.799999999996,54489.5,54321.5,-0.026130381599608343,15,16,0.7188018604904436,1.6456635850287311,0.23834196891191453,0.5426464726982855,1722870300000000000,54728.7,1722870780000000000,118,-0.3288255014555276,0.39536887583103236,0.21645480235127504,0.048908524823505856,0.0977738897594194,-0.691376517740002,-0.08634501987842641,-0.23457236278968124,-0.17537505850986215,-0.07900033259840902,-0.2761264482574402,0.014844236489139713,-0.9481650942920771,0.14543631639776267,0.7330587978745184,-1.0,-1.0,1.0,100.5276455639195,128.8385338134247,0.9375,0.4470476484871413,0.0,0.18525194321748467,-0.6719132687823464,0.0
BTCUSDT,-1,1722872580000000000,1722870900000000000,1722870300000000000,5.0,54596.9,54952.4,54002.1,1.6731364275668155,market,54596.9,54952.4,54728.7,54643.6,0.06360573091454602,18,11,0.7340453729214577,0.8147362845692526,0.3076923076923169,0.4890601348562032,1722871500000000000,54952.3,1722872460000000000,118,-0.3331643480080135,0.30301914609408526,0.12012531094279316,-0.04996878374076624,-0.3052138353189367,-0.1430922564043346,-0.0018696241094526911,-0.17233814718726254,-0.10060691408993813,-0.09025593248517423,-0.2414861967430684,-0.22929196741609129,-1.0355034737114155,0.1534676788626089,0.7525221210944933,-1.0,-1.0,1.0,65.11358703516133,108.94391439807075,1.6363636363636365,0.42278749596779347,0.0,0.07820908586150344,-0.4041237494332651,0.25
BTCUSDT,-1,1722880620000000000,1722878400000000000,1722877800000000000,5.0,54711.4,55050.1,54257.299999999996,1.3407144966046936,market,54711.4,55050.1,54728.5,54713.2,-0.0019609482497064956,27,11,0.6078960293462403,0.6787270974337415,0.6821557394440866,0.7184383619775014,1722879000000000000,55050.0,1722880380000000000,119,-0.33435935004583217,0.12574222704163546,0.16557191065362742,0.004023083458209124,-0.044154174604600444,-0.09284692044200772,-0.09375980504390798,-0.08463047492035687,-0.2730300733416228,-0.07074923561369112,-0.11612821506558031,-0.33986319924641034,-0.2938878295880295,0.13674636398581838,0.6316412752553588,-1.0,-1.0,1.0,61.90665930683497,82.9991555690415,2.4545454545454546,0.4424656666958455,0.0,-0.08162875613160803,-0.12782601554728124,0.25
BTCUSDT,1,1722936120000000000,1722934200000000000,1722930900000000000,5.0,54847.0,54531.5,55209.9,1.150237717908087,market,54531.5,54847.0,54570.2,54836.9,-0.044868108644765314,22,56,1.23028591250947,2.42533036028379,0.0603313535479812,0.4929665520475149,1722934800000000000,54531.6,1722935280000000000,127,0.16785159770322358,0.07972738601287778,0.33389319905427073,0.13829493811754007,-0.08490532361993586,0.2654413963212935,0.008288370869711074,0.22743443974513544,-0.6661364815064783,-0.4608275382208137,-0.2661616517173614,-0.029991568967837823,-0.3687090449440825,0.16070983256474664,0.7156623069940041,-1.0,-1.0,-1.0,57.52365671777854,66.1658796287858,0.39285714285714285,0.47642397919462415,0.0,-0.13924274043900975,0.4302364191155669,1.0
BTCUSDT,-1,1722945120000000000,1722942900000000000,1722942300000000000,5.0,55150.1,55377.1,54900.1,1.1013215859030836,market,55150.1,55377.1,55181.0,55183.4,-0.09107856258718461,22,11,1.5944177706643525,0.4750911512374289,0.697508896797153,0.8074733096085461,1722943800000000000,55377.0,1722944880000000000,127,-0.1318487254460705,0.16857915098308085,0.48531808795916814,-0.10740032813525133,0.3133556167353709,0.051758492661564244,-0.26440528652326556,0.1172367768963172,-0.21819752691974514,-0.18902379961603577,-0.052256380570443545,0.054362662971245354,-0.01363247995947444,-0.2604894427398663,0.8106767817211448,1.0,1.0,1.0,41.16039680798403,45.3308334889692,2.0,0.4252440098379652,0.0,0.04086732621259845,0.07597745141139346,0.75
BTCUSDT,-1,1722963660000000000,1722961500000000000,1722958500000000000,5.0,56686.1,56877.5,56222.799999999996,2.420585161964469,market,56686.1,56877.5,56746.1,56700.3,-0.10918484758374247,26,51,0.8662827883052787,1.6767851957962725,0.2508597630875096,0.36549484142147953,1722962100000000000,56877.4,1722963300000000000,134,-0.09954755463918458,-0.240476948162116,0.7131157341113175,0.11307077194020028,0.07571730999050519,0.019528304391349376,-0.22486917681842192,0.04864433616547537,-0.09833632471559703,-0.25085330780588677,-0.22767734242775362,-0.38433555044855294,-0.5589679814159619,-0.2172241792096269,0.5820774036837896,-1.0,-1.0,-1.0,33.76489121671829,81.73079467453272,0.5098039215686274,0.356587045908336,0.0,-0.1460196454842072,-0.06705755414433288,0.5
BTCUSDT,-1,1722992940000000000,1722991200000000000,1722990000000000000,5.0,56145.3,56355.6,55841.1,1.4465049928673832,market,56145.3,56355.6,56293.3,56158.8,0.1086188029247176,19,21,0.6819914830322823,3.080164007608033,0.13751934556709416,0.4647357948264332,1722991800000000000,56355.5,1722992220000000000,139,-0.17815177651931746,0.09990099708788397,0.7280500776139753,0.07798948842067557,-0.3403825532794246,0.12215097353073634,0.23839450864798967,-0.5629754853849928,-0.06437117660597742,0.22168090585149855,-0.36490059202542335,-0.13650972888807306,-0.002970892835047209,0.1399639044324148,0.6140751084729716,1.0,-1.0,-1.0,37.456385485516265,54.18084861956466,0.9047619047619048,0.4247525004931357,0.0,-0.051846980320491495,0.03692999508786694,0.5
BTCUSDT,-1,1722998160000000000,1722996000000000000,1722993300000000000,5.0,56922.7,57249.1,56562.6,1.1032475490195985,market,56922.7,57249.1,57000.0,56971.2,-0.1607813504661495,16,46,2.408812121461343,0.7336580797368992,0.5691428571428572,0.7458285714285781,1722997200000000000,57249.0,1722997980000000000,142,0.09776360492587367,0.30765426913774635,0.31924573473328066,0.17352901594298623,1.4795787123983855,-0.5823022133035443,-0.8975269130715068,1.0873321119046273,-1.318449156800235,-0.7687164721376182,0.2769471812073743,-0.11146693915840834,-0.45260937719730615,-0.52201657945315,1.347310018085987,-1.0,-1.0,-1.0,57.340920230418,63.26122970273696,0.34782608695652173,0.47215125728357027,0.0,0.6387781761422365,-0.7443596623707793,0.0
BTCUSDT,1,1723010580000000000,1723008300000000000,1723007400000000000,5.0,56894.3,56666.200000000004,57149.9,1.1205611573871117,market,56666.200000000004,56894.3,56862.8,56816.3,-0.05822274368422853,23,16,1.4667834590556725,1.0463293120335577,0.68419220055711,0.7938718662952726,1723009200000000000,56666.3,1723010040000000000,142,-0.10316891953272363,0.3289819655093942,0.18203984374115306,0.0690564770599763,0.2698218351479552,0.06663507830352325,0.060346009193298605,-0.08561796725385548,-0.19302043822735665,-0.011083124797292988,-0.11071008932434497,-0.325308550337465,-0.013819377612844073,0.18985626704141068,0.5455439636015487,1.0,1.0,1.0,40.091889697210185,44.92541432094226,1.4375,0.4625529697071755,0.0,0.33125283677031814,0.318204061504335,0.75
BTCUSDT,-1,1723067700000000000,1723065000000000000,1723064100000000000,5.0,55255.6,55550.1,54834.7,1.429202037351448,market,55255.6,55550.1,55260.0,55329.4,-0.03346222154619172,35,16,0.5701250963449833,0.9795779911800176,0.6817113305124566,0.692054536906442,1723065600000000000,55550.0,1723067100000000000,150,0.2812028615301377,0.4631052698418208,0.709734869143553,0.14250613572410298,0.07506003065652095,-0.2595490407693897,-0.14360086026216812,0.12961246580434502,-1.0408336757888477,0.06200727295528762,0.47583256251507544,1.9288198107270396,-0.22947761482646958,0.05641174262374556,0.7066064710289762,-1.0,1.0,1.0,53.297765294377406,76.17327474500348,2.1875,0.4211072088589075,0.0,0.09048384536654125,-0.3564903841146797,0.0
BTCUSDT,-1,1723075920000000000,1723072800000000000,1723069500000000000,5.0,55162.0,55408.2,54897.6,1.0739236393176466,market,55162.0,55408.2,55408.1,55180.0,-0.11820872559137818,32,56,0.9393279605961516,0.9386524025613642,-0.13415589502546063,0.3478260869565199,1723074000000000000,55339.6,1723075800000000000,152,0.2791952398423565,-0.1774436381504948,0.4986415548530069,0.045306059744789844,-0.6884597757354024,0.20120269016097572,-0.24209741833249385,-0.4743651733765019,0.62636739874462,-0.013844804120388599,-0.2704144434655238,0.6302854716502855,-0.09075656687706928,0.1925665605362166,0.8447673168815258,-1.0,1.0,-1.0,44.63217432290293,47.931547079511525,0.5714285714285714,0.4511097372471021,0.0,-0.1752968579843731,-0.54065480295739,0.25
BTCUSDT,1,1723077060000000000,1723074000000000000,1723072800000000000,5.0,55010.6,54863.4,55339.5,2.234375000000054,market,54863.4,55010.6,54897.5,54966.0,0.034742034869649,21,21,1.113193837164299,1.0716202977313014,0.07690567744854131,0.33273015154942104,1723075800000000000,54863.5,1723077000000000000,152,-0.27928968408019367,0.1257370564737178,0.20289496268451998,0.06346770223375137,-0.3363283778929811,-0.6047630312728103,0.2494102926978938,0.3592616877813318,-0.7271188116811126,0.265576212753218,0.4169825090029424,0.13160921929771321,-0.07066800255557948,0.5681315583378195,0.7168341695055735,-1.0,-1.0,1.0,26.758479274902854,59.788477129862514,1.0,0.40270063561779224,0.0,0.25572898056485627,-1.0842532343719342,0.0
BTCUSDT,1,1723093680000000000,1723090200000000000,1723086600000000000,5.0,56920.8,56636.8,57219.9,1.0531690140845018,market,56636.8,56920.8,56812.0,56918.0,-0.005947992770950261,53,61,0.7319468198667992,1.5024823305045698,0.4291666666666631,0.6958333333333369,1723090500000000000,56636.9,1723093020000000000,155,0.030159385413699887,0.10006251456200975,0.07755500029758489,0.12412336196521664,0.29283230605419514,0.03252840128790695,0.11564905535381662,0.10988856160746657,-0.3263143139259046,0.14235434952108064,0.2615827384837525,0.973412510535378,0.08303384023555323,-0.0035494357883178312,0.4701672248272988,1.0,1.0,1.0,49.89388764739778,52.546696462452836,0.8688524590163934,0.4508401332110135,0.0,-0.08333738237654326,0.42371383534903995,0.75
BTCUSDT,-1,1723101960000000000,1723100400000000000,1723097100000000000,5.0,57262.9,57399.299999999996,57095.4,1.2280058651026917,market,57262.9,57399.299999999996,57333.0,57280.0,0.12295313810115982,16,56,1.0349128886247994,2.5879254168675265,0.2785023138409672,0.5734118636937202,1723101000000000000,57399.2,1723101840000000000,156,-0.04028049392537626,-0.18153147325417618,0.3620388194760358,0.2855859261832109,-0.7681084532859567,0.10910314300398449,0.39788663384514666,0.0770849104181368,0.13083070455092222,-0.3186016942720542,-0.27819821318026394,-0.1006069066070992,-0.17718108773332691,0.30762945757700105,0.8865466976240002,-1.0,-1.0,-1.0,23.81996021856982,29.25105085491653,0.2857142857142857,0.40752926629792036,0.0,-0.43959020625945444,-0.1567454768843203,0.5
BTCUSDT,-1,1723113420000000000,1723110900000000000,1723108200000000000,5.0,57381.2,57550.6,57159.6,1.30814639905547,market,57381.2,57550.6,57475.0,57401.5,-0.11019633963667208,27,46,1.0518511802107735,1.648124615642363,0.2393026941362916,0.5366085578447002,1723111800000000000,57550.5,1723112820000000000,156,0.023318340612592012,-0.41067110919298083,0.4116877291443975,0.45003297799302283,0.10740970727802536,0.2915746461042462,-0.22783482247653067,0.21292274564715338,0.3844611688110511,-0.8779646225603095,-0.6986936042679818,-0.2619019833217507,-0.11781502801832351,-0.21704149163014297,0.6775412170680546,-1.0,-1.0,-1.0,29.52186430398832,38.618920482666546,0.5869565217391305,0.40845264074880533,0.0,-0.2518153143959868,0.4096411395531033,1.0
BTCUSDT,1,1723141200000000000,1723138800000000000,1723138200000000000,5.0,59447.3,59336.700000000004,59611.9,1.4882459312839125,market,59336.700000000004,59447.3,59440.0,59425.4,0.17538033273393183,25,11,0.44305105001722994,1.4364118306619604,0.5999999999999831,0.6424418604651163,1723139700000000000,59336.8,1723140480000000000,160,-0.1614873637652108,0.38551549158490456,-0.368269579760327,0.16325839266287914,-0.293421299251087,0.04128359606640472,0.13559731106856276,-0.38347686153593596,-0.14912698176077613,0.023452055216522636,-0.18501139016534843,1.0342431944664254,0.3594917337315339,0.12806572340712513,0.5046109394380824,1.0,1.0,1.0,18.604713754871717,27.68838954838967,2.272727272727273,0.35621452267197373,0.0,-0.06318768279235529,0.09774076696191784,0.75
BTCUSDT,-1,1723152120000000000,1723149300000000000,1723147200000000000,5.0,59593.1,59707.0,59445.7,1.2941176470588198,market,59593.1,59707.0,59657.0,59618.2,-0.15723433296205114,27,36,0.5545827594766194,1.7495792290551064,0.23604541154210554,0.5383159886471245,1723150500000000000,59706.9,1723151700000000000,161,0.19506391604449352,0.1862733955915814,0.1374545767284781,0.11476510572805587,0.14536011774413957,0.15171555752567228,-0.05290028686393347,-0.15910149165958615,0.40077532065749744,0.034339194554738606,-0.3104325386364773,-0.25281872215758583,-0.06535144359541739,0.13541824038464895,0.22226184586671924,1.0,-1.0,-1.0,19.112950996004816,24.734407171300276,0.75,0.3593460103258415,0.0,0.06870886859309411,0.09390448579189317,0.75
BTCUSDT,1,1723164600000000000,1723162500000000000,1723160700000000000,5.0,61366.2,61221.9,61645.6,1.936243936244005,market,61221.9,61366.2,61308.5,61365.0,-0.09858011286097279,15,31,0.8628812280881608,2.207123183635917,0.25652431791222047,0.42763938315539246,1723163700000000000,61222.0,1723164180000000000,164,-0.4787100548494553,-0.13096917349502982,0.3390960830471282,-0.08979093218088748,-0.531150853518858,-0.18051817211380078,-0.20851905327766873,-0.7919016468989667,-0.1379725626445261,-0.1581742377700426,-0.7000605840023526,1.0586914198822799,-0.03194330618583232,0.12160066489792584,0.36449243968573614,1.0,1.0,1.0,23.514573168942455,45.5299497117308,0.4838709677419355,0.39390938839996775,0.0,-0.3733215184266062,-0.23577504312091938,0.5
BTCUSDT,1,1723196820000000000,1723191300000000000,1723188000000000000,5.0,60877.6,60573.9,61184.8,1.011524530786985,market,60573.9,60877.6,60574.0,60840.0,-0.1646150413677291,37,56,0.874749441498022,1.391643030754012,-0.22720576199051004,0.26976591913569364,1723194600000000000,60712.8,1723196520000000000,167,-0.3684916701516312,-0.3373139523040873,0.8438705119711576,0.1547119530953479,0.40499646236668535,-0.46057678928788204,-0.12332329195122596,0.6880666829575341,-0.8894985594756668,-0.31947351492739745,0.5294460126201903,0.24956497977226189,-0.043336371549995235,-0.3111606381211768,0.6567645750473712,-1.0,-1.0,1.0,49.886986346373234,50.461910456391905,0.6607142857142857,0.5650375402487071,0.0,0.08745194840545548,-0.24115621462161113,0.0
BTCUSDT,-1,1723202100000000000,1723199700000000000,1723199100000000000,5.0,60550.0,60744.0,60210.1,1.7520618556701106,market,60550.0,60744.0,60719.1,60568.0,-0.06168581781375959,30,11,0.5154472715631706,0.9852235843011974,0.048713415831866,0.38086819878216854,1723200300000000000,60743.9,1723201500000000000,169,0.11828819299709424,0.3477536158289481,0.11222542019694991,0.03511366440433719,-0.02281253333459865,0.151060657098387,0.038621309393715254,-0.38680383715530936,0.4271859418797233,0.528722607480922,0.0009375677163810471,-0.11217492041540542,0.14990582991289036,0.2199549934882042,0.40249960842262344,1.0,1.0,-1.0,32.039636663914116,56.13542526837349,2.727272727272727,0.3552308404863152,0.0,-0.06379659014863795,0.19625920139754466,1.0
BTCUSDT,-1,1723205100000000000,1723202700000000000,1723200300000000000,5.0,60561.0,60775.1,60321.7,1.1177020084073075,market,60561.0,60775.1,60775.0,60602.2,-0.05946791242939775,30,41,0.5938920134881519,2.7106048210939404,-0.11270401411556767,0.35928539920600117,1723203300000000000,60723.9,1723204320000000000,169,0.1285704739952567,-0.0626460528744526,0.5614917558181824,0.09484384463019656,-0.02153070160986283,0.19557782965778547,0.11223142394140954,-0.007450606981721264,0.18208849492304996,0.15136319998715522,-0.006022652307963588,-0.3376467675388804,0.07912061100065094,-0.040269615463114805,0.4361283122730649,1.0,1.0,-1.0,35.35278479549521,39.51387856871632,0.7317073170731707,0.42362918980222164,0.0,-0.0022189217695754992,0.268905048878863,1.0
BTCUSDT,-1,1722669060000000000,1722657600000000000,1722653100000000000,15.0,61769.9,61956.5,61380.9,2.08467309753485,market,61769.9,61956.5,61956.4,61773.0,-0.11826352618453972,131,76,0.3643656014723816,1.0047268145408692,-0.13898540653231445,0.1850243224461436,1722661200000000000,61876.4,1722669000000000000,94,-0.041466953800601176,0.6590824889600432,0.09020687380656249,-0.2672407878195972,1.082890988675726,-0.3946418033484957,-0.6168693558661186,0.8161183870865808,-0.471696197423917,-0.6558300883673265,0.24916258489328896,0.2401090130630622,-0.077767171761428,0.13951721763613795,0.9332722448705648,-1.0,1.0,1.0,30.208888147786954,62.975656428130854,1.7236842105263157,0.3803171380393136,0.0,0.6811218308974983,-0.43491308544068025,0.25
BTCUSDT,1,1722675420000000000,1722661200000000000,1722657600000000000,15.0,61589.9,61380.700000000004,61876.3,1.3690248565965843,market,61380.700000000004,61589.9,61380.8,61576.2,-0.1491796963759543,102,61,0.6909442712970651,0.6967918413188313,-0.13962873284906638,0.28228410008071403,1722669300000000000,61450.0,1722674820000000000,94,0.10475428550009518,-0.19261268458507186,0.5309661880528566,0.245406913291055,-0.031377497931593036,0.39284392417595615,-0.14299533508666007,1.234181253952988,-0.5217127980587596,-0.7881313874257879,0.37458430347417365,0.08608193200000797,-0.07014055325448437,-0.29510251646137226,0.5597123595964705,1.0,-1.0,-1.0,33.96660816140261,46.50113086723658,1.6721311475409837,0.46612356525980914,0.0,-0.21147104883324713,0.5124112641517483,1.0
BTCUSDT,-1,1722683460000000000,1722669300000000000,1722661200000000000,15.0,61776.1,61876.5,61420.299999999996,3.543824701195197,market,61776.1,61876.5,61876.4,61790.0,-0.1342233791800187,116,136,1.140015610967569,0.9711726678358518,-0.024112231477421954,0.1957474791758046,1722676500000000000,61865.4,1722682680000000000,94,0.07670455977087037,-0.07390659115259292,0.104043118486932,0.2048573068858591,-0.32413583009369806,0.37817893360248805,0.08407828702571286,0.25249389796386473,-0.007620662186584773,-0.4577147148659717,-0.16092840102413533,-0.34141968579925686,-0.15721252621234688,0.007514727149922129,0.5392923019836942,-1.0,1.0,1.0,16.25223994392677,57.59508936303893,0.8529411764705882,0.30228316749740597,0.0,-0.3256493931987916,0.7392172964016009,1.0
BTCUSDT,-1,1722729060000000000,1722722400000000000,1722719700000000000,15.0,60710.2,60842.299999999996,60345.5,2.7607872823618553,market,60710.2,60842.299999999996,60842.2,60714.8,-0.0023226564736613664,96,46,0.5107526335047757,0.5682974265955937,-0.06642512077294745,0.19927536231884233,1722723300000000000,60809.2,1722727620000000000,100,-0.17286578395860827,0.26855639718418045,0.20453842171701475,-0.03575731370486899,0.18574904523602717,-0.22091831600541995,-0.23732440699634566,0.024811395916554943,-0.14855868665995228,-0.24571464149744118,-0.2089609593959001,-0.08782400743334012,-0.3143799252090852,0.1216873274675497,0.340735521798506,1.0,1.0,1.0,21.75911131902029,60.07227780504711,2.0869565217391304,0.3509499213225284,0.0,-0.048376114535251924,-0.1627707298167097,0.0
BTCUSDT,1,1722861540000000000,1722854700000000000,1722846600000000000,15.0,50660.7,49737.9,51886.700000000004,1.3285652362375522,market,49737.9,50660.7,50647.7,50587.6,0.004545570254116393,69,136,1.3658552221570406,1.3282488763372127,0.7341618916955797,0.7446533774513702,1722857400000000000,49738.0,1722861240000000000,115,0.016968951229298798,0.7046237982092555,1.8631329256418696,0.3446663293850819,0.49692872344561057,0.40971960558920856,0.18716276399412907,-0.6509869785451436,0.6152447789467227,0.11887043862395276,-0.6778685864033774,-0.5646746210124346,-0.37640119962570917,0.05571346581933538,1.8079572347252502,-1.0,-1.0,-1.0,182.15302986338438,242.00218315183315,0.5073529411764706,0.38167218360516536,0.0,0.3609373582539821,0.6019549456219636,1.0
BTCUSDT,1,1722882660000000000,1722878100000000000,1722875400000000000,15.0,53994.7,53595.1,55049.9,2.6406406406406613,market,53595.1,53994.7,53730.0,53936.1,-0.045726054465999644,31,46,0.5728536983805975,2.3693224299386424,0.10212121212121432,0.30265151515151517,1722880800000000000,53595.2,1722882360000000000,119,0.33863649273240826,0.2742505021037113,0.230665839344037,0.22879648569172134,0.04996712333050625,-0.47668349542671384,0.10016904521168106,-0.09440010773956373,-0.3731105306589939,0.04390380426569164,-0.09037979673671369,0.12587636784595477,-0.15120165906300598,0.2049680085438642,0.6638527930799594,1.0,1.0,-1.0,74.00726367587903,195.42658816513557,0.6739130434782609,0.31905394939206544,0.0,0.22801727626076668,-0.6848195153007552,0.0
BTCUSDT,1,1722902760000000000,1722896100000000000,1722893400000000000,15.0,54368.4,53853.5,55061.9,1.3468634686346825,market,53853.5,54368.4,54167.1,54198.9,-0.04595332424207821,51,46,1.1968213395506764,1.0068465453354705,0.35031847133757904,0.5752598055648699,1722899700000000000,53853.6,1722902280000000000,120,0.3400631876504765,-0.8032785055864667,1.1975358579870072,0.8712420526302967,-0.49177098888684817,0.5553992618781018,0.5321614581228856,-0.09007446766468719,-0.39303776081529584,-0.11993487832295764,-0.22470516733547333,0.035119045885393115,-0.00244829193143039,-0.18960389726196475,1.2374069705188684,-1.0,1.0,-1.0,94.70574819196472,127.5557125094724,1.108695652173913,0.45887656271006066,0.0,-0.10703273477612596,1.0037212170726608,1.0
BTCUSDT,-1,1722931260000000000,1722924900000000000,1722920400000000000,15.0,55875.4,56152.1,55413.4,1.6696783520058,market,55875.4,56152.1,56029.7,55950.0,-0.037573599074777864,46,76,0.9345503251957421,1.7909007317095316,0.19841012329656726,0.4487345879299175,1722928500000000000,56152.0,1722930780000000000,124,-0.056330788114347025,-0.10939104765691249,0.30442536770103124,0.3069352568244976,0.0654167167917391,0.19081479465628734,-0.08583807377295245,-0.25550190244270654,0.09700825411156992,0.04004286720295331,-0.1929612165411911,0.06616102936050015,-0.12135214990555668,-0.09181194697665451,1.1755227080449555,1.0,-1.0,1.0,49.520898284396544,82.68397183733808,0.6052631578947368,0.40917775100394693,0.0,0.15165695381524336,0.08542426039683418,0.5
BTCUSDT,-1,1722961440000000000,1722954600000000000,1722951000000000000,15.0,56492.0,56746.2,55704.1,3.09952793076322,market,56492.0,56746.2,56599.0,56496.0,-0.07766231343580698,39,61,0.43309326615202887,1.631755651312794,0.1643575418994397,0.28391061452513805,1722959100000000000,56746.1,1722961320000000000,132,-0.11961907620361258,-0.13320590139865113,0.314620918004419,0.11651830941665482,-0.0703980897845912,0.07684204833548504,-0.1388393136873643,-0.06782820206430193,0.00789313180318211,-0.21780937430863123,-0.2955180179734231,-0.22393781452261835,-0.5183631543524788,0.1604162588490417,0.7858150127565412,-1.0,-1.0,-1.0,44.997521772993885,139.47107555052068,0.639344262295082,0.3077854229783225,0.0,-0.1676599357631197,-0.045113845437760015,0.5
BTCUSDT,-1,1722970380000000000,1722964500000000000,1722959100000000000,15.0,56882.8,57000.0,56313.6,4.856655290102547,market,56882.8,57000.0,56900.0,56890.4,-0.04488105115968977,38,91,2.478209833307055,5.37452446736129,0.17033248081841681,0.1996589940323931,1722968100000000000,56999.9,1722968280000000000,134,-0.0649281470987411,0.24737616965238898,0.07821753167528328,0.20094688562709212,-0.003373556934879023,0.05513955856849135,0.09878754760368265,0.14144699608924036,-0.2627965365616642,-0.1990599443873434,-0.11116854350788093,-0.35907069957120447,-0.2948309311084957,0.11225649096465126,0.5457915439806392,-1.0,-1.0,-1.0,20.603767747016157,100.06539762459026,0.4175824175824176,0.3417227050968766,0.0,0.05120045402382683,0.05120045402382683,0.5
BTCUSDT,1,1722976500000000000,1722972600000000000,1722969000000000000,15.0,56540.0,56232.0,56848.1,1.0003246753246706,market,56232.0,56540.0,56264.0,56538.4,-0.07001575864496834,50,61,1.1741764646778614,1.2387245476426596,0.05460458747004727,0.5270455323519394,1722973500000000000,56232.1,1722975420000000000,135,0.06022787465965536,0.09541018113474602,0.16897537643675895,-0.009062689955884717,-0.033712113561270955,0.08282355077331982,-0.043158364116418095,0.28227051608834725,-0.36843231771221513,-0.28088572420862956,0.04188423269815762,0.1335273308565885,-0.09163450615323229,0.09569431314319783,0.29339249542716545,1.0,1.0,1.0,54.474708171206224,54.49239476476805,0.819672131147541,0.4576403863525519,0.0,-0.07243128157503625,0.15887231164272286,1.0
BTCUSDT,1,1722988740000000000,1722984300000000000,1722983400000000000,15.0,56000.0,55791.9,56393.8,1.892359442575712,market,55791.9,56000.0,55919.0,55993.2,-0.0190011292828014,44,16,0.4053360534682243,0.515136126330701,0.26742472099389264,0.43798694461991866,1722986100000000000,55792.0,1722988440000000000,139,0.12672725061856302,-0.03579051310091488,0.3500629508927452,0.24868122386829716,-0.20434718887426445,0.3295239517104048,-0.03598993287773493,0.05721344041488642,-0.3028683407726405,-0.03198244259833424,0.04830329802797873,-0.18933332513104714,-0.25211928277972134,0.12554789364439053,0.5047526699531236,-1.0,1.0,1.0,37.16071428571402,70.3214285714291,2.75,0.4126739036356862,0.0,-0.33457161947901015,0.46284025150157515,1.0
BTCUSDT,-1,1723006080000000000,1722998700000000000,1722993300000000000,15.0,57036.1,57249.1,56456.5,2.7211267605633735,market,57036.1,57249.1,57249.0,57061.8,0.016480793711133646,108,91,0.38794217665314146,1.221732754448441,-0.0422659601312138,0.22634367903103936,1722999600000000000,57215.5,1723006020000000000,142,0.0942183470554524,0.1398381266993455,0.530633737187229,0.176462774661103,-0.3624500418091126,0.5986225646502135,0.20391527385505895,-0.2133640462456247,-0.14295995292405672,0.15124165001598247,-0.050673259406779775,0.18014392230341306,-0.26791208786310594,0.20890378608588794,0.6462317441053834,-1.0,-1.0,-1.0,37.344769365366844,101.61985128716701,1.1868131868131868,0.315931029702122,0.0,-0.23838134835025604,0.7306804138764931,1.0
BTCUSDT,1,1723016340000000000,1722999600000000000,1722998700000000000,15.0,56777.1,56456.3,57219.3,1.3784289276808304,market,56456.3,56777.1,56456.4,56762.7,-0.043320368758272054,144,16,0.59768791141244,0.16933534714644102,-0.07024901703800596,0.35006553079947383,1723007700000000000,56510.0,1723015440000000000,142,-0.08624904487546863,-0.08077131445264665,0.5947447577426151,0.03681532878997881,-0.15819501173015627,0.7285341051160048,0.17354488722856032,-0.015238013476892923,-0.0718004773176971,-0.1024303239960067,-0.12185124455170063,-0.023179841540483744,-0.10598713785677728,-0.03572185358727282,0.4442559069737745,-1.0,1.0,1.0,56.501652955151926,77.88351289516449,9.0,0.4610471380939195,0.0,-0.07269272359985024,1.2989578551775645,1.0
BTCUSDT,-1,1723018740000000000,1723007700000000000,1722999600000000000,15.0,56914.9,57219.5,56510.1,1.3289560078792018,market,56914.9,57219.5,57219.4,56959.0,-0.009680427461530527,49,136,0.895934474647816,4.857398920098078,-0.2191993233718631,0.21003665069072414,1723015800000000000,57063.9,1723016940000000000,142,0.0959589317594443,0.1216849681352522,0.5007812781578849,0.18129949799138487,0.032390559248826944,-0.0993137023237794,-0.023637297035634913,0.07678615722515182,-0.43862490698971635,-0.0010456666567173847,0.08177890965272182,-0.09820941239461223,-0.004358586703677256,-0.22970935764868744,0.9262606472725059,1.0,-1.0,-1.0,53.51849867082232,71.12373034126439,0.3602941176470588,0.5565906371870654,0.0,0.025554400701829266,-0.26074696978529666,0.0
BTCUSDT,-1,1723107120000000000,1723102200000000000,1723097700000000000,15.0,57263.9,57399.299999999996,57090.1,1.2836041358937251,market,57263.9,57399.299999999996,57399.2,57277.8,0.021988498900046505,37,76,0.5250288202235635,1.9094941979074933,-0.13227684346699406,0.30530401034929605,1723104900000000000,57358.3,1723106940000000000,156,-0.026599071929184172,0.5707704614499275,-0.2289236731467589,-0.05822673802199448,-0.07389879117229957,-0.050744050888395814,0.08272651521563942,0.08443422457044275,-0.21334645352852902,0.2786156757870469,0.3299022541831409,-0.1549908016934889,-0.14761317014014286,0.16375261602201346,0.8494282490884345,-1.0,-1.0,-1.0,23.644914160578335,30.350709609370462,0.4868421052631579,0.39728636005105794,0.0,0.015418112815593243,-0.21650679423694438,0.0
BTCUSDT,1,1723191540000000000,1723180500000000000,1723174200000000000,15.0,60770.0,60554.9,61199.9,1.9986052998605504,market,60554.9,60770.0,60555.0,60744.0,-0.08038227091896111,49,106,0.9559955584974856,1.575554471542136,-0.02945736434108527,0.30387596899224806,1723188600000000000,60574.0,1723191180000000000,165,-0.4054795498491697,0.6700764219864528,0.30670795890964775,0.3104618648429782,0.11633201672117094,0.08172688863030556,-0.24447250219096975,-0.24990832861465395,-0.39654299616700966,-0.4372325109935683,-0.5479129339789308,-0.23438784918910435,-0.1194426145620584,0.4378397842031795,1.0077603121892769,-1.0,-1.0,1.0,35.39575448412022,70.7421425045255,0.46226415094339623,0.36499343381465094,0.0,0.11195181093524072,-0.06500614807317798,0.5
BTCUSDT,-1,1723194780000000000,1723188600000000000,1723180500000000000,15.0,60952.7,61200.1,60574.1,1.530315278900551,market,60952.7,61200.1,61200.0,60979.5,-0.11667693361169529,58,136,0.9628742650233376,2.216743245494758,-0.024121405750796396,0.37092651757189193,1723191300000000000,61184.9,1723194600000000000,166,0.417119833967819,0.024823179493979226,0.7732646309760056,0.651230919391606,-0.3031820752679157,0.5006767077991983,0.1668498592583456,-0.3542200030757624,0.03042504969336587,-0.1966967552179898,-0.6918662631171903,0.04697654587341167,-0.036043055593450016,0.23964973048692478,1.3201469938089525,1.0,1.0,-1.0,40.588850042738294,62.1137373734057,0.4264705882352941,0.37412578637530985,0.0,-0.26070559756158185,0.676315184304212,1.0
BTCUSDT,1,1723196820000000000,1723191300000000000,1723188600000000000,15.0,60877.6,60573.9,61184.8,1.011524530786985,market,60573.9,60877.6,60574.0,60840.0,-0.09430913635094373,32,46,0.8030077285921106,1.5688046348234475,-0.22720576199051004,0.26976591913569364,1723194900000000000,60712.8,1723196520000000000,167,-0.3684916701516312,-0.3373139523040873,0.8438705119711576,0.1547119530953479,0.40499646236668535,-0.46057678928788204,-0.12332329195122596,0.6880666829575341,-0.8894985594756668,-0.31947351492739745,0.5294460126201903,0.24956497977226189,-0.043336371549995235,-0.3111606381211768,0.6567645750473712,-1.0,-1.0,1.0,49.886986346373234,50.461910456391905,0.6956521739130435,0.5650375402487071,0.0,0.08745194840545548,-0.24115621462161113,0.0
BTCUSDT,1,1723219560000000000,1723214700000000000,1723212900000000000,15.0,59899.5,59499.9,60553.1,1.6356356356356379,market,59499.9,59899.5,59500.0,59896.0,-0.026147134829777263,51,31,0.385176418190572,0.9112542778419906,-0.1954994303076358,0.183820736802126,1723216500000000000,59705.9,1723219500000000000,171,-0.09513582618307567,-0.05187256125015142,0.4435586753022093,-0.027162226116659447,-0.057754257029932796,0.3014629413908638,-0.00724765829743451,-0.2803891682494395,-0.6931908693715699,-0.14586446138553028,-0.2966646540129372,0.09805538919689201,-0.33895622749580345,-0.12325035445877944,1.1723834658077779,-1.0,-1.0,1.0,66.71174216813138,109.11610280553235,1.6451612903225807,0.44309818099228826,0.0,-0.027063045962782306,0.20003943593832885,1.0
BTCUSDT,-1,1723225860000000000,1723216500000000000,1723214700000000000,15.0,60238.7,60725.0,59706.0,1.095414353279856,market,60238.7,60725.0,60553.2,60290.9,-0.1132880814167414,96,31,0.6310661721740541,0.6424657692494353,0.20264369172666735,0.5738227310279793,1723220100000000000,60724.9,1723223760000000000,172,0.12266156307862133,0.7044100619623578,0.5159917251189111,0.18700679637480286,0.8132214920877474,0.32576417392803503,0.0754559083557728,0.49555237728661994,-0.15786540183262093,-0.1288224766698822,0.22643709216870717,-0.056056375137032204,0.0021997675800049157,0.1671577236347318,0.6041224464620946,1.0,1.0,-1.0,80.7288337895743,88.43152325664352,3.096774193548387,0.4439895853633956,0.0,0.48192614125260014,0.49558614045078986,1.0
BTCUSDT,-1,1723232640000000000,1723224600000000000,1723220100000000000,15.0,60550.3,60725.0,59803.299999999996,4.275901545506696,market,60550.3,60725.0,60724.9,60551.5,-0.007138222239998715,74,76,0.4824579372178487,2.065461286702505,-0.05956384940870261,0.12986872084191875,1723228200000000000,60670.0,1723232460000000000,174,0.13178836591976104,0.15071050232620098,0.015329415197237758,0.1581632718062181,-0.23813257324555337,0.008766057045097168,0.12077853016624303,-0.3952578868701785,-0.4841962228344411,0.14791594703234998,-0.36386127490373554,-0.2563044101070473,-0.39867360277753017,0.3068740399633988,0.5974977965900633,1.0,1.0,-1.0,28.85204532430014,123.3685051932042,0.9736842105263158,0.2896977570460596,0.0,-0.22834760595198733,0.05265705105114461,0.75
BTCUSDT,-1,1723241040000000000,1723235400000000000,1723228200000000000,15.0,60674.0,60961.6,59862.7,2.820931849791401,market,60674.0,60961.6,60961.5,60687.2,-0.2630256395931907,34,121,1.5444859623258218,1.9163743479536728,-0.10073710073709796,0.16088816088816332,1723239000000000000,60850.8,1723240560000000000,174,0.20146512751656934,1.1399410603706377,-0.3480438124842099,0.048295571529319056,0.8982593065176997,-1.704432898036352,-1.5317604091303658,0.9389495267108632,-0.7540075570410025,-0.5577606907685083,0.2804956804944994,-0.23704232669888214,-0.30985417529111675,0.47485874013577756,1.67210291983858,-1.0,1.0,-1.0,47.40086363186843,133.71460592675658,0.2809917355371901,0.32162086552819014,0.0,0.18220753178447424,-2.8122897063893375,0.0
ETHUSDT,-1,1722669180000000000,1722666000000000000,1722663000000000000,5.0,2986.17,2995.8900000000003,2975.01,1.148148148148103,market,2986.17,2995.8900000000003,2986.85,2987.04,-0.11927991166604546,38,51,1.1274909389407264,1.1923062169635545,0.7620253164557189,0.8194092827004313,1722666900000000000,2995.88,1722668940000000000,94,0.010630178885949807,0.6375006451373321,0.321085637497757,0.24641037080838124,0.632179466362149,-0.46530569237749475,-0.06927268078425872,0.42102053179675997,-0.3979337353357982,-0.3189472122482395,0.19680043887918314,0.15076280477447085,-0.2235510701432721,0.12834582093836902,1.1923591671178968,-1.0,-1.0,1.0,32.55005575704081,37.372286239563905,0.7450980392156863,0.47317375475692613,0.0,0.5347553816825068,-0.2124363442252683,0.5
ETHUSDT,1,1722672480000000000,1722669900000000000,1722669000000000000,5.0,2986.09,2980.1499999999996,2993.47,1.2424242424240777,market,2980.1499999999996,2986.09,2984.52,2985.71,-0.0941917904227193,33,16,0.9471147925730553,0.6126268429120865,0.4866071428571551,0.661830357142887,1722670500000000000,2980.16,1722672360000000000,94,-0.012852042123034344,0.6422763045688752,-0.11805896653943408,0.11174626142440318,0.5264516685514943,-0.21720695652018165,-0.0508722961897897,0.26464659605020363,-0.45651801427103883,-0.030343138371416133,0.14524005272252255,0.1471295086525738,0.17447166987557922,-0.15085048799689232,0.6704515057257526,1.0,1.0,-1.0,19.89223365672337,24.71459333107728,2.0625,0.4898497814496817,0.0,0.49817954202408365,-0.1286222218531944,0.5
ETHUSDT,-1,1722682740000000000,1722680400000000000,1722677100000000000,5.0,2990.7,2994.01,2985.23,1.6525679758305554,market,2990.7,2994.01,2993.37,2992.0,0.14218741525036604,34,56,0.8616166739643261,1.1981437300440645,0.07730061349694504,0.4049079754601405,1722680700000000000,2994.0,1722682680000000000,96,0.0020842409096880907,0.0539285115699731,0.04599647319479412,0.170184619641595,0.07392090284281927,-0.2673183560338451,0.18281891868984715,-0.13377634956659962,-0.16260839797329185,0.07365094697894638,-0.03158583914872484,-0.2091062087161006,-0.1298808552682657,0.07393464439009607,1.1529643164731027,-1.0,-1.0,1.0,11.067643026717493,18.290032433877688,0.6071428571428571,0.4224977272626426,0.0,0.39388042559091435,-0.3181289455359574,0.25
ETHUSDT,1,1722691080000000000,1722689400000000000,1722688500000000000,5.0,3004.0,2998.04,3010.83,1.145973154362397,market,2998.04,3004.0,3002.41,3003.82,-0.009171488007876483,13,16,1.2634229759645847,1.8757328822202681,0.5172004744957914,0.7058125741399304,1722690300000000000,2998.05,1722690720000000000,96,-0.058367163224820835,0.10316607861194517,0.3889490721112358,0.03235730799087188,-0.10277502417377389,-0.013202679103918785,-0.0434516491038087,0.5220149850278458,-0.12610263437504932,-0.12864333854367282,0.39176981379607495,0.1317523257040453,0.13263055083808267,0.30134398521052014,0.49411256457147273,1.0,1.0,-1.0,19.840213049267764,22.73635153129137,0.8125,0.44343225968309613,0.0,-0.09332336164415439,-0.27198024401934795,0.25
ETHUSDT,1,1722697440000000000,1722694800000000000,1722693900000000000,5.0,3001.99,2996.39,3012.97,1.9607142857143207,market,2996.39,3001.99,3001.52,3001.88,-0.21076505683014501,24,16,1.2349828285969184,0.8579041553922946,0.44677137870854056,0.4877835951134095,1722696000000000000,2996.4,1722697080000000000,97,-0.020143409587545968,0.2738843579542737,0.22029988581972615,-0.07669494386364159,0.3651796812360877,-0.4888911703754771,-0.46402989446163834,0.34354838754245753,-0.4246009697305436,-0.2637801876849034,0.08569781450335555,0.24217868925952316,-0.045359010824447814,0.011611382185855723,1.553133698766071,1.0,1.0,-1.0,18.65429265254018,36.575738093731225,1.5,0.4248537275232775,0.0,0.048772027192964806,-1.0185939925210552,0.0
ETHUSDT,1,1722703860000000000,1722702600000000000,1722697800000000000,5.0,2924.07,2906.6099999999997,2954.4399999999996,1.7394043528063334,market,2906.6099999999997,2924.07,2909.19,2921.9,0.0033178127810988833,11,81,1.7393444352776126,3.1219903784699783,0.05678303137428584,0.3855501546619612,1722703200000000000,2906.62,1722703680000000000,99,0.061203599807674695,0.8407430182586683,0.3660854966105285,0.11670457650470514,-1.2241485753665826,-1.1862903636040263,-0.026575462388592107,-0.7156132472598409,-0.2200395752682045,-0.5064582715744622,-1.3060725744709276,-0.7877056822538426,-0.6618938514210894,1.3986232488624957,2.0339699039307195,-1.0,1.0,-1.0,59.711292821308966,103.86208264507839,0.13580246913580246,0.37261251880862306,0.0,-0.4755454285716034,-1.6548382771186518,0.0
ETHUSDT,1,1722706020000000000,1722703800000000000,1722703200000000000,5.0,2916.09,2904.31,2943.87,2.3582342954158975,market,2904.31,2916.09,2906.62,2914.75,-0.0908075870286108,27,11,0.5167964757040265,0.784209242691927,0.06172839506172071,0.31588835212023386,1722704400000000000,2904.32,1722705600000000000,99,0.07855159156843153,0.2876822380311989,0.3498970424850758,0.08114902226460358,0.4979214443244568,-0.4760976222805787,-0.09687089796555248,0.1788757179255224,0.04103237640078318,0.24544974681792103,0.33503062711425485,-0.6327131236705462,-0.6466097347094849,0.2518398119283424,0.5482316636966685,-1.0,1.0,-1.0,40.396558405262525,95.26454944806143,2.4545454545454546,0.3115747201863587,0.0,0.3033483685391702,-0.48547266301756414,0.25
ETHUSDT,-1,1722717900000000000,1722714600000000000,1722713400000000000,5.0,2906.77,2920.51,2883.4,1.7008733624453776,market,2906.77,2920.51,2920.5,2908.92,-0.05867606593054964,30,21,0.39530374858331574,1.6603448845255087,-0.06736728644570174,0.3026138507140927,1722716100000000000,2918.0,1722717600000000000,99,-0.07416064056256391,0.8514964776420103,0.5554984275975375,0.13668132631472849,0.46314824568437485,0.08376733068666094,-0.06403010937914842,0.12085098398404322,-0.4035898149130715,-0.3716335413697664,-0.23198716228232832,-0.49837688568913274,0.026771467312710736,0.47035073429169955,0.6365110541778891,1.0,1.0,1.0,47.268961768561795,80.3985179425957,1.4285714285714286,0.4168061789373701,0.0,0.13629624523399664,0.3577163199933159,0.75
ETHUSDT,-1,1722723360000000000,1722721800000000000,1722719400000000000,5.0,2913.22,2921.4300000000003,2899.44,1.678440925700234,market,2913.22,2921.4300000000003,2918.99,2914.59,-0.1665812919094456,11,41,0.4999259814493043,2.5376598977222202,0.12423312883437106,0.4192229038854957,1722722700000000000,2921.42,1722723240000000000,100,-0.060912260815201014,0.11920841363241216,0.6104329213029963,-0.1733426163080823,-0.10730718259582621,-0.000298939719142582,-0.2740259333923375,-0.5435968451309794,-0.6399145536670816,-0.26240345041569246,-0.7474378251404072,0.035416081058558535,-0.32319124996551707,0.1764796704388823,0.6643728963375991,1.0,1.0,1.0,28.18187435209319,47.30161127549497,0.2682926829268293,0.49788358511077074,0.0,-0.10637724287221037,-0.15188268559700932,0.25
ETHUSDT,-1,1722733080000000000,1722730800000000000,1722729900000000000,5.0,2912.37,2917.7200000000003,2900.51,2.21682242990633,market,2912.37,2917.7200000000003,2915.77,2913.28,0.013460464267885719,28,16,0.6875484153385103,1.2265598389295072,0.12704649639817006,0.349705304518674,1722731400000000000,2917.71,1722732780000000000,100,-0.06396733916245033,0.3731180094810969,0.12283865012029001,0.1638359883623125,0.192461646822487,-0.1730604679805644,0.029921690609876476,0.11272812244544625,-0.2843766105208021,-0.3670680673957391,-0.19800693162104457,0.1512100179151766,-0.3511020670565373,0.12564062845932106,0.6706507608210699,-1.0,1.0,1.0,18.36991865731471,40.722847715090026,1.75,0.3713566111666233,0.0,0.12956784697972767,-0.004487912567201227,0.5
ETHUSDT,-1,1722746160000000000,1722744300000000000,1722742500000000000,5.0,2913.82,2918.1600000000003,2909.4500000000003,1.0069124423962545,market,2913.82,2918.1600000000003,2916.48,2915.0,-0.037260978710489834,26,31,0.7683378388395782,1.7858633749019595,0.23721590909092066,0.615056818181811,1722744600000000000,2918.15,1722745860000000000,102,-0.06502306535889117,0.10539014995889374,0.37334483716770966,0.07904638557630231,0.2423854866048971,0.025458438341963888,0.005894227430277585,-0.006151606718572274,-0.11714398722060944,-0.2051786115889327,-0.16309496135754212,0.04076447057590305,-0.14938648440006305,-0.17586641712591233,0.3499287637512304,-1.0,1.0,1.0,14.89453706817904,14.997494697681704,0.8387096774193549,0.4500356854202613,0.0,0.3525443963846723,0.16663933154882837,0.75
ETHUSDT,-1,1722765360000000000,1722763200000000000,1722762300000000000,5.0,2910.92,2914.9500000000003,2905.01,1.4665012406946802,market,2910.92,2914.9500000000003,2914.94,2911.03,-0.029802151419087597,21,16,0.5609012289362871,1.0751369995289601,-0.13682092555333197,0.2676056338028008,1722764100000000000,2913.58,1722765300000000000,104,0.009542800141141719,-0.202328801470933,0.4045840280973344,0.06579257865442432,-0.25364398018023443,-0.06948297683954459,-0.0024574510250523676,0.033223094706748495,-0.195206729817374,-0.0034422942669558552,0.023849503128723443,-0.2271107652780058,-0.26996940346374804,0.16687640716156088,0.40351927649341585,1.0,1.0,1.0,13.844420320724032,20.302859577040433,1.3125,0.40143497143632034,0.0,-0.2244262071964315,-0.17905015726340387,0.25
ETHUSDT,1,1722789000000000000,1722787500000000000,1722786600000000000,5.0,2824.76,2813.2299999999996,2837.95,1.143972246313864,market,2813.2299999999996,2824.76,2814.02,2824.0,-0.0317634932845261,15,16,0.9462097646615384,3.100949187020176,0.032581453634093496,0.4812030075188141,1722788100000000000,2813.24,1722788340000000000,107,-0.047408354828647616,0.4342428703835447,0.3845321404237164,0.08844203676587295,0.06096052405425247,-0.8655613429362135,0.025815748485074806,-0.4352901218909679,0.14400061349444365,-0.010925437737088962,-0.49680730356254366,-0.4427362310512057,-0.8599910641743792,0.5227363960266216,0.8672811880131017,-1.0,-1.0,-1.0,40.817626984241684,46.694232430364345,0.9375,0.5127786904499307,0.0,0.19067439720976342,-1.0003962702157505,0.0
ETHUSDT,-1,1722798360000000000,1722795000000000000,1722793500000000000,5.0,2711.17,2738.8100000000004,2682.17,1.0492040520983956,market,2711.17,2738.8100000000004,2714.39,2725.57,-0.06324168069939184,46,26,0.3281275122038682,1.130167821449171,0.7573689109525379,0.8572758299720786,1722795600000000000,2738.8,1722797520000000000,108,0.40693948925113127,0.7625194201791485,0.9191893903154237,0.051351431694509335,0.21779281791002897,0.5141199592387462,-0.10357152624786543,0.494874766779986,-1.0352409525617996,-0.43101827607849097,0.32519894739992833,3.37958606442588,0.5216621056731473,0.7286582913319516,0.880777820952557,1.0,1.0,1.0,101.948605214724,106.96488969706805,1.7692307692307692,0.5321369027827697,0.0,-0.0273599643870171,0.5161034572189716,1.0
ETHUSDT,1,1722807900000000000,1722804300000000000,1722802500000000000,5.0,2735.21,2725.54,2756.8599999999997,2.2388831437434824,market,2725.54,2735.21,2732.9,2733.0,-0.08071911569390922,45,31,1.0430489792777737,0.707172537296204,0.3066332916145169,0.403003754693364,1722805200000000000,2725.55,1722807300000000000,109,-0.41695652328072286,0.178893339901765,0.11065617032695575,0.13289391014174068,0.02192048908621099,0.0999564561022036,0.07909471040482972,0.15144070550471367,-0.12128442454343731,0.17496850670548103,0.11720688821030276,0.08410083847177824,0.26328174113820296,0.2023329609692577,0.24515305388281064,-1.0,-1.0,-1.0,35.35377539567372,79.15297180106695,1.4516129032258065,0.32617889616362417,0.0,-0.16551619932434308,0.20641617108833832,0.75
ETHUSDT,1,1722848220000000000,1722845700000000000,1722843900000000000,5.0,2319.06,2290.0,2361.9799999999996,1.476944253269088,market,2290.0,2319.06,2309.13,2317.12,-0.028899421644665524,37,31,0.9015217919600594,1.8126132273665025,0.3617101778282257,0.5495648883844099,1722846000000000000,2290.01,1722847440000000000,114,-0.2939365657652143,-0.04743521617285472,0.42989331930087843,0.09172244264829686,0.29984567610146723,-0.05239612682602138,0.07108986772845163,-0.18194804055541253,-0.14518551095557647,0.09497637942517682,-0.13013485066946492,0.47221438224456774,0.22808100262407502,-0.00568807864525217,0.4728839688717934,-1.0,-1.0,-1.0,125.30939259872513,185.07498727932705,1.1935483870967742,0.3830407360858446,0.0,0.15771671113305102,0.05340901080491306,0.5
ETHUSDT,1,1722858360000000000,1722856200000000000,1722855000000000000,5.0,2251.33,2223.49,2283.97,1.1724137931034375,market,2223.49,2251.33,2237.96,2248.95,0.008916707564512238,26,21,1.25849818706626,1.0434836466258464,0.3142112125162982,0.6047370708387644,1722856800000000000,2223.5,1722858060000000000,115,-0.30681160192630863,-0.29473179382166137,1.15007049608602,0.10721389674011378,-0.4859327661340693,0.9968620567590967,0.10006431334461263,0.20080147124300776,-0.3340970931628022,0.10727086390442088,0.3003032680359385,0.16956643936916418,-0.28034767127890886,0.07241144664277115,0.802195986915732,-1.0,-1.0,-1.0,123.6602363935991,144.98096680628728,1.2380952380952381,0.5133054831967163,0.0,-0.3524162213766361,1.1089306607863312,1.0
ETHUSDT,1,1722971940000000000,1722969900000000000,1722969600000000000,5.0,2497.47,2485.6699999999996,2513.72,1.3771186440677754,market,2485.6699999999996,2497.47,2496.0,2493.35,-0.10053813029357772,24,6,1.51097201634653,0.3338043994249493,0.5820642978003471,0.6649746192893373,1722970500000000000,2485.68,1722971280000000000,135,-0.1467228105442458,0.21310659784304087,0.5515640709661859,0.07605423828648489,0.09871923286890207,0.15432455846487986,-0.041631732556682614,0.1549680807874674,-0.4338809543733891,-0.05193713642848334,0.005876155098004293,-0.4008133642336775,-0.2011864091362768,0.026443973393598125,0.6129013976283788,-1.0,-1.0,-1.0,47.247814788566764,65.06584663679645,4.0,0.4306077451822951,0.0,-0.08639730850291721,0.4322177513145047,0.75
ETHUSDT,-1,1723020900000000000,1723018800000000000,1723015500000000000,5.0,2516.55,2525.9700000000003,2502.86,1.4532908704883172,market,2516.55,2525.9700000000003,2523.29,2517.39,-0.07829701513916043,15,56,1.4403586097301642,1.587080532484526,0.13062622309197972,0.4603718199608527,1723020000000000000,2525.96,1723020780000000000,144,0.08336293664987789,0.5989930324743439,0.02950675150813941,-0.4382100111993496,0.23321944319688862,-0.4056290561807874,-0.22660514903105075,-0.00020873858813858369,-0.1937706822986053,0.055731816822830405,0.12012914018865144,0.01313521671952316,-0.12759537414902875,-0.01220217755109964,1.586429392587093,-1.0,-1.0,1.0,37.43219884365529,54.399872841787584,0.26785714285714285,0.42848140175596416,0.0,0.1082033558672929,-0.7406093491660439,0.0
ETHUSDT,-1,1723023000000000000,1723021500000000000,1723020000000000000,5.0,2525.45,2539.01,2511.59,1.0221238938052555,market,2525.45,2539.01,2532.0,2526.66,-0.01733932871736199,15,26,1.3663466159989923,2.3503940296542756,0.34280117531831417,0.663565132223317,1723022100000000000,2539.0,1723022520000000000,144,0.16001799912430534,0.03838866815683105,0.38254896995199256,0.3465484323845406,-0.023725665479213114,-0.2616424442456856,-0.06303632443839143,0.2576593900319708,-0.26491321538631735,-0.17173650016772257,0.15290063257349606,0.06398581328120252,-0.2474412595013188,-0.10753074096155986,1.0457879087419037,-1.0,-1.0,1.0,53.693401176029624,54.881308281691076,0.5769230769230769,0.48393655581318396,0.0,0.010907590520733312,-0.5739305967358166,0.0
ETHUSDT,-1,1723046640000000000,1723043400000000000,1723043100000000000,5.0,2402.0,2422.01,2381.26,1.0364817591204176,market,2402.0,2422.01,2406.24,2406.89,-0.11658763310105602,24,6,0.6523838496147899,1.0329383575746431,0.630652260904376,0.8003201280512274,1723045200000000000,2422.0,1723046040000000000,147,0.18576951498850147,0.12468294900489411,0.7271636737056084,-0.2112485766494962,0.04759184502097472,-0.10923303130505876,-0.2873083120693402,-0.27706347733613634,0.021287070569263003,-0.29872409827340407,-0.4226113503396971,0.3984532153495477,0.3414167126203958,0.3845675192079209,0.9072876924347097,1.0,1.0,1.0,83.30557868443056,86.34471273938293,4.0,0.4826927379393532,0.0,-0.06934725105341938,-0.1319148671622763,0.25
ETHUSDT,-1,1723067700000000000,1723065000000000000,1723064100000000000,5.0,2358.94,2368.9300000000003,2333.23,2.5735735735735163,market,2358.94,2368.9300000000003,2359.33,2359.57,-0.0194392202085778,35,16,0.31553033363172434,1.0166688945466982,0.3672922252010762,0.38222903102259553,1723065600000000000,2368.92,1723067460000000000,150,0.20813707766777792,-0.11881308632825313,0.7432890863458788,-0.0707709375624708,-0.005133697782358293,-0.20325492996254388,-0.3480593963299072,-0.16102877299032622,-0.9428265221922272,-0.0012811575859543124,0.20655731215183365,2.01386580871069,-0.17493108873265978,0.16460291239262773,0.43483860233938393,1.0,1.0,1.0,42.349529873588295,108.989630935929,2.1875,0.3522705816040945,0.0,-0.0904838453665412,-0.3564903841146797,0.0
ETHUSDT,1,1723077780000000000,1723075200000000000,1723072200000000000,5.0,2334.76,2318.6299999999997,2356.16,1.3267203967761245,market,2318.6299999999997,2334.76,2331.17,2334.09,-0.01880493110333492,33,51,1.9405516463651398,1.2149603258426205,0.501200000000008,0.6448000000000138,1723075800000000000,2318.64,1723077300000000000,152,-0.1600338080672475,0.7436280293409955,-0.1435196981474276,0.026735277890607718,0.6149300594456549,-0.19366323360178184,0.1355996128920923,0.34770119017571816,-0.6686735883974358,0.23151027217548623,0.29475772151041857,0.17004526666924705,-0.08076706887515805,0.659262561046251,1.0984568758882605,-1.0,-1.0,-1.0,69.08633007247238,91.65824324555686,0.6470588235294118,0.5120895851965845,0.0,0.3600741726807271,0.11367036425653053,0.5
ETHUSDT,1,1723087020000000000,1723084800000000000,1723083900000000000,5.0,2448.4,2440.85,2461.93,1.7920529801323735,market,2440.85,2448.4,2447.82,2446.99,-0.20454685245821036,22,16,0.7542265458066767,1.496080232334008,0.4929178470255021,0.533994334277622,1723085700000000000,2440.86,1723086720000000000,154,0.029408744904085456,0.6387539007772813,0.10244143425855165,-0.2997349590113421,0.1882227693847957,-0.07656616453282739,-0.4933101299482133,0.20997443640359903,-0.03974407297921629,-0.5504223520455862,-0.41501965898469273,0.8117880098810222,0.7307373702067109,0.4621081060274078,0.5864604590206213,1.0,1.0,-1.0,30.836464629963164,55.260578336872015,1.375,0.3410068874352268,0.0,-0.2573129729151234,-0.04803902579546265,0.5
ETHUSDT,1,1723092540000000000,1723090200000000000,1723085700000000000,5.0,2431.65,2423.2099999999996,2444.24,1.4917061611373141,market,2423.2099999999996,2431.65,2425.18,2430.53,-0.010702693792799423,24,76,0.6824413637407318,3.5691068471610166,0.10277923439958152,0.4420555846880031,1723091100000000000,2423.22,1723092180000000000,155,0.020906560149302176,0.30124191417441604,0.22509865109734428,0.3051197471546531,0.16513248041607057,-0.25036247892444086,0.08658164053711281,0.12596141737135264,-0.6383785765670913,0.12425896137004841,0.1480164789573369,0.6670045941504432,0.11306670381486482,0.16362865851123762,0.4960906451762137,1.0,1.0,-1.0,34.708942487613385,51.77554335533358,0.3157894736842105,0.4116969032427976,0.0,0.07282930840876758,-0.05808847022136171,0.25
ETHUSDT,-1,1723095180000000000,1723093800000000000,1723093200000000000,5.0,2426.78,2433.98,2418.01,1.2180555555555839,market,2426.78,2433.98,2432.3,2427.0,-0.1178634677781325,18,11,0.5878833224881659,1.2959917507014345,0.11678321678318858,0.5027972027971684,1723094100000000000,2433.97,1723095120000000000,155,-0.015734507771121946,0.24583214209118182,0.08100257544685194,-0.22851358132545185,0.1702786400989958,0.06009960928464251,-0.17006230956743243,0.27365681580630113,0.23816952256664145,-0.4233966666708806,-0.05779389098996152,-0.3536565132109494,0.17960220856748968,0.1382654078205516,0.6066402356966424,-1.0,-1.0,1.0,29.668944032832883,36.138422106659775,1.6363636363636365,0.36316489319633144,0.0,0.014487699226331002,0.029125600571869574,0.75
ETHUSDT,1,1723123080000000000,1723121400000000000,1723120500000000000,5.0,2474.67,2464.8599999999997,2485.91,1.145769622833774,market,2464.8599999999997,2474.67,2471.69,2473.44,0.028845005469841478,13,16,0.3694834134175386,3.039128055610071,0.4792691496837776,0.6886858749121694,1723122300000000000,2464.87,1723122600000000000,158,0.04773028428690562,-0.6747377420506732,0.5261352051641917,0.46108609976356374,-0.9638129163090153,0.6234430680457692,0.03298669236406661,-0.3559892796121692,0.635764629437922,0.946002349885152,0.6178053426117448,0.7546561494238501,0.09555034137412731,-0.04294386685479204,0.821623362774376,1.0,1.0,-1.0,39.64164918959053,45.42019744046593,0.8125,0.4499721539301324,0.0,-1.1740352597791808,0.9566984274168205,0.75
ETHUSDT,1,1723144140000000000,1723138800000000000,1723137300000000000,5.0,2581.84,2571.0,2594.7999999999997,1.1955719557195026,market,2571.0,2581.84,2571.01,2579.42,-0.038272367294826415,49,26,0.40555069988456505,0.8379536890120641,-0.08361344537814305,0.3714285714285818,1723141200000000000,2573.0,1723143900000000000,160,0.004700329620562331,-0.15752408085278116,1.0104475173849434,-0.1769079457854613,-0.4007853823733917,0.6062801538277012,0.02274660872005677,-0.6413140339503863,0.3220266984620817,-0.11245839028658983,-0.5664781195945238,1.125627665676958,0.46003378767367575,0.14807065235826794,0.6223305583804953,1.0,1.0,1.0,41.98556068540322,50.19675890062738,1.8846153846153846,0.3982537641989705,0.0,-0.22096542504546923,0.6186394192786747,0.75
ETHUSDT,1,1723145880000000000,1723143900000000000,1723141200000000000,5.0,2578.87,2570.5699999999997,2587.49,1.038554216867434,market,2570.5699999999997,2578.87,2573.0,2578.13,0.019349015733357344,28,46,1.0826504365296203,1.426436225078599,0.16689655172414294,0.5717241379310319,1723144200000000000,2570.58,1723145580000000000,160,0.003520060427823939,0.16052243929327478,0.16592056958128604,0.1989515352436016,-0.22943963102154136,-0.3356271284302311,0.07194913243453355,-0.3204124917564912,-0.16467590053249961,-0.017559983892332914,-0.1683406615487976,1.376877796447618,0.2511035423107195,0.030123126456828152,0.40730466593028414,1.0,1.0,1.0,32.18463900855872,33.425492560694764,0.6086956521739131,0.43493906852782244,0.0,0.11763947049426482,-0.47901996805503533,0.0
ETHUSDT,-1,1723204440000000000,1723201500000000000,1723199100000000000,5.0,2631.91,2642.01,2617.53,1.4237623762375382,market,2631.91,2642.01,2642.0,2632.0,-0.12477023527963405,19,41,0.4663275066849613,4.2340619498110605,-0.14215686274509867,0.270016339869286,1723203300000000000,2638.52,1723204320000000000,169,-0.05444339586052704,0.6125557004137333,0.02539092818836515,-0.06199527238297903,0.06615400553170395,-0.2266095613215275,0.0006221014576659514,0.033046078496702776,-0.0817854892543956,0.0694590953906112,-0.015432422546152015,0.21293607697371486,0.27460471941610065,0.5515132153202252,0.39375173700202665,1.0,1.0,-1.0,38.375172403313044,54.63712664946618,0.4634146341463415,0.4063685626660141,0.0,0.1318030933189964,-0.3634300053254752,0.0
ETHUSDT,1,1723219560000000000,1723214400000000000,1723212600000000000,5.0,2566.63,2551.22,2604.41,2.4516547696300446,market,2551.22,2566.63,2556.0,2565.25,-0.03958951816771916,61,31,0.3473106810250956,0.740070368180486,0.09851301115241583,0.3180503923998362,1723215900000000000,2551.23,1723219500000000000,171,0.09516745621740108,0.0003325078930641085,0.39922288079656393,0.09771316184773651,-0.0812211298192019,0.26767540723529104,0.1578834586090062,-0.30462929731073163,-0.6549300116624205,-0.08924719685888047,-0.38006113102645495,-0.5161563795792513,-0.600695758111513,0.596597961673918,1.222684445818625,-1.0,-1.0,1.0,60.03981875065868,147.19690800777573,1.967741935483871,0.34172073080606774,0.0,0.027063045962782306,0.20003943593832885,1.0
ETHUSDT,-1,1723232640000000000,1723228500000000000,1723227900000000000,5.0,2591.52,2598.9900000000002,2576.67,1.9879518072288358,market,2591.52,2598.9900000000002,2592.54,2592.59,-0.10720262447495132,34,11,0.5778579336552229,0.8112803354698201,0.405541561712847,0.4697732997481099,1723230600000000000,2598.98,1723232220000000000,174,-0.10562732176172804,0.1374363937314462,0.007368941769821842,0.14855108086554614,0.030472896163084167,-0.02164821077377784,0.02871089650087781,0.35436881626345973,-0.5781058069544277,-0.06048926903700486,0.28293944129613857,-0.05901607024917741,-0.17844753358583687,0.2379488614513026,0.41458940088688984,1.0,1.0,-1.0,28.824782367106003,57.30227819966625,3.090909090909091,0.32337469235750077,0.0,0.015752047024964314,0.05265705105114461,0.75
ETHUSDT,1,1723236840000000000,1723235100000000000,1723234800000000000,5.0,2592.85,2585.6299999999997,2603.7599999999998,1.511080332409899,market,2585.6299999999997,2592.85,2586.06,2592.6,-0.03687233123733302,19,6,0.7776127892976743,0.597915892409479,0.023715415019766907,0.40711462450593006,1723235700000000000,2585.64,1723236480000000000,174,0.1039037113800603,-0.14621653300204712,0.4571946211124838,0.08398686486050673,-0.041472875928596074,-0.289538997499179,0.001098290381264095,0.23660579888585673,-0.12593577805100648,0.0031512548127395714,0.2558515279934064,-0.10507907619450153,0.030671274309529886,-0.2672760168943108,0.2939410031175933,-1.0,-1.0,1.0,27.845806737760594,42.07725090151707,3.1666666666666665,0.4779375936085075,0.0,0.0766620624515233,-0.567141686114101,0.0
ETHUSDT,1,1723243860000000000,1723242000000000000,1723241100000000000,5.0,2593.26,2583.29,2606.49,1.3269809428284078,market,2583.29,2593.26,2583.3,2592.14,-0.1709445003873038,16,16,0.4272474796303147,1.5323692987044315,-0.1706896551724167,0.25862068965517443,1723242900000000000,2587.26,1723243740000000000,176,0.011450682867917365,-0.21973203927191626,0.6301652032697085,0.04529792388552591,0.0007594983351291145,-0.09795966712195808,-0.08525103473640602,-0.21003688940418633,0.9184358844866138,0.17690291684338294,-0.01919277225291024,-0.0916664785861265,0.1007433454863116,-0.041514519917812215,0.3837026779434351,-1.0,-1.0,1.0,38.445817233907334,51.016866800859,1.0,0.3905391514402449,0.0,-0.22001599641536623,-0.02038852212815563,0.5
ETHUSDT,-1,1722666300000000000,1722657600000000000,1722647700000000000,15.0,2977.49,2986.86,2958.88,1.9861259338312685,market,2977.49,2986.86,2982.21,2977.69,-0.14984577639639296,85,166,0.43505229489897007,1.7607546126683904,0.19880034275920497,0.4010282776349644,1722661200000000000,2986.85,1722665820000000000,94,0.006198372410192974,-0.17604912912269266,0.363649596542161,0.19329310614362535,0.2109823291398363,0.14538496638622034,-0.06848085098534881,-0.04290534317759576,-0.15245707389893207,-0.5371351777804936,-0.4609347825194844,0.035681502652163195,-0.13418540724313768,-0.3298743912923862,0.644245988426331,-1.0,1.0,1.0,31.46945917534684,62.502308991800724,0.5120481927710844,0.3636459609532446,0.0,0.320958550956552,0.3655815461312567,1.0
ETHUSDT,-1,1722682740000000000,1722669300000000000,1722661200000000000,15.0,2990.7,2995.8900000000003,2973.03,3.40462427745624,market,2990.7,2995.8900000000003,2995.88,2992.0,-0.0010071650206191496,119,136,0.7443409053786767,0.9742463591290186,-0.08223972003499994,0.14435695538058457,1722675600000000000,2994.0,1722682680000000000,94,0.0020842409096880907,0.0539285115699731,0.04599647319479412,0.170184619641595,0.07392090284281927,-0.2673183560338451,0.18281891868984715,-0.13377634956659962,-0.16260839797329185,0.07365094697894638,-0.03158583914872484,-0.2091062087161006,-0.1298808552682657,0.07393464439009607,1.1529643164731027,-1.0,-1.0,1.0,17.353796769988662,59.08315778914508,0.875,0.29259859042730635,0.0,0.39388042559091435,-0.3181289455359574,0.25
ETHUSDT,1,1722697440000000000,1722690900000000000,1722689100000000000,15.0,3001.99,2996.39,3013.52,2.0589285714286407,market,2996.39,3001.99,2998.05,3001.88,-0.09562680227960718,49,31,0.6288610743922362,1.0137895450629741,0.10658914728682746,0.36111111111109073,1722694500000000000,2996.4,1722697080000000000,97,-0.020143409587545968,0.2738843579542737,0.22029988581972615,-0.07669494386364159,0.3651796812360877,-0.4888911703754771,-0.46402989446163834,0.34354838754245753,-0.4246009697305436,-0.2637801876849034,0.08569781450335555,0.24217868925952316,-0.045359010824447814,0.011611382185855723,1.553133698766071,1.0,1.0,-1.0,18.65429265254018,38.40785612210634,1.5806451612903225,0.37931174810097473,0.0,0.048772027192964806,-1.0185939925210552,0.0
ETHUSDT,1,1722712080000000000,1722708000000000000,1722694500000000000,15.0,2908.4,2890.0499999999997,2927.9799999999996,1.0670299727519936,market,2890.0499999999997,2908.4,2896.57,2907.68,-0.10984795963179694,38,226,2.6699558410288757,4.876926228134968,0.20719287078295026,0.583704646721845,1722709800000000000,2890.06,1722710100000000000,99,0.09300446368886701,-0.21899967059730333,0.9701252626225443,0.06398856430702561,-0.10769258228480706,0.7272741918595054,0.05798679631243591,0.22759830940700412,0.19743406047664333,0.10833647825455528,0.3072808131932151,-0.45594124389691143,-0.49268315506539295,-0.3304798554006814,0.3487538911635635,-1.0,-1.0,-1.0,63.09310961353446,67.32223903176823,0.168141592920354,0.48143089992346194,0.0,-0.16946175255664175,0.5550254250593066,0.75
ETHUSDT,-1,1722733080000000000,1722727800000000000,1722726900000000000,15.0,2912.37,2917.7200000000003,2899.73,2.362616822429722,market,2912.37,2917.7200000000003,2912.91,2913.28,-0.013810852414869235,43,16,0.6616065009692133,0.6054145678360022,0.36391205458682047,0.4048521607278335,1722730500000000000,2917.71,1722732780000000000,100,-0.06396733916245033,0.3731180094810969,0.12283865012029001,0.1638359883623125,0.192461646822487,-0.1730604679805644,0.029921690609876476,0.11272812244544625,-0.2843766105208021,-0.3670680673957391,-0.19800693162104457,0.1512100179151766,-0.3511020670565373,0.12564062845932106,0.6706507608210699,-1.0,1.0,1.0,18.36991865731471,43.40107884643734,2.6875,0.4097784112637353,0.0,0.12956784697972767,-0.004487912567201227,0.5
ETHUSDT,1,1722749160000000000,1722743100000000000,1722739500000000000,15.0,2907.53,2897.62,2918.14,1.0706357214933746,market,2897.62,2907.53,2907.24,2906.94,-0.15273943715047777,41,61,1.7842181513436688,1.304493358767581,0.8808432630613565,0.9074243813015408,1722746700000000000,2897.63,1722747540000000000,102,0.08034781840686048,0.28508390746914414,0.006628479850771121,0.2514231884048291,0.2823373452871782,0.008065054208014264,0.055628141599986615,0.4245440733116371,-0.2653848362675282,-0.4404119817937076,-0.06842805207379975,0.16805019508253466,0.008146114548067305,0.056525753565841864,0.330957856009603,-1.0,-1.0,-1.0,34.08391314965042,36.491454946293494,0.6721311475409836,0.4701901652656777,0.0,0.31887525148338247,0.12544992733190888,0.5
ETHUSDT,-1,1722754860000000000,1722750300000000000,1722747600000000000,15.0,2915.61,2920.7000000000003,2908.94,1.3104125736738472,market,2915.61,2920.7000000000003,2917.23,2916.56,0.038032734587482575,31,46,0.789938172959942,1.6858033491637197,0.41686746987951334,0.6120481927710621,1722753000000000000,2920.69,1722754320000000000,103,-0.01712029690572813,-0.010787166317903168,0.18918233469303875,0.06547242538264571,0.2036867098768564,-0.006591614053581707,-0.2290619651562888,-0.20527967380992493,0.022235858021676793,-0.04302378851980358,-0.22807002951911953,-0.21521194833791812,-0.11825591090768509,-0.25553167072584604,0.8117791312107482,1.0,1.0,1.0,17.457753266040882,22.876859387915644,0.6739130434782609,0.43379272865504304,0.0,-0.03171232736738105,0.04963897829280386,0.75
ETHUSDT,1,1722858360000000000,1722854700000000000,1722849300000000000,15.0,2251.33,2222.2999999999997,2286.8799999999997,1.2245952462969163,market,2222.2999999999997,2251.33,2222.31,2248.95,-0.019346333247552083,46,91,1.332080439490806,0.93914726300505,-0.0184267575100659,0.4309383710126968,1722855600000000000,2223.5,1722858060000000000,115,-0.30681160192630863,-0.29473179382166137,1.15007049608602,0.10721389674011378,-0.4859327661340693,0.9968620567590967,0.10006431334461263,0.20080147124300776,-0.3340970931628022,0.10727086390442088,0.3003032680359385,0.16956643936916418,-0.28034767127890886,0.07241144664277115,0.802195986915732,-1.0,-1.0,-1.0,128.94600080841192,157.90665961897955,0.5054945054945055,0.472537604271689,0.0,-0.3524162213766361,1.1089306607863312,1.0
ETHUSDT,1,1722888360000000000,1722878100000000000,1722875400000000000,15.0,2424.85,2362.99,2493.6,1.1113805366957623,market,2362.99,2424.85,2424.41,2415.99,-0.02235229960802687,126,46,0.6144238147338151,1.262681840726008,0.8874277456647343,0.8937861271676252,1722880800000000000,2363.0,1722885540000000000,119,-0.30600680006739184,-0.24650544034681035,0.9345287961842945,0.2365191791556011,-0.12635190121090328,1.2390323749921457,0.27585529630972117,0.07154654061788587,0.279784319753823,0.25976471503038984,0.2915950124843442,-0.03156719654912868,-0.12152156602099069,-0.04251657221430094,0.8491304071573894,-1.0,1.0,-1.0,255.10856341629432,283.52269212528614,2.739130434782609,0.48219398772823796,0.0,0.07085284879619547,2.251552001844421,1.0
ETHUSDT,1,1722902520000000000,1722896100000000000,1722880800000000000,15.0,2421.2,2409.16,2473.7999999999997,4.368770764119607,market,2409.16,2421.2,2417.99,2418.73,0.02349092153353949,47,256,0.6297888220471274,8.333035137977122,0.15800788247939238,0.21551415263345952,1722899700000000000,2409.17,1722902280000000000,120,-0.3227978272883251,-0.053583016183299165,0.39352513752900736,0.12334190465421088,-0.2621753154460288,-0.22530809362985565,0.15246827068106097,-0.15337174066452774,-0.46465024090544416,0.16451848861663462,-0.023233875187519556,-0.10439953367529939,-0.11955280673666537,0.03909691899060703,0.7738338957501419,-1.0,1.0,-1.0,49.72740789691048,217.24764579547295,0.18359375,0.32118174279487616,0.0,-0.1307046666097768,-0.49999138232709545,0.0
ETHUSDT,1,1722914520000000000,1722908700000000000,1722906900000000000,15.0,2498.6,2480.83,2522.3199999999997,1.3348339898705586,market,2480.83,2498.6,2497.22,2496.96,0.007380318788317908,37,31,0.7490076503653146,1.1957522661600044,0.6523297491039256,0.7072879330943717,1722912300000000000,2480.84,1722914280000000000,122,-0.3136908363682127,0.1300945899894064,0.5659795822137262,0.15648250806371322,-0.040934665458180225,-0.04952413912454562,0.10409055693488872,-0.18403683592936013,-0.18729836750482393,0.1027611139265772,-0.13376349812871655,-0.17572451865588765,0.01176780698574603,0.24007150360255994,0.8443500767162775,-1.0,1.0,-1.0,71.11982710317771,94.93316257103899,1.1935483870967742,0.3864033408065393,0.0,0.08646861595057859,-0.016300714562561568,0.5
ETHUSDT,1,1722949380000000000,1722943800000000000,1722941100000000000,15.0,2444.72,2425.4399999999996,2470.5699999999997,1.3407676348547533,market,2425.4399999999996,2444.72,2441.04,2444.35,-0.043159281590091414,63,46,1.5694906244020388,0.8535500300621134,0.5277589708869386,0.652335815842925,1722945600000000000,2425.45,1722948360000000000,127,-0.16091099417797178,0.16707276840627705,0.22784194431421592,0.10657297938896351,0.3004120128704129,0.014389057650753658,0.21562761802162791,0.3558157886370534,-0.3963874871381827,-0.22429075117194017,0.05324452561597073,-0.15974527912259248,-0.1002043326570911,-0.006041962248851049,0.8391018970374133,-1.0,-1.0,-1.0,78.8638371674474,105.73808043456883,1.3695652173913044,0.465261801095703,0.0,0.6640491602235867,0.10587475148356483,0.75
ETHUSDT,1,1722967860000000000,1722959100000000000,1722954600000000000,15.0,2493.97,2479.47,2549.0699999999997,3.7999999999999936,market,2479.47,2493.97,2492.75,2489.57,0.01962809920984876,71,76,0.883893678314255,1.5087695011056286,0.23557606958991653,0.25723415586720755,1722963600000000000,2479.48,1722967200000000000,133,-0.14292192146326443,-0.3249267417450441,0.7730083967767942,0.2485825155172498,-0.22894884886611022,0.0011914943349885852,0.09900625259372811,-0.6192476970284151,-0.5108716893713218,0.028596886683932142,-0.6720326532375026,-0.5372619427959242,-0.3522843504160716,-0.14270795423633562,0.6496289970592861,-1.0,-1.0,-1.0,58.14023424499894,220.93289013099562,0.9342105263157895,0.3113774140892246,0.0,-0.15884435122400553,-0.003128713823956613,0.5
ETHUSDT,1,1722971940000000000,1722967200000000000,1722963600000000000,15.0,2497.47,2479.47,2521.85,1.3544444444444506,market,2479.47,2497.47,2479.48,2493.35,-0.07968369415149956,34,61,0.518101765688926,2.4565578406868025,-0.14629542236903734,0.278197262859838,1722969900000000000,2485.68,1722971280000000000,135,-0.1467228105442458,0.21310659784304087,0.5515640709661859,0.07605423828648489,0.09871923286890207,0.15432455846487986,-0.041631732556682614,0.1549680807874674,-0.4338809543733891,-0.05193713642848334,0.005876155098004293,-0.4008133642336775,-0.2011864091362768,0.026443973393598125,0.6129013976283788,-1.0,-1.0,-1.0,72.07293781306683,97.61879021569874,0.5573770491803278,0.4550362039242593,0.0,-0.08639730850291721,0.4322177513145047,0.75
ETHUSDT,1,1722979200000000000,1722976200000000000,1722969900000000000,15.0,2486.48,2471.52,2501.9599999999996,1.0347593582887384,market,2471.52,2486.48,2471.53,2485.0,-0.056681656384439894,35,106,1.2187158711608082,10.204124880366738,-0.017411300919834175,0.47371879106439757,1722977100000000000,2472.06,1722977460000000000,136,-0.14100999252405474,0.12846487668274317,0.35252329501362717,-0.06372855798665529,0.4999750113484505,-0.5361735569252839,-0.34164240796881246,0.23994035587038634,-0.23036594971081847,-0.10354709220055969,0.04009351208316648,-0.26619869923624456,-0.13443585097820354,0.15382828414080452,0.5311148005839484,-1.0,-1.0,-1.0,60.16537434445496,62.25668414786993,0.330188679245283,0.5103693982699398,0.0,0.23777823004133236,-0.7984444713149004,0.0
ETHUSDT,1,1723012320000000000,1723006800000000000,1723005000000000000,15.0,2509.77,2491.27,2532.99,1.2551351351351243,market,2491.27,2509.77,2508.63,2500.86,-0.10279974226321331,47,31,1.3438107623239057,0.9601058837436638,0.711940910956093,0.7587197373820215,1723009500000000000,2491.28,1723011540000000000,142,-0.061086534200095556,0.5830271100858003,0.4246591147660651,-0.1548699451244069,0.3850990576880974,0.3172647899223226,-0.03310126523798238,0.37017609191293105,-0.22844968528424942,-0.3772433833814809,-0.09334450101626592,-0.2427009464646717,0.017071413981042848,0.29421528508295686,0.8714252805192358,-1.0,1.0,-1.0,73.71193376285477,92.51843794451206,1.5161290322580645,0.46946011065793497,0.0,0.05989688584936803,0.8639346323950976,1.0
ETHUSDT,1,1723049760000000000,1723041900000000000,1723038300000000000,15.0,2391.19,2363.2299999999996,2421.99,1.1015736766809436,market,2363.2299999999996,2391.19,2363.24,2387.9,-0.07773376806715182,56,61,0.3835827665504426,1.1683076218015491,-0.1892443839346546,0.28641933287950755,1723046400000000000,2374.36,1723049640000000000,147,-0.1959568838559645,0.2710823832515759,0.7955176659776657,-0.24701147227026984,0.025980266949181107,0.13948891307266698,-0.1594417183080077,-0.25488093776359694,0.1937872606880846,-0.16854305314424242,-0.5765989337965776,-0.3787835596358895,-0.3482165757424567,0.16671855038278324,1.085367999620734,-1.0,-1.0,-1.0,116.92922770670876,128.80615927634244,0.9180327868852459,0.449646699307138,0.0,-0.013075152488423489,-0.0755804346931237,0.25
ETHUSDT,-1,1723073040000000000,1723068000000000000,1723064400000000000,15.0,2357.27,2368.9300000000003,2312.01,3.8816466552314375,market,2357.27,2368.9300000000003,2368.92,2358.3,0.007648823616578482,54,61,0.9030357122612332,1.4846908426381622,-0.08713984539704901,0.11753338018271339,1723069800000000000,2363.96,1723072020000000000,150,0.20299142711502882,0.18696183956499782,0.04095702965086087,0.22504905057897795,0.05526720742430922,-0.030736001644270403,0.0019508573070953624,-0.9238928089456944,-0.3308653642437365,-0.23720613086007974,-0.8415191016568622,1.8831634311710432,-0.23245040639894382,0.036923985903011346,0.4401800816132008,1.0,1.0,1.0,49.46399860856121,192.00176475329414,0.8852459016393442,0.2848827290424804,0.0,0.13271446469791076,-0.014661479163102814,0.5
ETHUSDT,1,1723077780000000000,1723069800000000000,1723068000000000000,15.0,2334.76,2311.99,2363.95,1.281949934123805,market,2311.99,2334.76,2312.0,2334.09,-0.022772197833640817,88,31,0.7683117148239664,0.3987848126399825,-0.12779060816012064,0.31023864511163074,1723072500000000000,2318.64,1723077300000000000,151,-0.1600338080672475,0.7436280293409955,-0.1435196981474276,0.026735277890607718,0.6149300594456549,-0.19366323360178184,0.1355996128920923,0.34770119017571816,-0.6686735883974358,0.23151027217548623,0.29475772151041857,0.17004526666924705,-0.08076706887515805,0.659262561046251,1.0984568758882605,-1.0,-1.0,-1.0,97.52608405146754,125.02355702513148,2.838709677419355,0.4741559083085515,0.0,0.3600741726807271,0.11367036425653053,0.5
ETHUSDT,-1,1723172040000000000,1723167900000000000,1723166100000000000,15.0,2671.11,2681.6400000000003,2657.3100000000004,1.3105413105412598,market,2671.11,2681.6400000000003,2673.67,2672.44,-0.07722288562601753,39,31,0.804212248814234,0.932526526544175,0.4862553451435607,0.6426389737324406,1723169700000000000,2681.63,1723171860000000000,165,0.36973809557156706,0.10089047665857845,0.4357955518273785,-0.14667340731985637,-0.38728963429074037,0.31033671244198546,-0.20314617167219223,-0.04900712042172817,0.24847043420971457,0.02447612355284662,-0.24160504758292922,0.07419848462307206,0.16991813104294073,0.5260718758688934,0.7172697050440056,-1.0,-1.0,-1.0,39.42181340341731,51.66391500162751,1.2580645161290323,0.37734615012159367,0.0,-0.4937228657458265,0.010960454277398668,0.5
ETHUSDT,1,1723191660000000000,1723180500000000000,1723176900000000000,15.0,2664.51,2647.3399999999997,2702.87,2.234129295282382,market,2647.3399999999997,2664.51,2647.35,2664.38,-0.12819172464767115,96,61,0.7440837270740919,0.6799652923201627,-0.1217359985593408,0.18728615162975065,1723185900000000000,2654.11,1723191420000000000,165,-0.12615516025278248,-0.3181218682098712,0.4530257662559217,0.19002271934924775,-0.17329485288608618,0.15031753113686278,-0.2152210657608771,0.02961296706731753,-0.1350467668468595,-1.1402510306793616,-0.901954104589242,-0.42638838583815003,-0.19270883198779554,0.13455437437655893,1.082393658658656,1.0,1.0,1.0,64.4396155390692,143.96643285256826,1.5737704918032787,0.36382987092836827,0.0,-0.36299122808354656,0.1686982163498725,0.75
ETHUSDT,1,1723198680000000000,1723192200000000000,1723185900000000000,15.0,2659.11,2647.68,2681.0699999999997,1.9212598425195995,market,2647.68,2659.11,2654.11,2656.74,-0.038979370608614894,48,106,1.2118657415277807,1.823070864337341,0.23804226918799112,0.4234334445680444,1723195800000000000,2647.69,1723197840000000000,167,-0.07933896384410778,0.032935332802015285,0.1916519621372482,0.19044719196153884,0.14793493801392119,0.3894683279197737,-0.13586938891350134,-0.19178482293305124,-0.5918199794723071,0.2029752170262856,0.2053022565973377,-0.28354744049286473,-0.25762151693606605,-0.08551370311508769,0.5851775978764131,-1.0,1.0,1.0,42.98430677933704,82.58402247368323,0.4528301886792453,0.39523275346500975,0.0,-0.03437979215294651,0.7006037649281269,1.0
ETHUSDT,1,1723219560000000000,1723214700000000000,1723212900000000000,15.0,2566.63,2551.22,2604.41,2.4516547696300446,market,2551.22,2566.63,2556.0,2565.25,-0.0026863482325107935,51,31,0.33824099986308576,0.9431360551679112,0.09851301115241583,0.3180503923998362,1723216500000000000,2551.23,1723219500000000000,171,0.09516745621740108,0.0003325078930641085,0.39922288079656393,0.09771316184773651,-0.0812211298192019,0.26767540723529104,0.1578834586090062,-0.30462929731073163,-0.6549300116624205,-0.08924719685888047,-0.38006113102645495,-0.5161563795792513,-0.600695758111513,0.596597961673918,1.222684445818625,-1.0,-1.0,1.0,60.03981875065868,147.19690800777573,1.6451612903225807,0.33934962120060735,0.0,0.027063045962782306,0.20003943593832885,1.0
ETHUSDT,-1,1723234860000000000,1723224600000000000,1723220100000000000,15.0,2591.61,2608.5,2573.0400000000004,1.099467140319707,market,2591.61,2608.5,2608.49,2592.62,-0.01759294398639022,111,76,0.3417968505801971,1.1935519412297015,-0.06683587140439703,0.40919345741680585,1723228200000000000,2606.12,1723234680000000000,174,-0.1023569988863094,0.19291891320217666,0.495201357382363,-0.004159053880157428,-0.1334629260456687,-0.018539406948152752,-0.09850485253445308,-0.03085749118600704,-0.03188211828238144,-0.04014358743458403,-0.0805231118129388,0.012610545167663356,-0.0419912654219254,0.17618900622744924,1.5466965897896052,1.0,1.0,-1.0,65.17184298563392,71.65429983677987,1.4605263157894737,0.4373999165167425,0.0,-0.09054425786032194,-0.23693238476688033,0.25
SOLUSDT,-1,1722645000000000000,1722640500000000000,1722639900000000000,5.0,153.252,154.006,152.25199999999998,1.3262599469496563,market,153.252,154.006,153.795,153.384,0.019131394066074447,45,11,0.36359763332816386,0.5341520264558,0.12942691564714887,0.4790727623953645,1722642300000000000,153.996,1722644580000000000,93,-0.30813856595185374,0.032322009762665964,0.8992430510315272,0.02906875236618642,-0.07918192139122344,0.3606782914845814,0.09341257883385083,-0.11101086363216117,0.13127969676319595,-0.061805892205462155,-0.1375099867470675,-0.9365503749674402,-0.1156249289905706,0.061855230382463086,0.34037432381739585,-1.0,1.0,1.0,49.20001044031991,65.25200323650121,4.090909090909091,0.45118677279234914,0.0,-0.02500073209161341,0.4832011437026188,1.0
SOLUSDT,-1,1722651360000000000,1722648900000000000,1722647700000000000,5.0,151.843,152.55499999999998,150.37,2.0688202247191114,market,151.843,152.55499999999998,152.545,152.036,-0.058657325876182886,31,21,0.37099523836421044,1.0557902659836225,-0.021052631578944082,0.30022883295195135,1722649500000000000,152.499,1722651240000000000,94,-0.39395914525757403,0.7094039479966828,-0.32492133064330286,-0.010735675427783928,0.7354329561308769,-0.573972449389352,-0.050676297475771286,0.6631864963816514,-1.712531513662313,-0.2772468270603469,0.4026818976585347,-0.00454933083029721,-0.02745770219893412,0.2314395085886056,0.5283927409811342,1.0,1.0,1.0,46.89053825332673,97.00809388644751,1.4761904761904763,0.3890886117370896,0.0,0.5384452910641206,-0.3390644868215274,0.25
SOLUSDT,1,1722664500000000000,1722660900000000000,1722660300000000000,5.0,151.668,151.09300000000002,152.54000000000002,1.5165217391304893,market,151.09300000000002,151.668,151.201,151.66,-0.06376704754883888,40,11,0.24581744039316572,1.133068779975224,0.07264640474424275,0.4188287620459527,1722662100000000000,151.103,1722664380000000000,94,0.4123104997558767,0.1075720810774287,0.30400407743223784,-0.051115857041791134,-0.26023517026489595,0.41977422429104716,0.015728478227397938,-0.29066947431925844,0.4193613271221781,0.15192128251685413,-0.2185698492113254,-0.5395778125216477,-0.054079005538198464,0.23264521134380312,0.8209707242673773,1.0,-1.0,-1.0,37.91175462193664,57.49400005274772,3.6363636363636362,0.3807159778180435,0.0,-0.5325392235058944,0.657233933095975,1.0
SOLUSDT,-1,1722669660000000000,1722666000000000000,1722664500000000000,5.0,152.429,153.44899999999998,151.374,1.0343137254902213,market,152.429,153.44899999999998,152.444,152.476,-0.03391717551994855,51,26,0.92588569576741,1.1580728215824942,0.921296296296314,0.9351851851851906,1722666600000000000,153.439,1722669000000000000,94,-0.38326076751174526,0.16265783201283998,0.09382466223605505,0.07171006949379134,0.09121867050546174,0.32243875351718126,0.34321527964016346,0.03784431330489656,-0.23627585877544213,-0.0974527164763619,0.030058830094238022,0.23609114894820046,-0.03757239701702309,-0.007535882593691586,1.0954778290709217,-1.0,1.0,1.0,66.91640042249058,69.21255141738166,1.9615384615384615,0.4828737611557817,0.0,0.1333465829834417,1.2783486543880211,1.0
SOLUSDT,1,1722693240000000000,1722690900000000000,1722690300000000000,5.0,151.805,151.255,152.39700000000002,1.0763636363636377,market,151.255,151.805,151.542,151.737,-0.15363825001307785,24,11,0.7017015329102713,0.8244914309305458,0.3202312138728466,0.624277456647416,1722691800000000000,151.265,1722692700000000000,97,0.31856262773003835,0.33761230834747513,0.34500147485442884,0.10558797848539822,0.16691600236954382,0.16151802590180434,-0.280149675224157,-0.27520440079565084,0.15805536818297766,-0.2211952279450823,-0.5696801721864957,0.05252636250160479,-0.03404492201630959,0.1793539001790752,0.359692937073309,-1.0,-1.0,-1.0,36.23069068871324,38.99739797766957,2.1818181818181817,0.42489695160070057,0.0,-0.15587346045093886,0.1409442724483196,0.5
SOLUSDT,-1,1722696060000000000,1722694200000000000,1722692700000000000,5.0,152.24,152.863,151.539,1.125200642054627,market,152.24,152.863,152.853,152.27,-0.032267994325329896,26,26,0.7714315934743957,1.2861054635196532,-0.1465256797583195,0.3164652567975671,1722694500000000000,152.659,1722695700000000000,97,-0.30027421370321705,0.15711465668398153,0.46370482757808607,0.08965776520413708,-0.04627166192540215,0.2544959328129333,-0.0563156640002337,-0.004323911188581828,-0.12630553852229387,-0.21729518079119975,-0.14592043709096603,0.029751183200768923,-0.02081601412303268,0.13386415419894435,0.6110480117623093,1.0,1.0,1.0,40.92222806095575,46.04571728849329,1.0,0.4244767215766178,0.0,-0.03777536665492809,0.3241125578735129,0.75
SOLUSDT,1,1722708900000000000,1722706500000000000,1722704100000000000,5.0,142.224,141.59900000000002,143.99,2.82560000000016,market,141.59900000000002,142.224,142.149,142.1,-0.09858419452375533,30,41,0.49306834434976504,1.5493057751953392,0.2917341977309521,0.3322528363046899,1722707100000000000,141.609,1722708840000000000,99,0.18862215717138667,-0.154289832491204,0.6764911515867055,0.10614052455544438,-0.5321345184025669,0.47757382439268103,0.0808302174613855,-0.2970518022586736,-0.28477292214113265,-0.28759559569628396,-0.8244451518399492,-1.4174426240106077,-1.0513888508119955,0.12699108624871883,0.8442289097670175,-1.0,-1.0,-1.0,43.944763190458126,124.17032287096549,0.7317073170731707,0.30984549332676725,0.0,-0.3858755211063104,0.21313420005180622,0.75
SOLUSDT,1,1722718740000000000,1722715800000000000,1722714600000000000,5.0,140.509,139.99,142.303,3.456647398844105,market,139.99,140.509,140.0,140.48,-0.050218683549197785,19,21,0.7269265670945425,1.3833642938341641,-0.030263726761778444,0.18979680069174024,1722717600000000000,140.07,1722718380000000000,99,0.2543090090377318,0.6848710395248464,-0.5039683374411184,0.17092403558950467,0.03638315689002861,-0.9401958244798602,0.04944387013706828,-0.2806202567079718,0.3507759041432707,0.2589901482844294,-0.2487009307781597,-0.778413024788656,-0.4618383714287434,0.3954898698957828,0.6081883361013983,-1.0,-1.0,-1.0,36.93713569949092,127.67865403639705,0.9047619047619048,0.3372957139782756,0.0,0.12236693247458985,-1.0766131561000185,0.0
SOLUSDT,-1,1722722520000000000,1722717600000000000,1722715800000000000,5.0,141.831,143.28,140.07999999999998,1.2084195997239406,market,141.831,143.28,142.313,142.369,0.0019101821501803506,67,31,0.8217131280753577,1.183661583199605,0.4266607222470014,0.6415514935354546,1722718500000000000,143.27,1722721200000000000,100,-0.2756462314343743,-0.15188750726990902,1.4285445937511334,0.2952287432699719,0.051339403276455205,0.9869360100082986,0.1267207929649705,-0.3753434185887044,-0.6726122217104653,-0.12234214603023154,-0.31702796500776637,0.094738726904163,-0.10447150816029444,-0.02829668151415756,0.7172574690099143,-1.0,1.0,1.0,102.16384288343255,123.45679012345713,2.161290322580645,0.4266069559852668,0.0,-0.044526305539608346,1.2419090839942832,1.0
SOLUSDT,-1,1722733440000000000,1722730800000000000,1722729900000000000,5.0,143.563,144.16,142.464,1.8408710217755009,market,143.563,144.16,143.635,143.8,0.030723023954289053,29,16,1.3803495988527577,0.8199098538872815,0.4360711261642863,0.4970364098222065,1722731700000000000,144.15,1722732780000000000,100,-0.23599812682081991,0.20461924810855547,0.5528498767232491,0.10777129194444816,-0.07994145881841515,0.15066764671009575,0.011578116581352315,-0.6997990721035287,-0.16207847845687495,-0.09491724150575098,-0.6745178193700229,-0.45225427107368416,-0.2843522415612776,0.2953803567079578,0.5388180203702408,-1.0,1.0,1.0,41.58453083315398,76.55175776488298,1.8125,0.3436567507654909,0.0,-0.13620823879009347,0.33745746919235975,0.75
SOLUSDT,1,1722772860000000000,1722770100000000000,1722769500000000000,5.0,143.579,143.121,144.297,1.5676855895196327,market,143.121,143.579,143.31,143.515,-0.14475401631058815,26,11,0.9710208083669245,0.6168723139094769,0.17953861584754727,0.4493480441324112,1722771300000000000,143.131,1722772320000000000,106,0.37876269717016897,-0.16268409114122245,0.5515626846550543,-0.025866748549638698,0.014387633839554164,-0.12412190184589507,-0.04476030042542193,0.05098444487883075,-0.3130370372683542,-0.07847454436983461,-0.025041339028481744,0.726135697125253,0.46750095466915403,-0.047561763674304605,0.6548510187796961,1.0,-1.0,-1.0,31.898815286357923,50.007313047171884,2.3636363636363638,0.4807545855382706,0.0,-0.13517935292478805,-0.11312615862923689,0.5
SOLUSDT,-1,1722822120000000000,1722821100000000000,1722820500000000000,5.0,130.846,133.59799999999998,127.05000000000001,1.3793604651162856,market,130.846,133.59799999999998,133.588,131.468,-0.027147170991686842,12,11,0.5359580392064013,1.139949997581615,-0.002138057422110814,0.4166157605375708,1722821400000000000,133.574,1722821880000000000,109,-0.694137958151157,1.7212184635893615,0.4844192465159975,-0.02743249609144272,0.25294967942213425,-0.9299959345664248,-0.18107126177673136,-2.914070530038343,4.9981583469243835,0.28721614227023323,-2.717325044872927,-1.4115368121753114,0.16899305638480872,0.5415121592445594,0.9042080804181222,1.0,1.0,1.0,210.3235865062731,290.1120401082182,1.0909090909090908,0.45964511480219367,0.0,0.037907619266181414,-0.46278785921030274,0.0
SOLUSDT,1,1722824520000000000,1722821400000000000,1722821100000000000,5.0,128.29,125.39,133.56400000000002,1.818620689655188,market,125.39,128.29,127.04,127.994,-0.05933051685892965,42,6,0.35272972454430535,0.5255362957789995,0.25099479644934175,0.4423018059381671,1722822000000000000,125.4,1722824280000000000,109,0.66261179796638,0.8343249094549376,0.9718044356299158,0.01746491906261533,-0.5953226502770445,0.311484488152631,0.02595324981674145,-0.6280760595072367,-0.5065485379252732,0.03981276590049079,-0.48166066555260695,1.3884154232104426,-0.39642008345773205,0.7823498360761644,1.0420589837464593,-1.0,-1.0,-1.0,226.050354665211,411.0998518980458,7.0,0.446666655053331,0.0,-0.2060818935189005,-0.025570005640551022,0.5
SOLUSDT,-1,1722827100000000000,1722825000000000000,1722824400000000000,5.0,130.081,131.04299999999998,126.842,3.366943866943895,market,130.081,131.04299999999998,130.298,130.082,-0.0413650290158587,15,11,0.9902847529279415,1.0196206100613476,0.21206001154067614,0.27466820542411885,1722826200000000000,131.033,1722826740000000000,111,-0.6869801392256915,-0.009697632842097282,0.672411457759936,-0.024683011048447345,-0.1681290702618043,-0.24730624723983666,-0.08738430888591979,0.17558704923466445,-0.7355828464510238,-0.11237256355918386,-0.03521631011934982,-1.486454437871711,0.07772443178683172,-0.13842517801607584,0.4053530695038205,1.0,1.0,1.0,73.95392101844152,248.99870080949486,1.3636363636363635,0.3521561410844765,0.0,-0.11683093519151717,-0.12211058365094242,0.25
SOLUSDT,1,1722839460000000000,1722834900000000000,1722831300000000000,5.0,115.85,109.152,123.49,1.1406389967154387,market,109.152,115.85,112.244,115.698,-0.038084342409035465,56,61,1.0276466652598222,0.9864676894071751,0.2738095238095232,0.5941719971570707,1722836100000000000,109.162,1722839100000000000,113,0.4269184952835845,1.1030422988373034,2.5183918858568726,0.1290580348154191,-0.0037664492916220454,-1.1415511383371444,-0.09991036734756853,0.30137325132912574,-1.4352835090414957,0.015804163373837155,0.2807325787895182,-1.0900357872763435,-0.5767894327207015,0.1734652341227227,1.7129657665352782,-1.0,-1.0,-1.0,578.1614156236508,659.4734570565387,0.9180327868852459,0.5639219893879789,0.0,0.7112163806638948,-1.634591323217552,0.0
SOLUSDT,1,1722848280000000000,1722845700000000000,1722843900000000000,5.0,120.885,119.38499999999999,122.985,1.399999999999983,market,119.38499999999999,120.885,120.303,120.692,-0.06239487202800387,18,31,0.9561553326461251,2.1056851176763254,0.33729569093610656,0.5534918276374462,1722847200000000000,119.395,1722847980000000000,114,0.47728574903648097,0.007838791424167019,0.748823373291804,0.06669898475918579,-0.46380859066210134,0.6228042011625136,0.04214464127523787,-0.290399538142053,0.001970501887478251,0.07819866822121703,-0.19348795817816256,-0.38913478124135936,0.3078882402868075,0.15635959667434765,0.3623313795367261,-1.0,-1.0,-1.0,124.084874053854,173.71882367539348,0.5806451612903226,0.4120867979526894,0.0,-0.4758783099017011,0.5378821287990855,1.0
SOLUSDT,1,1722858300000000000,1722856200000000000,1722855000000000000,5.0,113.047,110.47399999999999,115.97699999999999,1.1387485425573198,market,110.47399999999999,113.047,113.003,112.525,-0.004061374872807444,25,21,1.4132736939299815,0.796442588479895,0.8441689008042929,0.8589142091152838,1722856800000000000,110.484,1722858000000000000,115,0.4735815347742256,1.1046214594270505,0.7477312355176814,0.15338970609308256,0.4102871844084591,0.5169993554569973,0.08852745053550756,-0.5905976686289495,-0.3136209049623216,0.08819524380293849,-0.5384031423003515,-0.41696721195796327,-0.5811039503030916,0.09778830940767326,1.1428579168297675,-1.0,-1.0,-1.0,227.6044477075913,259.18423310658335,1.1904761904761905,0.5307692550299601,0.0,0.3621231687469312,0.7498791139178996,1.0
SOLUSDT,-1,1722880860000000000,1722878700000000000,1722877800000000000,5.0,133.811,135.284,132.19199999999998,1.099117447386317,market,133.811,135.284,134.204,134.057,0.006389328419492468,31,16,0.7129190923131757,0.7271388964974989,0.5291790306627017,0.7235410484668544,1722879000000000000,135.274,1722880500000000000,119,-0.6222867517156992,0.12396007992419054,0.31161186744112057,0.11869136703034774,-0.0718843039526736,-0.026364431857048985,0.015232725060181446,-0.011396038043109947,-0.15998301083211877,-0.07495204761786221,-0.16498115232693833,-0.23570090508610986,-0.35871195873622014,0.23537072353892224,0.49437062921049246,-1.0,-1.0,1.0,110.08063612109503,120.99154778007997,1.9375,0.4222296724259074,0.0,-0.05978937009295507,-0.09492419657557732,0.25
SOLUSDT,1,1722887520000000000,1722885600000000000,1722884700000000000,5.0,127.807,126.692,130.22500000000002,2.1686098654708528,market,126.692,127.807,127.029,127.8,0.0013887123722493566,22,16,0.7339555406458338,1.5407045231206713,0.10199625701808997,0.3446662507797873,1722886200000000000,126.702,1722887100000000000,119,0.6095140521618423,0.49143556272478955,-0.1451573406954262,0.009852878431674783,-0.066950875241289,-0.45183730043165604,-0.022212574366684352,-0.3654475177264043,-0.11990044677688114,0.0043551199980429245,-0.2913246537286254,0.12691195181229034,-0.3966273985619643,0.20564294861304525,0.5833713322414701,-1.0,1.0,-1.0,87.24091794659206,189.1915153317127,1.375,0.36766110213228964,0.0,0.06016229447399357,-0.9258871260537029,0.0
SOLUSDT,-1,1722897420000000000,1722895800000000000,1722894900000000000,5.0,133.04,134.2,130.706,2.01206896551725,market,133.04,134.2,133.326,133.075,-0.052318882416364954,22,16,1.1748825685471969,0.9889830045195935,0.3285171102661619,0.4372623574144516,1722896100000000000,134.19,1722897000000000000,120,-0.5320106838136789,0.31952432108573925,-0.15316027513773323,0.01881712912933365,0.07210671670257636,-0.21320169762555724,-0.07139025894469363,0.1440887941218462,-0.0825786786622715,0.042037044031444946,0.13985746198293927,0.13091689873359982,-0.27612655393759933,0.23418500886953472,0.37988890946273524,1.0,-1.0,1.0,87.19182200841827,175.43595911004235,1.375,0.39263675158001243,0.0,0.0003473760950079563,-0.40176543285901356,0.0
SOLUSDT,-1,1722920580000000000,1722919200000000000,1722917100000000000,5.0,140.28,141.494,138.881,1.1523887973640876,market,140.28,141.494,140.7,140.449,-0.1287439965070587,13,36,1.5557648932397128,1.4872340232266719,0.4286495352651881,0.6582832148715262,1722919800000000000,141.484,1722920460000000000,123,-0.299956415428099,0.14218218905163052,0.33633044969119663,-0.04513442783734729,0.2614087495315304,-0.21375114027721484,-0.48776755324191445,-0.15006193014284733,0.09310009707955778,-0.37455613224577844,-0.6182722862328667,-0.43081516692864896,-0.1362506021317587,0.25902624082089265,1.154614421611761,-1.0,-1.0,1.0,86.54120330767027,99.72911320216716,0.3611111111111111,0.4610218239313804,0.0,-0.2694897655870735,-0.7440766167643919,0.0
SOLUSDT,1,1722927900000000000,1722925200000000000,1722924600000000000,5.0,141.7,140.87900000000002,143.513,2.2082825822169108,market,140.87900000000002,141.7,141.552,141.655,-0.06341977401282195,35,11,0.7101892318237802,0.5744118832863703,0.3363774733637652,0.41146626078131765,1722925800000000000,140.889,1722927720000000000,124,0.2610729347339683,0.4532605360806767,-0.20728443070946026,-0.055998893016725775,0.3761306650647547,-0.30998102270171973,-0.2585201292707605,0.05820993167082099,-0.2804545149841687,-0.3368112428034705,-0.17408240367863287,0.28912530395503894,0.11361836372739326,0.03887984478889504,1.2646511835124075,1.0,1.0,-1.0,57.93930839802184,127.94636556104565,3.1818181818181817,0.39007995553585956,0.0,0.16780257150966535,-0.3809397100174096,0.25
SOLUSDT,1,1722935460000000000,1722934200000000000,1722930600000000000,5.0,137.378,136.29000000000002,138.49,1.0220588235294656,market,136.29000000000002,137.378,136.574,137.354,-3.4410013843411136e-05,11,61,1.113642036757088,2.5783223791199985,0.14226375908619038,0.5597092419522229,1722934800000000000,136.3,1722935280000000000,127,0.333633002138689,0.1558796063230652,-0.09058985374606054,0.15810589758945756,0.21827104042930093,-0.6016493833013951,-0.005633717034338966,0.4124858737262674,-1.089736791246565,-0.3334501839372136,0.15202982799220668,0.024366034384836723,-0.44524566109635644,-0.04052174983009145,1.2388726269010102,-1.0,1.0,-1.0,79.19754254683905,80.94454716184711,0.18032786885245902,0.45255754146229626,0.0,0.3357376539011423,-0.9683304952234899,0.0
SOLUSDT,1,1722949680000000000,1722946200000000000,1722945000000000000,5.0,138.304,137.45700000000002,140.47400000000002,2.5619834710744596,market,137.45700000000002,138.304,138.096,138.224,0.03209644121642574,38,21,1.3792253163213544,1.0703274790502764,0.26340033500837073,0.35050251256280873,1722947400000000000,137.467,1722948420000000000,128,0.25982236826760774,-0.05438942655882359,0.18388744724932354,-0.019311255292043108,0.03668098745230644,0.13106921425887133,0.007456747921334126,-0.17488413600133682,-0.15849918089269407,0.1886737472892703,0.0959000259424644,0.17566459028849982,-0.06487983505949586,-0.0013564843022285111,0.6187341618179475,-1.0,1.0,-1.0,61.24190189726834,156.90074039796505,1.8095238095238095,0.3722241807080343,0.0,-0.07149338849226361,0.3553357999345855,0.75
SOLUSDT,-1,1722956040000000000,1722954600000000000,1722952200000000000,5.0,144.897,146.32299999999998,143.423,1.03366058906031,market,144.897,146.32299999999998,145.822,145.086,-0.05111620955709739,19,41,0.5975734834339819,1.3647415199150894,0.20381901203818478,0.5877957658779583,1722954900000000000,146.313,1722955740000000000,132,-0.1540870858760271,-0.25308061087849903,0.8943606060658291,0.14711560382544475,-0.1909638665506365,0.332435836699436,-0.09736805136347532,-0.3770476853835243,-1.392314446618105,-0.17430787413036306,-0.6437737301838604,-0.28311131011314494,-0.6437482222413007,0.030712806309020083,0.9973386460183544,-1.0,-1.0,1.0,98.41473598487117,101.72743397033683,0.4634146341463415,0.4937506894204255,0.0,-0.3611219639300798,0.28459762240554903,0.75
SOLUSDT,1,1722958920000000000,1722956400000000000,1722955800000000000,5.0,144.85,143.636,146.29000000000002,1.1861614497529058,market,143.636,144.85,144.446,144.635,-0.003792634223228064,32,11,0.7229932450142167,0.7842312178655899,0.43149946062567723,0.6494066882416392,1722957000000000000,143.646,1722958800000000000,132,0.15947950209874606,0.10803926325373397,0.3933784356008693,0.04762523361628656,-0.00807223131000085,-0.17219579432494928,-0.027141208541059805,0.2702757221606752,-0.53879793545936,0.03719693807736453,0.43216639859520617,0.33452932223714144,0.537532644997796,0.27579185895358294,0.5552776449789599,1.0,1.0,-1.0,83.81083879875723,99.413186054541,2.909090909090909,0.4293735308168531,0.0,0.026653814172078738,-0.15393017793966982,0.0
SOLUSDT,-1,1723002600000000000,1723000500000000000,1722999300000000000,5.0,150.38,151.328,148.905,1.5559071729957623,market,150.38,151.328,150.768,150.5,-0.024195461180894995,30,21,0.6935873265187813,1.0181463269744857,0.2936465563267561,0.5008008542445389,1723000800000000000,151.318,1723002480000000000,142,-0.02997142288612678,0.1306671742411405,0.22490970858639578,0.072449949164906,-0.17043382723623388,0.19616866514757703,0.02038222529247245,-0.08408455838229759,-0.2318024390820365,0.048078295464299516,-0.18589616927866648,-0.6877848752150355,-0.5394020224623828,0.27881627221979344,0.5552933340347068,-1.0,-1.0,-1.0,63.04029791195688,98.08485170900349,1.4285714285714286,0.4470708521574865,0.0,-0.10729535405781712,0.027253135273264905,0.5
SOLUSDT,1,1723025400000000000,1723023300000000000,1723022700000000000,5.0,153.183,152.241,154.424,1.3174097664543967,market,152.241,153.183,152.848,153.095,-0.03434053854406671,25,11,0.6386189561802844,1.0093374497242444,0.3764186633039182,0.5876418663303892,1723023900000000000,152.251,1723025100000000000,144,-0.0173870354910398,0.04983975588944501,0.783992119160265,0.2809051916511264,-0.12237082486548957,-0.04851980755269275,-0.0031415837463300224,0.1602032250015653,0.054699080702343014,-0.45657906170885004,-0.16434745663702466,-0.34844706618530824,0.06933850898202104,0.1372820895945538,0.7517561059026608,-1.0,1.0,1.0,61.49507451871153,81.0142117597915,2.272727272727273,0.41432127085439185,0.0,0.04569182074614614,-0.15610909582037455,0.25
SOLUSDT,1,1723054560000000000,1723051200000000000,1723050600000000000,5.0,146.125,145.05200000000002,147.817,1.5768872320596834,market,145.05200000000002,146.125,145.23,145.966,-0.055997037714179965,26,11,0.9188014972823555,0.4865456458443536,0.0646900269541692,0.40931844435886977,1723053000000000000,145.062,1723054380000000000,148,0.1613476945393462,0.43253669182903465,0.6503617642538201,-0.043164453043720664,0.2995080423832227,0.21149783192903107,0.0604378963283935,0.2356522570275203,-0.17728294700412903,-0.27974318120583447,0.020904306680888808,-0.4018939754885752,-0.3334834674817047,0.4050890596475228,1.0309363357397998,-1.0,-1.0,1.0,73.43028229255631,115.79127459367031,2.3636363636363638,0.44995783108619164,0.0,0.05433100625621262,0.42408202600311007,0.75
SOLUSDT,1,1723059480000000000,1723056600000000000,1723054800000000000,5.0,143.196,142.25,144.834,1.7315010570824616,market,142.25,143.196,143.152,143.05,-0.15667428792615357,28,31,0.5257589407392677,1.7704222833528813,0.5271867612293097,0.5531914893617039,1723057800000000000,142.26,1723059180000000000,149,0.16721534121740883,0.2426403482864172,0.5020587058235275,0.12227067962814968,0.08690559883429914,-0.10649157205306081,-0.4414416756000967,-0.6079027236607868,0.44286176943130584,-0.09814347345351072,-0.6958263341983955,-0.4457785574608472,-0.6174473803816791,0.3526324616246459,0.8470989710105549,-1.0,-1.0,1.0,66.06329785748191,114.38867007458344,0.9032258064516129,0.37087665434352995,0.0,-0.30332821467242965,-0.2865344926499427,0.0
SOLUSDT,-1,1723115880000000000,1723114200000000000,1723113300000000000,5.0,153.903,154.33499999999998,153.32999999999998,1.3263888888889432,market,153.903,154.33499999999998,154.01,153.969,0.013134003705171593,13,16,0.9237731373857028,2.1002833047964318,0.456521739130433,0.6115942028985485,1723115100000000000,154.325,1723115700000000000,156,0.032854568552325755,0.14575212128803278,0.295393386586656,0.08696553797939666,-0.2979882088289636,-0.20832521820393704,0.05839021111912018,0.36464128790182976,-0.07175355747836672,-0.5756380464512337,-0.23035442640876586,0.3789463841775371,0.0790429040079249,0.3180038821266674,0.6243020331984498,1.0,-1.0,-1.0,28.06962827235258,37.23124305569141,0.8125,0.41952470613084875,0.0,-0.05557133714671669,-0.7406775167822327,0.0
SOLUSDT,1,1723125960000000000,1723122000000000000,1723120500000000000,5.0,154.921,152.76500000000001,157.747,1.3107606679035488,market,152.76500000000001,154.921,154.868,154.179,-0.04233701215278107,46,26,0.659659076480298,1.3803322612527222,0.7244721356870828,0.742817583939072,1723123200000000000,152.775,1723125120000000000,158,-0.2174739135522062,-0.126546002569453,0.4736915616375198,0.5710041889710349,0.2862339405689077,0.6580023171158014,0.33088516638966886,0.6714892994365406,-0.6197329419295258,-0.36552020241310074,0.3772613354019988,0.3748305654980077,-0.07278584556058211,-0.18157343773212975,1.568555792433149,1.0,1.0,1.0,139.16770483020233,182.41555373383997,1.7692307692307692,0.40205297199803325,0.0,0.11064532917355407,1.1452155241194575,1.0
SOLUSDT,1,1723166100000000000,1723162500000000000,1723161600000000000,5.0,161.582,160.17700000000002,163.48600000000002,1.3551601423487984,market,160.17700000000002,161.582,161.059,161.544,-0.04414270662438047,40,16,0.8219839875560097,0.8147795996729743,0.3578169881001155,0.5724251128436499,1723163700000000000,160.187,1723165380000000000,164,-0.2184773174345047,-0.12361276564344283,0.44210496347527634,0.11242897525390837,0.16141410447308027,-0.08637406598781691,0.2585230350799894,0.2314134907940825,-0.3581325453043131,-0.3626464175552743,-0.054498114223711445,0.5627950422412954,0.1725481096298201,0.36169569212266356,0.4287181377149364,1.0,1.0,1.0,86.95275463851003,117.83490735354339,2.5,0.3699465992080363,0.0,0.32641894806228433,0.040887897386355926,0.75
SOLUSDT,1,1723169160000000000,1723165500000000000,1723163700000000000,5.0,160.469,159.578,161.92100000000002,1.6296296296296757,market,159.578,160.469,160.187,160.328,-0.0390895992315492,46,31,0.4918176157589776,1.1031346204687702,0.3434633027523039,0.5051605504587158,1723166400000000000,159.588,1723168980000000000,165,-0.2217549219996628,0.9502457947996762,0.05595876209198438,-0.40543320669522415,0.33786955257700574,0.06576577601374768,-0.2805405738102463,-0.34965841963343924,0.22918222629971427,-0.12555679114803583,-0.43332780252180186,0.00794588429401656,-0.17142883211255316,0.5188737109242806,0.9283807327551385,1.0,1.0,1.0,55.52474309679696,90.48476652811611,1.4838709677419355,0.4022473505741311,0.0,0.15136725028630757,0.041838267630865726,0.5
SOLUSDT,-1,1723192260000000000,1723191000000000000,1723190400000000000,5.0,158.448,158.879,157.78199999999998,1.5452436194896781,market,158.448,158.879,158.752,158.452,0.02165856661067156,11,11,0.6315223070504472,1.831339920270496,0.11938775510202862,0.429591836734678,1723191600000000000,158.869,1723192140000000000,166,0.033697492200748906,0.5076635317593411,-0.2752671011645016,0.06120061877101541,0.021193087262900867,-0.3080457749459121,-0.08194373549025229,0.04601091399173807,0.12529476088708302,-0.1443437010324576,-0.08648132797378784,-0.4045459658993572,-0.2826662659381124,0.49795577594668017,0.5450352442836301,-1.0,-1.0,-1.0,27.201353125314498,42.03271735837784,1.0,0.3758001793656518,0.0,0.13392056118118556,-0.6819017519048372,0.0
SOLUSDT,1,1723210200000000000,1723208100000000000,1723206000000000000,5.0,154.784,154.101,155.729,1.3836017569546584,market,154.101,154.784,154.3,154.686,0.009350825251569272,15,36,0.8952880384297439,2.8681841381122997,0.13134120917305234,0.4676858929812405,1723209300000000000,154.111,1723209900000000000,169,0.19851611953898735,0.16860401865126504,0.8254325862084267,0.3311265127016191,0.38385136133388575,-0.2903827617554853,0.08955576574791059,0.43863086449405336,-0.3981664796522814,-0.08705858690883278,0.3005769262999626,-0.22697469704798212,-0.33312374828475355,-0.04620275806978675,0.7903606034683586,-1.0,-1.0,1.0,44.126007856108686,61.052821997107046,0.4166666666666667,0.5182058453847252,0.0,0.06721573439186561,0.07522370840948824,0.75
SOLUSDT,1,1723219560000000000,1723214400000000000,1723212600000000000,5.0,151.682,150.622,154.318,2.4867924528302727,market,150.622,151.682,151.538,151.599,-0.06150688664144055,61,31,0.40144110133673944,0.8768622156889179,0.32473118279570196,0.3763440860215003,1723215900000000000,150.632,1723219500000000000,171,0.22859851315872784,0.41585652266038364,0.31368443900228604,-0.018146819180750236,0.15730510880715054,0.27247072352741497,-0.19537496597951198,-0.3357901752452265,-0.5887582779014221,-0.13193887696098344,-0.5628777873461442,-0.6866720366852853,-0.6313771173691253,0.7376366963682608,1.799778285693057,-1.0,-1.0,1.0,69.88304479107435,173.7846283672436,1.967741935483871,0.3789317517199637,0.0,-0.09223777156415905,0.20003943593832885,1.0
SOLUSDT,-1,1722645000000000000,1722636000000000000,1722634200000000000,15.0,153.252,154.962,150.89,1.3812865497076325,market,153.252,154.962,154.952,153.384,0.03579381968059159,75,31,0.47320832545620695,0.7230978646177376,-0.23477406679763954,0.1827111984282906,1722640500000000000,153.996,1722644580000000000,92,-0.30813856595185374,0.032322009762665964,0.8992430510315272,0.02906875236618642,-0.07918192139122344,0.3606782914845814,0.09341257883385083,-0.11101086363216117,0.13127969676319595,-0.061805892205462155,-0.1375099867470675,-0.9365503749674402,-0.1156249289905706,0.061855230382463086,0.34037432381739585,-1.0,1.0,1.0,111.58092553441256,154.125231644613,2.4193548387096775,0.40068338897064215,0.0,-0.02500073209161341,0.4832011437026188,1.0
SOLUSDT,-1,1722658380000000000,1722652200000000000,1722647700000000000,15.0,152.685,153.576,150.087,2.9158249158249596,market,152.685,153.576,152.736,152.715,-0.029330222078697066,58,76,0.7809214912568323,1.7660214944498487,0.31214742384355587,0.33132756675442004,1722654900000000000,153.566,1722657480000000000,94,-0.3890745697284023,0.2058900662537757,-0.07984119193784908,0.17113145228387402,0.06615322192223104,0.17490147244290025,0.3034066320512367,-0.23212522939563623,-0.4369429687632392,-0.258375661109915,-0.44445005072366095,0.15720195748341664,-0.32039224707978003,0.14770940593420706,0.4936509186872793,-1.0,1.0,1.0,58.35543766578191,170.15423911975722,0.7631578947368421,0.29807815065138027,0.0,0.2881567596992004,0.3368780786406339,1.0
SOLUSDT,-1,1722669660000000000,1722657600000000000,1722654900000000000,15.0,152.429,153.576,151.113,1.147340889276384,market,152.429,153.576,153.566,152.476,-0.03400756940907135,81,46,0.522951939022924,0.8494133433730028,-0.05156313438896056,0.41006902151847074,1722664800000000000,153.439,1722669000000000000,94,-0.38326076751174526,0.16265783201283998,0.09382466223605505,0.07171006949379134,0.09121867050546174,0.32243875351718126,0.34321527964016346,0.03784431330489656,-0.23627585877544213,-0.0974527164763619,0.030058830094238022,0.23609114894820046,-0.03757239701702309,-0.007535882593691586,1.0954778290709217,-1.0,1.0,1.0,75.24814831823284,86.3352774078425,1.7608695652173914,0.4224790418817243,0.0,0.1333465829834417,1.2783486543880211,1.0
SOLUSDT,1,1722718740000000000,1722710700000000000,1722703500000000000,15.0,140.509,139.40200000000002,142.989,2.240289069557438,market,139.40200000000002,140.509,139.412,140.48,0.0393229687251595,59,121,0.6074393883530742,10.518077866385516,-0.16392528575411086,0.1419013102871446,1722715200000000000,140.0,1722715680000000000,99,0.2543090090377318,0.6848710395248464,-0.5039683374411184,0.17092403558950467,0.03638315689002861,-0.9401958244798602,0.04944387013706828,-0.2806202567079718,0.3507759041432707,0.2589901482844294,-0.2487009307781597,-0.778413024788656,-0.4618383714287434,0.3954898698957828,0.6081883361013983,-1.0,-1.0,-1.0,78.78498886192136,176.5011493925669,0.48760330578512395,0.4296598617405073,0.0,0.12236693247458985,-1.0766131561000185,0.0
SOLUSDT,-1,1722722520000000000,1722717900000000000,1722716100000000000,15.0,141.831,143.28,140.07999999999998,1.2084195997239406,market,141.831,143.28,142.313,142.369,0.019491700253093214,62,31,0.9151378621440126,1.1312745429486721,0.4266607222470014,0.6415514935354546,1722718800000000000,143.27,1722721200000000000,100,-0.2756462314343743,-0.15188750726990902,1.4285445937511334,0.2952287432699719,0.051339403276455205,0.9869360100082986,0.1267207929649705,-0.3753434185887044,-0.6726122217104653,-0.12234214603023154,-0.31702796500776637,0.094738726904163,-0.10447150816029444,-0.02829668151415756,0.7172574690099143,-1.0,1.0,1.0,102.16384288343255,123.45679012345713,2.0,0.4266069559852668,0.0,-0.044526305539608346,1.2419090839942832,1.0
SOLUSDT,-1,1722726060000000000,1722721500000000000,1722718800000000000,15.0,142.602,143.28,141.803,1.1784660766961796,market,142.602,143.28,143.27,142.778,0.06484158044485533,46,46,0.3165347747276771,1.590610082429633,-0.13202437373054915,0.3202437373053375,1722723300000000000,143.075,1722725640000000000,100,-0.2795715911555,0.34103246257184616,0.411915638751523,0.013724910577984499,0.04428036529684156,-0.05372515871924765,-0.05276839091413144,-0.22318183072537928,-0.05448804040519655,-0.049122219323120137,-0.10680487954951175,-0.041861683165153346,-0.28264491648886825,0.2301676586223832,0.29657734448380857,-1.0,1.0,1.0,47.54491521858019,56.03006970449268,1.0,0.39941296895026146,0.0,0.0318605373306587,0.0318605373306587,0.5
SOLUSDT,-1,1722733380000000000,1722727800000000000,1722723300000000000,15.0,143.659,144.16,142.22799999999998,2.8562874251496964,market,143.659,144.16,143.882,143.8,0.051011692422535004,48,76,1.0526541317276792,1.8334203563646507,0.1610576923076912,0.2950721153846209,1722730500000000000,144.15,1722732780000000000,100,-0.2361619432315812,0.07934882619181427,0.2536646650737776,0.003919515901966152,0.004670750695849515,0.07973428582258683,-0.0272508233133143,-0.5559623281815382,-0.23247143656280858,-0.10469656557567956,-0.539577666987741,-0.4505201299757837,-0.3163903329322521,0.30747468268167377,0.44175253926224933,-1.0,1.0,1.0,34.874250830091036,99.6108841075054,0.631578947368421,0.3183855472163055,0.0,-0.0731809643713427,0.24507354029983291,0.75
SOLUSDT,1,1722752820000000000,1722748500000000000,1722739500000000000,15.0,143.534,142.81,144.377,1.1643646408840191,market,142.81,143.534,142.82,143.529,-0.045386684201165206,42,151,0.5370763463428525,3.9582081458805347,-0.06573069559668676,0.3899170389278795,1722750300000000000,142.923,1722752160000000000,103,0.18435276176404583,0.1779013616865427,0.16733904059914953,0.09979688847774586,0.41177354831538987,-0.08931638124412725,-0.08344608267173421,-0.15722687498517957,0.2538716364706063,0.24551882872679576,-0.0029536944340151933,-0.4790267171816023,-0.22773869053692197,-0.017807138855524443,0.5212519088349282,1.0,-1.0,-1.0,50.441010492286814,58.73172906767858,0.2781456953642384,0.44291913260714894,0.0,0.3200755642220129,-0.09349215992075255,0.25
SOLUSDT,-1,1722776880000000000,1722770100000000000,1722767400000000000,15.0,144.138,145.042,143.016,1.2411504424778967,market,144.138,145.042,144.47,144.27,-0.03258653188490035,53,46,1.056172350708098,0.9223663311847076,0.38387978142077345,0.6106557377049223,1722773700000000000,145.032,1722776520000000000,106,-0.36230216775282603,0.48167005211493075,0.5482359548994595,0.13635051591062278,-0.0025333655429041007,0.32472208293432564,0.14530601636510457,0.07813909835250718,-0.15176849511405083,-0.10088921301197647,-0.036747094439522586,-0.46122369889091724,-0.20374183561497766,0.11716667901336532,1.0640659553033833,-1.0,1.0,1.0,62.7176733408259,77.84206801815026,1.1521739130434783,0.39426020446118265,0.0,-0.13352743154803615,0.7829982561591865,1.0
SOLUSDT,1,1722835440000000000,1722820500000000000,1722817800000000000,15.0,121.255,112.234,131.023,1.0828067841702693,market,112.234,121.255,119.0,119.652,-0.07023176449795188,144,46,0.47402458365159317,0.6640657984518521,0.5614559960109704,0.7488573090667336,1722826800000000000,112.244,1722834840000000000,109,0.417769610981687,2.3541728241626863,1.3825650599031438,0.10917523632875341,0.1463849293423356,0.6676657040059134,-0.34814224926886583,-1.404849328091476,-0.3505369016388905,-0.36986092034007706,-1.806629148350495,-1.253457715688153,-0.45579536837543305,1.5698765629240374,1.72230947742012,-1.0,-1.0,-1.0,743.9693208527484,805.5750278339038,3.130434782608696,0.49419991125847573,0.0,-0.2175840707029893,0.689427334721492,1.0
SOLUSDT,1,1722863160000000000,1722858300000000000,1722850200000000000,15.0,113.981,110.47399999999999,118.59599999999999,1.3159395494724804,market,110.47399999999999,113.981,110.484,113.183,0.03729988182170274,51,136,1.3618874022000027,1.4548637601394008,-0.06377739473036206,0.36678158089140594,1722860100000000000,111.002,1722862860000000000,115,0.5652645924409035,0.2989777043343624,1.9139135526294018,0.2727064580153782,-0.3249725345887384,0.09319107279890607,0.22268016028272683,-0.43807936503332356,-0.3796780536893683,0.20724982784888266,-0.24095097175200947,-0.16579151884316676,-0.17539320183564533,0.15693401871802373,1.139955252256538,-1.0,-1.0,-1.0,307.68285942393953,404.89204341074344,0.375,0.4944911467725661,0.0,0.05394539133737272,-0.21852259318661016,0.25
SOLUSDT,-1,1722880860000000000,1722875400000000000,1722873600000000000,15.0,133.811,135.5,130.43699999999998,1.9976317347543149,market,133.811,135.5,135.49,134.057,-0.007315091919623873,46,31,0.4862085561336093,1.2200391314643237,-0.042662453091054216,0.28895911514911893,1722878100000000000,135.274,1722880500000000000,118,-0.6222867517156992,0.12396007992419054,0.31161186744112057,0.11869136703034774,-0.0718843039526736,-0.026364431857048985,0.015232725060181446,-0.011396038043109947,-0.15998301083211877,-0.07495204761786221,-0.16498115232693833,-0.23570090508610986,-0.35871195873622014,0.23537072353892224,0.49437062921049246,-1.0,-1.0,1.0,126.22280679465761,252.14668450277057,1.4838709677419355,0.3695572886382795,0.0,-0.05978937009295507,-0.09492419657557732,0.25
SOLUSDT,1,1722888420000000000,1722878100000000000,1722875400000000000,15.0,130.539,126.692,135.264,1.2282297894463297,market,126.692,130.539,130.427,127.969,-0.011082422376423207,127,46,0.7726323085686965,0.9852896744633584,0.7685166082112622,0.7916236847534521,1722880800000000000,126.702,1722887100000000000,119,0.5959658955746677,0.07378654018099941,0.8914999240616267,0.18315027046370536,-0.2712754163827076,1.157007222251089,0.26837721072589815,-0.5558627159308022,0.5168940443852208,0.19461108061773025,-0.2997014088467738,-0.00490965765913518,-0.09944872184507582,0.10051741677310631,0.9094905486988574,-1.0,1.0,-1.0,294.7012004075406,361.9607933261342,2.760869565217391,0.4011200072405,0.0,-0.09512369661728992,1.9780294697066951,1.0
SOLUSDT,-1,1722897420000000000,1722893400000000000,1722887100000000000,15.0,133.04,135.444,130.20499999999998,1.1792845257903546,market,133.04,135.444,135.434,133.075,-0.009250755737350902,37,106,0.8599220038616845,1.9342181605499726,-0.237449895018133,0.2195075396067961,1722895200000000000,134.19,1722897000000000000,120,-0.5320106838136789,0.31952432108573925,-0.15316027513773323,0.01881712912933365,0.07210671670257636,-0.21320169762555724,-0.07139025894469363,0.1440887941218462,-0.0825786786622715,0.042037044031444946,0.13985746198293927,0.13091689873359982,-0.27612655393759933,0.23418500886953472,0.37988890946273524,1.0,-1.0,1.0,180.69753457606706,213.09380637402344,0.3490566037735849,0.4656673285407574,0.0,0.0003473760950079563,-0.40176543285901356,0.0
SOLUSDT,1,1722902520000000000,1722895200000000000,1722893400000000000,15.0,130.269,129.342,134.62800000000001,4.702265372168332,market,129.342,130.269,130.195,130.054,-0.06336036446258109,47,31,1.3591295255936686,0.5144000086765101,0.18973666441593226,0.20639207742516297,1722899700000000000,129.352,1722902460000000000,120,0.530875648941431,-0.08164570710958222,0.3882920767746541,0.16231067733073842,0.2283326498598108,-0.2620493476435865,-0.19060845716442157,-0.03785872448351485,-0.4250750800375255,-0.09882392814026258,-0.10944368081005462,-0.06177333528187883,-0.18132255966275185,-0.08621021930478366,1.073763593035412,-1.0,1.0,-1.0,71.16044492549973,334.6152960412691,1.5161290322580645,0.32262594040821474,0.0,0.14820156500332082,-0.49999138232709545,0.0
SOLUSDT,-1,1722912240000000000,1722907800000000000,1722903300000000000,15.0,139.345,141.01,137.10999999999999,1.342342342342357,market,139.345,141.01,140.56,139.981,-0.01068394316160215,59,76,0.45882942795392573,1.1052701422333073,0.12716763005780252,0.47832369942196457,1722908700000000000,141.0,1722911880000000000,122,-0.31234427943902265,0.1357623689481601,0.7630289677520131,0.2797594948757081,-0.06876094438124576,0.22499919157194273,-0.19263828552297912,-0.07553431052232995,0.13259770454572073,-0.08376099308495359,-0.23578695222790844,-0.324479839114159,-0.34932428453890996,0.06395858859353777,0.7325065878561147,-1.0,-1.0,1.0,119.48760271269094,160.39326850622655,0.7763157894736842,0.4580342043748437,0.0,-0.42776152359371195,0.2218066684414146,0.75
SOLUSDT,-1,1722919560000000000,1722912300000000000,1722908700000000000,15.0,139.454,141.01,137.435,1.297557840616984,market,139.454,141.01,141.0,139.637,-0.031242172459940987,31,61,0.8898990788740844,2.197604933479749,-0.08391608391608736,0.3485314685314643,1722917700000000000,140.7,1722919200000000000,122,-0.3408628922495208,0.23084145775870638,0.49572001599034643,0.18993685131293395,-0.0031799362442113933,0.3358784616488915,-0.02297142958698431,-0.31348783728953095,0.3019735581047209,-0.04264882165865069,-0.4391740719702978,-0.35113256661429315,-0.055682983129619286,0.07672316018505024,1.1369177077649744,-1.0,-1.0,1.0,111.57801138726627,144.77892351599849,0.5081967213114754,0.39141637186067824,0.0,-0.23139336374224134,0.6488599959088619,1.0
SOLUSDT,-1,1722961500000000000,1722956400000000000,1722952800000000000,15.0,145.7,146.81699999999998,143.65599999999998,1.829901521933777,market,145.7,146.81699999999998,146.313,145.836,-0.03709005617167027,40,61,0.44474131212634377,1.3078333294479871,0.18522684664416927,0.41507311586051693,1722959100000000000,146.807,1722960960000000000,132,-0.16869691357032107,-0.18231057769439313,0.6363837875037939,0.12057364506767178,0.182306702683681,0.0669836383592471,0.03019564750860257,0.2237012341147173,-0.1194582229320095,-0.05689807847834375,0.035284665012041395,-0.3959596918210371,-0.5572308754962647,0.0004703036048535128,0.8943279411649134,-1.0,-1.0,-1.0,76.66437886067195,140.2882635552513,0.6557377049180327,0.3479673743052094,0.0,0.08006973905952741,0.09991611039691223,0.75
SOLUSDT,1,1723033020000000000,1723025700000000000,1723023000000000000,15.0,152.394,150.63400000000001,154.45600000000002,1.1715909090909218,market,150.63400000000001,152.394,152.251,151.826,0.04156603793909497,92,46,1.0077636251476818,1.2439154976708404,0.7255079006771995,0.7900677200902922,1723027500000000000,150.644,1723030920000000000,144,-0.013233568175592717,0.4221541171300716,0.7345812413698211,0.12737011773505894,0.08688723796599845,0.34598773083709317,0.18803017067648375,-0.05025548547593181,-0.39246175663875366,0.5318343767671364,0.5933723967767791,0.003335824553268883,-0.08817751610454136,0.12694584729287323,1.4589589569361787,-1.0,1.0,1.0,115.49011115923139,135.30716432405552,2.0,0.5249992182479654,0.0,0.09861024013769093,0.7991087124038245,1.0
SOLUSDT,1,1723051560000000000,1723045500000000000,1723038300000000000,15.0,147.181,145.22,149.369,1.1157572667006497,market,145.22,147.181,146.185,146.992,-0.04694533919822974,56,121,0.5400072085431203,2.1558334474510747,0.2989981214777758,0.6108328115216121,1723048200000000000,145.23,1723051200000000000,147,0.19327494516216812,0.1298060489750659,1.3125578432033294,0.12391386672009091,0.33713689678163533,-0.020464170837844003,-0.26742955059284285,-0.4998383869993565,-0.05191714711298096,-0.2220411506698817,-0.636795217594542,-0.18133676021426368,-0.3327536509607976,0.0825829177521477,1.1069932353811052,-1.0,-1.0,1.0,133.23730644580567,148.660492862529,0.4628099173553719,0.532823019556819,0.0,0.035592353378820246,-0.011101877391299048,0.5
SOLUSDT,-1,1723073100000000000,1723068000000000000,1723064400000000000,15.0,145.771,147.495,142.433,1.9361948955916235,market,145.771,147.495,147.485,146.014,-0.06513215201956934,55,61,0.8564042411796157,1.5128541548209364,-0.13611220861320028,0.20248913472935665,1723069800000000000,146.796,1723072020000000000,150,-0.06355633329613873,0.22082606005900757,0.32381509048380935,0.5261594362100975,0.0684655972776695,0.19790598073889587,0.2503144835251085,-0.7568120467728274,-0.17920655477736072,-0.47696919629983175,-1.066331339885971,1.268418906691951,-0.2773105676497915,0.026152791568931605,0.5125418303127052,-1.0,1.0,-1.0,118.26769384857194,228.9893051429979,0.9016393442622951,0.347039373747008,0.0,0.07244191560460855,0.49991375580633235,1.0
SOLUSDT,1,1723078080000000000,1723069800000000000,1723068000000000000,15.0,143.479,141.305,146.786,1.5211591536338445,market,141.305,143.479,142.423,143.29,-0.004348644718492278,93,31,0.752981406109533,0.5362331132125664,0.2533729705008019,0.49485479076149563,1723072500000000000,141.315,1723077600000000000,151,0.10815802765855188,-0.07209891027864876,0.37933349404554767,1.0240443484890576,0.314324209668052,0.0314564451612916,-0.18765959777318747,-0.19148517214991576,-0.46299843614238534,0.05511165819150137,-0.29406257839298366,-0.023638976520482916,-0.20685582572401257,-0.07435045703967395,1.6154215152616715,1.0,-1.0,1.0,151.5204315614136,230.4866914321948,3.0,0.5353485023819056,0.0,-0.27306042814184545,0.3710103677113387,0.75
SOLUSDT,-1,1723110900000000000,1723103100000000000,1723097700000000000,15.0,154.631,155.696,153.343,1.209389671361515,market,154.631,155.696,155.462,154.867,-0.022959122387257613,100,91,0.7311134743391369,1.0008822742636228,0.10521371535933252,0.4955378111789626,1723104900000000000,155.686,1723109760000000000,156,0.01537768013285798,0.06860114031552811,0.3693075145814862,0.044594255920830383,-0.047723327962634184,0.13671219754452046,0.27414401494616175,0.39570710333276066,0.09637064111175149,-0.37442169123761276,-0.049324987399408986,-0.22426613233082487,-0.10138440297005523,-0.028442543085763983,1.6443115896159874,-1.0,-1.0,-1.0,68.87364111982706,83.29507019937859,1.098901098901099,0.41993242794605296,0.0,0.4784934989023328,-0.04610833976583856,0.5
SOLUSDT,-1,1723131900000000000,1723121100000000000,1723120200000000000,15.0,158.728,160.385,152.785,3.5866022933011923,market,158.728,160.385,158.8,159.151,-0.04701639338033803,105,16,0.44207362861041255,0.8974110137689348,0.2614107883817406,0.27336099585062074,1723125600000000000,160.375,1723128480000000000,158,0.19559589799610919,0.1711719553775868,0.3130860103509711,0.3038857078434037,0.5018764887345508,-0.02499260423163027,-0.0687915078704909,0.7189919184821999,-0.25094778970381576,-0.044739294729810516,0.5436981622916562,-0.768054356270617,-0.4259667494489362,-0.05498415715292024,0.6051119666376615,-1.0,-1.0,-1.0,104.3924197369073,374.4140920316524,6.5625,0.2930227954405447,0.0,0.14386841361706793,0.09579002591198468,0.5
SOLUSDT,-1,1723159860000000000,1723154400000000000,1723147200000000000,15.0,160.642,163.42499999999998,157.718,1.0506647502695006,market,160.642,163.42499999999998,160.72,161.574,-0.06759287899096122,61,121,2.5718518808515083,1.0521749854470817,0.8947543160690548,0.9206507304116852,1723156200000000000,163.415,1723158840000000000,162,0.1977408249322368,0.5553078596849048,0.5109855147827783,0.9913063644282628,-0.04610656541160184,0.7038524543534556,0.8488882233461285,0.5269168348725316,-0.43437647057360607,-0.7316778666409156,-0.2354004423965649,-0.7674526159187712,-0.3260163497743849,-0.1532060077560949,1.3200593206265356,-1.0,-1.0,-1.0,173.242365010395,182.0196461697443,0.5041322314049587,0.47373449809487755,0.0,0.10783551944038927,1.198861747434435,1.0
SOLUSDT,-1,1723163100000000000,1723158900000000000,1723156200000000000,15.0,162.366,163.72199999999998,160.399,1.4505899705015208,market,162.366,163.72199999999998,163.415,162.419,0.038176703470527706,40,46,0.681726224385534,3.664913980106811,0.09814937210839353,0.44481163251817024,1723160700000000000,163.712,1723161360000000000,164,0.21111829709585217,0.665042791356469,-0.017812672010778,0.29321968236830387,-0.5352219396934149,-0.17603735791166264,0.09932618869711692,-0.7337077718689331,0.40876681685079014,0.4115134134800078,-0.39558800763281593,-0.8980108766331145,-0.44955928660955535,0.5566311886013038,0.5538468891829612,-1.0,-1.0,-1.0,83.5150216178243,121.14605274503361,0.8695652173913043,0.3474650945447256,0.0,-0.2741978758004997,-0.3989605939465044,0.0
SOLUSDT,-1,1723192260000000000,1723188600000000000,1723185000000000000,15.0,158.448,158.95399999999998,157.326,2.2173913043479776,market,158.448,158.95399999999998,158.944,158.452,-0.08994627288228285,31,61,0.767822104217638,1.5078130595321966,-0.04606879606878948,0.2585995085995061,1723190400000000000,158.869,1723192140000000000,166,0.033697492200748906,0.5076635317593411,-0.2752671011645016,0.06120061877101541,0.021193087262900867,-0.3080457749459121,-0.08194373549025229,0.04601091399173807,0.12529476088708302,-0.1443437010324576,-0.08648132797378784,-0.4045459658993572,-0.2826662659381124,0.49795577594668017,0.5450352442836301,-1.0,-1.0,-1.0,31.93476724224804,70.81187518933746,0.5081967213114754,0.32268691096046187,0.0,0.13392056118118556,-0.6819017519048372,0.0
SOLUSDT,-1,1723227120000000000,1723221000000000000,1723220100000000000,15.0,152.687,154.148,151.076,1.1026694045174783,market,152.687,154.148,152.69,152.805,0.02171111844959428,72,16,0.8520258323463842,0.8089983103685543,0.891625615763554,0.8934729064039395,1723222800000000000,154.138,1723225140000000000,174,-0.24159645586729758,0.39096998389026966,0.42953436963658204,0.3625952353143566,0.34001141651527517,0.17358286076577037,-0.19613845568657534,-0.4425492642989753,0.1666970082758514,-0.12481741412811596,-0.4991647740169464,0.6027011999547875,0.04559704037423191,0.16078169393181285,0.5170163616415183,-1.0,1.0,-1.0,95.685945758315,105.50996483001292,4.5,0.41707243639823766,0.0,0.05338405195137724,0.3248822135881081,1.0
SOLUSDT,-1,1723231860000000000,1723225500000000000,1723222800000000000,15.0,153.416,154.18699999999998,151.521,2.4578469520104322,market,153.416,154.18699999999998,154.138,153.467,0.0018611611706556008,61,46,0.5682347515460904,1.3737791507403374,0.014845831747235297,0.2896840502474278,1723228200000000000,154.177,1723231140000000000,174,-0.2594767423931595,0.8193425859748352,-0.02505774985437785,0.09512716654980256,0.1698608449369209,0.04572334967864208,0.1400295328939476,-0.23255076213569595,-0.45770546911537296,-0.09719577235091861,-0.27186828288469156,-0.0024807669113472244,-0.29081633987877414,0.5343773339907091,0.40400436179068977,-1.0,1.0,-1.0,50.255514418312735,123.52036293476627,1.326086956521739,0.31919575496621044,0.0,0.2038988617298622,0.2730938772366255,0.75
XRPUSDT,-1,1722665820000000000,1722662100000000000,1722659400000000000,5.0,0.5711,0.5736,0.5680999999999999,1.200000000000071,market,0.5711,0.5736,0.572,0.5713,-0.008003456752017524,32,46,0.8018510573184767,1.7418771528907526,0.3750000000000139,0.5999999999999889,1722663900000000000,0.5735,1722664980000000000,94,-0.25271066770188433,0.5444674970255298,-0.4400214132180493,0.07082406694050297,0.8508519079471336,-0.3589513445481832,0.08995788319632055,0.1803618523589419,-0.31833144988818135,0.0644928515022433,0.08887843524564973,-0.5367684655557564,-0.405806793449521,0.12403249554862439,0.6782467179386956,-1.0,-1.0,1.0,43.77517072316488,52.53020486780097,0.6956521739130435,0.4430382222218286,0.0,1.437953424495035,-0.6102089111248983,0.25
XRPUSDT,-1,1722669660000000000,1722667200000000000,1722666000000000000,5.0,0.5745,0.5767,0.5719,1.1818181818182139,market,0.5745,0.5767,0.5751,0.5746,-0.07059188797332294,21,21,1.82905880229505,0.9450006009176708,0.45454545454547596,0.6363636363636395,1722668400000000000,0.5766,1722669120000000000,94,-0.26632441372544524,0.13584865917529235,0.10780336361219484,0.00170261772786069,-0.23586980330754131,0.4506251409724794,-0.13955059128698716,0.04729125909081222,-0.18333661758381534,-0.21943803623275243,-0.3348279263131641,-0.8454874816417154,-0.401117455191853,0.0944270573665428,0.8456423394329409,-1.0,-1.0,1.0,38.29416884247136,45.2567449956492,1.0,0.4060721561255059,0.0,-1.2280478322707942,1.2783486543880211,1.0
XRPUSDT,1,1722708900000000000,1722706500000000000,1722702900000000000,5.0,0.5522,0.5491,0.5566,1.4193548387096682,market,0.5491,0.5522,0.5492,0.552,-0.01034814401788764,25,61,0.47584417820362457,5.233103805675699,-0.026666666666663903,0.37333333333333907,1722707400000000000,0.5494,1722707940000000000,99,0.22218931912854303,0.22917619782297022,0.4859852771368399,0.21222582811081253,0.008082761012836304,0.245519960792635,0.319559922364014,-0.399151948609247,-0.3137491073389769,0.07257643177556386,-0.30123630276721697,-0.1676478798001079,-0.5666341007293106,0.17912387015797912,0.43034613367513724,-1.0,-1.0,-1.0,56.13908004346236,79.68127490039768,0.4098360655737705,0.41051969569142616,0.0,0.15863918050314424,0.21313420005180622,0.75
XRPUSDT,-1,1722788220000000000,1722785100000000000,1722784500000000000,5.0,0.5301,0.5335,0.5259,1.2352941176470684,market,0.5301,0.5335,0.5303,0.5306,0.0421968657934475,12,11,1.3892334342054053,1.423141268040897,0.6888888888888949,0.733333333333335,1722787500000000000,0.5334,1722788040000000000,107,-0.29359931076152684,-0.24216218998566777,0.6863965697581862,0.19094614226941725,-0.7265227049868456,-0.2659939575453665,0.1285332759124861,-1.457844474027946,0.37884118952479373,-0.11688746336141116,-1.4846623827207939,-0.425143670280001,0.32414430318605447,0.2517566100042808,1.4852109864822154,1.0,1.0,1.0,64.13884172797508,79.23033389926394,1.0909090909090908,0.41143832989799567,0.0,-0.3346932191548071,-0.227814304173366,0.25
XRPUSDT,-1,1722822720000000000,1722821100000000000,1722820500000000000,5.0,0.476,0.4846,0.4672,1.0232558139534857,market,0.476,0.4846,0.4845,0.4771,0.017905939841269092,22,11,0.5630426376808996,1.3476714442639985,-0.0057471264367809855,0.482758620689657,1722821400000000000,0.4844,1722821820000000000,109,-0.05198963153178115,0.48101349587814823,0.25708916395915016,-0.016200349726866303,0.24343241067818416,0.9251638199443374,-0.04030810606676671,0.18129905565588653,3.964842605515397,0.6717770282552898,0.9362410750986119,1.2577975225955875,0.6509923702719037,0.2734337031221965,0.5416167437396492,1.0,1.0,1.0,180.67226890756297,184.87394957983142,2.0,0.491163621679853,0.0,0.1581722966324447,0.6310876141619652,1.0
XRPUSDT,1,1722824520000000000,1722821400000000000,1722821100000000000,5.0,0.4732,0.4637,0.4843,1.1684210526315777,market,0.4637,0.4732,0.4671,0.4722,-0.04314760642801452,42,6,0.4537421104856293,0.5539929432996884,0.19075144508670686,0.5433526011560711,1722822000000000000,0.4638,1722823680000000000,109,0.054623226223155665,0.27458624002850834,1.2063845111653946,0.07819757763991218,1.4031605852613713,-0.10314812201436531,0.022124898834807772,0.16631618846489993,-0.7662306627541119,0.036779649592752275,0.1239229255877569,-1.2024505018460163,-0.5773075833811483,-0.43650154317006085,1.0777515102562456,-1.0,-1.0,-1.0,200.76077768385477,234.57311918850377,7.0,0.5355494245802426,0.0,0.6816094746440113,-0.025570005640551022,0.5
XRPUSDT,-1,1722826980000000000,1722825000000000000,1722823800000000000,5.0,0.4755,0.47859999999999997,0.4681,2.3870967741935427,market,0.4755,0.47859999999999997,0.4764,0.4757,-0.002160769364121906,13,21,0.48819772178131016,5.002694333026145,0.25,0.35714285714285904,1722826200000000000,0.4785,1722826620000000000,111,-0.05651510022902821,0.48749293914936925,0.08740656128010804,-0.03772016625973198,0.3798049689627121,-1.3702640255513339,-0.08639970396290891,-0.290182837544889,-0.4971386209801537,-0.11319416948716396,-0.3299939134572652,1.2613639728906099,0.3869714552231584,0.04100996007081727,0.4440100129037279,1.0,1.0,1.0,65.1945320715035,155.6256572029435,0.6190476190476191,0.45864832788933685,0.0,0.09054395310784091,-0.6164045220827996,0.0
XRPUSDT,1,1722848280000000000,1722845700000000000,1722844200000000000,5.0,0.466,0.4608,0.4714,1.0384615384615232,market,0.4608,0.466,0.4643,0.465,-0.09651836763972388,38,26,0.747766074638509,1.356527153587002,0.4722222222222252,0.7083333333333417,1722846000000000000,0.4609,1722847500000000000,114,0.0698420783217338,-0.194170524894929,0.890947482627743,0.049489393537229434,0.26442973850179335,0.49965134347603213,0.05996612043910925,0.02911964016817105,-0.07125498389961349,0.009436843351523703,-0.009039133913615195,-0.24799962190615324,0.334011257257351,-0.35542850566610296,0.25834218781046075,-1.0,-1.0,-1.0,111.58798283261883,115.8798283261794,1.4615384615384615,0.47866003687545344,0.0,0.040913713491735115,0.5378821287990855,1.0
XRPUSDT,-1,1722870060000000000,1722867600000000000,1722864600000000000,5.0,0.4801,0.48619999999999997,0.4713,1.4426229508196915,market,0.4801,0.48619999999999997,0.4818,0.4805,-0.0687377590598901,31,51,0.5057232741335611,1.8270003090589966,0.40566037735848787,0.5660377358490519,1722868200000000000,0.4861,1722869040000000000,118,-0.15555492161549261,-0.10860186960523976,0.7262917370317039,0.028331598713041924,-0.1472340944553626,0.4024042666255853,-0.00924910644747144,-0.06541254310061122,-0.23198287449016047,-0.2456320432616331,-0.2982318254716425,-0.24788526770585,-0.9742318117774377,0.026696763849824837,0.45912706306683077,-1.0,-1.0,1.0,127.0568631535084,183.29514684440804,0.6078431372549019,0.42562342099128536,0.0,-0.06777786112172934,0.2716136856868714,1.0
XRPUSDT,1,1722882660000000000,1722877800000000000,1722875700000000000,5.0,0.4849,0.4811,0.494,2.394736842105281,market,0.4811,0.4849,0.4834,0.4843,-0.07581629830269565,41,36,0.5048980760143208,1.731474066922002,0.20560747663551238,0.34579439252336314,1722880200000000000,0.4812,1722882360000000000,119,0.2127684157809122,0.09699962788127006,0.32560489914146656,0.016664267636373083,0.00047332496722117025,-0.4796320189883255,-0.14739763853942583,-0.018130936768350977,-0.4246593565290861,0.00018700743900957077,-0.025964689758372038,0.0031365900250101757,-0.09503775134940286,0.12159681982638737,0.5218061448081557,1.0,1.0,-1.0,78.36667354093565,187.66756032171577,1.1388888888888888,0.36028296736431686,0.0,-0.1368974722736006,-0.6848195153007552,0.0
XRPUSDT,-1,1722897840000000000,1722895800000000000,1722894900000000000,5.0,0.4948,0.4974,0.4893,2.1153846153846243,market,0.4948,0.4974,0.4957,0.4949,-0.10530158197075545,29,16,0.991612849400104,0.7124048468264734,0.24615384615385508,0.3846153846153879,1722896100000000000,0.4973,1722897660000000000,120,-0.2339596795891382,-0.0013954872281390065,0.39986432871112976,0.06633162317402383,-0.04112011847501786,0.3756722199531737,-0.005329038332250858,0.11618269257384664,-0.19047797901455688,-0.24584103755767733,-0.1586845522221613,-0.3317532507105867,-0.4472062222894214,0.09295016196844828,0.40333361627243686,-1.0,-1.0,1.0,52.54648342764736,111.15602263540833,1.8125,0.35099920072790924,0.0,-0.11582965692549363,0.5680216552039081,1.0
XRPUSDT,1,1722977460000000000,1722975600000000000,1722975300000000000,5.0,0.5093,0.5072,0.5118,1.190476190476223,market,0.5072,0.5093,0.5073,0.5092,-0.04778006752758868,11,6,0.3138375666926877,2.652514784709083,-0.08695652173914407,0.3478260869565039,1722976800000000000,0.5077,1722977160000000000,136,0.14572564930118295,0.5835311413134897,-0.032091042749524304,-0.02077386978181064,-0.09305475069436411,-0.4022396135749514,0.12794196285077533,-0.286646599968371,-0.4621255432897453,-0.242605835506508,-0.5586410169995872,-0.15185987303839876,-0.25075826245344085,0.3361977915188997,0.5233494712060702,-1.0,-1.0,-1.0,41.23306499116417,49.08698213233964,1.8333333333333333,0.4090659948313797,0.0,0.15074363449839673,-0.6288315925120903,0.0
XRPUSDT,1,1722979200000000000,1722977400000000000,1722976800000000000,5.0,0.5081,0.5058,0.5104,1.0,market,0.5058,0.5081,0.5077,0.5079,0.02326683632214155,15,11,2.022525136033157,0.5925967920132974,0.6428571428571712,0.7857142857143027,1722978300000000000,0.5059,1722978840000000000,137,0.1410127586433171,-0.02320817513526342,0.3123947225059315,0.2559014177067584,-0.29559698466943163,-0.45360642210764446,0.10570705459762669,-0.39390470154436796,-0.18428269490309307,0.33199983354083706,-0.10010439416868894,-0.20750913591120493,-0.2734351932527321,-0.021248444129150446,0.7119814143991042,-1.0,-1.0,-1.0,45.2666797874428,45.2666797874428,1.3636363636363635,0.4535611841031213,0.0,-0.09768939578151126,-0.7984444713149004,0.0
XRPUSDT,-1,1723000620000000000,1722998100000000000,1722997200000000000,5.0,0.5129,0.5165,0.5085999999999999,1.1944444444444882,market,0.5129,0.5165,0.5157,0.5136,-0.22000701276232304,22,16,1.4974721485772866,0.494322118882078,0.09722222222221023,0.4861111111110974,1722999300000000000,0.5164,1723000320000000000,142,0.010368207436306414,-0.1453446465130916,1.5138421528494357,0.1728545123796946,0.35187855080339825,0.4336629275657568,-1.200988631504102,-0.00728815312606148,-0.08245913183997938,-0.6143035577117244,-0.5816237604339208,-0.10447411421173988,-0.40905532559856084,-0.03231921437467894,0.7969699296857319,-1.0,1.0,1.0,70.18912068629238,83.83700526418563,1.375,0.43473628320271746,0.0,-0.9966389769316593,0.44443648924261603,0.75
XRPUSDT,1,1723008840000000000,1723005600000000000,1723004400000000000,5.0,0.5143,0.5125,0.5161,1.0,market,0.5125,0.5143,0.5133,0.5141,-0.23386195682616362,24,21,0.45290748162668,1.6444891535843384,0.24137931034483814,0.5862068965517334,1723007400000000000,0.5126,1723008300000000000,142,0.005940329001688391,-0.21418997829714073,0.6087091263107595,-0.01941862086971165,0.358600837927574,-0.18730704573362186,-0.4726019327554152,0.13970719764375347,-0.1119224990775233,-0.6272677797961228,-0.5452735282452182,-0.26828967667620784,0.06960343168795728,-0.23096264406009864,0.6500821012573753,1.0,1.0,-1.0,34.999027804783665,34.999027804783665,1.1428571428571428,0.43972603898505375,0.0,-0.12568591212651026,-0.2181058123305274,0.0
XRPUSDT,-1,1723018740000000000,1723017000000000000,1723015200000000000,5.0,0.5141,0.5156999999999999,0.5125,1.0000000000000695,market,0.5141,0.5156999999999999,0.5154,0.5145,0.04257128980551672,19,31,0.7871386980319208,1.3670364058698687,0.06666666666665927,0.4999999999999815,1723017600000000000,0.5156,1723018620000000000,143,-0.01594227558478826,-0.33974475910358487,0.5443492113702919,0.31192375959642055,-0.08675536260987529,-0.11972121025155201,0.21595105170118245,0.1359348412117343,-0.35410612128379626,-0.4809038247032386,-0.3069415004496043,0.17963222385075522,-0.033860582472062355,-0.22614327192346081,0.8454621651241702,-1.0,-1.0,1.0,31.122349737403905,31.122349737406065,0.6129032258064516,0.5248400148536546,0.0,0.20804981431850922,-0.26074696978529666,0.0
XRPUSDT,-1,1723021800000000000,1723018800000000000,1723017600000000000,5.0,0.5155,0.5174,0.5126999999999999,1.4736842105263188,market,0.5155,0.5174,0.5156,0.5158,0.0004496757892076264,30,21,1.3263869870888618,0.8770272675174272,0.5666666666666778,0.6000000000000074,1723020000000000000,0.5173,1723021500000000000,144,-0.025300784359612416,-0.3871822334187399,0.6964239069151835,0.09764830598844541,-0.13740903745077201,0.07753104138637791,0.0057588480039654655,-0.06090128969367107,-0.027097912214830336,-0.021576969194863613,-0.04417624796576398,-0.11809960582694567,-0.20447128770026257,-0.28508528242248055,1.773708747531462,-1.0,-1.0,1.0,36.857419980601605,54.31619786614986,1.4285714285714286,0.44808257370075405,0.0,-0.0680009800673775,-0.09929173792193001,0.25
XRPUSDT,1,1723037100000000000,1723034700000000000,1723034100000000000,5.0,0.5138,0.5123,0.5169,2.066666666666583,market,0.5123,0.5138,0.5134,0.5136,0.05295881531122926,20,11,1.0287071466539541,0.89517414247709,0.27777777777777435,0.3888888888889026,1723035900000000000,0.5124,1723036800000000000,145,-0.00017439872500231814,-0.5695515461539171,0.6103868731518393,0.6936899424778431,-0.46850496019540006,-0.25602118379650973,0.23574674451029565,-0.3572812709099976,0.05132211077666592,0.12022098277520311,-0.21786453949438736,0.11243803967349184,-0.1782589439532021,0.09979428994372491,0.9294208477236673,1.0,1.0,-1.0,29.194239003504414,60.33476060724001,1.8181818181818181,0.34602437154924603,0.0,-0.19163097045304345,-0.41870752433133107,0.0
XRPUSDT,-1,1723066380000000000,1723062600000000000,1723061400000000000,5.0,0.6231,0.6442,0.576,2.2322274881516595,market,0.6231,0.6442,0.6408,0.6267,-0.015432817306678448,38,21,0.46899550435335324,0.7505974586677508,0.05084745762711812,0.3235747303543913,1723064100000000000,0.6441,1723065960000000000,150,0.345433115628936,2.5782395616161273,0.1861473843508075,0.21016104564465163,-1.1565566838919852,-0.1846367606522531,0.02520315973138145,-0.9151832881437841,0.0767401396905377,0.2110786158087306,-1.217560371408123,-6.197959795712956,-1.046906029742982,1.446260594479547,1.5497708997219257,-1.0,-1.0,-1.0,338.6294334777726,755.8979297063078,1.8095238095238095,0.34814822404913837,0.0,-0.2578708010906471,-0.6180629740490781,0.0
XRPUSDT,-1,1723099020000000000,1723094400000000000,1723094100000000000,5.0,0.605,0.6096,0.6002,1.04347826086956,market,0.605,0.6096,0.6067,0.6056,-0.1052333799201488,32,6,0.2612537882106194,0.7472589864785284,0.42424242424242475,0.6818181818181857,1723097100000000000,0.6095,1723098720000000000,155,0.5578658445519936,0.5779321961674704,-0.03496169066953569,0.016873291529392483,0.259626424474535,-0.04775948720929176,-0.14809782679972094,0.29956988277491203,-0.08357065733270995,-0.053405113960171426,0.0625020644457,0.09973264317508336,0.12270227838204947,0.15451116452712543,0.47121040419753063,-1.0,-1.0,-1.0,76.03305785124047,79.33884297520704,5.333333333333333,0.4002377104126944,0.0,0.05821922148240288,-0.1399928519459183,0.0
XRPUSDT,-1,1723116540000000000,1723112400000000000,1723110900000000000,5.0,0.6168,0.621,0.6081,2.0714285714285903,market,0.6168,0.621,0.6174,0.6173,-0.0626567241832825,49,26,1.1358501663624874,0.8197997634609615,0.37234042553192254,0.43617021276595835,1723113600000000000,0.6209,1723115520000000000,156,0.6249385742433697,0.5359970758816734,-0.20827531780649983,0.13270977585252572,0.3687219265307354,-0.08509459949245034,0.1789211739646891,0.05060701871948616,-0.03270010432072912,0.009517891296380922,-0.11583739886603116,-0.3584994921417811,-0.11711973332383095,0.12058951816409394,0.6298830100589004,-1.0,-1.0,-1.0,68.09338521400748,141.05058365758822,1.8846153846153846,0.3375252250667952,0.0,0.9168643447046396,-0.36112833912694275,0.25
XRPUSDT,-1,1723132620000000000,1723128600000000000,1723128300000000000,5.0,0.613,0.618,0.608,1.0,market,0.613,0.618,0.6133,0.6136,-0.02980691488425613,52,6,1.1397160327552187,0.6273846646146877,0.8518518518518671,0.9074074074074169,1723129500000000000,0.6179,1723130460000000000,160,0.6113641680276035,0.6627159331795617,-0.44346123293092504,0.14355547882789452,0.45882359652461463,-0.35625362654806425,0.08760192485240151,0.10323467998369551,-0.09740900780147976,-0.051870854825106276,-0.024586352221534165,0.5280175357644333,-0.09873821994126267,0.44328656659275795,0.5382553606101024,1.0,-1.0,-1.0,81.56606851549763,81.56606851549763,8.666666666666666,0.5070368921294629,0.0,1.0001789002923964,-0.8447461305769679,0.25
XRPUSDT,-1,1723143180000000000,1723140900000000000,1723140300000000000,5.0,0.6256,0.6287,0.6211,1.4516129032258296,market,0.6256,0.6287,0.6286,0.6259,0.03645556357200075,18,11,0.6146079113970053,1.140889964515138,-0.09210526315789858,0.30263157894736226,1723142100000000000,0.6279,1723142880000000000,160,0.6388614701358576,0.11647222784043225,-0.047084445144846845,0.2127775759787655,-0.5866150748673005,0.207887695419135,0.2315840457482046,-0.4729100035242496,0.1391553103413919,0.3115947685842076,-0.27513945607194773,-0.42350610862246685,-0.31067960608545697,0.28157315070022126,0.7193563050155984,-1.0,-1.0,-1.0,49.55242966751904,71.93094629156104,1.6363636363636365,0.3372357162872207,0.0,-0.7898526467311674,0.4035363577029902,0.75
XRPUSDT,-1,1723198800000000000,1723197300000000000,1723196400000000000,5.0,0.5883,0.5905,0.5857,1.1818181818182139,market,0.5883,0.5905,0.5899,0.5887,-0.10235834522860121,15,16,0.3825499890568996,6.894667719902498,0.11627906976745567,0.488372093023257,1723197900000000000,0.5904,1723198080000000000,169,-0.12468097387493086,0.24806690442912468,0.2364651604106966,-0.06138286969176123,0.26217296871539447,0.07456900086617152,-0.3344551305167166,-0.9246568852080749,0.2872100130384883,1.7901475215026248,1.0452278929464598,0.853410195560531,0.43606357995452194,0.1606158465780931,0.4728578773700918,1.0,1.0,-1.0,37.395886452489876,44.195138534761966,0.9375,0.40715025848279146,0.0,-0.07574516367540055,0.18618702333822307,1.0
XRPUSDT,1,1723203540000000000,1723200900000000000,1723199700000000000,5.0,0.5847,0.5829,0.5889,2.333333333333292,market,0.5829,0.5847,0.5844,0.5846,-0.007088414242122809,34,21,0.665932159829812,1.0602876811580264,0.3043478260869754,0.3695652173913169,1723201500000000000,0.583,1723203180000000000,169,0.13602932993567687,0.009702694905805736,0.40655689018303404,0.15716514487792527,-0.09198906996600716,-0.19576274032373153,-0.0672144554144194,-0.7307182125942573,-0.024015822344108345,0.49090746845437366,-0.41696451998489936,-0.9048321823268394,-0.4101551613257536,-0.018758200824713512,0.47895720494328947,-1.0,-1.0,1.0,30.78501795792755,71.83170856849635,1.619047619047619,0.3374378921914458,0.0,0.005744490891377296,-0.5974768083507049,0.0
XRPUSDT,-1,1723216260000000000,1723212600000000000,1723210800000000000,5.0,0.5773,0.5821999999999999,0.5694,1.6122448979592188,market,0.5773,0.5821999999999999,0.5821,0.5781,-0.13061999712715422,31,31,0.5701634051949703,2.1433919062068476,-0.07812500000000054,0.2968749999999951,1723214400000000000,0.5811,1723215540000000000,170,-0.24126282444457012,0.31399847605587167,0.5878786517913049,0.30662749102308956,0.17577335636303998,0.2777529155923829,-0.31468223662450256,-0.5457569803427907,0.5355142242938233,-0.11318079614051935,-0.4763954171498378,0.3307088920052032,0.010310641348422587,-0.0624631627601948,0.5811146352643297,1.0,1.0,-1.0,84.87787978520534,136.84392863329322,1.0,0.38029638157809187,0.0,-0.3306007271288466,0.5634760939343908,1.0
XRPUSDT,1,1723219320000000000,1723214400000000000,1723212600000000000,5.0,0.5742,0.5692,0.581,1.3599999999999823,market,0.5692,0.5742,0.5693,0.5737,-0.09670845880703527,62,31,0.4439174430832173,1.3846779011865264,-0.12711864406779286,0.2881355932203468,1723215600000000000,0.5708,1723218000000000000,171,0.25821842057904226,0.4603454858096084,0.19960785791866603,0.08027429721454335,0.451899570499203,-0.21803225894041692,0.09185931080949868,0.20965665130633737,-0.4508635990569551,-0.23320464825777035,-0.19162799614442977,-0.2564744511944168,-0.14120931700356634,0.15175658335389375,0.6538838128426253,-1.0,-1.0,1.0,87.07767328456991,118.42563566701352,2.0,0.4293657952108274,0.0,0.6215893842119419,-0.4116956383809032,0.25
XRPUSDT,-1,1723221960000000000,1723215600000000000,1723214400000000000,5.0,0.5776,0.5841,0.5709,1.0307692307692446,market,0.5776,0.5841,0.5811,0.5791,-0.09380154703198063,66,21,1.1267638647966127,0.44405906745377394,0.2815533980582544,0.6213592233009686,1723218000000000000,0.584,1723220940000000000,172,-0.29986339484965185,0.5873121687643595,0.14189111311850133,0.3256830652042396,0.9289901609254837,0.08602095186596329,0.17793287837591412,0.46106521364215813,-0.12108059846683696,-1.0537944109986945,-0.45123094799469304,0.07000019936617033,-0.10945749228711224,0.17394955017551708,0.5484091255663271,-1.0,1.0,-1.0,112.5346260387803,115.99722991689819,3.142857142857143,0.5038127645146544,0.0,0.806329809330977,0.38710382132241583,0.75
XRPUSDT,1,1723226880000000000,1723224600000000000,1723224000000000000,5.0,0.5767,0.5745,0.5795,1.2727272727272956,market,0.5745,0.5767,0.576,0.5765,-0.1670247154613047,23,11,1.438394040842382,0.4065602252272311,0.38888888888887174,0.583333333333323,1723225500000000000,0.5746,1723226640000000000,174,0.30044591335960225,0.46050979243536433,0.2002308759318154,-0.05979015447674824,0.03910557739879052,-0.13768024340771093,-0.1025180781048974,-0.10897695377245038,0.09941066557474831,0.07655084352527503,-0.175283518961042,0.09229477743247841,0.001353919049873528,0.18872979018054323,0.5160013542531008,1.0,-1.0,1.0,38.148083925784285,48.55210681463542,2.090909090909091,0.38675590780938646,0.0,0.009386706622944496,-0.3360489174786535,0.0
XRPUSDT,-1,1723242960000000000,1723241100000000000,1723239900000000000,5.0,0.5799,0.5824,0.5761999999999999,1.4799999999999804,market,0.5799,0.5824,0.5805,0.5811,-0.20125701172222676,26,21,0.7878708032549081,1.2056603279369889,0.40909090909090795,0.5454545454545523,1723241400000000000,0.5823,1723242780000000000,176,-0.2391248711051203,0.6258911589824219,0.3585344056019312,-0.09122172415281897,1.1962002893685437,-0.3659414432843956,-0.8705488331923031,0.9403506127572835,-0.5613212800831354,-0.8566725249329006,0.18232923928004083,-0.16836836604309582,-0.12081753191984097,0.031842095388805336,0.7878980601076103,1.0,1.0,-1.0,43.11088118641245,63.804104155889576,1.2380952380952381,0.47078935980811143,0.0,0.3012118663755306,-0.3012118663755306,0.0
XRPUSDT,1,1723246020000000000,1723243500000000000,1723242900000000000,5.0,0.5787,0.5764,0.582,1.4347826086956585,market,0.5764,0.5787,0.5784,0.5785,-0.08790262268434013,22,11,1.1754327949536523,0.6894515800187575,0.5135135135135273,0.5945945945946011,1723244700000000000,0.5765,1723245720000000000,176,0.2576524486650928,0.34263229328896777,0.1949400695875619,0.1760568862466624,-0.0029155770874790938,-0.30998393651562334,0.007713911629134212,-0.21489010793796504,-0.10919965725664689,0.030237719040022835,-0.2796575884391665,-0.025335892902309417,0.025552728272706316,0.06122498750658089,0.4052909188773095,-1.0,-1.0,1.0,39.744254363227384,57.02436495593519,2.0,0.38671557072851215,0.0,0.2143703296186522,-0.7426208973608587,0.0
XRPUSDT,-1,1722657840000000000,1722652200000000000,1722647700000000000,15.0,0.5627,0.5650999999999999,0.5572,2.291666666666686,market,0.5627,0.5650999999999999,0.564,0.5629,0.030903840369743807,79,76,0.40170209141633356,1.0549980879875218,0.14492753623188614,0.3333333333333333,1722653100000000000,0.565,1722657420000000000,94,-0.3458647413658037,0.14267765711582261,-0.0522772481528301,0.6174952509546534,0.09296485819644634,-0.17732494213980543,0.32721148232998715,0.3853274062156439,-0.8889040690470281,-0.10792942065459854,0.21742410342645418,0.024479798100020683,-0.5853512526737729,0.08497572572716773,0.8471054045007724,1.0,-1.0,1.0,42.65150168828786,97.74302470232716,1.0394736842105263,0.33985683913459924,0.0,0.35002904935161694,-0.09068550171816472,0.5
XRPUSDT,1,1722706920000000000,1722702600000000000,1722694500000000000,15.0,0.5546,0.5491,0.5663,2.127272727272755,market,0.5491,0.5546,0.5531,0.5527,-0.029924565425341942,57,136,1.2628166550028774,1.9268523002126898,0.2932330827067685,0.40601503759398266,1722703500000000000,0.5492,1722706440000000000,99,0.2064257250835967,0.6835489035701631,0.8974398620276627,0.5042412649171598,0.1561243536115815,-0.10775292815166387,0.017412931309877956,-0.97570229944817,-0.10726901770524887,-0.11256341136945586,-1.03279097459092,-0.0848541144924702,-0.4569643425661038,0.7996225336835702,0.875125957647725,-1.0,-1.0,-1.0,99.1705733862234,210.96285611251432,0.41911764705882354,0.35831308879076257,0.0,0.16743119704909842,-0.1948044423921873,0.0
XRPUSDT,1,1722736140000000000,1722732300000000000,1722727800000000000,15.0,0.5523,0.55,0.5567,1.913043478260878,market,0.55,0.5523,0.5519,0.5517,-0.04288457619601016,49,76,1.0980441894990531,1.725125225446807,0.36734693877549124,0.44897959183672914,1722733200000000000,0.5501,1722735480000000000,101,0.21654552084309697,0.12322777190508938,0.8413963363732424,-0.12610537587849605,-0.2922213378678808,0.3295364452042887,-0.1475340613972155,0.10907545490769134,-0.16108798148316653,-0.3080605954403345,-0.17082274746693865,-0.20927171670171596,-0.18330424903416093,0.2939617581442818,0.7898697764630462,-1.0,-1.0,-1.0,41.64403403947073,79.66684772768349,0.6447368421052632,0.39929429733701144,0.0,-0.7182410958534347,0.46697083494698766,0.75
XRPUSDT,1,1722768060000000000,1722759300000000000,1722750300000000000,15.0,0.5467,0.5432,0.5508,1.1714285714285868,market,0.5432,0.5467,0.5433,0.5465,0.020456618486468958,101,151,0.9090874415059056,1.0399630313890065,-0.197368421052626,0.25000000000000366,1722762000000000000,0.5448,1722766500000000000,103,0.054923045731585685,0.16682349481102546,0.35982479544494417,0.3667843608519643,-0.17013987374895406,-0.11909766274716493,0.2922139571168527,-0.47965694401226283,0.08501302430553308,0.2152746663520038,-0.3571255927878263,-0.6715985035473376,-0.16348086862907818,0.37031186028946006,0.6431162652878599,-1.0,-1.0,-1.0,64.02048655569686,74.99542710810303,0.6688741721854304,0.4801962836771551,0.0,0.12385440929443532,-0.23607616952395954,0.0
XRPUSDT,1,1722773280000000000,1722766500000000000,1722762000000000000,15.0,0.545,0.5415,0.5501,1.4571428571428309,market,0.5415,0.545,0.5448,0.5446,-0.10848609722001124,53,76,1.5355601942570092,1.6432160907643214,0.5925925925925811,0.6296296296296342,1722770100000000000,0.5416,1722772320000000000,105,0.15523263744106897,0.0736355658278827,0.4595349611436282,0.3139133787743124,0.30363459551570154,0.5668361951920021,0.14724766072036563,0.06507239379495505,0.12327201308241732,-0.5368839324529284,-0.6146562076299817,-0.8291150534630503,-0.18360479843581817,-0.039214505434858514,1.1604183042703708,-1.0,-1.0,-1.0,64.2201834862396,93.57798165137602,0.6973684210526315,0.39757101427937686,0.0,0.038656602966295806,1.1474134753102398,1.0
XRPUSDT,1,1722863160000000000,1722858300000000000,1722850200000000000,15.0,0.4455,0.43770000000000003,0.456,1.3461538461538518,market,0.43770000000000003,0.4455,0.4378,0.4425,-0.0023292189333805613,51,136,1.0970101974745892,1.5422050266594662,-0.010928961748632686,0.4098360655737712,1722860100000000000,0.438,1722862920000000000,115,0.14820135787539346,-0.04326637028053857,2.2828211008663604,0.07360944112779062,-0.4332461678466378,0.11690051655775233,0.20499220171715823,-0.21074054259416847,-0.4702789428636291,0.09345822901173653,-0.17436490354678044,-0.26437752474157716,-0.22190829580948143,0.41488046700432035,1.7228657815969362,-1.0,-1.0,-1.0,175.0841750841745,235.6902356902359,0.375,0.4772665350320479,0.0,-0.09232356469924358,-0.21852259318661016,0.25
XRPUSDT,1,1722882660000000000,1722878100000000000,1722876300000000000,15.0,0.4849,0.4811,0.494,2.394736842105281,market,0.4811,0.4849,0.4834,0.4843,-0.07469814888066306,31,31,0.6638558866365124,1.5667095217698743,0.20560747663551238,0.34579439252336314,1722880800000000000,0.4812,1722882360000000000,119,0.2127684157809122,0.09699962788127006,0.32560489914146656,0.016664267636373083,0.00047332496722117025,-0.4796320189883255,-0.14739763853942583,-0.018130936768350977,-0.4246593565290861,0.00018700743900957077,-0.025964689758372038,0.0031365900250101757,-0.09503775134940286,0.12159681982638737,0.5218061448081557,1.0,1.0,-1.0,78.36667354093565,187.66756032171577,1.0,0.36278290518542394,0.0,-0.1368974722736006,-0.6848195153007552,0.0
XRPUSDT,-1,1722897840000000000,1722893400000000000,1722886200000000000,15.0,0.4948,0.4981,0.48869999999999997,1.8484848484848806,market,0.4948,0.4981,0.498,0.4949,-0.09335663351308643,44,121,0.5624968374127243,1.6530309429102823,-0.07446808510638053,0.2659574468085103,1722895200000000000,0.4973,1722897660000000000,120,-0.2339596795891382,-0.0013954872281390065,0.39986432871112976,0.06633162317402383,-0.04112011847501786,0.3756722199531737,-0.005329038332250858,0.11618269257384664,-0.19047797901455688,-0.24584103755767733,-0.1586845522221613,-0.3317532507105867,-0.4472062222894214,0.09295016196844828,0.40333361627243686,-1.0,-1.0,1.0,66.69361358124434,123.2821341956356,0.36363636363636365,0.34248923484872523,0.0,-0.11582965692549363,0.5680216552039081,1.0
XRPUSDT,-1,1722930900000000000,1722926700000000000,1722920400000000000,15.0,0.5154,0.5189,0.5102,1.4857142857142558,market,0.5154,0.5189,0.5179,0.5156,-0.11585810169857003,40,106,1.4867262201549136,1.3445119692180902,0.11538461538461647,0.4358974358974432,1722928500000000000,0.5188,1722930480000000000,124,-0.030258981140407225,0.3694936692385039,-0.20093179557365706,0.0811929323801787,0.08380202495671078,-0.15771312313579539,-0.08782218575834363,0.16198252456361378,0.0468134255787977,-0.11458226688593999,-0.01268169890450949,0.0030190480749931253,-0.16006679501058607,0.27738172480847123,0.7556896532967518,-1.0,-1.0,1.0,67.90842064416101,100.89251067132291,0.37735849056603776,0.43401192288545026,0.0,-0.0024387420240174484,-0.45673596912290576,0.0
XRPUSDT,-1,1722963660000000000,1722954600000000000,1722951000000000000,15.0,0.5142,0.5179,0.5035999999999999,2.864864864864851,market,0.5142,0.5179,0.5178,0.5151,-0.07339372860168303,76,61,0.4683126022786035,1.033033783418991,-0.02797202797203248,0.223776223776221,1722959100000000000,0.5174,1722963300000000000,132,-0.15880808882502329,0.05770053650530138,0.6842609339210484,0.15260029061697225,0.08884536400548088,-0.0423353955887092,0.10626738219236286,-0.0023674926099196466,-0.07212975829431668,-0.3292142201454391,-0.30874337016448944,0.07865398579929397,-0.3952899438939855,0.000915277366606921,0.5404354853132428,-1.0,1.0,1.0,71.95643718397582,206.14546868922702,1.2459016393442623,0.30082102070362743,0.0,0.1460196454842072,-0.06705755414433288,0.5
XRPUSDT,1,1722976620000000000,1722967200000000000,1722963600000000000,15.0,0.5112,0.5072,0.5168,1.400000000000011,market,0.5072,0.5112,0.5109,0.51,0.02855061136698911,37,61,2.0788484074061175,2.700201634540985,0.6000000000000074,0.6500000000000018,1722974400000000000,0.5073,1722975420000000000,135,0.1547291900505212,0.07371913710142233,0.545120456529385,0.14522611081347278,0.04153991926813,-0.0025679364171137427,0.27458688012535215,0.009270231113955323,-0.18202235477382583,-0.4423509326775097,-0.45110999613044267,-0.23033662095647173,-0.13239133236638956,0.055427235951528486,0.4659242782558477,-1.0,-1.0,-1.0,78.24726134585296,109.54616588419503,0.6065573770491803,0.3941263190044824,0.0,0.39957102472612605,0.08104640060189242,1.0
XRPUSDT,-1,1723035840000000000,1723030200000000000,1723029300000000000,15.0,0.5151,0.5176,0.5124,1.0800000000000374,market,0.5151,0.5176,0.5175,0.5152,-0.06859889908240557,49,16,0.7927409749839517,0.8560976851877728,-0.057692307692301534,0.4038461538461534,1723032900000000000,0.5172,1723033980000000000,145,-0.009598843784779217,-0.24959090213639912,0.7210462581921889,0.022395630960246465,-0.15215286254901192,-0.032782844538697134,-0.004161265530834332,0.07435189014834571,-0.03677998001673815,-0.35099485980514195,-0.2959437961443255,-0.36386808211575256,0.0745905186503557,-0.36458734109755686,1.0677040680938072,-1.0,-1.0,1.0,48.53426519122397,52.4170064065237,3.0625,0.46358954926039825,0.0,-0.09747886418787122,-0.20181276962800254,0.25
XRPUSDT,1,1723037100000000000,1723032900000000000,1723030200000000000,15.0,0.5138,0.5122,0.5171,2.062499999999922,market,0.5122,0.5138,0.5123,0.5136,0.03612765970398901,40,46,0.9067208436976774,1.3585765823430662,-0.02040816326530381,0.2857142857142987,1723034700000000000,0.5124,1723036800000000000,145,-0.00017439872500231814,-0.5695515461539171,0.6103868731518393,0.6936899424778431,-0.46850496019540006,-0.25602118379650973,0.23574674451029565,-0.3572812709099976,0.05132211077666592,0.12022098277520311,-0.21786453949438736,0.11243803967349184,-0.1782589439532021,0.09979428994372491,0.9294208477236673,1.0,1.0,-1.0,31.140521603737753,64.22732580770668,0.8695652173913043,0.3568475128552468,0.0,-0.19163097045304345,-0.41870752433133107,0.0
XRPUSDT,-1,1723116540000000000,1723105800000000000,1723103100000000000,15.0,0.6168,0.621,0.6081,2.0714285714285903,market,0.6168,0.621,0.6199,0.6173,-0.05206847238447665,44,46,0.8255764403150322,1.1027862177551788,0.08403361344537807,0.34453781512604914,1723113900000000000,0.6209,1723115520000000000,156,0.6249385742433697,0.5359970758816734,-0.20827531780649983,0.13270977585252572,0.3687219265307354,-0.08509459949245034,0.1789211739646891,0.05060701871948616,-0.03270010432072912,0.009517891296380922,-0.11583739886603116,-0.3584994921417811,-0.11711973332383095,0.12058951816409394,0.6298830100589004,-1.0,-1.0,-1.0,68.09338521400748,141.05058365758822,0.9565217391304348,0.3490045268671671,0.0,0.9168643447046396,-0.36112833912694275,0.25
XRPUSDT,-1,1723137720000000000,1723131000000000000,1723125600000000000,15.0,0.6172,0.6272,0.6072,1.0,market,0.6172,0.6272,0.6179,0.6173,-0.06912615719513004,52,91,1.4352379500233823,1.577885368863637,0.8518518518518481,0.9166666666666659,1723134600000000000,0.6271,1723137060000000000,160,0.6421242853280995,0.40524970056050463,-0.06670779945347513,0.0896216954008804,0.5066679826521231,-0.184774122947578,0.09430887696115851,-0.07340251338176568,0.22950074430679104,-0.5474407156013823,-0.6789120019356845,0.22717360580826007,-0.1955254511165761,0.3006403114410848,0.7157376688954722,-1.0,-1.0,-1.0,162.02203499675971,162.02203499675971,0.5714285714285714,0.49483575906866034,0.0,0.9243247701695996,-0.4282856479606393,0.25
XRPUSDT,1,1723157280000000000,1723152600000000000,1723144500000000000,15.0,0.6093,0.6058,0.6144000000000001,1.4571428571429088,market,0.6058,0.6093,0.6059,0.6083,0.07711866008139556,48,136,0.9984317669747077,2.134624462482924,0.0,0.39534883720929515,1723154400000000000,0.6059,1723155360000000000,161,-0.6677407107120281,0.1287747516870466,0.488352784481002,0.1381358116038271,-0.3248473734220696,0.221652888723935,0.07902786822980366,-0.6451332844108898,0.15435480901215118,0.20518257524352085,-0.4794609750427516,-1.1207161138268071,-0.5004698940908837,0.10892222738832542,0.4706319982801944,-1.0,1.0,1.0,57.442967339569144,83.70260955194657,0.35294117647058826,0.3714978209261883,0.0,-0.655578199725505,0.655578199725505,0.75
XRPUSDT,-1,1723170720000000000,1723158900000000000,1723156200000000000,15.0,0.6198,0.6242,0.6085,2.5681818181818366,market,0.6198,0.6242,0.6217,0.6201,-0.07897823539218507,77,46,0.5905899704458973,1.1012069176993766,0.18045112781954598,0.32330827067669005,1723166100000000000,0.6241,1723170240000000000,164,0.6625113926779993,0.12187454436920868,0.058981477511944914,0.42008738209289603,-0.39143096962288637,0.04439198905649349,0.3768427220567981,-0.34353471146887865,0.15558868357506372,-0.7195943273341012,-1.0637850723709126,-0.42209810678582477,-0.25901592960655906,0.3573449058013213,0.9343069012241273,-1.0,-1.0,-1.0,70.990642142626,182.31687641174534,1.673913043478261,0.3073778832770015,0.0,-0.016034472551545838,-0.04108405079906526,0.25
XRPUSDT,1,1723203540000000000,1723199400000000000,1723193100000000000,15.0,0.5847,0.5822,0.5905,2.3200000000000602,market,0.5822,0.5847,0.5823,0.5846,0.07354070160301629,54,106,0.46044245425411373,1.8713551574335494,-0.08433734939758133,0.20481927710843856,1723200300000000000,0.583,1723203180000000000,169,0.13602932993567687,0.009702694905805736,0.40655689018303404,0.15716514487792527,-0.09198906996600716,-0.19576274032373153,-0.0672144554144194,-0.7307182125942573,-0.024015822344108345,0.49090746845437366,-0.41696451998489936,-0.9048321823268394,-0.4101551613257536,-0.018758200824713512,0.47895720494328947,-1.0,-1.0,1.0,42.75696938600901,99.19616897554347,0.5094339622641509,0.33410829820308535,0.0,0.005744490891377296,-0.5974768083507049,0.0
XRPUSDT,-1,1723216920000000000,1723212900000000000,1723211100000000000,15.0,0.5763,0.5821999999999999,0.5694,1.1694915254237506,market,0.5763,0.5821999999999999,0.5821,0.5767,-0.10544005714271387,37,31,0.5620456075052129,2.8866391868309673,-0.07812500000000054,0.37499999999999567,1723214700000000000,0.5811,1723215540000000000,170,-0.2445857711823557,0.2815820990340455,0.7134248049703116,0.04462159132751842,0.20127943835561612,0.31457356790242214,0.0973731241896494,-0.2783204779182906,0.4845987094969716,-0.08608332172099635,-0.1916300534319537,0.2980048852510184,0.06468737673691734,-0.05944734439488734,0.2665912907664275,1.0,1.0,-1.0,102.37723407947085,119.72930765226474,1.1935483870967742,0.38341846958263753,0.0,0.005451030465893014,0.7179808730060349,1.0
XRPUSDT,1,1723219320000000000,1723214700000000000,1723212900000000000,15.0,0.5742,0.5692,0.581,1.3599999999999823,market,0.5692,0.5742,0.5693,0.5737,-0.09670845880703527,62,31,0.4565409227124317,1.336775230591263,-0.12711864406779286,0.2881355932203468,1723215600000000000,0.5708,1723218000000000000,171,0.25821842057904226,0.4603454858096084,0.19960785791866603,0.08027429721454335,0.451899570499203,-0.21803225894041692,0.09185931080949868,0.20965665130633737,-0.4508635990569551,-0.23320464825777035,-0.19162799614442977,-0.2564744511944168,-0.14120931700356634,0.15175658335389375,0.6538838128426253,-1.0,-1.0,1.0,87.07767328456991,118.42563566701352,2.0,0.43241701152655115,0.0,0.6215893842119419,-0.4116956383809032,0.25
XRPUSDT,-1,1723221960000000000,1723215600000000000,1723214700000000000,15.0,0.5776,0.5841,0.5709,1.0307692307692446,market,0.5776,0.5841,0.5811,0.5791,-0.10253451034426253,61,16,1.2865326356456774,0.3234770856293958,0.2815533980582544,0.6213592233009686,1723218300000000000,0.584,1723220940000000000,172,-0.29986339484965185,0.5873121687643595,0.14189111311850133,0.3256830652042396,0.9289901609254837,0.08602095186596329,0.17793287837591412,0.46106521364215813,-0.12108059846683696,-1.0537944109986945,-0.45123094799469304,0.07000019936617033,-0.10945749228711224,0.17394955017551708,0.5484091255663271,-1.0,1.0,-1.0,112.5346260387803,115.99722991689819,3.8125,0.46895501685133,0.0,0.806329809330977,0.38710382132241583,0.75
XRPUSDT,1,1723226880000000000,1723223700000000000,1723221000000000000,15.0,0.5767,0.5745,0.5804,1.6818181818182139,market,0.5745,0.5767,0.5753,0.5765,-0.03990052107935205,38,46,0.5242112236188671,1.712140693015458,0.1346153846153916,0.4038461538461534,1723224600000000000,0.5746,1723226640000000000,174,0.30044591335960225,0.46050979243536433,0.2002308759318154,-0.05979015447674824,0.03910557739879052,-0.13768024340771093,-0.1025180781048974,-0.10897695377245038,0.09941066557474831,0.07655084352527503,-0.175283518961042,0.09229477743247841,0.001353919049873528,0.18872979018054323,0.5160013542531008,1.0,-1.0,1.0,38.148083925784285,64.15814114791117,0.8260869565217391,0.3946307917990541,0.0,0.009386706622944496,-0.3360489174786535,0.0
