ts,nav
1754784000000000000,100000.0
1754784060000000000,100000.0
1754784120000000000,100000.0
1754784180000000000,100000.0
1754784240000000000,100000.0
1754784300000000000,100000.0
1754784360000000000,100000.0
1754784420000000000,100000.0
1754784480000000000,100000.0
1754784540000000000,100000.0
1754784600000000000,100000.0
1754784660000000000,100000.0
1754784720000000000,100000.0
1754784780000000000,100000.0
1754784840000000000,100000.0
1754784900000000000,100000.0
1754784960000000000,100000.0
1754785020000000000,100000.0
1754785080000000000,100000.0
1754785140000000000,100000.0
1754785200000000000,100000.0
1754785260000000000,100000.0
1754785320000000000,100000.0
1754785380000000000,100000.0
1754785440000000000,100000.0
1754785500000000000,100000.0
1754785560000000000,100000.0
1754785620000000000,100000.0
1754785680000000000,100000.0
1754785740000000000,100000.0
1754785800000000000,100000.0
1754785860000000000,100000.0
1754785920000000000,100000.0
1754785980000000000,100000.0
1754786040000000000,100000.0
1754786100000000000,100000.0
1754786160000000000,100000.0
1754786220000000000,100000.0
1754786280000000000,100000.0
1754786340000000000,100000.0
1754786400000000000,100000.0
1754786460000000000,100000.0
1754786520000000000,100000.0
1754786580000000000,100000.0
1754786640000000000,100000.0
1754786700000000000,100000.0
1754786760000000000,100000.0
1754786820000000000,100000.0
1754786880000000000,100000.0
1754786940000000000,100000.0
1754787000000000000,100000.0
1754787060000000000,100000.0
1754787120000000000,100000.0
1754787180000000000,100000.0
1754787240000000000,100000.0
1754787300000000000,100000.0
1754787360000000000,100000.0
1754787420000000000,100000.0
1754787480000000000,100000.0
1754787540000000000,100000.0
1754787600000000000,100000.0
1754787660000000000,100000.0
1754787720000000000,100000.0
1754787780000000000,100000.0
1754787840000000000,100000.0
1754787900000000000,100000.0
1754787960000000000,100000.0
1754788020000000000,100000.0
1754788080000000000,100000.0
1754788140000000000,100000.0
1754788200000000000,100000.0
1754788260000000000,100000.0
1754788320000000000,100000.0
1754788380000000000,100000.0
1754788440000000000,100000.0
1754788500000000000,100000.0
1754788560000000000,100000.0
1754788620000000000,100000.0
1754788680000000000,100000.0
1754788740000000000,100000.0
1754788800000000000,100000.0
1754788860000000000,100000.0
1754788920000000000,100000.0
1754788980000000000,100000.0
1754789040000000000,100000.0
1754789100000000000,100000.0
1754789160000000000,100000.0
1754789220000000000,100000.0
1754789280000000000,100000.0
1754789340000000000,100000.0
1754789400000000000,100000.0
1754789460000000000,100000.0
1754789520000000000,100000.0
1754789580000000000,100000.0
1754789640000000000,100000.0
1754789700000000000,100000.0
1754789760000000000,100000.0
1754789820000000000,100000.0
1754789880000000000,100000.0
1754789940000000000,100000.0
1754790000000000000,100000.0
1754790060000000000,100000.0
1754790120000000000,100000.0
1754790180000000000,100000.0
1754790240000000000,100000.0
1754790300000000000,100000.0
1754790360000000000,100000.0
1754790420000000000,100000.0
1754790480000000000,100000.0
1754790540000000000,100000.0
1754790600000000000,100000.0
1754790660000000000,100000.0
1754790720000000000,100000.0
1754790780000000000,100000.0
1754790840000000000,100000.0
1754790900000000000,100000.0
1754790960000000000,100000.0
1754791020000000000,100000.0
1754791080000000000,100000.0
1754791140000000000,100000.0
1754791200000000000,100000.0
1754791260000000000,100000.0
1754791320000000000,100000.0
1754791380000000000,100000.0
1754791440000000000,100000.0
1754791500000000000,100000.0
1754791560000000000,100000.0
1754791620000000000,100000.0
1754791680000000000,100000.0
1754791740000000000,100000.0
1754791800000000000,100000.0
1754791860000000000,100000.0
1754791920000000000,100000.0
1754791980000000000,100000.0
1754792040000000000,100000.0
1754792100000000000,100000.0
1754792160000000000,100000.0
1754792220000000000,100000.0
1754792280000000000,100000.0
1754792340000000000,100000.0
1754792400000000000,100000.0
1754792460000000000,100000.0
1754792520000000000,100000.0
1754792580000000000,100000.0
1754792640000000000,100000.0
1754792700000000000,100000.0
1754792760000000000,100000.0
1754792820000000000,100000.0
1754792880000000000,100000.0
1754792940000000000,100000.0
1754793000000000000,100000.0
1754793060000000000,100000.0
1754793120000000000,100000.0
1754793180000000000,100000.0
1754793240000000000,100000.0
1754793300000000000,100000.0
1754793360000000000,100000.0
1754793420000000000,100000.0
1754793480000000000,100000.0
1754793540000000000,100000.0
1754793600000000000,100000.0
1754793660000000000,100000.0
1754793720000000000,100000.0
1754793780000000000,100000.0
1754793840000000000,100000.0
1754793900000000000,100000.0
1754793960000000000,100000.0
1754794020000000000,100000.0
1754794080000000000,100000.0
1754794140000000000,100000.0
1754794200000000000,100000.0
1754794260000000000,100000.0
1754794320000000000,100000.0
1754794380000000000,100000.0
1754794440000000000,100000.0
1754794500000000000,100000.0
1754794560000000000,100000.0
1754794620000000000,100000.0
1754794680000000000,100000.0
1754794740000000000,100000.0
1754794800000000000,100000.0
1754794860000000000,100000.0
1754794920000000000,100000.0
1754794980000000000,100000.0
1754795040000000000,100000.0
1754795100000000000,100000.0
1754795160000000000,100000.0
1754795220000000000,100000.0
1754795280000000000,100000.0
1754795340000000000,100000.0
1754795400000000000,100000.0
1754795460000000000,100000.0
1754795520000000000,100000.0
1754795580000000000,100000.0
1754795640000000000,100000.0
1754795700000000000,100000.0
1754795760000000000,100000.0
1754795820000000000,100000.0
1754795880000000000,100000.0
1754795940000000000,100000.0
1754796000000000000,100000.0
1754796060000000000,100000.0
1754796120000000000,100000.0
1754796180000000000,100000.0
1754796240000000000,100000.0
1754796300000000000,100000.0
1754796360000000000,100000.0
1754796420000000000,100000.0
1754796480000000000,100000.0
1754796540000000000,100000.0
1754796600000000000,100000.0
1754796660000000000,100000.0
1754796720000000000,100000.0
1754796780000000000,100000.0
1754796840000000000,100000.0
1754796900000000000,100000.0
1754796960000000000,100000.0
1754797020000000000,100000.0
1754797080000000000,100000.0
1754797140000000000,100000.0
1754797200000000000,100000.0
1754797260000000000,100000.0
1754797320000000000,100000.0
1754797380000000000,100000.0
1754797440000000000,100000.0
1754797500000000000,100000.0
1754797560000000000,100000.0
1754797620000000000,100000.0
1754797680000000000,100000.0
1754797740000000000,100000.0
1754797800000000000,100000.0
1754797860000000000,100000.0
1754797920000000000,100000.0
1754797980000000000,100000.0
1754798040000000000,100000.0
1754798100000000000,100000.0
1754798160000000000,100000.0
1754798220000000000,100000.0
1754798280000000000,100000.0
1754798340000000000,100000.0
1754798400000000000,100000.0
1754798460000000000,100000.0
1754798520000000000,100000.0
1754798580000000000,100000.0
1754798640000000000,100000.0
1754798700000000000,100000.0
1754798760000000000,100000.0
1754798820000000000,100000.0
1754798880000000000,100000.0
1754798940000000000,100000.0
1754799000000000000,100000.0
1754799060000000000,100000.0
1754799120000000000,100000.0
1754799180000000000,100000.0
1754799240000000000,100000.0
1754799300000000000,100000.0
1754799360000000000,100000.0
1754799420000000000,100000.0
1754799480000000000,100000.0
1754799540000000000,100000.0
1754799600000000000,100000.0
1754799660000000000,100000.0
1754799720000000000,100000.0
1754799780000000000,100000.0
1754799840000000000,100000.0
1754799900000000000,100000.0
1754799960000000000,100000.0
1754800020000000000,99784.34496026
1754800080000000000,99577.58078026
1754800140000000000,99429.89208026
1754800200000000000,99223.12790026
1754800260000000000,98514.22214026
1754800320000000000,99370.81660026
1754800380000000000,97086.5450151
1754800440000000000,97086.5450151
1754800500000000000,97086.5450151
1754800560000000000,97086.5450151
1754800620000000000,97086.5450151
1754800680000000000,97086.5450151
1754800740000000000,97086.5450151
1754800800000000000,97086.5450151
1754800860000000000,97086.5450151
1754800920000000000,97086.5450151
1754800980000000000,97086.5450151
1754801040000000000,97086.5450151
1754801100000000000,97086.5450151
1754801160000000000,97086.5450151
1754801220000000000,97086.5450151
1754801280000000000,97086.5450151
1754801340000000000,97086.5450151
1754801400000000000,97086.5450151
1754801460000000000,97086.5450151
1754801520000000000,97086.5450151
1754801580000000000,97086.5450151
1754801640000000000,97086.5450151
1754801700000000000,97086.5450151
1754801760000000000,97086.5450151
1754801820000000000,97086.5450151
1754801880000000000,97086.5450151
1754801940000000000,97086.5450151
1754802000000000000,97086.5450151
1754802060000000000,97086.5450151
1754802120000000000,97086.5450151
1754802180000000000,97086.5450151
1754802240000000000,97086.5450151
1754802300000000000,97086.5450151
1754802360000000000,97086.5450151
1754802420000000000,97086.5450151
1754802480000000000,97086.5450151
1754802540000000000,97086.5450151
1754802600000000000,97086.5450151
1754802660000000000,97086.5450151
1754802720000000000,97086.5450151
1754802780000000000,97086.5450151
1754802840000000000,97086.5450151
1754802900000000000,97086.5450151
1754802960000000000,97086.5450151
1754803020000000000,97086.5450151
1754803080000000000,97086.5450151
1754803140000000000,97086.5450151
1754803200000000000,97086.5450151
1754803260000000000,97086.5450151
1754803320000000000,97086.5450151
1754803380000000000,97086.5450151
1754803440000000000,97086.5450151
1754803500000000000,97086.5450151
1754803560000000000,97086.5450151
1754803620000000000,97086.5450151
1754803680000000000,97086.5450151
1754803740000000000,97086.5450151
1754803800000000000,97086.5450151
1754803860000000000,97086.5450151
1754803920000000000,97086.5450151
1754803980000000000,97086.5450151
1754804040000000000,97086.5450151
1754804100000000000,97086.5450151
1754804160000000000,97086.5450151
1754804220000000000,97086.5450151
1754804280000000000,97086.5450151
1754804340000000000,97086.5450151
1754804400000000000,97086.5450151
1754804460000000000,97086.5450151
1754804520000000000,97086.5450151
1754804580000000000,97086.5450151
1754804640000000000,97086.5450151
1754804700000000000,97086.5450151
1754804760000000000,97086.5450151
1754804820000000000,97086.5450151
1754804880000000000,97086.5450151
1754804940000000000,97086.5450151
1754805000000000000,97086.5450151
1754805060000000000,97086.5450151
1754805120000000000,97086.5450151
1754805180000000000,97086.5450151
1754805240000000000,97086.5450151
1754805300000000000,97086.5450151
1754805360000000000,97086.5450151
1754805420000000000,97086.5450151
1754805480000000000,97086.5450151
1754805540000000000,97086.5450151
1754805600000000000,97086.5450151
1754805660000000000,97086.5450151
1754805720000000000,97086.5450151
1754805780000000000,97086.5450151
1754805840000000000,97086.5450151
1754805900000000000,97086.5450151
1754805960000000000,97086.5450151
1754806020000000000,97086.5450151
1754806080000000000,97086.5450151
1754806140000000000,97086.5450151
1754806200000000000,97086.5450151
1754806260000000000,97086.5450151
1754806320000000000,97086.5450151
1754806380000000000,97086.5450151
1754806440000000000,97086.5450151
1754806500000000000,97086.5450151
1754806560000000000,97086.5450151
1754806620000000000,97086.5450151
1754806680000000000,97086.5450151
1754806740000000000,97086.5450151
1754806800000000000,97086.5450151
1754806860000000000,97086.5450151
1754806920000000000,97086.5450151
1754806980000000000,97086.5450151
1754807040000000000,97086.5450151
1754807100000000000,97086.5450151
1754807160000000000,97086.5450151
1754807220000000000,97086.5450151
1754807280000000000,97086.5450151
1754807340000000000,97086.5450151
1754807400000000000,97086.5450151
1754807460000000000,97086.5450151
1754807520000000000,97086.5450151
1754807580000000000,97086.5450151
1754807640000000000,97086.5450151
1754807700000000000,97086.5450151
1754807760000000000,97086.5450151
1754807820000000000,97086.5450151
1754807880000000000,97086.5450151
1754807940000000000,97086.5450151
1754808000000000000,97086.5450151
1754808060000000000,97086.5450151
1754808120000000000,97086.5450151
1754808180000000000,97086.5450151
1754808240000000000,97086.5450151
1754808300000000000,97086.5450151
1754808360000000000,97086.5450151
1754808420000000000,97086.5450151
1754808480000000000,97086.5450151
1754808540000000000,97086.5450151
1754808600000000000,97086.5450151
1754808660000000000,97086.5450151
1754808720000000000,97086.5450151
1754808780000000000,97086.5450151
1754808840000000000,97086.5450151
1754808900000000000,97086.5450151
1754808960000000000,97086.5450151
1754809020000000000,97086.5450151
1754809080000000000,97086.5450151
1754809140000000000,97086.5450151
1754809200000000000,97086.5450151
1754809260000000000,97086.5450151
1754809320000000000,97086.5450151
1754809380000000000,97086.5450151
1754809440000000000,97086.5450151
1754809500000000000,97086.5450151
1754809560000000000,97086.5450151
1754809620000000000,97086.5450151
1754809680000000000,97086.5450151
1754809740000000000,97086.5450151
1754809800000000000,97086.5450151
1754809860000000000,97086.5450151
1754809920000000000,97086.5450151
1754809980000000000,97086.5450151
1754810040000000000,97086.5450151
1754810100000000000,97086.5450151
1754810160000000000,97086.5450151
1754810220000000000,97086.5450151
1754810280000000000,97086.5450151
1754810340000000000,97086.5450151
1754810400000000000,97086.5450151
1754810460000000000,97086.5450151
1754810520000000000,97086.5450151
1754810580000000000,97086.5450151
1754810640000000000,97086.5450151
1754810700000000000,97086.5450151
1754810760000000000,97086.5450151
1754810820000000000,97086.5450151
1754810880000000000,97086.5450151
1754810940000000000,97086.5450151
1754811000000000000,97086.5450151
1754811060000000000,97086.5450151
1754811120000000000,97086.5450151
1754811180000000000,97086.5450151
1754811240000000000,97086.5450151
1754811300000000000,97086.5450151
1754811360000000000,97086.5450151
1754811420000000000,97086.5450151
1754811480000000000,97086.5450151
1754811540000000000,97086.5450151
1754811600000000000,97086.5450151
1754811660000000000,97086.5450151
1754811720000000000,97086.5450151
1754811780000000000,97086.5450151
1754811840000000000,97086.5450151
1754811900000000000,97086.5450151
1754811960000000000,97086.5450151
1754812020000000000,97086.5450151
1754812080000000000,97086.5450151
1754812140000000000,97086.5450151
1754812200000000000,97086.5450151
1754812260000000000,97086.5450151
1754812320000000000,97086.5450151
1754812380000000000,97086.5450151
1754812440000000000,97086.5450151
1754812500000000000,97086.5450151
1754812560000000000,97086.5450151
1754812620000000000,97086.5450151
1754812680000000000,97086.5450151
1754812740000000000,97086.5450151
1754812800000000000,97086.5450151
1754812860000000000,97086.5450151
1754812920000000000,97086.5450151
1754812980000000000,97086.5450151
1754813040000000000,97086.5450151
1754813100000000000,97086.5450151
1754813160000000000,97086.5450151
1754813220000000000,97086.5450151
1754813280000000000,97086.5450151
1754813340000000000,97086.5450151
1754813400000000000,97086.5450151
1754813460000000000,97086.5450151
1754813520000000000,97086.5450151
1754813580000000000,97086.5450151
1754813640000000000,97086.5450151
1754813700000000000,97086.5450151
1754813760000000000,97086.5450151
1754813820000000000,97086.5450151
1754813880000000000,97086.5450151
1754813940000000000,97086.5450151
1754814000000000000,97086.5450151
1754814060000000000,97086.5450151
1754814120000000000,97086.5450151
1754814180000000000,97086.5450151
1754814240000000000,97086.5450151
1754814300000000000,97086.5450151
1754814360000000000,97086.5450151
1754814420000000000,97086.5450151
1754814480000000000,97086.5450151
1754814540000000000,97086.5450151
1754814600000000000,97086.5450151
1754814660000000000,97086.5450151
1754814720000000000,97086.5450151
1754814780000000000,97086.5450151
1754814840000000000,97086.5450151
1754814900000000000,97086.5450151
1754814960000000000,97086.5450151
1754815020000000000,97086.5450151
1754815080000000000,97086.5450151
1754815140000000000,97086.5450151
1754815200000000000,97086.5450151
1754815260000000000,97086.5450151
1754815320000000000,97086.5450151
1754815380000000000,97086.5450151
1754815440000000000,97086.5450151
1754815500000000000,97086.5450151
1754815560000000000,97086.5450151
1754815620000000000,97086.5450151
1754815680000000000,97086.5450151
1754815740000000000,97086.5450151
1754815800000000000,97086.5450151
1754815860000000000,97086.5450151
1754815920000000000,97086.5450151
1754815980000000000,97086.5450151
1754816040000000000,97086.5450151
1754816100000000000,97086.5450151
1754816160000000000,97086.5450151
1754816220000000000,97086.5450151
1754816280000000000,97086.5450151
1754816340000000000,97086.5450151
1754816400000000000,97086.5450151
1754816460000000000,97086.5450151
1754816520000000000,97086.5450151
1754816580000000000,97086.5450151
1754816640000000000,97086.5450151
1754816700000000000,97086.5450151
1754816760000000000,97086.5450151
1754816820000000000,97086.5450151
1754816880000000000,97086.5450151
1754816940000000000,97086.5450151
1754817000000000000,97086.5450151
1754817060000000000,97086.5450151
1754817120000000000,97086.5450151
1754817180000000000,97086.5450151
1754817240000000000,97086.5450151
1754817300000000000,97086.5450151
1754817360000000000,97086.5450151
1754817420000000000,97086.5450151
1754817480000000000,97086.5450151
1754817540000000000,97086.5450151
1754817600000000000,97086.5450151
1754817660000000000,97086.5450151
1754817720000000000,97086.5450151
1754817780000000000,97086.5450151
1754817840000000000,97086.5450151
1754817900000000000,97086.5450151
1754817960000000000,97086.5450151
1754818020000000000,97086.5450151
1754818080000000000,97086.5450151
1754818140000000000,97086.5450151
1754818200000000000,97086.5450151
1754818260000000000,97086.5450151
1754818320000000000,97086.5450151
1754818380000000000,97086.5450151
1754818440000000000,97086.5450151
1754818500000000000,97086.5450151
1754818560000000000,97086.5450151
1754818620000000000,97086.5450151
1754818680000000000,97086.5450151
1754818740000000000,97086.5450151
1754818800000000000,97086.5450151
1754818860000000000,97086.5450151
1754818920000000000,97086.5450151
1754818980000000000,97086.5450151
1754819040000000000,97086.5450151
1754819100000000000,97086.5450151
1754819160000000000,97086.5450151
1754819220000000000,97086.5450151
1754819280000000000,97086.5450151
1754819340000000000,97086.5450151
1754819400000000000,97086.5450151
1754819460000000000,97086.5450151
1754819520000000000,97086.5450151
1754819580000000000,97086.5450151
1754819640000000000,97086.5450151
1754819700000000000,97086.5450151
1754819760000000000,97086.5450151
1754819820000000000,97086.5450151
1754819880000000000,97086.5450151
1754819940000000000,97086.5450151
1754820000000000000,97086.5450151
1754820060000000000,97086.5450151
1754820120000000000,97086.5450151
1754820180000000000,97086.5450151
1754820240000000000,97086.5450151
1754820300000000000,97086.5450151
1754820360000000000,97086.5450151
1754820420000000000,97086.5450151
1754820480000000000,97086.5450151
1754820540000000000,97086.5450151
1754820600000000000,97086.5450151
1754820660000000000,97086.5450151
1754820720000000000,97086.5450151
1754820780000000000,97086.5450151
1754820840000000000,97086.5450151
1754820900000000000,97086.5450151
1754820960000000000,97086.5450151
1754821020000000000,97086.5450151
1754821080000000000,97086.5450151
1754821140000000000,97086.5450151
1754821200000000000,97086.5450151
1754821260000000000,97086.5450151
1754821320000000000,97086.5450151
1754821380000000000,97086.5450151
1754821440000000000,97086.5450151
1754821500000000000,97086.5450151
1754821560000000000,97086.5450151
1754821620000000000,97086.5450151
1754821680000000000,97086.5450151
1754821740000000000,97086.5450151
1754821800000000000,97086.5450151
1754821860000000000,97086.5450151
1754821920000000000,97086.5450151
1754821980000000000,97086.5450151
1754822040000000000,97086.5450151
1754822100000000000,97086.5450151
1754822160000000000,97086.5450151
1754822220000000000,97086.5450151
1754822280000000000,97086.5450151
1754822340000000000,97086.5450151
1754822400000000000,97086.5450151
1754822460000000000,97086.5450151
1754822520000000000,97086.5450151
1754822580000000000,97086.5450151
1754822640000000000,97086.5450151
1754822700000000000,97086.5450151
1754822760000000000,97086.5450151
1754822820000000000,97086.5450151
1754822880000000000,97086.5450151
1754822940000000000,97086.5450151
1754823000000000000,97086.5450151
1754823060000000000,97086.5450151
1754823120000000000,97086.5450151
1754823180000000000,97086.5450151
1754823240000000000,97086.5450151
1754823300000000000,97086.5450151
1754823360000000000,97086.5450151
1754823420000000000,97086.5450151
1754823480000000000,97086.5450151
1754823540000000000,97086.5450151
1754823600000000000,97086.5450151
1754823660000000000,97086.5450151
1754823720000000000,97086.5450151
1754823780000000000,97086.5450151
1754823840000000000,97086.5450151
1754823900000000000,97086.5450151
1754823960000000000,97086.5450151
1754824020000000000,97086.5450151
1754824080000000000,97086.5450151
1754824140000000000,97086.5450151
1754824200000000000,97086.5450151
1754824260000000000,97086.5450151
1754824320000000000,97086.5450151
1754824380000000000,97086.5450151
1754824440000000000,97086.5450151
1754824500000000000,97086.5450151
1754824560000000000,97086.5450151
1754824620000000000,97086.5450151
1754824680000000000,97086.5450151
1754824740000000000,97086.5450151
1754824800000000000,97086.5450151
1754824860000000000,97086.5450151
1754824920000000000,97086.5450151
1754824980000000000,97086.5450151
1754825040000000000,97086.5450151
1754825100000000000,97086.5450151
1754825160000000000,97086.5450151
1754825220000000000,97086.5450151
1754825280000000000,97086.5450151
1754825340000000000,97086.5450151
1754825400000000000,97086.5450151
1754825460000000000,97086.5450151
1754825520000000000,97086.5450151
1754825580000000000,97086.5450151
1754825640000000000,97086.5450151
1754825700000000000,97086.5450151
1754825760000000000,97086.5450151
1754825820000000000,97086.5450151
1754825880000000000,97086.5450151
1754825940000000000,97086.5450151
1754826000000000000,97086.5450151
1754826060000000000,97086.5450151
1754826120000000000,97086.5450151
1754826180000000000,97086.5450151
1754826240000000000,97086.5450151
1754826300000000000,97086.5450151
1754826360000000000,97086.5450151
1754826420000000000,97086.5450151
1754826480000000000,97086.5450151
1754826540000000000,97086.5450151
1754826600000000000,97086.5450151
1754826660000000000,97086.5450151
1754826720000000000,97086.5450151
1754826780000000000,97086.5450151
1754826840000000000,97086.5450151
1754826900000000000,97086.5450151
1754826960000000000,97086.5450151
1754827020000000000,97086.5450151
1754827080000000000,97086.5450151
1754827140000000000,97086.5450151
1754827200000000000,97086.5450151
1754827260000000000,97086.5450151
1754827320000000000,97086.5450151
1754827380000000000,97086.5450151
1754827440000000000,97086.5450151
1754827500000000000,97086.5450151
1754827560000000000,97086.5450151
1754827620000000000,97086.5450151
1754827680000000000,97086.5450151
1754827740000000000,97086.5450151
1754827800000000000,97086.5450151
1754827860000000000,97086.5450151
1754827920000000000,97086.5450151
1754827980000000000,97086.5450151
1754828040000000000,97086.5450151
1754828100000000000,97086.5450151
1754828160000000000,97086.5450151
1754828220000000000,97086.5450151
1754828280000000000,97086.5450151
1754828340000000000,97086.5450151
1754828400000000000,97086.5450151
1754828460000000000,97086.5450151
1754828520000000000,97086.5450151
1754828580000000000,97086.5450151
1754828640000000000,97086.5450151
1754828700000000000,97086.5450151
1754828760000000000,97086.5450151
1754828820000000000,97086.5450151
1754828880000000000,97086.5450151
1754828940000000000,97086.5450151
1754829000000000000,97086.5450151
1754829060000000000,97086.5450151
1754829120000000000,97086.5450151
1754829180000000000,97086.5450151
1754829240000000000,97086.5450151
1754829300000000000,97086.5450151
1754829360000000000,97086.5450151
1754829420000000000,97086.5450151
1754829480000000000,97086.5450151
1754829540000000000,97086.5450151
1754829600000000000,97086.5450151
1754829660000000000,97086.5450151
1754829720000000000,97086.5450151
1754829780000000000,97086.5450151
1754829840000000000,97086.5450151
1754829900000000000,97086.5450151
1754829960000000000,97086.5450151
1754830020000000000,97086.5450151
1754830080000000000,97086.5450151
1754830140000000000,97086.5450151
1754830200000000000,97086.5450151
1754830260000000000,97086.5450151
1754830320000000000,97086.5450151
1754830380000000000,97086.5450151
1754830440000000000,97086.5450151
1754830500000000000,97086.5450151
1754830560000000000,97086.5450151
1754830620000000000,97086.5450151
1754830680000000000,97086.5450151
1754830740000000000,97086.5450151
1754830800000000000,97086.5450151
1754830860000000000,97086.5450151
1754830920000000000,97086.5450151
1754830980000000000,97086.5450151
1754831040000000000,97086.5450151
1754831100000000000,97086.5450151
1754831160000000000,97086.5450151
1754831220000000000,97086.5450151
1754831280000000000,97086.5450151
1754831340000000000,97086.5450151
1754831400000000000,97086.5450151
1754831460000000000,97086.5450151
1754831520000000000,97086.5450151
1754831580000000000,97086.5450151
1754831640000000000,97086.5450151
1754831700000000000,97086.5450151
1754831760000000000,97086.5450151
1754831820000000000,97086.5450151
1754831880000000000,97086.5450151
1754831940000000000,97086.5450151
1754832000000000000,97086.5450151
1754832060000000000,97086.5450151
1754832120000000000,97086.5450151
1754832180000000000,97086.5450151
1754832240000000000,97086.5450151
1754832300000000000,97086.5450151
1754832360000000000,97086.5450151
1754832420000000000,97086.5450151
1754832480000000000,97086.5450151
1754832540000000000,97086.5450151
1754832600000000000,97086.5450151
1754832660000000000,97086.5450151
1754832720000000000,97086.5450151
1754832780000000000,97086.5450151
1754832840000000000,97086.5450151
1754832900000000000,97086.5450151
1754832960000000000,97086.5450151
1754833020000000000,97086.5450151
1754833080000000000,97086.5450151
1754833140000000000,97086.5450151
1754833200000000000,97086.5450151
1754833260000000000,97086.5450151
1754833320000000000,97086.5450151
1754833380000000000,97086.5450151
1754833440000000000,97086.5450151
1754833500000000000,97086.5450151
1754833560000000000,97086.5450151
1754833620000000000,97086.5450151
1754833680000000000,97086.5450151
1754833740000000000,97086.5450151
1754833800000000000,97086.5450151
1754833860000000000,97086.5450151
1754833920000000000,97086.5450151
1754833980000000000,97086.5450151
1754834040000000000,97086.5450151
1754834100000000000,97086.5450151
1754834160000000000,97086.5450151
1754834220000000000,97086.5450151
1754834280000000000,97086.5450151
1754834340000000000,97086.5450151
1754834400000000000,97086.5450151
1754834460000000000,97086.5450151
1754834520000000000,97086.5450151
1754834580000000000,97086.5450151
1754834640000000000,97086.5450151
1754834700000000000,97086.5450151
1754834760000000000,97086.5450151
1754834820000000000,97086.5450151
1754834880000000000,97086.5450151
1754834940000000000,97086.5450151
1754835000000000000,97086.5450151
1754835060000000000,97086.5450151
1754835120000000000,97086.5450151
1754835180000000000,97086.5450151
1754835240000000000,97086.5450151
1754835300000000000,97086.5450151
1754835360000000000,97086.5450151
1754835420000000000,97086.5450151
1754835480000000000,97086.5450151
1754835540000000000,97086.5450151
1754835600000000000,97086.5450151
1754835660000000000,97086.5450151
1754835720000000000,97086.5450151
1754835780000000000,97086.5450151
1754835840000000000,97086.5450151
1754835900000000000,97086.5450151
1754835960000000000,97086.5450151
1754836020000000000,97086.5450151
1754836080000000000,97086.5450151
1754836140000000000,97086.5450151
1754836200000000000,97086.5450151
1754836260000000000,97086.5450151
1754836320000000000,97086.5450151
1754836380000000000,97086.5450151
1754836440000000000,97086.5450151
1754836500000000000,97086.5450151
1754836560000000000,97086.5450151
1754836620000000000,97086.5450151
1754836680000000000,97086.5450151
1754836740000000000,97086.5450151
1754836800000000000,97086.5450151
1754836860000000000,97086.5450151
1754836920000000000,97086.5450151
1754836980000000000,97086.5450151
1754837040000000000,97086.5450151
1754837100000000000,97086.5450151
1754837160000000000,97086.5450151
1754837220000000000,97086.5450151
1754837280000000000,97086.5450151
1754837340000000000,97086.5450151
1754837400000000000,97086.5450151
1754837460000000000,97086.5450151
1754837520000000000,97086.5450151
1754837580000000000,97086.5450151
1754837640000000000,97086.5450151
1754837700000000000,97086.5450151
1754837760000000000,97086.5450151
1754837820000000000,97086.5450151
1754837880000000000,97086.5450151
1754837940000000000,97086.5450151
1754838000000000000,97086.5450151
1754838060000000000,97086.5450151
1754838120000000000,97086.5450151
1754838180000000000,97086.5450151
1754838240000000000,97086.5450151
1754838300000000000,97086.5450151
1754838360000000000,97086.5450151
1754838420000000000,97086.5450151
1754838480000000000,97086.5450151
1754838540000000000,97086.5450151
1754838600000000000,97086.5450151
1754838660000000000,97086.5450151
1754838720000000000,97086.5450151
1754838780000000000,97086.5450151
1754838840000000000,97086.5450151
1754838900000000000,97086.5450151
1754838960000000000,97086.5450151
1754839020000000000,97086.5450151
1754839080000000000,97086.5450151
1754839140000000000,97086.5450151
1754839200000000000,97086.5450151
1754839260000000000,97086.5450151
1754839320000000000,97086.5450151
1754839380000000000,97086.5450151
1754839440000000000,97086.5450151
1754839500000000000,97086.5450151
1754839560000000000,97086.5450151
1754839620000000000,97086.5450151
1754839680000000000,97086.5450151
1754839740000000000,97086.5450151
1754839800000000000,97086.5450151
1754839860000000000,97086.5450151
1754839920000000000,97086.5450151
1754839980000000000,97086.5450151
1754840040000000000,97086.5450151
1754840100000000000,97086.5450151
1754840160000000000,97086.5450151
1754840220000000000,97086.5450151
1754840280000000000,97086.5450151
1754840340000000000,97086.5450151
1754840400000000000,97086.5450151
1754840460000000000,97086.5450151
1754840520000000000,97086.5450151
1754840580000000000,97086.5450151
1754840640000000000,97086.5450151
1754840700000000000,97086.5450151
1754840760000000000,97086.5450151
1754840820000000000,97086.5450151
1754840880000000000,97086.5450151
1754840940000000000,97086.5450151
1754841000000000000,97086.5450151
1754841060000000000,97086.5450151
1754841120000000000,97086.5450151
1754841180000000000,97086.5450151
1754841240000000000,97086.5450151
1754841300000000000,97086.5450151
1754841360000000000,97086.5450151
1754841420000000000,97086.5450151
1754841480000000000,97086.5450151
1754841540000000000,97086.5450151
1754841600000000000,97086.5450151
1754841660000000000,97086.5450151
1754841720000000000,97086.5450151
1754841780000000000,97086.5450151
1754841840000000000,97086.5450151
1754841900000000000,97086.5450151
1754841960000000000,97086.5450151
1754842020000000000,97086.5450151
1754842080000000000,97086.5450151
1754842140000000000,97086.5450151
1754842200000000000,97086.5450151
1754842260000000000,97086.5450151
1754842320000000000,97086.5450151
1754842380000000000,97086.5450151
1754842440000000000,97086.5450151
1754842500000000000,97086.5450151
1754842560000000000,97086.5450151
1754842620000000000,97086.5450151
1754842680000000000,97086.5450151
1754842740000000000,97086.5450151
1754842800000000000,97086.5450151
1754842860000000000,97086.5450151
1754842920000000000,97086.5450151
1754842980000000000,97086.5450151
1754843040000000000,97086.5450151
1754843100000000000,97086.5450151
1754843160000000000,97086.5450151
1754843220000000000,97086.5450151
1754843280000000000,97086.5450151
1754843340000000000,97086.5450151
1754843400000000000,97086.5450151
1754843460000000000,97086.5450151
1754843520000000000,97086.5450151
1754843580000000000,97086.5450151
1754843640000000000,97086.5450151
1754843700000000000,97086.5450151
1754843760000000000,97086.5450151
1754843820000000000,97086.5450151
1754843880000000000,97086.5450151
1754843940000000000,97086.5450151
1754844000000000000,97086.5450151
1754844060000000000,97086.5450151
1754844120000000000,97086.5450151
1754844180000000000,97086.5450151
1754844240000000000,97086.5450151
1754844300000000000,97086.5450151
1754844360000000000,97086.5450151
1754844420000000000,97086.5450151
1754844480000000000,97086.5450151
1754844540000000000,97086.5450151
1754844600000000000,97086.5450151
1754844660000000000,97086.5450151
1754844720000000000,97086.5450151
1754844780000000000,97086.5450151
1754844840000000000,97086.5450151
1754844900000000000,97086.5450151
1754844960000000000,97086.5450151
1754845020000000000,97086.5450151
1754845080000000000,97086.5450151
1754845140000000000,97086.5450151
1754845200000000000,97086.5450151
1754845260000000000,97086.5450151
1754845320000000000,97086.5450151
1754845380000000000,97086.5450151
1754845440000000000,97086.5450151
1754845500000000000,97086.5450151
1754845560000000000,97086.5450151
1754845620000000000,97086.5450151
1754845680000000000,97086.5450151
1754845740000000000,97086.5450151
1754845800000000000,97086.5450151
1754845860000000000,97086.5450151
1754845920000000000,97086.5450151
1754845980000000000,97086.5450151
1754846040000000000,97086.5450151
1754846100000000000,97086.5450151
1754846160000000000,97086.5450151
1754846220000000000,97086.5450151
1754846280000000000,97086.5450151
1754846340000000000,97086.5450151
1754846400000000000,97086.5450151
1754846460000000000,97086.5450151
1754846520000000000,97086.5450151
1754846580000000000,97086.5450151
1754846640000000000,97086.5450151
1754846700000000000,97086.5450151
1754846760000000000,97086.5450151
1754846820000000000,97086.5450151
1754846880000000000,97086.5450151
1754846940000000000,97086.5450151
1754847000000000000,97086.5450151
1754847060000000000,97086.5450151
1754847120000000000,97086.5450151
1754847180000000000,97086.5450151
1754847240000000000,97086.5450151
1754847300000000000,97086.5450151
1754847360000000000,97086.5450151
1754847420000000000,97086.5450151
1754847480000000000,97086.5450151
1754847540000000000,97086.5450151
1754847600000000000,97086.5450151
1754847660000000000,97086.5450151
1754847720000000000,97086.5450151
1754847780000000000,97086.5450151
1754847840000000000,97086.5450151
1754847900000000000,97086.5450151
1754847960000000000,97086.5450151
1754848020000000000,97086.5450151
1754848080000000000,97086.5450151
1754848140000000000,97086.5450151
1754848200000000000,97086.5450151
1754848260000000000,97086.5450151
1754848320000000000,97086.5450151
1754848380000000000,97086.5450151
1754848440000000000,97086.5450151
1754848500000000000,97086.5450151
1754848560000000000,97086.5450151
1754848620000000000,97086.5450151
1754848680000000000,97086.5450151
1754848740000000000,97086.5450151
1754848800000000000,97086.5450151
1754848860000000000,97086.5450151
1754848920000000000,97086.5450151
1754848980000000000,97086.5450151
1754849040000000000,97086.5450151
1754849100000000000,97086.5450151
1754849160000000000,97086.5450151
1754849220000000000,97086.5450151
1754849280000000000,97086.5450151
1754849340000000000,97086.5450151
1754849400000000000,97086.5450151
1754849460000000000,97086.5450151
1754849520000000000,97086.5450151
1754849580000000000,97086.5450151
1754849640000000000,97086.5450151
1754849700000000000,97086.5450151
1754849760000000000,97086.5450151
1754849820000000000,97086.5450151
1754849880000000000,97086.5450151
1754849940000000000,97086.5450151
1754850000000000000,97086.5450151
1754850060000000000,97086.5450151
1754850120000000000,97086.5450151
1754850180000000000,97086.5450151
1754850240000000000,97086.5450151
1754850300000000000,97086.5450151
1754850360000000000,97086.5450151
1754850420000000000,97086.5450151
1754850480000000000,97086.5450151
1754850540000000000,97086.5450151
1754850600000000000,97086.5450151
1754850660000000000,97086.5450151
1754850720000000000,97086.5450151
1754850780000000000,97086.5450151
1754850840000000000,97086.5450151
1754850900000000000,97086.5450151
1754850960000000000,97086.5450151
1754851020000000000,97086.5450151
1754851080000000000,97086.5450151
1754851140000000000,97086.5450151
1754851200000000000,97086.5450151
1754851260000000000,97086.5450151
1754851320000000000,97086.5450151
1754851380000000000,97086.5450151
1754851440000000000,97086.5450151
1754851500000000000,97086.5450151
1754851560000000000,97086.5450151
1754851620000000000,97086.5450151
1754851680000000000,97086.5450151
1754851740000000000,97086.5450151
1754851800000000000,97086.5450151
1754851860000000000,97086.5450151
1754851920000000000,97086.5450151
1754851980000000000,97086.5450151
1754852040000000000,97086.5450151
1754852100000000000,97086.5450151
1754852160000000000,97086.5450151
1754852220000000000,97086.5450151
1754852280000000000,97086.5450151
1754852340000000000,97086.5450151
1754852400000000000,97086.5450151
1754852460000000000,97086.5450151
1754852520000000000,97086.5450151
1754852580000000000,97086.5450151
1754852640000000000,97086.5450151
1754852700000000000,97086.5450151
1754852760000000000,97086.5450151
1754852820000000000,97086.5450151
1754852880000000000,97086.5450151
1754852940000000000,97086.5450151
1754853000000000000,97086.5450151
1754853060000000000,97086.5450151
1754853120000000000,97086.5450151
1754853180000000000,97086.5450151
1754853240000000000,97086.5450151
1754853300000000000,97086.5450151
1754853360000000000,97086.5450151
1754853420000000000,97086.5450151
1754853480000000000,97086.5450151
1754853540000000000,97086.5450151
1754853600000000000,97086.5450151
1754853660000000000,97086.5450151
1754853720000000000,97086.5450151
1754853780000000000,97086.5450151
1754853840000000000,97086.5450151
1754853900000000000,97086.5450151
1754853960000000000,97086.5450151
1754854020000000000,97086.5450151
1754854080000000000,97086.5450151
1754854140000000000,97086.5450151
1754854200000000000,97086.5450151
1754854260000000000,97086.5450151
1754854320000000000,97086.5450151
1754854380000000000,97086.5450151
1754854440000000000,97086.5450151
1754854500000000000,97086.5450151
1754854560000000000,97086.5450151
1754854620000000000,97086.5450151
1754854680000000000,97086.5450151
1754854740000000000,97086.5450151
1754854800000000000,97086.5450151
1754854860000000000,97086.5450151
1754854920000000000,97086.5450151
1754854980000000000,97086.5450151
1754855040000000000,97086.5450151
1754855100000000000,97086.5450151
1754855160000000000,97086.5450151
1754855220000000000,97086.5450151
1754855280000000000,97086.5450151
1754855340000000000,97086.5450151
1754855400000000000,97086.5450151
1754855460000000000,97086.5450151
1754855520000000000,97086.5450151
1754855580000000000,97086.5450151
1754855640000000000,97086.5450151
1754855700000000000,97086.5450151
1754855760000000000,97086.5450151
1754855820000000000,97086.5450151
1754855880000000000,97086.5450151
1754855940000000000,97086.5450151
1754856000000000000,97086.5450151
1754856060000000000,97086.5450151
1754856120000000000,97086.5450151
1754856180000000000,97086.5450151
1754856240000000000,97086.5450151
1754856300000000000,97086.5450151
1754856360000000000,97086.5450151
1754856420000000000,97086.5450151
1754856480000000000,97086.5450151
1754856540000000000,97086.5450151
1754856600000000000,97086.5450151
1754856660000000000,97086.5450151
1754856720000000000,97086.5450151
1754856780000000000,97086.5450151
1754856840000000000,97086.5450151
1754856900000000000,97086.5450151
1754856960000000000,97086.5450151
1754857020000000000,97086.5450151
1754857080000000000,97086.5450151
1754857140000000000,97086.5450151
1754857200000000000,97086.5450151
1754857260000000000,97086.5450151
1754857320000000000,97086.5450151
1754857380000000000,97086.5450151
1754857440000000000,97086.5450151
1754857500000000000,97086.5450151
1754857560000000000,97086.5450151
1754857620000000000,97086.5450151
1754857680000000000,97086.5450151
1754857740000000000,97086.5450151
1754857800000000000,97086.5450151
1754857860000000000,97086.5450151
1754857920000000000,97086.5450151
1754857980000000000,97086.5450151
1754858040000000000,97086.5450151
1754858100000000000,97086.5450151
1754858160000000000,97086.5450151
1754858220000000000,97086.5450151
1754858280000000000,97086.5450151
1754858340000000000,97086.5450151
1754858400000000000,97086.5450151
1754858460000000000,97086.5450151
1754858520000000000,97086.5450151
1754858580000000000,97086.5450151
1754858640000000000,97086.5450151
1754858700000000000,97086.5450151
1754858760000000000,97086.5450151
1754858820000000000,97086.5450151
1754858880000000000,97086.5450151
1754858940000000000,97086.5450151
1754859000000000000,97086.5450151
1754859060000000000,97086.5450151
1754859120000000000,97086.5450151
1754859180000000000,97086.5450151
1754859240000000000,97086.5450151
1754859300000000000,97086.5450151
1754859360000000000,97086.5450151
1754859420000000000,97086.5450151
1754859480000000000,97086.5450151
1754859540000000000,97086.5450151
1754859600000000000,97086.5450151
1754859660000000000,97086.5450151
1754859720000000000,97086.5450151
1754859780000000000,97086.5450151
1754859840000000000,97086.5450151
1754859900000000000,97086.5450151
1754859960000000000,97086.5450151
1754860020000000000,97086.5450151
1754860080000000000,97086.5450151
1754860140000000000,97086.5450151
1754860200000000000,97086.5450151
1754860260000000000,97086.5450151
1754860320000000000,97086.5450151
1754860380000000000,97086.5450151
1754860440000000000,97086.5450151
1754860500000000000,97086.5450151
1754860560000000000,97086.5450151
1754860620000000000,96299.1653829
1754860680000000000,95442.54878289999
1754860740000000000,96187.4327829
1754860800000000000,95740.5023829
1754860860000000000,95219.0835829
1754860920000000000,94244.4028689
1754860980000000000,94244.4028689
1754861040000000000,94244.4028689
1754861100000000000,94244.4028689
1754861160000000000,94244.4028689
1754861220000000000,94244.4028689
1754861280000000000,94244.4028689
1754861340000000000,94244.4028689
1754861400000000000,94244.4028689
1754861460000000000,94244.4028689
1754861520000000000,94244.4028689
1754861580000000000,94244.4028689
1754861640000000000,94244.4028689
1754861700000000000,94244.4028689
1754861760000000000,94244.4028689
1754861820000000000,94244.4028689
1754861880000000000,94244.4028689
1754861940000000000,94244.4028689
1754862000000000000,94244.4028689
1754862060000000000,94244.4028689
1754862120000000000,94244.4028689
1754862180000000000,94244.4028689
1754862240000000000,94244.4028689
1754862300000000000,94244.4028689
1754862360000000000,94244.4028689
1754862420000000000,94244.4028689
1754862480000000000,94244.4028689
1754862540000000000,94244.4028689
1754862600000000000,94244.4028689
1754862660000000000,94244.4028689
1754862720000000000,94244.4028689
1754862780000000000,94244.4028689
1754862840000000000,94244.4028689
1754862900000000000,94244.4028689
1754862960000000000,94244.4028689
1754863020000000000,94244.4028689
1754863080000000000,94244.4028689
1754863140000000000,94244.4028689
1754863200000000000,94244.4028689
1754863260000000000,94244.4028689
1754863320000000000,94244.4028689
1754863380000000000,94244.4028689
1754863440000000000,94244.4028689
1754863500000000000,94244.4028689
1754863560000000000,94244.4028689
1754863620000000000,94244.4028689
1754863680000000000,94244.4028689
1754863740000000000,94244.4028689
1754863800000000000,94244.4028689
1754863860000000000,94244.4028689
1754863920000000000,94244.4028689
1754863980000000000,94244.4028689
1754864040000000000,94244.4028689
1754864100000000000,94244.4028689
1754864160000000000,94244.4028689
1754864220000000000,94244.4028689
1754864280000000000,94244.4028689
1754864340000000000,94244.4028689
1754864400000000000,94244.4028689
1754864460000000000,94244.4028689
1754864520000000000,94244.4028689
1754864580000000000,94244.4028689
1754864640000000000,94244.4028689
1754864700000000000,94244.4028689
1754864760000000000,94244.4028689
1754864820000000000,94244.4028689
1754864880000000000,94244.4028689
1754864940000000000,94244.4028689
1754865000000000000,94244.4028689
1754865060000000000,94244.4028689
1754865120000000000,94244.4028689
1754865180000000000,94244.4028689
1754865240000000000,94244.4028689
1754865300000000000,94244.4028689
1754865360000000000,94244.4028689
1754865420000000000,94244.4028689
1754865480000000000,94244.4028689
1754865540000000000,94244.4028689
1754865600000000000,94244.4028689
1754865660000000000,94244.4028689
1754865720000000000,94244.4028689
1754865780000000000,94244.4028689
1754865840000000000,94244.4028689
1754865900000000000,94244.4028689
1754865960000000000,94244.4028689
1754866020000000000,94244.4028689
1754866080000000000,94244.4028689
1754866140000000000,94244.4028689
1754866200000000000,94244.4028689
1754866260000000000,94244.4028689
1754866320000000000,94244.4028689
1754866380000000000,94244.4028689
1754866440000000000,94244.4028689
1754866500000000000,94244.4028689
1754866560000000000,94244.4028689
1754866620000000000,94244.4028689
1754866680000000000,94244.4028689
1754866740000000000,94244.4028689
1754866800000000000,94244.4028689
1754866860000000000,94244.4028689
1754866920000000000,94244.4028689
1754866980000000000,94244.4028689
1754867040000000000,94244.4028689
1754867100000000000,94244.4028689
1754867160000000000,94244.4028689
1754867220000000000,94244.4028689
1754867280000000000,94244.4028689
1754867340000000000,94244.4028689
1754867400000000000,94244.4028689
1754867460000000000,94244.4028689
1754867520000000000,94244.4028689
1754867580000000000,94244.4028689
1754867640000000000,94244.4028689
1754867700000000000,94244.4028689
1754867760000000000,94244.4028689
1754867820000000000,94244.4028689
1754867880000000000,94244.4028689
1754867940000000000,94244.4028689
1754868000000000000,94244.4028689
1754868060000000000,94244.4028689
1754868120000000000,94244.4028689
1754868180000000000,94244.4028689
1754868240000000000,94244.4028689
1754868300000000000,94244.4028689
1754868360000000000,94244.4028689
1754868420000000000,94244.4028689
1754868480000000000,94244.4028689
1754868540000000000,94244.4028689
1754868600000000000,94244.4028689
1754868660000000000,94244.4028689
1754868720000000000,94244.4028689
1754868780000000000,94244.4028689
1754868840000000000,94244.4028689
1754868900000000000,94244.4028689
1754868960000000000,94244.4028689
1754869020000000000,94244.4028689
1754869080000000000,94244.4028689
1754869140000000000,94244.4028689
1754869200000000000,94244.4028689
1754869260000000000,94244.4028689
1754869320000000000,94244.4028689
1754869380000000000,94244.4028689
1754869440000000000,94244.4028689
1754869500000000000,94244.4028689
1754869560000000000,94244.4028689
1754869620000000000,94244.4028689
1754869680000000000,94244.4028689
1754869740000000000,94244.4028689
1754869800000000000,94244.4028689
1754869860000000000,94244.4028689
1754869920000000000,94244.4028689
1754869980000000000,94244.4028689
1754870040000000000,94244.4028689
1754870100000000000,94244.4028689
1754870160000000000,94244.4028689
1754870220000000000,94244.4028689
1754870280000000000,94244.4028689
1754870340000000000,94244.4028689
1754870400000000000,94244.4028689
1754870460000000000,94244.4028689
1754870520000000000,94244.4028689
1754870580000000000,94244.4028689
1754870640000000000,94244.4028689
1754870700000000000,94244.4028689
1754870760000000000,94244.4028689
1754870820000000000,94244.4028689
1754870880000000000,94244.4028689
1754870940000000000,94244.4028689
1754871000000000000,94244.4028689
1754871060000000000,94244.4028689
1754871120000000000,94244.4028689
1754871180000000000,94244.4028689
1754871240000000000,94244.4028689
1754871300000000000,94244.4028689
1754871360000000000,94244.4028689
1754871420000000000,94244.4028689
1754871480000000000,94244.4028689
1754871540000000000,94244.4028689
1754871600000000000,94244.4028689
1754871660000000000,94244.4028689
1754871720000000000,94244.4028689
1754871780000000000,94244.4028689
1754871840000000000,94244.4028689
1754871900000000000,94244.4028689
1754871960000000000,94244.4028689
1754872020000000000,94244.4028689
1754872080000000000,94244.4028689
1754872140000000000,94244.4028689
1754872200000000000,94244.4028689
1754872260000000000,94244.4028689
1754872320000000000,94244.4028689
1754872380000000000,94244.4028689
1754872440000000000,94244.4028689
1754872500000000000,94244.4028689
1754872560000000000,94244.4028689
1754872620000000000,94244.4028689
1754872680000000000,94244.4028689
1754872740000000000,94244.4028689
1754872800000000000,94244.4028689
1754872860000000000,94244.4028689
1754872920000000000,94244.4028689
1754872980000000000,94244.4028689
1754873040000000000,94244.4028689
1754873100000000000,94244.4028689
1754873160000000000,94244.4028689
1754873220000000000,94244.4028689
1754873280000000000,94244.4028689
1754873340000000000,94244.4028689
1754873400000000000,94244.4028689
1754873460000000000,94244.4028689
1754873520000000000,94244.4028689
1754873580000000000,94244.4028689
1754873640000000000,94244.4028689
1754873700000000000,94244.4028689
1754873760000000000,94244.4028689
1754873820000000000,94244.4028689
1754873880000000000,94244.4028689
1754873940000000000,94244.4028689
1754874000000000000,94244.4028689
1754874060000000000,94244.4028689
1754874120000000000,94244.4028689
1754874180000000000,94244.4028689
1754874240000000000,94244.4028689
1754874300000000000,94244.4028689
1754874360000000000,94244.4028689
1754874420000000000,94244.4028689
1754874480000000000,94244.4028689
1754874540000000000,94244.4028689
1754874600000000000,94244.4028689
1754874660000000000,94244.4028689
1754874720000000000,94244.4028689
1754874780000000000,94244.4028689
1754874840000000000,94244.4028689
1754874900000000000,94244.4028689
1754874960000000000,94244.4028689
1754875020000000000,94244.4028689
1754875080000000000,94244.4028689
1754875140000000000,94244.4028689
1754875200000000000,94244.4028689
1754875260000000000,94244.4028689
1754875320000000000,94244.4028689
1754875380000000000,94244.4028689
1754875440000000000,94244.4028689
1754875500000000000,94244.4028689
1754875560000000000,94244.4028689
1754875620000000000,94244.4028689
1754875680000000000,94244.4028689
1754875740000000000,94244.4028689
1754875800000000000,94244.4028689
1754875860000000000,94244.4028689
1754875920000000000,94244.4028689
1754875980000000000,94244.4028689
1754876040000000000,94244.4028689
1754876100000000000,94244.4028689
1754876160000000000,94244.4028689
1754876220000000000,94244.4028689
1754876280000000000,94244.4028689
1754876340000000000,94244.4028689
1754876400000000000,94244.4028689
1754876460000000000,94244.4028689
1754876520000000000,94244.4028689
1754876580000000000,94244.4028689
1754876640000000000,94244.4028689
1754876700000000000,94244.4028689
1754876760000000000,94244.4028689
1754876820000000000,94244.4028689
1754876880000000000,94244.4028689
1754876940000000000,94244.4028689
1754877000000000000,94244.4028689
1754877060000000000,94244.4028689
1754877120000000000,94244.4028689
1754877180000000000,94244.4028689
1754877240000000000,94244.4028689
1754877300000000000,94244.4028689
1754877360000000000,94244.4028689
1754877420000000000,94244.4028689
1754877480000000000,94244.4028689
1754877540000000000,94244.4028689
1754877600000000000,94244.4028689
1754877660000000000,94244.4028689
1754877720000000000,94244.4028689
1754877780000000000,94244.4028689
1754877840000000000,94244.4028689
1754877900000000000,94244.4028689
1754877960000000000,94244.4028689
1754878020000000000,94244.4028689
1754878080000000000,94244.4028689
1754878140000000000,94244.4028689
1754878200000000000,94244.4028689
1754878260000000000,94244.4028689
1754878320000000000,94244.4028689
1754878380000000000,94244.4028689
1754878440000000000,94244.4028689
1754878500000000000,94244.4028689
1754878560000000000,94244.4028689
1754878620000000000,94244.4028689
1754878680000000000,94244.4028689
1754878740000000000,94244.4028689
1754878800000000000,94244.4028689
1754878860000000000,94244.4028689
1754878920000000000,94244.4028689
1754878980000000000,94244.4028689
1754879040000000000,94244.4028689
1754879100000000000,94244.4028689
1754879160000000000,94244.4028689
1754879220000000000,94244.4028689
1754879280000000000,94244.4028689
1754879340000000000,94244.4028689
1754879400000000000,94244.4028689
1754879460000000000,94244.4028689
1754879520000000000,94244.4028689
1754879580000000000,94244.4028689
1754879640000000000,94244.4028689
1754879700000000000,94244.4028689
1754879760000000000,94244.4028689
1754879820000000000,94244.4028689
1754879880000000000,94244.4028689
1754879940000000000,94244.4028689
1754880000000000000,94244.4028689
1754880060000000000,94244.4028689
1754880120000000000,94244.4028689
1754880180000000000,94244.4028689
1754880240000000000,94244.4028689
1754880300000000000,94244.4028689
1754880360000000000,94244.4028689
1754880420000000000,94244.4028689
1754880480000000000,94244.4028689
1754880540000000000,94244.4028689
1754880600000000000,94244.4028689
1754880660000000000,94244.4028689
1754880720000000000,94244.4028689
1754880780000000000,94244.4028689
1754880840000000000,94244.4028689
1754880900000000000,94244.4028689
1754880960000000000,94244.4028689
1754881020000000000,94244.4028689
1754881080000000000,94244.4028689
1754881140000000000,94244.4028689
1754881200000000000,94244.4028689
1754881260000000000,94244.4028689
1754881320000000000,94244.4028689
1754881380000000000,94244.4028689
1754881440000000000,94244.4028689
1754881500000000000,94244.4028689
1754881560000000000,94244.4028689
1754881620000000000,94244.4028689
1754881680000000000,94244.4028689
1754881740000000000,94244.4028689
1754881800000000000,94244.4028689
1754881860000000000,94244.4028689
1754881920000000000,94244.4028689
1754881980000000000,94244.4028689
1754882040000000000,94244.4028689
1754882100000000000,94244.4028689
1754882160000000000,94244.4028689
1754882220000000000,94244.4028689
1754882280000000000,94244.4028689
1754882340000000000,94244.4028689
1754882400000000000,94244.4028689
1754882460000000000,94244.4028689
1754882520000000000,94244.4028689
1754882580000000000,94244.4028689
1754882640000000000,94244.4028689
1754882700000000000,94244.4028689
1754882760000000000,94244.4028689
1754882820000000000,94244.4028689
1754882880000000000,94244.4028689
1754882940000000000,94244.4028689
1754883000000000000,94244.4028689
1754883060000000000,94244.4028689
1754883120000000000,94244.4028689
1754883180000000000,94244.4028689
1754883240000000000,94244.4028689
1754883300000000000,94244.4028689
1754883360000000000,94244.4028689
1754883420000000000,94244.4028689
1754883480000000000,94244.4028689
1754883540000000000,94244.4028689
1754883600000000000,94244.4028689
1754883660000000000,94244.4028689
1754883720000000000,94244.4028689
1754883780000000000,94244.4028689
1754883840000000000,94244.4028689
1754883900000000000,94244.4028689
1754883960000000000,94244.4028689
1754884020000000000,94244.4028689
1754884080000000000,94244.4028689
1754884140000000000,94244.4028689
1754884200000000000,94244.4028689
1754884260000000000,94244.4028689
1754884320000000000,94244.4028689
1754884380000000000,94244.4028689
1754884440000000000,94244.4028689
1754884500000000000,94244.4028689
1754884560000000000,94244.4028689
1754884620000000000,94244.4028689
1754884680000000000,94244.4028689
1754884740000000000,94244.4028689
1754884800000000000,94244.4028689
1754884860000000000,94244.4028689
1754884920000000000,94244.4028689
1754884980000000000,94244.4028689
1754885040000000000,94244.4028689
1754885100000000000,94244.4028689
1754885160000000000,94244.4028689
1754885220000000000,94244.4028689
1754885280000000000,94244.4028689
1754885340000000000,94244.4028689
1754885400000000000,94244.4028689
1754885460000000000,94244.4028689
1754885520000000000,94244.4028689
1754885580000000000,94244.4028689
1754885640000000000,94244.4028689
1754885700000000000,94244.4028689
1754885760000000000,94244.4028689
1754885820000000000,94244.4028689
1754885880000000000,94244.4028689
1754885940000000000,94244.4028689
1754886000000000000,94244.4028689
1754886060000000000,94244.4028689
1754886120000000000,94244.4028689
1754886180000000000,94244.4028689
1754886240000000000,94244.4028689
1754886300000000000,94244.4028689
1754886360000000000,94244.4028689
1754886420000000000,94244.4028689
1754886480000000000,94244.4028689
1754886540000000000,94244.4028689
1754886600000000000,94244.4028689
1754886660000000000,94244.4028689
1754886720000000000,94244.4028689
1754886780000000000,94244.4028689
1754886840000000000,94244.4028689
1754886900000000000,94244.4028689
1754886960000000000,94244.4028689
1754887020000000000,94244.4028689
1754887080000000000,94244.4028689
1754887140000000000,94244.4028689
1754887200000000000,94244.4028689
1754887260000000000,94244.4028689
1754887320000000000,94244.4028689
1754887380000000000,94244.4028689
1754887440000000000,94244.4028689
1754887500000000000,94244.4028689
1754887560000000000,94244.4028689
1754887620000000000,94244.4028689
1754887680000000000,94244.4028689
1754887740000000000,94244.4028689
1754887800000000000,94244.4028689
1754887860000000000,94244.4028689
1754887920000000000,94244.4028689
1754887980000000000,94244.4028689
1754888040000000000,94244.4028689
1754888100000000000,94244.4028689
1754888160000000000,94244.4028689
1754888220000000000,94244.4028689
1754888280000000000,94244.4028689
1754888340000000000,94244.4028689
1754888400000000000,94244.4028689
1754888460000000000,94244.4028689
1754888520000000000,94244.4028689
1754888580000000000,94244.4028689
1754888640000000000,94244.4028689
1754888700000000000,94244.4028689
1754888760000000000,94244.4028689
1754888820000000000,94244.4028689
1754888880000000000,94244.4028689
1754888940000000000,94244.4028689
1754889000000000000,94244.4028689
1754889060000000000,94244.4028689
1754889120000000000,94244.4028689
1754889180000000000,94244.4028689
1754889240000000000,94244.4028689
1754889300000000000,94244.4028689
1754889360000000000,94244.4028689
1754889420000000000,94244.4028689
1754889480000000000,94244.4028689
1754889540000000000,94244.4028689
1754889600000000000,94244.4028689
1754889660000000000,94244.4028689
1754889720000000000,94244.4028689
1754889780000000000,94244.4028689
1754889840000000000,94244.4028689
1754889900000000000,94244.4028689
1754889960000000000,94244.4028689
1754890020000000000,94244.4028689
1754890080000000000,94244.4028689
1754890140000000000,94244.4028689
1754890200000000000,94244.4028689
1754890260000000000,94244.4028689
1754890320000000000,94244.4028689
1754890380000000000,94244.4028689
1754890440000000000,94244.4028689
1754890500000000000,94244.4028689
1754890560000000000,94244.4028689
1754890620000000000,94244.4028689
1754890680000000000,94244.4028689
1754890740000000000,94244.4028689
1754890800000000000,94244.4028689
1754890860000000000,94244.4028689
1754890920000000000,94244.4028689
1754890980000000000,94244.4028689
1754891040000000000,94244.4028689
1754891100000000000,94244.4028689
1754891160000000000,94244.4028689
1754891220000000000,94244.4028689
1754891280000000000,94244.4028689
1754891340000000000,94244.4028689
1754891400000000000,94244.4028689
1754891460000000000,94244.4028689
1754891520000000000,94244.4028689
1754891580000000000,94244.4028689
1754891640000000000,94244.4028689
1754891700000000000,94244.4028689
1754891760000000000,94244.4028689
1754891820000000000,94244.4028689
1754891880000000000,94244.4028689
1754891940000000000,94244.4028689
1754892000000000000,94244.4028689
1754892060000000000,94244.4028689
1754892120000000000,94244.4028689
1754892180000000000,94244.4028689
1754892240000000000,94244.4028689
1754892300000000000,94244.4028689
1754892360000000000,94244.4028689
1754892420000000000,94244.4028689
1754892480000000000,94244.4028689
1754892540000000000,94244.4028689
1754892600000000000,94244.4028689
1754892660000000000,94244.4028689
1754892720000000000,94244.4028689
1754892780000000000,94244.4028689
1754892840000000000,94244.4028689
1754892900000000000,94244.4028689
1754892960000000000,94244.4028689
1754893020000000000,94244.4028689
1754893080000000000,94244.4028689
1754893140000000000,94244.4028689
1754893200000000000,94244.4028689
1754893260000000000,94244.4028689
1754893320000000000,94244.4028689
1754893380000000000,94244.4028689
1754893440000000000,94244.4028689
1754893500000000000,94244.4028689
1754893560000000000,94244.4028689
1754893620000000000,94244.4028689
1754893680000000000,94244.4028689
1754893740000000000,94244.4028689
1754893800000000000,94244.4028689
1754893860000000000,94244.4028689
1754893920000000000,94244.4028689
1754893980000000000,94244.4028689
1754894040000000000,94244.4028689
1754894100000000000,94244.4028689
1754894160000000000,94244.4028689
1754894220000000000,94244.4028689
1754894280000000000,94244.4028689
1754894340000000000,94244.4028689
1754894400000000000,94244.4028689
1754894460000000000,94244.4028689
1754894520000000000,94244.4028689
1754894580000000000,94244.4028689
1754894640000000000,94244.4028689
1754894700000000000,94244.4028689
1754894760000000000,94244.4028689
1754894820000000000,94244.4028689
1754894880000000000,94244.4028689
1754894940000000000,94244.4028689
1754895000000000000,94244.4028689
1754895060000000000,94244.4028689
1754895120000000000,94244.4028689
1754895180000000000,94244.4028689
1754895240000000000,94244.4028689
1754895300000000000,94244.4028689
1754895360000000000,94244.4028689
1754895420000000000,94244.4028689
1754895480000000000,94244.4028689
1754895540000000000,94244.4028689
1754895600000000000,94244.4028689
1754895660000000000,94244.4028689
1754895720000000000,94244.4028689
1754895780000000000,94244.4028689
1754895840000000000,94244.4028689
1754895900000000000,94244.4028689
1754895960000000000,94244.4028689
1754896020000000000,94244.4028689
1754896080000000000,94244.4028689
1754896140000000000,94244.4028689
1754896200000000000,94244.4028689
1754896260000000000,94244.4028689
1754896320000000000,94244.4028689
1754896380000000000,94244.4028689
1754896440000000000,94244.4028689
1754896500000000000,94244.4028689
1754896560000000000,94244.4028689
1754896620000000000,94244.4028689
1754896680000000000,94244.4028689
1754896740000000000,94244.4028689
1754896800000000000,94244.4028689
1754896860000000000,94244.4028689
1754896920000000000,94244.4028689
1754896980000000000,94244.4028689
1754897040000000000,94244.4028689
1754897100000000000,94244.4028689
1754897160000000000,94244.4028689
1754897220000000000,94244.4028689
1754897280000000000,94244.4028689
1754897340000000000,94244.4028689
1754897400000000000,94244.4028689
1754897460000000000,94244.4028689
1754897520000000000,94244.4028689
1754897580000000000,94244.4028689
1754897640000000000,94244.4028689
1754897700000000000,94244.4028689
1754897760000000000,94244.4028689
1754897820000000000,94244.4028689
1754897880000000000,94244.4028689
1754897940000000000,94244.4028689
1754898000000000000,94244.4028689
1754898060000000000,94244.4028689
1754898120000000000,94244.4028689
1754898180000000000,94244.4028689
1754898240000000000,94244.4028689
1754898300000000000,94244.4028689
1754898360000000000,94244.4028689
1754898420000000000,94244.4028689
1754898480000000000,94244.4028689
1754898540000000000,94244.4028689
1754898600000000000,94244.4028689
1754898660000000000,94244.4028689
1754898720000000000,94244.4028689
1754898780000000000,94244.4028689
1754898840000000000,94244.4028689
1754898900000000000,94244.4028689
1754898960000000000,94244.4028689
1754899020000000000,94244.4028689
1754899080000000000,94244.4028689
1754899140000000000,94244.4028689
1754899200000000000,94244.4028689
1754899260000000000,94244.4028689
1754899320000000000,94244.4028689
1754899380000000000,94244.4028689
1754899440000000000,94244.4028689
1754899500000000000,94244.4028689
1754899560000000000,94244.4028689
1754899620000000000,94244.4028689
1754899680000000000,94244.4028689
1754899740000000000,94244.4028689
1754899800000000000,94244.4028689
1754899860000000000,94244.4028689
1754899920000000000,94244.4028689
1754899980000000000,94244.4028689
1754900040000000000,94244.4028689
1754900100000000000,94244.4028689
1754900160000000000,94244.4028689
1754900220000000000,94244.4028689
1754900280000000000,94244.4028689
1754900340000000000,94244.4028689
1754900400000000000,94244.4028689
1754900460000000000,94244.4028689
1754900520000000000,94244.4028689
1754900580000000000,94244.4028689
1754900640000000000,94244.4028689
1754900700000000000,94244.4028689
1754900760000000000,94244.4028689
1754900820000000000,94244.4028689
1754900880000000000,94244.4028689
1754900940000000000,94244.4028689
1754901000000000000,94244.4028689
1754901060000000000,94244.4028689
1754901120000000000,94244.4028689
1754901180000000000,94244.4028689
1754901240000000000,94244.4028689
1754901300000000000,94244.4028689
1754901360000000000,94244.4028689
1754901420000000000,94244.4028689
1754901480000000000,94244.4028689
1754901540000000000,94244.4028689
1754901600000000000,94244.4028689
1754901660000000000,94244.4028689
1754901720000000000,94244.4028689
1754901780000000000,94244.4028689
1754901840000000000,94244.4028689
1754901900000000000,94244.4028689
1754901960000000000,94244.4028689
1754902020000000000,94244.4028689
1754902080000000000,94244.4028689
1754902140000000000,94244.4028689
1754902200000000000,94244.4028689
1754902260000000000,94244.4028689
1754902320000000000,94244.4028689
1754902380000000000,94244.4028689
1754902440000000000,94244.4028689
1754902500000000000,94244.4028689
1754902560000000000,94244.4028689
1754902620000000000,94244.4028689
1754902680000000000,94244.4028689
1754902740000000000,94244.4028689
1754902800000000000,94244.4028689
1754902860000000000,94244.4028689
1754902920000000000,94244.4028689
1754902980000000000,94244.4028689
1754903040000000000,94244.4028689
1754903100000000000,94244.4028689
1754903160000000000,94244.4028689
1754903220000000000,94244.4028689
1754903280000000000,94244.4028689
1754903340000000000,94244.4028689
1754903400000000000,94244.4028689
1754903460000000000,94244.4028689
1754903520000000000,94244.4028689
1754903580000000000,94244.4028689
1754903640000000000,94244.4028689
1754903700000000000,94244.4028689
1754903760000000000,94244.4028689
1754903820000000000,94244.4028689
1754903880000000000,94244.4028689
1754903940000000000,94244.4028689
1754904000000000000,94244.4028689
1754904060000000000,94244.4028689
1754904120000000000,94244.4028689
1754904180000000000,94244.4028689
1754904240000000000,94244.4028689
1754904300000000000,94244.4028689
1754904360000000000,94244.4028689
1754904420000000000,94244.4028689
1754904480000000000,94244.4028689
1754904540000000000,94244.4028689
1754904600000000000,94244.4028689
1754904660000000000,94244.4028689
1754904720000000000,94244.4028689
1754904780000000000,94244.4028689
1754904840000000000,94244.4028689
1754904900000000000,94244.4028689
1754904960000000000,94244.4028689
1754905020000000000,94244.4028689
1754905080000000000,94244.4028689
1754905140000000000,94244.4028689
1754905200000000000,94244.4028689
1754905260000000000,94244.4028689
1754905320000000000,94244.4028689
1754905380000000000,94244.4028689
1754905440000000000,94244.4028689
1754905500000000000,94244.4028689
1754905560000000000,94244.4028689
1754905620000000000,94244.4028689
1754905680000000000,94244.4028689
1754905740000000000,94244.4028689
1754905800000000000,94244.4028689
1754905860000000000,94244.4028689
1754905920000000000,94244.4028689
1754905980000000000,94244.4028689
1754906040000000000,94244.4028689
1754906100000000000,94244.4028689
1754906160000000000,94244.4028689
1754906220000000000,94244.4028689
1754906280000000000,94244.4028689
1754906340000000000,94244.4028689
1754906400000000000,94244.4028689
1754906460000000000,94244.4028689
1754906520000000000,94244.4028689
1754906580000000000,94244.4028689
1754906640000000000,94244.4028689
1754906700000000000,94244.4028689
1754906760000000000,94244.4028689
1754906820000000000,94244.4028689
1754906880000000000,94244.4028689
1754906940000000000,94244.4028689
1754907000000000000,94244.4028689
1754907060000000000,94244.4028689
1754907120000000000,94244.4028689
1754907180000000000,94244.4028689
1754907240000000000,94244.4028689
1754907300000000000,94244.4028689
1754907360000000000,94244.4028689
1754907420000000000,94244.4028689
1754907480000000000,94244.4028689
1754907540000000000,94244.4028689
1754907600000000000,94244.4028689
1754907660000000000,94244.4028689
1754907720000000000,94244.4028689
1754907780000000000,94244.4028689
1754907840000000000,94244.4028689
1754907900000000000,94244.4028689
1754907960000000000,94244.4028689
1754908020000000000,94244.4028689
1754908080000000000,94244.4028689
1754908140000000000,94244.4028689
1754908200000000000,94244.4028689
1754908260000000000,94244.4028689
1754908320000000000,94244.4028689
1754908380000000000,94244.4028689
1754908440000000000,94244.4028689
1754908500000000000,94244.4028689
1754908560000000000,94244.4028689
1754908620000000000,94244.4028689
1754908680000000000,94244.4028689
1754908740000000000,94244.4028689
1754908800000000000,94244.4028689
1754908860000000000,94244.4028689
1754908920000000000,94244.4028689
1754908980000000000,94244.4028689
1754909040000000000,94244.4028689
1754909100000000000,94244.4028689
1754909160000000000,94244.4028689
1754909220000000000,94244.4028689
1754909280000000000,94244.4028689
1754909340000000000,94244.4028689
1754909400000000000,94244.4028689
1754909460000000000,94244.4028689
1754909520000000000,94244.4028689
1754909580000000000,94244.4028689
1754909640000000000,94244.4028689
1754909700000000000,94244.4028689
1754909760000000000,94244.4028689
1754909820000000000,94244.4028689
1754909880000000000,94244.4028689
1754909940000000000,94244.4028689
1754910000000000000,94244.4028689
1754910060000000000,94244.4028689
1754910120000000000,94244.4028689
1754910180000000000,94244.4028689
1754910240000000000,94244.4028689
1754910300000000000,94244.4028689
1754910360000000000,94244.4028689
1754910420000000000,94244.4028689
1754910480000000000,94244.4028689
1754910540000000000,94244.4028689
1754910600000000000,94244.4028689
1754910660000000000,94244.4028689
1754910720000000000,94244.4028689
1754910780000000000,94244.4028689
1754910840000000000,94244.4028689
1754910900000000000,94244.4028689
1754910960000000000,94244.4028689
1754911020000000000,94244.4028689
1754911080000000000,94244.4028689
1754911140000000000,94244.4028689
1754911200000000000,94244.4028689
1754911260000000000,94244.4028689
1754911320000000000,94244.4028689
1754911380000000000,94244.4028689
1754911440000000000,94244.4028689
1754911500000000000,94244.4028689
1754911560000000000,94244.4028689
1754911620000000000,94244.4028689
1754911680000000000,94244.4028689
1754911740000000000,94244.4028689
1754911800000000000,94244.4028689
1754911860000000000,94244.4028689
1754911920000000000,94244.4028689
1754911980000000000,94244.4028689
1754912040000000000,94244.4028689
1754912100000000000,94244.4028689
1754912160000000000,94244.4028689
1754912220000000000,94244.4028689
1754912280000000000,94244.4028689
1754912340000000000,94244.4028689
1754912400000000000,94244.4028689
1754912460000000000,94244.4028689
1754912520000000000,94244.4028689
1754912580000000000,94244.4028689
1754912640000000000,94244.4028689
1754912700000000000,94244.4028689
1754912760000000000,94244.4028689
1754912820000000000,94244.4028689
1754912880000000000,94244.4028689
1754912940000000000,94244.4028689
1754913000000000000,94244.4028689
1754913060000000000,94244.4028689
1754913120000000000,94244.4028689
1754913180000000000,94244.4028689
1754913240000000000,94244.4028689
1754913300000000000,94244.4028689
1754913360000000000,94244.4028689
1754913420000000000,94244.4028689
1754913480000000000,94244.4028689
1754913540000000000,94244.4028689
1754913600000000000,94244.4028689
1754913660000000000,94244.4028689
1754913720000000000,94244.4028689
1754913780000000000,94244.4028689
1754913840000000000,94244.4028689
1754913900000000000,94244.4028689
1754913960000000000,94244.4028689
1754914020000000000,94244.4028689
1754914080000000000,94244.4028689
1754914140000000000,94244.4028689
1754914200000000000,94244.4028689
1754914260000000000,94244.4028689
1754914320000000000,94244.4028689
1754914380000000000,94244.4028689
1754914440000000000,94244.4028689
1754914500000000000,94244.4028689
1754914560000000000,94244.4028689
1754914620000000000,94244.4028689
1754914680000000000,94244.4028689
1754914740000000000,94244.4028689
1754914800000000000,94244.4028689
1754914860000000000,94244.4028689
1754914920000000000,94244.4028689
1754914980000000000,94244.4028689
1754915040000000000,94244.4028689
1754915100000000000,94244.4028689
1754915160000000000,94244.4028689
1754915220000000000,94244.4028689
1754915280000000000,94244.4028689
1754915340000000000,94244.4028689
1754915400000000000,94244.4028689
1754915460000000000,94244.4028689
1754915520000000000,94244.4028689
1754915580000000000,94244.4028689
1754915640000000000,94244.4028689
1754915700000000000,94244.4028689
1754915760000000000,94244.4028689
1754915820000000000,94244.4028689
1754915880000000000,94244.4028689
1754915940000000000,94244.4028689
1754916000000000000,94244.4028689
1754916060000000000,94244.4028689
1754916120000000000,94244.4028689
1754916180000000000,94244.4028689
1754916240000000000,94244.4028689
1754916300000000000,94244.4028689
1754916360000000000,94244.4028689
1754916420000000000,94244.4028689
1754916480000000000,94244.4028689
1754916540000000000,94244.4028689
1754916600000000000,94244.4028689
1754916660000000000,94244.4028689
1754916720000000000,94244.4028689
1754916780000000000,94244.4028689
1754916840000000000,94244.4028689
1754916900000000000,94244.4028689
1754916960000000000,94244.4028689
1754917020000000000,94244.4028689
1754917080000000000,94244.4028689
1754917140000000000,94244.4028689
1754917200000000000,94244.4028689
1754917260000000000,94244.4028689
1754917320000000000,94244.4028689
1754917380000000000,94244.4028689
1754917440000000000,94244.4028689
1754917500000000000,94244.4028689
1754917560000000000,94244.4028689
1754917620000000000,94244.4028689
1754917680000000000,94244.4028689
1754917740000000000,94244.4028689
1754917800000000000,94244.4028689
1754917860000000000,94244.4028689
1754917920000000000,94244.4028689
1754917980000000000,94244.4028689
1754918040000000000,94244.4028689
1754918100000000000,94244.4028689
1754918160000000000,94244.4028689
1754918220000000000,94244.4028689
1754918280000000000,94244.4028689
1754918340000000000,94244.4028689
1754918400000000000,94244.4028689
1754918460000000000,94244.4028689
1754918520000000000,94244.4028689
1754918580000000000,94244.4028689
1754918640000000000,94244.4028689
1754918700000000000,94244.4028689
1754918760000000000,94244.4028689
1754918820000000000,94244.4028689
1754918880000000000,94244.4028689
1754918940000000000,94244.4028689
1754919000000000000,94244.4028689
1754919060000000000,94244.4028689
1754919120000000000,94244.4028689
1754919180000000000,94244.4028689
1754919240000000000,94244.4028689
1754919300000000000,94244.4028689
1754919360000000000,94244.4028689
1754919420000000000,94244.4028689
1754919480000000000,94244.4028689
1754919540000000000,94244.4028689
1754919600000000000,94244.4028689
1754919660000000000,94244.4028689
1754919720000000000,94244.4028689
1754919780000000000,94244.4028689
1754919840000000000,94244.4028689
1754919900000000000,94244.4028689
1754919960000000000,94244.4028689
1754920020000000000,94244.4028689
1754920080000000000,94244.4028689
1754920140000000000,94244.4028689
1754920200000000000,94244.4028689
1754920260000000000,94244.4028689
1754920320000000000,94244.4028689
1754920380000000000,94244.4028689
1754920440000000000,94244.4028689
1754920500000000000,94244.4028689
1754920560000000000,94244.4028689
1754920620000000000,94244.4028689
1754920680000000000,94244.4028689
1754920740000000000,94244.4028689
1754920800000000000,94244.4028689
1754920860000000000,94244.4028689
1754920920000000000,94244.4028689
1754920980000000000,94244.4028689
1754921040000000000,94244.4028689
1754921100000000000,94244.4028689
1754921160000000000,94244.4028689
1754921220000000000,94244.4028689
1754921280000000000,94244.4028689
1754921340000000000,94244.4028689
1754921400000000000,94244.4028689
1754921460000000000,94244.4028689
1754921520000000000,94244.4028689
1754921580000000000,94244.4028689
1754921640000000000,94244.4028689
1754921700000000000,94244.4028689
1754921760000000000,94244.4028689
1754921820000000000,94244.4028689
1754921880000000000,94244.4028689
1754921940000000000,94244.4028689
1754922000000000000,94244.4028689
1754922060000000000,94244.4028689
1754922120000000000,94244.4028689
1754922180000000000,94244.4028689
1754922240000000000,94244.4028689
1754922300000000000,94244.4028689
1754922360000000000,94244.4028689
1754922420000000000,94244.4028689
1754922480000000000,94244.4028689
1754922540000000000,94244.4028689
1754922600000000000,94244.4028689
1754922660000000000,94244.4028689
1754922720000000000,94244.4028689
1754922780000000000,94244.4028689
1754922840000000000,94244.4028689
1754922900000000000,94244.4028689
1754922960000000000,94244.4028689
1754923020000000000,94244.4028689
1754923080000000000,94244.4028689
1754923140000000000,94244.4028689
1754923200000000000,94244.4028689
1754923260000000000,94244.4028689
1754923320000000000,94244.4028689
1754923380000000000,94244.4028689
1754923440000000000,94244.4028689
1754923500000000000,94244.4028689
1754923560000000000,94244.4028689
1754923620000000000,94244.4028689
1754923680000000000,94244.4028689
1754923740000000000,94244.4028689
1754923800000000000,94244.4028689
1754923860000000000,94244.4028689
1754923920000000000,94244.4028689
1754923980000000000,94244.4028689
1754924040000000000,94244.4028689
1754924100000000000,94244.4028689
1754924160000000000,94244.4028689
1754924220000000000,94244.4028689
1754924280000000000,94244.4028689
1754924340000000000,94244.4028689
1754924400000000000,94244.4028689
1754924460000000000,94244.4028689
1754924520000000000,94244.4028689
1754924580000000000,94244.4028689
1754924640000000000,94244.4028689
1754924700000000000,94244.4028689
1754924760000000000,94244.4028689
1754924820000000000,94244.4028689
1754924880000000000,94244.4028689
1754924940000000000,94244.4028689
1754925000000000000,94244.4028689
1754925060000000000,94244.4028689
1754925120000000000,94244.4028689
1754925180000000000,94244.4028689
1754925240000000000,94244.4028689
1754925300000000000,94244.4028689
1754925360000000000,94244.4028689
1754925420000000000,94244.4028689
1754925480000000000,94244.4028689
1754925540000000000,94244.4028689
1754925600000000000,94244.4028689
1754925660000000000,94244.4028689
1754925720000000000,94244.4028689
1754925780000000000,94244.4028689
1754925840000000000,94244.4028689
1754925900000000000,94244.4028689
1754925960000000000,94244.4028689
1754926020000000000,94244.4028689
1754926080000000000,94244.4028689
1754926140000000000,94244.4028689
1754926200000000000,94244.4028689
1754926260000000000,94244.4028689
1754926320000000000,94244.4028689
1754926380000000000,94244.4028689
1754926440000000000,94244.4028689
1754926500000000000,94244.4028689
1754926560000000000,94244.4028689
1754926620000000000,94244.4028689
1754926680000000000,94244.4028689
1754926740000000000,94244.4028689
1754926800000000000,94244.4028689
1754926860000000000,94244.4028689
1754926920000000000,94244.4028689
1754926980000000000,94244.4028689
1754927040000000000,94244.4028689
1754927100000000000,94244.4028689
1754927160000000000,94244.4028689
1754927220000000000,94244.4028689
1754927280000000000,94244.4028689
1754927340000000000,94244.4028689
1754927400000000000,94244.4028689
1754927460000000000,94244.4028689
1754927520000000000,94244.4028689
1754927580000000000,94244.4028689
1754927640000000000,94244.4028689
1754927700000000000,94244.4028689
1754927760000000000,94244.4028689
1754927820000000000,94244.4028689
1754927880000000000,94244.4028689
1754927940000000000,94244.4028689
1754928000000000000,94244.4028689
1754928060000000000,94244.4028689
1754928120000000000,94244.4028689
1754928180000000000,94244.4028689
1754928240000000000,94244.4028689
1754928300000000000,94244.4028689
1754928360000000000,94244.4028689
1754928420000000000,94244.4028689
1754928480000000000,94244.4028689
1754928540000000000,94244.4028689
1754928600000000000,94244.4028689
1754928660000000000,94244.4028689
1754928720000000000,94244.4028689
1754928780000000000,94244.4028689
1754928840000000000,94244.4028689
1754928900000000000,94244.4028689
1754928960000000000,94244.4028689
1754929020000000000,94244.4028689
1754929080000000000,94244.4028689
1754929140000000000,94244.4028689
1754929200000000000,94244.4028689
1754929260000000000,94244.4028689
1754929320000000000,94244.4028689
1754929380000000000,94244.4028689
1754929440000000000,94244.4028689
1754929500000000000,94244.4028689
1754929560000000000,94244.4028689
1754929620000000000,94244.4028689
1754929680000000000,94244.4028689
1754929740000000000,94244.4028689
1754929800000000000,94244.4028689
1754929860000000000,94244.4028689
1754929920000000000,94244.4028689
1754929980000000000,94244.4028689
1754930040000000000,94244.4028689
1754930100000000000,94244.4028689
1754930160000000000,94244.4028689
1754930220000000000,94244.4028689
1754930280000000000,94244.4028689
1754930340000000000,94244.4028689
1754930400000000000,94244.4028689
1754930460000000000,94244.4028689
1754930520000000000,94244.4028689
1754930580000000000,94244.4028689
1754930640000000000,94244.4028689
1754930700000000000,94244.4028689
1754930760000000000,94244.4028689
1754930820000000000,94244.4028689
1754930880000000000,94244.4028689
1754930940000000000,94244.4028689
1754931000000000000,94244.4028689
1754931060000000000,94244.4028689
1754931120000000000,94244.4028689
1754931180000000000,94244.4028689
1754931240000000000,94244.4028689
1754931300000000000,94244.4028689
1754931360000000000,94244.4028689
1754931420000000000,94244.4028689
1754931480000000000,94244.4028689
1754931540000000000,94244.4028689
1754931600000000000,94244.4028689
1754931660000000000,94244.4028689
1754931720000000000,94244.4028689
1754931780000000000,94244.4028689
1754931840000000000,94244.4028689
1754931900000000000,94244.4028689
1754931960000000000,94244.4028689
1754932020000000000,94244.4028689
1754932080000000000,94244.4028689
1754932140000000000,94244.4028689
1754932200000000000,94244.4028689
1754932260000000000,94244.4028689
1754932320000000000,94244.4028689
1754932380000000000,94244.4028689
1754932440000000000,94244.4028689
1754932500000000000,94244.4028689
1754932560000000000,94244.4028689
1754932620000000000,94244.4028689
1754932680000000000,94244.4028689
1754932740000000000,94244.4028689
1754932800000000000,94244.4028689
1754932860000000000,94244.4028689
1754932920000000000,94244.4028689
1754932980000000000,94244.4028689
1754933040000000000,94244.4028689
1754933100000000000,94244.4028689
1754933160000000000,94244.4028689
1754933220000000000,94244.4028689
1754933280000000000,94244.4028689
1754933340000000000,94244.4028689
1754933400000000000,94244.4028689
1754933460000000000,94244.4028689
1754933520000000000,94244.4028689
1754933580000000000,94244.4028689
1754933640000000000,94244.4028689
1754933700000000000,94244.4028689
1754933760000000000,94244.4028689
1754933820000000000,94244.4028689
1754933880000000000,94244.4028689
1754933940000000000,94244.4028689
1754934000000000000,94244.4028689
1754934060000000000,94244.4028689
1754934120000000000,94244.4028689
1754934180000000000,94244.4028689
1754934240000000000,94244.4028689
1754934300000000000,94244.4028689
1754934360000000000,94244.4028689
1754934420000000000,94244.4028689
1754934480000000000,94244.4028689
1754934540000000000,94244.4028689
1754934600000000000,94244.4028689
1754934660000000000,94244.4028689
1754934720000000000,94244.4028689
1754934780000000000,94244.4028689
1754934840000000000,94244.4028689
1754934900000000000,94244.4028689
1754934960000000000,94244.4028689
1754935020000000000,94244.4028689
1754935080000000000,94244.4028689
1754935140000000000,94244.4028689
1754935200000000000,94244.4028689
1754935260000000000,94244.4028689
1754935320000000000,94244.4028689
1754935380000000000,94244.4028689
1754935440000000000,94244.4028689
1754935500000000000,94244.4028689
1754935560000000000,94244.4028689
1754935620000000000,94244.4028689
1754935680000000000,94244.4028689
1754935740000000000,94244.4028689
1754935800000000000,94244.4028689
1754935860000000000,94244.4028689
1754935920000000000,94314.0737169
1754935980000000000,94604.3689169
1754936040000000000,94023.7785169
1754936100000000000,94202.4217169
1754936160000000000,94269.41291690001
1754936220000000000,94135.4305169
1754936280000000000,93420.8577169
1754936340000000000,94113.10011690001
1754936400000000000,94023.7785169
1754936460000000000,93867.4657169
1754936520000000000,94202.4217169
1754936580000000000,93376.19691690001
1754936640000000000,93644.16171690001
1754936700000000000,93800.47451690001
1754936760000000000,94381.06491690001
1754936820000000000,94180.0913169
1754936880000000000,94202.4217169
1754936940000000000,94068.43931690001
1754937000000000000,94180.0913169
1754937060000000000,94872.3337169
1754937120000000000,95274.28091690001
1754937180000000000,95385.9329169
1754937240000000000,94827.6729169
1754937300000000000,94827.6729169
1754937360000000000,95028.6465169
1754937420000000000,94872.3337169
1754937480000000000,94805.34251690001
1754937540000000000,94850.00331690001
1754937600000000000,95341.2721169
1754937660000000000,95006.31611690001
1754937720000000000,94894.6641169
1754937780000000000,94448.0561169
1754937840000000000,94314.0737169
1754937900000000000,94113.10011690001
1754937960000000000,94046.1089169
1754938020000000000,94515.0473169
1754938080000000000,94626.6993169
1754938140000000000,94492.7169169
1754938200000000000,94916.9945169
1754938260000000000,95497.5849169
1754938320000000000,95073.3073169
1754938380000000000,95162.62891690001
1754938440000000000,94894.6641169
1754938500000000000,94850.00331690001
1754938560000000000,95073.3073169
1754938620000000000,95296.6113169
1754938680000000000,95274.28091690001
1754938740000000000,95385.9329169
1754938800000000000,95274.28091690001
1754938860000000000,95296.6113169
1754938920000000000,95073.3073169
1754938980000000000,95229.6201169
1754939040000000000,94582.03851690001
1754939100000000000,94872.3337169
1754939160000000000,94783.0121169
1754939220000000000,94983.9857169
1754939280000000000,94894.6641169
1754939340000000000,94850.00331690001
1754939400000000000,94626.6993169
1754939460000000000,94827.6729169
1754939520000000000,94537.37771690001
1754939580000000000,94224.75211690001
1754939640000000000,93867.4657169
1754939700000000000,94001.4481169
1754939760000000000,93599.50091690001
1754939820000000000,93755.81371690001
1754939880000000000,93822.8049169
1754939940000000000,93711.1529169
1754940000000000000,93644.16171690001
1754940060000000000,94269.41291690001
1754940120000000000,94269.41291690001
1754940180000000000,94336.4041169
1754940240000000000,94492.7169169
1754940300000000000,94470.3865169
1754940360000000000,94358.7345169
1754940420000000000,94291.7433169
1754940480000000000,94425.72571690001
1754940540000000000,94671.3601169
1754940600000000000,94693.69051690001
1754940660000000000,94671.3601169
1754940720000000000,94358.7345169
1754940780000000000,94358.7345169
1754940840000000000,94716.0209169
1754940900000000000,94961.65531690001
1754940960000000000,95140.2985169
1754941020000000000,94872.3337169
1754941080000000000,94850.00331690001
1754941140000000000,94738.3513169
1754941200000000000,94381.06491690001
1754941260000000000,94358.7345169
1754941320000000000,93867.4657169
1754941380000000000,93197.5537169
1754941440000000000,92907.25851690001
1754941500000000000,93353.8665169
1754941560000000000,93219.88411690001
1754941620000000000,92929.5889169
1754941680000000000,92951.9193169
1754941740000000000,92907.25851690001
1754941800000000000,93108.2321169
1754941860000000000,92773.2761169
1754941920000000000,91437.3376065
1754941980000000000,91437.3376065
1754942040000000000,91437.3376065
1754942100000000000,91437.3376065
1754942160000000000,91437.3376065
1754942220000000000,91437.3376065
1754942280000000000,91437.3376065
1754942340000000000,91437.3376065
1754942400000000000,91437.3376065
1754942460000000000,91437.3376065
1754942520000000000,91437.3376065
1754942580000000000,91437.3376065
1754942640000000000,91437.3376065
1754942700000000000,91437.3376065
1754942760000000000,91437.3376065
1754942820000000000,91437.3376065
1754942880000000000,91437.3376065
1754942940000000000,91437.3376065
1754943000000000000,91437.3376065
1754943060000000000,91437.3376065
1754943120000000000,91437.3376065
1754943180000000000,91437.3376065
1754943240000000000,91437.3376065
1754943300000000000,91437.3376065
1754943360000000000,91437.3376065
1754943420000000000,91437.3376065
1754943480000000000,91437.3376065
1754943540000000000,91437.3376065
1754943600000000000,91437.3376065
1754943660000000000,91437.3376065
1754943720000000000,91437.3376065
1754943780000000000,91437.3376065
1754943840000000000,91437.3376065
1754943900000000000,91437.3376065
1754943960000000000,91437.3376065
1754944020000000000,91437.3376065
1754944080000000000,91437.3376065
1754944140000000000,91437.3376065
1754944200000000000,91437.3376065
1754944260000000000,91437.3376065
1754944320000000000,91437.3376065
1754944380000000000,91437.3376065
1754944440000000000,91437.3376065
1754944500000000000,91437.3376065
1754944560000000000,91437.3376065
1754944620000000000,91437.3376065
1754944680000000000,91437.3376065
1754944740000000000,91437.3376065
1754944800000000000,91437.3376065
1754944860000000000,91437.3376065
1754944920000000000,91437.3376065
1754944980000000000,91437.3376065
1754945040000000000,91437.3376065
1754945100000000000,91437.3376065
1754945160000000000,91437.3376065
1754945220000000000,91437.3376065
1754945280000000000,91437.3376065
1754945340000000000,91437.3376065
1754945400000000000,91437.3376065
1754945460000000000,91437.3376065
1754945520000000000,91437.3376065
1754945580000000000,91437.3376065
1754945640000000000,91437.3376065
1754945700000000000,91437.3376065
1754945760000000000,91437.3376065
1754945820000000000,91437.3376065
1754945880000000000,91437.3376065
1754945940000000000,91437.3376065
1754946000000000000,91437.3376065
1754946060000000000,91437.3376065
1754946120000000000,91437.3376065
1754946180000000000,91437.3376065
1754946240000000000,91437.3376065
1754946300000000000,91437.3376065
1754946360000000000,91437.3376065
1754946420000000000,91437.3376065
1754946480000000000,91437.3376065
1754946540000000000,91437.3376065
1754946600000000000,91437.3376065
1754946660000000000,91437.3376065
1754946720000000000,91437.3376065
1754946780000000000,91437.3376065
1754946840000000000,91437.3376065
1754946900000000000,91437.3376065
1754946960000000000,91437.3376065
1754947020000000000,91437.3376065
1754947080000000000,91437.3376065
1754947140000000000,91437.3376065
1754947200000000000,91437.3376065
1754947260000000000,91437.3376065
1754947320000000000,91437.3376065
1754947380000000000,91437.3376065
1754947440000000000,91437.3376065
1754947500000000000,91437.3376065
1754947560000000000,91437.3376065
1754947620000000000,91437.3376065
1754947680000000000,91437.3376065
1754947740000000000,91437.3376065
1754947800000000000,91437.3376065
1754947860000000000,91437.3376065
1754947920000000000,91437.3376065
1754947980000000000,91437.3376065
1754948040000000000,91437.3376065
1754948100000000000,91437.3376065
1754948160000000000,91437.3376065
1754948220000000000,91437.3376065
1754948280000000000,91437.3376065
1754948340000000000,91437.3376065
1754948400000000000,91437.3376065
1754948460000000000,91437.3376065
1754948520000000000,91437.3376065
1754948580000000000,91437.3376065
1754948640000000000,91437.3376065
1754948700000000000,91437.3376065
1754948760000000000,91437.3376065
1754948820000000000,91437.3376065
1754948880000000000,91437.3376065
1754948940000000000,91437.3376065
1754949000000000000,91437.3376065
1754949060000000000,91437.3376065
1754949120000000000,91437.3376065
1754949180000000000,91437.3376065
1754949240000000000,91437.3376065
1754949300000000000,91437.3376065
1754949360000000000,91437.3376065
1754949420000000000,91437.3376065
1754949480000000000,91437.3376065
1754949540000000000,91437.3376065
1754949600000000000,91437.3376065
1754949660000000000,91437.3376065
1754949720000000000,91437.3376065
1754949780000000000,91437.3376065
1754949840000000000,91437.3376065
1754949900000000000,91437.3376065
1754949960000000000,91437.3376065
1754950020000000000,91437.3376065
1754950080000000000,91437.3376065
1754950140000000000,91437.3376065
1754950200000000000,91437.3376065
1754950260000000000,91437.3376065
1754950320000000000,91437.3376065
1754950380000000000,91437.3376065
1754950440000000000,91437.3376065
1754950500000000000,91437.3376065
1754950560000000000,91437.3376065
1754950620000000000,91437.3376065
1754950680000000000,91437.3376065
1754950740000000000,91437.3376065
1754950800000000000,91437.3376065
1754950860000000000,91437.3376065
1754950920000000000,91437.3376065
1754950980000000000,91437.3376065
1754951040000000000,91437.3376065
1754951100000000000,91437.3376065
1754951160000000000,91437.3376065
1754951220000000000,91437.3376065
1754951280000000000,91437.3376065
1754951340000000000,91437.3376065
1754951400000000000,91437.3376065
1754951460000000000,91437.3376065
1754951520000000000,91437.3376065
1754951580000000000,91437.3376065
1754951640000000000,91437.3376065
1754951700000000000,91437.3376065
1754951760000000000,91437.3376065
1754951820000000000,91437.3376065
1754951880000000000,91437.3376065
1754951940000000000,91437.3376065
1754952000000000000,91437.3376065
1754952060000000000,91437.3376065
1754952120000000000,91437.3376065
1754952180000000000,91437.3376065
1754952240000000000,91437.3376065
1754952300000000000,91437.3376065
1754952360000000000,91437.3376065
1754952420000000000,91437.3376065
1754952480000000000,91437.3376065
1754952540000000000,91437.3376065
1754952600000000000,91437.3376065
1754952660000000000,91437.3376065
1754952720000000000,91437.3376065
1754952780000000000,91437.3376065
1754952840000000000,91437.3376065
1754952900000000000,91437.3376065
1754952960000000000,91437.3376065
1754953020000000000,91437.3376065
1754953080000000000,91437.3376065
1754953140000000000,91437.3376065
1754953200000000000,91437.3376065
1754953260000000000,91437.3376065
1754953320000000000,91437.3376065
1754953380000000000,91437.3376065
1754953440000000000,91437.3376065
1754953500000000000,91437.3376065
1754953560000000000,91437.3376065
1754953620000000000,91437.3376065
1754953680000000000,91437.3376065
1754953740000000000,91437.3376065
1754953800000000000,91437.3376065
1754953860000000000,91437.3376065
1754953920000000000,91437.3376065
1754953980000000000,91437.3376065
1754954040000000000,91437.3376065
1754954100000000000,91437.3376065
1754954160000000000,91437.3376065
1754954220000000000,91437.3376065
1754954280000000000,91437.3376065
1754954340000000000,91437.3376065
1754954400000000000,91437.3376065
1754954460000000000,91437.3376065
1754954520000000000,91437.3376065
1754954580000000000,91437.3376065
1754954640000000000,91437.3376065
1754954700000000000,91437.3376065
1754954760000000000,91437.3376065
1754954820000000000,91437.3376065
1754954880000000000,91437.3376065
1754954940000000000,91437.3376065
1754955000000000000,91437.3376065
1754955060000000000,91437.3376065
1754955120000000000,91437.3376065
1754955180000000000,91437.3376065
1754955240000000000,91437.3376065
1754955300000000000,91437.3376065
1754955360000000000,91437.3376065
1754955420000000000,91437.3376065
1754955480000000000,91437.3376065
1754955540000000000,91437.3376065
1754955600000000000,91437.3376065
1754955660000000000,91437.3376065
1754955720000000000,91437.3376065
1754955780000000000,91437.3376065
1754955840000000000,91437.3376065
1754955900000000000,91437.3376065
1754955960000000000,91437.3376065
1754956020000000000,91437.3376065
1754956080000000000,91437.3376065
1754956140000000000,91437.3376065
1754956200000000000,91437.3376065
1754956260000000000,91437.3376065
1754956320000000000,91437.3376065
1754956380000000000,91437.3376065
1754956440000000000,91437.3376065
1754956500000000000,91437.3376065
1754956560000000000,91437.3376065
1754956620000000000,91437.3376065
1754956680000000000,91437.3376065
1754956740000000000,91437.3376065
1754956800000000000,91437.3376065
1754956860000000000,91437.3376065
1754956920000000000,91437.3376065
1754956980000000000,91437.3376065
1754957040000000000,91437.3376065
1754957100000000000,91437.3376065
1754957160000000000,91437.3376065
1754957220000000000,91437.3376065
1754957280000000000,91437.3376065
1754957340000000000,91437.3376065
1754957400000000000,91437.3376065
1754957460000000000,91437.3376065
1754957520000000000,91437.3376065
1754957580000000000,91437.3376065
1754957640000000000,91437.3376065
1754957700000000000,91437.3376065
1754957760000000000,91437.3376065
1754957820000000000,91437.3376065
1754957880000000000,91437.3376065
1754957940000000000,91437.3376065
1754958000000000000,91437.3376065
1754958060000000000,91437.3376065
1754958120000000000,91437.3376065
1754958180000000000,91437.3376065
1754958240000000000,91437.3376065
1754958300000000000,91437.3376065
1754958360000000000,91437.3376065
1754958420000000000,91437.3376065
1754958480000000000,91437.3376065
1754958540000000000,91437.3376065
1754958600000000000,91437.3376065
1754958660000000000,91437.3376065
1754958720000000000,91437.3376065
1754958780000000000,91437.3376065
1754958840000000000,91437.3376065
1754958900000000000,91437.3376065
1754958960000000000,91437.3376065
1754959020000000000,91437.3376065
1754959080000000000,91437.3376065
1754959140000000000,91437.3376065
1754959200000000000,91437.3376065
1754959260000000000,91437.3376065
1754959320000000000,91437.3376065
1754959380000000000,91437.3376065
1754959440000000000,91437.3376065
1754959500000000000,91437.3376065
1754959560000000000,91437.3376065
1754959620000000000,91437.3376065
1754959680000000000,91437.3376065
1754959740000000000,91437.3376065
1754959800000000000,91437.3376065
1754959860000000000,91437.3376065
1754959920000000000,91437.3376065
1754959980000000000,91437.3376065
1754960040000000000,91437.3376065
1754960100000000000,91437.3376065
1754960160000000000,91437.3376065
1754960220000000000,91437.3376065
1754960280000000000,91437.3376065
1754960340000000000,91437.3376065
1754960400000000000,91437.3376065
1754960460000000000,91437.3376065
1754960520000000000,91437.3376065
1754960580000000000,91437.3376065
1754960640000000000,91437.3376065
1754960700000000000,91437.3376065
1754960760000000000,91437.3376065
1754960820000000000,91437.3376065
1754960880000000000,91437.3376065
1754960940000000000,91437.3376065
1754961000000000000,91437.3376065
1754961060000000000,91437.3376065
1754961120000000000,91437.3376065
1754961180000000000,91437.3376065
1754961240000000000,91437.3376065
1754961300000000000,91437.3376065
1754961360000000000,91437.3376065
1754961420000000000,91437.3376065
1754961480000000000,91437.3376065
1754961540000000000,91437.3376065
1754961600000000000,91437.3376065
1754961660000000000,91437.3376065
1754961720000000000,91437.3376065
1754961780000000000,91437.3376065
1754961840000000000,91437.3376065
1754961900000000000,91437.3376065
1754961960000000000,91437.3376065
1754962020000000000,91437.3376065
1754962080000000000,91437.3376065
1754962140000000000,91437.3376065
1754962200000000000,91437.3376065
1754962260000000000,91437.3376065
1754962320000000000,91437.3376065
1754962380000000000,91437.3376065
1754962440000000000,91437.3376065
1754962500000000000,91437.3376065
1754962560000000000,91437.3376065
1754962620000000000,91437.3376065
1754962680000000000,91437.3376065
1754962740000000000,91437.3376065
1754962800000000000,91437.3376065
1754962860000000000,91437.3376065
1754962920000000000,91437.3376065
1754962980000000000,91437.3376065
1754963040000000000,91437.3376065
1754963100000000000,91437.3376065
1754963160000000000,91437.3376065
1754963220000000000,91437.3376065
1754963280000000000,91437.3376065
1754963340000000000,91437.3376065
1754963400000000000,91437.3376065
1754963460000000000,91437.3376065
1754963520000000000,91437.3376065
1754963580000000000,91437.3376065
1754963640000000000,91437.3376065
1754963700000000000,91437.3376065
1754963760000000000,91437.3376065
1754963820000000000,91437.3376065
1754963880000000000,91437.3376065
1754963940000000000,91437.3376065
1754964000000000000,91437.3376065
1754964060000000000,91437.3376065
1754964120000000000,91437.3376065
1754964180000000000,91437.3376065
1754964240000000000,91437.3376065
1754964300000000000,91437.3376065
1754964360000000000,91437.3376065
1754964420000000000,91437.3376065
1754964480000000000,91437.3376065
1754964540000000000,91437.3376065
1754964600000000000,91437.3376065
1754964660000000000,91437.3376065
1754964720000000000,91437.3376065
1754964780000000000,91437.3376065
1754964840000000000,91437.3376065
1754964900000000000,91437.3376065
1754964960000000000,91437.3376065
1754965020000000000,91437.3376065
1754965080000000000,91437.3376065
1754965140000000000,91437.3376065
1754965200000000000,91437.3376065
1754965260000000000,91437.3376065
1754965320000000000,91437.3376065
1754965380000000000,91437.3376065
1754965440000000000,91437.3376065
1754965500000000000,91437.3376065
1754965560000000000,91437.3376065
1754965620000000000,91437.3376065
1754965680000000000,91437.3376065
1754965740000000000,91437.3376065
1754965800000000000,91437.3376065
1754965860000000000,91437.3376065
1754965920000000000,91437.3376065
1754965980000000000,91437.3376065
1754966040000000000,91437.3376065
1754966100000000000,91437.3376065
1754966160000000000,91437.3376065
1754966220000000000,91437.3376065
1754966280000000000,91437.3376065
1754966340000000000,91437.3376065
1754966400000000000,91437.3376065
1754966460000000000,91437.3376065
1754966520000000000,91437.3376065
1754966580000000000,91437.3376065
1754966640000000000,91437.3376065
1754966700000000000,91437.3376065
1754966760000000000,91437.3376065
1754966820000000000,91437.3376065
1754966880000000000,91437.3376065
1754966940000000000,91437.3376065
1754967000000000000,91437.3376065
1754967060000000000,91437.3376065
1754967120000000000,91437.3376065
1754967180000000000,91437.3376065
1754967240000000000,91437.3376065
1754967300000000000,91437.3376065
1754967360000000000,91437.3376065
1754967420000000000,91437.3376065
1754967480000000000,91437.3376065
1754967540000000000,91437.3376065
1754967600000000000,91437.3376065
1754967660000000000,91437.3376065
1754967720000000000,91437.3376065
1754967780000000000,91437.3376065
1754967840000000000,91437.3376065
1754967900000000000,91437.3376065
1754967960000000000,91437.3376065
1754968020000000000,91437.3376065
1754968080000000000,91437.3376065
1754968140000000000,91437.3376065
1754968200000000000,91437.3376065
1754968260000000000,91437.3376065
1754968320000000000,91437.3376065
1754968380000000000,91437.3376065
1754968440000000000,91437.3376065
1754968500000000000,91437.3376065
1754968560000000000,91437.3376065
1754968620000000000,91437.3376065
1754968680000000000,91437.3376065
1754968740000000000,91437.3376065
1754968800000000000,91437.3376065
1754968860000000000,91437.3376065
1754968920000000000,91437.3376065
1754968980000000000,91437.3376065
1754969040000000000,91437.3376065
1754969100000000000,91437.3376065
1754969160000000000,91437.3376065
1754969220000000000,91437.3376065
1754969280000000000,91437.3376065
1754969340000000000,91437.3376065
1754969400000000000,91437.3376065
1754969460000000000,91437.3376065
1754969520000000000,91437.3376065
1754969580000000000,91437.3376065
1754969640000000000,91437.3376065
1754969700000000000,91437.3376065
1754969760000000000,91437.3376065
1754969820000000000,91437.3376065
1754969880000000000,91437.3376065
1754969940000000000,91437.3376065
1754970000000000000,91437.3376065
1754970060000000000,91437.3376065
1754970120000000000,91437.3376065
1754970180000000000,91437.3376065
1754970240000000000,91437.3376065
1754970300000000000,91437.3376065
1754970360000000000,91437.3376065
1754970420000000000,91437.3376065
1754970480000000000,91437.3376065
1754970540000000000,91437.3376065
1754970600000000000,91437.3376065
1754970660000000000,91437.3376065
1754970720000000000,91437.3376065
1754970780000000000,91437.3376065
1754970840000000000,91437.3376065
1754970900000000000,91437.3376065
1754970960000000000,91437.3376065
1754971020000000000,91437.3376065
1754971080000000000,91437.3376065
1754971140000000000,91437.3376065
1754971200000000000,91437.3376065
1754971260000000000,91437.3376065
1754971320000000000,91437.3376065
1754971380000000000,91437.3376065
1754971440000000000,91437.3376065
1754971500000000000,91437.3376065
1754971560000000000,91437.3376065
1754971620000000000,91437.3376065
1754971680000000000,91437.3376065
1754971740000000000,91437.3376065
1754971800000000000,91437.3376065
1754971860000000000,91437.3376065
1754971920000000000,91437.3376065
1754971980000000000,91437.3376065
1754972040000000000,91437.3376065
1754972100000000000,91437.3376065
1754972160000000000,91437.3376065
1754972220000000000,91437.3376065
1754972280000000000,91437.3376065
1754972340000000000,91437.3376065
1754972400000000000,91437.3376065
1754972460000000000,91437.3376065
1754972520000000000,91437.3376065
1754972580000000000,91437.3376065
1754972640000000000,91437.3376065
1754972700000000000,91437.3376065
1754972760000000000,91437.3376065
1754972820000000000,91437.3376065
1754972880000000000,91437.3376065
1754972940000000000,91437.3376065
1754973000000000000,91437.3376065
1754973060000000000,91437.3376065
1754973120000000000,91437.3376065
1754973180000000000,91437.3376065
1754973240000000000,91437.3376065
1754973300000000000,91437.3376065
1754973360000000000,91437.3376065
1754973420000000000,91437.3376065
1754973480000000000,91437.3376065
1754973540000000000,91437.3376065
1754973600000000000,91437.3376065
1754973660000000000,91437.3376065
1754973720000000000,91437.3376065
1754973780000000000,91437.3376065
1754973840000000000,91437.3376065
1754973900000000000,91437.3376065
1754973960000000000,91437.3376065
1754974020000000000,91437.3376065
1754974080000000000,91437.3376065
1754974140000000000,91437.3376065
1754974200000000000,91437.3376065
1754974260000000000,91437.3376065
1754974320000000000,91437.3376065
1754974380000000000,91437.3376065
1754974440000000000,91437.3376065
1754974500000000000,91437.3376065
1754974560000000000,91437.3376065
1754974620000000000,91437.3376065
1754974680000000000,91437.3376065
1754974740000000000,91437.3376065
1754974800000000000,91437.3376065
1754974860000000000,91437.3376065
1754974920000000000,91437.3376065
1754974980000000000,91437.3376065
1754975040000000000,91437.3376065
1754975100000000000,91437.3376065
1754975160000000000,91437.3376065
1754975220000000000,91437.3376065
1754975280000000000,91437.3376065
1754975340000000000,91437.3376065
1754975400000000000,91437.3376065
1754975460000000000,91437.3376065
1754975520000000000,91437.3376065
1754975580000000000,91437.3376065
1754975640000000000,91437.3376065
1754975700000000000,91437.3376065
1754975760000000000,91437.3376065
1754975820000000000,91437.3376065
1754975880000000000,91437.3376065
1754975940000000000,91437.3376065
1754976000000000000,91437.3376065
1754976060000000000,91437.3376065
1754976120000000000,91437.3376065
1754976180000000000,91437.3376065
1754976240000000000,91437.3376065
1754976300000000000,91437.3376065
1754976360000000000,91437.3376065
1754976420000000000,91437.3376065
1754976480000000000,91437.3376065
1754976540000000000,91437.3376065
1754976600000000000,91437.3376065
1754976660000000000,91437.3376065
1754976720000000000,91437.3376065
1754976780000000000,91437.3376065
1754976840000000000,91437.3376065
1754976900000000000,91437.3376065
1754976960000000000,91437.3376065
1754977020000000000,91437.3376065
1754977080000000000,91437.3376065
1754977140000000000,91437.3376065
1754977200000000000,91437.3376065
1754977260000000000,91437.3376065
1754977320000000000,91437.3376065
1754977380000000000,91437.3376065
1754977440000000000,91437.3376065
1754977500000000000,91437.3376065
1754977560000000000,91437.3376065
1754977620000000000,91437.3376065
1754977680000000000,91437.3376065
1754977740000000000,91437.3376065
1754977800000000000,91437.3376065
1754977860000000000,91437.3376065
1754977920000000000,91437.3376065
1754977980000000000,91437.3376065
1754978040000000000,91437.3376065
1754978100000000000,91437.3376065
1754978160000000000,91437.3376065
1754978220000000000,91437.3376065
1754978280000000000,91437.3376065
1754978340000000000,91437.3376065
1754978400000000000,91437.3376065
1754978460000000000,91437.3376065
1754978520000000000,91437.3376065
1754978580000000000,91437.3376065
1754978640000000000,91437.3376065
1754978700000000000,91437.3376065
1754978760000000000,91437.3376065
1754978820000000000,91437.3376065
1754978880000000000,91437.3376065
1754978940000000000,91437.3376065
1754979000000000000,91437.3376065
1754979060000000000,91437.3376065
1754979120000000000,91437.3376065
1754979180000000000,91437.3376065
1754979240000000000,91437.3376065
1754979300000000000,91437.3376065
1754979360000000000,91437.3376065
1754979420000000000,91437.3376065
1754979480000000000,91437.3376065
1754979540000000000,91437.3376065
1754979600000000000,91437.3376065
1754979660000000000,91437.3376065
1754979720000000000,91437.3376065
1754979780000000000,91437.3376065
1754979840000000000,91437.3376065
1754979900000000000,91437.3376065
1754979960000000000,91437.3376065
1754980020000000000,91437.3376065
1754980080000000000,91437.3376065
1754980140000000000,91437.3376065
1754980200000000000,91437.3376065
1754980260000000000,91437.3376065
1754980320000000000,91437.3376065
1754980380000000000,91437.3376065
1754980440000000000,91437.3376065
1754980500000000000,91437.3376065
1754980560000000000,91437.3376065
1754980620000000000,91437.3376065
1754980680000000000,91437.3376065
1754980740000000000,91437.3376065
1754980800000000000,91437.3376065
1754980860000000000,91437.3376065
1754980920000000000,91437.3376065
1754980980000000000,91437.3376065
1754981040000000000,91437.3376065
1754981100000000000,91437.3376065
1754981160000000000,91437.3376065
1754981220000000000,91437.3376065
1754981280000000000,91437.3376065
1754981340000000000,91437.3376065
1754981400000000000,91437.3376065
1754981460000000000,91437.3376065
1754981520000000000,91437.3376065
1754981580000000000,91437.3376065
1754981640000000000,91437.3376065
1754981700000000000,91437.3376065
1754981760000000000,91437.3376065
1754981820000000000,91437.3376065
1754981880000000000,91437.3376065
1754981940000000000,91437.3376065
1754982000000000000,91437.3376065
1754982060000000000,91437.3376065
1754982120000000000,91437.3376065
1754982180000000000,91437.3376065
1754982240000000000,91437.3376065
1754982300000000000,91437.3376065
1754982360000000000,91437.3376065
1754982420000000000,91437.3376065
1754982480000000000,91437.3376065
1754982540000000000,91437.3376065
1754982600000000000,91437.3376065
1754982660000000000,91437.3376065
1754982720000000000,91437.3376065
1754982780000000000,91437.3376065
1754982840000000000,91437.3376065
1754982900000000000,91437.3376065
1754982960000000000,91437.3376065
1754983020000000000,91437.3376065
1754983080000000000,91437.3376065
1754983140000000000,91437.3376065
1754983200000000000,91437.3376065
1754983260000000000,91437.3376065
1754983320000000000,91437.3376065
1754983380000000000,91437.3376065
1754983440000000000,91437.3376065
1754983500000000000,91437.3376065
1754983560000000000,91437.3376065
1754983620000000000,91437.3376065
1754983680000000000,91437.3376065
1754983740000000000,91437.3376065
1754983800000000000,91437.3376065
1754983860000000000,91437.3376065
1754983920000000000,91437.3376065
1754983980000000000,91437.3376065
1754984040000000000,91437.3376065
1754984100000000000,91437.3376065
1754984160000000000,91437.3376065
1754984220000000000,91437.3376065
1754984280000000000,91437.3376065
1754984340000000000,91437.3376065
1754984400000000000,91437.3376065
1754984460000000000,91437.3376065
1754984520000000000,91437.3376065
1754984580000000000,91437.3376065
1754984640000000000,91437.3376065
1754984700000000000,91437.3376065
1754984760000000000,91437.3376065
1754984820000000000,91437.3376065
1754984880000000000,91437.3376065
1754984940000000000,91437.3376065
1754985000000000000,91437.3376065
1754985060000000000,91437.3376065
1754985120000000000,91437.3376065
1754985180000000000,91437.3376065
1754985240000000000,91437.3376065
1754985300000000000,91437.3376065
1754985360000000000,91437.3376065
1754985420000000000,91437.3376065
1754985480000000000,91437.3376065
1754985540000000000,91437.3376065
1754985600000000000,91437.3376065
1754985660000000000,91437.3376065
1754985720000000000,91437.3376065
1754985780000000000,91437.3376065
1754985840000000000,91437.3376065
1754985900000000000,91437.3376065
1754985960000000000,91437.3376065
1754986020000000000,91437.3376065
1754986080000000000,91437.3376065
1754986140000000000,91437.3376065
1754986200000000000,91437.3376065
1754986260000000000,91437.3376065
1754986320000000000,91437.3376065
1754986380000000000,91437.3376065
1754986440000000000,91437.3376065
1754986500000000000,91437.3376065
1754986560000000000,91437.3376065
1754986620000000000,91437.3376065
1754986680000000000,91437.3376065
1754986740000000000,91437.3376065
1754986800000000000,91437.3376065
1754986860000000000,91437.3376065
1754986920000000000,91437.3376065
1754986980000000000,91437.3376065
1754987040000000000,91437.3376065
1754987100000000000,91437.3376065
1754987160000000000,91437.3376065
1754987220000000000,91437.3376065
1754987280000000000,91437.3376065
1754987340000000000,91437.3376065
1754987400000000000,91437.3376065
1754987460000000000,91437.3376065
1754987520000000000,91437.3376065
1754987580000000000,91437.3376065
1754987640000000000,91437.3376065
1754987700000000000,91437.3376065
1754987760000000000,91437.3376065
1754987820000000000,91437.3376065
1754987880000000000,91437.3376065
1754987940000000000,91437.3376065
1754988000000000000,91437.3376065
1754988060000000000,91437.3376065
1754988120000000000,91437.3376065
1754988180000000000,91437.3376065
1754988240000000000,91437.3376065
1754988300000000000,91437.3376065
1754988360000000000,91437.3376065
1754988420000000000,91437.3376065
1754988480000000000,91437.3376065
1754988540000000000,91437.3376065
1754988600000000000,91437.3376065
1754988660000000000,91437.3376065
1754988720000000000,91437.3376065
1754988780000000000,91437.3376065
1754988840000000000,91437.3376065
1754988900000000000,91437.3376065
1754988960000000000,91437.3376065
1754989020000000000,91437.3376065
1754989080000000000,91437.3376065
1754989140000000000,91437.3376065
1754989200000000000,91437.3376065
1754989260000000000,91437.3376065
1754989320000000000,91437.3376065
1754989380000000000,91437.3376065
1754989440000000000,91437.3376065
1754989500000000000,91437.3376065
1754989560000000000,91437.3376065
1754989620000000000,91437.3376065
1754989680000000000,91437.3376065
1754989740000000000,91437.3376065
1754989800000000000,91437.3376065
1754989860000000000,91437.3376065
1754989920000000000,91437.3376065
1754989980000000000,91437.3376065
1754990040000000000,91437.3376065
1754990100000000000,91437.3376065
1754990160000000000,91437.3376065
1754990220000000000,91437.3376065
1754990280000000000,91437.3376065
1754990340000000000,91437.3376065
1754990400000000000,91437.3376065
1754990460000000000,91437.3376065
1754990520000000000,91437.3376065
1754990580000000000,91437.3376065
1754990640000000000,91437.3376065
1754990700000000000,91437.3376065
1754990760000000000,91437.3376065
1754990820000000000,91437.3376065
1754990880000000000,91437.3376065
1754990940000000000,91437.3376065
1754991000000000000,91437.3376065
1754991060000000000,91437.3376065
1754991120000000000,91437.3376065
1754991180000000000,91437.3376065
1754991240000000000,91437.3376065
1754991300000000000,91437.3376065
1754991360000000000,91437.3376065
1754991420000000000,91437.3376065
1754991480000000000,91437.3376065
1754991540000000000,91437.3376065
1754991600000000000,91437.3376065
1754991660000000000,91437.3376065
1754991720000000000,91437.3376065
1754991780000000000,91437.3376065
1754991840000000000,91437.3376065
1754991900000000000,91437.3376065
1754991960000000000,91437.3376065
1754992020000000000,91437.3376065
1754992080000000000,91437.3376065
1754992140000000000,91437.3376065
1754992200000000000,91437.3376065
1754992260000000000,91437.3376065
1754992320000000000,91437.3376065
1754992380000000000,91437.3376065
1754992440000000000,91437.3376065
1754992500000000000,91437.3376065
1754992560000000000,91437.3376065
1754992620000000000,91437.3376065
1754992680000000000,91437.3376065
1754992740000000000,91437.3376065
1754992800000000000,91437.3376065
1754992860000000000,91437.3376065
1754992920000000000,91437.3376065
1754992980000000000,91437.3376065
1754993040000000000,91437.3376065
1754993100000000000,91437.3376065
1754993160000000000,91437.3376065
1754993220000000000,91437.3376065
1754993280000000000,91437.3376065
1754993340000000000,91437.3376065
1754993400000000000,91437.3376065
1754993460000000000,91437.3376065
1754993520000000000,91437.3376065
1754993580000000000,91437.3376065
1754993640000000000,91437.3376065
1754993700000000000,91437.3376065
1754993760000000000,91437.3376065
1754993820000000000,91437.3376065
1754993880000000000,91437.3376065
1754993940000000000,91437.3376065
1754994000000000000,91437.3376065
1754994060000000000,91437.3376065
1754994120000000000,91437.3376065
1754994180000000000,91437.3376065
1754994240000000000,91437.3376065
1754994300000000000,91437.3376065
1754994360000000000,91437.3376065
1754994420000000000,91437.3376065
1754994480000000000,91437.3376065
1754994540000000000,91437.3376065
1754994600000000000,91437.3376065
1754994660000000000,91437.3376065
1754994720000000000,91437.3376065
1754994780000000000,91437.3376065
1754994840000000000,91437.3376065
1754994900000000000,91437.3376065
1754994960000000000,91437.3376065
1754995020000000000,91437.3376065
1754995080000000000,91437.3376065
1754995140000000000,91437.3376065
1754995200000000000,91437.3376065
1754995260000000000,91437.3376065
1754995320000000000,91437.3376065
1754995380000000000,91437.3376065
1754995440000000000,91437.3376065
1754995500000000000,91437.3376065
1754995560000000000,91437.3376065
1754995620000000000,91437.3376065
1754995680000000000,91437.3376065
1754995740000000000,91437.3376065
1754995800000000000,91437.3376065
1754995860000000000,91437.3376065
1754995920000000000,91437.3376065
1754995980000000000,91437.3376065
1754996040000000000,91437.3376065
1754996100000000000,91437.3376065
1754996160000000000,91437.3376065
1754996220000000000,91437.3376065
1754996280000000000,91437.3376065
1754996340000000000,91437.3376065
1754996400000000000,91437.3376065
1754996460000000000,91437.3376065
1754996520000000000,91437.3376065
1754996580000000000,91437.3376065
1754996640000000000,91437.3376065
1754996700000000000,91437.3376065
1754996760000000000,91437.3376065
1754996820000000000,91437.3376065
1754996880000000000,91437.3376065
1754996940000000000,91437.3376065
1754997000000000000,91437.3376065
1754997060000000000,91437.3376065
1754997120000000000,91437.3376065
1754997180000000000,91437.3376065
1754997240000000000,91437.3376065
1754997300000000000,91437.3376065
1754997360000000000,91437.3376065
1754997420000000000,91437.3376065
1754997480000000000,91437.3376065
1754997540000000000,91437.3376065
1754997600000000000,91437.3376065
1754997660000000000,91437.3376065
1754997720000000000,91437.3376065
1754997780000000000,91437.3376065
1754997840000000000,91437.3376065
1754997900000000000,91437.3376065
1754997960000000000,91437.3376065
1754998020000000000,91437.3376065
1754998080000000000,91437.3376065
1754998140000000000,91437.3376065
1754998200000000000,91437.3376065
1754998260000000000,91437.3376065
1754998320000000000,91437.3376065
1754998380000000000,91437.3376065
1754998440000000000,91437.3376065
1754998500000000000,91437.3376065
1754998560000000000,91437.3376065
1754998620000000000,91437.3376065
1754998680000000000,91437.3376065
1754998740000000000,91437.3376065
1754998800000000000,91437.3376065
1754998860000000000,91437.3376065
1754998920000000000,91437.3376065
1754998980000000000,91437.3376065
1754999040000000000,91437.3376065
1754999100000000000,91437.3376065
1754999160000000000,91437.3376065
1754999220000000000,91437.3376065
1754999280000000000,91437.3376065
1754999340000000000,91437.3376065
1754999400000000000,91437.3376065
1754999460000000000,91437.3376065
1754999520000000000,91437.3376065
1754999580000000000,91437.3376065
1754999640000000000,91437.3376065
1754999700000000000,91437.3376065
1754999760000000000,91437.3376065
1754999820000000000,91437.3376065
1754999880000000000,91437.3376065
1754999940000000000,91437.3376065
1755000000000000000,91437.3376065
1755000060000000000,91437.3376065
1755000120000000000,91437.3376065
1755000180000000000,91437.3376065
1755000240000000000,91437.3376065
1755000300000000000,91437.3376065
1755000360000000000,91437.3376065
1755000420000000000,91437.3376065
1755000480000000000,91437.3376065
1755000540000000000,91437.3376065
1755000600000000000,91437.3376065
1755000660000000000,91437.3376065
1755000720000000000,91437.3376065
1755000780000000000,91437.3376065
1755000840000000000,91437.3376065
1755000900000000000,91437.3376065
1755000960000000000,91437.3376065
1755001020000000000,91437.3376065
1755001080000000000,91437.3376065
1755001140000000000,91437.3376065
1755001200000000000,91437.3376065
1755001260000000000,91437.3376065
1755001320000000000,91437.3376065
1755001380000000000,91437.3376065
1755001440000000000,91437.3376065
1755001500000000000,91437.3376065
1755001560000000000,91437.3376065
1755001620000000000,91437.3376065
1755001680000000000,91437.3376065
1755001740000000000,91437.3376065
1755001800000000000,91437.3376065
1755001860000000000,91437.3376065
1755001920000000000,91437.3376065
1755001980000000000,91437.3376065
1755002040000000000,91437.3376065
1755002100000000000,91437.3376065
1755002160000000000,91437.3376065
1755002220000000000,91437.3376065
1755002280000000000,91437.3376065
1755002340000000000,91437.3376065
1755002400000000000,91437.3376065
1755002460000000000,91437.3376065
1755002520000000000,91437.3376065
1755002580000000000,91437.3376065
1755002640000000000,91437.3376065
1755002700000000000,91437.3376065
1755002760000000000,91437.3376065
1755002820000000000,91437.3376065
1755002880000000000,91437.3376065
1755002940000000000,91437.3376065
1755003000000000000,91437.3376065
1755003060000000000,91437.3376065
1755003120000000000,91437.3376065
1755003180000000000,91437.3376065
1755003240000000000,91437.3376065
1755003300000000000,91437.3376065
1755003360000000000,91437.3376065
1755003420000000000,91437.3376065
1755003480000000000,91437.3376065
1755003540000000000,91437.3376065
1755003600000000000,91437.3376065
1755003660000000000,91437.3376065
1755003720000000000,91437.3376065
1755003780000000000,91437.3376065
1755003840000000000,91437.3376065
1755003900000000000,91437.3376065
1755003960000000000,91437.3376065
1755004020000000000,91437.3376065
1755004080000000000,91437.3376065
1755004140000000000,91437.3376065
1755004200000000000,91437.3376065
1755004260000000000,91437.3376065
1755004320000000000,91437.3376065
1755004380000000000,91437.3376065
1755004440000000000,91437.3376065
1755004500000000000,91437.3376065
1755004560000000000,91437.3376065
1755004620000000000,91437.3376065
1755004680000000000,91437.3376065
1755004740000000000,91437.3376065
1755004800000000000,91437.3376065
1755004860000000000,91437.3376065
1755004920000000000,91437.3376065
1755004980000000000,91437.3376065
1755005040000000000,91437.3376065
1755005100000000000,91437.3376065
1755005160000000000,91437.3376065
1755005220000000000,91437.3376065
1755005280000000000,91437.3376065
1755005340000000000,91437.3376065
1755005400000000000,91437.3376065
1755005460000000000,91437.3376065
1755005520000000000,91437.3376065
1755005580000000000,91437.3376065
1755005640000000000,91437.3376065
1755005700000000000,91437.3376065
1755005760000000000,91437.3376065
1755005820000000000,91437.3376065
1755005880000000000,91437.3376065
1755005940000000000,91437.3376065
1755006000000000000,91437.3376065
1755006060000000000,91437.3376065
1755006120000000000,91437.3376065
1755006180000000000,91437.3376065
1755006240000000000,91437.3376065
1755006300000000000,91437.3376065
1755006360000000000,91437.3376065
1755006420000000000,91437.3376065
1755006480000000000,91437.3376065
1755006540000000000,91437.3376065
1755006600000000000,91437.3376065
1755006660000000000,91437.3376065
1755006720000000000,91437.3376065
1755006780000000000,91437.3376065
1755006840000000000,91437.3376065
1755006900000000000,91437.3376065
1755006960000000000,91437.3376065
1755007020000000000,91437.3376065
1755007080000000000,91437.3376065
1755007140000000000,91437.3376065
1755007200000000000,91437.3376065
1755007260000000000,91437.3376065
1755007320000000000,91437.3376065
1755007380000000000,91437.3376065
1755007440000000000,91437.3376065
1755007500000000000,91437.3376065
1755007560000000000,91437.3376065
1755007620000000000,91437.3376065
1755007680000000000,91437.3376065
1755007740000000000,91437.3376065
1755007800000000000,91437.3376065
1755007860000000000,91437.3376065
1755007920000000000,91437.3376065
1755007980000000000,91437.3376065
1755008040000000000,91437.3376065
1755008100000000000,91437.3376065
1755008160000000000,91437.3376065
1755008220000000000,91437.3376065
1755008280000000000,91437.3376065
1755008340000000000,91437.3376065
1755008400000000000,91437.3376065
1755008460000000000,91437.3376065
1755008520000000000,91437.3376065
1755008580000000000,91437.3376065
1755008640000000000,91437.3376065
1755008700000000000,91437.3376065
1755008760000000000,91437.3376065
1755008820000000000,91437.3376065
1755008880000000000,91437.3376065
1755008940000000000,91437.3376065
1755009000000000000,91437.3376065
1755009060000000000,91437.3376065
1755009120000000000,91437.3376065
1755009180000000000,91437.3376065
1755009240000000000,91437.3376065
1755009300000000000,91437.3376065
1755009360000000000,91437.3376065
1755009420000000000,91437.3376065
1755009480000000000,91437.3376065
1755009540000000000,91437.3376065
1755009600000000000,91437.3376065
1755009660000000000,91437.3376065
1755009720000000000,91437.3376065
1755009780000000000,91437.3376065
1755009840000000000,91437.3376065
1755009900000000000,91437.3376065
1755009960000000000,91437.3376065
1755010020000000000,91437.3376065
1755010080000000000,91437.3376065
1755010140000000000,91437.3376065
1755010200000000000,91437.3376065
1755010260000000000,91437.3376065
1755010320000000000,91437.3376065
1755010380000000000,91437.3376065
1755010440000000000,91437.3376065
1755010500000000000,91437.3376065
1755010560000000000,91437.3376065
1755010620000000000,91437.3376065
1755010680000000000,91437.3376065
1755010740000000000,91437.3376065
1755010800000000000,91437.3376065
1755010860000000000,91437.3376065
1755010920000000000,91437.3376065
1755010980000000000,91437.3376065
1755011040000000000,91437.3376065
1755011100000000000,91437.3376065
1755011160000000000,91437.3376065
1755011220000000000,91437.3376065
1755011280000000000,91437.3376065
1755011340000000000,91437.3376065
1755011400000000000,91437.3376065
1755011460000000000,91437.3376065
1755011520000000000,91437.3376065
1755011580000000000,91437.3376065
1755011640000000000,91437.3376065
1755011700000000000,91437.3376065
1755011760000000000,91437.3376065
1755011820000000000,91437.3376065
1755011880000000000,91437.3376065
1755011940000000000,91437.3376065
1755012000000000000,91437.3376065
1755012060000000000,91437.3376065
1755012120000000000,91437.3376065
1755012180000000000,91437.3376065
1755012240000000000,91437.3376065
1755012300000000000,91437.3376065
1755012360000000000,91437.3376065
1755012420000000000,91437.3376065
1755012480000000000,91437.3376065
1755012540000000000,91437.3376065
1755012600000000000,91437.3376065
1755012660000000000,91437.3376065
1755012720000000000,91437.3376065
1755012780000000000,91437.3376065
1755012840000000000,91437.3376065
1755012900000000000,91437.3376065
1755012960000000000,91437.3376065
1755013020000000000,91437.3376065
1755013080000000000,91437.3376065
1755013140000000000,91437.3376065
1755013200000000000,91437.3376065
1755013260000000000,91437.3376065
1755013320000000000,91437.3376065
1755013380000000000,91437.3376065
1755013440000000000,91437.3376065
1755013500000000000,91437.3376065
1755013560000000000,91437.3376065
1755013620000000000,91437.3376065
1755013680000000000,91437.3376065
1755013740000000000,91437.3376065
1755013800000000000,91437.3376065
1755013860000000000,91437.3376065
1755013920000000000,91437.3376065
1755013980000000000,91437.3376065
1755014040000000000,91437.3376065
1755014100000000000,91437.3376065
1755014160000000000,91437.3376065
1755014220000000000,91437.3376065
1755014280000000000,91437.3376065
1755014340000000000,91437.3376065
1755014400000000000,91437.3376065
1755014460000000000,91437.3376065
1755014520000000000,91437.3376065
1755014580000000000,91437.3376065
1755014640000000000,91437.3376065
1755014700000000000,91437.3376065
1755014760000000000,91437.3376065
1755014820000000000,91263.30846583
1755014880000000000,90400.25550583
1755014940000000000,91378.76072583
1755015000000000000,90629.26736583
1755015060000000000,90231.80876583
1755015120000000000,93106.75930583
1755015180000000000,92686.58878583
1755015240000000000,92431.07968583
1755015300000000000,93494.75460583
1755015360000000000,94000.09482583
1755015420000000000,94060.65994583
1755015480000000000,93538.28578583
1755015540000000000,94486.50844583
1755015600000000000,94600.06804583
1755015660000000000,94844.22118583
1755015720000000000,94384.30480583
1755015780000000000,94719.30562583
1755015840000000000,93330.09318583
1755015900000000000,94620.88730583001
1755015960000000000,95181.11466583
1755016020000000000,95805.69246583
1755016080000000000,95436.62376583001
1755016140000000000,95943.85664583
1755016200000000000,95557.75400583001
1755016260000000000,96055.52358583
1755016320000000000,95124.33486583001
1755016380000000000,95446.08706583001
1755016440000000000,96153.94190583
1755016500000000000,96011.99240583001
1755016560000000000,96753.91512583
1755016620000000000,96407.55834583001
1755016680000000000,96311.03268583001
1755016740000000000,97917.90102583001
1755016800000000000,98139.34224583
1755016860000000000,96744.45182583001
1755016920000000000,97340.63972583
1755016980000000000,97730.52768583
1755017040000000000,97507.19380583
1755017100000000000,97247.89938583001
1755017160000000000,97158.94436583
1755017220000000000,96303.46204583
1755017280000000000,95887.07684583
1755017340000000000,94823.40192583001
1755017400000000000,95226.53850583
1755017460000000000,95605.07050583001
1755017520000000000,94497.86440583
1755017580000000000,94957.78078583001
1755017640000000000,94933.17620583001
1755017700000000000,94335.09564583
1755017760000000000,94490.29376583
1755017820000000000,94376.73416583
1755017880000000000,94507.32770583
1755017940000000000,94107.97644583
1755018000000000000,94034.16270583001
1755018060000000000,94022.80674583
1755018120000000000,92853.14286583
1755018180000000000,92832.32360583001
1755018240000000000,92431.07968583
1755018300000000000,92088.50822583001
1755018360000000000,91795.14592583
1755018420000000000,91513.13958583001
1755018480000000000,91910.59818583001
1755018540000000000,91723.22484583
1755018600000000000,90445.67934583001
1755018660000000000,88767.9677957
1755018720000000000,88767.9677957
1755018780000000000,88767.9677957
1755018840000000000,88767.9677957
1755018900000000000,88767.9677957
1755018960000000000,88767.9677957
1755019020000000000,88767.9677957
1755019080000000000,88767.9677957
1755019140000000000,88767.9677957
1755019200000000000,88767.9677957
1755019260000000000,88767.9677957
1755019320000000000,88767.9677957
1755019380000000000,88767.9677957
1755019440000000000,88767.9677957
1755019500000000000,88767.9677957
1755019560000000000,88767.9677957
1755019620000000000,88767.9677957
1755019680000000000,88767.9677957
1755019740000000000,88767.9677957
1755019800000000000,88767.9677957
1755019860000000000,88767.9677957
1755019920000000000,88767.9677957
1755019980000000000,88767.9677957
1755020040000000000,88767.9677957
1755020100000000000,88767.9677957
1755020160000000000,88767.9677957
1755020220000000000,88767.9677957
1755020280000000000,88767.9677957
1755020340000000000,88767.9677957
1755020400000000000,88767.9677957
1755020460000000000,88767.9677957
1755020520000000000,88767.9677957
1755020580000000000,88767.9677957
1755020640000000000,88767.9677957
1755020700000000000,88767.9677957
1755020760000000000,88767.9677957
1755020820000000000,88767.9677957
1755020880000000000,88767.9677957
1755020940000000000,88767.9677957
1755021000000000000,88767.9677957
1755021060000000000,88767.9677957
1755021120000000000,88767.9677957
1755021180000000000,88767.9677957
1755021240000000000,88767.9677957
1755021300000000000,88767.9677957
1755021360000000000,88767.9677957
1755021420000000000,88767.9677957
1755021480000000000,88767.9677957
1755021540000000000,88767.9677957
1755021600000000000,88767.9677957
1755021660000000000,88767.9677957
1755021720000000000,88767.9677957
1755021780000000000,88767.9677957
1755021840000000000,88767.9677957
1755021900000000000,88767.9677957
1755021960000000000,88767.9677957
1755022020000000000,88767.9677957
1755022080000000000,88767.9677957
1755022140000000000,88767.9677957
1755022200000000000,88767.9677957
1755022260000000000,88767.9677957
1755022320000000000,88767.9677957
1755022380000000000,88767.9677957
1755022440000000000,88767.9677957
1755022500000000000,88767.9677957
1755022560000000000,88767.9677957
1755022620000000000,88767.9677957
1755022680000000000,88767.9677957
1755022740000000000,88767.9677957
1755022800000000000,88767.9677957
1755022860000000000,88767.9677957
1755022920000000000,88767.9677957
1755022980000000000,88767.9677957
1755023040000000000,88767.9677957
1755023100000000000,88767.9677957
1755023160000000000,88767.9677957
1755023220000000000,88767.9677957
1755023280000000000,88767.9677957
1755023340000000000,88767.9677957
1755023400000000000,88767.9677957
1755023460000000000,88767.9677957
1755023520000000000,88767.9677957
1755023580000000000,88767.9677957
1755023640000000000,88767.9677957
1755023700000000000,88767.9677957
1755023760000000000,88767.9677957
1755023820000000000,88767.9677957
1755023880000000000,88767.9677957
1755023940000000000,88767.9677957
1755024000000000000,88767.9677957
1755024060000000000,88767.9677957
1755024120000000000,88767.9677957
1755024180000000000,88767.9677957
1755024240000000000,88767.9677957
1755024300000000000,88767.9677957
1755024360000000000,88767.9677957
1755024420000000000,88767.9677957
1755024480000000000,88767.9677957
1755024540000000000,88767.9677957
1755024600000000000,88767.9677957
1755024660000000000,88767.9677957
1755024720000000000,88767.9677957
1755024780000000000,88767.9677957
1755024840000000000,88767.9677957
1755024900000000000,88767.9677957
1755024960000000000,88767.9677957
1755025020000000000,88767.9677957
1755025080000000000,88767.9677957
1755025140000000000,88767.9677957
1755025200000000000,88767.9677957
1755025260000000000,88767.9677957
1755025320000000000,88767.9677957
1755025380000000000,88767.9677957
1755025440000000000,88767.9677957
1755025500000000000,88767.9677957
1755025560000000000,88767.9677957
1755025620000000000,88767.9677957
1755025680000000000,88767.9677957
1755025740000000000,88767.9677957
1755025800000000000,88767.9677957
1755025860000000000,88767.9677957
1755025920000000000,88767.9677957
1755025980000000000,88767.9677957
1755026040000000000,88767.9677957
1755026100000000000,88767.9677957
1755026160000000000,88767.9677957
1755026220000000000,88767.9677957
1755026280000000000,88767.9677957
1755026340000000000,88767.9677957
1755026400000000000,88767.9677957
1755026460000000000,88767.9677957
1755026520000000000,88767.9677957
1755026580000000000,88767.9677957
1755026640000000000,88767.9677957
1755026700000000000,88767.9677957
1755026760000000000,88767.9677957
1755026820000000000,88767.9677957
1755026880000000000,88767.9677957
1755026940000000000,88767.9677957
1755027000000000000,88767.9677957
1755027060000000000,88767.9677957
1755027120000000000,88767.9677957
1755027180000000000,88767.9677957
1755027240000000000,88767.9677957
1755027300000000000,88767.9677957
1755027360000000000,88767.9677957
1755027420000000000,88767.9677957
1755027480000000000,88767.9677957
1755027540000000000,88767.9677957
1755027600000000000,88767.9677957
1755027660000000000,88767.9677957
1755027720000000000,88767.9677957
1755027780000000000,88767.9677957
1755027840000000000,88767.9677957
1755027900000000000,88767.9677957
1755027960000000000,88767.9677957
1755028020000000000,88767.9677957
1755028080000000000,88767.9677957
1755028140000000000,88767.9677957
1755028200000000000,88767.9677957
1755028260000000000,88767.9677957
1755028320000000000,88767.9677957
1755028380000000000,88767.9677957
1755028440000000000,88767.9677957
1755028500000000000,88767.9677957
1755028560000000000,88767.9677957
1755028620000000000,88767.9677957
1755028680000000000,88767.9677957
1755028740000000000,88767.9677957
1755028800000000000,88767.9677957
1755028860000000000,88767.9677957
1755028920000000000,88767.9677957
1755028980000000000,88767.9677957
1755029040000000000,88767.9677957
1755029100000000000,88767.9677957
1755029160000000000,88767.9677957
1755029220000000000,88767.9677957
1755029280000000000,88767.9677957
1755029340000000000,88767.9677957
1755029400000000000,88767.9677957
1755029460000000000,88767.9677957
1755029520000000000,88767.9677957
1755029580000000000,88767.9677957
1755029640000000000,88767.9677957
1755029700000000000,88767.9677957
1755029760000000000,88767.9677957
1755029820000000000,88767.9677957
1755029880000000000,88767.9677957
1755029940000000000,88767.9677957
1755030000000000000,88767.9677957
1755030060000000000,88767.9677957
1755030120000000000,88767.9677957
1755030180000000000,88767.9677957
1755030240000000000,88767.9677957
1755030300000000000,88767.9677957
1755030360000000000,88767.9677957
1755030420000000000,88767.9677957
1755030480000000000,88767.9677957
1755030540000000000,88767.9677957
1755030600000000000,88767.9677957
1755030660000000000,88767.9677957
1755030720000000000,88767.9677957
1755030780000000000,88767.9677957
1755030840000000000,88767.9677957
1755030900000000000,88767.9677957
1755030960000000000,88767.9677957
1755031020000000000,88767.9677957
1755031080000000000,88767.9677957
1755031140000000000,88767.9677957
1755031200000000000,88767.9677957
1755031260000000000,88767.9677957
1755031320000000000,88767.9677957
1755031380000000000,88767.9677957
1755031440000000000,88767.9677957
1755031500000000000,88767.9677957
1755031560000000000,88767.9677957
1755031620000000000,88767.9677957
1755031680000000000,88767.9677957
1755031740000000000,88767.9677957
1755031800000000000,88767.9677957
1755031860000000000,88767.9677957
1755031920000000000,88767.9677957
1755031980000000000,88767.9677957
1755032040000000000,88767.9677957
1755032100000000000,88767.9677957
1755032160000000000,88767.9677957
1755032220000000000,88767.9677957
1755032280000000000,88767.9677957
1755032340000000000,88767.9677957
1755032400000000000,88767.9677957
1755032460000000000,88767.9677957
1755032520000000000,88873.5857752
1755032580000000000,88725.10337520001
1755032640000000000,88789.8669752
1755032700000000000,88725.10337520001
1755032760000000000,88845.9427752
1755032820000000000,90266.0031752
1755032880000000000,90085.92877520001
1755032940000000000,89562.2913752
1755033000000000000,88843.57337520001
1755033060000000000,88687.9827752
1755033120000000000,89033.1253752
1755033180000000000,88502.37977520001
1755033240000000000,89172.1301752
1755033300000000000,88971.52097520001
1755033360000000000,88632.6967752
1755033420000000000,88904.3879752
1755033480000000000,89203.7221752
1755033540000000000,88809.61197520001
1755033600000000000,88467.6285752
1755033660000000000,88494.48177520001
1755033720000000000,88364.9545752
1755033780000000000,88188.03937520001
1755033840000000000,88157.2371752
1755033900000000000,88441.5651752
1755033960000000000,88310.4583752
1755034020000000000,88132.7533752
1755034080000000000,88420.2405752
1755034140000000000,88330.2033752
1755034200000000000,88329.4135752
1755034260000000000,88428.9283752
1755034320000000000,89191.0853752
1755034380000000000,89408.2803752
1755034440000000000,90055.1265752
1755034500000000000,90269.1623752
1755034560000000000,89430.39477520001
1755034620000000000,89137.3789752
1755034680000000000,88924.1329752
1755034740000000000,89176.8689752
1755034800000000000,89135.7993752
1755034860000000000,89120.7931752
1755034920000000000,88621.63957520001
1755034980000000000,88414.7119752
1755035040000000000,88463.6795752
1755035100000000000,89037.8641752
1755035160000000000,89168.9709752
1755035220000000000,89226.62637520001
1755035280000000000,89547.2851752
1755035340000000000,89701.2961752
1755035400000000000,89844.2499752
1755035460000000000,89540.1769752
1755035520000000000,89514.9033752
1755035580000000000,89522.0115752
1755035640000000000,89511.7441752
1755035700000000000,89920.8605752
1755035760000000000,90255.73577520001
1755035820000000000,90589.8211752
1755035880000000000,90294.4359752
1755035940000000000,90405.0079752
1755036000000000000,89877.4215752
1755036060000000000,89165.0219752
1755036120000000000,89533.06877520001
1755036180000000000,90566.1271752
1755036240000000000,90775.42417520001
1755036300000000000,90622.20297520001
1755036360000000000,91344.0801752
1755036420000000000,90799.1181752
1755036480000000000,90854.4041752
1755036540000000000,90755.6791752
1755036600000000000,90859.9327752
1755036660000000000,90664.85217520001
1755036720000000000,91451.4929752
1755036780000000000,91346.22195484
1755036840000000000,91346.22195484
1755036900000000000,91346.22195484
1755036960000000000,91346.22195484
1755037020000000000,91346.22195484
1755037080000000000,91346.22195484
1755037140000000000,91346.22195484
1755037200000000000,91346.22195484
1755037260000000000,91346.22195484
1755037320000000000,91346.22195484
1755037380000000000,91346.22195484
1755037440000000000,91346.22195484
1755037500000000000,91346.22195484
1755037560000000000,91346.22195484
1755037620000000000,91346.22195484
1755037680000000000,91346.22195484
1755037740000000000,91346.22195484
1755037800000000000,91346.22195484
1755037860000000000,91346.22195484
1755037920000000000,91346.22195484
1755037980000000000,91346.22195484
1755038040000000000,91346.22195484
1755038100000000000,91346.22195484
1755038160000000000,91346.22195484
1755038220000000000,91346.22195484
1755038280000000000,91346.22195484
1755038340000000000,91346.22195484
1755038400000000000,91346.22195484
1755038460000000000,91346.22195484
1755038520000000000,91346.22195484
1755038580000000000,91346.22195484
1755038640000000000,91346.22195484
1755038700000000000,91346.22195484
1755038760000000000,91346.22195484
1755038820000000000,91346.22195484
1755038880000000000,91346.22195484
1755038940000000000,91346.22195484
1755039000000000000,91346.22195484
1755039060000000000,91346.22195484
1755039120000000000,91346.22195484
1755039180000000000,91346.22195484
1755039240000000000,91346.22195484
1755039300000000000,91346.22195484
1755039360000000000,91346.22195484
1755039420000000000,91346.22195484
1755039480000000000,91346.22195484
1755039540000000000,91346.22195484
1755039600000000000,91346.22195484
1755039660000000000,91346.22195484
1755039720000000000,91346.22195484
1755039780000000000,91346.22195484
1755039840000000000,91346.22195484
1755039900000000000,91346.22195484
1755039960000000000,91346.22195484
1755040020000000000,91346.22195484
1755040080000000000,91346.22195484
1755040140000000000,91346.22195484
1755040200000000000,91346.22195484
1755040260000000000,91346.22195484
1755040320000000000,91346.22195484
1755040380000000000,91346.22195484
1755040440000000000,91346.22195484
1755040500000000000,91346.22195484
1755040560000000000,91346.22195484
1755040620000000000,91346.22195484
1755040680000000000,91346.22195484
1755040740000000000,91346.22195484
1755040800000000000,91346.22195484
1755040860000000000,91346.22195484
1755040920000000000,91346.22195484
1755040980000000000,91346.22195484
1755041040000000000,91346.22195484
1755041100000000000,91346.22195484
1755041160000000000,91346.22195484
1755041220000000000,91346.22195484
1755041280000000000,91346.22195484
1755041340000000000,91346.22195484
1755041400000000000,91346.22195484
1755041460000000000,91346.22195484
1755041520000000000,91346.22195484
1755041580000000000,91346.22195484
1755041640000000000,91346.22195484
1755041700000000000,91346.22195484
1755041760000000000,91346.22195484
1755041820000000000,91346.22195484
1755041880000000000,91346.22195484
1755041940000000000,91346.22195484
1755042000000000000,91346.22195484
1755042060000000000,91346.22195484
1755042120000000000,91346.22195484
1755042180000000000,91346.22195484
1755042240000000000,91346.22195484
1755042300000000000,91346.22195484
1755042360000000000,91346.22195484
1755042420000000000,91346.22195484
1755042480000000000,91346.22195484
1755042540000000000,91346.22195484
1755042600000000000,91346.22195484
1755042660000000000,91346.22195484
1755042720000000000,91346.22195484
1755042780000000000,91346.22195484
1755042840000000000,91346.22195484
1755042900000000000,91346.22195484
1755042960000000000,91346.22195484
1755043020000000000,91346.22195484
1755043080000000000,91346.22195484
1755043140000000000,91346.22195484
1755043200000000000,91346.22195484
1755043260000000000,91346.22195484
1755043320000000000,91346.22195484
1755043380000000000,91346.22195484
1755043440000000000,91346.22195484
1755043500000000000,91346.22195484
1755043560000000000,91346.22195484
1755043620000000000,91346.22195484
1755043680000000000,91346.22195484
1755043740000000000,91346.22195484
1755043800000000000,91346.22195484
1755043860000000000,91346.22195484
1755043920000000000,91346.22195484
1755043980000000000,91346.22195484
1755044040000000000,91346.22195484
1755044100000000000,91346.22195484
1755044160000000000,91346.22195484
1755044220000000000,91346.22195484
1755044280000000000,91346.22195484
1755044340000000000,91346.22195484
1755044400000000000,91346.22195484
1755044460000000000,91346.22195484
1755044520000000000,91346.22195484
1755044580000000000,91346.22195484
1755044640000000000,91346.22195484
1755044700000000000,91346.22195484
1755044760000000000,91346.22195484
1755044820000000000,91346.22195484
1755044880000000000,91346.22195484
1755044940000000000,91346.22195484
1755045000000000000,91346.22195484
1755045060000000000,91346.22195484
1755045120000000000,91346.22195484
1755045180000000000,91346.22195484
1755045240000000000,91346.22195484
1755045300000000000,91346.22195484
1755045360000000000,91346.22195484
1755045420000000000,91346.22195484
1755045480000000000,91346.22195484
1755045540000000000,91346.22195484
1755045600000000000,91346.22195484
1755045660000000000,91346.22195484
1755045720000000000,91346.22195484
1755045780000000000,91346.22195484
1755045840000000000,91346.22195484
1755045900000000000,91346.22195484
1755045960000000000,91346.22195484
1755046020000000000,91346.22195484
1755046080000000000,91346.22195484
1755046140000000000,91346.22195484
1755046200000000000,91346.22195484
1755046260000000000,91346.22195484
1755046320000000000,91346.22195484
1755046380000000000,91346.22195484
1755046440000000000,91346.22195484
1755046500000000000,91346.22195484
1755046560000000000,91346.22195484
1755046620000000000,91346.22195484
1755046680000000000,91346.22195484
1755046740000000000,91346.22195484
1755046800000000000,91346.22195484
1755046860000000000,91346.22195484
1755046920000000000,91346.22195484
1755046980000000000,91346.22195484
1755047040000000000,91346.22195484
1755047100000000000,91346.22195484
1755047160000000000,91346.22195484
1755047220000000000,91346.22195484
1755047280000000000,91346.22195484
1755047340000000000,91346.22195484
1755047400000000000,91346.22195484
1755047460000000000,91346.22195484
1755047520000000000,91346.22195484
1755047580000000000,91346.22195484
1755047640000000000,91346.22195484
1755047700000000000,91346.22195484
1755047760000000000,91346.22195484
1755047820000000000,91346.22195484
1755047880000000000,91346.22195484
1755047940000000000,91346.22195484
1755048000000000000,91346.22195484
1755048060000000000,91346.22195484
1755048120000000000,91346.22195484
1755048180000000000,91346.22195484
1755048240000000000,91346.22195484
1755048300000000000,91346.22195484
1755048360000000000,91346.22195484
1755048420000000000,91346.22195484
1755048480000000000,91346.22195484
1755048540000000000,91346.22195484
1755048600000000000,91346.22195484
1755048660000000000,91346.22195484
1755048720000000000,91346.22195484
1755048780000000000,91346.22195484
1755048840000000000,91346.22195484
1755048900000000000,91346.22195484
1755048960000000000,91346.22195484
1755049020000000000,91346.22195484
1755049080000000000,91346.22195484
1755049140000000000,91346.22195484
1755049200000000000,91346.22195484
1755049260000000000,91346.22195484
1755049320000000000,91346.22195484
1755049380000000000,91346.22195484
1755049440000000000,91346.22195484
1755049500000000000,91346.22195484
1755049560000000000,91346.22195484
1755049620000000000,91346.22195484
1755049680000000000,91346.22195484
1755049740000000000,91346.22195484
1755049800000000000,91346.22195484
1755049860000000000,91346.22195484
1755049920000000000,91346.22195484
1755049980000000000,91346.22195484
1755050040000000000,91346.22195484
1755050100000000000,91346.22195484
1755050160000000000,91346.22195484
1755050220000000000,91346.22195484
1755050280000000000,91346.22195484
1755050340000000000,91346.22195484
1755050400000000000,91346.22195484
1755050460000000000,91346.22195484
1755050520000000000,91346.22195484
1755050580000000000,91346.22195484
1755050640000000000,91346.22195484
1755050700000000000,91346.22195484
1755050760000000000,91346.22195484
1755050820000000000,91346.22195484
1755050880000000000,91346.22195484
1755050940000000000,91346.22195484
1755051000000000000,91346.22195484
1755051060000000000,91346.22195484
1755051120000000000,91346.22195484
1755051180000000000,91346.22195484
1755051240000000000,91346.22195484
1755051300000000000,91346.22195484
1755051360000000000,91346.22195484
1755051420000000000,91346.22195484
1755051480000000000,91346.22195484
1755051540000000000,91346.22195484
1755051600000000000,91346.22195484
1755051660000000000,91346.22195484
1755051720000000000,91346.22195484
1755051780000000000,91346.22195484
1755051840000000000,91346.22195484
1755051900000000000,91346.22195484
1755051960000000000,91346.22195484
1755052020000000000,91346.22195484
1755052080000000000,91346.22195484
1755052140000000000,91346.22195484
1755052200000000000,91346.22195484
1755052260000000000,91346.22195484
1755052320000000000,91346.22195484
1755052380000000000,91346.22195484
1755052440000000000,91346.22195484
1755052500000000000,91346.22195484
1755052560000000000,91346.22195484
1755052620000000000,91346.22195484
1755052680000000000,91346.22195484
1755052740000000000,91346.22195484
1755052800000000000,91346.22195484
1755052860000000000,91346.22195484
1755052920000000000,91346.22195484
1755052980000000000,91346.22195484
1755053040000000000,91346.22195484
1755053100000000000,91346.22195484
1755053160000000000,91346.22195484
1755053220000000000,91346.22195484
1755053280000000000,91346.22195484
1755053340000000000,91346.22195484
1755053400000000000,91346.22195484
1755053460000000000,91346.22195484
1755053520000000000,91346.22195484
1755053580000000000,91346.22195484
1755053640000000000,91346.22195484
1755053700000000000,91346.22195484
1755053760000000000,91346.22195484
1755053820000000000,91346.22195484
1755053880000000000,91346.22195484
1755053940000000000,91346.22195484
1755054000000000000,91346.22195484
1755054060000000000,91346.22195484
1755054120000000000,91346.22195484
1755054180000000000,91346.22195484
1755054240000000000,91346.22195484
1755054300000000000,91346.22195484
1755054360000000000,91346.22195484
1755054420000000000,91346.22195484
1755054480000000000,91346.22195484
1755054540000000000,91346.22195484
1755054600000000000,91346.22195484
1755054660000000000,91346.22195484
1755054720000000000,91346.22195484
1755054780000000000,91346.22195484
1755054840000000000,91346.22195484
1755054900000000000,91346.22195484
1755054960000000000,91346.22195484
1755055020000000000,91346.22195484
1755055080000000000,91346.22195484
1755055140000000000,91346.22195484
1755055200000000000,91346.22195484
1755055260000000000,91346.22195484
1755055320000000000,91346.22195484
1755055380000000000,91346.22195484
1755055440000000000,91346.22195484
1755055500000000000,91346.22195484
1755055560000000000,91346.22195484
1755055620000000000,91346.22195484
1755055680000000000,91346.22195484
1755055740000000000,91346.22195484
1755055800000000000,91346.22195484
1755055860000000000,91346.22195484
1755055920000000000,91346.22195484
1755055980000000000,91346.22195484
1755056040000000000,91346.22195484
1755056100000000000,91346.22195484
1755056160000000000,91346.22195484
1755056220000000000,91346.22195484
1755056280000000000,91346.22195484
1755056340000000000,91346.22195484
1755056400000000000,91346.22195484
1755056460000000000,91346.22195484
1755056520000000000,91346.22195484
1755056580000000000,91346.22195484
1755056640000000000,91346.22195484
1755056700000000000,91346.22195484
1755056760000000000,91346.22195484
1755056820000000000,91346.22195484
1755056880000000000,91346.22195484
1755056940000000000,91346.22195484
1755057000000000000,91346.22195484
1755057060000000000,91346.22195484
1755057120000000000,91346.22195484
1755057180000000000,91346.22195484
1755057240000000000,91346.22195484
1755057300000000000,91346.22195484
1755057360000000000,91346.22195484
1755057420000000000,91346.22195484
1755057480000000000,91346.22195484
1755057540000000000,91346.22195484
1755057600000000000,91346.22195484
1755057660000000000,91346.22195484
1755057720000000000,91346.22195484
1755057780000000000,91346.22195484
1755057840000000000,91346.22195484
1755057900000000000,91346.22195484
1755057960000000000,91346.22195484
1755058020000000000,91346.22195484
1755058080000000000,91346.22195484
1755058140000000000,91346.22195484
1755058200000000000,91346.22195484
1755058260000000000,91346.22195484
1755058320000000000,91346.22195484
1755058380000000000,91346.22195484
1755058440000000000,91346.22195484
1755058500000000000,91346.22195484
1755058560000000000,91346.22195484
1755058620000000000,91346.22195484
1755058680000000000,91346.22195484
1755058740000000000,91346.22195484
1755058800000000000,91346.22195484
1755058860000000000,91346.22195484
1755058920000000000,91346.22195484
1755058980000000000,91346.22195484
1755059040000000000,91346.22195484
1755059100000000000,91346.22195484
1755059160000000000,91346.22195484
1755059220000000000,91307.38222609
1755059280000000000,91625.82222609001
1755059340000000000,91964.16472609
1755059400000000000,92302.50722609
1755059460000000000,92501.53222609
1755059520000000000,92322.40972609
1755059580000000000,91765.13972609
1755059640000000000,91367.08972609001
1755059700000000000,91267.57722609
1755059760000000000,91406.89472609
1755059820000000000,91884.55472609
1755059880000000000,91586.01722609
1755059940000000000,92023.87222609001
1755060000000000000,92461.72722609
1755060060000000000,92362.21472609001
1755060120000000000,93237.92472609
1755060180000000000,92839.87472609
1755060240000000000,92402.01972609
1755060300000000000,92899.58222609
1755060360000000000,92979.19222609
1755060420000000000,93277.72972609001
1755060480000000000,93357.33972609001
1755060540000000000,93178.21722609
1755060600000000000,92720.45972609
1755060660000000000,91864.65222609001
1755060720000000000,92143.28722609
1755060780000000000,92222.89722609
1755060840000000000,91944.26222609001
1755060900000000000,91168.06472609
1755060960000000000,91227.77222609
1755061020000000000,91486.50472609
1755061080000000000,91665.62722609
1755061140000000000,91466.60222609
1755061200000000000,91725.33472609
1755061260000000000,91844.74972609
1755061320000000000,92601.04472609001
1755061380000000000,92740.36222609
1755061440000000000,92461.72722609
1755061500000000000,92819.97222609
1755061560000000000,93178.21722609
1755061620000000000,93297.63222609
1755061680000000000,93118.50972609001
1755061740000000000,93078.70472609
1755061800000000000,93317.53472609
1755061860000000000,93357.33972609001
1755061920000000000,93277.72972609001
1755061980000000000,93118.50972609001
1755062040000000000,93357.33972609001
1755062100000000000,93496.65722609
1755062160000000000,93118.50972609001
1755062220000000000,93198.11972609001
1755062280000000000,93198.11972609001
1755062340000000000,93576.26722609
1755062400000000000,93218.02222609
1755062460000000000,93277.72972609001
1755062520000000000,93616.07222609001
1755062580000000000,93596.16972609001
1755062640000000000,94053.92722609
1755062700000000000,94272.85472609001
1755062760000000000,93476.75472609
1755062820000000000,93237.92472609
1755062880000000000,93576.26722609
1755062940000000000,93795.19472609
1755063000000000000,93655.87722609
1755063060000000000,93974.31722609
1755063120000000000,94711.82426609
1755063180000000000,94711.82426609
1755063240000000000,94711.82426609
1755063300000000000,94711.82426609
1755063360000000000,94711.82426609
1755063420000000000,94711.82426609
1755063480000000000,94711.82426609
1755063540000000000,94711.82426609
1755063600000000000,94711.82426609
1755063660000000000,94711.82426609
1755063720000000000,94711.82426609
1755063780000000000,94711.82426609
1755063840000000000,94711.82426609
1755063900000000000,94711.82426609
1755063960000000000,94711.82426609
1755064020000000000,94711.82426609
1755064080000000000,94711.82426609
1755064140000000000,94711.82426609
1755064200000000000,94711.82426609
1755064260000000000,94711.82426609
1755064320000000000,94711.82426609
1755064380000000000,94711.82426609
1755064440000000000,94711.82426609
1755064500000000000,94711.82426609
1755064560000000000,94711.82426609
1755064620000000000,94711.82426609
1755064680000000000,94711.82426609
1755064740000000000,94711.82426609
1755064800000000000,94711.82426609
1755064860000000000,94711.82426609
1755064920000000000,94711.82426609
1755064980000000000,94711.82426609
1755065040000000000,94711.82426609
1755065100000000000,94711.82426609
1755065160000000000,94711.82426609
1755065220000000000,94711.82426609
1755065280000000000,94711.82426609
1755065340000000000,94711.82426609
1755065400000000000,94711.82426609
1755065460000000000,94711.82426609
1755065520000000000,94711.82426609
1755065580000000000,94711.82426609
1755065640000000000,94711.82426609
1755065700000000000,94711.82426609
1755065760000000000,94711.82426609
1755065820000000000,94711.82426609
1755065880000000000,94711.82426609
1755065940000000000,94711.82426609
1755066000000000000,94711.82426609
1755066060000000000,94711.82426609
1755066120000000000,94711.82426609
1755066180000000000,94711.82426609
1755066240000000000,94711.82426609
1755066300000000000,94711.82426609
1755066360000000000,94711.82426609
1755066420000000000,94711.82426609
1755066480000000000,94711.82426609
1755066540000000000,94711.82426609
1755066600000000000,94711.82426609
1755066660000000000,94711.82426609
1755066720000000000,94711.82426609
1755066780000000000,94711.82426609
1755066840000000000,94711.82426609
1755066900000000000,94711.82426609
1755066960000000000,94711.82426609
1755067020000000000,94711.82426609
1755067080000000000,94711.82426609
1755067140000000000,94711.82426609
1755067200000000000,94711.82426609
1755067260000000000,94711.82426609
1755067320000000000,94711.82426609
1755067380000000000,94711.82426609
1755067440000000000,94711.82426609
1755067500000000000,94711.82426609
1755067560000000000,94711.82426609
1755067620000000000,94711.82426609
1755067680000000000,94711.82426609
1755067740000000000,94711.82426609
1755067800000000000,94711.82426609
1755067860000000000,94711.82426609
1755067920000000000,94711.82426609
1755067980000000000,94711.82426609
1755068040000000000,94711.82426609
1755068100000000000,94711.82426609
1755068160000000000,94711.82426609
1755068220000000000,94711.82426609
1755068280000000000,94711.82426609
1755068340000000000,94711.82426609
1755068400000000000,94711.82426609
1755068460000000000,94711.82426609
1755068520000000000,94711.82426609
1755068580000000000,94711.82426609
1755068640000000000,94711.82426609
1755068700000000000,94711.82426609
1755068760000000000,94711.82426609
1755068820000000000,94711.82426609
1755068880000000000,94711.82426609
1755068940000000000,94711.82426609
1755069000000000000,94711.82426609
1755069060000000000,94711.82426609
1755069120000000000,94711.82426609
1755069180000000000,94711.82426609
1755069240000000000,94711.82426609
1755069300000000000,94711.82426609
1755069360000000000,94711.82426609
1755069420000000000,94711.82426609
1755069480000000000,94711.82426609
1755069540000000000,94711.82426609
1755069600000000000,94711.82426609
1755069660000000000,94711.82426609
1755069720000000000,94711.82426609
1755069780000000000,94711.82426609
1755069840000000000,94711.82426609
1755069900000000000,94711.82426609
1755069960000000000,94711.82426609
1755070020000000000,94711.82426609
1755070080000000000,94711.82426609
1755070140000000000,94711.82426609
1755070200000000000,94711.82426609
1755070260000000000,94711.82426609
1755070320000000000,94711.82426609
1755070380000000000,94711.82426609
1755070440000000000,94711.82426609
1755070500000000000,94711.82426609
1755070560000000000,94711.82426609
1755070620000000000,94711.82426609
1755070680000000000,94711.82426609
1755070740000000000,94711.82426609
1755070800000000000,94711.82426609
1755070860000000000,94711.82426609
1755070920000000000,94711.82426609
1755070980000000000,94711.82426609
1755071040000000000,94711.82426609
1755071100000000000,94711.82426609
1755071160000000000,94711.82426609
1755071220000000000,94711.82426609
1755071280000000000,94711.82426609
1755071340000000000,94711.82426609
1755071400000000000,94711.82426609
1755071460000000000,94711.82426609
1755071520000000000,94711.82426609
1755071580000000000,94711.82426609
1755071640000000000,94711.82426609
1755071700000000000,94711.82426609
1755071760000000000,94711.82426609
1755071820000000000,94711.82426609
1755071880000000000,94711.82426609
1755071940000000000,94711.82426609
1755072000000000000,94711.82426609
1755072060000000000,94711.82426609
1755072120000000000,94711.82426609
1755072180000000000,94711.82426609
1755072240000000000,94711.82426609
1755072300000000000,94711.82426609
1755072360000000000,94711.82426609
1755072420000000000,94711.82426609
1755072480000000000,94711.82426609
1755072540000000000,94711.82426609
1755072600000000000,94711.82426609
1755072660000000000,94711.82426609
1755072720000000000,94711.82426609
1755072780000000000,94711.82426609
1755072840000000000,94711.82426609
1755072900000000000,94711.82426609
1755072960000000000,94711.82426609
1755073020000000000,94711.82426609
1755073080000000000,94711.82426609
1755073140000000000,94711.82426609
1755073200000000000,94711.82426609
1755073260000000000,94711.82426609
1755073320000000000,94711.82426609
1755073380000000000,94711.82426609
1755073440000000000,94711.82426609
1755073500000000000,94711.82426609
1755073560000000000,94711.82426609
1755073620000000000,94711.82426609
1755073680000000000,94711.82426609
1755073740000000000,94711.82426609
1755073800000000000,94711.82426609
1755073860000000000,94711.82426609
1755073920000000000,94711.82426609
1755073980000000000,94711.82426609
1755074040000000000,94711.82426609
1755074100000000000,94711.82426609
1755074160000000000,94711.82426609
1755074220000000000,94711.82426609
1755074280000000000,94711.82426609
1755074340000000000,94711.82426609
1755074400000000000,94711.82426609
1755074460000000000,94711.82426609
1755074520000000000,94711.82426609
1755074580000000000,94711.82426609
1755074640000000000,94711.82426609
1755074700000000000,94711.82426609
1755074760000000000,94711.82426609
1755074820000000000,94711.82426609
1755074880000000000,94711.82426609
1755074940000000000,94711.82426609
1755075000000000000,94711.82426609
1755075060000000000,94711.82426609
1755075120000000000,94711.82426609
1755075180000000000,94711.82426609
1755075240000000000,94711.82426609
1755075300000000000,94711.82426609
1755075360000000000,94711.82426609
1755075420000000000,94711.82426609
1755075480000000000,94711.82426609
1755075540000000000,94711.82426609
1755075600000000000,94711.82426609
1755075660000000000,94711.82426609
1755075720000000000,94711.82426609
1755075780000000000,94711.82426609
1755075840000000000,94711.82426609
1755075900000000000,94711.82426609
1755075960000000000,94711.82426609
1755076020000000000,94711.82426609
1755076080000000000,94711.82426609
1755076140000000000,94711.82426609
1755076200000000000,94711.82426609
1755076260000000000,94711.82426609
1755076320000000000,94711.82426609
1755076380000000000,94711.82426609
1755076440000000000,94711.82426609
1755076500000000000,94711.82426609
1755076560000000000,94711.82426609
1755076620000000000,94711.82426609
1755076680000000000,94711.82426609
1755076740000000000,94711.82426609
1755076800000000000,94711.82426609
1755076860000000000,94711.82426609
1755076920000000000,94711.82426609
1755076980000000000,94711.82426609
1755077040000000000,94711.82426609
1755077100000000000,94711.82426609
1755077160000000000,94711.82426609
1755077220000000000,94711.82426609
1755077280000000000,94711.82426609
1755077340000000000,94711.82426609
1755077400000000000,94711.82426609
1755077460000000000,94711.82426609
1755077520000000000,94711.82426609
1755077580000000000,94711.82426609
1755077640000000000,94711.82426609
1755077700000000000,94711.82426609
1755077760000000000,94711.82426609
1755077820000000000,94711.82426609
1755077880000000000,94711.82426609
1755077940000000000,94711.82426609
1755078000000000000,94711.82426609
1755078060000000000,94711.82426609
1755078120000000000,94711.82426609
1755078180000000000,94711.82426609
1755078240000000000,94711.82426609
1755078300000000000,94711.82426609
1755078360000000000,94711.82426609
1755078420000000000,94711.82426609
1755078480000000000,94711.82426609
1755078540000000000,94711.82426609
1755078600000000000,94711.82426609
1755078660000000000,94711.82426609
1755078720000000000,94711.82426609
1755078780000000000,94711.82426609
1755078840000000000,94711.82426609
1755078900000000000,94711.82426609
1755078960000000000,94711.82426609
1755079020000000000,94711.82426609
1755079080000000000,94711.82426609
1755079140000000000,94711.82426609
1755079200000000000,94711.82426609
1755079260000000000,94711.82426609
1755079320000000000,94711.82426609
1755079380000000000,94711.82426609
1755079440000000000,94711.82426609
1755079500000000000,94711.82426609
1755079560000000000,94711.82426609
1755079620000000000,94711.82426609
1755079680000000000,94711.82426609
1755079740000000000,94711.82426609
1755079800000000000,94711.82426609
1755079860000000000,94711.82426609
1755079920000000000,94711.82426609
1755079980000000000,94711.82426609
1755080040000000000,94711.82426609
1755080100000000000,94711.82426609
1755080160000000000,94711.82426609
1755080220000000000,94711.82426609
1755080280000000000,94711.82426609
1755080340000000000,94711.82426609
1755080400000000000,94711.82426609
1755080460000000000,94711.82426609
1755080520000000000,94711.82426609
1755080580000000000,94711.82426609
1755080640000000000,94711.82426609
1755080700000000000,94711.82426609
1755080760000000000,94711.82426609
1755080820000000000,94711.82426609
1755080880000000000,94711.82426609
1755080940000000000,94711.82426609
1755081000000000000,94711.82426609
1755081060000000000,94711.82426609
1755081120000000000,94711.82426609
1755081180000000000,94711.82426609
1755081240000000000,94711.82426609
1755081300000000000,94711.82426609
1755081360000000000,94711.82426609
1755081420000000000,94711.82426609
1755081480000000000,94711.82426609
1755081540000000000,94711.82426609
1755081600000000000,94711.82426609
1755081660000000000,94711.82426609
1755081720000000000,94711.82426609
1755081780000000000,94711.82426609
1755081840000000000,94711.82426609
1755081900000000000,94711.82426609
1755081960000000000,94711.82426609
1755082020000000000,94711.82426609
1755082080000000000,94711.82426609
1755082140000000000,94711.82426609
1755082200000000000,94711.82426609
1755082260000000000,94711.82426609
1755082320000000000,94711.82426609
1755082380000000000,94711.82426609
1755082440000000000,94711.82426609
1755082500000000000,94711.82426609
1755082560000000000,94711.82426609
1755082620000000000,94711.82426609
1755082680000000000,94711.82426609
1755082740000000000,94711.82426609
1755082800000000000,94711.82426609
1755082860000000000,94711.82426609
1755082920000000000,94711.82426609
1755082980000000000,94711.82426609
1755083040000000000,94711.82426609
1755083100000000000,94711.82426609
1755083160000000000,94711.82426609
1755083220000000000,94711.82426609
1755083280000000000,94711.82426609
1755083340000000000,94711.82426609
1755083400000000000,94711.82426609
1755083460000000000,94711.82426609
1755083520000000000,94711.82426609
1755083580000000000,94711.82426609
1755083640000000000,94711.82426609
1755083700000000000,94711.82426609
1755083760000000000,94711.82426609
1755083820000000000,94711.82426609
1755083880000000000,94711.82426609
1755083940000000000,94711.82426609
1755084000000000000,94711.82426609
1755084060000000000,94711.82426609
1755084120000000000,94711.82426609
1755084180000000000,94711.82426609
1755084240000000000,94711.82426609
1755084300000000000,94711.82426609
1755084360000000000,94711.82426609
1755084420000000000,94711.82426609
1755084480000000000,94711.82426609
1755084540000000000,94711.82426609
1755084600000000000,94711.82426609
1755084660000000000,94711.82426609
1755084720000000000,94711.82426609
1755084780000000000,94711.82426609
1755084840000000000,94711.82426609
1755084900000000000,94711.82426609
1755084960000000000,94711.82426609
1755085020000000000,94711.82426609
1755085080000000000,94711.82426609
1755085140000000000,94711.82426609
1755085200000000000,94711.82426609
1755085260000000000,94711.82426609
1755085320000000000,94711.82426609
1755085380000000000,94711.82426609
1755085440000000000,94711.82426609
1755085500000000000,94711.82426609
1755085560000000000,94711.82426609
1755085620000000000,94711.82426609
1755085680000000000,94711.82426609
1755085740000000000,94711.82426609
1755085800000000000,94711.82426609
1755085860000000000,94711.82426609
1755085920000000000,94711.82426609
1755085980000000000,94711.82426609
1755086040000000000,94711.82426609
1755086100000000000,94711.82426609
1755086160000000000,94711.82426609
1755086220000000000,94711.82426609
1755086280000000000,94711.82426609
1755086340000000000,94711.82426609
1755086400000000000,94711.82426609
1755086460000000000,94711.82426609
1755086520000000000,94711.82426609
1755086580000000000,94711.82426609
1755086640000000000,94711.82426609
1755086700000000000,94711.82426609
1755086760000000000,94711.82426609
1755086820000000000,94711.82426609
1755086880000000000,94711.82426609
1755086940000000000,94711.82426609
1755087000000000000,94711.82426609
1755087060000000000,94711.82426609
1755087120000000000,94711.82426609
1755087180000000000,94711.82426609
1755087240000000000,94711.82426609
1755087300000000000,94711.82426609
1755087360000000000,94711.82426609
1755087420000000000,94711.82426609
1755087480000000000,94711.82426609
1755087540000000000,94711.82426609
1755087600000000000,94711.82426609
1755087660000000000,94711.82426609
1755087720000000000,94711.82426609
1755087780000000000,94711.82426609
1755087840000000000,94711.82426609
1755087900000000000,94711.82426609
1755087960000000000,94711.82426609
1755088020000000000,94711.82426609
1755088080000000000,94711.82426609
1755088140000000000,94711.82426609
1755088200000000000,94711.82426609
1755088260000000000,94711.82426609
1755088320000000000,94711.82426609
1755088380000000000,94711.82426609
1755088440000000000,94711.82426609
1755088500000000000,94711.82426609
1755088560000000000,94711.82426609
1755088620000000000,94711.82426609
1755088680000000000,94711.82426609
1755088740000000000,94711.82426609
1755088800000000000,94711.82426609
1755088860000000000,94711.82426609
1755088920000000000,94711.82426609
1755088980000000000,94711.82426609
1755089040000000000,94711.82426609
1755089100000000000,94711.82426609
1755089160000000000,94711.82426609
1755089220000000000,94711.82426609
1755089280000000000,94711.82426609
1755089340000000000,94711.82426609
1755089400000000000,94711.82426609
1755089460000000000,94711.82426609
1755089520000000000,94711.82426609
1755089580000000000,94711.82426609
1755089640000000000,94711.82426609
1755089700000000000,94711.82426609
1755089760000000000,94711.82426609
1755089820000000000,94711.82426609
1755089880000000000,94711.82426609
1755089940000000000,94711.82426609
1755090000000000000,94711.82426609
1755090060000000000,94711.82426609
1755090120000000000,94711.82426609
1755090180000000000,94711.82426609
1755090240000000000,94711.82426609
1755090300000000000,94711.82426609
1755090360000000000,94711.82426609
1755090420000000000,94711.82426609
1755090480000000000,94711.82426609
1755090540000000000,94711.82426609
1755090600000000000,94711.82426609
1755090660000000000,94711.82426609
1755090720000000000,94711.82426609
1755090780000000000,94711.82426609
1755090840000000000,94711.82426609
1755090900000000000,94711.82426609
1755090960000000000,94711.82426609
1755091020000000000,94711.82426609
1755091080000000000,94711.82426609
1755091140000000000,94711.82426609
1755091200000000000,94711.82426609
1755091260000000000,94711.82426609
1755091320000000000,94711.82426609
1755091380000000000,94711.82426609
1755091440000000000,94711.82426609
1755091500000000000,94711.82426609
1755091560000000000,94711.82426609
1755091620000000000,94711.82426609
1755091680000000000,94711.82426609
1755091740000000000,94711.82426609
1755091800000000000,94711.82426609
1755091860000000000,94711.82426609
1755091920000000000,94711.82426609
1755091980000000000,94711.82426609
1755092040000000000,94711.82426609
1755092100000000000,94711.82426609
1755092160000000000,94711.82426609
1755092220000000000,94711.82426609
1755092280000000000,94711.82426609
1755092340000000000,94711.82426609
1755092400000000000,94711.82426609
1755092460000000000,94711.82426609
1755092520000000000,94711.82426609
1755092580000000000,94711.82426609
1755092640000000000,94711.82426609
1755092700000000000,94711.82426609
1755092760000000000,94711.82426609
1755092820000000000,94711.82426609
1755092880000000000,94711.82426609
1755092940000000000,94711.82426609
1755093000000000000,94711.82426609
1755093060000000000,94711.82426609
1755093120000000000,94711.82426609
1755093180000000000,94711.82426609
1755093240000000000,94711.82426609
1755093300000000000,94711.82426609
1755093360000000000,94711.82426609
1755093420000000000,94711.82426609
1755093480000000000,94711.82426609
1755093540000000000,94711.82426609
1755093600000000000,94711.82426609
1755093660000000000,94711.82426609
1755093720000000000,94711.82426609
1755093780000000000,94711.82426609
1755093840000000000,94711.82426609
1755093900000000000,94711.82426609
1755093960000000000,94711.82426609
1755094020000000000,94711.82426609
1755094080000000000,94711.82426609
1755094140000000000,94711.82426609
1755094200000000000,94711.82426609
1755094260000000000,94711.82426609
1755094320000000000,94711.82426609
1755094380000000000,94711.82426609
1755094440000000000,94711.82426609
1755094500000000000,94711.82426609
1755094560000000000,94711.82426609
1755094620000000000,94711.82426609
1755094680000000000,94711.82426609
1755094740000000000,94711.82426609
1755094800000000000,94711.82426609
1755094860000000000,94711.82426609
1755094920000000000,94711.82426609
1755094980000000000,94711.82426609
1755095040000000000,94711.82426609
1755095100000000000,94711.82426609
1755095160000000000,94711.82426609
1755095220000000000,94711.82426609
1755095280000000000,94711.82426609
1755095340000000000,94711.82426609
1755095400000000000,94711.82426609
1755095460000000000,94711.82426609
1755095520000000000,94711.82426609
1755095580000000000,94711.82426609
1755095640000000000,94711.82426609
1755095700000000000,94711.82426609
1755095760000000000,94711.82426609
1755095820000000000,94711.82426609
1755095880000000000,94711.82426609
1755095940000000000,94711.82426609
1755096000000000000,94711.82426609
1755096060000000000,94711.82426609
1755096120000000000,94711.82426609
1755096180000000000,94711.82426609
1755096240000000000,94711.82426609
1755096300000000000,94711.82426609
1755096360000000000,94711.82426609
1755096420000000000,94711.82426609
1755096480000000000,94711.82426609
1755096540000000000,94711.82426609
1755096600000000000,94711.82426609
1755096660000000000,94711.82426609
1755096720000000000,94711.82426609
1755096780000000000,94711.82426609
1755096840000000000,94711.82426609
1755096900000000000,94711.82426609
1755096960000000000,94711.82426609
1755097020000000000,94711.82426609
1755097080000000000,94711.82426609
1755097140000000000,94711.82426609
1755097200000000000,94711.82426609
1755097260000000000,94711.82426609
1755097320000000000,94711.82426609
1755097380000000000,94711.82426609
1755097440000000000,94711.82426609
1755097500000000000,94711.82426609
1755097560000000000,94711.82426609
1755097620000000000,94711.82426609
1755097680000000000,94711.82426609
1755097740000000000,94711.82426609
1755097800000000000,94711.82426609
1755097860000000000,94711.82426609
1755097920000000000,94711.82426609
1755097980000000000,94711.82426609
1755098040000000000,94711.82426609
1755098100000000000,94711.82426609
1755098160000000000,94711.82426609
1755098220000000000,94711.82426609
1755098280000000000,94711.82426609
1755098340000000000,94711.82426609
1755098400000000000,94711.82426609
1755098460000000000,94711.82426609
1755098520000000000,94711.82426609
1755098580000000000,94711.82426609
1755098640000000000,94711.82426609
1755098700000000000,94711.82426609
1755098760000000000,94711.82426609
1755098820000000000,94711.82426609
1755098880000000000,94711.82426609
1755098940000000000,94711.82426609
1755099000000000000,94711.82426609
1755099060000000000,94711.82426609
1755099120000000000,94711.82426609
1755099180000000000,94711.82426609
1755099240000000000,94711.82426609
1755099300000000000,94711.82426609
1755099360000000000,94711.82426609
1755099420000000000,94711.82426609
1755099480000000000,94711.82426609
1755099540000000000,94711.82426609
1755099600000000000,94711.82426609
1755099660000000000,94711.82426609
1755099720000000000,94711.82426609
1755099780000000000,94711.82426609
1755099840000000000,94711.82426609
1755099900000000000,94711.82426609
1755099960000000000,94711.82426609
1755100020000000000,94711.82426609
1755100080000000000,94711.82426609
1755100140000000000,94711.82426609
1755100200000000000,94711.82426609
1755100260000000000,94711.82426609
1755100320000000000,94711.82426609
1755100380000000000,94711.82426609
1755100440000000000,94711.82426609
1755100500000000000,94711.82426609
1755100560000000000,94711.82426609
1755100620000000000,94711.82426609
1755100680000000000,94711.82426609
1755100740000000000,94711.82426609
1755100800000000000,94711.82426609
1755100860000000000,94711.82426609
1755100920000000000,94711.82426609
1755100980000000000,94711.82426609
1755101040000000000,94711.82426609
1755101100000000000,94711.82426609
1755101160000000000,94711.82426609
1755101220000000000,94711.82426609
1755101280000000000,94711.82426609
1755101340000000000,94711.82426609
1755101400000000000,94711.82426609
1755101460000000000,94711.82426609
1755101520000000000,94711.82426609
1755101580000000000,94711.82426609
1755101640000000000,94711.82426609
1755101700000000000,94711.82426609
1755101760000000000,94711.82426609
1755101820000000000,94711.82426609
1755101880000000000,94711.82426609
1755101940000000000,94711.82426609
1755102000000000000,94711.82426609
1755102060000000000,94711.82426609
1755102120000000000,94711.82426609
1755102180000000000,94711.82426609
1755102240000000000,94711.82426609
1755102300000000000,94711.82426609
1755102360000000000,94711.82426609
1755102420000000000,94711.82426609
1755102480000000000,94711.82426609
1755102540000000000,94711.82426609
1755102600000000000,94711.82426609
1755102660000000000,94711.82426609
1755102720000000000,94711.82426609
1755102780000000000,94711.82426609
1755102840000000000,94711.82426609
1755102900000000000,94711.82426609
1755102960000000000,94711.82426609
1755103020000000000,94711.82426609
1755103080000000000,94711.82426609
1755103140000000000,94711.82426609
1755103200000000000,94711.82426609
1755103260000000000,94711.82426609
1755103320000000000,94711.82426609
1755103380000000000,94711.82426609
1755103440000000000,94711.82426609
1755103500000000000,94711.82426609
1755103560000000000,94711.82426609
1755103620000000000,94711.82426609
1755103680000000000,94711.82426609
1755103740000000000,94711.82426609
1755103800000000000,94711.82426609
1755103860000000000,94711.82426609
1755103920000000000,94711.82426609
1755103980000000000,94711.82426609
1755104040000000000,94711.82426609
1755104100000000000,94711.82426609
1755104160000000000,94711.82426609
1755104220000000000,94711.82426609
1755104280000000000,94711.82426609
1755104340000000000,94711.82426609
1755104400000000000,94711.82426609
1755104460000000000,94711.82426609
1755104520000000000,94711.82426609
1755104580000000000,94711.82426609
1755104640000000000,94711.82426609
1755104700000000000,94711.82426609
1755104760000000000,94711.82426609
1755104820000000000,94711.82426609
1755104880000000000,94711.82426609
1755104940000000000,94711.82426609
1755105000000000000,94711.82426609
1755105060000000000,94711.82426609
1755105120000000000,94711.82426609
1755105180000000000,94711.82426609
1755105240000000000,94711.82426609
1755105300000000000,94711.82426609
1755105360000000000,94711.82426609
1755105420000000000,94711.82426609
1755105480000000000,94711.82426609
1755105540000000000,94711.82426609
1755105600000000000,94711.82426609
1755105660000000000,94711.82426609
1755105720000000000,94711.82426609
1755105780000000000,94711.82426609
1755105840000000000,94711.82426609
1755105900000000000,94711.82426609
1755105960000000000,94711.82426609
1755106020000000000,94711.82426609
1755106080000000000,94711.82426609
1755106140000000000,94711.82426609
1755106200000000000,94711.82426609
1755106260000000000,94711.82426609
1755106320000000000,94711.82426609
1755106380000000000,94711.82426609
1755106440000000000,94711.82426609
1755106500000000000,94711.82426609
1755106560000000000,94711.82426609
1755106620000000000,94711.82426609
1755106680000000000,94711.82426609
1755106740000000000,94711.82426609
1755106800000000000,94711.82426609
1755106860000000000,94711.82426609
1755106920000000000,94711.82426609
1755106980000000000,94711.82426609
1755107040000000000,94711.82426609
1755107100000000000,94711.82426609
1755107160000000000,94711.82426609
1755107220000000000,94711.82426609
1755107280000000000,94711.82426609
1755107340000000000,94711.82426609
1755107400000000000,94711.82426609
1755107460000000000,94711.82426609
1755107520000000000,94711.82426609
1755107580000000000,94711.82426609
1755107640000000000,94711.82426609
1755107700000000000,94711.82426609
1755107760000000000,94711.82426609
1755107820000000000,94711.82426609
1755107880000000000,94711.82426609
1755107940000000000,94711.82426609
1755108000000000000,94711.82426609
1755108060000000000,94711.82426609
1755108120000000000,94711.82426609
1755108180000000000,94711.82426609
1755108240000000000,94711.82426609
1755108300000000000,94711.82426609
1755108360000000000,94711.82426609
1755108420000000000,94711.82426609
1755108480000000000,94711.82426609
1755108540000000000,94711.82426609
1755108600000000000,94711.82426609
1755108660000000000,94711.82426609
1755108720000000000,94711.82426609
1755108780000000000,94711.82426609
1755108840000000000,94711.82426609
1755108900000000000,94711.82426609
1755108960000000000,94711.82426609
1755109020000000000,94711.82426609
1755109080000000000,94711.82426609
1755109140000000000,94711.82426609
1755109200000000000,94711.82426609
1755109260000000000,94711.82426609
1755109320000000000,94711.82426609
1755109380000000000,94711.82426609
1755109440000000000,94711.82426609
1755109500000000000,94711.82426609
1755109560000000000,94711.82426609
1755109620000000000,94711.82426609
1755109680000000000,94711.82426609
1755109740000000000,94711.82426609
1755109800000000000,93821.52419089
1755109860000000000,95034.80739089
1755109920000000000,95391.65539089001
1755109980000000000,96212.40579089
1755110040000000000,94963.43779089
1755110100000000000,95427.34019089
1755110160000000000,95534.39459089
1755110220000000000,95141.86179089
1755110280000000000,91968.75153249
1755110340000000000,91968.75153249
1755110400000000000,91968.75153249
1755110460000000000,91968.75153249
1755110520000000000,91968.75153249
1755110580000000000,91968.75153249
1755110640000000000,91968.75153249
1755110700000000000,91968.75153249
1755110760000000000,91968.75153249
1755110820000000000,91968.75153249
1755110880000000000,91968.75153249
1755110940000000000,91968.75153249
1755111000000000000,91968.75153249
1755111060000000000,91968.75153249
1755111120000000000,91968.75153249
1755111180000000000,91968.75153249
1755111240000000000,91968.75153249
1755111300000000000,91968.75153249
1755111360000000000,91968.75153249
1755111420000000000,91968.75153249
1755111480000000000,91968.75153249
1755111540000000000,91968.75153249
1755111600000000000,91968.75153249
1755111660000000000,91968.75153249
1755111720000000000,91968.75153249
1755111780000000000,91968.75153249
1755111840000000000,91968.75153249
1755111900000000000,91968.75153249
1755111960000000000,91968.75153249
1755112020000000000,91968.75153249
1755112080000000000,91968.75153249
1755112140000000000,91968.75153249
1755112200000000000,91968.75153249
1755112260000000000,91968.75153249
1755112320000000000,91968.75153249
1755112380000000000,91968.75153249
1755112440000000000,91968.75153249
1755112500000000000,91968.75153249
1755112560000000000,91968.75153249
1755112620000000000,91968.75153249
1755112680000000000,91968.75153249
1755112740000000000,91968.75153249
1755112800000000000,91968.75153249
1755112860000000000,91968.75153249
1755112920000000000,91968.75153249
1755112980000000000,91968.75153249
1755113040000000000,91968.75153249
1755113100000000000,91968.75153249
1755113160000000000,91968.75153249
1755113220000000000,91968.75153249
1755113280000000000,91968.75153249
1755113340000000000,91968.75153249
1755113400000000000,91968.75153249
1755113460000000000,91968.75153249
1755113520000000000,91968.75153249
1755113580000000000,91968.75153249
1755113640000000000,91968.75153249
1755113700000000000,91968.75153249
1755113760000000000,91968.75153249
1755113820000000000,91968.75153249
1755113880000000000,91968.75153249
1755113940000000000,91968.75153249
1755114000000000000,91968.75153249
1755114060000000000,91968.75153249
1755114120000000000,91968.75153249
1755114180000000000,91968.75153249
1755114240000000000,91968.75153249
1755114300000000000,91968.75153249
1755114360000000000,91968.75153249
1755114420000000000,91968.75153249
1755114480000000000,91968.75153249
1755114540000000000,91968.75153249
1755114600000000000,91968.75153249
1755114660000000000,91968.75153249
1755114720000000000,91968.75153249
1755114780000000000,91968.75153249
1755114840000000000,91968.75153249
1755114900000000000,91968.75153249
1755114960000000000,91968.75153249
1755115020000000000,91968.75153249
1755115080000000000,91968.75153249
1755115140000000000,91968.75153249
1755115200000000000,91968.75153249
1755115260000000000,91968.75153249
1755115320000000000,91968.75153249
1755115380000000000,91968.75153249
1755115440000000000,91968.75153249
1755115500000000000,91968.75153249
1755115560000000000,91968.75153249
1755115620000000000,91968.75153249
1755115680000000000,91968.75153249
1755115740000000000,91968.75153249
1755115800000000000,91968.75153249
1755115860000000000,91968.75153249
1755115920000000000,91968.75153249
1755115980000000000,91968.75153249
1755116040000000000,91968.75153249
1755116100000000000,91968.75153249
1755116160000000000,91968.75153249
1755116220000000000,91968.75153249
1755116280000000000,91968.75153249
1755116340000000000,91968.75153249
1755116400000000000,91968.75153249
1755116460000000000,91968.75153249
1755116520000000000,91968.75153249
1755116580000000000,91968.75153249
1755116640000000000,91968.75153249
1755116700000000000,91968.75153249
1755116760000000000,91968.75153249
1755116820000000000,91968.75153249
1755116880000000000,91968.75153249
1755116940000000000,91968.75153249
1755117000000000000,91968.75153249
1755117060000000000,91968.75153249
1755117120000000000,91968.75153249
1755117180000000000,91968.75153249
1755117240000000000,91968.75153249
1755117300000000000,91968.75153249
1755117360000000000,91968.75153249
1755117420000000000,91968.75153249
1755117480000000000,91968.75153249
1755117540000000000,91968.75153249
1755117600000000000,91968.75153249
1755117660000000000,91968.75153249
1755117720000000000,91968.75153249
1755117780000000000,91968.75153249
1755117840000000000,91968.75153249
1755117900000000000,91968.75153249
1755117960000000000,91968.75153249
1755118020000000000,91968.75153249
1755118080000000000,91968.75153249
1755118140000000000,91968.75153249
1755118200000000000,91968.75153249
1755118260000000000,91968.75153249
1755118320000000000,91968.75153249
1755118380000000000,91968.75153249
1755118440000000000,91968.75153249
1755118500000000000,91968.75153249
1755118560000000000,91968.75153249
1755118620000000000,91968.75153249
1755118680000000000,91968.75153249
1755118740000000000,91968.75153249
1755118800000000000,91968.75153249
1755118860000000000,91968.75153249
1755118920000000000,91968.75153249
1755118980000000000,91968.75153249
1755119040000000000,91968.75153249
1755119100000000000,91968.75153249
1755119160000000000,91968.75153249
1755119220000000000,91968.75153249
1755119280000000000,91968.75153249
1755119340000000000,91968.75153249
1755119400000000000,91968.75153249
1755119460000000000,91968.75153249
1755119520000000000,91968.75153249
1755119580000000000,91968.75153249
1755119640000000000,91968.75153249
1755119700000000000,91968.75153249
1755119760000000000,91968.75153249
1755119820000000000,91968.75153249
1755119880000000000,91968.75153249
1755119940000000000,91968.75153249
1755120000000000000,91968.75153249
1755120060000000000,91968.75153249
1755120120000000000,91968.75153249
1755120180000000000,91968.75153249
1755120240000000000,91968.75153249
1755120300000000000,91968.75153249
1755120360000000000,91968.75153249
1755120420000000000,91968.75153249
1755120480000000000,91968.75153249
1755120540000000000,91968.75153249
1755120600000000000,91968.75153249
1755120660000000000,91968.75153249
1755120720000000000,91968.75153249
1755120780000000000,91968.75153249
1755120840000000000,91968.75153249
1755120900000000000,91968.75153249
1755120960000000000,91968.75153249
1755121020000000000,91968.75153249
1755121080000000000,91968.75153249
1755121140000000000,91968.75153249
1755121200000000000,91968.75153249
1755121260000000000,91968.75153249
1755121320000000000,91968.75153249
1755121380000000000,91968.75153249
1755121440000000000,91968.75153249
1755121500000000000,91968.75153249
1755121560000000000,91968.75153249
1755121620000000000,91968.75153249
1755121680000000000,91968.75153249
1755121740000000000,91968.75153249
1755121800000000000,91968.75153249
1755121860000000000,91968.75153249
1755121920000000000,91968.75153249
1755121980000000000,91968.75153249
1755122040000000000,91968.75153249
1755122100000000000,91968.75153249
1755122160000000000,91968.75153249
1755122220000000000,91968.75153249
1755122280000000000,91968.75153249
1755122340000000000,91968.75153249
1755122400000000000,91968.75153249
1755122460000000000,91968.75153249
1755122520000000000,91968.75153249
1755122580000000000,91968.75153249
1755122640000000000,91968.75153249
1755122700000000000,91968.75153249
1755122760000000000,91968.75153249
1755122820000000000,91968.75153249
1755122880000000000,91968.75153249
1755122940000000000,91968.75153249
1755123000000000000,91968.75153249
1755123060000000000,91968.75153249
1755123120000000000,91968.75153249
1755123180000000000,91968.75153249
1755123240000000000,91968.75153249
1755123300000000000,91968.75153249
1755123360000000000,91968.75153249
1755123420000000000,91968.75153249
1755123480000000000,91968.75153249
1755123540000000000,91968.75153249
1755123600000000000,91968.75153249
1755123660000000000,91968.75153249
1755123720000000000,91968.75153249
1755123780000000000,90999.64662117
1755123840000000000,93138.95106117
1755123900000000000,92233.86072117
1755123960000000000,91767.60206117001
1755124020000000000,91109.35454117
1755124080000000000,90204.26420117001
1755124140000000000,90505.96098117
1755124200000000000,90451.10702117
1755124260000000000,90725.37682117001
1755124320000000000,89289.12187300001
1755124380000000000,89289.12187300001
1755124440000000000,89289.12187300001
1755124500000000000,89289.12187300001
1755124560000000000,89289.12187300001
1755124620000000000,89289.12187300001
1755124680000000000,89289.12187300001
1755124740000000000,89289.12187300001
1755124800000000000,89289.12187300001
1755124860000000000,89289.12187300001
1755124920000000000,89289.12187300001
1755124980000000000,89289.12187300001
1755125040000000000,89289.12187300001
1755125100000000000,89289.12187300001
1755125160000000000,89289.12187300001
1755125220000000000,89289.12187300001
1755125280000000000,89289.12187300001
1755125340000000000,89289.12187300001
1755125400000000000,89289.12187300001
1755125460000000000,89289.12187300001
1755125520000000000,89289.12187300001
1755125580000000000,89289.12187300001
1755125640000000000,89289.12187300001
1755125700000000000,89289.12187300001
1755125760000000000,89289.12187300001
1755125820000000000,89289.12187300001
1755125880000000000,89289.12187300001
1755125940000000000,89289.12187300001
1755126000000000000,89289.12187300001
1755126060000000000,89289.12187300001
1755126120000000000,89289.12187300001
1755126180000000000,89289.12187300001
1755126240000000000,89289.12187300001
1755126300000000000,89289.12187300001
1755126360000000000,89289.12187300001
1755126420000000000,89289.12187300001
1755126480000000000,89289.12187300001
1755126540000000000,89289.12187300001
1755126600000000000,89289.12187300001
1755126660000000000,89289.12187300001
1755126720000000000,89289.12187300001
1755126780000000000,89289.12187300001
1755126840000000000,89289.12187300001
1755126900000000000,89289.12187300001
1755126960000000000,89289.12187300001
1755127020000000000,89289.12187300001
1755127080000000000,89289.12187300001
1755127140000000000,89289.12187300001
1755127200000000000,89289.12187300001
1755127260000000000,89289.12187300001
1755127320000000000,89289.12187300001
1755127380000000000,89289.12187300001
1755127440000000000,89289.12187300001
1755127500000000000,89289.12187300001
1755127560000000000,89289.12187300001
1755127620000000000,89289.12187300001
1755127680000000000,89289.12187300001
1755127740000000000,89289.12187300001
1755127800000000000,89289.12187300001
1755127860000000000,89289.12187300001
1755127920000000000,89289.12187300001
1755127980000000000,89289.12187300001
1755128040000000000,89289.12187300001
1755128100000000000,89289.12187300001
1755128160000000000,89289.12187300001
1755128220000000000,89289.12187300001
1755128280000000000,89289.12187300001
1755128340000000000,89289.12187300001
1755128400000000000,89289.12187300001
1755128460000000000,89289.12187300001
1755128520000000000,89289.12187300001
1755128580000000000,89289.12187300001
1755128640000000000,89289.12187300001
1755128700000000000,89289.12187300001
1755128760000000000,89289.12187300001
1755128820000000000,89289.12187300001
1755128880000000000,89289.12187300001
1755128940000000000,89289.12187300001
1755129000000000000,89289.12187300001
1755129060000000000,89289.12187300001
1755129120000000000,89289.12187300001
1755129180000000000,89289.12187300001
1755129240000000000,89289.12187300001
1755129300000000000,89289.12187300001
1755129360000000000,89289.12187300001
1755129420000000000,89289.12187300001
1755129480000000000,89289.12187300001
1755129540000000000,89289.12187300001
1755129600000000000,89289.12187300001
1755129660000000000,89289.12187300001
1755129720000000000,89289.12187300001
1755129780000000000,89289.12187300001
1755129840000000000,89289.12187300001
1755129900000000000,89289.12187300001
1755129960000000000,89289.12187300001
1755130020000000000,89289.12187300001
1755130080000000000,89289.12187300001
1755130140000000000,89289.12187300001
1755130200000000000,89289.12187300001
1755130260000000000,89289.12187300001
1755130320000000000,89289.12187300001
1755130380000000000,89289.12187300001
1755130440000000000,89289.12187300001
1755130500000000000,89289.12187300001
1755130560000000000,89289.12187300001
1755130620000000000,89289.12187300001
1755130680000000000,89289.12187300001
1755130740000000000,89289.12187300001
1755130800000000000,89289.12187300001
1755130860000000000,89289.12187300001
1755130920000000000,89289.12187300001
1755130980000000000,89289.12187300001
1755131040000000000,89289.12187300001
1755131100000000000,89289.12187300001
1755131160000000000,89289.12187300001
1755131220000000000,89289.12187300001
1755131280000000000,89289.12187300001
1755131340000000000,89289.12187300001
1755131400000000000,89289.12187300001
1755131460000000000,89289.12187300001
1755131520000000000,89289.12187300001
1755131580000000000,89289.12187300001
1755131640000000000,89289.12187300001
1755131700000000000,89289.12187300001
1755131760000000000,89289.12187300001
1755131820000000000,89289.12187300001
1755131880000000000,89289.12187300001
1755131940000000000,89289.12187300001
1755132000000000000,89289.12187300001
1755132060000000000,89289.12187300001
1755132120000000000,89289.12187300001
1755132180000000000,89289.12187300001
1755132240000000000,89289.12187300001
1755132300000000000,89289.12187300001
1755132360000000000,89289.12187300001
1755132420000000000,89289.12187300001
1755132480000000000,89289.12187300001
1755132540000000000,89289.12187300001
1755132600000000000,89289.12187300001
1755132660000000000,89289.12187300001
1755132720000000000,89289.12187300001
1755132780000000000,89289.12187300001
1755132840000000000,89289.12187300001
1755132900000000000,89289.12187300001
1755132960000000000,89289.12187300001
1755133020000000000,89289.12187300001
1755133080000000000,89289.12187300001
1755133140000000000,89289.12187300001
1755133200000000000,89289.12187300001
1755133260000000000,89289.12187300001
1755133320000000000,89289.12187300001
1755133380000000000,89289.12187300001
1755133440000000000,89289.12187300001
1755133500000000000,89289.12187300001
1755133560000000000,89289.12187300001
1755133620000000000,89289.12187300001
1755133680000000000,89289.12187300001
1755133740000000000,89289.12187300001
1755133800000000000,89289.12187300001
1755133860000000000,89289.12187300001
1755133920000000000,89289.12187300001
1755133980000000000,89289.12187300001
1755134040000000000,89289.12187300001
1755134100000000000,89289.12187300001
1755134160000000000,89289.12187300001
1755134220000000000,89289.12187300001
1755134280000000000,89289.12187300001
1755134340000000000,89289.12187300001
1755134400000000000,89289.12187300001
1755134460000000000,89289.12187300001
1755134520000000000,89289.12187300001
1755134580000000000,89289.12187300001
1755134640000000000,89289.12187300001
1755134700000000000,89289.12187300001
1755134760000000000,89289.12187300001
1755134820000000000,89289.12187300001
1755134880000000000,89289.12187300001
1755134940000000000,89289.12187300001
1755135000000000000,89289.12187300001
1755135060000000000,89289.12187300001
1755135120000000000,89289.12187300001
1755135180000000000,89289.12187300001
1755135240000000000,89289.12187300001
1755135300000000000,89289.12187300001
1755135360000000000,89289.12187300001
1755135420000000000,89289.12187300001
1755135480000000000,89289.12187300001
1755135540000000000,89289.12187300001
1755135600000000000,89289.12187300001
1755135660000000000,89289.12187300001
1755135720000000000,89289.12187300001
1755135780000000000,89289.12187300001
1755135840000000000,89289.12187300001
1755135900000000000,89289.12187300001
1755135960000000000,89289.12187300001
1755136020000000000,89289.12187300001
1755136080000000000,89289.12187300001
1755136140000000000,89289.12187300001
1755136200000000000,89289.12187300001
1755136260000000000,89289.12187300001
1755136320000000000,89289.12187300001
1755136380000000000,89289.12187300001
1755136440000000000,89289.12187300001
1755136500000000000,89289.12187300001
1755136560000000000,89289.12187300001
1755136620000000000,89289.12187300001
1755136680000000000,89289.12187300001
1755136740000000000,89289.12187300001
1755136800000000000,89289.12187300001
1755136860000000000,89289.12187300001
1755136920000000000,89289.12187300001
1755136980000000000,89289.12187300001
1755137040000000000,89289.12187300001
1755137100000000000,89289.12187300001
1755137160000000000,89289.12187300001
1755137220000000000,89289.12187300001
1755137280000000000,89289.12187300001
1755137340000000000,89289.12187300001
1755137400000000000,89289.12187300001
1755137460000000000,89289.12187300001
1755137520000000000,89289.12187300001
1755137580000000000,89289.12187300001
1755137640000000000,89289.12187300001
1755137700000000000,89289.12187300001
1755137760000000000,89289.12187300001
1755137820000000000,89289.12187300001
1755137880000000000,89289.12187300001
1755137940000000000,89289.12187300001
1755138000000000000,89289.12187300001
1755138060000000000,89289.12187300001
1755138120000000000,89289.12187300001
1755138180000000000,89289.12187300001
1755138240000000000,89289.12187300001
1755138300000000000,89289.12187300001
1755138360000000000,89289.12187300001
1755138420000000000,89289.12187300001
1755138480000000000,89289.12187300001
1755138540000000000,89289.12187300001
1755138600000000000,89289.12187300001
1755138660000000000,89289.12187300001
1755138720000000000,89289.12187300001
1755138780000000000,89289.12187300001
1755138840000000000,89289.12187300001
1755138900000000000,89289.12187300001
1755138960000000000,89289.12187300001
1755139020000000000,89289.12187300001
1755139080000000000,89289.12187300001
1755139140000000000,89289.12187300001
1755139200000000000,89289.12187300001
1755139260000000000,89289.12187300001
1755139320000000000,89289.12187300001
1755139380000000000,89289.12187300001
1755139440000000000,89289.12187300001
1755139500000000000,89289.12187300001
1755139560000000000,89289.12187300001
1755139620000000000,89289.12187300001
1755139680000000000,89289.12187300001
1755139740000000000,89289.12187300001
1755139800000000000,89289.12187300001
1755139860000000000,89289.12187300001
1755139920000000000,89289.12187300001
1755139980000000000,89289.12187300001
1755140040000000000,89289.12187300001
1755140100000000000,89289.12187300001
1755140160000000000,89289.12187300001
1755140220000000000,89289.12187300001
1755140280000000000,89289.12187300001
1755140340000000000,89289.12187300001
1755140400000000000,89289.12187300001
1755140460000000000,89289.12187300001
1755140520000000000,89289.12187300001
1755140580000000000,89289.12187300001
1755140640000000000,89289.12187300001
1755140700000000000,89289.12187300001
1755140760000000000,89289.12187300001
1755140820000000000,89289.12187300001
1755140880000000000,89289.12187300001
1755140940000000000,89289.12187300001
1755141000000000000,89289.12187300001
1755141060000000000,89289.12187300001
1755141120000000000,89289.12187300001
1755141180000000000,89289.12187300001
1755141240000000000,89289.12187300001
1755141300000000000,89289.12187300001
1755141360000000000,89289.12187300001
1755141420000000000,89289.12187300001
1755141480000000000,89289.12187300001
1755141540000000000,89289.12187300001
1755141600000000000,89289.12187300001
1755141660000000000,89289.12187300001
1755141720000000000,89289.12187300001
1755141780000000000,89289.12187300001
1755141840000000000,89289.12187300001
1755141900000000000,89289.12187300001
1755141960000000000,89289.12187300001
1755142020000000000,89289.12187300001
1755142080000000000,89289.12187300001
1755142140000000000,89289.12187300001
1755142200000000000,89289.12187300001
1755142260000000000,89289.12187300001
1755142320000000000,89289.12187300001
1755142380000000000,89289.12187300001
1755142440000000000,89289.12187300001
1755142500000000000,89289.12187300001
1755142560000000000,89289.12187300001
1755142620000000000,89289.12187300001
1755142680000000000,89289.12187300001
1755142740000000000,89289.12187300001
1755142800000000000,89289.12187300001
1755142860000000000,89289.12187300001
1755142920000000000,89289.12187300001
1755142980000000000,89289.12187300001
1755143040000000000,89289.12187300001
1755143100000000000,89289.12187300001
1755143160000000000,89289.12187300001
1755143220000000000,89289.12187300001
1755143280000000000,89289.12187300001
1755143340000000000,89289.12187300001
1755143400000000000,89289.12187300001
1755143460000000000,89289.12187300001
1755143520000000000,89289.12187300001
1755143580000000000,89289.12187300001
1755143640000000000,89289.12187300001
1755143700000000000,89289.12187300001
1755143760000000000,89289.12187300001
1755143820000000000,89289.12187300001
1755143880000000000,89289.12187300001
1755143940000000000,89289.12187300001
1755144000000000000,89289.12187300001
1755144060000000000,89289.12187300001
1755144120000000000,89289.12187300001
1755144180000000000,89289.12187300001
1755144240000000000,89289.12187300001
1755144300000000000,89289.12187300001
1755144360000000000,89289.12187300001
1755144420000000000,89289.12187300001
1755144480000000000,89289.12187300001
1755144540000000000,89289.12187300001
1755144600000000000,89289.12187300001
1755144660000000000,89289.12187300001
1755144720000000000,89289.12187300001
1755144780000000000,89289.12187300001
1755144840000000000,89289.12187300001
1755144900000000000,89289.12187300001
1755144960000000000,89289.12187300001
1755145020000000000,89289.12187300001
1755145080000000000,89289.12187300001
1755145140000000000,89289.12187300001
1755145200000000000,89289.12187300001
1755145260000000000,89289.12187300001
1755145320000000000,89289.12187300001
1755145380000000000,89289.12187300001
1755145440000000000,89289.12187300001
1755145500000000000,89289.12187300001
1755145560000000000,89289.12187300001
1755145620000000000,89289.12187300001
1755145680000000000,89289.12187300001
1755145740000000000,89289.12187300001
1755145800000000000,89289.12187300001
1755145860000000000,89289.12187300001
1755145920000000000,88896.1602088
1755145980000000000,89491.5036088
1755146040000000000,89579.0541088
1755146100000000000,89894.23590880001
1755146160000000000,89368.93290880001
1755146220000000000,90226.9278088
1755146280000000000,89719.1349088
1755146340000000000,89176.3218088
1755146400000000000,88055.6754088
1755146460000000000,88160.7360088
1755146520000000000,88318.3269088
1755146580000000000,88615.9986088
1755146640000000000,88475.9178088
1755146700000000000,88108.2057088
1755146760000000000,88668.5289088
1755146820000000000,88213.2663088
1755146880000000000,87810.53400880001
1755146940000000000,88038.1653088
1755147000000000000,89088.7713088
1755147060000000000,89298.8925088
1755147120000000000,89088.7713088
1755147180000000000,88931.1804088
1755147240000000000,88563.4683088
1755147300000000000,89036.2410088
1755147360000000000,89386.44300880001
1755147420000000000,89596.5642088
1755147480000000000,89473.9935088
1755147540000000000,89421.4632088
1755147600000000000,89946.7662088
1755147660000000000,90156.8874088
1755147720000000000,89281.3824088
1755147780000000000,89491.5036088
1755147840000000000,88948.6905088
1755147900000000000,88773.5895088
1755147960000000000,87512.8623088
1755148020000000000,88125.7158088
1755148080000000000,88773.5895088
1755148140000000000,87968.1249088
1755148200000000000,87933.1047088
1755148260000000000,88440.8976088
1755148320000000000,88861.14000880001
1755148380000000000,89018.7309088
1755148440000000000,89491.5036088
1755148500000000000,89964.2763088
1755148560000000000,88931.1804088
1755148620000000000,88983.7107088
1755148680000000000,88440.8976088
1755148740000000000,88545.9582088
1755148800000000000,88983.7107088
1755148860000000000,89141.3016088
1755148920000000000,89018.7309088
1755148980000000000,87863.0643088
1755149040000000000,87880.5744088
1755149100000000000,87985.6350088
1755149160000000000,88861.14000880001
1755149220000000000,88861.14000880001
1755149280000000000,89036.2410088
1755149340000000000,89438.9733088
1755149400000000000,90034.3167088
1755149460000000000,91502.56310793999
1755149520000000000,91502.56310793999
1755149580000000000,91502.56310793999
1755149640000000000,91502.56310793999
1755149700000000000,91502.56310793999
1755149760000000000,91502.56310793999
1755149820000000000,91502.56310793999
1755149880000000000,91502.56310793999
1755149940000000000,91502.56310793999
1755150000000000000,91502.56310793999
1755150060000000000,91502.56310793999
1755150120000000000,91502.56310793999
1755150180000000000,91502.56310793999
1755150240000000000,91502.56310793999
1755150300000000000,91502.56310793999
1755150360000000000,91502.56310793999
1755150420000000000,91502.56310793999
1755150480000000000,91502.56310793999
1755150540000000000,91502.56310793999
1755150600000000000,91502.56310793999
1755150660000000000,91502.56310793999
1755150720000000000,91502.56310793999
1755150780000000000,91502.56310793999
1755150840000000000,91502.56310793999
1755150900000000000,91502.56310793999
1755150960000000000,91502.56310793999
1755151020000000000,91502.56310793999
1755151080000000000,91502.56310793999
1755151140000000000,91502.56310793999
1755151200000000000,91502.56310793999
1755151260000000000,91502.56310793999
1755151320000000000,91502.56310793999
1755151380000000000,91502.56310793999
1755151440000000000,91502.56310793999
1755151500000000000,91502.56310793999
1755151560000000000,91502.56310793999
1755151620000000000,91502.56310793999
1755151680000000000,91502.56310793999
1755151740000000000,91502.56310793999
1755151800000000000,91502.56310793999
1755151860000000000,91502.56310793999
1755151920000000000,91502.56310793999
1755151980000000000,91502.56310793999
1755152040000000000,91502.56310793999
1755152100000000000,91502.56310793999
1755152160000000000,91502.56310793999
1755152220000000000,91502.56310793999
1755152280000000000,91502.56310793999
1755152340000000000,91502.56310793999
1755152400000000000,91502.56310793999
1755152460000000000,91502.56310793999
1755152520000000000,91502.56310793999
1755152580000000000,91502.56310793999
1755152640000000000,91502.56310793999
1755152700000000000,91502.56310793999
1755152760000000000,91502.56310793999
1755152820000000000,91502.56310793999
1755152880000000000,91502.56310793999
1755152940000000000,91502.56310793999
1755153000000000000,91502.56310793999
1755153060000000000,91502.56310793999
1755153120000000000,91502.56310793999
1755153180000000000,91502.56310793999
1755153240000000000,91502.56310793999
1755153300000000000,91502.56310793999
1755153360000000000,91502.56310793999
1755153420000000000,91502.56310793999
1755153480000000000,91502.56310793999
1755153540000000000,91502.56310793999
1755153600000000000,91502.56310793999
1755153660000000000,91502.56310793999
1755153720000000000,91502.56310793999
1755153780000000000,91502.56310793999
1755153840000000000,91502.56310793999
1755153900000000000,91502.56310793999
1755153960000000000,91502.56310793999
1755154020000000000,91502.56310793999
1755154080000000000,91502.56310793999
1755154140000000000,91502.56310793999
1755154200000000000,91502.56310793999
1755154260000000000,91502.56310793999
1755154320000000000,91502.56310793999
1755154380000000000,91502.56310793999
1755154440000000000,91502.56310793999
1755154500000000000,91502.56310793999
1755154560000000000,91502.56310793999
1755154620000000000,91502.56310793999
1755154680000000000,91502.56310793999
1755154740000000000,91502.56310793999
1755154800000000000,91502.56310793999
1755154860000000000,91502.56310793999
1755154920000000000,91502.56310793999
1755154980000000000,91502.56310793999
1755155040000000000,91502.56310793999
1755155100000000000,91502.56310793999
1755155160000000000,91502.56310793999
1755155220000000000,91502.56310793999
1755155280000000000,91502.56310793999
1755155340000000000,91502.56310793999
1755155400000000000,91502.56310793999
1755155460000000000,91502.56310793999
1755155520000000000,91502.56310793999
1755155580000000000,91502.56310793999
1755155640000000000,91502.56310793999
1755155700000000000,91502.56310793999
1755155760000000000,91502.56310793999
1755155820000000000,91502.56310793999
1755155880000000000,91502.56310793999
1755155940000000000,91502.56310793999
1755156000000000000,91502.56310793999
1755156060000000000,91502.56310793999
1755156120000000000,91502.56310793999
1755156180000000000,91502.56310793999
1755156240000000000,91502.56310793999
1755156300000000000,91502.56310793999
1755156360000000000,91502.56310793999
1755156420000000000,91502.56310793999
1755156480000000000,91502.56310793999
1755156540000000000,91502.56310793999
1755156600000000000,91502.56310793999
1755156660000000000,91502.56310793999
1755156720000000000,91502.56310793999
1755156780000000000,91502.56310793999
1755156840000000000,91502.56310793999
1755156900000000000,91502.56310793999
1755156960000000000,91502.56310793999
1755157020000000000,91502.56310793999
1755157080000000000,91502.56310793999
1755157140000000000,91502.56310793999
1755157200000000000,91502.56310793999
1755157260000000000,91502.56310793999
1755157320000000000,91502.56310793999
1755157380000000000,91502.56310793999
1755157440000000000,91502.56310793999
1755157500000000000,91502.56310793999
1755157560000000000,91502.56310793999
1755157620000000000,91502.56310793999
1755157680000000000,91502.56310793999
1755157740000000000,91502.56310793999
1755157800000000000,91502.56310793999
1755157860000000000,91502.56310793999
1755157920000000000,91502.56310793999
1755157980000000000,91502.56310793999
1755158040000000000,91502.56310793999
1755158100000000000,91502.56310793999
1755158160000000000,91502.56310793999
1755158220000000000,91502.56310793999
1755158280000000000,91502.56310793999
1755158340000000000,91502.56310793999
1755158400000000000,91502.56310793999
1755158460000000000,91502.56310793999
1755158520000000000,91502.56310793999
1755158580000000000,91502.56310793999
1755158640000000000,91502.56310793999
1755158700000000000,91502.56310793999
1755158760000000000,91502.56310793999
1755158820000000000,91502.56310793999
1755158880000000000,91502.56310793999
1755158940000000000,91502.56310793999
1755159000000000000,91502.56310793999
1755159060000000000,91502.56310793999
1755159120000000000,91502.56310793999
1755159180000000000,91502.56310793999
1755159240000000000,91502.56310793999
1755159300000000000,91502.56310793999
1755159360000000000,91502.56310793999
1755159420000000000,91502.56310793999
1755159480000000000,91502.56310793999
1755159540000000000,91502.56310793999
1755159600000000000,91502.56310793999
1755159660000000000,91502.56310793999
1755159720000000000,91502.56310793999
1755159780000000000,91502.56310793999
1755159840000000000,91502.56310793999
1755159900000000000,91502.56310793999
1755159960000000000,91502.56310793999
1755160020000000000,91502.56310793999
1755160080000000000,91502.56310793999
1755160140000000000,91502.56310793999
1755160200000000000,91502.56310793999
1755160260000000000,91502.56310793999
1755160320000000000,91502.56310793999
1755160380000000000,91502.56310793999
1755160440000000000,91502.56310793999
1755160500000000000,91502.56310793999
1755160560000000000,91502.56310793999
1755160620000000000,91502.56310793999
1755160680000000000,91502.56310793999
1755160740000000000,91502.56310793999
1755160800000000000,91502.56310793999
1755160860000000000,91502.56310793999
1755160920000000000,91502.56310793999
1755160980000000000,91502.56310793999
1755161040000000000,91502.56310793999
1755161100000000000,91502.56310793999
1755161160000000000,91502.56310793999
1755161220000000000,91502.56310793999
1755161280000000000,91502.56310793999
1755161340000000000,91502.56310793999
1755161400000000000,91502.56310793999
1755161460000000000,91502.56310793999
1755161520000000000,91502.56310793999
1755161580000000000,91502.56310793999
1755161640000000000,91502.56310793999
1755161700000000000,91502.56310793999
1755161760000000000,91502.56310793999
1755161820000000000,91502.56310793999
1755161880000000000,91502.56310793999
1755161940000000000,91502.56310793999
1755162000000000000,91502.56310793999
1755162060000000000,91502.56310793999
1755162120000000000,91502.56310793999
1755162180000000000,91502.56310793999
1755162240000000000,91502.56310793999
1755162300000000000,91502.56310793999
1755162360000000000,91502.56310793999
1755162420000000000,91502.56310793999
1755162480000000000,91502.56310793999
1755162540000000000,91502.56310793999
1755162600000000000,91502.56310793999
1755162660000000000,91502.56310793999
1755162720000000000,91502.56310793999
1755162780000000000,91502.56310793999
1755162840000000000,91502.56310793999
1755162900000000000,91502.56310793999
1755162960000000000,91502.56310793999
1755163020000000000,91502.56310793999
1755163080000000000,91502.56310793999
1755163140000000000,91502.56310793999
1755163200000000000,91502.56310793999
1755163260000000000,91502.56310793999
1755163320000000000,91502.56310793999
1755163380000000000,91502.56310793999
1755163440000000000,91502.56310793999
1755163500000000000,91502.56310793999
1755163560000000000,91502.56310793999
1755163620000000000,91502.56310793999
1755163680000000000,91502.56310793999
1755163740000000000,91502.56310793999
1755163800000000000,91502.56310793999
1755163860000000000,91502.56310793999
1755163920000000000,91502.56310793999
1755163980000000000,91502.56310793999
1755164040000000000,91502.56310793999
1755164100000000000,91502.56310793999
1755164160000000000,91502.56310793999
1755164220000000000,91502.56310793999
1755164280000000000,91502.56310793999
1755164340000000000,91502.56310793999
1755164400000000000,91502.56310793999
1755164460000000000,91502.56310793999
1755164520000000000,91502.56310793999
1755164580000000000,91502.56310793999
1755164640000000000,91502.56310793999
1755164700000000000,91502.56310793999
1755164760000000000,91502.56310793999
1755164820000000000,91502.56310793999
1755164880000000000,91502.56310793999
1755164940000000000,91502.56310793999
1755165000000000000,91502.56310793999
1755165060000000000,91502.56310793999
1755165120000000000,91502.56310793999
1755165180000000000,91502.56310793999
1755165240000000000,91502.56310793999
1755165300000000000,91502.56310793999
1755165360000000000,91502.56310793999
1755165420000000000,91502.56310793999
1755165480000000000,91502.56310793999
1755165540000000000,91502.56310793999
1755165600000000000,91502.56310793999
1755165660000000000,91502.56310793999
1755165720000000000,91502.56310793999
1755165780000000000,91502.56310793999
1755165840000000000,91502.56310793999
1755165900000000000,91502.56310793999
1755165960000000000,91502.56310793999
1755166020000000000,91502.56310793999
1755166080000000000,91502.56310793999
1755166140000000000,91502.56310793999
1755166200000000000,91502.56310793999
1755166260000000000,91502.56310793999
1755166320000000000,91502.56310793999
1755166380000000000,91502.56310793999
1755166440000000000,91502.56310793999
1755166500000000000,91502.56310793999
1755166560000000000,91502.56310793999
1755166620000000000,91502.56310793999
1755166680000000000,91502.56310793999
1755166740000000000,91502.56310793999
1755166800000000000,91502.56310793999
1755166860000000000,91502.56310793999
1755166920000000000,91502.56310793999
1755166980000000000,91502.56310793999
1755167040000000000,91502.56310793999
1755167100000000000,91502.56310793999
1755167160000000000,91502.56310793999
1755167220000000000,91502.56310793999
1755167280000000000,91502.56310793999
1755167340000000000,91502.56310793999
1755167400000000000,91502.56310793999
1755167460000000000,91502.56310793999
1755167520000000000,91502.56310793999
1755167580000000000,91502.56310793999
1755167640000000000,91502.56310793999
1755167700000000000,91502.56310793999
1755167760000000000,91502.56310793999
1755167820000000000,91502.56310793999
1755167880000000000,91502.56310793999
1755167940000000000,91502.56310793999
1755168000000000000,91502.56310793999
1755168060000000000,91502.56310793999
1755168120000000000,91502.56310793999
1755168180000000000,91502.56310793999
1755168240000000000,91502.56310793999
1755168300000000000,91502.56310793999
1755168360000000000,91502.56310793999
1755168420000000000,91502.56310793999
1755168480000000000,91502.56310793999
1755168540000000000,91502.56310793999
1755168600000000000,91502.56310793999
1755168660000000000,91502.56310793999
1755168720000000000,91502.56310793999
1755168780000000000,91502.56310793999
1755168840000000000,91502.56310793999
1755168900000000000,91502.56310793999
1755168960000000000,91502.56310793999
1755169020000000000,91502.56310793999
1755169080000000000,91502.56310793999
1755169140000000000,91502.56310793999
1755169200000000000,91502.56310793999
1755169260000000000,91502.56310793999
1755169320000000000,91502.56310793999
1755169380000000000,91502.56310793999
1755169440000000000,91502.56310793999
1755169500000000000,91502.56310793999
1755169560000000000,91502.56310793999
1755169620000000000,91502.56310793999
1755169680000000000,91502.56310793999
1755169740000000000,91502.56310793999
1755169800000000000,91502.56310793999
1755169860000000000,91502.56310793999
1755169920000000000,91502.56310793999
1755169980000000000,91502.56310793999
1755170040000000000,91502.56310793999
1755170100000000000,91502.56310793999
1755170160000000000,91502.56310793999
1755170220000000000,91502.56310793999
1755170280000000000,91502.56310793999
1755170340000000000,91502.56310793999
1755170400000000000,91502.56310793999
1755170460000000000,91502.56310793999
1755170520000000000,91502.56310793999
1755170580000000000,91502.56310793999
1755170640000000000,91502.56310793999
1755170700000000000,91502.56310793999
1755170760000000000,91502.56310793999
1755170820000000000,91502.56310793999
1755170880000000000,91502.56310793999
1755170940000000000,91502.56310793999
1755171000000000000,91502.56310793999
1755171060000000000,91502.56310793999
1755171120000000000,91502.56310793999
1755171180000000000,91502.56310793999
1755171240000000000,91502.56310793999
1755171300000000000,91502.56310793999
1755171360000000000,91502.56310793999
1755171420000000000,91502.56310793999
1755171480000000000,91502.56310793999
1755171540000000000,91502.56310793999
1755171600000000000,91502.56310793999
1755171660000000000,91502.56310793999
1755171720000000000,91502.56310793999
1755171780000000000,91502.56310793999
1755171840000000000,91502.56310793999
1755171900000000000,91502.56310793999
1755171960000000000,91502.56310793999
1755172020000000000,91502.56310793999
1755172080000000000,91502.56310793999
1755172140000000000,91502.56310793999
1755172200000000000,91502.56310793999
1755172260000000000,91502.56310793999
1755172320000000000,91502.56310793999
1755172380000000000,91502.56310793999
1755172440000000000,91502.56310793999
1755172500000000000,91502.56310793999
1755172560000000000,91502.56310793999
1755172620000000000,91502.56310793999
1755172680000000000,91502.56310793999
1755172740000000000,91502.56310793999
1755172800000000000,91502.56310793999
1755172860000000000,91502.56310793999
1755172920000000000,91502.56310793999
1755172980000000000,91502.56310793999
1755173040000000000,91502.56310793999
1755173100000000000,91502.56310793999
1755173160000000000,91502.56310793999
1755173220000000000,91502.56310793999
1755173280000000000,91502.56310793999
1755173340000000000,91502.56310793999
1755173400000000000,91502.56310793999
1755173460000000000,91502.56310793999
1755173520000000000,91502.56310793999
1755173580000000000,91502.56310793999
1755173640000000000,91502.56310793999
1755173700000000000,91502.56310793999
1755173760000000000,91502.56310793999
1755173820000000000,91502.56310793999
1755173880000000000,91502.56310793999
1755173940000000000,91502.56310793999
1755174000000000000,91502.56310793999
1755174060000000000,91502.56310793999
1755174120000000000,91502.56310793999
1755174180000000000,91502.56310793999
1755174240000000000,91502.56310793999
1755174300000000000,91502.56310793999
1755174360000000000,91502.56310793999
1755174420000000000,91502.56310793999
1755174480000000000,91502.56310793999
1755174540000000000,91502.56310793999
1755174600000000000,91502.56310793999
1755174660000000000,91502.56310793999
1755174720000000000,91502.56310793999
1755174780000000000,91502.56310793999
1755174840000000000,91502.56310793999
1755174900000000000,91502.56310793999
1755174960000000000,91502.56310793999
1755175020000000000,91502.56310793999
1755175080000000000,91502.56310793999
1755175140000000000,91502.56310793999
1755175200000000000,91502.56310793999
1755175260000000000,91502.56310793999
1755175320000000000,91502.56310793999
1755175380000000000,91502.56310793999
1755175440000000000,91502.56310793999
1755175500000000000,91502.56310793999
1755175560000000000,91502.56310793999
1755175620000000000,91502.56310793999
1755175680000000000,91502.56310793999
1755175740000000000,91502.56310793999
1755175800000000000,91502.56310793999
1755175860000000000,91502.56310793999
1755175920000000000,91502.56310793999
1755175980000000000,91502.56310793999
1755176040000000000,91502.56310793999
1755176100000000000,91502.56310793999
1755176160000000000,91502.56310793999
1755176220000000000,91502.56310793999
1755176280000000000,91502.56310793999
1755176340000000000,91502.56310793999
1755176400000000000,91502.56310793999
1755176460000000000,91502.56310793999
1755176520000000000,91502.56310793999
1755176580000000000,91502.56310793999
1755176640000000000,91502.56310793999
1755176700000000000,91502.56310793999
1755176760000000000,91502.56310793999
1755176820000000000,91502.56310793999
1755176880000000000,91502.56310793999
1755176940000000000,91502.56310793999
1755177000000000000,91502.56310793999
1755177060000000000,91502.56310793999
1755177120000000000,91502.56310793999
1755177180000000000,91502.56310793999
1755177240000000000,91502.56310793999
1755177300000000000,91502.56310793999
1755177360000000000,91502.56310793999
1755177420000000000,91502.56310793999
1755177480000000000,91502.56310793999
1755177540000000000,91502.56310793999
1755177600000000000,91502.56310793999
1755177660000000000,91502.56310793999
1755177720000000000,91502.56310793999
1755177780000000000,91502.56310793999
1755177840000000000,91502.56310793999
1755177900000000000,91502.56310793999
1755177960000000000,91502.56310793999
1755178020000000000,91502.56310793999
1755178080000000000,91502.56310793999
1755178140000000000,91502.56310793999
1755178200000000000,91502.56310793999
1755178260000000000,91502.56310793999
1755178320000000000,91502.56310793999
1755178380000000000,91502.56310793999
1755178440000000000,91502.56310793999
1755178500000000000,91502.56310793999
1755178560000000000,91502.56310793999
1755178620000000000,91502.56310793999
1755178680000000000,91502.56310793999
1755178740000000000,91502.56310793999
1755178800000000000,91502.56310793999
1755178860000000000,91502.56310793999
1755178920000000000,91502.56310793999
1755178980000000000,91502.56310793999
1755179040000000000,91502.56310793999
1755179100000000000,91502.56310793999
1755179160000000000,91502.56310793999
1755179220000000000,91502.56310793999
1755179280000000000,91502.56310793999
1755179340000000000,91502.56310793999
1755179400000000000,91502.56310793999
1755179460000000000,91502.56310793999
1755179520000000000,91502.56310793999
1755179580000000000,91502.56310793999
1755179640000000000,91502.56310793999
1755179700000000000,91502.56310793999
1755179760000000000,91502.56310793999
1755179820000000000,91502.56310793999
1755179880000000000,91502.56310793999
1755179940000000000,91502.56310793999
1755180000000000000,91502.56310793999
1755180060000000000,91502.56310793999
1755180120000000000,91502.56310793999
1755180180000000000,91502.56310793999
1755180240000000000,91502.56310793999
1755180300000000000,91502.56310793999
1755180360000000000,91502.56310793999
1755180420000000000,91502.56310793999
1755180480000000000,91502.56310793999
1755180540000000000,91502.56310793999
1755180600000000000,91502.56310793999
1755180660000000000,91502.56310793999
1755180720000000000,91502.56310793999
1755180780000000000,91502.56310793999
1755180840000000000,91502.56310793999
1755180900000000000,91502.56310793999
1755180960000000000,91502.56310793999
1755181020000000000,91502.56310793999
1755181080000000000,91502.56310793999
1755181140000000000,91502.56310793999
1755181200000000000,91502.56310793999
1755181260000000000,91502.56310793999
1755181320000000000,91502.56310793999
1755181380000000000,91502.56310793999
1755181440000000000,91502.56310793999
1755181500000000000,91502.56310793999
1755181560000000000,91502.56310793999
1755181620000000000,91502.56310793999
1755181680000000000,91502.56310793999
1755181740000000000,91502.56310793999
1755181800000000000,91502.56310793999
1755181860000000000,91502.56310793999
1755181920000000000,91502.56310793999
1755181980000000000,91502.56310793999
1755182040000000000,91502.56310793999
1755182100000000000,91502.56310793999
1755182160000000000,91502.56310793999
1755182220000000000,91502.56310793999
1755182280000000000,91502.56310793999
1755182340000000000,91502.56310793999
1755182400000000000,91502.56310793999
1755182460000000000,91502.56310793999
1755182520000000000,91502.56310793999
1755182580000000000,91502.56310793999
1755182640000000000,91502.56310793999
1755182700000000000,91502.56310793999
1755182760000000000,91502.56310793999
1755182820000000000,91502.56310793999
1755182880000000000,91502.56310793999
1755182940000000000,91502.56310793999
1755183000000000000,91502.56310793999
1755183060000000000,91502.56310793999
1755183120000000000,91502.56310793999
1755183180000000000,91502.56310793999
1755183240000000000,91502.56310793999
1755183300000000000,91502.56310793999
1755183360000000000,91502.56310793999
1755183420000000000,91502.56310793999
1755183480000000000,91502.56310793999
1755183540000000000,91502.56310793999
1755183600000000000,91502.56310793999
1755183660000000000,91502.56310793999
1755183720000000000,91502.56310793999
1755183780000000000,91502.56310793999
1755183840000000000,91502.56310793999
1755183900000000000,91502.56310793999
1755183960000000000,91502.56310793999
1755184020000000000,91502.56310793999
1755184080000000000,91502.56310793999
1755184140000000000,91502.56310793999
1755184200000000000,91502.56310793999
1755184260000000000,91502.56310793999
1755184320000000000,91502.56310793999
1755184380000000000,91502.56310793999
1755184440000000000,91502.56310793999
1755184500000000000,91502.56310793999
1755184560000000000,91502.56310793999
1755184620000000000,91502.56310793999
1755184680000000000,91502.56310793999
1755184740000000000,91502.56310793999
1755184800000000000,91502.56310793999
1755184860000000000,91502.56310793999
1755184920000000000,91502.56310793999
1755184980000000000,91502.56310793999
1755185040000000000,91502.56310793999
1755185100000000000,91502.56310793999
1755185160000000000,91502.56310793999
1755185220000000000,91502.56310793999
1755185280000000000,91502.56310793999
1755185340000000000,91502.56310793999
1755185400000000000,91502.56310793999
1755185460000000000,91502.56310793999
1755185520000000000,91502.56310793999
1755185580000000000,91502.56310793999
1755185640000000000,91502.56310793999
1755185700000000000,91502.56310793999
1755185760000000000,91502.56310793999
1755185820000000000,91502.56310793999
1755185880000000000,91502.56310793999
1755185940000000000,91502.56310793999
1755186000000000000,91502.56310793999
1755186060000000000,91502.56310793999
1755186120000000000,91502.56310793999
1755186180000000000,91502.56310793999
1755186240000000000,91502.56310793999
1755186300000000000,91502.56310793999
1755186360000000000,91502.56310793999
1755186420000000000,91502.56310793999
1755186480000000000,91502.56310793999
1755186540000000000,91502.56310793999
1755186600000000000,91502.56310793999
1755186660000000000,91502.56310793999
1755186720000000000,91502.56310793999
1755186780000000000,91502.56310793999
1755186840000000000,91502.56310793999
1755186900000000000,91502.56310793999
1755186960000000000,91502.56310793999
1755187020000000000,91502.56310793999
1755187080000000000,91502.56310793999
1755187140000000000,91502.56310793999
1755187200000000000,91502.56310793999
1755187260000000000,91502.56310793999
1755187320000000000,91502.56310793999
1755187380000000000,91502.56310793999
1755187440000000000,91502.56310793999
1755187500000000000,91502.56310793999
1755187560000000000,91502.56310793999
1755187620000000000,91502.56310793999
1755187680000000000,91502.56310793999
1755187740000000000,91502.56310793999
1755187800000000000,91502.56310793999
1755187860000000000,91502.56310793999
1755187920000000000,91502.56310793999
1755187980000000000,91502.56310793999
1755188040000000000,91502.56310793999
1755188100000000000,91502.56310793999
1755188160000000000,91502.56310793999
1755188220000000000,91502.56310793999
1755188280000000000,91502.56310793999
1755188340000000000,91502.56310793999
1755188400000000000,91502.56310793999
1755188460000000000,91502.56310793999
1755188520000000000,91502.56310793999
1755188580000000000,91502.56310793999
1755188640000000000,91502.56310793999
1755188700000000000,91502.56310793999
1755188760000000000,91502.56310793999
1755188820000000000,91502.56310793999
1755188880000000000,91502.56310793999
1755188940000000000,91502.56310793999
1755189000000000000,91502.56310793999
1755189060000000000,91502.56310793999
1755189120000000000,91502.56310793999
1755189180000000000,91502.56310793999
1755189240000000000,91502.56310793999
1755189300000000000,91502.56310793999
1755189360000000000,91502.56310793999
1755189420000000000,91502.56310793999
1755189480000000000,91502.56310793999
1755189540000000000,91502.56310793999
1755189600000000000,91502.56310793999
1755189660000000000,91502.56310793999
1755189720000000000,91502.56310793999
1755189780000000000,91502.56310793999
1755189840000000000,91502.56310793999
1755189900000000000,91502.56310793999
1755189960000000000,91502.56310793999
1755190020000000000,91502.56310793999
1755190080000000000,91502.56310793999
1755190140000000000,91502.56310793999
1755190200000000000,91502.56310793999
1755190260000000000,91502.56310793999
1755190320000000000,91502.56310793999
1755190380000000000,91502.56310793999
1755190440000000000,91502.56310793999
1755190500000000000,91502.56310793999
1755190560000000000,91502.56310793999
1755190620000000000,91502.56310793999
1755190680000000000,91502.56310793999
1755190740000000000,91502.56310793999
1755190800000000000,91502.56310793999
1755190860000000000,91502.56310793999
1755190920000000000,91502.56310793999
1755190980000000000,91502.56310793999
1755191040000000000,91502.56310793999
1755191100000000000,91502.56310793999
1755191160000000000,91502.56310793999
1755191220000000000,91502.56310793999
1755191280000000000,91502.56310793999
1755191340000000000,91502.56310793999
1755191400000000000,91502.56310793999
1755191460000000000,91502.56310793999
1755191520000000000,91502.56310793999
1755191580000000000,91502.56310793999
1755191640000000000,91502.56310793999
1755191700000000000,91502.56310793999
1755191760000000000,91502.56310793999
1755191820000000000,91502.56310793999
1755191880000000000,91502.56310793999
1755191940000000000,91502.56310793999
1755192000000000000,91502.56310793999
1755192060000000000,91502.56310793999
1755192120000000000,91502.56310793999
1755192180000000000,91502.56310793999
1755192240000000000,91502.56310793999
1755192300000000000,91502.56310793999
1755192360000000000,91502.56310793999
1755192420000000000,91502.56310793999
1755192480000000000,91502.56310793999
1755192540000000000,91502.56310793999
1755192600000000000,91502.56310793999
1755192660000000000,91502.56310793999
1755192720000000000,91502.56310793999
1755192780000000000,91502.56310793999
1755192840000000000,91502.56310793999
1755192900000000000,91502.56310793999
1755192960000000000,91502.56310793999
1755193020000000000,91502.56310793999
1755193080000000000,91502.56310793999
1755193140000000000,91502.56310793999
1755193200000000000,91502.56310793999
1755193260000000000,91502.56310793999
1755193320000000000,91502.56310793999
1755193380000000000,91502.56310793999
1755193440000000000,91502.56310793999
1755193500000000000,91502.56310793999
1755193560000000000,91502.56310793999
1755193620000000000,91502.56310793999
1755193680000000000,91502.56310793999
1755193740000000000,91502.56310793999
1755193800000000000,91502.56310793999
1755193860000000000,91502.56310793999
1755193920000000000,91502.56310793999
1755193980000000000,91502.56310793999
1755194040000000000,91502.56310793999
1755194100000000000,91502.56310793999
1755194160000000000,91502.56310793999
1755194220000000000,91502.56310793999
1755194280000000000,91502.56310793999
1755194340000000000,91502.56310793999
1755194400000000000,91502.56310793999
1755194460000000000,91502.56310793999
1755194520000000000,91502.56310793999
1755194580000000000,91502.56310793999
1755194640000000000,91502.56310793999
1755194700000000000,91502.56310793999
1755194760000000000,91502.56310793999
1755194820000000000,91502.56310793999
1755194880000000000,91502.56310793999
1755194940000000000,91502.56310793999
1755195000000000000,91502.56310793999
1755195060000000000,91502.56310793999
1755195120000000000,91502.56310793999
1755195180000000000,91502.56310793999
1755195240000000000,91502.56310793999
1755195300000000000,91502.56310793999
1755195360000000000,91502.56310793999
1755195420000000000,91502.56310793999
1755195480000000000,91502.56310793999
1755195540000000000,91502.56310793999
1755195600000000000,91502.56310793999
1755195660000000000,91502.56310793999
1755195720000000000,91502.56310793999
1755195780000000000,91502.56310793999
1755195840000000000,91502.56310793999
1755195900000000000,91502.56310793999
1755195960000000000,91502.56310793999
1755196020000000000,91502.56310793999
1755196080000000000,91502.56310793999
1755196140000000000,91502.56310793999
1755196200000000000,91502.56310793999
1755196260000000000,91502.56310793999
1755196320000000000,91502.56310793999
1755196380000000000,91502.56310793999
1755196440000000000,91502.56310793999
1755196500000000000,91502.56310793999
1755196560000000000,91502.56310793999
1755196620000000000,91502.56310793999
1755196680000000000,91502.56310793999
1755196740000000000,91502.56310793999
1755196800000000000,91502.56310793999
1755196860000000000,91502.56310793999
1755196920000000000,91502.56310793999
1755196980000000000,91502.56310793999
1755197040000000000,91502.56310793999
1755197100000000000,91502.56310793999
1755197160000000000,91502.56310793999
1755197220000000000,91502.56310793999
1755197280000000000,91502.56310793999
1755197340000000000,91502.56310793999
1755197400000000000,91502.56310793999
1755197460000000000,91502.56310793999
1755197520000000000,91502.56310793999
1755197580000000000,91502.56310793999
1755197640000000000,91502.56310793999
1755197700000000000,91502.56310793999
1755197760000000000,91502.56310793999
1755197820000000000,91502.56310793999
1755197880000000000,91502.56310793999
1755197940000000000,91502.56310793999
1755198000000000000,91502.56310793999
1755198060000000000,91502.56310793999
1755198120000000000,91502.56310793999
1755198180000000000,91502.56310793999
1755198240000000000,91502.56310793999
1755198300000000000,91502.56310793999
1755198360000000000,91502.56310793999
1755198420000000000,91502.56310793999
1755198480000000000,91502.56310793999
1755198540000000000,91502.56310793999
1755198600000000000,91502.56310793999
1755198660000000000,91502.56310793999
1755198720000000000,91502.56310793999
1755198780000000000,91502.56310793999
1755198840000000000,91502.56310793999
1755198900000000000,91502.56310793999
1755198960000000000,91502.56310793999
1755199020000000000,91502.56310793999
1755199080000000000,91502.56310793999
1755199140000000000,91502.56310793999
1755199200000000000,91502.56310793999
1755199260000000000,91502.56310793999
1755199320000000000,91502.56310793999
1755199380000000000,91502.56310793999
1755199440000000000,91502.56310793999
1755199500000000000,91502.56310793999
1755199560000000000,91502.56310793999
1755199620000000000,91502.56310793999
1755199680000000000,91502.56310793999
1755199740000000000,91502.56310793999
1755199800000000000,91502.56310793999
1755199860000000000,91502.56310793999
1755199920000000000,91502.56310793999
1755199980000000000,91502.56310793999
1755200040000000000,91502.56310793999
1755200100000000000,91502.56310793999
1755200160000000000,91502.56310793999
1755200220000000000,91502.56310793999
1755200280000000000,91502.56310793999
1755200340000000000,91502.56310793999
1755200400000000000,91502.56310793999
1755200460000000000,91502.56310793999
1755200520000000000,91502.56310793999
1755200580000000000,91502.56310793999
1755200640000000000,91502.56310793999
1755200700000000000,91502.56310793999
1755200760000000000,91502.56310793999
1755200820000000000,91502.56310793999
1755200880000000000,91502.56310793999
1755200940000000000,91502.56310793999
1755201000000000000,91502.56310793999
1755201060000000000,91502.56310793999
1755201120000000000,91502.56310793999
1755201180000000000,91502.56310793999
1755201240000000000,91502.56310793999
1755201300000000000,91502.56310793999
1755201360000000000,91502.56310793999
1755201420000000000,91502.56310793999
1755201480000000000,91502.56310793999
1755201540000000000,91502.56310793999
1755201600000000000,91502.56310793999
1755201660000000000,91502.56310793999
1755201720000000000,91502.56310793999
1755201780000000000,91502.56310793999
1755201840000000000,91502.56310793999
1755201900000000000,91502.56310793999
1755201960000000000,91502.56310793999
1755202020000000000,91502.56310793999
1755202080000000000,91502.56310793999
1755202140000000000,91502.56310793999
1755202200000000000,91502.56310793999
1755202260000000000,91502.56310793999
1755202320000000000,91502.56310793999
1755202380000000000,91502.56310793999
1755202440000000000,91502.56310793999
1755202500000000000,91502.56310793999
1755202560000000000,91502.56310793999
1755202620000000000,91502.56310793999
1755202680000000000,91502.56310793999
1755202740000000000,91502.56310793999
1755202800000000000,91502.56310793999
1755202860000000000,91502.56310793999
1755202920000000000,91502.56310793999
1755202980000000000,91502.56310793999
1755203040000000000,91502.56310793999
1755203100000000000,91502.56310793999
1755203160000000000,91502.56310793999
1755203220000000000,91502.56310793999
1755203280000000000,91502.56310793999
1755203340000000000,91502.56310793999
1755203400000000000,91502.56310793999
1755203460000000000,91502.56310793999
1755203520000000000,91502.56310793999
1755203580000000000,91502.56310793999
1755203640000000000,91502.56310793999
1755203700000000000,91502.56310793999
1755203760000000000,91502.56310793999
1755203820000000000,91502.56310793999
1755203880000000000,91502.56310793999
1755203940000000000,91502.56310793999
1755204000000000000,91502.56310793999
1755204060000000000,91502.56310793999
1755204120000000000,91502.56310793999
1755204180000000000,91502.56310793999
1755204240000000000,91502.56310793999
1755204300000000000,91502.56310793999
1755204360000000000,91502.56310793999
1755204420000000000,91502.56310793999
1755204480000000000,91502.56310793999
1755204540000000000,91502.56310793999
1755204600000000000,91502.56310793999
1755204660000000000,91502.56310793999
1755204720000000000,91502.56310793999
1755204780000000000,91502.56310793999
1755204840000000000,91502.56310793999
1755204900000000000,91502.56310793999
1755204960000000000,91502.56310793999
1755205020000000000,91502.56310793999
1755205080000000000,91502.56310793999
1755205140000000000,91502.56310793999
1755205200000000000,91502.56310793999
1755205260000000000,91502.56310793999
1755205320000000000,91502.56310793999
1755205380000000000,91502.56310793999
1755205440000000000,91502.56310793999
1755205500000000000,91502.56310793999
1755205560000000000,91502.56310793999
1755205620000000000,91502.56310793999
1755205680000000000,91502.56310793999
1755205740000000000,91502.56310793999
1755205800000000000,91502.56310793999
1755205860000000000,91502.56310793999
1755205920000000000,91502.56310793999
1755205980000000000,91502.56310793999
1755206040000000000,91502.56310793999
1755206100000000000,91502.56310793999
1755206160000000000,91502.56310793999
1755206220000000000,91502.56310793999
1755206280000000000,91502.56310793999
1755206340000000000,91502.56310793999
1755206400000000000,91502.56310793999
1755206460000000000,91502.56310793999
1755206520000000000,91502.56310793999
1755206580000000000,91502.56310793999
1755206640000000000,91502.56310793999
1755206700000000000,91502.56310793999
1755206760000000000,91502.56310793999
1755206820000000000,91502.56310793999
1755206880000000000,91502.56310793999
1755206940000000000,91502.56310793999
1755207000000000000,91502.56310793999
1755207060000000000,91502.56310793999
1755207120000000000,91502.56310793999
1755207180000000000,91502.56310793999
1755207240000000000,91502.56310793999
1755207300000000000,91502.56310793999
1755207360000000000,91502.56310793999
1755207420000000000,91502.56310793999
1755207480000000000,91502.56310793999
1755207540000000000,91502.56310793999
1755207600000000000,91502.56310793999
1755207660000000000,91502.56310793999
1755207720000000000,91502.56310793999
1755207780000000000,91502.56310793999
1755207840000000000,91502.56310793999
1755207900000000000,91502.56310793999
1755207960000000000,91502.56310793999
1755208020000000000,91502.56310793999
1755208080000000000,91502.56310793999
1755208140000000000,91502.56310793999
1755208200000000000,91502.56310793999
1755208260000000000,91502.56310793999
1755208320000000000,91502.56310793999
1755208380000000000,91502.56310793999
1755208440000000000,91502.56310793999
1755208500000000000,91502.56310793999
1755208560000000000,91502.56310793999
1755208620000000000,91502.56310793999
1755208680000000000,91502.56310793999
1755208740000000000,91502.56310793999
1755208800000000000,91502.56310793999
1755208860000000000,91502.56310793999
1755208920000000000,91502.56310793999
1755208980000000000,91502.56310793999
1755209040000000000,91502.56310793999
1755209100000000000,91502.56310793999
1755209160000000000,91502.56310793999
1755209220000000000,91502.56310793999
1755209280000000000,91502.56310793999
1755209340000000000,91502.56310793999
1755209400000000000,91502.56310793999
1755209460000000000,91502.56310793999
1755209520000000000,91502.56310793999
1755209580000000000,91502.56310793999
1755209640000000000,91502.56310793999
1755209700000000000,91502.56310793999
1755209760000000000,91502.56310793999
1755209820000000000,91502.56310793999
1755209880000000000,91502.56310793999
1755209940000000000,91502.56310793999
1755210000000000000,91502.56310793999
1755210060000000000,91502.56310793999
1755210120000000000,91502.56310793999
1755210180000000000,91502.56310793999
1755210240000000000,91502.56310793999
1755210300000000000,91502.56310793999
1755210360000000000,91502.56310793999
1755210420000000000,91502.56310793999
1755210480000000000,91502.56310793999
1755210540000000000,91502.56310793999
1755210600000000000,91502.56310793999
1755210660000000000,91502.56310793999
1755210720000000000,91502.56310793999
1755210780000000000,91502.56310793999
1755210840000000000,91502.56310793999
1755210900000000000,91502.56310793999
1755210960000000000,91502.56310793999
1755211020000000000,91502.56310793999
1755211080000000000,91502.56310793999
1755211140000000000,91502.56310793999
1755211200000000000,91502.56310793999
1755211260000000000,91502.56310793999
1755211320000000000,91502.56310793999
1755211380000000000,91502.56310793999
1755211440000000000,91502.56310793999
1755211500000000000,91502.56310793999
1755211560000000000,91502.56310793999
1755211620000000000,91502.56310793999
1755211680000000000,91502.56310793999
1755211740000000000,91502.56310793999
1755211800000000000,91502.56310793999
1755211860000000000,91502.56310793999
1755211920000000000,91502.56310793999
1755211980000000000,91502.56310793999
1755212040000000000,91502.56310793999
1755212100000000000,91502.56310793999
1755212160000000000,91502.56310793999
1755212220000000000,91502.56310793999
1755212280000000000,91502.56310793999
1755212340000000000,91502.56310793999
1755212400000000000,91502.56310793999
1755212460000000000,91502.56310793999
1755212520000000000,91502.56310793999
1755212580000000000,91502.56310793999
1755212640000000000,91502.56310793999
1755212700000000000,91502.56310793999
1755212760000000000,91502.56310793999
1755212820000000000,91502.56310793999
1755212880000000000,91502.56310793999
1755212940000000000,91502.56310793999
1755213000000000000,91502.56310793999
1755213060000000000,91502.56310793999
1755213120000000000,91502.56310793999
1755213180000000000,91502.56310793999
1755213240000000000,91502.56310793999
1755213300000000000,91502.56310793999
1755213360000000000,91502.56310793999
1755213420000000000,91502.56310793999
1755213480000000000,91502.56310793999
1755213540000000000,91502.56310793999
1755213600000000000,91502.56310793999
1755213660000000000,91502.56310793999
1755213720000000000,91502.56310793999
1755213780000000000,91502.56310793999
1755213840000000000,91502.56310793999
1755213900000000000,91502.56310793999
1755213960000000000,91502.56310793999
1755214020000000000,91502.56310793999
1755214080000000000,91502.56310793999
1755214140000000000,91502.56310793999
1755214200000000000,91502.56310793999
1755214260000000000,91502.56310793999
1755214320000000000,91502.56310793999
1755214380000000000,91502.56310793999
1755214440000000000,91502.56310793999
1755214500000000000,91502.56310793999
1755214560000000000,91502.56310793999
1755214620000000000,91502.56310793999
1755214680000000000,91502.56310793999
1755214740000000000,91502.56310793999
1755214800000000000,91502.56310793999
1755214860000000000,91502.56310793999
1755214920000000000,91502.56310793999
1755214980000000000,91502.56310793999
1755215040000000000,91502.56310793999
1755215100000000000,91502.56310793999
1755215160000000000,91502.56310793999
1755215220000000000,91502.56310793999
1755215280000000000,91502.56310793999
1755215340000000000,91502.56310793999
1755215400000000000,91502.56310793999
1755215460000000000,91502.56310793999
1755215520000000000,91502.56310793999
1755215580000000000,91502.56310793999
1755215640000000000,91502.56310793999
1755215700000000000,91502.56310793999
1755215760000000000,91502.56310793999
1755215820000000000,91502.56310793999
1755215880000000000,91502.56310793999
1755215940000000000,91502.56310793999
1755216000000000000,91502.56310793999
1755216060000000000,91502.56310793999
1755216120000000000,91502.56310793999
1755216180000000000,91502.56310793999
1755216240000000000,91502.56310793999
1755216300000000000,91502.56310793999
1755216360000000000,91502.56310793999
1755216420000000000,91502.56310793999
1755216480000000000,91502.56310793999
1755216540000000000,91502.56310793999
1755216600000000000,91502.56310793999
1755216660000000000,91502.56310793999
1755216720000000000,91502.56310793999
1755216780000000000,91502.56310793999
1755216840000000000,91502.56310793999
1755216900000000000,91502.56310793999
1755216960000000000,91502.56310793999
1755217020000000000,91502.56310793999
1755217080000000000,91502.56310793999
1755217140000000000,91502.56310793999
1755217200000000000,91502.56310793999
1755217260000000000,91502.56310793999
1755217320000000000,91502.56310793999
1755217380000000000,91502.56310793999
1755217440000000000,91502.56310793999
1755217500000000000,91502.56310793999
1755217560000000000,91502.56310793999
1755217620000000000,91502.56310793999
1755217680000000000,91502.56310793999
1755217740000000000,91502.56310793999
1755217800000000000,91502.56310793999
1755217860000000000,91502.56310793999
1755217920000000000,91502.56310793999
1755217980000000000,91502.56310793999
1755218040000000000,91502.56310793999
1755218100000000000,91502.56310793999
1755218160000000000,91502.56310793999
1755218220000000000,91502.56310793999
1755218280000000000,91502.56310793999
1755218340000000000,91502.56310793999
1755218400000000000,91502.56310793999
1755218460000000000,91502.56310793999
1755218520000000000,91502.56310793999
1755218580000000000,91502.56310793999
1755218640000000000,91502.56310793999
1755218700000000000,91502.56310793999
1755218760000000000,91502.56310793999
1755218820000000000,91502.56310793999
1755218880000000000,91502.56310793999
1755218940000000000,91502.56310793999
1755219000000000000,91502.56310793999
1755219060000000000,91502.56310793999
1755219120000000000,91502.56310793999
1755219180000000000,91502.56310793999
1755219240000000000,91502.56310793999
1755219300000000000,91502.56310793999
1755219360000000000,91502.56310793999
1755219420000000000,91502.56310793999
1755219480000000000,91502.56310793999
1755219540000000000,91502.56310793999
1755219600000000000,91502.56310793999
1755219660000000000,91502.56310793999
1755219720000000000,91502.56310793999
1755219780000000000,91502.56310793999
1755219840000000000,91502.56310793999
1755219900000000000,91502.56310793999
1755219960000000000,91502.56310793999
1755220020000000000,91502.56310793999
1755220080000000000,91502.56310793999
1755220140000000000,91502.56310793999
1755220200000000000,91502.56310793999
1755220260000000000,91502.56310793999
1755220320000000000,91502.56310793999
1755220380000000000,91502.56310793999
1755220440000000000,91502.56310793999
1755220500000000000,91502.56310793999
1755220560000000000,91502.56310793999
1755220620000000000,91502.56310793999
1755220680000000000,91502.56310793999
1755220740000000000,91502.56310793999
1755220800000000000,91502.56310793999
1755220860000000000,91502.56310793999
1755220920000000000,91502.56310793999
1755220980000000000,91502.56310793999
1755221040000000000,91502.56310793999
1755221100000000000,91502.56310793999
1755221160000000000,91502.56310793999
1755221220000000000,91502.56310793999
1755221280000000000,91502.56310793999
1755221340000000000,91502.56310793999
1755221400000000000,91502.56310793999
1755221460000000000,91502.56310793999
1755221520000000000,91502.56310793999
1755221580000000000,91502.56310793999
1755221640000000000,91502.56310793999
1755221700000000000,91502.56310793999
1755221760000000000,91502.56310793999
1755221820000000000,91502.56310793999
1755221880000000000,91502.56310793999
1755221940000000000,91502.56310793999
1755222000000000000,91502.56310793999
1755222060000000000,91502.56310793999
1755222120000000000,91502.56310793999
1755222180000000000,91502.56310793999
1755222240000000000,91502.56310793999
1755222300000000000,91502.56310793999
1755222360000000000,91502.56310793999
1755222420000000000,91502.56310793999
1755222480000000000,91502.56310793999
1755222540000000000,91502.56310793999
1755222600000000000,91502.56310793999
1755222660000000000,91502.56310793999
1755222720000000000,91502.56310793999
1755222780000000000,91502.56310793999
1755222840000000000,91502.56310793999
1755222900000000000,91502.56310793999
1755222960000000000,91502.56310793999
1755223020000000000,91502.56310793999
1755223080000000000,91502.56310793999
1755223140000000000,91502.56310793999
1755223200000000000,91502.56310793999
1755223260000000000,91502.56310793999
1755223320000000000,91502.56310793999
1755223380000000000,91502.56310793999
1755223440000000000,91502.56310793999
1755223500000000000,91502.56310793999
1755223560000000000,91502.56310793999
1755223620000000000,91502.56310793999
1755223680000000000,91502.56310793999
1755223740000000000,91502.56310793999
1755223800000000000,91502.56310793999
1755223860000000000,91502.56310793999
1755223920000000000,91502.56310793999
1755223980000000000,91502.56310793999
1755224040000000000,91502.56310793999
1755224100000000000,91502.56310793999
1755224160000000000,91502.56310793999
1755224220000000000,91502.56310793999
1755224280000000000,91502.56310793999
1755224340000000000,91502.56310793999
1755224400000000000,91502.56310793999
1755224460000000000,91502.56310793999
1755224520000000000,91502.56310793999
1755224580000000000,91502.56310793999
1755224640000000000,91502.56310793999
1755224700000000000,91502.56310793999
1755224760000000000,91502.56310793999
1755224820000000000,91502.56310793999
1755224880000000000,91502.56310793999
1755224940000000000,91502.56310793999
1755225000000000000,91502.56310793999
1755225060000000000,91502.56310793999
1755225120000000000,91502.56310793999
1755225180000000000,91502.56310793999
1755225240000000000,91502.56310793999
1755225300000000000,91502.56310793999
1755225360000000000,91502.56310793999
1755225420000000000,91502.56310793999
1755225480000000000,91502.56310793999
1755225540000000000,91502.56310793999
1755225600000000000,91502.56310793999
1755225660000000000,91502.56310793999
1755225720000000000,91502.56310793999
1755225780000000000,91502.56310793999
1755225840000000000,91502.56310793999
1755225900000000000,91502.56310793999
1755225960000000000,91502.56310793999
1755226020000000000,91502.56310793999
1755226080000000000,91502.56310793999
1755226140000000000,91502.56310793999
1755226200000000000,91502.56310793999
1755226260000000000,91502.56310793999
1755226320000000000,91502.56310793999
1755226380000000000,91502.56310793999
1755226440000000000,91502.56310793999
1755226500000000000,91502.56310793999
1755226560000000000,91502.56310793999
1755226620000000000,91502.56310793999
1755226680000000000,91502.56310793999
1755226740000000000,91502.56310793999
1755226800000000000,91502.56310793999
1755226860000000000,91502.56310793999
1755226920000000000,91502.56310793999
1755226980000000000,91502.56310793999
1755227040000000000,91502.56310793999
1755227100000000000,91502.56310793999
1755227160000000000,91502.56310793999
1755227220000000000,91502.56310793999
1755227280000000000,91502.56310793999
1755227340000000000,91502.56310793999
1755227400000000000,91502.56310793999
1755227460000000000,91502.56310793999
1755227520000000000,91502.56310793999
1755227580000000000,91502.56310793999
1755227640000000000,91502.56310793999
1755227700000000000,91502.56310793999
1755227760000000000,91502.56310793999
1755227820000000000,91502.56310793999
1755227880000000000,91502.56310793999
1755227940000000000,91502.56310793999
1755228000000000000,91502.56310793999
1755228060000000000,91502.56310793999
1755228120000000000,91502.56310793999
1755228180000000000,91502.56310793999
1755228240000000000,91502.56310793999
1755228300000000000,91502.56310793999
1755228360000000000,91502.56310793999
1755228420000000000,91502.56310793999
1755228480000000000,91502.56310793999
1755228540000000000,91502.56310793999
1755228600000000000,91502.56310793999
1755228660000000000,91502.56310793999
1755228720000000000,91502.56310793999
1755228780000000000,91502.56310793999
1755228840000000000,91502.56310793999
1755228900000000000,91502.56310793999
1755228960000000000,91502.56310793999
1755229020000000000,91502.56310793999
1755229080000000000,91502.56310793999
1755229140000000000,91502.56310793999
1755229200000000000,91502.56310793999
1755229260000000000,91502.56310793999
1755229320000000000,91502.56310793999
1755229380000000000,91502.56310793999
1755229440000000000,91502.56310793999
1755229500000000000,91502.56310793999
1755229560000000000,91502.56310793999
1755229620000000000,91502.56310793999
1755229680000000000,91502.56310793999
1755229740000000000,91502.56310793999
1755229800000000000,91502.56310793999
1755229860000000000,91502.56310793999
1755229920000000000,91502.56310793999
1755229980000000000,91502.56310793999
1755230040000000000,91502.56310793999
1755230100000000000,91502.56310793999
1755230160000000000,91502.56310793999
1755230220000000000,91502.56310793999
1755230280000000000,91502.56310793999
1755230340000000000,91502.56310793999
1755230400000000000,91502.56310793999
1755230460000000000,91502.56310793999
1755230520000000000,91502.56310793999
1755230580000000000,91502.56310793999
1755230640000000000,91502.56310793999
1755230700000000000,91502.56310793999
1755230760000000000,91502.56310793999
1755230820000000000,91502.56310793999
1755230880000000000,91502.56310793999
1755230940000000000,91502.56310793999
1755231000000000000,91502.56310793999
1755231060000000000,91502.56310793999
1755231120000000000,91502.56310793999
1755231180000000000,91502.56310793999
1755231240000000000,91502.56310793999
1755231300000000000,91502.56310793999
1755231360000000000,91502.56310793999
1755231420000000000,91502.56310793999
1755231480000000000,91502.56310793999
1755231540000000000,91502.56310793999
1755231600000000000,91502.56310793999
1755231660000000000,91502.56310793999
1755231720000000000,91502.56310793999
1755231780000000000,91502.56310793999
1755231840000000000,91502.56310793999
1755231900000000000,91502.56310793999
1755231960000000000,91502.56310793999
1755232020000000000,91502.56310793999
1755232080000000000,91502.56310793999
1755232140000000000,91502.56310793999
1755232200000000000,91502.56310793999
1755232260000000000,91502.56310793999
1755232320000000000,91502.56310793999
1755232380000000000,91502.56310793999
1755232440000000000,91502.56310793999
1755232500000000000,91502.56310793999
1755232560000000000,91502.56310793999
1755232620000000000,91502.56310793999
1755232680000000000,91502.56310793999
1755232740000000000,91502.56310793999
1755232800000000000,91502.56310793999
1755232860000000000,91502.56310793999
1755232920000000000,91502.56310793999
1755232980000000000,91502.56310793999
1755233040000000000,91502.56310793999
1755233100000000000,91502.56310793999
1755233160000000000,91502.56310793999
1755233220000000000,91502.56310793999
1755233280000000000,91502.56310793999
1755233340000000000,91502.56310793999
1755233400000000000,91502.56310793999
1755233460000000000,91502.56310793999
1755233520000000000,91502.56310793999
1755233580000000000,91502.56310793999
1755233640000000000,91502.56310793999
1755233700000000000,91502.56310793999
1755233760000000000,91502.56310793999
1755233820000000000,91502.56310793999
1755233880000000000,91502.56310793999
1755233940000000000,91502.56310793999
1755234000000000000,91502.56310793999
1755234060000000000,91502.56310793999
1755234120000000000,91502.56310793999
1755234180000000000,91502.56310793999
1755234240000000000,91502.56310793999
1755234300000000000,91502.56310793999
1755234360000000000,91502.56310793999
1755234420000000000,91502.56310793999
1755234480000000000,91502.56310793999
1755234540000000000,91502.56310793999
1755234600000000000,91502.56310793999
1755234660000000000,91502.56310793999
1755234720000000000,91502.56310793999
1755234780000000000,91502.56310793999
1755234840000000000,91502.56310793999
1755234900000000000,91502.56310793999
1755234960000000000,91502.56310793999
1755235020000000000,91502.56310793999
1755235080000000000,91502.56310793999
1755235140000000000,91502.56310793999
1755235200000000000,91502.56310793999
1755235260000000000,91502.56310793999
1755235320000000000,91502.56310793999
1755235380000000000,91502.56310793999
1755235440000000000,91502.56310793999
1755235500000000000,91502.56310793999
1755235560000000000,91502.56310793999
1755235620000000000,91502.56310793999
1755235680000000000,91502.56310793999
1755235740000000000,91502.56310793999
1755235800000000000,91502.56310793999
1755235860000000000,91502.56310793999
1755235920000000000,91502.56310793999
1755235980000000000,91502.56310793999
1755236040000000000,91502.56310793999
1755236100000000000,91502.56310793999
1755236160000000000,91502.56310793999
1755236220000000000,91502.56310793999
1755236280000000000,91502.56310793999
1755236340000000000,91502.56310793999
1755236400000000000,91502.56310793999
1755236460000000000,91502.56310793999
1755236520000000000,91502.56310793999
1755236580000000000,91502.56310793999
1755236640000000000,91502.56310793999
1755236700000000000,91502.56310793999
1755236760000000000,91502.56310793999
1755236820000000000,91502.56310793999
1755236880000000000,91502.56310793999
1755236940000000000,91502.56310793999
1755237000000000000,91502.56310793999
1755237060000000000,91502.56310793999
1755237120000000000,91502.56310793999
1755237180000000000,91502.56310793999
1755237240000000000,91502.56310793999
1755237300000000000,91502.56310793999
1755237360000000000,91502.56310793999
1755237420000000000,91502.56310793999
1755237480000000000,91502.56310793999
1755237540000000000,91502.56310793999
1755237600000000000,91502.56310793999
1755237660000000000,91502.56310793999
1755237720000000000,91502.56310793999
1755237780000000000,91502.56310793999
1755237840000000000,91502.56310793999
1755237900000000000,91502.56310793999
1755237960000000000,91502.56310793999
1755238020000000000,91502.56310793999
1755238080000000000,91502.56310793999
1755238140000000000,91502.56310793999
1755238200000000000,91502.56310793999
1755238260000000000,91502.56310793999
1755238320000000000,91502.56310793999
1755238380000000000,91502.56310793999
1755238440000000000,91502.56310793999
1755238500000000000,91502.56310793999
1755238560000000000,91502.56310793999
1755238620000000000,91502.56310793999
1755238680000000000,91502.56310793999
1755238740000000000,91502.56310793999
1755238800000000000,91502.56310793999
1755238860000000000,91502.56310793999
1755238920000000000,91502.56310793999
1755238980000000000,91502.56310793999
1755239040000000000,91502.56310793999
1755239100000000000,91502.56310793999
1755239160000000000,91502.56310793999
1755239220000000000,91502.56310793999
1755239280000000000,91502.56310793999
1755239340000000000,91502.56310793999
1755239400000000000,91502.56310793999
1755239460000000000,91502.56310793999
1755239520000000000,91502.56310793999
1755239580000000000,91502.56310793999
1755239640000000000,91502.56310793999
1755239700000000000,91502.56310793999
1755239760000000000,91502.56310793999
1755239820000000000,91502.56310793999
1755239880000000000,91502.56310793999
1755239940000000000,91502.56310793999
1755240000000000000,91502.56310793999
1755240060000000000,91502.56310793999
1755240120000000000,91502.56310793999
1755240180000000000,91502.56310793999
1755240240000000000,91502.56310793999
1755240300000000000,91502.56310793999
1755240360000000000,91502.56310793999
1755240420000000000,91502.56310793999
1755240480000000000,91502.56310793999
1755240540000000000,91502.56310793999
1755240600000000000,91502.56310793999
1755240660000000000,91502.56310793999
1755240720000000000,91502.56310793999
1755240780000000000,91502.56310793999
1755240840000000000,91502.56310793999
1755240900000000000,91502.56310793999
1755240960000000000,91502.56310793999
1755241020000000000,91502.56310793999
1755241080000000000,91502.56310793999
1755241140000000000,91502.56310793999
1755241200000000000,91502.56310793999
1755241260000000000,91502.56310793999
1755241320000000000,91502.56310793999
1755241380000000000,91502.56310793999
1755241440000000000,91502.56310793999
1755241500000000000,91502.56310793999
1755241560000000000,91502.56310793999
1755241620000000000,91502.56310793999
1755241680000000000,91502.56310793999
1755241740000000000,91502.56310793999
1755241800000000000,91502.56310793999
1755241860000000000,91502.56310793999
1755241920000000000,91502.56310793999
1755241980000000000,91502.56310793999
1755242040000000000,91502.56310793999
1755242100000000000,91502.56310793999
1755242160000000000,91502.56310793999
1755242220000000000,91502.56310793999
1755242280000000000,91502.56310793999
1755242340000000000,91502.56310793999
1755242400000000000,91502.56310793999
1755242460000000000,91502.56310793999
1755242520000000000,91502.56310793999
1755242580000000000,91502.56310793999
1755242640000000000,91502.56310793999
1755242700000000000,91502.56310793999
1755242760000000000,91502.56310793999
1755242820000000000,91502.56310793999
1755242880000000000,91502.56310793999
1755242940000000000,91502.56310793999
1755243000000000000,91502.56310793999
1755243060000000000,91502.56310793999
1755243120000000000,91502.56310793999
1755243180000000000,91502.56310793999
1755243240000000000,91502.56310793999
1755243300000000000,91502.56310793999
1755243360000000000,91502.56310793999
1755243420000000000,91502.56310793999
1755243480000000000,91502.56310793999
1755243540000000000,91502.56310793999
1755243600000000000,91502.56310793999
1755243660000000000,91502.56310793999
1755243720000000000,91502.56310793999
1755243780000000000,91502.56310793999
1755243840000000000,91502.56310793999
1755243900000000000,91502.56310793999
1755243960000000000,91502.56310793999
1755244020000000000,91502.56310793999
1755244080000000000,91502.56310793999
1755244140000000000,91502.56310793999
1755244200000000000,91502.56310793999
1755244260000000000,91502.56310793999
1755244320000000000,91502.56310793999
1755244380000000000,91502.56310793999
1755244440000000000,91502.56310793999
1755244500000000000,91502.56310793999
1755244560000000000,91502.56310793999
1755244620000000000,91502.56310793999
1755244680000000000,91502.56310793999
1755244740000000000,91502.56310793999
1755244800000000000,91502.56310793999
1755244860000000000,91502.56310793999
1755244920000000000,91502.56310793999
1755244980000000000,91502.56310793999
1755245040000000000,91502.56310793999
1755245100000000000,91502.56310793999
1755245160000000000,91502.56310793999
1755245220000000000,91502.56310793999
1755245280000000000,91502.56310793999
1755245340000000000,91502.56310793999
1755245400000000000,91502.56310793999
1755245460000000000,91502.56310793999
1755245520000000000,91502.56310793999
1755245580000000000,91502.56310793999
1755245640000000000,91502.56310793999
1755245700000000000,91502.56310793999
1755245760000000000,91502.56310793999
1755245820000000000,91502.56310793999
1755245880000000000,91502.56310793999
1755245940000000000,91502.56310793999
1755246000000000000,91502.56310793999
1755246060000000000,91502.56310793999
1755246120000000000,91502.56310793999
1755246180000000000,91502.56310793999
1755246240000000000,91502.56310793999
1755246300000000000,91502.56310793999
1755246360000000000,91502.56310793999
1755246420000000000,91502.56310793999
1755246480000000000,91502.56310793999
1755246540000000000,91502.56310793999
1755246600000000000,91502.56310793999
1755246660000000000,91502.56310793999
1755246720000000000,91502.56310793999
1755246780000000000,91502.56310793999
1755246840000000000,91502.56310793999
1755246900000000000,91502.56310793999
1755246960000000000,91502.56310793999
1755247020000000000,91502.56310793999
1755247080000000000,91502.56310793999
1755247140000000000,91502.56310793999
1755247200000000000,91502.56310793999
1755247260000000000,91502.56310793999
1755247320000000000,91502.56310793999
1755247380000000000,91502.56310793999
1755247440000000000,91502.56310793999
1755247500000000000,91502.56310793999
1755247560000000000,91502.56310793999
1755247620000000000,91502.56310793999
1755247680000000000,91502.56310793999
1755247740000000000,91502.56310793999
1755247800000000000,91502.56310793999
1755247860000000000,91502.56310793999
1755247920000000000,91502.56310793999
1755247980000000000,91502.56310793999
1755248040000000000,91502.56310793999
1755248100000000000,91502.56310793999
1755248160000000000,91502.56310793999
1755248220000000000,91502.56310793999
1755248280000000000,91502.56310793999
1755248340000000000,91502.56310793999
1755248400000000000,91502.56310793999
1755248460000000000,91502.56310793999
1755248520000000000,91502.56310793999
1755248580000000000,91502.56310793999
1755248640000000000,91502.56310793999
1755248700000000000,91502.56310793999
1755248760000000000,91502.56310793999
1755248820000000000,91502.56310793999
1755248880000000000,91502.56310793999
1755248940000000000,91502.56310793999
1755249000000000000,91502.56310793999
1755249060000000000,91502.56310793999
1755249120000000000,91502.56310793999
1755249180000000000,91502.56310793999
1755249240000000000,91502.56310793999
1755249300000000000,91502.56310793999
1755249360000000000,91502.56310793999
1755249420000000000,91502.56310793999
1755249480000000000,91502.56310793999
1755249540000000000,91502.56310793999
1755249600000000000,91502.56310793999
1755249660000000000,91502.56310793999
1755249720000000000,91502.56310793999
1755249780000000000,91502.56310793999
1755249840000000000,91502.56310793999
1755249900000000000,91502.56310793999
1755249960000000000,91502.56310793999
1755250020000000000,91502.56310793999
1755250080000000000,91502.56310793999
1755250140000000000,91502.56310793999
1755250200000000000,91502.56310793999
1755250260000000000,91502.56310793999
1755250320000000000,91502.56310793999
1755250380000000000,91502.56310793999
1755250440000000000,91502.56310793999
1755250500000000000,91502.56310793999
1755250560000000000,91502.56310793999
1755250620000000000,91502.56310793999
1755250680000000000,91502.56310793999
1755250740000000000,91502.56310793999
1755250800000000000,91502.56310793999
1755250860000000000,91502.56310793999
1755250920000000000,91502.56310793999
1755250980000000000,91502.56310793999
1755251040000000000,91502.56310793999
1755251100000000000,91502.56310793999
1755251160000000000,91502.56310793999
1755251220000000000,91502.56310793999
1755251280000000000,91502.56310793999
1755251340000000000,91502.56310793999
1755251400000000000,91502.56310793999
1755251460000000000,91502.56310793999
1755251520000000000,91502.56310793999
1755251580000000000,91502.56310793999
1755251640000000000,91502.56310793999
1755251700000000000,91502.56310793999
1755251760000000000,91502.56310793999
1755251820000000000,91502.56310793999
1755251880000000000,91502.56310793999
1755251940000000000,91502.56310793999
1755252000000000000,91502.56310793999
1755252060000000000,91502.56310793999
1755252120000000000,91502.56310793999
1755252180000000000,91502.56310793999
1755252240000000000,91502.56310793999
1755252300000000000,91502.56310793999
1755252360000000000,91502.56310793999
1755252420000000000,91502.56310793999
1755252480000000000,91502.56310793999
1755252540000000000,91502.56310793999
1755252600000000000,91502.56310793999
1755252660000000000,91502.56310793999
1755252720000000000,91502.56310793999
1755252780000000000,91502.56310793999
1755252840000000000,91502.56310793999
1755252900000000000,91502.56310793999
1755252960000000000,91502.56310793999
1755253020000000000,91502.56310793999
1755253080000000000,91502.56310793999
1755253140000000000,91502.56310793999
1755253200000000000,91502.56310793999
1755253260000000000,91502.56310793999
1755253320000000000,91502.56310793999
1755253380000000000,91502.56310793999
1755253440000000000,91502.56310793999
1755253500000000000,91502.56310793999
1755253560000000000,91502.56310793999
1755253620000000000,91502.56310793999
1755253680000000000,91502.56310793999
1755253740000000000,91502.56310793999
1755253800000000000,91502.56310793999
1755253860000000000,91502.56310793999
1755253920000000000,91502.56310793999
1755253980000000000,91502.56310793999
1755254040000000000,91502.56310793999
1755254100000000000,91502.56310793999
1755254160000000000,91502.56310793999
1755254220000000000,91502.56310793999
1755254280000000000,91502.56310793999
1755254340000000000,91502.56310793999
1755254400000000000,91502.56310793999
1755254460000000000,91502.56310793999
1755254520000000000,91502.56310793999
1755254580000000000,91502.56310793999
1755254640000000000,91502.56310793999
1755254700000000000,91502.56310793999
1755254760000000000,91502.56310793999
1755254820000000000,91502.56310793999
1755254880000000000,91502.56310793999
1755254940000000000,91502.56310793999
1755255000000000000,91502.56310793999
1755255060000000000,91502.56310793999
1755255120000000000,91502.56310793999
1755255180000000000,91502.56310793999
1755255240000000000,91502.56310793999
1755255300000000000,91502.56310793999
1755255360000000000,91502.56310793999
1755255420000000000,91502.56310793999
1755255480000000000,91502.56310793999
1755255540000000000,91502.56310793999
1755255600000000000,91502.56310793999
1755255660000000000,91502.56310793999
1755255720000000000,91502.56310793999
1755255780000000000,91502.56310793999
1755255840000000000,91502.56310793999
1755255900000000000,91502.56310793999
1755255960000000000,91502.56310793999
1755256020000000000,91502.56310793999
1755256080000000000,91502.56310793999
1755256140000000000,91502.56310793999
1755256200000000000,91502.56310793999
1755256260000000000,91502.56310793999
1755256320000000000,91502.56310793999
1755256380000000000,91502.56310793999
1755256440000000000,91502.56310793999
1755256500000000000,91502.56310793999
1755256560000000000,91502.56310793999
1755256620000000000,91502.56310793999
1755256680000000000,91502.56310793999
1755256740000000000,91502.56310793999
1755256800000000000,91502.56310793999
1755256860000000000,91502.56310793999
1755256920000000000,91502.56310793999
1755256980000000000,91502.56310793999
1755257040000000000,91502.56310793999
1755257100000000000,91502.56310793999
1755257160000000000,91502.56310793999
1755257220000000000,91502.56310793999
1755257280000000000,91502.56310793999
1755257340000000000,91502.56310793999
1755257400000000000,91502.56310793999
1755257460000000000,91502.56310793999
1755257520000000000,91502.56310793999
1755257580000000000,91502.56310793999
1755257640000000000,91502.56310793999
1755257700000000000,91502.56310793999
1755257760000000000,91502.56310793999
1755257820000000000,91502.56310793999
1755257880000000000,91502.56310793999
1755257940000000000,91502.56310793999
1755258000000000000,91502.56310793999
1755258060000000000,91502.56310793999
1755258120000000000,91502.56310793999
1755258180000000000,91502.56310793999
1755258240000000000,91502.56310793999
1755258300000000000,91502.56310793999
1755258360000000000,91502.56310793999
1755258420000000000,91502.56310793999
1755258480000000000,91502.56310793999
1755258540000000000,91502.56310793999
1755258600000000000,91502.56310793999
1755258660000000000,91502.56310793999
1755258720000000000,91502.56310793999
1755258780000000000,91502.56310793999
1755258840000000000,91502.56310793999
1755258900000000000,91502.56310793999
1755258960000000000,91502.56310793999
1755259020000000000,91502.56310793999
1755259080000000000,91502.56310793999
1755259140000000000,91502.56310793999
1755259200000000000,91502.56310793999
1755259260000000000,91502.56310793999
1755259320000000000,91502.56310793999
1755259380000000000,91502.56310793999
1755259440000000000,91502.56310793999
1755259500000000000,91502.56310793999
1755259560000000000,91502.56310793999
1755259620000000000,91502.56310793999
1755259680000000000,91502.56310793999
1755259740000000000,91502.56310793999
1755259800000000000,91502.56310793999
1755259860000000000,91502.56310793999
1755259920000000000,91502.56310793999
1755259980000000000,91502.56310793999
1755260040000000000,91502.56310793999
1755260100000000000,91502.56310793999
1755260160000000000,91502.56310793999
1755260220000000000,91502.56310793999
1755260280000000000,91502.56310793999
1755260340000000000,91502.56310793999
1755260400000000000,91502.56310793999
1755260460000000000,91502.56310793999
1755260520000000000,91502.56310793999
1755260580000000000,91502.56310793999
1755260640000000000,91502.56310793999
1755260700000000000,91502.56310793999
1755260760000000000,91502.56310793999
1755260820000000000,91502.56310793999
1755260880000000000,91502.56310793999
1755260940000000000,91502.56310793999
1755261000000000000,91502.56310793999
1755261060000000000,91502.56310793999
1755261120000000000,91502.56310793999
1755261180000000000,91502.56310793999
1755261240000000000,91502.56310793999
1755261300000000000,91502.56310793999
1755261360000000000,91502.56310793999
1755261420000000000,91502.56310793999
1755261480000000000,91502.56310793999
1755261540000000000,91502.56310793999
1755261600000000000,91502.56310793999
1755261660000000000,91502.56310793999
1755261720000000000,91502.56310793999
1755261780000000000,91502.56310793999
1755261840000000000,91502.56310793999
1755261900000000000,91502.56310793999
1755261960000000000,91502.56310793999
1755262020000000000,91502.56310793999
1755262080000000000,91502.56310793999
1755262140000000000,91502.56310793999
1755262200000000000,91502.56310793999
1755262260000000000,91502.56310793999
1755262320000000000,91502.56310793999
1755262380000000000,91502.56310793999
1755262440000000000,91502.56310793999
1755262500000000000,91502.56310793999
1755262560000000000,91502.56310793999
1755262620000000000,91502.56310793999
1755262680000000000,91502.56310793999
1755262740000000000,91502.56310793999
1755262800000000000,91502.56310793999
1755262860000000000,91502.56310793999
1755262920000000000,91502.56310793999
1755262980000000000,91502.56310793999
1755263040000000000,91502.56310793999
1755263100000000000,91502.56310793999
1755263160000000000,91502.56310793999
1755263220000000000,91502.56310793999
1755263280000000000,91502.56310793999
1755263340000000000,91502.56310793999
1755263400000000000,91502.56310793999
1755263460000000000,91502.56310793999
1755263520000000000,91502.56310793999
1755263580000000000,91502.56310793999
1755263640000000000,91502.56310793999
1755263700000000000,91502.56310793999
1755263760000000000,91502.56310793999
1755263820000000000,91502.56310793999
1755263880000000000,91502.56310793999
1755263940000000000,91502.56310793999
1755264000000000000,91502.56310793999
1755264060000000000,91502.56310793999
1755264120000000000,91502.56310793999
1755264180000000000,91502.56310793999
1755264240000000000,91502.56310793999
1755264300000000000,91502.56310793999
1755264360000000000,91502.56310793999
1755264420000000000,91502.56310793999
1755264480000000000,91502.56310793999
1755264540000000000,91502.56310793999
1755264600000000000,91502.56310793999
1755264660000000000,91502.56310793999
1755264720000000000,91502.56310793999
1755264780000000000,91502.56310793999
1755264840000000000,91502.56310793999
1755264900000000000,91502.56310793999
1755264960000000000,91502.56310793999
1755265020000000000,91502.56310793999
1755265080000000000,91502.56310793999
1755265140000000000,91502.56310793999
1755265200000000000,91502.56310793999
1755265260000000000,91502.56310793999
1755265320000000000,91502.56310793999
1755265380000000000,91502.56310793999
1755265440000000000,91502.56310793999
1755265500000000000,91502.56310793999
1755265560000000000,91502.56310793999
1755265620000000000,91502.56310793999
1755265680000000000,91502.56310793999
1755265740000000000,91502.56310793999
1755265800000000000,91502.56310793999
1755265860000000000,91502.56310793999
1755265920000000000,91502.56310793999
1755265980000000000,91502.56310793999
1755266040000000000,91502.56310793999
1755266100000000000,91502.56310793999
1755266160000000000,91502.56310793999
1755266220000000000,91502.56310793999
1755266280000000000,91502.56310793999
1755266340000000000,91502.56310793999
1755266400000000000,91502.56310793999
1755266460000000000,91502.56310793999
1755266520000000000,91502.56310793999
1755266580000000000,91502.56310793999
1755266640000000000,91502.56310793999
1755266700000000000,91502.56310793999
1755266760000000000,91502.56310793999
1755266820000000000,91502.56310793999
1755266880000000000,91502.56310793999
1755266940000000000,91502.56310793999
1755267000000000000,91502.56310793999
1755267060000000000,91502.56310793999
1755267120000000000,91502.56310793999
1755267180000000000,91502.56310793999
1755267240000000000,91502.56310793999
1755267300000000000,91502.56310793999
1755267360000000000,91502.56310793999
1755267420000000000,91502.56310793999
1755267480000000000,91502.56310793999
1755267540000000000,91502.56310793999
1755267600000000000,91502.56310793999
1755267660000000000,91502.56310793999
1755267720000000000,91502.56310793999
1755267780000000000,91502.56310793999
1755267840000000000,91502.56310793999
1755267900000000000,91502.56310793999
1755267960000000000,91502.56310793999
1755268020000000000,91502.56310793999
1755268080000000000,91502.56310793999
1755268140000000000,91502.56310793999
1755268200000000000,91502.56310793999
1755268260000000000,91502.56310793999
1755268320000000000,91502.56310793999
1755268380000000000,91502.56310793999
1755268440000000000,91502.56310793999
1755268500000000000,91502.56310793999
1755268560000000000,91502.56310793999
1755268620000000000,91502.56310793999
1755268680000000000,91502.56310793999
1755268740000000000,91502.56310793999
1755268800000000000,91502.56310793999
1755268860000000000,91502.56310793999
1755268920000000000,91502.56310793999
1755268980000000000,91502.56310793999
1755269040000000000,91502.56310793999
1755269100000000000,91502.56310793999
1755269160000000000,91502.56310793999
1755269220000000000,91502.56310793999
1755269280000000000,91502.56310793999
1755269340000000000,91502.56310793999
1755269400000000000,91502.56310793999
1755269460000000000,91502.56310793999
1755269520000000000,91502.56310793999
1755269580000000000,91502.56310793999
1755269640000000000,91502.56310793999
1755269700000000000,91502.56310793999
1755269760000000000,91502.56310793999
1755269820000000000,91502.56310793999
1755269880000000000,91502.56310793999
1755269940000000000,91502.56310793999
1755270000000000000,91502.56310793999
1755270060000000000,91502.56310793999
1755270120000000000,91502.56310793999
1755270180000000000,91502.56310793999
1755270240000000000,91502.56310793999
1755270300000000000,91502.56310793999
1755270360000000000,91502.56310793999
1755270420000000000,91502.56310793999
1755270480000000000,91502.56310793999
1755270540000000000,91502.56310793999
1755270600000000000,91502.56310793999
1755270660000000000,91502.56310793999
1755270720000000000,91502.56310793999
1755270780000000000,91502.56310793999
1755270840000000000,91502.56310793999
1755270900000000000,91502.56310793999
1755270960000000000,91502.56310793999
1755271020000000000,91502.56310793999
1755271080000000000,91502.56310793999
1755271140000000000,91502.56310793999
1755271200000000000,91502.56310793999
1755271260000000000,91502.56310793999
1755271320000000000,91502.56310793999
1755271380000000000,91502.56310793999
1755271440000000000,91502.56310793999
1755271500000000000,91502.56310793999
1755271560000000000,91502.56310793999
1755271620000000000,91502.56310793999
1755271680000000000,91502.56310793999
1755271740000000000,91502.56310793999
1755271800000000000,91502.56310793999
1755271860000000000,91502.56310793999
1755271920000000000,91502.56310793999
1755271980000000000,91502.56310793999
1755272040000000000,91502.56310793999
1755272100000000000,91502.56310793999
1755272160000000000,91502.56310793999
1755272220000000000,91502.56310793999
1755272280000000000,91502.56310793999
1755272340000000000,91502.56310793999
1755272400000000000,91502.56310793999
1755272460000000000,91502.56310793999
1755272520000000000,91502.56310793999
1755272580000000000,91502.56310793999
1755272640000000000,91502.56310793999
1755272700000000000,91502.56310793999
1755272760000000000,91502.56310793999
1755272820000000000,91502.56310793999
1755272880000000000,91502.56310793999
1755272940000000000,91502.56310793999
1755273000000000000,91502.56310793999
1755273060000000000,91502.56310793999
1755273120000000000,91502.56310793999
1755273180000000000,91502.56310793999
1755273240000000000,91502.56310793999
1755273300000000000,91502.56310793999
1755273360000000000,91502.56310793999
1755273420000000000,91502.56310793999
1755273480000000000,91502.56310793999
1755273540000000000,91502.56310793999
1755273600000000000,91502.56310793999
1755273660000000000,91502.56310793999
1755273720000000000,91502.56310793999
1755273780000000000,91502.56310793999
1755273840000000000,91502.56310793999
1755273900000000000,91502.56310793999
1755273960000000000,91502.56310793999
1755274020000000000,91502.56310793999
1755274080000000000,91502.56310793999
1755274140000000000,91502.56310793999
1755274200000000000,91502.56310793999
1755274260000000000,91502.56310793999
1755274320000000000,91502.56310793999
1755274380000000000,91502.56310793999
1755274440000000000,91502.56310793999
1755274500000000000,91502.56310793999
1755274560000000000,91502.56310793999
1755274620000000000,91502.56310793999
1755274680000000000,91502.56310793999
1755274740000000000,91502.56310793999
1755274800000000000,91502.56310793999
1755274860000000000,91502.56310793999
1755274920000000000,91502.56310793999
1755274980000000000,91502.56310793999
1755275040000000000,91502.56310793999
1755275100000000000,91502.56310793999
1755275160000000000,91502.56310793999
1755275220000000000,91502.56310793999
1755275280000000000,91502.56310793999
1755275340000000000,91502.56310793999
1755275400000000000,91502.56310793999
1755275460000000000,91502.56310793999
1755275520000000000,91502.56310793999
1755275580000000000,91502.56310793999
1755275640000000000,91502.56310793999
1755275700000000000,91502.56310793999
1755275760000000000,91502.56310793999
1755275820000000000,91502.56310793999
1755275880000000000,91502.56310793999
1755275940000000000,91502.56310793999
1755276000000000000,91502.56310793999
1755276060000000000,91502.56310793999
1755276120000000000,91502.56310793999
1755276180000000000,91502.56310793999
1755276240000000000,91502.56310793999
1755276300000000000,91502.56310793999
1755276360000000000,91502.56310793999
1755276420000000000,91502.56310793999
1755276480000000000,91502.56310793999
1755276540000000000,91502.56310793999
1755276600000000000,91502.56310793999
1755276660000000000,91502.56310793999
1755276720000000000,91502.56310793999
1755276780000000000,91502.56310793999
1755276840000000000,91502.56310793999
1755276900000000000,91502.56310793999
1755276960000000000,91502.56310793999
1755277020000000000,91502.56310793999
1755277080000000000,91502.56310793999
1755277140000000000,91502.56310793999
1755277200000000000,91502.56310793999
1755277260000000000,91502.56310793999
1755277320000000000,91502.56310793999
1755277380000000000,91502.56310793999
1755277440000000000,91502.56310793999
1755277500000000000,91502.56310793999
1755277560000000000,91502.56310793999
1755277620000000000,91502.56310793999
1755277680000000000,91502.56310793999
1755277740000000000,91502.56310793999
1755277800000000000,91502.56310793999
1755277860000000000,91502.56310793999
1755277920000000000,91502.56310793999
1755277980000000000,91502.56310793999
1755278040000000000,91502.56310793999
1755278100000000000,91502.56310793999
1755278160000000000,91502.56310793999
1755278220000000000,91502.56310793999
1755278280000000000,91502.56310793999
1755278340000000000,91502.56310793999
1755278400000000000,91502.56310793999
1755278460000000000,91502.56310793999
1755278520000000000,91502.56310793999
1755278580000000000,91502.56310793999
1755278640000000000,91502.56310793999
1755278700000000000,91502.56310793999
1755278760000000000,91502.56310793999
1755278820000000000,91502.56310793999
1755278880000000000,91502.56310793999
1755278940000000000,91502.56310793999
1755279000000000000,91502.56310793999
1755279060000000000,91502.56310793999
1755279120000000000,91502.56310793999
1755279180000000000,91502.56310793999
1755279240000000000,91502.56310793999
1755279300000000000,91502.56310793999
1755279360000000000,91502.56310793999
1755279420000000000,91502.56310793999
1755279480000000000,91502.56310793999
1755279540000000000,91502.56310793999
1755279600000000000,91502.56310793999
1755279660000000000,91502.56310793999
1755279720000000000,91502.56310793999
1755279780000000000,91502.56310793999
1755279840000000000,91502.56310793999
1755279900000000000,91502.56310793999
1755279960000000000,91502.56310793999
1755280020000000000,91502.56310793999
1755280080000000000,91502.56310793999
1755280140000000000,91502.56310793999
1755280200000000000,91502.56310793999
1755280260000000000,91502.56310793999
1755280320000000000,91502.56310793999
1755280380000000000,91502.56310793999
1755280440000000000,91502.56310793999
1755280500000000000,91502.56310793999
1755280560000000000,91502.56310793999
1755280620000000000,91502.56310793999
1755280680000000000,91502.56310793999
1755280740000000000,91502.56310793999
1755280800000000000,91502.56310793999
1755280860000000000,91502.56310793999
1755280920000000000,91502.56310793999
1755280980000000000,91502.56310793999
1755281040000000000,91502.56310793999
1755281100000000000,91502.56310793999
1755281160000000000,91502.56310793999
1755281220000000000,91502.56310793999
1755281280000000000,91502.56310793999
1755281340000000000,91502.56310793999
1755281400000000000,91502.56310793999
1755281460000000000,91502.56310793999
1755281520000000000,91502.56310793999
1755281580000000000,91502.56310793999
1755281640000000000,91502.56310793999
1755281700000000000,91502.56310793999
1755281760000000000,91502.56310793999
1755281820000000000,91502.56310793999
1755281880000000000,91502.56310793999
1755281940000000000,91502.56310793999
1755282000000000000,91502.56310793999
1755282060000000000,91502.56310793999
1755282120000000000,91502.56310793999
1755282180000000000,91502.56310793999
1755282240000000000,91502.56310793999
1755282300000000000,91502.56310793999
1755282360000000000,91502.56310793999
1755282420000000000,91502.56310793999
1755282480000000000,91502.56310793999
1755282540000000000,91502.56310793999
1755282600000000000,91502.56310793999
1755282660000000000,91502.56310793999
1755282720000000000,91502.56310793999
1755282780000000000,91502.56310793999
1755282840000000000,91502.56310793999
1755282900000000000,91502.56310793999
1755282960000000000,91502.56310793999
1755283020000000000,91502.56310793999
1755283080000000000,91502.56310793999
1755283140000000000,91502.56310793999
1755283200000000000,91502.56310793999
1755283260000000000,91502.56310793999
1755283320000000000,91502.56310793999
1755283380000000000,91502.56310793999
1755283440000000000,91502.56310793999
1755283500000000000,91502.56310793999
1755283560000000000,91502.56310793999
1755283620000000000,91502.56310793999
1755283680000000000,91502.56310793999
1755283740000000000,91502.56310793999
1755283800000000000,91502.56310793999
1755283860000000000,91502.56310793999
1755283920000000000,91502.56310793999
1755283980000000000,91502.56310793999
1755284040000000000,91502.56310793999
1755284100000000000,91502.56310793999
1755284160000000000,91502.56310793999
1755284220000000000,91502.56310793999
1755284280000000000,91502.56310793999
1755284340000000000,91502.56310793999
1755284400000000000,91502.56310793999
1755284460000000000,91502.56310793999
1755284520000000000,91502.56310793999
1755284580000000000,91502.56310793999
1755284640000000000,91502.56310793999
1755284700000000000,91502.56310793999
1755284760000000000,91502.56310793999
1755284820000000000,91502.56310793999
1755284880000000000,91502.56310793999
1755284940000000000,91502.56310793999
1755285000000000000,91502.56310793999
1755285060000000000,91502.56310793999
1755285120000000000,91502.56310793999
1755285180000000000,91502.56310793999
1755285240000000000,91502.56310793999
1755285300000000000,91502.56310793999
1755285360000000000,91502.56310793999
1755285420000000000,91502.56310793999
1755285480000000000,91502.56310793999
1755285540000000000,91502.56310793999
1755285600000000000,91502.56310793999
1755285660000000000,91502.56310793999
1755285720000000000,91502.56310793999
1755285780000000000,91502.56310793999
1755285840000000000,91502.56310793999
1755285900000000000,91502.56310793999
1755285960000000000,91502.56310793999
1755286020000000000,91502.56310793999
1755286080000000000,91502.56310793999
1755286140000000000,91502.56310793999
1755286200000000000,91502.56310793999
1755286260000000000,91502.56310793999
1755286320000000000,91502.56310793999
1755286380000000000,91502.56310793999
1755286440000000000,91502.56310793999
1755286500000000000,91502.56310793999
1755286560000000000,91502.56310793999
1755286620000000000,91502.56310793999
1755286680000000000,91502.56310793999
1755286740000000000,91502.56310793999
1755286800000000000,91502.56310793999
1755286860000000000,91502.56310793999
1755286920000000000,91502.56310793999
1755286980000000000,91502.56310793999
1755287040000000000,91502.56310793999
1755287100000000000,91502.56310793999
1755287160000000000,91502.56310793999
1755287220000000000,91502.56310793999
1755287280000000000,91502.56310793999
1755287340000000000,91502.56310793999
1755287400000000000,91502.56310793999
1755287460000000000,91502.56310793999
1755287520000000000,91502.56310793999
1755287580000000000,91502.56310793999
1755287640000000000,91502.56310793999
1755287700000000000,91502.56310793999
1755287760000000000,91502.56310793999
1755287820000000000,91502.56310793999
1755287880000000000,91502.56310793999
1755287940000000000,91502.56310793999
1755288000000000000,91502.56310793999
1755288060000000000,91502.56310793999
1755288120000000000,91502.56310793999
1755288180000000000,91502.56310793999
1755288240000000000,91502.56310793999
1755288300000000000,91502.56310793999
1755288360000000000,91502.56310793999
1755288420000000000,91502.56310793999
1755288480000000000,91502.56310793999
1755288540000000000,91502.56310793999
1755288600000000000,91502.56310793999
1755288660000000000,91502.56310793999
1755288720000000000,91502.56310793999
1755288780000000000,91502.56310793999
1755288840000000000,91502.56310793999
1755288900000000000,91502.56310793999
1755288960000000000,91502.56310793999
1755289020000000000,91502.56310793999
1755289080000000000,91502.56310793999
1755289140000000000,91502.56310793999
1755289200000000000,91502.56310793999
1755289260000000000,91502.56310793999
1755289320000000000,91502.56310793999
1755289380000000000,91502.56310793999
1755289440000000000,91502.56310793999
1755289500000000000,91502.56310793999
1755289560000000000,91502.56310793999
1755289620000000000,91502.56310793999
1755289680000000000,91502.56310793999
1755289740000000000,91502.56310793999
1755289800000000000,91502.56310793999
1755289860000000000,91502.56310793999
1755289920000000000,91502.56310793999
1755289980000000000,91502.56310793999
1755290040000000000,91502.56310793999
1755290100000000000,91502.56310793999
1755290160000000000,91502.56310793999
1755290220000000000,91502.56310793999
1755290280000000000,91502.56310793999
1755290340000000000,91502.56310793999
1755290400000000000,91502.56310793999
1755290460000000000,91502.56310793999
1755290520000000000,91502.56310793999
1755290580000000000,91502.56310793999
1755290640000000000,91502.56310793999
1755290700000000000,91502.56310793999
1755290760000000000,91502.56310793999
1755290820000000000,91502.56310793999
1755290880000000000,91502.56310793999
1755290940000000000,91502.56310793999
1755291000000000000,91502.56310793999
1755291060000000000,91502.56310793999
1755291120000000000,91502.56310793999
1755291180000000000,91502.56310793999
1755291240000000000,91502.56310793999
1755291300000000000,91502.56310793999
1755291360000000000,91502.56310793999
1755291420000000000,91502.56310793999
1755291480000000000,91502.56310793999
1755291540000000000,91502.56310793999
1755291600000000000,91502.56310793999
1755291660000000000,91502.56310793999
1755291720000000000,91502.56310793999
1755291780000000000,91502.56310793999
1755291840000000000,91502.56310793999
1755291900000000000,91502.56310793999
1755291960000000000,91502.56310793999
1755292020000000000,91502.56310793999
1755292080000000000,91502.56310793999
1755292140000000000,91502.56310793999
1755292200000000000,91502.56310793999
1755292260000000000,91502.56310793999
1755292320000000000,91502.56310793999
1755292380000000000,91502.56310793999
1755292440000000000,91502.56310793999
1755292500000000000,91502.56310793999
1755292560000000000,91502.56310793999
1755292620000000000,91502.56310793999
1755292680000000000,91502.56310793999
1755292740000000000,91502.56310793999
1755292800000000000,91502.56310793999
1755292860000000000,91502.56310793999
1755292920000000000,91502.56310793999
1755292980000000000,91502.56310793999
1755293040000000000,91502.56310793999
1755293100000000000,91502.56310793999
1755293160000000000,91502.56310793999
1755293220000000000,91502.56310793999
1755293280000000000,91502.56310793999
1755293340000000000,91502.56310793999
1755293400000000000,91502.56310793999
1755293460000000000,91502.56310793999
1755293520000000000,91502.56310793999
1755293580000000000,91502.56310793999
1755293640000000000,91502.56310793999
1755293700000000000,91502.56310793999
1755293760000000000,91502.56310793999
1755293820000000000,91502.56310793999
1755293880000000000,91502.56310793999
1755293940000000000,91502.56310793999
1755294000000000000,91502.56310793999
1755294060000000000,91502.56310793999
1755294120000000000,91502.56310793999
1755294180000000000,91502.56310793999
1755294240000000000,91502.56310793999
1755294300000000000,91502.56310793999
1755294360000000000,91502.56310793999
1755294420000000000,91502.56310793999
1755294480000000000,91502.56310793999
1755294540000000000,91502.56310793999
1755294600000000000,91502.56310793999
1755294660000000000,91502.56310793999
1755294720000000000,91502.56310793999
1755294780000000000,91502.56310793999
1755294840000000000,91502.56310793999
1755294900000000000,91502.56310793999
1755294960000000000,91502.56310793999
1755295020000000000,91502.56310793999
1755295080000000000,91502.56310793999
1755295140000000000,91502.56310793999
1755295200000000000,91502.56310793999
1755295260000000000,91502.56310793999
1755295320000000000,91502.56310793999
1755295380000000000,91502.56310793999
1755295440000000000,91502.56310793999
1755295500000000000,91502.56310793999
1755295560000000000,91502.56310793999
1755295620000000000,91502.56310793999
1755295680000000000,91502.56310793999
1755295740000000000,91502.56310793999
1755295800000000000,91502.56310793999
1755295860000000000,91502.56310793999
1755295920000000000,91502.56310793999
1755295980000000000,91502.56310793999
1755296040000000000,91502.56310793999
1755296100000000000,91502.56310793999
1755296160000000000,91502.56310793999
1755296220000000000,91502.56310793999
1755296280000000000,91502.56310793999
1755296340000000000,91502.56310793999
1755296400000000000,91502.56310793999
1755296460000000000,91502.56310793999
1755296520000000000,91502.56310793999
1755296580000000000,91502.56310793999
1755296640000000000,91502.56310793999
1755296700000000000,91502.56310793999
1755296760000000000,91502.56310793999
1755296820000000000,91502.56310793999
1755296880000000000,91502.56310793999
1755296940000000000,91502.56310793999
1755297000000000000,91502.56310793999
1755297060000000000,91502.56310793999
1755297120000000000,91502.56310793999
1755297180000000000,91502.56310793999
1755297240000000000,91502.56310793999
1755297300000000000,91502.56310793999
1755297360000000000,91502.56310793999
1755297420000000000,91502.56310793999
1755297480000000000,91502.56310793999
1755297540000000000,91502.56310793999
1755297600000000000,91502.56310793999
1755297660000000000,91502.56310793999
1755297720000000000,91502.56310793999
1755297780000000000,91502.56310793999
1755297840000000000,91502.56310793999
1755297900000000000,91502.56310793999
1755297960000000000,91502.56310793999
1755298020000000000,91502.56310793999
1755298080000000000,91502.56310793999
1755298140000000000,91502.56310793999
1755298200000000000,91502.56310793999
1755298260000000000,91502.56310793999
1755298320000000000,91502.56310793999
1755298380000000000,91502.56310793999
1755298440000000000,91502.56310793999
1755298500000000000,91502.56310793999
1755298560000000000,91502.56310793999
1755298620000000000,91502.56310793999
1755298680000000000,91502.56310793999
1755298740000000000,91502.56310793999
1755298800000000000,91502.56310793999
1755298860000000000,91502.56310793999
1755298920000000000,91502.56310793999
1755298980000000000,91502.56310793999
1755299040000000000,91502.56310793999
1755299100000000000,91502.56310793999
1755299160000000000,91502.56310793999
1755299220000000000,91502.56310793999
1755299280000000000,91502.56310793999
1755299340000000000,91502.56310793999
1755299400000000000,91502.56310793999
1755299460000000000,91502.56310793999
1755299520000000000,91502.56310793999
1755299580000000000,91502.56310793999
1755299640000000000,91502.56310793999
1755299700000000000,91502.56310793999
1755299760000000000,91502.56310793999
1755299820000000000,91502.56310793999
1755299880000000000,91502.56310793999
1755299940000000000,91502.56310793999
1755300000000000000,91502.56310793999
1755300060000000000,91502.56310793999
1755300120000000000,91502.56310793999
1755300180000000000,91502.56310793999
1755300240000000000,91502.56310793999
1755300300000000000,91502.56310793999
1755300360000000000,91502.56310793999
1755300420000000000,91502.56310793999
1755300480000000000,91502.56310793999
1755300540000000000,91502.56310793999
1755300600000000000,91502.56310793999
1755300660000000000,91502.56310793999
1755300720000000000,91502.56310793999
1755300780000000000,91502.56310793999
1755300840000000000,91502.56310793999
1755300900000000000,91502.56310793999
1755300960000000000,91502.56310793999
1755301020000000000,91502.56310793999
1755301080000000000,91502.56310793999
1755301140000000000,91502.56310793999
1755301200000000000,91502.56310793999
1755301260000000000,91502.56310793999
1755301320000000000,91502.56310793999
1755301380000000000,91502.56310793999
1755301440000000000,91502.56310793999
1755301500000000000,91502.56310793999
1755301560000000000,91502.56310793999
1755301620000000000,91502.56310793999
1755301680000000000,91502.56310793999
1755301740000000000,91502.56310793999
1755301800000000000,91502.56310793999
1755301860000000000,91502.56310793999
1755301920000000000,91502.56310793999
1755301980000000000,91502.56310793999
1755302040000000000,91502.56310793999
1755302100000000000,91502.56310793999
1755302160000000000,91502.56310793999
1755302220000000000,91502.56310793999
1755302280000000000,91502.56310793999
1755302340000000000,91502.56310793999
1755302400000000000,91502.56310793999
1755302460000000000,91502.56310793999
1755302520000000000,91502.56310793999
1755302580000000000,91502.56310793999
1755302640000000000,91502.56310793999
1755302700000000000,91502.56310793999
1755302760000000000,91502.56310793999
1755302820000000000,91502.56310793999
1755302880000000000,91502.56310793999
1755302940000000000,91502.56310793999
1755303000000000000,91502.56310793999
1755303060000000000,91502.56310793999
1755303120000000000,91502.56310793999
1755303180000000000,91502.56310793999
1755303240000000000,91502.56310793999
1755303300000000000,91502.56310793999
1755303360000000000,91502.56310793999
1755303420000000000,91502.56310793999
1755303480000000000,91502.56310793999
1755303540000000000,91502.56310793999
1755303600000000000,91502.56310793999
1755303660000000000,91502.56310793999
1755303720000000000,91502.56310793999
1755303780000000000,91502.56310793999
1755303840000000000,91502.56310793999
1755303900000000000,91502.56310793999
1755303960000000000,91502.56310793999
1755304020000000000,91502.56310793999
1755304080000000000,91502.56310793999
1755304140000000000,91502.56310793999
1755304200000000000,91502.56310793999
1755304260000000000,91502.56310793999
1755304320000000000,91502.56310793999
1755304380000000000,91502.56310793999
1755304440000000000,91502.56310793999
1755304500000000000,91502.56310793999
1755304560000000000,91502.56310793999
1755304620000000000,91502.56310793999
1755304680000000000,91502.56310793999
1755304740000000000,91502.56310793999
1755304800000000000,91502.56310793999
1755304860000000000,91502.56310793999
1755304920000000000,91502.56310793999
1755304980000000000,91502.56310793999
1755305040000000000,91502.56310793999
1755305100000000000,91502.56310793999
1755305160000000000,91502.56310793999
1755305220000000000,91502.56310793999
1755305280000000000,91502.56310793999
1755305340000000000,91502.56310793999
1755305400000000000,91502.56310793999
1755305460000000000,91502.56310793999
1755305520000000000,91502.56310793999
1755305580000000000,91502.56310793999
1755305640000000000,91502.56310793999
1755305700000000000,91502.56310793999
1755305760000000000,91502.56310793999
1755305820000000000,91502.56310793999
1755305880000000000,91502.56310793999
1755305940000000000,91502.56310793999
1755306000000000000,91502.56310793999
1755306060000000000,91502.56310793999
1755306120000000000,91502.56310793999
1755306180000000000,91502.56310793999
1755306240000000000,91502.56310793999
1755306300000000000,91502.56310793999
1755306360000000000,91502.56310793999
1755306420000000000,91502.56310793999
1755306480000000000,91502.56310793999
1755306540000000000,91502.56310793999
1755306600000000000,91502.56310793999
1755306660000000000,91502.56310793999
1755306720000000000,91502.56310793999
1755306780000000000,91502.56310793999
1755306840000000000,91502.56310793999
1755306900000000000,91502.56310793999
1755306960000000000,91502.56310793999
1755307020000000000,91502.56310793999
1755307080000000000,91502.56310793999
1755307140000000000,91502.56310793999
1755307200000000000,91502.56310793999
1755307260000000000,91502.56310793999
1755307320000000000,91502.56310793999
1755307380000000000,91502.56310793999
1755307440000000000,91502.56310793999
1755307500000000000,91502.56310793999
1755307560000000000,91502.56310793999
1755307620000000000,91502.56310793999
1755307680000000000,91502.56310793999
1755307740000000000,91502.56310793999
1755307800000000000,91502.56310793999
1755307860000000000,91502.56310793999
1755307920000000000,91502.56310793999
1755307980000000000,91502.56310793999
1755308040000000000,91502.56310793999
1755308100000000000,91502.56310793999
1755308160000000000,91502.56310793999
1755308220000000000,91502.56310793999
1755308280000000000,91502.56310793999
1755308340000000000,91502.56310793999
1755308400000000000,91502.56310793999
1755308460000000000,91502.56310793999
1755308520000000000,91502.56310793999
1755308580000000000,91502.56310793999
1755308640000000000,91502.56310793999
1755308700000000000,91502.56310793999
1755308760000000000,91502.56310793999
1755308820000000000,91502.56310793999
1755308880000000000,91502.56310793999
1755308940000000000,91502.56310793999
1755309000000000000,91502.56310793999
1755309060000000000,91502.56310793999
1755309120000000000,91502.56310793999
1755309180000000000,91502.56310793999
1755309240000000000,91502.56310793999
1755309300000000000,91502.56310793999
1755309360000000000,91502.56310793999
1755309420000000000,91502.56310793999
1755309480000000000,91502.56310793999
1755309540000000000,91502.56310793999
1755309600000000000,91502.56310793999
1755309660000000000,91502.56310793999
1755309720000000000,91502.56310793999
1755309780000000000,91502.56310793999
1755309840000000000,91502.56310793999
1755309900000000000,91502.56310793999
1755309960000000000,91502.56310793999
1755310020000000000,91502.56310793999
1755310080000000000,91502.56310793999
1755310140000000000,91502.56310793999
1755310200000000000,91502.56310793999
1755310260000000000,91502.56310793999
1755310320000000000,91502.56310793999
1755310380000000000,91502.56310793999
1755310440000000000,91502.56310793999
1755310500000000000,91502.56310793999
1755310560000000000,91502.56310793999
1755310620000000000,91502.56310793999
1755310680000000000,91502.56310793999
1755310740000000000,91502.56310793999
1755310800000000000,91502.56310793999
1755310860000000000,91502.56310793999
1755310920000000000,91502.56310793999
1755310980000000000,91502.56310793999
1755311040000000000,91502.56310793999
1755311100000000000,91502.56310793999
1755311160000000000,91502.56310793999
1755311220000000000,91502.56310793999
1755311280000000000,91502.56310793999
1755311340000000000,91502.56310793999
1755311400000000000,91502.56310793999
1755311460000000000,91502.56310793999
1755311520000000000,91502.56310793999
1755311580000000000,91502.56310793999
1755311640000000000,91502.56310793999
1755311700000000000,91502.56310793999
1755311760000000000,91502.56310793999
1755311820000000000,91502.56310793999
1755311880000000000,91502.56310793999
1755311940000000000,91502.56310793999
1755312000000000000,91502.56310793999
1755312060000000000,91502.56310793999
1755312120000000000,91502.56310793999
1755312180000000000,91502.56310793999
1755312240000000000,91502.56310793999
1755312300000000000,91502.56310793999
1755312360000000000,91502.56310793999
1755312420000000000,91502.56310793999
1755312480000000000,91502.56310793999
1755312540000000000,91502.56310793999
1755312600000000000,91502.56310793999
1755312660000000000,91502.56310793999
1755312720000000000,91502.56310793999
1755312780000000000,91502.56310793999
1755312840000000000,91502.56310793999
1755312900000000000,91502.56310793999
1755312960000000000,91502.56310793999
1755313020000000000,91502.56310793999
1755313080000000000,91502.56310793999
1755313140000000000,91502.56310793999
1755313200000000000,91502.56310793999
1755313260000000000,91502.56310793999
1755313320000000000,91502.56310793999
1755313380000000000,91502.56310793999
1755313440000000000,91502.56310793999
1755313500000000000,91502.56310793999
1755313560000000000,91502.56310793999
1755313620000000000,91502.56310793999
1755313680000000000,91502.56310793999
1755313740000000000,91502.56310793999
1755313800000000000,91502.56310793999
1755313860000000000,91502.56310793999
1755313920000000000,91502.56310793999
1755313980000000000,91502.56310793999
1755314040000000000,91502.56310793999
1755314100000000000,91502.56310793999
1755314160000000000,91502.56310793999
1755314220000000000,91502.56310793999
1755314280000000000,91502.56310793999
1755314340000000000,91502.56310793999
1755314400000000000,91502.56310793999
1755314460000000000,91502.56310793999
1755314520000000000,91502.56310793999
1755314580000000000,91502.56310793999
1755314640000000000,91502.56310793999
1755314700000000000,91502.56310793999
1755314760000000000,91502.56310793999
1755314820000000000,91502.56310793999
1755314880000000000,91502.56310793999
1755314940000000000,91502.56310793999
1755315000000000000,91502.56310793999
1755315060000000000,91502.56310793999
1755315120000000000,91502.56310793999
1755315180000000000,91502.56310793999
1755315240000000000,91502.56310793999
1755315300000000000,91502.56310793999
1755315360000000000,91502.56310793999
1755315420000000000,91502.56310793999
1755315480000000000,91502.56310793999
1755315540000000000,91502.56310793999
1755315600000000000,91502.56310793999
1755315660000000000,91502.56310793999
1755315720000000000,91502.56310793999
1755315780000000000,91502.56310793999
1755315840000000000,91502.56310793999
1755315900000000000,91502.56310793999
1755315960000000000,91502.56310793999
1755316020000000000,91502.56310793999
1755316080000000000,91502.56310793999
1755316140000000000,91502.56310793999
1755316200000000000,91502.56310793999
1755316260000000000,91502.56310793999
1755316320000000000,91502.56310793999
1755316380000000000,91502.56310793999
1755316440000000000,91502.56310793999
1755316500000000000,91502.56310793999
1755316560000000000,91502.56310793999
1755316620000000000,91502.56310793999
1755316680000000000,91502.56310793999
1755316740000000000,91502.56310793999
1755316800000000000,91502.56310793999
1755316860000000000,91502.56310793999
1755316920000000000,91502.56310793999
1755316980000000000,91502.56310793999
1755317040000000000,91502.56310793999
1755317100000000000,91502.56310793999
1755317160000000000,91502.56310793999
1755317220000000000,91502.56310793999
1755317280000000000,91502.56310793999
1755317340000000000,91502.56310793999
1755317400000000000,91502.56310793999
1755317460000000000,91502.56310793999
1755317520000000000,91502.56310793999
1755317580000000000,91502.56310793999
1755317640000000000,91502.56310793999
1755317700000000000,91502.56310793999
1755317760000000000,91502.56310793999
1755317820000000000,91502.56310793999
1755317880000000000,91502.56310793999
1755317940000000000,91502.56310793999
1755318000000000000,91502.56310793999
1755318060000000000,91502.56310793999
1755318120000000000,91502.56310793999
1755318180000000000,91502.56310793999
1755318240000000000,91502.56310793999
1755318300000000000,91502.56310793999
1755318360000000000,91502.56310793999
1755318420000000000,91502.56310793999
1755318480000000000,91502.56310793999
1755318540000000000,91502.56310793999
1755318600000000000,91502.56310793999
1755318660000000000,91502.56310793999
1755318720000000000,91502.56310793999
1755318780000000000,91502.56310793999
1755318840000000000,91502.56310793999
1755318900000000000,91502.56310793999
1755318960000000000,91502.56310793999
1755319020000000000,91502.56310793999
1755319080000000000,91502.56310793999
1755319140000000000,91502.56310793999
1755319200000000000,91502.56310793999
1755319260000000000,91502.56310793999
1755319320000000000,91502.56310793999
1755319380000000000,91502.56310793999
1755319440000000000,91502.56310793999
1755319500000000000,91502.56310793999
1755319560000000000,91502.56310793999
1755319620000000000,91502.56310793999
1755319680000000000,91502.56310793999
1755319740000000000,91502.56310793999
1755319800000000000,91502.56310793999
1755319860000000000,91502.56310793999
1755319920000000000,91502.56310793999
1755319980000000000,91502.56310793999
1755320040000000000,91502.56310793999
1755320100000000000,91502.56310793999
1755320160000000000,91502.56310793999
1755320220000000000,91502.56310793999
1755320280000000000,91502.56310793999
1755320340000000000,91502.56310793999
1755320400000000000,91502.56310793999
1755320460000000000,91502.56310793999
1755320520000000000,91502.56310793999
1755320580000000000,91502.56310793999
1755320640000000000,91502.56310793999
1755320700000000000,91502.56310793999
1755320760000000000,91502.56310793999
1755320820000000000,91502.56310793999
1755320880000000000,91502.56310793999
1755320940000000000,91502.56310793999
1755321000000000000,91502.56310793999
1755321060000000000,91502.56310793999
1755321120000000000,91502.56310793999
1755321180000000000,91502.56310793999
1755321240000000000,91502.56310793999
1755321300000000000,91502.56310793999
1755321360000000000,91502.56310793999
1755321420000000000,91502.56310793999
1755321480000000000,91502.56310793999
1755321540000000000,91502.56310793999
1755321600000000000,91502.56310793999
1755321660000000000,91502.56310793999
1755321720000000000,91502.56310793999
1755321780000000000,91502.56310793999
1755321840000000000,91502.56310793999
1755321900000000000,91502.56310793999
1755321960000000000,91502.56310793999
1755322020000000000,91502.56310793999
1755322080000000000,91502.56310793999
1755322140000000000,91502.56310793999
1755322200000000000,91502.56310793999
1755322260000000000,91502.56310793999
1755322320000000000,91502.56310793999
1755322380000000000,91502.56310793999
1755322440000000000,91502.56310793999
1755322500000000000,91502.56310793999
1755322560000000000,91502.56310793999
1755322620000000000,91502.56310793999
1755322680000000000,91502.56310793999
1755322740000000000,91502.56310793999
1755322800000000000,91502.56310793999
1755322860000000000,91502.56310793999
1755322920000000000,91502.56310793999
1755322980000000000,91502.56310793999
1755323040000000000,91502.56310793999
1755323100000000000,91502.56310793999
1755323160000000000,91502.56310793999
1755323220000000000,91502.56310793999
1755323280000000000,91502.56310793999
1755323340000000000,91502.56310793999
1755323400000000000,91502.56310793999
1755323460000000000,91502.56310793999
1755323520000000000,91502.56310793999
1755323580000000000,91502.56310793999
1755323640000000000,91502.56310793999
1755323700000000000,91502.56310793999
1755323760000000000,91502.56310793999
1755323820000000000,91502.56310793999
1755323880000000000,91502.56310793999
1755323940000000000,91502.56310793999
1755324000000000000,91502.56310793999
1755324060000000000,91502.56310793999
1755324120000000000,91502.56310793999
1755324180000000000,91502.56310793999
1755324240000000000,91502.56310793999
1755324300000000000,91502.56310793999
1755324360000000000,91502.56310793999
1755324420000000000,91502.56310793999
1755324480000000000,91502.56310793999
1755324540000000000,91502.56310793999
1755324600000000000,91502.56310793999
1755324660000000000,91502.56310793999
1755324720000000000,91502.56310793999
1755324780000000000,91502.56310793999
1755324840000000000,91502.56310793999
1755324900000000000,91502.56310793999
1755324960000000000,91502.56310793999
1755325020000000000,91502.56310793999
1755325080000000000,91502.56310793999
1755325140000000000,91502.56310793999
1755325200000000000,91502.56310793999
1755325260000000000,91502.56310793999
1755325320000000000,91502.56310793999
1755325380000000000,91502.56310793999
1755325440000000000,91502.56310793999
1755325500000000000,91502.56310793999
1755325560000000000,91502.56310793999
1755325620000000000,91502.56310793999
1755325680000000000,91502.56310793999
1755325740000000000,91502.56310793999
1755325800000000000,91502.56310793999
1755325860000000000,91502.56310793999
1755325920000000000,91502.56310793999
1755325980000000000,91502.56310793999
1755326040000000000,91502.56310793999
1755326100000000000,91502.56310793999
1755326160000000000,91502.56310793999
1755326220000000000,91502.56310793999
1755326280000000000,91502.56310793999
1755326340000000000,91502.56310793999
1755326400000000000,91502.56310793999
1755326460000000000,91502.56310793999
1755326520000000000,91502.56310793999
1755326580000000000,91502.56310793999
1755326640000000000,91502.56310793999
1755326700000000000,91502.56310793999
1755326760000000000,91502.56310793999
1755326820000000000,91502.56310793999
1755326880000000000,91502.56310793999
1755326940000000000,91502.56310793999
1755327000000000000,91502.56310793999
1755327060000000000,91502.56310793999
1755327120000000000,91502.56310793999
1755327180000000000,91502.56310793999
1755327240000000000,91502.56310793999
1755327300000000000,91502.56310793999
1755327360000000000,91502.56310793999
1755327420000000000,91502.56310793999
1755327480000000000,91502.56310793999
1755327540000000000,91502.56310793999
1755327600000000000,91502.56310793999
1755327660000000000,91502.56310793999
1755327720000000000,91502.56310793999
1755327780000000000,91502.56310793999
1755327840000000000,91502.56310793999
1755327900000000000,91502.56310793999
1755327960000000000,91502.56310793999
1755328020000000000,91502.56310793999
1755328080000000000,91502.56310793999
1755328140000000000,91502.56310793999
1755328200000000000,91502.56310793999
1755328260000000000,91502.56310793999
1755328320000000000,91502.56310793999
1755328380000000000,91502.56310793999
1755328440000000000,91502.56310793999
1755328500000000000,91502.56310793999
1755328560000000000,91502.56310793999
1755328620000000000,91502.56310793999
1755328680000000000,91502.56310793999
1755328740000000000,91502.56310793999
1755328800000000000,91502.56310793999
1755328860000000000,91502.56310793999
1755328920000000000,91502.56310793999
1755328980000000000,91502.56310793999
1755329040000000000,91502.56310793999
1755329100000000000,91502.56310793999
1755329160000000000,91502.56310793999
1755329220000000000,91502.56310793999
1755329280000000000,91502.56310793999
1755329340000000000,91502.56310793999
1755329400000000000,91502.56310793999
1755329460000000000,91502.56310793999
1755329520000000000,91502.56310793999
1755329580000000000,91502.56310793999
1755329640000000000,91502.56310793999
1755329700000000000,91502.56310793999
1755329760000000000,91502.56310793999
1755329820000000000,91502.56310793999
1755329880000000000,91502.56310793999
1755329940000000000,91502.56310793999
1755330000000000000,91502.56310793999
1755330060000000000,91502.56310793999
1755330120000000000,91502.56310793999
1755330180000000000,91502.56310793999
1755330240000000000,91502.56310793999
1755330300000000000,91502.56310793999
1755330360000000000,91502.56310793999
1755330420000000000,91502.56310793999
1755330480000000000,91502.56310793999
1755330540000000000,91502.56310793999
1755330600000000000,91502.56310793999
1755330660000000000,91502.56310793999
1755330720000000000,91502.56310793999
1755330780000000000,91502.56310793999
1755330840000000000,91502.56310793999
1755330900000000000,91502.56310793999
1755330960000000000,91502.56310793999
1755331020000000000,91502.56310793999
1755331080000000000,91502.56310793999
1755331140000000000,91502.56310793999
1755331200000000000,91502.56310793999
1755331260000000000,91502.56310793999
1755331320000000000,91502.56310793999
1755331380000000000,91502.56310793999
1755331440000000000,91502.56310793999
1755331500000000000,91502.56310793999
1755331560000000000,91502.56310793999
1755331620000000000,91502.56310793999
1755331680000000000,91502.56310793999
1755331740000000000,91502.56310793999
1755331800000000000,91502.56310793999
1755331860000000000,91502.56310793999
1755331920000000000,91502.56310793999
1755331980000000000,91502.56310793999
1755332040000000000,91502.56310793999
1755332100000000000,91502.56310793999
1755332160000000000,91502.56310793999
1755332220000000000,91502.56310793999
1755332280000000000,91502.56310793999
1755332340000000000,91502.56310793999
1755332400000000000,91502.56310793999
1755332460000000000,91502.56310793999
1755332520000000000,91502.56310793999
1755332580000000000,91502.56310793999
1755332640000000000,91502.56310793999
1755332700000000000,91502.56310793999
1755332760000000000,91502.56310793999
1755332820000000000,91502.56310793999
1755332880000000000,91502.56310793999
1755332940000000000,91502.56310793999
1755333000000000000,91502.56310793999
1755333060000000000,91502.56310793999
1755333120000000000,91502.56310793999
1755333180000000000,91502.56310793999
1755333240000000000,91502.56310793999
1755333300000000000,91502.56310793999
1755333360000000000,91502.56310793999
1755333420000000000,91502.56310793999
1755333480000000000,91502.56310793999
1755333540000000000,91502.56310793999
1755333600000000000,91502.56310793999
1755333660000000000,91502.56310793999
1755333720000000000,91502.56310793999
1755333780000000000,91502.56310793999
1755333840000000000,91502.56310793999
1755333900000000000,91502.56310793999
1755333960000000000,91502.56310793999
1755334020000000000,91502.56310793999
1755334080000000000,91502.56310793999
1755334140000000000,91502.56310793999
1755334200000000000,91502.56310793999
1755334260000000000,91502.56310793999
1755334320000000000,91502.56310793999
1755334380000000000,91502.56310793999
1755334440000000000,91502.56310793999
1755334500000000000,91502.56310793999
1755334560000000000,91502.56310793999
1755334620000000000,91502.56310793999
1755334680000000000,91502.56310793999
1755334740000000000,91502.56310793999
1755334800000000000,91502.56310793999
1755334860000000000,91502.56310793999
1755334920000000000,91502.56310793999
1755334980000000000,91502.56310793999
1755335040000000000,91502.56310793999
1755335100000000000,91502.56310793999
1755335160000000000,91502.56310793999
1755335220000000000,91502.56310793999
1755335280000000000,91502.56310793999
1755335340000000000,91502.56310793999
1755335400000000000,91502.56310793999
1755335460000000000,91502.56310793999
1755335520000000000,91502.56310793999
1755335580000000000,91502.56310793999
1755335640000000000,91502.56310793999
1755335700000000000,91502.56310793999
1755335760000000000,91502.56310793999
1755335820000000000,91502.56310793999
1755335880000000000,91502.56310793999
1755335940000000000,91502.56310793999
1755336000000000000,91502.56310793999
1755336060000000000,91502.56310793999
1755336120000000000,91502.56310793999
1755336180000000000,91502.56310793999
1755336240000000000,91502.56310793999
1755336300000000000,91502.56310793999
1755336360000000000,91502.56310793999
1755336420000000000,91502.56310793999
1755336480000000000,91502.56310793999
1755336540000000000,91502.56310793999
1755336600000000000,91502.56310793999
1755336660000000000,91502.56310793999
1755336720000000000,91502.56310793999
1755336780000000000,91502.56310793999
1755336840000000000,91502.56310793999
1755336900000000000,91502.56310793999
1755336960000000000,91502.56310793999
1755337020000000000,91502.56310793999
1755337080000000000,91502.56310793999
1755337140000000000,91502.56310793999
1755337200000000000,91502.56310793999
1755337260000000000,91502.56310793999
1755337320000000000,91502.56310793999
1755337380000000000,91502.56310793999
1755337440000000000,91502.56310793999
1755337500000000000,91502.56310793999
1755337560000000000,91502.56310793999
1755337620000000000,91502.56310793999
1755337680000000000,91502.56310793999
1755337740000000000,91502.56310793999
1755337800000000000,91502.56310793999
1755337860000000000,91502.56310793999
1755337920000000000,91502.56310793999
1755337980000000000,91502.56310793999
1755338040000000000,91502.56310793999
1755338100000000000,91502.56310793999
1755338160000000000,91502.56310793999
1755338220000000000,91502.56310793999
1755338280000000000,91502.56310793999
1755338340000000000,91502.56310793999
1755338400000000000,91502.56310793999
1755338460000000000,91502.56310793999
1755338520000000000,91502.56310793999
1755338580000000000,91502.56310793999
1755338640000000000,91502.56310793999
1755338700000000000,91502.56310793999
1755338760000000000,91502.56310793999
1755338820000000000,91502.56310793999
1755338880000000000,91502.56310793999
1755338940000000000,91502.56310793999
1755339000000000000,91502.56310793999
1755339060000000000,91502.56310793999
1755339120000000000,91502.56310793999
1755339180000000000,91502.56310793999
1755339240000000000,91502.56310793999
1755339300000000000,91502.56310793999
1755339360000000000,91502.56310793999
1755339420000000000,91502.56310793999
1755339480000000000,91502.56310793999
1755339540000000000,91502.56310793999
1755339600000000000,91502.56310793999
1755339660000000000,91502.56310793999
1755339720000000000,91502.56310793999
1755339780000000000,91502.56310793999
1755339840000000000,91502.56310793999
1755339900000000000,91502.56310793999
1755339960000000000,91502.56310793999
1755340020000000000,91502.56310793999
1755340080000000000,91502.56310793999
1755340140000000000,91502.56310793999
1755340200000000000,91502.56310793999
1755340260000000000,91502.56310793999
1755340320000000000,91502.56310793999
1755340380000000000,91502.56310793999
1755340440000000000,91502.56310793999
1755340500000000000,91502.56310793999
1755340560000000000,91502.56310793999
1755340620000000000,91502.56310793999
1755340680000000000,91502.56310793999
1755340740000000000,91502.56310793999
1755340800000000000,91502.56310793999
1755340860000000000,91502.56310793999
1755340920000000000,91502.56310793999
1755340980000000000,91502.56310793999
1755341040000000000,91502.56310793999
1755341100000000000,91502.56310793999
1755341160000000000,91502.56310793999
1755341220000000000,91502.56310793999
1755341280000000000,91502.56310793999
1755341340000000000,91502.56310793999
1755341400000000000,91502.56310793999
1755341460000000000,91502.56310793999
1755341520000000000,91502.56310793999
1755341580000000000,91502.56310793999
1755341640000000000,91502.56310793999
1755341700000000000,91502.56310793999
1755341760000000000,91502.56310793999
1755341820000000000,91502.56310793999
1755341880000000000,91502.56310793999
1755341940000000000,91502.56310793999
1755342000000000000,91502.56310793999
1755342060000000000,91502.56310793999
1755342120000000000,91502.56310793999
1755342180000000000,91502.56310793999
1755342240000000000,91502.56310793999
1755342300000000000,91502.56310793999
1755342360000000000,91502.56310793999
1755342420000000000,91502.56310793999
1755342480000000000,91502.56310793999
1755342540000000000,91502.56310793999
1755342600000000000,91502.56310793999
1755342660000000000,91502.56310793999
1755342720000000000,91502.56310793999
1755342780000000000,91502.56310793999
1755342840000000000,91502.56310793999
1755342900000000000,91502.56310793999
1755342960000000000,91502.56310793999
1755343020000000000,91502.56310793999
1755343080000000000,91502.56310793999
1755343140000000000,91502.56310793999
1755343200000000000,91502.56310793999
1755343260000000000,91502.56310793999
1755343320000000000,91502.56310793999
1755343380000000000,91502.56310793999
1755343440000000000,91502.56310793999
1755343500000000000,91502.56310793999
1755343560000000000,91502.56310793999
1755343620000000000,91502.56310793999
1755343680000000000,91502.56310793999
1755343740000000000,91502.56310793999
1755343800000000000,91502.56310793999
1755343860000000000,91502.56310793999
1755343920000000000,91502.56310793999
1755343980000000000,91502.56310793999
1755344040000000000,91502.56310793999
1755344100000000000,91502.56310793999
1755344160000000000,91502.56310793999
1755344220000000000,91502.56310793999
1755344280000000000,91502.56310793999
1755344340000000000,91502.56310793999
1755344400000000000,91502.56310793999
1755344460000000000,91502.56310793999
1755344520000000000,91502.56310793999
1755344580000000000,91502.56310793999
1755344640000000000,91502.56310793999
1755344700000000000,91502.56310793999
1755344760000000000,91502.56310793999
1755344820000000000,91502.56310793999
1755344880000000000,91502.56310793999
1755344940000000000,91502.56310793999
1755345000000000000,91502.56310793999
1755345060000000000,91502.56310793999
1755345120000000000,91502.56310793999
1755345180000000000,91502.56310793999
1755345240000000000,91502.56310793999
1755345300000000000,91502.56310793999
1755345360000000000,91502.56310793999
1755345420000000000,91502.56310793999
1755345480000000000,91502.56310793999
1755345540000000000,91502.56310793999
1755345600000000000,91502.56310793999
1755345660000000000,91502.56310793999
1755345720000000000,91502.56310793999
1755345780000000000,91502.56310793999
1755345840000000000,91502.56310793999
1755345900000000000,91502.56310793999
1755345960000000000,91502.56310793999
1755346020000000000,91502.56310793999
1755346080000000000,91502.56310793999
1755346140000000000,91502.56310793999
1755346200000000000,91502.56310793999
1755346260000000000,91502.56310793999
1755346320000000000,91502.56310793999
1755346380000000000,91502.56310793999
1755346440000000000,91502.56310793999
1755346500000000000,91502.56310793999
1755346560000000000,91502.56310793999
1755346620000000000,91502.56310793999
1755346680000000000,91502.56310793999
1755346740000000000,91502.56310793999
1755346800000000000,91502.56310793999
1755346860000000000,91502.56310793999
1755346920000000000,91502.56310793999
1755346980000000000,91502.56310793999
1755347040000000000,91502.56310793999
1755347100000000000,91502.56310793999
1755347160000000000,91502.56310793999
1755347220000000000,91502.56310793999
1755347280000000000,91502.56310793999
1755347340000000000,91502.56310793999
1755347400000000000,91502.56310793999
1755347460000000000,91502.56310793999
1755347520000000000,91502.56310793999
1755347580000000000,91502.56310793999
1755347640000000000,91502.56310793999
1755347700000000000,91502.56310793999
1755347760000000000,91502.56310793999
1755347820000000000,91502.56310793999
1755347880000000000,91502.56310793999
1755347940000000000,91502.56310793999
1755348000000000000,91502.56310793999
1755348060000000000,91502.56310793999
1755348120000000000,91502.56310793999
1755348180000000000,91502.56310793999
1755348240000000000,91502.56310793999
1755348300000000000,91502.56310793999
1755348360000000000,91502.56310793999
1755348420000000000,91502.56310793999
1755348480000000000,91502.56310793999
1755348540000000000,91502.56310793999
1755348600000000000,91502.56310793999
1755348660000000000,91502.56310793999
1755348720000000000,91502.56310793999
1755348780000000000,91502.56310793999
1755348840000000000,91502.56310793999
1755348900000000000,91502.56310793999
1755348960000000000,91502.56310793999
1755349020000000000,91502.56310793999
1755349080000000000,91502.56310793999
1755349140000000000,91502.56310793999
1755349200000000000,91502.56310793999
1755349260000000000,91502.56310793999
1755349320000000000,91502.56310793999
1755349380000000000,91502.56310793999
1755349440000000000,91502.56310793999
1755349500000000000,91502.56310793999
1755349560000000000,91502.56310793999
1755349620000000000,91502.56310793999
1755349680000000000,91502.56310793999
1755349740000000000,91502.56310793999
1755349800000000000,91502.56310793999
1755349860000000000,91502.56310793999
1755349920000000000,91502.56310793999
1755349980000000000,91502.56310793999
1755350040000000000,91502.56310793999
1755350100000000000,91502.56310793999
1755350160000000000,91502.56310793999
1755350220000000000,91502.56310793999
1755350280000000000,91502.56310793999
1755350340000000000,91502.56310793999
1755350400000000000,91502.56310793999
1755350460000000000,91502.56310793999
1755350520000000000,91502.56310793999
1755350580000000000,91502.56310793999
1755350640000000000,91502.56310793999
1755350700000000000,91502.56310793999
1755350760000000000,91502.56310793999
1755350820000000000,91502.56310793999
1755350880000000000,91502.56310793999
1755350940000000000,91502.56310793999
1755351000000000000,91502.56310793999
1755351060000000000,91502.56310793999
1755351120000000000,91502.56310793999
1755351180000000000,91502.56310793999
1755351240000000000,91502.56310793999
1755351300000000000,91502.56310793999
1755351360000000000,91502.56310793999
1755351420000000000,91502.56310793999
1755351480000000000,91502.56310793999
1755351540000000000,91502.56310793999
1755351600000000000,91502.56310793999
1755351660000000000,91502.56310793999
1755351720000000000,91502.56310793999
1755351780000000000,91502.56310793999
1755351840000000000,91502.56310793999
1755351900000000000,91502.56310793999
1755351960000000000,91502.56310793999
1755352020000000000,91502.56310793999
1755352080000000000,91502.56310793999
1755352140000000000,91502.56310793999
1755352200000000000,91502.56310793999
1755352260000000000,91502.56310793999
1755352320000000000,91502.56310793999
1755352380000000000,91502.56310793999
1755352440000000000,91502.56310793999
1755352500000000000,91502.56310793999
1755352560000000000,91502.56310793999
1755352620000000000,91502.56310793999
1755352680000000000,91502.56310793999
1755352740000000000,91502.56310793999
1755352800000000000,91502.56310793999
1755352860000000000,91502.56310793999
1755352920000000000,91502.56310793999
1755352980000000000,91502.56310793999
1755353040000000000,91502.56310793999
1755353100000000000,91502.56310793999
1755353160000000000,91502.56310793999
1755353220000000000,91502.56310793999
1755353280000000000,91502.56310793999
1755353340000000000,91502.56310793999
1755353400000000000,91502.56310793999
1755353460000000000,91502.56310793999
1755353520000000000,91502.56310793999
1755353580000000000,91502.56310793999
1755353640000000000,91502.56310793999
1755353700000000000,91502.56310793999
1755353760000000000,91502.56310793999
1755353820000000000,91502.56310793999
1755353880000000000,91502.56310793999
1755353940000000000,91502.56310793999
1755354000000000000,91502.56310793999
1755354060000000000,91502.56310793999
1755354120000000000,91502.56310793999
1755354180000000000,91502.56310793999
1755354240000000000,91502.56310793999
1755354300000000000,91502.56310793999
1755354360000000000,91502.56310793999
1755354420000000000,91502.56310793999
1755354480000000000,91502.56310793999
1755354540000000000,91502.56310793999
1755354600000000000,91502.56310793999
1755354660000000000,91502.56310793999
1755354720000000000,91502.56310793999
1755354780000000000,91502.56310793999
1755354840000000000,91502.56310793999
1755354900000000000,91502.56310793999
1755354960000000000,91502.56310793999
1755355020000000000,91502.56310793999
1755355080000000000,91502.56310793999
1755355140000000000,91502.56310793999
1755355200000000000,91502.56310793999
1755355260000000000,91502.56310793999
1755355320000000000,91502.56310793999
1755355380000000000,91502.56310793999
1755355440000000000,91502.56310793999
1755355500000000000,91502.56310793999
1755355560000000000,91502.56310793999
1755355620000000000,91502.56310793999
1755355680000000000,91502.56310793999
1755355740000000000,91502.56310793999
1755355800000000000,91502.56310793999
1755355860000000000,91502.56310793999
1755355920000000000,91502.56310793999
1755355980000000000,91502.56310793999
1755356040000000000,91502.56310793999
1755356100000000000,91502.56310793999
1755356160000000000,91502.56310793999
1755356220000000000,91502.56310793999
1755356280000000000,91502.56310793999
1755356340000000000,91502.56310793999
1755356400000000000,91502.56310793999
1755356460000000000,91502.56310793999
1755356520000000000,91502.56310793999
1755356580000000000,91502.56310793999
1755356640000000000,91502.56310793999
1755356700000000000,91502.56310793999
1755356760000000000,91502.56310793999
1755356820000000000,91502.56310793999
1755356880000000000,91502.56310793999
1755356940000000000,91502.56310793999
1755357000000000000,91502.56310793999
1755357060000000000,91502.56310793999
1755357120000000000,91502.56310793999
1755357180000000000,91502.56310793999
1755357240000000000,91502.56310793999
1755357300000000000,91502.56310793999
1755357360000000000,91502.56310793999
1755357420000000000,91502.56310793999
1755357480000000000,91502.56310793999
1755357540000000000,91502.56310793999
1755357600000000000,91502.56310793999
1755357660000000000,91502.56310793999
1755357720000000000,91502.56310793999
1755357780000000000,91502.56310793999
1755357840000000000,91502.56310793999
1755357900000000000,91502.56310793999
1755357960000000000,91502.56310793999
1755358020000000000,91502.56310793999
1755358080000000000,91502.56310793999
1755358140000000000,91502.56310793999
1755358200000000000,91502.56310793999
1755358260000000000,91502.56310793999
1755358320000000000,91502.56310793999
1755358380000000000,91502.56310793999
1755358440000000000,91502.56310793999
1755358500000000000,91502.56310793999
1755358560000000000,91502.56310793999
1755358620000000000,91502.56310793999
1755358680000000000,91502.56310793999
1755358740000000000,91502.56310793999
1755358800000000000,91502.56310793999
1755358860000000000,91502.56310793999
1755358920000000000,91502.56310793999
1755358980000000000,91502.56310793999
1755359040000000000,91502.56310793999
1755359100000000000,91502.56310793999
1755359160000000000,91502.56310793999
1755359220000000000,91502.56310793999
1755359280000000000,91502.56310793999
1755359340000000000,91502.56310793999
1755359400000000000,91502.56310793999
1755359460000000000,91502.56310793999
1755359520000000000,91502.56310793999
1755359580000000000,91502.56310793999
1755359640000000000,91502.56310793999
1755359700000000000,91502.56310793999
1755359760000000000,91502.56310793999
1755359820000000000,91502.56310793999
1755359880000000000,91502.56310793999
1755359940000000000,91502.56310793999
1755360000000000000,91502.56310793999
1755360060000000000,91502.56310793999
1755360120000000000,91502.56310793999
1755360180000000000,91502.56310793999
1755360240000000000,91502.56310793999
1755360300000000000,91502.56310793999
1755360360000000000,91502.56310793999
1755360420000000000,91502.56310793999
1755360480000000000,91502.56310793999
1755360540000000000,91502.56310793999
1755360600000000000,91502.56310793999
1755360660000000000,91502.56310793999
1755360720000000000,91502.56310793999
1755360780000000000,91502.56310793999
1755360840000000000,91502.56310793999
1755360900000000000,91502.56310793999
1755360960000000000,91502.56310793999
1755361020000000000,91502.56310793999
1755361080000000000,91502.56310793999
1755361140000000000,91502.56310793999
1755361200000000000,91502.56310793999
1755361260000000000,91502.56310793999
1755361320000000000,91502.56310793999
1755361380000000000,91502.56310793999
1755361440000000000,91502.56310793999
1755361500000000000,91502.56310793999
1755361560000000000,91502.56310793999
1755361620000000000,91502.56310793999
1755361680000000000,91502.56310793999
1755361740000000000,91502.56310793999
1755361800000000000,91502.56310793999
1755361860000000000,91502.56310793999
1755361920000000000,91502.56310793999
1755361980000000000,91502.56310793999
1755362040000000000,91502.56310793999
1755362100000000000,91502.56310793999
1755362160000000000,91502.56310793999
1755362220000000000,91502.56310793999
1755362280000000000,91502.56310793999
1755362340000000000,91502.56310793999
1755362400000000000,91502.56310793999
1755362460000000000,91502.56310793999
1755362520000000000,91502.56310793999
1755362580000000000,91502.56310793999
1755362640000000000,91502.56310793999
1755362700000000000,91502.56310793999
1755362760000000000,91502.56310793999
1755362820000000000,90371.20600470001
1755362880000000000,90437.10262470001
1755362940000000000,91118.03436470001
1755363000000000000,91842.8971847
1755363060000000000,91513.41408470001
1755363120000000000,92194.34582470001
1755363180000000000,91557.3451647
1755363240000000000,91601.27624470001
1755363300000000000,91293.7586847
1755363360000000000,91777.0005647
1755363420000000000,91667.17286470001
1755363480000000000,91886.8282647
1755363540000000000,92743.48432470001
1755363600000000000,92260.24244470001
1755363660000000000,92699.5532447
1755363720000000000,92611.69108470001
1755363780000000000,92457.9323047
1755363840000000000,92062.55258470001
1755363900000000000,91820.9316447
1755363960000000000,91557.3451647
1755364020000000000,91645.20732470001
1755364080000000000,91469.4830047
1755364140000000000,91579.31070470001
1755364200000000000,91689.1384047
1755364260000000000,91337.6897647
1755364320000000000,90986.24112470001
1755364380000000000,90942.3100447
1755364440000000000,90678.7235647
1755364500000000000,90788.5512647
1755364560000000000,90415.1370847
1755364620000000000,90129.5850647
1755364680000000000,89953.86074470001
1755364740000000000,90437.10262470001
1755364800000000000,90195.4816847
1755364860000000000,90239.41276470001
1755364920000000000,90502.99924470001
1755364980000000000,90524.9647847
1755365040000000000,90349.24046470001
1755365100000000000,90415.1370847
1755365160000000000,90590.8614047
1755365220000000000,90305.30938470001
1755365280000000000,90546.9303247
1755365340000000000,90349.24046470001
1755365400000000000,90524.9647847
1755365460000000000,90481.0337047
1755365520000000000,90656.7580247
1755365580000000000,90722.6546447
1755365640000000000,90261.3783047
1755365700000000000,90129.5850647
1755365760000000000,89975.8262847
1755365820000000000,90173.51614470001
1755365880000000000,90481.0337047
1755365940000000000,90371.20600470001
1755366000000000000,89997.7918247
1755366060000000000,88713.73028738
1755366120000000000,88713.73028738
1755366180000000000,88713.73028738
1755366240000000000,88713.73028738
1755366300000000000,88713.73028738
1755366360000000000,88713.73028738
1755366420000000000,88713.73028738
1755366480000000000,88713.73028738
1755366540000000000,88713.73028738
1755366600000000000,88713.73028738
1755366660000000000,88713.73028738
1755366720000000000,88713.73028738
1755366780000000000,88713.73028738
1755366840000000000,88713.73028738
1755366900000000000,88713.73028738
1755366960000000000,88713.73028738
1755367020000000000,88713.73028738
1755367080000000000,88713.73028738
1755367140000000000,88713.73028738
1755367200000000000,88713.73028738
1755367260000000000,88713.73028738
1755367320000000000,88713.73028738
1755367380000000000,88713.73028738
1755367440000000000,88713.73028738
1755367500000000000,88713.73028738
1755367560000000000,88713.73028738
1755367620000000000,88713.73028738
1755367680000000000,88713.73028738
1755367740000000000,88713.73028738
1755367800000000000,88713.73028738
1755367860000000000,88713.73028738
1755367920000000000,88713.73028738
1755367980000000000,88713.73028738
1755368040000000000,88713.73028738
1755368100000000000,88713.73028738
1755368160000000000,88713.73028738
1755368220000000000,88713.73028738
1755368280000000000,88713.73028738
1755368340000000000,88713.73028738
1755368400000000000,88713.73028738
1755368460000000000,88713.73028738
1755368520000000000,88713.73028738
1755368580000000000,88713.73028738
1755368640000000000,88713.73028738
1755368700000000000,88713.73028738
1755368760000000000,88713.73028738
1755368820000000000,88713.73028738
1755368880000000000,88713.73028738
1755368940000000000,88713.73028738
1755369000000000000,88713.73028738
1755369060000000000,88713.73028738
1755369120000000000,88713.73028738
1755369180000000000,88713.73028738
1755369240000000000,88713.73028738
1755369300000000000,88713.73028738
1755369360000000000,88713.73028738
1755369420000000000,88713.73028738
1755369480000000000,88713.73028738
1755369540000000000,88713.73028738
1755369600000000000,88713.73028738
1755369660000000000,88713.73028738
1755369720000000000,88713.73028738
1755369780000000000,88713.73028738
1755369840000000000,88713.73028738
1755369900000000000,88713.73028738
1755369960000000000,88713.73028738
1755370020000000000,88713.73028738
1755370080000000000,88713.73028738
1755370140000000000,88713.73028738
1755370200000000000,88713.73028738
1755370260000000000,88713.73028738
1755370320000000000,88713.73028738
1755370380000000000,88713.73028738
1755370440000000000,88713.73028738
1755370500000000000,88713.73028738
1755370560000000000,88713.73028738
1755370620000000000,88713.73028738
1755370680000000000,88713.73028738
1755370740000000000,88713.73028738
1755370800000000000,88713.73028738
1755370860000000000,88713.73028738
1755370920000000000,88713.73028738
1755370980000000000,88713.73028738
1755371040000000000,88713.73028738
1755371100000000000,88713.73028738
1755371160000000000,88713.73028738
1755371220000000000,88713.73028738
1755371280000000000,88713.73028738
1755371340000000000,88713.73028738
1755371400000000000,88713.73028738
1755371460000000000,88713.73028738
1755371520000000000,88713.73028738
1755371580000000000,88713.73028738
1755371640000000000,88713.73028738
1755371700000000000,88713.73028738
1755371760000000000,88713.73028738
1755371820000000000,88713.73028738
1755371880000000000,88713.73028738
1755371940000000000,88713.73028738
1755372000000000000,88713.73028738
1755372060000000000,88713.73028738
1755372120000000000,88713.73028738
1755372180000000000,88713.73028738
1755372240000000000,88713.73028738
1755372300000000000,88713.73028738
1755372360000000000,88713.73028738
1755372420000000000,88713.73028738
1755372480000000000,88713.73028738
1755372540000000000,88713.73028738
1755372600000000000,88713.73028738
1755372660000000000,88713.73028738
1755372720000000000,88713.73028738
1755372780000000000,88713.73028738
1755372840000000000,88713.73028738
1755372900000000000,88713.73028738
1755372960000000000,88713.73028738
1755373020000000000,88713.73028738
1755373080000000000,88713.73028738
1755373140000000000,88713.73028738
1755373200000000000,88713.73028738
1755373260000000000,88713.73028738
1755373320000000000,88713.73028738
1755373380000000000,88713.73028738
1755373440000000000,88713.73028738
1755373500000000000,88713.73028738
1755373560000000000,88713.73028738
1755373620000000000,88713.73028738
1755373680000000000,88713.73028738
1755373740000000000,88713.73028738
1755373800000000000,88713.73028738
1755373860000000000,88713.73028738
1755373920000000000,88713.73028738
1755373980000000000,88713.73028738
1755374040000000000,88713.73028738
1755374100000000000,88713.73028738
1755374160000000000,88713.73028738
1755374220000000000,88713.73028738
1755374280000000000,88713.73028738
1755374340000000000,88713.73028738
1755374400000000000,88713.73028738
1755374460000000000,88713.73028738
1755374520000000000,88713.73028738
1755374580000000000,88713.73028738
1755374640000000000,88713.73028738
1755374700000000000,88713.73028738
1755374760000000000,88713.73028738
1755374820000000000,88713.73028738
1755374880000000000,88713.73028738
1755374940000000000,88713.73028738
1755375000000000000,88713.73028738
1755375060000000000,88713.73028738
1755375120000000000,88713.73028738
1755375180000000000,88713.73028738
1755375240000000000,88713.73028738
1755375300000000000,88713.73028738
1755375360000000000,88713.73028738
1755375420000000000,88713.73028738
1755375480000000000,88713.73028738
1755375540000000000,88713.73028738
1755375600000000000,88713.73028738
1755375660000000000,88713.73028738
1755375720000000000,88713.73028738
1755375780000000000,88713.73028738
1755375840000000000,88713.73028738
1755375900000000000,88713.73028738
1755375960000000000,88713.73028738
1755376020000000000,88713.73028738
1755376080000000000,88713.73028738
1755376140000000000,88713.73028738
1755376200000000000,88713.73028738
1755376260000000000,88713.73028738
1755376320000000000,88713.73028738
1755376380000000000,88713.73028738
1755376440000000000,88713.73028738
1755376500000000000,88713.73028738
1755376560000000000,88713.73028738
1755376620000000000,88713.73028738
1755376680000000000,88713.73028738
1755376740000000000,88713.73028738
1755376800000000000,88713.73028738
1755376860000000000,88713.73028738
1755376920000000000,88713.73028738
1755376980000000000,88713.73028738
1755377040000000000,88713.73028738
1755377100000000000,88713.73028738
1755377160000000000,88713.73028738
1755377220000000000,88713.73028738
1755377280000000000,88713.73028738
1755377340000000000,88713.73028738
1755377400000000000,88713.73028738
1755377460000000000,88713.73028738
1755377520000000000,88713.73028738
1755377580000000000,88713.73028738
1755377640000000000,88713.73028738
1755377700000000000,88713.73028738
1755377760000000000,88713.73028738
1755377820000000000,88713.73028738
1755377880000000000,88713.73028738
1755377940000000000,88713.73028738
1755378000000000000,88713.73028738
1755378060000000000,88713.73028738
1755378120000000000,88713.73028738
1755378180000000000,88713.73028738
1755378240000000000,88713.73028738
1755378300000000000,88713.73028738
1755378360000000000,88713.73028738
1755378420000000000,88713.73028738
1755378480000000000,88713.73028738
1755378540000000000,88713.73028738
1755378600000000000,88713.73028738
1755378660000000000,88713.73028738
1755378720000000000,88713.73028738
1755378780000000000,88713.73028738
1755378840000000000,88713.73028738
1755378900000000000,88713.73028738
1755378960000000000,88713.73028738
1755379020000000000,88713.73028738
1755379080000000000,88713.73028738
1755379140000000000,88713.73028738
1755379200000000000,88713.73028738
1755379260000000000,88713.73028738
1755379320000000000,88713.73028738
1755379380000000000,88713.73028738
1755379440000000000,88713.73028738
1755379500000000000,88713.73028738
1755379560000000000,88713.73028738
1755379620000000000,88713.73028738
1755379680000000000,88713.73028738
1755379740000000000,88713.73028738
1755379800000000000,88713.73028738
1755379860000000000,88713.73028738
1755379920000000000,88713.73028738
1755379980000000000,88713.73028738
1755380040000000000,88713.73028738
1755380100000000000,88713.73028738
1755380160000000000,88713.73028738
1755380220000000000,88713.73028738
1755380280000000000,88713.73028738
1755380340000000000,88713.73028738
1755380400000000000,88713.73028738
1755380460000000000,88713.73028738
1755380520000000000,88713.73028738
1755380580000000000,88713.73028738
1755380640000000000,88713.73028738
1755380700000000000,88713.73028738
1755380760000000000,88713.73028738
1755380820000000000,88713.73028738
1755380880000000000,88713.73028738
1755380940000000000,88713.73028738
1755381000000000000,88713.73028738
1755381060000000000,88713.73028738
1755381120000000000,88713.73028738
1755381180000000000,88713.73028738
1755381240000000000,88713.73028738
1755381300000000000,88713.73028738
1755381360000000000,88713.73028738
1755381420000000000,88713.73028738
1755381480000000000,88713.73028738
1755381540000000000,88713.73028738
1755381600000000000,88713.73028738
1755381660000000000,88713.73028738
1755381720000000000,88713.73028738
1755381780000000000,88713.73028738
1755381840000000000,88713.73028738
1755381900000000000,88713.73028738
1755381960000000000,88713.73028738
1755382020000000000,88713.73028738
1755382080000000000,88713.73028738
1755382140000000000,88713.73028738
1755382200000000000,88713.73028738
1755382260000000000,88713.73028738
1755382320000000000,88713.73028738
1755382380000000000,88713.73028738
1755382440000000000,88713.73028738
1755382500000000000,88713.73028738
1755382560000000000,88713.73028738
1755382620000000000,88713.73028738
1755382680000000000,88713.73028738
1755382740000000000,88713.73028738
1755382800000000000,88713.73028738
1755382860000000000,88713.73028738
1755382920000000000,88713.73028738
1755382980000000000,88713.73028738
1755383040000000000,88713.73028738
1755383100000000000,88713.73028738
1755383160000000000,88713.73028738
1755383220000000000,88713.73028738
1755383280000000000,88713.73028738
1755383340000000000,88713.73028738
1755383400000000000,88713.73028738
1755383460000000000,88713.73028738
1755383520000000000,88713.73028738
1755383580000000000,88713.73028738
1755383640000000000,88713.73028738
1755383700000000000,88713.73028738
1755383760000000000,88713.73028738
1755383820000000000,88713.73028738
1755383880000000000,88713.73028738
1755383940000000000,88713.73028738
1755384000000000000,88713.73028738
1755384060000000000,88713.73028738
1755384120000000000,88713.73028738
1755384180000000000,88713.73028738
1755384240000000000,88713.73028738
1755384300000000000,88713.73028738
1755384360000000000,88713.73028738
1755384420000000000,88713.73028738
1755384480000000000,88713.73028738
1755384540000000000,88713.73028738
1755384600000000000,88713.73028738
1755384660000000000,88713.73028738
1755384720000000000,88713.73028738
1755384780000000000,88713.73028738
1755384840000000000,88713.73028738
1755384900000000000,88713.73028738
1755384960000000000,88713.73028738
1755385020000000000,88713.73028738
1755385080000000000,88713.73028738
1755385140000000000,88713.73028738
1755385200000000000,88713.73028738
1755385260000000000,88713.73028738
1755385320000000000,88713.73028738
1755385380000000000,88713.73028738
1755385440000000000,88713.73028738
1755385500000000000,88713.73028738
1755385560000000000,88713.73028738
1755385620000000000,88713.73028738
1755385680000000000,88713.73028738
1755385740000000000,88713.73028738
1755385800000000000,88713.73028738
1755385860000000000,88713.73028738
1755385920000000000,88713.73028738
1755385980000000000,88713.73028738
1755386040000000000,88713.73028738
1755386100000000000,88713.73028738
1755386160000000000,88713.73028738
1755386220000000000,88713.73028738
1755386280000000000,88713.73028738
1755386340000000000,88713.73028738
1755386400000000000,88713.73028738
1755386460000000000,88713.73028738
1755386520000000000,88713.73028738
1755386580000000000,88713.73028738
1755386640000000000,88713.73028738
1755386700000000000,88713.73028738
1755386760000000000,88713.73028738
1755386820000000000,88713.73028738
1755386880000000000,88713.73028738
1755386940000000000,88713.73028738
1755387000000000000,88713.73028738
1755387060000000000,88713.73028738
1755387120000000000,88713.73028738
1755387180000000000,88713.73028738
1755387240000000000,88713.73028738
1755387300000000000,88713.73028738
1755387360000000000,88713.73028738
1755387420000000000,88713.73028738
1755387480000000000,88713.73028738
1755387540000000000,88713.73028738
1755387600000000000,88713.73028738
1755387660000000000,88713.73028738
1755387720000000000,88713.73028738
1755387780000000000,88713.73028738
1755387840000000000,88713.73028738
1755387900000000000,88713.73028738
1755387960000000000,88713.73028738
1755388020000000000,88713.73028738
1755388080000000000,88713.73028738
1755388140000000000,88713.73028738
1755388200000000000,88713.73028738
1755388260000000000,88713.73028738
1755388320000000000,88713.73028738
1755388380000000000,88713.73028738
1755388440000000000,88713.73028738
1755388500000000000,88713.73028738
1755388560000000000,88713.73028738
1755388620000000000,88713.73028738
1755388680000000000,88713.73028738
1755388740000000000,88713.73028738
1755388800000000000,88713.73028738
