[1m2026-08-07T04:09:46.098327794Z[0m [36m[INFO] TRADER-001.BacktestEngine: =================================================================[0m
[1m2026-08-07T04:09:46.098340067Z[0m [36m[INFO] TRADER-001.BacktestEngine:  NAUTILUS TRADER - Automated Algorithmic Trading Platform[0m
[1m2026-08-07T04:09:46.098340438Z[0m [36m[INFO] TRADER-001.BacktestEngine:  by Nautech Systems Pty Ltd.[0m
[1m2026-08-07T04:09:46.098340618Z[0m [36m[INFO] TRADER-001.BacktestEngine:  Copyright (C) 2015-2026. All rights reserved.[0m
[1m2026-08-07T04:09:46.098340779Z[0m [36m[INFO] TRADER-001.BacktestEngine: =================================================================[0m
[1m2026-08-07T04:09:46.098340969Z[0m [INFO] TRADER-001.BacktestEngine: [0m
[1m2026-08-07T04:09:46.098341119Z[0m [INFO] TRADER-001.BacktestEngine: ⠀⠀⠀⠀⠀⠀⠀⠀⠀⠀⠀⠀⠀⣠⣴⣶⡟⠀⠀⠀⠀⠀⠀⠀⠀⠀⠀⠀⠀⠀⠀[0m
[1m2026-08-07T04:09:46.098341310Z[0m [INFO] TRADER-001.BacktestEngine: ⠀⠀⠀⠀⠀⠀⠀⠀⠀⠀⠀⣰⣾⣿⣿⣿⠀⢸⣿⣿⣿⣿⣶⣶⣤⣀⠀⠀⠀⠀⠀[0m
[1m2026-08-07T04:09:46.098341540Z[0m [INFO] TRADER-001.BacktestEngine: ⠀⠀⠀⠀⠀⠀⢀⣴⡇⢀⣾⣿⣿⣿⣿⣿⠀⣾⣿⣿⣿⣿⣿⣿⣿⠿⠓⠀⠀⠀⠀[0m
[1m2026-08-07T04:09:46.098341810Z[0m [INFO] TRADER-001.BacktestEngine: ⠀⠀⠀⠀⠀⣰⣿⣿⡀⢸⣿⣿⣿⣿⣿⣿⠀⣿⣿⣿⣿⣿⣿⠟⠁⣠⣄⠀⠀⠀⠀[0m
[1m2026-08-07T04:09:46.098342051Z[0m [INFO] TRADER-001.BacktestEngine: ⠀⠀⠀⠀⢠⣿⣿⣿⣇⠀⢿⣿⣿⣿⣿⣿⠀⢻⣿⣿⣿⡿⢃⣠⣾⣿⣿⣧⡀⠀⠀[0m
[1m2026-08-07T04:09:46.098342282Z[0m [INFO] TRADER-001.BacktestEngine: ⠀⠀⠀⠠⣾⣿⣿⣿⣿⣿⣧⠈⠋⢀⣴⣧⠀⣿⡏⢠⡀⢸⣿⣿⣿⣿⣿⣿⣿⡇⠀[0m
[1m2026-08-07T04:09:46.098342522Z[0m [INFO] TRADER-001.BacktestEngine: ⠀⠀⠀⣀⠙⢿⣿⣿⣿⣿⣿⠇⢠⣿⣿⣿⡄⠹⠃⠼⠃⠈⠉⠛⠛⠛⠛⠛⠻⠇⠀[0m
[1m2026-08-07T04:09:46.098343073Z[0m [INFO] TRADER-001.BacktestEngine: ⠀⠀⢸⡟⢠⣤⠉⠛⠿⢿⣿⠀⢸⣿⡿⠋⣠⣤⣄⠀⣾⣿⣿⣶⣶⣶⣦⡄⠀⠀⠀[0m
[1m2026-08-07T04:09:46.098344285Z[0m [INFO] TRADER-001.BacktestEngine: ⠀⠀⠸⠀⣾⠏⣸⣷⠂⣠⣤⠀⠘⢁⣴⣾⣿⣿⣿⡆⠘⣿⣿⣿⣿⣿⣿⠀⠀⠀⠀[0m
[1m2026-08-07T04:09:46.098344426Z[0m [INFO] TRADER-001.BacktestEngine: ⠀⠀⠀⠀⠛⠀⣿⡟⠀⢻⣿⡄⠸⣿⣿⣿⣿⣿⣿⣿⡀⠘⣿⣿⣿⣿⠟⠀⠀⠀⠀[0m
[1m2026-08-07T04:09:46.098344896Z[0m [INFO] TRADER-001.BacktestEngine: ⠀⠀⠀⠀⠀⠀⣿⠇⠀⠀⢻⡿⠀⠈⠻⣿⣿⣿⣿⣿⡇⠀⢹⣿⠿⠋⠀⠀⠀⠀⠀[0m
[1m2026-08-07T04:09:46.098345016Z[0m [INFO] TRADER-001.BacktestEngine: ⠀⠀⠀⠀⠀⠀⠋⠀⠀⠀⡘⠁⠀⠀⠀⠀⠀⠀⠀⠀⠀⠀⠈⠁⠀⠀⠀⠀⠀⠀⠀[0m
[1m2026-08-07T04:09:46.098345137Z[0m [INFO] TRADER-001.BacktestEngine: [0m
[1m2026-08-07T04:09:46.098345267Z[0m [36m[INFO] TRADER-001.BacktestEngine: =================================================================[0m
[1m2026-08-07T04:09:46.098345618Z[0m [36m[INFO] TRADER-001.BacktestEngine:  SYSTEM SPECIFICATION[0m
[1m2026-08-07T04:09:46.098345748Z[0m [36m[INFO] TRADER-001.BacktestEngine: =================================================================[0m
[1m2026-08-07T04:09:46.098347241Z[0m [INFO] TRADER-001.BacktestEngine: CPU architecture: AMD EPYC 7763 64-Core Processor[0m
[1m2026-08-07T04:09:46.098347942Z[0m [INFO] TRADER-001.BacktestEngine: CPU(s): 4 @ 2445 MHz[0m
[1m2026-08-07T04:09:46.098348723Z[0m [INFO] TRADER-001.BacktestEngine: OS: kernel-6.17.0-1020-azure Linux (Debian GNU/Linux 12)[0m
[1m2026-08-07T04:09:46.098403726Z[0m [36m[INFO] TRADER-001.BacktestEngine: =================================================================[0m
[1m2026-08-07T04:09:46.098404087Z[0m [36m[INFO] TRADER-001.BacktestEngine:  MEMORY USAGE[0m
[1m2026-08-07T04:09:46.098404238Z[0m [36m[INFO] TRADER-001.BacktestEngine: =================================================================[0m
[1m2026-08-07T04:09:46.098405510Z[0m [INFO] TRADER-001.BacktestEngine: RAM-Total: 15.62 GiB[0m
[1m2026-08-07T04:09:46.098406071Z[0m [INFO] TRADER-001.BacktestEngine: RAM-Used: 1.40 GiB (8.94%)[0m
[1m2026-08-07T04:09:46.098406512Z[0m [INFO] TRADER-001.BacktestEngine: RAM-Avail: 14.22 GiB (91.06%)[0m
[1m2026-08-07T04:09:46.098407173Z[0m [INFO] TRADER-001.BacktestEngine: Swap-Total: 3.00 GiB[0m
[1m2026-08-07T04:09:46.098407614Z[0m [INFO] TRADER-001.BacktestEngine: Swap-Used: 0.00 GiB (0.00%)[0m
[1m2026-08-07T04:09:46.098409167Z[0m [INFO] TRADER-001.BacktestEngine: Swap-Avail: 3.00 GiB (100.00%)[0m
[1m2026-08-07T04:09:46.098409668Z[0m [36m[INFO] TRADER-001.BacktestEngine: =================================================================[0m
[1m2026-08-07T04:09:46.098409848Z[0m [36m[INFO] TRADER-001.BacktestEngine:  IDENTIFIERS[0m
[1m2026-08-07T04:09:46.098409988Z[0m [36m[INFO] TRADER-001.BacktestEngine: =================================================================[0m
[1m2026-08-07T04:09:46.098410409Z[0m [INFO] TRADER-001.BacktestEngine: trader_id: TRADER-001[0m
[1m2026-08-07T04:09:46.098411832Z[0m [INFO] TRADER-001.BacktestEngine: machine_id: fb8e63da6eac[0m
[1m2026-08-07T04:09:46.098413264Z[0m [INFO] TRADER-001.BacktestEngine: instance_id: 9fdc799a-78f3-446c-8f15-4b9d55fd726b[0m
[1m2026-08-07T04:09:46.098413575Z[0m [INFO] TRADER-001.BacktestEngine: PID: 245[0m
[1m2026-08-07T04:09:46.098413735Z[0m [36m[INFO] TRADER-001.BacktestEngine: =================================================================[0m
[1m2026-08-07T04:09:46.098413865Z[0m [36m[INFO] TRADER-001.BacktestEngine:  VERSIONING[0m
[1m2026-08-07T04:09:46.098414006Z[0m [36m[INFO] TRADER-001.BacktestEngine: =================================================================[0m
[1m2026-08-07T04:09:46.098423413Z[0m [INFO] TRADER-001.BacktestEngine: nautilus_trader: 1.230.0[0m
[1m2026-08-07T04:09:46.098428292Z[0m [INFO] TRADER-001.BacktestEngine: python: 3.13.5[0m
[1m2026-08-07T04:09:46.098432080Z[0m [INFO] TRADER-001.BacktestEngine: numpy: 2.5.1[0m
[1m2026-08-07T04:09:46.098435225Z[0m [INFO] TRADER-001.BacktestEngine: pandas: 3.0.5[0m
[1m2026-08-07T04:09:46.098438391Z[0m [INFO] TRADER-001.BacktestEngine: msgspec: 0.21.1[0m
[1m2026-08-07T04:09:46.098441297Z[0m [INFO] TRADER-001.BacktestEngine: pyarrow: 25.0.0[0m
[1m2026-08-07T04:09:46.098444052Z[0m [INFO] TRADER-001.BacktestEngine: pytz: 2026.3.post1[0m
[1m2026-08-07T04:09:46.098446827Z[0m [INFO] TRADER-001.BacktestEngine: uvloop: 0.22.1[0m
[1m2026-08-07T04:09:46.098447058Z[0m [36m[INFO] TRADER-001.BacktestEngine: =================================================================[0m
[1m2026-08-07T04:09:46.098447989Z[0m [INFO] TRADER-001.nautilus_system::kernel: Building system kernel[0m
[1m2026-08-07T04:09:46.098939380Z[0m [INFO] TRADER-001.nautilus_backtest::engine: Adding exchange BINANCE to engine[0m
[1m2026-08-07T04:09:46.098993721Z[0m [INFO] TRADER-001.nautilus_backtest::exchange: Added instrument BTCUSDT-PERP.BINANCE and created matching engine[0m
[1m2026-08-07T04:09:46.099040198Z[0m [INFO] TRADER-001.nautilus_backtest::engine: Added instrument BTCUSDT-PERP.BINANCE to exchange BINANCE[0m
[1m2026-08-07T04:09:46.112905854Z[0m [INFO] TRADER-001.nautilus_backtest::engine: Added 62136 data elements to BacktestEngine (62136 total)[0m
[1m2026-08-07T04:09:46.115219537Z[0m [INFO] TRADER-001.nautilus_backtest::engine: Added 10356 data elements to BacktestEngine (72492 total)[0m
[1m2026-08-07T04:09:46.115240647Z[0m [INFO] TRADER-001.nautilus_backtest::engine: Added 22 data elements to BacktestEngine (72514 total)[0m
[1m2026-08-07T04:09:46.115244033Z[0m [INFO] TRADER-001.nautilus_backtest::engine: Data sort requested (iterator merges streams by replay timestamp)[0m
[1m2026-08-07T04:09:46.115303354Z[0m [INFO] TRADER-001.DataActor-140736707735688: Ready[0m
[1m2026-08-07T04:09:46.115357615Z[0m [INFO] TRADER-001.nautilus_backtest::python::engine: Registered Python strategy DataActor-140736707735688[0m
[1m2026-08-07T04:09:46.115389816Z[0m [INFO] TRADER-001.nautilus_portfolio::portfolio: Updated AccountState(account_id=BINANCE-001, account_type=MARGIN, base_currency=USDT, is_reported=true, balances=[AccountBalance(total=100000.00000000 USDT, locked=0.00000000 USDT, free=100000.00000000 USDT)], margins=[], event_id=dbc9addb-ce9e-46a1-84c6-f86e336170aa)[0m
[1m2024-04-07T23:25:10.000000000Z[0m [INFO] TRADER-001.nautilus_system::kernel: Starting[0m
[1m2024-04-07T23:25:10.000000000Z[0m [INFO] TRADER-001.nautilus_backtest::execution_client: Backtest execution client started[0m
[1m2024-04-07T23:25:10.000000000Z[0m [INFO] TRADER-001.nautilus_execution::engine: Started[0m
[1m2024-04-07T23:25:10.000000000Z[0m [INFO] TRADER-001.nautilus_risk::engine: Started[0m
[1m2024-04-07T23:25:10.000000000Z[0m [INFO] TRADER-001.nautilus_system::kernel: Initializing trader[0m
[1m2024-04-07T23:25:10.000000000Z[0m [INFO] TRADER-001.nautilus_system::kernel: Started[0m
[1m2024-04-07T23:25:10.000000000Z[0m [INFO] TRADER-001.nautilus_system::kernel: Starting trader...[0m
[1m2024-04-07T23:25:10.000000000Z[0m [INFO] TRADER-001.nautilus_execution::order_emulator::emulator: Started[0m
[1m2024-04-07T23:25:10.000000000Z[0m [INFO] TRADER-001.nautilus_system::trader: Starting[0m
[1m2024-04-07T23:25:10.000000000Z[0m [INFO] TRADER-001.DataActor-140736707735688: Starting[0m
[1m2024-04-07T23:25:10.000000000Z[0m [INFO] TRADER-001.nautilus_trading::strategy: Starting DataActor-140736707735688[0m
[1m2024-04-07T23:25:10.000000000Z[0m [INFO] TRADER-001.nautilus_common::actor::data_actor: [CMD]--> Subscribe(Bars(SubscribeBars { bar_type: Standard { instrument_id: "BTCUSDT-PERP.BINANCE", spec: BarSpecification { step: 10, aggregation: Second, price_type: Last }, aggregation_source: External }, client_id: None, venue: Some("BINANCE"), command_id: UUID4(7fcabdf6-4a76-412b-91e7-f2c28f23e69c), ts_init: UnixNanos(1712532310000000000), correlation_id: None, params: None }))[0m
[1m2024-04-07T23:25:10.000000000Z[0m [INFO] TRADER-001.DataActor-140736707735688: Running[0m
[1m2024-04-07T23:25:10.000000000Z[0m [INFO] TRADER-001.nautilus_system::trader: Running[0m
[1m2024-04-07T23:25:10.000000000Z[0m [INFO] TRADER-001.nautilus_system::kernel: Trader started[0m
[1m2024-04-07T23:25:10.000000000Z[0m [36m[INFO] TRADER-001.nautilus_backtest::engine: =================================================================[0m
[1m2024-04-07T23:25:10.000000000Z[0m [36m[INFO] TRADER-001.nautilus_backtest::engine:  BACKTEST PRE-RUN[0m
[1m2024-04-07T23:25:10.000000000Z[0m [36m[INFO] TRADER-001.nautilus_backtest::engine: =================================================================[0m
[1m2024-04-07T23:25:10.000000000Z[0m [36m[INFO] TRADER-001.nautilus_backtest::engine: =================================================================[0m
[1m2024-04-07T23:25:10.000000000Z[0m [INFO] TRADER-001.nautilus_backtest::engine:  SimulatedVenue BINANCE (MARGIN)[0m
[1m2024-04-07T23:25:10.000000000Z[0m [36m[INFO] TRADER-001.nautilus_backtest::engine: -----------------------------------------------------------------[0m
[1m2024-04-07T23:25:10.000000000Z[0m [INFO] TRADER-001.nautilus_backtest::engine: Balances starting:[0m
[1m2024-04-07T23:25:10.000000000Z[0m [INFO] TRADER-001.nautilus_backtest::engine:   100000.00000000 USDT[0m
[1m2024-04-07T23:25:10.000000000Z[0m [36m[INFO] TRADER-001.nautilus_backtest::engine: -----------------------------------------------------------------[0m
[1m2024-04-07T23:25:10.000000000Z[0m [36m[INFO] TRADER-001.nautilus_backtest::engine: =================================================================[0m
[1m2024-04-07T23:25:10.000000000Z[0m [36m[INFO] TRADER-001.nautilus_backtest::engine:  BACKTEST RUN[0m
[1m2024-04-07T23:25:10.000000000Z[0m [36m[INFO] TRADER-001.nautilus_backtest::engine: =================================================================[0m
[1m2024-04-07T23:25:10.000000000Z[0m [INFO] TRADER-001.nautilus_backtest::engine: Run config ID:  None[0m
[1m2024-04-07T23:25:10.000000000Z[0m [INFO] TRADER-001.nautilus_backtest::engine: Run ID:         767e0b96-3a18-4737-a42b-0b02722205fb[0m
[1m2024-04-07T23:25:10.000000000Z[0m [INFO] TRADER-001.nautilus_backtest::engine: Backtest start: 2024-04-07T23:25:10.000000000Z[0m
[1m2024-04-07T23:25:10.000000000Z[0m [INFO] TRADER-001.nautilus_backtest::engine: Data elements:  72514[0m
[1m2024-04-07T23:25:10.000000000Z[0m [36m[INFO] TRADER-001.nautilus_backtest::engine: -----------------------------------------------------------------[0m
[1m2024-04-07T23:25:10.000000000Z[0m [94m[INFO] TRADER-001.nautilus_data::client: Subscribed BTCUSDT-PERP.BINANCE-10-SECOND-LAST-EXTERNAL bars[0m
[1m2024-04-14T06:35:20.000000000Z[0m [INFO] TRADER-001.nautilus_trading::strategy: DataActor-140736707735688 <--[EVT] OrderInitialized(instrument_id=BTCUSDT-PERP.BINANCE, client_order_id=O-20240414-063520-001-140736707735688-1, side=BUY, type=MARKET, quantity=4.014, time_in_force=GTC, post_only=false, reduce_only=false, quote_quantity=false, price=None, emulation_trigger=None, trigger_instrument_id=None, contingency_type=OTO, order_list_id=OL-20240414-063520-001-140736707735688-1, linked_order_ids=[O-20240414-063520-001-140736707735688-2, O-20240414-063520-001-140736707735688-3], parent_order_id=None, exec_algorithm_id=None, exec_algorithm_params=None, exec_spawn_id=None, tags=delayed-reaccept-btcusdt-000031, BREAKOUT_ACCEPTANCE_CONTINUATION, LONG, TEN_SECOND_MARKET_ENTRY)[0m
[1m2024-04-14T06:35:20.000000000Z[0m [INFO] TRADER-001.nautilus_trading::strategy: DataActor-140736707735688 <--[EVT] OrderInitialized(instrument_id=BTCUSDT-PERP.BINANCE, client_order_id=O-20240414-063520-001-140736707735688-2, side=SELL, type=STOP_MARKET, quantity=4.014, time_in_force=GTC, post_only=false, reduce_only=true, quote_quantity=false, price=None, emulation_trigger=None, trigger_instrument_id=None, contingency_type=OUO, order_list_id=OL-20240414-063520-001-140736707735688-1, linked_order_ids=[O-20240414-063520-001-140736707735688-3], parent_order_id=O-20240414-063520-001-140736707735688-1, exec_algorithm_id=None, exec_algorithm_params=None, exec_spawn_id=None, tags=delayed-reaccept-btcusdt-000031, OBSERVED_RETEST_INVALIDATION)[0m
[1m2024-04-14T06:35:20.000000000Z[0m [INFO] TRADER-001.nautilus_trading::strategy: DataActor-140736707735688 <--[EVT] OrderInitialized(instrument_id=BTCUSDT-PERP.BINANCE, client_order_id=O-20240414-063520-001-140736707735688-3, side=SELL, type=LIMIT, quantity=4.014, time_in_force=GTC, post_only=false, reduce_only=true, quote_quantity=false, price=65667.7, emulation_trigger=None, trigger_instrument_id=None, contingency_type=OUO, order_list_id=OL-20240414-063520-001-140736707735688-1, linked_order_ids=[O-20240414-063520-001-140736707735688-2], parent_order_id=O-20240414-063520-001-140736707735688-1, exec_algorithm_id=None, exec_algorithm_params=None, exec_spawn_id=None, tags=delayed-reaccept-btcusdt-000031, ACTIVE_COMPLETED_EXTERNAL_TARGET)[0m
[1m2024-04-14T06:35:20.000000000Z[0m [INFO] TRADER-001.nautilus_trading::strategy: DataActor-140736707735688 [CMD]--> SubmitOrderList[0m
[1m2024-04-14T06:35:20.000000000Z[0m [94m[INFO] TRADER-001.nautilus_execution::engine: Submit OrderList(id=OL-20240414-063520-001-140736707735688-1, instrument_id=BTCUSDT-PERP.BINANCE, strategy_id=DataActor-140736707735688, client_order_ids=["O-20240414-063520-001-140736707735688-1", "O-20240414-063520-001-140736707735688-2", "O-20240414-063520-001-140736707735688-3"], ts_init=1713076520000000000)[0m
[1m2024-04-14T06:35:20.000000000Z[0m [INFO] TRADER-001.nautilus_trading::strategy: DataActor-140736707735688 <--[EVT] OrderSubmitted(instrument_id=BTCUSDT-PERP.BINANCE, client_order_id=O-20240414-063520-001-140736707735688-1, account_id=BINANCE-001, ts_event=1713076520000000000)[0m
[1m2024-04-14T06:35:20.000000000Z[0m [INFO] TRADER-001.nautilus_trading::strategy: DataActor-140736707735688 <--[EVT] OrderSubmitted(instrument_id=BTCUSDT-PERP.BINANCE, client_order_id=O-20240414-063520-001-140736707735688-2, account_id=BINANCE-001, ts_event=1713076520000000000)[0m
[1m2024-04-14T06:35:20.000000000Z[0m [INFO] TRADER-001.nautilus_trading::strategy: DataActor-140736707735688 <--[EVT] OrderSubmitted(instrument_id=BTCUSDT-PERP.BINANCE, client_order_id=O-20240414-063520-001-140736707735688-3, account_id=BINANCE-001, ts_event=1713076520000000000)[0m
[1m2024-04-14T06:35:20.000000000Z[0m [INFO] TRADER-001.nautilus_portfolio::manager: BTCUSDT-PERP.BINANCE margin_init=0.00000000 USDT[0m
[1m2024-04-14T06:35:20.000000000Z[0m [INFO] TRADER-001.nautilus_trading::strategy: DataActor-140736707735688 <--[EVT] OrderFilled(instrument_id=BTCUSDT-PERP.BINANCE, client_order_id=O-20240414-063520-001-140736707735688-1, venue_order_id=BINANCE-1-1, account_id=BINANCE-001, trade_id=T-c500979dc0bf2531-154697, position_id=P-20240414-063520-001-140736707735688-1, order_side=BUY, order_type=MARKET, last_qty=4.014, last_px=64_675.7 USDT, commission=155.76495588 USDT, liquidity_side=TAKER, ts_event=1713076520000000000)[0m
[1m2024-04-14T06:35:20.000000000Z[0m [INFO] TRADER-001.nautilus_portfolio::portfolio: BTCUSDT-PERP.BINANCE net_position=4.014[0m
[1m2024-04-14T06:35:20.000000000Z[0m [INFO] TRADER-001.nautilus_portfolio::manager: BTCUSDT-PERP.BINANCE margin_maint=1038.43303920 USDT[0m
[1m2024-04-14T06:35:20.000000000Z[0m [INFO] TRADER-001.nautilus_portfolio::portfolio: Updated AccountState(account_id=BINANCE-001, account_type=MARGIN, base_currency=USDT, is_reported=false, balances=[AccountBalance(total=99844.23504412 USDT, locked=1038.43303920 USDT, free=98805.80200492 USDT)], margins=[MarginBalance(initial=0.00000000 USDT, maintenance=1038.43303920 USDT, instrument_id=BTCUSDT-PERP.BINANCE)], event_id=261e5a22-1846-47f9-8d6d-32f7a5c87d73)[0m
[1m2024-04-14T06:35:20.000000000Z[0m [INFO] TRADER-001.nautilus_trading::strategy: DataActor-140736707735688 <--[EVT] PositionOpened(PositionOpened { trader_id: "TRADER-001", strategy_id: "DataActor-140736707735688", instrument_id: "BTCUSDT-PERP.BINANCE", position_id: "P-20240414-063520-001-140736707735688-1", account_id: "BINANCE-001", opening_order_id: "O-20240414-063520-001-140736707735688-1", entry: Buy, side: Long, signed_qty: 4.014, quantity: Quantity(4.014), last_qty: Quantity(4.014), last_px: Price(64675.7), currency: Currency(code='USDT', precision=8, iso4217=0, name='Tether', currency_type=CRYPTO), avg_px_open: 64675.7, event_id: UUID4(1cf4b02f-1fc7-4f70-93cc-03282448eb12), ts_event: UnixNanos(1713076520000000000), ts_init: UnixNanos(1713076520000000000) })[0m
[1m2024-04-14T06:35:20.000000000Z[0m [INFO] TRADER-001.nautilus_portfolio::manager: BTCUSDT-PERP.BINANCE margin_init=0.00000000 USDT[0m
[1m2024-04-14T06:35:20.000000000Z[0m [INFO] TRADER-001.nautilus_portfolio::portfolio: Updated AccountState(account_id=BINANCE-001, account_type=MARGIN, base_currency=USDT, is_reported=false, balances=[AccountBalance(total=99844.23504412 USDT, locked=1038.43303920 USDT, free=98805.80200492 USDT)], margins=[MarginBalance(initial=0.00000000 USDT, maintenance=1038.43303920 USDT, instrument_id=BTCUSDT-PERP.BINANCE)], event_id=d4344a93-9a4d-488f-b7fc-383e4ecbf194)[0m
[1m2024-04-14T06:35:20.000000000Z[0m [INFO] TRADER-001.nautilus_trading::strategy: DataActor-140736707735688 <--[EVT] OrderAccepted(instrument_id=BTCUSDT-PERP.BINANCE, client_order_id=O-20240414-063520-001-140736707735688-2, venue_order_id=BINANCE-1-2, account_id=BINANCE-001, ts_event=1713076520000000000)[0m
[1m2024-04-14T06:35:20.000000000Z[0m [INFO] TRADER-001.nautilus_portfolio::manager: BTCUSDT-PERP.BINANCE margin_init=0.00000000 USDT[0m
[1m2024-04-14T06:35:20.000000000Z[0m [INFO] TRADER-001.nautilus_portfolio::portfolio: Updated AccountState(account_id=BINANCE-001, account_type=MARGIN, base_currency=USDT, is_reported=false, balances=[AccountBalance(total=99844.23504412 USDT, locked=1038.43303920 USDT, free=98805.80200492 USDT)], margins=[MarginBalance(initial=0.00000000 USDT, maintenance=1038.43303920 USDT, instrument_id=BTCUSDT-PERP.BINANCE)], event_id=be7163d4-664f-4eac-bf61-45b06f33e596)[0m
[1m2024-04-14T06:35:20.000000000Z[0m [INFO] TRADER-001.nautilus_trading::strategy: DataActor-140736707735688 <--[EVT] OrderAccepted(instrument_id=BTCUSDT-PERP.BINANCE, client_order_id=O-20240414-063520-001-140736707735688-3, venue_order_id=BINANCE-1-3, account_id=BINANCE-001, ts_event=1713076520000000000)[0m
[1m2024-04-14T06:35:20.000000000Z[0m [1;33m[WARN] TRADER-001.nautilus_common::cache: Cannot calculate unrealized PnL for P-20240414-063520-001-140736707735688-1, no quotes for BTCUSDT-PERP.BINANCE[0m
[1m2024-04-14T06:35:30.000000000Z[0m [1;33m[WARN] TRADER-001.nautilus_common::cache: Cannot calculate unrealized PnL for P-20240414-063520-001-140736707735688-1, no quotes for BTCUSDT-PERP.BINANCE[0m
[1m2024-04-14T06:35:40.000000000Z[0m [1;33m[WARN] TRADER-001.nautilus_common::cache: Cannot calculate unrealized PnL for P-20240414-063520-001-140736707735688-1, no quotes for BTCUSDT-PERP.BINANCE[0m
[1m2024-04-14T06:35:50.000000000Z[0m [1;33m[WARN] TRADER-001.nautilus_common::cache: Cannot calculate unrealized PnL for P-20240414-063520-001-140736707735688-1, no quotes for BTCUSDT-PERP.BINANCE[0m
[1m2024-04-14T06:35:59.999000000Z[0m [1;33m[WARN] TRADER-001.nautilus_common::cache: Cannot calculate unrealized PnL for P-20240414-063520-001-140736707735688-1, no quotes for BTCUSDT-PERP.BINANCE[0m
[1m2024-04-14T06:36:00.000000000Z[0m [1;33m[WARN] TRADER-001.nautilus_common::cache: Cannot calculate unrealized PnL for P-20240414-063520-001-140736707735688-1, no quotes for BTCUSDT-PERP.BINANCE[0m
[1m2024-04-14T06:36:10.000000000Z[0m [1;33m[WARN] TRADER-001.nautilus_common::cache: Cannot calculate unrealized PnL for P-20240414-063520-001-140736707735688-1, no quotes for BTCUSDT-PERP.BINANCE[0m
[1m2024-04-14T06:36:20.000000000Z[0m [1;33m[WARN] TRADER-001.nautilus_common::cache: Cannot calculate unrealized PnL for P-20240414-063520-001-140736707735688-1, no quotes for BTCUSDT-PERP.BINANCE[0m
[1m2024-04-14T06:36:30.000000000Z[0m [1;33m[WARN] TRADER-001.nautilus_common::cache: Cannot calculate unrealized PnL for P-20240414-063520-001-140736707735688-1, no quotes for BTCUSDT-PERP.BINANCE[0m
[1m2024-04-14T06:36:40.000000000Z[0m [1;33m[WARN] TRADER-001.nautilus_common::cache: Cannot calculate unrealized PnL for P-20240414-063520-001-140736707735688-1, no quotes for BTCUSDT-PERP.BINANCE[0m
[1m2024-04-14T06:36:50.000000000Z[0m [1;33m[WARN] TRADER-001.nautilus_common::cache: Cannot calculate unrealized PnL for P-20240414-063520-001-140736707735688-1, no quotes for BTCUSDT-PERP.BINANCE[0m
[1m2024-04-14T06:36:59.999000000Z[0m [1;33m[WARN] TRADER-001.nautilus_common::cache: Cannot calculate unrealized PnL for P-20240414-063520-001-140736707735688-1, no quotes for BTCUSDT-PERP.BINANCE[0m
[1m2024-04-14T06:37:00.000000000Z[0m [1;33m[WARN] TRADER-001.nautilus_common::cache: Cannot calculate unrealized PnL for P-20240414-063520-001-140736707735688-1, no quotes for BTCUSDT-PERP.BINANCE[0m
[1m2024-04-14T06:37:10.000000000Z[0m [1;33m[WARN] TRADER-001.nautilus_common::cache: Cannot calculate unrealized PnL for P-20240414-063520-001-140736707735688-1, no quotes for BTCUSDT-PERP.BINANCE[0m
[1m2024-04-14T06:37:20.000000000Z[0m [1;33m[WARN] TRADER-001.nautilus_common::cache: Cannot calculate unrealized PnL for P-20240414-063520-001-140736707735688-1, no quotes for BTCUSDT-PERP.BINANCE[0m
[1m2024-04-14T06:37:30.000000000Z[0m [1;33m[WARN] TRADER-001.nautilus_common::cache: Cannot calculate unrealized PnL for P-20240414-063520-001-140736707735688-1, no quotes for BTCUSDT-PERP.BINANCE[0m
[1m2024-04-14T06:37:40.000000000Z[0m [1;33m[WARN] TRADER-001.nautilus_common::cache: Cannot calculate unrealized PnL for P-20240414-063520-001-140736707735688-1, no quotes for BTCUSDT-PERP.BINANCE[0m
[1m2024-04-14T06:37:50.000000000Z[0m [1;33m[WARN] TRADER-001.nautilus_common::cache: Cannot calculate unrealized PnL for P-20240414-063520-001-140736707735688-1, no quotes for BTCUSDT-PERP.BINANCE[0m
[1m2024-04-14T06:37:59.999000000Z[0m [1;33m[WARN] TRADER-001.nautilus_common::cache: Cannot calculate unrealized PnL for P-20240414-063520-001-140736707735688-1, no quotes for BTCUSDT-PERP.BINANCE[0m
[1m2024-04-14T06:38:00.000000000Z[0m [1;33m[WARN] TRADER-001.nautilus_common::cache: Cannot calculate unrealized PnL for P-20240414-063520-001-140736707735688-1, no quotes for BTCUSDT-PERP.BINANCE[0m
[1m2024-04-14T06:38:10.000000000Z[0m [1;33m[WARN] TRADER-001.nautilus_common::cache: Cannot calculate unrealized PnL for P-20240414-063520-001-140736707735688-1, no quotes for BTCUSDT-PERP.BINANCE[0m
[1m2024-04-14T06:38:20.000000000Z[0m [1;33m[WARN] TRADER-001.nautilus_common::cache: Cannot calculate unrealized PnL for P-20240414-063520-001-140736707735688-1, no quotes for BTCUSDT-PERP.BINANCE[0m
[1m2024-04-14T06:38:30.000000000Z[0m [1;33m[WARN] TRADER-001.nautilus_common::cache: Cannot calculate unrealized PnL for P-20240414-063520-001-140736707735688-1, no quotes for BTCUSDT-PERP.BINANCE[0m
[1m2024-04-14T06:38:40.000000000Z[0m [1;33m[WARN] TRADER-001.nautilus_common::cache: Cannot calculate unrealized PnL for P-20240414-063520-001-140736707735688-1, no quotes for BTCUSDT-PERP.BINANCE[0m
[1m2024-04-14T06:38:50.000000000Z[0m [1;33m[WARN] TRADER-001.nautilus_common::cache: Cannot calculate unrealized PnL for P-20240414-063520-001-140736707735688-1, no quotes for BTCUSDT-PERP.BINANCE[0m
[1m2024-04-14T06:38:59.999000000Z[0m [1;33m[WARN] TRADER-001.nautilus_common::cache: Cannot calculate unrealized PnL for P-20240414-063520-001-140736707735688-1, no quotes for BTCUSDT-PERP.BINANCE[0m
[1m2024-04-14T06:39:00.000000000Z[0m [1;33m[WARN] TRADER-001.nautilus_common::cache: Cannot calculate unrealized PnL for P-20240414-063520-001-140736707735688-1, no quotes for BTCUSDT-PERP.BINANCE[0m
[1m2024-04-14T06:39:10.000000000Z[0m [1;33m[WARN] TRADER-001.nautilus_common::cache: Cannot calculate unrealized PnL for P-20240414-063520-001-140736707735688-1, no quotes for BTCUSDT-PERP.BINANCE[0m
[1m2024-04-14T06:39:20.000000000Z[0m [1;33m[WARN] TRADER-001.nautilus_common::cache: Cannot calculate unrealized PnL for P-20240414-063520-001-140736707735688-1, no quotes for BTCUSDT-PERP.BINANCE[0m
[1m2024-04-14T06:39:30.000000000Z[0m [1;33m[WARN] TRADER-001.nautilus_common::cache: Cannot calculate unrealized PnL for P-20240414-063520-001-140736707735688-1, no quotes for BTCUSDT-PERP.BINANCE[0m
[1m2024-04-14T06:39:40.000000000Z[0m [1;33m[WARN] TRADER-001.nautilus_common::cache: Cannot calculate unrealized PnL for P-20240414-063520-001-140736707735688-1, no quotes for BTCUSDT-PERP.BINANCE[0m
[1m2024-04-14T06:39:50.000000000Z[0m [1;33m[WARN] TRADER-001.nautilus_common::cache: Cannot calculate unrealized PnL for P-20240414-063520-001-140736707735688-1, no quotes for BTCUSDT-PERP.BINANCE[0m
[1m2024-04-14T06:39:59.999000000Z[0m [1;33m[WARN] TRADER-001.nautilus_common::cache: Cannot calculate unrealized PnL for P-20240414-063520-001-140736707735688-1, no quotes for BTCUSDT-PERP.BINANCE[0m
[1m2024-04-14T06:40:00.000000000Z[0m [1;33m[WARN] TRADER-001.nautilus_common::cache: Cannot calculate unrealized PnL for P-20240414-063520-001-140736707735688-1, no quotes for BTCUSDT-PERP.BINANCE[0m
[1m2024-04-14T06:40:10.000000000Z[0m [1;33m[WARN] TRADER-001.nautilus_common::cache: Cannot calculate unrealized PnL for P-20240414-063520-001-140736707735688-1, no quotes for BTCUSDT-PERP.BINANCE[0m
[1m2024-04-14T06:40:20.000000000Z[0m [1;33m[WARN] TRADER-001.nautilus_common::cache: Cannot calculate unrealized PnL for P-20240414-063520-001-140736707735688-1, no quotes for BTCUSDT-PERP.BINANCE[0m
[1m2024-04-14T06:40:30.000000000Z[0m [1;33m[WARN] TRADER-001.nautilus_common::cache: Cannot calculate unrealized PnL for P-20240414-063520-001-140736707735688-1, no quotes for BTCUSDT-PERP.BINANCE[0m
[1m2024-04-14T06:40:40.000000000Z[0m [1;33m[WARN] TRADER-001.nautilus_common::cache: Cannot calculate unrealized PnL for P-20240414-063520-001-140736707735688-1, no quotes for BTCUSDT-PERP.BINANCE[0m
[1m2024-04-14T06:40:50.000000000Z[0m [1;33m[WARN] TRADER-001.nautilus_common::cache: Cannot calculate unrealized PnL for P-20240414-063520-001-140736707735688-1, no quotes for BTCUSDT-PERP.BINANCE[0m
[1m2024-04-14T06:40:59.999000000Z[0m [1;33m[WARN] TRADER-001.nautilus_common::cache: Cannot calculate unrealized PnL for P-20240414-063520-001-140736707735688-1, no quotes for BTCUSDT-PERP.BINANCE[0m
[1m2024-04-14T06:41:00.000000000Z[0m [1;33m[WARN] TRADER-001.nautilus_common::cache: Cannot calculate unrealized PnL for P-20240414-063520-001-140736707735688-1, no quotes for BTCUSDT-PERP.BINANCE[0m
[1m2024-04-14T06:41:10.000000000Z[0m [1;33m[WARN] TRADER-001.nautilus_common::cache: Cannot calculate unrealized PnL for P-20240414-063520-001-140736707735688-1, no quotes for BTCUSDT-PERP.BINANCE[0m
[1m2024-04-14T06:41:20.000000000Z[0m [1;33m[WARN] TRADER-001.nautilus_common::cache: Cannot calculate unrealized PnL for P-20240414-063520-001-140736707735688-1, no quotes for BTCUSDT-PERP.BINANCE[0m
[1m2024-04-14T06:41:30.000000000Z[0m [1;33m[WARN] TRADER-001.nautilus_common::cache: Cannot calculate unrealized PnL for P-20240414-063520-001-140736707735688-1, no quotes for BTCUSDT-PERP.BINANCE[0m
[1m2024-04-14T06:41:40.000000000Z[0m [1;33m[WARN] TRADER-001.nautilus_common::cache: Cannot calculate unrealized PnL for P-20240414-063520-001-140736707735688-1, no quotes for BTCUSDT-PERP.BINANCE[0m
[1m2024-04-14T06:41:50.000000000Z[0m [1;33m[WARN] TRADER-001.nautilus_common::cache: Cannot calculate unrealized PnL for P-20240414-063520-001-140736707735688-1, no quotes for BTCUSDT-PERP.BINANCE[0m
[1m2024-04-14T06:41:59.999000000Z[0m [1;33m[WARN] TRADER-001.nautilus_common::cache: Cannot calculate unrealized PnL for P-20240414-063520-001-140736707735688-1, no quotes for BTCUSDT-PERP.BINANCE[0m
[1m2024-04-14T06:42:00.000000000Z[0m [1;33m[WARN] TRADER-001.nautilus_common::cache: Cannot calculate unrealized PnL for P-20240414-063520-001-140736707735688-1, no quotes for BTCUSDT-PERP.BINANCE[0m
[1m2024-04-14T06:42:10.000000000Z[0m [1;33m[WARN] TRADER-001.nautilus_common::cache: Cannot calculate unrealized PnL for P-20240414-063520-001-140736707735688-1, no quotes for BTCUSDT-PERP.BINANCE[0m
[1m2024-04-14T06:42:20.000000000Z[0m [1;33m[WARN] TRADER-001.nautilus_common::cache: Cannot calculate unrealized PnL for P-20240414-063520-001-140736707735688-1, no quotes for BTCUSDT-PERP.BINANCE[0m
[1m2024-04-14T06:42:30.000000000Z[0m [1;33m[WARN] TRADER-001.nautilus_common::cache: Cannot calculate unrealized PnL for P-20240414-063520-001-140736707735688-1, no quotes for BTCUSDT-PERP.BINANCE[0m
[1m2024-04-14T06:42:40.000000000Z[0m [1;33m[WARN] TRADER-001.nautilus_common::cache: Cannot calculate unrealized PnL for P-20240414-063520-001-140736707735688-1, no quotes for BTCUSDT-PERP.BINANCE[0m
[1m2024-04-14T06:42:50.000000000Z[0m [1;33m[WARN] TRADER-001.nautilus_common::cache: Cannot calculate unrealized PnL for P-20240414-063520-001-140736707735688-1, no quotes for BTCUSDT-PERP.BINANCE[0m
[1m2024-04-14T06:42:59.999000000Z[0m [1;33m[WARN] TRADER-001.nautilus_common::cache: Cannot calculate unrealized PnL for P-20240414-063520-001-140736707735688-1, no quotes for BTCUSDT-PERP.BINANCE[0m
[1m2024-04-14T06:43:00.000000000Z[0m [1;33m[WARN] TRADER-001.nautilus_common::cache: Cannot calculate unrealized PnL for P-20240414-063520-001-140736707735688-1, no quotes for BTCUSDT-PERP.BINANCE[0m
[1m2024-04-14T06:43:10.000000000Z[0m [1;33m[WARN] TRADER-001.nautilus_common::cache: Cannot calculate unrealized PnL for P-20240414-063520-001-140736707735688-1, no quotes for BTCUSDT-PERP.BINANCE[0m
[1m2024-04-14T06:43:20.000000000Z[0m [1;33m[WARN] TRADER-001.nautilus_common::cache: Cannot calculate unrealized PnL for P-20240414-063520-001-140736707735688-1, no quotes for BTCUSDT-PERP.BINANCE[0m
[1m2024-04-14T06:43:30.000000000Z[0m [1;33m[WARN] TRADER-001.nautilus_common::cache: Cannot calculate unrealized PnL for P-20240414-063520-001-140736707735688-1, no quotes for BTCUSDT-PERP.BINANCE[0m
[1m2024-04-14T06:43:40.000000000Z[0m [1;33m[WARN] TRADER-001.nautilus_common::cache: Cannot calculate unrealized PnL for P-20240414-063520-001-140736707735688-1, no quotes for BTCUSDT-PERP.BINANCE[0m
[1m2024-04-14T06:43:50.000000000Z[0m [1;33m[WARN] TRADER-001.nautilus_common::cache: Cannot calculate unrealized PnL for P-20240414-063520-001-140736707735688-1, no quotes for BTCUSDT-PERP.BINANCE[0m
[1m2024-04-14T06:43:59.999000000Z[0m [1;33m[WARN] TRADER-001.nautilus_common::cache: Cannot calculate unrealized PnL for P-20240414-063520-001-140736707735688-1, no quotes for BTCUSDT-PERP.BINANCE[0m
[1m2024-04-14T06:44:00.000000000Z[0m [1;33m[WARN] TRADER-001.nautilus_common::cache: Cannot calculate unrealized PnL for P-20240414-063520-001-140736707735688-1, no quotes for BTCUSDT-PERP.BINANCE[0m
[1m2024-04-14T06:44:10.000000000Z[0m [1;33m[WARN] TRADER-001.nautilus_common::cache: Cannot calculate unrealized PnL for P-20240414-063520-001-140736707735688-1, no quotes for BTCUSDT-PERP.BINANCE[0m
[1m2024-04-14T06:44:20.000000000Z[0m [1;33m[WARN] TRADER-001.nautilus_common::cache: Cannot calculate unrealized PnL for P-20240414-063520-001-140736707735688-1, no quotes for BTCUSDT-PERP.BINANCE[0m
[1m2024-04-14T06:44:30.000000000Z[0m [1;33m[WARN] TRADER-001.nautilus_common::cache: Cannot calculate unrealized PnL for P-20240414-063520-001-140736707735688-1, no quotes for BTCUSDT-PERP.BINANCE[0m
[1m2024-04-14T06:44:40.000000000Z[0m [1;33m[WARN] TRADER-001.nautilus_common::cache: Cannot calculate unrealized PnL for P-20240414-063520-001-140736707735688-1, no quotes for BTCUSDT-PERP.BINANCE[0m
[1m2024-04-14T06:44:50.000000000Z[0m [1;33m[WARN] TRADER-001.nautilus_common::cache: Cannot calculate unrealized PnL for P-20240414-063520-001-140736707735688-1, no quotes for BTCUSDT-PERP.BINANCE[0m
[1m2024-04-14T06:44:59.999000000Z[0m [1;33m[WARN] TRADER-001.nautilus_common::cache: Cannot calculate unrealized PnL for P-20240414-063520-001-140736707735688-1, no quotes for BTCUSDT-PERP.BINANCE[0m
[1m2024-04-14T06:45:00.000000000Z[0m [1;33m[WARN] TRADER-001.nautilus_common::cache: Cannot calculate unrealized PnL for P-20240414-063520-001-140736707735688-1, no quotes for BTCUSDT-PERP.BINANCE[0m
[1m2024-04-14T06:45:10.000000000Z[0m [1;33m[WARN] TRADER-001.nautilus_common::cache: Cannot calculate unrealized PnL for P-20240414-063520-001-140736707735688-1, no quotes for BTCUSDT-PERP.BINANCE[0m
[1m2024-04-14T06:45:20.000000000Z[0m [1;33m[WARN] TRADER-001.nautilus_common::cache: Cannot calculate unrealized PnL for P-20240414-063520-001-140736707735688-1, no quotes for BTCUSDT-PERP.BINANCE[0m
[1m2024-04-14T06:45:30.000000000Z[0m [1;33m[WARN] TRADER-001.nautilus_common::cache: Cannot calculate unrealized PnL for P-20240414-063520-001-140736707735688-1, no quotes for BTCUSDT-PERP.BINANCE[0m
[1m2024-04-14T06:45:40.000000000Z[0m [1;33m[WARN] TRADER-001.nautilus_common::cache: Cannot calculate unrealized PnL for P-20240414-063520-001-140736707735688-1, no quotes for BTCUSDT-PERP.BINANCE[0m
[1m2024-04-14T06:45:50.000000000Z[0m [1;33m[WARN] TRADER-001.nautilus_common::cache: Cannot calculate unrealized PnL for P-20240414-063520-001-140736707735688-1, no quotes for BTCUSDT-PERP.BINANCE[0m
[1m2024-04-14T06:45:59.999000000Z[0m [1;33m[WARN] TRADER-001.nautilus_common::cache: Cannot calculate unrealized PnL for P-20240414-063520-001-140736707735688-1, no quotes for BTCUSDT-PERP.BINANCE[0m
[1m2024-04-14T06:46:00.000000000Z[0m [1;33m[WARN] TRADER-001.nautilus_common::cache: Cannot calculate unrealized PnL for P-20240414-063520-001-140736707735688-1, no quotes for BTCUSDT-PERP.BINANCE[0m
[1m2024-04-14T06:46:10.000000000Z[0m [1;33m[WARN] TRADER-001.nautilus_common::cache: Cannot calculate unrealized PnL for P-20240414-063520-001-140736707735688-1, no quotes for BTCUSDT-PERP.BINANCE[0m
[1m2024-04-14T06:46:20.000000000Z[0m [1;33m[WARN] TRADER-001.nautilus_common::cache: Cannot calculate unrealized PnL for P-20240414-063520-001-140736707735688-1, no quotes for BTCUSDT-PERP.BINANCE[0m
[1m2024-04-14T06:46:30.000000000Z[0m [1;33m[WARN] TRADER-001.nautilus_common::cache: Cannot calculate unrealized PnL for P-20240414-063520-001-140736707735688-1, no quotes for BTCUSDT-PERP.BINANCE[0m
[1m2024-04-14T06:46:40.000000000Z[0m [1;33m[WARN] TRADER-001.nautilus_common::cache: Cannot calculate unrealized PnL for P-20240414-063520-001-140736707735688-1, no quotes for BTCUSDT-PERP.BINANCE[0m
[1m2024-04-14T06:46:50.000000000Z[0m [1;33m[WARN] TRADER-001.nautilus_common::cache: Cannot calculate unrealized PnL for P-20240414-063520-001-140736707735688-1, no quotes for BTCUSDT-PERP.BINANCE[0m
[1m2024-04-14T06:46:59.999000000Z[0m [1;33m[WARN] TRADER-001.nautilus_common::cache: Cannot calculate unrealized PnL for P-20240414-063520-001-140736707735688-1, no quotes for BTCUSDT-PERP.BINANCE[0m
[1m2024-04-14T06:47:00.000000000Z[0m [1;33m[WARN] TRADER-001.nautilus_common::cache: Cannot calculate unrealized PnL for P-20240414-063520-001-140736707735688-1, no quotes for BTCUSDT-PERP.BINANCE[0m
[1m2024-04-14T06:47:10.000000000Z[0m [1;33m[WARN] TRADER-001.nautilus_common::cache: Cannot calculate unrealized PnL for P-20240414-063520-001-140736707735688-1, no quotes for BTCUSDT-PERP.BINANCE[0m
[1m2024-04-14T06:47:20.000000000Z[0m [1;33m[WARN] TRADER-001.nautilus_common::cache: Cannot calculate unrealized PnL for P-20240414-063520-001-140736707735688-1, no quotes for BTCUSDT-PERP.BINANCE[0m
[1m2024-04-14T06:47:30.000000000Z[0m [1;33m[WARN] TRADER-001.nautilus_common::cache: Cannot calculate unrealized PnL for P-20240414-063520-001-140736707735688-1, no quotes for BTCUSDT-PERP.BINANCE[0m
[1m2024-04-14T06:47:40.000000000Z[0m [1;33m[WARN] TRADER-001.nautilus_common::cache: Cannot calculate unrealized PnL for P-20240414-063520-001-140736707735688-1, no quotes for BTCUSDT-PERP.BINANCE[0m
[1m2024-04-14T06:47:50.000000000Z[0m [1;33m[WARN] TRADER-001.nautilus_common::cache: Cannot calculate unrealized PnL for P-20240414-063520-001-140736707735688-1, no quotes for BTCUSDT-PERP.BINANCE[0m
[1m2024-04-14T06:47:59.999000000Z[0m [1;33m[WARN] TRADER-001.nautilus_common::cache: Cannot calculate unrealized PnL for P-20240414-063520-001-140736707735688-1, no quotes for BTCUSDT-PERP.BINANCE[0m
[1m2024-04-14T06:48:00.000000000Z[0m [1;33m[WARN] TRADER-001.nautilus_common::cache: Cannot calculate unrealized PnL for P-20240414-063520-001-140736707735688-1, no quotes for BTCUSDT-PERP.BINANCE[0m
[1m2024-04-14T06:48:10.000000000Z[0m [1;33m[WARN] TRADER-001.nautilus_common::cache: Cannot calculate unrealized PnL for P-20240414-063520-001-140736707735688-1, no quotes for BTCUSDT-PERP.BINANCE[0m
[1m2024-04-14T06:48:20.000000000Z[0m [1;33m[WARN] TRADER-001.nautilus_common::cache: Cannot calculate unrealized PnL for P-20240414-063520-001-140736707735688-1, no quotes for BTCUSDT-PERP.BINANCE[0m
[1m2024-04-14T06:48:30.000000000Z[0m [1;33m[WARN] TRADER-001.nautilus_common::cache: Cannot calculate unrealized PnL for P-20240414-063520-001-140736707735688-1, no quotes for BTCUSDT-PERP.BINANCE[0m
[1m2024-04-14T06:48:40.000000000Z[0m [1;33m[WARN] TRADER-001.nautilus_common::cache: Cannot calculate unrealized PnL for P-20240414-063520-001-140736707735688-1, no quotes for BTCUSDT-PERP.BINANCE[0m
[1m2024-04-14T06:48:50.000000000Z[0m [1;33m[WARN] TRADER-001.nautilus_common::cache: Cannot calculate unrealized PnL for P-20240414-063520-001-140736707735688-1, no quotes for BTCUSDT-PERP.BINANCE[0m
[1m2024-04-14T06:48:59.999000000Z[0m [1;33m[WARN] TRADER-001.nautilus_common::cache: Cannot calculate unrealized PnL for P-20240414-063520-001-140736707735688-1, no quotes for BTCUSDT-PERP.BINANCE[0m
[1m2024-04-14T06:49:00.000000000Z[0m [1;33m[WARN] TRADER-001.nautilus_common::cache: Cannot calculate unrealized PnL for P-20240414-063520-001-140736707735688-1, no quotes for BTCUSDT-PERP.BINANCE[0m
[1m2024-04-14T06:49:10.000000000Z[0m [1;33m[WARN] TRADER-001.nautilus_common::cache: Cannot calculate unrealized PnL for P-20240414-063520-001-140736707735688-1, no quotes for BTCUSDT-PERP.BINANCE[0m
[1m2024-04-14T06:49:20.000000000Z[0m [1;33m[WARN] TRADER-001.nautilus_common::cache: Cannot calculate unrealized PnL for P-20240414-063520-001-140736707735688-1, no quotes for BTCUSDT-PERP.BINANCE[0m
[1m2024-04-14T06:49:30.000000000Z[0m [1;33m[WARN] TRADER-001.nautilus_common::cache: Cannot calculate unrealized PnL for P-20240414-063520-001-140736707735688-1, no quotes for BTCUSDT-PERP.BINANCE[0m
[1m2024-04-14T06:49:40.000000000Z[0m [1;33m[WARN] TRADER-001.nautilus_common::cache: Cannot calculate unrealized PnL for P-20240414-063520-001-140736707735688-1, no quotes for BTCUSDT-PERP.BINANCE[0m
[1m2024-04-14T06:49:50.000000000Z[0m [1;33m[WARN] TRADER-001.nautilus_common::cache: Cannot calculate unrealized PnL for P-20240414-063520-001-140736707735688-1, no quotes for BTCUSDT-PERP.BINANCE[0m
[1m2024-04-14T06:49:59.999000000Z[0m [1;33m[WARN] TRADER-001.nautilus_common::cache: Cannot calculate unrealized PnL for P-20240414-063520-001-140736707735688-1, no quotes for BTCUSDT-PERP.BINANCE[0m
[1m2024-04-14T06:50:00.000000000Z[0m [1;33m[WARN] TRADER-001.nautilus_common::cache: Cannot calculate unrealized PnL for P-20240414-063520-001-140736707735688-1, no quotes for BTCUSDT-PERP.BINANCE[0m
[1m2024-04-14T06:50:10.000000000Z[0m [1;33m[WARN] TRADER-001.nautilus_common::cache: Cannot calculate unrealized PnL for P-20240414-063520-001-140736707735688-1, no quotes for BTCUSDT-PERP.BINANCE[0m
[1m2024-04-14T06:50:20.000000000Z[0m [1;33m[WARN] TRADER-001.nautilus_common::cache: Cannot calculate unrealized PnL for P-20240414-063520-001-140736707735688-1, no quotes for BTCUSDT-PERP.BINANCE[0m
[1m2024-04-14T06:50:30.000000000Z[0m [1;33m[WARN] TRADER-001.nautilus_common::cache: Cannot calculate unrealized PnL for P-20240414-063520-001-140736707735688-1, no quotes for BTCUSDT-PERP.BINANCE[0m
[1m2024-04-14T06:50:40.000000000Z[0m [1;33m[WARN] TRADER-001.nautilus_common::cache: Cannot calculate unrealized PnL for P-20240414-063520-001-140736707735688-1, no quotes for BTCUSDT-PERP.BINANCE[0m
[1m2024-04-14T06:50:50.000000000Z[0m [1;33m[WARN] TRADER-001.nautilus_common::cache: Cannot calculate unrealized PnL for P-20240414-063520-001-140736707735688-1, no quotes for BTCUSDT-PERP.BINANCE[0m
[1m2024-04-14T06:50:59.999000000Z[0m [1;33m[WARN] TRADER-001.nautilus_common::cache: Cannot calculate unrealized PnL for P-20240414-063520-001-140736707735688-1, no quotes for BTCUSDT-PERP.BINANCE[0m
[1m2024-04-14T06:51:00.000000000Z[0m [1;33m[WARN] TRADER-001.nautilus_common::cache: Cannot calculate unrealized PnL for P-20240414-063520-001-140736707735688-1, no quotes for BTCUSDT-PERP.BINANCE[0m
[1m2024-04-14T06:51:10.000000000Z[0m [1;33m[WARN] TRADER-001.nautilus_common::cache: Cannot calculate unrealized PnL for P-20240414-063520-001-140736707735688-1, no quotes for BTCUSDT-PERP.BINANCE[0m
[1m2024-04-14T06:51:20.000000000Z[0m [1;33m[WARN] TRADER-001.nautilus_common::cache: Cannot calculate unrealized PnL for P-20240414-063520-001-140736707735688-1, no quotes for BTCUSDT-PERP.BINANCE[0m
[1m2024-04-14T06:51:30.000000000Z[0m [1;33m[WARN] TRADER-001.nautilus_common::cache: Cannot calculate unrealized PnL for P-20240414-063520-001-140736707735688-1, no quotes for BTCUSDT-PERP.BINANCE[0m
[1m2024-04-14T06:51:40.000000000Z[0m [1;33m[WARN] TRADER-001.nautilus_common::cache: Cannot calculate unrealized PnL for P-20240414-063520-001-140736707735688-1, no quotes for BTCUSDT-PERP.BINANCE[0m
[1m2024-04-14T06:51:50.000000000Z[0m [1;33m[WARN] TRADER-001.nautilus_common::cache: Cannot calculate unrealized PnL for P-20240414-063520-001-140736707735688-1, no quotes for BTCUSDT-PERP.BINANCE[0m
[1m2024-04-14T06:51:59.999000000Z[0m [1;33m[WARN] TRADER-001.nautilus_common::cache: Cannot calculate unrealized PnL for P-20240414-063520-001-140736707735688-1, no quotes for BTCUSDT-PERP.BINANCE[0m
[1m2024-04-14T06:52:00.000000000Z[0m [1;33m[WARN] TRADER-001.nautilus_common::cache: Cannot calculate unrealized PnL for P-20240414-063520-001-140736707735688-1, no quotes for BTCUSDT-PERP.BINANCE[0m
[1m2024-04-14T06:52:10.000000000Z[0m [1;33m[WARN] TRADER-001.nautilus_common::cache: Cannot calculate unrealized PnL for P-20240414-063520-001-140736707735688-1, no quotes for BTCUSDT-PERP.BINANCE[0m
[1m2024-04-14T06:52:20.000000000Z[0m [1;33m[WARN] TRADER-001.nautilus_common::cache: Cannot calculate unrealized PnL for P-20240414-063520-001-140736707735688-1, no quotes for BTCUSDT-PERP.BINANCE[0m
[1m2024-04-14T06:52:30.000000000Z[0m [1;33m[WARN] TRADER-001.nautilus_common::cache: Cannot calculate unrealized PnL for P-20240414-063520-001-140736707735688-1, no quotes for BTCUSDT-PERP.BINANCE[0m
[1m2024-04-14T06:52:40.000000000Z[0m [1;33m[WARN] TRADER-001.nautilus_common::cache: Cannot calculate unrealized PnL for P-20240414-063520-001-140736707735688-1, no quotes for BTCUSDT-PERP.BINANCE[0m
[1m2024-04-14T06:52:50.000000000Z[0m [1;33m[WARN] TRADER-001.nautilus_common::cache: Cannot calculate unrealized PnL for P-20240414-063520-001-140736707735688-1, no quotes for BTCUSDT-PERP.BINANCE[0m
[1m2024-04-14T06:52:59.999000000Z[0m [1;33m[WARN] TRADER-001.nautilus_common::cache: Cannot calculate unrealized PnL for P-20240414-063520-001-140736707735688-1, no quotes for BTCUSDT-PERP.BINANCE[0m
[1m2024-04-14T06:53:00.000000000Z[0m [1;33m[WARN] TRADER-001.nautilus_common::cache: Cannot calculate unrealized PnL for P-20240414-063520-001-140736707735688-1, no quotes for BTCUSDT-PERP.BINANCE[0m
[1m2024-04-14T06:53:10.000000000Z[0m [1;33m[WARN] TRADER-001.nautilus_common::cache: Cannot calculate unrealized PnL for P-20240414-063520-001-140736707735688-1, no quotes for BTCUSDT-PERP.BINANCE[0m
[1m2024-04-14T06:53:20.000000000Z[0m [1;33m[WARN] TRADER-001.nautilus_common::cache: Cannot calculate unrealized PnL for P-20240414-063520-001-140736707735688-1, no quotes for BTCUSDT-PERP.BINANCE[0m
[1m2024-04-14T06:53:30.000000000Z[0m [1;33m[WARN] TRADER-001.nautilus_common::cache: Cannot calculate unrealized PnL for P-20240414-063520-001-140736707735688-1, no quotes for BTCUSDT-PERP.BINANCE[0m
[1m2024-04-14T06:53:40.000000000Z[0m [1;33m[WARN] TRADER-001.nautilus_common::cache: Cannot calculate unrealized PnL for P-20240414-063520-001-140736707735688-1, no quotes for BTCUSDT-PERP.BINANCE[0m
[1m2024-04-14T06:53:50.000000000Z[0m [1;33m[WARN] TRADER-001.nautilus_common::cache: Cannot calculate unrealized PnL for P-20240414-063520-001-140736707735688-1, no quotes for BTCUSDT-PERP.BINANCE[0m
[1m2024-04-14T06:53:59.999000000Z[0m [1;33m[WARN] TRADER-001.nautilus_common::cache: Cannot calculate unrealized PnL for P-20240414-063520-001-140736707735688-1, no quotes for BTCUSDT-PERP.BINANCE[0m
[1m2024-04-14T06:54:00.000000000Z[0m [1;33m[WARN] TRADER-001.nautilus_common::cache: Cannot calculate unrealized PnL for P-20240414-063520-001-140736707735688-1, no quotes for BTCUSDT-PERP.BINANCE[0m
[1m2024-04-14T06:54:10.000000000Z[0m [1;33m[WARN] TRADER-001.nautilus_common::cache: Cannot calculate unrealized PnL for P-20240414-063520-001-140736707735688-1, no quotes for BTCUSDT-PERP.BINANCE[0m
[1m2024-04-14T06:54:20.000000000Z[0m [1;33m[WARN] TRADER-001.nautilus_common::cache: Cannot calculate unrealized PnL for P-20240414-063520-001-140736707735688-1, no quotes for BTCUSDT-PERP.BINANCE[0m
[1m2024-04-14T06:54:30.000000000Z[0m [1;33m[WARN] TRADER-001.nautilus_common::cache: Cannot calculate unrealized PnL for P-20240414-063520-001-140736707735688-1, no quotes for BTCUSDT-PERP.BINANCE[0m
[1m2024-04-14T06:54:40.000000000Z[0m [1;33m[WARN] TRADER-001.nautilus_common::cache: Cannot calculate unrealized PnL for P-20240414-063520-001-140736707735688-1, no quotes for BTCUSDT-PERP.BINANCE[0m
[1m2024-04-14T06:54:50.000000000Z[0m [1;33m[WARN] TRADER-001.nautilus_common::cache: Cannot calculate unrealized PnL for P-20240414-063520-001-140736707735688-1, no quotes for BTCUSDT-PERP.BINANCE[0m
[1m2024-04-14T06:54:59.999000000Z[0m [1;33m[WARN] TRADER-001.nautilus_common::cache: Cannot calculate unrealized PnL for P-20240414-063520-001-140736707735688-1, no quotes for BTCUSDT-PERP.BINANCE[0m
[1m2024-04-14T06:55:00.000000000Z[0m [1;33m[WARN] TRADER-001.nautilus_common::cache: Cannot calculate unrealized PnL for P-20240414-063520-001-140736707735688-1, no quotes for BTCUSDT-PERP.BINANCE[0m
[1m2024-04-14T06:55:10.000000000Z[0m [1;33m[WARN] TRADER-001.nautilus_common::cache: Cannot calculate unrealized PnL for P-20240414-063520-001-140736707735688-1, no quotes for BTCUSDT-PERP.BINANCE[0m
[1m2024-04-14T06:55:20.000000000Z[0m [1;33m[WARN] TRADER-001.nautilus_common::cache: Cannot calculate unrealized PnL for P-20240414-063520-001-140736707735688-1, no quotes for BTCUSDT-PERP.BINANCE[0m
[1m2024-04-14T06:55:30.000000000Z[0m [1;33m[WARN] TRADER-001.nautilus_common::cache: Cannot calculate unrealized PnL for P-20240414-063520-001-140736707735688-1, no quotes for BTCUSDT-PERP.BINANCE[0m
[1m2024-04-14T06:55:40.000000000Z[0m [1;33m[WARN] TRADER-001.nautilus_common::cache: Cannot calculate unrealized PnL for P-20240414-063520-001-140736707735688-1, no quotes for BTCUSDT-PERP.BINANCE[0m
[1m2024-04-14T06:55:50.000000000Z[0m [1;33m[WARN] TRADER-001.nautilus_common::cache: Cannot calculate unrealized PnL for P-20240414-063520-001-140736707735688-1, no quotes for BTCUSDT-PERP.BINANCE[0m
[1m2024-04-14T06:55:59.999000000Z[0m [1;33m[WARN] TRADER-001.nautilus_common::cache: Cannot calculate unrealized PnL for P-20240414-063520-001-140736707735688-1, no quotes for BTCUSDT-PERP.BINANCE[0m
[1m2024-04-14T06:56:00.000000000Z[0m [1;33m[WARN] TRADER-001.nautilus_common::cache: Cannot calculate unrealized PnL for P-20240414-063520-001-140736707735688-1, no quotes for BTCUSDT-PERP.BINANCE[0m
[1m2024-04-14T06:56:10.000000000Z[0m [1;33m[WARN] TRADER-001.nautilus_common::cache: Cannot calculate unrealized PnL for P-20240414-063520-001-140736707735688-1, no quotes for BTCUSDT-PERP.BINANCE[0m
[1m2024-04-14T06:56:20.000000000Z[0m [1;33m[WARN] TRADER-001.nautilus_common::cache: Cannot calculate unrealized PnL for P-20240414-063520-001-140736707735688-1, no quotes for BTCUSDT-PERP.BINANCE[0m
[1m2024-04-14T06:56:30.000000000Z[0m [1;33m[WARN] TRADER-001.nautilus_common::cache: Cannot calculate unrealized PnL for P-20240414-063520-001-140736707735688-1, no quotes for BTCUSDT-PERP.BINANCE[0m
[1m2024-04-14T06:56:40.000000000Z[0m [1;33m[WARN] TRADER-001.nautilus_common::cache: Cannot calculate unrealized PnL for P-20240414-063520-001-140736707735688-1, no quotes for BTCUSDT-PERP.BINANCE[0m
[1m2024-04-14T06:56:50.000000000Z[0m [1;33m[WARN] TRADER-001.nautilus_common::cache: Cannot calculate unrealized PnL for P-20240414-063520-001-140736707735688-1, no quotes for BTCUSDT-PERP.BINANCE[0m
[1m2024-04-14T06:56:59.999000000Z[0m [1;33m[WARN] TRADER-001.nautilus_common::cache: Cannot calculate unrealized PnL for P-20240414-063520-001-140736707735688-1, no quotes for BTCUSDT-PERP.BINANCE[0m
[1m2024-04-14T06:57:00.000000000Z[0m [1;33m[WARN] TRADER-001.nautilus_common::cache: Cannot calculate unrealized PnL for P-20240414-063520-001-140736707735688-1, no quotes for BTCUSDT-PERP.BINANCE[0m
[1m2024-04-14T06:57:10.000000000Z[0m [1;33m[WARN] TRADER-001.nautilus_common::cache: Cannot calculate unrealized PnL for P-20240414-063520-001-140736707735688-1, no quotes for BTCUSDT-PERP.BINANCE[0m
[1m2024-04-14T06:57:20.000000000Z[0m [1;33m[WARN] TRADER-001.nautilus_common::cache: Cannot calculate unrealized PnL for P-20240414-063520-001-140736707735688-1, no quotes for BTCUSDT-PERP.BINANCE[0m
[1m2024-04-14T06:57:30.000000000Z[0m [1;33m[WARN] TRADER-001.nautilus_common::cache: Cannot calculate unrealized PnL for P-20240414-063520-001-140736707735688-1, no quotes for BTCUSDT-PERP.BINANCE[0m
[1m2024-04-14T06:57:40.000000000Z[0m [1;33m[WARN] TRADER-001.nautilus_common::cache: Cannot calculate unrealized PnL for P-20240414-063520-001-140736707735688-1, no quotes for BTCUSDT-PERP.BINANCE[0m
[1m2024-04-14T06:57:50.000000000Z[0m [1;33m[WARN] TRADER-001.nautilus_common::cache: Cannot calculate unrealized PnL for P-20240414-063520-001-140736707735688-1, no quotes for BTCUSDT-PERP.BINANCE[0m
[1m2024-04-14T06:57:59.999000000Z[0m [1;33m[WARN] TRADER-001.nautilus_common::cache: Cannot calculate unrealized PnL for P-20240414-063520-001-140736707735688-1, no quotes for BTCUSDT-PERP.BINANCE[0m
[1m2024-04-14T06:58:00.000000000Z[0m [1;33m[WARN] TRADER-001.nautilus_common::cache: Cannot calculate unrealized PnL for P-20240414-063520-001-140736707735688-1, no quotes for BTCUSDT-PERP.BINANCE[0m
[1m2024-04-14T06:58:10.000000000Z[0m [1;33m[WARN] TRADER-001.nautilus_common::cache: Cannot calculate unrealized PnL for P-20240414-063520-001-140736707735688-1, no quotes for BTCUSDT-PERP.BINANCE[0m
[1m2024-04-14T06:58:20.000000000Z[0m [1;33m[WARN] TRADER-001.nautilus_common::cache: Cannot calculate unrealized PnL for P-20240414-063520-001-140736707735688-1, no quotes for BTCUSDT-PERP.BINANCE[0m
[1m2024-04-14T06:58:30.000000000Z[0m [1;33m[WARN] TRADER-001.nautilus_common::cache: Cannot calculate unrealized PnL for P-20240414-063520-001-140736707735688-1, no quotes for BTCUSDT-PERP.BINANCE[0m
[1m2024-04-14T06:58:40.000000000Z[0m [1;33m[WARN] TRADER-001.nautilus_common::cache: Cannot calculate unrealized PnL for P-20240414-063520-001-140736707735688-1, no quotes for BTCUSDT-PERP.BINANCE[0m
[1m2024-04-14T06:58:50.000000000Z[0m [1;33m[WARN] TRADER-001.nautilus_common::cache: Cannot calculate unrealized PnL for P-20240414-063520-001-140736707735688-1, no quotes for BTCUSDT-PERP.BINANCE[0m
[1m2024-04-14T06:58:59.999000000Z[0m [1;33m[WARN] TRADER-001.nautilus_common::cache: Cannot calculate unrealized PnL for P-20240414-063520-001-140736707735688-1, no quotes for BTCUSDT-PERP.BINANCE[0m
[1m2024-04-14T06:59:00.000000000Z[0m [1;33m[WARN] TRADER-001.nautilus_common::cache: Cannot calculate unrealized PnL for P-20240414-063520-001-140736707735688-1, no quotes for BTCUSDT-PERP.BINANCE[0m
[1m2024-04-14T06:59:10.000000000Z[0m [1;33m[WARN] TRADER-001.nautilus_common::cache: Cannot calculate unrealized PnL for P-20240414-063520-001-140736707735688-1, no quotes for BTCUSDT-PERP.BINANCE[0m
[1m2024-04-14T06:59:20.000000000Z[0m [1;33m[WARN] TRADER-001.nautilus_common::cache: Cannot calculate unrealized PnL for P-20240414-063520-001-140736707735688-1, no quotes for BTCUSDT-PERP.BINANCE[0m
[1m2024-04-14T06:59:30.000000000Z[0m [1;33m[WARN] TRADER-001.nautilus_common::cache: Cannot calculate unrealized PnL for P-20240414-063520-001-140736707735688-1, no quotes for BTCUSDT-PERP.BINANCE[0m
[1m2024-04-14T06:59:40.000000000Z[0m [1;33m[WARN] TRADER-001.nautilus_common::cache: Cannot calculate unrealized PnL for P-20240414-063520-001-140736707735688-1, no quotes for BTCUSDT-PERP.BINANCE[0m
[1m2024-04-14T06:59:50.000000000Z[0m [1;33m[WARN] TRADER-001.nautilus_common::cache: Cannot calculate unrealized PnL for P-20240414-063520-001-140736707735688-1, no quotes for BTCUSDT-PERP.BINANCE[0m
[1m2024-04-14T06:59:59.999000000Z[0m [1;33m[WARN] TRADER-001.nautilus_common::cache: Cannot calculate unrealized PnL for P-20240414-063520-001-140736707735688-1, no quotes for BTCUSDT-PERP.BINANCE[0m
[1m2024-04-14T07:00:00.000000000Z[0m [1;33m[WARN] TRADER-001.nautilus_common::cache: Cannot calculate unrealized PnL for P-20240414-063520-001-140736707735688-1, no quotes for BTCUSDT-PERP.BINANCE[0m
[1m2024-04-14T07:00:10.000000000Z[0m [1;33m[WARN] TRADER-001.nautilus_common::cache: Cannot calculate unrealized PnL for P-20240414-063520-001-140736707735688-1, no quotes for BTCUSDT-PERP.BINANCE[0m
[1m2024-04-14T07:00:20.000000000Z[0m [1;33m[WARN] TRADER-001.nautilus_common::cache: Cannot calculate unrealized PnL for P-20240414-063520-001-140736707735688-1, no quotes for BTCUSDT-PERP.BINANCE[0m
[1m2024-04-14T07:00:30.000000000Z[0m [1;33m[WARN] TRADER-001.nautilus_common::cache: Cannot calculate unrealized PnL for P-20240414-063520-001-140736707735688-1, no quotes for BTCUSDT-PERP.BINANCE[0m
[1m2024-04-14T07:00:40.000000000Z[0m [1;33m[WARN] TRADER-001.nautilus_common::cache: Cannot calculate unrealized PnL for P-20240414-063520-001-140736707735688-1, no quotes for BTCUSDT-PERP.BINANCE[0m
[1m2024-04-14T07:00:50.000000000Z[0m [1;33m[WARN] TRADER-001.nautilus_common::cache: Cannot calculate unrealized PnL for P-20240414-063520-001-140736707735688-1, no quotes for BTCUSDT-PERP.BINANCE[0m
[1m2024-04-14T07:00:59.999000000Z[0m [1;33m[WARN] TRADER-001.nautilus_common::cache: Cannot calculate unrealized PnL for P-20240414-063520-001-140736707735688-1, no quotes for BTCUSDT-PERP.BINANCE[0m
[1m2024-04-14T07:01:00.000000000Z[0m [1;33m[WARN] TRADER-001.nautilus_common::cache: Cannot calculate unrealized PnL for P-20240414-063520-001-140736707735688-1, no quotes for BTCUSDT-PERP.BINANCE[0m
[1m2024-04-14T07:01:10.000000000Z[0m [1;33m[WARN] TRADER-001.nautilus_common::cache: Cannot calculate unrealized PnL for P-20240414-063520-001-140736707735688-1, no quotes for BTCUSDT-PERP.BINANCE[0m
[1m2024-04-14T07:01:20.000000000Z[0m [1;33m[WARN] TRADER-001.nautilus_common::cache: Cannot calculate unrealized PnL for P-20240414-063520-001-140736707735688-1, no quotes for BTCUSDT-PERP.BINANCE[0m
[1m2024-04-14T07:01:30.000000000Z[0m [1;33m[WARN] TRADER-001.nautilus_common::cache: Cannot calculate unrealized PnL for P-20240414-063520-001-140736707735688-1, no quotes for BTCUSDT-PERP.BINANCE[0m
[1m2024-04-14T07:01:40.000000000Z[0m [1;33m[WARN] TRADER-001.nautilus_common::cache: Cannot calculate unrealized PnL for P-20240414-063520-001-140736707735688-1, no quotes for BTCUSDT-PERP.BINANCE[0m
[1m2024-04-14T07:01:50.000000000Z[0m [1;33m[WARN] TRADER-001.nautilus_common::cache: Cannot calculate unrealized PnL for P-20240414-063520-001-140736707735688-1, no quotes for BTCUSDT-PERP.BINANCE[0m
[1m2024-04-14T07:01:59.999000000Z[0m [1;33m[WARN] TRADER-001.nautilus_common::cache: Cannot calculate unrealized PnL for P-20240414-063520-001-140736707735688-1, no quotes for BTCUSDT-PERP.BINANCE[0m
[1m2024-04-14T07:02:00.000000000Z[0m [1;33m[WARN] TRADER-001.nautilus_common::cache: Cannot calculate unrealized PnL for P-20240414-063520-001-140736707735688-1, no quotes for BTCUSDT-PERP.BINANCE[0m
[1m2024-04-14T07:02:10.000000000Z[0m [1;33m[WARN] TRADER-001.nautilus_common::cache: Cannot calculate unrealized PnL for P-20240414-063520-001-140736707735688-1, no quotes for BTCUSDT-PERP.BINANCE[0m
[1m2024-04-14T07:02:20.000000000Z[0m [1;33m[WARN] TRADER-001.nautilus_common::cache: Cannot calculate unrealized PnL for P-20240414-063520-001-140736707735688-1, no quotes for BTCUSDT-PERP.BINANCE[0m
[1m2024-04-14T07:02:30.000000000Z[0m [1;33m[WARN] TRADER-001.nautilus_common::cache: Cannot calculate unrealized PnL for P-20240414-063520-001-140736707735688-1, no quotes for BTCUSDT-PERP.BINANCE[0m
[1m2024-04-14T07:02:40.000000000Z[0m [1;33m[WARN] TRADER-001.nautilus_common::cache: Cannot calculate unrealized PnL for P-20240414-063520-001-140736707735688-1, no quotes for BTCUSDT-PERP.BINANCE[0m
[1m2024-04-14T07:02:50.000000000Z[0m [1;33m[WARN] TRADER-001.nautilus_common::cache: Cannot calculate unrealized PnL for P-20240414-063520-001-140736707735688-1, no quotes for BTCUSDT-PERP.BINANCE[0m
[1m2024-04-14T07:02:59.999000000Z[0m [1;33m[WARN] TRADER-001.nautilus_common::cache: Cannot calculate unrealized PnL for P-20240414-063520-001-140736707735688-1, no quotes for BTCUSDT-PERP.BINANCE[0m
[1m2024-04-14T07:03:00.000000000Z[0m [1;33m[WARN] TRADER-001.nautilus_common::cache: Cannot calculate unrealized PnL for P-20240414-063520-001-140736707735688-1, no quotes for BTCUSDT-PERP.BINANCE[0m
[1m2024-04-14T07:03:10.000000000Z[0m [1;33m[WARN] TRADER-001.nautilus_common::cache: Cannot calculate unrealized PnL for P-20240414-063520-001-140736707735688-1, no quotes for BTCUSDT-PERP.BINANCE[0m
[1m2024-04-14T07:03:20.000000000Z[0m [1;33m[WARN] TRADER-001.nautilus_common::cache: Cannot calculate unrealized PnL for P-20240414-063520-001-140736707735688-1, no quotes for BTCUSDT-PERP.BINANCE[0m
[1m2024-04-14T07:03:30.000000000Z[0m [1;33m[WARN] TRADER-001.nautilus_common::cache: Cannot calculate unrealized PnL for P-20240414-063520-001-140736707735688-1, no quotes for BTCUSDT-PERP.BINANCE[0m
[1m2024-04-14T07:03:40.000000000Z[0m [1;33m[WARN] TRADER-001.nautilus_common::cache: Cannot calculate unrealized PnL for P-20240414-063520-001-140736707735688-1, no quotes for BTCUSDT-PERP.BINANCE[0m
[1m2024-04-14T07:03:50.000000000Z[0m [1;33m[WARN] TRADER-001.nautilus_common::cache: Cannot calculate unrealized PnL for P-20240414-063520-001-140736707735688-1, no quotes for BTCUSDT-PERP.BINANCE[0m
[1m2024-04-14T07:03:59.999000000Z[0m [1;33m[WARN] TRADER-001.nautilus_common::cache: Cannot calculate unrealized PnL for P-20240414-063520-001-140736707735688-1, no quotes for BTCUSDT-PERP.BINANCE[0m
[1m2024-04-14T07:04:00.000000000Z[0m [1;33m[WARN] TRADER-001.nautilus_common::cache: Cannot calculate unrealized PnL for P-20240414-063520-001-140736707735688-1, no quotes for BTCUSDT-PERP.BINANCE[0m
[1m2024-04-14T07:04:10.000000000Z[0m [1;33m[WARN] TRADER-001.nautilus_common::cache: Cannot calculate unrealized PnL for P-20240414-063520-001-140736707735688-1, no quotes for BTCUSDT-PERP.BINANCE[0m
[1m2024-04-14T07:04:20.000000000Z[0m [1;33m[WARN] TRADER-001.nautilus_common::cache: Cannot calculate unrealized PnL for P-20240414-063520-001-140736707735688-1, no quotes for BTCUSDT-PERP.BINANCE[0m
[1m2024-04-14T07:04:30.000000000Z[0m [1;33m[WARN] TRADER-001.nautilus_common::cache: Cannot calculate unrealized PnL for P-20240414-063520-001-140736707735688-1, no quotes for BTCUSDT-PERP.BINANCE[0m
[1m2024-04-14T07:04:40.000000000Z[0m [1;33m[WARN] TRADER-001.nautilus_common::cache: Cannot calculate unrealized PnL for P-20240414-063520-001-140736707735688-1, no quotes for BTCUSDT-PERP.BINANCE[0m
[1m2024-04-14T07:04:50.000000000Z[0m [1;33m[WARN] TRADER-001.nautilus_common::cache: Cannot calculate unrealized PnL for P-20240414-063520-001-140736707735688-1, no quotes for BTCUSDT-PERP.BINANCE[0m
[1m2024-04-14T07:04:59.999000000Z[0m [1;33m[WARN] TRADER-001.nautilus_common::cache: Cannot calculate unrealized PnL for P-20240414-063520-001-140736707735688-1, no quotes for BTCUSDT-PERP.BINANCE[0m
[1m2024-04-14T07:05:00.000000000Z[0m [1;33m[WARN] TRADER-001.nautilus_common::cache: Cannot calculate unrealized PnL for P-20240414-063520-001-140736707735688-1, no quotes for BTCUSDT-PERP.BINANCE[0m
[1m2024-04-14T07:05:10.000000000Z[0m [1;33m[WARN] TRADER-001.nautilus_common::cache: Cannot calculate unrealized PnL for P-20240414-063520-001-140736707735688-1, no quotes for BTCUSDT-PERP.BINANCE[0m
[1m2024-04-14T07:05:20.000000000Z[0m [1;33m[WARN] TRADER-001.nautilus_common::cache: Cannot calculate unrealized PnL for P-20240414-063520-001-140736707735688-1, no quotes for BTCUSDT-PERP.BINANCE[0m
[1m2024-04-14T07:05:30.000000000Z[0m [1;33m[WARN] TRADER-001.nautilus_common::cache: Cannot calculate unrealized PnL for P-20240414-063520-001-140736707735688-1, no quotes for BTCUSDT-PERP.BINANCE[0m
[1m2024-04-14T07:05:40.000000000Z[0m [1;33m[WARN] TRADER-001.nautilus_common::cache: Cannot calculate unrealized PnL for P-20240414-063520-001-140736707735688-1, no quotes for BTCUSDT-PERP.BINANCE[0m
[1m2024-04-14T07:05:50.000000000Z[0m [1;33m[WARN] TRADER-001.nautilus_common::cache: Cannot calculate unrealized PnL for P-20240414-063520-001-140736707735688-1, no quotes for BTCUSDT-PERP.BINANCE[0m
[1m2024-04-14T07:05:59.999000000Z[0m [1;33m[WARN] TRADER-001.nautilus_common::cache: Cannot calculate unrealized PnL for P-20240414-063520-001-140736707735688-1, no quotes for BTCUSDT-PERP.BINANCE[0m
[1m2024-04-14T07:06:00.000000000Z[0m [1;33m[WARN] TRADER-001.nautilus_common::cache: Cannot calculate unrealized PnL for P-20240414-063520-001-140736707735688-1, no quotes for BTCUSDT-PERP.BINANCE[0m
[1m2024-04-14T07:06:10.000000000Z[0m [1;33m[WARN] TRADER-001.nautilus_common::cache: Cannot calculate unrealized PnL for P-20240414-063520-001-140736707735688-1, no quotes for BTCUSDT-PERP.BINANCE[0m
[1m2024-04-14T07:06:20.000000000Z[0m [1;33m[WARN] TRADER-001.nautilus_common::cache: Cannot calculate unrealized PnL for P-20240414-063520-001-140736707735688-1, no quotes for BTCUSDT-PERP.BINANCE[0m
[1m2024-04-14T07:06:30.000000000Z[0m [1;33m[WARN] TRADER-001.nautilus_common::cache: Cannot calculate unrealized PnL for P-20240414-063520-001-140736707735688-1, no quotes for BTCUSDT-PERP.BINANCE[0m
[1m2024-04-14T07:06:40.000000000Z[0m [1;33m[WARN] TRADER-001.nautilus_common::cache: Cannot calculate unrealized PnL for P-20240414-063520-001-140736707735688-1, no quotes for BTCUSDT-PERP.BINANCE[0m
[1m2024-04-14T07:06:50.000000000Z[0m [1;33m[WARN] TRADER-001.nautilus_common::cache: Cannot calculate unrealized PnL for P-20240414-063520-001-140736707735688-1, no quotes for BTCUSDT-PERP.BINANCE[0m
[1m2024-04-14T07:06:59.999000000Z[0m [1;33m[WARN] TRADER-001.nautilus_common::cache: Cannot calculate unrealized PnL for P-20240414-063520-001-140736707735688-1, no quotes for BTCUSDT-PERP.BINANCE[0m
[1m2024-04-14T07:07:00.000000000Z[0m [1;33m[WARN] TRADER-001.nautilus_common::cache: Cannot calculate unrealized PnL for P-20240414-063520-001-140736707735688-1, no quotes for BTCUSDT-PERP.BINANCE[0m
[1m2024-04-14T07:07:10.000000000Z[0m [1;33m[WARN] TRADER-001.nautilus_common::cache: Cannot calculate unrealized PnL for P-20240414-063520-001-140736707735688-1, no quotes for BTCUSDT-PERP.BINANCE[0m
[1m2024-04-14T07:07:20.000000000Z[0m [1;33m[WARN] TRADER-001.nautilus_common::cache: Cannot calculate unrealized PnL for P-20240414-063520-001-140736707735688-1, no quotes for BTCUSDT-PERP.BINANCE[0m
[1m2024-04-14T07:07:30.000000000Z[0m [1;33m[WARN] TRADER-001.nautilus_common::cache: Cannot calculate unrealized PnL for P-20240414-063520-001-140736707735688-1, no quotes for BTCUSDT-PERP.BINANCE[0m
[1m2024-04-14T07:07:40.000000000Z[0m [1;33m[WARN] TRADER-001.nautilus_common::cache: Cannot calculate unrealized PnL for P-20240414-063520-001-140736707735688-1, no quotes for BTCUSDT-PERP.BINANCE[0m
[1m2024-04-14T07:07:50.000000000Z[0m [1;33m[WARN] TRADER-001.nautilus_common::cache: Cannot calculate unrealized PnL for P-20240414-063520-001-140736707735688-1, no quotes for BTCUSDT-PERP.BINANCE[0m
[1m2024-04-14T07:07:59.999000000Z[0m [1;33m[WARN] TRADER-001.nautilus_common::cache: Cannot calculate unrealized PnL for P-20240414-063520-001-140736707735688-1, no quotes for BTCUSDT-PERP.BINANCE[0m
[1m2024-04-14T07:08:00.000000000Z[0m [1;33m[WARN] TRADER-001.nautilus_common::cache: Cannot calculate unrealized PnL for P-20240414-063520-001-140736707735688-1, no quotes for BTCUSDT-PERP.BINANCE[0m
[1m2024-04-14T07:08:10.000000000Z[0m [1;33m[WARN] TRADER-001.nautilus_common::cache: Cannot calculate unrealized PnL for P-20240414-063520-001-140736707735688-1, no quotes for BTCUSDT-PERP.BINANCE[0m
[1m2024-04-14T07:08:20.000000000Z[0m [1;33m[WARN] TRADER-001.nautilus_common::cache: Cannot calculate unrealized PnL for P-20240414-063520-001-140736707735688-1, no quotes for BTCUSDT-PERP.BINANCE[0m
[1m2024-04-14T07:08:30.000000000Z[0m [1;33m[WARN] TRADER-001.nautilus_common::cache: Cannot calculate unrealized PnL for P-20240414-063520-001-140736707735688-1, no quotes for BTCUSDT-PERP.BINANCE[0m
[1m2024-04-14T07:08:40.000000000Z[0m [1;33m[WARN] TRADER-001.nautilus_common::cache: Cannot calculate unrealized PnL for P-20240414-063520-001-140736707735688-1, no quotes for BTCUSDT-PERP.BINANCE[0m
[1m2024-04-14T07:08:50.000000000Z[0m [1;33m[WARN] TRADER-001.nautilus_common::cache: Cannot calculate unrealized PnL for P-20240414-063520-001-140736707735688-1, no quotes for BTCUSDT-PERP.BINANCE[0m
[1m2024-04-14T07:08:59.999000000Z[0m [1;33m[WARN] TRADER-001.nautilus_common::cache: Cannot calculate unrealized PnL for P-20240414-063520-001-140736707735688-1, no quotes for BTCUSDT-PERP.BINANCE[0m
[1m2024-04-14T07:09:00.000000000Z[0m [1;33m[WARN] TRADER-001.nautilus_common::cache: Cannot calculate unrealized PnL for P-20240414-063520-001-140736707735688-1, no quotes for BTCUSDT-PERP.BINANCE[0m
[1m2024-04-14T07:09:10.000000000Z[0m [1;33m[WARN] TRADER-001.nautilus_common::cache: Cannot calculate unrealized PnL for P-20240414-063520-001-140736707735688-1, no quotes for BTCUSDT-PERP.BINANCE[0m
[1m2024-04-14T07:09:20.000000000Z[0m [1;33m[WARN] TRADER-001.nautilus_common::cache: Cannot calculate unrealized PnL for P-20240414-063520-001-140736707735688-1, no quotes for BTCUSDT-PERP.BINANCE[0m
[1m2024-04-14T07:09:30.000000000Z[0m [1;33m[WARN] TRADER-001.nautilus_common::cache: Cannot calculate unrealized PnL for P-20240414-063520-001-140736707735688-1, no quotes for BTCUSDT-PERP.BINANCE[0m
[1m2024-04-14T07:09:40.000000000Z[0m [1;33m[WARN] TRADER-001.nautilus_common::cache: Cannot calculate unrealized PnL for P-20240414-063520-001-140736707735688-1, no quotes for BTCUSDT-PERP.BINANCE[0m
[1m2024-04-14T07:09:50.000000000Z[0m [1;33m[WARN] TRADER-001.nautilus_common::cache: Cannot calculate unrealized PnL for P-20240414-063520-001-140736707735688-1, no quotes for BTCUSDT-PERP.BINANCE[0m
[1m2024-04-14T07:09:59.999000000Z[0m [1;33m[WARN] TRADER-001.nautilus_common::cache: Cannot calculate unrealized PnL for P-20240414-063520-001-140736707735688-1, no quotes for BTCUSDT-PERP.BINANCE[0m
[1m2024-04-14T07:10:00.000000000Z[0m [1;33m[WARN] TRADER-001.nautilus_common::cache: Cannot calculate unrealized PnL for P-20240414-063520-001-140736707735688-1, no quotes for BTCUSDT-PERP.BINANCE[0m
[1m2024-04-14T07:10:10.000000000Z[0m [1;33m[WARN] TRADER-001.nautilus_common::cache: Cannot calculate unrealized PnL for P-20240414-063520-001-140736707735688-1, no quotes for BTCUSDT-PERP.BINANCE[0m
[1m2024-04-14T07:10:20.000000000Z[0m [1;33m[WARN] TRADER-001.nautilus_common::cache: Cannot calculate unrealized PnL for P-20240414-063520-001-140736707735688-1, no quotes for BTCUSDT-PERP.BINANCE[0m
[1m2024-04-14T07:10:30.000000000Z[0m [1;33m[WARN] TRADER-001.nautilus_common::cache: Cannot calculate unrealized PnL for P-20240414-063520-001-140736707735688-1, no quotes for BTCUSDT-PERP.BINANCE[0m
[1m2024-04-14T07:10:40.000000000Z[0m [1;33m[WARN] TRADER-001.nautilus_common::cache: Cannot calculate unrealized PnL for P-20240414-063520-001-140736707735688-1, no quotes for BTCUSDT-PERP.BINANCE[0m
[1m2024-04-14T07:10:50.000000000Z[0m [1;33m[WARN] TRADER-001.nautilus_common::cache: Cannot calculate unrealized PnL for P-20240414-063520-001-140736707735688-1, no quotes for BTCUSDT-PERP.BINANCE[0m
[1m2024-04-14T07:10:59.999000000Z[0m [1;33m[WARN] TRADER-001.nautilus_common::cache: Cannot calculate unrealized PnL for P-20240414-063520-001-140736707735688-1, no quotes for BTCUSDT-PERP.BINANCE[0m
[1m2024-04-14T07:11:00.000000000Z[0m [1;33m[WARN] TRADER-001.nautilus_common::cache: Cannot calculate unrealized PnL for P-20240414-063520-001-140736707735688-1, no quotes for BTCUSDT-PERP.BINANCE[0m
[1m2024-04-14T07:11:10.000000000Z[0m [1;33m[WARN] TRADER-001.nautilus_common::cache: Cannot calculate unrealized PnL for P-20240414-063520-001-140736707735688-1, no quotes for BTCUSDT-PERP.BINANCE[0m
[1m2024-04-14T07:11:20.000000000Z[0m [1;33m[WARN] TRADER-001.nautilus_common::cache: Cannot calculate unrealized PnL for P-20240414-063520-001-140736707735688-1, no quotes for BTCUSDT-PERP.BINANCE[0m
[1m2024-04-14T07:11:30.000000000Z[0m [1;33m[WARN] TRADER-001.nautilus_common::cache: Cannot calculate unrealized PnL for P-20240414-063520-001-140736707735688-1, no quotes for BTCUSDT-PERP.BINANCE[0m
[1m2024-04-14T07:11:40.000000000Z[0m [1;33m[WARN] TRADER-001.nautilus_common::cache: Cannot calculate unrealized PnL for P-20240414-063520-001-140736707735688-1, no quotes for BTCUSDT-PERP.BINANCE[0m
[1m2024-04-14T07:11:50.000000000Z[0m [1;33m[WARN] TRADER-001.nautilus_common::cache: Cannot calculate unrealized PnL for P-20240414-063520-001-140736707735688-1, no quotes for BTCUSDT-PERP.BINANCE[0m
[1m2024-04-14T07:11:59.999000000Z[0m [1;33m[WARN] TRADER-001.nautilus_common::cache: Cannot calculate unrealized PnL for P-20240414-063520-001-140736707735688-1, no quotes for BTCUSDT-PERP.BINANCE[0m
[1m2024-04-14T07:12:00.000000000Z[0m [1;33m[WARN] TRADER-001.nautilus_common::cache: Cannot calculate unrealized PnL for P-20240414-063520-001-140736707735688-1, no quotes for BTCUSDT-PERP.BINANCE[0m
[1m2024-04-14T07:12:10.000000000Z[0m [1;33m[WARN] TRADER-001.nautilus_common::cache: Cannot calculate unrealized PnL for P-20240414-063520-001-140736707735688-1, no quotes for BTCUSDT-PERP.BINANCE[0m
[1m2024-04-14T07:12:20.000000000Z[0m [1;33m[WARN] TRADER-001.nautilus_common::cache: Cannot calculate unrealized PnL for P-20240414-063520-001-140736707735688-1, no quotes for BTCUSDT-PERP.BINANCE[0m
[1m2024-04-14T07:12:30.000000000Z[0m [1;33m[WARN] TRADER-001.nautilus_common::cache: Cannot calculate unrealized PnL for P-20240414-063520-001-140736707735688-1, no quotes for BTCUSDT-PERP.BINANCE[0m
[1m2024-04-14T07:12:40.000000000Z[0m [1;33m[WARN] TRADER-001.nautilus_common::cache: Cannot calculate unrealized PnL for P-20240414-063520-001-140736707735688-1, no quotes for BTCUSDT-PERP.BINANCE[0m
[1m2024-04-14T07:12:50.000000000Z[0m [1;33m[WARN] TRADER-001.nautilus_common::cache: Cannot calculate unrealized PnL for P-20240414-063520-001-140736707735688-1, no quotes for BTCUSDT-PERP.BINANCE[0m
[1m2024-04-14T07:12:59.999000000Z[0m [1;33m[WARN] TRADER-001.nautilus_common::cache: Cannot calculate unrealized PnL for P-20240414-063520-001-140736707735688-1, no quotes for BTCUSDT-PERP.BINANCE[0m
[1m2024-04-14T07:13:00.000000000Z[0m [1;33m[WARN] TRADER-001.nautilus_common::cache: Cannot calculate unrealized PnL for P-20240414-063520-001-140736707735688-1, no quotes for BTCUSDT-PERP.BINANCE[0m
[1m2024-04-14T07:13:10.000000000Z[0m [1;33m[WARN] TRADER-001.nautilus_common::cache: Cannot calculate unrealized PnL for P-20240414-063520-001-140736707735688-1, no quotes for BTCUSDT-PERP.BINANCE[0m
[1m2024-04-14T07:13:20.000000000Z[0m [1;33m[WARN] TRADER-001.nautilus_common::cache: Cannot calculate unrealized PnL for P-20240414-063520-001-140736707735688-1, no quotes for BTCUSDT-PERP.BINANCE[0m
[1m2024-04-14T07:13:30.000000000Z[0m [1;33m[WARN] TRADER-001.nautilus_common::cache: Cannot calculate unrealized PnL for P-20240414-063520-001-140736707735688-1, no quotes for BTCUSDT-PERP.BINANCE[0m
[1m2024-04-14T07:13:40.000000000Z[0m [1;33m[WARN] TRADER-001.nautilus_common::cache: Cannot calculate unrealized PnL for P-20240414-063520-001-140736707735688-1, no quotes for BTCUSDT-PERP.BINANCE[0m
[1m2024-04-14T07:13:50.000000000Z[0m [1;33m[WARN] TRADER-001.nautilus_common::cache: Cannot calculate unrealized PnL for P-20240414-063520-001-140736707735688-1, no quotes for BTCUSDT-PERP.BINANCE[0m
[1m2024-04-14T07:13:59.999000000Z[0m [1;33m[WARN] TRADER-001.nautilus_common::cache: Cannot calculate unrealized PnL for P-20240414-063520-001-140736707735688-1, no quotes for BTCUSDT-PERP.BINANCE[0m
[1m2024-04-14T07:14:00.000000000Z[0m [1;33m[WARN] TRADER-001.nautilus_common::cache: Cannot calculate unrealized PnL for P-20240414-063520-001-140736707735688-1, no quotes for BTCUSDT-PERP.BINANCE[0m
[1m2024-04-14T07:14:10.000000000Z[0m [1;33m[WARN] TRADER-001.nautilus_common::cache: Cannot calculate unrealized PnL for P-20240414-063520-001-140736707735688-1, no quotes for BTCUSDT-PERP.BINANCE[0m
[1m2024-04-14T07:14:20.000000000Z[0m [1;33m[WARN] TRADER-001.nautilus_common::cache: Cannot calculate unrealized PnL for P-20240414-063520-001-140736707735688-1, no quotes for BTCUSDT-PERP.BINANCE[0m
[1m2024-04-14T07:14:30.000000000Z[0m [1;33m[WARN] TRADER-001.nautilus_common::cache: Cannot calculate unrealized PnL for P-20240414-063520-001-140736707735688-1, no quotes for BTCUSDT-PERP.BINANCE[0m
[1m2024-04-14T07:14:40.000000000Z[0m [1;33m[WARN] TRADER-001.nautilus_common::cache: Cannot calculate unrealized PnL for P-20240414-063520-001-140736707735688-1, no quotes for BTCUSDT-PERP.BINANCE[0m
[1m2024-04-14T07:14:50.000000000Z[0m [1;33m[WARN] TRADER-001.nautilus_common::cache: Cannot calculate unrealized PnL for P-20240414-063520-001-140736707735688-1, no quotes for BTCUSDT-PERP.BINANCE[0m
[1m2024-04-14T07:14:59.999000000Z[0m [1;33m[WARN] TRADER-001.nautilus_common::cache: Cannot calculate unrealized PnL for P-20240414-063520-001-140736707735688-1, no quotes for BTCUSDT-PERP.BINANCE[0m
[1m2024-04-14T07:15:00.000000000Z[0m [1;33m[WARN] TRADER-001.nautilus_common::cache: Cannot calculate unrealized PnL for P-20240414-063520-001-140736707735688-1, no quotes for BTCUSDT-PERP.BINANCE[0m
[1m2024-04-14T07:15:10.000000000Z[0m [1;33m[WARN] TRADER-001.nautilus_common::cache: Cannot calculate unrealized PnL for P-20240414-063520-001-140736707735688-1, no quotes for BTCUSDT-PERP.BINANCE[0m
[1m2024-04-14T07:15:20.000000000Z[0m [1;33m[WARN] TRADER-001.nautilus_common::cache: Cannot calculate unrealized PnL for P-20240414-063520-001-140736707735688-1, no quotes for BTCUSDT-PERP.BINANCE[0m
[1m2024-04-14T07:15:30.000000000Z[0m [1;33m[WARN] TRADER-001.nautilus_common::cache: Cannot calculate unrealized PnL for P-20240414-063520-001-140736707735688-1, no quotes for BTCUSDT-PERP.BINANCE[0m
[1m2024-04-14T07:15:40.000000000Z[0m [1;33m[WARN] TRADER-001.nautilus_common::cache: Cannot calculate unrealized PnL for P-20240414-063520-001-140736707735688-1, no quotes for BTCUSDT-PERP.BINANCE[0m
[1m2024-04-14T07:15:50.000000000Z[0m [1;33m[WARN] TRADER-001.nautilus_common::cache: Cannot calculate unrealized PnL for P-20240414-063520-001-140736707735688-1, no quotes for BTCUSDT-PERP.BINANCE[0m
[1m2024-04-14T07:15:59.999000000Z[0m [1;33m[WARN] TRADER-001.nautilus_common::cache: Cannot calculate unrealized PnL for P-20240414-063520-001-140736707735688-1, no quotes for BTCUSDT-PERP.BINANCE[0m
[1m2024-04-14T07:16:00.000000000Z[0m [1;33m[WARN] TRADER-001.nautilus_common::cache: Cannot calculate unrealized PnL for P-20240414-063520-001-140736707735688-1, no quotes for BTCUSDT-PERP.BINANCE[0m
[1m2024-04-14T07:16:10.000000000Z[0m [1;33m[WARN] TRADER-001.nautilus_common::cache: Cannot calculate unrealized PnL for P-20240414-063520-001-140736707735688-1, no quotes for BTCUSDT-PERP.BINANCE[0m
[1m2024-04-14T07:16:20.000000000Z[0m [1;33m[WARN] TRADER-001.nautilus_common::cache: Cannot calculate unrealized PnL for P-20240414-063520-001-140736707735688-1, no quotes for BTCUSDT-PERP.BINANCE[0m
[1m2024-04-14T07:16:30.000000000Z[0m [1;33m[WARN] TRADER-001.nautilus_common::cache: Cannot calculate unrealized PnL for P-20240414-063520-001-140736707735688-1, no quotes for BTCUSDT-PERP.BINANCE[0m
[1m2024-04-14T07:16:40.000000000Z[0m [1;33m[WARN] TRADER-001.nautilus_common::cache: Cannot calculate unrealized PnL for P-20240414-063520-001-140736707735688-1, no quotes for BTCUSDT-PERP.BINANCE[0m
[1m2024-04-14T07:16:50.000000000Z[0m [1;33m[WARN] TRADER-001.nautilus_common::cache: Cannot calculate unrealized PnL for P-20240414-063520-001-140736707735688-1, no quotes for BTCUSDT-PERP.BINANCE[0m
[1m2024-04-14T07:16:59.999000000Z[0m [1;33m[WARN] TRADER-001.nautilus_common::cache: Cannot calculate unrealized PnL for P-20240414-063520-001-140736707735688-1, no quotes for BTCUSDT-PERP.BINANCE[0m
[1m2024-04-14T07:17:00.000000000Z[0m [1;33m[WARN] TRADER-001.nautilus_common::cache: Cannot calculate unrealized PnL for P-20240414-063520-001-140736707735688-1, no quotes for BTCUSDT-PERP.BINANCE[0m
[1m2024-04-14T07:17:10.000000000Z[0m [1;33m[WARN] TRADER-001.nautilus_common::cache: Cannot calculate unrealized PnL for P-20240414-063520-001-140736707735688-1, no quotes for BTCUSDT-PERP.BINANCE[0m
[1m2024-04-14T07:17:20.000000000Z[0m [1;33m[WARN] TRADER-001.nautilus_common::cache: Cannot calculate unrealized PnL for P-20240414-063520-001-140736707735688-1, no quotes for BTCUSDT-PERP.BINANCE[0m
[1m2024-04-14T07:17:30.000000000Z[0m [1;33m[WARN] TRADER-001.nautilus_common::cache: Cannot calculate unrealized PnL for P-20240414-063520-001-140736707735688-1, no quotes for BTCUSDT-PERP.BINANCE[0m
[1m2024-04-14T07:17:40.000000000Z[0m [1;33m[WARN] TRADER-001.nautilus_common::cache: Cannot calculate unrealized PnL for P-20240414-063520-001-140736707735688-1, no quotes for BTCUSDT-PERP.BINANCE[0m
[1m2024-04-14T07:17:50.000000000Z[0m [1;33m[WARN] TRADER-001.nautilus_common::cache: Cannot calculate unrealized PnL for P-20240414-063520-001-140736707735688-1, no quotes for BTCUSDT-PERP.BINANCE[0m
[1m2024-04-14T07:17:59.999000000Z[0m [1;33m[WARN] TRADER-001.nautilus_common::cache: Cannot calculate unrealized PnL for P-20240414-063520-001-140736707735688-1, no quotes for BTCUSDT-PERP.BINANCE[0m
[1m2024-04-14T07:18:00.000000000Z[0m [1;33m[WARN] TRADER-001.nautilus_common::cache: Cannot calculate unrealized PnL for P-20240414-063520-001-140736707735688-1, no quotes for BTCUSDT-PERP.BINANCE[0m
[1m2024-04-14T07:18:10.000000000Z[0m [1;33m[WARN] TRADER-001.nautilus_common::cache: Cannot calculate unrealized PnL for P-20240414-063520-001-140736707735688-1, no quotes for BTCUSDT-PERP.BINANCE[0m
[1m2024-04-14T07:18:20.000000000Z[0m [1;33m[WARN] TRADER-001.nautilus_common::cache: Cannot calculate unrealized PnL for P-20240414-063520-001-140736707735688-1, no quotes for BTCUSDT-PERP.BINANCE[0m
[1m2024-04-14T07:18:30.000000000Z[0m [1;33m[WARN] TRADER-001.nautilus_common::cache: Cannot calculate unrealized PnL for P-20240414-063520-001-140736707735688-1, no quotes for BTCUSDT-PERP.BINANCE[0m
[1m2024-04-14T07:18:40.000000000Z[0m [1;33m[WARN] TRADER-001.nautilus_common::cache: Cannot calculate unrealized PnL for P-20240414-063520-001-140736707735688-1, no quotes for BTCUSDT-PERP.BINANCE[0m
[1m2024-04-14T07:18:50.000000000Z[0m [1;33m[WARN] TRADER-001.nautilus_common::cache: Cannot calculate unrealized PnL for P-20240414-063520-001-140736707735688-1, no quotes for BTCUSDT-PERP.BINANCE[0m
[1m2024-04-14T07:18:59.999000000Z[0m [1;33m[WARN] TRADER-001.nautilus_common::cache: Cannot calculate unrealized PnL for P-20240414-063520-001-140736707735688-1, no quotes for BTCUSDT-PERP.BINANCE[0m
[1m2024-04-14T07:19:00.000000000Z[0m [1;33m[WARN] TRADER-001.nautilus_common::cache: Cannot calculate unrealized PnL for P-20240414-063520-001-140736707735688-1, no quotes for BTCUSDT-PERP.BINANCE[0m
[1m2024-04-14T07:19:10.000000000Z[0m [1;33m[WARN] TRADER-001.nautilus_common::cache: Cannot calculate unrealized PnL for P-20240414-063520-001-140736707735688-1, no quotes for BTCUSDT-PERP.BINANCE[0m
[1m2024-04-14T07:19:20.000000000Z[0m [1;33m[WARN] TRADER-001.nautilus_common::cache: Cannot calculate unrealized PnL for P-20240414-063520-001-140736707735688-1, no quotes for BTCUSDT-PERP.BINANCE[0m
[1m2024-04-14T07:19:30.000000000Z[0m [1;33m[WARN] TRADER-001.nautilus_common::cache: Cannot calculate unrealized PnL for P-20240414-063520-001-140736707735688-1, no quotes for BTCUSDT-PERP.BINANCE[0m
[1m2024-04-14T07:19:40.000000000Z[0m [1;33m[WARN] TRADER-001.nautilus_common::cache: Cannot calculate unrealized PnL for P-20240414-063520-001-140736707735688-1, no quotes for BTCUSDT-PERP.BINANCE[0m
[1m2024-04-14T07:19:50.000000000Z[0m [1;33m[WARN] TRADER-001.nautilus_common::cache: Cannot calculate unrealized PnL for P-20240414-063520-001-140736707735688-1, no quotes for BTCUSDT-PERP.BINANCE[0m
[1m2024-04-14T07:19:59.999000000Z[0m [1;33m[WARN] TRADER-001.nautilus_common::cache: Cannot calculate unrealized PnL for P-20240414-063520-001-140736707735688-1, no quotes for BTCUSDT-PERP.BINANCE[0m
[1m2024-04-14T07:20:00.000000000Z[0m [1;33m[WARN] TRADER-001.nautilus_common::cache: Cannot calculate unrealized PnL for P-20240414-063520-001-140736707735688-1, no quotes for BTCUSDT-PERP.BINANCE[0m
[1m2024-04-14T07:20:10.000000000Z[0m [1;33m[WARN] TRADER-001.nautilus_common::cache: Cannot calculate unrealized PnL for P-20240414-063520-001-140736707735688-1, no quotes for BTCUSDT-PERP.BINANCE[0m
[1m2024-04-14T07:20:20.000000000Z[0m [1;33m[WARN] TRADER-001.nautilus_common::cache: Cannot calculate unrealized PnL for P-20240414-063520-001-140736707735688-1, no quotes for BTCUSDT-PERP.BINANCE[0m
[1m2024-04-14T07:20:30.000000000Z[0m [1;33m[WARN] TRADER-001.nautilus_common::cache: Cannot calculate unrealized PnL for P-20240414-063520-001-140736707735688-1, no quotes for BTCUSDT-PERP.BINANCE[0m
[1m2024-04-14T07:20:40.000000000Z[0m [1;33m[WARN] TRADER-001.nautilus_common::cache: Cannot calculate unrealized PnL for P-20240414-063520-001-140736707735688-1, no quotes for BTCUSDT-PERP.BINANCE[0m
[1m2024-04-14T07:20:50.000000000Z[0m [1;33m[WARN] TRADER-001.nautilus_common::cache: Cannot calculate unrealized PnL for P-20240414-063520-001-140736707735688-1, no quotes for BTCUSDT-PERP.BINANCE[0m
[1m2024-04-14T07:20:59.999000000Z[0m [1;33m[WARN] TRADER-001.nautilus_common::cache: Cannot calculate unrealized PnL for P-20240414-063520-001-140736707735688-1, no quotes for BTCUSDT-PERP.BINANCE[0m
[1m2024-04-14T07:21:00.000000000Z[0m [1;33m[WARN] TRADER-001.nautilus_common::cache: Cannot calculate unrealized PnL for P-20240414-063520-001-140736707735688-1, no quotes for BTCUSDT-PERP.BINANCE[0m
[1m2024-04-14T07:21:10.000000000Z[0m [1;33m[WARN] TRADER-001.nautilus_common::cache: Cannot calculate unrealized PnL for P-20240414-063520-001-140736707735688-1, no quotes for BTCUSDT-PERP.BINANCE[0m
[1m2024-04-14T07:21:20.000000000Z[0m [1;33m[WARN] TRADER-001.nautilus_common::cache: Cannot calculate unrealized PnL for P-20240414-063520-001-140736707735688-1, no quotes for BTCUSDT-PERP.BINANCE[0m
[1m2024-04-14T07:21:30.000000000Z[0m [1;33m[WARN] TRADER-001.nautilus_common::cache: Cannot calculate unrealized PnL for P-20240414-063520-001-140736707735688-1, no quotes for BTCUSDT-PERP.BINANCE[0m
[1m2024-04-14T07:21:40.000000000Z[0m [1;33m[WARN] TRADER-001.nautilus_common::cache: Cannot calculate unrealized PnL for P-20240414-063520-001-140736707735688-1, no quotes for BTCUSDT-PERP.BINANCE[0m
[1m2024-04-14T07:21:50.000000000Z[0m [1;33m[WARN] TRADER-001.nautilus_common::cache: Cannot calculate unrealized PnL for P-20240414-063520-001-140736707735688-1, no quotes for BTCUSDT-PERP.BINANCE[0m
[1m2024-04-14T07:21:59.999000000Z[0m [1;33m[WARN] TRADER-001.nautilus_common::cache: Cannot calculate unrealized PnL for P-20240414-063520-001-140736707735688-1, no quotes for BTCUSDT-PERP.BINANCE[0m
[1m2024-04-14T07:22:00.000000000Z[0m [1;33m[WARN] TRADER-001.nautilus_common::cache: Cannot calculate unrealized PnL for P-20240414-063520-001-140736707735688-1, no quotes for BTCUSDT-PERP.BINANCE[0m
[1m2024-04-14T07:22:10.000000000Z[0m [1;33m[WARN] TRADER-001.nautilus_common::cache: Cannot calculate unrealized PnL for P-20240414-063520-001-140736707735688-1, no quotes for BTCUSDT-PERP.BINANCE[0m
[1m2024-04-14T07:22:20.000000000Z[0m [1;33m[WARN] TRADER-001.nautilus_common::cache: Cannot calculate unrealized PnL for P-20240414-063520-001-140736707735688-1, no quotes for BTCUSDT-PERP.BINANCE[0m
[1m2024-04-14T07:22:30.000000000Z[0m [1;33m[WARN] TRADER-001.nautilus_common::cache: Cannot calculate unrealized PnL for P-20240414-063520-001-140736707735688-1, no quotes for BTCUSDT-PERP.BINANCE[0m
[1m2024-04-14T07:22:40.000000000Z[0m [1;33m[WARN] TRADER-001.nautilus_common::cache: Cannot calculate unrealized PnL for P-20240414-063520-001-140736707735688-1, no quotes for BTCUSDT-PERP.BINANCE[0m
[1m2024-04-14T07:22:50.000000000Z[0m [1;33m[WARN] TRADER-001.nautilus_common::cache: Cannot calculate unrealized PnL for P-20240414-063520-001-140736707735688-1, no quotes for BTCUSDT-PERP.BINANCE[0m
[1m2024-04-14T07:22:59.999000000Z[0m [1;33m[WARN] TRADER-001.nautilus_common::cache: Cannot calculate unrealized PnL for P-20240414-063520-001-140736707735688-1, no quotes for BTCUSDT-PERP.BINANCE[0m
[1m2024-04-14T07:23:00.000000000Z[0m [1;33m[WARN] TRADER-001.nautilus_common::cache: Cannot calculate unrealized PnL for P-20240414-063520-001-140736707735688-1, no quotes for BTCUSDT-PERP.BINANCE[0m
[1m2024-04-14T07:23:10.000000000Z[0m [1;33m[WARN] TRADER-001.nautilus_common::cache: Cannot calculate unrealized PnL for P-20240414-063520-001-140736707735688-1, no quotes for BTCUSDT-PERP.BINANCE[0m
[1m2024-04-14T07:23:20.000000000Z[0m [1;33m[WARN] TRADER-001.nautilus_common::cache: Cannot calculate unrealized PnL for P-20240414-063520-001-140736707735688-1, no quotes for BTCUSDT-PERP.BINANCE[0m
[1m2024-04-14T07:23:30.000000000Z[0m [1;33m[WARN] TRADER-001.nautilus_common::cache: Cannot calculate unrealized PnL for P-20240414-063520-001-140736707735688-1, no quotes for BTCUSDT-PERP.BINANCE[0m
[1m2024-04-14T07:23:40.000000000Z[0m [1;33m[WARN] TRADER-001.nautilus_common::cache: Cannot calculate unrealized PnL for P-20240414-063520-001-140736707735688-1, no quotes for BTCUSDT-PERP.BINANCE[0m
[1m2024-04-14T07:23:50.000000000Z[0m [1;33m[WARN] TRADER-001.nautilus_common::cache: Cannot calculate unrealized PnL for P-20240414-063520-001-140736707735688-1, no quotes for BTCUSDT-PERP.BINANCE[0m
[1m2024-04-14T07:23:59.999000000Z[0m [1;33m[WARN] TRADER-001.nautilus_common::cache: Cannot calculate unrealized PnL for P-20240414-063520-001-140736707735688-1, no quotes for BTCUSDT-PERP.BINANCE[0m
[1m2024-04-14T07:24:00.000000000Z[0m [1;33m[WARN] TRADER-001.nautilus_common::cache: Cannot calculate unrealized PnL for P-20240414-063520-001-140736707735688-1, no quotes for BTCUSDT-PERP.BINANCE[0m
[1m2024-04-14T07:24:10.000000000Z[0m [1;33m[WARN] TRADER-001.nautilus_common::cache: Cannot calculate unrealized PnL for P-20240414-063520-001-140736707735688-1, no quotes for BTCUSDT-PERP.BINANCE[0m
[1m2024-04-14T07:24:20.000000000Z[0m [1;33m[WARN] TRADER-001.nautilus_common::cache: Cannot calculate unrealized PnL for P-20240414-063520-001-140736707735688-1, no quotes for BTCUSDT-PERP.BINANCE[0m
[1m2024-04-14T07:24:30.000000000Z[0m [1;33m[WARN] TRADER-001.nautilus_common::cache: Cannot calculate unrealized PnL for P-20240414-063520-001-140736707735688-1, no quotes for BTCUSDT-PERP.BINANCE[0m
[1m2024-04-14T07:24:40.000000000Z[0m [1;33m[WARN] TRADER-001.nautilus_common::cache: Cannot calculate unrealized PnL for P-20240414-063520-001-140736707735688-1, no quotes for BTCUSDT-PERP.BINANCE[0m
[1m2024-04-14T07:24:50.000000000Z[0m [1;33m[WARN] TRADER-001.nautilus_common::cache: Cannot calculate unrealized PnL for P-20240414-063520-001-140736707735688-1, no quotes for BTCUSDT-PERP.BINANCE[0m
[1m2024-04-14T07:24:59.999000000Z[0m [1;33m[WARN] TRADER-001.nautilus_common::cache: Cannot calculate unrealized PnL for P-20240414-063520-001-140736707735688-1, no quotes for BTCUSDT-PERP.BINANCE[0m
[1m2024-04-14T07:25:00.000000000Z[0m [1;33m[WARN] TRADER-001.nautilus_common::cache: Cannot calculate unrealized PnL for P-20240414-063520-001-140736707735688-1, no quotes for BTCUSDT-PERP.BINANCE[0m
[1m2024-04-14T07:25:10.000000000Z[0m [1;33m[WARN] TRADER-001.nautilus_common::cache: Cannot calculate unrealized PnL for P-20240414-063520-001-140736707735688-1, no quotes for BTCUSDT-PERP.BINANCE[0m
[1m2024-04-14T07:25:20.000000000Z[0m [1;33m[WARN] TRADER-001.nautilus_common::cache: Cannot calculate unrealized PnL for P-20240414-063520-001-140736707735688-1, no quotes for BTCUSDT-PERP.BINANCE[0m
[1m2024-04-14T07:25:30.000000000Z[0m [1;33m[WARN] TRADER-001.nautilus_common::cache: Cannot calculate unrealized PnL for P-20240414-063520-001-140736707735688-1, no quotes for BTCUSDT-PERP.BINANCE[0m
[1m2024-04-14T07:25:40.000000000Z[0m [1;33m[WARN] TRADER-001.nautilus_common::cache: Cannot calculate unrealized PnL for P-20240414-063520-001-140736707735688-1, no quotes for BTCUSDT-PERP.BINANCE[0m
[1m2024-04-14T07:25:50.000000000Z[0m [1;33m[WARN] TRADER-001.nautilus_common::cache: Cannot calculate unrealized PnL for P-20240414-063520-001-140736707735688-1, no quotes for BTCUSDT-PERP.BINANCE[0m
[1m2024-04-14T07:25:59.999000000Z[0m [1;33m[WARN] TRADER-001.nautilus_common::cache: Cannot calculate unrealized PnL for P-20240414-063520-001-140736707735688-1, no quotes for BTCUSDT-PERP.BINANCE[0m
[1m2024-04-14T07:26:00.000000000Z[0m [1;33m[WARN] TRADER-001.nautilus_common::cache: Cannot calculate unrealized PnL for P-20240414-063520-001-140736707735688-1, no quotes for BTCUSDT-PERP.BINANCE[0m
[1m2024-04-14T07:26:10.000000000Z[0m [1;33m[WARN] TRADER-001.nautilus_common::cache: Cannot calculate unrealized PnL for P-20240414-063520-001-140736707735688-1, no quotes for BTCUSDT-PERP.BINANCE[0m
[1m2024-04-14T07:26:20.000000000Z[0m [1;33m[WARN] TRADER-001.nautilus_common::cache: Cannot calculate unrealized PnL for P-20240414-063520-001-140736707735688-1, no quotes for BTCUSDT-PERP.BINANCE[0m
[1m2024-04-14T07:26:30.000000000Z[0m [1;33m[WARN] TRADER-001.nautilus_common::cache: Cannot calculate unrealized PnL for P-20240414-063520-001-140736707735688-1, no quotes for BTCUSDT-PERP.BINANCE[0m
[1m2024-04-14T07:26:40.000000000Z[0m [1;33m[WARN] TRADER-001.nautilus_common::cache: Cannot calculate unrealized PnL for P-20240414-063520-001-140736707735688-1, no quotes for BTCUSDT-PERP.BINANCE[0m
[1m2024-04-14T07:26:50.000000000Z[0m [1;33m[WARN] TRADER-001.nautilus_common::cache: Cannot calculate unrealized PnL for P-20240414-063520-001-140736707735688-1, no quotes for BTCUSDT-PERP.BINANCE[0m
[1m2024-04-14T07:26:59.999000000Z[0m [1;33m[WARN] TRADER-001.nautilus_common::cache: Cannot calculate unrealized PnL for P-20240414-063520-001-140736707735688-1, no quotes for BTCUSDT-PERP.BINANCE[0m
[1m2024-04-14T07:27:00.000000000Z[0m [1;33m[WARN] TRADER-001.nautilus_common::cache: Cannot calculate unrealized PnL for P-20240414-063520-001-140736707735688-1, no quotes for BTCUSDT-PERP.BINANCE[0m
[1m2024-04-14T07:27:10.000000000Z[0m [1;33m[WARN] TRADER-001.nautilus_common::cache: Cannot calculate unrealized PnL for P-20240414-063520-001-140736707735688-1, no quotes for BTCUSDT-PERP.BINANCE[0m
[1m2024-04-14T07:27:20.000000000Z[0m [1;33m[WARN] TRADER-001.nautilus_common::cache: Cannot calculate unrealized PnL for P-20240414-063520-001-140736707735688-1, no quotes for BTCUSDT-PERP.BINANCE[0m
[1m2024-04-14T07:27:30.000000000Z[0m [1;33m[WARN] TRADER-001.nautilus_common::cache: Cannot calculate unrealized PnL for P-20240414-063520-001-140736707735688-1, no quotes for BTCUSDT-PERP.BINANCE[0m
[1m2024-04-14T07:27:40.000000000Z[0m [1;33m[WARN] TRADER-001.nautilus_common::cache: Cannot calculate unrealized PnL for P-20240414-063520-001-140736707735688-1, no quotes for BTCUSDT-PERP.BINANCE[0m
[1m2024-04-14T07:27:50.000000000Z[0m [1;33m[WARN] TRADER-001.nautilus_common::cache: Cannot calculate unrealized PnL for P-20240414-063520-001-140736707735688-1, no quotes for BTCUSDT-PERP.BINANCE[0m
[1m2024-04-14T07:27:59.999000000Z[0m [1;33m[WARN] TRADER-001.nautilus_common::cache: Cannot calculate unrealized PnL for P-20240414-063520-001-140736707735688-1, no quotes for BTCUSDT-PERP.BINANCE[0m
[1m2024-04-14T07:28:00.000000000Z[0m [1;33m[WARN] TRADER-001.nautilus_common::cache: Cannot calculate unrealized PnL for P-20240414-063520-001-140736707735688-1, no quotes for BTCUSDT-PERP.BINANCE[0m
[1m2024-04-14T07:28:10.000000000Z[0m [1;33m[WARN] TRADER-001.nautilus_common::cache: Cannot calculate unrealized PnL for P-20240414-063520-001-140736707735688-1, no quotes for BTCUSDT-PERP.BINANCE[0m
[1m2024-04-14T07:28:20.000000000Z[0m [1;33m[WARN] TRADER-001.nautilus_common::cache: Cannot calculate unrealized PnL for P-20240414-063520-001-140736707735688-1, no quotes for BTCUSDT-PERP.BINANCE[0m
[1m2024-04-14T07:28:30.000000000Z[0m [1;33m[WARN] TRADER-001.nautilus_common::cache: Cannot calculate unrealized PnL for P-20240414-063520-001-140736707735688-1, no quotes for BTCUSDT-PERP.BINANCE[0m
[1m2024-04-14T07:28:40.000000000Z[0m [1;33m[WARN] TRADER-001.nautilus_common::cache: Cannot calculate unrealized PnL for P-20240414-063520-001-140736707735688-1, no quotes for BTCUSDT-PERP.BINANCE[0m
[1m2024-04-14T07:28:50.000000000Z[0m [1;33m[WARN] TRADER-001.nautilus_common::cache: Cannot calculate unrealized PnL for P-20240414-063520-001-140736707735688-1, no quotes for BTCUSDT-PERP.BINANCE[0m
[1m2024-04-14T07:28:59.999000000Z[0m [1;33m[WARN] TRADER-001.nautilus_common::cache: Cannot calculate unrealized PnL for P-20240414-063520-001-140736707735688-1, no quotes for BTCUSDT-PERP.BINANCE[0m
[1m2024-04-14T07:29:00.000000000Z[0m [1;33m[WARN] TRADER-001.nautilus_common::cache: Cannot calculate unrealized PnL for P-20240414-063520-001-140736707735688-1, no quotes for BTCUSDT-PERP.BINANCE[0m
[1m2024-04-14T07:29:10.000000000Z[0m [1;33m[WARN] TRADER-001.nautilus_common::cache: Cannot calculate unrealized PnL for P-20240414-063520-001-140736707735688-1, no quotes for BTCUSDT-PERP.BINANCE[0m
[1m2024-04-14T07:29:20.000000000Z[0m [1;33m[WARN] TRADER-001.nautilus_common::cache: Cannot calculate unrealized PnL for P-20240414-063520-001-140736707735688-1, no quotes for BTCUSDT-PERP.BINANCE[0m
[1m2024-04-14T07:29:30.000000000Z[0m [1;33m[WARN] TRADER-001.nautilus_common::cache: Cannot calculate unrealized PnL for P-20240414-063520-001-140736707735688-1, no quotes for BTCUSDT-PERP.BINANCE[0m
[1m2024-04-14T07:29:40.000000000Z[0m [1;33m[WARN] TRADER-001.nautilus_common::cache: Cannot calculate unrealized PnL for P-20240414-063520-001-140736707735688-1, no quotes for BTCUSDT-PERP.BINANCE[0m
[1m2024-04-14T07:29:50.000000000Z[0m [1;33m[WARN] TRADER-001.nautilus_common::cache: Cannot calculate unrealized PnL for P-20240414-063520-001-140736707735688-1, no quotes for BTCUSDT-PERP.BINANCE[0m
[1m2024-04-14T07:29:59.999000000Z[0m [1;33m[WARN] TRADER-001.nautilus_common::cache: Cannot calculate unrealized PnL for P-20240414-063520-001-140736707735688-1, no quotes for BTCUSDT-PERP.BINANCE[0m
[1m2024-04-14T07:30:00.000000000Z[0m [1;33m[WARN] TRADER-001.nautilus_common::cache: Cannot calculate unrealized PnL for P-20240414-063520-001-140736707735688-1, no quotes for BTCUSDT-PERP.BINANCE[0m
[1m2024-04-14T07:30:10.000000000Z[0m [1;33m[WARN] TRADER-001.nautilus_common::cache: Cannot calculate unrealized PnL for P-20240414-063520-001-140736707735688-1, no quotes for BTCUSDT-PERP.BINANCE[0m
[1m2024-04-14T07:30:20.000000000Z[0m [1;33m[WARN] TRADER-001.nautilus_common::cache: Cannot calculate unrealized PnL for P-20240414-063520-001-140736707735688-1, no quotes for BTCUSDT-PERP.BINANCE[0m
[1m2024-04-14T07:30:30.000000000Z[0m [1;33m[WARN] TRADER-001.nautilus_common::cache: Cannot calculate unrealized PnL for P-20240414-063520-001-140736707735688-1, no quotes for BTCUSDT-PERP.BINANCE[0m
[1m2024-04-14T07:30:40.000000000Z[0m [1;33m[WARN] TRADER-001.nautilus_common::cache: Cannot calculate unrealized PnL for P-20240414-063520-001-140736707735688-1, no quotes for BTCUSDT-PERP.BINANCE[0m
[1m2024-04-14T07:30:50.000000000Z[0m [1;33m[WARN] TRADER-001.nautilus_common::cache: Cannot calculate unrealized PnL for P-20240414-063520-001-140736707735688-1, no quotes for BTCUSDT-PERP.BINANCE[0m
[1m2024-04-14T07:30:59.999000000Z[0m [1;33m[WARN] TRADER-001.nautilus_common::cache: Cannot calculate unrealized PnL for P-20240414-063520-001-140736707735688-1, no quotes for BTCUSDT-PERP.BINANCE[0m
[1m2024-04-14T07:31:00.000000000Z[0m [1;33m[WARN] TRADER-001.nautilus_common::cache: Cannot calculate unrealized PnL for P-20240414-063520-001-140736707735688-1, no quotes for BTCUSDT-PERP.BINANCE[0m
[1m2024-04-14T07:31:10.000000000Z[0m [1;33m[WARN] TRADER-001.nautilus_common::cache: Cannot calculate unrealized PnL for P-20240414-063520-001-140736707735688-1, no quotes for BTCUSDT-PERP.BINANCE[0m
[1m2024-04-14T07:31:20.000000000Z[0m [1;33m[WARN] TRADER-001.nautilus_common::cache: Cannot calculate unrealized PnL for P-20240414-063520-001-140736707735688-1, no quotes for BTCUSDT-PERP.BINANCE[0m
[1m2024-04-14T07:31:30.000000000Z[0m [1;33m[WARN] TRADER-001.nautilus_common::cache: Cannot calculate unrealized PnL for P-20240414-063520-001-140736707735688-1, no quotes for BTCUSDT-PERP.BINANCE[0m
[1m2024-04-14T07:31:40.000000000Z[0m [1;33m[WARN] TRADER-001.nautilus_common::cache: Cannot calculate unrealized PnL for P-20240414-063520-001-140736707735688-1, no quotes for BTCUSDT-PERP.BINANCE[0m
[1m2024-04-14T07:31:50.000000000Z[0m [1;33m[WARN] TRADER-001.nautilus_common::cache: Cannot calculate unrealized PnL for P-20240414-063520-001-140736707735688-1, no quotes for BTCUSDT-PERP.BINANCE[0m
[1m2024-04-14T07:31:59.999000000Z[0m [1;33m[WARN] TRADER-001.nautilus_common::cache: Cannot calculate unrealized PnL for P-20240414-063520-001-140736707735688-1, no quotes for BTCUSDT-PERP.BINANCE[0m
[1m2024-04-14T07:32:00.000000000Z[0m [1;33m[WARN] TRADER-001.nautilus_common::cache: Cannot calculate unrealized PnL for P-20240414-063520-001-140736707735688-1, no quotes for BTCUSDT-PERP.BINANCE[0m
[1m2024-04-14T07:32:10.000000000Z[0m [1;33m[WARN] TRADER-001.nautilus_common::cache: Cannot calculate unrealized PnL for P-20240414-063520-001-140736707735688-1, no quotes for BTCUSDT-PERP.BINANCE[0m
[1m2024-04-14T07:32:20.000000000Z[0m [1;33m[WARN] TRADER-001.nautilus_common::cache: Cannot calculate unrealized PnL for P-20240414-063520-001-140736707735688-1, no quotes for BTCUSDT-PERP.BINANCE[0m
[1m2024-04-14T07:32:30.000000000Z[0m [1;33m[WARN] TRADER-001.nautilus_common::cache: Cannot calculate unrealized PnL for P-20240414-063520-001-140736707735688-1, no quotes for BTCUSDT-PERP.BINANCE[0m
[1m2024-04-14T07:32:40.000000000Z[0m [1;33m[WARN] TRADER-001.nautilus_common::cache: Cannot calculate unrealized PnL for P-20240414-063520-001-140736707735688-1, no quotes for BTCUSDT-PERP.BINANCE[0m
[1m2024-04-14T07:32:50.000000000Z[0m [1;33m[WARN] TRADER-001.nautilus_common::cache: Cannot calculate unrealized PnL for P-20240414-063520-001-140736707735688-1, no quotes for BTCUSDT-PERP.BINANCE[0m
[1m2024-04-14T07:32:59.999000000Z[0m [1;33m[WARN] TRADER-001.nautilus_common::cache: Cannot calculate unrealized PnL for P-20240414-063520-001-140736707735688-1, no quotes for BTCUSDT-PERP.BINANCE[0m
[1m2024-04-14T07:33:00.000000000Z[0m [1;33m[WARN] TRADER-001.nautilus_common::cache: Cannot calculate unrealized PnL for P-20240414-063520-001-140736707735688-1, no quotes for BTCUSDT-PERP.BINANCE[0m
[1m2024-04-14T07:33:10.000000000Z[0m [1;33m[WARN] TRADER-001.nautilus_common::cache: Cannot calculate unrealized PnL for P-20240414-063520-001-140736707735688-1, no quotes for BTCUSDT-PERP.BINANCE[0m
[1m2024-04-14T07:33:20.000000000Z[0m [1;33m[WARN] TRADER-001.nautilus_common::cache: Cannot calculate unrealized PnL for P-20240414-063520-001-140736707735688-1, no quotes for BTCUSDT-PERP.BINANCE[0m
[1m2024-04-14T07:33:30.000000000Z[0m [1;33m[WARN] TRADER-001.nautilus_common::cache: Cannot calculate unrealized PnL for P-20240414-063520-001-140736707735688-1, no quotes for BTCUSDT-PERP.BINANCE[0m
[1m2024-04-14T07:33:40.000000000Z[0m [1;33m[WARN] TRADER-001.nautilus_common::cache: Cannot calculate unrealized PnL for P-20240414-063520-001-140736707735688-1, no quotes for BTCUSDT-PERP.BINANCE[0m
[1m2024-04-14T07:33:50.000000000Z[0m [1;33m[WARN] TRADER-001.nautilus_common::cache: Cannot calculate unrealized PnL for P-20240414-063520-001-140736707735688-1, no quotes for BTCUSDT-PERP.BINANCE[0m
[1m2024-04-14T07:33:59.999000000Z[0m [1;33m[WARN] TRADER-001.nautilus_common::cache: Cannot calculate unrealized PnL for P-20240414-063520-001-140736707735688-1, no quotes for BTCUSDT-PERP.BINANCE[0m
[1m2024-04-14T07:34:00.000000000Z[0m [1;33m[WARN] TRADER-001.nautilus_common::cache: Cannot calculate unrealized PnL for P-20240414-063520-001-140736707735688-1, no quotes for BTCUSDT-PERP.BINANCE[0m
[1m2024-04-14T07:34:10.000000000Z[0m [1;33m[WARN] TRADER-001.nautilus_common::cache: Cannot calculate unrealized PnL for P-20240414-063520-001-140736707735688-1, no quotes for BTCUSDT-PERP.BINANCE[0m
[1m2024-04-14T07:34:20.000000000Z[0m [1;33m[WARN] TRADER-001.nautilus_common::cache: Cannot calculate unrealized PnL for P-20240414-063520-001-140736707735688-1, no quotes for BTCUSDT-PERP.BINANCE[0m
[1m2024-04-14T07:34:30.000000000Z[0m [1;33m[WARN] TRADER-001.nautilus_common::cache: Cannot calculate unrealized PnL for P-20240414-063520-001-140736707735688-1, no quotes for BTCUSDT-PERP.BINANCE[0m
[1m2024-04-14T07:34:40.000000000Z[0m [1;33m[WARN] TRADER-001.nautilus_common::cache: Cannot calculate unrealized PnL for P-20240414-063520-001-140736707735688-1, no quotes for BTCUSDT-PERP.BINANCE[0m
[1m2024-04-14T07:34:50.000000000Z[0m [1;33m[WARN] TRADER-001.nautilus_common::cache: Cannot calculate unrealized PnL for P-20240414-063520-001-140736707735688-1, no quotes for BTCUSDT-PERP.BINANCE[0m
[1m2024-04-14T07:34:59.999000000Z[0m [1;33m[WARN] TRADER-001.nautilus_common::cache: Cannot calculate unrealized PnL for P-20240414-063520-001-140736707735688-1, no quotes for BTCUSDT-PERP.BINANCE[0m
[1m2024-04-14T07:35:00.000000000Z[0m [1;33m[WARN] TRADER-001.nautilus_common::cache: Cannot calculate unrealized PnL for P-20240414-063520-001-140736707735688-1, no quotes for BTCUSDT-PERP.BINANCE[0m
[1m2024-04-14T07:35:10.000000000Z[0m [1;33m[WARN] TRADER-001.nautilus_common::cache: Cannot calculate unrealized PnL for P-20240414-063520-001-140736707735688-1, no quotes for BTCUSDT-PERP.BINANCE[0m
[1m2024-04-14T07:35:20.000000000Z[0m [1;33m[WARN] TRADER-001.nautilus_common::cache: Cannot calculate unrealized PnL for P-20240414-063520-001-140736707735688-1, no quotes for BTCUSDT-PERP.BINANCE[0m
[1m2024-04-14T07:35:30.000000000Z[0m [1;33m[WARN] TRADER-001.nautilus_common::cache: Cannot calculate unrealized PnL for P-20240414-063520-001-140736707735688-1, no quotes for BTCUSDT-PERP.BINANCE[0m
[1m2024-04-14T07:35:40.000000000Z[0m [1;33m[WARN] TRADER-001.nautilus_common::cache: Cannot calculate unrealized PnL for P-20240414-063520-001-140736707735688-1, no quotes for BTCUSDT-PERP.BINANCE[0m
[1m2024-04-14T07:35:50.000000000Z[0m [1;33m[WARN] TRADER-001.nautilus_common::cache: Cannot calculate unrealized PnL for P-20240414-063520-001-140736707735688-1, no quotes for BTCUSDT-PERP.BINANCE[0m
[1m2024-04-14T07:35:59.999000000Z[0m [1;33m[WARN] TRADER-001.nautilus_common::cache: Cannot calculate unrealized PnL for P-20240414-063520-001-140736707735688-1, no quotes for BTCUSDT-PERP.BINANCE[0m
[1m2024-04-14T07:36:00.000000000Z[0m [1;33m[WARN] TRADER-001.nautilus_common::cache: Cannot calculate unrealized PnL for P-20240414-063520-001-140736707735688-1, no quotes for BTCUSDT-PERP.BINANCE[0m
[1m2024-04-14T07:36:10.000000000Z[0m [1;33m[WARN] TRADER-001.nautilus_common::cache: Cannot calculate unrealized PnL for P-20240414-063520-001-140736707735688-1, no quotes for BTCUSDT-PERP.BINANCE[0m
[1m2024-04-14T07:36:20.000000000Z[0m [1;33m[WARN] TRADER-001.nautilus_common::cache: Cannot calculate unrealized PnL for P-20240414-063520-001-140736707735688-1, no quotes for BTCUSDT-PERP.BINANCE[0m
[1m2024-04-14T07:36:30.000000000Z[0m [1;33m[WARN] TRADER-001.nautilus_common::cache: Cannot calculate unrealized PnL for P-20240414-063520-001-140736707735688-1, no quotes for BTCUSDT-PERP.BINANCE[0m
[1m2024-04-14T07:36:40.000000000Z[0m [1;33m[WARN] TRADER-001.nautilus_common::cache: Cannot calculate unrealized PnL for P-20240414-063520-001-140736707735688-1, no quotes for BTCUSDT-PERP.BINANCE[0m
[1m2024-04-14T07:36:50.000000000Z[0m [1;33m[WARN] TRADER-001.nautilus_common::cache: Cannot calculate unrealized PnL for P-20240414-063520-001-140736707735688-1, no quotes for BTCUSDT-PERP.BINANCE[0m
[1m2024-04-14T07:36:59.999000000Z[0m [1;33m[WARN] TRADER-001.nautilus_common::cache: Cannot calculate unrealized PnL for P-20240414-063520-001-140736707735688-1, no quotes for BTCUSDT-PERP.BINANCE[0m
[1m2024-04-14T07:37:00.000000000Z[0m [1;33m[WARN] TRADER-001.nautilus_common::cache: Cannot calculate unrealized PnL for P-20240414-063520-001-140736707735688-1, no quotes for BTCUSDT-PERP.BINANCE[0m
[1m2024-04-14T07:37:10.000000000Z[0m [1;33m[WARN] TRADER-001.nautilus_common::cache: Cannot calculate unrealized PnL for P-20240414-063520-001-140736707735688-1, no quotes for BTCUSDT-PERP.BINANCE[0m
[1m2024-04-14T07:37:20.000000000Z[0m [1;33m[WARN] TRADER-001.nautilus_common::cache: Cannot calculate unrealized PnL for P-20240414-063520-001-140736707735688-1, no quotes for BTCUSDT-PERP.BINANCE[0m
[1m2024-04-14T07:37:30.000000000Z[0m [1;33m[WARN] TRADER-001.nautilus_common::cache: Cannot calculate unrealized PnL for P-20240414-063520-001-140736707735688-1, no quotes for BTCUSDT-PERP.BINANCE[0m
[1m2024-04-14T07:37:40.000000000Z[0m [1;33m[WARN] TRADER-001.nautilus_common::cache: Cannot calculate unrealized PnL for P-20240414-063520-001-140736707735688-1, no quotes for BTCUSDT-PERP.BINANCE[0m
[1m2024-04-14T07:37:50.000000000Z[0m [1;33m[WARN] TRADER-001.nautilus_common::cache: Cannot calculate unrealized PnL for P-20240414-063520-001-140736707735688-1, no quotes for BTCUSDT-PERP.BINANCE[0m
[1m2024-04-14T07:37:59.999000000Z[0m [1;33m[WARN] TRADER-001.nautilus_common::cache: Cannot calculate unrealized PnL for P-20240414-063520-001-140736707735688-1, no quotes for BTCUSDT-PERP.BINANCE[0m
[1m2024-04-14T07:38:00.000000000Z[0m [1;33m[WARN] TRADER-001.nautilus_common::cache: Cannot calculate unrealized PnL for P-20240414-063520-001-140736707735688-1, no quotes for BTCUSDT-PERP.BINANCE[0m
[1m2024-04-14T07:38:10.000000000Z[0m [1;33m[WARN] TRADER-001.nautilus_common::cache: Cannot calculate unrealized PnL for P-20240414-063520-001-140736707735688-1, no quotes for BTCUSDT-PERP.BINANCE[0m
[1m2024-04-14T07:38:20.000000000Z[0m [1;33m[WARN] TRADER-001.nautilus_common::cache: Cannot calculate unrealized PnL for P-20240414-063520-001-140736707735688-1, no quotes for BTCUSDT-PERP.BINANCE[0m
[1m2024-04-14T07:38:30.000000000Z[0m [1;33m[WARN] TRADER-001.nautilus_common::cache: Cannot calculate unrealized PnL for P-20240414-063520-001-140736707735688-1, no quotes for BTCUSDT-PERP.BINANCE[0m
[1m2024-04-14T07:38:40.000000000Z[0m [1;33m[WARN] TRADER-001.nautilus_common::cache: Cannot calculate unrealized PnL for P-20240414-063520-001-140736707735688-1, no quotes for BTCUSDT-PERP.BINANCE[0m
[1m2024-04-14T07:38:50.000000000Z[0m [1;33m[WARN] TRADER-001.nautilus_common::cache: Cannot calculate unrealized PnL for P-20240414-063520-001-140736707735688-1, no quotes for BTCUSDT-PERP.BINANCE[0m
[1m2024-04-14T07:38:59.999000000Z[0m [1;33m[WARN] TRADER-001.nautilus_common::cache: Cannot calculate unrealized PnL for P-20240414-063520-001-140736707735688-1, no quotes for BTCUSDT-PERP.BINANCE[0m
[1m2024-04-14T07:39:00.000000000Z[0m [1;33m[WARN] TRADER-001.nautilus_common::cache: Cannot calculate unrealized PnL for P-20240414-063520-001-140736707735688-1, no quotes for BTCUSDT-PERP.BINANCE[0m
[1m2024-04-14T07:39:10.000000000Z[0m [1;33m[WARN] TRADER-001.nautilus_common::cache: Cannot calculate unrealized PnL for P-20240414-063520-001-140736707735688-1, no quotes for BTCUSDT-PERP.BINANCE[0m
[1m2024-04-14T07:39:20.000000000Z[0m [1;33m[WARN] TRADER-001.nautilus_common::cache: Cannot calculate unrealized PnL for P-20240414-063520-001-140736707735688-1, no quotes for BTCUSDT-PERP.BINANCE[0m
[1m2024-04-14T07:39:30.000000000Z[0m [1;33m[WARN] TRADER-001.nautilus_common::cache: Cannot calculate unrealized PnL for P-20240414-063520-001-140736707735688-1, no quotes for BTCUSDT-PERP.BINANCE[0m
[1m2024-04-14T07:39:40.000000000Z[0m [1;33m[WARN] TRADER-001.nautilus_common::cache: Cannot calculate unrealized PnL for P-20240414-063520-001-140736707735688-1, no quotes for BTCUSDT-PERP.BINANCE[0m
[1m2024-04-14T07:39:50.000000000Z[0m [1;33m[WARN] TRADER-001.nautilus_common::cache: Cannot calculate unrealized PnL for P-20240414-063520-001-140736707735688-1, no quotes for BTCUSDT-PERP.BINANCE[0m
[1m2024-04-14T07:39:59.999000000Z[0m [1;33m[WARN] TRADER-001.nautilus_common::cache: Cannot calculate unrealized PnL for P-20240414-063520-001-140736707735688-1, no quotes for BTCUSDT-PERP.BINANCE[0m
[1m2024-04-14T07:40:00.000000000Z[0m [1;33m[WARN] TRADER-001.nautilus_common::cache: Cannot calculate unrealized PnL for P-20240414-063520-001-140736707735688-1, no quotes for BTCUSDT-PERP.BINANCE[0m
[1m2024-04-14T07:40:10.000000000Z[0m [1;33m[WARN] TRADER-001.nautilus_common::cache: Cannot calculate unrealized PnL for P-20240414-063520-001-140736707735688-1, no quotes for BTCUSDT-PERP.BINANCE[0m
[1m2024-04-14T07:40:20.000000000Z[0m [1;33m[WARN] TRADER-001.nautilus_common::cache: Cannot calculate unrealized PnL for P-20240414-063520-001-140736707735688-1, no quotes for BTCUSDT-PERP.BINANCE[0m
[1m2024-04-14T07:40:30.000000000Z[0m [1;33m[WARN] TRADER-001.nautilus_common::cache: Cannot calculate unrealized PnL for P-20240414-063520-001-140736707735688-1, no quotes for BTCUSDT-PERP.BINANCE[0m
[1m2024-04-14T07:40:40.000000000Z[0m [1;33m[WARN] TRADER-001.nautilus_common::cache: Cannot calculate unrealized PnL for P-20240414-063520-001-140736707735688-1, no quotes for BTCUSDT-PERP.BINANCE[0m
[1m2024-04-14T07:40:50.000000000Z[0m [1;33m[WARN] TRADER-001.nautilus_common::cache: Cannot calculate unrealized PnL for P-20240414-063520-001-140736707735688-1, no quotes for BTCUSDT-PERP.BINANCE[0m
[1m2024-04-14T07:40:59.999000000Z[0m [1;33m[WARN] TRADER-001.nautilus_common::cache: Cannot calculate unrealized PnL for P-20240414-063520-001-140736707735688-1, no quotes for BTCUSDT-PERP.BINANCE[0m
[1m2024-04-14T07:41:00.000000000Z[0m [1;33m[WARN] TRADER-001.nautilus_common::cache: Cannot calculate unrealized PnL for P-20240414-063520-001-140736707735688-1, no quotes for BTCUSDT-PERP.BINANCE[0m
[1m2024-04-14T07:41:10.000000000Z[0m [1;33m[WARN] TRADER-001.nautilus_common::cache: Cannot calculate unrealized PnL for P-20240414-063520-001-140736707735688-1, no quotes for BTCUSDT-PERP.BINANCE[0m
[1m2024-04-14T07:41:20.000000000Z[0m [1;33m[WARN] TRADER-001.nautilus_common::cache: Cannot calculate unrealized PnL for P-20240414-063520-001-140736707735688-1, no quotes for BTCUSDT-PERP.BINANCE[0m
[1m2024-04-14T07:41:30.000000000Z[0m [1;33m[WARN] TRADER-001.nautilus_common::cache: Cannot calculate unrealized PnL for P-20240414-063520-001-140736707735688-1, no quotes for BTCUSDT-PERP.BINANCE[0m
[1m2024-04-14T07:41:40.000000000Z[0m [1;33m[WARN] TRADER-001.nautilus_common::cache: Cannot calculate unrealized PnL for P-20240414-063520-001-140736707735688-1, no quotes for BTCUSDT-PERP.BINANCE[0m
[1m2024-04-14T07:41:50.000000000Z[0m [1;33m[WARN] TRADER-001.nautilus_common::cache: Cannot calculate unrealized PnL for P-20240414-063520-001-140736707735688-1, no quotes for BTCUSDT-PERP.BINANCE[0m
[1m2024-04-14T07:41:59.999000000Z[0m [1;33m[WARN] TRADER-001.nautilus_common::cache: Cannot calculate unrealized PnL for P-20240414-063520-001-140736707735688-1, no quotes for BTCUSDT-PERP.BINANCE[0m
[1m2024-04-14T07:42:00.000000000Z[0m [1;33m[WARN] TRADER-001.nautilus_common::cache: Cannot calculate unrealized PnL for P-20240414-063520-001-140736707735688-1, no quotes for BTCUSDT-PERP.BINANCE[0m
[1m2024-04-14T07:42:10.000000000Z[0m [1;33m[WARN] TRADER-001.nautilus_common::cache: Cannot calculate unrealized PnL for P-20240414-063520-001-140736707735688-1, no quotes for BTCUSDT-PERP.BINANCE[0m
[1m2024-04-14T07:42:20.000000000Z[0m [1;33m[WARN] TRADER-001.nautilus_common::cache: Cannot calculate unrealized PnL for P-20240414-063520-001-140736707735688-1, no quotes for BTCUSDT-PERP.BINANCE[0m
[1m2024-04-14T07:42:30.000000000Z[0m [1;33m[WARN] TRADER-001.nautilus_common::cache: Cannot calculate unrealized PnL for P-20240414-063520-001-140736707735688-1, no quotes for BTCUSDT-PERP.BINANCE[0m
[1m2024-04-14T07:42:40.000000000Z[0m [1;33m[WARN] TRADER-001.nautilus_common::cache: Cannot calculate unrealized PnL for P-20240414-063520-001-140736707735688-1, no quotes for BTCUSDT-PERP.BINANCE[0m
[1m2024-04-14T07:42:50.000000000Z[0m [1;33m[WARN] TRADER-001.nautilus_common::cache: Cannot calculate unrealized PnL for P-20240414-063520-001-140736707735688-1, no quotes for BTCUSDT-PERP.BINANCE[0m
[1m2024-04-14T07:42:59.999000000Z[0m [1;33m[WARN] TRADER-001.nautilus_common::cache: Cannot calculate unrealized PnL for P-20240414-063520-001-140736707735688-1, no quotes for BTCUSDT-PERP.BINANCE[0m
[1m2024-04-14T07:43:00.000000000Z[0m [1;33m[WARN] TRADER-001.nautilus_common::cache: Cannot calculate unrealized PnL for P-20240414-063520-001-140736707735688-1, no quotes for BTCUSDT-PERP.BINANCE[0m
[1m2024-04-14T07:43:10.000000000Z[0m [1;33m[WARN] TRADER-001.nautilus_common::cache: Cannot calculate unrealized PnL for P-20240414-063520-001-140736707735688-1, no quotes for BTCUSDT-PERP.BINANCE[0m
[1m2024-04-14T07:43:20.000000000Z[0m [1;33m[WARN] TRADER-001.nautilus_common::cache: Cannot calculate unrealized PnL for P-20240414-063520-001-140736707735688-1, no quotes for BTCUSDT-PERP.BINANCE[0m
[1m2024-04-14T07:43:30.000000000Z[0m [1;33m[WARN] TRADER-001.nautilus_common::cache: Cannot calculate unrealized PnL for P-20240414-063520-001-140736707735688-1, no quotes for BTCUSDT-PERP.BINANCE[0m
[1m2024-04-14T07:43:40.000000000Z[0m [1;33m[WARN] TRADER-001.nautilus_common::cache: Cannot calculate unrealized PnL for P-20240414-063520-001-140736707735688-1, no quotes for BTCUSDT-PERP.BINANCE[0m
[1m2024-04-14T07:43:50.000000000Z[0m [1;33m[WARN] TRADER-001.nautilus_common::cache: Cannot calculate unrealized PnL for P-20240414-063520-001-140736707735688-1, no quotes for BTCUSDT-PERP.BINANCE[0m
[1m2024-04-14T07:43:59.999000000Z[0m [1;33m[WARN] TRADER-001.nautilus_common::cache: Cannot calculate unrealized PnL for P-20240414-063520-001-140736707735688-1, no quotes for BTCUSDT-PERP.BINANCE[0m
[1m2024-04-14T07:44:00.000000000Z[0m [1;33m[WARN] TRADER-001.nautilus_common::cache: Cannot calculate unrealized PnL for P-20240414-063520-001-140736707735688-1, no quotes for BTCUSDT-PERP.BINANCE[0m
[1m2024-04-14T07:44:10.000000000Z[0m [1;33m[WARN] TRADER-001.nautilus_common::cache: Cannot calculate unrealized PnL for P-20240414-063520-001-140736707735688-1, no quotes for BTCUSDT-PERP.BINANCE[0m
[1m2024-04-14T07:44:20.000000000Z[0m [1;33m[WARN] TRADER-001.nautilus_common::cache: Cannot calculate unrealized PnL for P-20240414-063520-001-140736707735688-1, no quotes for BTCUSDT-PERP.BINANCE[0m
[1m2024-04-14T07:44:30.000000000Z[0m [1;33m[WARN] TRADER-001.nautilus_common::cache: Cannot calculate unrealized PnL for P-20240414-063520-001-140736707735688-1, no quotes for BTCUSDT-PERP.BINANCE[0m
[1m2024-04-14T07:44:40.000000000Z[0m [1;33m[WARN] TRADER-001.nautilus_common::cache: Cannot calculate unrealized PnL for P-20240414-063520-001-140736707735688-1, no quotes for BTCUSDT-PERP.BINANCE[0m
[1m2024-04-14T07:44:50.000000000Z[0m [1;33m[WARN] TRADER-001.nautilus_common::cache: Cannot calculate unrealized PnL for P-20240414-063520-001-140736707735688-1, no quotes for BTCUSDT-PERP.BINANCE[0m
[1m2024-04-14T07:44:59.999000000Z[0m [1;33m[WARN] TRADER-001.nautilus_common::cache: Cannot calculate unrealized PnL for P-20240414-063520-001-140736707735688-1, no quotes for BTCUSDT-PERP.BINANCE[0m
[1m2024-04-14T07:45:00.000000000Z[0m [1;33m[WARN] TRADER-001.nautilus_common::cache: Cannot calculate unrealized PnL for P-20240414-063520-001-140736707735688-1, no quotes for BTCUSDT-PERP.BINANCE[0m
[1m2024-04-14T07:45:10.000000000Z[0m [1;33m[WARN] TRADER-001.nautilus_common::cache: Cannot calculate unrealized PnL for P-20240414-063520-001-140736707735688-1, no quotes for BTCUSDT-PERP.BINANCE[0m
[1m2024-04-14T07:45:20.000000000Z[0m [1;33m[WARN] TRADER-001.nautilus_common::cache: Cannot calculate unrealized PnL for P-20240414-063520-001-140736707735688-1, no quotes for BTCUSDT-PERP.BINANCE[0m
[1m2024-04-14T07:45:30.000000000Z[0m [1;33m[WARN] TRADER-001.nautilus_common::cache: Cannot calculate unrealized PnL for P-20240414-063520-001-140736707735688-1, no quotes for BTCUSDT-PERP.BINANCE[0m
[1m2024-04-14T07:45:40.000000000Z[0m [1;33m[WARN] TRADER-001.nautilus_common::cache: Cannot calculate unrealized PnL for P-20240414-063520-001-140736707735688-1, no quotes for BTCUSDT-PERP.BINANCE[0m
[1m2024-04-14T07:45:50.000000000Z[0m [1;33m[WARN] TRADER-001.nautilus_common::cache: Cannot calculate unrealized PnL for P-20240414-063520-001-140736707735688-1, no quotes for BTCUSDT-PERP.BINANCE[0m
[1m2024-04-14T07:45:59.999000000Z[0m [1;33m[WARN] TRADER-001.nautilus_common::cache: Cannot calculate unrealized PnL for P-20240414-063520-001-140736707735688-1, no quotes for BTCUSDT-PERP.BINANCE[0m
[1m2024-04-14T07:46:00.000000000Z[0m [1;33m[WARN] TRADER-001.nautilus_common::cache: Cannot calculate unrealized PnL for P-20240414-063520-001-140736707735688-1, no quotes for BTCUSDT-PERP.BINANCE[0m
[1m2024-04-14T07:46:10.000000000Z[0m [1;33m[WARN] TRADER-001.nautilus_common::cache: Cannot calculate unrealized PnL for P-20240414-063520-001-140736707735688-1, no quotes for BTCUSDT-PERP.BINANCE[0m
[1m2024-04-14T07:46:20.000000000Z[0m [1;33m[WARN] TRADER-001.nautilus_common::cache: Cannot calculate unrealized PnL for P-20240414-063520-001-140736707735688-1, no quotes for BTCUSDT-PERP.BINANCE[0m
[1m2024-04-14T07:46:30.000000000Z[0m [1;33m[WARN] TRADER-001.nautilus_common::cache: Cannot calculate unrealized PnL for P-20240414-063520-001-140736707735688-1, no quotes for BTCUSDT-PERP.BINANCE[0m
[1m2024-04-14T07:46:40.000000000Z[0m [1;33m[WARN] TRADER-001.nautilus_common::cache: Cannot calculate unrealized PnL for P-20240414-063520-001-140736707735688-1, no quotes for BTCUSDT-PERP.BINANCE[0m
[1m2024-04-14T07:46:50.000000000Z[0m [1;33m[WARN] TRADER-001.nautilus_common::cache: Cannot calculate unrealized PnL for P-20240414-063520-001-140736707735688-1, no quotes for BTCUSDT-PERP.BINANCE[0m
[1m2024-04-14T07:46:59.999000000Z[0m [1;33m[WARN] TRADER-001.nautilus_common::cache: Cannot calculate unrealized PnL for P-20240414-063520-001-140736707735688-1, no quotes for BTCUSDT-PERP.BINANCE[0m
[1m2024-04-14T07:47:00.000000000Z[0m [1;33m[WARN] TRADER-001.nautilus_common::cache: Cannot calculate unrealized PnL for P-20240414-063520-001-140736707735688-1, no quotes for BTCUSDT-PERP.BINANCE[0m
[1m2024-04-14T07:47:10.000000000Z[0m [1;33m[WARN] TRADER-001.nautilus_common::cache: Cannot calculate unrealized PnL for P-20240414-063520-001-140736707735688-1, no quotes for BTCUSDT-PERP.BINANCE[0m
[1m2024-04-14T07:47:20.000000000Z[0m [1;33m[WARN] TRADER-001.nautilus_common::cache: Cannot calculate unrealized PnL for P-20240414-063520-001-140736707735688-1, no quotes for BTCUSDT-PERP.BINANCE[0m
[1m2024-04-14T07:47:30.000000000Z[0m [1;33m[WARN] TRADER-001.nautilus_common::cache: Cannot calculate unrealized PnL for P-20240414-063520-001-140736707735688-1, no quotes for BTCUSDT-PERP.BINANCE[0m
[1m2024-04-14T07:47:40.000000000Z[0m [1;33m[WARN] TRADER-001.nautilus_common::cache: Cannot calculate unrealized PnL for P-20240414-063520-001-140736707735688-1, no quotes for BTCUSDT-PERP.BINANCE[0m
[1m2024-04-14T07:47:50.000000000Z[0m [1;33m[WARN] TRADER-001.nautilus_common::cache: Cannot calculate unrealized PnL for P-20240414-063520-001-140736707735688-1, no quotes for BTCUSDT-PERP.BINANCE[0m
[1m2024-04-14T07:47:59.999000000Z[0m [1;33m[WARN] TRADER-001.nautilus_common::cache: Cannot calculate unrealized PnL for P-20240414-063520-001-140736707735688-1, no quotes for BTCUSDT-PERP.BINANCE[0m
[1m2024-04-14T07:48:00.000000000Z[0m [1;33m[WARN] TRADER-001.nautilus_common::cache: Cannot calculate unrealized PnL for P-20240414-063520-001-140736707735688-1, no quotes for BTCUSDT-PERP.BINANCE[0m
[1m2024-04-14T07:48:10.000000000Z[0m [1;33m[WARN] TRADER-001.nautilus_common::cache: Cannot calculate unrealized PnL for P-20240414-063520-001-140736707735688-1, no quotes for BTCUSDT-PERP.BINANCE[0m
[1m2024-04-14T07:48:20.000000000Z[0m [1;33m[WARN] TRADER-001.nautilus_common::cache: Cannot calculate unrealized PnL for P-20240414-063520-001-140736707735688-1, no quotes for BTCUSDT-PERP.BINANCE[0m
[1m2024-04-14T07:48:30.000000000Z[0m [1;33m[WARN] TRADER-001.nautilus_common::cache: Cannot calculate unrealized PnL for P-20240414-063520-001-140736707735688-1, no quotes for BTCUSDT-PERP.BINANCE[0m
[1m2024-04-14T07:48:40.000000000Z[0m [1;33m[WARN] TRADER-001.nautilus_common::cache: Cannot calculate unrealized PnL for P-20240414-063520-001-140736707735688-1, no quotes for BTCUSDT-PERP.BINANCE[0m
[1m2024-04-14T07:48:50.000000000Z[0m [1;33m[WARN] TRADER-001.nautilus_common::cache: Cannot calculate unrealized PnL for P-20240414-063520-001-140736707735688-1, no quotes for BTCUSDT-PERP.BINANCE[0m
[1m2024-04-14T07:48:59.999000000Z[0m [1;33m[WARN] TRADER-001.nautilus_common::cache: Cannot calculate unrealized PnL for P-20240414-063520-001-140736707735688-1, no quotes for BTCUSDT-PERP.BINANCE[0m
[1m2024-04-14T07:49:00.000000000Z[0m [1;33m[WARN] TRADER-001.nautilus_common::cache: Cannot calculate unrealized PnL for P-20240414-063520-001-140736707735688-1, no quotes for BTCUSDT-PERP.BINANCE[0m
[1m2024-04-14T07:49:10.000000000Z[0m [1;33m[WARN] TRADER-001.nautilus_common::cache: Cannot calculate unrealized PnL for P-20240414-063520-001-140736707735688-1, no quotes for BTCUSDT-PERP.BINANCE[0m
[1m2024-04-14T07:49:20.000000000Z[0m [1;33m[WARN] TRADER-001.nautilus_common::cache: Cannot calculate unrealized PnL for P-20240414-063520-001-140736707735688-1, no quotes for BTCUSDT-PERP.BINANCE[0m
[1m2024-04-14T07:49:30.000000000Z[0m [1;33m[WARN] TRADER-001.nautilus_common::cache: Cannot calculate unrealized PnL for P-20240414-063520-001-140736707735688-1, no quotes for BTCUSDT-PERP.BINANCE[0m
[1m2024-04-14T07:49:40.000000000Z[0m [1;33m[WARN] TRADER-001.nautilus_common::cache: Cannot calculate unrealized PnL for P-20240414-063520-001-140736707735688-1, no quotes for BTCUSDT-PERP.BINANCE[0m
[1m2024-04-14T07:49:50.000000000Z[0m [1;33m[WARN] TRADER-001.nautilus_common::cache: Cannot calculate unrealized PnL for P-20240414-063520-001-140736707735688-1, no quotes for BTCUSDT-PERP.BINANCE[0m
[1m2024-04-14T07:49:59.999000000Z[0m [1;33m[WARN] TRADER-001.nautilus_common::cache: Cannot calculate unrealized PnL for P-20240414-063520-001-140736707735688-1, no quotes for BTCUSDT-PERP.BINANCE[0m
[1m2024-04-14T07:50:00.000000000Z[0m [1;33m[WARN] TRADER-001.nautilus_common::cache: Cannot calculate unrealized PnL for P-20240414-063520-001-140736707735688-1, no quotes for BTCUSDT-PERP.BINANCE[0m
[1m2024-04-14T07:50:10.000000000Z[0m [1;33m[WARN] TRADER-001.nautilus_common::cache: Cannot calculate unrealized PnL for P-20240414-063520-001-140736707735688-1, no quotes for BTCUSDT-PERP.BINANCE[0m
[1m2024-04-14T07:50:20.000000000Z[0m [1;33m[WARN] TRADER-001.nautilus_common::cache: Cannot calculate unrealized PnL for P-20240414-063520-001-140736707735688-1, no quotes for BTCUSDT-PERP.BINANCE[0m
[1m2024-04-14T07:50:30.000000000Z[0m [1;33m[WARN] TRADER-001.nautilus_common::cache: Cannot calculate unrealized PnL for P-20240414-063520-001-140736707735688-1, no quotes for BTCUSDT-PERP.BINANCE[0m
[1m2024-04-14T07:50:40.000000000Z[0m [1;33m[WARN] TRADER-001.nautilus_common::cache: Cannot calculate unrealized PnL for P-20240414-063520-001-140736707735688-1, no quotes for BTCUSDT-PERP.BINANCE[0m
[1m2024-04-14T07:50:50.000000000Z[0m [1;33m[WARN] TRADER-001.nautilus_common::cache: Cannot calculate unrealized PnL for P-20240414-063520-001-140736707735688-1, no quotes for BTCUSDT-PERP.BINANCE[0m
[1m2024-04-14T07:50:59.999000000Z[0m [1;33m[WARN] TRADER-001.nautilus_common::cache: Cannot calculate unrealized PnL for P-20240414-063520-001-140736707735688-1, no quotes for BTCUSDT-PERP.BINANCE[0m
[1m2024-04-14T07:51:00.000000000Z[0m [1;33m[WARN] TRADER-001.nautilus_common::cache: Cannot calculate unrealized PnL for P-20240414-063520-001-140736707735688-1, no quotes for BTCUSDT-PERP.BINANCE[0m
[1m2024-04-14T07:51:10.000000000Z[0m [1;33m[WARN] TRADER-001.nautilus_common::cache: Cannot calculate unrealized PnL for P-20240414-063520-001-140736707735688-1, no quotes for BTCUSDT-PERP.BINANCE[0m
[1m2024-04-14T07:51:20.000000000Z[0m [1;33m[WARN] TRADER-001.nautilus_common::cache: Cannot calculate unrealized PnL for P-20240414-063520-001-140736707735688-1, no quotes for BTCUSDT-PERP.BINANCE[0m
[1m2024-04-14T07:51:30.000000000Z[0m [1;33m[WARN] TRADER-001.nautilus_common::cache: Cannot calculate unrealized PnL for P-20240414-063520-001-140736707735688-1, no quotes for BTCUSDT-PERP.BINANCE[0m
[1m2024-04-14T07:51:40.000000000Z[0m [1;33m[WARN] TRADER-001.nautilus_common::cache: Cannot calculate unrealized PnL for P-20240414-063520-001-140736707735688-1, no quotes for BTCUSDT-PERP.BINANCE[0m
[1m2024-04-14T07:51:50.000000000Z[0m [1;33m[WARN] TRADER-001.nautilus_common::cache: Cannot calculate unrealized PnL for P-20240414-063520-001-140736707735688-1, no quotes for BTCUSDT-PERP.BINANCE[0m
[1m2024-04-14T07:51:59.999000000Z[0m [1;33m[WARN] TRADER-001.nautilus_common::cache: Cannot calculate unrealized PnL for P-20240414-063520-001-140736707735688-1, no quotes for BTCUSDT-PERP.BINANCE[0m
[1m2024-04-14T07:52:00.000000000Z[0m [1;33m[WARN] TRADER-001.nautilus_common::cache: Cannot calculate unrealized PnL for P-20240414-063520-001-140736707735688-1, no quotes for BTCUSDT-PERP.BINANCE[0m
[1m2024-04-14T07:52:10.000000000Z[0m [1;33m[WARN] TRADER-001.nautilus_common::cache: Cannot calculate unrealized PnL for P-20240414-063520-001-140736707735688-1, no quotes for BTCUSDT-PERP.BINANCE[0m
[1m2024-04-14T07:52:20.000000000Z[0m [1;33m[WARN] TRADER-001.nautilus_common::cache: Cannot calculate unrealized PnL for P-20240414-063520-001-140736707735688-1, no quotes for BTCUSDT-PERP.BINANCE[0m
[1m2024-04-14T07:52:30.000000000Z[0m [1;33m[WARN] TRADER-001.nautilus_common::cache: Cannot calculate unrealized PnL for P-20240414-063520-001-140736707735688-1, no quotes for BTCUSDT-PERP.BINANCE[0m
[1m2024-04-14T07:52:40.000000000Z[0m [1;33m[WARN] TRADER-001.nautilus_common::cache: Cannot calculate unrealized PnL for P-20240414-063520-001-140736707735688-1, no quotes for BTCUSDT-PERP.BINANCE[0m
[1m2024-04-14T07:52:50.000000000Z[0m [1;33m[WARN] TRADER-001.nautilus_common::cache: Cannot calculate unrealized PnL for P-20240414-063520-001-140736707735688-1, no quotes for BTCUSDT-PERP.BINANCE[0m
[1m2024-04-14T07:52:59.999000000Z[0m [1;33m[WARN] TRADER-001.nautilus_common::cache: Cannot calculate unrealized PnL for P-20240414-063520-001-140736707735688-1, no quotes for BTCUSDT-PERP.BINANCE[0m
[1m2024-04-14T07:53:00.000000000Z[0m [1;33m[WARN] TRADER-001.nautilus_common::cache: Cannot calculate unrealized PnL for P-20240414-063520-001-140736707735688-1, no quotes for BTCUSDT-PERP.BINANCE[0m
[1m2024-04-14T07:53:10.000000000Z[0m [1;33m[WARN] TRADER-001.nautilus_common::cache: Cannot calculate unrealized PnL for P-20240414-063520-001-140736707735688-1, no quotes for BTCUSDT-PERP.BINANCE[0m
[1m2024-04-14T07:53:20.000000000Z[0m [1;33m[WARN] TRADER-001.nautilus_common::cache: Cannot calculate unrealized PnL for P-20240414-063520-001-140736707735688-1, no quotes for BTCUSDT-PERP.BINANCE[0m
[1m2024-04-14T07:53:30.000000000Z[0m [1;33m[WARN] TRADER-001.nautilus_common::cache: Cannot calculate unrealized PnL for P-20240414-063520-001-140736707735688-1, no quotes for BTCUSDT-PERP.BINANCE[0m
[1m2024-04-14T07:53:40.000000000Z[0m [1;33m[WARN] TRADER-001.nautilus_common::cache: Cannot calculate unrealized PnL for P-20240414-063520-001-140736707735688-1, no quotes for BTCUSDT-PERP.BINANCE[0m
[1m2024-04-14T07:53:50.000000000Z[0m [1;33m[WARN] TRADER-001.nautilus_common::cache: Cannot calculate unrealized PnL for P-20240414-063520-001-140736707735688-1, no quotes for BTCUSDT-PERP.BINANCE[0m
[1m2024-04-14T07:53:59.999000000Z[0m [1;33m[WARN] TRADER-001.nautilus_common::cache: Cannot calculate unrealized PnL for P-20240414-063520-001-140736707735688-1, no quotes for BTCUSDT-PERP.BINANCE[0m
[1m2024-04-14T07:54:00.000000000Z[0m [1;33m[WARN] TRADER-001.nautilus_common::cache: Cannot calculate unrealized PnL for P-20240414-063520-001-140736707735688-1, no quotes for BTCUSDT-PERP.BINANCE[0m
[1m2024-04-14T07:54:10.000000000Z[0m [1;33m[WARN] TRADER-001.nautilus_common::cache: Cannot calculate unrealized PnL for P-20240414-063520-001-140736707735688-1, no quotes for BTCUSDT-PERP.BINANCE[0m
[1m2024-04-14T07:54:20.000000000Z[0m [1;33m[WARN] TRADER-001.nautilus_common::cache: Cannot calculate unrealized PnL for P-20240414-063520-001-140736707735688-1, no quotes for BTCUSDT-PERP.BINANCE[0m
[1m2024-04-14T07:54:30.000000000Z[0m [1;33m[WARN] TRADER-001.nautilus_common::cache: Cannot calculate unrealized PnL for P-20240414-063520-001-140736707735688-1, no quotes for BTCUSDT-PERP.BINANCE[0m
[1m2024-04-14T07:54:40.000000000Z[0m [1;33m[WARN] TRADER-001.nautilus_common::cache: Cannot calculate unrealized PnL for P-20240414-063520-001-140736707735688-1, no quotes for BTCUSDT-PERP.BINANCE[0m
[1m2024-04-14T07:54:50.000000000Z[0m [1;33m[WARN] TRADER-001.nautilus_common::cache: Cannot calculate unrealized PnL for P-20240414-063520-001-140736707735688-1, no quotes for BTCUSDT-PERP.BINANCE[0m
[1m2024-04-14T07:54:59.999000000Z[0m [1;33m[WARN] TRADER-001.nautilus_common::cache: Cannot calculate unrealized PnL for P-20240414-063520-001-140736707735688-1, no quotes for BTCUSDT-PERP.BINANCE[0m
[1m2024-04-14T07:55:00.000000000Z[0m [1;33m[WARN] TRADER-001.nautilus_common::cache: Cannot calculate unrealized PnL for P-20240414-063520-001-140736707735688-1, no quotes for BTCUSDT-PERP.BINANCE[0m
[1m2024-04-14T07:55:10.000000000Z[0m [1;33m[WARN] TRADER-001.nautilus_common::cache: Cannot calculate unrealized PnL for P-20240414-063520-001-140736707735688-1, no quotes for BTCUSDT-PERP.BINANCE[0m
[1m2024-04-14T07:55:20.000000000Z[0m [1;33m[WARN] TRADER-001.nautilus_common::cache: Cannot calculate unrealized PnL for P-20240414-063520-001-140736707735688-1, no quotes for BTCUSDT-PERP.BINANCE[0m
[1m2024-04-14T07:55:30.000000000Z[0m [1;33m[WARN] TRADER-001.nautilus_common::cache: Cannot calculate unrealized PnL for P-20240414-063520-001-140736707735688-1, no quotes for BTCUSDT-PERP.BINANCE[0m
[1m2024-04-14T07:55:40.000000000Z[0m [1;33m[WARN] TRADER-001.nautilus_common::cache: Cannot calculate unrealized PnL for P-20240414-063520-001-140736707735688-1, no quotes for BTCUSDT-PERP.BINANCE[0m
[1m2024-04-14T07:55:50.000000000Z[0m [1;33m[WARN] TRADER-001.nautilus_common::cache: Cannot calculate unrealized PnL for P-20240414-063520-001-140736707735688-1, no quotes for BTCUSDT-PERP.BINANCE[0m
[1m2024-04-14T07:55:59.999000000Z[0m [1;33m[WARN] TRADER-001.nautilus_common::cache: Cannot calculate unrealized PnL for P-20240414-063520-001-140736707735688-1, no quotes for BTCUSDT-PERP.BINANCE[0m
[1m2024-04-14T07:56:00.000000000Z[0m [1;33m[WARN] TRADER-001.nautilus_common::cache: Cannot calculate unrealized PnL for P-20240414-063520-001-140736707735688-1, no quotes for BTCUSDT-PERP.BINANCE[0m
[1m2024-04-14T07:56:10.000000000Z[0m [1;33m[WARN] TRADER-001.nautilus_common::cache: Cannot calculate unrealized PnL for P-20240414-063520-001-140736707735688-1, no quotes for BTCUSDT-PERP.BINANCE[0m
[1m2024-04-14T07:56:20.000000000Z[0m [1;33m[WARN] TRADER-001.nautilus_common::cache: Cannot calculate unrealized PnL for P-20240414-063520-001-140736707735688-1, no quotes for BTCUSDT-PERP.BINANCE[0m
[1m2024-04-14T07:56:30.000000000Z[0m [1;33m[WARN] TRADER-001.nautilus_common::cache: Cannot calculate unrealized PnL for P-20240414-063520-001-140736707735688-1, no quotes for BTCUSDT-PERP.BINANCE[0m
[1m2024-04-14T07:56:40.000000000Z[0m [1;33m[WARN] TRADER-001.nautilus_common::cache: Cannot calculate unrealized PnL for P-20240414-063520-001-140736707735688-1, no quotes for BTCUSDT-PERP.BINANCE[0m
[1m2024-04-14T07:56:50.000000000Z[0m [1;33m[WARN] TRADER-001.nautilus_common::cache: Cannot calculate unrealized PnL for P-20240414-063520-001-140736707735688-1, no quotes for BTCUSDT-PERP.BINANCE[0m
[1m2024-04-14T07:56:59.999000000Z[0m [1;33m[WARN] TRADER-001.nautilus_common::cache: Cannot calculate unrealized PnL for P-20240414-063520-001-140736707735688-1, no quotes for BTCUSDT-PERP.BINANCE[0m
[1m2024-04-14T07:57:00.000000000Z[0m [1;33m[WARN] TRADER-001.nautilus_common::cache: Cannot calculate unrealized PnL for P-20240414-063520-001-140736707735688-1, no quotes for BTCUSDT-PERP.BINANCE[0m
[1m2024-04-14T07:57:10.000000000Z[0m [1;33m[WARN] TRADER-001.nautilus_common::cache: Cannot calculate unrealized PnL for P-20240414-063520-001-140736707735688-1, no quotes for BTCUSDT-PERP.BINANCE[0m
[1m2024-04-14T07:57:20.000000000Z[0m [1;33m[WARN] TRADER-001.nautilus_common::cache: Cannot calculate unrealized PnL for P-20240414-063520-001-140736707735688-1, no quotes for BTCUSDT-PERP.BINANCE[0m
[1m2024-04-14T07:57:30.000000000Z[0m [1;33m[WARN] TRADER-001.nautilus_common::cache: Cannot calculate unrealized PnL for P-20240414-063520-001-140736707735688-1, no quotes for BTCUSDT-PERP.BINANCE[0m
[1m2024-04-14T07:57:40.000000000Z[0m [1;33m[WARN] TRADER-001.nautilus_common::cache: Cannot calculate unrealized PnL for P-20240414-063520-001-140736707735688-1, no quotes for BTCUSDT-PERP.BINANCE[0m
[1m2024-04-14T07:57:50.000000000Z[0m [1;33m[WARN] TRADER-001.nautilus_common::cache: Cannot calculate unrealized PnL for P-20240414-063520-001-140736707735688-1, no quotes for BTCUSDT-PERP.BINANCE[0m
[1m2024-04-14T07:57:59.999000000Z[0m [1;33m[WARN] TRADER-001.nautilus_common::cache: Cannot calculate unrealized PnL for P-20240414-063520-001-140736707735688-1, no quotes for BTCUSDT-PERP.BINANCE[0m
[1m2024-04-14T07:58:00.000000000Z[0m [1;33m[WARN] TRADER-001.nautilus_common::cache: Cannot calculate unrealized PnL for P-20240414-063520-001-140736707735688-1, no quotes for BTCUSDT-PERP.BINANCE[0m
[1m2024-04-14T07:58:10.000000000Z[0m [1;33m[WARN] TRADER-001.nautilus_common::cache: Cannot calculate unrealized PnL for P-20240414-063520-001-140736707735688-1, no quotes for BTCUSDT-PERP.BINANCE[0m
[1m2024-04-14T07:58:20.000000000Z[0m [1;33m[WARN] TRADER-001.nautilus_common::cache: Cannot calculate unrealized PnL for P-20240414-063520-001-140736707735688-1, no quotes for BTCUSDT-PERP.BINANCE[0m
[1m2024-04-14T07:58:30.000000000Z[0m [1;33m[WARN] TRADER-001.nautilus_common::cache: Cannot calculate unrealized PnL for P-20240414-063520-001-140736707735688-1, no quotes for BTCUSDT-PERP.BINANCE[0m
[1m2024-04-14T07:58:40.000000000Z[0m [1;33m[WARN] TRADER-001.nautilus_common::cache: Cannot calculate unrealized PnL for P-20240414-063520-001-140736707735688-1, no quotes for BTCUSDT-PERP.BINANCE[0m
[1m2024-04-14T07:58:50.000000000Z[0m [1;33m[WARN] TRADER-001.nautilus_common::cache: Cannot calculate unrealized PnL for P-20240414-063520-001-140736707735688-1, no quotes for BTCUSDT-PERP.BINANCE[0m
[1m2024-04-14T07:58:59.999000000Z[0m [1;33m[WARN] TRADER-001.nautilus_common::cache: Cannot calculate unrealized PnL for P-20240414-063520-001-140736707735688-1, no quotes for BTCUSDT-PERP.BINANCE[0m
[1m2024-04-14T07:59:00.000000000Z[0m [1;33m[WARN] TRADER-001.nautilus_common::cache: Cannot calculate unrealized PnL for P-20240414-063520-001-140736707735688-1, no quotes for BTCUSDT-PERP.BINANCE[0m
[1m2024-04-14T07:59:10.000000000Z[0m [1;33m[WARN] TRADER-001.nautilus_common::cache: Cannot calculate unrealized PnL for P-20240414-063520-001-140736707735688-1, no quotes for BTCUSDT-PERP.BINANCE[0m
[1m2024-04-14T07:59:20.000000000Z[0m [1;33m[WARN] TRADER-001.nautilus_common::cache: Cannot calculate unrealized PnL for P-20240414-063520-001-140736707735688-1, no quotes for BTCUSDT-PERP.BINANCE[0m
[1m2024-04-14T07:59:30.000000000Z[0m [1;33m[WARN] TRADER-001.nautilus_common::cache: Cannot calculate unrealized PnL for P-20240414-063520-001-140736707735688-1, no quotes for BTCUSDT-PERP.BINANCE[0m
[1m2024-04-14T07:59:40.000000000Z[0m [1;33m[WARN] TRADER-001.nautilus_common::cache: Cannot calculate unrealized PnL for P-20240414-063520-001-140736707735688-1, no quotes for BTCUSDT-PERP.BINANCE[0m
[1m2024-04-14T07:59:50.000000000Z[0m [1;33m[WARN] TRADER-001.nautilus_common::cache: Cannot calculate unrealized PnL for P-20240414-063520-001-140736707735688-1, no quotes for BTCUSDT-PERP.BINANCE[0m
[1m2024-04-14T07:59:59.999000000Z[0m [1;33m[WARN] TRADER-001.nautilus_common::cache: Cannot calculate unrealized PnL for P-20240414-063520-001-140736707735688-1, no quotes for BTCUSDT-PERP.BINANCE[0m
[1m2024-04-14T08:00:00.000000000Z[0m [INFO] TRADER-001.nautilus_portfolio::portfolio: Updated AccountState(account_id=BINANCE-001, account_type=MARGIN, base_currency=USDT, is_reported=true, balances=[AccountBalance(total=99818.36256628 USDT, locked=1038.43303920 USDT, free=98779.92952708 USDT)], margins=[MarginBalance(initial=0.00000000 USDT, maintenance=1038.43303920 USDT, instrument_id=BTCUSDT-PERP.BINANCE)], event_id=e4844cc2-8ce8-46f0-ab0e-176326e38f61)[0m
[1m2024-04-14T08:00:00.000000000Z[0m [INFO] TRADER-001.nautilus_portfolio::manager: BTCUSDT-PERP.BINANCE margin_maint=1038.43303920 USDT[0m
[1m2024-04-14T08:00:00.000000000Z[0m [INFO] TRADER-001.nautilus_portfolio::portfolio: Updated AccountState(account_id=BINANCE-001, account_type=MARGIN, base_currency=USDT, is_reported=false, balances=[AccountBalance(total=99818.36256628 USDT, locked=1038.43303920 USDT, free=98779.92952708 USDT)], margins=[MarginBalance(initial=0.00000000 USDT, maintenance=1038.43303920 USDT, instrument_id=BTCUSDT-PERP.BINANCE)], event_id=8e743bb1-2e40-4722-b0f1-12b802ef7160)[0m
[1m2024-04-14T08:00:00.000000000Z[0m [INFO] TRADER-001.nautilus_trading::strategy: DataActor-140736707735688 <--[EVT] PositionAdjusted(PositionAdjusted { trader_id: "TRADER-001", strategy_id: "DataActor-140736707735688", instrument_id: "BTCUSDT-PERP.BINANCE", position_id: "P-20240414-063520-001-140736707735688-1", account_id: "BINANCE-001", adjustment_type: Funding, quantity_change: None, pnl_change: Some(Money(-25.87247784, USDT)), reason: Some(u!("funding_settlement:7ee71b39-2e66-466d-80d4-ed6963fee5c1")), event_id: UUID4(0c206d4f-00bf-4895-8475-2eb751004ac2), ts_event: UnixNanos(1713081600000000000), ts_init: UnixNanos(1713081600000000000) })[0m
[1m2024-04-14T08:00:00.000000000Z[0m [1;33m[WARN] TRADER-001.nautilus_common::cache: Cannot calculate unrealized PnL for P-20240414-063520-001-140736707735688-1, no quotes for BTCUSDT-PERP.BINANCE[0m
[1m2024-04-14T08:00:10.000000000Z[0m [1;33m[WARN] TRADER-001.nautilus_common::cache: Cannot calculate unrealized PnL for P-20240414-063520-001-140736707735688-1, no quotes for BTCUSDT-PERP.BINANCE[0m
[1m2024-04-14T08:00:20.000000000Z[0m [1;33m[WARN] TRADER-001.nautilus_common::cache: Cannot calculate unrealized PnL for P-20240414-063520-001-140736707735688-1, no quotes for BTCUSDT-PERP.BINANCE[0m
[1m2024-04-14T08:00:30.000000000Z[0m [1;33m[WARN] TRADER-001.nautilus_common::cache: Cannot calculate unrealized PnL for P-20240414-063520-001-140736707735688-1, no quotes for BTCUSDT-PERP.BINANCE[0m
[1m2024-04-14T08:00:40.000000000Z[0m [1;33m[WARN] TRADER-001.nautilus_common::cache: Cannot calculate unrealized PnL for P-20240414-063520-001-140736707735688-1, no quotes for BTCUSDT-PERP.BINANCE[0m
[1m2024-04-14T08:00:50.000000000Z[0m [1;33m[WARN] TRADER-001.nautilus_common::cache: Cannot calculate unrealized PnL for P-20240414-063520-001-140736707735688-1, no quotes for BTCUSDT-PERP.BINANCE[0m
[1m2024-04-14T08:00:59.999000000Z[0m [1;33m[WARN] TRADER-001.nautilus_common::cache: Cannot calculate unrealized PnL for P-20240414-063520-001-140736707735688-1, no quotes for BTCUSDT-PERP.BINANCE[0m
[1m2024-04-14T08:01:00.000000000Z[0m [1;33m[WARN] TRADER-001.nautilus_common::cache: Cannot calculate unrealized PnL for P-20240414-063520-001-140736707735688-1, no quotes for BTCUSDT-PERP.BINANCE[0m
[1m2024-04-14T08:01:10.000000000Z[0m [1;33m[WARN] TRADER-001.nautilus_common::cache: Cannot calculate unrealized PnL for P-20240414-063520-001-140736707735688-1, no quotes for BTCUSDT-PERP.BINANCE[0m
[1m2024-04-14T08:01:20.000000000Z[0m [1;33m[WARN] TRADER-001.nautilus_common::cache: Cannot calculate unrealized PnL for P-20240414-063520-001-140736707735688-1, no quotes for BTCUSDT-PERP.BINANCE[0m
[1m2024-04-14T08:01:30.000000000Z[0m [1;33m[WARN] TRADER-001.nautilus_common::cache: Cannot calculate unrealized PnL for P-20240414-063520-001-140736707735688-1, no quotes for BTCUSDT-PERP.BINANCE[0m
[1m2024-04-14T08:01:40.000000000Z[0m [1;33m[WARN] TRADER-001.nautilus_common::cache: Cannot calculate unrealized PnL for P-20240414-063520-001-140736707735688-1, no quotes for BTCUSDT-PERP.BINANCE[0m
[1m2024-04-14T08:01:50.000000000Z[0m [1;33m[WARN] TRADER-001.nautilus_common::cache: Cannot calculate unrealized PnL for P-20240414-063520-001-140736707735688-1, no quotes for BTCUSDT-PERP.BINANCE[0m
[1m2024-04-14T08:01:59.999000000Z[0m [1;33m[WARN] TRADER-001.nautilus_common::cache: Cannot calculate unrealized PnL for P-20240414-063520-001-140736707735688-1, no quotes for BTCUSDT-PERP.BINANCE[0m
[1m2024-04-14T08:02:00.000000000Z[0m [1;33m[WARN] TRADER-001.nautilus_common::cache: Cannot calculate unrealized PnL for P-20240414-063520-001-140736707735688-1, no quotes for BTCUSDT-PERP.BINANCE[0m
[1m2024-04-14T08:02:10.000000000Z[0m [1;33m[WARN] TRADER-001.nautilus_common::cache: Cannot calculate unrealized PnL for P-20240414-063520-001-140736707735688-1, no quotes for BTCUSDT-PERP.BINANCE[0m
[1m2024-04-14T08:02:20.000000000Z[0m [1;33m[WARN] TRADER-001.nautilus_common::cache: Cannot calculate unrealized PnL for P-20240414-063520-001-140736707735688-1, no quotes for BTCUSDT-PERP.BINANCE[0m
[1m2024-04-14T08:02:30.000000000Z[0m [1;33m[WARN] TRADER-001.nautilus_common::cache: Cannot calculate unrealized PnL for P-20240414-063520-001-140736707735688-1, no quotes for BTCUSDT-PERP.BINANCE[0m
[1m2024-04-14T08:02:40.000000000Z[0m [1;33m[WARN] TRADER-001.nautilus_common::cache: Cannot calculate unrealized PnL for P-20240414-063520-001-140736707735688-1, no quotes for BTCUSDT-PERP.BINANCE[0m
[1m2024-04-14T08:02:50.000000000Z[0m [1;33m[WARN] TRADER-001.nautilus_common::cache: Cannot calculate unrealized PnL for P-20240414-063520-001-140736707735688-1, no quotes for BTCUSDT-PERP.BINANCE[0m
[1m2024-04-14T08:02:59.999000000Z[0m [1;33m[WARN] TRADER-001.nautilus_common::cache: Cannot calculate unrealized PnL for P-20240414-063520-001-140736707735688-1, no quotes for BTCUSDT-PERP.BINANCE[0m
[1m2024-04-14T08:03:00.000000000Z[0m [1;33m[WARN] TRADER-001.nautilus_common::cache: Cannot calculate unrealized PnL for P-20240414-063520-001-140736707735688-1, no quotes for BTCUSDT-PERP.BINANCE[0m
[1m2024-04-14T08:03:10.000000000Z[0m [1;33m[WARN] TRADER-001.nautilus_common::cache: Cannot calculate unrealized PnL for P-20240414-063520-001-140736707735688-1, no quotes for BTCUSDT-PERP.BINANCE[0m
[1m2024-04-14T08:03:20.000000000Z[0m [1;33m[WARN] TRADER-001.nautilus_common::cache: Cannot calculate unrealized PnL for P-20240414-063520-001-140736707735688-1, no quotes for BTCUSDT-PERP.BINANCE[0m
[1m2024-04-14T08:03:30.000000000Z[0m [1;33m[WARN] TRADER-001.nautilus_common::cache: Cannot calculate unrealized PnL for P-20240414-063520-001-140736707735688-1, no quotes for BTCUSDT-PERP.BINANCE[0m
[1m2024-04-14T08:03:40.000000000Z[0m [1;33m[WARN] TRADER-001.nautilus_common::cache: Cannot calculate unrealized PnL for P-20240414-063520-001-140736707735688-1, no quotes for BTCUSDT-PERP.BINANCE[0m
[1m2024-04-14T08:03:50.000000000Z[0m [1;33m[WARN] TRADER-001.nautilus_common::cache: Cannot calculate unrealized PnL for P-20240414-063520-001-140736707735688-1, no quotes for BTCUSDT-PERP.BINANCE[0m
[1m2024-04-14T08:03:59.999000000Z[0m [1;33m[WARN] TRADER-001.nautilus_common::cache: Cannot calculate unrealized PnL for P-20240414-063520-001-140736707735688-1, no quotes for BTCUSDT-PERP.BINANCE[0m
[1m2024-04-14T08:04:00.000000000Z[0m [1;33m[WARN] TRADER-001.nautilus_common::cache: Cannot calculate unrealized PnL for P-20240414-063520-001-140736707735688-1, no quotes for BTCUSDT-PERP.BINANCE[0m
[1m2024-04-14T08:04:10.000000000Z[0m [1;33m[WARN] TRADER-001.nautilus_common::cache: Cannot calculate unrealized PnL for P-20240414-063520-001-140736707735688-1, no quotes for BTCUSDT-PERP.BINANCE[0m
[1m2024-04-14T08:04:20.000000000Z[0m [1;33m[WARN] TRADER-001.nautilus_common::cache: Cannot calculate unrealized PnL for P-20240414-063520-001-140736707735688-1, no quotes for BTCUSDT-PERP.BINANCE[0m
[1m2024-04-14T08:04:30.000000000Z[0m [1;33m[WARN] TRADER-001.nautilus_common::cache: Cannot calculate unrealized PnL for P-20240414-063520-001-140736707735688-1, no quotes for BTCUSDT-PERP.BINANCE[0m
[1m2024-04-14T08:04:40.000000000Z[0m [1;33m[WARN] TRADER-001.nautilus_common::cache: Cannot calculate unrealized PnL for P-20240414-063520-001-140736707735688-1, no quotes for BTCUSDT-PERP.BINANCE[0m
[1m2024-04-14T08:04:50.000000000Z[0m [1;33m[WARN] TRADER-001.nautilus_common::cache: Cannot calculate unrealized PnL for P-20240414-063520-001-140736707735688-1, no quotes for BTCUSDT-PERP.BINANCE[0m
[1m2024-04-14T08:04:59.999000000Z[0m [1;33m[WARN] TRADER-001.nautilus_common::cache: Cannot calculate unrealized PnL for P-20240414-063520-001-140736707735688-1, no quotes for BTCUSDT-PERP.BINANCE[0m
[1m2024-04-14T08:05:00.000000000Z[0m [1;33m[WARN] TRADER-001.nautilus_common::cache: Cannot calculate unrealized PnL for P-20240414-063520-001-140736707735688-1, no quotes for BTCUSDT-PERP.BINANCE[0m
[1m2024-04-14T08:05:10.000000000Z[0m [1;33m[WARN] TRADER-001.nautilus_common::cache: Cannot calculate unrealized PnL for P-20240414-063520-001-140736707735688-1, no quotes for BTCUSDT-PERP.BINANCE[0m
[1m2024-04-14T08:05:20.000000000Z[0m [1;33m[WARN] TRADER-001.nautilus_common::cache: Cannot calculate unrealized PnL for P-20240414-063520-001-140736707735688-1, no quotes for BTCUSDT-PERP.BINANCE[0m
[1m2024-04-14T08:05:30.000000000Z[0m [1;33m[WARN] TRADER-001.nautilus_common::cache: Cannot calculate unrealized PnL for P-20240414-063520-001-140736707735688-1, no quotes for BTCUSDT-PERP.BINANCE[0m
[1m2024-04-14T08:05:40.000000000Z[0m [1;33m[WARN] TRADER-001.nautilus_common::cache: Cannot calculate unrealized PnL for P-20240414-063520-001-140736707735688-1, no quotes for BTCUSDT-PERP.BINANCE[0m
[1m2024-04-14T08:05:50.000000000Z[0m [1;33m[WARN] TRADER-001.nautilus_common::cache: Cannot calculate unrealized PnL for P-20240414-063520-001-140736707735688-1, no quotes for BTCUSDT-PERP.BINANCE[0m
[1m2024-04-14T08:05:59.999000000Z[0m [1;33m[WARN] TRADER-001.nautilus_common::cache: Cannot calculate unrealized PnL for P-20240414-063520-001-140736707735688-1, no quotes for BTCUSDT-PERP.BINANCE[0m
[1m2024-04-14T08:06:00.000000000Z[0m [1;33m[WARN] TRADER-001.nautilus_common::cache: Cannot calculate unrealized PnL for P-20240414-063520-001-140736707735688-1, no quotes for BTCUSDT-PERP.BINANCE[0m
[1m2024-04-14T08:06:10.000000000Z[0m [1;33m[WARN] TRADER-001.nautilus_common::cache: Cannot calculate unrealized PnL for P-20240414-063520-001-140736707735688-1, no quotes for BTCUSDT-PERP.BINANCE[0m
[1m2024-04-14T08:06:20.000000000Z[0m [1;33m[WARN] TRADER-001.nautilus_common::cache: Cannot calculate unrealized PnL for P-20240414-063520-001-140736707735688-1, no quotes for BTCUSDT-PERP.BINANCE[0m
[1m2024-04-14T08:06:30.000000000Z[0m [1;33m[WARN] TRADER-001.nautilus_common::cache: Cannot calculate unrealized PnL for P-20240414-063520-001-140736707735688-1, no quotes for BTCUSDT-PERP.BINANCE[0m
[1m2024-04-14T08:06:40.000000000Z[0m [1;33m[WARN] TRADER-001.nautilus_common::cache: Cannot calculate unrealized PnL for P-20240414-063520-001-140736707735688-1, no quotes for BTCUSDT-PERP.BINANCE[0m
[1m2024-04-14T08:06:50.000000000Z[0m [1;33m[WARN] TRADER-001.nautilus_common::cache: Cannot calculate unrealized PnL for P-20240414-063520-001-140736707735688-1, no quotes for BTCUSDT-PERP.BINANCE[0m
[1m2024-04-14T08:06:59.999000000Z[0m [1;33m[WARN] TRADER-001.nautilus_common::cache: Cannot calculate unrealized PnL for P-20240414-063520-001-140736707735688-1, no quotes for BTCUSDT-PERP.BINANCE[0m
[1m2024-04-14T08:07:00.000000000Z[0m [1;33m[WARN] TRADER-001.nautilus_common::cache: Cannot calculate unrealized PnL for P-20240414-063520-001-140736707735688-1, no quotes for BTCUSDT-PERP.BINANCE[0m
[1m2024-04-14T08:07:10.000000000Z[0m [1;33m[WARN] TRADER-001.nautilus_common::cache: Cannot calculate unrealized PnL for P-20240414-063520-001-140736707735688-1, no quotes for BTCUSDT-PERP.BINANCE[0m
[1m2024-04-14T08:07:20.000000000Z[0m [1;33m[WARN] TRADER-001.nautilus_common::cache: Cannot calculate unrealized PnL for P-20240414-063520-001-140736707735688-1, no quotes for BTCUSDT-PERP.BINANCE[0m
[1m2024-04-14T08:07:30.000000000Z[0m [1;33m[WARN] TRADER-001.nautilus_common::cache: Cannot calculate unrealized PnL for P-20240414-063520-001-140736707735688-1, no quotes for BTCUSDT-PERP.BINANCE[0m
[1m2024-04-14T08:07:40.000000000Z[0m [1;33m[WARN] TRADER-001.nautilus_common::cache: Cannot calculate unrealized PnL for P-20240414-063520-001-140736707735688-1, no quotes for BTCUSDT-PERP.BINANCE[0m
[1m2024-04-14T08:07:50.000000000Z[0m [1;33m[WARN] TRADER-001.nautilus_common::cache: Cannot calculate unrealized PnL for P-20240414-063520-001-140736707735688-1, no quotes for BTCUSDT-PERP.BINANCE[0m
[1m2024-04-14T08:07:59.999000000Z[0m [1;33m[WARN] TRADER-001.nautilus_common::cache: Cannot calculate unrealized PnL for P-20240414-063520-001-140736707735688-1, no quotes for BTCUSDT-PERP.BINANCE[0m
[1m2024-04-14T08:08:00.000000000Z[0m [1;33m[WARN] TRADER-001.nautilus_common::cache: Cannot calculate unrealized PnL for P-20240414-063520-001-140736707735688-1, no quotes for BTCUSDT-PERP.BINANCE[0m
[1m2024-04-14T08:08:10.000000000Z[0m [1;33m[WARN] TRADER-001.nautilus_common::cache: Cannot calculate unrealized PnL for P-20240414-063520-001-140736707735688-1, no quotes for BTCUSDT-PERP.BINANCE[0m
[1m2024-04-14T08:08:20.000000000Z[0m [1;33m[WARN] TRADER-001.nautilus_common::cache: Cannot calculate unrealized PnL for P-20240414-063520-001-140736707735688-1, no quotes for BTCUSDT-PERP.BINANCE[0m
[1m2024-04-14T08:08:30.000000000Z[0m [1;33m[WARN] TRADER-001.nautilus_common::cache: Cannot calculate unrealized PnL for P-20240414-063520-001-140736707735688-1, no quotes for BTCUSDT-PERP.BINANCE[0m
[1m2024-04-14T08:08:40.000000000Z[0m [1;33m[WARN] TRADER-001.nautilus_common::cache: Cannot calculate unrealized PnL for P-20240414-063520-001-140736707735688-1, no quotes for BTCUSDT-PERP.BINANCE[0m
[1m2024-04-14T08:08:50.000000000Z[0m [1;33m[WARN] TRADER-001.nautilus_common::cache: Cannot calculate unrealized PnL for P-20240414-063520-001-140736707735688-1, no quotes for BTCUSDT-PERP.BINANCE[0m
[1m2024-04-14T08:08:59.999000000Z[0m [1;33m[WARN] TRADER-001.nautilus_common::cache: Cannot calculate unrealized PnL for P-20240414-063520-001-140736707735688-1, no quotes for BTCUSDT-PERP.BINANCE[0m
[1m2024-04-14T08:09:00.000000000Z[0m [1;33m[WARN] TRADER-001.nautilus_common::cache: Cannot calculate unrealized PnL for P-20240414-063520-001-140736707735688-1, no quotes for BTCUSDT-PERP.BINANCE[0m
[1m2024-04-14T08:09:10.000000000Z[0m [1;33m[WARN] TRADER-001.nautilus_common::cache: Cannot calculate unrealized PnL for P-20240414-063520-001-140736707735688-1, no quotes for BTCUSDT-PERP.BINANCE[0m
[1m2024-04-14T08:09:20.000000000Z[0m [1;33m[WARN] TRADER-001.nautilus_common::cache: Cannot calculate unrealized PnL for P-20240414-063520-001-140736707735688-1, no quotes for BTCUSDT-PERP.BINANCE[0m
[1m2024-04-14T08:09:30.000000000Z[0m [1;33m[WARN] TRADER-001.nautilus_common::cache: Cannot calculate unrealized PnL for P-20240414-063520-001-140736707735688-1, no quotes for BTCUSDT-PERP.BINANCE[0m
[1m2024-04-14T08:09:40.000000000Z[0m [1;33m[WARN] TRADER-001.nautilus_common::cache: Cannot calculate unrealized PnL for P-20240414-063520-001-140736707735688-1, no quotes for BTCUSDT-PERP.BINANCE[0m
[1m2024-04-14T08:09:50.000000000Z[0m [1;33m[WARN] TRADER-001.nautilus_common::cache: Cannot calculate unrealized PnL for P-20240414-063520-001-140736707735688-1, no quotes for BTCUSDT-PERP.BINANCE[0m
[1m2024-04-14T08:09:59.999000000Z[0m [1;33m[WARN] TRADER-001.nautilus_common::cache: Cannot calculate unrealized PnL for P-20240414-063520-001-140736707735688-1, no quotes for BTCUSDT-PERP.BINANCE[0m
[1m2024-04-14T08:10:00.000000000Z[0m [1;33m[WARN] TRADER-001.nautilus_common::cache: Cannot calculate unrealized PnL for P-20240414-063520-001-140736707735688-1, no quotes for BTCUSDT-PERP.BINANCE[0m
[1m2024-04-14T08:10:10.000000000Z[0m [1;33m[WARN] TRADER-001.nautilus_common::cache: Cannot calculate unrealized PnL for P-20240414-063520-001-140736707735688-1, no quotes for BTCUSDT-PERP.BINANCE[0m
[1m2024-04-14T08:10:20.000000000Z[0m [1;33m[WARN] TRADER-001.nautilus_common::cache: Cannot calculate unrealized PnL for P-20240414-063520-001-140736707735688-1, no quotes for BTCUSDT-PERP.BINANCE[0m
[1m2024-04-14T08:10:30.000000000Z[0m [1;33m[WARN] TRADER-001.nautilus_common::cache: Cannot calculate unrealized PnL for P-20240414-063520-001-140736707735688-1, no quotes for BTCUSDT-PERP.BINANCE[0m
[1m2024-04-14T08:10:40.000000000Z[0m [1;33m[WARN] TRADER-001.nautilus_common::cache: Cannot calculate unrealized PnL for P-20240414-063520-001-140736707735688-1, no quotes for BTCUSDT-PERP.BINANCE[0m
[1m2024-04-14T08:10:50.000000000Z[0m [1;33m[WARN] TRADER-001.nautilus_common::cache: Cannot calculate unrealized PnL for P-20240414-063520-001-140736707735688-1, no quotes for BTCUSDT-PERP.BINANCE[0m
[1m2024-04-14T08:10:59.999000000Z[0m [1;33m[WARN] TRADER-001.nautilus_common::cache: Cannot calculate unrealized PnL for P-20240414-063520-001-140736707735688-1, no quotes for BTCUSDT-PERP.BINANCE[0m
[1m2024-04-14T08:11:00.000000000Z[0m [1;33m[WARN] TRADER-001.nautilus_common::cache: Cannot calculate unrealized PnL for P-20240414-063520-001-140736707735688-1, no quotes for BTCUSDT-PERP.BINANCE[0m
[1m2024-04-14T08:11:10.000000000Z[0m [1;33m[WARN] TRADER-001.nautilus_common::cache: Cannot calculate unrealized PnL for P-20240414-063520-001-140736707735688-1, no quotes for BTCUSDT-PERP.BINANCE[0m
[1m2024-04-14T08:11:20.000000000Z[0m [1;33m[WARN] TRADER-001.nautilus_common::cache: Cannot calculate unrealized PnL for P-20240414-063520-001-140736707735688-1, no quotes for BTCUSDT-PERP.BINANCE[0m
[1m2024-04-14T08:11:30.000000000Z[0m [1;33m[WARN] TRADER-001.nautilus_common::cache: Cannot calculate unrealized PnL for P-20240414-063520-001-140736707735688-1, no quotes for BTCUSDT-PERP.BINANCE[0m
[1m2024-04-14T08:11:40.000000000Z[0m [1;33m[WARN] TRADER-001.nautilus_common::cache: Cannot calculate unrealized PnL for P-20240414-063520-001-140736707735688-1, no quotes for BTCUSDT-PERP.BINANCE[0m
[1m2024-04-14T08:11:50.000000000Z[0m [1;33m[WARN] TRADER-001.nautilus_common::cache: Cannot calculate unrealized PnL for P-20240414-063520-001-140736707735688-1, no quotes for BTCUSDT-PERP.BINANCE[0m
[1m2024-04-14T08:11:59.999000000Z[0m [1;33m[WARN] TRADER-001.nautilus_common::cache: Cannot calculate unrealized PnL for P-20240414-063520-001-140736707735688-1, no quotes for BTCUSDT-PERP.BINANCE[0m
[1m2024-04-14T08:12:00.000000000Z[0m [1;33m[WARN] TRADER-001.nautilus_common::cache: Cannot calculate unrealized PnL for P-20240414-063520-001-140736707735688-1, no quotes for BTCUSDT-PERP.BINANCE[0m
[1m2024-04-14T08:12:10.000000000Z[0m [1;33m[WARN] TRADER-001.nautilus_common::cache: Cannot calculate unrealized PnL for P-20240414-063520-001-140736707735688-1, no quotes for BTCUSDT-PERP.BINANCE[0m
[1m2024-04-14T08:12:20.000000000Z[0m [1;33m[WARN] TRADER-001.nautilus_common::cache: Cannot calculate unrealized PnL for P-20240414-063520-001-140736707735688-1, no quotes for BTCUSDT-PERP.BINANCE[0m
[1m2024-04-14T08:12:30.000000000Z[0m [1;33m[WARN] TRADER-001.nautilus_common::cache: Cannot calculate unrealized PnL for P-20240414-063520-001-140736707735688-1, no quotes for BTCUSDT-PERP.BINANCE[0m
[1m2024-04-14T08:12:40.000000000Z[0m [1;33m[WARN] TRADER-001.nautilus_common::cache: Cannot calculate unrealized PnL for P-20240414-063520-001-140736707735688-1, no quotes for BTCUSDT-PERP.BINANCE[0m
[1m2024-04-14T08:12:50.000000000Z[0m [1;33m[WARN] TRADER-001.nautilus_common::cache: Cannot calculate unrealized PnL for P-20240414-063520-001-140736707735688-1, no quotes for BTCUSDT-PERP.BINANCE[0m
[1m2024-04-14T08:12:59.999000000Z[0m [1;33m[WARN] TRADER-001.nautilus_common::cache: Cannot calculate unrealized PnL for P-20240414-063520-001-140736707735688-1, no quotes for BTCUSDT-PERP.BINANCE[0m
[1m2024-04-14T08:13:00.000000000Z[0m [1;33m[WARN] TRADER-001.nautilus_common::cache: Cannot calculate unrealized PnL for P-20240414-063520-001-140736707735688-1, no quotes for BTCUSDT-PERP.BINANCE[0m
[1m2024-04-14T08:13:10.000000000Z[0m [1;33m[WARN] TRADER-001.nautilus_common::cache: Cannot calculate unrealized PnL for P-20240414-063520-001-140736707735688-1, no quotes for BTCUSDT-PERP.BINANCE[0m
[1m2024-04-14T08:13:20.000000000Z[0m [1;33m[WARN] TRADER-001.nautilus_common::cache: Cannot calculate unrealized PnL for P-20240414-063520-001-140736707735688-1, no quotes for BTCUSDT-PERP.BINANCE[0m
[1m2024-04-14T08:13:30.000000000Z[0m [1;33m[WARN] TRADER-001.nautilus_common::cache: Cannot calculate unrealized PnL for P-20240414-063520-001-140736707735688-1, no quotes for BTCUSDT-PERP.BINANCE[0m
[1m2024-04-14T08:13:40.000000000Z[0m [1;33m[WARN] TRADER-001.nautilus_common::cache: Cannot calculate unrealized PnL for P-20240414-063520-001-140736707735688-1, no quotes for BTCUSDT-PERP.BINANCE[0m
[1m2024-04-14T08:13:50.000000000Z[0m [1;33m[WARN] TRADER-001.nautilus_common::cache: Cannot calculate unrealized PnL for P-20240414-063520-001-140736707735688-1, no quotes for BTCUSDT-PERP.BINANCE[0m
[1m2024-04-14T08:13:59.999000000Z[0m [1;33m[WARN] TRADER-001.nautilus_common::cache: Cannot calculate unrealized PnL for P-20240414-063520-001-140736707735688-1, no quotes for BTCUSDT-PERP.BINANCE[0m
[1m2024-04-14T08:14:00.000000000Z[0m [1;33m[WARN] TRADER-001.nautilus_common::cache: Cannot calculate unrealized PnL for P-20240414-063520-001-140736707735688-1, no quotes for BTCUSDT-PERP.BINANCE[0m
[1m2024-04-14T08:14:10.000000000Z[0m [1;33m[WARN] TRADER-001.nautilus_common::cache: Cannot calculate unrealized PnL for P-20240414-063520-001-140736707735688-1, no quotes for BTCUSDT-PERP.BINANCE[0m
[1m2024-04-14T08:14:20.000000000Z[0m [1;33m[WARN] TRADER-001.nautilus_common::cache: Cannot calculate unrealized PnL for P-20240414-063520-001-140736707735688-1, no quotes for BTCUSDT-PERP.BINANCE[0m
[1m2024-04-14T08:14:30.000000000Z[0m [1;33m[WARN] TRADER-001.nautilus_common::cache: Cannot calculate unrealized PnL for P-20240414-063520-001-140736707735688-1, no quotes for BTCUSDT-PERP.BINANCE[0m
[1m2024-04-14T08:14:40.000000000Z[0m [1;33m[WARN] TRADER-001.nautilus_common::cache: Cannot calculate unrealized PnL for P-20240414-063520-001-140736707735688-1, no quotes for BTCUSDT-PERP.BINANCE[0m
[1m2024-04-14T08:14:50.000000000Z[0m [1;33m[WARN] TRADER-001.nautilus_common::cache: Cannot calculate unrealized PnL for P-20240414-063520-001-140736707735688-1, no quotes for BTCUSDT-PERP.BINANCE[0m
[1m2024-04-14T08:14:59.999000000Z[0m [1;33m[WARN] TRADER-001.nautilus_common::cache: Cannot calculate unrealized PnL for P-20240414-063520-001-140736707735688-1, no quotes for BTCUSDT-PERP.BINANCE[0m
[1m2024-04-14T08:15:00.000000000Z[0m [1;33m[WARN] TRADER-001.nautilus_common::cache: Cannot calculate unrealized PnL for P-20240414-063520-001-140736707735688-1, no quotes for BTCUSDT-PERP.BINANCE[0m
[1m2024-04-14T08:15:10.000000000Z[0m [1;33m[WARN] TRADER-001.nautilus_common::cache: Cannot calculate unrealized PnL for P-20240414-063520-001-140736707735688-1, no quotes for BTCUSDT-PERP.BINANCE[0m
[1m2024-04-14T08:15:20.000000000Z[0m [1;33m[WARN] TRADER-001.nautilus_common::cache: Cannot calculate unrealized PnL for P-20240414-063520-001-140736707735688-1, no quotes for BTCUSDT-PERP.BINANCE[0m
[1m2024-04-14T08:15:30.000000000Z[0m [1;33m[WARN] TRADER-001.nautilus_common::cache: Cannot calculate unrealized PnL for P-20240414-063520-001-140736707735688-1, no quotes for BTCUSDT-PERP.BINANCE[0m
[1m2024-04-14T08:15:40.000000000Z[0m [1;33m[WARN] TRADER-001.nautilus_common::cache: Cannot calculate unrealized PnL for P-20240414-063520-001-140736707735688-1, no quotes for BTCUSDT-PERP.BINANCE[0m
[1m2024-04-14T08:15:50.000000000Z[0m [1;33m[WARN] TRADER-001.nautilus_common::cache: Cannot calculate unrealized PnL for P-20240414-063520-001-140736707735688-1, no quotes for BTCUSDT-PERP.BINANCE[0m
[1m2024-04-14T08:15:59.999000000Z[0m [1;33m[WARN] TRADER-001.nautilus_common::cache: Cannot calculate unrealized PnL for P-20240414-063520-001-140736707735688-1, no quotes for BTCUSDT-PERP.BINANCE[0m
[1m2024-04-14T08:16:00.000000000Z[0m [1;33m[WARN] TRADER-001.nautilus_common::cache: Cannot calculate unrealized PnL for P-20240414-063520-001-140736707735688-1, no quotes for BTCUSDT-PERP.BINANCE[0m
[1m2024-04-14T08:16:10.000000000Z[0m [1;33m[WARN] TRADER-001.nautilus_common::cache: Cannot calculate unrealized PnL for P-20240414-063520-001-140736707735688-1, no quotes for BTCUSDT-PERP.BINANCE[0m
[1m2024-04-14T08:16:20.000000000Z[0m [1;33m[WARN] TRADER-001.nautilus_common::cache: Cannot calculate unrealized PnL for P-20240414-063520-001-140736707735688-1, no quotes for BTCUSDT-PERP.BINANCE[0m
[1m2024-04-14T08:16:30.000000000Z[0m [1;33m[WARN] TRADER-001.nautilus_common::cache: Cannot calculate unrealized PnL for P-20240414-063520-001-140736707735688-1, no quotes for BTCUSDT-PERP.BINANCE[0m
[1m2024-04-14T08:16:40.000000000Z[0m [1;33m[WARN] TRADER-001.nautilus_common::cache: Cannot calculate unrealized PnL for P-20240414-063520-001-140736707735688-1, no quotes for BTCUSDT-PERP.BINANCE[0m
[1m2024-04-14T08:16:50.000000000Z[0m [1;33m[WARN] TRADER-001.nautilus_common::cache: Cannot calculate unrealized PnL for P-20240414-063520-001-140736707735688-1, no quotes for BTCUSDT-PERP.BINANCE[0m
[1m2024-04-14T08:16:59.999000000Z[0m [1;33m[WARN] TRADER-001.nautilus_common::cache: Cannot calculate unrealized PnL for P-20240414-063520-001-140736707735688-1, no quotes for BTCUSDT-PERP.BINANCE[0m
[1m2024-04-14T08:17:00.000000000Z[0m [1;33m[WARN] TRADER-001.nautilus_common::cache: Cannot calculate unrealized PnL for P-20240414-063520-001-140736707735688-1, no quotes for BTCUSDT-PERP.BINANCE[0m
[1m2024-04-14T08:17:10.000000000Z[0m [1;33m[WARN] TRADER-001.nautilus_common::cache: Cannot calculate unrealized PnL for P-20240414-063520-001-140736707735688-1, no quotes for BTCUSDT-PERP.BINANCE[0m
[1m2024-04-14T08:17:20.000000000Z[0m [1;33m[WARN] TRADER-001.nautilus_common::cache: Cannot calculate unrealized PnL for P-20240414-063520-001-140736707735688-1, no quotes for BTCUSDT-PERP.BINANCE[0m
[1m2024-04-14T08:17:30.000000000Z[0m [1;33m[WARN] TRADER-001.nautilus_common::cache: Cannot calculate unrealized PnL for P-20240414-063520-001-140736707735688-1, no quotes for BTCUSDT-PERP.BINANCE[0m
[1m2024-04-14T08:17:40.000000000Z[0m [1;33m[WARN] TRADER-001.nautilus_common::cache: Cannot calculate unrealized PnL for P-20240414-063520-001-140736707735688-1, no quotes for BTCUSDT-PERP.BINANCE[0m
[1m2024-04-14T08:17:50.000000000Z[0m [1;33m[WARN] TRADER-001.nautilus_common::cache: Cannot calculate unrealized PnL for P-20240414-063520-001-140736707735688-1, no quotes for BTCUSDT-PERP.BINANCE[0m
[1m2024-04-14T08:17:59.999000000Z[0m [1;33m[WARN] TRADER-001.nautilus_common::cache: Cannot calculate unrealized PnL for P-20240414-063520-001-140736707735688-1, no quotes for BTCUSDT-PERP.BINANCE[0m
[1m2024-04-14T08:18:00.000000000Z[0m [1;33m[WARN] TRADER-001.nautilus_common::cache: Cannot calculate unrealized PnL for P-20240414-063520-001-140736707735688-1, no quotes for BTCUSDT-PERP.BINANCE[0m
[1m2024-04-14T08:18:10.000000000Z[0m [1;33m[WARN] TRADER-001.nautilus_common::cache: Cannot calculate unrealized PnL for P-20240414-063520-001-140736707735688-1, no quotes for BTCUSDT-PERP.BINANCE[0m
[1m2024-04-14T08:18:20.000000000Z[0m [1;33m[WARN] TRADER-001.nautilus_common::cache: Cannot calculate unrealized PnL for P-20240414-063520-001-140736707735688-1, no quotes for BTCUSDT-PERP.BINANCE[0m
[1m2024-04-14T08:18:30.000000000Z[0m [1;33m[WARN] TRADER-001.nautilus_common::cache: Cannot calculate unrealized PnL for P-20240414-063520-001-140736707735688-1, no quotes for BTCUSDT-PERP.BINANCE[0m
[1m2024-04-14T08:18:40.000000000Z[0m [1;33m[WARN] TRADER-001.nautilus_common::cache: Cannot calculate unrealized PnL for P-20240414-063520-001-140736707735688-1, no quotes for BTCUSDT-PERP.BINANCE[0m
[1m2024-04-14T08:18:50.000000000Z[0m [1;33m[WARN] TRADER-001.nautilus_common::cache: Cannot calculate unrealized PnL for P-20240414-063520-001-140736707735688-1, no quotes for BTCUSDT-PERP.BINANCE[0m
[1m2024-04-14T08:18:59.999000000Z[0m [1;33m[WARN] TRADER-001.nautilus_common::cache: Cannot calculate unrealized PnL for P-20240414-063520-001-140736707735688-1, no quotes for BTCUSDT-PERP.BINANCE[0m
[1m2024-04-14T08:19:00.000000000Z[0m [1;33m[WARN] TRADER-001.nautilus_common::cache: Cannot calculate unrealized PnL for P-20240414-063520-001-140736707735688-1, no quotes for BTCUSDT-PERP.BINANCE[0m
[1m2024-04-14T08:19:10.000000000Z[0m [1;33m[WARN] TRADER-001.nautilus_common::cache: Cannot calculate unrealized PnL for P-20240414-063520-001-140736707735688-1, no quotes for BTCUSDT-PERP.BINANCE[0m
[1m2024-04-14T08:19:20.000000000Z[0m [1;33m[WARN] TRADER-001.nautilus_common::cache: Cannot calculate unrealized PnL for P-20240414-063520-001-140736707735688-1, no quotes for BTCUSDT-PERP.BINANCE[0m
[1m2024-04-14T08:19:30.000000000Z[0m [1;33m[WARN] TRADER-001.nautilus_common::cache: Cannot calculate unrealized PnL for P-20240414-063520-001-140736707735688-1, no quotes for BTCUSDT-PERP.BINANCE[0m
[1m2024-04-14T08:19:40.000000000Z[0m [1;33m[WARN] TRADER-001.nautilus_common::cache: Cannot calculate unrealized PnL for P-20240414-063520-001-140736707735688-1, no quotes for BTCUSDT-PERP.BINANCE[0m
[1m2024-04-14T08:19:50.000000000Z[0m [1;33m[WARN] TRADER-001.nautilus_common::cache: Cannot calculate unrealized PnL for P-20240414-063520-001-140736707735688-1, no quotes for BTCUSDT-PERP.BINANCE[0m
[1m2024-04-14T08:19:59.999000000Z[0m [1;33m[WARN] TRADER-001.nautilus_common::cache: Cannot calculate unrealized PnL for P-20240414-063520-001-140736707735688-1, no quotes for BTCUSDT-PERP.BINANCE[0m
[1m2024-04-14T08:20:00.000000000Z[0m [1;33m[WARN] TRADER-001.nautilus_common::cache: Cannot calculate unrealized PnL for P-20240414-063520-001-140736707735688-1, no quotes for BTCUSDT-PERP.BINANCE[0m
[1m2024-04-14T08:20:10.000000000Z[0m [1;33m[WARN] TRADER-001.nautilus_common::cache: Cannot calculate unrealized PnL for P-20240414-063520-001-140736707735688-1, no quotes for BTCUSDT-PERP.BINANCE[0m
[1m2024-04-14T08:20:20.000000000Z[0m [1;33m[WARN] TRADER-001.nautilus_common::cache: Cannot calculate unrealized PnL for P-20240414-063520-001-140736707735688-1, no quotes for BTCUSDT-PERP.BINANCE[0m
[1m2024-04-14T08:20:30.000000000Z[0m [1;33m[WARN] TRADER-001.nautilus_common::cache: Cannot calculate unrealized PnL for P-20240414-063520-001-140736707735688-1, no quotes for BTCUSDT-PERP.BINANCE[0m
[1m2024-04-14T08:20:40.000000000Z[0m [1;33m[WARN] TRADER-001.nautilus_common::cache: Cannot calculate unrealized PnL for P-20240414-063520-001-140736707735688-1, no quotes for BTCUSDT-PERP.BINANCE[0m
[1m2024-04-14T08:20:50.000000000Z[0m [1;33m[WARN] TRADER-001.nautilus_common::cache: Cannot calculate unrealized PnL for P-20240414-063520-001-140736707735688-1, no quotes for BTCUSDT-PERP.BINANCE[0m
[1m2024-04-14T08:20:59.999000000Z[0m [1;33m[WARN] TRADER-001.nautilus_common::cache: Cannot calculate unrealized PnL for P-20240414-063520-001-140736707735688-1, no quotes for BTCUSDT-PERP.BINANCE[0m
[1m2024-04-14T08:21:00.000000000Z[0m [1;33m[WARN] TRADER-001.nautilus_common::cache: Cannot calculate unrealized PnL for P-20240414-063520-001-140736707735688-1, no quotes for BTCUSDT-PERP.BINANCE[0m
[1m2024-04-14T08:21:10.000000000Z[0m [1;33m[WARN] TRADER-001.nautilus_common::cache: Cannot calculate unrealized PnL for P-20240414-063520-001-140736707735688-1, no quotes for BTCUSDT-PERP.BINANCE[0m
[1m2024-04-14T08:21:20.000000000Z[0m [1;33m[WARN] TRADER-001.nautilus_common::cache: Cannot calculate unrealized PnL for P-20240414-063520-001-140736707735688-1, no quotes for BTCUSDT-PERP.BINANCE[0m
[1m2024-04-14T08:21:30.000000000Z[0m [1;33m[WARN] TRADER-001.nautilus_common::cache: Cannot calculate unrealized PnL for P-20240414-063520-001-140736707735688-1, no quotes for BTCUSDT-PERP.BINANCE[0m
[1m2024-04-14T08:21:40.000000000Z[0m [1;33m[WARN] TRADER-001.nautilus_common::cache: Cannot calculate unrealized PnL for P-20240414-063520-001-140736707735688-1, no quotes for BTCUSDT-PERP.BINANCE[0m
[1m2024-04-14T08:21:50.000000000Z[0m [1;33m[WARN] TRADER-001.nautilus_common::cache: Cannot calculate unrealized PnL for P-20240414-063520-001-140736707735688-1, no quotes for BTCUSDT-PERP.BINANCE[0m
[1m2024-04-14T08:21:59.999000000Z[0m [1;33m[WARN] TRADER-001.nautilus_common::cache: Cannot calculate unrealized PnL for P-20240414-063520-001-140736707735688-1, no quotes for BTCUSDT-PERP.BINANCE[0m
[1m2024-04-14T08:22:00.000000000Z[0m [1;33m[WARN] TRADER-001.nautilus_common::cache: Cannot calculate unrealized PnL for P-20240414-063520-001-140736707735688-1, no quotes for BTCUSDT-PERP.BINANCE[0m
[1m2024-04-14T08:22:10.000000000Z[0m [1;33m[WARN] TRADER-001.nautilus_common::cache: Cannot calculate unrealized PnL for P-20240414-063520-001-140736707735688-1, no quotes for BTCUSDT-PERP.BINANCE[0m
[1m2024-04-14T08:22:20.000000000Z[0m [1;33m[WARN] TRADER-001.nautilus_common::cache: Cannot calculate unrealized PnL for P-20240414-063520-001-140736707735688-1, no quotes for BTCUSDT-PERP.BINANCE[0m
[1m2024-04-14T08:22:30.000000000Z[0m [1;33m[WARN] TRADER-001.nautilus_common::cache: Cannot calculate unrealized PnL for P-20240414-063520-001-140736707735688-1, no quotes for BTCUSDT-PERP.BINANCE[0m
[1m2024-04-14T08:22:40.000000000Z[0m [1;33m[WARN] TRADER-001.nautilus_common::cache: Cannot calculate unrealized PnL for P-20240414-063520-001-140736707735688-1, no quotes for BTCUSDT-PERP.BINANCE[0m
[1m2024-04-14T08:22:50.000000000Z[0m [1;33m[WARN] TRADER-001.nautilus_common::cache: Cannot calculate unrealized PnL for P-20240414-063520-001-140736707735688-1, no quotes for BTCUSDT-PERP.BINANCE[0m
[1m2024-04-14T08:22:59.999000000Z[0m [1;33m[WARN] TRADER-001.nautilus_common::cache: Cannot calculate unrealized PnL for P-20240414-063520-001-140736707735688-1, no quotes for BTCUSDT-PERP.BINANCE[0m
[1m2024-04-14T08:23:00.000000000Z[0m [1;33m[WARN] TRADER-001.nautilus_common::cache: Cannot calculate unrealized PnL for P-20240414-063520-001-140736707735688-1, no quotes for BTCUSDT-PERP.BINANCE[0m
[1m2024-04-14T08:23:10.000000000Z[0m [1;33m[WARN] TRADER-001.nautilus_common::cache: Cannot calculate unrealized PnL for P-20240414-063520-001-140736707735688-1, no quotes for BTCUSDT-PERP.BINANCE[0m
[1m2024-04-14T08:23:20.000000000Z[0m [1;33m[WARN] TRADER-001.nautilus_common::cache: Cannot calculate unrealized PnL for P-20240414-063520-001-140736707735688-1, no quotes for BTCUSDT-PERP.BINANCE[0m
[1m2024-04-14T08:23:30.000000000Z[0m [1;33m[WARN] TRADER-001.nautilus_common::cache: Cannot calculate unrealized PnL for P-20240414-063520-001-140736707735688-1, no quotes for BTCUSDT-PERP.BINANCE[0m
[1m2024-04-14T08:23:40.000000000Z[0m [1;33m[WARN] TRADER-001.nautilus_common::cache: Cannot calculate unrealized PnL for P-20240414-063520-001-140736707735688-1, no quotes for BTCUSDT-PERP.BINANCE[0m
[1m2024-04-14T08:23:50.000000000Z[0m [1;33m[WARN] TRADER-001.nautilus_common::cache: Cannot calculate unrealized PnL for P-20240414-063520-001-140736707735688-1, no quotes for BTCUSDT-PERP.BINANCE[0m
[1m2024-04-14T08:23:59.999000000Z[0m [1;33m[WARN] TRADER-001.nautilus_common::cache: Cannot calculate unrealized PnL for P-20240414-063520-001-140736707735688-1, no quotes for BTCUSDT-PERP.BINANCE[0m
[1m2024-04-14T08:24:00.000000000Z[0m [1;33m[WARN] TRADER-001.nautilus_common::cache: Cannot calculate unrealized PnL for P-20240414-063520-001-140736707735688-1, no quotes for BTCUSDT-PERP.BINANCE[0m
[1m2024-04-14T08:24:10.000000000Z[0m [1;33m[WARN] TRADER-001.nautilus_common::cache: Cannot calculate unrealized PnL for P-20240414-063520-001-140736707735688-1, no quotes for BTCUSDT-PERP.BINANCE[0m
[1m2024-04-14T08:24:20.000000000Z[0m [1;33m[WARN] TRADER-001.nautilus_common::cache: Cannot calculate unrealized PnL for P-20240414-063520-001-140736707735688-1, no quotes for BTCUSDT-PERP.BINANCE[0m
[1m2024-04-14T08:24:30.000000000Z[0m [1;33m[WARN] TRADER-001.nautilus_common::cache: Cannot calculate unrealized PnL for P-20240414-063520-001-140736707735688-1, no quotes for BTCUSDT-PERP.BINANCE[0m
[1m2024-04-14T08:24:40.000000000Z[0m [1;33m[WARN] TRADER-001.nautilus_common::cache: Cannot calculate unrealized PnL for P-20240414-063520-001-140736707735688-1, no quotes for BTCUSDT-PERP.BINANCE[0m
[1m2024-04-14T08:24:50.000000000Z[0m [1;33m[WARN] TRADER-001.nautilus_common::cache: Cannot calculate unrealized PnL for P-20240414-063520-001-140736707735688-1, no quotes for BTCUSDT-PERP.BINANCE[0m
[1m2024-04-14T08:24:59.999000000Z[0m [1;33m[WARN] TRADER-001.nautilus_common::cache: Cannot calculate unrealized PnL for P-20240414-063520-001-140736707735688-1, no quotes for BTCUSDT-PERP.BINANCE[0m
[1m2024-04-14T08:25:00.000000000Z[0m [1;33m[WARN] TRADER-001.nautilus_common::cache: Cannot calculate unrealized PnL for P-20240414-063520-001-140736707735688-1, no quotes for BTCUSDT-PERP.BINANCE[0m
[1m2024-04-14T08:25:10.000000000Z[0m [1;33m[WARN] TRADER-001.nautilus_common::cache: Cannot calculate unrealized PnL for P-20240414-063520-001-140736707735688-1, no quotes for BTCUSDT-PERP.BINANCE[0m
[1m2024-04-14T08:25:20.000000000Z[0m [1;33m[WARN] TRADER-001.nautilus_common::cache: Cannot calculate unrealized PnL for P-20240414-063520-001-140736707735688-1, no quotes for BTCUSDT-PERP.BINANCE[0m
[1m2024-04-14T08:25:30.000000000Z[0m [1;33m[WARN] TRADER-001.nautilus_common::cache: Cannot calculate unrealized PnL for P-20240414-063520-001-140736707735688-1, no quotes for BTCUSDT-PERP.BINANCE[0m
[1m2024-04-14T08:25:40.000000000Z[0m [1;33m[WARN] TRADER-001.nautilus_common::cache: Cannot calculate unrealized PnL for P-20240414-063520-001-140736707735688-1, no quotes for BTCUSDT-PERP.BINANCE[0m
[1m2024-04-14T08:25:50.000000000Z[0m [1;33m[WARN] TRADER-001.nautilus_common::cache: Cannot calculate unrealized PnL for P-20240414-063520-001-140736707735688-1, no quotes for BTCUSDT-PERP.BINANCE[0m
[1m2024-04-14T08:25:59.999000000Z[0m [1;33m[WARN] TRADER-001.nautilus_common::cache: Cannot calculate unrealized PnL for P-20240414-063520-001-140736707735688-1, no quotes for BTCUSDT-PERP.BINANCE[0m
[1m2024-04-14T08:26:00.000000000Z[0m [1;33m[WARN] TRADER-001.nautilus_common::cache: Cannot calculate unrealized PnL for P-20240414-063520-001-140736707735688-1, no quotes for BTCUSDT-PERP.BINANCE[0m
[1m2024-04-14T08:26:10.000000000Z[0m [1;33m[WARN] TRADER-001.nautilus_common::cache: Cannot calculate unrealized PnL for P-20240414-063520-001-140736707735688-1, no quotes for BTCUSDT-PERP.BINANCE[0m
[1m2024-04-14T08:26:20.000000000Z[0m [1;33m[WARN] TRADER-001.nautilus_common::cache: Cannot calculate unrealized PnL for P-20240414-063520-001-140736707735688-1, no quotes for BTCUSDT-PERP.BINANCE[0m
[1m2024-04-14T08:26:30.000000000Z[0m [1;33m[WARN] TRADER-001.nautilus_common::cache: Cannot calculate unrealized PnL for P-20240414-063520-001-140736707735688-1, no quotes for BTCUSDT-PERP.BINANCE[0m
[1m2024-04-14T08:26:40.000000000Z[0m [1;33m[WARN] TRADER-001.nautilus_common::cache: Cannot calculate unrealized PnL for P-20240414-063520-001-140736707735688-1, no quotes for BTCUSDT-PERP.BINANCE[0m
[1m2024-04-14T08:26:50.000000000Z[0m [1;33m[WARN] TRADER-001.nautilus_common::cache: Cannot calculate unrealized PnL for P-20240414-063520-001-140736707735688-1, no quotes for BTCUSDT-PERP.BINANCE[0m
[1m2024-04-14T08:26:59.999000000Z[0m [1;33m[WARN] TRADER-001.nautilus_common::cache: Cannot calculate unrealized PnL for P-20240414-063520-001-140736707735688-1, no quotes for BTCUSDT-PERP.BINANCE[0m
[1m2024-04-14T08:27:00.000000000Z[0m [1;33m[WARN] TRADER-001.nautilus_common::cache: Cannot calculate unrealized PnL for P-20240414-063520-001-140736707735688-1, no quotes for BTCUSDT-PERP.BINANCE[0m
[1m2024-04-14T08:27:10.000000000Z[0m [1;33m[WARN] TRADER-001.nautilus_common::cache: Cannot calculate unrealized PnL for P-20240414-063520-001-140736707735688-1, no quotes for BTCUSDT-PERP.BINANCE[0m
[1m2024-04-14T08:27:20.000000000Z[0m [1;33m[WARN] TRADER-001.nautilus_common::cache: Cannot calculate unrealized PnL for P-20240414-063520-001-140736707735688-1, no quotes for BTCUSDT-PERP.BINANCE[0m
[1m2024-04-14T08:27:30.000000000Z[0m [1;33m[WARN] TRADER-001.nautilus_common::cache: Cannot calculate unrealized PnL for P-20240414-063520-001-140736707735688-1, no quotes for BTCUSDT-PERP.BINANCE[0m
[1m2024-04-14T08:27:40.000000000Z[0m [1;33m[WARN] TRADER-001.nautilus_common::cache: Cannot calculate unrealized PnL for P-20240414-063520-001-140736707735688-1, no quotes for BTCUSDT-PERP.BINANCE[0m
[1m2024-04-14T08:27:50.000000000Z[0m [1;33m[WARN] TRADER-001.nautilus_common::cache: Cannot calculate unrealized PnL for P-20240414-063520-001-140736707735688-1, no quotes for BTCUSDT-PERP.BINANCE[0m
[1m2024-04-14T08:27:59.999000000Z[0m [1;33m[WARN] TRADER-001.nautilus_common::cache: Cannot calculate unrealized PnL for P-20240414-063520-001-140736707735688-1, no quotes for BTCUSDT-PERP.BINANCE[0m
[1m2024-04-14T08:28:00.000000000Z[0m [1;33m[WARN] TRADER-001.nautilus_common::cache: Cannot calculate unrealized PnL for P-20240414-063520-001-140736707735688-1, no quotes for BTCUSDT-PERP.BINANCE[0m
[1m2024-04-14T08:28:10.000000000Z[0m [1;33m[WARN] TRADER-001.nautilus_common::cache: Cannot calculate unrealized PnL for P-20240414-063520-001-140736707735688-1, no quotes for BTCUSDT-PERP.BINANCE[0m
[1m2024-04-14T08:28:20.000000000Z[0m [1;33m[WARN] TRADER-001.nautilus_common::cache: Cannot calculate unrealized PnL for P-20240414-063520-001-140736707735688-1, no quotes for BTCUSDT-PERP.BINANCE[0m
[1m2024-04-14T08:28:30.000000000Z[0m [1;33m[WARN] TRADER-001.nautilus_common::cache: Cannot calculate unrealized PnL for P-20240414-063520-001-140736707735688-1, no quotes for BTCUSDT-PERP.BINANCE[0m
[1m2024-04-14T08:28:40.000000000Z[0m [1;33m[WARN] TRADER-001.nautilus_common::cache: Cannot calculate unrealized PnL for P-20240414-063520-001-140736707735688-1, no quotes for BTCUSDT-PERP.BINANCE[0m
[1m2024-04-14T08:28:50.000000000Z[0m [1;33m[WARN] TRADER-001.nautilus_common::cache: Cannot calculate unrealized PnL for P-20240414-063520-001-140736707735688-1, no quotes for BTCUSDT-PERP.BINANCE[0m
[1m2024-04-14T08:28:59.999000000Z[0m [1;33m[WARN] TRADER-001.nautilus_common::cache: Cannot calculate unrealized PnL for P-20240414-063520-001-140736707735688-1, no quotes for BTCUSDT-PERP.BINANCE[0m
[1m2024-04-14T08:29:00.000000000Z[0m [1;33m[WARN] TRADER-001.nautilus_common::cache: Cannot calculate unrealized PnL for P-20240414-063520-001-140736707735688-1, no quotes for BTCUSDT-PERP.BINANCE[0m
[1m2024-04-14T08:29:10.000000000Z[0m [1;33m[WARN] TRADER-001.nautilus_common::cache: Cannot calculate unrealized PnL for P-20240414-063520-001-140736707735688-1, no quotes for BTCUSDT-PERP.BINANCE[0m
[1m2024-04-14T08:29:20.000000000Z[0m [1;33m[WARN] TRADER-001.nautilus_common::cache: Cannot calculate unrealized PnL for P-20240414-063520-001-140736707735688-1, no quotes for BTCUSDT-PERP.BINANCE[0m
[1m2024-04-14T08:29:30.000000000Z[0m [1;33m[WARN] TRADER-001.nautilus_common::cache: Cannot calculate unrealized PnL for P-20240414-063520-001-140736707735688-1, no quotes for BTCUSDT-PERP.BINANCE[0m
[1m2024-04-14T08:29:40.000000000Z[0m [1;33m[WARN] TRADER-001.nautilus_common::cache: Cannot calculate unrealized PnL for P-20240414-063520-001-140736707735688-1, no quotes for BTCUSDT-PERP.BINANCE[0m
[1m2024-04-14T08:29:50.000000000Z[0m [1;33m[WARN] TRADER-001.nautilus_common::cache: Cannot calculate unrealized PnL for P-20240414-063520-001-140736707735688-1, no quotes for BTCUSDT-PERP.BINANCE[0m
[1m2024-04-14T08:29:59.999000000Z[0m [1;33m[WARN] TRADER-001.nautilus_common::cache: Cannot calculate unrealized PnL for P-20240414-063520-001-140736707735688-1, no quotes for BTCUSDT-PERP.BINANCE[0m
[1m2024-04-14T08:30:00.000000000Z[0m [1;33m[WARN] TRADER-001.nautilus_common::cache: Cannot calculate unrealized PnL for P-20240414-063520-001-140736707735688-1, no quotes for BTCUSDT-PERP.BINANCE[0m
[1m2024-04-14T08:30:10.000000000Z[0m [1;33m[WARN] TRADER-001.nautilus_common::cache: Cannot calculate unrealized PnL for P-20240414-063520-001-140736707735688-1, no quotes for BTCUSDT-PERP.BINANCE[0m
[1m2024-04-14T08:30:20.000000000Z[0m [1;33m[WARN] TRADER-001.nautilus_common::cache: Cannot calculate unrealized PnL for P-20240414-063520-001-140736707735688-1, no quotes for BTCUSDT-PERP.BINANCE[0m
[1m2024-04-14T08:30:30.000000000Z[0m [1;33m[WARN] TRADER-001.nautilus_common::cache: Cannot calculate unrealized PnL for P-20240414-063520-001-140736707735688-1, no quotes for BTCUSDT-PERP.BINANCE[0m
[1m2024-04-14T08:30:40.000000000Z[0m [1;33m[WARN] TRADER-001.nautilus_common::cache: Cannot calculate unrealized PnL for P-20240414-063520-001-140736707735688-1, no quotes for BTCUSDT-PERP.BINANCE[0m
[1m2024-04-14T08:30:50.000000000Z[0m [1;33m[WARN] TRADER-001.nautilus_common::cache: Cannot calculate unrealized PnL for P-20240414-063520-001-140736707735688-1, no quotes for BTCUSDT-PERP.BINANCE[0m
[1m2024-04-14T08:30:59.999000000Z[0m [1;33m[WARN] TRADER-001.nautilus_common::cache: Cannot calculate unrealized PnL for P-20240414-063520-001-140736707735688-1, no quotes for BTCUSDT-PERP.BINANCE[0m
[1m2024-04-14T08:31:00.000000000Z[0m [1;33m[WARN] TRADER-001.nautilus_common::cache: Cannot calculate unrealized PnL for P-20240414-063520-001-140736707735688-1, no quotes for BTCUSDT-PERP.BINANCE[0m
[1m2024-04-14T08:31:10.000000000Z[0m [1;33m[WARN] TRADER-001.nautilus_common::cache: Cannot calculate unrealized PnL for P-20240414-063520-001-140736707735688-1, no quotes for BTCUSDT-PERP.BINANCE[0m
[1m2024-04-14T08:31:20.000000000Z[0m [1;33m[WARN] TRADER-001.nautilus_common::cache: Cannot calculate unrealized PnL for P-20240414-063520-001-140736707735688-1, no quotes for BTCUSDT-PERP.BINANCE[0m
[1m2024-04-14T08:31:30.000000000Z[0m [1;33m[WARN] TRADER-001.nautilus_common::cache: Cannot calculate unrealized PnL for P-20240414-063520-001-140736707735688-1, no quotes for BTCUSDT-PERP.BINANCE[0m
[1m2024-04-14T08:31:40.000000000Z[0m [1;33m[WARN] TRADER-001.nautilus_common::cache: Cannot calculate unrealized PnL for P-20240414-063520-001-140736707735688-1, no quotes for BTCUSDT-PERP.BINANCE[0m
[1m2024-04-14T08:31:50.000000000Z[0m [1;33m[WARN] TRADER-001.nautilus_common::cache: Cannot calculate unrealized PnL for P-20240414-063520-001-140736707735688-1, no quotes for BTCUSDT-PERP.BINANCE[0m
[1m2024-04-14T08:31:59.999000000Z[0m [1;33m[WARN] TRADER-001.nautilus_common::cache: Cannot calculate unrealized PnL for P-20240414-063520-001-140736707735688-1, no quotes for BTCUSDT-PERP.BINANCE[0m
[1m2024-04-14T08:32:00.000000000Z[0m [1;33m[WARN] TRADER-001.nautilus_common::cache: Cannot calculate unrealized PnL for P-20240414-063520-001-140736707735688-1, no quotes for BTCUSDT-PERP.BINANCE[0m
[1m2024-04-14T08:32:10.000000000Z[0m [1;33m[WARN] TRADER-001.nautilus_common::cache: Cannot calculate unrealized PnL for P-20240414-063520-001-140736707735688-1, no quotes for BTCUSDT-PERP.BINANCE[0m
[1m2024-04-14T08:32:20.000000000Z[0m [1;33m[WARN] TRADER-001.nautilus_common::cache: Cannot calculate unrealized PnL for P-20240414-063520-001-140736707735688-1, no quotes for BTCUSDT-PERP.BINANCE[0m
[1m2024-04-14T08:32:30.000000000Z[0m [1;33m[WARN] TRADER-001.nautilus_common::cache: Cannot calculate unrealized PnL for P-20240414-063520-001-140736707735688-1, no quotes for BTCUSDT-PERP.BINANCE[0m
[1m2024-04-14T08:32:40.000000000Z[0m [1;33m[WARN] TRADER-001.nautilus_common::cache: Cannot calculate unrealized PnL for P-20240414-063520-001-140736707735688-1, no quotes for BTCUSDT-PERP.BINANCE[0m
[1m2024-04-14T08:32:50.000000000Z[0m [1;33m[WARN] TRADER-001.nautilus_common::cache: Cannot calculate unrealized PnL for P-20240414-063520-001-140736707735688-1, no quotes for BTCUSDT-PERP.BINANCE[0m
[1m2024-04-14T08:32:59.999000000Z[0m [1;33m[WARN] TRADER-001.nautilus_common::cache: Cannot calculate unrealized PnL for P-20240414-063520-001-140736707735688-1, no quotes for BTCUSDT-PERP.BINANCE[0m
[1m2024-04-14T08:33:00.000000000Z[0m [1;33m[WARN] TRADER-001.nautilus_common::cache: Cannot calculate unrealized PnL for P-20240414-063520-001-140736707735688-1, no quotes for BTCUSDT-PERP.BINANCE[0m
[1m2024-04-14T08:33:10.000000000Z[0m [1;33m[WARN] TRADER-001.nautilus_common::cache: Cannot calculate unrealized PnL for P-20240414-063520-001-140736707735688-1, no quotes for BTCUSDT-PERP.BINANCE[0m
[1m2024-04-14T08:33:20.000000000Z[0m [1;33m[WARN] TRADER-001.nautilus_common::cache: Cannot calculate unrealized PnL for P-20240414-063520-001-140736707735688-1, no quotes for BTCUSDT-PERP.BINANCE[0m
[1m2024-04-14T08:33:30.000000000Z[0m [1;33m[WARN] TRADER-001.nautilus_common::cache: Cannot calculate unrealized PnL for P-20240414-063520-001-140736707735688-1, no quotes for BTCUSDT-PERP.BINANCE[0m
[1m2024-04-14T08:33:40.000000000Z[0m [1;33m[WARN] TRADER-001.nautilus_common::cache: Cannot calculate unrealized PnL for P-20240414-063520-001-140736707735688-1, no quotes for BTCUSDT-PERP.BINANCE[0m
[1m2024-04-14T08:33:50.000000000Z[0m [1;33m[WARN] TRADER-001.nautilus_common::cache: Cannot calculate unrealized PnL for P-20240414-063520-001-140736707735688-1, no quotes for BTCUSDT-PERP.BINANCE[0m
[1m2024-04-14T08:33:59.999000000Z[0m [1;33m[WARN] TRADER-001.nautilus_common::cache: Cannot calculate unrealized PnL for P-20240414-063520-001-140736707735688-1, no quotes for BTCUSDT-PERP.BINANCE[0m
[1m2024-04-14T08:34:00.000000000Z[0m [1;33m[WARN] TRADER-001.nautilus_common::cache: Cannot calculate unrealized PnL for P-20240414-063520-001-140736707735688-1, no quotes for BTCUSDT-PERP.BINANCE[0m
[1m2024-04-14T08:34:10.000000000Z[0m [1;33m[WARN] TRADER-001.nautilus_common::cache: Cannot calculate unrealized PnL for P-20240414-063520-001-140736707735688-1, no quotes for BTCUSDT-PERP.BINANCE[0m
[1m2024-04-14T08:34:20.000000000Z[0m [1;33m[WARN] TRADER-001.nautilus_common::cache: Cannot calculate unrealized PnL for P-20240414-063520-001-140736707735688-1, no quotes for BTCUSDT-PERP.BINANCE[0m
[1m2024-04-14T08:34:30.000000000Z[0m [1;33m[WARN] TRADER-001.nautilus_common::cache: Cannot calculate unrealized PnL for P-20240414-063520-001-140736707735688-1, no quotes for BTCUSDT-PERP.BINANCE[0m
[1m2024-04-14T08:34:40.000000000Z[0m [1;33m[WARN] TRADER-001.nautilus_common::cache: Cannot calculate unrealized PnL for P-20240414-063520-001-140736707735688-1, no quotes for BTCUSDT-PERP.BINANCE[0m
[1m2024-04-14T08:34:50.000000000Z[0m [1;33m[WARN] TRADER-001.nautilus_common::cache: Cannot calculate unrealized PnL for P-20240414-063520-001-140736707735688-1, no quotes for BTCUSDT-PERP.BINANCE[0m
[1m2024-04-14T08:34:59.999000000Z[0m [1;33m[WARN] TRADER-001.nautilus_common::cache: Cannot calculate unrealized PnL for P-20240414-063520-001-140736707735688-1, no quotes for BTCUSDT-PERP.BINANCE[0m
[1m2024-04-14T08:35:00.000000000Z[0m [1;33m[WARN] TRADER-001.nautilus_common::cache: Cannot calculate unrealized PnL for P-20240414-063520-001-140736707735688-1, no quotes for BTCUSDT-PERP.BINANCE[0m
[1m2024-04-14T08:35:10.000000000Z[0m [1;33m[WARN] TRADER-001.nautilus_common::cache: Cannot calculate unrealized PnL for P-20240414-063520-001-140736707735688-1, no quotes for BTCUSDT-PERP.BINANCE[0m
[1m2024-04-14T08:35:20.000000000Z[0m [1;33m[WARN] TRADER-001.nautilus_common::cache: Cannot calculate unrealized PnL for P-20240414-063520-001-140736707735688-1, no quotes for BTCUSDT-PERP.BINANCE[0m
[1m2024-04-14T08:35:30.000000000Z[0m [1;33m[WARN] TRADER-001.nautilus_common::cache: Cannot calculate unrealized PnL for P-20240414-063520-001-140736707735688-1, no quotes for BTCUSDT-PERP.BINANCE[0m
[1m2024-04-14T08:35:40.000000000Z[0m [1;33m[WARN] TRADER-001.nautilus_common::cache: Cannot calculate unrealized PnL for P-20240414-063520-001-140736707735688-1, no quotes for BTCUSDT-PERP.BINANCE[0m
[1m2024-04-14T08:35:50.000000000Z[0m [1;33m[WARN] TRADER-001.nautilus_common::cache: Cannot calculate unrealized PnL for P-20240414-063520-001-140736707735688-1, no quotes for BTCUSDT-PERP.BINANCE[0m
[1m2024-04-14T08:35:59.999000000Z[0m [1;33m[WARN] TRADER-001.nautilus_common::cache: Cannot calculate unrealized PnL for P-20240414-063520-001-140736707735688-1, no quotes for BTCUSDT-PERP.BINANCE[0m
[1m2024-04-14T08:36:00.000000000Z[0m [1;33m[WARN] TRADER-001.nautilus_common::cache: Cannot calculate unrealized PnL for P-20240414-063520-001-140736707735688-1, no quotes for BTCUSDT-PERP.BINANCE[0m
[1m2024-04-14T08:36:10.000000000Z[0m [1;33m[WARN] TRADER-001.nautilus_common::cache: Cannot calculate unrealized PnL for P-20240414-063520-001-140736707735688-1, no quotes for BTCUSDT-PERP.BINANCE[0m
[1m2024-04-14T08:36:20.000000000Z[0m [1;33m[WARN] TRADER-001.nautilus_common::cache: Cannot calculate unrealized PnL for P-20240414-063520-001-140736707735688-1, no quotes for BTCUSDT-PERP.BINANCE[0m
[1m2024-04-14T08:36:30.000000000Z[0m [1;33m[WARN] TRADER-001.nautilus_common::cache: Cannot calculate unrealized PnL for P-20240414-063520-001-140736707735688-1, no quotes for BTCUSDT-PERP.BINANCE[0m
[1m2024-04-14T08:36:40.000000000Z[0m [1;33m[WARN] TRADER-001.nautilus_common::cache: Cannot calculate unrealized PnL for P-20240414-063520-001-140736707735688-1, no quotes for BTCUSDT-PERP.BINANCE[0m
[1m2024-04-14T08:36:50.000000000Z[0m [1;33m[WARN] TRADER-001.nautilus_common::cache: Cannot calculate unrealized PnL for P-20240414-063520-001-140736707735688-1, no quotes for BTCUSDT-PERP.BINANCE[0m
[1m2024-04-14T08:36:59.999000000Z[0m [1;33m[WARN] TRADER-001.nautilus_common::cache: Cannot calculate unrealized PnL for P-20240414-063520-001-140736707735688-1, no quotes for BTCUSDT-PERP.BINANCE[0m
[1m2024-04-14T08:37:00.000000000Z[0m [1;33m[WARN] TRADER-001.nautilus_common::cache: Cannot calculate unrealized PnL for P-20240414-063520-001-140736707735688-1, no quotes for BTCUSDT-PERP.BINANCE[0m
[1m2024-04-14T08:37:10.000000000Z[0m [1;33m[WARN] TRADER-001.nautilus_common::cache: Cannot calculate unrealized PnL for P-20240414-063520-001-140736707735688-1, no quotes for BTCUSDT-PERP.BINANCE[0m
[1m2024-04-14T08:37:20.000000000Z[0m [1;33m[WARN] TRADER-001.nautilus_common::cache: Cannot calculate unrealized PnL for P-20240414-063520-001-140736707735688-1, no quotes for BTCUSDT-PERP.BINANCE[0m
[1m2024-04-14T08:37:30.000000000Z[0m [1;33m[WARN] TRADER-001.nautilus_common::cache: Cannot calculate unrealized PnL for P-20240414-063520-001-140736707735688-1, no quotes for BTCUSDT-PERP.BINANCE[0m
[1m2024-04-14T08:37:40.000000000Z[0m [1;33m[WARN] TRADER-001.nautilus_common::cache: Cannot calculate unrealized PnL for P-20240414-063520-001-140736707735688-1, no quotes for BTCUSDT-PERP.BINANCE[0m
[1m2024-04-14T08:37:50.000000000Z[0m [1;33m[WARN] TRADER-001.nautilus_common::cache: Cannot calculate unrealized PnL for P-20240414-063520-001-140736707735688-1, no quotes for BTCUSDT-PERP.BINANCE[0m
[1m2024-04-14T08:37:59.999000000Z[0m [1;33m[WARN] TRADER-001.nautilus_common::cache: Cannot calculate unrealized PnL for P-20240414-063520-001-140736707735688-1, no quotes for BTCUSDT-PERP.BINANCE[0m
[1m2024-04-14T08:38:00.000000000Z[0m [1;33m[WARN] TRADER-001.nautilus_common::cache: Cannot calculate unrealized PnL for P-20240414-063520-001-140736707735688-1, no quotes for BTCUSDT-PERP.BINANCE[0m
[1m2024-04-14T08:38:10.000000000Z[0m [1;33m[WARN] TRADER-001.nautilus_common::cache: Cannot calculate unrealized PnL for P-20240414-063520-001-140736707735688-1, no quotes for BTCUSDT-PERP.BINANCE[0m
[1m2024-04-14T08:38:20.000000000Z[0m [1;33m[WARN] TRADER-001.nautilus_common::cache: Cannot calculate unrealized PnL for P-20240414-063520-001-140736707735688-1, no quotes for BTCUSDT-PERP.BINANCE[0m
[1m2024-04-14T08:38:30.000000000Z[0m [1;33m[WARN] TRADER-001.nautilus_common::cache: Cannot calculate unrealized PnL for P-20240414-063520-001-140736707735688-1, no quotes for BTCUSDT-PERP.BINANCE[0m
[1m2024-04-14T08:38:40.000000000Z[0m [1;33m[WARN] TRADER-001.nautilus_common::cache: Cannot calculate unrealized PnL for P-20240414-063520-001-140736707735688-1, no quotes for BTCUSDT-PERP.BINANCE[0m
[1m2024-04-14T08:38:50.000000000Z[0m [1;33m[WARN] TRADER-001.nautilus_common::cache: Cannot calculate unrealized PnL for P-20240414-063520-001-140736707735688-1, no quotes for BTCUSDT-PERP.BINANCE[0m
[1m2024-04-14T08:38:59.999000000Z[0m [1;33m[WARN] TRADER-001.nautilus_common::cache: Cannot calculate unrealized PnL for P-20240414-063520-001-140736707735688-1, no quotes for BTCUSDT-PERP.BINANCE[0m
[1m2024-04-14T08:39:00.000000000Z[0m [1;33m[WARN] TRADER-001.nautilus_common::cache: Cannot calculate unrealized PnL for P-20240414-063520-001-140736707735688-1, no quotes for BTCUSDT-PERP.BINANCE[0m
[1m2024-04-14T08:39:10.000000000Z[0m [1;33m[WARN] TRADER-001.nautilus_common::cache: Cannot calculate unrealized PnL for P-20240414-063520-001-140736707735688-1, no quotes for BTCUSDT-PERP.BINANCE[0m
[1m2024-04-14T08:39:20.000000000Z[0m [1;33m[WARN] TRADER-001.nautilus_common::cache: Cannot calculate unrealized PnL for P-20240414-063520-001-140736707735688-1, no quotes for BTCUSDT-PERP.BINANCE[0m
[1m2024-04-14T08:39:30.000000000Z[0m [1;33m[WARN] TRADER-001.nautilus_common::cache: Cannot calculate unrealized PnL for P-20240414-063520-001-140736707735688-1, no quotes for BTCUSDT-PERP.BINANCE[0m
[1m2024-04-14T08:39:40.000000000Z[0m [1;33m[WARN] TRADER-001.nautilus_common::cache: Cannot calculate unrealized PnL for P-20240414-063520-001-140736707735688-1, no quotes for BTCUSDT-PERP.BINANCE[0m
[1m2024-04-14T08:39:50.000000000Z[0m [1;33m[WARN] TRADER-001.nautilus_common::cache: Cannot calculate unrealized PnL for P-20240414-063520-001-140736707735688-1, no quotes for BTCUSDT-PERP.BINANCE[0m
[1m2024-04-14T08:39:59.999000000Z[0m [1;33m[WARN] TRADER-001.nautilus_common::cache: Cannot calculate unrealized PnL for P-20240414-063520-001-140736707735688-1, no quotes for BTCUSDT-PERP.BINANCE[0m
[1m2024-04-14T08:40:00.000000000Z[0m [1;33m[WARN] TRADER-001.nautilus_common::cache: Cannot calculate unrealized PnL for P-20240414-063520-001-140736707735688-1, no quotes for BTCUSDT-PERP.BINANCE[0m
[1m2024-04-14T08:40:10.000000000Z[0m [1;33m[WARN] TRADER-001.nautilus_common::cache: Cannot calculate unrealized PnL for P-20240414-063520-001-140736707735688-1, no quotes for BTCUSDT-PERP.BINANCE[0m
[1m2024-04-14T08:40:20.000000000Z[0m [1;33m[WARN] TRADER-001.nautilus_common::cache: Cannot calculate unrealized PnL for P-20240414-063520-001-140736707735688-1, no quotes for BTCUSDT-PERP.BINANCE[0m
[1m2024-04-14T08:40:30.000000000Z[0m [1;33m[WARN] TRADER-001.nautilus_common::cache: Cannot calculate unrealized PnL for P-20240414-063520-001-140736707735688-1, no quotes for BTCUSDT-PERP.BINANCE[0m
[1m2024-04-14T08:40:40.000000000Z[0m [1;33m[WARN] TRADER-001.nautilus_common::cache: Cannot calculate unrealized PnL for P-20240414-063520-001-140736707735688-1, no quotes for BTCUSDT-PERP.BINANCE[0m
[1m2024-04-14T08:40:50.000000000Z[0m [1;33m[WARN] TRADER-001.nautilus_common::cache: Cannot calculate unrealized PnL for P-20240414-063520-001-140736707735688-1, no quotes for BTCUSDT-PERP.BINANCE[0m
[1m2024-04-14T08:40:59.999000000Z[0m [1;33m[WARN] TRADER-001.nautilus_common::cache: Cannot calculate unrealized PnL for P-20240414-063520-001-140736707735688-1, no quotes for BTCUSDT-PERP.BINANCE[0m
[1m2024-04-14T08:41:00.000000000Z[0m [1;33m[WARN] TRADER-001.nautilus_common::cache: Cannot calculate unrealized PnL for P-20240414-063520-001-140736707735688-1, no quotes for BTCUSDT-PERP.BINANCE[0m
[1m2024-04-14T08:41:10.000000000Z[0m [1;33m[WARN] TRADER-001.nautilus_common::cache: Cannot calculate unrealized PnL for P-20240414-063520-001-140736707735688-1, no quotes for BTCUSDT-PERP.BINANCE[0m
[1m2024-04-14T08:41:20.000000000Z[0m [1;33m[WARN] TRADER-001.nautilus_common::cache: Cannot calculate unrealized PnL for P-20240414-063520-001-140736707735688-1, no quotes for BTCUSDT-PERP.BINANCE[0m
[1m2024-04-14T08:41:30.000000000Z[0m [1;33m[WARN] TRADER-001.nautilus_common::cache: Cannot calculate unrealized PnL for P-20240414-063520-001-140736707735688-1, no quotes for BTCUSDT-PERP.BINANCE[0m
[1m2024-04-14T08:41:40.000000000Z[0m [1;33m[WARN] TRADER-001.nautilus_common::cache: Cannot calculate unrealized PnL for P-20240414-063520-001-140736707735688-1, no quotes for BTCUSDT-PERP.BINANCE[0m
[1m2024-04-14T08:41:50.000000000Z[0m [1;33m[WARN] TRADER-001.nautilus_common::cache: Cannot calculate unrealized PnL for P-20240414-063520-001-140736707735688-1, no quotes for BTCUSDT-PERP.BINANCE[0m
[1m2024-04-14T08:41:59.999000000Z[0m [1;33m[WARN] TRADER-001.nautilus_common::cache: Cannot calculate unrealized PnL for P-20240414-063520-001-140736707735688-1, no quotes for BTCUSDT-PERP.BINANCE[0m
[1m2024-04-14T08:42:00.000000000Z[0m [1;33m[WARN] TRADER-001.nautilus_common::cache: Cannot calculate unrealized PnL for P-20240414-063520-001-140736707735688-1, no quotes for BTCUSDT-PERP.BINANCE[0m
[1m2024-04-14T08:42:10.000000000Z[0m [1;33m[WARN] TRADER-001.nautilus_common::cache: Cannot calculate unrealized PnL for P-20240414-063520-001-140736707735688-1, no quotes for BTCUSDT-PERP.BINANCE[0m
[1m2024-04-14T08:42:20.000000000Z[0m [1;33m[WARN] TRADER-001.nautilus_common::cache: Cannot calculate unrealized PnL for P-20240414-063520-001-140736707735688-1, no quotes for BTCUSDT-PERP.BINANCE[0m
[1m2024-04-14T08:42:30.000000000Z[0m [1;33m[WARN] TRADER-001.nautilus_common::cache: Cannot calculate unrealized PnL for P-20240414-063520-001-140736707735688-1, no quotes for BTCUSDT-PERP.BINANCE[0m
[1m2024-04-14T08:42:40.000000000Z[0m [1;33m[WARN] TRADER-001.nautilus_common::cache: Cannot calculate unrealized PnL for P-20240414-063520-001-140736707735688-1, no quotes for BTCUSDT-PERP.BINANCE[0m
[1m2024-04-14T08:42:50.000000000Z[0m [1;33m[WARN] TRADER-001.nautilus_common::cache: Cannot calculate unrealized PnL for P-20240414-063520-001-140736707735688-1, no quotes for BTCUSDT-PERP.BINANCE[0m
[1m2024-04-14T08:42:59.999000000Z[0m [1;33m[WARN] TRADER-001.nautilus_common::cache: Cannot calculate unrealized PnL for P-20240414-063520-001-140736707735688-1, no quotes for BTCUSDT-PERP.BINANCE[0m
[1m2024-04-14T08:43:00.000000000Z[0m [1;33m[WARN] TRADER-001.nautilus_common::cache: Cannot calculate unrealized PnL for P-20240414-063520-001-140736707735688-1, no quotes for BTCUSDT-PERP.BINANCE[0m
[1m2024-04-14T08:43:10.000000000Z[0m [1;33m[WARN] TRADER-001.nautilus_common::cache: Cannot calculate unrealized PnL for P-20240414-063520-001-140736707735688-1, no quotes for BTCUSDT-PERP.BINANCE[0m
[1m2024-04-14T08:43:20.000000000Z[0m [1;33m[WARN] TRADER-001.nautilus_common::cache: Cannot calculate unrealized PnL for P-20240414-063520-001-140736707735688-1, no quotes for BTCUSDT-PERP.BINANCE[0m
[1m2024-04-14T08:43:30.000000000Z[0m [1;33m[WARN] TRADER-001.nautilus_common::cache: Cannot calculate unrealized PnL for P-20240414-063520-001-140736707735688-1, no quotes for BTCUSDT-PERP.BINANCE[0m
[1m2024-04-14T08:43:40.000000000Z[0m [1;33m[WARN] TRADER-001.nautilus_common::cache: Cannot calculate unrealized PnL for P-20240414-063520-001-140736707735688-1, no quotes for BTCUSDT-PERP.BINANCE[0m
[1m2024-04-14T08:43:50.000000000Z[0m [1;33m[WARN] TRADER-001.nautilus_common::cache: Cannot calculate unrealized PnL for P-20240414-063520-001-140736707735688-1, no quotes for BTCUSDT-PERP.BINANCE[0m
[1m2024-04-14T08:43:59.999000000Z[0m [1;33m[WARN] TRADER-001.nautilus_common::cache: Cannot calculate unrealized PnL for P-20240414-063520-001-140736707735688-1, no quotes for BTCUSDT-PERP.BINANCE[0m
[1m2024-04-14T08:44:00.000000000Z[0m [1;33m[WARN] TRADER-001.nautilus_common::cache: Cannot calculate unrealized PnL for P-20240414-063520-001-140736707735688-1, no quotes for BTCUSDT-PERP.BINANCE[0m
[1m2024-04-14T08:44:10.000000000Z[0m [1;33m[WARN] TRADER-001.nautilus_common::cache: Cannot calculate unrealized PnL for P-20240414-063520-001-140736707735688-1, no quotes for BTCUSDT-PERP.BINANCE[0m
[1m2024-04-14T08:44:20.000000000Z[0m [1;33m[WARN] TRADER-001.nautilus_common::cache: Cannot calculate unrealized PnL for P-20240414-063520-001-140736707735688-1, no quotes for BTCUSDT-PERP.BINANCE[0m
[1m2024-04-14T08:44:30.000000000Z[0m [1;33m[WARN] TRADER-001.nautilus_common::cache: Cannot calculate unrealized PnL for P-20240414-063520-001-140736707735688-1, no quotes for BTCUSDT-PERP.BINANCE[0m
[1m2024-04-14T08:44:40.000000000Z[0m [1;33m[WARN] TRADER-001.nautilus_common::cache: Cannot calculate unrealized PnL for P-20240414-063520-001-140736707735688-1, no quotes for BTCUSDT-PERP.BINANCE[0m
[1m2024-04-14T08:44:50.000000000Z[0m [1;33m[WARN] TRADER-001.nautilus_common::cache: Cannot calculate unrealized PnL for P-20240414-063520-001-140736707735688-1, no quotes for BTCUSDT-PERP.BINANCE[0m
[1m2024-04-14T08:44:59.999000000Z[0m [1;33m[WARN] TRADER-001.nautilus_common::cache: Cannot calculate unrealized PnL for P-20240414-063520-001-140736707735688-1, no quotes for BTCUSDT-PERP.BINANCE[0m
[1m2024-04-14T08:45:00.000000000Z[0m [1;33m[WARN] TRADER-001.nautilus_common::cache: Cannot calculate unrealized PnL for P-20240414-063520-001-140736707735688-1, no quotes for BTCUSDT-PERP.BINANCE[0m
[1m2024-04-14T08:45:10.000000000Z[0m [1;33m[WARN] TRADER-001.nautilus_common::cache: Cannot calculate unrealized PnL for P-20240414-063520-001-140736707735688-1, no quotes for BTCUSDT-PERP.BINANCE[0m
[1m2024-04-14T08:45:20.000000000Z[0m [1;33m[WARN] TRADER-001.nautilus_common::cache: Cannot calculate unrealized PnL for P-20240414-063520-001-140736707735688-1, no quotes for BTCUSDT-PERP.BINANCE[0m
[1m2024-04-14T08:45:30.000000000Z[0m [1;33m[WARN] TRADER-001.nautilus_common::cache: Cannot calculate unrealized PnL for P-20240414-063520-001-140736707735688-1, no quotes for BTCUSDT-PERP.BINANCE[0m
[1m2024-04-14T08:45:40.000000000Z[0m [1;33m[WARN] TRADER-001.nautilus_common::cache: Cannot calculate unrealized PnL for P-20240414-063520-001-140736707735688-1, no quotes for BTCUSDT-PERP.BINANCE[0m
[1m2024-04-14T08:45:50.000000000Z[0m [1;33m[WARN] TRADER-001.nautilus_common::cache: Cannot calculate unrealized PnL for P-20240414-063520-001-140736707735688-1, no quotes for BTCUSDT-PERP.BINANCE[0m
[1m2024-04-14T08:45:59.999000000Z[0m [1;33m[WARN] TRADER-001.nautilus_common::cache: Cannot calculate unrealized PnL for P-20240414-063520-001-140736707735688-1, no quotes for BTCUSDT-PERP.BINANCE[0m
[1m2024-04-14T08:46:00.000000000Z[0m [1;33m[WARN] TRADER-001.nautilus_common::cache: Cannot calculate unrealized PnL for P-20240414-063520-001-140736707735688-1, no quotes for BTCUSDT-PERP.BINANCE[0m
[1m2024-04-14T08:46:10.000000000Z[0m [1;33m[WARN] TRADER-001.nautilus_common::cache: Cannot calculate unrealized PnL for P-20240414-063520-001-140736707735688-1, no quotes for BTCUSDT-PERP.BINANCE[0m
[1m2024-04-14T08:46:20.000000000Z[0m [1;33m[WARN] TRADER-001.nautilus_common::cache: Cannot calculate unrealized PnL for P-20240414-063520-001-140736707735688-1, no quotes for BTCUSDT-PERP.BINANCE[0m
[1m2024-04-14T08:46:30.000000000Z[0m [1;33m[WARN] TRADER-001.nautilus_common::cache: Cannot calculate unrealized PnL for P-20240414-063520-001-140736707735688-1, no quotes for BTCUSDT-PERP.BINANCE[0m
[1m2024-04-14T08:46:40.000000000Z[0m [1;33m[WARN] TRADER-001.nautilus_common::cache: Cannot calculate unrealized PnL for P-20240414-063520-001-140736707735688-1, no quotes for BTCUSDT-PERP.BINANCE[0m
[1m2024-04-14T08:46:50.000000000Z[0m [1;33m[WARN] TRADER-001.nautilus_common::cache: Cannot calculate unrealized PnL for P-20240414-063520-001-140736707735688-1, no quotes for BTCUSDT-PERP.BINANCE[0m
[1m2024-04-14T08:46:59.999000000Z[0m [1;33m[WARN] TRADER-001.nautilus_common::cache: Cannot calculate unrealized PnL for P-20240414-063520-001-140736707735688-1, no quotes for BTCUSDT-PERP.BINANCE[0m
[1m2024-04-14T08:47:00.000000000Z[0m [1;33m[WARN] TRADER-001.nautilus_common::cache: Cannot calculate unrealized PnL for P-20240414-063520-001-140736707735688-1, no quotes for BTCUSDT-PERP.BINANCE[0m
[1m2024-04-14T08:47:10.000000000Z[0m [1;33m[WARN] TRADER-001.nautilus_common::cache: Cannot calculate unrealized PnL for P-20240414-063520-001-140736707735688-1, no quotes for BTCUSDT-PERP.BINANCE[0m
[1m2024-04-14T08:47:20.000000000Z[0m [1;33m[WARN] TRADER-001.nautilus_common::cache: Cannot calculate unrealized PnL for P-20240414-063520-001-140736707735688-1, no quotes for BTCUSDT-PERP.BINANCE[0m
[1m2024-04-14T08:47:30.000000000Z[0m [1;33m[WARN] TRADER-001.nautilus_common::cache: Cannot calculate unrealized PnL for P-20240414-063520-001-140736707735688-1, no quotes for BTCUSDT-PERP.BINANCE[0m
[1m2024-04-14T08:47:40.000000000Z[0m [1;33m[WARN] TRADER-001.nautilus_common::cache: Cannot calculate unrealized PnL for P-20240414-063520-001-140736707735688-1, no quotes for BTCUSDT-PERP.BINANCE[0m
[1m2024-04-14T08:47:50.000000000Z[0m [1;33m[WARN] TRADER-001.nautilus_common::cache: Cannot calculate unrealized PnL for P-20240414-063520-001-140736707735688-1, no quotes for BTCUSDT-PERP.BINANCE[0m
[1m2024-04-14T08:47:59.999000000Z[0m [1;33m[WARN] TRADER-001.nautilus_common::cache: Cannot calculate unrealized PnL for P-20240414-063520-001-140736707735688-1, no quotes for BTCUSDT-PERP.BINANCE[0m
[1m2024-04-14T08:48:00.000000000Z[0m [1;33m[WARN] TRADER-001.nautilus_common::cache: Cannot calculate unrealized PnL for P-20240414-063520-001-140736707735688-1, no quotes for BTCUSDT-PERP.BINANCE[0m
[1m2024-04-14T08:48:10.000000000Z[0m [1;33m[WARN] TRADER-001.nautilus_common::cache: Cannot calculate unrealized PnL for P-20240414-063520-001-140736707735688-1, no quotes for BTCUSDT-PERP.BINANCE[0m
[1m2024-04-14T08:48:20.000000000Z[0m [1;33m[WARN] TRADER-001.nautilus_common::cache: Cannot calculate unrealized PnL for P-20240414-063520-001-140736707735688-1, no quotes for BTCUSDT-PERP.BINANCE[0m
[1m2024-04-14T08:48:30.000000000Z[0m [1;33m[WARN] TRADER-001.nautilus_common::cache: Cannot calculate unrealized PnL for P-20240414-063520-001-140736707735688-1, no quotes for BTCUSDT-PERP.BINANCE[0m
[1m2024-04-14T08:48:40.000000000Z[0m [1;33m[WARN] TRADER-001.nautilus_common::cache: Cannot calculate unrealized PnL for P-20240414-063520-001-140736707735688-1, no quotes for BTCUSDT-PERP.BINANCE[0m
[1m2024-04-14T08:48:50.000000000Z[0m [1;33m[WARN] TRADER-001.nautilus_common::cache: Cannot calculate unrealized PnL for P-20240414-063520-001-140736707735688-1, no quotes for BTCUSDT-PERP.BINANCE[0m
[1m2024-04-14T08:48:59.999000000Z[0m [1;33m[WARN] TRADER-001.nautilus_common::cache: Cannot calculate unrealized PnL for P-20240414-063520-001-140736707735688-1, no quotes for BTCUSDT-PERP.BINANCE[0m
[1m2024-04-14T08:49:00.000000000Z[0m [1;33m[WARN] TRADER-001.nautilus_common::cache: Cannot calculate unrealized PnL for P-20240414-063520-001-140736707735688-1, no quotes for BTCUSDT-PERP.BINANCE[0m
[1m2024-04-14T08:49:10.000000000Z[0m [1;33m[WARN] TRADER-001.nautilus_common::cache: Cannot calculate unrealized PnL for P-20240414-063520-001-140736707735688-1, no quotes for BTCUSDT-PERP.BINANCE[0m
[1m2024-04-14T08:49:20.000000000Z[0m [1;33m[WARN] TRADER-001.nautilus_common::cache: Cannot calculate unrealized PnL for P-20240414-063520-001-140736707735688-1, no quotes for BTCUSDT-PERP.BINANCE[0m
[1m2024-04-14T08:49:30.000000000Z[0m [1;33m[WARN] TRADER-001.nautilus_common::cache: Cannot calculate unrealized PnL for P-20240414-063520-001-140736707735688-1, no quotes for BTCUSDT-PERP.BINANCE[0m
[1m2024-04-14T08:49:40.000000000Z[0m [1;33m[WARN] TRADER-001.nautilus_common::cache: Cannot calculate unrealized PnL for P-20240414-063520-001-140736707735688-1, no quotes for BTCUSDT-PERP.BINANCE[0m
[1m2024-04-14T08:49:50.000000000Z[0m [1;33m[WARN] TRADER-001.nautilus_common::cache: Cannot calculate unrealized PnL for P-20240414-063520-001-140736707735688-1, no quotes for BTCUSDT-PERP.BINANCE[0m
[1m2024-04-14T08:49:59.999000000Z[0m [1;33m[WARN] TRADER-001.nautilus_common::cache: Cannot calculate unrealized PnL for P-20240414-063520-001-140736707735688-1, no quotes for BTCUSDT-PERP.BINANCE[0m
[1m2024-04-14T08:50:00.000000000Z[0m [1;33m[WARN] TRADER-001.nautilus_common::cache: Cannot calculate unrealized PnL for P-20240414-063520-001-140736707735688-1, no quotes for BTCUSDT-PERP.BINANCE[0m
[1m2024-04-14T08:50:10.000000000Z[0m [1;33m[WARN] TRADER-001.nautilus_common::cache: Cannot calculate unrealized PnL for P-20240414-063520-001-140736707735688-1, no quotes for BTCUSDT-PERP.BINANCE[0m
[1m2024-04-14T08:50:20.000000000Z[0m [1;33m[WARN] TRADER-001.nautilus_common::cache: Cannot calculate unrealized PnL for P-20240414-063520-001-140736707735688-1, no quotes for BTCUSDT-PERP.BINANCE[0m
[1m2024-04-14T08:50:30.000000000Z[0m [1;33m[WARN] TRADER-001.nautilus_common::cache: Cannot calculate unrealized PnL for P-20240414-063520-001-140736707735688-1, no quotes for BTCUSDT-PERP.BINANCE[0m
[1m2024-04-14T08:50:40.000000000Z[0m [1;33m[WARN] TRADER-001.nautilus_common::cache: Cannot calculate unrealized PnL for P-20240414-063520-001-140736707735688-1, no quotes for BTCUSDT-PERP.BINANCE[0m
[1m2024-04-14T08:50:50.000000000Z[0m [1;33m[WARN] TRADER-001.nautilus_common::cache: Cannot calculate unrealized PnL for P-20240414-063520-001-140736707735688-1, no quotes for BTCUSDT-PERP.BINANCE[0m
[1m2024-04-14T08:50:59.999000000Z[0m [1;33m[WARN] TRADER-001.nautilus_common::cache: Cannot calculate unrealized PnL for P-20240414-063520-001-140736707735688-1, no quotes for BTCUSDT-PERP.BINANCE[0m
[1m2024-04-14T08:51:00.000000000Z[0m [1;33m[WARN] TRADER-001.nautilus_common::cache: Cannot calculate unrealized PnL for P-20240414-063520-001-140736707735688-1, no quotes for BTCUSDT-PERP.BINANCE[0m
[1m2024-04-14T08:51:10.000000000Z[0m [1;33m[WARN] TRADER-001.nautilus_common::cache: Cannot calculate unrealized PnL for P-20240414-063520-001-140736707735688-1, no quotes for BTCUSDT-PERP.BINANCE[0m
[1m2024-04-14T08:51:20.000000000Z[0m [1;33m[WARN] TRADER-001.nautilus_common::cache: Cannot calculate unrealized PnL for P-20240414-063520-001-140736707735688-1, no quotes for BTCUSDT-PERP.BINANCE[0m
[1m2024-04-14T08:51:30.000000000Z[0m [1;33m[WARN] TRADER-001.nautilus_common::cache: Cannot calculate unrealized PnL for P-20240414-063520-001-140736707735688-1, no quotes for BTCUSDT-PERP.BINANCE[0m
[1m2024-04-14T08:51:40.000000000Z[0m [1;33m[WARN] TRADER-001.nautilus_common::cache: Cannot calculate unrealized PnL for P-20240414-063520-001-140736707735688-1, no quotes for BTCUSDT-PERP.BINANCE[0m
[1m2024-04-14T08:51:50.000000000Z[0m [1;33m[WARN] TRADER-001.nautilus_common::cache: Cannot calculate unrealized PnL for P-20240414-063520-001-140736707735688-1, no quotes for BTCUSDT-PERP.BINANCE[0m
[1m2024-04-14T08:51:59.999000000Z[0m [1;33m[WARN] TRADER-001.nautilus_common::cache: Cannot calculate unrealized PnL for P-20240414-063520-001-140736707735688-1, no quotes for BTCUSDT-PERP.BINANCE[0m
[1m2024-04-14T08:52:00.000000000Z[0m [1;33m[WARN] TRADER-001.nautilus_common::cache: Cannot calculate unrealized PnL for P-20240414-063520-001-140736707735688-1, no quotes for BTCUSDT-PERP.BINANCE[0m
[1m2024-04-14T08:52:10.000000000Z[0m [1;33m[WARN] TRADER-001.nautilus_common::cache: Cannot calculate unrealized PnL for P-20240414-063520-001-140736707735688-1, no quotes for BTCUSDT-PERP.BINANCE[0m
[1m2024-04-14T08:52:20.000000000Z[0m [1;33m[WARN] TRADER-001.nautilus_common::cache: Cannot calculate unrealized PnL for P-20240414-063520-001-140736707735688-1, no quotes for BTCUSDT-PERP.BINANCE[0m
[1m2024-04-14T08:52:30.000000000Z[0m [1;33m[WARN] TRADER-001.nautilus_common::cache: Cannot calculate unrealized PnL for P-20240414-063520-001-140736707735688-1, no quotes for BTCUSDT-PERP.BINANCE[0m
[1m2024-04-14T08:52:40.000000000Z[0m [1;33m[WARN] TRADER-001.nautilus_common::cache: Cannot calculate unrealized PnL for P-20240414-063520-001-140736707735688-1, no quotes for BTCUSDT-PERP.BINANCE[0m
[1m2024-04-14T08:52:50.000000000Z[0m [1;33m[WARN] TRADER-001.nautilus_common::cache: Cannot calculate unrealized PnL for P-20240414-063520-001-140736707735688-1, no quotes for BTCUSDT-PERP.BINANCE[0m
[1m2024-04-14T08:52:59.999000000Z[0m [1;33m[WARN] TRADER-001.nautilus_common::cache: Cannot calculate unrealized PnL for P-20240414-063520-001-140736707735688-1, no quotes for BTCUSDT-PERP.BINANCE[0m
[1m2024-04-14T08:53:00.000000000Z[0m [1;33m[WARN] TRADER-001.nautilus_common::cache: Cannot calculate unrealized PnL for P-20240414-063520-001-140736707735688-1, no quotes for BTCUSDT-PERP.BINANCE[0m
[1m2024-04-14T08:53:10.000000000Z[0m [1;33m[WARN] TRADER-001.nautilus_common::cache: Cannot calculate unrealized PnL for P-20240414-063520-001-140736707735688-1, no quotes for BTCUSDT-PERP.BINANCE[0m
[1m2024-04-14T08:53:20.000000000Z[0m [1;33m[WARN] TRADER-001.nautilus_common::cache: Cannot calculate unrealized PnL for P-20240414-063520-001-140736707735688-1, no quotes for BTCUSDT-PERP.BINANCE[0m
[1m2024-04-14T08:53:30.000000000Z[0m [1;33m[WARN] TRADER-001.nautilus_common::cache: Cannot calculate unrealized PnL for P-20240414-063520-001-140736707735688-1, no quotes for BTCUSDT-PERP.BINANCE[0m
[1m2024-04-14T08:53:40.000000000Z[0m [1;33m[WARN] TRADER-001.nautilus_common::cache: Cannot calculate unrealized PnL for P-20240414-063520-001-140736707735688-1, no quotes for BTCUSDT-PERP.BINANCE[0m
[1m2024-04-14T08:53:50.000000000Z[0m [1;33m[WARN] TRADER-001.nautilus_common::cache: Cannot calculate unrealized PnL for P-20240414-063520-001-140736707735688-1, no quotes for BTCUSDT-PERP.BINANCE[0m
[1m2024-04-14T08:53:59.999000000Z[0m [1;33m[WARN] TRADER-001.nautilus_common::cache: Cannot calculate unrealized PnL for P-20240414-063520-001-140736707735688-1, no quotes for BTCUSDT-PERP.BINANCE[0m
[1m2024-04-14T08:54:00.000000000Z[0m [1;33m[WARN] TRADER-001.nautilus_common::cache: Cannot calculate unrealized PnL for P-20240414-063520-001-140736707735688-1, no quotes for BTCUSDT-PERP.BINANCE[0m
[1m2024-04-14T08:54:10.000000000Z[0m [1;33m[WARN] TRADER-001.nautilus_common::cache: Cannot calculate unrealized PnL for P-20240414-063520-001-140736707735688-1, no quotes for BTCUSDT-PERP.BINANCE[0m
[1m2024-04-14T08:54:20.000000000Z[0m [1;33m[WARN] TRADER-001.nautilus_common::cache: Cannot calculate unrealized PnL for P-20240414-063520-001-140736707735688-1, no quotes for BTCUSDT-PERP.BINANCE[0m
[1m2024-04-14T08:54:30.000000000Z[0m [1;33m[WARN] TRADER-001.nautilus_common::cache: Cannot calculate unrealized PnL for P-20240414-063520-001-140736707735688-1, no quotes for BTCUSDT-PERP.BINANCE[0m
[1m2024-04-14T08:54:40.000000000Z[0m [1;33m[WARN] TRADER-001.nautilus_common::cache: Cannot calculate unrealized PnL for P-20240414-063520-001-140736707735688-1, no quotes for BTCUSDT-PERP.BINANCE[0m
[1m2024-04-14T08:54:50.000000000Z[0m [1;33m[WARN] TRADER-001.nautilus_common::cache: Cannot calculate unrealized PnL for P-20240414-063520-001-140736707735688-1, no quotes for BTCUSDT-PERP.BINANCE[0m
[1m2024-04-14T08:54:59.999000000Z[0m [1;33m[WARN] TRADER-001.nautilus_common::cache: Cannot calculate unrealized PnL for P-20240414-063520-001-140736707735688-1, no quotes for BTCUSDT-PERP.BINANCE[0m
[1m2024-04-14T08:55:00.000000000Z[0m [1;33m[WARN] TRADER-001.nautilus_common::cache: Cannot calculate unrealized PnL for P-20240414-063520-001-140736707735688-1, no quotes for BTCUSDT-PERP.BINANCE[0m
[1m2024-04-14T08:55:10.000000000Z[0m [1;33m[WARN] TRADER-001.nautilus_common::cache: Cannot calculate unrealized PnL for P-20240414-063520-001-140736707735688-1, no quotes for BTCUSDT-PERP.BINANCE[0m
[1m2024-04-14T08:55:20.000000000Z[0m [1;33m[WARN] TRADER-001.nautilus_common::cache: Cannot calculate unrealized PnL for P-20240414-063520-001-140736707735688-1, no quotes for BTCUSDT-PERP.BINANCE[0m
[1m2024-04-14T08:55:30.000000000Z[0m [1;33m[WARN] TRADER-001.nautilus_common::cache: Cannot calculate unrealized PnL for P-20240414-063520-001-140736707735688-1, no quotes for BTCUSDT-PERP.BINANCE[0m
[1m2024-04-14T08:55:40.000000000Z[0m [1;33m[WARN] TRADER-001.nautilus_common::cache: Cannot calculate unrealized PnL for P-20240414-063520-001-140736707735688-1, no quotes for BTCUSDT-PERP.BINANCE[0m
[1m2024-04-14T08:55:50.000000000Z[0m [1;33m[WARN] TRADER-001.nautilus_common::cache: Cannot calculate unrealized PnL for P-20240414-063520-001-140736707735688-1, no quotes for BTCUSDT-PERP.BINANCE[0m
[1m2024-04-14T08:55:59.999000000Z[0m [1;33m[WARN] TRADER-001.nautilus_common::cache: Cannot calculate unrealized PnL for P-20240414-063520-001-140736707735688-1, no quotes for BTCUSDT-PERP.BINANCE[0m
[1m2024-04-14T08:56:00.000000000Z[0m [1;33m[WARN] TRADER-001.nautilus_common::cache: Cannot calculate unrealized PnL for P-20240414-063520-001-140736707735688-1, no quotes for BTCUSDT-PERP.BINANCE[0m
[1m2024-04-14T08:56:10.000000000Z[0m [1;33m[WARN] TRADER-001.nautilus_common::cache: Cannot calculate unrealized PnL for P-20240414-063520-001-140736707735688-1, no quotes for BTCUSDT-PERP.BINANCE[0m
[1m2024-04-14T08:56:20.000000000Z[0m [1;33m[WARN] TRADER-001.nautilus_common::cache: Cannot calculate unrealized PnL for P-20240414-063520-001-140736707735688-1, no quotes for BTCUSDT-PERP.BINANCE[0m
[1m2024-04-14T08:56:30.000000000Z[0m [1;33m[WARN] TRADER-001.nautilus_common::cache: Cannot calculate unrealized PnL for P-20240414-063520-001-140736707735688-1, no quotes for BTCUSDT-PERP.BINANCE[0m
[1m2024-04-14T08:56:40.000000000Z[0m [1;33m[WARN] TRADER-001.nautilus_common::cache: Cannot calculate unrealized PnL for P-20240414-063520-001-140736707735688-1, no quotes for BTCUSDT-PERP.BINANCE[0m
[1m2024-04-14T08:56:50.000000000Z[0m [1;33m[WARN] TRADER-001.nautilus_common::cache: Cannot calculate unrealized PnL for P-20240414-063520-001-140736707735688-1, no quotes for BTCUSDT-PERP.BINANCE[0m
[1m2024-04-14T08:56:59.999000000Z[0m [1;33m[WARN] TRADER-001.nautilus_common::cache: Cannot calculate unrealized PnL for P-20240414-063520-001-140736707735688-1, no quotes for BTCUSDT-PERP.BINANCE[0m
[1m2024-04-14T08:57:00.000000000Z[0m [1;33m[WARN] TRADER-001.nautilus_common::cache: Cannot calculate unrealized PnL for P-20240414-063520-001-140736707735688-1, no quotes for BTCUSDT-PERP.BINANCE[0m
[1m2024-04-14T08:57:10.000000000Z[0m [1;33m[WARN] TRADER-001.nautilus_common::cache: Cannot calculate unrealized PnL for P-20240414-063520-001-140736707735688-1, no quotes for BTCUSDT-PERP.BINANCE[0m
[1m2024-04-14T08:57:20.000000000Z[0m [1;33m[WARN] TRADER-001.nautilus_common::cache: Cannot calculate unrealized PnL for P-20240414-063520-001-140736707735688-1, no quotes for BTCUSDT-PERP.BINANCE[0m
[1m2024-04-14T08:57:30.000000000Z[0m [1;33m[WARN] TRADER-001.nautilus_common::cache: Cannot calculate unrealized PnL for P-20240414-063520-001-140736707735688-1, no quotes for BTCUSDT-PERP.BINANCE[0m
[1m2024-04-14T08:57:40.000000000Z[0m [1;33m[WARN] TRADER-001.nautilus_common::cache: Cannot calculate unrealized PnL for P-20240414-063520-001-140736707735688-1, no quotes for BTCUSDT-PERP.BINANCE[0m
[1m2024-04-14T08:57:50.000000000Z[0m [1;33m[WARN] TRADER-001.nautilus_common::cache: Cannot calculate unrealized PnL for P-20240414-063520-001-140736707735688-1, no quotes for BTCUSDT-PERP.BINANCE[0m
[1m2024-04-14T08:57:59.999000000Z[0m [1;33m[WARN] TRADER-001.nautilus_common::cache: Cannot calculate unrealized PnL for P-20240414-063520-001-140736707735688-1, no quotes for BTCUSDT-PERP.BINANCE[0m
[1m2024-04-14T08:58:00.000000000Z[0m [1;33m[WARN] TRADER-001.nautilus_common::cache: Cannot calculate unrealized PnL for P-20240414-063520-001-140736707735688-1, no quotes for BTCUSDT-PERP.BINANCE[0m
[1m2024-04-14T08:58:10.000000000Z[0m [1;33m[WARN] TRADER-001.nautilus_common::cache: Cannot calculate unrealized PnL for P-20240414-063520-001-140736707735688-1, no quotes for BTCUSDT-PERP.BINANCE[0m
[1m2024-04-14T08:58:20.000000000Z[0m [1;33m[WARN] TRADER-001.nautilus_common::cache: Cannot calculate unrealized PnL for P-20240414-063520-001-140736707735688-1, no quotes for BTCUSDT-PERP.BINANCE[0m
[1m2024-04-14T08:58:30.000000000Z[0m [1;33m[WARN] TRADER-001.nautilus_common::cache: Cannot calculate unrealized PnL for P-20240414-063520-001-140736707735688-1, no quotes for BTCUSDT-PERP.BINANCE[0m
[1m2024-04-14T08:58:40.000000000Z[0m [1;33m[WARN] TRADER-001.nautilus_common::cache: Cannot calculate unrealized PnL for P-20240414-063520-001-140736707735688-1, no quotes for BTCUSDT-PERP.BINANCE[0m
[1m2024-04-14T08:58:50.000000000Z[0m [1;33m[WARN] TRADER-001.nautilus_common::cache: Cannot calculate unrealized PnL for P-20240414-063520-001-140736707735688-1, no quotes for BTCUSDT-PERP.BINANCE[0m
[1m2024-04-14T08:58:59.999000000Z[0m [1;33m[WARN] TRADER-001.nautilus_common::cache: Cannot calculate unrealized PnL for P-20240414-063520-001-140736707735688-1, no quotes for BTCUSDT-PERP.BINANCE[0m
[1m2024-04-14T08:59:00.000000000Z[0m [1;33m[WARN] TRADER-001.nautilus_common::cache: Cannot calculate unrealized PnL for P-20240414-063520-001-140736707735688-1, no quotes for BTCUSDT-PERP.BINANCE[0m
[1m2024-04-14T08:59:10.000000000Z[0m [1;33m[WARN] TRADER-001.nautilus_common::cache: Cannot calculate unrealized PnL for P-20240414-063520-001-140736707735688-1, no quotes for BTCUSDT-PERP.BINANCE[0m
[1m2024-04-14T08:59:20.000000000Z[0m [1;33m[WARN] TRADER-001.nautilus_common::cache: Cannot calculate unrealized PnL for P-20240414-063520-001-140736707735688-1, no quotes for BTCUSDT-PERP.BINANCE[0m
[1m2024-04-14T08:59:30.000000000Z[0m [1;33m[WARN] TRADER-001.nautilus_common::cache: Cannot calculate unrealized PnL for P-20240414-063520-001-140736707735688-1, no quotes for BTCUSDT-PERP.BINANCE[0m
[1m2024-04-14T08:59:40.000000000Z[0m [1;33m[WARN] TRADER-001.nautilus_common::cache: Cannot calculate unrealized PnL for P-20240414-063520-001-140736707735688-1, no quotes for BTCUSDT-PERP.BINANCE[0m
[1m2024-04-14T08:59:50.000000000Z[0m [1;33m[WARN] TRADER-001.nautilus_common::cache: Cannot calculate unrealized PnL for P-20240414-063520-001-140736707735688-1, no quotes for BTCUSDT-PERP.BINANCE[0m
[1m2024-04-14T08:59:59.999000000Z[0m [1;33m[WARN] TRADER-001.nautilus_common::cache: Cannot calculate unrealized PnL for P-20240414-063520-001-140736707735688-1, no quotes for BTCUSDT-PERP.BINANCE[0m
[1m2024-04-14T09:00:00.000000000Z[0m [1;33m[WARN] TRADER-001.nautilus_common::cache: Cannot calculate unrealized PnL for P-20240414-063520-001-140736707735688-1, no quotes for BTCUSDT-PERP.BINANCE[0m
[1m2024-04-14T09:00:10.000000000Z[0m [1;33m[WARN] TRADER-001.nautilus_common::cache: Cannot calculate unrealized PnL for P-20240414-063520-001-140736707735688-1, no quotes for BTCUSDT-PERP.BINANCE[0m
[1m2024-04-14T09:00:20.000000000Z[0m [1;33m[WARN] TRADER-001.nautilus_common::cache: Cannot calculate unrealized PnL for P-20240414-063520-001-140736707735688-1, no quotes for BTCUSDT-PERP.BINANCE[0m
[1m2024-04-14T09:00:30.000000000Z[0m [1;33m[WARN] TRADER-001.nautilus_common::cache: Cannot calculate unrealized PnL for P-20240414-063520-001-140736707735688-1, no quotes for BTCUSDT-PERP.BINANCE[0m
[1m2024-04-14T09:00:40.000000000Z[0m [1;33m[WARN] TRADER-001.nautilus_common::cache: Cannot calculate unrealized PnL for P-20240414-063520-001-140736707735688-1, no quotes for BTCUSDT-PERP.BINANCE[0m
[1m2024-04-14T09:00:50.000000000Z[0m [1;33m[WARN] TRADER-001.nautilus_common::cache: Cannot calculate unrealized PnL for P-20240414-063520-001-140736707735688-1, no quotes for BTCUSDT-PERP.BINANCE[0m
[1m2024-04-14T09:00:59.999000000Z[0m [1;33m[WARN] TRADER-001.nautilus_common::cache: Cannot calculate unrealized PnL for P-20240414-063520-001-140736707735688-1, no quotes for BTCUSDT-PERP.BINANCE[0m
[1m2024-04-14T09:01:00.000000000Z[0m [1;33m[WARN] TRADER-001.nautilus_common::cache: Cannot calculate unrealized PnL for P-20240414-063520-001-140736707735688-1, no quotes for BTCUSDT-PERP.BINANCE[0m
[1m2024-04-14T09:01:10.000000000Z[0m [1;33m[WARN] TRADER-001.nautilus_common::cache: Cannot calculate unrealized PnL for P-20240414-063520-001-140736707735688-1, no quotes for BTCUSDT-PERP.BINANCE[0m
[1m2024-04-14T09:01:20.000000000Z[0m [1;33m[WARN] TRADER-001.nautilus_common::cache: Cannot calculate unrealized PnL for P-20240414-063520-001-140736707735688-1, no quotes for BTCUSDT-PERP.BINANCE[0m
[1m2024-04-14T09:01:30.000000000Z[0m [1;33m[WARN] TRADER-001.nautilus_common::cache: Cannot calculate unrealized PnL for P-20240414-063520-001-140736707735688-1, no quotes for BTCUSDT-PERP.BINANCE[0m
[1m2024-04-14T09:01:40.000000000Z[0m [1;33m[WARN] TRADER-001.nautilus_common::cache: Cannot calculate unrealized PnL for P-20240414-063520-001-140736707735688-1, no quotes for BTCUSDT-PERP.BINANCE[0m
[1m2024-04-14T09:01:50.000000000Z[0m [1;33m[WARN] TRADER-001.nautilus_common::cache: Cannot calculate unrealized PnL for P-20240414-063520-001-140736707735688-1, no quotes for BTCUSDT-PERP.BINANCE[0m
[1m2024-04-14T09:01:59.999000000Z[0m [1;33m[WARN] TRADER-001.nautilus_common::cache: Cannot calculate unrealized PnL for P-20240414-063520-001-140736707735688-1, no quotes for BTCUSDT-PERP.BINANCE[0m
[1m2024-04-14T09:02:00.000000000Z[0m [1;33m[WARN] TRADER-001.nautilus_common::cache: Cannot calculate unrealized PnL for P-20240414-063520-001-140736707735688-1, no quotes for BTCUSDT-PERP.BINANCE[0m
[1m2024-04-14T09:02:10.000000000Z[0m [1;33m[WARN] TRADER-001.nautilus_common::cache: Cannot calculate unrealized PnL for P-20240414-063520-001-140736707735688-1, no quotes for BTCUSDT-PERP.BINANCE[0m
[1m2024-04-14T09:02:20.000000000Z[0m [1;33m[WARN] TRADER-001.nautilus_common::cache: Cannot calculate unrealized PnL for P-20240414-063520-001-140736707735688-1, no quotes for BTCUSDT-PERP.BINANCE[0m
[1m2024-04-14T09:02:30.000000000Z[0m [1;33m[WARN] TRADER-001.nautilus_common::cache: Cannot calculate unrealized PnL for P-20240414-063520-001-140736707735688-1, no quotes for BTCUSDT-PERP.BINANCE[0m
[1m2024-04-14T09:02:40.000000000Z[0m [1;33m[WARN] TRADER-001.nautilus_common::cache: Cannot calculate unrealized PnL for P-20240414-063520-001-140736707735688-1, no quotes for BTCUSDT-PERP.BINANCE[0m
[1m2024-04-14T09:02:50.000000000Z[0m [1;33m[WARN] TRADER-001.nautilus_common::cache: Cannot calculate unrealized PnL for P-20240414-063520-001-140736707735688-1, no quotes for BTCUSDT-PERP.BINANCE[0m
[1m2024-04-14T09:02:59.999000000Z[0m [1;33m[WARN] TRADER-001.nautilus_common::cache: Cannot calculate unrealized PnL for P-20240414-063520-001-140736707735688-1, no quotes for BTCUSDT-PERP.BINANCE[0m
[1m2024-04-14T09:03:00.000000000Z[0m [1;33m[WARN] TRADER-001.nautilus_common::cache: Cannot calculate unrealized PnL for P-20240414-063520-001-140736707735688-1, no quotes for BTCUSDT-PERP.BINANCE[0m
[1m2024-04-14T09:03:10.000000000Z[0m [1;33m[WARN] TRADER-001.nautilus_common::cache: Cannot calculate unrealized PnL for P-20240414-063520-001-140736707735688-1, no quotes for BTCUSDT-PERP.BINANCE[0m
[1m2024-04-14T09:03:20.000000000Z[0m [1;33m[WARN] TRADER-001.nautilus_common::cache: Cannot calculate unrealized PnL for P-20240414-063520-001-140736707735688-1, no quotes for BTCUSDT-PERP.BINANCE[0m
[1m2024-04-14T09:03:30.000000000Z[0m [1;33m[WARN] TRADER-001.nautilus_common::cache: Cannot calculate unrealized PnL for P-20240414-063520-001-140736707735688-1, no quotes for BTCUSDT-PERP.BINANCE[0m
[1m2024-04-14T09:03:40.000000000Z[0m [1;33m[WARN] TRADER-001.nautilus_common::cache: Cannot calculate unrealized PnL for P-20240414-063520-001-140736707735688-1, no quotes for BTCUSDT-PERP.BINANCE[0m
[1m2024-04-14T09:03:50.000000000Z[0m [1;33m[WARN] TRADER-001.nautilus_common::cache: Cannot calculate unrealized PnL for P-20240414-063520-001-140736707735688-1, no quotes for BTCUSDT-PERP.BINANCE[0m
[1m2024-04-14T09:03:59.999000000Z[0m [1;33m[WARN] TRADER-001.nautilus_common::cache: Cannot calculate unrealized PnL for P-20240414-063520-001-140736707735688-1, no quotes for BTCUSDT-PERP.BINANCE[0m
[1m2024-04-14T09:04:00.000000000Z[0m [1;33m[WARN] TRADER-001.nautilus_common::cache: Cannot calculate unrealized PnL for P-20240414-063520-001-140736707735688-1, no quotes for BTCUSDT-PERP.BINANCE[0m
[1m2024-04-14T09:04:10.000000000Z[0m [1;33m[WARN] TRADER-001.nautilus_common::cache: Cannot calculate unrealized PnL for P-20240414-063520-001-140736707735688-1, no quotes for BTCUSDT-PERP.BINANCE[0m
[1m2024-04-14T09:04:20.000000000Z[0m [1;33m[WARN] TRADER-001.nautilus_common::cache: Cannot calculate unrealized PnL for P-20240414-063520-001-140736707735688-1, no quotes for BTCUSDT-PERP.BINANCE[0m
[1m2024-04-14T09:04:30.000000000Z[0m [1;33m[WARN] TRADER-001.nautilus_common::cache: Cannot calculate unrealized PnL for P-20240414-063520-001-140736707735688-1, no quotes for BTCUSDT-PERP.BINANCE[0m
[1m2024-04-14T09:04:40.000000000Z[0m [1;33m[WARN] TRADER-001.nautilus_common::cache: Cannot calculate unrealized PnL for P-20240414-063520-001-140736707735688-1, no quotes for BTCUSDT-PERP.BINANCE[0m
[1m2024-04-14T09:04:50.000000000Z[0m [1;33m[WARN] TRADER-001.nautilus_common::cache: Cannot calculate unrealized PnL for P-20240414-063520-001-140736707735688-1, no quotes for BTCUSDT-PERP.BINANCE[0m
[1m2024-04-14T09:04:59.999000000Z[0m [1;33m[WARN] TRADER-001.nautilus_common::cache: Cannot calculate unrealized PnL for P-20240414-063520-001-140736707735688-1, no quotes for BTCUSDT-PERP.BINANCE[0m
[1m2024-04-14T09:05:00.000000000Z[0m [1;33m[WARN] TRADER-001.nautilus_common::cache: Cannot calculate unrealized PnL for P-20240414-063520-001-140736707735688-1, no quotes for BTCUSDT-PERP.BINANCE[0m
[1m2024-04-14T09:05:10.000000000Z[0m [1;33m[WARN] TRADER-001.nautilus_common::cache: Cannot calculate unrealized PnL for P-20240414-063520-001-140736707735688-1, no quotes for BTCUSDT-PERP.BINANCE[0m
[1m2024-04-14T09:05:20.000000000Z[0m [1;33m[WARN] TRADER-001.nautilus_common::cache: Cannot calculate unrealized PnL for P-20240414-063520-001-140736707735688-1, no quotes for BTCUSDT-PERP.BINANCE[0m
[1m2024-04-14T09:05:30.000000000Z[0m [1;33m[WARN] TRADER-001.nautilus_common::cache: Cannot calculate unrealized PnL for P-20240414-063520-001-140736707735688-1, no quotes for BTCUSDT-PERP.BINANCE[0m
[1m2024-04-14T09:05:40.000000000Z[0m [1;33m[WARN] TRADER-001.nautilus_common::cache: Cannot calculate unrealized PnL for P-20240414-063520-001-140736707735688-1, no quotes for BTCUSDT-PERP.BINANCE[0m
[1m2024-04-14T09:05:50.000000000Z[0m [1;33m[WARN] TRADER-001.nautilus_common::cache: Cannot calculate unrealized PnL for P-20240414-063520-001-140736707735688-1, no quotes for BTCUSDT-PERP.BINANCE[0m
[1m2024-04-14T09:05:59.999000000Z[0m [1;33m[WARN] TRADER-001.nautilus_common::cache: Cannot calculate unrealized PnL for P-20240414-063520-001-140736707735688-1, no quotes for BTCUSDT-PERP.BINANCE[0m
[1m2024-04-14T09:06:00.000000000Z[0m [1;33m[WARN] TRADER-001.nautilus_common::cache: Cannot calculate unrealized PnL for P-20240414-063520-001-140736707735688-1, no quotes for BTCUSDT-PERP.BINANCE[0m
[1m2024-04-14T09:06:10.000000000Z[0m [1;33m[WARN] TRADER-001.nautilus_common::cache: Cannot calculate unrealized PnL for P-20240414-063520-001-140736707735688-1, no quotes for BTCUSDT-PERP.BINANCE[0m
[1m2024-04-14T09:06:20.000000000Z[0m [1;33m[WARN] TRADER-001.nautilus_common::cache: Cannot calculate unrealized PnL for P-20240414-063520-001-140736707735688-1, no quotes for BTCUSDT-PERP.BINANCE[0m
[1m2024-04-14T09:06:30.000000000Z[0m [1;33m[WARN] TRADER-001.nautilus_common::cache: Cannot calculate unrealized PnL for P-20240414-063520-001-140736707735688-1, no quotes for BTCUSDT-PERP.BINANCE[0m
[1m2024-04-14T09:06:40.000000000Z[0m [1;33m[WARN] TRADER-001.nautilus_common::cache: Cannot calculate unrealized PnL for P-20240414-063520-001-140736707735688-1, no quotes for BTCUSDT-PERP.BINANCE[0m
[1m2024-04-14T09:06:50.000000000Z[0m [1;33m[WARN] TRADER-001.nautilus_common::cache: Cannot calculate unrealized PnL for P-20240414-063520-001-140736707735688-1, no quotes for BTCUSDT-PERP.BINANCE[0m
[1m2024-04-14T09:06:59.999000000Z[0m [1;33m[WARN] TRADER-001.nautilus_common::cache: Cannot calculate unrealized PnL for P-20240414-063520-001-140736707735688-1, no quotes for BTCUSDT-PERP.BINANCE[0m
[1m2024-04-14T09:07:00.000000000Z[0m [1;33m[WARN] TRADER-001.nautilus_common::cache: Cannot calculate unrealized PnL for P-20240414-063520-001-140736707735688-1, no quotes for BTCUSDT-PERP.BINANCE[0m
[1m2024-04-14T09:07:10.000000000Z[0m [1;33m[WARN] TRADER-001.nautilus_common::cache: Cannot calculate unrealized PnL for P-20240414-063520-001-140736707735688-1, no quotes for BTCUSDT-PERP.BINANCE[0m
[1m2024-04-14T09:07:20.000000000Z[0m [1;33m[WARN] TRADER-001.nautilus_common::cache: Cannot calculate unrealized PnL for P-20240414-063520-001-140736707735688-1, no quotes for BTCUSDT-PERP.BINANCE[0m
[1m2024-04-14T09:07:30.000000000Z[0m [1;33m[WARN] TRADER-001.nautilus_common::cache: Cannot calculate unrealized PnL for P-20240414-063520-001-140736707735688-1, no quotes for BTCUSDT-PERP.BINANCE[0m
[1m2024-04-14T09:07:40.000000000Z[0m [1;33m[WARN] TRADER-001.nautilus_common::cache: Cannot calculate unrealized PnL for P-20240414-063520-001-140736707735688-1, no quotes for BTCUSDT-PERP.BINANCE[0m
[1m2024-04-14T09:07:50.000000000Z[0m [1;33m[WARN] TRADER-001.nautilus_common::cache: Cannot calculate unrealized PnL for P-20240414-063520-001-140736707735688-1, no quotes for BTCUSDT-PERP.BINANCE[0m
[1m2024-04-14T09:07:59.999000000Z[0m [1;33m[WARN] TRADER-001.nautilus_common::cache: Cannot calculate unrealized PnL for P-20240414-063520-001-140736707735688-1, no quotes for BTCUSDT-PERP.BINANCE[0m
[1m2024-04-14T09:08:00.000000000Z[0m [1;33m[WARN] TRADER-001.nautilus_common::cache: Cannot calculate unrealized PnL for P-20240414-063520-001-140736707735688-1, no quotes for BTCUSDT-PERP.BINANCE[0m
[1m2024-04-14T09:08:10.000000000Z[0m [1;33m[WARN] TRADER-001.nautilus_common::cache: Cannot calculate unrealized PnL for P-20240414-063520-001-140736707735688-1, no quotes for BTCUSDT-PERP.BINANCE[0m
[1m2024-04-14T09:08:20.000000000Z[0m [1;33m[WARN] TRADER-001.nautilus_common::cache: Cannot calculate unrealized PnL for P-20240414-063520-001-140736707735688-1, no quotes for BTCUSDT-PERP.BINANCE[0m
[1m2024-04-14T09:08:30.000000000Z[0m [1;33m[WARN] TRADER-001.nautilus_common::cache: Cannot calculate unrealized PnL for P-20240414-063520-001-140736707735688-1, no quotes for BTCUSDT-PERP.BINANCE[0m
[1m2024-04-14T09:08:40.000000000Z[0m [1;33m[WARN] TRADER-001.nautilus_common::cache: Cannot calculate unrealized PnL for P-20240414-063520-001-140736707735688-1, no quotes for BTCUSDT-PERP.BINANCE[0m
[1m2024-04-14T09:08:50.000000000Z[0m [1;33m[WARN] TRADER-001.nautilus_common::cache: Cannot calculate unrealized PnL for P-20240414-063520-001-140736707735688-1, no quotes for BTCUSDT-PERP.BINANCE[0m
[1m2024-04-14T09:08:59.999000000Z[0m [1;33m[WARN] TRADER-001.nautilus_common::cache: Cannot calculate unrealized PnL for P-20240414-063520-001-140736707735688-1, no quotes for BTCUSDT-PERP.BINANCE[0m
[1m2024-04-14T09:09:00.000000000Z[0m [1;33m[WARN] TRADER-001.nautilus_common::cache: Cannot calculate unrealized PnL for P-20240414-063520-001-140736707735688-1, no quotes for BTCUSDT-PERP.BINANCE[0m
[1m2024-04-14T09:09:10.000000000Z[0m [1;33m[WARN] TRADER-001.nautilus_common::cache: Cannot calculate unrealized PnL for P-20240414-063520-001-140736707735688-1, no quotes for BTCUSDT-PERP.BINANCE[0m
[1m2024-04-14T09:09:20.000000000Z[0m [1;33m[WARN] TRADER-001.nautilus_common::cache: Cannot calculate unrealized PnL for P-20240414-063520-001-140736707735688-1, no quotes for BTCUSDT-PERP.BINANCE[0m
[1m2024-04-14T09:09:30.000000000Z[0m [1;33m[WARN] TRADER-001.nautilus_common::cache: Cannot calculate unrealized PnL for P-20240414-063520-001-140736707735688-1, no quotes for BTCUSDT-PERP.BINANCE[0m
[1m2024-04-14T09:09:40.000000000Z[0m [1;33m[WARN] TRADER-001.nautilus_common::cache: Cannot calculate unrealized PnL for P-20240414-063520-001-140736707735688-1, no quotes for BTCUSDT-PERP.BINANCE[0m
[1m2024-04-14T09:09:50.000000000Z[0m [1;33m[WARN] TRADER-001.nautilus_common::cache: Cannot calculate unrealized PnL for P-20240414-063520-001-140736707735688-1, no quotes for BTCUSDT-PERP.BINANCE[0m
[1m2024-04-14T09:09:59.999000000Z[0m [1;33m[WARN] TRADER-001.nautilus_common::cache: Cannot calculate unrealized PnL for P-20240414-063520-001-140736707735688-1, no quotes for BTCUSDT-PERP.BINANCE[0m
[1m2024-04-14T09:10:00.000000000Z[0m [1;33m[WARN] TRADER-001.nautilus_common::cache: Cannot calculate unrealized PnL for P-20240414-063520-001-140736707735688-1, no quotes for BTCUSDT-PERP.BINANCE[0m
[1m2024-04-14T09:10:10.000000000Z[0m [1;33m[WARN] TRADER-001.nautilus_common::cache: Cannot calculate unrealized PnL for P-20240414-063520-001-140736707735688-1, no quotes for BTCUSDT-PERP.BINANCE[0m
[1m2024-04-14T09:10:20.000000000Z[0m [1;33m[WARN] TRADER-001.nautilus_common::cache: Cannot calculate unrealized PnL for P-20240414-063520-001-140736707735688-1, no quotes for BTCUSDT-PERP.BINANCE[0m
[1m2024-04-14T09:10:30.000000000Z[0m [1;33m[WARN] TRADER-001.nautilus_common::cache: Cannot calculate unrealized PnL for P-20240414-063520-001-140736707735688-1, no quotes for BTCUSDT-PERP.BINANCE[0m
[1m2024-04-14T09:10:40.000000000Z[0m [1;33m[WARN] TRADER-001.nautilus_common::cache: Cannot calculate unrealized PnL for P-20240414-063520-001-140736707735688-1, no quotes for BTCUSDT-PERP.BINANCE[0m
[1m2024-04-14T09:10:50.000000000Z[0m [1;33m[WARN] TRADER-001.nautilus_common::cache: Cannot calculate unrealized PnL for P-20240414-063520-001-140736707735688-1, no quotes for BTCUSDT-PERP.BINANCE[0m
[1m2024-04-14T09:10:59.999000000Z[0m [1;33m[WARN] TRADER-001.nautilus_common::cache: Cannot calculate unrealized PnL for P-20240414-063520-001-140736707735688-1, no quotes for BTCUSDT-PERP.BINANCE[0m
[1m2024-04-14T09:11:00.000000000Z[0m [1;33m[WARN] TRADER-001.nautilus_common::cache: Cannot calculate unrealized PnL for P-20240414-063520-001-140736707735688-1, no quotes for BTCUSDT-PERP.BINANCE[0m
[1m2024-04-14T09:11:10.000000000Z[0m [1;33m[WARN] TRADER-001.nautilus_common::cache: Cannot calculate unrealized PnL for P-20240414-063520-001-140736707735688-1, no quotes for BTCUSDT-PERP.BINANCE[0m
[1m2024-04-14T09:11:20.000000000Z[0m [1;33m[WARN] TRADER-001.nautilus_common::cache: Cannot calculate unrealized PnL for P-20240414-063520-001-140736707735688-1, no quotes for BTCUSDT-PERP.BINANCE[0m
[1m2024-04-14T09:11:30.000000000Z[0m [1;33m[WARN] TRADER-001.nautilus_common::cache: Cannot calculate unrealized PnL for P-20240414-063520-001-140736707735688-1, no quotes for BTCUSDT-PERP.BINANCE[0m
[1m2024-04-14T09:11:40.000000000Z[0m [1;33m[WARN] TRADER-001.nautilus_common::cache: Cannot calculate unrealized PnL for P-20240414-063520-001-140736707735688-1, no quotes for BTCUSDT-PERP.BINANCE[0m
[1m2024-04-14T09:11:50.000000000Z[0m [1;33m[WARN] TRADER-001.nautilus_common::cache: Cannot calculate unrealized PnL for P-20240414-063520-001-140736707735688-1, no quotes for BTCUSDT-PERP.BINANCE[0m
[1m2024-04-14T09:11:59.999000000Z[0m [1;33m[WARN] TRADER-001.nautilus_common::cache: Cannot calculate unrealized PnL for P-20240414-063520-001-140736707735688-1, no quotes for BTCUSDT-PERP.BINANCE[0m
[1m2024-04-14T09:12:00.000000000Z[0m [1;33m[WARN] TRADER-001.nautilus_common::cache: Cannot calculate unrealized PnL for P-20240414-063520-001-140736707735688-1, no quotes for BTCUSDT-PERP.BINANCE[0m
[1m2024-04-14T09:12:10.000000000Z[0m [1;33m[WARN] TRADER-001.nautilus_common::cache: Cannot calculate unrealized PnL for P-20240414-063520-001-140736707735688-1, no quotes for BTCUSDT-PERP.BINANCE[0m
[1m2024-04-14T09:12:20.000000000Z[0m [1;33m[WARN] TRADER-001.nautilus_common::cache: Cannot calculate unrealized PnL for P-20240414-063520-001-140736707735688-1, no quotes for BTCUSDT-PERP.BINANCE[0m
[1m2024-04-14T09:12:30.000000000Z[0m [1;33m[WARN] TRADER-001.nautilus_common::cache: Cannot calculate unrealized PnL for P-20240414-063520-001-140736707735688-1, no quotes for BTCUSDT-PERP.BINANCE[0m
[1m2024-04-14T09:12:40.000000000Z[0m [1;33m[WARN] TRADER-001.nautilus_common::cache: Cannot calculate unrealized PnL for P-20240414-063520-001-140736707735688-1, no quotes for BTCUSDT-PERP.BINANCE[0m
[1m2024-04-14T09:12:50.000000000Z[0m [1;33m[WARN] TRADER-001.nautilus_common::cache: Cannot calculate unrealized PnL for P-20240414-063520-001-140736707735688-1, no quotes for BTCUSDT-PERP.BINANCE[0m
[1m2024-04-14T09:12:59.999000000Z[0m [1;33m[WARN] TRADER-001.nautilus_common::cache: Cannot calculate unrealized PnL for P-20240414-063520-001-140736707735688-1, no quotes for BTCUSDT-PERP.BINANCE[0m
[1m2024-04-14T09:13:00.000000000Z[0m [1;33m[WARN] TRADER-001.nautilus_common::cache: Cannot calculate unrealized PnL for P-20240414-063520-001-140736707735688-1, no quotes for BTCUSDT-PERP.BINANCE[0m
[1m2024-04-14T09:13:10.000000000Z[0m [1;33m[WARN] TRADER-001.nautilus_common::cache: Cannot calculate unrealized PnL for P-20240414-063520-001-140736707735688-1, no quotes for BTCUSDT-PERP.BINANCE[0m
[1m2024-04-14T09:13:20.000000000Z[0m [1;33m[WARN] TRADER-001.nautilus_common::cache: Cannot calculate unrealized PnL for P-20240414-063520-001-140736707735688-1, no quotes for BTCUSDT-PERP.BINANCE[0m
[1m2024-04-14T09:13:30.000000000Z[0m [1;33m[WARN] TRADER-001.nautilus_common::cache: Cannot calculate unrealized PnL for P-20240414-063520-001-140736707735688-1, no quotes for BTCUSDT-PERP.BINANCE[0m
[1m2024-04-14T09:13:40.000000000Z[0m [1;33m[WARN] TRADER-001.nautilus_common::cache: Cannot calculate unrealized PnL for P-20240414-063520-001-140736707735688-1, no quotes for BTCUSDT-PERP.BINANCE[0m
[1m2024-04-14T09:13:50.000000000Z[0m [1;33m[WARN] TRADER-001.nautilus_common::cache: Cannot calculate unrealized PnL for P-20240414-063520-001-140736707735688-1, no quotes for BTCUSDT-PERP.BINANCE[0m
[1m2024-04-14T09:13:59.999000000Z[0m [1;33m[WARN] TRADER-001.nautilus_common::cache: Cannot calculate unrealized PnL for P-20240414-063520-001-140736707735688-1, no quotes for BTCUSDT-PERP.BINANCE[0m
[1m2024-04-14T09:14:00.000000000Z[0m [1;33m[WARN] TRADER-001.nautilus_common::cache: Cannot calculate unrealized PnL for P-20240414-063520-001-140736707735688-1, no quotes for BTCUSDT-PERP.BINANCE[0m
[1m2024-04-14T09:14:10.000000000Z[0m [1;33m[WARN] TRADER-001.nautilus_common::cache: Cannot calculate unrealized PnL for P-20240414-063520-001-140736707735688-1, no quotes for BTCUSDT-PERP.BINANCE[0m
[1m2024-04-14T09:14:20.000000000Z[0m [1;33m[WARN] TRADER-001.nautilus_common::cache: Cannot calculate unrealized PnL for P-20240414-063520-001-140736707735688-1, no quotes for BTCUSDT-PERP.BINANCE[0m
[1m2024-04-14T09:14:30.000000000Z[0m [1;33m[WARN] TRADER-001.nautilus_common::cache: Cannot calculate unrealized PnL for P-20240414-063520-001-140736707735688-1, no quotes for BTCUSDT-PERP.BINANCE[0m
[1m2024-04-14T09:14:40.000000000Z[0m [1;33m[WARN] TRADER-001.nautilus_common::cache: Cannot calculate unrealized PnL for P-20240414-063520-001-140736707735688-1, no quotes for BTCUSDT-PERP.BINANCE[0m
[1m2024-04-14T09:14:50.000000000Z[0m [1;33m[WARN] TRADER-001.nautilus_common::cache: Cannot calculate unrealized PnL for P-20240414-063520-001-140736707735688-1, no quotes for BTCUSDT-PERP.BINANCE[0m
[1m2024-04-14T09:14:59.999000000Z[0m [1;33m[WARN] TRADER-001.nautilus_common::cache: Cannot calculate unrealized PnL for P-20240414-063520-001-140736707735688-1, no quotes for BTCUSDT-PERP.BINANCE[0m
[1m2024-04-14T09:15:00.000000000Z[0m [1;33m[WARN] TRADER-001.nautilus_common::cache: Cannot calculate unrealized PnL for P-20240414-063520-001-140736707735688-1, no quotes for BTCUSDT-PERP.BINANCE[0m
[1m2024-04-14T09:15:10.000000000Z[0m [1;33m[WARN] TRADER-001.nautilus_common::cache: Cannot calculate unrealized PnL for P-20240414-063520-001-140736707735688-1, no quotes for BTCUSDT-PERP.BINANCE[0m
[1m2024-04-14T09:15:20.000000000Z[0m [1;33m[WARN] TRADER-001.nautilus_common::cache: Cannot calculate unrealized PnL for P-20240414-063520-001-140736707735688-1, no quotes for BTCUSDT-PERP.BINANCE[0m
[1m2024-04-14T09:15:30.000000000Z[0m [1;33m[WARN] TRADER-001.nautilus_common::cache: Cannot calculate unrealized PnL for P-20240414-063520-001-140736707735688-1, no quotes for BTCUSDT-PERP.BINANCE[0m
[1m2024-04-14T09:15:40.000000000Z[0m [1;33m[WARN] TRADER-001.nautilus_common::cache: Cannot calculate unrealized PnL for P-20240414-063520-001-140736707735688-1, no quotes for BTCUSDT-PERP.BINANCE[0m
[1m2024-04-14T09:15:50.000000000Z[0m [1;33m[WARN] TRADER-001.nautilus_common::cache: Cannot calculate unrealized PnL for P-20240414-063520-001-140736707735688-1, no quotes for BTCUSDT-PERP.BINANCE[0m
[1m2024-04-14T09:15:59.999000000Z[0m [1;33m[WARN] TRADER-001.nautilus_common::cache: Cannot calculate unrealized PnL for P-20240414-063520-001-140736707735688-1, no quotes for BTCUSDT-PERP.BINANCE[0m
[1m2024-04-14T09:16:00.000000000Z[0m [1;33m[WARN] TRADER-001.nautilus_common::cache: Cannot calculate unrealized PnL for P-20240414-063520-001-140736707735688-1, no quotes for BTCUSDT-PERP.BINANCE[0m
[1m2024-04-14T09:16:10.000000000Z[0m [1;33m[WARN] TRADER-001.nautilus_common::cache: Cannot calculate unrealized PnL for P-20240414-063520-001-140736707735688-1, no quotes for BTCUSDT-PERP.BINANCE[0m
[1m2024-04-14T09:16:20.000000000Z[0m [1;33m[WARN] TRADER-001.nautilus_common::cache: Cannot calculate unrealized PnL for P-20240414-063520-001-140736707735688-1, no quotes for BTCUSDT-PERP.BINANCE[0m
[1m2024-04-14T09:16:30.000000000Z[0m [1;33m[WARN] TRADER-001.nautilus_common::cache: Cannot calculate unrealized PnL for P-20240414-063520-001-140736707735688-1, no quotes for BTCUSDT-PERP.BINANCE[0m
[1m2024-04-14T09:16:40.000000000Z[0m [1;33m[WARN] TRADER-001.nautilus_common::cache: Cannot calculate unrealized PnL for P-20240414-063520-001-140736707735688-1, no quotes for BTCUSDT-PERP.BINANCE[0m
[1m2024-04-14T09:16:50.000000000Z[0m [1;33m[WARN] TRADER-001.nautilus_common::cache: Cannot calculate unrealized PnL for P-20240414-063520-001-140736707735688-1, no quotes for BTCUSDT-PERP.BINANCE[0m
[1m2024-04-14T09:16:59.999000000Z[0m [1;33m[WARN] TRADER-001.nautilus_common::cache: Cannot calculate unrealized PnL for P-20240414-063520-001-140736707735688-1, no quotes for BTCUSDT-PERP.BINANCE[0m
[1m2024-04-14T09:17:00.000000000Z[0m [1;33m[WARN] TRADER-001.nautilus_common::cache: Cannot calculate unrealized PnL for P-20240414-063520-001-140736707735688-1, no quotes for BTCUSDT-PERP.BINANCE[0m
[1m2024-04-14T09:17:10.000000000Z[0m [1;33m[WARN] TRADER-001.nautilus_common::cache: Cannot calculate unrealized PnL for P-20240414-063520-001-140736707735688-1, no quotes for BTCUSDT-PERP.BINANCE[0m
[1m2024-04-14T09:17:20.000000000Z[0m [1;33m[WARN] TRADER-001.nautilus_common::cache: Cannot calculate unrealized PnL for P-20240414-063520-001-140736707735688-1, no quotes for BTCUSDT-PERP.BINANCE[0m
[1m2024-04-14T09:17:30.000000000Z[0m [1;33m[WARN] TRADER-001.nautilus_common::cache: Cannot calculate unrealized PnL for P-20240414-063520-001-140736707735688-1, no quotes for BTCUSDT-PERP.BINANCE[0m
[1m2024-04-14T09:17:40.000000000Z[0m [1;33m[WARN] TRADER-001.nautilus_common::cache: Cannot calculate unrealized PnL for P-20240414-063520-001-140736707735688-1, no quotes for BTCUSDT-PERP.BINANCE[0m
[1m2024-04-14T09:17:50.000000000Z[0m [1;33m[WARN] TRADER-001.nautilus_common::cache: Cannot calculate unrealized PnL for P-20240414-063520-001-140736707735688-1, no quotes for BTCUSDT-PERP.BINANCE[0m
[1m2024-04-14T09:17:59.999000000Z[0m [1;33m[WARN] TRADER-001.nautilus_common::cache: Cannot calculate unrealized PnL for P-20240414-063520-001-140736707735688-1, no quotes for BTCUSDT-PERP.BINANCE[0m
[1m2024-04-14T09:18:00.000000000Z[0m [1;33m[WARN] TRADER-001.nautilus_common::cache: Cannot calculate unrealized PnL for P-20240414-063520-001-140736707735688-1, no quotes for BTCUSDT-PERP.BINANCE[0m
[1m2024-04-14T09:18:10.000000000Z[0m [1;33m[WARN] TRADER-001.nautilus_common::cache: Cannot calculate unrealized PnL for P-20240414-063520-001-140736707735688-1, no quotes for BTCUSDT-PERP.BINANCE[0m
[1m2024-04-14T09:18:20.000000000Z[0m [1;33m[WARN] TRADER-001.nautilus_common::cache: Cannot calculate unrealized PnL for P-20240414-063520-001-140736707735688-1, no quotes for BTCUSDT-PERP.BINANCE[0m
[1m2024-04-14T09:18:30.000000000Z[0m [1;33m[WARN] TRADER-001.nautilus_common::cache: Cannot calculate unrealized PnL for P-20240414-063520-001-140736707735688-1, no quotes for BTCUSDT-PERP.BINANCE[0m
[1m2024-04-14T09:18:40.000000000Z[0m [1;33m[WARN] TRADER-001.nautilus_common::cache: Cannot calculate unrealized PnL for P-20240414-063520-001-140736707735688-1, no quotes for BTCUSDT-PERP.BINANCE[0m
[1m2024-04-14T09:18:50.000000000Z[0m [1;33m[WARN] TRADER-001.nautilus_common::cache: Cannot calculate unrealized PnL for P-20240414-063520-001-140736707735688-1, no quotes for BTCUSDT-PERP.BINANCE[0m
[1m2024-04-14T09:18:59.999000000Z[0m [1;33m[WARN] TRADER-001.nautilus_common::cache: Cannot calculate unrealized PnL for P-20240414-063520-001-140736707735688-1, no quotes for BTCUSDT-PERP.BINANCE[0m
[1m2024-04-14T09:19:00.000000000Z[0m [1;33m[WARN] TRADER-001.nautilus_common::cache: Cannot calculate unrealized PnL for P-20240414-063520-001-140736707735688-1, no quotes for BTCUSDT-PERP.BINANCE[0m
[1m2024-04-14T09:19:10.000000000Z[0m [1;33m[WARN] TRADER-001.nautilus_common::cache: Cannot calculate unrealized PnL for P-20240414-063520-001-140736707735688-1, no quotes for BTCUSDT-PERP.BINANCE[0m
[1m2024-04-14T09:19:20.000000000Z[0m [1;33m[WARN] TRADER-001.nautilus_common::cache: Cannot calculate unrealized PnL for P-20240414-063520-001-140736707735688-1, no quotes for BTCUSDT-PERP.BINANCE[0m
[1m2024-04-14T09:19:30.000000000Z[0m [1;33m[WARN] TRADER-001.nautilus_common::cache: Cannot calculate unrealized PnL for P-20240414-063520-001-140736707735688-1, no quotes for BTCUSDT-PERP.BINANCE[0m
[1m2024-04-14T09:19:40.000000000Z[0m [1;33m[WARN] TRADER-001.nautilus_common::cache: Cannot calculate unrealized PnL for P-20240414-063520-001-140736707735688-1, no quotes for BTCUSDT-PERP.BINANCE[0m
[1m2024-04-14T09:19:50.000000000Z[0m [1;33m[WARN] TRADER-001.nautilus_common::cache: Cannot calculate unrealized PnL for P-20240414-063520-001-140736707735688-1, no quotes for BTCUSDT-PERP.BINANCE[0m
[1m2024-04-14T09:19:59.999000000Z[0m [1;33m[WARN] TRADER-001.nautilus_common::cache: Cannot calculate unrealized PnL for P-20240414-063520-001-140736707735688-1, no quotes for BTCUSDT-PERP.BINANCE[0m
[1m2024-04-14T09:20:00.000000000Z[0m [1;33m[WARN] TRADER-001.nautilus_common::cache: Cannot calculate unrealized PnL for P-20240414-063520-001-140736707735688-1, no quotes for BTCUSDT-PERP.BINANCE[0m
[1m2024-04-14T09:20:10.000000000Z[0m [1;33m[WARN] TRADER-001.nautilus_common::cache: Cannot calculate unrealized PnL for P-20240414-063520-001-140736707735688-1, no quotes for BTCUSDT-PERP.BINANCE[0m
[1m2024-04-14T09:20:20.000000000Z[0m [1;33m[WARN] TRADER-001.nautilus_common::cache: Cannot calculate unrealized PnL for P-20240414-063520-001-140736707735688-1, no quotes for BTCUSDT-PERP.BINANCE[0m
[1m2024-04-14T09:20:30.000000000Z[0m [1;33m[WARN] TRADER-001.nautilus_common::cache: Cannot calculate unrealized PnL for P-20240414-063520-001-140736707735688-1, no quotes for BTCUSDT-PERP.BINANCE[0m
[1m2024-04-14T09:20:40.000000000Z[0m [1;33m[WARN] TRADER-001.nautilus_common::cache: Cannot calculate unrealized PnL for P-20240414-063520-001-140736707735688-1, no quotes for BTCUSDT-PERP.BINANCE[0m
[1m2024-04-14T09:20:50.000000000Z[0m [1;33m[WARN] TRADER-001.nautilus_common::cache: Cannot calculate unrealized PnL for P-20240414-063520-001-140736707735688-1, no quotes for BTCUSDT-PERP.BINANCE[0m
[1m2024-04-14T09:20:59.999000000Z[0m [1;33m[WARN] TRADER-001.nautilus_common::cache: Cannot calculate unrealized PnL for P-20240414-063520-001-140736707735688-1, no quotes for BTCUSDT-PERP.BINANCE[0m
[1m2024-04-14T09:21:00.000000000Z[0m [1;33m[WARN] TRADER-001.nautilus_common::cache: Cannot calculate unrealized PnL for P-20240414-063520-001-140736707735688-1, no quotes for BTCUSDT-PERP.BINANCE[0m
[1m2024-04-14T09:21:10.000000000Z[0m [1;33m[WARN] TRADER-001.nautilus_common::cache: Cannot calculate unrealized PnL for P-20240414-063520-001-140736707735688-1, no quotes for BTCUSDT-PERP.BINANCE[0m
[1m2024-04-14T09:21:20.000000000Z[0m [1;33m[WARN] TRADER-001.nautilus_common::cache: Cannot calculate unrealized PnL for P-20240414-063520-001-140736707735688-1, no quotes for BTCUSDT-PERP.BINANCE[0m
[1m2024-04-14T09:21:30.000000000Z[0m [1;33m[WARN] TRADER-001.nautilus_common::cache: Cannot calculate unrealized PnL for P-20240414-063520-001-140736707735688-1, no quotes for BTCUSDT-PERP.BINANCE[0m
[1m2024-04-14T09:21:40.000000000Z[0m [1;33m[WARN] TRADER-001.nautilus_common::cache: Cannot calculate unrealized PnL for P-20240414-063520-001-140736707735688-1, no quotes for BTCUSDT-PERP.BINANCE[0m
[1m2024-04-14T09:21:50.000000000Z[0m [1;33m[WARN] TRADER-001.nautilus_common::cache: Cannot calculate unrealized PnL for P-20240414-063520-001-140736707735688-1, no quotes for BTCUSDT-PERP.BINANCE[0m
[1m2024-04-14T09:21:59.999000000Z[0m [1;33m[WARN] TRADER-001.nautilus_common::cache: Cannot calculate unrealized PnL for P-20240414-063520-001-140736707735688-1, no quotes for BTCUSDT-PERP.BINANCE[0m
[1m2024-04-14T09:22:00.000000000Z[0m [1;33m[WARN] TRADER-001.nautilus_common::cache: Cannot calculate unrealized PnL for P-20240414-063520-001-140736707735688-1, no quotes for BTCUSDT-PERP.BINANCE[0m
[1m2024-04-14T09:22:10.000000000Z[0m [1;33m[WARN] TRADER-001.nautilus_common::cache: Cannot calculate unrealized PnL for P-20240414-063520-001-140736707735688-1, no quotes for BTCUSDT-PERP.BINANCE[0m
[1m2024-04-14T09:22:20.000000000Z[0m [1;33m[WARN] TRADER-001.nautilus_common::cache: Cannot calculate unrealized PnL for P-20240414-063520-001-140736707735688-1, no quotes for BTCUSDT-PERP.BINANCE[0m
[1m2024-04-14T09:22:30.000000000Z[0m [1;33m[WARN] TRADER-001.nautilus_common::cache: Cannot calculate unrealized PnL for P-20240414-063520-001-140736707735688-1, no quotes for BTCUSDT-PERP.BINANCE[0m
[1m2024-04-14T09:22:40.000000000Z[0m [1;33m[WARN] TRADER-001.nautilus_common::cache: Cannot calculate unrealized PnL for P-20240414-063520-001-140736707735688-1, no quotes for BTCUSDT-PERP.BINANCE[0m
[1m2024-04-14T09:22:50.000000000Z[0m [1;33m[WARN] TRADER-001.nautilus_common::cache: Cannot calculate unrealized PnL for P-20240414-063520-001-140736707735688-1, no quotes for BTCUSDT-PERP.BINANCE[0m
[1m2024-04-14T09:22:59.999000000Z[0m [1;33m[WARN] TRADER-001.nautilus_common::cache: Cannot calculate unrealized PnL for P-20240414-063520-001-140736707735688-1, no quotes for BTCUSDT-PERP.BINANCE[0m
[1m2024-04-14T09:23:00.000000000Z[0m [1;33m[WARN] TRADER-001.nautilus_common::cache: Cannot calculate unrealized PnL for P-20240414-063520-001-140736707735688-1, no quotes for BTCUSDT-PERP.BINANCE[0m
[1m2024-04-14T09:23:10.000000000Z[0m [1;33m[WARN] TRADER-001.nautilus_common::cache: Cannot calculate unrealized PnL for P-20240414-063520-001-140736707735688-1, no quotes for BTCUSDT-PERP.BINANCE[0m
[1m2024-04-14T09:23:20.000000000Z[0m [1;33m[WARN] TRADER-001.nautilus_common::cache: Cannot calculate unrealized PnL for P-20240414-063520-001-140736707735688-1, no quotes for BTCUSDT-PERP.BINANCE[0m
[1m2024-04-14T09:23:30.000000000Z[0m [1;33m[WARN] TRADER-001.nautilus_common::cache: Cannot calculate unrealized PnL for P-20240414-063520-001-140736707735688-1, no quotes for BTCUSDT-PERP.BINANCE[0m
[1m2024-04-14T09:23:40.000000000Z[0m [1;33m[WARN] TRADER-001.nautilus_common::cache: Cannot calculate unrealized PnL for P-20240414-063520-001-140736707735688-1, no quotes for BTCUSDT-PERP.BINANCE[0m
[1m2024-04-14T09:23:50.000000000Z[0m [1;33m[WARN] TRADER-001.nautilus_common::cache: Cannot calculate unrealized PnL for P-20240414-063520-001-140736707735688-1, no quotes for BTCUSDT-PERP.BINANCE[0m
[1m2024-04-14T09:23:59.999000000Z[0m [1;33m[WARN] TRADER-001.nautilus_common::cache: Cannot calculate unrealized PnL for P-20240414-063520-001-140736707735688-1, no quotes for BTCUSDT-PERP.BINANCE[0m
[1m2024-04-14T09:24:00.000000000Z[0m [1;33m[WARN] TRADER-001.nautilus_common::cache: Cannot calculate unrealized PnL for P-20240414-063520-001-140736707735688-1, no quotes for BTCUSDT-PERP.BINANCE[0m
[1m2024-04-14T09:24:10.000000000Z[0m [1;33m[WARN] TRADER-001.nautilus_common::cache: Cannot calculate unrealized PnL for P-20240414-063520-001-140736707735688-1, no quotes for BTCUSDT-PERP.BINANCE[0m
[1m2024-04-14T09:24:20.000000000Z[0m [1;33m[WARN] TRADER-001.nautilus_common::cache: Cannot calculate unrealized PnL for P-20240414-063520-001-140736707735688-1, no quotes for BTCUSDT-PERP.BINANCE[0m
[1m2024-04-14T09:24:30.000000000Z[0m [1;33m[WARN] TRADER-001.nautilus_common::cache: Cannot calculate unrealized PnL for P-20240414-063520-001-140736707735688-1, no quotes for BTCUSDT-PERP.BINANCE[0m
[1m2024-04-14T09:24:40.000000000Z[0m [1;33m[WARN] TRADER-001.nautilus_common::cache: Cannot calculate unrealized PnL for P-20240414-063520-001-140736707735688-1, no quotes for BTCUSDT-PERP.BINANCE[0m
[1m2024-04-14T09:24:50.000000000Z[0m [1;33m[WARN] TRADER-001.nautilus_common::cache: Cannot calculate unrealized PnL for P-20240414-063520-001-140736707735688-1, no quotes for BTCUSDT-PERP.BINANCE[0m
[1m2024-04-14T09:24:59.999000000Z[0m [1;33m[WARN] TRADER-001.nautilus_common::cache: Cannot calculate unrealized PnL for P-20240414-063520-001-140736707735688-1, no quotes for BTCUSDT-PERP.BINANCE[0m
[1m2024-04-14T09:25:00.000000000Z[0m [1;33m[WARN] TRADER-001.nautilus_common::cache: Cannot calculate unrealized PnL for P-20240414-063520-001-140736707735688-1, no quotes for BTCUSDT-PERP.BINANCE[0m
[1m2024-04-14T09:25:10.000000000Z[0m [1;33m[WARN] TRADER-001.nautilus_common::cache: Cannot calculate unrealized PnL for P-20240414-063520-001-140736707735688-1, no quotes for BTCUSDT-PERP.BINANCE[0m
[1m2024-04-14T09:25:20.000000000Z[0m [1;33m[WARN] TRADER-001.nautilus_common::cache: Cannot calculate unrealized PnL for P-20240414-063520-001-140736707735688-1, no quotes for BTCUSDT-PERP.BINANCE[0m
[1m2024-04-14T09:25:30.000000000Z[0m [1;33m[WARN] TRADER-001.nautilus_common::cache: Cannot calculate unrealized PnL for P-20240414-063520-001-140736707735688-1, no quotes for BTCUSDT-PERP.BINANCE[0m
[1m2024-04-14T09:25:40.000000000Z[0m [1;33m[WARN] TRADER-001.nautilus_common::cache: Cannot calculate unrealized PnL for P-20240414-063520-001-140736707735688-1, no quotes for BTCUSDT-PERP.BINANCE[0m
[1m2024-04-14T09:25:50.000000000Z[0m [1;33m[WARN] TRADER-001.nautilus_common::cache: Cannot calculate unrealized PnL for P-20240414-063520-001-140736707735688-1, no quotes for BTCUSDT-PERP.BINANCE[0m
[1m2024-04-14T09:25:59.999000000Z[0m [1;33m[WARN] TRADER-001.nautilus_common::cache: Cannot calculate unrealized PnL for P-20240414-063520-001-140736707735688-1, no quotes for BTCUSDT-PERP.BINANCE[0m
[1m2024-04-14T09:26:00.000000000Z[0m [1;33m[WARN] TRADER-001.nautilus_common::cache: Cannot calculate unrealized PnL for P-20240414-063520-001-140736707735688-1, no quotes for BTCUSDT-PERP.BINANCE[0m
[1m2024-04-14T09:26:10.000000000Z[0m [1;33m[WARN] TRADER-001.nautilus_common::cache: Cannot calculate unrealized PnL for P-20240414-063520-001-140736707735688-1, no quotes for BTCUSDT-PERP.BINANCE[0m
[1m2024-04-14T09:26:20.000000000Z[0m [1;33m[WARN] TRADER-001.nautilus_common::cache: Cannot calculate unrealized PnL for P-20240414-063520-001-140736707735688-1, no quotes for BTCUSDT-PERP.BINANCE[0m
[1m2024-04-14T09:26:30.000000000Z[0m [1;33m[WARN] TRADER-001.nautilus_common::cache: Cannot calculate unrealized PnL for P-20240414-063520-001-140736707735688-1, no quotes for BTCUSDT-PERP.BINANCE[0m
[1m2024-04-14T09:26:40.000000000Z[0m [1;33m[WARN] TRADER-001.nautilus_common::cache: Cannot calculate unrealized PnL for P-20240414-063520-001-140736707735688-1, no quotes for BTCUSDT-PERP.BINANCE[0m
[1m2024-04-14T09:26:50.000000000Z[0m [1;33m[WARN] TRADER-001.nautilus_common::cache: Cannot calculate unrealized PnL for P-20240414-063520-001-140736707735688-1, no quotes for BTCUSDT-PERP.BINANCE[0m
[1m2024-04-14T09:26:59.999000000Z[0m [1;33m[WARN] TRADER-001.nautilus_common::cache: Cannot calculate unrealized PnL for P-20240414-063520-001-140736707735688-1, no quotes for BTCUSDT-PERP.BINANCE[0m
[1m2024-04-14T09:27:00.000000000Z[0m [1;33m[WARN] TRADER-001.nautilus_common::cache: Cannot calculate unrealized PnL for P-20240414-063520-001-140736707735688-1, no quotes for BTCUSDT-PERP.BINANCE[0m
[1m2024-04-14T09:27:10.000000000Z[0m [1;33m[WARN] TRADER-001.nautilus_common::cache: Cannot calculate unrealized PnL for P-20240414-063520-001-140736707735688-1, no quotes for BTCUSDT-PERP.BINANCE[0m
[1m2024-04-14T09:27:20.000000000Z[0m [1;33m[WARN] TRADER-001.nautilus_common::cache: Cannot calculate unrealized PnL for P-20240414-063520-001-140736707735688-1, no quotes for BTCUSDT-PERP.BINANCE[0m
[1m2024-04-14T09:27:30.000000000Z[0m [1;33m[WARN] TRADER-001.nautilus_common::cache: Cannot calculate unrealized PnL for P-20240414-063520-001-140736707735688-1, no quotes for BTCUSDT-PERP.BINANCE[0m
[1m2024-04-14T09:27:40.000000000Z[0m [1;33m[WARN] TRADER-001.nautilus_common::cache: Cannot calculate unrealized PnL for P-20240414-063520-001-140736707735688-1, no quotes for BTCUSDT-PERP.BINANCE[0m
[1m2024-04-14T09:27:50.000000000Z[0m [1;33m[WARN] TRADER-001.nautilus_common::cache: Cannot calculate unrealized PnL for P-20240414-063520-001-140736707735688-1, no quotes for BTCUSDT-PERP.BINANCE[0m
[1m2024-04-14T09:27:59.999000000Z[0m [1;33m[WARN] TRADER-001.nautilus_common::cache: Cannot calculate unrealized PnL for P-20240414-063520-001-140736707735688-1, no quotes for BTCUSDT-PERP.BINANCE[0m
[1m2024-04-14T09:28:00.000000000Z[0m [1;33m[WARN] TRADER-001.nautilus_common::cache: Cannot calculate unrealized PnL for P-20240414-063520-001-140736707735688-1, no quotes for BTCUSDT-PERP.BINANCE[0m
[1m2024-04-14T09:28:10.000000000Z[0m [1;33m[WARN] TRADER-001.nautilus_common::cache: Cannot calculate unrealized PnL for P-20240414-063520-001-140736707735688-1, no quotes for BTCUSDT-PERP.BINANCE[0m
[1m2024-04-14T09:28:20.000000000Z[0m [1;33m[WARN] TRADER-001.nautilus_common::cache: Cannot calculate unrealized PnL for P-20240414-063520-001-140736707735688-1, no quotes for BTCUSDT-PERP.BINANCE[0m
[1m2024-04-14T09:28:30.000000000Z[0m [1;33m[WARN] TRADER-001.nautilus_common::cache: Cannot calculate unrealized PnL for P-20240414-063520-001-140736707735688-1, no quotes for BTCUSDT-PERP.BINANCE[0m
[1m2024-04-14T09:28:40.000000000Z[0m [1;33m[WARN] TRADER-001.nautilus_common::cache: Cannot calculate unrealized PnL for P-20240414-063520-001-140736707735688-1, no quotes for BTCUSDT-PERP.BINANCE[0m
[1m2024-04-14T09:28:50.000000000Z[0m [1;33m[WARN] TRADER-001.nautilus_common::cache: Cannot calculate unrealized PnL for P-20240414-063520-001-140736707735688-1, no quotes for BTCUSDT-PERP.BINANCE[0m
[1m2024-04-14T09:28:59.999000000Z[0m [1;33m[WARN] TRADER-001.nautilus_common::cache: Cannot calculate unrealized PnL for P-20240414-063520-001-140736707735688-1, no quotes for BTCUSDT-PERP.BINANCE[0m
[1m2024-04-14T09:29:00.000000000Z[0m [1;33m[WARN] TRADER-001.nautilus_common::cache: Cannot calculate unrealized PnL for P-20240414-063520-001-140736707735688-1, no quotes for BTCUSDT-PERP.BINANCE[0m
[1m2024-04-14T09:29:10.000000000Z[0m [1;33m[WARN] TRADER-001.nautilus_common::cache: Cannot calculate unrealized PnL for P-20240414-063520-001-140736707735688-1, no quotes for BTCUSDT-PERP.BINANCE[0m
[1m2024-04-14T09:29:20.000000000Z[0m [1;33m[WARN] TRADER-001.nautilus_common::cache: Cannot calculate unrealized PnL for P-20240414-063520-001-140736707735688-1, no quotes for BTCUSDT-PERP.BINANCE[0m
[1m2024-04-14T09:29:30.000000000Z[0m [1;33m[WARN] TRADER-001.nautilus_common::cache: Cannot calculate unrealized PnL for P-20240414-063520-001-140736707735688-1, no quotes for BTCUSDT-PERP.BINANCE[0m
[1m2024-04-14T09:29:40.000000000Z[0m [1;33m[WARN] TRADER-001.nautilus_common::cache: Cannot calculate unrealized PnL for P-20240414-063520-001-140736707735688-1, no quotes for BTCUSDT-PERP.BINANCE[0m
[1m2024-04-14T09:29:50.000000000Z[0m [1;33m[WARN] TRADER-001.nautilus_common::cache: Cannot calculate unrealized PnL for P-20240414-063520-001-140736707735688-1, no quotes for BTCUSDT-PERP.BINANCE[0m
[1m2024-04-14T09:29:59.999000000Z[0m [1;33m[WARN] TRADER-001.nautilus_common::cache: Cannot calculate unrealized PnL for P-20240414-063520-001-140736707735688-1, no quotes for BTCUSDT-PERP.BINANCE[0m
[1m2024-04-14T09:30:00.000000000Z[0m [1;33m[WARN] TRADER-001.nautilus_common::cache: Cannot calculate unrealized PnL for P-20240414-063520-001-140736707735688-1, no quotes for BTCUSDT-PERP.BINANCE[0m
[1m2024-04-14T09:30:10.000000000Z[0m [1;33m[WARN] TRADER-001.nautilus_common::cache: Cannot calculate unrealized PnL for P-20240414-063520-001-140736707735688-1, no quotes for BTCUSDT-PERP.BINANCE[0m
[1m2024-04-14T09:30:20.000000000Z[0m [1;33m[WARN] TRADER-001.nautilus_common::cache: Cannot calculate unrealized PnL for P-20240414-063520-001-140736707735688-1, no quotes for BTCUSDT-PERP.BINANCE[0m
[1m2024-04-14T09:30:30.000000000Z[0m [1;33m[WARN] TRADER-001.nautilus_common::cache: Cannot calculate unrealized PnL for P-20240414-063520-001-140736707735688-1, no quotes for BTCUSDT-PERP.BINANCE[0m
[1m2024-04-14T09:30:40.000000000Z[0m [1;33m[WARN] TRADER-001.nautilus_common::cache: Cannot calculate unrealized PnL for P-20240414-063520-001-140736707735688-1, no quotes for BTCUSDT-PERP.BINANCE[0m
[1m2024-04-14T09:30:50.000000000Z[0m [1;33m[WARN] TRADER-001.nautilus_common::cache: Cannot calculate unrealized PnL for P-20240414-063520-001-140736707735688-1, no quotes for BTCUSDT-PERP.BINANCE[0m
[1m2024-04-14T09:30:59.999000000Z[0m [1;33m[WARN] TRADER-001.nautilus_common::cache: Cannot calculate unrealized PnL for P-20240414-063520-001-140736707735688-1, no quotes for BTCUSDT-PERP.BINANCE[0m
[1m2024-04-14T09:31:00.000000000Z[0m [1;33m[WARN] TRADER-001.nautilus_common::cache: Cannot calculate unrealized PnL for P-20240414-063520-001-140736707735688-1, no quotes for BTCUSDT-PERP.BINANCE[0m
[1m2024-04-14T09:31:10.000000000Z[0m [1;33m[WARN] TRADER-001.nautilus_common::cache: Cannot calculate unrealized PnL for P-20240414-063520-001-140736707735688-1, no quotes for BTCUSDT-PERP.BINANCE[0m
[1m2024-04-14T09:31:20.000000000Z[0m [1;33m[WARN] TRADER-001.nautilus_common::cache: Cannot calculate unrealized PnL for P-20240414-063520-001-140736707735688-1, no quotes for BTCUSDT-PERP.BINANCE[0m
[1m2024-04-14T09:31:30.000000000Z[0m [1;33m[WARN] TRADER-001.nautilus_common::cache: Cannot calculate unrealized PnL for P-20240414-063520-001-140736707735688-1, no quotes for BTCUSDT-PERP.BINANCE[0m
[1m2024-04-14T09:31:40.000000000Z[0m [1;33m[WARN] TRADER-001.nautilus_common::cache: Cannot calculate unrealized PnL for P-20240414-063520-001-140736707735688-1, no quotes for BTCUSDT-PERP.BINANCE[0m
[1m2024-04-14T09:31:50.000000000Z[0m [1;33m[WARN] TRADER-001.nautilus_common::cache: Cannot calculate unrealized PnL for P-20240414-063520-001-140736707735688-1, no quotes for BTCUSDT-PERP.BINANCE[0m
[1m2024-04-14T09:31:59.999000000Z[0m [1;33m[WARN] TRADER-001.nautilus_common::cache: Cannot calculate unrealized PnL for P-20240414-063520-001-140736707735688-1, no quotes for BTCUSDT-PERP.BINANCE[0m
[1m2024-04-14T09:32:00.000000000Z[0m [1;33m[WARN] TRADER-001.nautilus_common::cache: Cannot calculate unrealized PnL for P-20240414-063520-001-140736707735688-1, no quotes for BTCUSDT-PERP.BINANCE[0m
[1m2024-04-14T09:32:10.000000000Z[0m [1;33m[WARN] TRADER-001.nautilus_common::cache: Cannot calculate unrealized PnL for P-20240414-063520-001-140736707735688-1, no quotes for BTCUSDT-PERP.BINANCE[0m
[1m2024-04-14T09:32:20.000000000Z[0m [1;33m[WARN] TRADER-001.nautilus_common::cache: Cannot calculate unrealized PnL for P-20240414-063520-001-140736707735688-1, no quotes for BTCUSDT-PERP.BINANCE[0m
[1m2024-04-14T09:32:30.000000000Z[0m [1;33m[WARN] TRADER-001.nautilus_common::cache: Cannot calculate unrealized PnL for P-20240414-063520-001-140736707735688-1, no quotes for BTCUSDT-PERP.BINANCE[0m
[1m2024-04-14T09:32:40.000000000Z[0m [1;33m[WARN] TRADER-001.nautilus_common::cache: Cannot calculate unrealized PnL for P-20240414-063520-001-140736707735688-1, no quotes for BTCUSDT-PERP.BINANCE[0m
[1m2024-04-14T09:32:50.000000000Z[0m [1;33m[WARN] TRADER-001.nautilus_common::cache: Cannot calculate unrealized PnL for P-20240414-063520-001-140736707735688-1, no quotes for BTCUSDT-PERP.BINANCE[0m
[1m2024-04-14T09:32:59.999000000Z[0m [1;33m[WARN] TRADER-001.nautilus_common::cache: Cannot calculate unrealized PnL for P-20240414-063520-001-140736707735688-1, no quotes for BTCUSDT-PERP.BINANCE[0m
[1m2024-04-14T09:33:00.000000000Z[0m [1;33m[WARN] TRADER-001.nautilus_common::cache: Cannot calculate unrealized PnL for P-20240414-063520-001-140736707735688-1, no quotes for BTCUSDT-PERP.BINANCE[0m
[1m2024-04-14T09:33:10.000000000Z[0m [1;33m[WARN] TRADER-001.nautilus_common::cache: Cannot calculate unrealized PnL for P-20240414-063520-001-140736707735688-1, no quotes for BTCUSDT-PERP.BINANCE[0m
[1m2024-04-14T09:33:20.000000000Z[0m [1;33m[WARN] TRADER-001.nautilus_common::cache: Cannot calculate unrealized PnL for P-20240414-063520-001-140736707735688-1, no quotes for BTCUSDT-PERP.BINANCE[0m
[1m2024-04-14T09:33:30.000000000Z[0m [1;33m[WARN] TRADER-001.nautilus_common::cache: Cannot calculate unrealized PnL for P-20240414-063520-001-140736707735688-1, no quotes for BTCUSDT-PERP.BINANCE[0m
[1m2024-04-14T09:33:40.000000000Z[0m [1;33m[WARN] TRADER-001.nautilus_common::cache: Cannot calculate unrealized PnL for P-20240414-063520-001-140736707735688-1, no quotes for BTCUSDT-PERP.BINANCE[0m
[1m2024-04-14T09:33:50.000000000Z[0m [1;33m[WARN] TRADER-001.nautilus_common::cache: Cannot calculate unrealized PnL for P-20240414-063520-001-140736707735688-1, no quotes for BTCUSDT-PERP.BINANCE[0m
[1m2024-04-14T09:33:59.999000000Z[0m [1;33m[WARN] TRADER-001.nautilus_common::cache: Cannot calculate unrealized PnL for P-20240414-063520-001-140736707735688-1, no quotes for BTCUSDT-PERP.BINANCE[0m
[1m2024-04-14T09:34:00.000000000Z[0m [1;33m[WARN] TRADER-001.nautilus_common::cache: Cannot calculate unrealized PnL for P-20240414-063520-001-140736707735688-1, no quotes for BTCUSDT-PERP.BINANCE[0m
[1m2024-04-14T09:34:10.000000000Z[0m [1;33m[WARN] TRADER-001.nautilus_common::cache: Cannot calculate unrealized PnL for P-20240414-063520-001-140736707735688-1, no quotes for BTCUSDT-PERP.BINANCE[0m
[1m2024-04-14T09:34:20.000000000Z[0m [1;33m[WARN] TRADER-001.nautilus_common::cache: Cannot calculate unrealized PnL for P-20240414-063520-001-140736707735688-1, no quotes for BTCUSDT-PERP.BINANCE[0m
[1m2024-04-14T09:34:30.000000000Z[0m [1;33m[WARN] TRADER-001.nautilus_common::cache: Cannot calculate unrealized PnL for P-20240414-063520-001-140736707735688-1, no quotes for BTCUSDT-PERP.BINANCE[0m
[1m2024-04-14T09:34:40.000000000Z[0m [1;33m[WARN] TRADER-001.nautilus_common::cache: Cannot calculate unrealized PnL for P-20240414-063520-001-140736707735688-1, no quotes for BTCUSDT-PERP.BINANCE[0m
[1m2024-04-14T09:34:50.000000000Z[0m [1;33m[WARN] TRADER-001.nautilus_common::cache: Cannot calculate unrealized PnL for P-20240414-063520-001-140736707735688-1, no quotes for BTCUSDT-PERP.BINANCE[0m
[1m2024-04-14T09:34:59.999000000Z[0m [1;33m[WARN] TRADER-001.nautilus_common::cache: Cannot calculate unrealized PnL for P-20240414-063520-001-140736707735688-1, no quotes for BTCUSDT-PERP.BINANCE[0m
[1m2024-04-14T09:35:00.000000000Z[0m [1;33m[WARN] TRADER-001.nautilus_common::cache: Cannot calculate unrealized PnL for P-20240414-063520-001-140736707735688-1, no quotes for BTCUSDT-PERP.BINANCE[0m
[1m2024-04-14T09:35:10.000000000Z[0m [1;33m[WARN] TRADER-001.nautilus_common::cache: Cannot calculate unrealized PnL for P-20240414-063520-001-140736707735688-1, no quotes for BTCUSDT-PERP.BINANCE[0m
[1m2024-04-14T09:35:20.000000000Z[0m [1;33m[WARN] TRADER-001.nautilus_common::cache: Cannot calculate unrealized PnL for P-20240414-063520-001-140736707735688-1, no quotes for BTCUSDT-PERP.BINANCE[0m
[1m2024-04-14T09:35:30.000000000Z[0m [1;33m[WARN] TRADER-001.nautilus_common::cache: Cannot calculate unrealized PnL for P-20240414-063520-001-140736707735688-1, no quotes for BTCUSDT-PERP.BINANCE[0m
[1m2024-04-14T09:35:40.000000000Z[0m [1;33m[WARN] TRADER-001.nautilus_common::cache: Cannot calculate unrealized PnL for P-20240414-063520-001-140736707735688-1, no quotes for BTCUSDT-PERP.BINANCE[0m
[1m2024-04-14T09:35:50.000000000Z[0m [1;33m[WARN] TRADER-001.nautilus_common::cache: Cannot calculate unrealized PnL for P-20240414-063520-001-140736707735688-1, no quotes for BTCUSDT-PERP.BINANCE[0m
[1m2024-04-14T09:35:59.999000000Z[0m [1;33m[WARN] TRADER-001.nautilus_common::cache: Cannot calculate unrealized PnL for P-20240414-063520-001-140736707735688-1, no quotes for BTCUSDT-PERP.BINANCE[0m
[1m2024-04-14T09:36:00.000000000Z[0m [1;33m[WARN] TRADER-001.nautilus_common::cache: Cannot calculate unrealized PnL for P-20240414-063520-001-140736707735688-1, no quotes for BTCUSDT-PERP.BINANCE[0m
[1m2024-04-14T09:36:10.000000000Z[0m [1;33m[WARN] TRADER-001.nautilus_common::cache: Cannot calculate unrealized PnL for P-20240414-063520-001-140736707735688-1, no quotes for BTCUSDT-PERP.BINANCE[0m
[1m2024-04-14T09:36:20.000000000Z[0m [1;33m[WARN] TRADER-001.nautilus_common::cache: Cannot calculate unrealized PnL for P-20240414-063520-001-140736707735688-1, no quotes for BTCUSDT-PERP.BINANCE[0m
[1m2024-04-14T09:36:30.000000000Z[0m [1;33m[WARN] TRADER-001.nautilus_common::cache: Cannot calculate unrealized PnL for P-20240414-063520-001-140736707735688-1, no quotes for BTCUSDT-PERP.BINANCE[0m
[1m2024-04-14T09:36:40.000000000Z[0m [1;33m[WARN] TRADER-001.nautilus_common::cache: Cannot calculate unrealized PnL for P-20240414-063520-001-140736707735688-1, no quotes for BTCUSDT-PERP.BINANCE[0m
[1m2024-04-14T09:36:50.000000000Z[0m [1;33m[WARN] TRADER-001.nautilus_common::cache: Cannot calculate unrealized PnL for P-20240414-063520-001-140736707735688-1, no quotes for BTCUSDT-PERP.BINANCE[0m
[1m2024-04-14T09:36:59.999000000Z[0m [1;33m[WARN] TRADER-001.nautilus_common::cache: Cannot calculate unrealized PnL for P-20240414-063520-001-140736707735688-1, no quotes for BTCUSDT-PERP.BINANCE[0m
[1m2024-04-14T09:37:00.000000000Z[0m [1;33m[WARN] TRADER-001.nautilus_common::cache: Cannot calculate unrealized PnL for P-20240414-063520-001-140736707735688-1, no quotes for BTCUSDT-PERP.BINANCE[0m
[1m2024-04-14T09:37:10.000000000Z[0m [1;33m[WARN] TRADER-001.nautilus_common::cache: Cannot calculate unrealized PnL for P-20240414-063520-001-140736707735688-1, no quotes for BTCUSDT-PERP.BINANCE[0m
[1m2024-04-14T09:37:20.000000000Z[0m [1;33m[WARN] TRADER-001.nautilus_common::cache: Cannot calculate unrealized PnL for P-20240414-063520-001-140736707735688-1, no quotes for BTCUSDT-PERP.BINANCE[0m
[1m2024-04-14T09:37:30.000000000Z[0m [1;33m[WARN] TRADER-001.nautilus_common::cache: Cannot calculate unrealized PnL for P-20240414-063520-001-140736707735688-1, no quotes for BTCUSDT-PERP.BINANCE[0m
[1m2024-04-14T09:37:40.000000000Z[0m [1;33m[WARN] TRADER-001.nautilus_common::cache: Cannot calculate unrealized PnL for P-20240414-063520-001-140736707735688-1, no quotes for BTCUSDT-PERP.BINANCE[0m
[1m2024-04-14T09:37:50.000000000Z[0m [1;33m[WARN] TRADER-001.nautilus_common::cache: Cannot calculate unrealized PnL for P-20240414-063520-001-140736707735688-1, no quotes for BTCUSDT-PERP.BINANCE[0m
[1m2024-04-14T09:37:59.999000000Z[0m [1;33m[WARN] TRADER-001.nautilus_common::cache: Cannot calculate unrealized PnL for P-20240414-063520-001-140736707735688-1, no quotes for BTCUSDT-PERP.BINANCE[0m
[1m2024-04-14T09:38:00.000000000Z[0m [1;33m[WARN] TRADER-001.nautilus_common::cache: Cannot calculate unrealized PnL for P-20240414-063520-001-140736707735688-1, no quotes for BTCUSDT-PERP.BINANCE[0m
[1m2024-04-14T09:38:10.000000000Z[0m [1;33m[WARN] TRADER-001.nautilus_common::cache: Cannot calculate unrealized PnL for P-20240414-063520-001-140736707735688-1, no quotes for BTCUSDT-PERP.BINANCE[0m
[1m2024-04-14T09:38:20.000000000Z[0m [1;33m[WARN] TRADER-001.nautilus_common::cache: Cannot calculate unrealized PnL for P-20240414-063520-001-140736707735688-1, no quotes for BTCUSDT-PERP.BINANCE[0m
[1m2024-04-14T09:38:30.000000000Z[0m [INFO] TRADER-001.nautilus_portfolio::manager: BTCUSDT-PERP.BINANCE margin_init=0.00000000 USDT[0m
[1m2024-04-14T09:38:30.000000000Z[0m [INFO] TRADER-001.nautilus_trading::strategy: DataActor-140736707735688 <--[EVT] OrderFilled(instrument_id=BTCUSDT-PERP.BINANCE, client_order_id=O-20240414-063520-001-140736707735688-2, venue_order_id=BINANCE-1-2, account_id=BINANCE-001, trade_id=T-398b74be80dc3553-157873, position_id=P-20240414-063520-001-140736707735688-1, order_side=SELL, order_type=STOP_MARKET, last_qty=4.014, last_px=64_059.8 USDT, commission=154.28162232 USDT, liquidity_side=TAKER, ts_event=1713087510000000000)[0m
[1m2024-04-14T09:38:30.000000000Z[0m [INFO] TRADER-001.nautilus_portfolio::portfolio: BTCUSDT-PERP.BINANCE net_position=0[0m
[1m2024-04-14T09:38:30.000000000Z[0m [INFO] TRADER-001.nautilus_portfolio::manager: BTCUSDT-PERP.BINANCE margin_maint=0.00000000 USDT[0m
[1m2024-04-14T09:38:30.000000000Z[0m [INFO] TRADER-001.nautilus_portfolio::portfolio: Updated AccountState(account_id=BINANCE-001, account_type=MARGIN, base_currency=USDT, is_reported=false, balances=[AccountBalance(total=97191.85834396 USDT, locked=0.00000000 USDT, free=97191.85834396 USDT)], margins=[], event_id=ac6eb7e0-e4e5-473e-8f22-717c06e13dc7)[0m
[1m2024-04-14T09:38:30.000000000Z[0m [INFO] TRADER-001.nautilus_trading::strategy: DataActor-140736707735688 <--[EVT] PositionClosed(PositionClosed { trader_id: "TRADER-001", strategy_id: "DataActor-140736707735688", instrument_id: "BTCUSDT-PERP.BINANCE", position_id: "P-20240414-063520-001-140736707735688-1", account_id: "BINANCE-001", opening_order_id: "O-20240414-063520-001-140736707735688-1", closing_order_id: Some("O-20240414-063520-001-140736707735688-2"), entry: Buy, side: Flat, signed_qty: 0.0, quantity: Quantity(0.000), peak_quantity: Quantity(4.014), last_qty: Quantity(4.014), last_px: Price(64059.8), currency: Currency(code='USDT', precision=8, iso4217=0, name='Tether', currency_type=CRYPTO), avg_px_open: 64675.7, avg_px_close: Some(64059.80000000001), realized_return: -0.009522896543833108, realized_pnl: Some(Money(-2808.14165604, USDT)), unrealized_pnl: Money(0.00000000, USDT), duration: 10990000000000, event_id: UUID4(a7aa6c37-1b2d-4f3a-9f94-adbce5d37e8a), ts_opened: UnixNanos(1713076520000000000), ts_closed: Some(UnixNanos(1713087510000000000)), ts_event: UnixNanos(1713087510000000000), ts_init: UnixNanos(1713087510000000000) })[0m
[1m2024-04-14T09:38:30.000000000Z[0m [INFO] TRADER-001.nautilus_portfolio::manager: BTCUSDT-PERP.BINANCE margin_init=0.00000000 USDT[0m
[1m2024-04-14T09:38:30.000000000Z[0m [INFO] TRADER-001.nautilus_portfolio::portfolio: Updated AccountState(account_id=BINANCE-001, account_type=MARGIN, base_currency=USDT, is_reported=false, balances=[AccountBalance(total=97191.85834396 USDT, locked=0.00000000 USDT, free=97191.85834396 USDT)], margins=[], event_id=f09d9214-bfec-4215-ae4b-b1d1fb03421c)[0m
[1m2024-04-14T09:38:30.000000000Z[0m [INFO] TRADER-001.nautilus_trading::strategy: DataActor-140736707735688 <--[EVT] OrderCanceled(instrument_id=BTCUSDT-PERP.BINANCE, client_order_id=O-20240414-063520-001-140736707735688-3, venue_order_id=BINANCE-1-3, account_id=BINANCE-001, ts_event=1713087510000000000)[0m
[1m2024-04-15T04:01:00.000000000Z[0m [INFO] TRADER-001.nautilus_system::kernel: Stopping trader...[0m
[1m2024-04-15T04:01:00.000000000Z[0m [INFO] TRADER-001.nautilus_system::trader: Stopping[0m
[1m2024-04-15T04:01:00.000000000Z[0m [INFO] TRADER-001.DataActor-140736707735688: Stopping[0m
[1m2024-04-15T04:01:00.000000000Z[0m [INFO] TRADER-001.nautilus_trading::strategy: No BTCUSDT-PERP.BINANCE open, emulated, or inflight orders to cancel[0m
[1m2024-04-15T04:01:00.000000000Z[0m [INFO] TRADER-001.DataActor-140736707735688: Stopped[0m
[1m2024-04-15T04:01:00.000000000Z[0m [INFO] TRADER-001.nautilus_system::trader: Stopped[0m
[1m2024-04-15T04:01:00.000000000Z[0m [INFO] TRADER-001.nautilus_risk::engine: Stopped[0m
[1m2024-04-15T04:01:00.000000000Z[0m [INFO] TRADER-001.nautilus_backtest::execution_client: Backtest execution client stopped[0m
[1m2024-04-15T04:01:00.000000000Z[0m [INFO] TRADER-001.nautilus_execution::engine: Stopped[0m
[1m2026-08-07T04:09:46.510529581Z[0m [36m[INFO] TRADER-001.nautilus_backtest::engine: =================================================================[0m
[1m2026-08-07T04:09:46.510535833Z[0m [36m[INFO] TRADER-001.nautilus_backtest::engine:  BACKTEST POST-RUN[0m
[1m2026-08-07T04:09:46.510536343Z[0m [36m[INFO] TRADER-001.nautilus_backtest::engine: =================================================================[0m
[1m2026-08-07T04:09:46.510536664Z[0m [INFO] TRADER-001.nautilus_backtest::engine: Run config ID:  None[0m
[1m2026-08-07T04:09:46.510538127Z[0m [INFO] TRADER-001.nautilus_backtest::engine: Run ID:         767e0b96-3a18-4737-a42b-0b02722205fb[0m
[1m2026-08-07T04:09:46.510540371Z[0m [INFO] TRADER-001.nautilus_backtest::engine: Run started:    2026-08-07T04:09:46.115365851Z[0m
[1m2026-08-07T04:09:46.510541152Z[0m [INFO] TRADER-001.nautilus_backtest::engine: Run finished:   2026-08-07T04:09:46.510513892Z[0m
[1m2026-08-07T04:09:46.510541724Z[0m [INFO] TRADER-001.nautilus_backtest::engine: Elapsed time:   0 days 00:00:00.395148[0m
[1m2026-08-07T04:09:46.510542094Z[0m [INFO] TRADER-001.nautilus_backtest::engine: Backtest start: 2024-04-07T23:25:10.000000000Z[0m
[1m2026-08-07T04:09:46.510542495Z[0m [INFO] TRADER-001.nautilus_backtest::engine: Backtest end:   2024-04-15T04:01:00.000000000Z[0m
[1m2026-08-07T04:09:46.510543006Z[0m [INFO] TRADER-001.nautilus_backtest::engine: Backtest range: 7 days 04:35:50.000000[0m
[1m2026-08-07T04:09:46.510543727Z[0m [INFO] TRADER-001.nautilus_backtest::engine: Iterations: 72_514[0m
[1m2026-08-07T04:09:46.510544198Z[0m [INFO] TRADER-001.nautilus_backtest::engine: Total events: 8[0m
[1m2026-08-07T04:09:46.510544559Z[0m [INFO] TRADER-001.nautilus_backtest::engine: Total orders: 3[0m
[1m2026-08-07T04:09:46.510545040Z[0m [INFO] TRADER-001.nautilus_backtest::engine: Total positions: 1[0m
[1m2026-08-07T04:09:46.510571249Z[0m [36m[INFO] TRADER-001.nautilus_backtest::engine: =================================================================[0m
[1m2026-08-07T04:09:46.510572070Z[0m [36m[INFO] TRADER-001.nautilus_backtest::engine:  PORTFOLIO PERFORMANCE[0m
[1m2026-08-07T04:09:46.510572481Z[0m [36m[INFO] TRADER-001.nautilus_backtest::engine: =================================================================[0m
[1m2026-08-07T04:09:46.510573223Z[0m [INFO] TRADER-001.nautilus_backtest::engine:  PnL Statistics (USDT)[0m
[1m2026-08-07T04:09:46.510574024Z[0m [36m[INFO] TRADER-001.nautilus_backtest::engine: -----------------------------------------------------------------[0m
[1m2026-08-07T04:09:46.510615632Z[0m [INFO] TRADER-001.nautilus_backtest::engine: Avg Loser:                      -2808.14[0m
[1m2026-08-07T04:09:46.510621323Z[0m [INFO] TRADER-001.nautilus_backtest::engine: Avg Winner:                     NaN[0m
[1m2026-08-07T04:09:46.510621743Z[0m [INFO] TRADER-001.nautilus_backtest::engine: Expectancy:                     -2808.14[0m
[1m2026-08-07T04:09:46.510621964Z[0m [INFO] TRADER-001.nautilus_backtest::engine: Max Loser:                      -2808.14[0m
[1m2026-08-07T04:09:46.510622154Z[0m [INFO] TRADER-001.nautilus_backtest::engine: Max Winner:                     NaN[0m
[1m2026-08-07T04:09:46.510622335Z[0m [INFO] TRADER-001.nautilus_backtest::engine: Min Loser:                      -2808.14[0m
[1m2026-08-07T04:09:46.510622535Z[0m [INFO] TRADER-001.nautilus_backtest::engine: Min Winner:                     NaN[0m
[1m2026-08-07T04:09:46.510622816Z[0m [INFO] TRADER-001.nautilus_backtest::engine: PnL (total):                    -2808.14[0m
[1m2026-08-07T04:09:46.510623206Z[0m [INFO] TRADER-001.nautilus_backtest::engine: PnL% (total):                   -2.81[0m
[1m2026-08-07T04:09:46.510623386Z[0m [INFO] TRADER-001.nautilus_backtest::engine: Win Rate:                       0.00[0m
[1m2026-08-07T04:09:46.510623898Z[0m [36m[INFO] TRADER-001.nautilus_backtest::engine: -----------------------------------------------------------------[0m
[1m2026-08-07T04:09:46.510624218Z[0m [INFO] TRADER-001.nautilus_backtest::engine:  Returns Statistics[0m
[1m2026-08-07T04:09:46.510624439Z[0m [36m[INFO] TRADER-001.nautilus_backtest::engine: -----------------------------------------------------------------[0m
[1m2026-08-07T04:09:46.510636731Z[0m [INFO] TRADER-001.nautilus_backtest::engine: Average (Return):               -0.01[0m
[1m2026-08-07T04:09:46.510637132Z[0m [INFO] TRADER-001.nautilus_backtest::engine: Average Loss (Return):          -0.01[0m
[1m2026-08-07T04:09:46.510637313Z[0m [INFO] TRADER-001.nautilus_backtest::engine: Average Win (Return):           NaN[0m
[1m2026-08-07T04:09:46.510638114Z[0m [INFO] TRADER-001.nautilus_backtest::engine: Profit Factor:                  0.00[0m
[1m2026-08-07T04:09:46.510638314Z[0m [INFO] TRADER-001.nautilus_backtest::engine: Returns Volatility (252 days):  NaN[0m
[1m2026-08-07T04:09:46.510638485Z[0m [INFO] TRADER-001.nautilus_backtest::engine: Risk Return Ratio:              NaN[0m
[1m2026-08-07T04:09:46.510638846Z[0m [INFO] TRADER-001.nautilus_backtest::engine: Sharpe Ratio (252 days):        NaN[0m
[1m2026-08-07T04:09:46.510639016Z[0m [INFO] TRADER-001.nautilus_backtest::engine: Sortino Ratio (252 days):       -15.87[0m
[1m2026-08-07T04:09:46.510639567Z[0m [36m[INFO] TRADER-001.nautilus_backtest::engine: -----------------------------------------------------------------[0m
[1m2026-08-07T04:09:46.510640068Z[0m [INFO] TRADER-001.nautilus_backtest::engine:  General Statistics[0m
[1m2026-08-07T04:09:46.510640278Z[0m [36m[INFO] TRADER-001.nautilus_backtest::engine: -----------------------------------------------------------------[0m
[1m2026-08-07T04:09:46.510643554Z[0m [INFO] TRADER-001.nautilus_backtest::engine: Long Ratio:                     1[0m
[1m2026-08-07T04:09:46.510644065Z[0m [36m[INFO] TRADER-001.nautilus_backtest::engine: -----------------------------------------------------------------[0m
[1m2026-08-07T04:09:46.693719919Z[0m [INFO] TRADER-001.nautilus_system::kernel: Disposing[0m
[1m2026-08-07T04:09:46.693737983Z[0m [INFO] TRADER-001.nautilus_system::trader: Disposing[0m
[1m2026-08-07T04:09:46.693740948Z[0m [INFO] TRADER-001.DataActor-140736707735688: Disposing[0m
[1m2026-08-07T04:09:46.693746489Z[0m [INFO] TRADER-001.DataActor-140736707735688: Disposed[0m
[1m2026-08-07T04:09:46.693754293Z[0m [INFO] TRADER-001.nautilus_system::trader: Disposed[0m
[1m2026-08-07T04:09:46.693756778Z[0m [INFO] TRADER-001.nautilus_backtest::execution_client: Backtest execution client stopped[0m
[1m2026-08-07T04:09:46.693758942Z[0m [INFO] TRADER-001.nautilus_execution::engine: Stopped[0m
[1m2026-08-07T04:09:46.693759844Z[0m [INFO] TRADER-001.nautilus_risk::engine: Stopped[0m
[1m2026-08-07T04:09:46.693760906Z[0m [INFO] TRADER-001.nautilus_execution::order_emulator::emulator: Stopped[0m
[1m2026-08-07T04:09:46.693764743Z[0m [INFO] TRADER-001.nautilus_execution::engine: Disposed[0m
[1m2026-08-07T04:09:46.693765104Z[0m [INFO] TRADER-001.nautilus_risk::engine: Disposed[0m
[1m2026-08-07T04:09:46.693766616Z[0m [INFO] TRADER-001.nautilus_execution::order_emulator::emulator: Disposed[0m
[1m2026-08-07T04:09:46.693786023Z[0m [INFO] TRADER-001.nautilus_common::cache: Reset cache[0m
[1m2026-08-07T04:09:46.693801161Z[0m [INFO] TRADER-001.nautilus_system::kernel: Disposed[0m
{"closed_trades": 1, "daily_geometric_growth": -0.004060766971912044, "final_nav_usdt": 97191.85834396, "first_window_gate_passed": false, "signals": 1, "window": "screen-01", "wins": 0}
{
  "ablation_modes": [
    "none"
  ],
  "auction_family_mode": "both",
  "candidate": "candidate-08-delayed-reacceptance-btc-nautilus-v1",
  "close_reasons": {
    "STRUCTURAL_STOP": 1
  },
  "closed_trades": 1,
  "combined_calendar_days": 7.0,
  "combined_daily_geometric_growth": -0.004060766971911933,
  "delayed_reacceptance_initial_mode": "initiative_required",
  "diagnostic_family_ablation": false,
  "diagnostic_initial_ablation": false,
  "event_chain_contract": "IDLE->INTERACTION_ARMED->INITIAL_OUTWARD_RESPONSE->BOUNDARY_RECLAIMED->CONFIRMED",
  "goal_daily_geometric_growth": 0.01,
  "goal_met": false,
  "implementation_revision": "CAUSAL_DELAYED_BOUNDARY_REACCEPTANCE_V3_COMPLETE_EVENT_CHAIN",
  "positive_trade_share": 0.0,
  "promotable": true,
  "realized_pnl_by_symbol": {
    "BTCUSDT": -2808.14165604
  },
  "realized_risk_breach_windows": 0,
  "risk_accounting_revision": "FILL_ADJUSTED_CAUSAL_STOP_RESERVE_V2",
  "scenario_attribution_checks": {
    "all_closed_trades_attributed": true,
    "all_signals_attributed": true,
    "closed_trades_attributed": 1,
    "no_unclassified_closed_trades": true,
    "no_unclassified_signals": true,
    "reported_closed_trades": 1,
    "reported_signals": 1,
    "signals_attributed": 1
  },
  "scenario_attribution_passed": true,
  "scenario_family_results": {
    "DELAYED_BOUNDARY_REACCEPTANCE_CONTINUATION": {
      "close_reasons": {
        "STRUCTURAL_STOP": 1
      },
      "closed_trades": 1,
      "closed_trades_by_symbol": {
        "BTCUSDT": 1
      },
      "losses": 1,
      "realized_pnl_usdt": -2808.14165604,
      "signals": 1,
      "win_rate": 0.0,
      "wins": 0
    },
    "UNUSED_DELAYED_REACCEPTANCE_FAMILY": {
      "close_reasons": {},
      "closed_trades": 0,
      "closed_trades_by_symbol": {},
      "losses": 0,
      "realized_pnl_usdt": 0.0,
      "signals": 0,
      "win_rate": 0.0,
      "wins": 0
    }
  },
  "single_asset_positive_pnl_share": 0.0,
  "single_family_attribution_passed": true,
  "single_scenario_family": "DELAYED_BOUNDARY_REACCEPTANCE_CONTINUATION",
  "single_trade_positive_pnl_share": 0.0,
  "suite": "first",
  "suite_gate_checks": {
    "all_signal_times_processed": true,
    "all_submitted_entries_observed": true,
    "base_contract_includes_both_auction_families": true,
    "base_contract_not_ablated": true,
    "base_initial_initiative_required": true,
    "closed_trades_matched_to_intents": true,
    "complete_auction_scenario_attribution": true,
    "complete_post_run_trade_path_diagnostics": true,
    "cost_after_total_return_positive": false,
    "entry_causality": true,
    "fill_adjusted_risk_budget_respected": true,
    "funding_cost_state_is_causal_and_complete": true,
    "minimum_closed_trades": false,
    "no_execution_failures": true,
    "no_realized_risk_budget_breach": true,
    "no_residual_exposure": true,
    "no_unexpected_or_liquidation_closes": true,
    "planned_risk_budget_respected": true,
    "position_exit_causality": true,
    "realized_loss_budget_respected": true,
    "single_delayed_reacceptance_family_attributed": true
  },
  "suite_gate_passed": false,
  "symbols_with_closed_trades": [
    "BTCUSDT"
  ],
  "ten_second_cadence_contract": "EXACT_CONSECUTIVE_10_SECONDS",
  "trade_path_diagnostic_revision": "POST_RUN_STRUCTURAL_PATH_COMPLETE_HORIZON_V2",
  "trade_path_diagnostic_summary": {
    "actual_holding_first_touch_counts": {
      "STOP": 1
    },
    "allowed_structural_first_touch_values": [
      "TARGET",
      "STOP",
      "AMBIGUOUS_SAME_BUCKET",
      "NONE_WITHIN_HORIZON"
    ],
    "complete_records": 1,
    "diagnostic_revision_counts": {
      "POST_RUN_STRUCTURAL_PATH_COMPLETE_HORIZON_V2": 1
    },
    "expected_diagnostic_revision": "POST_RUN_STRUCTURAL_PATH_COMPLETE_HORIZON_V2",
    "mean_actual_holding_adverse_stop_fraction": 1.042675698560537,
    "mean_actual_holding_favorable_target_fraction": 0.21764112903225954,
    "records": 1,
    "status_counts": {
      "COMPLETE": 1
    },
    "structural_first_touch_counts": {
      "STOP": 1
    },
    "target_after_actual_close_count": 0,
    "target_after_invalidation_count": 0
  },
  "window_results": [
    {
      "closed_trades": 1,
      "daily_geometric_growth": -0.004060766971912044,
      "final_nav_usdt": 97191.85834396,
      "first_window_gate_passed": false,
      "maximum_realized_equity_drawdown": 0.028081416560399974,
      "name": "screen-01",
      "total_return": -0.028081416560399974,
      "win_rate": 0.0,
      "wins": 0
    }
  ],
  "windows": [
    {
      "end": "2024-04-15T00:00:00Z",
      "name": "screen-01",
      "start": "2024-04-08T00:00:00Z"
    }
  ],
  "wins": 0
}
