trader_id,strategy_id,instrument_id,venue_order_id,position_id,account_id,last_trade_id,type,side,quantity,time_in_force,is_reduce_only,is_quote_quantity,filled_qty,liquidity_side,avg_px,slippage,commissions,emulation_trigger,status,contingency_type,order_list_id,linked_order_ids,parent_order_id,exec_algorithm_id,exec_algorithm_params,exec_spawn_id,tags,init_id,ts_init,ts_last,trigger_price,trigger_type,expire_time_ns,trigger_instrument_id,price,is_post_only,display_qty
BACKTESTER-001,LRBStrategy-000,BTCUSDT-PERP.BINANCE,BINANCE-1-001,BTCUSDT-PERP.BINANCE-LRBStrategy-000,BINANCE-001,T-d4fde5de8b244752-1677,MARKET,BUY,23.908,GTC,False,False,23.908,TAKER,51344.1,0.0,['859.27431996 USDT'],NO_TRIGGER,FILLED,OTO,OL-20240226-082000-001-000-1,"['O-20240226-082000-001-000-2', 'O-20240226-082000-001-000-3']",,,,,"['scenario=LRB-1708935480000000000-000028', 'family=SRR']",3bfc4b4f-390b-4b62-b4db-bb73b87fd00d,2024-02-26 08:20:00+00:00,2024-02-26 08:20:00+00:00,,,,,,,
BACKTESTER-001,LRBStrategy-000,BTCUSDT-PERP.BINANCE,BINANCE-1-002,BTCUSDT-PERP.BINANCE-LRBStrategy-000,BINANCE-001,T-3357c93af308f3eb-1783,STOP_MARKET,SELL,23.908,GTC,True,False,23.908,TAKER,51290.5,0.09999999999854481,['858.37729180 USDT'],NO_TRIGGER,FILLED,OUO,OL-20240226-082000-001-000-1,['O-20240226-082000-001-000-3'],O-20240226-082000-001-000-1,,,,"['scenario=LRB-1708935480000000000-000028', 'family=SRR']",415968d6-616a-4cd1-8cb6-da42cf875bd5,2024-02-26 08:20:00+00:00,2024-02-26 08:53:00+00:00,51290.6,DEFAULT,,,,,
BACKTESTER-001,LRBStrategy-000,BTCUSDT-PERP.BINANCE,BINANCE-1-004,BTCUSDT-PERP.BINANCE-LRBStrategy-000,BINANCE-001,T-d18219dbab369c69-1862,MARKET,BUY,17.418,GTC,False,False,17.418,TAKER,51316.0,0.0,['625.67546160 USDT'],NO_TRIGGER,FILLED,OTO,OL-20240226-091600-001-000-2,"['O-20240226-091600-001-000-5', 'O-20240226-091600-001-000-6']",,,,,"['scenario=LRB-1708938840000000000-000030', 'family=SRR']",e73ccf42-6d49-4345-b5e5-4667d0e24f0b,2024-02-26 09:16:00+00:00,2024-02-26 09:16:00+00:00,,,,,,,
BACKTESTER-001,LRBStrategy-000,BTCUSDT-PERP.BINANCE,BINANCE-1-005,BTCUSDT-PERP.BINANCE-LRBStrategy-000,BINANCE-001,T-1458f1afd1b28acc-1871,STOP_MARKET,SELL,17.418,GTC,True,False,17.418,TAKER,51220.700000000004,0.09999999999854481,['624.51350682 USDT'],NO_TRIGGER,FILLED,OUO,OL-20240226-091600-001-000-2,['O-20240226-091600-001-000-6'],O-20240226-091600-001-000-4,,,,"['scenario=LRB-1708938840000000000-000030', 'family=SRR']",0ba637ef-7de1-47a2-a4af-d5245ed95e8d,2024-02-26 09:16:00+00:00,2024-02-26 09:19:00+00:00,51220.8,DEFAULT,,,,,
BACKTESTER-001,LRBStrategy-000,BTCUSDT-PERP.BINANCE,BINANCE-1-007,BTCUSDT-PERP.BINANCE-LRBStrategy-000,BINANCE-001,T-5e855b372e1a2336-1927,MARKET,BUY,30.328,GTC,False,False,30.328,TAKER,51094.30567132684,0.0,['1084.71167168 USDT'],NO_TRIGGER,FILLED,OTO,OL-20240226-093300-001-000-3,"['O-20240226-093300-001-000-8', 'O-20240226-093300-001-000-9']",,,,,"['scenario=LRB-1708939860000000000-000032', 'family=SRR']",62bd4816-1a8b-4a9a-b415-6232c1f812d0,2024-02-26 09:33:00+00:00,2024-02-26 09:33:00+00:00,,,,,,,
BACKTESTER-001,LRBStrategy-000,BTCUSDT-PERP.BINANCE,BINANCE-1-008,BTCUSDT-PERP.BINANCE-LRBStrategy-000,BINANCE-001,T-7e9ebf856338bc8c-1931,STOP_MARKET,SELL,30.328,GTC,True,False,30.328,TAKER,51072.700000000004,0.09999999999854481,['1084.25299192 USDT'],NO_TRIGGER,FILLED,OUO,OL-20240226-093300-001-000-3,['O-20240226-093300-001-000-9'],O-20240226-093300-001-000-7,,,,"['scenario=LRB-1708939860000000000-000032', 'family=SRR']",6f3505e9-43c7-4e14-95a7-e520d8c78840,2024-02-26 09:33:00+00:00,2024-02-26 09:34:00+00:00,51072.8,DEFAULT,,,,,
BACKTESTER-001,LRBStrategy-000,BTCUSDT-PERP.BINANCE,BINANCE-1-010,BTCUSDT-PERP.BINANCE-LRBStrategy-000,BINANCE-001,T-28ccf750bf57f77c-1951,MARKET,BUY,21.397,GTC,False,False,21.397,TAKER,51035.6,0.0,['764.40611324 USDT'],NO_TRIGGER,FILLED,OTO,OL-20240226-093900-001-000-4,"['O-20240226-093900-001-000-11', 'O-20240226-093900-001-000-12']",,,,,"['scenario=LRB-1708940220000000000-000033', 'family=SRR']",cca32891-7fc1-4344-a79e-f33df2a5d9a8,2024-02-26 09:39:00+00:00,2024-02-26 09:39:00+00:00,,,,,,,
BACKTESTER-001,LRBStrategy-000,BTCUSDT-PERP.BINANCE,BINANCE-1-011,BTCUSDT-PERP.BINANCE-LRBStrategy-000,BINANCE-001,T-123d0ea873f111a2-1957,STOP_MARKET,SELL,21.397,GTC,True,False,21.397,TAKER,50979.100000000006,0.09999999999126885,['763.55986189 USDT'],NO_TRIGGER,FILLED,OUO,OL-20240226-093900-001-000-4,['O-20240226-093900-001-000-12'],O-20240226-093900-001-000-10,,,,"['scenario=LRB-1708940220000000000-000033', 'family=SRR']",2fd996d4-2e22-4a65-bd10-23d6ae5e96cc,2024-02-26 09:39:00+00:00,2024-02-26 09:41:00+00:00,50979.2,DEFAULT,,,,,
BACKTESTER-001,LRBStrategy-000,BTCUSDT-PERP.BINANCE,BINANCE-1-013,BTCUSDT-PERP.BINANCE-LRBStrategy-000,BINANCE-001,T-4a0a23837b6a9b58-2134,MARKET,SELL,19.523,GTC,False,False,19.523,TAKER,51208.1,0.0,['699.81501541 USDT'],NO_TRIGGER,FILLED,OTO,OL-20240226-102800-001-000-5,"['O-20240226-102800-001-000-14', 'O-20240226-102800-001-000-15']",,,,,"['scenario=LRB-1708943160000000000-000037', 'family=SRR']",4973268c-9516-4816-a87a-023f88d84a7d,2024-02-26 10:28:00+00:00,2024-02-26 10:28:00+00:00,,,,,,,
BACKTESTER-001,LRBStrategy-000,BTCUSDT-PERP.BINANCE,BINANCE-1-014,BTCUSDT-PERP.BINANCE-LRBStrategy-000,BINANCE-001,T-a31c26d2bc65392a-2178,STOP_MARKET,BUY,19.523,GTC,True,False,19.523,TAKER,51272.4,0.09999999999854481,['700.69374564 USDT'],NO_TRIGGER,FILLED,OUO,OL-20240226-102800-001-000-5,['O-20240226-102800-001-000-15'],O-20240226-102800-001-000-13,,,,"['scenario=LRB-1708943160000000000-000037', 'family=SRR']",72682078-f9ce-49d9-95f9-986975121caa,2024-02-26 10:28:00+00:00,2024-02-26 10:40:00+00:00,51272.3,DEFAULT,,,,,
BACKTESTER-001,LRBStrategy-000,BTCUSDT-PERP.BINANCE,BINANCE-1-016,BTCUSDT-PERP.BINANCE-LRBStrategy-000,BINANCE-001,T-a01c88d9bf401c6c-2185,MARKET,SELL,24.525,GTC,False,False,24.525,TAKER,51247.299999999996,0.0,['879.78802275 USDT'],NO_TRIGGER,FILLED,OTO,OL-20240226-104200-001-000-6,"['O-20240226-104200-001-000-17', 'O-20240226-104200-001-000-18']",,,,,"['scenario=LRB-1708944000000000000-000038', 'family=SRR']",2f928097-a8ff-4243-a5fc-075d636c557c,2024-02-26 10:42:00+00:00,2024-02-26 10:42:00+00:00,,,,,,,
BACKTESTER-001,LRBStrategy-000,BTCUSDT-PERP.BINANCE,BINANCE-1-017,BTCUSDT-PERP.BINANCE-LRBStrategy-000,BINANCE-001,T-7e2589138926ce58-2233,STOP_MARKET,BUY,24.525,GTC,True,False,24.525,TAKER,51280.6,0.09999999999854481,['880.35970050 USDT'],NO_TRIGGER,FILLED,OUO,OL-20240226-104200-001-000-6,['O-20240226-104200-001-000-18'],O-20240226-104200-001-000-16,,,,"['scenario=LRB-1708944000000000000-000038', 'family=SRR']",457c5a13-f737-4e46-9f32-ca2b2067c44c,2024-02-26 10:42:00+00:00,2024-02-26 10:56:00+00:00,51280.5,DEFAULT,,,,,
BACKTESTER-001,LRBStrategy-000,BTCUSDT-PERP.BINANCE,BINANCE-1-019,BTCUSDT-PERP.BINANCE-LRBStrategy-000,BINANCE-001,T-4587ae23ccbc6536-3114,MARKET,SELL,26.671,GTC,False,False,26.671,TAKER,51734.8,0.0,['965.87319556 USDT'],NO_TRIGGER,FILLED,OTO,OL-20240226-150100-001-000-7,"['O-20240226-150100-001-000-20', 'O-20240226-150100-001-000-21']",,,,,"['scenario=LRB-1708959540000000000-000059', 'family=SRR']",792228d0-d169-47bc-a4b6-1d731fd8ec38,2024-02-26 15:01:00+00:00,2024-02-26 15:01:00+00:00,,,,,,,
BACKTESTER-001,LRBStrategy-000,BTCUSDT-PERP.BINANCE,BINANCE-1-020,BTCUSDT-PERP.BINANCE-LRBStrategy-000,BINANCE-001,T-de1ecf2a278c4a31-3118,STOP_MARKET,BUY,26.671,GTC,True,False,26.671,TAKER,51756.0,0.09999999999854481,['966.26899320 USDT'],NO_TRIGGER,FILLED,OUO,OL-20240226-150100-001-000-7,['O-20240226-150100-001-000-21'],O-20240226-150100-001-000-19,,,,"['scenario=LRB-1708959540000000000-000059', 'family=SRR']",70d6c96d-c7a3-453d-8c0c-b51a03390c9b,2024-02-26 15:01:00+00:00,2024-02-26 15:02:00+00:00,51755.9,DEFAULT,,,,,
BACKTESTER-001,LRBStrategy-000,BTCUSDT-PERP.BINANCE,BINANCE-1-022,BTCUSDT-PERP.BINANCE-LRBStrategy-000,BINANCE-001,T-71ab434628d8a59b-3829,MARKET,SELL,16.697,GTC,False,False,16.697,TAKER,53578.899999999994,0.0,['626.22482531 USDT'],NO_TRIGGER,FILLED,OTO,OL-20240226-180700-001-000-8,"['O-20240226-180700-001-000-23', 'O-20240226-180700-001-000-24']",,,,,"['scenario=LRB-1708970700000000000-000071', 'family=SRR']",5b657e67-14fb-4a20-9d48-fbbab1c8d4ad,2024-02-26 18:07:00+00:00,2024-02-26 18:07:00+00:00,,,,,,,
BACKTESTER-001,LRBStrategy-000,BTCUSDT-PERP.BINANCE,BINANCE-1-023,BTCUSDT-PERP.BINANCE-LRBStrategy-000,BINANCE-001,T-91ca1a4f6b77bdb0-3916,STOP_MARKET,BUY,16.697,GTC,True,False,16.697,TAKER,53649.0,0.10000000000582077,['627.04414710 USDT'],NO_TRIGGER,FILLED,OUO,OL-20240226-180700-001-000-8,['O-20240226-180700-001-000-24'],O-20240226-180700-001-000-22,,,,"['scenario=LRB-1708970700000000000-000071', 'family=SRR']",470be5e8-f3a1-46da-aee5-302218fb9f0a,2024-02-26 18:07:00+00:00,2024-02-26 18:30:00+00:00,53648.9,DEFAULT,,,,,
BACKTESTER-001,LRBStrategy-000,BTCUSDT-PERP.BINANCE,BINANCE-1-025,BTCUSDT-PERP.BINANCE-LRBStrategy-000,BINANCE-001,T-616a1747e3f19802-3948,MARKET,BUY,15.855,GTC,False,False,15.855,TAKER,53396.0,0.0,['592.61550600 USDT'],NO_TRIGGER,FILLED,OTO,OL-20240226-183900-001-000-9,"['O-20240226-183900-001-000-26', 'O-20240226-183900-001-000-27']",,,,,"['scenario=LRB-1708972620000000000-000073', 'family=SRR']",bf0ed01d-aeb5-489e-b1b5-249507ba32cd,2024-02-26 18:39:00+00:00,2024-02-26 18:39:00+00:00,,,,,,,
BACKTESTER-001,LRBStrategy-000,BTCUSDT-PERP.BINANCE,BINANCE-1-027,BTCUSDT-PERP.BINANCE-LRBStrategy-000,BINANCE-001,T-9901318f22086b73-4078,LIMIT,SELL,15.855,GTC,True,False,15.855,MAKER,53669.4,0.09999999999854481,['595.64983590 USDT'],NO_TRIGGER,FILLED,OUO,OL-20240226-183900-001-000-9,['O-20240226-183900-001-000-26'],O-20240226-183900-001-000-25,,,,"['scenario=LRB-1708972620000000000-000073', 'family=SRR']",9d704150-fc4f-4abc-878f-3788d2fc2b93,2024-02-26 18:39:00+00:00,2024-02-26 19:14:00+00:00,,,,,53669.5,True,
BACKTESTER-001,LRBStrategy-000,BTCUSDT-PERP.BINANCE,BINANCE-1-028,BTCUSDT-PERP.BINANCE-LRBStrategy-000,BINANCE-001,T-e3e69fa976e15af6-4124,MARKET,SELL,15.362,GTC,False,False,15.362,TAKER,54435.100000000006,0.0,['585.36240434 USDT'],NO_TRIGGER,FILLED,OTO,OL-20240226-192500-001-000-10,"['O-20240226-192500-001-000-29', 'O-20240226-192500-001-000-30']",,,,,"['scenario=LRB-1708975380000000000-000075', 'family=SRR']",c765811f-0901-4325-a9f9-950ecb1d5c2f,2024-02-26 19:25:00+00:00,2024-02-26 19:25:00+00:00,,,,,,,
BACKTESTER-001,LRBStrategy-000,BTCUSDT-PERP.BINANCE,BINANCE-1-029,BTCUSDT-PERP.BINANCE-LRBStrategy-000,BINANCE-001,T-96b1a824161018dc-4175,STOP_MARKET,BUY,15.362,GTC,True,False,15.362,TAKER,54518.0,0.09999999999854481,['586.25386120 USDT'],NO_TRIGGER,FILLED,OUO,OL-20240226-192500-001-000-10,['O-20240226-192500-001-000-30'],O-20240226-192500-001-000-28,,,,"['scenario=LRB-1708975380000000000-000075', 'family=SRR']",824f6f90-088b-4789-903c-ccf7a779001b,2024-02-26 19:25:00+00:00,2024-02-26 19:38:00+00:00,54517.9,DEFAULT,,,,,
BACKTESTER-001,LRBStrategy-000,BTCUSDT-PERP.BINANCE,BINANCE-1-031,BTCUSDT-PERP.BINANCE-LRBStrategy-000,BINANCE-001,T-eff26af3c92ddce2-4185,MARKET,SELL,10.772,GTC,False,False,10.772,TAKER,54401.7,0.0,['410.21057868 USDT'],NO_TRIGGER,FILLED,OTO,OL-20240226-194000-001-000-11,"['O-20240226-194000-001-000-32', 'O-20240226-194000-001-000-33']",,,,,"['scenario=LRB-1708976280000000000-000076', 'family=SRR']",7b00c839-6282-4ce8-bef0-7bd67ed5721c,2024-02-26 19:40:00+00:00,2024-02-26 19:40:00+00:00,,,,,,,
BACKTESTER-001,LRBStrategy-000,BTCUSDT-PERP.BINANCE,BINANCE-1-032,BTCUSDT-PERP.BINANCE-LRBStrategy-000,BINANCE-001,T-1549e1bd9c0b1923-4205,STOP_MARKET,BUY,10.772,GTC,True,False,10.772,TAKER,54545.6,0.09999999999854481,['411.29564224 USDT'],NO_TRIGGER,FILLED,OUO,OL-20240226-194000-001-000-11,['O-20240226-194000-001-000-33'],O-20240226-194000-001-000-31,,,,"['scenario=LRB-1708976280000000000-000076', 'family=SRR']",e8c2aec5-5471-46ad-908e-296bf2924f7c,2024-02-26 19:40:00+00:00,2024-02-26 19:45:00+00:00,54545.5,DEFAULT,,,,,
BACKTESTER-001,LRBStrategy-000,BTCUSDT-PERP.BINANCE,BINANCE-1-034,BTCUSDT-PERP.BINANCE-LRBStrategy-000,BINANCE-001,T-d045bcbb14158bea-4425,MARKET,SELL,13.461,GTC,False,False,13.461,TAKER,54525.9,0.0,['513.78119793 USDT'],NO_TRIGGER,FILLED,OTO,OL-20240226-204200-001-000-12,"['O-20240226-204200-001-000-35', 'O-20240226-204200-001-000-36']",,,,,"['scenario=LRB-1708980000000000000-000080', 'family=SRR']",4f28f609-7bb5-43ee-b264-8520056f1d47,2024-02-26 20:42:00+00:00,2024-02-26 20:42:00+00:00,,,,,,,
BACKTESTER-001,LRBStrategy-000,BTCUSDT-PERP.BINANCE,BINANCE-1-035,BTCUSDT-PERP.BINANCE-LRBStrategy-000,BINANCE-001,T-b8fa7eb2d8165699-4436,STOP_MARKET,BUY,13.461,GTC,True,False,13.461,TAKER,54620.4,0.09999999999854481,['514.67164308 USDT'],NO_TRIGGER,FILLED,OUO,OL-20240226-204200-001-000-12,['O-20240226-204200-001-000-36'],O-20240226-204200-001-000-34,,,,"['scenario=LRB-1708980000000000000-000080', 'family=SRR']",0d8222b7-e7d2-4be0-817b-b54ec3c37833,2024-02-26 20:42:00+00:00,2024-02-26 20:45:00+00:00,54620.3,DEFAULT,,,,,
BACKTESTER-001,LRBStrategy-000,BTCUSDT-PERP.BINANCE,BINANCE-1-037,BTCUSDT-PERP.BINANCE-LRBStrategy-000,BINANCE-001,T-650162ab2271e644-4790,MARKET,SELL,17.143,GTC,False,False,17.143,TAKER,54805.100000000006,0.0,['657.66668051 USDT'],NO_TRIGGER,FILLED,OTO,OL-20240226-221800-001-000-13,"['O-20240226-221800-001-000-38', 'O-20240226-221800-001-000-39']",,,,,"['scenario=LRB-1708985760000000000-000089', 'family=SRR']",0dc0bccd-d612-404b-821d-c03966534e81,2024-02-26 22:18:00+00:00,2024-02-26 22:18:00+00:00,,,,,,,
BACKTESTER-001,LRBStrategy-000,BTCUSDT-PERP.BINANCE,BINANCE-1-039,BTCUSDT-PERP.BINANCE-LRBStrategy-000,BINANCE-001,T-89f5888ad75a3fe4-4815,LIMIT,BUY,17.143,GTC,True,False,17.143,MAKER,54585.8,0.10000000000582077,['655.03505858 USDT'],NO_TRIGGER,FILLED,OUO,OL-20240226-221800-001-000-13,['O-20240226-221800-001-000-38'],O-20240226-221800-001-000-37,,,,"['scenario=LRB-1708985760000000000-000089', 'family=SRR']",14420696-6fe6-4280-8ae5-f88972e279fe,2024-02-26 22:18:00+00:00,2024-02-26 22:26:00+00:00,,,,,54585.7,True,
BACKTESTER-001,LRBStrategy-000,BTCUSDT-PERP.BINANCE,BINANCE-1-040,BTCUSDT-PERP.BINANCE-LRBStrategy-000,BINANCE-001,T-d4092edb918d2be6-4869,MARKET,BUY,23.995,GTC,False,False,23.995,TAKER,54546.55172744322,0.0,['916.19115609 USDT'],NO_TRIGGER,FILLED,OTO,OL-20240226-224000-001-000-14,"['O-20240226-224000-001-000-41', 'O-20240226-224000-001-000-42']",,,,,"['scenario=LRB-1708986960000000000-000091', 'family=SRR']",d6bfebe2-69d2-49b3-9132-7c67f40cdf78,2024-02-26 22:40:00+00:00,2024-02-26 22:40:00+00:00,,,,,,,
BACKTESTER-001,LRBStrategy-000,BTCUSDT-PERP.BINANCE,BINANCE-1-041,BTCUSDT-PERP.BINANCE-LRBStrategy-000,BINANCE-001,T-2a02d61af3b82168-4874,STOP_MARKET,SELL,23.995,GTC,True,False,23.995,TAKER,54526.8,0.09999999999126885,['915.85939620 USDT'],NO_TRIGGER,FILLED,OUO,OL-20240226-224000-001-000-14,['O-20240226-224000-001-000-42'],O-20240226-224000-001-000-40,,,,"['scenario=LRB-1708986960000000000-000091', 'family=SRR']",8680500e-44cf-440d-9229-e8142039b99c,2024-02-26 22:40:00+00:00,2024-02-26 22:42:00+00:00,54526.9,DEFAULT,,,,,
BACKTESTER-001,LRBStrategy-000,BTCUSDT-PERP.BINANCE,BINANCE-1-043,BTCUSDT-PERP.BINANCE-LRBStrategy-000,BINANCE-001,T-f8a50feac41ad9cf-4982,MARKET,BUY,19.623,GTC,False,False,19.623,TAKER,54615.021230189064,0.0,['750.19739312 USDT'],NO_TRIGGER,FILLED,OTO,OL-20240226-231200-001-000-15,"['O-20240226-231200-001-000-44', 'O-20240226-231200-001-000-45']",,,,,"['scenario=LRB-1708989000000000000-000094', 'family=SRR']",9b94fcff-80ff-447f-9f36-38873bbc4c92,2024-02-26 23:12:00+00:00,2024-02-26 23:12:00+00:00,,,,,,,
BACKTESTER-001,LRBStrategy-000,BTCUSDT-PERP.BINANCE,BINANCE-1-044,BTCUSDT-PERP.BINANCE-LRBStrategy-000,BINANCE-001,T-b0e2c2ff15fef150-4987,STOP_MARKET,SELL,19.623,GTC,True,False,19.623,TAKER,54577.48452835957,0.1154716404271312,['749.68178523 USDT'],NO_TRIGGER,FILLED,OUO,OL-20240226-231200-001-000-15,['O-20240226-231200-001-000-45'],O-20240226-231200-001-000-43,,,,"['scenario=LRB-1708989000000000000-000094', 'family=SRR']",f533c453-b5b4-406a-9cb8-c68cefe2170c,2024-02-26 23:12:00+00:00,2024-02-26 23:13:00+00:00,54577.6,DEFAULT,,,,,
BACKTESTER-001,LRBStrategy-000,BTCUSDT-PERP.BINANCE,BINANCE-1-046,BTCUSDT-PERP.BINANCE-LRBStrategy-000,BINANCE-001,T-90c9992190be3491-5103,MARKET,BUY,22.756,GTC,False,False,22.756,TAKER,54501.135836702415,0.0,['868.15949297 USDT'],NO_TRIGGER,FILLED,OTO,OL-20240226-234500-001-000-16,"['O-20240226-234500-001-000-47', 'O-20240226-234500-001-000-48']",,,,,"['scenario=LRB-1708990920000000000-000098', 'family=SRR']",cd04f91b-cfe6-4d15-970c-5df2478986d3,2024-02-26 23:45:00+00:00,2024-02-26 23:45:00+00:00,,,,,,,
BACKTESTER-001,LRBStrategy-000,BTCUSDT-PERP.BINANCE,BINANCE-1-047,BTCUSDT-PERP.BINANCE-LRBStrategy-000,BINANCE-001,T-22a6a68d9563374b-5132,STOP_MARKET,SELL,22.756,GTC,True,False,22.756,TAKER,54482.1,0.09999999999854481,['867.85626732 USDT'],NO_TRIGGER,FILLED,OUO,OL-20240226-234500-001-000-16,['O-20240226-234500-001-000-48'],O-20240226-234500-001-000-46,,,,"['scenario=LRB-1708990920000000000-000098', 'family=SRR']",21666c86-c548-4cd2-8496-013520f05f5d,2024-02-26 23:45:00+00:00,2024-02-26 23:53:00+00:00,54482.2,DEFAULT,,,,,
BACKTESTER-001,LRBStrategy-000,BTCUSDT-PERP.BINANCE,BINANCE-1-049,BTCUSDT-PERP.BINANCE-LRBStrategy-000,BINANCE-001,T-26f68d4813255ffa-6251,MARKET,BUY,25.871,GTC,False,False,25.871,TAKER,55939.20262842564,0.0,['1013.04217784 USDT'],NO_TRIGGER,FILLED,OTO,OL-20240227-044900-001-000-17,"['O-20240227-044900-001-000-50', 'O-20240227-044900-001-000-51']",,,,,"['scenario=LRB-1709009160000000000-000115', 'family=SRR']",109c1417-5dcf-4c19-b247-a092023b3514,2024-02-27 04:49:00+00:00,2024-02-27 04:49:00+00:00,,,,,,,
BACKTESTER-001,LRBStrategy-000,BTCUSDT-PERP.BINANCE,BINANCE-1-050,BTCUSDT-PERP.BINANCE-LRBStrategy-000,BINANCE-001,T-46f4d9e480574863-6254,STOP_MARKET,SELL,25.871,GTC,True,False,25.871,TAKER,55936.2,0.10000000000582077,['1012.98780114 USDT'],NO_TRIGGER,FILLED,OUO,OL-20240227-044900-001-000-17,['O-20240227-044900-001-000-51'],O-20240227-044900-001-000-49,,,,"['scenario=LRB-1709009160000000000-000115', 'family=SRR']",e0e9960e-ab37-4512-81de-c88d60f33ff9,2024-02-27 04:49:00+00:00,2024-02-27 04:50:00+00:00,55936.3,DEFAULT,,,,,
BACKTESTER-001,LRBStrategy-000,BTCUSDT-PERP.BINANCE,BINANCE-1-052,BTCUSDT-PERP.BINANCE-LRBStrategy-000,BINANCE-001,T-d2f2471e39b1ef17-6502,MARKET,SELL,11.520,GTC,False,False,11.520,TAKER,56183.7,0.0,['453.06535680 USDT'],NO_TRIGGER,FILLED,OTO,OL-20240227-055500-001-000-18,"['O-20240227-055500-001-000-53', 'O-20240227-055500-001-000-54']",,,,,"['scenario=LRB-1709013180000000000-000119', 'family=SRR']",dc28af7e-e753-4300-b3ce-e5989bbdc30c,2024-02-27 05:55:00+00:00,2024-02-27 05:55:00+00:00,,,,,,,
BACKTESTER-001,LRBStrategy-000,BTCUSDT-PERP.BINANCE,BINANCE-1-053,BTCUSDT-PERP.BINANCE-LRBStrategy-000,BINANCE-001,T-27a81ba55a3a9bc0-6543,STOP_MARKET,BUY,11.520,GTC,True,False,11.520,TAKER,56282.1,0.09999999999854481,['453.85885440 USDT'],NO_TRIGGER,FILLED,OUO,OL-20240227-055500-001-000-18,['O-20240227-055500-001-000-54'],O-20240227-055500-001-000-52,,,,"['scenario=LRB-1709013180000000000-000119', 'family=SRR']",3cff74bf-2178-486c-be8b-53abcdde677b,2024-02-27 05:55:00+00:00,2024-02-27 06:07:00+00:00,56282.0,DEFAULT,,,,,
BACKTESTER-001,LRBStrategy-000,BTCUSDT-PERP.BINANCE,BINANCE-1-055,BTCUSDT-PERP.BINANCE-LRBStrategy-000,BINANCE-001,T-a3cfe05d62009f00-6561,MARKET,SELL,18.997,GTC,False,False,18.997,TAKER,56299.8,0.0,['748.66911042 USDT'],NO_TRIGGER,FILLED,OTO,OL-20240227-061100-001-000-19,"['O-20240227-061100-001-000-56', 'O-20240227-061100-001-000-57']",,,,,"['scenario=LRB-1709014020000000000-000120', 'family=SRR']",7dfc6526-cacd-4b8b-ba79-964c6190046b,2024-02-27 06:11:00+00:00,2024-02-27 06:11:00+00:00,,,,,,,
BACKTESTER-001,LRBStrategy-000,BTCUSDT-PERP.BINANCE,BINANCE-1-056,BTCUSDT-PERP.BINANCE-LRBStrategy-000,BINANCE-001,T-69c24245de637469-6613,STOP_MARKET,BUY,18.997,GTC,True,False,18.997,TAKER,56325.2,0.09999999999126885,['749.00687708 USDT'],NO_TRIGGER,FILLED,OUO,OL-20240227-061100-001-000-19,['O-20240227-061100-001-000-57'],O-20240227-061100-001-000-55,,,,"['scenario=LRB-1709014020000000000-000120', 'family=SRR']",d325e052-e6a0-463e-8c47-f829e04bff34,2024-02-27 06:11:00+00:00,2024-02-27 06:25:00+00:00,56325.1,DEFAULT,,,,,
BACKTESTER-001,LRBStrategy-000,BTCUSDT-PERP.BINANCE,BINANCE-1-058,BTCUSDT-PERP.BINANCE-LRBStrategy-000,BINANCE-001,T-c488b2f39c34dc4d-7030,MARKET,SELL,12.830,GTC,False,False,12.830,TAKER,56319.8,0.0,['505.80812380 USDT'],NO_TRIGGER,FILLED,OTO,OL-20240227-081700-001-000-20,"['O-20240227-081700-001-000-59', 'O-20240227-081700-001-000-60']",,,,,"['scenario=LRB-1709021700000000000-000128', 'family=SRR']",e8cda1b3-7734-4089-b521-b0cc587e7f6a,2024-02-27 08:17:00+00:00,2024-02-27 08:17:00+00:00,,,,,,,
BACKTESTER-001,LRBStrategy-000,BTCUSDT-PERP.BINANCE,BINANCE-1-059,BTCUSDT-PERP.BINANCE-LRBStrategy-000,BINANCE-001,T-73441d5ca200b932-7041,STOP_MARKET,BUY,12.830,GTC,True,False,12.830,TAKER,56390.6,0.09999999999854481,['506.44397860 USDT'],NO_TRIGGER,FILLED,OUO,OL-20240227-081700-001-000-20,['O-20240227-081700-001-000-60'],O-20240227-081700-001-000-58,,,,"['scenario=LRB-1709021700000000000-000128', 'family=SRR']",63428998-dfbf-4e5e-9976-535825cfd410,2024-02-27 08:17:00+00:00,2024-02-27 08:20:00+00:00,56390.5,DEFAULT,,,,,
BACKTESTER-001,LRBStrategy-000,BTCUSDT-PERP.BINANCE,BINANCE-1-061,BTCUSDT-PERP.BINANCE-LRBStrategy-000,BINANCE-001,T-0894a90c6749e471-7074,MARKET,SELL,22.209,GTC,False,False,22.209,TAKER,56435.299999999996,0.0,['877.36010439 USDT'],NO_TRIGGER,FILLED,OTO,OL-20240227-082800-001-000-21,"['O-20240227-082800-001-000-62', 'O-20240227-082800-001-000-63']",,,,,"['scenario=LRB-1709022300000000000-000129', 'family=SRR']",4d79bff3-9e16-4fa1-8680-55cbb7dcd104,2024-02-27 08:28:00+00:00,2024-02-27 08:28:00+00:00,,,,,,,
BACKTESTER-001,LRBStrategy-000,BTCUSDT-PERP.BINANCE,BINANCE-1-062,BTCUSDT-PERP.BINANCE-LRBStrategy-000,BINANCE-001,T-44b302f1a6325618-7078,STOP_MARKET,BUY,22.209,GTC,True,False,22.209,TAKER,56440.2,0.09999999999854481,['877.43628126 USDT'],NO_TRIGGER,FILLED,OUO,OL-20240227-082800-001-000-21,['O-20240227-082800-001-000-63'],O-20240227-082800-001-000-61,,,,"['scenario=LRB-1709022300000000000-000129', 'family=SRR']",78367371-6d25-4848-b840-0cce00eab655,2024-02-27 08:28:00+00:00,2024-02-27 08:29:00+00:00,56440.1,DEFAULT,,,,,
BACKTESTER-001,LRBStrategy-000,BTCUSDT-PERP.BINANCE,BINANCE-1-064,BTCUSDT-PERP.BINANCE-LRBStrategy-000,BINANCE-001,T-cb5218c6a6b35820-7636,MARKET,SELL,12.740,GTC,False,False,12.740,TAKER,56614.899999999994,0.0,['504.89167820 USDT'],NO_TRIGGER,FILLED,OTO,OL-20240227-105600-001-000-22,"['O-20240227-105600-001-000-65', 'O-20240227-105600-001-000-66']",,,,,"['scenario=LRB-1709031240000000000-000141', 'family=SRR']",ca623f17-9a80-4761-b341-c38c35deff7c,2024-02-27 10:56:00+00:00,2024-02-27 10:56:00+00:00,,,,,,,
BACKTESTER-001,LRBStrategy-000,BTCUSDT-PERP.BINANCE,BINANCE-1-066,BTCUSDT-PERP.BINANCE-LRBStrategy-000,BINANCE-001,T-03972e3e1b881f17-7818,LIMIT,BUY,12.740,GTC,True,False,12.740,MAKER,56406.2,0.09999999999854481,['503.03049160 USDT'],NO_TRIGGER,FILLED,OUO,OL-20240227-105600-001-000-22,['O-20240227-105600-001-000-65'],O-20240227-105600-001-000-64,,,,"['scenario=LRB-1709031240000000000-000141', 'family=SRR']",e8061748-8903-4d9b-a0f9-f66014f3d2b7,2024-02-27 10:56:00+00:00,2024-02-27 11:46:00+00:00,,,,,56406.1,True,
BACKTESTER-001,LRBStrategy-000,BTCUSDT-PERP.BINANCE,BINANCE-1-067,BTCUSDT-PERP.BINANCE-LRBStrategy-000,BINANCE-001,T-bd333ddf6059c298-7914,MARKET,SELL,10.546,GTC,False,False,10.546,TAKER,56668.1,0.0,['418.33524782 USDT'],NO_TRIGGER,FILLED,OTO,OL-20240227-121200-001-000-23,"['O-20240227-121200-001-000-68', 'O-20240227-121200-001-000-69']",,,,,"['scenario=LRB-1709035740000000000-000144', 'family=SRR']",f95c64df-09bd-4b72-99bb-e19112753926,2024-02-27 12:12:00+00:00,2024-02-27 12:12:00+00:00,,,,,,,
BACKTESTER-001,LRBStrategy-000,BTCUSDT-PERP.BINANCE,BINANCE-1-068,BTCUSDT-PERP.BINANCE-LRBStrategy-000,BINANCE-001,T-67993d64fe7b9c64-7941,STOP_MARKET,BUY,10.546,GTC,True,False,10.546,TAKER,56764.700000000004,0.10000000000582077,['419.04836834 USDT'],NO_TRIGGER,FILLED,OUO,OL-20240227-121200-001-000-23,['O-20240227-121200-001-000-69'],O-20240227-121200-001-000-67,,,,"['scenario=LRB-1709035740000000000-000144', 'family=SRR']",715ef9fb-18dd-4306-9eca-3fd42b31e890,2024-02-27 12:12:00+00:00,2024-02-27 12:19:00+00:00,56764.6,DEFAULT,,,,,
BACKTESTER-001,LRBStrategy-000,BTCUSDT-PERP.BINANCE,BINANCE-1-070,BTCUSDT-PERP.BINANCE-LRBStrategy-000,BINANCE-001,T-d4b07236d4c3b538-7981,MARKET,SELL,5.468,GTC,False,False,5.468,TAKER,56920.1,0.0,['217.86737476 USDT'],NO_TRIGGER,FILLED,OTO,OL-20240227-122900-001-000-24,"['O-20240227-122900-001-000-71', 'O-20240227-122900-001-000-72']",,,,,"['scenario=LRB-1709036820000000000-000146', 'family=SRR']",db95b945-eeb5-4863-a25d-232fb49220d4,2024-02-27 12:29:00+00:00,2024-02-27 12:29:00+00:00,,,,,,,
BACKTESTER-001,LRBStrategy-000,BTCUSDT-PERP.BINANCE,BINANCE-1-071,BTCUSDT-PERP.BINANCE-LRBStrategy-000,BINANCE-001,T-49a4ef64e72a1b4e-7997,STOP_MARKET,BUY,5.468,GTC,True,False,5.468,TAKER,57169.6,0.09999999999854481,['218.82236096 USDT'],NO_TRIGGER,FILLED,OUO,OL-20240227-122900-001-000-24,['O-20240227-122900-001-000-72'],O-20240227-122900-001-000-70,,,,"['scenario=LRB-1709036820000000000-000146', 'family=SRR']",c702870e-8265-431a-afaa-efe84c226d66,2024-02-27 12:29:00+00:00,2024-02-27 12:33:00+00:00,57169.5,DEFAULT,,,,,
BACKTESTER-001,LRBStrategy-000,BTCUSDT-PERP.BINANCE,BINANCE-1-073,BTCUSDT-PERP.BINANCE-LRBStrategy-000,BINANCE-001,T-8cc95cf7b88040bd-8406,MARKET,BUY,13.880,GTC,False,False,13.880,TAKER,56822.1,0.0,['552.08352360 USDT'],NO_TRIGGER,FILLED,OTO,OL-20240227-141700-001-000-25,"['O-20240227-141700-001-000-74', 'O-20240227-141700-001-000-75']",,,,,"['scenario=LRB-1709043300000000000-000154', 'family=SRR']",039ea46b-a2a1-45df-b21d-7e561dfa1286,2024-02-27 14:17:00+00:00,2024-02-27 14:17:00+00:00,,,,,,,
BACKTESTER-001,LRBStrategy-000,BTCUSDT-PERP.BINANCE,BINANCE-1-074,BTCUSDT-PERP.BINANCE-LRBStrategy-000,BINANCE-001,T-93ccd8ed0023779c-8434,STOP_MARKET,SELL,13.880,GTC,True,False,13.880,TAKER,56775.8,0.09999999999854481,['551.63367280 USDT'],NO_TRIGGER,FILLED,OUO,OL-20240227-141700-001-000-25,['O-20240227-141700-001-000-75'],O-20240227-141700-001-000-73,,,,"['scenario=LRB-1709043300000000000-000154', 'family=SRR']",ab178332-cb26-420a-adcf-67e8c40ee0f6,2024-02-27 14:17:00+00:00,2024-02-27 14:24:00+00:00,56775.9,DEFAULT,,,,,
BACKTESTER-001,LRBStrategy-000,BTCUSDT-PERP.BINANCE,BINANCE-1-076,BTCUSDT-PERP.BINANCE-LRBStrategy-000,BINANCE-001,T-20094abede701b14-8536,MARKET,BUY,8.784,GTC,False,False,8.784,TAKER,56771.5,0.0,['349.07659920 USDT'],NO_TRIGGER,FILLED,OTO,OL-20240227-145000-001-000-26,"['O-20240227-145000-001-000-77', 'O-20240227-145000-001-000-78']",,,,,"['scenario=LRB-1709045220000000000-000157', 'family=SRR']",ccdcd0fb-82a0-4f65-8634-5de4f0fcf2a7,2024-02-27 14:50:00+00:00,2024-02-27 14:50:00+00:00,,,,,,,
BACKTESTER-001,LRBStrategy-000,BTCUSDT-PERP.BINANCE,BINANCE-1-077,BTCUSDT-PERP.BINANCE-LRBStrategy-000,BINANCE-001,T-fbc9e13dbefdfc4f-8792,STOP_MARKET,SELL,8.784,GTC,True,False,8.784,TAKER,56658.0,0.09999999999854481,['348.37871040 USDT'],NO_TRIGGER,FILLED,OUO,OL-20240227-145000-001-000-26,['O-20240227-145000-001-000-78'],O-20240227-145000-001-000-76,,,,"['scenario=LRB-1709045220000000000-000157', 'family=SRR']",362fe687-d343-4666-8580-0f208efbd84f,2024-02-27 14:50:00+00:00,2024-02-27 15:56:00+00:00,56658.1,DEFAULT,,,,,
BACKTESTER-001,LRBStrategy-000,BTCUSDT-PERP.BINANCE,BINANCE-1-079,BTCUSDT-PERP.BINANCE-LRBStrategy-000,BINANCE-001,T-b2775d29c993a5a9-8923,MARKET,SELL,6.463,GTC,False,False,6.463,TAKER,56912.6,0.0,['257.47829366 USDT'],NO_TRIGGER,FILLED,OTO,OL-20240227-162900-001-000-27,"['O-20240227-162900-001-000-80', 'O-20240227-162900-001-000-81']",,,,,"['scenario=LRB-1709051220000000000-000160', 'family=SRR']",6aa3e228-77fc-4954-b68b-eaa8f6390916,2024-02-27 16:29:00+00:00,2024-02-27 16:29:00+00:00,,,,,,,
BACKTESTER-001,LRBStrategy-000,BTCUSDT-PERP.BINANCE,BINANCE-1-080,BTCUSDT-PERP.BINANCE-LRBStrategy-000,BINANCE-001,T-93019fdf1931ab77-8942,STOP_MARKET,BUY,6.463,GTC,True,False,6.463,TAKER,57087.100000000006,0.10000000000582077,['258.26774911 USDT'],NO_TRIGGER,FILLED,OUO,OL-20240227-162900-001-000-27,['O-20240227-162900-001-000-81'],O-20240227-162900-001-000-79,,,,"['scenario=LRB-1709051220000000000-000160', 'family=SRR']",e38b6656-10b0-4dc8-85c2-d23db54c72e6,2024-02-27 16:29:00+00:00,2024-02-27 16:34:00+00:00,57087.0,DEFAULT,,,,,
BACKTESTER-001,LRBStrategy-000,BTCUSDT-PERP.BINANCE,BINANCE-1-082,BTCUSDT-PERP.BINANCE-LRBStrategy-000,BINANCE-001,T-4e9b443a917ba5ed-8952,MARKET,SELL,7.397,GTC,False,False,7.397,TAKER,56986.1,0.0,['295.06832719 USDT'],NO_TRIGGER,FILLED,OTO,OL-20240227-163600-001-000-28,"['O-20240227-163600-001-000-83', 'O-20240227-163600-001-000-84']",,,,,"['scenario=LRB-1709051640000000000-000161', 'family=SRR']",51bcd9fc-c614-487c-b090-d533e329b1db,2024-02-27 16:36:00+00:00,2024-02-27 16:36:00+00:00,,,,,,,
BACKTESTER-001,LRBStrategy-000,BTCUSDT-PERP.BINANCE,BINANCE-1-083,BTCUSDT-PERP.BINANCE-LRBStrategy-000,BINANCE-001,T-a37ddb15c3f78dca-8990,STOP_MARKET,BUY,7.397,GTC,True,False,7.397,TAKER,57121.7,0.09999999999854481,['295.77045043 USDT'],NO_TRIGGER,FILLED,OUO,OL-20240227-163600-001-000-28,['O-20240227-163600-001-000-84'],O-20240227-163600-001-000-82,,,,"['scenario=LRB-1709051640000000000-000161', 'family=SRR']",05bfd57d-e3f5-47d6-9d7f-1f9d508495c8,2024-02-27 16:36:00+00:00,2024-02-27 16:46:00+00:00,57121.6,DEFAULT,,,,,
BACKTESTER-001,LRBStrategy-000,BTCUSDT-PERP.BINANCE,BINANCE-1-085,BTCUSDT-PERP.BINANCE-LRBStrategy-000,BINANCE-001,T-d68672b8dc724826-9130,MARKET,SELL,10.818,GTC,False,False,10.818,TAKER,57197.7,0.0,['433.13530302 USDT'],NO_TRIGGER,FILLED,OTO,OL-20240227-172300-001-000-29,"['O-20240227-172300-001-000-86', 'O-20240227-172300-001-000-87']",,,,,"['scenario=LRB-1709054460000000000-000164', 'family=SRR']",16074115-c7e1-4944-8c16-3afb6e3d6ed9,2024-02-27 17:23:00+00:00,2024-02-27 17:23:00+00:00,,,,,,,
BACKTESTER-001,LRBStrategy-000,BTCUSDT-PERP.BINANCE,BINANCE-1-087,BTCUSDT-PERP.BINANCE-LRBStrategy-000,BINANCE-001,T-59074b7fc21bc743-9177,LIMIT,BUY,10.818,GTC,True,False,10.818,MAKER,57001.299999999996,0.09999999999854481,['431.64804438 USDT'],NO_TRIGGER,FILLED,OUO,OL-20240227-172300-001-000-29,['O-20240227-172300-001-000-86'],O-20240227-172300-001-000-85,,,,"['scenario=LRB-1709054460000000000-000164', 'family=SRR']",c6e509c7-075d-47b0-9ea1-53c647923a7c,2024-02-27 17:23:00+00:00,2024-02-27 17:35:00+00:00,,,,,57001.2,True,
BACKTESTER-001,LRBStrategy-000,BTCUSDT-PERP.BINANCE,BINANCE-1-088,BTCUSDT-PERP.BINANCE-LRBStrategy-000,BINANCE-001,T-492205cb73e56012-9210,MARKET,BUY,5.266,GTC,False,False,5.266,TAKER,56905.100000000006,0.0,['209.76357962 USDT'],NO_TRIGGER,FILLED,OTO,OL-20240227-174300-001-000-30,"['O-20240227-174300-001-000-89', 'O-20240227-174300-001-000-90']",,,,,"['scenario=LRB-1709055660000000000-000166', 'family=SRR']",fd1e5e1c-258b-4748-81ab-9b6241fb3e1f,2024-02-27 17:43:00+00:00,2024-02-27 17:43:00+00:00,,,,,,,
BACKTESTER-001,LRBStrategy-000,BTCUSDT-PERP.BINANCE,BINANCE-1-091,BTCUSDT-PERP.BINANCE-LRBStrategy-000,BINANCE-001,T-0fee7c30fbf35f76-9546,MARKET,SELL,5.266,GTC,True,False,5.266,TAKER,57057.100000000006,0.0,['210.32388202 USDT'],NO_TRIGGER,FILLED,NO_CONTINGENCY,,,,,,,,9de20803-f7e0-4109-b755-542f17779049,2024-02-27 19:13:00+00:00,2024-02-27 19:13:00+00:00,,,,,,,
BACKTESTER-001,LRBStrategy-000,BTCUSDT-PERP.BINANCE,BINANCE-1-092,BTCUSDT-PERP.BINANCE-LRBStrategy-000,BINANCE-001,T-301fa3b4999476ad-9868,MARKET,BUY,15.459,GTC,False,False,15.459,TAKER,57039.6,0.0,['617.24262348 USDT'],NO_TRIGGER,FILLED,OTO,OL-20240227-203800-001-000-31,"['O-20240227-203800-001-000-93', 'O-20240227-203800-001-000-94']",,,,,"['scenario=LRB-1709066160000000000-000174', 'family=SRR']",c9d8ecb8-988e-468d-9b1c-0e913d4b015a,2024-02-27 20:38:00+00:00,2024-02-27 20:38:00+00:00,,,,,,,
BACKTESTER-001,LRBStrategy-000,BTCUSDT-PERP.BINANCE,BINANCE-1-093,BTCUSDT-PERP.BINANCE-LRBStrategy-000,BINANCE-001,T-6f8b5909257b3d26-9872,STOP_MARKET,SELL,15.459,GTC,True,False,15.459,TAKER,57016.2,0.10000000000582077,['616.98940506 USDT'],NO_TRIGGER,FILLED,OUO,OL-20240227-203800-001-000-31,['O-20240227-203800-001-000-94'],O-20240227-203800-001-000-92,,,,"['scenario=LRB-1709066160000000000-000174', 'family=SRR']",d8f4b47f-9d92-47ce-a73f-a0233be2525b,2024-02-27 20:38:00+00:00,2024-02-27 20:39:00+00:00,57016.3,DEFAULT,,,,,
BACKTESTER-001,LRBStrategy-000,BTCUSDT-PERP.BINANCE,BINANCE-1-095,BTCUSDT-PERP.BINANCE-LRBStrategy-000,BINANCE-001,T-714a6d6f0e1719db-9894,MARKET,BUY,10.492,GTC,False,False,10.492,TAKER,56912.5,0.0,['417.98816500 USDT'],NO_TRIGGER,FILLED,OTO,OL-20240227-204400-001-000-32,"['O-20240227-204400-001-000-96', 'O-20240227-204400-001-000-97']",,,,,"['scenario=LRB-1709066520000000000-000175', 'family=SRR']",3be84edd-7793-4cc3-a720-1fbbc7b69cf0,2024-02-27 20:44:00+00:00,2024-02-27 20:44:00+00:00,,,,,,,
BACKTESTER-001,LRBStrategy-000,BTCUSDT-PERP.BINANCE,BINANCE-1-096,BTCUSDT-PERP.BINANCE-LRBStrategy-000,BINANCE-001,T-50513f323ace6da3-9934,STOP_MARKET,SELL,10.492,GTC,True,False,10.492,TAKER,56844.6,0.10000000000582077,['417.48948024 USDT'],NO_TRIGGER,FILLED,OUO,OL-20240227-204400-001-000-32,['O-20240227-204400-001-000-97'],O-20240227-204400-001-000-95,,,,"['scenario=LRB-1709066520000000000-000175', 'family=SRR']",61ed667b-db11-4395-82a2-246e9f3b17c0,2024-02-27 20:44:00+00:00,2024-02-27 20:55:00+00:00,56844.7,DEFAULT,,,,,
BACKTESTER-001,LRBStrategy-000,BTCUSDT-PERP.BINANCE,BINANCE-1-100,BTCUSDT-PERP.BINANCE-LRBStrategy-000,BINANCE-001,T-8df33636d278683a-10691,LIMIT,SELL,11.796,GTC,True,False,11.796,MAKER,57116.6,0.10000000000582077,['471.62318952 USDT'],NO_TRIGGER,FILLED,OUO,OL-20240228-001900-001-000-33,['O-20240228-001900-001-000-99'],O-20240228-001900-001-000-98,,,,"['scenario=LRB-1709079420000000000-000186', 'family=SRR']",11157834-d611-4599-b9b1-890fc54f9e6a,2024-02-28 00:19:00+00:00,2024-02-28 00:29:00+00:00,,,,,57116.7,True,
BACKTESTER-001,LRBStrategy-000,BTCUSDT-PERP.BINANCE,BINANCE-1-098,BTCUSDT-PERP.BINANCE-LRBStrategy-000,BINANCE-001,T-34ef5bb25a1f4219-10656,MARKET,BUY,11.796,GTC,False,False,11.796,TAKER,56949.2,0.0,['470.24093424 USDT'],NO_TRIGGER,FILLED,OTO,OL-20240228-001900-001-000-33,"['O-20240228-001900-001-000-99', 'O-20240228-001900-001-000-100']",,,,,"['scenario=LRB-1709079420000000000-000186', 'family=SRR']",3b08d30d-9802-417f-b60b-2894cf8c8f75,2024-02-28 00:19:00+00:00,2024-02-28 00:19:00+00:00,,,,,,,
BACKTESTER-001,LRBStrategy-000,BTCUSDT-PERP.BINANCE,BINANCE-1-101,BTCUSDT-PERP.BINANCE-LRBStrategy-000,BINANCE-001,T-1ad244966889f642-12401,MARKET,SELL,6.244,GTC,False,False,6.244,TAKER,58695.9,0.0,['256.54803972 USDT'],NO_TRIGGER,FILLED,OTO,OL-20240228-082500-001-000-34,"['O-20240228-082500-001-000-102', 'O-20240228-082500-001-000-103']",,,,,"['scenario=LRB-1709108580000000000-000221', 'family=SRR']",73b8336a-b605-4b66-a371-d4523e02a636,2024-02-28 08:25:00+00:00,2024-02-28 08:25:00+00:00,,,,,,,
BACKTESTER-001,LRBStrategy-000,BTCUSDT-PERP.BINANCE,BINANCE-1-102,BTCUSDT-PERP.BINANCE-LRBStrategy-000,BINANCE-001,T-b3abb7caa9cc6316-12466,STOP_MARKET,BUY,6.244,GTC,True,False,6.244,TAKER,58859.0,0.10000000000582077,['257.26091720 USDT'],NO_TRIGGER,FILLED,OUO,OL-20240228-082500-001-000-34,['O-20240228-082500-001-000-103'],O-20240228-082500-001-000-101,,,,"['scenario=LRB-1709108580000000000-000221', 'family=SRR']",8691febf-97c6-442c-94d5-a13249b8a2f4,2024-02-28 08:25:00+00:00,2024-02-28 08:42:00+00:00,58858.9,DEFAULT,,,,,
BACKTESTER-001,LRBStrategy-000,BTCUSDT-PERP.BINANCE,BINANCE-1-104,BTCUSDT-PERP.BINANCE-LRBStrategy-000,BINANCE-001,T-96e4e6b8cca9b928-13306,MARKET,BUY,8.203,GTC,False,False,8.203,TAKER,59300.1,0.0,['340.50710421 USDT'],NO_TRIGGER,FILLED,OTO,OL-20240228-121700-001-000-35,"['O-20240228-121700-001-000-105', 'O-20240228-121700-001-000-106']",,,,,"['scenario=LRB-1709122440000000000-000235', 'family=SAC']",b18f5abe-95a1-446c-a5e5-3c082fea0c10,2024-02-28 12:17:00+00:00,2024-02-28 12:17:00+00:00,,,,,,,
BACKTESTER-001,LRBStrategy-000,BTCUSDT-PERP.BINANCE,BINANCE-1-105,BTCUSDT-PERP.BINANCE-LRBStrategy-000,BINANCE-001,T-6dd35d7ef51f0e16-13318,STOP_MARKET,SELL,8.203,GTC,True,False,8.203,TAKER,59201.9,0.09999999999854481,['339.94322999 USDT'],NO_TRIGGER,FILLED,OUO,OL-20240228-121700-001-000-35,['O-20240228-121700-001-000-106'],O-20240228-121700-001-000-104,,,,"['scenario=LRB-1709122440000000000-000235', 'family=SAC']",a94030b7-04ff-4369-9cdd-fc6d1a3afaa3,2024-02-28 12:17:00+00:00,2024-02-28 12:20:00+00:00,59202.0,DEFAULT,,,,,
BACKTESTER-001,LRBStrategy-000,BTCUSDT-PERP.BINANCE,BINANCE-1-107,BTCUSDT-PERP.BINANCE-LRBStrategy-000,BINANCE-001,T-b8a5ee1ce516c65d-13371,MARKET,SELL,11.251,GTC,False,False,11.251,TAKER,59329.9,0.0,['467.26449343 USDT'],NO_TRIGGER,FILLED,OTO,OL-20240228-123300-001-000-36,"['O-20240228-123300-001-000-108', 'O-20240228-123300-001-000-109']",,,,,"['scenario=LRB-1709123460000000000-000236', 'family=SRR']",3d5db99e-6e31-465e-a919-48e67108f866,2024-02-28 12:33:00+00:00,2024-02-28 12:33:00+00:00,,,,,,,
BACKTESTER-001,LRBStrategy-000,BTCUSDT-PERP.BINANCE,BINANCE-1-108,BTCUSDT-PERP.BINANCE-LRBStrategy-000,BINANCE-001,T-2f53814c478a2c83-13375,STOP_MARKET,BUY,11.251,GTC,True,False,11.251,TAKER,59374.899999999994,0.09999999999126885,['467.61889993 USDT'],NO_TRIGGER,FILLED,OUO,OL-20240228-123300-001-000-36,['O-20240228-123300-001-000-109'],O-20240228-123300-001-000-107,,,,"['scenario=LRB-1709123460000000000-000236', 'family=SRR']",000cd796-88d0-49b3-8dc6-0195a748493f,2024-02-28 12:33:00+00:00,2024-02-28 12:34:00+00:00,59374.8,DEFAULT,,,,,
BACKTESTER-001,LRBStrategy-000,BTCUSDT-PERP.BINANCE,BINANCE-1-110,BTCUSDT-PERP.BINANCE-LRBStrategy-000,BINANCE-001,T-df1b53e470b09667-13397,MARKET,SELL,11.819,GTC,False,False,11.819,TAKER,59439.9,0.0,['491.76412467 USDT'],NO_TRIGGER,FILLED,OTO,OL-20240228-123900-001-000-37,"['O-20240228-123900-001-000-111', 'O-20240228-123900-001-000-112']",,,,,"['scenario=LRB-1709123820000000000-000237', 'family=SRR']",65418050-cca0-4b68-b675-e430671b0522,2024-02-28 12:39:00+00:00,2024-02-28 12:39:00+00:00,,,,,,,
BACKTESTER-001,LRBStrategy-000,BTCUSDT-PERP.BINANCE,BINANCE-1-111,BTCUSDT-PERP.BINANCE-LRBStrategy-000,BINANCE-001,T-5954fb0e3fbc5a67-13412,STOP_MARKET,BUY,11.819,GTC,True,False,11.819,TAKER,59475.00000000001,0.10000000001309672,['492.05451750 USDT'],NO_TRIGGER,FILLED,OUO,OL-20240228-123900-001-000-37,['O-20240228-123900-001-000-112'],O-20240228-123900-001-000-110,,,,"['scenario=LRB-1709123820000000000-000237', 'family=SRR']",0e3d3d7c-aa3c-4779-8bf1-38a90915e85f,2024-02-28 12:39:00+00:00,2024-02-28 12:43:00+00:00,59474.9,DEFAULT,,,,,
BACKTESTER-001,LRBStrategy-000,BTCUSDT-PERP.BINANCE,BINANCE-1-113,BTCUSDT-PERP.BINANCE-LRBStrategy-000,BINANCE-001,T-ba9be2214c14d621-13721,MARKET,SELL,9.541,GTC,False,False,9.541,TAKER,60590.8,0.0,['404.66777596 USDT'],NO_TRIGGER,FILLED,OTO,OL-20240228-140200-001-000-38,"['O-20240228-140200-001-000-114', 'O-20240228-140200-001-000-115']",,,,,"['scenario=LRB-1709128800000000000-000241', 'family=SRR']",30d4b160-afe0-474d-8760-fd08097390b0,2024-02-28 14:02:00+00:00,2024-02-28 14:02:00+00:00,,,,,,,
BACKTESTER-001,LRBStrategy-000,BTCUSDT-PERP.BINANCE,BINANCE-1-114,BTCUSDT-PERP.BINANCE-LRBStrategy-000,BINANCE-001,T-e61d05715efd6e41-13725,STOP_MARKET,BUY,9.541,GTC,True,False,9.541,TAKER,60648.1,0.09999999999854481,['405.05046547 USDT'],NO_TRIGGER,FILLED,OUO,OL-20240228-140200-001-000-38,['O-20240228-140200-001-000-115'],O-20240228-140200-001-000-113,,,,"['scenario=LRB-1709128800000000000-000241', 'family=SRR']",cc56d1b8-1715-44b4-9753-aa0101e6fc7d,2024-02-28 14:02:00+00:00,2024-02-28 14:03:00+00:00,60648.0,DEFAULT,,,,,
BACKTESTER-001,LRBStrategy-000,BTCUSDT-PERP.BINANCE,BINANCE-1-116,BTCUSDT-PERP.BINANCE-LRBStrategy-000,BINANCE-001,T-e26e9ae4abd6cec8-13896,MARKET,SELL,6.498,GTC,False,False,6.498,TAKER,60334.59999999999,0.0,['274.43796156 USDT'],NO_TRIGGER,FILLED,OTO,OL-20240228-144700-001-000-39,"['O-20240228-144700-001-000-117', 'O-20240228-144700-001-000-118']",,,,,"['scenario=LRB-1709131500000000000-000243', 'family=SRR']",52111251-0af8-4ac6-a8bc-9415ed81992e,2024-02-28 14:47:00+00:00,2024-02-28 14:47:00+00:00,,,,,,,
BACKTESTER-001,LRBStrategy-000,BTCUSDT-PERP.BINANCE,BINANCE-1-117,BTCUSDT-PERP.BINANCE-LRBStrategy-000,BINANCE-001,T-b53d6a22661178cf-13908,STOP_MARKET,BUY,6.498,GTC,True,False,6.498,TAKER,60452.5,0.09999999999854481,['274.97424150 USDT'],NO_TRIGGER,FILLED,OUO,OL-20240228-144700-001-000-39,['O-20240228-144700-001-000-118'],O-20240228-144700-001-000-116,,,,"['scenario=LRB-1709131500000000000-000243', 'family=SRR']",26284cee-287c-4568-963b-50bb6138017c,2024-02-28 14:47:00+00:00,2024-02-28 14:50:00+00:00,60452.4,DEFAULT,,,,,
BACKTESTER-001,LRBStrategy-000,BTCUSDT-PERP.BINANCE,BINANCE-1-119,BTCUSDT-PERP.BINANCE-LRBStrategy-000,BINANCE-001,T-485d455132eccd8b-14707,MARKET,BUY,7.666,GTC,False,False,7.666,TAKER,60590.4,0.0,['325.14020448 USDT'],NO_TRIGGER,FILLED,OTO,OL-20240228-181400-001-000-40,"['O-20240228-181400-001-000-120', 'O-20240228-181400-001-000-121']",,,,,"['scenario=LRB-1709143860000000000-000254', 'family=SRR']",965a1004-f0ef-49bb-9d98-2d46fd464e3a,2024-02-28 18:14:00+00:00,2024-02-28 18:14:00+00:00,,,,,,,
BACKTESTER-001,LRBStrategy-000,BTCUSDT-PERP.BINANCE,BINANCE-1-120,BTCUSDT-PERP.BINANCE-LRBStrategy-000,BINANCE-001,T-72744829c1c7630a-14725,STOP_MARKET,SELL,7.666,GTC,True,False,7.666,TAKER,60508.700000000004,0.09999999999854481,['324.70178594 USDT'],NO_TRIGGER,FILLED,OUO,OL-20240228-181400-001-000-40,['O-20240228-181400-001-000-121'],O-20240228-181400-001-000-119,,,,"['scenario=LRB-1709143860000000000-000254', 'family=SRR']",e887f4c4-1866-4d73-87cb-4abbb33a706d,2024-02-28 18:14:00+00:00,2024-02-28 18:19:00+00:00,60508.8,DEFAULT,,,,,
BACKTESTER-001,LRBStrategy-000,BTCUSDT-PERP.BINANCE,BINANCE-1-122,BTCUSDT-PERP.BINANCE-LRBStrategy-000,BINANCE-001,T-99692caba8cc2640-15132,MARKET,SELL,8.855,GTC,False,False,8.855,TAKER,61124.99999999999,0.0,['378.88331250 USDT'],NO_TRIGGER,FILLED,OTO,OL-20240228-200300-001-000-41,"['O-20240228-200300-001-000-123', 'O-20240228-200300-001-000-124']",,,,,"['scenario=LRB-1709150460000000000-000263', 'family=SRR']",415d41c1-8a9a-4871-832e-81fc0c53e848,2024-02-28 20:03:00+00:00,2024-02-28 20:03:00+00:00,,,,,,,
BACKTESTER-001,LRBStrategy-000,BTCUSDT-PERP.BINANCE,BINANCE-1-124,BTCUSDT-PERP.BINANCE-LRBStrategy-000,BINANCE-001,T-6c836bf1cb38f288-15147,LIMIT,BUY,8.855,GTC,True,False,8.855,MAKER,60674.59999999999,0.09999999999126885,['376.09150810 USDT'],NO_TRIGGER,FILLED,OUO,OL-20240228-200300-001-000-41,['O-20240228-200300-001-000-123'],O-20240228-200300-001-000-122,,,,"['scenario=LRB-1709150460000000000-000263', 'family=SRR']",5deeee82-38c8-4e81-87ce-c1db50f91f22,2024-02-28 20:03:00+00:00,2024-02-28 20:07:00+00:00,,,,,60674.5,True,
BACKTESTER-001,LRBStrategy-000,BTCUSDT-PERP.BINANCE,BINANCE-1-125,BTCUSDT-PERP.BINANCE-LRBStrategy-000,BINANCE-001,T-a1100b4a15462cc9-15773,MARKET,SELL,9.935,GTC,False,False,9.935,TAKER,61387.80000000001,0.0,['426.92145510 USDT'],NO_TRIGGER,FILLED,OTO,OL-20240228-225500-001-000-42,"['O-20240228-225500-001-000-126', 'O-20240228-225500-001-000-127']",,,,,"['scenario=LRB-1709160780000000000-000274', 'family=SRR']",187355b1-23e4-4cb1-b2f6-de66b03dfda9,2024-02-28 22:55:00+00:00,2024-02-28 22:55:00+00:00,,,,,,,
BACKTESTER-001,LRBStrategy-000,BTCUSDT-PERP.BINANCE,BINANCE-1-126,BTCUSDT-PERP.BINANCE-LRBStrategy-000,BINANCE-001,T-45d6e32a1403324b-15802,STOP_MARKET,BUY,9.935,GTC,True,False,9.935,TAKER,61436.19999999999,0.09999999999126885,['427.25805290 USDT'],NO_TRIGGER,FILLED,OUO,OL-20240228-225500-001-000-42,['O-20240228-225500-001-000-127'],O-20240228-225500-001-000-125,,,,"['scenario=LRB-1709160780000000000-000274', 'family=SRR']",d49f23cf-a48f-49e0-b26c-6f6e89efebbc,2024-02-28 22:55:00+00:00,2024-02-28 23:03:00+00:00,61436.1,DEFAULT,,,,,
BACKTESTER-001,LRBStrategy-000,BTCUSDT-PERP.BINANCE,BINANCE-1-128,BTCUSDT-PERP.BINANCE-LRBStrategy-000,BINANCE-001,T-a18ebab102ab8aed-15953,MARKET,SELL,6.273,GTC,False,False,6.273,TAKER,62548.19999999999,0.0,['274.65540102 USDT'],NO_TRIGGER,FILLED,OTO,OL-20240228-234300-001-000-43,"['O-20240228-234300-001-000-129', 'O-20240228-234300-001-000-130']",,,,,"['scenario=LRB-1709163660000000000-000278', 'family=SRR']",eb91571b-7740-4214-8582-e9b45d11fa27,2024-02-28 23:43:00+00:00,2024-02-28 23:43:00+00:00,,,,,,,
BACKTESTER-001,LRBStrategy-000,BTCUSDT-PERP.BINANCE,BINANCE-1-130,BTCUSDT-PERP.BINANCE-LRBStrategy-000,BINANCE-001,T-7273a3c69e322ab8-16038,LIMIT,BUY,6.273,GTC,True,False,6.273,MAKER,62135.80000000001,0.10000000001309672,['272.84451138 USDT'],NO_TRIGGER,FILLED,OUO,OL-20240228-234300-001-000-43,['O-20240228-234300-001-000-129'],O-20240228-234300-001-000-128,,,,"['scenario=LRB-1709163660000000000-000278', 'family=SRR']",2be1463b-b56c-4048-91f8-f0ec33f192ec,2024-02-28 23:43:00+00:00,2024-02-29 00:05:00+00:00,,,,,62135.7,True,
BACKTESTER-001,LRBStrategy-000,BTCUSDT-PERP.BINANCE,BINANCE-1-131,BTCUSDT-PERP.BINANCE-LRBStrategy-000,BINANCE-001,T-b97382d47ede5898-16178,MARKET,SELL,5.067,GTC,False,False,5.067,TAKER,61869.40000000001,0.0,['219.44457486 USDT'],NO_TRIGGER,FILLED,OTO,OL-20240229-004200-001-000-44,"['O-20240229-004200-001-000-132', 'O-20240229-004200-001-000-133']",,,,,"['scenario=LRB-1709167200000000000-000282', 'family=SRR']",13a42f51-532f-4bfa-8612-5b9bf3f50a7e,2024-02-29 00:42:00+00:00,2024-02-29 00:42:00+00:00,,,,,,,
BACKTESTER-001,LRBStrategy-000,BTCUSDT-PERP.BINANCE,BINANCE-1-133,BTCUSDT-PERP.BINANCE-LRBStrategy-000,BINANCE-001,T-f5bf63bedbe42aff-16209,LIMIT,BUY,5.067,GTC,True,False,5.067,MAKER,61523.6,0.09999999999854481,['218.21805684 USDT'],NO_TRIGGER,FILLED,OUO,OL-20240229-004200-001-000-44,['O-20240229-004200-001-000-132'],O-20240229-004200-001-000-131,,,,"['scenario=LRB-1709167200000000000-000282', 'family=SRR']",24829557-d760-4c9c-bc4c-05fb55a6c5fd,2024-02-29 00:42:00+00:00,2024-02-29 00:50:00+00:00,,,,,61523.5,True,
BACKTESTER-001,LRBStrategy-000,BTCUSDT-PERP.BINANCE,BINANCE-1-134,BTCUSDT-PERP.BINANCE-LRBStrategy-000,BINANCE-001,T-992a467f793700bb-16269,MARKET,BUY,4.045,GTC,False,False,4.045,TAKER,61491.9,0.0,['174.11431485 USDT'],NO_TRIGGER,FILLED,OTO,OL-20240229-010500-001-000-45,"['O-20240229-010500-001-000-135', 'O-20240229-010500-001-000-136']",,,,,"['scenario=LRB-1709168580000000000-000284', 'family=SRR']",58b34bae-acbd-4edb-8466-ac2348fc819b,2024-02-29 01:05:00+00:00,2024-02-29 01:05:00+00:00,,,,,,,
BACKTESTER-001,LRBStrategy-000,BTCUSDT-PERP.BINANCE,BINANCE-1-135,BTCUSDT-PERP.BINANCE-LRBStrategy-000,BINANCE-001,T-b810ae38b7411e7b-16295,STOP_MARKET,SELL,4.045,GTC,True,False,4.045,TAKER,61232.8,0.09999999999126885,['173.38067320 USDT'],NO_TRIGGER,FILLED,OUO,OL-20240229-010500-001-000-45,['O-20240229-010500-001-000-136'],O-20240229-010500-001-000-134,,,,"['scenario=LRB-1709168580000000000-000284', 'family=SRR']",0c050253-f00a-43a9-8778-3e3d3672e43d,2024-02-29 01:05:00+00:00,2024-02-29 01:12:00+00:00,61232.9,DEFAULT,,,,,
BACKTESTER-001,LRBStrategy-000,BTCUSDT-PERP.BINANCE,BINANCE-1-137,BTCUSDT-PERP.BINANCE-LRBStrategy-000,BINANCE-001,T-cc17d708ed247554-16307,MARKET,BUY,10.522,GTC,False,False,10.522,TAKER,61191.7,0.0,['450.70134718 USDT'],NO_TRIGGER,FILLED,OTO,OL-20240229-011500-001-000-46,"['O-20240229-011500-001-000-138', 'O-20240229-011500-001-000-139']",,,,,"['scenario=LRB-1709169120000000000-000285', 'family=SRR']",17fbd96b-6707-4889-a9f8-8688179fe878,2024-02-29 01:15:00+00:00,2024-02-29 01:15:00+00:00,,,,,,,
BACKTESTER-001,LRBStrategy-000,BTCUSDT-PERP.BINANCE,BINANCE-1-138,BTCUSDT-PERP.BINANCE-LRBStrategy-000,BINANCE-001,T-96d1d32ea364910b-16352,STOP_MARKET,SELL,10.522,GTC,True,False,10.522,TAKER,61148.700000000004,0.09999999999854481,['450.38463498 USDT'],NO_TRIGGER,FILLED,OUO,OL-20240229-011500-001-000-46,['O-20240229-011500-001-000-139'],O-20240229-011500-001-000-137,,,,"['scenario=LRB-1709169120000000000-000285', 'family=SRR']",5705707a-929f-4cad-bf58-dc1185f0bf0e,2024-02-29 01:15:00+00:00,2024-02-29 01:27:00+00:00,61148.8,DEFAULT,,,,,
BACKTESTER-001,LRBStrategy-000,BTCUSDT-PERP.BINANCE,BINANCE-1-140,BTCUSDT-PERP.BINANCE-LRBStrategy-000,BINANCE-001,T-6d7f2679e79c027b-16362,MARKET,BUY,6.309,GTC,False,False,6.309,TAKER,61220.19999999999,0.0,['270.36676926 USDT'],NO_TRIGGER,FILLED,OTO,OL-20240229-012900-001-000-47,"['O-20240229-012900-001-000-141', 'O-20240229-012900-001-000-142']",,,,,"['scenario=LRB-1709170020000000000-000286', 'family=SRR']",53be724f-9d96-4718-93a0-a032810fbbe5,2024-02-29 01:29:00+00:00,2024-02-29 01:29:00+00:00,,,,,,,
BACKTESTER-001,LRBStrategy-000,BTCUSDT-PERP.BINANCE,BINANCE-1-142,BTCUSDT-PERP.BINANCE-LRBStrategy-000,BINANCE-001,T-63684562afaa45e9-16382,LIMIT,SELL,6.309,GTC,True,False,6.309,MAKER,61504.700000000004,0.09999999999854481,['271.62320661 USDT'],NO_TRIGGER,FILLED,OUO,OL-20240229-012900-001-000-47,['O-20240229-012900-001-000-141'],O-20240229-012900-001-000-140,,,,"['scenario=LRB-1709170020000000000-000286', 'family=SRR']",2374a3e4-48ce-40d0-816e-2d68d05be897,2024-02-29 01:29:00+00:00,2024-02-29 01:35:00+00:00,,,,,61504.8,True,
BACKTESTER-001,LRBStrategy-000,BTCUSDT-PERP.BINANCE,BINANCE-1-143,BTCUSDT-PERP.BINANCE-LRBStrategy-000,BINANCE-001,T-ff19c7998ef9ddcd-16711,MARKET,SELL,6.940,GTC,False,False,6.940,TAKER,61739.399999999994,0.0,['299.93000520 USDT'],NO_TRIGGER,FILLED,OTO,OL-20240229-030200-001-000-48,"['O-20240229-030200-001-000-144', 'O-20240229-030200-001-000-145']",,,,,"['scenario=LRB-1709175600000000000-000292', 'family=SRR']",18d02175-1584-4064-9867-ed58b54de2b4,2024-02-29 03:02:00+00:00,2024-02-29 03:02:00+00:00,,,,,,,
BACKTESTER-001,LRBStrategy-000,BTCUSDT-PERP.BINANCE,BINANCE-1-145,BTCUSDT-PERP.BINANCE-LRBStrategy-000,BINANCE-001,T-da5869e37e10bd1d-16788,LIMIT,BUY,6.940,GTC,True,False,6.940,MAKER,61460.600000000006,0.10000000000582077,['298.57559480 USDT'],NO_TRIGGER,FILLED,OUO,OL-20240229-030200-001-000-48,['O-20240229-030200-001-000-144'],O-20240229-030200-001-000-143,,,,"['scenario=LRB-1709175600000000000-000292', 'family=SRR']",8c4bfdfe-54ff-4b71-8d98-77a62c6503d5,2024-02-29 03:02:00+00:00,2024-02-29 03:22:00+00:00,,,,,61460.5,True,
BACKTESTER-001,LRBStrategy-000,BTCUSDT-PERP.BINANCE,BINANCE-1-146,BTCUSDT-PERP.BINANCE-LRBStrategy-000,BINANCE-001,T-c8a46f191dac7e0a-16881,MARKET,SELL,13.131,GTC,False,False,13.131,TAKER,61509.799999999996,0.0,['565.37962866 USDT'],NO_TRIGGER,FILLED,OTO,OL-20240229-034600-001-000-49,"['O-20240229-034600-001-000-147', 'O-20240229-034600-001-000-148']",,,,,"['scenario=LRB-1709178240000000000-000295', 'family=SRR']",cc6dd3ab-1f1a-45b4-9234-735004052817,2024-02-29 03:46:00+00:00,2024-02-29 03:46:00+00:00,,,,,,,
BACKTESTER-001,LRBStrategy-000,BTCUSDT-PERP.BINANCE,BINANCE-1-147,BTCUSDT-PERP.BINANCE-LRBStrategy-000,BINANCE-001,T-c38efea446cdcd98-16884,STOP_MARKET,BUY,13.131,GTC,True,False,13.131,TAKER,61529.6,0.09999999999854481,['565.56162432 USDT'],NO_TRIGGER,FILLED,OUO,OL-20240229-034600-001-000-49,['O-20240229-034600-001-000-148'],O-20240229-034600-001-000-146,,,,"['scenario=LRB-1709178240000000000-000295', 'family=SRR']",49a172f5-8339-4578-b074-278979100e40,2024-02-29 03:46:00+00:00,2024-02-29 03:47:00+00:00,61529.5,DEFAULT,,,,,
BACKTESTER-001,LRBStrategy-000,BTCUSDT-PERP.BINANCE,BINANCE-1-149,BTCUSDT-PERP.BINANCE-LRBStrategy-000,BINANCE-001,T-ba64d56b032f4a85-16906,MARKET,SELL,12.470,GTC,False,False,12.470,TAKER,61564.19999999999,0.0,['537.39390180 USDT'],NO_TRIGGER,FILLED,OTO,OL-20240229-035300-001-000-50,"['O-20240229-035300-001-000-150', 'O-20240229-035300-001-000-151']",,,,,"['scenario=LRB-1709178600000000000-000296', 'family=SRR']",5b6a7d94-8b11-43cb-8bc6-6115eef9cdbe,2024-02-29 03:53:00+00:00,2024-02-29 03:53:00+00:00,,,,,,,
BACKTESTER-001,LRBStrategy-000,BTCUSDT-PERP.BINANCE,BINANCE-1-150,BTCUSDT-PERP.BINANCE-LRBStrategy-000,BINANCE-001,T-56ca86e2d8817062-16924,STOP_MARKET,BUY,12.470,GTC,True,False,12.470,TAKER,61586.200000000004,0.10000000000582077,['537.58593980 USDT'],NO_TRIGGER,FILLED,OUO,OL-20240229-035300-001-000-50,['O-20240229-035300-001-000-151'],O-20240229-035300-001-000-149,,,,"['scenario=LRB-1709178600000000000-000296', 'family=SRR']",875df390-6e4d-4466-91ca-762d197264b1,2024-02-29 03:53:00+00:00,2024-02-29 03:58:00+00:00,61586.1,DEFAULT,,,,,
BACKTESTER-001,LRBStrategy-000,BTCUSDT-PERP.BINANCE,BINANCE-1-152,BTCUSDT-PERP.BINANCE-LRBStrategy-000,BINANCE-001,T-6baa1c6d773ee530-17243,MARKET,BUY,4.658,GTC,False,False,4.658,TAKER,62040.600000000006,0.0,['202.28958036 USDT'],NO_TRIGGER,FILLED,OTO,OL-20240229-052300-001-000-51,"['O-20240229-052300-001-000-153', 'O-20240229-052300-001-000-154']",,,,,"['scenario=LRB-1709184060000000000-000303', 'family=SRR']",ad29c8a7-902f-471c-86ff-92bc38699f42,2024-02-29 05:23:00+00:00,2024-02-29 05:23:00+00:00,,,,,,,
BACKTESTER-001,LRBStrategy-000,BTCUSDT-PERP.BINANCE,BINANCE-1-154,BTCUSDT-PERP.BINANCE-LRBStrategy-000,BINANCE-001,T-98c1ee625ca4b201-17363,LIMIT,SELL,4.658,GTC,True,False,4.658,MAKER,62515.299999999996,0.09999999999854481,['203.83738718 USDT'],NO_TRIGGER,FILLED,OUO,OL-20240229-052300-001-000-51,['O-20240229-052300-001-000-153'],O-20240229-052300-001-000-152,,,,"['scenario=LRB-1709184060000000000-000303', 'family=SRR']",ea2aa7ce-df3e-462a-ab55-68f3342a8982,2024-02-29 05:23:00+00:00,2024-02-29 05:55:00+00:00,,,,,62515.4,True,
BACKTESTER-001,LRBStrategy-000,BTCUSDT-PERP.BINANCE,BINANCE-1-155,BTCUSDT-PERP.BINANCE-LRBStrategy-000,BINANCE-001,T-0ce5ca967bd7d6b7-17433,MARKET,SELL,5.054,GTC,False,False,5.054,TAKER,63024.1,0.0,['222.96666098 USDT'],NO_TRIGGER,FILLED,OTO,OL-20240229-061200-001-000-52,"['O-20240229-061200-001-000-156', 'O-20240229-061200-001-000-157']",,,,,"['scenario=LRB-1709187000000000000-000305', 'family=SRR']",d7ed8c6e-a30f-4a16-a5e0-85665d96c6f2,2024-02-29 06:12:00+00:00,2024-02-29 06:12:00+00:00,,,,,,,
BACKTESTER-001,LRBStrategy-000,BTCUSDT-PERP.BINANCE,BINANCE-1-156,BTCUSDT-PERP.BINANCE-LRBStrategy-000,BINANCE-001,T-11882cb342561526-17441,STOP_MARKET,BUY,5.054,GTC,True,False,5.054,TAKER,63205.299999999996,0.09999999999854481,['223.60771034 USDT'],NO_TRIGGER,FILLED,OUO,OL-20240229-061200-001-000-52,['O-20240229-061200-001-000-157'],O-20240229-061200-001-000-155,,,,"['scenario=LRB-1709187000000000000-000305', 'family=SRR']",fc8f1250-a099-4a3d-94ee-7bf285b30bf2,2024-02-29 06:12:00+00:00,2024-02-29 06:14:00+00:00,63205.2,DEFAULT,,,,,
BACKTESTER-001,LRBStrategy-000,BTCUSDT-PERP.BINANCE,BINANCE-1-158,BTCUSDT-PERP.BINANCE-LRBStrategy-000,BINANCE-001,T-0cbcacae84fec189-17721,MARKET,BUY,5.135,GTC,False,False,5.135,TAKER,62850.200000000004,0.0,['225.91504390 USDT'],NO_TRIGGER,FILLED,OTO,OL-20240229-072600-001-000-53,"['O-20240229-072600-001-000-159', 'O-20240229-072600-001-000-160']",,,,,"['scenario=LRB-1709191320000000000-000310', 'family=SRR']",05c73455-62d6-431d-a461-d301b0d09534,2024-02-29 07:26:00+00:00,2024-02-29 07:26:00+00:00,,,,,,,
BACKTESTER-001,LRBStrategy-000,BTCUSDT-PERP.BINANCE,BINANCE-1-159,BTCUSDT-PERP.BINANCE-LRBStrategy-000,BINANCE-001,T-a40ff9c4d923223f-17740,STOP_MARKET,SELL,5.135,GTC,True,False,5.135,TAKER,62680.700000000004,0.09999999999854481,['225.30577615 USDT'],NO_TRIGGER,FILLED,OUO,OL-20240229-072600-001-000-53,['O-20240229-072600-001-000-160'],O-20240229-072600-001-000-158,,,,"['scenario=LRB-1709191320000000000-000310', 'family=SRR']",2708b89d-746c-4fa8-9066-e085980ef613,2024-02-29 07:26:00+00:00,2024-02-29 07:31:00+00:00,62680.8,DEFAULT,,,,,
BACKTESTER-001,LRBStrategy-000,BTCUSDT-PERP.BINANCE,BINANCE-1-161,BTCUSDT-PERP.BINANCE-LRBStrategy-000,BINANCE-001,T-0aa95c6675784a42-17749,MARKET,BUY,4.126,GTC,False,False,4.126,TAKER,62813.6,0.0,['181.41823952 USDT'],NO_TRIGGER,FILLED,OTO,OL-20240229-073300-001-000-54,"['O-20240229-073300-001-000-162', 'O-20240229-073300-001-000-163']",,,,,"['scenario=LRB-1709191860000000000-000311', 'family=SRR']",ea687f69-7b14-40e8-ac96-fa951f03f5b9,2024-02-29 07:33:00+00:00,2024-02-29 07:33:00+00:00,,,,,,,
BACKTESTER-001,LRBStrategy-000,BTCUSDT-PERP.BINANCE,BINANCE-1-162,BTCUSDT-PERP.BINANCE-LRBStrategy-000,BINANCE-001,T-905bcf6cb4bce4d9-17949,STOP_MARKET,SELL,4.126,GTC,True,False,4.126,TAKER,62590.700000000004,0.09999999999854481,['180.77445974 USDT'],NO_TRIGGER,FILLED,OUO,OL-20240229-073300-001-000-54,['O-20240229-073300-001-000-163'],O-20240229-073300-001-000-161,,,,"['scenario=LRB-1709191860000000000-000311', 'family=SRR']",b70eaed8-6e00-46e9-8b2e-2a18e2c67f83,2024-02-29 07:33:00+00:00,2024-02-29 08:26:00+00:00,62590.8,DEFAULT,,,,,
BACKTESTER-001,LRBStrategy-000,BTCUSDT-PERP.BINANCE,BINANCE-1-164,BTCUSDT-PERP.BINANCE-LRBStrategy-000,BINANCE-001,T-3d1df45416f3396a-18177,MARKET,BUY,8.541,GTC,False,False,8.541,TAKER,62590.899999999994,0.0,['374.21221383 USDT'],NO_TRIGGER,FILLED,OTO,OL-20240229-092500-001-000-55,"['O-20240229-092500-001-000-165', 'O-20240229-092500-001-000-166']",,,,,"['scenario=LRB-1709198580000000000-000316', 'family=SRR']",ce08dca8-ea30-4a42-a3bc-c5585c2513f1,2024-02-29 09:25:00+00:00,2024-02-29 09:25:00+00:00,,,,,,,
BACKTESTER-001,LRBStrategy-000,BTCUSDT-PERP.BINANCE,BINANCE-1-165,BTCUSDT-PERP.BINANCE-LRBStrategy-000,BINANCE-001,T-8df6d121c333ede5-18180,STOP_MARKET,SELL,8.541,GTC,True,False,8.541,TAKER,62532.899999999994,0.09999999999854481,['373.86544923 USDT'],NO_TRIGGER,FILLED,OUO,OL-20240229-092500-001-000-55,['O-20240229-092500-001-000-166'],O-20240229-092500-001-000-164,,,,"['scenario=LRB-1709198580000000000-000316', 'family=SRR']",f1057efc-f4c5-4cb7-856b-05a76cb8bd9c,2024-02-29 09:25:00+00:00,2024-02-29 09:26:00+00:00,62533.0,DEFAULT,,,,,
BACKTESTER-001,LRBStrategy-000,BTCUSDT-PERP.BINANCE,BINANCE-1-167,BTCUSDT-PERP.BINANCE-LRBStrategy-000,BINANCE-001,T-73a416d9caf31bc8-18381,MARKET,BUY,10.627,GTC,False,False,10.627,TAKER,62370.3,0.0,['463.96642467 USDT'],NO_TRIGGER,FILLED,OTO,OL-20240229-102000-001-000-56,"['O-20240229-102000-001-000-168', 'O-20240229-102000-001-000-169']",,,,,"['scenario=LRB-1709201760000000000-000321', 'family=SRR']",68f6105e-e0d9-44c0-a52a-52ec6575afae,2024-02-29 10:20:00+00:00,2024-02-29 10:20:00+00:00,,,,,,,
BACKTESTER-001,LRBStrategy-000,BTCUSDT-PERP.BINANCE,BINANCE-1-169,BTCUSDT-PERP.BINANCE-LRBStrategy-000,BINANCE-001,T-a47f8067a73c5c28-18505,LIMIT,SELL,10.627,GTC,True,False,10.627,MAKER,62844.4,0.09999999999854481,['467.49320716 USDT'],NO_TRIGGER,FILLED,OUO,OL-20240229-102000-001-000-56,['O-20240229-102000-001-000-168'],O-20240229-102000-001-000-167,,,,"['scenario=LRB-1709201760000000000-000321', 'family=SRR']",68dc86a4-c45c-4ac3-b74c-d690e25c6c44,2024-02-29 10:20:00+00:00,2024-02-29 10:55:00+00:00,,,,,62844.5,True,
BACKTESTER-001,LRBStrategy-000,BTCUSDT-PERP.BINANCE,BINANCE-1-170,BTCUSDT-PERP.BINANCE-LRBStrategy-000,BINANCE-001,T-d1dc251480076b81-18674,MARKET,SELL,4.695,GTC,False,False,4.695,TAKER,63274.1,0.0,['207.95032965 USDT'],NO_TRIGGER,FILLED,OTO,OL-20240229-114000-001-000-57,"['O-20240229-114000-001-000-171', 'O-20240229-114000-001-000-172']",,,,,"['scenario=LRB-1709206560000000000-000326', 'family=SRR']",372e1336-4944-4538-94d8-474d0706e87a,2024-02-29 11:40:00+00:00,2024-02-29 11:40:00+00:00,,,,,,,
BACKTESTER-001,LRBStrategy-000,BTCUSDT-PERP.BINANCE,BINANCE-1-172,BTCUSDT-PERP.BINANCE-LRBStrategy-000,BINANCE-001,T-82eb4c04c603688f-18774,LIMIT,BUY,4.695,GTC,True,False,4.695,MAKER,62852.1,0.09999999999854481,['206.56342665 USDT'],NO_TRIGGER,FILLED,OUO,OL-20240229-114000-001-000-57,['O-20240229-114000-001-000-171'],O-20240229-114000-001-000-170,,,,"['scenario=LRB-1709206560000000000-000326', 'family=SRR']",1879ade1-9c39-411e-be8f-9b22a4160e4c,2024-02-29 11:40:00+00:00,2024-02-29 12:06:00+00:00,,,,,62852.0,True,
BACKTESTER-001,LRBStrategy-000,BTCUSDT-PERP.BINANCE,BINANCE-1-173,BTCUSDT-PERP.BINANCE-LRBStrategy-000,BINANCE-001,T-4d556d0193fb5b67-19498,MARKET,BUY,9.977,GTC,False,False,9.977,TAKER,62655.299999999996,0.0,['437.57834967 USDT'],NO_TRIGGER,FILLED,OTO,OL-20240229-151500-001-000-58,"['O-20240229-151500-001-000-174', 'O-20240229-151500-001-000-175']",,,,,"['scenario=LRB-1709219580000000000-000341', 'family=SRR']",7bf6a76f-acc4-4072-b776-4187f678e63c,2024-02-29 15:15:00+00:00,2024-02-29 15:15:00+00:00,,,,,,,
BACKTESTER-001,LRBStrategy-000,BTCUSDT-PERP.BINANCE,BINANCE-1-175,BTCUSDT-PERP.BINANCE-LRBStrategy-000,BINANCE-001,T-1f5fa09dc24d3c2d-19521,LIMIT,SELL,9.977,GTC,True,False,9.977,MAKER,63068.19999999999,0.10000000001309672,['440.46200198 USDT'],NO_TRIGGER,FILLED,OUO,OL-20240229-151500-001-000-58,['O-20240229-151500-001-000-174'],O-20240229-151500-001-000-173,,,,"['scenario=LRB-1709219580000000000-000341', 'family=SRR']",3cdbc825-fa19-437f-a81e-dbfe22f622a2,2024-02-29 15:15:00+00:00,2024-02-29 15:21:00+00:00,,,,,63068.3,True,
BACKTESTER-001,LRBStrategy-000,BTCUSDT-PERP.BINANCE,BINANCE-1-176,BTCUSDT-PERP.BINANCE-LRBStrategy-000,BINANCE-001,T-0affe7e5d69465f7-19615,MARKET,BUY,10.264,GTC,False,False,10.264,TAKER,63030.200000000004,0.0,['452.85938096 USDT'],NO_TRIGGER,FILLED,OTO,OL-20240229-154500-001-000-59,"['O-20240229-154500-001-000-177', 'O-20240229-154500-001-000-178']",,,,,"['scenario=LRB-1709221380000000000-000344', 'family=SRR']",964947a3-fc8b-4343-a3f4-9d9f5e4fd032,2024-02-29 15:45:00+00:00,2024-02-29 15:45:00+00:00,,,,,,,
BACKTESTER-001,LRBStrategy-000,BTCUSDT-PERP.BINANCE,BINANCE-1-177,BTCUSDT-PERP.BINANCE-LRBStrategy-000,BINANCE-001,T-da0689fbaf003337-19627,STOP_MARKET,SELL,10.264,GTC,True,False,10.264,TAKER,62974.8,0.09999999999126885,['452.46134304 USDT'],NO_TRIGGER,FILLED,OUO,OL-20240229-154500-001-000-59,['O-20240229-154500-001-000-178'],O-20240229-154500-001-000-176,,,,"['scenario=LRB-1709221380000000000-000344', 'family=SRR']",8a3f16f2-bc08-4e33-9653-eea0e7a9def5,2024-02-29 15:45:00+00:00,2024-02-29 15:48:00+00:00,62974.9,DEFAULT,,,,,
BACKTESTER-001,LRBStrategy-000,BTCUSDT-PERP.BINANCE,BINANCE-1-179,BTCUSDT-PERP.BINANCE-LRBStrategy-000,BINANCE-001,T-78406eafb2d48946-20067,MARKET,BUY,14.773,GTC,False,False,14.773,TAKER,61198.59999999999,0.0,['632.86084246 USDT'],NO_TRIGGER,FILLED,OTO,OL-20240229-174100-001-000-60,"['O-20240229-174100-001-000-180', 'O-20240229-174100-001-000-181']",,,,,"['scenario=LRB-1709228340000000000-000354', 'family=SRR']",7c7c7ec4-5d03-4637-9c6a-6975bba7f5ef,2024-02-29 17:41:00+00:00,2024-02-29 17:41:00+00:00,,,,,,,
BACKTESTER-001,LRBStrategy-000,BTCUSDT-PERP.BINANCE,BINANCE-1-180,BTCUSDT-PERP.BINANCE-LRBStrategy-000,BINANCE-001,T-a9bd54b679608d70-20071,STOP_MARKET,SELL,14.773,GTC,True,False,14.773,TAKER,61187.5,0.09999999999854481,['632.74605625 USDT'],NO_TRIGGER,FILLED,OUO,OL-20240229-174100-001-000-60,['O-20240229-174100-001-000-181'],O-20240229-174100-001-000-179,,,,"['scenario=LRB-1709228340000000000-000354', 'family=SRR']",f73ae9ff-deed-45f1-b7cf-7a3523202c31,2024-02-29 17:41:00+00:00,2024-02-29 17:42:00+00:00,61187.6,DEFAULT,,,,,
BACKTESTER-001,LRBStrategy-000,BTCUSDT-PERP.BINANCE,BINANCE-1-182,BTCUSDT-PERP.BINANCE-LRBStrategy-000,BINANCE-001,T-f3bcae05d87f08ef-20124,MARKET,BUY,3.656,GTC,False,False,3.656,TAKER,60906.5,0.0,['155.87191480 USDT'],NO_TRIGGER,FILLED,OTO,OL-20240229-175500-001-000-61,"['O-20240229-175500-001-000-183', 'O-20240229-175500-001-000-184']",,,,,"['scenario=LRB-1709229060000000000-000355', 'family=SRR']",cc1debfd-4392-4b23-85ad-233511d1c6fb,2024-02-29 17:55:00+00:00,2024-02-29 17:55:00+00:00,,,,,,,
BACKTESTER-001,LRBStrategy-000,BTCUSDT-PERP.BINANCE,BINANCE-1-183,BTCUSDT-PERP.BINANCE-LRBStrategy-000,BINANCE-001,T-81417aeea2ad3dd7-20341,STOP_MARKET,SELL,3.656,GTC,True,False,3.656,TAKER,60612.3,0.09999999999854481,['155.11899816 USDT'],NO_TRIGGER,FILLED,OUO,OL-20240229-175500-001-000-61,['O-20240229-175500-001-000-184'],O-20240229-175500-001-000-182,,,,"['scenario=LRB-1709229060000000000-000355', 'family=SRR']",19bf718e-c18d-47cd-ac04-11a87093efd3,2024-02-29 17:55:00+00:00,2024-02-29 18:51:00+00:00,60612.4,DEFAULT,,,,,
BACKTESTER-001,LRBStrategy-000,BTCUSDT-PERP.BINANCE,BINANCE-1-185,BTCUSDT-PERP.BINANCE-LRBStrategy-000,BINANCE-001,T-e9261dd2ba564e14-20627,MARKET,SELL,6.503,GTC,False,False,6.503,TAKER,61649.799999999996,0.0,['280.63605458 USDT'],NO_TRIGGER,FILLED,OTO,OL-20240229-200500-001-000-62,"['O-20240229-200500-001-000-186', 'O-20240229-200500-001-000-187']",,,,,"['scenario=LRB-1709236980000000000-000361', 'family=SRR']",be332fd3-229c-4325-978c-222bad2da4af,2024-02-29 20:05:00+00:00,2024-02-29 20:05:00+00:00,,,,,,,
BACKTESTER-001,LRBStrategy-000,BTCUSDT-PERP.BINANCE,BINANCE-1-186,BTCUSDT-PERP.BINANCE-LRBStrategy-000,BINANCE-001,T-53e389ed1f6e9b7e-20635,STOP_MARKET,BUY,6.503,GTC,True,False,6.503,TAKER,61770.3,0.09999999999854481,['281.18458263 USDT'],NO_TRIGGER,FILLED,OUO,OL-20240229-200500-001-000-62,['O-20240229-200500-001-000-187'],O-20240229-200500-001-000-185,,,,"['scenario=LRB-1709236980000000000-000361', 'family=SRR']",aae9a6ca-055b-4ee2-8949-06335bf3b225,2024-02-29 20:05:00+00:00,2024-02-29 20:07:00+00:00,61770.2,DEFAULT,,,,,
BACKTESTER-001,LRBStrategy-000,BTCUSDT-PERP.BINANCE,BINANCE-1-188,BTCUSDT-PERP.BINANCE-LRBStrategy-000,BINANCE-001,T-e3eafc23df3223c4-20691,MARKET,SELL,7.337,GTC,False,False,7.337,TAKER,62021.40000000001,0.0,['318.53570826 USDT'],NO_TRIGGER,FILLED,OTO,OL-20240229-202100-001-000-63,"['O-20240229-202100-001-000-189', 'O-20240229-202100-001-000-190']",,,,,"['scenario=LRB-1709237940000000000-000363', 'family=SRR']",466ffca4-d79c-4f83-9f77-70c53aa5276c,2024-02-29 20:21:00+00:00,2024-02-29 20:21:00+00:00,,,,,,,
BACKTESTER-001,LRBStrategy-000,BTCUSDT-PERP.BINANCE,BINANCE-1-189,BTCUSDT-PERP.BINANCE-LRBStrategy-000,BINANCE-001,T-cbcae528f354e127-20699,STOP_MARKET,BUY,7.337,GTC,True,False,7.337,TAKER,62112.4,0.09999999999854481,['319.00307516 USDT'],NO_TRIGGER,FILLED,OUO,OL-20240229-202100-001-000-63,['O-20240229-202100-001-000-190'],O-20240229-202100-001-000-188,,,,"['scenario=LRB-1709237940000000000-000363', 'family=SRR']",47239549-9c06-4970-9d63-77a93707d631,2024-02-29 20:21:00+00:00,2024-02-29 20:23:00+00:00,62112.3,DEFAULT,,,,,
BACKTESTER-001,LRBStrategy-000,BTCUSDT-PERP.BINANCE,BINANCE-1-191,BTCUSDT-PERP.BINANCE-LRBStrategy-000,BINANCE-001,T-4615625bc91ae496-21169,MARKET,BUY,3.668,GTC,False,False,3.668,TAKER,61232.5,0.0,['157.22056700 USDT'],NO_TRIGGER,FILLED,OTO,OL-20240229-222400-001-000-64,"['O-20240229-222400-001-000-192', 'O-20240229-222400-001-000-193']",,,,,"['scenario=LRB-1709245260000000000-000371', 'family=SRR']",7ab46b01-d3cc-46e6-b18f-448c0f480555,2024-02-29 22:24:00+00:00,2024-02-29 22:24:00+00:00,,,,,,,
BACKTESTER-001,LRBStrategy-000,BTCUSDT-PERP.BINANCE,BINANCE-1-192,BTCUSDT-PERP.BINANCE-LRBStrategy-000,BINANCE-001,T-ef26e7d311e309b3-21227,STOP_MARKET,SELL,3.668,GTC,True,False,3.668,TAKER,60972.99999999999,0.10000000001309672,['156.55427480 USDT'],NO_TRIGGER,FILLED,OUO,OL-20240229-222400-001-000-64,['O-20240229-222400-001-000-193'],O-20240229-222400-001-000-191,,,,"['scenario=LRB-1709245260000000000-000371', 'family=SRR']",a4961f60-3bf8-46d6-bcdc-b6861090c655,2024-02-29 22:24:00+00:00,2024-02-29 22:39:00+00:00,60973.1,DEFAULT,,,,,
BACKTESTER-001,LRBStrategy-000,BTCUSDT-PERP.BINANCE,BINANCE-1-194,BTCUSDT-PERP.BINANCE-LRBStrategy-000,BINANCE-001,T-4fe8600e4f1ec355-21236,MARKET,BUY,6.605,GTC,False,False,6.605,TAKER,61032.8,0.0,['282.18515080 USDT'],NO_TRIGGER,FILLED,OTO,OL-20240229-224100-001-000-65,"['O-20240229-224100-001-000-195', 'O-20240229-224100-001-000-196']",,,,,"['scenario=LRB-1709246340000000000-000372', 'family=SRR']",54447721-6a90-4c7a-94f7-b65077ec1c87,2024-02-29 22:41:00+00:00,2024-02-29 22:41:00+00:00,,,,,,,
BACKTESTER-001,LRBStrategy-000,BTCUSDT-PERP.BINANCE,BINANCE-1-195,BTCUSDT-PERP.BINANCE-LRBStrategy-000,BINANCE-001,T-ac1da6048af0fe1b-21242,STOP_MARKET,SELL,6.605,GTC,True,False,6.605,TAKER,60932.3,0.09999999999854481,['281.72048905 USDT'],NO_TRIGGER,FILLED,OUO,OL-20240229-224100-001-000-65,['O-20240229-224100-001-000-196'],O-20240229-224100-001-000-194,,,,"['scenario=LRB-1709246340000000000-000372', 'family=SRR']",b8ca71cf-c537-46ed-bc2a-fff00f12bf53,2024-02-29 22:41:00+00:00,2024-02-29 22:43:00+00:00,60932.4,DEFAULT,,,,,
BACKTESTER-001,LRBStrategy-000,BTCUSDT-PERP.BINANCE,BINANCE-1-197,BTCUSDT-PERP.BINANCE-LRBStrategy-000,BINANCE-001,T-8177357f014860b6-21315,MARKET,SELL,11.944,GTC,False,False,11.944,TAKER,61362.899999999994,0.0,['513.04293432 USDT'],NO_TRIGGER,FILLED,OTO,OL-20240229-230300-001-000-66,"['O-20240229-230300-001-000-198', 'O-20240229-230300-001-000-199']",,,,,"['scenario=LRB-1709247660000000000-000374', 'family=SRR']",c96cdba1-30c2-496e-9df7-fb15da4097c8,2024-02-29 23:03:00+00:00,2024-02-29 23:03:00+00:00,,,,,,,
BACKTESTER-001,LRBStrategy-000,BTCUSDT-PERP.BINANCE,BINANCE-1-198,BTCUSDT-PERP.BINANCE-LRBStrategy-000,BINANCE-001,T-7331a4237d172aa3-21318,STOP_MARKET,BUY,11.944,GTC,True,False,11.944,TAKER,61376.700000000004,0.09999999999854481,['513.15831336 USDT'],NO_TRIGGER,FILLED,OUO,OL-20240229-230300-001-000-66,['O-20240229-230300-001-000-199'],O-20240229-230300-001-000-197,,,,"['scenario=LRB-1709247660000000000-000374', 'family=SRR']",25736c5a-de78-491c-834b-401a039c4ca0,2024-02-29 23:03:00+00:00,2024-02-29 23:04:00+00:00,61376.6,DEFAULT,,,,,
BACKTESTER-001,LRBStrategy-000,BTCUSDT-PERP.BINANCE,BINANCE-1-200,BTCUSDT-PERP.BINANCE-LRBStrategy-000,BINANCE-001,T-8269f695d3ed8dbb-21390,MARKET,SELL,8.553,GTC,False,False,8.553,TAKER,61440.600000000006,0.0,['367.85101626 USDT'],NO_TRIGGER,FILLED,OTO,OL-20240229-232300-001-000-67,"['O-20240229-232300-001-000-201', 'O-20240229-232300-001-000-202']",,,,,"['scenario=LRB-1709248860000000000-000376', 'family=SRR']",907e3d21-e0fe-405f-832a-1508b599caea,2024-02-29 23:23:00+00:00,2024-02-29 23:23:00+00:00,,,,,,,
BACKTESTER-001,LRBStrategy-000,BTCUSDT-PERP.BINANCE,BINANCE-1-201,BTCUSDT-PERP.BINANCE-LRBStrategy-000,BINANCE-001,T-1388011e3e8d1f7b-21397,STOP_MARKET,BUY,8.553,GTC,True,False,8.553,TAKER,61489.6,0.09999999999854481,['368.14438416 USDT'],NO_TRIGGER,FILLED,OUO,OL-20240229-232300-001-000-67,['O-20240229-232300-001-000-202'],O-20240229-232300-001-000-200,,,,"['scenario=LRB-1709248860000000000-000376', 'family=SRR']",1825246a-9069-4f8e-b6ce-6ebb4034e526,2024-02-29 23:23:00+00:00,2024-02-29 23:25:00+00:00,61489.5,DEFAULT,,,,,
BACKTESTER-001,LRBStrategy-000,BTCUSDT-PERP.BINANCE,BINANCE-1-203,BTCUSDT-PERP.BINANCE-LRBStrategy-000,BINANCE-001,T-90a3d67d20393014-22382,MARKET,SELL,10.257,GTC,False,False,10.257,TAKER,61283.9,0.0,['440.01227361 USDT'],NO_TRIGGER,FILLED,OTO,OL-20240301-035300-001-000-68,"['O-20240301-035300-001-000-204', 'O-20240301-035300-001-000-205']",,,,,"['scenario=LRB-1709265060000000000-000390', 'family=SRR']",96e6b3fe-5729-4737-a8e6-7add03c96ba6,2024-03-01 03:53:00+00:00,2024-03-01 03:53:00+00:00,,,,,,,
BACKTESTER-001,LRBStrategy-000,BTCUSDT-PERP.BINANCE,BINANCE-1-204,BTCUSDT-PERP.BINANCE-LRBStrategy-000,BINANCE-001,T-f0ef461192673546-22385,STOP_MARKET,BUY,10.257,GTC,True,False,10.257,TAKER,61307.299999999996,0.09999999999854481,['440.18028327 USDT'],NO_TRIGGER,FILLED,OUO,OL-20240301-035300-001-000-68,['O-20240301-035300-001-000-205'],O-20240301-035300-001-000-203,,,,"['scenario=LRB-1709265060000000000-000390', 'family=SRR']",39b381de-b633-42ad-8a7c-0efa1b485d44,2024-03-01 03:53:00+00:00,2024-03-01 03:54:00+00:00,61307.2,DEFAULT,,,,,
BACKTESTER-001,LRBStrategy-000,BTCUSDT-PERP.BINANCE,BINANCE-1-206,BTCUSDT-PERP.BINANCE-LRBStrategy-000,BINANCE-001,T-c51ba06a988bb877-22614,MARKET,SELL,10.479,GTC,False,False,10.479,TAKER,61513.40000000001,0.0,['451.21924302 USDT'],NO_TRIGGER,FILLED,OTO,OL-20240301-045500-001-000-69,"['O-20240301-045500-001-000-207', 'O-20240301-045500-001-000-208']",,,,,"['scenario=LRB-1709268780000000000-000393', 'family=SRR']",fe2490a6-8e73-4114-9396-91e22adba658,2024-03-01 04:55:00+00:00,2024-03-01 04:55:00+00:00,,,,,,,
BACKTESTER-001,LRBStrategy-000,BTCUSDT-PERP.BINANCE,BINANCE-1-207,BTCUSDT-PERP.BINANCE-LRBStrategy-000,BINANCE-001,T-6242214a657e2fb0-22618,STOP_MARKET,BUY,10.479,GTC,True,False,10.479,TAKER,61531.00000000001,0.10000000001309672,['451.34834430 USDT'],NO_TRIGGER,FILLED,OUO,OL-20240301-045500-001-000-69,['O-20240301-045500-001-000-208'],O-20240301-045500-001-000-206,,,,"['scenario=LRB-1709268780000000000-000393', 'family=SRR']",b3fb982a-f5fa-457b-977e-dd300dd2b430,2024-03-01 04:55:00+00:00,2024-03-01 04:56:00+00:00,61530.9,DEFAULT,,,,,
BACKTESTER-001,LRBStrategy-000,BTCUSDT-PERP.BINANCE,BINANCE-1-209,BTCUSDT-PERP.BINANCE-LRBStrategy-000,BINANCE-001,T-fe565bca917bbe2f-23210,MARKET,BUY,5.055,GTC,False,False,5.055,TAKER,61553.5,0.0,['217.80705975 USDT'],NO_TRIGGER,FILLED,OTO,OL-20240301-073900-001-000-70,"['O-20240301-073900-001-000-210', 'O-20240301-073900-001-000-211']",,,,,"['scenario=LRB-1709278620000000000-000405', 'family=SRR']",e1199755-74d4-4da6-855a-9e8ffc3db2c7,2024-03-01 07:39:00+00:00,2024-03-01 07:39:00+00:00,,,,,,,
BACKTESTER-001,LRBStrategy-000,BTCUSDT-PERP.BINANCE,BINANCE-1-210,BTCUSDT-PERP.BINANCE-LRBStrategy-000,BINANCE-001,T-8fd65fcc36a82fe2-23319,STOP_MARKET,SELL,5.055,GTC,True,False,5.055,TAKER,61431.00000000001,0.09999999999854481,['217.37359350 USDT'],NO_TRIGGER,FILLED,OUO,OL-20240301-073900-001-000-70,['O-20240301-073900-001-000-211'],O-20240301-073900-001-000-209,,,,"['scenario=LRB-1709278620000000000-000405', 'family=SRR']",4e143469-536b-43ae-8910-6961156f47f5,2024-03-01 07:39:00+00:00,2024-03-01 08:09:00+00:00,61431.1,DEFAULT,,,,,
BACKTESTER-001,LRBStrategy-000,BTCUSDT-PERP.BINANCE,BINANCE-1-212,BTCUSDT-PERP.BINANCE-LRBStrategy-000,BINANCE-001,T-44cd46cb9175adc3-23454,MARKET,SELL,5.025,GTC,False,False,5.025,TAKER,62221.9,0.0,['218.86553325 USDT'],NO_TRIGGER,FILLED,OTO,OL-20240301-084400-001-000-71,"['O-20240301-084400-001-000-213', 'O-20240301-084400-001-000-214']",,,,,"['scenario=LRB-1709282520000000000-000409', 'family=SRR']",2be98681-a8e9-4ca2-b7e0-8238101bf479,2024-03-01 08:44:00+00:00,2024-03-01 08:44:00+00:00,,,,,,,
BACKTESTER-001,LRBStrategy-000,BTCUSDT-PERP.BINANCE,BINANCE-1-215,BTCUSDT-PERP.BINANCE-LRBStrategy-000,BINANCE-001,T-60a8658576cc52bc-23787,MARKET,BUY,5.025,GTC,True,False,5.025,TAKER,62070.4,0.0,['218.33263200 USDT'],NO_TRIGGER,FILLED,NO_CONTINGENCY,,,,,,,,fd92030d-54b4-4083-8cbc-b3043c0fc558,2024-03-01 10:14:00+00:00,2024-03-01 10:14:00+00:00,,,,,,,
BACKTESTER-001,LRBStrategy-000,BTCUSDT-PERP.BINANCE,BINANCE-1-216,BTCUSDT-PERP.BINANCE-LRBStrategy-000,BINANCE-001,T-bf94fadd8a23b5f5-24268,MARKET,SELL,8.653,GTC,False,False,8.653,TAKER,62226.59999999999,0.0,['376.91273886 USDT'],NO_TRIGGER,FILLED,OTO,OL-20240301-122500-001-000-72,"['O-20240301-122500-001-000-217', 'O-20240301-122500-001-000-218']",,,,,"['scenario=LRB-1709295780000000000-000419', 'family=SRR']",fc08499d-1d4a-4656-8ecd-0ec3d71b0396,2024-03-01 12:25:00+00:00,2024-03-01 12:25:00+00:00,,,,,,,
BACKTESTER-001,LRBStrategy-000,BTCUSDT-PERP.BINANCE,BINANCE-1-217,BTCUSDT-PERP.BINANCE-LRBStrategy-000,BINANCE-001,T-69afce65b842188e-24304,STOP_MARKET,BUY,8.653,GTC,True,False,8.653,TAKER,62258.8,0.09999999999854481,['377.10777748 USDT'],NO_TRIGGER,FILLED,OUO,OL-20240301-122500-001-000-72,['O-20240301-122500-001-000-218'],O-20240301-122500-001-000-216,,,,"['scenario=LRB-1709295780000000000-000419', 'family=SRR']",3582d831-342d-4817-a0d7-392b164f2104,2024-03-01 12:25:00+00:00,2024-03-01 12:35:00+00:00,62258.7,DEFAULT,,,,,
BACKTESTER-001,LRBStrategy-000,BTCUSDT-PERP.BINANCE,BINANCE-1-219,BTCUSDT-PERP.BINANCE-LRBStrategy-000,BINANCE-001,T-10378287bf94ed47-24409,MARKET,BUY,4.984,GTC,False,False,4.984,TAKER,62325.100000000006,0.0,['217.43980888 USDT'],NO_TRIGGER,FILLED,OTO,OL-20240301-130200-001-000-73,"['O-20240301-130200-001-000-220', 'O-20240301-130200-001-000-221']",,,,,"['scenario=LRB-1709297940000000000-000422', 'family=SRR']",3bf754ae-7c37-455a-8e12-bd4a9c000ce2,2024-03-01 13:02:00+00:00,2024-03-01 13:02:00+00:00,,,,,,,
BACKTESTER-001,LRBStrategy-000,BTCUSDT-PERP.BINANCE,BINANCE-1-221,BTCUSDT-PERP.BINANCE-LRBStrategy-000,BINANCE-001,T-3c3c5dcaf216b820-24480,LIMIT,SELL,4.984,GTC,True,False,4.984,MAKER,62650.4,0.09999999999854481,['218.57471552 USDT'],NO_TRIGGER,FILLED,OUO,OL-20240301-130200-001-000-73,['O-20240301-130200-001-000-220'],O-20240301-130200-001-000-219,,,,"['scenario=LRB-1709297940000000000-000422', 'family=SRR']",a7303b23-17f7-46bd-a0b8-9de8bb1a4750,2024-03-01 13:02:00+00:00,2024-03-01 13:22:00+00:00,,,,,62650.5,True,
BACKTESTER-001,LRBStrategy-000,BTCUSDT-PERP.BINANCE,BINANCE-1-222,BTCUSDT-PERP.BINANCE-LRBStrategy-000,BINANCE-001,T-371af37eb5a52025-24493,MARKET,SELL,5.285,GTC,False,False,5.285,TAKER,62595.5,0.0,['231.57205225 USDT'],NO_TRIGGER,FILLED,OTO,OL-20240301-132500-001-000-74,"['O-20240301-132500-001-000-223', 'O-20240301-132500-001-000-224']",,,,,"['scenario=LRB-1709299320000000000-000423', 'family=SRR']",7e188958-9e02-44db-9a4b-68ae56a25ff8,2024-03-01 13:25:00+00:00,2024-03-01 13:25:00+00:00,,,,,,,
BACKTESTER-001,LRBStrategy-000,BTCUSDT-PERP.BINANCE,BINANCE-1-224,BTCUSDT-PERP.BINANCE-LRBStrategy-000,BINANCE-001,T-70ada518c7766a8e-24745,LIMIT,BUY,5.285,GTC,True,False,5.285,MAKER,62249.2,0.09999999999126885,['230.29091540 USDT'],NO_TRIGGER,FILLED,OUO,OL-20240301-132500-001-000-74,['O-20240301-132500-001-000-223'],O-20240301-132500-001-000-222,,,,"['scenario=LRB-1709299320000000000-000423', 'family=SRR']",1fdf580a-7313-424d-90ee-c52f0a3439ac,2024-03-01 13:25:00+00:00,2024-03-01 14:33:00+00:00,,,,,62249.1,True,
BACKTESTER-001,LRBStrategy-000,BTCUSDT-PERP.BINANCE,BINANCE-1-225,BTCUSDT-PERP.BINANCE-LRBStrategy-000,BINANCE-001,T-ec9301124959dea8-24932,MARKET,BUY,5.150,GTC,False,False,5.150,TAKER,61922.4,0.0,['223.23025200 USDT'],NO_TRIGGER,FILLED,OTO,OL-20240301-152200-001-000-75,"['O-20240301-152200-001-000-226', 'O-20240301-152200-001-000-227']",,,,,"['scenario=LRB-1709306280000000000-000428', 'family=SRR']",738ddf66-39a9-469a-b730-a99245b57609,2024-03-01 15:22:00+00:00,2024-03-01 15:22:00+00:00,,,,,,,
BACKTESTER-001,LRBStrategy-000,BTCUSDT-PERP.BINANCE,BINANCE-1-226,BTCUSDT-PERP.BINANCE-LRBStrategy-000,BINANCE-001,T-d8cd16154d8edba2-24978,STOP_MARKET,SELL,5.150,GTC,True,False,5.150,TAKER,61799.7,0.10000000001309672,['222.78791850 USDT'],NO_TRIGGER,FILLED,OUO,OL-20240301-152200-001-000-75,['O-20240301-152200-001-000-227'],O-20240301-152200-001-000-225,,,,"['scenario=LRB-1709306280000000000-000428', 'family=SRR']",06130c28-b904-43d5-9ad3-e0d520e6fd31,2024-03-01 15:22:00+00:00,2024-03-01 15:34:00+00:00,61799.8,DEFAULT,,,,,
BACKTESTER-001,LRBStrategy-000,BTCUSDT-PERP.BINANCE,BINANCE-1-228,BTCUSDT-PERP.BINANCE-LRBStrategy-000,BINANCE-001,T-ac8ce2a71d39ba93-25439,MARKET,SELL,5.740,GTC,False,False,5.740,TAKER,62056.5,0.0,['249.34301700 USDT'],NO_TRIGGER,FILLED,OTO,OL-20240301-173700-001-000-76,"['O-20240301-173700-001-000-229', 'O-20240301-173700-001-000-230']",,,,,"['scenario=LRB-1709314440000000000-000438', 'family=SRR']",a2e0c0e2-f53f-4dee-b39d-0ff8211f73e9,2024-03-01 17:37:00+00:00,2024-03-01 17:37:00+00:00,,,,,,,
BACKTESTER-001,LRBStrategy-000,BTCUSDT-PERP.BINANCE,BINANCE-1-229,BTCUSDT-PERP.BINANCE-LRBStrategy-000,BINANCE-001,T-fb998ded187c4d1c-25485,STOP_MARKET,BUY,5.740,GTC,True,False,5.740,TAKER,62151.7,0.09999999999854481,['249.72553060 USDT'],NO_TRIGGER,FILLED,OUO,OL-20240301-173700-001-000-76,['O-20240301-173700-001-000-230'],O-20240301-173700-001-000-228,,,,"['scenario=LRB-1709314440000000000-000438', 'family=SRR']",a1fa0255-a516-40d4-b676-8ccfd9b18b9a,2024-03-01 17:37:00+00:00,2024-03-01 17:49:00+00:00,62151.6,DEFAULT,,,,,
BACKTESTER-001,LRBStrategy-000,BTCUSDT-PERP.BINANCE,BINANCE-1-231,BTCUSDT-PERP.BINANCE-LRBStrategy-000,BINANCE-001,T-1ee31ecba3c36c94-25495,MARKET,SELL,4.111,GTC,False,False,4.111,TAKER,62018.59999999999,0.0,['178.47092522 USDT'],NO_TRIGGER,FILLED,OTO,OL-20240301-175100-001-000-77,"['O-20240301-175100-001-000-232', 'O-20240301-175100-001-000-233']",,,,,"['scenario=LRB-1709315340000000000-000439', 'family=SRR']",0cbeab0b-27d1-4ac6-88ea-a8fdcfcfca03,2024-03-01 17:51:00+00:00,2024-03-01 17:51:00+00:00,,,,,,,
BACKTESTER-001,LRBStrategy-000,BTCUSDT-PERP.BINANCE,BINANCE-1-232,BTCUSDT-PERP.BINANCE-LRBStrategy-000,BINANCE-001,T-be252d8c16475c07-25623,STOP_MARKET,BUY,4.111,GTC,True,False,4.111,TAKER,62178.4,0.09999999999854481,['178.93078168 USDT'],NO_TRIGGER,FILLED,OUO,OL-20240301-175100-001-000-77,['O-20240301-175100-001-000-233'],O-20240301-175100-001-000-231,,,,"['scenario=LRB-1709315340000000000-000439', 'family=SRR']",21957f05-5956-48a4-a07f-6f0ff4b00f56,2024-03-01 17:51:00+00:00,2024-03-01 18:25:00+00:00,62178.3,DEFAULT,,,,,
BACKTESTER-001,LRBStrategy-000,BTCUSDT-PERP.BINANCE,BINANCE-1-234,BTCUSDT-PERP.BINANCE-LRBStrategy-000,BINANCE-001,T-9c3017290ee2e993-25634,MARKET,SELL,8.156,GTC,False,False,8.156,TAKER,62161.799999999996,0.0,['354.89414856 USDT'],NO_TRIGGER,FILLED,OTO,OL-20240301-182700-001-000-78,"['O-20240301-182700-001-000-235', 'O-20240301-182700-001-000-236']",,,,,"['scenario=LRB-1709317500000000000-000440', 'family=SRR']",16c0db97-36a1-4541-a3df-023f49528420,2024-03-01 18:27:00+00:00,2024-03-01 18:27:00+00:00,,,,,,,
BACKTESTER-001,LRBStrategy-000,BTCUSDT-PERP.BINANCE,BINANCE-1-235,BTCUSDT-PERP.BINANCE-LRBStrategy-000,BINANCE-001,T-abcacb9b35f28a36-25637,STOP_MARKET,BUY,8.156,GTC,True,False,8.156,TAKER,62195.399999999994,0.09999999999854481,['355.08597768 USDT'],NO_TRIGGER,FILLED,OUO,OL-20240301-182700-001-000-78,['O-20240301-182700-001-000-236'],O-20240301-182700-001-000-234,,,,"['scenario=LRB-1709317500000000000-000440', 'family=SRR']",0f9a918c-b013-4361-ab34-c55aedb20c37,2024-03-01 18:27:00+00:00,2024-03-01 18:28:00+00:00,62195.3,DEFAULT,,,,,
BACKTESTER-001,LRBStrategy-000,BTCUSDT-PERP.BINANCE,BINANCE-1-237,BTCUSDT-PERP.BINANCE-LRBStrategy-000,BINANCE-001,T-988e14c00436a1d4-26001,MARKET,SELL,8.292,GTC,False,False,8.292,TAKER,62384.700000000004,0.0,['362.10575268 USDT'],NO_TRIGGER,FILLED,OTO,OL-20240301-200500-001-000-79,"['O-20240301-200500-001-000-238', 'O-20240301-200500-001-000-239']",,,,,"['scenario=LRB-1709323380000000000-000446', 'family=SRR']",b8a53c19-ab1d-46c2-8ef2-8bd12933fb80,2024-03-01 20:05:00+00:00,2024-03-01 20:05:00+00:00,,,,,,,
BACKTESTER-001,LRBStrategy-000,BTCUSDT-PERP.BINANCE,BINANCE-1-238,BTCUSDT-PERP.BINANCE-LRBStrategy-000,BINANCE-001,T-405693ce0eda1d34-26004,STOP_MARKET,BUY,8.292,GTC,True,False,8.292,TAKER,62412.4,0.09999999999854481,['362.26653456 USDT'],NO_TRIGGER,FILLED,OUO,OL-20240301-200500-001-000-79,['O-20240301-200500-001-000-239'],O-20240301-200500-001-000-237,,,,"['scenario=LRB-1709323380000000000-000446', 'family=SRR']",6ddf8558-aeb2-41cd-9659-004a4f71dcae,2024-03-01 20:05:00+00:00,2024-03-01 20:06:00+00:00,62412.3,DEFAULT,,,,,
BACKTESTER-001,LRBStrategy-000,BTCUSDT-PERP.BINANCE,BINANCE-1-240,BTCUSDT-PERP.BINANCE-LRBStrategy-000,BINANCE-001,T-9819941146512a10-26072,MARKET,SELL,9.833,GTC,False,False,9.833,TAKER,62447.5,0.0,['429.83238725 USDT'],NO_TRIGGER,FILLED,OTO,OL-20240301-202400-001-000-80,"['O-20240301-202400-001-000-241', 'O-20240301-202400-001-000-242']",,,,,"['scenario=LRB-1709324520000000000-000447', 'family=SRR']",1c6567ac-af19-4c5b-9e93-a127199d3ab3,2024-03-01 20:24:00+00:00,2024-03-01 20:24:00+00:00,,,,,,,
BACKTESTER-001,LRBStrategy-000,BTCUSDT-PERP.BINANCE,BINANCE-1-241,BTCUSDT-PERP.BINANCE-LRBStrategy-000,BINANCE-001,T-1726c09426613c50-26084,STOP_MARKET,BUY,9.833,GTC,True,False,9.833,TAKER,62454.200000000004,0.10000000000582077,['429.87850402 USDT'],NO_TRIGGER,FILLED,OUO,OL-20240301-202400-001-000-80,['O-20240301-202400-001-000-242'],O-20240301-202400-001-000-240,,,,"['scenario=LRB-1709324520000000000-000447', 'family=SRR']",54b5dcc0-1a57-4407-97bd-7fe7ac9ced32,2024-03-01 20:24:00+00:00,2024-03-01 20:27:00+00:00,62454.1,DEFAULT,,,,,
BACKTESTER-001,LRBStrategy-000,BTCUSDT-PERP.BINANCE,BINANCE-1-243,BTCUSDT-PERP.BINANCE-LRBStrategy-000,BINANCE-001,T-ae257c8c8f7da849-26383,MARKET,BUY,5.651,GTC,False,False,5.651,TAKER,62687.5,0.0,['247.97294375 USDT'],NO_TRIGGER,FILLED,OTO,OL-20240301-214500-001-000-81,"['O-20240301-214500-001-000-244', 'O-20240301-214500-001-000-245']",,,,,"['scenario=LRB-1709329320000000000-000452', 'family=SRR']",ac59b915-d41c-43f0-897a-6376e204fb4d,2024-03-01 21:45:00+00:00,2024-03-01 21:45:00+00:00,,,,,,,
BACKTESTER-001,LRBStrategy-000,BTCUSDT-PERP.BINANCE,BINANCE-1-244,BTCUSDT-PERP.BINANCE-LRBStrategy-000,BINANCE-001,T-0033b57701e8ae30-26394,STOP_MARKET,SELL,5.651,GTC,True,False,5.651,TAKER,62616.3,0.09999999999854481,['247.69129791 USDT'],NO_TRIGGER,FILLED,OUO,OL-20240301-214500-001-000-81,['O-20240301-214500-001-000-245'],O-20240301-214500-001-000-243,,,,"['scenario=LRB-1709329320000000000-000452', 'family=SRR']",60823679-9574-4f54-bade-d45e9f931bff,2024-03-01 21:45:00+00:00,2024-03-01 21:48:00+00:00,62616.4,DEFAULT,,,,,
BACKTESTER-001,LRBStrategy-000,BTCUSDT-PERP.BINANCE,BINANCE-1-246,BTCUSDT-PERP.BINANCE-LRBStrategy-000,BINANCE-001,T-ae73fa61ecb62e75-27007,MARKET,BUY,7.217,GTC,False,False,7.217,TAKER,62273.100000000006,0.0,['314.59747389 USDT'],NO_TRIGGER,FILLED,OTO,OL-20240302-004000-001-000-82,"['O-20240302-004000-001-000-247', 'O-20240302-004000-001-000-248']",,,,,"['scenario=LRB-1709339880000000000-000463', 'family=SRR']",464d860a-f965-438f-8950-0d6c3942f5c4,2024-03-02 00:40:00+00:00,2024-03-02 00:40:00+00:00,,,,,,,
BACKTESTER-001,LRBStrategy-000,BTCUSDT-PERP.BINANCE,BINANCE-1-247,BTCUSDT-PERP.BINANCE-LRBStrategy-000,BINANCE-001,T-6237c91bd2f3de1a-27019,STOP_MARKET,SELL,7.217,GTC,True,False,7.217,TAKER,62239.6,0.09999999999854481,['314.42823524 USDT'],NO_TRIGGER,FILLED,OUO,OL-20240302-004000-001-000-82,['O-20240302-004000-001-000-248'],O-20240302-004000-001-000-246,,,,"['scenario=LRB-1709339880000000000-000463', 'family=SRR']",caa469ad-45f0-4414-84ac-a26ad2dfb524,2024-03-02 00:40:00+00:00,2024-03-02 00:43:00+00:00,62239.7,DEFAULT,,,,,
BACKTESTER-001,LRBStrategy-000,BTCUSDT-PERP.BINANCE,BINANCE-1-249,BTCUSDT-PERP.BINANCE-LRBStrategy-000,BINANCE-001,T-582f7d93b375a6ef-27457,MARKET,BUY,7.211,GTC,False,False,7.211,TAKER,62093.9,0.0,['313.43137903 USDT'],NO_TRIGGER,FILLED,OTO,OL-20240302-024500-001-000-83,"['O-20240302-024500-001-000-250', 'O-20240302-024500-001-000-251']",,,,,"['scenario=LRB-1709347380000000000-000474', 'family=SRR']",76336fbb-6efc-48d7-9268-193d86596339,2024-03-02 02:45:00+00:00,2024-03-02 02:45:00+00:00,,,,,,,
BACKTESTER-001,LRBStrategy-000,BTCUSDT-PERP.BINANCE,BINANCE-1-250,BTCUSDT-PERP.BINANCE-LRBStrategy-000,BINANCE-001,T-a7520f5517c3fd3e-27464,STOP_MARKET,SELL,7.211,GTC,True,False,7.211,TAKER,62063.6,0.09999999999854481,['313.27843372 USDT'],NO_TRIGGER,FILLED,OUO,OL-20240302-024500-001-000-83,['O-20240302-024500-001-000-251'],O-20240302-024500-001-000-249,,,,"['scenario=LRB-1709347380000000000-000474', 'family=SRR']",2e253217-d2fb-4235-a147-a2b08eed79fa,2024-03-02 02:45:00+00:00,2024-03-02 02:47:00+00:00,62063.7,DEFAULT,,,,,
BACKTESTER-001,LRBStrategy-000,BTCUSDT-PERP.BINANCE,BINANCE-1-252,BTCUSDT-PERP.BINANCE-LRBStrategy-000,BINANCE-001,T-2ff33861f02c1252-27584,MARKET,BUY,5.846,GTC,False,False,5.846,TAKER,62136.99999999999,0.0,['254.27703140 USDT'],NO_TRIGGER,FILLED,OTO,OL-20240302-032000-001-000-84,"['O-20240302-032000-001-000-253', 'O-20240302-032000-001-000-254']",,,,,"['scenario=LRB-1709349480000000000-000476', 'family=SRR']",3433e7af-6088-4128-872c-3fadc7c17a9c,2024-03-02 03:20:00+00:00,2024-03-02 03:20:00+00:00,,,,,,,
BACKTESTER-001,LRBStrategy-000,BTCUSDT-PERP.BINANCE,BINANCE-1-254,BTCUSDT-PERP.BINANCE-LRBStrategy-000,BINANCE-001,T-c48fe6a7ede74a06-27632,LIMIT,SELL,5.846,GTC,True,False,5.846,MAKER,62329.9,0.09999999999854481,['255.06641678 USDT'],NO_TRIGGER,FILLED,OUO,OL-20240302-032000-001-000-84,['O-20240302-032000-001-000-253'],O-20240302-032000-001-000-252,,,,"['scenario=LRB-1709349480000000000-000476', 'family=SRR']",818dc675-159d-42bc-89ff-b840ad0a8f0b,2024-03-02 03:20:00+00:00,2024-03-02 03:34:00+00:00,,,,,62330.0,True,
BACKTESTER-001,LRBStrategy-000,BTCUSDT-PERP.BINANCE,BINANCE-1-255,BTCUSDT-PERP.BINANCE-LRBStrategy-000,BINANCE-001,T-c29a5d279de720dc-27921,MARKET,BUY,7.488,GTC,False,False,7.488,TAKER,62187.299999999996,0.0,['325.96095168 USDT'],NO_TRIGGER,FILLED,OTO,OL-20240302-045400-001-000-85,"['O-20240302-045400-001-000-256', 'O-20240302-045400-001-000-257']",,,,,"['scenario=LRB-1709355120000000000-000482', 'family=SRR']",b62bfeca-7048-4bb9-af6a-de2d0a560ffd,2024-03-02 04:54:00+00:00,2024-03-02 04:54:00+00:00,,,,,,,
BACKTESTER-001,LRBStrategy-000,BTCUSDT-PERP.BINANCE,BINANCE-1-256,BTCUSDT-PERP.BINANCE-LRBStrategy-000,BINANCE-001,T-bbc14e1b799085c7-27924,STOP_MARKET,SELL,7.488,GTC,True,False,7.488,TAKER,62162.4,0.09999999999854481,['325.83043584 USDT'],NO_TRIGGER,FILLED,OUO,OL-20240302-045400-001-000-85,['O-20240302-045400-001-000-257'],O-20240302-045400-001-000-255,,,,"['scenario=LRB-1709355120000000000-000482', 'family=SRR']",ccbac889-68a9-47c2-b601-82a0d78724ec,2024-03-02 04:54:00+00:00,2024-03-02 04:55:00+00:00,62162.5,DEFAULT,,,,,
BACKTESTER-001,LRBStrategy-000,BTCUSDT-PERP.BINANCE,BINANCE-1-258,BTCUSDT-PERP.BINANCE-LRBStrategy-000,BINANCE-001,T-433603043a267d49-28261,MARKET,SELL,8.107,GTC,False,False,8.107,TAKER,62326.899999999994,0.0,['353.69892481 USDT'],NO_TRIGGER,FILLED,OTO,OL-20240302-063000-001-000-86,"['O-20240302-063000-001-000-259', 'O-20240302-063000-001-000-260']",,,,,"['scenario=LRB-1709360880000000000-000490', 'family=SRR']",d2a55660-2261-4566-84dd-d4cecf0af452,2024-03-02 06:30:00+00:00,2024-03-02 06:30:00+00:00,,,,,,,
BACKTESTER-001,LRBStrategy-000,BTCUSDT-PERP.BINANCE,BINANCE-1-260,BTCUSDT-PERP.BINANCE-LRBStrategy-000,BINANCE-001,T-b5dade01b7b2e6ab-28368,LIMIT,BUY,8.107,GTC,True,False,8.107,MAKER,62031.80000000001,0.10000000001309672,['352.02426182 USDT'],NO_TRIGGER,FILLED,OUO,OL-20240302-063000-001-000-86,['O-20240302-063000-001-000-259'],O-20240302-063000-001-000-258,,,,"['scenario=LRB-1709360880000000000-000490', 'family=SRR']",84a3376d-09a8-4556-a3b9-103720442b05,2024-03-02 06:30:00+00:00,2024-03-02 07:00:00+00:00,,,,,62031.7,True,
BACKTESTER-001,LRBStrategy-000,BTCUSDT-PERP.BINANCE,BINANCE-1-261,BTCUSDT-PERP.BINANCE-LRBStrategy-000,BINANCE-001,T-368f800d485f9369-28404,MARKET,BUY,4.946,GTC,False,False,4.946,TAKER,61988.19999999999,0.0,['214.61554604 USDT'],NO_TRIGGER,FILLED,OTO,OL-20240302-070900-001-000-87,"['O-20240302-070900-001-000-262', 'O-20240302-070900-001-000-263']",,,,,"['scenario=LRB-1709363160000000000-000492', 'family=SRR']",773497a2-1878-41e8-8a65-64f21a2a7b34,2024-03-02 07:09:00+00:00,2024-03-02 07:09:00+00:00,,,,,,,
BACKTESTER-001,LRBStrategy-000,BTCUSDT-PERP.BINANCE,BINANCE-1-262,BTCUSDT-PERP.BINANCE-LRBStrategy-000,BINANCE-001,T-28b69b66d20c12de-28411,STOP_MARKET,SELL,4.946,GTC,True,False,4.946,TAKER,61900.3,0.09999999999854481,['214.31121866 USDT'],NO_TRIGGER,FILLED,OUO,OL-20240302-070900-001-000-87,['O-20240302-070900-001-000-263'],O-20240302-070900-001-000-261,,,,"['scenario=LRB-1709363160000000000-000492', 'family=SRR']",fbe0df48-2cf9-4e2d-aaf4-46bb86a9dd09,2024-03-02 07:09:00+00:00,2024-03-02 07:11:00+00:00,61900.4,DEFAULT,,,,,
BACKTESTER-001,LRBStrategy-000,BTCUSDT-PERP.BINANCE,BINANCE-1-264,BTCUSDT-PERP.BINANCE-LRBStrategy-000,BINANCE-001,T-6d1529449b55bb36-28805,MARKET,BUY,8.187,GTC,False,False,8.187,TAKER,62026.92373274704,0.0,['355.47009722 USDT'],NO_TRIGGER,FILLED,OTO,OL-20240302-090000-001-000-88,"['O-20240302-090000-001-000-265', 'O-20240302-090000-001-000-266']",,,,,"['scenario=LRB-1709369880000000000-000499', 'family=SRR']",37057035-3f73-4518-9690-0e3a2f5c8db3,2024-03-02 09:00:00+00:00,2024-03-02 09:00:00+00:00,,,,,,,
BACKTESTER-001,LRBStrategy-000,BTCUSDT-PERP.BINANCE,BINANCE-1-265,BTCUSDT-PERP.BINANCE-LRBStrategy-000,BINANCE-001,T-fbfa014d4f1e1d98-28816,STOP_MARKET,SELL,8.187,GTC,True,False,8.187,TAKER,62011.399999999994,0.10000000000582077,['355.38113226 USDT'],NO_TRIGGER,FILLED,OUO,OL-20240302-090000-001-000-88,['O-20240302-090000-001-000-266'],O-20240302-090000-001-000-264,,,,"['scenario=LRB-1709369880000000000-000499', 'family=SRR']",a33e8c88-62c6-45bf-b49e-1113f4eef620,2024-03-02 09:00:00+00:00,2024-03-02 09:03:00+00:00,62011.5,DEFAULT,,,,,
BACKTESTER-001,LRBStrategy-000,BTCUSDT-PERP.BINANCE,BINANCE-1-267,BTCUSDT-PERP.BINANCE-LRBStrategy-000,BINANCE-001,T-f6cf13f641df7b43-28828,MARKET,BUY,5.955,GTC,False,False,5.955,TAKER,62008.700000000004,0.0,['258.48326595 USDT'],NO_TRIGGER,FILLED,OTO,OL-20240302-090600-001-000-89,"['O-20240302-090600-001-000-268', 'O-20240302-090600-001-000-269']",,,,,"['scenario=LRB-1709370240000000000-000500', 'family=SRR']",04672d64-63d3-4405-940d-b676fc07aa08,2024-03-02 09:06:00+00:00,2024-03-02 09:06:00+00:00,,,,,,,
BACKTESTER-001,LRBStrategy-000,BTCUSDT-PERP.BINANCE,BINANCE-1-268,BTCUSDT-PERP.BINANCE-LRBStrategy-000,BINANCE-001,T-8a383a58d3323fe0-28867,STOP_MARKET,SELL,5.955,GTC,True,False,5.955,TAKER,61959.00000000001,0.09999999999854481,['258.27609150 USDT'],NO_TRIGGER,FILLED,OUO,OL-20240302-090600-001-000-89,['O-20240302-090600-001-000-269'],O-20240302-090600-001-000-267,,,,"['scenario=LRB-1709370240000000000-000500', 'family=SRR']",e87baed6-7995-4999-9e7b-33f0d36d0807,2024-03-02 09:06:00+00:00,2024-03-02 09:17:00+00:00,61959.1,DEFAULT,,,,,
BACKTESTER-001,LRBStrategy-000,BTCUSDT-PERP.BINANCE,BINANCE-1-270,BTCUSDT-PERP.BINANCE-LRBStrategy-000,BINANCE-001,T-fd02b7acc8a6aa96-29630,MARKET,SELL,6.846,GTC,False,False,6.846,TAKER,62196.700000000004,0.0,['298.05902574 USDT'],NO_TRIGGER,FILLED,OTO,OL-20240302-125100-001-000-90,"['O-20240302-125100-001-000-271', 'O-20240302-125100-001-000-272']",,,,,"['scenario=LRB-1709383680000000000-000517', 'family=SRR']",38772c6c-ae4c-48d0-900e-b0dfc6e76bc9,2024-03-02 12:51:00+00:00,2024-03-02 12:51:00+00:00,,,,,,,
BACKTESTER-001,LRBStrategy-000,BTCUSDT-PERP.BINANCE,BINANCE-1-272,BTCUSDT-PERP.BINANCE-LRBStrategy-000,BINANCE-001,T-1997f8c58763a3d5-29701,LIMIT,BUY,6.846,GTC,True,False,6.846,MAKER,62002.1,0.09999999999854481,['297.12646362 USDT'],NO_TRIGGER,FILLED,OUO,OL-20240302-125100-001-000-90,['O-20240302-125100-001-000-271'],O-20240302-125100-001-000-270,,,,"['scenario=LRB-1709383680000000000-000517', 'family=SRR']",510a23d6-0892-4b4f-98bd-caff2e51427a,2024-03-02 12:51:00+00:00,2024-03-02 13:11:00+00:00,,,,,62002.0,True,
BACKTESTER-001,LRBStrategy-000,BTCUSDT-PERP.BINANCE,BINANCE-1-273,BTCUSDT-PERP.BINANCE-LRBStrategy-000,BINANCE-001,T-43b097c79ea3705d-30439,MARKET,BUY,8.431,GTC,False,False,8.431,TAKER,61772.0,0.0,['364.55981240 USDT'],NO_TRIGGER,FILLED,OTO,OL-20240302-163700-001-000-91,"['O-20240302-163700-001-000-274', 'O-20240302-163700-001-000-275']",,,,,"['scenario=LRB-1709397240000000000-000532', 'family=SRR']",a22c3cce-88b9-4663-8455-70b41b635126,2024-03-02 16:37:00+00:00,2024-03-02 16:37:00+00:00,,,,,,,
BACKTESTER-001,LRBStrategy-000,BTCUSDT-PERP.BINANCE,BINANCE-1-274,BTCUSDT-PERP.BINANCE-LRBStrategy-000,BINANCE-001,T-a6d329499bac3fc3-30443,STOP_MARKET,SELL,8.431,GTC,True,False,8.431,TAKER,61762.4,0.09999999999854481,['364.50315608 USDT'],NO_TRIGGER,FILLED,OUO,OL-20240302-163700-001-000-91,['O-20240302-163700-001-000-275'],O-20240302-163700-001-000-273,,,,"['scenario=LRB-1709397240000000000-000532', 'family=SRR']",57188ddf-68bf-4588-8cf8-9d65a605206e,2024-03-02 16:37:00+00:00,2024-03-02 16:38:00+00:00,61762.5,DEFAULT,,,,,
BACKTESTER-001,LRBStrategy-000,BTCUSDT-PERP.BINANCE,BINANCE-1-276,BTCUSDT-PERP.BINANCE-LRBStrategy-000,BINANCE-001,T-c0f202c2e199f351-30650,MARKET,SELL,8.887,GTC,False,False,8.887,TAKER,61986.4,0.0,['385.61119576 USDT'],NO_TRIGGER,FILLED,OTO,OL-20240302-173700-001-000-92,"['O-20240302-173700-001-000-277', 'O-20240302-173700-001-000-278']",,,,,"['scenario=LRB-1709400780000000000-000537', 'family=SRR']",77ce559a-d046-460f-93f7-193da36529c4,2024-03-02 17:37:00+00:00,2024-03-02 17:37:00+00:00,,,,,,,
BACKTESTER-001,LRBStrategy-000,BTCUSDT-PERP.BINANCE,BINANCE-1-277,BTCUSDT-PERP.BINANCE-LRBStrategy-000,BINANCE-001,T-99588f7b94a03ee1-30653,STOP_MARKET,BUY,8.887,GTC,True,False,8.887,TAKER,61988.1,0.09999999999854481,['385.62177129 USDT'],NO_TRIGGER,FILLED,OUO,OL-20240302-173700-001-000-92,['O-20240302-173700-001-000-278'],O-20240302-173700-001-000-276,,,,"['scenario=LRB-1709400780000000000-000537', 'family=SRR']",e9499885-3324-4d51-91b1-4b58abd5d217,2024-03-02 17:37:00+00:00,2024-03-02 17:38:00+00:00,61988.0,DEFAULT,,,,,
BACKTESTER-001,LRBStrategy-000,BTCUSDT-PERP.BINANCE,BINANCE-1-279,BTCUSDT-PERP.BINANCE-LRBStrategy-000,BINANCE-001,T-734b2a29b171a3e9-31488,MARKET,BUY,7.601,GTC,False,False,7.601,TAKER,61929.91877384554,0.0,['329.51051882 USDT'],NO_TRIGGER,FILLED,OTO,OL-20240302-214000-001-000-93,"['O-20240302-214000-001-000-280', 'O-20240302-214000-001-000-281']",,,,,"['scenario=LRB-1709415480000000000-000554', 'family=SRR']",86b1ee48-fa9b-49b6-86df-c75a6e1a08e6,2024-03-02 21:40:00+00:00,2024-03-02 21:40:00+00:00,,,,,,,
BACKTESTER-001,LRBStrategy-000,BTCUSDT-PERP.BINANCE,BINANCE-1-280,BTCUSDT-PERP.BINANCE-LRBStrategy-000,BINANCE-001,T-3d46afac902a7d6f-31491,STOP_MARKET,SELL,7.601,GTC,True,False,7.601,TAKER,61916.3,0.09999999999854481,['329.43805741 USDT'],NO_TRIGGER,FILLED,OUO,OL-20240302-214000-001-000-93,['O-20240302-214000-001-000-281'],O-20240302-214000-001-000-279,,,,"['scenario=LRB-1709415480000000000-000554', 'family=SRR']",95cb3add-edca-4b67-820e-15e78917639a,2024-03-02 21:40:00+00:00,2024-03-02 21:41:00+00:00,61916.4,DEFAULT,,,,,
BACKTESTER-001,LRBStrategy-000,BTCUSDT-PERP.BINANCE,BINANCE-1-282,BTCUSDT-PERP.BINANCE-LRBStrategy-000,BINANCE-001,T-8aa38bda4692f621-32516,MARKET,SELL,7.631,GTC,False,False,7.631,TAKER,61857.2,0.0,['330.42260524 USDT'],NO_TRIGGER,FILLED,OTO,OL-20240303-024800-001-000-94,"['O-20240303-024800-001-000-283', 'O-20240303-024800-001-000-284']",,,,,"['scenario=LRB-1709433960000000000-000581', 'family=SRR']",5c7cefdd-d936-4173-9620-983ca9d4fa68,2024-03-03 02:48:00+00:00,2024-03-03 02:48:00+00:00,,,,,,,
BACKTESTER-001,LRBStrategy-000,BTCUSDT-PERP.BINANCE,BINANCE-1-283,BTCUSDT-PERP.BINANCE-LRBStrategy-000,BINANCE-001,T-8c7aeddc831f7098-32554,STOP_MARKET,BUY,7.631,GTC,True,False,7.631,TAKER,61867.513720351206,0.11372035121166846,['330.47769804 USDT'],NO_TRIGGER,FILLED,OUO,OL-20240303-024800-001-000-94,['O-20240303-024800-001-000-284'],O-20240303-024800-001-000-282,,,,"['scenario=LRB-1709433960000000000-000581', 'family=SRR']",62f70c49-9325-42f4-a8e4-4c7abfc0ff05,2024-03-03 02:48:00+00:00,2024-03-03 02:59:00+00:00,61867.4,DEFAULT,,,,,
BACKTESTER-001,LRBStrategy-000,BTCUSDT-PERP.BINANCE,BINANCE-1-285,BTCUSDT-PERP.BINANCE-LRBStrategy-000,BINANCE-001,T-c3d96c5efb92a391-33611,MARKET,BUY,5.078,GTC,False,False,5.078,TAKER,61563.299999999996,0.0,['218.83290618 USDT'],NO_TRIGGER,FILLED,OTO,OL-20240303-080800-001-000-95,"['O-20240303-080800-001-000-286', 'O-20240303-080800-001-000-287']",,,,,"['scenario=LRB-1709453160000000000-000605', 'family=SRR']",47791076-e0d7-435b-91dd-47d9c9294a57,2024-03-03 08:08:00+00:00,2024-03-03 08:08:00+00:00,,,,,,,
BACKTESTER-001,LRBStrategy-000,BTCUSDT-PERP.BINANCE,BINANCE-1-286,BTCUSDT-PERP.BINANCE-LRBStrategy-000,BINANCE-001,T-daa97913428374a1-33619,STOP_MARKET,SELL,5.078,GTC,True,False,5.078,TAKER,61508.19999999999,0.10000000001309672,['218.63704772 USDT'],NO_TRIGGER,FILLED,OUO,OL-20240303-080800-001-000-95,['O-20240303-080800-001-000-287'],O-20240303-080800-001-000-285,,,,"['scenario=LRB-1709453160000000000-000605', 'family=SRR']",9e718c95-c22c-4eda-a3ad-a5b9b5bb89b2,2024-03-03 08:08:00+00:00,2024-03-03 08:10:00+00:00,61508.3,DEFAULT,,,,,
BACKTESTER-001,LRBStrategy-000,BTCUSDT-PERP.BINANCE,BINANCE-1-288,BTCUSDT-PERP.BINANCE-LRBStrategy-000,BINANCE-001,T-0aacc80ef54120cc-34147,MARKET,SELL,6.080,GTC,False,False,6.080,TAKER,61835.5,0.0,['263.17188800 USDT'],NO_TRIGGER,FILLED,OTO,OL-20240303-103500-001-000-96,"['O-20240303-103500-001-000-289', 'O-20240303-103500-001-000-290']",,,,,"['scenario=LRB-1709461860000000000-000615', 'family=SRR']",98d54351-aac4-40e1-a5cb-7190b6c50db5,2024-03-03 10:35:00+00:00,2024-03-03 10:35:00+00:00,,,,,,,
BACKTESTER-001,LRBStrategy-000,BTCUSDT-PERP.BINANCE,BINANCE-1-289,BTCUSDT-PERP.BINANCE-LRBStrategy-000,BINANCE-001,T-367416f98d5bb7f4-34169,STOP_MARKET,BUY,6.080,GTC,True,False,6.080,TAKER,61863.299999999996,0.09999999999854481,['263.29020480 USDT'],NO_TRIGGER,FILLED,OUO,OL-20240303-103500-001-000-96,['O-20240303-103500-001-000-290'],O-20240303-103500-001-000-288,,,,"['scenario=LRB-1709461860000000000-000615', 'family=SRR']",a104ff8c-ef62-43ef-9788-f6cda2ccc75b,2024-03-03 10:35:00+00:00,2024-03-03 10:41:00+00:00,61863.2,DEFAULT,,,,,
BACKTESTER-001,LRBStrategy-000,BTCUSDT-PERP.BINANCE,BINANCE-1-291,BTCUSDT-PERP.BINANCE-LRBStrategy-000,BINANCE-001,T-77cae5cae64bb976-34691,MARKET,SELL,6.018,GTC,False,False,6.018,TAKER,62432.700000000004,0.0,['263.00399202 USDT'],NO_TRIGGER,FILLED,OTO,OL-20240303-130900-001-000-97,"['O-20240303-130900-001-000-292', 'O-20240303-130900-001-000-293']",,,,,"['scenario=LRB-1709471160000000000-000628', 'family=SRR']",5343ea34-8284-4149-921d-2b5e5d92f392,2024-03-03 13:09:00+00:00,2024-03-03 13:09:00+00:00,,,,,,,
BACKTESTER-001,LRBStrategy-000,BTCUSDT-PERP.BINANCE,BINANCE-1-293,BTCUSDT-PERP.BINANCE-LRBStrategy-000,BINANCE-001,T-811c667d69901176-34733,LIMIT,BUY,6.018,GTC,True,False,6.018,MAKER,62185.7,0.09999999999854481,['261.96347982 USDT'],NO_TRIGGER,FILLED,OUO,OL-20240303-130900-001-000-97,['O-20240303-130900-001-000-292'],O-20240303-130900-001-000-291,,,,"['scenario=LRB-1709471160000000000-000628', 'family=SRR']",6d700b45-9d66-42b9-9e54-381e512ba241,2024-03-03 13:09:00+00:00,2024-03-03 13:20:00+00:00,,,,,62185.6,True,
BACKTESTER-001,LRBStrategy-000,BTCUSDT-PERP.BINANCE,BINANCE-1-294,BTCUSDT-PERP.BINANCE-LRBStrategy-000,BINANCE-001,T-2e33d46952b3d7b5-34840,MARKET,SELL,5.452,GTC,False,False,5.452,TAKER,62311.9,0.0,['237.80713516 USDT'],NO_TRIGGER,FILLED,OTO,OL-20240303-134900-001-000-98,"['O-20240303-134900-001-000-295', 'O-20240303-134900-001-000-296']",,,,,"['scenario=LRB-1709473620000000000-000631', 'family=SRR']",e6c06667-9eae-414d-8853-3ff004b834ce,2024-03-03 13:49:00+00:00,2024-03-03 13:49:00+00:00,,,,,,,
BACKTESTER-001,LRBStrategy-000,BTCUSDT-PERP.BINANCE,BINANCE-1-295,BTCUSDT-PERP.BINANCE-LRBStrategy-000,BINANCE-001,T-0f8793464a75247a-34861,STOP_MARKET,BUY,5.452,GTC,True,False,5.452,TAKER,62353.7,0.09999999999854481,['237.96666068 USDT'],NO_TRIGGER,FILLED,OUO,OL-20240303-134900-001-000-98,['O-20240303-134900-001-000-296'],O-20240303-134900-001-000-294,,,,"['scenario=LRB-1709473620000000000-000631', 'family=SRR']",693c95b7-800a-4a59-a7ca-911eed3ec62a,2024-03-03 13:49:00+00:00,2024-03-03 13:55:00+00:00,62353.6,DEFAULT,,,,,
BACKTESTER-001,LRBStrategy-000,BTCUSDT-PERP.BINANCE,BINANCE-1-297,BTCUSDT-PERP.BINANCE-LRBStrategy-000,BINANCE-001,T-c7e6408bddd893e0-35532,MARKET,SELL,4.654,GTC,False,False,4.654,TAKER,62878.59999999999,0.0,['204.84590308 USDT'],NO_TRIGGER,FILLED,OTO,OL-20240303-165900-001-000-99,"['O-20240303-165900-001-000-298', 'O-20240303-165900-001-000-299']",,,,,"['scenario=LRB-1709484960000000000-000643', 'family=SRR']",f3c5757c-d766-4eaa-9c93-5b71347d6f5c,2024-03-03 16:59:00+00:00,2024-03-03 16:59:00+00:00,,,,,,,
BACKTESTER-001,LRBStrategy-000,BTCUSDT-PERP.BINANCE,BINANCE-1-298,BTCUSDT-PERP.BINANCE-LRBStrategy-000,BINANCE-001,T-4b05702caf7a2259-35540,STOP_MARKET,BUY,4.654,GTC,True,False,4.654,TAKER,62937.2,0.09999999999126885,['205.03681016 USDT'],NO_TRIGGER,FILLED,OUO,OL-20240303-165900-001-000-99,['O-20240303-165900-001-000-299'],O-20240303-165900-001-000-297,,,,"['scenario=LRB-1709484960000000000-000643', 'family=SRR']",d43fde23-f3c6-4653-9778-e048b6b5e4ed,2024-03-03 16:59:00+00:00,2024-03-03 17:01:00+00:00,62937.1,DEFAULT,,,,,
BACKTESTER-001,LRBStrategy-000,BTCUSDT-PERP.BINANCE,BINANCE-1-300,BTCUSDT-PERP.BINANCE-LRBStrategy-000,BINANCE-001,T-0842d7496d7194cd-36713,MARKET,SELL,3.694,GTC,False,False,3.694,TAKER,63247.6,0.0,['163.54564408 USDT'],NO_TRIGGER,FILLED,OTO,OL-20240303-223100-001-000-100,"['O-20240303-223100-001-000-301', 'O-20240303-223100-001-000-302']",,,,,"['scenario=LRB-1709504940000000000-000662', 'family=SRR']",cffc813e-69aa-4f54-89bb-68cbf2bf6100,2024-03-03 22:31:00+00:00,2024-03-03 22:31:00+00:00,,,,,,,
BACKTESTER-001,LRBStrategy-000,BTCUSDT-PERP.BINANCE,BINANCE-1-302,BTCUSDT-PERP.BINANCE-LRBStrategy-000,BINANCE-001,T-b75e1b9c0a46f1ca-36785,LIMIT,BUY,3.694,GTC,True,False,3.694,MAKER,62884.99999999999,0.09999999999854481,['162.60803300 USDT'],NO_TRIGGER,FILLED,OUO,OL-20240303-223100-001-000-100,['O-20240303-223100-001-000-301'],O-20240303-223100-001-000-300,,,,"['scenario=LRB-1709504940000000000-000662', 'family=SRR']",b017f0f6-5e04-4a50-8a5f-e19a5e0ff07b,2024-03-03 22:31:00+00:00,2024-03-03 22:53:00+00:00,,,,,62884.9,True,
