symbol,event_direction,basis_z,relative_z,volume_z,basis_repair,index_follow_ratio,futures_follow,entry_ts,entry_price,index_entry_price,return_reversal,return_continuation,event_score,cross_market_breadth,route,horizon_minutes,gross_return,net_return,state_quality,rank_score
BTCUSDT,-1.0,2.2607725934717386,3.359214158445198,3.6296998035953805,0.9503236457323788,-0.3067193281088162,-0.004051105541838185,2024-01-05 01:55:00+00:00,43348.3,43320.23818182,0.00406705683959907,-0.0028097987695017146,27.565462259834398,1.0,REFLEXIVE_BASIS_REPAIR,60,0.00406705683959907,0.0024670568395990704,0.9503236457323788,26.196110591064123
SOLUSDT,-1.0,-2.410555668573835,-2.9022988010780777,1.5950259848896207,0.8108585589540686,-0.13394302234417643,-0.003683340714417005,2024-01-07 02:45:00+00:00,92.92,92.91015516,-0.001958674128282434,-0.018887214808437358,11.159045553058894,1.0,REFLEXIVE_BASIS_REPAIR,60,-0.001958674128282434,-0.0035586741282824337,0.8108585589540686,9.048407596456142
SOLUSDT,-1.0,-2.7022310209532288,-1.9380213886747444,1.0912001472442652,0.9510634300172948,0.0013392163273014148,-0.0018629706526007705,2024-01-08 10:00:00+00:00,89.271,89.23792053,0.01647791556048439,-0.032709390507555725,5.714595001099438,1.0,REFLEXIVE_BASIS_REPAIR,60,0.01647791556048439,0.01487791556048439,0.9510634300172948,5.434942322905318
SOLUSDT,1.0,36.866039748977016,35.36041673041843,4.27505757461213,0.9484435376044771,-0.5164872337772041,-0.05440448884423632,2024-01-09 21:20:00+00:00,99.766,99.67093531,0.015345909428061688,-0.019816370306517284,5572.958764474754,0.75,REFLEXIVE_BASIS_REPAIR,60,0.015345909428061688,0.013745909428061687,0.9484435376044771,5285.6367255023115
XRPUSDT,-1.0,-2.443321038635643,-3.057742496292525,2.057015328145872,0.5084358405751981,0.1839202896507276,-0.00018070112034695995,2024-01-10 13:00:00+00:00,0.5535,0.55331877,0.003252032520325354,-0.0005420054200542257,15.368057315734807,1.0,REFLEXIVE_BASIS_REPAIR,60,0.003252032520325354,0.001652032520325354,0.5084358405751981,7.813671139333449
ETHUSDT,1.0,3.9716722170988845,3.1992131769128695,1.378771944606377,0.4401197368520372,-0.24737140328503365,-0.0012197414315251454,2024-01-10 14:35:00+00:00,2391.03,2389.64227273,-0.015085548905701573,0.016988494498186846,17.518988056539634,1.0,REFLEXIVE_BASIS_REPAIR,60,-0.015085548905701573,-0.016685548905701574,0.4401197368520372,7.710452413358206
BTCUSDT,-1.0,-4.090179995007904,-4.324974025143242,2.9373071932719967,0.8133774167463724,-0.22324431980856735,-0.0034434007268437927,2024-01-10 18:15:00+00:00,46276.0,46266.68893617,0.0004062581035526591,0.01560636182902575,51.960735833898426,1.0,REFLEXIVE_BASIS_REPAIR,60,0.0004062581035526591,-0.001193741896447341,0.8133774167463724,42.26368908481697
ETHUSDT,1.0,2.6515274555266823,2.072994236140128,2.2252783495021986,0.5933328572648005,-0.3189102796196649,-0.0028664500366873957,2024-01-10 19:50:00+00:00,2473.31,2472.50340909,0.0014231940193505377,0.01847726326259158,12.231467495498851,1.0,REFLEXIVE_BASIS_REPAIR,60,0.0014231940193505377,-0.0001768059806494624,0.5933328572648005,7.257331557645866
SOLUSDT,1.0,-2.2719446076242367,-1.547931341757733,2.181469578597516,0.5663467846747925,-1.3864352998532306,-0.00968154168583557,2024-01-10 21:20:00+00:00,96.868,96.91744439,-0.06184704959326104,0.08446545814923412,7.6718233324113925,0.5,REFLEXIVE_BASIS_REPAIR,60,-0.06184704959326104,-0.06344704959326104,0.5663467846747925,4.344912476904244
SOLUSDT,-1.0,3.5680709895858502,1.7637200134964692,2.8759214103864457,0.6756137807508098,-0.8511293770111485,-0.011142223777855564,2024-01-11 15:25:00+00:00,103.998,103.92423225,-0.04509702109655955,0.04441431565991649,18.09839837261657,1.0,REFLEXIVE_BASIS_REPAIR,60,-0.04509702109655955,-0.04669702109655955,0.6756137807508098,12.227527350057784
BTCUSDT,-1.0,3.820950074407846,2.1459609264979846,1.4335898949244508,0.19761931013422873,0.6243970662949295,0.0022993188728352987,2024-01-11 17:00:00+00:00,46038.0,46001.16085106,0.01041096485511983,-0.012593944133107549,11.754877410091996,1.0,INDEX_CONFIRMED_DISCOVERY,120,-0.012593944133107549,-0.01419394413310755,0.6243970662949295,7.339710969517982
ETHUSDT,1.0,2.2056934501793326,3.1023904757286314,1.8236679266645752,0.7978565100515101,-0.7162557604064668,-0.007627502020898791,2024-01-12 14:35:00+00:00,2676.25,2675.72454545,0.005059318075665509,-0.006542737038767066,12.479218018387664,0.75,REFLEXIVE_BASIS_REPAIR,60,0.005059318075665509,0.003459318075665509,0.7978565100515101,9.956625336322704
XRPUSDT,-1.0,-4.222987787109096,-7.147819679734341,2.8017048257953987,0.9457906606919944,-0.2604121450648341,-0.004283755997258387,2024-01-12 15:45:00+00:00,0.5861,0.58602742,0.0008530967411706225,0.018085650912813445,84.56989502477677,1.0,REFLEXIVE_BASIS_REPAIR,60,0.0008530967411706225,-0.0007469032588293776,0.9457906606919944,79.98541689013622
ETHUSDT,-1.0,-2.23710036817983,-6.184536002868643,1.7857586960107183,-0.37894978480689145,0.3833283275716692,0.0008134170589668699,2024-01-12 21:15:00+00:00,2542.75,2540.31863636,-0.011798249926260884,0.008691377445678827,24.706735451589307,0.75,INDEX_CONFIRMED_DISCOVERY,120,0.008691377445678827,0.0070913774456788274,0.28749624567875187,7.103093685310048
XRPUSDT,1.0,2.038321711079762,1.8905468665563028,1.3367958697852091,0.9764957415346075,-0.06886405965802117,-0.0008650519031141446,2024-01-16 17:50:00+00:00,0.5775,0.57736289,0.002077922077922012,0.0005194805194803642,5.1513999973711195,0.5,REFLEXIVE_BASIS_REPAIR,60,0.002077922077922012,0.0004779220779220119,0.9764957415346075,5.030320160374287
SOLUSDT,-1.0,2.0630631538105497,1.777765540924361,2.379427445072849,0.9379216687785039,-0.9294539095912324,-0.0044331540147439785,2024-01-17 14:15:00+00:00,100.825,100.79656484,0.010235556657574918,0.01551202578725519,8.726889422124144,0.25,REFLEXIVE_BASIS_REPAIR,60,0.010235556657574918,0.008635556657574917,0.9379216687785039,8.18513869004415
ETHUSDT,-1.0,-2.2830738981723924,-2.6095071835875427,1.9324453792483194,0.984119007669875,-0.3591741151348473,-0.001574301030270453,2024-01-18 12:30:00+00:00,2513.0,2512.45795455,-0.0018225228810186955,-0.005766016713091737,11.512925464644322,0.25,REFLEXIVE_BASIS_REPAIR,60,-0.0018225228810186955,-0.0034225228810186954,0.984119007669875,11.330088783643005
BTCUSDT,1.0,-2.1516831421127107,-1.587048150137717,1.6879963717830861,0.43307720245721404,-0.12899455755218117,-0.0003232517669476964,2024-01-18 20:55:00+00:00,41131.1,41137.54297872,-0.0026063003420770947,0.004908694394266222,5.764211788903842,1.0,REFLEXIVE_BASIS_REPAIR,60,-0.0026063003420770947,-0.004206300342077095,0.43307720245721404,2.4963487159093694
BTCUSDT,-1.0,2.76237091654258,3.207367916659431,2.50712820943993,0.9924097416762471,-0.44808278627824805,-0.0014194583481443868,2024-01-19 21:05:00+00:00,41694.7,41692.32702128,-0.003144284525371299,0.0005612224095626894,22.21300513596706,1.0,REFLEXIVE_BASIS_REPAIR,60,-0.003144284525371299,-0.004744284525371299,0.9924097416762471,22.04440268883822
SOLUSDT,1.0,2.4119598554113564,1.571831146298874,1.95254751838774,0.7123970698274648,0.024240649735464942,-0.0008089667578529136,2024-01-20 01:40:00+00:00,93.871,93.87399945,0.003728521055491041,-0.006082815779101081,7.402485702967828,1.0,REFLEXIVE_BASIS_REPAIR,60,0.003728521055491041,0.002128521055491041,0.7123970698274648,5.273509124233982
SOLUSDT,-1.0,-5.250034258251994,-6.328559834096985,3.256350269180865,0.9305070717399596,-0.48518381338167627,-0.01024072658186781,2024-01-22 10:35:00+00:00,87.206,87.1808115,0.015469119097309969,-0.007407747173359569,108.19274547058157,1.0,REFLEXIVE_BASIS_REPAIR,60,0.015469119097309969,0.013869119097309968,0.9305070717399596,100.67411477133764
BTCUSDT,-1.0,-3.81029002992631,-4.24834790336518,3.3006749657675263,0.5846649698268517,-0.7205427713124128,-0.004468730061395476,2024-01-22 18:55:00+00:00,40459.9,40450.34553191,-0.017246705997790435,0.008138922735844711,53.429470243791634,0.25,REFLEXIVE_BASIS_REPAIR,60,-0.017246705997790435,-0.018846705997790435,0.5846649698268517,31.238339607951104
XRPUSDT,1.0,-2.7011936801353538,-1.6041293741367812,1.838718496055619,0.5390778649555037,-0.48817929840633134,-0.0015080113100848225,2024-01-22 21:30:00+00:00,0.5297,0.52979905,-0.002643005474797233,-0.005286010949593911,7.9672851558987725,1.0,REFLEXIVE_BASIS_REPAIR,60,-0.002643005474797233,-0.004243005474797233,0.5390778649555037,4.294987071333588
ETHUSDT,-1.0,-2.4755523948037412,-2.073485885685408,2.3891274281351977,-0.17170172439938658,2.8508393162524586,0.013983790110642547,2024-01-23 09:30:00+00:00,2232.39,2231.2175,0.002392055151653638,0.0038747709853564904,12.263445918854174,1.0,INDEX_CONFIRMED_DISCOVERY,120,0.0038747709853564904,0.0022747709853564906,2.8508393162524586,34.96111377820524
SOLUSDT,-1.0,-2.3051214538798326,-1.5899790352622596,1.231578191251688,0.6053247967532496,-0.39709347971969616,-0.004301832681349982,2024-01-23 12:25:00+00:00,79.843,79.84940312,0.0019287852410354578,0.00434602908207371,4.513850806571627,0.25,REFLEXIVE_BASIS_REPAIR,60,0.0019287852410354578,0.0003287852410354577,0.6053247967532496,2.7323458220624617
BTCUSDT,1.0,4.1262623942251375,2.9578941710980264,1.5323957192353488,0.9625424618804865,-0.4467511227041562,-0.002246949196401782,2024-01-23 15:20:00+00:00,38943.0,38942.45787234,0.00014123205710914188,0.010769586318465585,18.70296251800475,1.0,REFLEXIVE_BASIS_REPAIR,60,0.00014123205710914188,-0.0014587679428908582,0.9625424618804865,18.002395586538753
ETHUSDT,-1.0,-4.221569400001252,-2.485843794240714,1.5107959794985093,0.6173257869125983,-1.244753032156808,-0.004049157875932741,2024-01-23 19:15:00+00:00,2192.01,2192.45227273,0.0025501708477606577,-0.0036359323178269953,15.854537901255522,0.25,REFLEXIVE_BASIS_REPAIR,60,0.0025501708477606577,0.0009501708477606576,0.6173257869125983,9.78741508602818
XRPUSDT,-1.0,-5.948311717456451,-5.007172696823926,1.8330506393382844,0.7760554891118391,0.060440526604573344,-0.0009678668215253872,2024-01-23 23:40:00+00:00,0.5171,0.5172615,-0.0025140204989363424,0.005414813382324524,54.59599088910519,1.0,REFLEXIVE_BASIS_REPAIR,60,-0.0025140204989363424,-0.004114020498936342,0.7760554891118391,42.36951841299004
BTCUSDT,1.0,-2.126468431901554,-1.8483162294424904,2.0346671341963942,0.4780281346282994,-0.342372568753181,-0.000751297979207366,2024-01-24 01:00:00+00:00,40166.9,40174.56727273,0.010050564021619857,-0.010147658893267852,7.997027451022014,0.75,REFLEXIVE_BASIS_REPAIR,60,0.010050564021619857,0.008450564021619856,0.4780281346282994,3.822804114983357
BTCUSDT,1.0,-3.153703828878179,-2.6451089704379975,1.6153197254388416,0.7705726670122628,-0.3435046433421634,-0.00031414865713907947,2024-01-24 07:30:00+00:00,40095.8,40101.32,0.0037634864499523912,-0.0017183844691963657,13.474819929443644,1.0,REFLEXIVE_BASIS_REPAIR,60,0.0037634864499523912,0.0021634864499523914,0.7705726670122628,10.383327930541379
ETHUSDT,-1.0,-3.656945960591163,1.898801378972804,1.144837198025158,0.49648263729787057,-0.26405712594351993,-0.001045092814195181,2024-01-25 02:00:00+00:00,2212.64,2213.46840909,-0.0015863402993707698,-0.001581820811338508,7.94953660091798,1.0,REFLEXIVE_BASIS_REPAIR,60,-0.0015863402993707698,-0.0031863402993707697,0.49648263729787057,3.9468068969197083
XRPUSDT,1.0,-2.366477217624059,-2.3227711824926756,1.8365002626454991,0.4526597513850613,-0.1786463604442363,-0.00039047247169066157,2024-01-25 07:25:00+00:00,0.512,0.51219331,-0.0011718749999998224,0.0009765625,10.094847252533539,1.0,REFLEXIVE_BASIS_REPAIR,60,-0.0011718749999998224,-0.0027718749999998222,0.4526597513850613,4.569531047602001
SOLUSDT,1.0,2.475373006222507,2.1237861954665838,1.5724874027665046,0.6650749964850022,-0.16160629539440796,-0.0017182709477444602,2024-01-25 11:30:00+00:00,88.89,88.86246295,0.011767352908088724,-0.025548430644616982,8.266822622054224,0.75,REFLEXIVE_BASIS_REPAIR,60,0.011767352908088724,0.010167352908088723,0.6650749964850022,5.49805702630485
XRPUSDT,-1.0,-2.311659900449366,-2.1171925252008434,2.115084900557312,0.7208554698968689,-0.5394957104879853,-0.003548196333530429,2024-01-25 12:40:00+00:00,0.5091,0.50920085,-0.00019642506383810154,-0.0005892751915144157,10.351709988985187,1.0,REFLEXIVE_BASIS_REPAIR,60,-0.00019642506383810154,-0.0017964250638381016,0.7208554698968689,7.462086768346028
BTCUSDT,-1.0,-2.0455086171522603,-1.7149866033722485,2.1839646498811986,0.8341029536559879,-0.3822157165073282,-0.0014839030416244903,2024-01-25 18:40:00+00:00,39886.5,39887.03361702,0.0018703069961014673,0.0006618780790493828,7.661391399169629,1.0,REFLEXIVE_BASIS_REPAIR,60,0.0018703069961014673,0.00027030699610146726,0.8341029536559879,6.390389195161969
SOLUSDT,1.0,2.62496819903395,2.0356636223805853,1.5915025792786845,0.43906120392255843,-0.03225654624648381,-0.0016097190584662968,2024-01-29 03:45:00+00:00,98.616,98.6823813,0.014409426462237418,-0.021730753630242572,8.504277224479571,1.0,REFLEXIVE_BASIS_REPAIR,60,0.014409426462237418,0.012809426462237417,0.43906120392255843,3.733898196671194
BTCUSDT,1.0,2.860064317098577,4.27682968089925,2.2022901623453084,0.7865037097620231,-0.07341810970681464,-0.0009248581576640769,2024-01-30 01:20:00+00:00,43317.9,43334.68638298,-0.004097613226864638,0.00510643406074629,26.938430797464672,1.0,REFLEXIVE_BASIS_REPAIR,60,-0.004097613226864638,-0.005697613226864638,0.7865037097620231,21.1871757573735
ETHUSDT,-1.0,-5.899954733408212,-3.775251777902231,2.5666384804789186,0.7938367602302343,-0.03741343373631683,-0.00103611219491051,2024-01-30 12:35:00+00:00,2309.09,2310.26136364,-0.0028669302625711213,-0.001481102945316115,57.168829651307796,1.0,REFLEXIVE_BASIS_REPAIR,60,-0.0028669302625711213,-0.004466930262571121,0.7938367602302343,45.38271851654834
SOLUSDT,1.0,-2.2371559379626844,-3.56084064606891,1.905694780656236,0.7852479672912838,-1.1844802451589622,-0.004058277636197483,2024-01-30 16:30:00+00:00,103.563,103.57965053,-0.00951111883587763,0.007647518901538142,15.181061521363425,1.0,REFLEXIVE_BASIS_REPAIR,60,-0.00951111883587763,-0.01111111883587763,0.7852479672912838,11.920897700974553
ETHUSDT,1.0,2.811114777297589,2.7332579948871425,1.4808535687479971,0.686338878447788,-0.2890169525807389,-0.0017231741708799708,2024-01-30 18:40:00+00:00,2375.23,2375.73954545,0.001848242064978911,0.0017471992186020024,11.378141267729967,1.0,REFLEXIVE_BASIS_REPAIR,60,0.001848242064978911,0.000248242064978911,0.686338878447788,7.809260716514278
BTCUSDT,-1.0,-3.4711152501547486,-2.2454128182058413,2.9396883822836357,0.39455672873166237,-0.19088086301867058,-0.0013154764403766617,2024-01-30 23:35:00+00:00,42930.6,42958.44957447,-0.0004938202587431162,0.003403166971810312,22.912186052440536,0.75,REFLEXIVE_BASIS_REPAIR,60,-0.0004938202587431162,-0.002093820258743116,0.39455672873166237,9.040157176942158
XRPUSDT,1.0,-2.008080016009832,-1.5425118476057083,1.4678029114086395,-0.1273885488976878,0.48123744982917,0.0009773260359655644,2024-01-31 04:45:00+00:00,0.5121,0.51249557,0.0023432923257176164,-0.0009763718023821921,4.5465007531607196,1.0,INDEX_CONFIRMED_DISCOVERY,120,-0.0009763718023821921,-0.002576371802382192,0.48123744982917,2.187946428097465
SOLUSDT,-1.0,2.646994291627996,3.1755365361563883,2.556180687807411,0.6304599412690917,-0.6483076777534179,-0.002699571896247699,2024-01-31 10:05:00+00:00,99.543,99.54843366,-0.016103593421938345,0.004420200315441658,21.486301621190457,1.0,REFLEXIVE_BASIS_REPAIR,60,-0.016103593421938345,-0.017703593421938345,0.6304599412690917,13.546252458185725
BTCUSDT,-1.0,-2.9011803241107255,-3.3838978532104447,2.214551370045626,0.9031401442247751,-0.08899586548801112,-0.0006182759540209748,2024-01-31 11:05:00+00:00,42402.1,42418.23404255,0.004403083809528363,-0.004030460755481524,21.74091044933855,0.25,REFLEXIVE_BASIS_REPAIR,60,0.004403083809528363,0.0028030838095283632,0.9031401442247751,19.635088998793538
SOLUSDT,1.0,4.857545054100173,2.9550039987782766,1.7750273411850972,0.2213137277430356,0.9579604967196992,0.00970707761638434,2024-01-31 15:35:00+00:00,100.377,100.30642857,-0.0077009673530790135,0.015252498082229948,25.47885793707286,1.0,INDEX_CONFIRMED_DISCOVERY,120,0.015252498082229948,0.013652498082229948,0.9579604967196992,24.407739405248968
ETHUSDT,-1.0,3.6305091207485343,3.9688691966446807,3.142791521849306,0.9673595557172135,-0.16356301119964936,-0.00047020050384793954,2024-01-31 19:25:00+00:00,2319.25,2320.10522727,-0.00474291257949766,0.019946103266142212,45.28453274935744,1.0,REFLEXIVE_BASIS_REPAIR,60,-0.00474291257949766,-0.00634291257949766,0.9673595557172135,43.806425481280016
ETHUSDT,-1.0,-3.7537841119999724,-3.9531841538265398,2.456180811451464,0.2315215561163515,0.6010207624555702,0.004192715322108631,2024-01-31 21:30:00+00:00,2263.46,2265.17022727,0.008084967262509624,-0.01019236036863913,36.44824921032783,1.0,INDEX_CONFIRMED_DISCOVERY,120,-0.01019236036863913,-0.011792360368639131,0.6010207624555702,21.906154530561867
ETHUSDT,-1.0,-2.351090697267067,-1.8625552191712544,2.0360798490455774,0.18267686483919254,1.822063190351404,0.0057633705781037214,2024-02-01 01:25:00+00:00,2251.25,2252.6675,-0.00010216546363128742,-0.0032870627429206767,8.916067464706375,1.0,INDEX_CONFIRMED_DISCOVERY,120,-0.0032870627429206767,-0.0048870627429206765,1.822063190351404,16.24563833013125
BTCUSDT,1.0,3.8100142589453263,3.588109388727578,1.780354646277291,0.7704537243541274,-0.03649035390722542,-0.0005858341970631509,2024-02-01 12:20:00+00:00,42137.4,42147.25510638,0.0023304712678049455,0.0057621020755906915,24.338779601862125,1.0,REFLEXIVE_BASIS_REPAIR,60,0.0023304712678049455,0.0007304712678049454,0.7704537243541274,18.75190339048894
ETHUSDT,1.0,2.0502614523923572,1.6291040958496503,1.3803920211694107,0.9648779462503961,0.015059876476749105,-0.00020441892832279152,2024-02-02 15:10:00+00:00,2298.73,2299.59,-0.008604751319206683,0.00324091998625331,4.610632660648906,1.0,REFLEXIVE_BASIS_REPAIR,60,-0.008604751319206683,-0.010204751319206683,0.9648779462503961,4.448697772521916
BTCUSDT,-1.0,-3.4921281022174115,-1.9208798109241811,2.273121215028956,0.852682146898725,-0.052755894546016056,-0.000667741567726976,2024-02-02 17:50:00+00:00,43009.4,43028.22170213,-0.004043302161853002,0.00026040818983763536,15.248002477446642,1.0,REFLEXIVE_BASIS_REPAIR,60,-0.004043302161853002,-0.005643302161853002,0.852682146898725,13.001699488386281
BTCUSDT,-1.0,-5.082968487467954,-4.369607482073714,2.875635819982635,0.9911283679811722,-0.2644098863589949,-0.00194320832183692,2024-02-04 22:45:00+00:00,42486.5,42502.28765957,0.0012945288503407593,0.000986195615077734,63.86953118897418,1.0,REFLEXIVE_BASIS_REPAIR,60,0.0012945288503407593,-0.0003054711496592408,0.9911283679811722,63.30290421105055
BTCUSDT,1.0,2.6494704102397875,3.0865781565175396,1.0490233234009971,0.8169829389056994,-0.14535164419938962,-0.0009013978709170312,2024-02-05 00:30:00+00:00,42562.1,42580.90829787,0.003632339569711096,-0.003886086447802195,8.578700305870631,1.0,REFLEXIVE_BASIS_REPAIR,60,0.003632339569711096,0.002032339569711096,0.8169829389056994,7.008651787881411
SOLUSDT,1.0,-2.6330311389119783,-2.384984920186941,2.495654803062739,0.7209049358738102,-0.7572290456273756,-0.004179230809924328,2024-02-06 11:55:00+00:00,94.12,94.16863723,0.004781130471738226,-0.003113047173820771,15.67206219661339,0.75,REFLEXIVE_BASIS_REPAIR,60,0.004781130471738226,0.0031811304717382265,0.7209049358738102,11.298066992859942
ETHUSDT,1.0,3.5199200206109893,2.029188026042193,2.506223340667109,0.7121667784840813,-0.15074121520122039,-0.0007472565011316101,2024-02-06 13:35:00+00:00,2340.15,2340.76340909,0.0005427002542571779,0.0008033673055145574,17.900899601959186,0.25,REFLEXIVE_BASIS_REPAIR,60,0.0005427002542571779,-0.0010572997457428221,0.7121667784840813,12.748426001494247
ETHUSDT,-1.0,-5.6996766934897325,-4.879497855115218,1.0159358180450773,0.9758333947996239,-0.486613706517255,-0.0017370480302212332,2024-02-06 23:30:00+00:00,2375.96,2376.85363636,0.004221451539588195,-0.0028451657435308864,28.25476016364195,0.75,REFLEXIVE_BASIS_REPAIR,60,0.004221451539588195,0.0026214515395881948,0.9758333947996239,27.571938529735903
BTCUSDT,-1.0,-3.072032382296439,-2.3188888492498396,2.1123618199063716,0.6495850761657471,0.020329824484609627,-0.00045260375474476255,2024-02-07 11:00:00+00:00,42882.5,42892.48978723,0.0008138518043492304,-0.004057599253774802,15.04783535195643,1.0,REFLEXIVE_BASIS_REPAIR,60,0.0008138518043492304,-0.0007861481956507696,0.6495850761657471,9.77484927323024
BTCUSDT,1.0,2.871662789270556,2.1723890654273417,2.542051932348542,0.8900514359468712,-0.20384815545656204,-0.0008109014559471994,2024-02-07 17:35:00+00:00,43496.5,43510.97425532,-0.0008598392974148439,-0.0012828618394583602,15.858257572066181,1.0,REFLEXIVE_BASIS_REPAIR,60,-0.0008598392974148439,-0.0024598392974148437,0.8900514359468712,14.114664923632848
BTCUSDT,-1.0,-3.041934621972126,-2.16572279142054,1.1634646603758205,0.6513417005439771,-0.6207432428451011,-0.0017239134631354958,2024-02-08 01:10:00+00:00,44626.6,44648.91659574,-0.0013422487933205662,-0.000638632564434749,7.664890221350061,0.75,REFLEXIVE_BASIS_REPAIR,60,-0.0013422487933205662,-0.002942248793320566,0.6513417005439771,4.99246263125705
BTCUSDT,-1.0,-3.302949760568104,-2.87991919253035,2.4973897415574133,0.7582284745875694,-0.18287174745013832,-0.0007449508265140459,2024-02-08 02:15:00+00:00,44599.9,44620.86723404,0.0007578492328457198,0.0010627826519791217,23.755741644050726,1.0,REFLEXIVE_BASIS_REPAIR,60,0.0007578492328457198,-0.0008421507671542803,0.7582284745875694,18.01227974946498
BTCUSDT,-1.0,-3.5565049357836345,-2.7964016969237933,2.8182157793995772,0.571997616213715,-0.708910277373832,-0.0015263846489315114,2024-02-08 14:40:00+00:00,45011.4,45036.75574468,0.0073336976854752045,-0.004634381512239161,28.02832953698418,1.0,REFLEXIVE_BASIS_REPAIR,60,0.0073336976854752045,0.005733697685475205,0.571997616213715,16.03213768160741
XRPUSDT,1.0,2.6295737200969866,1.6510833180992321,2.41328245404215,0.8142973527637588,0.23100771580640994,0.0,2024-02-08 18:05:00+00:00,0.5153,0.51549891,-0.002716863962740179,-0.0007762468464971306,10.477616431318197,0.25,REFLEXIVE_BASIS_REPAIR,60,-0.002716863962740179,-0.004316863962740179,0.8142973527637588,8.53189532329647
BTCUSDT,-1.0,-2.6788888445918677,-1.734476440380291,1.7527933665929885,0.8415563005001426,0.050549709259221094,-0.0002138773314284137,2024-02-08 20:30:00+00:00,45362.8,45378.30914894,0.0018274886029960857,0.0010272734487289936,8.144301070769423,1.0,REFLEXIVE_BASIS_REPAIR,60,0.0018274886029960857,0.00022748860299608565,0.8415563005001426,6.853887879276066
BTCUSDT,1.0,3.170029967896077,1.990999782665895,2.5620717697471056,-1.9891096566350712,1.276220215436871,0.0027255377139099313,2024-02-09 11:50:00+00:00,47128.0,47093.16136364,-0.005589034119843905,0.007560261415718861,16.170590216233975,1.0,INDEX_CONFIRMED_DISCOVERY,120,0.007560261415718861,0.005960261415718861,1.276220215436871,20.637234129503483
ETHUSDT,1.0,-5.344674665113184,-3.63723529982005,2.837452008826854,0.8898093770656172,-0.4861101552702091,-0.0014285997738050504,2024-02-09 18:30:00+00:00,2516.35,2517.1804878,0.011119279909392543,-0.010153595485524525,55.159611237638586,1.0,REFLEXIVE_BASIS_REPAIR,60,0.011119279909392543,0.009519279909392542,0.8898093770656172,49.08153931454481
SOLUSDT,1.0,2.449518455279881,1.9422623111103177,1.692564310877093,0.05311250122636024,0.9498028809832423,0.004682983938828489,2024-02-10 02:10:00+00:00,109.844,109.81378131,0.0008921743563599094,0.0011652889552455914,8.052556449883545,0.75,INDEX_CONFIRMED_DISCOVERY,120,0.0011652889552455914,-0.0004347110447544087,0.7123521607374317,5.736255986534685
BTCUSDT,1.0,4.12038342757641,3.36901441690933,1.6688226028523012,0.5751266397470012,0.017939453101543455,-0.0002725624675143923,2024-02-10 13:55:00+00:00,47315.7,47323.45386364,0.00126807803752238,9.721931621009539e-05,23.165979862121887,0.75,REFLEXIVE_BASIS_REPAIR,60,0.00126807803752238,-0.00033192196247762017,0.5751266397470012,13.323372154548858
BTCUSDT,1.0,3.5788056536783848,2.1273533138662626,2.58869820756506,0.11007700466601056,0.33693377141936093,0.0012229847382976278,2024-02-12 15:05:00+00:00,48874.7,48859.97068182,-0.01957659075145224,0.017510081903316044,19.708753687840556,1.0,INDEX_CONFIRMED_DISCOVERY,120,0.017510081903316044,0.015910081903316043,0.33693377141936093,6.640544710019356
BTCUSDT,1.0,10.455138161259166,8.602254599538059,3.328258867518545,0.7114296969940681,-0.2409827253545002,-0.0026715881883480064,2024-02-12 17:25:00+00:00,49986.1,49970.60909091,-0.0002300639577803576,-0.0042831907270221015,299.3361483647056,0.5,REFLEXIVE_BASIS_REPAIR,60,-0.0002300639577803576,-0.0018300639577803577,0.7114296969940681,212.9566253304739
SOLUSDT,-1.0,2.060347092609075,-2.4302003437637074,1.5377987086644098,-0.08872594619846907,1.1494345672470545,0.003974289335506032,2024-02-12 19:50:00+00:00,110.021,109.97466279,0.004680924550767518,-0.00406286072658868,7.699844578148039,1.0,INDEX_CONFIRMED_DISCOVERY,120,-0.00406286072658868,-0.0056628607265886794,1.1494345672470545,8.85046752055317
ETHUSDT,1.0,2.5610231436891593,-2.846042599194267,2.357205364368816,-0.811074846282853,2.24789384281509,0.004501462975466941,2024-02-13 00:10:00+00:00,2677.8,2676.58439024,0.0044066024348345945,-0.0015647173052506513,17.181153589138592,1.0,INDEX_CONFIRMED_DISCOVERY,120,-0.0015647173052506513,-0.003164717305250651,2.24789384281509,38.62140936548503
BTCUSDT,1.0,2.0065035085063543,1.8204880011112854,1.7488943638156265,-0.31390065644652143,0.8571300874095377,0.0031014029275271415,2024-02-13 15:25:00+00:00,48806.3,48775.9412766,0.0023398618620957823,-0.004224864412995966,6.388388547431597,1.0,INDEX_CONFIRMED_DISCOVERY,120,-0.004224864412995966,-0.0058248644129959655,0.8571300874095377,5.475680034066134
XRPUSDT,1.0,2.5467967252960353,3.228092662861913,1.5438334958791673,0.5226163009402026,-0.18047818350183126,-0.0009512937595128612,2024-02-14 04:00:00+00:00,0.5251,0.5248435,0.0005713197486192367,-0.004760997905161046,12.692311870660319,1.0,REFLEXIVE_BASIS_REPAIR,60,0.0005713197486192367,-0.0010286802513807633,0.5226163009402026,6.633209080223919
ETHUSDT,1.0,3.249768052623958,4.1328081462389665,1.3882032250702792,-0.15733585984256093,2.4376878909286854,0.008488595788638476,2024-02-14 08:55:00+00:00,2694.5,2691.22795455,-0.02004824642790859,0.02384115791426966,18.64449646762882,1.0,INDEX_CONFIRMED_DISCOVERY,120,0.02384115791426966,0.02224115791426966,2.4376878909286854,45.449463271601424
SOLUSDT,1.0,3.754606499079984,3.225105514624724,1.9864827234086404,0.4026588910779483,-0.4952695714050755,-0.00542708824917415,2024-02-14 14:30:00+00:00,118.02,117.90071662,0.0035756651415014273,-0.01233689205219457,24.054323519882587,0.75,REFLEXIVE_BASIS_REPAIR,60,0.0035756651415014273,0.0019756651415014275,0.4026588910779483,9.685687234146132
ETHUSDT,1.0,2.3465426629056183,2.9623261835270545,1.7417214869154014,0.4939045681250043,-0.19980943874733367,-0.0012968258301839786,2024-02-14 22:00:00+00:00,2780.11,2779.00585366,0.002492707123099569,-0.0014280010503182616,12.107097544183627,1.0,REFLEXIVE_BASIS_REPAIR,60,0.002492707123099569,0.0008927071230995689,0.4939045681250043,5.979750783807314
XRPUSDT,1.0,3.701615460868407,3.4309203225072684,1.615163683320158,0.3877602601301846,-0.7459745023268786,-0.0023853211009176034,2024-02-15 01:15:00+00:00,0.5437,0.54310696,0.0012874747103180928,0.0156336214824353,20.512494322549983,0.0,REFLEXIVE_BASIS_REPAIR,60,0.0012874747103180928,-0.0003125252896819073,0.3877602601301846,7.953930134430917
XRPUSDT,-1.0,2.649269008615963,2.1497917563786046,3.365151631253308,0.39303798079504404,-0.4825863681913947,-0.002020944332169705,2024-02-15 06:00:00+00:00,0.5454,0.54493146,0.0016501650165017256,-0.008434176751008549,19.165806108989507,0.75,REFLEXIVE_BASIS_REPAIR,60,0.0016501650165017256,5.016501650172557e-05,0.39303798079504404,7.532889733386556
BTCUSDT,1.0,2.2512272605672488,2.187222747396925,3.2486258867877194,0.43738111440943017,-0.5858769229405956,-0.004353309196673427,2024-02-15 14:40:00+00:00,52580.5,52553.47638298,0.010618004773632839,-0.004956210001806682,15.996024245295375,0.75,REFLEXIVE_BASIS_REPAIR,60,0.010618004773632839,0.009018004773632838,0.43738111440943017,6.996358910527555
BTCUSDT,-1.0,2.2669270125371526,2.679448372768638,2.0904548240527827,0.6944547424754455,-0.4404548002628441,-0.0006760130593430613,2024-02-16 14:25:00+00:00,52105.2,52083.51489362,-0.005663542218435014,-0.0030150541596616343,12.697660693498156,1.0,REFLEXIVE_BASIS_REPAIR,60,-0.005663542218435014,-0.007263542218435014,0.6944547424754455,8.817950686943847
XRPUSDT,-1.0,2.1758410565295034,2.5997179921648046,2.744724298722999,0.1283309615956919,0.46699075117230826,0.0018198362147406888,2024-02-17 13:35:00+00:00,0.5485,0.5477533,-0.007657247037374582,0.005469462169553352,15.525733752411568,1.0,INDEX_CONFIRMED_DISCOVERY,120,0.005469462169553352,0.003869462169553352,0.46699075117230826,7.250374067539939
BTCUSDT,1.0,3.075770043112251,2.0615910228438667,1.9689400291218861,0.560222898084894,-0.4965832041166809,-0.0022357614265848813,2024-02-17 21:40:00+00:00,51946.4,51907.64863636,0.004464216962099421,-0.004219734187547286,12.48500916710578,1.0,REFLEXIVE_BASIS_REPAIR,60,0.004464216962099421,0.002864216962099421,0.560222898084894,6.994388018212469
SOLUSDT,-1.0,-2.179314246708954,-2.0044861020541127,1.2344493620945935,0.9970156321654973,-0.3038645176794472,-0.0023464335102825196,2024-02-19 12:10:00+00:00,112.348,112.26907183,0.010093637625947949,-0.004156727311567687,5.392574913182744,1.0,REFLEXIVE_BASIS_REPAIR,60,0.010093637625947949,0.008493637625947948,0.9970156321654973,5.376481486066695
BTCUSDT,-1.0,-2.994081619149676,-4.282437991955258,2.248789784040082,0.9996804868439094,-0.396567742937905,-0.0027508011805845722,2024-02-20 01:30:00+00:00,51471.7,51444.83702128,0.003943914811439964,-0.004431561421130548,28.833912621565997,1.0,REFLEXIVE_BASIS_REPAIR,60,0.003943914811439964,0.0023439148114399637,0.9996804868439094,28.82469980714184
XRPUSDT,1.0,3.4269275240715453,3.893939680826105,2.921940445533279,0.9000506245627184,-0.997052821332631,-0.005238344683080154,2024-02-20 04:20:00+00:00,0.5697,0.56918958,0.004914867474109186,-0.0015797788309637184,38.99110107084974,0.75,REFLEXIVE_BASIS_REPAIR,60,0.004914867474109186,0.003314867474109186,0.9000506245627184,35.09396487120639
ETHUSDT,1.0,-2.075651410103466,-2.3413998703632344,1.1687480707612565,0.899960674115626,-0.2151555806729319,-0.00018844909818527267,2024-02-20 18:05:00+00:00,2918.01,2916.38,-0.004342000198765517,0.02168943903550713,5.680033744373254,1.0,REFLEXIVE_BASIS_REPAIR,60,-0.004342000198765517,-0.005942000198765516,0.899960674115626,5.111806997585656
XRPUSDT,1.0,-2.7257571682420503,-1.7140069534489146,1.814660798548502,0.5052139037435897,-0.4841773766568671,-0.0014207068016338642,2024-02-20 20:40:00+00:00,0.5623,0.56205266,-0.00480170727369722,0.003378979192601772,8.478034894801391,1.0,REFLEXIVE_BASIS_REPAIR,60,-0.00480170727369722,-0.00640170727369722,0.5052139037435897,4.283221105276985
XRPUSDT,-1.0,-3.528084618301276,-2.446519524092799,1.6610325580360945,0.9333818069284013,-0.13095328911207108,-0.001645338208409619,2024-02-21 07:10:00+00:00,0.5479,0.54747486,0.0010950903449533644,0.0016426355174301577,14.33724886969872,1.0,REFLEXIVE_BASIS_REPAIR,60,0.0010950903449533644,-0.0005049096550466356,0.9333818069284013,13.382127256381573
ETHUSDT,-1.0,3.172502928151763,2.821473918165111,1.7932557108267235,0.9284009390329157,-1.0107310907596911,-0.0025507914702087575,2024-02-21 10:15:00+00:00,2904.53,2902.85522727,0.004362151535704406,-0.00065759348328287,16.05167264282273,1.0,REFLEXIVE_BASIS_REPAIR,60,0.004362151535704406,0.002762151535704406,0.9284009390329157,14.902387954645585
XRPUSDT,-1.0,-2.8533734058631173,-3.1861012288007737,1.1511281221873277,0.3624411427260035,-0.046427086149295325,-0.0005576208178437181,2024-02-21 14:25:00+00:00,0.5383,0.53811769,0.010031580902842174,-0.005015790451421198,10.465062904655316,1.0,REFLEXIVE_BASIS_REPAIR,60,0.010031580902842174,0.008431580902842174,0.3624411427260035,3.792969357862782
SOLUSDT,-1.0,-5.51054155564455,-4.108766589780272,2.857393686433902,0.9664713475674596,-0.75128352565884,-0.008252848129653545,2024-02-21 18:35:00+00:00,101.157,101.0731752,0.0052591516158051466,-0.007957926787073522,64.69576211704221,0.75,REFLEXIVE_BASIS_REPAIR,60,0.0052591516158051466,0.0036591516158051467,0.9664713475674596,62.52660039516158
SOLUSDT,1.0,-2.0644954465298446,-2.1070610121230877,1.148926772963606,0.5823931019391717,-0.2159515551435091,-0.001018669256180993,2024-02-21 23:15:00+00:00,104.932,104.87143339,0.0008386383562688504,-0.009234551900278332,4.997851988070371,0.75,REFLEXIVE_BASIS_REPAIR,60,0.0008386383562688504,-0.0007613616437311497,0.5823931019391717,2.9107145223651596
ETHUSDT,1.0,2.1156370468380885,1.8199043026364325,2.5841865558220767,0.5410834603809177,-0.3333914762873426,-0.0013644557614227448,2024-02-22 08:15:00+00:00,3008.08,3005.75636364,-0.0027259913300179406,0.003999228743916561,9.94978228375342,0.75,REFLEXIVE_BASIS_REPAIR,60,-0.0027259913300179406,-0.0043259913300179404,0.5410834603809177,5.38366262813005
ETHUSDT,1.0,5.38273081726491,4.9598751623527795,3.326712480179041,0.9133815400310455,-0.3026436016981968,-0.004501497194000614,2024-02-22 20:35:00+00:00,3012.04,3010.0104878,0.010431468373593988,-0.008791383912564288,88.81548158220293,1.0,REFLEXIVE_BASIS_REPAIR,60,0.010431468373593988,0.008831468373593988,0.9133815400310455,81.12242134615148
XRPUSDT,-1.0,-2.1041379136851788,-2.379621601028353,2.0275217977566045,0.7835474040795131,-0.36351314724235795,-0.002766506824050108,2024-02-22 22:35:00+00:00,0.5437,0.54330688,-0.0025749494206362966,0.0003678499172337091,10.151907135248512,0.75,REFLEXIVE_BASIS_REPAIR,60,-0.0025749494206362966,-0.0041749494206362965,0.7835474040795131,7.954500482280258
ETHUSDT,1.0,-2.752778281834809,-2.5212427239534847,2.192821924030678,0.5649917992794773,-0.6516024224844992,-0.0013122294372295285,2024-02-23 14:30:00+00:00,2952.92,2951.93227273,0.01114828711919047,-0.00995963317665216,15.219109992303666,1.0,REFLEXIVE_BASIS_REPAIR,60,0.01114828711919047,0.009548287119190469,0.5649917992794773,8.59867233798392
XRPUSDT,-1.0,-2.763597723411738,-2.9228877311072354,3.7624113205902483,0.8879944372945244,-0.36814367070553583,-0.003979533826037773,2024-02-23 16:10:00+00:00,0.5298,0.52931058,0.006606266515666093,-0.011136277840694486,30.391576797112705,0.75,REFLEXIVE_BASIS_REPAIR,60,0.006606266515666093,0.005006266515666093,0.8879944372945244,26.987551136445422
SOLUSDT,1.0,2.6682316635572785,1.7773568211054447,1.3744306517487426,0.7607135353498816,-0.06620533512870372,-0.0007530338575607587,2024-02-25 14:45:00+00:00,103.503,103.40326548,0.004280069176738843,-0.007690598340144739,6.518099575827443,1.0,REFLEXIVE_BASIS_REPAIR,60,0.004280069176738843,0.0026800691767388434,0.7607135353498816,4.958406572090258
ETHUSDT,1.0,5.826880710583492,5.434174235653827,2.376969939087054,-0.43055406569338994,0.5599626161242647,0.0032423164191419662,2024-02-25 20:15:00+00:00,3112.78,3105.34195122,0.004227732123696648,0.0002698552419380107,75.26505366299007,1.0,INDEX_CONFIRMED_DISCOVERY,120,0.0002698552419380107,-0.0013301447580619894,0.5599626161242647,42.14561635186109
SOLUSDT,1.0,3.9523773224670324,2.500062154698665,1.9715621556084384,0.5657546308247376,-0.33037083670550377,-0.0026556872784936347,2024-02-26 01:30:00+00:00,104.403,104.27393688,0.01271994099786411,-0.012700784460216719,19.481378215788165,0.75,REFLEXIVE_BASIS_REPAIR,60,0.01271994099786411,0.011119940997864109,0.5657546308247376,11.02167994043032
ETHUSDT,1.0,4.083145834199421,4.197689848932817,2.811734121253009,0.9419292311009261,-0.012081562398882448,-0.001057444984281175,2024-02-26 16:05:00+00:00,3145.77,3143.73365854,-0.002816480543714306,0.0013541994487835662,48.19250375046438,1.0,REFLEXIVE_BASIS_REPAIR,60,-0.002816480543714306,-0.004416480543714306,0.9419292311009261,45.393928002503415
SOLUSDT,1.0,2.101081595185938,1.8367965006027378,3.037056090761937,0.43723934329415937,0.02847887108253205,-0.00010895619960771263,2024-02-26 18:10:00+00:00,110.124,109.99905897,0.010760597145036521,0.0014347462860049287,11.720787028247083,0.75,REFLEXIVE_BASIS_REPAIR,60,0.010760597145036521,0.00916059714503652,0.43723934329415937,5.124789223121456
SOLUSDT,1.0,3.32994601716832,1.535283033218998,1.908872127471289,0.747205623717748,-0.7123052464440452,-0.006637407889033331,2024-02-26 22:50:00+00:00,110.001,109.88525454,-9.090826447022415e-05,0.0049545004136326565,9.75893623106714,1.0,REFLEXIVE_BASIS_REPAIR,60,-9.090826447022415e-05,-0.0016909082644702242,0.747205623717748,7.291932033356252
SOLUSDT,1.0,2.025111378999656,1.8737767046807152,1.6095988395199923,0.02626651843673211,0.6178561879253446,0.0026111995421458367,2024-02-27 01:20:00+00:00,112.118,111.96801238,0.010810039422750939,-0.004932303465991161,6.107794261253413,0.75,INDEX_CONFIRMED_DISCOVERY,120,-0.004932303465991161,-0.006532303465991161,0.46339214094400843,2.8303038591677474
ETHUSDT,1.0,2.54990071167071,2.444131791057379,1.4641650656605918,0.6857907737331139,-0.2478230554328664,-0.001882787263497887,2024-02-27 09:30:00+00:00,3244.38,3241.52909091,-0.003939119338671748,0.004574063457424726,9.125106265613685,0.75,REFLEXIVE_BASIS_REPAIR,60,-0.003939119338671748,-0.005539119338671748,0.6857907737331139,6.2579136862920945
BTCUSDT,-1.0,-3.8009299163467065,-3.376934056890603,2.6264557223320186,0.7227730856800054,-0.19506230764385601,-0.003013577069837625,2024-02-27 16:15:00+00:00,56514.8,56462.16957447,0.011878304444145504,-0.008247397141987634,33.711845325182566,1.0,REFLEXIVE_BASIS_REPAIR,60,0.011878304444145504,0.010278304444145504,0.7227730856800054,24.36601446964927
SOLUSDT,1.0,2.010284191323607,2.2679773074994722,1.3078093868163496,0.4902654237994314,-0.2278657317001848,-0.0017019889732842186,2024-02-28 09:20:00+00:00,110.271,110.14116389,-0.010664635307560566,0.03533113874001326,5.962667778559775,0.5,REFLEXIVE_BASIS_REPAIR,60,-0.010664635307560566,-0.012264635307560567,0.4902654237994314,2.923289845430822
BTCUSDT,1.0,3.2654620154337644,3.034362453513167,1.3773895278190535,0.7307953118094448,-0.5322882657123018,-0.0025720372013010584,2024-02-28 11:25:00+00:00,59371.7,59317.33851064,0.0013929195222639468,0.017959735025272927,13.647995447078728,0.75,REFLEXIVE_BASIS_REPAIR,60,0.0013929195222639468,-0.0002070804777360533,0.7307953118094448,9.973891088321782
ETHUSDT,1.0,3.655222280580303,4.879250577376237,1.9174913328700733,0.761286529977234,0.057626971172417135,-0.0005603785668539807,2024-02-28 15:20:00+00:00,3370.83,3367.60818182,-0.00138541546147386,0.032739710991061655,34.197969772469875,1.0,REFLEXIVE_BASIS_REPAIR,60,-0.00138541546147386,-0.00298541546147386,0.761286529977234,26.03445374034993
BTCUSDT,1.0,4.424961043635949,4.414508292923042,2.4639435098273994,0.3947999971727961,0.022755566372511065,-0.00035586958350319886,2024-02-28 16:40:00+00:00,61798.4,61709.60361702,0.016311101905550962,-0.02297470484672748,48.1307395968836,0.75,REFLEXIVE_BASIS_REPAIR,60,0.016311101905550962,0.014711101905550961,0.3947999971727961,19.002015856774232
BTCUSDT,-1.0,8.832346353169779,-3.0251995393139803,4.162599471039835,-0.41240022727550896,0.45857936070916183,0.005366632634362101,2024-02-28 17:40:00+00:00,60790.4,60515.16106383,-0.00677409590988054,-0.00376704216455237,111.2230349463694,1.0,INDEX_CONFIRMED_DISCOVERY,120,-0.00376704216455237,-0.00536704216455237,0.45857936070916183,51.00458826183884
BTCUSDT,1.0,2.598376232170026,1.5416408372876973,1.7434590906330614,0.10371442695263,0.2907164113252596,0.0007632300024731364,2024-02-28 19:55:00+00:00,61102.9,61009.26318182,0.01009444723572861,-0.008562605048205607,6.9838837606235975,0.75,INDEX_CONFIRMED_DISCOVERY,120,-0.008562605048205607,-0.010162605048205608,0.2180373084939447,1.522747218000938
BTCUSDT,-1.0,3.011241733626416,4.0468542403420455,1.727381335425406,0.358544300641888,-0.6818804420974844,-0.002336155786564653,2024-02-29 00:10:00+00:00,62384.4,62295.80595745,-0.01462545123460357,0.014019530523656565,21.049966340526144,0.75,REFLEXIVE_BASIS_REPAIR,60,-0.01462545123460357,-0.01622545123460357,0.358544300641888,7.547345460099229
XRPUSDT,1.0,4.340418919307158,1.921495109877471,1.9210560763859466,0.9181994967171224,-0.30489244075419386,-0.0046861924686192324,2024-02-29 05:15:00+00:00,0.5947,0.59402946,-0.00773499243315956,0.005212712291911892,16.021787734318263,0.5,REFLEXIVE_BASIS_REPAIR,60,-0.00773499243315956,-0.00933499243315956,0.9181994967171224,14.711197434159594
SOLUSDT,1.0,3.0087526304450125,2.956750495329243,2.103256875804556,0.5324933843786778,-0.19558014641288818,-0.0032028068820112443,2024-02-29 07:30:00+00:00,123.868,123.67567437,-0.04009106468175805,0.051522588562017635,18.710848337077717,0.25,REFLEXIVE_BASIS_REPAIR,60,-0.04009106468175805,-0.041691064681758046,0.5324933843786778,9.963402955606668
XRPUSDT,1.0,7.444196720204364,5.932004284113399,1.9742468989736854,0.4882365417096223,-0.25097476957851117,-0.002660016625103956,2024-02-29 10:45:00+00:00,0.5999,0.59850358,0.0016669444907484454,-0.009668278046341072,87.18078230780027,1.0,REFLEXIVE_BASIS_REPAIR,60,0.0016669444907484454,6.694449074844534e-05,0.4882365417096223,42.56484365749983
XRPUSDT,1.0,2.8948534455349306,1.9041262782503268,1.441562281399472,0.8219805993348696,-0.05113869225905879,-0.0013362284950726444,2024-02-29 12:25:00+00:00,0.5979,0.5971699,0.002843284830239212,0.014383676200033557,7.946131340171061,1.0,REFLEXIVE_BASIS_REPAIR,60,0.002843284830239212,0.0012432848302392121,0.8219805993348696,6.5315658013874
XRPUSDT,1.0,5.681164718636948,5.472215449278572,3.265910533393339,0.9948269179617883,-1.675174928306922,-0.01634353468995353,2024-02-29 16:25:00+00:00,0.6139,0.61324602,0.01694086984850951,-0.009284899820817816,101.53244689522981,0.0,REFLEXIVE_BASIS_REPAIR,60,0.01694086984850951,0.01534086984850951,0.9948269179617883,101.00721121790042
XRPUSDT,1.0,2.80977215527637,1.7349495635515286,1.5026462892207761,0.6423776295524051,-1.6800428635332392,-0.009519120301985762,2024-02-29 17:25:00+00:00,0.6035,0.60264162,-0.007787903893951897,0.011599005799503015,7.32511962674162,0.0,REFLEXIVE_BASIS_REPAIR,60,-0.007787903893951897,-0.009387903893951898,0.6423776295524051,4.70549298201408
SOLUSDT,-1.0,-2.979165622299408,-3.4636764621716583,1.3828499899219988,0.9047771248452395,-0.0889666276724339,-0.0027371824628239505,2024-02-29 22:25:00+00:00,125.288,125.13949385,0.004541536300364024,-0.030489751612285287,14.269443526818463,1.0,REFLEXIVE_BASIS_REPAIR,60,0.004541536300364024,0.0029415363003640243,0.9047771248452395,12.910666087336324
XRPUSDT,1.0,4.107709500570051,3.721646653302555,1.4131763874013132,0.7483784264905445,-0.26826005509337414,-0.0032409658078107473,2024-03-02 01:05:00+00:00,0.6151,0.61415923,-0.00975451146155093,0.030726711103885584,21.60385391725101,0.25,REFLEXIVE_BASIS_REPAIR,60,-0.00975451146155093,-0.01135451146155093,0.7483784264905445,16.167858200723895
XRPUSDT,1.0,5.708263631563238,4.283961062598884,2.5552691877742,0.7579456278052731,-0.11618092896827037,-0.0033143939393941446,2024-03-02 02:25:00+00:00,0.6315,0.63044441,-0.003958828186856778,-0.0030087094220109245,62.48649939617523,0.75,REFLEXIVE_BASIS_REPAIR,60,-0.003958828186856778,-0.0055588281868567775,0.7579456278052731,47.36136901418786
SOLUSDT,-1.0,-2.497713885910482,-1.5056795771511873,1.1815899342652945,0.11753260159815437,2.334506074039187,0.013650333068126907,2024-03-03 07:30:00+00:00,126.452,126.41881429,0.00028469300604183623,-0.03286622591971655,4.44367236542718,1.0,INDEX_CONFIRMED_DISCOVERY,120,-0.03286622591971655,-0.03446622591971655,2.334506074039187,10.373780128129834
BTCUSDT,-1.0,-3.5769022412210214,-10.902512357924413,2.960006434002508,0.624393106238545,-0.4183582209504113,-0.013630392029789107,2024-03-04 00:55:00+00:00,63344.5,63248.36425532,0.0035583199804245513,-0.00732028826496367,115.43202473669616,1.0,REFLEXIVE_BASIS_REPAIR,60,0.0035583199804245513,0.0019583199804245515,0.624393106238545,72.07496048475029
BTCUSDT,1.0,3.514472481875028,2.2631220130838514,1.8994914228656892,0.4060765633270558,-0.801774305872743,-0.004881907525728035,2024-03-04 08:50:00+00:00,65289.3,65171.44574468,-0.003049504283243909,-0.003574858361170996,15.107947012605736,1.0,REFLEXIVE_BASIS_REPAIR,60,-0.003049504283243909,-0.004649504283243909,0.4060765633270558,6.134983201806197
ETHUSDT,-1.0,-2.3236867902781055,-3.2638511530240892,2.703297202159647,0.701131421118708,-0.6245178958188896,-0.0037259968120428866,2024-03-04 14:10:00+00:00,3488.53,3485.75318182,0.0146766689694513,-0.023003958687470183,20.50225962071463,0.5,REFLEXIVE_BASIS_REPAIR,60,0.0146766689694513,0.0130766689694513,0.701131421118708,14.37477842401635
ETHUSDT,1.0,2.672448755355041,3.3196894791654894,2.7930931382431794,0.6213438521273449,-0.17558058512328512,-0.002144661025965444,2024-03-04 15:20:00+00:00,3564.0,3559.10022727,-0.0005555555555556424,-0.0006313131313131493,24.77948444136715,0.75,REFLEXIVE_BASIS_REPAIR,60,-0.0005555555555556424,-0.0021555555555556423,0.6213438521273449,15.396580316528674
SOLUSDT,1.0,-2.946554533084428,-2.3426596751909794,1.4135691481391945,0.9336532305488662,-0.28991804919964953,-0.0012029170739041861,2024-03-04 23:45:00+00:00,132.85,132.66999149,-0.0013172751223184953,-0.005223936770794024,9.757549049135259,1.0,REFLEXIVE_BASIS_REPAIR,60,-0.0013172751223184953,-0.002917275122318495,0.9336532305488662,9.110167191964152
BTCUSDT,1.0,2.236983564410843,2.2069757825814875,1.0701974109519612,0.38063496419486564,-0.0005479949352313846,-0.00031007207713185103,2024-03-05 02:30:00+00:00,68350.0,68242.94744681,0.004096561814191713,-0.003980980248719956,5.283530963037462,0.5,REFLEXIVE_BASIS_REPAIR,60,0.004096561814191713,0.0024965618141917128,0.38063496419486564,2.0110966189382284
ETHUSDT,1.0,6.4993709162765745,6.337503600428405,2.772882232953299,0.8792293900121447,-0.013679578752679677,-0.0019800022445368715,2024-03-05 04:10:00+00:00,3735.01,3730.22681818,0.013451101871213234,-0.006562231426421983,114.21442739353739,0.75,REFLEXIVE_BASIS_REPAIR,60,0.013451101871213234,0.011851101871213233,0.8792293900121447,100.42068132780628
BTCUSDT,1.0,2.001348316922104,3.7706326535765093,2.2024608124472898,0.6785997795056944,-0.5158511075064293,-0.004115575172091379,2024-03-05 15:20:00+00:00,68141.4,68051.56148936,0.043380382557446584,-0.05431353039415088,16.62053864325299,0.75,REFLEXIVE_BASIS_REPAIR,60,0.043380382557446584,0.04178038255744659,0.6785997795056944,11.27869385857735
SOLUSDT,-1.0,-2.14039222385902,-3.333008408767089,3.2260753472869315,0.6236570241808955,-0.5295246179354378,-0.012697598108967645,2024-03-05 17:15:00+00:00,130.24,130.02050994,0.0330313267813267,-0.01694563882063882,23.014644997288478,1.0,REFLEXIVE_BASIS_REPAIR,60,0.0330313267813267,0.0314313267813267,0.6236570241808955,14.353245011588667
XRPUSDT,1.0,-2.576525772483649,1.603003987579253,2.1868492945810707,0.3673471337893969,-0.35031867207426476,-0.004349280695885027,2024-03-05 19:50:00+00:00,0.5952,0.59479964,0.03931451612903225,-0.017641129032258007,9.032083597455284,1.0,REFLEXIVE_BASIS_REPAIR,60,0.03931451612903225,0.037714516129032254,0.3673471337893969,3.3179100216714232
ETHUSDT,-1.0,-2.216939253494607,-2.9955290837821367,1.7945874801125001,0.6688028122049561,-0.5880671876020307,-0.006714270184292159,2024-03-05 21:40:00+00:00,3519.01,3516.15634146,-0.009343536960679355,-0.00864731842194244,11.91768678362385,1.0,REFLEXIVE_BASIS_REPAIR,60,-0.009343536960679355,-0.010943536960679356,0.6688028122049561,7.970582435865468
ETHUSDT,-1.0,-3.466628108396103,-1.7968315145383995,1.341743515408546,0.5269793458673887,-0.024358145054558016,-0.0008101811807308401,2024-03-05 22:50:00+00:00,3471.17,3469.54634146,0.031099024248308238,-0.031856693852505114,8.357648754466014,1.0,REFLEXIVE_BASIS_REPAIR,60,0.031099024248308238,0.029499024248308237,0.5269793458673887,4.404308273617896
SOLUSDT,1.0,-4.234270678530993,-5.864319933398339,2.5086947969924136,0.9282619964196382,-0.14664527771712466,-0.0005795929370534525,2024-03-07 15:00:00+00:00,148.294,148.13563445,0.015064668833533412,-0.005408175651071656,62.29369638839706,1.0,REFLEXIVE_BASIS_REPAIR,60,0.015064668833533412,0.013464668833533412,0.9282619964196382,57.82487097385226
XRPUSDT,-1.0,-2.70035076665321,-3.5052364933719913,1.2104813491322377,0.7027719398019733,-0.9089413419297881,-0.009305310444408743,2024-03-08 15:30:00+00:00,0.6291,0.62807656,-0.03163249085995867,0.010809092354156724,11.457651489833445,0.25,REFLEXIVE_BASIS_REPAIR,60,-0.03163249085995867,-0.03323249085995867,0.7027719398019733,8.05211596308522
BTCUSDT,1.0,2.6534157907135216,2.8144403920367984,1.2774239871589776,-0.305068884761885,1.491791317389987,0.007143340927726394,2024-03-11 07:05:00+00:00,69889.0,69745.99636364,-0.02327261800855651,0.021645752550472963,9.539649783898266,1.0,INDEX_CONFIRMED_DISCOVERY,120,0.021645752550472963,0.020045752550472962,1.491791317389987,14.231166718560699
BTCUSDT,-1.0,-2.95417531581112,-4.2188537382822116,1.9451455264775266,0.8450431639773701,0.07847993548189497,-0.00011180898552920482,2024-03-11 12:00:00+00:00,71558.6,71498.45977273,0.006994267635196838,-0.0003675309466644183,24.24280303317647,1.0,REFLEXIVE_BASIS_REPAIR,60,0.006994267635196838,0.005394267635196838,0.8450431639773701,20.48621497883563
XRPUSDT,1.0,3.741825280393505,1.909739022981607,3.7226590416592327,0.45598465116713627,-0.16205598705777954,-0.004452840372419331,2024-03-11 17:15:00+00:00,0.7378,0.73628042,-0.0029818378964487913,0.005421523448088994,26.60178556087729,0.25,REFLEXIVE_BASIS_REPAIR,60,-0.0029818378964487913,-0.004581837896448791,0.45598465116713627,12.130005909399593
XRPUSDT,1.0,2.5645545787731345,2.324774343517828,2.2804382620885355,0.5873288274221635,-1.1615937900535223,-0.008206646037938858,2024-03-11 18:30:00+00:00,0.7372,0.73598976,0.00339120998372211,-0.007189365165490957,13.595997290260815,0.75,REFLEXIVE_BASIS_REPAIR,60,0.00339120998372211,0.0017912099837221098,0.5873288274221635,7.985321146123797
XRPUSDT,-1.0,-2.5565165972062505,-3.6867201146250665,2.4313087108022056,0.5303763658774194,-0.4607507157237337,-0.006956274843838761,2024-03-12 01:05:00+00:00,0.7093,0.70806798,0.0016918088256026032,0.0026786973072042697,22.91547643459789,1.0,REFLEXIVE_BASIS_REPAIR,60,0.0016918088256026032,9.180882560260307e-05,0.5303763658774194,12.153827113731673
XRPUSDT,1.0,-2.759806692573233,-1.9387501200011648,1.686739671354128,0.6970553129791892,-0.6516346630241556,-0.003102961918194591,2024-03-12 07:40:00+00:00,0.7068,0.7062343,0.02292020373514425,-0.01556310130164118,9.025028055568317,0.25,REFLEXIVE_BASIS_REPAIR,60,0.02292020373514425,0.02132020373514425,0.6970553129791892,6.290943755920137
BTCUSDT,1.0,2.4207124928212775,2.0349449941867426,1.4990005379966684,0.5991106839666787,0.037391471009100966,-0.0002565518865677019,2024-03-12 18:40:00+00:00,71312.3,71220.87212766,-0.0032869504980206354,-0.003676785070738098,7.384101787858933,1.0,REFLEXIVE_BASIS_REPAIR,60,-0.0032869504980206354,-0.004886950498020635,0.5991106839666787,4.42389427260374
ETHUSDT,1.0,3.8288699525743177,2.3299846746076556,1.9026628411335829,0.5177764218472145,-0.8757531752502153,-0.0040201743218097885,2024-03-13 08:35:00+00:00,4067.98,4061.8675,0.0029302012300945757,-0.00472716188378508,16.974051550522045,0.5,REFLEXIVE_BASIS_REPAIR,60,0.0029302012300945757,0.0013302012300945756,0.5177764218472145,8.788763676079467
XRPUSDT,-1.0,-2.4350927172116825,-1.6510281527870694,1.9008430926773394,0.774683630174405,-0.6641797427393039,-0.004303947758979021,2024-03-13 14:00:00+00:00,0.6767,0.67575767,-0.0035466233190483143,-0.001329983744643215,7.642162173840498,0.5,REFLEXIVE_BASIS_REPAIR,60,-0.0035466233190483143,-0.005146623319048314,0.774683630174405,5.9202579352122795
SOLUSDT,-1.0,-2.322572977135086,-1.857890128580758,1.6966270400877128,0.801833946844508,-0.9096575648663576,-0.006818423949713992,2024-03-14 15:15:00+00:00,170.106,169.94362586,-0.017248068851186904,0.007342480570938115,7.321090582020751,0.75,REFLEXIVE_BASIS_REPAIR,60,-0.017248068851186904,-0.018848068851186905,0.801833946844508,5.870298956587855
SOLUSDT,-1.0,3.211637342621456,3.852499917487123,1.8712649730829694,0.716887242982392,-0.8494814303498277,-0.004755581078170978,2024-03-14 16:20:00+00:00,167.967,167.83319232,0.0016372263599395698,0.007370495394928733,23.1528482574231,0.75,REFLEXIVE_BASIS_REPAIR,60,0.0016372263599395698,3.72263599395697e-05,0.716887242982392,16.597981554453725
SOLUSDT,-1.0,2.0380152086853474,2.723314074306368,1.5459125613646614,0.4223477858754475,-1.3600784013931375,-0.010869231100263832,2024-03-14 20:05:00+00:00,164.429,164.17961569,0.024381343923516985,-0.035705380437757395,8.580055107239199,0.0,REFLEXIVE_BASIS_REPAIR,60,0.024381343923516985,0.022781343923516984,0.4223477858754475,3.623767277231801
SOLUSDT,1.0,2.516154497698455,2.5245500376061085,2.4132893339979478,0.6905336534469795,0.047881756003619866,-0.0005935105879020242,2024-03-15 01:25:00+00:00,183.544,183.39001196,0.0025007627598832016,-0.046855249967310386,15.329594984653031,0.25,REFLEXIVE_BASIS_REPAIR,60,0.0025007627598832016,0.0009007627598832015,0.6905336534469795,10.585601230614952
XRPUSDT,-1.0,-3.278142189521214,-2.202442412015617,1.3853981147682946,0.8046029201706426,-0.1561618701722284,-0.002375673107380516,2024-03-15 04:10:00+00:00,0.6329,0.63228022,0.004266076789382289,0.0031600568810238316,10.002462712820057,1.0,REFLEXIVE_BASIS_REPAIR,60,0.004266076789382289,0.0026660767893822894,0.8046029201706426,8.048010707632985
SOLUSDT,1.0,-4.111116058740782,-4.238344097317713,1.6557198316662483,0.6196107956461122,-0.11499854315098833,-0.0001850630949488119,2024-03-15 12:40:00+00:00,172.882,172.79187763,-0.04213278421119604,0.04401267916845031,28.84979959650002,0.75,REFLEXIVE_BASIS_REPAIR,60,-0.04213278421119604,-0.04373278421119604,0.6196107956461122,17.875647282218264
SOLUSDT,-1.0,-3.7115860105114478,-4.188774876784681,1.036399078275211,0.6142066568888087,-0.4786185335319389,-0.004845482933132139,2024-03-15 19:45:00+00:00,186.64,186.53785658,-0.05115730818688369,0.04557436776682389,16.112894639514522,1.0,REFLEXIVE_BASIS_REPAIR,60,-0.05115730818688369,-0.052757308186883685,0.6142066568888087,9.896647149337822
SOLUSDT,-1.0,-3.1161597270051717,-4.446707042505577,1.1086965717398698,0.6801615896001683,-0.3400199978126004,-0.004237264908539817,2024-03-15 23:10:00+00:00,183.202,183.07393643,0.0038809619982316246,0.009404919160271086,15.3628196896238,0.75,REFLEXIVE_BASIS_REPAIR,60,0.0038809619982316246,0.0022809619982316247,0.6801615896001683,10.449199860835288
SOLUSDT,-1.0,-4.698954421187973,-2.939243004760257,1.5446630803375216,0.9207484160890003,-0.30716817223133963,-0.004958528669311235,2024-03-16 06:40:00+00:00,189.499,189.3199484,0.016279769286381418,-0.017752072570303756,21.33391164754118,1.0,REFLEXIVE_BASIS_REPAIR,60,0.016279769286381418,0.014679769286381417,0.9207484160890003,19.643165358456216
SOLUSDT,-1.0,-2.247632581251176,-1.6419596054976162,1.7281084907302533,0.35325879616394784,0.02606137644018847,-8.671345792854446e-05,2024-03-16 10:50:00+00:00,196.065,195.96873878,-0.010736235432127095,0.03030627597990465,6.377622241701365,0.5,REFLEXIVE_BASIS_REPAIR,60,-0.010736235432127095,-0.012336235432127095,0.35325879616394784,2.252951155491843
BTCUSDT,-1.0,-3.646198909556582,-2.4785169498490016,2.735065394026044,0.6878184120792935,-2.3624626688472707,-0.0121858819587779,2024-03-16 23:25:00+00:00,65860.0,65825.19404255,0.005496507743698809,-0.0005223200728818878,24.7172394392644,0.0,REFLEXIVE_BASIS_REPAIR,60,0.005496507743698809,0.0038965077436988087,0.6878184120792935,17.000972382098528
ETHUSDT,-1.0,-6.0979468882829195,-5.0938007679897455,2.2469114819242146,0.9709942557278629,-0.21280420659729007,-0.004263853896970815,2024-03-17 07:05:00+00:00,3459.93,3456.84659091,0.004699517042252355,-0.026182610630850922,69.79295001717426,1.0,REFLEXIVE_BASIS_REPAIR,60,0.004699517042252355,0.003099517042252355,0.9709942557278629,67.76855355697806
BTCUSDT,1.0,2.307833768239989,1.9962472799264779,1.3065627456920206,0.5199110453231379,-0.3359792760691468,-0.003413487066676768,2024-03-18 13:40:00+00:00,68317.6,68279.88893617,0.01901267023431752,-0.0129600571448647,6.019343561653411,1.0,REFLEXIVE_BASIS_REPAIR,60,0.01901267023431752,0.01741267023431752,0.5199110453231379,3.129523203298325
ETHUSDT,-1.0,-3.1518452191310424,-2.9742770185625687,2.143546204909863,0.996971858162209,-0.5905818663670772,-0.0051380576312403115,2024-03-19 01:40:00+00:00,3405.85,3402.88727273,0.010514262225288729,0.00612181981003268,20.0945898737624,0.75,REFLEXIVE_BASIS_REPAIR,60,0.010514262225288729,0.008914262225288728,0.996971858162209,20.033740605452408
BTCUSDT,-1.0,-2.2634146993954256,-3.1102329258436203,2.044883519536082,0.06378645835283447,0.2921842296204819,0.0028695430493637097,2024-03-19 07:10:00+00:00,64146.2,64128.67574468,0.005517084410300299,0.013821551393535358,14.395462464339158,1.0,INDEX_CONFIRMED_DISCOVERY,120,0.013821551393535358,0.012221551393535358,0.2921842296204819,4.206127110173501
BTCUSDT,1.0,2.1993603759126272,1.6859892123903337,1.1609786896048995,0.8683842936917915,-0.6108644585218465,-0.0034700429020639856,2024-03-19 09:30:00+00:00,63668.0,63611.54702128,0.008808192498586442,-0.016898598982220236,4.305022603656339,1.0,REFLEXIVE_BASIS_REPAIR,60,0.008808192498586442,0.0072081924985864425,0.8683842936917915,3.7384140130033074
ETHUSDT,-1.0,-2.181937014224825,-1.501149199931994,2.7985640180769358,0.4849357427813462,-0.1701786855037803,-0.0029427304311628877,2024-03-20 04:40:00+00:00,3132.14,3128.6925,-0.01108826553091502,-0.0025988621198287376,9.166452975112506,1.0,REFLEXIVE_BASIS_REPAIR,60,-0.01108826553091502,-0.012688265530915021,0.4849357427813462,4.445140682156464
ETHUSDT,-1.0,-3.1664935152734217,-2.9291239359166665,1.7332917368640652,0.7515098682027358,-0.1152177522622615,-0.001956181533646406,2024-03-20 15:50:00+00:00,3303.69,3301.77,-0.0194873005639149,0.005418183909507324,16.076370901341296,1.0,REFLEXIVE_BASIS_REPAIR,60,-0.0194873005639149,-0.0210873005639149,0.7515098682027358,12.081551377245294
BTCUSDT,1.0,-2.791998055819766,-2.4152496642917263,1.7882936800411648,0.6777226879376523,-0.9466541455712532,-0.0034273746158453022,2024-03-21 20:25:00+00:00,65568.3,65534.75204545,0.0006542795832742421,-0.00024859573909963295,12.05913018610939,0.25,REFLEXIVE_BASIS_REPAIR,60,0.0006542795832742421,-0.000945720416725758,0.6777226879376523,8.172746123920138
BTCUSDT,1.0,4.9144234346754,5.063983574930254,1.8720040507366704,0.9655363868723726,-0.06744821011430015,-0.0017042070369873707,2024-03-22 15:35:00+00:00,64026.1,63983.46386364,0.013794374481656657,-0.005026075303665167,46.58774029295507,1.0,REFLEXIVE_BASIS_REPAIR,60,0.013794374481656657,0.012194374481656656,0.9655363868723726,44.98215843500829
ETHUSDT,-1.0,-2.209818055462399,-1.9093267629099322,1.070016869336937,0.7320369052683309,-0.21048451104404514,-0.0023744829510303767,2024-03-22 16:40:00+00:00,3305.39,3302.57704545,0.010243874399087582,-0.015244797134377652,4.5146844634666286,1.0,REFLEXIVE_BASIS_REPAIR,60,0.010243874399087582,0.008643874399087582,0.7320369052683309,3.3049156428991258
ETHUSDT,-1.0,2.4420280339527127,1.7635480173313804,1.4677955587779543,0.526832439996378,-0.33748238590837437,-0.0017670133614879902,2024-03-25 17:45:00+00:00,3634.0,3630.71613636,-0.0004733076499724431,-0.0009218492019813507,6.321257814539965,1.0,REFLEXIVE_BASIS_REPAIR,60,-0.0004733076499724431,-0.002073307649972443,0.526832439996378,3.3302436782802616
BTCUSDT,1.0,2.03405361751438,1.915964285660768,1.1753644878526193,0.5750461951673776,-0.2706054778007089,-0.0013988223466895322,2024-03-28 00:00:00+00:00,69532.6,69471.93361702,-0.0030848839249502102,-0.0003811161958563458,4.580600023989042,1.0,REFLEXIVE_BASIS_REPAIR,60,-0.0030848839249502102,-0.00468488392495021,0.5750461951673776,2.6340566153784977
ETHUSDT,1.0,2.0019196114686997,2.3909662708332973,1.7590209261404521,0.8687183373328117,-0.8585098406909935,-0.0030194596668585705,2024-03-28 13:40:00+00:00,3585.81,3582.97204545,-0.004771585778387655,-0.0029477300805118567,8.419592832746108,0.25,REFLEXIVE_BASIS_REPAIR,60,-0.004771585778387655,-0.006371585778387655,0.8687183373328117,7.314254686682457
XRPUSDT,1.0,2.1168508353442057,1.777278191513125,1.7487282269691506,0.4235844011200711,-0.18049758148719822,-0.0018900614269963256,2024-03-28 17:20:00+00:00,0.6337,0.63336272,0.003629477670822334,-0.007258955341644335,6.57912273635952,1.0,REFLEXIVE_BASIS_REPAIR,60,0.003629477670822334,0.0020294776708223343,0.4235844011200711,2.7868137641762907
XRPUSDT,1.0,-2.314580476792872,-2.1169766952910147,2.3342181073941037,0.0996501333298423,0.8075466141942769,0.004462151394422298,2024-03-29 11:05:00+00:00,0.6303,0.63009934,-0.0,-0.0012692368713311808,11.437465482933566,1.0,INDEX_CONFIRMED_DISCOVERY,120,-0.0012692368713311808,-0.0028692368713311807,0.8075466141942769,9.23628652570691
XRPUSDT,1.0,3.8675921010709473,4.341536413117704,3.725201648942305,0.4958253691498764,-0.29436076989707743,-0.004971259903681968,2024-03-29 14:25:00+00:00,0.6405,0.63959695,0.012021857923497192,-0.01951600312256041,62.55094841488428,0.25,REFLEXIVE_BASIS_REPAIR,60,0.012021857923497192,0.010421857923497192,0.4958253691498764,31.014347088484875
XRPUSDT,1.0,2.2870088111880835,1.5953025922958821,1.3791748138965352,0.6475379546768892,0.018453027888863594,-0.0007928956549319022,2024-03-29 16:50:00+00:00,0.6301,0.62967663,-0.0068243136010157635,-0.0053959688938263195,5.031879429788474,1.0,REFLEXIVE_BASIS_REPAIR,60,-0.0068243136010157635,-0.008424313601015764,0.6475379546768892,3.25833291414594
SOLUSDT,1.0,4.512609113537527,4.302189764736328,2.5105690966264054,0.9708021726631043,-0.15979220954089884,-0.0023358058530194015,2024-03-30 05:40:00+00:00,199.464,199.29336619,0.0076755705290177945,-0.012964745517988319,48.740441357933854,1.0,REFLEXIVE_BASIS_REPAIR,60,0.0076755705290177945,0.006075570529017795,0.9708021726631043,47.31732636684081
ETHUSDT,1.0,5.815675522245474,3.712865342647606,2.9434587617890156,0.38040297731527406,0.04481480815148361,-9.74127182045148e-05,2024-03-31 05:30:00+00:00,3592.61,3587.54295455,-0.008392227377867378,0.007250995794144011,63.55757548749652,0.75,REFLEXIVE_BASIS_REPAIR,60,-0.008392227377867378,-0.009992227377867379,0.38040297731527406,24.17749094638396
BTCUSDT,1.0,2.230288386074232,2.125460887387925,1.384702134662659,-0.44261450666038815,0.2575156527421395,0.0008997418497682652,2024-03-31 23:40:00+00:00,71418.0,71317.10893617,0.004550673499677971,-0.006912823097818488,6.564029166007329,1.0,INDEX_CONFIRMED_DISCOVERY,120,-0.006912823097818488,-0.008512823097818489,0.2575156527421395,1.690340255302819
XRPUSDT,-1.0,-3.560957557638399,-3.130237301537191,4.210411149289067,-0.37515634565975065,0.519838496958343,0.009467841984982073,2024-04-01 05:55:00+00:00,0.6068,0.60701181,0.012689518787079912,-0.015161502966380969,46.93194649543135,1.0,INDEX_CONFIRMED_DISCOVERY,120,-0.015161502966380969,-0.01676150296638097,0.519838496958343,24.39703252551441
SOLUSDT,-1.0,-2.948681344276393,-2.468411281397621,2.2503837742049364,0.8791617723389806,-0.3292217923120952,-0.0037972320738115517,2024-04-01 16:00:00+00:00,188.217,188.05739524,0.00715663303527303,-0.012140242379806265,16.37954948770466,1.0,REFLEXIVE_BASIS_REPAIR,60,0.00715663303527303,0.00555663303527303,0.8791617723389806,14.400273757724472
SOLUSDT,-1.0,-3.505588769903666,-2.451468516848626,2.414546483716513,0.8402687685841048,0.052044479044257165,-8.028388381320362e-05,2024-04-02 02:35:00+00:00,186.852,186.70598696,-0.01115321216791898,0.017227538372615703,20.75022736677966,1.0,REFLEXIVE_BASIS_REPAIR,60,-0.01115321216791898,-0.01275321216791898,0.8402687685841048,17.435767997324138
BTCUSDT,-1.0,-2.052184726601367,-2.5013592396135405,1.8041992359977892,0.9720353228702745,-0.12256530839435754,-0.0008409538380795833,2024-04-02 13:10:00+00:00,65218.9,65166.58744681,0.0039835078481851305,-0.013534420237078626,9.261407942439892,1.0,REFLEXIVE_BASIS_REPAIR,60,0.0039835078481851305,0.0023835078481851306,0.9720353228702745,9.002415659562885
ETHUSDT,-1.0,-4.304847003237328,-1.8936003841559865,1.8572683903877618,0.5121438185259317,-0.38603432678338473,-0.0028012919619759824,2024-04-02 15:45:00+00:00,3275.5,3274.26590909,-0.008603266676843191,0.004387116470767838,15.13982033401185,1.0,REFLEXIVE_BASIS_REPAIR,60,-0.008603266676843191,-0.010203266676843192,0.5121438185259317,7.753765397657376
ETHUSDT,-1.0,-2.630149708689775,-1.7763140998833753,1.8957858716936593,0.6343347968238315,-0.0029581436531299996,-0.00041949879014113733,2024-04-03 18:30:00+00:00,3291.02,3289.13113636,0.008945554873565076,-0.0046155903033102685,8.857058533960945,1.0,REFLEXIVE_BASIS_REPAIR,60,0.008945554873565076,0.007345554873565076,0.6343347968238315,5.618340425596899
BTCUSDT,1.0,-2.159676329006915,1.5857357473445064,1.7001743165759975,-0.18525030312286406,1.791016062484145,0.003885436328232794,2024-04-04 13:20:00+00:00,67279.9,67280.56319149,-0.004038353208016154,0.0034527399713732976,5.822546105706865,0.75,INDEX_CONFIRMED_DISCOVERY,120,0.0034527399713732976,0.0018527399713732975,1.3432620468631087,7.821205199906625
SOLUSDT,1.0,-2.9942315880852304,-1.8650963745177958,1.7722587225998214,0.4149548353841114,-0.35840204837430534,-0.0018663047166609381,2024-04-05 08:30:00+00:00,176.49,176.44068924,0.023287438381778047,-0.03274973086293842,9.897232853749056,1.0,REFLEXIVE_BASIS_REPAIR,60,0.023287438381778047,0.021687438381778047,0.4149548353841114,4.106904629585658
BTCUSDT,-1.0,-2.258503689942806,-2.125642732549293,3.349374758024764,0.14750568719467616,0.4236435166795414,0.0028406262351369227,2024-04-05 12:40:00+00:00,66099.9,66105.30914894,0.0136187800586689,-0.025190658382236775,16.079584404985223,1.0,INDEX_CONFIRMED_DISCOVERY,120,-0.025190658382236775,-0.026790658382236775,0.4236435166795414,6.812011684073451
BTCUSDT,1.0,-2.0734868260091557,2.0638288188795832,2.2137133466898318,-0.25084848877240495,0.8592409005366439,0.00478598770784644,2024-04-05 14:50:00+00:00,68483.5,68506.96893617,0.008686763965042643,-0.009833025473289125,9.473191931947387,1.0,INDEX_CONFIRMED_DISCOVERY,120,-0.009833025473289125,-0.011433025473289126,0.8592409005366439,8.139753966562942
XRPUSDT,1.0,-3.79856147799723,-4.619822483496632,2.829402821467058,0.6756270299542717,-0.5015408999321139,-0.005018400802944134,2024-04-08 06:30:00+00:00,0.5948,0.59452857,-0.010255548083389465,0.015803631472763868,49.652283915607256,1.0,REFLEXIVE_BASIS_REPAIR,60,-0.010255548083389465,-0.011855548083389466,0.6756270299542717,33.54642511234799
ETHUSDT,1.0,3.792255206194665,2.252996788523044,2.8668038542912435,0.8203851167550771,-0.3406077148543031,-0.003033131794746735,2024-04-08 07:45:00+00:00,3470.99,3468.70613636,-0.02852500295304794,0.041086260692194454,24.493796685008885,1.0,REFLEXIVE_BASIS_REPAIR,60,-0.02852500295304794,-0.03012500295304794,0.8203851167550771,20.094346253206133
ETHUSDT,1.0,7.388856344100839,3.5950549733965773,3.485227373944163,0.40244039467320913,-0.1789145425985942,-0.00243213296398892,2024-04-08 09:00:00+00:00,3601.22,3596.52659091,-0.005823026640971785,0.0057813740898917665,92.57929625775583,1.0,REFLEXIVE_BASIS_REPAIR,60,-0.005823026640971785,-0.007423026640971784,0.40244039467320913,37.257648524539206
ETHUSDT,1.0,3.8610033144880944,2.7000003474083214,2.6151113332045384,0.40234097690910864,-0.2636050970180747,-0.001111718109806148,2024-04-08 12:20:00+00:00,3656.93,3653.37113636,-0.002873995400513696,-0.004413538131711525,27.26177802596255,0.5,REFLEXIVE_BASIS_REPAIR,60,-0.002873995400513696,-0.004473995400513696,0.40234097690910864,10.968530403245044
ETHUSDT,-1.0,-23.601565260179164,-22.92438557485985,2.612255227495706,0.9364253678597684,-0.06770286124860576,-0.005227159137035642,2024-04-08 13:45:00+00:00,3640.4,3637.37772727,-0.0029639600043951386,0.0015080760356005474,1413.3643014815286,0.5,REFLEXIVE_BASIS_REPAIR,60,-0.0029639600043951386,-0.0045639600043951385,0.9364253678597684,1323.510185934705
ETHUSDT,-1.0,3.1486868426183734,2.694123292651875,3.704789409294347,0.569882365084426,-0.11427150736293241,-0.0007225674488922085,2024-04-09 08:15:00+00:00,3600.88,3597.84068182,0.012599697851636282,-0.0068760969540777594,31.42754540894374,1.0,REFLEXIVE_BASIS_REPAIR,60,0.012599697851636282,0.010999697851636282,0.569882365084426,17.910003906447052
ETHUSDT,1.0,2.1056788667926587,1.9191719829572362,1.3760600553918743,0.8134629138746718,-0.18595010776962756,-0.001162838532739019,2024-04-09 09:20:00+00:00,3642.01,3640.27386364,0.003706744352706348,-0.001600764413057676,5.560878696925567,0.75,REFLEXIVE_BASIS_REPAIR,60,0.003706744352706348,0.0021067443527063483,0.8134629138746718,4.52356858850466
XRPUSDT,-1.0,2.137958293329488,2.2187850492742296,2.1036789242867746,0.7464959841089162,-0.0508970842883054,-0.0,2024-04-09 13:55:00+00:00,0.6278,0.62726404,-0.015610066900286768,0.009875756610385422,9.979158386537055,1.0,REFLEXIVE_BASIS_REPAIR,60,-0.015610066900286768,-0.01721006690028677,0.7464959841089162,7.449401660336723
SOLUSDT,1.0,3.370566579193318,2.456062093443801,2.5545088145501422,0.5260131428706116,-0.36983916766896735,-0.0048563218390804685,2024-04-09 16:20:00+00:00,173.155,172.99048425,-0.014443706505731901,0.01128468713002806,21.147043475204885,0.5,REFLEXIVE_BASIS_REPAIR,60,-0.014443706505731901,-0.016043706505731902,0.5260131428706116,11.123622800813983
ETHUSDT,-1.0,-2.1762195449536206,-2.6599840587897865,2.3036050548170017,0.6221531345711317,-0.3369639997224027,-0.003176762930462873,2024-04-10 03:00:00+00:00,3479.96,3477.37,0.010097817216289773,-0.011132311865653666,13.334899999746797,1.0,REFLEXIVE_BASIS_REPAIR,60,0.010097817216289773,0.008497817216289772,0.6221531345711317,8.296349834035054
XRPUSDT,-1.0,2.1983366057811042,3.5902197794882404,2.2885045727755022,0.9166201032863155,-0.1784040147725674,-0.00016455487905209232,2024-04-10 10:25:00+00:00,0.6078,0.60732705,0.009213557091148239,-0.0023033892727870597,18.06204880500821,1.0,REFLEXIVE_BASIS_REPAIR,60,0.009213557091148239,0.007613557091148239,0.9166201032863155,16.5560370412091
ETHUSDT,1.0,3.2936757398232057,2.9766761011316287,1.58499071708881,0.6987078737037284,-2.8440926942843694,-0.010237482312426494,2024-04-10 12:35:00+00:00,3483.39,3480.64045455,0.012312718357691765,-0.002181782688702616,15.539575275907623,0.0,REFLEXIVE_BASIS_REPAIR,60,0.012312718357691765,0.010712718357691765,0.6987078737037284,10.857623599288445
XRPUSDT,-1.0,-2.3428942924122915,-2.707935109144604,1.8136786281569077,0.42681595914976134,-0.11913054966742735,-0.0006485084306095956,2024-04-11 04:35:00+00:00,0.6172,0.6169295,0.0037265068049257,0.0009721322099804919,11.506713047191266,0.75,REFLEXIVE_BASIS_REPAIR,60,0.0037265068049257,0.0021265068049257,0.42681595914976134,4.911248765898013
SOLUSDT,1.0,2.5870167070789925,1.8237735017110173,1.6704195700499218,0.4988686607420981,-0.4619865642386963,-0.0024654408265534222,2024-04-11 15:10:00+00:00,173.981,173.81286365,-0.0021266690040866454,0.0014886683028607628,7.881260893583254,1.0,REFLEXIVE_BASIS_REPAIR,60,-0.0021266690040866454,-0.0037266690040866452,0.4988686607420981,3.931714066940949
BTCUSDT,-1.0,2.3083024175843896,4.625966927385105,2.844789933460569,0.7787032810231251,-0.3284643918315686,-0.0005178108061458797,2024-04-12 16:25:00+00:00,68979.8,68935.06510638,-0.009797071026590443,0.015662556284593565,30.3770385589608,1.0,REFLEXIVE_BASIS_REPAIR,60,-0.009797071026590443,-0.011397071026590443,0.7787032810231251,23.65469959362876
SOLUSDT,-1.0,12.863753477774017,12.03020973753006,4.388928814523615,0.9877104914229798,-0.6657575780541434,-0.006617324798301238,2024-04-12 17:35:00+00:00,163.071,162.9561459,-0.07531688650955726,0.06249425097043626,679.2027639495044,1.0,REFLEXIVE_BASIS_REPAIR,60,-0.07531688650955726,-0.07691688650955726,0.9877104914229798,670.8556957564111
SOLUSDT,-1.0,-14.294590870764337,-10.923637906399044,5.2002638267673085,0.6779271287366868,-0.04101277690691819,-0.007520442472594313,2024-04-12 18:40:00+00:00,151.923,151.63597815,-0.004475951633393316,-0.004298230024420313,812.015656668863,1.0,REFLEXIVE_BASIS_REPAIR,60,-0.004475951633393316,-0.006075951633393316,0.6779271287366868,550.4874426147576
ETHUSDT,1.0,-2.4774851248593723,-1.554521271717631,2.177781471420518,0.9403779696378706,-1.8770019194406529,-0.005142341495976477,2024-04-12 19:40:00+00:00,3219.24,3217.43704545,-0.006799741553907168,-0.001966302605583947,8.387297026269126,0.5,REFLEXIVE_BASIS_REPAIR,60,-0.006799741553907168,-0.008399741553907169,0.9403779696378706,7.88722934831271
XRPUSDT,-1.0,-5.48125657435373,-1.7901509646052032,1.5515828790764614,0.4690714974006762,-0.3253016528846803,-0.00331308669243513,2024-04-12 22:00:00+00:00,0.5451,0.54517326,-0.00036690515501736076,-0.003302146395156802,15.224560600483565,0.25,REFLEXIVE_BASIS_REPAIR,60,-0.00036690515501736076,-0.0019669051550173606,0.4690714974006762,7.141407438136165
SOLUSDT,-1.0,4.436729622843077,4.201229377288416,3.6501224486165698,0.983354631858917,-0.4143926190115813,-0.011342155009451904,2024-04-13 17:45:00+00:00,139.1,139.01126832,0.02127965492451489,-0.005456506110711912,68.03725613937948,1.0,REFLEXIVE_BASIS_REPAIR,60,0.02127965492451489,0.01967965492451489,0.983354631858917,66.90475096363035
SOLUSDT,-1.0,-4.989153845703966,-3.33773224088104,1.3257578413917928,0.5101716036183712,0.024852217809422896,-0.0006103164525881333,2024-04-13 19:10:00+00:00,142.636,142.64918086,-0.15744272133262283,0.1026739392579713,22.077128953510865,1.0,REFLEXIVE_BASIS_REPAIR,60,-0.15744272133262283,-0.15904272133262282,0.5101716036183712,11.263124281502211
SOLUSDT,-1.0,-3.4397847498219494,-2.8956362276817917,3.879642476084481,-0.26092753241426925,11.378416578797527,0.09375471299731541,2024-04-13 20:10:00+00:00,120.179,120.30388644,0.06500303713627176,-0.08640444670033864,38.64265643879044,1.0,INDEX_CONFIRMED_DISCOVERY,120,-0.08640444670033864,-0.08800444670033865,11.378416578797527,439.69224267191015
SOLUSDT,-1.0,-4.024038035711468,1.6987470474919677,2.2900447047834698,-0.03915718510230537,0.47369302360459886,0.006762924869914588,2024-04-13 22:10:00+00:00,130.563,130.71001137,0.08051285586268708,-0.07033386181383716,15.654339650622013,1.0,INDEX_CONFIRMED_DISCOVERY,120,-0.07033386181383716,-0.07193386181383717,0.47369302360459886,7.415351481636502
ETHUSDT,1.0,-2.24158366060747,2.069059040656099,3.0189356247353203,-0.5537980666730671,0.42622999201255074,0.0027717270354661316,2024-04-14 00:35:00+00:00,2973.88,2975.39545455,-0.008056814666361767,-0.0017754583238059896,14.001729654451623,1.0,INDEX_CONFIRMED_DISCOVERY,120,-0.0017754583238059896,-0.0033754583238059894,0.42622999201255074,5.96795711877881
SOLUSDT,-1.0,-2.977743162473525,-1.5198614094499845,1.485968328667263,0.9876360826537823,-0.1665797072709448,-0.002942586860804841,2024-04-14 13:55:00+00:00,138.039,137.95697336,-0.0067662037540114905,0.005759241953360972,6.7251314462137435,0.75,REFLEXIVE_BASIS_REPAIR,60,-0.0067662037540114905,-0.008366203754011491,0.9876360826537823,6.641982476870307
XRPUSDT,1.0,-2.2470303629454103,-2.1017927853825995,2.0859196769981456,-0.18921577869516315,1.5512674063188576,0.010869565217391353,2024-04-14 17:35:00+00:00,0.4836,0.48405334,-0.016956162117452545,0.011373035566583978,9.851365191563735,1.0,INDEX_CONFIRMED_DISCOVERY,120,0.011373035566583978,0.009773035566583977,1.5512674063188576,15.28210172941695
XRPUSDT,-1.0,-2.444916463242793,-1.938716987224076,1.3974881874173959,0.6194508152084152,-0.5718648469322362,-0.0056402757468141385,2024-04-16 04:50:00+00:00,0.4814,0.48157972,0.013917739925218164,-0.02700457000415457,6.624095517132277,1.0,REFLEXIVE_BASIS_REPAIR,60,0.013917739925218164,0.012317739925218164,0.6194508152084152,4.103301368105997
SOLUSDT,-1.0,-2.3141029497894623,-2.958073202659016,1.536178692277451,0.8490151293045851,-0.39560767591754753,-0.008181186429970344,2024-04-16 16:15:00+00:00,127.668,127.60574783,0.03829463922047793,-0.04713788889933257,10.515582378943932,0.75,REFLEXIVE_BASIS_REPAIR,60,0.03829463922047793,0.036694639220477936,0.8490151293045851,8.9278885331721
XRPUSDT,-1.0,-5.028005295407594,-3.615445889406528,1.656445079866753,0.8232554537470943,-0.21613638680808628,-0.0030493615399274088,2024-04-22 01:35:00+00:00,0.5263,0.52645702,-0.0039901197035910885,-0.009500285008550158,30.111655539771586,1.0,REFLEXIVE_BASIS_REPAIR,60,-0.0039901197035910885,-0.005590119703591088,0.8232554537470943,24.789584644470864
SOLUSDT,1.0,3.877663678937889,2.8481429723098293,1.8657452269681836,0.906218619081029,-0.1230282772350073,-0.00257981089922088,2024-04-22 06:30:00+00:00,155.81,155.89944829,0.013253321352929781,-0.01368333226365448,20.605552528598924,1.0,REFLEXIVE_BASIS_REPAIR,60,0.013253321352929781,0.01165332135292978,0.906218619081029,18.67313535786852
XRPUSDT,1.0,2.1633624507916203,1.6652345519606118,1.4422704011414396,0.5036487912113632,-0.5532880623512263,-0.003213138164941176,2024-04-22 21:30:00+00:00,0.5584,0.55885602,-0.0010744985673352137,-0.0017908309455587634,5.195787631630994,0.75,REFLEXIVE_BASIS_REPAIR,60,-0.0010744985673352137,-0.0026744985673352135,0.5036487912113632,2.6168521600619017
SOLUSDT,-1.0,2.276378967887785,1.8311915107385,1.597628943240017,0.7846671435029937,-1.1384955326949615,-0.006836445048574724,2024-04-24 19:35:00+00:00,151.104,151.19464724,-0.010390194832698096,0.009510006353240175,6.65969362941893,0.0,REFLEXIVE_BASIS_REPAIR,60,-0.010390194832698096,-0.011990194832698097,0.7846671435029937,5.225642776801236
BTCUSDT,-1.0,-2.6179132692416895,-2.0913128670171006,2.3019889571638528,0.7109231541488419,0.11072138385042062,-0.00011826202133446984,2024-04-25 10:30:00+00:00,63426.0,63447.82787234,0.007252546274398419,-0.009737331693627116,12.603103414063948,0.75,REFLEXIVE_BASIS_REPAIR,60,0.007252546274398419,0.005652546274398419,0.7109231541488419,8.95983803119038
BTCUSDT,-1.0,-3.959485586090717,-3.356353623188801,1.8143831346915487,0.7866453611199006,-0.42128547442442116,-0.0026177887660270294,2024-04-26 13:00:00+00:00,64114.5,64136.14978723,0.005473020923504102,0.004482605338885892,24.112124543327766,1.0,REFLEXIVE_BASIS_REPAIR,60,0.005473020923504102,0.0038730209235041018,0.7866453611199006,18.967690918754087
XRPUSDT,-1.0,-2.4745606327921394,-1.8381864288798506,1.3823147050478086,0.9792539764412223,-0.5467599091686484,-0.004278490859587647,2024-04-26 15:30:00+00:00,0.5164,0.51667852,0.008520526723470256,-0.012587141750580955,6.28774011382512,1.0,REFLEXIVE_BASIS_REPAIR,60,0.008520526723470256,0.0069205267234702566,0.9792539764412223,6.157294509292233
XRPUSDT,-1.0,2.9833929252547686,3.6827448214638063,2.0221825374605715,0.9628888649553561,-0.48372872873737494,-0.0013285253368759964,2024-04-26 21:40:00+00:00,0.5276,0.527866,-0.005117513267626883,0.0037907505686125553,22.21787089109821,0.25,REFLEXIVE_BASIS_REPAIR,60,-0.005117513267626883,-0.006717513267626883,0.9628888649553561,21.393340484054203
SOLUSDT,-1.0,-3.3482082535815825,-2.805813889630512,1.6337274551547725,0.7289290001015842,-0.143556136267707,-0.0016698095553411285,2024-04-26 22:50:00+00:00,139.17,139.26189104,0.0010418912121865631,0.014550549687432524,15.347969622121342,1.0,REFLEXIVE_BASIS_REPAIR,60,0.0010418912121865631,-0.000558108787813437,0.7289290001015842,11.187580150242399
XRPUSDT,-1.0,-2.5251437828641796,-2.5434863381209554,1.9964321199655444,0.4075575023118453,-0.5670573993310618,-0.005402276673741158,2024-04-27 00:50:00+00:00,0.5211,0.52119387,-0.014584532719247867,0.00940318556898867,12.822422115541377,1.0,REFLEXIVE_BASIS_REPAIR,60,-0.014584532719247867,-0.016184532719247868,0.4075575023118453,5.225874330998211
ETHUSDT,-1.0,-2.3663014021195723,-1.865048975517537,1.3475419715519907,0.48870371722750516,-0.11068025081457498,-0.0005591846071726359,2024-04-27 14:50:00+00:00,3149.2,3151.1775,-0.002292645751301836,-0.0022164359202336836,5.947063869507988,1.0,REFLEXIVE_BASIS_REPAIR,60,-0.002292645751301836,-0.003892645751301836,0.48870371722750516,2.9063522196179448
BTCUSDT,-1.0,-2.7132369465905626,-2.807685406014247,1.4412930705457432,0.9695940341360909,-0.16232030143246032,-0.0012271913733228335,2024-04-27 16:35:00+00:00,62821.9,62850.20829787,0.0016968604897336093,-0.004670345850730451,10.979649222833896,1.0,REFLEXIVE_BASIS_REPAIR,60,0.0016968604897336093,9.686048973360918e-05,0.9695940341360909,10.645802383366712
ETHUSDT,1.0,3.5155373866495254,3.2011600367576207,2.7046500470308223,-0.06415508053389218,1.8573243538495012,0.01041904374873015,2024-04-27 17:45:00+00:00,3232.28,3232.045,-0.005797765045107317,4.0219287932963255e-05,30.437584721646676,1.0,INDEX_CONFIRMED_DISCOVERY,120,4.0219287932963255e-05,-0.0015597807120670368,1.8573243538495012,56.53246737587186
ETHUSDT,1.0,2.454285061932329,1.7258181233022865,1.1574522157009806,0.9525407979778562,-0.8996086442044469,-0.0029183269080835794,2024-04-27 20:10:00+00:00,3235.54,3237.07636364,-0.00011435494538769575,0.00336883487764017,4.902562060326146,0.0,REFLEXIVE_BASIS_REPAIR,60,-0.00011435494538769575,-0.0017143549453876958,0.9525407979778562,4.66989037707903
ETHUSDT,-1.0,-2.061163577680306,-2.020666940535791,3.1897644960062568,0.786991937035983,-0.485378567759146,-0.0030973200627018027,2024-04-29 04:05:00+00:00,3186.78,3188.40727273,0.0022656098004882885,-0.004145250064328199,13.28513021395687,1.0,REFLEXIVE_BASIS_REPAIR,60,0.0022656098004882885,0.0006656098004882885,0.786991937035983,10.45529036085718
BTCUSDT,1.0,2.961415475186389,1.746400791161066,1.5717089477906638,0.9083994816441927,-0.42375212424661546,-0.0017066305287388728,2024-04-29 17:35:00+00:00,63057.6,63089.12340426,0.004451485625840412,-0.005068381923828302,8.128593143757506,0.75,REFLEXIVE_BASIS_REPAIR,60,0.004451485625840412,0.0028514856258404124,0.9083994816441927,7.384009798285857
SOLUSDT,1.0,2.5002634416704383,2.266614484697066,1.230642245093984,0.5229895248015493,-0.11232364404455852,-0.0016649186243515857,2024-04-29 22:25:00+00:00,136.116,136.2103441,-0.01652267183872569,0.010564518498927367,6.974213687491686,1.0,REFLEXIVE_BASIS_REPAIR,60,-0.01652267183872569,-0.01812267183872569,0.5229895248015493,3.647440702285737
BTCUSDT,-1.0,-2.3816703057547373,-1.536259141070248,2.26682923653949,0.05169748322209977,1.2497905175085897,0.0057612094293210125,2024-04-30 02:05:00+00:00,63214.1,63224.51148936,0.006996856713929356,-0.0063530130145015296,8.294017118180788,1.0,INDEX_CONFIRMED_DISCOVERY,120,-0.0063530130145015296,-0.00795301301450153,1.2497905175085897,10.365783946356268
XRPUSDT,-1.0,-4.805062439703698,-4.232967382948221,2.0330077979440215,0.8402105427283522,0.07419781215973448,-0.0003976933784051173,2024-04-30 08:40:00+00:00,0.5031,0.50346186,-0.001391373484396774,0.004372888093818306,41.35071296336866,1.0,REFLEXIVE_BASIS_REPAIR,60,-0.001391373484396774,-0.002991373484396774,0.8402105427283522,34.743304981156285
XRPUSDT,-1.0,-2.047821144617185,-3.329460542018777,1.6202905273976345,0.9622712956107721,-0.1564117909216073,-0.0012101653892697684,2024-04-30 11:45:00+00:00,0.4964,0.49666248,-0.003626107977437565,-0.0014101531023367198,11.047367167328925,1.0,REFLEXIVE_BASIS_REPAIR,60,-0.003626107977437565,-0.005226107977437565,0.9622712956107721,10.63056431719351
BTCUSDT,-1.0,-3.285849023617385,-2.5390845899567003,2.392301009644447,0.7582730339701255,-0.01283370806204971,-0.0006171569635877727,2024-04-30 14:00:00+00:00,60800.0,60821.20297872,0.006802631578947338,0.0005773026315789576,19.95908363903143,1.0,REFLEXIVE_BASIS_REPAIR,60,0.006802631578947338,0.005202631578947338,0.7582730339701255,15.134434906231855
ETHUSDT,-1.0,2.0128668872311826,1.6555147703525603,1.946244884304063,-0.10811158489832406,1.8657161326211893,0.0055605186194152,2024-04-30 20:00:00+00:00,2927.6,2927.94272727,0.012860363437628086,-0.019931001502937473,6.4855318940752955,0.5,INDEX_CONFIRMED_DISCOVERY,120,-0.019931001502937473,-0.021531001502937474,0.9328580663105946,6.050080741702769
XRPUSDT,1.0,2.3020643572569135,1.5195862566351854,1.253311461926759,0.8185364717091912,0.18158312904811233,0.0,2024-05-01 01:30:00+00:00,0.5004,0.50072008,0.0005995203836929308,0.002597921662669922,4.384315806601308,1.0,REFLEXIVE_BASIS_REPAIR,60,0.0005995203836929308,-0.0010004796163070693,0.8185364717091912,3.588722391194272
SOLUSDT,-1.0,4.744301459167711,4.305090129165913,3.601940507998178,0.9221492047980737,-0.12725685530663297,-0.0007096119412837165,2024-05-01 07:15:00+00:00,121.279,121.32331122,-0.0054584882790919,-0.0038836072197165894,73.56835756166431,1.0,REFLEXIVE_BASIS_REPAIR,60,-0.0054584882790919,-0.0070584882790919,0.9221492047980737,67.8410024237891
BTCUSDT,1.0,2.570056021528136,2.0561225158136858,1.1828049208262834,-1.176099312174487,0.9560478286300166,0.002879983762910543,2024-05-01 09:05:00+00:00,57317.7,57298.34340426,0.00658609818607514,0.0074741310275883155,6.250355245780898,1.0,INDEX_CONFIRMED_DISCOVERY,120,0.0074741310275883155,0.005874131027588316,0.9560478286300166,5.975638560895061
BTCUSDT,-1.0,3.4004152045822975,1.8495851877576,1.5564583590295085,0.04848370713433314,0.32289142116471814,0.002296209240534419,2024-05-01 15:15:00+00:00,56963.0,57014.6593617,0.0006407668135457456,0.0037392693502800167,9.789123201073805,1.0,INDEX_CONFIRMED_DISCOVERY,120,0.0037392693502800167,0.002139269350280017,0.32289142116471814,3.1608239023512357
XRPUSDT,1.0,2.1121599137712233,1.8382544566073198,1.0760302208511026,-0.07497120142968616,1.8778363252785382,0.0071428571428573395,2024-05-01 17:30:00+00:00,0.5076,0.50760686,-0.006107171000788059,0.02285263987391639,4.177888953140662,1.0,INDEX_CONFIRMED_DISCOVERY,120,0.02285263987391639,0.02125263987391639,1.8778363252785382,7.845391639187459
SOLUSDT,1.0,3.7780365415763404,4.713119736368898,2.2799857490190933,0.884020392145954,-0.8296626994202724,-0.00444376574788119,2024-05-01 19:55:00+00:00,130.388,130.43380019,-0.01656594165107217,0.0268199527563886,40.59819822473282,0.0,REFLEXIVE_BASIS_REPAIR,60,-0.01656594165107217,-0.01816594165107217,0.884020392145954,35.889635115047476
ETHUSDT,1.0,4.8032414557366785,3.792489270279467,1.1438081011880221,0.6081510953936738,-0.5287903246977244,-0.002916285452882028,2024-05-01 21:35:00+00:00,2964.29,2964.72636364,-0.0019060213406920656,0.0025065024002375313,20.835884810720902,0.75,REFLEXIVE_BASIS_REPAIR,60,-0.0019060213406920656,-0.0035060213406920655,0.6081510953936738,12.671366171136327
SOLUSDT,-1.0,2.12336108462247,2.6935635596551255,1.1490765300979096,0.9241356533203031,-0.3880709091452914,-0.001941267005421743,2024-05-02 05:00:00+00:00,129.548,129.61081251,-2.315743971359474e-05,-0.0008877018556829874,6.572037546574073,1.0,REFLEXIVE_BASIS_REPAIR,60,-2.315743971359474e-05,-0.0016231574397135948,0.9241356533203031,6.073454211748793
ETHUSDT,1.0,3.4863385012541914,2.1176271005351004,1.5056954893748657,0.9729120785090173,-0.6149587687616147,-0.004019063169982018,2024-05-02 21:45:00+00:00,3001.03,3002.38613636,0.0018993478905576788,-0.004838338836999245,11.116195796841119,1.0,REFLEXIVE_BASIS_REPAIR,60,0.0018993478905576788,0.00029934789055767875,0.9729120785090173,10.815081157817895
SOLUSDT,1.0,-3.4460076104090005,-2.073884715306882,2.6941628035929526,0.5121539798203167,-0.5916994381641701,-0.003946622628702712,2024-05-03 13:10:00+00:00,142.343,142.46236196,-0.0029576445627816916,-0.002529102238957859,19.254164543307816,1.0,REFLEXIVE_BASIS_REPAIR,60,-0.0029576445627816916,-0.0045576445627816915,0.5121539798203167,9.861096998970329
BTCUSDT,1.0,-2.0677979827431785,-1.7183682770178361,2.46113032987599,0.4490731962525436,-0.2743774911314219,-0.0010497937683248137,2024-05-04 11:05:00+00:00,64326.0,64343.78361702,0.008037185585921702,-0.004401019805366446,8.744982935379555,1.0,REFLEXIVE_BASIS_REPAIR,60,0.008037185585921702,0.006437185585921702,0.4490731962525436,3.927137437964848
BTCUSDT,-1.0,-4.117776977501453,-3.1068526447257576,1.1964705247723846,0.5160679492359412,-0.10146242984971614,-0.0017083950691152427,2024-05-04 21:40:00+00:00,63618.4,63627.50829787,0.0013439508066848127,-0.0039076745092614384,15.306837823299736,1.0,REFLEXIVE_BASIS_REPAIR,60,0.0013439508066848127,-0.00025604919331518737,0.5160679492359412,7.899368404757433
SOLUSDT,-1.0,-3.6550012199800417,-1.8007801866721491,1.0914833714277614,0.919431941495358,0.06170110592811585,-0.0002409306808013323,2024-05-05 00:40:00+00:00,145.305,145.38254685,-0.012208802174735855,0.0033240425312274224,7.183983953168598,1.0,REFLEXIVE_BASIS_REPAIR,60,-0.012208802174735855,-0.013808802174735856,0.919431941495358,6.605184313733301
ETHUSDT,1.0,5.357510334415353,3.1437220753717376,2.722849781808981,0.8918687930583563,-0.34367455627450383,-0.0033605225375890058,2024-05-05 08:55:00+00:00,3158.5,3159.61227273,0.004441981953459018,-0.007370587304100118,45.85966145705638,0.5,REFLEXIVE_BASIS_REPAIR,60,0.004441981953459018,0.002841981953459018,0.8918687930583563,40.9008009137697
XRPUSDT,-1.0,3.071835955999317,1.6679285490902382,1.920626342664409,0.7371481920484473,-0.5731280742254502,-0.0014776505356484115,2024-05-06 09:35:00+00:00,0.5422,0.54236758,-0.004057543341940195,0.010328292143120699,9.840526678220632,1.0,REFLEXIVE_BASIS_REPAIR,60,-0.004057543341940195,-0.005657543341940195,0.7371481920484473,7.253926449654852
BTCUSDT,-1.0,2.1400079984285783,2.841817007304218,2.625897922957068,0.15121664625926778,0.9115567263508014,0.003897914872908248,2024-05-06 10:50:00+00:00,63861.3,63872.23489362,0.003354144059078079,0.004082284576104822,15.969427433419582,1.0,INDEX_CONFIRMED_DISCOVERY,120,0.004082284576104822,0.0024822845761048222,0.9115567263508014,14.557038992904635
XRPUSDT,-1.0,-2.3438350157346006,-3.4917043796482816,2.30252811514542,0.5756772105274723,-0.7891321699521361,-0.005714285714285783,2024-05-06 13:00:00+00:00,0.528,0.52813637,0.007575757575757569,-0.003030303030302939,18.8438417173445,1.0,REFLEXIVE_BASIS_REPAIR,60,0.007575757575757569,0.005975757575757569,0.5756772105274723,10.847970235462096
SOLUSDT,1.0,3.58295628315567,1.6277625112639638,1.129448037577181,0.8633696763791048,-0.5436232879066316,-0.0036475778916610357,2024-05-06 15:50:00+00:00,153.786,153.84102131,0.01186714005176015,-0.016789564719805417,6.587169010156273,1.0,REFLEXIVE_BASIS_REPAIR,60,0.01186714005176015,0.01026714005176015,0.8633696763791048,5.68716197655309
ETHUSDT,-1.0,-2.0914650468770555,-2.0128649881503606,1.5608287780459487,0.5991137330458595,-0.05426050028395059,-0.0007411422078855701,2024-05-06 17:40:00+00:00,3065.11,3066.0675,0.0035561529602525788,0.002293555533080416,6.570834376495911,1.0,REFLEXIVE_BASIS_REPAIR,60,0.0035561529602525788,0.001956152960252579,0.5991137330458595,3.936677112528528
SOLUSDT,-1.0,-4.1016100867907825,-3.336981076221899,1.6248619446233756,0.7489808884590574,-0.20735102239713746,-0.002347632152126522,2024-05-07 13:55:00+00:00,153.706,153.74358591,0.005614614914186911,-0.006362796507618507,22.239477704417325,1.0,REFLEXIVE_BASIS_REPAIR,60,0.005614614914186911,0.004014614914186911,0.7489808884590574,16.656943769919888
ETHUSDT,-1.0,-2.2498166987682056,-1.6436972026448529,1.9513801549352343,0.012647414307978555,0.8148784594618833,0.002836884172257914,2024-05-08 15:25:00+00:00,2984.23,2986.45590909,0.008487951665923754,-0.007961852806251501,7.216237794731335,1.0,INDEX_CONFIRMED_DISCOVERY,120,-0.007961852806251501,-0.009561852806251502,0.8148784594618833,5.880356737281288
ETHUSDT,-1.0,-6.060820015290907,-3.991283271291243,3.829270818773258,0.8889651947279146,-0.11309951892931215,-0.0021582221136324797,2024-05-08 20:25:00+00:00,2953.23,2954.76977273,0.0033048560389810078,-0.005532924966900721,92.63178250633443,1.0,REFLEXIVE_BASIS_REPAIR,60,0.0033048560389810078,0.0017048560389810077,0.8889651947279146,82.34643057373742
ETHUSDT,-1.0,-4.016438787120522,-4.922498950909808,1.0139337303135787,0.8276819156141484,-0.109224079661644,-0.0012048599392509018,2024-05-08 21:55:00+00:00,2966.57,2967.56227273,-0.0011258793825866809,-0.0028349238345968253,20.046398323633387,1.0,REFLEXIVE_BASIS_REPAIR,60,-0.0011258793825866809,-0.0027258793825866807,0.8276819156141484,16.592041365669136
SOLUSDT,-1.0,2.1338032590555525,1.567642906032962,1.7364212764215505,0.5754831034580192,-0.7088321699941578,-0.002884830831279439,2024-05-09 08:00:00+00:00,143.228,143.26430993,0.003490937526182014,0.002583293769374717,5.808401303918513,1.0,REFLEXIVE_BASIS_REPAIR,60,0.003490937526182014,0.001890937526182014,0.5754831034580192,3.3426368085086318
BTCUSDT,-1.0,-2.9953571475377254,-1.8532657430915982,1.3102008515973524,-0.17464105679130726,0.7293332011428604,0.0009674551999488967,2024-05-09 13:45:00+00:00,61029.0,61028.74510638,0.005559651968736201,-0.01720165822805564,7.2731775206507185,1.0,INDEX_CONFIRMED_DISCOVERY,120,-0.01720165822805564,-0.01880165822805564,0.7293332011428604,5.304569843616481
SOLUSDT,1.0,-3.1230709490304,-1.7524068686557273,2.3865975914619733,0.514500172853208,-0.8270473077883351,-0.004458564355767858,2024-05-09 16:20:00+00:00,147.593,147.70552059,0.007696841991151282,-0.003977153388033283,13.061588436882142,1.0,REFLEXIVE_BASIS_REPAIR,60,0.007696841991151282,0.006096841991151282,0.514500172853208,6.720189508513325
BTCUSDT,1.0,3.4844403189168993,1.8422508817760137,2.016924817853401,0.9448055206049628,-0.12861406371869105,-0.0010013630541256813,2024-05-10 07:25:00+00:00,63250.3,63280.57680851,0.004871123140917977,-0.0050529404603615324,12.94707051505984,1.0,REFLEXIVE_BASIS_REPAIR,60,0.004871123140917977,0.003271123140917977,0.9448055206049628,12.232463698290276
BTCUSDT,-1.0,2.4476401648631505,3.5836677028713257,2.1258471823203493,0.6884905203383977,-1.034023383350522,-0.0030609303053517056,2024-05-10 16:10:00+00:00,60886.3,60907.57829787,-0.0011693927862261866,0.008243233699535057,18.646930224322503,0.25,REFLEXIVE_BASIS_REPAIR,60,-0.0011693927862261866,-0.0027693927862261864,0.6884905203383977,12.838234692857595
ETHUSDT,1.0,-2.9191261799191826,-1.5169276793647641,3.01160088797072,0.8277725505768971,-0.6282914887752539,-0.0033598741834349743,2024-05-11 15:25:00+00:00,2927.74,2928.74931818,0.0002083518345207258,-0.002339688633553494,13.335679835961063,1.0,REFLEXIVE_BASIS_REPAIR,60,0.0002083518345207258,-0.0013916481654792743,0.8277725505768971,11.038909711490387
ETHUSDT,1.0,3.6857666278016548,1.916614576301463,2.402174391770075,0.8172369046898031,-0.455711564081585,-0.0028571623400092117,2024-05-13 07:10:00+00:00,2924.6,2926.06863636,-0.016043219585584412,0.018474321274704275,16.969426030247153,1.0,REFLEXIVE_BASIS_REPAIR,60,-0.016043219585584412,-0.017643219585584412,0.8172369046898031,13.868041203321757
XRPUSDT,-1.0,-2.2626808860290066,-1.809581692993829,1.138906397593326,0.657909371962536,-0.10694442672885315,-0.000791295746785492,2024-05-13 11:15:00+00:00,0.5059,0.5062343,0.0001976675232258085,-0.0005930025696776475,4.6632589741118515,1.0,REFLEXIVE_BASIS_REPAIR,60,0.0001976675232258085,-0.0014023324767741916,0.657909371962536,3.0680017829565878
XRPUSDT,1.0,2.2559040990252495,2.4355570945462315,3.1560650790809808,0.9829468646985906,-0.4004236450432567,-0.004697592483852153,2024-05-14 15:45:00+00:00,0.5085,0.50873132,0.002753195673549591,-0.012192723697148411,17.340631052749483,0.25,REFLEXIVE_BASIS_REPAIR,60,0.002753195673549591,0.001153195673549591,0.9829468646985906,17.044918925195123
BTCUSDT,1.0,5.493087470527632,4.515662194578976,4.837113249460876,0.6580667693713593,-0.15468002064123482,-0.0032388143273225367,2024-05-15 12:40:00+00:00,63551.4,63564.12723404,-0.013837618054047596,0.01237895624643981,119.9842430857282,1.0,REFLEXIVE_BASIS_REPAIR,60,-0.013837618054047596,-0.015437618054047596,0.6580667693713593,78.95764322289301
ETHUSDT,1.0,2.0940983730700706,2.0704330300203826,1.3015866702440733,0.8485136464017593,-0.48830715364079313,-0.0016738483049765218,2024-05-15 15:05:00+00:00,2970.2,2971.29522727,-0.00043768096424479097,0.0022725742374249958,5.643276882639296,1.0,REFLEXIVE_BASIS_REPAIR,60,-0.00043768096424479097,-0.002037680964244791,0.8485136464017593,4.788397445343022
BTCUSDT,-1.0,-2.9898360338337384,-2.241945346404097,1.2434851326668903,0.4585324565055102,-0.8008079250923906,-0.0024694160521245845,2024-05-15 18:55:00+00:00,65358.6,65400.72531915,0.010261847713996408,-0.006415376094347058,8.335141753357293,0.75,REFLEXIVE_BASIS_REPAIR,60,0.010261847713996408,0.008661847713996407,0.4585324565055102,3.8219330234885653
BTCUSDT,1.0,-2.6364097974026004,-2.5892947935245103,1.4278640162888687,0.48674399106470667,-0.29019766880509573,-0.00042434915448430477,2024-05-15 20:35:00+00:00,65955.4,65995.87531915,0.002307619997755972,0.003205196238670549,9.747231122413497,1.0,REFLEXIVE_BASIS_REPAIR,60,0.002307619997755972,0.0007076199977559719,0.48674399106470667,4.744406178353666
SOLUSDT,1.0,2.5314812324908695,1.843606676965371,1.3705779085445962,0.6665140195331594,-0.2269222120505595,-0.0019133516260413375,2024-05-16 07:10:00+00:00,162.231,162.33004194,-0.003932663917500356,0.004049780868021546,6.396563444249564,0.75,REFLEXIVE_BASIS_REPAIR,60,-0.003932663917500356,-0.005532663917500356,0.6665140195331594,4.263399212425647
XRPUSDT,-1.0,2.0594511282357617,3.0061818327493772,1.861023458631531,0.5533524820067987,-0.37707568000957414,-0.00019301293186635426,2024-05-16 08:35:00+00:00,0.5182,0.51855696,0.0013508297954458737,0.0013508297954458737,11.521753613814628,1.0,REFLEXIVE_BASIS_REPAIR,60,0.0013508297954458737,-0.0002491702045541264,0.5533524820067987,6.375590959275126
SOLUSDT,-1.0,3.1212731384272416,1.90525401707492,2.808719894404535,0.8100536668259836,-0.3040130045248785,-0.0009624579312743631,2024-05-16 12:45:00+00:00,161.201,161.29175052,0.0046215594196066245,0.00630889386542266,16.702946545673775,1.0,REFLEXIVE_BASIS_REPAIR,60,0.0046215594196066245,0.0030215594196066247,0.8100536668259836,13.530283096121437
ETHUSDT,-1.0,-2.7456287072526897,-2.5488367710533106,1.1161051792067525,0.9170066503384164,-0.23423910996494035,-0.0008524803117642143,2024-05-16 14:50:00+00:00,2958.6,2959.91113636,-0.0011458122084769817,0.003014939498411473,7.810681960970362,1.0,REFLEXIVE_BASIS_REPAIR,60,-0.0011458122084769817,-0.0027458122084769816,0.9170066503384164,7.162447301888125
ETHUSDT,-1.0,-3.3829404906943474,-1.5095279393891416,2.3644595507206456,0.5958163679263473,-0.8271371272074093,-0.0033367977681746375,2024-05-16 17:35:00+00:00,2934.72,2936.42818182,0.004940846145458533,-0.004685285137934869,12.074451257974772,1.0,REFLEXIVE_BASIS_REPAIR,60,0.004940846145458533,0.003340846145458533,0.5958163679263473,7.194155693230243
BTCUSDT,1.0,-3.491941997288661,-3.367521820582811,2.4863872462528267,0.5930178577989675,-1.2701598324722776,-0.0027810299998478616,2024-05-17 03:50:00+00:00,65584.1,65624.28553191,0.0035557398820751374,-0.000766954185541957,29.237902210590104,0.5,REFLEXIVE_BASIS_REPAIR,60,0.0035557398820751374,0.0019557398820751375,0.5930178577989675,17.33859813545984
SOLUSDT,1.0,5.434864378772981,5.057167777795504,3.267212922026571,0.9837169369913449,-0.12676793254502586,-0.0031510092796325218,2024-05-17 07:00:00+00:00,166.721,166.79712112,-0.014143389255102834,0.009314963321956915,89.79941581590849,0.75,REFLEXIVE_BASIS_REPAIR,60,-0.014143389255102834,-0.015743389255102835,0.9837169369913449,88.33720627003763
ETHUSDT,1.0,2.2632094959037046,2.5078943563862386,2.48332134981108,0.842442351885436,-0.32864124146858337,-0.0011503303554359912,2024-05-17 14:35:00+00:00,3082.52,3083.94818182,-0.009618753487406373,0.0058101812802511255,14.095059616048685,1.0,REFLEXIVE_BASIS_REPAIR,60,-0.009618753487406373,-0.011218753487406374,0.842442351885436,11.874275172909485
SOLUSDT,1.0,-2.0621470384351617,-2.6280482743997844,1.9735896688630654,0.986680847349197,-0.8149702887910524,-0.003121041114822032,2024-05-18 02:25:00+00:00,173.118,173.19605228,2.8882034219357422e-05,-0.0019755311406092213,10.69571520314563,0.5,REFLEXIVE_BASIS_REPAIR,60,2.8882034219357422e-05,-0.0015711179657806427,0.986680847349197,10.55325733964542
SOLUSDT,-1.0,-2.0199717064096845,-2.46127096786585,1.1683968022849798,0.648376658477994,-0.1403938458093809,-0.0007935167989194802,2024-05-20 06:40:00+00:00,177.831,177.93382472,-0.000534215069363575,0.0025417390668668327,5.808915714349519,1.0,REFLEXIVE_BASIS_REPAIR,60,-0.000534215069363575,-0.002134215069363575,0.648376658477994,3.7663653602502505
SOLUSDT,1.0,2.749038953693309,2.667354142668724,2.3684831168050606,0.8046748219983306,-0.31540138907751025,-0.0023975990476670095,2024-05-20 08:10:00+00:00,178.5,178.59754546,0.001927170868347261,-0.007030812324929969,17.36728245693706,0.75,REFLEXIVE_BASIS_REPAIR,60,0.001927170868347261,0.00032717086834726096,0.8046748219983306,13.975014919630558
BTCUSDT,1.0,7.043668659917457,7.086978645560542,3.0445343293030023,0.6288099903529825,-0.28961345620190376,-0.0030093479991744054,2024-05-20 16:10:00+00:00,67617.9,67669.09787234,-0.006538209556936847,0.011071032966122996,151.97806745654793,0.75,REFLEXIVE_BASIS_REPAIR,60,-0.006538209556936847,-0.008138209556936848,0.6288099903529825,95.56532713121682
ETHUSDT,1.0,7.513694922292561,6.1345968416867365,5.3340489935033935,-0.43388752210177106,0.4131787138589831,0.019448433658690867,2024-05-20 19:30:00+00:00,3350.56,3347.61090909,-0.026631369084570977,0.05429540136574196,245.8649293526423,1.0,INDEX_CONFIRMED_DISCOVERY,120,0.05429540136574196,0.05269540136574196,0.4131787138589831,101.58615529295449
ETHUSDT,1.0,5.34112878211845,2.8561428562708286,3.0888468351812532,-1.8314014878512324,2.283485900440898,0.01380254393296143,2024-05-20 22:00:00+00:00,3651.22,3643.14159091,0.010163726097030534,0.003607013546157223,47.12044129957004,1.0,INDEX_CONFIRMED_DISCOVERY,120,0.003607013546157223,0.002007013546157223,2.283485900440898,107.59886333012118
SOLUSDT,1.0,2.4925839758573596,1.9886664674812413,1.359859074762427,0.6585134551207272,-0.17440035159757328,-0.0010587583452648097,2024-05-21 05:15:00+00:00,182.096,182.13782072,-0.0050303136806959525,-0.008594367805992431,6.7407101565585394,0.75,REFLEXIVE_BASIS_REPAIR,60,-0.0050303136806959525,-0.006630313680695952,0.6585134551207272,4.438848335162742
XRPUSDT,1.0,3.593481898835389,2.26906032288664,1.7172545406962667,0.4448004479686274,-0.30127881845651827,-0.0012948575656676065,2024-05-21 07:40:00+00:00,0.5399,0.53983019,-0.0016669753658082875,0.004630487127245786,14.002196779232161,0.25,REFLEXIVE_BASIS_REPAIR,60,-0.0016669753658082875,-0.0032669753658082874,0.4448004479686274,6.228183399947337
ETHUSDT,1.0,3.539717012133753,2.904814813267583,3.0728277775567925,0.7543769211869927,-0.9582735650065425,-0.008862957596933008,2024-05-21 11:55:00+00:00,3789.89,3789.97590909,-0.0009868360295417489,-0.003649182430096931,31.595498641447215,0.25,REFLEXIVE_BASIS_REPAIR,60,-0.0009868360295417489,-0.0025868360295417487,0.7543769211869927,23.83491498850276
BTCUSDT,-1.0,2.6721171560225607,4.974099150599597,2.8019224777049505,0.17032200482973558,0.4671490144402017,0.0020630531207918024,2024-05-21 14:00:00+00:00,70622.9,70598.25978723,-0.005322636142101156,0.010591465374545694,37.241404266413774,1.0,INDEX_CONFIRMED_DISCOVERY,120,0.010591465374545694,0.008991465374545694,0.4671490144402017,17.39728529942432
XRPUSDT,-1.0,2.123393768312762,-1.7589331061234696,1.0035927693887907,-0.2670646336472142,0.7237810429809584,0.0016534999081389001,2024-05-21 18:20:00+00:00,0.5434,0.54308835,-0.004784688995215447,0.005520794994479217,3.7483262581039707,1.0,INDEX_CONFIRMED_DISCOVERY,120,0.005520794994479217,0.003920794994479217,0.7237810429809584,2.7129674885234047
BTCUSDT,-1.0,2.1913203955709992,3.202449789126108,1.406608303733486,-0.21128078722608246,1.31919498997759,0.002774355752906965,2024-05-22 04:45:00+00:00,69372.7,69317.2593617,0.008118467350989533,-0.008004589701712694,9.871005343767626,1.0,INDEX_CONFIRMED_DISCOVERY,120,-0.008004589701712694,-0.009604589701712695,1.31919498997759,13.021780795540272
ETHUSDT,1.0,2.591886587181761,1.7188214029177535,1.3351879518559053,0.48395682008612484,-0.26270084652371156,-0.0017655138104816226,2024-05-22 14:05:00+00:00,3692.11,3690.28704545,-0.012951943468639815,0.017515729488016385,5.9482491605427725,0.75,REFLEXIVE_BASIS_REPAIR,60,-0.012951943468639815,-0.014551943468639816,0.48395682008612484,2.8786957488162415
SOLUSDT,1.0,2.915346321449607,2.6011283163183,1.9427597731602748,0.44533221774441845,-0.03045390088717073,-0.0007932036126322428,2024-05-22 16:15:00+00:00,182.658,182.62079601,0.007358013336399183,-0.01990605393686562,14.732316228946736,1.0,REFLEXIVE_BASIS_REPAIR,60,0.007358013336399183,0.005758013336399183,0.44533221774441845,6.560775058748938
ETHUSDT,-1.0,2.6879907309013253,3.3888917634056495,2.2301219872457803,0.5395405390464383,-0.3751505526423241,-0.001125221446197422,2024-05-23 13:45:00+00:00,3825.77,3823.32522727,-0.011966218565151676,0.002728862425080414,20.314871734773707,0.75,REFLEXIVE_BASIS_REPAIR,60,-0.011966218565151676,-0.013566218565151677,0.5395405390464383,10.960696846439058
XRPUSDT,-1.0,2.270447395572478,2.932606758551934,2.246713680427606,0.7026303623477095,-0.2777729184214187,-0.0007726482518832789,2024-05-23 18:30:00+00:00,0.5181,0.51795593,0.0065624396834587095,0.0028951939779966462,14.95935970053138,1.0,REFLEXIVE_BASIS_REPAIR,60,0.0065624396834587095,0.00496243968345871,0.7026303623477095,10.510900326874086
SOLUSDT,-1.0,3.312730081705247,3.1741882906865095,1.2844474933936776,0.687501291199823,-0.3152948345929036,-0.0007336757153337814,2024-05-26 07:55:00+00:00,165.044,164.99068829,-0.005289498557960459,0.013323719735343409,13.506259577177445,0.75,REFLEXIVE_BASIS_REPAIR,60,-0.005289498557960459,-0.006889498557960459,0.687501291199823,9.285570898589468
XRPUSDT,-1.0,-2.137790551235153,-2.776225644106042,2.0143325488487096,0.6869934057685709,-0.4042958165270412,-0.0032294832826749165,2024-05-27 05:35:00+00:00,0.5281,0.52800506,-0.0018935807612194822,0.0034084453701951345,11.955041419176629,1.0,REFLEXIVE_BASIS_REPAIR,60,-0.0018935807612194822,-0.003493580761219482,0.6869934057685709,8.213034620664482
XRPUSDT,-1.0,-3.4700163193749973,-3.7963808758319026,2.3266350704461813,0.9228131079577153,-0.2620952446707157,-0.003575461046292805,2024-05-27 19:55:00+00:00,0.5333,0.53298179,0.004500281267579176,-0.003375210950684382,30.649935461750864,1.0,REFLEXIVE_BASIS_REPAIR,60,0.004500281267579176,0.002900281267579176,0.9228131079577153,28.284162202161706
ETHUSDT,-1.0,-2.365442162671679,-1.6826921447682244,1.725719410412926,0.41534802956995776,-0.08011928094771735,-0.0011126809400343607,2024-05-28 13:55:00+00:00,3868.84,3865.815,-0.0018920399913152641,-0.0001912718024006388,6.86889985904507,1.0,REFLEXIVE_BASIS_REPAIR,60,-0.0018920399913152641,-0.003492039991315264,0.41534802956995776,2.85298402176773
BTCUSDT,-1.0,-2.5599313584874737,-4.121527867300853,2.133795838514478,0.79179947807269,0.04986079592631902,-0.000307987485982375,2024-05-29 13:25:00+00:00,67880.8,67847.14680851,0.00031231217074623174,0.0004890926447537192,22.513313801900043,1.0,REFLEXIVE_BASIS_REPAIR,60,0.00031231217074623174,-0.0012876878292537683,0.79179947807269,17.82603011803114
XRPUSDT,-1.0,-2.0073559303486888,-2.3897071119104947,2.1756616330790637,0.588731452556946,-0.34889642198130205,-0.0021113243761996525,2024-05-29 21:15:00+00:00,0.5221,0.5216789,0.0032560812104960313,-0.004979888910170649,10.436633064864408,0.75,REFLEXIVE_BASIS_REPAIR,60,0.0032560812104960313,0.0016560812104960312,0.588731452556946,6.144374144081474
ETHUSDT,-1.0,-2.029082640976951,-1.9309758011801406,1.3359579220646565,0.8229789254745317,-0.187931498236313,-0.0012161491809661307,2024-05-30 06:40:00+00:00,3754.1,3751.80931818,-0.0014570735995311779,0.007509123358461434,5.234429397079803,1.0,REFLEXIVE_BASIS_REPAIR,60,-0.0014570735995311779,-0.0030570735995311777,0.8229789254745317,4.307825080681037
XRPUSDT,1.0,4.853992679148846,4.048002319653708,2.566077636999799,0.6494741245140805,0.10037242642678444,-0.0009613535858490341,2024-05-31 08:15:00+00:00,0.5196,0.5194889,-0.0019245573518091863,0.0034642032332563577,50.42079180853824,1.0,REFLEXIVE_BASIS_REPAIR,60,-0.0019245573518091863,-0.003524557351809186,0.6494741245140805,32.746999617157094
XRPUSDT,1.0,3.0418374176660303,4.051420689767643,1.768240072164121,0.860889961972957,0.15926177228666838,-0.00019116803670427007,2024-05-31 15:05:00+00:00,0.523,0.5227222,0.010325047801147402,-0.012810707456978987,21.79137166281708,0.75,REFLEXIVE_BASIS_REPAIR,60,0.010325047801147402,0.008725047801147402,0.860889961972957,18.75997312214117
BTCUSDT,1.0,3.1485344286271917,3.6381953412524233,2.2687875837813465,-0.14569078275667224,0.6590921364638708,0.003324030552291468,2024-06-02 11:55:00+00:00,68306.3,68228.01638298,0.005208889955977791,-0.0010789634338267406,25.988923860784574,1.0,INDEX_CONFIRMED_DISCOVERY,120,-0.0010789634338267406,-0.0026789634338267405,0.6590921364638708,17.129095351801375
XRPUSDT,1.0,2.36556921925429,1.8248437082949607,2.8492108915998324,0.6887336573921887,-0.19554037300710803,-0.001536098310291889,2024-06-02 14:35:00+00:00,0.52,0.51954885,0.004230769230769149,-0.005576923076923146,12.29945678444231,1.0,REFLEXIVE_BASIS_REPAIR,60,0.004230769230769149,0.0026307692307691493,0.6887336573921887,8.47104985508612
BTCUSDT,1.0,5.464229638016604,6.565973745640331,2.383937615275956,0.7048542491065082,-0.07768106131232386,-0.0010476816996809468,2024-06-03 12:45:00+00:00,69700.0,69644.11893617,-0.004661406025824988,-0.006533715925394423,85.53088597218438,1.0,REFLEXIVE_BASIS_REPAIR,60,-0.004661406025824988,-0.006261406025824988,0.7048542491065082,60.28680840733839
XRPUSDT,-1.0,2.1126499962912577,1.8027502986478636,2.590321253102222,0.6916961791422385,-0.5262588817013798,-0.0009626492106278306,2024-06-03 18:20:00+00:00,0.5199,0.5194434,0.0017311021350259193,-0.004616272360069118,9.865446784711242,1.0,REFLEXIVE_BASIS_REPAIR,60,0.0017311021350259193,0.00013110213502591918,0.6916961791422385,6.823891846515848
ETHUSDT,-1.0,6.813411677778886,6.304139218292256,2.9179919412103392,0.9193044671033243,-0.552082526058027,-0.00283357992511446,2024-06-04 00:25:00+00:00,3754.99,3752.28795455,0.0031930844023553284,-0.0058189236189711835,125.33562010503138,1.0,REFLEXIVE_BASIS_REPAIR,60,0.0031930844023553284,0.0015930844023553283,0.9193044671033243,115.22159544972057
SOLUSDT,1.0,2.229826082511136,1.5964579777918004,1.7856983418113612,0.3669618770639106,-0.08665659742120442,-0.000491056190002781,2024-06-04 14:25:00+00:00,166.905,166.76281813,-0.0010425092118271362,0.01135376411731226,6.356771168433801,0.5,REFLEXIVE_BASIS_REPAIR,60,-0.0010425092118271362,-0.002642509211827136,0.3669618770639106,2.332692680034216
BTCUSDT,-1.0,-2.5080925731164183,-2.712357778917997,1.1177043415122399,0.9245792719435887,0.04797314913609426,-0.0002464533381678624,2024-06-04 17:25:00+00:00,70619.0,70576.36425532,0.006729067248191001,-0.0005239383168835765,7.603568721561499,1.0,REFLEXIVE_BASIS_REPAIR,60,0.006729067248191001,0.005129067248191001,0.9245792719435887,7.030102032754374
BTCUSDT,1.0,2.1936998133214156,1.60026379285018,1.5787811080953758,0.5458949740782384,-0.2910071498365647,-0.0008095238095238155,2024-06-05 07:50:00+00:00,71342.2,71291.47319149,0.004570927165127969,-0.005395123783679123,5.542308528090912,0.5,REFLEXIVE_BASIS_REPAIR,60,0.004570927165127969,0.0029709271651279694,0.5458949740782384,3.0255183702757877
ETHUSDT,-1.0,-2.655806371898669,-2.396148022010694,1.304083684527293,0.8446069049932377,0.11885027982899572,-8.158560303606066e-05,2024-06-07 16:40:00+00:00,3800.0,3797.81659091,-0.006578947368421018,0.03401052631578938,8.298804104728612,1.0,REFLEXIVE_BASIS_REPAIR,60,-0.006578947368421018,-0.008178947368421018,0.8446069049932377,7.009227250040009
SOLUSDT,-1.0,-2.7395099133879928,-1.7833471934983196,2.407680609753598,-1.8664590924908966,1.6923646305184874,0.008023458722363097,2024-06-07 18:00:00+00:00,165.423,165.50274517,-0.02608464361062246,0.020601730110081484,11.762717155776507,1.0,INDEX_CONFIRMED_DISCOVERY,120,0.020601730110081484,0.019001730110081484,1.6923646305184874,19.90680647322918
BTCUSDT,-1.0,-4.851747596593409,-3.7512108281173617,2.1810344254044507,0.9853732696464353,-0.21552451060777258,-0.001714177534956507,2024-06-11 06:30:00+00:00,67728.5,67693.20914894,0.0021172770694757315,0.003840333094635273,39.69466976880733,1.0,REFLEXIVE_BASIS_REPAIR,60,0.0021172770694757315,0.0005172770694757314,0.9853732696464353,39.11406653762519
ETHUSDT,-1.0,-2.6375962184719612,-2.312614428029386,3.3802994151970664,0.7136242767803878,-0.25149585753410547,-0.0031292928026265265,2024-06-11 08:20:00+00:00,3519.76,3517.40954545,0.0032899970452531235,-0.007364138463985981,20.618957932893945,0.75,REFLEXIVE_BASIS_REPAIR,60,0.0032899970452531235,0.0016899970452531235,0.7136242767803878,14.71418894282668
BTCUSDT,-1.0,-2.5415885678099777,-1.8077432162071698,2.866026508776682,0.3882810137520878,-1.1191219863050936,-0.0037359788668276384,2024-06-11 10:10:00+00:00,67140.0,67122.30978723,-0.003900804289544202,0.0007536490914508143,13.16807197925824,0.0,REFLEXIVE_BASIS_REPAIR,60,-0.003900804289544202,-0.005500804289544202,0.3882810137520878,5.112912337266851
BTCUSDT,-1.0,-3.4033084450035207,-2.7518164728930317,3.403520568077573,0.9990131170189263,-0.3349679703394469,-0.0034728314466703214,2024-06-11 15:50:00+00:00,66342.8,66310.01212766,0.0035994863044670478,-0.004268737526905708,31.874923927063662,1.0,REFLEXIVE_BASIS_REPAIR,60,0.0035994863044670478,0.001999486304467048,0.9990131170189263,31.84346710711702
BTCUSDT,-1.0,-4.421397671007745,-2.279803753290653,1.1218645189859882,0.5934014284573359,-0.12282515421593096,-0.0008098884346197099,2024-06-12 14:00:00+00:00,69324.9,69319.2806383,0.009161210474158743,-0.0059588978851754515,11.308303486134825,1.0,REFLEXIVE_BASIS_REPAIR,60,0.009161210474158743,0.007561210474158743,0.5934014284573359,6.710363442101476
BTCUSDT,-1.0,-3.1491239464484346,-3.5874395348996715,2.2726798087768527,0.005867639910889011,0.6061843694062655,0.0019725513471530176,2024-06-12 19:45:00+00:00,68101.9,68117.9312766,0.002648971614595208,-0.007086439585386017,25.675126844514676,1.0,INDEX_CONFIRMED_DISCOVERY,120,-0.007086439585386017,-0.008686439585386018,0.6061843694062655,15.56386057566801
BTCUSDT,-1.0,-3.028832343360652,-1.7189723382486224,1.5029323398116885,0.11644657368092026,1.151067812000232,0.0031488501836584026,2024-06-13 13:55:00+00:00,67684.0,67702.80744681,-0.00274806453519294,0.017296554577152623,7.824985688840236,1.0,INDEX_CONFIRMED_DISCOVERY,120,0.017296554577152623,0.015696554577152622,1.151067812000232,9.00708915578646
SOLUSDT,-1.0,2.5889252732798282,2.7123624687972456,4.167133133751268,0.5395756128036171,-0.37024770422972453,-0.003999659603437955,2024-06-14 16:15:00+00:00,141.576,141.6693336,-0.002931287788890735,0.005233937955585577,29.262041187615633,1.0,REFLEXIVE_BASIS_REPAIR,60,-0.002931287788890735,-0.004531287788890735,0.5395756128036171,15.789083805692389
SOLUSDT,-1.0,-2.4534348828484784,-4.809761856915705,1.1798812689791747,0.5605710594106561,-0.22349803805742183,-0.0014004376367615645,2024-06-16 16:25:00+00:00,148.733,148.80779478,-0.00044374819307080315,0.003610496661803353,13.923115193189561,0.75,REFLEXIVE_BASIS_REPAIR,60,-0.00044374819307080315,-0.002043748193070803,0.5605710594106561,7.804895434142874
SOLUSDT,-1.0,-3.9413719743780278,-4.094215662714742,1.9372817986753084,0.8085248279794137,0.023162152887625288,-0.000591162803486478,2024-06-17 08:40:00+00:00,145.562,145.62787233,0.004644069193882938,0.017662576771410143,31.261580983787304,1.0,REFLEXIVE_BASIS_REPAIR,60,0.004644069193882938,0.0030440691938829383,0.8085248279794137,25.275764387281143
ETHUSDT,-1.0,-3.2732990424377264,-3.792253830060411,2.7869703678491358,0.992245915164075,-0.6878586005680108,-0.007479716024340721,2024-06-17 16:25:00+00:00,3496.68,3496.89181818,0.006889392223480506,-0.01789411670498886,34.59516714568402,0.75,REFLEXIVE_BASIS_REPAIR,60,0.006889392223480506,0.005289392223480506,0.992245915164075,34.32691328472338
BTCUSDT,-1.0,-4.720591350291643,-4.63171871407109,3.3575980061835518,0.9681351490687344,-0.18755155120529984,-0.0034841965142555775,2024-06-18 01:50:00+00:00,64831.1,64837.71021277,0.007848085255379056,-0.00995355624075489,73.41203808657046,1.0,REFLEXIVE_BASIS_REPAIR,60,0.007848085255379056,0.006248085255379056,0.9681351490687344,71.07277443638151
XRPUSDT,1.0,5.5616987000314,7.646915267554811,3.037779270141501,0.49145767904366533,-0.22703760092344,-0.007155635062611743,2024-06-18 07:30:00+00:00,0.4995,0.50001687,-0.0022022022022023524,0.0026026026026026994,129.19626237385748,0.75,REFLEXIVE_BASIS_REPAIR,60,-0.0022022022022023524,-0.0038022022022023523,0.49145767904366533,63.49449524737243
XRPUSDT,-1.0,-2.760351448322408,-2.9661534750016174,1.3514292197171711,0.7974859781372522,0.09230211217449143,-0.00020429009193057013,2024-06-18 13:10:00+00:00,0.4896,0.48962349,-0.0042892156862744946,0.013071895424836555,11.064997071474943,1.0,REFLEXIVE_BASIS_REPAIR,60,-0.0042892156862744946,-0.005889215686274494,0.7974859781372522,8.824180012631027
ETHUSDT,-1.0,-2.8834379468199747,-2.9651310905853254,1.3599137822875862,0.8500635473088971,-0.4841045680840922,-0.0023620648827846757,2024-06-18 14:10:00+00:00,3386.38,3387.30272727,0.0032748835039184687,-0.00804989398708944,11.626952103548888,1.0,REFLEXIVE_BASIS_REPAIR,60,0.0032748835039184687,0.0016748835039184686,0.8500635473088971,9.88364814953341
SOLUSDT,1.0,-3.1645402674819763,-2.4581306985755833,1.1862976175678053,0.4058981385778021,-0.713807471449992,-0.0029494423138850534,2024-06-20 06:20:00+00:00,136.233,136.33951384,-0.005299743821247427,0.0035820983168541876,9.228035467436285,1.0,REFLEXIVE_BASIS_REPAIR,60,-0.005299743821247427,-0.006899743821247427,0.4058981385778021,3.7456424189623263
SOLUSDT,-1.0,-2.752366420166141,-2.087592543498851,3.0923664300239944,0.8007277119881517,-1.7297976849960555,-0.00978028169014089,2024-06-20 14:30:00+00:00,134.427,134.49805195,-0.0028342520475796995,0.015354058336494836,17.768179692611863,0.0,REFLEXIVE_BASIS_REPAIR,60,-0.0028342520475796995,-0.004434252047579699,0.8007277119881517,14.227473871459438
XRPUSDT,-1.0,-3.903869549200958,-2.3811224275255363,2.8634443222414987,0.870999640772652,-0.578552716123414,-0.006931316950220534,2024-06-23 20:40:00+00:00,0.4794,0.47956317,0.0020859407592823676,-0.0,26.617408237918568,1.0,REFLEXIVE_BASIS_REPAIR,60,0.0020859407592823676,0.0004859407592823675,0.870999640772652,23.1837530135261
XRPUSDT,-1.0,-2.276046504002394,-2.780220748304491,1.669979784843773,0.3839498856808651,-0.6766313229539587,-0.002988898377455085,2024-06-24 05:50:00+00:00,0.4698,0.47022487,0.004044274159216821,-0.011494252873563315,10.567484643546806,0.75,REFLEXIVE_BASIS_REPAIR,60,0.004044274159216821,0.002444274159216821,0.3839498856808651,4.057384520824093
SOLUSDT,1.0,4.666971090692871,3.3716552525911343,1.9288257011689813,0.4894129372979785,0.2070652080897076,-0.0001427687621948781,2024-06-24 10:00:00+00:00,126.06,126.1800643,-0.005656036807869302,0.007813739489132221,30.350877869353962,1.0,REFLEXIVE_BASIS_REPAIR,60,-0.005656036807869302,-0.007256036807869302,0.4894129372979785,14.854112287612734
BTCUSDT,1.0,2.6717234798943066,2.3462049790778345,1.8839548661073646,0.831394448137582,-0.1186777333880289,-0.000861316436705728,2024-06-24 17:40:00+00:00,60204.7,60226.33255319,-0.0015812718940548809,-0.003441591769413277,11.809403276683724,1.0,REFLEXIVE_BASIS_REPAIR,60,-0.0015812718940548809,-0.0031812718940548807,0.831394448137582,9.818272320052618
ETHUSDT,1.0,6.210867393170235,3.396362509660345,2.708293301263609,0.9081280046536175,-0.1149886809743726,-0.0017386367668452696,2024-06-25 03:15:00+00:00,3376.08,3377.26159091,0.00021622710362312336,0.004774768370417792,57.12970620886029,1.0,REFLEXIVE_BASIS_REPAIR,60,0.00021622710362312336,-0.0013837728963768767,0.9081280046536175,51.88108610589968
XRPUSDT,1.0,2.4920155309090846,2.7910721514242507,2.632620047981371,0.972037661190248,-0.11034959618487174,-0.0014656616415411605,2024-06-25 07:50:00+00:00,0.4769,0.47711968,0.002096875655273611,-0.004613126441601945,18.310912711513875,0.25,REFLEXIVE_BASIS_REPAIR,60,0.002096875655273611,0.0004968756552736111,0.972037661190248,17.79889676635873
ETHUSDT,1.0,3.5505527899569564,1.646448575077757,1.6655932358897847,0.9672613230023414,-0.4772172005526212,-0.0025921026876012387,2024-06-26 18:05:00+00:00,3363.04,3364.37954545,0.0009098910509538483,0.014852633331747356,9.73672923853147,1.0,REFLEXIVE_BASIS_REPAIR,60,0.0009098910509538483,-0.0006901089490461518,0.9672613230023414,9.41796160497753
ETHUSDT,1.0,4.357189688118445,3.8287996062840763,2.9330238971512395,0.5707969562424935,-0.1340709780232218,-0.0014654400390783362,2024-06-27 12:15:00+00:00,3434.2,3434.60727273,-0.0032875196552326624,0.01188049618542908,48.931069145781784,1.0,REFLEXIVE_BASIS_REPAIR,60,-0.0032875196552326624,-0.004887519655232662,0.5707969562424935,27.92970533410323
BTCUSDT,1.0,2.256949839244816,-1.804014976421429,2.1717040490549024,0.5494675688864123,-0.5854224979507541,-0.0015866327407095815,2024-06-27 13:15:00+00:00,61605.1,61618.86765957,-0.012059066538322227,0.0026426383529936093,8.842247902178727,0.5,REFLEXIVE_BASIS_REPAIR,60,-0.012059066538322227,-0.013659066538322228,0.5494675688864123,4.858528458301125
ETHUSDT,1.0,2.0275583377039617,1.6288001196766404,1.3457521701322113,-1.0292075879025226,1.000427355385082,0.004096813877308758,2024-06-28 01:40:00+00:00,3485.21,3484.15340909,0.007520350280183941,-0.006843203135535547,4.444329401155633,1.0,INDEX_CONFIRMED_DISCOVERY,120,-0.006843203135535547,-0.008443203135535548,1.000427355385082,4.446228709258295
XRPUSDT,1.0,4.239649628266704,3.4967936391848156,2.826870739570977,0.8131025947843711,-0.06794448266369156,-0.0014635166213673445,2024-06-28 08:00:00+00:00,0.4776,0.47770746,-0.0020938023450587373,0.0,41.90886713389608,1.0,REFLEXIVE_BASIS_REPAIR,60,-0.0020938023450587373,-0.003693802345058737,0.8131025947843711,34.07620861104435
SOLUSDT,1.0,3.4018324525940797,3.7951064034915096,1.6591611190612219,0.7446970005551764,-0.9629098455496411,-0.00572655690765933,2024-06-28 12:35:00+00:00,145.845,145.93399766,0.013411498508690611,-0.023195858617025,21.420294548468334,0.25,REFLEXIVE_BASIS_REPAIR,60,0.013411498508690611,0.01181149850869061,0.7446970005551764,15.951629101252765
SOLUSDT,1.0,11.179478316449107,9.529716176726128,2.50947402553743,0.8379478020281544,0.20040125906891515,-0.0008794153981447339,2024-06-28 16:00:00+00:00,143.151,143.26859173,-0.0018092783145069458,-0.01284657459605587,267.35247507702485,1.0,REFLEXIVE_BASIS_REPAIR,60,-0.0018092783145069458,-0.0034092783145069456,0.8379478020281544,224.0274188575799
BTCUSDT,-1.0,4.172006045195923,1.8225671045253697,1.8208996929232923,0.40107730320272705,-0.9310017723252209,-0.0016530245026791235,2024-06-28 20:05:00+00:00,60231.6,60230.38765957,0.0002938656784812199,-0.0030731376885222428,13.845686029638415,0.25,REFLEXIVE_BASIS_REPAIR,60,0.0002938656784812199,-0.0013061343215187802,0.40107730320272705,5.553190413759049
BTCUSDT,1.0,2.0039017544213147,2.2381900971372346,1.2757090758273015,0.7387923877975789,-0.3049269858813253,-0.0015395370267393682,2024-07-01 13:35:00+00:00,62844.1,62864.05914894,0.0009308749747390932,0.001890392256393314,5.721699439791938,1.0,REFLEXIVE_BASIS_REPAIR,60,0.0009308749747390932,-0.0006691250252609069,0.7387923877975789,4.227147991383956
SOLUSDT,-1.0,2.2112283899189022,2.875890286852184,2.3571184270385652,0.36666850583846833,-1.0517793492329797,-0.004406109805596969,2024-07-02 13:40:00+00:00,150.452,150.54963918,-0.019959854305692137,0.015101161832345111,14.989505943076468,0.75,REFLEXIVE_BASIS_REPAIR,60,-0.019959854305692137,-0.021559854305692138,0.36666850583846833,5.49617974740469
BTCUSDT,-1.0,2.2559179994776772,2.604464832448318,3.3194176989902164,0.06644017969262417,0.5772641862886168,0.0020749697702538983,2024-07-02 14:45:00+00:00,61896.3,61884.45404255,0.0014815102033562955,-0.0008724269463602496,19.503102908065202,1.0,INDEX_CONFIRMED_DISCOVERY,120,-0.0008724269463602496,-0.0024724269463602495,0.5772641862886168,11.258442830327414
XRPUSDT,1.0,2.236262380456324,1.5178132296668796,1.3572412299523287,0.7028549395546388,-0.1218300681562904,-0.0006194507536650962,2024-07-03 08:25:00+00:00,0.484,0.48409669,0.0014462809917354935,-0.0008264462809917106,4.606787035177091,1.0,REFLEXIVE_BASIS_REPAIR,60,0.0014462809917354935,-0.00015371900826450656,0.7028549395546388,3.2379030231504884
XRPUSDT,-1.0,-2.0507745781078377,-2.8181315842274577,1.041072521019196,0.45033742265038734,-0.5383086317960455,-0.0015008576329331724,2024-07-03 18:10:00+00:00,0.4671,0.46739689,-0.004495825305073864,0.0072789552558338855,6.016725192276612,0.75,REFLEXIVE_BASIS_REPAIR,60,-0.004495825305073864,-0.006095825305073864,0.45033742265038734,2.7095565158855055
XRPUSDT,-1.0,-3.5665188311729756,-2.2962168114871364,2.2154723973391395,0.6155327283749726,-0.019663874735516874,-0.0006455777921239303,2024-07-03 19:10:00+00:00,0.465,0.46532484,-0.0027956989247311936,0.002580645161290418,18.143612302698447,1.0,REFLEXIVE_BASIS_REPAIR,60,-0.0027956989247311936,-0.0043956989247311935,0.6155327283749726,11.167987183257695
SOLUSDT,-1.0,-2.254232483132393,-1.7658314136978257,1.225626936136871,0.03179200697133744,0.9111400267882049,0.008620012987105685,2024-07-04 01:15:00+00:00,138.931,139.04735938,-0.029302315537928836,0.021586255047469805,4.878723880862863,1.0,INDEX_CONFIRMED_DISCOVERY,120,0.021586255047469805,0.019986255047469804,0.9111400267882049,4.4452006075016435
BTCUSDT,-1.0,-2.2233409881494284,-2.64480230686311,1.7824394626151625,0.7532865039432904,-0.18760905043153164,-0.0008677450438407952,2024-07-04 07:35:00+00:00,58478.0,58490.80765957,-0.008379219535551874,0.013312698792708355,10.481274092044517,1.0,REFLEXIVE_BASIS_REPAIR,60,-0.008379219535551874,-0.009979219535551875,0.7532865039432904,7.8954023176676
XRPUSDT,1.0,-2.097368412686769,-2.249418306796313,2.9839224491342082,0.5228827482935829,-0.30826831350369427,-0.001765614654601677,2024-07-04 11:05:00+00:00,0.4523,0.45258239,-0.0,-0.01680300685385805,14.07772509428167,0.75,REFLEXIVE_BASIS_REPAIR,60,-0.0,-0.0016,0.5228827482935829,7.360999587019538
BTCUSDT,-1.0,-3.501132567766767,-2.3828143116565346,1.699784807928606,0.8124749486190687,-0.1597340490595739,-0.0008743643371269538,2024-07-04 13:00:00+00:00,57234.4,57248.4512766,0.0029300560502074635,-0.0034856659631270492,14.18053769176374,1.0,REFLEXIVE_BASIS_REPAIR,60,0.0029300560502074635,0.0013300560502074634,0.8124749486190687,11.521331632506511
XRPUSDT,-1.0,-2.301260885342264,-2.299947630491231,1.3977811496213002,0.40751613042976986,-0.29105773061704177,-0.0009151223976207046,2024-07-04 18:30:00+00:00,0.4375,0.43782212,0.01165714285714281,-0.011428571428571344,7.398147442695949,0.25,REFLEXIVE_BASIS_REPAIR,60,0.01165714285714281,0.01005714285714281,0.40751613042976986,3.0148644181963506
ETHUSDT,1.0,2.4655204452157164,1.9955633487351951,1.6812595832122281,0.7649147628890507,-0.5497718380649657,-0.0031882822734662364,2024-07-04 21:30:00+00:00,3157.75,3158.97795455,0.005028897157786427,-0.018972369566938485,8.271969034708954,0.5,REFLEXIVE_BASIS_REPAIR,60,0.005028897157786427,0.0034288971577864273,0.7649147628890507,6.32735123280997
BTCUSDT,-1.0,-3.6330701714573017,-1.861535524505036,1.3859142716082993,0.6911099821744298,0.05202909057437289,-0.00021706325570569618,2024-07-04 23:40:00+00:00,57599.4,57618.09085106,-0.008948009875102914,0.01203831984360948,9.373061824682749,1.0,REFLEXIVE_BASIS_REPAIR,60,-0.008948009875102914,-0.010548009875102914,0.6911099821744298,6.477816590576323
BTCUSDT,-1.0,-5.706803448819243,-4.78331162491883,3.844155050333874,0.6885356028491276,-0.17727211304284693,-0.004719596090381195,2024-07-05 04:25:00+00:00,54008.3,54031.41212766,0.0062620004702980125,-0.006878572367580604,104.93551217808198,0.75,REFLEXIVE_BASIS_REPAIR,60,0.0062620004702980125,0.004662000470298013,0.6885356028491276,72.25183613781765
ETHUSDT,-1.0,-7.734630022274169,-6.385660488037871,2.269029967646198,0.9298069620720906,-0.2691341949721064,-0.003117888754012421,2024-07-05 09:15:00+00:00,2834.44,2835.13909091,0.030563356430194366,-0.03681856027998487,112.06902680515799,0.5,REFLEXIVE_BASIS_REPAIR,60,0.030563356430194366,0.028963356430194365,0.9298069620720906,104.20256135607964
SOLUSDT,-1.0,-3.3744261143034477,-1.911016444201144,2.0208217145422203,0.8036163045732042,-0.2672467554660723,-0.0025079392193554373,2024-07-05 11:25:00+00:00,129.114,129.14187805,0.01587744164072058,-0.015389500751274099,13.031438159315229,1.0,REFLEXIVE_BASIS_REPAIR,60,0.01587744164072058,0.014277441640720579,0.8036163045732042,10.472276176863144
SOLUSDT,1.0,-2.000553494708795,-2.5878276302394827,1.609283734000264,-0.44056682746007314,0.3581659833385398,0.0012655911683085996,2024-07-05 12:30:00+00:00,131.33,131.47157165,-0.0033046524023452317,-0.0029163176730374607,8.331402879268865,1.0,INDEX_CONFIRMED_DISCOVERY,120,-0.0029163176730374607,-0.0045163176730374606,0.3581659833385398,2.9840251048428743
SOLUSDT,-1.0,-2.3046128089350426,-2.2975163602343707,1.3461843198650705,0.9294863203696053,-0.15870660650514887,-0.0012798035168704036,2024-07-05 16:45:00+00:00,135.35,135.40724223,-0.008718138160325184,0.004263021795345434,7.127892013996047,1.0,REFLEXIVE_BASIS_REPAIR,60,-0.008718138160325184,-0.010318138160325185,0.9294863203696053,6.625278120081081
SOLUSDT,1.0,2.3123949444298715,3.233901128283211,2.3338539964007103,0.7842374785804223,-0.14585509001923685,-0.0018632978982278114,2024-07-06 21:10:00+00:00,143.563,143.60571239,0.0031484435404665057,1.393116610826084e-05,17.452692327496727,1.0,REFLEXIVE_BASIS_REPAIR,60,0.0031484435404665057,0.0015484435404665056,0.7842374785804223,13.687055425355915
XRPUSDT,-1.0,-2.3355112451556366,-2.8955189582406056,1.0316923184564835,0.7976053393440086,-0.13016737728193803,-0.0011510128913443385,2024-07-07 07:40:00+00:00,0.4349,0.43515956,0.0039089445849620486,-0.0045987583352495864,6.976836932637752,1.0,REFLEXIVE_BASIS_REPAIR,60,0.0039089445849620486,0.0023089445849620487,0.7976053393440086,5.564762389204346
XRPUSDT,-1.0,-2.6842034519401454,-2.5762347638751946,1.5893618993778822,0.6078233654042611,-2.0071079267931538,-0.008422095615556069,2024-07-08 01:30:00+00:00,0.4071,0.40743231,0.019651191353475816,-0.014738393515106862,10.990657257444251,0.0,REFLEXIVE_BASIS_REPAIR,60,0.019651191353475816,0.018051191353475816,0.6078233654042611,6.680378282224531
ETHUSDT,1.0,-2.9950700488211224,-2.643717851229486,1.265758363350124,0.40992601594856637,-0.5623336718324414,-0.002301232753750715,2024-07-08 03:40:00+00:00,2878.77,2880.65386364,-0.009379005616982239,0.01212670689217954,10.022426806621713,1.0,REFLEXIVE_BASIS_REPAIR,60,-0.009379005616982239,-0.01097900561698224,0.40992601594856637,4.108453490974552
ETHUSDT,1.0,-2.0254948961233668,1.6346374558063885,2.9307973509741423,0.9699255676638743,-0.4173814081935669,-0.0017255805927530732,2024-07-08 09:10:00+00:00,3066.13,3067.22840909,0.002990740770939304,-0.010355073007341509,9.703722972648723,0.75,REFLEXIVE_BASIS_REPAIR,60,0.002990740770939304,0.001390740770939304,0.9699255676638743,9.411889012699291
BTCUSDT,1.0,-7.447950856910156,-8.500983676343303,1.0070201126092155,0.9652174049804411,-0.5819094961364508,-0.0009140525412252298,2024-07-08 21:35:00+00:00,56509.6,56523.49361702,-0.004684159859563719,0.003119823888330542,63.759386445413284,1.0,REFLEXIVE_BASIS_REPAIR,60,-0.004684159859563719,-0.006284159859563719,0.9652174049804411,61.54166952798692
BTCUSDT,-1.0,-2.4519053755381877,-2.0851615553725225,2.7292359779846054,0.8829169195892222,-0.11526031931687453,-0.0014219718815415838,2024-07-10 12:40:00+00:00,58030.1,58047.97148936,-0.0038428332882417537,0.003920379251457384,13.95354324296008,1.0,REFLEXIVE_BASIS_REPAIR,60,-0.0038428332882417537,-0.005442833288241754,0.8829169195892222,12.31981941742932
SOLUSDT,-1.0,-3.316389953195748,-2.7075042014417057,1.6877762042714943,0.6778116150544718,0.04343740846044896,-0.00013604565405733737,2024-07-11 03:25:00+00:00,139.678,139.78002053,0.005219146895001359,-0.006157018284912441,15.154778374323723,1.0,REFLEXIVE_BASIS_REPAIR,60,0.005219146895001359,0.003619146895001359,0.6778116150544718,10.272084805692947
BTCUSDT,-1.0,-3.717900216018933,-2.8603797062613174,2.505080885757555,0.6433596475197841,-0.7778688109185163,-0.003686137793079247,2024-07-11 14:30:00+00:00,57752.0,57786.18361702,0.0005125363623770252,0.002564413353650097,26.64054903934096,0.75,REFLEXIVE_BASIS_REPAIR,60,0.0005125363623770252,-0.001087463637622975,0.6433596475197841,17.139454239683925
BTCUSDT,1.0,-2.7547620502184125,-2.475425107563557,1.2291101644589437,0.7759231266957968,-0.6877469936316443,-0.0026641450048588977,2024-07-12 02:30:00+00:00,57164.0,57192.31106383,0.002886432020152596,-0.008054020012595364,8.381556814823941,0.75,REFLEXIVE_BASIS_REPAIR,60,0.002886432020152596,0.001286432020152596,0.7759231266957968,6.503443770336656
XRPUSDT,-1.0,-2.78118271568467,-2.101050066332998,1.7957455548108046,0.9904764873064771,0.19864935756390056,-0.0,2024-07-12 13:15:00+00:00,0.4686,0.46884771,-0.010243277848911658,0.01707212974818606,10.493266990105923,0.25,REFLEXIVE_BASIS_REPAIR,60,-0.010243277848911658,-0.011843277848911659,0.9904764873064771,10.393334228729124
BTCUSDT,-1.0,-2.415665401525868,-3.9570603511344373,2.5458722288320486,0.8972751677095141,0.0022992374471033005,-0.0002936775906621225,2024-07-12 20:05:00+00:00,57563.0,57588.46170213,0.000404773899901123,-0.00015982488751453694,24.33582405280078,1.0,REFLEXIVE_BASIS_REPAIR,60,0.000404773899901123,-0.001195226100098877,0.8972751677095141,21.83593060832605
XRPUSDT,1.0,3.8426797730153206,4.425031404936777,1.6643593263675112,0.8970538276223164,0.23757200999305658,0.0,2024-07-13 03:25:00+00:00,0.4871,0.48731171,-0.017450215561486404,0.0439334838842127,28.30073049260473,0.5,REFLEXIVE_BASIS_REPAIR,60,-0.017450215561486404,-0.019050215561486405,0.8970538276223164,25.387278612898676
XRPUSDT,1.0,2.098462224394192,2.583053946534696,1.874309440243943,0.47154662590351826,-0.47561863154177,-0.001777602212127194,2024-07-13 06:05:00+00:00,0.5054,0.50552183,-0.006331618519984428,0.012861100118717994,10.159583980949153,0.25,REFLEXIVE_BASIS_REPAIR,60,-0.006331618519984428,-0.007931618519984428,0.47154662590351826,4.790717546800007
XRPUSDT,1.0,2.7630625330321985,2.2677831285663412,1.340003853904488,0.9420181960705781,0.0965925552418452,-0.00038872691933911074,2024-07-13 08:45:00+00:00,0.5143,0.51460202,-0.0031110246937586794,-0.0015555123468793397,8.396499786750846,0.25,REFLEXIVE_BASIS_REPAIR,60,-0.0031110246937586794,-0.004711024693758679,0.9420181960705781,7.909655582422026
XRPUSDT,1.0,3.948114694660672,2.8459029374499925,2.9428139705446963,0.7730549408253524,-0.7884889015425952,-0.005744925315970928,2024-07-13 14:25:00+00:00,0.5192,0.51960955,-0.01926040061633283,0.032164869029275955,33.06531418409533,1.0,REFLEXIVE_BASIS_REPAIR,60,-0.01926040061633283,-0.02086040061633283,0.7730549408253524,25.5613044999575
XRPUSDT,1.0,4.246179813608832,4.569667805436691,3.158076855984756,0.21730925383229927,0.34123551711280853,0.0028632784538296097,2024-07-13 20:00:00+00:00,0.5604,0.56123377,0.03658101356174159,-0.046930763740185566,61.278158584287574,0.5,INDEX_CONFIRMED_DISCOVERY,120,-0.046930763740185566,-0.04853076374018556,0.17061775855640426,10.455142066115028
XRPUSDT,-1.0,-3.963897239032891,-4.209235112276396,2.3900137702824553,0.7418714934569963,-0.009770671143980862,-0.001519756838905817,2024-07-14 09:55:00+00:00,0.5272,0.527325,0.008535660091046893,-0.0011380880121396597,39.877321058407134,0.25,REFLEXIVE_BASIS_REPAIR,60,0.008535660091046893,0.006935660091046893,0.7418714934569963,29.58384772866463
ETHUSDT,1.0,3.284721465936179,1.9642552264094246,2.1203904698791867,0.6288019851814601,-0.1436394913358689,-0.0007477277045371267,2024-07-14 22:10:00+00:00,3260.78,3261.63090909,0.0035052962788045816,-0.008047154361839892,13.680825694225318,0.5,REFLEXIVE_BASIS_REPAIR,60,0.0035052962788045816,0.0019052962788045815,0.6288019851814601,8.602530355450407
BTCUSDT,-1.0,-2.5558136922197248,-2.3070051639744475,1.1958208738691782,0.9536996165913776,-0.26164371737236086,-0.0013655906259222306,2024-07-15 06:00:00+00:00,62769.1,62796.17106383,0.0011120121206136258,-0.0007471829291800791,7.050889184788402,1.0,REFLEXIVE_BASIS_REPAIR,60,0.0011120121206136258,-0.0004879878793863743,0.9536996165913776,6.72443031216099
XRPUSDT,1.0,3.4625350822675967,1.626446893384446,1.7700204439404619,0.6375507884635827,-0.15606124458390846,-0.0022680022680022782,2024-07-15 16:30:00+00:00,0.5279,0.52798113,-0.012123508240196923,0.011555218791437838,9.968099219882882,1.0,REFLEXIVE_BASIS_REPAIR,60,-0.012123508240196923,-0.013723508240196924,0.6375507884635827,6.355169517119555
XRPUSDT,1.0,3.061054579475491,2.9551823520851155,1.7090494209612626,0.9865403249472503,-0.5010232578283904,-0.004984308657928649,2024-07-16 00:15:00+00:00,0.539,0.53927957,-0.013729128014842162,0.030426716141001897,15.460017433462285,0.25,REFLEXIVE_BASIS_REPAIR,60,-0.013729128014842162,-0.015329128014842163,0.9865403249472503,15.251930622498037
XRPUSDT,1.0,3.0793576790712183,3.7847158157324063,1.48794575881734,0.5799840445390643,-0.16890814401565354,-0.001984843016961335,2024-07-16 01:35:00+00:00,0.5531,0.55358515,-0.00831676007955151,0.0122943409871632,17.34125448737133,0.25,REFLEXIVE_BASIS_REPAIR,60,-0.00831676007955151,-0.009916760079551511,0.5799840445390643,10.057650914966821
XRPUSDT,1.0,4.435641758403658,4.5825849386471695,1.3894367803419765,0.8803976340438597,-0.6818636712276035,-0.0052798310454065245,2024-07-16 04:00:00+00:00,0.5652,0.56557188,0.01733899504600145,-0.039278131634819524,28.242671710356337,0.75,REFLEXIVE_BASIS_REPAIR,60,0.01733899504600145,0.015738995046001448,0.8803976340438597,24.86478135287517
SOLUSDT,1.0,2.6903282312810686,1.7809248325985756,1.2498597999011098,0.6691364946540117,-1.821380972329389,-0.012643517577728192,2024-07-16 05:40:00+00:00,155.481,155.57935256,-0.0069011647725445435,-0.0062515677156694816,5.988418706803853,0.0,REFLEXIVE_BASIS_REPAIR,60,-0.0069011647725445435,-0.008501164772544544,0.6691364946540117,4.00706950199124
SOLUSDT,-1.0,-3.665186180352173,-1.6038397437699907,2.3612499406531158,-0.04584842425647828,0.2651775544438167,0.0011673984525485404,2024-07-16 07:00:00+00:00,154.009,153.97412923,0.002805030874819092,-0.002597250810017604,13.88030379911964,1.0,INDEX_CONFIRMED_DISCOVERY,120,-0.002597250810017604,-0.004197250810017604,0.2651775544438167,3.680745016387764
SOLUSDT,-1.0,2.059422006014761,1.8086850045758582,1.5689153874948287,0.9982948481581101,-0.18787126835573958,-0.00034033044159476056,2024-07-16 13:00:00+00:00,155.784,155.85660674,-0.001585528680737358,-0.0002760232116263417,5.84396773535826,1.0,REFLEXIVE_BASIS_REPAIR,60,-0.001585528680737358,-0.003185528680737358,0.9982948481581101,5.834002883010369
BTCUSDT,1.0,4.318843397036782,4.586518002666922,2.0162970364645023,0.8175095964285563,-0.46123713885746603,-0.002824385568180765,2024-07-16 15:25:00+00:00,64292.1,64326.81978723,-0.0027810570816633184,-7.777005261921932e-05,39.93972506311984,0.5,REFLEXIVE_BASIS_REPAIR,60,-0.0027810570816633184,-0.004381057081663318,0.8175095964285563,32.65110851781859
BTCUSDT,-1.0,-3.1499606534247966,-1.852636796854136,1.961230244492135,0.49301818162315647,-0.07609820450521837,-0.0005292007051871384,2024-07-16 16:25:00+00:00,64470.9,64512.85553191,-0.0028508986224793365,-0.0036776282012505046,11.445216088147346,1.0,REFLEXIVE_BASIS_REPAIR,60,-0.0028508986224793365,-0.004450898622479336,0.49301818162315647,5.642699624062501
ETHUSDT,-1.0,-2.744969450833524,-2.1888604246405015,1.8654403437836489,0.9643626081972885,-0.34556711203780116,-0.002055071224904337,2024-07-16 22:15:00+00:00,3422.96,3424.50022727,0.004060812863720287,-0.008945474092598271,11.208227812626719,1.0,REFLEXIVE_BASIS_REPAIR,60,0.004060812863720287,0.002460812863720287,0.9643626081972885,10.808795806654093
ETHUSDT,1.0,2.7123192914348033,2.4730691674369476,1.2127810506730685,0.6119811161509111,-0.5317415703780792,-0.0022678735164687325,2024-07-17 03:25:00+00:00,3471.14,3473.18272727,-0.0028924215099361827,0.010866746947688632,8.135035987973836,1.0,REFLEXIVE_BASIS_REPAIR,60,-0.0028924215099361827,-0.004492421509936183,0.6119811161509111,4.978488403848059
XRPUSDT,1.0,2.9764900770557574,1.62938866341402,1.7282613120768118,0.6966162323973908,-0.3936164804311231,-0.003645401822701011,2024-07-17 16:20:00+00:00,0.6013,0.60143049,-0.012140362547813144,0.02660901380342584,8.381824004191932,0.25,REFLEXIVE_BASIS_REPAIR,60,-0.012140362547813144,-0.013740362547813145,0.6966162323973908,5.8389146584181955
XRPUSDT,1.0,3.4351841994249637,2.97364126251517,2.1282397647198197,0.9793270120208192,-0.21821940897156336,-0.0036095417451349476,2024-07-17 22:55:00+00:00,0.6349,0.6351913,0.01559300677272013,-0.009135296897149203,21.73998085883526,0.25,REFLEXIVE_BASIS_REPAIR,60,0.01559300677272013,0.01399300677272013,0.9793270120208192,21.29055049587294
XRPUSDT,-1.0,-2.2865337784938866,-1.8500011461913193,1.0075204123226242,0.8262605183782998,-0.8433291322257592,-0.005872083796222949,2024-07-18 00:45:00+00:00,0.6338,0.63402699,-0.024297885768381322,0.04118018302303572,4.2619021328155755,0.25,REFLEXIVE_BASIS_REPAIR,60,-0.024297885768381322,-0.025897885768381323,0.8262605183782998,3.5214414655377793
XRPUSDT,-1.0,3.007301476540106,2.686771829444322,1.632975293771912,0.7849736383708042,-0.09738576432179692,-0.00017114495978098887,2024-07-18 07:15:00+00:00,0.5844,0.58456572,-0.015742642026009612,0.012662559890486147,13.194330784401794,1.0,REFLEXIVE_BASIS_REPAIR,60,-0.015742642026009612,-0.017342642026009613,0.7849736383708042,10.357201841699784
SOLUSDT,-1.0,3.0714727930874237,2.834917397907335,2.4683128931364475,0.680152067819658,-1.6963929175093968,-0.008095994444051513,2024-07-18 16:10:00+00:00,156.768,156.8101536,0.00012119820371503387,0.006410747091243119,21.492517729568497,0.0,REFLEXIVE_BASIS_REPAIR,60,0.00012119820371503387,-0.0014788017962849662,0.680152067819658,14.618180376416674
XRPUSDT,-1.0,3.6973336471469085,2.409816211962587,1.897834278263175,0.9451924401417845,-1.77451196234275,-0.00793797304781263,2024-07-19 01:25:00+00:00,0.546,0.54629881,0.0073260073260073,-0.013369963369963322,16.909503319135904,0.0,REFLEXIVE_BASIS_REPAIR,60,0.0073260073260073,0.0057260073260073,0.9451924401417845,15.98273470379967
ETHUSDT,-1.0,-2.262280630545825,-1.574589919817339,2.080199418472208,0.6524357983371544,-0.12978837042957944,-0.0010680473372781663,2024-07-19 08:15:00+00:00,3383.61,3384.70977273,0.004725721936038596,-0.0032952970348236743,7.410012056801182,1.0,REFLEXIVE_BASIS_REPAIR,60,0.004725721936038596,0.003125721936038596,0.6524357983371544,4.834557131967018
BTCUSDT,1.0,2.0828926857263808,2.1156095823310053,2.2946024218089383,-0.9593259773447809,0.2963440427933698,0.001263695760666872,2024-07-19 14:20:00+00:00,65604.9,65600.91021277,-0.0010121195215602174,0.008901774105287918,10.11136686544589,1.0,INDEX_CONFIRMED_DISCOVERY,120,0.008901774105287918,0.007301774105287919,0.2963440427933698,2.996443335073158
ETHUSDT,-1.0,-2.3778189136387318,-1.7595111436704245,2.1874180085239816,0.9662042543306922,-0.30453905363248995,-0.002366202643875104,2024-07-19 19:45:00+00:00,3516.03,3517.51181818,-0.00302898439433108,0.0005830439444487467,9.15171700579339,1.0,REFLEXIVE_BASIS_REPAIR,60,-0.00302898439433108,-0.00462898439433108,0.9662042543306922,8.842427905428119
SOLUSDT,1.0,2.5143954031912976,1.608217743066654,1.4470034700769476,0.6899685064986791,-1.4720226427796526,-0.005747912960175072,2024-07-21 02:50:00+00:00,174.36,174.41107742,0.006205551732048731,-0.0059302592337693305,5.851241131753696,0.0,REFLEXIVE_BASIS_REPAIR,60,0.006205551732048731,0.004605551732048731,0.6899685064986791,4.037172104839739
ETHUSDT,-1.0,3.4471217670971592,3.6526581831879708,3.4418003438374956,0.92587167351937,-0.29928697858122133,-0.0017740332385640656,2024-07-21 18:00:00+00:00,3467.18,3468.82272727,-0.0014363257748372105,-0.006293298876897113,43.336250319620824,1.0,REFLEXIVE_BASIS_REPAIR,60,-0.0014363257748372105,-0.0030363257748372103,0.92587167351937,40.12380660748167
SOLUSDT,1.0,4.595655373011973,3.6655333998360744,3.8729813044294468,0.5865670803308161,-0.024070579018697663,-0.0008969584952842613,2024-07-21 20:35:00+00:00,183.79,183.80270811,0.004358234942053341,0.00013602481092545027,65.24241602936708,0.75,REFLEXIVE_BASIS_REPAIR,60,0.004358234942053341,0.0027582349420533408,0.5865670803308161,38.26905348407428
XRPUSDT,1.0,3.511611884663804,2.908527849650101,1.2090055985120143,0.6775368986108551,-0.21583284432869407,-0.003913894324853118,2024-07-22 14:45:00+00:00,0.6108,0.61126689,0.005893909626719096,0.0013097576948264411,12.348324926201379,0.75,REFLEXIVE_BASIS_REPAIR,60,0.005893909626719096,0.004293909626719096,0.6775368986108551,8.366445773537597
ETHUSDT,-1.0,2.044921070701994,1.9603484985954507,2.4158182733926465,0.35529008141428664,-0.9777161207384427,-0.002789050351694522,2024-07-22 23:20:00+00:00,3437.25,3438.14636364,0.002824932722379714,-0.013208233326060137,9.684430710901522,0.75,REFLEXIVE_BASIS_REPAIR,60,0.002824932722379714,0.0012249327223797137,0.35529008141428664,3.4407821757272194
BTCUSDT,-1.0,3.686921583214981,3.237445298433506,2.432548858380607,0.5863718102581583,-0.5018699680168183,-0.0014752370916755186,2024-07-23 05:30:00+00:00,66528.0,66546.83106383,0.0020126863876863688,0.003370009620009551,29.03540657811695,0.75,REFLEXIVE_BASIS_REPAIR,60,0.0020126863876863688,0.0004126863876863687,0.5863718102581583,17.025543916792074
ETHUSDT,-1.0,-2.743403999461793,-2.5563222075060206,3.090187057470445,0.06070690517804611,0.5722180661455534,0.0015463677797414865,2024-07-23 13:55:00+00:00,3435.0,3435.27113636,0.015429403202328995,-0.0037845705967975984,21.67155775370956,1.0,INDEX_CONFIRMED_DISCOVERY,120,-0.0037845705967975984,-0.005384570596797598,0.5722180661455534,12.400856868189358
ETHUSDT,-1.0,-6.808791307348659,-6.435755977360324,2.0141514132470713,0.9997251435129565,-0.5063015432678987,-0.0032849648561366074,2024-07-23 16:50:00+00:00,3432.89,3434.36545455,-0.004902574798493431,-0.0035538569543447363,88.25954966669771,0.5,REFLEXIVE_BASIS_REPAIR,60,-0.004902574798493431,-0.006502574798493431,0.9997251435129565,88.23529095692828
ETHUSDT,-1.0,-3.0134411027903756,-1.594212513576031,1.4910016484080937,0.6957210194519521,-0.6534255554058911,-0.0026006866043040144,2024-07-23 19:45:00+00:00,3481.19,3482.25454545,-0.0011289243046199715,0.002082621172645016,7.1628696019147,0.75,REFLEXIVE_BASIS_REPAIR,60,-0.0011289243046199715,-0.0027289243046199714,0.6957210194519521,4.983358941645493
BTCUSDT,1.0,2.8810009824765426,2.7291989700141404,1.8205182148113965,0.7602812554323184,-0.17871067862965812,-0.0013079527145675174,2024-07-24 08:15:00+00:00,66200.1,66236.80617021,-0.001134439373958518,0.0036631364605188566,14.31441597578201,1.0,REFLEXIVE_BASIS_REPAIR,60,-0.001134439373958518,-0.0027344393739585178,0.7602812554323184,10.882982148847981
SOLUSDT,1.0,2.0216353455660543,2.6224591095755327,3.0139126159806198,0.8463657270550136,-0.4059390019881769,-0.004957713619130888,2024-07-24 14:55:00+00:00,180.836,180.89741854,0.012397973854763489,-0.004379658917472162,15.978727989040694,0.25,REFLEXIVE_BASIS_REPAIR,60,0.012397973854763489,0.010797973854763488,0.8463657270550136,13.523847731858721
ETHUSDT,-1.0,-3.495041579557285,-2.3114474617486622,1.9684403704328675,0.37875839557457047,-1.0565519254943607,-0.005153139064204115,2024-07-24 16:15:00+00:00,3419.34,3419.81068182,-9.943439377191332e-05,0.00016084975463104279,15.902252194714114,0.25,REFLEXIVE_BASIS_REPAIR,60,-9.943439377191332e-05,-0.0016994343937719134,0.37875839557457047,6.02311152729211
SOLUSDT,1.0,-2.243907525027132,-1.7445314593823775,1.0644060309390757,0.6544546772515628,-0.6108177538048163,-0.001874179698796663,2024-07-24 19:35:00+00:00,179.475,179.57507607,0.0005293216325393812,-0.012018386961972327,4.166689010017833,1.0,REFLEXIVE_BASIS_REPAIR,60,0.0005293216325393812,-0.0010706783674606188,0.6544546772515628,2.7269091112588546
ETHUSDT,1.0,3.70505403109154,2.2689407066077725,2.1030350968873583,0.9418228295428059,-0.23915187213152642,-0.0012038499180422324,2024-07-24 23:15:00+00:00,3326.97,3328.30863636,-0.0030147551676149575,-0.02956744425107527,17.6792653011812,1.0,REFLEXIVE_BASIS_REPAIR,60,-0.0030147551676149575,-0.004614755167614957,0.9418228295428059,16.650735670196426
BTCUSDT,-1.0,2.9200089542941385,2.016503474773642,3.8326673885842095,0.7965415266071371,-0.207146629445398,-0.002767427333666861,2024-07-25 01:15:00+00:00,64533.9,64557.72510638,-0.003909573108087372,0.007358922984663896,22.56754355569873,1.0,REFLEXIVE_BASIS_REPAIR,60,-0.003909573108087372,-0.005509573108087372,0.7965415266071371,17.975985595629325
ETHUSDT,-1.0,2.568245662813955,3.739587832141969,3.079265285044699,0.4714065437590933,-0.3816465018413537,-0.0013796970336512615,2024-07-25 02:35:00+00:00,3178.99,3179.77568182,-0.002019509341017023,0.005190327745604684,29.573818775431352,0.75,REFLEXIVE_BASIS_REPAIR,60,-0.002019509341017023,-0.0036195093410170227,0.4714065437590933,13.941291694683875
XRPUSDT,1.0,4.382852817183921,3.4500498151092356,1.747464342508614,0.7146915701776753,-0.2909557839104028,-0.0050496823586902995,2024-07-25 07:55:00+00:00,0.6108,0.61128598,0.003929273084479323,-0.008840864440078477,26.423514134793358,0.25,REFLEXIVE_BASIS_REPAIR,60,0.003929273084479323,0.0023292730844793235,0.7146915701776753,18.884662806607462
ETHUSDT,-1.0,-2.4798553220603674,-1.8931126723733585,1.7959256974626125,0.9836076363335697,-1.464364180333883,-0.00416371477932298,2024-07-26 02:40:00+00:00,3231.68,3233.11613636,0.0016028814734132535,-0.0061113724131101055,8.431234558302167,0.0,REFLEXIVE_BASIS_REPAIR,60,0.0016028814734132535,2.8814734132534114e-06,0.9836076363335697,8.293026695265503
ETHUSDT,1.0,2.1578262065172362,1.8615444265187207,1.7645985945352527,0.9000024567885881,-0.3695622090380949,-0.001826278703064843,2024-07-26 04:15:00+00:00,3241.11,3242.635,-0.0013976693169932553,0.009468978220424473,7.088197298128286,0.5,REFLEXIVE_BASIS_REPAIR,60,-0.0013976693169932553,-0.002997669316993255,0.9000024567885881,6.37939498251769
XRPUSDT,-1.0,-3.945310926982612,-3.362480979717296,1.5902622760335767,0.831218213010517,0.11798561952504799,-0.0003350083752093891,2024-07-26 10:25:00+00:00,0.5972,0.59759193,0.0023442732752847473,-0.006195579370395166,21.096471754672955,1.0,REFLEXIVE_BASIS_REPAIR,60,0.0023442732752847473,0.0007442732752847472,0.831218213010517,17.535771552746098
BTCUSDT,-1.0,3.3064081958682676,4.688685088829534,4.037813333677134,0.5504460354895598,-0.5187293460167441,-0.006419199282269972,2024-07-27 20:30:00+00:00,67306.8,67320.02851064,0.023542940683556335,-0.019102081810455918,62.59703624754232,0.75,REFLEXIVE_BASIS_REPAIR,60,0.023542940683556335,0.021942940683556334,0.5504460354895598,34.45629043585594
ETHUSDT,1.0,2.0173063316764157,1.5646875866724357,1.5471562402001038,0.7000541417399164,-0.601694419225628,-0.0023495714151626768,2024-07-29 00:30:00+00:00,3294.97,3296.11068182,0.002048577073539337,0.0037845564603016246,4.883527774824141,0.5,REFLEXIVE_BASIS_REPAIR,60,0.002048577073539337,0.0004485770735393371,0.7000541417399164,3.4187338450675577
ETHUSDT,-1.0,-2.174762584121615,-2.1129279791347235,1.7487262640173493,0.9038604835385257,-0.8480562175671902,-0.0030631422960616383,2024-07-29 14:20:00+00:00,3330.29,3331.82295455,-0.009951085340916266,0.008804038086773325,8.035601280439803,0.25,REFLEXIVE_BASIS_REPAIR,60,-0.009951085340916266,-0.011551085340916267,0.9038604835385257,7.263062458861116
SOLUSDT,1.0,5.752606569737927,4.274583489115695,2.439337484198479,0.8951291125406274,-0.04866491422969257,-0.0019488627110363366,2024-07-30 05:05:00+00:00,183.851,183.95320236,0.009942834142865675,-0.006793544772669136,59.98330157059456,1.0,REFLEXIVE_BASIS_REPAIR,60,0.009942834142865675,0.008342834142865675,0.8951291125406274,53.69279950214313
XRPUSDT,-1.0,-4.696998620351371,-4.84071006217059,4.084778285507778,0.6244450733531319,-1.8913484004530607,-0.010217113665389688,2024-07-30 10:50:00+00:00,0.6328,0.63279259,0.0012642225031604948,0.010113780025284513,92.87482157529796,0.0,REFLEXIVE_BASIS_REPAIR,60,0.0012642225031604948,-0.0003357774968395053,0.6244450733531319,57.99522477124597
XRPUSDT,1.0,2.9685893115028277,2.53346612086469,1.3230451158194854,0.822923497334622,-0.027106812418990118,-0.0008019246190859031,2024-07-30 20:25:00+00:00,0.623,0.62319999,0.0024077046548955927,0.008667736757624445,9.950384759958604,1.0,REFLEXIVE_BASIS_REPAIR,60,0.0024077046548955927,0.0008077046548955926,0.822923497334622,8.188405426490258
XRPUSDT,1.0,2.8088687062138566,2.614996492173115,2.278981542684209,0.8748150748358002,-0.14513879650653821,-0.0015465511908444585,2024-07-31 01:30:00+00:00,0.6456,0.6458381,-0.009603469640644402,0.0068153655514251454,16.739533781136878,0.25,REFLEXIVE_BASIS_REPAIR,60,-0.009603469640644402,-0.011203469640644403,0.8748150748358002,14.643996497461664
BTCUSDT,-1.0,-2.22143946547233,-1.9172915789638711,1.8638781988387216,-1.0132123031082538,1.0356082733075205,0.002035763244226385,2024-07-31 19:30:00+00:00,65738.0,65722.97319149,-0.013485350938574392,0.017595606802762398,7.938531575058963,0.75,INDEX_CONFIRMED_DISCOVERY,120,0.017595606802762398,0.015995606802762397,0.7767062049806404,6.165906732783033
ETHUSDT,1.0,2.0957830139845273,2.6134765997091143,2.1592147769017487,0.7472717418237621,-0.24642300685807886,-0.0015595905365936025,2024-08-01 05:35:00+00:00,3168.96,3170.49954545,0.0002997828940723979,0.0006468999293143263,11.826623621985751,1.0,REFLEXIVE_BASIS_REPAIR,60,0.0002997828940723979,-0.0013002171059276022,0.7472717418237621,8.837701633895342
BTCUSDT,1.0,2.996978011108997,2.812644967017444,1.2681320850674394,0.6881528224767299,-0.49662363720748487,-0.001405183459799897,2024-08-01 16:00:00+00:00,62892.6,62911.06425532,3.97503044873293e-05,0.004925857732070327,10.689637133661524,1.0,REFLEXIVE_BASIS_REPAIR,60,3.97503044873293e-05,-0.0015602496955126708,0.6881528224767299,7.356103964781239
BTCUSDT,1.0,2.7786098311190046,2.3692320456571636,1.0805720230307165,0.870179180669284,-0.5872258608034566,-0.0026911048076223576,2024-08-02 07:00:00+00:00,64446.4,64476.43914894,0.004661237865885459,0.0019132178058043348,7.113590896293395,0.75,REFLEXIVE_BASIS_REPAIR,60,0.004661237865885459,0.0030612378658854593,0.870179180669284,6.190098697753064
SOLUSDT,1.0,4.819069476146362,5.0236482907691515,1.4878233544806827,0.8752675583467472,-0.1512563870686164,-0.002196555069466144,2024-08-02 12:55:00+00:00,163.533,163.5764109,-0.018326576287355012,-0.03473305082154654,36.019177017605955,1.0,REFLEXIVE_BASIS_REPAIR,60,-0.018326576287355012,-0.019926576287355013,0.8752675583467472,31.526417121859236
ETHUSDT,-1.0,2.5088603996970646,1.9381188744558526,2.5943626639110673,-0.5275506506973404,0.2972738853623735,0.0018150557116837218,2024-08-02 14:20:00+00:00,3129.2,3132.14204545,-0.04036814521283383,0.03067557203118998,12.615009828584629,1.0,INDEX_CONFIRMED_DISCOVERY,120,0.03067557203118998,0.02907557203118998,0.2972738853623735,3.7501129856278816
SOLUSDT,-1.0,-6.168420272988399,-6.822695285480303,2.4784768195087667,0.963447776289768,-0.020514373689885238,-0.0015369261477045093,2024-08-02 19:55:00+00:00,150.531,150.59812839,0.014156552470919515,-0.028698407636965184,104.30732131545396,0.75,REFLEXIVE_BASIS_REPAIR,60,0.014156552470919515,0.012556552470919514,0.963447776289768,100.49465677211643
ETHUSDT,-1.0,-6.882653279311028,-6.910677544676054,2.6466544486093047,0.6300899571862192,-0.5167240035914595,-0.007193228003122165,2024-08-02 21:20:00+00:00,2993.62,2993.68681818,0.0027324777359853947,0.0029195422264681747,125.88493615382698,1.0,REFLEXIVE_BASIS_REPAIR,60,0.0027324777359853947,0.0011324777359853946,0.6300899571862192,79.31883403155479
XRPUSDT,-1.0,-3.0871134498071777,-3.3553008013843284,1.3590038236384359,0.7998881271185226,0.08352699108494602,-0.0003622532149971658,2024-08-03 01:00:00+00:00,0.5523,0.55245726,0.009053050878145896,-0.014122759369907811,14.076825567416702,1.0,REFLEXIVE_BASIS_REPAIR,60,0.009053050878145896,0.007453050878145896,0.7998881271185226,11.25988563889508
XRPUSDT,1.0,-2.3210605047383432,-3.3366498822337674,1.9506648047592945,0.8597824342568929,-1.0019912660866688,-0.004074402125774923,2024-08-03 16:40:00+00:00,0.5622,0.56252428,0.01832088224831041,-0.022411953041622246,15.107052831103832,0.25,REFLEXIVE_BASIS_REPAIR,60,0.01832088224831041,0.01672088224831041,0.8597824342568929,12.988778657573938
ETHUSDT,-1.0,-2.185480933475614,-2.728890816816051,1.5602591644599608,0.3745234504320498,-0.5737965931568701,-0.0023749694080499317,2024-08-03 18:05:00+00:00,2907.98,2908.51136364,-0.0014030357842901298,0.0029057971512871372,9.30529024650477,1.0,REFLEXIVE_BASIS_REPAIR,60,-0.0014030357842901298,-0.0030030357842901296,0.3745234504320498,3.4850494103926657
XRPUSDT,-1.0,-2.8570649393094736,-1.663955589738223,1.633493328834893,0.8415167733580706,-0.78691331228129,-0.00516319380416741,2024-08-03 20:05:00+00:00,0.5451,0.54543393,0.006053935057787507,-0.016694184553292857,7.7656749440973005,0.75,REFLEXIVE_BASIS_REPAIR,60,0.006053935057787507,0.004453935057787507,0.8415167733580706,6.534945721904376
XRPUSDT,1.0,2.173911856687896,3.194214556438451,1.8672482866805196,0.8795774898100809,-0.31659689139554276,-0.002819018981394583,2024-08-04 15:00:00+00:00,0.5306,0.53083057,0.004334715416509538,-0.014700339238597704,12.966061742821088,0.5,REFLEXIVE_BASIS_REPAIR,60,0.004334715416509538,0.002734715416509538,0.8795774898100809,11.404656040473094
SOLUSDT,-1.0,-2.325791921872264,-2.7443776270790545,1.9013405428500862,0.4282877119048232,-0.5900158083420107,-0.0040655321464198035,2024-08-04 17:15:00+00:00,132.87,132.88088227,0.029239105892977957,-0.06056295627304875,12.135973985386459,1.0,REFLEXIVE_BASIS_REPAIR,60,0.029239105892977957,0.027639105892977956,0.4282877119048232,5.197688529937624
SOLUSDT,-1.0,-3.4710531468597923,-2.029881155160892,2.1131044617600354,0.9453346980202879,-0.3329850889705649,-0.003681973298210073,2024-08-05 00:50:00+00:00,134.116,134.17670029,-0.028266575203555355,0.03578991320946057,14.888565029029511,0.5,REFLEXIVE_BASIS_REPAIR,60,-0.028266575203555355,-0.029866575203555356,0.9453346980202879,14.074677125673032
SOLUSDT,-1.0,-2.85721995740354,-2.5396719253754867,2.149817586771959,0.764376490697067,-0.3120519330276591,-0.004711298676385978,2024-08-05 01:55:00+00:00,130.939,131.01612829,-0.010776010203224384,0.025011646644620744,15.59993915385968,1.0,REFLEXIVE_BASIS_REPAIR,60,-0.010776010203224384,-0.012376010203224385,0.764376490697067,11.924226745515035
SOLUSDT,-1.0,-6.185387470779427,-5.771798463072079,2.5490829737594405,0.973029535737608,-1.0709101950386202,-0.019480352379073418,2024-08-05 06:10:00+00:00,118.85,118.90437463,-0.008077408498106786,-0.01904080774084993,91.00432665875738,0.75,REFLEXIVE_BASIS_REPAIR,60,-0.008077408498106786,-0.009677408498106787,0.973029535737608,88.54989771888431
XRPUSDT,1.0,-2.0477657697869733,-2.292185594380491,1.8059600722148945,0.6771621933499858,-0.9599405076398454,-0.006614038830808577,2024-08-05 07:35:00+00:00,0.4656,0.46574853,-0.002577319587628857,0.0021477663230240474,8.476922296495765,0.5,REFLEXIVE_BASIS_REPAIR,60,-0.002577319587628857,-0.004177319587628857,0.6771621933499858,5.740251295152471
ETHUSDT,-1.0,2.3142861605130705,2.5563603412119864,1.7925562307468033,0.5076334405589302,-0.7327021530090418,-0.006749915626054426,2024-08-05 09:55:00+00:00,2296.91,2297.31227273,-0.010627321053066852,0.0024859485134376413,10.605030395416986,1.0,REFLEXIVE_BASIS_REPAIR,60,-0.010627321053066852,-0.012227321053066852,0.5076334405589302,5.3834680668575565
ETHUSDT,-1.0,-3.7825358379018863,-1.9843680307919158,1.4004257046946387,0.9353070447589872,-0.4343317378721687,-0.0041360009210795745,2024-08-05 11:25:00+00:00,2267.56,2268.63522727,-0.013362380708779376,0.023576002399054552,10.511515784134652,1.0,REFLEXIVE_BASIS_REPAIR,60,-0.013362380708779376,-0.014962380708779376,0.9353070447589872,9.831494763996428
XRPUSDT,1.0,2.080894857551958,2.511183492430707,2.5320236904730664,0.5392031042429578,-0.10663201711299207,-0.0030621172353456627,2024-08-05 13:45:00+00:00,0.4558,0.45617758,-0.06164984642387017,0.07437472575691095,13.231112116301508,1.0,REFLEXIVE_BASIS_REPAIR,60,-0.06164984642387017,-0.06324984642387017,0.5392031042429578,7.1342567256963845
BTCUSDT,1.0,-3.844887411387995,-1.687234251902313,1.594185088976782,0.35756679005460834,-0.6644315655590479,-0.0033150088547815315,2024-08-05 15:00:00+00:00,54028.3,54024.77863636,-0.00484005604470239,-0.00022580758602441797,10.341838535885222,0.75,REFLEXIVE_BASIS_REPAIR,60,-0.00484005604470239,-0.00644005604470239,0.35756679005460834,3.697898008539529
XRPUSDT,-1.0,-2.6865835709663095,-2.0216848502741187,1.127426179649664,0.1919706774524096,0.4766826566925421,0.0036540803897685548,2024-08-05 16:40:00+00:00,0.4908,0.49072658,-0.0014262428687856765,0.01996740016299925,6.1235310810124215,1.0,INDEX_CONFIRMED_DISCOVERY,120,0.01996740016299925,0.01836740016299925,0.4766826566925421,2.9189810640363554
BTCUSDT,1.0,-3.1864657887087984,-4.299204130023697,1.2826485725424923,0.9484178499035499,-1.1268887636601201,-0.004841017213515486,2024-08-05 21:25:00+00:00,54742.8,54763.08727273,-0.0011544897228492612,-0.004336643357665371,17.57134510722297,0.75,REFLEXIVE_BASIS_REPAIR,60,-0.0011544897228492612,-0.002754489722849261,0.9484178499035499,16.664977346505673
XRPUSDT,1.0,-2.1744108093159724,-1.9899065269398062,1.2249971009302028,0.9991276953840657,-0.3275132601469865,-0.0021342646488163863,2024-08-06 07:40:00+00:00,0.5143,0.51458419,0.021193855726229893,-0.027610344157106725,5.300408426679753,1.0,REFLEXIVE_BASIS_REPAIR,60,0.021193855726229893,0.019593855726229892,0.9991276953840657,5.295784855942823
BTCUSDT,1.0,-2.5619546064899046,-2.108495355963657,1.1054390742211557,0.9987994480898524,-0.8871128701077137,-0.004037788528906683,2024-08-07 12:25:00+00:00,57003.2,57027.12590909,-0.0017420074662475304,-0.010688873607095695,5.971437497516084,0.75,REFLEXIVE_BASIS_REPAIR,60,-0.0017420074662475304,-0.0033420074662475303,0.9987994480898524,5.964268476822115
XRPUSDT,-1.0,-4.293236135679342,-3.2440044497351477,3.748475402425299,0.9381476303072999,-2.0444776321011946,-0.022781366882013154,2024-08-07 21:00:00+00:00,0.6016,0.60201584,0.04072473404255317,-0.019614361702127603,52.20605573672179,0.0,REFLEXIVE_BASIS_REPAIR,60,0.04072473404255317,0.03912473404255317,0.9381476303072999,48.976987477096365
XRPUSDT,-1.0,-2.1197901957208773,-2.2204949321740606,2.9382047713363475,0.15556558394756204,1.084994141762155,0.016946417043253836,2024-08-07 22:25:00+00:00,0.6091,0.60986023,-0.0009850599244786151,0.03513380397307497,13.83008104590373,1.0,INDEX_CONFIRMED_DISCOVERY,120,0.03513380397307497,0.033533803973074976,1.084994141762155,15.005556914901364
BTCUSDT,1.0,15.56814166121578,13.520798236537923,2.329405703436905,0.9404973699556387,-0.3205702317567272,-0.012358438281007689,2024-08-08 01:50:00+00:00,56668.7,56703.92704545,-0.010886079970071627,0.009822000504687844,490.32523071975226,1.0,REFLEXIVE_BASIS_REPAIR,60,-0.010886079970071627,-0.012486079970071628,0.9404973699556387,461.14958991481876
XRPUSDT,1.0,2.3277701838940144,2.54061449679227,1.562602693467753,0.8730650887277354,-0.22141020102115633,-0.002566982191560929,2024-08-08 03:30:00+00:00,0.6217,0.6220098,0.017210873411613425,-0.030239665433488883,9.241180254499005,1.0,REFLEXIVE_BASIS_REPAIR,60,0.017210873411613425,0.015610873411613425,0.8730650887277354,8.06815185884317
BTCUSDT,-1.0,2.9366233106600808,3.2454745109528296,1.9793618306385228,0.8875659157505804,-0.303918938101937,-0.0012705811329229988,2024-08-08 13:55:00+00:00,57054.2,57074.27295455,0.030509585622092716,-0.039686824107602936,18.864775260200794,1.0,REFLEXIVE_BASIS_REPAIR,60,0.030509585622092716,0.028909585622092716,0.8875659157505804,16.74373152924901
ETHUSDT,1.0,4.3468295889063,4.030009111154594,1.6807804825126746,0.994406956678037,-0.27389100300086805,-0.004364744082778538,2024-08-08 22:05:00+00:00,2627.81,2629.16704545,-0.026299466095341728,0.018566791358583856,29.443513892084322,1.0,REFLEXIVE_BASIS_REPAIR,60,-0.026299466095341728,-0.02789946609534173,0.994406956678037,29.278835043335075
ETHUSDT,1.0,5.921435978113168,4.55265359005071,1.5358535060706648,0.9862065520491688,-0.0013135072239345942,-0.0012245888480276745,2024-08-12 15:50:00+00:00,2675.17,2676.6075,-0.00029530833554503033,-0.004209078301565916,41.40391781002653,1.0,REFLEXIVE_BASIS_REPAIR,60,-0.00029530833554503033,-0.0018953083355450304,0.9862065520491688,40.83281502475344
ETHUSDT,1.0,4.808199805116576,2.859661209988168,2.7567501808439063,0.9817118298001778,-0.37382993886535243,-0.006073220699166382,2024-08-12 23:25:00+00:00,2731.44,2732.79522727,0.006575286295873228,-0.006403215886126135,37.90482558781391,1.0,REFLEXIVE_BASIS_REPAIR,60,0.006575286295873228,0.0049752862958732285,0.9817118298001778,37.21161568606939
SOLUSDT,1.0,2.6785261807282494,2.372614338057522,1.0896300261708582,0.6997530474476892,-0.5169746178848406,-0.005500920253825203,2024-08-13 03:25:00+00:00,144.811,144.85588849,0.003839487331763536,0.004523137054505577,6.924718262930352,1.0,REFLEXIVE_BASIS_REPAIR,60,0.003839487331763536,0.002239487331763536,0.6997530474476892,4.845592707202182
ETHUSDT,-1.0,-2.1648312492075203,-2.097862419564725,2.225293018408234,0.9737608173918832,-0.16765811066267586,-0.0018153438329577831,2024-08-13 14:40:00+00:00,2637.89,2639.21181818,0.003104754178529179,-0.019784752207256506,10.106208570777483,1.0,REFLEXIVE_BASIS_REPAIR,60,0.003104754178529179,0.0015047541785291787,0.9737608173918832,9.841029918613138
BTCUSDT,1.0,2.01368468652641,1.9373632028585155,2.6228850775827213,0.9702347674139377,-0.06769118053726664,-0.0007610300147613547,2024-08-13 16:55:00+00:00,60923.6,60954.14136364,-0.0031153772922152267,-0.0008847146261875549,10.232500544319818,1.0,REFLEXIVE_BASIS_REPAIR,60,-0.0031153772922152267,-0.004715377292215227,0.9702347674139377,9.92792778568113
ETHUSDT,1.0,5.229646586888098,2.3784983409710447,1.7210120651490879,0.7956406821759285,-0.1906662454122131,-0.00227483175723453,2024-08-14 05:20:00+00:00,2736.82,2737.66386364,0.001954823481266743,-0.004929078273324561,21.40716263750843,1.0,REFLEXIVE_BASIS_REPAIR,60,0.001954823481266743,0.000354823481266743,0.7956406821759285,17.032409484358258
BTCUSDT,1.0,10.72984114925071,7.2941202377003265,1.7755824108638587,0.5825786284607097,-1.4826387207415186,-0.006862517812878499,2024-08-14 12:35:00+00:00,61259.6,61245.20954545,0.01155573983506264,-0.03342496522993943,138.965516107971,0.0,REFLEXIVE_BASIS_REPAIR,60,0.01155573983506264,0.009955739835062639,0.5825786284607097,80.95833977751641
BTCUSDT,1.0,2.7068286318900068,1.5270481299959444,1.0060018499093144,0.6021087761104924,-0.13492873487894386,-0.000949369249998222,2024-08-15 05:30:00+00:00,58509.6,58528.975,0.007513296963233329,-0.01238429249217221,4.1582659926721135,1.0,REFLEXIVE_BASIS_REPAIR,60,0.007513296963233329,0.005913296963233329,0.6021087761104924,2.503728447589688
BTCUSDT,-1.0,-2.0168910261606565,-3.577709075828341,1.344745673562917,0.5616238623501211,-0.27547648422208987,-0.0015594238588467757,2024-08-15 13:50:00+00:00,59216.6,59238.16568182,0.007558691312908872,-0.006776815960389593,9.703482166593124,1.0,REFLEXIVE_BASIS_REPAIR,60,0.007558691312908872,0.005958691312908872,0.5616238623501211,5.449707132647552
BTCUSDT,-1.0,-2.619823133179106,-1.5896134989060777,2.3816038189453246,-0.23933368029671853,0.9002228937273358,0.005176825928364326,2024-08-15 18:20:00+00:00,57573.7,57630.24272727,-0.006046163439209162,0.012132275674483273,9.9182039110192,0.75,INDEX_CONFIRMED_DISCOVERY,120,0.012132275674483273,0.010532275674483272,0.6751671702955018,6.696445669016612
ETHUSDT,1.0,7.635321911459063,6.41134220253385,2.5471113995233847,0.885136246045582,-0.10561534211895893,-0.001895091203716337,2024-08-15 21:05:00+00:00,2543.86,2544.74454545,-0.00792496442414281,0.011376412223943255,124.68788240058387,1.0,REFLEXIVE_BASIS_REPAIR,60,-0.00792496442414281,-0.009524964424142811,0.885136246045582,110.36576415542581
SOLUSDT,1.0,2.4749678433959765,4.626232899710248,1.7987207497860902,0.9035681641776876,-0.8337999385008821,-0.006983635773346153,2024-08-15 22:45:00+00:00,143.756,143.83452429,0.005704109741506369,-0.010670858955452278,20.594952662593688,0.75,REFLEXIVE_BASIS_REPAIR,60,0.005704109741506369,0.004104109741506369,0.9035681641776876,18.608943568666156
SOLUSDT,-1.0,-4.844109086617084,-3.8347675493167337,2.600557745004122,0.7713383676756213,0.07581215698895813,-0.0005173677478693683,2024-08-16 12:40:00+00:00,139.238,139.27535926,0.013509243166377027,-0.0010557462761602299,48.30804474907361,1.0,REFLEXIVE_BASIS_REPAIR,60,0.013509243166377027,0.011909243166377027,0.7713383676756213,37.2618483823513
SOLUSDT,-1.0,-4.01360863820841,-2.4503860272271516,1.6518359269347418,0.6839863013139098,0.06501413888963596,-0.0005622188905547443,2024-08-16 14:30:00+00:00,138.814,138.84620034,-0.012750875271946516,-0.004171049029636942,16.245625508026336,1.0,REFLEXIVE_BASIS_REPAIR,60,-0.012750875271946516,-0.014350875271946516,0.6839863013139098,11.11178530376584
SOLUSDT,-1.0,-4.193227791864655,-4.234593265612216,2.8353775706789253,0.8555300877688095,-0.12851472212286041,-0.001776628691516402,2024-08-18 10:30:00+00:00,144.913,145.00307803,-0.007273329514950411,-0.0012973301222112266,50.346705544870886,0.75,REFLEXIVE_BASIS_REPAIR,60,-0.007273329514950411,-0.008873329514950411,0.8555300877688095,43.073121413673796
XRPUSDT,1.0,11.442406138861998,7.039202788324572,3.6040281891251165,0.8815856896363522,-0.32597289864267287,-0.009458297506448998,2024-08-18 12:40:00+00:00,0.576,0.57649103,0.005381944444444398,-0.008506944444444331,290.2879540857847,0.75,REFLEXIVE_BASIS_REPAIR,60,0.005381944444444398,0.0037819444444443977,0.8815856896363522,255.91370619584225
ETHUSDT,-1.0,-2.0533892761009014,-1.8278568131349473,1.5101963530948757,0.6447429122752841,-0.25826626063841623,-0.0010933333333333906,2024-08-18 23:30:00+00:00,2627.87,2629.49795455,-0.0050991867938673385,0.0031546461582955265,5.668222355673206,1.0,REFLEXIVE_BASIS_REPAIR,60,-0.0050991867938673385,-0.006699186793867338,0.6447429122752841,3.654546189020614
XRPUSDT,1.0,2.189491022725976,2.014519069596734,2.1106228297772587,0.6927760623143995,-0.3394512045675848,-0.0029010238907848374,2024-08-19 10:35:00+00:00,0.5843,0.5845321,0.0054766387129900895,-0.003765189115180756,9.309474851743635,0.25,REFLEXIVE_BASIS_REPAIR,60,0.0054766387129900895,0.0038766387129900897,0.6927760623143995,6.449381330005884
XRPUSDT,1.0,3.468047875080517,2.868805891209031,2.4536725646118147,0.9049262177196067,-0.11682822713026068,-0.0018787361229718469,2024-08-19 16:25:00+00:00,0.5844,0.58476245,-0.01813826146475006,0.03251197809719364,24.41197154769939,1.0,REFLEXIVE_BASIS_REPAIR,60,-0.01813826146475006,-0.01973826146475006,0.9049262177196067,22.091033079738263
XRPUSDT,-1.0,-4.331665344025486,-4.615431491976985,1.0853307516767356,0.9632270699297153,-0.07816699424835671,-0.001168614357262232,2024-08-19 20:15:00+00:00,0.5997,0.60004774,-0.007670501917625527,0.0035017508754376925,21.69848009048213,1.0,REFLEXIVE_BASIS_REPAIR,60,-0.007670501917625527,-0.009270501917625528,0.9632270699297153,20.900563399483364
SOLUSDT,1.0,-2.3401677231471814,-2.1428354175262645,1.9130024775884056,0.5886875539688257,-0.17326743646388487,-0.0004842682986743174,2024-08-20 15:25:00+00:00,142.414,142.51210135,0.0027104076846377056,0.002724451247770654,9.592931281954096,1.0,REFLEXIVE_BASIS_REPAIR,60,0.0027104076846377056,0.0011104076846377056,0.5886875539688257,5.647239251764588
XRPUSDT,-1.0,-2.2826812903194877,-2.0075433631800705,1.9901795068568142,0.965461458558893,-0.0901509341550138,-0.0010174665083941825,2024-08-21 15:00:00+00:00,0.5903,0.59060903,0.0028798915805521297,-0.008809080128748148,9.120160137358562,1.0,REFLEXIVE_BASIS_REPAIR,60,0.0028798915805521297,0.0012798915805521296,0.965461458558893,8.805163108504871
BTCUSDT,1.0,2.283557592298358,1.8359353510362,1.983442354076691,0.9202683564645395,-0.5610933979332656,-0.0015919911614764581,2024-08-21 18:40:00+00:00,60456.7,60486.83319149,-0.014443395024869021,0.012124379928113882,8.315510883378623,0.25,REFLEXIVE_BASIS_REPAIR,60,-0.014443395024869021,-0.016043395024869022,0.9202683564645395,7.652501533809837
SOLUSDT,1.0,2.377092801124234,2.7956256397239265,2.3716692085857503,0.5119722688670101,-0.4805455758637245,-0.003045629315215792,2024-08-23 00:45:00+00:00,144.684,144.72756598,0.0013339415553895728,0.0018523126261369427,15.760836612828127,1.0,REFLEXIVE_BASIS_REPAIR,60,0.0013339415553895728,-0.00026605844461042726,0.5119722688670101,8.069111279911859
ETHUSDT,-1.0,-4.366277594193362,-2.6173861095921676,2.5308178601121774,0.7538638407243053,-0.48178384789580775,-0.003044375450337533,2024-08-23 11:15:00+00:00,2658.86,2659.80386364,-0.00136900777024751,-0.0004663652843699406,28.922779540940567,0.75,REFLEXIVE_BASIS_REPAIR,60,-0.00136900777024751,-0.00296900777024751,0.7538638407243053,21.80383766915582
SOLUSDT,1.0,2.5639669049662364,1.9779063679661892,3.0630786511264962,0.9789712995105433,-1.4777640910474008,-0.008851189378572655,2024-08-23 14:20:00+00:00,145.125,145.19890931,0.006229112833763928,-0.0051679586563307955,15.533749315676378,0.0,REFLEXIVE_BASIS_REPAIR,60,0.006229112833763928,0.004629112833763928,0.9789712995105433,15.207094753838716
SOLUSDT,1.0,4.687777902900309,3.960035801234256,2.5895042152654573,0.8543928512860153,-0.37805679076302073,-0.00467487469748884,2024-08-23 20:10:00+00:00,150.527,150.58540531,-0.003029356859566734,0.020149209111986588,48.07095632548448,1.0,REFLEXIVE_BASIS_REPAIR,60,-0.003029356859566734,-0.004629356859566734,0.8543928512860153,41.0714814389762
BTCUSDT,1.0,4.219754756851329,3.096183292833436,2.248414605338524,0.7771822732768212,-0.23638661881631903,-0.0012634618855664748,2024-08-23 22:40:00+00:00,64740.0,64766.11042553,0.011214087117701554,-0.012588816805684244,29.375838506562086,0.5,REFLEXIVE_BASIS_REPAIR,60,0.011214087117701554,0.009614087117701554,0.7771822732768212,22.830380949942704
SOLUSDT,1.0,2.6161187941747803,2.04946172562871,1.0147263143943814,0.6671965128314614,-1.1039623104392866,-0.004184154787738481,2024-08-24 00:55:00+00:00,153.27,153.36814049,0.0043452730475630474,-3.9146604032147536e-05,5.440592466019847,0.75,REFLEXIVE_BASIS_REPAIR,60,0.0043452730475630474,0.0027452730475630476,0.6671965128314614,3.6299443210655635
XRPUSDT,1.0,2.2856604495636885,1.7132614525275742,1.0991815820210604,-0.23383345519589738,1.0167253347967375,0.002606287669001617,2024-08-24 12:40:00+00:00,0.6155,0.61545961,-0.012347684809098203,0.016896831844029236,4.304322465242432,0.75,INDEX_CONFIRMED_DISCOVERY,120,0.016896831844029236,0.015296831844029236,0.7625440010975532,3.282235274660048
ETHUSDT,-1.0,3.8603939530506337,4.211353239591984,2.866916703292186,0.756902591889296,-0.6923890514668006,-0.0015663483954078128,2024-08-26 02:30:00+00:00,2736.75,2738.43840909,0.0022581529186078697,-0.0041509089248197295,46.60884836288961,0.25,REFLEXIVE_BASIS_REPAIR,60,0.0022581529186078697,0.0006581529186078696,0.756902591889296,35.278358130846314
SOLUSDT,1.0,2.531933618298779,1.9463790824441658,2.1662047790561036,0.6053372604085896,-0.45109540984554886,-0.0032340964393903215,2024-08-26 14:10:00+00:00,160.575,160.67620785,0.022930094971197135,-0.020065390004670558,10.675279474837144,0.25,REFLEXIVE_BASIS_REPAIR,60,0.022930094971197135,0.021330094971197134,0.6053372604085896,6.4621444313939636
BTCUSDT,-1.0,2.008400432763654,1.7251412991794466,1.4272760163202627,0.7989355028592633,-0.13365846852832716,-0.00016249724478689664,2024-08-27 13:45:00+00:00,62165.0,62193.15468085,-0.0012064666613046393,0.008282795785409802,4.945189591267418,1.0,REFLEXIVE_BASIS_REPAIR,60,-0.0012064666613046393,-0.002806466661304639,0.7989355028592633,3.9508875328336295
XRPUSDT,-1.0,3.0114269308772488,1.7022751727193906,2.2380197543008524,0.7098829368166744,-0.9944031208425703,-0.002011397921555469,2024-08-27 15:40:00+00:00,0.5978,0.59803005,0.0,0.00485112077617933,11.472709860941833,0.75,REFLEXIVE_BASIS_REPAIR,60,0.0,-0.0016,0.7098829368166744,8.144280969331009
BTCUSDT,-1.0,14.400653683562544,13.597901628411666,4.009429801351842,0.8888005249707379,-0.6979487459609971,-0.011506276150627714,2024-08-27 22:20:00+00:00,58987.0,59028.68085106,0.005404580670317127,-0.003609269839117024,785.1212198752116,1.0,REFLEXIVE_BASIS_REPAIR,60,0.005404580670317127,0.0038045806703171274,0.8888005249707379,697.8161523907543
SOLUSDT,-1.0,4.1038594937474215,2.4208893273614516,2.7245118683080385,0.7011224017403151,-1.0438066304713955,-0.003902350485524897,2024-08-28 08:10:00+00:00,143.806,143.90309947,0.010395950099439277,-0.022704198712153678,27.067997211318993,0.5,REFLEXIVE_BASIS_REPAIR,60,0.010395950099439277,0.008795950099439277,0.7011224017403151,18.977979215100124
XRPUSDT,-1.0,-3.2550290496245684,-2.715139281552541,3.3050655701935074,0.8856752103047766,0.07691137315611785,-0.00017940437746677418,2024-08-28 16:25:00+00:00,0.5575,0.55777327,0.020448430493273495,-0.021883408071748933,29.209697662445247,1.0,REFLEXIVE_BASIS_REPAIR,60,0.020448430493273495,0.018848430493273494,0.8856752103047766,25.870305120125135
BTCUSDT,-1.0,-2.9319774311989355,-3.396365549021419,3.072688933961037,0.8054368412588253,-0.6650757126516721,-0.0078417060059488,2024-08-28 20:30:00+00:00,59095.0,59119.91148936,0.0038835772908030197,0.004118791775953978,30.598042698058613,1.0,REFLEXIVE_BASIS_REPAIR,60,0.0038835772908030197,0.00228357729080302,0.8054368412588253,24.644790859426994
BTCUSDT,1.0,2.0743691800131496,1.7751417269921932,1.549138329409441,0.47857793446470864,-0.35798999879750115,-0.0013581529120395563,2024-08-29 11:40:00+00:00,60000.0,60039.33531915,-0.0050600000000000644,0.00526166666666672,5.704390968370632,0.75,REFLEXIVE_BASIS_REPAIR,60,-0.0050600000000000644,-0.006660000000000064,0.47857793446470864,2.729995647021956
BTCUSDT,-1.0,-3.0530913532510575,-2.0811476337592487,2.4493085203440343,0.48642208091921735,-0.5053673854090126,-0.003848090219507272,2024-08-29 18:25:00+00:00,59817.3,59833.82723404,-0.007444334665723806,0.009368527165218077,15.562744305410197,1.0,REFLEXIVE_BASIS_REPAIR,60,-0.007444334665723806,-0.009044334665723807,0.48642208091921735,7.570062469851328
ETHUSDT,1.0,7.873673155848349,5.073865028192259,2.480404073516266,0.9316697854161285,-0.20141542916925315,-0.004269969726349965,2024-08-30 18:35:00+00:00,2516.16,2517.62363636,0.0032191911484166225,-0.0028058629022001957,99.09203079354882,1.0,REFLEXIVE_BASIS_REPAIR,60,0.0032191911484166225,0.0016191911484166224,0.9316697854161285,92.32105106587403
SOLUSDT,-1.0,-2.8758348520647985,-1.9087082626178036,2.4394760611042408,0.5885362854824195,-0.16811873256394966,-0.0021234654347015436,2024-09-01 05:45:00+00:00,131.668,131.70245381,0.0068125892396024845,-0.004989822887869311,13.390600606930423,0.75,REFLEXIVE_BASIS_REPAIR,60,0.0068125892396024845,0.005212589239602485,0.5885362854824195,7.880854341581464
SOLUSDT,-1.0,-3.247155099522158,-2.0406172428044407,3.3948374051124017,0.6458495456124034,-0.01046171640897964,-0.0010542227045462482,2024-09-01 23:05:00+00:00,129.141,129.17656588,-0.002717959439682227,-0.002919289768547717,22.494873943107475,1.0,REFLEXIVE_BASIS_REPAIR,60,-0.002717959439682227,-0.004317959439682227,0.6458495456124034,14.528304114764255
ETHUSDT,1.0,4.477687592804136,2.9591777924906255,1.804250038692437,0.9917584588981989,-0.17319870891944436,-0.0017301744048443535,2024-09-02 00:40:00+00:00,2446.38,2447.54795455,0.005269009720485052,-0.005882160580122586,23.906806811258562,1.0,REFLEXIVE_BASIS_REPAIR,60,0.005269009720485052,0.003669009720485052,0.9917584588981989,23.709777880310757
SOLUSDT,-1.0,-10.57101722258837,-8.61147015136112,1.6252258637968806,0.5699495826196661,-1.505960369092764,-0.008783555928508102,2024-09-02 05:40:00+00:00,128.631,128.57929347,0.0006452565866703619,0.008815915292581078,147.94755966599206,0.0,REFLEXIVE_BASIS_REPAIR,60,0.0006452565866703619,-0.0009547434133296382,0.5699495826196661,84.32264988123032
ETHUSDT,1.0,4.049444727404615,3.077679135022498,1.312272032459939,0.8210502028457479,-0.40577537468666425,-0.0030429073525132244,2024-09-02 20:40:00+00:00,2535.88,2537.43,-0.0027130621322775106,0.0018810038329888368,16.354704019344787,1.0,REFLEXIVE_BASIS_REPAIR,60,-0.0027130621322775106,-0.0043130621322775104,0.8210502028457479,13.428033052565207
BTCUSDT,-1.0,-6.398035406536674,-3.432238917055104,4.358027714060554,0.7638435159107663,-0.2479212776236342,-0.007152234511284883,2024-09-04 01:10:00+00:00,56002.7,56041.67659574,0.010754838605995909,-0.013492206625752123,95.70048487852009,1.0,REFLEXIVE_BASIS_REPAIR,60,0.010754838605995909,0.009154838605995908,0.7638435159107663,73.10019484397391
SOLUSDT,1.0,2.9332333540270237,3.438498201036614,1.8269554159729062,0.5725035614123837,-0.09557465402093393,-0.001395519087345698,2024-09-04 07:50:00+00:00,130.951,131.0536018,0.009018640560209401,-0.007689899275301504,18.42652180455064,1.0,REFLEXIVE_BASIS_REPAIR,60,0.009018640560209401,0.007418640560209401,0.5725035614123837,10.549249357548183
BTCUSDT,-1.0,-3.6000765980887826,-1.7423641501931268,2.4630385387875515,0.9450878498023619,0.012757703661266918,-0.00039364318509593765,2024-09-04 15:15:00+00:00,57435.0,57465.15744681,0.01197875859667441,-0.013864368416470763,15.449764903366836,1.0,REFLEXIVE_BASIS_REPAIR,60,0.01197875859667441,0.01037875859667441,0.9450878498023619,14.601385092474958
XRPUSDT,-1.0,-2.705670786005595,-2.811356224874528,1.6831893325623895,0.9677975258520171,-0.4241945317658185,-0.0027272727272726893,2024-09-05 06:30:00+00:00,0.5515,0.55178872,0.004351767905711679,-0.0036264732547597323,12.803355394376112,1.0,REFLEXIVE_BASIS_REPAIR,60,0.004351767905711679,0.002751767905711679,0.9677975258520171,12.391055673281278
ETHUSDT,-1.0,-3.262293396150182,-2.1770563200801067,1.5958485232557829,0.9306716078274697,-0.34748081858904184,-0.0018967069315636298,2024-09-05 09:30:00+00:00,2392.88,2393.90590909,-0.002139681053792919,0.001044766139547293,11.33402972625083,1.0,REFLEXIVE_BASIS_REPAIR,60,-0.002139681053792919,-0.003739681053792919,0.9306716078274697,10.548259668494195
SOLUSDT,-1.0,-2.940274226896459,-1.7717833344936327,2.017982418257173,0.9637848029996272,-0.5251008283510112,-0.004753754045549563,2024-09-05 14:20:00+00:00,134.425,134.49717327,-0.01761577087595334,0.031140040915008438,10.512737675248692,1.0,REFLEXIVE_BASIS_REPAIR,60,-0.01761577087595334,-0.01921577087595334,0.9637848029996272,10.13201680932632
BTCUSDT,-1.0,2.9114917579087694,2.172380341499987,1.8891938642540325,0.5540938040722925,-0.9603232043132104,-0.00286993947977221,2024-09-05 19:30:00+00:00,56224.8,56242.89574468,-0.002413525703959918,0.001218323586744674,11.948900796367807,0.5,REFLEXIVE_BASIS_REPAIR,60,-0.002413525703959918,-0.004013525703959918,0.5540938040722925,6.620811896741883
ETHUSDT,-1.0,-4.096209905517221,-2.1699446913765343,1.234308443081125,0.9945984673610216,-0.05179418736162603,-0.0008296542119765604,2024-09-05 21:40:00+00:00,2364.39,2365.47318182,0.0016663917543213724,-0.0002283887175973387,10.97121100244503,1.0,REFLEXIVE_BASIS_REPAIR,60,0.0016663917543213724,6.639175432137235e-05,0.9945984673610216,10.911949648126203
BTCUSDT,-1.0,-4.368922571058416,-3.347517819006864,3.333053087607813,0.5276750203940407,-0.26923837895776825,-0.0035465669845868852,2024-09-06 07:30:00+00:00,55545.6,55558.0693617,0.004599824288512577,-0.0034080107155203265,48.74605524826021,1.0,REFLEXIVE_BASIS_REPAIR,60,0.004599824288512577,0.0029998242885125774,0.5276750203940407,25.72207569725474
ETHUSDT,-1.0,-3.3635972334600317,-2.513633344092321,2.1064648057112008,0.7990798542981445,-0.6258715000904098,-0.003270146738425961,2024-09-06 12:50:00+00:00,2399.15,2400.01477273,-0.012579455223725167,0.030169018193943686,17.80984430407125,0.75,REFLEXIVE_BASIS_REPAIR,60,-0.012579455223725167,-0.014179455223725167,0.7990798542981445,14.231487791569895
BTCUSDT,1.0,3.366870923648428,3.9870596360687416,3.0427297684706947,0.921093262691267,-0.7494536532699166,-0.002486030788395821,2024-09-06 14:25:00+00:00,55091.3,55116.34446809,0.01652348011392002,-0.017449216119423627,40.84534626533344,1.0,REFLEXIVE_BASIS_REPAIR,60,0.01652348011392002,0.014923480113920019,0.921093262691267,37.62237325729053
ETHUSDT,-1.0,-5.763475857331106,-4.299799480914751,3.881619842037333,0.5060088414222158,-0.40974195610215985,-0.008866404611235668,2024-09-06 15:25:00+00:00,2289.36,2291.38931818,-0.002577139462557221,0.007521752804277249,96.19348972452558,1.0,REFLEXIVE_BASIS_REPAIR,60,-0.002577139462557221,-0.004177139462557221,0.5060088414222158,48.674756287867005
ETHUSDT,-1.0,-4.132953751595749,-3.273652189408393,2.0199385792971882,0.7409818718061347,-1.0042031983199895,-0.009017614225376835,2024-09-06 19:05:00+00:00,2228.93,2229.60681818,-0.0036833817123014256,0.02434351908763388,27.329472244136614,0.5,REFLEXIVE_BASIS_REPAIR,60,-0.0036833817123014256,-0.0052833817123014255,0.7409818718061347,20.250643498934153
XRPUSDT,-1.0,-2.102267003670055,-1.6760447730826173,1.1962868703402474,0.05622431763234759,0.3762542331397047,0.0011666342601592827,2024-09-06 20:40:00+00:00,0.5137,0.51376785,0.007007981312049605,-0.012653299591200984,4.215109159072325,1.0,INDEX_CONFIRMED_DISCOVERY,120,-0.012653299591200984,-0.014253299591200985,0.3762542331397047,1.585952664246903
XRPUSDT,1.0,-2.388842989763409,-1.8474291346464802,1.573169866079429,0.44534510161899676,-0.11657047088406008,-0.0001902949571835899,2024-09-07 05:15:00+00:00,0.5254,0.52585052,-0.003806623524933439,0.0057099352874001585,6.94274178616915,1.0,REFLEXIVE_BASIS_REPAIR,60,-0.003806623524933439,-0.005406623524933439,0.44534510161899676,3.0919160462759554
SOLUSDT,1.0,-2.4357432586735914,-2.1459149281405243,1.7166512249089596,0.8178112285051296,-0.871479943221681,-0.004141690207696946,2024-09-08 09:20:00+00:00,130.082,130.15908218,-0.0004766224381544948,0.0055426577082149375,8.972760545014415,0.5,REFLEXIVE_BASIS_REPAIR,60,-0.0004766224381544948,-0.0020766224381544946,0.8178112285051296,7.338024324400594
ETHUSDT,1.0,6.939831047895224,6.033862873643179,1.116848659477291,0.9637949842548066,-0.11666776904590258,-0.0017782010896395528,2024-09-08 21:15:00+00:00,2284.76,2285.75954545,0.000599625343581045,0.006840981109613065,46.76690838026419,1.0,REFLEXIVE_BASIS_REPAIR,60,0.000599625343581045,-0.001000374656418955,0.9637949842548066,45.073711726002706
BTCUSDT,1.0,3.1049999698070243,2.2669316799386157,2.813899628189907,0.362519604206064,-0.08781051846233887,-0.0010459747790000362,2024-09-09 16:30:00+00:00,56061.2,56105.2487234,-0.008271317774146913,0.006897818812298118,19.80654085352273,0.75,REFLEXIVE_BASIS_REPAIR,60,-0.008271317774146913,-0.009871317774146914,0.362519604206064,7.180259350910297
BTCUSDT,1.0,-3.297374827963854,-3.379382682997899,1.781820049380957,0.987337858724771,-2.3527808506273598,-0.006082156547893014,2024-09-10 14:15:00+00:00,56574.4,56603.4893617,-0.006075185949828921,0.00024746174948386823,19.85498365608585,0.25,REFLEXIVE_BASIS_REPAIR,60,-0.006075185949828921,-0.0076751859498289205,0.987337858724771,19.603577048015126
SOLUSDT,1.0,2.1605592758602263,1.820004489263781,1.4519964980659952,0.9531789703658103,-0.19891768089952797,-0.0016650468247331185,2024-09-11 13:10:00+00:00,132.508,132.57538818,0.02036103480544571,-0.021093066079029277,5.709580677771158,1.0,REFLEXIVE_BASIS_REPAIR,60,0.02036103480544571,0.01876103480544571,0.9531789703658103,5.442252231658438
BTCUSDT,-1.0,2.006735721110515,1.502984724322683,1.0644842634545588,0.79004663823522,-0.23505709624663054,-0.000328417833626915,2024-09-11 14:40:00+00:00,55740.0,55772.74255319,0.015389307499102944,-0.022603157517043337,3.2105836788756243,1.0,REFLEXIVE_BASIS_REPAIR,60,0.015389307499102944,0.013789307499102944,0.79004663823522,2.536510842268552
SOLUSDT,1.0,-3.626155219774535,-2.078846487487502,1.3128573478960566,0.7424359274131458,-0.6419575741565005,-0.003212369122227887,2024-09-11 17:55:00+00:00,132.807,132.89567146,0.005602114346382359,-0.0009863937894839525,9.896607571819917,0.5,REFLEXIVE_BASIS_REPAIR,60,0.005602114346382359,0.004002114346382359,0.7424359274131458,7.347597020828081
BTCUSDT,-1.0,-2.056814219344061,-1.8260027141452957,1.8132728926289428,0.91325261651153,-0.30311190365664603,-0.0012335246922723364,2024-09-11 19:00:00+00:00,57467.3,57496.41595745,0.0016287523513371926,0.00030104076579207106,6.810196669178064,0.5,REFLEXIVE_BASIS_REPAIR,60,0.0016287523513371926,2.8752351337192573e-05,0.91325261651153,6.219429927084974
ETHUSDT,1.0,2.041321043936886,1.8564696990337215,1.2458466299863349,0.08860057823547718,1.032428580688349,0.005350141236982964,2024-09-12 02:05:00+00:00,2384.59,2385.10522727,0.007498144335084889,-0.008559123371313482,4.721323508655482,1.0,INDEX_CONFIRMED_DISCOVERY,120,-0.008559123371313482,-0.010159123371313483,1.032428580688349,4.874429329011716
XRPUSDT,1.0,2.6607825870269566,1.8223473762866333,2.0620017312828978,0.9821012547186568,0.17044807439558451,0.0,2024-09-14 02:25:00+00:00,0.5759,0.57621903,-0.003993748914742357,0.0031255426289287236,9.998378677754403,0.5,REFLEXIVE_BASIS_REPAIR,60,-0.003993748914742357,-0.0055937489147423565,0.9821012547186568,9.819420244574864
XRPUSDT,1.0,2.4416154948135,4.210275419933158,1.2468429024780134,0.7676226781311609,0.08348571883037464,-0.0003429943405933722,2024-09-14 09:00:00+00:00,0.5829,0.58329685,0.0020586721564590515,-0.003431120260765197,12.817387564633258,1.0,REFLEXIVE_BASIS_REPAIR,60,0.0020586721564590515,0.0004586721564590515,0.7676226781311609,9.83891736900882
XRPUSDT,-1.0,-15.251574361290327,-11.012566074591826,4.323752792417933,0.9890615789310664,0.061900319498634934,-0.0029025098173127706,2024-09-14 11:35:00+00:00,0.5874,0.58770803,0.0006809669731018264,-0.001702417432754455,726.2130672581478,0.25,REFLEXIVE_BASIS_REPAIR,60,0.0006809669731018264,-0.0009190330268981737,0.9890615789310664,718.2694429427164
SOLUSDT,1.0,3.2558887898331514,2.5697673929348617,1.8710070775898873,0.903621720565605,-0.6572936918359668,-0.0038538087109494246,2024-09-15 19:00:00+00:00,133.636,133.69686353,0.001818372294890569,-0.004100691430452885,15.654485798313257,0.75,REFLEXIVE_BASIS_REPAIR,60,0.001818372294890569,0.00021837229489056888,0.903621720565605,14.145733391641652
ETHUSDT,-1.0,-2.253608046354876,-1.7593127540092315,1.8551724177618452,0.773769768607948,-0.505769120039098,-0.00168928956460479,2024-09-15 20:35:00+00:00,2360.0,2361.00568182,-0.007004237288135706,0.005733050847457677,7.355390159278718,0.75,REFLEXIVE_BASIS_REPAIR,60,-0.007004237288135706,-0.008604237288135707,0.773769768607948,5.691378541566271
SOLUSDT,-1.0,2.1079613665656867,1.500023717360793,1.1288360334913532,0.7832038626896927,-0.8512233663157213,-0.0030270844397237706,2024-09-15 21:55:00+00:00,132.209,132.26660607,-0.003532286001709517,0.006277938718241671,3.569370558154405,0.25,REFLEXIVE_BASIS_REPAIR,60,-0.003532286001709517,-0.005132286001709517,0.7832038626896927,2.7955448085173944
ETHUSDT,-1.0,-4.344940638627325,-2.8438299002296508,2.0215336158926975,0.9915454296309817,-0.10502723477775736,-0.0012980166482816635,2024-09-16 03:00:00+00:00,2260.22,2261.33772727,0.007472723894134337,-0.00893718310606939,24.978619423031052,1.0,REFLEXIVE_BASIS_REPAIR,60,0.007472723894134337,0.005872723894134337,0.9915454296309817,24.767435927398108
SOLUSDT,1.0,2.8012451198572603,2.51089131296591,2.2207273391622473,0.5904003538811009,-0.26984851051023256,-0.0025881248959451764,2024-09-16 10:55:00+00:00,131.8,131.84376285,-0.0007056145675263803,-0.0009939301972685666,15.619756750761704,0.75,REFLEXIVE_BASIS_REPAIR,60,-0.0007056145675263803,-0.00230561456752638,0.5904003538811009,9.221909913186424
ETHUSDT,-1.0,-2.8802446091614358,-1.9343726359445628,1.540951124110846,0.9791446860878226,-0.012309150378289578,-0.0004102367153131503,2024-09-16 13:40:00+00:00,2292.3,2293.45295455,-0.007115124547397933,0.0007939623958470587,8.585357345439343,1.0,REFLEXIVE_BASIS_REPAIR,60,-0.007115124547397933,-0.008715124547397934,0.9791446860878226,8.406307022951987
ETHUSDT,-1.0,4.070442381558841,2.8773220125800156,2.5025469554464275,0.942103845090533,-0.38393710072541076,-0.0016459456485860002,2024-09-16 14:40:00+00:00,2275.99,2277.185,0.006366460309579658,-0.006309342308182364,29.309763538100803,1.0,REFLEXIVE_BASIS_REPAIR,60,0.006366460309579658,0.004766460309579658,0.942103845090533,27.61284092793907
ETHUSDT,-1.0,-2.406708664102005,-3.6867820929075985,2.4059842941844423,0.5497678223126257,-0.6459408684797654,-0.003434151008675057,2024-09-17 14:40:00+00:00,2349.23,2350.69295455,0.014242964716098427,-0.007632288026289347,21.348323678145483,0.75,REFLEXIVE_BASIS_REPAIR,60,0.014242964716098427,0.012642964716098427,0.5497678223126257,11.736621418559105
BTCUSDT,-1.0,3.1145699300166925,1.8507830848055267,2.279289029655403,0.9988242013817182,-0.17724532946153337,-7.602225138247931e-05,2024-09-17 19:00:00+00:00,60513.2,60543.70595745,-0.009373161558139387,0.0070348287646331276,13.138718509133518,0.5,REFLEXIVE_BASIS_REPAIR,60,-0.009373161558139387,-0.010973161558139388,0.9988242013817182,13.123270022064487
BTCUSDT,1.0,2.8268341189745207,2.1049317655369477,1.4574052062173062,0.7893561359400965,-0.9556066741560029,-0.002949114195431868,2024-09-18 03:50:00+00:00,60551.0,60576.99893617,0.002916549685389125,-0.0057967663622401355,8.671987898974773,0.25,REFLEXIVE_BASIS_REPAIR,60,0.002916549685389125,0.0013165496853891248,0.7893561359400965,6.845286858854003
ETHUSDT,-1.0,-4.601327434370088,-5.560222219025531,2.262834509504621,0.57650833015037,-0.03274388418338414,-0.0010381623212782909,2024-09-18 10:20:00+00:00,2285.25,2285.79318182,0.010108303249097395,-0.005097910513073067,57.89327009854777,1.0,REFLEXIVE_BASIS_REPAIR,60,0.010108303249097395,0.008508303249097394,0.57650833015037,33.37595247145811
ETHUSDT,-1.0,-2.768038463741567,-1.818609351138539,1.1528288784031873,0.7164361919055602,-1.7930461904144548,-0.005589546368324427,2024-09-18 16:10:00+00:00,2300.99,2302.3225,-0.0020904045649915437,-0.008835327402552995,5.803318248741225,0.0,REFLEXIVE_BASIS_REPAIR,60,-0.0020904045649915437,-0.0036904045649915436,0.7164361919055602,4.157707226544208
SOLUSDT,1.0,3.5770397658677786,3.5300643006004715,2.7373092846806832,0.8331063691081054,-0.7048224379092684,-0.004390299965521094,2024-09-18 19:35:00+00:00,129.942,129.99555156,0.002670422188360999,0.008549968447461032,34.56449809164523,0.5,REFLEXIVE_BASIS_REPAIR,60,0.002670422188360999,0.001070422188360999,0.8331063691081054,28.795903505174593
ETHUSDT,1.0,2.3439258504688953,1.6258903410506484,1.1586872640208274,0.5941616009017143,-0.8770065593165013,-0.0022171244024657977,2024-09-18 21:45:00+00:00,2335.68,2336.52409091,0.00046239210850795853,0.009123681326208999,4.415718231773668,0.5,REFLEXIVE_BASIS_REPAIR,60,0.00046239210850795853,-0.0011376078914920415,0.5941616009017143,2.62365021372153
ETHUSDT,-1.0,-3.808621232205524,-2.6957681296384965,1.2740750516801755,0.6304409257453215,-0.06413470980483872,-0.0006036861817466654,2024-09-19 13:40:00+00:00,2436.51,2438.13363636,-0.00017648193522712408,0.0012558947018482813,13.08113207079944,1.0,REFLEXIVE_BASIS_REPAIR,60,-0.00017648193522712408,-0.0017764819352271242,0.6304409257453215,8.246881012511613
SOLUSDT,-1.0,-2.6559229570279075,-2.820587701617597,1.0535890581987444,-0.09885196213866232,0.39002837697105003,0.0004888243420352323,2024-09-19 14:50:00+00:00,141.086,141.09326152,0.011801312674538877,-0.018917539656663207,7.892713391635346,1.0,INDEX_CONFIRMED_DISCOVERY,120,-0.018917539656663207,-0.020517539656663208,0.39002837697105003,3.0783821940372054
ETHUSDT,-1.0,-2.7466118161945112,-2.9151158523206955,1.5420290200181324,0.4642272259789356,-0.45342396137793645,-0.002088055833150637,2024-09-19 17:20:00+00:00,2466.76,2467.46159091,0.003336360245828285,3.648510596898635e-05,12.346550871790186,1.0,REFLEXIVE_BASIS_REPAIR,60,0.003336360245828285,0.0017363602458282848,0.4642272259789356,5.731605061618967
ETHUSDT,-1.0,-2.236430655594461,-1.750081188511207,1.6827211264322615,0.8974286289393372,-0.2690076153490707,-0.001037108039944279,2024-09-20 05:30:00+00:00,2548.18,2549.31068182,-0.002429184751469693,-0.0022761343390185207,6.58606148178696,0.75,REFLEXIVE_BASIS_REPAIR,60,-0.002429184751469693,-0.004029184751469693,0.8974286289393372,5.91052012571025
SOLUSDT,1.0,2.275881312000604,1.6659428437248405,1.2924387876808645,0.6987027866233463,-0.6902429633613674,-0.0029896552636452522,2024-09-20 11:25:00+00:00,150.736,150.79003322,-0.00012604819021344582,-0.015105880479779121,4.900266393191378,0.5,REFLEXIVE_BASIS_REPAIR,60,-0.00012604819021344582,-0.001726048190213446,0.6987027866233463,3.42382978411955
SOLUSDT,1.0,2.6223370360653044,1.8884036997894065,1.1311987688436058,0.6343842082231836,-0.16562000871105315,-0.0008007165734759125,2024-09-20 15:15:00+00:00,147.25,147.29532429,-0.0039117147707978805,0.0027640067911716137,5.601731326359192,0.75,REFLEXIVE_BASIS_REPAIR,60,-0.0039117147707978805,-0.00551171477079788,0.6343842082231836,3.5536498921513804
BTCUSDT,-1.0,-2.0197839175960284,-2.03540262724184,1.544098143720301,-0.044443767640811815,0.896124388614374,0.003201716018545908,2024-09-23 00:15:00+00:00,63013.7,63058.1006383,0.011234064973172586,-0.012362391035600107,6.347900948213401,1.0,INDEX_CONFIRMED_DISCOVERY,120,-0.012362391035600107,-0.013962391035600107,0.896124388614374,5.68850885620234
ETHUSDT,-1.0,-2.1753731429109764,-2.4377131619857115,2.3609626045457603,0.7402164715596913,0.018243650226983512,-0.00030487223947694986,2024-09-23 02:50:00+00:00,2624.85,2625.83522727,0.019684934377202534,-0.013014076994876111,12.520032982833976,1.0,REFLEXIVE_BASIS_REPAIR,60,0.019684934377202534,0.018084934377202534,0.7402164715596913,9.267534638364323
ETHUSDT,-1.0,-2.568474418848513,-2.9542349334548827,1.1625541641541173,0.9871814364920751,0.10223452295422789,-3.778575477042523e-05,2024-09-23 07:15:00+00:00,2646.6,2647.78159091,-0.0027166931156956675,-0.00014358044283224736,8.82131783352906,1.0,REFLEXIVE_BASIS_REPAIR,60,-0.0027166931156956675,-0.004316693115695667,0.9871814364920751,8.708241210656377
BTCUSDT,-1.0,-3.678811569530652,-2.299021650699388,1.095147642401968,0.8790493517787711,-0.5561278948092219,-0.0021513558932406696,2024-09-24 00:45:00+00:00,63212.2,63244.12914894,-0.0037033990274029094,0.003942276965522407,9.26239456501478,1.0,REFLEXIVE_BASIS_REPAIR,60,-0.0037033990274029094,-0.005303399027402909,0.8790493517787711,8.142101938295456
ETHUSDT,1.0,2.0143238524140354,2.031937932954067,1.4610425352769816,0.5192245242630408,-0.44456692587740665,-0.0017026904789957387,2024-09-24 02:00:00+00:00,2626.65,2628.18318182,0.0022576285382522876,-5.710696133864879e-05,5.9800194027898055,1.0,REFLEXIVE_BASIS_REPAIR,60,0.0022576285382522876,0.0006576285382522875,0.5192245242630408,3.1049727294972898
ETHUSDT,1.0,3.0943556613616305,2.3796458838369516,1.513798003600223,0.9644060835687857,-0.45832345528378726,-0.001889037123190218,2024-09-24 17:00:00+00:00,2626.0,2627.13613636,-0.007897943640517768,0.0042726580350342935,11.146807264433948,0.5,REFLEXIVE_BASIS_REPAIR,60,-0.007897943640517768,-0.009497943640517769,0.9644060835687857,10.750048738188832
SOLUSDT,1.0,3.584464793111292,2.123643424024813,2.688168601550507,0.5384432645137918,0.00994815840582944,-0.00028940514088771074,2024-09-24 22:50:00+00:00,151.992,152.01474344,-0.006033212274330291,0.005000263171746067,20.462675648709762,0.75,REFLEXIVE_BASIS_REPAIR,60,-0.006033212274330291,-0.007633212274330291,0.5384432645137918,11.017989876978156
BTCUSDT,1.0,4.288451071870368,3.75096146861978,1.9440248747947568,0.9416926268133298,-0.36887802345754606,-0.002418820462047333,2024-09-25 01:45:00+00:00,64585.7,64616.93680851,0.0011720860809745215,-0.004287326761187038,31.27122396771758,0.75,REFLEXIVE_BASIS_REPAIR,60,0.0011720860809745215,-0.0004279139190254786,0.9416926268133298,29.447881041827927
BTCUSDT,1.0,2.8496847739963287,1.634027509186762,2.2496660698561985,0.5188577008813572,-0.31215261312158393,-0.0008834763389115041,2024-09-26 10:25:00+00:00,64008.5,64028.15702128,-0.005522704015872959,0.008006749103634636,10.475487521282698,0.75,REFLEXIVE_BASIS_REPAIR,60,-0.005522704015872959,-0.007122704015872959,0.5188577008813572,5.435287370904088
ETHUSDT,1.0,4.345979389814901,2.5338133530384286,2.4933903969485827,0.6761036711806467,-0.09747224653525202,-0.0007986919535554193,2024-09-26 15:40:00+00:00,2652.22,2652.90636364,-0.0036196092330200713,-0.007390035517415572,27.456967232983615,1.0,REFLEXIVE_BASIS_REPAIR,60,-0.0036196092330200713,-0.005219609233020071,0.6761036711806467,18.563756345706945
ETHUSDT,1.0,-2.583645325185151,-1.9029669663320365,1.1226872808571624,0.9427831243473618,-0.5576818600447556,-0.0013937832009677242,2024-09-26 16:45:00+00:00,2658.11,2659.22568182,0.009066592428454756,-0.007366136089176134,5.519794974106482,0.25,REFLEXIVE_BASIS_REPAIR,60,0.009066592428454756,0.007466592428454756,0.9427831243473618,5.203969551444974
BTCUSDT,1.0,2.114510484231743,1.5915229763018557,1.0035921840254993,0.6403945401590541,-0.19984279753504064,-0.0007048940888936261,2024-09-26 23:30:00+00:00,64928.5,64952.32382979,-0.0031542388935521526,0.0038750317657114675,3.377380767518801,1.0,REFLEXIVE_BASIS_REPAIR,60,-0.0031542388935521526,-0.0047542388935521524,0.6403945401590541,2.1628562035572356
SOLUSDT,1.0,3.6761783578290577,1.863232486938416,3.7546372538723722,0.9618860587789633,0.04474363048281647,-7.500562542195333e-05,2024-09-27 14:30:00+00:00,159.976,160.04201972,-0.005332049807471151,-0.007526128919337904,25.717669258259885,1.0,REFLEXIVE_BASIS_REPAIR,60,-0.005332049807471151,-0.006932049807471151,0.9618860587789633,24.737467523808505
XRPUSDT,1.0,3.256417898460481,2.1304213499850047,5.517085926410019,0.686589775389807,-0.1394916267269391,-0.004449571522742279,2024-09-28 07:50:00+00:00,0.6041,0.60450142,0.0016553550736633227,0.0014898195662969016,38.27501652020223,0.25,REFLEXIVE_BASIS_REPAIR,60,0.0016553550736633227,5.535507366332261e-05,0.686589775389807,26.279234995646803
XRPUSDT,1.0,2.7378567283583677,2.1892811180291054,2.158484223862078,0.14432890368998696,1.3849572812816031,0.0037307380373072796,2024-09-28 13:25:00+00:00,0.6188,0.61869641,-0.007110536522301203,0.0003232062055591456,12.937820696557958,1.0,INDEX_CONFIRMED_DISCOVERY,120,0.0003232062055591456,-0.0012767937944408545,1.3849572812816031,17.918328977613765
XRPUSDT,1.0,2.713916297530115,2.1875463493189176,2.337403019039188,0.1587088405984174,0.6939029178120485,0.003667676606601722,2024-09-29 07:15:00+00:00,0.6294,0.62925955,0.005560851604702766,-0.0057197330791228795,13.876735589798537,1.0,INDEX_CONFIRMED_DISCOVERY,120,-0.0057197330791228795,-0.007319733079122879,0.6939029178120485,9.629107315467502
XRPUSDT,1.0,3.0686501949595395,1.9580193794710978,1.4962773918469336,0.5265767952719087,-0.161341618647739,-0.0009146341463415197,2024-09-29 16:45:00+00:00,0.6554,0.65537366,0.004577357339029642,-0.0032041501373206716,8.990347622028231,1.0,REFLEXIVE_BASIS_REPAIR,60,0.004577357339029642,0.002977357339029642,0.5265767952719087,4.734108439188051
BTCUSDT,-1.0,-2.222289710965232,-1.779060674185262,2.285183469564326,0.7549919622704959,-1.2346006430894303,-0.0025920070308382837,2024-09-30 00:40:00+00:00,65253.4,65279.63574468,-0.0016489562229707877,0.012984764012296757,9.034674471915958,0.75,REFLEXIVE_BASIS_REPAIR,60,-0.0016489562229707877,-0.0032489562229707876,0.7549919622704959,6.8211066080269855
XRPUSDT,1.0,2.653109450724248,2.953721268423088,2.1317389915687115,0.9033165204716809,-0.3450504602662261,-0.0029172424382005735,2024-09-30 02:15:00+00:00,0.6494,0.64957049,0.011703110563597074,-0.005543578688019579,16.705470266779614,0.5,REFLEXIVE_BASIS_REPAIR,60,0.011703110563597074,0.010103110563597074,0.9033165204716809,15.090327274230482
BTCUSDT,-1.0,-2.2111415980650206,-1.6387724015536045,2.174050339622292,0.8396525613530765,-0.024026991550322584,-0.00026185232464071007,2024-09-30 08:45:00+00:00,64175.1,64207.04404255,-0.00542578040392605,0.009709373261592047,7.877797124074013,0.75,REFLEXIVE_BASIS_REPAIR,60,-0.00542578040392605,-0.00702578040392605,0.8396525613530765,6.6146125330486445
BTCUSDT,1.0,2.2387819509834266,1.5977413851133095,2.6881291971414285,-0.4565392013626066,0.29119195473966264,0.0009893191341883156,2024-09-30 10:25:00+00:00,63540.8,63547.71191489,-0.0018492055498200433,0.00478117996625782,9.615423555963599,1.0,INDEX_CONFIRMED_DISCOVERY,120,0.00478117996625782,0.0031811799662578204,0.29119195473966264,2.799933980910838
SOLUSDT,1.0,2.864738570803736,1.9502850130741167,1.222721459474263,0.5778260771644699,-0.3208279872059015,-0.001589653264829849,2024-09-30 14:45:00+00:00,157.017,157.04769847,0.008317570708904043,-0.015030219657743982,6.831414123629165,0.75,REFLEXIVE_BASIS_REPAIR,60,0.008317570708904043,0.006717570708904043,0.5778260771644699,3.9473692245425953
ETHUSDT,1.0,3.3928364779701496,1.850084830402385,2.9408582845469144,0.7673059166077247,-0.06595795563738266,-0.0005568249457577057,2024-09-30 16:10:00+00:00,2602.6,2603.46068182,0.0013179128563742815,-0.0013947590870667659,18.459871264187946,1.0,REFLEXIVE_BASIS_REPAIR,60,0.0013179128563742815,-0.0002820871436257186,0.7673059166077247,14.16436844082833
ETHUSDT,1.0,3.185361808798362,2.663406528108584,2.229937551146252,0.7311874347546237,-0.2167696466201781,-0.000978206031757023,2024-09-30 19:45:00+00:00,2594.05,2594.87272727,-0.007255064474470219,0.004043869624718033,18.91859715147978,0.75,REFLEXIVE_BASIS_REPAIR,60,-0.007255064474470219,-0.00885506447447022,0.7311874347546237,13.83304052034663
ETHUSDT,-1.0,-2.192984295277924,-1.608356316668388,1.9193107552498245,0.7395217811384166,-0.05485273929928534,-0.00045024938381832413,2024-10-01 14:15:00+00:00,2577.51,2578.7575,-0.025761296755395735,0.021846665968318413,6.769601240579095,1.0,REFLEXIVE_BASIS_REPAIR,60,-0.025761296755395735,-0.027361296755395736,0.7395217811384166,5.006267567029887
ETHUSDT,-1.0,-2.792815328708112,-3.1984994686204824,1.952437931871238,0.8405746079318901,-0.8657336161057849,-0.002629649698785652,2024-10-01 15:30:00+00:00,2516.44,2517.61363636,-0.0008027213047002713,0.017695633514011933,17.4407733749575,0.0,REFLEXIVE_BASIS_REPAIR,60,-0.0008027213047002713,-0.002402721304700271,0.8405746079318901,14.66027124168385
SOLUSDT,-1.0,2.410807802189929,3.06365410867298,1.6109759497728229,-0.5085229620185943,0.41715751578187693,0.001168303650269653,2024-10-01 16:50:00+00:00,147.05,147.01419845,0.0013260795647738188,0.0005032301938117101,11.898477026831038,1.0,INDEX_CONFIRMED_DISCOVERY,120,0.0005032301938117101,-0.00109676980618829,0.41715751578187693,4.963539118100569
XRPUSDT,1.0,2.7600155873139998,1.979255617271163,2.0717144569307777,0.8325154627166693,-0.06867648183528556,-0.0014727540500736325,2024-10-01 20:00:00+00:00,0.6102,0.6104576,0.006555227794165841,-0.014421501147164784,11.317312749523737,0.25,REFLEXIVE_BASIS_REPAIR,60,0.006555227794165841,0.004955227794165841,0.8325154627166693,9.421837860379014
SOLUSDT,-1.0,2.3650819049339242,4.783874258389561,1.627723537117737,0.35293883932497494,-0.7776717280286873,-0.002403345234291532,2024-10-01 22:50:00+00:00,144.312,144.32638152,0.005959310383058858,-0.0030212317755970997,18.41647826343181,0.75,REFLEXIVE_BASIS_REPAIR,60,0.005959310383058858,0.004359310383058858,0.35293883932497494,6.499890462749253
BTCUSDT,-1.0,-2.2616090386795653,-2.438805145496892,1.9729696154873635,0.5759182089575728,-0.8601519826293633,-0.005931539193343438,2024-10-02 11:15:00+00:00,61222.1,61241.07319149,-0.005303640352095074,0.005262805424838368,10.882158090191036,0.75,REFLEXIVE_BASIS_REPAIR,60,-0.005303640352095074,-0.0069036403520950735,0.5759182089575728,6.267232996895983
XRPUSDT,-1.0,-2.350186801903931,-1.665737765041722,1.2124122377574729,0.6591389619211916,-0.14534755063026988,-0.0017208742040957237,2024-10-02 12:15:00+00:00,0.5821,0.58212014,0.007730630475863309,0.0003435835767049422,4.7463452582058245,1.0,REFLEXIVE_BASIS_REPAIR,60,0.007730630475863309,0.0061306304758633095,0.6591389619211916,3.1285010864133573
ETHUSDT,1.0,-2.380003362346399,-2.075779291418235,1.5834144068190157,0.5903296152507789,-0.7955351184036042,-0.0015268055195459818,2024-10-02 13:20:00+00:00,2426.2,2426.825,-0.01201055147968022,0.010724589893660763,7.822639879694996,0.75,REFLEXIVE_BASIS_REPAIR,60,-0.01201055147968022,-0.013610551479680221,0.5903296152507789,4.617935990425746
BTCUSDT,1.0,2.358380578542686,1.917333924291406,1.8376727450532844,0.7287672310936166,-1.3537713079475933,-0.008034931662500355,2024-10-02 14:25:00+00:00,61111.0,61142.10595745,-0.009448380815237911,0.01755657737559524,8.309594296310573,0.0,REFLEXIVE_BASIS_REPAIR,60,-0.009448380815237911,-0.011048380815237912,0.7287672310936166,6.055760026833566
BTCUSDT,-1.0,-6.810744451577884,-5.8761926166449125,1.6066077174017095,0.8634055910624232,-0.34780860427941257,-0.002029389590807451,2024-10-02 17:10:00+00:00,61670.5,61704.16723404,-0.003617612959194383,0.015357423727714203,64.29844310169936,1.0,REFLEXIVE_BASIS_REPAIR,60,-0.003617612959194383,-0.005217612959194383,0.8634055910624232,55.51563527061633
XRPUSDT,-1.0,-3.3988018981943116,-3.3207162550481972,1.5983479038283754,0.8255977463141095,0.11945174044941118,-0.0008819897689187339,2024-10-02 19:10:00+00:00,0.5674,0.56745984,0.009693338033133436,0.0028198801550934904,18.039684425712544,1.0,REFLEXIVE_BASIS_REPAIR,60,0.009693338033133436,0.008093338033133435,0.8255977463141095,14.893522806086018
XRPUSDT,-1.0,-2.0546812860864168,-2.02462692887478,2.4731700105205063,0.7341104025588594,-0.4686262755312403,-0.005287009063444259,2024-10-02 22:30:00+00:00,0.5324,0.53246052,0.023478587528174444,0.008827948910593575,10.28829588997376,1.0,REFLEXIVE_BASIS_REPAIR,60,0.023478587528174444,0.021878587528174443,0.7341104025588594,7.552745037433295
XRPUSDT,1.0,2.2724400453782985,3.490992291663259,1.0907977269631686,0.7700592013464085,-0.7653470817887973,-0.004490177736201972,2024-10-03 00:15:00+00:00,0.5321,0.53216451,0.004134561172711826,0.01728998308588614,8.653375467417476,0.75,REFLEXIVE_BASIS_REPAIR,60,0.004134561172711826,0.002534561172711826,0.7700592013464085,6.6636114013901055
BTCUSDT,-1.0,-2.3112069964568387,-1.741830052363607,1.5253701763161687,0.43531142239758347,-0.15103570869899424,-0.0009559005663919429,2024-10-03 13:45:00+00:00,60210.2,60246.40148936,0.0022986138561240654,-0.0003305087842260246,6.140728180412474,1.0,REFLEXIVE_BASIS_REPAIR,60,0.0022986138561240654,0.0006986138561240654,0.43531142239758347,2.6731291187722785
ETHUSDT,1.0,2.9398254085037343,2.5683995691919193,1.21980546554777,0.6994847191316269,-0.1398132925023645,-0.000921030189322769,2024-10-03 17:30:00+00:00,2343.04,2343.66818182,0.00021339797869435184,0.000452403714831906,9.210319640650123,1.0,REFLEXIVE_BASIS_REPAIR,60,0.00021339797869435184,-0.0013866020213056482,0.6994847191316269,6.4424778469526585
SOLUSDT,1.0,2.438191351086964,2.0979020774400468,1.0470296818890406,0.8250908139764794,-0.14101972693575382,-0.001510408685944431,2024-10-03 19:40:00+00:00,136.842,136.90794549,0.0036976951520731882,-0.001169231668639914,5.355647601007737,1.0,REFLEXIVE_BASIS_REPAIR,60,0.0036976951520731882,0.0020976951520731884,0.8250908139764794,4.418895638486653
BTCUSDT,1.0,-3.298432275828489,-2.783120725344129,2.852354684541493,0.9593828357508788,-0.8458819706380544,-0.002871808260178299,2024-10-07 14:30:00+00:00,64164.9,64194.69829787,0.006757588650492696,-0.008069832572013769,26.184431251379753,0.75,REFLEXIVE_BASIS_REPAIR,60,0.006757588650492696,0.0051575886504926964,0.9593828357508788,25.120893906472638
XRPUSDT,1.0,9.524751668464742,7.466065785257434,2.12452452121293,0.9459928163155095,-0.40474768412004675,-0.0056137724550898715,2024-10-08 20:20:00+00:00,0.5314,0.53160269,-0.0018818216033120727,-0.0009409108016559253,151.080085459704,0.75,REFLEXIVE_BASIS_REPAIR,60,-0.0018818216033120727,-0.0034818216033120726,0.9459928163155095,142.92067553321326
SOLUSDT,-1.0,2.879670444383272,3.5756009948299865,3.1708957918850396,0.24460651220170426,0.3757131046247986,0.004104860528034382,2024-10-10 12:40:00+00:00,138.775,138.88985585,7.205908845242526e-05,0.011507836425869278,32.6492950113088,1.0,INDEX_CONFIRMED_DISCOVERY,120,0.011507836425869278,0.009907836425869277,0.3757131046247986,12.266767992509779
BTCUSDT,-1.0,-3.771620914732644,-3.6067418303009946,2.775211775327103,0.5777378769804382,-0.4006794867407607,-0.0024492652204337606,2024-10-10 17:15:00+00:00,60165.0,60203.62170213,-0.017044793484584098,0.012839690850162011,37.75193544179682,0.75,REFLEXIVE_BASIS_REPAIR,60,-0.017044793484584098,-0.0186447934845841,0.5777378769804382,21.810723034046255
SOLUSDT,-1.0,-2.1519710609448723,-2.3149007783190148,3.0194607205571766,-0.036795100130067704,0.8965566746936164,0.0030635778458572016,2024-10-11 17:45:00+00:00,144.81,144.92956,0.0058835715765486185,-0.003735929839099539,15.041743967187822,0.75,INDEX_CONFIRMED_DISCOVERY,120,-0.003735929839099539,-0.005335929839099539,0.6724175060202123,10.11433196461101
SOLUSDT,1.0,4.430663101815607,3.6266185446043657,1.4210383909454283,0.09762383406905961,0.43638819443451904,0.0015930907316015208,2024-10-13 09:55:00+00:00,147.747,147.72828714,0.002639647505533249,-0.0068563151874488915,22.83370666047005,0.75,INDEX_CONFIRMED_DISCOVERY,120,-0.0068563151874488915,-0.008456315187448892,0.32729114582588925,7.473270016357482
SOLUSDT,1.0,3.131023092867174,1.8841305032993871,1.2075738605738033,0.9517308252042156,0.0005373721527314582,-0.0004608482318338991,2024-10-13 12:50:00+00:00,147.486,147.55510478,0.00019662883256710284,-0.012496101324871445,7.123787482277268,1.0,REFLEXIVE_BASIS_REPAIR,60,0.00019662883256710284,-0.0014033711674328972,0.9517308252042156,6.779928139087206
SOLUSDT,1.0,3.1029633071496665,2.0995018193322412,2.4504340782571927,0.7294223200545769,-0.1224623992120394,-0.0011424654404202927,2024-10-13 22:10:00+00:00,148.631,148.68444098,0.007952580551836341,-0.008645571919720596,15.963786795956198,1.0,REFLEXIVE_BASIS_REPAIR,60,0.007952580551836341,0.006352580551836341,0.7294223200545769,11.644342401562989
ETHUSDT,-1.0,-2.1647127707360085,-2.4666054520616836,2.038069939859738,0.4453387963118798,-0.970441624871179,-0.004285600699689862,2024-10-14 05:45:00+00:00,2526.18,2526.85840909,0.0023513763864808634,-0.0001385491136816075,10.882258796487,0.0,REFLEXIVE_BASIS_REPAIR,60,0.0023513763864808634,0.0007513763864808634,0.4453387963118798,4.846292033581886
ETHUSDT,1.0,6.993881127360557,6.012414701256565,2.979649737962303,0.637677611719236,-0.08323605128873589,-0.0010643552036631032,2024-10-14 14:35:00+00:00,2609.13,2609.37704545,-0.011279621942946516,0.005277621276057465,125.2946102942576,0.5,REFLEXIVE_BASIS_REPAIR,60,-0.011279621942946516,-0.012879621942946517,0.637677611719236,79.89756785373459
BTCUSDT,-1.0,2.2850501420840343,1.55163053612677,1.6660859296770263,-0.3553302214211469,0.429748444634687,0.0007641245066299929,2024-10-14 16:20:00+00:00,65645.9,65651.49808511,3.198981200669415e-05,-0.0026505844233988274,5.907196927619732,1.0,INDEX_CONFIRMED_DISCOVERY,120,-0.0026505844233988274,-0.004250584423398827,0.429748444634687,2.5386086917953814
BTCUSDT,1.0,3.8897123025670868,3.019160154202077,3.349025079456609,0.1679288024227863,0.8533299247199632,0.0058345711724008265,2024-10-15 14:00:00+00:00,67646.7,67648.87276596,0.03405931109721538,-0.024422477371401574,39.329826584313956,1.0,INDEX_CONFIRMED_DISCOVERY,120,-0.024422477371401574,-0.026022477371401575,0.8533299247199632,33.56131795844183
BTCUSDT,1.0,2.90583465996383,2.2645383596909165,2.133747481869656,0.4501622689179333,-0.35294581316190077,-0.0013071934437385302,2024-10-15 16:45:00+00:00,66926.2,66942.01808511,-9.861608757111284e-05,0.0028882560193168594,14.040856568352428,0.5,REFLEXIVE_BASIS_REPAIR,60,-9.861608757111284e-05,-0.001698616087571113,0.4501622689179333,6.320663850360796
BTCUSDT,1.0,2.032980924715797,2.4144555215187187,1.3052402290172498,0.48892541552730895,-0.2683363306292612,-0.0015268518670387143,2024-10-15 18:10:00+00:00,66963.7,67002.17319149,0.003818486732363957,0.000188161645787277,6.406826508788395,1.0,REFLEXIVE_BASIS_REPAIR,60,0.003818486732363957,0.0022184867323639572,0.48892541552730895,3.132460313020744
BTCUSDT,-1.0,-3.062069041929586,-2.627329316960448,1.6075957509477785,0.7668430030666824,-0.20008456552028522,-0.0011168021529295302,2024-10-15 21:05:00+00:00,66513.9,66537.14297872,-0.0014568383450676015,-0.0043960736026606995,12.93321032378327,1.0,REFLEXIVE_BASIS_REPAIR,60,-0.0014568383450676015,-0.0030568383450676013,0.7668430030666824,9.917741843982983
ETHUSDT,1.0,3.672330275424239,4.955585722714983,2.1299892944181344,0.727070253626567,-0.0348797170372312,-0.0005192383493526354,2024-10-16 12:10:00+00:00,2637.11,2637.72045455,0.0023624346348843916,-0.0022259215580693326,38.76271131059101,0.5,REFLEXIVE_BASIS_REPAIR,60,0.0023624346348843916,0.0007624346348843916,0.727070253626567,28.1832143438448
XRPUSDT,1.0,3.945370925242144,3.590983419974935,2.6334975644169396,0.4591930279296528,-0.007496992685405283,-0.0016384489350081965,2024-10-16 13:40:00+00:00,0.5484,0.54890547,0.0018234865061999006,0.0003646973012398913,37.31076560941829,0.25,REFLEXIVE_BASIS_REPAIR,60,0.0018234865061999006,0.00022348650619990053,0.4591930279296528,17.132843434562343
XRPUSDT,1.0,4.1620882633797684,3.223296669269394,3.426654657064918,0.5356179021919123,0.04401084626650266,0.0,2024-10-17 04:45:00+00:00,0.5595,0.55940595,0.0010723860589813006,-0.00017873100983023527,45.97078322737967,0.25,REFLEXIVE_BASIS_REPAIR,60,0.0010723860589813006,-0.0005276139410186995,0.5356179021919123,24.622774474368246
ETHUSDT,1.0,3.5291714705179293,3.3297880027735007,1.5406754258320976,0.6656371951490699,-0.0919953208702856,-0.0011127498500618227,2024-10-18 15:35:00+00:00,2648.14,2649.51431818,0.0031758139675394093,-0.0002530077714925083,18.1050821405574,1.0,REFLEXIVE_BASIS_REPAIR,60,0.0031758139675394093,0.0015758139675394092,0.6656371951490699,12.051416093984146
BTCUSDT,1.0,4.377240989382491,4.401306831316333,2.3669630206963967,0.2412679572391837,0.344682218461971,0.000620154581999488,2024-10-21 13:30:00+00:00,67928.4,67912.50787234,0.0075535416703468305,-0.014108973566284377,45.600917015498936,1.0,INDEX_CONFIRMED_DISCOVERY,120,-0.014108973566284377,-0.015708973566284378,0.344682218461971,15.717825240802416
ETHUSDT,-1.0,-2.070807249851554,-3.9577650234937374,3.7971342134838144,0.8476789442979578,0.06233038010467067,-1.1421870597994044e-05,2024-10-22 00:40:00+00:00,2626.57,2626.94931818,0.004694335197615196,-0.0061525106888451475,31.12043299179886,1.0,REFLEXIVE_BASIS_REPAIR,60,0.004694335197615196,0.003094335197615196,0.8476789442979578,26.380135784583395
ETHUSDT,1.0,2.1028797618701325,3.241097847522309,1.617636336394519,0.6002346513139263,-0.452741724021809,-0.0013741693804943944,2024-10-22 02:15:00+00:00,2652.5,2652.57954545,0.0037624882186616526,-0.004561734213006541,11.02522541505136,1.0,REFLEXIVE_BASIS_REPAIR,60,0.0037624882186616526,0.0021624882186616528,0.6002346513139263,6.617722332660791
SOLUSDT,1.0,2.334596929031319,1.655238533241703,1.8577344221627279,0.8233220095237792,-0.5934639092112731,-0.002698327037237047,2024-10-22 10:40:00+00:00,166.32,166.35785069,-0.013588263588263816,0.0022246272246273513,7.178870615568676,0.75,REFLEXIVE_BASIS_REPAIR,60,-0.013588263588263816,-0.015188263588263817,0.8233220095237792,5.910522181321212
BTCUSDT,-1.0,-4.409806741736491,-5.963346852517326,1.7433730248984571,0.6786749334778562,-0.34002918680621197,-0.002008783563300698,2024-10-22 13:40:00+00:00,66940.8,66977.08723404,0.008180362350016512,-0.006127802476217692,45.84584158165532,1.0,REFLEXIVE_BASIS_REPAIR,60,0.008180362350016512,0.0065803623500165125,0.6786749334778562,31.11442348566626
ETHUSDT,1.0,3.460021490648396,5.159334052300178,1.85263086288545,0.9428587448542236,-0.02911227476336942,-0.0009480721900088085,2024-10-22 14:40:00+00:00,2634.43,2634.83272727,0.003222708517591988,-0.00750446965757301,33.07206699536235,1.0,REFLEXIVE_BASIS_REPAIR,60,0.003222708517591988,0.0016227085175919878,0.9428587448542236,31.182287576982137
BTCUSDT,-1.0,-2.122443843907378,-2.8878474007764026,2.3422507241335113,0.5236301350390238,-0.9222769689729375,-0.002121259278620613,2024-10-23 09:20:00+00:00,66327.5,66356.59042553,0.00319475330745167,-0.0025766084957219437,14.356343164524471,0.0,REFLEXIVE_BASIS_REPAIR,60,0.00319475330745167,0.0015947533074516698,0.5236301350390238,7.517413909906515
ETHUSDT,-1.0,-2.671894296005255,-2.293336439266074,2.827520229814769,0.914250729464761,-0.7513677072078407,-0.006314731982682398,2024-10-25 16:00:00+00:00,2524.26,2524.78840909,0.00274535903591544,0.015236148415773365,17.3257787969116,1.0,REFLEXIVE_BASIS_REPAIR,60,0.00274535903591544,0.00114535903591544,0.914250729464761,15.84010590362152
BTCUSDT,-1.0,-2.3712984384616025,-2.1826474082303644,2.2859195016735554,0.044031943679957886,0.2553845156947023,0.0009523368824551071,2024-10-25 19:05:00+00:00,66929.3,66973.16617021,-0.0029508750278278706,-0.0009024448186369938,11.831252745617018,1.0,INDEX_CONFIRMED_DISCOVERY,120,-0.0009024448186369938,-0.0025024448186369936,0.2553845156947023,3.0215187525010188
ETHUSDT,-1.0,-2.9203897755276627,-2.637285691572719,1.4657833074109279,-0.056515037586247985,0.8305069961507693,0.004100507082509419,2024-10-25 23:05:00+00:00,2453.01,2454.96295455,-0.00847122514787968,0.003175690274397791,11.289319634360124,1.0,INDEX_CONFIRMED_DISCOVERY,120,0.003175690274397791,0.001575690274397791,0.8305069961507693,9.375858938118327
SOLUSDT,1.0,2.9729643019603373,4.0916560462255935,1.9200845426331672,0.5244528221592885,0.11241068714794736,-0.0007555943039815327,2024-10-26 19:20:00+00:00,171.92,172.03820461,-0.0037808282922289216,0.0025011633317821858,23.356575339708108,0.5,REFLEXIVE_BASIS_REPAIR,60,-0.0037808282922289216,-0.0053808282922289214,0.5244528221592885,12.249421852885959
SOLUSDT,1.0,3.9437634281652856,2.7161557465283153,2.018857450474747,0.4855257659967517,-0.1566097957683045,-0.001461084574318594,2024-10-28 19:30:00+00:00,177.69,177.68087776,0.00855422364792624,-0.007147278968991033,21.625750062192157,0.75,REFLEXIVE_BASIS_REPAIR,60,0.00855422364792624,0.00695422364792624,0.4855257659967517,10.499858864200148
BTCUSDT,1.0,2.738816035429192,2.421516127481155,1.7305643233050114,0.7111059430421893,0.028627872085070432,-0.00017741331388365644,2024-10-29 02:20:00+00:00,71008.0,71021.22957447,-0.0047614353312304125,0.0013660432627309316,11.477253497360536,1.0,REFLEXIVE_BASIS_REPAIR,60,-0.0047614353312304125,-0.006361435331230412,0.7111059430421893,8.161543171774829
ETHUSDT,1.0,-2.242833492940338,-4.24223476548165,1.3059463112245304,0.9659471120658386,-0.3617722385558395,-0.000958466453674145,2024-10-31 15:15:00+00:00,2564.14,2564.4775,0.0027533598009469307,-0.0013766799004732988,12.42559101069058,1.0,REFLEXIVE_BASIS_REPAIR,60,0.0027533598009469307,0.0011533598009469306,0.9659471120658386,12.00246375248781
BTCUSDT,-1.0,2.947580114333845,1.898682081927679,1.6744022503750957,0.3932638448476784,-0.36752291606691007,-0.0012843963050670482,2024-11-01 01:40:00+00:00,69850.0,69827.24702128,-0.005122405153901277,0.004350751610594061,9.370821576855953,0.75,REFLEXIVE_BASIS_REPAIR,60,-0.005122405153901277,-0.006722405153901277,0.3932638448476784,3.6852053226959565
XRPUSDT,-1.0,-2.474304638548872,-3.7449642371740652,1.325750160880983,-0.281344947561603,0.46047302448910354,0.0032277587250353346,2024-11-03 13:55:00+00:00,0.4941,0.49473812,0.002631046346893484,-0.0044525399716657255,12.284642785332203,1.0,INDEX_CONFIRMED_DISCOVERY,120,-0.0044525399716657255,-0.006052539971665725,0.46047302448910354,5.656746618130165
BTCUSDT,-1.0,-3.135739863604549,-2.048181883642854,2.713881171413935,0.5180183661580324,-0.024142724061264748,-0.0004362315316732701,2024-11-05 15:00:00+00:00,69947.5,69971.68106383,-0.00474927624289645,-0.003118052825333395,17.430079800958673,1.0,REFLEXIVE_BASIS_REPAIR,60,-0.00474927624289645,-0.0063492762428964495,0.5180183661580324,9.029101460496735
ETHUSDT,-1.0,-2.176786552869107,-1.5936953595155436,1.443095499829155,0.3742757590964204,-0.2640838017682876,-0.0008447462496532498,2024-11-05 18:55:00+00:00,2452.51,2453.42,-0.012986695263220271,0.01054837696890143,5.006292569915374,0.75,REFLEXIVE_BASIS_REPAIR,60,-0.012986695263220271,-0.014586695263220272,0.3742757590964204,1.8737339518638458
BTCUSDT,-1.0,-2.103372294876151,-1.893555564347696,1.3943399755839956,0.5059859318435183,-0.1987492771692934,-0.0010421656143406732,2024-11-05 22:25:00+00:00,68966.8,68984.9693617,0.009216028581868319,-0.016083100854324073,5.5534501966644125,1.0,REFLEXIVE_BASIS_REPAIR,60,0.009216028581868319,0.007616028581868319,0.5059859318435183,2.8099676727058123
BTCUSDT,1.0,3.7966856104088493,7.37524905771677,3.2475731482503587,-0.3566962483030163,0.3767794087465422,0.004763334496441729,2024-11-06 03:10:00+00:00,74292.0,74203.19212766,0.002142895601141448,-0.003638345986108904,90.93692591044775,1.0,INDEX_CONFIRMED_DISCOVERY,120,-0.003638345986108904,-0.005238345986108904,0.3767794087465422,34.26316117776662
SOLUSDT,-1.0,3.9122487090365805,3.910679674703861,3.1443260628109546,0.4677805888062535,-0.2997540437400588,-0.000759466203753778,2024-11-06 05:10:00+00:00,184.48,184.45729922,0.008673026886383495,-0.013551604509973947,48.1067785584881,1.0,REFLEXIVE_BASIS_REPAIR,60,0.008673026886383495,0.007073026886383495,0.4677805888062535,22.503417199661616
ETHUSDT,1.0,2.740950387824719,2.3552511158983167,2.675228187514688,0.9138959775602389,-0.7906439397263336,-0.007772919438397974,2024-11-06 06:30:00+00:00,2602.82,2602.85727273,-0.006569797373617847,-0.007219093137443178,17.270273872643358,0.75,REFLEXIVE_BASIS_REPAIR,60,-0.006569797373617847,-0.008169797373617848,0.9138959775602389,15.783233823572454
SOLUSDT,1.0,4.509250417656391,1.8258979947177274,1.3657331061425884,0.7086955688350113,-0.2761860803791594,-0.0018145914500721227,2024-11-06 07:30:00+00:00,187.03,187.04009585,0.03063679623589788,-0.015452066513393703,11.244669697112819,0.75,REFLEXIVE_BASIS_REPAIR,60,0.03063679623589788,0.029036796235897878,0.7086955688350113,7.969047587357183
SOLUSDT,1.0,3.866725612625773,-2.595802736755582,2.225499291204308,-0.008309726254859706,0.47977617836121494,0.004494135700975566,2024-11-06 08:45:00+00:00,183.28,183.15339727,-0.006219991270187686,0.009766477520733341,22.33790817786887,1.0,INDEX_CONFIRMED_DISCOVERY,120,0.009766477520733341,0.00816647752073334,0.47977617836121494,10.717196218161655
BTCUSDT,-1.0,-2.4400934598157464,-4.4487421605271935,1.1130273218277764,0.9026948336952771,0.16218612845670602,-0.0003190316514396496,2024-11-06 15:30:00+00:00,74311.0,74307.74553191,-1.480265371223144e-05,-0.002968604917172435,12.082297409705527,0.5,REFLEXIVE_BASIS_REPAIR,60,-1.480265371223144e-05,-0.0016148026537122315,0.9026948336952771,10.906627450911008
ETHUSDT,1.0,4.5467107320327065,2.227550435582221,2.6079448932120206,-0.08626154790838059,1.2518603224374452,0.006457275856983191,2024-11-07 01:20:00+00:00,2797.76,2794.53363636,-0.0097184890769757,0.01816810591330209,26.413337522885435,0.75,INDEX_CONFIRMED_DISCOVERY,120,0.01816810591330209,0.01656810591330209,0.9388952418280838,24.79935692103632
ETHUSDT,-1.0,-3.64067680994231,-7.405842320654551,1.2830165320885,0.4263605010091115,-0.4438520961629975,-0.0030681514476615934,2024-11-07 08:35:00+00:00,2814.86,2813.31931818,0.005197416567786606,0.0020818086867553376,34.593048923424625,0.5,REFLEXIVE_BASIS_REPAIR,60,0.005197416567786606,0.003597416567786606,0.4263605010091115,14.749109670424028
ETHUSDT,1.0,2.5854745296307446,3.151306422764841,2.326906114864082,0.4436855389157047,-0.46253048745831826,-0.0031137830879087725,2024-11-09 23:10:00+00:00,3143.9,3142.50886364,0.00725850058844113,-0.011453926651611157,18.958752596191886,1.0,REFLEXIVE_BASIS_REPAIR,60,0.00725850058844113,0.00565850058844113,0.4436855389157047,8.411724362810913
XRPUSDT,1.0,3.5367565484624324,5.691162863599741,3.738388804635319,0.48239720285645526,-0.2747526786596652,-0.006380890052356092,2024-11-10 12:50:00+00:00,0.6073,0.6066614,0.00279927548163994,-0.012843734562818954,75.24725259277237,1.0,REFLEXIVE_BASIS_REPAIR,60,0.00279927548163994,0.00119927548163994,0.48239720285645526,36.29906417338654
XRPUSDT,1.0,2.6024672903073984,1.8430089694533442,1.5849810231664436,-0.6165080443453936,1.361845122541818,0.005922026649120005,2024-11-10 14:00:00+00:00,0.6115,0.61017354,0.019623875715453765,-0.010302534750613379,7.60215631568581,0.5,INDEX_CONFIRMED_DISCOVERY,120,-0.010302534750613379,-0.01190253475061338,0.680922561270909,5.176479749658599
ETHUSDT,1.0,3.447593496439656,2.290239297233775,1.6463852772363385,0.5510802928488723,-0.5218516398021094,-0.003302861242716948,2024-11-10 17:45:00+00:00,3222.88,3220.84659091,-0.003791639775604372,-0.010022092041900521,12.999552096627426,1.0,REFLEXIVE_BASIS_REPAIR,60,-0.003791639775604372,-0.005391639775604372,0.5510802928488723,7.163796976313614
ETHUSDT,-1.0,3.070144228152919,1.9951771888771805,2.340383485520062,0.06853294958105827,0.8470340280322127,0.003348436008023481,2024-11-10 21:05:00+00:00,3110.41,3106.84727273,0.019502252114673047,-0.021643448934384857,14.335976283089403,1.0,INDEX_CONFIRMED_DISCOVERY,120,-0.021643448934384857,-0.023243448934384858,0.8470340280322127,12.143059736839486
SOLUSDT,1.0,2.6706490734931867,1.910171334231853,1.2973050649469575,0.36936567848415014,-0.6908391241061856,-0.005691171628803948,2024-11-11 01:45:00+00:00,211.4,211.1814371,0.006196783349101231,-0.005960264900662371,6.618068560759414,1.0,REFLEXIVE_BASIS_REPAIR,60,0.006196783349101231,0.0045967833491012315,0.36936567848415014,2.444487384199524
SOLUSDT,1.0,5.389224383435,6.239931691446904,2.5059694913295614,0.7533358400398789,-0.5796685111306074,-0.012450557353469893,2024-11-11 16:30:00+00:00,219.71,219.50413357,0.008283646625096841,-0.00960356834008469,84.27172445089163,0.75,REFLEXIVE_BASIS_REPAIR,60,0.008283646625096841,0.006683646625096841,0.7533358400398789,63.48491033082164
XRPUSDT,1.0,3.2995718433130072,4.183326694102007,4.0135514854825685,0.7231251918636201,-0.0016561243967681924,-0.0011378413524055775,2024-11-11 20:20:00+00:00,0.6145,0.61398678,-0.00797396257119587,-0.0035801464605371702,55.39980157280859,1.0,REFLEXIVE_BASIS_REPAIR,60,-0.00797396257119587,-0.00957396257119587,0.7231251918636201,40.0609921415437
BTCUSDT,1.0,4.890999957075097,3.9563824120394173,2.9162294546039664,0.4062033647421903,-0.1000735729333579,-0.001711611829213977,2024-11-11 23:20:00+00:00,89411.4,89283.56744681,0.029989464430710155,-0.0012973737129716723,56.43098276039708,0.75,REFLEXIVE_BASIS_REPAIR,60,0.029989464430710155,0.028389464430710155,0.4062033647421903,22.92245507298183
XRPUSDT,-1.0,2.5163040320314183,2.6481585864347053,1.1984935421936482,0.35443183780409937,-0.11532976089582005,-0.00016482610845547363,2024-11-12 01:30:00+00:00,0.6068,0.60605776,0.0009887936717205559,-0.0,7.986248163953951,1.0,REFLEXIVE_BASIS_REPAIR,60,0.0009887936717205559,-0.0006112063282794442,0.35443183780409937,2.830580613909813
XRPUSDT,1.0,3.5650690373309835,2.3232060693094496,1.1255053265996249,0.6573668676509854,-0.9307790334374627,-0.007854688267059484,2024-11-12 05:35:00+00:00,0.6063,0.60565219,0.005112980372752762,0.013854527461652832,9.321874090151972,0.25,REFLEXIVE_BASIS_REPAIR,60,0.005112980372752762,0.0035129803727527624,0.6573668676509854,6.127891171280082
ETHUSDT,1.0,2.659505527938439,2.3174259691643617,2.131472456095465,0.21389128999092433,0.6584857242349318,0.0058112657357578534,2024-11-12 06:50:00+00:00,3394.09,3389.98585366,0.006761753518616298,0.00020624084806231124,13.136706335960218,1.0,INDEX_CONFIRMED_DISCOVERY,120,0.00020624084806231124,-0.0013937591519376888,0.6584857242349318,8.650333585696382
XRPUSDT,1.0,3.082743967475641,3.8933631475249015,3.6499796907915334,0.6507278407240659,-0.11470983700350072,-0.002619414483821303,2024-11-12 10:15:00+00:00,0.6473,0.64663018,0.016221226633709174,-0.002626293835933935,43.80793865418904,1.0,REFLEXIVE_BASIS_REPAIR,60,0.016221226633709174,0.014621226633709173,0.6507278407240659,28.507045327012772
XRPUSDT,-1.0,2.23468670706135,1.5012790283625868,2.0296754889617232,0.528218091881993,-1.2093433406664167,-0.007462686567164312,2024-11-12 12:00:00+00:00,0.648,0.64732608,-0.007407407407407418,0.009567901234567855,6.8093345269101295,0.75,REFLEXIVE_BASIS_REPAIR,60,-0.007407407407407418,-0.009007407407407419,0.528218091881993,3.596813690790642
SOLUSDT,1.0,2.1125240184776066,1.5355678128798194,2.1889086223646177,0.7158676091646099,-0.2631604569719804,-0.00461092361078097,2024-11-12 13:30:00+00:00,209.4,209.24532937,0.0006208213944602914,0.009073543457497557,7.100652965913505,1.0,REFLEXIVE_BASIS_REPAIR,60,0.0006208213944602914,-0.0009791786055397087,0.7158676091646099,5.083127462216097
XRPUSDT,1.0,2.614734308033397,2.5580126701383796,1.9487497506091234,0.44914166743149664,-0.31817436621436734,-0.0044830079537238054,2024-11-12 17:25:00+00:00,0.6884,0.68751641,-0.004938988959906965,-0.0021789657176061183,13.03425848112215,0.25,REFLEXIVE_BASIS_REPAIR,60,-0.004938988959906965,-0.006538988959906965,0.44914166743149664,5.854228587944329
ETHUSDT,1.0,2.567153761602525,1.7922542498607854,1.1500246281233406,0.7345825330902435,-0.175955690686994,-0.0018893898095043715,2024-11-13 01:35:00+00:00,3270.0,3267.64295455,0.01657798165137614,-0.011599388379204822,5.291254388974318,0.25,REFLEXIVE_BASIS_REPAIR,60,0.01657798165137614,0.014977981651376138,0.7345825330902435,3.886863052277623
ETHUSDT,1.0,2.1480439164623375,1.6690885467178802,2.173837529851145,0.9981428920648412,-0.3509567753662391,-0.003391357746583279,2024-11-13 13:55:00+00:00,3229.6,3228.03487805,-0.02908100074312614,0.022683923705722142,7.7938064341783235,0.5,REFLEXIVE_BASIS_REPAIR,60,-0.02908100074312614,-0.03068100074312614,0.9981428920648412,7.779332494404319
XRPUSDT,1.0,4.054943797395549,4.6442381376556225,1.650127775693576,0.8765690330090599,-0.6080066974750484,-0.006676867436361089,2024-11-13 15:30:00+00:00,0.7141,0.71345334,0.01008262148158523,0.006861784063856735,31.075411927145062,1.0,REFLEXIVE_BASIS_REPAIR,60,0.01008262148158523,0.00848262148158523,0.8765690330090599,27.23974378333575
XRPUSDT,-1.0,2.014098531363252,4.701317340316433,2.291532965536225,0.48827397344172385,-0.3572259913957092,-0.002336448598130758,2024-11-13 17:15:00+00:00,0.7293,0.72846087,-0.014945838475250106,0.037707390648567096,21.698333965313843,0.25,REFLEXIVE_BASIS_REPAIR,60,-0.014945838475250106,-0.016545838475250107,0.48827397344172385,10.594731742309307
XRPUSDT,1.0,3.1592554764555683,3.1507975402170825,2.490205295958572,0.858607288897851,-0.16946679041303941,-0.003831417624520994,2024-11-15 15:00:00+00:00,0.91,0.90910657,0.04791208791208801,-0.03109890109890112,24.787937768264527,0.25,REFLEXIVE_BASIS_REPAIR,60,0.04791208791208801,0.04631208791208801,0.858607288897851,21.283104044578252
XRPUSDT,-1.0,-2.255439558776483,-2.677322616023845,2.1409394880815102,0.43480778631634753,-0.0046086154095747525,-0.0005708414202534318,2024-11-15 20:45:00+00:00,0.8764,0.87625002,0.028525787311729722,-0.025445002282063145,12.928147322883897,0.25,REFLEXIVE_BASIS_REPAIR,60,0.028525787311729722,0.02692578731172972,0.43480778631634753,5.621259118634762
XRPUSDT,1.0,4.49278706156279,4.61774074758211,1.8558705764932482,0.8254165355937013,-0.9365081106767549,-0.010090433127082243,2024-11-16 12:05:00+00:00,1.0399,1.03868248,-0.029714395614962807,0.07664198480623119,38.50286695329161,0.75,REFLEXIVE_BASIS_REPAIR,60,-0.029714395614962807,-0.031314395614962805,0.8254165355937013,31.78090305101117
XRPUSDT,-1.0,-4.500347236727527,-4.154172010038249,2.9466297423243977,0.6666658347590746,-0.4498137164006766,-0.01577399518759459,2024-11-16 14:25:00+00:00,1.1398,1.13975926,0.016406387085453833,0.04105983505878219,55.087881055491394,0.5,REFLEXIVE_BASIS_REPAIR,60,0.016406387085453833,0.014806387085453832,0.6666658347590746,36.72520820896778
XRPUSDT,-1.0,6.336417571744684,5.42980747869633,3.148315948324033,0.764521147437154,-0.40457095638756974,-0.014975191700496104,2024-11-16 15:35:00+00:00,1.1251,1.12336408,0.008621455870589267,-0.0014220958137054485,108.31947099920545,1.0,REFLEXIVE_BASIS_REPAIR,60,0.008621455870589267,0.007021455870589268,0.764521147437154,82.81252625809809
ETHUSDT,-1.0,-3.1783256444858607,-2.2711397055699734,1.0020719935393418,0.9073441268816279,-0.812100147388035,-0.00519927256224495,2024-11-17 02:20:00+00:00,3056.62,3054.7602439,0.001010920559310735,-0.010305500847341165,7.233378091277132,0.25,REFLEXIVE_BASIS_REPAIR,60,0.001010920559310735,-0.000589079440689265,0.9073441268816279,6.563163128634545
XRPUSDT,1.0,-4.791534630751681,-4.781255103292192,2.0846875094181865,0.8021566597273572,-0.5662733030274325,-0.019623302671922915,2024-11-17 13:40:00+00:00,1.1191,1.11876725,0.01903315163971042,-0.03592172281297468,47.75925149284259,0.5,REFLEXIVE_BASIS_REPAIR,60,0.01903315163971042,0.01743315163971042,0.8021566597273572,38.310401648577404
SOLUSDT,-1.0,-2.016435077741671,-1.5532441520307962,1.1965035221504172,0.6684477169805627,-0.4191948838019789,-0.0034864898518240928,2024-11-18 04:45:00+00:00,241.77,241.53855571,0.007196922695123398,-0.0014476568639616438,3.7474681664002696,0.75,REFLEXIVE_BASIS_REPAIR,60,0.007196922695123398,0.005596922695123398,0.6684477169805627,2.5049865402875957
XRPUSDT,-1.0,2.6059513371024576,1.5362855455566908,1.6782174223350854,0.38315735328512135,-0.4700121391438909,-0.005221932114882533,2024-11-18 07:10:00+00:00,1.155,1.1530495,0.014891774891774734,0.008831168831168856,6.718718900707338,1.0,REFLEXIVE_BASIS_REPAIR,60,0.014891774891774734,0.013291774891774733,0.38315735328512135,2.5743265514617435
BTCUSDT,1.0,2.4122609672819553,3.776379721640542,1.9016487087924596,0.6940183289450879,-0.3900145589975573,-0.002574306799084214,2024-11-18 16:00:00+00:00,92407.8,92329.02977273,0.00980112068461747,-0.008219003157742044,17.323284559991027,0.5,REFLEXIVE_BASIS_REPAIR,60,0.00980112068461747,0.00820112068461747,0.6940183289450879,12.022677002165214
SOLUSDT,1.0,-2.6468985042470994,-1.8192405037281143,2.2597756718237862,0.6863335322089892,-0.38411751288306506,-0.001656794930207539,2024-11-20 14:15:00+00:00,241.03,240.94665678,0.017549682612122974,-0.018835829564784468,10.881599410540577,0.5,REFLEXIVE_BASIS_REPAIR,60,0.017549682612122974,0.015949682612122974,0.6863335322089892,7.468406559519569
ETHUSDT,1.0,2.686346158643034,2.5609567528159456,1.8954238510356638,-1.7132832731072831,1.1287187746939347,0.00817632084488662,2024-11-21 12:10:00+00:00,3196.05,3189.06658537,-0.044761502479623294,0.05383520282849141,13.039788888050131,1.0,INDEX_CONFIRMED_DISCOVERY,120,0.05383520282849141,0.052235202828491416,1.1287187746939347,14.718254535987528
ETHUSDT,-1.0,-2.904097143880142,-2.730172737326926,2.9834952457898574,0.574322481074804,-1.009218369962326,-0.007548386513549277,2024-11-21 14:45:00+00:00,3343.64,3340.52219512,-0.018485841777224787,0.002246055197329788,23.655199518663515,0.25,REFLEXIVE_BASIS_REPAIR,60,-0.018485841777224787,-0.020085841777224788,0.574322481074804,13.58571287787834
BTCUSDT,1.0,3.6979266390972643,6.7402955296873035,2.6851466507192105,0.8583811303751259,-0.6306924763800683,-0.0037178255372946056,2024-11-21 19:20:00+00:00,98507.4,98440.17295455,-0.0005898034056326384,-0.004334699728142266,66.92759817609068,0.25,REFLEXIVE_BASIS_REPAIR,60,-0.0005898034056326384,-0.0021898034056326383,0.8583811303751259,57.449387375684935
ETHUSDT,1.0,3.9771226081969258,3.1270021117633036,1.9151134262280556,0.6393410222993711,0.04538560871232718,-0.00023534128844993063,2024-11-23 13:55:00+00:00,3441.0,3437.44818182,-0.011447253705318294,0.008663179308340485,23.817252193580547,0.5,REFLEXIVE_BASIS_REPAIR,60,-0.011447253705318294,-0.013047253705318295,0.6393410222993711,15.227346365805724
BTCUSDT,-1.0,-2.171947006530708,-4.938548953329035,1.6213676409735052,0.7522243685601594,-0.7923215549465245,-0.002748388417067593,2024-11-23 16:35:00+00:00,97998.6,97933.90851064,-0.00010714438777692514,0.0023245230033899222,17.391221599293633,0.25,REFLEXIVE_BASIS_REPAIR,60,-0.00010714438777692514,-0.0017071443877769252,0.7522243685601594,13.082100686018459
ETHUSDT,1.0,2.584535092531414,2.3404458501533245,2.41689202847853,0.9826483273013775,-1.0523451304272762,-0.006783667198487331,2024-11-26 08:30:00+00:00,3361.64,3359.13704545,-0.006928166014207315,-0.003548863054937401,14.619693915987002,0.25,REFLEXIVE_BASIS_REPAIR,60,-0.006928166014207315,-0.008528166014207316,0.9826483273013775,14.366017772202753
SOLUSDT,-1.0,-2.559042318221208,-1.7249773131943495,1.2572036376889857,0.6367901889026639,-0.32950608589909847,-0.0022667978272956635,2024-11-28 15:25:00+00:00,234.34,234.30153086,0.0013228642143894298,-0.007339762737902156,5.549661373444264,1.0,REFLEXIVE_BASIS_REPAIR,60,0.0013228642143894298,-0.00027713578561057027,0.6367901889026639,3.5339699143413905
XRPUSDT,1.0,2.979438648901984,2.94330621536818,1.8032173933893632,0.7932236964051287,0.005116471847126888,-0.0010362062660003168,2024-11-29 09:30:00+00:00,1.6389,1.63737805,-0.0104948441027517,0.01421685276709983,15.813135139051864,0.5,REFLEXIVE_BASIS_REPAIR,60,-0.0104948441027517,-0.0120948441027517,0.7932236964051287,12.543353506752549
ETHUSDT,-1.0,-2.738104986905156,-2.3042204273228957,1.2702852131821127,0.9222632024147372,-0.22388490270860256,-0.001546782044348216,2024-12-01 00:50:00+00:00,3703.72,3701.33340909,0.007227868197379861,0.007875865346192334,8.01448021886586,1.0,REFLEXIVE_BASIS_REPAIR,60,0.007227868197379861,0.005627868197379861,0.9222632024147372,7.391460192340792
XRPUSDT,1.0,3.9104574607076876,2.5511315270872617,3.0679220825116515,0.694214888340976,-0.0902778041645781,-0.0025788834951456785,2024-12-01 19:00:00+00:00,1.9725,1.97031634,-0.07782002534854238,0.10032953105196452,30.605870837363724,0.25,REFLEXIVE_BASIS_REPAIR,60,-0.07782002534854238,-0.07942002534854238,0.694214888340976,21.247051205938792
XRPUSDT,1.0,2.0379107576933007,3.9874148801224636,1.756227545732691,0.9453977308559993,-0.8302349667301151,-0.007521296488676499,2024-12-02 02:05:00+00:00,2.3884,2.38708585,-0.002679618154413088,0.01126277005526699,14.271097448997127,0.5,REFLEXIVE_BASIS_REPAIR,60,-0.002679618154413088,-0.004279618154413088,0.9453977308559993,13.491863145106723
ETHUSDT,1.0,4.892963954560734,2.2564380479496333,1.5737108961200512,0.24150793307311136,0.7045761834757127,0.0037375892015707457,2024-12-02 03:05:00+00:00,3759.73,3754.4225,0.018301846143207068,-0.018235352006660044,17.37482273347071,0.5,INDEX_CONFIRMED_DISCOVERY,120,-0.018235352006660044,-0.019835352006660045,0.35228809173785636,6.120943145057923
XRPUSDT,1.0,2.2428125965148995,1.7983355898263556,1.6585787601035629,0.5467270605153967,0.041278417815635036,-8.142327891547119e-05,2024-12-02 05:25:00+00:00,2.4561,2.45342829,0.02902976263181478,-0.019258173527136657,6.689594995510692,0.75,REFLEXIVE_BASIS_REPAIR,60,0.02902976263181478,0.02742976263181478,0.5467270605153967,3.657382607934069
SOLUSDT,1.0,3.0207884709690087,3.463013500486914,1.0554073728339968,0.7983853950101121,0.042569052923877276,-0.0006134431688721298,2024-12-02 07:35:00+00:00,228.08,227.94882941,0.007541213609259856,-0.004472115047351899,11.040649516170074,0.75,REFLEXIVE_BASIS_REPAIR,60,0.007541213609259856,0.005941213609259856,0.7983853950101121,8.814693325135647
SOLUSDT,1.0,2.012690226328822,1.875427229583028,1.7719975305718112,0.6720107997798335,-0.4504858071208184,-0.00262651024338989,2024-12-02 15:30:00+00:00,227.84,227.70280389,0.006056882022471899,-0.018785112359550604,6.688677664528899,1.0,REFLEXIVE_BASIS_REPAIR,60,0.006056882022471899,0.004456882022471899,0.6720107997798335,4.494863626809574
XRPUSDT,-1.0,4.3950573235768715,3.4475674116581048,2.4848558067260944,0.49693278094463866,-1.3780329941820582,-0.021345971563980992,2024-12-02 17:25:00+00:00,2.6938,2.69499763,0.003860717202464947,-0.0028212933402629314,37.651172303357754,0.75,REFLEXIVE_BASIS_REPAIR,60,0.003860717202464947,0.0022607172024649473,0.49693278094463866,18.710101758533327
XRPUSDT,1.0,3.667546641868916,3.709586345444793,1.5442505305823797,0.9737734567176313,-0.7224075966076662,-0.00863938692886057,2024-12-02 22:30:00+00:00,2.7425,2.74068579,-0.012324521422060197,-0.027092069279854192,21.009653466324654,0.75,REFLEXIVE_BASIS_REPAIR,60,-0.012324521422060197,-0.013924521422060198,0.9737734567176313,20.458642880342524
XRPUSDT,1.0,4.365560641992071,4.5550132647295785,1.4566709580058448,0.7924409314430679,-0.058233714852048465,-0.0024871072747888467,2024-12-03 01:10:00+00:00,2.7273,2.7244,0.01268653980126877,-0.0006233271000622986,28.966173861732287,1.0,REFLEXIVE_BASIS_REPAIR,60,0.01268653980126877,0.01108653980126877,0.7924409314430679,22.953981795332982
XRPUSDT,-1.0,-3.0532790525504043,-3.586075399439775,2.4777694335712175,0.9171690494904939,-0.45859066622925565,-0.009548234365752695,2024-12-03 07:15:00+00:00,2.5587,2.55736763,0.023371243209442394,-0.04131004025481699,27.129813350745092,0.5,REFLEXIVE_BASIS_REPAIR,60,0.023371243209442394,0.021771243209442393,0.9171690494904939,24.88262512375739
BTCUSDT,-1.0,-2.6102687614779305,-3.246324359945386,1.3040530012225526,0.7351704767529637,0.05313139554564053,-0.00031253753905402526,2024-12-03 14:25:00+00:00,94098.1,94026.93446809,0.023016405219658864,-0.01866668933804183,11.050257023223082,1.0,REFLEXIVE_BASIS_REPAIR,60,0.023016405219658864,0.021416405219658863,0.7351704767529637,8.123822724005699
XRPUSDT,1.0,-2.805316954456197,-3.0311764258119784,2.600436338486961,0.8409833019250632,-0.16735526634935108,-0.0027383523603825566,2024-12-03 16:10:00+00:00,2.5857,2.58340395,0.028038828943806382,-0.012414433228913002,22.112577975447152,1.0,REFLEXIVE_BASIS_REPAIR,60,0.028038828943806382,0.02643882894380638,0.8409833019250632,18.596308839866975
ETHUSDT,1.0,3.489916304681555,3.2104306729174756,2.4172106890523017,-0.7096563083285616,1.2772185775792428,0.01091392133120861,2024-12-04 01:00:00+00:00,3698.56,3691.75022727,0.002714569994808791,-0.012850947395743106,27.082753313520797,0.75,INDEX_CONFIRMED_DISCOVERY,120,-0.012850947395743106,-0.014450947395743107,0.9579139331844322,25.94294674801842
ETHUSDT,-1.0,2.9359440510521546,2.859454311135864,2.6976771096695145,0.3778865097313877,-0.2708324560787573,-0.0007445875767182475,2024-12-04 12:25:00+00:00,3709.51,3705.64568182,-0.00033158018174905823,-0.002827866753290831,22.647533135929788,1.0,REFLEXIVE_BASIS_REPAIR,60,-0.00033158018174905823,-0.0019315801817490583,0.3778865097313877,8.558197250762458
ETHUSDT,1.0,2.955348925987324,2.2909545498264428,2.825315648712858,0.9171648699098197,-0.8532159130686237,-0.004599402674977271,2024-12-04 15:40:00+00:00,3832.79,3830.32,0.014764701431594252,-0.00983878584529807,19.128997564718244,0.25,REFLEXIVE_BASIS_REPAIR,60,0.014764701431594252,0.01316470143159425,0.9171648699098197,17.544444562950066
ETHUSDT,1.0,2.5453365932944414,2.1370951353488965,1.813277164834822,0.3777786427043004,-1.444157974403258,-0.006069428084992667,2024-12-04 20:30:00+00:00,3864.74,3863.24681818,0.0013661979848579309,-0.00022511216795950695,9.86355042947365,0.25,REFLEXIVE_BASIS_REPAIR,60,0.0013661979848579309,-0.0002338020151420692,0.3777786427043004,3.7262386934919745
BTCUSDT,1.0,5.0907200843019655,4.254223951612524,3.0902191587131083,-2.9739680849081687,0.7868805517372089,0.0075246695627317894,2024-12-05 02:35:00+00:00,100100.8,99753.30808511,-0.027464315969502717,0.025767026836948315,66.92507197312588,1.0,INDEX_CONFIRMED_DISCOVERY,120,0.025767026836948315,0.024167026836948314,0.7868805517372089,52.66203755926571
BTCUSDT,-1.0,2.7956394382836898,4.772211621522821,4.649901958720205,0.3632553620831436,-0.37446074422485903,-0.014226067698952072,2024-12-05 22:35:00+00:00,95440.6,95418.24659574,0.015165453695806574,-0.019198328593910574,62.03612302262183,1.0,REFLEXIVE_BASIS_REPAIR,60,0.015165453695806574,0.013565453695806574,0.3632553620831436,22.53495433081693
SOLUSDT,-1.0,-2.901057831657125,-1.7379000560714566,1.3125009242870413,-0.6042177112071674,0.26582016561294824,0.0015808587908566762,2024-12-09 00:40:00+00:00,233.68,233.73965993,-0.001882916809311852,0.010356042451215353,6.617299655921153,1.0,INDEX_CONFIRMED_DISCOVERY,120,0.010356042451215353,0.008756042451215352,0.26582016561294824,1.7590116904474664
SOLUSDT,-1.0,-2.1071804014010103,-2.1816676280738063,1.1854986730498513,0.7114508232397979,-0.3844354672449667,-0.003461875547765114,2024-12-09 08:40:00+00:00,228.99,228.76375286,-0.012576968426568857,0.005982794008472014,5.449935696296396,1.0,REFLEXIVE_BASIS_REPAIR,60,-0.012576968426568857,-0.014176968426568858,0.7114508232397979,3.877361237734032
ETHUSDT,-1.0,-2.7959754618361146,-1.950916351188115,2.590642157215999,0.521635513832896,-0.19177153737593172,-0.00149540696432382,2024-12-09 20:00:00+00:00,3797.28,3795.41727273,-0.013659777524965278,0.025844815236169105,14.131212681297848,1.0,REFLEXIVE_BASIS_REPAIR,60,-0.013659777524965278,-0.015259777524965278,0.521635513832896,7.3713423880907385
ETHUSDT,-1.0,-26.081853978746526,-18.50894433800564,4.128941126815738,0.8153608766083652,-0.5986844242043493,-0.035780737265868945,2024-12-09 21:10:00+00:00,3674.08,3674.67727273,0.0011213691590818975,-0.01190774289073726,1993.2363514856795,0.75,REFLEXIVE_BASIS_REPAIR,60,0.0011213691590818975,-0.0004786308409181026,0.8153608766083652,1625.2069388350233
ETHUSDT,-1.0,-7.247973403700749,-4.334508193332826,2.307536504438805,0.7282594322005702,-0.3489939993529993,-0.0063624999299283225,2024-12-10 15:45:00+00:00,3590.48,3590.09954545,-0.015379559278982158,0.010967892872262186,72.49449007664896,1.0,REFLEXIVE_BASIS_REPAIR,60,-0.015379559278982158,-0.01697955927898216,0.7282594322005702,52.794796180890245
SOLUSDT,-1.0,-3.5912682370740794,-2.7203580408518517,1.018832170387139,0.11105839118795913,0.9485225954901583,0.012939808083745397,2024-12-10 18:00:00+00:00,203.67,203.79182274,0.027397260273972712,-0.041095890410958846,9.953516981318046,1.0,INDEX_CONFIRMED_DISCOVERY,120,-0.041095890410958846,-0.042695890410958844,0.9485225954901583,9.441135761375158
ETHUSDT,-1.0,-2.6078704804924087,-1.7191848305350437,1.4022363205631176,0.47933769254137526,-0.7355853449550747,-0.004885372665250909,2024-12-12 03:10:00+00:00,3875.25,3875.60590909,0.01475259660667061,-0.008644603573962906,6.286802263127545,0.75,REFLEXIVE_BASIS_REPAIR,60,0.01475259660667061,0.013152596606670609,0.47933769254137526,3.0135012902714533
BTCUSDT,-1.0,-2.385978019107725,-1.678821295943378,1.558531830739889,0.39771813046257276,-0.518887984363835,-0.0021814991444324416,2024-12-12 18:45:00+00:00,101205.9,101218.60744681,-0.01724998246149667,0.009883811121683461,6.242902963928147,1.0,REFLEXIVE_BASIS_REPAIR,60,-0.01724998246149667,-0.018849982461496672,0.39771813046257276,2.482915695472757
SOLUSDT,-1.0,-4.135497931760231,-3.258316295591031,2.8560104188670685,0.939762705225925,-0.2646951576618564,-0.0036855036855036882,2024-12-17 01:05:00+00:00,212.42,212.49673501,0.009838998211091354,-0.009838998211091354,38.48405581264148,1.0,REFLEXIVE_BASIS_REPAIR,60,0.009838998211091354,0.008238998211091354,0.939762705225925,36.16588039855344
ETHUSDT,1.0,-2.45503775055467,-2.88344301402514,1.3597766323396383,0.7693213358759164,-0.3931958911229985,-0.0010064324158755023,2024-12-17 23:50:00+00:00,3881.1,3882.59431818,-0.0002009739506840802,-0.003107366468269257,9.625806362309504,1.0,REFLEXIVE_BASIS_REPAIR,60,-0.0002009739506840802,-0.0018009739506840803,0.7693213358759164,7.405338209534843
SOLUSDT,1.0,-2.0910775236625114,-1.84951704277779,1.571377297192801,0.5760217926623473,-0.08710183810061242,-9.266981744038283e-05,2024-12-18 07:15:00+00:00,215.8,215.90922726,-0.003985171455050951,0.004541241890639425,6.077275797112174,1.0,REFLEXIVE_BASIS_REPAIR,60,-0.003985171455050951,-0.005585171455050951,0.5760217926623473,3.5006432991560503
BTCUSDT,1.0,2.1767677102779506,1.6679817201482332,1.8489728645570873,0.8331941729116521,-0.42619990628687443,-0.0023526866858799567,2024-12-18 14:50:00+00:00,104230.5,104268.06042553,-0.002121260091815902,-0.0025980878917399863,6.713266854688903,1.0,REFLEXIVE_BASIS_REPAIR,60,-0.002121260091815902,-0.0037212600918159018,0.8331941729116521,5.593454824527728
BTCUSDT,-1.0,-2.1888735924718383,-3.2322946267537205,4.390989058257535,0.9038838143870653,-0.26250609242455447,-0.0014209608916602168,2024-12-18 20:15:00+00:00,101977.2,102005.84021277,-0.006156278069999965,0.011477075267804948,31.066617974080078,1.0,REFLEXIVE_BASIS_REPAIR,60,-0.006156278069999965,-0.007756278069999965,0.9038838143870653,28.080613154517266
ETHUSDT,-1.0,-2.371098111039453,-2.174475894254843,2.207254585073859,0.07744232263252138,1.217847502423979,0.0037779488990017374,2024-12-19 02:10:00+00:00,3583.6,3586.12704545,0.021188190646277638,-0.024475387878111432,11.380374391692111,1.0,INDEX_CONFIRMED_DISCOVERY,120,-0.024475387878111432,-0.026075387878111433,1.217847502423979,13.859560529572047
BTCUSDT,-1.0,-2.381629136440067,-2.683022256630607,2.064772115673414,0.951414658174021,-1.0915090116900004,-0.005333074760011547,2024-12-19 18:40:00+00:00,98496.0,98529.8806383,-0.012452282326185782,0.02102928037686813,13.19381944628581,0.75,REFLEXIVE_BASIS_REPAIR,60,-0.012452282326185782,-0.014052282326185783,0.951414658174021,12.552793218497765
SOLUSDT,1.0,3.1985099916860467,4.4679508586325865,2.9862955466915184,0.883701649240572,-0.20715031629488098,-0.0047460102221758005,2024-12-19 20:05:00+00:00,190.83,190.88981738,-0.015615993292459107,0.023057171304302182,42.67650898896695,0.75,REFLEXIVE_BASIS_REPAIR,60,-0.015615993292459107,-0.017215993292459108,0.883701649240572,37.71330137738019
ETHUSDT,1.0,2.0127718344019465,2.2270573512982614,1.9247450479709316,-0.6161513562783476,1.2758848815749875,0.005185393052793419,2024-12-20 09:20:00+00:00,3295.44,3294.32090909,0.023887553710581932,-0.03315490495958062,8.627781909973438,1.0,INDEX_CONFIRMED_DISCOVERY,120,-0.03315490495958062,-0.03475490495958062,1.2758848815749875,11.00805650046128
ETHUSDT,1.0,2.408946587075398,2.294677920146395,2.0214580864691665,0.6457396898059807,-0.14260193415959233,-0.001084868635171432,2024-12-20 11:55:00+00:00,3130.62,3131.02954545,-0.03174131641655653,0.05383598137110224,11.174128166253247,0.75,REFLEXIVE_BASIS_REPAIR,60,-0.03174131641655653,-0.03334131641655653,0.6457396898059807,7.215578055928644
SOLUSDT,-1.0,-2.739202400786821,-1.6077644928679,1.8221721294432984,0.5724611465589498,-0.2888559870561957,-0.002577580107146371,2024-12-21 06:30:00+00:00,198.37,198.52389776,0.0076624489590158,0.008065735746332625,8.024832134420206,1.0,REFLEXIVE_BASIS_REPAIR,60,0.0076624489590158,0.0060624489590158,0.5724611465589498,4.593904604613296
BTCUSDT,1.0,-2.2326411768775674,-1.9863721089183035,1.0431948293521303,0.5761320359744247,-0.09657730582433958,-0.0003238029768914963,2024-12-23 03:20:00+00:00,95397.5,95444.49702128,-0.010736130401740152,-0.000930842003197152,4.62641901813296,1.0,REFLEXIVE_BASIS_REPAIR,60,-0.010736130401740152,-0.012336130401740152,0.5761320359744247,2.6654282081877416
BTCUSDT,1.0,2.01712097627846,2.698421621657567,1.3655746122283643,0.7146938363725572,-0.6460146418531001,-0.0029037311246864483,2024-12-23 17:00:00+00:00,93950.0,93990.83531915,0.00648004257583823,-0.013227248536455516,7.43288113727274,1.0,REFLEXIVE_BASIS_REPAIR,60,0.00648004257583823,0.00488004257583823,0.7146938363725572,5.312234335298671
SOLUSDT,-1.0,-6.140358364539636,-4.697907329842963,1.3213058597875789,0.8945261298942686,-0.06424406219975091,-0.002634629571082403,2024-12-23 21:55:00+00:00,190.28,190.34427872,0.006569266344334634,0.0016291780533950195,38.11549155185808,1.0,REFLEXIVE_BASIS_REPAIR,60,0.006569266344334634,0.0049692663443346346,0.8945261298942686,34.095303146901294
ETHUSDT,1.0,2.152377028054066,2.247184023189593,3.494934570548621,0.5387196513418886,-0.05109548549540916,-0.0009372453137733716,2024-12-27 09:15:00+00:00,3432.38,3433.0425,0.005821033801618691,-0.0063891527161912265,16.904255037947802,1.0,REFLEXIVE_BASIS_REPAIR,60,0.005821033801618691,0.0042210338016186915,0.5387196513418886,9.106654380237604
BTCUSDT,-1.0,-4.385800398777616,-2.815177387281261,1.567730688889233,0.7555028866983658,-0.29341272876737023,-0.0011316871328561628,2024-12-29 16:45:00+00:00,93683.0,93732.12319149,0.0030453764290212515,-0.0002519133674199203,19.356466844912735,0.25,REFLEXIVE_BASIS_REPAIR,60,0.0030453764290212515,0.0014453764290212514,0.7555028866983658,14.62386657761278
XRPUSDT,-1.0,3.2448839792327355,3.519973951380169,1.7379656583099021,0.8619954582016034,-0.5644940083856093,-0.002669039145907437,2024-12-30 14:05:00+00:00,2.0286,2.02927026,-0.0038943113477274416,0.003056294981760743,19.85088226118346,1.0,REFLEXIVE_BASIS_REPAIR,60,-0.0038943113477274416,-0.0054943113477274414,0.8619954582016034,17.111370350434917
XRPUSDT,-1.0,4.7209553267051785,3.5988812241312753,1.8702993915677633,0.5949820705837261,-1.2538117349362792,-0.006124278032264563,2024-12-30 15:05:00+00:00,2.0207,2.02075342,0.0008412926213687832,0.0007918048201119854,31.776681207288213,0.75,REFLEXIVE_BASIS_REPAIR,60,0.0008412926213687832,-0.0007587073786312168,0.5949820705837261,18.90655558099132
XRPUSDT,1.0,-2.357147337253179,-2.66238836422218,2.6871876201214815,-0.4628908344635654,1.2528809381139423,0.0068945705257110745,2024-12-30 18:20:00+00:00,2.103,2.10535316,0.002330004755111803,0.011364717070851071,16.863826532624966,1.0,INDEX_CONFIRMED_DISCOVERY,120,0.011364717070851071,0.00976471707085107,1.2528809381139423,21.12836680638596
ETHUSDT,1.0,3.7140031302183494,2.336536596733989,1.1126791967223764,0.5217361741968429,0.052439865273139194,-0.00012582628364754544,2024-12-30 20:25:00+00:00,3416.98,3417.31068182,0.009695696199568116,-0.02103611961439633,9.655723512476342,0.75,REFLEXIVE_BASIS_REPAIR,60,0.009695696199568116,0.008095696199568115,0.5217361741968429,5.037740244501909
XRPUSDT,-1.0,-2.544300057227809,-3.7932448708993323,1.675744128968675,-0.04498050098823847,0.6451820177297237,0.005224710947704603,2024-12-30 21:45:00+00:00,2.0563,2.05829237,0.005981617468268308,-0.00019452414530962692,16.172863215665505,1.0,INDEX_CONFIRMED_DISCOVERY,120,-0.00019452414530962692,-0.001794524145309627,0.6451820177297237,10.434440521949899
SOLUSDT,-1.0,-4.604002017591174,-4.059162159207939,1.1867045700573533,0.7698043159580312,0.16640817804147123,-0.00031532478452800383,2024-12-31 23:10:00+00:00,190.34,190.399239,-0.002206577703057766,-0.006882420930965694,22.177598734634767,0.25,REFLEXIVE_BASIS_REPAIR,60,-0.002206577703057766,-0.003806577703057766,0.7698043159580312,17.072411223507217
SOLUSDT,-1.0,-2.182063239626376,-2.1391668660244574,1.472150627980131,0.4269539499168875,-1.0692819805141074,-0.003487450462351438,2025-01-01 14:40:00+00:00,189.91,190.04727836,0.00447580432836614,-0.0060554999736717185,6.871700846869567,0.25,REFLEXIVE_BASIS_REPAIR,60,0.00447580432836614,0.00287580432836614,0.4269539499168875,2.9338998192181824
XRPUSDT,1.0,2.608421062707957,1.8724003372537357,3.6322279871485197,-0.10329598696120712,0.43888202190366166,0.0032527671109103817,2025-01-01 15:55:00+00:00,2.2207,2.2203,-0.01904804791282033,0.017066690683118058,17.739832281497442,1.0,INDEX_CONFIRMED_DISCOVERY,120,0.017066690683118058,0.015466690683118057,0.43888202190366166,7.785693459935445
XRPUSDT,-1.0,2.7012847756284133,2.325802004886482,2.2006952954951213,0.17118065559629936,0.3785239957874305,0.0018580935096362827,2025-01-01 19:25:00+00:00,2.3099,2.30976789,-0.00030304342179299226,-0.003766396813714934,13.826206103945552,1.0,INDEX_CONFIRMED_DISCOVERY,120,-0.003766396813714934,-0.005366396813714934,0.3785239957874305,5.233550781046032
XRPUSDT,1.0,2.4976599295814124,2.7782813291660364,2.1811443464253046,0.8304598261558614,-0.569204009455515,-0.004056878252673868,2025-01-02 00:45:00+00:00,2.4304,2.43166974,0.012302501645819586,-0.012672811059907918,15.135401099682348,1.0,REFLEXIVE_BASIS_REPAIR,60,0.012302501645819586,0.010702501645819585,0.8304598261558614,12.569342566041437
ETHUSDT,1.0,-3.3228039785135737,-4.515409907374927,3.8202778847583345,0.6963406968166979,-1.1191312897151129,-0.0051700453492582454,2025-01-02 14:40:00+00:00,3461.67,3463.43863636,-0.00043909442552303446,0.006418867194157629,57.31876939195987,0.5,REFLEXIVE_BASIS_REPAIR,60,-0.00043909442552303446,-0.0020390944255230343,0.6963406968166979,39.91339181907295
XRPUSDT,1.0,2.7381822285430633,1.723974237621139,1.0212009305241803,0.8417735624041991,0.06104701796194022,-0.0005035669324380265,2025-01-02 20:55:00+00:00,2.3818,2.38293579,-0.001385506759593591,0.01183978503652705,4.8206357916537375,0.25,REFLEXIVE_BASIS_REPAIR,60,-0.001385506759593591,-0.002985506759593591,0.8417735624041991,4.057883763393553
ETHUSDT,1.0,2.8655640500258603,4.4007226812561635,2.972711706130011,0.7466524922334257,-0.5146397576373087,-0.0019396801934584706,2025-01-03 14:45:00+00:00,3524.66,3525.28863636,-0.008040491848859244,0.017967690500644062,37.48753766042228,1.0,REFLEXIVE_BASIS_REPAIR,60,-0.008040491848859244,-0.009640491848859244,0.7466524922334257,27.990163421848695
XRPUSDT,1.0,4.863923755961182,3.625605567000927,3.2648221223440044,0.7309662482542434,-0.09378420299765447,-0.0020766773162939067,2025-01-04 02:10:00+00:00,2.4988,2.49870763,0.0113654554186009,-0.017208259964783146,57.57405762512485,0.25,REFLEXIVE_BASIS_REPAIR,60,0.0113654554186009,0.0097654554186009,0.7309662482542434,42.084692899011124
SOLUSDT,-1.0,-3.1945720903762846,-2.2613485238651365,2.2431058102643524,0.9296024174959048,-0.20951413610328656,-0.002086134161605857,2025-01-04 03:15:00+00:00,216.16,216.26084416,-0.0011102886750555818,-0.0024518874907475396,16.204288073653277,0.75,REFLEXIVE_BASIS_REPAIR,60,-0.0011102886750555818,-0.0027102886750555817,0.9296024174959048,15.063545367068144
BTCUSDT,-1.0,-2.345491912317813,-1.6553983095009865,2.0948055803168435,0.9315318285248317,0.050969595390254245,-0.00015116509475388007,2025-01-05 08:10:00+00:00,97921.0,97956.36553191,-0.0011080360698930702,0.0026511167165368388,8.133550533282376,1.0,REFLEXIVE_BASIS_REPAIR,60,-0.0011080360698930702,-0.00270803606989307,0.9315318285248317,7.576661200667652
BTCUSDT,1.0,3.198171535296078,3.1975786978053287,2.0610895290868165,0.7086714651233462,-0.04907386657455673,-0.0005961864312422627,2025-01-06 02:00:00+00:00,98735.7,98755.2606383,-0.0005165304950489613,0.0027274835748367643,21.077536622661373,1.0,REFLEXIVE_BASIS_REPAIR,60,-0.0005165304950489613,-0.002116530495048961,0.7086714651233462,14.937048759572422
SOLUSDT,1.0,2.5623605028461705,3.078563272980472,1.448566989709858,0.5182314180099563,-0.11829298605459444,-0.0012434374136500725,2025-01-06 12:30:00+00:00,216.87,217.02422485,-0.0028588555355744116,0.0027666343892653877,11.426859814968878,1.0,REFLEXIVE_BASIS_REPAIR,60,-0.0028588555355744116,-0.0044588555355744115,0.5182314180099563,5.921757765312309
BTCUSDT,-1.0,-2.5146793511278083,-1.9034109713982794,2.359432199944621,0.5302583143698544,0.00975469227421376,-0.0001337330465502884,2025-01-06 14:25:00+00:00,98717.3,98765.7806383,0.026127132731547542,-0.03718294564377267,11.293347351958706,1.0,REFLEXIVE_BASIS_REPAIR,60,0.026127132731547542,0.02452713273154754,0.5302583143698544,5.988391330442882
BTCUSDT,1.0,2.665927133283592,2.5803056092460213,2.127758942519759,0.8017848192295436,-0.5800673395606564,-0.0020102033939032316,2025-01-06 16:15:00+00:00,102171.9,102197.64489362,0.002993973881272538,-0.002581923209806103,14.636655321970242,1.0,REFLEXIVE_BASIS_REPAIR,60,0.002993973881272538,0.001393973881272538,0.8017848192295436,11.735448041451047
XRPUSDT,-1.0,-2.431594277459615,-3.1994017905730847,3.3545214838791573,-0.027081152561815536,0.43962965690635625,0.004845446950710097,2025-01-07 15:05:00+00:00,2.3824,2.38403868,-0.02992780389523164,0.025604432505036967,26.096993284474216,1.0,INDEX_CONFIRMED_DISCOVERY,120,0.025604432505036967,0.024004432505036966,0.43962965690635625,11.473012203940883
BTCUSDT,1.0,2.708773593278495,2.933795019287224,3.0703265655828225,0.9923385743088622,-0.7974837225942268,-0.0019242360300362193,2025-01-07 17:45:00+00:00,97201.9,97234.43468085,0.003528737606980914,-0.005347632093611221,24.39984369462555,0.25,REFLEXIVE_BASIS_REPAIR,60,0.003528737606980914,0.001928737606980914,0.9923385743088622,24.212906105283796
XRPUSDT,1.0,-4.482048546093655,-2.339612689792939,1.3873609040480577,0.4610600461382266,-1.5890065124790407,-0.006379654543876345,2025-01-07 21:25:00+00:00,2.2895,2.29113053,0.0032758244158112015,-0.0002183882943872506,14.54822389991754,0.25,REFLEXIVE_BASIS_REPAIR,60,0.0032758244158112015,0.0016758244158112015,0.4610600461382266,6.707604782525232
XRPUSDT,1.0,-3.3596894860785005,-2.2821607585004036,1.9138051511848158,0.17273705179377774,0.7493339281811802,0.005517660859364781,2025-01-08 00:20:00+00:00,2.3144,2.31631211,-0.001555478741790628,0.008468717594192876,14.673816807887736,1.0,INDEX_CONFIRMED_DISCOVERY,120,0.008468717594192876,0.006868717594192876,0.7493339281811802,10.995588790065543
XRPUSDT,-1.0,2.187463698170179,1.6838280821591896,1.259701234537659,0.5148395890660248,-0.48810516828069617,-0.004074479737130154,2025-01-08 06:45:00+00:00,2.2918,2.29156947,-0.007723187014573751,-0.015926346103499522,4.639873685987515,1.0,REFLEXIVE_BASIS_REPAIR,60,-0.007723187014573751,-0.009323187014573752,0.5148395890660248,2.3887906618120742
ETHUSDT,-1.0,-2.8586193066849526,-2.136788186096976,2.2574659974950024,0.9757828695172396,0.03916193936982551,-0.00021347797719095674,2025-01-08 11:40:00+00:00,3326.58,3327.44818182,0.006965111315525352,-0.008389998136223875,13.789198200361671,1.0,REFLEXIVE_BASIS_REPAIR,60,0.006965111315525352,0.005365111315525352,0.9757828695172396,13.455263388290867
XRPUSDT,1.0,-2.6343494466902024,-2.13537455134329,1.5928546417527834,0.6724426697757883,-0.5542474679901915,-0.004968731260173054,2025-01-08 13:10:00+00:00,2.323,2.32383658,-0.0007748600947052875,0.004089539388721475,8.960321482059847,1.0,REFLEXIVE_BASIS_REPAIR,60,-0.0007748600947052875,-0.0023748600947052874,0.6724426697757883,6.025302499445671
ETHUSDT,1.0,3.5711180657618846,4.137490908484481,2.0313918077650936,0.4514141623264526,-1.221078421828608,-0.007141123039299813,2025-01-08 14:40:00+00:00,3353.5,3355.5125,0.003694647383330807,-0.0047144774116594235,30.014765728168648,0.0,REFLEXIVE_BASIS_REPAIR,60,0.003694647383330807,0.002094647383330807,0.4514141623264526,13.549090328605969
SOLUSDT,1.0,2.6822247313724663,2.5317982733072486,2.3665025605197516,0.8579471723382351,0.02192296132853097,-0.00026047093144410116,2025-01-08 17:50:00+00:00,191.91,192.01778238,-0.010213120733677306,0.014173310405919404,16.07056851242886,1.0,REFLEXIVE_BASIS_REPAIR,60,-0.010213120733677306,-0.011813120733677306,0.8579471723382351,13.787698813106218
BTCUSDT,-1.0,2.7179611246233835,1.766500307652521,2.1782108678353183,0.829868663517505,-1.3587389436948138,-0.004177401526206603,2025-01-08 19:00:00+00:00,94206.2,94245.09468085,0.00011676513860026105,0.0027354887470251166,10.458198451998017,0.25,REFLEXIVE_BASIS_REPAIR,60,0.00011676513860026105,-0.001483234861399739,0.829868663517505,8.678931172160434
ETHUSDT,-1.0,-7.648663671741846,-5.219804645262322,2.4350002720535393,0.8622368196170617,-0.2423050232029255,-0.003714636330469867,2025-01-09 02:15:00+00:00,3328.93,3329.26818182,-0.001321746026500925,0.0047222380764989635,97.2162418104804,1.0,REFLEXIVE_BASIS_REPAIR,60,-0.001321746026500925,-0.002921746026500925,0.8622368196170617,83.82342315379184
SOLUSDT,-1.0,-2.106128720975906,-1.6249725494410328,1.1163704155536942,0.7229226528516446,-0.5194664725434557,-0.003119712351945969,2025-01-09 08:20:00+00:00,189.71,189.78483246,0.01254546412946067,-0.006378156133045154,3.8206676253012044,0.5,REFLEXIVE_BASIS_REPAIR,60,0.01254546412946067,0.01094546412946067,0.7229226528516446,2.76204717534714
XRPUSDT,1.0,-2.352628292624826,-1.7208883888267568,1.1506710024376816,0.17225687460579153,0.6606622407831683,0.004392386530014614,2025-01-13 00:30:00+00:00,2.5382,2.54015263,-0.004373177842565745,-0.008706957686549499,4.658618946460865,1.0,INDEX_CONFIRMED_DISCOVERY,120,-0.008706957686549499,-0.0103069576865495,0.6606622407831683,3.0777736321237574
XRPUSDT,1.0,-2.051931410433218,-2.2956457570346904,2.162372681650339,0.5341584154981314,-0.23779853920036453,-0.0014603149544145655,2025-01-13 03:40:00+00:00,2.53,2.53132921,0.0014624505928853004,-0.01237154150197628,10.18587302898033,0.75,REFLEXIVE_BASIS_REPAIR,60,0.0014624505928853004,-0.00013754940711469964,0.5341584154981314,5.440869797625285
BTCUSDT,-1.0,2.5987398729611315,2.018620699228114,2.1043509138191316,0.909349199651884,-1.501229321609709,-0.00439282545736952,2025-01-13 12:45:00+00:00,90794.5,90830.20136364,0.004275589380414058,-0.004482650380805087,11.039151537593584,0.0,REFLEXIVE_BASIS_REPAIR,60,0.004275589380414058,0.002675589380414058,0.909349199651884,10.03844361554659
SOLUSDT,-1.0,8.706284177340848,7.459604424480814,3.558723194561678,0.9991367732656274,-0.4504922641655932,-0.006801534705266787,2025-01-13 14:40:00+00:00,173.19,173.27824221,0.03493273283676901,-0.026271724695421383,231.12282936764078,0.75,REFLEXIVE_BASIS_REPAIR,60,0.03493273283676901,0.03333273283676901,0.9991367732656274,230.9233179624068
BTCUSDT,1.0,2.1619685090823704,2.2515746030177892,1.265807262521128,0.7010289049246177,-0.31665534209977586,-0.0016265721353169171,2025-01-13 17:15:00+00:00,91700.2,91730.55090909,-0.003287888139829498,0.0025179879651300308,6.161738854734121,1.0,REFLEXIVE_BASIS_REPAIR,60,-0.003287888139829498,-0.004887888139829498,0.7010289049246177,4.319557041765729
BTCUSDT,1.0,-5.246480718981799,-4.222113555395966,3.63163919405924,0.6382922720929769,-0.09690929969997036,-0.0007574150014872938,2025-01-15 13:40:00+00:00,98418.3,98489.01840909,-0.005009231006835035,0.009299083605386338,80.44530179979213,1.0,REFLEXIVE_BASIS_REPAIR,60,-0.005009231006835035,-0.006609231006835035,0.6382922720929769,51.347614464994564
SOLUSDT,-1.0,-3.84181531987526,-3.6115324239405213,1.3308553884679586,0.8754264262497667,0.057773262701672844,-0.0004426084390676266,2025-01-15 20:45:00+00:00,203.43,203.51860124,-0.002212063117534413,-0.0016221796195250437,18.46540636935215,0.75,REFLEXIVE_BASIS_REPAIR,60,-0.002212063117534413,-0.003812063117534413,0.8754264262497667,16.165104707171633
XRPUSDT,1.0,-2.090698218216032,-2.9762771069386846,2.940204127639207,0.676077443755914,-0.4894146387194923,-0.007086614173228312,2025-01-15 23:20:00+00:00,3.1525,3.15403429,0.02997620935765266,-0.03581284694686748,18.29541208219046,1.0,REFLEXIVE_BASIS_REPAIR,60,0.02997620935765266,0.02837620935765266,0.676077443755914,12.36911543298839
XRPUSDT,1.0,-4.579636533303947,-4.958841663082012,1.9175805827878363,0.8549045837179906,-0.4712630808914014,-0.003931552318649056,2025-01-16 06:45:00+00:00,3.0909,3.09241143,-0.006535313339156801,-0.0002911773269921314,43.54766527001073,0.75,REFLEXIVE_BASIS_REPAIR,60,-0.006535313339156801,-0.008135313339156802,0.8549045837179906,37.229098649548924
XRPUSDT,-1.0,-2.6915743361658606,-2.6209981007438303,2.4345444776066207,-0.2060250632858316,1.2374595854769546,0.01690887487432602,2025-01-16 14:45:00+00:00,3.2268,3.22510857,0.014503532911863237,-0.04425436965414664,17.17476479486358,1.0,INDEX_CONFIRMED_DISCOVERY,120,-0.04425436965414664,-0.04585436965414664,1.2374595854769546,21.25307732371608
XRPUSDT,1.0,2.7882884522015763,2.1708134785107336,1.2626631439535614,0.5633131579091928,-0.5368237353244926,-0.004014167650531197,2025-01-16 19:40:00+00:00,3.3744,3.37437143,0.02133712660028453,-0.026878852536747266,7.6427158560009705,1.0,REFLEXIVE_BASIS_REPAIR,60,0.02133712660028453,0.019737126600284528,0.5633131579091928,4.305242403846566
BTCUSDT,1.0,3.423995357314047,1.9076959195530216,2.8640706591623255,-0.10406674511244995,0.698051373468761,0.004539464774168556,2025-01-17 01:45:00+00:00,101616.5,101609.51977273,0.0008266374063267135,-0.0061466395713295485,18.707943348544127,1.0,INDEX_CONFIRMED_DISCOVERY,120,-0.0061466395713295485,-0.007746639571329548,0.698051373468761,13.059105549227
BTCUSDT,-1.0,2.1562741496533846,2.311680919638129,2.3206511817741786,0.9153320868056876,-0.1954387746152865,-0.00020986823547985978,2025-01-17 15:30:00+00:00,103896.5,103944.74681818,0.006165751493072413,-0.010212086066421877,11.567559209758013,1.0,REFLEXIVE_BASIS_REPAIR,60,0.006165751493072413,0.0045657514930724135,0.9153320868056876,10.588158110716153
SOLUSDT,1.0,3.793574692124568,3.281098138468297,3.0439813625818535,0.5952645546075118,0.04342679732996201,-0.000667052074531993,2025-01-18 03:15:00+00:00,224.72,224.89579499,-0.009611961552153714,0.006674973300106801,37.88871259763471,0.5,REFLEXIVE_BASIS_REPAIR,60,-0.009611961552153714,-0.011211961552153715,0.5952645546075118,22.553807629083046
SOLUSDT,1.0,-6.813866685938636,-3.1265305364953284,2.428972227455627,0.6525606400566717,-0.7208932793404813,-0.005124210871525814,2025-01-18 10:40:00+00:00,242.69,242.92701135,0.011660966665293149,-0.002019036631093152,51.746246882476726,0.25,REFLEXIVE_BASIS_REPAIR,60,0.011660966665293149,0.010060966665293148,0.6525606400566717,33.767563986159566
ETHUSDT,1.0,3.409483716252556,2.848486121545779,2.520291890876711,0.6983156097057264,-0.0441548985763747,-0.0007990857253135086,2025-01-18 11:50:00+00:00,3313.64,3314.39902439,0.006808222981373957,-0.0005733875737859995,24.47673976478893,0.5,REFLEXIVE_BASIS_REPAIR,60,0.006808222981373957,0.005208222981373957,0.6983156097057264,17.09248945245698
SOLUSDT,1.0,3.307392578262223,1.9160979312750455,1.1535285370073438,0.737493021798804,-0.2129074343731091,-0.0015631427396133324,2025-01-18 15:00:00+00:00,242.72,242.78547973,-0.06159360580092299,-0.00045319709953850484,7.310242644197413,0.5,REFLEXIVE_BASIS_REPAIR,60,-0.06159360580092299,-0.063193605800923,0.737493021798804,5.39125293775163
ETHUSDT,-1.0,-3.63838690923327,-4.197502235274348,1.2830625436434089,0.8186692794313131,-1.0795738789541935,-0.005472713297463461,2025-01-18 17:05:00+00:00,3270.3,3271.24536585,6.727211570800584e-05,0.0021985750542763416,19.5951071825585,0.0,REFLEXIVE_BASIS_REPAIR,60,6.727211570800584e-05,-0.0015327278842919942,0.8186692794313131,16.041912277524514
SOLUSDT,1.0,2.9544636509941262,2.020762809168912,1.186334470606721,0.6808460901469258,0.12780806019930352,-0.00011637830708344232,2025-01-18 19:35:00+00:00,257.75,257.92666148,0.014005819592628588,-0.025877788554801162,7.082737416545292,1.0,REFLEXIVE_BASIS_REPAIR,60,0.014005819592628588,0.012405819592628587,0.6808460901469258,4.8222540775922
SOLUSDT,1.0,11.042516035157623,8.479256943470109,2.973369453876502,0.8631013068613604,-0.29138599643257956,-0.010634674336752026,2025-01-19 04:20:00+00:00,261.42,261.63486909,-0.024099150791829338,0.023372351006043735,278.4035121903965,0.25,REFLEXIVE_BASIS_REPAIR,60,-0.024099150791829338,-0.02569915079182934,0.8631013068613604,240.2904352063239
SOLUSDT,-1.0,-2.1349358766503683,-1.9912415439986237,2.079423913213576,0.4386149956887473,-1.9805727556806314,-0.013073360227102926,2025-01-19 05:25:00+00:00,271.22,271.25703402,-0.004240100287589588,-0.01865644126539312,8.83999081902877,0.0,REFLEXIVE_BASIS_REPAIR,60,-0.004240100287589588,-0.0058401002875895875,0.4386149956887473,3.8773525349768696
ETHUSDT,-1.0,4.004846382066691,3.535572257693398,2.11138322696861,0.857737128375624,-0.38208297658829493,-0.0015628178808559934,2025-01-19 08:25:00+00:00,3249.21,3250.16292683,-0.029225565599022563,0.02009719285610967,29.89596984045239,1.0,REFLEXIVE_BASIS_REPAIR,60,-0.029225565599022563,-0.030825565599022563,0.857737128375624,25.642883320953896
ETHUSDT,1.0,8.839258672012592,7.20539929834724,2.493723008499608,0.6735742852112956,-0.5269488136004138,-0.008038871579537532,2025-01-19 15:10:00+00:00,3397.08,3396.52926829,-0.0016455308676863734,0.0052368504715814,158.82618655747657,0.75,REFLEXIVE_BASIS_REPAIR,60,-0.0016455308676863734,-0.003245530867686373,0.6735742852112956,106.98123508328817
BTCUSDT,1.0,5.525656379228851,1.8945087231602662,1.918285888081979,0.23044028403428685,0.42834896691711494,0.0013562621002392028,2025-01-19 20:05:00+00:00,106392.0,106353.53772727,0.005489134521392547,-0.031177156177156218,20.08139206991782,1.0,INDEX_CONFIRMED_DISCOVERY,120,-0.031177156177156218,-0.032777156177156215,0.42834896691711494,8.601843547406842
XRPUSDT,1.0,2.4965148950656753,3.951047749107345,1.2391703185471443,0.8790286687934181,-0.4933863366343311,-0.004918934662308749,2025-01-19 22:10:00+00:00,3.0749,3.07580286,0.025594328270838074,-0.03990373670688474,12.222989597354118,0.25,REFLEXIVE_BASIS_REPAIR,60,0.025594328270838074,0.023994328270838073,0.8790286687934181,10.744358274437989
BTCUSDT,-1.0,-5.025720705175222,-7.143585160997916,1.1139483629499398,0.7759464441255186,-0.7110431721431189,-0.0033455114305798173,2025-01-20 00:25:00+00:00,101338.9,101398.57886364,-0.011936186400286486,-0.002231127434775937,39.99259967601639,0.25,REFLEXIVE_BASIS_REPAIR,60,-0.011936186400286486,-0.013536186400286487,0.7759464441255186,31.032115509940287
BTCUSDT,1.0,2.1103442301475757,2.0400783422792452,1.574518725362017,-0.7760646462318412,1.5445739588706695,0.011907477575007652,2025-01-20 06:45:00+00:00,104687.9,104652.64704545,-0.03174674437064828,0.03389694511018004,6.778724388832184,1.0,INDEX_CONFIRMED_DISCOVERY,120,0.03389694511018004,0.032296945110180046,1.5445739588706695,10.470241165351686
XRPUSDT,1.0,6.128844957885323,3.184617964667926,1.5636954072135592,0.5149306636310063,-0.08900606173032605,-0.0020456049575836577,2025-01-20 10:55:00+00:00,3.3174,3.31564286,0.003617290649303717,-0.01754385964912286,30.520253486604926,0.25,REFLEXIVE_BASIS_REPAIR,60,0.003617290649303717,0.0020172906493037173,0.5149306636310063,15.715814382044007
BTCUSDT,-1.0,2.9390875035019404,1.738063429880331,2.4122212684871567,-0.10830020072214386,0.7095722621230891,0.0032526877447812685,2025-01-20 15:25:00+00:00,106609.8,106562.38090909,-0.017455243326598535,0.012878740978784275,12.32239937336717,1.0,INDEX_CONFIRMED_DISCOVERY,120,0.012878740978784275,0.011278740978784275,0.7095722621230891,8.74363279814428
BTCUSDT,1.0,3.3220578698162386,4.155615009932131,2.44480557185755,0.7088650487426347,-0.7952871016035398,-0.010158993812050543,2025-01-20 17:30:00+00:00,104167.7,104175.44477273,0.004201878317367069,-0.009049830225684175,33.75101410591923,0.75,REFLEXIVE_BASIS_REPAIR,60,0.004201878317367069,0.0026018783173670694,0.7088650487426347,23.924914259305787
BTCUSDT,-1.0,2.9614670637368103,2.397465793006798,2.3439111433534707,0.6230537916726664,-0.37375685244368223,-0.004202922932807995,2025-01-21 01:35:00+00:00,100876.1,100877.58909091,0.014349285906176013,-0.020249593312984926,16.641806579194366,1.0,REFLEXIVE_BASIS_REPAIR,60,0.014349285906176013,0.012749285906176012,0.6230537916726664,10.368740689450176
ETHUSDT,-1.0,-2.9254659261481817,-2.611855156200606,1.0672127446741124,0.9140510541178597,-0.671043060747183,-0.005426014658698852,2025-01-21 23:10:00+00:00,3327.94,3328.69731707,9.014585599320668e-06,-0.003521698107537885,8.154458671501034,0.75,REFLEXIVE_BASIS_REPAIR,60,9.014585599320668e-06,-0.0015909854144006794,0.9140510541178597,7.453591544446042
BTCUSDT,1.0,2.0659026086741377,2.549992640157371,2.402959850036325,0.45901140595879186,-0.41675648966443657,-0.004294108287600795,2025-01-24 14:50:00+00:00,105759.2,105817.86866667,-0.00017681676865932694,0.0018201726185522737,12.658880071632517,1.0,REFLEXIVE_BASIS_REPAIR,60,-0.00017681676865932694,-0.001776816768659327,0.45901140595879186,5.810570339543774
ETHUSDT,-1.0,-5.031771594468453,-3.5444858463857383,2.766632426124503,0.9114859021145881,-0.2228471808250412,-0.0034180359565585405,2025-01-27 07:25:00+00:00,3061.89,3062.51547619,0.000878542338228927,-0.0024919249221886375,49.3430088352399,1.0,REFLEXIVE_BASIS_REPAIR,60,0.000878542338228927,-0.0007214576617710731,0.9114859021145881,44.975456921236734
ETHUSDT,-1.0,-3.3450597809261575,-1.8677499718689656,1.6069920976175973,0.8011234352744976,-0.746633646744665,-0.003861351151659198,2025-01-27 15:25:00+00:00,3124.92,3126.35404762,-0.002092853577051579,0.014665975448971524,10.040061273948233,1.0,REFLEXIVE_BASIS_REPAIR,60,-0.002092853577051579,-0.0036928535770515787,0.8011234352744976,8.043328378151857
ETHUSDT,1.0,7.570831094125235,5.256038397279689,2.1823689191828937,0.22064203052642717,2.48182381932835,0.014524578849954617,2025-01-27 21:20:00+00:00,3234.0,3231.40642857,0.02201298701298704,-0.02134817563388991,86.84208747105409,1.0,INDEX_CONFIRMED_DISCOVERY,120,-0.02134817563388991,-0.02294817563388991,2.48182381932835,215.5267612058581
XRPUSDT,-1.0,-3.0062453333303933,-2.949557413780553,2.780111895894205,0.6184161051544323,-0.0722265985036232,-0.0020009337690922724,2025-01-29 19:10:00+00:00,3.0046,3.00663026,0.018638088264660846,-0.02502828995540174,24.651511316702422,1.0,REFLEXIVE_BASIS_REPAIR,60,0.018638088264660846,0.017038088264660845,0.6184161051544323,15.244891614645525
XRPUSDT,1.0,2.6528462111326787,1.8493394728705053,2.1103655263298253,0.7786340734398343,-0.4137151967901061,-0.004332616579479476,2025-01-30 01:25:00+00:00,3.1024,3.10320026,0.0011926250644661573,6.446621970090938e-05,10.353481157916619,1.0,REFLEXIVE_BASIS_REPAIR,60,0.0011926250644661573,-0.00040737493553384273,0.7786340734398343,8.06157320827119
BTCUSDT,-1.0,-3.3679426785390216,-1.7947093006873063,1.1328300423904532,0.7546697681552511,-0.2618294029807467,-0.0009939314854983117,2025-01-30 21:05:00+00:00,104940.4,104996.96044444,-0.0001658084017213124,-0.0011349299221272702,6.847366324879782,0.5,REFLEXIVE_BASIS_REPAIR,60,-0.0001658084017213124,-0.0017658084017213125,0.7546697681552511,5.167500356871098
ETHUSDT,-1.0,-6.067385742774185,-4.467500402734026,1.4111567646348357,0.8500404999563731,-0.07446588361354921,-0.0011924977581041496,2025-02-01 22:00:00+00:00,3148.41,3150.23214286,-0.0036716946014019314,0.010224208409959301,38.25088334963981,0.5,REFLEXIVE_BASIS_REPAIR,60,-0.0036716946014019314,-0.005271694601401931,0.8500404999563731,32.51480000630073
SOLUSDT,-1.0,2.3104452799398603,1.7626232493563976,2.0515344739253107,-1.4567979673052007,0.5270928018315827,0.00230914231856727,2025-02-02 03:20:00+00:00,211.71,211.56552283,-0.012658825752208225,0.0062349440272071455,8.354760421914893,1.0,INDEX_CONFIRMED_DISCOVERY,120,0.0062349440272071455,0.004634944027207146,0.5270928018315827,4.4037340794187365
XRPUSDT,1.0,-2.0473023832699453,-2.2514900236399606,2.972326800864027,0.8981849785048116,-0.33663979691857876,-0.0059830823189601645,2025-02-02 05:30:00+00:00,2.8908,2.89183053,-0.009374567593745553,-0.004324062543240692,13.700883591301201,0.5,REFLEXIVE_BASIS_REPAIR,60,-0.009374567593745553,-0.010974567593745554,0.8981849785048116,12.305927833949795
ETHUSDT,-1.0,-4.292035931062924,-2.458707018699824,2.1291957120777827,0.7409592555078656,-0.49657293852830653,-0.004343123443519392,2025-02-02 17:30:00+00:00,3008.55,3010.42619048,-0.009635871100696414,0.028768011168170737,22.46910185236803,1.0,REFLEXIVE_BASIS_REPAIR,60,-0.009635871100696414,-0.011235871100696414,0.7409592555078656,16.64868898046102
SOLUSDT,1.0,3.048881145125004,3.4423699158237624,2.0122936602385497,0.8371960441018825,-1.1611035728560977,-0.00909363445588085,2025-02-02 18:55:00+00:00,198.32,198.39886732,-0.02627067365873348,0.02248890681726512,21.119780057406505,0.0,REFLEXIVE_BASIS_REPAIR,60,-0.02627067365873348,-0.02787067365873348,0.8371960441018825,17.681396316362555
ETHUSDT,-1.0,-2.5363306166626627,-2.350909301409441,1.909515868413645,0.9634395803671332,-1.4637203578233469,-0.007200247109072189,2025-02-02 23:15:00+00:00,2836.85,2837.95880952,0.004966776530306527,0.008470662883127367,11.38583826159401,0.25,REFLEXIVE_BASIS_REPAIR,60,0.004966776530306527,0.003366776530306527,0.9634395803671332,10.969567236878182
ETHUSDT,-1.0,2.043753394700986,3.7062808813272095,1.715894774057362,-0.004897854901602106,0.37466038992789524,0.005058926202115899,2025-02-03 00:25:00+00:00,2804.52,2806.85190476,-0.004029209989588334,0.11592714617831212,12.997429554617074,1.0,INDEX_CONFIRMED_DISCOVERY,120,0.11592714617831212,0.11432714617831212,0.37466038992789524,4.869622024993183
SOLUSDT,-1.0,-4.883481759970421,-2.2221784297901643,1.3531304865196712,0.9042342779108293,-0.48154462259570047,-0.007511938616730163,2025-02-03 03:00:00+00:00,187.77,187.88899091,0.05304361719124451,-0.010651328753261913,14.684128508529438,0.5,REFLEXIVE_BASIS_REPAIR,60,0.05304361719124451,0.05144361719124451,0.9042342779108293,13.27789233865994
ETHUSDT,-1.0,-3.742429947976106,-2.270626138362202,1.6353230242959693,0.8729866686781722,-0.42469102712928786,-0.004753131763883145,2025-02-03 13:35:00+00:00,2557.79,2559.21333333,0.025490755691436773,-0.04786163054824666,13.89641784191284,0.75,REFLEXIVE_BASIS_REPAIR,60,0.025490755691436773,0.023890755691436772,0.8729866686781722,12.131387518371405
SOLUSDT,-1.0,-4.576288164047593,-2.2786558011884335,1.636664128314841,0.5212515917791654,-1.1411067888662578,-0.010097593970431973,2025-02-03 15:45:00+00:00,209.07,209.0505235,-0.00444827091404798,0.007987755297268806,17.0667825849523,0.0,REFLEXIVE_BASIS_REPAIR,60,-0.00444827091404798,-0.00604827091404798,0.5212515917791654,8.896087588955325
SOLUSDT,-1.0,-3.1400348972858207,2.1276122620157496,1.568112074709271,0.4025931639182998,-0.13699705878701082,-0.0015146495006390648,2025-02-03 20:15:00+00:00,211.59,211.83493431,-0.0050569497613308645,-0.020416843896214454,10.476206691088388,1.0,REFLEXIVE_BASIS_REPAIR,60,-0.0050569497613308645,-0.006656949761330864,0.4025931639182998,4.2176491976273365
BTCUSDT,1.0,6.561457808781013,6.713336277395176,1.8087023251034584,0.7626828120663797,-1.9781285095036911,-0.007141417602128164,2025-02-04 20:15:00+00:00,98529.3,98541.67822222,0.003754213213734481,-0.020555306898557113,79.67202202447427,0.0,REFLEXIVE_BASIS_REPAIR,60,0.003754213213734481,0.002154213213734481,0.7626828120663797,60.764481800640574
BTCUSDT,1.0,2.152299884421503,2.0082362677957124,1.9295683227941696,0.5127935244192445,-0.3128161557608246,-0.003654767265730552,2025-02-07 02:00:00+00:00,97350.9,97411.33688889,-0.0018828793570475622,0.0006091366386957731,8.340224656133861,1.0,REFLEXIVE_BASIS_REPAIR,60,-0.0018828793570475622,-0.003482879357047562,0.5127935244192445,4.276813195867164
XRPUSDT,-1.0,2.534907621613491,2.032074730662938,2.066205653724948,0.8997657346063658,-0.4212221438594182,-0.005337721234498494,2025-02-07 15:10:00+00:00,2.505,2.50599237,-0.015009980039920157,0.01952095808383225,10.643276825942621,1.0,REFLEXIVE_BASIS_REPAIR,60,-0.015009980039920157,-0.016609980039920157,0.8997657346063658,9.57645579191317
BTCUSDT,1.0,-3.884724182156018,-2.9828245825116104,1.1156262739030534,0.6837244445263941,-0.7169670368985125,-0.0020594842984033024,2025-02-09 22:05:00+00:00,94925.0,94987.84866667,-0.009954174348169476,0.019216223334211247,12.92726454532639,1.0,REFLEXIVE_BASIS_REPAIR,60,-0.009954174348169476,-0.011554174348169476,0.6837244445263941,8.838686770499034
XRPUSDT,-1.0,2.545154193086039,1.5762121575369996,1.302956191549276,0.9882819945420311,-0.1984376399779595,-0.0012359359018070393,2025-02-10 01:50:00+00:00,2.3493,2.35058342,-0.0007236198016430384,-0.014600093644915546,5.227073238986474,1.0,REFLEXIVE_BASIS_REPAIR,60,-0.0007236198016430384,-0.0023236198016430383,0.9882819945420311,5.1658223662428275
BTCUSDT,-1.0,-5.371727180633211,-4.976671303268552,4.4957725374926625,-0.10013293623584452,0.42283433845698515,0.007234073964715426,2025-02-12 13:40:00+00:00,94143.0,94249.53177778,0.011759769712033963,-0.01733745472313397,120.18692817965467,1.0,INDEX_CONFIRMED_DISCOVERY,120,-0.01733745472313397,-0.018937454723133972,0.42283433845698515,50.81916026802147
BTCUSDT,-1.0,2.195175477214355,1.879361375193334,1.6015365481293045,0.947510748179607,-1.3318788673557174,-0.004351832207452944,2025-02-12 22:40:00+00:00,97992.7,98038.32622222,-0.003165541923020765,0.0037727300094803073,6.607183878173604,0.25,REFLEXIVE_BASIS_REPAIR,60,-0.003165541923020765,-0.004765541923020765,0.947510748179607,6.260377739768509
XRPUSDT,1.0,-3.087844329007486,-2.0582092330908197,3.348170917328358,-0.6328667640021033,1.3322837393849007,0.01663419751236317,2025-02-14 08:30:00+00:00,2.7136,2.71806395,-0.008954893867924474,0.005343455188679291,21.27906491648931,1.0,INDEX_CONFIRMED_DISCOVERY,120,0.005343455188679291,0.0037434551886792915,1.3322837393849007,28.34975217755443
XRPUSDT,1.0,-2.7202350619508597,-1.708118736775823,2.828917793405822,0.6072004556041777,-0.8465814802596491,-0.007145177005521308,2025-02-14 11:25:00+00:00,2.7513,2.75333895,0.02518809290153745,-0.019190927924980894,13.14452261589887,0.25,REFLEXIVE_BASIS_REPAIR,60,0.02518809290153745,0.02358809290153745,0.6072004556041777,7.9813601210732115
SOLUSDT,1.0,2.078901588921139,1.9276141892030292,1.528022768185512,-0.3858947698502422,0.32484664883771264,0.0009017132551849549,2025-02-14 14:55:00+00:00,199.8,200.026912,-0.004404404404404483,0.0028528528528528607,6.123276506172715,1.0,INDEX_CONFIRMED_DISCOVERY,120,0.0028528528528528607,0.0012528528528528606,0.32484664883771264,1.9891258529369038
SOLUSDT,1.0,2.931603980121831,2.9348411675760158,1.1505107318586714,0.22705222540387093,0.8871672668537731,0.0033113893976142172,2025-02-14 17:25:00+00:00,202.699,202.73003379,-0.008243750585843923,0.0003009388304824334,9.898755085779179,1.0,INDEX_CONFIRMED_DISCOVERY,120,0.0003009388304824334,-0.0012990611695175667,0.8871672668537731,8.7818514947056
ETHUSDT,-1.0,2.252677329267686,2.2070339797321212,1.4707244964552466,0.5306456746016166,-0.24108278127064167,-0.0008140545416541745,2025-02-14 21:05:00+00:00,2729.31,2730.08952381,0.005554517442137419,0.0041219209250690225,7.312053058948742,1.0,REFLEXIVE_BASIS_REPAIR,60,0.005554517442137419,0.003954517442137419,0.5306456746016166,3.880109328188669
SOLUSDT,-1.0,-3.2089480183440466,-2.1437892883795677,3.0450573265812797,0.9270615153072143,-0.23228726516660314,-0.002950802081656878,2025-02-16 21:20:00+00:00,186.94,187.05628853,0.009040333796940248,-0.006205199529260685,20.94788841080109,1.0,REFLEXIVE_BASIS_REPAIR,60,0.009040333796940248,0.007440333796940248,0.9270615153072143,19.41998117260369
SOLUSDT,-1.0,3.0015858936766326,3.2761843570906612,3.8749642265460653,0.8832000795550022,-0.6561095184821909,-0.0039051757329080505,2025-02-17 05:10:00+00:00,182.52,182.63791052,0.011012491781722478,-0.002958579881656709,38.105424624235624,0.5,REFLEXIVE_BASIS_REPAIR,60,0.011012491781722478,0.009412491781722477,0.8832000795550022,33.65471405960204
SOLUSDT,1.0,3.4199265095936253,3.874318232106852,2.387239474326697,0.7543255484834358,-0.11521532699852567,-0.0014691478942213676,2025-02-17 08:55:00+00:00,183.51,183.64627032,-0.004413928396272748,-0.001144351806440902,31.630645228391092,1.0,REFLEXIVE_BASIS_REPAIR,60,-0.004413928396272748,-0.006013928396272748,0.7543255484834358,23.85980381079108
ETHUSDT,-1.0,-7.094036589515392,-4.958483410367074,2.486417967197865,0.9938213183579538,-0.13867148766741358,-0.0019786854835774914,2025-02-17 16:00:00+00:00,2754.74,2755.9647619,-0.011006483370481268,0.008556161380021243,87.46139984892879,1.0,REFLEXIVE_BASIS_REPAIR,60,-0.011006483370481268,-0.012606483370481269,0.9938213183579538,86.92100370329456
ETHUSDT,1.0,2.9311979469607823,2.092222286763113,1.1394967606070137,0.5708206284815396,-0.16655014296588455,-0.0012534324486853654,2025-02-17 21:35:00+00:00,2756.96,2757.6797619,0.00118246184202897,-0.0034857234054901376,6.988211920443632,1.0,REFLEXIVE_BASIS_REPAIR,60,0.00118246184202897,-0.00041753815797103,0.5708206284815396,3.9890155203898208
SOLUSDT,-1.0,-2.3342409339945083,-2.933695596665841,1.7267714740134699,0.9254630834390525,0.007279420320532216,-0.00034213377430569736,2025-02-18 04:55:00+00:00,175.43,175.53619043,-0.012483611696973096,0.05232856409964093,11.82484877272189,1.0,REFLEXIVE_BASIS_REPAIR,60,-0.012483611696973096,-0.014083611696973097,0.9254630834390525,10.943461006403695
SOLUSDT,-1.0,3.0632188141307872,1.951473354181712,4.000825709392481,0.9984070744610943,-0.7169414951167715,-0.008840571053103208,2025-02-18 06:20:00+00:00,168.89,168.98636588,-0.014328853099650596,0.020545917461069374,23.916095492478924,0.25,REFLEXIVE_BASIS_REPAIR,60,-0.014328853099650596,-0.015928853099650597,0.9984070744610943,23.87799893317805
SOLUSDT,1.0,2.3477097225036143,2.7884126348033735,1.0736418956099112,0.8813567753764392,-0.5364889357848742,-0.005451348182883953,2025-02-18 14:30:00+00:00,169.67,169.77446617,0.024930747922437657,-0.022750044203453723,7.028471539953952,1.0,REFLEXIVE_BASIS_REPAIR,60,0.024930747922437657,0.023330747922437656,0.8813567753764392,6.194591012278892
SOLUSDT,1.0,2.650143097065977,1.9073354823923692,1.380988512155339,0.6258541910061328,-0.18172821420027713,-0.0016253310859619674,2025-02-18 16:00:00+00:00,165.85,165.97369269,0.02098281579740724,-0.014290021103406714,6.980499152399196,0.75,REFLEXIVE_BASIS_REPAIR,60,0.02098281579740724,0.01938281579740724,0.6258541910061328,4.368774649843795
XRPUSDT,1.0,-2.5253254898497413,-2.830272986622054,2.2783143092653915,0.7717715434884286,-0.38864682037781206,-0.0017864231838031763,2025-02-18 18:10:00+00:00,2.5145,2.51543684,0.005090475243587189,-0.000596540067607898,16.283933737878293,0.5,REFLEXIVE_BASIS_REPAIR,60,0.005090475243587189,0.0034904752435871893,0.7717715434884286,12.567476674945626
SOLUSDT,1.0,-2.1511676140246254,-2.6651199378847763,1.9734873593017137,0.4965875546226357,-0.6137758909067307,-0.003975081578166839,2025-02-18 21:30:00+00:00,167.88,168.00711413,-0.008815820824398468,0.007505360972122954,11.314239253108234,1.0,REFLEXIVE_BASIS_REPAIR,60,-0.008815820824398468,-0.010415820824398469,0.4965875546226357,5.618510403116454
BTCUSDT,-1.0,-2.5943893301243413,-2.147017261350031,1.5177601278348107,0.859181137885364,-0.5065839657290786,-0.0012248102590943777,2025-02-19 00:20:00+00:00,95642.0,95681.41688889,-0.0060235043181866565,0.001827648940841975,8.454225452182293,0.25,REFLEXIVE_BASIS_REPAIR,60,-0.0060235043181866565,-0.007623504318186656,0.859181137885364,7.2637110439453885
BTCUSDT,1.0,2.141267355107914,1.7777979127197856,3.063652509147719,0.5136526342393979,-0.13771029383974773,-0.0008639062459488978,2025-02-19 10:10:00+00:00,96339.2,96372.62511111,0.0004930495582275984,0.0011469889722979243,11.662530496517201,1.0,REFLEXIVE_BASIS_REPAIR,60,0.0004930495582275984,-0.0011069504417724016,0.5136526342393979,5.990489511433373
BTCUSDT,1.0,9.093323492961943,7.455210102814375,2.274468926567069,0.9987185424653475,-0.01927794988373277,-0.0008971319909349962,2025-02-19 19:20:00+00:00,95886.4,95929.294,-0.005286463982379308,0.004195589781241127,154.19224669977203,1.0,REFLEXIVE_BASIS_REPAIR,60,-0.005286463982379308,-0.006886463982379308,0.9987185424653475,153.99465588345362
SOLUSDT,1.0,-2.2035680369327957,-3.2130792542133118,1.7559093946190467,0.7626055414327305,-0.11937954744655033,-0.00034916201117318746,2025-02-20 03:00:00+00:00,171.78,171.89181297,-0.003085341716148493,0.006636395389451488,12.43225772799315,0.5,REFLEXIVE_BASIS_REPAIR,60,-0.003085341716148493,-0.004685341716148493,0.7626055414327305,9.480908635887465
XRPUSDT,1.0,6.516993665513218,6.400492137255173,2.045300397726078,0.9486624697762628,0.03162124387094569,-0.00109841827767998,2025-02-20 14:15:00+00:00,2.7282,2.72940447,0.014441756469467104,-0.014551719082178782,85.31350211142924,0.75,REFLEXIVE_BASIS_REPAIR,60,0.014441756469467104,0.012841756469467103,0.9486624697762628,80.93371761829087
SOLUSDT,1.0,5.400548415112761,4.488463942977888,3.24035453971597,0.9782957517202722,-0.20989488041067098,-0.003939847955163445,2025-02-21 09:25:00+00:00,179.5,179.59317826,0.005961002785515257,-0.006573816155988843,78.54673464253385,1.0,REFLEXIVE_BASIS_REPAIR,60,0.005961002785515257,0.004361002785515257,0.9782957517202722,76.8419368122904
BTCUSDT,1.0,-2.8048968842870865,-2.776582712406807,2.2271250212181055,0.8540398801773063,-0.2786484020689748,-0.0007367776173015095,2025-02-21 15:10:00+00:00,99007.1,99055.58622222,0.011788043483750177,-0.009500328764300847,17.34491246793448,1.0,REFLEXIVE_BASIS_REPAIR,60,0.011788043483750177,0.010188043483750176,0.8540398801773063,14.81324696580063
BTCUSDT,1.0,3.6263371462777947,3.902742868145328,2.768039553166669,0.9276118951481519,-0.07888708087437223,-0.0008778080979573444,2025-02-21 16:20:00+00:00,98454.4,98496.51711111,0.005048022231611826,-0.015052653817401729,39.17512663500572,1.0,REFLEXIVE_BASIS_REPAIR,60,0.005048022231611826,0.0034480222316118263,0.9276118951481519,36.339313460566494
BTCUSDT,-1.0,4.408637614674074,2.9561477379114036,2.7452668688848574,0.17139599974755848,0.37741370679030234,0.0014419328894402783,2025-02-21 17:45:00+00:00,97090.4,97100.46866667,-0.0028859701886077005,0.017409548214859405,35.777921378326496,1.0,INDEX_CONFIRMED_DISCOVERY,120,0.017409548214859405,0.015809548214859404,0.37741370679030234,13.503077928646206
XRPUSDT,-1.0,2.021056538531607,2.3481263180644696,2.185264051455761,0.5018568202097119,-0.6930555701117876,-0.0037872747568170606,2025-02-21 19:55:00+00:00,2.5179,2.51873211,0.0005957345406886194,-0.007744549028952719,10.370598973753006,0.75,REFLEXIVE_BASIS_REPAIR,60,0.0005957345406886194,-0.0010042654593113807,0.5018568202097119,5.204555824637786
ETHUSDT,1.0,5.5833411463327955,4.509341971709309,3.0604317660944536,0.8938090157777432,-0.016479148528567404,-0.0008867253924581542,2025-02-22 10:15:00+00:00,2737.99,2739.02571429,0.003440480060190043,-0.0033929999744337636,77.05308605397224,0.5,REFLEXIVE_BASIS_REPAIR,60,0.003440480060190043,0.001840480060190043,0.8938090157777432,68.87074300853867
XRPUSDT,-1.0,3.3250742896803964,2.7597685010495603,2.0845094359080774,0.6916227831463999,-0.6935761730472361,-0.00183448838157374,2025-02-24 08:35:00+00:00,2.4575,2.45928579,0.01053916581892178,0.008138351983723258,19.128365946481427,1.0,REFLEXIVE_BASIS_REPAIR,60,0.01053916581892178,0.00893916581892178,0.6916227831463999,13.229613692948305
XRPUSDT,1.0,3.2068655485294113,1.807393664879958,1.1487336228946374,0.9036196767069867,-0.07071935180216692,-0.001008511839929005,2025-02-24 11:35:00+00:00,2.4764,2.47787474,-0.00177677273461474,0.004764981424648651,6.658138739594131,1.0,REFLEXIVE_BASIS_REPAIR,60,-0.00177677273461474,-0.00337677273461474,0.9036196767069867,6.016425175342313
BTCUSDT,-1.0,-2.105832848224761,-1.8239763195095573,2.6267658526131985,0.5678497370028213,-0.3205325953839535,-0.0015516310472984962,2025-02-24 13:10:00+00:00,95531.5,95564.31911111,-0.000318219644829143,0.011705039698947428,10.089379396920098,1.0,REFLEXIVE_BASIS_REPAIR,60,-0.000318219644829143,-0.001918219644829143,0.5678497370028213,5.729251437062761
BTCUSDT,-1.0,3.517918620077061,3.6322079440031367,1.8281760059798846,0.959109967316365,-0.9925601667121182,-0.0019032416502946514,2025-02-24 16:25:00+00:00,94650.2,94690.752,0.00286211756552035,0.00045007828826548746,23.360089230904915,0.75,REFLEXIVE_BASIS_REPAIR,60,0.00286211756552035,0.00126211756552035,0.959109967316365,22.404894418760584
XRPUSDT,-1.0,2.0733684097323786,2.3670544524564354,1.3157867544368222,-0.4096289377298663,0.28063417005259905,0.0017369727047146233,2025-02-24 19:40:00+00:00,2.4138,2.41380605,0.008409975971497063,-0.00099428287347747,6.457586556963586,1.0,INDEX_CONFIRMED_DISCOVERY,120,-0.00099428287347747,-0.00259428287347747,0.28063417005259905,1.8122194439562966
XRPUSDT,-1.0,-3.835134021585098,-3.6380175043802203,3.367402170424838,0.5207500775427232,-0.16974939555508067,-0.002255378209576664,2025-02-24 22:15:00+00:00,2.3108,2.31125289,0.0011251514626968717,0.03635104725636151,46.98295378847487,1.0,REFLEXIVE_BASIS_REPAIR,60,0.0011251514626968717,-0.00047484853730312836,0.5207500775427232,24.46637682853447
SOLUSDT,-1.0,2.25023324629257,1.7252750411467213,1.0781776089681712,0.949849707159392,-0.4999130447799741,-0.002649930264992939,2025-02-24 23:20:00+00:00,143.78,143.85341824,-0.0018778689664766812,0.018083182640144635,4.185777940792973,0.5,REFLEXIVE_BASIS_REPAIR,60,-0.0018778689664766812,-0.003477868966476681,0.949849707159392,3.9758599512964485
ETHUSDT,1.0,3.185054732366159,4.96486800637159,2.0634391594664083,0.8592893783990101,-0.0956432102127504,-0.001193717611926104,2025-02-25 00:55:00+00:00,2501.79,2503.13404762,0.005536036198082184,0.007082928623106,32.62993998182344,1.0,REFLEXIVE_BASIS_REPAIR,60,0.005536036198082184,0.003936036198082184,0.8592893783990101,28.038560844178072
SOLUSDT,-1.0,-2.7276065473464306,-2.261843994059664,2.514759598246986,-0.1515346297158664,0.7754343206162188,0.005056056276104615,2025-02-25 07:15:00+00:00,135.78,135.94385894,0.019811459714243584,-0.00677566651936945,15.514609385992232,1.0,INDEX_CONFIRMED_DISCOVERY,120,-0.00677566651936945,-0.00837566651936945,0.7754343206162188,12.030560588852897
BTCUSDT,-1.0,2.0755859331334467,4.078335016494697,1.3832057219962102,-0.04947569493959869,0.4544578526932706,0.0013512484558377835,2025-02-25 10:50:00+00:00,87873.8,87889.19,0.012816106734885757,-0.01152789568676904,11.708746239017387,1.0,INDEX_CONFIRMED_DISCOVERY,120,-0.01152789568676904,-0.013127895686769041,0.4544578526932706,5.32113167351425
BTCUSDT,-1.0,3.0350447247630514,3.8548142625091875,2.204295065744558,0.7172472993656464,-0.41598884797487573,-0.000870023362380401,2025-02-26 16:25:00+00:00,86624.7,86673.794,0.004350953019173653,0.008848515492694387,25.789224389603138,1.0,REFLEXIVE_BASIS_REPAIR,60,0.004350953019173653,0.0027509530191736535,0.7172472993656464,18.49725154617751
BTCUSDT,-1.0,-3.5015397596357545,-3.6101731832503456,1.3188947587692073,0.21554004153377626,1.1575606920743933,0.003749972469290208,2025-02-26 17:55:00+00:00,85943.8,85950.92622222,-0.023305927827254602,0.02129647513840438,16.67236618452756,1.0,INDEX_CONFIRMED_DISCOVERY,120,0.02129647513840438,0.01969647513840438,1.1575606920743933,19.299275739079437
SOLUSDT,1.0,-2.432133146358073,-4.952230867478632,1.3894126123653767,0.7252782412875225,-0.40666005962591145,-0.002767057452850996,2025-02-26 22:10:00+00:00,136.95,137.00323486,0.007520993063161785,-0.006352683461117059,16.734759147824064,1.0,REFLEXIVE_BASIS_REPAIR,60,0.007520993063161785,0.005920993063161785,0.7252782412875225,12.137356683104116
SOLUSDT,1.0,2.0664280043745595,1.612837623834833,1.4344369238969672,0.9993206059185195,-0.18879355503012035,-0.0015534529021324905,2025-02-27 10:15:00+00:00,141.4,141.47677661,-0.0038189533239036955,-0.012871287128712772,4.7807097872339455,1.0,REFLEXIVE_BASIS_REPAIR,60,-0.0038189533239036955,-0.005418953323903695,0.9993206059185195,4.777461801299222
ETHUSDT,-1.0,-2.3671345973493056,-2.2777937591041706,1.182872649910103,0.7364083488669866,0.04916072544256208,-0.00023535051973233578,2025-02-27 17:00:00+00:00,2294.99,2295.79714286,0.011538176636935349,-0.013429252415043225,6.3778652884738625,1.0,REFLEXIVE_BASIS_REPAIR,60,0.011538176636935349,0.009938176636935348,0.7364083488669866,4.696713246381104
ETHUSDT,-1.0,-3.382215684063368,-2.21432606581787,1.8870676049313628,0.9861502236249204,-0.4942287426103656,-0.005811223034213553,2025-02-27 19:40:00+00:00,2291.59,2292.69261905,-0.010682539197675034,0.006589311351507199,14.132868910921419,1.0,REFLEXIVE_BASIS_REPAIR,60,-0.010682539197675034,-0.012282539197675035,0.9861502236249204,13.937131836966843
BTCUSDT,-1.0,8.192068242383103,7.333625218928917,3.3311272948986033,0.7991732748310241,-0.6305909103166397,-0.011574713702373174,2025-02-28 01:40:00+00:00,82370.0,82426.94711111,-0.02583586257132453,0.02388490955444933,200.12599412251055,1.0,REFLEXIVE_BASIS_REPAIR,60,-0.02583586257132453,-0.02743586257132453,0.7991732748310241,159.93534610170104
ETHUSDT,-1.0,-3.37556907827942,-2.9709727176764362,3.330821507145739,0.9050558435795497,0.00030104523850171377,-0.0007341120496593412,2025-02-28 02:40:00+00:00,2153.84,2154.72,-0.0004921442632692674,0.019175054785870893,33.40388838333859,1.0,REFLEXIVE_BASIS_REPAIR,60,-0.0004921442632692674,-0.0020921442632692673,0.9050558435795497,30.232384379619628
BTCUSDT,1.0,2.710103151296061,2.5761659466001885,1.4174809962925154,0.8918208949985917,-0.3036357180155488,-0.0026145868664883,2025-02-28 07:10:00+00:00,79689.0,79720.67111111,0.005206490230772021,-0.004078354603521239,9.896392272859371,1.0,REFLEXIVE_BASIS_REPAIR,60,0.005206490230772021,0.003606490230772021,0.8918208949985917,8.825809414038591
SOLUSDT,1.0,2.0321367405734523,2.019033552956323,2.874493956704037,0.7016279953049298,-0.5037744306845818,-0.00982562967063394,2025-02-28 14:15:00+00:00,143.1,143.19723518,-0.018169112508735097,0.01076170510132779,11.793911485826102,1.0,REFLEXIVE_BASIS_REPAIR,60,-0.018169112508735097,-0.019769112508735098,0.7016279953049298,8.274938472603955
BTCUSDT,-1.0,-3.0894950781535524,-2.0192146686113666,1.7664472064043681,-0.3387679919794697,0.30087922412588386,0.0017142427687467654,2025-02-28 15:40:00+00:00,83683.4,83780.36311111,0.012040619764493332,-0.0011842253063332198,11.019722607967857,1.0,INDEX_CONFIRMED_DISCOVERY,120,-0.0011842253063332198,-0.0027842253063332196,0.30087922412588386,3.31560558836783
BTCUSDT,-1.0,-4.880474409061828,-4.719512103162951,1.1424612563544494,0.6958518920256833,0.05590770896147681,-0.0002464709039913249,2025-02-28 19:05:00+00:00,84412.1,84471.58866667,0.0024498857391297424,0.004292038700612899,26.31483341370121,1.0,REFLEXIVE_BASIS_REPAIR,60,0.0024498857391297424,0.0008498857391297423,0.6958518920256833,18.311226619264655
ETHUSDT,1.0,3.538869606056104,2.068993810745162,1.2062756615236294,0.7963018103066927,-0.440570536498193,-0.005378610174461174,2025-03-01 15:15:00+00:00,2170.98,2172.36285714,-0.0033441118757426835,0.01102267178877736,8.83222893614908,0.75,REFLEXIVE_BASIS_REPAIR,60,-0.0033441118757426835,-0.004944111875742683,0.7963018103066927,7.033119890898667
ETHUSDT,1.0,2.2197575397521914,1.5684652622276491,1.0939313294064548,0.9251325432367925,-0.3433322723718051,-0.0021990981923942776,2025-03-02 10:40:00+00:00,2250.51,2251.68452381,0.0034303335688355974,-0.00998884697246405,3.8086450908829645,1.0,REFLEXIVE_BASIS_REPAIR,60,0.0034303335688355974,0.0018303335688355973,0.9251325432367925,3.5235015192148817
BTCUSDT,1.0,-3.581679000002243,-2.609016316671799,2.98259030538118,0.0023417878854652407,0.9153596129706227,0.01265849163201227,2025-03-02 15:35:00+00:00,87470.2,87455.958,-0.02437515862545192,0.06264876495080629,27.871289197586904,1.0,INDEX_CONFIRMED_DISCOVERY,120,0.06264876495080629,0.06104876495080629,0.9153596129706227,25.512252492895445
XRPUSDT,-1.0,5.915271630186707,4.28696431992366,3.028459960675647,0.8605676518938258,-0.26505224553532303,-0.003738383061980377,2025-03-02 17:55:00+00:00,2.8729,2.87527526,-0.03268474363883189,-0.0008702008423544516,76.79737883926158,1.0,REFLEXIVE_BASIS_REPAIR,60,-0.03268474363883189,-0.03428474363883189,0.8605676518938258,66.08933997930393
ETHUSDT,1.0,-2.7411639039072346,-2.098801406946027,1.7882470749346808,0.4678838178258633,-0.789570919848766,-0.004823678727181591,2025-03-02 21:50:00+00:00,2516.99,2519.10095238,-0.0033889685696011362,-0.002495043683129361,10.288069142143701,0.25,REFLEXIVE_BASIS_REPAIR,60,-0.0033889685696011362,-0.004988968569601136,0.4678838178258633,4.813621068282649
XRPUSDT,-1.0,3.7262981818961713,1.5810024120852617,2.378757412768406,0.5096478177743275,-0.09216577608590251,-0.00033636057854025125,2025-03-03 07:00:00+00:00,2.6766,2.67621816,0.004408578046775746,0.031084211312859655,14.013941227394357,1.0,REFLEXIVE_BASIS_REPAIR,60,0.004408578046775746,0.0028085780467757464,0.5096478177743275,7.142174564959215
XRPUSDT,-1.0,-4.883268075046453,-4.54080513955632,1.918235648236473,0.7516385536350587,-0.040910215932800933,-0.0025878144384823276,2025-03-03 08:40:00+00:00,2.6345,2.63469579,-0.021901689125071178,-0.003909660277092497,42.53489736325525,0.75,REFLEXIVE_BASIS_REPAIR,60,-0.021901689125071178,-0.02350168912507118,0.7516385536350587,31.970868733132846
XRPUSDT,-1.0,7.361514321694011,4.633359744965344,2.8374792820060204,0.9283183057350186,-0.8553261188221719,-0.012404431268528748,2025-03-03 15:05:00+00:00,2.5954,2.59623737,0.0038529706403636066,-0.0034291438699236565,96.78228728023696,0.75,REFLEXIVE_BASIS_REPAIR,60,0.0038529706403636066,0.0022529706403636067,0.9283183057350186,89.84476895314941
XRPUSDT,-1.0,3.198876808202191,1.6706103082798296,2.713133091867,0.822568521647014,-0.05678891187501982,-0.00015971889474530876,2025-03-03 18:35:00+00:00,2.5048,2.50556368,-0.026149792398594718,0.04639092941552225,14.499190989436903,1.0,REFLEXIVE_BASIS_REPAIR,60,-0.026149792398594718,-0.02774979239859472,0.822568521647014,11.926578097258819
SOLUSDT,-1.0,-3.8811432158481876,-4.008743881361565,1.4229988664208855,0.8707245296045851,-0.01344079937645049,-0.0012020133723986692,2025-03-04 16:35:00+00:00,133.27,133.35833224,0.04201995948075332,-0.05417573347339988,22.139740839848173,1.0,REFLEXIVE_BASIS_REPAIR,60,0.04201995948075332,0.040419959480753324,0.8707245296045851,19.277615428344223
BTCUSDT,1.0,5.111331014392358,5.611493031570475,1.8589853017536213,0.8429168625826188,0.160056190494714,-0.0003407197591338562,2025-03-04 19:20:00+00:00,88018.9,88075.38955556,-0.0039162043606544295,-0.0061509516706070855,53.31978519053412,0.25,REFLEXIVE_BASIS_REPAIR,60,-0.0039162043606544295,-0.005516204360654429,0.8429168625826188,44.9441460463842
BTCUSDT,-1.0,-2.012901216254299,-1.865677670343078,1.2238962539120444,0.6487825187747813,-0.19095544613160295,-0.001550482101296602,2025-03-06 12:45:00+00:00,90369.9,90401.19244444,-0.0037490359068670376,0.012314941147439473,4.59625040793203,1.0,REFLEXIVE_BASIS_REPAIR,60,-0.0037490359068670376,-0.0053490359068670374,0.6487825187747813,2.9819669165777585
XRPUSDT,-1.0,-3.4666834060468132,3.35865956084683,3.3328739819203177,0.18263275571821247,0.3159002112504333,0.011075758185992157,2025-03-07 00:25:00+00:00,2.4554,2.45932474,0.00704569520241094,-0.0033803046346825294,38.80601613728262,1.0,INDEX_CONFIRMED_DISCOVERY,120,-0.0033803046346825294,-0.004980304634682529,0.3159002112504333,12.258828695555303
BTCUSDT,1.0,6.164045952199506,4.467423530593897,2.045611356159832,0.6522308425018921,-0.660837085654188,-0.005579265282676826,2025-03-07 15:55:00+00:00,88636.3,88645.934,0.019673655150316605,-0.0015388728997036694,56.33082619942829,1.0,REFLEXIVE_BASIS_REPAIR,60,0.019673655150316605,0.018073655150316604,0.6522308425018921,36.74070223088077
XRPUSDT,1.0,-2.4394461595527437,-2.272018261049612,1.649779927656316,0.4060656050942798,-1.8129731483577174,-0.0216977389924633,2025-03-07 21:00:00+00:00,2.4663,2.46896711,0.0285042371163281,-0.02882860965819245,9.143849521698323,0.0,REFLEXIVE_BASIS_REPAIR,60,0.0285042371163281,0.0269042371163281,0.4060656050942798,3.7130027889194706
BTCUSDT,-1.0,5.096194912563542,3.812605193334615,2.132234270780464,0.9879087310868596,-0.17280313134249004,-0.00036892849111769266,2025-03-08 01:40:00+00:00,85413.9,85456.572,0.008066602742645035,-0.005925265091513365,41.4288410623703,1.0,REFLEXIVE_BASIS_REPAIR,60,0.008066602742645035,0.006466602742645035,0.9879087310868596,40.92791380432543
ETHUSDT,-1.0,-3.9185371610775,-3.590800580251386,1.36338457195546,0.9398661239189594,-0.34901303021477675,-0.003951122099657756,2025-03-09 14:05:00+00:00,2111.51,2112.41428571,0.0026426585713541506,0.009685012147704897,19.18375554353495,1.0,REFLEXIVE_BASIS_REPAIR,60,0.0026426585713541506,0.0010426585713541505,0.9398661239189594,18.030161964911045
BTCUSDT,1.0,3.166797391428787,2.2897406650552865,1.4240042827433557,0.47143467814051343,0.018735268479757046,-0.000752164781945952,2025-03-10 00:10:00+00:00,81171.1,81233.84844444,-0.004586607795138864,0.007432448248206436,10.325661200359251,1.0,REFLEXIVE_BASIS_REPAIR,60,-0.004586607795138864,-0.006186607795138864,0.47143467814051343,4.867874764579351
BTCUSDT,1.0,-2.0385613681425023,-1.9985633694073552,2.3788922080728274,0.3523868179833731,-0.8105775209019866,-0.005257997010463367,2025-03-10 09:30:00+00:00,83185.3,83244.49377778,0.01639352145150641,-0.00757826202466072,9.692068543139486,0.75,REFLEXIVE_BASIS_REPAIR,60,0.01639352145150641,0.014793521451506409,0.3523868179833731,3.4153571935936706
BTCUSDT,-1.0,2.8754002368684963,2.329957998954901,1.6890886255122546,0.8971211509011727,-0.24843568225702883,-0.0006833707444364734,2025-03-10 13:40:00+00:00,82295.6,82330.18266667,-0.028097492454031592,0.018710599351605683,11.316153602042414,1.0,REFLEXIVE_BASIS_REPAIR,60,-0.028097492454031592,-0.029697492454031593,0.8971211509011727,10.151960743238742
ETHUSDT,1.0,4.316390740694969,3.0746373900087383,1.7050260487462627,0.9643281228897915,0.04204633370923466,-0.0005747923810278666,2025-03-10 15:05:00+00:00,2016.96,2017.87619048,0.00014378073933041247,-0.02801245438679989,22.627974197567628,1.0,REFLEXIVE_BASIS_REPAIR,60,0.00014378073933041247,-0.0014562192606695876,0.9643281228897915,21.820791882739027
XRPUSDT,1.0,2.846461437868378,2.4694766040550484,1.2984373867632166,-0.2943737332269487,0.48195174087454773,0.006578064169687092,2025-03-12 12:35:00+00:00,2.2494,2.24842658,0.010536142971459217,-0.039432737618920743,9.12706687247913,1.0,INDEX_CONFIRMED_DISCOVERY,120,-0.039432737618920743,-0.04103273761892074,0.48195174087454773,4.398805768269731
SOLUSDT,-1.0,-2.559485919487235,-1.8890048680590674,1.0455685220823585,0.982491106802828,-0.4229249594677032,-0.003780718336483968,2025-03-17 13:55:00+00:00,127.44,127.50950976,-0.005649717514124242,-0.000549278091650951,5.055199759733502,1.0,REFLEXIVE_BASIS_REPAIR,60,-0.005649717514124242,-0.007249717514124242,0.982491106802828,4.966688807049959
BTCUSDT,-1.0,-2.4366304317279175,-2.194011284013433,1.8570267133549898,0.48018466549771377,-0.38222640826355253,-0.001491392586308038,2025-03-18 06:50:00+00:00,82394.8,82421.47511111,0.00788035167267842,-0.011159684834479933,9.927654897124366,1.0,REFLEXIVE_BASIS_REPAIR,60,0.00788035167267842,0.006280351672678421,0.48018466549771377,4.767107645952404
ETHUSDT,-1.0,-2.2440629024663203,-2.028757819937285,2.013586233353669,0.6840335152071161,-0.14654751223275042,-0.001102039302536273,2025-03-18 10:25:00+00:00,1889.49,1890.19309524,0.0030643189432069118,-0.0045726624644746305,9.167173826957715,1.0,REFLEXIVE_BASIS_REPAIR,60,0.0030643189432069118,0.0014643189432069117,0.6840335152071161,6.270654137368557
ETHUSDT,-1.0,-2.1419936180369046,-1.7576350605308246,2.8393927663519976,-0.32033860184703133,0.7424452657042874,0.004381916372240058,2025-03-18 13:45:00+00:00,1876.76,1878.4902381,0.007150621283488645,-0.0076994394594940285,10.689868214886475,1.0,INDEX_CONFIRMED_DISCOVERY,120,-0.0076994394594940285,-0.00929943945949403,0.7424452657042874,7.936642047145205
BTCUSDT,1.0,3.3495919145850324,2.812889439105224,1.0017223429216955,0.9640802276244298,-0.33479543640476034,-0.001833740831295838,2025-03-18 17:45:00+00:00,81650.0,81688.23688889,0.0009663196570728338,0.004378444580526608,9.438259691492602,1.0,REFLEXIVE_BASIS_REPAIR,60,0.0009663196570728338,-0.0006336803429271662,0.9640802276244298,9.09923955175267
ETHUSDT,1.0,8.028418659569327,5.110591165038219,3.996553429022078,0.6888996635930229,0.01593942380657368,-0.0012893975675689617,2025-03-19 11:20:00+00:00,2006.1,2007.76380952,-0.005428443248093329,0.004441453566621734,163.97844919507506,1.0,REFLEXIVE_BASIS_REPAIR,60,-0.005428443248093329,-0.0070284432480933285,0.6888996635930229,112.9646984869928
XRPUSDT,-1.0,-4.831732418190625,-3.348063833882754,4.353338317934543,0.5793063349429388,-0.23104561736472964,-0.004643157346996052,2025-03-19 14:40:00+00:00,2.5099,2.51035447,0.01701262998525843,0.0024702179369696653,70.42373005241011,0.25,REFLEXIVE_BASIS_REPAIR,60,0.01701262998525843,0.015412629985258431,0.5793063349429388,40.796912949672596
SOLUSDT,-1.0,2.4740950728055187,1.562194388869247,3.3318048175820763,0.9422122793185049,-1.7154729005413512,-0.007960429708632866,2025-03-19 18:15:00+00:00,130.42,130.49291785,0.023079282318662964,-0.02637632264990053,12.877483727516445,0.0,REFLEXIVE_BASIS_REPAIR,60,0.023079282318662964,0.021479282318662963,0.9422122793185049,12.133323294790227
BTCUSDT,-1.0,-2.2919930502233257,-1.854724652279282,1.1561979184644544,0.7879260563649578,-0.6010088557057004,-0.0022413305543627082,2025-03-20 15:00:00+00:00,86123.7,86160.46044444,-0.01720316242799591,0.027335100558847247,4.915015865707583,0.75,REFLEXIVE_BASIS_REPAIR,60,-0.01720316242799591,-0.01880316242799591,0.7879260563649578,3.8726690680381752
SOLUSDT,-1.0,-3.336137016955977,-3.7824782845129907,3.0533973811414126,0.7633835564943303,-0.10448409108854008,-0.0009064813415924355,2025-03-23 14:30:00+00:00,132.5,132.59036022,0.0012075471698111961,0.00015094339622645503,38.530411850193175,1.0,REFLEXIVE_BASIS_REPAIR,60,0.0012075471698111961,-0.00039245283018880394,0.7633835564943303,29.413482831391757
BTCUSDT,1.0,2.828191744365165,1.5342666020494735,2.14153076338252,0.8737396917489008,-0.641449159575504,-0.002361286118510386,2025-03-23 22:25:00+00:00,85429.1,85466.62844444,-0.0019946364880349954,0.00902268664892869,9.292530583083062,0.75,REFLEXIVE_BASIS_REPAIR,60,-0.0019946364880349954,-0.0035946364880349952,0.8737396917489008,8.119252807230227
ETHUSDT,1.0,2.447012983854972,1.5239070866888342,2.5778210086110604,0.9231541345132066,-0.1472809173299888,-0.0010158824549666434,2025-03-24 00:40:00+00:00,2015.9,2016.91619048,0.01596805397093115,-0.015189245498288706,9.612747199075447,0.75,REFLEXIVE_BASIS_REPAIR,60,0.01596805397093115,0.01436805397093115,0.9231541345132066,8.874047320856745
ETHUSDT,1.0,-2.0877573086308936,-2.853294550473805,3.8168934471764726,0.36627826631125193,-0.11879343710003538,-0.0004064273583673783,2025-03-24 06:15:00+00:00,2065.95,2066.5652381,-0.0015005203417315371,0.0049662382923112425,22.737182933065384,1.0,REFLEXIVE_BASIS_REPAIR,60,-0.0015005203417315371,-0.003100520341731537,0.36627826631125193,8.328135945524975
SOLUSDT,1.0,2.552987645488361,1.8493279811886238,1.7081395923494949,0.9110438810740756,-0.3904420198469731,-0.002846367323703136,2025-03-24 08:45:00+00:00,140.13,140.1995667,0.0034967530150574744,0.011132519803040086,8.064659081202642,1.0,REFLEXIVE_BASIS_REPAIR,60,0.0034967530150574744,0.0018967530150574743,0.9110438810740756,7.347258308878144
BTCUSDT,-1.0,2.0313818076280197,1.648225737748304,2.551825815792436,0.5485828616109537,-0.5031346796351778,-0.0021131280211927894,2025-03-24 14:40:00+00:00,88064.9,88098.34688889,-0.0007369564945851614,0.00015670261364053584,8.543961387454035,1.0,REFLEXIVE_BASIS_REPAIR,60,-0.0007369564945851614,-0.0023369564945851613,0.5485828616109537,4.687070787423028
ETHUSDT,1.0,16.047625805892384,11.267772366515947,2.287354698903018,0.8878949688855854,0.1278675890977236,-0.0017052937823121006,2025-03-27 02:55:00+00:00,2031.37,2032.81595238,0.0009697888617040684,-0.000772877417703266,413.6017516673704,0.75,REFLEXIVE_BASIS_REPAIR,60,0.0009697888617040684,-0.0006302111382959317,0.8878949688855854,367.2349144277235
BTCUSDT,-1.0,-2.0174088388623646,-3.899615760380667,1.8063209060371512,0.7165627585640432,-0.010954649555017768,-0.0002888244499679171,2025-03-27 11:35:00+00:00,86929.1,86966.58688889,-0.0008754260656098634,0.01012894416254162,14.210542067584417,1.0,REFLEXIVE_BASIS_REPAIR,60,-0.0008754260656098634,-0.0024754260656098632,0.7165627585640432,10.182745224638671
BTCUSDT,-1.0,-2.0147294464683734,-2.355641001029347,2.040454566117054,-0.8664683885836544,0.516544855871424,0.0010639036814076297,2025-03-27 13:30:00+00:00,86288.1,86364.13555556,0.0034164618296148586,-0.010824204032769291,9.683955113144918,1.0,INDEX_CONFIRMED_DISCOVERY,120,-0.010824204032769291,-0.012424204032769292,0.516544855871424,5.002197198184781
XRPUSDT,-1.0,-2.9010980388332666,-2.5120534879775835,2.6630869183467922,0.7422736146648548,-0.9029497914020782,-0.004502554333708497,2025-03-28 00:40:00+00:00,2.3202,2.32172447,0.00853374709076804,-0.00017239893112686033,19.407814346473643,0.5,REFLEXIVE_BASIS_REPAIR,60,0.00853374709076804,0.00693374709076804,0.7422736146648548,14.405908507701417
BTCUSDT,-1.0,-4.060935218970928,-3.4782944177918,2.7561768568012477,-0.33388341079483297,0.4500011520873216,0.0012215621378381947,2025-03-28 04:50:00+00:00,86095.8,86186.16022222,-0.001551759783868789,0.0025401935982939383,38.9313517285198,1.0,INDEX_CONFIRMED_DISCOVERY,120,0.0025401935982939383,0.0009401935982939382,0.4500011520873216,17.51915313015065
ETHUSDT,1.0,-2.3186373421376882,-2.2473989928508296,1.2163646725848811,0.8838155055066985,-2.7813375086448406,-0.0058247509707918255,2025-03-28 12:35:00+00:00,1884.32,1885.295,-0.0034707480682687475,0.0013691941920692674,6.338358598197523,0.0,REFLEXIVE_BASIS_REPAIR,60,-0.0034707480682687475,-0.005070748068268747,0.8838155055066985,5.601939608548673
XRPUSDT,1.0,2.1084143499207446,2.910130523746999,2.5264880366675326,-0.15418613643415524,0.5429451377346133,0.0016491067338524346,2025-03-28 14:20:00+00:00,2.1866,2.18693289,-0.004070246044086678,-0.0022409219793284585,15.501926652222982,0.75,INDEX_CONFIRMED_DISCOVERY,120,-0.0022409219793284585,-0.0038409219793284584,0.40720885330095996,6.31252177600731
XRPUSDT,-1.0,-2.925015544660191,-3.6843644169780445,2.736443291540083,0.6810451671893797,-0.744345181454699,-0.0062230065480888275,2025-03-28 16:55:00+00:00,2.1667,2.16754921,0.004384547930031957,-0.00692297041583978,29.49016552746154,0.75,REFLEXIVE_BASIS_REPAIR,60,0.004384547930031957,0.002784547930031957,0.6810451671893797,20.084134712092524
XRPUSDT,-1.0,-9.289069905158438,-9.023830878971996,3.3696720324163882,0.9152628139155172,-0.3480227510803156,-0.00416009180892285,2025-03-29 09:50:00+00:00,2.1,2.10144263,-0.008857142857142897,0.017857142857142905,282.4560047793218,1.0,REFLEXIVE_BASIS_REPAIR,60,-0.008857142857142897,-0.010457142857142897,0.9152628139155172,258.52147774165684
XRPUSDT,1.0,8.884018457155587,8.113650432925718,2.015696612760118,0.9516931127331455,-0.1092217457241188,-0.002301275290056526,2025-03-29 12:05:00+00:00,2.081,2.08230289,-0.018308505526189345,0.024795771263815602,145.29508082078087,0.5,REFLEXIVE_BASIS_REPAIR,60,-0.018308505526189345,-0.019908505526189346,0.9516931127331455,138.27632773114289
XRPUSDT,1.0,3.431417068181405,3.1480568349398133,3.393531660592933,0.9858403710040862,-0.3837651383112415,-0.006473099113466718,2025-03-29 17:40:00+00:00,2.1181,2.11924684,-0.003068788064775063,-0.0020301213351590075,36.65793333044722,1.0,REFLEXIVE_BASIS_REPAIR,60,-0.003068788064775063,-0.004668788064775063,0.9858403710040862,36.138870594731145
XRPUSDT,1.0,-2.5119073340327467,-1.6356315616282233,3.2565828749995154,0.6775578518333563,-0.5047577382689905,-0.0015831134564643357,2025-03-31 12:00:00+00:00,2.0812,2.08276026,-0.009898135690947552,-0.0012973284643474914,13.379849578582364,0.5,REFLEXIVE_BASIS_REPAIR,60,-0.009898135690947552,-0.011498135690947552,0.6775578518333563,9.065622138317703
BTCUSDT,1.0,-2.528479984557585,-3.041089402529645,3.583095903337985,0.8171387954691225,-0.2606601890568764,-0.0009527294067357417,2025-03-31 13:00:00+00:00,82735.8,82779.94333333,0.0033081205475743447,0.008603289023614957,27.55162002808005,1.0,REFLEXIVE_BASIS_REPAIR,60,0.0033081205475743447,0.0017081205475743446,0.8171387954691225,22.513497602968283
BTCUSDT,1.0,-2.0593998675876026,-3.584729396257562,2.606957228302416,0.7710947034479532,-1.2200529205137298,-0.0030700885487017215,2025-03-31 14:20:00+00:00,83031.8,83076.26955556,-0.005738765147810909,0.004283900866896673,19.245578215676744,0.25,REFLEXIVE_BASIS_REPAIR,60,-0.005738765147810909,-0.007338765147810909,0.7710947034479532,14.840163426901647
ETHUSDT,-1.0,-2.9996086024648423,-1.6746760286637523,1.7880049390746433,0.9177688100898508,-0.12079390350806758,-0.0009579884395551908,2025-04-01 11:45:00+00:00,1859.84,1860.81,0.001440984170681281,-0.007758731933929841,8.981815058807895,0.75,REFLEXIVE_BASIS_REPAIR,60,0.001440984170681281,-0.00015901582931871915,0.9177688100898508,8.243229718969225
BTCUSDT,-1.0,-2.4917284796397845,-2.2340006542021005,1.8899111579622543,0.12346357133684072,0.8215167342111924,0.0018229879842642793,2025-04-02 09:25:00+00:00,84925.0,84987.58711111,0.0028919634972035535,0.0007253458934354251,10.520234030070304,1.0,INDEX_CONFIRMED_DISCOVERY,120,0.0007253458934354251,-0.000874654106564575,0.8215167342111924,8.642548303520808
XRPUSDT,1.0,2.2165742078744577,1.7894090911085532,2.0661259017944786,0.7683980111426942,-0.25832613784957165,-0.0020776277268863552,2025-04-02 13:40:00+00:00,2.1134,2.11450605,-0.0013248793413458415,0.031844421311630455,8.194995079522567,1.0,REFLEXIVE_BASIS_REPAIR,60,-0.0013248793413458415,-0.0029248793413458414,0.7683980111426942,6.2970179204293055
ETHUSDT,1.0,-2.75191503279066,-2.103986196665016,3.5314608193498884,-1.8532067049534442,0.2605627081917371,0.0041900686458054,2025-04-02 15:40:00+00:00,1914.88,1913.26714286,0.0072014956550803255,-0.013713653074866383,20.447127220398382,1.0,INDEX_CONFIRMED_DISCOVERY,120,-0.013713653074866383,-0.015313653074866384,0.2605627081917371,5.327758843287988
ETHUSDT,-1.0,-3.0724070780294825,-1.5173691715575461,2.3879875953976226,0.7666713700510545,-0.08162506340669023,-0.001534799560562572,2025-04-02 21:15:00+00:00,1859.77,1860.42595238,-0.012668233168617649,0.0352086548336622,11.132740339077127,1.0,REFLEXIVE_BASIS_REPAIR,60,-0.012668233168617649,-0.01426823316861765,0.7666713700510545,8.535153288182903
SOLUSDT,-1.0,-3.1877405056457477,-1.795606093474881,2.7854736896944434,0.7587262014262797,-0.7061757171236244,-0.007811843763124715,2025-04-02 22:50:00+00:00,119.98,120.03663158,-0.013335555925987785,0.005417569594932559,15.943846044535318,0.5,REFLEXIVE_BASIS_REPAIR,60,-0.013335555925987785,-0.014935555925987786,0.7587262014262797,12.097013745495696
XRPUSDT,1.0,-5.391418405697881,-2.0651215763548816,1.9026490539692658,0.09417648674722912,0.5925561014848296,0.004440059200789381,2025-04-03 00:15:00+00:00,2.036,2.03943868,-0.011394891944990215,0.006237721021611131,21.183969899169927,1.0,INDEX_CONFIRMED_DISCOVERY,120,0.006237721021611131,0.004637721021611131,0.5925561014848296,12.552690617424112
SOLUSDT,-1.0,-3.040041918734697,-2.6118525499932534,2.3216300956594536,-0.08363555079636509,1.6968878981798172,0.006233538191396049,2025-04-03 12:50:00+00:00,113.19,113.18313158,0.008834702712253728,0.004240657301881834,18.43407086084471,1.0,INDEX_CONFIRMED_DISCOVERY,120,0.004240657301881834,0.002640657301881834,1.6968878981798172,31.280551757956594
BTCUSDT,1.0,2.1923446231481987,1.710225018483847,2.3905823832260062,0.8440466465158925,-0.7760603371833484,-0.003136102727109291,2025-04-03 16:10:00+00:00,82041.5,82083.26933333,0.002697415332484243,-0.0024743574898069554,8.963255859710907,0.75,REFLEXIVE_BASIS_REPAIR,60,0.002697415332484243,0.001097415332484243,0.8440466465158925,7.565406050252914
ETHUSDT,-1.0,4.7539343435167405,2.723565734095483,3.6819968940411543,0.9355450925262592,-0.504339008850137,-0.0061792834051723755,2025-04-04 02:05:00+00:00,1792.77,1793.54285714,-0.00395477389737664,0.0013387104871233069,47.6732169534061,0.25,REFLEXIVE_BASIS_REPAIR,60,-0.00395477389737664,-0.00555477389737664,0.9355450925262592,44.60044416569873
SOLUSDT,1.0,2.1068375638087056,3.248859834772642,1.0560292437664283,-1.0034128634293902,0.4111169090853431,0.0025382932166302385,2025-04-04 11:55:00+00:00,114.54,114.50544737,-0.005674873406670056,0.00558756766195212,7.228330024373007,1.0,INDEX_CONFIRMED_DISCOVERY,120,0.00558756766195212,0.00398756766195212,0.4111169090853431,2.9716886974690135
XRPUSDT,1.0,2.812198884165722,1.9019824558732614,2.220950259204525,0.9181040597187801,-0.2875600480251753,-0.002707370583018398,2025-04-04 15:20:00+00:00,2.1365,2.138025,0.008659021764568231,-0.013760823777205666,11.879314228757305,1.0,REFLEXIVE_BASIS_REPAIR,60,0.008659021764568231,0.007059021764568231,0.9181040597187801,10.906446620097151
XRPUSDT,-1.0,-2.331723668682954,-3.2451937780375237,1.262784434170517,0.930416460684207,-0.9083866958838388,-0.004766671433338088,2025-04-04 16:40:00+00:00,2.1079,2.10919947,0.012287110394231249,-0.006831443616869937,9.555357399955371,0.0,REFLEXIVE_BASIS_REPAIR,60,0.012287110394231249,0.010687110394231248,0.930416460684207,8.890461812639122
BTCUSDT,-1.0,-4.725828247989681,-5.534570718279254,1.4540612230793957,0.6845628620601243,-0.33397174170693944,-0.002004390909630338,2025-04-04 18:00:00+00:00,84433.9,84456.52,-0.005731110371545056,0.005471735878598505,38.031597467934446,1.0,REFLEXIVE_BASIS_REPAIR,60,-0.005731110371545056,-0.007331110371545056,0.6845628620601243,26.035019211367782
XRPUSDT,1.0,-2.6886012244145845,-3.3051693678543126,1.3170668215841796,0.5539710958544952,-1.6317940401674556,-0.007676787559667164,2025-04-06 18:20:00+00:00,2.0165,2.01711605,0.006843540788495028,-0.011703446565831999,11.703827728530227,0.0,REFLEXIVE_BASIS_REPAIR,60,0.006843540788495028,0.0052435407884950285,0.5539710958544952,6.483582272466117
ETHUSDT,-1.0,-4.902179887458506,-3.8199766289585555,3.0038712579349856,0.71854595398989,-0.15995539321949911,-0.003976356120185542,2025-04-06 20:40:00+00:00,1593.19,1593.575,-0.0029437794613322854,0.004883284479566097,56.251131802250534,0.75,REFLEXIVE_BASIS_REPAIR,60,-0.0029437794613322854,-0.004543779461332285,0.71854595398989,40.41902316385915
BTCUSDT,-1.0,-2.912851302128115,-3.451490282159686,2.198424067824845,0.8192934382910066,-0.09803828980575101,-0.0007438147952456564,2025-04-06 23:00:00+00:00,78034.4,78065.176,0.004556964620731518,-0.0033485232154024658,22.102247603297005,0.75,REFLEXIVE_BASIS_REPAIR,60,0.004556964620731518,0.0029569646207315186,0.8192934382910066,18.108226432864363
XRPUSDT,1.0,2.1393859122594243,2.638847679826058,1.779635617796072,-0.17251171707229007,0.5096512976661487,0.002404851526557783,2025-04-07 01:10:00+00:00,1.9174,1.91978711,-0.005841243350370284,-0.01726296025868357,10.046956995786685,1.0,INDEX_CONFIRMED_DISCOVERY,120,-0.01726296025868357,-0.01886296025868357,0.5096512976661487,5.120444670498674
ETHUSDT,-1.0,-2.682274417725467,-3.1306309948784663,1.4663826844029113,0.8850645089910312,0.06936420908477106,-0.0001490747642349799,2025-04-07 04:15:00+00:00,1543.08,1543.75047619,0.004406770873836896,0.001996007984031878,12.313525436610565,1.0,REFLEXIVE_BASIS_REPAIR,60,0.004406770873836896,0.002806770873836896,0.8850645089910312,10.898264344502302
BTCUSDT,-1.0,4.633341536857062,2.2480463466879166,2.200124395440665,0.1563839396468768,0.2513554055562599,0.0015154048466414771,2025-04-07 06:40:00+00:00,75245.2,75239.31488889,-0.0006060187227888703,-0.015202298618383736,22.916422031500137,1.0,INDEX_CONFIRMED_DISCOVERY,120,-0.015202298618383736,-0.016802298618383737,0.2513554055562599,5.760166553626126
XRPUSDT,1.0,-5.822329278451181,-5.5913212366680005,3.9334802501718684,0.08240238596723781,0.3454345753585754,0.012786476675516134,2025-04-07 14:00:00+00:00,1.8693,1.87324211,-0.011287647782592503,0.002086342481142589,128.05253528266016,1.0,INDEX_CONFIRMED_DISCOVERY,120,0.002086342481142589,0.00048634248114258895,0.3454345753585754,44.23377314895471
BTCUSDT,1.0,3.6290805252814233,2.966122846900603,1.4545868468265133,0.6888495479807346,-0.2459187836022422,-0.002124307990578833,2025-04-07 18:25:00+00:00,79057.5,79108.39044444,0.007951174777851677,-0.007075862505138586,15.6576072450999,1.0,REFLEXIVE_BASIS_REPAIR,60,0.007951174777851677,0.006351174777851677,0.6888495479807346,10.785735673246942
BTCUSDT,1.0,2.7670769995880296,3.195775670702636,1.5022175620010914,0.7048481911074678,-0.5018058895852782,-0.0022357556305380166,2025-04-08 13:15:00+00:00,80017.3,80044.38755556,0.0010410248783701004,-0.02134413433095106,13.284045837572453,0.5,REFLEXIVE_BASIS_REPAIR,60,0.0010410248783701004,-0.0005589751216298997,0.7048481911074678,9.36323567920163
XRPUSDT,-1.0,2.1936719822344775,1.8045008080772653,1.8412142220573267,0.19792980626581258,0.8741216302697605,0.0068042142230025915,2025-04-08 17:30:00+00:00,1.81,1.81010842,0.02679558011049732,-0.013535911602210016,7.288414948069116,0.75,INDEX_CONFIRMED_DISCOVERY,120,-0.013535911602210016,-0.015135911602210016,0.6555912227023204,4.7782208673665005
SOLUSDT,1.0,4.855617397193644,4.634632986451167,1.72022802206538,0.9340878010149054,-0.47170063755737457,-0.006109022556391008,2025-04-09 13:45:00+00:00,105.75,105.80355263,-0.006619385342789608,0.004349881796690269,38.712019250424866,1.0,REFLEXIVE_BASIS_REPAIR,60,-0.006619385342789608,-0.008219385342789608,0.9340878010149054,36.16042493447605
ETHUSDT,1.0,2.2473667137098037,1.8065824385436817,1.5839666206532885,0.8641344633171529,-0.21451218660527085,-0.002755351357093594,2025-04-09 16:40:00+00:00,1502.01,1502.67738095,-0.053534929860653335,0.1024760154726001,6.430988806997223,1.0,REFLEXIVE_BASIS_REPAIR,60,-0.053534929860653335,-0.05513492986065333,0.8641344633171529,5.557239061333163
BTCUSDT,1.0,4.477301340570927,1.8821394608890776,2.8342845741665705,0.3602673927005984,-0.33930997764562015,-0.004118932488524796,2025-04-09 17:40:00+00:00,81166.0,81241.04377778,-0.017150038193332273,0.015287189217159991,23.884248355549587,1.0,REFLEXIVE_BASIS_REPAIR,60,-0.017150038193332273,-0.018750038193332274,0.3602673927005984,8.604715881667405
ETHUSDT,-1.0,2.0209754720676965,2.169626339826603,1.2723022850797099,0.19991952016065717,0.3857528194904146,0.0032262513717564723,2025-04-09 21:40:00+00:00,1662.19,1662.45142857,0.00746605382056198,-0.000523405868161797,5.578742224001191,1.0,INDEX_CONFIRMED_DISCOVERY,120,-0.000523405868161797,-0.002123405868161797,0.3857528194904146,2.1520155421186855
BTCUSDT,-1.0,2.1589282474043863,1.5041425371677188,2.143868034665967,0.05198179890416965,0.8012592755078028,0.0032143957601529216,2025-04-10 13:45:00+00:00,80874.2,80883.70022222,0.009023891426437558,0.020947347856300147,6.961859444345083,1.0,INDEX_CONFIRMED_DISCOVERY,120,0.020947347856300147,0.019347347856300146,0.8012592755078028,5.578254454563096
BTCUSDT,1.0,2.3389785811841386,2.2107941046581474,1.041991915435426,0.5653521179043868,0.005606866240989067,-0.0005417511137338904,2025-04-11 10:25:00+00:00,82650.0,82702.41555556,0.002365396249243812,-0.006434361766485264,5.388140255364239,1.0,REFLEXIVE_BASIS_REPAIR,60,0.002365396249243812,0.0007653962492438118,0.5653521179043868,3.0461965049360558
ETHUSDT,1.0,13.608197918946667,10.864910723307641,1.5570164158438318,0.9879066645989222,-0.3987874470180618,-0.008372576562973744,2025-04-12 12:45:00+00:00,1602.46,1603.22738095,-0.01337942912771628,0.03215056850092979,230.20776611783862,1.0,REFLEXIVE_BASIS_REPAIR,60,-0.01337942912771628,-0.014979429127716281,0.9879066645989222,227.42378639024273
ETHUSDT,1.0,2.3483707582905295,2.4056034224141882,2.0331552728647257,0.38553183011732084,-0.3053372183914594,-0.004136504653567852,2025-04-12 14:30:00+00:00,1656.36,1656.63880952,-0.001962133835639701,0.0005131734647059183,11.485799849713514,1.0,REFLEXIVE_BASIS_REPAIR,60,-0.001962133835639701,-0.003562133835639701,0.38553183011732084,4.4281414364213
ETHUSDT,1.0,-6.832898333109422,-4.5263889744713515,2.164685184813257,0.9416906388472213,-1.0094248098295089,-0.005259649760649632,2025-04-14 02:40:00+00:00,1641.62,1642.60595238,0.007206296219587904,-0.0030579549469426093,66.95015332825227,0.75,REFLEXIVE_BASIS_REPAIR,60,0.007206296219587904,0.0056062962195879045,0.9416906388472213,63.046332658601294
BTCUSDT,1.0,3.7723236251306815,2.9835229032217,1.8608045711875674,0.908976550018484,-0.08012730828524994,-0.0010985184025205097,2025-04-14 14:45:00+00:00,85475.8,85510.13155556,0.014859176515458206,-0.0098378722398621,20.94300921614424,1.0,REFLEXIVE_BASIS_REPAIR,60,0.014859176515458206,0.013259176515458205,0.908976550018484,19.036704264296105
ETHUSDT,-1.0,-2.353758917973209,-1.9995485795390553,1.630482829512598,0.8018163569071416,-0.2791036202890016,-0.0026491371821806275,2025-04-14 15:55:00+00:00,1627.47,1628.44738095,0.0019047970162275885,-0.012104677812801556,7.6737945561665155,1.0,REFLEXIVE_BASIS_REPAIR,60,0.0019047970162275885,0.0003047970162275884,0.8018163569071416,6.152973994679291
ETHUSDT,-1.0,-2.7551824410942443,-2.0721677129853893,1.5775533545161247,0.5098061548871249,0.0061041927877052435,-0.00028185069429231824,2025-04-16 15:40:00+00:00,1597.04,1598.305,-0.012660922707008027,0.003544056504533266,9.006567765919353,1.0,REFLEXIVE_BASIS_REPAIR,60,-0.012660922707008027,-0.014260922707008027,0.5098061548871249,4.591603681473668
XRPUSDT,1.0,-2.044796653717725,-1.740911998669684,2.6811410127592756,0.8527931244569804,-0.6194845313877143,-0.004923753525503116,2025-04-16 18:20:00+00:00,2.0816,2.08286737,0.0029784780937739397,0.012970791698693418,9.54435534832048,0.75,REFLEXIVE_BASIS_REPAIR,60,0.0029784780937739397,0.0013784780937739396,0.8527931244569804,8.139360618421913
SOLUSDT,1.0,2.6048418109799254,3.430819676368879,2.777516968086598,0.06385512269087223,0.3489662002547777,0.004227691378529297,2025-04-16 19:55:00+00:00,133.02,133.16860526,0.008344609833107919,0.0014283566380994817,24.821954041322357,1.0,INDEX_CONFIRMED_DISCOVERY,120,0.0014283566380994817,-0.00017164336190051842,0.3489662002547777,8.662022984698986
SOLUSDT,1.0,2.5977328125339456,2.6537005785724155,2.0456611916191947,0.8897089060061685,-0.5935955646035371,-0.0055498002071925345,2025-04-17 06:45:00+00:00,134.39,134.45352632,0.0005208720886969997,-0.0034228737257234743,14.101980357134396,0.75,REFLEXIVE_BASIS_REPAIR,60,0.0005208720886969997,-0.0010791279113030003,0.8897089060061685,12.54665751606652
SOLUSDT,1.0,2.9782574836782247,4.23059144022623,2.5596945376247495,0.9142626677245166,-0.43181213820077147,-0.0028508303043262018,2025-04-19 15:30:00+00:00,139.91,139.98015789,0.012079193767421947,-0.008433993281395269,32.251615218161746,1.0,REFLEXIVE_BASIS_REPAIR,60,0.012079193767421947,0.010479193767421947,0.9142626677245166,29.486447767781176
BTCUSDT,-1.0,-2.829665867049438,-1.5003885766911134,2.5363029154462224,0.7863744060237918,-0.31840883250103,-0.0014199192701473962,2025-04-19 16:55:00+00:00,84772.9,84818.37933333,0.0025503433290592348,-0.003969428909474715,10.768123454590665,1.0,REFLEXIVE_BASIS_REPAIR,60,0.0025503433290592348,0.0009503433290592347,0.7863744060237918,8.467776685594595
ETHUSDT,1.0,3.1464585325442003,2.135110186032967,2.213097908328642,0.8875198909629634,-0.1355807948446381,-0.0014438348252959754,2025-04-21 01:55:00+00:00,1625.26,1626.15595238,-0.004762314952684532,0.005549881249769184,14.867670673343468,0.25,REFLEXIVE_BASIS_REPAIR,60,-0.004762314952684532,-0.006362314952684532,0.8875198909629634,13.195353454879044
ETHUSDT,1.0,11.06155299784728,7.662464538798079,2.939237110661352,0.9544965068048011,0.06865657239273787,-0.001290729171085303,2025-04-21 05:55:00+00:00,1648.1,1648.76761905,0.0005036102178265223,-0.001862751046659783,249.12608576219617,1.0,REFLEXIVE_BASIS_REPAIR,60,0.0005036102178265223,-0.0010963897821734778,0.9544965068048011,237.78997861396954
SOLUSDT,-1.0,-2.072342482593403,-3.549186870607362,1.2589951356042917,0.6856798934271888,-0.19129689161845503,-0.001311379863033757,2025-04-21 16:35:00+00:00,137.44,137.542,-0.01760768335273566,0.019281140861466817,9.260073811587205,1.0,REFLEXIVE_BASIS_REPAIR,60,-0.01760768335273566,-0.01920768335273566,0.6856798934271888,6.3494464242570166
ETHUSDT,1.0,2.126541636612786,1.743205244287947,3.612695828949835,0.6649754014315659,-0.14161136096711355,-0.0027120575104797595,2025-04-22 07:40:00+00:00,1610.63,1611.61309524,-0.007736103263940031,0.009847078472398962,13.392258138598333,1.0,REFLEXIVE_BASIS_REPAIR,60,-0.007736103263940031,-0.009336103263940031,0.6649754014315659,8.90552223178958
BTCUSDT,-1.0,-3.536426653107929,-2.85457165131089,2.0014844110819427,0.6837461492807244,-0.24706661002876285,-0.0007031721756012299,2025-04-22 12:45:00+00:00,88660.8,88714.78844444,0.016414243949975704,-0.02235599047154979,20.204951646843647,0.75,REFLEXIVE_BASIS_REPAIR,60,0.016414243949975704,0.014814243949975704,0.6837461492807244,13.815057884932575
BTCUSDT,-1.0,-2.6633761504512297,-2.583327039057823,2.288225276222876,0.7180856255907061,-0.3431980215836918,-0.0009353127091711322,2025-04-22 14:25:00+00:00,90321.6,90372.75866667,0.00852398540326993,-0.0037942197658145105,15.743840261313387,1.0,REFLEXIVE_BASIS_REPAIR,60,0.00852398540326993,0.006923985403269929,0.7180856255907061,11.30542538324537
XRPUSDT,1.0,2.5444294369823304,1.9304386512172955,2.467913328685165,0.16547353782980956,1.1656688104850688,0.006102037071022082,2025-04-22 21:45:00+00:00,2.1929,2.193165,-0.005472205754936343,0.012038852660860133,12.122056930548306,1.0,INDEX_CONFIRMED_DISCOVERY,120,0.012038852660860133,0.010438852660860132,1.1656688104850688,14.130303682864527
XRPUSDT,-1.0,4.4727011580358,1.706679543351995,1.6732817990185715,0.4821359544218796,-0.17931569978107825,-0.00013538517081101986,2025-04-23 00:40:00+00:00,2.2162,2.21632342,-0.0051890623589929685,0.0015341575670065888,12.772942348189968,1.0,REFLEXIVE_BASIS_REPAIR,60,-0.0051890623589929685,-0.006789062358992968,0.4821359544218796,6.1582947498202145
ETHUSDT,1.0,3.6394472021779034,2.909564888511812,3.1215436787372886,0.7106531240785094,-0.5001329565937368,-0.007048697571499063,2025-04-23 02:30:00+00:00,1790.46,1790.925,0.00183751661584175,-0.002753482345319136,33.05467464922892,1.0,REFLEXIVE_BASIS_REPAIR,60,0.00183751661584175,0.0002375166158417499,0.7106531240785094,23.490407804873243
BTCUSDT,1.0,-2.557535493604004,-1.8470089049301164,2.0361230892643967,0.6225205199124673,-0.48505234863459956,-0.0012051691900670791,2025-04-23 08:20:00+00:00,94229.9,94264.15955556,0.0005146986253832253,-0.008011257573233066,9.618219580590479,1.0,REFLEXIVE_BASIS_REPAIR,60,0.0005146986253832253,-0.0010853013746167748,0.6225205199124673,5.9875390539414575
SOLUSDT,1.0,-3.1286327845350086,-2.57413786145019,2.271837567946509,0.7208880056010947,-0.4824999736614798,-0.002316653428647175,2025-04-23 15:45:00+00:00,150.73,150.78925,-0.005108472102434813,0.002852783122138991,18.296316791360976,1.0,REFLEXIVE_BASIS_REPAIR,60,-0.005108472102434813,-0.006708472102434813,0.7208880056010947,13.189595321570033
SOLUSDT,1.0,2.3107630346923114,2.0641006501997285,1.851579247429727,0.7841699612333757,-0.3325183371028025,-0.002764612954186285,2025-04-23 16:45:00+00:00,151.5,151.5724375,0.0022442244224423202,-0.0046204620462045876,8.83138029590414,1.0,REFLEXIVE_BASIS_REPAIR,60,0.0022442244224423202,0.0006442244224423202,0.7841699612333757,6.925303144276347
BTCUSDT,1.0,4.282804133560896,3.4400213741865517,2.167122236024526,0.973645742797973,0.1034829962911143,-0.00011382269216442253,2025-04-24 14:10:00+00:00,93116.7,93160.44597403,-0.001969571516172719,0.0017000172901315835,31.928077023620446,1.0,REFLEXIVE_BASIS_REPAIR,60,-0.001969571516172719,-0.003569571516172719,0.973645742797973,31.086636269773823
XRPUSDT,1.0,-2.4563419450894006,-1.9754724704249473,1.8831140492005796,0.14426794833848167,0.44123250093966243,0.002266134880348103,2025-04-24 15:15:00+00:00,2.2114,2.21343312,-0.0018540291218234195,-0.007416116487293123,9.13769019819705,1.0,INDEX_CONFIRMED_DISCOVERY,120,-0.007416116487293123,-0.009016116487293124,0.44123250093966243,4.031845898962325
BTCUSDT,-1.0,-3.1654831544033013,-1.6614470059974185,1.1468093273219988,0.9762491453807037,0.05844519381265297,-0.00025512318574572035,2025-04-24 17:20:00+00:00,92920.0,92965.98051948,0.003909814894532904,-0.003451356005165662,6.031394236822732,1.0,REFLEXIVE_BASIS_REPAIR,60,0.003909814894532904,0.002309814894532904,0.9762491453807037,5.888143469152293
ETHUSDT,1.0,2.909269316537294,1.8585369866638712,1.365539940026457,0.9296607967149221,0.08174531488107586,-0.0003583373148590141,2025-04-25 03:45:00+00:00,1757.49,1758.21295775,-0.00698154754792335,0.004136581146976681,7.383453465941562,1.0,REFLEXIVE_BASIS_REPAIR,60,-0.00698154754792335,-0.008581547547923351,0.9296607967149221,6.864107231654786
XRPUSDT,1.0,-2.793141476732276,-3.4409355042930727,1.1304156303692052,0.5697144864628525,-0.8560748355001472,-0.0020877774247719527,2025-04-25 10:25:00+00:00,2.1987,2.20024375,-0.0005457770500749692,0.0020921453586209005,10.864446865312182,0.75,REFLEXIVE_BASIS_REPAIR,60,-0.0005457770500749692,-0.002145777050074969,0.5697144864628525,6.189632766574277
XRPUSDT,1.0,-2.99599168990083,-2.6035253163302623,1.9397033577864788,0.706087546355588,-0.38340984285037366,-0.0013567293777133616,2025-04-25 12:20:00+00:00,2.2082,2.20960625,0.007879721039760978,-0.004528575310207561,15.129958160755162,1.0,REFLEXIVE_BASIS_REPAIR,60,0.007879721039760978,0.006279721039760979,0.706087546355588,10.683075034190319
SOLUSDT,1.0,2.8523010423922512,2.6940968407425814,1.727449469909759,0.8906028923636696,-0.38775145781334924,-0.0038538120624317385,2025-04-25 14:20:00+00:00,155.09,155.1653125,0.009220452640402388,-0.021858275839835017,13.274369912737859,1.0,REFLEXIVE_BASIS_REPAIR,60,0.009220452640402388,0.007620452640402388,0.8906028923636696,11.82219223858961
BTCUSDT,-1.0,-2.829865166976467,-1.5091646729466848,1.4363971181338255,-0.17063578389280565,0.4248983826801175,0.0009366324074813193,2025-04-25 15:35:00+00:00,95145.6,95233.7615,-0.0010047758382941696,-0.0007388675882016305,6.134467911631911,1.0,INDEX_CONFIRMED_DISCOVERY,120,-0.0007388675882016305,-0.0023388675882016303,0.4248983826801175,2.606525494255477
SOLUSDT,-1.0,-3.413687972429414,-3.556457357142388,1.9350230188428492,0.9913211521388109,-0.15369586704124488,-0.001990313806143451,2025-04-25 17:45:00+00:00,151.03,151.11559375,0.005296960868701683,-0.0009269681520227557,23.49240955166073,1.0,REFLEXIVE_BASIS_REPAIR,60,0.005296960868701683,0.0036969608687016835,0.9913211521388109,23.28852250326912
ETHUSDT,1.0,3.0999594636035432,3.526698170959705,1.652772827910911,0.9801799263801102,-0.35234736939171685,-0.003670039634213751,2025-04-27 14:25:00+00:00,1799.89,1800.7672973,0.003483546216713318,-0.004450271961064289,18.069139538735847,1.0,REFLEXIVE_BASIS_REPAIR,60,0.003483546216713318,0.001883546216713318,0.9801799263801102,17.71100786283004
ETHUSDT,1.0,-2.6022540230724176,-2.3788877310233407,2.872811003854333,0.5488198311271211,-0.4369870085575578,-0.0018688198402707634,2025-04-28 10:50:00+00:00,1815.93,1817.34027027,-0.0009692003546393213,-0.003304092118088242,17.784050819078974,0.25,REFLEXIVE_BASIS_REPAIR,60,-0.0009692003546393213,-0.002569200354639321,0.5488198311271211,9.760239767283062
ETHUSDT,1.0,-2.660547187744665,-1.67478221886143,3.09017231430129,0.891308536386639,-0.4072515348207399,-0.003950611788403058,2025-04-28 19:10:00+00:00,1790.09,1791.09465116,-0.0002178661408085425,-0.002687015736638876,13.769304512912953,1.0,REFLEXIVE_BASIS_REPAIR,60,-0.0002178661408085425,-0.0018178661408085426,0.891308536386639,12.272698652466387
BTCUSDT,1.0,2.198000092576102,2.375048746939125,1.5337790796120434,0.5135054425975527,-0.3862797743420351,-0.0013502440825843287,2025-04-29 16:40:00+00:00,95187.4,95249.53173913,0.0007984250016284111,0.0015464231610486934,8.006874915524865,0.75,REFLEXIVE_BASIS_REPAIR,60,0.0007984250016284111,-0.000801574998371589,0.5135054425975527,4.111573847319838
ETHUSDT,-1.0,-5.550401078840499,-4.39536377262756,1.4617216115629128,0.8983973756235368,-0.2960503010909699,-0.0021765336190731066,2025-04-30 07:55:00+00:00,1795.74,1796.41255814,0.0005401672847962224,-0.005474066401594868,35.6602069556931,0.25,REFLEXIVE_BASIS_REPAIR,60,0.0005401672847962224,-0.0010598327152037776,0.8983973756235368,32.03703634318688
XRPUSDT,-1.0,-2.2936672428867837,-2.5695551611243688,2.776998426972076,0.6679542992119616,-0.483681531705731,-0.003699935251133102,2025-04-30 13:20:00+00:00,2.1702,2.17093684,-0.005990231315086136,0.004147083218136505,16.36680813070801,1.0,REFLEXIVE_BASIS_REPAIR,60,-0.005990231315086136,-0.007590231315086136,0.6679542992119616,10.932279855283703
XRPUSDT,1.0,-2.503188579950525,-2.116368500205807,1.6737671308768314,0.6691073475195617,-0.11894433378368639,-0.0001836969001149935,2025-04-30 17:50:00+00:00,2.1771,2.17851842,-0.010334849111203193,0.007487024022782673,8.86706501353985,1.0,REFLEXIVE_BASIS_REPAIR,60,-0.010334849111203193,-0.011934849111203193,0.6691073475195617,5.933018351493156
BTCUSDT,-1.0,-2.0524980363158147,-1.6552927173324208,1.3410027519485164,0.43771158271734456,-1.1708226311458083,-0.002511912887110501,2025-05-01 20:10:00+00:00,96503.1,96566.51608696,0.00011087726715519608,0.00024040678485992562,4.556036804238368,0.25,REFLEXIVE_BASIS_REPAIR,60,0.00011087726715519608,-0.001489122732844804,0.43771158271734456,1.9942300805016486
BTCUSDT,-1.0,-2.8542165690731043,-1.7647185095530087,1.1477771690930552,0.12751157776596245,0.7363818366011439,0.0011388294201400972,2025-05-02 07:10:00+00:00,96392.7,96472.55326087,0.00043986733435219527,-0.0031672522919266033,5.781225979052537,1.0,INDEX_CONFIRMED_DISCOVERY,120,-0.0031672522919266033,-0.004767252291926603,0.7363818366011439,4.257189804260953
ETHUSDT,1.0,7.117324472794352,5.532095623318617,3.5783337204779335,0.7179374186802328,-0.3182072182762005,-0.00587054825676292,2025-05-02 16:10:00+00:00,1857.68,1857.93209302,0.008306059170578362,-0.0035205202187674756,140.89230842252925,1.0,REFLEXIVE_BASIS_REPAIR,60,0.008306059170578362,0.006706059170578362,0.7179374186802328,101.15186022076986
BTCUSDT,-1.0,-2.584791206956193,-2.204008480754559,1.3312587409554169,0.5330721627104251,-0.47027476669808893,-0.0012188336570260194,2025-05-04 10:25:00+00:00,95371.1,95407.54934783,0.0013305917620745067,-0.0005053941917414484,7.5840502392185005,0.75,REFLEXIVE_BASIS_REPAIR,60,0.0013305917620745067,-0.0002694082379254934,0.5330721627104251,4.042846063124723
BTCUSDT,-1.0,-2.3803568486999627,-2.1677413437995745,2.4989758965474196,0.6271301640510237,-0.012502328863268644,-0.0002365701740736359,2025-05-04 22:10:00+00:00,95131.7,95190.7876087,-0.004540021885449219,0.008248564884260401,12.894710513088523,1.0,REFLEXIVE_BASIS_REPAIR,60,-0.004540021885449219,-0.006140021885449219,0.6271301640510237,8.086661919463666
BTCUSDT,-1.0,-2.7647689894213467,-1.6338736272220395,1.9421081550635688,0.8629972986373656,0.07591121693379088,-0.00018545384795531916,2025-05-04 23:35:00+00:00,94380.6,94425.71065217,0.002635075428636835,0.005504309148278375,8.773052419442338,1.0,REFLEXIVE_BASIS_REPAIR,60,0.002635075428636835,0.001035075428636835,0.8629972986373656,7.5711205387827425
XRPUSDT,-1.0,-2.6329991413710405,-2.0428694890412125,1.4572540767118916,0.4199316954967186,-0.14344413128996944,-0.0007891560672175224,2025-05-05 01:25:00+00:00,2.1559,2.15752105,-0.0006029964284057776,0.0019481423071571191,7.838385497133689,1.0,REFLEXIVE_BASIS_REPAIR,60,-0.0006029964284057776,-0.0022029964284057775,0.4199316954967186,3.2915865117682395
ETHUSDT,-1.0,-4.701622592554276,-3.893282396517399,1.0141706249533509,0.9879102143824903,-0.24514421133286018,-0.001574588304844804,2025-05-06 13:35:00+00:00,1761.96,1762.85767442,0.007185180140298231,-0.008779995005562036,18.564134143477386,0.75,REFLEXIVE_BASIS_REPAIR,60,0.007185180140298231,0.005585180140298231,0.9879102143824903,18.33969774150805
BTCUSDT,-1.0,2.604541403283395,2.5447784864514786,2.6967094901997464,0.8251837371137712,-0.4327974439002922,-0.0025662915211270843,2025-05-07 18:15:00+00:00,96182.3,96226.48413043,0.001628158195426721,-0.0016520711191143622,17.87373907519232,1.0,REFLEXIVE_BASIS_REPAIR,60,0.001628158195426721,2.8158195426720945e-05,0.8251837371137712,14.749118806263638
BTCUSDT,-1.0,-3.207993386045537,-2.332182542324415,1.146419680975547,0.8413328390120914,-0.18376976271662399,-0.0005922906450348542,2025-05-07 20:00:00+00:00,96124.6,96179.09282609,0.006233576004477381,-0.009990158606641764,8.577083487938468,1.0,REFLEXIVE_BASIS_REPAIR,60,0.006233576004477381,0.0046335760044773815,0.8413328390120914,7.216182001351003
ETHUSDT,1.0,4.364023561295573,3.0948123547620345,3.443726463228729,0.7448591681257484,-0.05295566273465031,-0.001096572548604069,2025-05-08 03:50:00+00:00,1885.63,1886.23488372,-0.006119970513833506,0.00815112190620626,46.510398070758235,1.0,REFLEXIVE_BASIS_REPAIR,60,-0.006119970513833506,-0.007719970513833506,0.7448591681257484,34.643696416182394
ETHUSDT,1.0,-3.7941838159651002,-3.4513787206056543,3.3625363264016723,0.9712833877885574,-0.5076432242148408,-0.005722630449141453,2025-05-08 07:40:00+00:00,1926.83,1927.73162791,-0.004380251501170385,0.002818100195658202,44.03296896932602,0.75,REFLEXIVE_BASIS_REPAIR,60,-0.004380251501170385,-0.0059802515011703845,0.9712833877885574,42.7684912749154
ETHUSDT,-1.0,3.0003362369619944,2.089690902377201,1.5544248646979992,0.9319735279109886,-1.621973423191302,-0.0034342231787169997,2025-05-08 13:55:00+00:00,1972.26,1973.27627907,0.01110401265553218,-0.034878768519363446,9.745894682160298,0.75,REFLEXIVE_BASIS_REPAIR,60,0.01110401265553218,0.00950401265553218,0.9319735279109886,9.082915849581877
ETHUSDT,1.0,4.125842861463964,2.4883915717527523,2.569712111597916,0.8882791034439086,-0.1552255349755972,-0.0019343999122539701,2025-05-08 15:15:00+00:00,2001.91,2003.01302326,-0.026120055347143456,0.022483528230539784,26.382495721821094,1.0,REFLEXIVE_BASIS_REPAIR,60,-0.026120055347143456,-0.027720055347143457,0.8882791034439086,23.435019646391996
SOLUSDT,1.0,2.8497715399166883,2.8713494771058223,2.370455963239425,-0.05411420666495581,0.3356040510067088,0.001498127340824107,2025-05-08 16:15:00+00:00,160.44,160.44944737,0.005547245076040763,-0.006045873846921013,19.396706355644874,1.0,INDEX_CONFIRMED_DISCOVERY,120,-0.006045873846921013,-0.0076458738469210126,0.3356040510067088,6.509613229141995
ETHUSDT,1.0,3.2559693785939965,2.619285403552439,1.763637984587822,0.9727631482223154,-0.22748790246747766,-0.0016532840893160872,2025-05-08 18:45:00+00:00,2065.19,2066.20651163,-0.006938828872888214,0.04161844672887227,15.040856870766982,0.5,REFLEXIVE_BASIS_REPAIR,60,-0.006938828872888214,-0.008538828872888215,0.9727631482223154,14.631191281568531
SOLUSDT,1.0,3.633982151227058,1.5316326521116268,2.0551177713648796,0.7226737536167167,0.001904897668292661,-0.00043287366272970473,2025-05-08 20:45:00+00:00,161.64,161.70063158,0.0050111358574608245,-0.0002474634991338487,11.438632861289854,1.0,REFLEXIVE_BASIS_REPAIR,60,0.0050111358574608245,0.0034111358574608246,0.7226737536167167,8.266399746111864
SOLUSDT,-1.0,4.808085333983325,2.8075675468789973,2.6127988983373887,0.13474398741849225,0.4162731261453033,0.0014032090781526119,2025-05-09 00:10:00+00:00,163.68,163.65052632,-0.006964809384164328,0.002260508308895459,35.270235940685204,1.0,INDEX_CONFIRMED_DISCOVERY,120,0.002260508308895459,0.0006605083088954591,0.4162731261453033,14.682051374911463
ETHUSDT,1.0,10.862789562327883,9.165789468864286,3.1081840231359155,0.07128899882044926,0.46089381748092767,0.005582531710969452,2025-05-09 07:10:00+00:00,2296.66,2293.79186047,-0.037058162723259125,0.03424538242491271,309.46958152860316,1.0,INDEX_CONFIRMED_DISCOVERY,120,0.03424538242491271,0.03264538242491271,0.46089381748092767,142.63261682494309
SOLUSDT,1.0,4.267284199287748,3.475062136336324,2.533336334781507,0.6677039768422617,-0.6707986766206377,-0.004691489993467468,2025-05-09 10:20:00+00:00,167.6,167.73126316,-0.04224343675417663,0.02225536992840116,37.56704146506716,1.0,REFLEXIVE_BASIS_REPAIR,60,-0.04224343675417663,-0.04384343675417663,0.6677039768422617,25.08366298442349
ETHUSDT,-1.0,3.292386392954598,2.5277491322372896,3.148813330441787,0.854290955358112,-0.19769178671191323,-0.0020447104322918186,2025-05-09 11:35:00+00:00,2347.42,2348.26860465,-0.0009371991377769007,-0.0011203789692513233,26.2054537185859,1.0,REFLEXIVE_BASIS_REPAIR,60,-0.0009371991377769007,-0.0025371991377769005,0.854290955358112,22.387082092843535
BTCUSDT,-1.0,-2.8966681084720936,-3.3200722868502193,1.4809082536369458,0.20197822607694282,1.669762298098044,0.003388504643219492,2025-05-09 14:25:00+00:00,102940.4,103018.11456522,-0.00158635482279057,0.0011851517965735248,14.242113125692782,1.0,INDEX_CONFIRMED_DISCOVERY,120,0.0011851517965735248,-0.0004148482034264753,1.669762298098044,23.780943542529098
SOLUSDT,1.0,2.2808495252667766,1.5168298413902777,1.0364635394508137,0.1739115931732108,0.7678451335602603,0.0033746436259962653,2025-05-09 21:35:00+00:00,172.45,172.46957895,-0.002841403305305912,0.0040011597564511,3.5858120952822192,1.0,INDEX_CONFIRMED_DISCOVERY,120,0.0040011597564511,0.0024011597564511005,0.7678451335602603,2.7533483672239725
BTCUSDT,1.0,2.9275290290032787,1.6768307899605486,1.6593590497613024,0.7535237686154999,-0.018408437926953906,-0.0003262501443583865,2025-05-10 07:05:00+00:00,103874.1,103912.2973913,0.0005516293281964124,-0.004694144161056513,8.145745145782561,1.0,REFLEXIVE_BASIS_REPAIR,60,0.0005516293281964124,-0.0010483706718035877,0.7535237686154999,6.138012580431489
ETHUSDT,1.0,2.408253141084725,1.84177180115937,2.519711611289329,0.3900466306536895,-0.3452746697321469,-0.0028370297602791084,2025-05-10 16:25:00+00:00,2446.31,2448.08581395,-0.01362051416214638,0.009810694474535087,11.176061733271686,1.0,REFLEXIVE_BASIS_REPAIR,60,-0.01362051416214638,-0.01522051416214638,0.3900466306536895,4.359185223040254
ETHUSDT,1.0,2.972670731716037,2.257656280881146,2.006019491204104,0.8532104191627764,-0.43830519230187753,-0.0026508442319149728,2025-05-10 19:00:00+00:00,2494.46,2495.75581395,-0.001559455753950667,-0.0018521042630468276,13.462935920100199,1.0,REFLEXIVE_BASIS_REPAIR,60,-0.001559455753950667,-0.003159455753950667,0.8532104191627764,11.48671719955029
SOLUSDT,1.0,2.259527565464936,3.8590970246251377,2.1036608016529033,0.4105753812469656,-0.005180978640170662,-0.00022589936183425863,2025-05-10 23:45:00+00:00,177.03,177.06115789,0.004857933683556581,0.011862396204033177,18.343367044728716,0.75,REFLEXIVE_BASIS_REPAIR,60,0.004857933683556581,0.0032579336835565813,0.4105753812469656,7.531334917742517
SOLUSDT,-1.0,2.2409756923879915,1.6536292330123747,1.9320599434194996,-1.3942160247600452,0.6640930381732972,0.004557731262660347,2025-05-11 01:55:00+00:00,176.91,176.78586842,-0.011361709343734039,0.005991747216098631,7.159717447460596,1.0,INDEX_CONFIRMED_DISCOVERY,120,0.005991747216098631,0.004391747216098631,0.6640930381732972,4.754718512146472
XRPUSDT,-1.0,-3.5032600402642236,-1.6198097493387484,2.878506115056254,0.9296505968513824,-0.4425703520399276,-0.004698445241756222,2025-05-11 07:50:00+00:00,2.3522,2.35323947,0.0015729954935805868,-0.009352946178046162,16.334413309380867,1.0,REFLEXIVE_BASIS_REPAIR,60,0.0015729954935805868,-2.700450641941331e-05,0.9296505968513824,15.185297082283087
BTCUSDT,1.0,3.0536161023247694,2.0790640611018087,1.1845445323489343,0.810963680667206,-0.18755470450842468,-0.0007454746236408294,2025-05-11 09:20:00+00:00,104151.2,104190.01804348,-0.00048391185123164426,0.0025040518016115065,7.520274630423717,1.0,REFLEXIVE_BASIS_REPAIR,60,-0.00048391185123164426,-0.002083911851231644,0.810963680667206,6.098669593916631
ETHUSDT,1.0,2.651117363856399,1.714336440784826,1.464915630030063,0.9366262454247138,-0.030984501949819606,-0.0008186995728524105,2025-05-11 11:50:00+00:00,2526.33,2527.4955814,0.0034912303618290785,-0.01635969964335615,6.657905456110798,1.0,REFLEXIVE_BASIS_REPAIR,60,0.0034912303618290785,0.0018912303618290785,0.9366262454247138,6.235968989749774
XRPUSDT,-1.0,-2.6152993059058773,-2.6870115262993592,2.0894312339215544,0.46256925303364094,-0.5741698667926536,-0.0035934291581107836,2025-05-11 16:00:00+00:00,2.346,2.34763158,0.0005541346973572114,-0.008908780903665647,14.683142391294982,0.75,REFLEXIVE_BASIS_REPAIR,60,0.0005541346973572114,-0.0010458653026427886,0.46256925303364094,6.791970208127909
BTCUSDT,-1.0,-4.343179438520056,-4.801723573544641,1.3284062852539114,0.7767054165010425,0.12777597715452682,-0.0002088052299455967,2025-05-11 22:10:00+00:00,103946.3,103978.93934783,-0.0006840070305533796,-0.002201136548390936,27.703577117151475,1.0,REFLEXIVE_BASIS_REPAIR,60,-0.0006840070305533796,-0.0022840070305533795,0.7767054165010425,21.51751840334589
BTCUSDT,1.0,3.9690555025932017,2.8659860416850105,4.2145075587487275,0.9945566316295881,-0.22771133872992003,-0.0033012955241741304,2025-05-12 07:10:00+00:00,105276.5,105322.6073913,0.009486447592767622,-0.00806542770703822,47.941109429158296,1.0,REFLEXIVE_BASIS_REPAIR,60,0.009486447592767622,0.007886447592767621,0.9945566316295881,47.680148310449155
SOLUSDT,1.0,-3.388640258322403,-6.746427042736031,3.9911901301178165,0.8713801214109151,-0.12568156251098495,0.0,2025-05-12 14:00:00+00:00,179.26,179.31857895,0.019245788240544348,-0.027446167577819813,91.24345278427333,0.75,REFLEXIVE_BASIS_REPAIR,60,0.019245788240544348,0.017645788240544347,0.8713801214109151,79.5077309651112
BTCUSDT,-1.0,-2.8843656146672085,-2.5901716492060087,1.5901366793659297,0.8806096752528003,-0.9065624898000759,-0.00238400450225118,2025-05-12 15:55:00+00:00,102592.8,102632.495,0.0034310399950094883,-0.0006735365444747732,11.879914377100341,0.0,REFLEXIVE_BASIS_REPAIR,60,0.0034310399950094883,0.0018310399950094882,0.8806096752528003,10.461567541649405
XRPUSDT,1.0,2.614183255961016,-2.062144453430056,1.66829984340711,0.5011442317154735,-1.553655572988253,-0.0062116654295424345,2025-05-12 18:25:00+00:00,2.5438,2.54388158,0.022682600833398903,-0.010614041984432832,8.993510003437423,0.75,REFLEXIVE_BASIS_REPAIR,60,0.022682600833398903,0.021082600833398902,0.5011442317154735,4.507045661098073
XRPUSDT,1.0,2.4395925567889556,2.2759516048022945,2.081626472507949,0.8662942460708174,-0.13523450829806202,-0.001976362702083012,2025-05-13 09:25:00+00:00,2.5249,2.52586316,-0.008950849538595484,0.011247970216642145,11.558011574111662,1.0,REFLEXIVE_BASIS_REPAIR,60,-0.008950849538595484,-0.010550849538595485,0.8662942460708174,10.012638922672844
BTCUSDT,1.0,-2.354629747182343,-2.1455897733631835,1.7159986632056101,0.5206734545025811,-0.3424095291767374,-0.0007280764605648304,2025-05-13 15:20:00+00:00,103622.4,103681.0326087,-0.005118584398740023,0.0017351460688037612,8.669344518050602,0.75,REFLEXIVE_BASIS_REPAIR,60,-0.005118584398740023,-0.0067185843987400224,0.5206734545025811,4.513897558486421
ETHUSDT,-1.0,2.6644047353555083,2.8974768373794255,1.0859273123238868,0.6107805840740737,-0.5956029790448576,-0.0026459138068937182,2025-05-14 02:35:00+00:00,2645.01,2646.71372093,-0.0034290985667351226,-0.00210207144774488,8.383414240053845,0.75,REFLEXIVE_BASIS_REPAIR,60,-0.0034290985667351226,-0.0050290985667351224,0.6107805840740737,5.120426646074994
ETHUSDT,1.0,2.8444558465032292,1.7565203517978276,1.9797499909739917,0.781668202086886,-0.42754217709874376,-0.005279298163891166,2025-05-15 12:40:00+00:00,2562.5,2563.88372093,0.009681951219512208,-0.02650536585365859,9.891513145419925,1.0,REFLEXIVE_BASIS_REPAIR,60,0.009681951219512208,0.008081951219512207,0.781668202086886,7.731881296299192
BTCUSDT,-1.0,-2.1576813260990844,-2.8240216263326494,1.099896719958627,0.7229336411811421,-0.3718790868318453,-0.0017636666993816608,2025-05-15 14:15:00+00:00,102069.7,102119.735,-0.00014499895659536577,-0.009529762505425143,6.702043280125826,1.0,REFLEXIVE_BASIS_REPAIR,60,-0.00014499895659536577,-0.0017449989565953658,0.7229336411811421,4.845132551854969
ETHUSDT,-1.0,-5.263015657156214,-2.8979507811470904,2.1090840664959085,0.857391410642262,-0.21420038012616316,-0.002119550576042295,2025-05-18 17:45:00+00:00,2529.47,2530.94604651,-0.023238069635140857,0.03882631539413384,32.167666525049654,0.75,REFLEXIVE_BASIS_REPAIR,60,-0.023238069635140857,-0.024838069635140857,0.857391410642262,27.58028097898219
BTCUSDT,-1.0,-3.3516219715394455,-2.1575452777539685,1.9093508931858225,-0.039661552340502615,2.172443888713113,0.0031222913496542493,2025-05-18 20:05:00+00:00,103509.8,103514.53108696,0.005346353678588933,-0.00542943759914527,13.80704359021769,1.0,INDEX_CONFIRMED_DISCOVERY,120,-0.00542943759914527,-0.00702943759914527,2.172443888713113,29.995027468763976
ETHUSDT,1.0,2.9522779290806946,2.9457668588696957,2.5256919051949107,0.8093825739536915,-0.009528181836849909,-0.0006723603851663817,2025-05-19 00:00:00+00:00,2496.98,2497.7544186,0.0219344968722216,-0.027773550448942252,21.965241573651134,1.0,REFLEXIVE_BASIS_REPAIR,60,0.0219344968722216,0.020334496872221598,0.8093825739536915,17.778283762396388
BTCUSDT,1.0,3.2637076138527723,1.5475717156425204,1.5322005241064698,0.9342601296006756,-0.16077662120600122,-0.0009245256099300603,2025-05-19 01:30:00+00:00,105037.8,105086.22847826,0.0016632107679330765,-0.00817229606865344,7.738871489397498,1.0,REFLEXIVE_BASIS_REPAIR,60,0.0016632107679330765,6.321076793307646e-05,0.9342601296006756,7.23011908064748
BTCUSDT,-1.0,-4.331156787169542,-3.4090722259015904,1.697607102136026,0.9163354819200208,-0.7147218348001761,-0.002748708954496859,2025-05-19 05:10:00+00:00,102912.1,102961.305,0.0008774478414101949,0.0034505174804517758,25.065553047083956,0.75,REFLEXIVE_BASIS_REPAIR,60,0.0008774478414101949,-0.0007225521585898051,0.9163354819200208,22.96845563099152
SOLUSDT,-1.0,-3.719471010951881,-3.3817628165042053,1.659997587559711,0.554813252046699,-1.5533379784901158,-0.006426579362192264,2025-05-19 17:25:00+00:00,166.0,166.13681579,-0.007891566265060268,0.005722891566265043,20.880061800194376,0.0,REFLEXIVE_BASIS_REPAIR,60,-0.007891566265060268,-0.009491566265060269,0.554813252046699,11.584534990301893
XRPUSDT,1.0,-3.116480221269429,-3.5831707436789086,1.2719601758556336,0.9977016263875657,-0.5530818346933956,-0.003002877757851352,2025-05-19 20:05:00+00:00,2.3905,2.39152368,0.003179251202677258,-0.0054800250993514155,14.203827605208387,1.0,REFLEXIVE_BASIS_REPAIR,60,0.003179251202677258,0.0015792512026772578,0.9977016263875657,14.17118190264501
ETHUSDT,-1.0,3.141365400822343,2.973001983087067,1.7311184959933668,0.4503330402992971,-0.6443115343131313,-0.0017969310927929971,2025-05-20 03:40:00+00:00,2553.37,2555.37604651,-0.00016840489235792067,-0.006387636731065127,16.167409983092202,1.0,REFLEXIVE_BASIS_REPAIR,60,-0.00016840489235792067,-0.0017684048923579207,0.4503330402992971,7.280718891451119
BTCUSDT,1.0,2.4704234087744434,4.584110579846658,1.930666932282173,0.7886089112018309,-1.3760799222406361,-0.0029610565650645126,2025-05-21 15:30:00+00:00,108860.7,108915.64543478,-0.0017848498126504797,-0.017791544607006937,21.864212387858007,0.5,REFLEXIVE_BASIS_REPAIR,60,-0.0017848498126504797,-0.0033848498126504796,0.7886089112018309,17.242312725474285
BTCUSDT,1.0,4.37169293104122,4.206211826737933,2.4835809450535233,0.49836409130242987,-0.03683611124717503,-0.0009091357186280513,2025-05-21 16:40:00+00:00,109455.0,109530.83413043,0.018165456123521162,-0.022993010826366955,45.668748315342,1.0,REFLEXIVE_BASIS_REPAIR,60,0.018165456123521162,0.01656545612352116,0.49836409130242987,22.75966425509479
BTCUSDT,-1.0,-11.368619990205454,-13.757160475957884,3.7283510895904564,0.9200309618077969,0.02128254409781028,-0.001004227336777852,2025-05-21 17:50:00+00:00,106556.9,106615.34804348,0.004475543113585445,-0.0160946874392931,583.1138479190263,1.0,REFLEXIVE_BASIS_REPAIR,60,0.004475543113585445,0.0028755431135854452,0.9200309618077969,536.4827943443871
XRPUSDT,1.0,-2.1296347029619946,-2.3424113275434366,1.1596140731824125,0.8152141328430855,-0.9742348106989345,-0.004217629692112923,2025-05-21 18:50:00+00:00,2.361,2.36196053,-0.00783566285472248,0.006649724692926684,5.784712135642081,0.75,REFLEXIVE_BASIS_REPAIR,60,-0.00783566285472248,-0.009435662854722481,0.8152141328430855,4.715779087404333
BTCUSDT,1.0,-3.48885171513954,-1.7680619398769584,2.038811001682045,0.9642816594699101,-0.39504023165662056,-0.00043759725023095886,2025-05-21 20:05:00+00:00,108499.8,108546.34434783,0.004282035542922724,-0.0005502314289980159,12.5764177569051,1.0,REFLEXIVE_BASIS_REPAIR,60,0.004282035542922724,0.0026820355429227243,0.9642816594699101,12.127208984815294
SOLUSDT,1.0,5.959659706974975,4.24994719305702,2.421038162059791,0.9774540434756555,-0.15017846034326124,-0.003209352971517032,2025-05-21 23:30:00+00:00,173.93,174.02318421,0.0012073822802277645,0.0031046972920139027,61.32063330144064,1.0,REFLEXIVE_BASIS_REPAIR,60,0.0012073822802277645,-0.00039261771977223557,0.9774540434756555,59.93810096898108
SOLUSDT,1.0,3.205602979683506,3.074669725026477,2.2789068955512612,0.8015947908021869,-0.19627480739661918,-0.002315468458801595,2025-05-22 03:55:00+00:00,176.66,176.7715,0.0013585418317673126,0.0018679950186799577,22.461294761412752,0.75,REFLEXIVE_BASIS_REPAIR,60,0.0013585418317673126,-0.0002414581682326875,0.8015947908021869,18.00485687542091
ETHUSDT,-1.0,2.6529686007544426,2.0027799217013595,2.042494750524549,0.7017941290283336,-0.4554215612548112,-0.0025720539249696195,2025-05-22 06:05:00+00:00,2615.52,2617.11906977,-0.00032498317734142024,-0.0061479170489997514,10.852412371364139,1.0,REFLEXIVE_BASIS_REPAIR,60,-0.00032498317734142024,-0.0019249831773414203,0.7017941290283336,7.616159288017808
ETHUSDT,1.0,3.347296222137021,2.5425915814535607,1.95617258506574,0.5758232409341242,-0.5182697872027243,-0.004659187018644206,2025-05-23 00:55:00+00:00,2659.69,2660.07116279,-0.005978140309584878,0.019318040824306548,16.648607711711428,1.0,REFLEXIVE_BASIS_REPAIR,60,-0.005978140309584878,-0.007578140309584878,0.5758232409341242,9.586655249598527
BTCUSDT,1.0,-2.044904411315834,-1.9765775888001682,1.5126206389153787,0.8946652922814504,-0.29395814188847996,-0.0004684667868942727,2025-05-23 17:10:00+00:00,109241.5,109290.49021739,0.00010527134834292795,-0.002667484426705946,6.113879860758847,0.75,REFLEXIVE_BASIS_REPAIR,60,0.00010527134834292795,-0.0014947286516570721,0.8946652922814504,5.469876112599487
XRPUSDT,-1.0,-2.5208386378878376,-2.096735008401321,2.700984845910292,0.19033284507411863,0.3677484834914904,0.0010539258738803126,2025-05-27 01:25:00+00:00,2.2748,2.27666053,0.007605064181466448,-0.00918762088974856,14.276138114210733,1.0,INDEX_CONFIRMED_DISCOVERY,120,-0.00918762088974856,-0.01078762088974856,0.3677484834914904,5.250028141616063
ETHUSDT,-1.0,-2.0666629811358996,-2.2201398591917147,2.2417234763578104,0.6772605067370955,-0.5716114659026198,-0.00326024566639882,2025-05-28 10:10:00+00:00,2621.82,2622.56139535,0.008925097832803042,-0.01151108771769227,10.285656919841253,1.0,REFLEXIVE_BASIS_REPAIR,60,0.008925097832803042,0.007325097832803042,0.6772605067370955,6.9660692176556
ETHUSDT,1.0,5.298995977196911,6.191206921418838,1.7946318948268294,0.621368020828019,0.023970598798470143,-0.00043245620464704704,2025-05-29 05:00:00+00:00,2727.42,2727.51209302,0.0020165577725469452,-0.00021998812064150108,58.87681263132763,1.0,REFLEXIVE_BASIS_REPAIR,60,0.0020165577725469452,0.00041655777254694516,0.621368020828019,36.58416853739016
SOLUSDT,-1.0,-4.096861958385852,-3.737658345069822,1.947576173045064,-0.08805464577558353,0.7911600042783011,0.005149700598802487,2025-05-29 19:15:00+00:00,166.14,166.35923684,0.0049957866859275946,-0.008667388949079147,29.8225917973574,1.0,INDEX_CONFIRMED_DISCOVERY,120,-0.008667388949079147,-0.010267388949079147,0.7911600042783011,23.59444185398731
SOLUSDT,-1.0,-3.726260702631083,-3.2157410601869936,1.2989815764811226,-0.28089506791560237,1.6426913253905928,0.011722054380664648,2025-05-30 00:55:00+00:00,163.56,163.78606316,-0.0023233064318903818,-0.007275617510393628,15.565292952286216,1.0,INDEX_CONFIRMED_DISCOVERY,120,-0.007275617510393628,-0.008875617510393629,1.6426913253905928,25.568971709883897
ETHUSDT,-1.0,-2.5945286421720843,-3.046063775188871,2.6807068808421306,0.5448775027531609,-0.3573725321149938,-0.0036713698847190557,2025-05-30 12:20:00+00:00,2597.09,2598.69069767,0.00239113777343114,0.005317489959916655,21.18589377421463,1.0,REFLEXIVE_BASIS_REPAIR,60,0.00239113777343114,0.00079113777343114,0.5448775027531609,11.543716893287808
XRPUSDT,-1.0,-2.267016018190186,-1.8567716979353945,1.215036907918606,0.9250335381224554,-1.496411023767582,-0.004255708598361885,2025-05-30 15:25:00+00:00,2.1946,2.19557632,-0.010571402533491092,0.01152829672833322,5.1144927429828275,0.25,REFLEXIVE_BASIS_REPAIR,60,-0.010571402533491092,-0.012171402533491093,0.9250335381224554,4.7310773177430265
BTCUSDT,-1.0,2.745149364052553,1.98643309588413,2.2602982964266474,-0.1803841531753816,1.0447863701598787,0.004763779602804941,2025-05-30 16:35:00+00:00,104145.3,104154.27956522,-0.0020135330158922438,-0.003990578547471646,12.325532169757182,1.0,INDEX_CONFIRMED_DISCOVERY,120,-0.003990578547471646,-0.005590578547471646,1.0447863701598787,12.87754801592942
XRPUSDT,1.0,-5.423669741352924,-2.630604336569791,1.7969384044776393,0.9845450526416677,-1.6598514457319697,-0.003449722623653728,2025-05-30 23:30:00+00:00,2.1377,2.13868421,0.007484679796042504,-0.009636525237404658,25.63787105177019,0.0,REFLEXIVE_BASIS_REPAIR,60,0.007484679796042504,0.005884679796042504,0.9845450526416677,25.24163910428537
XRPUSDT,-1.0,-3.156480384683584,-2.677666750671044,3.039913159142085,0.5791117117727391,-0.5841299203908275,-0.0022038039572653823,2025-05-31 03:15:00+00:00,2.0919,2.09340526,0.0072661217075387086,-0.01964721066972608,25.69335384949151,0.5,REFLEXIVE_BASIS_REPAIR,60,0.0072661217075387086,0.005666121707538709,0.5791117117727391,14.879322128961723
ETHUSDT,1.0,2.6168579800831093,3.3799280684791846,1.9893117672386196,0.6871272992484758,-0.49527625070219283,-0.002886913980288175,2025-06-02 13:45:00+00:00,2510.99,2511.65604651,-0.005181223342187735,0.011330192473884892,17.595048283390472,0.5,REFLEXIVE_BASIS_REPAIR,60,-0.005181223342187735,-0.006781223342187735,0.6871272992484758,12.090038007112625
ETHUSDT,1.0,2.2845108457795864,1.6455395812710492,1.4595714403469802,0.8341790265377251,-0.502018675921676,-0.0020049691785130053,2025-06-02 15:30:00+00:00,2538.58,2539.45,0.0020641460974244463,0.0017450700785479611,5.486898345866923,0.75,REFLEXIVE_BASIS_REPAIR,60,0.0020641460974244463,0.00046414609742444625,0.8341790265377251,4.577055520866724
SOLUSDT,1.0,4.179413859120346,3.346407466920818,1.2394355634501937,0.9480512664075262,-0.06390550112025631,-0.0010491884218970515,2025-06-03 02:00:00+00:00,161.86,161.95315789,0.012850611639688703,-0.015569010255776616,17.334772742576167,0.75,REFLEXIVE_BASIS_REPAIR,60,0.012850611639688703,0.011250611639688702,0.9480512664075262,16.434253251486002
ETHUSDT,1.0,3.302993755550346,2.0566788169797294,1.1797277090057456,0.822202440825843,0.03786878349563472,-0.00031913134754169015,2025-06-03 03:45:00+00:00,2599.98,2600.76837209,0.0023538642604942206,0.0025807890829929736,8.014123075350762,1.0,REFLEXIVE_BASIS_REPAIR,60,0.0023538642604942206,0.0007538642604942205,0.822202440825843,6.589231553632108
SOLUSDT,-1.0,2.4605134363443484,2.8528631003165112,4.872053813817257,0.49100711723948276,-0.30428016570286265,-0.006973211819939262,2025-06-05 19:25:00+00:00,145.85,145.89678947,-0.007610558793280653,0.017483716146725947,34.19942067565047,1.0,REFLEXIVE_BASIS_REPAIR,60,-0.007610558793280653,-0.009210558793280654,0.49100711723948276,16.7921589572115
BTCUSDT,1.0,3.003246706986475,1.9714172193284367,2.740255652480914,0.6024370565946644,-0.5229744307737834,-0.001368559129804714,2025-06-07 12:50:00+00:00,105441.0,105480.23152174,-0.0008829582420502025,-0.0002513253857607811,16.224100854844075,0.25,REFLEXIVE_BASIS_REPAIR,60,-0.0008829582420502025,-0.0024829582420502023,0.6024370565946644,9.773999564887243
XRPUSDT,1.0,4.250666173370938,3.4527620305655335,1.6682655010846867,0.4984747360149673,-0.18955163720198837,-0.0009112862805851218,2025-06-08 05:50:00+00:00,2.1927,2.19305,-0.007707392712181349,0.005107857892096446,24.484363302027166,0.5,REFLEXIVE_BASIS_REPAIR,60,-0.007707392712181349,-0.00930739271218135,0.4984747360149673,12.204836533472545
XRPUSDT,1.0,-2.231410757822407,-2.0619398044585537,2.1605564135588633,0.6125055785812559,-1.1215369122459842,-0.002745427976796777,2025-06-08 12:20:00+00:00,2.2521,2.25338947,-0.004973136184006188,0.007326495271080313,9.940794947236805,0.75,REFLEXIVE_BASIS_REPAIR,60,-0.004973136184006188,-0.006573136184006188,0.6125055785812559,6.088792360714904
BTCUSDT,1.0,2.8752777203907045,3.8301157824542322,2.543089857188489,0.8201939246017904,-1.5580274473164966,-0.002854355227102867,2025-06-08 13:55:00+00:00,105675.9,105731.53673913,-0.000865854939489541,0.002142399544267093,28.006149807737504,0.0,REFLEXIVE_BASIS_REPAIR,60,-0.000865854939489541,-0.002465854939489541,0.8201939246017904,22.9704739237939
BTCUSDT,1.0,2.4035121597473674,1.561653387157257,1.4752616213081513,-0.7197855511554063,0.3600839943460292,3.89649426844052e-05,2025-06-09 15:15:00+00:00,107793.4,107887.11043478,-0.00017162460781450228,0.003943655177404137,5.537325018640298,1.0,INDEX_CONFIRMED_DISCOVERY,120,0.003943655177404137,0.0023436551774041374,0.3600839943460292,1.9939021107041994
SOLUSDT,1.0,10.486638151845694,7.417054856741111,2.317032529605762,0.8812681585284574,-0.3954775978454165,-0.005141065830720937,2025-06-09 21:35:00+00:00,158.68,158.73194737,-0.008885807915301136,0.0073733299722711365,180.2187216497476,1.0,REFLEXIVE_BASIS_REPAIR,60,-0.008885807915301136,-0.010485807915301137,0.8812681585284574,158.8210209606257
ETHUSDT,1.0,5.249350129151835,4.126110576412474,2.4426303243191256,0.9383849337628172,-0.2500954355314428,-0.002215168702193626,2025-06-09 23:50:00+00:00,2684.58,2685.63627907,-0.007289780896825526,0.007554254296761487,52.90590501688946,1.0,REFLEXIVE_BASIS_REPAIR,60,-0.007289780896825526,-0.008889780896825527,0.9383849337628172,49.646104174935715
ETHUSDT,1.0,6.27647945961157,3.6382853802918937,1.032174171752219,0.8022142515252801,0.06938477559888231,-0.00045433725861010466,2025-06-10 01:10:00+00:00,2706.01,2706.73418605,0.008632636243029457,-0.008019186920964927,23.570340728801195,0.25,REFLEXIVE_BASIS_REPAIR,60,0.008632636243029457,0.007032636243029457,0.8022142515252801,18.908463245951076
ETHUSDT,1.0,-2.6098470550502175,-2.2407313306550884,1.2179660902883316,-0.03368661722863142,0.8376439589410777,0.00456217325344066,2025-06-10 18:50:00+00:00,2761.23,2761.31697674,-0.002437319600323118,0.00012313353107140657,7.122624363680074,1.0,INDEX_CONFIRMED_DISCOVERY,120,0.00012313353107140657,-0.0014768664689285935,0.8376439589410777,5.966223270043151
ETHUSDT,-1.0,-2.109073643279429,-2.3070742529939414,1.379557414674629,0.6238424249628456,-0.7793405259948464,-0.00300505150234609,2025-06-11 01:15:00+00:00,2793.68,2794.50627907,-0.0014604392772257224,0.0018255490965320975,6.712635983078697,0.5,REFLEXIVE_BASIS_REPAIR,60,-0.0014604392772257224,-0.0030604392772257223,0.6238424249628456,4.1876271095766695
SOLUSDT,1.0,4.645999059493227,2.247088796124985,2.584448901738359,0.5907793472899506,-0.15443526362838678,-0.001499430216517772,2025-06-11 03:30:00+00:00,166.48,166.51186842,0.008589620374819695,-0.009070158577606846,26.981575289665024,1.0,REFLEXIVE_BASIS_REPAIR,60,0.008589620374819695,0.0069896203748196955,0.5907793472899506,15.940157438482963
XRPUSDT,-1.0,3.42572593549627,2.9174486950893854,1.2664429585119064,0.9574935044911795,-0.24400761825562794,-0.00034545297521382246,2025-06-11 10:30:00+00:00,2.3166,2.31767632,-0.0025468358801692403,0.004187170853837574,12.657311745415011,0.25,REFLEXIVE_BASIS_REPAIR,60,-0.0025468358801692403,-0.00414683588016924,0.9574935044911795,12.119293780554788
ETHUSDT,1.0,2.4726833463130418,2.3485000175688544,2.344927950622815,-0.8121134229868556,0.9118104029803765,0.003722298255304679,2025-06-11 14:35:00+00:00,2852.91,2852.1072093,-0.002348479272041626,0.0013985719843949695,13.61722379118231,1.0,INDEX_CONFIRMED_DISCOVERY,120,0.0013985719843949695,-0.00020142801560503053,0.9118104029803765,12.416326312511913
XRPUSDT,-1.0,-5.578452313792504,-4.1685950649776595,2.911518414886725,0.9703978573666592,-1.2020641803456398,-0.004270524664458986,2025-06-11 18:10:00+00:00,2.3046,2.30567368,-0.005423934739217318,0.00824438080361023,67.70534825441233,0.5,REFLEXIVE_BASIS_REPAIR,60,-0.005423934739217318,-0.0070239347392173175,0.9703978573666592,65.7011248783452
ETHUSDT,-1.0,3.9004882023733294,2.695721721850314,2.5399367426830834,0.5009147439831461,-1.072648804195718,-0.006263709016002705,2025-06-12 21:00:00+00:00,2637.87,2639.78325581,-0.0021039702487233303,-0.00011751905893775394,26.70649703598395,0.25,REFLEXIVE_BASIS_REPAIR,60,-0.0021039702487233303,-0.00370397024872333,0.5009147439831461,13.37767812546655
BTCUSDT,-1.0,-2.920160302096474,-3.127219632110751,1.6513219101771783,0.16551415993361096,4.114698858070091,0.008197179231035023,2025-06-13 00:05:00+00:00,104743.8,104763.20565217,-0.01457938321886365,0.011398288013228508,15.079842993054449,1.0,INDEX_CONFIRMED_DISCOVERY,120,0.011398288013228508,0.009798288013228507,4.114698858070091,62.049012743397405
SOLUSDT,-1.0,-3.5645673215277762,-2.4069756087307117,1.8251684233442982,0.7117044926736638,-0.5455956268021613,-0.004731972596934808,2025-06-13 02:30:00+00:00,142.26,142.35481579,0.011247012512301646,-0.012020244622522158,15.659628585526791,0.75,REFLEXIVE_BASIS_REPAIR,60,0.011247012512301646,0.009647012512301645,0.7117044926736638,11.145028017920348
BTCUSDT,1.0,2.1032149656677612,1.700191697751885,1.0500744593007336,0.7736330054017055,-0.12476767361492264,-0.0005620521894661445,2025-06-13 04:50:00+00:00,104380.0,104422.85021739,0.00073289902280127,-0.0018624257520597487,3.754928311053835,0.5,REFLEXIVE_BASIS_REPAIR,60,0.00073289902280127,-0.0008671009771987301,0.7736330054017055,2.9049364743485286
XRPUSDT,-1.0,-3.068788077600171,-2.9997165888166673,1.0211032507265603,0.9912473527505151,-0.22371180421378872,-0.0012319939347991138,2025-06-13 07:10:00+00:00,2.113,2.11393947,0.011358258400378629,-0.010979649787032697,9.399760362518661,1.0,REFLEXIVE_BASIS_REPAIR,60,0.011358258400378629,0.009758258400378628,0.9912473527505151,9.317487575835845
ETHUSDT,-1.0,-2.0688632998656518,-2.333235646168055,1.3055809594670627,0.9771291669518968,-1.0436504898305161,-0.00488500217940202,2025-06-13 16:55:00+00:00,2559.01,2560.0844186,-0.009073821516914826,0.010367290475613689,6.302229381709727,0.0,REFLEXIVE_BASIS_REPAIR,60,-0.009073821516914826,-0.010673821516914827,0.9771291669518968,6.158092145689793
SOLUSDT,1.0,5.405025530239124,3.6503280202214214,1.2693983493026784,0.8826032288938805,-0.033688647081936356,-0.0010755579456842579,2025-06-15 14:15:00+00:00,148.6,148.65378947,-0.023216689098250365,0.013930013458950175,25.045376863530205,0.75,REFLEXIVE_BASIS_REPAIR,60,-0.023216689098250365,-0.024816689098250366,0.8826032288938805,22.10513048861585
SOLUSDT,1.0,2.7479084578530144,1.594907811904518,3.1320380755490334,0.748034028670615,-0.11221691812099058,-0.001944516463572854,2025-06-16 01:45:00+00:00,153.98,154.03289474,-0.012534095337056739,0.012144434342122423,13.726660077585217,1.0,REFLEXIVE_BASIS_REPAIR,60,-0.012534095337056739,-0.01413409533705674,0.748034028670615,10.268008838028166
XRPUSDT,-1.0,-2.9454714621045768,-1.787370023979954,1.0631239774007275,0.8553481665016123,-0.15642633175527673,-0.0010427055943422747,2025-06-16 11:30:00+00:00,2.2081,2.20929474,0.021738145917304497,-0.020017209365517985,5.59697288121907,0.75,REFLEXIVE_BASIS_REPAIR,60,0.021738145917304497,0.020138145917304496,0.8553481665016123,4.787360491909978
BTCUSDT,-1.0,-2.9099593592335093,-2.0592289420834633,1.636662442435786,0.9124731658085287,-0.3839024312185071,-0.0016367317455692199,2025-06-16 14:15:00+00:00,106911.8,106964.48152174,0.0059684712071070845,-0.006768195839935265,9.807327399306534,1.0,REFLEXIVE_BASIS_REPAIR,60,0.0059684712071070845,0.004368471207107085,0.9124731658085287,8.948923080165956
SOLUSDT,-1.0,-2.1769346681026125,-2.5256768968288177,2.7652529880922248,0.24313240294398852,0.5309557328423927,0.0062091503267973636,2025-06-16 22:50:00+00:00,152.05,152.17031579,-0.004472213087800103,0.00716869450838542,15.204006883699648,1.0,INDEX_CONFIRMED_DISCOVERY,120,0.00716869450838542,0.0055686945083854205,0.5309557328423927,8.07265461707553
BTCUSDT,1.0,6.688238106748624,5.813506517229245,2.134519303768545,0.9178278479593073,-0.09397521732487699,-0.001047255369928335,2025-06-17 19:10:00+00:00,104640.3,104683.01673913,5.8294939903724696e-05,-0.0038465103788883903,82.99462679420057,0.75,REFLEXIVE_BASIS_REPAIR,60,5.8294939903724696e-05,-0.0015417050600962754,0.9178278479593073,76.17477970270697
ETHUSDT,1.0,-2.1552887587013823,-1.9915593866582646,1.1598738772280641,0.9375239031051071,-0.8329276991665869,-0.0030229818501288364,2025-06-18 18:40:00+00:00,2496.58,2497.65534884,-0.0003444712366518221,0.006973539802449746,4.978625880122065,1.0,REFLEXIVE_BASIS_REPAIR,60,-0.0003444712366518221,-0.0019444712366518222,0.9375239031051071,4.667580767232137
XRPUSDT,-1.0,-3.451299550494213,-1.7205871468418337,1.4226117617504421,0.5460387324630992,0.056189136378256795,-9.270418095863597e-05,2025-06-20 14:15:00+00:00,2.1576,2.15908421,-0.009408602150537515,0.014367816091954033,8.447840862635902,1.0,REFLEXIVE_BASIS_REPAIR,60,-0.009408602150537515,-0.011008602150537516,0.5460387324630992,4.6128483166836824
SOLUSDT,-1.0,-2.038374328980344,-1.6846992912801988,2.432878058167776,0.9309777238126951,-0.33760752051422005,-0.00231692761356439,2025-06-20 16:00:00+00:00,142.76,142.83334211,-0.003712524516671367,0.031521434575511376,8.354619512657607,1.0,REFLEXIVE_BASIS_REPAIR,60,-0.003712524516671367,-0.005312524516671367,0.9309777238126951,7.777964657215106
BTCUSDT,-1.0,3.4343618625746495,3.281719377626959,2.9819081529698037,0.533254396713091,-1.8616620373424002,-0.0034152838832752774,2025-06-20 17:45:00+00:00,102830.5,102896.42478261,0.0032684855174291982,-0.0041048132606571475,33.607929436618086,0.0,REFLEXIVE_BASIS_REPAIR,60,0.0032684855174291982,0.0016684855174291982,0.533254396713091,17.92157613649991
ETHUSDT,-1.0,-16.915607018113374,-12.242728855855963,2.8715664297731416,0.9445597161442694,-0.3089661964709469,-0.015257033692254396,2025-06-21 21:30:00+00:00,2338.34,2338.97813953,-0.01570772428303835,0.03326291300666295,594.6818526836554,1.0,REFLEXIVE_BASIS_REPAIR,60,-0.01570772428303835,-0.01730772428303835,0.9445597161442694,561.7125219670218
ETHUSDT,-1.0,3.9010858335683762,3.441154813852029,2.862560527700474,0.8266406776665804,-0.39928270310783176,-0.0044798206278025,2025-06-21 23:40:00+00:00,2239.99,2241.30093023,0.0249197541060453,-0.014745601542864195,38.42770038407487,1.0,REFLEXIVE_BASIS_REPAIR,60,0.0249197541060453,0.0233197541060453,0.8266406776665804,31.765900286659964
BTCUSDT,1.0,3.996699638039311,2.1187921639787715,1.2220169649778856,0.9514539322973938,-1.3442513345815412,-0.0063700091139082815,2025-06-22 02:10:00+00:00,102155.0,102204.40347826,-0.0037873819196319047,0.00519211002887765,10.348254581488629,0.0,REFLEXIVE_BASIS_REPAIR,60,-0.0037873819196319047,-0.005387381919631905,0.9514539322973938,9.845887513971878
XRPUSDT,-1.0,-3.59236146111483,-2.727680179227361,1.4894653305344603,-0.1904194881194119,1.1068064735367635,0.0065812434561500766,2025-06-22 13:20:00+00:00,1.9925,1.99477895,-0.017766624843161827,0.01992471769134241,14.594992473421685,1.0,INDEX_CONFIRMED_DISCOVERY,120,0.01992471769134241,0.018324717691342408,1.1068064735367635,16.15383215080346
BTCUSDT,-1.0,-3.0349340310341604,-1.6958286800982365,2.5155929794714105,0.8774679210599192,-0.410454056014169,-0.0015791619414891045,2025-06-22 16:05:00+00:00,99006.0,99055.96847826,0.005779447710239749,-0.006586469506898673,12.947073256816157,0.25,REFLEXIVE_BASIS_REPAIR,60,0.005779447710239749,0.004179447710239749,0.8774679210599192,11.36064145446895
BTCUSDT,-1.0,2.2316856074462144,6.3773714588080885,1.786927623512277,0.9040149301802924,-2.256879016400856,-0.004149845951201048,2025-06-23 14:00:00+00:00,102306.1,102351.28369565,-0.007044545730899854,0.00915292441017701,25.432068748030225,0.0,REFLEXIVE_BASIS_REPAIR,60,-0.007044545730899854,-0.008644545730899855,0.9040149301802924,22.99096985359094
BTCUSDT,1.0,2.0092891955762058,2.7987602975224073,1.6452622587142793,0.693421726747368,-0.6356743200893449,-0.0021881731954602746,2025-06-23 18:25:00+00:00,102874.1,102930.46978261,0.00033341725468316596,0.008043812776976855,9.252163286935193,1.0,REFLEXIVE_BASIS_REPAIR,60,0.00033341725468316596,-0.0012665827453168341,0.693421726747368,6.415651042575206
XRPUSDT,1.0,-2.2896485675404,-1.887724081880317,2.651167492875608,-1.2180421088071247,1.2102563791063399,0.005924336427671761,2025-06-23 22:25:00+00:00,2.1564,2.15935526,-0.00199406418104231,-0.0035707660916343142,11.458941727560992,1.0,INDEX_CONFIRMED_DISCOVERY,120,-0.0035707660916343142,-0.005170766091634314,1.2102563791063399,13.868257323588514
ETHUSDT,1.0,-2.443744360135491,-2.076218197304289,2.4373764986747695,0.8618876470151396,-0.8918404987760704,-0.00427570256912535,2025-06-24 09:35:00+00:00,2419.62,2420.93813953,0.0046040287317842266,-0.002797960010249567,12.366630503885137,0.5,REFLEXIVE_BASIS_REPAIR,60,0.0046040287317842266,0.0030040287317842267,0.8618876470151396,10.65864606649921
XRPUSDT,1.0,2.138267305960373,1.647930723013423,1.8835515646007506,0.9480423664840368,0.02021058697759638,-0.0002727892702886203,2025-06-24 16:50:00+00:00,2.1989,2.20001053,0.0003183409886762245,0.00022738642048292235,6.6371015148985695,1.0,REFLEXIVE_BASIS_REPAIR,60,0.0003183409886762245,-0.0012816590113237756,0.9480423664840368,6.292253426779226
ETHUSDT,1.0,3.8263267150204303,4.8157618575579875,2.583742778935654,0.7969917234822207,-0.34965990836076694,-0.002440097271904751,2025-06-25 14:30:00+00:00,2403.86,2404.64651163,-0.003461100064063416,0.005736606957143842,47.6097968649799,1.0,REFLEXIVE_BASIS_REPAIR,60,-0.003461100064063416,-0.005061100064063416,0.7969917234822207,37.944614058058754
ETHUSDT,1.0,15.426579150989445,11.431107885875765,2.6187093611416357,0.9773230844537825,-0.014690391563704166,-0.003482718359643644,2025-06-26 03:00:00+00:00,2492.21,2493.6055814,0.0017093262606282522,-0.0051119287700475136,461.7907783456155,1.0,REFLEXIVE_BASIS_REPAIR,60,0.0017093262606282522,0.00010932626062825214,0.9773230844537825,451.3187878650499
XRPUSDT,1.0,-3.1974149406795327,-2.3419452471859707,2.144055958724436,0.9208510714579664,-0.9240334516345781,-0.004218222722159659,2025-06-26 14:10:00+00:00,2.1246,2.12568421,0.002588722583074521,-0.006071731149392856,16.05505705989298,0.25,REFLEXIVE_BASIS_REPAIR,60,0.002588722583074521,0.0009887225830745208,0.9208510714579664,14.784316495921239
ETHUSDT,-1.0,2.8564139909194797,1.57942093897323,2.088759313117877,0.9379416913322882,-2.5888668848152263,-0.01016119193455367,2025-06-27 01:15:00+00:00,2417.74,2418.83232558,0.0046324253228222645,-0.005852573064101252,9.423396007216848,0.0,REFLEXIVE_BASIS_REPAIR,60,0.0046324253228222645,0.0030324253228222646,0.9379416913322882,8.838595989102902
SOLUSDT,1.0,7.006436404150981,5.133634361937771,2.019132495108675,0.9879928598116313,-0.2008628672091361,-0.0026954177897575704,2025-06-29 09:40:00+00:00,151.7,151.77805263,0.0034278180619642384,-0.0013843111404086006,72.62513217708636,1.0,REFLEXIVE_BASIS_REPAIR,60,0.0034278180619642384,0.0018278180619642384,0.9879928598116313,71.75311203383728
BTCUSDT,1.0,2.4183936948201805,2.279197346273307,1.9699144570827716,0.43895772039653735,-0.09480490216693092,-0.0003515879904169017,2025-06-30 00:30:00+00:00,108611.7,108647.21152174,-0.0002725304916506577,-0.0006150350284546136,10.858161575952524,1.0,REFLEXIVE_BASIS_REPAIR,60,-0.0002725304916506577,-0.0018725304916506578,0.43895772039653735,4.766273853077394
SOLUSDT,1.0,-8.883211892836677,-7.553449113262304,4.500034604329353,0.9887854007011828,-0.280619148233204,-0.005344150408859827,2025-06-30 15:35:00+00:00,154.48,154.55263158,-0.015341791817711004,0.015665458311755698,301.94732238896154,1.0,REFLEXIVE_BASIS_REPAIR,60,-0.015341791817711004,-0.016941791817711004,0.9887854007011828,298.56110415901856
XRPUSDT,1.0,2.5203282497118766,1.9568498096113616,1.5054878103002722,0.43268452983556316,0.019428745685847112,-9.02975303624931e-05,2025-06-30 17:30:00+00:00,2.2147,2.21519211,-0.0030703932812570223,0.03684471937508471,7.424921136188985,0.75,REFLEXIVE_BASIS_REPAIR,60,-0.0030703932812570223,-0.004670393281257022,0.43268452983556316,3.2126485108780662
XRPUSDT,-1.0,3.5351615655147355,2.6374109893487634,1.0132049080887295,0.5415220891971313,-0.7036929239737548,-0.002202449123425154,2025-06-30 22:00:00+00:00,2.2752,2.2756,-0.00694444444444442,0.017317158931082988,9.44679221972959,1.0,REFLEXIVE_BASIS_REPAIR,60,-0.00694444444444442,-0.00854444444444442,0.5415220891971313,5.1156466590391725
BTCUSDT,-1.0,-2.5168533146311263,-1.7850701698174885,1.702585848459559,0.21993424165509423,0.8500066451864259,0.0009373604418850823,2025-07-01 14:40:00+00:00,106262.8,106334.88782609,-0.002762961262078645,0.0019112991564310677,7.6493092113224295,0.75,INDEX_CONFIRMED_DISCOVERY,120,0.0019112991564310677,0.00031129915643106766,0.6375049838898195,4.876472745532353
XRPUSDT,1.0,-3.6376641794384335,-2.506656158676281,2.7028781826979853,0.6425097583621939,-2.0365314302462973,-0.005870841487279677,2025-07-01 17:05:00+00:00,2.1844,2.18576842,-0.0003204541292802787,-0.007278886650796679,24.64585230450004,0.0,REFLEXIVE_BASIS_REPAIR,60,-0.0003204541292802787,-0.0019204541292802788,0.6425097583621939,15.83520060879464
ETHUSDT,-1.0,-2.7813875639993606,-1.8834826921351122,1.4029837622479668,0.581433803787659,-0.05314021561478326,-0.0008692308978150987,2025-07-01 23:10:00+00:00,2395.0,2395.59930233,0.003853862212943593,-0.0016951983298538753,7.349804493052572,1.0,REFLEXIVE_BASIS_REPAIR,60,0.003853862212943593,0.002253862212943593,0.581433803787659,4.273424783491183
ETHUSDT,-1.0,2.4446177396682147,1.5190469195410035,3.267185633435496,0.7142683715111848,-0.6457890239744337,-0.0019023409245795264,2025-07-02 01:25:00+00:00,2396.34,2397.75348837,0.0051328275620319275,-0.013211814684059853,12.132658063946174,0.25,REFLEXIVE_BASIS_REPAIR,60,0.0051328275620319275,0.0035328275620319276,0.7142683715111848,8.665973917436878
BTCUSDT,-1.0,4.152120759938297,6.200813282774602,1.7561646488521745,0.9932745288992229,-0.6264529474088811,-0.00037145722670040016,2025-07-02 14:00:00+00:00,107724.0,107775.21695652,0.003457910957632482,-0.009016560840666932,45.21513801908212,1.0,REFLEXIVE_BASIS_REPAIR,60,0.003457910957632482,0.0018579109576324817,0.9932745288992229,44.91104491501713
ETHUSDT,1.0,4.173303577333473,4.023974523544342,1.7943935497767223,-0.842657665127301,4.821507225156978,0.012859065441461315,2025-07-02 16:10:00+00:00,2536.27,2533.93162791,-0.010558812744700052,0.01161153978085916,30.13373047651241,1.0,INDEX_CONFIRMED_DISCOVERY,120,0.01161153978085916,0.010011539780859158,4.821507225156978,145.28999921343762
SOLUSDT,1.0,3.9892767877454025,3.652121364662449,1.920102172269348,0.6979025152921466,-0.24114625073038345,-0.0020027133535758246,2025-07-03 05:15:00+00:00,154.48,154.52363158,-0.0047255308130502716,0.0035603314344900827,27.974588714060133,1.0,REFLEXIVE_BASIS_REPAIR,60,-0.0047255308130502716,-0.006325530813050271,0.6979025152921466,19.523535827805865
XRPUSDT,1.0,3.7872145585083534,2.402937839079252,2.7088274940993236,0.848119194795817,-1.0188052608404239,-0.0053675006492943655,2025-07-03 11:10:00+00:00,2.2978,2.29855789,0.0005222386630689968,-0.0074854208373226205,24.651525242555213,0.0,REFLEXIVE_BASIS_REPAIR,60,0.0005222386630689968,-0.0010777613369310033,0.848119194795817,20.907431739204686
ETHUSDT,1.0,5.236755571659214,4.36771717941982,2.5924587845240694,0.9454054543764289,0.01299564966561163,-0.0008019947243190773,2025-07-03 13:55:00+00:00,2628.83,2629.88581395,0.014588238874328141,-0.021096837756720666,59.29644720194364,1.0,REFLEXIVE_BASIS_REPAIR,60,0.014588238874328141,0.01298823887432814,0.9454054543764289,56.059184609861454
BTCUSDT,-1.0,-2.713949228321803,-2.311089048695094,1.3284501278785448,0.000487737992461601,0.33103501548602055,0.00024677253513083475,2025-07-03 15:10:00+00:00,109385.5,109407.29934783,-0.002924519246152335,-0.00026237481201807356,8.332276118233988,1.0,INDEX_CONFIRMED_DISCOVERY,120,-0.00026237481201807356,-0.0018623748120180736,0.33103501548602055,2.7582751538333876
BTCUSDT,-1.0,-2.692268158715435,2.089152338385522,2.1967670287007097,0.852337921615223,-2.1205234927854617,-0.003356138460007596,2025-07-04 14:25:00+00:00,107895.2,107940.50152174,-0.00051809533695657,0.004024275407988442,12.355844266933103,0.25,REFLEXIVE_BASIS_REPAIR,60,-0.00051809533695657,-0.00211809533695657,0.852337921615223,10.53135462227913
SOLUSDT,1.0,-2.9677876252687434,-1.677771629443736,1.3842612013470292,0.6757282471080683,-0.1498846298671023,-0.0004060913705583591,2025-07-05 09:55:00+00:00,147.69,147.79152632,-0.0012864784345587577,0.0030469226081657474,6.892610105767742,1.0,REFLEXIVE_BASIS_REPAIR,60,-0.0012864784345587577,-0.0028864784345587575,0.6757282471080683,4.657531344769794
XRPUSDT,-1.0,2.538464701716605,2.2474525845683107,1.4371645756694962,0.7162284085875423,-1.7540347510891627,-0.0037074634770710713,2025-07-06 10:40:00+00:00,2.2741,2.27477632,-0.0051009190448967345,0.004793104964601391,8.199137518820942,0.0,REFLEXIVE_BASIS_REPAIR,60,-0.0051009190448967345,-0.006700919044896734,0.7162284085875423,5.872455216895534
ETHUSDT,-1.0,2.341469594871605,1.8262591421256564,2.0701690524203595,0.5671072518044388,-0.8359841397982954,-0.0030098055051077655,2025-07-07 13:25:00+00:00,2546.01,2547.52860465,0.0005066751505296008,0.0034092560516260084,8.852312515211247,0.5,REFLEXIVE_BASIS_REPAIR,60,0.0005066751505296008,-0.0010933248494703993,0.5671072518044388,5.0202106226154894
XRPUSDT,1.0,3.1801113428784133,1.7184981190713517,2.66253539264446,0.6179792205203694,-0.5728591097419857,-0.0025078636402278143,2025-07-07 16:15:00+00:00,2.3467,2.34813947,0.006988537094643532,-0.015383304214428684,14.550796820471486,0.25,REFLEXIVE_BASIS_REPAIR,60,0.006988537094643532,0.005388537094643532,0.6179792205203694,8.992090077065239
ETHUSDT,1.0,2.832807421775631,2.0488734604475503,1.7762232648462175,0.919630790686722,-0.04098851124312183,-0.0005818799440137079,2025-07-07 19:05:00+00:00,2542.0,2543.04116279,0.002407553107789062,-0.002800944138473649,10.30931340982618,0.75,REFLEXIVE_BASIS_REPAIR,60,0.002407553107789062,0.0008075531077890621,0.919630790686722,9.480762042515677
XRPUSDT,-1.0,2.0464893087682796,2.972642169185156,2.7147929374554423,0.708352013054322,-0.4234515559946019,-0.0017184401850629527,2025-07-07 20:25:00+00:00,2.2734,2.27454737,-0.003474971408463201,0.0018914401337205566,16.5153896740195,0.25,REFLEXIVE_BASIS_REPAIR,60,-0.003474971408463201,-0.005074971408463201,0.708352013054322,11.698709521968276
XRPUSDT,1.0,-3.1628313265863763,-2.620847729654007,1.6221876826380532,0.6956663961959908,-0.6751930428454181,-0.0014116193921214215,2025-07-08 01:00:00+00:00,2.2637,2.265,0.0027830542916463807,-0.005786985908026732,13.446799224694866,0.5,REFLEXIVE_BASIS_REPAIR,60,0.0027830542916463807,0.0011830542916463807,0.6956663961959908,9.35448635701452
BTCUSDT,1.0,3.3621768888647243,1.6074932125487689,2.9321347513743725,0.7309288374460766,-0.02094087804952103,-0.0002844244780081384,2025-07-09 13:15:00+00:00,109664.0,109705.92804348,0.0040231981324773125,-0.008209622118470983,15.84723986838515,0.75,REFLEXIVE_BASIS_REPAIR,60,0.0040231981324773125,0.0024231981324773126,0.7309288374460766,11.583204613727874
XRPUSDT,-1.0,2.170418096834041,2.1160830803928827,2.796599640550185,0.01812579352031929,0.5124920647513813,0.0029925187032419087,2025-07-09 20:10:00+00:00,2.3988,2.39887368,0.0017925629481405636,-0.006086376521594161,12.844180913932474,1.0,INDEX_CONFIRMED_DISCOVERY,120,-0.006086376521594161,-0.007686376521594161,0.5124920647513813,6.5825407966215375
SOLUSDT,1.0,3.161324429264225,1.8985772805890389,3.5918826309855563,0.4573389856631941,-0.11106088848989244,-0.0012418503570320594,2025-07-10 18:00:00+00:00,160.85,160.88671053,0.011377059372085663,-0.009884986011812313,21.558546855772075,1.0,REFLEXIVE_BASIS_REPAIR,60,0.011377059372085663,0.009777059372085662,0.4573389856631941,9.859563951391243
BTCUSDT,1.0,16.732716117606785,14.221359302369112,4.980672440036139,0.943867762711968,-0.08759231292713707,-0.003860894446271579,2025-07-10 21:25:00+00:00,116000.1,116064.16934783,0.0008293096299055724,-0.0017560329689372267,1185.2106158592542,1.0,REFLEXIVE_BASIS_REPAIR,60,0.0008293096299055724,-0.0007706903700944276,0.943867762711968,1118.682092333548
XRPUSDT,1.0,2.7306408982770667,2.2468993145469023,1.9862758013972912,0.9920842530478605,-2.5135598125361827,-0.006968641114982521,2025-07-10 22:25:00+00:00,2.5365,2.53753158,-0.001379854129706315,-0.006623299822590356,12.186745845571277,0.0,REFLEXIVE_BASIS_REPAIR,60,-0.001379854129706315,-0.002979854129706315,0.9920842530478605,12.090278649287697
ETHUSDT,1.0,3.70183001539244,2.566214212198023,3.2913269351986645,0.7461676042307219,-0.418084074339009,-0.0036170022312029815,2025-07-11 05:40:00+00:00,3005.4,3006.27302326,0.00011645704398743906,-0.002552072935382954,31.26658161239052,1.0,REFLEXIVE_BASIS_REPAIR,60,0.00011645704398743906,-0.001483542956012561,0.7461676042307219,23.330110294201777
ETHUSDT,-1.0,2.7426795371438297,2.7267884229372723,2.0733528453947407,0.663754651373156,-0.17684229590603098,-0.0001469728601253273,2025-07-11 06:55:00+00:00,2994.19,2995.90930233,-0.002013900253491019,-0.001746716140258231,15.50599804378681,1.0,REFLEXIVE_BASIS_REPAIR,60,-0.002013900253491019,-0.0036139002534910187,0.663754651373156,10.292178325746553
SOLUSDT,-1.0,2.5962249968589273,1.6127950368068515,1.408762992902713,0.6154661460825508,-0.4779968216519655,-0.0012758976851570125,2025-07-11 09:50:00+00:00,164.8,164.91415789,-6.067961165057145e-05,0.007645631067961234,5.898742523128768,1.0,REFLEXIVE_BASIS_REPAIR,60,-6.067961165057145e-05,-0.0016606796116505715,0.6154661460825508,3.6304763274433247
ETHUSDT,-1.0,2.9852515875671624,2.649272414321355,1.990823575882398,0.8153526754104676,-0.6505424912292443,-0.0022053081566237864,2025-07-11 13:40:00+00:00,2990.29,2991.29325581,0.0029997090583189223,0.0007189938099649851,15.74491536607303,0.5,REFLEXIVE_BASIS_REPAIR,60,0.0029997090583189223,0.0013997090583189222,0.8153526754104676,12.837658867839028
XRPUSDT,1.0,5.187588629747868,3.6118346569315873,2.5792089548087525,0.03719429283439912,4.321658969868427,0.012291483757681965,2025-07-11 15:25:00+00:00,2.8825,2.88087368,0.03878577623590618,-0.03202081526452727,48.325896402732305,1.0,INDEX_CONFIRMED_DISCOVERY,120,-0.03202081526452727,-0.033620815264527266,4.321658969868427,208.8480436658004
SOLUSDT,-1.0,-2.007546180835829,-2.182042171414642,1.10332511128565,0.921485477245212,-0.35645448470791924,-0.0017141108050198195,2025-07-11 17:45:00+00:00,163.63,163.70821053,0.00348346880156436,-0.0014667237059220462,4.833171288075127,0.75,REFLEXIVE_BASIS_REPAIR,60,0.00348346880156436,0.00188346880156436,0.921485477245212,4.453697150999765
XRPUSDT,1.0,2.8903808676432994,-1.6731769614934802,1.1713898249249144,0.006034529470287264,0.49205289841515143,0.004231260258982239,2025-07-11 22:05:00+00:00,2.7531,2.75186579,0.012422360248447117,-0.005666339762449679,5.664980211166384,1.0,INDEX_CONFIRMED_DISCOVERY,120,-0.005666339762449679,-0.007266339762449679,0.49205289841515143,2.7874699323688956
XRPUSDT,-1.0,3.8396515416071444,2.0923125221831325,2.008551488182175,-0.031135357805339048,0.8751006937316759,0.004692580549807701,2025-07-12 00:45:00+00:00,2.6937,2.69144211,0.041244385046590226,-0.04339755726324368,16.136202529395156,1.0,INDEX_CONFIRMED_DISCOVERY,120,-0.04339755726324368,-0.04499755726324368,0.8751006937316759,14.120802027668525
XRPUSDT,-1.0,-7.373782753099299,-9.89293500564652,2.698182014952308,0.9410331231516438,-0.01128026307860353,-0.0026605572389328813,2025-07-12 15:20:00+00:00,2.7134,2.71374211,0.0011056239404436674,-0.007886784108498412,196.8279354938982,0.25,REFLEXIVE_BASIS_REPAIR,60,0.0011056239404436674,-0.0004943760595563327,0.9410331231516438,185.2216068613133
ETHUSDT,1.0,4.72806624966356,3.560155907219635,2.5260025128317998,0.947998778676905,-0.5089464689476562,-0.004778156996587013,2025-07-13 14:25:00+00:00,3003.48,3004.58627907,0.0027301663403784815,-0.0040752726836870146,42.519323746489576,1.0,REFLEXIVE_BASIS_REPAIR,60,0.0027301663403784815,0.0011301663403784814,0.947998778676905,40.30826698184004
BTCUSDT,1.0,5.302852469356594,4.045493586108202,4.30775791042377,0.626941372257402,-0.28393027494384704,-0.003279408402317996,2025-07-14 03:50:00+00:00,120752.6,120765.61108696,-0.004219370845845116,0.009480541205737936,92.4128470882055,1.0,REFLEXIVE_BASIS_REPAIR,60,-0.004219370845845116,-0.005819370845845116,0.626941372257402,57.937437167693005
BTCUSDT,1.0,3.811532245793002,2.2195864098270954,3.9142861895363996,0.5324632049016556,-0.07652595227440027,-0.0009295737602075249,2025-07-14 05:30:00+00:00,122307.9,122323.59934783,-0.0008658475862965975,-0.00014144630068857467,33.114959699291205,1.0,REFLEXIVE_BASIS_REPAIR,60,-0.0008658475862965975,-0.0024658475862965974,0.5324632049016556,17.63249757167376
BTCUSDT,1.0,3.5848469502766886,1.5760081768267806,1.031972236682746,0.5267361211551942,-0.4879563671717944,-0.001287106462091625,2025-07-14 07:15:00+00:00,122210.0,122225.87108696,-0.00143277964160049,0.0003011210211929516,5.830383189961403,1.0,REFLEXIVE_BASIS_REPAIR,60,-0.00143277964160049,-0.00303277964160049,0.5267361211551942,3.0710734263287174
ETHUSDT,1.0,-3.388479507172152,-3.399194276086332,2.7633461245552433,0.804973666982603,-0.48540624044259245,-0.0017021026358088331,2025-07-14 09:50:00+00:00,3055.71,3056.64162791,-0.002866764189010107,0.003802716880855872,31.828497399072873,0.75,REFLEXIVE_BASIS_REPAIR,60,-0.002866764189010107,-0.004466764189010107,0.804973666982603,25.621102265877933
XRPUSDT,1.0,2.6160868189883075,2.018925697394362,1.5193576088203422,0.3581495485853018,-1.0179897743446962,-0.006735906029133654,2025-07-14 15:05:00+00:00,2.9934,2.99191579,0.018874858020979435,-0.004209260372820212,8.02476814851765,0.0,REFLEXIVE_BASIS_REPAIR,60,0.018874858020979435,0.017274858020979434,0.3581495485853018,2.874067089893304
BTCUSDT,1.0,2.1379890119050677,2.314702146106199,1.0282529930782522,0.06224318593289624,0.6415349785046442,0.001275404318262341,2025-07-15 01:40:00+00:00,119408.4,119409.53195652,0.010705277015687242,-0.019300987200230435,5.088626385433376,1.0,INDEX_CONFIRMED_DISCOVERY,120,-0.019300987200230435,-0.020900987200230436,0.6415349785046442,3.264531818797167
BTCUSDT,1.0,5.477791243597849,3.904629786920253,1.9455540631605965,0.4014272033025508,-0.17196672292197965,-0.0007521929021272467,2025-07-15 04:30:00+00:00,117301.8,117270.64717391,-0.0018925540784540118,-0.0023426750484647485,41.61296335215502,1.0,REFLEXIVE_BASIS_REPAIR,60,-0.0018925540784540118,-0.0034925540784540117,0.4014272033025508,16.70457549958713
SOLUSDT,-1.0,-3.4706418723433936,-3.1439388229780363,2.1402588717234137,0.8918789112341472,-0.01241529505288018,-0.0006276281930583938,2025-07-15 14:50:00+00:00,159.43,159.50776316,0.006272345229881404,-0.011478391770682883,23.3534041225772,1.0,REFLEXIVE_BASIS_REPAIR,60,0.006272345229881404,0.004672345229881404,0.8918789112341472,20.828408642455198
ETHUSDT,-1.0,-2.6009637806581014,-3.2015170814535194,1.2291298868726905,0.39131354384400496,0.18223022375394715,-0.00017391360358653962,2025-07-16 03:15:00+00:00,3105.53,3105.72209302,-0.0014136073391660675,-0.010433001774254214,10.235001407493016,1.0,REFLEXIVE_BASIS_REPAIR,60,-0.0014136073391660675,-0.0030136073391660674,0.39131354384400496,4.0050946720144704
ETHUSDT,-1.0,3.4821705499260447,1.7394751424624502,2.496695257298334,0.8098346045217817,-0.25919455836133143,-0.0006341115051220481,2025-07-16 15:00:00+00:00,3250.7,3251.47604651,-0.0022456701633493115,-0.010376226658873389,15.12285546420244,0.5,REFLEXIVE_BASIS_REPAIR,60,-0.0022456701633493115,-0.0038456701633493113,0.8098346045217817,12.247011674092448
ETHUSDT,1.0,3.742429132164556,3.172305759523393,2.942855746884691,0.9501136026674226,-0.07246906491039823,-0.001285985766817932,2025-07-16 18:00:00+00:00,3316.14,3317.23325581,-0.005750661914153188,0.020017248970188195,34.9379644990942,0.25,REFLEXIVE_BASIS_REPAIR,60,-0.005750661914153188,-0.007350661914153188,0.9501136026674226,33.19503532010091
XRPUSDT,1.0,2.808775283618864,1.5272191463844016,1.3038936133812153,0.8628229193500765,-0.009502518742841456,-0.0009207537904364349,2025-07-17 12:40:00+00:00,3.2552,3.25423947,0.013731875153600304,-0.0015052838535265511,5.5932021122310065,1.0,REFLEXIVE_BASIS_REPAIR,60,0.013731875153600304,0.012131875153600303,0.8628229193500765,4.825942974990171
ETHUSDT,1.0,2.636622888345221,-1.726118459081668,2.0437575416697826,0.36623582583640024,-0.22426193834935912,-0.0012186849361732754,2025-07-17 14:00:00+00:00,3401.16,3401.00906977,-0.007515083089298935,0.005559867809806107,9.301392847867856,1.0,REFLEXIVE_BASIS_REPAIR,60,-0.007515083089298935,-0.009115083089298936,0.36623582583640024,3.4065032910676707
XRPUSDT,-1.0,-6.977501121781558,-9.534558998313438,1.827910432190576,0.5618862219271559,-0.4110879968491343,-0.007533248597203723,2025-07-17 16:40:00+00:00,3.25,3.24586842,0.0070153846153846455,-0.026000000000000023,121.60612136940797,1.0,REFLEXIVE_BASIS_REPAIR,60,0.0070153846153846455,0.005415384615384646,0.5618862219271559,68.32880409947182
ETHUSDT,1.0,-2.066014520651703,-2.356867930604781,1.040450045309915,0.5201609291033433,-0.16397774227052847,-9.729375934242057e-05,2025-07-17 20:20:00+00:00,3391.46,3391.75186047,-0.03135227895950421,0.027628219115071406,5.066287718747498,1.0,REFLEXIVE_BASIS_REPAIR,60,-0.03135227895950421,-0.03295227895950421,0.5201609291033433,2.635284926888556
SOLUSDT,1.0,2.399241072087143,3.366944874176957,1.3940019572141344,0.6777075037178096,0.0017350782055550226,-0.0007810320781030944,2025-07-18 00:50:00+00:00,179.11,179.19960526,-0.004075707665680328,0.0035732231589524766,11.260904537428441,1.0,REFLEXIVE_BASIS_REPAIR,60,-0.004075707665680328,-0.005675707665680328,0.6777075037178096,7.631599503665185
SOLUSDT,1.0,5.51095897765946,3.490866269692785,3.022004798832399,-0.013427696574724646,0.48784858501954875,0.0053388537807801395,2025-07-18 05:15:00+00:00,184.54,184.32771053,0.00444348108811099,-0.006936165600953781,58.13739120414666,1.0,INDEX_CONFIRMED_DISCOVERY,120,-0.006936165600953781,-0.008536165600953782,0.48784858501954875,28.36224403567091
ETHUSDT,1.0,5.65400309142488,5.465483720305668,1.1227405960877042,0.5447077214901888,-0.36217741274493764,-0.0025706447187928694,2025-07-18 13:15:00+00:00,3635.63,3633.95767442,-0.008078379813127201,-0.019086100620800295,34.69477479452039,0.5,REFLEXIVE_BASIS_REPAIR,60,-0.008078379813127201,-0.009678379813127202,0.5447077214901888,18.898511725938434
BTCUSDT,1.0,3.9031575629392496,4.541876885410832,1.5748225358922594,0.906591672906695,0.016969711526809143,-0.0007807232034000577,2025-07-18 20:55:00+00:00,117363.5,117393.1726087,-0.0021855176439011803,0.0022349367563170297,27.917920232925503,1.0,REFLEXIVE_BASIS_REPAIR,60,-0.0021855176439011803,-0.00378551764390118,0.906591672906695,25.3101540080436
BTCUSDT,-1.0,-5.631939884729224,-4.5594723107013415,1.1080395062682948,0.9215971464453033,-0.12804017461153566,-0.0012746224207615953,2025-07-21 17:35:00+00:00,117674.8,117683.94391304,0.0,0.007645647156400481,28.452985216215723,0.25,REFLEXIVE_BASIS_REPAIR,60,0.0,-0.0016,0.9215971464453033,26.222189983114813
SOLUSDT,1.0,2.6253335883926114,4.081676809465082,2.3792831237042127,-0.15567184418287683,0.699774342951157,0.00345934021859029,2025-07-22 01:35:00+00:00,200.15,199.94323684,-0.020684486635023758,0.007394454159380448,25.495834598500284,1.0,INDEX_CONFIRMED_DISCOVERY,120,0.007394454159380448,0.005794454159380448,0.699774342951157,17.841330904156912
SOLUSDT,1.0,3.8585190335683786,4.879496066735546,2.5612988630382914,0.4626411660225239,-0.11511564056132374,-0.0014140823093428123,2025-07-22 15:20:00+00:00,204.79,204.64397368,0.007812881488353907,-0.013281898530201675,48.223183336855556,0.75,REFLEXIVE_BASIS_REPAIR,60,0.007812881488353907,0.006212881488353907,0.4626411660225239,22.3100297682808
ETHUSDT,1.0,-2.158441019015333,-3.0653488930329607,1.114422446410704,0.9985018371116183,-0.4273874917265695,-0.0011399828732430173,2025-07-22 17:45:00+00:00,3697.59,3698.13046512,0.0011602151671764593,-0.004008016032064132,7.37343657796476,1.0,REFLEXIVE_BASIS_REPAIR,60,0.0011602151671764593,-0.00043978483282354074,0.9985018371116183,7.362389968923818
ETHUSDT,-1.0,-2.7726881246064687,-2.693500370630159,1.7583675027940442,0.8938188778054128,-0.01527565791309624,-0.0009516278197001515,2025-07-23 02:50:00+00:00,3734.0,3734.25395349,0.0001633636850562059,0.0014140332083557583,13.131904349428664,1.0,REFLEXIVE_BASIS_REPAIR,60,0.0001633636850562059,-0.0014366363149437942,0.8938188778054128,11.737544009054348
XRPUSDT,-1.0,-2.95126954210981,-2.5946811486349914,2.4921915497688825,0.5004039976730332,-1.1530756284621582,-0.016079704890122004,2025-07-23 17:25:00+00:00,3.2227,3.21957895,0.008905576069755172,-0.0037546156949141984,19.084214598238912,0.0,REFLEXIVE_BASIS_REPAIR,60,0.008905576069755172,0.007305576069755172,0.5004039976730332,9.549817277408811
XRPUSDT,-1.0,-2.8705546153197075,-2.6280293988942462,1.4764338082188397,0.9515159752086354,-0.310388498497132,-0.00480452190296754,2025-07-23 20:05:00+00:00,3.1998,3.19868947,-0.007844240265016622,0.025126570410650695,11.13807184085813,0.75,REFLEXIVE_BASIS_REPAIR,60,-0.007844240265016622,-0.009444240265016623,0.9515159752086354,10.598053289597964
XRPUSDT,-1.0,-2.0361365670416642,-1.5345048825562972,1.7871372724887906,0.9579571752708773,-1.4860057371789215,-0.01677796047112512,2025-07-24 07:10:00+00:00,3.0301,3.02907895,0.01897627141018443,-0.026896802085739857,5.583841609677273,0.25,REFLEXIVE_BASIS_REPAIR,60,0.01897627141018443,0.01737627141018443,0.9579571752708773,5.349081135566429
XRPUSDT,-1.0,-3.4563821738230396,-1.7370259927379645,1.1928845365815175,0.3676230843858471,-0.11953934792060948,-0.001715158886082202,2025-07-24 20:05:00+00:00,3.2122,3.21421316,0.0040159392316792,0.006755494676545681,7.161870810146143,1.0,REFLEXIVE_BASIS_REPAIR,60,0.0040159392316792,0.0024159392316792,0.3676230843858471,2.6328690371988905
XRPUSDT,-1.0,-3.0973613290365947,-1.766626882918022,1.035800924168666,0.677874315141916,0.08966615103268427,-0.00025362203975531905,2025-07-24 23:10:00+00:00,3.1551,3.15555526,-0.011536876802637042,0.011536876802637042,5.667780215009961,0.75,REFLEXIVE_BASIS_REPAIR,60,-0.011536876802637042,-0.013136876802637042,0.677874315141916,3.842042631624779
BTCUSDT,-1.0,-2.1169542897181857,-1.881478125700515,1.9035006574641917,-0.1267539947606997,0.8499304459782959,0.002563198624247698,2025-07-25 03:05:00+00:00,116001.9,116079.38543478,-0.006061107619788952,0.000403441667765736,7.581649189348227,1.0,INDEX_CONFIRMED_DISCOVERY,120,0.000403441667765736,-0.001196558332234264,0.8499304459782959,6.443874476753725
SOLUSDT,-1.0,-2.842725332650784,-2.482878303378873,1.271794591165121,0.9194122601395698,-0.17220455722088504,-0.0026621353724156638,2025-07-25 15:45:00+00:00,177.02,177.00918421,0.009151508304146239,-0.021692464128347133,8.976505612220363,1.0,REFLEXIVE_BASIS_REPAIR,60,0.009151508304146239,0.007551508304146239,0.9194122601395698,8.253109313087057
ETHUSDT,-1.0,-3.064103761554625,-2.693097418847021,1.951473604089191,0.9994827201369079,0.008274190463227825,-0.0006112631886676656,2025-07-28 18:10:00+00:00,3765.0,3766.07195122,0.007784860557768836,-0.005274900398406501,16.10342344376882,1.0,REFLEXIVE_BASIS_REPAIR,60,0.007784860557768836,0.006184860557768836,0.9994827201369079,16.09509346709451
SOLUSDT,-1.0,-2.041813901072677,-1.7185452924881273,1.7510960189898714,0.5206689952752945,-0.6538915275478544,-0.0052522157785315216,2025-07-28 20:35:00+00:00,183.74,183.82607895,0.004353978447806606,0.004353978447806717,6.1445077941646575,0.5,REFLEXIVE_BASIS_REPAIR,60,0.004353978447806606,0.002753978447806606,0.5206689952752945,3.1992546996489284
ETHUSDT,-1.0,-3.796821831311872,-2.3853279343426435,2.1141610362466956,0.9231604647064066,-0.14008499110982867,-0.00216606111558848,2025-07-29 02:25:00+00:00,3742.98,3743.83731707,0.010534387039204063,-0.012433943007977621,19.147248633326235,1.0,REFLEXIVE_BASIS_REPAIR,60,0.010534387039204063,0.008934387039204062,0.9231604647064066,17.675982946190555
ETHUSDT,-1.0,-2.5207877576903224,-1.869245406128647,2.3132089017366217,0.7926819709515041,-0.29961754477981756,-0.0021657070755267682,2025-07-29 15:00:00+00:00,3780.61,3782.1927907,-0.005578464850910292,0.008231475872941263,10.899773113620288,1.0,REFLEXIVE_BASIS_REPAIR,60,-0.005578464850910292,-0.007178464850910292,0.7926819709515041,8.640053634628742
ETHUSDT,-1.0,-2.5878338168646153,-2.2444156616399638,1.543285522222385,0.5071134781092554,-0.12942208016752682,-0.0007695061800965242,2025-07-29 16:25:00+00:00,3745.54,3747.71651163,0.008201754620161594,-0.0034067183904056275,8.96367199957741,1.0,REFLEXIVE_BASIS_REPAIR,60,0.008201754620161594,0.006601754620161594,0.5071134781092554,4.545598884336245
BTCUSDT,-1.0,-3.4782873275521813,-2.423346638286769,1.8482958595714643,0.4793777796558214,0.15174731187081492,-1.6960061599569087e-06,2025-07-31 14:35:00+00:00,117924.3,117985.90173913,0.0014823068697460418,-0.007119821783974967,15.579463056002263,0.75,REFLEXIVE_BASIS_REPAIR,60,0.0014823068697460418,-0.00011769313025395832,0.4793777796558214,7.468448408016263
BTCUSDT,-1.0,-2.8748617141288815,-1.624160599016828,1.7495529104359016,0.3811216967975847,-0.11277449639863832,-0.000375867907316918,2025-07-31 20:15:00+00:00,116574.1,116635.51869565,-0.0007231451926286159,0.0028591256548410326,8.169077399302378,0.75,REFLEXIVE_BASIS_REPAIR,60,-0.0007231451926286159,-0.0023231451926286157,0.3811216967975847,3.1134126396929225
SOLUSDT,-1.0,-2.04145410794277,-1.688228110464102,1.2012387375305011,0.5969555647452658,-0.1402470366398993,-0.001184904318976443,2025-08-01 05:25:00+00:00,168.99,169.08921053,-0.0036688561453340762,-0.0026628794603229533,4.139997488337987,1.0,REFLEXIVE_BASIS_REPAIR,60,-0.0036688561453340762,-0.005268856145334076,0.5969555647452658,2.471394538694785
XRPUSDT,1.0,2.5805297180906877,2.147758968385101,1.7253135241951467,0.8064692369155703,-1.2086187899647747,-0.0057447681575707454,2025-08-01 08:25:00+00:00,2.9076,2.90921579,-0.010008254230293057,0.011383959279130496,9.562301495648963,0.0,REFLEXIVE_BASIS_REPAIR,60,-0.010008254230293057,-0.011608254230293057,0.8064692369155703,7.711701990352636
XRPUSDT,1.0,2.309029797117074,1.6303379615958185,1.8463322032946763,0.9502769077020284,-0.07736851642277462,-0.001080161042191663,2025-08-01 15:00:00+00:00,3.0518,3.05312632,0.0031129169670358614,-0.013369159184743462,6.950515608704799,1.0,REFLEXIVE_BASIS_REPAIR,60,0.0031129169670358614,0.0015129169670358613,0.9502769077020284,6.604914479574678
BTCUSDT,-1.0,-2.2893057839126856,-3.6553630924616134,1.0081886017551756,0.3770084253500273,-0.23642426624356397,-0.0009090599184118364,2025-08-01 17:50:00+00:00,114507.9,114515.31652174,-0.002800680127746591,0.009686667906755764,8.436768086313913,1.0,REFLEXIVE_BASIS_REPAIR,60,-0.002800680127746591,-0.004400680127746591,0.3770084253500273,3.180732651264572
SOLUSDT,-1.0,-3.862165522264571,-3.1004377690694813,1.185843447118268,0.9390207474995311,-0.31983622721662286,-0.002525252525252597,2025-08-01 20:45:00+00:00,162.77,162.82944737,0.009276893776494433,0.012041530994655103,14.199768345343042,0.75,REFLEXIVE_BASIS_REPAIR,60,0.009276893776494433,0.007676893776494433,0.9390207474995311,13.333877085964204
SOLUSDT,-1.0,-2.126448138846504,-2.3419661857275065,2.441473880274948,0.0829093433769772,0.5907302090902871,0.0033534124076258776,2025-08-01 22:30:00+00:00,160.49,160.62657895,0.010218705215278234,-0.01919122686771746,12.15870994039702,1.0,INDEX_CONFIRMED_DISCOVERY,120,-0.01919122686771746,-0.02079122686771746,0.5907302090902871,7.182517265358884
BTCUSDT,1.0,2.2349104101438266,1.8638882950308557,1.9701375955390688,0.9780519288626943,-0.3255656776740206,-0.001461044922540955,2025-08-06 05:45:00+00:00,114203.1,114252.25837209,0.0016094134047149877,-0.0006759886552992755,8.206851178393023,1.0,REFLEXIVE_BASIS_REPAIR,60,0.0016094134047149877,9.413404714987651e-06,0.9780519288626943,8.026726624916373
BTCUSDT,-1.0,-3.1052408763838963,-4.064408682583051,1.501382177989711,0.6425163522645401,-0.3248469180893558,-0.0013811245145649576,2025-08-06 14:30:00+00:00,114050.0,114086.92325581,0.007409031126698773,-0.009105655414291869,18.948896393379858,1.0,REFLEXIVE_BASIS_REPAIR,60,0.007409031126698773,0.005809031126698773,0.6425163522645401,12.174975790113125
ETHUSDT,1.0,3.9459345198372477,2.867277201742058,2.1102421119448365,0.8206241885789478,-0.3509090601003453,-0.00223354560308342,2025-08-07 10:45:00+00:00,3810.51,3811.89023256,-0.004330129037845243,0.008295477508259985,23.875465142176374,1.0,REFLEXIVE_BASIS_REPAIR,60,-0.004330129037845243,-0.005930129037845243,0.8206241885789478,19.59278420924344
ETHUSDT,1.0,4.813547854195462,2.0441956050621464,1.7520229155136158,0.7426721930634099,-0.03302522377281421,-0.0007821807821807303,2025-08-07 13:45:00+00:00,3857.98,3859.03418605,0.010881342049466336,-0.006594124386336886,17.23961354610184,0.75,REFLEXIVE_BASIS_REPAIR,60,0.010881342049466336,0.009281342049466335,0.7426721930634099,12.803381599849123
SOLUSDT,-1.0,-2.527041002144092,-2.201050713887469,2.3123057975224466,-0.5808895370587732,0.4074428598113591,0.0018989970921606814,2025-08-07 16:50:00+00:00,168.19,168.17186842,0.005351091028004129,-0.007372614305250158,12.86138105922683,1.0,INDEX_CONFIRMED_DISCOVERY,120,-0.007372614305250158,-0.008972614305250159,0.4074428598113591,5.240277879895026
XRPUSDT,1.0,3.7365845313334036,3.0581018472240427,2.479090340866364,0.6908107339490155,0.025976250276918973,-0.0002715423606083345,2025-08-08 00:30:00+00:00,3.3135,3.3142875,0.004315678285800484,0.0012675418741512345,28.32820847881555,1.0,REFLEXIVE_BASIS_REPAIR,60,0.004315678285800484,0.002715678285800484,0.6908107339490155,19.569430490711294
XRPUSDT,1.0,2.246556095772033,2.9781790662078564,1.166581162416084,0.5911610031769859,-0.393601924857174,-0.0017185185185184526,2025-08-08 04:05:00+00:00,3.3692,3.37013125,0.009527484269262754,-0.011901935177490275,7.8051819793707455,0.25,REFLEXIVE_BASIS_REPAIR,60,0.009527484269262754,0.007927484269262753,0.5911610031769859,4.614119208903743
BTCUSDT,1.0,2.0354960722880913,1.6643974891393516,1.9665019854617718,0.5522447246353914,-0.8878094979886788,-0.0017986778948807514,2025-08-08 14:10:00+00:00,116875.4,116917.3115,0.005487040044354852,-0.006804682593599565,6.662262032746411,0.25,REFLEXIVE_BASIS_REPAIR,60,0.005487040044354852,0.003887040044354852,0.5522447246353914,3.6791990617228647
SOLUSDT,-1.0,-2.074300249705505,-2.4508655867996096,1.4505439697558578,0.524663278950415,-0.09118618027054284,-0.0009138679460818366,2025-08-08 15:15:00+00:00,175.24,175.30734375,0.0027391006619492675,-0.006961880849121194,7.374320543466515,1.0,REFLEXIVE_BASIS_REPAIR,60,0.0027391006619492675,0.0011391006619492674,0.524663278950415,3.869035196366548
SOLUSDT,1.0,3.1269039090882322,1.5518841662482237,2.580258233711528,0.36911337275856315,-0.13557508563023601,-0.0016732667744993046,2025-08-08 18:05:00+00:00,178.99,179.147625,0.007318844628191545,-0.005977987597072576,12.5209421810204,1.0,REFLEXIVE_BASIS_REPAIR,60,0.007318844628191545,0.0057188446281915455,0.36911337275856315,4.6216471985514
SOLUSDT,1.0,6.694451530985247,5.213360344481402,1.7372113265427427,0.7530916801945796,0.14161332177349653,-5.6113573873584066e-05,2025-08-09 01:50:00+00:00,178.2,178.2476875,0.003142536475869817,-0.006958473625140238,60.62969701927503,1.0,REFLEXIVE_BASIS_REPAIR,60,0.003142536475869817,0.001542536475869817,0.7530916801945796,45.65972039793412
BTCUSDT,1.0,5.917947868486005,2.635485514348415,2.007501097777346,0.9699610062244738,-0.6172024880416215,-0.001650273494626986,2025-08-09 08:50:00+00:00,116938.8,116991.6445,-0.002657800490513118,0.004457887373566338,31.310323879909852,0.25,REFLEXIVE_BASIS_REPAIR,60,-0.002657800490513118,-0.004257800490513118,0.9699610062244738,30.36979325577153
BTCUSDT,1.0,2.4110534471012466,1.9832328177340113,3.113192041369196,0.7548347416504575,-0.3537432654691412,-0.0006191661216758959,2025-08-10 07:55:00+00:00,117666.1,117709.571,-0.005641386941523496,0.00536263205800136,14.886289121582752,1.0,REFLEXIVE_BASIS_REPAIR,60,-0.005641386941523496,-0.007241386941523496,0.7548347416504575,11.236688203223933
XRPUSDT,-1.0,-4.655127246894284,-3.023689174596612,1.4650011334600381,0.9433755534178514,-0.19411319985267583,-0.001794088949041539,2025-08-10 20:30:00+00:00,3.1828,3.18400625,-0.006095262033429583,0.0012567550584391407,20.62085472320352,0.75,REFLEXIVE_BASIS_REPAIR,60,-0.006095262033429583,-0.0076952620334295825,0.9433755534178514,19.453210236451238
SOLUSDT,-1.0,-2.3802522824139456,-1.8551919434584745,1.6955874780016433,0.9061490683583392,-0.6781685607018504,-0.002460360852925003,2025-08-10 21:35:00+00:00,183.35,183.44978125,-0.0010362694300517505,0.004963185164984951,7.487417333820458,1.0,REFLEXIVE_BASIS_REPAIR,60,-0.0010362694300517505,-0.0026362694300517504,0.9061490683583392,6.7847162414514885
BTCUSDT,1.0,2.8816777644149414,1.603370816104594,1.304956294795063,0.5763759365006444,-0.10408045521830893,-0.00040256838630459146,2025-08-10 23:40:00+00:00,119186.4,119219.96725,-0.00015605807374008407,0.0045793815401757865,6.029417492246241,1.0,REFLEXIVE_BASIS_REPAIR,60,-0.00015605807374008407,-0.0017560580737400841,0.5763759365006444,3.4752111536467942
ETHUSDT,1.0,-3.0618366402709727,-1.7118198155349154,2.5231094029596672,0.5038717019675036,-0.18703514726820344,-0.0004120723302689644,2025-08-11 01:40:00+00:00,4317.85,4318.34891892,0.0023182834049353396,-0.00575054714730705,13.224405187534492,1.0,REFLEXIVE_BASIS_REPAIR,60,0.0023182834049353396,0.0007182834049353395,0.5038717019675036,6.663403549350889
XRPUSDT,1.0,-2.9044878463214676,-2.7365813522033138,1.166296062727176,0.48779473830698405,-0.12656669309538715,-0.00018131270397681032,2025-08-11 09:10:00+00:00,3.3086,3.31086842,0.014628543794958593,-0.015958411412682172,9.270149461376182,0.25,REFLEXIVE_BASIS_REPAIR,60,0.014628543794958593,0.013028543794958592,0.48779473830698405,4.521930130578624
SOLUSDT,-1.0,-2.208647525776077,-1.7409069331702363,1.1088932741574107,0.12652021278190562,0.31499471410578855,0.0012340831323273127,2025-08-11 12:45:00+00:00,178.05,178.19815789,0.007076663858466725,-0.006852007862959919,4.263749851544428,1.0,INDEX_CONFIRMED_DISCOVERY,120,-0.006852007862959919,-0.00845200786295992,0.31499471410578855,1.3430586655058354
SOLUSDT,-1.0,-2.173306526015066,-1.5370517833893147,2.6694101397384262,0.6664437303509038,-0.4184279501214879,-0.003223252657769793,2025-08-11 18:10:00+00:00,177.41,177.51868421,0.0025364973789527845,0.005072994757905458,8.917123654178248,1.0,REFLEXIVE_BASIS_REPAIR,60,0.0025364973789527845,0.0009364973789527844,0.6664437303509038,5.942761152090834
ETHUSDT,-1.0,2.920799802020902,2.7746316551114654,2.6294919069311513,0.9083926689265853,-0.5265869090655935,-0.0036610089580386695,2025-08-11 20:00:00+00:00,4257.53,4258.96604651,-0.003812069439322663,0.009284726120543985,21.309779979700714,1.0,REFLEXIVE_BASIS_REPAIR,60,-0.003812069439322663,-0.005412069439322663,0.9083926689265853,19.357647909998647
ETHUSDT,-1.0,-3.194273255622235,-2.513989867069449,1.776382800978341,0.6341794914165306,-0.096146851867885,-0.00097872229230056,2025-08-11 21:40:00+00:00,4213.69,4216.25651163,-4.509111965989021e-05,-0.0027624243833790363,14.265012214499666,1.0,REFLEXIVE_BASIS_REPAIR,60,-4.509111965989021e-05,-0.0016450911196598903,0.6341794914165306,9.046578191241997
ETHUSDT,-1.0,-4.070816596264443,-3.21678775667283,1.2054663369258884,0.7393599111707885,-0.23595511000943414,-0.0020866118785334287,2025-08-12 05:10:00+00:00,4298.2,4298.97953488,-0.0016518542645757028,-0.0022474524219440184,15.785525008881837,1.0,REFLEXIVE_BASIS_REPAIR,60,-0.0016518542645757028,-0.0032518542645757027,0.7393599111707885,11.671184368351135
SOLUSDT,1.0,7.151648886647132,6.6694113740051915,1.2295279205575054,0.8942857850615964,-0.09625746454301645,-0.0017700125613793194,2025-08-12 09:25:00+00:00,174.83,174.93894737,0.0016015557970600058,-0.0011439684264715755,58.64514785649066,0.75,REFLEXIVE_BASIS_REPAIR,60,0.0016015557970600058,1.5557970600057602e-06,0.8942857850615964,52.445522090895146
BTCUSDT,-1.0,-3.44724264375618,-3.9708877400851863,1.7869743284139226,0.8657942650903196,-0.07367599102980332,-0.0006545218373050776,2025-08-12 13:10:00+00:00,118943.2,118996.54847826,0.0006473678192615573,-0.0033915347829889253,24.46120100755594,1.0,REFLEXIVE_BASIS_REPAIR,60,0.0006473678192615573,-0.0009526321807384428,0.8657942650903196,21.178367549563482
SOLUSDT,1.0,5.549024887425966,3.4330361490384247,1.5289223427032073,0.7017436135001187,-0.5196453770569703,-0.002512562814070307,2025-08-13 03:30:00+00:00,198.5,198.51526316,0.0004030226700252326,-0.0035768261964735926,29.125975261814553,0.75,REFLEXIVE_BASIS_REPAIR,60,0.0004030226700252326,-0.0011969773299747675,0.7017436135001187,20.43896712694081
SOLUSDT,-1.0,2.420502303231179,-1.7511071335062045,2.4259193588740167,-0.03237905845113209,0.3984662457952905,0.0013422151521177428,2025-08-13 09:35:00+00:00,200.89,200.84605263,0.0007964557718156406,-0.0019911394295386575,10.282401967593223,1.0,INDEX_CONFIRMED_DISCOVERY,120,-0.0019911394295386575,-0.0035911394295386574,0.3984662457952905,4.09719010978498
SOLUSDT,1.0,6.62679285533801,4.452604012343073,2.964564998365702,0.6806728753852067,-1.8485024516432746,-0.008946467856269957,2025-08-13 13:40:00+00:00,202.72,202.68184211,0.023431333859510683,-0.024763220205209158,87.47389104498973,0.0,REFLEXIVE_BASIS_REPAIR,60,0.023431333859510683,0.021831333859510683,0.6806728753852067,59.54110493872544
ETHUSDT,-1.0,2.910188799102874,2.2744383761900293,1.894208221009267,0.6630648063034829,-0.740204057636808,-0.001692109460488922,2025-08-13 15:15:00+00:00,4641.11,4643.61744186,0.010029928185283365,-0.015554468650818665,12.537849618340605,0.75,REFLEXIVE_BASIS_REPAIR,60,0.010029928185283365,0.008429928185283365,0.6630648063034829,8.31340682864721
ETHUSDT,1.0,3.662629207811252,1.5508974467536734,1.165645667888818,0.3888203372868134,-0.5080181689100248,-0.0024586040662334385,2025-08-13 21:25:00+00:00,4759.27,4758.6844186,0.006034538910379195,-0.0019414742176847577,6.621289691647323,0.75,REFLEXIVE_BASIS_REPAIR,60,0.006034538910379195,0.004434538910379195,0.3888203372868134,2.574492091180013
BTCUSDT,1.0,4.511531739698714,1.7527714565025756,1.1789350357888992,0.050096996549689465,0.6679417467456171,0.00148779907673946,2025-08-14 00:10:00+00:00,123789.3,123746.15391304,0.0011236835493859676,-0.0018232593608655812,9.32264578845525,0.75,INDEX_CONFIRMED_DISCOVERY,120,-0.0018232593608655812,-0.003423259360865581,0.5009563100592128,4.670238234173603
SOLUSDT,1.0,5.149916480596795,3.0750403314048436,2.5293424662620656,0.2266341799399788,0.7449109358708071,0.005796113194681096,2025-08-14 02:50:00+00:00,206.5,206.3,-0.01191283292978218,0.011380145278450327,40.05517539308004,0.75,INDEX_CONFIRMED_DISCOVERY,120,0.011380145278450327,0.009780145278450326,0.5586832019031054,22.378153641396434
SOLUSDT,-1.0,5.129079702866729,5.859875938164899,4.7918457359647775,0.624840801019229,-0.12097859312353194,-0.0036086194453037734,2025-08-14 12:40:00+00:00,194.68,194.88947368,-0.0031847133757961776,-0.017824121635504397,144.02261684128035,1.0,REFLEXIVE_BASIS_REPAIR,60,-0.0031847133757961776,-0.0047847133757961775,0.624840801019229,89.99120727199112
ETHUSDT,-1.0,-3.205646626893475,-2.6600729573137527,1.983370402800196,0.926802665152798,-0.778086180747665,-0.00543269252021239,2025-08-14 16:35:00+00:00,4549.04,4550.14023256,0.002613738283242295,0.0026555053373898962,16.912703008181023,0.75,REFLEXIVE_BASIS_REPAIR,60,0.002613738283242295,0.001013738283242295,0.926802665152798,15.674738222919915
BTCUSDT,-1.0,-2.26415271542715,-2.072247748528661,2.2326665217101556,0.8782959468825497,-1.2332675298756908,-0.0026368174937669853,2025-08-15 15:15:00+00:00,117305.6,117348.69717391,-0.0026665393638496404,0.0016537999890883226,10.47541538231011,0.25,REFLEXIVE_BASIS_REPAIR,60,-0.0026665393638496404,-0.00426653936384964,0.8782959468825497,9.200514872194086
ETHUSDT,-1.0,-7.948190804219724,-7.154726475795812,2.0850874822343366,0.9084727765740732,0.10278731446923722,-0.0006922694339521751,2025-08-17 19:00:00+00:00,4466.67,4468.98351351,-0.002041789521052606,0.0002753729288262896,118.57294337738976,1.0,REFLEXIVE_BASIS_REPAIR,60,-0.002041789521052606,-0.003641789521052606,0.9084727765740732,107.72029109661764
BTCUSDT,-1.0,-4.094807603713077,-4.199912426315491,2.2302755947602035,0.7627044862728388,0.07565671674881044,-0.0003945182546170045,2025-08-18 01:35:00+00:00,116643.9,116707.98625,-0.007804094341838597,0.012424996077805894,38.3559079769536,1.0,REFLEXIVE_BASIS_REPAIR,60,-0.007804094341838597,-0.009404094341838597,0.7627044862728388,29.25422308909068
ETHUSDT,-1.0,-2.7752025895734107,-3.0984979680261695,2.5257975782175635,0.47955514432972923,-0.17168041530604833,-0.001709441358275221,2025-08-18 03:00:00+00:00,4318.72,4321.71756757,-6.71495257854593e-05,-0.003769635447540054,21.719231294110223,1.0,REFLEXIVE_BASIS_REPAIR,60,-6.71495257854593e-05,-0.0016671495257854594,0.47955514432972923,10.4155690979778
ETHUSDT,1.0,2.122835786682345,2.0959506339817757,2.1172790236516557,0.5673757367309359,-0.21455293397748995,-0.0018818680040568747,2025-08-19 14:00:00+00:00,4290.83,4291.46116279,0.02344301685221739,-0.02342437244076323,9.42053450678496,1.0,REFLEXIVE_BASIS_REPAIR,60,0.02344301685221739,0.02184301685221739,0.5673757367309359,5.344982706186321
ETHUSDT,-1.0,-3.219886695734398,-2.953773526929007,2.1364998662206083,0.9597983086317685,-0.2671583644440662,-0.0024697220400051734,2025-08-19 23:45:00+00:00,4095.57,4096.91162791,0.003511110785556104,0.005085983147644968,20.319857285925632,1.0,REFLEXIVE_BASIS_REPAIR,60,0.003511110785556104,0.001911110785556104,0.9597983086317685,19.50296465467034
SOLUSDT,1.0,4.303212242909717,6.270950643667329,1.7136941272592876,0.9537610536068454,-0.11928420974876935,-0.002582866982350329,2025-08-20 17:50:00+00:00,185.36,185.41,0.009656883901597024,0.007229175658178599,46.244432889109746,1.0,REFLEXIVE_BASIS_REPAIR,60,0.009656883901597024,0.008056883901597024,0.9537610536068454,44.106139035768365
ETHUSDT,-1.0,-2.616973848489605,-2.2292353742337307,1.6237902965402111,0.687384426342379,-0.5471903843711712,-0.004554237472303546,2025-08-21 15:20:00+00:00,4252.7,4253.92255814,0.0009311731370658105,0.007900862981164769,9.472950119961366,1.0,REFLEXIVE_BASIS_REPAIR,60,0.0009311731370658105,-0.0006688268629341896,0.687384426342379,6.511558383979613
ETHUSDT,1.0,4.395623698804269,3.552943369982179,3.738870116379205,0.11418105084858543,0.385289172629477,0.006798797428372971,2025-08-22 16:15:00+00:00,4765.37,4764.22325581,-0.009545953409703767,0.005055221315448888,58.391437923429,0.75,INDEX_CONFIRMED_DISCOVERY,120,0.005055221315448888,0.003455221315448888,0.28896687947210775,16.87319160462257
SOLUSDT,1.0,6.007025749108428,4.075138640306337,2.715862312941445,0.35251982378600033,-0.8520390349832757,-0.006685154006140448,2025-08-22 21:15:00+00:00,200.59,200.53473684,0.005733087392193026,-0.0071289695398574215,66.48285030614451,0.25,REFLEXIVE_BASIS_REPAIR,60,0.005733087392193026,0.004133087392193026,0.35251982378600033,23.436522674713103
SOLUSDT,1.0,5.523764297964251,2.1432949724253976,1.6214227118385698,0.3557767454857862,-0.469289833326371,-0.002211006969478513,2025-08-23 05:50:00+00:00,207.59,207.5,0.005491594007418499,-0.010790500505804768,19.196114688359796,0.5,REFLEXIVE_BASIS_REPAIR,60,0.005491594007418499,0.003891594007418499,0.3557767454857862,6.829531209796545
SOLUSDT,-1.0,-3.9052602194265913,-8.266797362300405,2.425028030449375,0.21471963405638061,0.5869903353492839,0.0028571428571428914,2025-08-23 08:30:00+00:00,202.42,202.33894737,0.006916312617330389,-0.004643809900207518,78.28959252143632,1.0,INDEX_CONFIRMED_DISCOVERY,120,-0.004643809900207518,-0.006243809900207518,0.5869903353492839,45.9552341685167
BTCUSDT,1.0,2.727321594338626,2.2067746477799974,1.0163812428130496,0.5552291626041823,-0.29241491894200466,-0.0007205087418247214,2025-08-23 16:30:00+00:00,114836.0,114870.98347826,-0.0010649970392559993,0.0017773172175972185,6.117176039093273,1.0,REFLEXIVE_BASIS_REPAIR,60,-0.0010649970392559993,-0.002664997039255999,0.5552291626041823,3.396434529688127
SOLUSDT,1.0,2.999513367777525,1.5806555998219245,1.6105897419435558,0.6923947215404972,-0.6050395992148383,-0.004062484886589002,2025-08-24 01:20:00+00:00,205.93,205.92368421,-0.01787015005098813,0.009663477880833105,7.636124221532708,0.25,REFLEXIVE_BASIS_REPAIR,60,-0.01787015005098813,-0.019470150050988132,0.6923947215404972,5.287212104016786
ETHUSDT,1.0,3.49280951371337,3.091900742071585,2.4253343537442316,0.970427298303629,-0.34972583601086676,-0.0036543854678638965,2025-08-24 17:20:00+00:00,4853.06,4854.78767442,-0.01750029878056303,0.019056018264764774,26.192205120482257,0.5,REFLEXIVE_BASIS_REPAIR,60,-0.01750029878056303,-0.01910029878056303,0.970427298303629,25.417630851684073
SOLUSDT,1.0,2.237725198395121,2.013900311846436,1.2157697217383594,0.45043296803205135,-0.5871706065966553,-0.005499853986177361,2025-08-24 20:50:00+00:00,204.33,204.25605263,-0.005970733617187918,-0.001174570547643583,5.478933695686726,1.0,REFLEXIVE_BASIS_REPAIR,60,-0.005970733617187918,-0.007570733617187918,0.45043296803205135,2.467892366198988
ETHUSDT,1.0,-3.0130430764757885,-2.5433764936113006,1.3110776282588954,0.6317854921942604,-1.084137487577995,-0.0038916878202668315,2025-08-25 13:45:00+00:00,4622.6,4625.2972093,-0.003770605287067852,0.0008891100246612993,10.04718503657948,0.5,REFLEXIVE_BASIS_REPAIR,60,-0.003770605287067852,-0.005370605287067852,0.6317854921942604,6.347665743502175
ETHUSDT,1.0,-2.445266268037279,-2.5276275629910563,1.3816094706913606,0.7494445148153173,-1.015267586925386,-0.0034611873594174725,2025-08-25 20:25:00+00:00,4399.39,4401.54837209,0.005823534626391402,-0.004682467342063457,8.539344628344875,0.75,REFLEXIVE_BASIS_REPAIR,60,0.005823534626391402,0.004223534626391402,0.7494445148153173,6.39976499183071
BTCUSDT,-1.0,-2.165895182024368,-2.191975140858888,2.192595982130668,0.8685108058433372,-0.43701455158983954,-0.0033395321558606916,2025-08-26 13:00:00+00:00,110172.5,110220.38847826,-0.001101000703442323,-0.0013742086273798026,10.409543243422167,1.0,REFLEXIVE_BASIS_REPAIR,60,-0.001101000703442323,-0.002701000703442323,0.8685108058433372,9.040800790805653
BTCUSDT,1.0,2.4135672818896197,2.2211094566200766,1.334418342630269,0.8715855485720233,0.05457328789940875,-0.00015447355412756547,2025-08-26 14:05:00+00:00,110034.2,110073.88195652,-0.004324110140301762,-0.0030099732628582343,7.153546000032801,1.0,REFLEXIVE_BASIS_REPAIR,60,-0.004324110140301762,-0.005924110140301762,0.8715855485720233,6.234927314673792
BTCUSDT,1.0,-3.1085393135315984,-2.5625684552044343,2.9453399860601097,0.7463358703635934,-0.6032393838201254,-0.0016896441081549751,2025-08-27 14:40:00+00:00,112318.8,112374.3626087,0.005822711781108825,-0.005686492377055319,23.46212117277717,1.0,REFLEXIVE_BASIS_REPAIR,60,0.005822711781108825,0.004222711781108825,0.7463358703635934,17.51062262606074
SOLUSDT,1.0,-2.1178923524784428,-3.1473653552925436,1.995023608062064,0.8613323228031033,-0.41124187452340155,-0.0014193121067322956,2025-08-27 18:30:00+00:00,211.07,211.11526316,0.01918794712654559,-0.02297815890462873,13.298390493949144,0.5,REFLEXIVE_BASIS_REPAIR,60,0.01918794712654559,0.01758794712654559,0.8613323228031033,11.454333573695925
XRPUSDT,-1.0,-7.222071501629637,-7.869605644139792,2.05883104439738,0.8650151243408745,-0.36545113661427353,-0.00368554522400677,2025-08-28 17:05:00+00:00,2.9684,2.97000312,0.003031936396711954,-0.003975205497911416,117.01336316053873,1.0,REFLEXIVE_BASIS_REPAIR,60,0.003031936396711954,0.0014319363967119538,0.8650151243408745,101.21832888385731
BTCUSDT,1.0,2.260279284438988,3.0463597361960097,1.4057260672089946,0.4851177394939007,-0.25495357608332103,-0.0010867747868250621,2025-08-29 06:50:00+00:00,111125.7,111186.34326087,0.009711524876783617,-0.012421968995470878,9.679300871223417,1.0,REFLEXIVE_BASIS_REPAIR,60,0.009711524876783617,0.008111524876783616,0.4851177394939007,4.6956005585292475
SOLUSDT,1.0,-2.0525537828406635,-1.617873533021087,2.9665591788745895,0.6078724914375354,-0.21744230192851333,-0.002683615819209062,2025-08-29 12:40:00+00:00,211.83,211.91947368,0.007553226644007038,-0.008591795307558048,9.851267963904384,1.0,REFLEXIVE_BASIS_REPAIR,60,0.007553226644007038,0.0059532266440070385,0.6078724914375354,5.988314801037334
XRPUSDT,-1.0,-2.1203497256722845,-2.184940050880368,1.1888549696012614,0.9018592343448507,-0.0733457280731671,-0.0006381847190213286,2025-08-29 14:50:00+00:00,2.8223,2.82324474,0.005633703008184998,-0.0037558020054566654,5.507771335378211,0.75,REFLEXIVE_BASIS_REPAIR,60,0.005633703008184998,0.004033703008184998,0.9018592343448507,4.96723443947071
BTCUSDT,1.0,-2.0232109106138076,-2.310275471122404,2.1968120891520613,0.9089860428916183,-0.4758509188333222,-0.0013627310527970504,2025-09-01 07:40:00+00:00,108604.0,108649.89108696,-0.007728997090346468,0.009484917682589966,10.268283135616002,0.75,REFLEXIVE_BASIS_REPAIR,60,-0.007728997090346468,-0.009328997090346468,0.9089860428916183,9.333726054734328
BTCUSDT,-1.0,-3.6585708912863115,-3.507730916526924,1.563584606670157,0.6352901286065322,-0.3477490803129206,-0.0013415633142068728,2025-09-01 10:45:00+00:00,108302.5,108365.30347826,0.0014256365273193072,-0.0055668151704715285,20.065922541112062,1.0,REFLEXIVE_BASIS_REPAIR,60,0.0014256365273193072,-0.00017436347268069284,0.6352901286065322,12.747682511751796
ETHUSDT,-1.0,-2.1291370329552546,-2.257072199898994,2.1364952372876003,0.8314700153476429,-0.13057823241682437,-0.0010267652731332788,2025-09-01 17:20:00+00:00,4328.7,4331.04395349,0.003509136692309678,-0.005853951532792889,10.26717571088674,1.0,REFLEXIVE_BASIS_REPAIR,60,0.003509136692309678,0.0019091366923096778,0.8314700153476429,8.536848745907944
ETHUSDT,-1.0,-6.570652292472816,-4.569079529491562,1.9435304943214922,0.6862105532664706,-0.14766307816717134,-0.0015906072184050934,2025-09-01 20:50:00+00:00,4275.6,4279.07255814,-0.006799045747965304,-0.00021751333146213803,58.34834770731311,0.75,REFLEXIVE_BASIS_REPAIR,60,-0.006799045747965304,-0.008399045747965305,0.6862105532664706,40.03925196241973
BTCUSDT,1.0,3.115112314703148,2.108059497131541,2.471181075878667,0.6058827116802776,-0.05781629947644741,-0.00031309548872593407,2025-09-02 14:00:00+00:00,111113.4,111148.30369565,-0.0017558638292052287,-0.002911440024335521,16.227855924917133,1.0,REFLEXIVE_BASIS_REPAIR,60,-0.0017558638292052287,-0.0033558638292052285,0.6058827116802776,9.832177352545653
ETHUSDT,-1.0,-2.6734525959997355,-2.290431119043901,1.2430563601981872,0.7300831302474755,-0.14335706139877707,-0.0008829160393315494,2025-09-02 15:45:00+00:00,4307.72,4310.28627907,-0.003672476391223367,0.0006244602713268987,7.611680377037959,1.0,REFLEXIVE_BASIS_REPAIR,60,-0.003672476391223367,-0.005272476391223367,0.7300831302474755,5.557159436111157
SOLUSDT,1.0,3.0804778598942724,1.9346680055782344,1.668715590844805,0.9825803436266509,-0.36271509707430577,-0.0037317049529902446,2025-09-02 19:00:00+00:00,205.57,205.65157895,0.0006323879943571642,0.0053509753368681245,9.945047573151008,1.0,REFLEXIVE_BASIS_REPAIR,60,0.0006323879943571642,-0.0009676120056428359,0.9825803436266509,9.771808261810108
ETHUSDT,-1.0,-3.145823462727722,-2.231137086750402,1.9012695283115038,0.9425612551935458,-0.43803293577174385,-0.002780801514173259,2025-09-03 06:10:00+00:00,4302.06,4304.25255814,-0.0017154572460635897,-0.003203116646443682,13.344560971359689,1.0,REFLEXIVE_BASIS_REPAIR,60,-0.0017154572460635897,-0.0033154572460635896,0.9425612551935458,12.578066139171591
BTCUSDT,-1.0,-4.075431000761927,-1.8409939206303636,1.7914851465385122,0.8500555666125463,-0.4636176260836462,-0.002548739125349808,2025-09-03 14:20:00+00:00,111436.3,111492.255,0.005736909786129063,-0.005643582925850765,13.44123303881333,1.0,REFLEXIVE_BASIS_REPAIR,60,0.005736909786129063,0.004136909786129063,0.8500555666125463,11.425794966779742
BTCUSDT,-1.0,-4.334705813616497,-3.260822632434559,1.2147130157686943,0.40953473573433763,-0.5060468815882091,-0.001653983433227868,2025-09-04 02:35:00+00:00,111551.7,111572.62304348,-0.0027547764848048217,0.003921948298412303,17.169612350741357,0.75,REFLEXIVE_BASIS_REPAIR,60,-0.0027547764848048217,-0.004354776484804822,0.40953473573433763,7.031552656721881
BTCUSDT,-1.0,-2.7257690640721672,-2.1612097819619334,1.2236983111033615,0.9404575506066284,-0.21163395324201972,-0.0006746918213966779,2025-09-04 11:05:00+00:00,110643.6,110690.81978261,0.0016295565220219022,-0.0017750687793960385,7.20875629107195,0.75,REFLEXIVE_BASIS_REPAIR,60,0.0016295565220219022,2.9556522021902077e-05,0.9404575506066284,6.779529284421649
ETHUSDT,-1.0,-3.0867254852403327,-3.616735472586297,2.531821214623814,0.9560912703947853,-0.3070714042324861,-0.0023320151708103865,2025-09-04 14:15:00+00:00,4336.82,4339.04325581,-0.005988258678017333,0.0070881429250002626,28.264921780705144,1.0,REFLEXIVE_BASIS_REPAIR,60,-0.005988258678017333,-0.007588258678017333,0.9560912703947853,27.023844972923616
ETHUSDT,1.0,3.0620584424629804,1.8023024492765878,1.531053817979007,-0.1678399993915023,0.5113558546636064,0.0016748611214150166,2025-09-05 12:35:00+00:00,4455.58,4455.39232558,-0.002165823529147737,-0.034572378904654366,8.44951157263359,1.0,INDEX_CONFIRMED_DISCOVERY,120,-0.034572378904654366,-0.03617237890465436,0.5113558546636064,4.320707211714082
XRPUSDT,-1.0,-2.2235659518595763,-1.570085116626689,2.3614195968804714,0.7241239916999552,-0.4275360763150781,-0.0016026211759676556,2025-09-05 14:55:00+00:00,2.8124,2.81387105,0.0009600341345470387,0.0017067273503057478,8.24415930349183,0.75,REFLEXIVE_BASIS_REPAIR,60,0.0009600341345470387,-0.0006399658654529614,0.7241239916999552,5.969793543054827
BTCUSDT,-1.0,-2.2084481985834175,-1.7388347179696362,1.3575118049896244,0.9877755297078497,-0.1554259943129915,-0.0004831441395067859,2025-09-08 01:00:00+00:00,110786.5,110834.64,0.0005460954177629596,-0.0037315015818712993,5.213016921377692,1.0,REFLEXIVE_BASIS_REPAIR,60,0.0005460954177629596,-0.0010539045822370405,0.9877755297078497,5.149290550889833
XRPUSDT,1.0,2.3658313378363554,3.1752960827179177,2.5497273205434206,0.8665890760060956,-0.052818856397232855,-0.0003728687163147004,2025-09-08 10:25:00+00:00,2.949,2.95019211,0.0038657171922684697,-0.0013903017972193288,19.15409977077954,1.0,REFLEXIVE_BASIS_REPAIR,60,0.0038657171922684697,0.00226571719226847,0.8665890760060956,16.598733622088407
ETHUSDT,1.0,2.9577851296668345,2.4832633501930914,2.343053852593808,0.6104141377656643,-0.4988513979330923,-0.002317821523153074,2025-09-08 13:20:00+00:00,4347.44,4348.89418605,0.00663838948898654,0.005764311870894323,17.20963544332618,1.0,REFLEXIVE_BASIS_REPAIR,60,0.00663838948898654,0.00503838948898654,0.6104141377656643,10.505004780399368
XRPUSDT,-1.0,2.7084091652176387,2.077652544521188,1.6861774559083729,0.620284065121533,-0.9970056909207595,-0.0020553945683672303,2025-09-08 16:45:00+00:00,2.9739,2.97486579,-0.0005043881771411574,0.0004707622986650506,9.488345132642548,1.0,REFLEXIVE_BASIS_REPAIR,60,-0.0005043881771411574,-0.002104388177141157,0.620284065121533,5.885469290151631
SOLUSDT,1.0,5.686701442761849,5.148490115265476,1.6709337464978198,0.9626432237865733,0.20389713771112042,0.0,2025-09-08 18:55:00+00:00,216.57,216.67315789,0.004063351341367705,-0.010573948376968123,48.921474859118675,1.0,REFLEXIVE_BASIS_REPAIR,60,0.004063351341367705,0.002463351341367705,0.9626432237865733,47.093926270775796
BTCUSDT,-1.0,-2.834816139757578,-2.836883854849775,1.729483076021923,0.7935468531005401,-0.2620697504528309,-0.0007416846254182374,2025-09-09 07:50:00+00:00,112934.9,112978.46608696,-0.00036746833795398004,0.00035330088396057224,13.90857923389043,0.75,REFLEXIVE_BASIS_REPAIR,60,-0.00036746833795398004,-0.00196746833795398,0.7935468531005401,11.03710928215327
XRPUSDT,-1.0,6.971278888691238,5.979721470511002,3.247989582896475,0.8315408037315768,-0.42085944628949257,-0.003108843307539022,2025-09-09 14:40:00+00:00,2.9685,2.97018158,-0.009600808489136026,0.007815394980629997,135.39668779212707,1.0,REFLEXIVE_BASIS_REPAIR,60,-0.009600808489136026,-0.011200808489136026,0.8315408037315768,112.58787058925871
XRPUSDT,1.0,-2.340471353839927,-2.7071763544284924,1.23010428486114,0.8336033101394608,-0.3225712485855345,-0.0005767991042647802,2025-09-09 16:00:00+00:00,2.9456,2.94699211,-0.0021387832699619747,0.002546170559478478,7.794025266064529,0.75,REFLEXIVE_BASIS_REPAIR,60,-0.0021387832699619747,-0.0037387832699619745,0.8336033101394608,6.497125261101983
BTCUSDT,1.0,2.3890071108267166,2.721867242907996,1.0127796845905215,0.9066952730655381,-0.3462109654938782,-0.001101333448223829,2025-09-09 20:55:00+00:00,111287.7,111333.66086957,0.0001590472262432696,0.0021080496766490153,6.585660866395259,0.75,REFLEXIVE_BASIS_REPAIR,60,0.0001590472262432696,-0.0014409527737567305,0.9066952730655381,5.971187577573278
SOLUSDT,1.0,5.469058271076408,4.066588436171065,4.44905096677179,0.7265356638953347,-0.324282146570591,-0.005270916156698169,2025-09-10 12:40:00+00:00,222.69,222.73289474,-0.0036373433921594867,-0.001661502537159354,98.94871370521176,1.0,REFLEXIVE_BASIS_REPAIR,60,-0.0036373433921594867,-0.0052373433921594865,0.7265356638953347,71.88976940340544
SOLUSDT,-1.0,-2.266015942162951,-2.753741669016467,2.1512325864227653,0.591913064737535,-0.7854184912173331,-0.0030067764663643803,2025-09-10 13:40:00+00:00,223.5,223.56263158,-0.005279642058165557,-0.00031319910514548965,13.423739790607007,0.5,REFLEXIVE_BASIS_REPAIR,60,-0.005279642058165557,-0.006879642058165557,0.591913064737535,7.94568695969739
ETHUSDT,1.0,5.258589349128958,4.150914381810863,2.1989776788891504,0.9520238171574017,-3.873808054668231,-0.016128166595105187,2025-09-11 12:35:00+00:00,4399.56,4401.39674419,-0.0036958241278670645,0.005873314604187607,47.9991839677993,0.0,REFLEXIVE_BASIS_REPAIR,60,-0.0036958241278670645,-0.005295824127867064,0.9520238171574017,45.696366341464646
ETHUSDT,1.0,2.8038082901230195,2.6211185208782974,2.334954319641207,0.8372425702592985,-0.3266778952427791,-0.0020424864228759665,2025-09-11 14:05:00+00:00,4426.71,4428.95651163,-0.0007432156161122361,-0.0016377851722837455,17.159845102118414,0.75,REFLEXIVE_BASIS_REPAIR,60,-0.0007432156161122361,-0.002343215616112236,0.8372425702592985,14.366952818549056
XRPUSDT,-1.0,-2.040937278307957,-1.5608132668665995,1.3682789532062554,0.9789753216735895,-0.29423665593404946,-0.0013876040703053594,2025-09-12 13:45:00+00:00,3.031,3.03222368,0.0008248102936323498,0.0016496205872650327,4.358682681339663,1.0,REFLEXIVE_BASIS_REPAIR,60,0.0008248102936323498,-0.0007751897063676503,0.9789753216735895,4.2670427800376
BTCUSDT,-1.0,-3.326492141545328,-1.5162068785816356,1.7314436955204764,0.5941759701144591,-0.9389901072625454,-0.0013400653606072677,2025-09-12 17:45:00+00:00,115821.0,115885.01413043,0.005099247977482513,-0.004956786765785148,8.732796456443372,0.0,REFLEXIVE_BASIS_REPAIR,60,0.005099247977482513,0.003499247977482513,0.5941759701144591,5.188817806319352
ETHUSDT,1.0,2.002449817054876,1.518394338229588,2.4577624476655746,0.9487725867156568,0.01290847663186283,-0.00022063505071456824,2025-09-13 03:55:00+00:00,4757.94,4759.99604651,0.0027869203899164585,-0.008184214176723437,7.472847526607031,1.0,REFLEXIVE_BASIS_REPAIR,60,0.0027869203899164585,0.0011869203899164584,0.9487725867156568,7.090032877950651
XRPUSDT,1.0,4.9473243941393115,3.483702782111414,1.0905245451477135,0.8416154082760545,-0.13290637442545447,-0.0010415680333301092,2025-09-13 09:40:00+00:00,3.165,3.16652105,-0.001042654028436063,0.0020537124802526563,18.795198993588304,1.0,REFLEXIVE_BASIS_REPAIR,60,-0.001042654028436063,-0.002642654028436063,0.8416154082760545,15.818329074618509
ETHUSDT,-1.0,-4.066936254436707,-2.5687771855777557,1.39069029944058,0.6181928978650598,-0.792697251835783,-0.0026300624369024472,2025-09-15 07:00:00+00:00,4628.0,4630.79302326,-0.0071434745030251046,0.025870786516853816,14.528615356065421,0.5,REFLEXIVE_BASIS_REPAIR,60,-0.0071434745030251046,-0.008743474503025105,0.6181928978650598,8.98148682893289
SOLUSDT,-1.0,-3.201661759994061,-1.757015453805028,2.0971586489104723,0.6072925983730277,-0.08408801547032013,-0.0008909252895505926,2025-09-15 12:35:00+00:00,235.92,236.07578947,0.002500847744998369,0.007714479484571046,11.797291650471482,1.0,REFLEXIVE_BASIS_REPAIR,60,0.002500847744998369,0.000900847744998369,0.6072925983730277,7.164407900179252
XRPUSDT,1.0,-4.783879703113337,-3.0239192019145653,2.694134143699832,0.9351878251325431,-0.7352966278276076,-0.005673946031536592,2025-09-15 13:40:00+00:00,3.0142,3.01542895,-0.0007630548735984011,0.0013602282529361354,38.97352151092401,0.25,REFLEXIVE_BASIS_REPAIR,60,-0.0007630548735984011,-0.002363054873598401,0.9351878251325431,36.447562819557405
XRPUSDT,-1.0,-2.3496529136023714,-1.9539508934390148,1.1538556114488694,0.9794808607782259,-0.2454353405242309,-0.0015937842414583958,2025-09-15 14:40:00+00:00,3.0165,3.01761316,0.0005967180507209235,6.630200563562116e-05,5.297473893712301,1.0,REFLEXIVE_BASIS_REPAIR,60,0.0005967180507209235,-0.0010032819492790765,0.9794808607782259,5.188774289363504
BTCUSDT,1.0,2.1815209485044416,1.5130977811690032,1.6326280014780914,0.7521434319538423,-0.3516650928489155,-0.0007032312352160952,2025-09-17 17:10:00+00:00,115670.0,115726.98108696,-0.002112907409008269,0.0011238869196852352,5.389067496534624,0.25,REFLEXIVE_BASIS_REPAIR,60,-0.002112907409008269,-0.0037129074090082688,0.7521434319538423,4.053351721874453
BTCUSDT,1.0,3.119698057435177,2.127182635387421,2.743920690635733,0.7399884604673507,-0.25606295925139233,-0.0010725952346248846,2025-09-17 23:00:00+00:00,116507.9,116568.76608696,0.0009046596840214249,-0.0018548098455125617,18.209117406985968,1.0,REFLEXIVE_BASIS_REPAIR,60,0.0009046596840214249,-0.0006953403159785751,0.7399884604673507,13.474536756464783
BTCUSDT,-1.0,2.7970646043815806,3.0230812243692258,2.850068498597203,0.7775830819656024,-0.33494469665805887,-0.0003029936811573819,2025-09-19 14:55:00+00:00,115879.1,115937.88304348,-0.00028823144121770117,-0.001249578224200798,24.099476650485304,1.0,REFLEXIVE_BASIS_REPAIR,60,-0.00028823144121770117,-0.0018882314412177012,0.7775830819656024,18.739345327642436
BTCUSDT,-1.0,-4.209170676978403,-3.158091804606544,2.2679610538337585,0.6162272566271206,0.09882545920629131,-0.00031432388844043757,2025-09-22 02:40:00+00:00,114249.3,114284.97695652,0.0005671807179563615,-0.0016271434485812808,30.14788703730504,1.0,REFLEXIVE_BASIS_REPAIR,60,0.0005671807179563615,-0.0010328192820436386,0.6162272566271206,18.577949722102815
XRPUSDT,-1.0,-2.790335728814938,-2.595438870248692,3.128324301406886,-1.5688069532701547,3.266420219590707,0.035883738094401374,2025-09-22 06:05:00+00:00,2.7432,2.7471,0.027923592884222748,-0.020924467774861677,22.65578073679167,1.0,INDEX_CONFIRMED_DISCOVERY,120,-0.020924467774861677,-0.022524467774861678,3.266420219590707,74.00330028926996
XRPUSDT,1.0,6.405730817780182,6.034568301478286,2.9399226361275512,0.8914614598968728,-1.9689177342906137,-0.006000494158342473,2025-09-22 20:05:00+00:00,2.8161,2.81713684,-0.007457121551081247,0.01260608643158978,113.64512064995108,0.0,REFLEXIVE_BASIS_REPAIR,60,-0.007457121551081247,-0.009057121551081248,0.8914614598968728,101.31024516476164
XRPUSDT,-1.0,2.241358567634133,2.3966804297894306,2.1688990926865386,0.9751158081076591,-0.6593692040289741,-0.0018033958283711904,2025-09-24 16:05:00+00:00,2.9442,2.94557105,-0.0013246382718564709,-0.00016982541946886087,11.650935990799923,1.0,REFLEXIVE_BASIS_REPAIR,60,-0.0013246382718564709,-0.0029246382718564707,0.9751158081076591,11.361011863879476
BTCUSDT,-1.0,-3.2620444050101938,-2.888917565424563,2.9209811289731014,0.6764970943900868,-0.5700501735769825,-0.0016481307546714064,2025-09-25 02:00:00+00:00,112615.7,112657.74,0.0020982864733780637,0.0011534803761819035,27.52667589304468,0.75,REFLEXIVE_BASIS_REPAIR,60,0.0020982864733780637,0.0004982864733780637,0.6764970943900868,18.62171625986237
SOLUSDT,-1.0,-5.21184576173659,-4.605429545032935,3.4113340403682857,0.7061675651915253,-0.5487262774694909,-0.007920889501131567,2025-09-25 04:25:00+00:00,204.87,204.92526316,0.0022941377458876033,0.004051349636354784,81.88152932117498,1.0,REFLEXIVE_BASIS_REPAIR,60,0.0022941377458876033,0.0006941377458876033,0.7061675651915253,57.82208019489263
ETHUSDT,-1.0,-19.024326230527965,-14.482132671422098,3.2311845131122556,0.9991771703685708,-0.5419993446521514,-0.011360607929582489,2025-09-25 12:35:00+00:00,3984.69,3986.70604651,0.0015935995020941451,-0.008951762872394076,890.2327456930816,0.5,REFLEXIVE_BASIS_REPAIR,60,0.0015935995020941451,-6.4004979058549395e-06,0.9991771703685708,889.5002358110568
BTCUSDT,-1.0,-7.569710991237814,-7.930243071926705,2.847353221779585,0.9625649008896328,0.11624396627875971,-5.359314807074078e-05,2025-09-25 17:20:00+00:00,110094.6,110148.19717391,-0.006606136904080739,0.0026849636585264403,170.92561204725195,1.0,REFLEXIVE_BASIS_REPAIR,60,-0.006606136904080739,-0.00820613690408074,0.9625649008896328,164.52699481976288
XRPUSDT,1.0,-2.200484308575265,-1.8788018371373925,1.107591006342543,0.6631401018066467,-0.07501141945203182,-3.6364958725720875e-05,2025-09-26 00:10:00+00:00,2.7498,2.75135263,-0.003709360680776763,0.0069459597061605205,4.579084657561419,1.0,REFLEXIVE_BASIS_REPAIR,60,-0.003709360680776763,-0.005309360680776763,0.6631401018066467,3.0365746659965334
BTCUSDT,-1.0,-3.779943259992529,-2.9517318033562994,1.3754144874495764,0.11114499403106992,1.0855034441662554,0.0027823580736450193,2025-09-26 07:35:00+00:00,108920.0,109002.03565217,0.004706206390011181,-0.005314910025706832,15.34602035463407,1.0,INDEX_CONFIRMED_DISCOVERY,120,-0.005314910025706832,-0.0069149100257068314,1.0855034441662554,16.658157949200746
SOLUSDT,-1.0,-3.019767866468624,-1.8399728987302817,1.4192991244673654,0.7825476944533789,-0.6656117295772365,-0.0037279133898480143,2025-09-26 13:00:00+00:00,196.55,196.67657895,0.0022386161282117456,0.011396591198168493,7.886039000919082,0.75,REFLEXIVE_BASIS_REPAIR,60,0.0022386161282117456,0.0006386161282117455,0.7825476944533789,6.171201638538655
BTCUSDT,-1.0,-3.2074698397229056,-2.9081362300027074,1.5376624308572076,0.890070255763029,-0.4234162592937096,-0.0008838244633500025,2025-09-26 18:00:00+00:00,109847.3,109900.95586957,-0.0016149691435293212,0.006658333887132439,14.34294495902186,0.5,REFLEXIVE_BASIS_REPAIR,60,-0.0016149691435293212,-0.003214969143529321,0.890070255763029,12.766228688071635
BTCUSDT,-1.0,-5.8307430262465525,-4.773015987029937,1.5519576702910534,0.9799910972984419,-0.1575186187965564,-0.0009058436552398241,2025-09-26 19:40:00+00:00,109057.9,109108.96934783,0.000630857553648223,-0.0029424736768268733,43.19133841867285,1.0,REFLEXIVE_BASIS_REPAIR,60,0.000630857553648223,-0.000969142446351777,0.9799910972984419,42.32712713070356
SOLUSDT,1.0,2.2691892587638907,2.5011341108211713,1.2716283555617311,0.5609401224918267,-1.1408394316100725,-0.005281519527085998,2025-09-30 15:40:00+00:00,205.29,205.36342105,0.0026791368308246577,0.0023381557796289254,7.21718606490234,0.25,REFLEXIVE_BASIS_REPAIR,60,0.0026791368308246577,0.0010791368308246576,0.5609401224918267,4.048409235292623
BTCUSDT,1.0,9.633587876423764,9.05427456832113,3.3715362346487123,0.8232644625547003,-0.041693190034686196,-0.0009022854166398364,2025-10-01 08:55:00+00:00,116044.7,116080.22934783,-0.0029436932492392653,0.001187473447731735,294.08275282393726,1.0,REFLEXIVE_BASIS_REPAIR,60,-0.0029436932492392653,-0.004543693249239265,0.8232644625547003,242.10787945020547
BTCUSDT,1.0,5.012512474143861,2.2530131289979103,2.91209693634244,0.5783288944127496,-0.3025978653017385,-0.00133986481873416,2025-10-01 14:10:00+00:00,117019.0,117049.07195652,-0.0003008058520410639,0.005818713200420378,32.887057403117666,1.0,REFLEXIVE_BASIS_REPAIR,60,-0.0003008058520410639,-0.001900805852041064,0.5783288944127496,19.019535548433673
SOLUSDT,-1.0,-2.125928406018746,-1.6294055890726322,1.3031467127698475,0.4272678937541008,-0.09649426714027834,-0.0008029978586723274,2025-10-02 05:45:00+00:00,224.34,224.50815789,0.0037443166622090907,0.005081572612998242,4.514099726615977,1.0,REFLEXIVE_BASIS_REPAIR,60,0.0037443166622090907,0.002144316662209091,0.4272678937541008,1.9287298823871708
BTCUSDT,1.0,3.243626342603591,1.7731772950355338,1.7663208142174216,0.5442444188371156,-0.33916854140201086,-0.000619896188051694,2025-10-02 19:20:00+00:00,120913.0,120948.47434783,0.0018782099526105656,-0.0031741830903211365,10.159037586703745,0.75,REFLEXIVE_BASIS_REPAIR,60,0.0018782099526105656,0.0002782099526105655,0.5442444188371156,5.528999507319993
XRPUSDT,1.0,-2.7257047396878855,-1.5212512739483908,1.7826799074689341,0.7411259745880302,-0.3204755831827518,-0.0006800297917813891,2025-10-03 16:30:00+00:00,3.086,3.08697632,0.0152624756966947,-0.012605314322747918,7.391849805196246,1.0,REFLEXIVE_BASIS_REPAIR,60,0.0152624756966947,0.013662475696694699,0.7411259745880302,5.478291890884409
ETHUSDT,-1.0,-2.183085248590067,-1.920319568105164,2.558145253687117,0.8536588743580248,-0.5049596457346007,-0.0035070309009386236,2025-10-03 18:00:00+00:00,4469.53,4471.82418605,0.009014370638523506,-0.010766232691133082,10.724311076536404,1.0,REFLEXIVE_BASIS_REPAIR,60,0.009014370638523506,0.007414370638523506,0.8536588743580248,9.154903321861363
ETHUSDT,-1.0,-8.386387309659694,-7.138093427819881,1.3457239580330402,0.9714438737356393,0.18216248305285554,-0.0005505511106138616,2025-10-04 01:55:00+00:00,4470.71,4472.92976744,0.003641479764958877,-0.002972682191419329,80.5588258725483,1.0,REFLEXIVE_BASIS_REPAIR,60,0.003641479764958877,0.002041479764958877,0.9714438737356393,78.25837786922317
SOLUSDT,1.0,-3.737248604679619,-4.573239948224077,3.6846589636664877,0.6588470581958981,-0.3473466074634147,-0.0038558183866215234,2025-10-05 02:40:00+00:00,229.93,230.09657895,-0.008045927021267385,0.008654807985038815,62.975739291529905,1.0,REFLEXIVE_BASIS_REPAIR,60,-0.008045927021267385,-0.009645927021267386,0.6588470581958981,41.49138056993631
BTCUSDT,1.0,3.2216546262325547,4.417663340225109,3.0008756126542973,0.9971525190525318,-0.43164919542610014,-0.003333148292515631,2025-10-06 00:25:00+00:00,123882.6,123931.155,0.000317235834572438,0.00010735970991881949,42.7090184932772,1.0,REFLEXIVE_BASIS_REPAIR,60,0.000317235834572438,-0.001282764165427562,0.9971525190525318,42.58740537683252
BTCUSDT,1.0,2.5318527479965254,1.96015800422895,1.6833628879547218,0.5076179011198012,-0.3685063269933507,-0.001722038391563041,2025-10-06 11:35:00+00:00,124115.3,124181.62543478,-0.002018284611164045,0.0038705945197730074,8.354246247619908,1.0,REFLEXIVE_BASIS_REPAIR,60,-0.002018284611164045,-0.003618284611164045,0.5076179011198012,4.240764945654793
ETHUSDT,1.0,2.9983581556562684,3.399884383028164,2.7600012794519913,0.7795110239104757,-0.18963183534591677,-0.0013400758533501644,2025-10-07 13:05:00+00:00,4739.64,4741.20023256,0.013427180123384952,-0.031797773670574125,28.135649190893343,0.75,REFLEXIVE_BASIS_REPAIR,60,0.013427180123384952,0.011827180123384951,0.7795110239104757,21.932048709179217
ETHUSDT,-1.0,2.1394447897134516,2.8978613339016044,2.6860267473209007,0.44934990475018755,-0.47723153428936593,-0.0033383678946241613,2025-10-07 14:35:00+00:00,4643.46,4644.62651163,-0.024382680156607384,0.03177372045845128,16.6528671245189,1.0,REFLEXIVE_BASIS_REPAIR,60,-0.024382680156607384,-0.025982680156607384,0.44934990475018755,7.482964256220097
ETHUSDT,-1.0,5.197463526036,3.3789589736545813,3.014711661357541,0.7346344844020848,-0.2101908550995039,-0.0004791758175937133,2025-10-07 15:45:00+00:00,4509.9,4510.8927907,-0.0004212953724028745,0.003997871349697313,52.944414497089795,1.0,REFLEXIVE_BASIS_REPAIR,60,-0.0004212953724028745,-0.0020212953724028744,0.7346344844020848,38.894792646039825
SOLUSDT,-1.0,2.4042913528602057,3.0345338602087084,2.7173290293089765,0.6448687800438595,-1.124560311234081,-0.00437856328392261,2025-10-08 00:40:00+00:00,220.21,220.28868421,0.006539212569819597,-0.006857090958630296,19.82537043010011,0.25,REFLEXIVE_BASIS_REPAIR,60,0.006539212569819597,0.004939212569819597,0.6448687800438595,12.784762443176264
ETHUSDT,1.0,3.688829490722105,4.185007338688049,1.2777622719609991,0.7058496900804248,-1.1028336703142516,-0.0041940351500088235,2025-10-08 14:25:00+00:00,4487.5,4490.11511628,0.006154874651810527,-0.00590306406685237,19.72581091720976,0.25,REFLEXIVE_BASIS_REPAIR,60,0.006154874651810527,0.004554874651810527,0.7058496900804248,13.923457522497568
ETHUSDT,-1.0,-2.0909736231405116,-2.683771646195034,1.2525445346275592,0.8245859265084988,-0.4991213901996751,-0.001566456185623677,2025-10-08 17:50:00+00:00,4533.23,4535.36837209,-0.0022544631532041004,0.004116270297337632,7.028898807493559,0.5,REFLEXIVE_BASIS_REPAIR,60,-0.0022544631532041004,-0.0038544631532041003,0.8245859265084988,5.7959310355115585
BTCUSDT,-1.0,-3.4731565533421422,-2.658021510630532,3.4857439747391425,0.7962148272415078,-0.15395724263481067,-0.0011465352173363197,2025-10-09 17:05:00+00:00,119889.4,119925.94217391,0.007263361064447693,-0.007511089387385317,32.17942919764045,0.75,REFLEXIVE_BASIS_REPAIR,60,0.007263361064447693,0.005663361064447693,0.7962148272415078,25.621738659329626
XRPUSDT,1.0,2.0081716320752463,2.7123260825029982,3.1039907001270457,0.6419354206261005,0.15999133264797316,-0.00010761173685336356,2025-10-09 20:05:00+00:00,2.7875,2.78887895,-0.003049327354260001,0.004197309417040218,16.90686712752667,0.75,REFLEXIVE_BASIS_REPAIR,60,-0.003049327354260001,-0.004649327354260001,0.6419354206261005,10.853116860978425
XRPUSDT,1.0,-2.063644446980362,-2.0582209843117303,1.6873873016629364,0.37874282009912574,-0.5033574922268184,-0.0010941305191825013,2025-10-10 13:45:00+00:00,2.8302,2.83190263,0.005405978376086473,-0.026429227616422968,7.1670700855666905,1.0,REFLEXIVE_BASIS_REPAIR,60,0.005405978376086473,0.0038059783760864734,0.37874282009912574,2.714476336055611
ETHUSDT,-1.0,-2.4764078249881094,-1.793424899662002,3.232729701273311,-1.1164665038488777,0.5247762906876682,0.006045290587720964,2025-10-10 15:05:00+00:00,4251.85,4256.8844186,-0.03654644448886968,0.036188953043969296,14.35736548956828,1.0,INDEX_CONFIRMED_DISCOVERY,120,0.036188953043969296,0.0345889530439693,0.5247762906876682,7.534405005662779
ETHUSDT,-1.0,-6.123847639865849,-5.022961737974856,3.1810323265325158,0.9661430100251835,-0.29488194439434434,-0.005249038266855743,2025-10-10 19:35:00+00:00,3971.94,3973.50302326,0.01021918760102114,0.058467650568739704,97.84808479361595,1.0,REFLEXIVE_BASIS_REPAIR,60,0.01021918760102114,0.00861918760102114,0.9661430100251835,94.53524316770351
XRPUSDT,-1.0,5.44018068322124,6.488395026251438,4.7026493018815625,-1.5647471682233527,3.467779306652858,0.05725507968879828,2025-10-10 21:00:00+00:00,2.4962,2.49085526,-0.06794327377613973,0.05836872045509178,165.99430921572957,1.0,INDEX_CONFIRMED_DISCOVERY,120,0.05836872045509178,0.056768720455091785,3.467779306652858,575.6316305204429
ETHUSDT,-1.0,-4.8468462885945085,-3.356824578323125,2.962417218611425,0.9992543734066346,-0.4051784796200145,-0.008343183268134213,2025-10-13 11:35:00+00:00,4077.76,4079.65488372,0.011658361453346977,-0.01783086792748967,48.19856591439324,1.0,REFLEXIVE_BASIS_REPAIR,60,0.011658361453346977,0.010058361453346976,0.9992543734066346,48.1626277818854
BTCUSDT,-1.0,-11.591921514678724,-7.753840064311025,2.255835773333868,0.9547177919377826,0.1208857618196694,-0.0023568143908183625,2025-10-16 09:40:00+00:00,109727.8,109801.31782609,0.014360080125547015,-0.012644926809796564,202.7588177185433,1.0,REFLEXIVE_BASIS_REPAIR,60,0.014360080125547015,0.012760080125547014,0.9547177919377826,193.57745074816302
XRPUSDT,1.0,6.092424295497386,4.399912717205857,2.0873127812675447,0.8664144448268623,-0.20212358955226886,-0.003536246526900766,2025-10-19 09:55:00+00:00,2.367,2.36787632,-0.005323193916349833,0.0027038445289395696,55.952788486536136,1.0,REFLEXIVE_BASIS_REPAIR,60,-0.005323193916349833,-0.006923193916349833,0.8664144448268623,48.478304173077056
BTCUSDT,1.0,-2.6041430699393957,-2.3656442267172944,1.6499135262840179,0.7611460731111733,-0.5309389140345859,-0.0020239902098775353,2025-10-19 16:50:00+00:00,108624.1,108690.23565217,-0.0037855319399653364,0.0060879675873033445,10.164252712010594,1.0,REFLEXIVE_BASIS_REPAIR,60,-0.0037855319399653364,-0.005385531939965336,0.7611460731111733,7.736481037856457
ETHUSDT,1.0,-2.8422618142681335,-2.9725091629062677,2.0803030257502044,0.6894851021687924,-0.1050936662662975,-0.00014901353042851007,2025-10-20 04:00:00+00:00,4025.88,4027.06348837,-0.006706608244656964,0.008291354933579687,17.57575067377268,1.0,REFLEXIVE_BASIS_REPAIR,60,-0.006706608244656964,-0.008306608244656965,0.6894851021687924,12.11821824899938
BTCUSDT,-1.0,-6.984094909446643,-5.252525643774776,1.611122115238211,0.9741076327223488,-0.16516005777323378,-0.001826634621709955,2025-10-20 15:20:00+00:00,111171.8,111225.34217391,-0.00031752656698913473,0.005695689014660221,59.10262538259813,1.0,REFLEXIVE_BASIS_REPAIR,60,-0.00031752656698913473,-0.0019175265669891348,0.9741076327223488,57.57231849911847
BTCUSDT,-1.0,-3.3994818568321157,-2.3732179439700367,2.284125724725411,0.9490216048997238,-0.4004133712485049,-0.0024634591510996895,2025-10-21 13:15:00+00:00,108529.1,108581.19021739,0.010753797829337941,-0.03497955847786427,18.427667017827403,1.0,REFLEXIVE_BASIS_REPAIR,60,0.010753797829337941,0.00915379782933794,0.9490216048997238,17.48825412781627
BTCUSDT,-1.0,-8.519454044976511,-5.987597504076103,2.0405912561845927,0.9318436218450943,-0.393198854678138,-0.003450144409798961,2025-10-21 14:35:00+00:00,109996.8,110042.81369565,0.02674895996974458,-0.03359643189620054,104.0927266283741,1.0,REFLEXIVE_BASIS_REPAIR,60,0.02674895996974458,0.02514895996974458,0.9318436218450943,96.99814338911541
BTCUSDT,-1.0,-3.1189271320431105,-1.5697282414690537,1.6834376027431306,0.7804760842432992,-0.9245468411823673,-0.0027467010837305406,2025-10-21 16:00:00+00:00,113355.2,113400.78652174,-0.007480909565683813,0.01230733129137429,8.24188829305816,0.25,REFLEXIVE_BASIS_REPAIR,60,-0.007480909565683813,-0.009080909565683814,0.7804760842432992,6.432596701736722
XRPUSDT,-1.0,5.810410885164322,3.8595827406740906,2.3262234417937977,0.7407840056031567,-0.3394541376921876,-0.0014919956449856997,2025-10-21 17:25:00+00:00,2.4836,2.4842,0.0008455467869221689,-0.0019326783701079098,52.16733226096759,1.0,REFLEXIVE_BASIS_REPAIR,60,0.0008455467869221689,-0.0007544532130778312,0.7407840056031567,38.64472535391035
BTCUSDT,-1.0,-2.287914447687319,-1.8527387516267295,2.214861987606212,0.6319858973122389,-0.2792996453776946,-0.0020977523563421308,2025-10-21 21:30:00+00:00,110444.4,110485.82826087,-0.008066502240041129,0.012540246495069018,9.38859566135919,1.0,REFLEXIVE_BASIS_REPAIR,60,-0.008066502240041129,-0.00966650224004113,0.6319858973122389,5.933460053545881
ETHUSDT,-1.0,-5.3014294342913875,-4.570850818690602,2.046542506210755,0.9629066643040717,0.01563866326245363,-0.000792424009404824,2025-10-22 00:40:00+00:00,3839.37,3841.2644186,0.004435623552822454,-0.0059879615666111885,49.59190615500545,1.0,REFLEXIVE_BASIS_REPAIR,60,0.004435623552822454,0.0028356235528224543,0.9629066643040717,47.75237693219685
ETHUSDT,-1.0,-6.740069620405314,-5.16149436417009,3.0201550085852658,0.9482662034356184,0.043232087411868084,-0.0007129898834659087,2025-10-22 11:10:00+00:00,3789.57,3791.55488372,0.010048633486121172,-0.014035893254379816,105.06766327423706,1.0,REFLEXIVE_BASIS_REPAIR,60,0.010048633486121172,0.008448633486121172,0.9482662034356184,99.63211415691273
SOLUSDT,1.0,2.6150622477513137,1.8296104985952357,1.855113209486652,0.9748467311448504,-0.3896789167041555,-0.0037634408602149616,2025-10-22 13:45:00+00:00,185.3,185.39973684,0.014516999460334579,-0.005450620615218615,8.87587326712381,1.0,REFLEXIVE_BASIS_REPAIR,60,0.014516999460334579,0.012916999460334578,0.9748467311448504,8.65261604051161
ETHUSDT,1.0,7.539556324464891,5.775927854353052,2.018759237857045,0.7323103072462345,-0.10015093483920902,-0.0021104001453658983,2025-10-22 15:05:00+00:00,3844.22,3844.69581395,0.0012850461211896258,-0.004484654884475803,87.91279280841303,1.0,REFLEXIVE_BASIS_REPAIR,60,0.0012850461211896258,-0.0003149538788103743,0.7323103072462345,64.37944431240349
BTCUSDT,-1.0,2.544072341013154,1.8865286021635608,1.3342433133237874,0.9890708380293644,-0.484197573533258,-0.0010220471476383164,2025-10-23 07:30:00+00:00,109500.1,109555.27326087,0.002148856485062467,0.0011214601630501475,6.403654400390183,0.5,REFLEXIVE_BASIS_REPAIR,60,0.002148856485062467,0.0005488564850624669,0.9890708380293644,6.333667824244345
SOLUSDT,1.0,-3.2931252344232864,-3.03397238600164,2.5150269863892953,0.8353100133172915,-0.2006493050397063,-0.0010412328196585108,2025-10-23 13:40:00+00:00,191.88,191.95684211,0.007087763185324114,-0.0031790702522409564,25.128265955376555,1.0,REFLEXIVE_BASIS_REPAIR,60,0.007087763185324114,0.005487763185324114,0.8353100133172915,20.98989216982603
ETHUSDT,1.0,6.098026142087525,5.193457758583364,1.241724654090189,0.9174421468404386,-0.04385916254683853,-0.0012098337771114798,2025-10-23 15:15:00+00:00,3863.62,3865.09232558,-0.0032793080064810187,0.005531082249289554,39.325222583915256,1.0,REFLEXIVE_BASIS_REPAIR,60,-0.0032793080064810187,-0.004879308006481019,0.9174421468404386,36.07861663236531
ETHUSDT,-1.0,-2.3825723408071062,-1.9801830259556321,1.4537058904642346,0.7922724884546581,-0.29653034142687906,-0.002224453903071133,2025-10-23 19:10:00+00:00,3852.19,3854.28651163,-0.002094912244723135,0.006370402290645005,6.858481624928677,1.0,REFLEXIVE_BASIS_REPAIR,60,-0.002094912244723135,-0.003694912244723135,0.7922724884546581,5.4337863040027905
BTCUSDT,-1.0,-2.232456319724548,-1.6047228474395534,1.2505880358422778,0.6531617520571726,-0.29728635741656023,-0.0008857859320596795,2025-10-24 12:25:00+00:00,110960.2,111025.38869565,0.0027234990564184436,0.008653553256032342,4.480198700633378,1.0,REFLEXIVE_BASIS_REPAIR,60,0.0027234990564184436,0.0011234990564184435,0.6531617520571726,2.926294432869965
BTCUSDT,1.0,3.473195302319587,1.6274776357156795,1.6722653721660758,0.9851272480140147,-0.16573209794507604,-0.0007814648517803224,2025-10-24 15:05:00+00:00,110091.6,110146.45782609,0.0016885938618387275,0.0026705034716545395,9.45255974810589,0.75,REFLEXIVE_BASIS_REPAIR,60,0.0016885938618387275,8.859386183872743e-05,0.9851272480140147,9.311974171339603
XRPUSDT,1.0,-2.4875766039258833,-2.7564042252363192,2.9516315108340585,0.5705761341934208,-0.563466357414227,-0.0010867455850959162,2025-10-25 12:45:00+00:00,2.5737,2.57455263,-0.0016318918288844575,0.015192135835567333,20.23864854099305,1.0,REFLEXIVE_BASIS_REPAIR,60,-0.0016318918288844575,-0.0032318918288844574,0.5705761341934208,11.54768984581913
ETHUSDT,1.0,3.8352582246850684,2.310398617444774,2.291145005659964,0.5934232392559669,-0.15775467687958747,-0.0013190587909206464,2025-10-26 11:50:00+00:00,4035.43,4036.39,-0.008856553081084462,0.013525200536250281,20.30177930354156,1.0,REFLEXIVE_BASIS_REPAIR,60,-0.008856553081084462,-0.010456553081084462,0.5934232392559669,12.04754763696738
BTCUSDT,1.0,4.922001683561089,1.9239120043362636,2.3766616856810354,0.7929787371525011,0.07630016773174005,-0.0002630659691824633,2025-10-27 06:55:00+00:00,115910.0,115950.35304348,0.0034043654559572367,-0.008972478647226279,22.505793374810242,1.0,REFLEXIVE_BASIS_REPAIR,60,0.0034043654559572367,0.0018043654559572366,0.7929787371525011,17.84661560897215
XRPUSDT,1.0,3.3485953932476433,2.7073860661934033,2.402384024742011,0.9746373738047805,-0.991407224507065,-0.0046149838103390906,2025-10-27 16:15:00+00:00,2.6745,2.67578421,-0.0036642363058514427,0.006543279117592116,21.779870648078468,0.75,REFLEXIVE_BASIS_REPAIR,60,-0.0036642363058514427,-0.0052642363058514425,0.9746373738047805,21.22747593025102
XRPUSDT,-1.0,-2.7369876611025843,-2.0779069478969387,1.08546835542721,0.9806200072238187,-0.08309988341044251,-0.0009096422073984201,2025-10-27 20:30:00+00:00,2.6408,2.64201842,-0.005717964253256547,-0.0018176310209028212,6.173281793529508,1.0,REFLEXIVE_BASIS_REPAIR,60,-0.005717964253256547,-0.0073179642532565465,0.9806200072238187,6.053643636965575
ETHUSDT,-1.0,-4.889398022818557,-3.846222660230401,2.2218074893955255,0.9293973894999894,-0.2957751111671407,-0.002972747769826478,2025-10-28 02:55:00+00:00,4092.53,4094.17,-0.0012021903321417504,-0.0027342499627369676,41.78267503162878,1.0,REFLEXIVE_BASIS_REPAIR,60,-0.0012021903321417504,-0.0028021903321417503,0.9293973894999894,38.83270910072217
XRPUSDT,1.0,-2.0830951671371167,-3.337427682777117,1.1772701346684336,0.7724012316748871,-1.5830873600922764,-0.004241582523178522,2025-10-28 14:25:00+00:00,2.6528,2.65422368,0.00961248492159228,-0.006596803377563409,8.184593268729744,0.5,REFLEXIVE_BASIS_REPAIR,60,0.00961248492159228,0.008012484921592278,0.7724012316748871,6.321789921524844
XRPUSDT,-1.0,-4.055856903908937,-2.939498646624555,1.593401022595216,0.6715577907641412,-0.0939426835501426,-0.0011012379433432695,2025-10-28 19:35:00+00:00,2.6363,2.63705789,-0.014603800781398113,0.016310738535067926,18.996823172671707,0.5,REFLEXIVE_BASIS_REPAIR,60,-0.014603800781398113,-0.016203800781398114,0.6715577907641412,12.757464601376457
XRPUSDT,1.0,6.735435948192721,6.030523530851876,1.924634983517245,0.8202319890621455,-0.393466611830752,-0.004579278763594763,2025-10-28 20:45:00+00:00,2.6085,2.61019211,0.0031052328924668915,-0.0003833620854897246,78.17521826471828,1.0,REFLEXIVE_BASIS_REPAIR,60,0.0031052328924668915,0.0015052328924668914,0.8202319890621455,64.12181477263724
BTCUSDT,-1.0,-2.694878344611588,-2.859468291135173,1.256017595801184,0.7047860676330581,0.06563786587995828,-0.00020467568248205836,2025-10-29 01:55:00+00:00,112395.9,112437.26478261,0.0024751792547594853,-0.0005418347110526245,9.678770075475645,1.0,REFLEXIVE_BASIS_REPAIR,60,0.0024751792547594853,0.0008751792547594852,0.7047860676330581,6.821462301018997
BTCUSDT,-1.0,-2.3210760862639024,-1.801897017123479,1.801667585496518,0.37708035217773006,-0.3085273738014551,-0.0009478903363795421,2025-10-29 16:35:00+00:00,111194.1,111228.10891304,0.0012293817747524027,-0.0042969905777374695,7.535186547092853,0.75,REFLEXIVE_BASIS_REPAIR,60,0.0012293817747524027,-0.00037061822524759734,0.37708035217773006,2.841370796902667
ETHUSDT,1.0,4.692608573809948,5.039728553865532,1.1244372612175857,0.7267295878728222,-1.0919059370308561,-0.0039724569671263366,2025-10-29 18:05:00+00:00,3996.69,3999.24069767,0.018910648561684784,-0.021292619642754307,26.592349123359256,0.25,REFLEXIVE_BASIS_REPAIR,60,0.018910648561684784,0.017310648561684783,0.7267295878728222,19.325446918989076
ETHUSDT,-1.0,-2.1594488728285293,-1.8254943599819846,2.2493890136142958,0.8871875314798905,-0.24908215038761872,-0.0014864799286897767,2025-10-29 19:05:00+00:00,3921.11,3923.04883721,-0.002427883941026887,-0.0048175134081931414,8.867230364486817,1.0,REFLEXIVE_BASIS_REPAIR,60,-0.002427883941026887,-0.004027883941026887,0.8871875314798905,7.866896218132589
BTCUSDT,-1.0,-3.005533525868253,-2.646044628507783,1.7949214277738554,0.8480916402187795,-0.10217710965106251,-0.0007708626654010509,2025-10-29 23:45:00+00:00,109961.6,110005.80826087,0.0038513444693419885,-0.005506467712365071,14.274607768951201,1.0,REFLEXIVE_BASIS_REPAIR,60,0.0038513444693419885,0.0022513444693419886,0.8480916402187795,12.106175516249555
BTCUSDT,1.0,2.7572672087382504,3.3004767055344195,3.3776925154410273,0.8967542749986848,-0.38554397053313194,-0.0043813662586350555,2025-10-30 04:45:00+00:00,108915.8,108961.95413043,-0.008749878346392403,0.017711847133289993,30.73800234065754,1.0,REFLEXIVE_BASIS_REPAIR,60,-0.008749878346392403,-0.010349878346392404,0.8967542749986848,27.56443500390423
XRPUSDT,-1.0,-2.800170994049089,-2.323693496960202,2.4127694942682503,0.9288015021008348,0.01603418761391074,-0.00027792114979963145,2025-10-30 12:30:00+00:00,2.5194,2.52065789,-0.011351909184726505,0.021076446773041213,15.699261678212222,1.0,REFLEXIVE_BASIS_REPAIR,60,-0.011351909184726505,-0.012951909184726506,0.9288015021008348,14.581497828597584
ETHUSDT,-1.0,-3.93960678291147,-2.3624733734554746,1.427736557100102,0.9173592283603387,-0.7167702238293395,-0.003136912846892992,2025-10-30 13:30:00+00:00,3818.23,3820.19372093,-0.010646294225334807,0.009601307412073101,13.288252708654118,0.25,REFLEXIVE_BASIS_REPAIR,60,-0.010646294225334807,-0.012246294225334808,0.9173592283603387,12.190101251068123
SOLUSDT,1.0,-2.327288137577668,-2.9362695596745647,1.9671336348893806,0.3798652795103975,-0.531737392833519,-0.0033748843285613672,2025-10-30 17:55:00+00:00,183.09,183.23289474,0.009066579277950737,-0.016385384237260325,13.442496834600563,1.0,REFLEXIVE_BASIS_REPAIR,60,0.009066579277950737,0.007466579277950737,0.3798652795103975,5.106337817393176
BTCUSDT,1.0,2.3467490476520423,1.926025219332849,2.4027319548657964,0.396841320856941,-0.27497100724583917,-0.0008287134677752439,2025-10-31 04:50:00+00:00,109958.9,109989.55869565,0.0005365641162289325,-0.003886906835190218,10.860102995057717,0.75,REFLEXIVE_BASIS_REPAIR,60,0.0005365641162289325,-0.0010634358837710676,0.396841320856941,4.309737617201126
SOLUSDT,-1.0,-4.1131738237535265,-4.149738700608339,1.2296508543116251,0.7937154432158414,-0.5777963656871183,-0.0033619723571163274,2025-10-31 14:10:00+00:00,188.02,188.15052632,0.010637166258908648,0.002606105733432673,20.988414389564735,0.5,REFLEXIVE_BASIS_REPAIR,60,0.010637166258908648,0.009037166258908647,0.7937154432158414,16.65882862961112
BTCUSDT,-1.0,2.763705539468066,1.5018122531196534,1.7825560649029888,0.5779761250025004,-0.7197180983499057,-0.0017580636119431947,2025-10-31 17:05:00+00:00,109004.2,109036.70847826,0.0034108777459951334,-0.0015531511629827133,7.3986180991096715,1.0,REFLEXIVE_BASIS_REPAIR,60,0.0034108777459951334,0.0018108777459951333,0.5779761250025004,4.276224619296773
BTCUSDT,-1.0,-4.3815640154991895,-4.6415168454065,1.0165507199774622,0.86650067945817,-0.41448188886528076,-0.0016303965983035518,2025-11-04 12:30:00+00:00,104070.5,104123.73913043,-0.004145266910411616,0.003242993931998006,20.673696887169978,1.0,REFLEXIVE_BASIS_REPAIR,60,-0.004145266910411616,-0.005745266910411616,0.86650067945817,17.91377239964504
SOLUSDT,1.0,2.3527676231340178,3.3098274308068913,1.5971766422760918,0.775693690225111,0.008940081667917144,-0.0005464812678365183,2025-11-04 15:25:00+00:00,164.6,164.71684211,0.026245443499392396,-0.04890643985419185,12.437621501744639,1.0,REFLEXIVE_BASIS_REPAIR,60,0.026245443499392396,0.024645443499392395,0.775693690225111,9.647784520311486
XRPUSDT,-1.0,-2.713536859869018,-2.258215739844994,2.338846362029117,0.4513673931128598,0.006602847308453746,-0.000715083798882743,2025-11-04 16:55:00+00:00,2.2391,2.23966053,-0.0034835424947523563,0.015631280425170924,14.3318696484207,1.0,REFLEXIVE_BASIS_REPAIR,60,-0.0034835424947523563,-0.005083542494752356,0.4513673931128598,6.468938641640969
XRPUSDT,-1.0,2.2417490251798715,2.312255650828425,1.5988443904974623,0.7050369996754772,-0.5811737235122482,-0.005893286187043767,2025-11-04 18:10:00+00:00,2.2189,2.21977895,-0.007075577989093862,0.033530127540673416,8.2876048637204,1.0,REFLEXIVE_BASIS_REPAIR,60,-0.007075577989093862,-0.008675577989093863,0.7050369996754772,5.843068067613323
ETHUSDT,-1.0,7.2215912071186725,5.912957832864032,3.5190118030595707,0.691482343477702,-0.1750323363202916,-0.0023707604111422587,2025-11-04 20:25:00+00:00,3175.27,3175.48,-0.0017478828572059513,-0.026608760829787803,150.26519735216922,1.0,REFLEXIVE_BASIS_REPAIR,60,-0.0017478828572059513,-0.003347882857205951,0.691482343477702,103.90573080821736
XRPUSDT,-1.0,3.6904876914510396,2.6018261581076665,1.6825452471499946,0.8316780574550654,-0.7228666549054005,-0.0024728932851436625,2025-11-05 01:45:00+00:00,2.108,2.10883158,0.0534629981024668,-0.06560721062618602,16.15581193380913,0.75,REFLEXIVE_BASIS_REPAIR,60,0.0534629981024668,0.0518629981024668,0.8316780574550654,13.43643428571974
XRPUSDT,1.0,-3.452776290528666,-2.5780827676390112,2.6417739647912364,0.788386129925837,-0.9712138326408116,-0.005277973258268842,2025-11-05 14:00:00+00:00,2.2616,2.26307632,0.0007516802263883848,0.00592500884329672,23.51586468949615,0.75,REFLEXIVE_BASIS_REPAIR,60,0.0007516802263883848,-0.0008483197736116152,0.788386129925837,18.539581554411516
XRPUSDT,1.0,2.970172411614878,3.0597993801066776,1.3665738918522112,0.7292045761962638,-0.07608893396656662,-0.0012909888974953487,2025-11-05 20:00:00+00:00,2.3208,2.32236053,-0.016373664253705567,0.007755946225439514,12.419603512221945,0.75,REFLEXIVE_BASIS_REPAIR,60,-0.016373664253705567,-0.017973664253705567,0.7292045761962638,9.056431715655433
ETHUSDT,1.0,6.856268312553993,5.349635820855862,1.0187360224188664,0.9138585119334297,-0.30709915042432806,-0.0037573821421766906,2025-11-06 10:40:00+00:00,3399.13,3401.0455814,7.354823145921952e-05,-0.007266565268171599,37.36574848303116,0.5,REFLEXIVE_BASIS_REPAIR,60,7.354823145921952e-05,-0.0015264517685407806,0.9138585119334297,34.14700730598167
SOLUSDT,-1.0,-2.5163311372329265,-3.8619615700617573,1.3693103886618248,0.6577308535845745,0.01089328353733946,-0.0003170577045021883,2025-11-06 14:40:00+00:00,157.75,157.87315789,-0.01058637083993652,0.01648177496038028,13.306922959716784,1.0,REFLEXIVE_BASIS_REPAIR,60,-0.01058637083993652,-0.012186370839936522,0.6577308535845745,8.752373796878693
ETHUSDT,1.0,3.5238918605676766,1.5837358761412945,1.5556929823813337,0.9796410453144825,-0.49929249117561403,-0.002520853648596,2025-11-06 16:10:00+00:00,3304.02,3305.4572093,0.0032566388823311865,0.001682798530275198,8.682188687860524,1.0,REFLEXIVE_BASIS_REPAIR,60,0.0032566388823311865,0.0016566388823311864,0.9796410453144825,8.505428401793258
SOLUSDT,-1.0,2.2469877141176764,2.3638226226230477,2.2241361068925034,0.4721069115210139,-0.452675216634325,-0.004408474799315831,2025-11-07 11:20:00+00:00,152.65,152.69368421,-0.0008516213560432195,0.0005240746806420837,11.81345531953627,1.0,REFLEXIVE_BASIS_REPAIR,60,-0.0008516213560432195,-0.0024516213560432194,0.4721069115210139,5.577213905297762
ETHUSDT,1.0,12.327638752881398,9.81658208552139,2.1664729440499793,0.956558275704456,-0.05628405861578209,-0.003656898656898666,2025-11-07 14:50:00+00:00,3264.02,3265.12906977,-0.011881054650400458,0.015199049025435007,262.17632503675276,1.0,REFLEXIVE_BASIS_REPAIR,60,-0.011881054650400458,-0.013481054650400458,0.956558275704456,250.7869334076872
ETHUSDT,1.0,2.6980887886977665,2.454315187919231,3.168389853601588,0.8831550205942726,-0.19217187943879468,-0.004398170946183666,2025-11-09 14:35:00+00:00,3538.12,3539.91488372,0.0032022656099849334,-0.007422020734175194,20.980951801568704,1.0,REFLEXIVE_BASIS_REPAIR,60,0.0032022656099849334,0.0016022656099849333,0.8831550205942726,18.52943292040185
BTCUSDT,1.0,2.751047962791873,1.7817235207740016,1.3457558665864298,0.7483722106776246,-0.7237207826762885,-0.0028448593954063517,2025-11-10 13:15:00+00:00,106204.9,106261.8926087,-2.5422555833154448e-05,-0.0117988906349894,6.596366190349415,1.0,REFLEXIVE_BASIS_REPAIR,60,-2.5422555833154448e-05,-0.0016254225558331545,0.7483722106776246,4.936537148310933
BTCUSDT,-1.0,-2.8442478447327155,-1.9724992505985182,2.642377941251286,0.5271072903308087,-0.32499249359245913,-0.0018049334209842005,2025-11-10 15:00:00+00:00,104846.5,104911.7473913,0.0017396861125549279,-0.003268587888007657,14.824471508041103,1.0,REFLEXIVE_BASIS_REPAIR,60,0.0017396861125549279,0.0001396861125549278,0.5271072903308087,7.814087007189824
SOLUSDT,-1.0,-2.5791865288209137,-1.8787783365868487,2.8969575694775296,0.5469071515804731,-0.08820493240347066,-0.0011497034975189724,2025-11-11 05:10:00+00:00,165.45,165.58552632,-0.008643094590510603,0.005741915986702817,14.037844585708605,1.0,REFLEXIVE_BASIS_REPAIR,60,-0.008643094590510603,-0.010243094590510603,0.5469071515804731,7.67739759669926
SOLUSDT,-1.0,4.394797145936863,2.2970289561693455,3.7059724541146277,0.9231345424862963,-0.5804036685913954,-0.005826472450918274,2025-11-12 14:55:00+00:00,158.82,158.89868421,-0.020274524619065648,0.03740083112958059,37.4117040953615,1.0,REFLEXIVE_BASIS_REPAIR,60,-0.020274524619065648,-0.02187452461906565,0.9231345424862963,34.53603634370424
XRPUSDT,-1.0,3.236166614239466,1.5724642298755256,3.550680040773018,0.7624519007416893,-0.2736806754763851,-0.001796407185628679,2025-11-12 16:20:00+00:00,2.3422,2.34305789,-0.004824523951840076,-0.0016651011869182053,18.06854522370083,1.0,REFLEXIVE_BASIS_REPAIR,60,-0.004824523951840076,-0.006424523951840076,0.7624519007416893,13.77639664944787
XRPUSDT,1.0,-2.1369425531190727,-1.58096062303348,1.8635892285570577,-0.18764161509671506,0.6554758397508503,0.005889999187586259,2025-11-13 03:45:00+00:00,2.4763,2.47874211,-0.0001615313168841226,0.0010499535597463527,6.2959909049370095,1.0,INDEX_CONFIRMED_DISCOVERY,120,0.0010499535597463527,-0.0005500464402536473,0.6554758397508503,4.126869925477302
ETHUSDT,-1.0,-2.761504335114485,-2.344795349706969,1.2040711627233436,0.5442181899016034,-0.38179628654576125,-0.0023122318213715243,2025-11-13 10:00:00+00:00,3485.2,3486.01069767,0.005431539079536307,-0.00424078962469876,7.796556468098426,0.75,REFLEXIVE_BASIS_REPAIR,60,0.005431539079536307,0.0038315390795363074,0.5442181899016034,4.2430278485341635
BTCUSDT,1.0,-3.172881510554208,-3.416600892538586,3.560284206648796,0.7609632448208972,-0.10753763322955179,-0.0004355087383661749,2025-11-13 15:00:00+00:00,102823.4,102878.94065217,0.014446128021442517,-0.021816045763901948,38.5951534247216,1.0,REFLEXIVE_BASIS_REPAIR,60,0.014446128021442517,0.012846128021442516,0.7609632448208972,29.36949318443651
ETHUSDT,-1.0,-3.024989908142148,-4.731237808262915,2.614866564641712,0.44333470003335185,-0.010306234919073435,-0.0008899347779343092,2025-11-13 16:45:00+00:00,3351.54,3352.08813953,-0.022159962285993928,0.03797657196393289,37.42383069946112,1.0,REFLEXIVE_BASIS_REPAIR,60,-0.022159962285993928,-0.02375996228599393,0.44333470003335185,16.59128275724454
ETHUSDT,-1.0,-2.3106852181533326,-2.935447357988522,1.9557323149887567,0.5600640297464738,0.012689437614996395,-0.00045966660100016377,2025-11-13 18:55:00+00:00,3199.44,3200.32209302,-0.0012314655064636915,0.011627034731078068,13.265526586240899,1.0,REFLEXIVE_BASIS_REPAIR,60,-0.0012314655064636915,-0.0028314655064636913,0.5600640297464738,7.429544276599063
ETHUSDT,-1.0,-2.8721947308948343,-2.509224049111328,1.819677627694068,0.5524880779886308,-0.3352099424238282,-0.0027551437266644108,2025-11-13 20:25:00+00:00,3166.43,3167.15116279,-0.00045161269947535665,-0.01472636375981784,13.114380437544504,1.0,REFLEXIVE_BASIS_REPAIR,60,-0.00045161269947535665,-0.0020516126994753565,0.5524880779886308,7.245538841950662
BTCUSDT,-1.0,-2.526215742201028,-1.7925092678264727,1.0337735568739792,0.36077749485881805,-0.36237891403715106,-0.002635691154737607,2025-11-14 00:45:00+00:00,99324.3,99348.89586957,-0.0014125445636163914,-0.004669552163971913,4.681200750347322,1.0,REFLEXIVE_BASIS_REPAIR,60,-0.0014125445636163914,-0.0030125445636163912,0.36077749485881805,1.688871879641526
SOLUSDT,-1.0,-3.5462527080345865,-1.8006892739306375,3.7987309378187,0.8760221114035522,-0.6691952377704944,-0.01511008778241485,2025-11-14 04:45:00+00:00,141.08,141.14866464,0.010490501842925992,0.0012758718457612783,24.2575531638467,1.0,REFLEXIVE_BASIS_REPAIR,60,0.010490501842925992,0.008890501842925991,0.8760221114035522,21.250152940076905
ETHUSDT,1.0,2.3638401011527557,2.3424027866989943,1.8573641825110512,0.9413808862918581,-0.14351315805388332,-0.0011043224997107082,2025-11-14 05:55:00+00:00,3193.0,3194.36930233,0.004700908236768053,0.008274350140933251,10.284347396414915,1.0,REFLEXIVE_BASIS_REPAIR,60,0.004700908236768053,0.0031009082367680534,0.9413808862918581,9.681488066970436
BTCUSDT,1.0,2.0786142923885094,2.690629598598588,1.195384760342536,0.5145057160435216,-1.0799198826720608,-0.0027330164801525614,2025-11-14 13:35:00+00:00,94800.0,94829.32478261,-0.007832278481012755,0.018017932489451605,6.6855253416956835,0.0,REFLEXIVE_BASIS_REPAIR,60,-0.007832278481012755,-0.009432278481012756,0.5145057160435216,3.439741003056247
ETHUSDT,-1.0,3.4110094134298476,2.519165438334796,1.7205366978930963,0.7712395907066901,-0.3869060516323715,-0.0019378743979647783,2025-11-14 15:20:00+00:00,3174.56,3176.44488372,0.007134847033919645,-0.01546671034726077,14.784394671261497,1.0,REFLEXIVE_BASIS_REPAIR,60,0.007134847033919645,0.005534847033919645,0.7712395907066901,11.402310495109887
SOLUSDT,-1.0,3.0016411350301593,2.255044152287468,1.6174083980774954,0.40090215248926153,-0.1266341767670866,-0.00028326605764461554,2025-11-14 17:55:00+00:00,141.25,141.27710349,-0.001061946902654931,-0.01132743362831845,10.947967806516344,1.0,REFLEXIVE_BASIS_REPAIR,60,-0.001061946902654931,-0.002661946902654931,0.40090215248926153,4.3890638590155415
XRPUSDT,-1.0,-2.173863389311502,-2.5285343554354727,1.2993085544645773,0.721254945932212,-0.5078035096785396,-0.0035126234906694975,2025-11-14 19:10:00+00:00,2.2855,2.28638684,0.009494640122511555,0.002318967403194039,7.141894082507108,0.25,REFLEXIVE_BASIS_REPAIR,60,0.009494640122511555,0.007894640122511554,0.721254945932212,5.151126430332249
BTCUSDT,-1.0,-2.2590421876469384,-2.5824849583264204,1.1293105805775194,-0.016529541168429196,0.2681428243416212,0.0013276121085847858,2025-11-14 23:10:00+00:00,94329.9,94342.28978261,0.007346557136178378,-0.006902371358392223,6.588332957651693,1.0,INDEX_CONFIRMED_DISCOVERY,120,-0.006902371358392223,-0.008502371358392224,0.2681428243416212,1.7666142069677115
BTCUSDT,1.0,3.0347328494409638,2.5795258072111547,1.1638367906801015,0.5087821086436348,-0.4780615207068747,-0.0021347295300795377,2025-11-15 03:05:00+00:00,96246.6,96269.41456522,2.0779954825744795e-06,-0.001668630372397617,9.110714231857097,0.75,REFLEXIVE_BASIS_REPAIR,60,2.0779954825744795e-06,-0.0015979220045174256,0.5087821086436348,4.635368398133828
ETHUSDT,-1.0,-5.105063622661478,-5.33680281883507,2.807169529293524,0.9877043399090722,-0.3922197705439501,-0.010324175805965119,2025-11-16 23:10:00+00:00,3048.34,3049.73534884,0.015818445448998464,-0.026857240334083432,76.48054201221152,1.0,REFLEXIVE_BASIS_REPAIR,60,0.015818445448998464,0.014218445448998463,0.9877043399090722,75.54016326405944
XRPUSDT,1.0,3.852177898099467,3.061348537538345,4.279425600599195,0.8272093016954739,-0.4134633655865068,-0.012461873638344168,2025-11-17 14:45:00+00:00,2.2664,2.26732632,0.01742852100247083,-0.030841863748676368,50.46666345640526,1.0,REFLEXIVE_BASIS_REPAIR,60,0.01742852100247083,0.01582852100247083,0.8272093016954739,41.74649343667348
XRPUSDT,1.0,-6.617167845748159,-5.185521463729303,1.8832870305264011,0.8083504903396695,-0.46462587499129,-0.0013969081765692337,2025-11-17 21:05:00+00:00,2.1446,2.14523684,-0.00041965867760884734,0.010677981908048029,64.62210528912343,1.0,REFLEXIVE_BASIS_REPAIR,60,-0.00041965867760884734,-0.002019658677608847,0.8083504903396695,52.23731049724467
ETHUSDT,-1.0,-2.437948922074178,-2.019705113853174,1.66950221797335,0.552811610691472,-1.5485373427525302,-0.009859451791730311,2025-11-18 02:25:00+00:00,3018.48,3020.46186047,-0.012327396570459337,0.010694124194959076,8.220525253937941,0.0,REFLEXIVE_BASIS_REPAIR,60,-0.012327396570459337,-0.013927396570459338,0.552811610691472,4.544401806359355
BTCUSDT,-1.0,2.506996472524034,2.375479247030179,2.534331848826878,0.7696614577789533,-3.678279737653304,-0.010012836398320513,2025-11-18 03:40:00+00:00,90643.4,90674.03326087,-0.0075063380235074195,0.006790345463652092,15.092752312626766,0.0,REFLEXIVE_BASIS_REPAIR,60,-0.0075063380235074195,-0.00910633802350742,0.7696614577789533,11.616309746832986
BTCUSDT,-1.0,-2.1786180509749937,-3.1352696753030336,1.6779669250975158,0.38621758808568873,-1.0594925881687394,-0.003977272112691832,2025-11-18 15:40:00+00:00,92818.0,92838.35391304,0.006415781421706956,-0.005481695360813665,11.461445553443959,0.0,REFLEXIVE_BASIS_REPAIR,60,0.006415781421706956,0.0048157814217069566,0.38621758808568873,4.426611857626567
BTCUSDT,-1.0,-4.872900475025877,-3.564549596794709,1.794813042368835,0.9134536898312032,-0.265703946635886,-0.002188290903474943,2025-11-19 00:25:00+00:00,92145.1,92189.52195652,0.0022844405182695926,-0.0035596032778737463,31.175355888025827,1.0,REFLEXIVE_BASIS_REPAIR,60,0.0022844405182695926,0.0006844405182695925,0.9134536898312032,28.47724386771812
BTCUSDT,1.0,-2.79249934212216,-1.6748280705224734,2.6293113742556433,0.9864694459966936,-0.6844473194586399,-0.0037021182930214724,2025-11-19 21:30:00+00:00,90073.0,90110.86673913,-0.005195785640536021,0.014167397555316263,12.297174357314407,1.0,REFLEXIVE_BASIS_REPAIR,60,-0.005195785640536021,-0.006795785640536021,0.9864694459966936,12.13078677558469
XRPUSDT,1.0,-2.648894054165389,-2.315108413633439,1.0996588579902338,0.6543119766318879,-0.09358070883207083,-0.00023691068467190934,2025-11-19 23:15:00+00:00,2.11,2.11156315,0.0027014218009479007,0.006255924170616156,6.743632557285595,1.0,REFLEXIVE_BASIS_REPAIR,60,0.0027014218009479007,0.0011014218009479007,0.6543119766318879,4.412439548236691
BTCUSDT,-1.0,-3.2707668851277987,-2.2976244070335583,2.4822347342338995,0.5866255534933771,-0.47657785798484176,-0.003334964122635453,2025-11-21 02:50:00+00:00,86134.3,86152.52043478,-0.002318472432004448,0.0045684471807398985,18.653978699935397,1.0,REFLEXIVE_BASIS_REPAIR,60,-0.002318472432004448,-0.003918472432004448,0.5866255534933771,10.942900579703268
XRPUSDT,-1.0,-5.182212320945778,-5.956724333727319,4.2052749437827766,0.47943529749036506,-0.3366387668097514,-0.012247914686938977,2025-11-21 07:40:00+00:00,1.9174,1.91730213,0.011734640659226026,0.003911546886408712,129.81267527943893,1.0,REFLEXIVE_BASIS_REPAIR,60,0.011734640659226026,0.010134640659226025,0.47943529749036506,62.236778590617966
SOLUSDT,-1.0,-3.7142579586817437,-4.18010089093495,1.6548779094562673,0.8362476204006519,-0.3161742091461719,-0.0032051282051281937,2025-11-21 10:55:00+00:00,125.2,125.27708076,-0.009664536741214147,-0.014696485623003186,25.693589744234263,0.75,REFLEXIVE_BASIS_REPAIR,60,-0.009664536741214147,-0.011264536741214148,0.8362476204006519,21.486203283166496
ETHUSDT,1.0,4.664005856106111,2.6711062960842398,1.4285678130958777,0.9810267569265704,-0.18868221569063104,-0.0030331498150253378,2025-11-21 13:15:00+00:00,2737.99,2739.19674419,0.002983940774071381,0.001018995686616897,17.79717696851783,1.0,REFLEXIVE_BASIS_REPAIR,60,0.002983940774071381,0.0013839407740713807,0.9810267569265704,17.4595068038733
SOLUSDT,1.0,-2.163080445236341,-1.6498625763970203,1.3665296047623674,0.9396655076692965,-0.3799719572455894,-0.0013871763255238756,2025-11-21 18:55:00+00:00,129.58,129.63818444,0.014662756598240456,-0.01736379070844274,4.876851006453157,1.0,REFLEXIVE_BASIS_REPAIR,60,0.014662756598240456,0.013062756598240455,0.9396655076692965,4.582608676806325
SOLUSDT,1.0,3.2231910668424137,2.74468444020931,1.1835290557422795,0.927039677671143,-0.12038010633332973,-0.0013333333333332975,2025-11-21 20:55:00+00:00,127.33,127.38408379,-0.012565773973140626,-0.009895547003848315,10.470258289453296,1.0,REFLEXIVE_BASIS_REPAIR,60,-0.012565773973140626,-0.014165773973140627,0.927039677671143,9.706344869788397
XRPUSDT,-1.0,-2.106911191785848,-1.8518305880864612,1.4213767378013036,0.9606442802301858,-0.06339373870516016,-0.0010927255697783522,2025-11-22 08:25:00+00:00,1.9239,1.92492402,-0.007952596288788305,0.012162794324029225,5.5457040185323025,1.0,REFLEXIVE_BASIS_REPAIR,60,-0.007952596288788305,-0.009552596288788306,0.9606442802301858,5.327448845252612
BTCUSDT,1.0,2.058814871463831,2.755017292948446,1.9972268617422602,-1.8998478583169143,1.3149890330003449,0.004924981827388875,2025-11-24 15:00:00+00:00,86128.0,86087.54413043,-0.005143507337915576,0.01155489503994045,11.328411711815594,1.0,INDEX_CONFIRMED_DISCOVERY,120,0.01155489503994045,0.009954895039940449,1.3149890330003449,14.896737162350169
ETHUSDT,-1.0,-11.222578891688482,-8.761114877692401,1.0051656695369968,0.9248940550748539,0.19370677588116764,-0.001299551878662486,2025-11-25 07:55:00+00:00,2904.77,2905.60302326,-0.009060958354706328,0.007064242607848437,98.83020341891583,1.0,REFLEXIVE_BASIS_REPAIR,60,-0.009060958354706328,-0.010660958354706328,0.9248940550748539,91.40746760399375
ETHUSDT,1.0,2.748770134704876,3.6201634661388096,1.4650208436622034,0.9325855735376967,-0.27360165939165854,-0.0030301034187469877,2025-11-25 15:15:00+00:00,2875.65,2877.06139535,-0.005720445812251063,0.024818736633456684,14.578418340286158,1.0,REFLEXIVE_BASIS_REPAIR,60,-0.005720445812251063,-0.0073204458122510625,0.9325855735376967,13.595622629148242
SOLUSDT,-1.0,-2.772265686151047,-1.721521810657314,1.1881474438575967,0.8073689753733885,0.018388265648109182,-0.0006616674018526947,2025-11-26 12:10:00+00:00,136.11,136.16540953,-0.0011020498126516065,-0.0005142899125707423,5.670452500397747,1.0,REFLEXIVE_BASIS_REPAIR,60,-0.0011020498126516065,-0.0027020498126516064,0.8073689753733885,4.578147425149598
XRPUSDT,-1.0,-4.684015198427926,-4.177456946078764,1.2048461225647946,0.03430313648479788,0.4601689555364825,0.0021329871093387354,2025-11-26 15:00:00+00:00,2.152,2.15090722,0.008968401486988853,-0.017425650557620687,23.57555158898196,1.0,INDEX_CONFIRMED_DISCOVERY,120,-0.017425650557620687,-0.019025650557620687,0.4601689555364825,10.848736950898289
SOLUSDT,1.0,2.269338392081374,2.260315558405854,1.6936436128411452,0.8600565703642707,-0.7223531040772891,-0.003210048848569458,2025-11-28 14:35:00+00:00,142.84,142.9084673,-0.004760571268552338,-0.024782973956874788,8.687410902364094,0.5,REFLEXIVE_BASIS_REPAIR,60,-0.004760571268552338,-0.006360571268552338,0.8600565703642707,7.471664826032438
SOLUSDT,-1.0,-2.425129375424506,-2.303148458649778,2.278130406292658,0.7626093948007913,-0.0685434598618151,-0.0009409380428488934,2025-11-28 17:10:00+00:00,138.29,138.34829669,-0.013594620001446178,0.007303492660351352,12.724344710962505,0.25,REFLEXIVE_BASIS_REPAIR,60,-0.013594620001446178,-0.015194620001446179,0.7626093948007913,9.703704819263764
ETHUSDT,-1.0,-3.897266313795362,-3.1398333349658754,3.1804423557825214,0.8613815965868062,-0.22114479135716378,-0.001828977274623611,2025-11-29 06:40:00+00:00,3001.69,3003.40348837,-0.0008461899796448069,-0.001445852169944306,38.91833107009922,0.5,REFLEXIVE_BASIS_REPAIR,60,-0.0008461899796448069,-0.0024461899796448068,0.8613815965868062,33.52353415365597
XRPUSDT,-1.0,2.070896785722694,1.6578464406139366,1.35653951130963,0.7093608119469255,-0.655717050697417,-0.0021791437780904754,2025-11-29 17:40:00+00:00,2.2075,2.2084475,-0.004711211778029578,0.003805209513023766,4.657310606862232,1.0,REFLEXIVE_BASIS_REPAIR,60,-0.004711211778029578,-0.006311211778029578,0.7093608119469255,3.3037136335728214
ETHUSDT,1.0,2.421300675360641,2.642108985773578,2.180318070682891,0.6680620607714451,-0.25711859614287313,-0.0021864135494872317,2025-12-01 02:10:00+00:00,2861.44,2863.20139535,0.013402342876314033,-0.01572984231715513,13.948236598542245,0.75,REFLEXIVE_BASIS_REPAIR,60,0.013402342876314033,0.011802342876314032,0.6680620607714451,9.318287686149825
BTCUSDT,-1.0,3.2777031592836883,2.6424965059181016,2.264413499724572,0.1944036161269609,2.68908183037563,0.007862350935372797,2025-12-01 12:50:00+00:00,84786.0,84799.44173913,0.011408723138254029,-0.01356356002170167,19.61280799927176,1.0,INDEX_CONFIRMED_DISCOVERY,120,-0.01356356002170167,-0.015163560021701671,2.68908183037563,52.7404456334875
BTCUSDT,-1.0,5.043650798323464,2.7454098374297446,2.7830599269569922,0.786497696166373,-0.9006056912376843,-0.004248068112082226,2025-12-01 15:50:00+00:00,84277.0,84306.84434783,0.0062353904386724945,-0.010019340982711622,38.53672054825933,0.5,REFLEXIVE_BASIS_REPAIR,60,0.0062353904386724945,0.004635390438672495,0.786497696166373,30.30904192901329
BTCUSDT,1.0,6.18126920586808,4.496696943645433,1.3905442565211072,0.9367724236604273,-0.1728360098845926,-0.0019302287861759915,2025-12-02 03:50:00+00:00,86764.9,86810.47195652,-0.001371522355238186,0.002258977996862699,38.65058691097236,1.0,REFLEXIVE_BASIS_REPAIR,60,-0.001371522355238186,-0.002971522355238186,0.9367724236604273,36.20680397648957
ETHUSDT,1.0,-2.0283681956580657,-1.6143157256926797,3.2836754953076404,-0.10402956558817245,0.2703496197043961,0.0032055772373995595,2025-12-02 15:50:00+00:00,3007.51,3007.8844186,0.004748113888233152,0.0033083846770252112,10.752154636327818,1.0,INDEX_CONFIRMED_DISCOVERY,120,0.0033083846770252112,0.0017083846770252111,0.2703496197043961,2.906840916934085
BTCUSDT,1.0,-2.118008764480337,-3.043597561685478,1.5893717942090475,0.8563253565746035,-1.193748780979997,-0.0038148593635344286,2025-12-03 02:10:00+00:00,92179.9,92220.3976087,-0.005911266989875319,0.006735741739793744,10.245672790162013,0.75,REFLEXIVE_BASIS_REPAIR,60,-0.005911266989875319,-0.007511266989875319,0.8563253565746035,8.773629405382199
ETHUSDT,1.0,3.672817881065036,1.784510275609327,1.9001140376402443,0.8504002156794035,-0.14011877507971496,-0.001135275700571925,2025-12-03 13:25:00+00:00,3088.25,3089.98372093,0.008318627054156869,-0.004468550149761219,12.453691796847632,1.0,REFLEXIVE_BASIS_REPAIR,60,0.008318627054156869,0.006718627054156869,0.8504002156794035,10.590622190044044
ETHUSDT,-1.0,-2.39179349505442,-2.0072469393623495,1.9768883815880294,0.8625242213408713,-1.141746590365924,-0.007170007759323527,2025-12-03 14:40:00+00:00,3076.29,3077.58325581,-0.0004583443043405522,-0.007463535622454387,9.490883310015567,0.0,REFLEXIVE_BASIS_REPAIR,60,-0.0004583443043405522,-0.002058344304340552,0.8625242213408713,8.186116736808248
BTCUSDT,-1.0,-2.5048742360952594,-2.199044606038205,1.447032801408056,0.9702570062250131,0.02761808845765798,-0.00018912151435546143,2025-12-04 13:10:00+00:00,92550.6,92595.15152174,0.0004149081691529055,0.0021264043669084742,7.9707344481023545,1.0,REFLEXIVE_BASIS_REPAIR,60,0.0004149081691529055,-0.0011850918308470946,0.9702570062250131,7.733660943030372
ETHUSDT,-1.0,-2.0122325159546555,-1.5079043442723121,1.57611135307093,0.8030569097422625,-0.01901276373871313,-0.0005018749289800173,2025-12-04 14:40:00+00:00,3169.71,3170.98511628,0.015234832208624649,-0.0041360250622297645,4.782322417848453,1.0,REFLEXIVE_BASIS_REPAIR,60,0.015234832208624649,0.013634832208624648,0.8030569097422625,3.840477062268524
ETHUSDT,1.0,2.7372612337110596,1.9201188725126022,1.5168764764876657,0.39667314736891546,-0.4193759123628899,-0.002202271619747287,2025-12-04 16:15:00+00:00,3194.19,3196.55744186,0.007792272845384862,-0.012544651382666694,7.972500945837478,1.0,REFLEXIVE_BASIS_REPAIR,60,0.007792272845384862,0.006192272845384862,0.39667314736891546,3.1624770425870077
XRPUSDT,-1.0,2.4257011666480457,3.529130134913857,3.1914767638153707,0.682764581700201,-0.3257188817951557,-0.002143265383882431,2025-12-04 18:50:00+00:00,2.1041,2.10547477,-0.001710945297276778,0.0025188916876572875,27.321004129383088,1.0,REFLEXIVE_BASIS_REPAIR,60,-0.001710945297276778,-0.003310945297276778,0.682764581700201,18.653813956027708
BTCUSDT,-1.0,-2.2683344870619067,-1.8519438223998732,2.738368243205231,0.9310319654452703,-0.33553635916786967,-0.0012312574340331839,2025-12-05 15:15:00+00:00,90994.6,91039.18543478,-0.018297789099572914,0.02593670393627756,11.503414101136757,1.0,REFLEXIVE_BASIS_REPAIR,60,-0.018297789099572914,-0.019897789099572915,0.9310319654452703,10.710046239912193
ETHUSDT,-1.0,-2.4051342997434753,-2.336234560811932,1.9320592173025373,0.9008937684660951,-0.21717636053992503,-0.001476366625565051,2025-12-06 14:30:00+00:00,3045.74,3046.99953488,-0.003989178327762577,-0.0022982920406864338,10.856159352975286,1.0,REFLEXIVE_BASIS_REPAIR,60,-0.003989178327762577,-0.005589178327762577,0.9008937684660951,9.780246310570352
XRPUSDT,-1.0,-2.5577408639076733,-2.192106336278743,1.6157989350574062,0.9227452790424168,-0.07188541758447921,-0.0006896212009259717,2025-12-07 13:30:00+00:00,2.0315,2.0326573,-0.01319222249569274,0.007728279596357246,9.05952602724547,1.0,REFLEXIVE_BASIS_REPAIR,60,-0.01319222249569274,-0.014792222495692741,0.9227452790424168,8.359634872002658
BTCUSDT,-1.0,3.4018674735376373,3.9842770069624924,2.0505639132500493,0.007292020149980982,1.0199927328592997,0.005168789387114625,2025-12-07 14:30:00+00:00,87881.3,87962.50847826,0.009350112026107915,-0.015982922419217616,27.793307099117893,1.0,INDEX_CONFIRMED_DISCOVERY,120,-0.015982922419217616,-0.017582922419217616,1.0199927328592997,28.348971263227035
BTCUSDT,1.0,5.745001788204583,4.021986361778716,1.2088136771226494,0.9484975792987536,-0.08821833730077144,-0.0012476446672373687,2025-12-07 17:05:00+00:00,89737.2,89782.89130435,-0.018417111298324462,0.017836527103586963,27.93123424241743,1.0,REFLEXIVE_BASIS_REPAIR,60,-0.018417111298324462,-0.020017111298324463,0.9484975792987536,26.492708065759384
XRPUSDT,1.0,-4.043591902853617,-2.1338967039799215,1.3749918605175846,0.48820123836000584,-0.2611794106124804,-0.0004746535029428456,2025-12-07 18:25:00+00:00,2.1058,2.10764515,0.005935986323487352,-0.008547820305821907,11.864264988992968,1.0,REFLEXIVE_BASIS_REPAIR,60,0.005935986323487352,0.004335986323487352,0.48820123836000584,5.792148859857628
XRPUSDT,1.0,3.221851944913742,3.6975645581024694,3.2666287166912604,0.5859825560012697,-0.09983610467561953,-0.000994412349654361,2025-12-08 09:15:00+00:00,2.1097,2.1103686,0.0036972081338578766,-0.006446414182111337,38.915366074089306,1.0,REFLEXIVE_BASIS_REPAIR,60,0.0036972081338578766,0.0020972081338578768,0.5859825560012697,22.803725679819948
ETHUSDT,-1.0,-4.167497806674807,-3.298254800148465,1.3907068376247385,0.2307489586688688,0.554020559347402,0.002848570875540468,2025-12-08 15:45:00+00:00,3090.97,3094.08860465,0.01045302930795211,-0.00432873822780544,19.11591862232312,1.0,INDEX_CONFIRMED_DISCOVERY,120,-0.00432873822780544,-0.00592873822780544,0.554020559347402,10.590611927578875
XRPUSDT,-1.0,-2.923169136809258,-2.4633991231956447,1.1218451111005785,0.6557652105163569,-0.5092532102176177,-0.0024603212890152992,2025-12-08 21:20:00+00:00,2.078,2.07942759,0.0005774783445622322,0.0031280076997112216,8.078330683296867,1.0,REFLEXIVE_BASIS_REPAIR,60,0.0005774783445622322,-0.0010225216554377678,0.6557652105163569,5.297488221152916
BTCUSDT,1.0,3.2047534883577953,2.872411115177111,1.2409060968416783,0.4697322039141715,-0.07702305202465302,-0.00040424860845200694,2025-12-09 03:30:00+00:00,90007.2,90028.26413043,-0.004009679225662088,-0.0020665013465589466,11.422999187556234,1.0,REFLEXIVE_BASIS_REPAIR,60,-0.004009679225662088,-0.005609679225662088,0.4697322039141715,5.3657505836805806
BTCUSDT,-1.0,-2.758491729330148,-2.067094545001074,1.1133864871472028,0.7166587971667173,-0.21649724866980247,-0.0009727863840964801,2025-12-09 13:50:00+00:00,90241.1,90293.45913043,-0.0015181552529833775,-0.018574684927377794,6.348600122563203,1.0,REFLEXIVE_BASIS_REPAIR,60,-0.0015181552529833775,-0.0031181552529833774,0.7166587971667173,4.54978012752862
XRPUSDT,1.0,-2.6136517898803135,-2.1004473678635396,2.647246353646328,0.70540123947057,-0.1127215783651699,-0.00023780081803470576,2025-12-09 15:50:00+00:00,2.1021,2.10293637,-0.033633033633033715,0.023500309214594894,14.532953687346637,1.0,REFLEXIVE_BASIS_REPAIR,60,-0.033633033633033715,-0.03523303363303371,0.70540123947057,10.251563544222709
SOLUSDT,1.0,5.567792941023792,3.722719059630176,2.913550427231263,0.7199417795265513,-0.0800074985793792,-0.0013180714533471694,2025-12-09 16:55:00+00:00,143.96,143.98748844,0.0056960266740763155,-0.01292025562656307,60.39011797668841,1.0,REFLEXIVE_BASIS_REPAIR,60,0.0056960266740763155,0.004096026674076316,0.7199417795265513,43.477369001955424
ETHUSDT,1.0,2.0959356653990118,2.298335290764204,2.381108799049312,0.9001469180124555,-0.7535266545791676,-0.005612608334322644,2025-12-10 10:10:00+00:00,3350.29,3351.91930233,0.011219924245363888,-0.0109542756000226,11.470188984211426,0.75,REFLEXIVE_BASIS_REPAIR,60,0.011219924245363888,0.009619924245363887,0.9001469180124555,10.324855263158332
SOLUSDT,1.0,2.1375561089457578,2.0484839548736664,1.1262897387167699,0.014790921486121156,0.27236980456029247,0.00014588956160199729,2025-12-10 15:00:00+00:00,137.11,137.23083867,0.007439282328057795,-0.0077310188899424315,4.931740508416428,0.75,INDEX_CONFIRMED_DISCOVERY,120,-0.0077310188899424315,-0.009331018889942432,0.20427735342021935,1.007442898814595
BTCUSDT,-1.0,-2.3393117305646083,-2.795266316575409,3.441972754154115,0.41300397981494763,-1.4141634117000395,-0.007468812894765753,2025-12-10 19:10:00+00:00,92656.0,92716.57978261,0.009404679675358185,0.00705512864790192,22.507057376396492,0.0,REFLEXIVE_BASIS_REPAIR,60,0.009404679675358185,0.007804679675358185,0.41300397981494763,9.295504270375124
XRPUSDT,1.0,2.3561425644725698,1.9602575953814294,1.3438454596630232,0.08527517401679774,1.9198859946447728,0.011204616494349562,2025-12-10 20:15:00+00:00,2.1028,2.10319112,0.02254137340688589,-0.028676050979646095,6.206746937730561,1.0,INDEX_CONFIRMED_DISCOVERY,120,-0.028676050979646095,-0.030276050979646096,1.9198859946447728,11.916246518053235
SOLUSDT,-1.0,-4.783251108620977,-3.3079137382964965,2.3660045144799717,0.8261551135312447,-0.5463545447745831,-0.005757307351638596,2025-12-10 22:25:00+00:00,136.26,136.30670005,0.0057977396154411664,0.0033025099075296716,37.43630057505846,0.5,REFLEXIVE_BASIS_REPAIR,60,0.0057977396154411664,0.004197739615441167,0.8261551135312447,30.928191151777224
SOLUSDT,-1.0,-2.625916924133476,-1.6026171406505048,1.409882294487059,0.38939524859484853,-0.40655739276240666,-0.0026351453094413113,2025-12-11 01:25:00+00:00,133.17,133.19679827,-0.01186453405421628,0.02185176841630998,5.933263311525945,1.0,REFLEXIVE_BASIS_REPAIR,60,-0.01186453405421628,-0.013464534054216281,0.38939524859484853,2.3103845421703393
XRPUSDT,-1.0,-2.0998508345782354,-2.2630328200542564,1.470217237813243,0.6616761886194755,-0.13963225781821575,-0.0006520539700054506,2025-12-11 03:15:00+00:00,1.995,1.99629047,0.003709273182957329,-0.00586466165413535,6.986518414027447,1.0,REFLEXIVE_BASIS_REPAIR,60,0.003709273182957329,0.002109273182957329,0.6616761886194755,4.622812875913464
ETHUSDT,1.0,3.681416535746974,2.5388609710371837,1.1610612813091101,0.8788617038276149,-0.31718167574172523,-0.001984276967268883,2025-12-11 16:30:00+00:00,3168.66,3169.83046512,-0.007788781377617182,0.009944266661617185,10.851980899393345,0.75,REFLEXIVE_BASIS_REPAIR,60,-0.007788781377617182,-0.009388781377617183,0.8788617038276149,9.537390423145567
ETHUSDT,1.0,4.558893306320676,2.4679326032008704,2.1213880274280315,0.7600177526921701,-0.4061784380604096,-0.0048999427359819325,2025-12-11 18:50:00+00:00,3214.82,3216.91302326,-0.0010016112877235805,-0.0013935461394417592,23.86782457548005,1.0,REFLEXIVE_BASIS_REPAIR,60,-0.0010016112877235805,-0.0026016112877235804,0.7600177526921701,18.139970395507298
XRPUSDT,-1.0,2.068229555579968,2.347291255481982,1.67107994810722,0.5799807119533245,-0.5379200151238787,-0.0020831266739411713,2025-12-12 01:05:00+00:00,2.0204,2.0212173,0.003662641061175975,-0.009701049297168973,8.112653904933895,1.0,REFLEXIVE_BASIS_REPAIR,60,0.003662641061175975,0.0020626410611759754,0.5799807119533245,4.705182787614478
BTCUSDT,-1.0,-2.0036622198418588,-1.6255388344169859,2.623061361167883,0.7899637037328927,-0.4637836362580458,-0.0028031133696124755,2025-12-14 11:50:00+00:00,89078.8,89125.13065217,0.004530819903276528,-0.0012921143975894722,8.5433915109054,1.0,REFLEXIVE_BASIS_REPAIR,60,0.004530819903276528,0.0029308199032765285,0.7899637037328927,6.748969200394984
ETHUSDT,1.0,2.5074262342022724,1.9446654728963804,1.3092270804342563,-0.0099013481954342,0.7968561501133377,0.004239465155280175,2025-12-15 01:40:00+00:00,3107.85,3110.64046512,-0.004324533037308731,0.002039995495278113,6.383929005637097,1.0,INDEX_CONFIRMED_DISCOVERY,120,0.002039995495278113,0.0004399954952781129,0.7968561501133377,5.087073090028845
XRPUSDT,-1.0,2.3104465979303956,3.802926780862032,2.2487229003648643,-0.05875298084672198,0.8129100210110018,0.0042918454935622075,2025-12-15 14:55:00+00:00,1.9488,1.950633,-0.014367816091954033,0.01765188834154352,19.75831211290402,1.0,INDEX_CONFIRMED_DISCOVERY,120,0.01765188834154352,0.01605188834154352,0.8129100210110018,16.06172991484274
ETHUSDT,-1.0,-2.7507975570120626,-1.9947815790871803,1.0519893911429656,0.8948087344610933,-0.12824308856336697,-0.0010047009250639949,2025-12-15 17:10:00+00:00,2979.0,2980.18418605,-0.015421282309499795,0.012161799261497186,5.772518576493217,1.0,REFLEXIVE_BASIS_REPAIR,60,-0.015421282309499795,-0.017021282309499796,0.8948087344610933,5.165300042085048
BTCUSDT,-1.0,-3.2014741127241138,-1.9804177307558968,1.249022408311673,0.8616717184968337,-0.6440005600733323,-0.002372665589134293,2025-12-15 19:20:00+00:00,86141.0,86185.8923913,-0.004975563320602339,0.00437770631871004,7.919121940080869,0.25,REFLEXIVE_BASIS_REPAIR,60,-0.004975563320602339,-0.0065755633206023385,0.8616717184968337,6.823683411095462
ETHUSDT,-1.0,-5.93175208298066,-3.442443703986224,2.7118578839475966,0.9146002456262461,-0.24766707053890832,-0.004411206516275357,2025-12-16 13:40:00+00:00,2937.27,2938.34813953,0.0012732911853525763,0.0017329016399582065,55.37538575246387,1.0,REFLEXIVE_BASIS_REPAIR,60,0.0012732911853525763,-0.00032670881464742373,0.9146002456262461,50.64634141085158
SOLUSDT,1.0,-2.9585381240063904,-2.9018504768892157,1.0562980418915695,0.68998119220016,-0.1495025997364001,0.0,2025-12-17 00:00:00+00:00,129.09,129.13609205,0.0018591680223101203,0.0001549306685260099,9.068567200699531,1.0,REFLEXIVE_BASIS_REPAIR,60,0.0018591680223101203,0.00025916802231012027,0.68998119220016,6.25714080868593
ETHUSDT,1.0,-3.127377071808405,-3.198907977638295,3.0627502490493974,-0.5047223036313455,0.845397526976168,0.00345973611618855,2025-12-17 15:15:00+00:00,3019.31,3023.10372093,0.04737506251428303,-0.054509142817398604,30.640339898182557,1.0,INDEX_CONFIRMED_DISCOVERY,120,-0.054509142817398604,-0.0561091428173986,0.845397526976168,25.903267575632743
XRPUSDT,1.0,-2.44364924539703,-1.7840238580925305,1.9135840684258993,0.447949653170562,-0.6294478517899899,-0.001616182680777789,2025-12-18 14:10:00+00:00,1.915,1.91658652,0.005587467362924259,0.0008877284595301127,8.342324387926732,1.0,REFLEXIVE_BASIS_REPAIR,60,0.005587467362924259,0.003987467362924259,0.447949653170562,3.736941316208101
SOLUSDT,1.0,14.456151431138204,13.31734472820904,2.3302566365588393,0.9417788159707492,0.09194232242436833,-0.0018701784461935267,2025-12-18 15:35:00+00:00,128.09,128.13810695,0.012959637754703657,-0.043875400109298135,448.6153033224424,1.0,REFLEXIVE_BASIS_REPAIR,60,0.012959637754703657,0.011359637754703656,0.9417788159707492,422.4963891893683
BTCUSDT,-1.0,2.562083699519119,1.9885859571831601,2.511649729306944,0.35479623730063525,-0.6182926358330025,-0.0035214930288931523,2025-12-18 17:30:00+00:00,85861.6,85919.92108696,0.005901357533518947,0.0027427860650162117,12.796663646527342,1.0,REFLEXIVE_BASIS_REPAIR,60,0.005901357533518947,0.004301357533518947,0.35479623730063525,4.5402081117897275
ETHUSDT,-1.0,-9.27772821009118,-6.056305582543192,1.23649845996339,0.9412948087575591,-0.9770602484131613,-0.008681799228047016,2025-12-18 19:10:00+00:00,2830.23,2831.31511628,-0.01177996134589776,0.009105267063100886,69.47731168582074,0.5,REFLEXIVE_BASIS_REPAIR,60,-0.01177996134589776,-0.013379961345897761,0.9412948087575591,65.39863281629395
BTCUSDT,1.0,2.033281930765582,1.535883194951242,2.1610662404880623,0.577371875934255,-0.16002397023578074,-0.0012467346725145712,2025-12-18 20:10:00+00:00,84916.1,84945.18173913,-0.0018100218921970335,0.008085628049333327,6.74875820868993,1.0,REFLEXIVE_BASIS_REPAIR,60,-0.0018100218921970335,-0.0034100218921970333,0.577371875934255,3.896543187178007
BTCUSDT,1.0,5.647196815165542,4.438699931322654,1.278945898959296,0.9996520975260843,-0.9736833620587891,-0.004343672689566147,2025-12-18 21:40:00+00:00,85361.5,85400.63847826,-0.0020301892539376087,0.0017162303848925475,32.05832918774262,0.0,REFLEXIVE_BASIS_REPAIR,60,-0.0020301892539376087,-0.0036301892539376086,0.9996520975260843,32.0471760157086
BTCUSDT,1.0,3.0597655992824127,2.393942212388629,1.260941884909262,0.36283549490413225,-0.7202560941057529,-0.0029630041479741243,2025-12-19 03:20:00+00:00,86075.5,86136.55304348,-0.01371005686867921,0.00893285545828948,9.236275770134439,1.0,REFLEXIVE_BASIS_REPAIR,60,-0.01371005686867921,-0.015310056868679211,0.36283549490413225,3.3512486901277745
ETHUSDT,1.0,6.1227792647914745,4.07215177706351,2.5083501100512726,0.9727654464661525,-0.3900493430147444,-0.006566701310332657,2025-12-19 14:50:00+00:00,2972.72,2974.03604651,0.004574934739901448,-0.0004574934739900449,62.54040850508822,1.0,REFLEXIVE_BASIS_REPAIR,60,0.004574934739901448,0.0029749347399014485,0.9727654464661525,60.83714840162771
ETHUSDT,1.0,2.3568967245906474,2.539561672487643,1.7182492821182247,0.7010529588360076,-0.7709678713776449,-0.004680192411616657,2025-12-19 16:40:00+00:00,2983.71,2985.49418605,0.00532223305884294,-0.00908935519872911,10.284554596086242,1.0,REFLEXIVE_BASIS_REPAIR,60,0.00532223305884294,0.00372223305884294,0.7010529588360076,7.210017429896721
ETHUSDT,1.0,5.1719896758015516,2.3650972214715904,2.7147731594288977,0.713624774829525,-0.45515540553013495,-0.005990265818045737,2025-12-22 00:20:00+00:00,3026.7,3027.38581395,-0.0016024052598540006,-0.010889747910265313,33.20780681533039,1.0,REFLEXIVE_BASIS_REPAIR,60,-0.0016024052598540006,-0.0032024052598540005,0.713624774829525,23.697913661172517
SOLUSDT,1.0,2.180889805403102,1.6922036154576383,1.5243295684427192,0.11070287711220517,0.5733536837066334,0.002114661654135208,2025-12-22 14:55:00+00:00,127.95,127.96594959,0.0028917545916373744,-0.006565064478311844,5.62555292665978,1.0,INDEX_CONFIRMED_DISCOVERY,120,-0.006565064478311844,-0.008165064478311845,0.5733536837066334,3.2254314933870174
XRPUSDT,-1.0,2.949085550811469,2.7068310267486906,1.9258428175878357,0.9033070720664587,-0.3681986292508854,-0.0012733446519523905,2025-12-23 13:45:00+00:00,1.8872,1.88830364,-0.004292072912250977,0.0028613819415006514,15.373379758692927,1.0,REFLEXIVE_BASIS_REPAIR,60,-0.004292072912250977,-0.005892072912250977,0.9033070720664587,13.886882657590668
ETHUSDT,-1.0,4.231604668120306,2.061877127795105,1.903111749869887,0.8447444013506342,-0.452163448825349,-0.0014316782678056583,2025-12-23 14:45:00+00:00,2937.82,2939.54093023,-0.005269213226133718,-0.004721187819539674,16.604743039943884,1.0,REFLEXIVE_BASIS_REPAIR,60,-0.005269213226133718,-0.0068692132261337175,0.8447444013506342,14.026763718858506
ETHUSDT,1.0,-2.6050144805104143,-11.528386082078026,2.2539596550641106,0.548292393289556,-0.39612432964657135,-0.0010446989137160578,2025-12-23 16:25:00+00:00,2954.7,2956.69488372,0.0023183402714319623,-0.006169831116526248,67.6900433588726,1.0,REFLEXIVE_BASIS_REPAIR,60,0.0023183402714319623,0.0007183402714319622,0.548292393289556,37.11393587511007
ETHUSDT,-1.0,3.070652018971682,3.224937173272686,2.1585760634591913,0.9311618289200005,-0.19021572508097118,-0.0004906737671392936,2025-12-25 22:55:00+00:00,2915.79,2917.04325581,-0.004228699597707664,0.005552526073551278,21.375644499879403,1.0,REFLEXIVE_BASIS_REPAIR,60,-0.004228699597707664,-0.005828699597707663,0.9311618289200005,19.904184226851456
XRPUSDT,-1.0,-3.7127278391219916,-3.1823101661038153,1.3482458025951796,0.6988118806645223,-0.2335247858324606,-0.0013689628737267867,2025-12-26 00:15:00+00:00,1.8287,1.82991987,0.004101274129162835,-0.01569420900092955,15.92959365489912,1.0,REFLEXIVE_BASIS_REPAIR,60,0.004101274129162835,0.0025012741291628353,0.6988118806645223,11.131789300201696
BTCUSDT,1.0,4.333744245188118,2.4086158047636217,3.2424015965800574,0.44747563217571806,0.009346700762777958,-0.0001763733813248125,2025-12-26 02:30:00+00:00,89000.0,89013.91826087,0.0022471910112359383,-0.0037157303370786154,33.84524126549369,1.0,REFLEXIVE_BASIS_REPAIR,60,0.0022471910112359383,0.0006471910112359383,0.44747563217571806,15.144920731416489
SOLUSDT,1.0,11.542394336603216,9.817817905667585,1.2837917410782582,0.9532947627451273,0.16041807328820148,-0.0012116316639740887,2025-12-26 07:20:00+00:00,123.65,123.69872467,0.006631621512333208,-0.008410837040032426,145.48072538169004,1.0,REFLEXIVE_BASIS_REPAIR,60,0.006631621512333208,0.005031621512333208,0.9532947627451273,138.68601358672723
SOLUSDT,1.0,9.143428450330816,7.491943762100139,3.5035536073894393,0.8223969467232443,-0.21849212112243888,-0.0026602176541716815,2025-12-26 09:55:00+00:00,123.72,123.74754425,-0.0002424830261882338,0.0007274490785644794,240.0006104965916,1.0,REFLEXIVE_BASIS_REPAIR,60,-0.0002424830261882338,-0.0018424830261882339,0.8223969467232443,197.37576928411156
SOLUSDT,1.0,3.2430887307750815,2.262531145082438,2.817112858248931,0.5919654390229891,-0.0510420245815228,-0.0006403586008165707,2025-12-26 13:55:00+00:00,124.85,124.88262776,0.020504605526631914,-0.029875851021225364,20.670817051893764,1.0,REFLEXIVE_BASIS_REPAIR,60,0.020504605526631914,0.018904605526631913,0.5919654390229891,12.236409291088181
XRPUSDT,1.0,-2.544855796212164,-3.5172157036929432,1.9834211359911644,0.7409241997033642,-0.18397557834394326,-0.0005421523448089216,2025-12-26 16:10:00+00:00,1.8435,1.84462018,0.002007051803634252,0.00032546786004883366,17.75321933193248,1.0,REFLEXIVE_BASIS_REPAIR,60,0.002007051803634252,0.0004070518036342521,0.7409241997033642,13.153789825670367
SOLUSDT,1.0,2.006449386242378,2.310881312446223,2.6988353788175026,0.8880292448101543,-0.16820589130561867,-0.0012764260071799205,2025-12-28 23:55:00+00:00,125.19,125.2521578,-0.01581595974119332,0.030194104960460155,12.513599295903928,1.0,REFLEXIVE_BASIS_REPAIR,60,-0.01581595974119332,-0.01741595974119332,0.8880292448101543,11.112442132598444
ETHUSDT,1.0,6.467962447858368,2.9820524495356135,2.6091586155623165,0.9841669609342861,-0.12657537532835822,-0.0015792626477154625,2025-12-29 19:15:00+00:00,2933.44,2934.78372093,-0.0012954074397293347,0.0002727173557324214,50.324938054075446,1.0,REFLEXIVE_BASIS_REPAIR,60,-0.0012954074397293347,-0.0028954074397293346,0.9841669609342861,49.528141343885636
ETHUSDT,-1.0,2.1403919561848377,2.112788318421044,2.8867857654452886,0.7291382909474928,-0.16230097807803062,-0.0006437001637897843,2025-12-30 14:10:00+00:00,2969.13,2970.67465116,0.0024249527639408353,-0.00456699437208874,13.05460850637955,0.75,REFLEXIVE_BASIS_REPAIR,60,0.0024249527639408353,0.0008249527639408352,0.7291382909474928,9.518614935330188
BTCUSDT,-1.0,-3.6146335495543176,-2.174345820030218,3.1122913088873427,0.5504466261184213,0.04058539877551214,-0.00028328611898009726,2025-12-30 15:10:00+00:00,88275.0,88297.08478261,0.0077541772868876535,-0.006016425941659742,24.460939474901107,1.0,REFLEXIVE_BASIS_REPAIR,60,0.0077541772868876535,0.006154177286887654,0.5504466261184213,13.464441605646222
ETHUSDT,1.0,4.614764522193593,1.8740707330918807,1.1242160630524507,0.801024581986447,0.02256701105010358,-0.0005750604314959107,2025-12-30 16:25:00+00:00,2989.27,2990.93255814,0.0027331087523041475,-0.004536224563187696,9.722664726067652,1.0,REFLEXIVE_BASIS_REPAIR,60,0.0027331087523041475,0.0011331087523041474,0.801024581986447,7.788093447992714
BTCUSDT,-1.0,-3.174560044891583,-2.749817900741878,2.216415637244869,0.6461712323629218,0.1012281893787772,-0.00026863545604260963,2025-12-31 14:45:00+00:00,88619.7,88647.70630435,-0.006922839955450066,0.01339431300263938,19.348116166695796,1.0,REFLEXIVE_BASIS_REPAIR,60,-0.006922839955450066,-0.008522839955450067,0.6461712323629218,12.502196067334793
BTCUSDT,-1.0,2.753682758913906,3.542923487827157,1.9447206228512672,0.9789593953503095,-1.1003257914063536,-0.0018044019199838779,2025-12-31 16:30:00+00:00,87888.2,87925.6523913,-0.003411151895248765,-0.0002776254377720999,18.972864218450056,1.0,REFLEXIVE_BASIS_REPAIR,60,-0.003411151895248765,-0.005011151895248765,0.9789593953503095,18.57366368335739
XRPUSDT,1.0,-2.248019409500697,-2.5335685843054074,1.6841830182062154,0.7337182961237353,-0.3925055231265123,-0.0007614075161799239,2025-12-31 18:15:00+00:00,1.8373,1.83840839,0.00097969847058188,-0.01170195395417184,9.592283500419747,1.0,REFLEXIVE_BASIS_REPAIR,60,0.00097969847058188,-0.00062030152941812,0.7337182961237353,7.038033905863796
SOLUSDT,1.0,-2.073300741283701,-1.923073425964461,1.711770827873862,0.4177331684809795,-0.10453505013570885,-8.055421298536203e-05,2025-12-31 21:05:00+00:00,124.13,124.21116435,-0.0007250463224039994,0.004914202851848959,6.825017831651899,1.0,REFLEXIVE_BASIS_REPAIR,60,-0.0007250463224039994,-0.002325046322403999,0.4177331684809795,2.851036323755132
ETHUSDT,1.0,5.130182081239467,3.5104922599393826,1.0404767221648188,-0.6466924593752503,1.1855272095891394,0.002760043766408371,2026-01-02 09:50:00+00:00,3051.83,3050.29581395,-0.002595164212947587,-0.0021396997866852674,18.73842857869977,1.0,INDEX_CONFIRMED_DISCOVERY,120,-0.0021396997866852674,-0.0037396997866852673,1.1855272095891394,22.214916944991323
BTCUSDT,1.0,2.8159814986605647,2.7095654364565154,2.9182364980564413,0.6227181442065823,-0.1963731826457768,-0.0010916835989021045,2026-01-02 14:55:00+00:00,89671.6,89700.18304348,0.0016036292427034082,0.004970358508156414,22.266395852602606,1.0,REFLEXIVE_BASIS_REPAIR,60,0.0016036292427034082,3.629242703408154e-06,0.6227181442065823,13.865688703501837
ETHUSDT,1.0,2.9508736534463837,1.8939136764375515,3.660430071261303,0.8257748864770443,-0.1315769116353472,-0.0016923439760840875,2026-01-02 16:40:00+00:00,3132.35,3133.55302326,0.00258272542978899,-0.0054463900905070695,20.457045428351954,1.0,REFLEXIVE_BASIS_REPAIR,60,0.00258272542978899,0.00098272542978899,0.8257748864770443,16.892914366253073
XRPUSDT,-1.0,2.0591830946869383,2.1734443704642876,1.7388949404096048,0.027327715715945056,2.109296722797452,0.004138905713708896,2026-01-02 18:55:00+00:00,1.973,1.97462183,0.008261530663963512,-0.0044602128737962765,7.78245891833753,1.0,INDEX_CONFIRMED_DISCOVERY,120,-0.0044602128737962765,-0.006060212873796276,2.109296722797452,16.415515091755157
XRPUSDT,-1.0,-2.624424925119459,-3.3350274359663756,3.3360942637229956,0.628347665016673,-0.7734239061248463,-0.0019714892326356814,2026-01-02 21:05:00+00:00,1.9821,1.98279808,0.022551838958680293,-0.017557136370516258,29.199262220016397,0.0,REFLEXIVE_BASIS_REPAIR,60,0.022551838958680293,0.020951838958680292,0.628347665016673,18.34728823615686
XRPUSDT,1.0,2.3390033841289832,2.129099746808698,1.759045197438888,0.8724681825893599,-0.2725946431891485,-0.0011426300362660236,2026-01-03 07:00:00+00:00,2.0106,2.01170734,0.008504923903312478,-0.001989455883815827,8.75999497320851,0.75,REFLEXIVE_BASIS_REPAIR,60,0.008504923903312478,0.006904923903312478,0.8724681825893599,7.642816893767157
SOLUSDT,1.0,2.4902955674980167,3.0626296263999597,1.06902415514796,0.8949538011147499,-0.46734412935749287,-0.0017129664109630793,2026-01-04 00:40:00+00:00,134.04,134.09361545,0.0025365562518651075,-0.0023127424649358463,8.153290067136535,0.5,REFLEXIVE_BASIS_REPAIR,60,0.0025365562518651075,0.0009365562518651074,0.8949538011147499,7.296817937174976
BTCUSDT,-1.0,-2.655717879362644,-2.013398009209641,1.8515500475871765,0.7155049312831078,-0.2937801943389612,-0.0009264088125462422,2026-01-04 19:15:00+00:00,90972.8,91004.35652174,0.002718394948819869,-0.003728587006226025,9.900269749903725,1.0,REFLEXIVE_BASIS_REPAIR,60,0.002718394948819869,0.0011183949488198688,0.7155049312831078,7.083691827089095
SOLUSDT,-1.0,-2.2898767917503906,-2.2720357901809414,1.8924942234486115,0.6119714535373284,-0.4826253461680993,-0.0016298710920135129,2026-01-05 06:05:00+00:00,135.2,135.28275944,0.0021449704142013637,-0.0028846153846155964,9.846045680572242,0.5,REFLEXIVE_BASIS_REPAIR,60,0.0021449704142013637,0.0005449704142013636,0.6119714535373284,6.025498886734729
ETHUSDT,-1.0,-2.341701937426984,-2.0695625640646074,1.0439616990900502,0.9234332021344249,-0.13075490643178736,-0.0005833367492693586,2026-01-05 11:35:00+00:00,3173.26,3174.61232558,-0.000504213332661152,0.005694459325740753,5.0593501895471,1.0,REFLEXIVE_BASIS_REPAIR,60,-0.000504213332661152,-0.002104213332661152,0.9234332021344249,4.671971946252889
ETHUSDT,-1.0,-2.552695173456833,-1.8638444055517465,1.007738891097545,0.8553331570946151,0.12585528510040794,-6.328613242567727e-06,2026-01-05 13:25:00+00:00,3160.27,3161.54162791,-0.002866843655763618,0.0005759001604294101,4.794646920185144,1.0,REFLEXIVE_BASIS_REPAIR,60,-0.002866843655763618,-0.004466843655763618,0.8553331570946151,4.101020487395933
XRPUSDT,1.0,-2.2735836945876042,-2.4355608531802346,2.3576831649072476,0.9730504465886103,-0.28862266919590285,-0.0013063966780199054,2026-01-05 14:50:00+00:00,2.1405,2.14162176,-0.010091100210231296,0.020789535155337546,13.055556043573358,1.0,REFLEXIVE_BASIS_REPAIR,60,-0.010091100210231296,-0.011691100210231297,0.9730504465886103,12.703714638661685
XRPUSDT,-1.0,-6.5814755292715486,-5.780526602411006,2.458946185383789,0.7940796913042851,-1.5169550998320018,-0.0054262522983092865,2026-01-05 18:45:00+00:00,2.242,2.24262628,0.011819803746654811,-0.034611953612845525,93.54911843611262,0.5,REFLEXIVE_BASIS_REPAIR,60,0.011819803746654811,0.01021980374665481,0.7940796913042851,74.28545508953631
ETHUSDT,1.0,2.4915819317325356,1.6038509183604746,2.990577578051649,0.837795132828367,-0.6173653643240179,-0.004717791411043004,2026-01-05 20:35:00+00:00,3244.62,3245.90906977,0.003334751064839603,-0.0012081538053763108,11.950724723096519,0.25,REFLEXIVE_BASIS_REPAIR,60,0.003334751064839603,0.0017347510648396027,0.837795132828367,10.012259006781898
XRPUSDT,1.0,2.868163361865501,1.8990947355966143,1.716434292722403,0.6608409874639125,-0.42985091620005755,-0.0024353770561845733,2026-01-05 22:45:00+00:00,2.3348,2.33557314,-0.008951516189823705,0.005696419393524055,9.349269878440644,1.0,REFLEXIVE_BASIS_REPAIR,60,-0.008951516189823705,-0.010551516189823706,0.6608409874639125,6.178380738535329
XRPUSDT,1.0,2.013075338371851,2.3824431388382785,2.4956141527193045,0.8813353620170874,-0.8612451795354403,-0.002633367312266488,2026-01-06 07:35:00+00:00,2.3482,2.34923494,0.0034920364534537507,-0.0038753087471252723,11.96905913152169,0.0,REFLEXIVE_BASIS_REPAIR,60,0.0034920364534537507,0.0018920364534537506,0.8813353620170874,10.548755062683593
SOLUSDT,1.0,2.4648420738514734,2.83861558873899,1.8426851831366793,0.6256804166211667,-0.3948166318646357,-0.0020060180541624506,2026-01-06 11:55:00+00:00,139.3,139.38518905,0.0026561378320172357,-0.0010050251256282783,12.892787533626752,0.5,REFLEXIVE_BASIS_REPAIR,60,0.0026561378320172357,0.0010561378320172357,0.6256804166211667,8.06676467544777
SOLUSDT,1.0,2.6360793900178683,3.1858216795225256,1.689341833378691,0.824013315541549,-0.40900419248179964,-0.0019375672766414054,2026-01-06 13:20:00+00:00,139.08,139.13165507,-0.026243888409548388,0.02358354903652571,14.187225954532702,0.25,REFLEXIVE_BASIS_REPAIR,60,-0.026243888409548388,-0.02784388840954839,0.824013315541549,11.690463097131609
ETHUSDT,1.0,-3.5572511130941247,-2.9781888640617837,3.2324775092356797,-0.16254608784454616,0.3507240115856185,0.0022015143750397925,2026-01-06 14:30:00+00:00,3304.99,3304.74488372,0.002847209825143193,-0.017488706471123883,34.24540219819961,0.75,INDEX_CONFIRMED_DISCOVERY,120,-0.017488706471123883,-0.019088706471123883,0.2630430086892139,9.008013627986644
XRPUSDT,-1.0,-3.192226200508144,-2.0930750422237363,3.6805194312888703,0.7681194991348758,-1.143034488682237,-0.01150414420942969,2026-01-06 18:05:00+00:00,2.2333,2.2340532,0.005641875251869433,-0.0049702234361708175,24.591644497043838,0.5,REFLEXIVE_BASIS_REPAIR,60,0.005641875251869433,0.004041875251869433,0.7681194991348758,18.889321653972235
BTCUSDT,1.0,2.772109756735558,2.7898732078904165,1.1769035214842014,0.997780610915708,0.032515434367086676,-0.00020137585178747752,2026-01-06 20:10:00+00:00,92346.0,92387.00586957,-0.00013752625993546097,0.011185108180105097,9.101977339668764,1.0,REFLEXIVE_BASIS_REPAIR,60,-0.00013752625993546097,-0.001737526259935461,0.997780610915708,9.08177651051563
SOLUSDT,1.0,3.935245144170916,3.0180603031097206,3.2793718551702704,0.9250587464952564,-0.02102776273139951,-0.0009909399773500027,2026-01-06 21:25:00+00:00,141.14,141.21145347,0.007510273487317365,-0.0038968400170042994,38.948467105611684,1.0,REFLEXIVE_BASIS_REPAIR,60,0.007510273487317365,0.005910273487317365,0.9250587464952564,36.02962015862887
ETHUSDT,-1.0,-2.4753929712081564,-2.217472653294343,1.7349899228944048,0.4696688242545286,-0.644854051981561,-0.002736108338835308,2026-01-07 01:05:00+00:00,3265.36,3266.26302326,-0.0067465761814931025,-0.0023397113947618564,9.523561326968519,0.75,REFLEXIVE_BASIS_REPAIR,60,-0.0067465761814931025,-0.008346576181493103,0.4696688242545286,4.472919851153202
BTCUSDT,1.0,2.933128112579383,2.1052922562660594,2.079624923863861,0.83082257272966,-0.005150235149671177,-0.00039879703531653377,2026-01-07 15:30:00+00:00,91238.1,91283.31456522,-0.003448120905630292,0.003573068707042326,12.841875026652364,0.75,REFLEXIVE_BASIS_REPAIR,60,-0.003448120905630292,-0.005048120905630292,0.83082257272966,10.669319648316089
SOLUSDT,1.0,3.6273719372728874,3.354267684828843,1.8854775853243573,0.9247666734991024,-0.6480441015104477,-0.002904865649963506,2026-01-08 02:35:00+00:00,137.3,137.35598676,-0.00029133284777849155,0.005462490895848493,22.940938510964163,0.75,REFLEXIVE_BASIS_REPAIR,60,-0.00029133284777849155,-0.0018913328477784916,0.9247666734991024,21.21501539373178
ETHUSDT,-1.0,-3.017854911233614,-3.141982159432441,2.027002890332423,0.8796262085448153,-0.2743660113650586,-0.0011049723756906271,2026-01-08 06:30:00+00:00,3116.64,3117.87232558,0.001078084090559095,-0.005108065095744241,19.220135237822,0.75,REFLEXIVE_BASIS_REPAIR,60,0.001078084090559095,-0.0005219159094409051,0.8796262085448153,16.90653468696397
ETHUSDT,-1.0,-3.0426079516591873,-1.5028486424877554,1.4961019249896406,0.7612898788549601,-0.41434935872234835,-0.0022939649578197496,2026-01-08 14:10:00+00:00,3089.07,3090.13534884,-0.001398479153920218,-0.002975005422343857,6.841044587831721,1.0,REFLEXIVE_BASIS_REPAIR,60,-0.001398479153920218,-0.002998479153920218,0.7612898788549601,5.208018005511792
XRPUSDT,-1.0,2.348430508307076,2.4604642838925206,1.4333274517331465,0.46356168039769274,-1.1845095077463499,-0.005249217433181075,2026-01-08 15:10:00+00:00,2.0874,2.08783522,0.01964165948069363,-0.03128293570949481,8.282094805511749,0.0,REFLEXIVE_BASIS_REPAIR,60,0.01964165948069363,0.01804165948069363,0.46356168039769274,3.8392617852560287
BTCUSDT,-1.0,-2.527638937865404,-1.502220939632929,2.042715006663312,0.6172919496912238,-0.033624812442848984,-0.0005235139493273699,2026-01-09 18:35:00+00:00,90589.4,90620.1723913,-0.00381391200294956,0.0009394035063704509,7.7563362423595805,0.75,REFLEXIVE_BASIS_REPAIR,60,-0.00381391200294956,-0.00541391200294956,0.6172919496912238,4.787923921506846
SOLUSDT,1.0,4.509478615222248,4.323631908836174,1.4510219524393932,0.8762111087675513,-0.43327874697435725,-0.0027900987265704336,2026-01-11 20:00:00+00:00,139.39,139.47061553,0.00645670421120581,-0.005237104526866987,28.291047507326724,0.5,REFLEXIVE_BASIS_REPAIR,60,0.00645670421120581,0.0048567042112058105,0.8762111087675513,24.788930104590214
BTCUSDT,-1.0,-2.2170515540997444,-2.8302682204889846,2.247018853572908,0.6406596770548135,-0.13625826156390225,-0.00041961128341272413,2026-01-12 16:40:00+00:00,92028.5,92077.83130435,-0.008320248618634452,0.004366038781464465,14.099707504379195,1.0,REFLEXIVE_BASIS_REPAIR,60,-0.008320248618634452,-0.009920248618634452,0.6406596770548135,9.033114056322905
SOLUSDT,1.0,3.3924969008542227,2.6281355502066157,1.658246972025434,0.9789036595840053,-0.06641284025556438,-0.000856286570572129,2026-01-13 05:25:00+00:00,140.02,140.08776375,-0.002071132695329103,0.0025710612769602736,14.784833341871595,1.0,REFLEXIVE_BASIS_REPAIR,60,-0.002071132695329103,-0.003671132695329103,0.9789036595840053,14.472927464697722
SOLUSDT,1.0,4.114437288733804,2.5622422411335495,1.074479094604132,0.8491796711618609,-0.503775961284331,-0.002390494269844612,2026-01-13 11:45:00+00:00,141.89,141.94092836,-0.0007752484318839237,0.0060610331947283935,11.327357415104409,0.25,REFLEXIVE_BASIS_REPAIR,60,-0.0007752484318839237,-0.0023752484318839235,0.8491796711618609,9.618961644891229
BTCUSDT,-1.0,-2.091735769041784,-2.0161303086662534,2.0186462776431155,0.4932197091814844,-0.5264544727790943,-0.0010950118300385725,2026-01-13 13:45:00+00:00,92154.6,92205.69391304,0.005410473269918059,-0.007961621015120102,8.513059066998682,0.5,REFLEXIVE_BASIS_REPAIR,60,0.005410473269918059,0.0038104732699180592,0.4932197091814844,4.198808517269889
ETHUSDT,1.0,2.9740021979114997,2.675668752162907,2.9992016702441036,-0.05873337528478495,0.3953080608627146,0.001523667105440829,2026-01-13 16:05:00+00:00,3187.96,3190.48976744,0.0014084241960377053,-0.0021204782996022686,23.865981584522135,1.0,INDEX_CONFIRMED_DISCOVERY,120,-0.0021204782996022686,-0.0037204782996022685,0.3953080608627146,9.434414900762702
SOLUSDT,-1.0,3.424562493452669,2.30956910137995,1.2163477179269606,0.5312361046555238,-0.10601004956270367,-6.904646827310401e-05,2026-01-14 00:25:00+00:00,144.84,144.86594855,0.005247169290251152,-0.008492129246064462,9.620414877062242,0.75,REFLEXIVE_BASIS_REPAIR,60,0.005247169290251152,0.0036471692902511526,0.5312361046555238,5.110711724460596
BTCUSDT,-1.0,-3.916881117200683,-2.160324621254659,1.629322349106318,0.8651395551420877,-0.06565775219034758,-0.0005223997239043321,2026-01-14 04:15:00+00:00,95379.1,95427.72934783,-0.001875672972380782,0.005768559359440539,13.78689348501382,1.0,REFLEXIVE_BASIS_REPAIR,60,-0.001875672972380782,-0.0034756729723807818,0.8651395551420877,11.927586896416203
XRPUSDT,1.0,-2.3127847582088736,-2.021408989586449,1.2912868031211693,0.6403225214700969,-0.6889259559921894,-0.0021474254236496515,2026-01-14 14:30:00+00:00,2.1375,2.13888301,-0.013239766081871274,0.01291228070175432,6.0368741451321215,0.75,REFLEXIVE_BASIS_REPAIR,60,-0.013239766081871274,-0.014839766081871274,0.6403225214700969,3.865546474408636
BTCUSDT,1.0,-4.045562060715101,-3.556016371859677,1.23142892217053,0.0971235007046305,0.7235533989451681,0.0016415186828306894,2026-01-14 17:50:00+00:00,97264.6,97349.35826087,0.006599523362045501,0.001114485640202112,17.715441048862182,1.0,INDEX_CONFIRMED_DISCOVERY,120,0.001114485640202112,-0.00048551435979788814,0.7235533989451681,12.818067584716987
BTCUSDT,-1.0,-2.120263365084915,-1.7217962740257524,1.6511579634876068,0.6049449337804487,-0.4138396109075581,-0.0014686815141189413,2026-01-15 03:35:00+00:00,96009.1,96062.80108696,0.0021414636737557835,-0.002227913812336446,6.027818910022598,1.0,REFLEXIVE_BASIS_REPAIR,60,0.0021414636737557835,0.0005414636737557834,0.6049449337804487,3.6464985113641566
ETHUSDT,1.0,5.1171143460503785,4.0255284985848405,1.3865142665440569,0.8335125781255048,-0.45706982068269697,-0.0020610363305844093,2026-01-15 10:00:00+00:00,3365.14,3366.14348837,0.0006121587809124751,-0.004906185181002831,28.560931650567795,0.5,REFLEXIVE_BASIS_REPAIR,60,0.0006121587809124751,-0.000987841219087525,0.8335125781255048,23.805895773731095
BTCUSDT,1.0,2.5695892207846303,1.6680271173755084,1.912061715084076,0.6596322329292191,-0.7580789420199019,-0.002736891742688541,2026-01-15 15:00:00+00:00,96013.6,96068.3373913,-0.007329170034245047,0.006989634801736422,8.195372805268317,0.25,REFLEXIVE_BASIS_REPAIR,60,-0.007329170034245047,-0.008929170034245048,0.6596322329292191,5.405932063226539
XRPUSDT,-1.0,-6.909362458339702,-5.95946845891229,1.3896861543661885,0.8202634191382978,-0.1080970051105855,-0.002053588891061997,2026-01-16 15:25:00+00:00,2.0494,2.05009256,-0.0043427344588659045,0.004635503074070457,57.2218944740411,1.0,REFLEXIVE_BASIS_REPAIR,60,-0.0043427344588659045,-0.005942734458865904,0.8202634191382978,46.937026810847826
ETHUSDT,1.0,2.438581643590429,2.3064077531987395,2.38610518930025,0.4234908606977069,-0.02224106010148456,-0.0006872831785210698,2026-01-18 18:35:00+00:00,3358.75,3360.88837209,0.002072199478972858,-0.003286937104577614,13.420323195342469,1.0,REFLEXIVE_BASIS_REPAIR,60,0.002072199478972858,0.0004721994789728581,0.4234908606977069,5.683384220836983
SOLUSDT,-1.0,-5.519325514145344,-3.384797901287343,2.704029892627892,0.9710659274025254,-0.6586889164245935,-0.007210996770074418,2026-01-19 00:20:00+00:00,134.09,134.15164622,-0.00037288388395861904,0.0030576478484599656,50.51614947916759,1.0,REFLEXIVE_BASIS_REPAIR,60,-0.00037288388395861904,-0.001972883883958619,0.9710659274025254,49.054511542792476
BTCUSDT,-1.0,-3.32145656905121,-1.6044302734740898,1.0497084010334732,0.7559784806439083,-0.5421578796190425,-0.0017070834275136892,2026-01-19 08:35:00+00:00,93065.6,93117.71630435,-0.000919781315545265,0.0015118368118833825,5.5939438008338636,1.0,REFLEXIVE_BASIS_REPAIR,60,-0.000919781315545265,-0.002519781315545265,0.7559784806439083,4.228901135361793
SOLUSDT,-1.0,-2.496424064378678,-2.8738106956179057,1.659795913772957,0.7329449180038038,0.14353563253881238,-0.0,2026-01-20 07:00:00+00:00,131.17,131.22092622,-0.004650453609819194,0.016314706106579147,11.907791128185064,1.0,REFLEXIVE_BASIS_REPAIR,60,-0.004650453609819194,-0.006250453609819194,0.7329449180038038,8.727754992054024
SOLUSDT,-1.0,-2.5126101749196272,-1.53476798853474,2.2089820879252424,-0.0712032828946998,0.4942164284873023,0.003563681437868005,2026-01-20 08:40:00+00:00,128.62,128.73857051,0.0006997356554190315,-0.0034986782770951574,8.51843945020834,1.0,INDEX_CONFIRMED_DISCOVERY,120,-0.0034986782770951574,-0.005098678277095157,0.4942164284873023,4.209952721367305
ETHUSDT,-1.0,3.206750533738847,2.8759245499258332,2.743245809298998,0.8284886509750065,-0.4096664894629856,-0.0025795862853630336,2026-01-20 14:25:00+00:00,3066.52,3067.61604651,-0.012241889829513575,0.013181065181378293,25.29923494687719,1.0,REFLEXIVE_BASIS_REPAIR,60,-0.012241889829513575,-0.013841889829513575,0.8284886509750065,20.960129031838022
BTCUSDT,-1.0,-5.278244783591448,-5.643049655370799,3.640510873517782,0.7165049007059621,-0.23711254414239316,-0.003921884409885612,2026-01-20 22:40:00+00:00,88517.7,88573.49673913,-0.0015454536211402248,-0.0038466882894607757,108.43406313226257,1.0,REFLEXIVE_BASIS_REPAIR,60,-0.0015454536211402248,-0.0031454536211402246,0.7165049007059621,77.69353763772581
BTCUSDT,1.0,2.5557869827246806,1.8837616252021405,1.397698780219934,0.7878275285045333,-0.1959757639053061,-0.0005804912039770738,2026-01-21 00:10:00+00:00,88494.3,88529.01869565,-0.00510767360157649,0.00813837727401645,6.729211608811392,1.0,REFLEXIVE_BASIS_REPAIR,60,-0.00510767360157649,-0.00670767360157649,0.7878275285045333,5.301458150553893
SOLUSDT,-1.0,2.119691327458474,2.073091588020864,2.4068172173063096,0.8665876409229045,-0.3750895408096103,-0.0009483916857662145,2026-01-21 12:20:00+00:00,126.65,126.71113216,0.004500592183181995,-0.015475720489538158,10.57631121959555,1.0,REFLEXIVE_BASIS_REPAIR,60,0.004500592183181995,0.002900592183181995,0.8665876409229045,9.165300589455754
ETHUSDT,1.0,-2.3806886719096254,-2.653135585362473,2.9869329884178724,0.8010965943670755,-0.5990496978880644,-0.0041089943898972026,2026-01-21 15:25:00+00:00,3005.37,3006.57069767,0.01566196508250217,-0.03868408881435559,18.866334466932898,0.5,REFLEXIVE_BASIS_REPAIR,60,0.01566196508250217,0.014061965082502171,0.8010965943670755,15.11375628965012
XRPUSDT,-1.0,2.6942873984879965,2.068813379315046,2.6456609682195134,0.7266356245035088,-0.8179133427195051,-0.008931402600147909,2026-01-21 16:50:00+00:00,1.9091,1.90990462,-0.013252317846105588,0.001257136870776776,14.746855550041744,1.0,REFLEXIVE_BASIS_REPAIR,60,-0.013252317846105588,-0.014852317846105589,0.7266356245035088,10.715590592067617
BTCUSDT,1.0,-3.6345156620304975,-2.3207820697642068,2.7709013526990636,0.7952201123822453,-0.3128219185428627,-0.0007783494321941253,2026-01-21 19:40:00+00:00,89863.9,89912.15434783,0.00019807731469467793,0.0031725754168248077,23.372327859397036,1.0,REFLEXIVE_BASIS_REPAIR,60,0.00019807731469467793,-0.0014019226853053221,0.7952201123822453,18.586145186984393
BTCUSDT,1.0,-2.2030936820735714,-2.1436984914168438,1.3113851233567348,0.9725677830845012,-0.15533034867642717,-0.00017534475219793677,2026-01-21 20:55:00+00:00,90092.4,90133.71673913,-0.000713711700432107,-0.0016838268266801126,6.193368486651603,1.0,REFLEXIVE_BASIS_REPAIR,60,-0.000713711700432107,-0.002313711700432107,0.9725677830845012,6.0234706588881615
ETHUSDT,-1.0,2.3432227385529885,2.1416163023194947,1.3298892654853118,0.5097402874284167,-0.44738308049148223,-0.0017183732733012658,2026-01-22 03:40:00+00:00,3008.0,3008.94395349,0.0031848404255319096,-0.0035871010638297562,6.673762045166405,1.0,REFLEXIVE_BASIS_REPAIR,60,0.0031848404255319096,0.0015848404255319095,0.5097402874284167,3.4018853831319813
ETHUSDT,-1.0,-3.8785177996852744,-2.9709091723489243,1.6483339491501234,0.47581574078223043,-0.2357810224200506,-0.001427713161287647,2026-01-22 14:40:00+00:00,2967.01,2967.63302326,-0.014239925042382695,0.00986515043764613,18.993297330945822,0.25,REFLEXIVE_BASIS_REPAIR,60,-0.014239925042382695,-0.015839925042382696,0.47581574078223043,9.037309839421146
ETHUSDT,-1.0,-3.5372128718989995,-1.5124835428238843,1.5343222497446445,0.45223841376444307,-0.13612072258882552,-0.0009223930483557297,2026-01-22 16:00:00+00:00,2940.72,2942.83651163,0.0012956010772873228,-0.006644631246769617,8.208587605511696,1.0,REFLEXIVE_BASIS_REPAIR,60,0.0012956010772873228,-0.0003043989227126773,0.45223841376444307,3.712238637963077
ETHUSDT,-1.0,2.375480243568633,2.768469920908226,2.087572616773885,0.9819989257423379,-0.09637800880485599,-9.508253503631714e-05,2026-01-23 06:35:00+00:00,2945.09,2946.44976744,0.0008624524208089568,0.007419128108139383,13.728807754504022,1.0,REFLEXIVE_BASIS_REPAIR,60,0.0008624524208089568,-0.0007375475791910433,0.9819989257423379,13.481674466646028
BTCUSDT,-1.0,-3.6779728913860112,-1.9328743799529937,1.9636786811331048,0.09039590242090434,0.9193659461591432,0.005435179064628537,2026-01-23 14:40:00+00:00,88620.4,88692.89630435,0.00633714133540364,-0.01732558192019007,13.959908724287793,1.0,INDEX_CONFIRMED_DISCOVERY,120,-0.01732558192019007,-0.01892558192019007,0.9193659461591432,12.834264692600126
BTCUSDT,1.0,2.1472676967907915,1.8935096466248882,2.9796338023636517,0.9598749589349639,-0.20895749296258967,-0.0015646802301608753,2026-01-23 17:35:00+00:00,90802.8,90842.51847826,0.00014206610368849848,-0.013046954499200458,12.114809938571026,1.0,REFLEXIVE_BASIS_REPAIR,60,0.00014206610368849848,-0.0014579338963115016,0.9598749589349639,11.628702692290757
ETHUSDT,-1.0,-4.442235743628236,-2.864601303344663,1.101958565938532,0.8905269120346392,-0.16177980539119588,-0.0012961586878259546,2026-01-24 14:05:00+00:00,2950.99,2952.18930233,0.003348028966550176,-0.001277537368815418,14.022680941519566,1.0,REFLEXIVE_BASIS_REPAIR,60,0.003348028966550176,0.001748028966550176,0.8905269120346392,12.487574757298406
SOLUSDT,-1.0,-2.6860684886962094,-2.25622998339789,3.820749892968249,-0.128373364149035,0.5122659880146202,0.007027463651050003,2026-01-25 16:10:00+00:00,122.93,123.04984001,-0.007158545513707093,0.007565281054258577,23.155227802070655,1.0,INDEX_CONFIRMED_DISCOVERY,120,0.007565281054258577,0.005965281054258577,0.5122659880146202,11.861635647731326
ETHUSDT,-1.0,5.056314093850464,4.5645087891767835,2.9098943904652033,0.7884118074303876,-0.2383285091125794,-0.0005993553445420297,2026-01-25 18:20:00+00:00,2871.47,2872.38627907,-0.012199326477379091,0.02215589924324468,67.15916983088086,1.0,REFLEXIVE_BASIS_REPAIR,60,-0.012199326477379091,-0.013799326477379092,0.7884118074303876,52.949082471889135
XRPUSDT,-1.0,-2.2613002059691327,-1.7476846294952648,2.0186705885153655,0.6856901428057387,-0.6294574711207797,-0.0020404786852699086,2026-01-25 20:00:00+00:00,1.817,1.81816164,0.0030820033021463633,-0.011832691249312077,7.9778661306976115,0.75,REFLEXIVE_BASIS_REPAIR,60,0.0030820033021463633,0.0014820033021463632,0.6856901428057387,5.470344166443112
BTCUSDT,-1.0,-3.5501549665830177,-2.918333221583876,1.382023736302636,0.6234235203673881,-0.4844089298896116,-0.001548141766711142,2026-01-25 21:45:00+00:00,86495.3,86547.1973913,0.0012023774702210055,0.0012070019989526282,14.318505540595321,0.25,REFLEXIVE_BASIS_REPAIR,60,0.0012023774702210055,-0.0003976225297789946,0.6234235203673881,8.926493130517887
SOLUSDT,1.0,2.146449492674948,1.7931072390363632,1.333906670911596,0.90823107273675,-0.25985558274036225,-0.0020111012790604565,2026-01-26 16:30:00+00:00,124.06,124.13333829,0.005642431081734678,0.007012735773013201,5.133958834490612,1.0,REFLEXIVE_BASIS_REPAIR,60,0.005642431081734678,0.004042431081734678,0.90823107273675,4.662820939635724
SOLUSDT,1.0,8.032912106229986,6.499464299302091,2.414842639017067,0.8593815813361996,0.02095913393705571,-0.0009495173286911962,2026-01-27 16:20:00+00:00,126.26,126.30853161,0.017028354189767225,-0.013701884999207992,126.0780297131242,1.0,REFLEXIVE_BASIS_REPAIR,60,0.017028354189767225,0.015428354189767225,0.8593815813361996,108.34913654661703
XRPUSDT,1.0,-2.100953108946513,-2.352679193207287,1.2527742890803562,0.7924463793148637,-0.6776325338511898,-0.0020605484228879423,2026-01-27 17:35:00+00:00,1.8888,1.88990082,0.0030707327403642903,0.005506141465480674,6.192298778217118,1.0,REFLEXIVE_BASIS_REPAIR,60,0.0030707327403642903,0.0014707327403642903,0.7924463793148637,4.90706474643401
SOLUSDT,1.0,5.536601324532,3.64914892073947,1.981766084889716,0.9517714411762546,-0.031795461858807945,-0.0009358914365933391,2026-01-28 12:00:00+00:00,128.1,128.16424399,0.007181889149102116,-0.006557377049180246,40.03936961303652,1.0,REFLEXIVE_BASIS_REPAIR,60,0.007181889149102116,0.0055818891491021165,0.9517714411762546,38.108328520388504
XRPUSDT,-1.0,-2.036501449719722,-1.9171263589336862,3.36205336154812,0.6162751617731059,-0.06985294586232242,-0.0007446016381236209,2026-01-29 02:40:00+00:00,1.8816,1.88235895,-0.004623724489795866,0.003773384353741416,13.12623164413625,1.0,REFLEXIVE_BASIS_REPAIR,60,-0.004623724489795866,-0.006223724489795866,0.6162751617731059,8.08937052996133
SOLUSDT,-1.0,-4.660761768724798,-3.951396575705231,1.0006121558043028,0.9283534497561676,-0.11580995469784085,-0.0012249897917515629,2026-01-29 12:45:00+00:00,122.6,122.67316833,0.0018760195758564802,0.011663947797716068,18.427791871562775,1.0,REFLEXIVE_BASIS_REPAIR,60,0.0018760195758564802,0.0002760195758564801,0.9283534497561676,17.10750415535397
XRPUSDT,-1.0,-5.1125270346325875,-1.669120069971089,3.0503362242353442,0.9567173010568792,-0.5296238643723512,-0.004254390749427239,2026-01-29 14:50:00+00:00,1.8412,1.84209416,-0.026341516402346277,0.016456658700847226,26.02980466252642,1.0,REFLEXIVE_BASIS_REPAIR,60,-0.026341516402346277,-0.027941516402346277,0.9567173010568792,24.903164463770047
XRPUSDT,-1.0,-2.433677521604906,1.5777178534676513,1.9157586465100547,0.36077933474738544,-1.674391494132772,-0.004962917526348143,2026-01-29 16:15:00+00:00,1.8022,1.80351934,0.013317056930418403,-0.004328043502386025,7.355855092412204,0.0,REFLEXIVE_BASIS_REPAIR,60,0.013317056930418403,0.011717056930418402,0.36077933474738544,2.6538405067386424
SOLUSDT,1.0,-2.376852095203714,-1.8571075738280363,2.3749013218552486,0.9170594294124991,-0.20228716753396872,-0.0005158184319118408,2026-01-29 19:40:00+00:00,116.26,116.32006184,-0.0031825219335970267,0.007827283674522567,10.482980743954501,1.0,REFLEXIVE_BASIS_REPAIR,60,-0.0031825219335970267,-0.004782521933597027,0.9170594294124991,9.61351633959313
BTCUSDT,1.0,2.909717434127709,2.646610433423587,2.0395930354441174,0.23189714917994397,1.3184562804962945,0.003395755848413895,2026-01-30 15:40:00+00:00,83120.0,83179.64543478,-0.0015134744947065126,-0.0012548123195380567,15.706678591056654,1.0,INDEX_CONFIRMED_DISCOVERY,120,-0.0012548123195380567,-0.0028548123195380566,1.3184562804962945,20.708569034115335
XRPUSDT,-1.0,-3.4194401864427375,-1.7831106063788136,2.127620268061506,-0.3997652723608083,0.7557278936169404,0.007411267442533842,2026-01-30 18:25:00+00:00,1.7143,1.71654086,0.03785801784985132,-0.024674794376713605,12.97261154009237,1.0,INDEX_CONFIRMED_DISCOVERY,120,-0.024674794376713605,-0.026274794376713605,0.7557278936169404,9.80376439390482
XRPUSDT,-1.0,2.3493138515643452,2.5812555650456575,1.6569042663317823,0.12834486423296432,0.7743012138196887,0.0034726175566435202,2026-01-30 20:30:00+00:00,1.7505,1.75202945,-0.006912310768351859,0.01890888317623529,10.04776480812229,0.75,INDEX_CONFIRMED_DISCOVERY,120,0.01890888317623529,0.01730888317623529,0.5807259103647666,5.834997365327881
ETHUSDT,-1.0,-2.2632640178782713,-2.017966942955855,1.569633517287036,0.46167397186489467,-0.046321644450892985,-0.0007906436679756546,2026-01-31 13:40:00+00:00,2620.19,2620.89395349,-0.035497425759200785,0.03062754991050265,7.168817597973632,1.0,REFLEXIVE_BASIS_REPAIR,60,-0.035497425759200785,-0.03709742575920078,0.46167397186489467,3.3096564940314406
BTCUSDT,-1.0,-10.701212095551119,-3.5418579619391113,1.8132166357826174,0.9879154239610636,-0.23177369325787178,-0.003109903493871302,2026-01-31 16:15:00+00:00,80960.9,80995.9523913,-0.026479448721543175,0.02921163178769015,68.72485109283542,1.0,REFLEXIVE_BASIS_REPAIR,60,-0.026479448721543175,-0.028079448721543176,0.9879154239610636,67.89434040403947
XRPUSDT,-1.0,-3.548995592212822,-2.1546642364165427,2.892797287481652,-2.7757546731639744,1.2522574098316797,0.01830418920618948,2026-01-31 17:15:00+00:00,1.5607,1.56536058,0.008073300442109188,-0.025949894278208374,22.120913867188975,1.0,INDEX_CONFIRMED_DISCOVERY,120,-0.025949894278208374,-0.027549894278208375,1.2522574098316797,27.70107830243575
BTCUSDT,1.0,2.4675137049820446,1.720864889506035,1.7224957293920187,0.975660613648405,-0.21586106481593628,-0.0015745115566339063,2026-01-31 19:15:00+00:00,78186.7,78221.19891304,0.008897932768616612,-0.007219898013344994,7.314160752905287,1.0,REFLEXIVE_BASIS_REPAIR,60,0.008897932768616612,0.007297932768616612,0.975660613648405,7.136138568502652
BTCUSDT,1.0,-3.3350749471140504,-4.663294724681268,1.08064400208241,0.7290932160833137,-1.1307261715563734,-0.0037469518335176977,2026-01-31 21:05:00+00:00,77664.6,77710.11673913,-0.009806269523051636,0.006686444016965165,16.806648201953948,0.75,REFLEXIVE_BASIS_REPAIR,60,-0.009806269523051636,-0.011406269523051637,0.7290932160833137,12.253613189143445
XRPUSDT,1.0,-2.134190939645005,-4.884156508279569,2.4060471769720575,0.48052846068304456,-0.24162519546826458,-0.0033299025246714686,2026-01-31 23:30:00+00:00,1.6462,1.64759717,-0.011480986514396774,0.008322196573927743,25.079968257743243,1.0,REFLEXIVE_BASIS_REPAIR,60,-0.011480986514396774,-0.013080986514396774,0.48052846068304456,12.051638540872979
BTCUSDT,-1.0,9.192661286539765,7.617967587144706,3.0834245466158725,0.781315940750911,-0.7297366237629466,-0.008182381815525108,2026-02-01 23:15:00+00:00,76589.7,76649.23652174,0.011988557208084005,-0.002544728599276569,215.93035774914256,1.0,REFLEXIVE_BASIS_REPAIR,60,0.011988557208084005,0.010388557208084005,0.781315940750911,168.7098306014521
XRPUSDT,1.0,-2.704139351517888,-4.141610460364053,1.8072675017707258,0.8154891784579732,-0.2039390109193366,-0.0006879729814246449,2026-02-02 00:15:00+00:00,1.5978,1.59849078,0.00813618725747911,0.0008136187257479222,20.240477610817383,1.0,REFLEXIVE_BASIS_REPAIR,60,0.00813618725747911,0.006536187257479111,0.8154891784579732,16.50589045844247
ETHUSDT,-1.0,-2.6807533301286344,-1.8162220708647199,1.763251191767813,-0.04559102856246611,0.4635610556021714,0.006109294470684756,2026-02-02 03:20:00+00:00,2215.77,2218.47232558,0.00797916751287353,0.0009703173163280177,8.584993865379912,1.0,INDEX_CONFIRMED_DISCOVERY,120,0.0009703173163280177,-0.0006296826836719824,0.4635610556021714,3.9796688185736784
SOLUSDT,1.0,4.216543013584312,4.217095919199804,2.9674041561195694,0.9000139236974056,-0.22187379413557584,-0.007851321804810185,2026-02-02 06:50:00+00:00,99.83,99.87998261,-0.020234398477411597,0.02113593108284073,52.76509384692199,1.0,REFLEXIVE_BASIS_REPAIR,60,-0.020234398477411597,-0.021834398477411598,0.9000139236974056,47.489319147430095
BTCUSDT,1.0,4.671231829943107,5.066768149509735,1.0913074612708662,0.9743364267895682,-0.414693439895492,-0.0024978644360879043,2026-02-02 08:25:00+00:00,76953.2,76986.83869565,-0.0012579074034608784,0.006501354069746279,25.829118090848972,0.5,REFLEXIVE_BASIS_REPAIR,60,-0.0012579074034608784,-0.0028579074034608782,0.9743364267895682,25.16625062776358
ETHUSDT,-1.0,-3.4536510665084243,-3.305697139557413,2.6796048388166693,0.8010060873590933,-0.7135599788949941,-0.005417232395141358,2026-02-03 18:10:00+00:00,2191.89,2193.49697674,-0.0230303528005511,-0.0008622695481983467,30.592310083907254,0.25,REFLEXIVE_BASIS_REPAIR,60,-0.0230303528005511,-0.024630352800551102,0.8010060873590933,24.504626603586683
BTCUSDT,1.0,-2.262376303464661,-2.1952792052094567,1.1129185645799229,-0.6650479546950709,0.8451879880439725,0.005531316818427001,2026-02-03 20:25:00+00:00,75478.7,75461.8726087,-0.01383436651664649,0.003142608444501427,5.527363085289196,1.0,INDEX_CONFIRMED_DISCOVERY,120,0.003142608444501427,0.0015426084445014268,0.8451879880439725,4.6716608852441
ETHUSDT,1.0,2.060034269520222,1.5088557024526332,1.970743742336626,0.5765165110764909,-0.2730205848708329,-0.002559684061852918,2026-02-04 20:05:00+00:00,2182.17,2182.80883721,0.005824477469674738,-0.035840470724095796,6.125651846163206,0.75,REFLEXIVE_BASIS_REPAIR,60,0.005824477469674738,0.004224477469674738,0.5765165110764909,3.531539430419277
SOLUSDT,1.0,2.022118186564472,1.7653334930134403,1.1236902684717642,0.7808528047030543,-1.0192464593971537,-0.006239737274220003,2026-02-05 03:15:00+00:00,90.78,90.85706851,0.0035250055078211995,0.007160167437761711,4.011251716158071,0.0,REFLEXIVE_BASIS_REPAIR,60,0.0035250055078211995,0.0019250055078211994,0.7808528047030543,3.13219715293197
XRPUSDT,-1.0,2.6288757866520815,1.5680415440433637,1.4940002648654112,0.9376370794436035,-0.21547016278107983,-0.00041838086604850666,2026-02-05 05:30:00+00:00,1.4347,1.43547653,-0.007248902209521235,-0.00815501498571125,6.158547644539221,0.75,REFLEXIVE_BASIS_REPAIR,60,-0.007248902209521235,-0.008848902209521236,0.9376370794436035,5.7744826270400385
BTCUSDT,-1.0,-6.827042863451002,-4.38000031609551,2.6403363975484377,0.9313616419699032,0.09673201567667737,-0.0005028901899268856,2026-02-05 11:30:00+00:00,70030.6,70057.91347826,-0.0061301773796026415,0.011022324526707039,78.95252684660888,1.0,REFLEXIVE_BASIS_REPAIR,60,-0.0061301773796026415,-0.007730177379602641,0.9313616419699032,73.53335504153051
BTCUSDT,1.0,2.46202173772057,1.8663211082593487,1.0695962732344744,0.5090116740558182,-0.5207044586271713,-0.0032232013013514527,2026-02-05 13:40:00+00:00,69364.9,69415.44782609,-0.019052863912439877,-0.026826247857345553,4.914712664311965,0.75,REFLEXIVE_BASIS_REPAIR,60,-0.019052863912439877,-0.020652863912439878,0.5090116740558182,2.5016461207647636
SOLUSDT,1.0,3.5114242864050933,1.6442239770329898,2.1098407759113558,0.48852016979861124,-1.0393462567822145,-0.00933347974085863,2026-02-05 14:45:00+00:00,90.22,90.33445208,0.05375748171137218,-0.06340057636887608,12.181309199959315,0.75,REFLEXIVE_BASIS_REPAIR,60,0.05375748171137218,0.05215748171137218,0.48852016979861124,5.95081523873351
XRPUSDT,1.0,9.732900987003452,7.4823171794042365,1.884289315915883,0.665808073537745,-0.3364695255928489,-0.006580457571352061,2026-02-05 16:30:00+00:00,1.2983,1.29780242,0.01571285527227917,-0.056612493260417396,137.2227141897428,1.0,REFLEXIVE_BASIS_REPAIR,60,0.01571285527227917,0.014112855272279169,0.665808073537745,91.36399098029322
ETHUSDT,1.0,-3.0581842876370726,-1.9670878737000488,1.8338747501216135,0.35826031090189847,-0.21604150380380688,-0.0028761541135048363,2026-02-05 17:30:00+00:00,1979.58,1981.91534884,0.022201679144060793,-0.02184806878226697,11.032071927843981,1.0,REFLEXIVE_BASIS_REPAIR,60,0.022201679144060793,0.020601679144060792,0.35826031090189847,3.952353518761491
SOLUSDT,-1.0,-2.008513268762113,-2.518580964095284,3.2179928649012846,0.21984514976637048,1.5369715036600335,0.012680477087256836,2026-02-05 20:30:00+00:00,78.64,78.73535371,0.01971007121057977,-0.01538657171922675,16.278549276971834,1.0,INDEX_CONFIRMED_DISCOVERY,120,-0.01538657171922675,-0.01698657171922675,1.5369715036600335,25.01966635963135
ETHUSDT,1.0,3.0541349112750944,2.5101062679343573,1.5124918036132649,0.8783460447040015,-0.18944608299426474,-0.005232000000000014,2026-02-05 22:35:00+00:00,1865.19,1866.02209302,-0.002176721942536597,-0.01984784391938621,11.59506948049591,1.0,REFLEXIVE_BASIS_REPAIR,60,-0.002176721942536597,-0.0037767219425365968,0.8783460447040015,10.184483416261664
XRPUSDT,1.0,-3.2727085536846916,-2.3240486776631126,1.0623522959224179,0.8595332361803931,-0.9268939966000551,-0.0068267609027389264,2026-02-05 23:35:00+00:00,1.2366,1.23750318,0.04609412906356136,0.012049167071001232,8.080181433264508,0.5,REFLEXIVE_BASIS_REPAIR,60,0.04609412906356136,0.044494129063561365,0.8595332361803931,6.9451844962585705
XRPUSDT,1.0,-3.8322947259028366,-3.4526373971006947,1.7614582223835573,-0.1960765651930212,0.2579373613223903,0.004304272969165801,2026-02-06 01:55:00+00:00,1.2833,1.28605192,0.019870645990805014,-0.0175329229330633,23.30677689835322,1.0,INDEX_CONFIRMED_DISCOVERY,120,-0.0175329229330633,-0.0191329229330633,0.2579373613223903,6.011688534090874
XRPUSDT,1.0,2.2159867909233166,2.1243249736405363,1.0579518187342285,0.5752996761062328,-0.017218493631789202,-0.0012278413015116563,2026-02-06 09:00:00+00:00,1.3015,1.30270562,-0.020975797157126275,0.04341144832885124,4.980282881770294,0.25,REFLEXIVE_BASIS_REPAIR,60,-0.020975797157126275,-0.022575797157126275,0.5752996761062328,2.8651551287998656
ETHUSDT,1.0,2.8179303999813565,1.8231499887534834,1.3285412228724471,0.6347542467132423,-0.08852069389459435,-0.001656522074119704,2026-02-06 20:40:00+00:00,2073.2,2073.61348837,0.011021609106694918,0.002035500675284796,6.825393521700049,0.75,REFLEXIVE_BASIS_REPAIR,60,0.011021609106694918,0.009421609106694918,0.6347542467132423,4.332447523388159
BTCUSDT,1.0,6.612339529882253,5.548451244514847,2.2093674300886526,0.9898043592561898,-0.47686217230135214,-0.008647084938490868,2026-02-07 12:25:00+00:00,69223.2,69258.07304348,0.0006702955078643491,-0.0031044505310358073,81.05781024220877,1.0,REFLEXIVE_BASIS_REPAIR,60,0.0006702955078643491,-0.000929704492135651,0.9898043592561898,80.23137392949927
BTCUSDT,-1.0,2.0275514254188547,1.5133045201049078,1.9388853348489097,0.8842470571184673,-0.5525993342445186,-0.003409446985399356,2026-02-09 08:40:00+00:00,69808.6,69842.22652174,-0.002842056709345342,0.016341826078735355,5.949087179319372,1.0,REFLEXIVE_BASIS_REPAIR,60,-0.002842056709345342,-0.004442056709345342,0.8842470571184673,5.260462830854358
SOLUSDT,1.0,2.9275395720034023,1.8791156712363595,1.4726983013013124,0.8181844757272042,-0.004045418062554996,-0.0014172670367308404,2026-02-09 14:45:00+00:00,84.55,84.63588945,-0.011709047900650527,0.01714961561206385,8.101586523197588,1.0,REFLEXIVE_BASIS_REPAIR,60,-0.011709047900650527,-0.013309047900650527,0.8181844757272042,6.628592322041001
XRPUSDT,1.0,2.6162634185997704,1.8639079280850823,2.1547666417987545,0.9568001011804712,-0.16207407051013925,-0.002496611741208299,2026-02-11 14:20:00+00:00,1.3984,1.39926917,0.03453947368421051,-0.026029748283752818,10.507663780365782,1.0,REFLEXIVE_BASIS_REPAIR,60,0.03453947368421051,0.03293947368421051,0.9568001011804712,10.053733768224353
SOLUSDT,1.0,3.1302494685130133,2.032148245878948,2.739584130253336,0.8516109035411287,-0.5048457820348383,-0.006626579948459832,2026-02-13 14:40:00+00:00,80.95,80.99749109,-0.032489190858554506,0.043483631871525485,17.426853446566533,1.0,REFLEXIVE_BASIS_REPAIR,60,-0.032489190858554506,-0.034089190858554504,0.8516109035411287,14.840898409509357
XRPUSDT,-1.0,-3.814754167030206,-2.0681260488941597,1.2490129515704755,0.8889595069330406,-0.24529332952152286,-0.0022412656558998822,2026-02-15 00:50:00+00:00,1.5204,1.52121797,-0.0010523546435149411,-0.0012496711391738469,9.85395336626292,0.5,REFLEXIVE_BASIS_REPAIR,60,-0.0010523546435149411,-0.002652354643514941,0.8889595069330406,8.75976552581426
ETHUSDT,-1.0,-2.6240271888877227,-2.0116647594853645,2.7174004555451,0.6163011639128488,-0.5805370779931474,-0.005284160455373277,2026-02-15 13:05:00+00:00,2020.4,2021.06627907,-0.00990397941001786,0.0053058800237576476,14.344241305589058,0.5,REFLEXIVE_BASIS_REPAIR,60,-0.00990397941001786,-0.011503979410017861,0.6163011639128488,8.8403726120813
ETHUSDT,1.0,2.601983106210557,1.6780945232422437,2.4677545768414446,0.6534248705683888,-0.37260276138596443,-0.002769534133641227,2026-02-16 13:10:00+00:00,2012.8,2013.49837209,0.021716017488076278,-0.016126788553259108,10.77513843584835,0.75,REFLEXIVE_BASIS_REPAIR,60,0.021716017488076278,0.020116017488076277,0.6534248705683888,7.040743437800679
BTCUSDT,-1.0,-2.237967449628005,-1.8317815938729625,1.169592474467337,0.985894064094193,-0.32009629845347204,-0.001534611530018104,2026-02-18 17:20:00+00:00,67155.7,67187.75565217,-0.00452977185853165,0.011640113944162533,4.794706433131058,1.0,REFLEXIVE_BASIS_REPAIR,60,-0.00452977185853165,-0.00612977185853165,0.985894064094193,4.7270726114981505
SOLUSDT,1.0,-2.507512444861746,-2.7937641001000766,2.3898258196306226,0.8450682643531383,-0.18159898436080732,0.0,2026-02-20 00:25:00+00:00,83.09,83.13464318,0.0048140570465761146,-0.0024070285232880018,16.741681612276665,0.75,REFLEXIVE_BASIS_REPAIR,60,0.0048140570465761146,0.0032140570465761147,0.8450682643531383,14.147863822439492
SOLUSDT,1.0,2.910773049082791,2.047269710626791,1.93539324102414,0.9157930427603167,-0.4079898910480808,-0.0031884742560227552,2026-02-20 10:15:00+00:00,84.41,84.45859641,0.006515815661651381,-0.007345101291316047,11.5332744357614,0.75,REFLEXIVE_BASIS_REPAIR,60,0.006515815661651381,0.004915815661651381,0.9157930427603167,10.562092488515708
BTCUSDT,-1.0,2.2235116010170723,2.1037250528854172,1.3728015519718808,0.9550523988714077,-0.5656553127675688,-0.001025404774819716,2026-02-20 12:05:00+00:00,67359.5,67393.71086957,-0.0023678916856567644,0.007641089972461157,6.421494872165602,0.5,REFLEXIVE_BASIS_REPAIR,60,-0.0023678916856567644,-0.003967891685656764,0.9550523988714077,6.132864082002202
BTCUSDT,1.0,3.3970853756646657,1.8615306504034395,3.9736862200549767,0.8816421961026251,-0.03262649205577764,-0.0008990350950069947,2026-02-20 15:10:00+00:00,67345.0,67383.02826087,-0.005162966812680914,-0.0008211448511397101,25.128711678193074,1.0,REFLEXIVE_BASIS_REPAIR,60,-0.005162966812680914,-0.0067629668126809135,0.8816421961026251,22.154532549191824
ETHUSDT,-1.0,-2.2504067085042285,-3.1337286434382947,1.414995655845814,0.17674171498989277,0.5912910704194753,0.0031544768911448973,2026-02-20 17:20:00+00:00,1940.3,1942.04325581,0.011163222182136723,-0.013410297376694302,9.978781370295337,1.0,INDEX_CONFIRMED_DISCOVERY,120,-0.013410297376694302,-0.015010297376694303,0.5912910704194753,5.900364317923848
BTCUSDT,1.0,2.7703853211478404,2.2414421733970653,2.131185017928046,0.9651652391634252,-0.05319526206255165,-0.0006506190405712875,2026-02-21 09:30:00+00:00,68198.3,68232.8023913,0.0005249397712260295,-0.0008240674620920707,13.233931151805477,1.0,REFLEXIVE_BASIS_REPAIR,60,0.0005249397712260295,-0.0010750602287739705,0.9651652391634252,12.772930325204637
ETHUSDT,-1.0,-4.019081682983046,-3.5940963977407763,3.5540039740847837,0.37244621492804664,-0.3312268724591006,-0.006596341300574071,2026-02-23 01:15:00+00:00,1884.6,1886.38139535,-0.012469489546853452,0.010511514379709208,51.33747012009501,1.0,REFLEXIVE_BASIS_REPAIR,60,-0.012469489546853452,-0.014069489546853452,0.37244621492804664,19.12044643021108
XRPUSDT,-1.0,2.428265506252641,3.124884984385605,1.5089068990273196,0.9811662930757034,-0.4513917653586854,-0.001098981610374361,2026-02-23 16:10:00+00:00,1.3664,1.36719058,0.00043911007025765336,-0.0012441451990632402,11.449661626778173,1.0,REFLEXIVE_BASIS_REPAIR,60,0.00043911007025765336,-0.0011608899297423467,0.9811662930757034,11.234022055317068
ETHUSDT,-1.0,-3.773645210784757,-3.146991512822083,2.315413792619369,0.7039843332787188,-0.2624816323122992,-0.0020153272354008767,2026-02-23 17:25:00+00:00,1864.49,1865.09976744,-0.0015607485156798884,0.005985551008586887,27.49699622628326,0.75,REFLEXIVE_BASIS_REPAIR,60,-0.0015607485156798884,-0.0031607485156798882,0.7039843332787188,19.357454555527468
SOLUSDT,-1.0,3.648569096974964,4.041476836161167,3.8289453913662834,0.6647940317032277,-1.3259232675847876,-0.011873695198329814,2026-02-24 01:25:00+00:00,77.55,77.62295734,0.0043842682140555755,0.00657640232108303,56.460125843867374,0.5,REFLEXIVE_BASIS_REPAIR,60,0.0043842682140555755,0.0027842682140555757,0.6647940317032277,37.53435469021619
BTCUSDT,-1.0,-3.435311823030597,-1.5599115976592652,2.650062473456076,0.7312799822425597,-0.16542740884779047,-0.0018204735464930621,2026-02-24 05:30:00+00:00,62790.1,62829.34804348,0.006085354219853123,-0.007292550895762195,14.20110908063079,1.0,REFLEXIVE_BASIS_REPAIR,60,0.006085354219853123,0.004485354219853123,0.7312799822425597,10.384986796308338
ETHUSDT,1.0,2.664543912133193,3.540759261858516,1.1109733483638293,0.9609437605947088,-0.02818731500398769,-0.0007055966393908486,2026-02-24 07:15:00+00:00,1826.95,1827.95976744,0.0015545034073183306,-0.00010399846739106433,10.48148753786748,1.0,REFLEXIVE_BASIS_REPAIR,60,0.0015545034073183306,-4.549659268166949e-05,0.9609437605947088,10.072120051264951
XRPUSDT,-1.0,-4.894679957822124,-4.02799298476009,2.051230285235172,0.8850688645285981,0.1768587751408436,-0.00022554695135701408,2026-02-24 12:45:00+00:00,1.3304,1.33135591,0.0,0.0005261575466024571,40.4415158717011,1.0,REFLEXIVE_BASIS_REPAIR,60,0.0,-0.0016,0.8850688645285981,35.79352653238177
ETHUSDT,1.0,-2.180173161016099,-2.298514890353699,2.2354029472930996,-0.22979167608984974,1.7473032014003818,0.006420572104174127,2026-02-24 14:50:00+00:00,1838.67,1838.75651163,-0.002958660336003671,0.0034046348719454222,11.201962893262412,1.0,INDEX_CONFIRMED_DISCOVERY,120,0.0034046348719454222,0.0018046348719454222,1.7473032014003818,19.573225625365694
BTCUSDT,1.0,2.4990441148146005,2.0122790441674905,2.6997673856066524,0.08457462760207912,0.6138031856479094,0.0025558746391327603,2026-02-25 01:25:00+00:00,66016.6,66025.69847826,-0.0006180263751842663,-0.007507202733857965,13.576520312029917,1.0,INDEX_CONFIRMED_DISCOVERY,120,-0.007507202733857965,-0.009107202733857966,0.6138031856479094,8.333311417537512
ETHUSDT,-1.0,-2.7812579507817357,-2.149472861719875,2.3955365705629954,0.4116744171344803,-0.3817050332249179,-0.0028998063398226748,2026-02-25 14:45:00+00:00,1967.89,1968.34674419,0.02748629242488132,-0.03340633876893517,14.321088922312395,0.75,REFLEXIVE_BASIS_REPAIR,60,0.02748629242488132,0.02588629242488132,0.4116744171344803,5.895625934824017
BTCUSDT,1.0,5.614468049720246,4.60723226760656,1.7623395317355168,0.8829059548389586,0.14144886944678076,-0.0003637395333949689,2026-02-25 17:50:00+00:00,68705.5,68732.29717391,-0.008141997365567422,0.004963212552124618,45.58671575874674,0.75,REFLEXIVE_BASIS_REPAIR,60,-0.008141997365567422,-0.009741997365567422,0.8829059548389586,40.24878280494849
BTCUSDT,-1.0,-2.110989356266312,-1.6693155774212913,1.0668583712741886,0.517411436491256,0.010841062618675809,-0.0004503351022968616,2026-02-26 02:10:00+00:00,67980.0,68002.52130435,0.0006810826713739004,-0.006370991468078957,3.759510126553122,1.0,REFLEXIVE_BASIS_REPAIR,60,0.0006810826713739004,-0.0009189173286260996,0.517411436491256,1.9452135350832744
ETHUSDT,1.0,2.201254560971136,1.6608966610219933,1.6723435657270203,0.8696709158335576,-0.05637503895362382,-0.0006797667428977139,2026-02-27 04:25:00+00:00,2058.13,2059.30302326,0.008347383304261657,-0.012652262004829717,6.114182313487373,1.0,REFLEXIVE_BASIS_REPAIR,60,0.008347383304261657,0.0067473833042616576,0.8696709158335576,5.317326532143904
SOLUSDT,1.0,-2.454840925442195,-3.108002002475803,1.1317228486326703,0.6719981263447673,-2.0334752683022126,-0.00697366839004443,2026-02-27 14:45:00+00:00,82.59,82.65779942,-0.0007264802034145923,-0.012713403559752923,8.63464981155071,0.0,REFLEXIVE_BASIS_REPAIR,60,-0.0007264802034145923,-0.002326480203414592,0.6719981263447673,5.802468495005275
SOLUSDT,-1.0,-2.1132191136981513,-2.6660714713217746,1.079796987966281,0.4011177225724686,-0.5711567301307324,-0.002965525763005017,2026-02-27 22:00:00+00:00,81.17,81.19768401,0.002587162744856375,-0.007761488234569347,6.0835688786013264,1.0,REFLEXIVE_BASIS_REPAIR,60,0.002587162744856375,0.000987162744856375,0.4011177225724686,2.4402272936973106
BTCUSDT,-1.0,-2.25911657673849,-2.1684443371401327,2.9580601941207663,0.7216858899676302,-0.738796751442938,-0.004167052359577594,2026-02-28 06:45:00+00:00,64003.7,64029.16195652,0.0003671662731998815,0.006598056049884504,14.490852241363257,0.25,REFLEXIVE_BASIS_REPAIR,60,0.0003671662731998815,-0.0012328337268001186,0.7216858899676302,10.45784359619767
XRPUSDT,1.0,11.057936365338849,10.923043447158902,3.0436322433954275,0.9848137155415485,-1.203154957368982,-0.011117743620355225,2026-02-28 14:05:00+00:00,1.3253,1.3260828,0.003169093790085231,-0.003169093790085231,367.6291361484579,0.0,REFLEXIVE_BASIS_REPAIR,60,0.003169093790085231,0.001569093790085231,0.9848137155415485,362.04621551169265
ETHUSDT,1.0,3.4407422080098495,2.218849905516583,1.875318669940864,0.8420831919944989,-0.45882185865146646,-0.004276495229469268,2026-02-28 19:00:00+00:00,1934.87,1936.11860465,-0.005638621716187675,0.015349868466615346,14.31710261354899,1.0,REFLEXIVE_BASIS_REPAIR,60,-0.005638621716187675,-0.007238621716187675,0.8420831919944989,12.056191468930116
BTCUSDT,1.0,14.778795932903483,11.888607278755357,2.4258136677859383,0.9401257055352155,0.20742815997508526,-0.00019156917429241638,2026-03-01 01:55:00+00:00,67325.7,67369.19956522,-0.00562043914879462,0.0023319475326657457,426.2137655416078,1.0,REFLEXIVE_BASIS_REPAIR,60,-0.00562043914879462,-0.00722043914879462,0.9401257055352155,400.69451703862495
ETHUSDT,1.0,-2.8192042236860146,-2.6263758370779784,3.1522358573564366,0.6709991177101542,-0.3077342437630572,-0.005434297557541101,2026-03-01 14:00:00+00:00,2005.86,2006.54651163,0.003355169353793319,-0.006755207242778671,23.340067972499703,1.0,REFLEXIVE_BASIS_REPAIR,60,0.003355169353793319,0.001755169353793319,0.6709991177101542,15.661165016842329
ETHUSDT,-1.0,3.6268276417185015,2.8446819018372773,1.421223724459972,0.8951505804769513,-0.6527322644742685,-0.002715477199179306,2026-03-01 17:25:00+00:00,1964.46,1965.66697674,0.007594962483328693,0.0018376551316902079,14.663008128394791,1.0,REFLEXIVE_BASIS_REPAIR,60,0.007594962483328693,0.005994962483328693,0.8951505804769513,13.125600237670852
BTCUSDT,1.0,4.430849392389486,3.5097424467821163,1.054251699111072,0.9076626242126636,0.05821815835749975,-0.00030503747603283227,2026-03-02 00:50:00+00:00,66528.9,66557.7826087,0.0010566836367351673,-0.0050008342239237225,16.39481596606902,1.0,REFLEXIVE_BASIS_REPAIR,60,0.0010566836367351673,-0.0005433163632648328,0.9076626242126636,14.880961683245884
BTCUSDT,1.0,2.3543729858392193,2.7788562374068593,3.1254320244170666,0.3903389321509456,-0.01176144320555941,-0.0007821717473717182,2026-03-02 15:20:00+00:00,68345.8,68397.18021739,-0.0156907959230852,0.013276602219887579,20.448026681975122,1.0,REFLEXIVE_BASIS_REPAIR,60,-0.0156907959230852,-0.0172907959230852,0.3903389321509456,7.981660899636213
SOLUSDT,-1.0,2.8615150122136517,1.9153197254189553,1.5637530074560682,0.6895955109058058,-0.48112885675882955,-0.002297002411852489,2026-03-02 18:10:00+00:00,87.27,87.30433125,-0.002062564455139193,-0.0016042167984415823,8.57048635862749,0.75,REFLEXIVE_BASIS_REPAIR,60,-0.002062564455139193,-0.003662564455139193,0.6895955109058058,5.910168919188963
BTCUSDT,1.0,3.2175889521641046,2.9864782332555913,1.3119716377326478,0.8658771184966643,0.11006619322296898,-0.00016075016744809822,2026-03-03 14:10:00+00:00,67174.2,67213.20978261,0.007358479892577874,0.02017887820026143,12.607075752009429,1.0,REFLEXIVE_BASIS_REPAIR,60,0.007358479892577874,0.005758479892577874,0.8658771184966643,10.91617842481909
ETHUSDT,1.0,2.4331387344238404,2.6117094379383397,1.461108801526028,0.8692550209151118,-0.4461209634557995,-0.0039005883938423302,2026-03-03 15:45:00+00:00,1958.7,1959.60534884,-0.005600653494664876,0.008127839893806943,9.284837086067638,1.0,REFLEXIVE_BASIS_REPAIR,60,-0.005600653494664876,-0.0072006534946648755,0.8692550209151118,8.07089125544313
ETHUSDT,1.0,2.8619374893640486,2.4596056716655355,2.964338255524725,0.8497095740609657,-0.7318274387722868,-0.010749931151059267,2026-03-04 14:40:00+00:00,2083.42,2084.70860465,-0.02006796517264875,0.03003715045454114,20.866681546902978,1.0,REFLEXIVE_BASIS_REPAIR,60,-0.02006796517264875,-0.02166796517264875,0.8497095740609657,17.73061908928474
ETHUSDT,1.0,3.222048454463684,2.88163771523117,2.126821746353744,0.835980827997782,-0.9860801947236886,-0.008011689783729903,2026-03-04 19:25:00+00:00,2179.19,2180.58627907,0.00466687163579127,-0.01542775067800417,19.747064244160214,0.0,REFLEXIVE_BASIS_REPAIR,60,0.00466687163579127,0.00306687163579127,0.835980827997782,16.50816711735845
ETHUSDT,-1.0,-5.011350749578634,-3.3479571992994326,1.4009204678060476,0.8608451565661148,-0.14519210742511746,-0.0016104183829721563,2026-03-04 21:05:00+00:00,2151.97,2153.42837209,0.0022955710349121805,0.009777087970557208,23.50434636191821,1.0,REFLEXIVE_BASIS_REPAIR,60,0.0022955710349121805,0.0006955710349121804,0.8608451565661148,20.233602723909673
SOLUSDT,-1.0,-2.4318200020121927,-2.8893847303778695,1.8705150055536022,-0.32781842106253745,0.431408781074655,0.0045449506706572995,2026-03-05 14:45:00+00:00,89.8,89.92275292,-0.00456570155902003,0.011135857461024523,13.14310556393994,1.0,INDEX_CONFIRMED_DISCOVERY,120,0.011135857461024523,0.009535857461024522,0.431408781074655,5.670051150874846
ETHUSDT,-1.0,-3.2179792650635353,-2.686616333721899,2.927317344684769,0.9470430707754202,-0.02553672793393762,-0.000966054336840827,2026-03-06 14:05:00+00:00,2020.47,2021.61418605,-0.01767905487337107,0.01856993669789697,25.30805083821854,1.0,REFLEXIVE_BASIS_REPAIR,60,-0.01767905487337107,-0.01927905487337107,0.9470430707754202,23.967814181166933
ETHUSDT,-1.0,-3.543811909906916,-3.719248952044822,1.2824088269186145,0.8115713511269633,-0.7886002579286928,-0.005810062663503146,2026-03-06 15:15:00+00:00,1983.9,1984.66395349,-0.007560864962951719,0.0058269065981149115,16.902557083729487,0.25,REFLEXIVE_BASIS_REPAIR,60,-0.007560864962951719,-0.00916086496295172,0.8115713511269633,13.717631089942964
BTCUSDT,-1.0,-3.94215770826758,-3.432951849886061,3.4318679223280517,0.46529247144592456,-0.19846149980940983,-0.004046999971092813,2026-03-08 22:10:00+00:00,65993.7,66053.22043478,0.0030048322794449245,-0.00416100324727986,46.44428399486799,1.0,REFLEXIVE_BASIS_REPAIR,60,0.0030048322794449245,0.0014048322794449244,0.46529247144592456,21.610175684508523
ETHUSDT,1.0,6.919299402444703,3.243865686522992,2.1756858662901886,0.8095212144014503,-0.05863578008089413,-0.0014810029073378805,2026-03-09 05:55:00+00:00,2009.17,2009.68139535,0.011741166750449228,-0.013776833219687812,48.83387390584336,0.25,REFLEXIVE_BASIS_REPAIR,60,0.011741166750449228,0.010141166750449227,0.8095212144014503,39.532056908185616
BTCUSDT,1.0,5.177912201283477,3.4310717813850133,2.0871931763214486,0.8534320163163134,-0.8196222094501193,-0.0041296737862106525,2026-03-09 13:40:00+00:00,68703.6,68748.47130435,-0.008720067070721038,0.0009490041278767958,37.08063240459155,0.0,REFLEXIVE_BASIS_REPAIR,60,-0.008720067070721038,-0.010320067070721039,0.8534320163163134,31.645798879334592
BTCUSDT,1.0,2.314757926991829,1.5156716714428906,2.308214856841327,-0.030717602099575414,0.6535258015255332,0.004646629716771988,2026-03-10 15:00:00+00:00,71435.7,71441.22347826,0.0019430060879924715,-0.0029565049408069033,8.098171047903833,1.0,INDEX_CONFIRMED_DISCOVERY,120,-0.0029565049408069033,-0.004556504940806903,0.6535258015255332,5.292363724972219
XRPUSDT,1.0,2.089379282187911,1.7851047000863445,2.3124134313002216,0.9781577347542632,-0.7812721946177782,-0.0025797205302758863,2026-03-11 14:10:00+00:00,1.3919,1.39277227,0.0032329908757812165,-0.0072562684100869745,8.624748916032615,1.0,REFLEXIVE_BASIS_REPAIR,60,0.0032329908757812165,0.0016329908757812164,0.9781577347542632,8.43636486253075
BTCUSDT,-1.0,2.6098658494263005,2.5369059921905555,2.1021333853952457,0.8422433467692987,-0.5752000828875259,-0.001742012356825251,2026-03-11 17:45:00+00:00,70788.5,70820.38847826,-0.004490842439096698,0.0021401781362792027,13.918192166902307,0.75,REFLEXIVE_BASIS_REPAIR,60,-0.004490842439096698,-0.006090842439096698,0.8422433467692987,11.722504751630035
BTCUSDT,1.0,-2.0293567221249313,-1.759837646217673,1.6717322244346222,0.6302172115296918,-0.3057680043918948,-0.0005249164614654633,2026-03-12 13:40:00+00:00,70260.0,70288.90782609,0.010367207514944354,0.0035639054938798598,5.970321416091233,1.0,REFLEXIVE_BASIS_REPAIR,60,0.010367207514944354,0.008767207514944354,0.6302172115296918,3.7625993147850174
SOLUSDT,1.0,2.979522463381235,2.991760922609934,1.7890336431771103,0.9357087090333328,-0.15980742058687347,-0.001611232592933609,2026-03-12 15:45:00+00:00,86.75,86.80042589,-0.00034582132564842105,0.0006916426512968421,15.947479661470377,1.0,REFLEXIVE_BASIS_REPAIR,60,-0.00034582132564842105,-0.0019458213256484211,0.9357087090333328,14.922195606369778
ETHUSDT,1.0,2.416077333522356,1.9989336035652343,2.55171140881673,0.7983369317129612,-0.003863830211418209,-0.0006057371965906277,2026-03-12 23:10:00+00:00,2078.85,2080.14813953,0.0009091565047982808,0.02352743103158006,12.323689718177397,1.0,REFLEXIVE_BASIS_REPAIR,60,0.0009091565047982808,-0.0006908434952017193,0.7983369317129612,9.83845663699231
XRPUSDT,1.0,6.28870046624361,2.2830711906520826,3.203222842337076,0.5323986407312056,-0.28881239951213433,-0.003589779686070327,2026-03-13 00:40:00+00:00,1.4156,1.41578597,0.007064142413111041,-0.009607233681831029,45.99043487835948,1.0,REFLEXIVE_BASIS_REPAIR,60,0.007064142413111041,0.005464142413111041,0.5323986407312056,24.485245015875616
XRPUSDT,1.0,3.4668443305015946,1.7836543521402266,1.962351410319001,0.8365961950112552,0.005202175023168627,-0.0004927148588724783,2026-03-13 05:40:00+00:00,1.42,1.42074617,0.004225352112676051,-0.005211267605633729,12.13449818052287,0.75,REFLEXIVE_BASIS_REPAIR,60,0.004225352112676051,0.002625352112676051,0.8365961950112552,10.151675006196433
ETHUSDT,1.0,2.2729667254101655,1.5115946428042535,4.289950681345632,0.8296986708708696,-0.17338768309623379,-0.00399654057990817,2026-03-13 13:25:00+00:00,2188.12,2189.09302326,-0.005561852183609606,-0.015081439774783822,14.739431106730006,1.0,REFLEXIVE_BASIS_REPAIR,60,-0.005561852183609606,-0.007161852183609606,0.8296986708708696,12.229286398646636
XRPUSDT,1.0,2.1084665314032343,1.5509291903866225,2.8913221171981234,0.09968143855816092,0.45570709418942557,0.0034727045422975333,2026-03-15 22:40:00+00:00,1.4448,1.44514019,0.001315060908084198,0.001107419712070845,9.454861251599366,1.0,INDEX_CONFIRMED_DISCOVERY,120,0.001107419712070845,-0.000492580287929155,0.45570709418942557,4.308647346930543
SOLUSDT,-1.0,2.480910919120781,1.5333056228541209,2.360488428401287,0.13352829558272705,0.4673287738005246,0.0017158176943699033,2026-03-16 03:50:00+00:00,93.09,93.10157758,0.005371146202599597,-0.009990331936835295,8.979285381559173,1.0,INDEX_CONFIRMED_DISCOVERY,120,-0.009990331936835295,-0.011590331936835296,0.4673287738005246,4.196278426969024
BTCUSDT,-1.0,-13.266429566206499,-10.241557698351608,2.101809983961842,0.9877702003106934,-0.14797163902990904,-0.0024536375038768377,2026-03-16 08:50:00+00:00,73050.2,73089.99934783,0.0028281921199395654,-0.004993826163378179,285.570618629073,0.5,REFLEXIVE_BASIS_REPAIR,60,0.0028281921199395654,0.0012281921199395654,0.9877702003106934,282.07814716608806
XRPUSDT,1.0,5.152785237117721,2.9079894638821826,2.406008872294874,0.888685243471261,-0.15569163606025543,-0.001765513633688709,2026-03-16 20:05:00+00:00,1.5266,1.52756389,-0.003602777413860947,0.003799292545526134,36.05222684576318,0.75,REFLEXIVE_BASIS_REPAIR,60,-0.003602777413860947,-0.005202777413860947,0.888685243471261,32.03908199210818
ETHUSDT,1.0,4.831586961613593,4.077886760326377,2.278883769213118,0.9186072925492759,-0.33799892049807084,-0.0019788419363241383,2026-03-16 22:15:00+00:00,2375.47,2376.47069767,0.015563235906999373,-0.0039023856331589224,44.90008234415465,1.0,REFLEXIVE_BASIS_REPAIR,60,0.015563235906999373,0.013963235906999372,0.9186072925492759,41.24554307740345
XRPUSDT,-1.0,3.0789160490989986,2.73474802310313,1.5611485669777774,0.7856532419504655,-1.1350957290434833,-0.004976711542142631,2026-03-17 02:35:00+00:00,1.5751,1.57575153,-0.0152371278014094,0.026157069392419463,13.144963944958285,0.0,REFLEXIVE_BASIS_REPAIR,60,-0.0152371278014094,-0.0168371278014094,0.7856532419504655,10.327383538678456
XRPUSDT,-1.0,2.71642528081266,3.3220812763821885,2.455588797144732,0.8980109896525024,-0.12606140430206098,-0.00013097576948273293,2026-03-17 04:45:00+00:00,1.5272,1.52793485,-0.008970665269774636,0.008250392875851165,22.159688974507525,1.0,REFLEXIVE_BASIS_REPAIR,60,-0.008970665269774636,-0.010570665269774637,0.8980109896525024,19.899644226389146
XRPUSDT,1.0,10.002260118724692,8.185061472434635,1.687500789037502,0.9824331574833204,-0.07901922443748943,-0.0020932818734872294,2026-03-17 17:30:00+00:00,1.5255,1.52636191,-0.0008521796132414661,0.004523107177974328,138.15419436318612,0.75,REFLEXIVE_BASIS_REPAIR,60,-0.0008521796132414661,-0.002452179613241466,0.9824331574833204,135.7272613877893
ETHUSDT,-1.0,2.049857119329609,1.8279298696345259,2.357067863154702,-0.21203539794566062,1.1194498621491165,0.008556545997428278,2026-03-18 11:35:00+00:00,2274.52,2276.4855814,-0.014213988006260614,0.018487417125371608,8.83192163203166,1.0,INDEX_CONFIRMED_DISCOVERY,120,0.018487417125371608,0.016887417125371607,1.1194498621491165,9.886893453489641
SOLUSDT,-1.0,2.1246508400447284,2.1393460607833235,1.3048667124145241,0.8655825412543956,-0.47781716099681,-0.0012177571128086928,2026-03-18 13:40:00+00:00,90.44,90.48448281,-0.01138876603272887,0.013379035824856222,5.931093403259129,0.5,REFLEXIVE_BASIS_REPAIR,60,-0.01138876603272887,-0.01298876603272887,0.8655825412543956,5.133850900410218
ETHUSDT,-1.0,-2.269901008534815,-1.6291423680324313,1.8588851706171667,0.7654645735879791,-0.0472711137636413,-0.0008523012132757302,2026-03-18 18:25:00+00:00,2195.93,2196.82604651,-0.0027414352916531604,0.010901986857504542,6.874142311860789,1.0,REFLEXIVE_BASIS_REPAIR,60,-0.0027414352916531604,-0.00434143529165316,0.7654645735879791,5.261912413531604
BTCUSDT,-1.0,-2.5089422400165278,-4.507120562974559,2.353520716925501,0.624122838862468,-0.2833996905561376,-0.0019666324253480028,2026-03-18 20:15:00+00:00,70716.3,70743.70847826,0.007476352693791988,-0.003531010530811063,26.613859766277475,0.75,REFLEXIVE_BASIS_REPAIR,60,0.007476352693791988,0.005876352693791988,0.624122838862468,16.610317710416716
BTCUSDT,1.0,2.9055334445443415,2.095424337293685,1.780786730011613,0.5533101951787271,-0.11923880102874575,-0.0012286231453589869,2026-03-19 03:25:00+00:00,71455.6,71505.19195652,0.00999361841479196,-0.009382049832343586,10.842009245069189,1.0,REFLEXIVE_BASIS_REPAIR,60,0.00999361841479196,0.00839361841479196,0.5533101951787271,5.9989942515187975
BTCUSDT,-1.0,-2.606829006290218,-2.3484594242857626,2.778507530545121,-0.3922326999206094,0.4151841044713,0.0021089384676095113,2026-03-19 07:20:00+00:00,69792.9,69863.77695652,0.004599321707508874,-0.004140822347258766,17.010112423578363,1.0,INDEX_CONFIRMED_DISCOVERY,120,-0.004140822347258766,-0.005740822347258766,0.4151841044713,7.062328293539517
BTCUSDT,1.0,2.959217790021969,2.385426971335504,1.2255513076549933,0.9998281094924419,0.08089130276727828,-0.00014141434547509935,2026-03-19 13:25:00+00:00,69290.1,69325.5776087,-0.00042574624657776283,-0.0010088021232471656,8.651164144304051,1.0,REFLEXIVE_BASIS_REPAIR,60,-0.00042574624657776283,-0.0020257462465777627,0.9998281094924419,8.649677091308318
SOLUSDT,1.0,2.9696372127578874,3.770841346027069,2.18989640703388,0.7581857585952715,0.023296285208933013,-0.00022177866489259124,2026-03-20 08:15:00+00:00,90.16,90.19698829,0.009871339840283988,-0.016082519964507602,24.5225273809803,1.0,REFLEXIVE_BASIS_REPAIR,60,0.009871339840283988,0.008271339840283987,0.7581857585952715,18.592631025021866
SOLUSDT,-1.0,-2.2318038941126153,-1.70546454120692,1.0558557200460226,0.7175791039418209,-0.11505761857688916,-0.0008037662188540295,2026-03-22 08:25:00+00:00,87.16,87.21935527,0.0017209729233593762,-0.002753556677375091,4.018863931614915,1.0,REFLEXIVE_BASIS_REPAIR,60,0.0017209729233593762,0.00012097292335937616,0.7175791039418209,2.883852778912334
SOLUSDT,-1.0,-2.884289565255467,-2.1824914941045757,1.7831434747440436,0.8968375591951911,-0.5784256954362672,-0.003631252196321988,2026-03-22 21:25:00+00:00,85.68,85.73367583,0.007236227824463093,-0.009570494864612478,11.22477662488074,1.0,REFLEXIVE_BASIS_REPAIR,60,0.007236227824463093,0.005636227824463093,0.8968375591951911,10.066801270769279
XRPUSDT,1.0,-4.598355266606222,-6.104437922184563,1.4978212305618182,0.716617715228036,-1.4017695146167932,-0.0031008869979086695,2026-03-23 02:15:00+00:00,1.3824,1.38285024,0.0005063657407408106,-0.0020254629629630205,42.04440253014625,0.5,REFLEXIVE_BASIS_REPAIR,60,0.0005063657407408106,-0.0010936342592591894,0.716617715228036,30.12976367928126
XRPUSDT,1.0,6.3879387383724175,5.439291195693627,4.985108348961703,0.884712701581334,-0.06917332596216055,-0.003909249563699868,2026-03-23 11:15:00+00:00,1.4269,1.42750854,0.010932791365898087,-0.003013525825215524,173.2118714849623,1.0,REFLEXIVE_BASIS_REPAIR,60,0.010932791365898087,0.009332791365898086,0.884712701581334,153.24274276741983
BTCUSDT,1.0,2.0955078590177973,2.033531119364834,2.2075080875888022,-0.8823818398609393,0.3696274282866595,0.0011181010003840086,2026-03-23 13:45:00+00:00,71182.2,71257.5726087,-0.0022730401701549496,-0.007664837557703863,9.406811039610174,1.0,INDEX_CONFIRMED_DISCOVERY,120,-0.007664837557703863,-0.009264837557703864,0.3696274282866595,3.4770153729496664
BTCUSDT,-1.0,2.8848354300318544,2.0002522857286644,2.2160360974847726,0.734228207543291,-0.687838407667656,-0.00150187841773608,2026-03-23 16:05:00+00:00,70217.5,70261.08630435,0.005369031936482971,-0.012969701285292068,12.787411733802774,1.0,REFLEXIVE_BASIS_REPAIR,60,0.005369031936482971,0.003769031936482971,0.734228207543291,9.388878396428057
BTCUSDT,-1.0,-3.74453622159677,-4.3320454274881195,2.222851637397402,0.9405187347003022,-1.0825929494743212,-0.003870439411244986,2026-03-24 14:55:00+00:00,69873.9,69907.48913043,0.0028064842523460864,0.0055070634385655515,36.057990096308465,0.25,REFLEXIVE_BASIS_REPAIR,60,0.0028064842523460864,0.0012064842523460864,0.9405187347003022,33.91321522121606
ETHUSDT,1.0,-2.9724116501582434,-2.2282667902547266,2.2715463488696757,0.9967199266358001,-0.12493953864177006,-1.8403496664376462e-05,2026-03-25 05:15:00+00:00,2173.46,2174.58325581,0.004214478297277058,-0.0011870473806741,15.045192372053327,1.0,REFLEXIVE_BASIS_REPAIR,60,0.004214478297277058,0.002614478297277058,0.9967199266358001,14.995843037294492
BTCUSDT,-1.0,-2.627534919288558,-1.9340322274799624,1.7710358341861632,0.992554728216122,0.09757649946353097,-8.366254782243843e-05,2026-03-26 05:15:00+00:00,70527.3,70562.58586957,-0.006879605486102558,0.007354598857463701,8.999938703667516,1.0,REFLEXIVE_BASIS_REPAIR,60,-0.006879605486102558,-0.008479605486102559,0.992554728216122,8.932931713980468
SOLUSDT,-1.0,-2.9984811161102054,-1.664373176262521,1.476483503950163,0.6761884348683691,0.12726046692728146,-0.0,2026-03-26 10:45:00+00:00,87.76,87.82840103,-0.001937101185050194,0.0031905195989061497,7.368526082557737,1.0,REFLEXIVE_BASIS_REPAIR,60,-0.001937101185050194,-0.003537101185050194,0.6761884348683691,4.982512119051471
XRPUSDT,-1.0,-2.799968421745718,-1.6370382454933632,1.7772255961929735,0.5706955859526996,-0.2043650582460757,-0.0011912739185466759,2026-03-26 20:05:00+00:00,1.3447,1.34570452,0.011080538410054297,-0.015914330333903548,8.1461896878059,1.0,REFLEXIVE_BASIS_REPAIR,60,0.011080538410054297,0.009480538410054296,0.5706955859526996,4.648994497164228
ETHUSDT,1.0,3.4945405653065857,1.605260427465154,1.7326791144650446,0.830563880774189,-0.057163442941762344,-0.0008379094160071432,2026-03-27 15:40:00+00:00,2003.31,2004.13046512,0.010926915954095895,-0.010193130369238856,9.719719377516718,1.0,REFLEXIVE_BASIS_REPAIR,60,0.010926915954095895,0.009326915954095894,0.830563880774189,8.07284784622637
XRPUSDT,-1.0,-4.870730806047325,-3.4735086825151305,3.924348069540205,0.6641593746409875,-0.7794356485268561,-0.005771450557906732,2026-03-29 22:55:00+00:00,1.307,1.30812334,0.015990818668706996,-0.017750573833205996,66.39418384685428,1.0,REFLEXIVE_BASIS_REPAIR,60,0.015990818668706996,0.014390818668706996,0.6641593746409875,44.09631962352549
BTCUSDT,1.0,5.587913866807345,5.192636632639306,2.6324635359625113,0.7489531193183856,-0.22135759398126742,-0.0045638816321708076,2026-03-30 00:25:00+00:00,66567.7,66614.92086957,0.0018432362842639716,0.002137673376126914,76.38357839874121,1.0,REFLEXIVE_BASIS_REPAIR,60,0.0018432362842639716,0.0002432362842639715,0.7489531193183856,57.20771930643768
SOLUSDT,1.0,2.394149121455568,1.789221579279897,2.4892704971263973,0.534174241847529,-0.20774151839130608,-0.0014172670367308404,2026-03-30 08:45:00+00:00,84.55,84.58429549,0.004139562389118834,-0.009225310467179226,10.663196602917989,0.75,REFLEXIVE_BASIS_REPAIR,60,0.004139562389118834,0.002539562389118834,0.534174241847529,5.6960049610348635
XRPUSDT,-1.0,2.1070008759728283,2.516018654676113,2.4694232739317417,0.9715770428817685,-0.8687843417670548,-0.002353119781387747,2026-03-31 06:10:00+00:00,1.3205,1.32131012,0.0014388489208632116,-0.0008330177962894147,13.091038797042074,1.0,REFLEXIVE_BASIS_REPAIR,60,0.0014388489208632116,-0.0001611510791367885,0.9715770428817685,12.718952762680642
BTCUSDT,-1.0,-2.888377664467819,-1.5138704633837776,2.8146899052766563,0.9159188266038915,0.08688369495160997,-3.0050830980510312e-05,2026-03-31 15:00:00+00:00,66555.9,66587.44782609,0.0021650973091793535,-0.01617737871473479,12.307596488462297,1.0,REFLEXIVE_BASIS_REPAIR,60,0.0021650973091793535,0.0005650973091793534,0.9159188266038915,11.272759334026562
ETHUSDT,1.0,-2.2783257006687356,-2.4903263126432247,1.437968536433498,0.994719392673329,-0.3440464513443011,-0.0016019622849591242,2026-04-01 03:15:00+00:00,2100.3,2101.40930233,-0.0002666285768699872,0.005970575632052499,8.158709129189456,1.0,REFLEXIVE_BASIS_REPAIR,60,-0.0002666285768699872,-0.0018666285768699873,0.994719392673329,8.11562618998568
BTCUSDT,1.0,2.6800893006849265,1.563068360879198,2.05272785583094,0.9707873929250769,-0.6100852826797805,-0.0025381737868512833,2026-04-01 06:50:00+00:00,69008.0,69042.83,0.003922733596104733,-0.004457454208207867,8.59921115211859,0.75,REFLEXIVE_BASIS_REPAIR,60,0.003922733596104733,0.002322733596104733,0.9707873929250769,8.348005775577453
SOLUSDT,1.0,6.900965491923124,7.727618237432785,2.078835125040086,0.8671510253310337,-0.4969857292148731,-0.005866858237547845,2026-04-01 12:50:00+00:00,83.03,83.07043373,0.006142358183789054,0.0036131518728170775,110.86017524279046,1.0,REFLEXIVE_BASIS_REPAIR,60,0.006142358183789054,0.004542358183789054,0.8671510253310337,96.13251463016383
SOLUSDT,1.0,4.008630659116214,3.5957975768700408,1.0388505139594053,0.8890787825333143,-0.12493820067471459,-0.0014347202295552641,2026-04-01 15:30:00+00:00,83.52,83.56973476,-0.009458812260536575,0.013888888888889062,14.974224437295716,1.0,REFLEXIVE_BASIS_REPAIR,60,-0.009458812260536575,-0.011058812260536576,0.8890787825333143,13.313265232091478
ETHUSDT,-1.0,-3.7666437782366495,-1.8741242331604262,1.812618199476374,0.9528722344839468,-0.4742302397897047,-0.005253735260484005,2026-04-02 01:10:00+00:00,2144.93,2146.12860465,-0.026229294196080888,0.033409015678833254,12.795558957062655,1.0,REFLEXIVE_BASIS_REPAIR,60,-0.026229294196080888,-0.02782929419608089,0.9528722344839468,12.192532854887371
XRPUSDT,1.0,-2.5793787275139755,-1.8772569685022826,1.7399993153394722,-0.3475824795858271,2.6282591420814536,0.006593747575828202,2026-04-02 14:40:00+00:00,1.2976,1.29912457,-0.0006935881627618823,0.005625770653514106,8.425349326466403,1.0,INDEX_CONFIRMED_DISCOVERY,120,0.005625770653514106,0.004025770653514106,2.6282591420814536,22.14400139251514
XRPUSDT,1.0,2.8552742168959666,3.1811301461904584,1.9174957638598364,0.9428026236753811,-0.5276922802635601,-0.002799424982976473,2026-04-02 20:45:00+00:00,1.318,1.31881711,0.0033383915022761057,-0.0021244309559940167,17.416611888981667,1.0,REFLEXIVE_BASIS_REPAIR,60,0.0033383915022761057,0.0017383915022761056,0.9428026236753811,16.42042738446775
SOLUSDT,-1.0,-3.288600184388902,-2.1168217398894584,1.2449326524322717,0.9174939740245928,-0.613281654206193,-0.0031843077314992474,2026-04-05 13:35:00+00:00,78.76,78.81300563,0.006602336211274817,-0.01333164042661239,8.666449721292487,1.0,REFLEXIVE_BASIS_REPAIR,60,0.006602336211274817,0.0050023362112748175,0.9174939740245928,7.951415395472968
ETHUSDT,1.0,2.8695809108899497,2.1053567858377495,2.877439759713207,0.9597727557632724,-0.09682434427928814,-0.0014174963713061706,2026-04-05 15:35:00+00:00,2057.05,2058.0672093,0.00019445322184685754,-0.001370895214020118,17.384028262270185,1.0,REFLEXIVE_BASIS_REPAIR,60,0.00019445322184685754,-0.0014055467781531425,0.9597727557632724,16.684716711545665
SOLUSDT,1.0,2.3939232269878983,1.7644343118246077,1.9258897224648859,0.6888383695124283,-0.40772844743530023,-0.0020749420236787497,2026-04-05 23:40:00+00:00,81.76,81.79770299,-0.010640900195694636,0.0014677103718199191,8.134804658789225,0.75,REFLEXIVE_BASIS_REPAIR,60,-0.010640900195694636,-0.012240900195694637,0.6888383695124283,5.603565577462475
BTCUSDT,-1.0,-2.141479227730298,-4.928839656387993,2.2509023432062785,0.638346048095366,-0.26722820908233474,-0.0012940070845079976,2026-04-06 14:10:00+00:00,69254.5,69281.60282609,0.005589528478293859,-0.008601607115783061,23.75829165670579,0.75,REFLEXIVE_BASIS_REPAIR,60,0.005589528478293859,0.003989528478293859,0.638346048095366,15.166011588555246
ETHUSDT,1.0,3.4843458023080767,2.1484793601140177,2.333550303147194,0.97456660911585,-0.25842957942485606,-0.0022296282388284405,2026-04-07 09:15:00+00:00,2125.65,2126.71209302,0.004412767859243161,-0.017787500294027647,17.46906267190274,1.0,REFLEXIVE_BASIS_REPAIR,60,0.004412767859243161,0.002812767859243161,0.97456660911585,17.024765172588523
ETHUSDT,1.0,2.279799679895293,2.6692516176510748,1.0515399419743754,0.9865024273488836,-0.45775231649399867,-0.0014965135404360064,2026-04-07 22:20:00+00:00,2155.12,2156.23395349,-0.034689483648242536,0.04056850662608125,6.398998032382764,1.0,REFLEXIVE_BASIS_REPAIR,60,-0.034689483648242536,-0.03628948364824253,0.9865024273488836,6.312627091546327
ETHUSDT,1.0,5.436231056171172,2.5250883434207054,2.752509697594869,0.9727738464112595,-0.7870041545776488,-0.007511675037448318,2026-04-07 23:35:00+00:00,2252.75,2253.95302326,0.008398623904117275,-0.008500721340583772,37.78360062593118,1.0,REFLEXIVE_BASIS_REPAIR,60,0.008398623904117275,0.006798623904117275,0.9727738464112595,36.75489851215394
BTCUSDT,-1.0,-3.312821369096127,-2.8607895089929376,2.6100592350912084,0.23462134058402584,0.31802290548530954,0.001413396039424697,2026-04-08 13:45:00+00:00,71640.7,71698.13065217,-0.008204833286106994,0.006743373529292551,24.73627424047986,1.0,INDEX_CONFIRMED_DISCOVERY,120,0.006743373529292551,0.005143373529292551,0.31802290548530954,7.866701804838824
ETHUSDT,-1.0,2.5083072979134187,2.0473543808767287,1.0200972360505058,0.5385987471408509,-0.5342139179440105,-0.0011254186421756351,2026-04-08 16:40:00+00:00,2215.0,2215.71162791,0.007015801354401718,0.001092550790067759,5.238601159091498,1.0,REFLEXIVE_BASIS_REPAIR,60,0.007015801354401718,0.0054158013544017185,0.5385987471408509,2.82150402105729
BTCUSDT,-1.0,-2.384278323795413,-1.8739407072715228,1.1588628009233655,0.9776095902601571,-2.922940381426721,-0.005762286294645369,2026-04-09 15:15:00+00:00,71300.5,71335.01304348,0.011746060686811388,-0.0160181204900387,5.1777946006107625,0.0,REFLEXIVE_BASIS_REPAIR,60,0.011746060686811388,0.010146060686811387,0.9776095902601571,5.061861657954341
ETHUSDT,-1.0,4.022537153385273,3.50080402370221,1.9677528999931786,0.8227184055432553,-0.8637441655606684,-0.0020250192263060462,2026-04-09 16:45:00+00:00,2201.96,2202.80325581,0.008133662736834468,-0.0010354411524278184,27.71012115753184,0.5,REFLEXIVE_BASIS_REPAIR,60,0.008133662736834468,0.006533662736834468,0.8227184055432553,22.79762669613502
SOLUSDT,-1.0,3.072462679360854,2.2524978540941727,2.6029450611381217,0.7363802627936351,-0.2574326201907306,-0.000831353919239719,2026-04-09 18:10:00+00:00,84.27,84.30331976,-0.0023733238400379664,0.00011866619200173734,18.01424246985449,1.0,REFLEXIVE_BASIS_REPAIR,60,-0.0023733238400379664,-0.003973323840037966,0.7363802627936351,13.265332603979711
BTCUSDT,-1.0,-6.999462521440692,-4.676244249212282,2.2529634127474716,0.7774543990876883,0.024235526549995886,-0.0009939862447809755,2026-04-09 21:15:00+00:00,72306.2,72326.6426087,0.0022722809385640197,0.0073451515914263465,73.74218786233735,1.0,REFLEXIVE_BASIS_REPAIR,60,0.0022722809385640197,0.0006722809385640196,0.7774543990876883,57.33118835192491
ETHUSDT,1.0,-2.394708140108421,-2.1573920771634945,2.7771427859144246,0.7714607421425466,-0.23361145226253174,-0.0009815389993680368,2026-04-09 22:25:00+00:00,2229.0,2229.90116279,0.016191117092866802,-0.020412741139524404,14.347620449920377,1.0,REFLEXIVE_BASIS_REPAIR,60,0.016191117092866802,0.014591117092866802,0.7714607421425466,11.068625920275153
SOLUSDT,1.0,2.2696566194098153,1.6923924076641543,1.9572078240898432,0.9898263923367127,-0.2885825229469354,-0.0017642907551163045,2026-04-10 14:30:00+00:00,84.87,84.91667996,0.0008247908566042517,-0.0036526452221044003,7.517928110693839,1.0,REFLEXIVE_BASIS_REPAIR,60,0.0008247908566042517,-0.0007752091433957484,0.9898263923367127,7.4414436596548414
SOLUSDT,1.0,2.491851204937553,1.7152555408274393,1.4946518250567429,0.6893794502676966,-1.5779827749348847,-0.007955077211043604,2026-04-10 15:30:00+00:00,84.8,84.83271017,0.002830188679245227,-0.0018867924528301883,6.388383415381329,0.0,REFLEXIVE_BASIS_REPAIR,60,0.002830188679245227,0.0012301886792452268,0.6893794502676966,4.40402024699485
XRPUSDT,1.0,3.2857464056962686,4.105051108304354,3.000093478619827,0.7484536532807866,-0.24814794177964605,-0.0019033674963397917,2026-04-11 18:45:00+00:00,1.3634,1.36396135,-0.005941029778494977,-0.0023470734927386605,40.46573162722484,1.0,REFLEXIVE_BASIS_REPAIR,60,-0.005941029778494977,-0.007541029778494977,0.7484536532807866,30.286724669076303
XRPUSDT,-1.0,-2.505692127916531,-2.2810244374523125,2.795364386903794,0.9009747112262244,-0.5728975610378093,-0.0030154542027893694,2026-04-12 01:55:00+00:00,1.3305,1.3311588,0.001653513716647792,-7.515971439309155e-05,15.97703087908152,1.0,REFLEXIVE_BASIS_REPAIR,60,0.001653513716647792,5.351371664779193e-05,0.9009747112262244,14.394900782532943
ETHUSDT,-1.0,-2.224464978792594,-1.9753425152764381,2.72426723646193,0.9772373430492923,-0.26803514848436927,-0.0020400821497366106,2026-04-12 11:00:00+00:00,2200.47,2201.54372093,0.001199743691120636,0.003217494444368696,11.97064884952271,1.0,REFLEXIVE_BASIS_REPAIR,60,0.001199743691120636,-0.000400256308879364,0.9772373430492923,11.698165076283642
BTCUSDT,1.0,9.823108432105515,6.7010089475158345,2.955673117151514,0.7007989548835113,-0.13299624644526148,-0.0020854489302472023,2026-04-13 13:55:00+00:00,71442.0,71448.06695652,-0.007796534251560683,0.0035091402816269657,194.55640706035624,1.0,REFLEXIVE_BASIS_REPAIR,60,-0.007796534251560683,-0.009396534251560684,0.7007989548835113,136.34492673378864
ETHUSDT,1.0,6.378852330908442,3.50928785096738,2.1638644905211817,0.8919711805731578,0.09400135648195297,-0.0005272165060608014,2026-04-14 08:40:00+00:00,2388.65,2389.52930233,-0.0008456659619451301,-0.00495677474724221,48.43860211925791,1.0,REFLEXIVE_BASIS_REPAIR,60,-0.0008456659619451301,-0.00244566596194513,0.8919711805731578,43.205837117627944
SOLUSDT,1.0,2.1903244450158796,2.893932267557535,1.3095260050629858,0.9336522601719787,-0.09530522749478236,-0.0008352225271448521,2026-04-15 12:45:00+00:00,83.74,83.78534709,0.006090279436350543,0.0014330069262002976,8.300627781799328,1.0,REFLEXIVE_BASIS_REPAIR,60,0.006090279436350543,0.004490279436350543,0.9336522601719787,7.7498998893232605
XRPUSDT,-1.0,2.122247175626304,1.911414614059247,1.5655640210909267,0.7113186163192453,-0.7439055896986078,-0.0014687522949254905,2026-04-15 13:50:00+00:00,1.3637,1.36431551,0.00799296032851804,-0.010999486690621119,6.350701474827418,1.0,REFLEXIVE_BASIS_REPAIR,60,0.00799296032851804,0.00639296032851804,0.7113186163192453,4.51737218573083
BTCUSDT,-1.0,-6.678449258346158,-5.2059913188999065,3.6624446247132023,0.8508629406289215,-0.2792006319042128,-0.005152784629683493,2026-04-16 14:00:00+00:00,73755.9,73785.11869565,0.002455396788596076,-0.01225122329196715,127.33568742436589,1.0,REFLEXIVE_BASIS_REPAIR,60,0.002455396788596076,0.0008553967885960758,0.8508629406289215,108.34521744890114
ETHUSDT,-1.0,-2.0011174043941806,-1.7190551658228825,1.1856511532639435,0.8297714513944495,-0.29408062974218246,-0.0014452113891285645,2026-04-16 15:35:00+00:00,2321.35,2322.37162791,-1.7231352445801207e-05,0.0001335429814547373,4.078676973110043,1.0,REFLEXIVE_BASIS_REPAIR,60,-1.7231352445801207e-05,-0.0016172313524458013,0.8297714513944495,3.3843697117466407
SOLUSDT,1.0,3.3931356170045217,1.992702871293092,3.2222184147231694,0.7678524963763838,-0.23677279037712057,-0.0025137111517367083,2026-04-16 18:25:00+00:00,87.3,87.33005303,-0.02142038946162672,0.02714776632302418,21.787065534893085,0.25,REFLEXIVE_BASIS_REPAIR,60,-0.02142038946162672,-0.02302038946162672,0.7678524963763838,16.729252659683528
BTCUSDT,-1.0,-9.315730006538065,-8.24076051046014,2.978100291942706,0.9832860630867506,0.08770270136984175,-0.0007926944428926497,2026-04-17 10:35:00+00:00,75246.2,75288.59869565,0.00350050899580312,-0.00681762002599462,228.62488777481306,1.0,REFLEXIVE_BASIS_REPAIR,60,0.00350050899580312,0.0019005089958031198,0.9832860630867506,224.80366582374612
SOLUSDT,1.0,3.0558278900574236,2.4492179375134357,1.8420829578350375,0.4574692102035197,-0.15818482812492896,-0.001002338790511259,2026-04-17 13:50:00+00:00,89.7,89.71535398,-0.005351170568561825,-0.0013377926421405117,13.786864473029393,1.0,REFLEXIVE_BASIS_REPAIR,60,-0.005351170568561825,-0.006951170568561825,0.4574692102035197,6.307066001659721
SOLUSDT,1.0,2.4617525780713727,3.0809037937821127,1.4677031329843266,0.5940846757686309,-0.07752915126287013,-0.0011713716762329351,2026-04-19 11:15:00+00:00,85.27,85.33068685,-0.004221883429107454,0.010789257652163764,11.131681189292026,1.0,REFLEXIVE_BASIS_REPAIR,60,-0.004221883429107454,-0.0058218834291074535,0.5940846757686309,6.613161210100321
ETHUSDT,-1.0,-2.3215631526444933,-2.156352807649232,2.0183664607116065,0.7464537767907997,-0.12502817624436013,-0.0011830319418624224,2026-04-19 17:00:00+00:00,2310.36,2311.30627907,-0.006648314548382106,0.006734881144064064,10.104162953030029,1.0,REFLEXIVE_BASIS_REPAIR,60,-0.006648314548382106,-0.008248314548382107,0.7464537767907997,7.542290597598945
XRPUSDT,-1.0,3.042114023398592,2.6586973810852617,1.73882859780677,0.8611683793704812,-0.37272444315351994,-0.0005673356499540372,2026-04-19 20:50:00+00:00,1.4109,1.41152163,0.0015592883974768768,0.007867318732723838,14.06375104942174,1.0,REFLEXIVE_BASIS_REPAIR,60,0.0015592883974768768,-4.0711602523123324e-05,0.8611683793704812,12.111257699100424
BTCUSDT,1.0,2.2511384287533067,2.391205677827242,1.9188645996496385,0.6993599067404084,-0.4738108147517191,-0.002237296364224761,2026-04-19 22:15:00+00:00,73986.1,74019.53782609,-2.432889421100093e-05,0.0001162380501200655,10.329123399150852,0.5,REFLEXIVE_BASIS_REPAIR,60,-2.432889421100093e-05,-0.001624328894211001,0.6993599067404084,7.22377477714031
SOLUSDT,1.0,-2.560715635361003,-3.3002321896691047,1.7904126671414498,0.9222396476065411,-0.36136518954146224,-0.0005919261276192689,2026-04-20 06:50:00+00:00,84.42,84.46736693,-0.003553660270078085,0.0033167495854062867,15.1306989733737,1.0,REFLEXIVE_BASIS_REPAIR,60,-0.003553660270078085,-0.005153660270078085,0.9222396476065411,13.954130489244815
BTCUSDT,1.0,4.390759149513603,4.266472300064136,2.2768256736650847,0.7992556917073564,-0.4388511843856442,-0.0023339673482326573,2026-04-20 15:35:00+00:00,75531.3,75563.52326087,0.002376498219943235,0.0010498958709832529,42.65189439463869,0.75,REFLEXIVE_BASIS_REPAIR,60,0.002376498219943235,0.0007764982199432349,0.7992556917073564,34.08976935701607
BTCUSDT,1.0,2.4842723541527234,1.7905391984242345,1.3241055549810905,0.6767802369021338,0.09064708377513903,-0.0002308048400823104,2026-04-20 18:15:00+00:00,76237.3,76288.77913043,-0.0008158735946839357,0.0007227433290526442,5.889869155583669,1.0,REFLEXIVE_BASIS_REPAIR,60,-0.0008158735946839357,-0.0024158735946839356,0.6767802369021338,3.9861470424384864
XRPUSDT,-1.0,-2.56960138223823,-2.8895129244030167,2.121763272281732,0.6494425805061935,-0.3033428883956321,-0.0020541153137838553,2026-04-21 19:50:00+00:00,1.4147,1.41523741,0.007210009189227318,-0.0050187318866190544,15.753872491652247,1.0,REFLEXIVE_BASIS_REPAIR,60,0.007210009189227318,0.005610009189227318,0.6494425805061935,10.231235603944173
ETHUSDT,1.0,3.0238664298615276,2.1129081576268915,1.865037201468506,0.8166873449763075,-0.21904860610080684,-0.0014781840424084036,2026-04-22 02:35:00+00:00,2350.76,2351.82302326,-0.0035052493661622552,0.003513757252973315,11.916006253919866,1.0,REFLEXIVE_BASIS_REPAIR,60,-0.0035052493661622552,-0.005105249366162255,0.8166873449763075,9.73165151023489
ETHUSDT,1.0,2.2854069433091757,2.405296320847241,3.050772168895876,0.3577942038135078,-0.37432800572269675,-0.002726931717124126,2026-04-23 00:25:00+00:00,2366.16,2368.01046512,0.002392061399060008,-0.003938871420360313,16.77034145765857,1.0,REFLEXIVE_BASIS_REPAIR,60,0.002392061399060008,0.0007920613990600081,0.3577942038135078,6.00033096952361
BTCUSDT,-1.0,3.2597304139589176,2.9218227634748115,1.2851913896085767,0.8463555130214113,-0.2068838491660717,-8.334476652560596e-05,2026-04-26 21:40:00+00:00,77995.8,78033.01347826,0.0016475246102996,-0.005220793940186486,12.240618428775525,1.0,REFLEXIVE_BASIS_REPAIR,60,0.0016475246102996,4.752461029959988e-05,0.8463555130214113,10.359914889985651
BTCUSDT,-1.0,-3.9085610244488778,-3.6204892252697007,2.2271175943838437,0.8603156165893491,0.00441869583888232,-0.00045512926828328304,2026-04-27 05:35:00+00:00,77815.5,77862.99021739,-0.0032127275414280954,0.0031921660851629285,31.51572521547957,1.0,REFLEXIVE_BASIS_REPAIR,60,-0.0032127275414280954,-0.004812727541428095,0.8603156165893491,27.113470571015803
XRPUSDT,1.0,2.7055290327483146,3.0212618009998145,2.133072864815115,0.9323893005540699,0.07298470225534015,-7.097735822270135e-05,2026-04-27 14:45:00+00:00,1.4088,1.40959268,0.013628620102214772,-0.016609880749574146,17.435975473313828,1.0,REFLEXIVE_BASIS_REPAIR,60,0.013628620102214772,0.012028620102214772,0.9323893005540699,16.257116976040997
ETHUSDT,1.0,3.481986137970734,2.5302932202346287,1.2008697709587597,0.9345051447918611,-0.29746503233573157,-0.0016600511522323336,2026-04-29 01:55:00+00:00,2291.3,2292.45372093,0.0017806485401302696,0.0081656701435866,10.580198171423044,1.0,REFLEXIVE_BASIS_REPAIR,60,0.0017806485401302696,0.00018064854013026955,0.9345051447918611,9.887249624112275
SOLUSDT,1.0,2.0867233606621225,2.555502675938873,1.971696842517594,0.9560024592277327,0.08714707919845766,0.0,2026-04-29 03:25:00+00:00,84.49,84.53631014,-0.00130192922239325,0.0039057876671795277,10.514324078717188,1.0,REFLEXIVE_BASIS_REPAIR,60,-0.00130192922239325,-0.00290192922239325,0.9560024592277327,10.051719676370997
SOLUSDT,-1.0,-5.352919626832685,-2.739235489655128,1.3813595227852968,0.7487711042650653,-0.13724211624708985,-0.0014238253440912452,2026-04-29 12:20:00+00:00,84.4,84.43049642,-0.003436018957346021,0.007464454976303436,20.254746789555888,1.0,REFLEXIVE_BASIS_REPAIR,60,-0.003436018957346021,-0.005036018957346021,0.7487711042650653,15.16616912022505
SOLUSDT,1.0,3.2375760185987588,3.2955415161109776,1.3426154924563096,0.9609283286356838,-0.930956267324527,-0.00444124354819353,2026-04-29 18:05:00+00:00,82.94,82.9895955,0.008801543284301938,-0.006993006993006978,14.325124852207173,0.25,REFLEXIVE_BASIS_REPAIR,60,0.008801543284301938,0.007201543284301938,0.9609283286356838,13.765418281728936
ETHUSDT,1.0,2.2823402622019633,1.7712086296388636,1.5998653277990604,0.836770358708035,-0.39330950229406314,-0.0013648428879721175,2026-04-29 21:55:00+00:00,2253.59,2254.70767442,-0.0013844576875119419,-0.0002706792273661218,6.467456816619199,0.75,REFLEXIVE_BASIS_REPAIR,60,-0.0013844576875119419,-0.0029844576875119417,0.836770358708035,5.411776160371173
XRPUSDT,1.0,-2.5774393471486414,-4.855894876730563,1.4875163488482823,0.6653324668023657,-0.27044446528697347,-0.00021842009464867473,2026-04-30 11:15:00+00:00,1.3732,1.37409661,0.0018205651034081116,-0.0034954849985434633,18.617419218341777,1.0,REFLEXIVE_BASIS_REPAIR,60,0.0018205651034081116,0.00022056510340811154,0.6653324668023657,12.386773454033104
