ts_ns,nav
1708905660000000000,100000.0
1708905720000000000,100000.0
1708905780000000000,100000.0
1708905840000000000,100000.0
1708905900000000000,100000.0
1708905960000000000,100000.0
1708906020000000000,100000.0
1708906080000000000,100000.0
1708906140000000000,100000.0
1708906200000000000,100000.0
1708906260000000000,100000.0
1708906320000000000,100000.0
1708906380000000000,100000.0
1708906440000000000,100000.0
1708906500000000000,100000.0
1708906560000000000,100000.0
1708906620000000000,100000.0
1708906680000000000,100000.0
1708906740000000000,100000.0
1708906800000000000,100000.0
1708906860000000000,100000.0
1708906920000000000,100000.0
1708906980000000000,100000.0
1708907040000000000,100000.0
1708907100000000000,100000.0
1708907160000000000,100000.0
1708907220000000000,100000.0
1708907280000000000,100000.0
1708907340000000000,100000.0
1708907400000000000,100000.0
1708907460000000000,100000.0
1708907520000000000,100000.0
1708907580000000000,100000.0
1708907640000000000,100000.0
1708907700000000000,100000.0
1708907760000000000,100000.0
1708907820000000000,100000.0
1708907880000000000,100000.0
1708907940000000000,100000.0
1708908000000000000,100000.0
1708908060000000000,100000.0
1708908120000000000,100000.0
1708908180000000000,100000.0
1708908240000000000,100000.0
1708908300000000000,100000.0
1708908360000000000,100000.0
1708908420000000000,100000.0
1708908480000000000,100000.0
1708908540000000000,100000.0
1708908600000000000,100000.0
1708908660000000000,100000.0
1708908720000000000,100000.0
1708908780000000000,100000.0
1708908840000000000,100000.0
1708908900000000000,100000.0
1708908960000000000,100000.0
1708909020000000000,100000.0
1708909080000000000,100000.0
1708909140000000000,100000.0
1708909200000000000,100000.0
1708909260000000000,100000.0
1708909320000000000,100000.0
1708909380000000000,100000.0
1708909440000000000,100000.0
1708909500000000000,100000.0
1708909560000000000,100000.0
1708909620000000000,100000.0
1708909680000000000,100000.0
1708909740000000000,100000.0
1708909800000000000,100000.0
1708909860000000000,100000.0
1708909920000000000,100000.0
1708909980000000000,100000.0
1708910040000000000,100000.0
1708910100000000000,100000.0
1708910160000000000,100000.0
1708910220000000000,100000.0
1708910280000000000,100000.0
1708910340000000000,100000.0
1708910400000000000,100000.0
1708910460000000000,100000.0
1708910520000000000,100000.0
1708910580000000000,100000.0
1708910640000000000,100000.0
1708910700000000000,100000.0
1708910760000000000,100000.0
1708910820000000000,100000.0
1708910880000000000,100000.0
1708910940000000000,100000.0
1708911000000000000,100000.0
1708911060000000000,100000.0
1708911120000000000,100000.0
1708911180000000000,100000.0
1708911240000000000,100000.0
1708911300000000000,100000.0
1708911360000000000,100000.0
1708911420000000000,100000.0
1708911480000000000,100000.0
1708911540000000000,100000.0
1708911600000000000,100000.0
1708911660000000000,100000.0
1708911720000000000,100000.0
1708911780000000000,100000.0
1708911840000000000,100000.0
1708911900000000000,100000.0
1708911960000000000,100000.0
1708912020000000000,100000.0
1708912080000000000,100000.0
1708912140000000000,100000.0
1708912200000000000,100000.0
1708912260000000000,100000.0
1708912320000000000,100000.0
1708912380000000000,100000.0
1708912440000000000,100000.0
1708912500000000000,100000.0
1708912560000000000,100000.0
1708912620000000000,100000.0
1708912680000000000,100000.0
1708912740000000000,100000.0
1708912800000000000,100000.0
1708912860000000000,100000.0
1708912920000000000,100000.0
1708912980000000000,100000.0
1708913040000000000,100000.0
1708913100000000000,100000.0
1708913160000000000,100000.0
1708913220000000000,100000.0
1708913280000000000,100000.0
1708913340000000000,100000.0
1708913400000000000,100000.0
1708913460000000000,100000.0
1708913520000000000,100000.0
1708913580000000000,100000.0
1708913640000000000,97979.6054909
1708913700000000000,97979.6054909
1708913760000000000,97979.6054909
1708913820000000000,97979.6054909
1708913880000000000,97979.6054909
1708913940000000000,97979.6054909
1708914000000000000,97979.6054909
1708914060000000000,97979.6054909
1708914120000000000,97979.6054909
1708914180000000000,97979.6054909
1708914240000000000,97979.6054909
1708914300000000000,97979.6054909
1708914360000000000,97979.6054909
1708914420000000000,97979.6054909
1708914480000000000,97979.6054909
1708914540000000000,97979.6054909
1708914600000000000,97979.6054909
1708914660000000000,97979.6054909
1708914720000000000,97979.6054909
1708914780000000000,97979.6054909
1708914840000000000,97979.6054909
1708914900000000000,97979.6054909
1708914960000000000,97979.6054909
1708915020000000000,97979.6054909
1708915080000000000,97979.6054909
1708915140000000000,97979.6054909
1708915200000000000,97979.6054909
1708915260000000000,97979.6054909
1708915320000000000,97979.6054909
1708915380000000000,97979.6054909
1708915440000000000,97979.6054909
1708915500000000000,97979.6054909
1708915560000000000,97979.6054909
1708915620000000000,97979.6054909
1708915680000000000,97979.6054909
1708915740000000000,97979.6054909
1708915800000000000,97979.6054909
1708915860000000000,97979.6054909
1708915920000000000,97979.6054909
1708915980000000000,97979.6054909
1708916040000000000,97979.6054909
1708916100000000000,97979.6054909
1708916160000000000,97979.6054909
1708916220000000000,97979.6054909
1708916280000000000,97979.6054909
1708916340000000000,97979.6054909
1708916400000000000,97979.6054909
1708916460000000000,97979.6054909
1708916520000000000,97979.6054909
1708916580000000000,97979.6054909
1708916640000000000,97979.6054909
1708916700000000000,97979.6054909
1708916760000000000,97979.6054909
1708916820000000000,97979.6054909
1708916880000000000,97979.6054909
1708916940000000000,97979.6054909
1708917000000000000,97979.6054909
1708917060000000000,97979.6054909
1708917120000000000,97979.6054909
1708917180000000000,97979.6054909
1708917240000000000,97979.6054909
1708917300000000000,97979.6054909
1708917360000000000,97979.6054909
1708917420000000000,97979.6054909
1708917480000000000,97979.6054909
1708917540000000000,97979.6054909
1708917600000000000,97979.6054909
1708917660000000000,97979.6054909
1708917720000000000,97979.6054909
1708917780000000000,97979.6054909
1708917840000000000,97979.6054909
1708917900000000000,97979.6054909
1708917960000000000,97979.6054909
1708918020000000000,97979.6054909
1708918080000000000,97979.6054909
1708918140000000000,97979.6054909
1708918200000000000,97979.6054909
1708918260000000000,97979.6054909
1708918320000000000,97979.6054909
1708918380000000000,97979.6054909
1708918440000000000,97979.6054909
1708918500000000000,97979.6054909
1708918560000000000,97979.6054909
1708918620000000000,97979.6054909
1708918680000000000,97979.6054909
1708918740000000000,97979.6054909
1708918800000000000,97979.6054909
1708918860000000000,97979.6054909
1708918920000000000,97979.6054909
1708918980000000000,97979.6054909
1708919040000000000,97979.6054909
1708919100000000000,97979.6054909
1708919160000000000,97979.6054909
1708919220000000000,97979.6054909
1708919280000000000,97979.6054909
1708919340000000000,97979.6054909
1708919400000000000,97979.6054909
1708919460000000000,97979.6054909
1708919520000000000,97979.6054909
1708919580000000000,97979.6054909
1708919640000000000,97979.6054909
1708919700000000000,97979.6054909
1708919760000000000,97979.6054909
1708919820000000000,97979.6054909
1708919880000000000,97979.6054909
1708919940000000000,97979.6054909
1708920000000000000,97979.6054909
1708920060000000000,97979.6054909
1708920120000000000,97979.6054909
1708920180000000000,97979.6054909
1708920240000000000,97979.6054909
1708920300000000000,97979.6054909
1708920360000000000,97979.6054909
1708920420000000000,97979.6054909
1708920480000000000,97979.6054909
1708920540000000000,97979.6054909
1708920600000000000,97979.6054909
1708920660000000000,97979.6054909
1708920720000000000,97979.6054909
1708920780000000000,97979.6054909
1708920840000000000,97979.6054909
1708920900000000000,97979.6054909
1708920960000000000,97979.6054909
1708921020000000000,97979.6054909
1708921080000000000,97979.6054909
1708921140000000000,97979.6054909
1708921200000000000,97979.6054909
1708921260000000000,97979.6054909
1708921320000000000,97979.6054909
1708921380000000000,97979.6054909
1708921440000000000,97979.6054909
1708921500000000000,97979.6054909
1708921560000000000,97979.6054909
1708921620000000000,97979.6054909
1708921680000000000,97979.6054909
1708921740000000000,97979.6054909
1708921800000000000,97979.6054909
1708921860000000000,97979.6054909
1708921920000000000,97979.6054909
1708921980000000000,97979.6054909
1708922040000000000,97979.6054909
1708922100000000000,97979.6054909
1708922160000000000,97979.6054909
1708922220000000000,97979.6054909
1708922280000000000,97979.6054909
1708922340000000000,97979.6054909
1708922400000000000,97979.6054909
1708922460000000000,97979.6054909
1708922520000000000,97979.6054909
1708922580000000000,97979.6054909
1708922640000000000,97979.6054909
1708922700000000000,97979.6054909
1708922760000000000,97979.6054909
1708922820000000000,97979.6054909
1708922880000000000,97979.6054909
1708922940000000000,97979.6054909
1708923000000000000,97979.6054909
1708923060000000000,97979.6054909
1708923120000000000,97979.6054909
1708923180000000000,97979.6054909
1708923240000000000,97979.6054909
1708923300000000000,97979.6054909
1708923360000000000,97979.6054909
1708923420000000000,97979.6054909
1708923480000000000,97979.6054909
1708923540000000000,97979.6054909
1708923600000000000,97979.6054909
1708923660000000000,97979.6054909
1708923720000000000,97979.6054909
1708923780000000000,97979.6054909
1708923840000000000,97979.6054909
1708923900000000000,97979.6054909
1708923960000000000,97979.6054909
1708924020000000000,97979.6054909
1708924080000000000,97979.6054909
1708924140000000000,97979.6054909
1708924200000000000,97979.6054909
1708924260000000000,97979.6054909
1708924320000000000,97979.6054909
1708924380000000000,97979.6054909
1708924440000000000,97979.6054909
1708924500000000000,97979.6054909
1708924560000000000,97979.6054909
1708924620000000000,97979.6054909
1708924680000000000,97979.6054909
1708924740000000000,97979.6054909
1708924800000000000,97979.6054909
1708924860000000000,97979.6054909
1708924920000000000,97979.6054909
1708924980000000000,97979.6054909
1708925040000000000,97979.6054909
1708925100000000000,97979.6054909
1708925160000000000,97979.6054909
1708925220000000000,97979.6054909
1708925280000000000,97979.6054909
1708925340000000000,97979.6054909
1708925400000000000,97979.6054909
1708925460000000000,97979.6054909
1708925520000000000,97979.6054909
1708925580000000000,97979.6054909
1708925640000000000,97979.6054909
1708925700000000000,97979.6054909
1708925760000000000,97979.6054909
1708925820000000000,97979.6054909
1708925880000000000,97979.6054909
1708925940000000000,97979.6054909
1708926000000000000,97979.6054909
1708926060000000000,97979.6054909
1708926120000000000,97979.6054909
1708926180000000000,97979.6054909
1708926240000000000,97979.6054909
1708926300000000000,97979.6054909
1708926360000000000,97979.6054909
1708926420000000000,97979.6054909
1708926480000000000,97979.6054909
1708926540000000000,97979.6054909
1708926600000000000,97979.6054909
1708926660000000000,97979.6054909
1708926720000000000,97979.6054909
1708926780000000000,97979.6054909
1708926840000000000,97979.6054909
1708926900000000000,97979.6054909
1708926960000000000,97979.6054909
1708927020000000000,97979.6054909
1708927080000000000,97979.6054909
1708927140000000000,97979.6054909
1708927200000000000,97979.6054909
1708927260000000000,97979.6054909
1708927320000000000,97979.6054909
1708927380000000000,97979.6054909
1708927440000000000,97979.6054909
1708927500000000000,97979.6054909
1708927560000000000,97979.6054909
1708927620000000000,97979.6054909
1708927680000000000,97979.6054909
1708927740000000000,95435.08298348
1708927800000000000,95435.08298348
1708927860000000000,95435.08298348
1708927920000000000,95435.08298348
1708927980000000000,95435.08298348
1708928040000000000,95435.08298348
1708928100000000000,95435.08298348
1708928160000000000,95435.08298348
1708928220000000000,95435.08298348
1708928280000000000,95435.08298348
1708928340000000000,95435.08298348
1708928400000000000,95435.08298348
1708928460000000000,95435.08298348
1708928520000000000,95435.08298348
1708928580000000000,95435.08298348
1708928640000000000,95435.08298348
1708928700000000000,95435.08298348
1708928760000000000,95435.08298348
1708928820000000000,95435.08298348
1708928880000000000,95435.08298348
1708928940000000000,95435.08298348
1708929000000000000,95435.08298348
1708929060000000000,95435.08298348
1708929120000000000,95435.08298348
1708929180000000000,95435.08298348
1708929240000000000,95435.08298348
1708929300000000000,95435.08298348
1708929360000000000,95435.08298348
1708929420000000000,95435.08298348
1708929480000000000,95435.08298348
1708929540000000000,95435.08298348
1708929600000000000,95435.08298348
1708929660000000000,95435.08298348
1708929720000000000,95435.08298348
1708929780000000000,95435.08298348
1708929840000000000,95435.08298348
1708929900000000000,95435.08298348
1708929960000000000,95435.08298348
1708930020000000000,95435.08298348
1708930080000000000,95435.08298348
1708930140000000000,95435.08298348
1708930200000000000,95435.08298348
1708930260000000000,95435.08298348
1708930320000000000,95435.08298348
1708930380000000000,95435.08298348
1708930440000000000,95435.08298348
1708930500000000000,95435.08298348
1708930560000000000,95435.08298348
1708930620000000000,95435.08298348
1708930680000000000,95435.08298348
1708930740000000000,95435.08298348
1708930800000000000,95435.08298348
1708930860000000000,95435.08298348
1708930920000000000,95435.08298348
1708930980000000000,95435.08298348
1708931040000000000,95435.08298348
1708931100000000000,95435.08298348
1708931160000000000,95435.08298348
1708931220000000000,95435.08298348
1708931280000000000,95435.08298348
1708931340000000000,95435.08298348
1708931400000000000,95435.08298348
1708931460000000000,95435.08298348
1708931520000000000,95435.08298348
1708931580000000000,95435.08298348
1708931640000000000,95435.08298348
1708931700000000000,95435.08298348
1708931760000000000,95435.08298348
1708931820000000000,95435.08298348
1708931880000000000,95435.08298348
1708931940000000000,95435.08298348
1708932000000000000,95435.08298348
1708932060000000000,95435.08298348
1708932120000000000,95435.08298348
1708932180000000000,95435.08298348
1708932240000000000,95435.08298348
1708932300000000000,95435.08298348
1708932360000000000,95435.08298348
1708932420000000000,95435.08298348
1708932480000000000,95435.08298348
1708932540000000000,95435.08298348
1708932600000000000,95435.08298348
1708932660000000000,95435.08298348
1708932720000000000,95435.08298348
1708932780000000000,95435.08298348
1708932840000000000,95435.08298348
1708932900000000000,95435.08298348
1708932960000000000,95435.08298348
1708933020000000000,95435.08298348
1708933080000000000,95435.08298348
1708933140000000000,95435.08298348
1708933200000000000,95435.08298348
1708933260000000000,95435.08298348
1708933320000000000,95435.08298348
1708933380000000000,95435.08298348
1708933440000000000,95435.08298348
1708933500000000000,95435.08298348
1708933560000000000,95435.08298348
1708933620000000000,95435.08298348
1708933680000000000,95435.08298348
1708933740000000000,95435.08298348
1708933800000000000,95435.08298348
1708933860000000000,95435.08298348
1708933920000000000,95435.08298348
1708933980000000000,95435.08298348
1708934040000000000,95435.08298348
1708934100000000000,95435.08298348
1708934160000000000,95435.08298348
1708934220000000000,95435.08298348
1708934280000000000,95435.08298348
1708934340000000000,95435.08298348
1708934400000000000,95435.08298348
1708934460000000000,95435.08298348
1708934520000000000,95435.08298348
1708934580000000000,95435.08298348
1708934640000000000,95435.08298348
1708934700000000000,95435.08298348
1708934760000000000,95435.08298348
1708934820000000000,95435.08298348
1708934880000000000,95435.08298348
1708934940000000000,95435.08298348
1708935000000000000,95435.08298348
1708935060000000000,95435.08298348
1708935120000000000,95435.08298348
1708935180000000000,95435.08298348
1708935240000000000,95435.08298348
1708935300000000000,95435.08298348
1708935360000000000,95435.08298348
1708935420000000000,95435.08298348
1708935480000000000,95435.08298348
1708935540000000000,95435.08298348
1708935600000000000,95435.08298348
1708935660000000000,95435.08298348
1708935720000000000,95435.08298348
1708935780000000000,95435.08298348
1708935840000000000,93310.32385406
1708935900000000000,93310.32385406
1708935960000000000,93310.32385406
1708936020000000000,93310.32385406
1708936080000000000,93310.32385406
1708936140000000000,93310.32385406
1708936200000000000,93310.32385406
1708936260000000000,93310.32385406
1708936320000000000,93310.32385406
1708936380000000000,93310.32385406
1708936440000000000,93310.32385406
1708936500000000000,93310.32385406
1708936560000000000,93310.32385406
1708936620000000000,93310.32385406
1708936680000000000,93310.32385406
1708936740000000000,93310.32385406
1708936800000000000,93310.32385406
1708936860000000000,93310.32385406
1708936920000000000,93310.32385406
1708936980000000000,93310.32385406
1708937040000000000,93310.32385406
1708937100000000000,93310.32385406
1708937160000000000,93310.32385406
1708937220000000000,93310.32385406
1708937280000000000,93310.32385406
1708937340000000000,93310.32385406
1708937400000000000,93310.32385406
1708937460000000000,93310.32385406
1708937520000000000,93310.32385406
1708937580000000000,93310.32385406
1708937640000000000,93310.32385406
1708937700000000000,93310.32385406
1708937760000000000,93310.32385406
1708937820000000000,93310.32385406
1708937880000000000,93310.32385406
1708937940000000000,93310.32385406
1708938000000000000,93310.32385406
1708938060000000000,93310.32385406
1708938120000000000,93310.32385406
1708938180000000000,93310.32385406
1708938240000000000,93310.32385406
1708938300000000000,93310.32385406
1708938360000000000,93310.32385406
1708938420000000000,93310.32385406
1708938480000000000,93310.32385406
1708938540000000000,93310.32385406
1708938600000000000,93310.32385406
1708938660000000000,93310.32385406
1708938720000000000,93310.32385406
1708938780000000000,93310.32385406
1708938840000000000,93310.32385406
1708938900000000000,93310.32385406
1708938960000000000,93310.32385406
1708939020000000000,93310.32385406
1708939080000000000,93310.32385406
1708939140000000000,93310.32385406
1708939200000000000,93310.32385406
1708939260000000000,93310.32385406
1708939320000000000,93310.32385406
1708939380000000000,93310.32385406
1708939440000000000,93310.32385406
1708939500000000000,93310.32385406
1708939560000000000,93310.32385406
1708939620000000000,93310.32385406
1708939680000000000,93310.32385406
1708939740000000000,93310.32385406
1708939800000000000,93310.32385406
1708939860000000000,93310.32385406
1708939920000000000,93310.32385406
1708939980000000000,93310.32385406
1708940040000000000,93310.32385406
1708940100000000000,93310.32385406
1708940160000000000,93310.32385406
1708940220000000000,93310.32385406
1708940280000000000,93310.32385406
1708940340000000000,93310.32385406
1708940400000000000,93310.32385406
1708940460000000000,93310.32385406
1708940520000000000,93310.32385406
1708940580000000000,93310.32385406
1708940640000000000,93310.32385406
1708940700000000000,93310.32385406
1708940760000000000,93310.32385406
1708940820000000000,93310.32385406
1708940880000000000,93310.32385406
1708940940000000000,93310.32385406
1708941000000000000,93310.32385406
1708941060000000000,93310.32385406
1708941120000000000,93310.32385406
1708941180000000000,93310.32385406
1708941240000000000,93310.32385406
1708941300000000000,93310.32385406
1708941360000000000,93310.32385406
1708941420000000000,93310.32385406
1708941480000000000,93310.32385406
1708941540000000000,93310.32385406
1708941600000000000,93310.32385406
1708941660000000000,93310.32385406
1708941720000000000,93310.32385406
1708941780000000000,93310.32385406
1708941840000000000,93310.32385406
1708941900000000000,93310.32385406
1708941960000000000,92266.29693011
1708942020000000000,90512.36536646
1708942080000000000,90512.36536646
1708942140000000000,90512.36536646
1708942200000000000,90512.36536646
1708942260000000000,90512.36536646
1708942320000000000,90512.36536646
1708942380000000000,89704.9136048
1708942440000000000,90368.6341048
1708942500000000000,90721.8684048
1708942560000000000,90053.6481048
1708942620000000000,90665.6209048
1708942680000000000,90692.6197048
1708942740000000000,91282.0935048
1708942800000000000,90838.8632048
1708942860000000000,91417.0875048
1708942920000000000,91941.3142048
1708942980000000000,92530.7880048
1708943040000000000,92524.0383048
1708943100000000000,92872.7728048
1708943160000000000,92305.7980048
1708943220000000000,91464.3354048
1708943280000000000,91552.0815048
1708943340000000000,92357.5457048
1708943400000000000,92323.7972048
1708943460000000000,91660.0767048
1708943520000000000,91842.3186048
1708943580000000000,92094.3074048
1708943640000000000,92690.5309048
1708943700000000000,91671.3262048
1708943760000000000,91462.0855048
1708943820000000000,91412.5877048
1708943880000000000,92011.0611048
1708943940000000000,92305.7980048
1708944000000000000,93124.7616048
1708944060000000000,91651.0771048
1708944120000000000,92434.0423048
1708944180000000000,91536.54993948
1708944240000000000,91536.54993948
1708944300000000000,91536.54993948
1708944360000000000,91536.54993948
1708944420000000000,91536.54993948
1708944480000000000,91536.54993948
1708944540000000000,91536.54993948
1708944600000000000,91536.54993948
1708944660000000000,91536.54993948
1708944720000000000,91536.54993948
1708944780000000000,91536.54993948
1708944840000000000,91536.54993948
1708944900000000000,91536.54993948
1708944960000000000,91536.54993948
1708945020000000000,91536.54993948
1708945080000000000,91536.54993948
1708945140000000000,91536.54993948
1708945200000000000,91536.54993948
1708945260000000000,91536.54993948
1708945320000000000,91536.54993948
1708945380000000000,91536.54993948
1708945440000000000,91536.54993948
1708945500000000000,91536.54993948
1708945560000000000,91536.54993948
1708945620000000000,91536.54993948
1708945680000000000,91536.54993948
1708945740000000000,91536.54993948
1708945800000000000,91536.54993948
1708945860000000000,91536.54993948
1708945920000000000,91536.54993948
1708945980000000000,91536.54993948
1708946040000000000,91536.54993948
1708946100000000000,91536.54993948
1708946160000000000,91536.54993948
1708946220000000000,91536.54993948
1708946280000000000,91536.54993948
1708946340000000000,91536.54993948
1708946400000000000,91536.54993948
1708946460000000000,91536.54993948
1708946520000000000,91536.54993948
1708946580000000000,91536.54993948
1708946640000000000,91536.54993948
1708946700000000000,91536.54993948
1708946760000000000,91536.54993948
1708946820000000000,91536.54993948
1708946880000000000,91536.54993948
1708946940000000000,91536.54993948
1708947000000000000,91536.54993948
1708947060000000000,91536.54993948
1708947120000000000,91536.54993948
1708947180000000000,91536.54993948
1708947240000000000,91536.54993948
1708947300000000000,91536.54993948
1708947360000000000,91536.54993948
1708947420000000000,91536.54993948
1708947480000000000,91536.54993948
1708947540000000000,91536.54993948
1708947600000000000,91536.54993948
1708947660000000000,91536.54993948
1708947720000000000,91536.54993948
1708947780000000000,91536.54993948
1708947840000000000,91536.54993948
1708947900000000000,91536.54993948
1708947960000000000,91536.54993948
1708948020000000000,91536.54993948
1708948080000000000,91536.54993948
1708948140000000000,91536.54993948
1708948200000000000,91536.54993948
1708948260000000000,91536.54993948
1708948320000000000,91536.54993948
1708948380000000000,91536.54993948
1708948440000000000,91536.54993948
1708948500000000000,91536.54993948
1708948560000000000,91536.54993948
1708948620000000000,91536.54993948
1708948680000000000,91536.54993948
1708948740000000000,91536.54993948
1708948800000000000,91536.54993948
1708948860000000000,91536.54993948
1708948920000000000,91536.54993948
1708948980000000000,91536.54993948
1708949040000000000,91536.54993948
1708949100000000000,91536.54993948
1708949160000000000,91536.54993948
1708949220000000000,91536.54993948
1708949280000000000,91536.54993948
1708949340000000000,91536.54993948
1708949400000000000,91536.54993948
1708949460000000000,91536.54993948
1708949520000000000,91536.54993948
1708949580000000000,91536.54993948
1708949640000000000,91536.54993948
1708949700000000000,91536.54993948
1708949760000000000,91536.54993948
1708949820000000000,91536.54993948
1708949880000000000,91536.54993948
1708949940000000000,91536.54993948
1708950000000000000,91536.54993948
1708950060000000000,91536.54993948
1708950120000000000,91536.54993948
1708950180000000000,91536.54993948
1708950240000000000,91536.54993948
1708950300000000000,91536.54993948
1708950360000000000,91536.54993948
1708950420000000000,91536.54993948
1708950480000000000,91536.54993948
1708950540000000000,91536.54993948
1708950600000000000,91536.54993948
1708950660000000000,91536.54993948
1708950720000000000,91536.54993948
1708950780000000000,91536.54993948
1708950840000000000,91536.54993948
1708950900000000000,91536.54993948
1708950960000000000,91536.54993948
1708951020000000000,91536.54993948
1708951080000000000,91536.54993948
1708951140000000000,91536.54993948
1708951200000000000,91536.54993948
1708951260000000000,89600.38441535
1708951320000000000,89600.38441535
1708951380000000000,89600.38441535
1708951440000000000,89600.38441535
1708951500000000000,89600.38441535
1708951560000000000,89600.38441535
1708951620000000000,89600.38441535
1708951680000000000,89600.38441535
1708951740000000000,89600.38441535
1708951800000000000,89600.38441535
1708951860000000000,89600.38441535
1708951920000000000,89600.38441535
1708951980000000000,89600.38441535
1708952040000000000,89600.38441535
1708952100000000000,89600.38441535
1708952160000000000,89600.38441535
1708952220000000000,89600.38441535
1708952280000000000,89600.38441535
1708952340000000000,89600.38441535
1708952400000000000,89600.38441535
1708952460000000000,89600.38441535
1708952520000000000,89600.38441535
1708952580000000000,89600.38441535
1708952640000000000,89600.38441535
1708952700000000000,89600.38441535
1708952760000000000,89600.38441535
1708952820000000000,89600.38441535
1708952880000000000,89600.38441535
1708952940000000000,89600.38441535
1708953000000000000,89600.38441535
1708953060000000000,89600.38441535
1708953120000000000,89600.38441535
1708953180000000000,89600.38441535
1708953240000000000,89600.38441535
1708953300000000000,89600.38441535
1708953360000000000,89600.38441535
1708953420000000000,89600.38441535
1708953480000000000,89600.38441535
1708953540000000000,89600.38441535
1708953600000000000,89600.38441535
1708953660000000000,89600.38441535
1708953720000000000,89600.38441535
1708953780000000000,89600.38441535
1708953840000000000,89600.38441535
1708953900000000000,89600.38441535
1708953960000000000,89600.38441535
1708954020000000000,89600.38441535
1708954080000000000,89600.38441535
1708954140000000000,89600.38441535
1708954200000000000,89600.38441535
1708954260000000000,89600.38441535
1708954320000000000,89600.38441535
1708954380000000000,89600.38441535
1708954440000000000,89600.38441535
1708954500000000000,89600.38441535
1708954560000000000,89600.38441535
1708954620000000000,89600.38441535
1708954680000000000,89600.38441535
1708954740000000000,89600.38441535
1708954800000000000,89600.38441535
1708954860000000000,89600.38441535
1708954920000000000,89600.38441535
1708954980000000000,89600.38441535
1708955040000000000,89600.38441535
1708955100000000000,89600.38441535
1708955160000000000,89600.38441535
1708955220000000000,89600.38441535
1708955280000000000,89600.38441535
1708955340000000000,89600.38441535
1708955400000000000,89600.38441535
1708955460000000000,89600.38441535
1708955520000000000,89600.38441535
1708955580000000000,89600.38441535
1708955640000000000,88739.77528745
1708955700000000000,88419.38128745
1708955760000000000,87984.21928745
1708955820000000000,88220.92828745
1708955880000000000,88338.08728745
1708955940000000000,89043.43228745
1708956000000000000,89043.43228745
1708956060000000000,88780.42228745
1708956120000000000,88885.62628745
1708956180000000000,88185.06328745
1708956240000000000,86912.52263735
1708956300000000000,86912.52263735
1708956360000000000,86912.52263735
1708956420000000000,86912.52263735
1708956480000000000,86912.52263735
1708956540000000000,86912.52263735
1708956600000000000,86912.52263735
1708956660000000000,86912.52263735
1708956720000000000,86912.52263735
1708956780000000000,86912.52263735
1708956840000000000,86912.52263735
1708956900000000000,86912.52263735
1708956960000000000,86912.52263735
1708957020000000000,86912.52263735
1708957080000000000,86912.52263735
1708957140000000000,86912.52263735
1708957200000000000,86912.52263735
1708957260000000000,86912.52263735
1708957320000000000,86912.52263735
1708957380000000000,86912.52263735
1708957440000000000,86912.52263735
1708957500000000000,86912.52263735
1708957560000000000,86912.52263735
1708957620000000000,86912.52263735
1708957680000000000,86912.52263735
1708957740000000000,86912.52263735
1708957800000000000,86912.52263735
1708957860000000000,86912.52263735
1708957920000000000,86912.52263735
1708957980000000000,86912.52263735
1708958040000000000,86912.52263735
1708958100000000000,86912.52263735
1708958160000000000,86912.52263735
1708958220000000000,86912.52263735
1708958280000000000,86912.52263735
1708958340000000000,86912.52263735
1708958400000000000,86912.52263735
1708958460000000000,86912.52263735
1708958520000000000,86912.52263735
1708958580000000000,86912.52263735
1708958640000000000,86912.52263735
1708958700000000000,86912.52263735
1708958760000000000,86912.52263735
1708958820000000000,86912.52263735
1708958880000000000,86912.52263735
1708958940000000000,86912.52263735
1708959000000000000,86912.52263735
1708959060000000000,86912.52263735
1708959120000000000,86912.52263735
1708959180000000000,86912.52263735
1708959240000000000,86912.52263735
1708959300000000000,86912.52263735
1708959360000000000,86912.52263735
1708959420000000000,86912.52263735
1708959480000000000,86912.52263735
1708959540000000000,86912.52263735
1708959600000000000,86912.52263735
1708959660000000000,86912.52263735
1708959720000000000,86912.52263735
1708959780000000000,86912.52263735
1708959840000000000,86912.52263735
1708959900000000000,86912.52263735
1708959960000000000,86912.52263735
1708960020000000000,86912.52263735
1708960080000000000,86912.52263735
1708960140000000000,86912.52263735
1708960200000000000,86912.52263735
1708960260000000000,86912.52263735
1708960320000000000,86912.52263735
1708960380000000000,86912.52263735
1708960440000000000,86912.52263735
1708960500000000000,86912.52263735
1708960560000000000,86912.52263735
1708960620000000000,86912.52263735
1708960680000000000,86912.52263735
1708960740000000000,86912.52263735
1708960800000000000,86912.52263735
1708960860000000000,86912.52263735
1708960920000000000,86912.52263735
1708960980000000000,86912.52263735
1708961040000000000,86912.52263735
1708961100000000000,86912.52263735
1708961160000000000,86912.52263735
1708961220000000000,86912.52263735
1708961280000000000,86912.52263735
1708961340000000000,86912.52263735
1708961400000000000,86912.52263735
1708961460000000000,86912.52263735
1708961520000000000,86912.52263735
1708961580000000000,86912.52263735
1708961640000000000,86912.52263735
1708961700000000000,86912.52263735
1708961760000000000,86912.52263735
1708961820000000000,86912.52263735
1708961880000000000,86912.52263735
1708961940000000000,86912.52263735
1708962000000000000,86912.52263735
1708962060000000000,86912.52263735
1708962120000000000,86912.52263735
1708962180000000000,86912.52263735
1708962240000000000,86912.52263735
1708962300000000000,86912.52263735
1708962360000000000,86912.52263735
1708962420000000000,86912.52263735
1708962480000000000,86912.52263735
1708962540000000000,86912.52263735
1708962600000000000,86912.52263735
1708962660000000000,86912.52263735
1708962720000000000,86912.52263735
1708962780000000000,86912.52263735
1708962840000000000,86912.52263735
1708962900000000000,86912.52263735
1708962960000000000,86912.52263735
1708963020000000000,86912.52263735
1708963080000000000,86912.52263735
1708963140000000000,86412.74104127
1708963200000000000,85001.26864127
1708963260000000000,85137.55804127
1708963320000000000,84304.69716125
1708963380000000000,84304.69716125
1708963440000000000,84304.69716125
1708963500000000000,84304.69716125
1708963560000000000,84304.69716125
1708963620000000000,84304.69716125
1708963680000000000,84304.69716125
1708963740000000000,84304.69716125
1708963800000000000,84304.69716125
1708963860000000000,84304.69716125
1708963920000000000,84304.69716125
1708963980000000000,84304.69716125
1708964040000000000,84304.69716125
1708964100000000000,84304.69716125
1708964160000000000,84304.69716125
1708964220000000000,84304.69716125
1708964280000000000,84304.69716125
1708964340000000000,84304.69716125
1708964400000000000,84304.69716125
1708964460000000000,84304.69716125
1708964520000000000,84304.69716125
1708964580000000000,84304.69716125
1708964640000000000,83909.34635771
1708964700000000000,83965.47865771
1708964760000000000,82516.62985771
1708964820000000000,81775.85422463
1708964880000000000,81775.85422463
1708964940000000000,81775.85422463
1708965000000000000,81775.85422463
1708965060000000000,81775.85422463
1708965120000000000,81775.85422463
1708965180000000000,81775.85422463
1708965240000000000,81775.85422463
1708965300000000000,81775.85422463
1708965360000000000,81775.85422463
1708965420000000000,81775.85422463
1708965480000000000,81775.85422463
1708965540000000000,81775.85422463
1708965600000000000,81775.85422463
1708965660000000000,81775.85422463
1708965720000000000,81775.85422463
1708965780000000000,81775.85422463
1708965840000000000,81775.85422463
1708965900000000000,81775.85422463
1708965960000000000,81775.85422463
1708966020000000000,81775.85422463
1708966080000000000,81775.85422463
1708966140000000000,81775.85422463
1708966200000000000,81775.85422463
1708966260000000000,81775.85422463
1708966320000000000,81775.85422463
1708966380000000000,81775.85422463
1708966440000000000,81775.85422463
1708966500000000000,81775.85422463
1708966560000000000,81775.85422463
1708966620000000000,81775.85422463
1708966680000000000,81775.85422463
1708966740000000000,81775.85422463
1708966800000000000,81775.85422463
1708966860000000000,81775.85422463
1708966920000000000,81775.85422463
1708966980000000000,81775.85422463
1708967040000000000,81775.85422463
1708967100000000000,81775.85422463
1708967160000000000,81775.85422463
1708967220000000000,81775.85422463
1708967280000000000,81775.85422463
1708967340000000000,81775.85422463
1708967400000000000,81775.85422463
1708967460000000000,81775.85422463
1708967520000000000,81775.85422463
1708967580000000000,81775.85422463
1708967640000000000,81775.85422463
1708967700000000000,81775.85422463
1708967760000000000,81775.85422463
1708967820000000000,81775.85422463
1708967880000000000,81775.85422463
1708967940000000000,81775.85422463
1708968000000000000,81775.85422463
1708968060000000000,81775.85422463
1708968120000000000,81775.85422463
1708968180000000000,81775.85422463
1708968240000000000,81775.85422463
1708968300000000000,81775.85422463
1708968360000000000,81775.85422463
1708968420000000000,81775.85422463
1708968480000000000,81775.85422463
1708968540000000000,81775.85422463
1708968600000000000,81775.85422463
1708968660000000000,81775.85422463
1708968720000000000,81775.85422463
1708968780000000000,81775.85422463
1708968840000000000,81775.85422463
1708968900000000000,81775.85422463
1708968960000000000,81775.85422463
1708969020000000000,81775.85422463
1708969080000000000,81775.85422463
1708969140000000000,81775.85422463
1708969200000000000,81775.85422463
1708969260000000000,81775.85422463
1708969320000000000,81775.85422463
1708969380000000000,81775.85422463
1708969440000000000,81775.85422463
1708969500000000000,81775.85422463
1708969560000000000,81775.85422463
1708969620000000000,81775.85422463
1708969680000000000,81775.85422463
1708969740000000000,81775.85422463
1708969800000000000,81775.85422463
1708969860000000000,81775.85422463
1708969920000000000,81775.85422463
1708969980000000000,81775.85422463
1708970040000000000,81775.85422463
1708970100000000000,81775.85422463
1708970160000000000,81775.85422463
1708970220000000000,81775.85422463
1708970280000000000,81775.85422463
1708970340000000000,81775.85422463
1708970400000000000,81775.85422463
1708970460000000000,81775.85422463
1708970520000000000,81775.85422463
1708970580000000000,81775.85422463
1708970640000000000,81775.85422463
1708970700000000000,81775.85422463
1708970760000000000,81775.85422463
1708970820000000000,81775.85422463
1708970880000000000,81775.85422463
1708970940000000000,81775.85422463
1708971000000000000,81775.85422463
1708971060000000000,81775.85422463
1708971120000000000,81775.85422463
1708971180000000000,81775.85422463
1708971240000000000,81775.85422463
1708971300000000000,81775.85422463
1708971360000000000,81775.85422463
1708971420000000000,81775.85422463
1708971480000000000,81775.85422463
1708971540000000000,81775.85422463
1708971600000000000,81775.85422463
1708971660000000000,81775.85422463
1708971720000000000,81775.85422463
1708971780000000000,81775.85422463
1708971840000000000,81775.85422463
1708971900000000000,81775.85422463
1708971960000000000,81775.85422463
1708972020000000000,81775.85422463
1708972080000000000,81775.85422463
1708972140000000000,81775.85422463
1708972200000000000,81775.85422463
1708972260000000000,81775.85422463
1708972320000000000,81775.85422463
1708972380000000000,81775.85422463
1708972440000000000,81775.85422463
1708972500000000000,81775.85422463
1708972560000000000,81775.85422463
1708972620000000000,81775.85422463
1708972680000000000,81775.85422463
1708972740000000000,81775.85422463
1708972800000000000,81775.85422463
1708972860000000000,81775.85422463
1708972920000000000,81775.85422463
1708972980000000000,81775.85422463
1708973040000000000,81775.85422463
1708973100000000000,81775.85422463
1708973160000000000,81775.85422463
1708973220000000000,81775.85422463
1708973280000000000,81775.85422463
1708973340000000000,81775.85422463
1708973400000000000,81775.85422463
1708973460000000000,81775.85422463
1708973520000000000,81775.85422463
1708973580000000000,81775.85422463
1708973640000000000,81775.85422463
1708973700000000000,81775.85422463
1708973760000000000,81775.85422463
1708973820000000000,81775.85422463
1708973880000000000,81775.85422463
1708973940000000000,81775.85422463
1708974000000000000,81775.85422463
1708974060000000000,81775.85422463
1708974120000000000,81775.85422463
1708974180000000000,81775.85422463
1708974240000000000,81775.85422463
1708974300000000000,81775.85422463
1708974360000000000,81775.85422463
1708974420000000000,81775.85422463
1708974480000000000,81775.85422463
1708974540000000000,81775.85422463
1708974600000000000,81775.85422463
1708974660000000000,81775.85422463
1708974720000000000,81775.85422463
1708974780000000000,81775.85422463
1708974840000000000,81775.85422463
1708974900000000000,81775.85422463
1708974960000000000,81775.85422463
1708975020000000000,81775.85422463
1708975080000000000,81775.85422463
1708975140000000000,81775.85422463
1708975200000000000,81775.85422463
1708975260000000000,81775.85422463
1708975320000000000,81775.85422463
1708975380000000000,81775.85422463
1708975440000000000,81775.85422463
1708975500000000000,81775.85422463
1708975560000000000,81775.85422463
1708975620000000000,81775.85422463
1708975680000000000,81775.85422463
1708975740000000000,81775.85422463
1708975800000000000,81775.85422463
1708975860000000000,81775.85422463
1708975920000000000,81775.85422463
1708975980000000000,81775.85422463
1708976040000000000,81775.85422463
1708976100000000000,81775.85422463
1708976160000000000,81775.85422463
1708976220000000000,81775.85422463
1708976280000000000,81775.85422463
1708976340000000000,81775.85422463
1708976400000000000,81775.85422463
1708976460000000000,81775.85422463
1708976520000000000,81775.85422463
1708976580000000000,81775.85422463
1708976640000000000,81775.85422463
1708976700000000000,81775.85422463
1708976760000000000,81775.85422463
1708976820000000000,81775.85422463
1708976880000000000,81775.85422463
1708976940000000000,81775.85422463
1708977000000000000,81775.85422463
1708977060000000000,81775.85422463
1708977120000000000,81775.85422463
1708977180000000000,81775.85422463
1708977240000000000,81775.85422463
1708977300000000000,81775.85422463
1708977360000000000,81775.85422463
1708977420000000000,81775.85422463
1708977480000000000,81775.85422463
1708977540000000000,81775.85422463
1708977600000000000,81775.85422463
1708977660000000000,81775.85422463
1708977720000000000,81775.85422463
1708977780000000000,81775.85422463
1708977840000000000,81775.85422463
1708977900000000000,81775.85422463
1708977960000000000,81775.85422463
1708978020000000000,81775.85422463
1708978080000000000,81775.85422463
1708978140000000000,81775.85422463
1708978200000000000,81775.85422463
1708978260000000000,81775.85422463
1708978320000000000,81775.85422463
1708978380000000000,81775.85422463
1708978440000000000,81775.85422463
1708978500000000000,81775.85422463
1708978560000000000,81775.85422463
1708978620000000000,81775.85422463
1708978680000000000,81775.85422463
1708978740000000000,81775.85422463
1708978800000000000,81775.85422463
1708978860000000000,81775.85422463
1708978920000000000,81775.85422463
1708978980000000000,81775.85422463
1708979040000000000,81775.85422463
1708979100000000000,81775.85422463
1708979160000000000,81775.85422463
1708979220000000000,81775.85422463
1708979280000000000,81775.85422463
1708979340000000000,81775.85422463
1708979400000000000,81259.25102538
1708979460000000000,80718.25102538
1708979520000000000,80239.46602538
1708979580000000000,79881.05352538
1708979640000000000,80025.77102538
1708979700000000000,80680.38102538
1708979760000000000,80815.63102538
1708979820000000000,81719.10102538
1708979880000000000,81421.55102538
1708979940000000000,82569.82352538
1708980000000000000,82573.88102538
1708980060000000000,82230.34602538
1708980120000000000,82652.32602538
1708980180000000000,82822.74102538
1708980240000000000,83424.60352538
1708980300000000000,83835.76352538
1708980360000000000,84025.11352538
1708980420000000000,83616.65852538
1708980480000000000,82926.88352538
1708980540000000000,83841.17352538
1708980600000000000,84950.22352538
1708980660000000000,84471.43852538
1708980720000000000,84725.70852538
1708980780000000000,84493.07852538
1708980840000000000,84597.22102538
1708980900000000000,83946.66852538
1708980960000000000,83031.02602538
1708981020000000000,83052.66602538
1708981080000000000,82630.68602538
1708981140000000000,81681.23102538
1708981200000000000,81687.38544138
1708981260000000000,81687.38544138
1708981320000000000,81687.38544138
1708981380000000000,81687.38544138
1708981440000000000,81687.38544138
1708981500000000000,81687.38544138
1708981560000000000,81687.38544138
1708981620000000000,81687.38544138
1708981680000000000,81687.38544138
1708981740000000000,81687.38544138
1708981800000000000,81687.38544138
1708981860000000000,81687.38544138
1708981920000000000,81687.38544138
1708981980000000000,81687.38544138
1708982040000000000,81687.38544138
1708982100000000000,81687.38544138
1708982160000000000,81687.38544138
1708982220000000000,81687.38544138
1708982280000000000,81687.38544138
1708982340000000000,81687.38544138
1708982400000000000,81687.38544138
1708982460000000000,81687.38544138
1708982520000000000,81687.38544138
1708982580000000000,81687.38544138
1708982640000000000,81687.38544138
1708982700000000000,81687.38544138
1708982760000000000,81687.38544138
1708982820000000000,81687.38544138
1708982880000000000,81687.38544138
1708982940000000000,81687.38544138
1708983000000000000,81687.38544138
1708983060000000000,81687.38544138
1708983120000000000,81687.38544138
1708983180000000000,81687.38544138
1708983240000000000,81687.38544138
1708983300000000000,81687.38544138
1708983360000000000,81687.38544138
1708983420000000000,81687.38544138
1708983480000000000,81687.38544138
1708983540000000000,81687.38544138
1708983600000000000,81687.38544138
1708983660000000000,81687.38544138
1708983720000000000,81687.38544138
1708983780000000000,81687.38544138
1708983840000000000,81687.38544138
1708983900000000000,81192.56603935
1708983960000000000,81050.58903935
1708984020000000000,80382.00643935
1708984080000000000,80170.33163935
1708984140000000000,80212.92473935
1708984200000000000,80255.51783935
1708984260000000000,80856.98403935
1708984320000000000,80868.60033935
1708984380000000000,80662.08833935
1708984440000000000,81433.92693935
1708984500000000000,81497.17123935
1708984560000000000,81365.51983935
1708984620000000000,80921.51903935
1708984680000000000,80774.37923935
1708984740000000000,80655.63483935
1708984800000000000,80438.79723935
1708984860000000000,80278.75043935
1708984920000000000,80775.66993935
1708984980000000000,80740.82103935
1708985040000000000,80531.72763935
1708985100000000000,80181.94793935
1708985160000000000,79236.94128315
1708985220000000000,79236.94128315
1708985280000000000,79236.94128315
1708985340000000000,79236.94128315
1708985400000000000,79236.94128315
1708985460000000000,79236.94128315
1708985520000000000,79236.94128315
1708985580000000000,79236.94128315
1708985640000000000,79236.94128315
1708985700000000000,79236.94128315
1708985760000000000,79236.94128315
1708985820000000000,79236.94128315
1708985880000000000,79236.94128315
1708985940000000000,79236.94128315
1708986000000000000,79236.94128315
1708986060000000000,79236.94128315
1708986120000000000,79236.94128315
1708986180000000000,79236.94128315
1708986240000000000,79236.94128315
1708986300000000000,79236.94128315
1708986360000000000,79236.94128315
1708986420000000000,79236.94128315
1708986480000000000,79236.94128315
1708986540000000000,79236.94128315
1708986600000000000,79236.94128315
1708986660000000000,79236.94128315
1708986720000000000,79236.94128315
1708986780000000000,79236.94128315
1708986840000000000,79236.94128315
1708986900000000000,79236.94128315
1708986960000000000,79236.94128315
1708987020000000000,79236.94128315
1708987080000000000,79236.94128315
1708987140000000000,79236.94128315
1708987200000000000,79236.94128315
1708987260000000000,79236.94128315
1708987320000000000,79236.94128315
1708987380000000000,79236.94128315
1708987440000000000,79236.94128315
1708987500000000000,79236.94128315
1708987560000000000,79236.94128315
1708987620000000000,79236.94128315
1708987680000000000,79236.94128315
1708987740000000000,79236.94128315
1708987800000000000,79236.94128315
1708987860000000000,79236.94128315
1708987920000000000,79236.94128315
1708987980000000000,79236.94128315
1708988040000000000,79236.94128315
1708988100000000000,79236.94128315
1708988160000000000,79236.94128315
1708988220000000000,79236.94128315
1708988280000000000,79236.94128315
1708988340000000000,79236.94128315
1708988400000000000,79236.94128315
1708988460000000000,79236.94128315
1708988520000000000,79236.94128315
1708988580000000000,79236.94128315
1708988640000000000,79236.94128315
1708988700000000000,79236.94128315
1708988760000000000,79236.94128315
1708988820000000000,79236.94128315
1708988880000000000,79236.94128315
1708988940000000000,79236.94128315
1708989000000000000,79236.94128315
1708989060000000000,79236.94128315
1708989120000000000,79236.94128315
1708989180000000000,79236.94128315
1708989240000000000,79236.94128315
1708989300000000000,79236.94128315
1708989360000000000,79236.94128315
1708989420000000000,79236.94128315
1708989480000000000,79236.94128315
1708989540000000000,79236.94128315
1708989600000000000,79236.94128315
1708989660000000000,79236.94128315
1708989720000000000,79236.94128315
1708989780000000000,79236.94128315
1708989840000000000,79236.94128315
1708989900000000000,79236.94128315
1708989960000000000,79236.94128315
1708990020000000000,79236.94128315
1708990080000000000,79236.94128315
1708990140000000000,79236.94128315
1708990200000000000,79236.94128315
1708990260000000000,79236.94128315
1708990320000000000,79236.94128315
1708990380000000000,79236.94128315
1708990440000000000,79236.94128315
1708990500000000000,79236.94128315
1708990560000000000,79236.94128315
1708990620000000000,79236.94128315
1708990680000000000,79236.94128315
1708990740000000000,79236.94128315
1708990800000000000,79236.94128315
1708990860000000000,79236.94128315
1708990920000000000,79236.94128315
1708990980000000000,79236.94128315
1708991040000000000,79236.94128315
1708991100000000000,79236.94128315
1708991160000000000,79236.94128315
1708991220000000000,79236.94128315
1708991280000000000,79236.94128315
1708991340000000000,79236.94128315
1708991400000000000,79236.94128315
1708991460000000000,79236.94128315
1708991520000000000,79236.94128315
1708991580000000000,79236.94128315
1708991640000000000,79236.94128315
1708991700000000000,79236.94128315
1708991760000000000,79236.94128315
1708991820000000000,79236.94128315
1708991880000000000,79236.94128315
1708991940000000000,79236.94128315
1708992000000000000,79236.94128315
1708992060000000000,79236.94128315
1708992120000000000,79236.94128315
1708992180000000000,79236.94128315
1708992240000000000,79236.94128315
1708992300000000000,79236.94128315
1708992360000000000,79236.94128315
1708992420000000000,79236.94128315
1708992480000000000,79236.94128315
1708992540000000000,79236.94128315
1708992600000000000,79236.94128315
1708992660000000000,79236.94128315
1708992720000000000,79236.94128315
1708992780000000000,79236.94128315
1708992840000000000,79236.94128315
1708992900000000000,79236.94128315
1708992960000000000,79236.94128315
1708993020000000000,79236.94128315
1708993080000000000,79236.94128315
1708993140000000000,79236.94128315
1708993200000000000,79236.94128315
1708993260000000000,79236.94128315
1708993320000000000,79236.94128315
1708993380000000000,79236.94128315
1708993440000000000,79236.94128315
1708993500000000000,79236.94128315
1708993560000000000,79236.94128315
1708993620000000000,79236.94128315
1708993680000000000,79236.94128315
1708993740000000000,79236.94128315
1708993800000000000,79236.94128315
1708993860000000000,79236.94128315
1708993920000000000,79236.94128315
1708993980000000000,79236.94128315
1708994040000000000,79236.94128315
1708994100000000000,79236.94128315
1708994160000000000,79236.94128315
1708994220000000000,79236.94128315
1708994280000000000,79236.94128315
1708994340000000000,79236.94128315
1708994400000000000,79236.94128315
1708994460000000000,79236.94128315
1708994520000000000,79236.94128315
1708994580000000000,79236.94128315
1708994640000000000,79236.94128315
1708994700000000000,79236.94128315
1708994760000000000,79236.94128315
1708994820000000000,79236.94128315
1708994880000000000,79236.94128315
1708994940000000000,79236.94128315
1708995000000000000,79236.94128315
1708995060000000000,79236.94128315
1708995120000000000,79236.94128315
1708995180000000000,79236.94128315
1708995240000000000,79236.94128315
1708995300000000000,79236.94128315
1708995360000000000,79236.94128315
1708995420000000000,79236.94128315
1708995480000000000,79236.94128315
1708995540000000000,79236.94128315
1708995600000000000,79236.94128315
1708995660000000000,79236.94128315
1708995720000000000,79236.94128315
1708995780000000000,79236.94128315
1708995840000000000,79236.94128315
1708995900000000000,79236.94128315
1708995960000000000,79236.94128315
1708996020000000000,79236.94128315
1708996080000000000,79236.94128315
1708996140000000000,79236.94128315
1708996200000000000,79236.94128315
1708996260000000000,79236.94128315
1708996320000000000,79236.94128315
1708996380000000000,79236.94128315
1708996440000000000,79236.94128315
1708996500000000000,79236.94128315
1708996560000000000,79236.94128315
1708996620000000000,79236.94128315
1708996680000000000,79236.94128315
1708996740000000000,79236.94128315
1708996800000000000,79236.94128315
1708996860000000000,79236.94128315
1708996920000000000,79236.94128315
1708996980000000000,79236.94128315
1708997040000000000,79236.94128315
1708997100000000000,79236.94128315
1708997160000000000,79236.94128315
1708997220000000000,79236.94128315
1708997280000000000,79236.94128315
1708997340000000000,79236.94128315
1708997400000000000,79236.94128315
1708997460000000000,79236.94128315
1708997520000000000,79236.94128315
1708997580000000000,79236.94128315
1708997640000000000,79236.94128315
1708997700000000000,79236.94128315
1708997760000000000,79236.94128315
1708997820000000000,79236.94128315
1708997880000000000,79236.94128315
1708997940000000000,79236.94128315
1708998000000000000,79236.94128315
1708998060000000000,79236.94128315
1708998120000000000,79236.94128315
1708998180000000000,79236.94128315
1708998240000000000,79236.94128315
1708998300000000000,79236.94128315
1708998360000000000,79236.94128315
1708998420000000000,79236.94128315
1708998480000000000,79236.94128315
1708998540000000000,79236.94128315
1708998600000000000,79236.94128315
1708998660000000000,79236.94128315
1708998720000000000,79236.94128315
1708998780000000000,79236.94128315
1708998840000000000,78577.22136966
1708998900000000000,81651.11876502
1708998960000000000,81651.11876502
1708999020000000000,81651.11876502
1708999080000000000,81651.11876502
1708999140000000000,81651.11876502
1708999200000000000,81651.11876502
1708999260000000000,81651.11876502
1708999320000000000,81651.11876502
1708999380000000000,81651.11876502
1708999440000000000,81651.11876502
1708999500000000000,81651.11876502
1708999560000000000,81651.11876502
1708999620000000000,81651.11876502
1708999680000000000,81651.11876502
1708999740000000000,81651.11876502
1708999800000000000,81651.11876502
1708999860000000000,81530.93140222
1708999920000000000,82300.42740222
1708999980000000000,82033.45940222
1709000040000000000,81851.05140222
1709000100000000000,82171.17140222
1709000160000000000,82534.17540222
1709000220000000000,81968.22740222
1709000280000000000,82014.43340222
1709000340000000000,82410.35540222
1709000400000000000,82224.92740222
1709000460000000000,81919.00140222
1709000520000000000,81632.40340222
1709000580000000000,82075.43740222
1709000640000000000,81895.44540222
1709000700000000000,81756.82740222
1709000760000000000,82143.38740222
1709000820000000000,82394.04740222
1709000880000000000,82343.00940222
1709000940000000000,82146.70940222
1709001000000000000,82233.98740222
1709001060000000000,82553.50340222
1709001120000000000,82979.02140222
1709001180000000000,83129.71940222
1709001240000000000,82885.09940222
1709001300000000000,82517.26340222
1709001360000000000,82769.43340222
1709001420000000000,82658.59940222
1709001480000000000,82753.12540222
1709001540000000000,82684.87340222
1709001600000000000,82869.99940222
1709001660000000000,82740.47377662
1709001720000000000,82740.47377662
1709001780000000000,82740.47377662
1709001840000000000,82287.62087787
1709001900000000000,82399.78187787
1709001960000000000,82617.23687787
1709002020000000000,82774.03337787
1709002080000000000,82383.75887787
1709002140000000000,81550.56287787
1709002200000000000,81286.18337787
1709002260000000000,81885.90137787
1709002320000000000,82804.93487787
1709002380000000000,82749.99887787
1709002440000000000,82264.73087787
1709002500000000000,81837.83237787
1709002560000000000,81328.52987787
1709002620000000000,82010.65187787
1709002680000000000,81916.80287787
1709002740000000000,82610.36987787
1709002800000000000,82818.66887787
1709002860000000000,83690.77787787
1709002920000000000,84838.12276152
1709002980000000000,84838.12276152
1709003040000000000,84838.12276152
1709003100000000000,84838.12276152
1709003160000000000,84838.12276152
1709003220000000000,84838.12276152
1709003280000000000,84838.12276152
1709003340000000000,84838.12276152
1709003400000000000,84838.12276152
1709003460000000000,84838.12276152
1709003520000000000,84838.12276152
1709003580000000000,84838.12276152
1709003640000000000,84838.12276152
1709003700000000000,84838.12276152
1709003760000000000,84838.12276152
1709003820000000000,84838.12276152
1709003880000000000,84838.12276152
1709003940000000000,84838.12276152
1709004000000000000,84838.12276152
1709004060000000000,84838.12276152
1709004120000000000,84838.12276152
1709004180000000000,84838.12276152
1709004240000000000,84838.12276152
1709004300000000000,84838.12276152
1709004360000000000,84838.12276152
1709004420000000000,84838.12276152
1709004480000000000,84838.12276152
1709004540000000000,84838.12276152
1709004600000000000,84838.12276152
1709004660000000000,84838.12276152
1709004720000000000,84838.12276152
1709004780000000000,84838.12276152
1709004840000000000,84838.12276152
1709004900000000000,84838.12276152
1709004960000000000,84838.12276152
1709005020000000000,84838.12276152
1709005080000000000,84838.12276152
1709005140000000000,84838.12276152
1709005200000000000,84838.12276152
1709005260000000000,84838.12276152
1709005320000000000,84838.12276152
1709005380000000000,84838.12276152
1709005440000000000,84838.12276152
1709005500000000000,84838.12276152
1709005560000000000,84838.12276152
1709005620000000000,84838.12276152
1709005680000000000,84335.50440312
1709005740000000000,83962.69120312
1709005800000000000,84475.46840312
1709005860000000000,85011.14880312
1709005920000000000,86487.13280312
1709005980000000000,87834.60440312
1709006040000000000,89577.79240312
1709006100000000000,87484.69440312
1709006160000000000,88283.76160312
1709006220000000000,89621.05400312
1709006280000000000,90018.04280312
1709006340000000000,92855.49480312
1709006400000000000,90873.09560312
1709006460000000000,91528.38160312
1709006520000000000,89529.44120312
1709006580000000000,88001.28880312
1709006640000000000,89277.50600312
1709006700000000000,89019.20880312
1709006760000000000,89605.78520312
1709006820000000000,90457.02080312
1709006880000000000,90014.22560312
1709006940000000000,88970.85760312
1709007000000000000,88519.15560312
1709007060000000000,88982.30920312
1709007120000000000,88926.32360312
1709007180000000000,88685.84000312
1709007240000000000,88497.52480312
1709007300000000000,88950.49920312
1709007360000000000,89820.82080312
1709007420000000000,89129.90760312
1709007480000000000,89706.5741702
1709007540000000000,89706.5741702
1709007600000000000,89706.5741702
1709007660000000000,89706.5741702
1709007720000000000,89706.5741702
1709007780000000000,89706.5741702
1709007840000000000,89706.5741702
1709007900000000000,89706.5741702
1709007960000000000,89706.5741702
1709008020000000000,89706.5741702
1709008080000000000,89706.5741702
1709008140000000000,89706.5741702
1709008200000000000,89706.5741702
1709008260000000000,89706.5741702
1709008320000000000,89706.5741702
1709008380000000000,89706.5741702
1709008440000000000,89706.5741702
1709008500000000000,89706.5741702
1709008560000000000,89706.5741702
1709008620000000000,89706.5741702
1709008680000000000,89706.5741702
1709008740000000000,89706.5741702
1709008800000000000,89706.5741702
1709008860000000000,89706.5741702
1709008920000000000,89706.5741702
1709008980000000000,89706.5741702
1709009040000000000,89706.5741702
1709009100000000000,89706.5741702
1709009160000000000,89706.5741702
1709009220000000000,89706.5741702
1709009280000000000,89706.5741702
1709009340000000000,89706.5741702
1709009400000000000,89706.5741702
1709009460000000000,89706.5741702
1709009520000000000,89706.5741702
1709009580000000000,89706.5741702
1709009640000000000,89706.5741702
1709009700000000000,89706.5741702
1709009760000000000,89706.5741702
1709009820000000000,89706.5741702
1709009880000000000,89706.5741702
1709009940000000000,89706.5741702
1709010000000000000,89706.5741702
1709010060000000000,89706.5741702
1709010120000000000,89706.5741702
1709010180000000000,89706.5741702
1709010240000000000,89706.5741702
1709010300000000000,89706.5741702
1709010360000000000,89706.5741702
1709010420000000000,89706.5741702
1709010480000000000,89706.5741702
1709010540000000000,89706.5741702
1709010600000000000,89706.5741702
1709010660000000000,89706.5741702
1709010720000000000,89706.5741702
1709010780000000000,89706.5741702
1709010840000000000,89706.5741702
1709010900000000000,89706.5741702
1709010960000000000,89706.5741702
1709011020000000000,89706.5741702
1709011080000000000,89706.5741702
1709011140000000000,89706.5741702
1709011200000000000,89706.5741702
1709011260000000000,89706.5741702
1709011320000000000,89706.5741702
1709011380000000000,89706.5741702
1709011440000000000,89706.5741702
1709011500000000000,89706.5741702
1709011560000000000,89706.5741702
1709011620000000000,89706.5741702
1709011680000000000,89706.5741702
1709011740000000000,89706.5741702
1709011800000000000,89706.5741702
1709011860000000000,89706.5741702
1709011920000000000,89706.5741702
1709011980000000000,89706.5741702
1709012040000000000,89706.5741702
1709012100000000000,89706.5741702
1709012160000000000,89706.5741702
1709012220000000000,89706.5741702
1709012280000000000,89706.5741702
1709012340000000000,89706.5741702
1709012400000000000,89035.5578228
1709012460000000000,90139.7280228
1709012520000000000,90033.9188228
1709012580000000000,91175.6342228
1709012640000000000,90387.1850228
1709012700000000000,91375.3064228
1709012760000000000,91170.5144228
1709012820000000000,91428.2110228
1709012880000000000,91390.6658228
1709012940000000000,92097.1982228
1709013000000000000,92638.1904228
1709013060000000000,92651.8432228
1709013120000000000,93215.0212228
1709013180000000000,92194.4744228
1709013240000000000,90812.1284228
1709013300000000000,91713.2132228
1709013360000000000,90723.3852228
1709013420000000000,91196.1134228
1709013480000000000,91279.7368228
1709013540000000000,91563.0324228
1709013600000000000,90812.1284228
1709013660000000000,91496.4750228
1709013720000000000,92197.8876228
1709013780000000000,92167.1688228
1709013840000000000,92206.4206228
1709013900000000000,92672.3224228
1709013960000000000,92749.1194228
1709014020000000000,93773.0794228
1709014080000000000,93394.2142228
1709014140000000000,93523.9158228
1709014200000000000,92433.64110132
1709014260000000000,92433.64110132
1709014320000000000,92433.64110132
1709014380000000000,92433.64110132
1709014440000000000,92433.64110132
1709014500000000000,92433.64110132
1709014560000000000,92433.64110132
1709014620000000000,92433.64110132
1709014680000000000,92433.64110132
1709014740000000000,92433.64110132
1709014800000000000,92433.64110132
1709014860000000000,92433.64110132
1709014920000000000,92433.64110132
1709014980000000000,92433.64110132
1709015040000000000,92433.64110132
1709015100000000000,92433.64110132
1709015160000000000,92433.64110132
1709015220000000000,92433.64110132
1709015280000000000,92433.64110132
1709015340000000000,92433.64110132
1709015400000000000,92433.64110132
1709015460000000000,92433.64110132
1709015520000000000,92433.64110132
1709015580000000000,92433.64110132
1709015640000000000,92433.64110132
1709015700000000000,92433.64110132
1709015760000000000,92433.64110132
1709015820000000000,92433.64110132
1709015880000000000,92433.64110132
1709015940000000000,92433.64110132
1709016000000000000,92433.64110132
1709016060000000000,92433.64110132
1709016120000000000,92433.64110132
1709016180000000000,92433.64110132
1709016240000000000,92433.64110132
1709016300000000000,92433.64110132
1709016360000000000,92433.64110132
1709016420000000000,92433.64110132
1709016480000000000,92433.64110132
1709016540000000000,92433.64110132
1709016600000000000,92433.64110132
1709016660000000000,92433.64110132
1709016720000000000,92433.64110132
1709016780000000000,92433.64110132
1709016840000000000,92433.64110132
1709016900000000000,92433.64110132
1709016960000000000,92433.64110132
1709017020000000000,92433.64110132
1709017080000000000,92433.64110132
1709017140000000000,92433.64110132
1709017200000000000,92433.64110132
1709017260000000000,92433.64110132
1709017320000000000,92433.64110132
1709017380000000000,92433.64110132
1709017440000000000,92433.64110132
1709017500000000000,92433.64110132
1709017560000000000,92433.64110132
1709017620000000000,91817.72232167
1709017680000000000,91040.66282167
1709017740000000000,90978.12282167
1709017800000000000,90418.38982167
1709017860000000000,89660.67581987
1709017920000000000,89660.67581987
1709017980000000000,89660.67581987
1709018040000000000,89660.67581987
1709018100000000000,89660.67581987
1709018160000000000,89660.67581987
1709018220000000000,89660.67581987
1709018280000000000,89660.67581987
1709018340000000000,89660.67581987
1709018400000000000,89660.67581987
1709018460000000000,89660.67581987
1709018520000000000,89660.67581987
1709018580000000000,89660.67581987
1709018640000000000,89660.67581987
1709018700000000000,89660.67581987
1709018760000000000,89155.86406123
1709018820000000000,89437.99206123
1709018880000000000,90947.37686123
1709018940000000000,90413.89846123
1709019000000000000,89726.53206123
1709019060000000000,89956.08166123
1709019120000000000,90734.49846123
1709019180000000000,91242.32886123
1709019240000000000,91409.04086123
1709019300000000000,91818.12646123
1709019360000000000,91802.73766123
1709019420000000000,92078.45366123
1709019480000000000,91120.50086123
1709019540000000000,90461.34726123
1709019600000000000,89967.62326123
1709019660000000000,89295.64566123
1709019720000000000,90016.35446123
1709019780000000000,89711.14326123
1709019840000000000,90104.84006123
1709019900000000000,90161.26566123
1709019960000000000,89316.16406123
1709020020000000000,88324.86886123
1709020080000000000,88526.20566123
1709020140000000000,88755.75526123
1709020200000000000,88757.03766123
1709020260000000000,88418.48406123
1709020320000000000,88841.67606123
1709020380000000000,89314.88166123
1709020440000000000,89462.35766123
1709020500000000000,89389.26086123
1709020560000000000,88989.84109475
1709020620000000000,88989.84109475
1709020680000000000,88989.84109475
1709020740000000000,88989.84109475
1709020800000000000,88989.84109475
1709020860000000000,88989.84109475
1709020920000000000,88989.84109475
1709020980000000000,88989.84109475
1709021040000000000,88989.84109475
1709021100000000000,88989.84109475
1709021160000000000,88989.84109475
1709021220000000000,88989.84109475
1709021280000000000,88989.84109475
1709021340000000000,88989.84109475
1709021400000000000,88989.84109475
1709021460000000000,88989.84109475
1709021520000000000,88989.84109475
1709021580000000000,88989.84109475
1709021640000000000,88989.84109475
1709021700000000000,88989.84109475
1709021760000000000,88286.61422744
1709021820000000000,88256.36612744
1709021880000000000,88001.92622744
1709021940000000000,86320.97810252
1709022000000000000,86320.97810252
1709022060000000000,86320.97810252
1709022120000000000,86320.97810252
1709022180000000000,86320.97810252
1709022240000000000,86320.97810252
1709022300000000000,86320.97810252
1709022360000000000,86320.97810252
1709022420000000000,86320.97810252
1709022480000000000,86320.97810252
1709022540000000000,86320.97810252
1709022600000000000,86320.97810252
1709022660000000000,86320.97810252
1709022720000000000,86320.97810252
1709022780000000000,86320.97810252
1709022840000000000,86320.97810252
1709022900000000000,86320.97810252
1709022960000000000,86320.97810252
1709023020000000000,86320.97810252
1709023080000000000,86320.97810252
1709023140000000000,86320.97810252
1709023200000000000,86320.97810252
1709023260000000000,86320.97810252
1709023320000000000,86320.97810252
1709023380000000000,86320.97810252
1709023440000000000,86320.97810252
1709023500000000000,86320.97810252
1709023560000000000,86320.97810252
1709023620000000000,86320.97810252
1709023680000000000,86320.97810252
1709023740000000000,86320.97810252
1709023800000000000,86320.97810252
1709023860000000000,86320.97810252
1709023920000000000,86320.97810252
1709023980000000000,86320.97810252
1709024040000000000,86320.97810252
1709024100000000000,86320.97810252
1709024160000000000,86320.97810252
1709024220000000000,86320.97810252
1709024280000000000,86320.97810252
1709024340000000000,86320.97810252
1709024400000000000,86320.97810252
1709024460000000000,86320.97810252
1709024520000000000,86320.97810252
1709024580000000000,86320.97810252
1709024640000000000,86320.97810252
1709024700000000000,86320.97810252
1709024760000000000,86320.97810252
1709024820000000000,86320.97810252
1709024880000000000,86320.97810252
1709024940000000000,86320.97810252
1709025000000000000,86320.97810252
1709025060000000000,86320.97810252
1709025120000000000,86320.97810252
1709025180000000000,86320.97810252
1709025240000000000,86320.97810252
1709025300000000000,86320.97810252
1709025360000000000,86320.97810252
1709025420000000000,86320.97810252
1709025480000000000,86320.97810252
1709025540000000000,86320.97810252
1709025600000000000,86320.97810252
1709025660000000000,86320.97810252
1709025720000000000,86320.97810252
1709025780000000000,86320.97810252
1709025840000000000,86320.97810252
1709025900000000000,86320.97810252
1709025960000000000,86320.97810252
1709026020000000000,86320.97810252
1709026080000000000,86320.97810252
1709026140000000000,86320.97810252
1709026200000000000,86320.97810252
1709026260000000000,86320.97810252
1709026320000000000,86320.97810252
1709026380000000000,86320.97810252
1709026440000000000,86320.97810252
1709026500000000000,86320.97810252
1709026560000000000,86320.97810252
1709026620000000000,86320.97810252
1709026680000000000,86320.97810252
1709026740000000000,86320.97810252
1709026800000000000,86320.97810252
1709026860000000000,86320.97810252
1709026920000000000,86320.97810252
1709026980000000000,86320.97810252
1709027040000000000,86320.97810252
1709027100000000000,86320.97810252
1709027160000000000,86320.97810252
1709027220000000000,86320.97810252
1709027280000000000,86320.97810252
1709027340000000000,86320.97810252
1709027400000000000,86320.97810252
1709027460000000000,86320.97810252
1709027520000000000,86320.97810252
1709027580000000000,86320.97810252
1709027640000000000,86320.97810252
1709027700000000000,86320.97810252
1709027760000000000,86320.97810252
1709027820000000000,86320.97810252
1709027880000000000,86320.97810252
1709027940000000000,86320.97810252
1709028000000000000,86320.97810252
1709028060000000000,86320.97810252
1709028120000000000,86320.97810252
1709028180000000000,86320.97810252
1709028240000000000,86320.97810252
1709028300000000000,86320.97810252
1709028360000000000,86320.97810252
1709028420000000000,86320.97810252
1709028480000000000,86320.97810252
1709028540000000000,86320.97810252
1709028600000000000,86320.97810252
1709028660000000000,86320.97810252
1709028720000000000,86320.97810252
1709028780000000000,86320.97810252
1709028840000000000,86320.97810252
1709028900000000000,86320.97810252
1709028960000000000,86320.97810252
1709029020000000000,86320.97810252
1709029080000000000,86320.97810252
1709029140000000000,86320.97810252
1709029200000000000,86320.97810252
1709029260000000000,86320.97810252
1709029320000000000,86320.97810252
1709029380000000000,86320.97810252
1709029440000000000,86320.97810252
1709029500000000000,86320.97810252
1709029560000000000,86320.97810252
1709029620000000000,86320.97810252
1709029680000000000,86320.97810252
1709029740000000000,86320.97810252
1709029800000000000,86320.97810252
1709029860000000000,86320.97810252
1709029920000000000,86320.97810252
1709029980000000000,86320.97810252
1709030040000000000,86320.97810252
1709030100000000000,86320.97810252
1709030160000000000,86320.97810252
1709030220000000000,85695.1215098
1709030280000000000,85728.2679098
1709030340000000000,87158.2983098
1709030400000000000,85425.2151098
1709030460000000000,85095.3295098
1709030520000000000,84612.3391098
1709030580000000000,83731.42207396
1709030640000000000,83731.42207396
1709030700000000000,83731.42207396
1709030760000000000,83731.42207396
1709030820000000000,83731.42207396
1709030880000000000,83731.42207396
1709030940000000000,83731.42207396
1709031000000000000,83731.42207396
1709031060000000000,83731.42207396
1709031120000000000,83731.42207396
1709031180000000000,83731.42207396
1709031240000000000,83731.42207396
1709031300000000000,83731.42207396
1709031360000000000,83731.42207396
1709031420000000000,83731.42207396
1709031480000000000,83731.42207396
1709031540000000000,83731.42207396
1709031600000000000,83731.42207396
1709031660000000000,83731.42207396
1709031720000000000,83731.42207396
1709031780000000000,83731.42207396
1709031840000000000,83731.42207396
1709031900000000000,83731.42207396
1709031960000000000,83731.42207396
1709032020000000000,83731.42207396
1709032080000000000,83731.42207396
1709032140000000000,83731.42207396
1709032200000000000,83731.42207396
1709032260000000000,83731.42207396
1709032320000000000,83731.42207396
1709032380000000000,83731.42207396
1709032440000000000,83731.42207396
1709032500000000000,83731.42207396
1709032560000000000,83731.42207396
1709032620000000000,83731.42207396
1709032680000000000,83159.14655833
1709032740000000000,82258.33405833
1709032800000000000,81220.03681611
1709032860000000000,81220.03681611
1709032920000000000,81220.03681611
1709032980000000000,81220.03681611
1709033040000000000,81220.03681611
1709033100000000000,81220.03681611
1709033160000000000,81220.03681611
1709033220000000000,81220.03681611
1709033280000000000,81220.03681611
1709033340000000000,81220.03681611
1709033400000000000,81220.03681611
1709033460000000000,81220.03681611
1709033520000000000,81220.03681611
1709033580000000000,81220.03681611
1709033640000000000,81220.03681611
1709033700000000000,81220.03681611
1709033760000000000,81220.03681611
1709033820000000000,81220.03681611
1709033880000000000,81220.03681611
1709033940000000000,81220.03681611
1709034000000000000,81220.03681611
1709034060000000000,81220.03681611
1709034120000000000,81220.03681611
1709034180000000000,81220.03681611
1709034240000000000,81220.03681611
1709034300000000000,81220.03681611
1709034360000000000,81220.03681611
1709034420000000000,81220.03681611
1709034480000000000,81220.03681611
1709034540000000000,81220.03681611
1709034600000000000,81220.03681611
1709034660000000000,81220.03681611
1709034720000000000,81220.03681611
1709034780000000000,81220.03681611
1709034840000000000,81220.03681611
1709034900000000000,81220.03681611
1709034960000000000,81220.03681611
1709035020000000000,81220.03681611
1709035080000000000,81220.03681611
1709035140000000000,81220.03681611
1709035200000000000,81220.03681611
1709035260000000000,81220.03681611
1709035320000000000,80534.69402843
1709035380000000000,79939.60352843
1709035440000000000,79860.25812843
1709035500000000000,78784.11164735
1709035560000000000,78784.11164735
1709035620000000000,78784.11164735
1709035680000000000,78202.60058735
1709035740000000000,79226.35058735
1709035800000000000,78663.28808735
1709035860000000000,77886.70058735
1709035920000000000,78335.68808735
1709035980000000000,78274.26308735
1709036040000000000,78436.60058735
1709036100000000000,78148.48808735
1709036160000000000,78477.55058735
1709036220000000000,79052.31308735
1709036280000000000,79267.30058735
1709036340000000000,79597.82558735
1709036400000000000,79900.56308735
1709036460000000000,80339.31308735
1709036520000000000,79894.71308735
1709036580000000000,80277.88808735
1709036640000000000,80500.18808735
1709036700000000000,80848.03113485
1709036760000000000,80848.03113485
1709036820000000000,80848.03113485
1709036880000000000,80848.03113485
1709036940000000000,80848.03113485
1709037000000000000,80848.03113485
1709037060000000000,80848.03113485
1709037120000000000,80848.03113485
1709037180000000000,80848.03113485
1709037240000000000,80848.03113485
1709037300000000000,80848.03113485
1709037360000000000,80848.03113485
1709037420000000000,80848.03113485
1709037480000000000,80848.03113485
1709037540000000000,80848.03113485
1709037600000000000,80848.03113485
1709037660000000000,80848.03113485
1709037720000000000,80848.03113485
1709037780000000000,80848.03113485
1709037840000000000,80848.03113485
1709037900000000000,80848.03113485
1709037960000000000,80848.03113485
1709038020000000000,80848.03113485
1709038080000000000,80848.03113485
1709038140000000000,80848.03113485
1709038200000000000,80848.03113485
1709038260000000000,80848.03113485
1709038320000000000,80848.03113485
1709038380000000000,80848.03113485
1709038440000000000,80848.03113485
1709038500000000000,80848.03113485
1709038560000000000,80848.03113485
1709038620000000000,80848.03113485
1709038680000000000,80848.03113485
1709038740000000000,80848.03113485
1709038800000000000,80848.03113485
1709038860000000000,80848.03113485
1709038920000000000,80848.03113485
1709038980000000000,80848.03113485
1709039040000000000,80848.03113485
1709039100000000000,80848.03113485
1709039160000000000,80848.03113485
1709039220000000000,80848.03113485
1709039280000000000,80848.03113485
1709039340000000000,80848.03113485
1709039400000000000,80848.03113485
1709039460000000000,80848.03113485
1709039520000000000,80848.03113485
1709039580000000000,80848.03113485
1709039640000000000,80848.03113485
1709039700000000000,80848.03113485
1709039760000000000,80848.03113485
1709039820000000000,80848.03113485
1709039880000000000,80848.03113485
1709039940000000000,80848.03113485
1709040000000000000,80848.03113485
1709040060000000000,80848.03113485
1709040120000000000,80848.03113485
1709040180000000000,80848.03113485
1709040240000000000,80848.03113485
1709040300000000000,80848.03113485
1709040360000000000,80848.03113485
1709040420000000000,80848.03113485
1709040480000000000,80848.03113485
1709040540000000000,80848.03113485
1709040600000000000,80848.03113485
1709040660000000000,80848.03113485
1709040720000000000,80848.03113485
1709040780000000000,80848.03113485
1709040840000000000,80848.03113485
1709040900000000000,80848.03113485
1709040960000000000,80848.03113485
1709041020000000000,80848.03113485
1709041080000000000,80848.03113485
1709041140000000000,80848.03113485
1709041200000000000,80848.03113485
1709041260000000000,80848.03113485
1709041320000000000,80848.03113485
1709041380000000000,80848.03113485
1709041440000000000,80848.03113485
1709041500000000000,80848.03113485
1709041560000000000,80848.03113485
1709041620000000000,80848.03113485
1709041680000000000,80848.03113485
1709041740000000000,80848.03113485
1709041800000000000,80848.03113485
1709041860000000000,80848.03113485
1709041920000000000,80848.03113485
1709041980000000000,80848.03113485
1709042040000000000,80848.03113485
1709042100000000000,80848.03113485
1709042160000000000,80848.03113485
1709042220000000000,80848.03113485
1709042280000000000,80848.03113485
1709042340000000000,80848.03113485
1709042400000000000,80848.03113485
1709042460000000000,80848.03113485
1709042520000000000,80848.03113485
1709042580000000000,80848.03113485
1709042640000000000,80848.03113485
1709042700000000000,80848.03113485
1709042760000000000,80848.03113485
1709042820000000000,80848.03113485
1709042880000000000,80848.03113485
1709042940000000000,80848.03113485
1709043000000000000,80848.03113485
1709043060000000000,80848.03113485
1709043120000000000,80848.03113485
1709043180000000000,80848.03113485
1709043240000000000,80848.03113485
1709043300000000000,80848.03113485
1709043360000000000,80848.03113485
1709043420000000000,80848.03113485
1709043480000000000,80848.03113485
1709043540000000000,80848.03113485
1709043600000000000,80848.03113485
1709043660000000000,80848.03113485
1709043720000000000,80848.03113485
1709043780000000000,80848.03113485
1709043840000000000,80848.03113485
1709043900000000000,80848.03113485
1709043960000000000,80848.03113485
1709044020000000000,80848.03113485
1709044080000000000,80848.03113485
1709044140000000000,80848.03113485
1709044200000000000,80848.03113485
1709044260000000000,80848.03113485
1709044320000000000,80848.03113485
1709044380000000000,80848.03113485
1709044440000000000,80848.03113485
1709044500000000000,80477.72689286
1709044560000000000,80480.49619286
1709044620000000000,81222.66859286
1709044680000000000,81811.60639286
1709044740000000000,82095.92119286
1709044800000000000,82044.22759286
1709044860000000000,81810.68329286
1709044920000000000,79778.94019286
1709044980000000000,79718.01559286
1709045040000000000,79274.92759286
1709045100000000000,78423.02324963
1709045160000000000,78423.02324963
1709045220000000000,78423.02324963
1709045280000000000,78423.02324963
1709045340000000000,78423.02324963
1709045400000000000,78423.02324963
1709045460000000000,77945.96166671
1709045520000000000,77625.24606671
1709045580000000000,78736.98036671
1709045640000000000,80760.60006671
1709045700000000000,80055.74376671
1709045760000000000,79378.41156671
1709045820000000000,80383.63956671
1709045880000000000,81281.16456671
1709045940000000000,80810.86146671
1709046000000000000,80474.58876671
1709046060000000000,80955.66216671
1709046120000000000,81575.55276671
1709046180000000000,81216.54276671
1709046240000000000,81198.59226671
1709046300000000000,81944.13636671
1709046360000000000,81376.90056671
1709046420000000000,80977.20276671
1709046480000000000,79610.57136671
1709046540000000000,78893.74806671
1709046600000000000,78886.56786671
1709046660000000000,78861.43716671
1709046720000000000,79135.48146671
1709046780000000000,80652.89706671
1709046840000000000,80472.19536671
1709046900000000000,80375.26266671
1709046960000000000,80169.43026671
1709047020000000000,82194.24666671
1709047080000000000,81956.10336671
1709047140000000000,82997.23236671
1709047200000000000,82694.46726671
1709047260000000000,82678.07798153
1709047320000000000,82678.07798153
1709047380000000000,82678.07798153
1709047440000000000,82678.07798153
1709047500000000000,82678.07798153
1709047560000000000,82678.07798153
1709047620000000000,82678.07798153
1709047680000000000,82678.07798153
1709047740000000000,82678.07798153
1709047800000000000,82678.07798153
1709047860000000000,82678.07798153
1709047920000000000,82678.07798153
1709047980000000000,82678.07798153
1709048040000000000,82678.07798153
1709048100000000000,82678.07798153
1709048160000000000,82678.07798153
1709048220000000000,82678.07798153
1709048280000000000,82678.07798153
1709048340000000000,82678.07798153
1709048400000000000,82678.07798153
1709048460000000000,82202.48505322
1709048520000000000,82255.88655322
1709048580000000000,83606.35115322
1709048640000000000,83328.66335322
1709048700000000000,83842.50445322
1709048760000000000,84439.41455322
1709048820000000000,85172.79515322
1709048880000000000,84962.74925322
1709048940000000000,84066.79075322
1709049000000000000,84669.63435322
1709049060000000000,85315.19915322
1709049120000000000,84933.08175322
1709049180000000000,85501.51105322
1709049240000000000,86602.76865322
1709049300000000000,86857.90915322
1709049360000000000,86974.58858264
1709049420000000000,86974.58858264
1709049480000000000,86974.58858264
1709049540000000000,86974.58858264
1709049600000000000,86974.58858264
1709049660000000000,86974.58858264
1709049720000000000,86974.58858264
1709049780000000000,86974.58858264
1709049840000000000,86974.58858264
1709049900000000000,86974.58858264
1709049960000000000,86974.58858264
1709050020000000000,86974.58858264
1709050080000000000,86974.58858264
1709050140000000000,86974.58858264
1709050200000000000,86974.58858264
1709050260000000000,86974.58858264
1709050320000000000,86974.58858264
1709050380000000000,86974.58858264
1709050440000000000,86974.58858264
1709050500000000000,86974.58858264
1709050560000000000,86974.58858264
1709050620000000000,86436.05190902
1709050680000000000,85916.07750902
1709050740000000000,86919.46560902
1709050800000000000,87137.47570902
1709050860000000000,88681.14970902
1709050920000000000,89302.68160902
1709050980000000000,88511.88720902
1709051040000000000,89799.63630902
1709051100000000000,89186.22900902
1709051160000000000,90033.89560902
1709051220000000000,90771.5711034
1709051280000000000,90771.5711034
1709051340000000000,90771.5711034
1709051400000000000,90771.5711034
1709051460000000000,90771.5711034
1709051520000000000,90771.5711034
1709051580000000000,90771.5711034
1709051640000000000,90771.5711034
1709051700000000000,90771.5711034
1709051760000000000,90771.5711034
1709051820000000000,90771.5711034
1709051880000000000,90771.5711034
1709051940000000000,90771.5711034
1709052000000000000,90771.5711034
1709052060000000000,90771.5711034
1709052120000000000,90771.5711034
1709052180000000000,90771.5711034
1709052240000000000,90771.5711034
1709052300000000000,90771.5711034
1709052360000000000,90771.5711034
1709052420000000000,90771.5711034
1709052480000000000,90771.5711034
1709052540000000000,90771.5711034
1709052600000000000,90771.5711034
1709052660000000000,90771.5711034
1709052720000000000,90771.5711034
1709052780000000000,90771.5711034
1709052840000000000,90771.5711034
1709052900000000000,90771.5711034
1709052960000000000,90771.5711034
1709053020000000000,90771.5711034
1709053080000000000,90771.5711034
1709053140000000000,90771.5711034
1709053200000000000,90771.5711034
1709053260000000000,90771.5711034
1709053320000000000,90771.5711034
1709053380000000000,90771.5711034
1709053440000000000,90771.5711034
1709053500000000000,90771.5711034
1709053560000000000,90771.5711034
1709053620000000000,90771.5711034
1709053680000000000,90771.5711034
1709053740000000000,90771.5711034
1709053800000000000,90771.5711034
1709053860000000000,90771.5711034
1709053920000000000,90771.5711034
1709053980000000000,90771.5711034
1709054040000000000,90771.5711034
1709054100000000000,90771.5711034
1709054160000000000,90771.5711034
1709054220000000000,90771.5711034
1709054280000000000,90771.5711034
1709054340000000000,90771.5711034
1709054400000000000,90771.5711034
1709054460000000000,90771.5711034
1709054520000000000,90771.5711034
1709054580000000000,90771.5711034
1709054640000000000,90771.5711034
1709054700000000000,90771.5711034
1709054760000000000,90771.5711034
1709054820000000000,90771.5711034
1709054880000000000,90771.5711034
1709054940000000000,90771.5711034
1709055000000000000,90771.5711034
1709055060000000000,90771.5711034
1709055120000000000,90771.5711034
1709055180000000000,90771.5711034
1709055240000000000,90771.5711034
1709055300000000000,90771.5711034
1709055360000000000,90771.5711034
1709055420000000000,90771.5711034
1709055480000000000,90771.5711034
1709055540000000000,90771.5711034
1709055600000000000,90771.5711034
1709055660000000000,90771.5711034
1709055720000000000,90771.5711034
1709055780000000000,90771.5711034
1709055840000000000,90771.5711034
1709055900000000000,90771.5711034
1709055960000000000,90771.5711034
1709056020000000000,90771.5711034
1709056080000000000,90771.5711034
1709056140000000000,90771.5711034
1709056200000000000,90771.5711034
1709056260000000000,90771.5711034
1709056320000000000,90771.5711034
1709056380000000000,90771.5711034
1709056440000000000,90771.5711034
1709056500000000000,90771.5711034
1709056560000000000,90771.5711034
1709056620000000000,90771.5711034
1709056680000000000,90771.5711034
1709056740000000000,90771.5711034
1709056800000000000,90771.5711034
1709056860000000000,90771.5711034
1709056920000000000,90771.5711034
1709056980000000000,90771.5711034
1709057040000000000,90771.5711034
1709057100000000000,90771.5711034
1709057160000000000,90771.5711034
1709057220000000000,90771.5711034
1709057280000000000,90771.5711034
1709057340000000000,90771.5711034
1709057400000000000,90771.5711034
1709057460000000000,90771.5711034
1709057520000000000,90771.5711034
1709057580000000000,90771.5711034
1709057640000000000,90771.5711034
1709057700000000000,90771.5711034
1709057760000000000,90771.5711034
1709057820000000000,90771.5711034
1709057880000000000,90771.5711034
1709057940000000000,90771.5711034
1709058000000000000,90771.5711034
1709058060000000000,90771.5711034
1709058120000000000,90771.5711034
1709058180000000000,90123.46079106
1709058240000000000,90881.66759106
1709058300000000000,90253.06879106
1709058360000000000,90308.15219106
1709058420000000000,90060.27689106
1709058480000000000,90146.14219106
1709058540000000000,89812.40159106
1709058600000000000,89639.05089106
1709058660000000000,90123.46079106
1709058720000000000,89720.05589106
1709058780000000000,90128.32109106
1709058840000000000,89809.16139106
1709058900000000000,90069.99749106
1709058960000000000,89444.63889106
1709059020000000000,89441.39869106
1709059080000000000,89352.29319106
1709059140000000000,88932.68729106
1709059200000000000,88048.66222898
1709059260000000000,88048.66222898
1709059320000000000,88048.66222898
1709059380000000000,88048.66222898
1709059440000000000,88048.66222898
1709059500000000000,88048.66222898
1709059560000000000,88048.66222898
1709059620000000000,88048.66222898
1709059680000000000,88048.66222898
1709059740000000000,88048.66222898
1709059800000000000,88048.66222898
1709059860000000000,88048.66222898
1709059920000000000,88048.66222898
1709059980000000000,88048.66222898
1709060040000000000,88048.66222898
1709060100000000000,88048.66222898
1709060160000000000,88048.66222898
1709060220000000000,88048.66222898
1709060280000000000,88048.66222898
1709060340000000000,88048.66222898
1709060400000000000,88048.66222898
1709060460000000000,88048.66222898
1709060520000000000,88048.66222898
1709060580000000000,88048.66222898
1709060640000000000,88048.66222898
1709060700000000000,88048.66222898
1709060760000000000,88048.66222898
1709060820000000000,88048.66222898
1709060880000000000,88048.66222898
1709060940000000000,88048.66222898
1709061000000000000,88048.66222898
1709061060000000000,88048.66222898
1709061120000000000,88048.66222898
1709061180000000000,88048.66222898
1709061240000000000,88048.66222898
1709061300000000000,88048.66222898
1709061360000000000,88048.66222898
1709061420000000000,88048.66222898
1709061480000000000,88048.66222898
1709061540000000000,88048.66222898
1709061600000000000,88048.66222898
1709061660000000000,88048.66222898
1709061720000000000,88048.66222898
1709061780000000000,88048.66222898
1709061840000000000,88048.66222898
1709061900000000000,88048.66222898
1709061960000000000,88048.66222898
1709062020000000000,88048.66222898
1709062080000000000,88048.66222898
1709062140000000000,88048.66222898
1709062200000000000,88048.66222898
1709062260000000000,88048.66222898
1709062320000000000,88048.66222898
1709062380000000000,88048.66222898
1709062440000000000,88048.66222898
1709062500000000000,88048.66222898
1709062560000000000,88048.66222898
1709062620000000000,88048.66222898
1709062680000000000,88048.66222898
1709062740000000000,88048.66222898
1709062800000000000,88048.66222898
1709062860000000000,88048.66222898
1709062920000000000,88048.66222898
1709062980000000000,88048.66222898
1709063040000000000,88048.66222898
1709063100000000000,88048.66222898
1709063160000000000,88048.66222898
1709063220000000000,88048.66222898
1709063280000000000,88048.66222898
1709063340000000000,88048.66222898
1709063400000000000,88048.66222898
1709063460000000000,88048.66222898
1709063520000000000,88048.66222898
1709063580000000000,88048.66222898
1709063640000000000,88048.66222898
1709063700000000000,88048.66222898
1709063760000000000,88048.66222898
1709063820000000000,88048.66222898
1709063880000000000,88048.66222898
1709063940000000000,88048.66222898
1709064000000000000,88048.66222898
1709064060000000000,88048.66222898
1709064120000000000,87671.99331506
1709064180000000000,87915.89931506
1709064240000000000,88087.57161506
1709064300000000000,88294.89171506
1709064360000000000,87838.97511506
1709064420000000000,88341.79671506
1709064480000000000,87914.96121506
1709064540000000000,88070.68581506
1709064600000000000,87908.39451506
1709064660000000000,86913.07041506
1709064720000000000,88118.52891506
1709064780000000000,87398.06811506
1709064840000000000,87760.17471506
1709064900000000000,87648.54081506
1709064960000000000,88150.42431506
1709065020000000000,88656.06021506
1709065080000000000,88724.54151506
1709065140000000000,88861.50411506
1709065200000000000,88929.98541506
1709065260000000000,89068.82421506
1709065320000000000,88507.84041506
1709065380000000000,88877.45181506
1709065440000000000,88601.65041506
1709065500000000000,88677.63651506
1709065560000000000,88226.41041506
1709065620000000000,88434.66861506
1709065680000000000,88721.72721506
1709065740000000000,87910.27071506
1709065800000000000,88119.46701506
1709065860000000000,87999.39021506
1709065920000000000,88081.06242059
1709065980000000000,88081.06242059
1709066040000000000,88081.06242059
1709066100000000000,88081.06242059
1709066160000000000,88081.06242059
1709066220000000000,88081.06242059
1709066280000000000,88081.06242059
1709066340000000000,88081.06242059
1709066400000000000,88081.06242059
1709066460000000000,88081.06242059
1709066520000000000,88081.06242059
1709066580000000000,88081.06242059
1709066640000000000,88081.06242059
1709066700000000000,88081.06242059
1709066760000000000,88081.06242059
1709066820000000000,88081.06242059
1709066880000000000,88081.06242059
1709066940000000000,88081.06242059
1709067000000000000,88081.06242059
1709067060000000000,88081.06242059
1709067120000000000,88081.06242059
1709067180000000000,88081.06242059
1709067240000000000,88081.06242059
1709067300000000000,88081.06242059
1709067360000000000,88081.06242059
1709067420000000000,88081.06242059
1709067480000000000,88081.06242059
1709067540000000000,88081.06242059
1709067600000000000,88081.06242059
1709067660000000000,88081.06242059
1709067720000000000,88081.06242059
1709067780000000000,88081.06242059
1709067840000000000,88081.06242059
1709067900000000000,88081.06242059
1709067960000000000,88081.06242059
1709068020000000000,88081.06242059
1709068080000000000,88081.06242059
1709068140000000000,88081.06242059
1709068200000000000,88081.06242059
1709068260000000000,88081.06242059
1709068320000000000,88081.06242059
1709068380000000000,88081.06242059
1709068440000000000,88081.06242059
1709068500000000000,88081.06242059
1709068560000000000,88081.06242059
1709068620000000000,88081.06242059
1709068680000000000,88081.06242059
1709068740000000000,88081.06242059
1709068800000000000,88081.06242059
1709068860000000000,88081.06242059
1709068920000000000,88081.06242059
1709068980000000000,88081.06242059
1709069040000000000,88081.06242059
1709069100000000000,88081.06242059
1709069160000000000,88081.06242059
1709069220000000000,88081.06242059
1709069280000000000,88081.06242059
1709069340000000000,88081.06242059
1709069400000000000,88081.06242059
1709069460000000000,88081.06242059
1709069520000000000,88081.06242059
1709069580000000000,88081.06242059
1709069640000000000,88081.06242059
1709069700000000000,88081.06242059
1709069760000000000,88081.06242059
1709069820000000000,88081.06242059
1709069880000000000,88081.06242059
1709069940000000000,88081.06242059
1709070000000000000,88081.06242059
1709070060000000000,88081.06242059
1709070120000000000,88081.06242059
1709070180000000000,88081.06242059
1709070240000000000,88081.06242059
1709070300000000000,88081.06242059
1709070360000000000,88081.06242059
1709070420000000000,88081.06242059
1709070480000000000,88081.06242059
1709070540000000000,88081.06242059
1709070600000000000,88081.06242059
1709070660000000000,88081.06242059
1709070720000000000,88081.06242059
1709070780000000000,88081.06242059
1709070840000000000,88081.06242059
1709070900000000000,88081.06242059
1709070960000000000,88081.06242059
1709071020000000000,88081.06242059
1709071080000000000,88081.06242059
1709071140000000000,88081.06242059
1709071200000000000,88081.06242059
1709071260000000000,88081.06242059
1709071320000000000,88081.06242059
1709071380000000000,88081.06242059
1709071440000000000,88081.06242059
1709071500000000000,88081.06242059
1709071560000000000,88081.06242059
1709071620000000000,88081.06242059
1709071680000000000,88081.06242059
1709071740000000000,88081.06242059
1709071800000000000,88081.06242059
1709071860000000000,88081.06242059
1709071920000000000,88081.06242059
1709071980000000000,88081.06242059
1709072040000000000,88081.06242059
1709072100000000000,88081.06242059
1709072160000000000,88081.06242059
1709072220000000000,88081.06242059
1709072280000000000,88081.06242059
1709072340000000000,88081.06242059
1709072400000000000,88081.06242059
1709072460000000000,88081.06242059
1709072520000000000,88081.06242059
1709072580000000000,88081.06242059
1709072640000000000,88081.06242059
1709072700000000000,88081.06242059
1709072760000000000,88081.06242059
1709072820000000000,88081.06242059
1709072880000000000,88081.06242059
1709072940000000000,88081.06242059
1709073000000000000,88081.06242059
1709073060000000000,88081.06242059
1709073120000000000,88081.06242059
1709073180000000000,88081.06242059
1709073240000000000,88081.06242059
1709073300000000000,88081.06242059
1709073360000000000,88081.06242059
1709073420000000000,88081.06242059
1709073480000000000,88081.06242059
1709073540000000000,88081.06242059
1709073600000000000,88081.06242059
1709073660000000000,88081.06242059
1709073720000000000,88081.06242059
1709073780000000000,88081.06242059
1709073840000000000,88081.06242059
1709073900000000000,88081.06242059
1709073960000000000,88081.06242059
1709074020000000000,88081.06242059
1709074080000000000,88081.06242059
1709074140000000000,88081.06242059
1709074200000000000,88081.06242059
1709074260000000000,88081.06242059
1709074320000000000,88081.06242059
1709074380000000000,88081.06242059
1709074440000000000,88081.06242059
1709074500000000000,88081.06242059
1709074560000000000,88081.06242059
1709074620000000000,88081.06242059
1709074680000000000,88081.06242059
1709074740000000000,88081.06242059
1709074800000000000,88081.06242059
1709074860000000000,88081.06242059
1709074920000000000,88081.06242059
1709074980000000000,88081.06242059
1709075040000000000,88081.06242059
1709075100000000000,88081.06242059
1709075160000000000,88081.06242059
1709075220000000000,88081.06242059
1709075280000000000,88081.06242059
1709075340000000000,88081.06242059
1709075400000000000,88081.06242059
1709075460000000000,88081.06242059
1709075520000000000,88081.06242059
1709075580000000000,88081.06242059
1709075640000000000,88081.06242059
1709075700000000000,88081.06242059
1709075760000000000,88081.06242059
1709075820000000000,88081.06242059
1709075880000000000,88081.06242059
1709075940000000000,88081.06242059
1709076000000000000,88081.06242059
1709076060000000000,88081.06242059
1709076120000000000,88081.06242059
1709076180000000000,88081.06242059
1709076240000000000,88081.06242059
1709076300000000000,88081.06242059
1709076360000000000,88081.06242059
1709076420000000000,88081.06242059
1709076480000000000,88081.06242059
1709076540000000000,88081.06242059
1709076600000000000,87204.17442988
1709076660000000000,88453.92212988
1709076720000000000,88079.65442988
1709076780000000000,87611.27262988
1709076840000000000,87357.38342988
1709076900000000000,87191.04222988
1709076960000000000,87237.00492988
1709077020000000000,87847.65222988
1709077080000000000,87797.31212988
1709077140000000000,88210.97642988
1709077200000000000,88272.26002988
1709077260000000000,88473.62042988
1709077320000000000,88049.01262988
1709077380000000000,87670.36752988
1709077440000000000,88300.71312988
1709077500000000000,88451.73342988
1709077560000000000,88394.82722988
1709077620000000000,89456.34672988
1709077680000000000,89051.43722988
1709077740000000000,89257.17502988
1709077800000000000,88913.54912988
1709077860000000000,89064.56942988
1709077920000000000,88889.47342988
1709077980000000000,88716.56612988
1709078040000000000,87854.21832988
1709078100000000000,87797.31212988
1709078160000000000,87922.06802988
1709078220000000000,87891.42622988
1709078280000000000,87324.55292988
1709078340000000000,86980.92702988
1709078400000000000,86710.57399074
1709078460000000000,86710.57399074
1709078520000000000,86710.57399074
1709078580000000000,86710.57399074
1709078640000000000,86710.57399074
1709078700000000000,86710.57399074
1709078760000000000,86710.57399074
1709078820000000000,86710.57399074
1709078880000000000,86710.57399074
1709078940000000000,86710.57399074
1709079000000000000,86710.57399074
1709079060000000000,86111.65297181
1709079120000000000,85720.44007181
1709079180000000000,85649.99177181
1709079240000000000,85447.64027181
1709079300000000000,85573.54787181
1709079360000000000,86231.56497181
1709079420000000000,86526.84827181
1709079480000000000,86057.69257181
1709079540000000000,85963.26187181
1709079600000000000,86113.15187181
1709079660000000000,86282.52757181
1709079720000000000,85398.17657181
1709079780000000000,85062.42297181
1709079840000000000,84108.77737514
1709079900000000000,84108.77737514
1709079960000000000,84108.77737514
1709080020000000000,84108.77737514
1709080080000000000,84108.77737514
1709080140000000000,84108.77737514
1709080200000000000,84108.77737514
1709080260000000000,84108.77737514
1709080320000000000,84108.77737514
1709080380000000000,84108.77737514
1709080440000000000,84108.77737514
1709080500000000000,84108.77737514
1709080560000000000,84108.77737514
1709080620000000000,84108.77737514
1709080680000000000,84108.77737514
1709080740000000000,84108.77737514
1709080800000000000,84108.77737514
1709080860000000000,84108.77737514
1709080920000000000,84108.77737514
1709080980000000000,84108.77737514
1709081040000000000,84108.77737514
1709081100000000000,84108.77737514
1709081160000000000,84108.77737514
1709081220000000000,84108.77737514
1709081280000000000,84108.77737514
1709081340000000000,84108.77737514
1709081400000000000,84108.77737514
1709081460000000000,84108.77737514
1709081520000000000,84108.77737514
1709081580000000000,84108.77737514
1709081640000000000,84108.77737514
1709081700000000000,84108.77737514
1709081760000000000,84108.77737514
1709081820000000000,84108.77737514
1709081880000000000,84108.77737514
1709081940000000000,84108.77737514
1709082000000000000,84108.77737514
1709082060000000000,84108.77737514
1709082120000000000,84108.77737514
1709082180000000000,84108.77737514
1709082240000000000,84108.77737514
1709082300000000000,84108.77737514
1709082360000000000,84108.77737514
1709082420000000000,84108.77737514
1709082480000000000,84108.77737514
1709082540000000000,84108.77737514
1709082600000000000,84108.77737514
1709082660000000000,84108.77737514
1709082720000000000,84108.77737514
1709082780000000000,84108.77737514
1709082840000000000,84108.77737514
1709082900000000000,84108.77737514
1709082960000000000,84108.77737514
1709083020000000000,84108.77737514
1709083080000000000,84108.77737514
1709083140000000000,84108.77737514
1709083200000000000,84108.77737514
1709083260000000000,84108.77737514
1709083320000000000,84108.77737514
1709083380000000000,84108.77737514
1709083440000000000,84108.77737514
1709083500000000000,84108.77737514
1709083560000000000,84108.77737514
1709083620000000000,84108.77737514
1709083680000000000,84108.77737514
1709083740000000000,84108.77737514
1709083800000000000,84108.77737514
1709083860000000000,84108.77737514
1709083920000000000,84108.77737514
1709083980000000000,84108.77737514
1709084040000000000,84108.77737514
1709084100000000000,84108.77737514
1709084160000000000,84108.77737514
1709084220000000000,84108.77737514
1709084280000000000,84108.77737514
1709084340000000000,84108.77737514
1709084400000000000,84108.77737514
1709084460000000000,84108.77737514
1709084520000000000,84108.77737514
1709084580000000000,84108.77737514
1709084640000000000,84108.77737514
1709084700000000000,84108.77737514
1709084760000000000,84108.77737514
1709084820000000000,84108.77737514
1709084880000000000,84108.77737514
1709084940000000000,84108.77737514
1709085000000000000,84108.77737514
1709085060000000000,84108.77737514
1709085120000000000,84108.77737514
1709085180000000000,84108.77737514
1709085240000000000,84108.77737514
1709085300000000000,84108.77737514
1709085360000000000,84108.77737514
1709085420000000000,84108.77737514
1709085480000000000,84108.77737514
1709085540000000000,84108.77737514
1709085600000000000,84108.77737514
1709085660000000000,84108.77737514
1709085720000000000,84108.77737514
1709085780000000000,84108.77737514
1709085840000000000,84108.77737514
1709085900000000000,84108.77737514
1709085960000000000,84108.77737514
1709086020000000000,84108.77737514
1709086080000000000,84108.77737514
1709086140000000000,84108.77737514
1709086200000000000,84108.77737514
1709086260000000000,84108.77737514
1709086320000000000,84108.77737514
1709086380000000000,84108.77737514
1709086440000000000,84108.77737514
1709086500000000000,84108.77737514
1709086560000000000,84108.77737514
1709086620000000000,84108.77737514
1709086680000000000,84108.77737514
1709086740000000000,84108.77737514
1709086800000000000,84108.77737514
1709086860000000000,84108.77737514
1709086920000000000,84108.77737514
1709086980000000000,84108.77737514
1709087040000000000,84108.77737514
1709087100000000000,84108.77737514
1709087160000000000,84108.77737514
1709087220000000000,84108.77737514
1709087280000000000,84108.77737514
1709087340000000000,84108.77737514
1709087400000000000,84108.77737514
1709087460000000000,84108.77737514
1709087520000000000,84108.77737514
1709087580000000000,84108.77737514
1709087640000000000,84108.77737514
1709087700000000000,84108.77737514
1709087760000000000,84108.77737514
1709087820000000000,84108.77737514
1709087880000000000,84108.77737514
1709087940000000000,84108.77737514
1709088000000000000,84108.77737514
1709088060000000000,84108.77737514
1709088120000000000,84108.77737514
1709088180000000000,84108.77737514
1709088240000000000,84108.77737514
1709088300000000000,84108.77737514
1709088360000000000,84108.77737514
1709088420000000000,84108.77737514
1709088480000000000,84108.77737514
1709088540000000000,84108.77737514
1709088600000000000,84108.77737514
1709088660000000000,84108.77737514
1709088720000000000,84108.77737514
1709088780000000000,84108.77737514
1709088840000000000,84108.77737514
1709088900000000000,84108.77737514
1709088960000000000,84108.77737514
1709089020000000000,84108.77737514
1709089080000000000,84108.77737514
1709089140000000000,84108.77737514
1709089200000000000,84108.77737514
1709089260000000000,84108.77737514
1709089320000000000,84108.77737514
1709089380000000000,84108.77737514
1709089440000000000,84108.77737514
1709089500000000000,84108.77737514
1709089560000000000,84108.77737514
1709089620000000000,84108.77737514
1709089680000000000,84108.77737514
1709089740000000000,84108.77737514
1709089800000000000,84108.77737514
1709089860000000000,84108.77737514
1709089920000000000,84108.77737514
1709089980000000000,84108.77737514
1709090040000000000,84108.77737514
1709090100000000000,84108.77737514
1709090160000000000,84108.77737514
1709090220000000000,84108.77737514
1709090280000000000,84108.77737514
1709090340000000000,84108.77737514
1709090400000000000,84108.77737514
1709090460000000000,84108.77737514
1709090520000000000,84108.77737514
1709090580000000000,84108.77737514
1709090640000000000,84108.77737514
1709090700000000000,84108.77737514
1709090760000000000,84108.77737514
1709090820000000000,84108.77737514
1709090880000000000,84108.77737514
1709090940000000000,84108.77737514
1709091000000000000,84108.77737514
1709091060000000000,84108.77737514
1709091120000000000,84108.77737514
1709091180000000000,84108.77737514
1709091240000000000,84108.77737514
1709091300000000000,84108.77737514
1709091360000000000,84108.77737514
1709091420000000000,84108.77737514
1709091480000000000,84108.77737514
1709091540000000000,84108.77737514
1709091600000000000,84108.77737514
1709091660000000000,84108.77737514
1709091720000000000,84108.77737514
1709091780000000000,84108.77737514
1709091840000000000,84108.77737514
1709091900000000000,84108.77737514
1709091960000000000,84108.77737514
1709092020000000000,84108.77737514
1709092080000000000,84108.77737514
1709092140000000000,84108.77737514
1709092200000000000,84108.77737514
1709092260000000000,84108.77737514
1709092320000000000,84108.77737514
1709092380000000000,84108.77737514
1709092440000000000,84108.77737514
1709092500000000000,84108.77737514
1709092560000000000,84108.77737514
1709092620000000000,84108.77737514
1709092680000000000,84108.77737514
1709092740000000000,84108.77737514
1709092800000000000,84108.77737514
1709092860000000000,84108.77737514
1709092920000000000,84108.77737514
1709092980000000000,84108.77737514
1709093040000000000,84108.77737514
1709093100000000000,84108.77737514
1709093160000000000,84108.77737514
1709093220000000000,84108.77737514
1709093280000000000,84108.77737514
1709093340000000000,84108.77737514
1709093400000000000,84108.77737514
1709093460000000000,84108.77737514
1709093520000000000,84108.77737514
1709093580000000000,84108.77737514
1709093640000000000,84108.77737514
1709093700000000000,84108.77737514
1709093760000000000,84108.77737514
1709093820000000000,84108.77737514
1709093880000000000,84108.77737514
1709093940000000000,84108.77737514
1709094000000000000,84108.77737514
1709094060000000000,84108.77737514
1709094120000000000,84108.77737514
1709094180000000000,84108.77737514
1709094240000000000,84108.77737514
1709094300000000000,84108.77737514
1709094360000000000,84108.77737514
1709094420000000000,84108.77737514
1709094480000000000,84108.77737514
1709094540000000000,84108.77737514
1709094600000000000,84108.77737514
1709094660000000000,84108.77737514
1709094720000000000,84108.77737514
1709094780000000000,84108.77737514
1709094840000000000,84108.77737514
1709094900000000000,84108.77737514
1709094960000000000,84108.77737514
1709095020000000000,84108.77737514
1709095080000000000,84108.77737514
1709095140000000000,84108.77737514
1709095200000000000,84108.77737514
1709095260000000000,84108.77737514
1709095320000000000,84108.77737514
1709095380000000000,84108.77737514
1709095440000000000,84108.77737514
1709095500000000000,84108.77737514
1709095560000000000,84108.77737514
1709095620000000000,84108.77737514
1709095680000000000,84108.77737514
1709095740000000000,84108.77737514
1709095800000000000,84108.77737514
1709095860000000000,84108.77737514
1709095920000000000,84108.77737514
1709095980000000000,84108.77737514
1709096040000000000,84108.77737514
1709096100000000000,84108.77737514
1709096160000000000,84108.77737514
1709096220000000000,84108.77737514
1709096280000000000,84108.77737514
1709096340000000000,84108.77737514
1709096400000000000,84108.77737514
1709096460000000000,84108.77737514
1709096520000000000,84108.77737514
1709096580000000000,84108.77737514
1709096640000000000,84108.77737514
1709096700000000000,84108.77737514
1709096760000000000,84108.77737514
1709096820000000000,84108.77737514
1709096880000000000,84108.77737514
1709096940000000000,84108.77737514
1709097000000000000,84108.77737514
1709097060000000000,84108.77737514
1709097120000000000,84108.77737514
1709097180000000000,84108.77737514
1709097240000000000,84108.77737514
1709097300000000000,84108.77737514
1709097360000000000,84108.77737514
1709097420000000000,84108.77737514
1709097480000000000,83265.23271939
1709097540000000000,82994.01021939
1709097600000000000,81586.40833539
1709097660000000000,81586.40833539
1709097720000000000,81586.40833539
1709097780000000000,81586.40833539
1709097840000000000,81586.40833539
1709097900000000000,81586.40833539
1709097960000000000,81586.40833539
1709098020000000000,81586.40833539
1709098080000000000,81586.40833539
1709098140000000000,81586.40833539
1709098200000000000,81586.40833539
1709098260000000000,81586.40833539
1709098320000000000,81586.40833539
1709098380000000000,81586.40833539
1709098440000000000,81586.40833539
1709098500000000000,81586.40833539
1709098560000000000,81586.40833539
1709098620000000000,81586.40833539
1709098680000000000,81586.40833539
1709098740000000000,81586.40833539
1709098800000000000,81586.40833539
1709098860000000000,81586.40833539
1709098920000000000,81586.40833539
1709098980000000000,81586.40833539
1709099040000000000,81586.40833539
1709099100000000000,81586.40833539
1709099160000000000,81586.40833539
1709099220000000000,81586.40833539
1709099280000000000,81586.40833539
1709099340000000000,81586.40833539
1709099400000000000,81586.40833539
1709099460000000000,81586.40833539
1709099520000000000,81586.40833539
1709099580000000000,81586.40833539
1709099640000000000,81586.40833539
1709099700000000000,81586.40833539
1709099760000000000,81586.40833539
1709099820000000000,81586.40833539
1709099880000000000,81586.40833539
1709099940000000000,81586.40833539
1709100000000000000,81586.40833539
1709100060000000000,81586.40833539
1709100120000000000,81586.40833539
1709100180000000000,81586.40833539
1709100240000000000,81586.40833539
1709100300000000000,81586.40833539
1709100360000000000,81586.40833539
1709100420000000000,81586.40833539
1709100480000000000,81586.40833539
1709100540000000000,81586.40833539
1709100600000000000,81586.40833539
1709100660000000000,81586.40833539
1709100720000000000,81586.40833539
1709100780000000000,81586.40833539
1709100840000000000,81586.40833539
1709100900000000000,81586.40833539
1709100960000000000,81586.40833539
1709101020000000000,81586.40833539
1709101080000000000,81586.40833539
1709101140000000000,81586.40833539
1709101200000000000,81586.40833539
1709101260000000000,81586.40833539
1709101320000000000,81586.40833539
1709101380000000000,81586.40833539
1709101440000000000,81586.40833539
1709101500000000000,81586.40833539
1709101560000000000,81586.40833539
1709101620000000000,81586.40833539
1709101680000000000,81586.40833539
1709101740000000000,81586.40833539
1709101800000000000,81586.40833539
1709101860000000000,81586.40833539
1709101920000000000,81586.40833539
1709101980000000000,81586.40833539
1709102040000000000,81586.40833539
1709102100000000000,81586.40833539
1709102160000000000,81586.40833539
1709102220000000000,81586.40833539
1709102280000000000,81586.40833539
1709102340000000000,81586.40833539
1709102400000000000,81586.40833539
1709102460000000000,81586.40833539
1709102520000000000,81586.40833539
1709102580000000000,81586.40833539
1709102640000000000,81586.40833539
1709102700000000000,81586.40833539
1709102760000000000,81586.40833539
1709102820000000000,81586.40833539
1709102880000000000,81586.40833539
1709102940000000000,81586.40833539
1709103000000000000,81586.40833539
1709103060000000000,81586.40833539
1709103120000000000,81586.40833539
1709103180000000000,81586.40833539
1709103240000000000,81586.40833539
1709103300000000000,81586.40833539
1709103360000000000,81586.40833539
1709103420000000000,81586.40833539
1709103480000000000,81586.40833539
1709103540000000000,81586.40833539
1709103600000000000,81586.40833539
1709103660000000000,81586.40833539
1709103720000000000,81586.40833539
1709103780000000000,81586.40833539
1709103840000000000,81586.40833539
1709103900000000000,81586.40833539
1709103960000000000,81586.40833539
1709104020000000000,81586.40833539
1709104080000000000,81586.40833539
1709104140000000000,81586.40833539
1709104200000000000,81586.40833539
1709104260000000000,81586.40833539
1709104320000000000,81586.40833539
1709104380000000000,81586.40833539
1709104440000000000,81586.40833539
1709104500000000000,81586.40833539
1709104560000000000,81586.40833539
1709104620000000000,81586.40833539
1709104680000000000,81586.40833539
1709104740000000000,81586.40833539
1709104800000000000,81586.40833539
1709104860000000000,81586.40833539
1709104920000000000,81586.40833539
1709104980000000000,81586.40833539
1709105040000000000,81586.40833539
1709105100000000000,81586.40833539
1709105160000000000,81586.40833539
1709105220000000000,81586.40833539
1709105280000000000,81586.40833539
1709105340000000000,81586.40833539
1709105400000000000,81586.40833539
1709105460000000000,81586.40833539
1709105520000000000,81586.40833539
1709105580000000000,81586.40833539
1709105640000000000,81586.40833539
1709105700000000000,81586.40833539
1709105760000000000,81586.40833539
1709105820000000000,81586.40833539
1709105880000000000,81586.40833539
1709105940000000000,81586.40833539
1709106000000000000,81586.40833539
1709106060000000000,81586.40833539
1709106120000000000,81586.40833539
1709106180000000000,81586.40833539
1709106240000000000,81586.40833539
1709106300000000000,81586.40833539
1709106360000000000,81586.40833539
1709106420000000000,81586.40833539
1709106480000000000,81586.40833539
1709106540000000000,81586.40833539
1709106600000000000,81586.40833539
1709106660000000000,81586.40833539
1709106720000000000,81586.40833539
1709106780000000000,81586.40833539
1709106840000000000,81586.40833539
1709106900000000000,81586.40833539
1709106960000000000,81586.40833539
1709107020000000000,81586.40833539
1709107080000000000,81586.40833539
1709107140000000000,81586.40833539
1709107200000000000,81586.40833539
1709107260000000000,81586.40833539
1709107320000000000,81586.40833539
1709107380000000000,81586.40833539
1709107440000000000,81586.40833539
1709107500000000000,81586.40833539
1709107560000000000,81586.40833539
1709107620000000000,81586.40833539
1709107680000000000,81586.40833539
1709107740000000000,81586.40833539
1709107800000000000,81586.40833539
1709107860000000000,81586.40833539
1709107920000000000,81157.27377174
1709107980000000000,82853.57577174
1709108040000000000,81380.30607174
1709108100000000000,80201.27147174
1709108160000000000,81176.12157174
1709108220000000000,79947.87327174
1709108280000000000,79138.57512666
1709108340000000000,79138.57512666
1709108400000000000,79138.57512666
1709108460000000000,79138.57512666
1709108520000000000,79138.57512666
1709108580000000000,79138.57512666
1709108640000000000,79138.57512666
1709108700000000000,79138.57512666
1709108760000000000,79138.57512666
1709108820000000000,79138.57512666
1709108880000000000,79138.57512666
1709108940000000000,79138.57512666
1709109000000000000,79138.57512666
1709109060000000000,79138.57512666
1709109120000000000,79138.57512666
1709109180000000000,79138.57512666
1709109240000000000,79138.57512666
1709109300000000000,79138.57512666
1709109360000000000,79138.57512666
1709109420000000000,79138.57512666
1709109480000000000,79138.57512666
1709109540000000000,79138.57512666
1709109600000000000,79138.57512666
1709109660000000000,79138.57512666
1709109720000000000,79138.57512666
1709109780000000000,79138.57512666
1709109840000000000,79138.57512666
1709109900000000000,79138.57512666
1709109960000000000,79138.57512666
1709110020000000000,79138.57512666
1709110080000000000,79138.57512666
1709110140000000000,79138.57512666
1709110200000000000,79138.57512666
1709110260000000000,79138.57512666
1709110320000000000,79138.57512666
1709110380000000000,79138.57512666
1709110440000000000,79138.57512666
1709110500000000000,79138.57512666
1709110560000000000,79138.57512666
1709110620000000000,79138.57512666
1709110680000000000,79138.57512666
1709110740000000000,79138.57512666
1709110800000000000,79138.57512666
1709110860000000000,79138.57512666
1709110920000000000,79138.57512666
1709110980000000000,79138.57512666
1709111040000000000,79138.57512666
1709111100000000000,79138.57512666
1709111160000000000,79138.57512666
1709111220000000000,79138.57512666
1709111280000000000,79138.57512666
1709111340000000000,79138.57512666
1709111400000000000,79138.57512666
1709111460000000000,79138.57512666
1709111520000000000,79138.57512666
1709111580000000000,79138.57512666
1709111640000000000,79138.57512666
1709111700000000000,79138.57512666
1709111760000000000,79138.57512666
1709111820000000000,79138.57512666
1709111880000000000,79138.57512666
1709111940000000000,79138.57512666
1709112000000000000,79138.57512666
1709112060000000000,79138.57512666
1709112120000000000,79138.57512666
1709112180000000000,78685.30105734
1709112240000000000,78449.29945734
1709112300000000000,78347.68765734
1709112360000000000,79304.80525734
1709112420000000000,78653.61565734
1709112480000000000,78154.29745734
1709112540000000000,78110.59345734
1709112600000000000,78845.91325734
1709112660000000000,78766.15345734
1709112720000000000,79589.97385734
1709112780000000000,78866.67265734
1709112840000000000,79459.95445734
1709112900000000000,79479.62125734
1709112960000000000,78494.09605734
1709113020000000000,78170.68645734
1709113080000000000,78922.39525734
1709113140000000000,79120.15585734
1709113200000000000,79316.82385734
1709113260000000000,78899.45065734
1709113320000000000,78568.39285734
1709113380000000000,79119.06325734
1709113440000000000,79081.91485734
1709113500000000000,79209.74905734
1709113560000000000,79446.84325734
1709113620000000000,80138.45905734
1709113680000000000,80573.31385734
1709113740000000000,80986.31665734
1709113800000000000,81334.85605734
1709113860000000000,80556.92485734
1709113920000000000,81803.58145734
1709113980000000000,80786.92283886
1709114040000000000,80786.92283886
1709114100000000000,80786.92283886
1709114160000000000,80786.92283886
1709114220000000000,80786.92283886
1709114280000000000,80786.92283886
1709114340000000000,80786.92283886
1709114400000000000,80786.92283886
1709114460000000000,80786.92283886
1709114520000000000,80786.92283886
1709114580000000000,80786.92283886
1709114640000000000,80786.92283886
1709114700000000000,80786.92283886
1709114760000000000,80786.92283886
1709114820000000000,80786.92283886
1709114880000000000,80786.92283886
1709114940000000000,80786.92283886
1709115000000000000,80786.92283886
1709115060000000000,80786.92283886
1709115120000000000,80786.92283886
1709115180000000000,80786.92283886
1709115240000000000,80786.92283886
1709115300000000000,80786.92283886
1709115360000000000,80786.92283886
1709115420000000000,80786.92283886
1709115480000000000,80786.92283886
1709115540000000000,80786.92283886
1709115600000000000,80786.92283886
1709115660000000000,80786.92283886
1709115720000000000,80786.92283886
1709115780000000000,80786.92283886
1709115840000000000,80786.92283886
1709115900000000000,80786.92283886
1709115960000000000,80786.92283886
1709116020000000000,80786.92283886
1709116080000000000,80786.92283886
1709116140000000000,80786.92283886
1709116200000000000,80786.92283886
1709116260000000000,80786.92283886
1709116320000000000,80786.92283886
1709116380000000000,80786.92283886
1709116440000000000,80786.92283886
1709116500000000000,80786.92283886
1709116560000000000,80786.92283886
1709116620000000000,80786.92283886
1709116680000000000,80786.92283886
1709116740000000000,80786.92283886
1709116800000000000,80786.92283886
1709116860000000000,80786.92283886
1709116920000000000,80786.92283886
1709116980000000000,80786.92283886
1709117040000000000,80786.92283886
1709117100000000000,80786.92283886
1709117160000000000,80786.92283886
1709117220000000000,80786.92283886
1709117280000000000,80786.92283886
1709117340000000000,80786.92283886
1709117400000000000,80786.92283886
1709117460000000000,80786.92283886
1709117520000000000,80786.92283886
1709117580000000000,80786.92283886
1709117640000000000,80786.92283886
1709117700000000000,80786.92283886
1709117760000000000,80786.92283886
1709117820000000000,80786.92283886
1709117880000000000,80786.92283886
1709117940000000000,80786.92283886
1709118000000000000,80786.92283886
1709118060000000000,80786.92283886
1709118120000000000,80786.92283886
1709118180000000000,80786.92283886
1709118240000000000,80786.92283886
1709118300000000000,80786.92283886
1709118360000000000,80786.92283886
1709118420000000000,80786.92283886
1709118480000000000,80786.92283886
1709118540000000000,80786.92283886
1709118600000000000,80786.92283886
1709118660000000000,80786.92283886
1709118720000000000,80786.92283886
1709118780000000000,80786.92283886
1709118840000000000,80786.92283886
1709118900000000000,80786.92283886
1709118960000000000,80786.92283886
1709119020000000000,80786.92283886
1709119080000000000,80786.92283886
1709119140000000000,80786.92283886
1709119200000000000,80786.92283886
1709119260000000000,80786.92283886
1709119320000000000,80786.92283886
1709119380000000000,80786.92283886
1709119440000000000,80786.92283886
1709119500000000000,80786.92283886
1709119560000000000,80786.92283886
1709119620000000000,80786.92283886
1709119680000000000,80786.92283886
1709119740000000000,80786.92283886
1709119800000000000,80786.92283886
1709119860000000000,80786.92283886
1709119920000000000,80786.92283886
1709119980000000000,80786.92283886
1709120040000000000,80786.92283886
1709120100000000000,80786.92283886
1709120160000000000,80786.92283886
1709120220000000000,80786.92283886
1709120280000000000,80786.92283886
1709120340000000000,80786.92283886
1709120400000000000,80786.92283886
1709120460000000000,80786.92283886
1709120520000000000,80786.92283886
1709120580000000000,80786.92283886
1709120640000000000,80786.92283886
1709120700000000000,80786.92283886
1709120760000000000,80786.92283886
1709120820000000000,80786.92283886
1709120880000000000,80786.92283886
1709120940000000000,80786.92283886
1709121000000000000,80786.92283886
1709121060000000000,80786.92283886
1709121120000000000,80786.92283886
1709121180000000000,80786.92283886
1709121240000000000,80786.92283886
1709121300000000000,80786.92283886
1709121360000000000,80786.92283886
1709121420000000000,80786.92283886
1709121480000000000,80786.92283886
1709121540000000000,80786.92283886
1709121600000000000,80786.92283886
1709121660000000000,80786.92283886
1709121720000000000,80786.92283886
1709121780000000000,80786.92283886
1709121840000000000,80786.92283886
1709121900000000000,80786.92283886
1709121960000000000,80786.92283886
1709122020000000000,80786.92283886
1709122080000000000,80786.92283886
1709122140000000000,80786.92283886
1709122200000000000,80786.92283886
1709122260000000000,80786.92283886
1709122320000000000,80786.92283886
1709122380000000000,80786.92283886
1709122440000000000,80786.92283886
1709122500000000000,80786.92283886
1709122560000000000,80786.92283886
1709122620000000000,80786.92283886
1709122680000000000,80786.92283886
1709122740000000000,80181.13201863
1709122800000000000,80342.93671863
1709122860000000000,80714.65021863
1709122920000000000,80988.69781863
1709122980000000000,80201.53981863
1709123040000000000,78363.14251353
1709123100000000000,78363.14251353
1709123160000000000,78363.14251353
1709123220000000000,78363.14251353
1709123280000000000,78363.14251353
1709123340000000000,78363.14251353
1709123400000000000,78363.14251353
1709123460000000000,78363.14251353
1709123520000000000,78363.14251353
1709123580000000000,78363.14251353
1709123640000000000,78363.14251353
1709123700000000000,78363.14251353
1709123760000000000,78363.14251353
1709123820000000000,78363.14251353
1709123880000000000,78363.14251353
1709123940000000000,78363.14251353
1709124000000000000,78363.14251353
1709124060000000000,78363.14251353
1709124120000000000,78363.14251353
1709124180000000000,78363.14251353
1709124240000000000,78363.14251353
1709124300000000000,78363.14251353
1709124360000000000,78363.14251353
1709124420000000000,78363.14251353
1709124480000000000,78363.14251353
1709124540000000000,78363.14251353
1709124600000000000,78363.14251353
1709124660000000000,78363.14251353
1709124720000000000,78363.14251353
1709124780000000000,78363.14251353
1709124840000000000,78363.14251353
1709124900000000000,78363.14251353
1709124960000000000,78363.14251353
1709125020000000000,78363.14251353
1709125080000000000,78363.14251353
1709125140000000000,78363.14251353
1709125200000000000,78363.14251353
1709125260000000000,78363.14251353
1709125320000000000,78363.14251353
1709125380000000000,78363.14251353
1709125440000000000,78363.14251353
1709125500000000000,78363.14251353
1709125560000000000,78363.14251353
1709125620000000000,78363.14251353
1709125680000000000,78363.14251353
1709125740000000000,78068.72795661
1709125800000000000,77397.11195661
1709125860000000000,77438.38835661
1709125920000000000,77823.86795661
1709125980000000000,77537.73155661
1709126040000000000,77422.99715661
1709126100000000000,77312.46035661
1709126160000000000,76012.55647353
1709126220000000000,76012.55647353
1709126280000000000,76012.55647353
1709126340000000000,76012.55647353
1709126400000000000,76012.55647353
1709126460000000000,76012.55647353
1709126520000000000,76012.55647353
1709126580000000000,76012.55647353
1709126640000000000,76012.55647353
1709126700000000000,76012.55647353
1709126760000000000,76012.55647353
1709126820000000000,76012.55647353
1709126880000000000,76012.55647353
1709126940000000000,75769.31668596
1709127000000000000,75309.39668596
1709127060000000000,76036.64518596
1709127120000000000,75698.60398596
1709127180000000000,74699.42778596
1709127240000000000,73732.28311679
1709127300000000000,73732.28311679
1709127360000000000,73732.28311679
1709127420000000000,73732.28311679
1709127480000000000,73732.28311679
1709127540000000000,73732.28311679
1709127600000000000,73732.28311679
1709127660000000000,73732.28311679
1709127720000000000,73732.28311679
1709127780000000000,73732.28311679
1709127840000000000,73732.28311679
1709127900000000000,73732.28311679
1709127960000000000,73732.28311679
1709128020000000000,73732.28311679
1709128080000000000,73732.28311679
1709128140000000000,73732.28311679
1709128200000000000,73732.28311679
1709128260000000000,73732.28311679
1709128320000000000,73732.28311679
1709128380000000000,73732.28311679
1709128440000000000,73732.28311679
1709128500000000000,73732.28311679
1709128560000000000,73732.28311679
1709128620000000000,73732.28311679
1709128680000000000,73259.7820461
1709128740000000000,73814.5203461
1709128800000000000,72892.9210461
1709128860000000000,72580.5333461
1709128920000000000,73436.5423461
1709128980000000000,75015.1563461
1709129040000000000,75130.7731461
1709129100000000000,74417.0617461
1709129160000000000,74876.1938461
1709129220000000000,73586.6218461
1709129280000000000,73965.7115461
1709129340000000000,75336.4376461
1709129400000000000,75006.2627461
1709129460000000000,73881.2223461
1709129520000000000,72725.0543461
1709129580000000000,71520.83166839
1709129640000000000,71520.83166839
1709129700000000000,71520.83166839
1709129760000000000,71520.83166839
1709129820000000000,71520.83166839
1709129880000000000,71520.83166839
1709129940000000000,71520.83166839
1709130000000000000,71520.83166839
1709130060000000000,71520.83166839
1709130120000000000,71520.83166839
1709130180000000000,71520.83166839
1709130240000000000,71520.83166839
1709130300000000000,71520.83166839
1709130360000000000,71520.83166839
1709130420000000000,71520.83166839
1709130480000000000,71520.83166839
1709130540000000000,71520.83166839
1709130600000000000,71113.92813462
1709130660000000000,70579.51863462
1709130720000000000,69375.30520643
1709130780000000000,69375.30520643
1709130840000000000,69375.30520643
1709130900000000000,69375.30520643
1709130960000000000,69375.30520643
1709131020000000000,69375.30520643
1709131080000000000,69375.30520643
1709131140000000000,69375.30520643
1709131200000000000,69375.30520643
1709131260000000000,69375.30520643
1709131320000000000,69375.30520643
1709131380000000000,69375.30520643
1709131440000000000,69375.30520643
1709131500000000000,69375.30520643
1709131560000000000,69375.30520643
1709131620000000000,69375.30520643
1709131680000000000,69375.30520643
1709131740000000000,69375.30520643
1709131800000000000,69375.30520643
1709131860000000000,69375.30520643
1709131920000000000,69375.30520643
1709131980000000000,69375.30520643
1709132040000000000,69375.30520643
1709132100000000000,69375.30520643
1709132160000000000,69375.30520643
1709132220000000000,69375.30520643
1709132280000000000,69375.30520643
1709132340000000000,69375.30520643
1709132400000000000,69375.30520643
1709132460000000000,69375.30520643
1709132520000000000,69375.30520643
1709132580000000000,69375.30520643
1709132640000000000,69375.30520643
1709132700000000000,69375.30520643
1709132760000000000,69375.30520643
1709132820000000000,69092.29630193
1709132880000000000,67922.56130193
1709132940000000000,67883.99130193
1709133000000000000,67294.02152293
1709133060000000000,67294.02152293
1709133120000000000,67294.02152293
1709133180000000000,67294.02152293
1709133240000000000,67294.02152293
1709133300000000000,67294.02152293
1709133360000000000,67294.02152293
1709133420000000000,67294.02152293
1709133480000000000,67036.65106201
1709133540000000000,66617.64166201
1709133600000000000,66675.27046201
1709133660000000000,67755.81046201
1709133720000000000,67397.43136201
1709133780000000000,67705.38526201
1709133840000000000,67862.06356201
1709133900000000000,67591.92856201
1709133960000000000,66424.34506201
1709134020000000000,67068.46696201
1709134080000000000,67195.73056201
1709134140000000000,66521.59366201
1709134200000000000,66687.27646201
1709134260000000000,67458.66196201
1709134320000000000,66988.02676201
1709134380000000000,67200.53296201
1709134440000000000,66380.52316201
1709134500000000000,66861.36346201
1709134560000000000,66418.34206201
1709134620000000000,66698.08186201
1709134680000000000,67051.05826201
1709134740000000000,67488.07666201
1709134800000000000,67486.27576201
1709134860000000000,67416.04066201
1709134920000000000,67938.30166201
1709134980000000000,68396.33056201
1709135040000000000,68453.95936201
1709135100000000000,68102.18356201
1709135160000000000,67682.57386201
1709135220000000000,68022.34366201
1709135280000000000,67250.24440531
1709135340000000000,67250.24440531
1709135400000000000,67250.24440531
1709135460000000000,67250.24440531
1709135520000000000,67250.24440531
1709135580000000000,67250.24440531
1709135640000000000,67250.24440531
1709135700000000000,67250.24440531
1709135760000000000,67250.24440531
1709135820000000000,67250.24440531
1709135880000000000,67250.24440531
1709135940000000000,67250.24440531
1709136000000000000,67250.24440531
1709136060000000000,67250.24440531
1709136120000000000,67250.24440531
1709136180000000000,67250.24440531
1709136240000000000,67250.24440531
1709136300000000000,67250.24440531
1709136360000000000,67250.24440531
1709136420000000000,67250.24440531
1709136480000000000,67250.24440531
1709136540000000000,67250.24440531
1709136600000000000,67250.24440531
1709136660000000000,67250.24440531
1709136720000000000,67250.24440531
1709136780000000000,67250.24440531
1709136840000000000,67250.24440531
1709136900000000000,67250.24440531
1709136960000000000,67250.24440531
1709137020000000000,67250.24440531
1709137080000000000,67250.24440531
1709137140000000000,67250.24440531
1709137200000000000,67250.24440531
1709137260000000000,67250.24440531
1709137320000000000,67250.24440531
1709137380000000000,67250.24440531
1709137440000000000,67250.24440531
1709137500000000000,67250.24440531
1709137560000000000,67250.24440531
1709137620000000000,67250.24440531
1709137680000000000,67250.24440531
1709137740000000000,67250.24440531
1709137800000000000,67250.24440531
1709137860000000000,67250.24440531
1709137920000000000,67250.24440531
1709137980000000000,67250.24440531
1709138040000000000,67250.24440531
1709138100000000000,67250.24440531
1709138160000000000,67250.24440531
1709138220000000000,67250.24440531
1709138280000000000,67250.24440531
1709138340000000000,67250.24440531
1709138400000000000,67250.24440531
1709138460000000000,67250.24440531
1709138520000000000,67250.24440531
1709138580000000000,67250.24440531
1709138640000000000,66843.17331909
1709138700000000000,66893.91711909
1709138760000000000,65910.05121909
1709138820000000000,65232.44294609
1709138880000000000,65232.44294609
1709138940000000000,65232.44294609
1709139000000000000,65232.44294609
1709139060000000000,65232.44294609
1709139120000000000,65232.44294609
1709139180000000000,65232.44294609
1709139240000000000,65232.44294609
1709139300000000000,65232.44294609
1709139360000000000,65232.44294609
1709139420000000000,65232.44294609
1709139480000000000,65232.44294609
1709139540000000000,65232.44294609
1709139600000000000,65232.44294609
1709139660000000000,65232.44294609
1709139720000000000,65232.44294609
1709139780000000000,65232.44294609
1709139840000000000,65232.44294609
1709139900000000000,65232.44294609
1709139960000000000,65232.44294609
1709140020000000000,65232.44294609
1709140080000000000,65232.44294609
1709140140000000000,65232.44294609
1709140200000000000,65232.44294609
1709140260000000000,65232.44294609
1709140320000000000,65232.44294609
1709140380000000000,65232.44294609
1709140440000000000,65232.44294609
1709140500000000000,65232.44294609
1709140560000000000,65232.44294609
1709140620000000000,65232.44294609
1709140680000000000,65133.54968288
1709140740000000000,64543.07378288
1709140800000000000,65585.78188288
1709140860000000000,65144.86658288
1709140920000000000,65225.41628288
1709140980000000000,65428.67668288
1709141040000000000,65959.68338288
1709141100000000000,66575.67778288
1709141160000000000,67863.19690255
1709141220000000000,67863.19690255
1709141280000000000,67863.19690255
1709141340000000000,67863.19690255
1709141400000000000,67863.19690255
1709141460000000000,67750.74435415
1709141520000000000,69407.96094303
1709141580000000000,69407.96094303
1709141640000000000,69407.96094303
1709141700000000000,69407.96094303
1709141760000000000,69407.96094303
1709141820000000000,69407.96094303
1709141880000000000,69280.85802011
1709141940000000000,68326.64092011
1709142000000000000,67325.99553895
1709142060000000000,67325.99553895
1709142120000000000,67325.99553895
1709142180000000000,67325.99553895
1709142240000000000,67325.99553895
1709142300000000000,67106.49457936
1709142360000000000,65306.3278741
1709142420000000000,65306.3278741
1709142480000000000,65306.3278741
1709142540000000000,65134.2685804
1709142600000000000,65417.1595804
1709142660000000000,65401.1995804
1709142720000000000,64181.8555804
1709142780000000000,63347.3910103
1709142840000000000,63347.3910103
1709142900000000000,63347.3910103
1709142960000000000,63347.3910103
1709143020000000000,63347.3910103
1709143080000000000,63347.3910103
1709143140000000000,63347.3910103
1709143200000000000,63347.3910103
1709143260000000000,63347.3910103
1709143320000000000,63347.3910103
1709143380000000000,63347.3910103
1709143440000000000,63347.3910103
1709143500000000000,63347.3910103
1709143560000000000,63347.3910103
1709143620000000000,63347.3910103
1709143680000000000,63347.3910103
1709143740000000000,63347.3910103
1709143800000000000,63347.3910103
1709143860000000000,63347.3910103
1709143920000000000,63347.3910103
1709143980000000000,63347.3910103
1709144040000000000,63347.3910103
1709144100000000000,63347.3910103
1709144160000000000,63347.3910103
1709144220000000000,63347.3910103
1709144280000000000,63347.3910103
1709144340000000000,63347.3910103
1709144400000000000,63347.3910103
1709144460000000000,63347.3910103
1709144520000000000,63347.3910103
1709144580000000000,63347.3910103
1709144640000000000,63347.3910103
1709144700000000000,63347.3910103
1709144760000000000,63347.3910103
1709144820000000000,63347.3910103
1709144880000000000,63347.3910103
1709144940000000000,63347.3910103
1709145000000000000,63347.3910103
1709145060000000000,63347.3910103
1709145120000000000,63347.3910103
1709145180000000000,63347.3910103
1709145240000000000,63347.3910103
1709145300000000000,63347.3910103
1709145360000000000,63347.3910103
1709145420000000000,63347.3910103
1709145480000000000,63347.3910103
1709145540000000000,63347.3910103
1709145600000000000,63347.3910103
1709145660000000000,63347.3910103
1709145720000000000,63347.3910103
1709145780000000000,63347.3910103
1709145840000000000,63347.3910103
1709145900000000000,63347.3910103
1709145960000000000,63347.3910103
1709146020000000000,63347.3910103
1709146080000000000,63347.3910103
1709146140000000000,63347.3910103
1709146200000000000,63347.3910103
1709146260000000000,63347.3910103
1709146320000000000,63347.3910103
1709146380000000000,63347.3910103
1709146440000000000,63347.3910103
1709146500000000000,63347.3910103
1709146560000000000,63347.3910103
1709146620000000000,63347.3910103
1709146680000000000,63347.3910103
1709146740000000000,63347.3910103
1709146800000000000,63347.3910103
1709146860000000000,63347.3910103
1709146920000000000,63347.3910103
1709146980000000000,63347.3910103
1709147040000000000,63347.3910103
1709147100000000000,63347.3910103
1709147160000000000,63347.3910103
1709147220000000000,63347.3910103
1709147280000000000,63347.3910103
1709147340000000000,63347.3910103
1709147400000000000,63347.3910103
1709147460000000000,63347.3910103
1709147520000000000,63347.3910103
1709147580000000000,63347.3910103
1709147640000000000,63347.3910103
1709147700000000000,63347.3910103
1709147760000000000,63347.3910103
1709147820000000000,63347.3910103
1709147880000000000,63347.3910103
1709147940000000000,63347.3910103
1709148000000000000,63347.3910103
1709148060000000000,63347.3910103
1709148120000000000,63347.3910103
1709148180000000000,63347.3910103
1709148240000000000,63347.3910103
1709148300000000000,63347.3910103
1709148360000000000,63347.3910103
1709148420000000000,63347.3910103
1709148480000000000,63347.3910103
1709148540000000000,63347.3910103
1709148600000000000,63347.3910103
1709148660000000000,63347.3910103
1709148720000000000,63347.3910103
1709148780000000000,63347.3910103
1709148840000000000,63347.3910103
1709148900000000000,63347.3910103
1709148960000000000,63347.3910103
1709149020000000000,63347.3910103
1709149080000000000,63347.3910103
1709149140000000000,63347.3910103
1709149200000000000,63347.3910103
1709149260000000000,63347.3910103
1709149320000000000,63347.3910103
1709149380000000000,63347.3910103
1709149440000000000,63347.3910103
1709149500000000000,63347.3910103
1709149560000000000,63347.3910103
1709149620000000000,63347.3910103
1709149680000000000,63347.3910103
1709149740000000000,63347.3910103
1709149800000000000,63347.3910103
1709149860000000000,63347.3910103
1709149920000000000,63347.3910103
1709149980000000000,63347.3910103
1709150040000000000,63347.3910103
1709150100000000000,63347.3910103
1709150160000000000,63347.3910103
1709150220000000000,63347.3910103
1709150280000000000,63347.3910103
1709150340000000000,63347.3910103
1709150400000000000,63347.3910103
1709150460000000000,63347.3910103
1709150520000000000,63347.3910103
1709150580000000000,63347.3910103
1709150640000000000,63347.3910103
1709150700000000000,63347.3910103
1709150760000000000,63347.3910103
1709150820000000000,63347.3910103
1709150880000000000,63347.3910103
1709150940000000000,63347.3910103
1709151000000000000,63347.3910103
1709151060000000000,63113.7896255
1709151120000000000,62225.8312255
1709151180000000000,62869.5736255
1709151240000000000,62713.1656255
1709151300000000000,62996.8952255
1709151360000000000,62128.1448255
1709151420000000000,61447.1784191
1709151480000000000,61447.1784191
1709151540000000000,61447.1784191
1709151600000000000,61447.1784191
1709151660000000000,61447.1784191
1709151720000000000,61447.1784191
1709151780000000000,61447.1784191
1709151840000000000,61447.1784191
1709151900000000000,61447.1784191
1709151960000000000,61447.1784191
1709152020000000000,61447.1784191
1709152080000000000,61447.1784191
1709152140000000000,61447.1784191
1709152200000000000,61447.1784191
1709152260000000000,61447.1784191
1709152320000000000,61447.1784191
1709152380000000000,61447.1784191
1709152440000000000,61447.1784191
1709152500000000000,61447.1784191
1709152560000000000,61447.1784191
1709152620000000000,61447.1784191
1709152680000000000,61447.1784191
1709152740000000000,61447.1784191
1709152800000000000,61447.1784191
1709152860000000000,61447.1784191
1709152920000000000,61447.1784191
1709152980000000000,61447.1784191
1709153040000000000,61447.1784191
1709153100000000000,61447.1784191
1709153160000000000,61447.1784191
1709153220000000000,61447.1784191
1709153280000000000,61447.1784191
1709153340000000000,61447.1784191
1709153400000000000,61447.1784191
1709153460000000000,61447.1784191
1709153520000000000,61447.1784191
1709153580000000000,61447.1784191
1709153640000000000,61447.1784191
1709153700000000000,61447.1784191
1709153760000000000,61447.1784191
1709153820000000000,61447.1784191
1709153880000000000,61447.1784191
1709153940000000000,61447.1784191
1709154000000000000,61447.1784191
1709154060000000000,61447.1784191
1709154120000000000,61447.1784191
1709154180000000000,61447.1784191
1709154240000000000,61447.1784191
1709154300000000000,61447.1784191
1709154360000000000,61447.1784191
1709154420000000000,61447.1784191
1709154480000000000,61447.1784191
1709154540000000000,61447.1784191
1709154600000000000,61447.1784191
1709154660000000000,61447.1784191
1709154720000000000,61447.1784191
1709154780000000000,61447.1784191
1709154840000000000,61447.1784191
1709154900000000000,61447.1784191
1709154960000000000,61447.1784191
1709155020000000000,61447.1784191
1709155080000000000,61447.1784191
1709155140000000000,61447.1784191
1709155200000000000,61447.1784191
1709155260000000000,61447.1784191
1709155320000000000,61447.1784191
1709155380000000000,61447.1784191
1709155440000000000,61447.1784191
1709155500000000000,61447.1784191
1709155560000000000,61447.1784191
1709155620000000000,61447.1784191
1709155680000000000,61447.1784191
1709155740000000000,61447.1784191
1709155800000000000,61447.1784191
1709155860000000000,61447.1784191
1709155920000000000,61447.1784191
1709155980000000000,61447.1784191
1709156040000000000,61447.1784191
1709156100000000000,61447.1784191
1709156160000000000,61447.1784191
1709156220000000000,61447.1784191
1709156280000000000,61447.1784191
1709156340000000000,61447.1784191
1709156400000000000,61447.1784191
1709156460000000000,61447.1784191
1709156520000000000,61447.1784191
1709156580000000000,61447.1784191
1709156640000000000,61447.1784191
1709156700000000000,61447.1784191
1709156760000000000,61447.1784191
1709156820000000000,61447.1784191
1709156880000000000,61447.1784191
1709156940000000000,61447.1784191
1709157000000000000,61447.1784191
1709157060000000000,61447.1784191
1709157120000000000,61447.1784191
1709157180000000000,61447.1784191
1709157240000000000,61447.1784191
1709157300000000000,61447.1784191
1709157360000000000,61447.1784191
1709157420000000000,61447.1784191
1709157480000000000,61447.1784191
1709157540000000000,61447.1784191
1709157600000000000,61447.1784191
1709157660000000000,61447.1784191
1709157720000000000,61447.1784191
1709157780000000000,61447.1784191
1709157840000000000,61447.1784191
1709157900000000000,61447.1784191
1709157960000000000,61447.1784191
1709158020000000000,61447.1784191
1709158080000000000,61447.1784191
1709158140000000000,61447.1784191
1709158200000000000,61447.1784191
1709158260000000000,61447.1784191
1709158320000000000,61447.1784191
1709158380000000000,61447.1784191
1709158440000000000,61447.1784191
1709158500000000000,61447.1784191
1709158560000000000,61447.1784191
1709158620000000000,61447.1784191
1709158680000000000,61447.1784191
1709158740000000000,61447.1784191
1709158800000000000,61447.1784191
1709158860000000000,61447.1784191
1709158920000000000,61447.1784191
1709158980000000000,61447.1784191
1709159040000000000,61447.1784191
1709159100000000000,61447.1784191
1709159160000000000,61447.1784191
1709159220000000000,61447.1784191
1709159280000000000,61447.1784191
1709159340000000000,61447.1784191
1709159400000000000,61447.1784191
1709159460000000000,61447.1784191
1709159520000000000,61447.1784191
1709159580000000000,61447.1784191
1709159640000000000,61447.1784191
1709159700000000000,61447.1784191
1709159760000000000,61447.1784191
1709159820000000000,61447.1784191
1709159880000000000,61447.1784191
1709159940000000000,61447.1784191
1709160000000000000,61447.1784191
1709160060000000000,61447.1784191
1709160120000000000,61447.1784191
1709160180000000000,61447.1784191
1709160240000000000,61447.1784191
1709160300000000000,61447.1784191
1709160360000000000,61447.1784191
1709160420000000000,61447.1784191
1709160480000000000,61447.1784191
1709160540000000000,61447.1784191
1709160600000000000,61447.1784191
1709160660000000000,61447.1784191
1709160720000000000,61447.1784191
1709160780000000000,61447.1784191
1709160840000000000,61447.1784191
1709160900000000000,61447.1784191
1709160960000000000,61447.1784191
1709161020000000000,61447.1784191
1709161080000000000,61447.1784191
1709161140000000000,61447.1784191
1709161200000000000,61447.1784191
1709161260000000000,61447.1784191
1709161320000000000,61447.1784191
1709161380000000000,61447.1784191
1709161440000000000,61447.1784191
1709161500000000000,61447.1784191
1709161560000000000,61447.1784191
1709161620000000000,61447.1784191
1709161680000000000,61447.1784191
1709161740000000000,61447.1784191
1709161800000000000,61447.1784191
1709161860000000000,61447.1784191
1709161920000000000,61447.1784191
1709161980000000000,61447.1784191
1709162040000000000,61447.1784191
1709162100000000000,61447.1784191
1709162160000000000,61447.1784191
1709162220000000000,61447.1784191
1709162280000000000,61447.1784191
1709162340000000000,61447.1784191
1709162400000000000,61447.1784191
1709162460000000000,61447.1784191
1709162520000000000,61447.1784191
1709162580000000000,61447.1784191
1709162640000000000,61447.1784191
1709162700000000000,61447.1784191
1709162760000000000,61447.1784191
1709162820000000000,61447.1784191
1709162880000000000,61447.1784191
1709162940000000000,61447.1784191
1709163000000000000,61447.1784191
1709163060000000000,61201.5584692
1709163120000000000,61019.9355692
1709163180000000000,61026.1208692
1709163240000000000,60578.5300692
1709163300000000000,60196.1660692
1709163360000000000,60965.9547692
1709163420000000000,60651.0667692
1709163480000000000,60355.2969692
1709163540000000000,59603.78498725
1709163600000000000,59603.78498725
1709163660000000000,59603.78498725
1709163720000000000,59603.78498725
1709163780000000000,59603.78498725
1709163840000000000,59603.78498725
1709163900000000000,59603.78498725
1709163960000000000,59603.78498725
1709164020000000000,59603.78498725
1709164080000000000,59603.78498725
1709164140000000000,59603.78498725
1709164200000000000,59603.78498725
1709164260000000000,59603.78498725
1709164320000000000,59603.78498725
1709164380000000000,59603.78498725
1709164440000000000,59131.00258939
1709164500000000000,57815.55503011
1709164560000000000,57815.55503011
1709164620000000000,57815.55503011
1709164680000000000,57815.55503011
1709164740000000000,57815.55503011
1709164800000000000,57815.55503011
1709164860000000000,57815.55503011
1709164920000000000,57815.55503011
1709164980000000000,57815.55503011
1709165040000000000,57815.55503011
1709165100000000000,57815.55503011
1709165160000000000,57815.55503011
1709165220000000000,57815.55503011
1709165280000000000,57815.55503011
1709165340000000000,57815.55503011
1709165400000000000,57815.55503011
1709165460000000000,57815.55503011
1709165520000000000,57815.55503011
1709165580000000000,57815.55503011
1709165640000000000,57815.55503011
1709165700000000000,57633.73715779
1709165760000000000,56983.82215779
1709165820000000000,56951.95535779
1709165880000000000,56946.08515779
1709165940000000000,57018.20475779
1709166000000000000,57546.10345779
1709166060000000000,58191.40615779
1709166120000000000,58110.90055779
1709166180000000000,57650.50915779
1709166240000000000,57429.95735779
1709166300000000000,57289.07255779
1709166360000000000,57647.57405779
1709166420000000000,57737.30425779
1709166480000000000,58248.85025779
1709166540000000000,58299.16625779
1709166600000000000,57954.50165779
1709166660000000000,58266.04155779
1709166720000000000,58285.74865779
1709166780000000000,58502.94605779
1709166840000000000,58547.39185779
1709166900000000000,58088.67765779
1709166960000000000,57549.45785779
1709167020000000000,57228.69335779
1709167080000000000,57130.15785779
1709167140000000000,57130.15785779
1709167200000000000,56735.59655779
1709167260000000000,57537.71745779
1709167320000000000,57356.16055779
1709167380000000000,57601.03175779
1709167440000000000,58008.17205779
1709167500000000000,57919.34586859
1709167560000000000,57919.34586859
1709167620000000000,57919.34586859
1709167680000000000,57919.34586859
1709167740000000000,57919.34586859
1709167800000000000,57919.34586859
1709167860000000000,57919.34586859
1709167920000000000,57919.34586859
1709167980000000000,57919.34586859
1709168040000000000,57919.34586859
1709168100000000000,57919.34586859
1709168160000000000,57919.34586859
1709168220000000000,57919.34586859
1709168280000000000,57919.34586859
1709168340000000000,57919.34586859
1709168400000000000,57919.34586859
1709168460000000000,57919.34586859
1709168520000000000,57919.34586859
1709168580000000000,57919.34586859
1709168640000000000,57919.34586859
1709168700000000000,57919.34586859
1709168760000000000,57919.34586859
1709168820000000000,57919.34586859
1709168880000000000,57919.34586859
1709168940000000000,57919.34586859
1709169000000000000,57919.34586859
1709169060000000000,57919.34586859
1709169120000000000,57919.34586859
1709169180000000000,57919.34586859
1709169240000000000,57919.34586859
1709169300000000000,57919.34586859
1709169360000000000,57919.34586859
1709169420000000000,57919.34586859
1709169480000000000,57919.34586859
1709169540000000000,57919.34586859
1709169600000000000,57919.34586859
1709169660000000000,57919.34586859
1709169720000000000,57919.34586859
1709169780000000000,57919.34586859
1709169840000000000,57919.34586859
1709169900000000000,57919.34586859
1709169960000000000,57919.34586859
1709170020000000000,57919.34586859
1709170080000000000,57919.34586859
1709170140000000000,57919.34586859
1709170200000000000,57919.34586859
1709170260000000000,57919.34586859
1709170320000000000,57919.34586859
1709170380000000000,57919.34586859
1709170440000000000,57919.34586859
1709170500000000000,57919.34586859
1709170560000000000,57919.34586859
1709170620000000000,57919.34586859
1709170680000000000,57919.34586859
1709170740000000000,57919.34586859
1709170800000000000,57919.34586859
1709170860000000000,57919.34586859
1709170920000000000,57919.34586859
1709170980000000000,57919.34586859
1709171040000000000,57919.34586859
1709171100000000000,57919.34586859
1709171160000000000,57919.34586859
1709171220000000000,57919.34586859
1709171280000000000,57919.34586859
1709171340000000000,57919.34586859
1709171400000000000,57919.34586859
1709171460000000000,57919.34586859
1709171520000000000,57919.34586859
1709171580000000000,57919.34586859
1709171640000000000,57919.34586859
1709171700000000000,57919.34586859
1709171760000000000,57919.34586859
1709171820000000000,57919.34586859
1709171880000000000,57919.34586859
1709171940000000000,57919.34586859
1709172000000000000,57919.34586859
1709172060000000000,57919.34586859
1709172120000000000,57919.34586859
1709172180000000000,57919.34586859
1709172240000000000,57919.34586859
1709172300000000000,57919.34586859
1709172360000000000,57919.34586859
1709172420000000000,57919.34586859
1709172480000000000,57919.34586859
1709172540000000000,57919.34586859
1709172600000000000,57919.34586859
1709172660000000000,57919.34586859
1709172720000000000,57919.34586859
1709172780000000000,57919.34586859
1709172840000000000,57919.34586859
1709172900000000000,57919.34586859
1709172960000000000,57919.34586859
1709173020000000000,57919.34586859
1709173080000000000,57919.34586859
1709173140000000000,57919.34586859
1709173200000000000,57919.34586859
1709173260000000000,57919.34586859
1709173320000000000,57919.34586859
1709173380000000000,57919.34586859
1709173440000000000,57919.34586859
1709173500000000000,57919.34586859
1709173560000000000,57919.34586859
1709173620000000000,57919.34586859
1709173680000000000,57919.34586859
1709173740000000000,57919.34586859
1709173800000000000,57919.34586859
1709173860000000000,57919.34586859
1709173920000000000,57919.34586859
1709173980000000000,57919.34586859
1709174040000000000,57919.34586859
1709174100000000000,57919.34586859
1709174160000000000,57919.34586859
1709174220000000000,57919.34586859
1709174280000000000,57919.34586859
1709174340000000000,57919.34586859
1709174400000000000,57919.34586859
1709174460000000000,57919.34586859
1709174520000000000,57919.34586859
1709174580000000000,57919.34586859
1709174640000000000,57919.34586859
1709174700000000000,57919.34586859
1709174760000000000,57919.34586859
1709174820000000000,57919.34586859
1709174880000000000,57919.34586859
1709174940000000000,57919.34586859
1709175000000000000,57919.34586859
1709175060000000000,57919.34586859
1709175120000000000,57919.34586859
1709175180000000000,57919.34586859
1709175240000000000,57919.34586859
1709175300000000000,57919.34586859
1709175360000000000,57919.34586859
1709175420000000000,57919.34586859
1709175480000000000,57919.34586859
1709175540000000000,57919.34586859
1709175600000000000,57919.34586859
1709175660000000000,57919.34586859
1709175720000000000,57919.34586859
1709175780000000000,57919.34586859
1709175840000000000,57919.34586859
1709175900000000000,57919.34586859
1709175960000000000,57919.34586859
1709176020000000000,57919.34586859
1709176080000000000,57919.34586859
1709176140000000000,57919.34586859
1709176200000000000,57919.34586859
1709176260000000000,57919.34586859
1709176320000000000,57919.34586859
1709176380000000000,57919.34586859
1709176440000000000,57919.34586859
1709176500000000000,57919.34586859
1709176560000000000,57919.34586859
1709176620000000000,57919.34586859
1709176680000000000,57919.34586859
1709176740000000000,57919.34586859
1709176800000000000,57919.34586859
1709176860000000000,57919.34586859
1709176920000000000,57919.34586859
1709176980000000000,57919.34586859
1709177040000000000,57919.34586859
1709177100000000000,57919.34586859
1709177160000000000,57919.34586859
1709177220000000000,57919.34586859
1709177280000000000,57919.34586859
1709177340000000000,57919.34586859
1709177400000000000,57919.34586859
1709177460000000000,57919.34586859
1709177520000000000,57919.34586859
1709177580000000000,57919.34586859
1709177640000000000,57919.34586859
1709177700000000000,57919.34586859
1709177760000000000,57919.34586859
1709177820000000000,57919.34586859
1709177880000000000,57919.34586859
1709177940000000000,57919.34586859
1709178000000000000,57919.34586859
1709178060000000000,57919.34586859
1709178120000000000,57919.34586859
1709178180000000000,57919.34586859
1709178240000000000,57919.34586859
1709178300000000000,57919.34586859
1709178360000000000,57919.34586859
1709178420000000000,57919.34586859
1709178480000000000,57919.34586859
1709178540000000000,57919.34586859
1709178600000000000,57919.34586859
1709178660000000000,57919.34586859
1709178720000000000,57919.34586859
1709178780000000000,57919.34586859
1709178840000000000,57919.34586859
1709178900000000000,57919.34586859
1709178960000000000,57919.34586859
1709179020000000000,57919.34586859
1709179080000000000,57919.34586859
1709179140000000000,57919.34586859
1709179200000000000,57919.34586859
1709179260000000000,57919.34586859
1709179320000000000,57919.34586859
1709179380000000000,57919.34586859
1709179440000000000,57919.34586859
1709179500000000000,57919.34586859
1709179560000000000,57919.34586859
1709179620000000000,57919.34586859
1709179680000000000,57919.34586859
1709179740000000000,57919.34586859
1709179800000000000,57919.34586859
1709179860000000000,57919.34586859
1709179920000000000,57919.34586859
1709179980000000000,57919.34586859
1709180040000000000,57919.34586859
1709180100000000000,57919.34586859
1709180160000000000,57919.34586859
1709180220000000000,57919.34586859
1709180280000000000,57919.34586859
1709180340000000000,57919.34586859
1709180400000000000,57919.34586859
1709180460000000000,57919.34586859
1709180520000000000,57919.34586859
1709180580000000000,57919.34586859
1709180640000000000,57919.34586859
1709180700000000000,57919.34586859
1709180760000000000,57919.34586859
1709180820000000000,57919.34586859
1709180880000000000,57919.34586859
1709180940000000000,57919.34586859
1709181000000000000,57919.34586859
1709181060000000000,57532.42994629
1709181120000000000,57372.52924629
1709181180000000000,57113.47224629
1709181240000000000,56782.95124629
1709181300000000000,56181.86128919
1709181360000000000,56181.86128919
1709181420000000000,56181.86128919
1709181480000000000,56181.86128919
1709181540000000000,56181.86128919
1709181600000000000,56181.86128919
1709181660000000000,56181.86128919
1709181720000000000,56181.86128919
1709181780000000000,56181.86128919
1709181840000000000,56181.86128919
1709181900000000000,56181.86128919
1709181960000000000,56181.86128919
1709182020000000000,56181.86128919
1709182080000000000,56181.86128919
1709182140000000000,56181.86128919
1709182200000000000,56181.86128919
1709182260000000000,56181.86128919
1709182320000000000,56181.86128919
1709182380000000000,56181.86128919
1709182440000000000,56181.86128919
1709182500000000000,55911.62368576
1709182560000000000,56005.73398576
1709182620000000000,56275.14778576
1709182680000000000,56504.58008576
1709182740000000000,55954.06558576
1709182800000000000,56453.52678576
1709182860000000000,57207.63938576
1709182920000000000,56896.39878576
1709182980000000000,57111.68378576
1709183040000000000,57731.70458576
1709183100000000000,58007.26938576
1709183160000000000,57633.28858576
1709183220000000000,58271.14728576
1709183280000000000,58242.85268576
1709183340000000000,58688.80018576
1709183400000000000,58472.90008576
1709183460000000000,58240.39228576
1709183520000000000,58628.52038576
1709183580000000000,58963.13478576
1709183640000000000,58688.80018576
1709183700000000000,58976.66698576
1709183760000000000,58797.67288576
1709183820000000000,58985.89348576
1709183880000000000,59577.00458576
1709183940000000000,59768.30068576
1709184000000000000,60305.89808576
1709184060000000000,59909.15858576
1709184120000000000,59684.03198576
1709184180000000000,59476.12818576
1709184240000000000,59230.70328576
1709184300000000000,59159.14242874
1709184360000000000,59159.14242874
1709184420000000000,59159.14242874
1709184480000000000,59159.14242874
1709184540000000000,59159.14242874
1709184600000000000,59159.14242874
1709184660000000000,59159.14242874
1709184720000000000,59159.14242874
1709184780000000000,59159.14242874
1709184840000000000,59159.14242874
1709184900000000000,59159.14242874
1709184960000000000,59159.14242874
1709185020000000000,59159.14242874
1709185080000000000,59159.14242874
1709185140000000000,59159.14242874
1709185200000000000,59159.14242874
1709185260000000000,59159.14242874
1709185320000000000,59159.14242874
1709185380000000000,59159.14242874
1709185440000000000,59159.14242874
1709185500000000000,59159.14242874
1709185560000000000,59159.14242874
1709185620000000000,59159.14242874
1709185680000000000,59159.14242874
1709185740000000000,59159.14242874
1709185800000000000,59159.14242874
1709185860000000000,59159.14242874
1709185920000000000,59159.14242874
1709185980000000000,59159.14242874
1709186040000000000,59159.14242874
1709186100000000000,58813.80391229
1709186160000000000,59266.50141229
1709186220000000000,59448.36771229
1709186280000000000,60328.56911229
1709186340000000000,60561.60991229
1709186400000000000,59612.91341229
1709186460000000000,59293.26961229
1709186520000000000,60412.02291229
1709186580000000000,60676.0838834
1709186640000000000,60676.0838834
1709186700000000000,60676.0838834
1709186760000000000,60676.0838834
1709186820000000000,60676.0838834
1709186880000000000,60676.0838834
1709186940000000000,60676.0838834
1709187000000000000,60676.0838834
1709187060000000000,60676.0838834
1709187120000000000,60676.0838834
1709187180000000000,60676.0838834
1709187240000000000,60676.0838834
1709187300000000000,60676.0838834
1709187360000000000,60676.0838834
1709187420000000000,60676.0838834
1709187480000000000,60676.0838834
1709187540000000000,60676.0838834
1709187600000000000,60676.0838834
1709187660000000000,60676.0838834
1709187720000000000,60478.16572988
1709187780000000000,60715.93702988
1709187840000000000,60473.25862988
1709187900000000000,59978.53372988
1709187960000000000,59929.01662988
1709188020000000000,60455.41462988
1709188080000000000,60551.32612988
1709188140000000000,60593.25952988
1709188200000000000,60601.73542988
1709188260000000000,60961.29202988
1709188320000000000,59991.91672988
1709188380000000000,60357.27262988
1709188440000000000,60577.19992988
1709188500000000000,60405.45142988
1709188560000000000,59781.35752988
1709188620000000000,59867.00872988
1709188680000000000,59886.63712988
1709188740000000000,60610.21132988
1709188800000000000,60336.75202988
1709188860000000000,60200.69152988
1709188920000000000,59786.71072988
1709188980000000000,59421.35482988
1709189040000000000,59548.49332988
1709189100000000000,59326.33552988
1709189160000000000,58856.19181052
1709189220000000000,58856.19181052
1709189280000000000,58856.19181052
1709189340000000000,58856.19181052
1709189400000000000,58856.19181052
1709189460000000000,58856.19181052
1709189520000000000,58856.19181052
1709189580000000000,58856.19181052
1709189640000000000,58856.19181052
1709189700000000000,58856.19181052
1709189760000000000,58856.19181052
1709189820000000000,58856.19181052
1709189880000000000,58856.19181052
1709189940000000000,58856.19181052
1709190000000000000,58856.19181052
1709190060000000000,58856.19181052
1709190120000000000,58856.19181052
1709190180000000000,58856.19181052
1709190240000000000,58856.19181052
1709190300000000000,58856.19181052
1709190360000000000,58856.19181052
1709190420000000000,58856.19181052
1709190480000000000,58856.19181052
1709190540000000000,58856.19181052
1709190600000000000,58856.19181052
1709190660000000000,58856.19181052
1709190720000000000,58856.19181052
1709190780000000000,58856.19181052
1709190840000000000,58856.19181052
1709190900000000000,58856.19181052
1709190960000000000,58856.19181052
1709191020000000000,58856.19181052
1709191080000000000,58856.19181052
1709191140000000000,58856.19181052
1709191200000000000,58856.19181052
1709191260000000000,58856.19181052
1709191320000000000,58856.19181052
1709191380000000000,58856.19181052
1709191440000000000,58856.19181052
1709191500000000000,58856.19181052
1709191560000000000,58856.19181052
1709191620000000000,58856.19181052
1709191680000000000,58856.19181052
1709191740000000000,58856.19181052
1709191800000000000,58856.19181052
1709191860000000000,58856.19181052
1709191920000000000,58856.19181052
1709191980000000000,58856.19181052
1709192040000000000,58856.19181052
1709192100000000000,58856.19181052
1709192160000000000,58856.19181052
1709192220000000000,58856.19181052
1709192280000000000,58856.19181052
1709192340000000000,58856.19181052
1709192400000000000,58856.19181052
1709192460000000000,58856.19181052
1709192520000000000,58856.19181052
1709192580000000000,58856.19181052
1709192640000000000,58856.19181052
1709192700000000000,58856.19181052
1709192760000000000,58856.19181052
1709192820000000000,58856.19181052
1709192880000000000,58856.19181052
1709192940000000000,58856.19181052
1709193000000000000,58856.19181052
1709193060000000000,58856.19181052
1709193120000000000,58856.19181052
1709193180000000000,58856.19181052
1709193240000000000,58856.19181052
1709193300000000000,58856.19181052
1709193360000000000,58856.19181052
1709193420000000000,58856.19181052
1709193480000000000,58856.19181052
1709193540000000000,58856.19181052
1709193600000000000,58856.19181052
1709193660000000000,58856.19181052
1709193720000000000,58856.19181052
1709193780000000000,58856.19181052
1709193840000000000,58856.19181052
1709193900000000000,58856.19181052
1709193960000000000,58856.19181052
1709194020000000000,58856.19181052
1709194080000000000,58856.19181052
1709194140000000000,58856.19181052
1709194200000000000,58856.19181052
1709194260000000000,58856.19181052
1709194320000000000,58856.19181052
1709194380000000000,58856.19181052
1709194440000000000,58856.19181052
1709194500000000000,58856.19181052
1709194560000000000,58856.19181052
1709194620000000000,58856.19181052
1709194680000000000,58856.19181052
1709194740000000000,58856.19181052
1709194800000000000,58856.19181052
1709194860000000000,58856.19181052
1709194920000000000,58856.19181052
1709194980000000000,58856.19181052
1709195040000000000,58856.19181052
1709195100000000000,58856.19181052
1709195160000000000,58856.19181052
1709195220000000000,58856.19181052
1709195280000000000,58856.19181052
1709195340000000000,58856.19181052
1709195400000000000,58856.19181052
1709195460000000000,58856.19181052
1709195520000000000,58856.19181052
1709195580000000000,58856.19181052
1709195640000000000,58856.19181052
1709195700000000000,58856.19181052
1709195760000000000,58856.19181052
1709195820000000000,58856.19181052
1709195880000000000,58856.19181052
1709195940000000000,58856.19181052
1709196000000000000,58856.19181052
1709196060000000000,58856.19181052
1709196120000000000,58856.19181052
1709196180000000000,58856.19181052
1709196240000000000,58856.19181052
1709196300000000000,58856.19181052
1709196360000000000,58856.19181052
1709196420000000000,58856.19181052
1709196480000000000,58856.19181052
1709196540000000000,58856.19181052
1709196600000000000,58856.19181052
1709196660000000000,58856.19181052
1709196720000000000,58856.19181052
1709196780000000000,58856.19181052
1709196840000000000,58856.19181052
1709196900000000000,58856.19181052
1709196960000000000,58856.19181052
1709197020000000000,58856.19181052
1709197080000000000,58856.19181052
1709197140000000000,58856.19181052
1709197200000000000,58856.19181052
1709197260000000000,58856.19181052
1709197320000000000,58856.19181052
1709197380000000000,58856.19181052
1709197440000000000,58856.19181052
1709197500000000000,58856.19181052
1709197560000000000,58856.19181052
1709197620000000000,58856.19181052
1709197680000000000,58856.19181052
1709197740000000000,58856.19181052
1709197800000000000,58856.19181052
1709197860000000000,58856.19181052
1709197920000000000,58856.19181052
1709197980000000000,58856.19181052
1709198040000000000,58856.19181052
1709198100000000000,58856.19181052
1709198160000000000,58856.19181052
1709198220000000000,58856.19181052
1709198280000000000,58856.19181052
1709198340000000000,58856.19181052
1709198400000000000,58856.19181052
1709198460000000000,58856.19181052
1709198520000000000,58856.19181052
1709198580000000000,58856.19181052
1709198640000000000,58856.19181052
1709198700000000000,58856.19181052
1709198760000000000,58856.19181052
1709198820000000000,58856.19181052
1709198880000000000,58856.19181052
1709198940000000000,58856.19181052
1709199000000000000,58856.19181052
1709199060000000000,58856.19181052
1709199120000000000,58856.19181052
1709199180000000000,58856.19181052
1709199240000000000,58856.19181052
1709199300000000000,58856.19181052
1709199360000000000,58856.19181052
1709199420000000000,58856.19181052
1709199480000000000,58856.19181052
1709199540000000000,58856.19181052
1709199600000000000,58856.19181052
1709199660000000000,58856.19181052
1709199720000000000,58856.19181052
1709199780000000000,58856.19181052
1709199840000000000,58856.19181052
1709199900000000000,58856.19181052
1709199960000000000,58856.19181052
1709200020000000000,58856.19181052
1709200080000000000,58856.19181052
1709200140000000000,58856.19181052
1709200200000000000,58856.19181052
1709200260000000000,58856.19181052
1709200320000000000,58856.19181052
1709200380000000000,58856.19181052
1709200440000000000,58856.19181052
1709200500000000000,58856.19181052
1709200560000000000,58856.19181052
1709200620000000000,58856.19181052
1709200680000000000,58856.19181052
1709200740000000000,58856.19181052
1709200800000000000,58856.19181052
1709200860000000000,58856.19181052
1709200920000000000,58856.19181052
1709200980000000000,58856.19181052
1709201040000000000,58856.19181052
1709201100000000000,58856.19181052
1709201160000000000,58856.19181052
1709201220000000000,58856.19181052
1709201280000000000,58856.19181052
1709201340000000000,58856.19181052
1709201400000000000,58856.19181052
1709201460000000000,58856.19181052
1709201520000000000,58856.19181052
1709201580000000000,58856.19181052
1709201640000000000,58856.19181052
1709201700000000000,58856.19181052
1709201760000000000,58856.19181052
1709201820000000000,58856.19181052
1709201880000000000,58856.19181052
1709201940000000000,58489.42552367
1709202000000000000,57090.15546878
1709202060000000000,57090.15546878
1709202120000000000,57090.15546878
1709202180000000000,57090.15546878
1709202240000000000,57090.15546878
1709202300000000000,57090.15546878
1709202360000000000,57090.15546878
1709202420000000000,57090.15546878
1709202480000000000,57090.15546878
1709202540000000000,57090.15546878
1709202600000000000,57090.15546878
1709202660000000000,57090.15546878
1709202720000000000,57090.15546878
1709202780000000000,57090.15546878
1709202840000000000,57090.15546878
1709202900000000000,57090.15546878
1709202960000000000,57090.15546878
1709203020000000000,57090.15546878
1709203080000000000,57090.15546878
1709203140000000000,57090.15546878
1709203200000000000,57090.15546878
1709203260000000000,57090.15546878
1709203320000000000,57090.15546878
1709203380000000000,57090.15546878
1709203440000000000,57090.15546878
1709203500000000000,57090.15546878
1709203560000000000,57090.15546878
1709203620000000000,57090.15546878
1709203680000000000,57090.15546878
1709203740000000000,57090.15546878
1709203800000000000,57090.15546878
1709203860000000000,57090.15546878
1709203920000000000,57090.15546878
1709203980000000000,57090.15546878
1709204040000000000,57090.15546878
1709204100000000000,57090.15546878
1709204160000000000,57090.15546878
1709204220000000000,57090.15546878
1709204280000000000,57090.15546878
1709204340000000000,57090.15546878
1709204400000000000,57090.15546878
1709204460000000000,57090.15546878
1709204520000000000,57090.15546878
1709204580000000000,57090.15546878
1709204640000000000,57090.15546878
1709204700000000000,57090.15546878
1709204760000000000,57090.15546878
1709204820000000000,57090.15546878
1709204880000000000,57090.15546878
1709204940000000000,57090.15546878
1709205000000000000,57090.15546878
1709205060000000000,57090.15546878
1709205120000000000,57090.15546878
1709205180000000000,57090.15546878
1709205240000000000,57090.15546878
1709205300000000000,57090.15546878
1709205360000000000,57090.15546878
1709205420000000000,57090.15546878
1709205480000000000,57090.15546878
1709205540000000000,57090.15546878
1709205600000000000,57090.15546878
1709205660000000000,57090.15546878
1709205720000000000,57090.15546878
1709205780000000000,57090.15546878
1709205840000000000,57090.15546878
1709205900000000000,57090.15546878
1709205960000000000,57090.15546878
1709206020000000000,57090.15546878
1709206080000000000,57090.15546878
1709206140000000000,57090.15546878
1709206200000000000,57090.15546878
1709206260000000000,57090.15546878
1709206320000000000,57090.15546878
1709206380000000000,57090.15546878
1709206440000000000,57090.15546878
1709206500000000000,57090.15546878
1709206560000000000,57090.15546878
1709206620000000000,57090.15546878
1709206680000000000,57090.15546878
1709206740000000000,57090.15546878
1709206800000000000,57090.15546878
1709206860000000000,57090.15546878
1709206920000000000,57090.15546878
1709206980000000000,57090.15546878
1709207040000000000,57090.15546878
1709207100000000000,57090.15546878
1709207160000000000,57090.15546878
1709207220000000000,57090.15546878
1709207280000000000,57090.15546878
1709207340000000000,57090.15546878
1709207400000000000,57090.15546878
1709207460000000000,57090.15546878
1709207520000000000,57090.15546878
1709207580000000000,57090.15546878
1709207640000000000,57090.15546878
1709207700000000000,57090.15546878
1709207760000000000,57090.15546878
1709207820000000000,57090.15546878
1709207880000000000,57090.15546878
1709207940000000000,57090.15546878
1709208000000000000,57090.15546878
1709208060000000000,57090.15546878
1709208120000000000,57090.15546878
1709208180000000000,57090.15546878
1709208240000000000,56786.07108205
1709208300000000000,56770.22638205
1709208360000000000,58703.96868205
1709208420000000000,60004.61188205
1709208480000000000,59439.02498205
1709208540000000000,58808.68148205
1709208600000000000,58177.64908205
1709208660000000000,58956.79498205
1709208720000000000,58839.68198205
1709208780000000000,59566.47148205
1709208840000000000,58957.48388205
1709208900000000000,58941.63918205
1709208960000000000,58717.74668205
1709209020000000000,58506.94328205
1709209080000000000,58199.69388205
1709209140000000000,58176.96018205
1709209200000000000,58088.09208205
1709209260000000000,58272.02838205
1709209320000000000,58376.74118205
1709209380000000000,57847.66598205
1709209440000000000,58225.18318205
1709209500000000000,58227.93878205
1709209560000000000,57959.95668205
1709209620000000000,57588.63958205
1709209680000000000,57435.70378205
1709209740000000000,57891.75558205
1709209800000000000,57891.75558205
1709209860000000000,58062.60278205
1709209920000000000,57731.24188205
1709209980000000000,57672.68538205
1709210040000000000,57132.07317375
1709210100000000000,57132.07317375
1709210160000000000,57132.07317375
1709210220000000000,57132.07317375
1709210280000000000,57132.07317375
1709210340000000000,57132.07317375
1709210400000000000,57132.07317375
1709210460000000000,57132.07317375
1709210520000000000,57132.07317375
1709210580000000000,57132.07317375
1709210640000000000,57132.07317375
1709210700000000000,57132.07317375
1709210760000000000,57132.07317375
1709210820000000000,57132.07317375
1709210880000000000,57132.07317375
1709210940000000000,57132.07317375
1709211000000000000,57132.07317375
1709211060000000000,57132.07317375
1709211120000000000,57132.07317375
1709211180000000000,57132.07317375
1709211240000000000,57132.07317375
1709211300000000000,57132.07317375
1709211360000000000,57132.07317375
1709211420000000000,57132.07317375
1709211480000000000,57132.07317375
1709211540000000000,57132.07317375
1709211600000000000,57132.07317375
1709211660000000000,57132.07317375
1709211720000000000,57132.07317375
1709211780000000000,57132.07317375
1709211840000000000,57132.07317375
1709211900000000000,57132.07317375
1709211960000000000,57132.07317375
1709212020000000000,57132.07317375
1709212080000000000,57132.07317375
1709212140000000000,57132.07317375
1709212200000000000,57132.07317375
1709212260000000000,57132.07317375
1709212320000000000,57132.07317375
1709212380000000000,57132.07317375
1709212440000000000,57132.07317375
1709212500000000000,57132.07317375
1709212560000000000,57132.07317375
1709212620000000000,57132.07317375
1709212680000000000,57132.07317375
1709212740000000000,57132.07317375
1709212800000000000,57132.07317375
1709212860000000000,57132.07317375
1709212920000000000,57132.07317375
1709212980000000000,57132.07317375
1709213040000000000,57132.07317375
1709213100000000000,57132.07317375
1709213160000000000,57132.07317375
1709213220000000000,57132.07317375
1709213280000000000,57132.07317375
1709213340000000000,57132.07317375
1709213400000000000,57132.07317375
1709213460000000000,57132.07317375
1709213520000000000,57132.07317375
1709213580000000000,57132.07317375
1709213640000000000,57132.07317375
1709213700000000000,57132.07317375
1709213760000000000,57132.07317375
1709213820000000000,57132.07317375
1709213880000000000,57132.07317375
1709213940000000000,57132.07317375
1709214000000000000,56815.12417391
1709214060000000000,57276.52957391
1709214120000000000,58088.66057391
1709214180000000000,57984.44907391
1709214240000000000,57119.85297391
1709214300000000000,56738.22327391
1709214360000000000,56098.58027391
1709214420000000000,57057.32607391
1709214480000000000,56739.66067391
1709214540000000000,57122.00907391
1709214600000000000,57399.42727391
1709214660000000000,57525.19977391
1709214720000000000,57740.80977391
1709214780000000000,58070.69307391
1709214840000000000,58204.37127391
1709214900000000000,57466.26637391
1709214960000000000,57405.17687391
1709215020000000000,57622.94297391
1709215080000000000,57898.92377391
1709215140000000000,58005.29137391
1709215200000000000,57869.45707391
1709215260000000000,58258.27377391
1709215320000000000,57766.68297391
1709215380000000000,57180.22377391
1709215440000000000,56746.84767391
1709215500000000000,57293.05967391
1709215560000000000,58003.85397391
1709215620000000000,57772.43257391
1709215680000000000,58197.90297391
1709215740000000000,58602.53107391
1709215800000000000,58879.71713381
1709215860000000000,58879.71713381
1709215920000000000,58879.71713381
1709215980000000000,58879.71713381
1709216040000000000,58879.71713381
1709216100000000000,58879.71713381
1709216160000000000,58879.71713381
1709216220000000000,58879.71713381
1709216280000000000,58879.71713381
1709216340000000000,58879.71713381
1709216400000000000,58879.71713381
1709216460000000000,58879.71713381
1709216520000000000,58879.71713381
1709216580000000000,58879.71713381
1709216640000000000,58879.71713381
1709216700000000000,58879.71713381
1709216760000000000,58879.71713381
1709216820000000000,58879.71713381
1709216880000000000,58879.71713381
1709216940000000000,58879.71713381
1709217000000000000,58879.71713381
1709217060000000000,58879.71713381
1709217120000000000,58879.71713381
1709217180000000000,58879.71713381
1709217240000000000,58879.71713381
1709217300000000000,58879.71713381
1709217360000000000,58879.71713381
1709217420000000000,58879.71713381
1709217480000000000,58879.71713381
1709217540000000000,58879.71713381
1709217600000000000,58879.71713381
1709217660000000000,58879.71713381
1709217720000000000,58879.71713381
1709217780000000000,58879.71713381
1709217840000000000,58879.71713381
1709217900000000000,58879.71713381
1709217960000000000,58879.71713381
1709218020000000000,58879.71713381
1709218080000000000,58879.71713381
1709218140000000000,58879.71713381
1709218200000000000,58879.71713381
1709218260000000000,58879.71713381
1709218320000000000,58879.71713381
1709218380000000000,58879.71713381
1709218440000000000,58879.71713381
1709218500000000000,58501.67427557
1709218560000000000,57113.52844005
1709218620000000000,57113.52844005
1709218680000000000,57113.52844005
1709218740000000000,57113.52844005
1709218800000000000,57113.52844005
1709218860000000000,57113.52844005
1709218920000000000,57113.52844005
1709218980000000000,57113.52844005
1709219040000000000,57113.52844005
1709219100000000000,57113.52844005
1709219160000000000,57113.52844005
1709219220000000000,57113.52844005
1709219280000000000,57113.52844005
1709219340000000000,57113.52844005
1709219400000000000,57113.52844005
1709219460000000000,57113.52844005
1709219520000000000,57113.52844005
1709219580000000000,57113.52844005
1709219640000000000,57113.52844005
1709219700000000000,57113.52844005
1709219760000000000,57113.52844005
1709219820000000000,57113.52844005
1709219880000000000,57113.52844005
1709219940000000000,57113.52844005
1709220000000000000,57113.52844005
1709220060000000000,57113.52844005
1709220120000000000,56825.77020697
1709220180000000000,56709.58130697
1709220240000000000,56405.15340697
1709220300000000000,56570.02480697
1709220360000000000,56984.79970697
1709220420000000000,56823.82290697
1709220480000000000,57571.58610697
1709220540000000000,57160.05670697
1709220600000000000,57137.33820697
1709220660000000000,56674.52990697
1709220720000000000,56928.97710697
1709220780000000000,57557.95500697
1709220840000000000,57267.15820697
1709220900000000000,57062.04260697
1709220960000000000,57469.67740697
1709221020000000000,57191.86260697
1709221080000000000,56226.65090697
1709221140000000000,56115.00570697
1709221200000000000,56518.09680697
1709221260000000000,55400.28844761
1709221320000000000,55400.28844761
1709221380000000000,55400.28844761
1709221440000000000,55400.28844761
1709221500000000000,55400.28844761
1709221560000000000,55400.28844761
1709221620000000000,55400.28844761
1709221680000000000,55400.28844761
1709221740000000000,55400.28844761
1709221800000000000,55400.28844761
1709221860000000000,55400.28844761
1709221920000000000,55400.28844761
1709221980000000000,55400.28844761
1709222040000000000,55400.28844761
1709222100000000000,55400.28844761
1709222160000000000,55400.28844761
1709222220000000000,55400.28844761
1709222280000000000,55400.28844761
1709222340000000000,55400.28844761
1709222400000000000,55400.28844761
1709222460000000000,55400.28844761
1709222520000000000,55400.28844761
1709222580000000000,55400.28844761
1709222640000000000,55400.28844761
1709222700000000000,55400.28844761
1709222760000000000,55400.28844761
1709222820000000000,55400.28844761
1709222880000000000,55400.28844761
1709222940000000000,55400.28844761
1709223000000000000,55400.28844761
1709223060000000000,55400.28844761
1709223120000000000,55400.28844761
1709223180000000000,55400.28844761
1709223240000000000,55400.28844761
1709223300000000000,55400.28844761
1709223360000000000,55400.28844761
1709223420000000000,55400.28844761
1709223480000000000,55400.28844761
1709223540000000000,55400.28844761
1709223600000000000,55400.28844761
1709223660000000000,55400.28844761
1709223720000000000,55400.28844761
1709223780000000000,55400.28844761
1709223840000000000,55400.28844761
1709223900000000000,55400.28844761
1709223960000000000,55400.28844761
1709224020000000000,55400.28844761
1709224080000000000,55400.28844761
1709224140000000000,55400.28844761
1709224200000000000,55400.28844761
1709224260000000000,55400.28844761
1709224320000000000,55400.28844761
1709224380000000000,55400.28844761
1709224440000000000,55400.28844761
1709224500000000000,55400.28844761
1709224560000000000,55400.28844761
1709224620000000000,55400.28844761
1709224680000000000,55400.28844761
1709224740000000000,55400.28844761
1709224800000000000,55400.28844761
1709224860000000000,55400.28844761
1709224920000000000,55400.28844761
1709224980000000000,55400.28844761
1709225040000000000,55400.28844761
1709225100000000000,55400.28844761
1709225160000000000,55400.28844761
1709225220000000000,55400.28844761
1709225280000000000,55400.28844761
1709225340000000000,55400.28844761
1709225400000000000,55400.28844761
1709225460000000000,55400.28844761
1709225520000000000,55400.28844761
1709225580000000000,55400.28844761
1709225640000000000,55400.28844761
1709225700000000000,55400.28844761
1709225760000000000,55400.28844761
1709225820000000000,55400.28844761
1709225880000000000,55400.28844761
1709225940000000000,55400.28844761
1709226000000000000,55400.28844761
1709226060000000000,55400.28844761
1709226120000000000,55400.28844761
1709226180000000000,55165.26693079
1709226240000000000,55123.41213079
1709226300000000000,54895.89373079
1709226360000000000,54566.95793079
1709226420000000000,54380.22113079
1709226480000000000,53738.75559285
1709226540000000000,53738.75559285
1709226600000000000,53738.75559285
1709226660000000000,53738.75559285
1709226720000000000,53738.75559285
1709226780000000000,53738.75559285
1709226840000000000,53738.75559285
1709226900000000000,53738.75559285
1709226960000000000,53738.75559285
1709227020000000000,53738.75559285
1709227080000000000,53738.75559285
1709227140000000000,53738.75559285
1709227200000000000,53738.75559285
1709227260000000000,53738.75559285
1709227320000000000,53738.75559285
1709227380000000000,53738.75559285
1709227440000000000,53738.75559285
1709227500000000000,53738.75559285
1709227560000000000,53738.75559285
1709227620000000000,53738.75559285
1709227680000000000,53738.75559285
1709227740000000000,53738.75559285
1709227800000000000,53738.75559285
1709227860000000000,53738.75559285
1709227920000000000,53738.75559285
1709227980000000000,53738.75559285
1709228040000000000,53738.75559285
1709228100000000000,53738.75559285
1709228160000000000,53738.75559285
1709228220000000000,53738.75559285
1709228280000000000,53738.75559285
1709228340000000000,53738.75559285
1709228400000000000,53738.75559285
1709228460000000000,53738.75559285
1709228520000000000,53738.75559285
1709228580000000000,53738.75559285
1709228640000000000,53738.75559285
1709228700000000000,53738.75559285
1709228760000000000,53738.75559285
1709228820000000000,53738.75559285
1709228880000000000,53738.75559285
1709228940000000000,53738.75559285
1709229000000000000,53738.75559285
1709229060000000000,53738.75559285
1709229120000000000,53738.75559285
1709229180000000000,53738.75559285
1709229240000000000,53738.75559285
1709229300000000000,53738.75559285
1709229360000000000,53738.75559285
1709229420000000000,53519.22281453
1709229480000000000,53560.15081453
1709229540000000000,53669.12161453
1709229600000000000,53132.45321453
1709229660000000000,54060.49561453
1709229720000000000,53714.65401453
1709229780000000000,52740.56761453
1709229840000000000,52791.72761453
1709229900000000000,53117.10521453
1709229960000000000,53373.92841453
1709230020000000000,53643.03001453
1709230080000000000,54078.40161453
1709230140000000000,54816.12881453
1709230200000000000,55450.51281453
1709230260000000000,54826.87241453
1709230320000000000,55255.08161453
1709230380000000000,55004.39761453
1709230440000000000,55611.66681453
1709230500000000000,55128.71641453
1709230560000000000,55266.33681453
1709230620000000000,55456.65201453
1709230680000000000,54666.74161453
1709230740000000000,54779.80521453
1709230800000000000,54939.42441453
1709230860000000000,55323.12441453
1709230920000000000,54564.42161453
1709230980000000000,54495.35561453
1709231040000000000,54573.63041453
1709231100000000000,54553.16641453
1709231160000000000,54614.04681453
1709231220000000000,53956.63656825
1709231280000000000,53956.63656825
1709231340000000000,53956.63656825
1709231400000000000,53956.63656825
1709231460000000000,53956.63656825
1709231520000000000,53956.63656825
1709231580000000000,53956.63656825
1709231640000000000,53956.63656825
1709231700000000000,53956.63656825
1709231760000000000,53956.63656825
1709231820000000000,53956.63656825
1709231880000000000,53956.63656825
1709231940000000000,53956.63656825
1709232000000000000,53956.63656825
1709232060000000000,53956.63656825
1709232120000000000,53956.63656825
1709232180000000000,53956.63656825
1709232240000000000,53956.63656825
1709232300000000000,53956.63656825
1709232360000000000,53956.63656825
1709232420000000000,53956.63656825
1709232480000000000,53956.63656825
1709232540000000000,53956.63656825
1709232600000000000,53956.63656825
1709232660000000000,53956.63656825
1709232720000000000,53956.63656825
1709232780000000000,53956.63656825
1709232840000000000,53956.63656825
1709232900000000000,53956.63656825
1709232960000000000,53956.63656825
1709233020000000000,53956.63656825
1709233080000000000,53956.63656825
1709233140000000000,53956.63656825
1709233200000000000,53956.63656825
1709233260000000000,53956.63656825
1709233320000000000,53956.63656825
1709233380000000000,53956.63656825
1709233440000000000,53956.63656825
1709233500000000000,53956.63656825
1709233560000000000,53956.63656825
1709233620000000000,53956.63656825
1709233680000000000,53956.63656825
1709233740000000000,53956.63656825
1709233800000000000,53956.63656825
1709233860000000000,53956.63656825
1709233920000000000,53956.63656825
1709233980000000000,53956.63656825
1709234040000000000,53956.63656825
1709234100000000000,53956.63656825
1709234160000000000,53956.63656825
1709234220000000000,53956.63656825
1709234280000000000,53956.63656825
1709234340000000000,53956.63656825
1709234400000000000,53956.63656825
1709234460000000000,53672.55926487
1709234520000000000,53298.16916487
1709234580000000000,53063.10236487
1709234640000000000,53416.36286487
1709234700000000000,53159.50616487
1709234760000000000,52338.02112423
1709234820000000000,52338.02112423
1709234880000000000,52338.02112423
1709234940000000000,52338.02112423
1709235000000000000,52338.02112423
1709235060000000000,52338.02112423
1709235120000000000,52338.02112423
1709235180000000000,52338.02112423
1709235240000000000,52338.02112423
1709235300000000000,52338.02112423
1709235360000000000,52338.02112423
1709235420000000000,52338.02112423
1709235480000000000,52338.02112423
1709235540000000000,52338.02112423
1709235600000000000,52338.02112423
1709235660000000000,52338.02112423
1709235720000000000,52338.02112423
1709235780000000000,52338.02112423
1709235840000000000,52338.02112423
1709235900000000000,52338.02112423
1709235960000000000,52338.02112423
1709236020000000000,52338.02112423
1709236080000000000,52338.02112423
1709236140000000000,52338.02112423
1709236200000000000,52338.02112423
1709236260000000000,52338.02112423
1709236320000000000,52338.02112423
1709236380000000000,52338.02112423
1709236440000000000,52338.02112423
1709236500000000000,52338.02112423
1709236560000000000,52338.02112423
1709236620000000000,52338.02112423
1709236680000000000,52338.02112423
1709236740000000000,52338.02112423
1709236800000000000,52338.02112423
1709236860000000000,52338.02112423
1709236920000000000,52338.02112423
1709236980000000000,52338.02112423
1709237040000000000,52338.02112423
1709237100000000000,52338.02112423
1709237160000000000,52338.02112423
1709237220000000000,52338.02112423
1709237280000000000,52338.02112423
1709237340000000000,52338.02112423
1709237400000000000,52338.02112423
1709237460000000000,52338.02112423
1709237520000000000,52338.02112423
1709237580000000000,52338.02112423
1709237640000000000,52338.02112423
1709237700000000000,52338.02112423
1709237760000000000,52338.02112423
1709237820000000000,52338.02112423
1709237880000000000,52338.02112423
1709237940000000000,52338.02112423
1709238000000000000,52338.02112423
1709238060000000000,52338.02112423
1709238120000000000,52338.02112423
1709238180000000000,52338.02112423
1709238240000000000,52338.02112423
1709238300000000000,52338.02112423
1709238360000000000,52338.02112423
1709238420000000000,52338.02112423
1709238480000000000,52338.02112423
1709238540000000000,52338.02112423
1709238600000000000,52338.02112423
1709238660000000000,52338.02112423
1709238720000000000,52338.02112423
1709238780000000000,52338.02112423
1709238840000000000,52338.02112423
1709238900000000000,52338.02112423
1709238960000000000,52338.02112423
1709239020000000000,52338.02112423
1709239080000000000,52338.02112423
1709239140000000000,52338.02112423
1709239200000000000,52338.02112423
1709239260000000000,52338.02112423
1709239320000000000,52338.02112423
1709239380000000000,52338.02112423
1709239440000000000,52338.02112423
1709239500000000000,52338.02112423
1709239560000000000,52338.02112423
1709239620000000000,52338.02112423
1709239680000000000,52338.02112423
1709239740000000000,52338.02112423
1709239800000000000,52338.02112423
1709239860000000000,52338.02112423
1709239920000000000,52338.02112423
1709239980000000000,52338.02112423
1709240040000000000,52338.02112423
1709240100000000000,52338.02112423
1709240160000000000,52338.02112423
1709240220000000000,52338.02112423
1709240280000000000,52338.02112423
1709240340000000000,52338.02112423
1709240400000000000,52338.02112423
1709240460000000000,52124.59280939
1709240520000000000,51469.51520939
1709240580000000000,51911.15160939
1709240640000000000,52806.71940939
1709240700000000000,52982.29200939
1709240760000000000,53332.45360939
1709240820000000000,52909.50560939
1709240880000000000,53815.89300939
1709240940000000000,54782.28000939
1709241000000000000,55545.55360939
1709241060000000000,56349.15480939
1709241120000000000,56777.02080939
1709241180000000000,55786.04380939
1709241240000000000,55338.50580939
1709241300000000000,55628.66780939
1709241360000000000,54914.08240939
1709241420000000000,54980.47540939
1709241480000000000,54372.61060939
1709241540000000000,54324.90600939
1709241600000000000,54731.13280939
1709241660000000000,54337.69280939
1709241720000000000,54759.16540939
1709241780000000000,55968.50160939
1709241840000000000,56097.35320939
1709241900000000000,55719.15900939
1709241960000000000,55269.16200939
1709242020000000000,55062.60600939
1709242080000000000,54753.26380939
1709242140000000000,55177.68720939
1709242200000000000,56545.87480939
1709242260000000000,56025.98196389
1709242320000000000,56025.98196389
1709242380000000000,56025.98196389
1709242440000000000,56025.98196389
1709242500000000000,56025.98196389
1709242560000000000,56025.98196389
1709242620000000000,56025.98196389
1709242680000000000,56025.98196389
1709242740000000000,56025.98196389
1709242800000000000,55824.35769689
1709242860000000000,56438.07069689
1709242920000000000,56043.84369689
1709242980000000000,56855.84769689
1709243040000000000,56422.52769689
1709243100000000000,56568.53769689
1709243160000000000,56114.96469689
1709243220000000000,55384.91469689
1709243280000000000,55703.31069689
1709243340000000000,56184.67269689
1709243400000000000,56650.02069689
1709243460000000000,56714.07669689
1709243520000000000,56715.01869689
1709243580000000000,57180.83769689
1709243640000000000,56904.83169689
1709243700000000000,57101.23869689
1709243760000000000,57357.46269689
1709243820000000000,57297.64569689
1709243880000000000,57638.14431389
1709243940000000000,57638.14431389
1709244000000000000,57638.14431389
1709244060000000000,57638.14431389
1709244120000000000,57638.14431389
1709244180000000000,57638.14431389
1709244240000000000,57638.14431389
1709244300000000000,57638.14431389
1709244360000000000,57638.14431389
1709244420000000000,57638.14431389
1709244480000000000,57638.14431389
1709244540000000000,57638.14431389
1709244600000000000,57638.14431389
1709244660000000000,57638.14431389
1709244720000000000,57638.14431389
1709244780000000000,57638.14431389
1709244840000000000,57638.14431389
1709244900000000000,57638.14431389
1709244960000000000,57638.14431389
1709245020000000000,57638.14431389
1709245080000000000,57638.14431389
1709245140000000000,57638.14431389
1709245200000000000,57638.14431389
1709245260000000000,57638.14431389
1709245320000000000,57638.14431389
1709245380000000000,57638.14431389
1709245440000000000,57638.14431389
1709245500000000000,57638.14431389
1709245560000000000,57638.14431389
1709245620000000000,57638.14431389
1709245680000000000,57638.14431389
1709245740000000000,57638.14431389
1709245800000000000,57638.14431389
1709245860000000000,57638.14431389
1709245920000000000,57638.14431389
1709245980000000000,57638.14431389
1709246040000000000,57638.14431389
1709246100000000000,57638.14431389
1709246160000000000,57638.14431389
1709246220000000000,57638.14431389
1709246280000000000,57638.14431389
1709246340000000000,57638.14431389
1709246400000000000,57638.14431389
1709246460000000000,57638.14431389
1709246520000000000,57638.14431389
1709246580000000000,57638.14431389
1709246640000000000,57638.14431389
1709246700000000000,57638.14431389
1709246760000000000,57638.14431389
1709246820000000000,57638.14431389
1709246880000000000,57638.14431389
1709246940000000000,57638.14431389
1709247000000000000,57638.14431389
1709247060000000000,57638.14431389
1709247120000000000,57638.14431389
1709247180000000000,57638.14431389
1709247240000000000,57638.14431389
1709247300000000000,57638.14431389
1709247360000000000,57638.14431389
1709247420000000000,57638.14431389
1709247480000000000,57638.14431389
1709247540000000000,57638.14431389
1709247600000000000,57638.14431389
1709247660000000000,57638.14431389
1709247720000000000,57638.14431389
1709247780000000000,57638.14431389
1709247840000000000,57638.14431389
1709247900000000000,57638.14431389
1709247960000000000,57638.14431389
1709248020000000000,57638.14431389
1709248080000000000,57638.14431389
1709248140000000000,57638.14431389
1709248200000000000,57638.14431389
1709248260000000000,57638.14431389
1709248320000000000,57638.14431389
1709248380000000000,57638.14431389
1709248440000000000,57638.14431389
1709248500000000000,57638.14431389
1709248560000000000,57638.14431389
1709248620000000000,57638.14431389
1709248680000000000,57638.14431389
1709248740000000000,57638.14431389
1709248800000000000,57638.14431389
1709248860000000000,57638.14431389
1709248920000000000,57638.14431389
1709248980000000000,57638.14431389
1709249040000000000,57638.14431389
1709249100000000000,57638.14431389
1709249160000000000,57638.14431389
1709249220000000000,57638.14431389
1709249280000000000,57638.14431389
1709249340000000000,57638.14431389
1709249400000000000,57638.14431389
1709249460000000000,57638.14431389
1709249520000000000,57638.14431389
1709249580000000000,57638.14431389
1709249640000000000,57638.14431389
1709249700000000000,57638.14431389
1709249760000000000,57638.14431389
1709249820000000000,57638.14431389
1709249880000000000,57638.14431389
1709249940000000000,57638.14431389
1709250000000000000,57638.14431389
1709250060000000000,57638.14431389
1709250120000000000,57638.14431389
1709250180000000000,57638.14431389
1709250240000000000,57638.14431389
1709250300000000000,57638.14431389
1709250360000000000,57638.14431389
1709250420000000000,57638.14431389
1709250480000000000,57638.14431389
1709250540000000000,57638.14431389
1709250600000000000,57638.14431389
1709250660000000000,57638.14431389
1709250720000000000,57638.14431389
1709250780000000000,57638.14431389
1709250840000000000,57638.14431389
1709250900000000000,57638.14431389
1709250960000000000,57638.14431389
1709251020000000000,57638.14431389
1709251080000000000,57638.14431389
1709251140000000000,57638.14431389
1709251200000000000,57638.14431389
1709251260000000000,57638.14431389
1709251320000000000,57638.14431389
1709251380000000000,57638.14431389
1709251440000000000,57638.14431389
1709251500000000000,57638.14431389
1709251560000000000,57638.14431389
1709251620000000000,57638.14431389
1709251680000000000,57638.14431389
1709251740000000000,57638.14431389
1709251800000000000,57638.14431389
1709251860000000000,57638.14431389
1709251920000000000,57638.14431389
1709251980000000000,57638.14431389
1709252040000000000,57638.14431389
1709252100000000000,57638.14431389
1709252160000000000,57638.14431389
1709252220000000000,57638.14431389
1709252280000000000,57638.14431389
1709252340000000000,57638.14431389
1709252400000000000,57638.14431389
1709252460000000000,57638.14431389
1709252520000000000,57638.14431389
1709252580000000000,57638.14431389
1709252640000000000,57638.14431389
1709252700000000000,57638.14431389
1709252760000000000,57638.14431389
1709252820000000000,57638.14431389
1709252880000000000,57638.14431389
1709252940000000000,57638.14431389
1709253000000000000,57638.14431389
1709253060000000000,57638.14431389
1709253120000000000,57638.14431389
1709253180000000000,57638.14431389
1709253240000000000,57638.14431389
1709253300000000000,57638.14431389
1709253360000000000,57638.14431389
1709253420000000000,57638.14431389
1709253480000000000,57638.14431389
1709253540000000000,57638.14431389
1709253600000000000,57638.14431389
1709253660000000000,57638.14431389
1709253720000000000,57638.14431389
1709253780000000000,57638.14431389
1709253840000000000,57638.14431389
1709253900000000000,57638.14431389
1709253960000000000,57638.14431389
1709254020000000000,57638.14431389
1709254080000000000,57638.14431389
1709254140000000000,57638.14431389
1709254200000000000,57638.14431389
1709254260000000000,57638.14431389
1709254320000000000,57638.14431389
1709254380000000000,57638.14431389
1709254440000000000,57638.14431389
1709254500000000000,57638.14431389
1709254560000000000,57638.14431389
1709254620000000000,57638.14431389
1709254680000000000,57638.14431389
1709254740000000000,57638.14431389
1709254800000000000,57638.14431389
1709254860000000000,57638.14431389
1709254920000000000,57638.14431389
1709254980000000000,57638.14431389
1709255040000000000,57638.14431389
1709255100000000000,57638.14431389
1709255160000000000,57638.14431389
1709255220000000000,57638.14431389
1709255280000000000,57638.14431389
1709255340000000000,57638.14431389
1709255400000000000,57638.14431389
1709255460000000000,57638.14431389
1709255520000000000,57638.14431389
1709255580000000000,57638.14431389
1709255640000000000,57638.14431389
1709255700000000000,57638.14431389
1709255760000000000,57638.14431389
1709255820000000000,57638.14431389
1709255880000000000,57638.14431389
1709255940000000000,57638.14431389
1709256000000000000,57638.14431389
1709256060000000000,57638.14431389
1709256120000000000,57638.14431389
1709256180000000000,57638.14431389
1709256240000000000,57638.14431389
1709256300000000000,57638.14431389
1709256360000000000,57638.14431389
1709256420000000000,57638.14431389
1709256480000000000,57638.14431389
1709256540000000000,57638.14431389
1709256600000000000,57638.14431389
1709256660000000000,57638.14431389
1709256720000000000,57638.14431389
1709256780000000000,57638.14431389
1709256840000000000,57638.14431389
1709256900000000000,57638.14431389
1709256960000000000,57222.35085995
1709257020000000000,57167.34015995
1709257080000000000,57135.49185995
1709257140000000000,56900.00745995
1709257200000000000,57678.84315995
1709257260000000000,58655.52435995
1709257320000000000,58180.69515995
1709257380000000000,58437.41175995
1709257440000000000,58246.32195995
1709257500000000000,58050.40665995
1709257560000000000,57785.96925995
1709257620000000000,58164.28845995
1709257680000000000,57757.01625995
1709257740000000000,56700.23175995
1709257800000000000,56409.73665995
1709257860000000000,55908.67961282
1709257920000000000,55908.67961282
1709257980000000000,55908.67961282
1709258040000000000,55908.67961282
1709258100000000000,55908.67961282
1709258160000000000,55908.67961282
1709258220000000000,55908.67961282
1709258280000000000,55908.67961282
1709258340000000000,55908.67961282
1709258400000000000,55908.67961282
1709258460000000000,55908.67961282
1709258520000000000,55908.67961282
1709258580000000000,55908.67961282
1709258640000000000,55908.67961282
1709258700000000000,55455.01374098
1709258760000000000,55409.63584098
1709258820000000000,55182.74634098
1709258880000000000,54929.47434098
1709258940000000000,54231.51960486
1709259000000000000,54231.51960486
1709259060000000000,54231.51960486
1709259120000000000,54231.51960486
1709259180000000000,54231.51960486
1709259240000000000,54231.51960486
1709259300000000000,54231.51960486
1709259360000000000,54231.51960486
1709259420000000000,54231.51960486
1709259480000000000,54231.51960486
1709259540000000000,54231.51960486
1709259600000000000,54231.51960486
1709259660000000000,54231.51960486
1709259720000000000,54231.51960486
1709259780000000000,54231.51960486
1709259840000000000,54231.51960486
1709259900000000000,54231.51960486
1709259960000000000,54231.51960486
1709260020000000000,54231.51960486
1709260080000000000,54231.51960486
1709260140000000000,54231.51960486
1709260200000000000,54231.51960486
1709260260000000000,54231.51960486
1709260320000000000,54231.51960486
1709260380000000000,54231.51960486
1709260440000000000,54231.51960486
1709260500000000000,54231.51960486
1709260560000000000,54231.51960486
1709260620000000000,54231.51960486
1709260680000000000,54231.51960486
1709260740000000000,54231.51960486
1709260800000000000,54231.51960486
1709260860000000000,54231.51960486
1709260920000000000,54231.51960486
1709260980000000000,54231.51960486
1709261040000000000,54231.51960486
1709261100000000000,54231.51960486
1709261160000000000,54231.51960486
1709261220000000000,54231.51960486
1709261280000000000,54231.51960486
1709261340000000000,54231.51960486
1709261400000000000,54231.51960486
1709261460000000000,54231.51960486
1709261520000000000,54231.51960486
1709261580000000000,54231.51960486
1709261640000000000,54231.51960486
1709261700000000000,54231.51960486
1709261760000000000,54231.51960486
1709261820000000000,54231.51960486
1709261880000000000,54231.51960486
1709261940000000000,54231.51960486
1709262000000000000,54231.51960486
1709262060000000000,54231.51960486
1709262120000000000,54231.51960486
1709262180000000000,54231.51960486
1709262240000000000,54231.51960486
1709262300000000000,53836.51572563
1709262360000000000,54097.18702563
1709262420000000000,54170.87502563
1709262480000000000,54121.13562563
1709262540000000000,54193.90252563
1709262600000000000,53744.40572563
1709262660000000000,53541.76372563
1709262720000000000,52604.81933187
1709262780000000000,52604.81933187
1709262840000000000,52604.81933187
1709262900000000000,52604.81933187
1709262960000000000,52604.81933187
1709263020000000000,52604.81933187
1709263080000000000,52604.81933187
1709263140000000000,52604.81933187
1709263200000000000,52604.81933187
1709263260000000000,52604.81933187
1709263320000000000,52604.81933187
1709263380000000000,52604.81933187
1709263440000000000,52604.81933187
1709263500000000000,52604.81933187
1709263560000000000,52604.81933187
1709263620000000000,52604.81933187
1709263680000000000,52604.81933187
1709263740000000000,52604.81933187
1709263800000000000,52604.81933187
1709263860000000000,52604.81933187
1709263920000000000,52604.81933187
1709263980000000000,52604.81933187
1709264040000000000,52604.81933187
1709264100000000000,52604.81933187
1709264160000000000,52604.81933187
1709264220000000000,52604.81933187
1709264280000000000,52604.81933187
1709264340000000000,52604.81933187
1709264400000000000,52604.81933187
1709264460000000000,52604.81933187
1709264520000000000,52604.81933187
1709264580000000000,52604.81933187
1709264640000000000,52604.81933187
1709264700000000000,52604.81933187
1709264760000000000,52604.81933187
1709264820000000000,52604.81933187
1709264880000000000,52197.66134851
1709264940000000000,52228.01014851
1709265000000000000,52435.70974851
1709265060000000000,52885.25134851
1709265120000000000,52607.37014851
1709265180000000000,53116.66094851
1709265240000000000,52609.26694851
1709265300000000000,52930.77454851
1709265360000000000,52738.24934851
1709265420000000000,52732.55894851
1709265480000000000,52380.70254851
1709265540000000000,52250.77174851
1709265600000000000,52162.57054851
1709265660000000000,51934.95454851
1709265720000000000,51769.93294851
1709265780000000000,51946.33534851
1709265840000000000,52366.47654851
1709265900000000000,51944.43854851
1709265960000000000,51870.46334851
1709266020000000000,52389.23814851
1709266080000000000,52614.00894851
1709266140000000000,52669.96454851
1709266200000000000,52649.09974851
1709266260000000000,52919.39374851
1709266320000000000,52457.52294851
1709266380000000000,52662.37734851
1709266440000000000,52831.19254851
1709266500000000000,52831.19254851
1709266560000000000,52778.08214851
1709266620000000000,53231.41734851
1709266680000000000,52953.37691215
1709266740000000000,52953.37691215
1709266800000000000,52953.37691215
1709266860000000000,52953.37691215
1709266920000000000,52953.37691215
1709266980000000000,52953.37691215
1709267040000000000,52953.37691215
1709267100000000000,52953.37691215
1709267160000000000,52953.37691215
1709267220000000000,52953.37691215
1709267280000000000,52953.37691215
1709267340000000000,52953.37691215
1709267400000000000,52953.37691215
1709267460000000000,52953.37691215
1709267520000000000,52953.37691215
1709267580000000000,52953.37691215
1709267640000000000,52953.37691215
1709267700000000000,52953.37691215
1709267760000000000,52953.37691215
1709267820000000000,52953.37691215
1709267880000000000,52953.37691215
1709267940000000000,52953.37691215
1709268000000000000,52953.37691215
1709268060000000000,52953.37691215
1709268120000000000,52953.37691215
1709268180000000000,52953.37691215
1709268240000000000,52953.37691215
1709268300000000000,52953.37691215
1709268360000000000,52953.37691215
1709268420000000000,52953.37691215
1709268480000000000,52953.37691215
1709268540000000000,52953.37691215
1709268600000000000,52953.37691215
1709268660000000000,52953.37691215
1709268720000000000,52953.37691215
1709268780000000000,52953.37691215
1709268840000000000,52953.37691215
1709268900000000000,52953.37691215
1709268960000000000,52953.37691215
1709269020000000000,52953.37691215
1709269080000000000,52953.37691215
1709269140000000000,52953.37691215
1709269200000000000,52953.37691215
1709269260000000000,52953.37691215
1709269320000000000,52953.37691215
1709269380000000000,52953.37691215
1709269440000000000,52953.37691215
1709269500000000000,52953.37691215
1709269560000000000,52953.37691215
1709269620000000000,52953.37691215
1709269680000000000,52953.37691215
1709269740000000000,52953.37691215
1709269800000000000,52953.37691215
1709269860000000000,52953.37691215
1709269920000000000,52953.37691215
1709269980000000000,52953.37691215
1709270040000000000,52953.37691215
1709270100000000000,52953.37691215
1709270160000000000,52953.37691215
1709270220000000000,52953.37691215
1709270280000000000,52953.37691215
1709270340000000000,52953.37691215
1709270400000000000,52953.37691215
1709270460000000000,52953.37691215
1709270520000000000,52953.37691215
1709270580000000000,52953.37691215
1709270640000000000,52953.37691215
1709270700000000000,52953.37691215
1709270760000000000,52953.37691215
1709270820000000000,52953.37691215
1709270880000000000,52953.37691215
1709270940000000000,52953.37691215
1709271000000000000,52953.37691215
1709271060000000000,52953.37691215
1709271120000000000,52953.37691215
1709271180000000000,52953.37691215
1709271240000000000,52953.37691215
1709271300000000000,52953.37691215
1709271360000000000,52489.60130785
1709271420000000000,52461.63830785
1709271480000000000,52428.29780785
1709271540000000000,52290.63380785
1709271600000000000,52478.84630785
1709271660000000000,51365.00494795
1709271720000000000,51365.00494795
1709271780000000000,51365.00494795
1709271840000000000,51365.00494795
1709271900000000000,51365.00494795
1709271960000000000,51365.00494795
1709272020000000000,51365.00494795
1709272080000000000,51365.00494795
1709272140000000000,51365.00494795
1709272200000000000,51365.00494795
1709272260000000000,51365.00494795
1709272320000000000,51365.00494795
1709272380000000000,51365.00494795
1709272440000000000,51365.00494795
1709272500000000000,51365.00494795
1709272560000000000,51365.00494795
1709272620000000000,51365.00494795
1709272680000000000,51365.00494795
1709272740000000000,51365.00494795
1709272800000000000,51365.00494795
1709272860000000000,51365.00494795
1709272920000000000,51365.00494795
1709272980000000000,51365.00494795
1709273040000000000,51365.00494795
1709273100000000000,51365.00494795
1709273160000000000,51365.00494795
1709273220000000000,51365.00494795
1709273280000000000,51365.00494795
1709273340000000000,51365.00494795
1709273400000000000,51365.00494795
1709273460000000000,51365.00494795
1709273520000000000,51365.00494795
1709273580000000000,51365.00494795
1709273640000000000,51365.00494795
1709273700000000000,51365.00494795
1709273760000000000,51365.00494795
1709273820000000000,51365.00494795
1709273880000000000,51365.00494795
1709273940000000000,51365.00494795
1709274000000000000,51365.00494795
1709274060000000000,51365.00494795
1709274120000000000,51034.83951165
1709274180000000000,50763.97451165
1709274240000000000,51092.06451165
1709274300000000000,50970.74751165
1709274360000000000,50686.14851165
1709274420000000000,50752.52951165
1709274480000000000,50969.98451165
1709274540000000000,51130.21451165
1709274600000000000,50625.87151165
1709274660000000000,50663.25851165
1709274720000000000,50746.42551165
1709274780000000000,51060.01851165
1709274840000000000,51572.75451165
1709274900000000000,51501.79551165
1709274960000000000,51580.38451165
1709275020000000000,51832.17451165
1709275080000000000,51861.16851165
1709275140000000000,51739.85151165
1709275200000000000,51314.09751165
1709275260000000000,51184.38751165
1709275320000000000,51289.68151165
1709275380000000000,51123.34751165
1709275440000000000,51369.03351165
1709275500000000000,51518.58151165
1709275560000000000,51089.77551165
1709275620000000000,51043.99551165
1709275680000000000,51235.50851165
1709275740000000000,51508.66251165
1709275800000000000,51551.39051165
1709275860000000000,51756.63751165
1709275920000000000,51404.07024275
1709275980000000000,51404.07024275
1709276040000000000,51404.07024275
1709276100000000000,51404.07024275
1709276160000000000,51404.07024275
1709276220000000000,51404.07024275
1709276280000000000,51404.07024275
1709276340000000000,51404.07024275
1709276400000000000,51404.07024275
1709276460000000000,51404.07024275
1709276520000000000,51404.07024275
1709276580000000000,51404.07024275
1709276640000000000,51404.07024275
1709276700000000000,51404.07024275
1709276760000000000,51404.07024275
1709276820000000000,51404.07024275
1709276880000000000,51404.07024275
1709276940000000000,51404.07024275
1709277000000000000,51404.07024275
1709277060000000000,51404.07024275
1709277120000000000,51404.07024275
1709277180000000000,51404.07024275
1709277240000000000,51404.07024275
1709277300000000000,51404.07024275
1709277360000000000,51404.07024275
1709277420000000000,51404.07024275
1709277480000000000,51404.07024275
1709277540000000000,51404.07024275
1709277600000000000,51404.07024275
1709277660000000000,51404.07024275
1709277720000000000,51404.07024275
1709277780000000000,51404.07024275
1709277840000000000,51404.07024275
1709277900000000000,51404.07024275
1709277960000000000,51404.07024275
1709278020000000000,51404.07024275
1709278080000000000,51404.07024275
1709278140000000000,51404.07024275
1709278200000000000,51404.07024275
1709278260000000000,51002.25198827
1709278320000000000,50515.12978827
1709278380000000000,50825.28598827
1709278440000000000,50913.76898827
1709278500000000000,50802.93238827
1709278560000000000,51048.82198827
1709278620000000000,51332.89898827
1709278680000000000,50329.78118827
1709278740000000000,49862.24726167
1709278800000000000,49862.24726167
1709278860000000000,49862.24726167
1709278920000000000,49862.24726167
1709278980000000000,49862.24726167
1709279040000000000,49862.24726167
1709279100000000000,49862.24726167
1709279160000000000,49862.24726167
1709279220000000000,49862.24726167
1709279280000000000,49862.24726167
1709279340000000000,49862.24726167
1709279400000000000,49862.24726167
1709279460000000000,49862.24726167
1709279520000000000,49862.24726167
1709279580000000000,49862.24726167
1709279640000000000,49862.24726167
1709279700000000000,49862.24726167
1709279760000000000,49862.24726167
1709279820000000000,49862.24726167
1709279880000000000,49862.24726167
1709279940000000000,49862.24726167
1709280000000000000,49862.24726167
1709280060000000000,49378.60886041
1709280120000000000,49081.43786041
1709280180000000000,49174.51406041
1709280240000000000,49328.14586041
1709280300000000000,48978.26906041
1709280360000000000,48366.41976361
1709280420000000000,48366.41976361
1709280480000000000,48366.41976361
1709280540000000000,48366.41976361
1709280600000000000,48366.41976361
1709280660000000000,48366.41976361
1709280720000000000,48366.41976361
1709280780000000000,47975.45212062
1709280840000000000,48123.82292062
1709280900000000000,47837.93772062
1709280960000000000,48711.87792062
1709281020000000000,49377.73712062
1709281080000000000,49640.10012062
1709281140000000000,50116.87702062
1709281200000000000,49968.50965848
1709281260000000000,49968.50965848
1709281320000000000,49968.50965848
1709281380000000000,49968.50965848
1709281440000000000,49968.50965848
1709281500000000000,49968.50965848
1709281560000000000,49493.12489616
1709281620000000000,49552.30349616
1709281680000000000,48469.40503458
1709281740000000000,48469.40503458
1709281800000000000,48469.40503458
1709281860000000000,48469.40503458
1709281920000000000,48469.40503458
1709281980000000000,48469.40503458
1709282040000000000,48469.40503458
1709282100000000000,48469.40503458
1709282160000000000,48469.40503458
1709282220000000000,48469.40503458
1709282280000000000,48469.40503458
1709282340000000000,48469.40503458
1709282400000000000,48469.40503458
1709282460000000000,48469.40503458
1709282520000000000,48469.40503458
1709282580000000000,48469.40503458
1709282640000000000,48469.40503458
1709282700000000000,48469.40503458
1709282760000000000,48469.40503458
1709282820000000000,48469.40503458
1709282880000000000,48469.40503458
1709282940000000000,48469.40503458
1709283000000000000,48469.40503458
1709283060000000000,48469.40503458
1709283120000000000,48469.40503458
1709283180000000000,48469.40503458
1709283240000000000,48469.40503458
1709283300000000000,48469.40503458
1709283360000000000,48469.40503458
1709283420000000000,48469.40503458
1709283480000000000,48469.40503458
1709283540000000000,48469.40503458
1709283600000000000,48469.40503458
1709283660000000000,48469.40503458
1709283720000000000,48469.40503458
1709283780000000000,48469.40503458
1709283840000000000,48469.40503458
1709283900000000000,48469.40503458
1709283960000000000,48469.40503458
1709284020000000000,48469.40503458
1709284080000000000,48469.40503458
1709284140000000000,48469.40503458
1709284200000000000,48469.40503458
1709284260000000000,48469.40503458
1709284320000000000,48469.40503458
1709284380000000000,48469.40503458
1709284440000000000,48469.40503458
1709284500000000000,48469.40503458
1709284560000000000,48469.40503458
1709284620000000000,48469.40503458
1709284680000000000,48469.40503458
1709284740000000000,48469.40503458
1709284800000000000,48469.40503458
1709284860000000000,48469.40503458
1709284920000000000,48469.40503458
1709284980000000000,48469.40503458
1709285040000000000,48469.40503458
1709285100000000000,48469.40503458
1709285160000000000,48469.40503458
1709285220000000000,48469.40503458
1709285280000000000,48469.40503458
1709285340000000000,48469.40503458
1709285400000000000,48469.40503458
1709285460000000000,48469.40503458
1709285520000000000,48469.40503458
1709285580000000000,48469.40503458
1709285640000000000,48469.40503458
1709285700000000000,48469.40503458
1709285760000000000,48469.40503458
1709285820000000000,48469.40503458
1709285880000000000,48469.40503458
1709285940000000000,48469.40503458
1709286000000000000,48469.40503458
1709286060000000000,48469.40503458
1709286120000000000,48469.40503458
1709286180000000000,48469.40503458
1709286240000000000,48469.40503458
1709286300000000000,48469.40503458
1709286360000000000,48469.40503458
1709286420000000000,48469.40503458
1709286480000000000,48469.40503458
1709286540000000000,48469.40503458
1709286600000000000,48469.40503458
1709286660000000000,48469.40503458
1709286720000000000,48469.40503458
1709286780000000000,48469.40503458
1709286840000000000,48469.40503458
1709286900000000000,48469.40503458
1709286960000000000,48469.40503458
1709287020000000000,48469.40503458
1709287080000000000,48469.40503458
1709287140000000000,48469.40503458
1709287200000000000,48469.40503458
1709287260000000000,48469.40503458
1709287320000000000,48469.40503458
1709287380000000000,48469.40503458
1709287440000000000,48469.40503458
1709287500000000000,48469.40503458
1709287560000000000,48469.40503458
1709287620000000000,48469.40503458
1709287680000000000,48469.40503458
1709287740000000000,48469.40503458
1709287800000000000,48469.40503458
1709287860000000000,48469.40503458
1709287920000000000,48056.72487848
1709287980000000000,48141.95487848
1709288040000000000,48442.15387848
1709288100000000000,48550.11187848
1709288160000000000,48672.27487848
1709288220000000000,48999.93687848
1709288280000000000,48731.93587848
1709288340000000000,48774.55087848
1709288400000000000,48512.23187848
1709288460000000000,47451.59187848
1709288520000000000,47015.74289388
1709288580000000000,47015.74289388
1709288640000000000,47015.74289388
1709288700000000000,47015.74289388
1709288760000000000,47015.74289388
1709288820000000000,47015.74289388
1709288880000000000,47015.74289388
1709288940000000000,47015.74289388
1709289000000000000,47015.74289388
1709289060000000000,47015.74289388
1709289120000000000,47015.74289388
1709289180000000000,47015.74289388
1709289240000000000,47015.74289388
1709289300000000000,47015.74289388
1709289360000000000,47015.74289388
1709289420000000000,47015.74289388
1709289480000000000,47015.74289388
1709289540000000000,47015.74289388
1709289600000000000,47015.74289388
1709289660000000000,47015.74289388
1709289720000000000,47015.74289388
1709289780000000000,47015.74289388
1709289840000000000,47015.74289388
1709289900000000000,47015.74289388
1709289960000000000,47015.74289388
1709290020000000000,47015.74289388
1709290080000000000,47015.74289388
1709290140000000000,47015.74289388
1709290200000000000,47015.74289388
1709290260000000000,47015.74289388
1709290320000000000,47015.74289388
1709290380000000000,47015.74289388
1709290440000000000,47015.74289388
1709290500000000000,47015.74289388
1709290560000000000,47015.74289388
1709290620000000000,47015.74289388
1709290680000000000,47015.74289388
1709290740000000000,47015.74289388
1709290800000000000,47015.74289388
1709290860000000000,47015.74289388
1709290920000000000,47015.74289388
1709290980000000000,47015.74289388
1709291040000000000,47015.74289388
1709291100000000000,47015.74289388
1709291160000000000,47015.74289388
1709291220000000000,47015.74289388
1709291280000000000,47015.74289388
1709291340000000000,47015.74289388
1709291400000000000,47015.74289388
1709291460000000000,47015.74289388
1709291520000000000,47015.74289388
1709291580000000000,47015.74289388
1709291640000000000,47015.74289388
1709291700000000000,47015.74289388
1709291760000000000,47015.74289388
1709291820000000000,47015.74289388
1709291880000000000,47015.74289388
1709291940000000000,47015.74289388
1709292000000000000,47015.74289388
1709292060000000000,47015.74289388
1709292120000000000,47015.74289388
1709292180000000000,47015.74289388
1709292240000000000,47015.74289388
1709292300000000000,47015.74289388
1709292360000000000,47015.74289388
1709292420000000000,47015.74289388
1709292480000000000,47015.74289388
1709292540000000000,47015.74289388
1709292600000000000,47015.74289388
1709292660000000000,47015.74289388
1709292720000000000,47015.74289388
1709292780000000000,47015.74289388
1709292840000000000,47015.74289388
1709292900000000000,47015.74289388
1709292960000000000,47015.74289388
1709293020000000000,47015.74289388
1709293080000000000,47015.74289388
1709293140000000000,47015.74289388
1709293200000000000,47015.74289388
1709293260000000000,47015.74289388
1709293320000000000,47015.74289388
1709293380000000000,47015.74289388
1709293440000000000,47015.74289388
1709293500000000000,47015.74289388
1709293560000000000,47015.74289388
1709293620000000000,47015.74289388
1709293680000000000,47015.74289388
1709293740000000000,47015.74289388
1709293800000000000,47015.74289388
1709293860000000000,47015.74289388
1709293920000000000,47015.74289388
1709293980000000000,47015.74289388
1709294040000000000,46695.50842911
1709294100000000000,46718.32132911
1709294160000000000,46439.41522911
1709294220000000000,46239.98632911
1709294280000000000,46071.46522911
1709294340000000000,45605.32703571
1709294400000000000,45605.32703571
1709294460000000000,45605.32703571
1709294520000000000,45605.32703571
1709294580000000000,45605.32703571
1709294640000000000,45605.32703571
1709294700000000000,45605.32703571
1709294760000000000,45605.32703571
1709294820000000000,45605.32703571
1709294880000000000,45605.32703571
1709294940000000000,45605.32703571
1709295000000000000,45605.32703571
1709295060000000000,45605.32703571
1709295120000000000,45605.32703571
1709295180000000000,45605.32703571
1709295240000000000,45605.32703571
1709295300000000000,45605.32703571
1709295360000000000,45605.32703571
1709295420000000000,45605.32703571
1709295480000000000,45605.32703571
1709295540000000000,45605.32703571
1709295600000000000,45605.32703571
1709295660000000000,45605.32703571
1709295720000000000,45605.32703571
1709295780000000000,45605.32703571
1709295840000000000,45605.32703571
1709295900000000000,45605.32703571
1709295960000000000,45605.32703571
1709296020000000000,45605.32703571
1709296080000000000,45605.32703571
1709296140000000000,45605.32703571
1709296200000000000,45605.32703571
1709296260000000000,45605.32703571
1709296320000000000,45605.32703571
1709296380000000000,45605.32703571
1709296440000000000,45605.32703571
1709296500000000000,45605.32703571
1709296560000000000,45605.32703571
1709296620000000000,45605.32703571
1709296680000000000,45605.32703571
1709296740000000000,45605.32703571
1709296800000000000,45605.32703571
1709296860000000000,45605.32703571
1709296920000000000,45605.32703571
1709296980000000000,45605.32703571
1709297040000000000,45605.32703571
1709297100000000000,45605.32703571
1709297160000000000,45605.32703571
1709297220000000000,45605.32703571
1709297280000000000,45605.32703571
1709297340000000000,45605.32703571
1709297400000000000,45605.32703571
1709297460000000000,45605.32703571
1709297520000000000,45605.32703571
1709297580000000000,45605.32703571
1709297640000000000,45605.32703571
1709297700000000000,45605.32703571
1709297760000000000,45605.32703571
1709297820000000000,45605.32703571
1709297880000000000,45315.60259941
1709297940000000000,45247.97659941
1709298000000000000,45269.19259941
1709298060000000000,44986.09159941
1709298120000000000,45046.42459941
1709298180000000000,45379.25059941
1709298240000000000,45122.66959941
1709298300000000000,44237.68188411
1709298360000000000,44237.68188411
1709298420000000000,44237.68188411
1709298480000000000,44237.68188411
1709298540000000000,44237.68188411
1709298600000000000,44237.68188411
1709298660000000000,44237.68188411
1709298720000000000,44237.68188411
1709298780000000000,44237.68188411
1709298840000000000,44237.68188411
1709298900000000000,44237.68188411
1709298960000000000,44237.68188411
1709299020000000000,44237.68188411
1709299080000000000,44237.68188411
1709299140000000000,44237.68188411
1709299200000000000,44237.68188411
1709299260000000000,44237.68188411
1709299320000000000,44237.68188411
1709299380000000000,44237.68188411
1709299440000000000,44237.68188411
1709299500000000000,44237.68188411
1709299560000000000,44237.68188411
1709299620000000000,44237.68188411
1709299680000000000,44237.68188411
1709299740000000000,44237.68188411
1709299800000000000,44237.68188411
1709299860000000000,44237.68188411
1709299920000000000,44237.68188411
1709299980000000000,44237.68188411
1709300040000000000,44237.68188411
1709300100000000000,44237.68188411
1709300160000000000,44237.68188411
1709300220000000000,44237.68188411
1709300280000000000,44237.68188411
1709300340000000000,44237.68188411
1709300400000000000,44237.68188411
1709300460000000000,44237.68188411
1709300520000000000,44237.68188411
1709300580000000000,44237.68188411
1709300640000000000,44237.68188411
1709300700000000000,44237.68188411
1709300760000000000,44237.68188411
1709300820000000000,44237.68188411
1709300880000000000,44237.68188411
1709300940000000000,44237.68188411
1709301000000000000,44237.68188411
1709301060000000000,44237.68188411
1709301120000000000,44237.68188411
1709301180000000000,44237.68188411
1709301240000000000,44237.68188411
1709301300000000000,44237.68188411
1709301360000000000,44237.68188411
1709301420000000000,44237.68188411
1709301480000000000,44237.68188411
1709301540000000000,44237.68188411
1709301600000000000,44237.68188411
1709301660000000000,44237.68188411
1709301720000000000,44237.68188411
1709301780000000000,44237.68188411
1709301840000000000,44237.68188411
1709301900000000000,44237.68188411
1709301960000000000,44237.68188411
1709302020000000000,44237.68188411
1709302080000000000,44237.68188411
1709302140000000000,44237.68188411
1709302200000000000,44237.68188411
1709302260000000000,44237.68188411
1709302320000000000,44237.68188411
1709302380000000000,44237.68188411
1709302440000000000,44237.68188411
1709302500000000000,44237.68188411
1709302560000000000,44237.68188411
1709302620000000000,44237.68188411
1709302680000000000,44237.68188411
1709302740000000000,44237.68188411
1709302800000000000,44237.68188411
1709302860000000000,44237.68188411
1709302920000000000,44237.68188411
1709302980000000000,44237.68188411
1709303040000000000,44237.68188411
1709303100000000000,44237.68188411
1709303160000000000,43974.82646065
1709303220000000000,43962.22856065
1709303280000000000,44026.41786065
1709303340000000000,43994.02326065
1709303400000000000,43683.87496065
1709303460000000000,43938.83246065
1709303520000000000,43726.46786065
1709303580000000000,42910.46702346
1709303640000000000,42910.46702346
1709303700000000000,42910.46702346
1709303760000000000,42910.46702346
1709303820000000000,42910.46702346
1709303880000000000,42910.46702346
1709303940000000000,42910.46702346
1709304000000000000,42910.46702346
1709304060000000000,42910.46702346
1709304120000000000,42910.46702346
1709304180000000000,42910.46702346
1709304240000000000,42910.46702346
1709304300000000000,42910.46702346
1709304360000000000,42910.46702346
1709304420000000000,42910.46702346
1709304480000000000,42910.46702346
1709304540000000000,42910.46702346
1709304600000000000,42910.46702346
1709304660000000000,42910.46702346
1709304720000000000,42910.46702346
1709304780000000000,42910.46702346
1709304840000000000,42910.46702346
1709304900000000000,42910.46702346
1709304960000000000,42910.46702346
1709305020000000000,42910.46702346
1709305080000000000,42648.66437266
1709305140000000000,42166.94297266
1709305200000000000,42430.95757266
1709305260000000000,42646.25877266
1709305320000000000,43214.58177266
1709305380000000000,42868.77677266
1709305440000000000,43663.82757266
1709305500000000000,42883.21037266
1709305560000000000,42189.19477266
1709305620000000000,41623.0182294
1709305680000000000,41623.0182294
1709305740000000000,41623.0182294
1709305800000000000,41623.0182294
1709305860000000000,41623.0182294
1709305920000000000,41623.0182294
1709305980000000000,41623.0182294
1709306040000000000,41623.0182294
1709306100000000000,41623.0182294
1709306160000000000,41623.0182294
1709306220000000000,41623.0182294
1709306280000000000,41623.0182294
1709306340000000000,41623.0182294
1709306400000000000,41623.0182294
1709306460000000000,41623.0182294
1709306520000000000,41623.0182294
1709306580000000000,41623.0182294
1709306640000000000,41623.0182294
1709306700000000000,41623.0182294
1709306760000000000,41623.0182294
1709306820000000000,41623.0182294
1709306880000000000,41623.0182294
1709306940000000000,41623.0182294
1709307000000000000,41623.0182294
1709307060000000000,41623.0182294
1709307120000000000,41623.0182294
1709307180000000000,41623.0182294
1709307240000000000,41623.0182294
1709307300000000000,41623.0182294
1709307360000000000,41623.0182294
1709307420000000000,41623.0182294
1709307480000000000,41623.0182294
1709307540000000000,41623.0182294
1709307600000000000,41623.0182294
1709307660000000000,41623.0182294
1709307720000000000,41623.0182294
1709307780000000000,41623.0182294
1709307840000000000,41623.0182294
1709307900000000000,41623.0182294
1709307960000000000,41623.0182294
1709308020000000000,41623.0182294
1709308080000000000,41623.0182294
1709308140000000000,41623.0182294
1709308200000000000,41623.0182294
1709308260000000000,41623.0182294
1709308320000000000,41623.0182294
1709308380000000000,41623.0182294
1709308440000000000,41623.0182294
1709308500000000000,41623.0182294
1709308560000000000,41623.0182294
1709308620000000000,41623.0182294
1709308680000000000,41623.0182294
1709308740000000000,41623.0182294
1709308800000000000,41623.0182294
1709308860000000000,41623.0182294
1709308920000000000,41623.0182294
1709308980000000000,41623.0182294
1709309040000000000,41623.0182294
1709309100000000000,41623.0182294
1709309160000000000,41623.0182294
1709309220000000000,41623.0182294
1709309280000000000,41623.0182294
1709309340000000000,41623.0182294
1709309400000000000,41623.0182294
1709309460000000000,41623.0182294
1709309520000000000,41623.0182294
1709309580000000000,41623.0182294
1709309640000000000,41623.0182294
1709309700000000000,41623.0182294
1709309760000000000,41623.0182294
1709309820000000000,41623.0182294
1709309880000000000,41623.0182294
1709309940000000000,41623.0182294
1709310000000000000,41623.0182294
1709310060000000000,41623.0182294
1709310120000000000,41623.0182294
1709310180000000000,41623.0182294
1709310240000000000,41623.0182294
1709310300000000000,41623.0182294
1709310360000000000,41623.0182294
1709310420000000000,41623.0182294
1709310480000000000,41623.0182294
1709310540000000000,41623.0182294
1709310600000000000,41623.0182294
1709310660000000000,41623.0182294
1709310720000000000,41623.0182294
1709310780000000000,41623.0182294
1709310840000000000,41623.0182294
1709310900000000000,41623.0182294
1709310960000000000,41623.0182294
1709311020000000000,41623.0182294
1709311080000000000,41623.0182294
1709311140000000000,41623.0182294
1709311200000000000,41623.0182294
1709311260000000000,41623.0182294
1709311320000000000,41623.0182294
1709311380000000000,41623.0182294
1709311440000000000,41623.0182294
1709311500000000000,41623.0182294
1709311560000000000,41623.0182294
1709311620000000000,41623.0182294
1709311680000000000,41623.0182294
1709311740000000000,41623.0182294
1709311800000000000,41623.0182294
1709311860000000000,41623.0182294
1709311920000000000,41623.0182294
1709311980000000000,41623.0182294
1709312040000000000,41623.0182294
1709312100000000000,41623.0182294
1709312160000000000,41623.0182294
1709312220000000000,41623.0182294
1709312280000000000,41623.0182294
1709312340000000000,41623.0182294
1709312400000000000,41623.0182294
1709312460000000000,41623.0182294
1709312520000000000,41623.0182294
1709312580000000000,41623.0182294
1709312640000000000,41623.0182294
1709312700000000000,41623.0182294
1709312760000000000,41623.0182294
1709312820000000000,41623.0182294
1709312880000000000,41623.0182294
1709312940000000000,41623.0182294
1709313000000000000,41623.0182294
1709313060000000000,41623.0182294
1709313120000000000,41623.0182294
1709313180000000000,41623.0182294
1709313240000000000,41623.0182294
1709313300000000000,41623.0182294
1709313360000000000,41309.45914446
1709313420000000000,40875.47914446
1709313480000000000,41068.60024446
1709313540000000000,41770.92454446
1709313600000000000,41278.35724446
1709313660000000000,41177.81854446
1709313720000000000,41450.50264446
1709313780000000000,41789.73034446
1709313840000000000,41765.86144446
1709313900000000000,42566.55454446
1709313960000000000,42254.08894446
1709314020000000000,42544.85554446
1709314080000000000,42833.24263212
1709314140000000000,42634.26604428
1709314200000000000,42895.55404428
1709314260000000000,42656.26924428
1709314320000000000,41786.68444428
1709314380000000000,41548.58135364
1709314440000000000,41548.58135364
1709314500000000000,41548.58135364
1709314560000000000,41548.58135364
1709314620000000000,41548.58135364
1709314680000000000,41548.58135364
1709314740000000000,41548.58135364
1709314800000000000,41548.58135364
1709314860000000000,41548.58135364
1709314920000000000,41548.58135364
1709314980000000000,41548.58135364
1709315040000000000,41548.58135364
1709315100000000000,41548.58135364
1709315160000000000,41548.58135364
1709315220000000000,41548.58135364
1709315280000000000,41548.58135364
1709315340000000000,41548.58135364
1709315400000000000,41548.58135364
1709315460000000000,41548.58135364
1709315520000000000,41548.58135364
1709315580000000000,41548.58135364
1709315640000000000,41548.58135364
1709315700000000000,41548.58135364
1709315760000000000,41548.58135364
1709315820000000000,41548.58135364
1709315880000000000,41548.58135364
1709315940000000000,41548.58135364
1709316000000000000,41548.58135364
1709316060000000000,41548.58135364
1709316120000000000,41548.58135364
1709316180000000000,41548.58135364
1709316240000000000,41548.58135364
1709316300000000000,41548.58135364
1709316360000000000,41548.58135364
1709316420000000000,41548.58135364
1709316480000000000,41548.58135364
1709316540000000000,41548.58135364
1709316600000000000,41548.58135364
1709316660000000000,41548.58135364
1709316720000000000,41548.58135364
1709316780000000000,41548.58135364
1709316840000000000,41548.58135364
1709316900000000000,41548.58135364
1709316960000000000,41548.58135364
1709317020000000000,41548.58135364
1709317080000000000,41548.58135364
1709317140000000000,41548.58135364
1709317200000000000,41548.58135364
1709317260000000000,41548.58135364
1709317320000000000,41548.58135364
1709317380000000000,41548.58135364
1709317440000000000,41548.58135364
1709317500000000000,41548.58135364
1709317560000000000,41548.58135364
1709317620000000000,41548.58135364
1709317680000000000,41548.58135364
1709317740000000000,41548.58135364
1709317800000000000,41548.58135364
1709317860000000000,41548.58135364
1709317920000000000,41548.58135364
1709317980000000000,41548.58135364
1709318040000000000,41548.58135364
1709318100000000000,41548.58135364
1709318160000000000,41548.58135364
1709318220000000000,41548.58135364
1709318280000000000,41548.58135364
1709318340000000000,41548.58135364
1709318400000000000,41548.58135364
1709318460000000000,41548.58135364
1709318520000000000,41548.58135364
1709318580000000000,41548.58135364
1709318640000000000,41548.58135364
1709318700000000000,41548.58135364
1709318760000000000,41548.58135364
1709318820000000000,41548.58135364
1709318880000000000,41548.58135364
1709318940000000000,41548.58135364
1709319000000000000,41548.58135364
1709319060000000000,41548.58135364
1709319120000000000,41548.58135364
1709319180000000000,41548.58135364
1709319240000000000,41548.58135364
1709319300000000000,41548.58135364
1709319360000000000,41548.58135364
1709319420000000000,41548.58135364
1709319480000000000,41548.58135364
1709319540000000000,41548.58135364
1709319600000000000,41548.58135364
1709319660000000000,41548.58135364
1709319720000000000,41548.58135364
1709319780000000000,41548.58135364
1709319840000000000,41548.58135364
1709319900000000000,41548.58135364
1709319960000000000,41548.58135364
1709320020000000000,41548.58135364
1709320080000000000,41548.58135364
1709320140000000000,41548.58135364
1709320200000000000,41548.58135364
1709320260000000000,41548.58135364
1709320320000000000,41548.58135364
1709320380000000000,41548.58135364
1709320440000000000,41548.58135364
1709320500000000000,41548.58135364
1709320560000000000,41548.58135364
1709320620000000000,41548.58135364
1709320680000000000,41548.58135364
1709320740000000000,41548.58135364
1709320800000000000,41548.58135364
1709320860000000000,41548.58135364
1709320920000000000,41548.58135364
1709320980000000000,41548.58135364
1709321040000000000,41548.58135364
1709321100000000000,41548.58135364
1709321160000000000,41548.58135364
1709321220000000000,41234.42007523
1709321280000000000,41090.08007523
1709321340000000000,41052.55167523
1709321400000000000,40758.09807523
1709321460000000000,40302.0501438
1709321520000000000,40302.0501438
1709321580000000000,40302.0501438
1709321640000000000,40302.0501438
1709321700000000000,40302.0501438
1709321760000000000,40302.0501438
1709321820000000000,40302.0501438
1709321880000000000,40302.0501438
1709321940000000000,40302.0501438
1709322000000000000,40302.0501438
1709322060000000000,40302.0501438
1709322120000000000,40302.0501438
1709322180000000000,40302.0501438
1709322240000000000,40302.0501438
1709322300000000000,40302.0501438
1709322360000000000,40302.0501438
1709322420000000000,40302.0501438
1709322480000000000,40302.0501438
1709322540000000000,40302.0501438
1709322600000000000,40302.0501438
1709322660000000000,40302.0501438
1709322720000000000,40302.0501438
1709322780000000000,40302.0501438
1709322840000000000,40302.0501438
1709322900000000000,40302.0501438
1709322960000000000,40302.0501438
1709323020000000000,40302.0501438
1709323080000000000,40302.0501438
1709323140000000000,40302.0501438
1709323200000000000,40302.0501438
1709323260000000000,40302.0501438
1709323320000000000,40302.0501438
1709323380000000000,40302.0501438
1709323440000000000,40302.0501438
1709323500000000000,40302.0501438
1709323560000000000,40302.0501438
1709323620000000000,40302.0501438
1709323680000000000,40302.0501438
1709323740000000000,40302.0501438
1709323800000000000,40302.0501438
1709323860000000000,40302.0501438
1709323920000000000,40302.0501438
1709323980000000000,40302.0501438
1709324040000000000,40302.0501438
1709324100000000000,40302.0501438
1709324160000000000,40302.0501438
1709324220000000000,40302.0501438
1709324280000000000,40302.0501438
1709324340000000000,40302.0501438
1709324400000000000,40302.0501438
1709324460000000000,40302.0501438
1709324520000000000,40302.0501438
1709324580000000000,40302.0501438
1709324640000000000,40302.0501438
1709324700000000000,40302.0501438
1709324760000000000,40302.0501438
1709324820000000000,40302.0501438
1709324880000000000,40302.0501438
1709324940000000000,40302.0501438
1709325000000000000,40302.0501438
1709325060000000000,40302.0501438
1709325120000000000,40302.0501438
1709325180000000000,40302.0501438
1709325240000000000,40302.0501438
1709325300000000000,40302.0501438
1709325360000000000,40302.0501438
1709325420000000000,40302.0501438
1709325480000000000,40302.0501438
1709325540000000000,40302.0501438
1709325600000000000,40302.0501438
1709325660000000000,40302.0501438
1709325720000000000,40302.0501438
1709325780000000000,40302.0501438
1709325840000000000,40302.0501438
1709325900000000000,40302.0501438
1709325960000000000,40302.0501438
1709326020000000000,40302.0501438
1709326080000000000,40302.0501438
1709326140000000000,40302.0501438
1709326200000000000,40302.0501438
1709326260000000000,40302.0501438
1709326320000000000,40302.0501438
1709326380000000000,40302.0501438
1709326440000000000,40302.0501438
1709326500000000000,40302.0501438
1709326560000000000,40302.0501438
1709326620000000000,40302.0501438
1709326680000000000,40302.0501438
1709326740000000000,40302.0501438
1709326800000000000,40302.0501438
1709326860000000000,40302.0501438
1709326920000000000,40302.0501438
1709326980000000000,40302.0501438
1709327040000000000,40302.0501438
1709327100000000000,40302.0501438
1709327160000000000,40302.0501438
1709327220000000000,40302.0501438
1709327280000000000,40302.0501438
1709327340000000000,40302.0501438
1709327400000000000,40302.0501438
1709327460000000000,40302.0501438
1709327520000000000,40302.0501438
1709327580000000000,40059.415839
1709327640000000000,40300.087839
1709327700000000000,40752.175839
1709327760000000000,40997.263839
1709327820000000000,41121.463839
1709327880000000000,41521.663839
1709327940000000000,40378.471839
1709328000000000000,39966.127839
1709328060000000000,40323.823839
1709328120000000000,40353.079839
1709328180000000000,40751.623839
1709328240000000000,40861.471839
1709328300000000000,40630.735839
1709328360000000000,40928.815839
1709328420000000000,40961.383839
1709328480000000000,40654.471839
1709328540000000000,40850.983839
1709328600000000000,40935.439839
1709328660000000000,41177.215839
1709328720000000000,40606.999839
1709328780000000000,40687.591839
1709328840000000000,40462.375839
1709328900000000000,40370.191839
1709328960000000000,40563.391839
1709329020000000000,40577.191839
1709329080000000000,40687.591839
1709329140000000000,40253.719839
1709329200000000000,40274.143839
1709329260000000000,40051.687839
1709329320000000000,40148.839839
1709329380000000000,39568.556187
1709329440000000000,39568.556187
1709329500000000000,39568.556187
1709329560000000000,39568.556187
1709329620000000000,39568.556187
1709329680000000000,39568.556187
1709329740000000000,39568.556187
1709329800000000000,39568.556187
1709329860000000000,39568.556187
1709329920000000000,39568.556187
1709329980000000000,39568.556187
1709330040000000000,39568.556187
1709330100000000000,39568.556187
1709330160000000000,39568.556187
1709330220000000000,39568.556187
1709330280000000000,39568.556187
1709330340000000000,39568.556187
1709330400000000000,39568.556187
1709330460000000000,39568.556187
1709330520000000000,39568.556187
1709330580000000000,39568.556187
1709330640000000000,39568.556187
1709330700000000000,39568.556187
1709330760000000000,39568.556187
1709330820000000000,39568.556187
1709330880000000000,39568.556187
1709330940000000000,39568.556187
1709331000000000000,39568.556187
1709331060000000000,39568.556187
1709331120000000000,39568.556187
1709331180000000000,39568.556187
1709331240000000000,39568.556187
1709331300000000000,39568.556187
1709331360000000000,39568.556187
1709331420000000000,39568.556187
1709331480000000000,39568.556187
1709331540000000000,39568.556187
1709331600000000000,39568.556187
1709331660000000000,39568.556187
1709331720000000000,39568.556187
1709331780000000000,39568.556187
1709331840000000000,39568.556187
1709331900000000000,39568.556187
1709331960000000000,39568.556187
1709332020000000000,39568.556187
1709332080000000000,39568.556187
1709332140000000000,39568.556187
1709332200000000000,39568.556187
1709332260000000000,39568.556187
1709332320000000000,39568.556187
1709332380000000000,39568.556187
1709332440000000000,39568.556187
1709332500000000000,39568.556187
1709332560000000000,39568.556187
1709332620000000000,39568.556187
1709332680000000000,39568.556187
1709332740000000000,39568.556187
1709332800000000000,39568.556187
1709332860000000000,39568.556187
1709332920000000000,39568.556187
1709332980000000000,39568.556187
1709333040000000000,39568.556187
1709333100000000000,39568.556187
1709333160000000000,39568.556187
1709333220000000000,39568.556187
1709333280000000000,39568.556187
1709333340000000000,39568.556187
1709333400000000000,39568.556187
1709333460000000000,39568.556187
1709333520000000000,39568.556187
1709333580000000000,39568.556187
1709333640000000000,39568.556187
1709333700000000000,39568.556187
1709333760000000000,39568.556187
1709333820000000000,39568.556187
1709333880000000000,39568.556187
1709333940000000000,39568.556187
1709334000000000000,39568.556187
1709334060000000000,39568.556187
1709334120000000000,39568.556187
1709334180000000000,39568.556187
1709334240000000000,39568.556187
1709334300000000000,39568.556187
1709334360000000000,39568.556187
1709334420000000000,39568.556187
1709334480000000000,39568.556187
1709334540000000000,39568.556187
1709334600000000000,39568.556187
1709334660000000000,39568.556187
1709334720000000000,39568.556187
1709334780000000000,39568.556187
1709334840000000000,39568.556187
1709334900000000000,39568.556187
1709334960000000000,39568.556187
1709335020000000000,39568.556187
1709335080000000000,39568.556187
1709335140000000000,39568.556187
1709335200000000000,39568.556187
1709335260000000000,39568.556187
1709335320000000000,39568.556187
1709335380000000000,39568.556187
1709335440000000000,39568.556187
1709335500000000000,39568.556187
1709335560000000000,39568.556187
1709335620000000000,39568.556187
1709335680000000000,39568.556187
1709335740000000000,39568.556187
1709335800000000000,39568.556187
1709335860000000000,39568.556187
1709335920000000000,39568.556187
1709335980000000000,39568.556187
1709336040000000000,39568.556187
1709336100000000000,39568.556187
1709336160000000000,39568.556187
1709336220000000000,39568.556187
1709336280000000000,39568.556187
1709336340000000000,39568.556187
1709336400000000000,39568.556187
1709336460000000000,39568.556187
1709336520000000000,39568.556187
1709336580000000000,39568.556187
1709336640000000000,39568.556187
1709336700000000000,39568.556187
1709336760000000000,39568.556187
1709336820000000000,39568.556187
1709336880000000000,39568.556187
1709336940000000000,39568.556187
1709337000000000000,39568.556187
1709337060000000000,39568.556187
1709337120000000000,39568.556187
1709337180000000000,39568.556187
1709337240000000000,39568.556187
1709337300000000000,39568.556187
1709337360000000000,39568.556187
1709337420000000000,39568.556187
1709337480000000000,39568.556187
1709337540000000000,39568.556187
1709337600000000000,39568.556187
1709337660000000000,39568.556187
1709337720000000000,39568.556187
1709337780000000000,39568.556187
1709337840000000000,39568.556187
1709337900000000000,39568.556187
1709337960000000000,39568.556187
1709338020000000000,39568.556187
1709338080000000000,39568.556187
1709338140000000000,39568.556187
1709338200000000000,39568.556187
1709338260000000000,39568.556187
1709338320000000000,39568.556187
1709338380000000000,39568.556187
1709338440000000000,39568.556187
1709338500000000000,39568.556187
1709338560000000000,39568.556187
1709338620000000000,39568.556187
1709338680000000000,39568.556187
1709338740000000000,39568.556187
1709338800000000000,39568.556187
1709338860000000000,39568.556187
1709338920000000000,39568.556187
1709338980000000000,39568.556187
1709339040000000000,39568.556187
1709339100000000000,39568.556187
1709339160000000000,39568.556187
1709339220000000000,39568.556187
1709339280000000000,39568.556187
1709339340000000000,39568.556187
1709339400000000000,39568.556187
1709339460000000000,39568.556187
1709339520000000000,39568.556187
1709339580000000000,39568.556187
1709339640000000000,39568.556187
1709339700000000000,39568.556187
1709339760000000000,39568.556187
1709339820000000000,39568.556187
1709339880000000000,39568.556187
1709339940000000000,39568.556187
1709340000000000000,39568.556187
1709340060000000000,39568.556187
1709340120000000000,39568.556187
1709340180000000000,39568.556187
1709340240000000000,39568.556187
1709340300000000000,39568.556187
1709340360000000000,39568.556187
1709340420000000000,39568.556187
1709340480000000000,39568.556187
1709340540000000000,39568.556187
1709340600000000000,39568.556187
1709340660000000000,39568.556187
1709340720000000000,39568.556187
1709340780000000000,39568.556187
1709340840000000000,39568.556187
1709340900000000000,39568.556187
1709340960000000000,39568.556187
1709341020000000000,39568.556187
1709341080000000000,39568.556187
1709341140000000000,39568.556187
1709341200000000000,39568.556187
1709341260000000000,39568.556187
1709341320000000000,39568.556187
1709341380000000000,39568.556187
1709341440000000000,39568.556187
1709341500000000000,39568.556187
1709341560000000000,39568.556187
1709341620000000000,39568.556187
1709341680000000000,39568.556187
1709341740000000000,39568.556187
1709341800000000000,39568.556187
1709341860000000000,39568.556187
1709341920000000000,39568.556187
1709341980000000000,39568.556187
1709342040000000000,39568.556187
1709342100000000000,39568.556187
1709342160000000000,39568.556187
1709342220000000000,39568.556187
1709342280000000000,39568.556187
1709342340000000000,39568.556187
1709342400000000000,39568.556187
1709342460000000000,39568.556187
1709342520000000000,39568.556187
1709342580000000000,39568.556187
1709342640000000000,39568.556187
1709342700000000000,39568.556187
1709342760000000000,39568.556187
1709342820000000000,39568.556187
1709342880000000000,39568.556187
1709342940000000000,39568.556187
1709343000000000000,39568.556187
1709343060000000000,39568.556187
1709343120000000000,39568.556187
1709343180000000000,39568.556187
1709343240000000000,39568.556187
1709343300000000000,39568.556187
1709343360000000000,39568.556187
1709343420000000000,39568.556187
1709343480000000000,39568.556187
1709343540000000000,39568.556187
1709343600000000000,39568.556187
1709343660000000000,39568.556187
1709343720000000000,39568.556187
1709343780000000000,39568.556187
1709343840000000000,39568.556187
1709343900000000000,39568.556187
1709343960000000000,39568.556187
1709344020000000000,39568.556187
1709344080000000000,39568.556187
1709344140000000000,39568.556187
1709344200000000000,39568.556187
1709344260000000000,39568.556187
1709344320000000000,39568.556187
1709344380000000000,39568.556187
1709344440000000000,39568.556187
1709344500000000000,39568.556187
1709344560000000000,39568.556187
1709344620000000000,39568.556187
1709344680000000000,39568.556187
1709344740000000000,39568.556187
1709344800000000000,39568.556187
1709344860000000000,39568.556187
1709344920000000000,39568.556187
1709344980000000000,39568.556187
1709345040000000000,39568.556187
1709345100000000000,39568.556187
1709345160000000000,39568.556187
1709345220000000000,39568.556187
1709345280000000000,39568.556187
1709345340000000000,39568.556187
1709345400000000000,39568.556187
1709345460000000000,39568.556187
1709345520000000000,39568.556187
1709345580000000000,39568.556187
1709345640000000000,39568.556187
1709345700000000000,39568.556187
1709345760000000000,39568.556187
1709345820000000000,39568.556187
1709345880000000000,39568.556187
1709345940000000000,39568.556187
1709346000000000000,39568.556187
1709346060000000000,39568.556187
1709346120000000000,39568.556187
1709346180000000000,39568.556187
1709346240000000000,39568.556187
1709346300000000000,39568.556187
1709346360000000000,39568.556187
1709346420000000000,39568.556187
1709346480000000000,39568.556187
1709346540000000000,39568.556187
1709346600000000000,39568.556187
1709346660000000000,39568.556187
1709346720000000000,39568.556187
1709346780000000000,39568.556187
1709346840000000000,39568.556187
1709346900000000000,39568.556187
1709346960000000000,39568.556187
1709347020000000000,39568.556187
1709347080000000000,39568.556187
1709347140000000000,39568.556187
1709347200000000000,39568.556187
1709347260000000000,39568.556187
1709347320000000000,39568.556187
1709347380000000000,39568.556187
1709347440000000000,39568.556187
1709347500000000000,39568.556187
1709347560000000000,39568.556187
1709347620000000000,39568.556187
1709347680000000000,39568.556187
1709347740000000000,39568.556187
1709347800000000000,39568.556187
1709347860000000000,39568.556187
1709347920000000000,39568.556187
1709347980000000000,39568.556187
1709348040000000000,39568.556187
1709348100000000000,39568.556187
1709348160000000000,39568.556187
1709348220000000000,39568.556187
1709348280000000000,39568.556187
1709348340000000000,39568.556187
1709348400000000000,39568.556187
1709348460000000000,39568.556187
1709348520000000000,39568.556187
1709348580000000000,39568.556187
1709348640000000000,39568.556187
1709348700000000000,39568.556187
1709348760000000000,39568.556187
1709348820000000000,39568.556187
1709348880000000000,39568.556187
1709348940000000000,39568.556187
1709349000000000000,39568.556187
1709349060000000000,39568.556187
1709349120000000000,39568.556187
1709349180000000000,39568.556187
1709349240000000000,39568.556187
1709349300000000000,39568.556187
1709349360000000000,39568.556187
1709349420000000000,39568.556187
1709349480000000000,39568.556187
1709349540000000000,39568.556187
1709349600000000000,39568.556187
1709349660000000000,39568.556187
1709349720000000000,39568.556187
1709349780000000000,39568.556187
1709349840000000000,39568.556187
1709349900000000000,39568.556187
1709349960000000000,39568.556187
1709350020000000000,39568.556187
1709350080000000000,39568.556187
1709350140000000000,39568.556187
1709350200000000000,39568.556187
1709350260000000000,39568.556187
1709350320000000000,39568.556187
1709350380000000000,39568.556187
1709350440000000000,39568.556187
1709350500000000000,39568.556187
1709350560000000000,39568.556187
1709350620000000000,39568.556187
1709350680000000000,39568.556187
1709350740000000000,39568.556187
1709350800000000000,39568.556187
1709350860000000000,39568.556187
1709350920000000000,39568.556187
1709350980000000000,39568.556187
1709351040000000000,39568.556187
1709351100000000000,39568.556187
1709351160000000000,39568.556187
1709351220000000000,39568.556187
1709351280000000000,39568.556187
1709351340000000000,39568.556187
1709351400000000000,39568.556187
1709351460000000000,39568.556187
1709351520000000000,39568.556187
1709351580000000000,39568.556187
1709351640000000000,39568.556187
1709351700000000000,39568.556187
1709351760000000000,39568.556187
1709351820000000000,39568.556187
1709351880000000000,39568.556187
1709351940000000000,39568.556187
1709352000000000000,39568.556187
1709352060000000000,39568.556187
1709352120000000000,39568.556187
1709352180000000000,39568.556187
1709352240000000000,39568.556187
1709352300000000000,39568.556187
1709352360000000000,39568.556187
1709352420000000000,39568.556187
1709352480000000000,39568.556187
1709352540000000000,39568.556187
1709352600000000000,39568.556187
1709352660000000000,39568.556187
1709352720000000000,39172.15836846
1709352780000000000,38381.3679978
1709352840000000000,38381.3679978
1709352900000000000,38381.3679978
1709352960000000000,38381.3679978
1709353020000000000,38381.3679978
1709353080000000000,38381.3679978
1709353140000000000,38381.3679978
1709353200000000000,38381.3679978
1709353260000000000,38381.3679978
1709353320000000000,38381.3679978
1709353380000000000,38381.3679978
1709353440000000000,38381.3679978
1709353500000000000,38381.3679978
1709353560000000000,38381.3679978
1709353620000000000,38381.3679978
1709353680000000000,38381.3679978
1709353740000000000,38381.3679978
1709353800000000000,38381.3679978
1709353860000000000,38381.3679978
1709353920000000000,38381.3679978
1709353980000000000,38381.3679978
1709354040000000000,38381.3679978
1709354100000000000,38381.3679978
1709354160000000000,38381.3679978
1709354220000000000,38381.3679978
1709354280000000000,38381.3679978
1709354340000000000,38381.3679978
1709354400000000000,38381.3679978
1709354460000000000,38381.3679978
1709354520000000000,38381.3679978
1709354580000000000,38381.3679978
1709354640000000000,38381.3679978
1709354700000000000,38381.3679978
1709354760000000000,38381.3679978
1709354820000000000,38381.3679978
1709354880000000000,38381.3679978
1709354940000000000,38381.3679978
1709355000000000000,38381.3679978
1709355060000000000,38381.3679978
1709355120000000000,38381.3679978
1709355180000000000,38381.3679978
1709355240000000000,38381.3679978
1709355300000000000,38381.3679978
1709355360000000000,38381.3679978
1709355420000000000,38381.3679978
1709355480000000000,38381.3679978
1709355540000000000,38381.3679978
1709355600000000000,38381.3679978
1709355660000000000,38381.3679978
1709355720000000000,38381.3679978
1709355780000000000,38381.3679978
1709355840000000000,38381.3679978
1709355900000000000,38381.3679978
1709355960000000000,38381.3679978
1709356020000000000,38381.3679978
1709356080000000000,38381.3679978
1709356140000000000,38381.3679978
1709356200000000000,38381.3679978
1709356260000000000,38381.3679978
1709356320000000000,38381.3679978
1709356380000000000,38381.3679978
1709356440000000000,38381.3679978
1709356500000000000,38381.3679978
1709356560000000000,38381.3679978
1709356620000000000,38381.3679978
1709356680000000000,38381.3679978
1709356740000000000,38381.3679978
1709356800000000000,38381.3679978
1709356860000000000,38381.3679978
1709356920000000000,38381.3679978
1709356980000000000,38381.3679978
1709357040000000000,38381.3679978
1709357100000000000,38381.3679978
1709357160000000000,38381.3679978
1709357220000000000,38381.3679978
1709357280000000000,38054.3888069
1709357340000000000,37603.3383069
1709357400000000000,37230.17747375
1709357460000000000,37230.17747375
1709357520000000000,37230.17747375
1709357580000000000,37230.17747375
1709357640000000000,37230.17747375
1709357700000000000,37230.17747375
1709357760000000000,37230.17747375
1709357820000000000,37230.17747375
1709357880000000000,37230.17747375
1709357940000000000,37230.17747375
1709358000000000000,37230.17747375
1709358060000000000,37230.17747375
1709358120000000000,37230.17747375
1709358180000000000,37230.17747375
1709358240000000000,37230.17747375
1709358300000000000,37230.17747375
1709358360000000000,37230.17747375
1709358420000000000,37230.17747375
1709358480000000000,37230.17747375
1709358540000000000,37230.17747375
1709358600000000000,37230.17747375
1709358660000000000,37230.17747375
1709358720000000000,37230.17747375
1709358780000000000,37230.17747375
1709358840000000000,37230.17747375
1709358900000000000,37230.17747375
1709358960000000000,37230.17747375
1709359020000000000,37230.17747375
1709359080000000000,37230.17747375
1709359140000000000,37230.17747375
1709359200000000000,37230.17747375
1709359260000000000,37230.17747375
1709359320000000000,37230.17747375
1709359380000000000,37230.17747375
1709359440000000000,37230.17747375
1709359500000000000,37230.17747375
1709359560000000000,37230.17747375
1709359620000000000,37230.17747375
1709359680000000000,37230.17747375
1709359740000000000,37230.17747375
1709359800000000000,37230.17747375
1709359860000000000,37230.17747375
1709359920000000000,37230.17747375
1709359980000000000,37230.17747375
1709360040000000000,37230.17747375
1709360100000000000,37230.17747375
1709360160000000000,37230.17747375
1709360220000000000,37230.17747375
1709360280000000000,37230.17747375
1709360340000000000,37230.17747375
1709360400000000000,37230.17747375
1709360460000000000,37230.17747375
1709360520000000000,37230.17747375
1709360580000000000,37230.17747375
1709360640000000000,37230.17747375
1709360700000000000,37230.17747375
1709360760000000000,37230.17747375
1709360820000000000,37230.17747375
1709360880000000000,37230.17747375
1709360940000000000,37230.17747375
1709361000000000000,37230.17747375
1709361060000000000,37230.17747375
1709361120000000000,37230.17747375
1709361180000000000,37230.17747375
1709361240000000000,37230.17747375
1709361300000000000,37230.17747375
1709361360000000000,37230.17747375
1709361420000000000,37230.17747375
1709361480000000000,37230.17747375
1709361540000000000,37230.17747375
1709361600000000000,37230.17747375
1709361660000000000,37230.17747375
1709361720000000000,37230.17747375
1709361780000000000,37230.17747375
1709361840000000000,37230.17747375
1709361900000000000,37230.17747375
1709361960000000000,37230.17747375
1709362020000000000,37230.17747375
1709362080000000000,37230.17747375
1709362140000000000,37230.17747375
1709362200000000000,37230.17747375
1709362260000000000,37230.17747375
1709362320000000000,37230.17747375
1709362380000000000,37230.17747375
1709362440000000000,36892.28208833
1709362500000000000,36605.27308833
1709362560000000000,36685.17018833
1709362620000000000,36758.08598833
1709362680000000000,36869.78678833
1709362740000000000,37248.32838833
1709362800000000000,37403.46838833
1709362860000000000,37272.37508833
1709362920000000000,37626.09428833
1709362980000000000,37674.96338833
1709363040000000000,37664.87928833
1709363100000000000,37807.60808833
1709363160000000000,38212.52348833
1709363220000000000,38024.80408833
1709363280000000000,37542.31868833
1709363340000000000,37650.91668833
1709363400000000000,37682.72038833
1709363460000000000,38548.40158833
1709363520000000000,38044.97228833
1709363580000000000,37812.26228833
1709363640000000000,37749.43058833
1709363700000000000,37977.48638833
1709363760000000000,37832.43048833
1709363820000000000,38127.19648833
1709363880000000000,38196.23378833
1709363940000000000,37591.96348833
1709364000000000000,37367.78618833
1709364060000000000,37800.62678833
1709364120000000000,37641.60828833
1709364180000000000,37408.89828833
1709364240000000000,36821.41320549
1709364300000000000,36821.41320549
1709364360000000000,36821.41320549
1709364420000000000,36821.41320549
1709364480000000000,36821.41320549
1709364540000000000,36821.41320549
1709364600000000000,36821.41320549
1709364660000000000,36821.41320549
1709364720000000000,36821.41320549
1709364780000000000,36821.41320549
1709364840000000000,36821.41320549
1709364900000000000,36821.41320549
1709364960000000000,36821.41320549
1709365020000000000,36821.41320549
1709365080000000000,36821.41320549
1709365140000000000,36821.41320549
1709365200000000000,36821.41320549
1709365260000000000,36821.41320549
1709365320000000000,36821.41320549
1709365380000000000,36821.41320549
1709365440000000000,36821.41320549
1709365500000000000,36821.41320549
1709365560000000000,36821.41320549
1709365620000000000,36821.41320549
1709365680000000000,36821.41320549
1709365740000000000,36821.41320549
1709365800000000000,36821.41320549
1709365860000000000,36821.41320549
1709365920000000000,36821.41320549
1709365980000000000,36821.41320549
1709366040000000000,36821.41320549
1709366100000000000,36399.46266551
1709366160000000000,36517.63186551
1709366220000000000,36261.92146551
1709366280000000000,35717.14246895
1709366340000000000,35717.14246895
1709366400000000000,35717.14246895
1709366460000000000,35717.14246895
1709366520000000000,35397.99635891
1709366580000000000,35016.57225891
1709366640000000000,34645.75145605
1709366700000000000,34645.75145605
1709366760000000000,34645.75145605
1709366820000000000,34645.75145605
1709366880000000000,34645.75145605
1709366940000000000,34645.75145605
1709367000000000000,34645.75145605
1709367060000000000,34645.75145605
1709367120000000000,34645.75145605
1709367180000000000,34645.75145605
1709367240000000000,34645.75145605
1709367300000000000,34645.75145605
1709367360000000000,34645.75145605
1709367420000000000,34645.75145605
1709367480000000000,34645.75145605
1709367540000000000,34645.75145605
1709367600000000000,34645.75145605
1709367660000000000,34645.75145605
1709367720000000000,34645.75145605
1709367780000000000,34645.75145605
1709367840000000000,34645.75145605
1709367900000000000,34645.75145605
1709367960000000000,34645.75145605
1709368020000000000,34645.75145605
1709368080000000000,34645.75145605
1709368140000000000,34645.75145605
1709368200000000000,34645.75145605
1709368260000000000,34645.75145605
1709368320000000000,34645.75145605
1709368380000000000,34645.75145605
1709368440000000000,34645.75145605
1709368500000000000,34645.75145605
1709368560000000000,34645.75145605
1709368620000000000,34645.75145605
1709368680000000000,34645.75145605
1709368740000000000,34645.75145605
1709368800000000000,34645.75145605
1709368860000000000,34645.75145605
1709368920000000000,34645.75145605
1709368980000000000,34645.75145605
1709369040000000000,34645.75145605
1709369100000000000,34645.75145605
1709369160000000000,34645.75145605
1709369220000000000,34645.75145605
1709369280000000000,34645.75145605
1709369340000000000,34645.75145605
1709369400000000000,34645.75145605
1709369460000000000,34645.75145605
1709369520000000000,34645.75145605
1709369580000000000,34645.75145605
1709369640000000000,34645.75145605
1709369700000000000,34645.75145605
1709369760000000000,34645.75145605
1709369820000000000,34645.75145605
1709369880000000000,34645.75145605
1709369940000000000,34645.75145605
1709370000000000000,34645.75145605
1709370060000000000,34645.75145605
1709370120000000000,34645.75145605
1709370180000000000,34645.75145605
1709370240000000000,34645.75145605
1709370300000000000,34645.75145605
1709370360000000000,34645.75145605
1709370420000000000,34645.75145605
1709370480000000000,34645.75145605
1709370540000000000,34645.75145605
1709370600000000000,34645.75145605
1709370660000000000,34645.75145605
1709370720000000000,34645.75145605
1709370780000000000,34645.75145605
1709370840000000000,34645.75145605
1709370900000000000,34645.75145605
1709370960000000000,34645.75145605
1709371020000000000,34645.75145605
1709371080000000000,34645.75145605
1709371140000000000,34645.75145605
1709371200000000000,34645.75145605
1709371260000000000,34645.75145605
1709371320000000000,34645.75145605
1709371380000000000,34645.75145605
1709371440000000000,34645.75145605
1709371500000000000,34645.75145605
1709371560000000000,34645.75145605
1709371620000000000,34645.75145605
1709371680000000000,34645.75145605
1709371740000000000,34645.75145605
1709371800000000000,34645.75145605
1709371860000000000,34645.75145605
1709371920000000000,34645.75145605
1709371980000000000,34645.75145605
1709372040000000000,34645.75145605
1709372100000000000,34645.75145605
1709372160000000000,34645.75145605
1709372220000000000,34645.75145605
1709372280000000000,34645.75145605
1709372340000000000,34645.75145605
1709372400000000000,34645.75145605
1709372460000000000,34645.75145605
1709372520000000000,34645.75145605
1709372580000000000,34645.75145605
1709372640000000000,34645.75145605
1709372700000000000,34645.75145605
1709372760000000000,34645.75145605
1709372820000000000,34645.75145605
1709372880000000000,34645.75145605
1709372940000000000,34645.75145605
1709373000000000000,34645.75145605
1709373060000000000,34645.75145605
1709373120000000000,34645.75145605
1709373180000000000,34645.75145605
1709373240000000000,34645.75145605
1709373300000000000,34645.75145605
1709373360000000000,34645.75145605
1709373420000000000,34645.75145605
1709373480000000000,34645.75145605
1709373540000000000,34645.75145605
1709373600000000000,34645.75145605
1709373660000000000,34645.75145605
1709373720000000000,34645.75145605
1709373780000000000,34645.75145605
1709373840000000000,34645.75145605
1709373900000000000,34645.75145605
1709373960000000000,34645.75145605
1709374020000000000,34645.75145605
1709374080000000000,34645.75145605
1709374140000000000,34645.75145605
1709374200000000000,34645.75145605
1709374260000000000,34645.75145605
1709374320000000000,34645.75145605
1709374380000000000,34645.75145605
1709374440000000000,34645.75145605
1709374500000000000,34645.75145605
1709374560000000000,34645.75145605
1709374620000000000,34645.75145605
1709374680000000000,34645.75145605
1709374740000000000,34645.75145605
1709374800000000000,34645.75145605
1709374860000000000,34645.75145605
1709374920000000000,34645.75145605
1709374980000000000,34645.75145605
1709375040000000000,34645.75145605
1709375100000000000,34645.75145605
1709375160000000000,34645.75145605
1709375220000000000,34645.75145605
1709375280000000000,34645.75145605
1709375340000000000,34645.75145605
1709375400000000000,34645.75145605
1709375460000000000,34645.75145605
1709375520000000000,34645.75145605
1709375580000000000,34645.75145605
1709375640000000000,34645.75145605
1709375700000000000,34645.75145605
1709375760000000000,34645.75145605
1709375820000000000,34645.75145605
1709375880000000000,34645.75145605
1709375940000000000,34645.75145605
1709376000000000000,34645.75145605
1709376060000000000,34645.75145605
1709376120000000000,34645.75145605
1709376180000000000,34645.75145605
1709376240000000000,34645.75145605
1709376300000000000,34645.75145605
1709376360000000000,34645.75145605
1709376420000000000,34645.75145605
1709376480000000000,34645.75145605
1709376540000000000,34645.75145605
1709376600000000000,34645.75145605
1709376660000000000,34645.75145605
1709376720000000000,34645.75145605
1709376780000000000,34645.75145605
1709376840000000000,34645.75145605
1709376900000000000,34645.75145605
1709376960000000000,34645.75145605
1709377020000000000,34645.75145605
1709377080000000000,34645.75145605
1709377140000000000,34645.75145605
1709377200000000000,34645.75145605
1709377260000000000,34645.75145605
1709377320000000000,34645.75145605
1709377380000000000,34645.75145605
1709377440000000000,34645.75145605
1709377500000000000,34645.75145605
1709377560000000000,34645.75145605
1709377620000000000,34645.75145605
1709377680000000000,34645.75145605
1709377740000000000,34645.75145605
1709377800000000000,34645.75145605
1709377860000000000,34645.75145605
1709377920000000000,34645.75145605
1709377980000000000,34645.75145605
1709378040000000000,34645.75145605
1709378100000000000,34645.75145605
1709378160000000000,34645.75145605
1709378220000000000,34645.75145605
1709378280000000000,34645.75145605
1709378340000000000,34645.75145605
1709378400000000000,34645.75145605
1709378460000000000,34645.75145605
1709378520000000000,34645.75145605
1709378580000000000,34645.75145605
1709378640000000000,34645.75145605
1709378700000000000,34645.75145605
1709378760000000000,34645.75145605
1709378820000000000,34645.75145605
1709378880000000000,34645.75145605
1709378940000000000,34645.75145605
1709379000000000000,34645.75145605
1709379060000000000,34645.75145605
1709379120000000000,34645.75145605
1709379180000000000,34645.75145605
1709379240000000000,34645.75145605
1709379300000000000,34645.75145605
1709379360000000000,34645.75145605
1709379420000000000,34645.75145605
1709379480000000000,34645.75145605
1709379540000000000,34645.75145605
1709379600000000000,34645.75145605
1709379660000000000,34645.75145605
1709379720000000000,34645.75145605
1709379780000000000,34645.75145605
1709379840000000000,34645.75145605
1709379900000000000,34645.75145605
1709379960000000000,34645.75145605
1709380020000000000,34645.75145605
1709380080000000000,34645.75145605
1709380140000000000,34645.75145605
1709380200000000000,34645.75145605
1709380260000000000,34645.75145605
1709380320000000000,34645.75145605
1709380380000000000,34645.75145605
1709380440000000000,34645.75145605
1709380500000000000,34645.75145605
1709380560000000000,34645.75145605
1709380620000000000,34645.75145605
1709380680000000000,34645.75145605
1709380740000000000,34645.75145605
1709380800000000000,34645.75145605
1709380860000000000,34645.75145605
1709380920000000000,34645.75145605
1709380980000000000,34645.75145605
1709381040000000000,34645.75145605
1709381100000000000,34645.75145605
1709381160000000000,34645.75145605
1709381220000000000,34645.75145605
1709381280000000000,34645.75145605
1709381340000000000,34645.75145605
1709381400000000000,34645.75145605
1709381460000000000,34645.75145605
1709381520000000000,34645.75145605
1709381580000000000,34645.75145605
1709381640000000000,34645.75145605
1709381700000000000,34645.75145605
1709381760000000000,34645.75145605
1709381820000000000,34645.75145605
1709381880000000000,34645.75145605
1709381940000000000,34645.75145605
1709382000000000000,34645.75145605
1709382060000000000,34645.75145605
1709382120000000000,34645.75145605
1709382180000000000,34645.75145605
1709382240000000000,34645.75145605
1709382300000000000,34645.75145605
1709382360000000000,34645.75145605
1709382420000000000,34645.75145605
1709382480000000000,34645.75145605
1709382540000000000,34645.75145605
1709382600000000000,34645.75145605
1709382660000000000,34645.75145605
1709382720000000000,34645.75145605
1709382780000000000,34645.75145605
1709382840000000000,34645.75145605
1709382900000000000,34645.75145605
1709382960000000000,34645.75145605
1709383020000000000,34645.75145605
1709383080000000000,34645.75145605
1709383140000000000,34645.75145605
1709383200000000000,34645.75145605
1709383260000000000,34645.75145605
1709383320000000000,34645.75145605
1709383380000000000,34645.75145605
1709383440000000000,34645.75145605
1709383500000000000,34645.75145605
1709383560000000000,34645.75145605
1709383620000000000,34645.75145605
1709383680000000000,34645.75145605
1709383740000000000,34645.75145605
1709383800000000000,34645.75145605
1709383860000000000,34645.75145605
1709383920000000000,34645.75145605
1709383980000000000,34645.75145605
1709384040000000000,34645.75145605
1709384100000000000,34645.75145605
1709384160000000000,34645.75145605
1709384220000000000,34645.75145605
1709384280000000000,34645.75145605
1709384340000000000,34645.75145605
1709384400000000000,34645.75145605
1709384460000000000,34645.75145605
1709384520000000000,34645.75145605
1709384580000000000,34254.98430805
1709384640000000000,34322.24430805
1709384700000000000,34238.84190805
1709384760000000000,34367.08430805
1709384820000000000,34996.63790805
1709384880000000000,34845.97550805
1709384940000000000,34654.06030805
1709385000000000000,35002.01870805
1709385060000000000,35113.22190805
1709385120000000000,35026.23230805
1709385180000000000,34784.99310805
1709385240000000000,34949.10750805
1709385300000000000,34999.32830805
1709385360000000000,35120.39630805
1709385420000000000,35080.04030805
1709385480000000000,34679.17070805
1709385540000000000,34723.11390805
1709385600000000000,34785.88990805
1709385660000000000,35065.69150805
1709385720000000000,34984.97950805
1709385780000000000,34845.07870805
1709385840000000000,34987.66990805
1709385900000000000,35198.41790805
1709385960000000000,35220.83790805
1709386020000000000,35039.68430805
1709386080000000000,35058.51710805
1709386140000000000,35407.37230805
1709386200000000000,35723.04590805
1709386260000000000,35853.08190805
1709386320000000000,35734.70430805
1709386380000000000,35158.30673445
1709386440000000000,35158.30673445
1709386500000000000,35158.30673445
1709386560000000000,35158.30673445
1709386620000000000,35158.30673445
1709386680000000000,35158.30673445
1709386740000000000,35158.30673445
1709386800000000000,35158.30673445
1709386860000000000,35158.30673445
1709386920000000000,35158.30673445
1709386980000000000,35158.30673445
1709387040000000000,35158.30673445
1709387100000000000,35158.30673445
1709387160000000000,35158.30673445
1709387220000000000,35158.30673445
1709387280000000000,35158.30673445
1709387340000000000,35158.30673445
1709387400000000000,35158.30673445
1709387460000000000,35158.30673445
1709387520000000000,35158.30673445
1709387580000000000,35158.30673445
1709387640000000000,35158.30673445
1709387700000000000,35158.30673445
1709387760000000000,35158.30673445
1709387820000000000,35158.30673445
1709387880000000000,35158.30673445
1709387940000000000,35158.30673445
1709388000000000000,35158.30673445
1709388060000000000,35158.30673445
1709388120000000000,35158.30673445
1709388180000000000,35158.30673445
1709388240000000000,35158.30673445
1709388300000000000,35158.30673445
1709388360000000000,35158.30673445
1709388420000000000,35158.30673445
1709388480000000000,35158.30673445
1709388540000000000,35158.30673445
1709388600000000000,35158.30673445
1709388660000000000,35158.30673445
1709388720000000000,35158.30673445
1709388780000000000,35158.30673445
1709388840000000000,35158.30673445
1709388900000000000,35158.30673445
1709388960000000000,35158.30673445
1709389020000000000,35158.30673445
1709389080000000000,35158.30673445
1709389140000000000,35158.30673445
1709389200000000000,35158.30673445
1709389260000000000,35158.30673445
1709389320000000000,35158.30673445
1709389380000000000,35158.30673445
1709389440000000000,35158.30673445
1709389500000000000,35158.30673445
1709389560000000000,35158.30673445
1709389620000000000,35158.30673445
1709389680000000000,35158.30673445
1709389740000000000,35158.30673445
1709389800000000000,35158.30673445
1709389860000000000,35158.30673445
1709389920000000000,35158.30673445
1709389980000000000,35158.30673445
1709390040000000000,35158.30673445
1709390100000000000,35158.30673445
1709390160000000000,35158.30673445
1709390220000000000,35158.30673445
1709390280000000000,35158.30673445
1709390340000000000,35158.30673445
1709390400000000000,35158.30673445
1709390460000000000,35158.30673445
1709390520000000000,35158.30673445
1709390580000000000,35158.30673445
1709390640000000000,35158.30673445
1709390700000000000,35158.30673445
1709390760000000000,35158.30673445
1709390820000000000,34890.35125445
1709390880000000000,34839.09875445
1709390940000000000,34718.06875445
1709391000000000000,34965.06875445
1709391060000000000,35073.13125445
1709391120000000000,35323.21875445
1709391180000000000,35609.73875445
1709391240000000000,35554.78125445
1709391300000000000,35600.47625445
1709391360000000000,35424.48875445
1709391420000000000,35381.88125445
1709391480000000000,34764.38125445
1709391540000000000,34903.31875445
1709391600000000000,35149.70125445
1709391660000000000,35150.31875445
1709391720000000000,35365.20875445
1709391780000000000,35520.81875445
1709391840000000000,35549.84125445
1709391900000000000,35428.19375445
1709391960000000000,35520.81875445
1709392020000000000,35550.45875445
1709392080000000000,35660.99125445
1709392140000000000,35516.49625445
1709392200000000000,35362.73875445
1709392260000000000,35675.19375445
1709392320000000000,35543.66625445
1709392380000000000,35688.16125445
1709392440000000000,35844.38875445
1709392500000000000,35966.65375445
1709392560000000000,35807.95625445
1709392620000000000,35561.57375445
1709392680000000000,35561.57375445
1709392740000000000,35561.57375445
1709392800000000000,35561.57375445
1709392860000000000,35561.57375445
1709392920000000000,35310.12612181
1709392980000000000,35329.81892181
1709393040000000000,35132.89092181
1709393100000000000,35225.56292181
1709393160000000000,34911.05732181
1709393220000000000,34911.05732181
1709393280000000000,34880.93892181
1709393340000000000,34759.88612181
1709393400000000000,34494.72158517
1709393460000000000,34494.72158517
1709393520000000000,34494.72158517
1709393580000000000,34494.72158517
1709393640000000000,34494.72158517
1709393700000000000,34494.72158517
1709393760000000000,34494.72158517
1709393820000000000,34494.72158517
1709393880000000000,34494.72158517
1709393940000000000,34494.72158517
1709394000000000000,34494.72158517
1709394060000000000,34494.72158517
1709394120000000000,34494.72158517
1709394180000000000,34494.72158517
1709394240000000000,34494.72158517
1709394300000000000,34494.72158517
1709394360000000000,34494.72158517
1709394420000000000,34494.72158517
1709394480000000000,34494.72158517
1709394540000000000,34494.72158517
1709394600000000000,34494.72158517
1709394660000000000,34494.72158517
1709394720000000000,34494.72158517
1709394780000000000,34494.72158517
1709394840000000000,34494.72158517
1709394900000000000,34494.72158517
1709394960000000000,34494.72158517
1709395020000000000,34494.72158517
1709395080000000000,34494.72158517
1709395140000000000,34494.72158517
1709395200000000000,34494.72158517
1709395260000000000,34494.72158517
1709395320000000000,34494.72158517
1709395380000000000,34494.72158517
1709395440000000000,34494.72158517
1709395500000000000,34494.72158517
1709395560000000000,34494.72158517
1709395620000000000,34494.72158517
1709395680000000000,34494.72158517
1709395740000000000,34494.72158517
1709395800000000000,34494.72158517
1709395860000000000,34494.72158517
1709395920000000000,34494.72158517
1709395980000000000,34494.72158517
1709396040000000000,34494.72158517
1709396100000000000,34494.72158517
1709396160000000000,34494.72158517
1709396220000000000,34494.72158517
1709396280000000000,34494.72158517
1709396340000000000,34494.72158517
1709396400000000000,34494.72158517
1709396460000000000,34494.72158517
1709396520000000000,34494.72158517
1709396580000000000,34494.72158517
1709396640000000000,34494.72158517
1709396700000000000,34494.72158517
1709396760000000000,34494.72158517
1709396820000000000,34494.72158517
1709396880000000000,34494.72158517
1709396940000000000,34494.72158517
1709397000000000000,34494.72158517
1709397060000000000,34494.72158517
1709397120000000000,34494.72158517
1709397180000000000,34494.72158517
1709397240000000000,34494.72158517
1709397300000000000,34494.72158517
1709397360000000000,34494.72158517
1709397420000000000,34494.72158517
1709397480000000000,34494.72158517
1709397540000000000,34494.72158517
1709397600000000000,34494.72158517
1709397660000000000,34494.72158517
1709397720000000000,34494.72158517
1709397780000000000,34494.72158517
1709397840000000000,34494.72158517
1709397900000000000,34494.72158517
1709397960000000000,34494.72158517
1709398020000000000,34494.72158517
1709398080000000000,34494.72158517
1709398140000000000,34494.72158517
1709398200000000000,34494.72158517
1709398260000000000,34194.50929013
1709398320000000000,34067.12609013
1709398380000000000,34384.19949013
1709398440000000000,34431.96819013
1709398500000000000,34706.81129013
1709398560000000000,34672.19629013
1709398620000000000,34886.80929013
1709398680000000000,35130.49889013
1709398740000000000,34940.11639013
1709398800000000000,35070.96109013
1709398860000000000,34863.96339013
1709398920000000000,34846.65589013
1709398980000000000,35084.80709013
1709399040000000000,35260.65129013
1709399100000000000,35055.03819013
1709399160000000000,35235.72849013
1709399220000000000,35327.11209013
1709399280000000000,35115.26829013
1709399340000000000,35251.65139013
1709399400000000000,35183.11369013
1709399460000000000,35366.57319013
1709399520000000000,35370.03469013
1709399580000000000,35308.41999013
1709399640000000000,34819.65619013
1709399700000000000,34947.73169013
1709399760000000000,34456.19869013
1709399820000000000,34479.04459013
1709399880000000000,34683.96539013
1709399940000000000,34828.65609013
1709400000000000000,35037.03839013
1709400060000000000,34488.56738432
1709400120000000000,34488.56738432
1709400180000000000,34488.56738432
1709400240000000000,34488.56738432
1709400300000000000,34488.56738432
1709400360000000000,34488.56738432
1709400420000000000,34488.56738432
1709400480000000000,34488.56738432
1709400540000000000,34488.56738432
1709400600000000000,34488.56738432
1709400660000000000,34488.56738432
1709400720000000000,34488.56738432
1709400780000000000,34488.56738432
1709400840000000000,34488.56738432
1709400900000000000,34488.56738432
1709400960000000000,34488.56738432
1709401020000000000,34488.56738432
1709401080000000000,34488.56738432
1709401140000000000,34488.56738432
1709401200000000000,34488.56738432
1709401260000000000,34488.56738432
1709401320000000000,34488.56738432
1709401380000000000,34488.56738432
1709401440000000000,34488.56738432
1709401500000000000,34488.56738432
1709401560000000000,34488.56738432
1709401620000000000,34488.56738432
1709401680000000000,34488.56738432
1709401740000000000,34488.56738432
1709401800000000000,34488.56738432
1709401860000000000,34488.56738432
1709401920000000000,34488.56738432
1709401980000000000,34488.56738432
1709402040000000000,34488.56738432
1709402100000000000,34488.56738432
1709402160000000000,34488.56738432
1709402220000000000,34488.56738432
1709402280000000000,34488.56738432
1709402340000000000,34488.56738432
1709402400000000000,34488.56738432
1709402460000000000,34488.56738432
1709402520000000000,34488.56738432
1709402580000000000,34488.56738432
1709402640000000000,34488.56738432
1709402700000000000,34488.56738432
1709402760000000000,34488.56738432
1709402820000000000,34488.56738432
1709402880000000000,34488.56738432
1709402940000000000,34488.56738432
1709403000000000000,34488.56738432
1709403060000000000,34488.56738432
1709403120000000000,34488.56738432
1709403180000000000,34488.56738432
1709403240000000000,34488.56738432
1709403300000000000,34488.56738432
1709403360000000000,34488.56738432
1709403420000000000,34488.56738432
1709403480000000000,34488.56738432
1709403540000000000,34488.56738432
1709403600000000000,34488.56738432
1709403660000000000,34488.56738432
1709403720000000000,34488.56738432
1709403780000000000,34488.56738432
1709403840000000000,34488.56738432
1709403900000000000,34488.56738432
1709403960000000000,34488.56738432
1709404020000000000,34488.56738432
1709404080000000000,34488.56738432
1709404140000000000,34488.56738432
1709404200000000000,34488.56738432
1709404260000000000,34488.56738432
1709404320000000000,34488.56738432
1709404380000000000,34488.56738432
1709404440000000000,34488.56738432
1709404500000000000,34488.56738432
1709404560000000000,34488.56738432
1709404620000000000,34488.56738432
1709404680000000000,34488.56738432
1709404740000000000,34488.56738432
1709404800000000000,34488.56738432
1709404860000000000,34488.56738432
1709404920000000000,34488.56738432
1709404980000000000,34488.56738432
1709405040000000000,34488.56738432
1709405100000000000,34488.56738432
1709405160000000000,34488.56738432
1709405220000000000,34488.56738432
1709405280000000000,34488.56738432
1709405340000000000,34488.56738432
1709405400000000000,34488.56738432
1709405460000000000,34488.56738432
1709405520000000000,34488.56738432
1709405580000000000,34488.56738432
1709405640000000000,34488.56738432
1709405700000000000,34488.56738432
1709405760000000000,34488.56738432
1709405820000000000,34488.56738432
1709405880000000000,34488.56738432
1709405940000000000,34488.56738432
1709406000000000000,34488.56738432
1709406060000000000,34488.56738432
1709406120000000000,34488.56738432
1709406180000000000,34488.56738432
1709406240000000000,34488.56738432
1709406300000000000,34488.56738432
1709406360000000000,34488.56738432
1709406420000000000,34488.56738432
1709406480000000000,34488.56738432
1709406540000000000,34488.56738432
1709406600000000000,34488.56738432
1709406660000000000,34488.56738432
1709406720000000000,34488.56738432
1709406780000000000,34488.56738432
1709406840000000000,34488.56738432
1709406900000000000,34488.56738432
1709406960000000000,34488.56738432
1709407020000000000,34488.56738432
1709407080000000000,34488.56738432
1709407140000000000,34488.56738432
1709407200000000000,34488.56738432
1709407260000000000,34488.56738432
1709407320000000000,34488.56738432
1709407380000000000,34488.56738432
1709407440000000000,34488.56738432
1709407500000000000,34488.56738432
1709407560000000000,34488.56738432
1709407620000000000,34488.56738432
1709407680000000000,34488.56738432
1709407740000000000,34488.56738432
1709407800000000000,34488.56738432
1709407860000000000,34488.56738432
1709407920000000000,34488.56738432
1709407980000000000,34488.56738432
1709408040000000000,34488.56738432
1709408100000000000,34488.56738432
1709408160000000000,34488.56738432
1709408220000000000,34488.56738432
1709408280000000000,34488.56738432
1709408340000000000,34488.56738432
1709408400000000000,34488.56738432
1709408460000000000,34488.56738432
1709408520000000000,34488.56738432
1709408580000000000,34488.56738432
1709408640000000000,34488.56738432
1709408700000000000,34488.56738432
1709408760000000000,34488.56738432
1709408820000000000,34488.56738432
1709408880000000000,34488.56738432
1709408940000000000,34488.56738432
1709409000000000000,34488.56738432
1709409060000000000,34488.56738432
1709409120000000000,34488.56738432
1709409180000000000,34488.56738432
1709409240000000000,34488.56738432
1709409300000000000,34488.56738432
1709409360000000000,34488.56738432
1709409420000000000,34488.56738432
1709409480000000000,34488.56738432
1709409540000000000,34488.56738432
1709409600000000000,34488.56738432
1709409660000000000,34488.56738432
1709409720000000000,34488.56738432
1709409780000000000,34488.56738432
1709409840000000000,34488.56738432
1709409900000000000,34488.56738432
1709409960000000000,34488.56738432
1709410020000000000,34488.56738432
1709410080000000000,34488.56738432
1709410140000000000,34488.56738432
1709410200000000000,34488.56738432
1709410260000000000,34488.56738432
1709410320000000000,34488.56738432
1709410380000000000,34488.56738432
1709410440000000000,34488.56738432
1709410500000000000,34488.56738432
1709410560000000000,34488.56738432
1709410620000000000,34488.56738432
1709410680000000000,34488.56738432
1709410740000000000,34488.56738432
1709410800000000000,34488.56738432
1709410860000000000,34488.56738432
1709410920000000000,34488.56738432
1709410980000000000,34488.56738432
1709411040000000000,34488.56738432
1709411100000000000,34488.56738432
1709411160000000000,34488.56738432
1709411220000000000,34488.56738432
1709411280000000000,34488.56738432
1709411340000000000,34488.56738432
1709411400000000000,34488.56738432
1709411460000000000,34488.56738432
1709411520000000000,34488.56738432
1709411580000000000,34488.56738432
1709411640000000000,34488.56738432
1709411700000000000,34488.56738432
1709411760000000000,34488.56738432
1709411820000000000,34488.56738432
1709411880000000000,34488.56738432
1709411940000000000,34488.56738432
1709412000000000000,34488.56738432
1709412060000000000,34488.56738432
1709412120000000000,34488.56738432
1709412180000000000,34488.56738432
1709412240000000000,34488.56738432
1709412300000000000,34488.56738432
1709412360000000000,34488.56738432
1709412420000000000,34488.56738432
1709412480000000000,34488.56738432
1709412540000000000,34488.56738432
1709412600000000000,34488.56738432
1709412660000000000,34488.56738432
1709412720000000000,34488.56738432
1709412780000000000,34488.56738432
1709412840000000000,34488.56738432
1709412900000000000,34488.56738432
1709412960000000000,34488.56738432
1709413020000000000,34488.56738432
1709413080000000000,34488.56738432
1709413140000000000,34488.56738432
1709413200000000000,34488.56738432
1709413260000000000,34488.56738432
1709413320000000000,34488.56738432
1709413380000000000,34488.56738432
1709413440000000000,34488.56738432
1709413500000000000,34488.56738432
1709413560000000000,34488.56738432
1709413620000000000,34488.56738432
1709413680000000000,34488.56738432
1709413740000000000,34488.56738432
1709413800000000000,34488.56738432
1709413860000000000,34488.56738432
1709413920000000000,34488.56738432
1709413980000000000,34488.56738432
1709414040000000000,34488.56738432
1709414100000000000,34488.56738432
1709414160000000000,34488.56738432
1709414220000000000,34488.56738432
1709414280000000000,34488.56738432
1709414340000000000,34488.56738432
1709414400000000000,34488.56738432
1709414460000000000,34488.56738432
1709414520000000000,34488.56738432
1709414580000000000,34488.56738432
1709414640000000000,34488.56738432
1709414700000000000,34488.56738432
1709414760000000000,34488.56738432
1709414820000000000,34488.56738432
1709414880000000000,34488.56738432
1709414940000000000,34488.56738432
1709415000000000000,34488.56738432
1709415060000000000,34488.56738432
1709415120000000000,34488.56738432
1709415180000000000,34488.56738432
1709415240000000000,34488.56738432
1709415300000000000,34488.56738432
1709415360000000000,34488.56738432
1709415420000000000,34488.56738432
1709415480000000000,34488.56738432
1709415540000000000,34488.56738432
1709415600000000000,34488.56738432
1709415660000000000,34488.56738432
1709415720000000000,34488.56738432
1709415780000000000,34488.56738432
1709415840000000000,34488.56738432
1709415900000000000,34488.56738432
1709415960000000000,34488.56738432
1709416020000000000,34488.56738432
1709416080000000000,34488.56738432
1709416140000000000,34488.56738432
1709416200000000000,34488.56738432
1709416260000000000,34488.56738432
1709416320000000000,34488.56738432
1709416380000000000,34488.56738432
1709416440000000000,34488.56738432
1709416500000000000,34488.56738432
1709416560000000000,34488.56738432
1709416620000000000,34488.56738432
1709416680000000000,34488.56738432
1709416740000000000,34488.56738432
1709416800000000000,34488.56738432
1709416860000000000,34488.56738432
1709416920000000000,34488.56738432
1709416980000000000,34488.56738432
1709417040000000000,34488.56738432
1709417100000000000,34488.56738432
1709417160000000000,34488.56738432
1709417220000000000,34488.56738432
1709417280000000000,34488.56738432
1709417340000000000,34488.56738432
1709417400000000000,34488.56738432
1709417460000000000,34488.56738432
1709417520000000000,34488.56738432
1709417580000000000,34488.56738432
1709417640000000000,34488.56738432
1709417700000000000,34488.56738432
1709417760000000000,34488.56738432
1709417820000000000,34488.56738432
1709417880000000000,34488.56738432
1709417940000000000,34488.56738432
1709418000000000000,34488.56738432
1709418060000000000,34488.56738432
1709418120000000000,34488.56738432
1709418180000000000,34488.56738432
1709418240000000000,34488.56738432
1709418300000000000,34488.56738432
1709418360000000000,34488.56738432
1709418420000000000,34488.56738432
1709418480000000000,34488.56738432
1709418540000000000,34488.56738432
1709418600000000000,34488.56738432
1709418660000000000,34488.56738432
1709418720000000000,34488.56738432
1709418780000000000,34488.56738432
1709418840000000000,34488.56738432
1709418900000000000,34488.56738432
1709418960000000000,34488.56738432
1709419020000000000,34488.56738432
1709419080000000000,34488.56738432
1709419140000000000,34488.56738432
1709419200000000000,34488.56738432
1709419260000000000,34488.56738432
1709419320000000000,34488.56738432
1709419380000000000,34488.56738432
1709419440000000000,34488.56738432
1709419500000000000,34488.56738432
1709419560000000000,34488.56738432
1709419620000000000,34488.56738432
1709419680000000000,34488.56738432
1709419740000000000,34488.56738432
1709419800000000000,34488.56738432
1709419860000000000,34488.56738432
1709419920000000000,34488.56738432
1709419980000000000,34488.56738432
1709420040000000000,34488.56738432
1709420100000000000,34488.56738432
1709420160000000000,34488.56738432
1709420220000000000,34488.56738432
1709420280000000000,34488.56738432
1709420340000000000,34488.56738432
1709420400000000000,34488.56738432
1709420460000000000,34488.56738432
1709420520000000000,34488.56738432
1709420580000000000,34488.56738432
1709420640000000000,34488.56738432
1709420700000000000,34488.56738432
1709420760000000000,34488.56738432
1709420820000000000,34488.56738432
1709420880000000000,34488.56738432
1709420940000000000,34488.56738432
1709421000000000000,34488.56738432
1709421060000000000,34488.56738432
1709421120000000000,34488.56738432
1709421180000000000,34488.56738432
1709421240000000000,34488.56738432
1709421300000000000,34488.56738432
1709421360000000000,34488.56738432
1709421420000000000,34488.56738432
1709421480000000000,34488.56738432
1709421540000000000,34488.56738432
1709421600000000000,34488.56738432
1709421660000000000,34488.56738432
1709421720000000000,34488.56738432
1709421780000000000,34488.56738432
1709421840000000000,34488.56738432
1709421900000000000,34488.56738432
1709421960000000000,34488.56738432
1709422020000000000,34488.56738432
1709422080000000000,34488.56738432
1709422140000000000,34488.56738432
1709422200000000000,34488.56738432
1709422260000000000,34488.56738432
1709422320000000000,34488.56738432
1709422380000000000,34488.56738432
1709422440000000000,34488.56738432
1709422500000000000,34488.56738432
1709422560000000000,34488.56738432
1709422620000000000,34488.56738432
1709422680000000000,34488.56738432
1709422740000000000,34488.56738432
1709422800000000000,34488.56738432
1709422860000000000,34488.56738432
1709422920000000000,34488.56738432
1709422980000000000,34488.56738432
1709423040000000000,34488.56738432
1709423100000000000,34488.56738432
1709423160000000000,34488.56738432
1709423220000000000,34488.56738432
1709423280000000000,34488.56738432
1709423340000000000,34488.56738432
1709423400000000000,34488.56738432
1709423460000000000,34488.56738432
1709423520000000000,34488.56738432
1709423580000000000,34488.56738432
1709423640000000000,34488.56738432
1709423700000000000,34488.56738432
1709423760000000000,34488.56738432
1709423820000000000,34488.56738432
1709423880000000000,34488.56738432
1709423940000000000,34488.56738432
1709424000000000000,34488.56738432
1709424060000000000,34488.56738432
1709424120000000000,34488.56738432
1709424180000000000,34204.50531132
1709424240000000000,34065.30981132
1709424300000000000,33907.16281132
1709424360000000000,33971.20581132
1709424420000000000,34030.02081132
1709424480000000000,34031.32781132
1709424540000000000,34122.81781132
1709424600000000000,34339.77981132
1709424660000000000,34340.43331132
1709424720000000000,34351.54281132
1709424780000000000,34405.12981132
1709424840000000000,34505.76881132
1709424900000000000,34637.12231132
1709424960000000000,34363.95931132
1709425020000000000,34131.96681132
1709425080000000000,33805.21681132
1709425140000000000,34165.94881132
1709425200000000000,34535.17631132
1709425260000000000,34558.04881132
1709425320000000000,34711.62131132
1709425380000000000,34737.76131132
1709425440000000000,34647.57831132
1709425500000000000,34667.83681132
1709425560000000000,34818.14181132
1709425620000000000,34884.79881132
1709425680000000000,34918.78081132
1709425740000000000,34884.79881132
1709425800000000000,34905.05731132
1709425860000000000,34744.94981132
1709425920000000000,34779.58531132
1709425980000000000,34665.95381642
1709426040000000000,34665.95381642
1709426100000000000,34665.95381642
1709426160000000000,34665.95381642
1709426220000000000,34665.95381642
1709426280000000000,34665.95381642
1709426340000000000,34665.95381642
1709426400000000000,34665.95381642
1709426460000000000,34665.95381642
1709426520000000000,34665.95381642
1709426580000000000,34665.95381642
1709426640000000000,34665.95381642
1709426700000000000,34665.95381642
1709426760000000000,34665.95381642
1709426820000000000,34665.95381642
1709426880000000000,34665.95381642
1709426940000000000,34665.95381642
1709427000000000000,34665.95381642
1709427060000000000,34665.95381642
1709427120000000000,34665.95381642
1709427180000000000,34665.95381642
1709427240000000000,34665.95381642
1709427300000000000,34665.95381642
1709427360000000000,34665.95381642
1709427420000000000,34665.95381642
1709427480000000000,34665.95381642
1709427540000000000,34665.95381642
1709427600000000000,34665.95381642
1709427660000000000,34665.95381642
1709427720000000000,34665.95381642
1709427780000000000,34665.95381642
1709427840000000000,34665.95381642
1709427900000000000,34665.95381642
1709427960000000000,34665.95381642
1709428020000000000,34665.95381642
1709428080000000000,34665.95381642
1709428140000000000,34665.95381642
1709428200000000000,34665.95381642
1709428260000000000,34665.95381642
1709428320000000000,34665.95381642
1709428380000000000,34665.95381642
1709428440000000000,34665.95381642
1709428500000000000,34665.95381642
1709428560000000000,34665.95381642
1709428620000000000,34665.95381642
1709428680000000000,34665.95381642
1709428740000000000,34665.95381642
1709428800000000000,34665.95381642
1709428860000000000,34665.95381642
1709428920000000000,34665.95381642
1709428980000000000,34665.95381642
1709429040000000000,34665.95381642
1709429100000000000,34665.95381642
1709429160000000000,34665.95381642
1709429220000000000,34665.95381642
1709429280000000000,34665.95381642
1709429340000000000,34665.95381642
1709429400000000000,34665.95381642
1709429460000000000,34665.95381642
1709429520000000000,34665.95381642
1709429580000000000,34665.95381642
1709429640000000000,34665.95381642
1709429700000000000,34665.95381642
1709429760000000000,34665.95381642
1709429820000000000,34665.95381642
1709429880000000000,34665.95381642
1709429940000000000,34665.95381642
1709430000000000000,34665.95381642
1709430060000000000,34665.95381642
1709430120000000000,34665.95381642
1709430180000000000,34665.95381642
1709430240000000000,34665.95381642
1709430300000000000,34665.95381642
1709430360000000000,34665.95381642
1709430420000000000,34665.95381642
1709430480000000000,34665.95381642
1709430540000000000,34665.95381642
1709430600000000000,34665.95381642
1709430660000000000,34665.95381642
1709430720000000000,34665.95381642
1709430780000000000,34665.95381642
1709430840000000000,34665.95381642
1709430900000000000,34665.95381642
1709430960000000000,34665.95381642
1709431020000000000,34665.95381642
1709431080000000000,34665.95381642
1709431140000000000,34665.95381642
1709431200000000000,34665.95381642
1709431260000000000,34665.95381642
1709431320000000000,34665.95381642
1709431380000000000,34665.95381642
1709431440000000000,34665.95381642
1709431500000000000,34665.95381642
1709431560000000000,34665.95381642
1709431620000000000,34665.95381642
1709431680000000000,34665.95381642
1709431740000000000,34665.95381642
1709431800000000000,34665.95381642
1709431860000000000,34665.95381642
1709431920000000000,34665.95381642
1709431980000000000,34665.95381642
1709432040000000000,34665.95381642
1709432100000000000,34665.95381642
1709432160000000000,34665.95381642
1709432220000000000,34665.95381642
1709432280000000000,34665.95381642
1709432340000000000,34665.95381642
1709432400000000000,34665.95381642
1709432460000000000,34665.95381642
1709432520000000000,34665.95381642
1709432580000000000,34665.95381642
1709432640000000000,34665.95381642
1709432700000000000,34665.95381642
1709432760000000000,34665.95381642
1709432820000000000,34665.95381642
1709432880000000000,34665.95381642
1709432940000000000,34665.95381642
1709433000000000000,34665.95381642
1709433060000000000,34665.95381642
1709433120000000000,34665.95381642
1709433180000000000,34665.95381642
1709433240000000000,34665.95381642
1709433300000000000,34665.95381642
1709433360000000000,34665.95381642
1709433420000000000,34665.95381642
1709433480000000000,34665.95381642
1709433540000000000,34665.95381642
1709433600000000000,34665.95381642
1709433660000000000,34665.95381642
1709433720000000000,34665.95381642
1709433780000000000,34665.95381642
1709433840000000000,34665.95381642
1709433900000000000,34665.95381642
1709433960000000000,34665.95381642
1709434020000000000,34665.95381642
1709434080000000000,34665.95381642
1709434140000000000,34665.95381642
1709434200000000000,34665.95381642
1709434260000000000,34665.95381642
1709434320000000000,34665.95381642
1709434380000000000,34665.95381642
1709434440000000000,34665.95381642
1709434500000000000,34665.95381642
1709434560000000000,34665.95381642
1709434620000000000,34665.95381642
1709434680000000000,34665.95381642
1709434740000000000,34665.95381642
1709434800000000000,34665.95381642
1709434860000000000,34665.95381642
1709434920000000000,34665.95381642
1709434980000000000,34665.95381642
1709435040000000000,34665.95381642
1709435100000000000,34665.95381642
1709435160000000000,34665.95381642
1709435220000000000,34665.95381642
1709435280000000000,34665.95381642
1709435340000000000,34665.95381642
1709435400000000000,34665.95381642
1709435460000000000,34665.95381642
1709435520000000000,34665.95381642
1709435580000000000,34665.95381642
1709435640000000000,34665.95381642
1709435700000000000,34665.95381642
1709435760000000000,34665.95381642
1709435820000000000,34665.95381642
1709435880000000000,34665.95381642
1709435940000000000,34665.95381642
1709436000000000000,34665.95381642
1709436060000000000,34665.95381642
1709436120000000000,34665.95381642
1709436180000000000,34665.95381642
1709436240000000000,34665.95381642
1709436300000000000,34665.95381642
1709436360000000000,34665.95381642
1709436420000000000,34665.95381642
1709436480000000000,34665.95381642
1709436540000000000,34665.95381642
1709436600000000000,34665.95381642
1709436660000000000,34665.95381642
1709436720000000000,34665.95381642
1709436780000000000,34665.95381642
1709436840000000000,34665.95381642
1709436900000000000,34665.95381642
1709436960000000000,34665.95381642
1709437020000000000,34665.95381642
1709437080000000000,34665.95381642
1709437140000000000,34665.95381642
1709437200000000000,34665.95381642
1709437260000000000,34665.95381642
1709437320000000000,34665.95381642
1709437380000000000,34665.95381642
1709437440000000000,34665.95381642
1709437500000000000,34665.95381642
1709437560000000000,34665.95381642
1709437620000000000,34665.95381642
1709437680000000000,34665.95381642
1709437740000000000,34665.95381642
1709437800000000000,34665.95381642
1709437860000000000,34665.95381642
1709437920000000000,34665.95381642
1709437980000000000,34665.95381642
1709438040000000000,34665.95381642
1709438100000000000,34665.95381642
1709438160000000000,34665.95381642
1709438220000000000,34665.95381642
1709438280000000000,34665.95381642
1709438340000000000,34665.95381642
1709438400000000000,34665.95381642
1709438460000000000,34665.95381642
1709438520000000000,34665.95381642
1709438580000000000,34665.95381642
1709438640000000000,34665.95381642
1709438700000000000,34665.95381642
1709438760000000000,34665.95381642
1709438820000000000,34665.95381642
1709438880000000000,34665.95381642
1709438940000000000,34665.95381642
1709439000000000000,34665.95381642
1709439060000000000,34665.95381642
1709439120000000000,34665.95381642
1709439180000000000,34665.95381642
1709439240000000000,34665.95381642
1709439300000000000,34665.95381642
1709439360000000000,34665.95381642
1709439420000000000,34665.95381642
1709439480000000000,34665.95381642
1709439540000000000,34665.95381642
1709439600000000000,34665.95381642
1709439660000000000,34665.95381642
1709439720000000000,34665.95381642
1709439780000000000,34665.95381642
1709439840000000000,34665.95381642
1709439900000000000,34665.95381642
1709439960000000000,34665.95381642
1709440020000000000,34665.95381642
1709440080000000000,34665.95381642
1709440140000000000,34665.95381642
1709440200000000000,34665.95381642
1709440260000000000,34665.95381642
1709440320000000000,34665.95381642
1709440380000000000,34665.95381642
1709440440000000000,34665.95381642
1709440500000000000,34665.95381642
1709440560000000000,34665.95381642
1709440620000000000,34665.95381642
1709440680000000000,34665.95381642
1709440740000000000,34665.95381642
1709440800000000000,34665.95381642
1709440860000000000,34665.95381642
1709440920000000000,34665.95381642
1709440980000000000,34665.95381642
1709441040000000000,34665.95381642
1709441100000000000,34665.95381642
1709441160000000000,34665.95381642
1709441220000000000,34665.95381642
1709441280000000000,34665.95381642
1709441340000000000,34665.95381642
1709441400000000000,34665.95381642
1709441460000000000,34665.95381642
1709441520000000000,34665.95381642
1709441580000000000,34665.95381642
1709441640000000000,34665.95381642
1709441700000000000,34665.95381642
1709441760000000000,34665.95381642
1709441820000000000,34665.95381642
1709441880000000000,34665.95381642
1709441940000000000,34665.95381642
1709442000000000000,34665.95381642
1709442060000000000,34665.95381642
1709442120000000000,34665.95381642
1709442180000000000,34310.01124823
1709442240000000000,34347.60704823
1709442300000000000,34497.17294823
1709442360000000000,34435.87544823
1709442420000000000,34401.54884823
1709442480000000000,34443.23114823
1709442540000000000,34419.52944823
1709442600000000000,34665.53674823
1709442660000000000,34726.01694823
1709442720000000000,34596.06624823
1709442780000000000,34809.38154823
1709442840000000000,34907.45754823
1709442900000000000,34748.08404823
1709442960000000000,34852.69844823
1709443020000000000,34944.23604823
1709443080000000000,34969.57234823
1709443140000000000,35026.78334823
1709443200000000000,35057.84074823
1709443260000000000,34926.25544823
1709443320000000000,35133.84964823
1709443380000000000,35233.56024823
1709443440000000000,35016.15844823
1709443500000000000,35205.77204823
1709443560000000000,35099.52304823
1709443620000000000,35160.00324823
1709443680000000000,35039.86014823
1709443740000000000,35143.65724823
1709443800000000000,35021.06224823
1709443860000000000,34881.30394823
1709443920000000000,35045.58124823
1709443980000000000,34839.68813659
1709444040000000000,34839.68813659
1709444100000000000,34839.68813659
1709444160000000000,34839.68813659
1709444220000000000,34839.68813659
1709444280000000000,34839.68813659
1709444340000000000,34839.68813659
1709444400000000000,34839.68813659
1709444460000000000,34839.68813659
1709444520000000000,34839.68813659
1709444580000000000,34839.68813659
1709444640000000000,34839.68813659
1709444700000000000,34839.68813659
1709444760000000000,34839.68813659
1709444820000000000,34839.68813659
1709444880000000000,34839.68813659
1709444940000000000,34839.68813659
1709445000000000000,34839.68813659
1709445060000000000,34839.68813659
1709445120000000000,34839.68813659
1709445180000000000,34839.68813659
1709445240000000000,34839.68813659
1709445300000000000,34839.68813659
1709445360000000000,34839.68813659
1709445420000000000,34839.68813659
1709445480000000000,34839.68813659
1709445540000000000,34839.68813659
1709445600000000000,34839.68813659
1709445660000000000,34839.68813659
1709445720000000000,34839.68813659
1709445780000000000,34839.68813659
1709445840000000000,34839.68813659
1709445900000000000,34839.68813659
1709445960000000000,34839.68813659
1709446020000000000,34839.68813659
1709446080000000000,34839.68813659
1709446140000000000,34839.68813659
1709446200000000000,34839.68813659
1709446260000000000,34839.68813659
1709446320000000000,34839.68813659
1709446380000000000,34839.68813659
1709446440000000000,34839.68813659
1709446500000000000,34839.68813659
1709446560000000000,34839.68813659
1709446620000000000,34839.68813659
1709446680000000000,34839.68813659
1709446740000000000,34839.68813659
1709446800000000000,34839.68813659
1709446860000000000,34839.68813659
1709446920000000000,34839.68813659
1709446980000000000,34839.68813659
1709447040000000000,34839.68813659
1709447100000000000,34839.68813659
1709447160000000000,34839.68813659
1709447220000000000,34839.68813659
1709447280000000000,34839.68813659
1709447340000000000,34839.68813659
1709447400000000000,34839.68813659
1709447460000000000,34839.68813659
1709447520000000000,34839.68813659
1709447580000000000,34839.68813659
1709447640000000000,34839.68813659
1709447700000000000,34839.68813659
1709447760000000000,34839.68813659
1709447820000000000,34839.68813659
1709447880000000000,34839.68813659
1709447940000000000,34839.68813659
1709448000000000000,34839.68813659
1709448060000000000,34839.68813659
1709448120000000000,34839.68813659
1709448180000000000,34839.68813659
1709448240000000000,34839.68813659
1709448300000000000,34839.68813659
1709448360000000000,34839.68813659
1709448420000000000,34839.68813659
1709448480000000000,34839.68813659
1709448540000000000,34839.68813659
1709448600000000000,34839.68813659
1709448660000000000,34839.68813659
1709448720000000000,34839.68813659
1709448780000000000,34839.68813659
1709448840000000000,34839.68813659
1709448900000000000,34839.68813659
1709448960000000000,34839.68813659
1709449020000000000,34839.68813659
1709449080000000000,34839.68813659
1709449140000000000,34839.68813659
1709449200000000000,34839.68813659
1709449260000000000,34839.68813659
1709449320000000000,34839.68813659
1709449380000000000,34839.68813659
1709449440000000000,34839.68813659
1709449500000000000,34839.68813659
1709449560000000000,34839.68813659
1709449620000000000,34839.68813659
1709449680000000000,34839.68813659
1709449740000000000,34839.68813659
1709449800000000000,34839.68813659
1709449860000000000,34839.68813659
1709449920000000000,34839.68813659
1709449980000000000,34839.68813659
1709450040000000000,34839.68813659
1709450100000000000,34839.68813659
1709450160000000000,34839.68813659
1709450220000000000,34839.68813659
1709450280000000000,34839.68813659
1709450340000000000,34839.68813659
1709450400000000000,34839.68813659
1709450460000000000,34839.68813659
1709450520000000000,34839.68813659
1709450580000000000,34839.68813659
1709450640000000000,34839.68813659
1709450700000000000,34839.68813659
1709450760000000000,34839.68813659
1709450820000000000,34839.68813659
1709450880000000000,34839.68813659
1709450940000000000,34839.68813659
1709451000000000000,34839.68813659
1709451060000000000,34839.68813659
1709451120000000000,34839.68813659
1709451180000000000,34839.68813659
1709451240000000000,34839.68813659
1709451300000000000,34839.68813659
1709451360000000000,34839.68813659
1709451420000000000,34839.68813659
1709451480000000000,34839.68813659
1709451540000000000,34839.68813659
1709451600000000000,34839.68813659
1709451660000000000,34839.68813659
1709451720000000000,34839.68813659
1709451780000000000,34839.68813659
1709451840000000000,34839.68813659
1709451900000000000,34839.68813659
1709451960000000000,34839.68813659
1709452020000000000,34839.68813659
1709452080000000000,34839.68813659
1709452140000000000,34839.68813659
1709452200000000000,34839.68813659
1709452260000000000,34839.68813659
1709452320000000000,34574.79899464
1709452380000000000,34376.06149464
1709452440000000000,34583.97149464
1709452500000000000,34577.85649464
1709452560000000000,34601.70499464
1709452620000000000,34697.71049464
1709452680000000000,34576.63349464
1709452740000000000,34209.12199464
1709452800000000000,33794.77705494
1709452860000000000,33794.77705494
1709452920000000000,33794.77705494
1709452980000000000,33794.77705494
1709453040000000000,33794.77705494
1709453100000000000,33794.77705494
1709453160000000000,33794.77705494
1709453220000000000,33794.77705494
1709453280000000000,33794.77705494
1709453340000000000,33794.77705494
1709453400000000000,33794.77705494
1709453460000000000,33794.77705494
1709453520000000000,33794.77705494
1709453580000000000,33794.77705494
1709453640000000000,33794.77705494
1709453700000000000,33794.77705494
1709453760000000000,33794.77705494
1709453820000000000,33794.77705494
1709453880000000000,33794.77705494
1709453940000000000,33794.77705494
1709454000000000000,33794.77705494
1709454060000000000,33794.77705494
1709454120000000000,33794.77705494
1709454180000000000,33794.77705494
1709454240000000000,33794.77705494
1709454300000000000,33794.77705494
1709454360000000000,33794.77705494
1709454420000000000,33794.77705494
1709454480000000000,33794.77705494
1709454540000000000,33794.77705494
1709454600000000000,33794.77705494
1709454660000000000,33794.77705494
1709454720000000000,33794.77705494
1709454780000000000,33794.77705494
1709454840000000000,33794.77705494
1709454900000000000,33794.77705494
1709454960000000000,33794.77705494
1709455020000000000,33794.77705494
1709455080000000000,33794.77705494
1709455140000000000,33794.77705494
1709455200000000000,33794.77705494
1709455260000000000,33794.77705494
1709455320000000000,33794.77705494
1709455380000000000,33794.77705494
1709455440000000000,33794.77705494
1709455500000000000,33794.77705494
1709455560000000000,33794.77705494
1709455620000000000,33794.77705494
1709455680000000000,33794.77705494
1709455740000000000,33794.77705494
1709455800000000000,33794.77705494
1709455860000000000,33794.77705494
1709455920000000000,33794.77705494
1709455980000000000,33794.77705494
1709456040000000000,33794.77705494
1709456100000000000,33794.77705494
1709456160000000000,33794.77705494
1709456220000000000,33794.77705494
1709456280000000000,33794.77705494
1709456340000000000,33794.77705494
1709456400000000000,33794.77705494
1709456460000000000,33794.77705494
1709456520000000000,33794.77705494
1709456580000000000,33794.77705494
1709456640000000000,33794.77705494
1709456700000000000,33794.77705494
1709456760000000000,33794.77705494
1709456820000000000,33794.77705494
1709456880000000000,33794.77705494
1709456940000000000,33794.77705494
1709457000000000000,33794.77705494
1709457060000000000,33794.77705494
1709457120000000000,33794.77705494
1709457180000000000,33794.77705494
1709457240000000000,33794.77705494
1709457300000000000,33794.77705494
1709457360000000000,33794.77705494
1709457420000000000,33794.77705494
1709457480000000000,33794.77705494
1709457540000000000,33794.77705494
1709457600000000000,33794.77705494
1709457660000000000,33794.77705494
1709457720000000000,33794.77705494
1709457780000000000,33794.77705494
1709457840000000000,33794.77705494
1709457900000000000,33794.77705494
1709457960000000000,33794.77705494
1709458020000000000,33794.77705494
1709458080000000000,33794.77705494
1709458140000000000,33794.77705494
1709458200000000000,33794.77705494
1709458260000000000,33794.77705494
1709458320000000000,33794.77705494
1709458380000000000,33794.77705494
1709458440000000000,33794.77705494
1709458500000000000,33794.77705494
1709458560000000000,33794.77705494
1709458620000000000,33794.77705494
1709458680000000000,33794.77705494
1709458740000000000,33794.77705494
1709458800000000000,33794.77705494
1709458860000000000,33794.77705494
1709458920000000000,33794.77705494
1709458980000000000,33794.77705494
1709459040000000000,33794.77705494
1709459100000000000,33794.77705494
1709459160000000000,33794.77705494
1709459220000000000,33794.77705494
1709459280000000000,33794.77705494
1709459340000000000,33794.77705494
1709459400000000000,33794.77705494
1709459460000000000,33794.77705494
1709459520000000000,33794.77705494
1709459580000000000,33794.77705494
1709459640000000000,33794.77705494
1709459700000000000,33794.77705494
1709459760000000000,33794.77705494
1709459820000000000,33794.77705494
1709459880000000000,33794.77705494
1709459940000000000,33794.77705494
1709460000000000000,33794.77705494
1709460060000000000,33794.77705494
1709460120000000000,33794.77705494
1709460180000000000,33794.77705494
1709460240000000000,33794.77705494
1709460300000000000,33794.77705494
1709460360000000000,33794.77705494
1709460420000000000,33794.77705494
1709460480000000000,33794.77705494
1709460540000000000,33794.77705494
1709460600000000000,33794.77705494
1709460660000000000,33794.77705494
1709460720000000000,33794.77705494
1709460780000000000,33794.77705494
1709460840000000000,33794.77705494
1709460900000000000,33794.77705494
1709460960000000000,33794.77705494
1709461020000000000,33794.77705494
1709461080000000000,33794.77705494
1709461140000000000,33794.77705494
1709461200000000000,33794.77705494
1709461260000000000,33794.77705494
1709461320000000000,33794.77705494
1709461380000000000,33794.77705494
1709461440000000000,33794.77705494
1709461500000000000,33794.77705494
1709461560000000000,33794.77705494
1709461620000000000,33794.77705494
1709461680000000000,33794.77705494
1709461740000000000,33794.77705494
1709461800000000000,33794.77705494
1709461860000000000,33794.77705494
1709461920000000000,33794.77705494
1709461980000000000,33794.77705494
1709462040000000000,33794.77705494
1709462100000000000,33794.77705494
1709462160000000000,33794.77705494
1709462220000000000,33794.77705494
1709462280000000000,33794.77705494
1709462340000000000,33794.77705494
1709462400000000000,33794.77705494
1709462460000000000,33794.77705494
1709462520000000000,33794.77705494
1709462580000000000,33794.77705494
1709462640000000000,33794.77705494
1709462700000000000,33794.77705494
1709462760000000000,33794.77705494
1709462820000000000,33794.77705494
1709462880000000000,33794.77705494
1709462940000000000,33794.77705494
1709463000000000000,33794.77705494
1709463060000000000,33794.77705494
1709463120000000000,33794.77705494
1709463180000000000,33794.77705494
1709463240000000000,33794.77705494
1709463300000000000,33794.77705494
1709463360000000000,33794.77705494
1709463420000000000,33794.77705494
1709463480000000000,33794.77705494
1709463540000000000,33794.77705494
1709463600000000000,33794.77705494
1709463660000000000,33794.77705494
1709463720000000000,33794.77705494
1709463780000000000,33794.77705494
1709463840000000000,33794.77705494
1709463900000000000,33794.77705494
1709463960000000000,33794.77705494
1709464020000000000,33794.77705494
1709464080000000000,33794.77705494
1709464140000000000,33794.77705494
1709464200000000000,33794.77705494
1709464260000000000,33794.77705494
1709464320000000000,33794.77705494
1709464380000000000,33794.77705494
1709464440000000000,33794.77705494
1709464500000000000,33794.77705494
1709464560000000000,33794.77705494
1709464620000000000,33794.77705494
1709464680000000000,33794.77705494
1709464740000000000,33794.77705494
1709464800000000000,33794.77705494
1709464860000000000,33794.77705494
1709464920000000000,33794.77705494
1709464980000000000,33794.77705494
1709465040000000000,33794.77705494
1709465100000000000,33794.77705494
1709465160000000000,33794.77705494
1709465220000000000,33794.77705494
1709465280000000000,33794.77705494
1709465340000000000,33794.77705494
1709465400000000000,33794.77705494
1709465460000000000,33794.77705494
1709465520000000000,33794.77705494
1709465580000000000,33794.77705494
1709465640000000000,33794.77705494
1709465700000000000,33794.77705494
1709465760000000000,33794.77705494
1709465820000000000,33794.77705494
1709465880000000000,33794.77705494
1709465940000000000,33794.77705494
1709466000000000000,33794.77705494
1709466060000000000,33794.77705494
1709466120000000000,33794.77705494
1709466180000000000,33794.77705494
1709466240000000000,33794.77705494
1709466300000000000,33794.77705494
1709466360000000000,33794.77705494
1709466420000000000,33794.77705494
1709466480000000000,33794.77705494
1709466540000000000,33794.77705494
1709466600000000000,33794.77705494
1709466660000000000,33794.77705494
1709466720000000000,33794.77705494
1709466780000000000,33794.77705494
1709466840000000000,33794.77705494
1709466900000000000,33794.77705494
1709466960000000000,33794.77705494
1709467020000000000,33794.77705494
1709467080000000000,33794.77705494
1709467140000000000,33794.77705494
1709467200000000000,33794.77705494
1709467260000000000,33794.77705494
1709467320000000000,33794.77705494
1709467380000000000,33794.77705494
1709467440000000000,33794.77705494
1709467500000000000,33794.77705494
1709467560000000000,33794.77705494
1709467620000000000,33794.77705494
1709467680000000000,33794.77705494
1709467740000000000,33794.77705494
1709467800000000000,33794.77705494
1709467860000000000,33794.77705494
1709467920000000000,33794.77705494
1709467980000000000,33794.77705494
1709468040000000000,33794.77705494
1709468100000000000,33794.77705494
1709468160000000000,33794.77705494
1709468220000000000,33794.77705494
1709468280000000000,33794.77705494
1709468340000000000,33794.77705494
1709468400000000000,33794.77705494
1709468460000000000,33794.77705494
1709468520000000000,33794.77705494
1709468580000000000,33794.77705494
1709468640000000000,33794.77705494
1709468700000000000,33794.77705494
1709468760000000000,33794.77705494
1709468820000000000,33794.77705494
1709468880000000000,33794.77705494
1709468940000000000,33794.77705494
1709469000000000000,33794.77705494
1709469060000000000,33794.77705494
1709469120000000000,33794.77705494
1709469180000000000,33794.77705494
1709469240000000000,33794.77705494
1709469300000000000,33794.77705494
1709469360000000000,33794.77705494
1709469420000000000,33794.77705494
1709469480000000000,33794.77705494
1709469540000000000,33794.77705494
1709469600000000000,33794.77705494
1709469660000000000,33794.77705494
1709469720000000000,33794.77705494
1709469780000000000,33794.77705494
1709469840000000000,33794.77705494
1709469900000000000,33794.77705494
1709469960000000000,33794.77705494
1709470020000000000,33794.77705494
1709470080000000000,33794.77705494
1709470140000000000,33794.77705494
1709470200000000000,33794.77705494
1709470260000000000,33794.77705494
1709470320000000000,33794.77705494
1709470380000000000,33794.77705494
1709470440000000000,33794.77705494
1709470500000000000,33794.77705494
1709470560000000000,33794.77705494
1709470620000000000,33794.77705494
1709470680000000000,33794.77705494
1709470740000000000,33794.77705494
1709470800000000000,33794.77705494
1709470860000000000,33794.77705494
1709470920000000000,33794.77705494
1709470980000000000,33794.77705494
1709471040000000000,33794.77705494
1709471100000000000,33794.77705494
1709471160000000000,33794.77705494
1709471220000000000,33794.77705494
1709471280000000000,33794.77705494
1709471340000000000,33794.77705494
1709471400000000000,33794.77705494
1709471460000000000,33794.77705494
1709471520000000000,33794.77705494
1709471580000000000,33794.77705494
1709471640000000000,33794.77705494
1709471700000000000,33794.77705494
1709471760000000000,33794.77705494
1709471820000000000,33794.77705494
1709471880000000000,33794.77705494
1709471940000000000,33794.77705494
1709472000000000000,33794.77705494
1709472060000000000,33794.77705494
1709472120000000000,33794.77705494
1709472180000000000,33794.77705494
1709472240000000000,33794.77705494
1709472300000000000,33794.77705494
1709472360000000000,33794.77705494
1709472420000000000,33794.77705494
1709472480000000000,33794.77705494
1709472540000000000,33794.77705494
1709472600000000000,33794.77705494
1709472660000000000,33794.77705494
1709472720000000000,33794.77705494
1709472780000000000,33794.77705494
1709472840000000000,33794.77705494
1709472900000000000,33794.77705494
1709472960000000000,33794.77705494
1709473020000000000,33794.77705494
1709473080000000000,33794.77705494
1709473140000000000,33794.77705494
1709473200000000000,33794.77705494
1709473260000000000,33794.77705494
1709473320000000000,33794.77705494
1709473380000000000,33794.77705494
1709473440000000000,33794.77705494
1709473500000000000,33794.77705494
1709473560000000000,33794.77705494
1709473620000000000,33794.77705494
1709473680000000000,33794.77705494
1709473740000000000,33794.77705494
1709473800000000000,33794.77705494
1709473860000000000,33794.77705494
1709473920000000000,33794.77705494
1709473980000000000,33794.77705494
1709474040000000000,33794.77705494
1709474100000000000,33794.77705494
1709474160000000000,33794.77705494
1709474220000000000,33794.77705494
1709474280000000000,33794.77705494
1709474340000000000,33794.77705494
1709474400000000000,33794.77705494
1709474460000000000,33794.77705494
1709474520000000000,33794.77705494
1709474580000000000,33794.77705494
1709474640000000000,33794.77705494
1709474700000000000,33794.77705494
1709474760000000000,33794.77705494
1709474820000000000,33794.77705494
1709474880000000000,33794.77705494
1709474940000000000,33794.77705494
1709475000000000000,33794.77705494
1709475060000000000,33794.77705494
1709475120000000000,33794.77705494
1709475180000000000,33794.77705494
1709475240000000000,33794.77705494
1709475300000000000,33794.77705494
1709475360000000000,33794.77705494
1709475420000000000,33794.77705494
1709475480000000000,33794.77705494
1709475540000000000,33794.77705494
1709475600000000000,33794.77705494
1709475660000000000,33794.77705494
1709475720000000000,33514.95103377
1709475780000000000,33334.66843377
1709475840000000000,32780.90178723
1709475900000000000,32780.90178723
1709475960000000000,32780.90178723
1709476020000000000,32780.90178723
1709476080000000000,32780.90178723
1709476140000000000,32780.90178723
1709476200000000000,32780.90178723
1709476260000000000,32780.90178723
1709476320000000000,32780.90178723
1709476380000000000,32780.90178723
1709476440000000000,32780.90178723
1709476500000000000,32780.90178723
1709476560000000000,32780.90178723
1709476620000000000,32780.90178723
1709476680000000000,32780.90178723
1709476740000000000,32780.90178723
1709476800000000000,32780.90178723
1709476860000000000,32780.90178723
1709476920000000000,32780.90178723
1709476980000000000,32780.90178723
1709477040000000000,32780.90178723
1709477100000000000,32780.90178723
1709477160000000000,32780.90178723
1709477220000000000,32780.90178723
1709477280000000000,32780.90178723
1709477340000000000,32780.90178723
1709477400000000000,32780.90178723
1709477460000000000,32780.90178723
1709477520000000000,32780.90178723
1709477580000000000,32780.90178723
1709477640000000000,32780.90178723
1709477700000000000,32780.90178723
1709477760000000000,32780.90178723
1709477820000000000,32780.90178723
1709477880000000000,32780.90178723
1709477940000000000,32780.90178723
1709478000000000000,32780.90178723
1709478060000000000,32780.90178723
1709478120000000000,32780.90178723
1709478180000000000,32780.90178723
1709478240000000000,32780.90178723
1709478300000000000,32780.90178723
1709478360000000000,32780.90178723
1709478420000000000,32780.90178723
1709478480000000000,32780.90178723
1709478540000000000,32780.90178723
1709478600000000000,32780.90178723
1709478660000000000,32780.90178723
1709478720000000000,32780.90178723
1709478780000000000,32780.90178723
1709478840000000000,32780.90178723
1709478900000000000,32780.90178723
1709478960000000000,32780.90178723
1709479020000000000,32780.90178723
1709479080000000000,32780.90178723
1709479140000000000,32780.90178723
1709479200000000000,32482.64910891
1709479260000000000,32288.16510891
1709479320000000000,32176.93390891
1709479380000000000,32604.79870891
1709479440000000000,32423.96270891
1709479500000000000,32322.96750891
1709479560000000000,32259.50430891
1709479620000000000,32144.17870891
1709479680000000000,31797.74743051
1709479740000000000,31797.74743051
1709479800000000000,31797.74743051
1709479860000000000,31797.74743051
1709479920000000000,31797.74743051
1709479980000000000,31797.74743051
1709480040000000000,31797.74743051
1709480100000000000,31797.74743051
1709480160000000000,31797.74743051
1709480220000000000,31797.74743051
1709480280000000000,31797.74743051
1709480340000000000,31797.74743051
1709480400000000000,31797.74743051
1709480460000000000,31797.74743051
1709480520000000000,31797.74743051
1709480580000000000,31797.74743051
1709480640000000000,31797.74743051
1709480700000000000,31797.74743051
1709480760000000000,31797.74743051
1709480820000000000,31797.74743051
1709480880000000000,31797.74743051
1709480940000000000,31797.74743051
1709481000000000000,31797.74743051
1709481060000000000,31797.74743051
1709481120000000000,31797.74743051
1709481180000000000,31797.74743051
1709481240000000000,31797.74743051
1709481300000000000,31797.74743051
1709481360000000000,31797.74743051
1709481420000000000,31797.74743051
1709481480000000000,31797.74743051
1709481540000000000,31797.74743051
1709481600000000000,31797.74743051
1709481660000000000,31797.74743051
1709481720000000000,31797.74743051
1709481780000000000,31797.74743051
1709481840000000000,31797.74743051
1709481900000000000,31797.74743051
1709481960000000000,31797.74743051
1709482020000000000,31797.74743051
1709482080000000000,31797.74743051
1709482140000000000,31797.74743051
1709482200000000000,31797.74743051
1709482260000000000,31797.74743051
1709482320000000000,31797.74743051
1709482380000000000,31797.74743051
1709482440000000000,31797.74743051
1709482500000000000,31797.74743051
1709482560000000000,31459.87531492
1709482620000000000,31381.05991492
1709482680000000000,31237.33771492
1709482740000000000,30843.63539715
1709482800000000000,30843.63539715
1709482860000000000,30843.63539715
1709482920000000000,30843.63539715
1709482980000000000,30843.63539715
1709483040000000000,30843.63539715
1709483100000000000,30843.63539715
1709483160000000000,30843.63539715
1709483220000000000,30843.63539715
1709483280000000000,30843.63539715
1709483340000000000,30843.63539715
1709483400000000000,30843.63539715
1709483460000000000,30843.63539715
1709483520000000000,30843.63539715
1709483580000000000,30843.63539715
1709483640000000000,30843.63539715
1709483700000000000,30843.63539715
1709483760000000000,30843.63539715
1709483820000000000,30843.63539715
1709483880000000000,30843.63539715
1709483940000000000,30843.63539715
1709484000000000000,30843.63539715
1709484060000000000,30843.63539715
1709484120000000000,30843.63539715
1709484180000000000,30843.63539715
1709484240000000000,30843.63539715
1709484300000000000,30843.63539715
1709484360000000000,30843.63539715
1709484420000000000,30843.63539715
1709484480000000000,30843.63539715
1709484540000000000,30843.63539715
1709484600000000000,30843.63539715
1709484660000000000,30843.63539715
1709484720000000000,30843.63539715
1709484780000000000,30843.63539715
1709484840000000000,30843.63539715
1709484900000000000,30843.63539715
1709484960000000000,30843.63539715
1709485020000000000,30843.63539715
1709485080000000000,30843.63539715
1709485140000000000,30843.63539715
1709485200000000000,30843.63539715
1709485260000000000,30843.63539715
1709485320000000000,30843.63539715
1709485380000000000,30843.63539715
1709485440000000000,30843.63539715
1709485500000000000,30843.63539715
1709485560000000000,30843.63539715
1709485620000000000,30843.63539715
1709485680000000000,30843.63539715
1709485740000000000,30843.63539715
1709485800000000000,30843.63539715
1709485860000000000,30843.63539715
1709485920000000000,30843.63539715
1709485980000000000,30843.63539715
1709486040000000000,30843.63539715
1709486100000000000,30661.60103217
1709486160000000000,30389.99723217
1709486220000000000,30546.26243217
1709486280000000000,30423.48263217
1709486340000000000,30190.73843217
1709486400000000000,29918.60328915
1709486460000000000,29918.60328915
1709486520000000000,29918.60328915
1709486580000000000,29918.60328915
1709486640000000000,29918.60328915
1709486700000000000,29918.60328915
1709486760000000000,29918.60328915
1709486820000000000,29918.60328915
1709486880000000000,29918.60328915
1709486940000000000,29918.60328915
1709487000000000000,29918.60328915
1709487060000000000,29918.60328915
1709487120000000000,29918.60328915
1709487180000000000,29918.60328915
1709487240000000000,29918.60328915
1709487300000000000,29918.60328915
1709487360000000000,29918.60328915
1709487420000000000,29918.60328915
1709487480000000000,29918.60328915
1709487540000000000,29918.60328915
1709487600000000000,29918.60328915
1709487660000000000,29918.60328915
1709487720000000000,29918.60328915
1709487780000000000,29918.60328915
1709487840000000000,29918.60328915
1709487900000000000,29918.60328915
1709487960000000000,29918.60328915
1709488020000000000,29918.60328915
1709488080000000000,29918.60328915
1709488140000000000,29918.60328915
1709488200000000000,29918.60328915
1709488260000000000,29918.60328915
1709488320000000000,29918.60328915
1709488380000000000,29742.86392915
1709488440000000000,29654.06392915
1709488500000000000,29586.86392915
1709488560000000000,29588.06392915
1709488620000000000,29720.06392915
1709488680000000000,29535.26392915
1709488740000000000,29644.86392915
1709488800000000000,29684.86392915
1709488860000000000,29517.66392915
1709488920000000000,29485.26392915
1709488980000000000,29437.66392915
1709489040000000000,29317.66392915
1709489100000000000,29280.06392915
1709489160000000000,29309.66392915
1709489220000000000,29275.66392915
1709489280000000000,29394.06392915
1709489340000000000,29424.06392915
1709489400000000000,29308.06392915
1709489460000000000,29249.26392915
1709489520000000000,29021.14208915
1709489580000000000,29021.14208915
1709489640000000000,29021.14208915
1709489700000000000,29021.14208915
1709489760000000000,29021.14208915
1709489820000000000,29021.14208915
1709489880000000000,29021.14208915
1709489940000000000,29021.14208915
1709490000000000000,29021.14208915
1709490060000000000,29021.14208915
1709490120000000000,29021.14208915
1709490180000000000,29021.14208915
1709490240000000000,29021.14208915
1709490300000000000,29021.14208915
1709490360000000000,29021.14208915
1709490420000000000,29021.14208915
1709490480000000000,29021.14208915
1709490540000000000,29021.14208915
1709490600000000000,29021.14208915
1709490660000000000,29021.14208915
1709490720000000000,29021.14208915
1709490780000000000,29021.14208915
1709490840000000000,29021.14208915
1709490900000000000,29021.14208915
1709490960000000000,29021.14208915
1709491020000000000,29021.14208915
1709491080000000000,29021.14208915
1709491140000000000,29021.14208915
1709491200000000000,29021.14208915
1709491260000000000,29021.14208915
1709491320000000000,29021.14208915
1709491380000000000,29021.14208915
1709491440000000000,29021.14208915
1709491500000000000,29021.14208915
1709491560000000000,29021.14208915
1709491620000000000,29021.14208915
1709491680000000000,29021.14208915
1709491740000000000,29021.14208915
1709491800000000000,29021.14208915
1709491860000000000,29021.14208915
1709491920000000000,29021.14208915
1709491980000000000,29021.14208915
1709492040000000000,29021.14208915
1709492100000000000,29021.14208915
1709492160000000000,29021.14208915
1709492220000000000,29021.14208915
1709492280000000000,29021.14208915
1709492340000000000,29021.14208915
1709492400000000000,29021.14208915
1709492460000000000,29021.14208915
1709492520000000000,29021.14208915
1709492580000000000,29021.14208915
1709492640000000000,29021.14208915
1709492700000000000,29021.14208915
1709492760000000000,29021.14208915
1709492820000000000,29021.14208915
1709492880000000000,29021.14208915
1709492940000000000,29021.14208915
1709493000000000000,29021.14208915
1709493060000000000,29021.14208915
1709493120000000000,29021.14208915
1709493180000000000,29021.14208915
1709493240000000000,29021.14208915
1709493300000000000,29021.14208915
1709493360000000000,29021.14208915
1709493420000000000,29021.14208915
1709493480000000000,29021.14208915
1709493540000000000,29021.14208915
1709493600000000000,29021.14208915
1709493660000000000,28710.66183515
1709493720000000000,28857.98593515
1709493780000000000,29039.85013515
1709493840000000000,28595.76313515
1709493900000000000,28150.47132007
1709493960000000000,28150.47132007
1709494020000000000,28150.47132007
1709494080000000000,28150.47132007
1709494140000000000,28150.47132007
1709494200000000000,28150.47132007
1709494260000000000,28150.47132007
1709494320000000000,28150.47132007
1709494380000000000,28150.47132007
1709494440000000000,28150.47132007
1709494500000000000,28150.47132007
1709494560000000000,28150.47132007
1709494620000000000,28150.47132007
1709494680000000000,28150.47132007
1709494740000000000,28150.47132007
1709494800000000000,28150.47132007
1709494860000000000,28150.47132007
1709494920000000000,28150.47132007
1709494980000000000,28150.47132007
1709495040000000000,28150.47132007
1709495100000000000,28150.47132007
1709495160000000000,28150.47132007
1709495220000000000,28150.47132007
1709495280000000000,28150.47132007
1709495340000000000,28150.47132007
1709495400000000000,28150.47132007
1709495460000000000,28150.47132007
1709495520000000000,28150.47132007
1709495580000000000,28150.47132007
1709495640000000000,28150.47132007
1709495700000000000,28150.47132007
1709495760000000000,28150.47132007
1709495820000000000,28150.47132007
1709495880000000000,28150.47132007
1709495940000000000,28150.47132007
1709496000000000000,28150.47132007
1709496060000000000,28150.47132007
1709496120000000000,28150.47132007
1709496180000000000,28150.47132007
1709496240000000000,28150.47132007
1709496300000000000,28150.47132007
1709496360000000000,28150.47132007
1709496420000000000,28150.47132007
1709496480000000000,28150.47132007
1709496540000000000,28150.47132007
1709496600000000000,28150.47132007
1709496660000000000,28150.47132007
1709496720000000000,28150.47132007
1709496780000000000,28150.47132007
1709496840000000000,28150.47132007
1709496900000000000,28150.47132007
1709496960000000000,28150.47132007
1709497020000000000,28150.47132007
1709497080000000000,28150.47132007
1709497140000000000,28150.47132007
1709497200000000000,28150.47132007
1709497260000000000,28150.47132007
1709497320000000000,28150.47132007
1709497380000000000,28150.47132007
1709497440000000000,28150.47132007
1709497500000000000,28150.47132007
1709497560000000000,28150.47132007
1709497620000000000,28150.47132007
1709497680000000000,28150.47132007
1709497740000000000,28150.47132007
1709497800000000000,28150.47132007
1709497860000000000,28150.47132007
1709497920000000000,28150.47132007
1709497980000000000,28150.47132007
1709498040000000000,28150.47132007
1709498100000000000,28150.47132007
1709498160000000000,28150.47132007
1709498220000000000,28150.47132007
1709498280000000000,28150.47132007
1709498340000000000,28150.47132007
1709498400000000000,28150.47132007
1709498460000000000,28150.47132007
1709498520000000000,28150.47132007
1709498580000000000,28150.47132007
1709498640000000000,28150.47132007
1709498700000000000,28150.47132007
1709498760000000000,28150.47132007
1709498820000000000,28150.47132007
1709498880000000000,28150.47132007
1709498940000000000,28150.47132007
1709499000000000000,28150.47132007
1709499060000000000,28150.47132007
1709499120000000000,28150.47132007
1709499180000000000,28150.47132007
1709499240000000000,28150.47132007
1709499300000000000,28150.47132007
1709499360000000000,28150.47132007
1709499420000000000,28150.47132007
1709499480000000000,28150.47132007
1709499540000000000,28150.47132007
1709499600000000000,28150.47132007
1709499660000000000,28150.47132007
1709499720000000000,28150.47132007
1709499780000000000,28150.47132007
1709499840000000000,28150.47132007
1709499900000000000,28150.47132007
1709499960000000000,28150.47132007
1709500020000000000,28150.47132007
1709500080000000000,28150.47132007
1709500140000000000,28150.47132007
1709500200000000000,28150.47132007
1709500260000000000,28150.47132007
1709500320000000000,28150.47132007
1709500380000000000,28150.47132007
1709500440000000000,28150.47132007
1709500500000000000,28150.47132007
1709500560000000000,28150.47132007
1709500620000000000,28150.47132007
1709500680000000000,28150.47132007
1709500740000000000,28150.47132007
1709500800000000000,28150.47132007
1709500860000000000,28150.47132007
1709500920000000000,28150.47132007
1709500980000000000,28150.47132007
1709501040000000000,28150.47132007
1709501100000000000,28150.47132007
1709501160000000000,28150.47132007
1709501220000000000,28150.47132007
1709501280000000000,28150.47132007
1709501340000000000,28150.47132007
1709501400000000000,28150.47132007
1709501460000000000,28150.47132007
1709501520000000000,28150.47132007
1709501580000000000,28150.47132007
1709501640000000000,28150.47132007
1709501700000000000,28150.47132007
1709501760000000000,28150.47132007
1709501820000000000,28150.47132007
1709501880000000000,28150.47132007
1709501940000000000,28150.47132007
1709502000000000000,28150.47132007
1709502060000000000,28150.47132007
1709502120000000000,28150.47132007
1709502180000000000,28150.47132007
1709502240000000000,28150.47132007
1709502300000000000,28150.47132007
1709502360000000000,28150.47132007
1709502420000000000,28150.47132007
1709502480000000000,28150.47132007
1709502540000000000,28150.47132007
1709502600000000000,28150.47132007
1709502660000000000,28150.47132007
1709502720000000000,28150.47132007
1709502780000000000,28150.47132007
1709502840000000000,28150.47132007
1709502900000000000,28150.47132007
1709502960000000000,28150.47132007
1709503020000000000,28150.47132007
1709503080000000000,28150.47132007
1709503140000000000,28150.47132007
1709503200000000000,28150.47132007
1709503260000000000,28150.47132007
1709503320000000000,28150.47132007
1709503380000000000,28150.47132007
1709503440000000000,28150.47132007
1709503500000000000,28150.47132007
1709503560000000000,28150.47132007
1709503620000000000,28150.47132007
1709503680000000000,28150.47132007
1709503740000000000,28150.47132007
1709503800000000000,28150.47132007
1709503860000000000,28150.47132007
1709503920000000000,28150.47132007
1709503980000000000,28150.47132007
1709504040000000000,28150.47132007
1709504100000000000,28150.47132007
1709504160000000000,28150.47132007
1709504220000000000,28150.47132007
1709504280000000000,28150.47132007
1709504340000000000,28150.47132007
1709504400000000000,28150.47132007
1709504460000000000,28150.47132007
1709504520000000000,28150.47132007
1709504580000000000,28150.47132007
1709504640000000000,28150.47132007
1709504700000000000,28150.47132007
1709504760000000000,28150.47132007
1709504820000000000,28150.47132007
1709504880000000000,28150.47132007
1709504940000000000,28150.47132007
1709505000000000000,28150.47132007
1709505060000000000,28150.47132007
1709505120000000000,28150.47132007
1709505180000000000,28150.47132007
1709505240000000000,28150.47132007
1709505300000000000,27900.43346223
1709505360000000000,27306.23607247
1709505420000000000,27306.23607247
1709505480000000000,27306.23607247
1709505540000000000,27306.23607247
1709505600000000000,27306.23607247
1709505660000000000,27306.23607247
1709505720000000000,27306.23607247
1709505780000000000,27153.90812517
1709505840000000000,26964.94232517
1709505900000000000,26877.85972517
1709505960000000000,26980.43132517
1709506020000000000,27252.34932517
1709506080000000000,27358.70712517
1709506140000000000,27483.30752517
1709506200000000000,27461.96712517
1709506260000000000,27584.50232517
1709506320000000000,27587.25592517
1709506380000000000,28034.71592517
1709506440000000000,28099.08132517
1709506500000000000,27806.16712517
1709506560000000000,28288.04712517
1709506620000000000,28093.22992517
1709506680000000000,28205.78332517
1709506740000000000,28205.78332517
1709506800000000000,27779.31952517
1709506860000000000,27958.64772517
1709506920000000000,28045.38612517
1709506980000000000,28132.12452517
1709507040000000000,28062.94032517
1709507100000000000,28009.58932517
1709507160000000000,27978.61132517
1709507220000000000,28006.49152517
1709507280000000000,28061.21932517
1709507340000000000,27936.27472517
1709507400000000000,27926.98132517
1709507460000000000,28040.56732517
1709507520000000000,27908.73872517
1709507580000000000,27554.75184563
1709507640000000000,27554.75184563
1709507700000000000,27554.75184563
1709507760000000000,27554.75184563
1709507820000000000,27554.75184563
1709507880000000000,27554.75184563
1709507940000000000,27554.75184563
1709508000000000000,27554.75184563
1709508060000000000,27554.75184563
1709508120000000000,27554.75184563
1709508180000000000,27554.75184563
1709508240000000000,27554.75184563
1709508300000000000,27554.75184563
1709508360000000000,27554.75184563
1709508420000000000,27554.75184563
1709508480000000000,27554.75184563
1709508540000000000,27554.75184563
1709508600000000000,27554.75184563
1709508660000000000,27554.75184563
1709508720000000000,27554.75184563
1709508780000000000,27554.75184563
1709508840000000000,27554.75184563
1709508900000000000,27554.75184563
1709508960000000000,27554.75184563
1709509020000000000,27554.75184563
1709509080000000000,27554.75184563
1709509140000000000,27554.75184563
1709509200000000000,27554.75184563
1709509260000000000,27554.75184563
1709509320000000000,27554.75184563
1709509380000000000,27554.75184563
1709509440000000000,27554.75184563
1709509500000000000,27554.75184563
1709509560000000000,27554.75184563
1709509620000000000,27554.75184563
1709509680000000000,27554.75184563
1709509740000000000,27554.75184563
1709509800000000000,27554.75184563
1709509860000000000,27554.75184563
1709509920000000000,27554.75184563
1709509980000000000,27554.75184563
1709510040000000000,27554.75184563
1709510100000000000,27554.75184563
1709510160000000000,27554.75184563
1709510220000000000,27554.75184563
1709510280000000000,27554.75184563
1709510340000000000,27554.75184563
1709510400000000000,27554.75184563
