event_ts,entry_ts,exit_ts,symbol,route,direction,direction_value,old_boundary,prior_value,event_high,event_low,entry_price,initial_stop,target_price,exit_price,exit_reason,volume_ratio,event_taker_pressure,cvd_divergence_fraction,boundary_breach_atr,confirmation_return,confirmation_body_fraction,confirmation_taker_pressure,rank_score,gross_return,net_return,holding_minutes
2024-04-04 04:30:00+00:00,2024-04-04 04:45:00+00:00,2024-04-04 07:15:00+00:00,ETHUSDT,FAILED_LOW_CVD_DIVERGENCE,LONG,1.0,3264.01,3319.8690474461855,3280.0,3252.59,3286.15,3250.2411875000003,3319.8690474461855,3319.8690474461855,PRIOR_VALUE_REACHED,1.5784241056520611,-0.04017950682302396,0.9225140455278141,0.48620313456268205,0.00536311960399205,0.6238434163701058,0.12915451986506343,0.7079693339060333,0.010260958095700268,0.008260958095700268,150.0
2024-04-04 04:30:00+00:00,2024-04-04 04:45:00+00:00,2024-04-04 10:45:00+00:00,XRPUSDT,FAILED_LOW_CVD_DIVERGENCE,LONG,1.0,0.5655,0.5798271085925502,0.5704,0.5626,0.5669,0.5622008333333334,0.5798271085925502,0.5763,SIX_HOUR_CAP,1.9446795752236115,-0.1572692670461081,0.23528316996728074,0.7265135699373741,0.0035404496371038707,0.5714285714285624,0.07028912034415113,0.33241655638867484,0.0165814076556714,0.014581407655671398,360.0
2024-04-05 05:30:00+00:00,2024-04-05 05:45:00+00:00,2024-04-05 11:45:00+00:00,ETHUSDT,FAILED_LOW_CVD_DIVERGENCE,LONG,1.0,3252.59,3340.8145501957947,3299.84,3241.71,3274.14,3239.2816041666665,3340.8145501957947,3265.16,SIX_HOUR_CAP,2.536152703556941,-0.12210018159404268,0.665752032093892,0.44803239449911686,0.004556207026683801,0.8781785925487898,0.05315696059913244,0.756479766063548,-0.002742704954583508,-0.004742704954583508,360.0
2024-04-07 14:00:00+00:00,2024-04-07 14:15:00+00:00,2024-04-07 18:10:00+00:00,XRPUSDT,FAILED_HIGH_CVD_DIVERGENCE,SHORT,-1.0,0.5994,0.5941039294168237,0.6033,0.5971,0.5985,0.6035189583333332,0.5941039294168237,0.5941039294168237,PRIOR_VALUE_REACHED,2.652589429919,0.04939243635942803,0.17394997237065904,1.7811607992387766,-0.002333722287047757,0.9333333333333382,-0.12515561741447345,0.8218594008186765,0.007345147173226985,0.005345147173226985,235.0
2024-04-09 07:00:00+00:00,2024-04-09 07:15:00+00:00,2024-04-09 07:50:00+00:00,SOLUSDT,FAILED_LOW_CVD_DIVERGENCE,LONG,1.0,176.374,180.92424094352793,177.5,175.5,176.776,175.35807291666666,180.92424094352793,175.35807291666666,BOUNDARY_EXTREME_INVALIDATED,2.0197601431702474,-0.05702349910964932,0.4690772198671704,0.6158091743119225,0.001654540921556702,0.5078260869565094,0.025298875527714815,0.5834320664821101,-0.008021038395106483,-0.010021038395106483,35.0
2024-04-13 20:30:00+00:00,2024-04-13 20:45:00+00:00,2024-04-14 02:45:00+00:00,SOLUSDT,FAILED_LOW_CVD_DIVERGENCE,LONG,1.0,126.2,146.71810317817426,134.665,112.917,128.116,112.60633333333334,146.71810317817426,134.735,SIX_HOUR_CAP,20.81374001645216,-0.07775424378636275,0.4922639467585817,4.275643776824034,0.02814403454004144,0.6444321940463108,0.016373346357465346,43.80762106945575,0.051664116894064804,0.0496641168940648,360.0
2024-04-15 18:30:00+00:00,2024-04-15 18:45:00+00:00,2024-04-15 19:05:00+00:00,BTCUSDT,FAILED_LOW_CVD_DIVERGENCE,LONG,1.0,63300.0,65110.07524980694,64036.9,63078.0,63835.7,63023.027708333335,65110.07524980694,63023.027708333335,BOUNDARY_EXTREME_INVALIDATED,2.746886265771021,-0.04694438253057265,0.7994977819605441,0.4038398132392452,0.005812487788891207,0.6282356948228814,0.15794036983737403,0.8868845177527687,-0.012730686616840736,-0.014730686616840736,20.0
2024-04-15 19:30:00+00:00,2024-04-15 19:45:00+00:00,2024-04-16 01:45:00+00:00,SOLUSDT,FAILED_LOW_CVD_DIVERGENCE,LONG,1.0,135.333,146.76088489889665,138.073,133.55,138.359,133.2930604166667,146.76088489889665,138.863,SIX_HOUR_CAP,3.5112216221753902,-0.012401118670470779,0.45010667485810335,0.6939374528707248,0.008851945021692398,0.63894736842105,0.06807183243297166,1.0967156055964684,0.0036426976199595007,0.0016426976199595007,360.0
2024-04-15 19:30:00+00:00,2024-04-15 19:45:00+00:00,2024-04-16 01:45:00+00:00,ETHUSDT,FAILED_LOW_CVD_DIVERGENCE,LONG,1.0,3031.0,3160.178821350983,3095.13,3022.08,3102.78,3018.775125,3160.178821350983,3096.61,SIX_HOUR_CAP,4.017367480500151,-0.005138113072362893,0.7893138200728483,0.2699043080298071,0.006249371657623959,0.6372354497354441,0.07012259931842668,0.8558567558596543,-0.0019885393099091653,-0.003988539309909165,360.0
2024-04-16 14:00:00+00:00,2024-04-16 14:15:00+00:00,2024-04-16 15:45:00+00:00,SOLUSDT,FAILED_LOW_CVD_DIVERGENCE,LONG,1.0,129.631,138.36811877499554,133.648,129.0,133.606,128.71630208333335,138.36811877499554,128.71630208333335,BOUNDARY_EXTREME_INVALIDATED,3.0574245597134873,0.004949915524849802,0.24829493289224824,0.2224196805581054,0.01332585002540787,0.5371446040966102,0.02134510480384688,0.16884834931351414,-0.03659789168650096,-0.03859789168650096,90.0
2024-04-16 16:30:00+00:00,2024-04-16 16:45:00+00:00,2024-04-16 21:15:00+00:00,SOLUSDT,FAILED_LOW_CVD_DIVERGENCE,LONG,1.0,127.42,135.4336781005408,129.065,126.392,129.656,126.11917083333333,135.4336781005408,135.4336781005408,PRIOR_VALUE_REACHED,2.3262127563156403,-0.0005952313241948115,0.940751765767788,0.37679255944654216,0.014554446148549172,0.8916586768935705,0.01610210933610534,0.8245686012117684,0.04456159453122721,0.04256159453122721,270.0
2024-04-19 03:00:00+00:00,2024-04-19 03:15:00+00:00,2024-04-19 04:10:00+00:00,BTCUSDT,FAILED_LOW_CVD_DIVERGENCE,LONG,1.0,59650.0,62313.53350497302,61420.0,59541.0,61859.4,59483.95354166667,62313.53350497302,62313.53350497302,PRIOR_VALUE_REACHED,5.306870473460241,0.0944881807052893,0.5491698387757392,0.1910723350485534,0.008564566855957745,0.6875654450261818,0.06902319095556786,0.5568560929690453,0.007341382311710332,0.005341382311710332,55.0
2024-04-19 03:00:00+00:00,2024-04-19 03:15:00+00:00,2024-04-19 04:40:00+00:00,ETHUSDT,FAILED_LOW_CVD_DIVERGENCE,LONG,1.0,2873.48,3013.8423503551626,2943.62,2861.76,2983.47,2858.942604166667,3013.8423503551626,3013.8423503551626,PRIOR_VALUE_REACHED,4.024141355299034,0.05078458106311756,0.11514707757432799,0.4159869856176223,0.014157902250987453,0.7815725276787326,0.09383869183422155,0.19275510614255678,0.010180209740725754,0.008180209740725754,85.0
2024-04-21 08:30:00+00:00,2024-04-21 08:45:00+00:00,2024-04-21 13:55:00+00:00,XRPUSDT,FAILED_HIGH_CVD_DIVERGENCE,SHORT,-1.0,0.5354,0.5229526872617424,0.5366,0.5324,0.5322,0.5369541666666666,0.5229526872617424,0.5229526872617424,PRIOR_VALUE_REACHED,1.0472652970366556,0.06726478118898371,0.5152731529595949,0.33882352941175803,-0.003557386257255213,0.8636363636363774,-0.15791206376556743,0.1828385590325874,0.01737563460777458,0.015375634607774582,310.0
2024-04-23 15:30:00+00:00,2024-04-23 15:45:00+00:00,2024-04-23 17:45:00+00:00,SOLUSDT,FAILED_HIGH_CVD_DIVERGENCE,SHORT,-1.0,159.222,155.39415548931854,159.747,157.81,157.74,159.87845000000002,155.39415548931854,159.87845000000002,BOUNDARY_EXTREME_INVALIDATED,2.615378788342241,-0.02907602574814072,0.6368706205829534,0.39939140357550756,-0.009233088373845844,0.8175750834260275,-0.11097312930743608,0.665249451346741,-0.013556802332953088,-0.015556802332953088,120.0
2024-04-23 18:00:00+00:00,2024-04-23 18:15:00+00:00,2024-04-23 20:20:00+00:00,SOLUSDT,FAILED_HIGH_CVD_DIVERGENCE,SHORT,-1.0,159.747,156.12639785613703,159.987,158.176,158.517,160.11872291666666,156.12639785613703,156.12639785613703,PRIOR_VALUE_REACHED,1.1582475602751792,0.12125577758936124,0.6129957132417234,0.18220064213072026,-0.0037770711044633476,0.549862763037516,-0.0851089831937416,0.12936259972767175,0.015081045842799012,0.013081045842799012,125.0
2024-04-24 23:30:00+00:00,2024-04-24 23:45:00+00:00,2024-04-25 02:05:00+00:00,XRPUSDT,FAILED_LOW_CVD_DIVERGENCE,LONG,1.0,0.5229,0.5375752902908253,0.5267,0.5206,0.5268,0.5201985416666666,0.5375752902908253,0.5201985416666666,BOUNDARY_EXTREME_INVALIDATED,2.2591343322466337,-0.007665059535646113,0.24554579642719884,0.5729112610275229,0.0055354075205191755,0.8285714285714186,0.02205828863539927,0.31780587259350845,-0.012531242090610295,-0.014531242090610295,140.0
2024-04-24 23:30:00+00:00,2024-04-24 23:45:00+00:00,2024-04-25 02:05:00+00:00,SOLUSDT,FAILED_LOW_CVD_DIVERGENCE,LONG,1.0,146.311,154.44801549066472,147.564,145.52,147.788,145.34965833333334,154.44801549066472,145.34965833333334,BOUNDARY_EXTREME_INVALIDATED,1.7229176870178637,-0.0017925668372135162,0.18394788690308153,0.464360843402963,0.0055178701429476895,0.6973344797936366,0.0265455195309805,0.14716852051703333,-0.0164989151126389,-0.018498915112638903,140.0
2024-04-26 01:30:00+00:00,2024-04-26 01:45:00+00:00,2024-04-26 07:45:00+00:00,SOLUSDT,FAILED_LOW_CVD_DIVERGENCE,LONG,1.0,142.041,145.95633376291033,143.134,141.363,143.582,141.20087083333334,145.95633376291033,143.992,SIX_HOUR_CAP,2.0527779401539874,-0.024731736446980346,0.714289514790795,0.41818508904936796,0.00767783953736445,0.622298065984066,0.15984222749987098,0.613175495154055,0.002855511136493405,0.0008555111364934049,360.0
2024-04-26 13:30:00+00:00,2024-04-26 13:45:00+00:00,2024-04-26 14:15:00+00:00,SOLUSDT,FAILED_LOW_CVD_DIVERGENCE,LONG,1.0,141.363,145.023677511822,143.29,141.042,143.017,140.8986875,145.023677511822,145.023677511822,PRIOR_VALUE_REACHED,1.9843920526818457,-0.07934845537441204,0.9483440534875198,0.22398604448320866,0.007680004509360572,0.7073329007138258,0.05689583708953605,0.4215162915632179,0.014031041846927383,0.012031041846927383,30.0
2024-04-26 15:30:00+00:00,2024-04-26 15:45:00+00:00,2024-04-26 19:05:00+00:00,XRPUSDT,FAILED_LOW_CVD_DIVERGENCE,LONG,1.0,0.5166,0.5256294328102804,0.5211,0.5139,0.5193,0.513541875,0.5256294328102804,0.5256294328102804,PRIOR_VALUE_REACHED,2.071546252747708,-0.056932005586305956,0.6449024254596146,0.7539267015706603,0.005615801704105472,0.9062500000000098,0.10456343147155556,1.0072047602629222,0.012188393626574978,0.010188393626574978,200.0
2024-04-26 15:30:00+00:00,2024-04-26 15:45:00+00:00,2024-04-26 18:05:00+00:00,ETHUSDT,FAILED_LOW_CVD_DIVERGENCE,LONG,1.0,3108.0,3145.859184631561,3133.42,3103.0,3121.15,3101.1355,3145.859184631561,3145.859184631561,PRIOR_VALUE_REACHED,2.9698977002642954,-0.04153400385486583,0.8099929199862418,0.2681684097613301,0.005269277471262157,0.7760910815939366,0.14657484840153567,0.6451048834265221,0.007916692447194507,0.0059166924471945066,140.0
2024-04-27 01:30:00+00:00,2024-04-27 01:45:00+00:00,2024-04-27 07:45:00+00:00,ETHUSDT,FAILED_LOW_CVD_DIVERGENCE,LONG,1.0,3082.84,3132.174533827608,3113.19,3062.8,3094.81,3060.9578958333336,3132.174533827608,3122.57,SIX_HOUR_CAP,5.052909275662586,-0.05341249748068222,0.3014488883204865,1.087886361837117,0.004074945251034023,0.7068092290377016,0.15577662342775955,1.6570618527641594,0.008969855984697128,0.006969855984697128,360.0
2024-04-28 19:00:00+00:00,2024-04-28 19:15:00+00:00,2024-04-28 22:35:00+00:00,ETHUSDT,FAILED_HIGH_CVD_DIVERGENCE,SHORT,-1.0,3340.86,3292.2502185942085,3365.69,3319.2,3333.55,3367.395125,3292.2502185942085,3292.2502185942085,PRIOR_VALUE_REACHED,2.8062782635120658,0.26302261217277656,0.6646060052391934,1.4561982259365107,-0.0028178535852848574,0.7976291278576882,-0.06627300470396202,2.7159107315819564,0.012389129128344112,0.010389129128344112,200.0
2024-04-29 00:00:00+00:00,2024-04-29 00:15:00+00:00,2024-04-29 02:40:00+00:00,SOLUSDT,FAILED_LOW_CVD_DIVERGENCE,LONG,1.0,137.6,142.19186111535245,138.199,136.956,138.545,136.86013333333332,142.19186111535245,136.86013333333332,BOUNDARY_EXTREME_INVALIDATED,1.346788756233856,0.012975918898040506,0.3075819649389257,0.6717663421418699,0.0045170458665042545,0.532023911187015,0.1348710330489642,0.27827781801951523,-0.01216115100990045,-0.01416115100990045,145.0
2024-04-29 14:00:00+00:00,2024-04-29 14:15:00+00:00,2024-04-29 14:30:00+00:00,BTCUSDT,FAILED_LOW_CVD_DIVERGENCE,LONG,1.0,61888.0,62758.24422910891,62577.0,61726.2,62210.1,61698.331666666665,62758.24422910891,62758.24422910891,PRIOR_VALUE_REACHED,5.329623809501644,-0.10475377656397744,0.2242777485370382,0.5805872854494442,0.003548953784555886,0.5400098183603319,0.039184712205146965,0.6939852882668159,0.008811177431139239,0.006811177431139239,15.0
2024-04-30 01:00:00+00:00,2024-04-30 01:15:00+00:00,2024-04-30 02:05:00+00:00,SOLUSDT,FAILED_HIGH_CVD_DIVERGENCE,SHORT,-1.0,138.841,135.7299809539282,139.721,137.725,138.681,139.85610208333333,135.7299809539282,135.7299809539282,PRIOR_VALUE_REACHED,1.8367786587622124,0.0034367314704031315,0.22655115438436993,0.6513593116316324,-0.0030122214234362676,0.6263079222720116,-0.008875899232558604,0.2710464542050953,0.02127918782004612,0.019279187820046118,50.0
2024-04-30 09:00:00+00:00,2024-04-30 09:15:00+00:00,2024-04-30 11:10:00+00:00,XRPUSDT,FAILED_LOW_CVD_DIVERGENCE,LONG,1.0,0.4995,0.511503127200947,0.5068,0.4988,0.5034,0.49848375,0.511503127200947,0.49848375,BOUNDARY_EXTREME_INVALIDATED,5.281928418928801,-0.046247886664989135,0.809122152054335,0.22134387351777934,0.004991016170892371,0.6944444444444204,0.029242889356455803,0.9459629098891188,-0.009766090584028553,-0.011766090584028553,115.0
2024-05-02 19:00:00+00:00,2024-05-02 19:15:00+00:00,2024-05-02 21:40:00+00:00,BTCUSDT,FAILED_HIGH_CVD_DIVERGENCE,SHORT,-1.0,59441.6,58190.26103104263,59557.4,59005.8,59079.9,59601.56270833334,58190.26103104263,59601.56270833334,BOUNDARY_EXTREME_INVALIDATED,1.8454096532885151,0.08748555248902745,0.19993515233973846,0.2622121793934428,-0.004619731408613714,0.9377564979480018,-0.06876185829531456,0.0967463983503433,-0.008829783197556784,-0.010829783197556784,145.0
2024-05-04 11:00:00+00:00,2024-05-04 11:15:00+00:00,2024-05-04 13:00:00+00:00,XRPUSDT,FAILED_HIGH_CVD_DIVERGENCE,SHORT,-1.0,0.5364,0.5267123449235775,0.5374,0.531,0.5348,0.5376404166666666,0.5267123449235775,0.5376404166666666,BOUNDARY_EXTREME_INVALIDATED,2.1197212120975317,0.12431848928592837,0.5028254148915757,0.41594454072790266,-0.0037257824143069884,0.7999999999999823,-0.0010861625253059115,0.4433343630893925,-0.005311175517327182,-0.0073111755173271824,105.0
2024-05-05 09:00:00+00:00,2024-05-05 09:15:00+00:00,2024-05-05 15:15:00+00:00,ETHUSDT,FAILED_HIGH_CVD_DIVERGENCE,SHORT,-1.0,3167.45,3119.408177652729,3171.15,3117.06,3132.36,3172.8456666666666,3119.408177652729,3151.43,SIX_HOUR_CAP,3.764761415949746,0.00968966308941166,0.7415917108134785,0.21820326321998879,-0.007094086992905813,0.924029727497929,-0.14727058885655064,0.6092051511258972,-0.00608806139779583,-0.00808806139779583,360.0
2024-05-06 01:30:00+00:00,2024-05-06 01:45:00+00:00,2024-05-06 03:15:00+00:00,SOLUSDT,FAILED_HIGH_CVD_DIVERGENCE,SHORT,-1.0,147.976,145.76899710591093,148.077,146.86,146.824,148.17535625,145.76899710591093,145.76899710591093,PRIOR_VALUE_REACHED,1.2623632073981268,0.012834770062567946,0.34008332739968217,0.10268793289699345,-0.004103670241268564,0.6519396551724047,-0.22130435286673344,0.044084820919715335,0.007185493475787896,0.005185493475787896,90.0
2024-05-06 06:30:00+00:00,2024-05-06 06:45:00+00:00,2024-05-06 08:20:00+00:00,ETHUSDT,FAILED_HIGH_CVD_DIVERGENCE,SHORT,-1.0,3178.0,3141.506214066055,3191.55,3170.95,3175.38,3193.200854166667,3141.506214066055,3193.200854166667,BOUNDARY_EXTREME_INVALIDATED,2.254190651525752,0.12602227044447112,0.15606454401860204,0.8207872187377863,-0.0025663174757739604,0.620820668693,-0.26861147390340245,0.2887523166029619,-0.005612195758198046,-0.007612195758198046,95.0
2024-05-06 10:30:00+00:00,2024-05-06 10:45:00+00:00,2024-05-06 16:45:00+00:00,SOLUSDT,FAILED_HIGH_CVD_DIVERGENCE,SHORT,-1.0,156.544,148.91960767369852,156.85,154.624,152.374,156.96597291666666,148.91960767369852,151.856,SIX_HOUR_CAP,1.9378178036740041,-0.1341659344202767,0.1348470684822671,0.26385470745682665,-0.016275541495852086,0.8633561643835621,-0.11843843759681183,0.06894762296420073,0.003399530103560977,0.001399530103560977,360.0
2024-05-06 16:00:00+00:00,2024-05-06 16:15:00+00:00,2024-05-06 17:10:00+00:00,XRPUSDT,FAILED_HIGH_CVD_DIVERGENCE,SHORT,-1.0,0.5475,0.5343584243574543,0.5594,0.5318,0.5467,0.5597414583333333,0.5343584243574543,0.5597414583333333,BOUNDARY_EXTREME_INVALIDATED,9.276111482777047,0.12675902897736901,0.50669700180283,3.4850518608907857,-0.02235336194563675,0.9124087591240895,-0.06462500143128802,16.380363655752625,-0.023854871654167553,-0.025854871654167555,55.0
2024-05-06 17:30:00+00:00,2024-05-06 17:45:00+00:00,2024-05-06 22:20:00+00:00,XRPUSDT,FAILED_HIGH_CVD_DIVERGENCE,SHORT,-1.0,0.5594,0.5405150335573812,0.57,0.5527,0.5506,0.5704083333333333,0.5405150335573812,0.5405150335573812,PRIOR_VALUE_REACHED,15.01159235987993,0.001113984289538017,1.0082832159449449,2.595918367346921,-0.01941228851291188,0.8449612403100777,-0.09254037690249006,39.29165588164567,0.01831632118165416,0.01631632118165416,275.0
2024-05-07 02:30:00+00:00,2024-05-07 02:45:00+00:00,2024-05-07 03:35:00+00:00,SOLUSDT,FAILED_HIGH_CVD_DIVERGENCE,SHORT,-1.0,157.778,152.77735756968363,157.975,156.65,156.264,158.15795416666666,152.77735756968363,152.77735756968363,PRIOR_VALUE_REACHED,1.5147629694906752,-0.08319614149518684,0.45351342648133497,0.10767724156778923,-0.0050554572196257475,0.6242138364779781,-0.12993379467947896,0.07397053335927539,0.02231251235291798,0.020312512352917977,50.0
2024-05-07 09:30:00+00:00,2024-05-07 09:45:00+00:00,2024-05-07 13:50:00+00:00,SOLUSDT,FAILED_HIGH_CVD_DIVERGENCE,SHORT,-1.0,158.955,153.98495716331882,159.194,157.8,157.88,159.38914166666666,153.98495716331882,153.98495716331882,PRIOR_VALUE_REACHED,1.8068637957114582,0.02216007771817896,0.8877341181964142,0.12247512490924153,-0.0028295689960082804,0.6045883940620771,-0.04001307069902704,0.19645189319269202,0.02467090725032406,0.022670907250324057,245.0
2024-05-07 22:30:00+00:00,2024-05-07 22:45:00+00:00,2024-05-07 23:05:00+00:00,XRPUSDT,FAILED_LOW_CVD_DIVERGENCE,LONG,1.0,0.5281,0.5384329963489497,0.5319,0.5263,0.5301,0.525959375,0.5384329963489497,0.525959375,BOUNDARY_EXTREME_INVALIDATED,2.567089438353333,-0.041592751195879574,0.3778857236280422,0.5284403669724844,0.001700680272108901,0.5625000000000303,0.049167530665459536,0.5126222708415767,-0.007811026221467676,-0.009811026221467676,20.0
2024-05-07 22:30:00+00:00,2024-05-07 22:45:00+00:00,2024-05-07 23:05:00+00:00,SOLUSDT,FAILED_LOW_CVD_DIVERGENCE,LONG,1.0,150.05,154.8224872721198,151.017,149.699,150.774,149.53288125,154.8224872721198,149.53288125,BOUNDARY_EXTREME_INVALIDATED,1.3425141217350873,0.025931221307846863,0.3667452308828219,0.2112946310997401,0.0025400287249321973,0.5013123359580115,0.08400532884113598,0.10403316223499945,-0.00823164968761192,-0.01023164968761192,20.0
2024-05-07 23:30:00+00:00,2024-05-07 23:45:00+00:00,2024-05-08 00:00:00+00:00,ETHUSDT,FAILED_LOW_CVD_DIVERGENCE,LONG,1.0,3018.0,3071.693982285045,3036.94,3005.46,3018.71,3003.4829375,3071.693982285045,3003.4829375,BOUNDARY_EXTREME_INVALIDATED,3.215766038742128,-0.10335896490802177,0.7495529176726651,0.6342743337653705,0.0024807056229327884,0.5574626865671795,0.07264535639197711,1.528846492400898,-0.0050442283293195,-0.0070442283293195,15.0
2024-05-08 00:00:00+00:00,2024-05-08 00:15:00+00:00,2024-05-08 00:35:00+00:00,ETHUSDT,FAILED_LOW_CVD_DIVERGENCE,LONG,1.0,3005.46,3068.9587708409654,3021.94,2996.53,3017.01,2994.525541666667,3068.9587708409654,2994.525541666667,BOUNDARY_EXTREME_INVALIDATED,1.6538959989875195,-0.15823352537591628,0.6495952453023073,0.44550689088905215,0.004147043650463367,0.6007714561234411,0.2761465928537574,0.4786361096438878,-0.0074525634099102955,-0.009452563409910296,20.0
2024-05-08 00:00:00+00:00,2024-05-08 00:15:00+00:00,2024-05-08 00:35:00+00:00,SOLUSDT,FAILED_LOW_CVD_DIVERGENCE,LONG,1.0,148.363,154.49050052748,149.047,147.525,148.886,147.35660208333334,154.49050052748,147.35660208333334,BOUNDARY_EXTREME_INVALIDATED,1.2048181927108454,-0.07281436855163947,0.3971370127782282,0.4976308594474863,0.005904926627570806,0.6099092812281802,0.15547802748974826,0.23810536760540524,-0.010272274872497489,-0.012272274872497489,20.0
2024-05-08 06:30:00+00:00,2024-05-08 06:45:00+00:00,2024-05-08 12:45:00+00:00,XRPUSDT,FAILED_LOW_CVD_DIVERGENCE,LONG,1.0,0.5181,0.5337809166081957,0.5222,0.5169,0.52,0.516563125,0.5337809166081957,0.5187,SIX_HOUR_CAP,2.0057208373778206,-0.14474094842610064,0.7691141830305561,0.35621521335806433,0.0036672457054622853,0.5588235294117753,0.05345601153211388,0.5495076844148763,-0.0024999999999999467,-0.004499999999999947,360.0
2024-05-08 06:30:00+00:00,2024-05-08 06:45:00+00:00,2024-05-08 08:50:00+00:00,SOLUSDT,FAILED_LOW_CVD_DIVERGENCE,LONG,1.0,146.3,153.04372646899242,148.312,145.741,147.53,145.58782083333335,153.04372646899242,145.58782083333335,BOUNDARY_EXTREME_INVALIDATED,2.62739581509717,-0.06975075905561245,0.2938324514665336,0.3649321328509632,0.008173083493924871,0.5772200772200755,0.10115841890068333,0.28173277156326104,-0.013164638830520214,-0.015164638830520214,125.0
2024-05-09 10:30:00+00:00,2024-05-09 10:45:00+00:00,2024-05-09 11:05:00+00:00,XRPUSDT,FAILED_LOW_CVD_DIVERGENCE,LONG,1.0,0.5121,0.5213079272116689,0.5155,0.5092,0.5129,0.5088941666666666,0.5213079272116689,0.5088941666666666,BOUNDARY_EXTREME_INVALIDATED,2.1440973090347324,-0.19998963376235646,0.7926639632665893,0.9482288828337895,0.0045045045045044585,0.6388888888888717,0.36407772843075814,1.6115611372529397,-0.007810164424514321,-0.009810164424514321,20.0
2024-05-09 11:30:00+00:00,2024-05-09 11:45:00+00:00,2024-05-09 15:10:00+00:00,BTCUSDT,FAILED_LOW_CVD_DIVERGENCE,LONG,1.0,60733.2,61773.21627205432,61021.5,60550.0,61124.6,60516.01458333333,61773.21627205432,61773.21627205432,PRIOR_VALUE_REACHED,2.502767511400933,-0.0020530192246148715,0.34698760388216776,0.5390547416171061,0.002960084798881546,0.7396473964739663,0.01140131987451154,0.4681309329242494,0.010611378594777232,0.008611378594777232,205.0
2024-05-09 11:30:00+00:00,2024-05-09 11:45:00+00:00,2024-05-09 17:45:00+00:00,XRPUSDT,FAILED_LOW_CVD_DIVERGENCE,LONG,1.0,0.5092,0.5206726746723223,0.5138,0.5086,0.5147,0.5082858333333334,0.5206726746723223,0.5161,SIX_HOUR_CAP,1.6809809024200393,0.02720308777558711,0.9140974564471842,0.19098143236072118,0.0035094560343147396,0.6428571428571457,0.09847316547021823,0.29345831947256223,0.002720031086069552,0.000720031086069552,360.0
2024-05-10 02:00:00+00:00,2024-05-10 02:15:00+00:00,2024-05-10 06:55:00+00:00,SOLUSDT,FAILED_HIGH_CVD_DIVERGENCE,SHORT,-1.0,153.36,146.3591798544528,154.569,152.13,152.784,154.71546458333333,146.3591798544528,154.71546458333333,BOUNDARY_EXTREME_INVALIDATED,2.054876817432213,0.1124497557866182,0.21236052438268974,0.8254555282135736,-0.003528452633295265,0.648681055155869,-0.17290932582339769,0.36020792375164656,-0.0126417987703773,-0.0146417987703773,280.0
2024-05-12 16:30:00+00:00,2024-05-12 16:45:00+00:00,2024-05-12 17:05:00+00:00,ETHUSDT,FAILED_HIGH_CVD_DIVERGENCE,SHORT,-1.0,2943.38,2922.766697731211,2954.94,2934.25,2937.21,2955.9139791666666,2922.766697731211,2922.766697731211,PRIOR_VALUE_REACHED,2.5253428090730883,0.11775133813543515,0.4774285512505863,1.1868837030223902,-0.002719661010043284,0.6608910891088974,-0.20357557574843854,1.4309909747672769,0.0049173543154180654,0.0029173543154180654,20.0
2024-05-12 21:30:00+00:00,2024-05-12 21:45:00+00:00,2024-05-13 00:35:00+00:00,SOLUSDT,FAILED_LOW_CVD_DIVERGENCE,LONG,1.0,143.611,145.3571561941044,144.735,142.198,143.72,142.11188958333335,145.3571561941044,145.3571561941044,PRIOR_VALUE_REACHED,1.8550887610842164,-0.2249761483279622,0.6901608678801328,1.640916459003678,0.00273498548783202,0.6746987951807288,0.1328125233812385,2.10088120904905,0.011391289967328078,0.009391289967328078,170.0
2024-05-13 09:30:00+00:00,2024-05-13 09:45:00+00:00,2024-05-13 15:45:00+00:00,ETHUSDT,FAILED_HIGH_CVD_DIVERGENCE,SHORT,-1.0,2987.8,2920.77705507446,2996.44,2971.87,2979.76,2997.9064375000003,2920.77705507446,2962.64,SIX_HOUR_CAP,2.516293594858865,0.06039948089494973,0.21054598402768993,0.589182968929795,-0.0016015868442037506,0.5597189695550077,-0.14498611095912717,0.31214649211559015,0.005745429162080318,0.0037454291620803177,360.0
2024-05-15 01:00:00+00:00,2024-05-15 01:15:00+00:00,2024-05-15 07:15:00+00:00,SOLUSDT,FAILED_LOW_CVD_DIVERGENCE,LONG,1.0,141.762,145.16843018909492,143.489,141.1,142.588,140.96445,145.16843018909492,143.38,SIX_HOUR_CAP,1.3050483417622345,-0.14516930878825451,0.5894598055580271,0.4883806713389932,0.006693024569330852,0.9230769230769167,0.09533786879152673,0.3756983287773494,0.005554464611327692,0.003554464611327692,360.0
2024-05-15 10:00:00+00:00,2024-05-15 10:15:00+00:00,2024-05-15 11:30:00+00:00,ETHUSDT,FAILED_HIGH_CVD_DIVERGENCE,SHORT,-1.0,2925.0,2895.6505837569084,2932.99,2894.59,2909.13,2934.462145833333,2895.6505837569084,2895.6505837569084,PRIOR_VALUE_REACHED,3.8122524911344193,0.056483285924215476,0.3078369804276311,0.5427451424366216,-0.0033198347277324514,0.5459154929577495,-0.1493734403581849,0.6369398077771762,0.0046334870710802445,0.0026334870710802444,75.0
2024-05-15 15:30:00+00:00,2024-05-15 15:45:00+00:00,2024-05-15 17:45:00+00:00,SOLUSDT,FAILED_HIGH_CVD_DIVERGENCE,SHORT,-1.0,153.118,146.0545012901755,154.04,152.418,151.95,154.16690416666665,146.0545012901755,154.16690416666665,BOUNDARY_EXTREME_INVALIDATED,3.666356622039103,0.0865523078201198,0.5450449514029366,0.7265324884263031,-0.009891312846977862,0.8456824512534882,-0.09608334384177508,1.4518510623119203,-0.014589695075134301,-0.016589695075134303,120.0
2024-05-15 18:30:00+00:00,2024-05-15 18:45:00+00:00,2024-05-15 19:45:00+00:00,SOLUSDT,FAILED_HIGH_CVD_DIVERGENCE,SHORT,-1.0,154.196,147.7150411018267,154.735,153.376,152.824,154.86782916666667,147.7150411018267,154.86782916666667,BOUNDARY_EXTREME_INVALIDATED,1.4814797775291801,0.05633743644630096,0.5150720719357462,0.4057843721572309,-0.01043798078168301,0.9510324483775818,-0.031148579687599542,0.30964141767655057,-0.013373744743408356,-0.015373744743408356,60.0
2024-05-17 08:30:00+00:00,2024-05-17 08:45:00+00:00,2024-05-17 12:50:00+00:00,ETHUSDT,FAILED_HIGH_CVD_DIVERGENCE,SHORT,-1.0,3032.71,2971.227585168508,3060.0,3016.29,3030.74,3061.6474791666665,2971.227585168508,3061.6474791666665,BOUNDARY_EXTREME_INVALIDATED,6.301602516351496,0.08762392937742214,0.49429914591158514,1.6564701121663106,-0.005241719756721275,0.8784378437844004,-0.12033046462903152,5.159700225719361,-0.01019799757374984,-0.01219799757374984,245.0
2024-05-17 08:30:00+00:00,2024-05-17 08:45:00+00:00,2024-05-17 14:45:00+00:00,SOLUSDT,FAILED_HIGH_CVD_DIVERGENCE,SHORT,-1.0,169.826,161.70908842221485,170.0,168.435,168.126,170.18114791666667,161.70908842221485,167.211,SIX_HOUR_CAP,2.5280529375384133,-0.036513582741251605,0.5115464960590212,0.09605409943531783,-0.004623846258592024,0.637551020408171,-0.1638596629030048,0.12421875800574764,0.0054423468113200535,0.0034423468113200534,360.0
2024-05-17 13:30:00+00:00,2024-05-17 13:45:00+00:00,2024-05-17 14:30:00+00:00,ETHUSDT,FAILED_HIGH_CVD_DIVERGENCE,SHORT,-1.0,3082.89,2988.3969671692735,3087.62,3067.11,3056.14,3089.3060625,2988.3969671692735,3089.3060625,BOUNDARY_EXTREME_INVALIDATED,4.326241549455991,-0.11492771497357823,0.16882412520897602,0.2805352707862264,-0.004919820919821016,0.7264423076923233,-0.2041108633752785,0.20489565244409247,-0.01085227198361327,-0.012852271983613271,45.0
2024-05-17 16:30:00+00:00,2024-05-17 16:45:00+00:00,2024-05-17 22:45:00+00:00,XRPUSDT,FAILED_HIGH_CVD_DIVERGENCE,SHORT,-1.0,0.5268,0.5192281462786099,0.5291,0.5246,0.526,0.5293254166666667,0.5192281462786099,0.5235,SIX_HOUR_CAP,4.056804962872894,0.022638940853717093,0.5290542251833515,1.0203327171903778,-0.002086890533105623,0.7857142857143027,-0.043132290626301084,2.1899093033395105,0.004752851711026684,0.0027528517110266843,360.0
2024-05-17 16:30:00+00:00,2024-05-17 16:45:00+00:00,2024-05-17 22:45:00+00:00,SOLUSDT,FAILED_HIGH_CVD_DIVERGENCE,SHORT,-1.0,170.929,164.132307603637,172.0,168.916,169.316,172.16821875,164.132307603637,168.313,SIX_HOUR_CAP,3.2572540918018533,0.14001459524593618,0.5032576286399181,0.6366710013003888,-0.006524749454315026,0.7574931880108865,-0.19232621155958352,1.0436552798045615,0.0059238347232394295,0.0039238347232394295,360.0
2024-05-18 12:00:00+00:00,2024-05-18 12:15:00+00:00,2024-05-18 18:15:00+00:00,ETHUSDT,FAILED_HIGH_CVD_DIVERGENCE,SHORT,-1.0,3142.35,3092.0930208944364,3146.36,3132.45,3128.0,3147.828666666667,3092.0930208944364,3110.58,SIX_HOUR_CAP,1.4829987695981504,-0.07219761031506655,0.6385622091186509,0.27303676804359284,-0.0015481111448042428,0.5900243309002466,-0.2450950049490771,0.25856226178692104,0.005569053708439964,0.003569053708439964,360.0
2024-05-19 13:30:00+00:00,2024-05-19 13:45:00+00:00,2024-05-19 15:15:00+00:00,ETHUSDT,FAILED_LOW_CVD_DIVERGENCE,LONG,1.0,3072.55,3108.0365151530937,3082.74,3068.05,3080.27,3066.9321458333334,3108.0365151530937,3066.9321458333334,BOUNDARY_EXTREME_INVALIDATED,1.8712571514175773,-0.05734696176103049,0.258635857267104,0.402556982313585,0.0034531399140624863,0.739706908583389,0.05153729223645964,0.1948271924729342,-0.0043300925459996975,-0.0063300925459996975,90.0
2024-05-19 17:00:00+00:00,2024-05-19 17:15:00+00:00,2024-05-19 19:05:00+00:00,XRPUSDT,FAILED_LOW_CVD_DIVERGENCE,LONG,1.0,0.5104,0.5177580858493007,0.5118,0.5088,0.511,0.5086475,0.5177580858493007,0.5086475,BOUNDARY_EXTREME_INVALIDATED,2.111494060438054,0.019011915736329987,0.9285762542345155,1.0491803278688077,0.0021572857423024505,0.5789473684210434,0.13792798572495646,2.05711029033958,-0.004603718199608586,-0.006603718199608586,110.0
2024-05-19 17:00:00+00:00,2024-05-19 17:15:00+00:00,2024-05-19 21:35:00+00:00,ETHUSDT,FAILED_LOW_CVD_DIVERGENCE,LONG,1.0,3061.0,3100.1051428185874,3069.98,3056.14,3067.75,3055.00625,3100.1051428185874,3055.00625,BOUNDARY_EXTREME_INVALIDATED,1.95684387681202,-0.10209421421564369,0.3237555744563485,0.42866593164279015,0.002012026430710856,0.6292134831460549,0.04286447674226457,0.27157663430290535,-0.004154103170075807,-0.006154103170075807,260.0
2024-05-19 20:00:00+00:00,2024-05-19 20:15:00+00:00,2024-05-19 21:35:00+00:00,XRPUSDT,FAILED_LOW_CVD_DIVERGENCE,LONG,1.0,0.5074,0.5162581540506507,0.5094,0.5068,0.5088,0.5066358333333334,0.5162581540506507,0.5066358333333334,BOUNDARY_EXTREME_INVALIDATED,1.0648160655951966,-0.06051838129834297,0.42649061896052204,0.36548223350249687,0.0027591643673632316,0.6363636363636731,0.2280586402976954,0.16597793161635607,-0.0042534722222221655,-0.0062534722222221655,80.0
2024-05-19 22:00:00+00:00,2024-05-19 22:15:00+00:00,2024-05-20 01:35:00+00:00,ETHUSDT,FAILED_LOW_CVD_DIVERGENCE,LONG,1.0,3056.14,3092.183386240154,3072.92,3051.3,3075.17,3050.0226666666667,3092.183386240154,3050.0226666666667,BOUNDARY_EXTREME_INVALIDATED,1.3231461032047942,-0.14002482773342673,0.15938032035677827,0.37891440501041457,0.002023486783796491,0.6585365853658371,0.13981663421166024,0.07990677691039147,-0.008177542488165934,-0.010177542488165934,200.0
2024-05-20 05:30:00+00:00,2024-05-20 05:45:00+00:00,2024-05-20 06:55:00+00:00,ETHUSDT,FAILED_HIGH_CVD_DIVERGENCE,SHORT,-1.0,3125.0,3084.6016178472028,3138.14,3121.76,3123.19,3139.624770833333,3084.6016178472028,3084.6016178472028,PRIOR_VALUE_REACHED,3.0460950519906804,0.023111140150412934,0.581895461467835,0.8849850566164738,-0.0016813437964486866,0.5825027685492411,-0.3473445495827424,1.5686438767883237,0.012355438558908416,0.010355438558908416,70.0
2024-05-21 15:30:00+00:00,2024-05-21 15:45:00+00:00,2024-05-21 19:30:00+00:00,XRPUSDT,FAILED_HIGH_CVD_DIVERGENCE,SHORT,-1.0,0.5504,0.5360235496316986,0.5575,0.5498,0.5485,0.5578879166666667,0.5360235496316986,0.5360235496316986,PRIOR_VALUE_REACHED,9.074829895540535,0.041245634401570364,0.5405404795335774,1.8302900107411382,-0.013311746717035389,0.9250000000000073,-0.0700259061611056,8.978145206691295,0.022746491099911337,0.020746491099911335,225.0
2024-05-21 17:00:00+00:00,2024-05-21 17:15:00+00:00,2024-05-21 23:15:00+00:00,ETHUSDT,FAILED_HIGH_CVD_DIVERGENCE,SHORT,-1.0,3842.17,3610.551593658783,3849.26,3772.61,3737.08,3854.1749583333335,3610.551593658783,3803.86,SIX_HOUR_CAP,9.890856180251074,-0.0273634655714019,0.18120088123133327,0.14425351181342955,-0.010280992611033213,0.7875836883749279,-0.15299940374109977,0.25853573921101697,-0.017869566613505805,-0.019869566613505807,360.0
2024-05-23 22:00:00+00:00,2024-05-23 22:15:00+00:00,2024-05-24 01:00:00+00:00,SOLUSDT,FAILED_HIGH_CVD_DIVERGENCE,SHORT,-1.0,180.846,174.33380224115913,181.365,175.333,177.694,181.56602083333334,174.33380224115913,174.33380224115913,PRIOR_VALUE_REACHED,3.7508672303499204,0.06954917487906975,0.6019216889785793,0.2581821950461217,-0.007617643445140709,0.5399841646872521,-0.12227861226682835,0.5829052582328206,0.018910023742168325,0.016910023742168323,165.0
2024-05-26 08:30:00+00:00,2024-05-26 08:45:00+00:00,2024-05-26 09:15:00+00:00,ETHUSDT,FAILED_HIGH_CVD_DIVERGENCE,SHORT,-1.0,3797.94,3753.7851883809667,3815.0,3778.63,3789.91,3816.4270208333332,3753.7851883809667,3816.4270208333332,BOUNDARY_EXTREME_INVALIDATED,1.6831716183804255,0.08043245698245038,0.4870454115363623,1.1954976130341424,-0.0035468265236368035,0.6065647482014555,-0.1118304972152453,0.9800462449221913,-0.006996741567302012,-0.008996741567302012,30.0
2024-05-26 09:30:00+00:00,2024-05-26 09:45:00+00:00,2024-05-26 11:15:00+00:00,ETHUSDT,FAILED_HIGH_CVD_DIVERGENCE,SHORT,-1.0,3815.0,3758.7215832901143,3818.97,3795.49,3798.58,3820.4467499999996,3758.7215832901143,3820.4467499999996,BOUNDARY_EXTREME_INVALIDATED,1.2830288607352018,0.038644575098392586,0.44307009047139734,0.26883358726932766,-0.002099002514074466,0.6057619408643066,-0.09959681920571306,0.15282428997536632,-0.005756559029953312,-0.007756559029953312,90.0
2024-05-26 18:30:00+00:00,2024-05-26 18:45:00+00:00,2024-05-26 21:35:00+00:00,SOLUSDT,FAILED_LOW_CVD_DIVERGENCE,LONG,1.0,161.5,164.90466067903677,162.254,161.21,161.923,161.10828333333333,164.90466067903677,161.10828333333333,BOUNDARY_EXTREME_INVALIDATED,1.3650282168019165,0.0037094832558892676,0.3844715430446018,0.2851056857283231,0.0024516025184644352,0.7586206896552137,0.07138270026655658,0.14962759927495314,-0.005031506744975545,-0.007031506744975545,170.0
2024-05-27 07:30:00+00:00,2024-05-27 07:45:00+00:00,2024-05-27 08:45:00+00:00,XRPUSDT,FAILED_LOW_CVD_DIVERGENCE,LONG,1.0,0.5248,0.532211520576029,0.526,0.5239,0.528,0.5236979166666667,0.532211520576029,0.532211520576029,PRIOR_VALUE_REACHED,1.1784138877803092,-0.0630610789425804,0.18016648246271214,0.4453608247422725,0.006864988558352492,0.9000000000000111,0.2489203946548053,0.09455486179394507,0.007976364727327656,0.005976364727327656,60.0
2024-05-27 16:30:00+00:00,2024-05-27 16:45:00+00:00,2024-05-27 17:15:00+00:00,SOLUSDT,FAILED_HIGH_CVD_DIVERGENCE,SHORT,-1.0,171.564,165.6351231603351,172.2,171.06,171.152,172.32017291666665,165.6351231603351,172.32017291666665,BOUNDARY_EXTREME_INVALIDATED,2.2199973746604864,-0.06003810985982583,0.15901664693017184,0.529237383631225,-0.0036674389633374327,0.5185185185185367,-0.0940770220944368,0.18682954932664603,-0.006825353584338334,-0.008825353584338334,30.0
2024-05-27 17:30:00+00:00,2024-05-27 17:45:00+00:00,2024-05-27 23:45:00+00:00,SOLUSDT,FAILED_HIGH_CVD_DIVERGENCE,SHORT,-1.0,172.2,166.27174200968884,172.412,171.366,171.783,172.53402708333334,166.27174200968884,169.493,SIX_HOUR_CAP,1.338886800119943,-0.08390270172834502,0.4070649301334093,0.17373192426546163,-0.0022477783585990174,0.7301886792452823,-0.06581168347367317,0.0946863069527206,0.013330771962301258,0.011330771962301258,360.0
2024-05-29 02:30:00+00:00,2024-05-29 02:45:00+00:00,2024-05-29 07:30:00+00:00,BTCUSDT,FAILED_HIGH_CVD_DIVERGENCE,SHORT,-1.0,68921.6,68181.0327689342,68983.0,68479.2,68668.6,69019.57666666666,68181.0327689342,68181.0327689342,PRIOR_VALUE_REACHED,1.4332218412197366,0.3473448856788439,0.13047229556861248,0.16786658160938922,-0.004091329022040235,0.8782689912826707,-0.2638084045398792,0.031390336267572844,0.007100293745115116,0.005100293745115116,285.0
2024-05-29 16:30:00+00:00,2024-05-29 16:45:00+00:00,2024-05-29 22:45:00+00:00,BTCUSDT,FAILED_LOW_CVD_DIVERGENCE,LONG,1.0,67273.0,68100.84622151214,67578.5,67129.0,67647.0,67098.5125,68100.84622151214,67751.2,SIX_HOUR_CAP,3.2611525834426267,-0.002448722577091833,0.6501123213862641,0.47232472324723246,0.003786810858294354,0.9406561002579962,0.28273780021061556,1.0013829556506915,0.0015403491655210377,-0.0004596508344789623,360.0
2024-05-29 21:30:00+00:00,2024-05-29 21:45:00+00:00,2024-05-30 03:45:00+00:00,XRPUSDT,FAILED_LOW_CVD_DIVERGENCE,LONG,1.0,0.5215,0.5283816248383341,0.5237,0.5202,0.5243,0.5199447916666666,0.5283816248383341,0.527,SIX_HOUR_CAP,2.7814721788488113,-0.02023166849500624,0.5758192264040136,0.5093877551020285,0.002677376171351886,0.5833333333333256,0.38987282026093206,0.8158482438957693,0.005149723440778242,0.003149723440778242,360.0
2024-05-30 07:30:00+00:00,2024-05-30 07:45:00+00:00,2024-05-30 07:55:00+00:00,XRPUSDT,FAILED_LOW_CVD_DIVERGENCE,LONG,1.0,0.5162,0.5266804848491609,0.5198,0.5157,0.5202,0.515434375,0.5266804848491609,0.515434375,BOUNDARY_EXTREME_INVALIDATED,3.221306478038713,0.03147305429477543,0.33970511977766116,0.18823529411762577,0.002698535080956077,0.6363636363635905,0.28556435561304916,0.2059848099694255,-0.009161139946174512,-0.011161139946174512,10.0
2024-05-30 07:30:00+00:00,2024-05-30 07:45:00+00:00,2024-05-30 07:55:00+00:00,ETHUSDT,FAILED_LOW_CVD_DIVERGENCE,LONG,1.0,3735.04,3787.4672188534873,3753.39,3732.06,3754.62,3729.8214375,3787.4672188534873,3729.8214375,BOUNDARY_EXTREME_INVALIDATED,1.586524495963208,0.05285418414088605,0.9716779547090122,0.1331211435910328,0.0026544324214619053,0.6761904761904882,0.10990567677721552,0.20521834054010935,-0.006604812870543486,-0.008604812870543486,10.0
2024-05-30 08:30:00+00:00,2024-05-30 08:45:00+00:00,2024-05-30 14:45:00+00:00,XRPUSDT,FAILED_LOW_CVD_DIVERGENCE,LONG,1.0,0.5139,0.5258820012370994,0.5173,0.5125,0.5174,0.5122285416666666,0.5258820012370994,0.5234,SIX_HOUR_CAP,4.596816435075437,-0.03506989546556061,0.44241409489799666,0.5157329240215123,0.0029075402209730594,0.9375000000000043,0.04600406804049895,1.0488441819373329,0.011596443757247776,0.009596443757247776,360.0
2024-05-30 08:30:00+00:00,2024-05-30 08:45:00+00:00,2024-05-30 13:20:00+00:00,ETHUSDT,FAILED_LOW_CVD_DIVERGENCE,LONG,1.0,3713.13,3780.877359137022,3726.0,3704.7,3725.26,3702.462708333333,3780.877359137022,3780.877359137022,PRIOR_VALUE_REACHED,2.521691582755923,-0.06450579432536852,0.8511824065044268,0.37679485985660993,0.002429881896438113,0.6978361669242784,0.10563922428562678,0.8087598384157677,0.014929792588174173,0.012929792588174173,275.0
2024-06-02 15:00:00+00:00,2024-06-02 15:15:00+00:00,2024-06-02 17:25:00+00:00,BTCUSDT,FAILED_HIGH_CVD_DIVERGENCE,SHORT,-1.0,68450.0,67913.43816148887,68545.9,68164.1,68170.0,68560.961875,67913.43816148887,67913.43816148887,PRIOR_VALUE_REACHED,2.0885924209849698,-0.07133486352907892,0.14083840138440054,0.6367069172994384,-0.0018361412335237137,0.7282229965156579,-0.10510467454701988,0.18728989783062447,0.003763559315111187,0.0017635593151111868,130.0
2024-06-02 19:30:00+00:00,2024-06-02 19:45:00+00:00,2024-06-02 21:10:00+00:00,BTCUSDT,FAILED_LOW_CVD_DIVERGENCE,LONG,1.0,67410.0,67947.4959642774,67800.0,67296.3,67742.5,67278.375,67947.4959642774,67947.4959642774,PRIOR_VALUE_REACHED,2.8417861757761127,-0.17645860402841773,0.4564433016671084,0.6343096234309493,0.0017390044199696586,0.7557840616966672,0.030200639878275926,0.822772060790796,0.0030261056836904388,0.0010261056836904387,85.0
2024-06-04 08:30:00+00:00,2024-06-04 08:45:00+00:00,2024-06-04 09:00:00+00:00,XRPUSDT,FAILED_HIGH_CVD_DIVERGENCE,SHORT,-1.0,0.5235,0.5206985391135817,0.5253,0.5195,0.5219,0.525479375,0.5206985391135817,0.5206985391135817,PRIOR_VALUE_REACHED,5.453159693691696,0.1428645426212234,0.5335474043908475,1.0034843205575077,-0.00229401644045113,0.6666666666666461,-0.24710443815817984,2.9196568978600554,0.0023020902211503547,0.0003020902211503546,15.0
2024-06-04 19:00:00+00:00,2024-06-04 19:15:00+00:00,2024-06-04 22:15:00+00:00,SOLUSDT,FAILED_HIGH_CVD_DIVERGENCE,SHORT,-1.0,170.195,166.69611815191675,170.5,169.717,169.213,170.5864,166.69611815191675,170.5864,BOUNDARY_EXTREME_INVALIDATED,1.3160057051228344,0.07391352423783704,0.22579667514375565,0.3530092592592683,-0.004436155253667029,0.950819672131164,-0.09937765672154508,0.10489659996472452,-0.008116397676301457,-0.010116397676301457,180.0
2024-06-05 02:00:00+00:00,2024-06-05 02:15:00+00:00,2024-06-05 07:45:00+00:00,BTCUSDT,FAILED_HIGH_CVD_DIVERGENCE,SHORT,-1.0,71146.4,69974.75473088695,71389.8,70929.3,70820.0,71420.21416666667,69974.75473088695,71420.21416666667,BOUNDARY_EXTREME_INVALIDATED,3.2127230935081506,-0.005684733204751935,0.11918142172985845,0.8002849549278324,-0.002825936663536033,0.5632893628964228,-0.028431471309170897,0.3064266330871107,-0.008475207097806692,-0.010475207097806692,330.0
2024-06-05 16:30:00+00:00,2024-06-05 16:45:00+00:00,2024-06-05 22:45:00+00:00,SOLUSDT,FAILED_HIGH_CVD_DIVERGENCE,SHORT,-1.0,175.292,172.09555315510232,175.784,174.33,174.24,175.8963375,172.09555315510232,173.927,SIX_HOUR_CAP,2.848288081355528,0.025431372247284978,0.5581749152575491,0.4379659508178386,-0.005002398410196673,0.8225352112676119,-0.16001835192630698,0.6962970829440926,0.001796372819100167,-0.00020362718089983294,360.0
2024-06-05 16:30:00+00:00,2024-06-05 16:45:00+00:00,2024-06-05 19:15:00+00:00,BTCUSDT,FAILED_HIGH_CVD_DIVERGENCE,SHORT,-1.0,71792.0,70917.6492436183,71824.4,71443.3,71565.4,71855.341875,70917.6492436183,70917.6492436183,PRIOR_VALUE_REACHED,2.898866713837461,-0.01712036287114782,1.254309562870681,0.10471246490393422,-0.0017324688657770482,0.5233881163085129,-0.1895997476303216,0.38074250573749363,0.009051172163946464,0.007051172163946464,150.0
2024-06-05 23:30:00+00:00,2024-06-05 23:45:00+00:00,2024-06-06 05:45:00+00:00,XRPUSDT,FAILED_LOW_CVD_DIVERGENCE,LONG,1.0,0.5247,0.5279412295758205,0.5263,0.5236,0.526,0.5234114583333332,0.5279412295758205,0.5249,SIX_HOUR_CAP,1.7008408081633015,-0.266232243167715,0.5301902815551361,0.5834254143646929,0.0015232292460014563,0.7272727272727548,0.20497103832947872,0.5261151082378136,-0.0020912547528516567,-0.004091254752851657,360.0
2024-06-06 07:00:00+00:00,2024-06-06 07:15:00+00:00,2024-06-06 12:35:00+00:00,XRPUSDT,FAILED_LOW_CVD_DIVERGENCE,LONG,1.0,0.5227,0.5278273114541775,0.5239,0.5225,0.524,0.5223133333333333,0.5278273114541775,0.5278273114541775,PRIOR_VALUE_REACHED,1.3978643875924213,0.02209008445469185,0.28909847338985956,0.10714285714290467,0.0013376648194152185,0.5833333333333719,0.20015939952613393,0.04329862076348563,0.007304029492705144,0.005304029492705144,320.0
2024-06-09 03:30:00+00:00,2024-06-09 03:45:00+00:00,2024-06-09 09:45:00+00:00,SOLUSDT,FAILED_LOW_CVD_DIVERGENCE,LONG,1.0,157.023,160.40414313771407,157.427,156.504,157.601,156.41589374999998,160.40414313771407,159.668,SIX_HOUR_CAP,1.149516389023739,-0.2446732666852165,0.8852530088739157,0.5890615024473359,0.004711147377949976,0.5828075709779211,0.17255058051288508,0.5994365496966532,0.013115399013965634,0.011115399013965634,360.0
2024-06-09 18:30:00+00:00,2024-06-09 18:45:00+00:00,2024-06-10 00:45:00+00:00,BTCUSDT,FAILED_HIGH_CVD_DIVERGENCE,SHORT,-1.0,69821.1,69454.38862816012,69879.0,69625.6,69719.6,69889.56020833334,69454.38862816012,69521.1,SIX_HOUR_CAP,1.4769114165191912,0.21482923432143108,0.13846798788477963,0.5482846376925478,-0.001246300493076613,0.7038834951455979,-0.25093104014623646,0.11212692358463944,0.0028471190310902506,0.0008471190310902505,360.0
2024-06-10 08:00:00+00:00,2024-06-10 08:15:00+00:00,2024-06-10 14:15:00+00:00,ETHUSDT,FAILED_LOW_CVD_DIVERGENCE,LONG,1.0,3660.0,3694.8361136329922,3673.54,3642.6,3664.02,3641.7007083333333,3694.8361136329922,3666.0,SIX_HOUR_CAP,3.4389167111748846,-0.18005553589413004,0.6203599379902007,1.934856136774328,0.004072170033651679,0.8076086956521769,0.24658043553243858,4.127756602208482,0.0005403900633729197,-0.0014596099366270803,360.0
2024-06-10 08:00:00+00:00,2024-06-10 08:15:00+00:00,2024-06-10 14:15:00+00:00,SOLUSDT,FAILED_LOW_CVD_DIVERGENCE,LONG,1.0,158.375,160.67228708184163,159.098,157.466,159.118,157.39137708333334,160.67228708184163,158.457,SIX_HOUR_CAP,2.09255014939585,-0.1461933573932297,0.4607553406771906,1.2181244590859475,0.009362987021225289,0.8770053475935862,0.27265111343180237,1.17445915187109,-0.004154149750499658,-0.006154149750499658,360.0
2024-06-10 16:00:00+00:00,2024-06-10 16:15:00+00:00,2024-06-10 18:40:00+00:00,XRPUSDT,FAILED_HIGH_CVD_DIVERGENCE,SHORT,-1.0,0.5044,0.4979576411615669,0.5061,0.5023,0.5035,0.5062779166666667,0.4979576411615669,0.4979576411615669,PRIOR_VALUE_REACHED,2.8023503300843178,0.12602788074963067,0.17258109870007618,0.9555035128805844,-0.0021799445105035176,0.55000000000005,-0.17578264523900888,0.46211274275096365,0.011007664028665487,0.009007664028665487,145.0
2024-06-13 04:00:00+00:00,2024-06-13 04:15:00+00:00,2024-06-13 10:15:00+00:00,BTCUSDT,FAILED_LOW_CVD_DIVERGENCE,LONG,1.0,67200.0,68658.16599562722,67502.3,66957.0,67636.8,66919.39791666667,68658.16599562722,67295.3,SIX_HOUR_CAP,6.641005703282959,-0.011769621178450707,0.7001500986332964,0.6462407889633784,0.00245586628941874,0.6477716966379797,0.08432518246992626,3.0048263122581025,-0.005049026565420056,-0.007049026565420056,360.0
2024-06-13 04:00:00+00:00,2024-06-13 04:15:00+00:00,2024-06-13 09:35:00+00:00,ETHUSDT,FAILED_LOW_CVD_DIVERGENCE,LONG,1.0,3492.1,3575.396505869517,3504.34,3476.26,3510.98,3473.9880000000003,3575.396505869517,3473.9880000000003,BOUNDARY_EXTREME_INVALIDATED,4.015488271907408,-0.015563052009844314,0.795331472059222,0.6971830985915363,0.0021779154238086296,0.5317073170731649,0.14393659602111164,2.226554757992447,-0.01053608963879027,-0.01253608963879027,320.0
2024-06-13 12:00:00+00:00,2024-06-13 12:15:00+00:00,2024-06-13 14:30:00+00:00,SOLUSDT,FAILED_LOW_CVD_DIVERGENCE,LONG,1.0,149.607,155.59096521695966,150.76,149.0,150.262,148.84031875,155.59096521695966,148.84031875,BOUNDARY_EXTREME_INVALIDATED,2.4378959420120268,-0.11433330883601112,0.4656753560641907,0.38013229480605887,0.0045795810853273,0.6954314720812109,0.1345207865383644,0.43155205318861467,-0.009461349176771328,-0.011461349176771328,135.0
2024-06-13 14:30:00+00:00,2024-06-13 14:45:00+00:00,2024-06-13 15:10:00+00:00,SOLUSDT,FAILED_LOW_CVD_DIVERGENCE,LONG,1.0,149.0,154.2508854107512,150.303,148.471,149.817,148.32010625,154.2508854107512,148.32010625,BOUNDARY_EXTREME_INVALIDATED,2.877636552470819,-0.09389864645357804,0.15775449093336633,0.350577807231908,0.006111196921568363,0.532163742690054,0.019792633161362927,0.1591483327218666,-0.009991481273820768,-0.011991481273820768,25.0
2024-06-15 13:00:00+00:00,2024-06-15 13:15:00+00:00,2024-06-15 14:00:00+00:00,ETHUSDT,FAILED_HIGH_CVD_DIVERGENCE,SHORT,-1.0,3557.54,3466.8905565952928,3566.8,3536.94,3550.0,3568.9850208333337,3466.8905565952928,3568.9850208333337,BOUNDARY_EXTREME_INVALIDATED,3.2941982532130005,0.12375696262337388,0.5512904110578166,0.4237945862453731,-0.003950528607663095,0.8272620446533456,-0.321626570487737,0.7696363577822086,-0.0053478931924884066,-0.007347893192488407,45.0
2024-06-15 14:00:00+00:00,2024-06-15 14:15:00+00:00,2024-06-15 15:15:00+00:00,ETHUSDT,FAILED_HIGH_CVD_DIVERGENCE,SHORT,-1.0,3566.8,3470.149589015657,3571.85,3553.08,3558.99,3574.0529375,3470.149589015657,3574.0529375,BOUNDARY_EXTREME_INVALIDATED,1.801829215108476,0.04116890791161909,0.617196906840372,0.22923936788945304,-0.0025811333445434625,0.6807095343680636,-0.2540788765550481,0.2549332998329957,-0.004232362973765058,-0.006232362973765058,60.0
2024-06-16 22:30:00+00:00,2024-06-16 22:45:00+00:00,2024-06-17 01:20:00+00:00,BTCUSDT,FAILED_HIGH_CVD_DIVERGENCE,SHORT,-1.0,66780.0,66447.57969752181,66960.3,66510.6,66645.7,66973.24437500001,66447.57969752181,66447.57969752181,PRIOR_VALUE_REACHED,3.299855160856149,0.1546322989883102,0.3221626895601541,1.3928830090290336,-0.0010058039836433608,0.5165511932255682,-0.1549071448726177,1.4807602958397228,0.0029727394637341087,0.0009727394637341086,155.0
2024-06-17 08:00:00+00:00,2024-06-17 08:15:00+00:00,2024-06-17 08:45:00+00:00,XRPUSDT,FAILED_HIGH_CVD_DIVERGENCE,SHORT,-1.0,0.4994,0.4907946475187455,0.5009,0.4855,0.4962,0.501171875,0.4907946475187455,0.4907946475187455,PRIOR_VALUE_REACHED,9.828998296461831,0.03826413795819383,0.6415460612470775,0.5517241379310351,-0.0058104588258866,0.630434782608692,-0.03559228667893144,3.4790373203306646,0.010893495528525698,0.008893495528525698,30.0
2024-06-17 09:30:00+00:00,2024-06-17 09:45:00+00:00,2024-06-17 10:10:00+00:00,XRPUSDT,FAILED_HIGH_CVD_DIVERGENCE,SHORT,-1.0,0.5009,0.49195448752258397,0.5041,0.4944,0.4973,0.5044070833333333,0.49195448752258397,0.49195448752258397,PRIOR_VALUE_REACHED,5.768776535274257,0.1556071504857488,0.677420486377264,1.042062415196738,-0.009559848635729895,0.7868852459016424,-0.17587774344832807,4.072262588954274,0.010749069932467381,0.008749069932467381,25.0
2024-06-17 14:30:00+00:00,2024-06-17 14:45:00+00:00,2024-06-17 17:35:00+00:00,BTCUSDT,FAILED_LOW_CVD_DIVERGENCE,LONG,1.0,65165.0,66152.71227021246,65541.3,65094.9,65706.1,65073.04,66152.71227021246,66152.71227021246,PRIOR_VALUE_REACHED,2.587788018897623,0.03084489328355522,0.13001211970373225,0.3206770356816035,0.00276230024830193,0.6807070327191096,0.0861396125071745,0.107889802279157,0.006797120361921483,0.004797120361921483,170.0
2024-06-19 21:30:00+00:00,2024-06-19 21:45:00+00:00,2024-06-19 23:05:00+00:00,SOLUSDT,FAILED_LOW_CVD_DIVERGENCE,LONG,1.0,134.658,138.18561173819995,135.593,134.58,135.814,134.44332916666667,138.18561173819995,134.44332916666667,BOUNDARY_EXTREME_INVALIDATED,1.151815021952686,0.1210158459951165,0.9048902463683454,0.05707143074904394,0.0021916069570606656,0.5857988165680357,0.16182737096418398,0.05948362205604314,-0.010092264665890971,-0.012092264665890971,80.0
2024-06-20 16:30:00+00:00,2024-06-20 16:45:00+00:00,2024-06-20 22:45:00+00:00,SOLUSDT,FAILED_LOW_CVD_DIVERGENCE,LONG,1.0,132.427,136.20906241627222,133.554,131.8,133.69,131.65445208333335,136.20906241627222,133.625,SIX_HOUR_CAP,3.381811968891615,-0.06706543990627511,0.4535577559998139,0.43078596682076453,0.010002568635450126,0.7001586462189265,0.09625252939737439,0.6607597834519483,-0.0004861994165606953,-0.0024861994165606954,360.0
2024-06-21 14:00:00+00:00,2024-06-21 14:15:00+00:00,2024-06-21 20:15:00+00:00,BTCUSDT,FAILED_LOW_CVD_DIVERGENCE,LONG,1.0,63485.0,64509.68434118507,63860.0,63361.2,63799.0,63334.94895833333,64509.68434118507,64257.0,SIX_HOUR_CAP,4.556626354904113,-0.0762219844910379,0.31520365470929157,0.47160033332011636,0.0032219970091564853,0.5465457455321436,0.04335620063236156,0.6773431848833604,0.007178795905891988,0.005178795905891988,360.0
2024-06-21 14:00:00+00:00,2024-06-21 14:15:00+00:00,2024-06-21 14:50:00+00:00,SOLUSDT,FAILED_LOW_CVD_DIVERGENCE,LONG,1.0,129.522,132.8997386263136,130.861,129.31,130.96,129.19141041666666,132.8997386263136,132.8997386263136,PRIOR_VALUE_REACHED,2.440172061664374,0.003591077139442511,0.15726942252126197,0.17876780914567883,0.006347303548650096,0.5812807881773584,0.1538851602979867,0.06860473013156115,0.014811687739108015,0.012811687739108015,35.0
2024-06-21 20:30:00+00:00,2024-06-21 20:45:00+00:00,2024-06-22 00:45:00+00:00,ETHUSDT,FAILED_HIGH_CVD_DIVERGENCE,SHORT,-1.0,3537.41,3496.5683771360636,3546.66,3528.96,3519.2,3548.7867499999998,3496.5683771360636,3496.5683771360636,PRIOR_VALUE_REACHED,1.4860218064684245,-0.006290400927638329,0.34854919686064123,0.4349359351122608,-0.0031329137230686754,0.8547140649150196,-0.3245717546139637,0.22527581009748268,0.006430899881773144,0.004430899881773144,240.0
2024-06-22 06:30:00+00:00,2024-06-22 06:45:00+00:00,2024-06-22 12:45:00+00:00,SOLUSDT,FAILED_HIGH_CVD_DIVERGENCE,SHORT,-1.0,135.9,132.12157399464877,136.679,135.654,135.768,136.81230416666668,132.12157399464877,134.658,SIX_HOUR_CAP,1.246895616382514,0.08440616533860168,0.49729246204657357,0.5843778326508893,-0.0041661776786763305,0.6160520607375422,-0.05085267907751723,0.36235620930431905,0.008175711507866446,0.0061757115078664455,360.0
2024-06-23 17:00:00+00:00,2024-06-23 17:15:00+00:00,2024-06-23 20:35:00+00:00,BTCUSDT,FAILED_LOW_CVD_DIVERGENCE,LONG,1.0,64007.4,64288.88350894825,64115.0,63888.0,64030.7,63880.38270833333,64288.88350894825,63880.38270833333,BOUNDARY_EXTREME_INVALIDATED,1.063312749383389,-0.2380714260375124,0.1208428159489749,1.567486256598215,0.0020438152678947663,0.9886449659348432,0.2228272828338469,0.2014121195779833,-0.0023475815767540764,-0.0043475815767540765,200.0
2024-06-23 21:30:00+00:00,2024-06-23 21:45:00+00:00,2024-06-23 23:35:00+00:00,BTCUSDT,FAILED_LOW_CVD_DIVERGENCE,LONG,1.0,63600.0,64188.65354502473,63791.6,63508.0,63829.9,63498.300208333334,64188.65354502473,63498.300208333334,BOUNDARY_EXTREME_INVALIDATED,1.682730104435513,0.06287463874315335,0.38469065633402816,0.9484739792521314,0.0016948647168399944,0.6386753400354874,0.21260177617628573,0.6139761810454614,-0.005195054224848672,-0.007195054224848672,110.0
2024-06-25 00:00:00+00:00,2024-06-25 00:15:00+00:00,2024-06-25 00:55:00+00:00,SOLUSDT,FAILED_HIGH_CVD_DIVERGENCE,SHORT,-1.0,131.979,127.00215859926548,132.579,131.325,131.718,132.75018958333334,127.00215859926548,132.75018958333334,BOUNDARY_EXTREME_INVALIDATED,1.156752488231774,-0.001954063248115534,0.39202854221869116,0.35048861520487423,-0.003924771433108765,0.6670951156812481,-0.054094307296754685,0.158939574303307,-0.007836359368752488,-0.009836359368752488,40.0
2024-06-26 02:30:00+00:00,2024-06-26 02:45:00+00:00,2024-06-26 04:45:00+00:00,SOLUSDT,FAILED_HIGH_CVD_DIVERGENCE,SHORT,-1.0,139.857,136.83643756351879,140.38,138.547,138.6,140.50662916666667,136.83643756351879,136.83643756351879,PRIOR_VALUE_REACHED,2.1206191806743675,0.022564946130078756,0.13422793507002367,0.4130170116152783,-0.003157387495594688,0.5034403669724609,-0.22214026065582282,0.11756377810863496,0.012724115703327654,0.010724115703327654,120.0
2024-06-28 02:00:00+00:00,2024-06-28 02:15:00+00:00,2024-06-28 07:50:00+00:00,ETHUSDT,FAILED_HIGH_CVD_DIVERGENCE,SHORT,-1.0,3476.6,3425.9207792796324,3487.98,3456.72,3471.06,3489.383208333333,3425.9207792796324,3425.9207792796324,PRIOR_VALUE_REACHED,3.7459750270478933,-0.03957671723559664,0.7553393546463815,0.8109986043887598,-0.003682665066922275,0.7861519607843014,-0.14553634451611575,2.294706244658039,0.013004448416439773,0.011004448416439773,335.0
2024-06-28 18:00:00+00:00,2024-06-28 18:15:00+00:00,2024-06-28 20:00:00+00:00,SOLUSDT,FAILED_LOW_CVD_DIVERGENCE,LONG,1.0,140.768,145.4532884663731,142.847,140.292,141.808,140.15188333333333,145.4532884663731,140.15188333333333,BOUNDARY_EXTREME_INVALIDATED,2.1483403505451464,-0.12288932492207727,0.1034929183046399,0.3397169025811824,0.003495761212618742,0.5035677879714603,0.050828790087756204,0.07553198089502779,-0.011678584188950292,-0.013678584188950292,105.0
2024-07-01 02:00:00+00:00,2024-07-01 02:15:00+00:00,2024-07-01 07:30:00+00:00,XRPUSDT,FAILED_HIGH_CVD_DIVERGENCE,SHORT,-1.0,0.4789,0.4739540240354498,0.4797,0.4782,0.4784,0.47983000000000003,0.4739540240354498,0.47983000000000003,BOUNDARY_EXTREME_INVALIDATED,1.3928505192958966,0.06095746690043602,0.10808254414578322,0.6153846153846323,-0.0020859407592824786,0.5,-0.242823536080496,0.0926417401478646,-0.002989130434782661,-0.004989130434782661,315.0
2024-07-01 11:30:00+00:00,2024-07-01 11:45:00+00:00,2024-07-01 17:45:00+00:00,XRPUSDT,FAILED_HIGH_CVD_DIVERGENCE,SHORT,-1.0,0.4819,0.47695050929654503,0.4849,0.4795,0.4813,0.4850539583333333,0.47695050929654503,0.4792,SIX_HOUR_CAP,5.347003173384204,0.03495545963598978,0.3329322781731579,1.9485791610284193,-0.0031068765534383314,0.8823529411764821,-0.1311232292086707,3.468841035177308,0.004363183045917318,0.002363183045917318,360.0
2024-07-04 13:30:00+00:00,2024-07-04 13:45:00+00:00,2024-07-04 18:20:00+00:00,XRPUSDT,FAILED_LOW_CVD_DIVERGENCE,LONG,1.0,0.4393,0.4598431204839929,0.4467,0.4377,0.4411,0.437323125,0.4598431204839929,0.437323125,BOUNDARY_EXTREME_INVALIDATED,11.526490509827157,-0.08034752387494748,0.15653905044242156,0.4245439469320188,0.004554771122751156,0.7142857142857086,0.09750342730230366,0.7660241212463458,-0.008562400816141458,-0.010562400816141458,275.0
2024-07-05 03:30:00+00:00,2024-07-05 03:45:00+00:00,2024-07-05 09:45:00+00:00,SOLUSDT,FAILED_LOW_CVD_DIVERGENCE,LONG,1.0,121.2,131.56724864822866,124.303,120.069,124.192,119.87409166666667,131.56724864822866,125.469,SIX_HOUR_CAP,8.85588992391603,-0.0095263420117081,0.12436434185771959,0.5802727778015305,0.006671043779231445,0.5326860841423899,0.11841734338097831,0.6390874404521625,0.010282465859314582,0.008282465859314582,360.0
2024-07-06 01:00:00+00:00,2024-07-06 01:15:00+00:00,2024-07-06 06:45:00+00:00,XRPUSDT,FAILED_HIGH_CVD_DIVERGENCE,SHORT,-1.0,0.4314,0.4094867494820007,0.4318,0.4264,0.4269,0.4323616666666667,0.4094867494820007,0.4323616666666667,BOUNDARY_EXTREME_INVALIDATED,3.324032507812847,-0.0145093799017606,0.29665219927841596,0.07121661721068445,-0.002803083391730854,0.5999999999999889,-0.10608757991374052,0.07022539256372629,-0.012793784649020035,-0.014793784649020035,330.0
2024-07-06 17:00:00+00:00,2024-07-06 17:15:00+00:00,2024-07-06 20:15:00+00:00,SOLUSDT,FAILED_HIGH_CVD_DIVERGENCE,SHORT,-1.0,143.186,136.74661224012857,143.449,142.0,141.906,143.58385,136.74661224012857,143.58385,BOUNDARY_EXTREME_INVALIDATED,2.2307243917808983,-0.03563702520789913,0.20682882470205036,0.1950315164998188,-0.0036580142809999883,0.5178926441351754,-0.08060487126224902,0.08998327133925366,-0.011823672008230757,-0.013823672008230757,180.0
2024-07-06 21:30:00+00:00,2024-07-06 21:45:00+00:00,2024-07-07 03:45:00+00:00,SOLUSDT,FAILED_HIGH_CVD_DIVERGENCE,SHORT,-1.0,143.834,138.1187436199448,144.5,142.436,143.167,144.63131041666668,138.1187436199448,141.925,SIX_HOUR_CAP,2.1593567265785834,0.04962296600534177,0.24980712045755768,0.5071951006679446,-0.004124930439621477,0.8236111111110975,-0.08346387612582584,0.2735925434813025,0.008675183526929975,0.006675183526929975,360.0
2024-07-07 21:30:00+00:00,2024-07-07 21:45:00+00:00,2024-07-07 23:00:00+00:00,XRPUSDT,FAILED_LOW_CVD_DIVERGENCE,LONG,1.0,0.4214,0.43543113966312336,0.4293,0.4207,0.4247,0.4204229166666667,0.43543113966312336,0.4204229166666667,BOUNDARY_EXTREME_INVALIDATED,2.419669056722296,-0.04455324231173019,0.1682770333420241,0.25263157894736,0.006398104265402882,0.9310344827586287,0.12255530451079522,0.1028651950824526,-0.01007083431441802,-0.01207083431441802,75.0
2024-07-07 23:00:00+00:00,2024-07-07 23:15:00+00:00,2024-07-07 23:45:00+00:00,XRPUSDT,FAILED_LOW_CVD_DIVERGENCE,LONG,1.0,0.4207,0.43408381953601366,0.4242,0.4201,0.4225,0.41981104166666666,0.43408381953601366,0.41981104166666666,BOUNDARY_EXTREME_INVALIDATED,1.0889298487278822,-0.15601438419139524,0.10387450240252173,0.2076423936553862,0.005234356412086472,0.8799999999999911,0.14622530404162415,0.023486856021706273,-0.006364398422090689,-0.008364398422090689,30.0
2024-07-08 09:30:00+00:00,2024-07-08 09:45:00+00:00,2024-07-08 14:35:00+00:00,ETHUSDT,FAILED_HIGH_CVD_DIVERGENCE,SHORT,-1.0,3064.81,2940.6428011533267,3098.0,3051.0,3049.77,3100.57725,2940.6428011533267,2940.6428011533267,PRIOR_VALUE_REACHED,5.708368194744809,-0.017126725342310634,0.6866242574879158,1.287806770782815,-0.006139587630881738,0.609117361784683,-0.08904272001942937,5.047563883557548,0.03578210778080748,0.03378210778080748,290.0
2024-07-08 09:30:00+00:00,2024-07-08 09:45:00+00:00,2024-07-08 14:35:00+00:00,SOLUSDT,FAILED_HIGH_CVD_DIVERGENCE,SHORT,-1.0,140.747,134.5211645810186,141.935,139.2,139.596,142.10426875,134.5211645810186,134.5211645810186,PRIOR_VALUE_REACHED,4.045163478838685,-0.06624272189121072,0.7661766494566448,0.7018424842151838,-0.009831042260714073,0.7173913043478177,-0.137757058261746,2.175227289890499,0.03635373090189831,0.034353730901898305,290.0
2024-07-08 13:00:00+00:00,2024-07-08 13:15:00+00:00,2024-07-08 14:35:00+00:00,XRPUSDT,FAILED_HIGH_CVD_DIVERGENCE,SHORT,-1.0,0.4415,0.42381223614493047,0.4435,0.4397,0.4392,0.443930625,0.42381223614493047,0.42381223614493047,PRIOR_VALUE_REACHED,1.8220718284816304,0.05231294830804245,0.7582605766439209,0.46444121915820014,-0.00498414136837344,0.8800000000000133,-0.21479733236406118,0.6416744199018283,0.03503589220188874,0.03303589220188874,80.0
2024-07-10 04:30:00+00:00,2024-07-10 04:45:00+00:00,2024-07-10 10:45:00+00:00,ETHUSDT,FAILED_HIGH_CVD_DIVERGENCE,SHORT,-1.0,3115.8,3067.421013192762,3125.0,3078.3,3111.1,3127.090291666667,3067.421013192762,3101.96,SIX_HOUR_CAP,4.099768941532191,0.04263787855139767,0.16592504126364918,0.4401299659138398,-0.004314179825768538,0.6388625592417098,-0.09782380983693528,0.29940031542561396,0.002937867635241509,0.0009378676352415089,360.0
2024-07-10 05:30:00+00:00,2024-07-10 05:45:00+00:00,2024-07-10 11:45:00+00:00,SOLUSDT,FAILED_HIGH_CVD_DIVERGENCE,SHORT,-1.0,145.665,141.7427654708842,146.148,144.491,143.896,146.29368333333332,141.7427654708842,142.887,SIX_HOUR_CAP,1.4472208706858756,-0.002493992346766283,0.641331366894604,0.33154101361400606,-0.006249956837314663,0.7245796637309885,-0.25072730595938897,0.30771917485278705,0.007012008672930392,0.005012008672930392,360.0
2024-07-11 02:00:00+00:00,2024-07-11 02:15:00+00:00,2024-07-11 03:25:00+00:00,XRPUSDT,FAILED_HIGH_CVD_DIVERGENCE,SHORT,-1.0,0.4424,0.4370087256700497,0.4432,0.4373,0.4413,0.4434197916666667,0.4370087256700497,0.4370087256700497,PRIOR_VALUE_REACHED,1.7300663676456522,0.0859826240225885,0.8295820588500171,0.36398104265401326,-0.003387533875338744,0.8823529411764821,-0.11901476066683181,0.5223972468056293,0.009724165714820487,0.007724165714820487,70.0
2024-07-11 13:00:00+00:00,2024-07-11 13:15:00+00:00,2024-07-11 14:15:00+00:00,SOLUSDT,FAILED_HIGH_CVD_DIVERGENCE,SHORT,-1.0,143.981,141.62543477371506,146.071,142.856,142.395,146.17623749999998,141.62543477371506,141.62543477371506,PRIOR_VALUE_REACHED,6.696325315594743,-0.06479915898814548,0.8808401116134008,1.9859840836203886,-0.008639895290874056,0.627401415571274,-0.051208751784420414,11.714112508593608,0.005404439947223949,0.003404439947223949,60.0
2024-07-12 16:00:00+00:00,2024-07-12 16:15:00+00:00,2024-07-12 16:40:00+00:00,BTCUSDT,FAILED_HIGH_CVD_DIVERGENCE,SHORT,-1.0,58188.0,57318.267769350314,58255.4,57877.9,58005.6,58287.739166666666,57318.267769350314,58287.739166666666,BOUNDARY_EXTREME_INVALIDATED,1.5374152055368164,0.0633004145552718,0.14939686301490684,0.20841600742134597,-0.0031500853255518324,0.8331818181818315,-0.13526941089506805,0.04787003251084977,-0.004863998763337873,-0.0068639987633378734,25.0
2024-07-12 17:30:00+00:00,2024-07-12 17:45:00+00:00,2024-07-12 20:20:00+00:00,ETHUSDT,FAILED_HIGH_CVD_DIVERGENCE,SHORT,-1.0,3146.7,3095.0962999741423,3156.6,3130.87,3140.03,3158.6022291666663,3095.0962999741423,3095.0962999741423,PRIOR_VALUE_REACHED,1.6267176387612399,0.14054618891219373,0.840170816820567,0.49444889550189486,-0.002411345715175206,0.5097380792477854,-0.11474572727721533,0.6757735342923339,0.014309958830284408,0.012309958830284408,155.0
2024-07-12 19:00:00+00:00,2024-07-12 19:15:00+00:00,2024-07-12 20:25:00+00:00,SOLUSDT,FAILED_HIGH_CVD_DIVERGENCE,SHORT,-1.0,139.399,136.67620465383695,140.5,138.922,139.341,140.62432916666666,136.67620465383695,136.67620465383695,PRIOR_VALUE_REACHED,1.932873888194173,0.08989830865418624,0.13040369467081042,0.8855524648949377,-0.003176306470651258,0.5298329355608312,-0.07252002796655599,0.22320694920199818,0.019124273158388827,0.017124273158388825,70.0
2024-07-14 02:00:00+00:00,2024-07-14 02:15:00+00:00,2024-07-14 04:25:00+00:00,SOLUSDT,FAILED_HIGH_CVD_DIVERGENCE,SHORT,-1.0,145.029,140.880972033463,145.133,144.163,144.414,145.21879583333333,140.880972033463,145.21879583333333,BOUNDARY_EXTREME_INVALIDATED,1.4394153687347104,-0.006762347017149062,0.4517908174003832,0.12121800786753069,-0.0031614114528689674,0.5407319952774762,-0.1513685372340463,0.07882984587754142,-0.005572838044326289,-0.007572838044326289,130.0
2024-07-14 05:30:00+00:00,2024-07-14 05:45:00+00:00,2024-07-14 08:30:00+00:00,ETHUSDT,FAILED_HIGH_CVD_DIVERGENCE,SHORT,-1.0,3200.72,3162.3111890928562,3206.09,3183.33,3193.11,3207.3404583333336,3162.3111890928562,3207.3404583333336,BOUNDARY_EXTREME_INVALIDATED,1.738951225791374,0.005991726695920407,0.6564046805874335,0.42944253773619023,-0.0019940678045562432,0.5686274509803485,-0.1742430639830289,0.49018964279486993,-0.004456613875918336,-0.006456613875918336,165.0
2024-07-14 10:00:00+00:00,2024-07-14 10:15:00+00:00,2024-07-14 16:15:00+00:00,SOLUSDT,FAILED_HIGH_CVD_DIVERGENCE,SHORT,-1.0,146.194,142.59017008609635,146.881,145.894,145.823,146.97674583333333,142.59017008609635,145.829,SIX_HOUR_CAP,3.103742146847649,-0.07120019644989906,0.3081964725549803,0.7175246964619995,-0.004553211823332681,0.7657864523536352,-0.18588793528422398,0.6863571323456954,-4.114577261482566e-05,-0.0020411457726148257,360.0
2024-07-14 10:00:00+00:00,2024-07-14 10:15:00+00:00,2024-07-14 14:35:00+00:00,ETHUSDT,FAILED_HIGH_CVD_DIVERGENCE,SHORT,-1.0,3219.87,3174.9847467556674,3224.0,3209.1,3204.0,3225.260375,3174.9847467556674,3174.9847467556674,PRIOR_VALUE_REACHED,1.1007758941303707,0.12677518309281877,0.7229387815572808,0.3276802538926986,-0.0023415703467516424,0.6084142394822153,-0.14393674119432076,0.2607658435432436,0.009055946705472051,0.007055946705472051,260.0
2024-07-14 22:00:00+00:00,2024-07-14 22:15:00+00:00,2024-07-14 23:35:00+00:00,SOLUSDT,FAILED_HIGH_CVD_DIVERGENCE,SHORT,-1.0,147.787,144.39046167744107,148.232,146.729,147.305,148.34375,144.39046167744107,148.34375,BOUNDARY_EXTREME_INVALIDATED,1.5464363319091268,0.03610330808447548,0.2013437160909349,0.39821029082773535,-0.004884211095198099,0.6713091922005441,-0.08890692072610196,0.12398884188389549,-0.0070516954617969585,-0.009051695461796959,80.0
2024-07-15 00:00:00+00:00,2024-07-15 00:15:00+00:00,2024-07-15 00:30:00+00:00,SOLUSDT,FAILED_HIGH_CVD_DIVERGENCE,SHORT,-1.0,148.25,145.07836414662853,148.5,147.179,147.04,148.60724166666665,145.07836414662853,148.60724166666665,BOUNDARY_EXTREME_INVALIDATED,1.1813533064615889,-0.1056239745997144,0.4106698962022963,0.23311834641386317,-0.003605019922478636,0.5288270377733704,-0.16580023587153447,0.11309648917774989,-0.010658607635110506,-0.012658607635110506,15.0
2024-07-15 04:30:00+00:00,2024-07-15 04:45:00+00:00,2024-07-15 05:45:00+00:00,BTCUSDT,FAILED_HIGH_CVD_DIVERGENCE,SHORT,-1.0,62777.0,60734.593053430035,62823.6,62511.0,62440.1,62857.145208333335,60734.593053430035,62857.145208333335,BOUNDARY_EXTREME_INVALIDATED,1.9161429894419486,-0.0010887465105494654,0.17089790200316343,0.13891700876304555,-0.0017506107153363315,0.6684981684981566,-0.09478869705881354,0.04549043282967604,-0.006679124606356224,-0.008679124606356224,60.0
2024-07-15 09:00:00+00:00,2024-07-15 09:15:00+00:00,2024-07-15 15:00:00+00:00,ETHUSDT,FAILED_HIGH_CVD_DIVERGENCE,SHORT,-1.0,3368.94,3268.441457354924,3371.98,3344.05,3343.15,3373.6931250000002,3268.441457354924,3373.6931250000002,BOUNDARY_EXTREME_INVALIDATED,2.09397894225937,-0.03942617602549103,0.2020195289642149,0.17745348412987755,-0.002378309341354523,0.5938897168405184,-0.07371461157861248,0.07506719616558644,-0.009136031886095575,-0.011136031886095575,345.0
2024-07-16 02:30:00+00:00,2024-07-16 02:45:00+00:00,2024-07-16 03:40:00+00:00,XRPUSDT,FAILED_HIGH_CVD_DIVERGENCE,SHORT,-1.0,0.5561,0.5347265372139984,0.5607,0.5523,0.5542,0.56120625,0.5347265372139984,0.56120625,BOUNDARY_EXTREME_INVALIDATED,3.8646816487562266,-0.01749287153844703,0.39826060666642776,0.9086419753086296,-0.006810035842294004,0.8837209302325701,-0.08343673775708216,1.3985367124599946,-0.012642096715987039,-0.014642096715987039,55.0
2024-07-16 04:30:00+00:00,2024-07-16 04:45:00+00:00,2024-07-16 06:45:00+00:00,BTCUSDT,FAILED_HIGH_CVD_DIVERGENCE,SHORT,-1.0,64936.1,63381.22506291345,64988.8,64521.3,64479.6,65025.091875000006,63381.22506291345,63381.22506291345,PRIOR_VALUE_REACHED,2.326428579913124,0.030045836040199614,0.6916469614691249,0.14521156594969098,-0.0008089035173357573,0.5512143611405066,-0.028469067844563267,0.2336551763065514,0.01703445643407442,0.015034456434074419,120.0
2024-07-16 17:00:00+00:00,2024-07-16 17:15:00+00:00,2024-07-16 23:15:00+00:00,XRPUSDT,FAILED_HIGH_CVD_DIVERGENCE,SHORT,-1.0,0.5882,0.5554803843897598,0.5946,0.5834,0.5854,0.5953116666666667,0.5554803843897598,0.5751,SIX_HOUR_CAP,6.084687029027518,0.02872788762561318,0.7442079864029716,0.8992974238875976,-0.01131565613916552,0.720430107526876,-0.1629248135677951,4.072263957371711,0.01759480696959359,0.01559480696959359,360.0
2024-07-16 18:00:00+00:00,2024-07-16 18:15:00+00:00,2024-07-17 00:15:00+00:00,SOLUSDT,FAILED_HIGH_CVD_DIVERGENCE,SHORT,-1.0,161.818,156.90400624803087,162.447,160.27,161.425,162.61715625,156.90400624803087,161.018,SIX_HOUR_CAP,2.528371041402313,-0.013698144497461762,0.6209106793406871,0.36966023875114207,-0.003869128427911872,0.6171259842519553,-0.24714776444795328,0.5803268662848255,0.002521294718909828,0.0005212947189098278,360.0
2024-07-17 11:30:00+00:00,2024-07-17 11:45:00+00:00,2024-07-17 12:50:00+00:00,XRPUSDT,FAILED_HIGH_CVD_DIVERGENCE,SHORT,-1.0,0.6192,0.5867372476768231,0.6229,0.6103,0.6126,0.623698125,0.5867372476768231,0.623698125,BOUNDARY_EXTREME_INVALIDATED,3.1675856308446213,0.007581435672035397,0.2611660867050344,0.46358653093187563,-0.013049782503624985,0.8350515463917486,-0.13066580826920937,0.3835093489102509,-0.01811642997061691,-0.02011642997061691,65.0
2024-07-17 13:30:00+00:00,2024-07-17 13:45:00+00:00,2024-07-17 19:45:00+00:00,XRPUSDT,FAILED_HIGH_CVD_DIVERGENCE,SHORT,-1.0,0.6279,0.5910300247525616,0.6343,0.6226,0.6171,0.6351427083333333,0.5910300247525616,0.616,SIX_HOUR_CAP,5.096750542889951,0.009468713244687565,0.25350488463686915,0.7594561186650132,-0.016730401529636785,0.6402439024390295,-0.11699957581885057,0.9812561578737442,0.0017825311942958333,-0.00021746880570416675,360.0
2024-07-18 13:30:00+00:00,2024-07-18 13:45:00+00:00,2024-07-18 14:50:00+00:00,ETHUSDT,FAILED_HIGH_CVD_DIVERGENCE,SHORT,-1.0,3474.33,3426.3743088979363,3487.99,3468.63,3462.88,3489.8126249999996,3426.3743088979363,3426.3743088979363,PRIOR_VALUE_REACHED,1.8486228700105123,0.03501260929690697,0.48419787016216675,0.749468486386386,-0.004060972102387095,0.5910422771033891,-0.1992309393877053,0.6708486848538133,0.01054200292879448,0.00854200292879448,65.0
2024-07-18 16:30:00+00:00,2024-07-18 16:45:00+00:00,2024-07-18 22:10:00+00:00,ETHUSDT,FAILED_LOW_CVD_DIVERGENCE,LONG,1.0,3374.53,3423.5189307807645,3401.12,3364.62,3409.92,3362.7520624999997,3423.5189307807645,3423.5189307807645,PRIOR_VALUE_REACHED,3.7251297537404207,0.029109573664512167,1.112576194080339,0.5305316692876677,0.0032451771019361697,0.6087196467991317,0.07501605439061199,2.198783560861772,0.003988049801979088,0.0019880498019790877,325.0
2024-07-18 16:30:00+00:00,2024-07-18 16:45:00+00:00,2024-07-18 19:25:00+00:00,BTCUSDT,FAILED_LOW_CVD_DIVERGENCE,LONG,1.0,63359.1,64360.380370716026,63658.5,63272.0,63776.1,63241.194375,64360.380370716026,63241.194375,BOUNDARY_EXTREME_INVALIDATED,2.142810626063084,-0.020853908758565187,0.2944108602165888,0.28274057091845545,0.0023102637000995685,0.5726529022204974,0.16872177033831437,0.17837161650156683,-0.008387242634780079,-0.010387242634780079,160.0
2024-07-19 01:30:00+00:00,2024-07-19 01:45:00+00:00,2024-07-19 07:45:00+00:00,XRPUSDT,FAILED_LOW_CVD_DIVERGENCE,LONG,1.0,0.545,0.5819043308270848,0.5525,0.54,0.5499,0.5392129166666667,0.5819043308270848,0.5496,SIX_HOUR_CAP,2.6698986602847934,-0.07781561840808782,0.29640058957048543,0.635256749602965,0.0051178943520380216,0.5384615384615336,0.1511964447657077,0.50271648724311,-0.0005455537370432362,-0.0025455537370432362,360.0
2024-07-20 22:30:00+00:00,2024-07-20 22:45:00+00:00,2024-07-21 04:45:00+00:00,SOLUSDT,FAILED_HIGH_CVD_DIVERGENCE,SHORT,-1.0,174.6,170.66235380260443,175.497,173.393,173.029,175.60994791666667,170.66235380260443,173.292,SIX_HOUR_CAP,1.6104778595242928,0.010156748264149584,0.6981582304641638,0.7941713547911261,-0.004527776499286595,0.7193784277879437,-0.30414083946207426,0.8929411537577493,-0.0015199764201376809,-0.003519976420137681,360.0
2024-07-21 14:30:00+00:00,2024-07-21 14:45:00+00:00,2024-07-21 17:05:00+00:00,XRPUSDT,FAILED_LOW_CVD_DIVERGENCE,LONG,1.0,0.5755,0.5916001032122217,0.5843,0.5737,0.5846,0.573223125,0.5916001032122217,0.5916001032122217,PRIOR_VALUE_REACHED,1.7156647372511802,0.054521423127904756,0.5129763246045108,0.3774574049803458,0.0041222947440742175,0.6315789473684057,0.18445679293366957,0.3321985224856901,0.011974175867638825,0.009974175867638825,140.0
2024-07-22 01:00:00+00:00,2024-07-22 01:15:00+00:00,2024-07-22 05:50:00+00:00,ETHUSDT,FAILED_HIGH_CVD_DIVERGENCE,SHORT,-1.0,3547.84,3491.4665000797613,3562.33,3535.76,3532.73,3564.1039791666667,3491.4665000797613,3491.4665000797613,PRIOR_VALUE_REACHED,2.2795859388557607,0.09837784996350307,0.3049889535929706,0.8168077885168593,-0.0025890059007876998,0.7347756410256457,-0.1874106758681955,0.567884414354356,0.011680343507779689,0.009680343507779689,275.0
2024-07-23 06:00:00+00:00,2024-07-23 06:15:00+00:00,2024-07-23 07:35:00+00:00,BTCUSDT,FAILED_LOW_CVD_DIVERGENCE,LONG,1.0,66351.0,67315.2337251189,66527.9,66285.6,66665.7,66253.225625,67315.2337251189,66253.225625,BOUNDARY_EXTREME_INVALIDATED,1.8372287926626005,0.11629266026414986,0.14894273058234841,0.20201162184596344,0.004001506024096324,0.6793658910764335,0.1780970434787712,0.05527883858660128,-0.006187205339477253,-0.008187205339477253,80.0
2024-07-23 07:30:00+00:00,2024-07-23 07:45:00+00:00,2024-07-23 13:35:00+00:00,BTCUSDT,FAILED_LOW_CVD_DIVERGENCE,LONG,1.0,66285.6,67235.61433859961,66628.3,66269.0,66521.2,66236.50729166667,67235.61433859961,66236.50729166667,BOUNDARY_EXTREME_INVALIDATED,1.1536768615355992,-0.19290959384093498,0.13572407987624593,0.0510883852146494,0.003278846762930554,0.6177891446433583,0.1418217588847257,0.00799950776568914,-0.004279728993664134,-0.006279728993664134,350.0
2024-07-23 14:00:00+00:00,2024-07-23 14:15:00+00:00,2024-07-23 14:40:00+00:00,SOLUSDT,FAILED_LOW_CVD_DIVERGENCE,LONG,1.0,173.7,177.97270457728408,175.536,172.1,174.887,171.93743958333332,177.97270457728408,177.97270457728408,PRIOR_VALUE_REACHED,6.105869439422976,-0.04358397452191476,0.16827028075767564,0.9842494457188938,0.006474372992944399,0.6668642560758696,0.04419230427761223,1.0112536726065988,0.017643990561242884,0.015643990561242882,25.0
2024-07-23 14:00:00+00:00,2024-07-23 14:15:00+00:00,2024-07-23 14:40:00+00:00,BTCUSDT,FAILED_LOW_CVD_DIVERGENCE,LONG,1.0,66216.1,67068.92102751693,66730.1,65921.7,66410.8,65888.81937499999,67068.92102751693,67068.92102751693,PRIOR_VALUE_REACHED,6.085536178352895,-0.07089894383621309,0.17258554708007845,0.8953601094869967,0.0051155694930440365,0.687830687830696,0.14995477461707107,0.9403748678060387,0.009909849414807992,0.007909849414807992,25.0
2024-07-23 14:00:00+00:00,2024-07-23 14:15:00+00:00,2024-07-23 16:55:00+00:00,XRPUSDT,FAILED_LOW_CVD_DIVERGENCE,LONG,1.0,0.5903,0.6061935305231358,0.5972,0.587,0.5946,0.5864152083333333,0.6061935305231358,0.5864152083333333,BOUNDARY_EXTREME_INVALIDATED,2.006319886339309,-0.09993897334324175,0.19578655130947725,0.5643035268970561,0.006602336211274817,0.764705882352945,0.056178051543262164,0.2216643231101131,-0.013765206301154964,-0.015765206301154966,160.0
2024-07-24 12:00:00+00:00,2024-07-24 12:15:00+00:00,2024-07-24 13:45:00+00:00,SOLUSDT,FAILED_HIGH_CVD_DIVERGENCE,SHORT,-1.0,178.328,174.26034720802255,178.498,177.5,177.28,178.66529166666666,174.26034720802255,178.66529166666666,BOUNDARY_EXTREME_INVALIDATED,1.8662509204386044,-0.09365957976952466,0.3454447489819531,0.1016189290161818,-0.002234391620750009,0.5838235294117461,-0.1850922972633935,0.06551235988674164,-0.007814145231648473,-0.009814145231648473,90.0
2024-07-24 18:00:00+00:00,2024-07-24 18:15:00+00:00,2024-07-24 21:35:00+00:00,SOLUSDT,FAILED_HIGH_CVD_DIVERGENCE,SHORT,-1.0,181.988,176.1708423181438,182.5,181.041,180.56,182.65988333333334,176.1708423181438,176.1708423181438,PRIOR_VALUE_REACHED,2.472440316234648,-0.07094850649136686,0.1153772852183892,0.32023350359637265,-0.004718437183048874,0.6914378029079118,-0.14841297009936083,0.09135091453837879,0.024308582642092458,0.022308582642092456,200.0
2024-07-25 20:30:00+00:00,2024-07-25 20:45:00+00:00,2024-07-26 01:10:00+00:00,ETHUSDT,FAILED_LOW_CVD_DIVERGENCE,LONG,1.0,3096.54,3200.526381100029,3124.52,3085.57,3126.99,3082.6038541666667,3200.526381100029,3200.526381100029,PRIOR_VALUE_REACHED,3.033306089818297,-0.03257255046627083,0.18489592259174883,0.3698402107111442,0.0034013714586427213,0.505243088655858,0.1393458731074686,0.20742337618065632,0.02351666653875739,0.02151666653875739,265.0
2024-07-25 22:30:00+00:00,2024-07-25 22:45:00+00:00,2024-07-26 00:25:00+00:00,BTCUSDT,FAILED_HIGH_CVD_DIVERGENCE,SHORT,-1.0,65998.8,64539.689199616776,66144.0,65727.8,65695.5,66182.59416666666,64539.689199616776,66182.59416666666,BOUNDARY_EXTREME_INVALIDATED,1.779980950834754,0.0007771312716826628,0.45640468398904693,0.37622265886467443,-0.0017110355716090098,0.7359477124183387,-0.07494291886533022,0.3056401441089537,-0.007414422093852124,-0.009414422093852124,100.0
2024-07-27 03:00:00+00:00,2024-07-27 03:15:00+00:00,2024-07-27 05:05:00+00:00,SOLUSDT,FAILED_HIGH_CVD_DIVERGENCE,SHORT,-1.0,184.0,179.80124137236302,184.229,181.77,183.066,184.35637083333336,179.80124137236302,184.35637083333336,BOUNDARY_EXTREME_INVALIDATED,1.3440594091915312,0.19930015626246345,0.1015011971508922,0.1797899833164427,-0.004946297343131678,0.5381431105854496,-0.22012968840317182,0.024527603793237714,-0.007048664598195975,-0.009048664598195975,110.0
2024-07-27 14:00:00+00:00,2024-07-27 14:15:00+00:00,2024-07-27 15:15:00+00:00,SOLUSDT,FAILED_HIGH_CVD_DIVERGENCE,SHORT,-1.0,187.347,183.25076567763492,188.34,186.45,186.557,188.4593625,183.25076567763492,183.25076567763492,PRIOR_VALUE_REACHED,2.3871676206652603,0.07789865953461206,0.4284242197879226,0.8319195727301282,-0.0045143354161886196,0.5870922970159742,-0.0534547101220485,0.8508211393099169,0.01772238148322003,0.015722381483220027,60.0
2024-07-29 17:00:00+00:00,2024-07-29 17:15:00+00:00,2024-07-29 19:45:00+00:00,XRPUSDT,FAILED_LOW_CVD_DIVERGENCE,LONG,1.0,0.5934,0.6041019118470456,0.5971,0.5916,0.6008,0.5912883333333333,0.6041019118470456,0.6041019118470456,PRIOR_VALUE_REACHED,1.7977045671463947,-0.13917974849540982,0.5898062195692906,0.577540106951879,0.008561356387443375,0.6455696202531713,0.10367754505460969,0.6123642360551671,0.005495858600275794,0.0034958586002757936,150.0
2024-07-30 20:30:00+00:00,2024-07-30 20:45:00+00:00,2024-07-31 01:20:00+00:00,SOLUSDT,FAILED_LOW_CVD_DIVERGENCE,LONG,1.0,176.1,181.26379921772545,178.5,175.213,179.331,175.0484375,181.26379921772545,181.26379921772545,PRIOR_VALUE_REACHED,2.3718781756509104,-0.055306982465191945,0.2440678529695425,0.5390049373338401,0.006301625067336891,0.8787167449139068,0.21214145898748238,0.312029534476516,0.0107778310371629,0.0087778310371629,275.0
2024-07-31 21:00:00+00:00,2024-07-31 21:15:00+00:00,2024-07-31 21:30:00+00:00,ETHUSDT,FAILED_LOW_CVD_DIVERGENCE,LONG,1.0,3225.0,3297.0658691978724,3238.09,3216.05,3237.99,3214.053229166667,3297.0658691978724,3214.053229166667,BOUNDARY_EXTREME_INVALIDATED,1.9679532545020846,-0.14931019984639848,0.49626652908734364,0.44822369450674776,0.0050625760472795545,0.6943380161771008,0.31731339824859495,0.4377484069124928,-0.007392478307015504,-0.009392478307015504,15.0
2024-07-31 21:00:00+00:00,2024-07-31 21:15:00+00:00,2024-07-31 21:30:00+00:00,SOLUSDT,FAILED_LOW_CVD_DIVERGENCE,LONG,1.0,174.31,180.403045562864,175.616,173.31,174.793,173.15046458333333,180.403045562864,173.15046458333333,BOUNDARY_EXTREME_INVALIDATED,1.8118681845201412,-0.11939657158903938,0.23756098870562886,0.6268200634655314,0.007481483616242457,0.9238434163701074,0.25379127230695886,0.26980165678083656,-0.009397032013105044,-0.011397032013105044,15.0
2024-07-31 21:00:00+00:00,2024-07-31 21:15:00+00:00,2024-08-01 00:30:00+00:00,BTCUSDT,FAILED_LOW_CVD_DIVERGENCE,LONG,1.0,64562.9,66053.50154773379,64866.9,64504.5,64931.5,64471.3425,66053.50154773379,64471.3425,BOUNDARY_EXTREME_INVALIDATED,2.065463054654286,-0.018186132022556256,0.46422027096246615,0.17612908090176116,0.005483342469656538,0.7841009743135511,0.1450019932076203,0.1688778147431037,-0.0070868145661197035,-0.009086814566119704,195.0
2024-07-31 21:30:00+00:00,2024-07-31 21:45:00+00:00,2024-07-31 22:10:00+00:00,SOLUSDT,FAILED_LOW_CVD_DIVERGENCE,LONG,1.0,173.31,180.23118060835765,175.152,172.7,173.471,172.53732083333333,180.23118060835765,172.53732083333333,BOUNDARY_EXTREME_INVALIDATED,2.199219045881705,0.021686533530230978,0.24359159512273096,0.3749711856158678,0.004458572909247893,0.6689834926151201,0.13075559188572994,0.20087629208850696,-0.005382335760252044,-0.007382335760252044,25.0
2024-07-31 21:30:00+00:00,2024-07-31 21:45:00+00:00,2024-08-01 01:35:00+00:00,ETHUSDT,FAILED_LOW_CVD_DIVERGENCE,LONG,1.0,3216.05,3295.0353664506633,3242.7,3212.32,3227.84,3210.299854166667,3295.0353664506633,3210.299854166667,BOUNDARY_EXTREME_INVALIDATED,1.8901551899480133,0.06901626098954439,0.5728506106951234,0.18464013530376455,0.004106214070626946,0.8588158750813512,0.19670896479400812,0.1999240095949919,-0.0054340196023758836,-0.007434019602375884,230.0
2024-08-02 15:30:00+00:00,2024-08-02 15:45:00+00:00,2024-08-02 21:45:00+00:00,XRPUSDT,FAILED_LOW_CVD_DIVERGENCE,LONG,1.0,0.557,0.5787515965124055,0.5625,0.5458,0.5597,0.5450914583333333,0.5787515965124055,0.5663,SIX_HOUR_CAP,7.040635163437484,-0.08038713278767462,0.7875906408967603,1.5807115554248876,0.01745137247773121,0.8347826086956505,0.15446173804306818,8.765264283175656,0.011792031445417184,0.009792031445417184,360.0
2024-08-02 20:00:00+00:00,2024-08-02 20:15:00+00:00,2024-08-03 01:05:00+00:00,SOLUSDT,FAILED_LOW_CVD_DIVERGENCE,LONG,1.0,151.8,161.04299695688485,153.2,149.735,152.666,149.51321041666668,161.04299695688485,149.51321041666668,BOUNDARY_EXTREME_INVALIDATED,3.805328985624028,-0.14069562227754961,0.39422563730188637,0.9310626626212911,0.009502145752467994,0.5345982142857049,0.12594622685278267,1.396741329478358,-0.020651550334280788,-0.02265155033428079,290.0
2024-08-03 18:00:00+00:00,2024-08-03 18:15:00+00:00,2024-08-03 18:35:00+00:00,ETHUSDT,FAILED_LOW_CVD_DIVERGENCE,LONG,1.0,2904.32,2973.7907178211058,2918.79,2896.57,2911.8,2894.3423125000004,2973.7907178211058,2894.3423125000004,BOUNDARY_EXTREME_INVALIDATED,2.1463061690002556,-0.1060807781339631,0.5704063011722109,0.34789439721684545,0.003695175589780497,0.7779390420899926,0.033240631644091634,0.4259154779824215,-0.005995496771756259,-0.007995496771756259,20.0
2024-08-03 19:30:00+00:00,2024-08-03 19:45:00+00:00,2024-08-03 21:10:00+00:00,ETHUSDT,FAILED_LOW_CVD_DIVERGENCE,LONG,1.0,2890.06,2965.363408192437,2909.88,2875.22,2897.41,2872.929020833333,2965.363408192437,2872.929020833333,BOUNDARY_EXTREME_INVALIDATED,1.7182118724115059,-0.22280233073130573,0.4255006072484995,0.6477579637527693,0.004886727799897184,0.6358303249097245,0.1762107867354441,0.47357597367248483,-0.008449263019961517,-0.010449263019961517,85.0
2024-08-03 21:30:00+00:00,2024-08-03 21:45:00+00:00,2024-08-04 03:45:00+00:00,ETHUSDT,FAILED_LOW_CVD_DIVERGENCE,LONG,1.0,2875.22,2953.4830459884365,2902.88,2855.0,2914.17,2852.7299166666667,2953.4830459884365,2911.3,SIX_HOUR_CAP,3.5394312555117575,-0.07915319768487872,0.6584376012928777,0.8907161998458123,0.005718525676421837,0.7552415679124942,0.14913575211308894,2.0758093168716565,-0.0009848430256299556,-0.0029848430256299557,360.0
2024-08-03 21:30:00+00:00,2024-08-03 21:45:00+00:00,2024-08-04 03:45:00+00:00,BTCUSDT,FAILED_LOW_CVD_DIVERGENCE,LONG,1.0,59888.0,61216.614888307064,60531.5,59800.0,60677.1,59760.363333333335,61216.614888307064,60719.2,SIX_HOUR_CAP,2.6743901344007237,-0.0005249096863005898,0.9399966621234529,0.2220166512488436,0.003519432127718325,0.7030062768417499,0.012061987801087026,0.5581316113715239,0.0006938367192894646,-0.0013061632807105355,360.0
2024-08-04 12:30:00+00:00,2024-08-04 12:45:00+00:00,2024-08-04 14:10:00+00:00,XRPUSDT,FAILED_LOW_CVD_DIVERGENCE,LONG,1.0,0.54,0.5548356554251404,0.5455,0.5393,0.5463,0.5387879166666667,0.5548356554251404,0.5387879166666667,BOUNDARY_EXTREME_INVALIDATED,1.4583191356052283,-0.03298674416599179,0.4179283674950275,0.13669650122051122,0.0045972784111807385,0.6944444444444513,0.02950719736164853,0.08331281788924938,-0.013750838977362845,-0.015750838977362847,85.0
2024-08-04 18:00:00+00:00,2024-08-04 18:15:00+00:00,2024-08-05 00:15:00+00:00,BTCUSDT,FAILED_LOW_CVD_DIVERGENCE,LONG,1.0,58061.0,59979.733374828626,58290.1,57040.0,58188.0,57003.963125,59979.733374828626,57455.7,SIX_HOUR_CAP,7.674779453276139,-0.11304877751503695,0.16630958025296966,2.8332090393520533,0.005980073337586322,0.5962765040510297,0.058410598540705516,3.6162778424767654,-0.012585069086409661,-0.014585069086409662,360.0
2024-08-04 18:00:00+00:00,2024-08-04 18:15:00+00:00,2024-08-04 19:15:00+00:00,SOLUSDT,FAILED_LOW_CVD_DIVERGENCE,LONG,1.0,131.185,140.24826792018538,135.856,131.0,136.755,130.82469791666668,140.24826792018538,140.24826792018538,PRIOR_VALUE_REACHED,5.350223968385769,0.006478707248276594,1.2596878356020362,0.1055321171786808,0.013593139689151545,0.7566006600660059,0.12844448592038304,0.711245528675644,0.025543986839131172,0.02354398683913117,60.0
2024-08-06 17:30:00+00:00,2024-08-06 17:45:00+00:00,2024-08-06 22:05:00+00:00,SOLUSDT,FAILED_HIGH_CVD_DIVERGENCE,SHORT,-1.0,147.898,137.98739379110606,148.44,146.333,145.669,148.72752291666666,137.98739379110606,148.72752291666666,BOUNDARY_EXTREME_INVALIDATED,1.8509097104928132,-0.0934487278226831,0.11158069553742314,0.18850671323300383,-0.009067903838043012,0.8436708860759569,-0.22025621786852045,0.038931498412472364,-0.020996388501785868,-0.02299638850178587,260.0
2024-08-07 22:30:00+00:00,2024-08-07 22:45:00+00:00,2024-08-08 01:45:00+00:00,BTCUSDT,FAILED_LOW_CVD_DIVERGENCE,LONG,1.0,54613.0,56316.62562008342,55438.2,54519.8,55154.0,54470.817708333336,56316.62562008342,56316.62562008342,PRIOR_VALUE_REACHED,1.5763438323164,-0.25037458070853646,0.1358460075250185,0.1902728452034052,0.006774011598509766,0.8069145466405683,0.03509582291531066,0.040745030136557205,0.021079624688751908,0.019079624688751906,180.0
2024-08-08 13:00:00+00:00,2024-08-08 13:15:00+00:00,2024-08-08 16:05:00+00:00,ETHUSDT,FAILED_HIGH_CVD_DIVERGENCE,SHORT,-1.0,2486.95,2400.6738870432096,2526.0,2444.57,2468.87,2528.8754375,2400.6738870432096,2528.8754375,BOUNDARY_EXTREME_INVALIDATED,5.220427558638149,0.03301117851768054,0.6733255541428169,1.3580542091420922,-0.004945307399018217,0.5828978622327732,-0.05312150273097194,4.773624752283983,-0.024304818601222467,-0.02630481860122247,170.0
2024-08-11 09:30:00+00:00,2024-08-11 09:45:00+00:00,2024-08-11 11:05:00+00:00,BTCUSDT,FAILED_HIGH_CVD_DIVERGENCE,SHORT,-1.0,61399.0,60896.06556135245,62000.0,61183.0,61099.9,62022.36875,60896.06556135245,60896.06556135245,PRIOR_VALUE_REACHED,1.6963959716201873,0.03446736883463597,0.6858031313745451,2.686784017882094,-0.004691478288066486,0.6086221470836799,-0.1298695937459371,3.125787517417658,0.003336084652307947,0.0013360846523079468,80.0
2024-08-11 22:30:00+00:00,2024-08-11 22:45:00+00:00,2024-08-12 04:45:00+00:00,XRPUSDT,FAILED_LOW_CVD_DIVERGENCE,LONG,1.0,0.5481,0.5742557119392105,0.5561,0.5464,0.5517,0.5459204166666667,0.5742557119392105,0.5621,SIX_HOUR_CAP,1.0864639472383457,-0.17412385214477655,0.13545564654720973,0.3544743701129526,0.008592321755027221,0.6811594202898537,0.061282073536135906,0.052167169401172844,0.018850824723581905,0.016850824723581903,360.0
2024-08-12 12:30:00+00:00,2024-08-12 12:45:00+00:00,2024-08-12 13:40:00+00:00,ETHUSDT,FAILED_HIGH_CVD_DIVERGENCE,SHORT,-1.0,2682.55,2590.9023163923825,2692.53,2664.1,2669.28,2695.117729166667,2590.9023163923825,2695.117729166667,BOUNDARY_EXTREME_INVALIDATED,1.9323059393347752,-0.039697903862668915,0.2766863526680701,0.3856663258487579,-0.007093570405639071,0.6104353393085737,-0.13199417644815759,0.20619367903771565,-0.009679662368379027,-0.011679662368379027,55.0
2024-08-14 13:00:00+00:00,2024-08-14 13:15:00+00:00,2024-08-14 13:40:00+00:00,BTCUSDT,FAILED_HIGH_CVD_DIVERGENCE,SHORT,-1.0,61777.0,60506.55855544796,61839.7,60798.2,60754.5,61877.127291666664,60506.55855544796,60506.55855544796,PRIOR_VALUE_REACHED,6.772315759354741,-0.09806233685842891,0.42014936741869396,0.16752481199658548,-0.00446197408351745,0.5278154681139797,-0.1708526122881714,0.47667245018991594,0.0040810383519251925,0.0020810383519251924,25.0
2024-08-15 16:30:00+00:00,2024-08-15 16:45:00+00:00,2024-08-15 18:00:00+00:00,SOLUSDT,FAILED_HIGH_CVD_DIVERGENCE,SHORT,-1.0,147.162,143.8884817456205,147.66,145.777,145.931,147.78282291666667,143.8884817456205,143.8884817456205,PRIOR_VALUE_REACHED,2.0819104801411967,0.15414203913356217,0.5332485461302462,0.40546179289287676,-0.008324499170947797,0.8139534883720764,-0.20445343891723278,0.45013384463204575,0.013996465825489413,0.011996465825489412,75.0
2024-08-15 16:30:00+00:00,2024-08-15 16:45:00+00:00,2024-08-15 18:00:00+00:00,BTCUSDT,FAILED_HIGH_CVD_DIVERGENCE,SHORT,-1.0,59749.2,58793.87926778585,59791.4,59538.9,59523.9,59826.30979166667,58793.87926778585,58793.87926778585,PRIOR_VALUE_REACHED,1.3126645773359822,-0.018850993094513768,0.4074679058735223,0.12088299008755922,-0.00444891193997643,0.7619593239759413,-0.05707845199473882,0.064656526121247,0.012264329659416595,0.010264329659416595,75.0
2024-08-15 17:00:00+00:00,2024-08-15 17:15:00+00:00,2024-08-15 18:00:00+00:00,BTCUSDT,FAILED_HIGH_CVD_DIVERGENCE,SHORT,-1.0,59791.4,58801.037369838086,59820.0,59388.0,59320.3,59854.22770833333,58801.037369838086,58801.037369838086,PRIOR_VALUE_REACHED,1.9189384582682727,-0.061721706536078,0.13044154745210174,0.08355803351329188,-0.003068757993307858,0.6601590744757755,-0.12048463274288712,0.020915353042018116,0.008753540190489906,0.006753540190489906,45.0
2024-08-15 18:30:00+00:00,2024-08-15 18:45:00+00:00,2024-08-15 20:20:00+00:00,XRPUSDT,FAILED_LOW_CVD_DIVERGENCE,LONG,1.0,0.5619,0.5682339259764507,0.5649,0.5526,0.5632,0.552265,0.5682339259764507,0.552265,BOUNDARY_EXTREME_INVALIDATED,4.828386779622554,-0.044692513268515754,0.6147570631350298,2.7761194029850547,0.0075134168157424686,0.5316455696202571,0.2881080164147547,8.240313238741171,-0.019415838068181812,-0.021415838068181814,95.0
2024-08-18 03:00:00+00:00,2024-08-18 03:15:00+00:00,2024-08-18 03:55:00+00:00,ETHUSDT,FAILED_HIGH_CVD_DIVERGENCE,SHORT,-1.0,2628.0,2606.266924465938,2636.52,2606.03,2617.63,2637.379625,2606.266924465938,2606.266924465938,PRIOR_VALUE_REACHED,1.756226018102661,0.24823107982339376,0.2960973243616527,0.9911298531336342,-0.004729912131616332,0.523569023569021,-0.06787474690051476,0.5154012259348076,0.004340978493546532,0.0023409784935465323,40.0
2024-08-18 03:30:00+00:00,2024-08-18 03:45:00+00:00,2024-08-18 03:55:00+00:00,ETHUSDT,FAILED_HIGH_CVD_DIVERGENCE,SHORT,-1.0,2636.52,2607.864681373635,2638.36,2610.72,2610.34,2639.2606250000003,2607.864681373635,2607.864681373635,PRIOR_VALUE_REACHED,1.8161615857247302,-0.05693514620731199,0.41107446437205797,0.2043025676613628,-0.0024610399040041475,0.8761904761904402,-0.19439462229360827,0.1525277310711482,0.0009482744111362074,-0.0010517255888637927,10.0
2024-08-19 19:30:00+00:00,2024-08-19 19:45:00+00:00,2024-08-20 01:45:00+00:00,XRPUSDT,FAILED_HIGH_CVD_DIVERGENCE,SHORT,-1.0,0.6073,0.5820412869526362,0.6089,0.6041,0.6028,0.6093608333333334,0.5820412869526362,0.6031,SIX_HOUR_CAP,4.050055681552608,-0.0660155464069988,0.8935983142823442,0.3471971066907874,-0.0065919578114700395,0.7407407407407468,-0.12077640928301869,1.256549009979652,-0.0004976775049767568,-0.002497677504976757,360.0
2024-08-20 03:00:00+00:00,2024-08-20 03:15:00+00:00,2024-08-20 04:40:00+00:00,XRPUSDT,FAILED_HIGH_CVD_DIVERGENCE,SHORT,-1.0,0.609,0.5886966805651128,0.6095,0.6056,0.6052,0.6100122916666667,0.5886966805651128,0.6100122916666667,BOUNDARY_EXTREME_INVALIDATED,1.8603787912714027,0.033172787516652535,0.4022476535501841,0.09760065067101517,-0.004605263157894779,0.9032258064516233,-0.4083140729469844,0.07303778806053174,-0.007951572482925995,-0.009951572482925995,85.0
2024-08-20 05:00:00+00:00,2024-08-20 05:15:00+00:00,2024-08-20 06:30:00+00:00,XRPUSDT,FAILED_HIGH_CVD_DIVERGENCE,SHORT,-1.0,0.6095,0.589934875637694,0.6109,0.6062,0.6059,0.611429375,0.589934875637694,0.611429375,BOUNDARY_EXTREME_INVALIDATED,2.410145302179112,-0.022194093940279158,0.35695692241645044,0.2644628099173469,-0.0021409749670618927,0.5416666666666378,-0.11660508153438687,0.22752212883101994,-0.00912588711008433,-0.01112588711008433,75.0
2024-08-20 05:30:00+00:00,2024-08-20 05:45:00+00:00,2024-08-20 11:45:00+00:00,SOLUSDT,FAILED_HIGH_CVD_DIVERGENCE,SHORT,-1.0,147.88,143.69995202466393,148.778,146.819,147.289,148.89564791666666,143.69995202466393,145.131,SIX_HOUR_CAP,2.61173847958926,0.04947402035642656,0.5648075624423062,0.7632944343114143,-0.0031066410374421816,0.5483870967741858,-0.14536796132188712,1.1259582474533993,0.014651467523032813,0.012651467523032813,360.0
2024-08-21 19:30:00+00:00,2024-08-21 19:45:00+00:00,2024-08-22 01:45:00+00:00,XRPUSDT,FAILED_HIGH_CVD_DIVERGENCE,SHORT,-1.0,0.604,0.5954425882661734,0.6052,0.6003,0.6007,0.6055458333333333,0.5954425882661734,0.5991,SIX_HOUR_CAP,2.7473267852688954,-0.03871933447777287,0.8570674798032972,0.34698795180722297,-0.002987551867219995,0.5454545454545577,-0.0948374236117524,0.8170332528739545,0.0026635591809556214,0.0006635591809556213,360.0
2024-08-23 14:30:00+00:00,2024-08-23 14:45:00+00:00,2024-08-23 14:50:00+00:00,SOLUSDT,FAILED_HIGH_CVD_DIVERGENCE,SHORT,-1.0,145.879,143.997174389102,147.076,144.574,144.863,147.14998958333334,143.997174389102,143.997174389102,PRIOR_VALUE_REACHED,8.626811018051697,-0.02190220570505763,0.5253447711990259,1.6177952977615122,-0.005969821522922136,0.5367057371992688,-0.16030745074556718,7.331929277024854,0.005976858210157032,0.003976858210157032,5.0
2024-08-24 01:00:00+00:00,2024-08-24 01:15:00+00:00,2024-08-24 02:20:00+00:00,SOLUSDT,FAILED_HIGH_CVD_DIVERGENCE,SHORT,-1.0,153.999,147.22681233562616,154.208,152.734,152.552,154.31822083333333,147.22681233562616,154.31822083333333,BOUNDARY_EXTREME_INVALIDATED,1.830494061736521,0.07516996415322419,0.22705717676812914,0.18961932484028562,-0.003064938799249739,0.5804455445544534,-0.16425454325061517,0.07881087580855142,-0.011577828106700272,-0.013577828106700272,65.0
2024-08-24 02:30:00+00:00,2024-08-24 02:45:00+00:00,2024-08-24 05:20:00+00:00,SOLUSDT,FAILED_HIGH_CVD_DIVERGENCE,SHORT,-1.0,154.208,147.67260944457192,154.635,153.096,153.331,154.74757083333333,147.67260944457192,154.74757083333333,BOUNDARY_EXTREME_INVALIDATED,1.843591105801592,0.11275577676126769,0.2875691509912932,0.3793167265055271,-0.002030681514940569,0.6277665995975915,-0.38703731428198695,0.20109852881941054,-0.009238646022874386,-0.011238646022874386,155.0
2024-08-25 00:30:00+00:00,2024-08-25 00:45:00+00:00,2024-08-25 01:45:00+00:00,BTCUSDT,FAILED_HIGH_CVD_DIVERGENCE,SHORT,-1.0,64472.5,64026.25022683646,64549.0,64080.6,64191.3,64572.554375,64026.25022683646,64026.25022683646,PRIOR_VALUE_REACHED,2.480263394476707,0.08500848713629527,0.8806419213803723,0.3247804282643883,-0.001659460636411647,0.6185507246376643,-0.21179886415639448,0.7093931805660944,0.0025712171768377257,0.0005712171768377256,60.0
2024-08-25 22:30:00+00:00,2024-08-25 22:45:00+00:00,2024-08-25 23:50:00+00:00,SOLUSDT,FAILED_HIGH_CVD_DIVERGENCE,SHORT,-1.0,161.477,158.45877201552344,161.89,160.75,160.375,161.99319999999997,158.45877201552344,158.45877201552344,PRIOR_VALUE_REACHED,1.6584536497259108,0.003686878723021758,0.5428292165443236,0.4001937984495957,-0.002332814930015581,0.5742725880551376,-0.12343240532969824,0.3602773065716336,0.011948420791747849,0.009948420791747849,65.0
2024-08-27 01:00:00+00:00,2024-08-27 01:15:00+00:00,2024-08-27 07:15:00+00:00,BTCUSDT,FAILED_LOW_CVD_DIVERGENCE,LONG,1.0,62733.0,63556.39104002397,63028.0,62618.0,62945.3,62588.13,63556.39104002397,62860.9,SIX_HOUR_CAP,1.4278766563770784,-0.10782728734059321,0.12764334763804508,0.3850016739203214,0.004069216560164124,0.5658828748890953,0.21003576605666385,0.07017000331413364,-0.0013408467351812003,-0.0033408467351812004,360.0
2024-08-29 22:30:00+00:00,2024-08-29 22:45:00+00:00,2024-08-30 04:45:00+00:00,SOLUSDT,FAILED_LOW_CVD_DIVERGENCE,LONG,1.0,138.506,143.60208881470666,139.566,137.952,139.951,137.84084791666666,143.60208881470666,139.422,SIX_HOUR_CAP,1.6050094840543276,-0.08468147865376396,0.17132117771112224,0.4984162090229258,0.005192920964173675,0.7816216216215955,0.24523299706938118,0.13705055916809764,-0.0037798943916084182,-0.005779894391608418,360.0
2024-08-30 16:00:00+00:00,2024-08-30 16:15:00+00:00,2024-08-30 16:30:00+00:00,ETHUSDT,FAILED_LOW_CVD_DIVERGENCE,LONG,1.0,2441.0,2517.983584285709,2455.92,2433.75,2459.35,2432.0994166666665,2517.983584285709,2432.0994166666665,BOUNDARY_EXTREME_INVALIDATED,4.181908911901538,0.04684393421702504,0.15694973587823172,0.43923865300146425,0.0046241263383208775,0.6513233601840989,0.2106039406783904,0.2882940699223001,-0.01108040064786775,-0.01308040064786775,15.0
2024-09-01 06:00:00+00:00,2024-09-01 06:15:00+00:00,2024-09-01 09:55:00+00:00,SOLUSDT,FAILED_LOW_CVD_DIVERGENCE,LONG,1.0,132.093,135.50302515702003,132.862,130.956,132.277,130.87541666666667,135.50302515702003,130.87541666666667,BOUNDARY_EXTREME_INVALIDATED,2.7570204858665632,-0.17401335287507536,0.6692797546991233,1.4109617373319547,0.005709897662819374,0.7091595845136716,0.07781198385799337,2.603531987249423,-0.010595820387016008,-0.012595820387016008,220.0
2024-09-01 06:00:00+00:00,2024-09-01 06:15:00+00:00,2024-09-01 12:15:00+00:00,XRPUSDT,FAILED_LOW_CVD_DIVERGENCE,LONG,1.0,0.5562,0.5653964778182381,0.5585,0.5526,0.5566,0.552405,0.5653964778182381,0.5583,SIX_HOUR_CAP,1.9654462663175711,-0.0903099602183206,0.2732097439029472,1.8461538461538745,0.004511820970943825,0.7575757575757229,0.29539536152010726,0.9913459773704042,0.0030542579949695003,0.0010542579949695003,360.0
2024-09-01 06:00:00+00:00,2024-09-01 06:15:00+00:00,2024-09-01 12:15:00+00:00,BTCUSDT,FAILED_LOW_CVD_DIVERGENCE,LONG,1.0,57800.0,58751.54638737937,58049.0,57728.6,58138.9,57711.45041666667,58751.54638737937,58200.0,SIX_HOUR_CAP,2.623395420338147,-0.01337845942287208,0.36114614843155185,0.4163366456911076,0.0032423944366792856,0.7133637053910419,0.20097499090374926,0.39444947511873313,0.0010509314761717459,-0.0009490685238282542,360.0
2024-09-01 14:30:00+00:00,2024-09-01 14:45:00+00:00,2024-09-01 15:40:00+00:00,SOLUSDT,FAILED_LOW_CVD_DIVERGENCE,LONG,1.0,130.12,133.08398377634413,131.552,130.0,131.701,129.90897708333333,133.08398377634413,133.08398377634413,PRIOR_VALUE_REACHED,2.9098005191273324,-0.05118365152545845,0.4443217788559776,0.13183493167929813,0.007697310532154944,0.7828793774319088,0.18275803210548713,0.17044776723770502,0.010500936031952124,0.008500936031952124,55.0
2024-09-02 08:00:00+00:00,2024-09-02 08:15:00+00:00,2024-09-02 09:55:00+00:00,SOLUSDT,FAILED_LOW_CVD_DIVERGENCE,LONG,1.0,127.13,131.05419884570628,128.314,126.756,128.919,126.60836666666667,131.05419884570628,131.05419884570628,PRIOR_VALUE_REACHED,1.9356120639968881,-0.14194499800903515,0.23875612861244608,0.25333032287197665,0.01043201555005191,0.7023746701847071,0.16649854633179095,0.11707388361451347,0.01656232863818574,0.014562328638185741,100.0
2024-09-03 15:00:00+00:00,2024-09-03 15:15:00+00:00,2024-09-03 15:25:00+00:00,SOLUSDT,FAILED_LOW_CVD_DIVERGENCE,LONG,1.0,130.263,133.7430401233309,130.968,130.046,130.699,129.94593749999999,133.7430401233309,129.94593749999999,BOUNDARY_EXTREME_INVALIDATED,1.9812251415565894,0.011825291340616051,0.8764092641080341,0.21686445971269241,0.0034318091084974967,0.582031250000003,0.02170969350153862,0.37655565554594245,-0.005761807664940277,-0.007761807664940277,10.0
2024-09-04 17:00:00+00:00,2024-09-04 17:15:00+00:00,2024-09-04 23:15:00+00:00,BTCUSDT,FAILED_HIGH_CVD_DIVERGENCE,SHORT,-1.0,58466.0,57069.40476731762,58500.0,58195.2,58231.3,58534.78854166667,57069.40476731762,58160.0,SIX_HOUR_CAP,2.4360441384826874,0.01573726457097968,0.4585026905110713,0.09773332934095887,-0.0024548348082897853,0.6513636363636165,-0.003234074758180494,0.10916156038274084,0.001224427412748863,-0.000775572587251137,360.0
2024-09-04 17:00:00+00:00,2024-09-04 17:15:00+00:00,2024-09-04 23:15:00+00:00,ETHUSDT,FAILED_HIGH_CVD_DIVERGENCE,SHORT,-1.0,2486.23,2402.610944564212,2489.34,2471.51,2470.28,2491.3696875,2402.610944564212,2462.78,SIX_HOUR_CAP,2.493329919611044,-0.02360899003516259,0.20655612083174363,0.15322555812163843,-0.002406874939424153,0.7780678851174536,-0.1168853723272637,0.07891308635551789,0.0030360930744692816,0.0010360930744692815,360.0
2024-09-05 17:00:00+00:00,2024-09-05 17:15:00+00:00,2024-09-05 23:15:00+00:00,XRPUSDT,FAILED_LOW_CVD_DIVERGENCE,LONG,1.0,0.5428,0.5532735537903851,0.5451,0.5392,0.5434,0.538941875,0.5532735537903851,0.5446,SIX_HOUR_CAP,3.856316095205921,-0.12972120935460252,0.5116516697204362,1.3946731234866607,0.0029531192321889943,0.5925925925926261,0.1473384270605338,2.751816386903529,0.0022083179977916423,0.00020831799779164224,360.0
2024-09-07 15:30:00+00:00,2024-09-07 15:45:00+00:00,2024-09-07 21:45:00+00:00,XRPUSDT,FAILED_HIGH_CVD_DIVERGENCE,SHORT,-1.0,0.5317,0.5197578786275433,0.5325,0.5303,0.531,0.5328139583333333,0.5197578786275433,0.5267,SIX_HOUR_CAP,1.4818363740107483,-0.07782099500224993,0.45211336529664314,0.2548108825481168,-0.001879699248120259,0.714285714285737,-0.13420076214005616,0.17071259686213025,0.008097928436911594,0.006097928436911594,360.0
2024-09-08 08:00:00+00:00,2024-09-08 08:15:00+00:00,2024-09-08 09:15:00+00:00,SOLUSDT,FAILED_HIGH_CVD_DIVERGENCE,SHORT,-1.0,129.4,127.69671634922607,130.08,129.075,129.222,130.15320416666668,127.69671634922607,130.15320416666668,BOUNDARY_EXTREME_INVALIDATED,1.4501652476773685,0.12793477158656152,0.15497377635664714,0.9289088735841627,-0.002531840988035494,0.6978723404255399,-0.09014267258569575,0.20876073672419485,-0.007206235522331239,-0.00920623552233124,60.0
2024-09-08 16:30:00+00:00,2024-09-08 16:45:00+00:00,2024-09-08 21:20:00+00:00,XRPUSDT,FAILED_LOW_CVD_DIVERGENCE,LONG,1.0,0.5216,0.5270513247438595,0.5231,0.5204,0.5228,0.5202125,0.5270513247438595,0.5270513247438595,PRIOR_VALUE_REACHED,1.832186996914889,0.030305010469659388,1.0110363247915082,0.6399999999999874,0.002108491470193652,0.7333333333332988,0.2652991951030994,1.1855408689226132,0.0081318376890962,0.0061318376890962,275.0
2024-09-08 16:30:00+00:00,2024-09-08 16:45:00+00:00,2024-09-08 17:35:00+00:00,BTCUSDT,FAILED_LOW_CVD_DIVERGENCE,LONG,1.0,53610.0,54234.44105828061,53834.4,53596.5,53946.2,53576.510416666664,54234.44105828061,54234.44105828061,PRIOR_VALUE_REACHED,1.396423080458622,0.08813008779689335,0.6085864907682025,0.06753517457008842,0.002458472625102459,0.8784860557768719,0.2220286483925915,0.05739437790122918,0.005343120706937876,0.003343120706937876,50.0
2024-09-09 09:30:00+00:00,2024-09-09 09:45:00+00:00,2024-09-09 15:45:00+00:00,XRPUSDT,FAILED_HIGH_CVD_DIVERGENCE,SHORT,-1.0,0.5328,0.5273632580701463,0.534,0.5317,0.531,0.534219375,0.5273632580701463,0.5298,SIX_HOUR_CAP,1.3191712332835739,0.1149558946753042,0.6020433133408066,0.5470085470085371,-0.003565396884969041,0.791666666666686,-0.2883714710437473,0.43443321444097455,0.002259887005649719,0.00025988700564971885,360.0
2024-09-09 09:30:00+00:00,2024-09-09 09:45:00+00:00,2024-09-09 14:20:00+00:00,ETHUSDT,FAILED_HIGH_CVD_DIVERGENCE,SHORT,-1.0,2333.98,2290.06432402073,2338.74,2321.2,2320.63,2340.2306458333333,2290.06432402073,2290.06432402073,PRIOR_VALUE_REACHED,2.176478401591366,0.08661693416746696,0.1771481039587864,0.31932467750274574,-0.0022486306140524492,0.5747252747252825,-0.11408064738805046,0.12311851040605469,0.013171283651107646,0.011171283651107646,275.0
2024-09-09 17:30:00+00:00,2024-09-09 17:45:00+00:00,2024-09-09 19:35:00+00:00,XRPUSDT,FAILED_HIGH_CVD_DIVERGENCE,SHORT,-1.0,0.5365,0.5298670900015495,0.5378,0.5346,0.5347,0.538039375,0.5298670900015495,0.538039375,BOUNDARY_EXTREME_INVALIDATED,3.1987419878090884,0.027156779245529172,0.7038472231606555,0.5430809399477677,-0.002611453087110749,0.7000000000000333,-0.18184457737769244,1.2227063667654512,-0.006245324481017445,-0.008245324481017445,110.0
2024-09-09 17:30:00+00:00,2024-09-09 17:45:00+00:00,2024-09-09 19:15:00+00:00,SOLUSDT,FAILED_HIGH_CVD_DIVERGENCE,SHORT,-1.0,133.217,129.4317221978522,133.77,132.4,132.846,133.88052083333335,129.4317221978522,133.88052083333335,BOUNDARY_EXTREME_INVALIDATED,4.277380466717811,0.010561649750469693,0.5141568681378741,0.5003581526861427,-0.00549483455607136,0.8790419161676968,-0.18120097449083328,1.1004099376420078,-0.007787369084002016,-0.009787369084002016,90.0
2024-09-09 20:00:00+00:00,2024-09-09 20:15:00+00:00,2024-09-09 21:15:00+00:00,XRPUSDT,FAILED_HIGH_CVD_DIVERGENCE,SHORT,-1.0,0.5378,0.5309698908026943,0.539,0.5369,0.5367,0.5392483333333333,0.5309698908026943,0.5392483333333333,BOUNDARY_EXTREME_INVALIDATED,1.6695814914272147,0.009967035861760731,0.3482284072036905,0.4832214765101043,-0.0031575037147103524,0.7083333333333603,-0.22268223724988345,0.28094289026086183,-0.004748152288677865,-0.006748152288677865,60.0
2024-09-09 21:30:00+00:00,2024-09-09 21:45:00+00:00,2024-09-10 03:45:00+00:00,SOLUSDT,FAILED_HIGH_CVD_DIVERGENCE,SHORT,-1.0,135.286,130.30670361778206,137.064,134.4,134.528,137.18486041666665,130.30670361778206,132.939,SIX_HOUR_CAP,3.9223009026695133,0.06734310925839315,0.3832639429013611,1.4711185423956619,-0.00774461933352022,0.8853288364249622,-0.18538147368983737,2.2114979470358938,0.011811667459562303,0.009811667459562303,360.0
2024-09-10 19:00:00+00:00,2024-09-10 19:15:00+00:00,2024-09-11 01:15:00+00:00,SOLUSDT,FAILED_HIGH_CVD_DIVERGENCE,SHORT,-1.0,137.3,134.60342326816453,137.983,136.275,136.084,138.08910208333333,134.60342326816453,135.392,SIX_HOUR_CAP,2.598531427089025,-0.12985876097122806,0.24571593646144305,0.6437196881933615,-0.00412010508829308,0.6538908246225258,-0.12664361681555347,0.41101539622042593,0.005085094500455689,0.003085094500455689,360.0
2024-09-10 23:30:00+00:00,2024-09-10 23:45:00+00:00,2024-09-11 01:35:00+00:00,ETHUSDT,FAILED_HIGH_CVD_DIVERGENCE,SHORT,-1.0,2394.65,2351.9445071458167,2399.99,2383.61,2387.54,2401.362458333333,2351.9445071458167,2351.9445071458167,PRIOR_VALUE_REACHED,1.1816407552578498,0.01462497652325001,0.8210603018353462,0.3890828501168601,-0.0017518699853245057,0.6406727828746297,-0.05497221231608851,0.3774875256460697,0.014908857172731493,0.012908857172731493,110.0
2024-09-11 06:30:00+00:00,2024-09-11 06:45:00+00:00,2024-09-11 08:50:00+00:00,SOLUSDT,FAILED_LOW_CVD_DIVERGENCE,LONG,1.0,131.211,134.7001745064905,132.0,131.005,132.005,130.90454583333332,134.7001745064905,130.90454583333332,BOUNDARY_EXTREME_INVALIDATED,1.556358951871985,0.1105541353369448,0.20941432129704546,0.2050686465635411,0.0020571758240088833,0.5376984126983657,0.17900464069367428,0.06683676354070059,-0.008336458214966758,-0.010336458214966758,125.0
2024-09-12 02:30:00+00:00,2024-09-12 02:45:00+00:00,2024-09-12 08:45:00+00:00,XRPUSDT,FAILED_HIGH_CVD_DIVERGENCE,SHORT,-1.0,0.5382,0.5320593920593268,0.5395,0.5359,0.5359,0.539745,0.5320593920593268,0.5374,SIX_HOUR_CAP,2.0000868533527467,-0.08339223116928007,0.2906060538742359,0.5306122448979443,-0.001304509877003257,0.5833333333332794,-0.037767233207806616,0.3084116539657681,-0.002799029669714459,-0.004799029669714459,360.0
2024-09-13 10:30:00+00:00,2024-09-13 10:45:00+00:00,2024-09-13 11:50:00+00:00,SOLUSDT,FAILED_LOW_CVD_DIVERGENCE,LONG,1.0,133.34,134.82482884676168,133.913,133.108,133.822,133.02843541666667,134.82482884676168,133.02843541666667,BOUNDARY_EXTREME_INVALIDATED,1.3241316959494243,-0.0686104467856461,0.9401560944194451,0.29158702312062984,0.0028702253464130134,0.8436123348017693,0.10103381327075911,0.3629939102710145,-0.005930000921622325,-0.007930000921622325,65.0
2024-09-13 11:30:00+00:00,2024-09-13 11:45:00+00:00,2024-09-13 12:25:00+00:00,ETHUSDT,FAILED_HIGH_CVD_DIVERGENCE,SHORT,-1.0,2372.99,2345.614873957287,2375.74,2363.81,2361.11,2376.8554791666666,2345.614873957287,2345.614873957287,PRIOR_VALUE_REACHED,1.66698808928426,-0.13858877580627738,0.346015007347633,0.2465308256915014,-0.0019106960936410289,0.5136363636363509,-0.19483396889588767,0.14219969420278813,0.006562644706393783,0.004562644706393783,40.0
2024-09-13 16:30:00+00:00,2024-09-13 16:45:00+00:00,2024-09-13 18:10:00+00:00,SOLUSDT,FAILED_HIGH_CVD_DIVERGENCE,SHORT,-1.0,136.673,134.40741082407737,137.5,136.5,136.466,137.581575,134.40741082407737,137.581575,BOUNDARY_EXTREME_INVALIDATED,3.0707588587179755,0.014934974520406152,0.13810700120966163,1.0137909898866029,-0.0050597841936423915,0.5464566929133845,-0.13537498898151934,0.42994196379117644,-0.008174746823384371,-0.010174746823384371,85.0
2024-09-13 16:30:00+00:00,2024-09-13 16:45:00+00:00,2024-09-13 17:50:00+00:00,BTCUSDT,FAILED_HIGH_CVD_DIVERGENCE,SHORT,-1.0,59706.1,58287.9792719853,59768.0,59483.0,59426.0,59795.47041666666,58287.9792719853,59795.47041666666,BOUNDARY_EXTREME_INVALIDATED,4.040267935267411,-0.012914405828400755,0.10688203418520492,0.22533331310956237,-0.0028190757458804727,0.5528134254689016,-0.03672129948703673,0.09730614778954601,-0.00621731929907221,-0.00821731929907221,65.0
2024-09-14 02:30:00+00:00,2024-09-14 02:45:00+00:00,2024-09-14 03:10:00+00:00,XRPUSDT,FAILED_HIGH_CVD_DIVERGENCE,SHORT,-1.0,0.5748,0.5672334516655633,0.5768,0.5723,0.5747,0.5771510416666666,0.5672334516655633,0.5771510416666666,BOUNDARY_EXTREME_INVALIDATED,2.4590502093575757,0.23127826699352516,0.5482170284360941,0.5697329376854616,-0.001563585823488589,0.6428571428571712,-0.2885892258225895,0.7680530982832062,-0.0042649063279391886,-0.006264906327939189,25.0
2024-09-14 18:30:00+00:00,2024-09-14 18:45:00+00:00,2024-09-15 00:45:00+00:00,SOLUSDT,FAILED_LOW_CVD_DIVERGENCE,LONG,1.0,136.435,138.01606318335863,136.903,135.4,136.806,135.33511875,138.01606318335863,137.418,SIX_HOUR_CAP,3.3631260753771826,0.001011328294363567,0.6369690244524071,1.595222040265865,0.0034252855015806105,0.832442067736198,0.08829349729438207,3.4172960371146828,0.004473488004911985,0.002473488004911985,360.0
2024-09-17 06:00:00+00:00,2024-09-17 06:15:00+00:00,2024-09-17 10:20:00+00:00,SOLUSDT,FAILED_HIGH_CVD_DIVERGENCE,SHORT,-1.0,132.345,131.001879485944,132.782,131.712,132.086,132.86913750000002,131.001879485944,132.86913750000002,BOUNDARY_EXTREME_INVALIDATED,1.3363293577972686,0.09891564182947676,0.13121224238175347,0.5015062401377267,-0.0032072809049813467,0.741710296684116,-0.22695001088421463,0.08793549411901394,-0.005928997017095039,-0.007928997017095039,245.0
2024-09-17 11:00:00+00:00,2024-09-17 11:15:00+00:00,2024-09-17 12:45:00+00:00,BTCUSDT,FAILED_HIGH_CVD_DIVERGENCE,SHORT,-1.0,59120.6,58129.1969564181,59240.5,59031.4,59089.1,59267.92895833333,58129.1969564181,59267.92895833333,BOUNDARY_EXTREME_INVALIDATED,2.048790425734735,0.03281483065889512,0.20403914558422465,0.43712925056396196,-0.001856450277876287,0.5845744680851142,-0.029728441187101606,0.18273464781220233,-0.0030264288732326783,-0.005026428873232678,90.0
2024-09-17 13:00:00+00:00,2024-09-17 13:15:00+00:00,2024-09-17 14:15:00+00:00,BTCUSDT,FAILED_HIGH_CVD_DIVERGENCE,SHORT,-1.0,59274.4,58189.33313058313,59418.1,59094.7,59186.3,59445.84270833333,58189.33313058313,59445.84270833333,BOUNDARY_EXTREME_INVALIDATED,2.8673015196714413,0.09210597305942936,0.10924555700087832,0.5179739421018928,-0.002687637541325616,0.8281412253374932,-0.055472289267538444,0.16225013255715118,-0.004385182184615921,-0.006385182184615921,60.0
2024-09-17 15:30:00+00:00,2024-09-17 15:45:00+00:00,2024-09-17 19:50:00+00:00,SOLUSDT,FAILED_HIGH_CVD_DIVERGENCE,SHORT,-1.0,134.861,131.6241860246221,135.5,133.352,134.521,135.59501666666668,131.6241860246221,131.6241860246221,PRIOR_VALUE_REACHED,5.361772502559636,0.018335434650699867,0.29506521761284826,0.6725135941063076,-0.004455200076966981,0.67337807606264,-0.17869547238620764,1.0639653103614435,0.02153428814369418,0.01953428814369418,245.0
2024-09-18 10:30:00+00:00,2024-09-18 10:45:00+00:00,2024-09-18 16:45:00+00:00,ETHUSDT,FAILED_LOW_CVD_DIVERGENCE,LONG,1.0,2292.28,2342.1345210473096,2299.73,2275.25,2299.36,2273.74175,2342.1345210473096,2303.22,SIX_HOUR_CAP,5.006596647201011,-0.028072533870092342,0.25015476628612515,1.1291231559754822,0.002878626633402437,0.5450041288191649,0.10811939676315374,1.4141409554985103,0.001678727993876361,-0.000321272006123639,360.0
2024-09-19 01:00:00+00:00,2024-09-19 01:15:00+00:00,2024-09-19 02:45:00+00:00,SOLUSDT,FAILED_HIGH_CVD_DIVERGENCE,SHORT,-1.0,135.3,130.36112502543028,136.43,134.13,135.155,136.53392291666668,130.36112502543028,136.53392291666668,BOUNDARY_EXTREME_INVALIDATED,3.7518676297426454,0.051997639489748115,0.6903519449028815,1.0873443858629153,-0.004096941294368217,0.51865671641792,-0.16550165217444013,2.816340605197043,-0.0102025298114512,-0.0122025298114512,90.0
2024-09-19 01:00:00+00:00,2024-09-19 01:15:00+00:00,2024-09-19 03:45:00+00:00,ETHUSDT,FAILED_HIGH_CVD_DIVERGENCE,SHORT,-1.0,2394.7,2321.8706340975477,2409.35,2380.31,2383.99,2410.899,2321.8706340975477,2410.899,BOUNDARY_EXTREME_INVALIDATED,4.930037026072419,-0.024682559101630197,0.5276538500641836,0.9457714654615929,-0.005560375752924229,0.7012098895318374,-0.08218487178961398,2.4602854557955722,-0.011287379561155886,-0.013287379561155886,150.0
2024-09-19 01:00:00+00:00,2024-09-19 01:15:00+00:00,2024-09-19 07:15:00+00:00,BTCUSDT,FAILED_HIGH_CVD_DIVERGENCE,SHORT,-1.0,62401.5,60320.96174404777,62555.0,62072.4,61905.3,62592.661875,60320.96174404777,61944.2,SIX_HOUR_CAP,4.839391881748284,0.055132734681913265,0.4603897498562223,0.40757397235267784,-0.004843537502451478,0.6111561866125672,-0.19364360859078855,0.9080774261684506,-0.0006283791533194805,-0.0026283791533194805,360.0
2024-09-19 10:30:00+00:00,2024-09-19 10:45:00+00:00,2024-09-19 12:05:00+00:00,SOLUSDT,FAILED_HIGH_CVD_DIVERGENCE,SHORT,-1.0,139.279,132.61751983838226,139.491,138.583,138.713,139.60430625,132.61751983838226,139.60430625,BOUNDARY_EXTREME_INVALIDATED,1.515348552034215,0.09091200310470682,0.6053877664278847,0.1871035357714314,-0.004099537635334993,0.5997899159663855,-0.17384757055695954,0.17164382084701352,-0.006425542306777388,-0.008425542306777388,80.0
2024-09-19 13:30:00+00:00,2024-09-19 13:45:00+00:00,2024-09-19 14:35:00+00:00,SOLUSDT,FAILED_HIGH_CVD_DIVERGENCE,SHORT,-1.0,140.936,133.62898242305826,141.681,140.02,140.381,141.79951250000002,133.62898242305826,141.79951250000002,BOUNDARY_EXTREME_INVALIDATED,2.885512119727276,0.0975847470049962,0.42309626917053944,0.6286256723974306,-0.007557440791799097,0.8254826254826245,-0.07931222238835034,0.7674572828306974,-0.010104732834215646,-0.012104732834215646,50.0
2024-09-21 05:00:00+00:00,2024-09-21 05:15:00+00:00,2024-09-21 11:15:00+00:00,SOLUSDT,FAILED_LOW_CVD_DIVERGENCE,LONG,1.0,144.77,148.446159351409,145.383,144.54,145.665,144.41030208333333,148.446159351409,146.951,SIX_HOUR_CAP,1.2664600764939835,0.01671373315089686,0.11582403030316832,0.17733515380292153,0.0024706481494225496,0.5963455149501298,0.008435907720391045,0.02601267486089061,0.008828476298355925,0.006828476298355925,360.0
2024-09-21 15:00:00+00:00,2024-09-21 15:15:00+00:00,2024-09-21 21:15:00+00:00,SOLUSDT,FAILED_HIGH_CVD_DIVERGENCE,SHORT,-1.0,149.303,146.89445236738578,149.355,148.216,147.644,149.4468375,146.89445236738578,147.566,SIX_HOUR_CAP,2.221542389264445,0.05560091739813866,0.7395292170277337,0.05662175037429431,-0.008841240324648836,0.8404594767070995,-0.12191199713899337,0.09302361910306121,0.0005282977974045977,-0.0014717022025954023,360.0
2024-09-22 16:30:00+00:00,2024-09-22 16:45:00+00:00,2024-09-22 17:40:00+00:00,ETHUSDT,FAILED_LOW_CVD_DIVERGENCE,LONG,1.0,2553.07,2587.0091937752895,2570.08,2550.08,2570.16,2548.9558541666665,2587.0091937752895,2587.0091937752895,PRIOR_VALUE_REACHED,2.4469713406354354,-0.07381905543030698,0.466612597438912,0.2659797253470441,0.0023868582393409277,0.5773584905660324,0.22300507494878397,0.30369236637950275,0.0065556983904853094,0.004555698390485309,55.0
2024-09-24 01:00:00+00:00,2024-09-24 01:15:00+00:00,2024-09-24 07:15:00+00:00,XRPUSDT,FAILED_LOW_CVD_DIVERGENCE,LONG,1.0,0.5825,0.5879466861610709,0.5861,0.581,0.5836,0.5807235416666666,0.5879466861610709,0.5868,SIX_HOUR_CAP,2.3257494150278455,-0.012829577872215836,0.8881284844663491,0.5425772418990426,0.003266288464844447,0.8636363636363774,0.3127748405351791,1.1207281826046942,0.005483207676490798,0.0034832076764907977,360.0
2024-09-24 09:00:00+00:00,2024-09-24 09:15:00+00:00,2024-09-24 14:05:00+00:00,BTCUSDT,FAILED_HIGH_CVD_DIVERGENCE,SHORT,-1.0,63790.0,63295.45270223269,63925.5,63636.1,63615.3,63950.47375,63295.45270223269,63295.45270223269,PRIOR_VALUE_REACHED,2.062577751750854,0.10356632350243777,0.40380928098700564,0.5425696981830925,-0.003216829675684596,0.8288251917642231,-0.2626676815362645,0.4518998118940434,0.0050278360357856045,0.0030278360357856044,290.0
2024-09-24 18:00:00+00:00,2024-09-24 18:15:00+00:00,2024-09-24 19:50:00+00:00,BTCUSDT,FAILED_HIGH_CVD_DIVERGENCE,SHORT,-1.0,63925.5,63256.5254916224,64000.0,63507.2,63550.0,64025.313125,63256.5254916224,64025.313125,BOUNDARY_EXTREME_INVALIDATED,3.8072235199592783,-0.02595625973298743,0.66603337429477,0.2943137206488728,-0.002980859742704789,0.59375,-0.09066368308825867,0.7463024640897568,-0.007479356805664805,-0.009479356805664805,95.0
2024-09-24 20:30:00+00:00,2024-09-24 20:45:00+00:00,2024-09-24 23:00:00+00:00,BTCUSDT,FAILED_HIGH_CVD_DIVERGENCE,SHORT,-1.0,64357.7,63354.80399097645,64576.0,64057.7,64158.0,64603.614583333336,63354.80399097645,64603.614583333336,BOUNDARY_EXTREME_INVALIDATED,4.298292534369758,0.0015520696290038938,0.23557793346676015,0.790524330441353,-0.001430352420782044,0.5631127450980582,-0.1515961291630924,0.8004713974436602,-0.0069455809615843744,-0.008945580961584374,135.0
2024-09-24 20:30:00+00:00,2024-09-24 20:45:00+00:00,2024-09-24 22:05:00+00:00,SOLUSDT,FAILED_HIGH_CVD_DIVERGENCE,SHORT,-1.0,148.72,146.02233824172149,149.25,147.92,148.608,149.36528958333332,146.02233824172149,149.36528958333332,BOUNDARY_EXTREME_INVALIDATED,3.4063839917629917,0.05215567928886178,0.3703181331634967,0.45971195720920294,-0.0039611525546418,0.5963673057517658,-0.05870598412943484,0.579901699549796,-0.005095887054084036,-0.007095887054084036,80.0
2024-09-27 15:30:00+00:00,2024-09-27 15:45:00+00:00,2024-09-27 21:45:00+00:00,SOLUSDT,FAILED_HIGH_CVD_DIVERGENCE,SHORT,-1.0,160.993,156.87362897874203,161.288,159.554,159.844,161.41736041666667,156.87362897874203,157.452,SIX_HOUR_CAP,2.9422073929672137,0.039738461874922804,0.746309951053739,0.2280450292303611,-0.006124517344508806,0.7153231663035634,-0.07243699675903292,0.500740968562733,0.014964590475713746,0.012964590475713746,360.0
2024-09-28 09:30:00+00:00,2024-09-28 09:45:00+00:00,2024-09-28 15:45:00+00:00,SOLUSDT,FAILED_LOW_CVD_DIVERGENCE,LONG,1.0,155.233,158.02780825550258,157.657,154.831,156.6,154.72190833333332,158.02780825550258,156.943,SIX_HOUR_CAP,2.989416204141216,0.19544596532764746,0.31693489602548797,0.3684974409900073,0.0019129756047626678,0.6674107142857179,0.0038345825503880437,0.3491330161138946,0.002190293742017957,0.00019029374201795686,360.0
2024-10-01 00:30:00+00:00,2024-10-01 00:45:00+00:00,2024-10-01 04:55:00+00:00,SOLUSDT,FAILED_LOW_CVD_DIVERGENCE,LONG,1.0,151.658,155.788180495235,152.889,151.414,153.242,151.29387499999999,155.788180495235,155.788180495235,PRIOR_VALUE_REACHED,2.298898425754103,0.02241918826253575,0.17307376814299355,0.20312174817897993,0.0034443018413261584,0.6534161490683182,0.15021729406005058,0.08081788070932357,0.016615421981147405,0.014615421981147405,250.0
2024-10-02 18:30:00+00:00,2024-10-02 18:45:00+00:00,2024-10-02 19:00:00+00:00,ETHUSDT,FAILED_LOW_CVD_DIVERGENCE,LONG,1.0,2412.4,2460.179583239578,2446.32,2395.47,2420.61,2393.549645833333,2460.179583239578,2393.549645833333,BOUNDARY_EXTREME_INVALIDATED,4.98484561581952,-0.02522148477446673,0.8466220012386028,0.8816082102910848,0.004040035339939685,0.5051867219917082,0.08323062859571229,3.7206334722757566,-0.011179146647608218,-0.013179146647608218,15.0
2024-10-02 20:30:00+00:00,2024-10-02 20:45:00+00:00,2024-10-02 22:15:00+00:00,ETHUSDT,FAILED_LOW_CVD_DIVERGENCE,LONG,1.0,2366.17,2445.2139545803584,2382.09,2358.47,2384.65,2356.5654791666666,2445.2139545803584,2356.5654791666666,BOUNDARY_EXTREME_INVALIDATED,3.007344733426686,-0.033664014728300495,0.835826964679506,0.4043011693667619,0.007120563901359622,0.9445378151260624,0.21912321411735092,1.016259432684665,-0.011777208744819356,-0.013777208744819356,90.0
2024-10-02 22:30:00+00:00,2024-10-02 22:45:00+00:00,2024-10-03 04:45:00+00:00,ETHUSDT,FAILED_LOW_CVD_DIVERGENCE,LONG,1.0,2358.47,2437.9287024749055,2378.2,2350.0,2375.13,2348.128583333333,2437.9287024749055,2398.57,SIX_HOUR_CAP,2.242900328389595,-0.2250797930609706,0.8311852224489872,0.4525982989713563,0.006172264208492928,0.8292544109277193,0.08320620254462363,0.843763443185133,0.009868933489956433,0.007868933489956433,360.0
2024-10-04 17:00:00+00:00,2024-10-04 17:15:00+00:00,2024-10-04 23:15:00+00:00,ETHUSDT,FAILED_HIGH_CVD_DIVERGENCE,SHORT,-1.0,2436.88,2373.151715909507,2440.0,2428.51,2426.59,2441.40075,2373.151715909507,2416.73,SIX_HOUR_CAP,2.4996295398631077,-0.11595412327669341,0.17309838911006745,0.22273781902551482,-0.0023639787200802065,0.5236794171220392,-0.13861581123860223,0.09637461087084452,0.004063315187155636,0.002063315187155636,360.0
2024-10-04 19:30:00+00:00,2024-10-04 19:45:00+00:00,2024-10-05 01:45:00+00:00,BTCUSDT,FAILED_HIGH_CVD_DIVERGENCE,SHORT,-1.0,62333.0,61378.65722312358,62442.8,62254.4,62235.2,62472.59645833333,61378.65722312358,62022.5,SIX_HOUR_CAP,1.5325195693582403,0.07692812111067848,0.4796128065583447,0.3685001713011291,-0.0016666907286118082,0.6622052262587974,-0.1436547673217674,0.2708535262446563,0.0034176800267372576,0.0014176800267372575,360.0
2024-10-07 15:00:00+00:00,2024-10-07 15:15:00+00:00,2024-10-07 16:15:00+00:00,SOLUSDT,FAILED_HIGH_CVD_DIVERGENCE,SHORT,-1.0,151.358,147.69165730615444,152.28,150.336,149.332,152.3850875,147.69165730615444,147.69165730615444,PRIOR_VALUE_REACHED,5.631545344941834,-0.035663232650142374,0.6310320271282195,0.8773641013441165,-0.00736506248338209,0.7237099934683212,-0.11210930471592406,3.1178760631304803,0.010984535758213565,0.008984535758213565,60.0
2024-10-08 05:30:00+00:00,2024-10-08 05:45:00+00:00,2024-10-08 06:20:00+00:00,SOLUSDT,FAILED_LOW_CVD_DIVERGENCE,LONG,1.0,143.353,147.46599557640565,144.33,142.866,143.457,142.74061875,147.46599557640565,142.74061875,BOUNDARY_EXTREME_INVALIDATED,1.2475571472732094,-0.15429205224787634,0.1778516112312891,0.38841533323363364,0.0031116269963358256,0.5192532088681372,0.07598038164877896,0.08618161307143689,-0.0049937002028481725,-0.0069937002028481726,35.0
2024-10-08 06:30:00+00:00,2024-10-08 06:45:00+00:00,2024-10-08 07:20:00+00:00,SOLUSDT,FAILED_LOW_CVD_DIVERGENCE,LONG,1.0,142.85,147.2575558138076,143.752,142.689,144.099,142.56225833333332,147.2575558138076,142.56225833333332,BOUNDARY_EXTREME_INVALIDATED,1.1762477088781158,-0.15189225783328064,0.1543368372390896,0.12703004799789716,0.007297892418999474,0.7494615936826864,0.32520289544257697,0.02306082546613773,-0.010664485295988624,-0.012664485295988624,35.0
2024-10-09 15:00:00+00:00,2024-10-09 15:15:00+00:00,2024-10-09 15:25:00+00:00,BTCUSDT,FAILED_LOW_CVD_DIVERGENCE,LONG,1.0,61662.1,62198.14054738172,61957.0,61600.1,62119.8,61577.10875,62198.14054738172,62198.14054738172,PRIOR_VALUE_REACHED,2.490055060726957,-0.041302301870949965,0.14246470455763202,0.2696678084053715,0.0042923450754435155,0.6986842105263158,0.0036270574942107725,0.09566329551737962,0.0012611204057597636,-0.0007388795942402365,10.0
2024-10-09 19:30:00+00:00,2024-10-09 19:45:00+00:00,2024-10-09 20:25:00+00:00,ETHUSDT,FAILED_LOW_CVD_DIVERGENCE,LONG,1.0,2408.0,2440.564377388308,2418.0,2406.0,2418.22,2404.780875,2440.564377388308,2404.780875,BOUNDARY_EXTREME_INVALIDATED,2.1683993607600707,-0.09070190567983749,0.14882043656143223,0.16405208653747583,0.002620340810149502,0.9783281733745625,0.2899859321073377,0.052939959316369474,-0.005557445145602968,-0.007557445145602968,40.0
2024-10-09 20:30:00+00:00,2024-10-09 20:45:00+00:00,2024-10-09 20:50:00+00:00,SOLUSDT,FAILED_LOW_CVD_DIVERGENCE,LONG,1.0,139.706,142.3357156041258,141.066,139.272,140.266,139.18375,142.3357156041258,139.18375,BOUNDARY_EXTREME_INVALIDATED,2.069525746651139,-0.18264122494379964,0.13853773962629654,0.49178470254957374,0.004015604309079768,0.9946808510638043,0.19186519934683854,0.14099832279108293,-0.007715697317952963,-0.009715697317952963,5.0
2024-10-11 10:30:00+00:00,2024-10-11 10:45:00+00:00,2024-10-11 12:40:00+00:00,ETHUSDT,FAILED_HIGH_CVD_DIVERGENCE,SHORT,-1.0,2421.5,2384.7165833730146,2425.24,2412.74,2410.28,2426.613895833333,2384.7165833730146,2426.613895833333,BOUNDARY_EXTREME_INVALIDATED,2.4322396822038743,-0.017610161084197884,0.15332932081733966,0.27221859978465995,-0.001536874634940344,0.7053231939163019,-0.016385710969570755,0.10151947833959488,-0.006776762796576685,-0.008776762796576685,115.0
2024-10-12 15:30:00+00:00,2024-10-12 15:45:00+00:00,2024-10-12 16:20:00+00:00,ETHUSDT,FAILED_HIGH_CVD_DIVERGENCE,SHORT,-1.0,2478.71,2447.831684095426,2482.91,2466.25,2466.23,2483.7656041666664,2447.831684095426,2483.7656041666664,BOUNDARY_EXTREME_INVALIDATED,2.014067437081442,-0.01939730801281525,0.37633361992572273,0.4908811999318001,-0.0038935808422897455,0.5782843431313636,-0.3407676701087323,0.37206894722847833,-0.0071102874292610085,-0.009110287429261009,35.0
2024-10-12 15:30:00+00:00,2024-10-12 15:45:00+00:00,2024-10-12 21:45:00+00:00,BTCUSDT,FAILED_HIGH_CVD_DIVERGENCE,SHORT,-1.0,63400.0,62649.15955637557,63462.6,63110.6,63019.7,63484.41229166667,62649.15955637557,63106.3,SIX_HOUR_CAP,2.4108414604618322,0.05546632273029628,0.29520794702876735,0.2869941451207685,-0.004163822309870557,0.9730428360413484,-0.3731546115271832,0.20425360627545763,-0.0013741734727394928,-0.003374173472739493,360.0
2024-10-14 04:00:00+00:00,2024-10-14 04:15:00+00:00,2024-10-14 04:45:00+00:00,XRPUSDT,FAILED_HIGH_CVD_DIVERGENCE,SHORT,-1.0,0.5376,0.5306938934183534,0.5391,0.5335,0.5368,0.5392991666666667,0.5306938934183534,0.5392991666666667,BOUNDARY_EXTREME_INVALIDATED,5.395159262483337,-0.022832119761173497,0.41398759585312217,0.7531380753138368,-0.0027865502507894435,0.5555555555555282,-0.13368131956824647,1.6821557414964354,-0.004655675608544296,-0.006655675608544296,30.0
2024-10-14 23:30:00+00:00,2024-10-14 23:45:00+00:00,2024-10-15 05:45:00+00:00,ETHUSDT,FAILED_HIGH_CVD_DIVERGENCE,SHORT,-1.0,2651.3,2558.529966215278,2653.44,2630.89,2626.9,2655.0993541666667,2558.529966215278,2592.37,SIX_HOUR_CAP,2.4668218302788616,-0.11267787230779402,0.12451367381732374,0.12896583761251726,-0.0028620883375594097,0.8331491712706974,-0.25204132377121935,0.03961225020609506,0.013144771403555633,0.011144771403555633,360.0
2024-10-15 02:00:00+00:00,2024-10-15 02:15:00+00:00,2024-10-15 05:35:00+00:00,XRPUSDT,FAILED_HIGH_CVD_DIVERGENCE,SHORT,-1.0,0.5524,0.5425792819740319,0.5555,0.55,0.5519,0.5557614583333333,0.5425792819740319,0.5425792819740319,PRIOR_VALUE_REACHED,4.918258315444467,0.08212252573076495,0.19342373508362512,1.1856573705179256,-0.00486837360259651,0.9000000000000111,-0.20202854450487417,1.1279252155356931,0.016888418238753422,0.014888418238753422,200.0
2024-10-17 07:30:00+00:00,2024-10-17 07:45:00+00:00,2024-10-17 10:40:00+00:00,SOLUSDT,FAILED_LOW_CVD_DIVERGENCE,LONG,1.0,152.16,154.9941421517432,152.55,151.5,152.19,151.392975,154.9941421517432,151.392975,BOUNDARY_EXTREME_INVALIDATED,1.9187287973712528,-0.04628430999166577,0.6234401661148967,0.6166783461807942,0.002041085067158388,0.6326530612244827,0.057533954307444235,0.7376784079488812,-0.005237039227281581,-0.007237039227281581,175.0
2024-10-18 02:00:00+00:00,2024-10-18 02:15:00+00:00,2024-10-18 06:30:00+00:00,BTCUSDT,FAILED_HIGH_CVD_DIVERGENCE,SHORT,-1.0,67884.9,67174.02840007869,68268.0,67543.2,67842.9,68297.45458333334,67174.02840007869,68297.45458333334,BOUNDARY_EXTREME_INVALIDATED,3.9359393165653187,0.2505641951982276,0.4299665707197278,1.3006464755061051,-0.003482667450058874,0.7432601880877926,-0.2331323714213408,2.201113074591007,-0.006700105439675363,-0.008700105439675363,255.0
2024-10-18 02:00:00+00:00,2024-10-18 02:15:00+00:00,2024-10-18 03:55:00+00:00,ETHUSDT,FAILED_HIGH_CVD_DIVERGENCE,SHORT,-1.0,2647.9,2611.252384254914,2651.05,2614.6,2631.01,2652.424479166667,2611.252384254914,2611.252384254914,PRIOR_VALUE_REACHED,4.7034021180522085,0.12282215714935463,0.8772748682828491,0.22917771883289803,-0.0046984410406175625,0.830213903743288,-0.27390099211872254,0.9456277117205938,0.0075095175408250725,0.0055095175408250725,100.0
2024-10-18 16:00:00+00:00,2024-10-18 16:15:00+00:00,2024-10-18 16:45:00+00:00,SOLUSDT,FAILED_HIGH_CVD_DIVERGENCE,SHORT,-1.0,154.904,151.76761320401084,155.21,154.54,153.81,155.29874791666668,151.76761320401084,155.29874791666668,BOUNDARY_EXTREME_INVALIDATED,2.185775358478885,-0.04943359244713208,0.1146181578684491,0.3447968262165919,-0.005431619786614994,0.6829268292683012,-0.10815758299102263,0.08638179202503496,-0.009679136055306348,-0.011679136055306348,30.0
2024-10-21 10:00:00+00:00,2024-10-21 10:15:00+00:00,2024-10-21 12:40:00+00:00,BTCUSDT,FAILED_LOW_CVD_DIVERGENCE,LONG,1.0,68176.7,68825.22584046752,68405.6,68136.0,68479.7,68113.46854166666,68825.22584046752,68113.46854166666,BOUNDARY_EXTREME_INVALIDATED,1.7316987271304976,-0.008996505645448627,0.4936348947986066,0.18063633253505273,0.001250106003140683,0.5916955017301038,0.1357001404679794,0.15441279959858215,-0.0053480295377072995,-0.0073480295377072995,145.0
2024-10-21 11:00:00+00:00,2024-10-21 11:15:00+00:00,2024-10-21 13:20:00+00:00,XRPUSDT,FAILED_HIGH_CVD_DIVERGENCE,SHORT,-1.0,0.5591,0.5483083504424112,0.561,0.556,0.5567,0.5612579166666667,0.5483083504424112,0.5483083504424112,PRIOR_VALUE_REACHED,4.161701636841085,0.012182868940368907,0.23223651288804664,0.7366720516962878,-0.003936303453211609,0.5945945945945832,-0.16528145878172396,0.7119928571472165,0.015073916934774112,0.013073916934774112,125.0
2024-10-22 14:00:00+00:00,2024-10-22 14:15:00+00:00,2024-10-22 20:15:00+00:00,ETHUSDT,FAILED_LOW_CVD_DIVERGENCE,LONG,1.0,2613.0,2653.2753169355233,2632.65,2606.0,2634.37,2604.722,2653.2753169355233,2628.77,SIX_HOUR_CAP,4.417093917440936,-0.05009946643887009,0.663982158048761,0.5477308294209694,0.0050435877382064565,0.5350060704168264,0.07587323354587272,1.6064241675465876,-0.0021257454343922566,-0.004125745434392257,360.0
2024-10-22 23:00:00+00:00,2024-10-22 23:15:00+00:00,2024-10-23 00:15:00+00:00,BTCUSDT,FAILED_HIGH_CVD_DIVERGENCE,SHORT,-1.0,67793.4,67231.79772812889,67825.0,67575.4,67579.3,67854.72854166667,67231.79772812889,67231.79772812889,PRIOR_VALUE_REACHED,1.343219473342911,0.132554211992032,0.21060663297916013,0.1062951568708716,-0.0017828655834564167,0.6053159478435337,-0.21545824016385606,0.030069935848959402,0.005142140742373957,0.0031421407423739573,60.0
2024-10-23 06:00:00+00:00,2024-10-23 06:15:00+00:00,2024-10-23 07:20:00+00:00,XRPUSDT,FAILED_LOW_CVD_DIVERGENCE,LONG,1.0,0.5286,0.5353611713841744,0.5305,0.528,0.5311,0.5277514583333334,0.5353611713841744,0.5277514583333334,BOUNDARY_EXTREME_INVALIDATED,1.4453139966909054,-0.1022329924039952,0.2737278948950468,0.24140821458505354,0.0018864365214110723,0.6249999999999827,0.16822167240113517,0.0955065836040516,-0.006304917466892546,-0.008304917466892546,65.0
2024-10-23 09:30:00+00:00,2024-10-23 09:45:00+00:00,2024-10-23 12:35:00+00:00,ETHUSDT,FAILED_LOW_CVD_DIVERGENCE,LONG,1.0,2570.25,2618.148441364925,2579.15,2562.54,2578.64,2561.2588541666664,2618.148441364925,2561.2588541666664,BOUNDARY_EXTREME_INVALIDATED,4.824035081282475,-0.06486644566752142,0.7268456343462414,0.6018050247987666,0.0026089357019825066,0.7040923399790027,0.26839822742115405,2.1101263137645683,-0.006740431325556684,-0.008740431325556684,170.0
2024-10-23 09:30:00+00:00,2024-10-23 09:45:00+00:00,2024-10-23 12:35:00+00:00,BTCUSDT,FAILED_LOW_CVD_DIVERGENCE,LONG,1.0,66398.8,67149.05450910784,66594.0,66150.0,66466.2,66121.64875,67149.05450910784,66121.64875,BOUNDARY_EXTREME_INVALIDATED,4.848067031119932,-0.1185818502149868,0.4504724773401368,0.8775627176932351,0.00202315624434668,0.6330188679245146,0.05827403893295835,1.9165274424793726,-0.00518385660681675,-0.00718385660681675,170.0
2024-10-23 09:30:00+00:00,2024-10-23 09:45:00+00:00,2024-10-23 15:45:00+00:00,XRPUSDT,FAILED_LOW_CVD_DIVERGENCE,LONG,1.0,0.5226,0.5324615211911291,0.5248,0.5224,0.5258,0.5221645833333333,0.5324615211911291,0.5221645833333333,BOUNDARY_EXTREME_INVALIDATED,1.685887755274939,-0.11041791953358315,2.2302924497426484,0.08495575221237994,0.002287457110179414,0.7500000000000346,0.36834795271422016,0.31943555950749963,-0.006914067452770567,-0.008914067452770567,360.0
2024-10-23 13:00:00+00:00,2024-10-23 13:15:00+00:00,2024-10-23 15:15:00+00:00,ETHUSDT,FAILED_LOW_CVD_DIVERGENCE,LONG,1.0,2562.54,2609.235361908012,2577.05,2555.0,2575.29,2553.707375,2609.235361908012,2553.707375,BOUNDARY_EXTREME_INVALIDATED,3.8283415228148425,-0.03980199097182324,0.7198988035840528,0.5833091577216871,0.0017894028451503896,0.5935483870967625,0.13729607786235287,1.6076108193923973,-0.008380658100641147,-0.010380658100641147,120.0
2024-10-23 13:00:00+00:00,2024-10-23 13:15:00+00:00,2024-10-23 15:35:00+00:00,BTCUSDT,FAILED_LOW_CVD_DIVERGENCE,LONG,1.0,66150.0,67019.78213355836,66500.0,66095.2,66495.8,66067.144375,67019.78213355836,66067.144375,BOUNDARY_EXTREME_INVALIDATED,3.016135098177432,0.03659728124985939,0.6601115449139144,0.1953262491924631,0.0014774608156609137,0.6378413524057475,0.032733162935331794,0.38889174931274834,-0.006446356386418328,-0.008446356386418328,140.0
2024-10-24 01:30:00+00:00,2024-10-24 01:45:00+00:00,2024-10-24 07:45:00+00:00,BTCUSDT,FAILED_HIGH_CVD_DIVERGENCE,SHORT,-1.0,67478.4,66381.92573150681,67615.3,67204.8,67077.0,67646.37666666666,66381.92573150681,67189.9,SIX_HOUR_CAP,3.511361302903025,-0.06803111861857836,0.7713426443150548,0.4405234366620475,-0.002705957567017081,0.7814512666380128,-0.1830922962248016,1.1931413021933064,-0.0016831402716279698,-0.00368314027162797,360.0
2024-10-24 04:30:00+00:00,2024-10-24 04:45:00+00:00,2024-10-24 10:45:00+00:00,SOLUSDT,FAILED_HIGH_CVD_DIVERGENCE,SHORT,-1.0,174.96,168.7992776485406,175.25,173.5,173.62,175.41310416666667,168.7992776485406,172.39,SIX_HOUR_CAP,2.23872719797725,-0.10573172023283162,0.1009413829752747,0.17780048537488324,-0.0031005971520440267,0.5142857142857011,-0.07410877006177907,0.040179392706565974,0.007084437276811517,0.005084437276811517,360.0
2024-10-24 21:30:00+00:00,2024-10-24 21:45:00+00:00,2024-10-25 02:15:00+00:00,XRPUSDT,FAILED_HIGH_CVD_DIVERGENCE,SHORT,-1.0,0.5335,0.5286179919941553,0.5337,0.5317,0.5319,0.5338979166666666,0.5286179919941553,0.5286179919941553,PRIOR_VALUE_REACHED,1.1168802432364637,-0.2713164795783658,0.32425636935655405,0.10105263157893614,-0.001876524676299507,0.666666666666642,-0.4008027200547325,0.03659676961797529,0.006170347820727118,0.004170347820727118,270.0
2024-10-25 05:30:00+00:00,2024-10-25 05:45:00+00:00,2024-10-25 07:15:00+00:00,ETHUSDT,FAILED_LOW_CVD_DIVERGENCE,LONG,1.0,2488.0,2527.8822572128583,2495.45,2485.28,2501.6,2483.97775,2527.8822572128583,2483.97775,BOUNDARY_EXTREME_INVALIDATED,2.000205845852679,-0.09854255424644576,0.4969927559820438,0.20886926473409886,0.00267744055921626,0.8087167070217951,0.3725408217967552,0.20763439118016327,-0.007044391589382748,-0.009044391589382748,90.0
2024-10-25 07:30:00+00:00,2024-10-25 07:45:00+00:00,2024-10-25 13:45:00+00:00,XRPUSDT,FAILED_LOW_CVD_DIVERGENCE,LONG,1.0,0.5219,0.5288581869549057,0.5235,0.5201,0.5227,0.51990125,0.5288581869549057,0.5231,SIX_HOUR_CAP,1.9216557453867222,-0.10814333126112496,0.391808533041336,0.9056603773585052,0.003840983291722777,0.6250000000000043,0.2195354080338836,0.681890824401907,0.0007652573177729938,-0.0012347426822270063,360.0
2024-10-25 09:30:00+00:00,2024-10-25 09:45:00+00:00,2024-10-25 14:00:00+00:00,SOLUSDT,FAILED_LOW_CVD_DIVERGENCE,LONG,1.0,170.8,174.97573987797026,172.33,170.7,171.79,170.57136041666666,174.97573987797026,174.97573987797026,PRIOR_VALUE_REACHED,2.1555729707134867,-0.10678923058161616,0.4671652836040367,0.07773657019776012,0.0030361417644653166,0.7878787878787304,0.22116680200246797,0.07828141479465235,0.018544384876711506,0.016544384876711504,255.0
2024-10-27 18:00:00+00:00,2024-10-27 18:15:00+00:00,2024-10-27 18:55:00+00:00,ETHUSDT,FAILED_HIGH_CVD_DIVERGENCE,SHORT,-1.0,2507.1,2485.1351512433375,2511.0,2495.61,2493.64,2511.824666666667,2485.1351512433375,2485.1351512433375,PRIOR_VALUE_REACHED,1.2955853955545502,0.1526212276799268,0.21276896494185885,0.47291835084883915,-0.0013856073044732353,0.5728476821192148,-0.17824522021572553,0.13036484455090797,0.003410616110048892,0.0014106161100488918,40.0
2024-10-27 22:30:00+00:00,2024-10-27 22:45:00+00:00,2024-10-28 03:35:00+00:00,ETHUSDT,FAILED_HIGH_CVD_DIVERGENCE,SHORT,-1.0,2521.8,2486.678851424823,2527.25,2510.74,2516.31,2528.082,2486.678851424823,2486.678851424823,PRIOR_VALUE_REACHED,1.6059660435319347,-0.02006733524543136,0.343788000025866,0.6550480769230518,-0.0030112008748330865,0.716305372290275,-0.18418417680943588,0.36165980835015044,0.011775635186116573,0.009775635186116573,290.0
2024-10-28 10:00:00+00:00,2024-10-28 10:15:00+00:00,2024-10-28 11:15:00+00:00,XRPUSDT,FAILED_HIGH_CVD_DIVERGENCE,SHORT,-1.0,0.5188,0.5150001067807392,0.5198,0.517,0.5184,0.5199627083333334,0.5150001067807392,0.5199627083333334,BOUNDARY_EXTREME_INVALIDATED,1.3291567748935127,0.1614058926850579,0.43981249400006334,0.6145966709346992,-0.0019252984212553281,0.9090909090909183,-0.16286202122060156,0.3592807719844282,-0.0030144836676955222,-0.005014483667695522,60.0
2024-10-28 11:30:00+00:00,2024-10-28 11:45:00+00:00,2024-10-28 12:40:00+00:00,XRPUSDT,FAILED_HIGH_CVD_DIVERGENCE,SHORT,-1.0,0.5198,0.5155392710952375,0.5212,0.5177,0.5197,0.521369375,0.5155392710952375,0.521369375,BOUNDARY_EXTREME_INVALIDATED,2.4077138058952645,0.18305036926354568,0.2547262713544805,0.826568265682631,-0.0017287744909717517,0.8181818181817356,-0.18306443437460573,0.5069408970451021,-0.0032121897248411635,-0.0052121897248411635,55.0
2024-10-28 17:30:00+00:00,2024-10-28 17:45:00+00:00,2024-10-28 19:10:00+00:00,XRPUSDT,FAILED_LOW_CVD_DIVERGENCE,LONG,1.0,0.5112,0.516640355567883,0.5147,0.5109,0.5158,0.51071375,0.516640355567883,0.516640355567883,PRIOR_VALUE_REACHED,2.440724970944015,-0.03193643472601326,0.173058752369734,0.1610738255033379,0.002916585650398762,0.789473684210551,0.13025253927467717,0.0680357828213444,0.001629227545333345,-0.00037077245466665514,85.0
2024-10-29 19:30:00+00:00,2024-10-29 19:45:00+00:00,2024-10-29 20:25:00+00:00,XRPUSDT,FAILED_HIGH_CVD_DIVERGENCE,SHORT,-1.0,0.5307,0.5242407240208119,0.531,0.5266,0.5259,0.5312052083333334,0.5242407240208119,0.5242407240208119,PRIOR_VALUE_REACHED,3.1747604974473567,0.024124201165269143,0.7336322360974448,0.14619289340105335,-0.0024658573596357813,0.5909090909090817,-0.09151774053390971,0.34049883915290524,0.003155116902810673,0.0011551169028106729,40.0
2024-10-30 06:30:00+00:00,2024-10-30 06:45:00+00:00,2024-10-30 09:55:00+00:00,ETHUSDT,FAILED_HIGH_CVD_DIVERGENCE,SHORT,-1.0,2681.83,2634.8565924450763,2686.27,2653.84,2661.06,2687.8114791666667,2634.8565924450763,2687.8114791666667,BOUNDARY_EXTREME_INVALIDATED,4.483926561697296,0.02541135884048029,0.8456052266820343,0.28803503128759284,-0.002040127507969225,0.6133032694475898,-0.09731689741532612,1.0921227658911474,-0.010052940995944004,-0.012052940995944004,190.0
2024-10-31 07:30:00+00:00,2024-10-31 07:45:00+00:00,2024-10-31 08:30:00+00:00,ETHUSDT,FAILED_LOW_CVD_DIVERGENCE,LONG,1.0,2632.81,2675.8721818895974,2646.33,2631.81,2648.5,2630.1330208333334,2675.8721818895974,2630.1330208333334,BOUNDARY_EXTREME_INVALIDATED,1.3320483620495447,0.017651454724600724,0.30179662891082865,0.05963103298341517,0.0014065442116166782,0.78813559322033,0.07546657406352208,0.023972134729128153,-0.006934860927569009,-0.008934860927569009,45.0
2024-10-31 09:00:00+00:00,2024-10-31 09:15:00+00:00,2024-10-31 13:25:00+00:00,ETHUSDT,FAILED_LOW_CVD_DIVERGENCE,LONG,1.0,2626.37,2674.6396121215985,2638.44,2625.35,2642.6,2623.677583333333,2674.6396121215985,2623.677583333333,BOUNDARY_EXTREME_INVALIDATED,1.2504932529871418,-0.00032107632066091796,0.16697859170709622,0.06098958592854548,0.0020362274052698748,0.7093791281373972,0.19239730543822398,0.012734967225241435,-0.007160530033552881,-0.009160530033552881,250.0
2024-10-31 19:00:00+00:00,2024-10-31 19:15:00+00:00,2024-10-31 20:50:00+00:00,ETHUSDT,FAILED_LOW_CVD_DIVERGENCE,LONG,1.0,2511.59,2610.635140408024,2531.5,2506.0,2529.68,2504.3143958333335,2610.635140408024,2504.3143958333335,BOUNDARY_EXTREME_INVALIDATED,2.8759401410671215,0.021886510143284355,0.10706416692143021,0.33163183329420365,0.0017939528344850242,0.5038932146829395,0.23186740497628944,0.10211280266578981,-0.010027198762952771,-0.012027198762952772,95.0
2024-10-31 20:00:00+00:00,2024-10-31 20:15:00+00:00,2024-10-31 20:50:00+00:00,SOLUSDT,FAILED_LOW_CVD_DIVERGENCE,LONG,1.0,168.52,172.93684577603273,169.63,168.45,169.53,168.32885,172.93684577603273,168.32885,BOUNDARY_EXTREME_INVALIDATED,1.2140676064817528,0.0063683766519626595,0.8358138969474108,0.057779612051194064,0.00503912734171208,0.8947368421052411,0.03746553983324641,0.05863097021312504,-0.007085176664897164,-0.009085176664897164,35.0
2024-11-01 14:30:00+00:00,2024-11-01 14:45:00+00:00,2024-11-01 15:40:00+00:00,BTCUSDT,FAILED_HIGH_CVD_DIVERGENCE,SHORT,-1.0,71391.8,70262.20122030361,71588.0,70952.0,71222.6,71625.950625,70262.20122030361,70262.20122030361,PRIOR_VALUE_REACHED,7.107930329330371,0.0732137317116135,0.2676761967334132,0.5169875331433854,-0.004034338725037112,0.553317990026857,-0.1918630617617043,0.9836327627354639,0.013484466723994837,0.011484466723994837,55.0
2024-11-01 16:00:00+00:00,2024-11-01 16:15:00+00:00,2024-11-01 22:15:00+00:00,SOLUSDT,FAILED_LOW_CVD_DIVERGENCE,LONG,1.0,165.03,169.16344858645388,169.62,163.0,166.41,162.85833958333333,169.16344858645388,165.71,SIX_HOUR_CAP,8.565801379010118,-0.15998268191052234,0.1719042584946464,1.4330043972528206,0.01469512195121947,0.831034482758626,0.19889573143710915,2.11009572844198,-0.0042064779760830895,-0.0062064779760830895,360.0
2024-11-03 03:30:00+00:00,2024-11-03 03:45:00+00:00,2024-11-03 09:45:00+00:00,ETHUSDT,FAILED_LOW_CVD_DIVERGENCE,LONG,1.0,2425.82,2480.3902189858745,2444.49,2420.63,2445.35,2419.5901458333333,2480.3902189858745,2449.68,SIX_HOUR_CAP,2.887793110225199,-0.008987637240763124,0.16101024187578022,0.4991084487007449,0.0038217763255119497,0.8394950405770806,0.09586844352884927,0.23206759408578773,0.0017707076696586999,-0.00022929233034130019,360.0
2024-11-03 03:30:00+00:00,2024-11-03 03:45:00+00:00,2024-11-03 09:45:00+00:00,SOLUSDT,FAILED_LOW_CVD_DIVERGENCE,LONG,1.0,160.88,164.60797967250724,162.32,160.71,161.98,160.61265833333334,164.60797967250724,162.97,SIX_HOUR_CAP,2.3876295678281423,-0.06752297990036027,0.1303617993681923,0.17464258197070887,0.004527131782945615,0.784946236559147,0.2194727624086481,0.054358496776044554,0.006111865662427496,0.004111865662427496,360.0
2024-11-03 19:00:00+00:00,2024-11-03 19:15:00+00:00,2024-11-03 19:40:00+00:00,ETHUSDT,FAILED_LOW_CVD_DIVERGENCE,LONG,1.0,2412.67,2448.6669843191903,2441.16,2410.35,2435.19,2409.1437916666664,2448.6669843191903,2448.6669843191903,PRIOR_VALUE_REACHED,3.58913519075688,-0.09607669128007446,0.8776680377342774,0.19233825002592164,0.004380158131132461,0.7244201909959069,0.14653067486804416,0.605878805088746,0.005534263987282406,0.003534263987282406,25.0
2024-11-04 22:00:00+00:00,2024-11-04 22:15:00+00:00,2024-11-05 04:15:00+00:00,SOLUSDT,FAILED_LOW_CVD_DIVERGENCE,LONG,1.0,156.06,162.00205237508885,157.42,155.03,157.14,154.89703541666665,162.00205237508885,159.84,SIX_HOUR_CAP,3.571194833338166,-0.12659315667671545,0.5015118365475785,0.7746423703053773,0.011848036059240119,0.8761904761904666,0.16295662518721032,1.3873817581168544,0.0171821305841926,0.0151821305841926,360.0
2024-11-05 08:30:00+00:00,2024-11-05 08:45:00+00:00,2024-11-05 13:05:00+00:00,XRPUSDT,FAILED_HIGH_CVD_DIVERGENCE,SHORT,-1.0,0.515,0.5071788365613693,0.5188,0.5124,0.5116,0.5190820833333334,0.5071788365613693,0.5071788365613693,PRIOR_VALUE_REACHED,4.975646715167109,-0.02215518911357439,0.5870308518806204,1.3471196454948418,-0.00331190337034859,0.6799999999999841,-0.1711771437536741,3.9347453684398292,0.00864183627566606,0.006641836275666059,260.0
2024-11-05 17:30:00+00:00,2024-11-05 17:45:00+00:00,2024-11-05 23:45:00+00:00,SOLUSDT,FAILED_HIGH_CVD_DIVERGENCE,SHORT,-1.0,168.77,161.7734143146308,169.2,168.24,167.78,169.33187916666665,161.7734143146308,166.57,SIX_HOUR_CAP,2.1685580767651227,-0.027827011127521617,0.6187097566726347,0.32605604878201283,-0.0033266009266960106,0.6913580246913832,-0.14182936105204635,0.43747202214335834,0.0072118250089403535,0.0052118250089403535,360.0
2024-11-06 05:00:00+00:00,2024-11-06 05:15:00+00:00,2024-11-06 06:25:00+00:00,XRPUSDT,FAILED_HIGH_CVD_DIVERGENCE,SHORT,-1.0,0.5378,0.518440850745391,0.5385,0.5332,0.5329,0.5388075,0.518440850745391,0.5388075,BOUNDARY_EXTREME_INVALIDATED,3.8380375125919226,-0.03911132035255227,0.3571856635826397,0.22764227642277465,-0.0050410754294247795,0.5192307692307565,-0.144067343109596,0.31207297009859863,-0.011085569525239203,-0.013085569525239203,70.0
2024-11-06 22:00:00+00:00,2024-11-06 22:15:00+00:00,2024-11-06 22:50:00+00:00,XRPUSDT,FAILED_HIGH_CVD_DIVERGENCE,SHORT,-1.0,0.544,0.5319848204260982,0.5449,0.5417,0.5427,0.5453133333333334,0.5319848204260982,0.5453133333333334,BOUNDARY_EXTREME_INVALIDATED,1.5129862161365053,0.013953344710722293,0.1972119713507633,0.2177419354838732,-0.002573056423451736,0.5384615384615778,-0.17469855559216207,0.06496961972896785,-0.004815429027701157,-0.006815429027701157,35.0
2024-11-06 23:00:00+00:00,2024-11-06 23:15:00+00:00,2024-11-07 02:55:00+00:00,XRPUSDT,FAILED_HIGH_CVD_DIVERGENCE,SHORT,-1.0,0.5449,0.5326361982271264,0.5471,0.5423,0.5437,0.5475189583333334,0.5326361982271264,0.5475189583333334,BOUNDARY_EXTREME_INVALIDATED,1.614282077555514,0.09430334465254409,0.2956435885265352,0.5251118846345041,-0.0042124542124543085,0.8214285714285927,-0.11403476276690971,0.25061077399081133,-0.007024017534179583,-0.009024017534179583,220.0
2024-11-07 21:30:00+00:00,2024-11-07 21:45:00+00:00,2024-11-08 00:10:00+00:00,ETHUSDT,FAILED_HIGH_CVD_DIVERGENCE,SHORT,-1.0,2908.05,2820.2594011570573,2916.32,2889.72,2891.87,2919.0845208333335,2820.2594011570573,2919.0845208333335,BOUNDARY_EXTREME_INVALIDATED,2.9340882936556,0.08177794608403244,0.9440971081956876,0.2991476823138421,-0.008091347506054003,0.9247353978831974,-0.21847811804148376,0.8286583071974524,-0.00941069993925514,-0.01141069993925514,145.0
2024-11-09 02:00:00+00:00,2024-11-09 02:15:00+00:00,2024-11-09 05:45:00+00:00,ETHUSDT,FAILED_HIGH_CVD_DIVERGENCE,SHORT,-1.0,2994.8,2931.8194935842434,2996.0,2976.01,2970.25,2998.1152708333334,2931.8194935842434,2998.1152708333334,BOUNDARY_EXTREME_INVALIDATED,1.7168637714604238,-0.07773466743325852,0.48879054098466473,0.056730324131062194,-0.005461132540447888,0.6477362986497124,-0.3568348165716706,0.047607337562153816,-0.009381456386948317,-0.011381456386948317,210.0
2024-11-09 06:30:00+00:00,2024-11-09 06:45:00+00:00,2024-11-09 12:45:00+00:00,ETHUSDT,FAILED_HIGH_CVD_DIVERGENCE,SHORT,-1.0,3052.24,2947.872635804274,3059.91,3035.15,3039.51,3062.1312083333332,2947.872635804274,3038.0,SIX_HOUR_CAP,3.7897440787764425,-0.05063001873598072,0.26478192833403197,0.3453075465681256,-0.005145275478441791,0.6138227254978524,-0.3122074740042078,0.3465008414201251,0.0004967906011167367,-0.0015032093988832634,360.0
2024-11-10 13:30:00+00:00,2024-11-10 13:45:00+00:00,2024-11-10 19:45:00+00:00,XRPUSDT,FAILED_HIGH_CVD_DIVERGENCE,SHORT,-1.0,0.6112,0.5751049078107956,0.6193,0.6058,0.6086,0.6197989583333333,0.5751049078107956,0.6009,SIX_HOUR_CAP,13.736143934464202,-0.03975068267831039,0.6969093308957491,1.6233820459290162,-0.005555555555555536,0.5312499999999968,-0.049597347754029686,15.540387750911718,0.012651988169569583,0.010651988169569583,360.0
2024-11-10 22:30:00+00:00,2024-11-10 22:45:00+00:00,2024-11-11 01:55:00+00:00,BTCUSDT,FAILED_HIGH_CVD_DIVERGENCE,SHORT,-1.0,81199.0,79187.332862756,81699.8,79845.0,80499.1,81753.95479166666,79187.332862756,81753.95479166666,BOUNDARY_EXTREME_INVALIDATED,4.998740733067285,0.10169895022619446,0.1587069578687067,0.9247565812505107,-0.005474276706093906,0.5434809272660244,-0.140656446792345,0.733641702202751,-0.015588432562185783,-0.017588432562185785,190.0
2024-11-12 09:00:00+00:00,2024-11-12 09:15:00+00:00,2024-11-12 09:40:00+00:00,SOLUSDT,FAILED_HIGH_CVD_DIVERGENCE,SHORT,-1.0,224.37,218.50754241566622,225.37,222.31,219.47,225.67227083333333,218.50754241566622,218.50754241566622,PRIOR_VALUE_REACHED,1.7901864679675688,0.060522134390581295,0.1132249685477076,0.33082914053346213,-0.02553059230974164,0.9141494435612094,-0.12831483230402185,0.0670570178058286,0.004385371961242002,0.0023853719612420016,25.0
2024-11-12 16:00:00+00:00,2024-11-12 16:15:00+00:00,2024-11-12 18:55:00+00:00,XRPUSDT,FAILED_HIGH_CVD_DIVERGENCE,SHORT,-1.0,0.6995,0.6375647137011434,0.7039,0.6742,0.6674,0.7054183333333333,0.6375647137011434,0.7054183333333333,BOUNDARY_EXTREME_INVALIDATED,20.736910648579947,-0.06287687177519075,1.0634399447088434,0.2897914379802388,-0.017518033269542155,0.5950000000000005,-0.08092207454183675,6.39061383751842,-0.05696483867745461,-0.05896483867745461,160.0
2024-11-12 19:00:00+00:00,2024-11-12 19:15:00+00:00,2024-11-12 20:05:00+00:00,XRPUSDT,FAILED_HIGH_CVD_DIVERGENCE,SHORT,-1.0,0.7039,0.6471850254691335,0.706,0.6857,0.6918,0.7076758333333333,0.6471850254691335,0.7076758333333333,BOUNDARY_EXTREME_INVALIDATED,7.918098763636626,0.044826561514994534,0.9351895361907908,0.12531079065141668,-0.008456356600258008,0.5514018691588778,-0.059010271205728326,0.9279167696619101,-0.022948588223956845,-0.024948588223956847,50.0
2024-11-13 15:00:00+00:00,2024-11-13 15:15:00+00:00,2024-11-13 16:15:00+00:00,ETHUSDT,FAILED_HIGH_CVD_DIVERGENCE,SHORT,-1.0,3307.23,3221.9347167335254,3331.2,3226.52,3289.98,3334.702270833333,3221.9347167335254,3334.702270833333,BOUNDARY_EXTREME_INVALIDATED,5.5553353625743735,0.00780506852500884,0.25215859258675377,0.684413089126692,-0.009626846801286004,0.5357681353660578,-0.12498847074141761,0.958743339521537,-0.013593478025195616,-0.015593478025195616,60.0
2024-11-13 16:30:00+00:00,2024-11-13 16:45:00+00:00,2024-11-13 19:15:00+00:00,ETHUSDT,FAILED_HIGH_CVD_DIVERGENCE,SHORT,-1.0,3331.2,3229.969307591418,3335.0,3295.24,3275.9,3338.5120625,3229.969307591418,3229.969307591418,PRIOR_VALUE_REACHED,2.5970334238912542,-0.022576605409879824,0.25079437896360274,0.1081985300660276,-0.009976094846943506,0.6394808213870504,-0.19608404313149397,0.07047201642430101,0.014020785862994045,0.012020785862994045,150.0
2024-11-14 22:30:00+00:00,2024-11-14 22:45:00+00:00,2024-11-15 04:45:00+00:00,XRPUSDT,FAILED_HIGH_CVD_DIVERGENCE,SHORT,-1.0,0.8403,0.7420870409715922,0.8478,0.8191,0.8063,0.84933375,0.7420870409715922,0.8057,SIX_HOUR_CAP,6.520195534966737,0.018638804488521066,0.22928565362106043,0.48899755501222164,-0.0420577402875133,0.9147286821705434,-0.12191839033154506,0.7310451320156274,0.0007441398983009107,-0.0012558601016990894,360.0
2024-11-15 00:00:00+00:00,2024-11-15 00:15:00+00:00,2024-11-15 04:40:00+00:00,ETHUSDT,FAILED_LOW_CVD_DIVERGENCE,LONG,1.0,3051.0,3157.193211053766,3075.44,3031.6,3084.3,3028.3832291666668,3157.193211053766,3028.3832291666668,BOUNDARY_EXTREME_INVALIDATED,1.5046817379438013,-0.11185686645575599,0.6602232247761239,0.6030892781969538,0.007598724616470376,0.7339854843799362,0.1038351084873157,0.5991244663269065,-0.01812948508035317,-0.02012948508035317,265.0
2024-11-15 00:00:00+00:00,2024-11-15 00:15:00+00:00,2024-11-15 04:35:00+00:00,SOLUSDT,FAILED_LOW_CVD_DIVERGENCE,LONG,1.0,208.41,215.79918917715253,209.96,206.85,211.72,206.56539583333333,215.79918917715253,206.56539583333333,BOUNDARY_EXTREME_INVALIDATED,1.497955908867508,-0.09856724914350246,0.6547671484580967,0.548129712319743,0.009921770654455209,0.7003367003367048,0.14991725421442537,0.5376123742340193,-0.02434632612255183,-0.026346326122551833,260.0
2024-11-15 15:00:00+00:00,2024-11-15 15:15:00+00:00,2024-11-15 21:15:00+00:00,XRPUSDT,FAILED_HIGH_CVD_DIVERGENCE,SHORT,-1.0,0.8962,0.8023295167935869,0.9158,0.871,0.8829,0.918036875,0.8023295167935869,0.8751,SIX_HOUR_CAP,8.823232033652943,0.04051458267614905,0.5646165135324381,0.8762224084939904,-0.029673590504451064,0.7068062827225134,-0.09442824610841694,4.36511441967053,0.00883452259599049,0.0068345225959904905,360.0
2024-11-17 05:30:00+00:00,2024-11-17 05:45:00+00:00,2024-11-17 06:55:00+00:00,SOLUSDT,FAILED_HIGH_CVD_DIVERGENCE,SHORT,-1.0,236.24,221.1142580135683,239.6,234.9,234.9,239.84870833333332,221.1142580135683,239.84870833333332,BOUNDARY_EXTREME_INVALIDATED,3.4662893919574596,0.039358589184532944,0.5398140186651175,1.3509800636622498,-0.009278785322648586,0.7482993197278879,-0.244019094804655,2.5278885165100298,-0.021067298141052904,-0.023067298141052905,70.0
2024-11-17 07:00:00+00:00,2024-11-17 07:15:00+00:00,2024-11-17 08:40:00+00:00,SOLUSDT,FAILED_HIGH_CVD_DIVERGENCE,SHORT,-1.0,239.6,223.21372874964644,240.29,236.88,237.28,240.54991666666666,223.21372874964644,240.54991666666666,BOUNDARY_EXTREME_INVALIDATED,2.1525703833144325,-0.03735817859193913,0.7284234463787845,0.26546970182750806,-0.010095953274926961,0.8461538461538377,-0.20034343874823235,0.41625190971165976,-0.013780835581029383,-0.015780835581029384,85.0
2024-11-18 04:30:00+00:00,2024-11-18 04:45:00+00:00,2024-11-18 10:00:00+00:00,SOLUSDT,FAILED_HIGH_CVD_DIVERGENCE,SHORT,-1.0,244.5,235.56256597723925,245.5,243.09,241.77,245.80870833333333,235.56256597723925,245.80870833333333,BOUNDARY_EXTREME_INVALIDATED,1.9621083972962505,-0.038643656842590746,1.016029562695063,0.3239303549736806,-0.007104722792607765,0.6134751773049563,-0.23961622274936334,0.6457746427961302,-0.016704753829396957,-0.01870475382939696,315.0
2024-11-18 11:00:00+00:00,2024-11-18 11:15:00+00:00,2024-11-18 17:15:00+00:00,SOLUSDT,FAILED_HIGH_CVD_DIVERGENCE,SHORT,-1.0,246.0,237.61542186825938,248.66,245.19,245.97,248.9536875,237.61542186825938,241.02,SIX_HOUR_CAP,3.2748749940470954,0.14151175678004946,0.1437529743437146,0.9057246222600536,-0.0065430752453653485,0.7677725118483487,-0.1361914912150226,0.42639071661375066,0.020124405415294477,0.018124405415294476,360.0
2024-11-18 17:30:00+00:00,2024-11-18 17:45:00+00:00,2024-11-18 18:15:00+00:00,ETHUSDT,FAILED_HIGH_CVD_DIVERGENCE,SHORT,-1.0,3190.98,3106.190491189723,3194.99,3161.0,3166.99,3197.5054166666664,3106.190491189723,3197.5054166666664,BOUNDARY_EXTREME_INVALIDATED,1.488022354095087,0.10636858743220046,0.12917806315277516,0.1594169289382051,-0.0043761062086007385,0.7291775798847546,-0.30137397830492585,0.030643097471316258,-0.00963546353688094,-0.01163546353688094,30.0
2024-11-20 19:30:00+00:00,2024-11-20 19:45:00+00:00,2024-11-21 01:45:00+00:00,ETHUSDT,FAILED_LOW_CVD_DIVERGENCE,LONG,1.0,3038.01,3101.795824757513,3052.94,3030.5,3061.08,3028.2371041666665,3101.795824757513,3089.39,SIX_HOUR_CAP,1.5383827143807558,-0.047995588147638824,0.3323385542174999,0.331875638700422,0.006282113235830833,0.8976045091592372,0.20343461530132023,0.16967602908589302,0.009248369856390548,0.007248369856390548,360.0
2024-11-21 03:00:00+00:00,2024-11-21 03:15:00+00:00,2024-11-21 03:30:00+00:00,SOLUSDT,FAILED_LOW_CVD_DIVERGENCE,LONG,1.0,230.56,235.80908682923328,232.07,229.35,234.12,229.10897916666667,235.80908682923328,235.80908682923328,PRIOR_VALUE_REACHED,2.521140278623973,-0.19005539661069148,0.8081385362009403,0.5020312905177664,0.008877014565198627,0.762962962962959,0.1745483182863763,1.0228539206496885,0.007214619977931269,0.005214619977931269,15.0
2024-11-21 19:30:00+00:00,2024-11-21 19:45:00+00:00,2024-11-22 01:45:00+00:00,BTCUSDT,FAILED_HIGH_CVD_DIVERGENCE,SHORT,-1.0,98499.9,96622.08613105225,99100.0,98198.7,98420.5,99164.133125,96622.08613105225,97928.1,SIX_HOUR_CAP,4.951069769106504,0.15470950882350465,0.11381359321395818,0.9357099003050398,-0.0035587008463937586,0.5511996236474856,-0.10370689280575596,0.5272716311720024,0.005003022744245245,0.0030030227442452446,360.0
2024-11-21 19:30:00+00:00,2024-11-21 19:45:00+00:00,2024-11-21 23:55:00+00:00,XRPUSDT,FAILED_HIGH_CVD_DIVERGENCE,SHORT,-1.0,1.2258,1.131308321746832,1.2399,1.1912,1.1798,1.24183125,1.131308321746832,1.24183125,BOUNDARY_EXTREME_INVALIDATED,3.931304542858393,-0.054373222191494985,0.1124834078498232,0.730097087378641,-0.01969256335687586,0.6139896373056979,-0.14999856369449271,0.32285370123466506,-0.05257776741820641,-0.05457776741820641,250.0
2024-11-22 05:00:00+00:00,2024-11-22 05:15:00+00:00,2024-11-22 11:15:00+00:00,ETHUSDT,FAILED_HIGH_CVD_DIVERGENCE,SHORT,-1.0,3424.16,3288.2349480315947,3429.99,3385.18,3378.86,3433.3545416666666,3288.2349480315947,3334.9,SIX_HOUR_CAP,2.947364902867981,-0.16870509939483003,0.5442099052086928,0.17327768764938029,-0.004185012938173749,0.6498855835240218,-0.0884444371432197,0.27793484204482316,0.013010305250883425,0.011010305250883425,360.0
2024-11-22 08:00:00+00:00,2024-11-22 08:15:00+00:00,2024-11-22 13:30:00+00:00,BTCUSDT,FAILED_HIGH_CVD_DIVERGENCE,SHORT,-1.0,99414.0,97813.73222654739,99537.6,99164.2,99089.7,99597.04791666668,97813.73222654739,97813.73222654739,PRIOR_VALUE_REACHED,2.1431083962436928,0.02653693871212548,0.863593435457829,0.2079130891887255,-0.0016412668282745901,0.5797153024911342,-0.06256879293804385,0.38480021093429645,0.012876896119905501,0.010876896119905501,315.0
2024-11-22 13:00:00+00:00,2024-11-22 13:15:00+00:00,2024-11-22 19:15:00+00:00,XRPUSDT,FAILED_HIGH_CVD_DIVERGENCE,SHORT,-1.0,1.495,1.3054607564653948,1.5036,1.4728,1.452,1.5067870833333334,1.3054607564653948,1.4085,SIX_HOUR_CAP,3.2292753646696024,-0.04057574573833678,0.7494023276625843,0.26983919466596773,-0.018255578093306357,0.6136363636363662,-0.14986193424928818,0.6530179950699763,0.029958677685950286,0.027958677685950284,360.0
2024-11-23 08:30:00+00:00,2024-11-23 08:45:00+00:00,2024-11-23 12:45:00+00:00,ETHUSDT,FAILED_HIGH_CVD_DIVERGENCE,SHORT,-1.0,3387.06,3320.812721182085,3406.49,3339.01,3382.19,3409.100145833333,3320.812721182085,3409.100145833333,BOUNDARY_EXTREME_INVALIDATED,3.460013382427554,0.18543223291265076,0.46235301561831377,0.7444028510539765,-0.006868139935047757,0.7282067247820657,-0.1316808965480447,1.190856690370551,-0.007956426408135764,-0.009956426408135764,240.0
2024-11-23 17:30:00+00:00,2024-11-23 17:45:00+00:00,2024-11-23 20:25:00+00:00,BTCUSDT,FAILED_LOW_CVD_DIVERGENCE,LONG,1.0,97541.2,98724.59682604346,98015.1,97368.0,98108.3,97334.15583333334,98724.59682604346,97334.15583333334,BOUNDARY_EXTREME_INVALIDATED,2.208990543116547,-0.06952304285228439,0.2233372915255722,0.5117573190850131,0.0014147231235781543,0.6954340190667526,0.14176361968382079,0.25247545541059724,-0.00789071023212784,-0.00989071023212784,160.0
2024-11-25 16:30:00+00:00,2024-11-25 16:45:00+00:00,2024-11-25 17:15:00+00:00,ETHUSDT,FAILED_HIGH_CVD_DIVERGENCE,SHORT,-1.0,3541.99,3430.036901427562,3549.91,3501.93,3474.76,3552.8597083333334,3430.036901427562,3430.036901427562,PRIOR_VALUE_REACHED,5.993743590563775,-0.0408341662775068,0.1183519423752394,0.2685011229923888,-0.00902067368433046,0.6148911353032586,-0.19475571546450587,0.19046696275582886,0.01287084534541616,0.01087084534541616,30.0
2024-11-28 01:00:00+00:00,2024-11-28 01:15:00+00:00,2024-11-28 07:15:00+00:00,SOLUSDT,FAILED_HIGH_CVD_DIVERGENCE,SHORT,-1.0,244.31,236.34601405937474,245.38,243.75,243.62,245.59060416666665,236.34601405937474,239.23,SIX_HOUR_CAP,1.4228258164103298,0.12676578602311572,0.19998069660324355,0.508062122860814,-0.0062005384678142095,0.7414634146341333,-0.21656513815946532,0.14456282683449842,0.018019867005993007,0.016019867005993005,360.0
2024-11-28 16:00:00+00:00,2024-11-28 16:15:00+00:00,2024-11-28 22:15:00+00:00,SOLUSDT,FAILED_LOW_CVD_DIVERGENCE,LONG,1.0,233.3,239.27905658750916,235.34,232.78,235.28,232.57225,239.27905658750916,236.68,SIX_HOUR_CAP,1.2570805847498163,-0.13206762380957004,0.14948078435174741,0.2503008423586092,0.009525444091650126,1.0,0.11680757395930352,0.04703387905507342,0.005950357021421215,0.003950357021421215,360.0
2024-11-29 07:30:00+00:00,2024-11-29 07:45:00+00:00,2024-11-29 10:10:00+00:00,XRPUSDT,FAILED_HIGH_CVD_DIVERGENCE,SHORT,-1.0,1.6204,1.5144376622178035,1.6475,1.6051,1.6085,1.64953375,1.5144376622178035,1.64953375,BOUNDARY_EXTREME_INVALIDATED,3.5564075939566897,-0.0010396026841876793,0.23520091830840825,1.3325138291333696,-0.009483342570355213,0.681415929203535,-0.22039587291708884,1.1146082850199461,-0.02551056885296865,-0.027510568852968653,145.0
2024-11-29 12:30:00+00:00,2024-11-29 12:45:00+00:00,2024-11-29 18:45:00+00:00,SOLUSDT,FAILED_HIGH_CVD_DIVERGENCE,SHORT,-1.0,245.64,238.34567390193698,246.88,243.93,243.27,247.05083333333332,238.34567390193698,242.05,SIX_HOUR_CAP,3.083031540488921,-0.14162089643323184,0.3240948746277874,0.7258536585365907,-0.005965758182486791,0.5328467153284634,-0.14222511732793675,0.725269143529443,0.005015003905125992,0.003015003905125992,360.0
2024-11-30 00:30:00+00:00,2024-11-30 00:45:00+00:00,2024-11-30 05:15:00+00:00,XRPUSDT,FAILED_HIGH_CVD_DIVERGENCE,SHORT,-1.0,1.8162,1.674022791536693,1.8688,1.7974,1.7763,1.871754375,1.674022791536693,1.871754375,BOUNDARY_EXTREME_INVALIDATED,5.790998756617046,0.001341691083173835,0.3819232607719909,1.780410408292785,-0.028016415868672984,0.7687687687687675,-0.13372630564068821,3.937764195342364,-0.05373775544671511,-0.05573775544671511,270.0
2024-12-01 03:00:00+00:00,2024-12-01 03:15:00+00:00,2024-12-01 08:15:00+00:00,BTCUSDT,FAILED_LOW_CVD_DIVERGENCE,LONG,1.0,96095.2,96656.23324026512,96197.0,95736.5,96227.9,95709.96791666666,96656.23324026512,96656.23324026512,PRIOR_VALUE_REACHED,1.5934866260512908,-0.33987601654575095,0.15386882000335833,1.3519481131334588,0.003996039434544851,0.8547199285873578,0.36423267387067115,0.33148132801770397,0.004451237533658503,0.002451237533658503,300.0
2024-12-01 13:30:00+00:00,2024-12-01 13:45:00+00:00,2024-12-01 18:10:00+00:00,BTCUSDT,FAILED_HIGH_CVD_DIVERGENCE,SHORT,-1.0,97250.0,96634.59040825622,97481.3,96705.3,97185.4,97508.71833333334,96634.59040825622,97508.71833333334,BOUNDARY_EXTREME_INVALIDATED,1.7367514160918864,0.23240221360098245,0.5069123448625389,0.843596133973631,-0.0016897808831852767,0.517784073024871,-0.21716830719014435,0.7426857825934178,-0.003326820009315723,-0.005326820009315723,265.0
2024-12-01 18:30:00+00:00,2024-12-01 18:45:00+00:00,2024-12-01 21:50:00+00:00,BTCUSDT,FAILED_HIGH_CVD_DIVERGENCE,SHORT,-1.0,97481.3,96772.7070809206,97632.8,97354.0,97357.9,97660.88541666667,96772.7070809206,97660.88541666667,BOUNDARY_EXTREME_INVALIDATED,1.0456917242736525,0.19858137930271713,0.46439354182145814,0.5394258586158303,-0.0014400251081301274,0.7062374245473689,-0.3366319739382554,0.26195193086052737,-0.003112078389803763,-0.005112078389803763,185.0
2024-12-01 22:00:00+00:00,2024-12-01 22:15:00+00:00,2024-12-02 01:25:00+00:00,BTCUSDT,FAILED_HIGH_CVD_DIVERGENCE,SHORT,-1.0,97632.8,96820.90531591642,97878.9,97307.3,97606.5,97909.82083333333,96820.90531591642,97909.82083333333,BOUNDARY_EXTREME_INVALIDATED,1.0484169433960162,0.2516022941628169,0.23045698814255153,0.7959035170461943,-0.0024701527468057316,0.5722064393939403,-0.3195542332905613,0.19230223709980798,-0.0031075884631999173,-0.005107588463199917,190.0
2024-12-02 04:30:00+00:00,2024-12-02 04:45:00+00:00,2024-12-02 08:20:00+00:00,ETHUSDT,FAILED_LOW_CVD_DIVERGENCE,LONG,1.0,3675.01,3715.0790629488292,3699.4,3650.03,3691.49,3647.891791666667,3715.0790629488292,3647.891791666667,BOUNDARY_EXTREME_INVALIDATED,4.118907261102126,-0.049207827689022876,0.36118569041780746,1.168267825476938,0.0039516339584872995,0.7080896686159727,0.006394973127335168,1.7380207852109022,-0.011810463615865907,-0.013810463615865907,215.0
2024-12-02 04:30:00+00:00,2024-12-02 04:45:00+00:00,2024-12-02 07:25:00+00:00,BTCUSDT,FAILED_LOW_CVD_DIVERGENCE,LONG,1.0,96249.1,97229.84793447301,96719.0,96155.6,96840.3,96120.32562500001,97229.84793447301,96120.32562500001,BOUNDARY_EXTREME_INVALIDATED,3.977337548425077,0.08378564878098116,0.47719558349629887,0.2650649373660067,0.0032893782608875988,0.6817693794288211,0.2203386659847617,0.5030847457653299,-0.007434656594413558,-0.009434656594413558,160.0
2024-12-02 06:30:00+00:00,2024-12-02 06:45:00+00:00,2024-12-02 08:25:00+00:00,SOLUSDT,FAILED_LOW_CVD_DIVERGENCE,LONG,1.0,226.43,234.69731389393914,228.69,226.05,228.09,225.87235416666667,234.69731389393914,225.87235416666667,BOUNDARY_EXTREME_INVALIDATED,1.5819194596398596,-0.19943790893886448,0.1797857874842154,0.21390876040811305,0.003652204523453273,0.6916666666666672,0.05760856066775566,0.06083707091324349,-0.00972267891329448,-0.01172267891329448,100.0
2024-12-02 13:00:00+00:00,2024-12-02 13:15:00+00:00,2024-12-02 14:45:00+00:00,BTCUSDT,FAILED_LOW_CVD_DIVERGENCE,LONG,1.0,94887.0,96588.98895402065,95480.0,94826.0,95458.8,94783.2275,96588.98895402065,96588.98895402065,PRIOR_VALUE_REACHED,1.913198719634828,-0.1650059526713632,0.22684915458635188,0.14261499795429344,0.004469979165351301,0.6425654212675972,0.1062337642435236,0.06189598045098139,0.011839547050880972,0.009839547050880972,90.0
2024-12-03 22:00:00+00:00,2024-12-03 22:15:00+00:00,2024-12-04 02:10:00+00:00,SOLUSDT,FAILED_HIGH_CVD_DIVERGENCE,SHORT,-1.0,237.5,225.2947304532961,239.81,235.21,236.02,240.0768875,225.2947304532961,240.0768875,BOUNDARY_EXTREME_INVALIDATED,5.663468680368093,-0.016751706552274315,0.2414396069802909,0.8655332302936641,-0.006984180410636087,0.5971223021582719,-0.05946356302788203,1.183517720721215,-0.017188744597915306,-0.019188744597915308,235.0
2024-12-04 02:00:00+00:00,2024-12-04 02:15:00+00:00,2024-12-04 02:20:00+00:00,BTCUSDT,FAILED_HIGH_CVD_DIVERGENCE,SHORT,-1.0,96375.0,95303.34791580708,96740.0,95766.0,95468.6,96788.0625,95303.34791580708,95303.34791580708,PRIOR_VALUE_REACHED,2.694740351104053,0.12078289175448376,0.16903958233331917,0.759427828348506,-0.008622113025174571,0.899274342033993,-0.23062368387010002,0.3459328810575619,0.0017309574477150091,-0.0002690425522849909,5.0
2024-12-04 05:30:00+00:00,2024-12-04 05:45:00+00:00,2024-12-04 11:45:00+00:00,SOLUSDT,FAILED_HIGH_CVD_DIVERGENCE,SHORT,-1.0,240.86,228.65571219449734,241.07,237.73,238.53,241.36861666666667,228.65571219449734,236.06,SIX_HOUR_CAP,1.7111394246496185,0.10784004626499866,0.8813931658324753,0.07032427303677383,-0.005876469117279348,0.7747252747252757,-0.41962874448924203,0.10606212587416422,0.010355091602733402,0.008355091602733402,360.0
2024-12-04 08:00:00+00:00,2024-12-04 08:15:00+00:00,2024-12-04 09:45:00+00:00,ETHUSDT,FAILED_HIGH_CVD_DIVERGENCE,SHORT,-1.0,3712.28,3613.9969733931343,3724.77,3701.0,3708.63,3727.3655416666666,3613.9969733931343,3727.3655416666666,BOUNDARY_EXTREME_INVALIDATED,1.7499021741311354,0.052196991884791766,0.49421543411712165,0.4812097667474593,-0.0024638293179549686,0.5928802588996739,-0.20182212825754575,0.4161639990306673,-0.005051876748736417,-0.007051876748736417,90.0
2024-12-04 10:30:00+00:00,2024-12-04 10:45:00+00:00,2024-12-04 11:35:00+00:00,ETHUSDT,FAILED_HIGH_CVD_DIVERGENCE,SHORT,-1.0,3734.45,3622.4051028026356,3744.41,3721.23,3720.43,3747.022145833333,3622.4051028026356,3747.022145833333,BOUNDARY_EXTREME_INVALIDATED,1.6695289352248144,-0.06553611870767151,0.3284530357960374,0.38129570994473105,-0.0026512470779987973,0.5925704014380045,-0.18696426225695273,0.20908801980571773,-0.007147600098196483,-0.009147600098196483,50.0
2024-12-05 10:30:00+00:00,2024-12-05 10:45:00+00:00,2024-12-05 11:40:00+00:00,SOLUSDT,FAILED_HIGH_CVD_DIVERGENCE,SHORT,-1.0,238.95,232.10379283769126,240.0,237.02,238.26,240.304625,232.10379283769126,240.304625,BOUNDARY_EXTREME_INVALIDATED,2.866862419673212,0.1704840073265117,0.7851703592201094,0.34468608945425055,-0.003513174404015107,0.5,-0.09616984532158845,0.7758799066668672,-0.00858148661126501,-0.01058148661126501,55.0
2024-12-06 02:00:00+00:00,2024-12-06 02:15:00+00:00,2024-12-06 08:15:00+00:00,SOLUSDT,FAILED_HIGH_CVD_DIVERGENCE,SHORT,-1.0,246.5,236.8810591897644,247.32,243.96,242.98,247.68464583333332,236.8810591897644,239.39,SIX_HOUR_CAP,2.668180429983166,-0.1119715072919526,0.1598011254599729,0.22487573558818308,-0.004465931904781395,0.66871165644171,-0.10285764371099926,0.09588211937869294,0.014774878590830487,0.012774878590830487,360.0
2024-12-06 18:30:00+00:00,2024-12-06 18:45:00+00:00,2024-12-06 20:35:00+00:00,BTCUSDT,FAILED_HIGH_CVD_DIVERGENCE,SHORT,-1.0,101567.5,97950.7681736934,101840.2,100668.6,100925.1,101937.43333333333,97950.7681736934,101937.43333333333,BOUNDARY_EXTREME_INVALIDATED,4.568519625061111,0.059488918968167326,0.7310957534606413,0.2804593760713035,-0.00664076110386036,0.8984021304926726,-0.19210503071571006,0.9367414109946706,-0.010030540800388899,-0.012030540800388899,110.0
2024-12-06 21:00:00+00:00,2024-12-06 21:15:00+00:00,2024-12-07 03:15:00+00:00,BTCUSDT,FAILED_HIGH_CVD_DIVERGENCE,SHORT,-1.0,101907.5,97966.3487638074,101988.8,101132.6,101117.3,102078.16,97966.3487638074,99676.4,SIX_HOUR_CAP,2.1689338421309317,-0.09914520349259726,0.5470757063066656,0.09098030438675357,-0.0032597981231763384,0.7081370449678739,-0.2054279616443263,0.10795459199530144,0.014249787128414293,0.012249787128414293,360.0
2024-12-07 22:30:00+00:00,2024-12-07 22:45:00+00:00,2024-12-07 23:00:00+00:00,SOLUSDT,FAILED_HIGH_CVD_DIVERGENCE,SHORT,-1.0,243.47,239.14252205756011,243.89,240.15,239.77,244.05804166666664,239.14252205756011,239.14252205756011,PRIOR_VALUE_REACHED,1.0922775443015031,-0.08157154982675296,0.2904136379427235,0.24993801140589406,-0.002080992217089128,0.5319148936170226,-0.1842852615114674,0.0792834102767182,0.0026169993845764905,0.0006169993845764905,15.0
2024-12-08 09:00:00+00:00,2024-12-08 09:15:00+00:00,2024-12-08 09:50:00+00:00,BTCUSDT,FAILED_LOW_CVD_DIVERGENCE,LONG,1.0,99101.7,99811.82718748623,99550.3,98997.7,99239.6,98966.36291666667,99811.82718748623,98966.36291666667,BOUNDARY_EXTREME_INVALIDATED,1.1568327096614317,-0.2544368937470942,0.6301925455728434,0.3318751745136885,0.002070995461177727,0.5713091922005733,0.14351122452367582,0.24194607904084023,-0.002753306979606296,-0.004753306979606296,35.0
2024-12-08 10:00:00+00:00,2024-12-08 10:15:00+00:00,2024-12-08 11:40:00+00:00,BTCUSDT,FAILED_LOW_CVD_DIVERGENCE,LONG,1.0,98928.3,99769.28108623037,99366.8,98709.4,99478.0,98677.42916666665,99769.28108623037,99769.28108623037,PRIOR_VALUE_REACHED,1.823443717289577,-0.21397718561254964,0.42982644059202657,0.6846865632738446,0.005418331364164253,0.9852968204374197,0.29406495412153366,0.5366329004730335,0.002928095520922991,0.0009280955209229908,85.0
2024-12-08 18:30:00+00:00,2024-12-08 18:45:00+00:00,2024-12-08 20:05:00+00:00,XRPUSDT,FAILED_HIGH_CVD_DIVERGENCE,SHORT,-1.0,2.6227,2.554700594733683,2.6488,2.6002,2.6226,2.6518545833333333,2.554700594733683,2.554700594733683,PRIOR_VALUE_REACHED,1.4337478077181112,-0.0024022372317320517,0.44479021092226084,0.8544536898103943,-0.006214475179992407,0.6978723404255218,-0.12671211520614334,0.5448996349930342,0.0258901110601375,0.023890111060137498,80.0
2024-12-09 09:00:00+00:00,2024-12-09 09:15:00+00:00,2024-12-09 09:40:00+00:00,ETHUSDT,FAILED_LOW_CVD_DIVERGENCE,LONG,1.0,3883.0,3957.475190897214,3903.0,3863.05,3887.72,3860.9421666666667,3957.475190897214,3860.9421666666667,BOUNDARY_EXTREME_INVALIDATED,3.2363978953266046,-0.12368231210586156,0.16452049179736755,0.9464695184628694,0.004656691733209373,0.8342592592592619,0.18920677078430503,0.5039512665052106,-0.006887798846967663,-0.008887798846967663,25.0
2024-12-09 10:00:00+00:00,2024-12-09 10:15:00+00:00,2024-12-09 11:50:00+00:00,XRPUSDT,FAILED_LOW_CVD_DIVERGENCE,LONG,1.0,2.3639,2.5164963489874563,2.4048,2.3553,2.4161,2.3518827083333336,2.5164963489874563,2.3518827083333336,BOUNDARY_EXTREME_INVALIDATED,1.2915218855043071,0.034685908428254475,0.25183315389521127,0.2516612814728996,0.010286431110181793,0.7151162790697618,0.10978241259723243,0.08185233596373274,-0.026578904708690287,-0.02857890470869029,95.0
2024-12-12 20:00:00+00:00,2024-12-12 20:15:00+00:00,2024-12-12 22:10:00+00:00,XRPUSDT,FAILED_LOW_CVD_DIVERGENCE,LONG,1.0,2.35,2.418363976130779,2.4105,2.3382,2.3679,2.33509,2.418363976130779,2.33509,BOUNDARY_EXTREME_INVALIDATED,3.35576279862711,-0.055074285651360966,0.578994298902187,0.3794212218649528,0.009033962585758948,0.7517730496454017,0.06115779251338771,0.7372031138489765,-0.013856159466193674,-0.015856159466193676,115.0
2024-12-13 07:30:00+00:00,2024-12-13 07:45:00+00:00,2024-12-13 13:40:00+00:00,SOLUSDT,FAILED_LOW_CVD_DIVERGENCE,LONG,1.0,224.0,229.46332112998186,224.55,223.08,224.56,222.89554583333336,229.46332112998186,222.89554583333336,BOUNDARY_EXTREME_INVALIDATED,1.467018365932949,0.03073099646992583,0.15286920027161177,0.49876889019403414,0.004023964946794356,0.7258064516129025,0.10503377952007642,0.11185487113775447,-0.007412068786367354,-0.009412068786367354,355.0
2024-12-13 14:30:00+00:00,2024-12-13 14:45:00+00:00,2024-12-13 15:55:00+00:00,SOLUSDT,FAILED_LOW_CVD_DIVERGENCE,LONG,1.0,222.43,228.00840994041718,223.89,221.99,224.14,221.816875,228.00840994041718,221.816875,BOUNDARY_EXTREME_INVALIDATED,1.4608864090697837,-0.001847371298579259,0.3151057930832535,0.25415162454873524,0.005833782085801431,0.7103825136611991,0.08587755684071396,0.11699457561598292,-0.010364615865084192,-0.012364615865084192,70.0
2024-12-13 16:30:00+00:00,2024-12-13 16:45:00+00:00,2024-12-13 22:45:00+00:00,SOLUSDT,FAILED_LOW_CVD_DIVERGENCE,LONG,1.0,220.6,226.77998865159145,222.23,220.5,222.14,220.32291666666666,226.77998865159145,223.64,SIX_HOUR_CAP,2.4834400797853045,0.022074023846623936,0.2629226400990324,0.05647058823529095,0.006752775889417473,0.6394849785407686,0.10021753472941497,0.03687261867133368,0.006752498424416942,0.004752498424416942,360.0
2024-12-13 18:00:00+00:00,2024-12-13 18:15:00+00:00,2024-12-13 18:40:00+00:00,BTCUSDT,FAILED_HIGH_CVD_DIVERGENCE,SHORT,-1.0,101659.1,100194.91822931865,101750.0,100960.3,101529.8,101799.16916666667,100194.91822931865,101799.16916666667,BOUNDARY_EXTREME_INVALIDATED,3.2839681039440647,-0.06194944647809397,0.9894590497370194,0.18487195566325942,-0.0017137952157287861,0.6354356543930042,-0.1529929745410099,0.6007140513901172,-0.002653104474417134,-0.004653104474417134,25.0
2024-12-13 19:00:00+00:00,2024-12-13 19:15:00+00:00,2024-12-14 01:05:00+00:00,BTCUSDT,FAILED_HIGH_CVD_DIVERGENCE,SHORT,-1.0,101782.3,100267.57746359777,101869.5,101410.7,101286.0,101918.28458333333,100267.57746359777,101918.28458333333,BOUNDARY_EXTREME_INVALIDATED,1.4130103110528798,-0.00701982295394421,0.9190138086899069,0.1787449928683011,-0.0016155757669548132,0.8294534412954927,-0.2374939389156111,0.2321139556565972,-0.006242566429055518,-0.008242566429055518,350.0
2024-12-14 14:00:00+00:00,2024-12-14 14:15:00+00:00,2024-12-14 17:20:00+00:00,SOLUSDT,FAILED_LOW_CVD_DIVERGENCE,LONG,1.0,220.5,223.63178373175822,222.47,220.33,221.81,220.1916666666667,223.63178373175822,220.1916666666667,BOUNDARY_EXTREME_INVALIDATED,1.6246827286745984,-0.03826721892122342,0.8543880765713355,0.12289156626505134,0.004619774446306568,0.7906976744186175,0.18955555738745877,0.17058695694249107,-0.0072960341433357945,-0.009296034143335795,185.0
2024-12-14 21:00:00+00:00,2024-12-14 21:15:00+00:00,2024-12-15 03:15:00+00:00,SOLUSDT,FAILED_LOW_CVD_DIVERGENCE,LONG,1.0,216.64,222.497639658374,216.93,215.04,216.85,214.9145625,222.497639658374,220.49,SIX_HOUR_CAP,1.7451300015682576,-0.10185901701609879,0.30570017678573647,1.275535625311406,0.005937746439671487,0.8590604026845593,0.25602346716386415,0.6804811001411951,0.01678579663361779,0.014785796633617789,360.0
2024-12-14 21:00:00+00:00,2024-12-14 21:15:00+00:00,2024-12-15 01:25:00+00:00,BTCUSDT,FAILED_LOW_CVD_DIVERGENCE,LONG,1.0,100777.0,101558.61725528522,101141.4,100559.8,101075.5,100527.12979166667,101558.61725528522,101558.61725528522,PRIOR_VALUE_REACHED,1.0452888835464773,-0.2410017613436477,0.2977632496420985,0.6648258798472004,0.0034329497655607444,0.9793259699801676,0.3913922081658998,0.20692613417204342,0.004779766167718469,0.002779766167718469,250.0
2024-12-15 22:00:00+00:00,2024-12-15 22:15:00+00:00,2024-12-15 23:10:00+00:00,XRPUSDT,FAILED_LOW_CVD_DIVERGENCE,LONG,1.0,2.3733,2.4132837796538644,2.3907,2.3652,2.3771,2.3633593750000004,2.4132837796538644,2.4132837796538644,PRIOR_VALUE_REACHED,1.152891687940922,0.05008520372556746,0.9584154767401606,0.44006791171475823,0.003842905405405439,0.7647058823529631,0.10709285510051192,0.4862527031575605,0.015221816353482964,0.013221816353482964,55.0
2024-12-17 10:30:00+00:00,2024-12-17 10:45:00+00:00,2024-12-17 12:35:00+00:00,SOLUSDT,FAILED_HIGH_CVD_DIVERGENCE,SHORT,-1.0,222.3,216.58268978491932,223.81,221.5,221.68,223.99748333333335,216.58268978491932,223.99748333333335,BOUNDARY_EXTREME_INVALIDATED,2.9682888064566857,0.0019798642681474465,0.6249296571325552,0.8054049248822077,-0.005294803912770374,0.9291338582677144,-0.16166603877753605,1.4940033476015364,-0.010454183207025292,-0.012454183207025292,110.0
2024-12-17 15:00:00+00:00,2024-12-17 15:15:00+00:00,2024-12-17 15:20:00+00:00,BTCUSDT,FAILED_HIGH_CVD_DIVERGENCE,SHORT,-1.0,107777.0,106476.66869317622,108366.8,107004.9,106906.7,108419.04729166666,106476.66869317622,106476.66869317622,PRIOR_VALUE_REACHED,6.531806630516445,0.11482679441248211,0.40452502217403163,1.1288623413494403,-0.012137290450396465,0.9396909429102857,-0.1506550009568547,2.9827695090979964,0.0040224916382581855,0.0020224916382581854,5.0
2024-12-18 16:30:00+00:00,2024-12-18 16:45:00+00:00,2024-12-18 20:00:00+00:00,XRPUSDT,FAILED_LOW_CVD_DIVERGENCE,LONG,1.0,2.45,2.5500561750342374,2.4825,2.4226,2.4704,2.4192235416666668,2.5500561750342374,2.4192235416666668,BOUNDARY_EXTREME_INVALIDATED,2.758160176324807,-0.15583920643897498,0.7002239220777531,0.8115012031838125,0.013123359580052396,0.993788819875777,0.2054535873367267,1.5672764048209595,-0.02071585910513818,-0.02271585910513818,195.0
2024-12-19 00:00:00+00:00,2024-12-19 00:15:00+00:00,2024-12-19 02:00:00+00:00,ETHUSDT,FAILED_LOW_CVD_DIVERGENCE,LONG,1.0,3626.0,3794.333749102177,3659.15,3615.01,3650.34,3611.710604166667,3794.333749102177,3611.710604166667,BOUNDARY_EXTREME_INVALIDATED,2.134652797126745,-0.15423864232104667,0.2345307714987538,0.33309128565203866,0.006876463627562224,0.9247032640949651,0.10955136084813577,0.16675940995174623,-0.010582410359948113,-0.012582410359948113,105.0
2024-12-20 09:30:00+00:00,2024-12-20 09:45:00+00:00,2024-12-20 10:15:00+00:00,SOLUSDT,FAILED_LOW_CVD_DIVERGENCE,LONG,1.0,180.0,195.89773129553453,183.39,178.35,184.55,178.02646875,195.89773129553453,178.02646875,BOUNDARY_EXTREME_INVALIDATED,6.860202822129783,-0.03621913135973687,0.34849713508289065,0.5099971022891931,0.009352439291183678,0.681274900398412,0.06590630226725858,1.2192811973618212,-0.03534831346518574,-0.037348313465185745,30.0
2024-12-22 15:00:00+00:00,2024-12-22 15:15:00+00:00,2024-12-22 19:45:00+00:00,ETHUSDT,FAILED_LOW_CVD_DIVERGENCE,LONG,1.0,3291.03,3354.8984000316887,3329.2,3273.0,3296.3,3270.0705208333334,3354.8984000316887,3270.0705208333334,BOUNDARY_EXTREME_INVALIDATED,3.5936975823980233,-0.13023727946505914,0.12382201735077579,0.615467766596743,0.006046104215181591,0.7293814432989877,0.22346906539146816,0.27387016016507315,-0.007957248783990178,-0.009957248783990178,270.0
2024-12-22 20:30:00+00:00,2024-12-22 20:45:00+00:00,2024-12-23 01:25:00+00:00,SOLUSDT,FAILED_LOW_CVD_DIVERGENCE,LONG,1.0,177.68,182.30907627492377,179.1,176.77,179.58,176.55618541666666,182.30907627492377,176.55618541666666,BOUNDARY_EXTREME_INVALIDATED,1.4477074543171782,0.006597037542617201,0.29452265408497874,0.4256024008340546,0.005261979399910688,0.7286821705426604,0.1309172950205617,0.18146947601728108,-0.016838259178824755,-0.018838259178824757,280.0
2024-12-23 01:30:00+00:00,2024-12-23 01:45:00+00:00,2024-12-23 02:15:00+00:00,XRPUSDT,FAILED_LOW_CVD_DIVERGENCE,LONG,1.0,2.1597,2.225289999218437,2.1905,2.135,2.1809,2.132400833333333,2.225289999218437,2.132400833333333,BOUNDARY_EXTREME_INVALIDATED,1.415955020445756,-0.0880650406466863,0.8893185409044134,0.9503045848028275,0.00869524998843696,0.5611940298507361,0.04223197922683708,1.1966568439909049,-0.022238143274183497,-0.0242381432741835,30.0
2024-12-23 01:30:00+00:00,2024-12-23 01:45:00+00:00,2024-12-23 03:15:00+00:00,SOLUSDT,FAILED_LOW_CVD_DIVERGENCE,LONG,1.0,176.77,182.01347501680831,180.09,176.36,180.79,176.14562291666667,182.01347501680831,182.01347501680831,PRIOR_VALUE_REACHED,1.6558953854498055,0.004092287609126721,0.3431496255562616,0.19125178569693058,0.007804225430626088,0.5363984674329496,0.003651757533840616,0.10867306700105908,0.006767382138438638,0.004767382138438638,90.0
2024-12-23 01:30:00+00:00,2024-12-23 01:45:00+00:00,2024-12-23 03:15:00+00:00,ETHUSDT,FAILED_LOW_CVD_DIVERGENCE,LONG,1.0,3219.59,3315.488614015123,3262.56,3214.81,3279.93,3211.7875625,3315.488614015123,3315.488614015123,PRIOR_VALUE_REACHED,1.8965111203378002,-0.09948457464750404,0.2215588687134088,0.1581504993899859,0.008818119744345099,0.6261192400087277,0.11215996433347297,0.06645307778211862,0.010841272226883802,0.008841272226883802,90.0
2024-12-23 19:00:00+00:00,2024-12-23 19:15:00+00:00,2024-12-23 20:10:00+00:00,BTCUSDT,FAILED_LOW_CVD_DIVERGENCE,LONG,1.0,92897.6,94802.5468184589,93380.0,92634.7,93402.0,92565.38333333333,94802.5468184589,92565.38333333333,BOUNDARY_EXTREME_INVALIDATED,1.4901248748678582,-0.23334456010666005,0.13917136348986167,0.37927386390960577,0.007494563529046427,0.9107353519465307,0.01531878499836492,0.0786548419594029,-0.00895716008936287,-0.01095716008936287,55.0
2024-12-24 16:30:00+00:00,2024-12-24 16:45:00+00:00,2024-12-24 18:15:00+00:00,ETHUSDT,FAILED_HIGH_CVD_DIVERGENCE,SHORT,-1.0,3509.5,3401.1035509937233,3517.35,3486.6,3481.43,3520.3032916666666,3401.1035509937233,3520.3032916666666,BOUNDARY_EXTREME_INVALIDATED,1.594485618065691,0.0068768908695580055,0.5944854420655339,0.26580510447381867,-0.006863519793238626,0.8617478510028611,-0.15667482596893845,0.251956256506604,-0.011165897825510473,-0.013165897825510474,90.0
2024-12-26 09:00:00+00:00,2024-12-26 09:15:00+00:00,2024-12-26 13:10:00+00:00,ETHUSDT,FAILED_LOW_CVD_DIVERGENCE,LONG,1.0,3362.26,3464.1856364790033,3377.39,3345.0,3377.1,3342.78825,3464.1856364790033,3342.78825,BOUNDARY_EXTREME_INVALIDATED,2.561042682325897,-0.024075104213984955,0.2120107644035388,0.7803775291059213,0.003500410065016002,0.7679269882659702,0.1968349706175836,0.42372050752142715,-0.010160122590388121,-0.012160122590388121,235.0
2024-12-26 21:30:00+00:00,2024-12-26 21:45:00+00:00,2024-12-27 03:45:00+00:00,SOLUSDT,FAILED_LOW_CVD_DIVERGENCE,LONG,1.0,187.1,191.83589682216754,188.83,186.53,189.72,186.37073333333333,191.83589682216754,189.29,SIX_HOUR_CAP,1.3549875949155226,-0.06260998244643767,0.3016288277839465,0.35789033068228965,0.005245588936576118,0.860869565217395,0.13624341972168486,0.14627096631574343,-0.0022664979970483667,-0.004266497997048367,360.0
2024-12-27 17:30:00+00:00,2024-12-27 17:45:00+00:00,2024-12-27 23:45:00+00:00,BTCUSDT,FAILED_LOW_CVD_DIVERGENCE,LONG,1.0,93982.4,95757.88441922606,94328.9,93440.0,94224.0,93383.02020833333,95757.88441922606,94337.6,SIX_HOUR_CAP,3.1920637953807054,-0.08562192726579387,0.29492939712041205,0.9519164323608799,0.005206110779209627,0.8416695412211065,0.15350128628111337,0.8961659717350653,0.001205637629478673,-0.000794362370521327,360.0
2024-12-28 14:30:00+00:00,2024-12-28 14:45:00+00:00,2024-12-28 17:25:00+00:00,XRPUSDT,FAILED_HIGH_CVD_DIVERGENCE,SHORT,-1.0,2.1878,2.154380079047152,2.194,2.1667,2.1691,2.1955197916666664,2.154380079047152,2.1955197916666664,BOUNDARY_EXTREME_INVALIDATED,1.67997518193231,0.1055504129082312,0.4817501684159817,0.40795065113089596,-0.005775312829445101,0.7200000000000193,-0.008590603493850879,0.33016601790920547,-0.012180070843514246,-0.014180070843514246,160.0
2024-12-28 17:30:00+00:00,2024-12-28 17:45:00+00:00,2024-12-28 22:30:00+00:00,XRPUSDT,FAILED_HIGH_CVD_DIVERGENCE,SHORT,-1.0,2.194,2.1607467997291883,2.2033,2.184,2.193,2.20468625,2.1607467997291883,2.20468625,BOUNDARY_EXTREME_INVALIDATED,1.17272408258143,0.12251582294765595,0.27877260149607236,0.670874661857536,-0.0028645478106670286,0.5675675675675708,-0.07642807644681593,0.2193245874154306,-0.005328887368901025,-0.007328887368901025,285.0
2024-12-29 22:30:00+00:00,2024-12-29 22:45:00+00:00,2024-12-29 23:15:00+00:00,SOLUSDT,FAILED_LOW_CVD_DIVERGENCE,LONG,1.0,190.21,194.48140068166884,190.83,189.0,190.57,188.88116666666667,194.48140068166884,188.88116666666667,BOUNDARY_EXTREME_INVALIDATED,1.313338947467696,-0.0887439106464748,0.5477266598540339,1.0182328190743397,0.004321475625823412,0.7256637168141562,0.2946901700411848,0.7324665471187357,-0.008862010459848468,-0.010862010459848468,30.0
2024-12-29 23:30:00+00:00,2024-12-29 23:45:00+00:00,2024-12-30 01:40:00+00:00,SOLUSDT,FAILED_LOW_CVD_DIVERGENCE,LONG,1.0,189.0,194.2160337765295,189.91,188.5,189.87,188.38158333333334,194.2160337765295,194.2160337765295,PRIOR_VALUE_REACHED,1.1245120301510276,-0.05619480985158065,0.5352315793641514,0.42223786066150576,0.0024285940552242202,0.5227272727272845,0.03930527630164948,0.2541341378937604,0.022889523234473685,0.020889523234473684,115.0
2024-12-30 02:00:00+00:00,2024-12-30 02:15:00+00:00,2024-12-30 08:15:00+00:00,ETHUSDT,FAILED_HIGH_CVD_DIVERGENCE,SHORT,-1.0,3429.94,3375.0264489089263,3436.86,3407.71,3409.44,3438.4857291666667,3375.0264489089263,3421.27,SIX_HOUR_CAP,2.4589901552635274,-0.1292668957222174,0.453392460067762,0.42565515473826276,-0.0030527386925857103,0.6141176470588268,-0.14959739020564222,0.47455765209637285,-0.003469778028063253,-0.005469778028063253,360.0
2024-12-30 20:30:00+00:00,2024-12-30 20:45:00+00:00,2024-12-30 21:45:00+00:00,SOLUSDT,FAILED_HIGH_CVD_DIVERGENCE,SHORT,-1.0,196.2,191.04891728503733,196.4,195.26,195.02,196.58922916666668,191.04891728503733,191.04891728503733,PRIOR_VALUE_REACHED,1.1036818174474787,0.06518620477590287,0.7492035372886743,0.1056919519982475,-0.002251099969303172,0.5432098765432055,-0.1553307192841663,0.08739480665044567,0.02036243828818929,0.018362438288189287,60.0
2025-01-01 10:00:00+00:00,2025-01-01 10:15:00+00:00,2025-01-01 16:15:00+00:00,SOLUSDT,FAILED_LOW_CVD_DIVERGENCE,LONG,1.0,188.04,193.82826971743307,189.15,187.82,189.59,187.68191249999998,193.82826971743307,191.07,SIX_HOUR_CAP,1.170500318474794,0.11394295684623734,0.18463135766522235,0.15931927220059658,0.0027503041201670797,0.8000000000000087,0.06736685975245815,0.03443065726330518,0.007806318898676112,0.005806318898676112,360.0
2025-01-01 13:30:00+00:00,2025-01-01 13:45:00+00:00,2025-01-01 15:45:00+00:00,XRPUSDT,FAILED_HIGH_CVD_DIVERGENCE,SHORT,-1.0,2.1736,2.116252344372712,2.1844,2.1651,2.1616,2.1861618750000003,2.116252344372712,2.1861618750000003,BOUNDARY_EXTREME_INVALIDATED,3.4528677887539487,-0.018802707133286134,0.6243705698447278,0.6129833274210794,-0.00354953210713127,0.52739726027397,-0.2006407727968622,1.3215117707963753,-0.01136282152109569,-0.01336282152109569,120.0
2025-01-01 21:30:00+00:00,2025-01-01 21:45:00+00:00,2025-01-02 00:30:00+00:00,BTCUSDT,FAILED_HIGH_CVD_DIVERGENCE,SHORT,-1.0,94850.0,93831.62935811061,95161.2,94661.0,94779.3,95196.15416666666,93831.62935811061,95196.15416666666,BOUNDARY_EXTREME_INVALIDATED,1.6592577289163866,0.22417989026979934,0.690776438567815,0.8903087376326096,-0.0017021115241164786,0.5734563520226742,-0.1829346076681787,1.0204506364452663,-0.00439815620780748,-0.00639815620780748,165.0
2025-01-01 21:30:00+00:00,2025-01-01 21:45:00+00:00,2025-01-01 22:30:00+00:00,ETHUSDT,FAILED_HIGH_CVD_DIVERGENCE,SHORT,-1.0,3368.02,3342.067255509049,3371.12,3352.0,3361.17,3372.5657708333333,3342.067255509049,3372.5657708333333,BOUNDARY_EXTREME_INVALIDATED,1.3484614703241902,0.05551261101975169,0.8502203932401989,0.21441849071284824,-0.001624765344675927,0.6030871003307581,-0.1471259846751486,0.2458285356792889,-0.003390417870364537,-0.005390417870364537,45.0
2025-01-02 03:00:00+00:00,2025-01-02 03:15:00+00:00,2025-01-02 04:15:00+00:00,SOLUSDT,FAILED_HIGH_CVD_DIVERGENCE,SHORT,-1.0,198.88,192.26519178488303,199.38,197.86,198.32,199.50885833333334,192.26519178488303,199.50885833333334,BOUNDARY_EXTREME_INVALIDATED,1.6555479359582415,0.09571183544607331,0.23399915394044998,0.3880230226993466,-0.005017057997190433,0.7042253521126822,-0.2261590523711936,0.15031888365339968,-0.005994646698937789,-0.007994646698937789,60.0
2025-01-02 03:30:00+00:00,2025-01-02 03:45:00+00:00,2025-01-02 04:15:00+00:00,SOLUSDT,FAILED_HIGH_CVD_DIVERGENCE,SHORT,-1.0,199.38,192.49895370721737,199.63,197.99,197.83,199.7600875,192.49895370721737,199.7600875,BOUNDARY_EXTREME_INVALIDATED,1.4247039538716357,-0.12505978797303396,0.2519538986529743,0.1921783415009128,-0.003726645515435223,0.7628865979381253,-0.16705027069953637,0.06898428281046715,-0.009756293282110917,-0.011756293282110917,30.0
2025-01-02 05:00:00+00:00,2025-01-02 05:15:00+00:00,2025-01-02 08:55:00+00:00,BTCUSDT,FAILED_HIGH_CVD_DIVERGENCE,SHORT,-1.0,95523.5,94240.6653752739,96031.4,95161.1,95466.7,96068.17,94240.6653752739,96068.17,BOUNDARY_EXTREME_INVALIDATED,3.574738856612078,0.1431055406281032,0.6146273489035825,1.3812890943704013,-0.0024242753558826324,0.8140350877192982,-0.05388667452943463,3.0348748385534283,-0.006300312045980361,-0.00830031204598036,220.0
2025-01-02 13:30:00+00:00,2025-01-02 13:45:00+00:00,2025-01-02 14:35:00+00:00,BTCUSDT,FAILED_HIGH_CVD_DIVERGENCE,SHORT,-1.0,96888.6,95220.7653597891,96991.8,96608.3,96633.4,97030.28125,95220.7653597891,97030.28125,BOUNDARY_EXTREME_INVALIDATED,1.5815799029690163,-0.023848748937610686,0.41524461709998683,0.26818255643981787,-0.0010895318114345631,0.5985235661556232,-0.18301510935377974,0.17612689362753847,-0.004107081505980492,-0.006107081505980492,50.0
2025-01-02 15:00:00+00:00,2025-01-02 15:15:00+00:00,2025-01-02 16:35:00+00:00,BTCUSDT,FAILED_HIGH_CVD_DIVERGENCE,SHORT,-1.0,96991.8,95456.21209620671,97440.0,96231.1,96989.6,97479.75770833333,95456.21209620671,97479.75770833333,BOUNDARY_EXTREME_INVALIDATED,9.426293558045868,0.05712461552428372,0.4254475314085984,1.1273285578792327,-0.002336018400130757,0.61779107725788,-0.01828884279565801,4.521030923153639,-0.0050537140923698765,-0.0070537140923698765,80.0
2025-01-03 17:00:00+00:00,2025-01-03 17:15:00+00:00,2025-01-03 23:15:00+00:00,SOLUSDT,FAILED_HIGH_CVD_DIVERGENCE,SHORT,-1.0,219.27,210.86622640577764,219.69,217.41,216.85,219.85312916666666,210.86622640577764,217.19,SIX_HOUR_CAP,2.606106818631025,-0.08469855197220044,0.5146418526296404,0.25746468800285344,-0.0033550877838037785,0.5447761194029973,-0.050483956174418254,0.34531463677078456,-0.0015679040811620304,-0.0035679040811620304,360.0
2025-01-04 15:30:00+00:00,2025-01-04 15:45:00+00:00,2025-01-04 15:50:00+00:00,ETHUSDT,FAILED_HIGH_CVD_DIVERGENCE,SHORT,-1.0,3648.99,3597.1700769634285,3664.0,3622.22,3602.08,3665.696645833333,3597.1700769634285,3597.1700769634285,PRIOR_VALUE_REACHED,3.8726704490957187,0.20922445406779966,0.5055798512136312,0.884686698019392,-0.009162703313812304,0.8571796191456469,-0.18979090242220398,1.732167144486174,0.001363079952852675,-0.0006369200471473251,5.0
2025-01-04 21:30:00+00:00,2025-01-04 21:45:00+00:00,2025-01-05 03:45:00+00:00,BTCUSDT,FAILED_HIGH_CVD_DIVERGENCE,SHORT,-1.0,98662.0,97972.63912465877,98760.9,98473.3,98350.0,98784.88229166665,97972.63912465877,98058.8,SIX_HOUR_CAP,1.404538372522637,-0.08130615317542911,0.8884127685652223,0.41238761238758864,-0.0013910465340603029,0.7640825432236351,-0.27003417594314827,0.5145813140698098,0.0029608540925266658,0.0009608540925266657,360.0
2025-01-05 14:30:00+00:00,2025-01-05 14:45:00+00:00,2025-01-05 15:35:00+00:00,BTCUSDT,FAILED_LOW_CVD_DIVERGENCE,LONG,1.0,97472.0,98018.32715264263,97744.3,97227.0,97630.2,97204.19270833333,98018.32715264263,98018.32715264263,PRIOR_VALUE_REACHED,2.5875613129598602,-0.12449736471046002,0.19510494108221632,1.074217857958438,0.001965338207508882,0.6197411003236246,0.04737176708045321,0.5423145860458619,0.00397548251097124,0.00197548251097124,50.0
2025-01-05 18:30:00+00:00,2025-01-05 18:45:00+00:00,2025-01-06 00:45:00+00:00,SOLUSDT,FAILED_LOW_CVD_DIVERGENCE,LONG,1.0,211.54,215.00155995433704,212.7,211.27,212.41,211.16589583333334,215.00155995433704,212.79,SIX_HOUR_CAP,1.1150271533595615,-0.1915735921063657,0.10589378674113732,0.25935561336800317,0.0018394491085746978,0.6842105263157737,0.10735573125345899,0.030623270777386656,0.0017889929852643593,-0.0002110070147356407,360.0
2025-01-06 06:00:00+00:00,2025-01-06 06:15:00+00:00,2025-01-06 10:10:00+00:00,ETHUSDT,FAILED_HIGH_CVD_DIVERGENCE,SHORT,-1.0,3689.64,3634.7690209825755,3698.0,3675.51,3670.76,3699.65275,3634.7690209825755,3634.7690209825755,PRIOR_VALUE_REACHED,2.7243730312982377,-0.06600207186856044,0.3768682667715723,0.5058236272878615,-0.0024105684538934247,0.5418448381185064,-0.1068678374132701,0.5193441625170675,0.00980477585497952,0.007804775854979519,235.0
2025-01-06 17:00:00+00:00,2025-01-06 17:15:00+00:00,2025-01-06 17:45:00+00:00,ETHUSDT,FAILED_HIGH_CVD_DIVERGENCE,SHORT,-1.0,3740.0,3663.0069522434615,3744.28,3689.87,3691.35,3746.352166666667,3663.0069522434615,3663.0069522434615,PRIOR_VALUE_REACHED,5.7596189452705815,-0.0832880308651136,0.21547247448054663,0.20654709241535577,-0.004868698795765347,0.9411151641479882,-0.05905183847940254,0.25633306853117804,0.0076782336425802455,0.0056782336425802455,30.0
2025-01-07 01:00:00+00:00,2025-01-07 01:15:00+00:00,2025-01-07 07:15:00+00:00,BTCUSDT,FAILED_HIGH_CVD_DIVERGENCE,SHORT,-1.0,102444.0,100464.76264350081,102762.1,101923.0,101780.0,102811.91708333333,100464.76264350081,101821.9,SIX_HOUR_CAP,3.2710417988953933,0.07769992802260073,0.13218702856082892,0.6385359774508532,-0.002201861484678158,0.8093693693693903,-0.16997018058211621,0.27609612156541424,-0.00041167223423066446,-0.0024116722342306645,360.0
2025-01-08 18:00:00+00:00,2025-01-08 18:15:00+00:00,2025-01-09 00:15:00+00:00,ETHUSDT,FAILED_LOW_CVD_DIVERGENCE,LONG,1.0,3225.06,3357.68973617273,3264.48,3206.54,3298.1,3203.6347083333335,3357.68973617273,3328.39,SIX_HOUR_CAP,7.600269376251948,-0.04384963910034645,0.6029354899696664,0.6374575128716271,0.01103273648037617,0.772649205667665,0.0921548658202831,2.9211312933412596,0.009184075679936843,0.007184075679936843,360.0
2025-01-08 18:00:00+00:00,2025-01-08 18:15:00+00:00,2025-01-09 00:15:00+00:00,SOLUSDT,FAILED_LOW_CVD_DIVERGENCE,LONG,1.0,189.48,198.4782363970029,193.2,188.23,194.65,188.03968749999999,198.4782363970029,197.24,SIX_HOUR_CAP,5.891381755926681,0.06833285980978454,0.7154821774330278,0.6568144499178987,0.007974729428822824,0.6525423728813566,0.05611444086112938,2.768590244216512,0.01330593372720279,0.01130593372720279,360.0
2025-01-08 18:00:00+00:00,2025-01-08 18:15:00+00:00,2025-01-09 00:15:00+00:00,BTCUSDT,FAILED_LOW_CVD_DIVERGENCE,LONG,1.0,92834.0,95773.83094696398,94095.7,92500.0,94336.7,92440.61916666667,95773.83094696398,94927.1,SIX_HOUR_CAP,8.477630481744706,-0.015392425209709959,0.33112724938342514,0.562471055475251,0.0038510324044318534,0.5659108678655108,0.03126627305681007,1.5789543829432175,0.006258433886281889,0.004258433886281889,360.0
2025-01-08 23:00:00+00:00,2025-01-08 23:15:00+00:00,2025-01-09 05:15:00+00:00,XRPUSDT,FAILED_HIGH_CVD_DIVERGENCE,SHORT,-1.0,2.3772,2.3056091872446873,2.3981,2.3567,2.3749,2.4015547916666664,2.3056091872446873,2.3577,SIX_HOUR_CAP,2.3555001155829984,0.10475906026757476,0.12293830588212788,0.6049568835554395,-0.005277486910994944,0.6702127659574622,-0.14010901583366364,0.17518413648604822,0.007242410206745542,0.005242410206745542,360.0
2025-01-09 20:30:00+00:00,2025-01-09 20:45:00+00:00,2025-01-10 02:45:00+00:00,ETHUSDT,FAILED_LOW_CVD_DIVERGENCE,LONG,1.0,3180.8,3285.0155174628862,3213.12,3156.0,3191.4,3153.2326041666665,3285.0155174628862,3242.36,SIX_HOUR_CAP,6.315868993063109,-0.13829916784063412,0.4241944285381598,0.8961493582263771,0.0041185409856181465,0.5213062524890514,0.2373511037409206,2.400924322711724,0.01596791376825224,0.01396791376825224,360.0
2025-01-09 20:30:00+00:00,2025-01-09 20:45:00+00:00,2025-01-10 02:30:00+00:00,BTCUSDT,FAILED_LOW_CVD_DIVERGENCE,LONG,1.0,91747.0,93478.48099015144,92340.1,91055.8,91763.2,90993.89854166667,93478.48099015144,93478.48099015144,PRIOR_VALUE_REACHED,6.657782876136061,-0.26929550606635666,0.14334740161243434,1.1166134346592516,0.005684726202675128,0.764931426043362,0.23884296170031494,1.065668924626118,0.01869247138451402,0.016692471384514018,345.0
2025-01-10 11:00:00+00:00,2025-01-10 11:15:00+00:00,2025-01-10 13:40:00+00:00,BTCUSDT,FAILED_HIGH_CVD_DIVERGENCE,SHORT,-1.0,94975.2,93041.1958756656,95239.9,94706.3,94900.1,95298.77958333332,93041.1958756656,93041.1958756656,PRIOR_VALUE_REACHED,1.904923823199146,0.2728761822363228,0.2937380434969264,0.4495616052536566,-0.00273118957545182,0.8526902887138835,-0.2610865830805307,0.2515515654115637,0.019588010174219073,0.01758801017421907,145.0
2025-01-13 01:00:00+00:00,2025-01-13 01:15:00+00:00,2025-01-13 01:50:00+00:00,ETHUSDT,FAILED_HIGH_CVD_DIVERGENCE,SHORT,-1.0,3312.78,3264.4932946412164,3338.32,3302.0,3293.7,3339.7899583333333,3264.4932946412164,3264.4932946412164,PRIOR_VALUE_REACHED,5.37142983846844,-0.026464463443690023,0.2252393439455671,1.7374642138382586,-0.004154270372251689,0.6692644909888019,-0.0777988846043367,2.1020838197049545,0.008867445535046703,0.006867445535046703,35.0
2025-01-13 01:00:00+00:00,2025-01-13 01:15:00+00:00,2025-01-13 01:45:00+00:00,SOLUSDT,FAILED_HIGH_CVD_DIVERGENCE,SHORT,-1.0,191.11,187.89507919396758,191.94,190.36,189.65,192.04762083333333,187.89507919396758,187.89507919396758,PRIOR_VALUE_REACHED,2.6095101956153357,-0.09924954546258824,0.7809775626333336,0.771226141159148,-0.004775398824517163,0.8053097345132746,-0.22336660556936916,1.5717348999880034,0.009253471162839033,0.007253471162839033,30.0
2025-01-13 01:00:00+00:00,2025-01-13 01:15:00+00:00,2025-01-13 02:00:00+00:00,XRPUSDT,FAILED_HIGH_CVD_DIVERGENCE,SHORT,-1.0,2.5555,2.5194151337823807,2.563,2.5361,2.532,2.5650658333333336,2.5194151337823807,2.5194151337823807,PRIOR_VALUE_REACHED,2.6248475746526228,-0.010295868354711524,0.7769851184131248,0.3630496167809743,-0.005381623914836764,0.721052631578945,-0.07143714719256722,0.7404278956220881,0.004970326310276163,0.002970326310276163,45.0
2025-01-13 04:00:00+00:00,2025-01-13 04:15:00+00:00,2025-01-13 05:40:00+00:00,SOLUSDT,FAILED_LOW_CVD_DIVERGENCE,LONG,1.0,184.19,187.94151744622525,185.79,184.08,185.6,183.96062916666668,187.94151744622525,183.96062916666668,BOUNDARY_EXTREME_INVALIDATED,1.3251017154805755,0.04037471467070364,0.28281302079321674,0.09214981325699492,0.003568724991889205,0.5840707964601763,0.10010183093632219,0.03453369716901367,-0.008832816989942427,-0.010832816989942427,85.0
2025-01-14 02:30:00+00:00,2025-01-14 02:45:00+00:00,2025-01-14 05:10:00+00:00,BTCUSDT,FAILED_HIGH_CVD_DIVERGENCE,SHORT,-1.0,95021.9,92273.24541842287,95260.0,94703.0,94969.1,95328.89229166666,92273.24541842287,95328.89229166666,BOUNDARY_EXTREME_INVALIDATED,1.6198856430611794,0.2138170905129495,0.8317105958607816,0.3456119606995305,-0.002106765185521442,0.7934309457854799,-0.024465546456253984,0.46563471842488446,-0.0037885195465330312,-0.005788519546533031,145.0
2025-01-14 10:00:00+00:00,2025-01-14 10:15:00+00:00,2025-01-14 16:15:00+00:00,ETHUSDT,FAILED_HIGH_CVD_DIVERGENCE,SHORT,-1.0,3236.58,3073.5777549064414,3255.84,3228.84,3224.98,3258.959166666667,3073.5777549064414,3186.01,SIX_HOUR_CAP,3.625603723547723,0.07658298847881895,0.4078448957118422,0.6174726155490317,-0.005409372956836078,0.7915162454873519,-0.25526523082092634,0.9130468600840782,0.012083795868501501,0.010083795868501501,360.0
2025-01-14 10:00:00+00:00,2025-01-14 10:15:00+00:00,2025-01-14 16:15:00+00:00,SOLUSDT,FAILED_HIGH_CVD_DIVERGENCE,SHORT,-1.0,188.77,178.45821394087292,189.98,188.18,187.89,190.18092291666665,178.45821394087292,186.27,SIX_HOUR_CAP,2.308209324633713,0.03947816006673621,0.29748388900300654,0.6022210010057655,-0.0075533488273822336,0.8125000000000081,-0.20446671777991776,0.41351811355281015,0.008622066102506709,0.006622066102506709,360.0
2025-01-15 15:30:00+00:00,2025-01-15 15:45:00+00:00,2025-01-15 20:00:00+00:00,BTCUSDT,FAILED_HIGH_CVD_DIVERGENCE,SHORT,-1.0,99465.8,97237.69192908512,99746.6,99076.9,99223.9,99795.74312500001,97237.69192908512,99795.74312500001,BOUNDARY_EXTREME_INVALIDATED,4.441053928175984,0.049056773585547164,0.49946261883156573,0.5713922344173326,-0.00440984353333318,0.915625,-0.1764821917774796,1.2674282138858575,-0.005763159127992523,-0.007763159127992523,255.0
2025-01-15 16:30:00+00:00,2025-01-15 16:45:00+00:00,2025-01-15 18:55:00+00:00,ETHUSDT,FAILED_HIGH_CVD_DIVERGENCE,SHORT,-1.0,3353.0,3246.386569099538,3365.72,3332.51,3346.32,3367.926375,3246.386569099538,3367.926375,BOUNDARY_EXTREME_INVALIDATED,2.8160174312595796,0.03724474266556643,0.18266697210234556,0.576511245821757,-0.003507936035258008,0.6704610130904745,-0.05617879358686362,0.29655356693704754,-0.00645675697482595,-0.00845675697482595,130.0
2025-01-15 20:30:00+00:00,2025-01-15 20:45:00+00:00,2025-01-16 00:05:00+00:00,BTCUSDT,FAILED_HIGH_CVD_DIVERGENCE,SHORT,-1.0,100038.1,98039.77207152639,100658.9,99690.0,99700.2,100707.15708333332,98039.77207152639,100707.15708333332,BOUNDARY_EXTREME_INVALIDATED,4.419053447448063,0.16179637361991706,0.37840169000820506,1.2864432682593847,-0.004446530298415796,0.8475447278264094,-0.07565653267365835,2.151161221595639,-0.010099850184185355,-0.012099850184185355,200.0
2025-01-16 00:30:00+00:00,2025-01-16 00:45:00+00:00,2025-01-16 06:45:00+00:00,BTCUSDT,FAILED_HIGH_CVD_DIVERGENCE,SHORT,-1.0,100658.9,98422.52909016715,100850.0,100020.0,99811.9,100900.583125,98422.52909016715,99747.2,SIX_HOUR_CAP,2.7159266258478563,-0.0355816581935855,0.38244737876956264,0.37779397773468076,-0.004866400797607251,0.634720416124845,-0.1742213605643963,0.39241423405182235,0.0006482193005041825,-0.0013517806994958175,360.0
2025-01-16 13:00:00+00:00,2025-01-16 13:15:00+00:00,2025-01-16 19:15:00+00:00,SOLUSDT,FAILED_HIGH_CVD_DIVERGENCE,SHORT,-1.0,216.15,202.0038799795858,217.14,214.1,210.76,217.34333333333333,202.0038799795858,212.89,SIX_HOUR_CAP,5.052459106253084,-0.04384012452414421,0.2251143213765384,0.48688524590162957,-0.020222211891590458,0.8950617283950691,-0.20910986280505628,0.5537739806345819,-0.010106282026949964,-0.012106282026949964,360.0
2025-01-16 17:00:00+00:00,2025-01-16 17:15:00+00:00,2025-01-16 23:15:00+00:00,XRPUSDT,FAILED_HIGH_CVD_DIVERGENCE,SHORT,-1.0,3.388,3.138387408499885,3.4043,3.3303,3.3385,3.4105245833333333,3.138387408499885,3.2233,SIX_HOUR_CAP,5.752930316297538,-0.006882156339633849,0.3862826445219931,0.2618649173304807,-0.011927311471528368,0.6171516079632487,-0.08369453766469703,0.5819311812921679,0.03450651490190193,0.03250651490190193,360.0
2025-01-17 02:30:00+00:00,2025-01-17 02:45:00+00:00,2025-01-17 08:45:00+00:00,BTCUSDT,FAILED_HIGH_CVD_DIVERGENCE,SHORT,-1.0,101844.4,99399.66774570681,102133.7,101423.8,101532.5,102188.06208333332,99399.66774570681,101923.8,SIX_HOUR_CAP,3.208436552656156,0.10101896224826801,0.15693455325605216,0.5321723934421251,-0.0028383003589614875,0.7836225596529223,-0.22165696783130184,0.2679565469537168,-0.003853938394110301,-0.005853938394110301,360.0
2025-01-18 08:30:00+00:00,2025-01-18 08:45:00+00:00,2025-01-18 10:45:00+00:00,XRPUSDT,FAILED_LOW_CVD_DIVERGENCE,LONG,1.0,3.0709,3.229174915358369,3.1162,3.0627,3.1263,3.0586645833333335,3.229174915358369,3.0586645833333335,BOUNDARY_EXTREME_INVALIDATED,2.0349564167190097,-0.09083265739772584,0.2712413885256807,0.20320082601961786,0.0066329651930321365,0.5936599423631118,0.12263738637593669,0.11215962283844004,-0.021634333450617826,-0.023634333450617828,120.0
2025-01-19 05:00:00+00:00,2025-01-19 05:15:00+00:00,2025-01-19 07:10:00+00:00,SOLUSDT,FAILED_HIGH_CVD_DIVERGENCE,SHORT,-1.0,270.7,248.30711833439236,275.0,264.0,269.38,275.60425,248.30711833439236,275.60425,BOUNDARY_EXTREME_INVALIDATED,12.066219603953352,0.02133420930562524,0.6841791924571832,0.7116259826230882,-0.015244013891427599,0.7819238702418975,-0.14536950642621815,5.8747972617242175,-0.02310583562254065,-0.02510583562254065,115.0
2025-01-19 07:30:00+00:00,2025-01-19 07:45:00+00:00,2025-01-19 09:15:00+00:00,SOLUSDT,FAILED_HIGH_CVD_DIVERGENCE,SHORT,-1.0,275.0,253.03897583377145,277.85,271.21,271.72,278.45556250000004,253.03897583377145,278.45556250000004,BOUNDARY_EXTREME_INVALIDATED,7.99923023638696,7.470873421300261e-05,0.5910370034387216,0.4706368046238038,-0.01278883883156512,0.8778054862842868,-0.17785146777878647,2.2250960133565427,-0.024788615118504387,-0.02678861511850439,90.0
2025-01-19 09:30:00+00:00,2025-01-19 09:45:00+00:00,2025-01-19 10:35:00+00:00,SOLUSDT,FAILED_HIGH_CVD_DIVERGENCE,SHORT,-1.0,277.85,255.92162912723208,279.29,272.12,268.81,279.9103541666667,255.92162912723208,279.9103541666667,BOUNDARY_EXTREME_INVALIDATED,11.59250178390488,-0.023776633309318007,1.2092546601276182,0.23212546596366287,-0.020621561554996948,0.9560810810810827,-0.09127928436050026,3.254001356558988,-0.04129442419056839,-0.04329442419056839,50.0
2025-01-19 09:30:00+00:00,2025-01-19 09:45:00+00:00,2025-01-19 11:55:00+00:00,XRPUSDT,FAILED_LOW_CVD_DIVERGENCE,LONG,1.0,3.0551,3.1912054641777767,3.1279,3.0465,3.1195,3.0426991666666665,3.1912054641777767,3.0426991666666665,BOUNDARY_EXTREME_INVALIDATED,4.0964486112762435,-0.17650411853036552,0.34969398853107625,0.22626616969962574,0.005511861784424976,0.583617747440275,0.07218956537025334,0.32412706954787124,-0.024619597157664153,-0.026619597157664154,130.0
2025-01-19 12:00:00+00:00,2025-01-19 12:15:00+00:00,2025-01-19 14:00:00+00:00,ETHUSDT,FAILED_LOW_CVD_DIVERGENCE,LONG,1.0,3142.01,3273.8865452101663,3167.88,3129.63,3175.81,3126.5515416666667,3273.8865452101663,3273.8865452101663,PRIOR_VALUE_REACHED,3.0403917038023995,-0.10213148971582453,0.2121380331358605,0.4021493442334543,0.008289678382068066,0.7587910491136367,0.0704362235097098,0.2593793762842193,0.030882371807559705,0.028882371807559704,105.0
2025-01-19 14:30:00+00:00,2025-01-19 14:45:00+00:00,2025-01-19 15:10:00+00:00,BTCUSDT,FAILED_HIGH_CVD_DIVERGENCE,SHORT,-1.0,105629.4,104508.39201522921,105743.1,104763.3,104968.7,105798.268125,104508.39201522921,104508.39201522921,PRIOR_VALUE_REACHED,2.2316144569601817,0.23771917283056343,0.5590857308642591,0.20609727084255938,-0.00455008843179372,0.7399753238741629,-0.1058290264192937,0.2571401040424523,0.004385192774329694,0.0023851927743296936,25.0
2025-01-20 11:00:00+00:00,2025-01-20 11:15:00+00:00,2025-01-20 12:05:00+00:00,XRPUSDT,FAILED_HIGH_CVD_DIVERGENCE,SHORT,-1.0,3.2989,3.0875016345206414,3.3454,3.266,3.288,3.351660625,3.0875016345206414,3.351660625,BOUNDARY_EXTREME_INVALIDATED,2.0485828675834195,-0.005014491434959578,0.5947289659337449,0.7427373465109315,-0.009489380930863156,0.7682926829268382,-0.06419189543455484,0.904915212566437,-0.019361503953771342,-0.021361503953771344,50.0
2025-01-20 15:00:00+00:00,2025-01-20 15:15:00+00:00,2025-01-20 15:35:00+00:00,XRPUSDT,FAILED_HIGH_CVD_DIVERGENCE,SHORT,-1.0,3.3543,3.1234292110651936,3.3582,3.262,3.3383,3.3649652083333335,3.1234292110651936,3.3649652083333335,BOUNDARY_EXTREME_INVALIDATED,1.8942006215246452,0.11044880413703617,0.3555119520566623,0.057647892094974736,-0.005125912680673639,0.5259938837920632,-0.016910314462372678,0.03882072238908123,-0.007987660885280912,-0.009987660885280912,20.0
2025-01-22 17:00:00+00:00,2025-01-22 17:15:00+00:00,2025-01-22 23:15:00+00:00,BTCUSDT,FAILED_LOW_CVD_DIVERGENCE,LONG,1.0,103612.0,105425.30109236899,104022.6,103211.6,104080.1,103152.31145833334,105425.30109236899,103897.7,SIX_HOUR_CAP,1.6526637101705333,-0.05773060502707206,0.43003177301199275,0.6753412864346231,0.003940326955501838,0.6908506680196314,0.14292417901638022,0.4799636377513729,-0.0017524963946038419,-0.003752496394603842,360.0
2025-01-22 20:30:00+00:00,2025-01-22 20:45:00+00:00,2025-01-22 21:05:00+00:00,XRPUSDT,FAILED_HIGH_CVD_DIVERGENCE,SHORT,-1.0,3.27,3.191680466770062,3.2866,3.2101,3.2253,3.2894897916666666,3.191680466770062,3.191680466770062,PRIOR_VALUE_REACHED,2.3105922300902475,-0.07901336586980812,0.20829190795655486,0.5744358734049441,-0.012461726883037372,0.8586497890295457,-0.03749125186121094,0.27646315533624227,0.010423691820896641,0.008423691820896641,20.0
2025-01-23 03:00:00+00:00,2025-01-23 03:15:00+00:00,2025-01-23 04:30:00+00:00,SOLUSDT,FAILED_LOW_CVD_DIVERGENCE,LONG,1.0,247.0,259.29967888415894,249.75,246.32,249.87,245.94333333333333,259.29967888415894,245.94333333333333,BOUNDARY_EXTREME_INVALIDATED,1.0883606837093887,0.0700872872545697,0.23555570312517932,0.1805309734513294,0.004825672578115725,0.7361963190184174,0.1633018699739539,0.046282647332224446,-0.015714838382625662,-0.017714838382625664,75.0
2025-01-23 15:00:00+00:00,2025-01-23 15:15:00+00:00,2025-01-23 15:20:00+00:00,BTCUSDT,FAILED_HIGH_CVD_DIVERGENCE,SHORT,-1.0,105136.0,103133.37878759639,106000.0,102312.6,103462.3,106067.27041666667,103133.37878759639,103133.37878759639,PRIOR_VALUE_REACHED,13.370579652689493,0.071626129316684,0.11828758179731785,1.2843684383303722,-0.01621600548457358,0.5401450606530873,-0.08015040973168641,2.031323130411415,0.0031791407343894074,0.0011791407343894073,5.0
2025-01-24 00:30:00+00:00,2025-01-24 00:45:00+00:00,2025-01-24 05:10:00+00:00,ETHUSDT,FAILED_HIGH_CVD_DIVERGENCE,SHORT,-1.0,3347.7,3245.4727593634207,3349.75,3313.03,3295.98,3352.6900416666667,3245.4727593634207,3352.6900416666667,BOUNDARY_EXTREME_INVALIDATED,1.2028009223347111,-0.13252898723225637,0.1199442767120669,0.06972690296339966,-0.005296466306325964,0.8437500000000198,-0.11788669197411239,0.010059436606023722,-0.017205820929334203,-0.019205820929334205,265.0
2025-01-24 15:00:00+00:00,2025-01-24 15:15:00+00:00,2025-01-24 21:15:00+00:00,SOLUSDT,FAILED_HIGH_CVD_DIVERGENCE,SHORT,-1.0,269.77,254.71698370662028,270.11,266.42,266.7,270.4984166666667,254.71698370662028,256.74,SIX_HOUR_CAP,1.5320773671099959,0.03487985926727766,0.25886413768518274,0.08753486376314921,-0.005184825991271569,0.5720164609053425,-0.07816917312616967,0.03471631703360058,0.037345331833520734,0.03534533183352073,360.0
2025-01-28 16:00:00+00:00,2025-01-28 16:15:00+00:00,2025-01-28 20:50:00+00:00,BTCUSDT,FAILED_HIGH_CVD_DIVERGENCE,SHORT,-1.0,103333.0,101569.51102796949,103797.0,102443.8,102233.4,103858.80625,101569.51102796949,101569.51102796949,PRIOR_VALUE_REACHED,3.8368214124037916,0.003909707468864099,0.10434101363515408,0.7507331378299125,-0.004839843240475705,0.7473320306628731,-0.026565585844815165,0.30054687929226537,0.006493855941703042,0.004493855941703042,275.0
2025-01-28 21:00:00+00:00,2025-01-28 21:15:00+00:00,2025-01-28 21:35:00+00:00,ETHUSDT,FAILED_LOW_CVD_DIVERGENCE,LONG,1.0,3098.91,3175.210952174469,3134.25,3091.57,3106.17,3089.2091875,3175.210952174469,3089.2091875,BOUNDARY_EXTREME_INVALIDATED,2.897278183191049,-0.08069562182806156,0.8046116668982266,0.3109099091943856,0.0038360857059753783,0.6004046535154225,0.03186987301049404,0.7247881524173222,-0.005460361957008164,-0.007460361957008164,20.0
2025-01-28 22:30:00+00:00,2025-01-28 22:45:00+00:00,2025-01-29 04:45:00+00:00,ETHUSDT,FAILED_LOW_CVD_DIVERGENCE,LONG,1.0,3051.27,3165.475473339135,3085.87,3038.0,3079.52,3035.7315416666665,3165.475473339135,3125.34,SIX_HOUR_CAP,3.778181515925503,-0.03017842563310369,0.7318105384708501,0.5849787851514434,0.004134548916800318,0.610789980732163,0.2154592587449322,1.6174154768102627,0.014878942172806164,0.012878942172806164,360.0
2025-01-30 05:30:00+00:00,2025-01-30 05:45:00+00:00,2025-01-30 11:45:00+00:00,SOLUSDT,FAILED_HIGH_CVD_DIVERGENCE,SHORT,-1.0,241.61,231.70459551542007,241.97,240.26,239.52,242.25520833333334,231.70459551542007,240.69,SIX_HOUR_CAP,1.3045609421650743,-0.07539862810674425,0.3739501817175851,0.12622352081811028,-0.0033288948069239988,0.5405405405405328,-0.07286064409078274,0.061576983549453984,-0.0048847695390781265,-0.0068847695390781265,360.0
2025-01-30 17:30:00+00:00,2025-01-30 17:45:00+00:00,2025-01-30 23:45:00+00:00,ETHUSDT,FAILED_HIGH_CVD_DIVERGENCE,SHORT,-1.0,3279.99,3173.436005514685,3282.6,3264.3,3257.98,3285.3129791666665,3173.436005514685,3254.79,SIX_HOUR_CAP,1.238937547844249,0.05755143330782242,0.28822786329285394,0.09620420355851593,-0.002476983040779923,0.5246433203631716,-0.19669715026055046,0.03435416726788959,0.0009791343102167893,-0.0010208656897832107,360.0
2025-02-01 21:00:00+00:00,2025-02-01 21:15:00+00:00,2025-02-01 22:25:00+00:00,XRPUSDT,FAILED_LOW_CVD_DIVERGENCE,LONG,1.0,2.9021,2.9924799349612408,2.9314,2.8978,2.9402,2.895796666666667,2.9924799349612408,2.895796666666667,BOUNDARY_EXTREME_INVALIDATED,2.2897259960425336,-0.04329400698828656,0.22791234800056945,0.21464226289516247,0.005918779294536325,0.5492063492063468,0.03751445052729174,0.11201253047693793,-0.015102147246218944,-0.017102147246218946,70.0
2025-02-02 22:00:00+00:00,2025-02-02 22:15:00+00:00,2025-02-02 22:45:00+00:00,BTCUSDT,FAILED_LOW_CVD_DIVERGENCE,LONG,1.0,96750.1,98951.53327066624,97294.2,96520.0,97472.6,96459.6925,98951.53327066624,96459.6925,BOUNDARY_EXTREME_INVALIDATED,2.015497355261888,-0.041219714875614044,0.3469443763215689,0.38154458400697405,0.004882524562108914,0.6444414206014554,0.20428817538243127,0.26680095396772985,-0.010391715210223196,-0.012391715210223196,30.0
2025-02-03 20:00:00+00:00,2025-02-03 20:15:00+00:00,2025-02-04 02:15:00+00:00,XRPUSDT,FAILED_HIGH_CVD_DIVERGENCE,SHORT,-1.0,2.7387,2.3607858286708137,2.7793,2.7089,2.6841,2.7898791666666667,2.3607858286708137,2.7672,SIX_HOUR_CAP,3.810231611831115,-0.05983083498689601,0.9024521347532429,0.38377313903111426,-0.021900736097952178,0.8324099722991721,-0.04824867820740242,1.3196237612091546,-0.030960098356991095,-0.0329600983569911,360.0
2025-02-03 20:00:00+00:00,2025-02-03 20:15:00+00:00,2025-02-03 21:40:00+00:00,SOLUSDT,FAILED_HIGH_CVD_DIVERGENCE,SHORT,-1.0,214.2,196.82830082873812,214.81,211.42,211.59,215.35820208333334,196.82830082873812,215.35820208333334,BOUNDARY_EXTREME_INVALIDATED,1.4814759389237246,0.05807406950029548,0.5049049009639233,0.11127283506310652,-0.014393515930687495,0.7136258660508117,-0.11544386688957708,0.08323257715137623,-0.01780898002426068,-0.01980898002426068,85.0
2025-02-04 00:30:00+00:00,2025-02-04 00:45:00+00:00,2025-02-04 06:45:00+00:00,XRPUSDT,FAILED_HIGH_CVD_DIVERGENCE,SHORT,-1.0,2.7793,2.355049146504943,2.786,2.6983,2.7432,2.7957666666666667,2.355049146504943,2.5726,SIX_HOUR_CAP,2.911360377641861,-0.013257874255413804,0.6553939705733401,0.06860068259385592,-0.011601931253152675,0.8049999999999995,-0.08852333502018706,0.1308961418335113,0.06219014289880431,0.06019014289880431,360.0
2025-02-04 22:30:00+00:00,2025-02-04 22:45:00+00:00,2025-02-05 04:45:00+00:00,BTCUSDT,FAILED_LOW_CVD_DIVERGENCE,LONG,1.0,96351.0,99287.1120415962,97199.9,96100.0,97178.3,96024.68291666667,99287.1120415962,98216.9,SIX_HOUR_CAP,2.889321282491307,0.04523526643303799,0.13201696998510487,0.33325772705395473,0.002858578780676746,0.5165982842223079,0.21540259973646325,0.12711764112571547,0.010687571196450252,0.008687571196450252,360.0
2025-02-05 17:00:00+00:00,2025-02-05 17:15:00+00:00,2025-02-05 17:35:00+00:00,SOLUSDT,FAILED_LOW_CVD_DIVERGENCE,LONG,1.0,198.38,206.87732273459306,201.23,197.7,201.1,197.43234166666664,206.87732273459306,197.43234166666664,BOUNDARY_EXTREME_INVALIDATED,1.7523014442376106,0.050166714380935895,0.2816957663261457,0.2540552321056097,0.0070105157736606305,0.7526881720430197,0.07261761031969338,0.12540570158032538,-0.01823798276147859,-0.02023798276147859,20.0
2025-02-07 15:00:00+00:00,2025-02-07 15:15:00+00:00,2025-02-07 17:20:00+00:00,BTCUSDT,FAILED_HIGH_CVD_DIVERGENCE,SHORT,-1.0,99970.0,97346.16613130327,100112.4,99128.2,98380.0,100169.09125,97346.16613130327,97346.16613130327,PRIOR_VALUE_REACHED,4.284125741759459,-0.04127269146478785,0.756543118383951,0.25118514761977284,-0.01296845873389485,0.8877137559233573,-0.06133110786817819,0.8141226746393163,0.010508577644813277,0.008508577644813277,125.0
2025-02-07 15:00:00+00:00,2025-02-07 15:15:00+00:00,2025-02-07 20:10:00+00:00,SOLUSDT,FAILED_HIGH_CVD_DIVERGENCE,SHORT,-1.0,202.64,193.52834624487542,203.31,200.56,198.75,203.54129583333332,193.52834624487542,193.52834624487542,PRIOR_VALUE_REACHED,1.676671641998112,-0.05787880389129152,0.5274574625094608,0.28967231719839986,-0.021755180390805706,0.8983739837398371,-0.19556241699299315,0.25617836741508254,0.02627247172389724,0.024272471723897238,295.0
2025-02-10 10:30:00+00:00,2025-02-10 10:45:00+00:00,2025-02-10 14:00:00+00:00,BTCUSDT,FAILED_HIGH_CVD_DIVERGENCE,SHORT,-1.0,97859.9,96375.80349682069,97930.0,97554.6,97748.5,97976.09270833334,96375.80349682069,97976.09270833334,BOUNDARY_EXTREME_INVALIDATED,1.1106988546117993,0.17378696683468586,0.2943259434278534,0.15208479287668822,-0.0013332788442873555,0.504835589941973,-0.09249259404862908,0.04971765764001326,-0.0023283498809019143,-0.004328349880901914,195.0
2025-02-10 14:00:00+00:00,2025-02-10 14:15:00+00:00,2025-02-10 18:35:00+00:00,ETHUSDT,FAILED_HIGH_CVD_DIVERGENCE,SHORT,-1.0,2665.78,2616.3376514645493,2685.65,2642.44,2656.69,2688.0779583333333,2616.3376514645493,2688.0779583333333,BOUNDARY_EXTREME_INVALIDATED,1.8029051755018037,0.1301034393247653,0.5923059794037848,0.8183830721971439,-0.007356952301242781,0.7338799850913197,-0.21486458290895838,0.8739279717694631,-0.011814686069256508,-0.013814686069256508,260.0
2025-02-10 14:00:00+00:00,2025-02-10 14:15:00+00:00,2025-02-10 20:15:00+00:00,XRPUSDT,FAILED_HIGH_CVD_DIVERGENCE,SHORT,-1.0,2.4531,2.3899446879091055,2.472,2.4137,2.4358,2.4746754166666665,2.3899446879091055,2.4316,SIX_HOUR_CAP,1.7619357558815638,0.035326862416829696,0.44309531845590305,0.7064320199345869,-0.010199520500629888,0.6933701657458595,-0.006589929091168734,0.5515153526374328,0.001724279497495651,-0.000275720502504349,360.0
2025-02-11 14:00:00+00:00,2025-02-11 14:15:00+00:00,2025-02-11 18:15:00+00:00,ETHUSDT,FAILED_LOW_CVD_DIVERGENCE,LONG,1.0,2637.58,2683.0261793715945,2677.5,2627.52,2648.9,2625.692916666667,2683.0261793715945,2625.692916666667,BOUNDARY_EXTREME_INVALIDATED,3.3812111027441296,-0.09341041952076434,0.515799632900917,0.5506043329532478,0.006115162564569898,0.5551724137931003,0.06661875905517856,0.9602690683124779,-0.008761026589653498,-0.010761026589653498,240.0
2025-02-11 14:30:00+00:00,2025-02-11 14:45:00+00:00,2025-02-11 16:30:00+00:00,BTCUSDT,FAILED_LOW_CVD_DIVERGENCE,LONG,1.0,96600.5,97591.04587294172,97050.0,96529.3,97120.0,96494.90770833334,97591.04587294172,96494.90770833334,BOUNDARY_EXTREME_INVALIDATED,3.431834794062682,0.12742871117737553,0.714101401955802,0.20702313381752607,0.0030177283796595233,0.611937172774863,0.1720122229207781,0.5073470473467583,-0.006436288011394731,-0.00843628801139473,105.0
2025-02-11 20:00:00+00:00,2025-02-11 20:15:00+00:00,2025-02-12 02:15:00+00:00,XRPUSDT,FAILED_LOW_CVD_DIVERGENCE,LONG,1.0,2.38,2.462064153057359,2.3931,2.3702,2.4038,2.3680683333333334,2.462064153057359,2.4122,SIX_HOUR_CAP,1.3302492902274592,0.010975384108278252,0.4388282455289556,0.45973416731820754,0.007460184409052717,0.6357142857142786,0.25173036509966584,0.2683702625036946,0.0034944670937682165,0.0014944670937682165,360.0
2025-02-11 20:00:00+00:00,2025-02-11 20:15:00+00:00,2025-02-11 23:00:00+00:00,ETHUSDT,FAILED_LOW_CVD_DIVERGENCE,LONG,1.0,2586.57,2671.8019106951338,2599.6,2580.83,2596.68,2578.9344791666667,2671.8019106951338,2578.9344791666667,BOUNDARY_EXTREME_INVALIDATED,1.897483616940318,0.010569012645475606,0.4407796393061797,0.30281914601309223,0.0031795089725510373,0.519242902208206,0.0625587031987016,0.25326949847526575,-0.006833926719246541,-0.008833926719246541,165.0
2025-02-11 23:00:00+00:00,2025-02-11 23:15:00+00:00,2025-02-12 05:15:00+00:00,ETHUSDT,FAILED_LOW_CVD_DIVERGENCE,LONG,1.0,2580.83,2662.1380580873597,2628.01,2552.88,2599.73,2550.7888333333335,2662.1380580873597,2601.68,SIX_HOUR_CAP,2.4310622411165106,-0.2048212307282664,0.1872165302068949,1.3365744799553618,0.005741056679394507,0.7556008146639459,0.10479033291627693,0.608321876054464,0.000750077892704093,-0.001249922107295907,360.0
2025-02-12 05:00:00+00:00,2025-02-12 05:15:00+00:00,2025-02-12 07:00:00+00:00,SOLUSDT,FAILED_LOW_CVD_DIVERGENCE,LONG,1.0,193.56,199.74365239807247,194.47,193.27,195.38,193.09452083333335,199.74365239807247,193.09452083333335,BOUNDARY_EXTREME_INVALIDATED,1.1682419500239838,0.018559702574813874,0.4078668126910411,0.16526178321262763,0.005041152263374427,0.6950354609929023,0.2748150928478852,0.07874511122956956,-0.011697610639096356,-0.013697610639096356,105.0
2025-02-12 07:00:00+00:00,2025-02-12 07:15:00+00:00,2025-02-12 13:15:00+00:00,SOLUSDT,FAILED_LOW_CVD_DIVERGENCE,LONG,1.0,193.27,198.97343708304646,194.91,193.01,194.52,192.8369583333333,198.97343708304646,196.61,SIX_HOUR_CAP,1.1421363871590733,-0.0900512560904625,0.3019584387081943,0.1502528292800498,0.004440772487865452,0.7350427350427367,0.19453259432588954,0.05181885322447386,0.010744396463088668,0.008744396463088668,360.0
2025-02-12 18:00:00+00:00,2025-02-12 18:15:00+00:00,2025-02-12 21:50:00+00:00,XRPUSDT,FAILED_HIGH_CVD_DIVERGENCE,SHORT,-1.0,2.4565,2.403819635338023,2.4656,2.4452,2.4417,2.468121458333333,2.403819635338023,2.468121458333333,BOUNDARY_EXTREME_INVALIDATED,1.3397013178688986,-0.018447779791073926,0.233047437497981,0.3609022556390844,-0.0046066041581735995,0.530516431924874,-0.1844890057808698,0.11267872209636212,-0.01082092735935336,-0.01282092735935336,215.0
2025-02-12 22:00:00+00:00,2025-02-12 22:15:00+00:00,2025-02-12 22:35:00+00:00,BTCUSDT,FAILED_HIGH_CVD_DIVERGENCE,SHORT,-1.0,97700.0,95979.71409859328,97889.9,97400.0,97421.4,97944.63583333333,95979.71409859328,97944.63583333333,BOUNDARY_EXTREME_INVALIDATED,1.5612506707605736,0.13659948367883956,0.9478645323834821,0.346939086217123,-0.0019321790800123084,0.7901131126937919,-0.3100900018543531,0.5134192420163431,-0.0053708510997927394,-0.0073708510997927395,20.0
2025-02-13 17:00:00+00:00,2025-02-13 17:15:00+00:00,2025-02-13 21:35:00+00:00,BTCUSDT,FAILED_LOW_CVD_DIVERGENCE,LONG,1.0,95288.5,96635.07102221702,95585.8,95160.1,95674.0,95115.70041666667,96635.07102221702,96635.07102221702,PRIOR_VALUE_REACHED,2.0756932522941383,-0.0232064820618072,0.434463006681991,0.28919190307715553,0.003703276297982505,0.800453514739229,0.061064550792989225,0.26079670864225596,0.010045268539174979,0.008045268539174978,260.0
2025-02-14 15:00:00+00:00,2025-02-14 15:15:00+00:00,2025-02-14 15:20:00+00:00,BTCUSDT,FAILED_HIGH_CVD_DIVERGENCE,SHORT,-1.0,97212.0,96268.465067188,97561.1,96520.7,96626.6,97596.68416666667,96268.465067188,96268.465067188,PRIOR_VALUE_REACHED,4.784890640540042,0.06450956257260665,0.8489008568504355,0.9810543078616584,-0.0064092610892143576,0.7745743755436693,-0.027472169155113413,3.984942300142835,0.003706380363295514,0.0017063803632955139,5.0
2025-02-14 17:00:00+00:00,2025-02-14 17:15:00+00:00,2025-02-14 17:40:00+00:00,BTCUSDT,FAILED_HIGH_CVD_DIVERGENCE,SHORT,-1.0,97561.1,96512.50874596536,97714.1,96594.5,97208.5,97751.63270833335,96512.50874596536,97751.63270833335,BOUNDARY_EXTREME_INVALIDATED,3.7318242491429263,0.24329617336239417,0.16849207750914244,0.4076444434576503,-0.004284684123621818,0.7877589453860695,-0.19334503530512148,0.256319822974337,-0.0055872964641296985,-0.0075872964641296985,25.0
2025-02-14 19:30:00+00:00,2025-02-14 19:45:00+00:00,2025-02-15 01:45:00+00:00,XRPUSDT,FAILED_HIGH_CVD_DIVERGENCE,SHORT,-1.0,2.7899,2.6542982122601035,2.8352,2.7519,2.7885,2.8388958333333334,2.6542982122601035,2.7735,SIX_HOUR_CAP,6.8900349032738095,0.08479164123720473,0.44296197928484327,1.225704622322439,-0.008110126987514676,0.6298342541436505,-0.11438423890762883,3.740879309052747,0.005379236148466915,0.003379236148466915,360.0
2025-02-17 05:30:00+00:00,2025-02-17 05:45:00+00:00,2025-02-17 11:45:00+00:00,BTCUSDT,FAILED_LOW_CVD_DIVERGENCE,LONG,1.0,95925.8,96747.27651860754,96285.7,95739.6,96125.9,95715.031875,96747.27651860754,96007.0,SIX_HOUR_CAP,2.477558068002389,-0.08556062954411447,0.7471093796162219,0.7578925945712098,0.0014147292272848055,0.7544444444443797,0.20765591778179515,1.4028644001438209,-0.0012369194982829734,-0.0032369194982829735,360.0
2025-02-17 08:00:00+00:00,2025-02-17 08:15:00+00:00,2025-02-17 14:15:00+00:00,XRPUSDT,FAILED_LOW_CVD_DIVERGENCE,LONG,1.0,2.6521,2.723873769713795,2.6614,2.6343,2.6662,2.6320666666666668,2.723873769713795,2.723873769713795,PRIOR_VALUE_REACHED,2.5601444254677777,-0.07318447475855461,0.14975652858665597,0.7970149253731273,0.004786131524401549,0.5570175438596328,0.07756485872222574,0.30557420080861925,0.021631449146273907,0.019631449146273905,360.0
2025-02-17 17:00:00+00:00,2025-02-17 17:15:00+00:00,2025-02-17 18:55:00+00:00,BTCUSDT,FAILED_LOW_CVD_DIVERGENCE,LONG,1.0,95436.2,96270.00437007629,95660.0,95256.8,95583.6,95225.92854166667,96270.00437007629,95225.92854166667,BOUNDARY_EXTREME_INVALIDATED,2.745781770303852,-0.09816597583128905,0.41130510760073763,0.5811192916866147,0.0030348058227975816,0.8939721792890623,0.216267207219631,0.6562894351779813,-0.0037419751749603325,-0.0057419751749603325,100.0
2025-02-18 17:00:00+00:00,2025-02-18 17:15:00+00:00,2025-02-18 17:25:00+00:00,SOLUSDT,FAILED_LOW_CVD_DIVERGENCE,LONG,1.0,163.04,171.12547390984867,166.17,162.31,163.71,162.08254166666666,171.12547390984867,162.08254166666666,BOUNDARY_EXTREME_INVALIDATED,5.963925913143478,-0.09816246811914109,0.3972293610596111,0.320937900714412,0.008252756050994625,0.7282608695652178,0.13106698533086947,0.7603168039491086,-0.009941105206360934,-0.011941105206360934,10.0
2025-02-20 11:30:00+00:00,2025-02-20 11:45:00+00:00,2025-02-20 14:05:00+00:00,SOLUSDT,FAILED_HIGH_CVD_DIVERGENCE,SHORT,-1.0,174.89,170.76526255431614,175.09,173.29,173.52,175.251125,170.76526255431614,175.251125,BOUNDARY_EXTREME_INVALIDATED,1.4634640442397102,0.11114976061888449,0.34235516401155486,0.12412723041118222,-0.005786970721365914,0.7769230769230632,-0.06046887918988131,0.06219078018814496,-0.009976515675426345,-0.011976515675426345,140.0
2025-02-21 09:30:00+00:00,2025-02-21 09:45:00+00:00,2025-02-21 13:15:00+00:00,SOLUSDT,FAILED_HIGH_CVD_DIVERGENCE,SHORT,-1.0,177.49,174.09623964260948,180.33,176.17,177.19,180.4775625,174.09623964260948,180.4775625,BOUNDARY_EXTREME_INVALIDATED,4.174289458669247,0.0885047759273605,0.1942315555325431,1.9246082168572682,-0.006559766763848507,0.5223214285714336,-0.017692516639143285,1.5604314150500385,-0.01855388283763193,-0.02055388283763193,210.0
2025-02-21 14:00:00+00:00,2025-02-21 14:15:00+00:00,2025-02-21 15:30:00+00:00,BTCUSDT,FAILED_HIGH_CVD_DIVERGENCE,SHORT,-1.0,99364.0,98041.6923185644,99431.5,99161.4,99067.8,99462.934375,98041.6923185644,98041.6923185644,PRIOR_VALUE_REACHED,2.9426398400497358,-0.02275230558124086,0.2760851954809201,0.21473307485833562,-0.0021544755982220165,0.6877813504822964,-0.020030397259540478,0.17445329339053184,0.010357630647249705,0.008357630647249705,75.0
2025-02-21 14:00:00+00:00,2025-02-21 14:15:00+00:00,2025-02-21 15:30:00+00:00,ETHUSDT,FAILED_HIGH_CVD_DIVERGENCE,SHORT,-1.0,2843.75,2759.7751916391408,2845.0,2827.65,2820.52,2846.7360625,2759.7751916391408,2759.7751916391408,PRIOR_VALUE_REACHED,2.1866460505271634,0.05672121525614027,0.16617662219584642,0.07200201605644954,-0.005177765237020293,0.7129674599319928,-0.09214173535442816,0.026163333305575978,0.02153674087078239,0.019536740870782388,75.0
2025-02-21 21:00:00+00:00,2025-02-21 21:15:00+00:00,2025-02-22 03:15:00+00:00,BTCUSDT,FAILED_LOW_CVD_DIVERGENCE,LONG,1.0,95100.0,97762.64142146126,95558.8,94830.4,95330.4,94787.97479166667,97762.64142146126,96169.0,SIX_HOUR_CAP,5.1089184203678055,-0.030590770887082064,0.15374175150217387,0.6354712459671807,0.0031157171673805717,0.7849946977730476,0.2037677314377624,0.49913347411657294,0.008796774166477839,0.006796774166477839,360.0
2025-02-24 05:00:00+00:00,2025-02-24 05:15:00+00:00,2025-02-24 10:35:00+00:00,XRPUSDT,FAILED_LOW_CVD_DIVERGENCE,LONG,1.0,2.4674,2.5455569852604216,2.4745,2.4421,2.4906,2.44039875,2.5455569852604216,2.44039875,BOUNDARY_EXTREME_INVALIDATED,3.992405286110588,-0.0035229885142467054,0.3962583215574595,1.4871418074944949,0.0072797864595972595,0.6716417910447811,0.20163179543671395,2.3526937596813107,-0.02015628764153221,-0.022156287641532213,320.0
2025-02-24 05:00:00+00:00,2025-02-24 05:15:00+00:00,2025-02-24 08:25:00+00:00,ETHUSDT,FAILED_LOW_CVD_DIVERGENCE,LONG,1.0,2703.14,2791.7792665166767,2712.5,2691.07,2710.53,2689.088,2791.7792665166767,2689.088,BOUNDARY_EXTREME_INVALIDATED,3.087529379305245,-0.06099761996706654,0.13681833504535984,0.6089808274470088,0.00405618651790296,0.5896607431340968,0.20599758288205772,0.2572521540362066,-0.007910630024386411,-0.009910630024386411,190.0
2025-02-24 05:00:00+00:00,2025-02-24 05:15:00+00:00,2025-02-24 06:50:00+00:00,BTCUSDT,FAILED_LOW_CVD_DIVERGENCE,LONG,1.0,95180.2,95852.7193284208,95387.7,95018.0,95431.6,94993.7425,95852.7193284208,95852.7193284208,PRIOR_VALUE_REACHED,2.953768597786274,-0.13407645626519493,0.11701036183361782,0.6686591775739322,0.0017940241883589447,0.6781746031746378,0.20441382327596958,0.2311030096062589,0.004412787047694877,0.002412787047694877,95.0
2025-02-24 20:00:00+00:00,2025-02-24 20:15:00+00:00,2025-02-24 21:50:00+00:00,XRPUSDT,FAILED_LOW_CVD_DIVERGENCE,LONG,1.0,2.4011,2.4802634545404536,2.4361,2.3784,2.424,2.3759229166666667,2.4802634545404536,2.3759229166666667,BOUNDARY_EXTREME_INVALIDATED,4.282355518437692,-0.08210158060623207,0.23156494808634231,0.9164003364171557,0.009579341940858077,0.626702997275205,0.03554857891007779,0.9087423758950747,-0.01983378025302529,-0.021833780253025292,95.0
2025-02-24 20:00:00+00:00,2025-02-24 20:15:00+00:00,2025-02-24 22:05:00+00:00,BTCUSDT,FAILED_LOW_CVD_DIVERGENCE,LONG,1.0,93800.0,95166.75039283362,94452.0,93612.9,94231.8,93571.32666666666,95166.75039283362,93571.32666666666,BOUNDARY_EXTREME_INVALIDATED,3.75499558652046,-0.14466611631084225,0.45968812844275575,0.4500481077613986,0.0033476224852904135,0.6299338809858029,0.3158283828571502,0.7768401421660143,-0.007009028091719993,-0.009009028091719993,110.0
2025-02-24 21:30:00+00:00,2025-02-24 21:45:00+00:00,2025-02-24 22:05:00+00:00,BTCUSDT,FAILED_LOW_CVD_DIVERGENCE,LONG,1.0,93612.9,95064.45470093451,94094.8,93571.4,94219.9,93526.94374999999,95064.45470093451,93526.94374999999,BOUNDARY_EXTREME_INVALIDATED,2.417497091409394,0.04909927115543411,0.8192876663289784,0.09335020385210166,0.0015115165443031486,0.5672118069405614,0.012338173109899264,0.18489179888245758,-0.007354669767214772,-0.009354669767214772,20.0
2025-02-25 07:30:00+00:00,2025-02-25 07:45:00+00:00,2025-02-25 10:25:00+00:00,SOLUSDT,FAILED_LOW_CVD_DIVERGENCE,LONG,1.0,135.89,147.56299730709355,138.8,132.53,137.32,132.21164791666666,147.56299730709355,132.21164791666666,BOUNDARY_EXTREME_INVALIDATED,8.27735464793086,-0.09024129445347573,0.18013840718847807,1.055435216512111,0.01771288816423322,0.5139784946236523,0.03632895340284392,1.57372724158237,-0.03720035015535483,-0.039200350155354835,160.0
2025-02-26 14:30:00+00:00,2025-02-26 14:45:00+00:00,2025-02-26 15:05:00+00:00,BTCUSDT,FAILED_LOW_CVD_DIVERGENCE,LONG,1.0,86020.4,87820.46907786978,87169.0,85377.2,86686.9,85306.28583333333,87820.46907786978,87820.46907786978,PRIOR_VALUE_REACHED,11.418038670567382,-0.09061264974286287,0.7200030721833877,0.9070119980727838,0.009600221749632487,0.6559764443737022,0.032697385795915856,7.4565664258847,0.013076590325294735,0.011076590325294735,20.0
2025-02-26 19:00:00+00:00,2025-02-26 19:15:00+00:00,2025-02-26 20:20:00+00:00,ETHUSDT,FAILED_LOW_CVD_DIVERGENCE,LONG,1.0,2305.0,2441.84051366115,2334.42,2264.0,2311.19,2261.4663958333335,2441.84051366115,2261.4663958333335,BOUNDARY_EXTREME_INVALIDATED,11.798614215947172,-0.025793685737313,0.4687950180142072,1.6182480491394864,0.008531008360824544,0.7211361121357466,0.1131338827164321,8.950742862827367,-0.0215142866517537,-0.023514286651753702,65.0
2025-02-26 19:00:00+00:00,2025-02-26 19:15:00+00:00,2025-02-27 01:15:00+00:00,XRPUSDT,FAILED_LOW_CVD_DIVERGENCE,LONG,1.0,2.1818,2.2732377322496538,2.2059,2.1495,2.1825,2.1463035416666667,2.2732377322496538,2.1828,SIX_HOUR_CAP,6.192621524975541,-0.0036938032529879594,0.6018442152678145,1.0104933846053514,0.007850380974370852,0.5666666666666588,0.009220459057103225,3.7661022177595784,0.00013745704467349462,-0.0018625429553265054,360.0
2025-02-26 19:00:00+00:00,2025-02-26 19:15:00+00:00,2025-02-27 01:15:00+00:00,SOLUSDT,FAILED_LOW_CVD_DIVERGENCE,LONG,1.0,132.25,139.98282785143493,133.62,130.54,132.84,130.35009374999998,139.98282785143493,136.18,SIX_HOUR_CAP,6.423706340430883,-0.02347137345510797,0.601338513770021,0.9004442981734445,0.011651816312542751,0.6244897959183707,0.02781038938443592,3.47825606605424,0.025143029208069878,0.023143029208069876,360.0
2025-02-26 20:30:00+00:00,2025-02-26 20:45:00+00:00,2025-02-27 02:45:00+00:00,BTCUSDT,FAILED_LOW_CVD_DIVERGENCE,LONG,1.0,83265.5,86944.75846442027,84267.0,82222.0,84114.6,82147.58458333333,86944.75846442027,84491.5,SIX_HOUR_CAP,10.87084797299321,-0.11304025648479932,0.15450206388645055,1.402263195910347,0.007484755604583615,0.6168196624222823,0.11857814856041982,2.3551970196753182,0.004480791681824581,0.0024807916818245807,360.0
2025-02-26 20:30:00+00:00,2025-02-26 20:45:00+00:00,2025-02-27 02:45:00+00:00,ETHUSDT,FAILED_LOW_CVD_DIVERGENCE,LONG,1.0,2264.0,2410.2679433041353,2321.17,2252.78,2323.27,2250.218041666667,2410.2679433041353,2339.37,SIX_HOUR_CAP,6.346600223041198,-0.03892351018722584,0.34525558598103534,0.4379462325369519,0.008972426941600942,0.7198606271776884,0.07110282680020164,0.9596274251782473,0.006929887615300778,0.004929887615300778,360.0
2025-02-27 07:00:00+00:00,2025-02-27 07:15:00+00:00,2025-02-27 13:15:00+00:00,SOLUSDT,FAILED_HIGH_CVD_DIVERGENCE,SHORT,-1.0,142.51,136.2448198297208,142.8,140.14,141.1,142.99882083333335,136.2448198297208,140.29,SIX_HOUR_CAP,2.3630361874184636,0.19835066831302162,0.558255529667033,0.14585996604984575,-0.006198056064234403,0.721311475409833,-0.14457230362487883,0.19241526098185308,0.005740609496810767,0.0037406094968107668,360.0
2025-02-27 20:30:00+00:00,2025-02-27 20:45:00+00:00,2025-02-27 23:40:00+00:00,XRPUSDT,FAILED_LOW_CVD_DIVERGENCE,LONG,1.0,2.1533,2.2057102795349235,2.191,2.1445,2.1618,2.1418166666666667,2.2057102795349235,2.2057102795349235,PRIOR_VALUE_REACHED,2.9972523742477852,-0.1107458024333573,0.6869186791555432,0.32795031055902013,0.004507225500673728,0.5359116022099469,0.11301063515075871,0.6752066105487536,0.02031190652924586,0.01831190652924586,175.0
2025-02-27 21:30:00+00:00,2025-02-27 21:45:00+00:00,2025-02-28 01:35:00+00:00,ETHUSDT,FAILED_LOW_CVD_DIVERGENCE,LONG,1.0,2239.16,2329.4796839804153,2269.73,2229.0,2276.92,2226.5161875,2329.4796839804153,2226.5161875,BOUNDARY_EXTREME_INVALIDATED,2.520540144823213,0.012830989618986433,0.8336456995718996,0.4090485896177694,0.007825640480869867,0.789285714285724,0.12290704138605735,0.8595082163277051,-0.022136839458566926,-0.024136839458566928,230.0
2025-02-28 07:00:00+00:00,2025-02-28 07:15:00+00:00,2025-02-28 07:50:00+00:00,BTCUSDT,FAILED_LOW_CVD_DIVERGENCE,LONG,1.0,79100.0,83132.38146256517,79829.3,78921.4,79713.1,78839.78312499999,83132.38146256517,78839.78312499999,BOUNDARY_EXTREME_INVALIDATED,3.321330338644135,0.03275981891516322,0.2711022639504107,0.21882729521315986,0.004957141902599549,0.5533352096819821,0.0450895116716028,0.19703651126102012,-0.010955750999522285,-0.012955750999522285,35.0
2025-02-28 16:00:00+00:00,2025-02-28 16:15:00+00:00,2025-02-28 22:00:00+00:00,SOLUSDT,FAILED_HIGH_CVD_DIVERGENCE,SHORT,-1.0,147.2,134.550342699865,147.79,144.72,144.64,148.01825,134.550342699865,148.01825,BOUNDARY_EXTREME_INVALIDATED,3.0027160055812887,-0.07875559001601462,0.12073429062605694,0.2584884994523563,-0.006729844801538376,0.6533333333333454,-0.2780933147953276,0.09371003910727974,-0.02335626382743361,-0.02535626382743361,345.0
2025-03-02 06:00:00+00:00,2025-03-02 06:15:00+00:00,2025-03-02 07:05:00+00:00,XRPUSDT,FAILED_HIGH_CVD_DIVERGENCE,SHORT,-1.0,2.2667,2.1848416696998747,2.2836,2.26,2.2586,2.2855085416666667,2.1848416696998747,2.2855085416666667,BOUNDARY_EXTREME_INVALIDATED,1.1731246811175733,0.0294310277723131,0.8367301827736726,0.8854928501255143,-0.0025613849143262257,0.5000000000000191,-0.10625241794604912,0.869189889707816,-0.011913814604917583,-0.013913814604917583,50.0
2025-03-04 17:00:00+00:00,2025-03-04 17:15:00+00:00,2025-03-04 17:20:00+00:00,ETHUSDT,FAILED_LOW_CVD_DIVERGENCE,LONG,1.0,2001.09,2112.526551963161,2067.43,1979.99,2078.28,1976.214375,2112.526551963161,2112.526551963161,PRIOR_VALUE_REACHED,5.038158124930972,-0.013636181066032371,0.6659304713059423,0.5588478728687283,0.008442995225340644,0.604166666666666,0.01573347257779245,1.8749698290772177,0.0164783147425569,0.014478314742556899,5.0
2025-03-06 05:30:00+00:00,2025-03-06 05:45:00+00:00,2025-03-06 08:40:00+00:00,XRPUSDT,FAILED_HIGH_CVD_DIVERGENCE,SHORT,-1.0,2.5472,2.4805549792194634,2.5537,2.523,2.535,2.556545625,2.4805549792194634,2.556545625,BOUNDARY_EXTREME_INVALIDATED,1.3844531941625218,0.08166346405475067,0.384540883191145,0.22842082143641376,-0.0023612750885477762,0.5263157894736616,-0.1457497006356946,0.12160641515063823,-0.00849926035502957,-0.01049926035502957,175.0
2025-03-06 09:00:00+00:00,2025-03-06 09:15:00+00:00,2025-03-06 10:35:00+00:00,SOLUSDT,FAILED_HIGH_CVD_DIVERGENCE,SHORT,-1.0,150.61,145.67354835887832,151.84,148.7,149.46,152.0306875,145.67354835887832,152.0306875,BOUNDARY_EXTREME_INVALIDATED,1.6530340890906043,-0.00454360863627179,1.052505738381687,0.6450344149459144,-0.00835987261146487,0.7455621301775104,-0.10466717508997514,1.1222488486897793,-0.017199836076542185,-0.019199836076542187,80.0
2025-03-06 20:00:00+00:00,2025-03-06 20:15:00+00:00,2025-03-06 22:05:00+00:00,BTCUSDT,FAILED_LOW_CVD_DIVERGENCE,LONG,1.0,87951.6,90400.95268453805,89347.6,87790.5,89162.0,87719.15895833333,90400.95268453805,90400.95268453805,PRIOR_VALUE_REACHED,2.649273244368819,0.038756449342870924,0.16567198307370645,0.22581671957178315,0.007611158512123017,0.8879367172050099,0.1648133750287082,0.09911329589702346,0.013895523704471113,0.011895523704471113,110.0
2025-03-07 01:00:00+00:00,2025-03-07 01:15:00+00:00,2025-03-07 07:15:00+00:00,SOLUSDT,FAILED_LOW_CVD_DIVERGENCE,LONG,1.0,137.26,146.82272249033977,138.23,135.0,138.46,134.79527083333335,146.82272249033977,144.21,SIX_HOUR_CAP,3.285877986634714,-0.06511331786267804,0.23994236175856057,1.1038974254604625,0.015102639296187714,0.7228070175438619,0.15193772103627157,0.8703362703638827,0.04152823920265791,0.03952823920265791,360.0
2025-03-09 11:30:00+00:00,2025-03-09 11:45:00+00:00,2025-03-09 12:10:00+00:00,BTCUSDT,FAILED_LOW_CVD_DIVERGENCE,LONG,1.0,84666.0,85913.04708144689,85019.1,84601.3,84899.2,84571.845625,85913.04708144689,84571.845625,BOUNDARY_EXTREME_INVALIDATED,1.0117416420293073,-0.04412910236382539,0.25877287232010665,0.21966176501791984,0.0012571851788951705,0.5261599210266331,0.35985848661483355,0.057509930228596205,-0.0038558004669065893,-0.005855800466906589,25.0
2025-03-10 15:00:00+00:00,2025-03-10 15:15:00+00:00,2025-03-10 17:05:00+00:00,XRPUSDT,FAILED_LOW_CVD_DIVERGENCE,LONG,1.0,2.0806,2.160835066276464,2.1055,2.0657,2.1166,2.0620483333333333,2.160835066276464,2.0620483333333333,BOUNDARY_EXTREME_INVALIDATED,2.3782504502634905,0.002708987789006745,0.9107754653089521,0.4080328617069806,0.011614013286813663,0.6768802228412348,0.054956196010129466,0.8838204616390636,-0.025773252700872495,-0.027773252700872497,110.0
2025-03-10 15:00:00+00:00,2025-03-10 15:15:00+00:00,2025-03-10 16:55:00+00:00,BTCUSDT,FAILED_LOW_CVD_DIVERGENCE,LONG,1.0,79291.9,82005.07086555283,80305.6,79142.8,80208.4,79054.50833333333,82005.07086555283,79054.50833333333,BOUNDARY_EXTREME_INVALIDATED,4.115928329604222,0.037974220671617154,0.8708039173717357,0.16887210948559672,0.004945266288870265,0.5168936616029356,0.06985111894964202,0.605265759804812,-0.014386169860845732,-0.016386169860845734,100.0
2025-03-10 15:00:00+00:00,2025-03-10 15:15:00+00:00,2025-03-10 17:05:00+00:00,SOLUSDT,FAILED_LOW_CVD_DIVERGENCE,LONG,1.0,120.61,127.56993290090837,122.67,120.15,122.25,119.95802083333334,127.56993290090837,119.95802083333334,BOUNDARY_EXTREME_INVALIDATED,2.981125705141936,-0.0027688068374945862,0.355805586176387,0.2396093326098718,0.008413758970551743,0.5543478260869533,0.10701470766626908,0.25415390159474577,-0.018748295841854112,-0.020748295841854114,110.0
2025-03-10 18:00:00+00:00,2025-03-10 18:15:00+00:00,2025-03-10 18:55:00+00:00,XRPUSDT,FAILED_LOW_CVD_DIVERGENCE,LONG,1.0,2.0426,2.1490558563539253,2.0982,2.0192,2.0719,2.0154118750000003,2.1490558563539253,2.0154118750000003,BOUNDARY_EXTREME_INVALIDATED,2.79574500282127,-0.00209408780122855,1.041233676031161,0.6177198482098686,0.01088017174082756,0.518604651162794,0.0565042021685338,1.7981972086158822,-0.02726392441720138,-0.02926392441720138,40.0
2025-03-10 18:00:00+00:00,2025-03-10 18:15:00+00:00,2025-03-10 18:55:00+00:00,SOLUSDT,FAILED_LOW_CVD_DIVERGENCE,LONG,1.0,117.01,125.59908106679454,118.93,116.58,118.93,116.38566666666667,125.59908106679454,116.38566666666667,BOUNDARY_EXTREME_INVALIDATED,3.003245997187017,-0.0021893280441444007,0.10396381449238483,0.22126929674099824,0.012084077950812677,0.682692307692309,0.0027131747027739905,0.06908667127740198,-0.021393536814372616,-0.023393536814372617,40.0
2025-03-10 19:00:00+00:00,2025-03-10 19:15:00+00:00,2025-03-11 00:25:00+00:00,XRPUSDT,FAILED_LOW_CVD_DIVERGENCE,LONG,1.0,2.0192,2.1452536991870925,2.0639,1.9932,2.0371,1.9893885416666668,2.1452536991870925,1.9893885416666668,BOUNDARY_EXTREME_INVALIDATED,2.631264171999163,-0.07159323113690719,0.8812811094404199,0.6821535938781094,0.01880470117529387,0.7490039840637429,0.03693715210352,1.5818346510496613,-0.02342126470636363,-0.025421264706363633,310.0
2025-03-11 20:00:00+00:00,2025-03-11 20:15:00+00:00,2025-03-12 01:35:00+00:00,XRPUSDT,FAILED_HIGH_CVD_DIVERGENCE,SHORT,-1.0,2.1981,2.0741658534996934,2.2125,2.1865,2.1917,2.2163497916666666,2.0741658534996934,2.2163497916666666,BOUNDARY_EXTREME_INVALIDATED,1.1560016526671777,0.026574752703633298,0.11226887205927709,0.37404621462199644,-0.006932487539646481,0.7320574162679314,-0.07197300659765127,0.048544840487070515,-0.011246882176696893,-0.013246882176696893,320.0
2025-03-12 13:00:00+00:00,2025-03-12 13:15:00+00:00,2025-03-12 15:05:00+00:00,SOLUSDT,FAILED_HIGH_CVD_DIVERGENCE,SHORT,-1.0,128.75,124.0034721497298,131.26,128.15,128.54,131.43418749999998,124.0034721497298,124.0034721497298,PRIOR_VALUE_REACHED,6.187264522972599,-0.02620201071982564,0.3612831492388621,1.440975959813414,-0.006492502705209513,0.6131386861313873,-0.22653821015769737,3.2210919694030165,0.035292732614518374,0.03329273261451837,110.0
2025-03-13 10:00:00+00:00,2025-03-13 10:15:00+00:00,2025-03-13 12:20:00+00:00,XRPUSDT,FAILED_HIGH_CVD_DIVERGENCE,SHORT,-1.0,2.2773,2.215439620582609,2.2893,2.2416,2.2666,2.2919939583333333,2.215439620582609,2.2919939583333333,BOUNDARY_EXTREME_INVALIDATED,2.226792108480715,0.04321769970136069,0.622186353251501,0.445441187843168,-0.005528255528255532,0.6176470588235274,-0.03821619032332679,0.6171497061176295,-0.011203546427836164,-0.013203546427836164,125.0
2025-03-13 16:30:00+00:00,2025-03-13 16:45:00+00:00,2025-03-13 17:20:00+00:00,SOLUSDT,FAILED_LOW_CVD_DIVERGENCE,LONG,1.0,122.91,125.28932800737317,124.35,122.37,123.21,122.22672916666667,125.28932800737317,122.22672916666667,BOUNDARY_EXTREME_INVALIDATED,1.4855809733503313,-0.18508775198892913,0.44764116205701615,0.37690853569870025,0.004074647542987586,0.510204081632651,0.24582123015598611,0.2506468874333174,-0.007980446662879004,-0.009980446662879004,35.0
2025-03-13 18:00:00+00:00,2025-03-13 18:15:00+00:00,2025-03-14 00:15:00+00:00,ETHUSDT,FAILED_LOW_CVD_DIVERGENCE,LONG,1.0,1839.01,1883.3370970920917,1845.22,1820.2,1839.38,1818.4867291666667,1883.3370970920917,1867.3,SIX_HOUR_CAP,2.1554863737426735,-0.10982934160290392,0.8130679961017748,1.0978999720320521,0.007333008395445706,0.8017964071856435,0.1773475584377544,1.9241322664888785,0.015179027715860771,0.013179027715860771,360.0
2025-03-13 18:00:00+00:00,2025-03-13 18:15:00+00:00,2025-03-13 20:50:00+00:00,SOLUSDT,FAILED_LOW_CVD_DIVERGENCE,LONG,1.0,121.98,125.18884152271052,122.39,121.04,122.57,120.90197916666668,125.18884152271052,120.90197916666668,BOUNDARY_EXTREME_INVALIDATED,1.6109783535146536,0.05016707228804851,0.6150870939566104,0.6810566037735835,0.007231489851261319,0.7787610619469018,0.2318235831033344,0.6748535360653848,-0.013608720187103795,-0.015608720187103796,155.0
2025-03-13 18:00:00+00:00,2025-03-13 18:15:00+00:00,2025-03-14 00:15:00+00:00,BTCUSDT,FAILED_LOW_CVD_DIVERGENCE,LONG,1.0,80176.1,82517.41374822376,80524.8,79903.4,80687.9,79850.07354166666,82517.41374822376,80978.2,SIX_HOUR_CAP,1.9114918466843986,-0.04739913720159561,0.3732780218897441,0.5113784198744585,0.008162719623762582,0.83414198161388,0.15993202027725983,0.3648776538960361,0.0035978133028620185,0.0015978133028620185,360.0
2025-03-14 14:00:00+00:00,2025-03-14 14:15:00+00:00,2025-03-14 15:05:00+00:00,XRPUSDT,FAILED_HIGH_CVD_DIVERGENCE,SHORT,-1.0,2.3458,2.280774603804047,2.348,2.2984,2.3207,2.3502429166666667,2.280774603804047,2.3502429166666667,BOUNDARY_EXTREME_INVALIDATED,3.211215999737597,0.04568055897326517,0.7480343244691703,0.09808656882778051,-0.00633697281096135,0.5896414342629511,-0.03561667526432566,0.23561372648978018,-0.01273017480357952,-0.01473017480357952,50.0
2025-03-14 23:00:00+00:00,2025-03-14 23:15:00+00:00,2025-03-15 05:15:00+00:00,SOLUSDT,FAILED_HIGH_CVD_DIVERGENCE,SHORT,-1.0,134.99,129.28253220896417,136.07,134.44,134.17,136.18652083333333,129.28253220896417,134.14,SIX_HOUR_CAP,1.2412920903323066,0.3598419244837987,0.5738023694907857,0.9268728768102834,-0.00879137115839268,0.8880597014925734,-0.3393676455294182,0.6601710853502848,0.00022359692926887664,-0.0017764030707311234,360.0
2025-03-16 16:30:00+00:00,2025-03-16 16:45:00+00:00,2025-03-16 17:00:00+00:00,BTCUSDT,FAILED_HIGH_CVD_DIVERGENCE,SHORT,-1.0,84453.4,83459.87710671444,85136.0,83246.8,84020.0,85165.56875,83459.87710671444,83459.87710671444,PRIOR_VALUE_REACHED,6.024632399029643,0.06324220068593922,0.4452697985954209,2.3085182836609888,-0.003551966033954135,0.5007523825447201,-0.1300376642400911,6.192800802108477,0.006666542409968557,0.004666542409968557,15.0
2025-03-16 23:30:00+00:00,2025-03-16 23:45:00+00:00,2025-03-17 03:05:00+00:00,BTCUSDT,FAILED_LOW_CVD_DIVERGENCE,LONG,1.0,82036.7,83430.6523336624,82434.7,81925.6,82576.3,81884.828125,83430.6523336624,83430.6523336624,PRIOR_VALUE_REACHED,1.1998935932374384,0.09866380822429921,0.22113451736773976,0.27249176055796187,0.0021796989442539605,0.6317270488920618,0.3455990446350381,0.0723023889613777,0.010346217179292294,0.008346217179292294,200.0
2025-03-17 20:00:00+00:00,2025-03-17 20:15:00+00:00,2025-03-18 01:20:00+00:00,BTCUSDT,FAILED_HIGH_CVD_DIVERGENCE,SHORT,-1.0,84594.9,83261.78881771363,84727.1,84320.0,84233.2,84772.71520833333,83261.78881771363,83261.78881771363,PRIOR_VALUE_REACHED,1.0768894251309182,0.0015307868050771223,0.6248078243588318,0.2898156225308883,-0.002404182092514806,0.6601626016260163,-0.07321008624018965,0.19500213406498498,0.011532402690226262,0.009532402690226262,305.0
2025-03-18 02:00:00+00:00,2025-03-18 02:15:00+00:00,2025-03-18 03:35:00+00:00,XRPUSDT,FAILED_LOW_CVD_DIVERGENCE,LONG,1.0,2.2962,2.3384215400563457,2.3061,2.2778,2.3022,2.2760841666666667,2.3384215400563457,2.2760841666666667,BOUNDARY_EXTREME_INVALIDATED,2.162361575446319,-0.08743226248991975,0.3699949061183558,1.072365225837772,0.005503144654088077,0.7682926829268273,0.22208132441553574,0.8579594909992371,-0.011343859496713238,-0.013343859496713238,80.0
2025-03-18 10:30:00+00:00,2025-03-18 10:45:00+00:00,2025-03-18 13:40:00+00:00,ETHUSDT,FAILED_LOW_CVD_DIVERGENCE,LONG,1.0,1886.29,1915.403946965488,1902.2,1884.25,1896.04,1883.066625,1915.403946965488,1883.066625,BOUNDARY_EXTREME_INVALIDATED,2.4164334929673474,-0.08675400392632637,0.12391228035924876,0.172388296186751,0.002771313729638347,0.6390243902439,0.1365538578334895,0.05161750081572526,-0.006842353009430147,-0.008842353009430147,175.0
2025-03-19 01:00:00+00:00,2025-03-19 01:15:00+00:00,2025-03-19 07:15:00+00:00,ETHUSDT,FAILED_HIGH_CVD_DIVERGENCE,SHORT,-1.0,1939.67,1898.926663703795,1948.5,1937.4,1936.7,1949.6026666666667,1898.926663703795,1934.22,SIX_HOUR_CAP,2.4391866379534877,0.03855511402481926,0.5372031048035119,0.800785973397818,-0.004154711586914717,0.8253319713993827,-0.3636049426270749,1.0493007993924073,0.0012805287344451743,-0.0007194712655548257,360.0
2025-03-20 17:00:00+00:00,2025-03-20 17:15:00+00:00,2025-03-20 23:15:00+00:00,XRPUSDT,FAILED_LOW_CVD_DIVERGENCE,LONG,1.0,2.4206,2.4912932152728446,2.427,2.3877,2.4216,2.3848212500000003,2.4912932152728446,2.4158,SIX_HOUR_CAP,4.633203098555197,-0.1551915873372579,0.2589608306591359,1.1428571428571326,0.008453754216466214,0.8252032520325302,0.2916938453997553,1.3712207120163717,-0.00239511067063114,-0.00439511067063114,360.0
2025-03-21 08:00:00+00:00,2025-03-21 08:15:00+00:00,2025-03-21 10:25:00+00:00,XRPUSDT,FAILED_LOW_CVD_DIVERGENCE,LONG,1.0,2.3834,2.45392537284573,2.4122,2.3823,2.4125,2.3801229166666666,2.45392537284573,2.3801229166666666,BOUNDARY_EXTREME_INVALIDATED,1.7314895841110278,0.08616370736417411,0.5187414249498337,0.050526315789478304,0.0024932474548100547,0.5309734513274392,0.06658827594980554,0.0453825031148277,-0.013420552677029352,-0.015420552677029352,130.0
2025-03-21 11:30:00+00:00,2025-03-21 11:45:00+00:00,2025-03-21 13:35:00+00:00,SOLUSDT,FAILED_LOW_CVD_DIVERGENCE,LONG,1.0,125.83,128.71234506424372,126.7,125.65,126.24,125.55425000000001,128.71234506424372,125.55425000000001,BOUNDARY_EXTREME_INVALIDATED,1.307020066798505,-0.021883217337968386,0.366481907250031,0.1879895561357626,0.003976459360585327,0.8620689655172439,0.062350786482990195,0.09004684829345663,-0.005432113434727381,-0.0074321134347273814,110.0
2025-03-21 13:00:00+00:00,2025-03-21 13:15:00+00:00,2025-03-21 13:35:00+00:00,XRPUSDT,FAILED_LOW_CVD_DIVERGENCE,LONG,1.0,2.3707,2.433826441441889,2.3926,2.3632,2.3773,2.3611279166666668,2.433826441441889,2.3611279166666668,BOUNDARY_EXTREME_INVALIDATED,1.7488071398751357,-0.07311490988933955,0.8588241271314137,0.3619545545948039,0.004054567723951408,0.7007299270072846,0.05475397052462361,0.543625975822229,-0.006802710357688646,-0.008802710357688646,20.0
2025-03-22 11:00:00+00:00,2025-03-22 11:15:00+00:00,2025-03-22 17:15:00+00:00,SOLUSDT,FAILED_HIGH_CVD_DIVERGENCE,SHORT,-1.0,131.49,127.81257856582873,131.77,130.77,130.66,131.86372916666667,127.81257856582873,129.25,SIX_HOUR_CAP,1.4263190769820524,-0.01007882757711076,0.6446039769760572,0.29873305178928766,-0.004115853658536506,0.5046728971962574,-0.004566513160460084,0.27465843878050805,0.010791366906474753,0.008791366906474753,360.0
2025-03-23 17:30:00+00:00,2025-03-23 17:45:00+00:00,2025-03-23 22:20:00+00:00,BTCUSDT,FAILED_HIGH_CVD_DIVERGENCE,SHORT,-1.0,85333.0,84497.31418123643,85376.4,85200.0,84897.5,85393.18020833333,84497.31418123643,85393.18020833333,BOUNDARY_EXTREME_INVALIDATED,1.0435875083110517,-0.12334408441572198,0.24063223461156405,0.258638028431278,-0.003550469483568075,0.7627332324760352,-0.23688259629960817,0.06494938709384636,-0.005838572494282213,-0.007838572494282213,275.0
2025-03-24 00:00:00+00:00,2025-03-24 00:15:00+00:00,2025-03-24 00:25:00+00:00,XRPUSDT,FAILED_HIGH_CVD_DIVERGENCE,SHORT,-1.0,2.4285,2.3984081355499485,2.44,2.4249,2.4248,2.4411322916666665,2.3984081355499485,2.4411322916666665,BOUNDARY_EXTREME_INVALIDATED,1.6373595052104897,0.15806555382371834,0.5342620057173016,1.0156393744250085,-0.005373477172976759,0.9290780141844049,-0.13762170004553242,0.8884599692371404,-0.006735521142637202,-0.008735521142637202,10.0
2025-03-24 01:30:00+00:00,2025-03-24 01:45:00+00:00,2025-03-24 03:05:00+00:00,SOLUSDT,FAILED_HIGH_CVD_DIVERGENCE,SHORT,-1.0,134.96,131.97952419970792,135.27,133.56,133.37,135.3486875,131.97952419970792,135.3486875,BOUNDARY_EXTREME_INVALIDATED,3.3397075237438423,-0.07872376307090323,0.3407377578924831,0.3939634630659296,-0.00351165570830847,0.594936708860764,-0.04989640837485654,0.4483164170086929,-0.014836076329009629,-0.01683607632900963,80.0
2025-03-24 11:00:00+00:00,2025-03-24 11:15:00+00:00,2025-03-24 14:15:00+00:00,XRPUSDT,FAILED_HIGH_CVD_DIVERGENCE,SHORT,-1.0,2.4747,2.428202152859716,2.4762,2.4661,2.4641,2.4776735416666664,2.428202152859716,2.4776735416666664,BOUNDARY_EXTREME_INVALIDATED,1.1294990526640563,0.019642206883364155,0.14649993318669982,0.10179556058250061,-0.002065446298396112,0.6623376623375957,-0.16791630646294198,0.016844267742090545,-0.005508518999499223,-0.0075085189994992235,180.0
2025-03-25 20:30:00+00:00,2025-03-25 20:45:00+00:00,2025-03-25 22:30:00+00:00,BTCUSDT,FAILED_HIGH_CVD_DIVERGENCE,SHORT,-1.0,88438.5,87333.03538801965,88500.0,87914.0,87947.9,88539.10625,87333.03538801965,87333.03538801965,PRIOR_VALUE_REACHED,3.3656424091633648,0.14876193392748838,0.7273964433337684,0.15726386447179158,-0.002013042792478492,0.7217249796582857,-0.2763147262324499,0.3850065233932216,0.006991236993496686,0.0049912369934966856,105.0
2025-03-26 19:30:00+00:00,2025-03-26 19:45:00+00:00,2025-03-26 23:25:00+00:00,SOLUSDT,FAILED_LOW_CVD_DIVERGENCE,LONG,1.0,137.06,142.25382571944175,137.49,136.13,137.73,136.01745833333334,142.25382571944175,136.01745833333334,BOUNDARY_EXTREME_INVALIDATED,3.4234356705947895,0.025314986095776648,0.10163189397025431,0.8263606071825308,0.006209818819403745,0.8673469387754883,0.2653535623845611,0.2875158535461477,-0.012434049710786654,-0.014434049710786654,220.0
2025-03-28 06:00:00+00:00,2025-03-28 06:15:00+00:00,2025-03-28 06:55:00+00:00,XRPUSDT,FAILED_LOW_CVD_DIVERGENCE,LONG,1.0,2.2526,2.3319834564160242,2.2642,2.2443,2.2644,2.2425997916666667,2.3319834564160242,2.2425997916666667,BOUNDARY_EXTREME_INVALIDATED,2.3757377266820265,-0.13739703929922253,0.5218914749727952,0.48817546869257417,0.005863539445629229,0.7374301675977822,0.21242419744071306,0.6052776656102548,-0.009627366336925292,-0.011627366336925292,40.0
2025-03-28 08:30:00+00:00,2025-03-28 08:45:00+00:00,2025-03-28 09:20:00+00:00,BTCUSDT,FAILED_LOW_CVD_DIVERGENCE,LONG,1.0,85121.1,86635.05928229523,85409.5,85030.8,85138.3,84995.160625,86635.05928229523,84995.160625,BOUNDARY_EXTREME_INVALIDATED,2.7959055833150654,0.06838282124881712,0.4242867934563134,0.25337144660927075,0.0010252659871534675,0.5366153846153667,0.2924553872755207,0.3005658855466754,-0.0016812571427899936,-0.0036812571427899936,35.0
2025-03-28 14:30:00+00:00,2025-03-28 14:45:00+00:00,2025-03-28 16:45:00+00:00,XRPUSDT,FAILED_LOW_CVD_DIVERGENCE,LONG,1.0,2.1874,2.279886957893472,2.2021,2.1733,2.203,2.171365833333333,2.279886957893472,2.171365833333333,BOUNDARY_EXTREME_INVALIDATED,3.7787869835464005,-0.09483072149658234,0.18226053496666428,0.7289961223610515,0.00401057332968735,0.5751633986928101,0.04552099782251062,0.5020769337576171,-0.014359585413829645,-0.016359585413829647,120.0
2025-03-29 03:30:00+00:00,2025-03-29 03:45:00+00:00,2025-03-29 06:20:00+00:00,SOLUSDT,FAILED_LOW_CVD_DIVERGENCE,LONG,1.0,127.01,131.41552518212646,127.89,126.39,128.8,126.280625,131.41552518212646,126.280625,BOUNDARY_EXTREME_INVALIDATED,2.409582512837546,0.030260796050741723,0.27698473493212816,0.5668571428571462,0.007824726134585402,0.9259259259259406,0.18959079243383514,0.37833041887227414,-0.019560364906832328,-0.02156036490683233,155.0
2025-03-29 06:30:00+00:00,2025-03-29 06:45:00+00:00,2025-03-29 07:40:00+00:00,SOLUSDT,FAILED_LOW_CVD_DIVERGENCE,LONG,1.0,126.39,130.18482237694965,127.75,126.21,127.35,126.10312499999999,130.18482237694965,126.10312499999999,BOUNDARY_EXTREME_INVALIDATED,1.5925395878117805,-0.0860046510917658,0.3925505217105932,0.16842105263158513,0.004179151553382665,0.7681159420289897,0.2600000800586397,0.10528879933310491,-0.00979093050647828,-0.01179093050647828,55.0
2025-03-29 06:30:00+00:00,2025-03-29 06:45:00+00:00,2025-03-29 07:10:00+00:00,XRPUSDT,FAILED_LOW_CVD_DIVERGENCE,LONG,1.0,2.1273,2.195977051103265,2.1544,2.123,2.1466,2.120936041666667,2.195977051103265,2.120936041666667,BOUNDARY_EXTREME_INVALIDATED,2.1745692515007184,-0.14534737274626952,0.14738844595521747,0.20833753911374558,0.007793427230046834,0.8426395939086342,0.3041292391824104,0.06677351102127664,-0.0119556313860677,-0.0139556313860677,25.0
2025-03-29 11:00:00+00:00,2025-03-29 11:15:00+00:00,2025-03-29 11:20:00+00:00,BTCUSDT,FAILED_LOW_CVD_DIVERGENCE,LONG,1.0,83000.0,84269.91905119574,83375.9,82755.4,83056.5,82720.55062499999,84269.91905119574,82720.55062499999,BOUNDARY_EXTREME_INVALIDATED,2.6833972456626345,-0.1793772729672065,0.563905319278497,0.7018777237755509,0.0020123127481461722,0.6774979691308078,0.2542233676699899,1.062068724178144,-0.004044829423344498,-0.006044829423344498,5.0
2025-03-29 11:00:00+00:00,2025-03-29 11:15:00+00:00,2025-03-29 11:25:00+00:00,XRPUSDT,FAILED_LOW_CVD_DIVERGENCE,LONG,1.0,2.0813,2.1725157188432385,2.0933,2.07,2.0863,2.067872083333333,2.1725157188432385,2.067872083333333,BOUNDARY_EXTREME_INVALIDATED,2.9041373973753934,-0.14478206665478044,0.24896914953302968,0.531035833170173,0.007193202664864229,0.696261682242991,0.06785107671398638,0.38396047696981417,-0.008832822061384693,-0.010832822061384693,10.0
2025-03-30 22:30:00+00:00,2025-03-30 22:45:00+00:00,2025-03-31 02:55:00+00:00,ETHUSDT,FAILED_LOW_CVD_DIVERGENCE,LONG,1.0,1782.0,1820.1817300708308,1805.21,1766.04,1807.83,1764.8829375,1820.1817300708308,1820.1817300708308,PRIOR_VALUE_REACHED,5.3018553853243455,-0.04773050500799936,0.849538673873521,1.379355047804248,0.009509716327898099,0.64654517843584,0.13606479035783137,6.212796097199374,0.006832351532406689,0.0048323515324066885,250.0
2025-03-31 01:00:00+00:00,2025-03-31 01:15:00+00:00,2025-03-31 01:20:00+00:00,SOLUSDT,FAILED_LOW_CVD_DIVERGENCE,LONG,1.0,122.81,124.99043118237826,124.3,122.58,124.92,122.48808333333334,124.99043118237826,124.99043118237826,PRIOR_VALUE_REACHED,2.0249042754885576,-0.1042265001203595,0.7621542745225682,0.25022665457842647,0.009699321047526688,0.5454545454545461,0.004085297676605482,0.3861721558851244,0.0005638102976164294,-0.0014361897023835706,5.0
2025-03-31 03:00:00+00:00,2025-03-31 03:15:00+00:00,2025-03-31 03:50:00+00:00,SOLUSDT,FAILED_HIGH_CVD_DIVERGENCE,SHORT,-1.0,127.01,124.98635024750125,127.59,125.69,125.79,127.6885625,124.98635024750125,124.98635024750125,PRIOR_VALUE_REACHED,1.7862077162793693,0.16636598041903916,0.5689360286926596,0.5884590995561167,-0.0058484153955583595,0.5285714285714228,-0.24042024331024103,0.5980144539979156,0.006388820673334572,0.004388820673334572,35.0
2025-03-31 08:00:00+00:00,2025-03-31 08:15:00+00:00,2025-03-31 09:05:00+00:00,XRPUSDT,FAILED_LOW_CVD_DIVERGENCE,LONG,1.0,2.0572,2.1258651320937783,2.0681,2.0522,2.072,2.0500977083333334,2.1258651320937783,2.0500977083333334,BOUNDARY_EXTREME_INVALIDATED,1.4152819093566766,-0.022255652715546526,0.2035616813766659,0.23783569517391268,0.003924608750424108,0.540000000000026,0.12354022171110723,0.06851978953696185,-0.010570604086229118,-0.012570604086229118,50.0
2025-03-31 15:30:00+00:00,2025-03-31 15:45:00+00:00,2025-03-31 17:40:00+00:00,SOLUSDT,FAILED_HIGH_CVD_DIVERGENCE,SHORT,-1.0,127.59,125.08064339799583,127.81,126.65,126.82,127.93895833333333,125.08064339799583,125.08064339799583,PRIOR_VALUE_REACHED,2.1609898437199377,0.022823726300530423,0.41122548107105694,0.17059773828755953,-0.0047088369172815225,0.6122448979591899,-0.01359855435670776,0.1516023775453157,0.013715160085192912,0.011715160085192912,115.0
2025-04-01 10:30:00+00:00,2025-04-01 10:45:00+00:00,2025-04-01 14:15:00+00:00,BTCUSDT,FAILED_HIGH_CVD_DIVERGENCE,SHORT,-1.0,84359.0,82930.42040882543,84474.8,84123.3,84199.6,84517.21,82930.42040882543,82930.42040882543,PRIOR_VALUE_REACHED,1.9395710726645374,-0.07279972541353386,0.15492220843773769,0.27304880924310965,-0.002120208346912955,0.6582045621780437,-0.15498424363888452,0.08204642541169883,0.015073463427077716,0.013073463427077716,210.0
2025-04-03 00:30:00+00:00,2025-04-03 00:45:00+00:00,2025-04-03 06:45:00+00:00,BTCUSDT,FAILED_LOW_CVD_DIVERGENCE,LONG,1.0,82300.0,85431.16019234071,83230.3,82137.3,83170.9,82078.89958333333,85431.16019234071,83208.9,SIX_HOUR_CAP,4.891762177382462,-0.0016237639637953771,0.434743739696352,0.2785939027261457,0.0029725870793155806,0.5441501103752759,0.02880905283585622,0.592475340133736,0.00045689057110109843,-0.0015431094288989016,360.0
2025-04-04 10:00:00+00:00,2025-04-04 10:15:00+00:00,2025-04-04 10:50:00+00:00,BTCUSDT,FAILED_HIGH_CVD_DIVERGENCE,SHORT,-1.0,84621.6,82627.17078414002,84686.2,84216.3,83644.4,84731.30895833333,82627.17078414002,82627.17078414002,PRIOR_VALUE_REACHED,1.5518074282798944,-0.04585129843676328,0.6704861120146061,0.14320880460734337,-0.010503677292585278,0.8216731445493392,-0.19624732542154355,0.14900379602765065,0.012161354685549464,0.010161354685549464,35.0
2025-04-04 10:00:00+00:00,2025-04-04 10:15:00+00:00,2025-04-04 10:50:00+00:00,SOLUSDT,FAILED_HIGH_CVD_DIVERGENCE,SHORT,-1.0,119.23,115.38730968683451,119.87,118.6,117.85,119.98654166666667,115.38730968683451,115.38730968683451,PRIOR_VALUE_REACHED,1.5892503900554735,0.015559310429584805,0.14904074292337519,0.5491598140865216,-0.014137527187552346,0.8802083333333388,-0.2656904175288498,0.13007567334837408,0.020896820646291725,0.018896820646291723,35.0
2025-04-05 13:00:00+00:00,2025-04-05 13:15:00+00:00,2025-04-05 15:45:00+00:00,XRPUSDT,FAILED_HIGH_CVD_DIVERGENCE,SHORT,-1.0,2.1721,2.117859961416811,2.1757,2.1406,2.1401,2.177802916666667,2.117859961416811,2.117859961416811,PRIOR_VALUE_REACHED,2.209653494424059,-0.11516502699239795,0.6233351235289099,0.17119080641965762,-0.0036778398510243226,0.5410958904109856,-0.049045360854525155,0.2357904505036911,0.010392055783929988,0.008392055783929988,150.0
2025-04-05 16:00:00+00:00,2025-04-05 16:15:00+00:00,2025-04-05 20:45:00+00:00,ETHUSDT,FAILED_LOW_CVD_DIVERGENCE,LONG,1.0,1782.15,1805.4097986301633,1785.77,1776.34,1784.74,1775.4264583333334,1805.4097986301633,1775.4264583333334,BOUNDARY_EXTREME_INVALIDATED,1.5697055264335102,-0.07222877632135716,0.5720268175103776,0.6359863169897559,0.0020436808713717447,0.6715867158671681,0.20407008505017132,0.5710607995084762,-0.005218430509019045,-0.007218430509019045,270.0
2025-04-06 08:30:00+00:00,2025-04-06 08:45:00+00:00,2025-04-06 10:50:00+00:00,XRPUSDT,FAILED_LOW_CVD_DIVERGENCE,LONG,1.0,2.0848,2.133104193778122,2.0958,2.0824,2.0958,2.081086458333333,2.133104193778122,2.081086458333333,BOUNDARY_EXTREME_INVALIDATED,1.0568061034728324,-0.18013783008733553,0.4983952648876005,0.18271213322761096,0.004168463418140034,0.790909090909096,0.2802684397556512,0.09623578840162533,-0.007020489391481588,-0.009020489391481588,125.0
2025-04-06 14:00:00+00:00,2025-04-06 14:15:00+00:00,2025-04-06 16:45:00+00:00,BTCUSDT,FAILED_LOW_CVD_DIVERGENCE,LONG,1.0,82333.8,82980.75647818789,82609.7,82155.4,82577.6,82131.87625,82980.75647818789,82131.87625,BOUNDARY_EXTREME_INVALIDATED,2.279593714046246,-0.13493800266427425,0.911476123512432,0.7583824857856768,0.003908524717315842,0.6908036097980318,0.18671082298007224,1.5757635203254148,-0.005397635072949658,-0.007397635072949658,150.0
2025-04-06 14:00:00+00:00,2025-04-06 14:15:00+00:00,2025-04-06 17:35:00+00:00,XRPUSDT,FAILED_LOW_CVD_DIVERGENCE,LONG,1.0,2.0581,2.1141532512381898,2.0648,2.0462,2.0709,2.0449949999999997,2.1141532512381898,2.0449949999999997,BOUNDARY_EXTREME_INVALIDATED,1.9521301034730372,-0.11447232140585939,0.32312057137516453,0.9875518672199368,0.010195121951219521,0.7769516728624609,0.13568409212607158,0.6229214434648354,-0.012509054034477884,-0.014509054034477884,200.0
2025-04-06 14:00:00+00:00,2025-04-06 14:15:00+00:00,2025-04-06 16:25:00+00:00,SOLUSDT,FAILED_LOW_CVD_DIVERGENCE,LONG,1.0,114.8,118.51620488723597,115.48,114.2,115.51,114.11939583333334,118.51620488723597,114.11939583333334,BOUNDARY_EXTREME_INVALIDATED,2.8497682950543655,0.02061191090485215,0.2914983648739761,0.7443783923494365,0.007676873418825947,0.6470588235294191,0.15075114823727698,0.6183572135023904,-0.012038820592733646,-0.014038820592733646,130.0
2025-04-06 14:30:00+00:00,2025-04-06 14:45:00+00:00,2025-04-06 17:40:00+00:00,XRPUSDT,FAILED_LOW_CVD_DIVERGENCE,LONG,1.0,2.0462,2.110033058279325,2.0724,2.0447,2.0741,2.0434695833333336,2.110033058279325,2.0434695833333336,BOUNDARY_EXTREME_INVALIDATED,2.096178523324527,0.09090823655720115,0.3791235013933838,0.12190992211307379,0.0056242424242425315,0.878787878787891,0.20857616793548162,0.09688310019334667,-0.014768052006492671,-0.016768052006492673,175.0
2025-04-08 15:30:00+00:00,2025-04-08 15:45:00+00:00,2025-04-08 16:25:00+00:00,ETHUSDT,FAILED_LOW_CVD_DIVERGENCE,LONG,1.0,1525.21,1564.5366894031686,1538.47,1517.12,1534.77,1515.2954583333333,1564.5366894031686,1515.2954583333333,BOUNDARY_EXTREME_INVALIDATED,3.9271470182438977,-0.01859886958433521,0.5675514157057615,0.4433990271529457,0.005252988373997125,0.6431435445068135,0.08939839834734453,0.9882734023029819,-0.012688899096715889,-0.014688899096715889,40.0
2025-04-08 17:30:00+00:00,2025-04-08 17:45:00+00:00,2025-04-08 21:30:00+00:00,XRPUSDT,FAILED_LOW_CVD_DIVERGENCE,LONG,1.0,1.84,1.908581288743977,1.8678,1.8053,1.847,1.8024547916666667,1.908581288743977,1.8024547916666667,BOUNDARY_EXTREME_INVALIDATED,4.646531315224795,-0.12165379205399995,0.5768648618838969,1.2195943472212112,0.02044198895027627,0.7297830374753441,0.1466578034901218,3.2690258673004227,-0.02411760061360768,-0.026117600613607683,225.0
2025-04-08 17:30:00+00:00,2025-04-08 17:45:00+00:00,2025-04-08 23:45:00+00:00,SOLUSDT,FAILED_LOW_CVD_DIVERGENCE,LONG,1.0,103.59,108.60933832669906,104.76,102.87,105.16,102.72402083333334,108.60933832669906,105.32,SIX_HOUR_CAP,3.7280879921269796,0.01934651625028172,0.6821488873160625,0.49322106464963533,0.01115384615384607,0.5248868778280542,0.15253558215721208,1.254315952252297,0.001521491061239999,-0.00047850893876000104,360.0
2025-04-08 21:30:00+00:00,2025-04-08 21:45:00+00:00,2025-04-08 22:10:00+00:00,XRPUSDT,FAILED_LOW_CVD_DIVERGENCE,LONG,1.0,1.8053,1.8929425410595049,1.8388,1.7998,1.8194,1.7969433333333333,1.8929425410595049,1.7969433333333333,BOUNDARY_EXTREME_INVALIDATED,1.5673457961986748,-0.17992259591569293,0.28363977545288926,0.19253208868144128,0.010048298451118542,0.6630036630036608,0.0672024515104328,0.08559237526135764,-0.012342896925726432,-0.014342896925726432,25.0
2025-04-09 01:30:00+00:00,2025-04-09 01:45:00+00:00,2025-04-09 07:05:00+00:00,SOLUSDT,FAILED_LOW_CVD_DIVERGENCE,LONG,1.0,102.87,107.87697488115062,104.98,101.23,103.4,101.078,107.87697488115062,107.87697488115062,PRIOR_VALUE_REACHED,4.521713951882106,-0.14912382846618344,0.2826908464198147,1.0789473684210529,0.02083127653272787,0.7902621722846435,0.2238493899089713,1.3791613925620883,0.043297629411514604,0.0412976294115146,320.0
2025-04-09 18:30:00+00:00,2025-04-09 18:45:00+00:00,2025-04-10 00:45:00+00:00,SOLUSDT,FAILED_HIGH_CVD_DIVERGENCE,SHORT,-1.0,119.59,107.49223005799456,120.69,117.4,118.18,120.87118749999999,107.49223005799456,117.03,SIX_HOUR_CAP,6.415070062703061,-0.046510830512103585,0.5285559255241953,0.6071058985857161,-0.012615924471551465,0.699074074074071,-0.05270870958813956,2.0585281124382266,0.00973091893721445,0.00773091893721445,360.0
2025-04-09 18:30:00+00:00,2025-04-09 18:45:00+00:00,2025-04-09 21:00:00+00:00,BTCUSDT,FAILED_HIGH_CVD_DIVERGENCE,SHORT,-1.0,82277.0,77552.02051833038,82967.4,81666.0,82053.6,83048.27895833332,77552.02051833038,83048.27895833332,BOUNDARY_EXTREME_INVALIDATED,6.784376095660419,-0.046571162216143325,0.30888188108461717,0.8536212807719293,-0.0058206314973222595,0.6638109713969823,-0.09241635767918,1.7888238732779522,-0.012122307349504702,-0.014122307349504702,135.0
2025-04-09 21:30:00+00:00,2025-04-09 21:45:00+00:00,2025-04-10 03:45:00+00:00,BTCUSDT,FAILED_HIGH_CVD_DIVERGENCE,SHORT,-1.0,83229.5,78366.67156789197,83554.9,82953.8,82910.1,83637.26208333332,78366.67156789197,81686.0,SIX_HOUR_CAP,2.173696540538794,0.007955415991720338,0.2660939507062305,0.39508471232210773,-0.0045456346419141536,0.7747084100675128,-0.21369834979228275,0.22851996078528997,0.01476418433942317,0.01276418433942317,360.0
2025-04-10 16:30:00+00:00,2025-04-10 16:45:00+00:00,2025-04-10 22:45:00+00:00,ETHUSDT,FAILED_LOW_CVD_DIVERGENCE,LONG,1.0,1481.15,1597.0401339079508,1508.0,1470.84,1500.8,1468.4425625,1597.0401339079508,1530.03,SIX_HOUR_CAP,5.624210463560433,0.015671900166302377,0.10779380960610752,0.4300424932871104,0.008988658289801776,0.6207056638811473,0.06601173460639731,0.26071544268512786,0.019476279317697243,0.01747627931769724,360.0
2025-04-11 14:00:00+00:00,2025-04-11 14:15:00+00:00,2025-04-11 17:40:00+00:00,BTCUSDT,FAILED_HIGH_CVD_DIVERGENCE,SHORT,-1.0,82944.3,80532.57615174126,83297.9,81962.9,82487.5,83355.78395833333,80532.57615174126,83355.78395833333,BOUNDARY_EXTREME_INVALIDATED,4.22898794338156,0.07449267770777857,0.29851712485477633,0.6108773659944498,-0.004706941320694713,0.6503834611537245,-0.07293322699961724,0.7711870554092745,-0.01052624892660492,-0.01252624892660492,205.0
2025-04-12 21:00:00+00:00,2025-04-12 21:15:00+00:00,2025-04-13 01:35:00+00:00,BTCUSDT,FAILED_HIGH_CVD_DIVERGENCE,SHORT,-1.0,85388.0,84052.92403453839,85884.2,85227.7,85280.1,85919.86666666667,84052.92403453839,85919.86666666667,BOUNDARY_EXTREME_INVALIDATED,1.897011243581196,0.1752775878417463,0.25060018585797367,1.3912149532710152,-0.002280198888563789,0.6985663082437067,-0.13202949054172652,0.6613715829006542,-0.007501945549626132,-0.009501945549626132,260.0
2025-04-13 20:00:00+00:00,2025-04-13 20:15:00+00:00,2025-04-14 00:25:00+00:00,ETHUSDT,FAILED_LOW_CVD_DIVERGENCE,LONG,1.0,1565.11,1613.699057511971,1623.91,1559.4,1607.15,1557.9595625000002,1613.699057511971,1613.699057511971,PRIOR_VALUE_REACHED,3.7394592058344633,-0.06491868656755906,0.45166104814594193,0.3964073415194902,0.011155012520290386,0.5325923700811066,0.2016773696338252,0.669519340322575,0.004074951007666305,0.0020749510076663053,250.0
2025-04-14 03:00:00+00:00,2025-04-14 03:15:00+00:00,2025-04-14 09:15:00+00:00,SOLUSDT,FAILED_HIGH_CVD_DIVERGENCE,SHORT,-1.0,133.57,129.5692044189305,136.09,133.32,132.35,136.24797916666668,129.5692044189305,133.69,SIX_HOUR_CAP,4.192089616862897,0.0730525193491014,0.33009356515729255,1.5951470394303107,-0.007350183754593953,0.7424242424242601,-0.08080457439315925,2.2073354527957707,-0.010124669437098666,-0.012124669437098666,360.0
2025-04-14 03:00:00+00:00,2025-04-14 03:15:00+00:00,2025-04-14 09:15:00+00:00,ETHUSDT,FAILED_HIGH_CVD_DIVERGENCE,SHORT,-1.0,1648.73,1604.8312049008516,1659.81,1633.7,1628.76,1661.4898333333333,1604.8312049008516,1642.69,SIX_HOUR_CAP,2.548024573778312,-0.01621063871948758,0.28621459432509716,0.659589244964774,-0.0035910267155259135,0.5923309788092906,-0.14059606227768395,0.4810264448319167,-0.008552518480316351,-0.010552518480316351,360.0
2025-04-14 15:00:00+00:00,2025-04-14 15:15:00+00:00,2025-04-14 15:40:00+00:00,BTCUSDT,FAILED_HIGH_CVD_DIVERGENCE,SHORT,-1.0,85534.8,84350.98388839282,85755.0,84909.0,84506.0,85809.51,84350.98388839282,84350.98388839282,PRIOR_VALUE_REACHED,3.6335821662775007,0.0454045813050421,0.45885092161244717,0.4039625756741837,-0.010236589365190896,0.8809595806874384,-0.1267909620159674,0.6735157038531691,0.0018343799447043674,-0.00016562005529563266,25.0
2025-04-15 00:30:00+00:00,2025-04-15 00:45:00+00:00,2025-04-15 05:40:00+00:00,SOLUSDT,FAILED_LOW_CVD_DIVERGENCE,LONG,1.0,127.9,131.7709910906037,129.42,127.62,129.32,127.46764583333334,131.7709910906037,131.7709910906037,PRIOR_VALUE_REACHED,1.703848057143918,-0.043341727650137996,0.1315031502694187,0.1837823054833867,0.004505204287711617,0.6904761904761687,0.21211474363694705,0.04117851829009777,0.018952915949611127,0.016952915949611125,295.0
2025-04-15 18:30:00+00:00,2025-04-15 18:45:00+00:00,2025-04-15 20:55:00+00:00,XRPUSDT,FAILED_LOW_CVD_DIVERGENCE,LONG,1.0,2.1112,2.147204821403801,2.1204,2.1025,2.1184,2.1009820833333333,2.147204821403801,2.1009820833333333,BOUNDARY_EXTREME_INVALIDATED,1.4136607274298814,-0.08085094118104807,0.8448224261352619,0.5731539939610314,0.005028940127146608,0.929824561403478,0.22709538271722196,0.684513393379396,-0.008222203864551858,-0.010222203864551858,130.0
2025-04-15 18:30:00+00:00,2025-04-15 18:45:00+00:00,2025-04-15 20:55:00+00:00,SOLUSDT,FAILED_LOW_CVD_DIVERGENCE,LONG,1.0,127.62,130.77202015805014,128.53,127.21,128.23,127.08272916666667,130.77202015805014,127.08272916666667,BOUNDARY_EXTREME_INVALIDATED,1.497496217940928,0.03323374505897214,0.25723320821876855,0.3221476510067201,0.006277956525150952,0.8602150537634162,0.221632018534903,0.12409312959025852,-0.008946976786503358,-0.010946976786503358,130.0
2025-04-15 19:30:00+00:00,2025-04-15 19:45:00+00:00,2025-04-15 20:55:00+00:00,ETHUSDT,FAILED_LOW_CVD_DIVERGENCE,LONG,1.0,1600.01,1628.4331832803696,1612.63,1594.21,1606.77,1592.9589166666667,1628.4331832803696,1592.9589166666667,BOUNDARY_EXTREME_INVALIDATED,1.2774470562732851,-0.0389262230255456,0.285022366001786,0.46359821488043335,0.0029775280898876044,0.8563734290843522,0.040255320219982904,0.16879656548660077,-0.008595557132217602,-0.010595557132217602,70.0
2025-04-16 17:30:00+00:00,2025-04-16 17:45:00+00:00,2025-04-16 17:50:00+00:00,BTCUSDT,FAILED_HIGH_CVD_DIVERGENCE,SHORT,-1.0,85232.0,83992.85130445744,85443.9,84975.0,84299.9,85480.81604166667,83992.85130445744,83992.85130445744,PRIOR_VALUE_REACHED,1.4846186564897503,0.08170432963984542,0.38619282407682887,0.5740052032483487,-0.011321148604588993,0.7744083433614143,-0.1411944995551545,0.32910535039146466,0.00364233760114252,0.00164233760114252,5.0
2025-04-16 17:30:00+00:00,2025-04-16 17:45:00+00:00,2025-04-16 17:50:00+00:00,SOLUSDT,FAILED_HIGH_CVD_DIVERGENCE,SHORT,-1.0,129.91,126.56944116247128,130.89,128.66,127.12,131.01872916666665,126.56944116247128,126.56944116247128,PRIOR_VALUE_REACHED,2.072325349479752,0.11688230916882936,0.1621601783034837,0.7612882343421197,-0.02410563488407791,0.7548076923076896,-0.03757555576611005,0.2558298820217952,0.004331016657714959,0.002331016657714959,5.0
2025-04-16 18:00:00+00:00,2025-04-16 18:15:00+00:00,2025-04-16 19:55:00+00:00,ETHUSDT,FAILED_LOW_CVD_DIVERGENCE,LONG,1.0,1550.0,1586.2186202221835,1608.0,1537.56,1567.8,1536.0856458333333,1586.2186202221835,1586.2186202221835,PRIOR_VALUE_REACHED,6.854801203693668,-0.06193321314011657,0.784247001147599,0.8437592731280682,0.014737577911108524,0.8651215805471139,0.0617518781082409,4.535929437307234,0.011748067497246772,0.009748067497246772,100.0
2025-04-17 19:30:00+00:00,2025-04-17 19:45:00+00:00,2025-04-18 00:50:00+00:00,XRPUSDT,FAILED_LOW_CVD_DIVERGENCE,LONG,1.0,2.0559,2.087478954360441,2.085,2.0509,2.0628,2.049363958333333,2.087478954360441,2.049363958333333,BOUNDARY_EXTREME_INVALIDATED,2.4667879230160303,0.06737950878436427,0.3508416928843389,0.325512003255113,0.0028683941854246164,0.5175438596491208,0.23987888109785227,0.28171503080891935,-0.006513497026695236,-0.008513497026695236,305.0
2025-04-18 01:00:00+00:00,2025-04-18 01:15:00+00:00,2025-04-18 07:15:00+00:00,XRPUSDT,FAILED_LOW_CVD_DIVERGENCE,LONG,1.0,2.0509,2.082007733649093,2.0636,2.0436,2.0613,2.0421652083333335,2.082007733649093,2.0601,SIX_HOUR_CAP,1.0531027240535862,-0.18187618010476658,0.35443072930412156,0.5087846667634576,0.0071826443858105105,0.7461928934010016,0.23302422729779226,0.1899048774039048,-0.0005821568912823816,-0.0025821568912823816,360.0
2025-04-20 12:00:00+00:00,2025-04-20 12:15:00+00:00,2025-04-20 15:55:00+00:00,SOLUSDT,FAILED_LOW_CVD_DIVERGENCE,LONG,1.0,136.73,139.35345919352798,137.09,135.71,136.86,135.627125,139.35345919352798,135.627125,BOUNDARY_EXTREME_INVALIDATED,2.8939148797647385,0.071128269242976,0.10680377303496773,1.2307692307692089,0.003961267605633978,0.5567010309278568,0.18761415400310133,0.38040741907803516,-0.009008293146280932,-0.011008293146280932,220.0
2025-04-20 12:00:00+00:00,2025-04-20 12:15:00+00:00,2025-04-20 18:15:00+00:00,XRPUSDT,FAILED_LOW_CVD_DIVERGENCE,LONG,1.0,2.038,2.0739585734460197,2.0455,2.0372,2.0516,2.0364272916666666,2.0739585734460197,2.0574,SIX_HOUR_CAP,1.2576724987955346,0.0013794058029419354,0.3740923966952473,0.10353194931247106,0.004996570980699611,0.8095238095238296,0.2588494660758458,0.048710303646134746,0.002827061805420028,0.000827061805420028,360.0
2025-04-21 06:30:00+00:00,2025-04-21 06:45:00+00:00,2025-04-21 12:45:00+00:00,XRPUSDT,FAILED_HIGH_CVD_DIVERGENCE,SHORT,-1.0,2.13,2.0795518156156523,2.1395,2.1256,2.1266,2.140608125,2.0795518156156523,2.1152,SIX_HOUR_CAP,2.1998206169218157,-0.022357855022487105,0.31821284387116117,0.8573040045121288,-0.0035143620261469666,0.7731958762886858,-0.19566835276729388,0.6001223831167513,0.005360669613467373,0.0033606696134673725,360.0
2025-04-21 15:00:00+00:00,2025-04-21 15:15:00+00:00,2025-04-21 17:05:00+00:00,BTCUSDT,FAILED_HIGH_CVD_DIVERGENCE,SHORT,-1.0,88380.0,86711.26894218322,88418.2,87755.5,87829.3,88455.25791666667,86711.26894218322,86711.26894218322,PRIOR_VALUE_REACHED,7.088432186463333,-0.08834292958864753,0.10532361061561123,0.10308188758586534,-0.0036799362930880486,0.7629350893696999,-0.22804437071963957,0.07695880053686845,0.012729590897534004,0.010729590897534004,110.0
2025-04-21 19:00:00+00:00,2025-04-21 19:15:00+00:00,2025-04-22 00:35:00+00:00,ETHUSDT,FAILED_LOW_CVD_DIVERGENCE,LONG,1.0,1570.41,1617.1378122103033,1577.6,1566.13,1574.01,1564.9415625000001,1617.1378122103033,1564.9415625000001,BOUNDARY_EXTREME_INVALIDATED,2.5793004796828485,-0.23323663024456953,0.5511132507857283,0.36013673415724157,0.004595324257568034,0.5102763997165117,0.12025109197788852,0.5119295677421742,-0.005761359521222809,-0.007761359521222809,320.0
2025-04-22 15:30:00+00:00,2025-04-22 15:45:00+00:00,2025-04-22 16:05:00+00:00,SOLUSDT,FAILED_HIGH_CVD_DIVERGENCE,SHORT,-1.0,144.84,138.81671978960148,145.46,144.0,143.92,145.57672916666667,138.81671978960148,145.57672916666667,BOUNDARY_EXTREME_INVALIDATED,3.9297051868288735,0.07658096053142405,0.28473181118390223,0.5311440299839424,-0.0063518365092517515,0.7244094488189043,-0.03622472046830649,0.5943034688537147,-0.01151145891235883,-0.01351145891235883,20.0
2025-04-24 19:00:00+00:00,2025-04-24 19:15:00+00:00,2025-04-24 23:35:00+00:00,SOLUSDT,FAILED_HIGH_CVD_DIVERGENCE,SHORT,-1.0,151.83,149.0676267182148,152.43,151.2,151.13,152.54852083333333,149.0676267182148,152.54852083333333,BOUNDARY_EXTREME_INVALIDATED,1.6461792494423142,0.11436786066078519,0.3009239471278805,0.5062401124977973,-0.004675974710221298,0.7717391304348018,-0.16638685924694974,0.25077857292598005,-0.009386096958468482,-0.011386096958468482,260.0
2025-04-26 08:30:00+00:00,2025-04-26 08:45:00+00:00,2025-04-26 09:40:00+00:00,ETHUSDT,FAILED_HIGH_CVD_DIVERGENCE,SHORT,-1.0,1826.91,1792.1072384248005,1841.49,1797.05,1812.07,1842.8638125,1792.1072384248005,1792.1072384248005,PRIOR_VALUE_REACHED,3.5725669359271555,0.1870894035203554,0.5803641435489255,1.0612801965333651,-0.008535457713919947,0.6732844195079949,-0.21697602728298826,2.2004474814133235,0.01101655100255483,0.00901655100255483,55.0
2025-04-27 01:30:00+00:00,2025-04-27 01:45:00+00:00,2025-04-27 02:00:00+00:00,ETHUSDT,FAILED_HIGH_CVD_DIVERGENCE,SHORT,-1.0,1849.0,1806.807459589894,1857.0,1822.17,1814.8,1858.1545416666668,1806.807459589894,1806.807459589894,PRIOR_VALUE_REACHED,3.9471646719188866,-0.03220615099107227,0.12749703997899894,0.6929156591721097,-0.007329613827808834,0.5427298501417652,-0.038358184710035714,0.3487110610272192,0.00440408883078347,0.00240408883078347,15.0
2025-04-27 05:30:00+00:00,2025-04-27 05:45:00+00:00,2025-04-27 11:45:00+00:00,SOLUSDT,FAILED_LOW_CVD_DIVERGENCE,LONG,1.0,146.0,148.96375295338174,146.85,145.39,146.28,145.30002083333332,148.96375295338174,148.09,SIX_HOUR_CAP,1.4657135895737525,-0.175928034246575,0.26521394072210136,0.6779347071081412,0.0036363636363636598,0.67948717948718,0.12863336823662075,0.26353198389303584,0.012373530216024164,0.010373530216024164,360.0
2025-04-27 13:30:00+00:00,2025-04-27 13:45:00+00:00,2025-04-27 18:45:00+00:00,BTCUSDT,FAILED_LOW_CVD_DIVERGENCE,LONG,1.0,93586.7,94264.66758939567,93850.0,93547.3,93918.5,93523.308125,94264.66758939567,94264.66758939567,PRIOR_VALUE_REACHED,1.1073361815897926,0.04394815608648095,0.8521254754843589,0.1642222627451771,0.0016605732763952386,0.7077272727272595,0.31020028258559385,0.1549583814861043,0.003685829622445791,0.0016858296224457909,300.0
2025-04-28 08:30:00+00:00,2025-04-28 08:45:00+00:00,2025-04-28 14:45:00+00:00,XRPUSDT,FAILED_HIGH_CVD_DIVERGENCE,SHORT,-1.0,2.3425,2.2487887678987226,2.3622,2.3235,2.3341,2.36412125,2.2487887678987226,2.298,SIX_HOUR_CAP,4.797892411324214,-0.039183389606687546,0.22292004240371113,1.0253741054001442,-0.0035433743169399623,0.674796747967509,-0.09696032611743022,1.0966851623517393,0.015466346771774941,0.013466346771774941,360.0
2025-04-28 12:00:00+00:00,2025-04-28 12:15:00+00:00,2025-04-28 13:35:00+00:00,ETHUSDT,FAILED_HIGH_CVD_DIVERGENCE,SHORT,-1.0,1823.7,1792.2915403951731,1826.71,1813.54,1808.09,1827.7448958333334,1792.2915403951731,1792.2915403951731,PRIOR_VALUE_REACHED,1.8397610355118579,-0.05507840613999082,0.41041586204614705,0.2908505284348254,-0.00380716253443536,0.6593511450381746,-0.06361676940082206,0.21961166833947166,0.008737651115169442,0.0067376511151694424,80.0
2025-04-29 23:30:00+00:00,2025-04-29 23:45:00+00:00,2025-04-30 05:45:00+00:00,ETHUSDT,FAILED_LOW_CVD_DIVERGENCE,LONG,1.0,1786.68,1813.8037010217308,1793.63,1779.36,1791.93,1778.2257708333332,1813.8037010217308,1802.65,SIX_HOUR_CAP,1.6685628625906783,-0.07354150123017389,0.10070698278127575,0.6453722241610643,0.0036349583295993693,0.780048076923084,0.1066862095004939,0.10844572283331615,0.005982376543726575,0.003982376543726575,360.0
2025-05-02 08:00:00+00:00,2025-05-02 08:15:00+00:00,2025-05-02 14:10:00+00:00,XRPUSDT,FAILED_LOW_CVD_DIVERGENCE,LONG,1.0,2.1939,2.225798624844666,2.2047,2.1903,2.2014,2.1891133333333332,2.225798624844666,2.225798624844666,PRIOR_VALUE_REACHED,2.1804403853592365,-0.10380362475720029,0.9159470642936834,0.3033707865168573,0.003464308505789049,0.8837209302325701,0.17120969729752877,0.6058824178157806,0.011083231055085907,0.009083231055085907,355.0
2025-05-03 11:00:00+00:00,2025-05-03 11:15:00+00:00,2025-05-03 15:10:00+00:00,ETHUSDT,FAILED_LOW_CVD_DIVERGENCE,LONG,1.0,1818.0,1838.7571558889251,1827.61,1816.23,1821.21,1815.393125,1838.7571558889251,1838.7571558889251,PRIOR_VALUE_REACHED,1.433576687178832,-0.23925789675545794,0.6188345721887725,0.21150112023898235,0.001424156778216501,0.6851851851852286,0.10320998283967531,0.18763254538143456,0.009634888831559829,0.007634888831559829,235.0
2025-05-04 00:00:00+00:00,2025-05-04 00:15:00+00:00,2025-05-04 01:45:00+00:00,BTCUSDT,FAILED_LOW_CVD_DIVERGENCE,LONG,1.0,95804.8,96237.93611357253,95985.6,95700.0,95913.5,95681.94520833333,96237.93611357253,95681.94520833333,BOUNDARY_EXTREME_INVALIDATED,1.3517395052194194,-0.17112936330075035,0.1069405038585052,0.5804553269561563,0.001150273529199941,0.5677485832045017,0.36443500205528023,0.08390812829728879,-0.0024142043785980727,-0.004414204378598073,90.0
2025-05-04 02:30:00+00:00,2025-05-04 02:45:00+00:00,2025-05-04 03:10:00+00:00,ETHUSDT,FAILED_HIGH_CVD_DIVERGENCE,SHORT,-1.0,1848.0,1829.2665099657286,1848.84,1836.44,1831.83,1849.5581458333334,1829.2665099657286,1829.2665099657286,PRIOR_VALUE_REACHED,1.470808633234036,0.05525567242544471,0.902090075106639,0.11696788604913119,-0.004921532519596594,0.725380304243408,-0.25014606469133716,0.15519320998924602,0.0013994148115662464,-0.0006005851884337537,25.0
2025-05-04 14:00:00+00:00,2025-05-04 14:15:00+00:00,2025-05-04 20:15:00+00:00,BTCUSDT,FAILED_LOW_CVD_DIVERGENCE,LONG,1.0,95227.2,95869.02204576436,95405.3,95172.4,95439.9,95151.29083333333,95869.02204576436,95597.7,SIX_HOUR_CAP,1.27937915059041,-0.028591793776944985,0.3876375539177302,0.2596028581580018,0.0011328841657409772,0.5476673427991563,0.09830022457077447,0.12874624846169197,0.0016533965354113,-0.0003466034645887,360.0
2025-05-04 19:30:00+00:00,2025-05-04 19:45:00+00:00,2025-05-04 22:25:00+00:00,XRPUSDT,FAILED_LOW_CVD_DIVERGENCE,LONG,1.0,2.1659,2.1908076651861985,2.1704,2.162,2.1761,2.160977083333333,2.1908076651861985,2.160977083333333,BOUNDARY_EXTREME_INVALIDATED,1.0362904811085636,-0.02688129679454876,0.8546238770223011,0.3812627291242593,0.003134651730973159,0.8095238095238296,0.005439944792751783,0.3376609853402985,-0.006949550418945294,-0.008949550418945294,160.0
2025-05-05 00:00:00+00:00,2025-05-05 00:15:00+00:00,2025-05-05 01:35:00+00:00,ETHUSDT,FAILED_LOW_CVD_DIVERGENCE,LONG,1.0,1808.01,1830.8067802382438,1812.02,1801.71,1811.8,1800.8990833333335,1830.8067802382438,1800.8990833333335,BOUNDARY_EXTREME_INVALIDATED,2.3352583145540304,-0.07487841896145431,0.4316472965822662,0.7768985715753726,0.00217382887043871,0.5450762829403667,0.1572312621540639,0.7831199274007461,-0.006016622511682557,-0.008016622511682557,80.0
2025-05-05 00:00:00+00:00,2025-05-05 00:15:00+00:00,2025-05-05 01:35:00+00:00,BTCUSDT,FAILED_LOW_CVD_DIVERGENCE,LONG,1.0,94350.0,95473.62823767916,94469.9,94116.4,94390.0,94092.75208333333,95473.62823767916,94092.75208333333,BOUNDARY_EXTREME_INVALIDATED,3.5202075070097405,-0.042788451576763586,0.18445420214015684,0.9878248612457272,0.0016958469789940533,0.5405953991881178,0.10559209031612315,0.6414115416861378,-0.003149146272557246,-0.005149146272557246,80.0
2025-05-05 00:00:00+00:00,2025-05-05 00:15:00+00:00,2025-05-05 01:35:00+00:00,SOLUSDT,FAILED_LOW_CVD_DIVERGENCE,LONG,1.0,143.8,146.01717484045724,144.17,143.55,144.41,143.47702083333334,146.01717484045724,143.47702083333334,BOUNDARY_EXTREME_INVALIDATED,1.4132407112237777,0.058880102065313134,0.37960761099744533,0.34256351698544074,0.003823161406923292,0.6179775280898582,0.146111190523045,0.18377742397441793,-0.006460627149550979,-0.00846062714955098,80.0
2025-05-05 00:00:00+00:00,2025-05-05 00:15:00+00:00,2025-05-05 01:35:00+00:00,XRPUSDT,FAILED_LOW_CVD_DIVERGENCE,LONG,1.0,2.1508,2.1865523926806265,2.1591,2.1486,2.1599,2.1475325,2.1865523926806265,2.1475325,BOUNDARY_EXTREME_INVALIDATED,1.069873220523196,-0.06572959478830964,0.3345728053531126,0.2060889929742162,0.0023668089845925167,0.7083333333333821,0.22827378341870386,0.07376965493935984,-0.005725959535163638,-0.007725959535163638,80.0
2025-05-06 08:30:00+00:00,2025-05-06 08:45:00+00:00,2025-05-06 10:50:00+00:00,ETHUSDT,FAILED_LOW_CVD_DIVERGENCE,LONG,1.0,1791.57,1809.8236472278656,1805.17,1787.04,1798.25,1786.13725,1809.8236472278656,1786.13725,BOUNDARY_EXTREME_INVALIDATED,2.6915185762062506,-0.13951944535023697,0.49952237553788587,0.5018000553863163,0.002620501240556461,0.9003831417624562,0.13129370598869072,0.6746570037162795,-0.006735854302794442,-0.008735854302794442,125.0
2025-05-06 14:00:00+00:00,2025-05-06 14:15:00+00:00,2025-05-06 14:20:00+00:00,BTCUSDT,FAILED_LOW_CVD_DIVERGENCE,LONG,1.0,93559.6,94233.65394837216,93982.2,93327.0,93977.6,93296.35083333333,94233.65394837216,94233.65394837216,PRIOR_VALUE_REACHED,4.726296400942889,-0.11221504958003214,0.4133199801789572,0.7589113352728654,0.00440547467333019,0.6914947156517659,0.0840638286093296,1.4825126015540198,0.00272462744709534,0.0007246274470953402,5.0
2025-05-06 14:00:00+00:00,2025-05-06 14:15:00+00:00,2025-05-06 14:25:00+00:00,XRPUSDT,FAILED_LOW_CVD_DIVERGENCE,LONG,1.0,2.0783,2.119098931280048,2.1003,2.0758,2.1022,2.07439,2.119098931280048,2.119098931280048,PRIOR_VALUE_REACHED,2.670269016199859,-0.0066978502218820735,0.7106405669907903,0.177304964539004,0.008588015160965412,0.8136363636363559,0.17717781389213472,0.3364541644840735,0.008038688650008563,0.006038688650008563,10.0
2025-05-07 01:30:00+00:00,2025-05-07 01:45:00+00:00,2025-05-07 07:45:00+00:00,ETHUSDT,FAILED_HIGH_CVD_DIVERGENCE,SHORT,-1.0,1847.79,1790.042638427502,1850.0,1839.74,1839.63,1851.20325,1790.042638427502,1833.99,SIX_HOUR_CAP,2.7903873657235896,0.14014666077318805,0.38908390103292056,0.18366922917099834,-0.0034345086864899788,0.7520759193356904,-0.22568268023503757,0.19940872733377832,0.0030658338905106275,0.0010658338905106274,360.0
2025-05-08 01:30:00+00:00,2025-05-08 01:45:00+00:00,2025-05-08 02:30:00+00:00,BTCUSDT,FAILED_HIGH_CVD_DIVERGENCE,SHORT,-1.0,97800.0,96761.89381148544,98350.0,97550.0,97790.1,98387.188125,96761.89381148544,98387.188125,BOUNDARY_EXTREME_INVALIDATED,9.096602441603656,0.1680421228192932,0.47496332892024756,1.4789667400547863,-0.0014795527645886652,0.6047579298831363,-0.3036042442944825,6.389953560822075,-0.006105813625305601,-0.0081058136253056,45.0
2025-05-08 01:30:00+00:00,2025-05-08 01:45:00+00:00,2025-05-08 02:35:00+00:00,SOLUSDT,FAILED_HIGH_CVD_DIVERGENCE,SHORT,-1.0,149.47,146.7521237689764,149.96,148.26,148.45,150.05266666666668,146.7521237689764,150.05266666666668,BOUNDARY_EXTREME_INVALIDATED,3.4149614140914433,0.01586827606258856,0.6610538870372087,0.5287769784172748,-0.0021509712979769224,0.5614035087719744,-0.06846628353985584,1.1937000251060734,-0.01079600314359519,-0.01279600314359519,50.0
2025-05-08 04:30:00+00:00,2025-05-08 04:45:00+00:00,2025-05-08 08:10:00+00:00,BTCUSDT,FAILED_HIGH_CVD_DIVERGENCE,SHORT,-1.0,99199.9,97171.59739727192,99374.3,99050.0,99093.4,99412.70770833334,97171.59739727192,99412.70770833334,BOUNDARY_EXTREME_INVALIDATED,4.10129735217489,-0.05811229156945963,0.18523169671282846,0.4540755165250259,-0.0021298042694771757,0.962676376877573,-0.1991448483889765,0.3449567505083823,-0.0032222903678080783,-0.005222290367808078,205.0
2025-05-08 09:00:00+00:00,2025-05-08 09:15:00+00:00,2025-05-08 10:35:00+00:00,BTCUSDT,FAILED_HIGH_CVD_DIVERGENCE,SHORT,-1.0,99695.9,97592.24181870131,99800.0,99382.7,99532.0,99840.35104166667,97592.24181870131,99840.35104166667,BOUNDARY_EXTREME_INVALIDATED,2.201398168683575,0.007586946770027803,0.14009276137918708,0.2579859049487712,-0.0008332078502233387,0.5529646902065075,-0.3007408519039675,0.07956283976018873,-0.0030980090992511755,-0.0050980090992511756,80.0
2025-05-08 11:00:00+00:00,2025-05-08 11:15:00+00:00,2025-05-08 15:25:00+00:00,BTCUSDT,FAILED_HIGH_CVD_DIVERGENCE,SHORT,-1.0,99800.0,97723.53624358377,99863.3,99699.7,99567.1,99903.49458333333,97723.53624358377,99903.49458333333,BOUNDARY_EXTREME_INVALIDATED,1.5124637271331483,-0.008717763417913194,0.19475669541609858,0.15748390641359938,-0.0016324091370791827,0.9044444444443798,-0.15823999083819495,0.04638884332968672,-0.0033785716700931445,-0.0053785716700931446,250.0
2025-05-09 08:30:00+00:00,2025-05-09 08:45:00+00:00,2025-05-09 11:25:00+00:00,XRPUSDT,FAILED_HIGH_CVD_DIVERGENCE,SHORT,-1.0,2.3568,2.2725751941602406,2.4249,2.3356,2.345,2.427071875,2.2725751941602406,2.427071875,BOUNDARY_EXTREME_INVALIDATED,10.351852518331025,0.12101788982569928,0.6299345283151228,3.135539568345339,-0.025920079754091496,0.6731391585760479,-0.14028039091747224,20.44682007939081,-0.03499866737739876,-0.036998667377398764,160.0
2025-05-09 08:30:00+00:00,2025-05-09 08:45:00+00:00,2025-05-09 10:45:00+00:00,SOLUSDT,FAILED_HIGH_CVD_DIVERGENCE,SHORT,-1.0,167.01,159.76656632449755,168.99,164.81,165.32,169.1470625,159.76656632449755,169.1470625,BOUNDARY_EXTREME_INVALIDATED,5.778500537014607,0.04239403427549027,0.45117485562080045,1.2606446478312872,-0.01642075202284643,0.5257142857142894,-0.01685926712139174,3.2866444938000865,-0.023149422332446212,-0.025149422332446214,120.0
2025-05-09 09:00:00+00:00,2025-05-09 09:15:00+00:00,2025-05-09 15:15:00+00:00,ETHUSDT,FAILED_HIGH_CVD_DIVERGENCE,SHORT,-1.0,2444.77,2146.1195444922955,2490.75,2366.6,2355.05,2493.9702708333334,2146.1195444922955,2316.45,SIX_HOUR_CAP,26.059221278084365,-0.0926671662035029,0.8808606204952573,1.4278302161438283,-0.023408666804893175,0.5265858208955216,-0.04750127066349752,32.77518841495343,0.016390310184497325,0.014390310184497325,360.0
2025-05-13 16:30:00+00:00,2025-05-13 16:45:00+00:00,2025-05-13 17:45:00+00:00,SOLUSDT,FAILED_HIGH_CVD_DIVERGENCE,SHORT,-1.0,176.61,172.0287005100792,177.77,175.61,176.55,177.93591666666669,172.0287005100792,177.93591666666669,BOUNDARY_EXTREME_INVALIDATED,2.9474675813215194,0.07034604604788486,0.7508732330708011,0.699146157709693,-0.004230118443316444,0.7653061224489653,-0.09976486911119686,1.5473324565164743,-0.007849995279901822,-0.009849995279901822,60.0
2025-05-13 16:30:00+00:00,2025-05-13 16:45:00+00:00,2025-05-13 19:30:00+00:00,BTCUSDT,FAILED_HIGH_CVD_DIVERGENCE,SHORT,-1.0,103930.1,102607.6440582745,104365.0,103488.2,103900.1,104411.79208333333,102607.6440582745,104411.79208333333,BOUNDARY_EXTREME_INVALIDATED,2.728512601406044,0.0805521862577876,0.47015755685977656,0.9294307263514906,-0.001973957212676347,0.6063735615225835,-0.18053926062706604,1.192302379460017,-0.00492484688016015,-0.00692484688016015,165.0
2025-05-14 17:30:00+00:00,2025-05-14 17:45:00+00:00,2025-05-14 23:45:00+00:00,SOLUSDT,FAILED_LOW_CVD_DIVERGENCE,LONG,1.0,174.73,180.41718304178386,176.0,173.15,175.12,172.96408333333335,180.41718304178386,176.12,SIX_HOUR_CAP,1.9688168160559232,-0.11526550284170989,0.6285088275321306,0.8498431196772667,0.004013301226923671,0.5691056910569292,0.15536333311188089,1.051611809729473,0.0057103700319780515,0.0037103700319780514,360.0
2025-05-14 17:30:00+00:00,2025-05-14 17:45:00+00:00,2025-05-14 23:45:00+00:00,BTCUSDT,FAILED_LOW_CVD_DIVERGENCE,LONG,1.0,102773.4,103791.92644022698,103380.0,102536.0,103050.0,102497.70958333333,103791.92644022698,103484.0,SIX_HOUR_CAP,2.011131228321084,-0.02711553303002301,0.5268748935083336,0.6199984765552583,0.0021121665460825945,0.7142387372574579,0.2986120279621003,0.6569594078226152,0.004211547792333903,0.002211547792333903,360.0
2025-05-14 17:30:00+00:00,2025-05-14 17:45:00+00:00,2025-05-14 23:45:00+00:00,XRPUSDT,FAILED_LOW_CVD_DIVERGENCE,LONG,1.0,2.528,2.584773941139508,2.5512,2.518,2.5439,2.515345208333333,2.584773941139508,2.5505,SIX_HOUR_CAP,1.8179763103752216,-0.1972607987277818,0.3614651869899797,0.3766773915090723,0.003867250700445801,0.6621621621621427,0.06269008061644366,0.24752795303077052,0.0025944416054091146,0.0005944416054091146,360.0
2025-05-15 08:00:00+00:00,2025-05-15 08:15:00+00:00,2025-05-15 13:50:00+00:00,ETHUSDT,FAILED_LOW_CVD_DIVERGENCE,LONG,1.0,2533.92,2595.8163136933504,2544.37,2513.8,2541.75,2511.3509166666668,2595.8163136933504,2511.3509166666668,BOUNDARY_EXTREME_INVALIDATED,2.516582632564938,-0.08897735385509009,0.562909342152342,0.8215318656640196,0.0048071031273841935,0.5522252497729275,0.19871151009487775,1.163788509780513,-0.011959902954001511,-0.013959902954001511,335.0
2025-05-16 01:30:00+00:00,2025-05-16 01:45:00+00:00,2025-05-16 07:45:00+00:00,XRPUSDT,FAILED_LOW_CVD_DIVERGENCE,LONG,1.0,2.3514,2.4546942993077314,2.3782,2.3456,2.3786,2.34290625,2.4546942993077314,2.4029,SIX_HOUR_CAP,1.900430497921436,-0.009483498888575137,0.5963422710345055,0.21531322505799752,0.0043915209864031635,0.6303030303030347,0.07100081006103132,0.2440159935638895,0.010216093500378332,0.008216093500378331,360.0
2025-05-16 07:30:00+00:00,2025-05-16 07:45:00+00:00,2025-05-16 10:15:00+00:00,ETHUSDT,FAILED_HIGH_CVD_DIVERGENCE,SHORT,-1.0,2603.52,2546.689890026312,2619.39,2583.0,2595.59,2621.9386875,2546.689890026312,2621.9386875,BOUNDARY_EXTREME_INVALIDATED,1.5205562968433395,0.0880535526747146,0.18049100939105098,0.6226734348561724,-0.004808042543891555,0.7380812242495461,-0.05259493168773555,0.170890694812127,-0.010151328792297631,-0.012151328792297631,150.0
2025-05-16 11:30:00+00:00,2025-05-16 11:45:00+00:00,2025-05-16 17:45:00+00:00,ETHUSDT,FAILED_HIGH_CVD_DIVERGENCE,SHORT,-1.0,2627.65,2557.21813399598,2648.68,2620.63,2616.38,2651.2366666666667,2557.21813399598,2585.34,SIX_HOUR_CAP,1.8944881304625312,0.030656919445434028,0.1253779072670218,0.8225554106909945,-0.0028963635393561837,0.6133979015334937,-0.10867999762592362,0.19537908378014981,0.011863720101820019,0.009863720101820019,360.0
2025-05-16 23:00:00+00:00,2025-05-16 23:15:00+00:00,2025-05-17 00:40:00+00:00,SOLUSDT,FAILED_LOW_CVD_DIVERGENCE,LONG,1.0,166.85,171.3074997543958,167.65,166.22,168.32,166.0734375,171.3074997543958,166.0734375,BOUNDARY_EXTREME_INVALIDATED,1.6104021389551257,0.0344704841078205,0.5406068374404273,0.4298507462686531,0.00585634038484506,0.9898989898989705,0.16376899781025167,0.37422565569578053,-0.013346973027566378,-0.015346973027566378,85.0
2025-05-19 05:30:00+00:00,2025-05-19 05:45:00+00:00,2025-05-19 06:35:00+00:00,BTCUSDT,FAILED_LOW_CVD_DIVERGENCE,LONG,1.0,102740.2,104679.84780750045,103026.5,102579.0,102992.1,102528.69458333333,104679.84780750045,102528.69458333333,BOUNDARY_EXTREME_INVALIDATED,2.32858647135304,-0.040509079485004484,0.4948143103511859,0.3204426296041618,0.002996560334384002,0.550447227191434,0.07281233928768294,0.3692197366099414,-0.004499426816878871,-0.006499426816878871,50.0
2025-05-19 07:00:00+00:00,2025-05-19 07:15:00+00:00,2025-05-19 13:15:00+00:00,BTCUSDT,FAILED_LOW_CVD_DIVERGENCE,LONG,1.0,102501.0,104589.26527475491,102590.3,102038.8,102566.1,101986.27166666667,104589.26527475491,102297.7,SIX_HOUR_CAP,3.2694453529726863,-0.12716325665118555,0.5170957892387162,0.8799060824316979,0.003912245121683977,0.7655621528443178,0.05092462768490558,1.4875836755644893,-0.0026168490368650987,-0.004616849036865099,360.0
2025-05-20 02:30:00+00:00,2025-05-20 02:45:00+00:00,2025-05-20 08:45:00+00:00,BTCUSDT,FAILED_HIGH_CVD_DIVERGENCE,SHORT,-1.0,106758.5,104111.16002041395,106800.0,106389.2,106180.4,106851.94833333333,104111.16002041395,105115.0,SIX_HOUR_CAP,2.1121240119920195,-0.0193467856905174,0.7266419058362696,0.07988706727838545,-0.0021951998797151706,0.7591810204745142,-0.1352414631015726,0.12260730101757202,0.01003386689068786,0.00803386689068786,360.0
2025-05-20 19:00:00+00:00,2025-05-20 19:15:00+00:00,2025-05-20 20:50:00+00:00,ETHUSDT,FAILED_LOW_CVD_DIVERGENCE,LONG,1.0,2463.0,2516.7250463192854,2483.68,2438.39,2465.65,2436.207520833333,2516.7250463192854,2516.7250463192854,PRIOR_VALUE_REACHED,2.5141995083181,-0.09201582460018842,0.3147451808357545,1.1276167202817948,0.005685827442886815,0.6644423260247876,0.16313266218923084,0.8923193962277604,0.02071463764901149,0.01871463764901149,95.0
2025-05-20 19:00:00+00:00,2025-05-20 19:15:00+00:00,2025-05-20 20:00:00+00:00,XRPUSDT,FAILED_LOW_CVD_DIVERGENCE,LONG,1.0,2.3186,2.3609280133257147,2.3385,2.3125,2.3297,2.311036458333333,2.3609280133257147,2.3609280133257147,PRIOR_VALUE_REACHED,1.6987347229353407,-0.2515101223141105,0.6051010193411892,0.4167971530249113,0.005568024861878351,0.7724550898203538,0.10739847083906318,0.42842834124124923,0.013404306702886615,0.011404306702886615,45.0
2025-05-21 07:00:00+00:00,2025-05-21 07:15:00+00:00,2025-05-21 13:15:00+00:00,ETHUSDT,FAILED_HIGH_CVD_DIVERGENCE,SHORT,-1.0,2606.27,2511.602453748728,2615.46,2591.68,2571.09,2617.6708958333334,2511.602453748728,2522.7,SIX_HOUR_CAP,1.9465793483556744,-0.05829156263945168,0.8197036247283735,0.4156686109514454,-0.009828199074947697,0.6699921239170356,-0.30908294805402636,0.6632483790503011,0.018820811406835336,0.016820811406835334,360.0
2025-05-22 05:30:00+00:00,2025-05-22 05:45:00+00:00,2025-05-22 07:45:00+00:00,SOLUSDT,FAILED_HIGH_CVD_DIVERGENCE,SHORT,-1.0,177.48,170.85287107345613,177.77,176.36,176.91,177.954125,170.85287107345613,177.954125,BOUNDARY_EXTREME_INVALIDATED,1.1013672826310348,0.051292006745023544,0.17034566469259876,0.15750169721657606,-0.0025934487230084846,0.5476190476190549,-0.18032361580051803,0.029549388258432424,-0.005902012322650085,-0.007902012322650085,120.0
2025-05-25 01:30:00+00:00,2025-05-25 01:45:00+00:00,2025-05-25 02:20:00+00:00,SOLUSDT,FAILED_LOW_CVD_DIVERGENCE,LONG,1.0,171.57,175.50973709452032,172.58,170.53,172.33,170.40558333333334,175.50973709452032,170.40558333333334,BOUNDARY_EXTREME_INVALIDATED,2.783422562153297,0.052381431597988914,0.8003712032821773,0.8359008707300677,0.002618105655108227,0.529411764705906,0.07029432454208417,1.8621959404628916,-0.011167043849977798,-0.013167043849977798,35.0
2025-05-25 01:30:00+00:00,2025-05-25 01:45:00+00:00,2025-05-25 07:45:00+00:00,XRPUSDT,FAILED_LOW_CVD_DIVERGENCE,LONG,1.0,2.2969,2.336306414287284,2.3118,2.2911,2.3144,2.290100625,2.336306414287284,2.3044,SIX_HOUR_CAP,1.5595220979694135,0.11657328767046748,0.7825995055336994,0.5803627267041704,0.002338674750974379,0.6206896551723856,0.012411972701312335,0.7083218103204758,-0.004320774282751572,-0.006320774282751572,360.0
2025-05-25 15:30:00+00:00,2025-05-25 15:45:00+00:00,2025-05-25 21:45:00+00:00,SOLUSDT,FAILED_LOW_CVD_DIVERGENCE,LONG,1.0,170.0,173.19627618450704,171.32,169.05,170.34,168.92989583333335,173.19627618450704,171.44,SIX_HOUR_CAP,1.8623138432370352,-0.13996553697914282,0.5513025606368367,0.7909800520381518,0.00525228681026868,0.6691729323308462,0.014208007388016863,0.8120979463341078,0.006457672889515154,0.004457672889515154,360.0
2025-05-25 23:00:00+00:00,2025-05-25 23:15:00+00:00,2025-05-25 23:40:00+00:00,XRPUSDT,FAILED_HIGH_CVD_DIVERGENCE,SHORT,-1.0,2.3367,2.300834054228792,2.3389,2.3198,2.3325,2.3401452083333334,2.300834054228792,2.3401452083333334,BOUNDARY_EXTREME_INVALIDATED,1.404477303645807,0.04601522199254293,0.689834456386099,0.17667726284090612,-0.0018401232454640093,0.5890410958904126,-0.06852709260447298,0.17117497409305185,-0.0032776884601644074,-0.0052776884601644074,25.0
2025-05-26 00:00:00+00:00,2025-05-26 00:15:00+00:00,2025-05-26 00:50:00+00:00,XRPUSDT,FAILED_HIGH_CVD_DIVERGENCE,SHORT,-1.0,2.3389,2.3010629257925124,2.3456,2.3283,2.3349,2.3468485416666667,2.3010629257925124,2.3468485416666667,BOUNDARY_EXTREME_INVALIDATED,1.1384490311846154,0.17822788970253534,0.45353442497947294,0.5366260637410247,-0.002435273006921146,0.6867469879517422,-0.18283606905839234,0.2770738960042076,-0.005117367624594804,-0.007117367624594804,35.0
2025-05-28 07:30:00+00:00,2025-05-28 07:45:00+00:00,2025-05-28 13:45:00+00:00,XRPUSDT,FAILED_LOW_CVD_DIVERGENCE,LONG,1.0,2.2857,2.321008554639665,2.2933,2.283,2.2938,2.2819041666666666,2.321008554639665,2.2958,SIX_HOUR_CAP,1.045888846007531,0.09253685083693997,0.7907053803182701,0.2463878326996132,0.0018343815513626183,0.8076923076923241,0.12475799770412266,0.20376025842735498,0.0008719155985699167,-0.0011280844014300833,360.0
2025-05-28 10:30:00+00:00,2025-05-28 10:45:00+00:00,2025-05-28 14:00:00+00:00,BTCUSDT,FAILED_LOW_CVD_DIVERGENCE,LONG,1.0,108339.2,109472.86608256289,108763.8,108178.1,108712.9,108135.71020833334,109472.86608256289,108135.71020833334,BOUNDARY_EXTREME_INVALIDATED,1.9186242276803798,-0.06577834717270259,0.760069777098024,0.38004433064169096,0.0009907435456648628,0.5501022494886916,0.07980338249126695,0.5542141967014248,-0.005309303603037496,-0.007309303603037496,195.0
2025-05-28 16:00:00+00:00,2025-05-28 16:15:00+00:00,2025-05-28 19:55:00+00:00,BTCUSDT,FAILED_LOW_CVD_DIVERGENCE,LONG,1.0,107100.1,108831.5051080195,107460.1,107000.0,107241.6,106961.44604166667,108831.5051080195,106961.44604166667,BOUNDARY_EXTREME_INVALIDATED,1.6608969451382554,0.006692493311314385,0.6915908563538337,0.2596361160494911,0.0016447875366014664,0.6852140077821238,0.12387124840153452,0.2982339172033055,-0.0026123627242911063,-0.004612362724291106,220.0
2025-05-28 20:30:00+00:00,2025-05-28 20:45:00+00:00,2025-05-29 01:55:00+00:00,BTCUSDT,FAILED_LOW_CVD_DIVERGENCE,LONG,1.0,106881.5,108278.6650262194,107213.3,106723.9,107306.9,106685.261875,108278.6650262194,108278.6650262194,PRIOR_VALUE_REACHED,1.870542267659065,-0.016424319455276448,0.4808767867777968,0.4078872874913205,0.0016914708608670725,0.5683814303638501,0.11271972705413269,0.36689475998161636,0.009055941660968791,0.0070559416609687915,310.0
2025-05-30 00:00:00+00:00,2025-05-30 00:15:00+00:00,2025-05-30 01:00:00+00:00,BTCUSDT,FAILED_LOW_CVD_DIVERGENCE,LONG,1.0,105580.0,107318.82160291882,105856.0,105054.2,105871.9,105008.80104166667,107318.82160291882,105008.80104166667,BOUNDARY_EXTREME_INVALIDATED,2.3831772351395837,-0.15154335988318524,0.2460219031060208,1.1581763531652314,0.0031457297192816203,0.7910412199189952,0.19633746675559038,0.679054777337049,-0.008152294974713148,-0.010152294974713148,45.0
2025-05-31 00:30:00+00:00,2025-05-31 00:45:00+00:00,2025-05-31 01:35:00+00:00,SOLUSDT,FAILED_LOW_CVD_DIVERGENCE,LONG,1.0,155.01,161.39322645179232,156.76,154.23,156.88,154.07570833333332,161.39322645179232,154.07570833333332,BOUNDARY_EXTREME_INVALIDATED,3.3230534355356145,-0.10579199667736405,0.1756977241896233,0.5055360518498532,0.010238907849829282,0.8412698412698365,0.07226372349746724,0.29515870306299485,-0.017875393081761004,-0.019875393081761006,50.0
2025-05-31 00:30:00+00:00,2025-05-31 00:45:00+00:00,2025-05-31 01:35:00+00:00,BTCUSDT,FAILED_LOW_CVD_DIVERGENCE,LONG,1.0,103555.0,105080.56240606064,104140.9,103501.0,104133.5,103452.36270833333,105080.56240606064,103452.36270833333,BOUNDARY_EXTREME_INVALIDATED,1.9391230204885732,-0.027355109481838835,0.5204413283739389,0.11102591889796505,0.0035957841334459673,0.8117928633594453,0.13659515809004485,0.11204733077927789,-0.0065410006546084976,-0.008541000654608498,50.0
2025-05-31 02:00:00+00:00,2025-05-31 02:15:00+00:00,2025-05-31 02:55:00+00:00,SOLUSDT,FAILED_LOW_CVD_DIVERGENCE,LONG,1.0,154.23,160.53104735090238,155.6,152.48,154.59,152.3328125,160.53104735090238,152.3328125,BOUNDARY_EXTREME_INVALIDATED,4.527109446915713,-0.14505279273166372,0.7546860728495989,1.1889596602972423,0.008941391463255455,0.6989795918367342,0.09658371410451139,4.062135906407137,-0.014601122323565696,-0.016601122323565698,40.0
2025-05-31 02:00:00+00:00,2025-05-31 02:15:00+00:00,2025-05-31 08:15:00+00:00,ETHUSDT,FAILED_LOW_CVD_DIVERGENCE,LONG,1.0,2501.0,2582.7614528094246,2513.2,2474.0,2509.56,2471.856979166667,2582.7614528094246,2519.23,SIX_HOUR_CAP,4.057682246954217,-0.18094955323313433,0.18145141799679151,1.2599037573518754,0.007103127784064744,0.6589724497393907,0.17513935394845936,0.9276321080516877,0.0038532651142033636,0.0018532651142033636,360.0
2025-05-31 02:00:00+00:00,2025-05-31 02:15:00+00:00,2025-05-31 02:55:00+00:00,BTCUSDT,FAILED_LOW_CVD_DIVERGENCE,LONG,1.0,103501.0,104970.62999483799,103945.7,103231.6,103691.4,103185.09625,104970.62999483799,103185.09625,BOUNDARY_EXTREME_INVALIDATED,2.438245427489025,-0.18537093895873002,0.3085269346179444,0.5793081203128662,0.0025612391408391666,0.5649392194497707,0.10886947731720853,0.43579286835272946,-0.004882794040778626,-0.006882794040778626,40.0
2025-05-31 03:30:00+00:00,2025-05-31 03:45:00+00:00,2025-05-31 09:45:00+00:00,XRPUSDT,FAILED_LOW_CVD_DIVERGENCE,LONG,1.0,2.0962,2.16757109120256,2.1026,2.0778,2.1071,2.07585375,2.16757109120256,2.1403,SIX_HOUR_CAP,4.495869679567454,-0.08784610274443427,0.5384283897333003,0.945407835581255,0.004146016012199771,0.5437500000000091,0.0924182244449443,2.288552408229849,0.015756252669545834,0.013756252669545834,360.0
2025-06-01 13:00:00+00:00,2025-06-01 13:15:00+00:00,2025-06-01 15:30:00+00:00,ETHUSDT,FAILED_LOW_CVD_DIVERGENCE,LONG,1.0,2476.01,2518.7494085876097,2493.0,2465.0,2489.68,2463.7790208333336,2518.7494085876097,2518.7494085876097,PRIOR_VALUE_REACHED,2.097175598560225,-0.07853381232880197,0.4624335573119071,0.9017352875936533,0.0026983705064076435,0.6511175898930848,0.14395481588410508,0.8745068246105492,0.011675961805376556,0.009675961805376556,135.0
2025-06-02 01:30:00+00:00,2025-06-02 01:45:00+00:00,2025-06-02 07:45:00+00:00,SOLUSDT,FAILED_HIGH_CVD_DIVERGENCE,SHORT,-1.0,158.24,154.1971285830643,158.84,157.72,157.79,158.94287500000002,154.1971285830643,155.91,SIX_HOUR_CAP,1.2024354962619102,0.055267181837594714,0.28908168262190825,0.5832320777642709,-0.004291033003092082,0.7999999999999866,-0.16821830707326213,0.2027326813144293,0.0119145699980987,0.0099145699980987,360.0
2025-06-02 08:30:00+00:00,2025-06-02 08:45:00+00:00,2025-06-02 09:10:00+00:00,BTCUSDT,FAILED_HIGH_CVD_DIVERGENCE,SHORT,-1.0,105823.6,104812.52183192798,105900.0,105300.4,105448.7,105929.638125,104812.52183192798,104812.52183192798,PRIOR_VALUE_REACHED,2.0941347005623956,0.19159569671846555,0.30670745521243503,0.257776090761457,-0.0029726813983327327,0.7250922509225196,-0.2980519837125357,0.1655661610879446,0.006033058426249127,0.004033058426249127,25.0
2025-06-04 16:00:00+00:00,2025-06-04 16:15:00+00:00,2025-06-04 20:05:00+00:00,ETHUSDT,FAILED_HIGH_CVD_DIVERGENCE,SHORT,-1.0,2659.25,2620.145426051436,2679.64,2641.37,2658.82,2681.288958333333,2620.145426051436,2620.145426051436,PRIOR_VALUE_REACHED,4.6595121065894345,0.11299836888404635,0.6917784660481272,1.2365382185723226,-0.0030372114649107607,0.6313328137178453,-0.21236280864724966,3.985795637018759,0.014545766147600836,0.012545766147600836,230.0
2025-06-04 21:30:00+00:00,2025-06-04 21:45:00+00:00,2025-06-05 03:45:00+00:00,XRPUSDT,FAILED_LOW_CVD_DIVERGENCE,LONG,1.0,2.1943,2.240902367375504,2.2047,2.1936,2.2089,2.1924433333333333,2.240902367375504,2.2012,SIX_HOUR_CAP,1.0442465732087676,0.21199848599868565,0.19553135816668005,0.06051873198848524,0.002177759629780729,0.5853658536585273,0.2344069622943552,0.01235689327126669,-0.0034858979582597094,-0.005485897958259709,360.0
2025-06-04 22:30:00+00:00,2025-06-04 22:45:00+00:00,2025-06-04 22:55:00+00:00,SOLUSDT,FAILED_LOW_CVD_DIVERGENCE,LONG,1.0,153.76,156.00160009048818,155.16,153.42,153.93,153.32093749999999,156.00160009048818,153.32093749999999,BOUNDARY_EXTREME_INVALIDATED,1.2093980868798877,-0.11372845514791863,0.6991113413200082,0.3432176656151445,0.002344207853096414,0.5070422535211403,0.11470344064185434,0.29019188124757117,-0.003956749821347527,-0.005956749821347527,10.0
2025-06-04 23:30:00+00:00,2025-06-04 23:45:00+00:00,2025-06-05 05:30:00+00:00,SOLUSDT,FAILED_LOW_CVD_DIVERGENCE,LONG,1.0,153.22,155.94349089289275,153.68,152.78,153.46,152.6811875,155.94349089289275,152.6811875,BOUNDARY_EXTREME_INVALIDATED,1.1608729704145462,-0.10221868627788289,0.6296504494011396,0.44528779253636597,0.0022859382143556317,0.6481481481481131,0.021016740156607927,0.325480523727692,-0.005075019549068305,-0.007075019549068305,345.0
2025-06-05 13:30:00+00:00,2025-06-05 13:45:00+00:00,2025-06-05 13:50:00+00:00,BTCUSDT,FAILED_HIGH_CVD_DIVERGENCE,SHORT,-1.0,105744.7,104886.2380940845,105878.3,105592.0,105350.0,105907.04020833333,104886.2380940845,104886.2380940845,PRIOR_VALUE_REACHED,3.015141114237289,-0.12681485906952294,0.5867802229616209,0.46485397200497836,-0.002811248781318887,0.6968559361802018,-0.2859644475577612,0.8224313500968146,0.004402106368443293,0.0024021063684432926,5.0
2025-06-09 12:00:00+00:00,2025-06-09 12:15:00+00:00,2025-06-09 17:20:00+00:00,SOLUSDT,FAILED_HIGH_CVD_DIVERGENCE,SHORT,-1.0,156.36,152.43422783496504,156.6,155.19,154.77,156.69593749999999,152.43422783496504,156.69593749999999,BOUNDARY_EXTREME_INVALIDATED,3.3563887881040197,-0.11340275756908147,0.17481705734706335,0.2501628664494914,-0.004950495049504844,0.8105263157894642,-0.17879149659108518,0.14678406535479216,-0.012443868320733742,-0.014443868320733742,305.0
2025-06-09 19:30:00+00:00,2025-06-09 19:45:00+00:00,2025-06-09 21:10:00+00:00,BTCUSDT,FAILED_HIGH_CVD_DIVERGENCE,SHORT,-1.0,108496.9,106971.79658206058,108791.8,108355.1,108396.1,108825.553125,106971.79658206058,108825.553125,BOUNDARY_EXTREME_INVALIDATED,2.822972311960385,0.3002407021898632,0.16544700415806055,0.8736968799185512,-0.0020539646765947994,0.9334728033472438,-0.2734832955177333,0.40806214760898535,-0.0039618872357953805,-0.0059618872357953805,85.0
2025-06-09 19:30:00+00:00,2025-06-09 19:45:00+00:00,2025-06-09 21:00:00+00:00,ETHUSDT,FAILED_HIGH_CVD_DIVERGENCE,SHORT,-1.0,2584.96,2524.8857137334735,2588.0,2576.84,2577.51,2589.3591666666666,2524.8857137334735,2589.3591666666666,BOUNDARY_EXTREME_INVALIDATED,1.0246979250669346,-0.011545996442789308,0.44060332630858706,0.2236664622930695,-0.00285505379339146,0.598540145985377,-0.07839849065397275,0.1009821230146773,-0.004597137030182719,-0.006597137030182719,75.0
2025-06-09 21:30:00+00:00,2025-06-09 21:45:00+00:00,2025-06-09 22:05:00+00:00,XRPUSDT,FAILED_HIGH_CVD_DIVERGENCE,SHORT,-1.0,2.3131,2.262687526895109,2.3264,2.3037,2.3097,2.327595625,2.262687526895109,2.327595625,BOUNDARY_EXTREME_INVALIDATED,3.29642750944075,0.035586785439917445,0.21946735499808398,1.1123889179299646,-0.0066660932392913486,0.8157894736842204,-0.11191582880885109,0.8047669136769927,-0.007748030047192156,-0.009748030047192156,20.0
2025-06-10 13:30:00+00:00,2025-06-10 13:45:00+00:00,2025-06-10 14:10:00+00:00,SOLUSDT,FAILED_HIGH_CVD_DIVERGENCE,SHORT,-1.0,161.77,158.14847380325529,161.94,160.62,158.36,162.0543125,158.14847380325529,158.14847380325529,PRIOR_VALUE_REACHED,2.0530941606194903,-0.0874003149335022,0.6921478056297087,0.14871514488790616,-0.014193227091633287,0.8475836431226672,-0.19461512695098682,0.21133085626161083,0.0013357299617625662,-0.0006642700382374338,25.0
2025-06-10 20:00:00+00:00,2025-06-10 20:15:00+00:00,2025-06-10 21:05:00+00:00,SOLUSDT,FAILED_HIGH_CVD_DIVERGENCE,SHORT,-1.0,164.99,159.6663887176864,165.46,162.72,163.06,165.59891666666667,159.6663887176864,165.59891666666667,BOUNDARY_EXTREME_INVALIDATED,5.241148697576053,-0.04819208410335507,0.7163948854008029,0.33833233353329245,-0.0028740903809698626,0.5222222222222341,-0.07476120922395701,1.2703472801443698,-0.015570444417188023,-0.017570444417188025,50.0
2025-06-10 20:00:00+00:00,2025-06-10 20:15:00+00:00,2025-06-10 22:10:00+00:00,ETHUSDT,FAILED_HIGH_CVD_DIVERGENCE,SHORT,-1.0,2798.72,2710.1932161982772,2807.0,2755.73,2758.81,2809.3440416666667,2710.1932161982772,2809.3440416666667,BOUNDARY_EXTREME_INVALIDATED,6.121353041402112,-0.01558791860740083,0.2896966863604258,0.35323604173703727,-0.005070558663045843,0.6551724137930998,-0.06467593408033834,0.6264060805613088,-0.018317333077184195,-0.020317333077184196,115.0
2025-06-10 21:00:00+00:00,2025-06-10 21:15:00+00:00,2025-06-11 00:20:00+00:00,SOLUSDT,FAILED_HIGH_CVD_DIVERGENCE,SHORT,-1.0,165.46,160.0487758455063,165.59,163.25,164.45,165.73420833333333,160.0487758455063,165.73420833333333,BOUNDARY_EXTREME_INVALIDATED,2.191636343465258,0.16236145063476393,0.5650865161924205,0.09014735625541435,-0.006404446861216884,0.6583850931676977,-0.09350714271881211,0.11164426858708566,-0.007809111178676442,-0.009809111178676442,185.0
2025-06-10 23:00:00+00:00,2025-06-10 23:15:00+00:00,2025-06-11 00:20:00+00:00,ETHUSDT,FAILED_HIGH_CVD_DIVERGENCE,SHORT,-1.0,2820.0,2729.8446053305906,2827.0,2792.39,2792.98,2829.4573125,2729.8446053305906,2829.4573125,BOUNDARY_EXTREME_INVALIDATED,2.6138280427182194,-0.039898706496093284,0.7937062787282172,0.28486405371722173,-0.0035249709225576575,0.548888888888895,-0.010227950850919987,0.5909823070183126,-0.013060355784860755,-0.015060355784860755,65.0
2025-06-11 04:00:00+00:00,2025-06-11 04:15:00+00:00,2025-06-11 10:15:00+00:00,SOLUSDT,FAILED_HIGH_CVD_DIVERGENCE,SHORT,-1.0,167.2,161.27184978512807,167.44,166.35,165.52,167.59364583333334,161.27184978512807,164.8,SIX_HOUR_CAP,2.3541871201125324,0.042411046245802275,0.4322693444227572,0.15620338983051432,-0.006721075372059349,0.7777777777777625,-0.34409776064964537,0.15895927421893394,0.004349927501208328,0.0023499275012083282,360.0
2025-06-11 09:30:00+00:00,2025-06-11 09:45:00+00:00,2025-06-11 12:45:00+00:00,XRPUSDT,FAILED_HIGH_CVD_DIVERGENCE,SHORT,-1.0,2.3272,2.293672918000948,2.3287,2.3091,2.3077,2.33006125,2.293672918000948,2.33006125,BOUNDARY_EXTREME_INVALIDATED,2.1755654752976983,-0.12766593685006777,0.6889160359258238,0.11019283746556936,-0.0033255592986092264,0.6814159292035318,-0.3328436029088102,0.16515503505666493,-0.00968984270052431,-0.01168984270052431,180.0
2025-06-11 15:00:00+00:00,2025-06-11 15:15:00+00:00,2025-06-11 18:00:00+00:00,SOLUSDT,FAILED_HIGH_CVD_DIVERGENCE,SHORT,-1.0,167.92,163.84934238666267,168.3,166.64,165.98,168.45993750000002,163.84934238666267,163.84934238666267,PRIOR_VALUE_REACHED,2.8328395649327045,0.0076516140345610495,0.3640597162004029,0.23759280969130056,-0.005929208839911437,0.5928143712574848,-0.17962930631426632,0.2450348741597689,0.012836833433771067,0.010836833433771067,165.0
2025-06-11 15:00:00+00:00,2025-06-11 15:15:00+00:00,2025-06-11 18:00:00+00:00,XRPUSDT,FAILED_HIGH_CVD_DIVERGENCE,SHORT,-1.0,2.3356,2.301259523553966,2.3375,2.324,2.3182,2.338863958333333,2.301259523553966,2.301259523553966,PRIOR_VALUE_REACHED,1.957515954725818,-0.07410440272234187,0.24340148913173668,0.1393004429509713,-0.003481924085457444,0.6,-0.06924028131700899,0.0663714092136879,0.007307599191628933,0.005307599191628933,165.0
2025-06-12 11:30:00+00:00,2025-06-12 11:45:00+00:00,2025-06-12 12:10:00+00:00,ETHUSDT,FAILED_LOW_CVD_DIVERGENCE,LONG,1.0,2729.13,2799.7674875107314,2752.93,2718.46,2734.08,2716.0975208333334,2799.7674875107314,2716.0975208333334,BOUNDARY_EXTREME_INVALIDATED,1.8957675601303814,-0.19039819775909428,0.14916676883806926,0.4516441943932523,0.0026918591431526195,0.563748079877124,0.12186921252406613,0.12771843900450527,-0.0065771591053175316,-0.008577159105317532,25.0
2025-06-12 12:30:00+00:00,2025-06-12 12:45:00+00:00,2025-06-12 15:55:00+00:00,SOLUSDT,FAILED_LOW_CVD_DIVERGENCE,LONG,1.0,157.33,162.7505551929279,158.21,157.21,159.03,157.08704166666666,162.7505551929279,157.08704166666666,BOUNDARY_EXTREME_INVALIDATED,1.223479455880061,0.0348233986239026,0.37263782386815925,0.09759403592003084,0.005627924623751168,0.864077669902926,0.08632907152604186,0.04449455775402579,-0.012217558531933181,-0.014217558531933181,190.0
2025-06-12 14:00:00+00:00,2025-06-12 14:15:00+00:00,2025-06-12 17:50:00+00:00,BTCUSDT,FAILED_LOW_CVD_DIVERGENCE,LONG,1.0,106688.0,108377.04580644102,107152.7,106539.1,107421.8,106501.18000000001,108377.04580644102,108377.04580644102,PRIOR_VALUE_REACHED,3.5782874443312234,0.11512856839296326,0.1758362261648795,0.39266877637129255,0.003793832312611878,0.8697514995715455,0.10879244225874385,0.24706427277234586,0.008892476261252558,0.006892476261252558,215.0
2025-06-14 20:30:00+00:00,2025-06-14 20:45:00+00:00,2025-06-15 00:55:00+00:00,XRPUSDT,FAILED_LOW_CVD_DIVERGENCE,LONG,1.0,2.1133,2.1474224240731137,2.124,2.1079,2.1267,2.1068247916666665,2.1474224240731137,2.1474224240731137,PRIOR_VALUE_REACHED,1.8336814360009415,0.12552209670629733,0.7265170040296991,0.5022282503391103,0.002687411598302658,0.5533980582524322,0.2670119666216957,0.6690688483720016,0.009743933828520124,0.007743933828520124,250.0
2025-06-14 20:30:00+00:00,2025-06-14 20:45:00+00:00,2025-06-14 21:25:00+00:00,BTCUSDT,FAILED_LOW_CVD_DIVERGENCE,LONG,1.0,104290.0,105131.0356518472,104680.2,104225.4,104862.3,104200.47604166665,105131.0356518472,105131.0356518472,PRIOR_VALUE_REACHED,1.7259065420630788,-0.07293522651141271,0.3106686172405919,0.25918836460904243,0.0025459864621975026,0.7273968860967202,0.09235108484396815,0.13897291299518405,0.0025627480214260867,0.0005627480214260867,40.0
2025-06-16 19:30:00+00:00,2025-06-16 19:45:00+00:00,2025-06-16 20:45:00+00:00,ETHUSDT,FAILED_HIGH_CVD_DIVERGENCE,SHORT,-1.0,2656.51,2592.9624461702606,2668.9,2643.13,2651.89,2670.6282708333333,2592.9624461702606,2670.6282708333333,BOUNDARY_EXTREME_INVALIDATED,1.980778418531045,0.09734810580754738,0.38634217642396573,0.7169015272972662,-0.004740065752931177,0.7233676975945065,-0.043778099846163876,0.5486148047814278,-0.007066006068627839,-0.00906600606862784,60.0
2025-06-16 19:30:00+00:00,2025-06-16 19:45:00+00:00,2025-06-16 22:40:00+00:00,SOLUSDT,FAILED_HIGH_CVD_DIVERGENCE,SHORT,-1.0,158.15,154.8643868862336,158.68,157.89,157.52,158.80975,154.8643868862336,154.8643868862336,PRIOR_VALUE_REACHED,1.2750014957632072,0.0051996225136417,0.9692556750922199,0.4084778420038543,-0.004927353126974121,0.7878787878787817,-0.16051297466952597,0.5047979120041362,0.01685889483091929,0.014858894830919291,175.0
2025-06-16 21:00:00+00:00,2025-06-16 21:15:00+00:00,2025-06-16 22:40:00+00:00,ETHUSDT,FAILED_HIGH_CVD_DIVERGENCE,SHORT,-1.0,2668.9,2600.2368457421653,2680.0,2654.46,2654.19,2681.70175,2600.2368457421653,2600.2368457421653,PRIOR_VALUE_REACHED,1.410256707999992,0.19043784731552282,0.14285851778617148,0.652269722344639,-0.005373745095614502,0.8638554216867604,-0.3207580040905519,0.13141094351884805,0.02032754032598827,0.018327540325988267,85.0
2025-06-17 12:00:00+00:00,2025-06-17 12:15:00+00:00,2025-06-17 15:05:00+00:00,XRPUSDT,FAILED_LOW_CVD_DIVERGENCE,LONG,1.0,2.1924,2.2669723725413164,2.1992,2.1874,2.2063,2.185580208333333,2.2669723725413164,2.185580208333333,BOUNDARY_EXTREME_INVALIDATED,1.4509356243001856,-0.08162266631701143,0.3397873663686835,0.2747567258157029,0.006064751481988262,0.760000000000002,0.32252519596444973,0.13545770199468682,-0.00939119415612888,-0.01139119415612888,170.0
2025-06-17 16:00:00+00:00,2025-06-17 16:15:00+00:00,2025-06-17 16:50:00+00:00,BTCUSDT,FAILED_LOW_CVD_DIVERGENCE,LONG,1.0,104205.0,106770.45870126724,104563.8,104068.0,104354.0,104022.98854166667,106770.45870126724,104022.98854166667,BOUNDARY_EXTREME_INVALIDATED,4.480625094716747,0.09940518678717547,0.12832697062119244,0.30436694360232347,0.0014856160124070428,0.7036363636363768,0.1687782550001946,0.17500644073152088,-0.0031720054653711083,-0.005172005465371108,35.0
2025-06-18 11:00:00+00:00,2025-06-18 11:15:00+00:00,2025-06-18 12:50:00+00:00,SOLUSDT,FAILED_LOW_CVD_DIVERGENCE,LONG,1.0,145.55,148.15556019040145,146.8,145.27,146.2,145.15179166666667,148.15556019040145,145.15179166666667,BOUNDARY_EXTREME_INVALIDATED,2.18347803859605,-0.09006946529435578,0.6984877836813432,0.23686993302784748,0.003914028702877159,0.6951219512194856,0.028218695639983027,0.36125808901022577,-0.007169687642498812,-0.009169687642498812,95.0
2025-06-18 19:00:00+00:00,2025-06-18 19:15:00+00:00,2025-06-18 20:45:00+00:00,BTCUSDT,FAILED_LOW_CVD_DIVERGENCE,LONG,1.0,103538.0,104595.61462494858,104624.5,103513.5,104258.5,103469.25791666667,104595.61462494858,104595.61462494858,PRIOR_VALUE_REACHED,2.6006573978465237,-0.0543558376710741,0.5387035415760923,0.055377139036173854,0.0067050261625407614,0.7019104417264757,0.1719999539935,0.07758244979608753,0.003233449790171372,0.001233449790171372,90.0
2025-06-18 19:30:00+00:00,2025-06-18 19:45:00+00:00,2025-06-18 20:45:00+00:00,BTCUSDT,FAILED_LOW_CVD_DIVERGENCE,LONG,1.0,103513.5,104582.69532107521,104415.4,103426.1,104121.3,103381.733125,104582.69532107521,104582.69532107521,PRIOR_VALUE_REACHED,3.466017646409971,0.08270328909984692,0.46926233126561595,0.19699381576907063,0.003336060384427464,0.6776277157956374,0.12004992093715106,0.3204048311540493,0.004431325012991705,0.0024313250129917047,60.0
2025-06-20 05:30:00+00:00,2025-06-20 05:45:00+00:00,2025-06-20 07:35:00+00:00,XRPUSDT,FAILED_LOW_CVD_DIVERGENCE,LONG,1.0,2.143,2.1596901534540915,2.1488,2.1382,2.1478,2.1373910416666666,2.1596901534540915,2.1596901534540915,PRIOR_VALUE_REACHED,1.350068454495085,0.02775002729588305,0.8815825611982112,0.5933556528457246,0.0027077497665735084,0.9666666666666716,0.2366441350649846,0.7062100027836588,0.005535968644236666,0.003535968644236666,110.0
2025-06-20 11:00:00+00:00,2025-06-20 11:15:00+00:00,2025-06-20 14:30:00+00:00,SOLUSDT,FAILED_HIGH_CVD_DIVERGENCE,SHORT,-1.0,148.49,145.59719872733035,148.75,148.09,148.15,148.83885416666666,145.59719872733035,145.59719872733035,PRIOR_VALUE_REACHED,1.1414633318428284,0.016302587517868394,0.3034458954135886,0.2926143024618897,-0.0021553175725735896,0.711111111111069,-0.08899701852146213,0.10135350733655143,0.017231193200605177,0.015231193200605177,195.0
2025-06-20 15:00:00+00:00,2025-06-20 15:15:00+00:00,2025-06-20 16:45:00+00:00,BTCUSDT,FAILED_LOW_CVD_DIVERGENCE,LONG,1.0,103870.3,105152.09039908566,105424.7,103805.9,104236.1,103772.17145833332,105152.09039908566,103772.17145833332,BOUNDARY_EXTREME_INVALIDATED,9.454149749771128,-0.11464400717589385,0.19631985229272622,0.1909362125302147,0.0034994791696751903,0.7018729484456537,0.2789210443008898,0.3543847290217478,-0.004450747309873271,-0.006450747309873271,90.0
2025-06-21 20:30:00+00:00,2025-06-21 20:45:00+00:00,2025-06-21 21:25:00+00:00,SOLUSDT,FAILED_LOW_CVD_DIVERGENCE,LONG,1.0,137.14,140.2409327290046,137.88,136.76,138.23,136.67193749999998,140.2409327290046,136.67193749999998,BOUNDARY_EXTREME_INVALIDATED,1.5158541197060056,-0.0070280879840984856,0.7733726987005467,0.4315117104329262,0.0042865446091253645,0.7283950617284228,0.1660488796245312,0.5058698909632107,-0.011271522100846476,-0.013271522100846476,40.0
2025-06-21 20:30:00+00:00,2025-06-21 20:45:00+00:00,2025-06-21 21:25:00+00:00,ETHUSDT,FAILED_LOW_CVD_DIVERGENCE,LONG,1.0,2380.0,2416.64904414429,2394.97,2378.0,2399.67,2376.7629583333332,2416.64904414429,2376.7629583333332,BOUNDARY_EXTREME_INVALIDATED,1.184324587978401,-0.04228414695461624,0.8533654098601242,0.16167604163158103,0.003080717301341851,0.5762314308053098,0.23557777418421932,0.16339977296818828,-0.009545913257517413,-0.011545913257517413,40.0
2025-06-21 20:30:00+00:00,2025-06-21 20:45:00+00:00,2025-06-21 21:25:00+00:00,XRPUSDT,FAILED_LOW_CVD_DIVERGENCE,LONG,1.0,2.0684,2.115926822143641,2.0777,2.066,2.0812,2.065171875,2.115926822143641,2.065171875,BOUNDARY_EXTREME_INVALIDATED,1.5280883062759456,-0.015131632522135785,0.35116255210246333,0.28981132075474003,0.0033747951017260025,0.7000000000000266,0.09532567231502354,0.1555148962689935,-0.007701386219488793,-0.009701386219488793,40.0
2025-06-21 22:00:00+00:00,2025-06-21 22:15:00+00:00,2025-06-21 23:35:00+00:00,BTCUSDT,FAILED_LOW_CVD_DIVERGENCE,LONG,1.0,101455.0,103115.60974887572,101789.9,101020.0,101831.0,100993.7025,103115.60974887572,100993.7025,BOUNDARY_EXTREME_INVALIDATED,5.6030109469599845,-0.11109240926793718,0.18854821731700452,1.6541496339956208,0.004322796414337526,0.7734250926416184,0.1484091700796264,1.7475060772346371,-0.008222422445031463,-0.010222422445031463,80.0
2025-06-22 20:30:00+00:00,2025-06-22 20:45:00+00:00,2025-06-22 23:05:00+00:00,BTCUSDT,FAILED_LOW_CVD_DIVERGENCE,LONG,1.0,98608.9,100967.43403558931,98897.7,98115.4,99160.1,98055.75645833333,100967.43403558931,100967.43403558931,PRIOR_VALUE_REACHED,4.296176486651208,-0.08982632724168593,0.6331780965252207,0.8274156534131583,0.0070481109742337456,0.7779396928595398,0.375347883975367,2.250773170134135,0.018226424091840387,0.016226424091840386,140.0
2025-06-22 20:30:00+00:00,2025-06-22 20:45:00+00:00,2025-06-23 00:45:00+00:00,ETHUSDT,FAILED_LOW_CVD_DIVERGENCE,LONG,1.0,2155.1,2249.410070572159,2186.63,2111.0,2168.94,2107.91375,2249.410070572159,2249.410070572159,PRIOR_VALUE_REACHED,6.104466876034931,-0.11774550201875578,0.22609468794088758,1.4289185905224766,0.018664287056171514,0.8566501401164118,0.13009619409916984,1.9721756248577622,0.037101104950878705,0.0351011049508787,240.0
2025-06-22 20:30:00+00:00,2025-06-22 20:45:00+00:00,2025-06-22 22:45:00+00:00,SOLUSDT,FAILED_LOW_CVD_DIVERGENCE,LONG,1.0,126.41,132.24054659483855,129.2,125.83,128.7,125.65356249999999,132.24054659483855,132.24054659483855,PRIOR_VALUE_REACHED,3.6968949060108005,-0.08224596211314261,0.33953284258215355,0.32872830322352026,0.014184397163120366,0.7964601769911361,0.12742799525297577,0.4126254322215458,0.027510074551970076,0.025510074551970074,120.0
2025-06-25 00:30:00+00:00,2025-06-25 00:45:00+00:00,2025-06-25 01:20:00+00:00,BTCUSDT,FAILED_HIGH_CVD_DIVERGENCE,SHORT,-1.0,106239.0,105316.55817043477,106408.7,105959.5,105897.9,106447.94979166666,105316.55817043477,106447.94979166666,BOUNDARY_EXTREME_INVALIDATED,2.066712296196613,0.21488135494676075,0.6718663989586953,0.43235898279713997,-0.0019640681090568046,0.5930563460444285,-0.28206093967500756,0.6003540319875155,-0.00519415202441853,-0.00719415202441853,35.0
2025-06-25 09:30:00+00:00,2025-06-25 09:45:00+00:00,2025-06-25 10:25:00+00:00,BTCUSDT,FAILED_HIGH_CVD_DIVERGENCE,SHORT,-1.0,106750.9,105750.90071917618,106900.0,106540.1,106462.1,106937.16604166667,105750.90071917618,106937.16604166667,BOUNDARY_EXTREME_INVALIDATED,2.026134952888031,0.1591488228650868,0.38874961819534426,0.401172665459637,-0.00322358959762703,0.6259999999999788,-0.274373341735509,0.315987336464299,-0.004462301999177853,-0.0064623019991778535,40.0
2025-06-25 10:30:00+00:00,2025-06-25 10:45:00+00:00,2025-06-25 13:00:00+00:00,BTCUSDT,FAILED_HIGH_CVD_DIVERGENCE,SHORT,-1.0,106950.0,105839.44510523957,107166.3,106507.4,106949.8,107204.88875,105839.44510523957,107204.88875,BOUNDARY_EXTREME_INVALIDATED,2.254868337397578,0.21274613866169312,0.3631593610805133,0.5605260600563714,-0.00109277572506139,0.5396678966789595,-0.09906770055323266,0.4590016432900727,-0.0023851260123908258,-0.004385126012390826,135.0
2025-06-25 12:00:00+00:00,2025-06-25 12:15:00+00:00,2025-06-25 13:00:00+00:00,BTCUSDT,FAILED_HIGH_CVD_DIVERGENCE,SHORT,-1.0,107166.3,105950.08366639151,107187.6,106910.1,106981.9,107225.663125,105950.08366639151,107225.663125,BOUNDARY_EXTREME_INVALIDATED,1.3256006721663935,0.2638804603799412,0.3312772249083966,0.055959672254978866,-0.0014411548653444628,0.7455335586673317,-0.1519839348813592,0.02457420389381227,-0.0022785454829274965,-0.0042785454829274965,45.0
2025-06-25 14:00:00+00:00,2025-06-25 14:15:00+00:00,2025-06-25 14:20:00+00:00,SOLUSDT,FAILED_HIGH_CVD_DIVERGENCE,SHORT,-1.0,147.61,145.31322458810274,147.93,146.41,146.51,148.03885416666668,145.31322458810274,145.31322458810274,PRIOR_VALUE_REACHED,2.971363138534358,-0.027443033338877765,0.5362057658462029,0.2939712918660221,-0.005363204344874584,0.8977272727272716,-0.09945546479603717,0.4683733023273519,0.008168557858830416,0.006168557858830416,5.0
2025-06-27 01:30:00+00:00,2025-06-27 01:45:00+00:00,2025-06-27 07:45:00+00:00,SOLUSDT,FAILED_LOW_CVD_DIVERGENCE,LONG,1.0,137.78,143.02709741342534,139.5,137.0,139.65,136.88827083333334,143.02709741342534,140.58,SIX_HOUR_CAP,2.3674566677268434,0.03893795417672452,0.6931677156096945,0.6981167257132217,0.0033048351174653767,0.5542168674698997,0.1343379134796976,1.1456406341540757,0.006659505907626206,0.004659505907626206,360.0
2025-06-29 12:00:00+00:00,2025-06-29 12:15:00+00:00,2025-06-29 14:40:00+00:00,ETHUSDT,FAILED_HIGH_CVD_DIVERGENCE,SHORT,-1.0,2458.0,2437.6418769599914,2463.96,2453.63,2452.49,2464.6490416666666,2437.6418769599914,2437.6418769599914,PRIOR_VALUE_REACHED,1.1537853633381072,0.23189776334941659,0.5260150003575305,0.8649694624176161,-0.003381000564854686,0.6853377265239087,-0.2521495713269122,0.5249572396716006,0.006054305232644497,0.004054305232644497,145.0
2025-06-29 21:30:00+00:00,2025-06-29 21:45:00+00:00,2025-06-29 22:05:00+00:00,ETHUSDT,FAILED_LOW_CVD_DIVERGENCE,LONG,1.0,2423.12,2442.091333818487,2436.12,2406.45,2435.12,2405.70675,2442.091333818487,2442.091333818487,PRIOR_VALUE_REACHED,2.2154223486514786,-0.03601841532720218,0.559590966438842,2.2428523377060294,0.0016700533923472705,0.6105263157894572,0.08248392934964532,2.78053207583524,0.0028628296833368427,0.0008628296833368427,20.0
2025-06-29 23:30:00+00:00,2025-06-29 23:45:00+00:00,2025-06-30 04:45:00+00:00,XRPUSDT,FAILED_HIGH_CVD_DIVERGENCE,SHORT,-1.0,2.2187,2.1904005274706226,2.2191,2.2068,2.2057,2.2197343750000003,2.1904005274706226,2.1904005274706226,PRIOR_VALUE_REACHED,1.584470572417184,-0.11996201038130427,0.38740369184639856,0.06305418719211074,-0.003793866582358474,0.7924528301886966,-0.4270846561844589,0.038704535921265534,0.006936334283618617,0.004936334283618617,300.0
2025-07-01 14:00:00+00:00,2025-07-01 14:15:00+00:00,2025-07-01 14:45:00+00:00,ETHUSDT,FAILED_LOW_CVD_DIVERGENCE,LONG,1.0,2431.87,2470.5067569883136,2446.0,2420.35,2449.83,2418.9400833333334,2470.5067569883136,2418.9400833333334,BOUNDARY_EXTREME_INVALIDATED,3.613283888398784,-0.06907971899397602,0.39618752140863345,0.8170695667592637,0.0032515797189882623,0.5753623188405761,0.12987831943271577,1.1696661235650891,-0.01260900416219346,-0.01460900416219346,30.0
2025-07-01 14:00:00+00:00,2025-07-01 14:15:00+00:00,2025-07-01 14:45:00+00:00,SOLUSDT,FAILED_LOW_CVD_DIVERGENCE,LONG,1.0,147.37,153.88974603962149,148.47,146.69,148.88,146.564875,153.88974603962149,146.564875,BOUNDARY_EXTREME_INVALIDATED,3.340107114950489,-0.028889308312871176,0.4109141892524077,0.5434565434565481,0.00424957841483975,0.7411764705882349,0.1845214114878697,0.745892696796117,-0.01555027538957543,-0.01755027538957543,30.0
2025-07-01 20:30:00+00:00,2025-07-01 20:45:00+00:00,2025-07-02 01:20:00+00:00,BTCUSDT,FAILED_LOW_CVD_DIVERGENCE,LONG,1.0,105333.0,106434.24607138062,105587.7,105182.6,105690.9,105152.24791666667,106434.24607138062,105152.24791666667,BOUNDARY_EXTREME_INVALIDATED,2.33806662670916,0.009401356255963167,0.13044943980805512,0.495517880431034,0.0009773865705948737,0.7914110429447982,0.15537452205522118,0.15113269669866072,-0.005096484970166015,-0.007096484970166015,275.0
2025-07-01 23:30:00+00:00,2025-07-01 23:45:00+00:00,2025-07-02 01:20:00+00:00,ETHUSDT,FAILED_LOW_CVD_DIVERGENCE,LONG,1.0,2393.1,2440.293878939667,2400.81,2383.33,2400.68,2382.0263958333335,2440.293878939667,2382.0263958333335,BOUNDARY_EXTREME_INVALIDATED,2.467568177042311,-0.13064068965801467,0.14279330569501353,0.7494606299841786,0.0020954559495087732,0.8436974789915549,0.29476398950057825,0.26407411454989455,-0.007770133531610379,-0.00977013353161038,95.0
2025-07-02 01:30:00+00:00,2025-07-02 01:45:00+00:00,2025-07-02 04:55:00+00:00,BTCUSDT,FAILED_LOW_CVD_DIVERGENCE,LONG,1.0,105182.6,106244.28486588247,105589.5,105010.0,105724.3,104978.89,106244.28486588247,106244.28486588247,PRIOR_VALUE_REACHED,2.22693676073215,-0.005951280211306309,0.4437826298298266,0.5548055287689038,0.0014008812575538876,0.7267813267813696,0.21833736843227225,0.5483009067174192,0.004918309848185087,0.0029183098481850873,190.0
2025-07-02 11:30:00+00:00,2025-07-02 11:45:00+00:00,2025-07-02 14:30:00+00:00,ETHUSDT,FAILED_HIGH_CVD_DIVERGENCE,SHORT,-1.0,2457.95,2423.980232396928,2460.0,2450.52,2447.01,2461.313416666667,2423.980232396928,2461.313416666667,BOUNDARY_EXTREME_INVALIDATED,1.4744521994254094,0.11968024608238848,0.7293515087112175,0.15608146691201225,-0.0026899140450193926,0.756880733944961,-0.2897114746485624,0.167849063066242,-0.005845262858209299,-0.0078452628582093,165.0
2025-07-03 16:00:00+00:00,2025-07-03 16:15:00+00:00,2025-07-03 22:15:00+00:00,SOLUSDT,FAILED_LOW_CVD_DIVERGENCE,LONG,1.0,150.12,153.27907545646923,151.5,149.59,150.74,149.47770833333334,153.27907545646923,152.91,SIX_HOUR_CAP,3.8843186526369156,-0.08379642080396932,0.3901019802724951,0.4719851576994454,0.004330734892397992,0.7142857142857232,0.0007324726852406815,0.7151898577991423,0.014395648135862915,0.012395648135862915,360.0
2025-07-06 10:00:00+00:00,2025-07-06 10:15:00+00:00,2025-07-06 10:35:00+00:00,BTCUSDT,FAILED_LOW_CVD_DIVERGENCE,LONG,1.0,107809.2,108038.2722356591,107971.0,107762.0,107862.8,107750.38833333334,108038.2722356591,108038.2722356591,PRIOR_VALUE_REACHED,1.6211519995999175,-0.32944619505326533,0.41081791062878203,0.40648772785988974,0.0006568205432686547,0.528752800597448,0.04617806985655415,0.2707201264931195,0.001626809573449739,-0.00037319042655026106,20.0
2025-07-07 19:00:00+00:00,2025-07-07 19:15:00+00:00,2025-07-08 01:15:00+00:00,BTCUSDT,FAILED_LOW_CVD_DIVERGENCE,LONG,1.0,107500.0,108631.96204096095,107985.0,107456.0,108121.6,107423.96041666667,108631.96204096095,108109.0,SIX_HOUR_CAP,2.3355619210712897,0.2120437674977178,0.27191427875584745,0.13733012549580662,0.0013475204235011695,0.6895734597156398,0.1883272317641249,0.08721460469889548,-0.00011653545637513307,-0.002116535456375133,360.0
2025-07-08 14:00:00+00:00,2025-07-08 14:15:00+00:00,2025-07-08 15:35:00+00:00,BTCUSDT,FAILED_HIGH_CVD_DIVERGENCE,SHORT,-1.0,108964.1,108159.61791801285,109180.0,108585.0,108566.3,109209.18583333334,108159.61791801285,108159.61791801285,PRIOR_VALUE_REACHED,4.086022225885894,0.01815530887124539,0.3279812521785819,0.7397424549581467,-0.003774170104682062,0.7232284156848857,-0.21482016089651113,0.9913574816219286,0.0037459329643466655,0.0017459329643466654,80.0
2025-07-08 20:00:00+00:00,2025-07-08 20:15:00+00:00,2025-07-09 02:15:00+00:00,XRPUSDT,FAILED_HIGH_CVD_DIVERGENCE,SHORT,-1.0,2.32,2.2808588178664464,2.3216,2.3115,2.3132,2.3227389583333333,2.2808588178664464,2.3144,SIX_HOUR_CAP,1.2230135482707514,0.005637464748940779,0.9583971537119582,0.14047923907081203,-0.003145873734109017,0.5251798561150971,-0.09791009708815646,0.16466031029368738,-0.00051876188829314,-0.00251876188829314,360.0
2025-07-09 06:00:00+00:00,2025-07-09 06:15:00+00:00,2025-07-09 12:15:00+00:00,ETHUSDT,FAILED_HIGH_CVD_DIVERGENCE,SHORT,-1.0,2627.83,2586.4514646252196,2649.0,2603.69,2620.14,2650.345729166667,2586.4514646252196,2650.345729166667,BOUNDARY_EXTREME_INVALIDATED,6.432321079819186,0.1018452827556664,0.35175939013941365,1.573124854864929,-0.0025240123802237058,0.5618644067796833,-0.07079991931355989,3.559398452443715,-0.01152828824668406,-0.01352828824668406,360.0
2025-07-09 06:30:00+00:00,2025-07-09 06:45:00+00:00,2025-07-09 08:25:00+00:00,XRPUSDT,FAILED_HIGH_CVD_DIVERGENCE,SHORT,-1.0,2.3342,2.2970201013328095,2.3368,2.3246,2.3236,2.3378679166666667,2.2970201013328095,2.3378679166666667,BOUNDARY_EXTREME_INVALIDATED,1.619116080870068,-0.016800516141704414,0.6749109747070716,0.24346468981663597,-0.001375279353618697,0.5925925925926261,-0.21161034824109093,0.26604828266784325,-0.006140435817983736,-0.008140435817983736,100.0
2025-07-09 14:30:00+00:00,2025-07-09 14:45:00+00:00,2025-07-09 19:25:00+00:00,SOLUSDT,FAILED_HIGH_CVD_DIVERGENCE,SHORT,-1.0,154.77,152.04686217435182,155.48,153.23,153.38,155.56220833333333,152.04686217435182,155.56220833333333,BOUNDARY_EXTREME_INVALIDATED,4.7271760453821585,0.00575431479848354,0.1958145341181191,0.8636594019259772,-0.003961296188064289,0.5169491525423939,-0.016849744548486645,0.7994461310874141,-0.014227463380710237,-0.01622746338071024,280.0
2025-07-10 07:30:00+00:00,2025-07-10 07:45:00+00:00,2025-07-10 13:45:00+00:00,ETHUSDT,FAILED_HIGH_CVD_DIVERGENCE,SHORT,-1.0,2799.41,2708.0941489547117,2822.23,2791.6,2794.37,2823.9350625,2708.0941489547117,2782.26,SIX_HOUR_CAP,7.004500093467449,0.11382970438368312,0.18411982039142766,1.3383673619002312,-0.004928406351376924,0.5329226030034753,-0.18348900244175748,1.7260486208802894,0.004333713860369071,0.0023337138603690705,360.0
2025-07-10 18:00:00+00:00,2025-07-10 18:15:00+00:00,2025-07-10 18:20:00+00:00,XRPUSDT,FAILED_HIGH_CVD_DIVERGENCE,SHORT,-1.0,2.4955,2.4303289609430876,2.5014,2.4879,2.4884,2.502968333333333,2.4303289609430876,2.502968333333333,BOUNDARY_EXTREME_INVALIDATED,3.379947541085187,0.0012144242823610707,0.9575644555275539,0.3761955366631251,-0.002845121218192692,0.5772357723577256,-0.023448258732291727,1.217563485567898,-0.005854498205004388,-0.007854498205004388,5.0
2025-07-10 18:30:00+00:00,2025-07-10 18:45:00+00:00,2025-07-10 21:20:00+00:00,XRPUSDT,FAILED_HIGH_CVD_DIVERGENCE,SHORT,-1.0,2.5014,2.4327802641010656,2.5119,2.4876,2.4858,2.5134685416666667,2.4327802641010656,2.5134685416666667,BOUNDARY_EXTREME_INVALIDATED,4.636482129577018,-0.008924115255395604,1.0192475867601714,0.6694116084473337,-0.003687374749499095,0.6618705035971442,-0.175737624915685,3.1634539828669395,-0.01113063869445119,-0.01313063869445119,155.0
2025-07-11 03:00:00+00:00,2025-07-11 03:15:00+00:00,2025-07-11 05:50:00+00:00,XRPUSDT,FAILED_HIGH_CVD_DIVERGENCE,SHORT,-1.0,2.5867,2.484079465126867,2.5924,2.5747,2.5789,2.5941885416666666,2.484079465126867,2.5941885416666666,BOUNDARY_EXTREME_INVALIDATED,3.6172747510288983,-0.09323025092276138,0.7979092846942971,0.31869539895166177,-0.00328515111695149,0.7203389830508602,-0.1642221286339749,0.9198368608732344,-0.005928318921504028,-0.007928318921504028,155.0
2025-07-11 10:00:00+00:00,2025-07-11 10:15:00+00:00,2025-07-11 16:15:00+00:00,ETHUSDT,FAILED_HIGH_CVD_DIVERGENCE,SHORT,-1.0,3028.48,2901.8434987107676,3040.95,3007.35,2998.2,3043.4931874999997,2901.8434987107676,2951.56,SIX_HOUR_CAP,5.829556760270703,-0.0011138630647197223,0.4898886821865609,0.4903295569044673,-0.0055292599680915044,0.7263616557734294,-0.052002630419988316,1.400299760493021,0.015556000266826686,0.013556000266826686,360.0
2025-07-11 15:00:00+00:00,2025-07-11 15:15:00+00:00,2025-07-11 15:55:00+00:00,SOLUSDT,FAILED_HIGH_CVD_DIVERGENCE,SHORT,-1.0,167.85,162.9238139193516,168.18,165.88,165.2,168.31952083333334,162.9238139193516,162.9238139193516,PRIOR_VALUE_REACHED,4.603418040930941,-0.06343269900681847,0.22381254051087726,0.23652381663432281,-0.008284307840076943,0.6026200873362496,-0.02422832265793151,0.24369112376446872,0.013778366105619777,0.011778366105619777,40.0
2025-07-12 16:00:00+00:00,2025-07-12 16:15:00+00:00,2025-07-12 22:15:00+00:00,ETHUSDT,FAILED_LOW_CVD_DIVERGENCE,LONG,1.0,2913.0,2959.3375387782166,2929.38,2902.8,2924.9,2900.9464375000002,2959.3375387782166,2933.11,SIX_HOUR_CAP,3.17629264311782,-0.12925893989592918,0.5639484344299709,0.5502916680716085,0.0034547469320680424,0.5986920332937181,0.1730366794121938,0.9857183497428595,0.0028069335703784226,0.0008069335703784226,360.0
2025-07-12 16:00:00+00:00,2025-07-12 16:15:00+00:00,2025-07-12 22:15:00+00:00,SOLUSDT,FAILED_LOW_CVD_DIVERGENCE,LONG,1.0,158.17,162.1452729210367,159.06,157.66,158.91,157.54841666666667,162.1452729210367,160.25,SIX_HOUR_CAP,3.3587073516181283,-0.08931898991718623,0.2812842866863563,0.4570575056011858,0.005377704669113026,0.7456140350877233,0.17271478433953247,0.43180581043459426,0.008432446038638242,0.0064324460386382416,360.0
2025-07-14 05:30:00+00:00,2025-07-14 05:45:00+00:00,2025-07-14 07:55:00+00:00,SOLUSDT,FAILED_HIGH_CVD_DIVERGENCE,SHORT,-1.0,168.27,163.22114805249961,168.63,166.83,166.86,168.7323125,163.22114805249961,168.7323125,BOUNDARY_EXTREME_INVALIDATED,3.557090220464536,0.16573566668298256,0.6378717258000843,0.35186316432496956,-0.009027200380092526,0.7916666666666623,-0.192337638505085,0.7983660061004457,-0.011220858803787648,-0.013220858803787648,130.0
2025-07-14 05:30:00+00:00,2025-07-14 05:45:00+00:00,2025-07-14 09:45:00+00:00,ETHUSDT,FAILED_HIGH_CVD_DIVERGENCE,SHORT,-1.0,3057.95,2989.594576644883,3066.0,3038.0,3033.25,3067.7443333333335,2989.594576644883,3067.7443333333335,BOUNDARY_EXTREME_INVALIDATED,4.1104238477361,-0.004324903337286967,0.13981271225162345,0.4614943626982724,-0.005008987967931922,0.7001375515818441,-0.23662562113154906,0.2652159676234745,-0.011372070661281874,-0.013372070661281875,240.0
2025-07-14 06:00:00+00:00,2025-07-14 06:15:00+00:00,2025-07-14 08:45:00+00:00,XRPUSDT,FAILED_HIGH_CVD_DIVERGENCE,SHORT,-1.0,2.9584,2.8433272214009415,2.9811,2.874,2.9045,2.9840439583333334,2.8433272214009415,2.9840439583333334,BOUNDARY_EXTREME_INVALIDATED,6.558089581383403,-0.11220883535023851,1.2059604066144136,0.7710706956337121,-0.009176502694958066,0.6775818639798495,-0.10157015066329289,6.09824112494777,-0.027386454926263903,-0.029386454926263905,150.0
2025-07-14 08:00:00+00:00,2025-07-14 08:15:00+00:00,2025-07-14 14:15:00+00:00,SOLUSDT,FAILED_HIGH_CVD_DIVERGENCE,SHORT,-1.0,168.66,163.93812040162263,169.76,165.85,166.57,169.87604166666665,163.93812040162263,168.14,SIX_HOUR_CAP,3.421099555222822,0.19672956525245433,0.46704442201131785,0.9479353680430823,-0.0038870948451142917,0.6701030927835118,-0.06937888165635009,1.5146163109688453,-0.009425466770726976,-0.011425466770726976,360.0
2025-07-16 00:00:00+00:00,2025-07-16 00:15:00+00:00,2025-07-16 00:45:00+00:00,ETHUSDT,FAILED_HIGH_CVD_DIVERGENCE,SHORT,-1.0,3140.89,3018.0796300478887,3144.48,3120.47,3119.66,3147.150375,3018.0796300478887,3147.150375,BOUNDARY_EXTREME_INVALIDATED,1.7472389731959854,0.03796133363925924,0.3105468925546306,0.13443804709076984,-0.0057240838597408805,0.7897977132805563,-0.24284279114454776,0.07294603510361651,-0.008811977907849045,-0.010811977907849045,30.0
2025-07-16 01:00:00+00:00,2025-07-16 01:15:00+00:00,2025-07-16 07:15:00+00:00,SOLUSDT,FAILED_HIGH_CVD_DIVERGENCE,SHORT,-1.0,164.63,160.56632488637885,165.29,164.31,164.4,165.42425,160.56632488637885,163.71,SIX_HOUR_CAP,1.467766926527292,0.10198678066234601,0.17033551869290828,0.4916201117318415,-0.002184996358339353,0.7058823529411208,-0.17156175357837622,0.12291134070406844,0.004197080291970745,0.002197080291970745,360.0
2025-07-16 14:00:00+00:00,2025-07-16 14:15:00+00:00,2025-07-16 14:35:00+00:00,ETHUSDT,FAILED_HIGH_CVD_DIVERGENCE,SHORT,-1.0,3188.69,3088.556049291089,3197.55,3165.2,3178.59,3199.98325,3088.556049291089,3199.98325,BOUNDARY_EXTREME_INVALIDATED,3.3562519996025215,0.09927137149846477,0.1346824970311277,0.36412205897462724,-0.004939941209064602,0.5892457057505462,-0.09175131788049662,0.1645935117128776,-0.006730421350347182,-0.008730421350347182,20.0
2025-07-16 21:30:00+00:00,2025-07-16 21:45:00+00:00,2025-07-16 22:50:00+00:00,BTCUSDT,FAILED_HIGH_CVD_DIVERGENCE,SHORT,-1.0,119914.9,118603.05924864647,120100.0,119683.6,119350.0,120147.26145833333,118603.05924864647,118603.05924864647,PRIOR_VALUE_REACHED,1.7718442930025895,0.04421005325913874,0.1647563787055571,0.39165105463843797,-0.004657718176776404,0.9606123151014888,-0.047686621523375994,0.11433181348890026,0.00625840596023064,0.00425840596023064,65.0
2025-07-17 07:00:00+00:00,2025-07-17 07:15:00+00:00,2025-07-17 07:40:00+00:00,ETHUSDT,FAILED_HIGH_CVD_DIVERGENCE,SHORT,-1.0,3433.0,3295.3121435754133,3446.5,3422.84,3417.28,3449.539041666667,3295.3121435754133,3449.539041666667,BOUNDARY_EXTREME_INVALIDATED,2.829973612873115,0.044613944769528624,0.21741779381470244,0.444218983506314,-0.006927976937741165,0.712279653420969,-0.1815670854832111,0.27332199666364326,-0.009439976140868334,-0.011439976140868334,25.0
2025-07-17 12:30:00+00:00,2025-07-17 12:45:00+00:00,2025-07-17 14:35:00+00:00,BTCUSDT,FAILED_LOW_CVD_DIVERGENCE,LONG,1.0,117663.6,118812.6802410776,118076.1,117416.1,117974.4,117362.64541666667,118812.6802410776,118812.6802410776,PRIOR_VALUE_REACHED,1.8491572880232767,-0.18554330218166737,0.20117979062929972,0.46300987598506704,0.004337465915350114,0.9070678298023903,0.20688080785867058,0.17224572820449585,0.007105611396011291,0.005105611396011291,110.0
2025-07-17 17:30:00+00:00,2025-07-17 17:45:00+00:00,2025-07-17 18:00:00+00:00,XRPUSDT,FAILED_HIGH_CVD_DIVERGENCE,SHORT,-1.0,3.3023,3.156913315813075,3.3073,3.2569,3.2685,3.311216875,3.156913315813075,3.311216875,BOUNDARY_EXTREME_INVALIDATED,2.5686351777307244,0.07420376036346799,0.6857080094381962,0.1276527844263689,-0.007017863652934664,0.733333333333323,-0.07144020132158269,0.22483915298481327,-0.013069259599204575,-0.015069259599204575,15.0
2025-07-17 23:30:00+00:00,2025-07-17 23:45:00+00:00,2025-07-18 00:50:00+00:00,ETHUSDT,FAILED_HIGH_CVD_DIVERGENCE,SHORT,-1.0,3501.87,3414.892490660448,3524.0,3460.53,3477.4,3527.3271666666665,3414.892490660448,3527.3271666666665,BOUNDARY_EXTREME_INVALIDATED,2.5765769218496666,0.04711858803332847,0.7961573783241699,0.6651304914091105,-0.009730690261051334,0.9066065269302208,-0.1274286865633394,1.3644225685068891,-0.014357613926113233,-0.016357613926113235,65.0
2025-07-20 14:00:00+00:00,2025-07-20 14:15:00+00:00,2025-07-20 19:15:00+00:00,SOLUSDT,FAILED_HIGH_CVD_DIVERGENCE,SHORT,-1.0,182.74,178.3383801087996,183.17,181.66,182.19,183.28785416666665,178.3383801087996,183.28785416666665,BOUNDARY_EXTREME_INVALIDATED,1.5830263974751684,0.1080065300078834,0.8504847278639266,0.3648576984267093,-0.004535023494700141,0.5000000000000085,-0.13648040132137573,0.49122243155505324,-0.006025875002286796,-0.008025875002286796,300.0
2025-07-20 17:00:00+00:00,2025-07-20 17:15:00+00:00,2025-07-20 19:15:00+00:00,SOLUSDT,FAILED_HIGH_CVD_DIVERGENCE,SHORT,-1.0,183.17,179.0624734485171,183.25,181.86,181.1,183.3671875,179.0624734485171,183.3671875,BOUNDARY_EXTREME_INVALIDATED,1.488198076777481,-0.10678558960958062,0.8431169969845588,0.0682666666666773,-0.0053822495606328236,0.5212765957446839,-0.224584300862681,0.08565589971019237,-0.012518981225842163,-0.014518981225842163,120.0
2025-07-20 19:30:00+00:00,2025-07-20 19:45:00+00:00,2025-07-20 22:15:00+00:00,SOLUSDT,FAILED_HIGH_CVD_DIVERGENCE,SHORT,-1.0,183.25,179.37021789276557,183.67,182.04,181.7,183.79385416666665,179.37021789276557,179.37021789276557,PRIOR_VALUE_REACHED,1.4599697162631529,-0.11228057329521313,0.8964141001407941,0.33910849453321085,-0.0036738498656577745,0.9178082191781168,-0.1991154029467026,0.4438039828266776,0.012822135978175164,0.010822135978175164,150.0
2025-07-21 06:30:00+00:00,2025-07-21 06:45:00+00:00,2025-07-21 07:25:00+00:00,XRPUSDT,FAILED_HIGH_CVD_DIVERGENCE,SHORT,-1.0,3.5598,3.489244053096259,3.571,3.511,3.5468,3.5741539583333335,3.489244053096259,3.5741539583333335,BOUNDARY_EXTREME_INVALIDATED,1.986424398698002,0.1815298926774036,0.2639957544246082,0.35510932029856973,-0.006776813217586164,0.8344827586206793,-0.10835731243334268,0.1862220291445639,-0.0077122923010413125,-0.009712292301041313,40.0
2025-07-22 01:30:00+00:00,2025-07-22 01:45:00+00:00,2025-07-22 01:55:00+00:00,ETHUSDT,FAILED_LOW_CVD_DIVERGENCE,LONG,1.0,3700.19,3782.228243196312,3744.97,3693.22,3762.01,3690.2225624999996,3782.228243196312,3782.228243196312,PRIOR_VALUE_REACHED,2.9734625714359733,-0.10964147929853663,0.5155001026495978,0.23253195437770605,0.005385022422004004,0.6045604560456086,0.10512976530826634,0.35642969095356475,0.005374319365528457,0.003374319365528457,10.0
2025-07-22 09:30:00+00:00,2025-07-22 09:45:00+00:00,2025-07-22 15:45:00+00:00,ETHUSDT,FAILED_LOW_CVD_DIVERGENCE,LONG,1.0,3620.33,3752.778797043414,3649.99,3616.53,3659.81,3613.026291666667,3752.778797043414,3708.52,SIX_HOUR_CAP,1.705002523234115,-0.03180608545644281,0.11715545013635471,0.1084565163100923,0.004297298409779993,0.7432368296155545,0.16718564638039357,0.021664225801342196,0.013309434096305583,0.011309434096305583,360.0
2025-07-22 15:30:00+00:00,2025-07-22 15:45:00+00:00,2025-07-22 21:45:00+00:00,SOLUSDT,FAILED_HIGH_CVD_DIVERGENCE,SHORT,-1.0,204.76,198.2970977392077,205.17,201.93,202.69,205.45535416666667,198.2970977392077,200.31,SIX_HOUR_CAP,4.857895133969174,-0.007757166256819881,1.0222196637132606,0.14368109805066692,-0.006567661618389509,0.8322981366459578,-0.027080111182677613,0.7134967591906274,0.011742069169667912,0.009742069169667912,360.0
2025-07-23 00:00:00+00:00,2025-07-23 00:15:00+00:00,2025-07-23 06:15:00+00:00,SOLUSDT,FAILED_HIGH_CVD_DIVERGENCE,SHORT,-1.0,205.17,200.08275464136133,206.44,203.79,204.38,206.7269375,200.08275464136133,202.0,SIX_HOUR_CAP,2.3304415929551894,-0.0029936688194707184,0.7628460847069963,0.4426050969287772,-0.006851644880703667,0.8150289017340935,-0.3394405641029299,0.7868492863173179,0.011644975046481987,0.009644975046481987,360.0
2025-07-23 10:30:00+00:00,2025-07-23 10:45:00+00:00,2025-07-23 12:45:00+00:00,SOLUSDT,FAILED_LOW_CVD_DIVERGENCE,LONG,1.0,196.89,201.60696655172848,197.86,196.0,197.58,195.79775,201.60696655172848,195.79775,BOUNDARY_EXTREME_INVALIDATED,2.239453141214914,-0.05492670678498701,0.6945324232702808,0.44004944375771815,0.002537040795616008,0.6172839506172823,0.25581302117378746,0.6844409429427476,-0.009020396801295738,-0.011020396801295738,120.0
2025-07-23 17:30:00+00:00,2025-07-23 17:45:00+00:00,2025-07-23 20:35:00+00:00,ETHUSDT,FAILED_LOW_CVD_DIVERGENCE,LONG,1.0,3566.0,3670.72778617362,3584.72,3553.0,3585.94,3550.164208333333,3670.72778617362,3550.164208333333,BOUNDARY_EXTREME_INVALIDATED,2.641154159602801,-0.08554575435614853,0.26981983217035094,0.45842577763411196,0.005233694113425669,0.5908227848101306,0.24206871107353467,0.32669060798568367,-0.009976684402602132,-0.011976684402602132,170.0
2025-07-24 03:30:00+00:00,2025-07-24 03:45:00+00:00,2025-07-24 04:05:00+00:00,BTCUSDT,FAILED_HIGH_CVD_DIVERGENCE,SHORT,-1.0,119112.2,118196.83172547343,119240.0,118867.0,118880.0,119281.656875,118196.83172547343,118196.83172547343,PRIOR_VALUE_REACHED,1.022253154088751,0.2917041456866065,0.5049256386788767,0.3067920961426011,-0.002995709392706325,0.926588845654986,-0.49925293032085627,0.15835436876814885,0.005746704866475216,0.0037467048664752162,20.0
2025-07-25 04:30:00+00:00,2025-07-25 04:45:00+00:00,2025-07-25 07:15:00+00:00,BTCUSDT,FAILED_LOW_CVD_DIVERGENCE,LONG,1.0,115300.0,117780.31463024605,115545.5,115080.0,115659.2,115035.00041666666,117780.31463024605,115035.00041666666,BOUNDARY_EXTREME_INVALIDATED,3.5721121923638233,0.01649310591513986,0.22012875489127973,0.48889341567977507,0.0030709829834065783,0.5710369295274761,0.07321938691141638,0.3844289240429452,-0.005396886571352177,-0.0073968865713521775,150.0
2025-07-27 23:00:00+00:00,2025-07-27 23:15:00+00:00,2025-07-28 00:15:00+00:00,ETHUSDT,FAILED_HIGH_CVD_DIVERGENCE,SHORT,-1.0,3868.97,3805.2631305563345,3878.53,3848.05,3841.79,3880.5965208333337,3805.2631305563345,3880.5965208333337,BOUNDARY_EXTREME_INVALIDATED,1.386515713818442,0.003849063385032103,0.36669946128212166,0.4626132892442202,-0.005518869511869973,0.8168582375478876,-0.12791482303639135,0.23520858662648395,-0.010101156188478289,-0.012101156188478289,60.0
2025-07-28 00:30:00+00:00,2025-07-28 00:45:00+00:00,2025-07-28 02:35:00+00:00,ETHUSDT,FAILED_HIGH_CVD_DIVERGENCE,SHORT,-1.0,3878.53,3811.5175571254954,3886.6,3858.0,3864.14,3888.7505625,3811.5175571254954,3888.7505625,BOUNDARY_EXTREME_INVALIDATED,1.485914539797266,2.257037576280929e-05,0.2406101458630441,0.37525066116421657,-0.0051491449844752735,0.9528346831824778,-0.2490320775065087,0.13416191072225264,-0.006368962434073255,-0.008368962434073255,110.0
2025-07-28 01:00:00+00:00,2025-07-28 01:15:00+00:00,2025-07-28 02:40:00+00:00,XRPUSDT,FAILED_HIGH_CVD_DIVERGENCE,SHORT,-1.0,3.2848,3.204757962384254,3.2861,3.2514,3.2472,3.2884289583333333,3.204757962384254,3.2884289583333333,BOUNDARY_EXTREME_INVALIDATED,1.725005516372809,-0.004404222088780219,0.783168354790295,0.055818946238467226,-0.004201294121254917,0.606194690265484,-0.011337626209725005,0.07540970685492213,-0.012696772090827091,-0.014696772090827091,85.0
2025-07-28 03:00:00+00:00,2025-07-28 03:15:00+00:00,2025-07-28 05:25:00+00:00,XRPUSDT,FAILED_HIGH_CVD_DIVERGENCE,SHORT,-1.0,3.2861,3.211312073429612,3.2921,3.2586,3.2525,3.294511875,3.211312073429612,3.294511875,BOUNDARY_EXTREME_INVALIDATED,1.853911465405404,-0.10654982035607763,0.7342774001627735,0.24876911116870615,-0.004803867572364062,0.6061776061776157,-0.11205275719555097,0.33864573187662467,-0.012916794773251361,-0.014916794773251361,130.0
2025-07-29 17:00:00+00:00,2025-07-29 17:15:00+00:00,2025-07-29 23:15:00+00:00,ETHUSDT,FAILED_LOW_CVD_DIVERGENCE,LONG,1.0,3727.21,3805.3628652963284,3757.9,3712.24,3769.19,3709.245270833333,3805.3628652963284,3784.23,SIX_HOUR_CAP,3.872569897923989,-0.09856906137991017,0.5948301610072586,0.4998782583288779,0.005254047883845647,0.705082319255556,0.2757483869425481,1.151480253405228,0.003990247241449696,0.001990247241449696,360.0
2025-07-30 19:30:00+00:00,2025-07-30 19:45:00+00:00,2025-07-30 23:50:00+00:00,BTCUSDT,FAILED_LOW_CVD_DIVERGENCE,LONG,1.0,116444.0,117746.96518159226,116514.1,115700.0,116701.0,115660.881875,117746.96518159226,117746.96518159226,PRIOR_VALUE_REACHED,9.532402118040409,-0.030938761934844905,0.41834845818172545,1.901931649331357,0.002634147347295057,0.5566448801742996,0.2732769474013632,7.584648042984471,0.008962778224627543,0.006962778224627543,245.0
2025-07-30 19:30:00+00:00,2025-07-30 19:45:00+00:00,2025-07-30 20:25:00+00:00,ETHUSDT,FAILED_LOW_CVD_DIVERGENCE,LONG,1.0,3734.45,3785.4851289830003,3736.42,3670.0,3743.26,3667.290770833333,3785.4851289830003,3785.4851289830003,PRIOR_VALUE_REACHED,7.4501520638756755,-0.035999122126170846,0.22650967297405392,2.378905438970177,0.006252688172043053,0.6600454029511936,0.16139502428701769,4.014477881852364,0.011280308870610156,0.009280308870610156,40.0
2025-07-31 23:00:00+00:00,2025-07-31 23:15:00+00:00,2025-07-31 23:35:00+00:00,ETHUSDT,FAILED_LOW_CVD_DIVERGENCE,LONG,1.0,3707.04,3800.1711589092924,3719.53,3700.0,3724.88,3697.8343125,3800.1711589092924,3697.8343125,BOUNDARY_EXTREME_INVALIDATED,1.1416778008138806,-0.08968569356178124,0.40049329153458224,0.32506998355025557,0.004687795010114737,0.8140515222482348,0.04735045834598406,0.14863314648360712,-0.007260821153970087,-0.009260821153970087,20.0
2025-07-31 23:00:00+00:00,2025-07-31 23:15:00+00:00,2025-07-31 23:45:00+00:00,XRPUSDT,FAILED_LOW_CVD_DIVERGENCE,LONG,1.0,3.02,3.106058702248428,3.0327,3.0143,3.0381,3.0123745833333335,3.106058702248428,3.0123745833333335,BOUNDARY_EXTREME_INVALIDATED,1.0667716315540428,0.007761035606695721,0.34141154107477434,0.2960398182211668,0.004031858290095558,0.7011494252873613,0.1034588335596307,0.10782011354483646,-0.00846760036426275,-0.01046760036426275,30.0
2025-07-31 23:00:00+00:00,2025-07-31 23:15:00+00:00,2025-07-31 23:35:00+00:00,SOLUSDT,FAILED_LOW_CVD_DIVERGENCE,LONG,1.0,172.63,177.88291422350267,173.57,172.33,173.37,172.20816666666667,177.88291422350267,172.20816666666667,BOUNDARY_EXTREME_INVALIDATED,1.0935301007431923,-0.13997520633859173,0.29512851556019987,0.24623803009574516,0.0031244575594513435,0.5744680851063759,0.19208601000415526,0.07946887108548403,-0.006701466997365957,-0.008701466997365957,20.0
2025-08-01 20:30:00+00:00,2025-08-01 20:45:00+00:00,2025-08-01 22:35:00+00:00,BTCUSDT,FAILED_LOW_CVD_DIVERGENCE,LONG,1.0,113173.7,115125.8317504902,113600.0,113113.0,113596.9,113053.18125,115125.8317504902,113053.18125,BOUNDARY_EXTREME_INVALIDATED,2.8420348600070913,0.0364146349632426,0.19551843529739074,0.10147320029254545,0.0015499761508219745,0.5336976320582619,0.174643405509312,0.05638563440321694,-0.004786387216552557,-0.006786387216552557,110.0
2025-08-01 23:00:00+00:00,2025-08-01 23:15:00+00:00,2025-08-02 05:15:00+00:00,SOLUSDT,FAILED_LOW_CVD_DIVERGENCE,LONG,1.0,159.76,167.85566079749657,161.58,159.02,161.94,158.82725000000002,167.85566079749657,164.75,SIX_HOUR_CAP,3.8941609224410376,-0.10195867209502463,0.2645102440932501,0.38391699092087206,0.004715225214046326,0.5714285714285592,0.05050342765739457,0.395451952030404,0.017352105718167143,0.015352105718167143,360.0
2025-08-02 17:00:00+00:00,2025-08-02 17:15:00+00:00,2025-08-02 17:55:00+00:00,XRPUSDT,FAILED_LOW_CVD_DIVERGENCE,LONG,1.0,2.8208,2.9539810502837183,2.8515,2.8104,2.8574,2.807495625,2.9539810502837183,2.807495625,BOUNDARY_EXTREME_INVALIDATED,2.492828260627082,0.028514779983180416,0.6881363276302227,0.3580804820314246,0.00513578162375139,0.6460176991150594,0.027508716450561854,0.614253294449931,-0.017464959403653668,-0.01946495940365367,40.0
2025-08-02 19:00:00+00:00,2025-08-02 19:15:00+00:00,2025-08-03 00:40:00+00:00,XRPUSDT,FAILED_LOW_CVD_DIVERGENCE,LONG,1.0,2.766,2.9265575477544874,2.7762,2.7407,2.776,2.737731458333333,2.9265575477544874,2.737731458333333,BOUNDARY_EXTREME_INVALIDATED,4.0893324541313225,-0.04800764788162459,0.301702472562816,0.8522703347603374,0.005942890273952672,0.5521885521885501,0.025297051577744423,1.0514985077633294,-0.013785497718539874,-0.015785497718539876,325.0
2025-08-02 23:30:00+00:00,2025-08-02 23:45:00+00:00,2025-08-03 00:40:00+00:00,ETHUSDT,FAILED_LOW_CVD_DIVERGENCE,LONG,1.0,3371.13,3463.0101696283477,3411.9,3366.5,3406.55,3363.8957291666666,3463.0101696283477,3363.8957291666666,BOUNDARY_EXTREME_INVALIDATED,1.4379853094076942,-0.11924783924200633,0.910860165509456,0.1777848886044601,0.009716133583498543,0.7040378006872904,0.014713254134363973,0.2328632759063405,-0.012521251950898593,-0.014521251950898593,55.0
2025-08-04 14:30:00+00:00,2025-08-04 14:45:00+00:00,2025-08-04 17:10:00+00:00,BTCUSDT,FAILED_HIGH_CVD_DIVERGENCE,SHORT,-1.0,114963.4,114348.60237258242,115431.6,114868.2,114944.9,115460.24083333334,114348.60237258242,115460.24083333334,BOUNDARY_EXTREME_INVALIDATED,5.182403414579358,0.047537584425496604,0.4893335618845474,1.6347289708749633,-0.0037425234037722355,0.8377958866899646,-0.23884151895048333,4.145548303193536,-0.004483372758020243,-0.006483372758020243,145.0
2025-08-04 14:30:00+00:00,2025-08-04 14:45:00+00:00,2025-08-04 17:10:00+00:00,XRPUSDT,FAILED_HIGH_CVD_DIVERGENCE,SHORT,-1.0,3.0539,2.969803604712098,3.079,3.0449,3.0425,3.08115875,2.969803604712098,3.08115875,BOUNDARY_EXTREME_INVALIDATED,3.865160475288216,0.04711807583506489,0.17505277972504085,1.1627099015634104,-0.009506136666992182,0.9358974358974289,-0.30218401108197845,0.786697757525994,-0.012706244864420846,-0.014706244864420846,145.0
2025-08-04 17:30:00+00:00,2025-08-04 17:45:00+00:00,2025-08-04 20:05:00+00:00,BTCUSDT,FAILED_HIGH_CVD_DIVERGENCE,SHORT,-1.0,115431.6,114616.05343590674,115686.0,115194.4,115192.7,115718.2875,114616.05343590674,114616.05343590674,PRIOR_VALUE_REACHED,2.504281403616197,0.036907240654884044,0.6261780041817341,0.787921022067347,-0.0025111986470700565,0.8607895517958,-0.19535898175021627,1.23555938646176,0.005005929751566329,0.003005929751566329,140.0
2025-08-04 17:30:00+00:00,2025-08-04 17:45:00+00:00,2025-08-04 23:45:00+00:00,XRPUSDT,FAILED_HIGH_CVD_DIVERGENCE,SHORT,-1.0,3.079,2.9954170426687097,3.0883,3.063,3.0583,3.090541458333333,2.9954170426687097,3.0701,SIX_HOUR_CAP,1.760339105669564,-0.02393676258683919,0.9137626802841602,0.41490844874057303,-0.0038110749185666926,0.6842105263157922,-0.13826678074934673,0.6673935913064882,-0.0038583526795932244,-0.005858352679593224,360.0
2025-08-05 01:30:00+00:00,2025-08-05 01:45:00+00:00,2025-08-05 04:35:00+00:00,XRPUSDT,FAILED_HIGH_CVD_DIVERGENCE,SHORT,-1.0,3.09,3.0269927790711613,3.1059,3.0672,3.0697,3.108,3.0269927790711613,3.0269927790711613,PRIOR_VALUE_REACHED,1.667059784403235,-0.034559967293561034,0.461428936867546,0.7571428571428697,-0.0032470695197583943,0.5263157894736817,-0.08561049074542426,0.5824167153232487,0.013912506410671654,0.011912506410671654,170.0
2025-08-05 07:00:00+00:00,2025-08-05 07:15:00+00:00,2025-08-05 07:40:00+00:00,BTCUSDT,FAILED_LOW_CVD_DIVERGENCE,LONG,1.0,114070.0,114799.25772097077,114432.6,114054.3,114238.4,114023.5975,114799.25772097077,114023.5975,BOUNDARY_EXTREME_INVALIDATED,1.3281645171511764,-0.28277955106138886,0.5752916844136594,0.05113590098525232,0.000906821664539148,0.5931232091690545,0.22732332117341936,0.03907202161168749,-0.0018803003193321732,-0.0038803003193321733,25.0
2025-08-05 20:00:00+00:00,2025-08-05 20:15:00+00:00,2025-08-05 21:55:00+00:00,SOLUSDT,FAILED_LOW_CVD_DIVERGENCE,LONG,1.0,162.66,167.12301512675927,163.78,162.16,163.14,162.02466666666666,167.12301512675927,162.02466666666666,BOUNDARY_EXTREME_INVALIDATED,1.3237785682145744,-0.10832396075887252,0.10228775318651682,0.36945812807881834,0.0030126037503841463,0.7538461538461505,0.2362756263368999,0.050026971228743805,-0.006836663806137788,-0.008836663806137788,100.0
2025-08-06 16:30:00+00:00,2025-08-06 16:45:00+00:00,2025-08-06 18:20:00+00:00,XRPUSDT,FAILED_HIGH_CVD_DIVERGENCE,SHORT,-1.0,3.0082,2.950195617943803,3.0137,2.9845,2.9752,3.0160227083333333,2.950195617943803,3.0160227083333333,BOUNDARY_EXTREME_INVALIDATED,2.1087595801211263,-0.13648841856848004,0.11372329130425038,0.2367925374473072,-0.0035167632381015723,0.625,-0.0953783329814516,0.05678642131624089,-0.013720996347584391,-0.015720996347584393,95.0
2025-08-06 18:30:00+00:00,2025-08-06 18:45:00+00:00,2025-08-07 00:45:00+00:00,XRPUSDT,FAILED_HIGH_CVD_DIVERGENCE,SHORT,-1.0,3.0137,2.9517151958344776,3.0168,2.9985,2.9979,3.0190885416666666,2.9517151958344776,2.989,SIX_HOUR_CAP,1.0995321842312507,0.005445179704689718,0.14762210369546408,0.13545744196631243,-0.002661432516051776,0.5517241379310366,-0.04930445300214481,0.021986809114812402,0.0029687447880183404,0.0009687447880183404,360.0
2025-08-07 14:00:00+00:00,2025-08-07 14:15:00+00:00,2025-08-07 19:50:00+00:00,ETHUSDT,FAILED_HIGH_CVD_DIVERGENCE,SHORT,-1.0,3853.0,3716.64452789818,3864.54,3827.0,3828.96,3866.7849375,3716.64452789818,3866.7849375,BOUNDARY_EXTREME_INVALIDATED,2.8233533965443387,0.057557722201270645,0.10762036373138052,0.5140454912441869,-0.007002147325179675,0.9127789046653166,-0.20256725104819506,0.15619288674094145,-0.009878645245706474,-0.011878645245706474,335.0
2025-08-07 20:00:00+00:00,2025-08-07 20:15:00+00:00,2025-08-07 20:55:00+00:00,ETHUSDT,FAILED_HIGH_CVD_DIVERGENCE,SHORT,-1.0,3864.54,3773.6903659359004,3875.0,3836.3,3854.16,3877.258479166667,3773.6903659359004,3877.258479166667,BOUNDARY_EXTREME_INVALIDATED,2.8992292555838235,0.10344441455569964,0.27527167659229723,0.4631435239421826,-0.0029259055173109783,0.6160130718954175,-0.20066969769360754,0.36962359114896715,-0.005993129285412957,-0.007993129285412957,40.0
2025-08-07 23:00:00+00:00,2025-08-07 23:15:00+00:00,2025-08-07 23:45:00+00:00,SOLUSDT,FAILED_HIGH_CVD_DIVERGENCE,SHORT,-1.0,174.35,170.54484488131365,175.11,173.62,174.34,175.2131666666667,170.54484488131365,175.2131666666667,BOUNDARY_EXTREME_INVALIDATED,1.58483430140276,0.184386865138376,0.41157911537909686,0.736672051696302,-0.0038852702548280993,0.8831168831168802,-0.24327220232011126,0.4805199080872028,-0.005008412680203467,-0.007008412680203467,30.0
2025-08-08 03:30:00+00:00,2025-08-08 03:45:00+00:00,2025-08-08 07:40:00+00:00,SOLUSDT,FAILED_HIGH_CVD_DIVERGENCE,SHORT,-1.0,175.5,171.54775368625252,175.88,174.56,174.83,175.9925625,171.54775368625252,175.9925625,BOUNDARY_EXTREME_INVALIDATED,1.4624512408596553,0.0764344003317412,0.6022733166274444,0.33759022765130076,-0.004158122579175139,0.8111111111111202,-0.21296438143332275,0.29734790583952303,-0.006649673968998293,-0.008649673968998293,235.0
2025-08-08 12:00:00+00:00,2025-08-08 12:15:00+00:00,2025-08-08 14:00:00+00:00,SOLUSDT,FAILED_HIGH_CVD_DIVERGENCE,SHORT,-1.0,177.77,173.01744854285724,177.91,177.08,176.71,178.02754166666665,173.01744854285724,178.02754166666665,BOUNDARY_EXTREME_INVALIDATED,1.1950744498075518,-0.15532582829262898,0.8915849355389845,0.11910669975184951,-0.004787114214913291,0.6159420289855052,-0.3708419316004342,0.12690942447196232,-0.007455954199913073,-0.009455954199913073,105.0
2025-08-08 14:00:00+00:00,2025-08-08 14:15:00+00:00,2025-08-08 17:35:00+00:00,ETHUSDT,FAILED_HIGH_CVD_DIVERGENCE,SHORT,-1.0,3968.81,3877.7630342331454,4011.09,3902.47,3965.58,4013.718604166667,3877.7630342331454,4013.718604166667,BOUNDARY_EXTREME_INVALIDATED,9.425025918000644,0.06608285081602938,0.3850140865183955,1.6084582279885613,-0.008342210685831741,0.675440372545054,-0.10645423588453917,5.836721335668197,-0.012139108066579585,-0.014139108066579585,200.0
2025-08-08 14:00:00+00:00,2025-08-08 14:15:00+00:00,2025-08-08 18:00:00+00:00,SOLUSDT,FAILED_HIGH_CVD_DIVERGENCE,SHORT,-1.0,177.91,173.37222332780948,178.72,175.67,177.35,178.84108333333333,173.37222332780948,178.84108333333333,BOUNDARY_EXTREME_INVALIDATED,3.93670567213739,0.04237402723802508,0.6485331516219691,0.6689607708189974,-0.006720806496779752,0.5454545454545561,-0.0073278157450406,1.7079131319584933,-0.00840757447608298,-0.01040757447608298,225.0
2025-08-08 14:30:00+00:00,2025-08-08 14:45:00+00:00,2025-08-08 18:00:00+00:00,SOLUSDT,FAILED_HIGH_CVD_DIVERGENCE,SHORT,-1.0,178.72,173.65398429648127,179.04,176.65,175.83,179.1627083333333,173.65398429648127,179.1627083333333,BOUNDARY_EXTREME_INVALIDATED,4.617160260042245,-0.053003439288403675,0.7982232798565778,0.26078098471985883,-0.007955314827352677,0.7014925373134244,-0.0980053688711866,0.961114788220991,-0.018954150789588287,-0.02095415078958829,195.0
2025-08-09 06:00:00+00:00,2025-08-09 06:15:00+00:00,2025-08-09 09:40:00+00:00,SOLUSDT,FAILED_HIGH_CVD_DIVERGENCE,SHORT,-1.0,181.85,177.21387173283753,182.1,180.72,180.03,182.22718749999999,177.21387173283753,182.22718749999999,BOUNDARY_EXTREME_INVALIDATED,2.960800945425924,-0.2796875563435851,0.22157218152313912,0.19656019656019616,-0.004203772332540434,0.8085106382978646,-0.2801948362103803,0.12894960678796924,-0.012204563128367374,-0.014204563128367374,205.0
2025-08-09 10:30:00+00:00,2025-08-09 10:45:00+00:00,2025-08-09 16:45:00+00:00,SOLUSDT,FAILED_HIGH_CVD_DIVERGENCE,SHORT,-1.0,182.68,178.10761076070102,183.26,182.18,182.06,183.38254166666667,178.10761076070102,180.05,SIX_HOUR_CAP,2.374196978260259,-0.09526478658762283,0.5154619473383981,0.4733083985038964,-0.002082876562157443,0.6229508196721097,-0.3333957204463729,0.5792386981667057,0.011040316379215542,0.009040316379215542,360.0
2025-08-09 22:30:00+00:00,2025-08-09 22:45:00+00:00,2025-08-10 00:55:00+00:00,ETHUSDT,FAILED_HIGH_CVD_DIVERGENCE,SHORT,-1.0,4298.48,4173.881424207004,4325.24,4271.61,4269.58,4328.135520833333,4173.881424207004,4328.135520833333,BOUNDARY_EXTREME_INVALIDATED,3.018344245720552,0.08786895360690616,0.5049722291704503,0.9241860632442417,-0.007106745361779021,0.7217760982522508,-0.13052478855425265,1.4086259343604772,-0.013714585704760918,-0.01571458570476092,130.0
2025-08-10 01:00:00+00:00,2025-08-10 01:15:00+00:00,2025-08-10 07:15:00+00:00,ETHUSDT,FAILED_HIGH_CVD_DIVERGENCE,SHORT,-1.0,4325.24,4192.3055988771775,4331.99,4260.15,4286.9,4335.162270833333,4192.3055988771775,4226.0,SIX_HOUR_CAP,2.848148570287539,0.10220308394468725,0.4283023278995132,0.21278132778175432,-0.005230377960941501,0.6296089385474818,-0.2939601428624544,0.25956527380224087,0.014206069654062348,0.012206069654062348,360.0
2025-08-10 02:30:00+00:00,2025-08-10 02:45:00+00:00,2025-08-10 03:25:00+00:00,SOLUSDT,FAILED_HIGH_CVD_DIVERGENCE,SHORT,-1.0,184.59,181.00972231761403,185.0,183.66,183.0,185.12802083333332,181.00972231761403,185.12802083333332,BOUNDARY_EXTREME_INVALIDATED,2.4354055871123013,-0.13987024567027395,1.0408862967709849,0.32026037428803644,-0.004785729823798102,0.6518518518518512,-0.2184087624059985,0.8118537405570037,-0.011628529143898003,-0.013628529143898003,40.0
2025-08-10 04:30:00+00:00,2025-08-10 04:45:00+00:00,2025-08-10 05:55:00+00:00,SOLUSDT,FAILED_HIGH_CVD_DIVERGENCE,SHORT,-1.0,185.95,181.5658500035225,186.13,184.31,185.46,186.26635416666667,181.5658500035225,181.5658500035225,PRIOR_VALUE_REACHED,1.8774600965234296,0.0015855616760351854,0.5418064964303391,0.13200916730329004,-0.0018299246501615185,0.5862068965517461,-0.12141151252426563,0.13428237534019594,0.020997250061886685,0.018997250061886684,70.0
2025-08-11 00:30:00+00:00,2025-08-11 00:45:00+00:00,2025-08-11 01:35:00+00:00,BTCUSDT,FAILED_HIGH_CVD_DIVERGENCE,SHORT,-1.0,119291.9,118211.3237523004,119490.3,119093.3,119195.2,119526.22270833334,118211.3237523004,119526.22270833334,BOUNDARY_EXTREME_INVALIDATED,2.782766737201586,0.08257608931904636,0.8185676474930811,0.5522968874145577,-0.0015295976303801861,0.6131631967763735,-0.11055316821258443,1.258067592260959,-0.0027771479751981243,-0.004777147975198124,50.0
2025-08-11 16:30:00+00:00,2025-08-11 16:45:00+00:00,2025-08-11 19:55:00+00:00,ETHUSDT,FAILED_HIGH_CVD_DIVERGENCE,SHORT,-1.0,4349.67,4261.283999566991,4370.0,4327.69,4314.08,4373.084270833333,4261.283999566991,4261.283999566991,PRIOR_VALUE_REACHED,4.937593700289606,-0.026320928546888944,0.5285924515450694,0.6591509338376834,-0.008376010224065311,0.854396248534603,-0.24706446426871265,1.7203672995357469,0.012238067081048354,0.010238067081048354,190.0
2025-08-13 05:00:00+00:00,2025-08-13 05:15:00+00:00,2025-08-13 09:55:00+00:00,ETHUSDT,FAILED_HIGH_CVD_DIVERGENCE,SHORT,-1.0,4675.2,4466.212649475975,4682.0,4656.51,4662.99,4685.739875,4466.212649475975,4685.739875,BOUNDARY_EXTREME_INVALIDATED,1.511037930024419,0.0013628639274247956,0.13040787649988697,0.18182425883218506,-0.0019327828219914966,0.7737789203085949,-0.17492084591838164,0.03582869707687735,-0.004878817025127713,-0.006878817025127713,280.0
2025-08-13 13:30:00+00:00,2025-08-13 13:45:00+00:00,2025-08-13 14:20:00+00:00,XRPUSDT,FAILED_HIGH_CVD_DIVERGENCE,SHORT,-1.0,3.306,3.2481218725299668,3.3366,3.2705,3.2736,3.3388679166666666,3.2481218725299668,3.2481218725299668,PRIOR_VALUE_REACHED,3.4646883361645537,0.16328673281304318,0.1611149630525952,1.3492559250413265,-0.015340191301209227,0.6137184115523489,-0.11065437106031129,0.7531723775003092,0.007782907951500939,0.005782907951500939,35.0
2025-08-13 16:30:00+00:00,2025-08-13 16:45:00+00:00,2025-08-13 18:05:00+00:00,ETHUSDT,FAILED_HIGH_CVD_DIVERGENCE,SHORT,-1.0,4736.76,4612.3475611446975,4738.78,4660.82,4687.54,4742.667583333333,4612.3475611446975,4742.667583333333,BOUNDARY_EXTREME_INVALIDATED,3.140918274993137,-0.006697259417220214,0.42014996664180804,0.05196030095816668,-0.006456125476897001,0.7434708323163418,-0.10271001784797151,0.06856975973320172,-0.011760450755264662,-0.013760450755264662,80.0
2025-08-13 21:30:00+00:00,2025-08-13 21:45:00+00:00,2025-08-13 22:45:00+00:00,BTCUSDT,FAILED_HIGH_CVD_DIVERGENCE,SHORT,-1.0,122990.0,120839.97651681464,123061.9,122665.1,122484.1,123109.91895833332,120839.97651681464,123109.91895833332,BOUNDARY_EXTREME_INVALIDATED,2.190416647785291,-0.08272340939465017,0.8274173557320577,0.14973252751733124,-0.0016773996881568332,0.5466135458167022,-0.07372199363151122,0.271373548480597,-0.005109389368361361,-0.007109389368361361,60.0
2025-08-14 01:00:00+00:00,2025-08-14 01:15:00+00:00,2025-08-14 07:15:00+00:00,BTCUSDT,FAILED_HIGH_CVD_DIVERGENCE,SHORT,-1.0,124300.1,121316.38200007325,124545.6,123474.2,123616.8,124598.65395833334,121316.38200007325,121688.0,SIX_HOUR_CAP,3.9763016094111037,-0.053581443224325565,0.27974698553169525,0.4627364436363923,-0.002052134882256529,0.6771443793286925,-0.17605764873945273,0.5147287648813017,0.015603057189637726,0.013603057189637726,360.0
2025-08-14 04:00:00+00:00,2025-08-14 04:15:00+00:00,2025-08-14 04:25:00+00:00,SOLUSDT,FAILED_HIGH_CVD_DIVERGENCE,SHORT,-1.0,208.73,200.4859977860825,209.36,207.51,207.55,209.5809375,200.4859977860825,209.5809375,BOUNDARY_EXTREME_INVALIDATED,2.110699300345027,-0.014296063787479052,1.002851123212225,0.285148514851496,-0.002690884628321566,0.5333333333333442,-0.12702922290949703,0.6035787557078538,-0.00978529270055395,-0.01178529270055395,10.0
2025-08-14 04:30:00+00:00,2025-08-14 04:45:00+00:00,2025-08-14 06:40:00+00:00,ETHUSDT,FAILED_HIGH_CVD_DIVERGENCE,SHORT,-1.0,4783.62,4696.145702053234,4788.78,4770.0,4759.0,4792.671937499999,4696.145702053234,4792.671937499999,BOUNDARY_EXTREME_INVALIDATED,1.180314469860645,-0.09919067957820848,0.9244221128693955,0.13258177964059956,-0.0034655694108531865,0.8548553719008102,-0.23173328169659768,0.1446611459656523,-0.007075422882958371,-0.009075422882958371,115.0
2025-08-14 07:00:00+00:00,2025-08-14 07:15:00+00:00,2025-08-14 10:45:00+00:00,ETHUSDT,FAILED_HIGH_CVD_DIVERGENCE,SHORT,-1.0,4788.78,4704.816510054977,4794.0,4740.41,4734.11,4797.905270833333,4704.816510054977,4704.816510054977,PRIOR_VALUE_REACHED,2.612686479112006,-0.09097239003436919,0.919338067206123,0.13366550548671532,-0.008980512914982475,0.9184328837508138,-0.15126133119533092,0.3210568100152396,0.0061877501674069135,0.0041877501674069135,210.0
2025-08-17 09:30:00+00:00,2025-08-17 09:45:00+00:00,2025-08-17 12:05:00+00:00,SOLUSDT,FAILED_HIGH_CVD_DIVERGENCE,SHORT,-1.0,193.44,189.20083373170974,193.57,192.37,191.65,193.68089583333332,189.20083373170974,193.68089583333332,BOUNDARY_EXTREME_INVALIDATED,1.209923381823899,-0.029843961047913203,0.20915199201251156,0.11722712755964299,-0.004674110620618066,0.7200000000000045,-0.1771817398647575,0.029665249022425,-0.010596899730411335,-0.012596899730411336,140.0
2025-08-17 16:00:00+00:00,2025-08-17 16:15:00+00:00,2025-08-17 19:00:00+00:00,SOLUSDT,FAILED_HIGH_CVD_DIVERGENCE,SHORT,-1.0,194.59,191.1271154220832,195.42,194.3,194.33,195.52377083333332,191.1271154220832,191.1271154220832,PRIOR_VALUE_REACHED,1.320114814090554,-0.027583512396758603,0.2053731151048023,0.799839389680773,-0.005374142696284112,0.6818181818181742,-0.19088331810189296,0.2168493292905892,0.01648167847433135,0.014481678474331352,165.0
2025-08-19 04:30:00+00:00,2025-08-19 04:45:00+00:00,2025-08-19 10:45:00+00:00,BTCUSDT,FAILED_LOW_CVD_DIVERGENCE,LONG,1.0,114605.0,115609.4892389782,114984.0,114303.8,115186.6,114261.105,115609.4892389782,115372.3,SIX_HOUR_CAP,3.0668022223092497,-0.06578227825949567,0.8908755761574769,0.705469024475926,0.0029901639801050983,0.922126745435054,0.23076680379961467,1.92743957387127,0.0016121666930006828,-0.0003878333069993172,360.0
2025-08-19 04:30:00+00:00,2025-08-19 04:45:00+00:00,2025-08-19 09:35:00+00:00,SOLUSDT,FAILED_LOW_CVD_DIVERGENCE,LONG,1.0,178.07,182.22516384453772,178.67,177.25,179.27,177.10160416666668,182.22516384453772,182.22516384453772,PRIOR_VALUE_REACHED,1.8389007815365361,-0.03455965394148941,0.6915014751680462,0.5525761617296036,0.007134831460674285,0.9769230769230762,0.3175605268254249,0.7026572856775258,0.016484430437539555,0.014484430437539554,290.0
2025-08-19 04:30:00+00:00,2025-08-19 04:45:00+00:00,2025-08-19 09:35:00+00:00,ETHUSDT,FAILED_LOW_CVD_DIVERGENCE,LONG,1.0,4210.71,4300.88764460804,4221.32,4192.01,4230.01,4188.0225625,4300.88764460804,4300.88764460804,PRIOR_VALUE_REACHED,2.504181714210615,-0.11362701391356245,0.5512778965174511,0.4689728679132858,0.006191751625840514,0.8932738503775004,0.28245863143130956,0.6474170572421478,0.016755904739714556,0.014755904739714555,290.0
2025-08-20 02:00:00+00:00,2025-08-20 02:15:00+00:00,2025-08-20 08:15:00+00:00,BTCUSDT,FAILED_LOW_CVD_DIVERGENCE,LONG,1.0,112666.6,114231.41245566074,113076.4,112500.0,113231.3,112458.50041666666,114231.41245566074,113558.5,SIX_HOUR_CAP,3.0950783578256704,0.026782412664537958,0.5724324599970303,0.4014498137531656,0.0023751139753724893,0.7940218999704277,0.030874209263413777,0.7112579961350953,0.002889660367760394,0.0008896603677603938,360.0
2025-08-20 02:00:00+00:00,2025-08-20 02:15:00+00:00,2025-08-20 07:20:00+00:00,ETHUSDT,FAILED_LOW_CVD_DIVERGENCE,LONG,1.0,4064.96,4202.5732393432,4120.0,4060.0,4132.72,4056.5489166666666,4202.5732393432,4202.5732393432,PRIOR_VALUE_REACHED,2.198716417442256,0.01813844824424038,0.2401558180735397,0.1437229855359439,0.005826547052896647,0.819021553198798,0.2838717870374008,0.0758907005466444,0.016902485371184106,0.014902485371184106,305.0
2025-08-20 16:30:00+00:00,2025-08-20 16:45:00+00:00,2025-08-20 17:45:00+00:00,ETHUSDT,FAILED_HIGH_CVD_DIVERGENCE,SHORT,-1.0,4306.55,4169.775481815121,4326.99,4252.72,4305.96,4330.678812499999,4169.775481815121,4330.678812499999,BOUNDARY_EXTREME_INVALIDATED,3.098279041996072,0.12672088112241564,0.4980953160340057,0.5541078599142579,-0.004310225223142061,0.535940195514677,-0.13452316919227436,0.8551204598842594,-0.005740604301944119,-0.007740604301944119,60.0
2025-08-20 18:00:00+00:00,2025-08-20 18:15:00+00:00,2025-08-20 20:55:00+00:00,ETHUSDT,FAILED_HIGH_CVD_DIVERGENCE,SHORT,-1.0,4328.8,4181.542875226084,4363.0,4298.06,4288.48,4366.723104166666,4181.542875226084,4366.723104166666,BOUNDARY_EXTREME_INVALIDATED,2.4711952882646377,0.14121522593324354,0.19037353398367818,0.9185883195586098,-0.012271521226415283,0.9258036490008773,-0.17708474240347982,0.4321500404574693,-0.018244950231006474,-0.020244950231006476,160.0
2025-08-20 18:00:00+00:00,2025-08-20 18:15:00+00:00,2025-08-20 19:35:00+00:00,XRPUSDT,FAILED_HIGH_CVD_DIVERGENCE,SHORT,-1.0,2.9356,2.886723986968229,2.955,2.9184,2.9185,2.9574002083333335,2.886723986968229,2.9574002083333335,BOUNDARY_EXTREME_INVALIDATED,2.8942177772928934,0.17376226626254487,0.12016907871584209,0.8082631715996921,-0.008021481254885998,0.8708487084870904,-0.025489861256359214,0.28111028088530554,-0.013328836160128033,-0.015328836160128033,80.0
2025-08-20 18:00:00+00:00,2025-08-20 18:15:00+00:00,2025-08-20 18:30:00+00:00,BTCUSDT,FAILED_HIGH_CVD_DIVERGENCE,SHORT,-1.0,114285.7,113362.6920823298,114411.0,113723.8,113614.7,114453.38,113362.6920823298,113362.6920823298,PRIOR_VALUE_REACHED,1.5403838022422394,0.1296015432869171,0.18707331349864578,0.2956583294006683,-0.004689443714410935,0.8487394957983279,-0.1781859529809312,0.0851982943693293,0.0022180925326581447,0.00021809253265814461,15.0
2025-08-21 01:00:00+00:00,2025-08-21 01:15:00+00:00,2025-08-21 02:05:00+00:00,SOLUSDT,FAILED_HIGH_CVD_DIVERGENCE,SHORT,-1.0,188.48,182.42231411891478,189.15,187.23,187.41,189.30714583333335,182.42231411891478,189.30714583333335,BOUNDARY_EXTREME_INVALIDATED,1.212386184316841,0.0641772487634149,0.1030513686413736,0.4263555614477098,-0.002342294383816834,0.5789473684210565,-0.20710915085196158,0.05326803484823534,-0.010122970136776877,-0.012122970136776877,50.0
2025-08-21 02:30:00+00:00,2025-08-21 02:45:00+00:00,2025-08-21 08:45:00+00:00,SOLUSDT,FAILED_HIGH_CVD_DIVERGENCE,SHORT,-1.0,189.15,182.97338679746477,189.96,186.12,185.84,190.11995833333333,182.97338679746477,186.05,SIX_HOUR_CAP,2.4743538709505613,-0.07566867965434854,0.3392957776280405,0.5063818702787196,-0.0036991368680641123,0.6216216216216119,-0.22655415569397575,0.42512673185180166,-0.001130004304778387,-0.003130004304778387,360.0
2025-08-21 17:30:00+00:00,2025-08-21 17:45:00+00:00,2025-08-21 20:35:00+00:00,SOLUSDT,FAILED_LOW_CVD_DIVERGENCE,LONG,1.0,180.7,185.52941401347414,180.96,179.82,181.03,179.65539583333333,185.52941401347414,179.65539583333333,BOUNDARY_EXTREME_INVALIDATED,1.8066075678885465,-0.13298140409429104,0.40240123607963457,0.5346158714086787,0.0032697849700731307,0.500000000000012,0.28527771267341784,0.3886556441266684,-0.007593239610377722,-0.009593239610377722,170.0
2025-08-21 20:00:00+00:00,2025-08-21 20:15:00+00:00,2025-08-22 02:15:00+00:00,BTCUSDT,FAILED_LOW_CVD_DIVERGENCE,LONG,1.0,112101.0,113436.38798848762,112240.0,111944.0,112275.8,111905.33333333333,113436.38798848762,113148.6,SIX_HOUR_CAP,1.9207379265736102,-0.15181768018215513,0.5953983371518267,0.40603448275862036,0.0010967180489473982,0.6446540880503047,0.19451855323725997,0.4643427266665363,0.007773714371217988,0.005773714371217988,360.0
2025-08-22 04:00:00+00:00,2025-08-22 04:15:00+00:00,2025-08-22 10:15:00+00:00,XRPUSDT,FAILED_LOW_CVD_DIVERGENCE,LONG,1.0,2.8367,2.8885956213040043,2.8477,2.8205,2.8448,2.818492291666667,2.8885956213040043,2.847,SIX_HOUR_CAP,2.3325239138520235,-0.10548108260198341,0.9092039762569856,0.8068901110304028,0.004732641096277579,0.837500000000018,0.17225401986043587,1.7112041479360618,0.0007733408323957747,-0.0012266591676042254,360.0
2025-08-22 09:00:00+00:00,2025-08-22 09:15:00+00:00,2025-08-22 12:05:00+00:00,ETHUSDT,FAILED_HIGH_CVD_DIVERGENCE,SHORT,-1.0,4350.79,4268.1649549557615,4352.97,4325.0,4315.75,4356.1619375,4268.1649549557615,4268.1649549557615,PRIOR_VALUE_REACHED,1.0058585405035176,-0.1319299996708625,0.2846925540658201,0.06829707661883393,-0.002768194873524865,0.7563131313130969,-0.04582061162632389,0.01955758070126024,0.011025903966689121,0.009025903966689121,170.0
2025-08-22 17:30:00+00:00,2025-08-22 17:45:00+00:00,2025-08-22 19:30:00+00:00,XRPUSDT,FAILED_HIGH_CVD_DIVERGENCE,SHORT,-1.0,3.0715,2.9152736397201684,3.0927,3.0474,3.07,3.095367083333333,2.9152736397201684,3.095367083333333,BOUNDARY_EXTREME_INVALIDATED,4.673084079001977,0.016739444994517516,0.3445519150264273,0.7948758006561419,-0.007115135834411479,0.6470588235294226,-0.11200724206616852,1.2798454786011728,-0.00826289359391974,-0.01026289359391974,105.0
2025-08-22 17:30:00+00:00,2025-08-22 17:45:00+00:00,2025-08-22 19:35:00+00:00,SOLUSDT,FAILED_HIGH_CVD_DIVERGENCE,SHORT,-1.0,197.88,185.9880463438986,198.11,194.85,196.77,198.28614583333334,185.9880463438986,198.28614583333334,BOUNDARY_EXTREME_INVALIDATED,3.903779127416954,0.13200534959065768,0.16362890186549742,0.13057362507393133,-0.005609460278956924,0.6201117318435699,-0.14397115184170217,0.08340665704153641,-0.007705167623790921,-0.00970516762379092,110.0
2025-08-24 17:00:00+00:00,2025-08-24 17:15:00+00:00,2025-08-24 18:40:00+00:00,BTCUSDT,FAILED_LOW_CVD_DIVERGENCE,LONG,1.0,114324.9,114906.56922515239,114462.7,114222.0,114434.5,114200.49083333333,114906.56922515239,114906.56922515239,PRIOR_VALUE_REACHED,1.0744865098855074,-0.37938301558287457,0.4263140301779677,0.47840068187978924,0.0015815666524876537,0.5932370321733496,0.16139982110188278,0.21914036618128105,0.004125235179534004,0.0021252351795340036,85.0
2025-08-24 20:30:00+00:00,2025-08-24 20:45:00+00:00,2025-08-25 00:10:00+00:00,SOLUSDT,FAILED_LOW_CVD_DIVERGENCE,LONG,1.0,201.37,207.349774066492,205.21,201.01,205.46,200.81752083333333,207.349774066492,207.349774066492,PRIOR_VALUE_REACHED,5.296702252232084,0.001792439314807881,0.1014421253769704,0.1870332287044123,0.006564765824025098,0.6836734693877541,0.019347313382353182,0.10049458732276015,0.009197771179265901,0.007197771179265901,205.0
2025-08-27 22:30:00+00:00,2025-08-27 22:45:00+00:00,2025-08-28 00:25:00+00:00,XRPUSDT,FAILED_LOW_CVD_DIVERGENCE,LONG,1.0,2.97,3.0061836516941836,2.9877,2.9603,2.9904,2.9584675000000002,3.0061836516941836,2.9584675000000002,BOUNDARY_EXTREME_INVALIDATED,1.7675458035678355,-0.09231767231284049,0.14537187813732366,0.5293315143246964,0.003725707380928478,0.8880000000000454,0.11565644899791705,0.13601250180826782,-0.010678337346174405,-0.012678337346174405,100.0
2025-08-28 17:00:00+00:00,2025-08-28 17:15:00+00:00,2025-08-28 19:45:00+00:00,ETHUSDT,FAILED_LOW_CVD_DIVERGENCE,LONG,1.0,4465.0,4559.31297745487,4522.0,4456.01,4473.28,4452.669,4559.31297745487,4452.669,BOUNDARY_EXTREME_INVALIDATED,1.7243614866861279,-0.29000902464827283,0.11835094137119051,0.2690811134390838,0.0022719430714697175,0.5481081081080766,0.19164069408315876,0.054914021217287674,-0.004607581014378637,-0.006607581014378637,150.0
2025-08-28 20:00:00+00:00,2025-08-28 20:15:00+00:00,2025-08-29 02:15:00+00:00,ETHUSDT,FAILED_LOW_CVD_DIVERGENCE,LONG,1.0,4456.01,4544.639926383007,4481.14,4432.5,4457.81,4429.18675,4544.639926383007,4486.51,SIX_HOUR_CAP,1.65752255682427,-0.21933413845559668,0.5819732105940969,0.709575190522908,0.0048758165809321685,0.6229838709677405,0.0713207188301197,0.684480158511392,0.006438138906772473,0.0044381389067724725,360.0
2025-08-29 00:30:00+00:00,2025-08-29 00:45:00+00:00,2025-08-29 06:45:00+00:00,SOLUSDT,FAILED_HIGH_CVD_DIVERGENCE,SHORT,-1.0,216.87,211.56563087668792,217.95,213.95,215.02,218.1879583333333,211.56563087668792,215.33,SIX_HOUR_CAP,2.2245656658978548,0.18157467327952914,0.2701874844176398,0.4538609700577762,-0.01049240681086061,0.8382352941176479,-0.16667829706957082,0.2727930458214869,-0.0014417263510371203,-0.0034417263510371204,360.0
2025-08-30 02:00:00+00:00,2025-08-30 02:15:00+00:00,2025-08-30 08:15:00+00:00,BTCUSDT,FAILED_LOW_CVD_DIVERGENCE,LONG,1.0,107411.4,109408.4282588273,108090.7,107281.0,107736.4,107235.11791666667,109408.4282588273,108595.4,SIX_HOUR_CAP,1.8584277688224424,-0.27018495783585583,0.35138646874327567,0.2842067982236955,0.00308551743401142,0.8063260340632462,0.11403279089112517,0.1855945340862434,0.007973164130228971,0.005973164130228971,360.0
2025-08-30 16:00:00+00:00,2025-08-30 16:15:00+00:00,2025-08-30 22:15:00+00:00,BTCUSDT,FAILED_HIGH_CVD_DIVERGENCE,SHORT,-1.0,108822.4,108242.95592647696,108879.6,108595.9,108639.9,108911.37062500001,108242.95592647696,108462.1,SIX_HOUR_CAP,1.0334772422028282,-0.175692052935578,0.1771217228188241,0.18004052485593738,-0.00156144023791982,0.8771295818275607,-0.456005757289773,0.03295664666027321,0.0016365994445870502,-0.00036340055541294984,360.0
2025-09-01 00:30:00+00:00,2025-09-01 00:45:00+00:00,2025-09-01 02:30:00+00:00,BTCUSDT,FAILED_LOW_CVD_DIVERGENCE,LONG,1.0,108021.0,108729.42435655229,108295.8,107588.0,108129.6,107561.96583333334,108729.42435655229,107561.96583333334,BOUNDARY_EXTREME_INVALIDATED,3.1859727208478805,-0.1384436174032777,0.5418233339851568,1.663199001312373,0.003242713636376182,0.6263440860215054,0.17706347952602663,2.871071266236837,-0.005249572426668236,-0.0072495724266682365,105.0
2025-09-01 05:30:00+00:00,2025-09-01 05:45:00+00:00,2025-09-01 07:25:00+00:00,BTCUSDT,FAILED_LOW_CVD_DIVERGENCE,LONG,1.0,107230.7,108304.49463894934,107692.3,107211.5,107897.1,107181.64375,108304.49463894934,108304.49463894934,PRIOR_VALUE_REACHED,1.6538023295429527,0.09864952188913279,0.6590643344337982,0.06430814318609011,0.0020236034443050777,0.6473559120618092,0.2546558943206485,0.07009344082668906,0.0037757700526643845,0.0017757700526643844,100.0
2025-09-01 10:00:00+00:00,2025-09-01 10:15:00+00:00,2025-09-01 10:35:00+00:00,BTCUSDT,FAILED_HIGH_CVD_DIVERGENCE,SHORT,-1.0,109779.0,108445.2908376852,109874.8,109450.0,109173.0,109908.42854166667,108445.2908376852,108445.2908376852,PRIOR_VALUE_REACHED,1.9310690410901927,-0.1504520720867979,0.3935662280445205,0.2848770575590011,-0.002852437724516488,0.8735664335664417,-0.24311749820730866,0.2165075775070321,0.006665651418526597,0.004665651418526597,20.0
2025-09-04 07:00:00+00:00,2025-09-04 07:15:00+00:00,2025-09-04 13:15:00+00:00,BTCUSDT,FAILED_LOW_CVD_DIVERGENCE,LONG,1.0,110331.4,111531.5541659175,110472.2,110237.2,110514.4,110200.58708333333,111531.5541659175,110717.0,SIX_HOUR_CAP,1.0182301684410682,-0.13003020264619547,0.5311397079218607,0.25728624916069315,0.0014907127237995255,0.7161515019590862,0.2642471889802511,0.13914618586493688,0.001833245260346228,-0.00016675473965377212,360.0
2025-09-04 17:00:00+00:00,2025-09-04 17:15:00+00:00,2025-09-04 18:30:00+00:00,ETHUSDT,FAILED_LOW_CVD_DIVERGENCE,LONG,1.0,4285.57,4394.034395062926,4308.89,4283.33,4305.8,4280.907583333334,4394.034395062926,4280.907583333334,BOUNDARY_EXTREME_INVALIDATED,1.406757799124225,0.03145039367475433,0.1611766664809962,0.09246964119851861,0.0025985880073766676,0.5740740740740784,0.14578650243176106,0.020966245816949104,-0.005781136296778011,-0.007781136296778011,75.0
2025-09-04 19:00:00+00:00,2025-09-04 19:15:00+00:00,2025-09-04 20:00:00+00:00,SOLUSDT,FAILED_LOW_CVD_DIVERGENCE,LONG,1.0,203.01,207.19091534959267,203.73,202.15,203.54,202.0295625,207.19091534959267,202.0295625,BOUNDARY_EXTREME_INVALIDATED,1.4381471696577897,-0.08376696222735935,0.15811485320069077,0.7140633108458624,0.0027588925017243415,0.7466666666666697,0.023398553708431136,0.16237259043555935,-0.007420838655792461,-0.009420838655792461,45.0
2025-09-04 20:00:00+00:00,2025-09-04 20:15:00+00:00,2025-09-05 00:55:00+00:00,SOLUSDT,FAILED_LOW_CVD_DIVERGENCE,LONG,1.0,202.15,206.9154764653528,203.45,201.7,202.88,201.578375,206.9154764653528,201.578375,BOUNDARY_EXTREME_INVALIDATED,1.1982927109508503,-0.06893972509453672,0.12717985641939772,0.3699897225077222,0.00425700425700426,0.7049180327868738,0.24108444268181128,0.05638595084663154,-0.006415738367507862,-0.008415738367507862,280.0
2025-09-05 14:00:00+00:00,2025-09-05 14:15:00+00:00,2025-09-05 14:25:00+00:00,SOLUSDT,FAILED_HIGH_CVD_DIVERGENCE,SHORT,-1.0,209.71,205.2246426155537,209.95,208.44,207.74,210.090125,205.2246426155537,205.2246426155537,PRIOR_VALUE_REACHED,2.5752598052602003,-0.0037884247281209094,0.5482483864705427,0.17127564674396475,-0.008779463689283395,0.9633507853403033,-0.32376144536057205,0.24182100832420794,0.012108199597796743,0.010108199597796743,10.0
2025-09-08 10:00:00+00:00,2025-09-08 10:15:00+00:00,2025-09-08 10:30:00+00:00,BTCUSDT,FAILED_HIGH_CVD_DIVERGENCE,SHORT,-1.0,112042.0,111203.35608004098,112066.7,111714.4,111901.2,112092.30791666666,111203.35608004098,112092.30791666666,BOUNDARY_EXTREME_INVALIDATED,1.6251263382741636,0.26505305656737344,0.6381318744117871,0.09645454693371666,-0.0014170979832233144,0.8349106203996075,-0.03273339663019703,0.10002769756116572,-0.00170782723211782,-0.00370782723211782,15.0
2025-09-08 11:00:00+00:00,2025-09-08 11:15:00+00:00,2025-09-08 13:05:00+00:00,BTCUSDT,FAILED_HIGH_CVD_DIVERGENCE,SHORT,-1.0,112117.0,111283.70779511471,112144.0,111922.9,111838.0,112169.87208333334,111283.70779511471,112169.87208333334,BOUNDARY_EXTREME_INVALIDATED,1.587360915400382,-0.30873406143654614,0.5796415629224809,0.10435958964778622,-0.0014954622764060677,0.7991412213740237,-0.23443235386200434,0.09602129620524519,-0.0029674357850939526,-0.004967435785093953,110.0
2025-09-08 14:30:00+00:00,2025-09-08 14:45:00+00:00,2025-09-08 20:45:00+00:00,XRPUSDT,FAILED_HIGH_CVD_DIVERGENCE,SHORT,-1.0,2.9936,2.903420107709309,2.9951,2.9745,2.9762,2.99680875,2.903420107709309,2.957,SIX_HOUR_CAP,2.8842772633361906,-0.01123086759205838,1.033385430417252,0.08778346744696774,-0.0033821116431704823,0.5401069518716594,-0.20469272963928442,0.2616447784534442,0.006451179356226078,0.004451179356226078,360.0
2025-09-08 15:30:00+00:00,2025-09-08 15:45:00+00:00,2025-09-08 21:45:00+00:00,BTCUSDT,FAILED_HIGH_CVD_DIVERGENCE,SHORT,-1.0,112731.2,111571.084580013,112867.6,112533.5,112579.8,112896.76895833334,111571.084580013,112196.6,SIX_HOUR_CAP,2.7240615756174082,0.06708116063947411,0.8251654557442301,0.46762040125421644,-0.0017202577194348478,0.743579915676521,-0.2204783893832718,1.051117844756669,0.00340380778789795,0.00140380778789795,360.0
2025-09-08 15:30:00+00:00,2025-09-08 15:45:00+00:00,2025-09-08 17:25:00+00:00,SOLUSDT,FAILED_HIGH_CVD_DIVERGENCE,SHORT,-1.0,216.29,209.2664012086929,216.63,214.6,215.95,216.77020833333333,209.2664012086929,216.77020833333333,BOUNDARY_EXTREME_INVALIDATED,2.7345566876495604,0.17211558954647144,0.14076295529703114,0.2424962852897499,-0.0027707226968368692,0.5263157894736973,-0.03750130763016435,0.09334270820717573,-0.0037981400015436595,-0.0057981400015436595,100.0
2025-09-09 09:00:00+00:00,2025-09-09 09:15:00+00:00,2025-09-09 14:35:00+00:00,XRPUSDT,FAILED_HIGH_CVD_DIVERGENCE,SHORT,-1.0,3.0319,2.9686861887277525,3.0363,3.0159,3.0144,3.0379975000000004,2.9686861887277525,2.9686861887277525,PRIOR_VALUE_REACHED,2.772245611558096,-0.08604570845568682,0.3766246366000987,0.2592047128129843,-0.0029108229690394394,0.7927927927927618,-0.11786536930184766,0.2706346027973659,0.015165144397640606,0.013165144397640606,320.0
2025-09-11 12:30:00+00:00,2025-09-11 12:45:00+00:00,2025-09-11 13:15:00+00:00,BTCUSDT,FAILED_HIGH_CVD_DIVERGENCE,SHORT,-1.0,114433.2,113660.5738364932,114450.0,113960.9,113811.3,114482.07020833333,113660.5738364932,113660.5738364932,PRIOR_VALUE_REACHED,3.499591558198566,0.21456813241893924,0.5171694368464094,0.05238506661817097,-0.004657878557579265,0.5077216396568077,-0.07877144991651974,0.09481077842021511,0.0013243514792186106,-0.0006756485207813894,30.0
2025-09-11 13:00:00+00:00,2025-09-11 13:15:00+00:00,2025-09-11 13:20:00+00:00,ETHUSDT,FAILED_HIGH_CVD_DIVERGENCE,SHORT,-1.0,4474.0,4389.313041819644,4483.44,4328.88,4390.86,4486.0883125,4389.313041819644,4389.313041819644,PRIOR_VALUE_REACHED,14.644725148915024,-0.0744991258795904,0.4480468802070134,0.3564534019304601,-0.007589661064451025,0.7480507908220023,-0.15106168206138393,2.338877342930837,0.0003523132553430175,-0.0016476867446569825,5.0
2025-09-11 13:00:00+00:00,2025-09-11 13:15:00+00:00,2025-09-11 19:15:00+00:00,SOLUSDT,FAILED_HIGH_CVD_DIVERGENCE,SHORT,-1.0,228.57,223.68310892503902,229.0,222.0,224.4,229.15172916666666,223.68310892503902,226.04,SIX_HOUR_CAP,8.964741124832456,-0.06489322872542813,0.7686445110221612,0.28339969792668357,-0.009883515707730273,0.8959999999999922,-0.18830727422144378,1.9528220316364178,-0.007308377896613205,-0.009308377896613205,360.0
2025-09-11 14:00:00+00:00,2025-09-11 14:15:00+00:00,2025-09-11 20:15:00+00:00,BTCUSDT,FAILED_HIGH_CVD_DIVERGENCE,SHORT,-1.0,114500.0,113865.22325745552,114691.7,113627.1,114129.9,114724.50208333333,113865.22325745552,114263.7,SIX_HOUR_CAP,6.674604847862396,0.21176090077269838,0.8537104345838105,0.584414099714185,-0.003912611648638209,0.876099276920081,-0.22110581674616214,3.330096620949555,-0.0011723483504322285,-0.0031723483504322286,360.0
2025-09-12 06:00:00+00:00,2025-09-12 06:15:00+00:00,2025-09-12 12:15:00+00:00,XRPUSDT,FAILED_HIGH_CVD_DIVERGENCE,SHORT,-1.0,3.0712,3.016836942200402,3.0726,3.051,3.0582,3.0742014583333335,3.016836942200402,3.0316,SIX_HOUR_CAP,2.22813294519644,0.10707895265771517,0.4457098789174196,0.08742032002080465,-0.0042977143973433884,1.0,-0.11400391606615201,0.08681719545006988,0.008697926885095741,0.006697926885095741,360.0
2025-09-12 14:30:00+00:00,2025-09-12 14:45:00+00:00,2025-09-12 20:45:00+00:00,SOLUSDT,FAILED_HIGH_CVD_DIVERGENCE,SHORT,-1.0,240.63,233.50460819187742,241.76,238.9,239.24,241.91618749999998,233.50460819187742,239.71,SIX_HOUR_CAP,5.2022770817201085,0.010809303068433973,0.32276526644208803,0.7234893957583015,-0.007961519323270827,0.955223880597013,-0.1860673577699007,1.2148214253235752,-0.00196455442233745,-0.00396455442233745,360.0
2025-09-12 14:30:00+00:00,2025-09-12 14:45:00+00:00,2025-09-12 16:35:00+00:00,ETHUSDT,FAILED_HIGH_CVD_DIVERGENCE,SHORT,-1.0,4562.0,4486.288128301922,4570.0,4530.95,4523.24,4572.024333333334,4486.288128301922,4572.024333333334,BOUNDARY_EXTREME_INVALIDATED,5.36576248596293,0.021620038101243466,0.10639047598099556,0.3951918327021248,-0.007451944176248615,0.8364532019704367,-0.1737935868788275,0.22560159060071808,-0.010785263071014128,-0.012785263071014128,110.0
2025-09-12 19:00:00+00:00,2025-09-12 19:15:00+00:00,2025-09-12 19:50:00+00:00,XRPUSDT,FAILED_HIGH_CVD_DIVERGENCE,SHORT,-1.0,3.0726,3.0440969463386796,3.0781,3.067,3.0704,3.0796016666666666,3.0440969463386796,3.0796016666666666,BOUNDARY_EXTREME_INVALIDATED,2.0740902092140248,0.10543624965123066,0.19167904595413074,0.36625971143174557,-0.002436726339387296,0.8241758241758859,-0.2789544133533888,0.14561007628549816,-0.002996895084245388,-0.004996895084245388,35.0
2025-09-13 04:00:00+00:00,2025-09-13 04:15:00+00:00,2025-09-13 10:15:00+00:00,ETHUSDT,FAILED_HIGH_CVD_DIVERGENCE,SHORT,-1.0,4750.0,4602.641274925604,4768.0,4720.0,4736.88,4770.579958333334,4602.641274925604,4733.33,SIX_HOUR_CAP,3.996065784751516,0.20436064334593174,0.3670042238349609,0.6976856861383415,-0.003760442167427991,0.938582677165351,-0.20514435374810724,1.0232070049350064,0.0007494384489369343,-0.0012505615510630657,360.0
2025-09-17 23:30:00+00:00,2025-09-17 23:45:00+00:00,2025-09-18 01:50:00+00:00,SOLUSDT,FAILED_HIGH_CVD_DIVERGENCE,SHORT,-1.0,245.64,236.35956632296134,246.55,244.1,243.89,246.73602083333336,236.35956632296134,246.73602083333336,BOUNDARY_EXTREME_INVALIDATED,2.358615671478997,0.01569352164692961,0.12162738927119723,0.4891925187591134,-0.002535683612122197,0.5000000000000114,-0.2450530750566413,0.14033576657023827,-0.011669280549974959,-0.013669280549974959,125.0
2025-09-18 03:30:00+00:00,2025-09-18 03:45:00+00:00,2025-09-18 09:45:00+00:00,ETHUSDT,FAILED_HIGH_CVD_DIVERGENCE,SHORT,-1.0,4631.5,4507.175366188808,4642.6,4606.66,4619.7,4645.48775,4507.175366188808,4590.41,SIX_HOUR_CAP,2.1272347333526818,0.03022065111426131,0.8765385116755816,0.3843823045623879,-0.0017955881685649544,0.7251308900523886,-0.1250626860948656,0.7167204624863512,0.006340238543628418,0.004340238543628418,360.0
2025-09-18 03:30:00+00:00,2025-09-18 03:45:00+00:00,2025-09-18 09:45:00+00:00,SOLUSDT,FAILED_HIGH_CVD_DIVERGENCE,SHORT,-1.0,247.41,237.56822125652675,247.78,246.01,246.41,247.9749375,237.56822125652675,246.2,SIX_HOUR_CAP,1.3976677172815812,0.07829810001358006,0.5131412061440127,0.189804424495033,-0.0015397706552129353,0.5671641791044574,-0.1586247023623122,0.13612790373670472,0.0008522381396859346,-0.0011477618603140654,360.0
2025-09-19 07:30:00+00:00,2025-09-19 07:45:00+00:00,2025-09-19 09:55:00+00:00,ETHUSDT,FAILED_LOW_CVD_DIVERGENCE,LONG,1.0,4517.64,4582.136446642082,4535.0,4515.65,4539.49,4513.660333333333,4582.136446642082,4513.660333333333,BOUNDARY_EXTREME_INVALIDATED,1.2284843508265313,-0.06713684496488659,0.28614346005425895,0.10001675322503056,0.0013720779922659077,0.5654545454544859,0.20923636050428085,0.0351581654167494,-0.00568999307558038,-0.00768999307558038,130.0
2025-09-19 12:00:00+00:00,2025-09-19 12:15:00+00:00,2025-09-19 14:55:00+00:00,SOLUSDT,FAILED_LOW_CVD_DIVERGENCE,LONG,1.0,240.58,247.04087607112663,241.1,240.1,241.62,239.9534375,247.04087607112663,239.9534375,BOUNDARY_EXTREME_INVALIDATED,1.3854897414498475,-0.04735465692516183,0.31912064511884364,0.327505330490417,0.0032386646736422,0.7222222222222149,0.23951084241169207,0.14480267629617058,-0.006897452611538735,-0.008897452611538735,160.0
2025-09-20 10:00:00+00:00,2025-09-20 10:15:00+00:00,2025-09-20 14:15:00+00:00,XRPUSDT,FAILED_LOW_CVD_DIVERGENCE,LONG,1.0,2.9766,3.005344603184369,2.9832,2.9729,2.9821,2.9718037500000003,3.005344603184369,2.9718037500000003,BOUNDARY_EXTREME_INVALIDATED,1.0960044694187447,-0.25994950437185826,0.4632237017208593,0.3375142531356757,0.0015449202350965585,0.7931034482758779,0.02503402928541032,0.17135438225577404,-0.0034526843499546045,-0.0054526843499546045,240.0
2025-09-21 05:30:00+00:00,2025-09-21 05:45:00+00:00,2025-09-21 09:15:00+00:00,XRPUSDT,FAILED_HIGH_CVD_DIVERGENCE,SHORT,-1.0,3.0077,2.983523168688294,3.012,2.9995,3.0058,3.012948541666667,2.983523168688294,2.983523168688294,PRIOR_VALUE_REACHED,1.276878016127184,0.10989289499968824,0.34828112172127657,0.453327476389214,-0.0013953488372092648,0.5999999999999873,-0.12566464422668244,0.2016003988606592,0.0074112819587816015,0.005411281958781601,210.0
2025-09-21 17:30:00+00:00,2025-09-21 17:45:00+00:00,2025-09-21 18:55:00+00:00,XRPUSDT,FAILED_LOW_CVD_DIVERGENCE,LONG,1.0,2.9592,2.981768490406694,2.966,2.9506,2.9627,2.9496225000000003,2.981768490406694,2.981768490406694,PRIOR_VALUE_REACHED,1.7924172274375418,-0.2343730152664255,0.717619853751072,0.8797953964194266,0.002266576454668545,0.5929203539823016,0.05665496633255618,1.1316581096762854,0.00643618672383095,0.00443618672383095,70.0
2025-09-22 03:00:00+00:00,2025-09-22 03:15:00+00:00,2025-09-22 06:00:00+00:00,XRPUSDT,FAILED_LOW_CVD_DIVERGENCE,LONG,1.0,2.8946,2.9550257805925715,2.9051,2.8752,2.9018,2.8738383333333335,2.9550257805925715,2.8738383333333335,BOUNDARY_EXTREME_INVALIDATED,5.484801517159637,0.01141990994147446,0.5453757839145317,1.4247246022031848,0.0016568864342425549,0.5393258426966886,0.11451893728278106,4.261747254676315,-0.009635973074183846,-0.011635973074183846,165.0
2025-09-23 17:00:00+00:00,2025-09-23 17:15:00+00:00,2025-09-23 17:20:00+00:00,SOLUSDT,FAILED_HIGH_CVD_DIVERGENCE,SHORT,-1.0,221.3,218.16165853705064,221.66,218.04,218.24,221.82908333333333,218.16165853705064,218.16165853705064,PRIOR_VALUE_REACHED,2.2843750159272287,0.03618112967546305,0.10738256183108413,0.21291276490881328,-0.00926094062102778,0.8755364806866872,-0.12708611760558952,0.05222793587080013,0.0003589693133676519,-0.0016410306866323481,5.0
2025-09-24 04:30:00+00:00,2025-09-24 04:45:00+00:00,2025-09-24 06:15:00+00:00,ETHUSDT,FAILED_LOW_CVD_DIVERGENCE,LONG,1.0,4125.12,4177.188174574538,4145.84,4070.0,4151.99,4067.648708333333,4177.188174574538,4177.188174574538,PRIOR_VALUE_REACHED,8.097101655813967,-0.07718288986563804,0.6642930020064961,2.3442434123088294,0.006328346922353401,0.7590116279069753,0.1360965245338981,12.609328911260624,0.006068939129077355,0.004068939129077355,90.0
2025-09-24 04:30:00+00:00,2025-09-24 04:45:00+00:00,2025-09-24 05:40:00+00:00,BTCUSDT,FAILED_LOW_CVD_DIVERGENCE,LONG,1.0,111413.5,112414.69339905588,111998.5,110935.0,112186.3,110901.1125,112414.69339905588,112414.69339905588,PRIOR_VALUE_REACHED,6.272292815248966,-0.07600975814985922,0.9106042560088822,1.4120250829951997,0.0017751981247906556,0.5573310905522976,0.0584463740637855,8.06488932733624,0.0020358403749465293,3.584037494652921e-05,55.0
2025-09-24 04:30:00+00:00,2025-09-24 04:45:00+00:00,2025-09-24 05:40:00+00:00,XRPUSDT,FAILED_LOW_CVD_DIVERGENCE,LONG,1.0,2.8033,2.853227877878534,2.8243,2.7871,2.8433,2.785455625,2.853227877878534,2.853227877878534,PRIOR_VALUE_REACHED,4.455532022538994,-0.028983306650996687,0.9814434158839258,0.9851767388825522,0.007083908900931579,0.8097165991902787,0.01249326015420027,4.308032632340568,0.003491674420051938,0.0014916744200519378,55.0
2025-09-24 04:30:00+00:00,2025-09-24 04:45:00+00:00,2025-09-24 10:45:00+00:00,SOLUSDT,FAILED_LOW_CVD_DIVERGENCE,LONG,1.0,207.0,215.9454604486418,208.45,204.73,208.79,204.54027083333332,215.9454604486418,210.23,SIX_HOUR_CAP,7.2172532052360445,-0.0428980043385514,0.393228189029807,1.1964422971340785,0.00481255113335588,0.7633587786259529,0.11349342261895878,3.3955360309556357,0.006896882034580276,0.004896882034580276,360.0
2025-09-25 09:00:00+00:00,2025-09-25 09:15:00+00:00,2025-09-25 10:05:00+00:00,XRPUSDT,FAILED_LOW_CVD_DIVERGENCE,LONG,1.0,2.8308,2.908204053530163,2.8496,2.8248,2.8419,2.8230000000000004,2.908204053530163,2.8230000000000004,BOUNDARY_EXTREME_INVALIDATED,1.8584408777380672,-0.2341440445794144,0.5723767268221295,0.3333333333333213,0.004027556968733359,0.7549668874172069,0.09470499787338138,0.354576102197374,-0.006650480312466844,-0.008650480312466844,50.0
2025-09-25 12:30:00+00:00,2025-09-25 12:45:00+00:00,2025-09-25 17:15:00+00:00,ETHUSDT,FAILED_LOW_CVD_DIVERGENCE,LONG,1.0,3961.0,4078.827413301189,4015.0,3911.39,3994.39,3908.3966666666665,4078.827413301189,3908.3966666666665,BOUNDARY_EXTREME_INVALIDATED,4.315125756757294,-0.27310489779571967,0.1578123123737584,1.6573496659242812,0.013758254699023809,0.67728635682159,0.12800614544805144,1.1286219321737418,-0.021528527092580685,-0.023528527092580687,270.0
2025-09-25 12:30:00+00:00,2025-09-25 12:45:00+00:00,2025-09-25 16:55:00+00:00,XRPUSDT,FAILED_LOW_CVD_DIVERGENCE,LONG,1.0,2.806,2.900623777858343,2.823,2.7927,2.8261,2.7907577083333335,2.900623777858343,2.7907577083333335,BOUNDARY_EXTREME_INVALIDATED,2.776375653459214,-0.10122275426464755,0.42130441047055645,0.684758125067044,0.011669948093789184,0.7180616740088116,0.018381501388254895,0.8009611049872434,-0.012505676255853082,-0.014505676255853082,250.0
2025-09-26 11:30:00+00:00,2025-09-26 11:45:00+00:00,2025-09-26 12:40:00+00:00,SOLUSDT,FAILED_LOW_CVD_DIVERGENCE,LONG,1.0,191.12,197.39579920642635,192.28,190.72,192.85,190.4885625,197.39579920642635,197.39579920642635,PRIOR_VALUE_REACHED,1.8654200799820049,-0.08902030392731741,1.0871456743196117,0.17283283823926787,0.006576543660942624,0.8129032258064547,0.10353512365293605,0.35050212186727026,0.02357168372531171,0.021571683725311708,55.0
2025-09-30 17:00:00+00:00,2025-09-30 17:15:00+00:00,2025-09-30 20:25:00+00:00,SOLUSDT,FAILED_LOW_CVD_DIVERGENCE,LONG,1.0,204.39,209.27882958434174,205.55,204.17,205.79,204.0226458333333,209.27882958434174,209.27882958434174,PRIOR_VALUE_REACHED,1.3623137526170035,-0.10134886951548983,1.0187018154684373,0.14930015552099454,0.003657822863831539,0.7653061224489875,0.1576216055299755,0.20719748573987737,0.016953348483122355,0.014953348483122355,190.0
2025-10-01 12:30:00+00:00,2025-10-01 12:45:00+00:00,2025-10-01 14:05:00+00:00,BTCUSDT,FAILED_HIGH_CVD_DIVERGENCE,SHORT,-1.0,116750.0,114575.33764317856,116850.0,116562.5,116415.7,116889.635,114575.33764317856,116889.635,BOUNDARY_EXTREME_INVALIDATED,2.336966523890661,-0.007022541516762182,0.13164867242151757,0.2523022581052096,-0.0014718584271186108,0.8777493606138406,-0.4271102920902168,0.07762294445912293,-0.004071057426103142,-0.006071057426103142,80.0
2025-10-01 15:00:00+00:00,2025-10-01 15:15:00+00:00,2025-10-01 19:55:00+00:00,XRPUSDT,FAILED_HIGH_CVD_DIVERGENCE,SHORT,-1.0,2.9544,2.8776470499392293,2.957,2.9347,2.9348,2.9587004166666664,2.8776470499392293,2.9587004166666664,BOUNDARY_EXTREME_INVALIDATED,2.095754759074452,0.014562244723164808,0.1897439982010512,0.15290370007349444,-0.0023455824863174435,0.5036496350364879,-0.03464344721868318,0.060803209418041876,-0.00814379741947202,-0.010143797419472021,280.0
2025-10-01 20:00:00+00:00,2025-10-01 20:15:00+00:00,2025-10-02 01:30:00+00:00,XRPUSDT,FAILED_HIGH_CVD_DIVERGENCE,SHORT,-1.0,2.957,2.8983651406614293,2.96,2.9468,2.9455,2.9615916666666666,2.8983651406614293,2.9615916666666666,BOUNDARY_EXTREME_INVALIDATED,2.0102923772775037,0.03771141350131679,1.1371142064142146,0.18848167539267724,-0.0027761790296915168,0.773584905660364,-0.26118715758766264,0.4308562971986775,-0.005463135856957013,-0.007463135856957013,315.0
2025-10-02 00:30:00+00:00,2025-10-02 00:45:00+00:00,2025-10-02 01:30:00+00:00,XRPUSDT,FAILED_HIGH_CVD_DIVERGENCE,SHORT,-1.0,2.96,2.910046391180902,2.9614,2.9424,2.9402,2.9630124999999996,2.910046391180902,2.9630124999999996,BOUNDARY_EXTREME_INVALIDATED,2.3044161731249195,-0.08315862338929292,0.9886831555162898,0.08682170542634703,-0.004199688410214675,0.8794326241134727,-0.14965285307509013,0.19780914326416957,-0.007758825930208824,-0.009758825930208824,45.0
2025-10-02 05:30:00+00:00,2025-10-02 05:45:00+00:00,2025-10-02 11:45:00+00:00,SOLUSDT,FAILED_HIGH_CVD_DIVERGENCE,SHORT,-1.0,224.97,218.29644302937112,226.89,223.67,224.34,227.04312499999997,218.29644302937112,225.48,SIX_HOUR_CAP,1.5644028023474688,0.21035214627099386,0.5393389259071195,1.2538775510204014,-0.0065978833635921275,0.7760416666666765,-0.14444985052696535,1.0579508166791842,-0.00508157261299802,-0.00708157261299802,360.0
2025-10-02 09:00:00+00:00,2025-10-02 09:15:00+00:00,2025-10-02 10:55:00+00:00,XRPUSDT,FAILED_HIGH_CVD_DIVERGENCE,SHORT,-1.0,2.9863,2.942726875646497,2.9896,2.9717,2.9823,2.9911708333333333,2.942726875646497,2.9911708333333333,BOUNDARY_EXTREME_INVALIDATED,1.4957062884947847,0.1475093598685795,1.0638741548651816,0.21007957559680748,-0.0018074103825684862,0.7297297297297459,-0.283356302896446,0.33428770948814135,-0.0029744939588014496,-0.00497449395880145,100.0
2025-10-02 09:30:00+00:00,2025-10-02 09:45:00+00:00,2025-10-02 10:55:00+00:00,XRPUSDT,FAILED_HIGH_CVD_DIVERGENCE,SHORT,-1.0,2.9896,2.9472766723103248,2.9907,2.9803,2.9775,2.992243125,2.9472766723103248,2.992243125,BOUNDARY_EXTREME_INVALIDATED,1.2906585252489287,-0.09142947984421368,1.0035528737306827,0.07128392061564028,-0.0026462115629395377,0.686956521739122,-0.11796097018540797,0.09233007560765019,-0.004951511335012482,-0.006951511335012482,70.0
2025-10-02 13:00:00+00:00,2025-10-02 13:15:00+00:00,2025-10-02 16:05:00+00:00,SOLUSDT,FAILED_HIGH_CVD_DIVERGENCE,SHORT,-1.0,226.89,221.54058858756318,227.34,225.7,225.67,227.48339583333333,221.54058858756318,227.48339583333333,BOUNDARY_EXTREME_INVALIDATED,1.5018200942736792,0.11037995379818666,0.34764172544889743,0.31381664971670564,-0.0064717795192392735,0.8963414634146254,-0.11455325207600386,0.16384220694409998,-0.008035608779781711,-0.010035608779781711,170.0
2025-10-02 16:30:00+00:00,2025-10-02 16:45:00+00:00,2025-10-02 18:55:00+00:00,BTCUSDT,FAILED_HIGH_CVD_DIVERGENCE,SHORT,-1.0,119889.0,118454.17897842734,120291.0,119650.1,119732.5,120332.18604166666,118454.17897842734,120332.18604166666,BOUNDARY_EXTREME_INVALIDATED,5.425362495984146,0.09391801696720559,0.7859581312759456,0.9760588387044522,-0.001912273813602483,0.5693720526185095,-0.26876496107818126,4.162020076962944,-0.0050085485700763765,-0.007008548570076377,130.0
2025-10-02 16:30:00+00:00,2025-10-02 16:45:00+00:00,2025-10-02 17:35:00+00:00,SOLUSDT,FAILED_HIGH_CVD_DIVERGENCE,SHORT,-1.0,227.34,223.01998206717153,229.2,226.68,226.8,229.36235416666665,223.01998206717153,229.36235416666665,BOUNDARY_EXTREME_INVALIDATED,3.4425093288907105,-0.05163771162202213,0.4174631197093909,1.1456435262414908,-0.005088612037199458,0.5296803652968026,-0.2755043997879445,1.6464280081295568,-0.011297857877718753,-0.013297857877718753,50.0
2025-10-02 20:00:00+00:00,2025-10-02 20:15:00+00:00,2025-10-03 02:15:00+00:00,XRPUSDT,FAILED_HIGH_CVD_DIVERGENCE,SHORT,-1.0,3.0766,2.98711432950539,3.099,3.0741,3.0634,3.1008595833333334,2.98711432950539,3.0185,SIX_HOUR_CAP,3.9825815694654225,-0.05368279927647712,0.14896125138976624,1.2045709164239373,-0.00844796892701083,0.9388489208633082,-0.017857627138830545,0.7146120989160503,0.014656917150878135,0.012656917150878135,360.0
2025-10-03 00:00:00+00:00,2025-10-03 00:15:00+00:00,2025-10-03 06:15:00+00:00,SOLUSDT,FAILED_HIGH_CVD_DIVERGENCE,SHORT,-1.0,234.58,226.5429783181225,234.91,233.58,232.84,235.08495833333333,226.5429783181225,231.03,SIX_HOUR_CAP,1.3965905948753425,0.0712717971410175,0.39491291518481586,0.1886163372231393,-0.007544435446059428,0.7468354430379776,-0.2985348350753646,0.10402788216441482,0.007773578422951344,0.005773578422951344,360.0
2025-10-06 13:30:00+00:00,2025-10-06 13:45:00+00:00,2025-10-06 14:00:00+00:00,BTCUSDT,FAILED_HIGH_CVD_DIVERGENCE,SHORT,-1.0,124647.6,123492.91411862648,124898.8,124481.1,124504.1,124938.92375,123492.91411862648,124938.92375,BOUNDARY_EXTREME_INVALIDATED,1.9384471931807863,0.06545163615728167,0.6558978157214613,0.6260631172310593,-0.0023853822621148213,0.5017697623461919,-0.08362340298977389,0.7959912219335024,-0.003492445228711283,-0.005492445228711283,15.0
2025-10-06 17:30:00+00:00,2025-10-06 17:45:00+00:00,2025-10-06 18:55:00+00:00,BTCUSDT,FAILED_HIGH_CVD_DIVERGENCE,SHORT,-1.0,125480.0,124009.85871113995,125789.7,125247.0,125113.4,125833.681875,124009.85871113995,125833.681875,BOUNDARY_EXTREME_INVALIDATED,3.3305869324905126,-0.038032284404519,0.5936271479792748,0.7041536996774187,-0.003796474565690655,0.8062225228271828,-0.10351605820073662,1.3922011663240261,-0.005757032220369718,-0.007757032220369718,70.0
2025-10-06 19:00:00+00:00,2025-10-06 19:15:00+00:00,2025-10-07 01:15:00+00:00,BTCUSDT,FAILED_HIGH_CVD_DIVERGENCE,SHORT,-1.0,125789.7,124186.40377030743,126208.5,125160.2,125599.9,126254.82958333334,124186.40377030743,124850.0,SIX_HOUR_CAP,4.108839225396071,0.2563266669419082,0.3924908527336278,0.9039580541590673,-0.003065417534156678,0.7562169571177088,-0.07318229239586882,1.457796712139526,0.005970546154893341,0.003970546154893341,360.0
2025-10-07 09:00:00+00:00,2025-10-07 09:15:00+00:00,2025-10-07 13:45:00+00:00,XRPUSDT,FAILED_LOW_CVD_DIVERGENCE,LONG,1.0,2.9541,3.0035938771000734,2.9688,2.9531,2.9708,2.95161,3.0035938771000734,2.95161,BOUNDARY_EXTREME_INVALIDATED,1.3108818279034022,-0.042748470012448636,0.29534394175653306,0.06711409395972433,0.0025986298133711117,0.8020833333333748,0.08515366908332567,0.025983960149661638,-0.006459539517974955,-0.008459539517974955,270.0
2025-10-07 13:30:00+00:00,2025-10-07 13:45:00+00:00,2025-10-07 13:50:00+00:00,ETHUSDT,FAILED_HIGH_CVD_DIVERGENCE,SHORT,-1.0,4746.0,4676.258910021427,4754.0,4730.19,4685.71,4756.627104166667,4676.258910021427,4676.258910021427,PRIOR_VALUE_REACHED,3.2034723418923505,0.08365671340899472,0.1629534675877713,0.30451780715458326,-0.01391878952408021,0.7805050743450613,-0.17302930808918326,0.1589634497349151,0.0020170027548808145,1.7002754880814444e-05,5.0
2025-10-09 03:00:00+00:00,2025-10-09 03:15:00+00:00,2025-10-09 08:20:00+00:00,ETHUSDT,FAILED_LOW_CVD_DIVERGENCE,LONG,1.0,4408.69,4482.639157333366,4451.7,4400.0,4429.72,4397.3700625,4482.639157333366,4397.3700625,BOUNDARY_EXTREME_INVALIDATED,3.7360793110218022,-0.21135334456493904,0.5329644939712715,0.3304261032819069,0.004298578929708308,0.8106028217186734,0.17707317547092294,0.6579436702542062,-0.007302930546400299,-0.0093029305464003,305.0
2025-10-09 03:00:00+00:00,2025-10-09 03:15:00+00:00,2025-10-09 06:15:00+00:00,XRPUSDT,FAILED_LOW_CVD_DIVERGENCE,LONG,1.0,2.8284,2.8756106761402767,2.8431,2.823,2.8358,2.8216085416666665,2.8756106761402767,2.8216085416666665,BOUNDARY_EXTREME_INVALIDATED,1.663006800750096,-0.1292550917640931,0.9455532219342166,0.38808204821079767,0.0025099869197864333,0.6454545454545539,0.09147912180340434,0.6102440558041149,-0.005004393234125604,-0.007004393234125604,180.0
2025-10-09 09:00:00+00:00,2025-10-09 09:15:00+00:00,2025-10-09 14:35:00+00:00,ETHUSDT,FAILED_LOW_CVD_DIVERGENCE,LONG,1.0,4331.59,4469.69332074879,4357.97,4316.59,4344.28,4313.8939375,4469.69332074879,4313.8939375,BOUNDARY_EXTREME_INVALIDATED,5.772261217574402,0.025343762726095287,0.21740666806511205,0.5563669239863691,0.004165260525257342,0.7430927835051352,0.16645134722092014,0.6982004748671357,-0.006994499088456507,-0.008994499088456507,320.0
2025-10-09 09:00:00+00:00,2025-10-09 09:15:00+00:00,2025-10-09 15:15:00+00:00,XRPUSDT,FAILED_LOW_CVD_DIVERGENCE,LONG,1.0,2.7902,2.866918719033363,2.8,2.7845,2.7995,2.7831366666666666,2.866918719033363,2.8186,SIX_HOUR_CAP,2.2949372803137957,-0.08547195188894463,0.7100829204262322,0.41809290953545436,0.0047014068331898695,1.0,0.10720740911127069,0.6813224352573225,0.006822646901232243,0.004822646901232243,360.0
2025-10-09 09:00:00+00:00,2025-10-09 09:15:00+00:00,2025-10-09 11:25:00+00:00,BTCUSDT,FAILED_LOW_CVD_DIVERGENCE,LONG,1.0,121136.0,122653.20765591144,121570.9,121081.5,121552.4,121036.581875,122653.20765591144,122653.20765591144,PRIOR_VALUE_REACHED,1.938238006452995,0.09267577921341408,0.5652746026554805,0.12133186770373884,0.002887731596074028,0.8034894398530655,0.169120368789901,0.13293564943493524,0.009056239579896763,0.007056239579896763,130.0
2025-10-12 03:00:00+00:00,2025-10-12 03:15:00+00:00,2025-10-12 09:15:00+00:00,XRPUSDT,FAILED_LOW_CVD_DIVERGENCE,LONG,1.0,2.3131,2.4185498483259398,2.3502,2.3102,2.346,2.3066622916666666,2.4185498483259398,2.3753,SIX_HOUR_CAP,1.6274051473027098,-0.11887934251250021,0.9907506632438952,0.0819739709086598,0.009162472577106673,0.5634920634920685,0.08098753354205646,0.13217095570619122,0.0124893435635125,0.0104893435635125,360.0
2025-10-13 08:00:00+00:00,2025-10-13 08:15:00+00:00,2025-10-13 09:00:00+00:00,XRPUSDT,FAILED_HIGH_CVD_DIVERGENCE,SHORT,-1.0,2.6304,2.4968970782976276,2.6355,2.612,2.6117,2.6384458333333334,2.4968970782976276,2.6384458333333334,BOUNDARY_EXTREME_INVALIDATED,3.0314003276258012,-0.08079242237384465,0.18072548082584378,0.1731258840169767,-0.003053784784517344,0.5063291139240641,-0.08197313456812994,0.09484723746899928,-0.010240775484678055,-0.012240775484678055,45.0
2025-10-13 09:00:00+00:00,2025-10-13 09:15:00+00:00,2025-10-13 15:15:00+00:00,XRPUSDT,FAILED_HIGH_CVD_DIVERGENCE,SHORT,-1.0,2.6355,2.505220163051347,2.6413,2.616,2.6184,2.6442689583333334,2.505220163051347,2.5736,SIX_HOUR_CAP,2.626921331429587,-0.021644211024478444,0.26624565295215963,0.1953547119500471,-0.005129374216345628,0.658536585365851,-0.0485705284103255,0.13663233290513183,0.017109685304002475,0.015109685304002475,360.0
2025-10-13 18:00:00+00:00,2025-10-13 18:15:00+00:00,2025-10-13 19:15:00+00:00,ETHUSDT,FAILED_HIGH_CVD_DIVERGENCE,SHORT,-1.0,4219.43,4133.926878673008,4239.0,4159.41,4204.87,4243.086541666667,4133.926878673008,4243.086541666667,BOUNDARY_EXTREME_INVALIDATED,2.966703005959835,0.09574826784452983,0.6539660834714015,0.47888903616545453,-0.00678618669690112,0.7481770833333528,-0.017287713178165465,0.9291037032532259,-0.009088638095034351,-0.011088638095034352,60.0
2025-10-14 05:00:00+00:00,2025-10-14 05:15:00+00:00,2025-10-14 05:35:00+00:00,BTCUSDT,FAILED_LOW_CVD_DIVERGENCE,LONG,1.0,113160.7,114612.86196313384,113434.2,112718.0,113463.9,112666.49625,114612.86196313384,112666.49625,BOUNDARY_EXTREME_INVALIDATED,3.1228764050438746,0.012552694594488933,0.5639622200732992,0.8595490619615035,0.0039906948675769716,0.619590603104827,0.22582899153500224,1.5138243219482739,-0.007027818980310019,-0.009027818980310019,20.0
2025-10-14 05:00:00+00:00,2025-10-14 05:15:00+00:00,2025-10-14 05:40:00+00:00,XRPUSDT,FAILED_LOW_CVD_DIVERGENCE,LONG,1.0,2.5318,2.5878943732089046,2.5499,2.5165,2.5353,2.5137735416666667,2.5878943732089046,2.5137735416666667,BOUNDARY_EXTREME_INVALIDATED,3.5380465167434827,-0.038110046363634575,0.5791816624608885,0.5611675708718525,0.003959925553399524,0.5649717514124157,0.0181727269128773,1.149928684667258,-0.008490694723832792,-0.010490694723832792,25.0
2025-10-14 11:00:00+00:00,2025-10-14 11:15:00+00:00,2025-10-14 13:40:00+00:00,BTCUSDT,FAILED_LOW_CVD_DIVERGENCE,LONG,1.0,110270.3,113681.0792042959,110654.5,109969.2,111280.0,109910.60666666666,113681.0792042959,109910.60666666666,BOUNDARY_EXTREME_INVALIDATED,2.3893924220327625,0.06062446411755218,0.135879138996886,0.5138809875981442,0.006385774581524339,0.9540602621267588,0.1496903343482745,0.16684101311807714,-0.012305835130601572,-0.014305835130601572,145.0
2025-10-14 14:00:00+00:00,2025-10-14 14:15:00+00:00,2025-10-14 18:15:00+00:00,BTCUSDT,FAILED_LOW_CVD_DIVERGENCE,LONG,1.0,109969.2,113295.44192470882,111313.5,109802.0,111613.6,109743.79229166667,113295.44192470882,113295.44192470882,PRIOR_VALUE_REACHED,4.390578621360805,0.11636006895921613,0.5067538453834927,0.28724717874565114,0.005877719639442391,0.8304048892284396,0.06116264032419383,0.6391084846730843,0.015068431846197994,0.013068431846197994,240.0
2025-10-15 17:30:00+00:00,2025-10-15 17:45:00+00:00,2025-10-15 23:45:00+00:00,ETHUSDT,FAILED_LOW_CVD_DIVERGENCE,LONG,1.0,3957.47,4089.3291382315324,3975.22,3926.81,3966.58,3922.9633125,4089.3291382315324,3986.3,SIX_HOUR_CAP,2.2474313442041955,-0.05474742986509851,0.46768065299497813,0.7970494093944431,0.005312219625812853,0.5720524017467279,0.025399591476570782,0.8377628196533319,0.00497153719324972,0.00297153719324972,360.0
2025-10-15 17:30:00+00:00,2025-10-15 17:45:00+00:00,2025-10-15 23:45:00+00:00,BTCUSDT,FAILED_LOW_CVD_DIVERGENCE,LONG,1.0,110320.4,112206.75116126535,110707.7,110096.9,110664.5,110035.66541666666,112206.75116126535,110886.0,SIX_HOUR_CAP,1.3554750810727054,0.024397406487116857,1.086855451253899,0.36498982737151575,0.0028363909869824067,0.6193114364859589,0.11486168335720781,0.5377050141574439,0.0020015452109756193,1.545210975619285e-06,360.0
2025-10-16 10:00:00+00:00,2025-10-16 10:15:00+00:00,2025-10-16 10:20:00+00:00,XRPUSDT,FAILED_LOW_CVD_DIVERGENCE,LONG,1.0,2.374,2.438779344683558,2.4294,2.35,2.4384,2.347851041666667,2.438779344683558,2.438779344683558,PRIOR_VALUE_REACHED,4.241268623179064,0.007561140175948999,0.415156994789036,1.1168201648085343,0.006771263418662299,0.6406249999999916,0.17564682995749137,1.9664883865412022,0.00015557114647224424,-0.0018444288535277558,5.0
2025-10-16 10:00:00+00:00,2025-10-16 10:15:00+00:00,2025-10-16 12:05:00+00:00,SOLUSDT,FAILED_LOW_CVD_DIVERGENCE,LONG,1.0,191.08,197.58769406751955,194.58,184.77,194.96,184.537125,197.58769406751955,197.58769406751955,PRIOR_VALUE_REACHED,4.957612132305689,-0.09011862124451009,0.12660071846016338,2.7096081588835235,0.006141301543066469,0.6723163841807858,0.013286868142696306,1.7006510345452814,0.01347811893475348,0.01147811893475348,110.0
2025-10-16 21:00:00+00:00,2025-10-16 21:15:00+00:00,2025-10-17 01:10:00+00:00,XRPUSDT,FAILED_LOW_CVD_DIVERGENCE,LONG,1.0,2.296,2.392708843470698,2.3094,2.2826,2.3067,2.280109375,2.392708843470698,2.392708843470698,PRIOR_VALUE_REACHED,1.4024640756534754,-0.05978904672681895,0.5903230327294251,0.5380175658720151,0.0057553956834532904,0.7810650887574297,0.10301498996864034,0.44542842628710516,0.03728653204608223,0.03528653204608223,235.0
2025-10-19 09:30:00+00:00,2025-10-19 09:45:00+00:00,2025-10-19 09:50:00+00:00,XRPUSDT,FAILED_LOW_CVD_DIVERGENCE,LONG,1.0,2.3259,2.355883233188052,2.3316,2.3164,2.3469,2.315107708333333,2.355883233188052,2.355883233188052,PRIOR_VALUE_REACHED,1.2400494481893096,-0.13974019364035373,0.2917577484541347,0.7351281637917172,0.012205641335288675,0.8549848942598218,0.019412117656011363,0.2659649846023394,0.00382770172911151,0.00182770172911151,5.0
2025-10-19 15:30:00+00:00,2025-10-19 15:45:00+00:00,2025-10-19 16:45:00+00:00,BTCUSDT,FAILED_HIGH_CVD_DIVERGENCE,SHORT,-1.0,108483.0,107208.9493462773,108575.6,108331.3,108309.8,108610.11458333334,107208.9493462773,108610.11458333334,BOUNDARY_EXTREME_INVALIDATED,1.1206927611174082,-0.12085973725018107,0.14896078611831978,0.26829238848314624,-0.0010569576589770646,0.6060285563193896,-0.2610173807034658,0.044788536739071814,-0.002772736939162801,-0.004772736939162801,60.0
2025-10-20 07:30:00+00:00,2025-10-20 07:45:00+00:00,2025-10-20 08:35:00+00:00,BTCUSDT,FAILED_HIGH_CVD_DIVERGENCE,SHORT,-1.0,111321.5,108458.3782882354,111350.0,111048.4,111184.4,111401.00833333333,108458.3782882354,111401.00833333333,BOUNDARY_EXTREME_INVALIDATED,1.063349886636947,-0.1731814605811547,0.32462590735128155,0.05587322332952132,-0.0010072194543404578,0.5086206896552122,-0.37068667418377954,0.01928692946401556,-0.001948189973893344,-0.003948189973893344,50.0
2025-10-23 07:00:00+00:00,2025-10-23 07:15:00+00:00,2025-10-23 07:35:00+00:00,SOLUSDT,FAILED_HIGH_CVD_DIVERGENCE,SHORT,-1.0,187.0,182.67477390989094,187.5,185.86,186.55,187.677,182.67477390989094,187.677,BOUNDARY_EXTREME_INVALIDATED,1.299995544391643,0.13493563050532975,0.2034130204755166,0.28248587570621475,-0.004163775156141525,0.7027027027026951,-0.14075401863632775,0.07469944075972251,-0.006041275797373347,-0.008041275797373347,20.0
2025-10-23 07:00:00+00:00,2025-10-23 07:15:00+00:00,2025-10-23 08:20:00+00:00,ETHUSDT,FAILED_HIGH_CVD_DIVERGENCE,SHORT,-1.0,3888.88,3817.324821853139,3896.0,3869.63,3877.78,3899.2628125,3817.324821853139,3899.2628125,BOUNDARY_EXTREME_INVALIDATED,1.3537179120994314,0.021242115251000726,0.24536604136562967,0.21821664591513915,-0.0030850073783093013,0.833912439193892,-0.2575571826706592,0.07248205666581077,-0.0055399771260875585,-0.007539977126087559,65.0
2025-10-23 09:30:00+00:00,2025-10-23 09:45:00+00:00,2025-10-23 10:20:00+00:00,SOLUSDT,FAILED_HIGH_CVD_DIVERGENCE,SHORT,-1.0,188.65,183.0477422631717,188.85,187.38,188.09,189.02925,183.0477422631717,189.02925,BOUNDARY_EXTREME_INVALIDATED,1.1838591828135827,-0.046928737057464254,0.4023208508437316,0.11157601115759479,-0.0021750663129973535,0.5125000000000066,-0.10413272161693865,0.05314267600654933,-0.004993620075495642,-0.006993620075495642,35.0
2025-10-24 14:00:00+00:00,2025-10-24 14:15:00+00:00,2025-10-24 20:15:00+00:00,XRPUSDT,FAILED_HIGH_CVD_DIVERGENCE,SHORT,-1.0,2.5008,2.4261081009209464,2.5136,2.4811,2.4945,2.515066875,2.4261081009209464,2.507,SIX_HOUR_CAP,5.253926775106697,-0.01830630865345617,0.4229615673183822,0.8726033233915623,-0.007203693385337884,0.8116591928251128,-0.08585949570706575,1.9391070488761328,-0.005011024253357421,-0.007011024253357421,360.0
2025-10-24 21:00:00+00:00,2025-10-24 21:15:00+00:00,2025-10-25 00:40:00+00:00,XRPUSDT,FAILED_HIGH_CVD_DIVERGENCE,SHORT,-1.0,2.5136,2.4602773008279737,2.5147,2.4991,2.4975,2.5162245833333334,2.4602773008279737,2.5162245833333334,BOUNDARY_EXTREME_INVALIDATED,1.3746754831254264,0.0855702230524491,0.27632047955364164,0.07215086089096076,-0.006167926780740074,0.9064327485379967,-0.1137058856649823,0.027406575846997145,-0.007497330663997381,-0.009497330663997381,205.0
2025-10-26 12:30:00+00:00,2025-10-26 12:45:00+00:00,2025-10-26 13:30:00+00:00,SOLUSDT,FAILED_HIGH_CVD_DIVERGENCE,SHORT,-1.0,197.84,194.1617839107414,198.31,197.04,196.85,198.39314583333334,194.1617839107414,198.39314583333334,BOUNDARY_EXTREME_INVALIDATED,2.257919851467733,0.008576099272740834,0.38014538160100214,0.5652718616887977,-0.0019772865544515073,0.5200000000000197,-0.09442162296599466,0.48519420817661885,-0.007839196511726376,-0.009839196511726376,45.0
2025-10-27 05:30:00+00:00,2025-10-27 05:45:00+00:00,2025-10-27 06:05:00+00:00,XRPUSDT,FAILED_HIGH_CVD_DIVERGENCE,SHORT,-1.0,2.6699,2.6370707343561417,2.6747,2.6437,2.6509,2.6761852083333335,2.6370707343561417,2.6370707343561417,PRIOR_VALUE_REACHED,2.3058459157564433,0.13622002293446767,0.7967689660898347,0.32318698274652286,-0.004394201156764033,0.8540145985401302,-0.22417840052735694,0.5937676782525383,0.005216819059133959,0.003216819059133959,20.0
2025-10-28 01:00:00+00:00,2025-10-28 01:15:00+00:00,2025-10-28 02:50:00+00:00,BTCUSDT,FAILED_LOW_CVD_DIVERGENCE,LONG,1.0,113792.4,115124.52747118754,114190.1,113710.0,114134.2,113670.56145833334,115124.52747118754,113670.56145833334,BOUNDARY_EXTREME_INVALIDATED,1.080660802955076,-0.1218887065485269,0.10278836599824526,0.2089326747840637,0.0018670751350711168,0.8084378563283633,0.26910151904165214,0.02320810740825528,-0.004062222731369358,-0.006062222731369358,95.0
2025-10-28 06:00:00+00:00,2025-10-28 06:15:00+00:00,2025-10-28 12:15:00+00:00,BTCUSDT,FAILED_LOW_CVD_DIVERGENCE,LONG,1.0,113477.5,114964.90941830585,113914.6,113422.0,113754.7,113381.38979166666,114964.90941830585,114268.0,SIX_HOUR_CAP,1.5261115600393678,-0.13489952609803435,0.3945805566070762,0.13666514474500954,0.0016986345760634514,0.820501914079121,0.2834805399615308,0.08229618987508566,0.004512341028546585,0.0025123410285465848,360.0
2025-10-28 21:30:00+00:00,2025-10-28 21:45:00+00:00,2025-10-29 03:45:00+00:00,ETHUSDT,FAILED_LOW_CVD_DIVERGENCE,LONG,1.0,3957.01,4093.553699095945,3977.52,3925.01,3981.85,3922.1179583333337,4093.553699095945,3997.08,SIX_HOUR_CAP,3.3504755278594507,-0.06520467014699027,0.20077140034994131,1.1064847498163077,0.006096944705537455,0.7496116806461656,0.2584187863134306,0.744309789247953,0.0038248552808368697,0.0018248552808368696,360.0
2025-10-28 21:30:00+00:00,2025-10-28 21:45:00+00:00,2025-10-29 01:30:00+00:00,BTCUSDT,FAILED_LOW_CVD_DIVERGENCE,LONG,1.0,112268.1,114319.83620189223,112744.6,112121.4,113066.4,112073.718125,114319.83620189223,112073.718125,BOUNDARY_EXTREME_INVALIDATED,2.1387628302064994,-0.159114958498754,0.3351688327169886,0.30766407571013377,0.0035182391053518725,0.821043910521963,0.26738354582166846,0.2205479593088011,-0.008779636346429975,-0.010779636346429975,225.0
2025-10-30 16:00:00+00:00,2025-10-30 16:15:00+00:00,2025-10-30 17:25:00+00:00,BTCUSDT,FAILED_LOW_CVD_DIVERGENCE,LONG,1.0,107350.0,109988.50203586796,107830.0,107254.1,108039.8,107184.50125,109988.50203586796,107184.50125,BOUNDARY_EXTREME_INVALIDATED,2.6966123110197096,-0.0812026802343514,0.6074391239094318,0.13778983099551953,0.003429908842254914,0.5858185279187917,0.2328994928838588,0.22570357644644584,-0.007916515487811027,-0.009916515487811027,70.0
2025-10-30 20:00:00+00:00,2025-10-30 20:15:00+00:00,2025-10-31 02:15:00+00:00,XRPUSDT,FAILED_LOW_CVD_DIVERGENCE,LONG,1.0,2.4033,2.521645105120549,2.4232,2.3765,2.4077,2.374111875,2.521645105120549,2.4632,SIX_HOUR_CAP,4.073784418881741,-0.0580610452822663,0.1534788477428008,1.1222193143156312,0.009856555658082522,0.7275541795665779,0.07959462280550555,0.7016561106925436,0.023051044565352674,0.021051044565352672,360.0
2025-11-01 14:30:00+00:00,2025-11-01 14:45:00+00:00,2025-11-01 16:10:00+00:00,SOLUSDT,FAILED_LOW_CVD_DIVERGENCE,LONG,1.0,184.22,186.73484504488542,185.5,183.58,185.05,183.46991666666668,186.73484504488542,186.73484504488542,PRIOR_VALUE_REACHED,1.8356426305019313,-0.17693753808591606,0.613654915053467,0.5813777441332193,0.00483275412684625,0.6641791044776213,0.23005529126218605,0.6548936124690953,0.009104809753501142,0.007104809753501142,85.0
2025-11-02 05:00:00+00:00,2025-11-02 05:15:00+00:00,2025-11-02 07:55:00+00:00,BTCUSDT,FAILED_HIGH_CVD_DIVERGENCE,SHORT,-1.0,110487.0,110075.39065563113,110799.7,110062.4,110470.0,110821.566875,110075.39065563113,110821.566875,BOUNDARY_EXTREME_INVALIDATED,1.7874451115347179,0.2099520495238918,0.8369692000257482,1.4300168634063959,-0.0013993245637506924,0.5797752808988873,-0.15040397187477428,2.1393574305519083,-0.003182464696297682,-0.005182464696297682,160.0
2025-11-02 05:00:00+00:00,2025-11-02 05:15:00+00:00,2025-11-02 09:45:00+00:00,ETHUSDT,FAILED_HIGH_CVD_DIVERGENCE,SHORT,-1.0,3907.61,3874.12967581108,3915.98,3881.57,3900.14,3917.1702291666666,3874.12967581108,3874.12967581108,PRIOR_VALUE_REACHED,1.6254923568174968,0.18409831175644253,0.48026136664717783,0.7032259193782613,-0.0018120300367012732,0.6232394366197049,-0.2028768565466571,0.5489811765626682,0.006669074491920779,0.004669074491920779,270.0
2025-11-03 09:00:00+00:00,2025-11-03 09:15:00+00:00,2025-11-03 11:00:00+00:00,BTCUSDT,FAILED_LOW_CVD_DIVERGENCE,LONG,1.0,106946.7,109228.89579093378,107558.0,106925.7,107759.3,106884.69979166666,109228.89579093378,106884.69979166666,BOUNDARY_EXTREME_INVALIDATED,1.7436925296415355,-0.02788451784934265,0.17817065746236987,0.05121925193469544,0.001960045932765331,0.540928919681818,0.16437842233682898,0.015912533126041167,-0.008116238768564266,-0.010116238768564266,105.0
2025-11-03 11:00:00+00:00,2025-11-03 11:15:00+00:00,2025-11-03 15:30:00+00:00,BTCUSDT,FAILED_LOW_CVD_DIVERGENCE,LONG,1.0,106925.7,108977.31600285185,107541.1,106618.7,107484.9,106575.20854166667,108977.31600285185,106575.20854166667,BOUNDARY_EXTREME_INVALIDATED,1.9394086935604207,-0.4689131089212527,0.12111399991175069,0.7058857342677439,0.005226979406318444,0.8925263494091293,0.09044179873676583,0.1658051784787687,-0.008463434941404113,-0.010463434941404113,255.0
2025-11-04 06:00:00+00:00,2025-11-04 06:15:00+00:00,2025-11-04 07:25:00+00:00,XRPUSDT,FAILED_LOW_CVD_DIVERGENCE,LONG,1.0,2.2616,2.354691148985231,2.3031,2.2443,2.2869,2.24169125,2.354691148985231,2.24169125,BOUNDARY_EXTREME_INVALIDATED,5.84054231668547,-0.04723098335519216,0.1403619512311312,0.6631528509822747,0.016671112296612556,0.9689922480620189,0.00787941267131198,0.5436460198812019,-0.019768573177664117,-0.02176857317766412,70.0
2025-11-04 08:30:00+00:00,2025-11-04 08:45:00+00:00,2025-11-04 09:30:00+00:00,BTCUSDT,FAILED_LOW_CVD_DIVERGENCE,LONG,1.0,104125.3,106397.23055495971,104500.0,103700.2,104403.4,103627.00833333333,106397.23055495971,103627.00833333333,BOUNDARY_EXTREME_INVALIDATED,3.7780400368634646,-0.1552243394957401,0.20895387936587156,0.5808038255721357,0.0022646218830248976,0.5465708989805351,0.11040149620732786,0.4585075197617902,-0.007436459604444501,-0.009436459604444501,45.0
2025-11-04 08:30:00+00:00,2025-11-04 08:45:00+00:00,2025-11-04 14:45:00+00:00,ETHUSDT,FAILED_LOW_CVD_DIVERGENCE,LONG,1.0,3470.58,3614.670165023173,3497.04,3460.0,3505.27,3456.1200208333335,3614.670165023173,3524.75,SIX_HOUR_CAP,3.017491946196284,-0.056874331307937176,0.4592992981922118,0.2726818765135105,0.004562454325304222,0.6540673788003277,0.17747228836757922,0.377918520261866,0.005557346509684091,0.0035573465096840912,360.0
2025-11-04 11:00:00+00:00,2025-11-04 11:15:00+00:00,2025-11-04 14:35:00+00:00,BTCUSDT,FAILED_LOW_CVD_DIVERGENCE,LONG,1.0,103600.0,106092.84439671988,104096.1,103550.0,104156.2,103477.96520833333,106092.84439671988,103477.96520833333,BOUNDARY_EXTREME_INVALIDATED,1.8547482477638833,-0.089237363708916,0.29387289297157415,0.06941090387457446,0.0035572855945349424,0.7599835323178157,0.08462398623964273,0.037833123459740006,-0.0065117082964495365,-0.008511708296449537,200.0
2025-11-04 22:00:00+00:00,2025-11-04 22:15:00+00:00,2025-11-05 04:15:00+00:00,SOLUSDT,FAILED_LOW_CVD_DIVERGENCE,LONG,1.0,148.11,159.19475786054383,151.14,145.67,152.85,145.42206249999998,159.19475786054383,156.61,SIX_HOUR_CAP,6.546869605682903,-0.04716660849310916,0.688767533609611,0.9841189815981953,0.011447856008470092,0.5945017182130556,0.1281996677214814,4.437659411769001,0.024599280340202867,0.022599280340202865,360.0
2025-11-04 22:00:00+00:00,2025-11-04 22:15:00+00:00,2025-11-05 04:15:00+00:00,ETHUSDT,FAILED_LOW_CVD_DIVERGENCE,LONG,1.0,3122.67,3431.7325868821513,3215.34,3055.0,3266.29,3050.356125,3431.7325868821513,3326.3,SIX_HOUR_CAP,9.520414147396956,0.019466224472520333,0.16901894406127066,1.4571882318107208,0.016339015116155986,0.7086369770580274,0.1255522086039329,2.344805803959861,0.01837252662807054,0.01637252662807054,360.0
2025-11-06 03:00:00+00:00,2025-11-06 03:15:00+00:00,2025-11-06 09:15:00+00:00,XRPUSDT,FAILED_HIGH_CVD_DIVERGENCE,SHORT,-1.0,2.376,2.280319518679309,2.416,2.3316,2.3625,2.418462708333333,2.280319518679309,2.3134,SIX_HOUR_CAP,4.1845588459314325,0.12118710152748235,0.19725093725157558,1.624228068691314,-0.009600067074704621,0.7411003236245983,-0.19517298763485802,1.34065109241278,0.02078306878306868,0.01878306878306868,360.0
2025-11-07 11:30:00+00:00,2025-11-07 11:45:00+00:00,2025-11-07 12:35:00+00:00,XRPUSDT,FAILED_LOW_CVD_DIVERGENCE,LONG,1.0,2.1756,2.2317561687860765,2.184,2.1627,2.181,2.160763125,2.2317561687860765,2.160763125,BOUNDARY_EXTREME_INVALIDATED,2.766187303010072,-0.012445890529584891,0.42438873505181907,0.666021297192649,0.0032660195961176086,0.5071428571428404,0.18906604018474948,0.7818681960729047,-0.009278713892709844,-0.011278713892709845,50.0
2025-11-07 22:30:00+00:00,2025-11-07 22:45:00+00:00,2025-11-08 04:45:00+00:00,BTCUSDT,FAILED_HIGH_CVD_DIVERGENCE,SHORT,-1.0,103849.9,101246.27489743075,104070.7,103590.7,103668.8,104132.89854166667,101246.27489743075,102721.1,SIX_HOUR_CAP,1.9207355934697308,0.21319623652992425,0.7545235650631987,0.3549922459328885,-0.002134938098345751,0.9535683576956034,-0.26023040656917573,0.5144690574663436,0.009141612519871,0.007141612519871001,360.0
2025-11-08 03:30:00+00:00,2025-11-08 03:45:00+00:00,2025-11-08 09:45:00+00:00,SOLUSDT,FAILED_HIGH_CVD_DIVERGENCE,SHORT,-1.0,164.4,157.3493592974642,164.82,163.28,163.2,164.98999999999998,157.3493592974642,161.86,SIX_HOUR_CAP,1.0136679772666235,0.049505949760367374,0.21142810319387362,0.24705882352940478,-0.0033587786259542396,0.5000000000000129,-0.060954837353459856,0.05294912766751508,0.00821078431372535,0.00621078431372535,360.0
2025-11-09 16:00:00+00:00,2025-11-09 16:15:00+00:00,2025-11-09 19:30:00+00:00,XRPUSDT,FAILED_HIGH_CVD_DIVERGENCE,SHORT,-1.0,2.3267,2.275380497664232,2.3327,2.306,2.3019,2.3341775,2.275380497664232,2.3341775,BOUNDARY_EXTREME_INVALIDATED,1.8946062019703191,0.03389344411984774,0.8908537964780836,0.4060913705583609,-0.004928024899494288,0.7755102040816413,-0.009955388141370758,0.6854079707029931,-0.014022112168208922,-0.016022112168208924,195.0
2025-11-10 01:30:00+00:00,2025-11-10 01:45:00+00:00,2025-11-10 07:45:00+00:00,BTCUSDT,FAILED_HIGH_CVD_DIVERGENCE,SHORT,-1.0,106484.8,103659.99021698945,106666.0,105944.9,105773.2,106715.07583333334,103659.99021698945,106291.8,SIX_HOUR_CAP,3.0005358425197897,-0.16773932887040366,0.12121168607828975,0.3692244994990687,-0.0023325677581222948,0.5949001683906567,-0.13381173428241577,0.1342869536468953,-0.004902943278637828,-0.006902943278637828,360.0
2025-11-10 14:00:00+00:00,2025-11-10 14:15:00+00:00,2025-11-10 14:55:00+00:00,SOLUSDT,FAILED_HIGH_CVD_DIVERGENCE,SHORT,-1.0,169.72,165.23836870229042,170.4,169.02,167.95,170.54995833333334,165.23836870229042,165.23836870229042,PRIOR_VALUE_REACHED,1.3226978182059628,0.11952764340627997,0.5599320036673489,0.4534592942484066,-0.009903908506750048,0.9600000000000039,-0.1367783477254807,0.3358414032281823,0.016145467685082293,0.014145467685082293,40.0
2025-11-11 01:30:00+00:00,2025-11-11 01:45:00+00:00,2025-11-11 02:05:00+00:00,BTCUSDT,FAILED_HIGH_CVD_DIVERGENCE,SHORT,-1.0,106666.0,105798.1798876713,107473.7,106001.3,106362.6,107521.95666666667,105798.1798876713,105798.1798876713,PRIOR_VALUE_REACHED,4.095141189719193,0.16878957751098111,0.7036544835671789,1.673758375354004,-0.0035524977094258947,0.6346443514644303,-0.038828876643093424,4.823042647351153,0.005306565581592593,0.0033065655815925927,20.0
2025-11-11 03:30:00+00:00,2025-11-11 03:45:00+00:00,2025-11-11 04:50:00+00:00,SOLUSDT,FAILED_HIGH_CVD_DIVERGENCE,SHORT,-1.0,170.96,167.51797878026164,171.87,169.98,169.51,172.02410416666666,167.51797878026164,167.51797878026164,PRIOR_VALUE_REACHED,1.504251089741783,0.06110991626999018,0.6410567721052287,0.5905096660808411,-0.007320215507144567,0.8802816901408528,-0.2147477857096608,0.5694345816109204,0.011751644267231076,0.009751644267231076,65.0
2025-11-11 16:30:00+00:00,2025-11-11 16:45:00+00:00,2025-11-11 17:40:00+00:00,ETHUSDT,FAILED_LOW_CVD_DIVERGENCE,LONG,1.0,3466.0,3553.0177992760896,3494.0,3463.42,3486.87,3460.6455,3553.0177992760896,3460.6455,BOUNDARY_EXTREME_INVALIDATED,1.8591501818428848,0.04933735614775747,0.3715682733569768,0.09298972787889465,0.0038144644491913127,0.5272582570632687,0.0014397976202447094,0.06423741774319415,-0.007520928511817182,-0.009520928511817182,55.0
2025-11-13 06:30:00+00:00,2025-11-13 06:45:00+00:00,2025-11-13 10:20:00+00:00,XRPUSDT,FAILED_HIGH_CVD_DIVERGENCE,SHORT,-1.0,2.5111,2.4010862628987337,2.5179,2.4892,2.5035,2.520238125,2.4010862628987337,2.520238125,BOUNDARY_EXTREME_INVALIDATED,1.6867361759731683,0.10616470023703806,0.14921896993987388,0.29083132852179144,-0.005007750089424112,0.6268656716417812,-0.09394068049839166,0.07320021967283584,-0.006685889754344032,-0.008685889754344032,215.0
2025-11-14 21:00:00+00:00,2025-11-14 21:15:00+00:00,2025-11-14 23:10:00+00:00,BTCUSDT,FAILED_LOW_CVD_DIVERGENCE,LONG,1.0,94500.0,97040.64578234799,95054.6,94150.2,94851.2,94065.33395833333,97040.64578234799,94065.33395833333,BOUNDARY_EXTREME_INVALIDATED,3.706097857863975,-0.13124862679619664,0.11898969614968961,0.41217899778327405,0.005454934776110143,0.6649437911874732,0.1646391283248061,0.18176576847683412,-0.008285251442961883,-0.010285251442961883,115.0
2025-11-15 22:00:00+00:00,2025-11-15 22:15:00+00:00,2025-11-16 00:25:00+00:00,XRPUSDT,FAILED_LOW_CVD_DIVERGENCE,LONG,1.0,2.2235,2.2621885068605154,2.2473,2.2095,2.2337,2.20776125,2.2621885068605154,2.20776125,BOUNDARY_EXTREME_INVALIDATED,2.268459450342176,-0.07764751409011872,0.6258644176139224,0.8051761322789487,0.0036394680086266895,0.6428571428571278,0.0038222579190518857,1.1431472459392769,-0.011612459148497956,-0.013612459148497956,130.0
2025-11-16 00:30:00+00:00,2025-11-16 00:45:00+00:00,2025-11-16 01:40:00+00:00,XRPUSDT,FAILED_LOW_CVD_DIVERGENCE,LONG,1.0,2.2095,2.258952477302606,2.237,2.2014,2.2205,2.1997795833333336,2.258952477302606,2.1997795833333336,BOUNDARY_EXTREME_INVALIDATED,2.024460907142539,0.002429662182187098,0.8120386185339576,0.49987143224477876,0.0073492718776935195,0.8852459016393447,0.13602537835543216,0.8217588614241438,-0.00933141934999615,-0.01133141934999615,55.0
2025-11-16 18:00:00+00:00,2025-11-16 18:15:00+00:00,2025-11-16 20:10:00+00:00,XRPUSDT,FAILED_LOW_CVD_DIVERGENCE,LONG,1.0,2.16,2.2263638099214766,2.1799,2.1542,2.2179,2.1524614583333332,2.2263638099214766,2.2263638099214766,PRIOR_VALUE_REACHED,1.360977938694533,-0.06320200890883965,0.3676829928264145,0.3336129418813809,0.01991170790030372,0.7326565143824093,0.06935789957896255,0.16694273236778287,0.003816136850839369,0.0018161368508393689,115.0
2025-11-17 12:00:00+00:00,2025-11-17 12:15:00+00:00,2025-11-17 13:50:00+00:00,ETHUSDT,FAILED_HIGH_CVD_DIVERGENCE,SHORT,-1.0,3216.34,3117.8471835128166,3223.22,3193.6,3190.33,3226.2934166666664,3117.8471835128166,3117.8471835128166,PRIOR_VALUE_REACHED,1.4360636840675154,0.01821309510063318,0.7941101687874926,0.22385510154278876,-0.003821930512057592,0.6747519294377246,-0.14716546469065506,0.2552827403443089,0.022719535749337272,0.02071953574933727,95.0
2025-11-17 15:00:00+00:00,2025-11-17 15:15:00+00:00,2025-11-17 15:20:00+00:00,SOLUSDT,FAILED_HIGH_CVD_DIVERGENCE,SHORT,-1.0,142.74,138.41310626161342,143.3,137.05,138.7,143.451875,138.41310626161342,138.41310626161342,PRIOR_VALUE_REACHED,6.915810944329345,0.025146468618553408,0.9473421871925655,0.36872427983539224,-0.009922192876008373,0.5791666666666715,-0.06378975211808202,2.4157485439198743,0.002068448005670964,6.844800567096417e-05,5.0
2025-11-18 17:00:00+00:00,2025-11-18 17:15:00+00:00,2025-11-18 23:15:00+00:00,ETHUSDT,FAILED_HIGH_CVD_DIVERGENCE,SHORT,-1.0,3159.98,3033.769225335574,3167.89,3144.48,3139.08,3171.596125,3033.769225335574,3110.99,SIX_HOUR_CAP,1.669398366764578,-0.03852853545052559,0.15575190039071662,0.21343046983034453,-0.0037418236867912125,0.5558698727015532,-0.07409148796535803,0.0554944765200836,0.008948481720759016,0.006948481720759016,360.0
2025-11-19 16:00:00+00:00,2025-11-19 16:15:00+00:00,2025-11-19 16:20:00+00:00,BTCUSDT,FAILED_LOW_CVD_DIVERGENCE,LONG,1.0,89966.0,91971.93057233209,91209.7,89822.0,90088.6,89764.83958333333,91971.93057233209,89764.83958333333,BOUNDARY_EXTREME_INVALIDATED,4.215292269726494,-0.12747904839203572,0.6293026933665247,0.25192258628858855,0.0020867398582886665,0.5414141414141582,0.08503623129866011,0.668273729275767,-0.0035938000664531566,-0.005593800066453157,5.0
2025-11-21 03:00:00+00:00,2025-11-21 03:15:00+00:00,2025-11-21 07:20:00+00:00,ETHUSDT,FAILED_LOW_CVD_DIVERGENCE,LONG,1.0,2788.01,2919.692922753939,2847.11,2768.86,2809.57,2765.5750000000003,2919.692922753939,2765.5750000000003,BOUNDARY_EXTREME_INVALIDATED,3.643746493395041,-0.284994154522742,0.1258892249237984,0.5829528158295305,0.010055363819384544,0.6726791726791727,0.013299250833622267,0.2674053661751833,-0.01565897984389064,-0.017658979843890643,245.0
2025-11-23 03:00:00+00:00,2025-11-23 03:15:00+00:00,2025-11-23 04:20:00+00:00,ETHUSDT,FAILED_HIGH_CVD_DIVERGENCE,SHORT,-1.0,2823.9,2747.535008204694,2833.0,2816.01,2812.69,2834.889041666667,2747.535008204694,2834.889041666667,BOUNDARY_EXTREME_INVALIDATED,1.07279765292914,0.06541681944306887,0.4273502625553614,0.48172574277080055,-0.0024896177266456876,0.5157972079353355,-0.05237457454035688,0.22085215680069636,-0.00789245941311223,-0.00989245941311223,65.0
2025-11-23 04:30:00+00:00,2025-11-23 04:45:00+00:00,2025-11-23 10:45:00+00:00,ETHUSDT,FAILED_HIGH_CVD_DIVERGENCE,SHORT,-1.0,2833.0,2752.7091487997213,2850.94,2818.26,2820.5,2852.8350833333334,2752.7091487997213,2809.44,SIX_HOUR_CAP,1.5667146847513869,0.05244658417880621,0.3814106204498106,0.9466602172287968,-0.00232748984818254,0.6586586586586658,-0.1549077522373743,0.5656878129767755,0.003921290551320622,0.001921290551320622,360.0
2025-11-23 22:30:00+00:00,2025-11-23 22:45:00+00:00,2025-11-24 00:10:00+00:00,BTCUSDT,FAILED_HIGH_CVD_DIVERGENCE,SHORT,-1.0,87950.0,86352.6541243439,88100.0,87511.6,87714.8,88145.105,86352.6541243439,86352.6541243439,PRIOR_VALUE_REACHED,1.1429715971273642,0.09364712970459932,0.671355516147243,0.33255736614566134,-0.0017276189132161557,0.6072000000000116,-0.11648207706108826,0.2551846646262331,0.015529259322897615,0.013529259322897615,85.0
2025-11-24 02:30:00+00:00,2025-11-24 02:45:00+00:00,2025-11-24 04:25:00+00:00,SOLUSDT,FAILED_HIGH_CVD_DIVERGENCE,SHORT,-1.0,133.5,130.90863851331594,134.33,131.33,132.91,134.44370833333335,130.90863851331594,130.90863851331594,PRIOR_VALUE_REACHED,2.590723885682222,0.08042759912560049,0.6585304248453159,0.7299377061194677,-0.0038225153650126575,0.5,-0.12826921815438808,1.2453251880475367,0.015058020364788649,0.013058020364788649,100.0
2025-11-24 02:30:00+00:00,2025-11-24 02:45:00+00:00,2025-11-24 04:15:00+00:00,ETHUSDT,FAILED_HIGH_CVD_DIVERGENCE,SHORT,-1.0,2857.0,2813.9319634060416,2865.3,2802.65,2840.14,2867.3752708333336,2813.9319634060416,2867.3752708333336,BOUNDARY_EXTREME_INVALIDATED,3.404492741321913,0.11760692617615964,0.7035386446214185,0.3999477979781843,-0.004406336430972657,0.5779310344827662,-0.17008844150338742,0.9579518496652911,-0.009589411378781998,-0.011589411378781998,90.0
2025-11-24 05:30:00+00:00,2025-11-24 05:45:00+00:00,2025-11-24 09:10:00+00:00,ETHUSDT,FAILED_HIGH_CVD_DIVERGENCE,SHORT,-1.0,2869.99,2818.5418682541363,2884.8,2821.28,2868.73,2887.1501875000004,2818.5418682541363,2818.5418682541363,PRIOR_VALUE_REACHED,2.910801417741101,0.1472204937905084,0.2253870378487552,0.6301624870356256,-0.0027878682541061517,0.5034526051475244,-0.09211807587817766,0.41342245360808855,0.017494895562100266,0.015494895562100265,205.0
2025-11-24 15:00:00+00:00,2025-11-24 15:15:00+00:00,2025-11-24 16:05:00+00:00,BTCUSDT,FAILED_LOW_CVD_DIVERGENCE,LONG,1.0,85654.1,86852.58204591228,86634.1,85226.4,86496.0,85170.01208333332,86852.58204591228,86852.58204591228,PRIOR_VALUE_REACHED,4.387197287009354,-0.08662294298810469,0.3319938907182122,0.7584958361351261,0.00427387640938659,0.5574738755111377,0.1316229140090106,1.104766400654903,0.004122526427953632,0.002122526427953632,50.0
2025-11-26 18:30:00+00:00,2025-11-26 18:45:00+00:00,2025-11-26 21:35:00+00:00,BTCUSDT,FAILED_HIGH_CVD_DIVERGENCE,SHORT,-1.0,89927.6,87461.993947572,90362.7,89630.3,89680.0,90411.92333333332,87461.993947572,90411.92333333332,BOUNDARY_EXTREME_INVALIDATED,3.639707777030884,0.03872021635024736,0.2533922176375384,0.8839303853185966,-0.006833006633664485,0.9415534869525366,-0.19986214638018596,0.8152256808696312,-0.008161500148676781,-0.010161500148676781,170.0
2025-11-28 09:30:00+00:00,2025-11-28 09:45:00+00:00,2025-11-28 11:20:00+00:00,XRPUSDT,FAILED_HIGH_CVD_DIVERGENCE,SHORT,-1.0,2.2444,2.200481530606911,2.2491,2.2337,2.228,2.2503975,2.200481530606911,2.200481530606911,PRIOR_VALUE_REACHED,2.508274617330985,-0.17839822569520336,1.025354040440066,0.36223506743735695,-0.005001786352268556,0.7320261437908333,-0.18435158208372526,0.9316213266314527,0.01235119811179941,0.01035119811179941,95.0
2025-11-28 14:30:00+00:00,2025-11-28 14:45:00+00:00,2025-11-28 16:10:00+00:00,SOLUSDT,FAILED_HIGH_CVD_DIVERGENCE,SHORT,-1.0,143.36,140.99378043021179,143.49,141.91,142.18,143.57885416666667,140.99378043021179,140.99378043021179,PRIOR_VALUE_REACHED,1.9289299358981429,0.017929271245585188,0.5066467102415997,0.14630715123094465,-0.00788500453562202,0.7483443708609286,-0.17651237289012678,0.14298393152098565,0.008343083202899337,0.006343083202899337,85.0
2025-12-03 02:30:00+00:00,2025-12-03 02:45:00+00:00,2025-12-03 04:30:00+00:00,ETHUSDT,FAILED_HIGH_CVD_DIVERGENCE,SHORT,-1.0,3034.94,2929.1847472462637,3048.0,3012.42,3028.85,3050.1323958333332,2929.1847472462637,3050.1323958333332,BOUNDARY_EXTREME_INVALIDATED,3.5332511277379828,0.21410353782882074,0.6544631858161418,0.6124566459870037,-0.003749691637200958,0.9421487603305931,-0.23207380314659187,1.4162342074020724,-0.0070265598604530854,-0.009026559860453085,105.0
2025-12-03 03:30:00+00:00,2025-12-03 03:45:00+00:00,2025-12-03 04:30:00+00:00,BTCUSDT,FAILED_HIGH_CVD_DIVERGENCE,SHORT,-1.0,93020.0,89965.79172599838,93068.9,92545.6,92683.9,93126.42125,89965.79172599838,93126.42125,BOUNDARY_EXTREME_INVALIDATED,1.6257703988177428,0.07798956885608832,0.6688313111470249,0.08501206076014371,-0.0012230946125645348,0.6066274719401673,-0.03969336223229292,0.09243923699684282,-0.004774521249105934,-0.006774521249105934,45.0
2025-12-03 06:30:00+00:00,2025-12-03 06:45:00+00:00,2025-12-03 12:45:00+00:00,ETHUSDT,FAILED_HIGH_CVD_DIVERGENCE,SHORT,-1.0,3069.46,2953.0075893540575,3084.34,3053.0,3062.15,3086.6181666666666,2953.0075893540575,3077.02,SIX_HOUR_CAP,2.9137519168197565,0.14904867394090004,0.5070398181217228,0.6531567781110587,-0.006485753405101602,0.8159183673469299,-0.25334845407064155,0.9649661441352144,-0.004856065182959668,-0.006856065182959668,360.0
2025-12-03 06:30:00+00:00,2025-12-03 06:45:00+00:00,2025-12-03 12:45:00+00:00,BTCUSDT,FAILED_HIGH_CVD_DIVERGENCE,SHORT,-1.0,93632.5,90439.98642410291,93932.7,93522.8,93267.8,93992.44374999999,90439.98642410291,92806.9,SIX_HOUR_CAP,2.815487361587678,0.03708946613666386,0.4662966715916368,0.5024793388429698,-0.006625845804500763,0.9015942028985381,-0.3610487886540601,0.6596811987230717,0.004941684053875073,0.0029416840538750728,360.0
2025-12-04 15:00:00+00:00,2025-12-04 15:15:00+00:00,2025-12-04 18:45:00+00:00,XRPUSDT,FAILED_LOW_CVD_DIVERGENCE,LONG,1.0,2.1241,2.174752821274465,2.1376,2.1133,2.1328,2.111976666666667,2.174752821274465,2.111976666666667,BOUNDARY_EXTREME_INVALIDATED,3.3375096032860956,-0.18107299370185992,0.10305894155742147,0.8161209068009839,0.006655024307358204,0.844311377245501,0.04182161183748123,0.2807131161646666,-0.00976337834458596,-0.01176337834458596,210.0
2025-12-05 10:30:00+00:00,2025-12-05 10:45:00+00:00,2025-12-05 13:45:00+00:00,SOLUSDT,FAILED_LOW_CVD_DIVERGENCE,LONG,1.0,136.22,140.36565508176128,137.89,136.05,137.84,135.94516666666667,140.36565508176128,135.94516666666667,BOUNDARY_EXTREME_INVALIDATED,2.7421443688042855,0.2526253042949631,0.23328930765076308,0.16216216216215054,0.0021811836556639985,0.6382978723404512,0.12103147016921101,0.10373723696379643,-0.01374661443219194,-0.01574661443219194,180.0
2025-12-05 15:00:00+00:00,2025-12-05 15:15:00+00:00,2025-12-05 16:10:00+00:00,BTCUSDT,FAILED_LOW_CVD_DIVERGENCE,LONG,1.0,90195.3,91844.72280009284,90665.9,89863.0,90994.6,89817.64875,91844.72280009284,89817.64875,BOUNDARY_EXTREME_INVALIDATED,4.660067978296434,-0.005383495444832076,0.37859549775904194,0.7327251178302775,0.008295104492165972,0.6242494996664507,0.17789697859914777,1.2927328247042398,-0.012934297749536916,-0.014934297749536916,55.0
2025-12-06 23:30:00+00:00,2025-12-06 23:45:00+00:00,2025-12-07 02:20:00+00:00,SOLUSDT,FAILED_LOW_CVD_DIVERGENCE,LONG,1.0,131.67,132.8631536530643,132.16,131.22,131.86,131.1596875,132.8631536530643,132.8631536530643,PRIOR_VALUE_REACHED,1.2783587527945437,-0.27521567351818776,0.5449599000552008,0.7461139896372893,0.0029664562257549765,0.7358490566037998,0.20166086413998308,0.5197834879517772,0.007607717678327575,0.005607717678327575,155.0
2025-12-07 18:30:00+00:00,2025-12-07 18:45:00+00:00,2025-12-07 23:00:00+00:00,ETHUSDT,FAILED_HIGH_CVD_DIVERGENCE,SHORT,-1.0,3135.39,3018.5816396771297,3150.0,3111.46,3132.07,3151.883375,3018.5816396771297,3018.5816396771297,PRIOR_VALUE_REACHED,2.789172386495642,0.04896921318589498,0.10555253801555761,0.7757350501095188,-0.003328528287717236,0.510492923377253,-0.19608909322962986,0.22837967573443851,0.03623429882565543,0.03423429882565543,255.0
2025-12-07 19:00:00+00:00,2025-12-07 19:15:00+00:00,2025-12-07 21:00:00+00:00,SOLUSDT,FAILED_HIGH_CVD_DIVERGENCE,SHORT,-1.0,136.14,131.66774855048996,136.22,135.51,135.38,136.307,131.66774855048996,136.307,BOUNDARY_EXTREME_INVALIDATED,1.5872479042989456,-0.03018300442664279,0.23710018475285316,0.0919540229885203,-0.004192717910996624,0.5757575757575801,-0.09776199342211123,0.034605680124866076,-0.0068473925247451994,-0.0088473925247452,105.0
2025-12-16 16:00:00+00:00,2025-12-16 16:15:00+00:00,2025-12-16 22:15:00+00:00,SOLUSDT,FAILED_HIGH_CVD_DIVERGENCE,SHORT,-1.0,129.87,126.62271734954672,130.1,127.59,128.78,130.21824999999998,126.62271734954672,128.33,SIX_HOUR_CAP,3.5259622594146265,0.060899543290270586,1.038170313961786,0.19450317124734823,-0.00701673220757193,0.73983739837397,-0.11032406591405963,0.711988456279878,0.003494331417921992,0.001494331417921992,360.0
2025-12-17 15:30:00+00:00,2025-12-17 15:45:00+00:00,2025-12-17 15:50:00+00:00,SOLUSDT,FAILED_HIGH_CVD_DIVERGENCE,SHORT,-1.0,132.62,128.50431417409453,133.96,130.82,129.01,134.06489583333334,128.50431417409453,128.50431417409453,PRIOR_VALUE_REACHED,11.362885996939626,-0.0641503725260808,0.19834069194297957,1.2774577954319795,-0.019606353066342508,0.8190476190476216,-0.11475733381199038,2.879035594941287,0.003919741306142588,0.0019197413061425878,5.0
2025-12-18 17:30:00+00:00,2025-12-18 17:45:00+00:00,2025-12-18 19:20:00+00:00,SOLUSDT,FAILED_LOW_CVD_DIVERGENCE,LONG,1.0,121.24,124.60183864155594,126.86,120.47,122.97,120.35679166666667,124.60183864155594,120.35679166666667,BOUNDARY_EXTREME_INVALIDATED,15.265223311495431,-0.0508843138526055,0.5951295946806074,0.6801619433198353,0.008033445364374225,0.5505617977528109,0.07517637388583953,6.179125810644962,-0.021250779322870117,-0.02325077932287012,95.0
2025-12-18 20:00:00+00:00,2025-12-18 20:15:00+00:00,2025-12-19 02:15:00+00:00,ETHUSDT,FAILED_LOW_CVD_DIVERGENCE,LONG,1.0,2793.1,2886.8056563595637,2829.33,2772.97,2803.62,2770.5129374999997,2886.8056563595637,2817.69,SIX_HOUR_CAP,4.9380920510828625,-0.09460998563751444,0.8214709481476395,0.8192709790654542,0.00835131635735853,0.669164265129672,0.15302316566134966,3.3233720377715006,0.005018511781197166,0.0030185117811971657,360.0
2025-12-19 21:00:00+00:00,2025-12-19 21:15:00+00:00,2025-12-20 03:15:00+00:00,XRPUSDT,FAILED_HIGH_CVD_DIVERGENCE,SHORT,-1.0,1.9175,1.8502444338434294,1.9214,1.9025,1.9064,1.9229102083333334,1.8502444338434294,1.8948,SIX_HOUR_CAP,3.524018372984879,-0.11928657477711713,0.2946334328243737,0.25824251620913347,-0.0014665828619316867,0.5185185185184956,-0.04776876925494877,0.26813155972197733,0.00608476710029382,0.00408476710029382,360.0
2025-12-21 10:00:00+00:00,2025-12-21 10:15:00+00:00,2025-12-21 13:20:00+00:00,BTCUSDT,FAILED_HIGH_CVD_DIVERGENCE,SHORT,-1.0,88791.1,88190.11655775775,89050.0,88596.7,88758.0,89066.74916666666,88190.11655775775,88190.11655775775,PRIOR_VALUE_REACHED,1.8118082607804389,0.11307881252570628,0.49184990579541144,1.5457485447037005,-0.0012377908808569593,0.5316578057032533,-0.14895732144369833,1.3774748375059584,0.006398109942115093,0.004398109942115093,185.0
2025-12-22 20:30:00+00:00,2025-12-22 20:45:00+00:00,2025-12-23 00:40:00+00:00,ETHUSDT,FAILED_LOW_CVD_DIVERGENCE,LONG,1.0,2966.0,3029.2251166093392,2985.58,2961.0,2977.83,2958.9631458333333,3029.2251166093392,3029.2251166093392,PRIOR_VALUE_REACHED,2.795891071608755,0.061753978783627206,0.4796394437901988,0.2454765825568427,0.00198187042807052,0.574634146341451,0.1452586565352476,0.3291889179967647,0.017259251404324383,0.015259251404324383,235.0
2025-12-23 03:30:00+00:00,2025-12-23 03:45:00+00:00,2025-12-23 05:35:00+00:00,BTCUSDT,FAILED_LOW_CVD_DIVERGENCE,LONG,1.0,87872.6,89274.39370709933,88244.6,87738.3,88290.8,87697.06791666667,89274.39370709933,87697.06791666667,BOUNDARY_EXTREME_INVALIDATED,2.391076050968929,-0.1083617298942875,0.20575740763255781,0.3257172307163806,0.0011895325669977197,0.5014340344168747,0.2908535503342953,0.16024688747476062,-0.006724733305546349,-0.008724733305546349,110.0
2025-12-24 03:30:00+00:00,2025-12-24 03:45:00+00:00,2025-12-24 05:50:00+00:00,XRPUSDT,FAILED_LOW_CVD_DIVERGENCE,LONG,1.0,1.8493,1.8815444467017628,1.8555,1.8438,1.8588,1.8428233333333335,1.8815444467017628,1.8428233333333335,BOUNDARY_EXTREME_INVALIDATED,1.4170155784594902,-0.10999492502678065,0.4565094035080467,0.5631399317405982,0.0024267917812650364,0.8823529411764809,0.33829033035246603,0.3642844864159794,-0.008595150993472411,-0.010595150993472411,125.0
2025-12-26 03:00:00+00:00,2025-12-26 03:15:00+00:00,2025-12-26 07:25:00+00:00,BTCUSDT,FAILED_HIGH_CVD_DIVERGENCE,SHORT,-1.0,89296.1,87871.53363276493,89432.0,88994.1,89002.2,89459.19520833333,87871.53363276493,89459.19520833333,BOUNDARY_EXTREME_INVALIDATED,5.758908475056814,-0.10534261541956924,0.3396386255238444,0.4997203857909811,-0.0016780367866942036,0.555720653789002,-0.26035954408081097,0.9774269687074464,-0.005134650697772969,-0.007134650697772969,250.0
2025-12-27 22:30:00+00:00,2025-12-27 22:45:00+00:00,2025-12-27 23:55:00+00:00,BTCUSDT,FAILED_HIGH_CVD_DIVERGENCE,SHORT,-1.0,87669.7,87449.17640503045,87937.0,87585.2,87536.6,87947.48395833334,87449.17640503045,87947.48395833334,BOUNDARY_EXTREME_INVALIDATED,2.1587866634362998,0.1140840615004779,0.6984350286737104,2.549609522484782,-0.0012265514735161354,0.6268221574344023,-0.2540790797932536,3.8442304230507647,-0.0046938532948883616,-0.006693853294888362,70.0
2025-12-27 22:30:00+00:00,2025-12-27 22:45:00+00:00,2025-12-27 23:50:00+00:00,ETHUSDT,FAILED_HIGH_CVD_DIVERGENCE,SHORT,-1.0,2939.82,2927.401959398292,2952.97,2929.0,2930.68,2953.524125,2927.401959398292,2953.524125,BOUNDARY_EXTREME_INVALIDATED,2.401544560939035,0.1004040471400045,0.6185129140341614,2.373110760207485,-0.002868215208005287,0.7915492957746685,-0.13781708922966351,3.524986269900438,-0.0077948206559570465,-0.009794820655957047,65.0
2025-12-27 22:30:00+00:00,2025-12-27 22:45:00+00:00,2025-12-27 23:50:00+00:00,SOLUSDT,FAILED_HIGH_CVD_DIVERGENCE,SHORT,-1.0,124.53,123.04721171686657,124.93,124.09,123.82,124.96972916666667,123.04721171686657,124.96972916666667,BOUNDARY_EXTREME_INVALIDATED,2.80237456269606,-0.1619733406683509,0.6210172023772875,1.0068169900367192,-0.0030595813204509215,0.6333333333333554,-0.26096414709624316,1.7521865742016267,-0.009285488343294013,-0.011285488343294013,65.0
2025-12-28 00:00:00+00:00,2025-12-28 00:15:00+00:00,2025-12-28 06:15:00+00:00,SOLUSDT,FAILED_HIGH_CVD_DIVERGENCE,SHORT,-1.0,124.93,123.2395857700106,125.04,124.22,124.46,125.08114583333334,123.2395857700106,123.93,SIX_HOUR_CAP,1.5812256321284992,0.018375972177061772,0.5963315779641026,0.267341772151897,-0.0017645171639397716,0.5000000000000323,-0.22176163836874208,0.25208585412623735,0.0042583962718945045,0.0022583962718945045,360.0
2025-12-29 01:00:00+00:00,2025-12-29 01:15:00+00:00,2025-12-29 01:40:00+00:00,SOLUSDT,FAILED_HIGH_CVD_DIVERGENCE,SHORT,-1.0,126.8,124.38193847756979,128.22,126.52,126.5,128.26829166666667,124.38193847756979,128.26829166666667,BOUNDARY_EXTREME_INVALIDATED,6.530296442944177,0.027935144145349255,0.2676211211604164,2.9404659188956024,-0.0037016618098763,0.5465116279069758,-0.13385030671674636,5.138891312324945,-0.013978590250329326,-0.015978590250329328,25.0
2025-12-29 14:30:00+00:00,2025-12-29 14:45:00+00:00,2025-12-29 20:45:00+00:00,SOLUSDT,FAILED_LOW_CVD_DIVERGENCE,LONG,1.0,122.75,126.18160131519049,123.2,122.15,123.92,122.06758333333335,126.18160131519049,122.94,SIX_HOUR_CAP,4.385267822204248,-0.09324430246149029,0.6536854171235821,0.7280080889787606,0.0069066384984155516,0.5448717948718045,0.028658770819932178,2.0868975231551583,-0.00790832795351848,-0.00990832795351848,360.0
2025-12-30 15:00:00+00:00,2025-12-30 15:15:00+00:00,2025-12-30 15:55:00+00:00,BTCUSDT,FAILED_HIGH_CVD_DIVERGENCE,SHORT,-1.0,88383.3,87590.94547849488,88976.3,87840.0,88308.3,89005.38541666667,87590.94547849488,89005.38541666667,BOUNDARY_EXTREME_INVALIDATED,10.911667975887475,0.046102019855224885,0.6456363064406463,2.0388224339230714,-0.005889802603806005,0.5931300306087673,-0.07378653905488752,14.363440861961612,-0.007893770083521767,-0.009893770083521767,40.0
2025-12-30 15:00:00+00:00,2025-12-30 15:15:00+00:00,2025-12-30 19:10:00+00:00,ETHUSDT,FAILED_HIGH_CVD_DIVERGENCE,SHORT,-1.0,3003.0,2950.9032832670005,3008.67,2956.79,2974.4,3010.1046458333335,2950.9032832670005,2950.9032832670005,PRIOR_VALUE_REACHED,9.738073268970702,0.07795272708915335,0.5332108378815781,0.39521949377750604,-0.006947759923344288,0.6408992916538276,-0.030201729539899413,2.0521559614370193,0.007899649251277396,0.005899649251277396,235.0
2025-12-30 15:00:00+00:00,2025-12-30 15:15:00+00:00,2025-12-30 16:20:00+00:00,SOLUSDT,FAILED_HIGH_CVD_DIVERGENCE,SHORT,-1.0,125.1,123.71879629409622,125.31,123.79,124.19,125.36875,123.71879629409622,125.36875,BOUNDARY_EXTREME_INVALIDATED,5.344695628976535,0.011389091824046238,0.49118362710620195,0.3574468085106518,-0.006321011361817952,0.632000000000005,-0.06869063293281052,0.9383790073397207,-0.009491504952089613,-0.011491504952089613,65.0
2025-12-30 16:00:00+00:00,2025-12-30 16:15:00+00:00,2025-12-30 16:20:00+00:00,XRPUSDT,FAILED_HIGH_CVD_DIVERGENCE,SHORT,-1.0,1.8762,1.8586646700257172,1.8786,1.8688,1.8729,1.8792820833333335,1.8586646700257172,1.8792820833333335,BOUNDARY_EXTREME_INVALIDATED,2.061853898316017,-0.05948416313565674,0.9019556412239895,0.3518631643249772,-0.0020780051150894874,0.6190476190476241,-0.27833502988451664,0.6543601923398175,-0.003407594283375115,-0.005407594283375115,5.0
2025-12-30 16:30:00+00:00,2025-12-30 16:45:00+00:00,2025-12-30 20:55:00+00:00,BTCUSDT,FAILED_HIGH_CVD_DIVERGENCE,SHORT,-1.0,89126.0,87863.31742880997,89355.0,88737.9,88667.3,89385.779375,87863.31742880997,87863.31742880997,PRIOR_VALUE_REACHED,8.056956674421706,-0.08127688418574242,0.8536668479428019,0.7440047109468586,-0.005604091199658989,0.824995872544163,-0.23249994945201324,5.117232267038401,0.009067407840207542,0.007067407840207542,250.0
2025-12-30 16:30:00+00:00,2025-12-30 16:45:00+00:00,2025-12-30 17:15:00+00:00,XRPUSDT,FAILED_HIGH_CVD_DIVERGENCE,SHORT,-1.0,1.8786,1.8590464929450177,1.8811,1.8724,1.8713,1.881776875,1.8590464929450177,1.881776875,BOUNDARY_EXTREME_INVALIDATED,2.2972788362971,-0.11330709182181431,1.049261713448587,0.36934441366573423,-0.003832845355336789,0.9000000000000111,-0.27523291960683416,0.8902850334412603,-0.005598714797199866,-0.007598714797199866,30.0
2025-12-30 17:30:00+00:00,2025-12-30 17:45:00+00:00,2025-12-30 23:45:00+00:00,XRPUSDT,FAILED_HIGH_CVD_DIVERGENCE,SHORT,-1.0,1.8811,1.8601054083644393,1.8824,1.8768,1.8765,1.8830841666666667,1.8601054083644393,1.8765,SIX_HOUR_CAP,2.718643185839985,0.06571858969470279,1.020554985479451,0.19001218026797675,-0.0029224229543038938,0.5670103092783314,-0.4958628022524162,0.5271935172955264,-0.0,-0.002,360.0
2025-12-31 14:30:00+00:00,2025-12-31 14:45:00+00:00,2025-12-31 15:15:00+00:00,SOLUSDT,FAILED_HIGH_CVD_DIVERGENCE,SHORT,-1.0,126.82,125.21338676946394,127.4,126.2,125.83,127.46279166666667,125.21338676946394,125.21338676946394,PRIOR_VALUE_REACHED,3.446286191152885,0.04821810434204332,0.6359834633932516,0.9236894492369149,-0.0050604886534355575,0.8648648648648716,-0.20104203188061942,2.0245250103183587,0.0049003674047211065,0.0029003674047211065,30.0
2025-12-31 21:00:00+00:00,2025-12-31 21:15:00+00:00,2026-01-01 03:15:00+00:00,BTCUSDT,FAILED_LOW_CVD_DIVERGENCE,LONG,1.0,87350.5,88259.54661707686,87683.6,87189.2,87714.0,87164.90541666666,88259.54661707686,87962.4,SIX_HOUR_CAP,3.8192341963360867,-0.13547495570065426,0.6669497183359062,0.6639340044934653,0.0009699985164728364,0.6352765321375049,0.10520253246667188,1.6911973756720646,0.0028319310486353277,0.0008319310486353277,360.0
2026-01-01 18:00:00+00:00,2026-01-01 18:15:00+00:00,2026-01-01 22:10:00+00:00,BTCUSDT,FAILED_HIGH_CVD_DIVERGENCE,SHORT,-1.0,88240.0,87760.68656066591,88475.8,88217.5,88135.0,88492.04520833334,87760.68656066591,88492.04520833334,BOUNDARY_EXTREME_INVALIDATED,3.6220233418373864,0.06500497624722157,0.3559465373767004,1.4515049309411825,-0.0016583334654863835,0.7089588377723689,-0.1718601790688874,1.8713478940953943,-0.004051117130916548,-0.006051117130916548,235.0
2026-01-01 20:30:00+00:00,2026-01-01 20:45:00+00:00,2026-01-01 23:00:00+00:00,SOLUSDT,FAILED_HIGH_CVD_DIVERGENCE,SHORT,-1.0,125.75,124.76506042384169,125.92,125.54,125.36,125.96345833333334,124.76506042384169,125.96345833333334,BOUNDARY_EXTREME_INVALIDATED,1.0162434315892142,0.006770683193856986,0.6978165896872861,0.3911792905081535,-0.002149168192310702,0.9642857142856962,-0.2281873440554646,0.27740539069536774,-0.004813802914273468,-0.0068138029142734684,135.0
2026-01-02 00:00:00+00:00,2026-01-02 00:15:00+00:00,2026-01-02 03:15:00+00:00,BTCUSDT,FAILED_HIGH_CVD_DIVERGENCE,SHORT,-1.0,88756.0,88015.53513198823,88881.4,88687.2,88599.9,88897.27958333332,88015.53513198823,88897.27958333332,BOUNDARY_EXTREME_INVALIDATED,2.0356732055602595,-0.03351468719996742,0.6857485373835193,0.7896932644118072,-0.0022533783783784678,0.6764705882353071,-0.13837394417033044,1.1023801488218088,-0.003356432494092232,-0.005356432494092232,180.0
2026-01-02 04:00:00+00:00,2026-01-02 04:15:00+00:00,2026-01-02 08:40:00+00:00,BTCUSDT,FAILED_HIGH_CVD_DIVERGENCE,SHORT,-1.0,88948.2,88234.77882676462,89088.0,88805.4,88767.0,89105.57875,88234.77882676462,89105.57875,BOUNDARY_EXTREME_INVALIDATED,5.133689638867889,0.09534365546313928,0.5791084500241614,0.7952783901016947,-0.0014882006944937354,0.6963157894736995,-0.3793640370183209,2.364333267973287,-0.0038142412157671224,-0.005814241215767122,265.0
2026-01-02 04:00:00+00:00,2026-01-02 04:15:00+00:00,2026-01-02 09:50:00+00:00,XRPUSDT,FAILED_HIGH_CVD_DIVERGENCE,SHORT,-1.0,1.8839,1.8601976031192022,1.8921,1.8807,1.8835,1.8927118749999998,1.8601976031192022,1.8927118749999998,BOUNDARY_EXTREME_INVALIDATED,3.2100691668168952,0.20803889976472978,0.23253801920302786,1.3401430030643497,-0.002489143099248081,0.6911764705882656,-0.22343190886425635,1.0003673347598405,-0.00489082824528797,-0.00689082824528797,335.0
2026-01-02 04:00:00+00:00,2026-01-02 04:15:00+00:00,2026-01-02 09:10:00+00:00,SOLUSDT,FAILED_HIGH_CVD_DIVERGENCE,SHORT,-1.0,127.6,125.5079606596675,127.99,127.13,127.27,128.0368125,125.5079606596675,128.0368125,BOUNDARY_EXTREME_INVALIDATED,2.270662824060458,0.026995409288824934,0.12145247811328205,0.8331108144192285,-0.0018822053172300457,0.5217391304348095,-0.18784679176096475,0.2297533233801235,-0.00602508446609562,-0.00802508446609562,295.0
2026-01-04 05:30:00+00:00,2026-01-04 05:45:00+00:00,2026-01-04 07:10:00+00:00,XRPUSDT,FAILED_HIGH_CVD_DIVERGENCE,SHORT,-1.0,2.0683,2.0184811730629093,2.0744,2.0542,2.0619,2.075464583333333,2.0184811730629093,2.075464583333333,BOUNDARY_EXTREME_INVALIDATED,2.874154336864751,0.026721037327799957,0.7969926986499574,0.5729941291585113,-0.0031907179115299167,0.6804123711339886,-0.12827665900665597,1.3125462039708773,-0.006578681475014836,-0.008578681475014836,85.0
2026-01-04 10:00:00+00:00,2026-01-04 10:15:00+00:00,2026-01-04 10:50:00+00:00,XRPUSDT,FAILED_HIGH_CVD_DIVERGENCE,SHORT,-1.0,2.0843,2.035160211990067,2.0891,2.0662,2.0812,2.09017,2.035160211990067,2.09017,BOUNDARY_EXTREME_INVALIDATED,2.785643447799686,0.10018988754966185,0.8716669752477445,0.4485981308411539,-0.0019661439601017516,0.6507936507936877,-0.15192990278792196,1.0892650758560416,-0.004310013453776795,-0.006310013453776795,35.0
2026-01-04 11:00:00+00:00,2026-01-04 11:15:00+00:00,2026-01-04 11:55:00+00:00,XRPUSDT,FAILED_HIGH_CVD_DIVERGENCE,SHORT,-1.0,2.0891,2.0387376461948037,2.0912,2.0788,2.0847,2.0922808333333336,2.0387376461948037,2.0922808333333336,BOUNDARY_EXTREME_INVALIDATED,2.1953226381716293,0.04060059771383728,0.8866781902533494,0.19429452582883447,-0.0024881573281018143,0.7761194029850638,-0.3135765626655801,0.37820298023648913,-0.0036364145120801883,-0.005636414512080188,40.0
2026-01-04 15:30:00+00:00,2026-01-04 15:45:00+00:00,2026-01-04 16:10:00+00:00,SOLUSDT,FAILED_HIGH_CVD_DIVERGENCE,SHORT,-1.0,135.0,133.65108804490512,135.32,134.82,134.63,135.37939583333332,133.65108804490512,135.37939583333332,BOUNDARY_EXTREME_INVALIDATED,1.8335511648466642,0.11669082561656907,0.2653821167894839,0.5387583304103699,-0.004068649208462838,0.8870967741936009,-0.09308755442688821,0.26215532615591314,-0.005566336131124672,-0.007566336131124672,25.0
2026-01-05 16:30:00+00:00,2026-01-05 16:45:00+00:00,2026-01-05 18:00:00+00:00,BTCUSDT,FAILED_HIGH_CVD_DIVERGENCE,SHORT,-1.0,93998.9,92619.61971464292,94044.6,93620.4,93670.3,94078.29041666667,92619.61971464292,94078.29041666667,BOUNDARY_EXTREME_INVALIDATED,4.837900715634094,-0.15133001751346242,0.4363082706874749,0.13564688276837894,-0.001163368500971318,0.5369094488188624,-0.10243380753581066,0.286325623383531,-0.004355600619050826,-0.006355600619050826,75.0
2026-01-05 20:30:00+00:00,2026-01-05 20:45:00+00:00,2026-01-06 02:45:00+00:00,SOLUSDT,FAILED_HIGH_CVD_DIVERGENCE,SHORT,-1.0,138.78,135.44854999980282,139.83,138.02,138.41,139.93087500000001,135.44854999980282,137.53,SIX_HOUR_CAP,3.662645101679797,0.16785630397008866,0.20382274842903966,1.0408921933085604,-0.008879341210168312,0.9117647058823505,-0.09264832948121304,0.7770576562099333,0.006357922115454051,0.004357922115454051,360.0
2026-01-07 19:30:00+00:00,2026-01-07 19:45:00+00:00,2026-01-08 01:45:00+00:00,SOLUSDT,FAILED_LOW_CVD_DIVERGENCE,LONG,1.0,134.55,138.1509015945291,135.48,134.33,135.47,134.23014583333335,138.1509015945291,136.88,SIX_HOUR_CAP,1.6756693493226733,-0.07689090735646587,0.2579085745810244,0.22032130189860058,0.004076489771716707,0.7236842105263124,0.2042088359206249,0.09521614541637467,0.010408208459437462,0.008408208459437462,360.0
2026-01-07 19:30:00+00:00,2026-01-07 19:45:00+00:00,2026-01-08 01:45:00+00:00,BTCUSDT,FAILED_LOW_CVD_DIVERGENCE,LONG,1.0,90700.0,92208.84935664287,91070.4,90634.1,91057.5,90592.23270833334,92208.84935664287,91321.1,SIX_HOUR_CAP,2.797299298393192,0.17371057312972238,0.1726360652592731,0.15740210884589256,0.0020336140557064564,0.6683544303797574,0.305301843911582,0.07601179913412445,0.0028948741180023774,0.0008948741180023773,360.0
2026-01-08 07:30:00+00:00,2026-01-08 07:45:00+00:00,2026-01-08 12:40:00+00:00,ETHUSDT,FAILED_LOW_CVD_DIVERGENCE,LONG,1.0,3103.0,3175.2202696975764,3121.0,3086.26,3128.83,3084.2945833333333,3175.2202696975764,3084.2945833333333,BOUNDARY_EXTREME_INVALIDATED,5.536611599662098,-0.0026850387715586788,0.5430559924060608,0.8517277930888144,0.0028333424145590147,0.565941101152382,0.061648627012730106,2.5608815291849703,-0.014233888279857498,-0.0162338882798575,295.0
2026-01-08 07:30:00+00:00,2026-01-08 07:45:00+00:00,2026-01-08 13:45:00+00:00,BTCUSDT,FAILED_LOW_CVD_DIVERGENCE,LONG,1.0,89828.4,91381.2342450254,90242.5,89588.1,90405.1,89548.08875000001,91381.2342450254,89990.6,SIX_HOUR_CAP,5.441258178742338,0.03251881849457128,0.5766823460655917,0.600581086569373,0.0019483693212736242,0.6669195751138419,0.1458774301803598,1.8845498977296526,-0.004584918328722654,-0.006584918328722654,360.0
2026-01-08 07:30:00+00:00,2026-01-08 07:45:00+00:00,2026-01-08 13:45:00+00:00,SOLUSDT,FAILED_LOW_CVD_DIVERGENCE,LONG,1.0,134.33,136.83520508877783,135.75,133.6,135.7,133.50066666666666,136.83520508877783,134.08,SIX_HOUR_CAP,3.7636454572293894,-0.007560693286224218,0.6705792169977021,0.7348993288590773,0.0018456995201181492,0.6250000000000355,0.10615507401063495,1.8547554053850073,-0.011938098747236392,-0.013938098747236392,360.0
2026-01-08 15:00:00+00:00,2026-01-08 15:15:00+00:00,2026-01-08 15:55:00+00:00,SOLUSDT,FAILED_LOW_CVD_DIVERGENCE,LONG,1.0,133.36,135.86036762700098,134.42,132.5,135.0,132.40064583333333,135.86036762700098,135.86036762700098,PRIOR_VALUE_REACHED,6.352769687495194,-0.07729110877579215,0.9023131772338073,0.8655902704969728,0.007913991339405735,0.5549738219895309,0.07740864661716662,4.961725989171038,0.00637309353334059,0.00437309353334059,40.0
2026-01-09 15:30:00+00:00,2026-01-09 15:45:00+00:00,2026-01-09 16:20:00+00:00,BTCUSDT,FAILED_HIGH_CVD_DIVERGENCE,SHORT,-1.0,91600.0,90667.25411056161,91700.0,89800.0,91199.8,91739.11791666667,90667.25411056161,91739.11791666667,BOUNDARY_EXTREME_INVALIDATED,7.3720552124651695,0.09584177270451977,0.72766985027204,0.2556373358328979,-0.004822040621245471,0.5204334000706526,-0.08082020199277662,1.3713466282888442,-0.0059135866160524575,-0.007913586616052458,35.0
2026-01-11 15:00:00+00:00,2026-01-11 15:15:00+00:00,2026-01-11 15:50:00+00:00,BTCUSDT,FAILED_HIGH_CVD_DIVERGENCE,SHORT,-1.0,90980.0,90659.81457040037,91143.1,90907.4,90869.3,91153.11479166667,90659.81457040037,90659.81457040037,PRIOR_VALUE_REACHED,1.0541142897383762,0.1515474573828317,0.47427661299713747,1.6285910424164867,-0.002255291535409931,0.7383177570093326,-0.1960615948881791,0.8142006640027791,0.002305348776755589,0.0003053487767555891,35.0
2026-01-11 15:30:00+00:00,2026-01-11 15:45:00+00:00,2026-01-11 16:30:00+00:00,SOLUSDT,FAILED_HIGH_CVD_DIVERGENCE,SHORT,-1.0,139.41,136.6796731763314,139.5,138.29,138.13,139.54035416666667,136.6796731763314,139.54035416666667,BOUNDARY_EXTREME_INVALIDATED,3.5474017922736736,-0.11261958772386904,0.36339185739064406,0.22302529685080863,-0.004396713276632602,0.7261904761904895,-0.2531311918084782,0.28750122463638633,-0.010210339293901916,-0.012210339293901916,45.0
2026-01-12 03:30:00+00:00,2026-01-12 03:45:00+00:00,2026-01-12 08:40:00+00:00,ETHUSDT,FAILED_HIGH_CVD_DIVERGENCE,SHORT,-1.0,3167.0,3121.0973481795477,3170.88,3151.01,3154.85,3172.051854166667,3121.0973481795477,3121.0973481795477,PRIOR_VALUE_REACHED,2.5215744635038106,-0.07717466146073648,0.4531314466873981,0.331099219541691,-0.002459977929761048,0.7210379981464529,-0.25836410826489653,0.37831551930828416,0.01069865502970102,0.00869865502970102,295.0
2026-01-12 03:30:00+00:00,2026-01-12 03:45:00+00:00,2026-01-12 08:40:00+00:00,BTCUSDT,FAILED_HIGH_CVD_DIVERGENCE,SHORT,-1.0,92379.5,91059.76179981444,92488.0,92105.0,91950.1,92511.06645833333,91059.76179981444,91059.76179981444,PRIOR_VALUE_REACHED,2.4701116188919108,-0.08834389774492057,0.20140729664667215,0.47037997091736644,-0.004275276707213838,0.7522865853658273,-0.33462070792279863,0.23401333164377308,0.009682841021223076,0.007682841021223076,295.0
2026-01-12 14:30:00+00:00,2026-01-12 14:45:00+00:00,2026-01-12 15:25:00+00:00,BTCUSDT,FAILED_LOW_CVD_DIVERGENCE,LONG,1.0,90175.3,91204.86982432548,90628.6,90066.0,90761.3,90032.23895833333,91204.86982432548,91204.86982432548,PRIOR_VALUE_REACHED,2.94499279113797,-0.19097959807054632,0.14142003494649055,0.3237459349718999,0.0057578702528875425,0.6198258380054921,0.06458032504327482,0.134834025381765,0.0048872132100958865,0.0028872132100958865,40.0
2026-01-13 17:00:00+00:00,2026-01-13 17:15:00+00:00,2026-01-13 19:35:00+00:00,XRPUSDT,FAILED_HIGH_CVD_DIVERGENCE,SHORT,-1.0,2.1079,2.07012189337125,2.1139,2.0925,2.0932,2.1151058333333332,2.07012189337125,2.1151058333333332,BOUNDARY_EXTREME_INVALIDATED,4.03487003726981,0.15915232106082322,0.19870534303949158,0.4975812024879243,-0.005085793051000542,0.6045197740112939,-0.24066540224746125,0.398935845964309,-0.010465236639276343,-0.012465236639276343,140.0
2026-01-16 16:00:00+00:00,2026-01-16 16:15:00+00:00,2026-01-16 17:30:00+00:00,SOLUSDT,FAILED_LOW_CVD_DIVERGENCE,LONG,1.0,140.77,142.55677160366457,142.18,140.17,141.34,140.09768749999998,142.55677160366457,142.55677160366457,PRIOR_VALUE_REACHED,5.317230244033068,-0.18065128139520292,0.5487978846773783,0.8297320656871524,0.00469149843616723,0.8048780487804624,0.05317406380560419,2.4212284545007035,0.008608826968052652,0.006608826968052652,75.0
2026-01-16 16:00:00+00:00,2026-01-16 16:15:00+00:00,2026-01-16 22:15:00+00:00,ETHUSDT,FAILED_LOW_CVD_DIVERGENCE,LONG,1.0,3266.0,3304.320010491609,3291.85,3251.42,3270.9,3249.8155625,3304.320010491609,3286.51,SIX_HOUR_CAP,8.586598293425398,-0.13062427293090595,0.25065582252980445,0.9087296949865571,0.0024087967049133407,0.5796460176991267,0.010230146108574312,1.9558415275898995,0.004772386804855033,0.0027723868048550333,360.0
2026-01-18 06:00:00+00:00,2026-01-18 06:15:00+00:00,2026-01-18 12:15:00+00:00,XRPUSDT,FAILED_LOW_CVD_DIVERGENCE,LONG,1.0,2.0465,2.065920981772561,2.0562,2.0458,2.0564,2.0451785416666666,2.065920981772561,2.0525,SIX_HOUR_CAP,2.195593465806625,0.004943942969502624,0.5218734218184942,0.11263828360713052,0.0012659460512221,0.6046511627907073,0.03892533483631433,0.1290634093108118,-0.0018965181871229975,-0.0038965181871229975,360.0
2026-01-18 19:00:00+00:00,2026-01-18 19:15:00+00:00,2026-01-18 23:10:00+00:00,ETHUSDT,FAILED_HIGH_CVD_DIVERGENCE,SHORT,-1.0,3366.0,3321.802280938466,3367.98,3354.54,3353.55,3368.8445,3321.802280938466,3321.802280938466,PRIOR_VALUE_REACHED,2.445801663030669,-0.1311154233427123,0.5908429286241854,0.22903412377096824,-0.002118625155102971,0.6267605633802902,-0.2670989647511962,0.3309736891254526,0.009466898976169813,0.007466898976169813,235.0
2026-01-20 14:00:00+00:00,2026-01-20 14:15:00+00:00,2026-01-20 15:10:00+00:00,XRPUSDT,FAILED_LOW_CVD_DIVERGENCE,LONG,1.0,1.9184,1.9693729358526544,1.9287,1.9147,1.9246,1.9134983333333333,1.9693729358526544,1.9134983333333333,BOUNDARY_EXTREME_INVALIDATED,2.4795641067729113,0.06505441614875163,0.8092913187026232,0.3079056865464668,0.0044360941495746875,0.7870370370370428,0.09761482146333478,0.6178711715432844,-0.005768298174512521,-0.007768298174512521,55.0
2026-01-20 22:00:00+00:00,2026-01-20 22:15:00+00:00,2026-01-20 22:35:00+00:00,XRPUSDT,FAILED_LOW_CVD_DIVERGENCE,LONG,1.0,1.8886,1.936528349469613,1.8916,1.883,1.8941,1.881738125,1.936528349469613,1.881738125,BOUNDARY_EXTREME_INVALIDATED,1.9147167040081712,0.09279045505227379,0.591402912775511,0.4437840515106528,0.003177797786134251,0.869565217391289,0.08297651055368127,0.5025273185526351,-0.006526516551396355,-0.008526516551396355,20.0
2026-01-21 22:30:00+00:00,2026-01-21 22:45:00+00:00,2026-01-22 04:45:00+00:00,XRPUSDT,FAILED_HIGH_CVD_DIVERGENCE,SHORT,-1.0,1.9854,1.9183430331154412,1.9889,1.9733,1.9693,1.9906275,1.9183430331154412,1.9513,SIX_HOUR_CAP,2.724252765118052,-0.05169736856526452,0.38035223065305057,0.20260492040520023,-0.004045921205684477,0.7547169811320802,-0.2514136805847479,0.20993427822076413,0.009140303661199445,0.007140303661199445,360.0
2026-01-26 15:30:00+00:00,2026-01-26 15:45:00+00:00,2026-01-26 15:50:00+00:00,BTCUSDT,FAILED_HIGH_CVD_DIVERGENCE,SHORT,-1.0,88728.7,87330.97051637303,88834.1,88000.0,87438.2,88878.23895833334,87330.97051637303,87330.97051637303,PRIOR_VALUE_REACHED,6.150862333953832,-0.029267757896170754,0.7473678595657579,0.23879131719429736,-0.011515225511210092,0.9160071942446095,-0.011084905926142974,1.0977133734192939,0.0012263459635144525,-0.0007736540364855476,5.0
2026-01-27 04:30:00+00:00,2026-01-27 04:45:00+00:00,2026-01-27 09:55:00+00:00,ETHUSDT,FAILED_HIGH_CVD_DIVERGENCE,SHORT,-1.0,2950.0,2907.846910575074,2958.0,2936.7,2941.78,2959.8433125,2907.846910575074,2907.846910575074,PRIOR_VALUE_REACHED,2.2549441781956925,0.30953480951490797,0.16853497214049687,0.4340012884413256,-0.0015070157693585218,0.6706948640482889,-0.3763937519367999,0.1649365278000717,0.011534883446391642,0.009534883446391642,310.0
2026-01-27 11:30:00+00:00,2026-01-27 11:45:00+00:00,2026-01-27 13:25:00+00:00,XRPUSDT,FAILED_LOW_CVD_DIVERGENCE,LONG,1.0,1.8815,1.909128743894157,1.8858,1.8808,1.89,1.8797714583333334,1.909128743894157,1.8797714583333334,BOUNDARY_EXTREME_INVALIDATED,1.0214569392876713,-0.19484476014247143,0.7071847308644067,0.06805752481263178,0.00345102203344827,0.7558139534883714,0.3236822589868671,0.04916194859936873,-0.005411926807760037,-0.007411926807760037,100.0
2026-01-27 14:00:00+00:00,2026-01-27 14:15:00+00:00,2026-01-27 16:15:00+00:00,XRPUSDT,FAILED_LOW_CVD_DIVERGENCE,LONG,1.0,1.8788,1.9082362320394723,1.8839,1.8729,1.888,1.871898125,1.9082362320394723,1.9082362320394723,PRIOR_VALUE_REACHED,1.398720138157467,-0.09770481521045404,0.6807283542156728,0.5888958203368704,0.006450237219467914,0.9379844961240374,0.12037348532323344,0.5607162470539638,0.010718343241246098,0.008718343241246098,120.0
2026-01-27 17:00:00+00:00,2026-01-27 17:15:00+00:00,2026-01-27 17:45:00+00:00,ETHUSDT,FAILED_HIGH_CVD_DIVERGENCE,SHORT,-1.0,2983.0,2926.229906481479,2997.64,2969.57,2958.49,2999.2428541666663,2926.229906481479,2926.229906481479,PRIOR_VALUE_REACHED,4.378180856726059,0.040181664226964786,0.3366622222430161,0.913370679906929,-0.010402764258644281,0.8430468961778388,-0.145340773920431,1.3462792425592653,0.010904242880158788,0.008904242880158788,30.0
2026-01-27 20:30:00+00:00,2026-01-27 20:45:00+00:00,2026-01-27 20:50:00+00:00,XRPUSDT,FAILED_HIGH_CVD_DIVERGENCE,SHORT,-1.0,1.9169,1.8957900044453553,1.9266,1.9049,1.9137,1.927640625,1.8957900044453553,1.927640625,BOUNDARY_EXTREME_INVALIDATED,3.169775632247085,0.17053660427954753,0.6596888128700455,0.9321321321321376,-0.006025035059471273,0.9508196721311529,-0.1215600636931895,1.9491493652222895,-0.0072846449286723125,-0.009284644928672313,5.0
2026-01-27 20:30:00+00:00,2026-01-27 20:45:00+00:00,2026-01-27 20:50:00+00:00,SOLUSDT,FAILED_HIGH_CVD_DIVERGENCE,SHORT,-1.0,126.74,124.57150478162593,127.32,125.67,126.69,127.39179166666666,124.57150478162593,127.39179166666666,BOUNDARY_EXTREME_INVALIDATED,3.9105253238137365,0.21295120283365354,0.2679320345597796,0.8078932095182798,-0.00424428200896021,0.7826086956521856,-0.07212533278914579,0.8464741547533824,-0.005539440103138782,-0.007539440103138782,5.0
2026-01-28 12:00:00+00:00,2026-01-28 12:15:00+00:00,2026-01-28 18:15:00+00:00,ETHUSDT,FAILED_HIGH_CVD_DIVERGENCE,SHORT,-1.0,3038.86,2976.249930206592,3045.0,3014.57,3026.0,3046.9758541666665,2976.249930206592,3016.94,SIX_HOUR_CAP,2.979707988660988,0.11694400068438382,0.8055869745907688,0.31075167912610996,-0.004081095313322791,0.7416267942583673,-0.06805977875373781,0.7459326636178382,0.0029940515532055345,0.0009940515532055345,360.0
2026-01-28 12:00:00+00:00,2026-01-28 12:15:00+00:00,2026-01-28 15:15:00+00:00,SOLUSDT,FAILED_HIGH_CVD_DIVERGENCE,SHORT,-1.0,128.05,125.86433600519231,128.3,127.11,127.57,128.37839583333334,125.86433600519231,125.86433600519231,PRIOR_VALUE_REACHED,2.500180839986262,0.19844351860232678,0.6437789969813132,0.318894499069891,-0.004215127624697668,0.8181818181818534,-0.10000364466795275,0.5132810778968652,0.013370416201361479,0.011370416201361479,180.0
2026-01-28 12:00:00+00:00,2026-01-28 12:15:00+00:00,2026-01-28 15:15:00+00:00,XRPUSDT,FAILED_HIGH_CVD_DIVERGENCE,SHORT,-1.0,1.9364,1.904241739611098,1.9417,1.9222,1.9304,1.9428395833333334,1.904241739611098,1.904241739611098,PRIOR_VALUE_REACHED,1.9813743566892281,0.1256563371695565,0.24110414375356487,0.465082266910428,-0.005307363322512582,0.880341880341894,-0.062148929372388695,0.22217796934039835,0.013550694358113291,0.011550694358113291,180.0
2026-01-28 14:00:00+00:00,2026-01-28 14:15:00+00:00,2026-01-28 17:55:00+00:00,BTCUSDT,FAILED_HIGH_CVD_DIVERGENCE,SHORT,-1.0,90338.2,88787.63827955206,90444.4,90053.7,90102.4,90484.00854166666,88787.63827955206,90484.00854166666,BOUNDARY_EXTREME_INVALIDATED,3.090823179671668,0.026419403075631287,0.1703026078749459,0.2681239841995288,-0.0013045873369682548,0.9138198757764673,-0.09874243481412392,0.1411338286719883,-0.004235276104373131,-0.006235276104373131,220.0
2026-01-29 03:30:00+00:00,2026-01-29 03:45:00+00:00,2026-01-29 04:15:00+00:00,SOLUSDT,FAILED_LOW_CVD_DIVERGENCE,LONG,1.0,123.07,126.15552603198532,123.69,122.65,123.15,122.575,126.15552603198532,122.575,BOUNDARY_EXTREME_INVALIDATED,2.6069974451036453,-0.010122716422727551,0.5600743271799892,0.5599999999999824,0.003013520117282953,0.6491228070175434,0.09285463261086546,0.8176629104147443,-0.004669102720259888,-0.006669102720259888,30.0
2026-01-29 04:30:00+00:00,2026-01-29 04:45:00+00:00,2026-01-29 10:45:00+00:00,SOLUSDT,FAILED_LOW_CVD_DIVERGENCE,LONG,1.0,122.58,125.98626623367208,123.09,122.41,123.2,122.33429166666666,125.98626623367208,123.07,SIX_HOUR_CAP,1.4932210861514434,-0.07759515344099288,0.5843438614269911,0.22454595487066784,0.0026857654431513556,0.9166666666666634,0.25148040089431056,0.1959286003202788,-0.0010551948051948923,-0.0030551948051948923,360.0
2026-01-30 18:30:00+00:00,2026-01-30 18:45:00+00:00,2026-01-30 19:05:00+00:00,ETHUSDT,FAILED_LOW_CVD_DIVERGENCE,LONG,1.0,2673.33,2749.8357800976837,2720.67,2634.63,2713.86,2631.835354166667,2749.8357800976837,2749.8357800976837,PRIOR_VALUE_REACHED,9.792745933438457,-0.16950263682835387,0.7109334181674063,1.3847908575177188,0.014716769489624193,0.7354260089686125,0.1599049181707044,9.64090057254929,0.013256313921014229,0.011256313921014229,20.0
2026-02-01 20:30:00+00:00,2026-02-01 20:45:00+00:00,2026-02-01 21:10:00+00:00,BTCUSDT,FAILED_LOW_CVD_DIVERGENCE,LONG,1.0,76752.5,78127.2686432321,77398.1,76543.7,77384.8,76487.21083333333,78127.2686432321,76487.21083333333,BOUNDARY_EXTREME_INVALIDATED,2.2939121571317416,-0.14676775322728663,0.9637992497217513,0.36962839482497195,0.009511360538094538,0.6927315914489367,0.08276745483161552,0.8172006308728019,-0.011599037106339694,-0.013599037106339694,25.0
2026-02-01 22:00:00+00:00,2026-02-01 22:15:00+00:00,2026-02-01 23:10:00+00:00,BTCUSDT,FAILED_LOW_CVD_DIVERGENCE,LONG,1.0,76425.1,78060.8463022264,77140.2,76307.4,77447.9,76250.7025,78060.8463022264,76250.7025,BOUNDARY_EXTREME_INVALIDATED,2.0243250350368855,-0.13829946792004422,0.8209029699592566,0.20759292737777107,0.01253644314868807,0.7117725653206546,0.0463645000678885,0.3449726192761612,-0.015458101510822053,-0.017458101510822055,55.0
2026-02-01 22:00:00+00:00,2026-02-01 22:15:00+00:00,2026-02-01 23:10:00+00:00,ETHUSDT,FAILED_LOW_CVD_DIVERGENCE,LONG,1.0,2282.06,2374.8468633073608,2318.33,2276.0,2323.39,2273.1030625,2374.8468633073608,2273.1030625,BOUNDARY_EXTREME_INVALIDATED,1.6276879222833645,-0.11654752355455877,0.7793351540213976,0.20918642531984016,0.014944215832743524,0.7049247887904367,0.1657548274371763,0.26535599648682323,-0.02164377805706319,-0.02364377805706319,55.0
2026-02-01 23:30:00+00:00,2026-02-01 23:45:00+00:00,2026-02-02 03:25:00+00:00,SOLUSDT,FAILED_LOW_CVD_DIVERGENCE,LONG,1.0,100.04,103.53781909500697,101.81,97.95,101.57,97.8185625,103.53781909500697,97.8185625,BOUNDARY_EXTREME_INVALIDATED,8.83301985845334,-0.03837682251220753,0.8970040212869623,1.5901093675701403,0.010646766169154054,0.5783783783783765,0.02798947531171403,12.598840936767003,-0.0369345032982179,-0.038934503298217904,220.0
2026-02-01 23:30:00+00:00,2026-02-01 23:45:00+00:00,2026-02-02 03:20:00+00:00,ETHUSDT,FAILED_LOW_CVD_DIVERGENCE,LONG,1.0,2276.0,2369.532489071119,2320.57,2218.0,2294.66,2214.9312083333334,2369.532489071119,2214.9312083333334,BOUNDARY_EXTREME_INVALIDATED,7.910283519296135,-0.05454143001961698,0.6669482885615138,1.8899947047562144,0.0171365248226949,0.6890037426483652,0.034744876074519926,9.971139668003717,-0.03474536169483344,-0.036745361694833445,215.0
2026-02-04 18:30:00+00:00,2026-02-04 18:45:00+00:00,2026-02-05 00:45:00+00:00,ETHUSDT,FAILED_LOW_CVD_DIVERGENCE,LONG,1.0,2091.55,2201.999007226191,2143.35,2073.68,2167.29,2070.3834374999997,2201.999007226191,2155.09,SIX_HOUR_CAP,6.098007846257103,0.015119693141524726,1.6321071813068457,0.5420798179922369,0.021131339401820437,0.6358094698043654,0.15369835466526682,5.39510489620851,-0.00562914976768214,-0.00762914976768214,360.0
2026-02-04 18:30:00+00:00,2026-02-04 18:45:00+00:00,2026-02-04 22:05:00+00:00,XRPUSDT,FAILED_LOW_CVD_DIVERGENCE,LONG,1.0,1.5042,1.5697466773737063,1.5305,1.5028,1.5492,1.501131875,1.5697466773737063,1.501131875,BOUNDARY_EXTREME_INVALIDATED,3.047556126030337,-0.002391094376125058,0.5412179493569251,0.08392656425627992,0.01733648542159183,0.7499999999999969,0.0382403952804824,0.1384278101408766,-0.031027707849212383,-0.033027707849212384,200.0
2026-02-05 11:30:00+00:00,2026-02-05 11:45:00+00:00,2026-02-05 13:30:00+00:00,SOLUSDT,FAILED_LOW_CVD_DIVERGENCE,LONG,1.0,89.19,92.46160891081475,90.73,88.61,90.29,88.45177083333333,92.46160891081475,88.45177083333333,BOUNDARY_EXTREME_INVALIDATED,2.695610528617808,-0.1208006577620192,0.944878420891712,0.3665569453587876,0.01597839540902446,0.7171717171717166,0.13118978413474647,0.9336294176985617,-0.02035916675896199,-0.02235916675896199,105.0
2026-02-05 14:00:00+00:00,2026-02-05 14:15:00+00:00,2026-02-05 15:05:00+00:00,SOLUSDT,FAILED_LOW_CVD_DIVERGENCE,LONG,1.0,88.27,91.75827730780561,88.98,88.14,89.42,87.97666666666667,91.75827730780561,87.97666666666667,BOUNDARY_EXTREME_INVALIDATED,1.2884415298010847,0.04498706364607563,1.1662271735376417,0.07959183673469108,0.011080958842152988,0.6125000000000047,0.0633083866608013,0.11959592942687117,-0.016141057183329588,-0.01814105718332959,50.0
2026-02-05 18:00:00+00:00,2026-02-05 18:15:00+00:00,2026-02-05 18:20:00+00:00,BTCUSDT,FAILED_LOW_CVD_DIVERGENCE,LONG,1.0,66400.0,70401.42678501096,67514.7,66125.0,66416.8,66030.05020833333,70401.42678501096,66030.05020833333,BOUNDARY_EXTREME_INVALIDATED,4.062496564469206,-0.1293011212919739,0.204393124221455,0.2896267544908603,0.003975584169012114,0.6766143555441265,0.017847203133704248,0.2404905227839803,-0.0058230717479113014,-0.007823071747911301,5.0
2026-02-06 00:30:00+00:00,2026-02-06 00:45:00+00:00,2026-02-06 05:10:00+00:00,XRPUSDT,FAILED_LOW_CVD_DIVERGENCE,LONG,1.0,1.137,1.30517202767837,1.2175,1.1174,1.2162,1.1138620833333333,1.30517202767837,1.30517202767837,PRIOR_VALUE_REACHED,13.892091110373764,-0.04109096784435451,0.36164513495365924,0.5539983511953853,0.05472205359465776,0.8163001293661061,0.054244318118158885,2.7832916854712093,0.07315575372337624,0.07115575372337624,265.0
2026-02-08 09:00:00+00:00,2026-02-08 09:15:00+00:00,2026-02-08 11:20:00+00:00,BTCUSDT,FAILED_HIGH_CVD_DIVERGENCE,SHORT,-1.0,70382.7,69048.14169580776,70790.0,70030.7,70368.2,70838.75,69048.14169580776,70838.75,BOUNDARY_EXTREME_INVALIDATED,1.6968390437335519,0.1554638685951817,0.17457661841094388,0.8354871794871829,-0.0036276414383696887,0.6914979757084941,-0.07549898493465879,0.24749504898346095,-0.006686969398108866,-0.008686969398108866,125.0
2026-02-08 12:00:00+00:00,2026-02-08 12:15:00+00:00,2026-02-08 13:00:00+00:00,BTCUSDT,FAILED_HIGH_CVD_DIVERGENCE,SHORT,-1.0,70913.1,69395.48711629228,71199.9,70629.5,70822.4,71250.01874999999,69395.48711629228,71250.01874999999,BOUNDARY_EXTREME_INVALIDATED,1.1730117973044212,0.08323797141801337,0.1558697823701247,0.5722409277964594,-0.0018547227781380293,0.5721739130435036,-0.12832912036230826,0.10462686805634464,-0.006037902556253361,-0.00803790255625336,45.0
2026-02-08 13:30:00+00:00,2026-02-08 13:45:00+00:00,2026-02-08 16:45:00+00:00,XRPUSDT,FAILED_HIGH_CVD_DIVERGENCE,SHORT,-1.0,1.4624,1.4253627702779577,1.4685,1.4489,1.4577,1.46982625,1.4253627702779577,1.4253627702779577,PRIOR_VALUE_REACHED,1.2144027066115897,0.07748344010385222,0.10845499062160303,0.45994344957587197,-0.0034864643150124275,0.6375000000000125,-0.10388080712966585,0.060578247566755665,0.02218373445979438,0.020183734459794378,180.0
2026-02-08 17:00:00+00:00,2026-02-08 17:15:00+00:00,2026-02-08 18:35:00+00:00,SOLUSDT,FAILED_LOW_CVD_DIVERGENCE,LONG,1.0,86.34,87.78524053412752,87.53,85.68,86.6,85.60354166666667,87.78524053412752,87.78524053412752,PRIOR_VALUE_REACHED,1.7537764795929254,-0.1435170169651283,0.3922182447257128,0.8632152588555823,0.005456867525833076,0.6811594202898557,0.13083999542131242,0.5937739519498659,0.013686380301703549,0.011686380301703549,80.0
2026-02-09 17:00:00+00:00,2026-02-09 17:15:00+00:00,2026-02-09 23:15:00+00:00,XRPUSDT,FAILED_HIGH_CVD_DIVERGENCE,SHORT,-1.0,1.4624,1.4209818345234408,1.4636,1.4411,1.4354,1.4650660416666668,1.4209818345234408,1.4427,SIX_HOUR_CAP,1.8107792977782544,0.10945982947321142,0.4698919968954136,0.08185306238454503,-0.010546632660095145,0.7463414634146399,-0.2781119204978738,0.06964637250218823,-0.005085690399888598,-0.007085690399888598,360.0
2026-02-11 05:00:00+00:00,2026-02-11 05:15:00+00:00,2026-02-11 06:15:00+00:00,ETHUSDT,FAILED_LOW_CVD_DIVERGENCE,LONG,1.0,1974.85,2016.9034340738958,1986.15,1961.97,1976.71,1960.1979375,2016.9034340738958,1960.1979375,BOUNDARY_EXTREME_INVALIDATED,2.0809084896961285,-0.07646516891361499,0.6517799233605553,0.7268366663139629,0.0030853077442238863,0.6666666666666666,0.1385999551595274,0.9858044827445881,-0.008353305492459717,-0.010353305492459717,60.0
2026-02-11 05:00:00+00:00,2026-02-11 05:15:00+00:00,2026-02-11 06:10:00+00:00,SOLUSDT,FAILED_LOW_CVD_DIVERGENCE,LONG,1.0,81.84,83.93055638477894,82.58,81.63,82.18,81.55756249999999,83.93055638477894,81.55756249999999,BOUNDARY_EXTREME_INVALIDATED,1.3518747313757278,-0.10070101594515535,0.21637825027457377,0.28990509059535186,0.003173828125,0.5777777777778037,0.2484510422585775,0.08480196125315634,-0.007574075200779018,-0.009574075200779018,55.0
2026-02-11 07:30:00+00:00,2026-02-11 07:45:00+00:00,2026-02-11 13:45:00+00:00,SOLUSDT,FAILED_LOW_CVD_DIVERGENCE,LONG,1.0,80.52,83.46025045530934,81.12,80.23,81.13,80.15766666666667,83.46025045530934,81.23,SIX_HOUR_CAP,1.1154202368160697,-5.3218694815670986e-05,0.26676469114766715,0.40092165898616416,0.0048303195442160884,0.6724137931034513,0.10948190876067998,0.11929613798500321,0.001232589670898676,-0.0007674103291013239,360.0
2026-02-11 15:30:00+00:00,2026-02-11 15:45:00+00:00,2026-02-11 21:40:00+00:00,ETHUSDT,FAILED_LOW_CVD_DIVERGENCE,LONG,1.0,1930.39,1982.460293775397,1949.5,1901.22,1936.18,1899.4328958333333,1982.460293775397,1982.460293775397,PRIOR_VALUE_REACHED,3.8427761171034347,-0.07693461417117509,0.8116138762176487,1.6322495657546565,0.007755246502331836,0.7044917257683228,0.10155442837611273,5.090742243435812,0.02390288804522145,0.021902888045221447,355.0
2026-02-11 15:30:00+00:00,2026-02-11 15:45:00+00:00,2026-02-11 17:05:00+00:00,SOLUSDT,FAILED_LOW_CVD_DIVERGENCE,LONG,1.0,79.7,82.24012806262947,80.29,78.52,80.07,78.44229166666666,82.24012806262947,78.44229166666666,BOUNDARY_EXTREME_INVALIDATED,3.7742974429520277,0.021896569874706007,0.8710133089981015,1.5184986595174363,0.009328123030379443,0.7956989247311714,0.17404730635425625,4.99200862174702,-0.020328566670829606,-0.022328566670829608,80.0
2026-02-11 15:30:00+00:00,2026-02-11 15:45:00+00:00,2026-02-11 21:25:00+00:00,BTCUSDT,FAILED_LOW_CVD_DIVERGENCE,LONG,1.0,66342.6,67953.73949549999,66770.7,65718.5,66730.0,65669.46229166667,67953.73949549999,67953.73949549999,PRIOR_VALUE_REACHED,4.063778813956129,-0.047964466761312385,0.7169851045369532,1.2726940577192034,0.008572793170784854,0.8056818181818141,0.09337666148343571,3.708209066860303,0.018338670695339232,0.01633867069533923,340.0
2026-02-11 15:30:00+00:00,2026-02-11 15:45:00+00:00,2026-02-11 16:55:00+00:00,XRPUSDT,FAILED_LOW_CVD_DIVERGENCE,LONG,1.0,1.3545,1.3861322085605918,1.369,1.345,1.3593,1.3437947916666666,1.3861322085605918,1.3437947916666666,BOUNDARY_EXTREME_INVALIDATED,3.5701339866884636,0.007136935833611524,0.959441450628289,0.7882454624027723,0.006516105146242124,0.6616541353383353,0.03638069342187089,2.700004401371389,-0.011406759606660266,-0.013406759606660266,70.0
2026-02-11 17:00:00+00:00,2026-02-11 17:15:00+00:00,2026-02-11 18:20:00+00:00,XRPUSDT,FAILED_LOW_CVD_DIVERGENCE,LONG,1.0,1.345,1.3798672283168332,1.3579,1.3431,1.3512,1.341874375,1.3798672283168332,1.3798672283168332,PRIOR_VALUE_REACHED,1.3025477233602896,-0.055502533821264355,0.8809746125138799,0.15502294747577886,0.005357142857142838,0.5759999999999919,0.04381953416893869,0.1778906112513644,0.021216125160474553,0.01921612516047455,65.0
2026-02-14 12:30:00+00:00,2026-02-14 12:45:00+00:00,2026-02-14 17:25:00+00:00,XRPUSDT,FAILED_HIGH_CVD_DIVERGENCE,SHORT,-1.0,1.4726,1.4143455430758323,1.4761,1.4663,1.4636,1.4770839583333333,1.4143455430758323,1.4770839583333333,BOUNDARY_EXTREME_INVALIDATED,2.0717475359838753,-0.10806359356938622,0.17197470082610203,0.3557061189921718,-0.003879398352957253,0.6129032258064647,-0.10060534809616395,0.12673387959261456,-0.009212871230755093,-0.011212871230755093,280.0
2026-02-15 08:30:00+00:00,2026-02-15 08:45:00+00:00,2026-02-15 13:55:00+00:00,XRPUSDT,FAILED_HIGH_CVD_DIVERGENCE,SHORT,-1.0,1.6487,1.511272520696812,1.6693,1.6416,1.6236,1.670879375,1.511272520696812,1.511272520696812,PRIOR_VALUE_REACHED,8.061758132470823,-0.017543813241120976,0.20548046452699853,1.3043134151167375,-0.016000000000000014,0.6055045871559648,-0.12414339366372773,2.1606392657137703,0.06918420750381116,0.06718420750381116,310.0
2026-02-15 08:30:00+00:00,2026-02-15 08:45:00+00:00,2026-02-15 12:55:00+00:00,SOLUSDT,FAILED_HIGH_CVD_DIVERGENCE,SHORT,-1.0,90.96,87.78269650120342,91.19,89.93,89.46,91.2619375,87.78269650120342,87.78269650120342,PRIOR_VALUE_REACHED,2.4611730613662943,-0.06882009166015501,0.26704323360678806,0.31972198088619186,-0.005336891260840582,0.5647058823529496,-0.08785703409786605,0.21013395091271256,0.018749200746664196,0.016749200746664195,250.0
2026-02-15 08:30:00+00:00,2026-02-15 08:45:00+00:00,2026-02-15 12:55:00+00:00,BTCUSDT,FAILED_HIGH_CVD_DIVERGENCE,SHORT,-1.0,70907.7,69857.70473050582,70938.5,70521.3,70288.0,70972.50416666667,69857.70473050582,69857.70473050582,PRIOR_VALUE_REACHED,1.2655524318040987,-0.10703785878964911,0.37592676029324673,0.09057713515501392,-0.003445293558860696,0.5311475409836065,-0.07376489485511328,0.04309252726073028,0.006121888081808802,0.004121888081808802,250.0
2026-02-16 14:30:00+00:00,2026-02-16 14:45:00+00:00,2026-02-16 15:35:00+00:00,SOLUSDT,FAILED_LOW_CVD_DIVERGENCE,LONG,1.0,83.79,85.83526352362726,84.42,83.39,84.16,83.31627083333333,85.83526352362726,83.31627083333333,BOUNDARY_EXTREME_INVALIDATED,2.6632716744500033,-0.0355722132257813,0.5002402875087921,0.5425261373269367,0.0065781605071162375,0.6249999999999899,0.04289256688394305,0.7227944371942783,-0.010025299033586732,-0.012025299033586732,50.0
2026-02-18 12:00:00+00:00,2026-02-18 12:15:00+00:00,2026-02-18 12:35:00+00:00,SOLUSDT,FAILED_LOW_CVD_DIVERGENCE,LONG,1.0,82.86,84.50001332313425,83.67,82.74,83.19,82.67022916666666,84.50001332313425,82.67022916666666,BOUNDARY_EXTREME_INVALIDATED,2.417813211776124,-0.08476206221941285,0.3756545025178695,0.17199163929531844,0.004831501389056525,0.7142857142856962,0.12008221175415801,0.15621354239729274,-0.006247996554073043,-0.008247996554073043,20.0
2026-02-18 13:00:00+00:00,2026-02-18 13:15:00+00:00,2026-02-18 14:30:00+00:00,SOLUSDT,FAILED_LOW_CVD_DIVERGENCE,LONG,1.0,82.72,84.37489240841437,83.15,82.24,83.12,82.1703125,84.37489240841437,82.1703125,BOUNDARY_EXTREME_INVALIDATED,2.2117663446887814,-0.06028244342393985,0.5313065626977631,0.6887892376681665,0.002170243549554085,0.5000000000000198,0.10704003214161184,0.8094141238555788,-0.011425499278152174,-0.013425499278152174,75.0
2026-02-19 14:00:00+00:00,2026-02-19 14:15:00+00:00,2026-02-19 17:20:00+00:00,SOLUSDT,FAILED_LOW_CVD_DIVERGENCE,LONG,1.0,80.13,81.80548523291024,80.49,79.57,80.21,79.51018749999999,81.80548523291024,81.80548523291024,PRIOR_VALUE_REACHED,2.713723749305456,0.012592588608423494,0.9418164539982717,0.9362591431556985,0.003001125422033235,0.5454545454545366,0.08654048060334452,2.392918905033213,0.019891350616010994,0.017891350616010993,185.0
2026-02-19 16:30:00+00:00,2026-02-19 16:45:00+00:00,2026-02-19 22:45:00+00:00,XRPUSDT,FAILED_LOW_CVD_DIVERGENCE,LONG,1.0,1.3854,1.4202789934240534,1.3982,1.3791,1.3938,1.3780002083333334,1.4202789934240534,1.398,SIX_HOUR_CAP,2.9202925069673435,0.08116335222389703,0.2094652831072095,0.5728357643493048,0.004395762772933631,0.663043478260862,0.15507626527193685,0.3504035778944471,0.0030133448127420692,0.0010133448127420692,360.0
2026-02-20 10:30:00+00:00,2026-02-20 10:45:00+00:00,2026-02-20 13:10:00+00:00,ETHUSDT,FAILED_HIGH_CVD_DIVERGENCE,SHORT,-1.0,1971.17,1938.9146734429812,1972.99,1964.68,1961.25,1974.3244375,1938.9146734429812,1938.9146734429812,PRIOR_VALUE_REACHED,1.0624316272830667,-0.11023967168105875,0.6664161446531205,0.13638705447051183,-0.003683007366014679,0.734549138804466,-0.16577003926204792,0.09656497902681284,0.011388311820022312,0.009388311820022312,145.0
2026-02-20 15:30:00+00:00,2026-02-20 15:45:00+00:00,2026-02-20 16:05:00+00:00,XRPUSDT,FAILED_HIGH_CVD_DIVERGENCE,SHORT,-1.0,1.4282,1.4047798779385694,1.4306,1.3992,1.4116,1.4316266666666668,1.4047798779385694,1.4316266666666668,BOUNDARY_EXTREME_INVALIDATED,5.762791306496559,0.04947830781067197,0.357782412195902,0.23376623376625122,-0.0071740047826698294,0.6666666666666715,-0.013909727207445322,0.4819851525085869,-0.014187210730140842,-0.016187210730140844,20.0
2026-02-20 19:00:00+00:00,2026-02-20 19:15:00+00:00,2026-02-21 01:15:00+00:00,SOLUSDT,FAILED_HIGH_CVD_DIVERGENCE,SHORT,-1.0,84.92,83.30448429856179,85.44,84.26,84.72,85.51252083333333,83.30448429856179,84.59,SIX_HOUR_CAP,2.82546615033492,0.08942237456342239,0.7110866307348169,0.7170353346739399,-0.005633802816901401,0.7058823529411753,-0.05908423788230266,1.4406324067572283,0.0015344664778091932,-0.00046553352219080683,360.0
2026-02-22 15:30:00+00:00,2026-02-22 15:45:00+00:00,2026-02-22 17:35:00+00:00,BTCUSDT,FAILED_LOW_CVD_DIVERGENCE,LONG,1.0,67310.6,68040.86821180025,67583.2,67275.0,67756.2,67255.88,68040.86821180025,67255.88,BOUNDARY_EXTREME_INVALIDATED,2.1011112646824723,0.02846794704021005,0.14912991753588173,0.1861924686192769,0.002693335622175219,0.644019815994325,0.03874306860091248,0.05834127807027516,-0.007384121305504032,-0.009384121305504032,110.0
2026-02-23 20:30:00+00:00,2026-02-23 20:45:00+00:00,2026-02-24 01:20:00+00:00,BTCUSDT,FAILED_LOW_CVD_DIVERGENCE,LONG,1.0,64050.0,65478.352875380115,64363.1,63860.0,64246.7,63817.89229166666,65478.352875380115,63817.89229166666,BOUNDARY_EXTREME_INVALIDATED,2.8549226162793424,-0.08204774511200419,0.3423018546188483,0.4512237961180912,0.0042092989086770505,0.8128584364624004,0.06932079158044968,0.44095633686789987,-0.006674392744426272,-0.008674392744426272,275.0
2026-02-24 15:00:00+00:00,2026-02-24 15:15:00+00:00,2026-02-24 15:25:00+00:00,XRPUSDT,FAILED_LOW_CVD_DIVERGENCE,LONG,1.0,1.3204,1.3484572511229793,1.3448,1.3115,1.3401,1.3104006250000002,1.3484572511229793,1.3484572511229793,PRIOR_VALUE_REACHED,6.502175775924358,-0.05591398514183199,0.2188820470093023,0.809550881182483,0.0036698621929300845,0.5000000000000113,0.19064756027563323,1.1521605403299715,0.006236289174673004,0.004236289174673004,10.0
2026-02-25 02:30:00+00:00,2026-02-25 02:45:00+00:00,2026-02-25 08:45:00+00:00,ETHUSDT,FAILED_HIGH_CVD_DIVERGENCE,SHORT,-1.0,1924.93,1843.3301075821269,1945.7,1917.15,1921.76,1947.1802708333335,1843.3301075821269,1904.88,SIX_HOUR_CAP,4.537251179074317,0.16128136925046577,0.29364242548084746,1.4031216134434839,-0.00470777118885457,0.7366288492706627,-0.1236140643605056,1.869420235229826,0.008783615019565372,0.006783615019565372,360.0
2026-02-25 19:00:00+00:00,2026-02-25 19:15:00+00:00,2026-02-25 21:40:00+00:00,XRPUSDT,FAILED_HIGH_CVD_DIVERGENCE,SHORT,-1.0,1.4749,1.3992439304602704,1.476,1.4672,1.4626,1.4771620833333332,1.3992439304602704,1.4771620833333332,BOUNDARY_EXTREME_INVALIDATED,1.7176983195381001,0.004388673246598751,0.1984477209550172,0.09465758336320211,-0.005913138041188204,0.679687500000016,-0.20483627017959483,0.032266244401343895,-0.009956299284379355,-0.011956299284379355,145.0
2026-02-26 18:30:00+00:00,2026-02-26 18:45:00+00:00,2026-02-27 00:45:00+00:00,ETHUSDT,FAILED_LOW_CVD_DIVERGENCE,LONG,1.0,1975.8,2054.9144540273187,1994.84,1973.49,2007.36,1971.5212291666667,2054.9144540273187,2012.95,SIX_HOUR_CAP,2.966104541141457,0.16832287934847767,0.10197380244043866,0.11733209172389442,0.010877447425670761,0.892561983471069,0.285452027488837,0.03548884625352209,0.0027847521122270624,0.0007847521122270624,360.0
2026-02-28 19:00:00+00:00,2026-02-28 19:15:00+00:00,2026-02-28 20:20:00+00:00,SOLUSDT,FAILED_HIGH_CVD_DIVERGENCE,SHORT,-1.0,82.22,79.88230724935173,82.87,81.1,81.77,82.94858333333333,79.88230724935173,82.94858333333333,BOUNDARY_EXTREME_INVALIDATED,2.99262521487594,0.15681823441770937,0.7217433215288828,0.827147401908809,-0.006319115323854763,0.6419753086419974,-0.13260826551103022,1.7865616806861293,-0.014413395295748366,-0.016413395295748368,65.0
2026-03-01 21:00:00+00:00,2026-03-01 21:15:00+00:00,2026-03-02 03:15:00+00:00,XRPUSDT,FAILED_LOW_CVD_DIVERGENCE,LONG,1.0,1.3423,1.387213311128296,1.3452,1.3361,1.3483,1.3347716666666667,1.387213311128296,1.37,SIX_HOUR_CAP,1.262713961787104,-0.08461254404384022,0.27679572563600396,0.4667503136762852,0.0056686805400163465,0.8837209302325701,0.10573055600899961,0.16313568853747754,0.01609434102202778,0.01409434102202778,360.0
2026-03-03 15:00:00+00:00,2026-03-03 15:15:00+00:00,2026-03-03 16:20:00+00:00,SOLUSDT,FAILED_LOW_CVD_DIVERGENCE,LONG,1.0,83.1,86.4231749712837,84.39,82.4,83.6,82.30675000000001,86.4231749712837,86.4231749712837,PRIOR_VALUE_REACHED,3.7415137406672,-0.0283527098939097,0.4161209616554852,0.7506702412868514,0.004928476980406327,0.7068965517241341,0.05675511382160714,1.168735235463309,0.03377003554167102,0.031770035541671016,65.0
2026-03-04 10:30:00+00:00,2026-03-04 10:45:00+00:00,2026-03-04 14:35:00+00:00,ETHUSDT,FAILED_HIGH_CVD_DIVERGENCE,SHORT,-1.0,2089.62,1988.723476182346,2093.0,2073.03,2073.51,2095.0570625,1988.723476182346,2095.0570625,BOUNDARY_EXTREME_INVALIDATED,2.3898285034645,-0.04171119271249868,0.14269638486525363,0.16431197399204506,-0.002712646995166268,0.6581096849474638,-0.18295262291274805,0.05603365095013356,-0.010391588417707043,-0.012391588417707043,230.0
2026-03-04 16:00:00+00:00,2026-03-04 16:15:00+00:00,2026-03-04 19:20:00+00:00,SOLUSDT,FAILED_HIGH_CVD_DIVERGENCE,SHORT,-1.0,92.69,87.76277421483528,93.12,91.76,91.55,93.23214583333333,87.76277421483528,93.23214583333333,BOUNDARY_EXTREME_INVALIDATED,3.5088922915678946,-0.019817940977240545,0.36551611039389925,0.38342931450864415,-0.014425664764775581,0.8535031847133817,-0.041667939341664795,0.49176982180777035,-0.018374066994356397,-0.0203740669943564,185.0
2026-03-05 18:00:00+00:00,2026-03-05 18:15:00+00:00,2026-03-06 00:15:00+00:00,ETHUSDT,FAILED_LOW_CVD_DIVERGENCE,LONG,1.0,2055.55,2123.235043661736,2070.12,2053.3,2068.75,2051.3359375,2123.235043661736,2079.56,SIX_HOUR_CAP,1.3928926947590485,-0.008529193621053643,0.2021236084187984,0.11455847255369951,0.004808509604876443,0.7704280155642149,0.13543898615153216,0.032252391133733654,0.005225377643504503,0.003225377643504503,360.0
2026-03-06 18:00:00+00:00,2026-03-06 18:15:00+00:00,2026-03-07 00:15:00+00:00,BTCUSDT,FAILED_LOW_CVD_DIVERGENCE,LONG,1.0,68121.6,70026.25025163371,68269.3,67712.3,68292.5,67668.93354166667,70026.25025163371,68184.0,SIX_HOUR_CAP,2.503105957241763,-0.11396411686524288,0.2354703772142416,0.9438169860539389,0.005327496003273868,0.8426076833527222,0.06840311496505014,0.5562926251806982,-0.0015887542555917955,-0.0035887542555917955,360.0
2026-03-06 18:00:00+00:00,2026-03-06 18:15:00+00:00,2026-03-07 00:15:00+00:00,ETHUSDT,FAILED_LOW_CVD_DIVERGENCE,LONG,1.0,1963.92,2038.4405887298467,1974.67,1954.25,1977.43,1952.6804166666666,2038.4405887298467,1979.0,SIX_HOUR_CAP,1.998357043556637,-0.06481276279371873,0.23000428288069882,0.61608707194054,0.005941752511763987,0.806629834254147,0.08927649444580621,0.2831725190407179,0.0007939598367576739,-0.0012060401632423261,360.0
2026-03-06 18:00:00+00:00,2026-03-06 18:15:00+00:00,2026-03-07 00:15:00+00:00,SOLUSDT,FAILED_LOW_CVD_DIVERGENCE,LONG,1.0,83.89,87.08222716572106,84.31,83.52,84.74,83.45039583333333,87.08222716572106,84.73,SIX_HOUR_CAP,1.6321892846794044,-0.06383856743794392,0.2534350553388374,0.5315773720443048,0.007130972189208329,0.8955223880596908,0.12693291939203522,0.21988909652040378,-0.00011800802454553505,-0.002118008024545535,360.0
2026-03-06 18:00:00+00:00,2026-03-06 18:15:00+00:00,2026-03-07 00:15:00+00:00,XRPUSDT,FAILED_LOW_CVD_DIVERGENCE,LONG,1.0,1.35,1.389414597637829,1.3528,1.3444,1.3556,1.3435320833333333,1.389414597637829,1.365,SIX_HOUR_CAP,1.890688716323621,-0.1308353997395194,0.14712030240498852,0.6452232357177214,0.005265109380793387,0.9220779220779288,0.012869418024634038,0.17947445368207868,0.006934198878725262,0.004934198878725262,360.0
2026-03-07 19:30:00+00:00,2026-03-07 19:45:00+00:00,2026-03-07 19:50:00+00:00,SOLUSDT,FAILED_LOW_CVD_DIVERGENCE,LONG,1.0,82.85,84.34034693126182,83.33,82.62,82.9,82.57891666666667,84.34034693126182,82.57891666666667,BOUNDARY_EXTREME_INVALIDATED,1.106770558421214,-0.10573858564492311,0.36287938412488846,0.5598377281947009,0.001933768431230387,0.5000000000000222,0.16725329497645847,0.22484439013316618,-0.0038731403297145306,-0.005873140329714531,5.0
2026-03-07 20:00:00+00:00,2026-03-07 20:15:00+00:00,2026-03-08 02:15:00+00:00,BTCUSDT,FAILED_LOW_CVD_DIVERGENCE,LONG,1.0,67123.9,67917.87198275463,67315.0,66850.1,67199.5,66825.71666666667,67917.87198275463,67283.8,SIX_HOUR_CAP,1.493710046993569,-0.11316572980424189,0.6821547853098093,1.122898154477054,0.002340303031207025,0.6609098567817946,0.13487501559276582,1.144167480936429,0.0012544736195954087,-0.0007455263804045913,360.0
2026-03-07 20:00:00+00:00,2026-03-07 20:15:00+00:00,2026-03-08 02:15:00+00:00,ETHUSDT,FAILED_LOW_CVD_DIVERGENCE,LONG,1.0,1955.19,1978.4954509745235,1963.32,1946.87,1961.8,1945.9927708333332,1978.4954509745235,1967.54,SIX_HOUR_CAP,1.5135570240201468,-0.03562644813756666,0.5954173271494684,0.9484408768138498,0.003986673558477261,0.6992818671454266,0.1638578072288166,0.854733095025557,0.002925884391884903,0.0009258843918849031,360.0
2026-03-07 20:00:00+00:00,2026-03-07 20:15:00+00:00,2026-03-08 02:15:00+00:00,SOLUSDT,FAILED_LOW_CVD_DIVERGENCE,LONG,1.0,82.62,84.22163876736016,83.01,82.22,82.81,82.17822916666667,84.22163876736016,82.93,SIX_HOUR_CAP,1.2182459485141952,-0.10940435602298326,0.3012115056930419,0.9576059850374196,0.004122711288953695,0.7727272727272595,0.04179897643426922,0.3513932255343214,0.001449100350199295,-0.0005508996498007051,360.0
2026-03-08 03:00:00+00:00,2026-03-08 03:15:00+00:00,2026-03-08 04:55:00+00:00,SOLUSDT,FAILED_LOW_CVD_DIVERGENCE,LONG,1.0,82.22,83.73254812093397,83.04,82.03,82.5,81.98841666666667,83.73254812093397,81.98841666666667,BOUNDARY_EXTREME_INVALIDATED,1.3086378254566842,-0.18066020615929668,0.19684513151541735,0.45691382765530464,0.0021865889212828726,0.5625000000000333,0.029914301558443768,0.11770053817162197,-0.0062010101010101515,-0.008201010101010152,100.0
2026-03-08 05:00:00+00:00,2026-03-08 05:15:00+00:00,2026-03-08 08:45:00+00:00,BTCUSDT,FAILED_LOW_CVD_DIVERGENCE,LONG,1.0,66720.8,67536.83416739572,66981.9,66508.0,66950.0,66483.93770833334,67536.83416739572,67536.83416739572,PRIOR_VALUE_REACHED,1.28047837432742,-0.23997187960000677,0.5999374280464742,0.8843712932579606,0.005214503315931651,0.9173269941891113,0.12783391195073768,0.679380131909441,0.0087652601552759,0.0067652601552759,210.0
2026-03-08 05:00:00+00:00,2026-03-08 05:15:00+00:00,2026-03-08 09:20:00+00:00,ETHUSDT,FAILED_LOW_CVD_DIVERGENCE,LONG,1.0,1934.33,1968.8313196960212,1950.29,1927.58,1943.8,1926.6873958333333,1968.8313196960212,1968.8313196960212,PRIOR_VALUE_REACHED,1.388469888656793,-0.16364711978557844,0.1433370314565325,0.7562142607071988,0.0034639588248353004,0.9490806223479628,0.06659420546734474,0.1505011209770528,0.012877518106811925,0.010877518106811925,245.0
2026-03-08 22:30:00+00:00,2026-03-08 22:45:00+00:00,2026-03-08 22:50:00+00:00,SOLUSDT,FAILED_LOW_CVD_DIVERGENCE,LONG,1.0,81.11,82.41817242738537,82.19,80.18,81.78,80.12275000000001,82.41817242738537,82.41817242738537,PRIOR_VALUE_REACHED,4.040404848849926,-0.1762603518557757,0.2609047496054072,1.624454148471605,0.0063992124046270416,0.5048543689320344,0.13554711578575596,1.712435909722446,0.007803526869471389,0.005803526869471389,5.0
2026-03-09 03:30:00+00:00,2026-03-09 03:45:00+00:00,2026-03-09 05:45:00+00:00,ETHUSDT,FAILED_HIGH_CVD_DIVERGENCE,SHORT,-1.0,1979.03,1945.7621745314325,2004.84,1958.21,1976.33,2006.3659166666666,1945.7621745314325,2006.3659166666666,BOUNDARY_EXTREME_INVALIDATED,6.173998942627558,0.1071072281650094,0.19510075857314704,1.6914423024411513,-0.003715279528154536,0.652212389380544,-0.1797706440197333,2.037430000473478,-0.015197824587324327,-0.01719782458732433,120.0
2026-03-09 19:30:00+00:00,2026-03-09 19:45:00+00:00,2026-03-10 01:45:00+00:00,XRPUSDT,FAILED_HIGH_CVD_DIVERGENCE,SHORT,-1.0,1.3724,1.3511862222646869,1.3812,1.3555,1.3689,1.38221,1.3511862222646869,1.3669,SIX_HOUR_CAP,2.5980745195781894,0.15873804295224492,0.1721330827911322,0.8712871287128638,-0.00861819235225958,0.7125748502994051,-0.04017790329906168,0.38965230416925756,0.0014610271020527588,-0.0005389728979472413,360.0
2026-03-10 07:30:00+00:00,2026-03-10 07:45:00+00:00,2026-03-10 08:10:00+00:00,ETHUSDT,FAILED_HIGH_CVD_DIVERGENCE,SHORT,-1.0,2053.93,2016.97454126819,2059.24,2039.09,2048.95,2060.8716249999998,2016.97454126819,2060.8716249999998,BOUNDARY_EXTREME_INVALIDATED,1.338549375848085,0.12830211873400232,0.30939053469327854,0.3254424270282663,-0.0013452193536124257,0.5702479338843522,-0.14752593941961678,0.1347769391090547,-0.005818406988945535,-0.007818406988945535,25.0
2026-03-11 10:00:00+00:00,2026-03-11 10:15:00+00:00,2026-03-11 11:45:00+00:00,SOLUSDT,FAILED_LOW_CVD_DIVERGENCE,LONG,1.0,84.86,86.59062229541667,85.53,84.64,85.02,84.5705625,86.59062229541667,84.5705625,BOUNDARY_EXTREME_INVALIDATED,1.4743407417372274,-0.14229360496126353,0.11828683104342842,0.31683168316831545,0.0023579344494224497,0.8333333333333629,0.0621005779921735,0.055253891237485496,-0.005286256175017656,-0.007286256175017656,90.0
2026-03-11 19:00:00+00:00,2026-03-11 19:15:00+00:00,2026-03-12 01:15:00+00:00,SOLUSDT,FAILED_HIGH_CVD_DIVERGENCE,SHORT,-1.0,87.98,85.97923702652126,88.06,87.1,87.29,88.13006250000001,85.97923702652126,86.2,SIX_HOUR_CAP,1.5556612063808353,-0.014295609369445739,0.18143908108281964,0.11418376449598336,-0.005355515041020942,0.7343749999999976,-0.06670738752281091,0.0322292512841447,0.012487111925764682,0.010487111925764682,360.0
2026-03-13 11:00:00+00:00,2026-03-13 11:15:00+00:00,2026-03-13 12:50:00+00:00,XRPUSDT,FAILED_HIGH_CVD_DIVERGENCE,SHORT,-1.0,1.4364,1.3975456841014344,1.4381,1.4292,1.4264,1.4390295833333333,1.3975456841014344,1.4390295833333333,BOUNDARY_EXTREME_INVALIDATED,1.501768037085868,0.03944766263079913,0.3070093569796708,0.18287763334827845,-0.004814065443382476,0.8313253012048373,-0.052023751157348475,0.08431698362820841,-0.00885416666666683,-0.01085416666666683,95.0
2026-03-14 07:00:00+00:00,2026-03-14 07:15:00+00:00,2026-03-14 13:15:00+00:00,BTCUSDT,FAILED_LOW_CVD_DIVERGENCE,LONG,1.0,70436.2,71935.43642191953,70709.2,70256.0,70667.7,70214.34416666666,71935.43642191953,70720.9,SIX_HOUR_CAP,2.2143847466929816,-0.028901066573338463,0.6046850842895656,0.4325924740432442,0.0010737775863802757,0.5826287471176633,0.1499817469670579,0.5792436705113251,0.0007528191804742068,-0.0012471808195257932,360.0
2026-03-15 00:30:00+00:00,2026-03-15 00:45:00+00:00,2026-03-15 02:05:00+00:00,XRPUSDT,FAILED_HIGH_CVD_DIVERGENCE,SHORT,-1.0,1.4078,1.393825632841961,1.409,1.4036,1.4032,1.4094275,1.393825632841961,1.4094275,BOUNDARY_EXTREME_INVALIDATED,1.3324671205141092,0.04529630909147109,0.5351019956377907,0.28070175438598616,-0.0019914651493597724,0.6086956521739025,-0.13670621758455948,0.20014198324460192,-0.004438070125427629,-0.006438070125427629,80.0
2026-03-15 09:30:00+00:00,2026-03-15 09:45:00+00:00,2026-03-15 15:45:00+00:00,BTCUSDT,FAILED_HIGH_CVD_DIVERGENCE,SHORT,-1.0,71750.0,71028.1042619064,71897.9,71651.7,71715.9,71917.31854166667,71028.1042619064,71457.3,SIX_HOUR_CAP,1.587556074896784,0.1361801094044166,0.43229977183255486,0.7616431889624109,-0.0013117931878664502,0.5992366412214591,-0.11008550355407243,0.5227158187982328,0.003605894927066311,0.001605894927066311,360.0
2026-03-15 09:30:00+00:00,2026-03-15 09:45:00+00:00,2026-03-15 13:40:00+00:00,SOLUSDT,FAILED_HIGH_CVD_DIVERGENCE,SHORT,-1.0,88.59,87.48442480316712,88.83,88.43,88.45,88.86360416666666,87.48442480316712,87.48442480316712,PRIOR_VALUE_REACHED,1.1377210813504437,0.18918084855943795,0.2877852723084153,0.7141971481710953,-0.0013548605622670795,0.6315789473683777,-0.3061279146077843,0.23384198117234267,0.010916621784430647,0.008916621784430647,235.0
2026-03-16 23:00:00+00:00,2026-03-16 23:15:00+00:00,2026-03-17 00:15:00+00:00,XRPUSDT,FAILED_HIGH_CVD_DIVERGENCE,SHORT,-1.0,1.5439,1.485003498458705,1.5518,1.5369,1.5402,1.5530470833333334,1.485003498458705,1.5530470833333334,BOUNDARY_EXTREME_INVALIDATED,2.40430165100701,0.2023440210551728,0.8717183224139569,0.6334781156030749,-0.0068351818416301224,0.7310344827586189,-0.15736511816111443,1.3276901865016424,-0.008341178634809321,-0.010341178634809321,60.0
2026-03-17 03:00:00+00:00,2026-03-17 03:15:00+00:00,2026-03-17 06:05:00+00:00,XRPUSDT,FAILED_HIGH_CVD_DIVERGENCE,SHORT,-1.0,1.5789,1.5089446233105053,1.6064,1.5673,1.577,1.60779625,1.5089446233105053,1.5089446233105053,PRIOR_VALUE_REACHED,6.5656287851420885,0.08425550896511957,0.6145175217378707,1.969561324977624,-0.010106082480697998,0.8797814207650283,-0.21871768779938983,7.946577122051906,0.04315496302441002,0.04115496302441002,170.0
2026-03-23 07:30:00+00:00,2026-03-23 07:45:00+00:00,2026-03-23 11:10:00+00:00,XRPUSDT,FAILED_LOW_CVD_DIVERGENCE,LONG,1.0,1.367,1.3886551518182566,1.3713,1.3612,1.3743,1.3604108333333333,1.3886551518182566,1.3886551518182566,PRIOR_VALUE_REACHED,2.133313554728961,-0.16312471532956963,0.8520422179573861,0.7349524815205961,0.0076251924627905865,0.8524590163934588,0.019769001474174708,1.3359034383186932,0.010445428085757547,0.008445428085757547,205.0
2026-03-23 07:30:00+00:00,2026-03-23 07:45:00+00:00,2026-03-23 11:10:00+00:00,ETHUSDT,FAILED_LOW_CVD_DIVERGENCE,LONG,1.0,2024.11,2064.7608199400856,2038.74,2021.58,2046.73,2020.1866874999998,2064.7608199400856,2064.7608199400856,PRIOR_VALUE_REACHED,1.8624857141735265,-0.08241440293086566,0.6002593304057577,0.18158166240523743,0.007477086348287587,0.7617853560682053,0.14132747637699206,0.20300365510469473,0.008809574267287568,0.006809574267287568,205.0
2026-03-23 07:30:00+00:00,2026-03-23 07:45:00+00:00,2026-03-23 11:10:00+00:00,SOLUSDT,FAILED_LOW_CVD_DIVERGENCE,LONG,1.0,85.04,86.69865232739528,85.7,85.0,86.08,84.9455625,86.69865232739528,86.69865232739528,PRIOR_VALUE_REACHED,2.6198584922558483,-0.148980492099269,0.4650457586153722,0.07347876004593593,0.009144196951934358,0.8863636363636279,0.23581359415042447,0.0895231470950165,0.00718694618256599,0.00518694618256599,205.0
2026-03-23 15:30:00+00:00,2026-03-23 15:45:00+00:00,2026-03-23 21:45:00+00:00,SOLUSDT,FAILED_HIGH_CVD_DIVERGENCE,SHORT,-1.0,91.93,88.13822161256773,92.24,91.03,90.46,92.32018749999999,88.13822161256773,91.83,SIX_HOUR_CAP,3.7666979831342418,0.024275808982140434,0.22008045605785548,0.3865939204988162,-0.007025246981339217,0.7441860465116168,-0.10072906186782582,0.3204773176464045,-0.01514481538801693,-0.017144815388016932,360.0
2026-03-24 15:00:00+00:00,2026-03-24 15:15:00+00:00,2026-03-24 19:50:00+00:00,SOLUSDT,FAILED_LOW_CVD_DIVERGENCE,LONG,1.0,89.14,90.84675262829786,89.74,88.62,89.77,88.55308333333333,90.84675262829786,88.55308333333333,BOUNDARY_EXTREME_INVALIDATED,5.964891227691305,-0.06281023416616482,0.13514905857543838,0.7770859277708546,0.0029047033850966297,0.7222222222221981,0.001381304189256527,0.6264473807854001,-0.013555939252162919,-0.015555939252162919,275.0
2026-03-26 03:00:00+00:00,2026-03-26 03:15:00+00:00,2026-03-26 05:10:00+00:00,ETHUSDT,FAILED_LOW_CVD_DIVERGENCE,LONG,1.0,2145.12,2172.8891149464957,2153.51,2142.15,2154.7,2140.86925,2172.8891149464957,2140.86925,BOUNDARY_EXTREME_INVALIDATED,1.8263945964011385,0.02160966340892534,0.687626263168356,0.23189537380439593,0.0026290686582441936,0.5058191584601253,0.05501891627366806,0.291232041182159,-0.00641887501740368,-0.00841887501740368,115.0
2026-03-26 03:30:00+00:00,2026-03-26 03:45:00+00:00,2026-03-26 05:10:00+00:00,SOLUSDT,FAILED_LOW_CVD_DIVERGENCE,LONG,1.0,90.6,92.09108826302857,91.03,90.53,90.89,90.47283333333334,92.09108826302857,90.47283333333334,BOUNDARY_EXTREME_INVALIDATED,1.22125259566996,0.06824860929725163,0.9400609451105579,0.12244897959182456,0.003090166648272774,0.8749999999999833,0.18870326074624644,0.14057777991478904,-0.004589797190743261,-0.006589797190743261,85.0
2026-03-27 11:00:00+00:00,2026-03-27 11:15:00+00:00,2026-03-27 17:15:00+00:00,XRPUSDT,FAILED_LOW_CVD_DIVERGENCE,LONG,1.0,1.3349,1.358034481110775,1.3463,1.325,1.3362,1.3242664583333332,1.358034481110775,1.3342,SIX_HOUR_CAP,7.003758010736334,-0.06855469067932596,0.5717866617152406,1.3496165861971046,0.002927268633190705,0.5131578947368406,0.02858522779526873,5.404749366606446,-0.001496781918874368,-0.003496781918874368,360.0
2026-03-27 14:00:00+00:00,2026-03-27 14:15:00+00:00,2026-03-27 20:15:00+00:00,ETHUSDT,FAILED_LOW_CVD_DIVERGENCE,LONG,1.0,1980.23,2045.5180782981831,1995.9,1966.2,1985.26,1964.8018541666668,2045.5180782981831,1991.94,SIX_HOUR_CAP,4.942349191711159,-0.07171986840281697,0.16409517226681236,1.003471860052747,0.0037008200450974194,0.6166807076663862,0.10582872408492472,0.8138313748262538,0.0033647985654272627,0.0013647985654272627,360.0
2026-03-29 06:00:00+00:00,2026-03-29 06:15:00+00:00,2026-03-29 06:50:00+00:00,XRPUSDT,FAILED_LOW_CVD_DIVERGENCE,LONG,1.0,1.3291,1.3413674568265639,1.3336,1.3274,1.3358,1.3269449999999998,1.3413674568265639,1.3413674568265639,PRIOR_VALUE_REACHED,1.8389226606352702,0.13060245469077714,0.7202035294592634,0.3736263736263806,0.0023261048998275413,0.8857142857143002,0.09113029335052225,0.4948302426388311,0.004167882038152326,0.0021678820381523262,35.0
2026-03-29 17:30:00+00:00,2026-03-29 17:45:00+00:00,2026-03-29 22:45:00+00:00,SOLUSDT,FAILED_LOW_CVD_DIVERGENCE,LONG,1.0,81.21,82.36862775092234,81.79,81.06,81.49,81.02089583333334,82.36862775092234,81.02089583333334,BOUNDARY_EXTREME_INVALIDATED,1.3403861308977205,-0.1808222261059662,0.2096426541773029,0.38359083644110775,0.003695036334523838,0.638297872340421,0.011223657656256103,0.1077898329220864,-0.0057565856751338185,-0.0077565856751338185,300.0
2026-03-30 03:00:00+00:00,2026-03-30 03:15:00+00:00,2026-03-30 05:05:00+00:00,SOLUSDT,FAILED_HIGH_CVD_DIVERGENCE,SHORT,-1.0,83.19,81.74570589917133,83.91,82.42,83.02,83.96368749999999,81.74570589917133,83.96368749999999,BOUNDARY_EXTREME_INVALIDATED,2.815513574105562,0.1148922062886899,0.364199238172039,1.3410942956926646,-0.003361344537815114,0.6222222222222208,-0.13769237150276747,1.3751686837748844,-0.011366989881956169,-0.013366989881956169,110.0
2026-03-30 03:00:00+00:00,2026-03-30 03:15:00+00:00,2026-03-30 04:10:00+00:00,XRPUSDT,FAILED_HIGH_CVD_DIVERGENCE,SHORT,-1.0,1.3503,1.3263941256158551,1.355,1.3384,1.3456,1.3556891666666666,1.3263941256158551,1.3556891666666666,BOUNDARY_EXTREME_INVALIDATED,2.288661825162025,0.07493847135968834,0.844709067559472,0.6819830713421906,-0.0015582102841878998,0.636363636363618,-0.018529569544958324,1.3184460888856484,-0.007497894371779612,-0.009497894371779612,55.0
2026-03-30 05:30:00+00:00,2026-03-30 05:45:00+00:00,2026-03-30 08:10:00+00:00,BTCUSDT,FAILED_HIGH_CVD_DIVERGENCE,SHORT,-1.0,67625.1,66485.1669888097,67777.0,67542.7,67463.5,67808.73708333334,66485.1669888097,67808.73708333334,BOUNDARY_EXTREME_INVALIDATED,1.5586340218719887,-0.029507146646288285,0.4953721762987655,0.4786199109873893,-0.002367516665779501,0.6176697530864491,-0.209740719005313,0.3695443130377597,-0.005117390638394781,-0.007117390638394781,145.0
2026-03-30 05:30:00+00:00,2026-03-30 05:45:00+00:00,2026-03-30 07:55:00+00:00,SOLUSDT,FAILED_HIGH_CVD_DIVERGENCE,SHORT,-1.0,83.91,81.90852378405597,84.15,83.72,83.57,84.20516666666667,81.90852378405597,84.20516666666667,BOUNDARY_EXTREME_INVALIDATED,1.87480506701512,0.06424600668821201,0.18122345322523084,0.43504531722056067,-0.0029825817227392415,0.5952380952380928,-0.19796038341415545,0.14781040895796407,-0.0076004148219059875,-0.009600414821905988,130.0
2026-03-30 09:00:00+00:00,2026-03-30 09:15:00+00:00,2026-03-30 15:15:00+00:00,XRPUSDT,FAILED_HIGH_CVD_DIVERGENCE,SHORT,-1.0,1.3634,1.3321744522175267,1.3663,1.3602,1.3571,1.3670379166666666,1.3321744522175267,1.3404,SIX_HOUR_CAP,1.0388868354157363,-0.006067049854581064,0.8015673199817643,0.39299830604180086,-0.002645697067685804,0.8372093023255982,-0.23594054457802083,0.32726451979349513,0.012305651757423819,0.010305651757423819,360.0
2026-03-30 09:00:00+00:00,2026-03-30 09:15:00+00:00,2026-03-30 11:30:00+00:00,BTCUSDT,FAILED_HIGH_CVD_DIVERGENCE,SHORT,-1.0,67888.5,66640.28502212092,67920.0,67623.1,67550.0,67953.275625,66640.28502212092,67953.275625,BOUNDARY_EXTREME_INVALIDATED,1.0166489074942242,0.02692562864029635,0.4773937190848943,0.094663886854116,-0.00124050217420546,0.6483771251931836,-0.21428341317315502,0.04594434152024563,-0.0059700314581789815,-0.007970031458178982,135.0
2026-04-01 23:00:00+00:00,2026-04-01 23:15:00+00:00,2026-04-02 01:10:00+00:00,SOLUSDT,FAILED_LOW_CVD_DIVERGENCE,LONG,1.0,80.78,83.61894725850816,81.15,80.72,81.35,80.65097916666666,83.61894725850816,80.65097916666666,BOUNDARY_EXTREME_INVALIDATED,1.779103630063458,-0.0007395840393800146,0.7246250211835138,0.08693027467552399,0.0028353057199210774,0.657142857142812,0.17274757741900504,0.11206903278577277,-0.008592757631632919,-0.010592757631632919,115.0
2026-04-04 10:30:00+00:00,2026-04-04 10:45:00+00:00,2026-04-04 14:40:00+00:00,XRPUSDT,FAILED_LOW_CVD_DIVERGENCE,LONG,1.0,1.3086,1.3181258778296092,1.3122,1.3071,1.3108,1.3067016666666667,1.3181258778296092,1.3067016666666667,BOUNDARY_EXTREME_INVALIDATED,1.508079061406122,-0.17260898296583216,0.7674171915467968,0.37656903765691796,0.002830693902532433,0.5873015873015957,0.15496925000976303,0.43581306198383807,-0.003126589360187171,-0.005126589360187171,235.0
2026-04-04 11:00:00+00:00,2026-04-04 11:15:00+00:00,2026-04-04 17:15:00+00:00,XRPUSDT,FAILED_LOW_CVD_DIVERGENCE,LONG,1.0,1.3071,1.3180032757441564,1.3139,1.3059,1.315,1.3054960416666668,1.3180032757441564,1.3128,SIX_HOUR_CAP,1.971655902377268,0.18344023119050545,0.8072295175112401,0.29706034038160706,0.0012944490976929401,0.8500000000000166,0.042238335658151493,0.47279495277866534,-0.0016730038022813032,-0.0036730038022813032,360.0
2026-04-05 21:00:00+00:00,2026-04-05 21:15:00+00:00,2026-04-05 22:50:00+00:00,ETHUSDT,FAILED_HIGH_CVD_DIVERGENCE,SHORT,-1.0,2071.46,2046.4806877293906,2074.58,2063.86,2059.66,2075.2760416666665,2046.4806877293906,2075.2760416666665,BOUNDARY_EXTREME_INVALIDATED,1.1979559721455044,0.10211783802077301,0.8190214099901378,0.44824902723734067,-0.003984718796847142,0.8281407035176268,-0.12771397497250847,0.4398002455266212,-0.007581854124790732,-0.009581854124790732,95.0
2026-04-06 01:00:00+00:00,2026-04-06 01:15:00+00:00,2026-04-06 07:15:00+00:00,SOLUSDT,FAILED_HIGH_CVD_DIVERGENCE,SHORT,-1.0,82.75,80.1448132142785,82.95,82.29,81.92,82.99397916666668,80.1448132142785,81.46,SIX_HOUR_CAP,2.6650612862553578,-0.009721230327463748,0.42042926807105757,0.4547607768830003,-0.0046172539489671705,0.7916666666666506,-0.23642137079200742,0.5095457012349941,0.005615234375000111,0.003615234375000111,360.0
2026-04-06 17:00:00+00:00,2026-04-06 17:15:00+00:00,2026-04-06 22:55:00+00:00,BTCUSDT,FAILED_HIGH_CVD_DIVERGENCE,SHORT,-1.0,70252.9,69014.45869809842,70332.5,69737.6,69309.9,70363.95395833334,69014.45869809842,69014.45869809842,PRIOR_VALUE_REACHED,3.571730544962785,-0.025057338354308456,0.2687620636836848,0.2530683075129852,-0.006440727531279111,0.8792563600782836,-0.25769771100772687,0.2429318265645893,0.004262613304904184,0.0022626133049041836,340.0
2026-04-09 14:30:00+00:00,2026-04-09 14:45:00+00:00,2026-04-09 15:35:00+00:00,XRPUSDT,FAILED_LOW_CVD_DIVERGENCE,LONG,1.0,1.3244,1.3417422603696587,1.3303,1.3209,1.3261,1.32027625,1.3417422603696587,1.3417422603696587,PRIOR_VALUE_REACHED,1.8918413039601745,-0.18786811334264597,1.0667816694410857,0.5611222444889858,0.0020401994861720674,0.5625000000000405,0.11544420759126783,1.1324466029574225,0.011795686878560252,0.009795686878560252,50.0
2026-04-09 14:30:00+00:00,2026-04-09 14:45:00+00:00,2026-04-09 15:35:00+00:00,SOLUSDT,FAILED_LOW_CVD_DIVERGENCE,LONG,1.0,81.51,82.65761147239643,81.96,81.36,81.83,81.31739583333334,82.65761147239643,82.65761147239643,PRIOR_VALUE_REACHED,1.7873031338339047,-0.06835076744969837,0.689370613819461,0.3520782396088155,0.003556536669119259,0.7249999999999698,0.2438169360251834,0.43380061911288614,0.01011379044844718,0.00811379044844718,50.0
2026-04-09 22:30:00+00:00,2026-04-09 22:45:00+00:00,2026-04-10 04:45:00+00:00,BTCUSDT,FAILED_HIGH_CVD_DIVERGENCE,SHORT,-1.0,72666.6,71467.56067083955,73128.0,72217.8,72284.1,73163.551875,71467.56067083955,71872.7,SIX_HOUR_CAP,5.605051533331263,0.26488532062549175,0.3455212931476869,1.2978218448393901,-0.00424288593386879,0.8930124673818649,-0.1400227091710604,2.5134456940324714,0.0056914314489633355,0.0036914314489633355,360.0
2026-04-10 21:00:00+00:00,2026-04-10 21:15:00+00:00,2026-04-11 03:15:00+00:00,BTCUSDT,FAILED_HIGH_CVD_DIVERGENCE,SHORT,-1.0,73255.7,72334.09011373129,73450.0,72995.8,73036.7,73484.43625,72334.09011373129,73003.0,SIX_HOUR_CAP,2.6680793590357386,0.2486635238035262,0.21869474262383262,0.5642310065701196,-0.003734799244310194,0.820989505247385,-0.20135871834576402,0.32922593096266134,0.0004614118655414945,-0.0015385881344585055,360.0
2026-04-12 15:00:00+00:00,2026-04-12 15:15:00+00:00,2026-04-12 15:35:00+00:00,ETHUSDT,FAILED_LOW_CVD_DIVERGENCE,LONG,1.0,2183.01,2249.583619942922,2191.58,2177.0,2183.16,2175.712,2249.583619942922,2175.712,BOUNDARY_EXTREME_INVALIDATED,2.0336121112486505,-0.03331900449685499,0.14510115989985398,0.46661490683231494,0.0015414258188823915,0.6746987951806547,0.43031883758053047,0.137688482261861,-0.0034115685520070826,-0.005411568552007083,20.0
2026-04-14 14:30:00+00:00,2026-04-14 14:45:00+00:00,2026-04-14 18:25:00+00:00,XRPUSDT,FAILED_HIGH_CVD_DIVERGENCE,SHORT,-1.0,1.3933,1.3622418144821127,1.395,1.384,1.3771,1.3957027083333333,1.3622418144821127,1.3622418144821127,PRIOR_VALUE_REACHED,3.283635592639229,0.054640182371622936,0.5160321278465669,0.2419211384524206,-0.007638538589032184,0.602272727272722,-0.10146946385358924,0.4099260459368449,0.010789474633568608,0.008789474633568608,220.0
2026-04-15 17:30:00+00:00,2026-04-15 17:45:00+00:00,2026-04-15 19:05:00+00:00,ETHUSDT,FAILED_HIGH_CVD_DIVERGENCE,SHORT,-1.0,2348.99,2326.310763249533,2358.84,2338.97,2341.46,2360.1304791666666,2326.310763249533,2360.1304791666666,BOUNDARY_EXTREME_INVALIDATED,1.9824612950862797,0.13854474346887313,0.8447997623662049,0.7632823725037813,-0.004083264570023726,0.5620608899297395,-0.1991498182727547,1.2783322126659504,-0.007973862105979501,-0.009973862105979501,80.0
2026-04-15 20:00:00+00:00,2026-04-15 20:15:00+00:00,2026-04-15 22:40:00+00:00,BTCUSDT,FAILED_HIGH_CVD_DIVERGENCE,SHORT,-1.0,74739.2,74091.42450001911,75240.0,74670.0,74625.8,75271.67708333333,74091.42450001911,75271.67708333333,BOUNDARY_EXTREME_INVALIDATED,4.167544142374025,0.16057585222085846,0.6825751937589094,1.5809536336731476,-0.004427830629808449,0.7603665521191161,-0.2552648983774689,4.497279121468807,-0.008654876508303211,-0.010654876508303211,145.0
2026-04-15 20:00:00+00:00,2026-04-15 20:15:00+00:00,2026-04-16 02:15:00+00:00,ETHUSDT,FAILED_HIGH_CVD_DIVERGENCE,SHORT,-1.0,2367.5,2330.2611859500216,2384.67,2363.4,2361.82,2385.9244375000003,2330.2611859500216,2351.31,SIX_HOUR_CAP,3.558320099278123,0.11503497721925005,0.7589201098284971,1.3687409695580735,-0.00500065299175545,0.7129129129129025,-0.3018026496341496,3.696258544967624,0.004449958083173278,0.0024499580831732776,360.0
2026-04-15 20:00:00+00:00,2026-04-15 20:15:00+00:00,2026-04-16 02:15:00+00:00,SOLUSDT,FAILED_HIGH_CVD_DIVERGENCE,SHORT,-1.0,85.19,83.71003624242144,85.81,85.12,84.95,85.85597916666667,83.71003624242144,84.83,SIX_HOUR_CAP,2.602881555473762,0.02565250231683458,0.40865996766483775,1.3484367920253815,-0.006200280767430955,0.6883116883116807,-0.168288461350507,1.4343234404489629,0.0014125956444968057,-0.0005874043555031943,360.0
2026-04-15 23:00:00+00:00,2026-04-15 23:15:00+00:00,2026-04-16 05:15:00+00:00,BTCUSDT,FAILED_HIGH_CVD_DIVERGENCE,SHORT,-1.0,75240.0,74207.83443461929,75425.6,74867.6,74712.6,75457.96291666667,74207.83443461929,74876.4,SIX_HOUR_CAP,2.5878684653450192,0.18979506051920092,0.5933482799716117,0.5734958993704411,-0.002918673504930469,0.8088017751478921,-0.04722916058754345,0.8806071415548227,-0.002192401281711387,-0.004192401281711387,360.0
2026-04-16 03:30:00+00:00,2026-04-16 03:45:00+00:00,2026-04-16 09:20:00+00:00,XRPUSDT,FAILED_HIGH_CVD_DIVERGENCE,SHORT,-1.0,1.4097,1.3792362373825215,1.415,1.4049,1.4063,1.4157002083333334,1.3792362373825215,1.4157002083333334,BOUNDARY_EXTREME_INVALIDATED,2.6393555469457697,0.027701290516702004,0.12012642217207045,0.7569175840523765,-0.003542832849146138,0.8474576271186236,-0.09521413433787485,0.23998551789321126,-0.006684354926639546,-0.008684354926639546,335.0
2026-04-16 09:30:00+00:00,2026-04-16 09:45:00+00:00,2026-04-16 13:20:00+00:00,XRPUSDT,FAILED_HIGH_CVD_DIVERGENCE,SHORT,-1.0,1.415,1.3875106236628818,1.4227,1.403,1.4105,1.4234683333333333,1.3875106236628818,1.4234683333333333,BOUNDARY_EXTREME_INVALIDATED,4.249248169792435,0.12989852395632973,0.718204056369303,1.0021691973969677,-0.0036730945821854544,0.7222222222222171,-0.0898774493440484,3.0584472878393214,-0.009194139194139028,-0.011194139194139028,215.0
2026-04-16 13:30:00+00:00,2026-04-16 13:45:00+00:00,2026-04-16 13:55:00+00:00,SOLUSDT,FAILED_HIGH_CVD_DIVERGENCE,SHORT,-1.0,85.81,84.74379681897385,86.25,85.29,85.7,86.29797916666666,84.74379681897385,84.74379681897385,PRIOR_VALUE_REACHED,2.8341065324018757,0.13500731898646734,0.25031331115842465,0.9170646982197087,-0.00464576074332157,0.6060606060605963,-0.10775021698318377,0.6505790771672599,0.01115756337253393,0.00915756337253393,10.0
2026-04-16 16:30:00+00:00,2026-04-16 16:45:00+00:00,2026-04-16 18:50:00+00:00,XRPUSDT,FAILED_HIGH_CVD_DIVERGENCE,SHORT,-1.0,1.4337,1.403039581867156,1.4412,1.4285,1.4227,1.44218625,1.403039581867156,1.44218625,BOUNDARY_EXTREME_INVALIDATED,3.5037858500883647,0.07949238615774346,0.7115419630957636,0.7604562737642647,-0.0069105123551584935,0.6875000000000029,-0.12009333255449806,1.8958864350106872,-0.013696668306740545,-0.015696668306740547,125.0
2026-04-16 20:30:00+00:00,2026-04-16 20:45:00+00:00,2026-04-17 02:35:00+00:00,BTCUSDT,FAILED_HIGH_CVD_DIVERGENCE,SHORT,-1.0,75425.6,74509.99780845207,75500.0,75066.0,75042.3,75536.49791666666,74509.99780845207,74509.99780845207,PRIOR_VALUE_REACHED,2.120275648508148,0.06304785001907609,0.42968652417376335,0.20384725155543781,-0.0015646641360618219,0.6021505376343997,-0.1418909417208717,0.18571582817221888,0.007093361897862027,0.005093361897862027,350.0
2026-04-17 17:00:00+00:00,2026-04-17 17:15:00+00:00,2026-04-17 23:15:00+00:00,ETHUSDT,FAILED_HIGH_CVD_DIVERGENCE,SHORT,-1.0,2456.32,2378.967171023128,2463.86,2446.32,2436.17,2465.4193333333333,2378.967171023128,2427.9,SIX_HOUR_CAP,3.1453145272406573,0.07623609022930888,0.11897807399266502,0.4835399743480099,-0.005640839350364524,0.6239277652370047,-0.10550999228668134,0.18095200445001502,0.003394672785560937,0.001394672785560937,360.0
2026-04-18 12:00:00+00:00,2026-04-18 12:15:00+00:00,2026-04-18 18:15:00+00:00,XRPUSDT,FAILED_LOW_CVD_DIVERGENCE,LONG,1.0,1.4288,1.4733457014255922,1.4369,1.4236,1.436,1.422601875,1.4733457014255922,1.4311,SIX_HOUR_CAP,2.3354473870395975,0.04499282243824987,0.11183878383277226,0.5209768315591823,0.0036343304445065616,0.7878787878787491,0.24483398471876727,0.13607581179251915,-0.003412256267409375,-0.005412256267409375,360.0
2026-04-18 19:00:00+00:00,2026-04-18 19:15:00+00:00,2026-04-19 01:15:00+00:00,XRPUSDT,FAILED_LOW_CVD_DIVERGENCE,LONG,1.0,1.4236,1.4573744371546016,1.4301,1.4226,1.4292,1.421834375,1.4573744371546016,1.4367,SIX_HOUR_CAP,1.6312362022778344,0.06604460924728794,0.4323178612762656,0.13061224489794482,0.002876991088344605,0.694915254237285,0.13780876452243573,0.09210939379005303,0.0052476910159531265,0.0032476910159531264,360.0
2026-04-19 06:30:00+00:00,2026-04-19 06:45:00+00:00,2026-04-19 07:25:00+00:00,XRPUSDT,FAILED_LOW_CVD_DIVERGENCE,LONG,1.0,1.4226,1.439513747118237,1.4307,1.4168,1.4288,1.4160635416666667,1.439513747118237,1.4160635416666667,BOUNDARY_EXTREME_INVALIDATED,3.5395378498568792,-0.11694188797098137,0.3231506957627724,0.787553041018392,0.004005340453938633,0.9661016949152581,0.060716582445869305,0.9008064121374906,-0.008914094578200804,-0.010914094578200804,40.0
2026-04-19 22:30:00+00:00,2026-04-19 22:45:00+00:00,2026-04-20 04:45:00+00:00,ETHUSDT,FAILED_LOW_CVD_DIVERGENCE,LONG,1.0,2271.52,2318.3058684142943,2274.6,2250.91,2272.26,2249.6664166666665,2318.3058684142943,2278.67,SIX_HOUR_CAP,4.766677185815013,-0.0367109658923761,0.29004635308028154,1.657307511894405,0.004380400910557691,0.8785460992908274,0.047772169367184425,2.291322655356745,0.0028209799934866275,0.0008209799934866275,360.0
2026-04-21 17:30:00+00:00,2026-04-21 17:45:00+00:00,2026-04-21 19:45:00+00:00,XRPUSDT,FAILED_LOW_CVD_DIVERGENCE,LONG,1.0,1.4185,1.4322265138870385,1.4283,1.4125,1.4263,1.4118510416666668,1.4322265138870385,1.4118510416666668,BOUNDARY_EXTREME_INVALIDATED,2.4741886490073988,-0.13925621968074642,0.7430402905163224,0.9245585874799416,0.005144467935165542,0.5658914728682103,0.09280268227324728,1.6997287111864814,-0.010130378134567186,-0.012130378134567186,120.0
2026-04-21 17:30:00+00:00,2026-04-21 17:45:00+00:00,2026-04-21 19:45:00+00:00,BTCUSDT,FAILED_LOW_CVD_DIVERGENCE,LONG,1.0,75242.5,76048.24344948198,75788.2,75017.8,75725.3,74981.86625,76048.24344948198,74981.86625,BOUNDARY_EXTREME_INVALIDATED,3.612939292535768,-0.07327806731906195,0.3451310368391966,0.6253174244268892,0.005764278210098617,0.6800376057662051,0.19690547454225404,0.7797317359599619,-0.00981750815117266,-0.01181750815117266,120.0
2026-04-21 17:30:00+00:00,2026-04-21 17:45:00+00:00,2026-04-21 19:40:00+00:00,SOLUSDT,FAILED_LOW_CVD_DIVERGENCE,LONG,1.0,84.95,85.71147531391458,85.72,84.65,85.51,84.60491666666667,85.71147531391458,84.60491666666667,BOUNDARY_EXTREME_INVALIDATED,2.840009698458936,-0.20637583396480041,0.40813206724313733,0.6654343807763324,0.006118366866690428,0.5531914893617144,0.1465865887743525,0.771304344769192,-0.010584532023545035,-0.012584532023545035,115.0
2026-04-21 17:30:00+00:00,2026-04-21 17:45:00+00:00,2026-04-21 19:05:00+00:00,ETHUSDT,FAILED_LOW_CVD_DIVERGENCE,LONG,1.0,2288.79,2316.8455649780094,2307.94,2280.82,2313.48,2279.5029583333335,2316.8455649780094,2316.8455649780094,PRIOR_VALUE_REACHED,3.0055406953555517,-0.11348322982361247,0.24290318659461327,0.6051441045271766,0.008311504918475876,0.7185380557648904,0.19550437750110716,0.44178872875670844,0.001454762945004573,-0.0005452370549954271,80.0
2026-04-21 20:00:00+00:00,2026-04-21 20:15:00+00:00,2026-04-21 20:30:00+00:00,SOLUSDT,FAILED_LOW_CVD_DIVERGENCE,LONG,1.0,84.65,85.60534094085577,85.48,84.26,85.32,84.21104166666667,85.60534094085577,85.60534094085577,PRIOR_VALUE_REACHED,2.253302163043686,-0.13707455628007514,0.26543015952633897,0.7965957446808513,0.009465215333648747,0.8163265306122505,0.10299357124097308,0.47643941619700053,0.0033443617071704512,0.0013443617071704512,15.0
2026-04-21 20:00:00+00:00,2026-04-21 20:15:00+00:00,2026-04-21 23:50:00+00:00,XRPUSDT,FAILED_LOW_CVD_DIVERGENCE,LONG,1.0,1.4125,1.4310550091582757,1.4283,1.4103,1.4238,1.4096089583333336,1.4310550091582757,1.4310550091582757,PRIOR_VALUE_REACHED,2.6436788065325474,-0.11469426637035629,0.528635481878475,0.3183599638227303,0.007785956964892371,0.8148148148148032,0.0690114104360422,0.44492155421565915,0.005095525465848905,0.0030955254658489046,215.0
2026-04-22 14:30:00+00:00,2026-04-22 14:45:00+00:00,2026-04-22 19:40:00+00:00,XRPUSDT,FAILED_HIGH_CVD_DIVERGENCE,SHORT,-1.0,1.4608,1.43802247739882,1.4622,1.4539,1.4516,1.4629075,1.43802247739882,1.43802247739882,PRIOR_VALUE_REACHED,1.6330562973556286,0.021271760114430993,0.7019263250429059,0.1978798586572222,-0.004184674487205831,0.8356164383561794,-0.29436955229187955,0.22682675442363825,0.009353487600702759,0.007353487600702759,295.0
2026-04-23 04:00:00+00:00,2026-04-23 04:15:00+00:00,2026-04-23 10:15:00+00:00,XRPUSDT,FAILED_LOW_CVD_DIVERGENCE,LONG,1.0,1.4132,1.443986542739007,1.4155,1.4104,1.4175,1.4098000000000002,1.443986542739007,1.4098000000000002,BOUNDARY_EXTREME_INVALIDATED,2.0684916652325684,0.16962580583837683,0.11797088589596808,0.46666666666665185,0.00155444075461042,0.5641025641025568,0.09208319977477353,0.11387683730075547,-0.005432098765431936,-0.007432098765431936,360.0
2026-04-24 12:30:00+00:00,2026-04-24 12:45:00+00:00,2026-04-24 14:30:00+00:00,SOLUSDT,FAILED_HIGH_CVD_DIVERGENCE,SHORT,-1.0,86.61,85.6339438698432,86.75,86.1,86.23,86.79189583333333,85.6339438698432,85.6339438698432,PRIOR_VALUE_REACHED,3.3333915445606435,0.033708068679678904,0.49608991174578626,0.3341621084037811,-0.0023140113386556083,0.8333333333333629,-0.1890511034628799,0.5525911528236337,0.006912398586997659,0.004912398586997659,105.0
2026-04-24 18:30:00+00:00,2026-04-24 18:45:00+00:00,2026-04-24 22:40:00+00:00,BTCUSDT,FAILED_LOW_CVD_DIVERGENCE,LONG,1.0,77355.8,77885.95978239838,77681.6,77308.0,77544.5,77276.36395833333,77885.95978239838,77276.36395833333,BOUNDARY_EXTREME_INVALIDATED,1.2476724571086912,-0.13934041459674407,0.8225827723918331,0.15109349173214487,0.001070207690003766,0.5273536895674028,0.24951683428085758,0.15506934605093398,-0.003457834426254247,-0.005457834426254247,235.0
2026-04-24 23:00:00+00:00,2026-04-24 23:15:00+00:00,2026-04-25 05:15:00+00:00,BTCUSDT,FAILED_LOW_CVD_DIVERGENCE,LONG,1.0,77308.0,77862.60892814762,77500.1,77206.8,77344.0,77177.30833333333,77862.60892814762,77469.1,SIX_HOUR_CAP,1.1581813058628403,-0.1578829681376469,0.6669778281969296,0.3431477818592728,0.0006391132110132869,0.6639784946234998,0.1955801718483241,0.2650752281663199,0.0016174493173355398,-0.0003825506826644603,360.0
2026-04-27 02:00:00+00:00,2026-04-27 02:15:00+00:00,2026-04-27 03:50:00+00:00,XRPUSDT,FAILED_HIGH_CVD_DIVERGENCE,SHORT,-1.0,1.4443,1.427704947454528,1.4457,1.4361,1.4411,1.446164375,1.427704947454528,1.446164375,BOUNDARY_EXTREME_INVALIDATED,1.4864685627800576,-0.044596798023424755,0.2192454534440616,0.30148048452222176,-0.002146517102894263,0.5438596491227824,-0.12925479233640436,0.09825293431125721,-0.003514242592463912,-0.005514242592463912,95.0
2026-04-27 09:00:00+00:00,2026-04-27 09:15:00+00:00,2026-04-27 13:50:00+00:00,ETHUSDT,FAILED_LOW_CVD_DIVERGENCE,LONG,1.0,2308.8,2352.7011413657638,2318.3,2307.42,2320.22,2306.259395833333,2352.7011413657638,2306.259395833333,BOUNDARY_EXTREME_INVALIDATED,1.6873433196023668,0.21121467060387666,0.6584203856693308,0.11890358828915543,0.0008325101691331049,0.6454849498326701,0.17989622721116616,0.1320996558686577,-0.006016931224912536,-0.008016931224912536,275.0
2026-04-27 09:00:00+00:00,2026-04-27 09:15:00+00:00,2026-04-27 12:40:00+00:00,SOLUSDT,FAILED_LOW_CVD_DIVERGENCE,LONG,1.0,85.02,86.57184942873376,85.46,84.94,85.54,84.8996875,86.57184942873376,84.8996875,BOUNDARY_EXTREME_INVALIDATED,1.393345056889886,0.09389210240711643,0.14613673089971252,0.19844961240309675,0.0010532475131657115,0.7500000000000888,0.024260741760263382,0.04040809012175534,-0.007485533083937401,-0.009485533083937401,205.0
2026-04-27 14:00:00+00:00,2026-04-27 14:15:00+00:00,2026-04-27 15:20:00+00:00,XRPUSDT,FAILED_LOW_CVD_DIVERGENCE,LONG,1.0,1.4038,1.4252611865242595,1.4101,1.3929,1.4043,1.3923183333333333,1.4252611865242595,1.3923183333333333,BOUNDARY_EXTREME_INVALIDATED,6.7433042300443775,-0.01487451706747478,0.27218885846200247,1.8739255014326515,0.00235546038543899,0.5,0.05416556492468594,3.43950083534984,-0.008532127513114607,-0.010532127513114607,65.0
2026-04-28 07:30:00+00:00,2026-04-28 07:45:00+00:00,2026-04-28 11:20:00+00:00,BTCUSDT,FAILED_LOW_CVD_DIVERGENCE,LONG,1.0,76400.0,77188.34580821625,76677.1,76324.1,76806.5,76298.22791666667,77188.34580821625,76298.22791666667,BOUNDARY_EXTREME_INVALIDATED,1.789489067852364,-0.21952254981931563,0.6336880979386137,0.29336640200986613,0.0025662479653414394,0.7614252517428661,0.2792340313007462,0.3326710234313507,-0.006617566004613273,-0.008617566004613273,215.0
2026-04-28 13:30:00+00:00,2026-04-28 13:45:00+00:00,2026-04-28 14:30:00+00:00,SOLUSDT,FAILED_LOW_CVD_DIVERGENCE,LONG,1.0,83.19,84.28818112676336,83.66,83.13,83.72,83.09231249999999,84.28818112676336,83.09231249999999,BOUNDARY_EXTREME_INVALIDATED,1.4937111982068958,-0.10886771107504922,0.3659077888694285,0.15920398009950812,0.0035962598897145703,0.5999999999999943,0.1277522040699448,0.08701461679528903,-0.00749746177735322,-0.00949746177735322,45.0
2026-04-28 15:00:00+00:00,2026-04-28 15:15:00+00:00,2026-04-28 21:15:00+00:00,XRPUSDT,FAILED_LOW_CVD_DIVERGENCE,LONG,1.0,1.368,1.388983209595962,1.3728,1.3668,1.3712,1.3662752083333334,1.388983209595962,1.3812,SIX_HOUR_CAP,2.432004571624466,0.082012887216385,0.5103899294577313,0.22866216752681248,0.0013144442821673152,0.6666666666666392,0.24181174557737606,0.28383163543047646,0.007292882147024615,0.005292882147024615,360.0
2026-04-29 17:30:00+00:00,2026-04-29 17:45:00+00:00,2026-04-29 18:10:00+00:00,SOLUSDT,FAILED_LOW_CVD_DIVERGENCE,LONG,1.0,82.9,84.16040102424854,83.25,82.68,83.02,82.64464583333334,84.16040102424854,82.64464583333334,BOUNDARY_EXTREME_INVALIDATED,2.5061808588215637,-0.04980508561051167,0.33614219384749244,0.622274602239243,0.0022938548834963157,0.826086956521766,0.2111828625587031,0.5242247421675841,-0.004521249899622437,-0.006521249899622437,25.0
2026-05-01 08:30:00+00:00,2026-05-01 08:45:00+00:00,2026-05-01 11:25:00+00:00,BTCUSDT,FAILED_HIGH_CVD_DIVERGENCE,SHORT,-1.0,77421.2,76489.91404321828,77480.0,77010.5,77339.9,77504.22541666667,76489.91404321828,77504.22541666667,BOUNDARY_EXTREME_INVALIDATED,3.1023715048506264,0.13871621997332473,0.201180063160048,0.24272028344886856,-0.0008332859630718614,0.5847688123300708,-0.17700606266895547,0.15149029578366466,-0.002124717211512639,-0.004124717211512639,160.0
2026-05-04 10:30:00+00:00,2026-05-04 10:45:00+00:00,2026-05-04 14:40:00+00:00,BTCUSDT,FAILED_LOW_CVD_DIVERGENCE,LONG,1.0,78235.4,79453.39446090313,79851.3,78128.3,78888.1,78095.41541666667,79453.39446090313,79453.39446090313,PRIOR_VALUE_REACHED,21.75065193710549,-0.17136332484473926,0.41220046989211306,0.3256845279576035,0.0053819625875222155,0.7164913471326894,0.022370150508615128,2.9199666320768167,0.007165776091744291,0.005165776091744291,235.0
2026-05-04 10:30:00+00:00,2026-05-04 10:45:00+00:00,2026-05-04 14:30:00+00:00,SOLUSDT,FAILED_LOW_CVD_DIVERGENCE,LONG,1.0,83.29,84.65997564144948,85.04,83.18,84.02,83.14,84.65997564144948,84.65997564144948,PRIOR_VALUE_REACHED,12.320710955443898,-0.17537278165878933,0.3078228839528368,0.27499999999999913,0.006227544910179628,0.6753246753246737,0.15401290678324586,1.0429641141298611,0.007616944078189469,0.005616944078189469,225.0
2026-05-06 11:30:00+00:00,2026-05-06 11:45:00+00:00,2026-05-06 13:30:00+00:00,ETHUSDT,FAILED_HIGH_CVD_DIVERGENCE,SHORT,-1.0,2417.9,2381.216861346151,2422.52,2406.91,2408.18,2423.6435,2381.216861346151,2381.216861346151,PRIOR_VALUE_REACHED,5.135363650281632,-0.0004247372607363298,0.11659264876201723,0.4112149532710178,-0.002150519812544327,0.5226586102718935,-0.051328666823049596,0.2462131646268233,0.011196479770552492,0.009196479770552492,105.0
2026-05-07 15:30:00+00:00,2026-05-07 15:45:00+00:00,2026-05-07 21:00:00+00:00,XRPUSDT,FAILED_LOW_CVD_DIVERGENCE,LONG,1.0,1.3902,1.412636949795471,1.394,1.3823,1.3921,1.381725,1.412636949795471,1.381725,BOUNDARY_EXTREME_INVALIDATED,4.227624012695277,-0.19886681462108124,0.20886255003381188,1.3739130434782627,0.0036046427799003578,0.7575757575757484,0.22279089619403125,1.2131546820553274,-0.00745276919761495,-0.00945276919761495,315.0
2026-05-08 16:00:00+00:00,2026-05-08 16:15:00+00:00,2026-05-08 17:20:00+00:00,XRPUSDT,FAILED_HIGH_CVD_DIVERGENCE,SHORT,-1.0,1.3962,1.3864154097331862,1.3976,1.3846,1.3929,1.3981239583333334,1.3864154097331862,1.3981239583333334,BOUNDARY_EXTREME_INVALIDATED,1.932541090644697,0.07318628599085408,0.2663653676377696,0.2671968190854583,-0.0027920962199312616,0.9285714285714362,-0.027640792870195274,0.1375427738182352,-0.003750418790532839,-0.005750418790532839,65.0
2026-05-08 19:30:00+00:00,2026-05-08 19:45:00+00:00,2026-05-09 01:05:00+00:00,XRPUSDT,FAILED_HIGH_CVD_DIVERGENCE,SHORT,-1.0,1.4239,1.3916064264605876,1.4265,1.4168,1.4199,1.4270489583333335,1.3916064264605876,1.4270489583333335,BOUNDARY_EXTREME_INVALIDATED,2.2249370933348334,-0.06850993970175645,0.37131878131854257,0.4736242884250772,-0.0020382344672478236,0.7631578947368698,-0.2943144796725794,0.3912898825994073,-0.005034832265183198,-0.007034832265183198,320.0
2026-05-09 18:30:00+00:00,2026-05-09 18:45:00+00:00,2026-05-10 00:45:00+00:00,ETHUSDT,FAILED_HIGH_CVD_DIVERGENCE,SHORT,-1.0,2332.95,2314.7938807629116,2337.79,2328.48,2330.44,2338.400125,2314.7938807629116,2326.28,SIX_HOUR_CAP,1.076085511046485,0.21032994418049422,0.39659470599215485,0.7932800655603558,-0.0022178265300005773,0.7410586552217451,-0.1425401236053746,0.33854798831049376,0.0017850706304388675,-0.00021492936956113255,360.0
2026-05-12 02:00:00+00:00,2026-05-12 02:15:00+00:00,2026-05-12 07:50:00+00:00,ETHUSDT,FAILED_LOW_CVD_DIVERGENCE,LONG,1.0,2302.51,2330.1163081309132,2322.83,2292.94,2314.55,2291.9560833333335,2330.1163081309132,2291.9560833333335,BOUNDARY_EXTREME_INVALIDATED,5.815255487623914,-0.17660534773204728,0.29383043118480695,0.9726433471669548,0.0019046382269549689,0.5500000000000114,0.02558766997018025,1.661954741290198,-0.00976168873719152,-0.01176168873719152,335.0
2026-05-12 08:30:00+00:00,2026-05-12 08:45:00+00:00,2026-05-12 11:10:00+00:00,ETHUSDT,FAILED_LOW_CVD_DIVERGENCE,LONG,1.0,2290.0,2321.714334578617,2295.5,2278.41,2291.05,2277.4602083333334,2321.714334578617,2277.4602083333334,BOUNDARY_EXTREME_INVALIDATED,3.9919634262581347,-0.11028227655603418,0.162196208925116,1.2202676025444374,0.002020617294209881,0.897087378640828,0.1869851942704992,0.7901004950187085,-0.005931687072157632,-0.007931687072157632,145.0
2026-05-12 11:30:00+00:00,2026-05-12 11:45:00+00:00,2026-05-12 13:40:00+00:00,XRPUSDT,FAILED_LOW_CVD_DIVERGENCE,LONG,1.0,1.4464,1.4675324940492955,1.4514,1.4429,1.4479,1.4420672916666668,1.4675324940492955,1.4420672916666668,BOUNDARY_EXTREME_INVALIDATED,1.87041921792317,-0.07509673663275163,0.907258843619071,0.4203152364273012,0.001591034864416141,0.8518518518518641,0.25022981012022383,0.7132557800640775,-0.00402839169371727,-0.00602839169371727,115.0
2026-05-12 14:00:00+00:00,2026-05-12 14:15:00+00:00,2026-05-12 14:35:00+00:00,ETHUSDT,FAILED_LOW_CVD_DIVERGENCE,LONG,1.0,2276.31,2311.3689669300543,2284.45,2267.69,2278.56,2266.7119375,2311.3689669300543,2266.7119375,BOUNDARY_EXTREME_INVALIDATED,3.8936333516530235,-0.06709562366882282,0.10301457685614333,0.8813342705604092,0.0032891695177204028,0.6564147627416281,0.09095736978980029,0.3535040503406643,-0.005199802726283176,-0.007199802726283176,20.0
2026-05-12 14:00:00+00:00,2026-05-12 14:15:00+00:00,2026-05-12 15:25:00+00:00,BTCUSDT,FAILED_LOW_CVD_DIVERGENCE,LONG,1.0,80394.0,81205.76522755198,80849.4,80360.9,80674.3,80333.016875,81205.76522755198,80333.016875,BOUNDARY_EXTREME_INVALIDATED,3.3923928382784605,-0.10056391744903781,0.4885710527921617,0.11870979310965264,0.0029925304847724377,0.7338414634146253,0.05938730716081064,0.1967525717794318,-0.004230382228293306,-0.006230382228293306,70.0
2026-05-12 17:00:00+00:00,2026-05-12 17:15:00+00:00,2026-05-12 23:15:00+00:00,BTCUSDT,FAILED_LOW_CVD_DIVERGENCE,LONG,1.0,80132.3,81041.41046540308,80307.6,79801.0,80178.9,79773.89770833333,81041.41046540308,80571.3,SIX_HOUR_CAP,4.3511100025009215,-0.12090052463647594,0.8122175552135373,1.2224058543634941,0.0026485892323215854,0.7775330396475509,0.06645710890019774,4.320040877639741,0.004894055668012598,0.002894055668012598,360.0
2026-05-14 13:30:00+00:00,2026-05-14 13:45:00+00:00,2026-05-14 14:40:00+00:00,XRPUSDT,FAILED_HIGH_CVD_DIVERGENCE,SHORT,-1.0,1.4517,1.4276556599950865,1.4594,1.4472,1.446,1.4600779166666666,1.4276556599950865,1.4600779166666666,BOUNDARY_EXTREME_INVALIDATED,4.037050118030051,0.07060455569627488,0.43081044762047876,1.1358328211432123,-0.0021392588503209575,0.5254237288135752,-0.2006981111478171,1.9754442684883975,-0.00973576532964504,-0.01173576532964504,55.0
2026-05-20 13:00:00+00:00,2026-05-20 13:15:00+00:00,2026-05-20 14:15:00+00:00,BTCUSDT,FAILED_HIGH_CVD_DIVERGENCE,SHORT,-1.0,77639.3,76882.2021412712,77733.0,77462.5,77433.1,77756.23604166666,76882.2021412712,76882.2021412712,PRIOR_VALUE_REACHED,1.362476379201317,0.3281336892422657,0.13242770393082864,0.4032528489325903,-0.002024740237813405,0.8064681724845427,-0.1494210178719536,0.07275875771518059,0.007114500888235176,0.005114500888235176,60.0
2026-05-21 08:30:00+00:00,2026-05-21 08:45:00+00:00,2026-05-21 10:30:00+00:00,BTCUSDT,FAILED_HIGH_CVD_DIVERGENCE,SHORT,-1.0,78150.0,77525.03652095413,78180.0,77846.1,77900.0,78205.041875,77525.03652095413,77525.03652095413,PRIOR_VALUE_REACHED,2.570653566468815,0.09954505940637426,0.23916810281345025,0.11979933611201306,-0.0014983932968368752,0.6999999999999651,-0.12503345665784948,0.07365482854015279,0.0048133951097030225,0.0028133951097030225,105.0
2026-05-24 22:00:00+00:00,2026-05-24 22:15:00+00:00,2026-05-25 04:15:00+00:00,XRPUSDT,FAILED_LOW_CVD_DIVERGENCE,LONG,1.0,1.3377,1.3569098162234723,1.3411,1.3315,1.3483,1.3310454166666665,1.3569098162234723,1.3454,SIX_HOUR_CAP,2.4526814037280653,-0.17587384139763806,0.7079014908840593,1.3638863428047587,0.009962546816479456,0.9047619047619149,0.23012548134633026,2.3680569676220813,-0.0021508566342802737,-0.004150856634280274,360.0
2026-05-25 14:30:00+00:00,2026-05-25 14:45:00+00:00,2026-05-25 14:50:00+00:00,SOLUSDT,FAILED_HIGH_CVD_DIVERGENCE,SHORT,-1.0,86.2,85.285579235877,86.34,85.89,86.18,86.38077083333334,85.285579235877,86.38077083333334,BOUNDARY_EXTREME_INVALIDATED,1.3219856772879108,0.23182292453433573,0.5231955507443873,0.3433827286663268,-0.0017375188231204541,0.6521739130434299,-0.11047653393122925,0.23750307637570456,-0.002329668523245898,-0.004329668523245898,5.0
2026-05-25 23:00:00+00:00,2026-05-25 23:15:00+00:00,2026-05-26 00:40:00+00:00,SOLUSDT,FAILED_LOW_CVD_DIVERGENCE,LONG,1.0,84.72,85.6743869972245,85.25,84.64,85.02,84.60408333333334,85.6743869972245,84.60408333333334,BOUNDARY_EXTREME_INVALIDATED,2.770545584153174,-0.03942720025149227,0.7705229642312318,0.22273781902551734,0.003185840707964571,0.7499999999999901,0.28248713348100085,0.4754937903011211,-0.004891986199325626,-0.0068919861993256264,85.0
2026-05-26 18:00:00+00:00,2026-05-26 18:15:00+00:00,2026-05-27 00:15:00+00:00,ETHUSDT,FAILED_LOW_CVD_DIVERGENCE,LONG,1.0,2063.0,2105.0115942304597,2072.89,2053.0,2074.81,2051.912625,2105.0115942304597,2077.92,SIX_HOUR_CAP,7.0374237331568095,0.07079163553535062,0.202449317612049,0.9196459363145228,0.0023720952703027987,0.5336956521739078,0.1243608174780706,1.3102394597304892,0.001498932432367317,-0.000501067567632683,360.0
2026-05-26 18:00:00+00:00,2026-05-26 18:15:00+00:00,2026-05-27 00:15:00+00:00,SOLUSDT,FAILED_LOW_CVD_DIVERGENCE,LONG,1.0,83.36,84.83765416905345,83.79,83.08,83.7,83.031875,84.83765416905345,83.84,SIX_HOUR_CAP,3.867718389333966,0.06590579911834005,0.23727419092627142,0.5818181818181847,0.0021551724137931494,0.5294117647059192,0.07186562689998022,0.5339402190893864,0.001672640382317736,-0.000327359617682264,360.0
2026-05-26 23:00:00+00:00,2026-05-26 23:15:00+00:00,2026-05-27 03:50:00+00:00,BTCUSDT,FAILED_LOW_CVD_DIVERGENCE,LONG,1.0,75711.0,76784.77093755513,75845.8,75641.2,75867.6,75609.33499999999,76784.77093755513,75609.33499999999,BOUNDARY_EXTREME_INVALIDATED,1.2050390330909067,0.05584168575605131,0.25232297110158547,0.2190491134473654,0.001820950036775626,0.7552026286966284,0.08151256181388788,0.06660386076503338,-0.0034041540789482294,-0.0054041540789482295,275.0
2026-05-27 05:00:00+00:00,2026-05-27 05:15:00+00:00,2026-05-27 11:15:00+00:00,BTCUSDT,FAILED_LOW_CVD_DIVERGENCE,LONG,1.0,75467.0,76657.88960280469,75575.7,75277.8,75596.0,75246.75895833333,76657.88960280469,75918.9,SIX_HOUR_CAP,3.5454931392331233,-0.05801962518994319,0.18783905550035546,0.6095156278314235,0.0007015871755158276,0.7210884353741497,0.17693412912905315,0.4059264871739285,0.0042713900206359234,0.0022713900206359234,360.0
2026-05-27 18:30:00+00:00,2026-05-27 18:45:00+00:00,2026-05-27 21:45:00+00:00,BTCUSDT,FAILED_LOW_CVD_DIVERGENCE,LONG,1.0,74645.0,75503.1196036595,74926.2,74632.0,74953.3,74606.538125,75503.1196036595,74606.538125,BOUNDARY_EXTREME_INVALIDATED,1.9220024300833316,-0.10648582623434055,0.20974679026888385,0.05105672696924318,0.0009682054678903373,0.6149279050042712,0.1729275611189358,0.0205826944315242,-0.004626372354519348,-0.006626372354519348,180.0
2026-05-28 19:00:00+00:00,2026-05-28 19:15:00+00:00,2026-05-29 01:15:00+00:00,XRPUSDT,FAILED_HIGH_CVD_DIVERGENCE,SHORT,-1.0,1.3368,1.299587014665693,1.3379,1.3315,1.3254,1.3387445833333333,1.299587014665693,1.3142,SIX_HOUR_CAP,1.4938178833589029,-0.039568801181540936,0.793950961003827,0.1302417365564993,-0.0062977957714801525,0.8936170212766084,-0.029006366473480094,0.15446906266956562,0.008450279161007934,0.006450279161007934,360.0
2026-06-01 02:30:00+00:00,2026-06-01 02:45:00+00:00,2026-06-01 02:50:00+00:00,BTCUSDT,FAILED_LOW_CVD_DIVERGENCE,LONG,1.0,73235.0,73753.45057831012,73539.6,73171.0,73752.5,73152.67666666667,73753.45057831012,73753.45057831012,PRIOR_VALUE_REACHED,1.5775226056857652,0.10520966086905603,0.15270213557215825,0.34928142623248826,0.003488620484624283,0.5926953305593868,0.04680653006609026,0.0841387767762444,1.2888760518192655e-05,-0.0019871112394818074,5.0
2026-06-01 12:30:00+00:00,2026-06-01 12:45:00+00:00,2026-06-01 14:00:00+00:00,ETHUSDT,FAILED_LOW_CVD_DIVERGENCE,LONG,1.0,1970.3,1999.2620184439945,1988.41,1965.89,1992.06,1964.9869375,1999.2620184439945,1964.9869375,BOUNDARY_EXTREME_INVALIDATED,5.642436054563128,-0.0028253265590786336,0.14774526200823587,0.4883382933074779,0.0028594730112061484,0.6367713004484232,0.07937615280026167,0.407099894217219,-0.013590485477344982,-0.015590485477344982,75.0
2026-06-01 15:30:00+00:00,2026-06-01 15:45:00+00:00,2026-06-01 16:15:00+00:00,SOLUSDT,FAILED_LOW_CVD_DIVERGENCE,LONG,1.0,79.2,81.29457993119782,79.87,79.15,79.84,79.1021875,81.29457993119782,79.1021875,BOUNDARY_EXTREME_INVALIDATED,2.3854008071116435,-0.16297589483430552,0.10222218417483318,0.10457516339868679,0.00782630648826066,0.7654320987654356,0.16913122091571786,0.025499699935722677,-0.009241138527054105,-0.011241138527054105,30.0
2026-06-01 16:30:00+00:00,2026-06-01 16:45:00+00:00,2026-06-01 22:45:00+00:00,BTCUSDT,FAILED_LOW_CVD_DIVERGENCE,LONG,1.0,71035.3,72518.3846444733,71172.7,70650.9,71315.0,70620.36354166667,72518.3846444733,71116.4,SIX_HOUR_CAP,6.837787321585074,-0.0649920448121376,0.6655346361421499,1.2588231280914481,0.0034402459529621066,0.7876932989690869,0.10011412288622634,5.728632524130423,-0.0027848278763233925,-0.0047848278763233925,360.0
2026-06-01 16:30:00+00:00,2026-06-01 16:45:00+00:00,2026-06-01 17:50:00+00:00,SOLUSDT,FAILED_LOW_CVD_DIVERGENCE,LONG,1.0,79.15,81.1476816837816,79.73,79.06,79.83,79.01089583333334,81.1476816837816,81.1476816837816,PRIOR_VALUE_REACHED,3.1917731203143394,-0.026498336759916086,0.25103374603356543,0.18328383538396945,0.0017568076295646495,0.518518518518501,0.07335888336050944,0.14685484665461562,0.016506096502337364,0.014506096502337364,65.0
2026-06-02 09:30:00+00:00,2026-06-02 09:45:00+00:00,2026-06-02 12:15:00+00:00,SOLUSDT,FAILED_LOW_CVD_DIVERGENCE,LONG,1.0,79.06,80.32587265057765,79.61,78.71,79.1,78.65508333333332,80.32587265057765,78.65508333333332,BOUNDARY_EXTREME_INVALIDATED,3.3297637526841024,-0.35692721392858295,0.39430516507710106,0.6373292867981946,0.00291619120070985,0.534883720930218,0.07704232376749243,0.8367770552220812,-0.005624736620311932,-0.007624736620311932,150.0
2026-06-02 12:30:00+00:00,2026-06-02 12:45:00+00:00,2026-06-02 14:10:00+00:00,SOLUSDT,FAILED_LOW_CVD_DIVERGENCE,LONG,1.0,78.71,80.15025332957,79.02,78.56,79.1,78.50502083333333,80.15025332957,78.50502083333333,BOUNDARY_EXTREME_INVALIDATED,1.534045838121252,-0.1393074526290139,0.907737769007502,0.2728306176581885,0.002407806361677922,0.5,0.28296262132528605,0.37991973080294517,-0.007521860514117074,-0.009521860514117074,85.0
2026-06-02 16:00:00+00:00,2026-06-02 16:15:00+00:00,2026-06-02 19:35:00+00:00,ETHUSDT,FAILED_LOW_CVD_DIVERGENCE,LONG,1.0,1906.0,1972.2191541836871,1918.23,1888.0,1932.49,1886.7532083333333,1972.2191541836871,1886.7532083333333,BOUNDARY_EXTREME_INVALIDATED,10.876835974825301,0.015229951088166382,0.3983102030166129,1.443705510811079,0.009602373949250564,0.7378562826174246,0.14802612182204222,6.254644420594113,-0.023667285039853603,-0.025667285039853605,200.0
2026-06-02 16:00:00+00:00,2026-06-02 16:15:00+00:00,2026-06-02 19:25:00+00:00,XRPUSDT,FAILED_LOW_CVD_DIVERGENCE,LONG,1.0,1.2235,1.2688062331900203,1.2282,1.2162,1.2366,1.21538375,1.2688062331900203,1.21538375,BOUNDARY_EXTREME_INVALIDATED,6.643636982229344,-0.007693225528530689,0.44810935431057897,0.894333843797867,0.012610547002947836,0.8700564971751418,0.013734848661305143,2.6624997135901,-0.017156922206048808,-0.01915692220604881,190.0
2026-06-03 04:00:00+00:00,2026-06-03 04:15:00+00:00,2026-06-03 06:20:00+00:00,XRPUSDT,FAILED_LOW_CVD_DIVERGENCE,LONG,1.0,1.1926,1.2366567076019879,1.2114,1.1886,1.2078,1.1874875,1.2366567076019879,1.2366567076019879,PRIOR_VALUE_REACHED,3.749495463601857,-0.01031913964498199,0.2546362317261439,0.3595505617977531,0.008769731896767663,0.6774193548387134,0.056622069065459524,0.34328355801378824,0.023891958604063568,0.021891958604063566,125.0
2026-06-03 16:30:00+00:00,2026-06-03 16:45:00+00:00,2026-06-03 19:35:00+00:00,SOLUSDT,FAILED_LOW_CVD_DIVERGENCE,LONG,1.0,72.21,74.76573784181647,73.43,71.92,72.65,71.8426875,74.76573784181647,71.8426875,BOUNDARY_EXTREME_INVALIDATED,6.094849400571253,-0.046963421942768924,0.846126612976655,0.37510105092965873,0.004146510020732741,0.6666666666666877,0.3099930216637248,1.9344014760528045,-0.011112353750860393,-0.013112353750860393,170.0
2026-06-03 21:00:00+00:00,2026-06-03 21:15:00+00:00,2026-06-04 01:25:00+00:00,ETHUSDT,FAILED_LOW_CVD_DIVERGENCE,LONG,1.0,1791.96,1855.219784675955,1809.47,1767.71,1796.79,1766.0014791666667,1855.219784675955,1766.0014791666667,BOUNDARY_EXTREME_INVALIDATED,4.9699461814616,-0.1599842067741618,0.2144834067456352,1.4193564121011104,0.009183123272898719,0.6242840778923205,0.16720334755734445,1.5129927574174653,-0.01713529173322048,-0.019135291733220483,250.0
2026-06-03 21:00:00+00:00,2026-06-03 21:15:00+00:00,2026-06-03 23:05:00+00:00,BTCUSDT,FAILED_LOW_CVD_DIVERGENCE,LONG,1.0,65199.0,66576.77577246349,65539.9,64711.1,65371.2,64662.457916666666,66576.77577246349,64662.457916666666,BOUNDARY_EXTREME_INVALIDATED,5.017395212061313,-0.1805536889107039,0.2859442092843756,1.0030409196426326,0.006147282359423523,0.6328632546347569,0.20604141642780371,1.4390578991108722,-0.01084180928808609,-0.01284180928808609,110.0
2026-06-03 21:00:00+00:00,2026-06-03 21:15:00+00:00,2026-06-04 01:20:00+00:00,XRPUSDT,FAILED_LOW_CVD_DIVERGENCE,LONG,1.0,1.1886,1.2208647111434112,1.2061,1.1858,1.2021,1.1847172916666666,1.2208647111434112,1.1847172916666666,BOUNDARY_EXTREME_INVALIDATED,3.7680107683342343,-0.0651147392851612,0.9472514530487142,0.2586107369636452,0.0076278290025144635,0.5870967741935468,0.2249876572544125,0.9230473234074119,-0.014460284779413857,-0.01646028477941386,245.0
2026-06-04 02:30:00+00:00,2026-06-04 02:45:00+00:00,2026-06-04 08:45:00+00:00,SOLUSDT,FAILED_LOW_CVD_DIVERGENCE,LONG,1.0,68.31,72.76684603772225,69.55,66.59,70.04,66.50191666666667,72.76684603772225,68.83,SIX_HOUR_CAP,11.971361760287966,-0.041452223635690455,0.4440478897708978,1.952696310312205,0.011407942238267132,0.7314814814814884,0.08631729139564759,10.380256160860492,-0.01727584237578539,-0.01927584237578539,360.0
2026-06-04 02:30:00+00:00,2026-06-04 02:45:00+00:00,2026-06-04 08:45:00+00:00,XRPUSDT,FAILED_LOW_CVD_DIVERGENCE,LONG,1.0,1.1557,1.2123434225620424,1.1807,1.1407,1.1819,1.1394956250000001,1.2123434225620424,1.163,SIX_HOUR_CAP,7.281481136891971,0.008160240450343359,0.7108467977024567,1.245459263103261,0.004163126593033084,0.5384615384615347,0.06329636488324297,6.44651900200162,-0.01599120060918857,-0.017991200609188573,360.0
2026-06-04 02:30:00+00:00,2026-06-04 02:45:00+00:00,2026-06-04 08:45:00+00:00,ETHUSDT,FAILED_LOW_CVD_DIVERGENCE,LONG,1.0,1754.16,1833.2608943365137,1771.75,1712.52,1773.17,1710.6180416666666,1833.2608943365137,1768.13,SIX_HOUR_CAP,9.726407717222271,-0.05501378147581426,0.27110614850429265,2.1893224089206353,0.0044240268273894046,0.5446304044630556,0.07233330846640817,5.773000035227214,-0.0028423670601239737,-0.004842367060123974,360.0
2026-06-04 02:30:00+00:00,2026-06-04 02:45:00+00:00,2026-06-04 08:45:00+00:00,BTCUSDT,FAILED_LOW_CVD_DIVERGENCE,LONG,1.0,62066.6,65615.79258680424,63090.0,61344.8,63371.8,61289.06229166667,65615.79258680424,63382.4,SIX_HOUR_CAP,12.238195949716479,-0.0305767857286966,0.1175843843404664,1.2949940382969285,0.006422370941153721,0.6641484644440883,0.04626759017269633,1.8635232743457526,0.00016726682846313068,-0.0018327331715368694,360.0
2026-06-05 14:30:00+00:00,2026-06-05 14:45:00+00:00,2026-06-05 15:40:00+00:00,BTCUSDT,FAILED_LOW_CVD_DIVERGENCE,LONG,1.0,60690.8,62809.162639500966,61217.8,60300.0,60809.7,60239.19875,62809.162639500966,60239.19875,BOUNDARY_EXTREME_INVALIDATED,6.794990222000023,-0.054173857014649496,0.3150331820526754,0.6427499434633378,0.007448629144086949,0.5193485041007277,0.04193201510435496,1.3759009899602173,-0.009381747484365044,-0.011381747484365044,55.0
2026-06-06 05:30:00+00:00,2026-06-06 05:45:00+00:00,2026-06-06 11:45:00+00:00,ETHUSDT,FAILED_LOW_CVD_DIVERGENCE,LONG,1.0,1508.29,1614.9660438520064,1564.71,1503.6,1559.65,1500.9700624999998,1614.9660438520064,1559.69,SIX_HOUR_CAP,4.743068526349576,0.09440844226241141,0.3728708887043635,0.1783312341072764,0.007018427407378791,0.7404632152588604,0.03236383493049022,0.3153880922371976,2.5646779726162805e-05,-0.0019743532202738372,360.0
2026-06-06 05:30:00+00:00,2026-06-06 05:45:00+00:00,2026-06-06 11:45:00+00:00,XRPUSDT,FAILED_LOW_CVD_DIVERGENCE,LONG,1.0,1.0511,1.106603904612132,1.0908,1.049,1.0844,1.0472589583333332,1.106603904612132,1.085,SIX_HOUR_CAP,4.463364471312002,0.06884453973953275,0.4500895094552855,0.12061744645207559,0.005284138314638032,0.5533980582524322,0.08487721603598652,0.24231001957834913,0.0005533013648100216,-0.0014466986351899785,360.0
2026-06-09 17:00:00+00:00,2026-06-09 17:15:00+00:00,2026-06-09 23:15:00+00:00,XRPUSDT,FAILED_LOW_CVD_DIVERGENCE,LONG,1.0,1.1222,1.1577132039200697,1.1303,1.1181,1.1345,1.1172325,1.1577132039200697,1.1349,SIX_HOUR_CAP,1.9278880563521616,0.07239709161929797,0.2959144805081464,0.4726224783861674,0.006297676068831137,0.7802197802197827,0.14608470289518705,0.2696263942317662,0.00035257822829426466,-0.0016474217717057354,360.0
2026-06-09 17:00:00+00:00,2026-06-09 17:15:00+00:00,2026-06-09 23:15:00+00:00,SOLUSDT,FAILED_LOW_CVD_DIVERGENCE,LONG,1.0,63.78,66.1111280444098,64.35,63.5,64.52,63.444541666666666,66.1111280444098,64.9,SIX_HOUR_CAP,2.588448731628699,0.0402080838384582,0.17542793927088635,0.5048835462058614,0.00623830318153451,0.6896551724137804,0.3150329170536832,0.22926066451948254,0.0058896466212028376,0.0038896466212028375,360.0
2026-06-09 17:00:00+00:00,2026-06-09 17:15:00+00:00,2026-06-09 23:15:00+00:00,BTCUSDT,FAILED_LOW_CVD_DIVERGENCE,LONG,1.0,60827.7,62480.93199282782,61490.0,60755.0,61577.7,60721.06083333334,62480.93199282782,61713.9,SIX_HOUR_CAP,3.1911738479316907,0.05308818752962474,0.1111995659619632,0.21420679156332806,0.0034252658165967453,0.7191241874786007,0.13004910278308102,0.07601281087916753,0.002211839675726912,0.00021183967572691205,360.0
2026-06-12 15:30:00+00:00,2026-06-12 15:45:00+00:00,2026-06-12 20:55:00+00:00,BTCUSDT,FAILED_HIGH_CVD_DIVERGENCE,SHORT,-1.0,63988.0,63375.51952827804,64362.6,63859.3,63873.4,64392.17833333333,63375.51952827804,63375.51952827804,PRIOR_VALUE_REACHED,5.184589115730988,0.11713133264608833,0.5834027695681836,1.2664675719839924,-0.003535101404056107,0.679053041654182,-0.03392533728408387,3.8306890865614376,0.007794801462298273,0.005794801462298273,310.0
2026-06-13 16:00:00+00:00,2026-06-13 16:15:00+00:00,2026-06-13 22:15:00+00:00,XRPUSDT,FAILED_HIGH_CVD_DIVERGENCE,SHORT,-1.0,1.157,1.1381500192139098,1.1606,1.155,1.1517,1.1610477083333335,1.1381500192139098,1.1501,SIX_HOUR_CAP,1.2355175033336185,0.20488352936475684,0.3006511184031427,0.8040949278734357,-0.003719723183390977,0.7049180327868554,-0.30250774646227585,0.2986888761050736,0.0013892506729182852,-0.0006107493270817149,360.0
2026-06-13 16:00:00+00:00,2026-06-13 16:15:00+00:00,2026-06-13 21:45:00+00:00,SOLUSDT,FAILED_HIGH_CVD_DIVERGENCE,SHORT,-1.0,68.59,67.32310043612166,68.68,68.33,68.12,68.71433333333334,67.32310043612166,68.71433333333334,BOUNDARY_EXTREME_INVALIDATED,1.191815107354734,0.19954160436681523,0.56370617483621,0.26213592233010674,-0.0064177362893815815,0.8461538461538252,-0.17799061247597603,0.17611170342264232,-0.008724799373654335,-0.010724799373654335,330.0
2026-06-14 09:30:00+00:00,2026-06-14 09:45:00+00:00,2026-06-14 12:40:00+00:00,ETHUSDT,FAILED_LOW_CVD_DIVERGENCE,LONG,1.0,1670.5,1678.7971855324388,1675.85,1667.57,1676.73,1667.0905,1678.7971855324388,1667.0905,BOUNDARY_EXTREME_INVALIDATED,1.191115942362038,-0.3166350319612109,0.43715777752732055,0.6110531803962597,0.0037955208065181267,0.9161849710982445,0.2358308137362184,0.3181788117937967,-0.005748987612793965,-0.0077489876127939655,175.0
2026-06-14 15:00:00+00:00,2026-06-14 15:15:00+00:00,2026-06-14 21:15:00+00:00,XRPUSDT,FAILED_LOW_CVD_DIVERGENCE,LONG,1.0,1.1318,1.1468271967031276,1.1323,1.1259,1.1332,1.125458125,1.1468271967031276,1.1397,SIX_HOUR_CAP,2.098646817263337,-0.12466104536526024,0.3711971146545006,1.335219236209335,0.0018565997701351922,0.8400000000000142,1.9843045816259064e-05,1.0401513312944406,0.00573596893752204,0.00373596893752204,360.0
2026-06-15 00:30:00+00:00,2026-06-15 00:45:00+00:00,2026-06-15 06:45:00+00:00,SOLUSDT,FAILED_HIGH_CVD_DIVERGENCE,SHORT,-1.0,71.25,68.70160966336681,71.69,71.09,70.99,71.72960416666666,68.70160966336681,71.32,SIX_HOUR_CAP,3.037361557117565,0.031635833349104914,0.5355971674764856,1.1109942135717992,-0.0076880067095332905,0.8461538461538748,-0.21007950053577384,1.807367882591688,-0.0046485420481758855,-0.0066485420481758855,360.0
2026-06-15 00:30:00+00:00,2026-06-15 00:45:00+00:00,2026-06-15 01:50:00+00:00,XRPUSDT,FAILED_HIGH_CVD_DIVERGENCE,SHORT,-1.0,1.1872,1.1525152271560228,1.188,1.1813,1.1813,1.188563125,1.1525152271560228,1.188563125,BOUNDARY_EXTREME_INVALIDATED,2.2311463527141977,0.07420006903482901,0.7718780426725405,0.1420643729189627,-0.003542808941374931,0.7924528301886634,-0.2652498412100466,0.2446594102053812,-0.006148416998222217,-0.008148416998222217,65.0
2026-06-17 11:30:00+00:00,2026-06-17 11:45:00+00:00,2026-06-17 16:30:00+00:00,XRPUSDT,FAILED_LOW_CVD_DIVERGENCE,LONG,1.0,1.1937,1.2182390768277247,1.197,1.187,1.1939,1.1862147916666668,1.2182390768277247,1.2182390768277247,PRIOR_VALUE_REACHED,3.1274049191857114,-0.15916435289354458,0.5076966339913088,0.8532767312284324,0.0026032919046019565,0.6199999999999893,0.2761058150437685,1.354809713219566,0.020386193841799738,0.018386193841799736,285.0
2026-06-17 11:30:00+00:00,2026-06-17 11:45:00+00:00,2026-06-17 15:50:00+00:00,BTCUSDT,FAILED_LOW_CVD_DIVERGENCE,LONG,1.0,64733.5,65677.62634963173,64825.6,64525.0,64766.3,64498.67291666667,65677.62634963173,65677.62634963173,PRIOR_VALUE_REACHED,2.6412640115109065,-0.1065266923502397,0.1518457252625992,0.7919601171164046,0.0015169743397838165,0.6957446808511051,0.25600333688934307,0.31762720674006983,0.014070996021568583,0.012070996021568582,245.0
2026-06-17 12:30:00+00:00,2026-06-17 12:45:00+00:00,2026-06-17 15:50:00+00:00,SOLUSDT,FAILED_LOW_CVD_DIVERGENCE,LONG,1.0,71.66,73.40587426040075,72.26,71.62,72.12,71.56770833333334,73.40587426040075,73.40587426040075,PRIOR_VALUE_REACHED,1.9057737294502273,-0.03362580930930115,0.15230087774831833,0.07649402390436744,0.005717473155766539,0.6721311475410019,0.3869866130809376,0.02220246783374524,0.017829648646710217,0.015829648646710215,185.0
2026-06-17 15:00:00+00:00,2026-06-17 15:15:00+00:00,2026-06-17 16:20:00+00:00,ETHUSDT,FAILED_LOW_CVD_DIVERGENCE,LONG,1.0,1741.31,1777.798397746516,1759.86,1740.36,1758.43,1739.2908958333333,1777.798397746516,1777.798397746516,PRIOR_VALUE_REACHED,3.02534547294982,-0.07485686193420282,0.6028546599262351,0.08885944229008359,0.002468502365885694,0.5223160434258352,0.11035919269289418,0.16206572656470752,0.011014596968043078,0.009014596968043078,65.0
2026-06-19 05:00:00+00:00,2026-06-19 05:15:00+00:00,2026-06-19 07:40:00+00:00,XRPUSDT,FAILED_LOW_CVD_DIVERGENCE,LONG,1.0,1.1312,1.1556244761660923,1.1323,1.1248,1.1317,1.1240581250000001,1.1556244761660923,1.1240581250000001,BOUNDARY_EXTREME_INVALIDATED,2.2462271565082896,-0.16894472352659484,0.5400296890094466,0.8626790227464146,0.004348597799076925,0.753846153846145,0.20858106341797455,1.0464549766135702,-0.0067525625165678616,-0.008752562516567862,145.0
2026-06-19 05:00:00+00:00,2026-06-19 05:15:00+00:00,2026-06-19 07:40:00+00:00,SOLUSDT,FAILED_LOW_CVD_DIVERGENCE,LONG,1.0,68.2,70.02164940354977,68.76,68.16,68.67,68.10616666666667,70.02164940354977,68.10616666666667,BOUNDARY_EXTREME_INVALIDATED,1.7457949849295125,-0.18741206031413593,0.48618153959691485,0.07430340557276699,0.00556450431981248,0.8636363636363578,0.13519851222676738,0.06306674627321872,-0.00821076646764718,-0.01021076646764718,145.0
2026-06-20 15:30:00+00:00,2026-06-20 15:45:00+00:00,2026-06-20 21:45:00+00:00,BTCUSDT,FAILED_HIGH_CVD_DIVERGENCE,SHORT,-1.0,64150.0,63443.56507877401,64370.9,63810.0,64086.6,64392.119375,63443.56507877401,63999.9,SIX_HOUR_CAP,4.307587109010564,0.11177980555089251,0.3189458651874676,1.041029719301355,-0.0012529805039973585,0.5746962115797042,-0.058945973103961435,1.4302572993099345,0.0013528569154861447,-0.0006471430845138553,360.0
2026-06-20 15:30:00+00:00,2026-06-20 15:45:00+00:00,2026-06-20 21:45:00+00:00,SOLUSDT,FAILED_HIGH_CVD_DIVERGENCE,SHORT,-1.0,72.45,70.67446312098006,72.62,71.58,71.76,72.66841666666667,70.67446312098006,72.3,SIX_HOUR_CAP,4.331340414302586,0.13987233536937316,0.675468891934548,0.35111876075731774,-0.005129627062248621,0.6981132075471501,-0.3152269957972884,1.0272631409449648,-0.007525083612039962,-0.009525083612039962,360.0
2026-06-20 15:30:00+00:00,2026-06-20 15:45:00+00:00,2026-06-20 17:40:00+00:00,XRPUSDT,FAILED_HIGH_CVD_DIVERGENCE,SHORT,-1.0,1.1543,1.1401444446097853,1.155,1.1439,1.1468,1.1554960416666666,1.1401444446097853,1.1401444446097853,PRIOR_VALUE_REACHED,2.1457428370234544,0.13013397029624008,0.13754176792731265,0.1411171776564312,-0.0021752371008439964,0.6097560975609637,-0.20922860409748134,0.04164780868376214,0.005803588585816866,0.0038035885858168656,115.0
2026-06-20 23:00:00+00:00,2026-06-20 23:15:00+00:00,2026-06-21 05:15:00+00:00,SOLUSDT,FAILED_HIGH_CVD_DIVERGENCE,SHORT,-1.0,73.96,71.4414600083052,74.27,73.49,73.42,74.32074999999999,71.4414600083052,73.19,SIX_HOUR_CAP,3.5830954933171886,-0.04925884614094911,0.3941203175585,0.6108374384236495,-0.0016317650258363958,0.5000000000000296,-0.08001301962066298,0.8626067535709737,0.00313266140016355,0.00113266140016355,360.0
2026-06-21 21:30:00+00:00,2026-06-21 21:45:00+00:00,2026-06-21 23:35:00+00:00,BTCUSDT,FAILED_LOW_CVD_DIVERGENCE,LONG,1.0,63641.3,64169.95552428545,63849.8,63475.3,63864.0,63458.16479166667,64169.95552428545,63458.16479166667,BOUNDARY_EXTREME_INVALIDATED,2.410068422177729,-0.005957501143620814,0.10888939935888024,0.9687655776969888,0.0030768940803951317,0.6949272791770147,0.267980313873609,0.25423402525805006,-0.006354678822706572,-0.008354678822706572,110.0
2026-06-22 14:00:00+00:00,2026-06-22 14:15:00+00:00,2026-06-22 15:50:00+00:00,XRPUSDT,FAILED_HIGH_CVD_DIVERGENCE,SHORT,-1.0,1.1587,1.1388074819327634,1.1634,1.1518,1.1546,1.1640283333333332,1.1388074819327634,1.1388074819327634,PRIOR_VALUE_REACHED,3.096105987155321,0.18700035788706626,0.14760121807002682,0.7480106100795642,-0.00730805605708873,0.9444444444444267,-0.22892914107057016,0.341832631893374,0.013677912755271637,0.011677912755271637,95.0
2026-06-24 11:30:00+00:00,2026-06-24 11:45:00+00:00,2026-06-24 11:50:00+00:00,XRPUSDT,FAILED_LOW_CVD_DIVERGENCE,LONG,1.0,1.0833,1.1005952250519608,1.0875,1.0812,1.0894,1.0806770833333332,1.1005952250519608,1.1005952250519608,PRIOR_VALUE_REACHED,1.6957569053081825,-0.11562284002934453,0.5199253286941152,0.4015936254980071,0.005445316105214593,0.967213114754102,0.2210869417014678,0.354071833509439,0.010276505463522101,0.008276505463522101,5.0
2026-06-24 12:00:00+00:00,2026-06-24 12:15:00+00:00,2026-06-24 13:05:00+00:00,BTCUSDT,FAILED_HIGH_CVD_DIVERGENCE,SHORT,-1.0,63090.9,62517.67708199117,63209.6,62351.8,62800.0,63233.74791666667,62517.67708199117,62517.67708199117,PRIOR_VALUE_REACHED,3.9404740697093255,0.12674408660597747,0.312955547828851,0.4915537917349541,-0.0013961372476061218,0.5327669902912704,-0.14215575363780264,0.6061808038184078,0.004495587866382711,0.002495587866382711,50.0
2026-06-25 14:00:00+00:00,2026-06-25 14:15:00+00:00,2026-06-25 20:15:00+00:00,BTCUSDT,FAILED_LOW_CVD_DIVERGENCE,LONG,1.0,59060.0,60696.11451902841,61319.8,58030.0,59228.7,57987.96145833333,60696.11451902841,59553.4,SIX_HOUR_CAP,28.34236329892437,-0.08268404789530703,0.26956115652800666,2.4501325668409444,0.016829646822916988,0.6693295097637557,0.04527704533926857,18.71901337320296,0.005482139570849975,0.0034821395708499753,360.0
2026-06-26 03:30:00+00:00,2026-06-26 03:45:00+00:00,2026-06-26 07:40:00+00:00,ETHUSDT,FAILED_LOW_CVD_DIVERGENCE,LONG,1.0,1518.27,1585.0179826285744,1535.69,1510.87,1539.22,1509.3257291666666,1585.0179826285744,1585.0179826285744,PRIOR_VALUE_REACHED,5.755036030949892,-0.09217546579097724,0.4217355491030296,0.47919055649241676,0.004903016889620027,0.6496539792387566,0.1772958545050023,1.1630449717050468,0.029754019976724777,0.027754019976724775,235.0
2026-06-26 03:30:00+00:00,2026-06-26 03:45:00+00:00,2026-06-26 06:40:00+00:00,XRPUSDT,FAILED_LOW_CVD_DIVERGENCE,LONG,1.0,1.0107,1.043268932480575,1.0223,1.0081,1.0241,1.0071952083333333,1.043268932480575,1.043268932480575,PRIOR_VALUE_REACHED,4.628317626731311,-0.06963831556837441,0.739875609872105,0.28735896845497755,0.0036260290082321678,0.513888888888903,0.3273844662675063,0.9840261109362014,0.018717832712210836,0.016717832712210834,175.0
2026-06-26 08:00:00+00:00,2026-06-26 08:15:00+00:00,2026-06-26 14:15:00+00:00,SOLUSDT,FAILED_HIGH_CVD_DIVERGENCE,SHORT,-1.0,70.78,67.130427983907,70.97,70.42,69.98,71.05441666666667,67.130427983907,71.05441666666667,BOUNDARY_EXTREME_INVALIDATED,1.8061294644935237,-0.037049490772806615,0.1026546158010848,0.2250740375123371,-0.010743567995476266,0.7524752475247503,-0.28590245793274605,0.04173042052154859,-0.01535319615128139,-0.01735319615128139,360.0
2026-06-26 20:30:00+00:00,2026-06-26 20:45:00+00:00,2026-06-27 02:20:00+00:00,XRPUSDT,FAILED_HIGH_CVD_DIVERGENCE,SHORT,-1.0,1.0533,1.0344846025108192,1.0554,1.0459,1.0444,1.0562891666666665,1.0344846025108192,1.0562891666666665,BOUNDARY_EXTREME_INVALIDATED,2.1598423430707334,0.09789485226060513,0.16147980912861803,0.23617619493908049,-0.004954268292682973,0.7222222222222257,-0.2678947936143945,0.08237139098908701,-0.011383729094854855,-0.013383729094854855,335.0
2026-06-27 22:30:00+00:00,2026-06-27 22:45:00+00:00,2026-06-28 04:45:00+00:00,SOLUSDT,FAILED_LOW_CVD_DIVERGENCE,LONG,1.0,70.77,71.9540546638118,70.94,70.21,70.87,70.16814583333333,71.9540546638118,70.84,SIX_HOUR_CAP,1.9700090119680962,-0.06179739642728099,0.11460790954605195,1.3379790940766612,0.002546329042297346,0.5000000000000198,0.3262474296710476,0.3020870662893461,-0.0004233102864399374,-0.0024233102864399374,360.0
2026-06-28 05:30:00+00:00,2026-06-28 05:45:00+00:00,2026-06-28 08:40:00+00:00,BTCUSDT,FAILED_LOW_CVD_DIVERGENCE,LONG,1.0,59819.8,60377.68093239428,60112.3,59714.8,59892.8,59695.950625000005,60377.68093239428,60377.68093239428,PRIOR_VALUE_REACHED,1.5074248625264444,-0.2168903528400734,0.7362701526633848,0.5570476474684167,0.0015066209385194984,0.5169248422260718,0.21524373995101587,0.6182515496370421,0.008095813393167006,0.006095813393167006,175.0
2026-06-28 05:30:00+00:00,2026-06-28 05:45:00+00:00,2026-06-28 06:20:00+00:00,XRPUSDT,FAILED_LOW_CVD_DIVERGENCE,LONG,1.0,1.0445,1.0582102074920368,1.048,1.0418,1.0454,1.0413616666666667,1.0582102074920368,1.0413616666666667,BOUNDARY_EXTREME_INVALIDATED,1.0593825313321323,-0.14566244901970515,0.3450516308364408,0.6159695817490293,0.002493287303414027,0.7027027027027384,0.3815172522481829,0.22516254965306426,-0.0038629551686755192,-0.005862955168675519,35.0
2026-06-28 20:00:00+00:00,2026-06-28 20:15:00+00:00,2026-06-28 20:20:00+00:00,ETHUSDT,FAILED_LOW_CVD_DIVERGENCE,LONG,1.0,1561.59,1574.8784155442752,1573.82,1555.62,1572.07,1554.9207708333333,1574.8784155442752,1574.8784155442752,PRIOR_VALUE_REACHED,2.271436953146897,-0.09684437262182077,0.8720217246860711,0.8537973363525359,0.005301257210093446,0.9001085776330001,0.2427739662786803,1.6911525589933332,0.0017864443340787073,-0.00021355566592129276,5.0
2026-06-28 20:00:00+00:00,2026-06-28 20:15:00+00:00,2026-06-28 20:20:00+00:00,XRPUSDT,FAILED_LOW_CVD_DIVERGENCE,LONG,1.0,1.0404,1.0493534861839946,1.0487,1.0386,1.0472,1.0380972916666666,1.0493534861839946,1.0493534861839946,PRIOR_VALUE_REACHED,1.4932667077480686,-0.12459739286581484,0.42771473007498306,0.3580605055946997,0.0032573289902277924,0.7391304347825499,0.08188881579909713,0.22869044017610807,0.0020564230175657006,5.642301756570052e-05,5.0
2026-06-28 23:00:00+00:00,2026-06-28 23:15:00+00:00,2026-06-28 23:35:00+00:00,XRPUSDT,FAILED_LOW_CVD_DIVERGENCE,LONG,1.0,1.0374,1.0480126848367781,1.045,1.0324,1.0413,1.0318514583333334,1.0480126848367781,1.0480126848367781,PRIOR_VALUE_REACHED,1.7632369425391463,-0.0901918958264446,0.34849980494047367,0.9115077857956896,0.0038561650438637685,0.5405405405405057,0.11604100221293612,0.5601103506619758,0.006446446592507593,0.004446446592507593,20.0
2026-06-29 10:30:00+00:00,2026-06-29 10:45:00+00:00,2026-06-29 12:15:00+00:00,SOLUSDT,FAILED_HIGH_CVD_DIVERGENCE,SHORT,-1.0,73.3,71.65723826581993,73.65,72.89,73.21,73.71885416666667,71.65723826581993,73.71885416666667,BOUNDARY_EXTREME_INVALIDATED,2.1343832572100596,0.03972823937897774,0.7344009293651598,0.5083207261724777,-0.002316707549741115,0.5312500000000167,-0.2802288351591784,0.7967892042855639,-0.0069506101170151435,-0.008950610117015144,90.0
2026-06-29 12:30:00+00:00,2026-06-29 12:45:00+00:00,2026-06-29 13:40:00+00:00,BTCUSDT,FAILED_HIGH_CVD_DIVERGENCE,SHORT,-1.0,60435.8,59714.39307686094,60758.3,59552.6,59919.9,60792.198125,59714.39307686094,59714.39307686094,PRIOR_VALUE_REACHED,9.509014725062574,0.000516872297820381,0.9140328896238745,0.951380054206538,-0.008150658061355065,0.7406738868832721,-0.13848524122038142,8.26896940947777,0.003429694027177299,0.001429694027177299,55.0
2026-06-29 12:30:00+00:00,2026-06-29 12:45:00+00:00,2026-06-29 12:55:00+00:00,ETHUSDT,FAILED_HIGH_CVD_DIVERGENCE,SHORT,-1.0,1588.92,1572.5683270763623,1597.0,1565.44,1574.95,1598.0960833333334,1572.5683270763623,1572.5683270763623,PRIOR_VALUE_REACHED,6.5782517318040545,0.03575157969190301,0.49510562590034196,0.7371702273245573,-0.009471638543153804,0.7742930591259594,-0.016948651502692424,2.400911416405592,0.0015122212918745603,-0.0004877787081254397,10.0
2026-06-29 12:30:00+00:00,2026-06-29 12:45:00+00:00,2026-06-29 13:45:00+00:00,XRPUSDT,FAILED_HIGH_CVD_DIVERGENCE,SHORT,-1.0,1.0609,1.046679017121076,1.0658,1.0476,1.0547,1.0665395833333333,1.046679017121076,1.046679017121076,PRIOR_VALUE_REACHED,3.7429585762037076,0.02735310635642496,0.3406708477035556,0.6625352112676207,-0.007434594391116156,0.7452830188679146,-0.07331155123136723,0.8448098255683246,0.007604989929765771,0.005604989929765771,60.0
2026-07-01 04:00:00+00:00,2026-07-01 04:15:00+00:00,2026-07-01 04:50:00+00:00,ETHUSDT,FAILED_HIGH_CVD_DIVERGENCE,SHORT,-1.0,1595.79,1572.5635053027918,1598.98,1581.76,1591.31,1599.865125,1572.5635053027918,1599.865125,BOUNDARY_EXTREME_INVALIDATED,2.625431630856323,0.11641216630989071,0.5308637715068242,0.3604010732947392,-0.0017376794138311835,0.6856435643564374,-0.12940474941265379,0.5023077479760741,-0.005376152352464469,-0.0073761523524644695,35.0
2026-07-01 04:00:00+00:00,2026-07-01 04:15:00+00:00,2026-07-01 04:50:00+00:00,XRPUSDT,FAILED_HIGH_CVD_DIVERGENCE,SHORT,-1.0,1.0506,1.0389084884168733,1.0527,1.0444,1.0489,1.0532599999999999,1.0389084884168733,1.0532599999999999,BOUNDARY_EXTREME_INVALIDATED,1.8532622376413679,0.11321778729079712,0.598308772254389,0.3749999999999981,-0.0013329524897649492,0.5185185185185581,-0.10542873628400784,0.41580864527573363,-0.004156735627800501,-0.006156735627800501,35.0
2026-07-01 05:00:00+00:00,2026-07-01 05:15:00+00:00,2026-07-01 06:40:00+00:00,ETHUSDT,FAILED_HIGH_CVD_DIVERGENCE,SHORT,-1.0,1598.98,1572.8746768273163,1604.4,1591.6,1595.1,1605.2919583333335,1572.8746768273163,1572.8746768273163,PRIOR_VALUE_REACHED,1.8594687485702148,0.11587902154097862,0.4432408682314127,0.6076517027140741,-0.0021706900542359797,0.6119929453262756,-0.26367566861401615,0.5008220018541318,0.013933498321537008,0.011933498321537008,85.0
2026-07-01 14:30:00+00:00,2026-07-01 14:45:00+00:00,2026-07-01 15:25:00+00:00,XRPUSDT,FAILED_HIGH_CVD_DIVERGENCE,SHORT,-1.0,1.054,1.0408183406860712,1.0603,1.0462,1.0499,1.06093,1.0408183406860712,1.06093,BOUNDARY_EXTREME_INVALIDATED,3.7065683851113773,0.004099940831397975,0.41356366494683205,0.9999999999999941,-0.004267830045523446,0.7377049180327792,-0.11305391270781007,1.532902005722713,-0.010505762453566936,-0.012505762453566936,40.0
2026-07-01 22:30:00+00:00,2026-07-01 22:45:00+00:00,2026-07-02 00:20:00+00:00,XRPUSDT,FAILED_HIGH_CVD_DIVERGENCE,SHORT,-1.0,1.0688,1.0477223248453853,1.0735,1.0651,1.063,1.0741252083333332,1.0477223248453853,1.0477223248453853,PRIOR_VALUE_REACHED,2.4755836117759524,-0.02297261814858864,0.3975536556057955,0.7517494168610334,-0.002814258911819967,0.6521739130435118,-0.08228907134365093,0.7398547223529377,0.0143722249808228,0.0123722249808228,95.0
2026-07-02 14:30:00+00:00,2026-07-02 14:45:00+00:00,2026-07-02 20:45:00+00:00,BTCUSDT,FAILED_HIGH_CVD_DIVERGENCE,SHORT,-1.0,62077.3,60582.22750901559,62180.0,61555.5,61400.1,62214.605416666665,60582.22750901559,61343.5,SIX_HOUR_CAP,3.958301149647928,-0.01924356194098964,0.25090000924494565,0.296774348909724,-0.00403737286898409,0.5943170964661033,-0.07159376776304349,0.2947378225009151,0.0009218226028947507,-0.0010781773971052493,360.0
2026-07-03 14:00:00+00:00,2026-07-03 14:15:00+00:00,2026-07-03 20:15:00+00:00,ETHUSDT,FAILED_HIGH_CVD_DIVERGENCE,SHORT,-1.0,1748.67,1711.3981048977914,1753.36,1742.42,1733.54,1754.3908541666665,1711.3981048977914,1747.44,SIX_HOUR_CAP,2.9604439014628667,0.10804298838517346,1.2546522278244023,0.45496251086273887,-0.00793178436534292,0.8689655172413848,-0.2636251179146514,1.6898797820905538,-0.008018274744165277,-0.010018274744165277,360.0
2026-07-03 14:00:00+00:00,2026-07-03 14:15:00+00:00,2026-07-03 15:10:00+00:00,BTCUSDT,FAILED_HIGH_CVD_DIVERGENCE,SHORT,-1.0,62180.0,61663.24311907945,62271.9,61991.0,61739.3,62296.329375,61663.24311907945,62296.329375,BOUNDARY_EXTREME_INVALIDATED,1.5635986898119199,0.11700622524457338,0.7751823790063463,0.3761864558548941,-0.005550553364076616,0.799721513112085,-0.2967390018605869,0.4559658795417731,-0.009022281998662063,-0.011022281998662063,55.0
2026-07-03 15:30:00+00:00,2026-07-03 15:45:00+00:00,2026-07-03 20:10:00+00:00,BTCUSDT,FAILED_HIGH_CVD_DIVERGENCE,SHORT,-1.0,62271.9,61671.62887372117,62386.7,61955.3,61815.9,62410.73895833333,61671.62887372117,62410.73895833333,BOUNDARY_EXTREME_INVALIDATED,3.4540187575536545,0.04847948379510836,0.7130509779454971,0.477558130465286,-0.002654064833398917,0.541831357048751,-0.2653618386688532,1.1761738377933653,-0.009622750106903277,-0.011622750106903277,265.0
2026-07-03 18:00:00+00:00,2026-07-03 18:15:00+00:00,2026-07-03 18:40:00+00:00,XRPUSDT,FAILED_HIGH_CVD_DIVERGENCE,SHORT,-1.0,1.1235,1.1023926930005672,1.1239,1.1168,1.1203,1.1244552083333332,1.1023926930005672,1.1244552083333332,BOUNDARY_EXTREME_INVALIDATED,1.1262564078518573,0.08330710599876201,0.9733062342769334,0.07204502814258132,-0.0024042742653606064,0.8181818181817754,-0.4817602720480585,0.07897521109419746,-0.0037090139545954415,-0.0057090139545954415,25.0
2026-07-03 21:30:00+00:00,2026-07-03 21:45:00+00:00,2026-07-04 03:45:00+00:00,ETHUSDT,FAILED_HIGH_CVD_DIVERGENCE,SHORT,-1.0,1773.78,1730.1998063595254,1775.5,1763.08,1759.51,1776.4924375,1730.1998063595254,1754.0,SIX_HOUR_CAP,1.8715444610803555,-0.06729600071461972,0.5941713140853748,0.17331066188047395,-0.0020248655761507806,0.5204081632653045,-0.06547181817168213,0.1927245811158951,0.003131553671192555,0.001131553671192555,360.0
2026-07-04 05:00:00+00:00,2026-07-04 05:15:00+00:00,2026-07-04 09:40:00+00:00,SOLUSDT,FAILED_HIGH_CVD_DIVERGENCE,SHORT,-1.0,83.23,81.78813891817661,83.96,82.93,83.2,84.00812499999999,81.78813891817661,81.78813891817661,PRIOR_VALUE_REACHED,3.8528343742966444,0.12857474924421242,0.4082950604876559,1.5168831168831007,-0.0028763183125598557,0.6666666666666535,-0.14805250121315217,2.3861985829583725,0.0169694841565311,0.0149694841565311,265.0
2026-07-04 05:00:00+00:00,2026-07-04 05:15:00+00:00,2026-07-04 11:15:00+00:00,XRPUSDT,FAILED_HIGH_CVD_DIVERGENCE,SHORT,-1.0,1.1448,1.1206322769896004,1.1492,1.1369,1.1425,1.149925,1.1206322769896004,1.1412,SIX_HOUR_CAP,2.7038460562741675,0.07142145121085042,0.9536156053586362,0.6068965517241321,-0.004183735727359861,0.6857142857142839,-0.1197742415169255,1.5648401506899143,0.001137855579868785,-0.000862144420131215,360.0
2026-07-04 12:30:00+00:00,2026-07-04 12:45:00+00:00,2026-07-04 13:05:00+00:00,XRPUSDT,FAILED_HIGH_CVD_DIVERGENCE,SHORT,-1.0,1.1492,1.129833276047715,1.1528,1.1395,1.1458,1.153561875,1.129833276047715,1.153561875,BOUNDARY_EXTREME_INVALIDATED,1.9584573051838035,0.07077159528816535,0.8008283972113229,0.47251845775226176,-0.00529559857626527,0.6354166666666773,-0.05331683693699607,0.7410923851001565,-0.006774197067551224,-0.008774197067551224,20.0
2026-07-04 13:30:00+00:00,2026-07-04 13:45:00+00:00,2026-07-04 15:10:00+00:00,ETHUSDT,FAILED_HIGH_CVD_DIVERGENCE,SHORT,-1.0,1775.5,1749.6663487088213,1778.29,1760.67,1763.0,1779.0620833333332,1749.6663487088213,1779.0620833333332,BOUNDARY_EXTREME_INVALIDATED,2.1311095425233515,0.18549269821887204,0.6303669624082301,0.3613599568267619,-0.0028393343966697238,0.7856025039123758,-0.2229506311846834,0.4854441178250361,-0.009110654187937106,-0.011110654187937106,85.0
2026-07-06 13:30:00+00:00,2026-07-06 13:45:00+00:00,2026-07-06 15:45:00+00:00,SOLUSDT,FAILED_LOW_CVD_DIVERGENCE,LONG,1.0,79.25,80.90488682864351,79.64,79.19,80.35,79.14125,80.90488682864351,80.90488682864351,PRIOR_VALUE_REACHED,2.840599496208264,0.10483719982639528,0.12011562675799066,0.12307692307692786,0.011837300088149982,0.8703703703703697,0.06037115230496992,0.041993894012984784,0.006905872167312088,0.004905872167312088,120.0
2026-07-06 14:00:00+00:00,2026-07-06 14:15:00+00:00,2026-07-06 15:45:00+00:00,BTCUSDT,FAILED_LOW_CVD_DIVERGENCE,LONG,1.0,61403.1,62833.89634453627,62023.8,61297.0,61914.8,61270.31916666667,62833.89634453627,62833.89634453627,PRIOR_VALUE_REACHED,6.984042085605946,0.08981944773889405,0.25017569061961115,0.39766374113751585,0.0026412228327317155,0.6630081300813244,0.25659010327365417,0.69481302161724,0.014844533851942732,0.012844533851942732,90.0
2026-07-08 03:00:00+00:00,2026-07-08 03:15:00+00:00,2026-07-08 05:55:00+00:00,XRPUSDT,FAILED_LOW_CVD_DIVERGENCE,LONG,1.0,1.0945,1.1205129406734655,1.1013,1.09,1.1031,1.0893829166666666,1.1205129406734655,1.0893829166666666,BOUNDARY_EXTREME_INVALIDATED,3.092115313751368,-0.005139166751428892,1.127359452274191,0.7292370020256504,0.002909355395944946,0.842105263157904,0.23224530732742266,2.5420658072908107,-0.012435031577675004,-0.014435031577675004,160.0
2026-07-08 03:00:00+00:00,2026-07-08 03:15:00+00:00,2026-07-08 06:25:00+00:00,BTCUSDT,FAILED_LOW_CVD_DIVERGENCE,LONG,1.0,62638.0,63396.99224988513,63037.1,62466.9,63036.1,62436.75041666667,63396.99224988513,62436.75041666667,BOUNDARY_EXTREME_INVALIDATED,3.3700003331735164,-0.11384427301458788,0.20878887857035017,0.5675036968448925,0.001345482388000807,0.6426403641881276,0.07895700737090117,0.3993061511895823,-0.009508037193502239,-0.011508037193502239,190.0
2026-07-08 03:00:00+00:00,2026-07-08 03:15:00+00:00,2026-07-08 08:20:00+00:00,ETHUSDT,FAILED_LOW_CVD_DIVERGENCE,LONG,1.0,1748.14,1778.4617390997846,1758.83,1740.4,1761.32,1739.2956250000002,1778.4617390997846,1739.2956250000002,BOUNDARY_EXTREME_INVALIDATED,2.322924694569936,0.04067020689916134,0.23262519152027888,0.7008488964346351,0.0025157948659570994,0.7517006802720977,0.28934217125438755,0.37871828022022774,-0.01250447107850916,-0.01450447107850916,305.0
2026-07-08 09:30:00+00:00,2026-07-08 09:45:00+00:00,2026-07-08 13:50:00+00:00,BTCUSDT,FAILED_LOW_CVD_DIVERGENCE,LONG,1.0,61821.0,63192.86492769461,62089.0,61708.2,62113.3,61675.806666666664,63192.86492769461,61675.806666666664,BOUNDARY_EXTREME_INVALIDATED,3.162632113546561,-0.08388643591655698,0.15151620648010436,0.34821979831241856,0.003285419617863994,0.8614993646759962,0.13142655300137807,0.16686345223497973,-0.007043472707670362,-0.009043472707670362,245.0
2026-07-08 13:30:00+00:00,2026-07-08 13:45:00+00:00,2026-07-08 15:20:00+00:00,SOLUSDT,FAILED_LOW_CVD_DIVERGENCE,LONG,1.0,76.84,79.60237638990144,77.06,76.58,77.26,76.52489583333333,79.60237638990144,76.52489583333333,BOUNDARY_EXTREME_INVALIDATED,2.1845081605278467,-0.0566116200161314,0.25437627414913383,0.4718336483932039,0.005858612159875154,0.7258064516129025,0.14761641406153325,0.2621918466203709,-0.009514679868841247,-0.011514679868841247,95.0
2026-07-10 10:00:00+00:00,2026-07-10 10:15:00+00:00,2026-07-10 14:25:00+00:00,XRPUSDT,FAILED_HIGH_CVD_DIVERGENCE,SHORT,-1.0,1.1152,1.0987981990905937,1.1177,1.1145,1.1129,1.1181706249999999,1.0987981990905937,1.0987981990905937,PRIOR_VALUE_REACHED,1.3468006764134581,0.006898951384767926,0.2704087279807791,0.5312084993359781,-0.0020624103299856644,0.7187499999999697,-0.059823209827498114,0.19345904794295266,0.01267122015401767,0.01067122015401767,250.0
2026-07-10 14:00:00+00:00,2026-07-10 14:15:00+00:00,2026-07-10 20:15:00+00:00,ETHUSDT,FAILED_HIGH_CVD_DIVERGENCE,SHORT,-1.0,1806.82,1766.1795972772645,1811.23,1794.0,1792.57,1812.0628125,1766.1795972772645,1792.07,SIX_HOUR_CAP,2.7500938537763466,0.08905076019338742,0.2828649725858508,0.5295309568480399,-0.005817887369250041,0.8253343823760801,-0.08398070917671618,0.411924896837676,0.00027892913526395,-0.00172107086473605,360.0
2026-07-11 15:30:00+00:00,2026-07-11 15:45:00+00:00,2026-07-11 15:50:00+00:00,SOLUSDT,FAILED_HIGH_CVD_DIVERGENCE,SHORT,-1.0,78.73,77.94006218655319,78.86,78.44,78.17,78.88720833333333,77.94006218655319,77.94006218655319,PRIOR_VALUE_REACHED,1.4398069561763809,0.15267505619483934,0.9981946299108561,0.47779479326185254,-0.006860627620378534,0.8437499999999868,-0.2428161308946829,0.6866902946251386,0.002941509702530487,0.000941509702530487,5.0
2026-07-12 01:00:00+00:00,2026-07-12 01:15:00+00:00,2026-07-12 01:45:00+00:00,BTCUSDT,FAILED_LOW_CVD_DIVERGENCE,LONG,1.0,63668.8,64138.05230905163,63846.0,63657.4,63891.7,63643.778750000005,64138.05230905163,64138.05230905163,PRIOR_VALUE_REACHED,1.1571666595033885,-0.004764388810303721,0.15119941442318918,0.08369275947509543,0.00139178626676828,0.514484356894533,0.11996151302953106,0.014643129690002638,0.0038557795308566956,0.0018557795308566955,30.0
2026-07-12 06:30:00+00:00,2026-07-12 06:45:00+00:00,2026-07-12 12:15:00+00:00,BTCUSDT,FAILED_LOW_CVD_DIVERGENCE,LONG,1.0,63657.4,64106.39764242979,63938.0,63602.8,63748.9,63588.53916666667,64106.39764242979,64106.39764242979,PRIOR_VALUE_REACHED,1.6561756326416812,-0.13812707004107005,0.1303538952304441,0.38286682638928504,0.001733224803813993,0.738286479250347,0.29246861813421,0.08265671518661942,0.0056079029195763574,0.0036079029195763574,330.0
2026-07-13 14:00:00+00:00,2026-07-13 14:15:00+00:00,2026-07-13 17:40:00+00:00,SOLUSDT,FAILED_LOW_CVD_DIVERGENCE,LONG,1.0,75.38,76.69517242626311,75.83,75.06,75.78,75.01804166666668,76.69517242626311,75.01804166666668,BOUNDARY_EXTREME_INVALIDATED,4.195130593611846,-0.0394703485493777,0.33641462925350446,0.7626613704071352,0.005573248407643394,0.9130434782608575,0.10827761449882045,1.07634651137012,-0.010054873757367688,-0.012054873757367688,205.0
2026-07-15 05:00:00+00:00,2026-07-15 05:15:00+00:00,2026-07-15 06:00:00+00:00,SOLUSDT,FAILED_HIGH_CVD_DIVERGENCE,SHORT,-1.0,78.0,76.79872589201555,78.15,77.49,77.74,78.19208333333334,76.79872589201555,78.19208333333334,BOUNDARY_EXTREME_INVALIDATED,1.8594584780762171,0.08192994783713914,0.40802322469135033,0.35643564356437013,-0.002949852507374673,0.6388888888889009,-0.0714810748684751,0.27042852275798895,-0.005815324586227799,-0.0078153245862278,45.0
2026-07-15 16:00:00+00:00,2026-07-15 16:15:00+00:00,2026-07-15 16:40:00+00:00,BTCUSDT,FAILED_HIGH_CVD_DIVERGENCE,SHORT,-1.0,65550.5,64841.94459166266,65589.7,65300.0,65064.6,65613.96145833333,64841.94459166266,64841.94459166266,PRIOR_VALUE_REACHED,2.805246014131987,0.1343114102128804,0.8377789289386618,0.16157313983941085,-0.004999120680822422,0.8575550891920356,-0.09266473954522914,0.3797253156776346,0.003422066812634572,0.001422066812634572,25.0
2026-07-17 01:00:00+00:00,2026-07-17 01:15:00+00:00,2026-07-17 05:50:00+00:00,XRPUSDT,FAILED_LOW_CVD_DIVERGENCE,LONG,1.0,1.0845,1.103570957300915,1.0914,1.0819,1.0939,1.081378125,1.103570957300915,1.081378125,BOUNDARY_EXTREME_INVALIDATED,2.2431983883898696,0.04479131751075105,0.1184445038459223,0.49820359281435855,0.002290635880520586,0.5813953488372525,0.06530785686094687,0.1323699645252388,-0.011447001554072633,-0.013447001554072633,275.0
2026-07-17 01:00:00+00:00,2026-07-17 01:15:00+00:00,2026-07-17 02:40:00+00:00,SOLUSDT,FAILED_LOW_CVD_DIVERGENCE,LONG,1.0,74.95,76.28960848822275,75.52,74.87,75.65,74.82933333333334,76.28960848822275,74.82933333333334,BOUNDARY_EXTREME_INVALIDATED,1.2577492442360818,-0.030183303547626772,0.18086061306483597,0.19672131147540584,0.0018540590650244493,0.5833333333333481,0.1980842679416024,0.04474963266774437,-0.01084820445031942,-0.01284820445031942,85.0
2026-07-17 09:00:00+00:00,2026-07-17 09:15:00+00:00,2026-07-17 13:40:00+00:00,BTCUSDT,FAILED_LOW_CVD_DIVERGENCE,LONG,1.0,62655.0,63822.771244678785,62905.0,62611.0,62932.1,62586.00104166667,63822.771244678785,62586.00104166667,BOUNDARY_EXTREME_INVALIDATED,1.701736004316577,0.03881999110174039,0.2999033565268503,0.17600733363890173,0.0011884042292553687,0.7381422924901111,0.1509893796262991,0.0898264585417212,-0.005499561564500932,-0.007499561564500932,265.0
2026-07-17 09:00:00+00:00,2026-07-17 09:15:00+00:00,2026-07-17 13:10:00+00:00,SOLUSDT,FAILED_LOW_CVD_DIVERGENCE,LONG,1.0,74.22,75.60238961920798,74.6,74.14,74.59,74.09947916666667,75.60238961920798,74.09947916666667,BOUNDARY_EXTREME_INVALIDATED,1.0964345014949075,-0.19817967369981082,0.411018860487839,0.19742930591259247,0.0014769065520945368,0.611111111111133,0.2279625138332526,0.08897255506998879,-0.0065762278232113225,-0.008576227823211323,235.0
2026-07-17 14:00:00+00:00,2026-07-17 14:15:00+00:00,2026-07-17 16:55:00+00:00,BTCUSDT,FAILED_LOW_CVD_DIVERGENCE,LONG,1.0,62611.0,63627.23101515496,63155.8,62505.1,63367.1,62479.801666666666,63627.23101515496,63627.23101515496,PRIOR_VALUE_REACHED,5.990328297960505,0.07934980622896837,0.347126473325991,0.4186046511627968,0.003776412313258426,0.6296883254094093,0.06424288991466787,0.8704471546615592,0.004105143128768196,0.002105143128768196,160.0
2026-07-17 14:00:00+00:00,2026-07-17 14:15:00+00:00,2026-07-17 17:10:00+00:00,XRPUSDT,FAILED_LOW_CVD_DIVERGENCE,LONG,1.0,1.0714,1.0925063761317442,1.0802,1.0691,1.0836,1.0685670833333332,1.0925063761317442,1.0925063761317442,PRIOR_VALUE_REACHED,3.3332800333368016,0.01708736392572452,0.4135528384750325,0.4315871774824007,0.0034262431706637564,0.5873015873015605,0.03428400147124022,0.594937494455548,0.00821924707617594,0.0062192470761759395,175.0
2026-07-17 14:00:00+00:00,2026-07-17 14:15:00+00:00,2026-07-17 17:10:00+00:00,SOLUSDT,FAILED_LOW_CVD_DIVERGENCE,LONG,1.0,73.51,75.26067751652583,74.31,73.32,74.57,73.27885416666666,75.26067751652583,75.26067751652583,PRIOR_VALUE_REACHED,4.206108500996841,-0.04127220154006972,0.14886481044995584,0.4617721518987632,0.0039041464728055697,0.5471698113207385,0.13193500516342582,0.2891347285045004,0.009262136469435855,0.007262136469435855,175.0
2026-07-18 18:00:00+00:00,2026-07-18 18:15:00+00:00,2026-07-18 18:25:00+00:00,ETHUSDT,FAILED_HIGH_CVD_DIVERGENCE,SHORT,-1.0,1849.71,1842.5875104209429,1852.75,1843.13,1849.33,1853.2322083333333,1842.5875104209429,1853.2322083333333,BOUNDARY_EXTREME_INVALIDATED,1.3693059933624523,0.2465323516618425,0.1789173479910499,0.6304329041734991,-0.0013230513343918116,0.8112582781457153,-0.16314472708736416,0.15445139437769922,-0.002110065987862342,-0.004110065987862342,10.0
2026-07-20 12:00:00+00:00,2026-07-20 12:15:00+00:00,2026-07-20 13:30:00+00:00,ETHUSDT,FAILED_HIGH_CVD_DIVERGENCE,SHORT,-1.0,1891.2,1866.9967879965034,1896.21,1873.18,1879.47,1897.214375,1866.9967879965034,1866.9967879965034,PRIOR_VALUE_REACHED,6.971098950015808,0.15778573853575195,0.5341276363813374,0.4988176726820147,-0.006848337851333985,0.8465055519268506,-0.20742025680917275,1.857325958114579,0.006636558180495911,0.004636558180495911,75.0
2026-07-20 18:30:00+00:00,2026-07-20 18:45:00+00:00,2026-07-21 00:45:00+00:00,SOLUSDT,FAILED_HIGH_CVD_DIVERGENCE,SHORT,-1.0,77.91,76.56725222213208,78.37,77.71,77.71,78.41935416666666,76.56725222213208,78.17,SIX_HOUR_CAP,4.412285606254391,0.22991648822083222,0.4618145350420089,0.9320388349514748,-0.004100986799948858,0.9696969696969553,-0.2820719769857838,1.899176039510643,-0.0059194440869903,-0.0079194440869903,360.0
2026-07-20 18:30:00+00:00,2026-07-20 18:45:00+00:00,2026-07-21 00:45:00+00:00,XRPUSDT,FAILED_HIGH_CVD_DIVERGENCE,SHORT,-1.0,1.1168,1.0980803704833861,1.1204,1.1145,1.1156,1.1209741666666668,1.0980803704833861,1.1165,SIX_HOUR_CAP,3.8642457602388385,0.219046529159572,0.4309432544921825,0.6269956458635785,-0.0028602073650340065,0.8205128205128409,-0.1462848082503031,1.0441174430194262,-0.0008067407673002513,-0.0028067407673002514,360.0
2026-07-21 16:30:00+00:00,2026-07-21 16:45:00+00:00,2026-07-21 17:45:00+00:00,XRPUSDT,FAILED_HIGH_CVD_DIVERGENCE,SHORT,-1.0,1.1565,1.1282081328880136,1.1579,1.1503,1.1492,1.15842625,1.1282081328880136,1.15842625,BOUNDARY_EXTREME_INVALIDATED,3.0521333980534426,0.0513463931116962,0.26779690842633214,0.2660332541567401,-0.0018240250152001813,0.777777777777796,-0.15124254034439122,0.21744278258332123,-0.00802841106856933,-0.01002841106856933,60.0
2026-07-24 03:00:00+00:00,2026-07-24 03:15:00+00:00,2026-07-24 09:15:00+00:00,SOLUSDT,FAILED_LOW_CVD_DIVERGENCE,LONG,1.0,75.37,76.57222253031945,75.76,75.23,75.77,75.19747916666667,76.57222253031945,75.45,SIX_HOUR_CAP,1.9254617568345118,-0.20186031655283965,0.5739340918727137,0.4304932735426023,0.0037091005431182378,0.7567567567567796,0.21825499316533858,0.4757330130272111,-0.004223307377590024,-0.006223307377590024,360.0
2026-07-24 07:30:00+00:00,2026-07-24 07:45:00+00:00,2026-07-24 09:10:00+00:00,BTCUSDT,FAILED_HIGH_CVD_DIVERGENCE,SHORT,-1.0,65763.3,65126.42479819107,65780.0,65440.5,65348.4,65799.38020833333,65126.42479819107,65126.42479819107,PRIOR_VALUE_REACHED,3.895365294781693,0.053080095902935165,0.2020596485198213,0.08617038430527933,-0.004043362895248981,0.7943113772454959,-0.23017635388889757,0.06782437706890854,0.003396796276709635,0.0013967962767096349,85.0
2026-07-26 00:30:00+00:00,2026-07-26 00:45:00+00:00,2026-07-26 03:05:00+00:00,SOLUSDT,FAILED_HIGH_CVD_DIVERGENCE,SHORT,-1.0,74.69,74.12856825315454,74.93,74.44,74.66,74.94968750000001,74.12856825315454,74.94968750000001,BOUNDARY_EXTREME_INVALIDATED,1.8373575393240165,0.01623418656118547,0.1917225769837515,1.2190476190476704,-0.0025384101536405357,0.8260869565217149,-0.11671651554860685,0.4294252766838733,-0.0038800897401556345,-0.0058800897401556345,140.0
2026-07-29 19:00:00+00:00,2026-07-29 19:15:00+00:00,2026-07-29 19:25:00+00:00,SOLUSDT,FAILED_HIGH_CVD_DIVERGENCE,SHORT,-1.0,74.39,73.63542633404832,74.5,73.4,73.91,74.53933333333333,73.63542633404832,73.63542633404832,PRIOR_VALUE_REACHED,4.073719797424954,0.007487951564226547,0.37791940687011244,0.27966101694915113,-0.003908355795148366,0.5272727272727413,-0.04577136364167356,0.4305486982773692,0.0037149731558879795,0.0017149731558879795,10.0
2026-07-29 20:30:00+00:00,2026-07-29 20:45:00+00:00,2026-07-29 21:10:00+00:00,SOLUSDT,FAILED_LOW_CVD_DIVERGENCE,LONG,1.0,72.66,73.60866952826277,73.06,72.39,72.99,72.34716666666667,73.60866952826277,72.34716666666667,BOUNDARY_EXTREME_INVALIDATED,4.760971312517619,-0.06025560334080038,0.23536441712889786,0.6303501945525203,0.0038509145922156485,0.5090909090909138,0.08984620043196845,0.7063472550426918,-0.008807142530940282,-0.010807142530940282,25.0
2026-07-29 20:30:00+00:00,2026-07-29 20:45:00+00:00,2026-07-29 21:10:00+00:00,ETHUSDT,FAILED_LOW_CVD_DIVERGENCE,LONG,1.0,1880.95,1907.9455750453508,1890.5,1876.6,1888.38,1875.4221041666665,1907.9455750453508,1875.4221041666665,BOUNDARY_EXTREME_INVALIDATED,3.652947601585798,-0.04679206649658385,0.1358835662068249,0.3693026052813222,0.002846491274654639,0.546938775510207,0.08172498332334954,0.18331278280480703,-0.006861911179600333,-0.008861911179600333,25.0
2026-07-30 14:00:00+00:00,2026-07-30 14:15:00+00:00,2026-07-30 18:10:00+00:00,SOLUSDT,FAILED_HIGH_CVD_DIVERGENCE,SHORT,-1.0,74.5,73.53849279015827,74.89,74.08,74.41,74.9318125,73.53849279015827,74.9318125,BOUNDARY_EXTREME_INVALIDATED,4.974063719203005,0.17652608231298772,0.2993251769652573,0.932735426008969,-0.003081457663451248,0.5609756097561119,-0.16303598036228462,1.388714800992271,-0.007012666308292115,-0.009012666308292115,235.0
2026-07-30 14:00:00+00:00,2026-07-30 14:15:00+00:00,2026-07-30 20:15:00+00:00,BTCUSDT,FAILED_HIGH_CVD_DIVERGENCE,SHORT,-1.0,65015.6,64134.563681884305,65157.0,64663.0,64701.1,65184.91541666666,64134.563681884305,64766.5,SIX_HOUR_CAP,6.567430177922293,0.04260698631026871,0.21622365111002922,0.5065301431407425,-0.0045341391289899224,0.8992981385413501,-0.2949179475868876,0.7192898892715243,-0.0010108019801826629,-0.003010801980182663,360.0
2026-07-30 14:00:00+00:00,2026-07-30 14:15:00+00:00,2026-07-30 20:15:00+00:00,ETHUSDT,FAILED_HIGH_CVD_DIVERGENCE,SHORT,-1.0,1935.0,1905.3954747827256,1936.52,1916.1,1917.71,1937.6388125,1905.3954747827256,1921.08,SIX_HOUR_CAP,4.7739122981424025,0.09403595314257651,0.5889660343866405,0.1358583319367617,-0.005713604288832497,0.8930307941653205,-0.16575316346890145,0.3819890943312393,-0.0017573042847980336,-0.0037573042847980336,360.0
2026-07-31 10:30:00+00:00,2026-07-31 10:45:00+00:00,2026-07-31 13:35:00+00:00,BTCUSDT,FAILED_LOW_CVD_DIVERGENCE,LONG,1.0,63601.2,64584.49235490885,63792.5,63577.0,63870.2,63555.55458333333,64584.49235490885,63555.55458333333,BOUNDARY_EXTREME_INVALIDATED,1.6628133981899345,0.13234293001140496,0.5750576354483743,0.11284462491984092,0.0012572503527197298,0.9358226371061822,0.3406824899966505,0.10790355837233763,-0.004926325840010959,-0.006926325840010959,170.0
2026-08-02 01:30:00+00:00,2026-08-02 01:45:00+00:00,2026-08-02 02:10:00+00:00,XRPUSDT,FAILED_HIGH_CVD_DIVERGENCE,SHORT,-1.0,1.0668,1.0588120002939025,1.068,1.0619,1.0663,1.0682389583333334,1.0588120002939025,1.0682389583333334,BOUNDARY_EXTREME_INVALIDATED,2.197555669567687,0.2359008399438487,0.7071064223651088,0.5021795989538241,-0.0008433283358320054,0.562499999999922,-0.34333571892016657,0.780339755025989,-0.001818398511988617,-0.003818398511988617,25.0
2026-08-02 05:30:00+00:00,2026-08-02 05:45:00+00:00,2026-08-02 11:45:00+00:00,BTCUSDT,FAILED_HIGH_CVD_DIVERGENCE,SHORT,-1.0,63600.0,62922.27936092253,63620.0,63432.4,63394.9,63631.39125,62922.27936092253,63094.6,SIX_HOUR_CAP,1.3927499961111254,-0.375357913560153,0.45748339645545283,0.17557335674311483,-0.0011753676962950044,0.8604382929642567,-0.3543324136375777,0.11186831974265134,0.004736974109904812,0.0027369741099048123,360.0
2026-08-03 08:30:00+00:00,2026-08-03 08:45:00+00:00,2026-08-03 14:30:00+00:00,XRPUSDT,FAILED_LOW_CVD_DIVERGENCE,LONG,1.0,1.0653,1.0787949088583155,1.0683,1.0628,1.0654,1.0624620833333334,1.0787949088583155,1.0787949088583155,PRIOR_VALUE_REACHED,1.7249087927253985,-0.32914181378278573,0.4583676274700126,0.7398273736128084,0.0021634841501270152,0.6764705882353153,0.10957231266829459,0.5849388539509407,0.01257265708495936,0.01057265708495936,345.0
2026-08-04 05:00:00+00:00,2026-08-04 05:15:00+00:00,2026-08-04 11:15:00+00:00,BTCUSDT,FAILED_HIGH_CVD_DIVERGENCE,SHORT,-1.0,64058.8,63325.03883923825,64239.8,63806.2,63812.1,64263.1675,63325.03883923825,63714.8,SIX_HOUR_CAP,3.6514410691093766,0.19179733884170735,0.2758578607974084,0.774580079169786,-0.0030060386379082704,0.871376811594198,-0.3437405520131436,0.7802180323507807,0.0015247891857499418,-0.0004752108142500582,360.0
2026-08-04 21:00:00+00:00,2026-08-04 21:15:00+00:00,2026-08-04 23:50:00+00:00,SOLUSDT,FAILED_HIGH_CVD_DIVERGENCE,SHORT,-1.0,74.37,73.69973016127294,74.44,74.04,74.01,74.47220833333333,73.69973016127294,73.69973016127294,PRIOR_VALUE_REACHED,1.8380528551741258,0.25539503686288456,0.15100885511665244,0.21733505821472685,-0.0030980603448274024,0.8846153846153278,-0.21386968378618176,0.06032400934931908,0.0041922691356176545,0.0021922691356176544,155.0
2026-08-05 16:30:00+00:00,2026-08-05 16:45:00+00:00,2026-08-05 18:00:00+00:00,BTCUSDT,FAILED_HIGH_CVD_DIVERGENCE,SHORT,-1.0,64728.5,64240.58456045266,64740.5,64352.5,64654.1,64762.51291666667,64240.58456045266,64762.51291666667,BOUNDARY_EXTREME_INVALIDATED,2.3286139111414577,0.15721277132204037,0.5658208327578609,0.05451344854346881,-0.0010166888391360818,0.592792792792819,-0.17593124535261162,0.07182573480789624,-0.0016768142572036737,-0.0036768142572036738,75.0
2026-08-06 19:30:00+00:00,2026-08-06 19:45:00+00:00,2026-08-06 23:35:00+00:00,XRPUSDT,FAILED_LOW_CVD_DIVERGENCE,LONG,1.0,1.0332,1.0494230427190434,1.036,1.0317,1.0352,1.0312447916666667,1.0494230427190434,1.0312447916666667,BOUNDARY_EXTREME_INVALIDATED,2.720886518740918,-0.03034342505780596,0.16785905906481094,0.3295194508008792,0.002129719264278851,0.8799999999999325,0.038674807169318814,0.15049991973350535,-0.0038207190236989597,-0.00582071902369896,230.0
2026-08-07 06:00:00+00:00,2026-08-07 06:15:00+00:00,2026-08-07 12:15:00+00:00,XRPUSDT,FAILED_LOW_CVD_DIVERGENCE,LONG,1.0,1.0152,1.0381137451175606,1.0212,1.0145,1.0248,1.0140329166666666,1.0381137451175606,1.0381137451175606,PRIOR_VALUE_REACHED,2.6159281991320835,0.03181052159511877,0.1041655073779388,0.14986619090101203,0.004115226337448652,0.8750000000000115,0.21359813835435149,0.04083696164613773,0.012991554564364405,0.010991554564364405,360.0
2026-08-07 10:30:00+00:00,2026-08-07 10:45:00+00:00,2026-08-07 12:10:00+00:00,SOLUSDT,FAILED_HIGH_CVD_DIVERGENCE,SHORT,-1.0,73.71,73.00964996938501,73.74,73.5,73.47,73.7681875,73.00964996938501,73.7681875,BOUNDARY_EXTREME_INVALIDATED,1.2705185711473097,-0.21917506680901477,0.24796136860380924,0.10643015521064716,-0.0017663043478259866,0.8124999999999167,-0.2580061459197053,0.033529705408949576,-0.004058629372532874,-0.006058629372532874,85.0
