[OK] python: 3.13.5 (need 3.13.x)
[OK] nautilus_trader: 1.230.0 (need 1.230.0)
[OK] glibc: 2.36 (need >= 2.35)
native L1 quote execution correction applied
test_completed_feature_index_stays_exact_and_unique (__main__.CompletedFeatureContracts.test_completed_feature_index_stays_exact_and_unique) ... ok
test_duplicate_completed_trade_timestamp_remains_invalid (__main__.CompletedFeatureContracts.test_duplicate_completed_trade_timestamp_remains_invalid) ... ok
test_source_contains_no_outcome_or_execution_logic (__main__.CompletedFeatureContracts.test_source_contains_no_outcome_or_execution_logic) ... ok
test_chunk_split_inside_equal_timestamp_matches_single_pass (__main__.DuplicateTimestampRawQuoteContracts.test_chunk_split_inside_equal_timestamp_matches_single_pass) ... ok
test_completed_bucket_preserves_duplicate_event_count_and_state_order (__main__.DuplicateTimestampRawQuoteContracts.test_completed_bucket_preserves_duplicate_event_count_and_state_order) ... ok
test_duplicate_exchange_milliseconds_are_distinct_ordered_events (__main__.DuplicateTimestampRawQuoteContracts.test_duplicate_exchange_milliseconds_are_distinct_ordered_events) ... ok
test_raw_time_regression_is_rejected_without_deduplication (__main__.DuplicateTimestampRawQuoteContracts.test_raw_time_regression_is_rejected_without_deduplication) ... ok

----------------------------------------------------------------------
Ran 7 tests in 0.113s

OK
test_cross_chunk_time_regression_is_rejected (__main__.RawChunkIntegrityContracts.test_cross_chunk_time_regression_is_rejected) ... ok
test_equal_time_update_id_regression_is_rejected (__main__.RawChunkIntegrityContracts.test_equal_time_update_id_regression_is_rejected) ... ok
test_equal_transaction_millisecond_preserves_update_order (__main__.RawChunkIntegrityContracts.test_equal_transaction_millisecond_preserves_update_order) ... ok
test_malformed_crossed_and_nonpositive_rows_fail_closed (__main__.RawChunkIntegrityContracts.test_malformed_crossed_and_nonpositive_rows_fail_closed) ... ok
test_arbitrary_chunk_boundaries_match_single_pass_exactly (__main__.RawOpenBucketCarryContracts.test_arbitrary_chunk_boundaries_match_single_pass_exactly) ... ok
test_duplicate_timestamp_events_contribute_individually (__main__.RawOpenBucketCarryContracts.test_duplicate_timestamp_events_contribute_individually) ... ok
test_later_buckets_cannot_change_already_closed_history (__main__.RawOpenBucketCarryContracts.test_later_buckets_cannot_change_already_closed_history) ... ok
test_streaming_revision_contains_no_daily_materialization_or_trading_logic (__main__.RawOpenBucketCarryContracts.test_streaming_revision_contains_no_daily_materialization_or_trading_logic) ... ok

----------------------------------------------------------------------
Ran 8 tests in 0.324s

OK
test_confirmation_quote_ofi_ablation_changes_only_the_predeclared_gate (__main__.QuoteResiliencySignalContracts.test_confirmation_quote_ofi_ablation_changes_only_the_predeclared_gate) ... ok
test_detector_source_contains_no_execution_or_outcome_logic (__main__.QuoteResiliencySignalContracts.test_detector_source_contains_no_execution_or_outcome_logic) ... ok
test_future_rows_do_not_change_existing_signal (__main__.QuoteResiliencySignalContracts.test_future_rows_do_not_change_existing_signal) ... ok
test_quote_replenished_high_sweep_emits_short_reversal (__main__.QuoteResiliencySignalContracts.test_quote_replenished_high_sweep_emits_short_reversal) ... ok
test_quote_replenished_low_sweep_emits_long_reversal (__main__.QuoteResiliencySignalContracts.test_quote_replenished_low_sweep_emits_long_reversal) ... ok
test_quote_withdrawal_acceptance_emits_long_continuation_after_separate_retest (__main__.QuoteResiliencySignalContracts.test_quote_withdrawal_acceptance_emits_long_continuation_after_separate_retest) ... ok
test_target_crossed_on_confirmation_bucket_is_not_reused (__main__.QuoteResiliencySignalContracts.test_target_crossed_on_confirmation_bucket_is_not_reused) ... ok

----------------------------------------------------------------------
Ran 7 tests in 0.043s

OK
test_rejected_response_bucket_cannot_arm_another_crossed_level (__main__.OneScenarioTransitionPerBucketContract.test_rejected_response_bucket_cannot_arm_another_crossed_level) ... ok

----------------------------------------------------------------------
Ran 1 test in 0.021s

OK
test_direction_must_be_signed (__main__.ExecutableQuoteReferenceContracts.test_direction_must_be_signed) ... ok
test_invalid_or_crossed_completed_quote_fails_closed (__main__.ExecutableQuoteReferenceContracts.test_invalid_or_crossed_completed_quote_fails_closed) ... ok
test_long_uses_completed_best_ask_not_trade_close (__main__.ExecutableQuoteReferenceContracts.test_long_uses_completed_best_ask_not_trade_close) ... ok
test_short_uses_completed_best_bid_not_trade_close (__main__.ExecutableQuoteReferenceContracts.test_short_uses_completed_best_bid_not_trade_close) ... ok
test_invalid_direction_or_nonpositive_inputs_fail_closed (__main__.ExpectedOneTickFillContracts.test_invalid_direction_or_nonpositive_inputs_fail_closed) ... ok
test_long_and_short_fill_one_tick_adverse_from_l1 (__main__.ExpectedOneTickFillContracts.test_long_and_short_fill_one_tick_adverse_from_l1) ... ok
test_fill_adjusted_exit_requires_strictly_later_event_time (__main__.FillAdjustedExitTimingContracts.test_fill_adjusted_exit_requires_strictly_later_event_time) ... ok
test_fill_adjusted_exit_without_position_open_time_fails_closed (__main__.FillAdjustedExitTimingContracts.test_fill_adjusted_exit_without_position_open_time_fails_closed) ... ok
test_non_risk_exit_is_not_changed_by_guard (__main__.FillAdjustedExitTimingContracts.test_non_risk_exit_is_not_changed_by_guard) ... ok

----------------------------------------------------------------------
Ran 9 tests in 0.014s

OK
test_completed_snapshot_reproduces_venue_state_at_bar_end_plus_one_ns (__main__.NativeQuoteSnapshotContracts.test_completed_snapshot_reproduces_venue_state_at_bar_end_plus_one_ns) ... ok
test_invalid_or_crossed_state_fails_closed (__main__.NativeQuoteSnapshotContracts.test_invalid_or_crossed_state_fails_closed) ... ok
test_non_quote_frame_is_backward_compatible (__main__.NativeQuoteSnapshotContracts.test_non_quote_frame_is_backward_compatible) ... ok
test_source_event_must_be_inside_the_completed_bucket (__main__.NativeQuoteSnapshotContracts.test_source_event_must_be_inside_the_completed_bucket) ... ok
test_unobservable_bucket_emits_no_native_quote (__main__.NativeQuoteSnapshotContracts.test_unobservable_bucket_emits_no_native_quote) ... ok

----------------------------------------------------------------------
Ran 5 tests in 0.009s

OK
test_adapter_contains_no_new_backtest_or_sizing_engine (__main__.NativeAdapterContracts.test_adapter_contains_no_new_backtest_or_sizing_engine) ... ok
test_config_and_implementation_revisions_are_bound (__main__.NativeAdapterContracts.test_config_and_implementation_revisions_are_bound) ... ok
test_family_resolution_prefers_immutable_signal_field (__main__.NativeAdapterContracts.test_family_resolution_prefers_immutable_signal_field) ... ok
test_inherited_native_engine_config_contract_is_complete (__main__.NativeAdapterContracts.test_inherited_native_engine_config_contract_is_complete) ... ok
test_only_predeclared_ablation_is_exposed (__main__.NativeAdapterContracts.test_only_predeclared_ablation_is_exposed) ... ok
test_order_and_intent_labels_name_real_quote_scenarios (__main__.NativeAdapterContracts.test_order_and_intent_labels_name_real_quote_scenarios) ... ok
test_verified_runner_boundaries_are_reused (__main__.NativeAdapterContracts.test_verified_runner_boundaries_are_reused) ... ok

----------------------------------------------------------------------
Ran 7 tests in 0.001s

OK
test_active_config_path_overrides_default_for_all_adapter_loaders (__main__.RuntimeConfigPathContracts.test_active_config_path_overrides_default_for_all_adapter_loaders) ... ok
test_default_path_is_restored_when_no_suite_is_active (__main__.RuntimeConfigPathContracts.test_default_path_is_restored_when_no_suite_is_active) ... ok
test_run_suite_sets_and_restores_config_path (__main__.RuntimeConfigPathContracts.test_run_suite_sets_and_restores_config_path) ... ok

----------------------------------------------------------------------
Ran 3 tests in 0.003s

OK
test_clean_negative_base_permits_only_single_ablation (__main__.QuoteResiliencyStageDecisionContracts.test_clean_negative_base_permits_only_single_ablation) ... ok
test_clean_positive_base_advances_to_screen (__main__.QuoteResiliencyStageDecisionContracts.test_clean_positive_base_advances_to_screen) ... ok
test_clean_positive_diagnostic_requires_new_base_and_never_promotes (__main__.QuoteResiliencyStageDecisionContracts.test_clean_positive_diagnostic_requires_new_base_and_never_promotes) ... ok
test_execution_risk_failure_does_not_open_logic_ablation (__main__.QuoteResiliencyStageDecisionContracts.test_execution_risk_failure_does_not_open_logic_ablation) ... ok
test_missing_path_evidence_blocks_ablation (__main__.QuoteResiliencyStageDecisionContracts.test_missing_path_evidence_blocks_ablation) ... ok
test_zero_signal_base_is_opportunity_failure_not_implementation_failure (__main__.QuoteResiliencyStageDecisionContracts.test_zero_signal_base_is_opportunity_failure_not_implementation_failure) ... ok

----------------------------------------------------------------------
Ran 6 tests in 0.007s

OK
[1m2026-08-07T13:20:30.745608124Z[0m [36m[INFO] TRADER-001.BacktestEngine: =================================================================[0m
[1m2026-08-07T13:20:30.745623136Z[0m [36m[INFO] TRADER-001.BacktestEngine:  NAUTILUS TRADER - Automated Algorithmic Trading Platform[0m
[1m2026-08-07T13:20:30.745623747Z[0m [36m[INFO] TRADER-001.BacktestEngine:  by Nautech Systems Pty Ltd.[0m
[1m2026-08-07T13:20:30.745623917Z[0m [36m[INFO] TRADER-001.BacktestEngine:  Copyright (C) 2015-2026. All rights reserved.[0m
[1m2026-08-07T13:20:30.745624048Z[0m [36m[INFO] TRADER-001.BacktestEngine: =================================================================[0m
[1m2026-08-07T13:20:30.745624338Z[0m [INFO] TRADER-001.BacktestEngine: [0m
[1m2026-08-07T13:20:30.745624578Z[0m [INFO] TRADER-001.BacktestEngine: ⠀⠀⠀⠀⠀⠀⠀⠀⠀⠀⠀⠀⠀⣠⣴⣶⡟⠀⠀⠀⠀⠀⠀⠀⠀⠀⠀⠀⠀⠀⠀[0m
[1m2026-08-07T13:20:30.745624829Z[0m [INFO] TRADER-001.BacktestEngine: ⠀⠀⠀⠀⠀⠀⠀⠀⠀⠀⠀⣰⣾⣿⣿⣿⠀⢸⣿⣿⣿⣿⣶⣶⣤⣀⠀⠀⠀⠀⠀[0m
[1m2026-08-07T13:20:30.745625320Z[0m [INFO] TRADER-001.BacktestEngine: ⠀⠀⠀⠀⠀⠀⢀⣴⡇⢀⣾⣿⣿⣿⣿⣿⠀⣾⣿⣿⣿⣿⣿⣿⣿⠿⠓⠀⠀⠀⠀[0m
[1m2026-08-07T13:20:30.745625630Z[0m [INFO] TRADER-001.BacktestEngine: ⠀⠀⠀⠀⠀⣰⣿⣿⡀⢸⣿⣿⣿⣿⣿⣿⠀⣿⣿⣿⣿⣿⣿⠟⠁⣠⣄⠀⠀⠀⠀[0m
[1m2026-08-07T13:20:30.745625920Z[0m [INFO] TRADER-001.BacktestEngine: ⠀⠀⠀⠀⢠⣿⣿⣿⣇⠀⢿⣿⣿⣿⣿⣿⠀⢻⣿⣿⣿⡿⢃⣠⣾⣿⣿⣧⡀⠀⠀[0m
[1m2026-08-07T13:20:30.745626211Z[0m [INFO] TRADER-001.BacktestEngine: ⠀⠀⠀⠠⣾⣿⣿⣿⣿⣿⣧⠈⠋⢀⣴⣧⠀⣿⡏⢠⡀⢸⣿⣿⣿⣿⣿⣿⣿⡇⠀[0m
[1m2026-08-07T13:20:30.745626511Z[0m [INFO] TRADER-001.BacktestEngine: ⠀⠀⠀⣀⠙⢿⣿⣿⣿⣿⣿⠇⢠⣿⣿⣿⡄⠹⠃⠼⠃⠈⠉⠛⠛⠛⠛⠛⠻⠇⠀[0m
[1m2026-08-07T13:20:30.745626782Z[0m [INFO] TRADER-001.BacktestEngine: ⠀⠀⢸⡟⢠⣤⠉⠛⠿⢿⣿⠀⢸⣿⡿⠋⣠⣤⣄⠀⣾⣿⣿⣶⣶⣶⣦⡄⠀⠀⠀[0m
[1m2026-08-07T13:20:30.745628284Z[0m [INFO] TRADER-001.BacktestEngine: ⠀⠀⠸⠀⣾⠏⣸⣷⠂⣠⣤⠀⠘⢁⣴⣾⣿⣿⣿⡆⠘⣿⣿⣿⣿⣿⣿⠀⠀⠀⠀[0m
[1m2026-08-07T13:20:30.745628424Z[0m [INFO] TRADER-001.BacktestEngine: ⠀⠀⠀⠀⠛⠀⣿⡟⠀⢻⣿⡄⠸⣿⣿⣿⣿⣿⣿⣿⡀⠘⣿⣿⣿⣿⠟⠀⠀⠀⠀[0m
[1m2026-08-07T13:20:30.745628574Z[0m [INFO] TRADER-001.BacktestEngine: ⠀⠀⠀⠀⠀⠀⣿⠇⠀⠀⢻⡿⠀⠈⠻⣿⣿⣿⣿⣿⡇⠀⢹⣿⠿⠋⠀⠀⠀⠀⠀[0m
[1m2026-08-07T13:20:30.745628715Z[0m [INFO] TRADER-001.BacktestEngine: ⠀⠀⠀⠀⠀⠀⠋⠀⠀⠀⡘⠁⠀⠀⠀⠀⠀⠀⠀⠀⠀⠀⠈⠁⠀⠀⠀⠀⠀⠀⠀[0m
[1m2026-08-07T13:20:30.745628855Z[0m [INFO] TRADER-001.BacktestEngine: [0m
[1m2026-08-07T13:20:30.745628985Z[0m [36m[INFO] TRADER-001.BacktestEngine: =================================================================[0m
[1m2026-08-07T13:20:30.745629446Z[0m [36m[INFO] TRADER-001.BacktestEngine:  SYSTEM SPECIFICATION[0m
[1m2026-08-07T13:20:30.745629586Z[0m [36m[INFO] TRADER-001.BacktestEngine: =================================================================[0m
[1m2026-08-07T13:20:30.745631008Z[0m [INFO] TRADER-001.BacktestEngine: CPU architecture: AMD EPYC 9V74 80-Core Processor[0m
[1m2026-08-07T13:20:30.745631889Z[0m [INFO] TRADER-001.BacktestEngine: CPU(s): 4 @ 2870 MHz[0m
[1m2026-08-07T13:20:30.745633121Z[0m [INFO] TRADER-001.BacktestEngine: OS: kernel-6.17.0-1020-azure Linux (Debian GNU/Linux 12)[0m
[1m2026-08-07T13:20:30.745691077Z[0m [36m[INFO] TRADER-001.BacktestEngine: =================================================================[0m
[1m2026-08-07T13:20:30.745691417Z[0m [36m[INFO] TRADER-001.BacktestEngine:  MEMORY USAGE[0m
[1m2026-08-07T13:20:30.745691618Z[0m [36m[INFO] TRADER-001.BacktestEngine: =================================================================[0m
[1m2026-08-07T13:20:30.745694862Z[0m [INFO] TRADER-001.BacktestEngine: RAM-Total: 15.61 GiB[0m
[1m2026-08-07T13:20:30.745696295Z[0m [INFO] TRADER-001.BacktestEngine: RAM-Used: 2.14 GiB (13.72%)[0m
[1m2026-08-07T13:20:30.745697036Z[0m [INFO] TRADER-001.BacktestEngine: RAM-Avail: 13.47 GiB (86.28%)[0m
[1m2026-08-07T13:20:30.745702484Z[0m [INFO] TRADER-001.BacktestEngine: Swap-Total: 3.00 GiB[0m
[1m2026-08-07T13:20:30.745703185Z[0m [INFO] TRADER-001.BacktestEngine: Swap-Used: 0.00 GiB (0.00%)[0m
[1m2026-08-07T13:20:30.745704166Z[0m [INFO] TRADER-001.BacktestEngine: Swap-Avail: 3.00 GiB (100.00%)[0m
[1m2026-08-07T13:20:30.745704917Z[0m [36m[INFO] TRADER-001.BacktestEngine: =================================================================[0m
[1m2026-08-07T13:20:30.745705158Z[0m [36m[INFO] TRADER-001.BacktestEngine:  IDENTIFIERS[0m
[1m2026-08-07T13:20:30.745705398Z[0m [36m[INFO] TRADER-001.BacktestEngine: =================================================================[0m
[1m2026-08-07T13:20:30.745705849Z[0m [INFO] TRADER-001.BacktestEngine: trader_id: TRADER-001[0m
[1m2026-08-07T13:20:30.745707451Z[0m [INFO] TRADER-001.BacktestEngine: machine_id: 77a9744d4654[0m
[1m2026-08-07T13:20:30.745709013Z[0m [INFO] TRADER-001.BacktestEngine: instance_id: d4895f84-1564-4acb-9cb1-199d9d2d8a11[0m
[1m2026-08-07T13:20:30.745709394Z[0m [INFO] TRADER-001.BacktestEngine: PID: 229[0m
[1m2026-08-07T13:20:30.745709614Z[0m [36m[INFO] TRADER-001.BacktestEngine: =================================================================[0m
[1m2026-08-07T13:20:30.745710095Z[0m [36m[INFO] TRADER-001.BacktestEngine:  VERSIONING[0m
[1m2026-08-07T13:20:30.745710295Z[0m [36m[INFO] TRADER-001.BacktestEngine: =================================================================[0m
[1m2026-08-07T13:20:30.745723405Z[0m [INFO] TRADER-001.BacktestEngine: nautilus_trader: 1.230.0[0m
[1m2026-08-07T13:20:30.745729684Z[0m [INFO] TRADER-001.BacktestEngine: python: 3.13.5[0m
[1m2026-08-07T13:20:30.745734061Z[0m [INFO] TRADER-001.BacktestEngine: numpy: 2.5.1[0m
[1m2026-08-07T13:20:30.745738627Z[0m [INFO] TRADER-001.BacktestEngine: pandas: 3.0.5[0m
[1m2026-08-07T13:20:30.745748372Z[0m [INFO] TRADER-001.BacktestEngine: msgspec: 0.21.1[0m
[1m2026-08-07T13:20:30.745752398Z[0m [INFO] TRADER-001.BacktestEngine: pyarrow: 25.0.0[0m
[1m2026-08-07T13:20:30.745756394Z[0m [INFO] TRADER-001.BacktestEngine: pytz: 2026.3.post1[0m
[1m2026-08-07T13:20:30.745760159Z[0m [INFO] TRADER-001.BacktestEngine: uvloop: 0.22.1[0m
[1m2026-08-07T13:20:30.745760740Z[0m [36m[INFO] TRADER-001.BacktestEngine: =================================================================[0m
[1m2026-08-07T13:20:30.745761942Z[0m [INFO] TRADER-001.nautilus_system::kernel: Building system kernel[0m
[1m2026-08-07T13:20:30.746218898Z[0m [INFO] TRADER-001.nautilus_backtest::engine: Adding exchange BINANCE to engine[0m
[1m2026-08-07T13:20:30.746292848Z[0m [INFO] TRADER-001.nautilus_backtest::exchange: Added instrument BTCUSDT-PERP.BINANCE and created matching engine[0m
[1m2026-08-07T13:20:30.746386136Z[0m [INFO] TRADER-001.nautilus_backtest::engine: Added instrument BTCUSDT-PERP.BINANCE to exchange BINANCE[0m
[1m2026-08-07T13:20:30.760031025Z[0m [INFO] TRADER-001.nautilus_backtest::engine: Added 62136 data elements to BacktestEngine (62136 total)[0m
[1m2026-08-07T13:20:30.773691747Z[0m [INFO] TRADER-001.nautilus_backtest::engine: Added 62136 data elements to BacktestEngine (124272 total)[0m
[1m2026-08-07T13:20:30.776143456Z[0m [INFO] TRADER-001.nautilus_backtest::engine: Added 10356 data elements to BacktestEngine (134628 total)[0m
[1m2026-08-07T13:20:30.776176816Z[0m [INFO] TRADER-001.nautilus_backtest::engine: Added 22 data elements to BacktestEngine (134650 total)[0m
[1m2026-08-07T13:20:30.776184217Z[0m [INFO] TRADER-001.nautilus_backtest::engine: Data sort requested (iterator merges streams by replay timestamp)[0m
[1m2026-08-07T13:20:30.776282021Z[0m [INFO] TRADER-001.DataActor-140733232651416: Ready[0m
[1m2026-08-07T13:20:30.776410442Z[0m [INFO] TRADER-001.nautilus_backtest::python::engine: Registered Python strategy DataActor-140733232651416[0m
[1m2026-08-07T13:20:30.776453425Z[0m [INFO] TRADER-001.nautilus_portfolio::portfolio: Updated AccountState(account_id=BINANCE-001, account_type=MARGIN, base_currency=USDT, is_reported=true, balances=[AccountBalance(total=100000.00000000 USDT, locked=0.00000000 USDT, free=100000.00000000 USDT)], margins=[], event_id=9681182a-b5ee-4562-a83c-75780bf0c2ec)[0m
[1m2023-10-14T23:25:10.000000000Z[0m [INFO] TRADER-001.nautilus_system::kernel: Starting[0m
[1m2023-10-14T23:25:10.000000000Z[0m [INFO] TRADER-001.nautilus_backtest::execution_client: Backtest execution client started[0m
[1m2023-10-14T23:25:10.000000000Z[0m [INFO] TRADER-001.nautilus_execution::engine: Started[0m
[1m2023-10-14T23:25:10.000000000Z[0m [INFO] TRADER-001.nautilus_risk::engine: Started[0m
[1m2023-10-14T23:25:10.000000000Z[0m [INFO] TRADER-001.nautilus_system::kernel: Initializing trader[0m
[1m2023-10-14T23:25:10.000000000Z[0m [INFO] TRADER-001.nautilus_system::kernel: Started[0m
[1m2023-10-14T23:25:10.000000000Z[0m [INFO] TRADER-001.nautilus_system::kernel: Starting trader...[0m
[1m2023-10-14T23:25:10.000000000Z[0m [INFO] TRADER-001.nautilus_execution::order_emulator::emulator: Started[0m
[1m2023-10-14T23:25:10.000000000Z[0m [INFO] TRADER-001.nautilus_system::trader: Starting[0m
[1m2023-10-14T23:25:10.000000000Z[0m [INFO] TRADER-001.DataActor-140733232651416: Starting[0m
[1m2023-10-14T23:25:10.000000000Z[0m [INFO] TRADER-001.nautilus_trading::strategy: Starting DataActor-140733232651416[0m
[1m2023-10-14T23:25:10.000000000Z[0m [INFO] TRADER-001.nautilus_common::actor::data_actor: [CMD]--> Subscribe(Bars(SubscribeBars { bar_type: Standard { instrument_id: "BTCUSDT-PERP.BINANCE", spec: BarSpecification { step: 10, aggregation: Second, price_type: Last }, aggregation_source: External }, client_id: None, venue: Some("BINANCE"), command_id: UUID4(ce22c121-0308-4c9f-8637-350cc3acb228), ts_init: UnixNanos(1697325910000000000), correlation_id: None, params: None }))[0m
[1m2023-10-14T23:25:10.000000000Z[0m [INFO] TRADER-001.nautilus_common::actor::data_actor: [CMD]--> Subscribe(Quotes(SubscribeQuotes { instrument_id: "BTCUSDT-PERP.BINANCE", client_id: None, venue: Some("BINANCE"), command_id: UUID4(74264e48-35a2-4a12-959a-01d847be894d), ts_init: UnixNanos(1697325910000000000), correlation_id: None, params: None }))[0m
[1m2023-10-14T23:25:10.000000000Z[0m [INFO] TRADER-001.DataActor-140733232651416: Running[0m
[1m2023-10-14T23:25:10.000000000Z[0m [INFO] TRADER-001.nautilus_system::trader: Running[0m
[1m2023-10-14T23:25:10.000000000Z[0m [INFO] TRADER-001.nautilus_system::kernel: Trader started[0m
[1m2023-10-14T23:25:10.000000000Z[0m [36m[INFO] TRADER-001.nautilus_backtest::engine: =================================================================[0m
[1m2023-10-14T23:25:10.000000000Z[0m [36m[INFO] TRADER-001.nautilus_backtest::engine:  BACKTEST PRE-RUN[0m
[1m2023-10-14T23:25:10.000000000Z[0m [36m[INFO] TRADER-001.nautilus_backtest::engine: =================================================================[0m
[1m2023-10-14T23:25:10.000000000Z[0m [36m[INFO] TRADER-001.nautilus_backtest::engine: =================================================================[0m
[1m2023-10-14T23:25:10.000000000Z[0m [INFO] TRADER-001.nautilus_backtest::engine:  SimulatedVenue BINANCE (MARGIN)[0m
[1m2023-10-14T23:25:10.000000000Z[0m [36m[INFO] TRADER-001.nautilus_backtest::engine: -----------------------------------------------------------------[0m
[1m2023-10-14T23:25:10.000000000Z[0m [INFO] TRADER-001.nautilus_backtest::engine: Balances starting:[0m
[1m2023-10-14T23:25:10.000000000Z[0m [INFO] TRADER-001.nautilus_backtest::engine:   100000.00000000 USDT[0m
[1m2023-10-14T23:25:10.000000000Z[0m [36m[INFO] TRADER-001.nautilus_backtest::engine: -----------------------------------------------------------------[0m
[1m2023-10-14T23:25:10.000000000Z[0m [36m[INFO] TRADER-001.nautilus_backtest::engine: =================================================================[0m
[1m2023-10-14T23:25:10.000000000Z[0m [36m[INFO] TRADER-001.nautilus_backtest::engine:  BACKTEST RUN[0m
[1m2023-10-14T23:25:10.000000000Z[0m [36m[INFO] TRADER-001.nautilus_backtest::engine: =================================================================[0m
[1m2023-10-14T23:25:10.000000000Z[0m [INFO] TRADER-001.nautilus_backtest::engine: Run config ID:  None[0m
[1m2023-10-14T23:25:10.000000000Z[0m [INFO] TRADER-001.nautilus_backtest::engine: Run ID:         ce211ca1-6295-4083-8500-b430c15ad6cc[0m
[1m2023-10-14T23:25:10.000000000Z[0m [INFO] TRADER-001.nautilus_backtest::engine: Backtest start: 2023-10-14T23:25:10.000000000Z[0m
[1m2023-10-14T23:25:10.000000000Z[0m [INFO] TRADER-001.nautilus_backtest::engine: Data elements:  134650[0m
[1m2023-10-14T23:25:10.000000000Z[0m [36m[INFO] TRADER-001.nautilus_backtest::engine: -----------------------------------------------------------------[0m
[1m2023-10-14T23:25:10.000000000Z[0m [94m[INFO] TRADER-001.nautilus_data::client: Subscribed BTCUSDT-PERP.BINANCE-10-SECOND-LAST-EXTERNAL bars[0m
[1m2023-10-14T23:25:10.000000000Z[0m [94m[INFO] TRADER-001.nautilus_data::client: Subscribed BTCUSDT-PERP.BINANCE quotes[0m
[1m2023-10-15T13:29:00.000000001Z[0m [INFO] TRADER-001.nautilus_trading::strategy: DataActor-140733232651416 <--[EVT] OrderInitialized(instrument_id=BTCUSDT-PERP.BINANCE, client_order_id=O-20231015-132900-001-140733232651416-1, side=SELL, type=MARKET, quantity=35.848, time_in_force=GTC, post_only=false, reduce_only=false, quote_quantity=false, price=None, emulation_trigger=None, trigger_instrument_id=None, contingency_type=OTO, order_list_id=OL-20231015-132900-001-140733232651416-1, linked_order_ids=[O-20231015-132900-001-140733232651416-2, O-20231015-132900-001-140733232651416-3], parent_order_id=None, exec_algorithm_id=None, exec_algorithm_params=None, exec_spawn_id=None, tags=quote-resiliency-btcusdt-000008, QUOTE_REPLENISHED_FAILED_AUCTION_REVERSAL, SHORT, COMPLETED_TEN_SECOND_MARKET_ENTRY, QUOTE_RESILIENCY_NATIVE_EXECUTION_LABELS_V3_QUOTE_CALLBACK_EXACT_FILL)[0m
[1m2023-10-15T13:29:00.000000001Z[0m [INFO] TRADER-001.nautilus_trading::strategy: DataActor-140733232651416 <--[EVT] OrderInitialized(instrument_id=BTCUSDT-PERP.BINANCE, client_order_id=O-20231015-132900-001-140733232651416-2, side=BUY, type=STOP_MARKET, quantity=35.848, time_in_force=GTC, post_only=false, reduce_only=true, quote_quantity=false, price=None, emulation_trigger=None, trigger_instrument_id=None, contingency_type=OUO, order_list_id=OL-20231015-132900-001-140733232651416-1, linked_order_ids=[O-20231015-132900-001-140733232651416-3], parent_order_id=O-20231015-132900-001-140733232651416-1, exec_algorithm_id=None, exec_algorithm_params=None, exec_spawn_id=None, tags=quote-resiliency-btcusdt-000008, FULL_SWEEP_RESPONSE_EXTREME, STRUCTURAL_INVALIDATION)[0m
[1m2023-10-15T13:29:00.000000001Z[0m [INFO] TRADER-001.nautilus_trading::strategy: DataActor-140733232651416 <--[EVT] OrderInitialized(instrument_id=BTCUSDT-PERP.BINANCE, client_order_id=O-20231015-132900-001-140733232651416-3, side=BUY, type=LIMIT, quantity=35.848, time_in_force=GTC, post_only=false, reduce_only=true, quote_quantity=false, price=26773.1, emulation_trigger=None, trigger_instrument_id=None, contingency_type=OUO, order_list_id=OL-20231015-132900-001-140733232651416-1, linked_order_ids=[O-20231015-132900-001-140733232651416-2], parent_order_id=O-20231015-132900-001-140733232651416-1, exec_algorithm_id=None, exec_algorithm_params=None, exec_spawn_id=None, tags=quote-resiliency-btcusdt-000008, ACTIVE_COMPLETED_EXTERNAL_TARGET, DAY)[0m
[1m2023-10-15T13:29:00.000000001Z[0m [INFO] TRADER-001.nautilus_trading::strategy: DataActor-140733232651416 [CMD]--> SubmitOrderList[0m
[1m2023-10-15T13:29:00.000000001Z[0m [94m[INFO] TRADER-001.nautilus_execution::engine: Submit OrderList(id=OL-20231015-132900-001-140733232651416-1, instrument_id=BTCUSDT-PERP.BINANCE, strategy_id=DataActor-140733232651416, client_order_ids=["O-20231015-132900-001-140733232651416-1", "O-20231015-132900-001-140733232651416-2", "O-20231015-132900-001-140733232651416-3"], ts_init=1697376540000000001)[0m
[1m2023-10-15T13:29:00.000000001Z[0m [INFO] TRADER-001.nautilus_trading::strategy: DataActor-140733232651416 <--[EVT] OrderSubmitted(instrument_id=BTCUSDT-PERP.BINANCE, client_order_id=O-20231015-132900-001-140733232651416-1, account_id=BINANCE-001, ts_event=1697376540000000001)[0m
[1m2023-10-15T13:29:00.000000001Z[0m [INFO] TRADER-001.nautilus_trading::strategy: DataActor-140733232651416 <--[EVT] OrderSubmitted(instrument_id=BTCUSDT-PERP.BINANCE, client_order_id=O-20231015-132900-001-140733232651416-2, account_id=BINANCE-001, ts_event=1697376540000000001)[0m
[1m2023-10-15T13:29:00.000000001Z[0m [INFO] TRADER-001.nautilus_trading::strategy: DataActor-140733232651416 <--[EVT] OrderSubmitted(instrument_id=BTCUSDT-PERP.BINANCE, client_order_id=O-20231015-132900-001-140733232651416-3, account_id=BINANCE-001, ts_event=1697376540000000001)[0m
[1m2023-10-15T13:29:00.000000001Z[0m [INFO] TRADER-001.nautilus_portfolio::manager: BTCUSDT-PERP.BINANCE margin_init=0.00000000 USDT[0m
[1m2023-10-15T13:29:00.000000001Z[0m [INFO] TRADER-001.nautilus_trading::strategy: DataActor-140733232651416 <--[EVT] OrderFilled(instrument_id=BTCUSDT-PERP.BINANCE, client_order_id=O-20231015-132900-001-140733232651416-1, venue_order_id=BINANCE-1-1, account_id=BINANCE-001, trade_id=T-2cb25fc753d00e40-10615, position_id=P-20231015-132900-001-140733232651416-1, order_side=SELL, order_type=MARKET, last_qty=35.848, last_px=26_922.6 USDT, commission=579.07281888 USDT, liquidity_side=TAKER, ts_event=1697376540000000001)[0m
[1m2023-10-15T13:29:00.000000001Z[0m [INFO] TRADER-001.nautilus_trading::strategy: Canceling 2 inflight BTCUSDT-PERP.BINANCE orders[0m
[1m2023-10-15T13:29:00.000000001Z[0m [INFO] TRADER-001.nautilus_trading::strategy: DataActor-140733232651416 [CMD]--> CancelAllOrders[0m
[1m2023-10-15T13:29:00.000000001Z[0m [INFO] TRADER-001.nautilus_portfolio::portfolio: BTCUSDT-PERP.BINANCE net_position=-35.848[0m
[1m2023-10-15T13:29:00.000000001Z[0m [INFO] TRADER-001.nautilus_portfolio::manager: BTCUSDT-PERP.BINANCE margin_maint=3860.48545920 USDT[0m
[1m2023-10-15T13:29:00.000000001Z[0m [INFO] TRADER-001.nautilus_portfolio::portfolio: Updated AccountState(account_id=BINANCE-001, account_type=MARGIN, base_currency=USDT, is_reported=false, balances=[AccountBalance(total=99420.92718112 USDT, locked=3860.48545920 USDT, free=95560.44172192 USDT)], margins=[MarginBalance(initial=0.00000000 USDT, maintenance=3860.48545920 USDT, instrument_id=BTCUSDT-PERP.BINANCE)], event_id=3f148afc-a5d1-4d63-a985-f404eef2809b)[0m
[1m2023-10-15T13:29:00.000000001Z[0m [INFO] TRADER-001.nautilus_trading::strategy: DataActor-140733232651416 <--[EVT] PositionOpened(PositionOpened { trader_id: "TRADER-001", strategy_id: "DataActor-140733232651416", instrument_id: "BTCUSDT-PERP.BINANCE", position_id: "P-20231015-132900-001-140733232651416-1", account_id: "BINANCE-001", opening_order_id: "O-20231015-132900-001-140733232651416-1", entry: Sell, side: Short, signed_qty: -35.848, quantity: Quantity(35.848), last_qty: Quantity(35.848), last_px: Price(26922.6), currency: Currency(code='USDT', precision=8, iso4217=0, name='Tether', currency_type=CRYPTO), avg_px_open: 26922.6, event_id: UUID4(c16090ce-9a69-4eea-a82a-956edd8655e8), ts_event: UnixNanos(1697376540000000001), ts_init: UnixNanos(1697376540000000001) })[0m
[1m2023-10-15T13:29:00.000000001Z[0m [INFO] TRADER-001.nautilus_portfolio::manager: BTCUSDT-PERP.BINANCE margin_init=0.00000000 USDT[0m
[1m2023-10-15T13:29:00.000000001Z[0m [INFO] TRADER-001.nautilus_portfolio::portfolio: Updated AccountState(account_id=BINANCE-001, account_type=MARGIN, base_currency=USDT, is_reported=false, balances=[AccountBalance(total=99420.92718112 USDT, locked=3860.48545920 USDT, free=95560.44172192 USDT)], margins=[MarginBalance(initial=0.00000000 USDT, maintenance=3860.48545920 USDT, instrument_id=BTCUSDT-PERP.BINANCE)], event_id=15a7fdb7-f2ac-4123-83cc-31501d7c05a9)[0m
[1m2023-10-15T13:29:00.000000001Z[0m [INFO] TRADER-001.nautilus_trading::strategy: DataActor-140733232651416 <--[EVT] OrderAccepted(instrument_id=BTCUSDT-PERP.BINANCE, client_order_id=O-20231015-132900-001-140733232651416-2, venue_order_id=BINANCE-1-2, account_id=BINANCE-001, ts_event=1697376540000000001)[0m
[1m2023-10-15T13:29:00.000000001Z[0m [INFO] TRADER-001.nautilus_portfolio::manager: BTCUSDT-PERP.BINANCE margin_init=0.00000000 USDT[0m
[1m2023-10-15T13:29:00.000000001Z[0m [INFO] TRADER-001.nautilus_portfolio::portfolio: Updated AccountState(account_id=BINANCE-001, account_type=MARGIN, base_currency=USDT, is_reported=false, balances=[AccountBalance(total=99420.92718112 USDT, locked=3860.48545920 USDT, free=95560.44172192 USDT)], margins=[MarginBalance(initial=0.00000000 USDT, maintenance=3860.48545920 USDT, instrument_id=BTCUSDT-PERP.BINANCE)], event_id=af095a56-2e82-4d4a-b0ce-e6af4d0e2ee8)[0m
[1m2023-10-15T13:29:00.000000001Z[0m [INFO] TRADER-001.nautilus_trading::strategy: DataActor-140733232651416 <--[EVT] OrderAccepted(instrument_id=BTCUSDT-PERP.BINANCE, client_order_id=O-20231015-132900-001-140733232651416-3, venue_order_id=BINANCE-1-3, account_id=BINANCE-001, ts_event=1697376540000000001)[0m
[1m2023-10-15T13:29:00.000000001Z[0m [94m[INFO] TRADER-001.nautilus_execution::engine: Cancel all orders[0m
[1m2023-10-15T13:29:00.000000001Z[0m [INFO] TRADER-001.nautilus_portfolio::manager: BTCUSDT-PERP.BINANCE margin_init=0.00000000 USDT[0m
[1m2023-10-15T13:29:00.000000001Z[0m [INFO] TRADER-001.nautilus_portfolio::portfolio: Updated AccountState(account_id=BINANCE-001, account_type=MARGIN, base_currency=USDT, is_reported=false, balances=[AccountBalance(total=99420.92718112 USDT, locked=3860.48545920 USDT, free=95560.44172192 USDT)], margins=[MarginBalance(initial=0.00000000 USDT, maintenance=3860.48545920 USDT, instrument_id=BTCUSDT-PERP.BINANCE)], event_id=13fadbb3-de7f-4831-a5a9-43a6e274567c)[0m
[1m2023-10-15T13:29:00.000000001Z[0m [INFO] TRADER-001.nautilus_trading::strategy: DataActor-140733232651416 <--[EVT] OrderCanceled(instrument_id=BTCUSDT-PERP.BINANCE, client_order_id=O-20231015-132900-001-140733232651416-2, venue_order_id=BINANCE-1-2, account_id=BINANCE-001, ts_event=1697376540000000001)[0m
[1m2023-10-15T13:29:00.000000001Z[0m [INFO] TRADER-001.nautilus_portfolio::manager: BTCUSDT-PERP.BINANCE margin_init=0.00000000 USDT[0m
[1m2023-10-15T13:29:00.000000001Z[0m [INFO] TRADER-001.nautilus_portfolio::portfolio: Updated AccountState(account_id=BINANCE-001, account_type=MARGIN, base_currency=USDT, is_reported=false, balances=[AccountBalance(total=99420.92718112 USDT, locked=3860.48545920 USDT, free=95560.44172192 USDT)], margins=[MarginBalance(initial=0.00000000 USDT, maintenance=3860.48545920 USDT, instrument_id=BTCUSDT-PERP.BINANCE)], event_id=1afb2463-057c-4750-9a0c-e98efedb5e7d)[0m
[1m2023-10-15T13:29:00.000000001Z[0m [INFO] TRADER-001.nautilus_trading::strategy: DataActor-140733232651416 <--[EVT] OrderCanceled(instrument_id=BTCUSDT-PERP.BINANCE, client_order_id=O-20231015-132900-001-140733232651416-3, venue_order_id=BINANCE-1-3, account_id=BINANCE-001, ts_event=1697376540000000001)[0m
[1m2023-10-15T13:29:10.000000000Z[0m [INFO] TRADER-001.nautilus_trading::strategy: No BTCUSDT-PERP.BINANCE open, emulated, or inflight orders to cancel[0m
[1m2023-10-15T13:29:10.000000000Z[0m [INFO] TRADER-001.nautilus_trading::strategy: Closing 1 open position[0m
[1m2023-10-15T13:29:10.000000000Z[0m [INFO] TRADER-001.nautilus_trading::strategy: DataActor-140733232651416 <--[EVT] OrderInitialized(instrument_id=BTCUSDT-PERP.BINANCE, client_order_id=O-20231015-132910-001-140733232651416-4, side=BUY, type=MARKET, quantity=35.848, time_in_force=GTC, post_only=false, reduce_only=true, quote_quantity=false, price=None, emulation_trigger=None, trigger_instrument_id=None, contingency_type=NO_CONTINGENCY, order_list_id=None, linked_order_ids=[None], parent_order_id=None, exec_algorithm_id=None, exec_algorithm_params=None, exec_spawn_id=None, tags=None)[0m
[1m2023-10-15T13:29:10.000000000Z[0m [INFO] TRADER-001.nautilus_trading::strategy: DataActor-140733232651416 [CMD]--> SubmitOrder[0m
[1m2023-10-15T13:29:10.000000000Z[0m [94m[INFO] TRADER-001.nautilus_execution::engine: Submit MarketOrder(BUY 35.848 BTCUSDT-PERP.BINANCE @ MARKET GTC, status=INITIALIZED, client_order_id=O-20231015-132910-001-140733232651416-4, venue_order_id=None, position_id=None, exec_algorithm_id=None, exec_spawn_id=None, tags=None)[0m
[1m2023-10-15T13:29:10.000000000Z[0m [INFO] TRADER-001.nautilus_trading::strategy: DataActor-140733232651416 <--[EVT] OrderSubmitted(instrument_id=BTCUSDT-PERP.BINANCE, client_order_id=O-20231015-132910-001-140733232651416-4, account_id=BINANCE-001, ts_event=1697376550000000000)[0m
[1m2023-10-15T13:29:10.000000000Z[0m [INFO] TRADER-001.nautilus_portfolio::manager: BTCUSDT-PERP.BINANCE margin_init=0.00000000 USDT[0m
[1m2023-10-15T13:29:10.000000000Z[0m [INFO] TRADER-001.nautilus_trading::strategy: DataActor-140733232651416 <--[EVT] OrderFilled(instrument_id=BTCUSDT-PERP.BINANCE, client_order_id=O-20231015-132910-001-140733232651416-4, venue_order_id=BINANCE-1-4, account_id=BINANCE-001, trade_id=T-dd43b5ad603ac478-10618, position_id=P-20231015-132900-001-140733232651416-1, order_side=BUY, order_type=MARKET, last_qty=35.848, last_px=26_920.3 USDT, commission=579.02334864 USDT, liquidity_side=TAKER, ts_event=1697376550000000000)[0m
[1m2023-10-15T13:29:10.000000000Z[0m [INFO] TRADER-001.nautilus_portfolio::portfolio: BTCUSDT-PERP.BINANCE net_position=0[0m
[1m2023-10-15T13:29:10.000000000Z[0m [INFO] TRADER-001.nautilus_portfolio::manager: BTCUSDT-PERP.BINANCE margin_maint=0.00000000 USDT[0m
[1m2023-10-15T13:29:10.000000000Z[0m [INFO] TRADER-001.nautilus_portfolio::portfolio: Updated AccountState(account_id=BINANCE-001, account_type=MARGIN, base_currency=USDT, is_reported=false, balances=[AccountBalance(total=98924.35423248 USDT, locked=0.00000000 USDT, free=98924.35423248 USDT)], margins=[], event_id=98fd5f2c-3c92-4e2b-abde-6862e43e0691)[0m
[1m2023-10-15T13:29:10.000000000Z[0m [INFO] TRADER-001.nautilus_trading::strategy: DataActor-140733232651416 <--[EVT] PositionClosed(PositionClosed { trader_id: "TRADER-001", strategy_id: "DataActor-140733232651416", instrument_id: "BTCUSDT-PERP.BINANCE", position_id: "P-20231015-132900-001-140733232651416-1", account_id: "BINANCE-001", opening_order_id: "O-20231015-132900-001-140733232651416-1", closing_order_id: Some("O-20231015-132910-001-140733232651416-4"), entry: Sell, side: Flat, signed_qty: 0.0, quantity: Quantity(0.000), peak_quantity: Quantity(35.848), last_qty: Quantity(35.848), last_px: Price(26920.3), currency: Currency(code='USDT', precision=8, iso4217=0, name='Tether', currency_type=CRYPTO), avg_px_open: 26922.6, avg_px_close: Some(26920.3), realized_return: 8.543008476147446e-5, realized_pnl: Some(Money(-1075.64576752, USDT)), unrealized_pnl: Money(0.00000000, USDT), duration: 9999999999, event_id: UUID4(09fd6e45-6778-4077-848e-53d7091f9860), ts_opened: UnixNanos(1697376540000000001), ts_closed: Some(UnixNanos(1697376550000000000)), ts_event: UnixNanos(1697376550000000000), ts_init: UnixNanos(1697376550000000000) })[0m
[1m2023-10-15T17:22:30.000000001Z[0m [INFO] TRADER-001.nautilus_trading::strategy: DataActor-140733232651416 <--[EVT] OrderInitialized(instrument_id=BTCUSDT-PERP.BINANCE, client_order_id=O-20231015-172230-001-140733232651416-5, side=SELL, type=MARKET, quantity=51.387, time_in_force=GTC, post_only=false, reduce_only=false, quote_quantity=false, price=None, emulation_trigger=None, trigger_instrument_id=None, contingency_type=OTO, order_list_id=OL-20231015-172230-001-140733232651416-2, linked_order_ids=[O-20231015-172230-001-140733232651416-6, O-20231015-172230-001-140733232651416-7], parent_order_id=None, exec_algorithm_id=None, exec_algorithm_params=None, exec_spawn_id=None, tags=quote-resiliency-btcusdt-000009, QUOTE_REPLENISHED_FAILED_AUCTION_REVERSAL, SHORT, COMPLETED_TEN_SECOND_MARKET_ENTRY, QUOTE_RESILIENCY_NATIVE_EXECUTION_LABELS_V3_QUOTE_CALLBACK_EXACT_FILL)[0m
[1m2023-10-15T17:22:30.000000001Z[0m [INFO] TRADER-001.nautilus_trading::strategy: DataActor-140733232651416 <--[EVT] OrderInitialized(instrument_id=BTCUSDT-PERP.BINANCE, client_order_id=O-20231015-172230-001-140733232651416-6, side=BUY, type=STOP_MARKET, quantity=51.387, time_in_force=GTC, post_only=false, reduce_only=true, quote_quantity=false, price=None, emulation_trigger=None, trigger_instrument_id=None, contingency_type=OUO, order_list_id=OL-20231015-172230-001-140733232651416-2, linked_order_ids=[O-20231015-172230-001-140733232651416-7], parent_order_id=O-20231015-172230-001-140733232651416-5, exec_algorithm_id=None, exec_algorithm_params=None, exec_spawn_id=None, tags=quote-resiliency-btcusdt-000009, FULL_SWEEP_RESPONSE_EXTREME, STRUCTURAL_INVALIDATION)[0m
[1m2023-10-15T17:22:30.000000001Z[0m [INFO] TRADER-001.nautilus_trading::strategy: DataActor-140733232651416 <--[EVT] OrderInitialized(instrument_id=BTCUSDT-PERP.BINANCE, client_order_id=O-20231015-172230-001-140733232651416-7, side=BUY, type=LIMIT, quantity=51.387, time_in_force=GTC, post_only=false, reduce_only=true, quote_quantity=false, price=26790.4, emulation_trigger=None, trigger_instrument_id=None, contingency_type=OUO, order_list_id=OL-20231015-172230-001-140733232651416-2, linked_order_ids=[O-20231015-172230-001-140733232651416-6], parent_order_id=O-20231015-172230-001-140733232651416-5, exec_algorithm_id=None, exec_algorithm_params=None, exec_spawn_id=None, tags=quote-resiliency-btcusdt-000009, ACTIVE_COMPLETED_EXTERNAL_TARGET, FOUR_HOUR)[0m
[1m2023-10-15T17:22:30.000000001Z[0m [INFO] TRADER-001.nautilus_trading::strategy: DataActor-140733232651416 [CMD]--> SubmitOrderList[0m
[1m2023-10-15T17:22:30.000000001Z[0m [94m[INFO] TRADER-001.nautilus_execution::engine: Submit OrderList(id=OL-20231015-172230-001-140733232651416-2, instrument_id=BTCUSDT-PERP.BINANCE, strategy_id=DataActor-140733232651416, client_order_ids=["O-20231015-172230-001-140733232651416-5", "O-20231015-172230-001-140733232651416-6", "O-20231015-172230-001-140733232651416-7"], ts_init=1697390550000000001)[0m
[1m2023-10-15T17:22:30.000000001Z[0m [INFO] TRADER-001.nautilus_trading::strategy: DataActor-140733232651416 <--[EVT] OrderSubmitted(instrument_id=BTCUSDT-PERP.BINANCE, client_order_id=O-20231015-172230-001-140733232651416-5, account_id=BINANCE-001, ts_event=1697390550000000001)[0m
[1m2023-10-15T17:22:30.000000001Z[0m [INFO] TRADER-001.nautilus_trading::strategy: DataActor-140733232651416 <--[EVT] OrderSubmitted(instrument_id=BTCUSDT-PERP.BINANCE, client_order_id=O-20231015-172230-001-140733232651416-6, account_id=BINANCE-001, ts_event=1697390550000000001)[0m
[1m2023-10-15T17:22:30.000000001Z[0m [INFO] TRADER-001.nautilus_trading::strategy: DataActor-140733232651416 <--[EVT] OrderSubmitted(instrument_id=BTCUSDT-PERP.BINANCE, client_order_id=O-20231015-172230-001-140733232651416-7, account_id=BINANCE-001, ts_event=1697390550000000001)[0m
[1m2023-10-15T17:22:30.000000001Z[0m [INFO] TRADER-001.nautilus_portfolio::manager: BTCUSDT-PERP.BINANCE margin_init=0.00000000 USDT[0m
[1m2023-10-15T17:22:30.000000001Z[0m [INFO] TRADER-001.nautilus_trading::strategy: DataActor-140733232651416 <--[EVT] OrderFilled(instrument_id=BTCUSDT-PERP.BINANCE, client_order_id=O-20231015-172230-001-140733232651416-5, venue_order_id=BINANCE-1-5, account_id=BINANCE-001, trade_id=T-8ebab58eed7f5d44-13668, position_id=P-20231015-172230-001-140733232651416-2, order_side=SELL, order_type=MARKET, last_qty=51.387, last_px=26_949.2 USDT, commission=830.90312424 USDT, liquidity_side=TAKER, ts_event=1697390550000000001)[0m
[1m2023-10-15T17:22:30.000000001Z[0m [INFO] TRADER-001.nautilus_trading::strategy: Canceling 2 inflight BTCUSDT-PERP.BINANCE orders[0m
[1m2023-10-15T17:22:30.000000001Z[0m [INFO] TRADER-001.nautilus_trading::strategy: DataActor-140733232651416 [CMD]--> CancelAllOrders[0m
[1m2023-10-15T17:22:30.000000001Z[0m [INFO] TRADER-001.nautilus_portfolio::portfolio: BTCUSDT-PERP.BINANCE net_position=-51.387[0m
[1m2023-10-15T17:22:30.000000001Z[0m [INFO] TRADER-001.nautilus_portfolio::manager: BTCUSDT-PERP.BINANCE margin_maint=5539.35416160 USDT[0m
[1m2023-10-15T17:22:30.000000001Z[0m [INFO] TRADER-001.nautilus_portfolio::portfolio: Updated AccountState(account_id=BINANCE-001, account_type=MARGIN, base_currency=USDT, is_reported=false, balances=[AccountBalance(total=98093.45110824 USDT, locked=5539.35416160 USDT, free=92554.09694664 USDT)], margins=[MarginBalance(initial=0.00000000 USDT, maintenance=5539.35416160 USDT, instrument_id=BTCUSDT-PERP.BINANCE)], event_id=c70fce5a-0d10-4a4d-81ad-5804580d6f41)[0m
[1m2023-10-15T17:22:30.000000001Z[0m [INFO] TRADER-001.nautilus_trading::strategy: DataActor-140733232651416 <--[EVT] PositionOpened(PositionOpened { trader_id: "TRADER-001", strategy_id: "DataActor-140733232651416", instrument_id: "BTCUSDT-PERP.BINANCE", position_id: "P-20231015-172230-001-140733232651416-2", account_id: "BINANCE-001", opening_order_id: "O-20231015-172230-001-140733232651416-5", entry: Sell, side: Short, signed_qty: -51.387, quantity: Quantity(51.387), last_qty: Quantity(51.387), last_px: Price(26949.2), currency: Currency(code='USDT', precision=8, iso4217=0, name='Tether', currency_type=CRYPTO), avg_px_open: 26949.2, event_id: UUID4(eaf09636-d5da-4c57-baa8-06f41d7bf7a4), ts_event: UnixNanos(1697390550000000001), ts_init: UnixNanos(1697390550000000001) })[0m
[1m2023-10-15T17:22:30.000000001Z[0m [INFO] TRADER-001.nautilus_portfolio::manager: BTCUSDT-PERP.BINANCE margin_init=0.00000000 USDT[0m
[1m2023-10-15T17:22:30.000000001Z[0m [INFO] TRADER-001.nautilus_portfolio::portfolio: Updated AccountState(account_id=BINANCE-001, account_type=MARGIN, base_currency=USDT, is_reported=false, balances=[AccountBalance(total=98093.45110824 USDT, locked=5539.35416160 USDT, free=92554.09694664 USDT)], margins=[MarginBalance(initial=0.00000000 USDT, maintenance=5539.35416160 USDT, instrument_id=BTCUSDT-PERP.BINANCE)], event_id=53b20198-033f-48a4-8ea6-87e9c31425c5)[0m
[1m2023-10-15T17:22:30.000000001Z[0m [INFO] TRADER-001.nautilus_trading::strategy: DataActor-140733232651416 <--[EVT] OrderAccepted(instrument_id=BTCUSDT-PERP.BINANCE, client_order_id=O-20231015-172230-001-140733232651416-6, venue_order_id=BINANCE-1-6, account_id=BINANCE-001, ts_event=1697390550000000001)[0m
[1m2023-10-15T17:22:30.000000001Z[0m [INFO] TRADER-001.nautilus_portfolio::manager: BTCUSDT-PERP.BINANCE margin_init=0.00000000 USDT[0m
[1m2023-10-15T17:22:30.000000001Z[0m [INFO] TRADER-001.nautilus_portfolio::portfolio: Updated AccountState(account_id=BINANCE-001, account_type=MARGIN, base_currency=USDT, is_reported=false, balances=[AccountBalance(total=98093.45110824 USDT, locked=5539.35416160 USDT, free=92554.09694664 USDT)], margins=[MarginBalance(initial=0.00000000 USDT, maintenance=5539.35416160 USDT, instrument_id=BTCUSDT-PERP.BINANCE)], event_id=abcf6ee3-dea6-46d7-8311-4a387cfd4359)[0m
[1m2023-10-15T17:22:30.000000001Z[0m [INFO] TRADER-001.nautilus_trading::strategy: DataActor-140733232651416 <--[EVT] OrderAccepted(instrument_id=BTCUSDT-PERP.BINANCE, client_order_id=O-20231015-172230-001-140733232651416-7, venue_order_id=BINANCE-1-7, account_id=BINANCE-001, ts_event=1697390550000000001)[0m
[1m2023-10-15T17:22:30.000000001Z[0m [94m[INFO] TRADER-001.nautilus_execution::engine: Cancel all orders[0m
[1m2023-10-15T17:22:30.000000001Z[0m [INFO] TRADER-001.nautilus_portfolio::manager: BTCUSDT-PERP.BINANCE margin_init=0.00000000 USDT[0m
[1m2023-10-15T17:22:30.000000001Z[0m [INFO] TRADER-001.nautilus_portfolio::portfolio: Updated AccountState(account_id=BINANCE-001, account_type=MARGIN, base_currency=USDT, is_reported=false, balances=[AccountBalance(total=98093.45110824 USDT, locked=5539.35416160 USDT, free=92554.09694664 USDT)], margins=[MarginBalance(initial=0.00000000 USDT, maintenance=5539.35416160 USDT, instrument_id=BTCUSDT-PERP.BINANCE)], event_id=545f65c7-eb0d-4589-8973-7f17dea8eca0)[0m
[1m2023-10-15T17:22:30.000000001Z[0m [INFO] TRADER-001.nautilus_trading::strategy: DataActor-140733232651416 <--[EVT] OrderCanceled(instrument_id=BTCUSDT-PERP.BINANCE, client_order_id=O-20231015-172230-001-140733232651416-6, venue_order_id=BINANCE-1-6, account_id=BINANCE-001, ts_event=1697390550000000001)[0m
[1m2023-10-15T17:22:30.000000001Z[0m [INFO] TRADER-001.nautilus_portfolio::manager: BTCUSDT-PERP.BINANCE margin_init=0.00000000 USDT[0m
[1m2023-10-15T17:22:30.000000001Z[0m [INFO] TRADER-001.nautilus_portfolio::portfolio: Updated AccountState(account_id=BINANCE-001, account_type=MARGIN, base_currency=USDT, is_reported=false, balances=[AccountBalance(total=98093.45110824 USDT, locked=5539.35416160 USDT, free=92554.09694664 USDT)], margins=[MarginBalance(initial=0.00000000 USDT, maintenance=5539.35416160 USDT, instrument_id=BTCUSDT-PERP.BINANCE)], event_id=f49e197b-fba0-4f05-bd60-01d481521f02)[0m
[1m2023-10-15T17:22:30.000000001Z[0m [INFO] TRADER-001.nautilus_trading::strategy: DataActor-140733232651416 <--[EVT] OrderCanceled(instrument_id=BTCUSDT-PERP.BINANCE, client_order_id=O-20231015-172230-001-140733232651416-7, venue_order_id=BINANCE-1-7, account_id=BINANCE-001, ts_event=1697390550000000001)[0m
[1m2023-10-15T17:22:40.000000000Z[0m [INFO] TRADER-001.nautilus_trading::strategy: No BTCUSDT-PERP.BINANCE open, emulated, or inflight orders to cancel[0m
[1m2023-10-15T17:22:40.000000000Z[0m [INFO] TRADER-001.nautilus_trading::strategy: Closing 1 open position[0m
[1m2023-10-15T17:22:40.000000000Z[0m [INFO] TRADER-001.nautilus_trading::strategy: DataActor-140733232651416 <--[EVT] OrderInitialized(instrument_id=BTCUSDT-PERP.BINANCE, client_order_id=O-20231015-172240-001-140733232651416-8, side=BUY, type=MARKET, quantity=51.387, time_in_force=GTC, post_only=false, reduce_only=true, quote_quantity=false, price=None, emulation_trigger=None, trigger_instrument_id=None, contingency_type=NO_CONTINGENCY, order_list_id=None, linked_order_ids=[None], parent_order_id=None, exec_algorithm_id=None, exec_algorithm_params=None, exec_spawn_id=None, tags=None)[0m
[1m2023-10-15T17:22:40.000000000Z[0m [INFO] TRADER-001.nautilus_trading::strategy: DataActor-140733232651416 [CMD]--> SubmitOrder[0m
[1m2023-10-15T17:22:40.000000000Z[0m [94m[INFO] TRADER-001.nautilus_execution::engine: Submit MarketOrder(BUY 51.387 BTCUSDT-PERP.BINANCE @ MARKET GTC, status=INITIALIZED, client_order_id=O-20231015-172240-001-140733232651416-8, venue_order_id=None, position_id=None, exec_algorithm_id=None, exec_spawn_id=None, tags=None)[0m
[1m2023-10-15T17:22:40.000000000Z[0m [INFO] TRADER-001.nautilus_trading::strategy: DataActor-140733232651416 <--[EVT] OrderSubmitted(instrument_id=BTCUSDT-PERP.BINANCE, client_order_id=O-20231015-172240-001-140733232651416-8, account_id=BINANCE-001, ts_event=1697390560000000000)[0m
[1m2023-10-15T17:22:40.000000000Z[0m [INFO] TRADER-001.nautilus_portfolio::manager: BTCUSDT-PERP.BINANCE margin_init=0.00000000 USDT[0m
[1m2023-10-15T17:22:40.000000000Z[0m [INFO] TRADER-001.nautilus_trading::strategy: DataActor-140733232651416 <--[EVT] OrderFilled(instrument_id=BTCUSDT-PERP.BINANCE, client_order_id=O-20231015-172240-001-140733232651416-8, venue_order_id=BINANCE-1-8, account_id=BINANCE-001, trade_id=T-e028c8af74e946e3-13673, position_id=P-20231015-172230-001-140733232651416-2, order_side=BUY, order_type=MARKET, last_qty=51.387, last_px=26_947.6 USDT, commission=830.85379272 USDT, liquidity_side=TAKER, ts_event=1697390560000000000)[0m
[1m2023-10-15T17:22:40.000000000Z[0m [INFO] TRADER-001.nautilus_portfolio::portfolio: BTCUSDT-PERP.BINANCE net_position=0[0m
[1m2023-10-15T17:22:40.000000000Z[0m [INFO] TRADER-001.nautilus_portfolio::manager: BTCUSDT-PERP.BINANCE margin_maint=0.00000000 USDT[0m
[1m2023-10-15T17:22:40.000000000Z[0m [INFO] TRADER-001.nautilus_portfolio::portfolio: Updated AccountState(account_id=BINANCE-001, account_type=MARGIN, base_currency=USDT, is_reported=false, balances=[AccountBalance(total=97344.81651552 USDT, locked=0.00000000 USDT, free=97344.81651552 USDT)], margins=[], event_id=bc288e97-ba90-4355-bad5-36e2154af51c)[0m
[1m2023-10-15T17:22:40.000000000Z[0m [INFO] TRADER-001.nautilus_trading::strategy: DataActor-140733232651416 <--[EVT] PositionClosed(PositionClosed { trader_id: "TRADER-001", strategy_id: "DataActor-140733232651416", instrument_id: "BTCUSDT-PERP.BINANCE", position_id: "P-20231015-172230-001-140733232651416-2", account_id: "BINANCE-001", opening_order_id: "O-20231015-172230-001-140733232651416-5", closing_order_id: Some("O-20231015-172240-001-140733232651416-8"), entry: Sell, side: Flat, signed_qty: 0.0, quantity: Quantity(0.000), peak_quantity: Quantity(51.387), last_qty: Quantity(51.387), last_px: Price(26947.6), currency: Currency(code='USDT', precision=8, iso4217=0, name='Tether', currency_type=CRYPTO), avg_px_open: 26949.2, avg_px_close: Some(26947.6), realized_return: 5.9370964629828817e-5, realized_pnl: Some(Money(-1579.53771696, USDT)), unrealized_pnl: Money(0.00000000, USDT), duration: 9999999999, event_id: UUID4(f027351c-9c4f-46a3-ac11-2abd7233b6bf), ts_opened: UnixNanos(1697390550000000001), ts_closed: Some(UnixNanos(1697390560000000000)), ts_event: UnixNanos(1697390560000000000), ts_init: UnixNanos(1697390560000000000) })[0m
[1m2023-10-15T17:28:50.000000001Z[0m [INFO] TRADER-001.nautilus_trading::strategy: DataActor-140733232651416 <--[EVT] OrderInitialized(instrument_id=BTCUSDT-PERP.BINANCE, client_order_id=O-20231015-172850-001-140733232651416-9, side=SELL, type=MARKET, quantity=40.291, time_in_force=GTC, post_only=false, reduce_only=false, quote_quantity=false, price=None, emulation_trigger=None, trigger_instrument_id=None, contingency_type=OTO, order_list_id=OL-20231015-172850-001-140733232651416-3, linked_order_ids=[O-20231015-172850-001-140733232651416-10, O-20231015-172850-001-140733232651416-11], parent_order_id=None, exec_algorithm_id=None, exec_algorithm_params=None, exec_spawn_id=None, tags=quote-resiliency-btcusdt-000010, QUOTE_REPLENISHED_FAILED_AUCTION_REVERSAL, SHORT, COMPLETED_TEN_SECOND_MARKET_ENTRY, QUOTE_RESILIENCY_NATIVE_EXECUTION_LABELS_V3_QUOTE_CALLBACK_EXACT_FILL)[0m
[1m2023-10-15T17:28:50.000000001Z[0m [INFO] TRADER-001.nautilus_trading::strategy: DataActor-140733232651416 <--[EVT] OrderInitialized(instrument_id=BTCUSDT-PERP.BINANCE, client_order_id=O-20231015-172850-001-140733232651416-10, side=BUY, type=STOP_MARKET, quantity=40.291, time_in_force=GTC, post_only=false, reduce_only=true, quote_quantity=false, price=None, emulation_trigger=None, trigger_instrument_id=None, contingency_type=OUO, order_list_id=OL-20231015-172850-001-140733232651416-3, linked_order_ids=[O-20231015-172850-001-140733232651416-11], parent_order_id=O-20231015-172850-001-140733232651416-9, exec_algorithm_id=None, exec_algorithm_params=None, exec_spawn_id=None, tags=quote-resiliency-btcusdt-000010, FULL_SWEEP_RESPONSE_EXTREME, STRUCTURAL_INVALIDATION)[0m
[1m2023-10-15T17:28:50.000000001Z[0m [INFO] TRADER-001.nautilus_trading::strategy: DataActor-140733232651416 <--[EVT] OrderInitialized(instrument_id=BTCUSDT-PERP.BINANCE, client_order_id=O-20231015-172850-001-140733232651416-11, side=BUY, type=LIMIT, quantity=40.291, time_in_force=GTC, post_only=false, reduce_only=true, quote_quantity=false, price=26790.4, emulation_trigger=None, trigger_instrument_id=None, contingency_type=OUO, order_list_id=OL-20231015-172850-001-140733232651416-3, linked_order_ids=[O-20231015-172850-001-140733232651416-10], parent_order_id=O-20231015-172850-001-140733232651416-9, exec_algorithm_id=None, exec_algorithm_params=None, exec_spawn_id=None, tags=quote-resiliency-btcusdt-000010, ACTIVE_COMPLETED_EXTERNAL_TARGET, FOUR_HOUR)[0m
[1m2023-10-15T17:28:50.000000001Z[0m [INFO] TRADER-001.nautilus_trading::strategy: DataActor-140733232651416 [CMD]--> SubmitOrderList[0m
[1m2023-10-15T17:28:50.000000001Z[0m [94m[INFO] TRADER-001.nautilus_execution::engine: Submit OrderList(id=OL-20231015-172850-001-140733232651416-3, instrument_id=BTCUSDT-PERP.BINANCE, strategy_id=DataActor-140733232651416, client_order_ids=["O-20231015-172850-001-140733232651416-9", "O-20231015-172850-001-140733232651416-10", "O-20231015-172850-001-140733232651416-11"], ts_init=1697390930000000001)[0m
[1m2023-10-15T17:28:50.000000001Z[0m [INFO] TRADER-001.nautilus_trading::strategy: DataActor-140733232651416 <--[EVT] OrderSubmitted(instrument_id=BTCUSDT-PERP.BINANCE, client_order_id=O-20231015-172850-001-140733232651416-9, account_id=BINANCE-001, ts_event=1697390930000000001)[0m
[1m2023-10-15T17:28:50.000000001Z[0m [INFO] TRADER-001.nautilus_trading::strategy: DataActor-140733232651416 <--[EVT] OrderSubmitted(instrument_id=BTCUSDT-PERP.BINANCE, client_order_id=O-20231015-172850-001-140733232651416-10, account_id=BINANCE-001, ts_event=1697390930000000001)[0m
[1m2023-10-15T17:28:50.000000001Z[0m [INFO] TRADER-001.nautilus_trading::strategy: DataActor-140733232651416 <--[EVT] OrderSubmitted(instrument_id=BTCUSDT-PERP.BINANCE, client_order_id=O-20231015-172850-001-140733232651416-11, account_id=BINANCE-001, ts_event=1697390930000000001)[0m
[1m2023-10-15T17:28:50.000000001Z[0m [INFO] TRADER-001.nautilus_portfolio::manager: BTCUSDT-PERP.BINANCE margin_init=0.00000000 USDT[0m
[1m2023-10-15T17:28:50.000000001Z[0m [INFO] TRADER-001.nautilus_trading::strategy: DataActor-140733232651416 <--[EVT] OrderFilled(instrument_id=BTCUSDT-PERP.BINANCE, client_order_id=O-20231015-172850-001-140733232651416-9, venue_order_id=BINANCE-1-9, account_id=BINANCE-001, trade_id=T-337c9c107d36fdab-13764, position_id=P-20231015-172850-001-140733232651416-3, order_side=SELL, order_type=MARKET, last_qty=40.291, last_px=26_974.6 USDT, commission=652.10016516 USDT, liquidity_side=TAKER, ts_event=1697390930000000001)[0m
[1m2023-10-15T17:28:50.000000001Z[0m [INFO] TRADER-001.nautilus_trading::strategy: Canceling 2 inflight BTCUSDT-PERP.BINANCE orders[0m
[1m2023-10-15T17:28:50.000000001Z[0m [INFO] TRADER-001.nautilus_trading::strategy: DataActor-140733232651416 [CMD]--> CancelAllOrders[0m
[1m2023-10-15T17:28:50.000000001Z[0m [INFO] TRADER-001.nautilus_portfolio::portfolio: BTCUSDT-PERP.BINANCE net_position=-40.291[0m
[1m2023-10-15T17:28:50.000000001Z[0m [INFO] TRADER-001.nautilus_portfolio::manager: BTCUSDT-PERP.BINANCE margin_maint=4347.33443440 USDT[0m
[1m2023-10-15T17:28:50.000000001Z[0m [INFO] TRADER-001.nautilus_portfolio::portfolio: Updated AccountState(account_id=BINANCE-001, account_type=MARGIN, base_currency=USDT, is_reported=false, balances=[AccountBalance(total=96692.71635036 USDT, locked=4347.33443440 USDT, free=92345.38191596 USDT)], margins=[MarginBalance(initial=0.00000000 USDT, maintenance=4347.33443440 USDT, instrument_id=BTCUSDT-PERP.BINANCE)], event_id=4916af17-73f6-453c-8a72-4e707e353743)[0m
[1m2023-10-15T17:28:50.000000001Z[0m [INFO] TRADER-001.nautilus_trading::strategy: DataActor-140733232651416 <--[EVT] PositionOpened(PositionOpened { trader_id: "TRADER-001", strategy_id: "DataActor-140733232651416", instrument_id: "BTCUSDT-PERP.BINANCE", position_id: "P-20231015-172850-001-140733232651416-3", account_id: "BINANCE-001", opening_order_id: "O-20231015-172850-001-140733232651416-9", entry: Sell, side: Short, signed_qty: -40.291, quantity: Quantity(40.291), last_qty: Quantity(40.291), last_px: Price(26974.6), currency: Currency(code='USDT', precision=8, iso4217=0, name='Tether', currency_type=CRYPTO), avg_px_open: 26974.6, event_id: UUID4(d8bc2cd2-aa5b-4536-9246-2742621a098b), ts_event: UnixNanos(1697390930000000001), ts_init: UnixNanos(1697390930000000001) })[0m
[1m2023-10-15T17:28:50.000000001Z[0m [INFO] TRADER-001.nautilus_portfolio::manager: BTCUSDT-PERP.BINANCE margin_init=0.00000000 USDT[0m
[1m2023-10-15T17:28:50.000000001Z[0m [INFO] TRADER-001.nautilus_portfolio::portfolio: Updated AccountState(account_id=BINANCE-001, account_type=MARGIN, base_currency=USDT, is_reported=false, balances=[AccountBalance(total=96692.71635036 USDT, locked=4347.33443440 USDT, free=92345.38191596 USDT)], margins=[MarginBalance(initial=0.00000000 USDT, maintenance=4347.33443440 USDT, instrument_id=BTCUSDT-PERP.BINANCE)], event_id=31bd8256-24af-4709-95f3-762c1ff9c60e)[0m
[1m2023-10-15T17:28:50.000000001Z[0m [INFO] TRADER-001.nautilus_trading::strategy: DataActor-140733232651416 <--[EVT] OrderAccepted(instrument_id=BTCUSDT-PERP.BINANCE, client_order_id=O-20231015-172850-001-140733232651416-10, venue_order_id=BINANCE-1-10, account_id=BINANCE-001, ts_event=1697390930000000001)[0m
[1m2023-10-15T17:28:50.000000001Z[0m [INFO] TRADER-001.nautilus_portfolio::manager: BTCUSDT-PERP.BINANCE margin_init=0.00000000 USDT[0m
[1m2023-10-15T17:28:50.000000001Z[0m [INFO] TRADER-001.nautilus_portfolio::portfolio: Updated AccountState(account_id=BINANCE-001, account_type=MARGIN, base_currency=USDT, is_reported=false, balances=[AccountBalance(total=96692.71635036 USDT, locked=4347.33443440 USDT, free=92345.38191596 USDT)], margins=[MarginBalance(initial=0.00000000 USDT, maintenance=4347.33443440 USDT, instrument_id=BTCUSDT-PERP.BINANCE)], event_id=c9428ede-fe51-4f3c-bb0b-80b7aec7d5a8)[0m
[1m2023-10-15T17:28:50.000000001Z[0m [INFO] TRADER-001.nautilus_trading::strategy: DataActor-140733232651416 <--[EVT] OrderAccepted(instrument_id=BTCUSDT-PERP.BINANCE, client_order_id=O-20231015-172850-001-140733232651416-11, venue_order_id=BINANCE-1-11, account_id=BINANCE-001, ts_event=1697390930000000001)[0m
[1m2023-10-15T17:28:50.000000001Z[0m [94m[INFO] TRADER-001.nautilus_execution::engine: Cancel all orders[0m
[1m2023-10-15T17:28:50.000000001Z[0m [INFO] TRADER-001.nautilus_portfolio::manager: BTCUSDT-PERP.BINANCE margin_init=0.00000000 USDT[0m
[1m2023-10-15T17:28:50.000000001Z[0m [INFO] TRADER-001.nautilus_portfolio::portfolio: Updated AccountState(account_id=BINANCE-001, account_type=MARGIN, base_currency=USDT, is_reported=false, balances=[AccountBalance(total=96692.71635036 USDT, locked=4347.33443440 USDT, free=92345.38191596 USDT)], margins=[MarginBalance(initial=0.00000000 USDT, maintenance=4347.33443440 USDT, instrument_id=BTCUSDT-PERP.BINANCE)], event_id=f7f4d34c-0a64-4a9f-95f7-2a8ec868211d)[0m
[1m2023-10-15T17:28:50.000000001Z[0m [INFO] TRADER-001.nautilus_trading::strategy: DataActor-140733232651416 <--[EVT] OrderCanceled(instrument_id=BTCUSDT-PERP.BINANCE, client_order_id=O-20231015-172850-001-140733232651416-10, venue_order_id=BINANCE-1-10, account_id=BINANCE-001, ts_event=1697390930000000001)[0m
[1m2023-10-15T17:28:50.000000001Z[0m [INFO] TRADER-001.nautilus_portfolio::manager: BTCUSDT-PERP.BINANCE margin_init=0.00000000 USDT[0m
[1m2023-10-15T17:28:50.000000001Z[0m [INFO] TRADER-001.nautilus_portfolio::portfolio: Updated AccountState(account_id=BINANCE-001, account_type=MARGIN, base_currency=USDT, is_reported=false, balances=[AccountBalance(total=96692.71635036 USDT, locked=4347.33443440 USDT, free=92345.38191596 USDT)], margins=[MarginBalance(initial=0.00000000 USDT, maintenance=4347.33443440 USDT, instrument_id=BTCUSDT-PERP.BINANCE)], event_id=b3005cf6-ec29-4cf3-b722-5ce8aefe9380)[0m
[1m2023-10-15T17:28:50.000000001Z[0m [INFO] TRADER-001.nautilus_trading::strategy: DataActor-140733232651416 <--[EVT] OrderCanceled(instrument_id=BTCUSDT-PERP.BINANCE, client_order_id=O-20231015-172850-001-140733232651416-11, venue_order_id=BINANCE-1-11, account_id=BINANCE-001, ts_event=1697390930000000001)[0m
[1m2023-10-15T17:29:00.000000000Z[0m [INFO] TRADER-001.nautilus_trading::strategy: No BTCUSDT-PERP.BINANCE open, emulated, or inflight orders to cancel[0m
[1m2023-10-15T17:29:00.000000000Z[0m [INFO] TRADER-001.nautilus_trading::strategy: Closing 1 open position[0m
[1m2023-10-15T17:29:00.000000000Z[0m [INFO] TRADER-001.nautilus_trading::strategy: DataActor-140733232651416 <--[EVT] OrderInitialized(instrument_id=BTCUSDT-PERP.BINANCE, client_order_id=O-20231015-172900-001-140733232651416-12, side=BUY, type=MARKET, quantity=40.291, time_in_force=GTC, post_only=false, reduce_only=true, quote_quantity=false, price=None, emulation_trigger=None, trigger_instrument_id=None, contingency_type=NO_CONTINGENCY, order_list_id=None, linked_order_ids=[None], parent_order_id=None, exec_algorithm_id=None, exec_algorithm_params=None, exec_spawn_id=None, tags=None)[0m
[1m2023-10-15T17:29:00.000000000Z[0m [INFO] TRADER-001.nautilus_trading::strategy: DataActor-140733232651416 [CMD]--> SubmitOrder[0m
[1m2023-10-15T17:29:00.000000000Z[0m [94m[INFO] TRADER-001.nautilus_execution::engine: Submit MarketOrder(BUY 40.291 BTCUSDT-PERP.BINANCE @ MARKET GTC, status=INITIALIZED, client_order_id=O-20231015-172900-001-140733232651416-12, venue_order_id=None, position_id=None, exec_algorithm_id=None, exec_spawn_id=None, tags=None)[0m
[1m2023-10-15T17:29:00.000000000Z[0m [INFO] TRADER-001.nautilus_trading::strategy: DataActor-140733232651416 <--[EVT] OrderSubmitted(instrument_id=BTCUSDT-PERP.BINANCE, client_order_id=O-20231015-172900-001-140733232651416-12, account_id=BINANCE-001, ts_event=1697390940000000000)[0m
[1m2023-10-15T17:29:00.000000000Z[0m [INFO] TRADER-001.nautilus_portfolio::manager: BTCUSDT-PERP.BINANCE margin_init=0.00000000 USDT[0m
[1m2023-10-15T17:29:00.000000000Z[0m [INFO] TRADER-001.nautilus_trading::strategy: DataActor-140733232651416 <--[EVT] OrderFilled(instrument_id=BTCUSDT-PERP.BINANCE, client_order_id=O-20231015-172900-001-140733232651416-12, venue_order_id=BINANCE-1-12, account_id=BINANCE-001, trade_id=T-23017bb36ab199a5-13769, position_id=P-20231015-172850-001-140733232651416-3, order_side=BUY, order_type=MARKET, last_qty=40.291, last_px=26_977.1 USDT, commission=652.16060166 USDT, liquidity_side=TAKER, ts_event=1697390940000000000)[0m
[1m2023-10-15T17:29:00.000000000Z[0m [INFO] TRADER-001.nautilus_portfolio::portfolio: BTCUSDT-PERP.BINANCE net_position=0[0m
[1m2023-10-15T17:29:00.000000000Z[0m [INFO] TRADER-001.nautilus_portfolio::manager: BTCUSDT-PERP.BINANCE margin_maint=0.00000000 USDT[0m
[1m2023-10-15T17:29:00.000000000Z[0m [INFO] TRADER-001.nautilus_portfolio::portfolio: Updated AccountState(account_id=BINANCE-001, account_type=MARGIN, base_currency=USDT, is_reported=false, balances=[AccountBalance(total=95939.82824870 USDT, locked=0.00000000 USDT, free=95939.82824870 USDT)], margins=[], event_id=781a4697-e57d-496f-a519-be5c42451990)[0m
[1m2023-10-15T17:29:00.000000000Z[0m [INFO] TRADER-001.nautilus_trading::strategy: DataActor-140733232651416 <--[EVT] PositionClosed(PositionClosed { trader_id: "TRADER-001", strategy_id: "DataActor-140733232651416", instrument_id: "BTCUSDT-PERP.BINANCE", position_id: "P-20231015-172850-001-140733232651416-3", account_id: "BINANCE-001", opening_order_id: "O-20231015-172850-001-140733232651416-9", closing_order_id: Some("O-20231015-172900-001-140733232651416-12"), entry: Sell, side: Flat, signed_qty: 0.0, quantity: Quantity(0.000), peak_quantity: Quantity(40.291), last_qty: Quantity(40.291), last_px: Price(26977.1), currency: Currency(code='USDT', precision=8, iso4217=0, name='Tether', currency_type=CRYPTO), avg_px_open: 26974.6, avg_px_close: Some(26977.1), realized_return: -9.26797802377051e-5, realized_pnl: Some(Money(-1404.98826682, USDT)), unrealized_pnl: Money(0.00000000, USDT), duration: 9999999999, event_id: UUID4(a387673c-105e-4cb1-95bb-f4fa64e12a39), ts_opened: UnixNanos(1697390930000000001), ts_closed: Some(UnixNanos(1697390940000000000)), ts_event: UnixNanos(1697390940000000000), ts_init: UnixNanos(1697390940000000000) })[0m
[1m2023-10-17T00:58:10.000000001Z[0m [INFO] TRADER-001.nautilus_trading::strategy: DataActor-140733232651416 <--[EVT] OrderInitialized(instrument_id=BTCUSDT-PERP.BINANCE, client_order_id=O-20231017-005810-001-140733232651416-13, side=BUY, type=MARKET, quantity=30.164, time_in_force=GTC, post_only=false, reduce_only=false, quote_quantity=false, price=None, emulation_trigger=None, trigger_instrument_id=None, contingency_type=OTO, order_list_id=OL-20231017-005810-001-140733232651416-4, linked_order_ids=[O-20231017-005810-001-140733232651416-14, O-20231017-005810-001-140733232651416-15], parent_order_id=None, exec_algorithm_id=None, exec_algorithm_params=None, exec_spawn_id=None, tags=quote-resiliency-btcusdt-000017, QUOTE_REPLENISHED_FAILED_AUCTION_REVERSAL, LONG, COMPLETED_TEN_SECOND_MARKET_ENTRY, QUOTE_RESILIENCY_NATIVE_EXECUTION_LABELS_V3_QUOTE_CALLBACK_EXACT_FILL)[0m
[1m2023-10-17T00:58:10.000000001Z[0m [INFO] TRADER-001.nautilus_trading::strategy: DataActor-140733232651416 <--[EVT] OrderInitialized(instrument_id=BTCUSDT-PERP.BINANCE, client_order_id=O-20231017-005810-001-140733232651416-14, side=SELL, type=STOP_MARKET, quantity=30.164, time_in_force=GTC, post_only=false, reduce_only=true, quote_quantity=false, price=None, emulation_trigger=None, trigger_instrument_id=None, contingency_type=OUO, order_list_id=OL-20231017-005810-001-140733232651416-4, linked_order_ids=[O-20231017-005810-001-140733232651416-15], parent_order_id=O-20231017-005810-001-140733232651416-13, exec_algorithm_id=None, exec_algorithm_params=None, exec_spawn_id=None, tags=quote-resiliency-btcusdt-000017, FULL_SWEEP_RESPONSE_EXTREME, STRUCTURAL_INVALIDATION)[0m
[1m2023-10-17T00:58:10.000000001Z[0m [INFO] TRADER-001.nautilus_trading::strategy: DataActor-140733232651416 <--[EVT] OrderInitialized(instrument_id=BTCUSDT-PERP.BINANCE, client_order_id=O-20231017-005810-001-140733232651416-15, side=SELL, type=LIMIT, quantity=30.164, time_in_force=GTC, post_only=false, reduce_only=true, quote_quantity=false, price=28633.3, emulation_trigger=None, trigger_instrument_id=None, contingency_type=OUO, order_list_id=OL-20231017-005810-001-140733232651416-4, linked_order_ids=[O-20231017-005810-001-140733232651416-14], parent_order_id=O-20231017-005810-001-140733232651416-13, exec_algorithm_id=None, exec_algorithm_params=None, exec_spawn_id=None, tags=quote-resiliency-btcusdt-000017, ACTIVE_COMPLETED_EXTERNAL_TARGET, FOUR_HOUR)[0m
[1m2023-10-17T00:58:10.000000001Z[0m [INFO] TRADER-001.nautilus_trading::strategy: DataActor-140733232651416 [CMD]--> SubmitOrderList[0m
[1m2023-10-17T00:58:10.000000001Z[0m [94m[INFO] TRADER-001.nautilus_execution::engine: Submit OrderList(id=OL-20231017-005810-001-140733232651416-4, instrument_id=BTCUSDT-PERP.BINANCE, strategy_id=DataActor-140733232651416, client_order_ids=["O-20231017-005810-001-140733232651416-13", "O-20231017-005810-001-140733232651416-14", "O-20231017-005810-001-140733232651416-15"], ts_init=1697504290000000001)[0m
[1m2023-10-17T00:58:10.000000001Z[0m [INFO] TRADER-001.nautilus_trading::strategy: DataActor-140733232651416 <--[EVT] OrderSubmitted(instrument_id=BTCUSDT-PERP.BINANCE, client_order_id=O-20231017-005810-001-140733232651416-13, account_id=BINANCE-001, ts_event=1697504290000000001)[0m
[1m2023-10-17T00:58:10.000000001Z[0m [INFO] TRADER-001.nautilus_trading::strategy: DataActor-140733232651416 <--[EVT] OrderSubmitted(instrument_id=BTCUSDT-PERP.BINANCE, client_order_id=O-20231017-005810-001-140733232651416-14, account_id=BINANCE-001, ts_event=1697504290000000001)[0m
[1m2023-10-17T00:58:10.000000001Z[0m [INFO] TRADER-001.nautilus_trading::strategy: DataActor-140733232651416 <--[EVT] OrderSubmitted(instrument_id=BTCUSDT-PERP.BINANCE, client_order_id=O-20231017-005810-001-140733232651416-15, account_id=BINANCE-001, ts_event=1697504290000000001)[0m
[1m2023-10-17T00:58:10.000000001Z[0m [INFO] TRADER-001.nautilus_portfolio::manager: BTCUSDT-PERP.BINANCE margin_init=0.00000000 USDT[0m
[1m2023-10-17T00:58:10.000000001Z[0m [INFO] TRADER-001.nautilus_trading::strategy: DataActor-140733232651416 <--[EVT] OrderFilled(instrument_id=BTCUSDT-PERP.BINANCE, client_order_id=O-20231017-005810-001-140733232651416-13, venue_order_id=BINANCE-1-13, account_id=BINANCE-001, trade_id=T-d01b12f6bbb163e7-43688, position_id=P-20231017-005810-001-140733232651416-4, order_side=BUY, order_type=MARKET, last_qty=30.164, last_px=28_253.5 USDT, commission=511.34314440 USDT, liquidity_side=TAKER, ts_event=1697504290000000001)[0m
[1m2023-10-17T00:58:10.000000001Z[0m [INFO] TRADER-001.nautilus_trading::strategy: Canceling 2 inflight BTCUSDT-PERP.BINANCE orders[0m
[1m2023-10-17T00:58:10.000000001Z[0m [INFO] TRADER-001.nautilus_trading::strategy: DataActor-140733232651416 [CMD]--> CancelAllOrders[0m
[1m2023-10-17T00:58:10.000000001Z[0m [INFO] TRADER-001.nautilus_portfolio::portfolio: BTCUSDT-PERP.BINANCE net_position=30.164[0m
[1m2023-10-17T00:58:10.000000001Z[0m [INFO] TRADER-001.nautilus_portfolio::manager: BTCUSDT-PERP.BINANCE margin_maint=3408.95429600 USDT[0m
[1m2023-10-17T00:58:10.000000001Z[0m [INFO] TRADER-001.nautilus_portfolio::portfolio: Updated AccountState(account_id=BINANCE-001, account_type=MARGIN, base_currency=USDT, is_reported=false, balances=[AccountBalance(total=95428.48510430 USDT, locked=3408.95429600 USDT, free=92019.53080830 USDT)], margins=[MarginBalance(initial=0.00000000 USDT, maintenance=3408.95429600 USDT, instrument_id=BTCUSDT-PERP.BINANCE)], event_id=5bc43070-49d3-4bea-b76f-75ba031e069e)[0m
[1m2023-10-17T00:58:10.000000001Z[0m [INFO] TRADER-001.nautilus_trading::strategy: DataActor-140733232651416 <--[EVT] PositionOpened(PositionOpened { trader_id: "TRADER-001", strategy_id: "DataActor-140733232651416", instrument_id: "BTCUSDT-PERP.BINANCE", position_id: "P-20231017-005810-001-140733232651416-4", account_id: "BINANCE-001", opening_order_id: "O-20231017-005810-001-140733232651416-13", entry: Buy, side: Long, signed_qty: 30.164, quantity: Quantity(30.164), last_qty: Quantity(30.164), last_px: Price(28253.5), currency: Currency(code='USDT', precision=8, iso4217=0, name='Tether', currency_type=CRYPTO), avg_px_open: 28253.5, event_id: UUID4(bb7f8f16-e012-400d-abb8-3fdc50493052), ts_event: UnixNanos(1697504290000000001), ts_init: UnixNanos(1697504290000000001) })[0m
[1m2023-10-17T00:58:10.000000001Z[0m [INFO] TRADER-001.nautilus_portfolio::manager: BTCUSDT-PERP.BINANCE margin_init=0.00000000 USDT[0m
[1m2023-10-17T00:58:10.000000001Z[0m [INFO] TRADER-001.nautilus_portfolio::portfolio: Updated AccountState(account_id=BINANCE-001, account_type=MARGIN, base_currency=USDT, is_reported=false, balances=[AccountBalance(total=95428.48510430 USDT, locked=3408.95429600 USDT, free=92019.53080830 USDT)], margins=[MarginBalance(initial=0.00000000 USDT, maintenance=3408.95429600 USDT, instrument_id=BTCUSDT-PERP.BINANCE)], event_id=87f85c35-1aba-4c3a-9aaf-01415c9e0e3d)[0m
[1m2023-10-17T00:58:10.000000001Z[0m [INFO] TRADER-001.nautilus_trading::strategy: DataActor-140733232651416 <--[EVT] OrderAccepted(instrument_id=BTCUSDT-PERP.BINANCE, client_order_id=O-20231017-005810-001-140733232651416-14, venue_order_id=BINANCE-1-14, account_id=BINANCE-001, ts_event=1697504290000000001)[0m
[1m2023-10-17T00:58:10.000000001Z[0m [INFO] TRADER-001.nautilus_portfolio::manager: BTCUSDT-PERP.BINANCE margin_init=0.00000000 USDT[0m
[1m2023-10-17T00:58:10.000000001Z[0m [INFO] TRADER-001.nautilus_portfolio::portfolio: Updated AccountState(account_id=BINANCE-001, account_type=MARGIN, base_currency=USDT, is_reported=false, balances=[AccountBalance(total=95428.48510430 USDT, locked=3408.95429600 USDT, free=92019.53080830 USDT)], margins=[MarginBalance(initial=0.00000000 USDT, maintenance=3408.95429600 USDT, instrument_id=BTCUSDT-PERP.BINANCE)], event_id=802372f5-f4ea-4d0d-bba0-47210e9a9aaa)[0m
[1m2023-10-17T00:58:10.000000001Z[0m [INFO] TRADER-001.nautilus_trading::strategy: DataActor-140733232651416 <--[EVT] OrderAccepted(instrument_id=BTCUSDT-PERP.BINANCE, client_order_id=O-20231017-005810-001-140733232651416-15, venue_order_id=BINANCE-1-15, account_id=BINANCE-001, ts_event=1697504290000000001)[0m
[1m2023-10-17T00:58:10.000000001Z[0m [94m[INFO] TRADER-001.nautilus_execution::engine: Cancel all orders[0m
[1m2023-10-17T00:58:10.000000001Z[0m [INFO] TRADER-001.nautilus_portfolio::manager: BTCUSDT-PERP.BINANCE margin_init=0.00000000 USDT[0m
[1m2023-10-17T00:58:10.000000001Z[0m [INFO] TRADER-001.nautilus_portfolio::portfolio: Updated AccountState(account_id=BINANCE-001, account_type=MARGIN, base_currency=USDT, is_reported=false, balances=[AccountBalance(total=95428.48510430 USDT, locked=3408.95429600 USDT, free=92019.53080830 USDT)], margins=[MarginBalance(initial=0.00000000 USDT, maintenance=3408.95429600 USDT, instrument_id=BTCUSDT-PERP.BINANCE)], event_id=2364e5b5-ecaf-4778-8d7d-4f27e6d4798f)[0m
[1m2023-10-17T00:58:10.000000001Z[0m [INFO] TRADER-001.nautilus_trading::strategy: DataActor-140733232651416 <--[EVT] OrderCanceled(instrument_id=BTCUSDT-PERP.BINANCE, client_order_id=O-20231017-005810-001-140733232651416-14, venue_order_id=BINANCE-1-14, account_id=BINANCE-001, ts_event=1697504290000000001)[0m
[1m2023-10-17T00:58:10.000000001Z[0m [INFO] TRADER-001.nautilus_portfolio::manager: BTCUSDT-PERP.BINANCE margin_init=0.00000000 USDT[0m
[1m2023-10-17T00:58:10.000000001Z[0m [INFO] TRADER-001.nautilus_portfolio::portfolio: Updated AccountState(account_id=BINANCE-001, account_type=MARGIN, base_currency=USDT, is_reported=false, balances=[AccountBalance(total=95428.48510430 USDT, locked=3408.95429600 USDT, free=92019.53080830 USDT)], margins=[MarginBalance(initial=0.00000000 USDT, maintenance=3408.95429600 USDT, instrument_id=BTCUSDT-PERP.BINANCE)], event_id=13e498a6-6960-44dc-b28e-20de8a5bed50)[0m
[1m2023-10-17T00:58:10.000000001Z[0m [INFO] TRADER-001.nautilus_trading::strategy: DataActor-140733232651416 <--[EVT] OrderCanceled(instrument_id=BTCUSDT-PERP.BINANCE, client_order_id=O-20231017-005810-001-140733232651416-15, venue_order_id=BINANCE-1-15, account_id=BINANCE-001, ts_event=1697504290000000001)[0m
[1m2023-10-17T00:58:20.000000000Z[0m [INFO] TRADER-001.nautilus_trading::strategy: No BTCUSDT-PERP.BINANCE open, emulated, or inflight orders to cancel[0m
[1m2023-10-17T00:58:20.000000000Z[0m [INFO] TRADER-001.nautilus_trading::strategy: Closing 1 open position[0m
[1m2023-10-17T00:58:20.000000000Z[0m [INFO] TRADER-001.nautilus_trading::strategy: DataActor-140733232651416 <--[EVT] OrderInitialized(instrument_id=BTCUSDT-PERP.BINANCE, client_order_id=O-20231017-005820-001-140733232651416-16, side=SELL, type=MARKET, quantity=30.164, time_in_force=GTC, post_only=false, reduce_only=true, quote_quantity=false, price=None, emulation_trigger=None, trigger_instrument_id=None, contingency_type=NO_CONTINGENCY, order_list_id=None, linked_order_ids=[None], parent_order_id=None, exec_algorithm_id=None, exec_algorithm_params=None, exec_spawn_id=None, tags=None)[0m
[1m2023-10-17T00:58:20.000000000Z[0m [INFO] TRADER-001.nautilus_trading::strategy: DataActor-140733232651416 [CMD]--> SubmitOrder[0m
[1m2023-10-17T00:58:20.000000000Z[0m [94m[INFO] TRADER-001.nautilus_execution::engine: Submit MarketOrder(SELL 30.164 BTCUSDT-PERP.BINANCE @ MARKET GTC, status=INITIALIZED, client_order_id=O-20231017-005820-001-140733232651416-16, venue_order_id=None, position_id=None, exec_algorithm_id=None, exec_spawn_id=None, tags=None)[0m
[1m2023-10-17T00:58:20.000000000Z[0m [INFO] TRADER-001.nautilus_trading::strategy: DataActor-140733232651416 <--[EVT] OrderSubmitted(instrument_id=BTCUSDT-PERP.BINANCE, client_order_id=O-20231017-005820-001-140733232651416-16, account_id=BINANCE-001, ts_event=1697504300000000000)[0m
[1m2023-10-17T00:58:20.000000000Z[0m [INFO] TRADER-001.nautilus_portfolio::manager: BTCUSDT-PERP.BINANCE margin_init=0.00000000 USDT[0m
[1m2023-10-17T00:58:20.000000000Z[0m [INFO] TRADER-001.nautilus_trading::strategy: DataActor-140733232651416 <--[EVT] OrderFilled(instrument_id=BTCUSDT-PERP.BINANCE, client_order_id=O-20231017-005820-001-140733232651416-16, venue_order_id=BINANCE-1-16, account_id=BINANCE-001, trade_id=T-0b302c152e491ed4-43691, position_id=P-20231017-005810-001-140733232651416-4, order_side=SELL, order_type=MARKET, last_qty=30.164, last_px=28_252.5 USDT, commission=511.32504600 USDT, liquidity_side=TAKER, ts_event=1697504300000000000)[0m
[1m2023-10-17T00:58:20.000000000Z[0m [INFO] TRADER-001.nautilus_portfolio::portfolio: BTCUSDT-PERP.BINANCE net_position=0[0m
[1m2023-10-17T00:58:20.000000000Z[0m [INFO] TRADER-001.nautilus_portfolio::manager: BTCUSDT-PERP.BINANCE margin_maint=0.00000000 USDT[0m
[1m2023-10-17T00:58:20.000000000Z[0m [INFO] TRADER-001.nautilus_portfolio::portfolio: Updated AccountState(account_id=BINANCE-001, account_type=MARGIN, base_currency=USDT, is_reported=false, balances=[AccountBalance(total=94886.99605830 USDT, locked=0.00000000 USDT, free=94886.99605830 USDT)], margins=[], event_id=4b8836a7-d8e0-469a-b7c0-885190dc1ebb)[0m
[1m2023-10-17T00:58:20.000000000Z[0m [INFO] TRADER-001.nautilus_trading::strategy: DataActor-140733232651416 <--[EVT] PositionClosed(PositionClosed { trader_id: "TRADER-001", strategy_id: "DataActor-140733232651416", instrument_id: "BTCUSDT-PERP.BINANCE", position_id: "P-20231017-005810-001-140733232651416-4", account_id: "BINANCE-001", opening_order_id: "O-20231017-005810-001-140733232651416-13", closing_order_id: Some("O-20231017-005820-001-140733232651416-16"), entry: Buy, side: Flat, signed_qty: 0.0, quantity: Quantity(0.000), peak_quantity: Quantity(30.164), last_qty: Quantity(30.164), last_px: Price(28252.5), currency: Currency(code='USDT', precision=8, iso4217=0, name='Tether', currency_type=CRYPTO), avg_px_open: 28253.5, avg_px_close: Some(28252.5), realized_return: -3.53938450103527e-5, realized_pnl: Some(Money(-1052.83219040, USDT)), unrealized_pnl: Money(0.00000000, USDT), duration: 9999999999, event_id: UUID4(077a122d-e621-48e3-91a4-20353ba8edb2), ts_opened: UnixNanos(1697504290000000001), ts_closed: Some(UnixNanos(1697504300000000000)), ts_event: UnixNanos(1697504300000000000), ts_init: UnixNanos(1697504300000000000) })[0m
[1m2023-10-17T10:20:00.000000001Z[0m [INFO] TRADER-001.nautilus_trading::strategy: DataActor-140733232651416 <--[EVT] OrderInitialized(instrument_id=BTCUSDT-PERP.BINANCE, client_order_id=O-20231017-102000-001-140733232651416-17, side=SELL, type=MARKET, quantity=25.824, time_in_force=GTC, post_only=false, reduce_only=false, quote_quantity=false, price=None, emulation_trigger=None, trigger_instrument_id=None, contingency_type=OTO, order_list_id=OL-20231017-102000-001-140733232651416-5, linked_order_ids=[O-20231017-102000-001-140733232651416-18, O-20231017-102000-001-140733232651416-19], parent_order_id=None, exec_algorithm_id=None, exec_algorithm_params=None, exec_spawn_id=None, tags=quote-resiliency-btcusdt-000019, QUOTE_REPLENISHED_FAILED_AUCTION_REVERSAL, SHORT, COMPLETED_TEN_SECOND_MARKET_ENTRY, QUOTE_RESILIENCY_NATIVE_EXECUTION_LABELS_V3_QUOTE_CALLBACK_EXACT_FILL)[0m
[1m2023-10-17T10:20:00.000000001Z[0m [INFO] TRADER-001.nautilus_trading::strategy: DataActor-140733232651416 <--[EVT] OrderInitialized(instrument_id=BTCUSDT-PERP.BINANCE, client_order_id=O-20231017-102000-001-140733232651416-18, side=BUY, type=STOP_MARKET, quantity=25.824, time_in_force=GTC, post_only=false, reduce_only=true, quote_quantity=false, price=None, emulation_trigger=None, trigger_instrument_id=None, contingency_type=OUO, order_list_id=OL-20231017-102000-001-140733232651416-5, linked_order_ids=[O-20231017-102000-001-140733232651416-19], parent_order_id=O-20231017-102000-001-140733232651416-17, exec_algorithm_id=None, exec_algorithm_params=None, exec_spawn_id=None, tags=quote-resiliency-btcusdt-000019, FULL_SWEEP_RESPONSE_EXTREME, STRUCTURAL_INVALIDATION)[0m
[1m2023-10-17T10:20:00.000000001Z[0m [INFO] TRADER-001.nautilus_trading::strategy: DataActor-140733232651416 <--[EVT] OrderInitialized(instrument_id=BTCUSDT-PERP.BINANCE, client_order_id=O-20231017-102000-001-140733232651416-19, side=BUY, type=LIMIT, quantity=25.824, time_in_force=GTC, post_only=false, reduce_only=true, quote_quantity=false, price=28055.0, emulation_trigger=None, trigger_instrument_id=None, contingency_type=OUO, order_list_id=OL-20231017-102000-001-140733232651416-5, linked_order_ids=[O-20231017-102000-001-140733232651416-18], parent_order_id=O-20231017-102000-001-140733232651416-17, exec_algorithm_id=None, exec_algorithm_params=None, exec_spawn_id=None, tags=quote-resiliency-btcusdt-000019, ACTIVE_COMPLETED_EXTERNAL_TARGET, FOUR_HOUR)[0m
[1m2023-10-17T10:20:00.000000001Z[0m [INFO] TRADER-001.nautilus_trading::strategy: DataActor-140733232651416 [CMD]--> SubmitOrderList[0m
[1m2023-10-17T10:20:00.000000001Z[0m [94m[INFO] TRADER-001.nautilus_execution::engine: Submit OrderList(id=OL-20231017-102000-001-140733232651416-5, instrument_id=BTCUSDT-PERP.BINANCE, strategy_id=DataActor-140733232651416, client_order_ids=["O-20231017-102000-001-140733232651416-17", "O-20231017-102000-001-140733232651416-18", "O-20231017-102000-001-140733232651416-19"], ts_init=1697538000000000001)[0m
[1m2023-10-17T10:20:00.000000001Z[0m [INFO] TRADER-001.nautilus_trading::strategy: DataActor-140733232651416 <--[EVT] OrderSubmitted(instrument_id=BTCUSDT-PERP.BINANCE, client_order_id=O-20231017-102000-001-140733232651416-17, account_id=BINANCE-001, ts_event=1697538000000000001)[0m
[1m2023-10-17T10:20:00.000000001Z[0m [INFO] TRADER-001.nautilus_trading::strategy: DataActor-140733232651416 <--[EVT] OrderSubmitted(instrument_id=BTCUSDT-PERP.BINANCE, client_order_id=O-20231017-102000-001-140733232651416-18, account_id=BINANCE-001, ts_event=1697538000000000001)[0m
[1m2023-10-17T10:20:00.000000001Z[0m [INFO] TRADER-001.nautilus_trading::strategy: DataActor-140733232651416 <--[EVT] OrderSubmitted(instrument_id=BTCUSDT-PERP.BINANCE, client_order_id=O-20231017-102000-001-140733232651416-19, account_id=BINANCE-001, ts_event=1697538000000000001)[0m
[1m2023-10-17T10:20:00.000000001Z[0m [INFO] TRADER-001.nautilus_portfolio::manager: BTCUSDT-PERP.BINANCE margin_init=0.00000000 USDT[0m
[1m2023-10-17T10:20:00.000000001Z[0m [INFO] TRADER-001.nautilus_trading::strategy: DataActor-140733232651416 <--[EVT] OrderFilled(instrument_id=BTCUSDT-PERP.BINANCE, client_order_id=O-20231017-102000-001-140733232651416-17, venue_order_id=BINANCE-1-17, account_id=BINANCE-001, trade_id=T-46a1ef6030726d60-51795, position_id=P-20231017-102000-001-140733232651416-5, order_side=SELL, order_type=MARKET, last_qty=25.824, last_px=28_520.8 USDT, commission=441.91268352 USDT, liquidity_side=TAKER, ts_event=1697538000000000001)[0m
[1m2023-10-17T10:20:00.000000001Z[0m [INFO] TRADER-001.nautilus_trading::strategy: Canceling 2 inflight BTCUSDT-PERP.BINANCE orders[0m
[1m2023-10-17T10:20:00.000000001Z[0m [INFO] TRADER-001.nautilus_trading::strategy: DataActor-140733232651416 [CMD]--> CancelAllOrders[0m
[1m2023-10-17T10:20:00.000000001Z[0m [INFO] TRADER-001.nautilus_portfolio::portfolio: BTCUSDT-PERP.BINANCE net_position=-25.824[0m
[1m2023-10-17T10:20:00.000000001Z[0m [INFO] TRADER-001.nautilus_portfolio::manager: BTCUSDT-PERP.BINANCE margin_maint=2946.08455680 USDT[0m
[1m2023-10-17T10:20:00.000000001Z[0m [INFO] TRADER-001.nautilus_portfolio::portfolio: Updated AccountState(account_id=BINANCE-001, account_type=MARGIN, base_currency=USDT, is_reported=false, balances=[AccountBalance(total=94445.08337478 USDT, locked=2946.08455680 USDT, free=91498.99881798 USDT)], margins=[MarginBalance(initial=0.00000000 USDT, maintenance=2946.08455680 USDT, instrument_id=BTCUSDT-PERP.BINANCE)], event_id=7036dc6b-6087-4805-8245-5a5ca4d77d92)[0m
[1m2023-10-17T10:20:00.000000001Z[0m [INFO] TRADER-001.nautilus_trading::strategy: DataActor-140733232651416 <--[EVT] PositionOpened(PositionOpened { trader_id: "TRADER-001", strategy_id: "DataActor-140733232651416", instrument_id: "BTCUSDT-PERP.BINANCE", position_id: "P-20231017-102000-001-140733232651416-5", account_id: "BINANCE-001", opening_order_id: "O-20231017-102000-001-140733232651416-17", entry: Sell, side: Short, signed_qty: -25.824, quantity: Quantity(25.824), last_qty: Quantity(25.824), last_px: Price(28520.8), currency: Currency(code='USDT', precision=8, iso4217=0, name='Tether', currency_type=CRYPTO), avg_px_open: 28520.8, event_id: UUID4(78290299-506a-4473-b242-ccdcf2ca1e53), ts_event: UnixNanos(1697538000000000001), ts_init: UnixNanos(1697538000000000001) })[0m
[1m2023-10-17T10:20:00.000000001Z[0m [INFO] TRADER-001.nautilus_portfolio::manager: BTCUSDT-PERP.BINANCE margin_init=0.00000000 USDT[0m
[1m2023-10-17T10:20:00.000000001Z[0m [INFO] TRADER-001.nautilus_portfolio::portfolio: Updated AccountState(account_id=BINANCE-001, account_type=MARGIN, base_currency=USDT, is_reported=false, balances=[AccountBalance(total=94445.08337478 USDT, locked=2946.08455680 USDT, free=91498.99881798 USDT)], margins=[MarginBalance(initial=0.00000000 USDT, maintenance=2946.08455680 USDT, instrument_id=BTCUSDT-PERP.BINANCE)], event_id=d72ab7cf-2b5c-4b39-9157-7d15c5219b58)[0m
[1m2023-10-17T10:20:00.000000001Z[0m [INFO] TRADER-001.nautilus_trading::strategy: DataActor-140733232651416 <--[EVT] OrderAccepted(instrument_id=BTCUSDT-PERP.BINANCE, client_order_id=O-20231017-102000-001-140733232651416-18, venue_order_id=BINANCE-1-18, account_id=BINANCE-001, ts_event=1697538000000000001)[0m
[1m2023-10-17T10:20:00.000000001Z[0m [INFO] TRADER-001.nautilus_portfolio::manager: BTCUSDT-PERP.BINANCE margin_init=0.00000000 USDT[0m
[1m2023-10-17T10:20:00.000000001Z[0m [INFO] TRADER-001.nautilus_portfolio::portfolio: Updated AccountState(account_id=BINANCE-001, account_type=MARGIN, base_currency=USDT, is_reported=false, balances=[AccountBalance(total=94445.08337478 USDT, locked=2946.08455680 USDT, free=91498.99881798 USDT)], margins=[MarginBalance(initial=0.00000000 USDT, maintenance=2946.08455680 USDT, instrument_id=BTCUSDT-PERP.BINANCE)], event_id=041da71d-3cb6-450d-ba35-275ed355a2ac)[0m
[1m2023-10-17T10:20:00.000000001Z[0m [INFO] TRADER-001.nautilus_trading::strategy: DataActor-140733232651416 <--[EVT] OrderAccepted(instrument_id=BTCUSDT-PERP.BINANCE, client_order_id=O-20231017-102000-001-140733232651416-19, venue_order_id=BINANCE-1-19, account_id=BINANCE-001, ts_event=1697538000000000001)[0m
[1m2023-10-17T10:20:00.000000001Z[0m [94m[INFO] TRADER-001.nautilus_execution::engine: Cancel all orders[0m
[1m2023-10-17T10:20:00.000000001Z[0m [INFO] TRADER-001.nautilus_portfolio::manager: BTCUSDT-PERP.BINANCE margin_init=0.00000000 USDT[0m
[1m2023-10-17T10:20:00.000000001Z[0m [INFO] TRADER-001.nautilus_portfolio::portfolio: Updated AccountState(account_id=BINANCE-001, account_type=MARGIN, base_currency=USDT, is_reported=false, balances=[AccountBalance(total=94445.08337478 USDT, locked=2946.08455680 USDT, free=91498.99881798 USDT)], margins=[MarginBalance(initial=0.00000000 USDT, maintenance=2946.08455680 USDT, instrument_id=BTCUSDT-PERP.BINANCE)], event_id=9905b755-13e5-4e9b-8eb4-d784361b5dc1)[0m
[1m2023-10-17T10:20:00.000000001Z[0m [INFO] TRADER-001.nautilus_trading::strategy: DataActor-140733232651416 <--[EVT] OrderCanceled(instrument_id=BTCUSDT-PERP.BINANCE, client_order_id=O-20231017-102000-001-140733232651416-18, venue_order_id=BINANCE-1-18, account_id=BINANCE-001, ts_event=1697538000000000001)[0m
[1m2023-10-17T10:20:00.000000001Z[0m [INFO] TRADER-001.nautilus_portfolio::manager: BTCUSDT-PERP.BINANCE margin_init=0.00000000 USDT[0m
[1m2023-10-17T10:20:00.000000001Z[0m [INFO] TRADER-001.nautilus_portfolio::portfolio: Updated AccountState(account_id=BINANCE-001, account_type=MARGIN, base_currency=USDT, is_reported=false, balances=[AccountBalance(total=94445.08337478 USDT, locked=2946.08455680 USDT, free=91498.99881798 USDT)], margins=[MarginBalance(initial=0.00000000 USDT, maintenance=2946.08455680 USDT, instrument_id=BTCUSDT-PERP.BINANCE)], event_id=770b7cab-33fd-46b0-8d83-26886ec58dbf)[0m
[1m2023-10-17T10:20:00.000000001Z[0m [INFO] TRADER-001.nautilus_trading::strategy: DataActor-140733232651416 <--[EVT] OrderCanceled(instrument_id=BTCUSDT-PERP.BINANCE, client_order_id=O-20231017-102000-001-140733232651416-19, venue_order_id=BINANCE-1-19, account_id=BINANCE-001, ts_event=1697538000000000001)[0m
[1m2023-10-17T10:20:10.000000000Z[0m [INFO] TRADER-001.nautilus_trading::strategy: No BTCUSDT-PERP.BINANCE open, emulated, or inflight orders to cancel[0m
[1m2023-10-17T10:20:10.000000000Z[0m [INFO] TRADER-001.nautilus_trading::strategy: Closing 1 open position[0m
[1m2023-10-17T10:20:10.000000000Z[0m [INFO] TRADER-001.nautilus_trading::strategy: DataActor-140733232651416 <--[EVT] OrderInitialized(instrument_id=BTCUSDT-PERP.BINANCE, client_order_id=O-20231017-102010-001-140733232651416-20, side=BUY, type=MARKET, quantity=25.824, time_in_force=GTC, post_only=false, reduce_only=true, quote_quantity=false, price=None, emulation_trigger=None, trigger_instrument_id=None, contingency_type=NO_CONTINGENCY, order_list_id=None, linked_order_ids=[None], parent_order_id=None, exec_algorithm_id=None, exec_algorithm_params=None, exec_spawn_id=None, tags=None)[0m
[1m2023-10-17T10:20:10.000000000Z[0m [INFO] TRADER-001.nautilus_trading::strategy: DataActor-140733232651416 [CMD]--> SubmitOrder[0m
[1m2023-10-17T10:20:10.000000000Z[0m [94m[INFO] TRADER-001.nautilus_execution::engine: Submit MarketOrder(BUY 25.824 BTCUSDT-PERP.BINANCE @ MARKET GTC, status=INITIALIZED, client_order_id=O-20231017-102010-001-140733232651416-20, venue_order_id=None, position_id=None, exec_algorithm_id=None, exec_spawn_id=None, tags=None)[0m
[1m2023-10-17T10:20:10.000000000Z[0m [INFO] TRADER-001.nautilus_trading::strategy: DataActor-140733232651416 <--[EVT] OrderSubmitted(instrument_id=BTCUSDT-PERP.BINANCE, client_order_id=O-20231017-102010-001-140733232651416-20, account_id=BINANCE-001, ts_event=1697538010000000000)[0m
[1m2023-10-17T10:20:10.000000000Z[0m [INFO] TRADER-001.nautilus_portfolio::manager: BTCUSDT-PERP.BINANCE margin_init=0.00000000 USDT[0m
[1m2023-10-17T10:20:10.000000000Z[0m [INFO] TRADER-001.nautilus_trading::strategy: DataActor-140733232651416 <--[EVT] OrderFilled(instrument_id=BTCUSDT-PERP.BINANCE, client_order_id=O-20231017-102010-001-140733232651416-20, venue_order_id=BINANCE-1-20, account_id=BINANCE-001, trade_id=T-faa6ae6c884bf0cf-51799, position_id=P-20231017-102000-001-140733232651416-5, order_side=BUY, order_type=MARKET, last_qty=25.824, last_px=28_515.7 USDT, commission=441.83366208 USDT, liquidity_side=TAKER, ts_event=1697538010000000000)[0m
[1m2023-10-17T10:20:10.000000000Z[0m [INFO] TRADER-001.nautilus_portfolio::portfolio: BTCUSDT-PERP.BINANCE net_position=0[0m
[1m2023-10-17T10:20:10.000000000Z[0m [INFO] TRADER-001.nautilus_portfolio::manager: BTCUSDT-PERP.BINANCE margin_maint=0.00000000 USDT[0m
[1m2023-10-17T10:20:10.000000000Z[0m [INFO] TRADER-001.nautilus_portfolio::portfolio: Updated AccountState(account_id=BINANCE-001, account_type=MARGIN, base_currency=USDT, is_reported=false, balances=[AccountBalance(total=94134.95211270 USDT, locked=0.00000000 USDT, free=94134.95211270 USDT)], margins=[], event_id=daaf29c0-0485-47b0-b2a5-526369f9f3df)[0m
[1m2023-10-17T10:20:10.000000000Z[0m [INFO] TRADER-001.nautilus_trading::strategy: DataActor-140733232651416 <--[EVT] PositionClosed(PositionClosed { trader_id: "TRADER-001", strategy_id: "DataActor-140733232651416", instrument_id: "BTCUSDT-PERP.BINANCE", position_id: "P-20231017-102000-001-140733232651416-5", account_id: "BINANCE-001", opening_order_id: "O-20231017-102000-001-140733232651416-17", closing_order_id: Some("O-20231017-102010-001-140733232651416-20"), entry: Sell, side: Flat, signed_qty: 0.0, quantity: Quantity(0.000), peak_quantity: Quantity(25.824), last_qty: Quantity(25.824), last_px: Price(28515.7), currency: Currency(code='USDT', precision=8, iso4217=0, name='Tether', currency_type=CRYPTO), avg_px_open: 28520.8, avg_px_close: Some(28515.7), realized_return: 0.00017881686348203925, realized_pnl: Some(Money(-752.04394560, USDT)), unrealized_pnl: Money(0.00000000, USDT), duration: 9999999999, event_id: UUID4(ff3c2ade-a093-4715-9cd8-3c4664cb06bc), ts_opened: UnixNanos(1697538000000000001), ts_closed: Some(UnixNanos(1697538010000000000)), ts_event: UnixNanos(1697538010000000000), ts_init: UnixNanos(1697538010000000000) })[0m
[1m2023-10-17T12:34:50.000000001Z[0m [INFO] TRADER-001.nautilus_trading::strategy: DataActor-140733232651416 <--[EVT] OrderInitialized(instrument_id=BTCUSDT-PERP.BINANCE, client_order_id=O-20231017-123450-001-140733232651416-21, side=BUY, type=MARKET, quantity=33.751, time_in_force=GTC, post_only=false, reduce_only=false, quote_quantity=false, price=None, emulation_trigger=None, trigger_instrument_id=None, contingency_type=OTO, order_list_id=OL-20231017-123450-001-140733232651416-6, linked_order_ids=[O-20231017-123450-001-140733232651416-22, O-20231017-123450-001-140733232651416-23], parent_order_id=None, exec_algorithm_id=None, exec_algorithm_params=None, exec_spawn_id=None, tags=quote-resiliency-btcusdt-000020, QUOTE_REPLENISHED_FAILED_AUCTION_REVERSAL, LONG, COMPLETED_TEN_SECOND_MARKET_ENTRY, QUOTE_RESILIENCY_NATIVE_EXECUTION_LABELS_V3_QUOTE_CALLBACK_EXACT_FILL)[0m
[1m2023-10-17T12:34:50.000000001Z[0m [INFO] TRADER-001.nautilus_trading::strategy: DataActor-140733232651416 <--[EVT] OrderInitialized(instrument_id=BTCUSDT-PERP.BINANCE, client_order_id=O-20231017-123450-001-140733232651416-22, side=SELL, type=STOP_MARKET, quantity=33.751, time_in_force=GTC, post_only=false, reduce_only=true, quote_quantity=false, price=None, emulation_trigger=None, trigger_instrument_id=None, contingency_type=OUO, order_list_id=OL-20231017-123450-001-140733232651416-6, linked_order_ids=[O-20231017-123450-001-140733232651416-23], parent_order_id=O-20231017-123450-001-140733232651416-21, exec_algorithm_id=None, exec_algorithm_params=None, exec_spawn_id=None, tags=quote-resiliency-btcusdt-000020, FULL_SWEEP_RESPONSE_EXTREME, STRUCTURAL_INVALIDATION)[0m
[1m2023-10-17T12:34:50.000000001Z[0m [INFO] TRADER-001.nautilus_trading::strategy: DataActor-140733232651416 <--[EVT] OrderInitialized(instrument_id=BTCUSDT-PERP.BINANCE, client_order_id=O-20231017-123450-001-140733232651416-23, side=SELL, type=LIMIT, quantity=33.751, time_in_force=GTC, post_only=false, reduce_only=true, quote_quantity=false, price=28605.0, emulation_trigger=None, trigger_instrument_id=None, contingency_type=OUO, order_list_id=OL-20231017-123450-001-140733232651416-6, linked_order_ids=[O-20231017-123450-001-140733232651416-22], parent_order_id=O-20231017-123450-001-140733232651416-21, exec_algorithm_id=None, exec_algorithm_params=None, exec_spawn_id=None, tags=quote-resiliency-btcusdt-000020, ACTIVE_COMPLETED_EXTERNAL_TARGET, FOUR_HOUR)[0m
[1m2023-10-17T12:34:50.000000001Z[0m [INFO] TRADER-001.nautilus_trading::strategy: DataActor-140733232651416 [CMD]--> SubmitOrderList[0m
[1m2023-10-17T12:34:50.000000001Z[0m [94m[INFO] TRADER-001.nautilus_execution::engine: Submit OrderList(id=OL-20231017-123450-001-140733232651416-6, instrument_id=BTCUSDT-PERP.BINANCE, strategy_id=DataActor-140733232651416, client_order_ids=["O-20231017-123450-001-140733232651416-21", "O-20231017-123450-001-140733232651416-22", "O-20231017-123450-001-140733232651416-23"], ts_init=1697546090000000001)[0m
[1m2023-10-17T12:34:50.000000001Z[0m [INFO] TRADER-001.nautilus_trading::strategy: DataActor-140733232651416 <--[EVT] OrderSubmitted(instrument_id=BTCUSDT-PERP.BINANCE, client_order_id=O-20231017-123450-001-140733232651416-21, account_id=BINANCE-001, ts_event=1697546090000000001)[0m
[1m2023-10-17T12:34:50.000000001Z[0m [INFO] TRADER-001.nautilus_trading::strategy: DataActor-140733232651416 <--[EVT] OrderSubmitted(instrument_id=BTCUSDT-PERP.BINANCE, client_order_id=O-20231017-123450-001-140733232651416-22, account_id=BINANCE-001, ts_event=1697546090000000001)[0m
[1m2023-10-17T12:34:50.000000001Z[0m [INFO] TRADER-001.nautilus_trading::strategy: DataActor-140733232651416 <--[EVT] OrderSubmitted(instrument_id=BTCUSDT-PERP.BINANCE, client_order_id=O-20231017-123450-001-140733232651416-23, account_id=BINANCE-001, ts_event=1697546090000000001)[0m
[1m2023-10-17T12:34:50.000000001Z[0m [INFO] TRADER-001.nautilus_portfolio::manager: BTCUSDT-PERP.BINANCE margin_init=0.00000000 USDT[0m
[1m2023-10-17T12:34:50.000000001Z[0m [INFO] TRADER-001.nautilus_trading::strategy: DataActor-140733232651416 <--[EVT] OrderFilled(instrument_id=BTCUSDT-PERP.BINANCE, client_order_id=O-20231017-123450-001-140733232651416-21, venue_order_id=BINANCE-1-21, account_id=BINANCE-001, trade_id=T-1495887e48b78b88-53910, position_id=P-20231017-123450-001-140733232651416-6, order_side=BUY, order_type=MARKET, last_qty=33.751, last_px=28_367.2 USDT, commission=574.45282032 USDT, liquidity_side=TAKER, ts_event=1697546090000000001)[0m
[1m2023-10-17T12:34:50.000000001Z[0m [INFO] TRADER-001.nautilus_trading::strategy: Canceling 2 inflight BTCUSDT-PERP.BINANCE orders[0m
[1m2023-10-17T12:34:50.000000001Z[0m [INFO] TRADER-001.nautilus_trading::strategy: DataActor-140733232651416 [CMD]--> CancelAllOrders[0m
[1m2023-10-17T12:34:50.000000001Z[0m [INFO] TRADER-001.nautilus_portfolio::portfolio: BTCUSDT-PERP.BINANCE net_position=33.751[0m
[1m2023-10-17T12:34:50.000000001Z[0m [INFO] TRADER-001.nautilus_portfolio::manager: BTCUSDT-PERP.BINANCE margin_maint=3829.68546880 USDT[0m
[1m2023-10-17T12:34:50.000000001Z[0m [INFO] TRADER-001.nautilus_portfolio::portfolio: Updated AccountState(account_id=BINANCE-001, account_type=MARGIN, base_currency=USDT, is_reported=false, balances=[AccountBalance(total=93560.49929238 USDT, locked=3829.68546880 USDT, free=89730.81382358 USDT)], margins=[MarginBalance(initial=0.00000000 USDT, maintenance=3829.68546880 USDT, instrument_id=BTCUSDT-PERP.BINANCE)], event_id=d23d43b5-5a58-4b3d-8a20-ef64b022083a)[0m
[1m2023-10-17T12:34:50.000000001Z[0m [INFO] TRADER-001.nautilus_trading::strategy: DataActor-140733232651416 <--[EVT] PositionOpened(PositionOpened { trader_id: "TRADER-001", strategy_id: "DataActor-140733232651416", instrument_id: "BTCUSDT-PERP.BINANCE", position_id: "P-20231017-123450-001-140733232651416-6", account_id: "BINANCE-001", opening_order_id: "O-20231017-123450-001-140733232651416-21", entry: Buy, side: Long, signed_qty: 33.751, quantity: Quantity(33.751), last_qty: Quantity(33.751), last_px: Price(28367.2), currency: Currency(code='USDT', precision=8, iso4217=0, name='Tether', currency_type=CRYPTO), avg_px_open: 28367.2, event_id: UUID4(e7a94a53-763d-4e2c-befb-7c63011fb132), ts_event: UnixNanos(1697546090000000001), ts_init: UnixNanos(1697546090000000001) })[0m
[1m2023-10-17T12:34:50.000000001Z[0m [INFO] TRADER-001.nautilus_portfolio::manager: BTCUSDT-PERP.BINANCE margin_init=0.00000000 USDT[0m
[1m2023-10-17T12:34:50.000000001Z[0m [INFO] TRADER-001.nautilus_portfolio::portfolio: Updated AccountState(account_id=BINANCE-001, account_type=MARGIN, base_currency=USDT, is_reported=false, balances=[AccountBalance(total=93560.49929238 USDT, locked=3829.68546880 USDT, free=89730.81382358 USDT)], margins=[MarginBalance(initial=0.00000000 USDT, maintenance=3829.68546880 USDT, instrument_id=BTCUSDT-PERP.BINANCE)], event_id=de59cb0e-9726-4f60-b1bd-fa41815759f3)[0m
[1m2023-10-17T12:34:50.000000001Z[0m [INFO] TRADER-001.nautilus_trading::strategy: DataActor-140733232651416 <--[EVT] OrderAccepted(instrument_id=BTCUSDT-PERP.BINANCE, client_order_id=O-20231017-123450-001-140733232651416-22, venue_order_id=BINANCE-1-22, account_id=BINANCE-001, ts_event=1697546090000000001)[0m
[1m2023-10-17T12:34:50.000000001Z[0m [INFO] TRADER-001.nautilus_portfolio::manager: BTCUSDT-PERP.BINANCE margin_init=0.00000000 USDT[0m
[1m2023-10-17T12:34:50.000000001Z[0m [INFO] TRADER-001.nautilus_portfolio::portfolio: Updated AccountState(account_id=BINANCE-001, account_type=MARGIN, base_currency=USDT, is_reported=false, balances=[AccountBalance(total=93560.49929238 USDT, locked=3829.68546880 USDT, free=89730.81382358 USDT)], margins=[MarginBalance(initial=0.00000000 USDT, maintenance=3829.68546880 USDT, instrument_id=BTCUSDT-PERP.BINANCE)], event_id=4215715c-bfbc-4ba3-814c-bb8b046742c0)[0m
[1m2023-10-17T12:34:50.000000001Z[0m [INFO] TRADER-001.nautilus_trading::strategy: DataActor-140733232651416 <--[EVT] OrderAccepted(instrument_id=BTCUSDT-PERP.BINANCE, client_order_id=O-20231017-123450-001-140733232651416-23, venue_order_id=BINANCE-1-23, account_id=BINANCE-001, ts_event=1697546090000000001)[0m
[1m2023-10-17T12:34:50.000000001Z[0m [94m[INFO] TRADER-001.nautilus_execution::engine: Cancel all orders[0m
[1m2023-10-17T12:34:50.000000001Z[0m [INFO] TRADER-001.nautilus_portfolio::manager: BTCUSDT-PERP.BINANCE margin_init=0.00000000 USDT[0m
[1m2023-10-17T12:34:50.000000001Z[0m [INFO] TRADER-001.nautilus_portfolio::portfolio: Updated AccountState(account_id=BINANCE-001, account_type=MARGIN, base_currency=USDT, is_reported=false, balances=[AccountBalance(total=93560.49929238 USDT, locked=3829.68546880 USDT, free=89730.81382358 USDT)], margins=[MarginBalance(initial=0.00000000 USDT, maintenance=3829.68546880 USDT, instrument_id=BTCUSDT-PERP.BINANCE)], event_id=a5eac6d5-ae67-4fd2-a9a0-4b7e027b60b5)[0m
[1m2023-10-17T12:34:50.000000001Z[0m [INFO] TRADER-001.nautilus_trading::strategy: DataActor-140733232651416 <--[EVT] OrderCanceled(instrument_id=BTCUSDT-PERP.BINANCE, client_order_id=O-20231017-123450-001-140733232651416-22, venue_order_id=BINANCE-1-22, account_id=BINANCE-001, ts_event=1697546090000000001)[0m
[1m2023-10-17T12:34:50.000000001Z[0m [INFO] TRADER-001.nautilus_portfolio::manager: BTCUSDT-PERP.BINANCE margin_init=0.00000000 USDT[0m
[1m2023-10-17T12:34:50.000000001Z[0m [INFO] TRADER-001.nautilus_portfolio::portfolio: Updated AccountState(account_id=BINANCE-001, account_type=MARGIN, base_currency=USDT, is_reported=false, balances=[AccountBalance(total=93560.49929238 USDT, locked=3829.68546880 USDT, free=89730.81382358 USDT)], margins=[MarginBalance(initial=0.00000000 USDT, maintenance=3829.68546880 USDT, instrument_id=BTCUSDT-PERP.BINANCE)], event_id=36c716cf-db2d-4fbe-b22a-a7d9588fa960)[0m
[1m2023-10-17T12:34:50.000000001Z[0m [INFO] TRADER-001.nautilus_trading::strategy: DataActor-140733232651416 <--[EVT] OrderCanceled(instrument_id=BTCUSDT-PERP.BINANCE, client_order_id=O-20231017-123450-001-140733232651416-23, venue_order_id=BINANCE-1-23, account_id=BINANCE-001, ts_event=1697546090000000001)[0m
[1m2023-10-17T12:35:00.000000000Z[0m [INFO] TRADER-001.nautilus_trading::strategy: No BTCUSDT-PERP.BINANCE open, emulated, or inflight orders to cancel[0m
[1m2023-10-17T12:35:00.000000000Z[0m [INFO] TRADER-001.nautilus_trading::strategy: Closing 1 open position[0m
[1m2023-10-17T12:35:00.000000000Z[0m [INFO] TRADER-001.nautilus_trading::strategy: DataActor-140733232651416 <--[EVT] OrderInitialized(instrument_id=BTCUSDT-PERP.BINANCE, client_order_id=O-20231017-123500-001-140733232651416-24, side=SELL, type=MARKET, quantity=33.751, time_in_force=GTC, post_only=false, reduce_only=true, quote_quantity=false, price=None, emulation_trigger=None, trigger_instrument_id=None, contingency_type=NO_CONTINGENCY, order_list_id=None, linked_order_ids=[None], parent_order_id=None, exec_algorithm_id=None, exec_algorithm_params=None, exec_spawn_id=None, tags=None)[0m
[1m2023-10-17T12:35:00.000000000Z[0m [INFO] TRADER-001.nautilus_trading::strategy: DataActor-140733232651416 [CMD]--> SubmitOrder[0m
[1m2023-10-17T12:35:00.000000000Z[0m [94m[INFO] TRADER-001.nautilus_execution::engine: Submit MarketOrder(SELL 33.751 BTCUSDT-PERP.BINANCE @ MARKET GTC, status=INITIALIZED, client_order_id=O-20231017-123500-001-140733232651416-24, venue_order_id=None, position_id=None, exec_algorithm_id=None, exec_spawn_id=None, tags=None)[0m
[1m2023-10-17T12:35:00.000000000Z[0m [INFO] TRADER-001.nautilus_trading::strategy: DataActor-140733232651416 <--[EVT] OrderSubmitted(instrument_id=BTCUSDT-PERP.BINANCE, client_order_id=O-20231017-123500-001-140733232651416-24, account_id=BINANCE-001, ts_event=1697546100000000000)[0m
[1m2023-10-17T12:35:00.000000000Z[0m [INFO] TRADER-001.nautilus_portfolio::manager: BTCUSDT-PERP.BINANCE margin_init=0.00000000 USDT[0m
[1m2023-10-17T12:35:00.000000000Z[0m [INFO] TRADER-001.nautilus_trading::strategy: DataActor-140733232651416 <--[EVT] OrderFilled(instrument_id=BTCUSDT-PERP.BINANCE, client_order_id=O-20231017-123500-001-140733232651416-24, venue_order_id=BINANCE-1-24, account_id=BINANCE-001, trade_id=T-35a623854914ec26-53915, position_id=P-20231017-123450-001-140733232651416-6, order_side=SELL, order_type=MARKET, last_qty=33.751, last_px=28_368.8 USDT, commission=574.48522128 USDT, liquidity_side=TAKER, ts_event=1697546100000000000)[0m
[1m2023-10-17T12:35:00.000000000Z[0m [INFO] TRADER-001.nautilus_portfolio::portfolio: BTCUSDT-PERP.BINANCE net_position=0[0m
[1m2023-10-17T12:35:00.000000000Z[0m [INFO] TRADER-001.nautilus_portfolio::manager: BTCUSDT-PERP.BINANCE margin_maint=0.00000000 USDT[0m
[1m2023-10-17T12:35:00.000000000Z[0m [INFO] TRADER-001.nautilus_portfolio::portfolio: Updated AccountState(account_id=BINANCE-001, account_type=MARGIN, base_currency=USDT, is_reported=false, balances=[AccountBalance(total=93040.01567110 USDT, locked=0.00000000 USDT, free=93040.01567110 USDT)], margins=[], event_id=15b3bf85-c3d5-40f1-9293-f8dc08f7b264)[0m
[1m2023-10-17T12:35:00.000000000Z[0m [INFO] TRADER-001.nautilus_trading::strategy: DataActor-140733232651416 <--[EVT] PositionClosed(PositionClosed { trader_id: "TRADER-001", strategy_id: "DataActor-140733232651416", instrument_id: "BTCUSDT-PERP.BINANCE", position_id: "P-20231017-123450-001-140733232651416-6", account_id: "BINANCE-001", opening_order_id: "O-20231017-123450-001-140733232651416-21", closing_order_id: Some("O-20231017-123500-001-140733232651416-24"), entry: Buy, side: Flat, signed_qty: 0.0, quantity: Quantity(0.000), peak_quantity: Quantity(33.751), last_qty: Quantity(33.751), last_px: Price(28368.8), currency: Currency(code='USDT', precision=8, iso4217=0, name='Tether', currency_type=CRYPTO), avg_px_open: 28367.2, avg_px_close: Some(28368.8), realized_return: 5.640316985809473e-5, realized_pnl: Some(Money(-1094.93644160, USDT)), unrealized_pnl: Money(0.00000000, USDT), duration: 9999999999, event_id: UUID4(89f69d63-2a44-4c11-876f-061bfb36f3ef), ts_opened: UnixNanos(1697546090000000001), ts_closed: Some(UnixNanos(1697546100000000000)), ts_event: UnixNanos(1697546100000000000), ts_init: UnixNanos(1697546100000000000) })[0m
[1m2023-10-18T04:00:50.000000001Z[0m [INFO] TRADER-001.nautilus_trading::strategy: DataActor-140733232651416 <--[EVT] OrderInitialized(instrument_id=BTCUSDT-PERP.BINANCE, client_order_id=O-20231018-040050-001-140733232651416-25, side=SELL, type=MARKET, quantity=48.444, time_in_force=GTC, post_only=false, reduce_only=false, quote_quantity=false, price=None, emulation_trigger=None, trigger_instrument_id=None, contingency_type=OTO, order_list_id=OL-20231018-040050-001-140733232651416-7, linked_order_ids=[O-20231018-040050-001-140733232651416-26, O-20231018-040050-001-140733232651416-27], parent_order_id=None, exec_algorithm_id=None, exec_algorithm_params=None, exec_spawn_id=None, tags=quote-resiliency-btcusdt-000023, QUOTE_REPLENISHED_FAILED_AUCTION_REVERSAL, SHORT, COMPLETED_TEN_SECOND_MARKET_ENTRY, QUOTE_RESILIENCY_NATIVE_EXECUTION_LABELS_V3_QUOTE_CALLBACK_EXACT_FILL)[0m
[1m2023-10-18T04:00:50.000000001Z[0m [INFO] TRADER-001.nautilus_trading::strategy: DataActor-140733232651416 <--[EVT] OrderInitialized(instrument_id=BTCUSDT-PERP.BINANCE, client_order_id=O-20231018-040050-001-140733232651416-26, side=BUY, type=STOP_MARKET, quantity=48.444, time_in_force=GTC, post_only=false, reduce_only=true, quote_quantity=false, price=None, emulation_trigger=None, trigger_instrument_id=None, contingency_type=OUO, order_list_id=OL-20231018-040050-001-140733232651416-7, linked_order_ids=[O-20231018-040050-001-140733232651416-27], parent_order_id=O-20231018-040050-001-140733232651416-25, exec_algorithm_id=None, exec_algorithm_params=None, exec_spawn_id=None, tags=quote-resiliency-btcusdt-000023, FULL_SWEEP_RESPONSE_EXTREME, STRUCTURAL_INVALIDATION)[0m
[1m2023-10-18T04:00:50.000000001Z[0m [INFO] TRADER-001.nautilus_trading::strategy: DataActor-140733232651416 <--[EVT] OrderInitialized(instrument_id=BTCUSDT-PERP.BINANCE, client_order_id=O-20231018-040050-001-140733232651416-27, side=BUY, type=LIMIT, quantity=48.444, time_in_force=GTC, post_only=false, reduce_only=true, quote_quantity=false, price=28307.6, emulation_trigger=None, trigger_instrument_id=None, contingency_type=OUO, order_list_id=OL-20231018-040050-001-140733232651416-7, linked_order_ids=[O-20231018-040050-001-140733232651416-26], parent_order_id=O-20231018-040050-001-140733232651416-25, exec_algorithm_id=None, exec_algorithm_params=None, exec_spawn_id=None, tags=quote-resiliency-btcusdt-000023, ACTIVE_COMPLETED_EXTERNAL_TARGET, FOUR_HOUR)[0m
[1m2023-10-18T04:00:50.000000001Z[0m [INFO] TRADER-001.nautilus_trading::strategy: DataActor-140733232651416 [CMD]--> SubmitOrderList[0m
[1m2023-10-18T04:00:50.000000001Z[0m [94m[INFO] TRADER-001.nautilus_execution::engine: Submit OrderList(id=OL-20231018-040050-001-140733232651416-7, instrument_id=BTCUSDT-PERP.BINANCE, strategy_id=DataActor-140733232651416, client_order_ids=["O-20231018-040050-001-140733232651416-25", "O-20231018-040050-001-140733232651416-26", "O-20231018-040050-001-140733232651416-27"], ts_init=1697601650000000001)[0m
[1m2023-10-18T04:00:50.000000001Z[0m [INFO] TRADER-001.nautilus_trading::strategy: DataActor-140733232651416 <--[EVT] OrderSubmitted(instrument_id=BTCUSDT-PERP.BINANCE, client_order_id=O-20231018-040050-001-140733232651416-25, account_id=BINANCE-001, ts_event=1697601650000000001)[0m
[1m2023-10-18T04:00:50.000000001Z[0m [INFO] TRADER-001.nautilus_trading::strategy: DataActor-140733232651416 <--[EVT] OrderSubmitted(instrument_id=BTCUSDT-PERP.BINANCE, client_order_id=O-20231018-040050-001-140733232651416-26, account_id=BINANCE-001, ts_event=1697601650000000001)[0m
[1m2023-10-18T04:00:50.000000001Z[0m [INFO] TRADER-001.nautilus_trading::strategy: DataActor-140733232651416 <--[EVT] OrderSubmitted(instrument_id=BTCUSDT-PERP.BINANCE, client_order_id=O-20231018-040050-001-140733232651416-27, account_id=BINANCE-001, ts_event=1697601650000000001)[0m
[1m2023-10-18T04:00:50.000000001Z[0m [INFO] TRADER-001.nautilus_portfolio::manager: BTCUSDT-PERP.BINANCE margin_init=0.00000000 USDT[0m
[1m2023-10-18T04:00:50.000000001Z[0m [INFO] TRADER-001.nautilus_trading::strategy: DataActor-140733232651416 <--[EVT] OrderFilled(instrument_id=BTCUSDT-PERP.BINANCE, client_order_id=O-20231018-040050-001-140733232651416-25, venue_order_id=BINANCE-1-25, account_id=BINANCE-001, trade_id=T-94413b870c9716f1-67583, position_id=P-20231018-040050-001-140733232651416-7, order_side=SELL, order_type=MARKET, last_qty=48.444, last_px=28_493.4 USDT, commission=828.20056176 USDT, liquidity_side=TAKER, ts_event=1697601650000000001)[0m
[1m2023-10-18T04:00:50.000000001Z[0m [INFO] TRADER-001.nautilus_trading::strategy: Canceling 2 inflight BTCUSDT-PERP.BINANCE orders[0m
[1m2023-10-18T04:00:50.000000001Z[0m [INFO] TRADER-001.nautilus_trading::strategy: DataActor-140733232651416 [CMD]--> CancelAllOrders[0m
[1m2023-10-18T04:00:50.000000001Z[0m [INFO] TRADER-001.nautilus_portfolio::portfolio: BTCUSDT-PERP.BINANCE net_position=-48.444[0m
[1m2023-10-18T04:00:50.000000001Z[0m [INFO] TRADER-001.nautilus_portfolio::manager: BTCUSDT-PERP.BINANCE margin_maint=5521.33707840 USDT[0m
[1m2023-10-18T04:00:50.000000001Z[0m [INFO] TRADER-001.nautilus_portfolio::portfolio: Updated AccountState(account_id=BINANCE-001, account_type=MARGIN, base_currency=USDT, is_reported=false, balances=[AccountBalance(total=92211.81510934 USDT, locked=5521.33707840 USDT, free=86690.47803094 USDT)], margins=[MarginBalance(initial=0.00000000 USDT, maintenance=5521.33707840 USDT, instrument_id=BTCUSDT-PERP.BINANCE)], event_id=04f4302a-f921-4cc2-87d3-271c9d7e40b1)[0m
[1m2023-10-18T04:00:50.000000001Z[0m [INFO] TRADER-001.nautilus_trading::strategy: DataActor-140733232651416 <--[EVT] PositionOpened(PositionOpened { trader_id: "TRADER-001", strategy_id: "DataActor-140733232651416", instrument_id: "BTCUSDT-PERP.BINANCE", position_id: "P-20231018-040050-001-140733232651416-7", account_id: "BINANCE-001", opening_order_id: "O-20231018-040050-001-140733232651416-25", entry: Sell, side: Short, signed_qty: -48.444, quantity: Quantity(48.444), last_qty: Quantity(48.444), last_px: Price(28493.4), currency: Currency(code='USDT', precision=8, iso4217=0, name='Tether', currency_type=CRYPTO), avg_px_open: 28493.4, event_id: UUID4(0c937e2d-6d72-4cc0-959e-ebbd26177c17), ts_event: UnixNanos(1697601650000000001), ts_init: UnixNanos(1697601650000000001) })[0m
[1m2023-10-18T04:00:50.000000001Z[0m [INFO] TRADER-001.nautilus_portfolio::manager: BTCUSDT-PERP.BINANCE margin_init=0.00000000 USDT[0m
[1m2023-10-18T04:00:50.000000001Z[0m [INFO] TRADER-001.nautilus_portfolio::portfolio: Updated AccountState(account_id=BINANCE-001, account_type=MARGIN, base_currency=USDT, is_reported=false, balances=[AccountBalance(total=92211.81510934 USDT, locked=5521.33707840 USDT, free=86690.47803094 USDT)], margins=[MarginBalance(initial=0.00000000 USDT, maintenance=5521.33707840 USDT, instrument_id=BTCUSDT-PERP.BINANCE)], event_id=5d545bd6-8449-4388-909d-fa38eea31464)[0m
[1m2023-10-18T04:00:50.000000001Z[0m [INFO] TRADER-001.nautilus_trading::strategy: DataActor-140733232651416 <--[EVT] OrderAccepted(instrument_id=BTCUSDT-PERP.BINANCE, client_order_id=O-20231018-040050-001-140733232651416-26, venue_order_id=BINANCE-1-26, account_id=BINANCE-001, ts_event=1697601650000000001)[0m
[1m2023-10-18T04:00:50.000000001Z[0m [INFO] TRADER-001.nautilus_portfolio::manager: BTCUSDT-PERP.BINANCE margin_init=0.00000000 USDT[0m
[1m2023-10-18T04:00:50.000000001Z[0m [INFO] TRADER-001.nautilus_portfolio::portfolio: Updated AccountState(account_id=BINANCE-001, account_type=MARGIN, base_currency=USDT, is_reported=false, balances=[AccountBalance(total=92211.81510934 USDT, locked=5521.33707840 USDT, free=86690.47803094 USDT)], margins=[MarginBalance(initial=0.00000000 USDT, maintenance=5521.33707840 USDT, instrument_id=BTCUSDT-PERP.BINANCE)], event_id=190ebd20-be34-4c5c-80ae-d454761f288b)[0m
[1m2023-10-18T04:00:50.000000001Z[0m [INFO] TRADER-001.nautilus_trading::strategy: DataActor-140733232651416 <--[EVT] OrderAccepted(instrument_id=BTCUSDT-PERP.BINANCE, client_order_id=O-20231018-040050-001-140733232651416-27, venue_order_id=BINANCE-1-27, account_id=BINANCE-001, ts_event=1697601650000000001)[0m
[1m2023-10-18T04:00:50.000000001Z[0m [94m[INFO] TRADER-001.nautilus_execution::engine: Cancel all orders[0m
[1m2023-10-18T04:00:50.000000001Z[0m [INFO] TRADER-001.nautilus_portfolio::manager: BTCUSDT-PERP.BINANCE margin_init=0.00000000 USDT[0m
[1m2023-10-18T04:00:50.000000001Z[0m [INFO] TRADER-001.nautilus_portfolio::portfolio: Updated AccountState(account_id=BINANCE-001, account_type=MARGIN, base_currency=USDT, is_reported=false, balances=[AccountBalance(total=92211.81510934 USDT, locked=5521.33707840 USDT, free=86690.47803094 USDT)], margins=[MarginBalance(initial=0.00000000 USDT, maintenance=5521.33707840 USDT, instrument_id=BTCUSDT-PERP.BINANCE)], event_id=044a4393-6d93-4c50-87f3-3374a02f1a25)[0m
[1m2023-10-18T04:00:50.000000001Z[0m [INFO] TRADER-001.nautilus_trading::strategy: DataActor-140733232651416 <--[EVT] OrderCanceled(instrument_id=BTCUSDT-PERP.BINANCE, client_order_id=O-20231018-040050-001-140733232651416-26, venue_order_id=BINANCE-1-26, account_id=BINANCE-001, ts_event=1697601650000000001)[0m
[1m2023-10-18T04:00:50.000000001Z[0m [INFO] TRADER-001.nautilus_portfolio::manager: BTCUSDT-PERP.BINANCE margin_init=0.00000000 USDT[0m
[1m2023-10-18T04:00:50.000000001Z[0m [INFO] TRADER-001.nautilus_portfolio::portfolio: Updated AccountState(account_id=BINANCE-001, account_type=MARGIN, base_currency=USDT, is_reported=false, balances=[AccountBalance(total=92211.81510934 USDT, locked=5521.33707840 USDT, free=86690.47803094 USDT)], margins=[MarginBalance(initial=0.00000000 USDT, maintenance=5521.33707840 USDT, instrument_id=BTCUSDT-PERP.BINANCE)], event_id=de1fe26b-5692-46d5-93b5-1cf084907395)[0m
[1m2023-10-18T04:00:50.000000001Z[0m [INFO] TRADER-001.nautilus_trading::strategy: DataActor-140733232651416 <--[EVT] OrderCanceled(instrument_id=BTCUSDT-PERP.BINANCE, client_order_id=O-20231018-040050-001-140733232651416-27, venue_order_id=BINANCE-1-27, account_id=BINANCE-001, ts_event=1697601650000000001)[0m
[1m2023-10-18T04:01:00.000000000Z[0m [INFO] TRADER-001.nautilus_trading::strategy: No BTCUSDT-PERP.BINANCE open, emulated, or inflight orders to cancel[0m
[1m2023-10-18T04:01:00.000000000Z[0m [INFO] TRADER-001.nautilus_trading::strategy: Closing 1 open position[0m
[1m2023-10-18T04:01:00.000000000Z[0m [INFO] TRADER-001.nautilus_trading::strategy: DataActor-140733232651416 <--[EVT] OrderInitialized(instrument_id=BTCUSDT-PERP.BINANCE, client_order_id=O-20231018-040100-001-140733232651416-28, side=BUY, type=MARKET, quantity=48.444, time_in_force=GTC, post_only=false, reduce_only=true, quote_quantity=false, price=None, emulation_trigger=None, trigger_instrument_id=None, contingency_type=NO_CONTINGENCY, order_list_id=None, linked_order_ids=[None], parent_order_id=None, exec_algorithm_id=None, exec_algorithm_params=None, exec_spawn_id=None, tags=None)[0m
[1m2023-10-18T04:01:00.000000000Z[0m [INFO] TRADER-001.nautilus_trading::strategy: DataActor-140733232651416 [CMD]--> SubmitOrder[0m
[1m2023-10-18T04:01:00.000000000Z[0m [94m[INFO] TRADER-001.nautilus_execution::engine: Submit MarketOrder(BUY 48.444 BTCUSDT-PERP.BINANCE @ MARKET GTC, status=INITIALIZED, client_order_id=O-20231018-040100-001-140733232651416-28, venue_order_id=None, position_id=None, exec_algorithm_id=None, exec_spawn_id=None, tags=None)[0m
[1m2023-10-18T04:01:00.000000000Z[0m [INFO] TRADER-001.nautilus_trading::strategy: DataActor-140733232651416 <--[EVT] OrderSubmitted(instrument_id=BTCUSDT-PERP.BINANCE, client_order_id=O-20231018-040100-001-140733232651416-28, account_id=BINANCE-001, ts_event=1697601660000000000)[0m
[1m2023-10-18T04:01:00.000000000Z[0m [INFO] TRADER-001.nautilus_portfolio::manager: BTCUSDT-PERP.BINANCE margin_init=0.00000000 USDT[0m
[1m2023-10-18T04:01:00.000000000Z[0m [INFO] TRADER-001.nautilus_trading::strategy: DataActor-140733232651416 <--[EVT] OrderFilled(instrument_id=BTCUSDT-PERP.BINANCE, client_order_id=O-20231018-040100-001-140733232651416-28, venue_order_id=BINANCE-1-28, account_id=BINANCE-001, trade_id=T-718df4c08d47f81b-67586, position_id=P-20231018-040050-001-140733232651416-7, order_side=BUY, order_type=MARKET, last_qty=48.444, last_px=28_491.8 USDT, commission=828.15405552 USDT, liquidity_side=TAKER, ts_event=1697601660000000000)[0m
[1m2023-10-18T04:01:00.000000000Z[0m [INFO] TRADER-001.nautilus_portfolio::portfolio: BTCUSDT-PERP.BINANCE net_position=0[0m
[1m2023-10-18T04:01:00.000000000Z[0m [INFO] TRADER-001.nautilus_portfolio::manager: BTCUSDT-PERP.BINANCE margin_maint=0.00000000 USDT[0m
[1m2023-10-18T04:01:00.000000000Z[0m [INFO] TRADER-001.nautilus_portfolio::portfolio: Updated AccountState(account_id=BINANCE-001, account_type=MARGIN, base_currency=USDT, is_reported=false, balances=[AccountBalance(total=91461.17145382 USDT, locked=0.00000000 USDT, free=91461.17145382 USDT)], margins=[], event_id=84d2d554-5448-47a7-8407-5c3819a80581)[0m
[1m2023-10-18T04:01:00.000000000Z[0m [INFO] TRADER-001.nautilus_trading::strategy: DataActor-140733232651416 <--[EVT] PositionClosed(PositionClosed { trader_id: "TRADER-001", strategy_id: "DataActor-140733232651416", instrument_id: "BTCUSDT-PERP.BINANCE", position_id: "P-20231018-040050-001-140733232651416-7", account_id: "BINANCE-001", opening_order_id: "O-20231018-040050-001-140733232651416-25", closing_order_id: Some("O-20231018-040100-001-140733232651416-28"), entry: Sell, side: Flat, signed_qty: 0.0, quantity: Quantity(0.000), peak_quantity: Quantity(48.444), last_qty: Quantity(48.444), last_px: Price(28491.8), currency: Currency(code='USDT', precision=8, iso4217=0, name='Tether', currency_type=CRYPTO), avg_px_open: 28493.4, avg_px_close: Some(28491.8), realized_return: 5.615335481206815e-5, realized_pnl: Some(Money(-1578.84421728, USDT)), unrealized_pnl: Money(0.00000000, USDT), duration: 9999999999, event_id: UUID4(778154d4-b096-4b07-be54-31f35c58466e), ts_opened: UnixNanos(1697601650000000001), ts_closed: Some(UnixNanos(1697601660000000000)), ts_event: UnixNanos(1697601660000000000), ts_init: UnixNanos(1697601660000000000) })[0m
[1m2023-10-18T14:35:00.000000001Z[0m [INFO] TRADER-001.nautilus_trading::strategy: DataActor-140733232651416 <--[EVT] OrderInitialized(instrument_id=BTCUSDT-PERP.BINANCE, client_order_id=O-20231018-143500-001-140733232651416-29, side=BUY, type=MARKET, quantity=16.878, time_in_force=GTC, post_only=false, reduce_only=false, quote_quantity=false, price=None, emulation_trigger=None, trigger_instrument_id=None, contingency_type=OTO, order_list_id=OL-20231018-143500-001-140733232651416-8, linked_order_ids=[O-20231018-143500-001-140733232651416-30, O-20231018-143500-001-140733232651416-31], parent_order_id=None, exec_algorithm_id=None, exec_algorithm_params=None, exec_spawn_id=None, tags=quote-resiliency-btcusdt-000027, QUOTE_REPLENISHED_FAILED_AUCTION_REVERSAL, LONG, COMPLETED_TEN_SECOND_MARKET_ENTRY, QUOTE_RESILIENCY_NATIVE_EXECUTION_LABELS_V3_QUOTE_CALLBACK_EXACT_FILL)[0m
[1m2023-10-18T14:35:00.000000001Z[0m [INFO] TRADER-001.nautilus_trading::strategy: DataActor-140733232651416 <--[EVT] OrderInitialized(instrument_id=BTCUSDT-PERP.BINANCE, client_order_id=O-20231018-143500-001-140733232651416-30, side=SELL, type=STOP_MARKET, quantity=16.878, time_in_force=GTC, post_only=false, reduce_only=true, quote_quantity=false, price=None, emulation_trigger=None, trigger_instrument_id=None, contingency_type=OUO, order_list_id=OL-20231018-143500-001-140733232651416-8, linked_order_ids=[O-20231018-143500-001-140733232651416-31], parent_order_id=O-20231018-143500-001-140733232651416-29, exec_algorithm_id=None, exec_algorithm_params=None, exec_spawn_id=None, tags=quote-resiliency-btcusdt-000027, FULL_SWEEP_RESPONSE_EXTREME, STRUCTURAL_INVALIDATION)[0m
[1m2023-10-18T14:35:00.000000001Z[0m [INFO] TRADER-001.nautilus_trading::strategy: DataActor-140733232651416 <--[EVT] OrderInitialized(instrument_id=BTCUSDT-PERP.BINANCE, client_order_id=O-20231018-143500-001-140733232651416-31, side=SELL, type=LIMIT, quantity=16.878, time_in_force=GTC, post_only=false, reduce_only=true, quote_quantity=false, price=28584.9, emulation_trigger=None, trigger_instrument_id=None, contingency_type=OUO, order_list_id=OL-20231018-143500-001-140733232651416-8, linked_order_ids=[O-20231018-143500-001-140733232651416-30], parent_order_id=O-20231018-143500-001-140733232651416-29, exec_algorithm_id=None, exec_algorithm_params=None, exec_spawn_id=None, tags=quote-resiliency-btcusdt-000027, ACTIVE_COMPLETED_EXTERNAL_TARGET, FOUR_HOUR)[0m
[1m2023-10-18T14:35:00.000000001Z[0m [INFO] TRADER-001.nautilus_trading::strategy: DataActor-140733232651416 [CMD]--> SubmitOrderList[0m
[1m2023-10-18T14:35:00.000000001Z[0m [94m[INFO] TRADER-001.nautilus_execution::engine: Submit OrderList(id=OL-20231018-143500-001-140733232651416-8, instrument_id=BTCUSDT-PERP.BINANCE, strategy_id=DataActor-140733232651416, client_order_ids=["O-20231018-143500-001-140733232651416-29", "O-20231018-143500-001-140733232651416-30", "O-20231018-143500-001-140733232651416-31"], ts_init=1697639700000000001)[0m
[1m2023-10-18T14:35:00.000000001Z[0m [INFO] TRADER-001.nautilus_trading::strategy: DataActor-140733232651416 <--[EVT] OrderSubmitted(instrument_id=BTCUSDT-PERP.BINANCE, client_order_id=O-20231018-143500-001-140733232651416-29, account_id=BINANCE-001, ts_event=1697639700000000001)[0m
[1m2023-10-18T14:35:00.000000001Z[0m [INFO] TRADER-001.nautilus_trading::strategy: DataActor-140733232651416 <--[EVT] OrderSubmitted(instrument_id=BTCUSDT-PERP.BINANCE, client_order_id=O-20231018-143500-001-140733232651416-30, account_id=BINANCE-001, ts_event=1697639700000000001)[0m
[1m2023-10-18T14:35:00.000000001Z[0m [INFO] TRADER-001.nautilus_trading::strategy: DataActor-140733232651416 <--[EVT] OrderSubmitted(instrument_id=BTCUSDT-PERP.BINANCE, client_order_id=O-20231018-143500-001-140733232651416-31, account_id=BINANCE-001, ts_event=1697639700000000001)[0m
[1m2023-10-18T14:35:00.000000001Z[0m [INFO] TRADER-001.nautilus_portfolio::manager: BTCUSDT-PERP.BINANCE margin_init=0.00000000 USDT[0m
[1m2023-10-18T14:35:00.000000001Z[0m [INFO] TRADER-001.nautilus_trading::strategy: DataActor-140733232651416 <--[EVT] OrderFilled(instrument_id=BTCUSDT-PERP.BINANCE, client_order_id=O-20231018-143500-001-140733232651416-29, venue_order_id=BINANCE-1-29, account_id=BINANCE-001, trade_id=T-7aff74c605ee9ae5-77475, position_id=P-20231018-143500-001-140733232651416-8, order_side=BUY, order_type=MARKET, last_qty=16.878, last_px=28_253.3 USDT, commission=286.11551844 USDT, liquidity_side=TAKER, ts_event=1697639700000000001)[0m
[1m2023-10-18T14:35:00.000000001Z[0m [INFO] TRADER-001.nautilus_trading::strategy: Canceling 2 inflight BTCUSDT-PERP.BINANCE orders[0m
[1m2023-10-18T14:35:00.000000001Z[0m [INFO] TRADER-001.nautilus_trading::strategy: DataActor-140733232651416 [CMD]--> CancelAllOrders[0m
[1m2023-10-18T14:35:00.000000001Z[0m [INFO] TRADER-001.nautilus_portfolio::portfolio: BTCUSDT-PERP.BINANCE net_position=16.878[0m
[1m2023-10-18T14:35:00.000000001Z[0m [INFO] TRADER-001.nautilus_portfolio::manager: BTCUSDT-PERP.BINANCE margin_maint=1907.43678960 USDT[0m
[1m2023-10-18T14:35:00.000000001Z[0m [INFO] TRADER-001.nautilus_portfolio::portfolio: Updated AccountState(account_id=BINANCE-001, account_type=MARGIN, base_currency=USDT, is_reported=false, balances=[AccountBalance(total=91175.05593538 USDT, locked=1907.43678960 USDT, free=89267.61914578 USDT)], margins=[MarginBalance(initial=0.00000000 USDT, maintenance=1907.43678960 USDT, instrument_id=BTCUSDT-PERP.BINANCE)], event_id=bc5cba99-f76d-4765-a765-759292fcfb62)[0m
[1m2023-10-18T14:35:00.000000001Z[0m [INFO] TRADER-001.nautilus_trading::strategy: DataActor-140733232651416 <--[EVT] PositionOpened(PositionOpened { trader_id: "TRADER-001", strategy_id: "DataActor-140733232651416", instrument_id: "BTCUSDT-PERP.BINANCE", position_id: "P-20231018-143500-001-140733232651416-8", account_id: "BINANCE-001", opening_order_id: "O-20231018-143500-001-140733232651416-29", entry: Buy, side: Long, signed_qty: 16.878, quantity: Quantity(16.878), last_qty: Quantity(16.878), last_px: Price(28253.3), currency: Currency(code='USDT', precision=8, iso4217=0, name='Tether', currency_type=CRYPTO), avg_px_open: 28253.3, event_id: UUID4(7abf36ce-154f-4eba-98d4-e1f4b0969125), ts_event: UnixNanos(1697639700000000001), ts_init: UnixNanos(1697639700000000001) })[0m
[1m2023-10-18T14:35:00.000000001Z[0m [INFO] TRADER-001.nautilus_portfolio::manager: BTCUSDT-PERP.BINANCE margin_init=0.00000000 USDT[0m
[1m2023-10-18T14:35:00.000000001Z[0m [INFO] TRADER-001.nautilus_portfolio::portfolio: Updated AccountState(account_id=BINANCE-001, account_type=MARGIN, base_currency=USDT, is_reported=false, balances=[AccountBalance(total=91175.05593538 USDT, locked=1907.43678960 USDT, free=89267.61914578 USDT)], margins=[MarginBalance(initial=0.00000000 USDT, maintenance=1907.43678960 USDT, instrument_id=BTCUSDT-PERP.BINANCE)], event_id=9675dc10-4f7d-4b73-a610-f45711cdb449)[0m
[1m2023-10-18T14:35:00.000000001Z[0m [INFO] TRADER-001.nautilus_trading::strategy: DataActor-140733232651416 <--[EVT] OrderAccepted(instrument_id=BTCUSDT-PERP.BINANCE, client_order_id=O-20231018-143500-001-140733232651416-30, venue_order_id=BINANCE-1-30, account_id=BINANCE-001, ts_event=1697639700000000001)[0m
[1m2023-10-18T14:35:00.000000001Z[0m [INFO] TRADER-001.nautilus_portfolio::manager: BTCUSDT-PERP.BINANCE margin_init=0.00000000 USDT[0m
[1m2023-10-18T14:35:00.000000001Z[0m [INFO] TRADER-001.nautilus_portfolio::portfolio: Updated AccountState(account_id=BINANCE-001, account_type=MARGIN, base_currency=USDT, is_reported=false, balances=[AccountBalance(total=91175.05593538 USDT, locked=1907.43678960 USDT, free=89267.61914578 USDT)], margins=[MarginBalance(initial=0.00000000 USDT, maintenance=1907.43678960 USDT, instrument_id=BTCUSDT-PERP.BINANCE)], event_id=5d376ec4-904c-49ac-aa4e-aebc1e0b8481)[0m
[1m2023-10-18T14:35:00.000000001Z[0m [INFO] TRADER-001.nautilus_trading::strategy: DataActor-140733232651416 <--[EVT] OrderAccepted(instrument_id=BTCUSDT-PERP.BINANCE, client_order_id=O-20231018-143500-001-140733232651416-31, venue_order_id=BINANCE-1-31, account_id=BINANCE-001, ts_event=1697639700000000001)[0m
[1m2023-10-18T14:35:00.000000001Z[0m [94m[INFO] TRADER-001.nautilus_execution::engine: Cancel all orders[0m
[1m2023-10-18T14:35:00.000000001Z[0m [INFO] TRADER-001.nautilus_portfolio::manager: BTCUSDT-PERP.BINANCE margin_init=0.00000000 USDT[0m
[1m2023-10-18T14:35:00.000000001Z[0m [INFO] TRADER-001.nautilus_portfolio::portfolio: Updated AccountState(account_id=BINANCE-001, account_type=MARGIN, base_currency=USDT, is_reported=false, balances=[AccountBalance(total=91175.05593538 USDT, locked=1907.43678960 USDT, free=89267.61914578 USDT)], margins=[MarginBalance(initial=0.00000000 USDT, maintenance=1907.43678960 USDT, instrument_id=BTCUSDT-PERP.BINANCE)], event_id=081c6364-2ddd-4be2-b37e-3dbfba72c13f)[0m
[1m2023-10-18T14:35:00.000000001Z[0m [INFO] TRADER-001.nautilus_trading::strategy: DataActor-140733232651416 <--[EVT] OrderCanceled(instrument_id=BTCUSDT-PERP.BINANCE, client_order_id=O-20231018-143500-001-140733232651416-30, venue_order_id=BINANCE-1-30, account_id=BINANCE-001, ts_event=1697639700000000001)[0m
[1m2023-10-18T14:35:00.000000001Z[0m [INFO] TRADER-001.nautilus_portfolio::manager: BTCUSDT-PERP.BINANCE margin_init=0.00000000 USDT[0m
[1m2023-10-18T14:35:00.000000001Z[0m [INFO] TRADER-001.nautilus_portfolio::portfolio: Updated AccountState(account_id=BINANCE-001, account_type=MARGIN, base_currency=USDT, is_reported=false, balances=[AccountBalance(total=91175.05593538 USDT, locked=1907.43678960 USDT, free=89267.61914578 USDT)], margins=[MarginBalance(initial=0.00000000 USDT, maintenance=1907.43678960 USDT, instrument_id=BTCUSDT-PERP.BINANCE)], event_id=7a4c06ac-8ed3-45ab-8a2f-461e36d0fea2)[0m
[1m2023-10-18T14:35:00.000000001Z[0m [INFO] TRADER-001.nautilus_trading::strategy: DataActor-140733232651416 <--[EVT] OrderCanceled(instrument_id=BTCUSDT-PERP.BINANCE, client_order_id=O-20231018-143500-001-140733232651416-31, venue_order_id=BINANCE-1-31, account_id=BINANCE-001, ts_event=1697639700000000001)[0m
[1m2023-10-18T14:35:10.000000000Z[0m [INFO] TRADER-001.nautilus_trading::strategy: No BTCUSDT-PERP.BINANCE open, emulated, or inflight orders to cancel[0m
[1m2023-10-18T14:35:10.000000000Z[0m [INFO] TRADER-001.nautilus_trading::strategy: Closing 1 open position[0m
[1m2023-10-18T14:35:10.000000000Z[0m [INFO] TRADER-001.nautilus_trading::strategy: DataActor-140733232651416 <--[EVT] OrderInitialized(instrument_id=BTCUSDT-PERP.BINANCE, client_order_id=O-20231018-143510-001-140733232651416-32, side=SELL, type=MARKET, quantity=16.878, time_in_force=GTC, post_only=false, reduce_only=true, quote_quantity=false, price=None, emulation_trigger=None, trigger_instrument_id=None, contingency_type=NO_CONTINGENCY, order_list_id=None, linked_order_ids=[None], parent_order_id=None, exec_algorithm_id=None, exec_algorithm_params=None, exec_spawn_id=None, tags=None)[0m
[1m2023-10-18T14:35:10.000000000Z[0m [INFO] TRADER-001.nautilus_trading::strategy: DataActor-140733232651416 [CMD]--> SubmitOrder[0m
[1m2023-10-18T14:35:10.000000000Z[0m [94m[INFO] TRADER-001.nautilus_execution::engine: Submit MarketOrder(SELL 16.878 BTCUSDT-PERP.BINANCE @ MARKET GTC, status=INITIALIZED, client_order_id=O-20231018-143510-001-140733232651416-32, venue_order_id=None, position_id=None, exec_algorithm_id=None, exec_spawn_id=None, tags=None)[0m
[1m2023-10-18T14:35:10.000000000Z[0m [INFO] TRADER-001.nautilus_trading::strategy: DataActor-140733232651416 <--[EVT] OrderSubmitted(instrument_id=BTCUSDT-PERP.BINANCE, client_order_id=O-20231018-143510-001-140733232651416-32, account_id=BINANCE-001, ts_event=1697639710000000000)[0m
[1m2023-10-18T14:35:10.000000000Z[0m [INFO] TRADER-001.nautilus_portfolio::manager: BTCUSDT-PERP.BINANCE margin_init=0.00000000 USDT[0m
[1m2023-10-18T14:35:10.000000000Z[0m [INFO] TRADER-001.nautilus_trading::strategy: DataActor-140733232651416 <--[EVT] OrderFilled(instrument_id=BTCUSDT-PERP.BINANCE, client_order_id=O-20231018-143510-001-140733232651416-32, venue_order_id=BINANCE-1-32, account_id=BINANCE-001, trade_id=T-db6d448b04511bfa-77480, position_id=P-20231018-143500-001-140733232651416-8, order_side=SELL, order_type=MARKET, last_qty=16.878, last_px=28_234.3 USDT, commission=285.92310924 USDT, liquidity_side=TAKER, ts_event=1697639710000000000)[0m
[1m2023-10-18T14:35:10.000000000Z[0m [INFO] TRADER-001.nautilus_portfolio::portfolio: BTCUSDT-PERP.BINANCE net_position=0[0m
[1m2023-10-18T14:35:10.000000000Z[0m [INFO] TRADER-001.nautilus_portfolio::manager: BTCUSDT-PERP.BINANCE margin_maint=0.00000000 USDT[0m
[1m2023-10-18T14:35:10.000000000Z[0m [INFO] TRADER-001.nautilus_portfolio::portfolio: Updated AccountState(account_id=BINANCE-001, account_type=MARGIN, base_currency=USDT, is_reported=false, balances=[AccountBalance(total=90568.45082614 USDT, locked=0.00000000 USDT, free=90568.45082614 USDT)], margins=[], event_id=7dc7ce71-1e98-437c-92db-e348a157cb23)[0m
[1m2023-10-18T14:35:10.000000000Z[0m [INFO] TRADER-001.nautilus_trading::strategy: DataActor-140733232651416 <--[EVT] PositionClosed(PositionClosed { trader_id: "TRADER-001", strategy_id: "DataActor-140733232651416", instrument_id: "BTCUSDT-PERP.BINANCE", position_id: "P-20231018-143500-001-140733232651416-8", account_id: "BINANCE-001", opening_order_id: "O-20231018-143500-001-140733232651416-29", closing_order_id: Some("O-20231018-143510-001-140733232651416-32"), entry: Buy, side: Flat, signed_qty: 0.0, quantity: Quantity(0.000), peak_quantity: Quantity(16.878), last_qty: Quantity(16.878), last_px: Price(28234.3), currency: Currency(code='USDT', precision=8, iso4217=0, name='Tether', currency_type=CRYPTO), avg_px_open: 28253.3, avg_px_close: Some(28234.3), realized_return: -0.0006724878155826045, realized_pnl: Some(Money(-892.72062768, USDT)), unrealized_pnl: Money(0.00000000, USDT), duration: 9999999999, event_id: UUID4(656b073b-a413-49f7-a79f-354bfbbb95b1), ts_opened: UnixNanos(1697639700000000001), ts_closed: Some(UnixNanos(1697639710000000000)), ts_event: UnixNanos(1697639710000000000), ts_init: UnixNanos(1697639710000000000) })[0m
[1m2023-10-18T17:09:50.000000001Z[0m [INFO] TRADER-001.nautilus_trading::strategy: DataActor-140733232651416 <--[EVT] OrderInitialized(instrument_id=BTCUSDT-PERP.BINANCE, client_order_id=O-20231018-170950-001-140733232651416-33, side=SELL, type=MARKET, quantity=40.452, time_in_force=GTC, post_only=false, reduce_only=false, quote_quantity=false, price=None, emulation_trigger=None, trigger_instrument_id=None, contingency_type=OTO, order_list_id=OL-20231018-170950-001-140733232651416-9, linked_order_ids=[O-20231018-170950-001-140733232651416-34, O-20231018-170950-001-140733232651416-35], parent_order_id=None, exec_algorithm_id=None, exec_algorithm_params=None, exec_spawn_id=None, tags=quote-resiliency-btcusdt-000028, QUOTE_REPLENISHED_FAILED_AUCTION_REVERSAL, SHORT, COMPLETED_TEN_SECOND_MARKET_ENTRY, QUOTE_RESILIENCY_NATIVE_EXECUTION_LABELS_V3_QUOTE_CALLBACK_EXACT_FILL)[0m
[1m2023-10-18T17:09:50.000000001Z[0m [INFO] TRADER-001.nautilus_trading::strategy: DataActor-140733232651416 <--[EVT] OrderInitialized(instrument_id=BTCUSDT-PERP.BINANCE, client_order_id=O-20231018-170950-001-140733232651416-34, side=BUY, type=STOP_MARKET, quantity=40.452, time_in_force=GTC, post_only=false, reduce_only=true, quote_quantity=false, price=None, emulation_trigger=None, trigger_instrument_id=None, contingency_type=OUO, order_list_id=OL-20231018-170950-001-140733232651416-9, linked_order_ids=[O-20231018-170950-001-140733232651416-35], parent_order_id=O-20231018-170950-001-140733232651416-33, exec_algorithm_id=None, exec_algorithm_params=None, exec_spawn_id=None, tags=quote-resiliency-btcusdt-000028, FULL_SWEEP_RESPONSE_EXTREME, STRUCTURAL_INVALIDATION)[0m
[1m2023-10-18T17:09:50.000000001Z[0m [INFO] TRADER-001.nautilus_trading::strategy: DataActor-140733232651416 <--[EVT] OrderInitialized(instrument_id=BTCUSDT-PERP.BINANCE, client_order_id=O-20231018-170950-001-140733232651416-35, side=BUY, type=LIMIT, quantity=40.452, time_in_force=GTC, post_only=false, reduce_only=true, quote_quantity=false, price=28126.6, emulation_trigger=None, trigger_instrument_id=None, contingency_type=OUO, order_list_id=OL-20231018-170950-001-140733232651416-9, linked_order_ids=[O-20231018-170950-001-140733232651416-34], parent_order_id=O-20231018-170950-001-140733232651416-33, exec_algorithm_id=None, exec_algorithm_params=None, exec_spawn_id=None, tags=quote-resiliency-btcusdt-000028, ACTIVE_COMPLETED_EXTERNAL_TARGET, FOUR_HOUR)[0m
[1m2023-10-18T17:09:50.000000001Z[0m [INFO] TRADER-001.nautilus_trading::strategy: DataActor-140733232651416 [CMD]--> SubmitOrderList[0m
[1m2023-10-18T17:09:50.000000001Z[0m [94m[INFO] TRADER-001.nautilus_execution::engine: Submit OrderList(id=OL-20231018-170950-001-140733232651416-9, instrument_id=BTCUSDT-PERP.BINANCE, strategy_id=DataActor-140733232651416, client_order_ids=["O-20231018-170950-001-140733232651416-33", "O-20231018-170950-001-140733232651416-34", "O-20231018-170950-001-140733232651416-35"], ts_init=1697648990000000001)[0m
[1m2023-10-18T17:09:50.000000001Z[0m [INFO] TRADER-001.nautilus_trading::strategy: DataActor-140733232651416 <--[EVT] OrderSubmitted(instrument_id=BTCUSDT-PERP.BINANCE, client_order_id=O-20231018-170950-001-140733232651416-33, account_id=BINANCE-001, ts_event=1697648990000000001)[0m
[1m2023-10-18T17:09:50.000000001Z[0m [INFO] TRADER-001.nautilus_trading::strategy: DataActor-140733232651416 <--[EVT] OrderSubmitted(instrument_id=BTCUSDT-PERP.BINANCE, client_order_id=O-20231018-170950-001-140733232651416-34, account_id=BINANCE-001, ts_event=1697648990000000001)[0m
[1m2023-10-18T17:09:50.000000001Z[0m [INFO] TRADER-001.nautilus_trading::strategy: DataActor-140733232651416 <--[EVT] OrderSubmitted(instrument_id=BTCUSDT-PERP.BINANCE, client_order_id=O-20231018-170950-001-140733232651416-35, account_id=BINANCE-001, ts_event=1697648990000000001)[0m
[1m2023-10-18T17:09:50.000000001Z[0m [INFO] TRADER-001.nautilus_portfolio::manager: BTCUSDT-PERP.BINANCE margin_init=0.00000000 USDT[0m
[1m2023-10-18T17:09:50.000000001Z[0m [INFO] TRADER-001.nautilus_trading::strategy: DataActor-140733232651416 <--[EVT] OrderFilled(instrument_id=BTCUSDT-PERP.BINANCE, client_order_id=O-20231018-170950-001-140733232651416-33, venue_order_id=BINANCE-1-33, account_id=BINANCE-001, trade_id=T-0000f093a92fccbc-79911, position_id=P-20231018-170950-001-140733232651416-9, order_side=SELL, order_type=MARKET, last_qty=40.452, last_px=28_380.0 USDT, commission=688.81665600 USDT, liquidity_side=TAKER, ts_event=1697648990000000001)[0m
[1m2023-10-18T17:09:50.000000001Z[0m [INFO] TRADER-001.nautilus_trading::strategy: Canceling 2 inflight BTCUSDT-PERP.BINANCE orders[0m
[1m2023-10-18T17:09:50.000000001Z[0m [INFO] TRADER-001.nautilus_trading::strategy: DataActor-140733232651416 [CMD]--> CancelAllOrders[0m
[1m2023-10-18T17:09:50.000000001Z[0m [INFO] TRADER-001.nautilus_portfolio::portfolio: BTCUSDT-PERP.BINANCE net_position=-40.452[0m
[1m2023-10-18T17:09:50.000000001Z[0m [INFO] TRADER-001.nautilus_portfolio::manager: BTCUSDT-PERP.BINANCE margin_maint=4592.11104000 USDT[0m
[1m2023-10-18T17:09:50.000000001Z[0m [INFO] TRADER-001.nautilus_portfolio::portfolio: Updated AccountState(account_id=BINANCE-001, account_type=MARGIN, base_currency=USDT, is_reported=false, balances=[AccountBalance(total=89879.63417014 USDT, locked=4592.11104000 USDT, free=85287.52313014 USDT)], margins=[MarginBalance(initial=0.00000000 USDT, maintenance=4592.11104000 USDT, instrument_id=BTCUSDT-PERP.BINANCE)], event_id=aff41f68-8ebd-489c-87ae-a9e0456919ac)[0m
[1m2023-10-18T17:09:50.000000001Z[0m [INFO] TRADER-001.nautilus_trading::strategy: DataActor-140733232651416 <--[EVT] PositionOpened(PositionOpened { trader_id: "TRADER-001", strategy_id: "DataActor-140733232651416", instrument_id: "BTCUSDT-PERP.BINANCE", position_id: "P-20231018-170950-001-140733232651416-9", account_id: "BINANCE-001", opening_order_id: "O-20231018-170950-001-140733232651416-33", entry: Sell, side: Short, signed_qty: -40.452, quantity: Quantity(40.452), last_qty: Quantity(40.452), last_px: Price(28380.0), currency: Currency(code='USDT', precision=8, iso4217=0, name='Tether', currency_type=CRYPTO), avg_px_open: 28380.0, event_id: UUID4(5a5203fa-7c4d-4a7b-b622-fd25d9d6b77f), ts_event: UnixNanos(1697648990000000001), ts_init: UnixNanos(1697648990000000001) })[0m
[1m2023-10-18T17:09:50.000000001Z[0m [INFO] TRADER-001.nautilus_portfolio::manager: BTCUSDT-PERP.BINANCE margin_init=0.00000000 USDT[0m
[1m2023-10-18T17:09:50.000000001Z[0m [INFO] TRADER-001.nautilus_portfolio::portfolio: Updated AccountState(account_id=BINANCE-001, account_type=MARGIN, base_currency=USDT, is_reported=false, balances=[AccountBalance(total=89879.63417014 USDT, locked=4592.11104000 USDT, free=85287.52313014 USDT)], margins=[MarginBalance(initial=0.00000000 USDT, maintenance=4592.11104000 USDT, instrument_id=BTCUSDT-PERP.BINANCE)], event_id=f4fb3586-20aa-4069-90f7-d30c05b52fa2)[0m
[1m2023-10-18T17:09:50.000000001Z[0m [INFO] TRADER-001.nautilus_trading::strategy: DataActor-140733232651416 <--[EVT] OrderAccepted(instrument_id=BTCUSDT-PERP.BINANCE, client_order_id=O-20231018-170950-001-140733232651416-34, venue_order_id=BINANCE-1-34, account_id=BINANCE-001, ts_event=1697648990000000001)[0m
[1m2023-10-18T17:09:50.000000001Z[0m [INFO] TRADER-001.nautilus_portfolio::manager: BTCUSDT-PERP.BINANCE margin_init=0.00000000 USDT[0m
[1m2023-10-18T17:09:50.000000001Z[0m [INFO] TRADER-001.nautilus_portfolio::portfolio: Updated AccountState(account_id=BINANCE-001, account_type=MARGIN, base_currency=USDT, is_reported=false, balances=[AccountBalance(total=89879.63417014 USDT, locked=4592.11104000 USDT, free=85287.52313014 USDT)], margins=[MarginBalance(initial=0.00000000 USDT, maintenance=4592.11104000 USDT, instrument_id=BTCUSDT-PERP.BINANCE)], event_id=9b227355-2dfa-47f7-be2a-bd69534c72bf)[0m
[1m2023-10-18T17:09:50.000000001Z[0m [INFO] TRADER-001.nautilus_trading::strategy: DataActor-140733232651416 <--[EVT] OrderAccepted(instrument_id=BTCUSDT-PERP.BINANCE, client_order_id=O-20231018-170950-001-140733232651416-35, venue_order_id=BINANCE-1-35, account_id=BINANCE-001, ts_event=1697648990000000001)[0m
[1m2023-10-18T17:09:50.000000001Z[0m [94m[INFO] TRADER-001.nautilus_execution::engine: Cancel all orders[0m
[1m2023-10-18T17:09:50.000000001Z[0m [INFO] TRADER-001.nautilus_portfolio::manager: BTCUSDT-PERP.BINANCE margin_init=0.00000000 USDT[0m
[1m2023-10-18T17:09:50.000000001Z[0m [INFO] TRADER-001.nautilus_portfolio::portfolio: Updated AccountState(account_id=BINANCE-001, account_type=MARGIN, base_currency=USDT, is_reported=false, balances=[AccountBalance(total=89879.63417014 USDT, locked=4592.11104000 USDT, free=85287.52313014 USDT)], margins=[MarginBalance(initial=0.00000000 USDT, maintenance=4592.11104000 USDT, instrument_id=BTCUSDT-PERP.BINANCE)], event_id=4fc16d26-3145-42a5-81c7-b904f8331439)[0m
[1m2023-10-18T17:09:50.000000001Z[0m [INFO] TRADER-001.nautilus_trading::strategy: DataActor-140733232651416 <--[EVT] OrderCanceled(instrument_id=BTCUSDT-PERP.BINANCE, client_order_id=O-20231018-170950-001-140733232651416-34, venue_order_id=BINANCE-1-34, account_id=BINANCE-001, ts_event=1697648990000000001)[0m
[1m2023-10-18T17:09:50.000000001Z[0m [INFO] TRADER-001.nautilus_portfolio::manager: BTCUSDT-PERP.BINANCE margin_init=0.00000000 USDT[0m
[1m2023-10-18T17:09:50.000000001Z[0m [INFO] TRADER-001.nautilus_portfolio::portfolio: Updated AccountState(account_id=BINANCE-001, account_type=MARGIN, base_currency=USDT, is_reported=false, balances=[AccountBalance(total=89879.63417014 USDT, locked=4592.11104000 USDT, free=85287.52313014 USDT)], margins=[MarginBalance(initial=0.00000000 USDT, maintenance=4592.11104000 USDT, instrument_id=BTCUSDT-PERP.BINANCE)], event_id=646a7e86-63b7-474b-83e7-7842c0b821cf)[0m
[1m2023-10-18T17:09:50.000000001Z[0m [INFO] TRADER-001.nautilus_trading::strategy: DataActor-140733232651416 <--[EVT] OrderCanceled(instrument_id=BTCUSDT-PERP.BINANCE, client_order_id=O-20231018-170950-001-140733232651416-35, venue_order_id=BINANCE-1-35, account_id=BINANCE-001, ts_event=1697648990000000001)[0m
[1m2023-10-18T17:10:00.000000000Z[0m [INFO] TRADER-001.nautilus_trading::strategy: No BTCUSDT-PERP.BINANCE open, emulated, or inflight orders to cancel[0m
[1m2023-10-18T17:10:00.000000000Z[0m [INFO] TRADER-001.nautilus_trading::strategy: Closing 1 open position[0m
[1m2023-10-18T17:10:00.000000000Z[0m [INFO] TRADER-001.nautilus_trading::strategy: DataActor-140733232651416 <--[EVT] OrderInitialized(instrument_id=BTCUSDT-PERP.BINANCE, client_order_id=O-20231018-171000-001-140733232651416-36, side=BUY, type=MARKET, quantity=40.452, time_in_force=GTC, post_only=false, reduce_only=true, quote_quantity=false, price=None, emulation_trigger=None, trigger_instrument_id=None, contingency_type=NO_CONTINGENCY, order_list_id=None, linked_order_ids=[None], parent_order_id=None, exec_algorithm_id=None, exec_algorithm_params=None, exec_spawn_id=None, tags=None)[0m
[1m2023-10-18T17:10:00.000000000Z[0m [INFO] TRADER-001.nautilus_trading::strategy: DataActor-140733232651416 [CMD]--> SubmitOrder[0m
[1m2023-10-18T17:10:00.000000000Z[0m [94m[INFO] TRADER-001.nautilus_execution::engine: Submit MarketOrder(BUY 40.452 BTCUSDT-PERP.BINANCE @ MARKET GTC, status=INITIALIZED, client_order_id=O-20231018-171000-001-140733232651416-36, venue_order_id=None, position_id=None, exec_algorithm_id=None, exec_spawn_id=None, tags=None)[0m
[1m2023-10-18T17:10:00.000000000Z[0m [INFO] TRADER-001.nautilus_trading::strategy: DataActor-140733232651416 <--[EVT] OrderSubmitted(instrument_id=BTCUSDT-PERP.BINANCE, client_order_id=O-20231018-171000-001-140733232651416-36, account_id=BINANCE-001, ts_event=1697649000000000000)[0m
[1m2023-10-18T17:10:00.000000000Z[0m [INFO] TRADER-001.nautilus_portfolio::manager: BTCUSDT-PERP.BINANCE margin_init=0.00000000 USDT[0m
[1m2023-10-18T17:10:00.000000000Z[0m [INFO] TRADER-001.nautilus_trading::strategy: DataActor-140733232651416 <--[EVT] OrderFilled(instrument_id=BTCUSDT-PERP.BINANCE, client_order_id=O-20231018-171000-001-140733232651416-36, venue_order_id=BINANCE-1-36, account_id=BINANCE-001, trade_id=T-511a01ec72d782a3-79914, position_id=P-20231018-170950-001-140733232651416-9, order_side=BUY, order_type=MARKET, last_qty=40.452, last_px=28_380.4 USDT, commission=688.82636448 USDT, liquidity_side=TAKER, ts_event=1697649000000000000)[0m
[1m2023-10-18T17:10:00.000000000Z[0m [INFO] TRADER-001.nautilus_portfolio::portfolio: BTCUSDT-PERP.BINANCE net_position=0[0m
[1m2023-10-18T17:10:00.000000000Z[0m [INFO] TRADER-001.nautilus_portfolio::manager: BTCUSDT-PERP.BINANCE margin_maint=0.00000000 USDT[0m
[1m2023-10-18T17:10:00.000000000Z[0m [INFO] TRADER-001.nautilus_portfolio::portfolio: Updated AccountState(account_id=BINANCE-001, account_type=MARGIN, base_currency=USDT, is_reported=false, balances=[AccountBalance(total=89174.62700566 USDT, locked=0.00000000 USDT, free=89174.62700566 USDT)], margins=[], event_id=90c467f6-abbf-49ee-8b74-ce82a0429cf5)[0m
[1m2023-10-18T17:10:00.000000000Z[0m [INFO] TRADER-001.nautilus_trading::strategy: DataActor-140733232651416 <--[EVT] PositionClosed(PositionClosed { trader_id: "TRADER-001", strategy_id: "DataActor-140733232651416", instrument_id: "BTCUSDT-PERP.BINANCE", position_id: "P-20231018-170950-001-140733232651416-9", account_id: "BINANCE-001", opening_order_id: "O-20231018-170950-001-140733232651416-33", closing_order_id: Some("O-20231018-171000-001-140733232651416-36"), entry: Sell, side: Flat, signed_qty: 0.0, quantity: Quantity(0.000), peak_quantity: Quantity(40.452), last_qty: Quantity(40.452), last_px: Price(28380.4), currency: Currency(code='USDT', precision=8, iso4217=0, name='Tether', currency_type=CRYPTO), avg_px_open: 28380.0, avg_px_close: Some(28380.4), realized_return: -1.4094432699135138e-5, realized_pnl: Some(Money(-1393.82382048, USDT)), unrealized_pnl: Money(0.00000000, USDT), duration: 9999999999, event_id: UUID4(5fb5c718-ab0b-4278-a31e-947685296879), ts_opened: UnixNanos(1697648990000000001), ts_closed: Some(UnixNanos(1697649000000000000)), ts_event: UnixNanos(1697649000000000000), ts_init: UnixNanos(1697649000000000000) })[0m
[1m2023-10-19T14:43:40.000000001Z[0m [INFO] TRADER-001.nautilus_trading::strategy: DataActor-140733232651416 <--[EVT] OrderInitialized(instrument_id=BTCUSDT-PERP.BINANCE, client_order_id=O-20231019-144340-001-140733232651416-37, side=SELL, type=MARKET, quantity=32.248, time_in_force=GTC, post_only=false, reduce_only=false, quote_quantity=false, price=None, emulation_trigger=None, trigger_instrument_id=None, contingency_type=OTO, order_list_id=OL-20231019-144340-001-140733232651416-10, linked_order_ids=[O-20231019-144340-001-140733232651416-38, O-20231019-144340-001-140733232651416-39], parent_order_id=None, exec_algorithm_id=None, exec_algorithm_params=None, exec_spawn_id=None, tags=quote-resiliency-btcusdt-000035, QUOTE_REPLENISHED_FAILED_AUCTION_REVERSAL, SHORT, COMPLETED_TEN_SECOND_MARKET_ENTRY, QUOTE_RESILIENCY_NATIVE_EXECUTION_LABELS_V3_QUOTE_CALLBACK_EXACT_FILL)[0m
[1m2023-10-19T14:43:40.000000001Z[0m [INFO] TRADER-001.nautilus_trading::strategy: DataActor-140733232651416 <--[EVT] OrderInitialized(instrument_id=BTCUSDT-PERP.BINANCE, client_order_id=O-20231019-144340-001-140733232651416-38, side=BUY, type=STOP_MARKET, quantity=32.248, time_in_force=GTC, post_only=false, reduce_only=true, quote_quantity=false, price=None, emulation_trigger=None, trigger_instrument_id=None, contingency_type=OUO, order_list_id=OL-20231019-144340-001-140733232651416-10, linked_order_ids=[O-20231019-144340-001-140733232651416-39], parent_order_id=O-20231019-144340-001-140733232651416-37, exec_algorithm_id=None, exec_algorithm_params=None, exec_spawn_id=None, tags=quote-resiliency-btcusdt-000035, FULL_SWEEP_RESPONSE_EXTREME, STRUCTURAL_INVALIDATION)[0m
[1m2023-10-19T14:43:40.000000001Z[0m [INFO] TRADER-001.nautilus_trading::strategy: DataActor-140733232651416 <--[EVT] OrderInitialized(instrument_id=BTCUSDT-PERP.BINANCE, client_order_id=O-20231019-144340-001-140733232651416-39, side=BUY, type=LIMIT, quantity=32.248, time_in_force=GTC, post_only=false, reduce_only=true, quote_quantity=false, price=28267.4, emulation_trigger=None, trigger_instrument_id=None, contingency_type=OUO, order_list_id=OL-20231019-144340-001-140733232651416-10, linked_order_ids=[O-20231019-144340-001-140733232651416-38], parent_order_id=O-20231019-144340-001-140733232651416-37, exec_algorithm_id=None, exec_algorithm_params=None, exec_spawn_id=None, tags=quote-resiliency-btcusdt-000035, ACTIVE_COMPLETED_EXTERNAL_TARGET, FOUR_HOUR)[0m
[1m2023-10-19T14:43:40.000000001Z[0m [INFO] TRADER-001.nautilus_trading::strategy: DataActor-140733232651416 [CMD]--> SubmitOrderList[0m
[1m2023-10-19T14:43:40.000000001Z[0m [94m[INFO] TRADER-001.nautilus_execution::engine: Submit OrderList(id=OL-20231019-144340-001-140733232651416-10, instrument_id=BTCUSDT-PERP.BINANCE, strategy_id=DataActor-140733232651416, client_order_ids=["O-20231019-144340-001-140733232651416-37", "O-20231019-144340-001-140733232651416-38", "O-20231019-144340-001-140733232651416-39"], ts_init=1697726620000000001)[0m
[1m2023-10-19T14:43:40.000000001Z[0m [INFO] TRADER-001.nautilus_trading::strategy: DataActor-140733232651416 <--[EVT] OrderSubmitted(instrument_id=BTCUSDT-PERP.BINANCE, client_order_id=O-20231019-144340-001-140733232651416-37, account_id=BINANCE-001, ts_event=1697726620000000001)[0m
[1m2023-10-19T14:43:40.000000001Z[0m [INFO] TRADER-001.nautilus_trading::strategy: DataActor-140733232651416 <--[EVT] OrderSubmitted(instrument_id=BTCUSDT-PERP.BINANCE, client_order_id=O-20231019-144340-001-140733232651416-38, account_id=BINANCE-001, ts_event=1697726620000000001)[0m
[1m2023-10-19T14:43:40.000000001Z[0m [INFO] TRADER-001.nautilus_trading::strategy: DataActor-140733232651416 <--[EVT] OrderSubmitted(instrument_id=BTCUSDT-PERP.BINANCE, client_order_id=O-20231019-144340-001-140733232651416-39, account_id=BINANCE-001, ts_event=1697726620000000001)[0m
[1m2023-10-19T14:43:40.000000001Z[0m [INFO] TRADER-001.nautilus_portfolio::manager: BTCUSDT-PERP.BINANCE margin_init=0.00000000 USDT[0m
[1m2023-10-19T14:43:40.000000001Z[0m [INFO] TRADER-001.nautilus_trading::strategy: DataActor-140733232651416 <--[EVT] OrderFilled(instrument_id=BTCUSDT-PERP.BINANCE, client_order_id=O-20231019-144340-001-140733232651416-37, venue_order_id=BINANCE-1-37, account_id=BINANCE-001, trade_id=T-b07e9ee766b59adc-98044, position_id=P-20231019-144340-001-140733232651416-10, order_side=SELL, order_type=MARKET, last_qty=32.248, last_px=28_563.0 USDT, commission=552.65977440 USDT, liquidity_side=TAKER, ts_event=1697726620000000001)[0m
[1m2023-10-19T14:43:40.000000001Z[0m [INFO] TRADER-001.nautilus_trading::strategy: Canceling 2 inflight BTCUSDT-PERP.BINANCE orders[0m
[1m2023-10-19T14:43:40.000000001Z[0m [INFO] TRADER-001.nautilus_trading::strategy: DataActor-140733232651416 [CMD]--> CancelAllOrders[0m
[1m2023-10-19T14:43:40.000000001Z[0m [INFO] TRADER-001.nautilus_portfolio::portfolio: BTCUSDT-PERP.BINANCE net_position=-32.248[0m
[1m2023-10-19T14:43:40.000000001Z[0m [INFO] TRADER-001.nautilus_portfolio::manager: BTCUSDT-PERP.BINANCE margin_maint=3684.39849600 USDT[0m
[1m2023-10-19T14:43:40.000000001Z[0m [INFO] TRADER-001.nautilus_portfolio::portfolio: Updated AccountState(account_id=BINANCE-001, account_type=MARGIN, base_currency=USDT, is_reported=false, balances=[AccountBalance(total=88621.96723126 USDT, locked=3684.39849600 USDT, free=84937.56873526 USDT)], margins=[MarginBalance(initial=0.00000000 USDT, maintenance=3684.39849600 USDT, instrument_id=BTCUSDT-PERP.BINANCE)], event_id=ae96e05e-bcaa-468f-9b2f-f35d676a2925)[0m
[1m2023-10-19T14:43:40.000000001Z[0m [INFO] TRADER-001.nautilus_trading::strategy: DataActor-140733232651416 <--[EVT] PositionOpened(PositionOpened { trader_id: "TRADER-001", strategy_id: "DataActor-140733232651416", instrument_id: "BTCUSDT-PERP.BINANCE", position_id: "P-20231019-144340-001-140733232651416-10", account_id: "BINANCE-001", opening_order_id: "O-20231019-144340-001-140733232651416-37", entry: Sell, side: Short, signed_qty: -32.248, quantity: Quantity(32.248), last_qty: Quantity(32.248), last_px: Price(28563.0), currency: Currency(code='USDT', precision=8, iso4217=0, name='Tether', currency_type=CRYPTO), avg_px_open: 28563.0, event_id: UUID4(23c80593-4791-4b01-abf5-e451bb730356), ts_event: UnixNanos(1697726620000000001), ts_init: UnixNanos(1697726620000000001) })[0m
[1m2023-10-19T14:43:40.000000001Z[0m [INFO] TRADER-001.nautilus_portfolio::manager: BTCUSDT-PERP.BINANCE margin_init=0.00000000 USDT[0m
[1m2023-10-19T14:43:40.000000001Z[0m [INFO] TRADER-001.nautilus_portfolio::portfolio: Updated AccountState(account_id=BINANCE-001, account_type=MARGIN, base_currency=USDT, is_reported=false, balances=[AccountBalance(total=88621.96723126 USDT, locked=3684.39849600 USDT, free=84937.56873526 USDT)], margins=[MarginBalance(initial=0.00000000 USDT, maintenance=3684.39849600 USDT, instrument_id=BTCUSDT-PERP.BINANCE)], event_id=26b39cad-a994-4f8e-9f4e-d986819e67b0)[0m
[1m2023-10-19T14:43:40.000000001Z[0m [INFO] TRADER-001.nautilus_trading::strategy: DataActor-140733232651416 <--[EVT] OrderAccepted(instrument_id=BTCUSDT-PERP.BINANCE, client_order_id=O-20231019-144340-001-140733232651416-38, venue_order_id=BINANCE-1-38, account_id=BINANCE-001, ts_event=1697726620000000001)[0m
[1m2023-10-19T14:43:40.000000001Z[0m [INFO] TRADER-001.nautilus_portfolio::manager: BTCUSDT-PERP.BINANCE margin_init=0.00000000 USDT[0m
[1m2023-10-19T14:43:40.000000001Z[0m [INFO] TRADER-001.nautilus_portfolio::portfolio: Updated AccountState(account_id=BINANCE-001, account_type=MARGIN, base_currency=USDT, is_reported=false, balances=[AccountBalance(total=88621.96723126 USDT, locked=3684.39849600 USDT, free=84937.56873526 USDT)], margins=[MarginBalance(initial=0.00000000 USDT, maintenance=3684.39849600 USDT, instrument_id=BTCUSDT-PERP.BINANCE)], event_id=c04a7595-1359-4eeb-bec3-9a74f5d21a89)[0m
[1m2023-10-19T14:43:40.000000001Z[0m [INFO] TRADER-001.nautilus_trading::strategy: DataActor-140733232651416 <--[EVT] OrderAccepted(instrument_id=BTCUSDT-PERP.BINANCE, client_order_id=O-20231019-144340-001-140733232651416-39, venue_order_id=BINANCE-1-39, account_id=BINANCE-001, ts_event=1697726620000000001)[0m
[1m2023-10-19T14:43:40.000000001Z[0m [94m[INFO] TRADER-001.nautilus_execution::engine: Cancel all orders[0m
[1m2023-10-19T14:43:40.000000001Z[0m [INFO] TRADER-001.nautilus_portfolio::manager: BTCUSDT-PERP.BINANCE margin_init=0.00000000 USDT[0m
[1m2023-10-19T14:43:40.000000001Z[0m [INFO] TRADER-001.nautilus_portfolio::portfolio: Updated AccountState(account_id=BINANCE-001, account_type=MARGIN, base_currency=USDT, is_reported=false, balances=[AccountBalance(total=88621.96723126 USDT, locked=3684.39849600 USDT, free=84937.56873526 USDT)], margins=[MarginBalance(initial=0.00000000 USDT, maintenance=3684.39849600 USDT, instrument_id=BTCUSDT-PERP.BINANCE)], event_id=12beb3d4-f34b-4cdd-9b62-35670266e468)[0m
[1m2023-10-19T14:43:40.000000001Z[0m [INFO] TRADER-001.nautilus_trading::strategy: DataActor-140733232651416 <--[EVT] OrderCanceled(instrument_id=BTCUSDT-PERP.BINANCE, client_order_id=O-20231019-144340-001-140733232651416-38, venue_order_id=BINANCE-1-38, account_id=BINANCE-001, ts_event=1697726620000000001)[0m
[1m2023-10-19T14:43:40.000000001Z[0m [INFO] TRADER-001.nautilus_portfolio::manager: BTCUSDT-PERP.BINANCE margin_init=0.00000000 USDT[0m
[1m2023-10-19T14:43:40.000000001Z[0m [INFO] TRADER-001.nautilus_portfolio::portfolio: Updated AccountState(account_id=BINANCE-001, account_type=MARGIN, base_currency=USDT, is_reported=false, balances=[AccountBalance(total=88621.96723126 USDT, locked=3684.39849600 USDT, free=84937.56873526 USDT)], margins=[MarginBalance(initial=0.00000000 USDT, maintenance=3684.39849600 USDT, instrument_id=BTCUSDT-PERP.BINANCE)], event_id=15415829-7567-4d27-941d-f6f1b7ebb08c)[0m
[1m2023-10-19T14:43:40.000000001Z[0m [INFO] TRADER-001.nautilus_trading::strategy: DataActor-140733232651416 <--[EVT] OrderCanceled(instrument_id=BTCUSDT-PERP.BINANCE, client_order_id=O-20231019-144340-001-140733232651416-39, venue_order_id=BINANCE-1-39, account_id=BINANCE-001, ts_event=1697726620000000001)[0m
[1m2023-10-19T14:43:50.000000000Z[0m [INFO] TRADER-001.nautilus_trading::strategy: No BTCUSDT-PERP.BINANCE open, emulated, or inflight orders to cancel[0m
[1m2023-10-19T14:43:50.000000000Z[0m [INFO] TRADER-001.nautilus_trading::strategy: Closing 1 open position[0m
[1m2023-10-19T14:43:50.000000000Z[0m [INFO] TRADER-001.nautilus_trading::strategy: DataActor-140733232651416 <--[EVT] OrderInitialized(instrument_id=BTCUSDT-PERP.BINANCE, client_order_id=O-20231019-144350-001-140733232651416-40, side=BUY, type=MARKET, quantity=32.248, time_in_force=GTC, post_only=false, reduce_only=true, quote_quantity=false, price=None, emulation_trigger=None, trigger_instrument_id=None, contingency_type=NO_CONTINGENCY, order_list_id=None, linked_order_ids=[None], parent_order_id=None, exec_algorithm_id=None, exec_algorithm_params=None, exec_spawn_id=None, tags=None)[0m
[1m2023-10-19T14:43:50.000000000Z[0m [INFO] TRADER-001.nautilus_trading::strategy: DataActor-140733232651416 [CMD]--> SubmitOrder[0m
[1m2023-10-19T14:43:50.000000000Z[0m [94m[INFO] TRADER-001.nautilus_execution::engine: Submit MarketOrder(BUY 32.248 BTCUSDT-PERP.BINANCE @ MARKET GTC, status=INITIALIZED, client_order_id=O-20231019-144350-001-140733232651416-40, venue_order_id=None, position_id=None, exec_algorithm_id=None, exec_spawn_id=None, tags=None)[0m
[1m2023-10-19T14:43:50.000000000Z[0m [INFO] TRADER-001.nautilus_trading::strategy: DataActor-140733232651416 <--[EVT] OrderSubmitted(instrument_id=BTCUSDT-PERP.BINANCE, client_order_id=O-20231019-144350-001-140733232651416-40, account_id=BINANCE-001, ts_event=1697726630000000000)[0m
[1m2023-10-19T14:43:50.000000000Z[0m [INFO] TRADER-001.nautilus_portfolio::manager: BTCUSDT-PERP.BINANCE margin_init=0.00000000 USDT[0m
[1m2023-10-19T14:43:50.000000000Z[0m [INFO] TRADER-001.nautilus_trading::strategy: DataActor-140733232651416 <--[EVT] OrderFilled(instrument_id=BTCUSDT-PERP.BINANCE, client_order_id=O-20231019-144350-001-140733232651416-40, venue_order_id=BINANCE-1-40, account_id=BINANCE-001, trade_id=T-7c4f1bf934823fe1-98049, position_id=P-20231019-144340-001-140733232651416-10, order_side=BUY, order_type=MARKET, last_qty=32.248, last_px=28_568.5 USDT, commission=552.76619280 USDT, liquidity_side=TAKER, ts_event=1697726630000000000)[0m
[1m2023-10-19T14:43:50.000000000Z[0m [INFO] TRADER-001.nautilus_portfolio::portfolio: BTCUSDT-PERP.BINANCE net_position=0[0m
[1m2023-10-19T14:43:50.000000000Z[0m [INFO] TRADER-001.nautilus_portfolio::manager: BTCUSDT-PERP.BINANCE margin_maint=0.00000000 USDT[0m
[1m2023-10-19T14:43:50.000000000Z[0m [INFO] TRADER-001.nautilus_portfolio::portfolio: Updated AccountState(account_id=BINANCE-001, account_type=MARGIN, base_currency=USDT, is_reported=false, balances=[AccountBalance(total=87891.83703846 USDT, locked=0.00000000 USDT, free=87891.83703846 USDT)], margins=[], event_id=ee59f076-326e-4ac3-9d3f-36c6d8fc81f7)[0m
[1m2023-10-19T14:43:50.000000000Z[0m [INFO] TRADER-001.nautilus_trading::strategy: DataActor-140733232651416 <--[EVT] PositionClosed(PositionClosed { trader_id: "TRADER-001", strategy_id: "DataActor-140733232651416", instrument_id: "BTCUSDT-PERP.BINANCE", position_id: "P-20231019-144340-001-140733232651416-10", account_id: "BINANCE-001", opening_order_id: "O-20231019-144340-001-140733232651416-37", closing_order_id: Some("O-20231019-144350-001-140733232651416-40"), entry: Sell, side: Flat, signed_qty: 0.0, quantity: Quantity(0.000), peak_quantity: Quantity(32.248), last_qty: Quantity(32.248), last_px: Price(28568.5), currency: Currency(code='USDT', precision=8, iso4217=0, name='Tether', currency_type=CRYPTO), avg_px_open: 28563.0, avg_px_close: Some(28568.5), realized_return: -0.0001925568042572559, realized_pnl: Some(Money(-1282.78996720, USDT)), unrealized_pnl: Money(0.00000000, USDT), duration: 9999999999, event_id: UUID4(df0fe163-21cf-41b8-b10e-48ca77e83f5a), ts_opened: UnixNanos(1697726620000000001), ts_closed: Some(UnixNanos(1697726630000000000)), ts_event: UnixNanos(1697726630000000000), ts_init: UnixNanos(1697726630000000000) })[0m
[1m2023-10-20T02:34:40.000000001Z[0m [INFO] TRADER-001.nautilus_trading::strategy: DataActor-140733232651416 <--[EVT] OrderInitialized(instrument_id=BTCUSDT-PERP.BINANCE, client_order_id=O-20231020-023440-001-140733232651416-41, side=SELL, type=MARKET, quantity=18.794, time_in_force=GTC, post_only=false, reduce_only=false, quote_quantity=false, price=None, emulation_trigger=None, trigger_instrument_id=None, contingency_type=OTO, order_list_id=OL-20231020-023440-001-140733232651416-11, linked_order_ids=[O-20231020-023440-001-140733232651416-42, O-20231020-023440-001-140733232651416-43], parent_order_id=None, exec_algorithm_id=None, exec_algorithm_params=None, exec_spawn_id=None, tags=quote-resiliency-btcusdt-000038, QUOTE_REPLENISHED_FAILED_AUCTION_REVERSAL, SHORT, COMPLETED_TEN_SECOND_MARKET_ENTRY, QUOTE_RESILIENCY_NATIVE_EXECUTION_LABELS_V3_QUOTE_CALLBACK_EXACT_FILL)[0m
[1m2023-10-20T02:34:40.000000001Z[0m [INFO] TRADER-001.nautilus_trading::strategy: DataActor-140733232651416 <--[EVT] OrderInitialized(instrument_id=BTCUSDT-PERP.BINANCE, client_order_id=O-20231020-023440-001-140733232651416-42, side=BUY, type=STOP_MARKET, quantity=18.794, time_in_force=GTC, post_only=false, reduce_only=true, quote_quantity=false, price=None, emulation_trigger=None, trigger_instrument_id=None, contingency_type=OUO, order_list_id=OL-20231020-023440-001-140733232651416-11, linked_order_ids=[O-20231020-023440-001-140733232651416-43], parent_order_id=O-20231020-023440-001-140733232651416-41, exec_algorithm_id=None, exec_algorithm_params=None, exec_spawn_id=None, tags=quote-resiliency-btcusdt-000038, FULL_SWEEP_RESPONSE_EXTREME, STRUCTURAL_INVALIDATION)[0m
[1m2023-10-20T02:34:40.000000001Z[0m [INFO] TRADER-001.nautilus_trading::strategy: DataActor-140733232651416 <--[EVT] OrderInitialized(instrument_id=BTCUSDT-PERP.BINANCE, client_order_id=O-20231020-023440-001-140733232651416-43, side=BUY, type=LIMIT, quantity=18.794, time_in_force=GTC, post_only=false, reduce_only=true, quote_quantity=false, price=28436.8, emulation_trigger=None, trigger_instrument_id=None, contingency_type=OUO, order_list_id=OL-20231020-023440-001-140733232651416-11, linked_order_ids=[O-20231020-023440-001-140733232651416-42], parent_order_id=O-20231020-023440-001-140733232651416-41, exec_algorithm_id=None, exec_algorithm_params=None, exec_spawn_id=None, tags=quote-resiliency-btcusdt-000038, ACTIVE_COMPLETED_EXTERNAL_TARGET, FOUR_HOUR)[0m
[1m2023-10-20T02:34:40.000000001Z[0m [INFO] TRADER-001.nautilus_trading::strategy: DataActor-140733232651416 [CMD]--> SubmitOrderList[0m
[1m2023-10-20T02:34:40.000000001Z[0m [94m[INFO] TRADER-001.nautilus_execution::engine: Submit OrderList(id=OL-20231020-023440-001-140733232651416-11, instrument_id=BTCUSDT-PERP.BINANCE, strategy_id=DataActor-140733232651416, client_order_ids=["O-20231020-023440-001-140733232651416-41", "O-20231020-023440-001-140733232651416-42", "O-20231020-023440-001-140733232651416-43"], ts_init=1697769280000000001)[0m
[1m2023-10-20T02:34:40.000000001Z[0m [INFO] TRADER-001.nautilus_trading::strategy: DataActor-140733232651416 <--[EVT] OrderSubmitted(instrument_id=BTCUSDT-PERP.BINANCE, client_order_id=O-20231020-023440-001-140733232651416-41, account_id=BINANCE-001, ts_event=1697769280000000001)[0m
[1m2023-10-20T02:34:40.000000001Z[0m [INFO] TRADER-001.nautilus_trading::strategy: DataActor-140733232651416 <--[EVT] OrderSubmitted(instrument_id=BTCUSDT-PERP.BINANCE, client_order_id=O-20231020-023440-001-140733232651416-42, account_id=BINANCE-001, ts_event=1697769280000000001)[0m
[1m2023-10-20T02:34:40.000000001Z[0m [INFO] TRADER-001.nautilus_trading::strategy: DataActor-140733232651416 <--[EVT] OrderSubmitted(instrument_id=BTCUSDT-PERP.BINANCE, client_order_id=O-20231020-023440-001-140733232651416-43, account_id=BINANCE-001, ts_event=1697769280000000001)[0m
[1m2023-10-20T02:34:40.000000001Z[0m [INFO] TRADER-001.nautilus_portfolio::manager: BTCUSDT-PERP.BINANCE margin_init=0.00000000 USDT[0m
[1m2023-10-20T02:34:40.000000001Z[0m [INFO] TRADER-001.nautilus_trading::strategy: DataActor-140733232651416 <--[EVT] OrderFilled(instrument_id=BTCUSDT-PERP.BINANCE, client_order_id=O-20231020-023440-001-140733232651416-41, venue_order_id=BINANCE-1-41, account_id=BINANCE-001, trade_id=T-3e5eb0a00c847bc9-108910, position_id=P-20231020-023440-001-140733232651416-11, order_side=SELL, order_type=MARKET, last_qty=18.794, last_px=28_881.4 USDT, commission=325.67821896 USDT, liquidity_side=TAKER, ts_event=1697769280000000001)[0m
[1m2023-10-20T02:34:40.000000001Z[0m [INFO] TRADER-001.nautilus_trading::strategy: Canceling 2 inflight BTCUSDT-PERP.BINANCE orders[0m
[1m2023-10-20T02:34:40.000000001Z[0m [INFO] TRADER-001.nautilus_trading::strategy: DataActor-140733232651416 [CMD]--> CancelAllOrders[0m
[1m2023-10-20T02:34:40.000000001Z[0m [INFO] TRADER-001.nautilus_portfolio::portfolio: BTCUSDT-PERP.BINANCE net_position=-18.794[0m
[1m2023-10-20T02:34:40.000000001Z[0m [INFO] TRADER-001.nautilus_portfolio::manager: BTCUSDT-PERP.BINANCE margin_maint=2171.18812640 USDT[0m
[1m2023-10-20T02:34:40.000000001Z[0m [INFO] TRADER-001.nautilus_portfolio::portfolio: Updated AccountState(account_id=BINANCE-001, account_type=MARGIN, base_currency=USDT, is_reported=false, balances=[AccountBalance(total=87566.15881950 USDT, locked=2171.18812640 USDT, free=85394.97069310 USDT)], margins=[MarginBalance(initial=0.00000000 USDT, maintenance=2171.18812640 USDT, instrument_id=BTCUSDT-PERP.BINANCE)], event_id=3ccbfbc9-0e8c-4cfa-b0a4-17f901fe7ec6)[0m
[1m2023-10-20T02:34:40.000000001Z[0m [INFO] TRADER-001.nautilus_trading::strategy: DataActor-140733232651416 <--[EVT] PositionOpened(PositionOpened { trader_id: "TRADER-001", strategy_id: "DataActor-140733232651416", instrument_id: "BTCUSDT-PERP.BINANCE", position_id: "P-20231020-023440-001-140733232651416-11", account_id: "BINANCE-001", opening_order_id: "O-20231020-023440-001-140733232651416-41", entry: Sell, side: Short, signed_qty: -18.794, quantity: Quantity(18.794), last_qty: Quantity(18.794), last_px: Price(28881.4), currency: Currency(code='USDT', precision=8, iso4217=0, name='Tether', currency_type=CRYPTO), avg_px_open: 28881.4, event_id: UUID4(3ef53d40-a660-45a3-bd9c-a901a3b24dd2), ts_event: UnixNanos(1697769280000000001), ts_init: UnixNanos(1697769280000000001) })[0m
[1m2023-10-20T02:34:40.000000001Z[0m [INFO] TRADER-001.nautilus_portfolio::manager: BTCUSDT-PERP.BINANCE margin_init=0.00000000 USDT[0m
[1m2023-10-20T02:34:40.000000001Z[0m [INFO] TRADER-001.nautilus_portfolio::portfolio: Updated AccountState(account_id=BINANCE-001, account_type=MARGIN, base_currency=USDT, is_reported=false, balances=[AccountBalance(total=87566.15881950 USDT, locked=2171.18812640 USDT, free=85394.97069310 USDT)], margins=[MarginBalance(initial=0.00000000 USDT, maintenance=2171.18812640 USDT, instrument_id=BTCUSDT-PERP.BINANCE)], event_id=d86aaab9-d368-463e-b308-ddf144400c3e)[0m
[1m2023-10-20T02:34:40.000000001Z[0m [INFO] TRADER-001.nautilus_trading::strategy: DataActor-140733232651416 <--[EVT] OrderAccepted(instrument_id=BTCUSDT-PERP.BINANCE, client_order_id=O-20231020-023440-001-140733232651416-42, venue_order_id=BINANCE-1-42, account_id=BINANCE-001, ts_event=1697769280000000001)[0m
[1m2023-10-20T02:34:40.000000001Z[0m [INFO] TRADER-001.nautilus_portfolio::manager: BTCUSDT-PERP.BINANCE margin_init=0.00000000 USDT[0m
[1m2023-10-20T02:34:40.000000001Z[0m [INFO] TRADER-001.nautilus_portfolio::portfolio: Updated AccountState(account_id=BINANCE-001, account_type=MARGIN, base_currency=USDT, is_reported=false, balances=[AccountBalance(total=87566.15881950 USDT, locked=2171.18812640 USDT, free=85394.97069310 USDT)], margins=[MarginBalance(initial=0.00000000 USDT, maintenance=2171.18812640 USDT, instrument_id=BTCUSDT-PERP.BINANCE)], event_id=af6a8a66-495a-48fb-91ec-854492ac54aa)[0m
[1m2023-10-20T02:34:40.000000001Z[0m [INFO] TRADER-001.nautilus_trading::strategy: DataActor-140733232651416 <--[EVT] OrderAccepted(instrument_id=BTCUSDT-PERP.BINANCE, client_order_id=O-20231020-023440-001-140733232651416-43, venue_order_id=BINANCE-1-43, account_id=BINANCE-001, ts_event=1697769280000000001)[0m
[1m2023-10-20T02:34:40.000000001Z[0m [94m[INFO] TRADER-001.nautilus_execution::engine: Cancel all orders[0m
[1m2023-10-20T02:34:40.000000001Z[0m [INFO] TRADER-001.nautilus_portfolio::manager: BTCUSDT-PERP.BINANCE margin_init=0.00000000 USDT[0m
[1m2023-10-20T02:34:40.000000001Z[0m [INFO] TRADER-001.nautilus_portfolio::portfolio: Updated AccountState(account_id=BINANCE-001, account_type=MARGIN, base_currency=USDT, is_reported=false, balances=[AccountBalance(total=87566.15881950 USDT, locked=2171.18812640 USDT, free=85394.97069310 USDT)], margins=[MarginBalance(initial=0.00000000 USDT, maintenance=2171.18812640 USDT, instrument_id=BTCUSDT-PERP.BINANCE)], event_id=e684fe49-aa87-4d25-97e0-f48e90ecb86a)[0m
[1m2023-10-20T02:34:40.000000001Z[0m [INFO] TRADER-001.nautilus_trading::strategy: DataActor-140733232651416 <--[EVT] OrderCanceled(instrument_id=BTCUSDT-PERP.BINANCE, client_order_id=O-20231020-023440-001-140733232651416-42, venue_order_id=BINANCE-1-42, account_id=BINANCE-001, ts_event=1697769280000000001)[0m
[1m2023-10-20T02:34:40.000000001Z[0m [INFO] TRADER-001.nautilus_portfolio::manager: BTCUSDT-PERP.BINANCE margin_init=0.00000000 USDT[0m
[1m2023-10-20T02:34:40.000000001Z[0m [INFO] TRADER-001.nautilus_portfolio::portfolio: Updated AccountState(account_id=BINANCE-001, account_type=MARGIN, base_currency=USDT, is_reported=false, balances=[AccountBalance(total=87566.15881950 USDT, locked=2171.18812640 USDT, free=85394.97069310 USDT)], margins=[MarginBalance(initial=0.00000000 USDT, maintenance=2171.18812640 USDT, instrument_id=BTCUSDT-PERP.BINANCE)], event_id=d2c9c0eb-2c62-4042-baf3-a05305619ff5)[0m
[1m2023-10-20T02:34:40.000000001Z[0m [INFO] TRADER-001.nautilus_trading::strategy: DataActor-140733232651416 <--[EVT] OrderCanceled(instrument_id=BTCUSDT-PERP.BINANCE, client_order_id=O-20231020-023440-001-140733232651416-43, venue_order_id=BINANCE-1-43, account_id=BINANCE-001, ts_event=1697769280000000001)[0m
[1m2023-10-20T02:34:50.000000000Z[0m [INFO] TRADER-001.nautilus_trading::strategy: No BTCUSDT-PERP.BINANCE open, emulated, or inflight orders to cancel[0m
[1m2023-10-20T02:34:50.000000000Z[0m [INFO] TRADER-001.nautilus_trading::strategy: Closing 1 open position[0m
[1m2023-10-20T02:34:50.000000000Z[0m [INFO] TRADER-001.nautilus_trading::strategy: DataActor-140733232651416 <--[EVT] OrderInitialized(instrument_id=BTCUSDT-PERP.BINANCE, client_order_id=O-20231020-023450-001-140733232651416-44, side=BUY, type=MARKET, quantity=18.794, time_in_force=GTC, post_only=false, reduce_only=true, quote_quantity=false, price=None, emulation_trigger=None, trigger_instrument_id=None, contingency_type=NO_CONTINGENCY, order_list_id=None, linked_order_ids=[None], parent_order_id=None, exec_algorithm_id=None, exec_algorithm_params=None, exec_spawn_id=None, tags=None)[0m
[1m2023-10-20T02:34:50.000000000Z[0m [INFO] TRADER-001.nautilus_trading::strategy: DataActor-140733232651416 [CMD]--> SubmitOrder[0m
[1m2023-10-20T02:34:50.000000000Z[0m [94m[INFO] TRADER-001.nautilus_execution::engine: Submit MarketOrder(BUY 18.794 BTCUSDT-PERP.BINANCE @ MARKET GTC, status=INITIALIZED, client_order_id=O-20231020-023450-001-140733232651416-44, venue_order_id=None, position_id=None, exec_algorithm_id=None, exec_spawn_id=None, tags=None)[0m
[1m2023-10-20T02:34:50.000000000Z[0m [INFO] TRADER-001.nautilus_trading::strategy: DataActor-140733232651416 <--[EVT] OrderSubmitted(instrument_id=BTCUSDT-PERP.BINANCE, client_order_id=O-20231020-023450-001-140733232651416-44, account_id=BINANCE-001, ts_event=1697769290000000000)[0m
[1m2023-10-20T02:34:50.000000000Z[0m [INFO] TRADER-001.nautilus_portfolio::manager: BTCUSDT-PERP.BINANCE margin_init=0.00000000 USDT[0m
[1m2023-10-20T02:34:50.000000000Z[0m [INFO] TRADER-001.nautilus_trading::strategy: DataActor-140733232651416 <--[EVT] OrderFilled(instrument_id=BTCUSDT-PERP.BINANCE, client_order_id=O-20231020-023450-001-140733232651416-44, venue_order_id=BINANCE-1-44, account_id=BINANCE-001, trade_id=T-f0ab746050ca9459-108914, position_id=P-20231020-023440-001-140733232651416-11, order_side=BUY, order_type=MARKET, last_qty=18.794, last_px=28_884.9 USDT, commission=325.71768636 USDT, liquidity_side=TAKER, ts_event=1697769290000000000)[0m
[1m2023-10-20T02:34:50.000000000Z[0m [INFO] TRADER-001.nautilus_portfolio::portfolio: BTCUSDT-PERP.BINANCE net_position=0[0m
[1m2023-10-20T02:34:50.000000000Z[0m [INFO] TRADER-001.nautilus_portfolio::manager: BTCUSDT-PERP.BINANCE margin_maint=0.00000000 USDT[0m
[1m2023-10-20T02:34:50.000000000Z[0m [INFO] TRADER-001.nautilus_portfolio::portfolio: Updated AccountState(account_id=BINANCE-001, account_type=MARGIN, base_currency=USDT, is_reported=false, balances=[AccountBalance(total=87174.66213314 USDT, locked=0.00000000 USDT, free=87174.66213314 USDT)], margins=[], event_id=fc8c9066-6a31-43ca-a311-52791758f014)[0m
[1m2023-10-20T02:34:50.000000000Z[0m [INFO] TRADER-001.nautilus_trading::strategy: DataActor-140733232651416 <--[EVT] PositionClosed(PositionClosed { trader_id: "TRADER-001", strategy_id: "DataActor-140733232651416", instrument_id: "BTCUSDT-PERP.BINANCE", position_id: "P-20231020-023440-001-140733232651416-11", account_id: "BINANCE-001", opening_order_id: "O-20231020-023440-001-140733232651416-41", closing_order_id: Some("O-20231020-023450-001-140733232651416-44"), entry: Sell, side: Flat, signed_qty: 0.0, quantity: Quantity(0.000), peak_quantity: Quantity(18.794), last_qty: Quantity(18.794), last_px: Price(28884.9), currency: Currency(code='USDT', precision=8, iso4217=0, name='Tether', currency_type=CRYPTO), avg_px_open: 28881.4, avg_px_close: Some(28884.9), realized_return: -0.00012118526110230113, realized_pnl: Some(Money(-717.17490532, USDT)), unrealized_pnl: Money(0.00000000, USDT), duration: 9999999999, event_id: UUID4(8aefa950-3013-4541-b3e9-9d242884a725), ts_opened: UnixNanos(1697769280000000001), ts_closed: Some(UnixNanos(1697769290000000000)), ts_event: UnixNanos(1697769290000000000), ts_init: UnixNanos(1697769290000000000) })[0m
[1m2023-10-20T02:46:00.000000001Z[0m [INFO] TRADER-001.nautilus_trading::strategy: DataActor-140733232651416 <--[EVT] OrderInitialized(instrument_id=BTCUSDT-PERP.BINANCE, client_order_id=O-20231020-024600-001-140733232651416-45, side=SELL, type=MARKET, quantity=9.066, time_in_force=GTC, post_only=false, reduce_only=false, quote_quantity=false, price=None, emulation_trigger=None, trigger_instrument_id=None, contingency_type=OTO, order_list_id=OL-20231020-024600-001-140733232651416-12, linked_order_ids=[O-20231020-024600-001-140733232651416-46, O-20231020-024600-001-140733232651416-47], parent_order_id=None, exec_algorithm_id=None, exec_algorithm_params=None, exec_spawn_id=None, tags=quote-resiliency-btcusdt-000039, QUOTE_REPLENISHED_FAILED_AUCTION_REVERSAL, SHORT, COMPLETED_TEN_SECOND_MARKET_ENTRY, QUOTE_RESILIENCY_NATIVE_EXECUTION_LABELS_V3_QUOTE_CALLBACK_EXACT_FILL)[0m
[1m2023-10-20T02:46:00.000000001Z[0m [INFO] TRADER-001.nautilus_trading::strategy: DataActor-140733232651416 <--[EVT] OrderInitialized(instrument_id=BTCUSDT-PERP.BINANCE, client_order_id=O-20231020-024600-001-140733232651416-46, side=BUY, type=STOP_MARKET, quantity=9.066, time_in_force=GTC, post_only=false, reduce_only=true, quote_quantity=false, price=None, emulation_trigger=None, trigger_instrument_id=None, contingency_type=OUO, order_list_id=OL-20231020-024600-001-140733232651416-12, linked_order_ids=[O-20231020-024600-001-140733232651416-47], parent_order_id=O-20231020-024600-001-140733232651416-45, exec_algorithm_id=None, exec_algorithm_params=None, exec_spawn_id=None, tags=quote-resiliency-btcusdt-000039, FULL_SWEEP_RESPONSE_EXTREME, STRUCTURAL_INVALIDATION)[0m
[1m2023-10-20T02:46:00.000000001Z[0m [INFO] TRADER-001.nautilus_trading::strategy: DataActor-140733232651416 <--[EVT] OrderInitialized(instrument_id=BTCUSDT-PERP.BINANCE, client_order_id=O-20231020-024600-001-140733232651416-47, side=BUY, type=LIMIT, quantity=9.066, time_in_force=GTC, post_only=false, reduce_only=true, quote_quantity=false, price=28436.8, emulation_trigger=None, trigger_instrument_id=None, contingency_type=OUO, order_list_id=OL-20231020-024600-001-140733232651416-12, linked_order_ids=[O-20231020-024600-001-140733232651416-46], parent_order_id=O-20231020-024600-001-140733232651416-45, exec_algorithm_id=None, exec_algorithm_params=None, exec_spawn_id=None, tags=quote-resiliency-btcusdt-000039, ACTIVE_COMPLETED_EXTERNAL_TARGET, FOUR_HOUR)[0m
[1m2023-10-20T02:46:00.000000001Z[0m [INFO] TRADER-001.nautilus_trading::strategy: DataActor-140733232651416 [CMD]--> SubmitOrderList[0m
[1m2023-10-20T02:46:00.000000001Z[0m [94m[INFO] TRADER-001.nautilus_execution::engine: Submit OrderList(id=OL-20231020-024600-001-140733232651416-12, instrument_id=BTCUSDT-PERP.BINANCE, strategy_id=DataActor-140733232651416, client_order_ids=["O-20231020-024600-001-140733232651416-45", "O-20231020-024600-001-140733232651416-46", "O-20231020-024600-001-140733232651416-47"], ts_init=1697769960000000001)[0m
[1m2023-10-20T02:46:00.000000001Z[0m [INFO] TRADER-001.nautilus_trading::strategy: DataActor-140733232651416 <--[EVT] OrderSubmitted(instrument_id=BTCUSDT-PERP.BINANCE, client_order_id=O-20231020-024600-001-140733232651416-45, account_id=BINANCE-001, ts_event=1697769960000000001)[0m
[1m2023-10-20T02:46:00.000000001Z[0m [INFO] TRADER-001.nautilus_trading::strategy: DataActor-140733232651416 <--[EVT] OrderSubmitted(instrument_id=BTCUSDT-PERP.BINANCE, client_order_id=O-20231020-024600-001-140733232651416-46, account_id=BINANCE-001, ts_event=1697769960000000001)[0m
[1m2023-10-20T02:46:00.000000001Z[0m [INFO] TRADER-001.nautilus_trading::strategy: DataActor-140733232651416 <--[EVT] OrderSubmitted(instrument_id=BTCUSDT-PERP.BINANCE, client_order_id=O-20231020-024600-001-140733232651416-47, account_id=BINANCE-001, ts_event=1697769960000000001)[0m
[1m2023-10-20T02:46:00.000000001Z[0m [INFO] TRADER-001.nautilus_portfolio::manager: BTCUSDT-PERP.BINANCE margin_init=0.00000000 USDT[0m
[1m2023-10-20T02:46:00.000000001Z[0m [INFO] TRADER-001.nautilus_trading::strategy: DataActor-140733232651416 <--[EVT] OrderFilled(instrument_id=BTCUSDT-PERP.BINANCE, client_order_id=O-20231020-024600-001-140733232651416-45, venue_order_id=BINANCE-1-45, account_id=BINANCE-001, trade_id=T-03c781cb371d99ea-109126, position_id=P-20231020-024600-001-140733232651416-12, order_side=SELL, order_type=MARKET, last_qty=9.066, last_px=28_999.8 USDT, commission=157.74731208 USDT, liquidity_side=TAKER, ts_event=1697769960000000001)[0m
[1m2023-10-20T02:46:00.000000001Z[0m [INFO] TRADER-001.nautilus_trading::strategy: Canceling 2 inflight BTCUSDT-PERP.BINANCE orders[0m
[1m2023-10-20T02:46:00.000000001Z[0m [INFO] TRADER-001.nautilus_trading::strategy: DataActor-140733232651416 [CMD]--> CancelAllOrders[0m
[1m2023-10-20T02:46:00.000000001Z[0m [INFO] TRADER-001.nautilus_portfolio::portfolio: BTCUSDT-PERP.BINANCE net_position=-9.066[0m
[1m2023-10-20T02:46:00.000000001Z[0m [INFO] TRADER-001.nautilus_portfolio::manager: BTCUSDT-PERP.BINANCE margin_maint=1051.64874720 USDT[0m
[1m2023-10-20T02:46:00.000000001Z[0m [INFO] TRADER-001.nautilus_portfolio::portfolio: Updated AccountState(account_id=BINANCE-001, account_type=MARGIN, base_currency=USDT, is_reported=false, balances=[AccountBalance(total=87016.91482106 USDT, locked=1051.64874720 USDT, free=85965.26607386 USDT)], margins=[MarginBalance(initial=0.00000000 USDT, maintenance=1051.64874720 USDT, instrument_id=BTCUSDT-PERP.BINANCE)], event_id=40430d60-09b5-4803-8a07-661e657d6c4a)[0m
[1m2023-10-20T02:46:00.000000001Z[0m [INFO] TRADER-001.nautilus_trading::strategy: DataActor-140733232651416 <--[EVT] PositionOpened(PositionOpened { trader_id: "TRADER-001", strategy_id: "DataActor-140733232651416", instrument_id: "BTCUSDT-PERP.BINANCE", position_id: "P-20231020-024600-001-140733232651416-12", account_id: "BINANCE-001", opening_order_id: "O-20231020-024600-001-140733232651416-45", entry: Sell, side: Short, signed_qty: -9.066, quantity: Quantity(9.066), last_qty: Quantity(9.066), last_px: Price(28999.8), currency: Currency(code='USDT', precision=8, iso4217=0, name='Tether', currency_type=CRYPTO), avg_px_open: 28999.8, event_id: UUID4(f4af0f28-3dd9-402b-9d4a-a3e6b1de007c), ts_event: UnixNanos(1697769960000000001), ts_init: UnixNanos(1697769960000000001) })[0m
[1m2023-10-20T02:46:00.000000001Z[0m [INFO] TRADER-001.nautilus_portfolio::manager: BTCUSDT-PERP.BINANCE margin_init=0.00000000 USDT[0m
[1m2023-10-20T02:46:00.000000001Z[0m [INFO] TRADER-001.nautilus_portfolio::portfolio: Updated AccountState(account_id=BINANCE-001, account_type=MARGIN, base_currency=USDT, is_reported=false, balances=[AccountBalance(total=87016.91482106 USDT, locked=1051.64874720 USDT, free=85965.26607386 USDT)], margins=[MarginBalance(initial=0.00000000 USDT, maintenance=1051.64874720 USDT, instrument_id=BTCUSDT-PERP.BINANCE)], event_id=4cda1a2a-1546-478c-83fa-8e31434e9985)[0m
[1m2023-10-20T02:46:00.000000001Z[0m [INFO] TRADER-001.nautilus_trading::strategy: DataActor-140733232651416 <--[EVT] OrderAccepted(instrument_id=BTCUSDT-PERP.BINANCE, client_order_id=O-20231020-024600-001-140733232651416-46, venue_order_id=BINANCE-1-46, account_id=BINANCE-001, ts_event=1697769960000000001)[0m
[1m2023-10-20T02:46:00.000000001Z[0m [INFO] TRADER-001.nautilus_portfolio::manager: BTCUSDT-PERP.BINANCE margin_init=0.00000000 USDT[0m
[1m2023-10-20T02:46:00.000000001Z[0m [INFO] TRADER-001.nautilus_portfolio::portfolio: Updated AccountState(account_id=BINANCE-001, account_type=MARGIN, base_currency=USDT, is_reported=false, balances=[AccountBalance(total=87016.91482106 USDT, locked=1051.64874720 USDT, free=85965.26607386 USDT)], margins=[MarginBalance(initial=0.00000000 USDT, maintenance=1051.64874720 USDT, instrument_id=BTCUSDT-PERP.BINANCE)], event_id=283b04df-971f-4690-883f-c068025018f8)[0m
[1m2023-10-20T02:46:00.000000001Z[0m [INFO] TRADER-001.nautilus_trading::strategy: DataActor-140733232651416 <--[EVT] OrderAccepted(instrument_id=BTCUSDT-PERP.BINANCE, client_order_id=O-20231020-024600-001-140733232651416-47, venue_order_id=BINANCE-1-47, account_id=BINANCE-001, ts_event=1697769960000000001)[0m
[1m2023-10-20T02:46:00.000000001Z[0m [94m[INFO] TRADER-001.nautilus_execution::engine: Cancel all orders[0m
[1m2023-10-20T02:46:00.000000001Z[0m [INFO] TRADER-001.nautilus_portfolio::manager: BTCUSDT-PERP.BINANCE margin_init=0.00000000 USDT[0m
[1m2023-10-20T02:46:00.000000001Z[0m [INFO] TRADER-001.nautilus_portfolio::portfolio: Updated AccountState(account_id=BINANCE-001, account_type=MARGIN, base_currency=USDT, is_reported=false, balances=[AccountBalance(total=87016.91482106 USDT, locked=1051.64874720 USDT, free=85965.26607386 USDT)], margins=[MarginBalance(initial=0.00000000 USDT, maintenance=1051.64874720 USDT, instrument_id=BTCUSDT-PERP.BINANCE)], event_id=2a6e0cec-adbb-4624-84a9-59d4aa5b655c)[0m
[1m2023-10-20T02:46:00.000000001Z[0m [INFO] TRADER-001.nautilus_trading::strategy: DataActor-140733232651416 <--[EVT] OrderCanceled(instrument_id=BTCUSDT-PERP.BINANCE, client_order_id=O-20231020-024600-001-140733232651416-46, venue_order_id=BINANCE-1-46, account_id=BINANCE-001, ts_event=1697769960000000001)[0m
[1m2023-10-20T02:46:00.000000001Z[0m [INFO] TRADER-001.nautilus_portfolio::manager: BTCUSDT-PERP.BINANCE margin_init=0.00000000 USDT[0m
[1m2023-10-20T02:46:00.000000001Z[0m [INFO] TRADER-001.nautilus_portfolio::portfolio: Updated AccountState(account_id=BINANCE-001, account_type=MARGIN, base_currency=USDT, is_reported=false, balances=[AccountBalance(total=87016.91482106 USDT, locked=1051.64874720 USDT, free=85965.26607386 USDT)], margins=[MarginBalance(initial=0.00000000 USDT, maintenance=1051.64874720 USDT, instrument_id=BTCUSDT-PERP.BINANCE)], event_id=aabedabf-f20f-4d05-b49b-7a5427be0cd0)[0m
[1m2023-10-20T02:46:00.000000001Z[0m [INFO] TRADER-001.nautilus_trading::strategy: DataActor-140733232651416 <--[EVT] OrderCanceled(instrument_id=BTCUSDT-PERP.BINANCE, client_order_id=O-20231020-024600-001-140733232651416-47, venue_order_id=BINANCE-1-47, account_id=BINANCE-001, ts_event=1697769960000000001)[0m
[1m2023-10-20T02:46:10.000000000Z[0m [INFO] TRADER-001.nautilus_trading::strategy: No BTCUSDT-PERP.BINANCE open, emulated, or inflight orders to cancel[0m
[1m2023-10-20T02:46:10.000000000Z[0m [INFO] TRADER-001.nautilus_trading::strategy: Closing 1 open position[0m
[1m2023-10-20T02:46:10.000000000Z[0m [INFO] TRADER-001.nautilus_trading::strategy: DataActor-140733232651416 <--[EVT] OrderInitialized(instrument_id=BTCUSDT-PERP.BINANCE, client_order_id=O-20231020-024610-001-140733232651416-48, side=BUY, type=MARKET, quantity=9.066, time_in_force=GTC, post_only=false, reduce_only=true, quote_quantity=false, price=None, emulation_trigger=None, trigger_instrument_id=None, contingency_type=NO_CONTINGENCY, order_list_id=None, linked_order_ids=[None], parent_order_id=None, exec_algorithm_id=None, exec_algorithm_params=None, exec_spawn_id=None, tags=None)[0m
[1m2023-10-20T02:46:10.000000000Z[0m [INFO] TRADER-001.nautilus_trading::strategy: DataActor-140733232651416 [CMD]--> SubmitOrder[0m
[1m2023-10-20T02:46:10.000000000Z[0m [94m[INFO] TRADER-001.nautilus_execution::engine: Submit MarketOrder(BUY 9.066 BTCUSDT-PERP.BINANCE @ MARKET GTC, status=INITIALIZED, client_order_id=O-20231020-024610-001-140733232651416-48, venue_order_id=None, position_id=None, exec_algorithm_id=None, exec_spawn_id=None, tags=None)[0m
[1m2023-10-20T02:46:10.000000000Z[0m [INFO] TRADER-001.nautilus_trading::strategy: DataActor-140733232651416 <--[EVT] OrderSubmitted(instrument_id=BTCUSDT-PERP.BINANCE, client_order_id=O-20231020-024610-001-140733232651416-48, account_id=BINANCE-001, ts_event=1697769970000000000)[0m
[1m2023-10-20T02:46:10.000000000Z[0m [INFO] TRADER-001.nautilus_portfolio::manager: BTCUSDT-PERP.BINANCE margin_init=0.00000000 USDT[0m
[1m2023-10-20T02:46:10.000000000Z[0m [INFO] TRADER-001.nautilus_trading::strategy: DataActor-140733232651416 <--[EVT] OrderFilled(instrument_id=BTCUSDT-PERP.BINANCE, client_order_id=O-20231020-024610-001-140733232651416-48, venue_order_id=BINANCE-1-48, account_id=BINANCE-001, trade_id=T-47ef39036185c448-109131, position_id=P-20231020-024600-001-140733232651416-12, order_side=BUY, order_type=MARKET, last_qty=9.066, last_px=28_997.7 USDT, commission=157.73588892 USDT, liquidity_side=TAKER, ts_event=1697769970000000000)[0m
[1m2023-10-20T02:46:10.000000000Z[0m [INFO] TRADER-001.nautilus_portfolio::portfolio: BTCUSDT-PERP.BINANCE net_position=0[0m
[1m2023-10-20T02:46:10.000000000Z[0m [INFO] TRADER-001.nautilus_portfolio::manager: BTCUSDT-PERP.BINANCE margin_maint=0.00000000 USDT[0m
[1m2023-10-20T02:46:10.000000000Z[0m [INFO] TRADER-001.nautilus_portfolio::portfolio: Updated AccountState(account_id=BINANCE-001, account_type=MARGIN, base_currency=USDT, is_reported=false, balances=[AccountBalance(total=86878.21753214 USDT, locked=0.00000000 USDT, free=86878.21753214 USDT)], margins=[], event_id=1bdc4fe5-5f69-4b09-845b-25475f27d557)[0m
[1m2023-10-20T02:46:10.000000000Z[0m [INFO] TRADER-001.nautilus_trading::strategy: DataActor-140733232651416 <--[EVT] PositionClosed(PositionClosed { trader_id: "TRADER-001", strategy_id: "DataActor-140733232651416", instrument_id: "BTCUSDT-PERP.BINANCE", position_id: "P-20231020-024600-001-140733232651416-12", account_id: "BINANCE-001", opening_order_id: "O-20231020-024600-001-140733232651416-45", closing_order_id: Some("O-20231020-024610-001-140733232651416-48"), entry: Sell, side: Flat, signed_qty: 0.0, quantity: Quantity(0.000), peak_quantity: Quantity(9.066), last_qty: Quantity(9.066), last_px: Price(28997.7), currency: Currency(code='USDT', precision=8, iso4217=0, name='Tether', currency_type=CRYPTO), avg_px_open: 28999.8, avg_px_close: Some(28997.7), realized_return: 7.241429251231198e-5, realized_pnl: Some(Money(-296.44460100, USDT)), unrealized_pnl: Money(0.00000000, USDT), duration: 9999999999, event_id: UUID4(acbfecbd-9ace-4259-981e-d0a14e1f76d2), ts_opened: UnixNanos(1697769960000000001), ts_closed: Some(UnixNanos(1697769970000000000)), ts_event: UnixNanos(1697769970000000000), ts_init: UnixNanos(1697769970000000000) })[0m
[1m2023-10-20T07:49:00.000000001Z[0m [INFO] TRADER-001.nautilus_trading::strategy: DataActor-140733232651416 <--[EVT] OrderInitialized(instrument_id=BTCUSDT-PERP.BINANCE, client_order_id=O-20231020-074900-001-140733232651416-49, side=SELL, type=MARKET, quantity=17.779, time_in_force=GTC, post_only=false, reduce_only=false, quote_quantity=false, price=None, emulation_trigger=None, trigger_instrument_id=None, contingency_type=OTO, order_list_id=OL-20231020-074900-001-140733232651416-13, linked_order_ids=[O-20231020-074900-001-140733232651416-50, O-20231020-074900-001-140733232651416-51], parent_order_id=None, exec_algorithm_id=None, exec_algorithm_params=None, exec_spawn_id=None, tags=quote-resiliency-btcusdt-000040, QUOTE_REPLENISHED_FAILED_AUCTION_REVERSAL, SHORT, COMPLETED_TEN_SECOND_MARKET_ENTRY, QUOTE_RESILIENCY_NATIVE_EXECUTION_LABELS_V3_QUOTE_CALLBACK_EXACT_FILL)[0m
[1m2023-10-20T07:49:00.000000001Z[0m [INFO] TRADER-001.nautilus_trading::strategy: DataActor-140733232651416 <--[EVT] OrderInitialized(instrument_id=BTCUSDT-PERP.BINANCE, client_order_id=O-20231020-074900-001-140733232651416-50, side=BUY, type=STOP_MARKET, quantity=17.779, time_in_force=GTC, post_only=false, reduce_only=true, quote_quantity=false, price=None, emulation_trigger=None, trigger_instrument_id=None, contingency_type=OUO, order_list_id=OL-20231020-074900-001-140733232651416-13, linked_order_ids=[O-20231020-074900-001-140733232651416-51], parent_order_id=O-20231020-074900-001-140733232651416-49, exec_algorithm_id=None, exec_algorithm_params=None, exec_spawn_id=None, tags=quote-resiliency-btcusdt-000040, FULL_SWEEP_RESPONSE_EXTREME, STRUCTURAL_INVALIDATION)[0m
[1m2023-10-20T07:49:00.000000001Z[0m [INFO] TRADER-001.nautilus_trading::strategy: DataActor-140733232651416 <--[EVT] OrderInitialized(instrument_id=BTCUSDT-PERP.BINANCE, client_order_id=O-20231020-074900-001-140733232651416-51, side=BUY, type=LIMIT, quantity=17.779, time_in_force=GTC, post_only=false, reduce_only=true, quote_quantity=false, price=28560.0, emulation_trigger=None, trigger_instrument_id=None, contingency_type=OUO, order_list_id=OL-20231020-074900-001-140733232651416-13, linked_order_ids=[O-20231020-074900-001-140733232651416-50], parent_order_id=O-20231020-074900-001-140733232651416-49, exec_algorithm_id=None, exec_algorithm_params=None, exec_spawn_id=None, tags=quote-resiliency-btcusdt-000040, ACTIVE_COMPLETED_EXTERNAL_TARGET, FOUR_HOUR)[0m
[1m2023-10-20T07:49:00.000000001Z[0m [INFO] TRADER-001.nautilus_trading::strategy: DataActor-140733232651416 [CMD]--> SubmitOrderList[0m
[1m2023-10-20T07:49:00.000000001Z[0m [94m[INFO] TRADER-001.nautilus_execution::engine: Submit OrderList(id=OL-20231020-074900-001-140733232651416-13, instrument_id=BTCUSDT-PERP.BINANCE, strategy_id=DataActor-140733232651416, client_order_ids=["O-20231020-074900-001-140733232651416-49", "O-20231020-074900-001-140733232651416-50", "O-20231020-074900-001-140733232651416-51"], ts_init=1697788140000000001)[0m
[1m2023-10-20T07:49:00.000000001Z[0m [INFO] TRADER-001.nautilus_trading::strategy: DataActor-140733232651416 <--[EVT] OrderSubmitted(instrument_id=BTCUSDT-PERP.BINANCE, client_order_id=O-20231020-074900-001-140733232651416-49, account_id=BINANCE-001, ts_event=1697788140000000001)[0m
[1m2023-10-20T07:49:00.000000001Z[0m [INFO] TRADER-001.nautilus_trading::strategy: DataActor-140733232651416 <--[EVT] OrderSubmitted(instrument_id=BTCUSDT-PERP.BINANCE, client_order_id=O-20231020-074900-001-140733232651416-50, account_id=BINANCE-001, ts_event=1697788140000000001)[0m
[1m2023-10-20T07:49:00.000000001Z[0m [INFO] TRADER-001.nautilus_trading::strategy: DataActor-140733232651416 <--[EVT] OrderSubmitted(instrument_id=BTCUSDT-PERP.BINANCE, client_order_id=O-20231020-074900-001-140733232651416-51, account_id=BINANCE-001, ts_event=1697788140000000001)[0m
[1m2023-10-20T07:49:00.000000001Z[0m [INFO] TRADER-001.nautilus_portfolio::manager: BTCUSDT-PERP.BINANCE margin_init=0.00000000 USDT[0m
[1m2023-10-20T07:49:00.000000001Z[0m [INFO] TRADER-001.nautilus_trading::strategy: DataActor-140733232651416 <--[EVT] OrderFilled(instrument_id=BTCUSDT-PERP.BINANCE, client_order_id=O-20231020-074900-001-140733232651416-49, venue_order_id=BINANCE-1-49, account_id=BINANCE-001, trade_id=T-c6144a596f5860bb-114163, position_id=P-20231020-074900-001-140733232651416-13, order_side=SELL, order_type=MARKET, last_qty=17.779, last_px=29_322.0 USDT, commission=312.78950280 USDT, liquidity_side=TAKER, ts_event=1697788140000000001)[0m
[1m2023-10-20T07:49:00.000000001Z[0m [INFO] TRADER-001.nautilus_trading::strategy: Canceling 2 inflight BTCUSDT-PERP.BINANCE orders[0m
[1m2023-10-20T07:49:00.000000001Z[0m [INFO] TRADER-001.nautilus_trading::strategy: DataActor-140733232651416 [CMD]--> CancelAllOrders[0m
[1m2023-10-20T07:49:00.000000001Z[0m [INFO] TRADER-001.nautilus_portfolio::portfolio: BTCUSDT-PERP.BINANCE net_position=-17.779[0m
[1m2023-10-20T07:49:00.000000001Z[0m [INFO] TRADER-001.nautilus_portfolio::manager: BTCUSDT-PERP.BINANCE margin_maint=2085.26335200 USDT[0m
[1m2023-10-20T07:49:00.000000001Z[0m [INFO] TRADER-001.nautilus_portfolio::portfolio: Updated AccountState(account_id=BINANCE-001, account_type=MARGIN, base_currency=USDT, is_reported=false, balances=[AccountBalance(total=86565.42802934 USDT, locked=2085.26335200 USDT, free=84480.16467734 USDT)], margins=[MarginBalance(initial=0.00000000 USDT, maintenance=2085.26335200 USDT, instrument_id=BTCUSDT-PERP.BINANCE)], event_id=4f4a1902-085a-42da-b96b-5dd3a4802e1c)[0m
[1m2023-10-20T07:49:00.000000001Z[0m [INFO] TRADER-001.nautilus_trading::strategy: DataActor-140733232651416 <--[EVT] PositionOpened(PositionOpened { trader_id: "TRADER-001", strategy_id: "DataActor-140733232651416", instrument_id: "BTCUSDT-PERP.BINANCE", position_id: "P-20231020-074900-001-140733232651416-13", account_id: "BINANCE-001", opening_order_id: "O-20231020-074900-001-140733232651416-49", entry: Sell, side: Short, signed_qty: -17.779, quantity: Quantity(17.779), last_qty: Quantity(17.779), last_px: Price(29322.0), currency: Currency(code='USDT', precision=8, iso4217=0, name='Tether', currency_type=CRYPTO), avg_px_open: 29322.0, event_id: UUID4(9672c189-dea2-48aa-95b7-022c0ad699e1), ts_event: UnixNanos(1697788140000000001), ts_init: UnixNanos(1697788140000000001) })[0m
[1m2023-10-20T07:49:00.000000001Z[0m [INFO] TRADER-001.nautilus_portfolio::manager: BTCUSDT-PERP.BINANCE margin_init=0.00000000 USDT[0m
[1m2023-10-20T07:49:00.000000001Z[0m [INFO] TRADER-001.nautilus_portfolio::portfolio: Updated AccountState(account_id=BINANCE-001, account_type=MARGIN, base_currency=USDT, is_reported=false, balances=[AccountBalance(total=86565.42802934 USDT, locked=2085.26335200 USDT, free=84480.16467734 USDT)], margins=[MarginBalance(initial=0.00000000 USDT, maintenance=2085.26335200 USDT, instrument_id=BTCUSDT-PERP.BINANCE)], event_id=dd6f9d58-6009-4787-9baa-85fbabbabaec)[0m
[1m2023-10-20T07:49:00.000000001Z[0m [INFO] TRADER-001.nautilus_trading::strategy: DataActor-140733232651416 <--[EVT] OrderAccepted(instrument_id=BTCUSDT-PERP.BINANCE, client_order_id=O-20231020-074900-001-140733232651416-50, venue_order_id=BINANCE-1-50, account_id=BINANCE-001, ts_event=1697788140000000001)[0m
[1m2023-10-20T07:49:00.000000001Z[0m [INFO] TRADER-001.nautilus_portfolio::manager: BTCUSDT-PERP.BINANCE margin_init=0.00000000 USDT[0m
[1m2023-10-20T07:49:00.000000001Z[0m [INFO] TRADER-001.nautilus_portfolio::portfolio: Updated AccountState(account_id=BINANCE-001, account_type=MARGIN, base_currency=USDT, is_reported=false, balances=[AccountBalance(total=86565.42802934 USDT, locked=2085.26335200 USDT, free=84480.16467734 USDT)], margins=[MarginBalance(initial=0.00000000 USDT, maintenance=2085.26335200 USDT, instrument_id=BTCUSDT-PERP.BINANCE)], event_id=a6ffc0d9-ef0f-47b5-b33a-b443a07de915)[0m
[1m2023-10-20T07:49:00.000000001Z[0m [INFO] TRADER-001.nautilus_trading::strategy: DataActor-140733232651416 <--[EVT] OrderAccepted(instrument_id=BTCUSDT-PERP.BINANCE, client_order_id=O-20231020-074900-001-140733232651416-51, venue_order_id=BINANCE-1-51, account_id=BINANCE-001, ts_event=1697788140000000001)[0m
[1m2023-10-20T07:49:00.000000001Z[0m [94m[INFO] TRADER-001.nautilus_execution::engine: Cancel all orders[0m
[1m2023-10-20T07:49:00.000000001Z[0m [INFO] TRADER-001.nautilus_portfolio::manager: BTCUSDT-PERP.BINANCE margin_init=0.00000000 USDT[0m
[1m2023-10-20T07:49:00.000000001Z[0m [INFO] TRADER-001.nautilus_portfolio::portfolio: Updated AccountState(account_id=BINANCE-001, account_type=MARGIN, base_currency=USDT, is_reported=false, balances=[AccountBalance(total=86565.42802934 USDT, locked=2085.26335200 USDT, free=84480.16467734 USDT)], margins=[MarginBalance(initial=0.00000000 USDT, maintenance=2085.26335200 USDT, instrument_id=BTCUSDT-PERP.BINANCE)], event_id=a6eb1144-d5cc-43be-9dd1-1e10a2547643)[0m
[1m2023-10-20T07:49:00.000000001Z[0m [INFO] TRADER-001.nautilus_trading::strategy: DataActor-140733232651416 <--[EVT] OrderCanceled(instrument_id=BTCUSDT-PERP.BINANCE, client_order_id=O-20231020-074900-001-140733232651416-50, venue_order_id=BINANCE-1-50, account_id=BINANCE-001, ts_event=1697788140000000001)[0m
[1m2023-10-20T07:49:00.000000001Z[0m [INFO] TRADER-001.nautilus_portfolio::manager: BTCUSDT-PERP.BINANCE margin_init=0.00000000 USDT[0m
[1m2023-10-20T07:49:00.000000001Z[0m [INFO] TRADER-001.nautilus_portfolio::portfolio: Updated AccountState(account_id=BINANCE-001, account_type=MARGIN, base_currency=USDT, is_reported=false, balances=[AccountBalance(total=86565.42802934 USDT, locked=2085.26335200 USDT, free=84480.16467734 USDT)], margins=[MarginBalance(initial=0.00000000 USDT, maintenance=2085.26335200 USDT, instrument_id=BTCUSDT-PERP.BINANCE)], event_id=55cb37dc-9e05-400d-93f0-eb94b8781018)[0m
[1m2023-10-20T07:49:00.000000001Z[0m [INFO] TRADER-001.nautilus_trading::strategy: DataActor-140733232651416 <--[EVT] OrderCanceled(instrument_id=BTCUSDT-PERP.BINANCE, client_order_id=O-20231020-074900-001-140733232651416-51, venue_order_id=BINANCE-1-51, account_id=BINANCE-001, ts_event=1697788140000000001)[0m
[1m2023-10-20T07:49:10.000000000Z[0m [INFO] TRADER-001.nautilus_trading::strategy: No BTCUSDT-PERP.BINANCE open, emulated, or inflight orders to cancel[0m
[1m2023-10-20T07:49:10.000000000Z[0m [INFO] TRADER-001.nautilus_trading::strategy: Closing 1 open position[0m
[1m2023-10-20T07:49:10.000000000Z[0m [INFO] TRADER-001.nautilus_trading::strategy: DataActor-140733232651416 <--[EVT] OrderInitialized(instrument_id=BTCUSDT-PERP.BINANCE, client_order_id=O-20231020-074910-001-140733232651416-52, side=BUY, type=MARKET, quantity=17.779, time_in_force=GTC, post_only=false, reduce_only=true, quote_quantity=false, price=None, emulation_trigger=None, trigger_instrument_id=None, contingency_type=NO_CONTINGENCY, order_list_id=None, linked_order_ids=[None], parent_order_id=None, exec_algorithm_id=None, exec_algorithm_params=None, exec_spawn_id=None, tags=None)[0m
[1m2023-10-20T07:49:10.000000000Z[0m [INFO] TRADER-001.nautilus_trading::strategy: DataActor-140733232651416 [CMD]--> SubmitOrder[0m
[1m2023-10-20T07:49:10.000000000Z[0m [94m[INFO] TRADER-001.nautilus_execution::engine: Submit MarketOrder(BUY 17.779 BTCUSDT-PERP.BINANCE @ MARKET GTC, status=INITIALIZED, client_order_id=O-20231020-074910-001-140733232651416-52, venue_order_id=None, position_id=None, exec_algorithm_id=None, exec_spawn_id=None, tags=None)[0m
[1m2023-10-20T07:49:10.000000000Z[0m [INFO] TRADER-001.nautilus_trading::strategy: DataActor-140733232651416 <--[EVT] OrderSubmitted(instrument_id=BTCUSDT-PERP.BINANCE, client_order_id=O-20231020-074910-001-140733232651416-52, account_id=BINANCE-001, ts_event=1697788150000000000)[0m
[1m2023-10-20T07:49:10.000000000Z[0m [INFO] TRADER-001.nautilus_portfolio::manager: BTCUSDT-PERP.BINANCE margin_init=0.00000000 USDT[0m
[1m2023-10-20T07:49:10.000000000Z[0m [INFO] TRADER-001.nautilus_trading::strategy: DataActor-140733232651416 <--[EVT] OrderFilled(instrument_id=BTCUSDT-PERP.BINANCE, client_order_id=O-20231020-074910-001-140733232651416-52, venue_order_id=BINANCE-1-52, account_id=BINANCE-001, trade_id=T-77a59747bc1609b8-114168, position_id=P-20231020-074900-001-140733232651416-13, order_side=BUY, order_type=MARKET, last_qty=17.779, last_px=29_332.8 USDT, commission=312.90471072 USDT, liquidity_side=TAKER, ts_event=1697788150000000000)[0m
[1m2023-10-20T07:49:10.000000000Z[0m [INFO] TRADER-001.nautilus_portfolio::portfolio: BTCUSDT-PERP.BINANCE net_position=0[0m
[1m2023-10-20T07:49:10.000000000Z[0m [INFO] TRADER-001.nautilus_portfolio::manager: BTCUSDT-PERP.BINANCE margin_maint=0.00000000 USDT[0m
[1m2023-10-20T07:49:10.000000000Z[0m [INFO] TRADER-001.nautilus_portfolio::portfolio: Updated AccountState(account_id=BINANCE-001, account_type=MARGIN, base_currency=USDT, is_reported=false, balances=[AccountBalance(total=86060.51011862 USDT, locked=0.00000000 USDT, free=86060.51011862 USDT)], margins=[], event_id=428627ac-87ed-426c-90eb-6880e4fb049e)[0m
[1m2023-10-20T07:49:10.000000000Z[0m [INFO] TRADER-001.nautilus_trading::strategy: DataActor-140733232651416 <--[EVT] PositionClosed(PositionClosed { trader_id: "TRADER-001", strategy_id: "DataActor-140733232651416", instrument_id: "BTCUSDT-PERP.BINANCE", position_id: "P-20231020-074900-001-140733232651416-13", account_id: "BINANCE-001", opening_order_id: "O-20231020-074900-001-140733232651416-49", closing_order_id: Some("O-20231020-074910-001-140733232651416-52"), entry: Sell, side: Flat, signed_qty: 0.0, quantity: Quantity(0.000), peak_quantity: Quantity(17.779), last_qty: Quantity(17.779), last_px: Price(29332.8), currency: Currency(code='USDT', precision=8, iso4217=0, name='Tether', currency_type=CRYPTO), avg_px_open: 29322.0, avg_px_close: Some(29332.8), realized_return: -0.00036832412523017774, realized_pnl: Some(Money(-817.70741352, USDT)), unrealized_pnl: Money(0.00000000, USDT), duration: 9999999999, event_id: UUID4(7f99793f-2941-4f1b-ab1b-bf2312e88ed8), ts_opened: UnixNanos(1697788140000000001), ts_closed: Some(UnixNanos(1697788150000000000)), ts_event: UnixNanos(1697788150000000000), ts_init: UnixNanos(1697788150000000000) })[0m
[1m2023-10-20T08:18:30.000000001Z[0m [INFO] TRADER-001.nautilus_trading::strategy: DataActor-140733232651416 <--[EVT] OrderInitialized(instrument_id=BTCUSDT-PERP.BINANCE, client_order_id=O-20231020-081830-001-140733232651416-53, side=SELL, type=MARKET, quantity=13.744, time_in_force=GTC, post_only=false, reduce_only=false, quote_quantity=false, price=None, emulation_trigger=None, trigger_instrument_id=None, contingency_type=OTO, order_list_id=OL-20231020-081830-001-140733232651416-14, linked_order_ids=[O-20231020-081830-001-140733232651416-54, O-20231020-081830-001-140733232651416-55], parent_order_id=None, exec_algorithm_id=None, exec_algorithm_params=None, exec_spawn_id=None, tags=quote-resiliency-btcusdt-000041, QUOTE_REPLENISHED_FAILED_AUCTION_REVERSAL, SHORT, COMPLETED_TEN_SECOND_MARKET_ENTRY, QUOTE_RESILIENCY_NATIVE_EXECUTION_LABELS_V3_QUOTE_CALLBACK_EXACT_FILL)[0m
[1m2023-10-20T08:18:30.000000001Z[0m [INFO] TRADER-001.nautilus_trading::strategy: DataActor-140733232651416 <--[EVT] OrderInitialized(instrument_id=BTCUSDT-PERP.BINANCE, client_order_id=O-20231020-081830-001-140733232651416-54, side=BUY, type=STOP_MARKET, quantity=13.744, time_in_force=GTC, post_only=false, reduce_only=true, quote_quantity=false, price=None, emulation_trigger=None, trigger_instrument_id=None, contingency_type=OUO, order_list_id=OL-20231020-081830-001-140733232651416-14, linked_order_ids=[O-20231020-081830-001-140733232651416-55], parent_order_id=O-20231020-081830-001-140733232651416-53, exec_algorithm_id=None, exec_algorithm_params=None, exec_spawn_id=None, tags=quote-resiliency-btcusdt-000041, FULL_SWEEP_RESPONSE_EXTREME, STRUCTURAL_INVALIDATION)[0m
[1m2023-10-20T08:18:30.000000001Z[0m [INFO] TRADER-001.nautilus_trading::strategy: DataActor-140733232651416 <--[EVT] OrderInitialized(instrument_id=BTCUSDT-PERP.BINANCE, client_order_id=O-20231020-081830-001-140733232651416-55, side=BUY, type=LIMIT, quantity=13.744, time_in_force=GTC, post_only=false, reduce_only=true, quote_quantity=false, price=29110.0, emulation_trigger=None, trigger_instrument_id=None, contingency_type=OUO, order_list_id=OL-20231020-081830-001-140733232651416-14, linked_order_ids=[O-20231020-081830-001-140733232651416-54], parent_order_id=O-20231020-081830-001-140733232651416-53, exec_algorithm_id=None, exec_algorithm_params=None, exec_spawn_id=None, tags=quote-resiliency-btcusdt-000041, ACTIVE_COMPLETED_EXTERNAL_TARGET, FOUR_HOUR)[0m
[1m2023-10-20T08:18:30.000000001Z[0m [INFO] TRADER-001.nautilus_trading::strategy: DataActor-140733232651416 [CMD]--> SubmitOrderList[0m
[1m2023-10-20T08:18:30.000000001Z[0m [94m[INFO] TRADER-001.nautilus_execution::engine: Submit OrderList(id=OL-20231020-081830-001-140733232651416-14, instrument_id=BTCUSDT-PERP.BINANCE, strategy_id=DataActor-140733232651416, client_order_ids=["O-20231020-081830-001-140733232651416-53", "O-20231020-081830-001-140733232651416-54", "O-20231020-081830-001-140733232651416-55"], ts_init=1697789910000000001)[0m
[1m2023-10-20T08:18:30.000000001Z[0m [INFO] TRADER-001.nautilus_trading::strategy: DataActor-140733232651416 <--[EVT] OrderSubmitted(instrument_id=BTCUSDT-PERP.BINANCE, client_order_id=O-20231020-081830-001-140733232651416-53, account_id=BINANCE-001, ts_event=1697789910000000001)[0m
[1m2023-10-20T08:18:30.000000001Z[0m [INFO] TRADER-001.nautilus_trading::strategy: DataActor-140733232651416 <--[EVT] OrderSubmitted(instrument_id=BTCUSDT-PERP.BINANCE, client_order_id=O-20231020-081830-001-140733232651416-54, account_id=BINANCE-001, ts_event=1697789910000000001)[0m
[1m2023-10-20T08:18:30.000000001Z[0m [INFO] TRADER-001.nautilus_trading::strategy: DataActor-140733232651416 <--[EVT] OrderSubmitted(instrument_id=BTCUSDT-PERP.BINANCE, client_order_id=O-20231020-081830-001-140733232651416-55, account_id=BINANCE-001, ts_event=1697789910000000001)[0m
[1m2023-10-20T08:18:30.000000001Z[0m [INFO] TRADER-001.nautilus_portfolio::manager: BTCUSDT-PERP.BINANCE margin_init=0.00000000 USDT[0m
[1m2023-10-20T08:18:30.000000001Z[0m [INFO] TRADER-001.nautilus_trading::strategy: DataActor-140733232651416 <--[EVT] OrderFilled(instrument_id=BTCUSDT-PERP.BINANCE, client_order_id=O-20231020-081830-001-140733232651416-53, venue_order_id=BINANCE-1-53, account_id=BINANCE-001, trade_id=T-16841f7729df886e-114701, position_id=P-20231020-081830-001-140733232651416-14, order_side=SELL, order_type=MARKET, last_qty=13.744, last_px=29_380.4 USDT, commission=242.28253056 USDT, liquidity_side=TAKER, ts_event=1697789910000000001)[0m
[1m2023-10-20T08:18:30.000000001Z[0m [INFO] TRADER-001.nautilus_trading::strategy: Canceling 2 inflight BTCUSDT-PERP.BINANCE orders[0m
[1m2023-10-20T08:18:30.000000001Z[0m [INFO] TRADER-001.nautilus_trading::strategy: DataActor-140733232651416 [CMD]--> CancelAllOrders[0m
[1m2023-10-20T08:18:30.000000001Z[0m [INFO] TRADER-001.nautilus_portfolio::portfolio: BTCUSDT-PERP.BINANCE net_position=-13.744[0m
[1m2023-10-20T08:18:30.000000001Z[0m [INFO] TRADER-001.nautilus_portfolio::manager: BTCUSDT-PERP.BINANCE margin_maint=1615.21687040 USDT[0m
[1m2023-10-20T08:18:30.000000001Z[0m [INFO] TRADER-001.nautilus_portfolio::portfolio: Updated AccountState(account_id=BINANCE-001, account_type=MARGIN, base_currency=USDT, is_reported=false, balances=[AccountBalance(total=85818.22758806 USDT, locked=1615.21687040 USDT, free=84203.01071766 USDT)], margins=[MarginBalance(initial=0.00000000 USDT, maintenance=1615.21687040 USDT, instrument_id=BTCUSDT-PERP.BINANCE)], event_id=8272ea44-8b37-40bd-8f76-a01a80fa6f8c)[0m
[1m2023-10-20T08:18:30.000000001Z[0m [INFO] TRADER-001.nautilus_trading::strategy: DataActor-140733232651416 <--[EVT] PositionOpened(PositionOpened { trader_id: "TRADER-001", strategy_id: "DataActor-140733232651416", instrument_id: "BTCUSDT-PERP.BINANCE", position_id: "P-20231020-081830-001-140733232651416-14", account_id: "BINANCE-001", opening_order_id: "O-20231020-081830-001-140733232651416-53", entry: Sell, side: Short, signed_qty: -13.744, quantity: Quantity(13.744), last_qty: Quantity(13.744), last_px: Price(29380.4), currency: Currency(code='USDT', precision=8, iso4217=0, name='Tether', currency_type=CRYPTO), avg_px_open: 29380.4, event_id: UUID4(4d5ef337-1431-4c43-a079-d72ef75ccc94), ts_event: UnixNanos(1697789910000000001), ts_init: UnixNanos(1697789910000000001) })[0m
[1m2023-10-20T08:18:30.000000001Z[0m [INFO] TRADER-001.nautilus_portfolio::manager: BTCUSDT-PERP.BINANCE margin_init=0.00000000 USDT[0m
[1m2023-10-20T08:18:30.000000001Z[0m [INFO] TRADER-001.nautilus_portfolio::portfolio: Updated AccountState(account_id=BINANCE-001, account_type=MARGIN, base_currency=USDT, is_reported=false, balances=[AccountBalance(total=85818.22758806 USDT, locked=1615.21687040 USDT, free=84203.01071766 USDT)], margins=[MarginBalance(initial=0.00000000 USDT, maintenance=1615.21687040 USDT, instrument_id=BTCUSDT-PERP.BINANCE)], event_id=230f4d50-de71-45a8-af0f-b7882632145d)[0m
[1m2023-10-20T08:18:30.000000001Z[0m [INFO] TRADER-001.nautilus_trading::strategy: DataActor-140733232651416 <--[EVT] OrderAccepted(instrument_id=BTCUSDT-PERP.BINANCE, client_order_id=O-20231020-081830-001-140733232651416-54, venue_order_id=BINANCE-1-54, account_id=BINANCE-001, ts_event=1697789910000000001)[0m
[1m2023-10-20T08:18:30.000000001Z[0m [INFO] TRADER-001.nautilus_portfolio::manager: BTCUSDT-PERP.BINANCE margin_init=0.00000000 USDT[0m
[1m2023-10-20T08:18:30.000000001Z[0m [INFO] TRADER-001.nautilus_portfolio::portfolio: Updated AccountState(account_id=BINANCE-001, account_type=MARGIN, base_currency=USDT, is_reported=false, balances=[AccountBalance(total=85818.22758806 USDT, locked=1615.21687040 USDT, free=84203.01071766 USDT)], margins=[MarginBalance(initial=0.00000000 USDT, maintenance=1615.21687040 USDT, instrument_id=BTCUSDT-PERP.BINANCE)], event_id=d11d88d8-46a6-4efc-8cec-dc0f723aba5d)[0m
[1m2023-10-20T08:18:30.000000001Z[0m [INFO] TRADER-001.nautilus_trading::strategy: DataActor-140733232651416 <--[EVT] OrderAccepted(instrument_id=BTCUSDT-PERP.BINANCE, client_order_id=O-20231020-081830-001-140733232651416-55, venue_order_id=BINANCE-1-55, account_id=BINANCE-001, ts_event=1697789910000000001)[0m
[1m2023-10-20T08:18:30.000000001Z[0m [94m[INFO] TRADER-001.nautilus_execution::engine: Cancel all orders[0m
[1m2023-10-20T08:18:30.000000001Z[0m [INFO] TRADER-001.nautilus_portfolio::manager: BTCUSDT-PERP.BINANCE margin_init=0.00000000 USDT[0m
[1m2023-10-20T08:18:30.000000001Z[0m [INFO] TRADER-001.nautilus_portfolio::portfolio: Updated AccountState(account_id=BINANCE-001, account_type=MARGIN, base_currency=USDT, is_reported=false, balances=[AccountBalance(total=85818.22758806 USDT, locked=1615.21687040 USDT, free=84203.01071766 USDT)], margins=[MarginBalance(initial=0.00000000 USDT, maintenance=1615.21687040 USDT, instrument_id=BTCUSDT-PERP.BINANCE)], event_id=bdd6b686-3355-4755-9299-7d89c3890c33)[0m
[1m2023-10-20T08:18:30.000000001Z[0m [INFO] TRADER-001.nautilus_trading::strategy: DataActor-140733232651416 <--[EVT] OrderCanceled(instrument_id=BTCUSDT-PERP.BINANCE, client_order_id=O-20231020-081830-001-140733232651416-54, venue_order_id=BINANCE-1-54, account_id=BINANCE-001, ts_event=1697789910000000001)[0m
[1m2023-10-20T08:18:30.000000001Z[0m [INFO] TRADER-001.nautilus_portfolio::manager: BTCUSDT-PERP.BINANCE margin_init=0.00000000 USDT[0m
[1m2023-10-20T08:18:30.000000001Z[0m [INFO] TRADER-001.nautilus_portfolio::portfolio: Updated AccountState(account_id=BINANCE-001, account_type=MARGIN, base_currency=USDT, is_reported=false, balances=[AccountBalance(total=85818.22758806 USDT, locked=1615.21687040 USDT, free=84203.01071766 USDT)], margins=[MarginBalance(initial=0.00000000 USDT, maintenance=1615.21687040 USDT, instrument_id=BTCUSDT-PERP.BINANCE)], event_id=b5d1bb67-0dd3-4b6e-ab0b-4545c4e3ce4d)[0m
[1m2023-10-20T08:18:30.000000001Z[0m [INFO] TRADER-001.nautilus_trading::strategy: DataActor-140733232651416 <--[EVT] OrderCanceled(instrument_id=BTCUSDT-PERP.BINANCE, client_order_id=O-20231020-081830-001-140733232651416-55, venue_order_id=BINANCE-1-55, account_id=BINANCE-001, ts_event=1697789910000000001)[0m
[1m2023-10-20T08:18:40.000000000Z[0m [INFO] TRADER-001.nautilus_trading::strategy: No BTCUSDT-PERP.BINANCE open, emulated, or inflight orders to cancel[0m
[1m2023-10-20T08:18:40.000000000Z[0m [INFO] TRADER-001.nautilus_trading::strategy: Closing 1 open position[0m
[1m2023-10-20T08:18:40.000000000Z[0m [INFO] TRADER-001.nautilus_trading::strategy: DataActor-140733232651416 <--[EVT] OrderInitialized(instrument_id=BTCUSDT-PERP.BINANCE, client_order_id=O-20231020-081840-001-140733232651416-56, side=BUY, type=MARKET, quantity=13.744, time_in_force=GTC, post_only=false, reduce_only=true, quote_quantity=false, price=None, emulation_trigger=None, trigger_instrument_id=None, contingency_type=NO_CONTINGENCY, order_list_id=None, linked_order_ids=[None], parent_order_id=None, exec_algorithm_id=None, exec_algorithm_params=None, exec_spawn_id=None, tags=None)[0m
[1m2023-10-20T08:18:40.000000000Z[0m [INFO] TRADER-001.nautilus_trading::strategy: DataActor-140733232651416 [CMD]--> SubmitOrder[0m
[1m2023-10-20T08:18:40.000000000Z[0m [94m[INFO] TRADER-001.nautilus_execution::engine: Submit MarketOrder(BUY 13.744 BTCUSDT-PERP.BINANCE @ MARKET GTC, status=INITIALIZED, client_order_id=O-20231020-081840-001-140733232651416-56, venue_order_id=None, position_id=None, exec_algorithm_id=None, exec_spawn_id=None, tags=None)[0m
[1m2023-10-20T08:18:40.000000000Z[0m [INFO] TRADER-001.nautilus_trading::strategy: DataActor-140733232651416 <--[EVT] OrderSubmitted(instrument_id=BTCUSDT-PERP.BINANCE, client_order_id=O-20231020-081840-001-140733232651416-56, account_id=BINANCE-001, ts_event=1697789920000000000)[0m
[1m2023-10-20T08:18:40.000000000Z[0m [INFO] TRADER-001.nautilus_portfolio::manager: BTCUSDT-PERP.BINANCE margin_init=0.00000000 USDT[0m
[1m2023-10-20T08:18:40.000000000Z[0m [INFO] TRADER-001.nautilus_trading::strategy: DataActor-140733232651416 <--[EVT] OrderFilled(instrument_id=BTCUSDT-PERP.BINANCE, client_order_id=O-20231020-081840-001-140733232651416-56, venue_order_id=BINANCE-1-56, account_id=BINANCE-001, trade_id=T-97dc58dd02338d31-114705, position_id=P-20231020-081830-001-140733232651416-14, order_side=BUY, order_type=MARKET, last_qty=13.744, last_px=29_399.7 USDT, commission=242.44168608 USDT, liquidity_side=TAKER, ts_event=1697789920000000000)[0m
[1m2023-10-20T08:18:40.000000000Z[0m [INFO] TRADER-001.nautilus_portfolio::portfolio: BTCUSDT-PERP.BINANCE net_position=0[0m
[1m2023-10-20T08:18:40.000000000Z[0m [INFO] TRADER-001.nautilus_portfolio::manager: BTCUSDT-PERP.BINANCE margin_maint=0.00000000 USDT[0m
[1m2023-10-20T08:18:40.000000000Z[0m [INFO] TRADER-001.nautilus_portfolio::portfolio: Updated AccountState(account_id=BINANCE-001, account_type=MARGIN, base_currency=USDT, is_reported=false, balances=[AccountBalance(total=85310.52670198 USDT, locked=0.00000000 USDT, free=85310.52670198 USDT)], margins=[], event_id=946c9211-d96e-4feb-a0f7-498cbd66ae53)[0m
[1m2023-10-20T08:18:40.000000000Z[0m [INFO] TRADER-001.nautilus_trading::strategy: DataActor-140733232651416 <--[EVT] PositionClosed(PositionClosed { trader_id: "TRADER-001", strategy_id: "DataActor-140733232651416", instrument_id: "BTCUSDT-PERP.BINANCE", position_id: "P-20231020-081830-001-140733232651416-14", account_id: "BINANCE-001", opening_order_id: "O-20231020-081830-001-140733232651416-53", closing_order_id: Some("O-20231020-081840-001-140733232651416-56"), entry: Sell, side: Flat, signed_qty: 0.0, quantity: Quantity(0.000), peak_quantity: Quantity(13.744), last_qty: Quantity(13.744), last_px: Price(29399.7), currency: Currency(code='USDT', precision=8, iso4217=0, name='Tether', currency_type=CRYPTO), avg_px_open: 29380.4, avg_px_close: Some(29399.7), realized_return: -0.0006569005187131309, realized_pnl: Some(Money(-749.98341664, USDT)), unrealized_pnl: Money(0.00000000, USDT), duration: 9999999999, event_id: UUID4(dd31fa4d-5470-4197-947b-63630cc8e5af), ts_opened: UnixNanos(1697789910000000001), ts_closed: Some(UnixNanos(1697789920000000000)), ts_event: UnixNanos(1697789920000000000), ts_init: UnixNanos(1697789920000000000) })[0m
[1m2023-10-20T17:10:10.000000001Z[0m [INFO] TRADER-001.nautilus_trading::strategy: DataActor-140733232651416 <--[EVT] OrderInitialized(instrument_id=BTCUSDT-PERP.BINANCE, client_order_id=O-20231020-171010-001-140733232651416-57, side=BUY, type=MARKET, quantity=19.169, time_in_force=GTC, post_only=false, reduce_only=false, quote_quantity=false, price=None, emulation_trigger=None, trigger_instrument_id=None, contingency_type=OTO, order_list_id=OL-20231020-171010-001-140733232651416-15, linked_order_ids=[O-20231020-171010-001-140733232651416-58, O-20231020-171010-001-140733232651416-59], parent_order_id=None, exec_algorithm_id=None, exec_algorithm_params=None, exec_spawn_id=None, tags=quote-resiliency-btcusdt-000042, QUOTE_REPLENISHED_FAILED_AUCTION_REVERSAL, LONG, COMPLETED_TEN_SECOND_MARKET_ENTRY, QUOTE_RESILIENCY_NATIVE_EXECUTION_LABELS_V3_QUOTE_CALLBACK_EXACT_FILL)[0m
[1m2023-10-20T17:10:10.000000001Z[0m [INFO] TRADER-001.nautilus_trading::strategy: DataActor-140733232651416 <--[EVT] OrderInitialized(instrument_id=BTCUSDT-PERP.BINANCE, client_order_id=O-20231020-171010-001-140733232651416-58, side=SELL, type=STOP_MARKET, quantity=19.169, time_in_force=GTC, post_only=false, reduce_only=true, quote_quantity=false, price=None, emulation_trigger=None, trigger_instrument_id=None, contingency_type=OUO, order_list_id=OL-20231020-171010-001-140733232651416-15, linked_order_ids=[O-20231020-171010-001-140733232651416-59], parent_order_id=O-20231020-171010-001-140733232651416-57, exec_algorithm_id=None, exec_algorithm_params=None, exec_spawn_id=None, tags=quote-resiliency-btcusdt-000042, FULL_SWEEP_RESPONSE_EXTREME, STRUCTURAL_INVALIDATION)[0m
[1m2023-10-20T17:10:10.000000001Z[0m [INFO] TRADER-001.nautilus_trading::strategy: DataActor-140733232651416 <--[EVT] OrderInitialized(instrument_id=BTCUSDT-PERP.BINANCE, client_order_id=O-20231020-171010-001-140733232651416-59, side=SELL, type=LIMIT, quantity=19.169, time_in_force=GTC, post_only=false, reduce_only=true, quote_quantity=false, price=29900.0, emulation_trigger=None, trigger_instrument_id=None, contingency_type=OUO, order_list_id=OL-20231020-171010-001-140733232651416-15, linked_order_ids=[O-20231020-171010-001-140733232651416-58], parent_order_id=O-20231020-171010-001-140733232651416-57, exec_algorithm_id=None, exec_algorithm_params=None, exec_spawn_id=None, tags=quote-resiliency-btcusdt-000042, ACTIVE_COMPLETED_EXTERNAL_TARGET, FOUR_HOUR)[0m
[1m2023-10-20T17:10:10.000000001Z[0m [INFO] TRADER-001.nautilus_trading::strategy: DataActor-140733232651416 [CMD]--> SubmitOrderList[0m
[1m2023-10-20T17:10:10.000000001Z[0m [94m[INFO] TRADER-001.nautilus_execution::engine: Submit OrderList(id=OL-20231020-171010-001-140733232651416-15, instrument_id=BTCUSDT-PERP.BINANCE, strategy_id=DataActor-140733232651416, client_order_ids=["O-20231020-171010-001-140733232651416-57", "O-20231020-171010-001-140733232651416-58", "O-20231020-171010-001-140733232651416-59"], ts_init=1697821810000000001)[0m
[1m2023-10-20T17:10:10.000000001Z[0m [INFO] TRADER-001.nautilus_trading::strategy: DataActor-140733232651416 <--[EVT] OrderSubmitted(instrument_id=BTCUSDT-PERP.BINANCE, client_order_id=O-20231020-171010-001-140733232651416-57, account_id=BINANCE-001, ts_event=1697821810000000001)[0m
[1m2023-10-20T17:10:10.000000001Z[0m [INFO] TRADER-001.nautilus_trading::strategy: DataActor-140733232651416 <--[EVT] OrderSubmitted(instrument_id=BTCUSDT-PERP.BINANCE, client_order_id=O-20231020-171010-001-140733232651416-58, account_id=BINANCE-001, ts_event=1697821810000000001)[0m
[1m2023-10-20T17:10:10.000000001Z[0m [INFO] TRADER-001.nautilus_trading::strategy: DataActor-140733232651416 <--[EVT] OrderSubmitted(instrument_id=BTCUSDT-PERP.BINANCE, client_order_id=O-20231020-171010-001-140733232651416-59, account_id=BINANCE-001, ts_event=1697821810000000001)[0m
[1m2023-10-20T17:10:10.000000001Z[0m [INFO] TRADER-001.nautilus_portfolio::manager: BTCUSDT-PERP.BINANCE margin_init=0.00000000 USDT[0m
[1m2023-10-20T17:10:10.000000001Z[0m [INFO] TRADER-001.nautilus_trading::strategy: DataActor-140733232651416 <--[EVT] OrderFilled(instrument_id=BTCUSDT-PERP.BINANCE, client_order_id=O-20231020-171010-001-140733232651416-57, venue_order_id=BINANCE-1-57, account_id=BINANCE-001, trade_id=T-bd33fb56f4b341c3-124191, position_id=P-20231020-171010-001-140733232651416-15, order_side=BUY, order_type=MARKET, last_qty=19.169, last_px=29_374.9 USDT, commission=337.85247486 USDT, liquidity_side=TAKER, ts_event=1697821810000000001)[0m
[1m2023-10-20T17:10:10.000000001Z[0m [INFO] TRADER-001.nautilus_trading::strategy: Canceling 2 inflight BTCUSDT-PERP.BINANCE orders[0m
[1m2023-10-20T17:10:10.000000001Z[0m [INFO] TRADER-001.nautilus_trading::strategy: DataActor-140733232651416 [CMD]--> CancelAllOrders[0m
[1m2023-10-20T17:10:10.000000001Z[0m [INFO] TRADER-001.nautilus_portfolio::portfolio: BTCUSDT-PERP.BINANCE net_position=19.169[0m
[1m2023-10-20T17:10:10.000000001Z[0m [INFO] TRADER-001.nautilus_portfolio::manager: BTCUSDT-PERP.BINANCE margin_maint=2252.34983240 USDT[0m
[1m2023-10-20T17:10:10.000000001Z[0m [INFO] TRADER-001.nautilus_portfolio::portfolio: Updated AccountState(account_id=BINANCE-001, account_type=MARGIN, base_currency=USDT, is_reported=false, balances=[AccountBalance(total=84972.67422712 USDT, locked=2252.34983240 USDT, free=82720.32439472 USDT)], margins=[MarginBalance(initial=0.00000000 USDT, maintenance=2252.34983240 USDT, instrument_id=BTCUSDT-PERP.BINANCE)], event_id=293bbcab-dd94-4c06-8ca0-d296e5576b56)[0m
[1m2023-10-20T17:10:10.000000001Z[0m [INFO] TRADER-001.nautilus_trading::strategy: DataActor-140733232651416 <--[EVT] PositionOpened(PositionOpened { trader_id: "TRADER-001", strategy_id: "DataActor-140733232651416", instrument_id: "BTCUSDT-PERP.BINANCE", position_id: "P-20231020-171010-001-140733232651416-15", account_id: "BINANCE-001", opening_order_id: "O-20231020-171010-001-140733232651416-57", entry: Buy, side: Long, signed_qty: 19.169, quantity: Quantity(19.169), last_qty: Quantity(19.169), last_px: Price(29374.9), currency: Currency(code='USDT', precision=8, iso4217=0, name='Tether', currency_type=CRYPTO), avg_px_open: 29374.9, event_id: UUID4(78428e7e-0792-47c1-b706-8196babcf884), ts_event: UnixNanos(1697821810000000001), ts_init: UnixNanos(1697821810000000001) })[0m
[1m2023-10-20T17:10:10.000000001Z[0m [INFO] TRADER-001.nautilus_portfolio::manager: BTCUSDT-PERP.BINANCE margin_init=0.00000000 USDT[0m
[1m2023-10-20T17:10:10.000000001Z[0m [INFO] TRADER-001.nautilus_portfolio::portfolio: Updated AccountState(account_id=BINANCE-001, account_type=MARGIN, base_currency=USDT, is_reported=false, balances=[AccountBalance(total=84972.67422712 USDT, locked=2252.34983240 USDT, free=82720.32439472 USDT)], margins=[MarginBalance(initial=0.00000000 USDT, maintenance=2252.34983240 USDT, instrument_id=BTCUSDT-PERP.BINANCE)], event_id=4925f8de-8da4-4018-b641-74d2b3780c73)[0m
[1m2023-10-20T17:10:10.000000001Z[0m [INFO] TRADER-001.nautilus_trading::strategy: DataActor-140733232651416 <--[EVT] OrderAccepted(instrument_id=BTCUSDT-PERP.BINANCE, client_order_id=O-20231020-171010-001-140733232651416-58, venue_order_id=BINANCE-1-58, account_id=BINANCE-001, ts_event=1697821810000000001)[0m
[1m2023-10-20T17:10:10.000000001Z[0m [INFO] TRADER-001.nautilus_portfolio::manager: BTCUSDT-PERP.BINANCE margin_init=0.00000000 USDT[0m
[1m2023-10-20T17:10:10.000000001Z[0m [INFO] TRADER-001.nautilus_portfolio::portfolio: Updated AccountState(account_id=BINANCE-001, account_type=MARGIN, base_currency=USDT, is_reported=false, balances=[AccountBalance(total=84972.67422712 USDT, locked=2252.34983240 USDT, free=82720.32439472 USDT)], margins=[MarginBalance(initial=0.00000000 USDT, maintenance=2252.34983240 USDT, instrument_id=BTCUSDT-PERP.BINANCE)], event_id=5e37e360-198b-4c92-840c-5d057ede1388)[0m
[1m2023-10-20T17:10:10.000000001Z[0m [INFO] TRADER-001.nautilus_trading::strategy: DataActor-140733232651416 <--[EVT] OrderAccepted(instrument_id=BTCUSDT-PERP.BINANCE, client_order_id=O-20231020-171010-001-140733232651416-59, venue_order_id=BINANCE-1-59, account_id=BINANCE-001, ts_event=1697821810000000001)[0m
[1m2023-10-20T17:10:10.000000001Z[0m [94m[INFO] TRADER-001.nautilus_execution::engine: Cancel all orders[0m
[1m2023-10-20T17:10:10.000000001Z[0m [INFO] TRADER-001.nautilus_portfolio::manager: BTCUSDT-PERP.BINANCE margin_init=0.00000000 USDT[0m
[1m2023-10-20T17:10:10.000000001Z[0m [INFO] TRADER-001.nautilus_portfolio::portfolio: Updated AccountState(account_id=BINANCE-001, account_type=MARGIN, base_currency=USDT, is_reported=false, balances=[AccountBalance(total=84972.67422712 USDT, locked=2252.34983240 USDT, free=82720.32439472 USDT)], margins=[MarginBalance(initial=0.00000000 USDT, maintenance=2252.34983240 USDT, instrument_id=BTCUSDT-PERP.BINANCE)], event_id=65fc4df4-11f6-4469-a73e-cbc6da6fc864)[0m
[1m2023-10-20T17:10:10.000000001Z[0m [INFO] TRADER-001.nautilus_trading::strategy: DataActor-140733232651416 <--[EVT] OrderCanceled(instrument_id=BTCUSDT-PERP.BINANCE, client_order_id=O-20231020-171010-001-140733232651416-58, venue_order_id=BINANCE-1-58, account_id=BINANCE-001, ts_event=1697821810000000001)[0m
[1m2023-10-20T17:10:10.000000001Z[0m [INFO] TRADER-001.nautilus_portfolio::manager: BTCUSDT-PERP.BINANCE margin_init=0.00000000 USDT[0m
[1m2023-10-20T17:10:10.000000001Z[0m [INFO] TRADER-001.nautilus_portfolio::portfolio: Updated AccountState(account_id=BINANCE-001, account_type=MARGIN, base_currency=USDT, is_reported=false, balances=[AccountBalance(total=84972.67422712 USDT, locked=2252.34983240 USDT, free=82720.32439472 USDT)], margins=[MarginBalance(initial=0.00000000 USDT, maintenance=2252.34983240 USDT, instrument_id=BTCUSDT-PERP.BINANCE)], event_id=9fa619e3-43c6-41ad-a483-dd2e9be40e79)[0m
[1m2023-10-20T17:10:10.000000001Z[0m [INFO] TRADER-001.nautilus_trading::strategy: DataActor-140733232651416 <--[EVT] OrderCanceled(instrument_id=BTCUSDT-PERP.BINANCE, client_order_id=O-20231020-171010-001-140733232651416-59, venue_order_id=BINANCE-1-59, account_id=BINANCE-001, ts_event=1697821810000000001)[0m
[1m2023-10-20T17:10:20.000000000Z[0m [INFO] TRADER-001.nautilus_trading::strategy: No BTCUSDT-PERP.BINANCE open, emulated, or inflight orders to cancel[0m
[1m2023-10-20T17:10:20.000000000Z[0m [INFO] TRADER-001.nautilus_trading::strategy: Closing 1 open position[0m
[1m2023-10-20T17:10:20.000000000Z[0m [INFO] TRADER-001.nautilus_trading::strategy: DataActor-140733232651416 <--[EVT] OrderInitialized(instrument_id=BTCUSDT-PERP.BINANCE, client_order_id=O-20231020-171020-001-140733232651416-60, side=SELL, type=MARKET, quantity=19.169, time_in_force=GTC, post_only=false, reduce_only=true, quote_quantity=false, price=None, emulation_trigger=None, trigger_instrument_id=None, contingency_type=NO_CONTINGENCY, order_list_id=None, linked_order_ids=[None], parent_order_id=None, exec_algorithm_id=None, exec_algorithm_params=None, exec_spawn_id=None, tags=None)[0m
[1m2023-10-20T17:10:20.000000000Z[0m [INFO] TRADER-001.nautilus_trading::strategy: DataActor-140733232651416 [CMD]--> SubmitOrder[0m
[1m2023-10-20T17:10:20.000000000Z[0m [94m[INFO] TRADER-001.nautilus_execution::engine: Submit MarketOrder(SELL 19.169 BTCUSDT-PERP.BINANCE @ MARKET GTC, status=INITIALIZED, client_order_id=O-20231020-171020-001-140733232651416-60, venue_order_id=None, position_id=None, exec_algorithm_id=None, exec_spawn_id=None, tags=None)[0m
[1m2023-10-20T17:10:20.000000000Z[0m [INFO] TRADER-001.nautilus_trading::strategy: DataActor-140733232651416 <--[EVT] OrderSubmitted(instrument_id=BTCUSDT-PERP.BINANCE, client_order_id=O-20231020-171020-001-140733232651416-60, account_id=BINANCE-001, ts_event=1697821820000000000)[0m
[1m2023-10-20T17:10:20.000000000Z[0m [INFO] TRADER-001.nautilus_portfolio::manager: BTCUSDT-PERP.BINANCE margin_init=0.00000000 USDT[0m
[1m2023-10-20T17:10:20.000000000Z[0m [INFO] TRADER-001.nautilus_trading::strategy: DataActor-140733232651416 <--[EVT] OrderFilled(instrument_id=BTCUSDT-PERP.BINANCE, client_order_id=O-20231020-171020-001-140733232651416-60, venue_order_id=BINANCE-1-60, account_id=BINANCE-001, trade_id=T-7ecd0d50b3f7d7f2-124196, position_id=P-20231020-171010-001-140733232651416-15, order_side=SELL, order_type=MARKET, last_qty=19.169, last_px=29_376.8 USDT, commission=337.87432752 USDT, liquidity_side=TAKER, ts_event=1697821820000000000)[0m
[1m2023-10-20T17:10:20.000000000Z[0m [INFO] TRADER-001.nautilus_portfolio::portfolio: BTCUSDT-PERP.BINANCE net_position=0[0m
[1m2023-10-20T17:10:20.000000000Z[0m [INFO] TRADER-001.nautilus_portfolio::manager: BTCUSDT-PERP.BINANCE margin_maint=0.00000000 USDT[0m
[1m2023-10-20T17:10:20.000000000Z[0m [INFO] TRADER-001.nautilus_portfolio::portfolio: Updated AccountState(account_id=BINANCE-001, account_type=MARGIN, base_currency=USDT, is_reported=false, balances=[AccountBalance(total=84671.22099960 USDT, locked=0.00000000 USDT, free=84671.22099960 USDT)], margins=[], event_id=049427eb-1987-4ca0-8516-f072ba1f24dd)[0m
[1m2023-10-20T17:10:20.000000000Z[0m [INFO] TRADER-001.nautilus_trading::strategy: DataActor-140733232651416 <--[EVT] PositionClosed(PositionClosed { trader_id: "TRADER-001", strategy_id: "DataActor-140733232651416", instrument_id: "BTCUSDT-PERP.BINANCE", position_id: "P-20231020-171010-001-140733232651416-15", account_id: "BINANCE-001", opening_order_id: "O-20231020-171010-001-140733232651416-57", closing_order_id: Some("O-20231020-171020-001-140733232651416-60"), entry: Buy, side: Flat, signed_qty: 0.0, quantity: Quantity(0.000), peak_quantity: Quantity(19.169), last_qty: Quantity(19.169), last_px: Price(29376.8), currency: Currency(code='USDT', precision=8, iso4217=0, name='Tether', currency_type=CRYPTO), avg_px_open: 29374.9, avg_px_close: Some(29376.8), realized_return: 6.468107125463635e-5, realized_pnl: Some(Money(-639.30570238, USDT)), unrealized_pnl: Money(0.00000000, USDT), duration: 9999999999, event_id: UUID4(77dd1522-7eb7-45ad-87a8-924b8ab37710), ts_opened: UnixNanos(1697821810000000001), ts_closed: Some(UnixNanos(1697821820000000000)), ts_event: UnixNanos(1697821820000000000), ts_init: UnixNanos(1697821820000000000) })[0m
[1m2023-10-21T14:47:00.000000001Z[0m [INFO] TRADER-001.nautilus_trading::strategy: DataActor-140733232651416 <--[EVT] OrderInitialized(instrument_id=BTCUSDT-PERP.BINANCE, client_order_id=O-20231021-144700-001-140733232651416-61, side=SELL, type=MARKET, quantity=24.399, time_in_force=GTC, post_only=false, reduce_only=false, quote_quantity=false, price=None, emulation_trigger=None, trigger_instrument_id=None, contingency_type=OTO, order_list_id=OL-20231021-144700-001-140733232651416-16, linked_order_ids=[O-20231021-144700-001-140733232651416-62, O-20231021-144700-001-140733232651416-63], parent_order_id=None, exec_algorithm_id=None, exec_algorithm_params=None, exec_spawn_id=None, tags=quote-resiliency-btcusdt-000046, QUOTE_REPLENISHED_FAILED_AUCTION_REVERSAL, SHORT, COMPLETED_TEN_SECOND_MARKET_ENTRY, QUOTE_RESILIENCY_NATIVE_EXECUTION_LABELS_V3_QUOTE_CALLBACK_EXACT_FILL)[0m
[1m2023-10-21T14:47:00.000000001Z[0m [INFO] TRADER-001.nautilus_trading::strategy: DataActor-140733232651416 <--[EVT] OrderInitialized(instrument_id=BTCUSDT-PERP.BINANCE, client_order_id=O-20231021-144700-001-140733232651416-62, side=BUY, type=STOP_MARKET, quantity=24.399, time_in_force=GTC, post_only=false, reduce_only=true, quote_quantity=false, price=None, emulation_trigger=None, trigger_instrument_id=None, contingency_type=OUO, order_list_id=OL-20231021-144700-001-140733232651416-16, linked_order_ids=[O-20231021-144700-001-140733232651416-63], parent_order_id=O-20231021-144700-001-140733232651416-61, exec_algorithm_id=None, exec_algorithm_params=None, exec_spawn_id=None, tags=quote-resiliency-btcusdt-000046, FULL_SWEEP_RESPONSE_EXTREME, STRUCTURAL_INVALIDATION)[0m
[1m2023-10-21T14:47:00.000000001Z[0m [INFO] TRADER-001.nautilus_trading::strategy: DataActor-140733232651416 <--[EVT] OrderInitialized(instrument_id=BTCUSDT-PERP.BINANCE, client_order_id=O-20231021-144700-001-140733232651416-63, side=BUY, type=LIMIT, quantity=24.399, time_in_force=GTC, post_only=false, reduce_only=true, quote_quantity=false, price=29614.1, emulation_trigger=None, trigger_instrument_id=None, contingency_type=OUO, order_list_id=OL-20231021-144700-001-140733232651416-16, linked_order_ids=[O-20231021-144700-001-140733232651416-62], parent_order_id=O-20231021-144700-001-140733232651416-61, exec_algorithm_id=None, exec_algorithm_params=None, exec_spawn_id=None, tags=quote-resiliency-btcusdt-000046, ACTIVE_COMPLETED_EXTERNAL_TARGET, FOUR_HOUR)[0m
[1m2023-10-21T14:47:00.000000001Z[0m [INFO] TRADER-001.nautilus_trading::strategy: DataActor-140733232651416 [CMD]--> SubmitOrderList[0m
[1m2023-10-21T14:47:00.000000001Z[0m [94m[INFO] TRADER-001.nautilus_execution::engine: Submit OrderList(id=OL-20231021-144700-001-140733232651416-16, instrument_id=BTCUSDT-PERP.BINANCE, strategy_id=DataActor-140733232651416, client_order_ids=["O-20231021-144700-001-140733232651416-61", "O-20231021-144700-001-140733232651416-62", "O-20231021-144700-001-140733232651416-63"], ts_init=1697899620000000001)[0m
[1m2023-10-21T14:47:00.000000001Z[0m [INFO] TRADER-001.nautilus_trading::strategy: DataActor-140733232651416 <--[EVT] OrderSubmitted(instrument_id=BTCUSDT-PERP.BINANCE, client_order_id=O-20231021-144700-001-140733232651416-61, account_id=BINANCE-001, ts_event=1697899620000000001)[0m
[1m2023-10-21T14:47:00.000000001Z[0m [INFO] TRADER-001.nautilus_trading::strategy: DataActor-140733232651416 <--[EVT] OrderSubmitted(instrument_id=BTCUSDT-PERP.BINANCE, client_order_id=O-20231021-144700-001-140733232651416-62, account_id=BINANCE-001, ts_event=1697899620000000001)[0m
[1m2023-10-21T14:47:00.000000001Z[0m [INFO] TRADER-001.nautilus_trading::strategy: DataActor-140733232651416 <--[EVT] OrderSubmitted(instrument_id=BTCUSDT-PERP.BINANCE, client_order_id=O-20231021-144700-001-140733232651416-63, account_id=BINANCE-001, ts_event=1697899620000000001)[0m
[1m2023-10-21T14:47:00.000000001Z[0m [INFO] TRADER-001.nautilus_portfolio::manager: BTCUSDT-PERP.BINANCE margin_init=0.00000000 USDT[0m
[1m2023-10-21T14:47:00.000000001Z[0m [INFO] TRADER-001.nautilus_trading::strategy: DataActor-140733232651416 <--[EVT] OrderFilled(instrument_id=BTCUSDT-PERP.BINANCE, client_order_id=O-20231021-144700-001-140733232651416-61, venue_order_id=BINANCE-1-61, account_id=BINANCE-001, trade_id=T-3929b5bfeb835c27-142241, position_id=P-20231021-144700-001-140733232651416-16, order_side=SELL, order_type=MARKET, last_qty=24.399, last_px=29_829.8 USDT, commission=436.69037412 USDT, liquidity_side=TAKER, ts_event=1697899620000000001)[0m
[1m2023-10-21T14:47:00.000000001Z[0m [INFO] TRADER-001.nautilus_trading::strategy: Canceling 2 inflight BTCUSDT-PERP.BINANCE orders[0m
[1m2023-10-21T14:47:00.000000001Z[0m [INFO] TRADER-001.nautilus_trading::strategy: DataActor-140733232651416 [CMD]--> CancelAllOrders[0m
[1m2023-10-21T14:47:00.000000001Z[0m [INFO] TRADER-001.nautilus_portfolio::portfolio: BTCUSDT-PERP.BINANCE net_position=-24.399[0m
[1m2023-10-21T14:47:00.000000001Z[0m [INFO] TRADER-001.nautilus_portfolio::manager: BTCUSDT-PERP.BINANCE margin_maint=2911.26916080 USDT[0m
[1m2023-10-21T14:47:00.000000001Z[0m [INFO] TRADER-001.nautilus_portfolio::portfolio: Updated AccountState(account_id=BINANCE-001, account_type=MARGIN, base_currency=USDT, is_reported=false, balances=[AccountBalance(total=84234.53062548 USDT, locked=2911.26916080 USDT, free=81323.26146468 USDT)], margins=[MarginBalance(initial=0.00000000 USDT, maintenance=2911.26916080 USDT, instrument_id=BTCUSDT-PERP.BINANCE)], event_id=5c1239eb-286b-4921-b99c-7eab296f064e)[0m
[1m2023-10-21T14:47:00.000000001Z[0m [INFO] TRADER-001.nautilus_trading::strategy: DataActor-140733232651416 <--[EVT] PositionOpened(PositionOpened { trader_id: "TRADER-001", strategy_id: "DataActor-140733232651416", instrument_id: "BTCUSDT-PERP.BINANCE", position_id: "P-20231021-144700-001-140733232651416-16", account_id: "BINANCE-001", opening_order_id: "O-20231021-144700-001-140733232651416-61", entry: Sell, side: Short, signed_qty: -24.399, quantity: Quantity(24.399), last_qty: Quantity(24.399), last_px: Price(29829.8), currency: Currency(code='USDT', precision=8, iso4217=0, name='Tether', currency_type=CRYPTO), avg_px_open: 29829.8, event_id: UUID4(852ccfa4-5a48-4945-be7d-92dc022cff93), ts_event: UnixNanos(1697899620000000001), ts_init: UnixNanos(1697899620000000001) })[0m
[1m2023-10-21T14:47:00.000000001Z[0m [INFO] TRADER-001.nautilus_portfolio::manager: BTCUSDT-PERP.BINANCE margin_init=0.00000000 USDT[0m
[1m2023-10-21T14:47:00.000000001Z[0m [INFO] TRADER-001.nautilus_portfolio::portfolio: Updated AccountState(account_id=BINANCE-001, account_type=MARGIN, base_currency=USDT, is_reported=false, balances=[AccountBalance(total=84234.53062548 USDT, locked=2911.26916080 USDT, free=81323.26146468 USDT)], margins=[MarginBalance(initial=0.00000000 USDT, maintenance=2911.26916080 USDT, instrument_id=BTCUSDT-PERP.BINANCE)], event_id=faec8b08-66b1-4098-9402-eb7ca3698ce4)[0m
[1m2023-10-21T14:47:00.000000001Z[0m [INFO] TRADER-001.nautilus_trading::strategy: DataActor-140733232651416 <--[EVT] OrderAccepted(instrument_id=BTCUSDT-PERP.BINANCE, client_order_id=O-20231021-144700-001-140733232651416-62, venue_order_id=BINANCE-1-62, account_id=BINANCE-001, ts_event=1697899620000000001)[0m
[1m2023-10-21T14:47:00.000000001Z[0m [INFO] TRADER-001.nautilus_portfolio::manager: BTCUSDT-PERP.BINANCE margin_init=0.00000000 USDT[0m
[1m2023-10-21T14:47:00.000000001Z[0m [INFO] TRADER-001.nautilus_portfolio::portfolio: Updated AccountState(account_id=BINANCE-001, account_type=MARGIN, base_currency=USDT, is_reported=false, balances=[AccountBalance(total=84234.53062548 USDT, locked=2911.26916080 USDT, free=81323.26146468 USDT)], margins=[MarginBalance(initial=0.00000000 USDT, maintenance=2911.26916080 USDT, instrument_id=BTCUSDT-PERP.BINANCE)], event_id=c0a0a535-7d3b-46f3-bd2a-3ed31d048f71)[0m
[1m2023-10-21T14:47:00.000000001Z[0m [INFO] TRADER-001.nautilus_trading::strategy: DataActor-140733232651416 <--[EVT] OrderAccepted(instrument_id=BTCUSDT-PERP.BINANCE, client_order_id=O-20231021-144700-001-140733232651416-63, venue_order_id=BINANCE-1-63, account_id=BINANCE-001, ts_event=1697899620000000001)[0m
[1m2023-10-21T14:47:00.000000001Z[0m [94m[INFO] TRADER-001.nautilus_execution::engine: Cancel all orders[0m
[1m2023-10-21T14:47:00.000000001Z[0m [INFO] TRADER-001.nautilus_portfolio::manager: BTCUSDT-PERP.BINANCE margin_init=0.00000000 USDT[0m
[1m2023-10-21T14:47:00.000000001Z[0m [INFO] TRADER-001.nautilus_portfolio::portfolio: Updated AccountState(account_id=BINANCE-001, account_type=MARGIN, base_currency=USDT, is_reported=false, balances=[AccountBalance(total=84234.53062548 USDT, locked=2911.26916080 USDT, free=81323.26146468 USDT)], margins=[MarginBalance(initial=0.00000000 USDT, maintenance=2911.26916080 USDT, instrument_id=BTCUSDT-PERP.BINANCE)], event_id=8c6f0507-6f4a-410a-a1f4-d3ec684f6b93)[0m
[1m2023-10-21T14:47:00.000000001Z[0m [INFO] TRADER-001.nautilus_trading::strategy: DataActor-140733232651416 <--[EVT] OrderCanceled(instrument_id=BTCUSDT-PERP.BINANCE, client_order_id=O-20231021-144700-001-140733232651416-62, venue_order_id=BINANCE-1-62, account_id=BINANCE-001, ts_event=1697899620000000001)[0m
[1m2023-10-21T14:47:00.000000001Z[0m [INFO] TRADER-001.nautilus_portfolio::manager: BTCUSDT-PERP.BINANCE margin_init=0.00000000 USDT[0m
[1m2023-10-21T14:47:00.000000001Z[0m [INFO] TRADER-001.nautilus_portfolio::portfolio: Updated AccountState(account_id=BINANCE-001, account_type=MARGIN, base_currency=USDT, is_reported=false, balances=[AccountBalance(total=84234.53062548 USDT, locked=2911.26916080 USDT, free=81323.26146468 USDT)], margins=[MarginBalance(initial=0.00000000 USDT, maintenance=2911.26916080 USDT, instrument_id=BTCUSDT-PERP.BINANCE)], event_id=8d57b27d-d85b-45d7-bd01-c55b243417ac)[0m
[1m2023-10-21T14:47:00.000000001Z[0m [INFO] TRADER-001.nautilus_trading::strategy: DataActor-140733232651416 <--[EVT] OrderCanceled(instrument_id=BTCUSDT-PERP.BINANCE, client_order_id=O-20231021-144700-001-140733232651416-63, venue_order_id=BINANCE-1-63, account_id=BINANCE-001, ts_event=1697899620000000001)[0m
[1m2023-10-21T14:47:10.000000000Z[0m [INFO] TRADER-001.nautilus_trading::strategy: No BTCUSDT-PERP.BINANCE open, emulated, or inflight orders to cancel[0m
[1m2023-10-21T14:47:10.000000000Z[0m [INFO] TRADER-001.nautilus_trading::strategy: Closing 1 open position[0m
[1m2023-10-21T14:47:10.000000000Z[0m [INFO] TRADER-001.nautilus_trading::strategy: DataActor-140733232651416 <--[EVT] OrderInitialized(instrument_id=BTCUSDT-PERP.BINANCE, client_order_id=O-20231021-144710-001-140733232651416-64, side=BUY, type=MARKET, quantity=24.399, time_in_force=GTC, post_only=false, reduce_only=true, quote_quantity=false, price=None, emulation_trigger=None, trigger_instrument_id=None, contingency_type=NO_CONTINGENCY, order_list_id=None, linked_order_ids=[None], parent_order_id=None, exec_algorithm_id=None, exec_algorithm_params=None, exec_spawn_id=None, tags=None)[0m
[1m2023-10-21T14:47:10.000000000Z[0m [INFO] TRADER-001.nautilus_trading::strategy: DataActor-140733232651416 [CMD]--> SubmitOrder[0m
[1m2023-10-21T14:47:10.000000000Z[0m [94m[INFO] TRADER-001.nautilus_execution::engine: Submit MarketOrder(BUY 24.399 BTCUSDT-PERP.BINANCE @ MARKET GTC, status=INITIALIZED, client_order_id=O-20231021-144710-001-140733232651416-64, venue_order_id=None, position_id=None, exec_algorithm_id=None, exec_spawn_id=None, tags=None)[0m
[1m2023-10-21T14:47:10.000000000Z[0m [INFO] TRADER-001.nautilus_trading::strategy: DataActor-140733232651416 <--[EVT] OrderSubmitted(instrument_id=BTCUSDT-PERP.BINANCE, client_order_id=O-20231021-144710-001-140733232651416-64, account_id=BINANCE-001, ts_event=1697899630000000000)[0m
[1m2023-10-21T14:47:10.000000000Z[0m [INFO] TRADER-001.nautilus_portfolio::manager: BTCUSDT-PERP.BINANCE margin_init=0.00000000 USDT[0m
[1m2023-10-21T14:47:10.000000000Z[0m [INFO] TRADER-001.nautilus_trading::strategy: DataActor-140733232651416 <--[EVT] OrderFilled(instrument_id=BTCUSDT-PERP.BINANCE, client_order_id=O-20231021-144710-001-140733232651416-64, venue_order_id=BINANCE-1-64, account_id=BINANCE-001, trade_id=T-0fc3b1b894f94ea4-142244, position_id=P-20231021-144700-001-140733232651416-16, order_side=BUY, order_type=MARKET, last_qty=24.399, last_px=29_844.5 USDT, commission=436.90557330 USDT, liquidity_side=TAKER, ts_event=1697899630000000000)[0m
[1m2023-10-21T14:47:10.000000000Z[0m [INFO] TRADER-001.nautilus_portfolio::portfolio: BTCUSDT-PERP.BINANCE net_position=0[0m
[1m2023-10-21T14:47:10.000000000Z[0m [INFO] TRADER-001.nautilus_portfolio::manager: BTCUSDT-PERP.BINANCE margin_maint=0.00000000 USDT[0m
[1m2023-10-21T14:47:10.000000000Z[0m [INFO] TRADER-001.nautilus_portfolio::portfolio: Updated AccountState(account_id=BINANCE-001, account_type=MARGIN, base_currency=USDT, is_reported=false, balances=[AccountBalance(total=83438.95975218 USDT, locked=0.00000000 USDT, free=83438.95975218 USDT)], margins=[], event_id=63396c48-432b-4535-bfb4-e111ca6fb1c0)[0m
[1m2023-10-21T14:47:10.000000000Z[0m [INFO] TRADER-001.nautilus_trading::strategy: DataActor-140733232651416 <--[EVT] PositionClosed(PositionClosed { trader_id: "TRADER-001", strategy_id: "DataActor-140733232651416", instrument_id: "BTCUSDT-PERP.BINANCE", position_id: "P-20231021-144700-001-140733232651416-16", account_id: "BINANCE-001", opening_order_id: "O-20231021-144700-001-140733232651416-61", closing_order_id: Some("O-20231021-144710-001-140733232651416-64"), entry: Sell, side: Flat, signed_qty: 0.0, quantity: Quantity(0.000), peak_quantity: Quantity(24.399), last_qty: Quantity(24.399), last_px: Price(29844.5), currency: Currency(code='USDT', precision=8, iso4217=0, name='Tether', currency_type=CRYPTO), avg_px_open: 29829.8, avg_px_close: Some(29844.499999999996), realized_return: -0.0004927957948091201, realized_pnl: Some(Money(-1232.26124742, USDT)), unrealized_pnl: Money(0.00000000, USDT), duration: 9999999999, event_id: UUID4(c623acf4-ec8f-46fd-abf5-fd1af511cf36), ts_opened: UnixNanos(1697899620000000001), ts_closed: Some(UnixNanos(1697899630000000000)), ts_event: UnixNanos(1697899630000000000), ts_init: UnixNanos(1697899630000000000) })[0m
[1m2023-10-21T14:48:30.000000001Z[0m [INFO] TRADER-001.nautilus_trading::strategy: DataActor-140733232651416 <--[EVT] OrderInitialized(instrument_id=BTCUSDT-PERP.BINANCE, client_order_id=O-20231021-144830-001-140733232651416-65, side=SELL, type=MARKET, quantity=18.564, time_in_force=GTC, post_only=false, reduce_only=false, quote_quantity=false, price=None, emulation_trigger=None, trigger_instrument_id=None, contingency_type=OTO, order_list_id=OL-20231021-144830-001-140733232651416-17, linked_order_ids=[O-20231021-144830-001-140733232651416-66, O-20231021-144830-001-140733232651416-67], parent_order_id=None, exec_algorithm_id=None, exec_algorithm_params=None, exec_spawn_id=None, tags=quote-resiliency-btcusdt-000047, QUOTE_REPLENISHED_FAILED_AUCTION_REVERSAL, SHORT, COMPLETED_TEN_SECOND_MARKET_ENTRY, QUOTE_RESILIENCY_NATIVE_EXECUTION_LABELS_V3_QUOTE_CALLBACK_EXACT_FILL)[0m
[1m2023-10-21T14:48:30.000000001Z[0m [INFO] TRADER-001.nautilus_trading::strategy: DataActor-140733232651416 <--[EVT] OrderInitialized(instrument_id=BTCUSDT-PERP.BINANCE, client_order_id=O-20231021-144830-001-140733232651416-66, side=BUY, type=STOP_MARKET, quantity=18.564, time_in_force=GTC, post_only=false, reduce_only=true, quote_quantity=false, price=None, emulation_trigger=None, trigger_instrument_id=None, contingency_type=OUO, order_list_id=OL-20231021-144830-001-140733232651416-17, linked_order_ids=[O-20231021-144830-001-140733232651416-67], parent_order_id=O-20231021-144830-001-140733232651416-65, exec_algorithm_id=None, exec_algorithm_params=None, exec_spawn_id=None, tags=quote-resiliency-btcusdt-000047, FULL_SWEEP_RESPONSE_EXTREME, STRUCTURAL_INVALIDATION)[0m
[1m2023-10-21T14:48:30.000000001Z[0m [INFO] TRADER-001.nautilus_trading::strategy: DataActor-140733232651416 <--[EVT] OrderInitialized(instrument_id=BTCUSDT-PERP.BINANCE, client_order_id=O-20231021-144830-001-140733232651416-67, side=BUY, type=LIMIT, quantity=18.564, time_in_force=GTC, post_only=false, reduce_only=true, quote_quantity=false, price=29614.1, emulation_trigger=None, trigger_instrument_id=None, contingency_type=OUO, order_list_id=OL-20231021-144830-001-140733232651416-17, linked_order_ids=[O-20231021-144830-001-140733232651416-66], parent_order_id=O-20231021-144830-001-140733232651416-65, exec_algorithm_id=None, exec_algorithm_params=None, exec_spawn_id=None, tags=quote-resiliency-btcusdt-000047, ACTIVE_COMPLETED_EXTERNAL_TARGET, FOUR_HOUR)[0m
[1m2023-10-21T14:48:30.000000001Z[0m [INFO] TRADER-001.nautilus_trading::strategy: DataActor-140733232651416 [CMD]--> SubmitOrderList[0m
[1m2023-10-21T14:48:30.000000001Z[0m [94m[INFO] TRADER-001.nautilus_execution::engine: Submit OrderList(id=OL-20231021-144830-001-140733232651416-17, instrument_id=BTCUSDT-PERP.BINANCE, strategy_id=DataActor-140733232651416, client_order_ids=["O-20231021-144830-001-140733232651416-65", "O-20231021-144830-001-140733232651416-66", "O-20231021-144830-001-140733232651416-67"], ts_init=1697899710000000001)[0m
[1m2023-10-21T14:48:30.000000001Z[0m [INFO] TRADER-001.nautilus_trading::strategy: DataActor-140733232651416 <--[EVT] OrderSubmitted(instrument_id=BTCUSDT-PERP.BINANCE, client_order_id=O-20231021-144830-001-140733232651416-65, account_id=BINANCE-001, ts_event=1697899710000000001)[0m
[1m2023-10-21T14:48:30.000000001Z[0m [INFO] TRADER-001.nautilus_trading::strategy: DataActor-140733232651416 <--[EVT] OrderSubmitted(instrument_id=BTCUSDT-PERP.BINANCE, client_order_id=O-20231021-144830-001-140733232651416-66, account_id=BINANCE-001, ts_event=1697899710000000001)[0m
[1m2023-10-21T14:48:30.000000001Z[0m [INFO] TRADER-001.nautilus_trading::strategy: DataActor-140733232651416 <--[EVT] OrderSubmitted(instrument_id=BTCUSDT-PERP.BINANCE, client_order_id=O-20231021-144830-001-140733232651416-67, account_id=BINANCE-001, ts_event=1697899710000000001)[0m
[1m2023-10-21T14:48:30.000000001Z[0m [INFO] TRADER-001.nautilus_portfolio::manager: BTCUSDT-PERP.BINANCE margin_init=0.00000000 USDT[0m
[1m2023-10-21T14:48:30.000000001Z[0m [INFO] TRADER-001.nautilus_trading::strategy: DataActor-140733232651416 <--[EVT] OrderFilled(instrument_id=BTCUSDT-PERP.BINANCE, client_order_id=O-20231021-144830-001-140733232651416-65, venue_order_id=BINANCE-1-65, account_id=BINANCE-001, trade_id=T-1df135a13034bf43-142273, position_id=P-20231021-144830-001-140733232651416-17, order_side=SELL, order_type=MARKET, last_qty=18.564, last_px=29_844.0 USDT, commission=332.41440960 USDT, liquidity_side=TAKER, ts_event=1697899710000000001)[0m
[1m2023-10-21T14:48:30.000000001Z[0m [INFO] TRADER-001.nautilus_trading::strategy: Canceling 2 inflight BTCUSDT-PERP.BINANCE orders[0m
[1m2023-10-21T14:48:30.000000001Z[0m [INFO] TRADER-001.nautilus_trading::strategy: DataActor-140733232651416 [CMD]--> CancelAllOrders[0m
[1m2023-10-21T14:48:30.000000001Z[0m [INFO] TRADER-001.nautilus_portfolio::portfolio: BTCUSDT-PERP.BINANCE net_position=-18.564[0m
[1m2023-10-21T14:48:30.000000001Z[0m [INFO] TRADER-001.nautilus_portfolio::manager: BTCUSDT-PERP.BINANCE margin_maint=2216.09606400 USDT[0m
[1m2023-10-21T14:48:30.000000001Z[0m [INFO] TRADER-001.nautilus_portfolio::portfolio: Updated AccountState(account_id=BINANCE-001, account_type=MARGIN, base_currency=USDT, is_reported=false, balances=[AccountBalance(total=83106.54534258 USDT, locked=2216.09606400 USDT, free=80890.44927858 USDT)], margins=[MarginBalance(initial=0.00000000 USDT, maintenance=2216.09606400 USDT, instrument_id=BTCUSDT-PERP.BINANCE)], event_id=d9346168-1f4b-4238-900d-0bd99d2be386)[0m
[1m2023-10-21T14:48:30.000000001Z[0m [INFO] TRADER-001.nautilus_trading::strategy: DataActor-140733232651416 <--[EVT] PositionOpened(PositionOpened { trader_id: "TRADER-001", strategy_id: "DataActor-140733232651416", instrument_id: "BTCUSDT-PERP.BINANCE", position_id: "P-20231021-144830-001-140733232651416-17", account_id: "BINANCE-001", opening_order_id: "O-20231021-144830-001-140733232651416-65", entry: Sell, side: Short, signed_qty: -18.564, quantity: Quantity(18.564), last_qty: Quantity(18.564), last_px: Price(29844.0), currency: Currency(code='USDT', precision=8, iso4217=0, name='Tether', currency_type=CRYPTO), avg_px_open: 29844.0, event_id: UUID4(84db605e-182e-41ef-9fbb-0e81223bb565), ts_event: UnixNanos(1697899710000000001), ts_init: UnixNanos(1697899710000000001) })[0m
[1m2023-10-21T14:48:30.000000001Z[0m [INFO] TRADER-001.nautilus_portfolio::manager: BTCUSDT-PERP.BINANCE margin_init=0.00000000 USDT[0m
[1m2023-10-21T14:48:30.000000001Z[0m [INFO] TRADER-001.nautilus_portfolio::portfolio: Updated AccountState(account_id=BINANCE-001, account_type=MARGIN, base_currency=USDT, is_reported=false, balances=[AccountBalance(total=83106.54534258 USDT, locked=2216.09606400 USDT, free=80890.44927858 USDT)], margins=[MarginBalance(initial=0.00000000 USDT, maintenance=2216.09606400 USDT, instrument_id=BTCUSDT-PERP.BINANCE)], event_id=cf3deee4-3c2a-4fbc-bc70-24ac5774779c)[0m
[1m2023-10-21T14:48:30.000000001Z[0m [INFO] TRADER-001.nautilus_trading::strategy: DataActor-140733232651416 <--[EVT] OrderAccepted(instrument_id=BTCUSDT-PERP.BINANCE, client_order_id=O-20231021-144830-001-140733232651416-66, venue_order_id=BINANCE-1-66, account_id=BINANCE-001, ts_event=1697899710000000001)[0m
[1m2023-10-21T14:48:30.000000001Z[0m [INFO] TRADER-001.nautilus_portfolio::manager: BTCUSDT-PERP.BINANCE margin_init=0.00000000 USDT[0m
[1m2023-10-21T14:48:30.000000001Z[0m [INFO] TRADER-001.nautilus_portfolio::portfolio: Updated AccountState(account_id=BINANCE-001, account_type=MARGIN, base_currency=USDT, is_reported=false, balances=[AccountBalance(total=83106.54534258 USDT, locked=2216.09606400 USDT, free=80890.44927858 USDT)], margins=[MarginBalance(initial=0.00000000 USDT, maintenance=2216.09606400 USDT, instrument_id=BTCUSDT-PERP.BINANCE)], event_id=9e8cb578-f4f1-41ce-8141-b07ad652d9a3)[0m
[1m2023-10-21T14:48:30.000000001Z[0m [INFO] TRADER-001.nautilus_trading::strategy: DataActor-140733232651416 <--[EVT] OrderAccepted(instrument_id=BTCUSDT-PERP.BINANCE, client_order_id=O-20231021-144830-001-140733232651416-67, venue_order_id=BINANCE-1-67, account_id=BINANCE-001, ts_event=1697899710000000001)[0m
[1m2023-10-21T14:48:30.000000001Z[0m [94m[INFO] TRADER-001.nautilus_execution::engine: Cancel all orders[0m
[1m2023-10-21T14:48:30.000000001Z[0m [INFO] TRADER-001.nautilus_portfolio::manager: BTCUSDT-PERP.BINANCE margin_init=0.00000000 USDT[0m
[1m2023-10-21T14:48:30.000000001Z[0m [INFO] TRADER-001.nautilus_portfolio::portfolio: Updated AccountState(account_id=BINANCE-001, account_type=MARGIN, base_currency=USDT, is_reported=false, balances=[AccountBalance(total=83106.54534258 USDT, locked=2216.09606400 USDT, free=80890.44927858 USDT)], margins=[MarginBalance(initial=0.00000000 USDT, maintenance=2216.09606400 USDT, instrument_id=BTCUSDT-PERP.BINANCE)], event_id=f7f50781-829f-4752-a5d0-0bb2f9a9b879)[0m
[1m2023-10-21T14:48:30.000000001Z[0m [INFO] TRADER-001.nautilus_trading::strategy: DataActor-140733232651416 <--[EVT] OrderCanceled(instrument_id=BTCUSDT-PERP.BINANCE, client_order_id=O-20231021-144830-001-140733232651416-66, venue_order_id=BINANCE-1-66, account_id=BINANCE-001, ts_event=1697899710000000001)[0m
[1m2023-10-21T14:48:30.000000001Z[0m [INFO] TRADER-001.nautilus_portfolio::manager: BTCUSDT-PERP.BINANCE margin_init=0.00000000 USDT[0m
[1m2023-10-21T14:48:30.000000001Z[0m [INFO] TRADER-001.nautilus_portfolio::portfolio: Updated AccountState(account_id=BINANCE-001, account_type=MARGIN, base_currency=USDT, is_reported=false, balances=[AccountBalance(total=83106.54534258 USDT, locked=2216.09606400 USDT, free=80890.44927858 USDT)], margins=[MarginBalance(initial=0.00000000 USDT, maintenance=2216.09606400 USDT, instrument_id=BTCUSDT-PERP.BINANCE)], event_id=099aa83e-40ac-4e73-8c0a-3d930b527ab5)[0m
[1m2023-10-21T14:48:30.000000001Z[0m [INFO] TRADER-001.nautilus_trading::strategy: DataActor-140733232651416 <--[EVT] OrderCanceled(instrument_id=BTCUSDT-PERP.BINANCE, client_order_id=O-20231021-144830-001-140733232651416-67, venue_order_id=BINANCE-1-67, account_id=BINANCE-001, ts_event=1697899710000000001)[0m
[1m2023-10-21T14:48:40.000000000Z[0m [INFO] TRADER-001.nautilus_trading::strategy: No BTCUSDT-PERP.BINANCE open, emulated, or inflight orders to cancel[0m
[1m2023-10-21T14:48:40.000000000Z[0m [INFO] TRADER-001.nautilus_trading::strategy: Closing 1 open position[0m
[1m2023-10-21T14:48:40.000000000Z[0m [INFO] TRADER-001.nautilus_trading::strategy: DataActor-140733232651416 <--[EVT] OrderInitialized(instrument_id=BTCUSDT-PERP.BINANCE, client_order_id=O-20231021-144840-001-140733232651416-68, side=BUY, type=MARKET, quantity=18.564, time_in_force=GTC, post_only=false, reduce_only=true, quote_quantity=false, price=None, emulation_trigger=None, trigger_instrument_id=None, contingency_type=NO_CONTINGENCY, order_list_id=None, linked_order_ids=[None], parent_order_id=None, exec_algorithm_id=None, exec_algorithm_params=None, exec_spawn_id=None, tags=None)[0m
[1m2023-10-21T14:48:40.000000000Z[0m [INFO] TRADER-001.nautilus_trading::strategy: DataActor-140733232651416 [CMD]--> SubmitOrder[0m
[1m2023-10-21T14:48:40.000000000Z[0m [94m[INFO] TRADER-001.nautilus_execution::engine: Submit MarketOrder(BUY 18.564 BTCUSDT-PERP.BINANCE @ MARKET GTC, status=INITIALIZED, client_order_id=O-20231021-144840-001-140733232651416-68, venue_order_id=None, position_id=None, exec_algorithm_id=None, exec_spawn_id=None, tags=None)[0m
[1m2023-10-21T14:48:40.000000000Z[0m [INFO] TRADER-001.nautilus_trading::strategy: DataActor-140733232651416 <--[EVT] OrderSubmitted(instrument_id=BTCUSDT-PERP.BINANCE, client_order_id=O-20231021-144840-001-140733232651416-68, account_id=BINANCE-001, ts_event=1697899720000000000)[0m
[1m2023-10-21T14:48:40.000000000Z[0m [INFO] TRADER-001.nautilus_portfolio::manager: BTCUSDT-PERP.BINANCE margin_init=0.00000000 USDT[0m
[1m2023-10-21T14:48:40.000000000Z[0m [INFO] TRADER-001.nautilus_trading::strategy: DataActor-140733232651416 <--[EVT] OrderFilled(instrument_id=BTCUSDT-PERP.BINANCE, client_order_id=O-20231021-144840-001-140733232651416-68, venue_order_id=BINANCE-1-68, account_id=BINANCE-001, trade_id=T-f2a11746630d7c8c-142277, position_id=P-20231021-144830-001-140733232651416-17, order_side=BUY, order_type=MARKET, last_qty=18.564, last_px=29_834.0 USDT, commission=332.30302560 USDT, liquidity_side=TAKER, ts_event=1697899720000000000)[0m
[1m2023-10-21T14:48:40.000000000Z[0m [INFO] TRADER-001.nautilus_portfolio::portfolio: BTCUSDT-PERP.BINANCE net_position=0[0m
[1m2023-10-21T14:48:40.000000000Z[0m [INFO] TRADER-001.nautilus_portfolio::manager: BTCUSDT-PERP.BINANCE margin_maint=0.00000000 USDT[0m
[1m2023-10-21T14:48:40.000000000Z[0m [INFO] TRADER-001.nautilus_portfolio::portfolio: Updated AccountState(account_id=BINANCE-001, account_type=MARGIN, base_currency=USDT, is_reported=false, balances=[AccountBalance(total=82959.88231698 USDT, locked=0.00000000 USDT, free=82959.88231698 USDT)], margins=[], event_id=51d0e64a-eeda-454a-83d7-3b307fac5edc)[0m
[1m2023-10-21T14:48:40.000000000Z[0m [INFO] TRADER-001.nautilus_trading::strategy: DataActor-140733232651416 <--[EVT] PositionClosed(PositionClosed { trader_id: "TRADER-001", strategy_id: "DataActor-140733232651416", instrument_id: "BTCUSDT-PERP.BINANCE", position_id: "P-20231021-144830-001-140733232651416-17", account_id: "BINANCE-001", opening_order_id: "O-20231021-144830-001-140733232651416-65", closing_order_id: Some("O-20231021-144840-001-140733232651416-68"), entry: Sell, side: Flat, signed_qty: 0.0, quantity: Quantity(0.000), peak_quantity: Quantity(18.564), last_qty: Quantity(18.564), last_px: Price(29834.0), currency: Currency(code='USDT', precision=8, iso4217=0, name='Tether', currency_type=CRYPTO), avg_px_open: 29844.0, avg_px_close: Some(29834.0), realized_return: 0.00033507572711432784, realized_pnl: Some(Money(-479.07743520, USDT)), unrealized_pnl: Money(0.00000000, USDT), duration: 9999999999, event_id: UUID4(f34df6cb-66a6-4bcd-8e86-e708fb802118), ts_opened: UnixNanos(1697899710000000001), ts_closed: Some(UnixNanos(1697899720000000000)), ts_event: UnixNanos(1697899720000000000), ts_init: UnixNanos(1697899720000000000) })[0m
[1m2023-10-22T04:01:00.000000001Z[0m [INFO] TRADER-001.nautilus_system::kernel: Stopping trader...[0m
[1m2023-10-22T04:01:00.000000001Z[0m [INFO] TRADER-001.nautilus_system::trader: Stopping[0m
[1m2023-10-22T04:01:00.000000001Z[0m [INFO] TRADER-001.DataActor-140733232651416: Stopping[0m
[1m2023-10-22T04:01:00.000000001Z[0m [INFO] TRADER-001.nautilus_trading::strategy: No BTCUSDT-PERP.BINANCE open, emulated, or inflight orders to cancel[0m
[1m2023-10-22T04:01:00.000000001Z[0m [INFO] TRADER-001.DataActor-140733232651416: Stopped[0m
[1m2023-10-22T04:01:00.000000001Z[0m [INFO] TRADER-001.nautilus_system::trader: Stopped[0m
[1m2023-10-22T04:01:00.000000001Z[0m [INFO] TRADER-001.nautilus_risk::engine: Stopped[0m
[1m2023-10-22T04:01:00.000000001Z[0m [INFO] TRADER-001.nautilus_backtest::execution_client: Backtest execution client stopped[0m
[1m2023-10-22T04:01:00.000000001Z[0m [INFO] TRADER-001.nautilus_execution::engine: Stopped[0m
[1m2026-08-07T13:20:31.935606601Z[0m [36m[INFO] TRADER-001.nautilus_backtest::engine: =================================================================[0m
[1m2026-08-07T13:20:31.935614032Z[0m [36m[INFO] TRADER-001.nautilus_backtest::engine:  BACKTEST POST-RUN[0m
[1m2026-08-07T13:20:31.935614513Z[0m [36m[INFO] TRADER-001.nautilus_backtest::engine: =================================================================[0m
[1m2026-08-07T13:20:31.935614773Z[0m [INFO] TRADER-001.nautilus_backtest::engine: Run config ID:  None[0m
[1m2026-08-07T13:20:31.935615675Z[0m [INFO] TRADER-001.nautilus_backtest::engine: Run ID:         ce211ca1-6295-4083-8500-b430c15ad6cc[0m
[1m2026-08-07T13:20:31.935616456Z[0m [INFO] TRADER-001.nautilus_backtest::engine: Run started:    2026-08-07T13:20:30.776424943Z[0m
[1m2026-08-07T13:20:31.935617027Z[0m [INFO] TRADER-001.nautilus_backtest::engine: Run finished:   2026-08-07T13:20:31.935528876Z[0m
[1m2026-08-07T13:20:31.935617888Z[0m [INFO] TRADER-001.nautilus_backtest::engine: Elapsed time:   0 days 00:00:01.159103[0m
[1m2026-08-07T13:20:31.935618359Z[0m [INFO] TRADER-001.nautilus_backtest::engine: Backtest start: 2023-10-14T23:25:10.000000000Z[0m
[1m2026-08-07T13:20:31.935618629Z[0m [INFO] TRADER-001.nautilus_backtest::engine: Backtest end:   2023-10-22T04:01:00.000000001Z[0m
[1m2026-08-07T13:20:31.935619230Z[0m [INFO] TRADER-001.nautilus_backtest::engine: Backtest range: 7 days 04:35:50.000000[0m
[1m2026-08-07T13:20:31.935619901Z[0m [INFO] TRADER-001.nautilus_backtest::engine: Iterations: 134_650[0m
[1m2026-08-07T13:20:31.935620442Z[0m [INFO] TRADER-001.nautilus_backtest::engine: Total events: 170[0m
[1m2026-08-07T13:20:31.935620792Z[0m [INFO] TRADER-001.nautilus_backtest::engine: Total orders: 68[0m
[1m2026-08-07T13:20:31.935621543Z[0m [INFO] TRADER-001.nautilus_backtest::engine: Total positions: 17[0m
[1m2026-08-07T13:20:31.935670406Z[0m [36m[INFO] TRADER-001.nautilus_backtest::engine: =================================================================[0m
[1m2026-08-07T13:20:31.935672769Z[0m [36m[INFO] TRADER-001.nautilus_backtest::engine:  PORTFOLIO PERFORMANCE[0m
[1m2026-08-07T13:20:31.935673170Z[0m [36m[INFO] TRADER-001.nautilus_backtest::engine: =================================================================[0m
[1m2026-08-07T13:20:31.935673741Z[0m [INFO] TRADER-001.nautilus_backtest::engine:  PnL Statistics (USDT)[0m
[1m2026-08-07T13:20:31.935674582Z[0m [36m[INFO] TRADER-001.nautilus_backtest::engine: -----------------------------------------------------------------[0m
[1m2026-08-07T13:20:31.935724916Z[0m [INFO] TRADER-001.nautilus_backtest::engine: Avg Loser:                      -1002.36[0m
[1m2026-08-07T13:20:31.935730084Z[0m [INFO] TRADER-001.nautilus_backtest::engine: Avg Winner:                     NaN[0m
[1m2026-08-07T13:20:31.935730465Z[0m [INFO] TRADER-001.nautilus_backtest::engine: Expectancy:                     -1002.36[0m
[1m2026-08-07T13:20:31.935730635Z[0m [INFO] TRADER-001.nautilus_backtest::engine: Max Loser:                      -1579.54[0m
[1m2026-08-07T13:20:31.935730795Z[0m [INFO] TRADER-001.nautilus_backtest::engine: Max Winner:                     NaN[0m
[1m2026-08-07T13:20:31.935730955Z[0m [INFO] TRADER-001.nautilus_backtest::engine: Min Loser:                      -296.44[0m
[1m2026-08-07T13:20:31.935731126Z[0m [INFO] TRADER-001.nautilus_backtest::engine: Min Winner:                     NaN[0m
[1m2026-08-07T13:20:31.935731306Z[0m [INFO] TRADER-001.nautilus_backtest::engine: PnL (total):                    -17040.12[0m
[1m2026-08-07T13:20:31.935731586Z[0m [INFO] TRADER-001.nautilus_backtest::engine: PnL% (total):                   -17.04[0m
[1m2026-08-07T13:20:31.935731797Z[0m [INFO] TRADER-001.nautilus_backtest::engine: Win Rate:                       0.00[0m
[1m2026-08-07T13:20:31.935732448Z[0m [36m[INFO] TRADER-001.nautilus_backtest::engine: -----------------------------------------------------------------[0m
[1m2026-08-07T13:20:31.935733669Z[0m [INFO] TRADER-001.nautilus_backtest::engine:  Returns Statistics[0m
[1m2026-08-07T13:20:31.935734020Z[0m [36m[INFO] TRADER-001.nautilus_backtest::engine: -----------------------------------------------------------------[0m
[1m2026-08-07T13:20:31.935749102Z[0m [INFO] TRADER-001.nautilus_backtest::engine: Average (Return):               -0.00[0m
[1m2026-08-07T13:20:31.935749383Z[0m [INFO] TRADER-001.nautilus_backtest::engine: Average Loss (Return):          -0.00[0m
[1m2026-08-07T13:20:31.935749563Z[0m [INFO] TRADER-001.nautilus_backtest::engine: Average Win (Return):           0.00[0m
[1m2026-08-07T13:20:31.935749723Z[0m [INFO] TRADER-001.nautilus_backtest::engine: Profit Factor:                  0.34[0m
[1m2026-08-07T13:20:31.935749883Z[0m [INFO] TRADER-001.nautilus_backtest::engine: Returns Volatility (252 days):  0.01[0m
[1m2026-08-07T13:20:31.935750034Z[0m [INFO] TRADER-001.nautilus_backtest::engine: Risk Return Ratio:              -0.64[0m
[1m2026-08-07T13:20:31.935750194Z[0m [INFO] TRADER-001.nautilus_backtest::engine: Sharpe Ratio (252 days):        -10.20[0m
[1m2026-08-07T13:20:31.935750354Z[0m [INFO] TRADER-001.nautilus_backtest::engine: Sortino Ratio (252 days):       -9.27[0m
[1m2026-08-07T13:20:31.935750885Z[0m [36m[INFO] TRADER-001.nautilus_backtest::engine: -----------------------------------------------------------------[0m
[1m2026-08-07T13:20:31.935751285Z[0m [INFO] TRADER-001.nautilus_backtest::engine:  General Statistics[0m
[1m2026-08-07T13:20:31.935751466Z[0m [36m[INFO] TRADER-001.nautilus_backtest::engine: -----------------------------------------------------------------[0m
[1m2026-08-07T13:20:31.935754791Z[0m [INFO] TRADER-001.nautilus_backtest::engine: Long Ratio:                     0.24[0m
[1m2026-08-07T13:20:31.935755111Z[0m [36m[INFO] TRADER-001.nautilus_backtest::engine: -----------------------------------------------------------------[0m
[1m2026-08-07T13:20:33.430473538Z[0m [INFO] TRADER-001.nautilus_system::kernel: Disposing[0m
[1m2026-08-07T13:20:33.430494379Z[0m [INFO] TRADER-001.nautilus_system::trader: Disposing[0m
[1m2026-08-07T13:20:33.430498265Z[0m [INFO] TRADER-001.DataActor-140733232651416: Disposing[0m
[1m2026-08-07T13:20:33.430506367Z[0m [INFO] TRADER-001.DataActor-140733232651416: Disposed[0m
[1m2026-08-07T13:20:33.430514389Z[0m [INFO] TRADER-001.nautilus_system::trader: Disposed[0m
[1m2026-08-07T13:20:33.430517563Z[0m [INFO] TRADER-001.nautilus_backtest::execution_client: Backtest execution client stopped[0m
[1m2026-08-07T13:20:33.430520528Z[0m [INFO] TRADER-001.nautilus_execution::engine: Stopped[0m
[1m2026-08-07T13:20:33.430525575Z[0m [INFO] TRADER-001.nautilus_risk::engine: Stopped[0m
[1m2026-08-07T13:20:33.430527248Z[0m [INFO] TRADER-001.nautilus_execution::order_emulator::emulator: Stopped[0m
[1m2026-08-07T13:20:33.430532395Z[0m [INFO] TRADER-001.nautilus_execution::engine: Disposed[0m
[1m2026-08-07T13:20:33.430539746Z[0m [INFO] TRADER-001.nautilus_risk::engine: Disposed[0m
[1m2026-08-07T13:20:33.430541909Z[0m [INFO] TRADER-001.nautilus_execution::order_emulator::emulator: Disposed[0m
[1m2026-08-07T13:20:33.430692712Z[0m [INFO] TRADER-001.nautilus_common::cache: Reset cache[0m
[1m2026-08-07T13:20:33.430728675Z[0m [INFO] TRADER-001.nautilus_system::kernel: Disposed[0m
{"closed_trades": 17, "daily_geometric_growth": -0.026334610752788645, "final_nav_usdt": 82959.88231698, "first_window_gate_passed": false, "signals": 17, "window": "frozen-week-01", "wins": 0}
{
  "ablation": "none",
  "ablation_modes": [
    "none"
  ],
  "auction_family_mode": "both",
  "candidate": "candidate-08-external-liquidity-quote-resiliency-v1",
  "close_reasons": {
    "FILL_ADJUSTED_RISK_BUDGET_EXCEEDED": 17
  },
  "closed_trades": 17,
  "combined_calendar_days": 7.0,
  "combined_daily_geometric_growth": -0.026334610752788534,
  "data_revision": "BINANCE_USDM_BOOKTICKER_COMPLETED_10S_V3_NATIVE_L1_SOURCE_TIME",
  "diagnostic_family_ablation": false,
  "diagnostic_only_ablation": false,
  "execution_adapter_revision": "QUOTE_RESILIENCY_NATIVE_EXECUTION_LABELS_V3_QUOTE_CALLBACK_EXACT_FILL",
  "feature_revision": "CAUSAL_QUOTE_RESILIENCY_FEATURES_V4_NATIVE_L1_SOURCE_TIME",
  "goal_daily_geometric_growth": 0.01,
  "goal_met": false,
  "implementation_revision": "CAUSAL_EXTERNAL_LIQUIDITY_QUOTE_RESILIENCY_V1",
  "native_quote_revision": "CHECKSUM_BOOKTICKER_COMPLETION_QUOTE_TICK_V2_EXACT_SOURCE_TIME",
  "positive_trade_share": 0.0,
  "promotable": true,
  "quote_ofi_confirmation_required": true,
  "realized_pnl_by_symbol": {
    "BTCUSDT": -17040.11768302
  },
  "risk_accounting_revision": "FILL_ADJUSTED_CAUSAL_STOP_RESERVE_V4_NEXT_COMPLETED_BAR_EXIT",
  "runner_revision": "QUOTE_RESILIENCY_NATIVE_NAUTILUS_ADAPTER_V2_QUOTE_TICK_EXECUTION",
  "scenario_attribution_checks": {
    "all_closed_trades_attributed": true,
    "all_signals_attributed": true,
    "closed_trades_attributed": 17,
    "no_unclassified_closed_trades": true,
    "no_unclassified_signals": true,
    "reported_closed_trades": 17,
    "reported_signals": 17,
    "signals_attributed": 17
  },
  "scenario_attribution_passed": true,
  "scenario_contract": "COMPLETED_EXTERNAL_LIQUIDITY_INTERACTION_THEN_DISPLAYED_QUOTE_RESPONSE_THEN_SEPARATE_PRICE_AND_FLOW_CONFIRMATION",
  "scenario_family_results": {
    "QUOTE_REPLENISHED_FAILED_AUCTION_REVERSAL": {
      "close_reasons": {
        "FILL_ADJUSTED_RISK_BUDGET_EXCEEDED": 17
      },
      "closed_trades": 17,
      "closed_trades_by_symbol": {
        "BTCUSDT": 17
      },
      "losses": 17,
      "realized_pnl_usdt": -17040.11768302,
      "signals": 17,
      "win_rate": 0.0,
      "wins": 0
    },
    "QUOTE_WITHDRAWAL_ACCEPTANCE_CONTINUATION": {
      "close_reasons": {},
      "closed_trades": 0,
      "closed_trades_by_symbol": {},
      "losses": 0,
      "realized_pnl_usdt": 0.0,
      "signals": 0,
      "win_rate": 0.0,
      "wins": 0
    }
  },
  "signal_revision": "EXTERNAL_LIQUIDITY_QUOTE_RESILIENCY_SIGNALS_V2_EXECUTABLE_L1_ENTRY",
  "single_asset_positive_pnl_share": 0.0,
  "single_trade_positive_pnl_share": 0.0,
  "suite": "first",
  "suite_gate_checks": {
    "all_signal_times_processed": true,
    "all_submitted_entries_observed": true,
    "base_contract_includes_both_auction_families": true,
    "base_contract_not_ablated": true,
    "base_quote_ofi_confirmation_contract": true,
    "both_quote_resiliency_families_enabled": true,
    "closed_trades_matched_to_intents": true,
    "complete_auction_scenario_attribution": true,
    "complete_post_run_trade_path_diagnostics": true,
    "cost_after_total_return_positive": false,
    "entry_causality": true,
    "fill_adjusted_loss_budget_respected": false,
    "fill_adjusted_risk_budget_respected": false,
    "funding_cost_state_is_causal_and_complete": true,
    "minimum_closed_trades": true,
    "no_execution_failures": false,
    "no_residual_exposure": true,
    "no_unexpected_or_liquidation_closes": true,
    "planned_risk_budget_respected": true,
    "position_exit_causality": true,
    "realized_loss_budget_respected": true
  },
  "suite_gate_passed": false,
  "symbols_with_closed_trades": [
    "BTCUSDT"
  ],
  "ten_second_cadence_contract": "EXACT_CONSECUTIVE_COMPLETED_10_SECONDS",
  "trade_path_diagnostic_revision": "POST_RUN_STRUCTURAL_PATH_COMPLETE_HORIZON_V2",
  "trade_path_diagnostic_summary": {
    "actual_holding_first_touch_counts": {
      "NONE_WITHIN_HORIZON": 17
    },
    "allowed_structural_first_touch_values": [
      "TARGET",
      "STOP",
      "AMBIGUOUS_SAME_BUCKET",
      "NONE_WITHIN_HORIZON"
    ],
    "complete_records": 17,
    "diagnostic_revision_counts": {
      "POST_RUN_STRUCTURAL_PATH_COMPLETE_HORIZON_V2": 17
    },
    "expected_diagnostic_revision": "POST_RUN_STRUCTURAL_PATH_COMPLETE_HORIZON_V2",
    "mean_actual_holding_adverse_stop_fraction": 0.11210177133905341,
    "mean_actual_holding_favorable_target_fraction": 0.014064369059327422,
    "records": 17,
    "status_counts": {
      "COMPLETE": 17
    },
    "structural_first_touch_counts": {
      "NONE_WITHIN_HORIZON": 1,
      "STOP": 16
    },
    "target_after_actual_close_count": 0,
    "target_after_invalidation_count": 0
  },
  "window_results": [
    {
      "closed_trades": 17,
      "daily_geometric_growth": -0.026334610752788645,
      "final_nav_usdt": 82959.88231698,
      "first_window_gate_passed": false,
      "maximum_realized_equity_drawdown": 0.17040117683019995,
      "name": "frozen-week-01",
      "total_return": -0.17040117683019995,
      "win_rate": 0.0,
      "wins": 0
    }
  ],
  "windows": [
    {
      "end": "2023-10-22T00:00:00Z",
      "name": "frozen-week-01",
      "start": "2023-10-15T00:00:00Z"
    }
  ],
  "wins": 0
}
Traceback (most recent call last):
  File "<stdin>", line 22, in <module>
AssertionError
