[1m2026-08-07T04:37:04.554673188Z[0m [36m[INFO] TRADER-001.BacktestEngine: =================================================================[0m
[1m2026-08-07T04:37:04.554688682Z[0m [36m[INFO] TRADER-001.BacktestEngine:  NAUTILUS TRADER - Automated Algorithmic Trading Platform[0m
[1m2026-08-07T04:37:04.554689213Z[0m [36m[INFO] TRADER-001.BacktestEngine:  by Nautech Systems Pty Ltd.[0m
[1m2026-08-07T04:37:04.554689393Z[0m [36m[INFO] TRADER-001.BacktestEngine:  Copyright (C) 2015-2026. All rights reserved.[0m
[1m2026-08-07T04:37:04.554689603Z[0m [36m[INFO] TRADER-001.BacktestEngine: =================================================================[0m
[1m2026-08-07T04:37:04.554689793Z[0m [INFO] TRADER-001.BacktestEngine: [0m
[1m2026-08-07T04:37:04.554690024Z[0m [INFO] TRADER-001.BacktestEngine: ⠀⠀⠀⠀⠀⠀⠀⠀⠀⠀⠀⠀⠀⣠⣴⣶⡟⠀⠀⠀⠀⠀⠀⠀⠀⠀⠀⠀⠀⠀⠀[0m
[1m2026-08-07T04:37:04.554690304Z[0m [INFO] TRADER-001.BacktestEngine: ⠀⠀⠀⠀⠀⠀⠀⠀⠀⠀⠀⣰⣾⣿⣿⣿⠀⢸⣿⣿⣿⣿⣶⣶⣤⣀⠀⠀⠀⠀⠀[0m
[1m2026-08-07T04:37:04.554690454Z[0m [INFO] TRADER-001.BacktestEngine: ⠀⠀⠀⠀⠀⠀⢀⣴⡇⢀⣾⣿⣿⣿⣿⣿⠀⣾⣿⣿⣿⣿⣿⣿⣿⠿⠓⠀⠀⠀⠀[0m
[1m2026-08-07T04:37:04.554690625Z[0m [INFO] TRADER-001.BacktestEngine: ⠀⠀⠀⠀⠀⣰⣿⣿⡀⢸⣿⣿⣿⣿⣿⣿⠀⣿⣿⣿⣿⣿⣿⠟⠁⣠⣄⠀⠀⠀⠀[0m
[1m2026-08-07T04:37:04.554690895Z[0m [INFO] TRADER-001.BacktestEngine: ⠀⠀⠀⠀⢠⣿⣿⣿⣇⠀⢿⣿⣿⣿⣿⣿⠀⢻⣿⣿⣿⡿⢃⣠⣾⣿⣿⣧⡀⠀⠀[0m
[1m2026-08-07T04:37:04.554691085Z[0m [INFO] TRADER-001.BacktestEngine: ⠀⠀⠀⠠⣾⣿⣿⣿⣿⣿⣧⠈⠋⢀⣴⣧⠀⣿⡏⢠⡀⢸⣿⣿⣿⣿⣿⣿⣿⡇⠀[0m
[1m2026-08-07T04:37:04.554691356Z[0m [INFO] TRADER-001.BacktestEngine: ⠀⠀⠀⣀⠙⢿⣿⣿⣿⣿⣿⠇⢠⣿⣿⣿⡄⠹⠃⠼⠃⠈⠉⠛⠛⠛⠛⠛⠻⠇⠀[0m
[1m2026-08-07T04:37:04.554691756Z[0m [INFO] TRADER-001.BacktestEngine: ⠀⠀⢸⡟⢠⣤⠉⠛⠿⢿⣿⠀⢸⣿⡿⠋⣠⣤⣄⠀⣾⣿⣿⣶⣶⣶⣦⡄⠀⠀⠀[0m
[1m2026-08-07T04:37:04.554693299Z[0m [INFO] TRADER-001.BacktestEngine: ⠀⠀⠸⠀⣾⠏⣸⣷⠂⣠⣤⠀⠘⢁⣴⣾⣿⣿⣿⡆⠘⣿⣿⣿⣿⣿⣿⠀⠀⠀⠀[0m
[1m2026-08-07T04:37:04.554693569Z[0m [INFO] TRADER-001.BacktestEngine: ⠀⠀⠀⠀⠛⠀⣿⡟⠀⢻⣿⡄⠸⣿⣿⣿⣿⣿⣿⣿⡀⠘⣿⣿⣿⣿⠟⠀⠀⠀⠀[0m
[1m2026-08-07T04:37:04.554693830Z[0m [INFO] TRADER-001.BacktestEngine: ⠀⠀⠀⠀⠀⠀⣿⠇⠀⠀⢻⡿⠀⠈⠻⣿⣿⣿⣿⣿⡇⠀⢹⣿⠿⠋⠀⠀⠀⠀⠀[0m
[1m2026-08-07T04:37:04.554693950Z[0m [INFO] TRADER-001.BacktestEngine: ⠀⠀⠀⠀⠀⠀⠋⠀⠀⠀⡘⠁⠀⠀⠀⠀⠀⠀⠀⠀⠀⠀⠈⠁⠀⠀⠀⠀⠀⠀⠀[0m
[1m2026-08-07T04:37:04.554694100Z[0m [INFO] TRADER-001.BacktestEngine: [0m
[1m2026-08-07T04:37:04.554694220Z[0m [36m[INFO] TRADER-001.BacktestEngine: =================================================================[0m
[1m2026-08-07T04:37:04.554694501Z[0m [36m[INFO] TRADER-001.BacktestEngine:  SYSTEM SPECIFICATION[0m
[1m2026-08-07T04:37:04.554694631Z[0m [36m[INFO] TRADER-001.BacktestEngine: =================================================================[0m
[1m2026-08-07T04:37:04.554696504Z[0m [INFO] TRADER-001.BacktestEngine: CPU architecture: AMD EPYC 9V74 80-Core Processor[0m
[1m2026-08-07T04:37:04.554697235Z[0m [INFO] TRADER-001.BacktestEngine: CPU(s): 4 @ 2596 MHz[0m
[1m2026-08-07T04:37:04.554698246Z[0m [INFO] TRADER-001.BacktestEngine: OS: kernel-6.17.0-1020-azure Linux (Debian GNU/Linux 12)[0m
[1m2026-08-07T04:37:04.554771236Z[0m [36m[INFO] TRADER-001.BacktestEngine: =================================================================[0m
[1m2026-08-07T04:37:04.554776314Z[0m [36m[INFO] TRADER-001.BacktestEngine:  MEMORY USAGE[0m
[1m2026-08-07T04:37:04.554776714Z[0m [36m[INFO] TRADER-001.BacktestEngine: =================================================================[0m
[1m2026-08-07T04:37:04.554780330Z[0m [INFO] TRADER-001.BacktestEngine: RAM-Total: 15.61 GiB[0m
[1m2026-08-07T04:37:04.554781131Z[0m [INFO] TRADER-001.BacktestEngine: RAM-Used: 1.42 GiB (9.07%)[0m
[1m2026-08-07T04:37:04.554781802Z[0m [INFO] TRADER-001.BacktestEngine: RAM-Avail: 14.20 GiB (90.93%)[0m
[1m2026-08-07T04:37:04.554782773Z[0m [INFO] TRADER-001.BacktestEngine: Swap-Total: 3.00 GiB[0m
[1m2026-08-07T04:37:04.554783354Z[0m [INFO] TRADER-001.BacktestEngine: Swap-Used: 0.00 GiB (0.00%)[0m
[1m2026-08-07T04:37:04.554784456Z[0m [INFO] TRADER-001.BacktestEngine: Swap-Avail: 3.00 GiB (100.00%)[0m
[1m2026-08-07T04:37:04.554785097Z[0m [36m[INFO] TRADER-001.BacktestEngine: =================================================================[0m
[1m2026-08-07T04:37:04.554785387Z[0m [36m[INFO] TRADER-001.BacktestEngine:  IDENTIFIERS[0m
[1m2026-08-07T04:37:04.554785618Z[0m [36m[INFO] TRADER-001.BacktestEngine: =================================================================[0m
[1m2026-08-07T04:37:04.554786229Z[0m [INFO] TRADER-001.BacktestEngine: trader_id: TRADER-001[0m
[1m2026-08-07T04:37:04.554788001Z[0m [INFO] TRADER-001.BacktestEngine: machine_id: 3372a7653dec[0m
[1m2026-08-07T04:37:04.554789744Z[0m [INFO] TRADER-001.BacktestEngine: instance_id: 09d1fc16-f1ff-4a5b-b12f-29cbe26eff0c[0m
[1m2026-08-07T04:37:04.554790305Z[0m [INFO] TRADER-001.BacktestEngine: PID: 245[0m
[1m2026-08-07T04:37:04.554790555Z[0m [36m[INFO] TRADER-001.BacktestEngine: =================================================================[0m
[1m2026-08-07T04:37:04.554790765Z[0m [36m[INFO] TRADER-001.BacktestEngine:  VERSIONING[0m
[1m2026-08-07T04:37:04.554790956Z[0m [36m[INFO] TRADER-001.BacktestEngine: =================================================================[0m
[1m2026-08-07T04:37:04.554803515Z[0m [INFO] TRADER-001.BacktestEngine: nautilus_trader: 1.230.0[0m
[1m2026-08-07T04:37:04.554809844Z[0m [INFO] TRADER-001.BacktestEngine: python: 3.13.5[0m
[1m2026-08-07T04:37:04.554813650Z[0m [INFO] TRADER-001.BacktestEngine: numpy: 2.5.1[0m
[1m2026-08-07T04:37:04.554818237Z[0m [INFO] TRADER-001.BacktestEngine: pandas: 3.0.5[0m
[1m2026-08-07T04:37:04.554822083Z[0m [INFO] TRADER-001.BacktestEngine: msgspec: 0.21.1[0m
[1m2026-08-07T04:37:04.554825528Z[0m [INFO] TRADER-001.BacktestEngine: pyarrow: 25.0.0[0m
[1m2026-08-07T04:37:04.554833099Z[0m [INFO] TRADER-001.BacktestEngine: pytz: 2026.3.post1[0m
[1m2026-08-07T04:37:04.554836735Z[0m [INFO] TRADER-001.BacktestEngine: uvloop: 0.22.1[0m
[1m2026-08-07T04:37:04.554837035Z[0m [36m[INFO] TRADER-001.BacktestEngine: =================================================================[0m
[1m2026-08-07T04:37:04.554838357Z[0m [INFO] TRADER-001.nautilus_system::kernel: Building system kernel[0m
[1m2026-08-07T04:37:04.555150707Z[0m [INFO] TRADER-001.nautilus_backtest::engine: Adding exchange BINANCE to engine[0m
[1m2026-08-07T04:37:04.555194343Z[0m [INFO] TRADER-001.nautilus_backtest::exchange: Added instrument BTCUSDT-PERP.BINANCE and created matching engine[0m
[1m2026-08-07T04:37:04.555241203Z[0m [INFO] TRADER-001.nautilus_backtest::engine: Added instrument BTCUSDT-PERP.BINANCE to exchange BINANCE[0m
[1m2026-08-07T04:37:04.568016591Z[0m [INFO] TRADER-001.nautilus_backtest::engine: Added 62136 data elements to BacktestEngine (62136 total)[0m
[1m2026-08-07T04:37:04.570418276Z[0m [INFO] TRADER-001.nautilus_backtest::engine: Added 10356 data elements to BacktestEngine (72492 total)[0m
[1m2026-08-07T04:37:04.570440589Z[0m [INFO] TRADER-001.nautilus_backtest::engine: Added 22 data elements to BacktestEngine (72514 total)[0m
[1m2026-08-07T04:37:04.570447259Z[0m [INFO] TRADER-001.nautilus_backtest::engine: Data sort requested (iterator merges streams by replay timestamp)[0m
[1m2026-08-07T04:37:04.570502763Z[0m [INFO] TRADER-001.DataActor-140731064146904: Ready[0m
[1m2026-08-07T04:37:04.570564396Z[0m [INFO] TRADER-001.nautilus_backtest::python::engine: Registered Python strategy DataActor-140731064146904[0m
[1m2026-08-07T04:37:04.570605097Z[0m [INFO] TRADER-001.nautilus_portfolio::portfolio: Updated AccountState(account_id=BINANCE-001, account_type=MARGIN, base_currency=USDT, is_reported=true, balances=[AccountBalance(total=100000.00000000 USDT, locked=0.00000000 USDT, free=100000.00000000 USDT)], margins=[], event_id=96c85912-b0ae-4e86-bc3b-1ab97ee6186d)[0m
[1m2024-04-07T23:25:10.000000000Z[0m [INFO] TRADER-001.nautilus_system::kernel: Starting[0m
[1m2024-04-07T23:25:10.000000000Z[0m [INFO] TRADER-001.nautilus_backtest::execution_client: Backtest execution client started[0m
[1m2024-04-07T23:25:10.000000000Z[0m [INFO] TRADER-001.nautilus_execution::engine: Started[0m
[1m2024-04-07T23:25:10.000000000Z[0m [INFO] TRADER-001.nautilus_risk::engine: Started[0m
[1m2024-04-07T23:25:10.000000000Z[0m [INFO] TRADER-001.nautilus_system::kernel: Initializing trader[0m
[1m2024-04-07T23:25:10.000000000Z[0m [INFO] TRADER-001.nautilus_system::kernel: Started[0m
[1m2024-04-07T23:25:10.000000000Z[0m [INFO] TRADER-001.nautilus_system::kernel: Starting trader...[0m
[1m2024-04-07T23:25:10.000000000Z[0m [INFO] TRADER-001.nautilus_execution::order_emulator::emulator: Started[0m
[1m2024-04-07T23:25:10.000000000Z[0m [INFO] TRADER-001.nautilus_system::trader: Starting[0m
[1m2024-04-07T23:25:10.000000000Z[0m [INFO] TRADER-001.DataActor-140731064146904: Starting[0m
[1m2024-04-07T23:25:10.000000000Z[0m [INFO] TRADER-001.nautilus_trading::strategy: Starting DataActor-140731064146904[0m
[1m2024-04-07T23:25:10.000000000Z[0m [INFO] TRADER-001.nautilus_common::actor::data_actor: [CMD]--> Subscribe(Bars(SubscribeBars { bar_type: Standard { instrument_id: "BTCUSDT-PERP.BINANCE", spec: BarSpecification { step: 10, aggregation: Second, price_type: Last }, aggregation_source: External }, client_id: None, venue: Some("BINANCE"), command_id: UUID4(3c9b7126-a904-4cce-a2a1-140b41cd84b2), ts_init: UnixNanos(1712532310000000000), correlation_id: None, params: None }))[0m
[1m2024-04-07T23:25:10.000000000Z[0m [INFO] TRADER-001.DataActor-140731064146904: Running[0m
[1m2024-04-07T23:25:10.000000000Z[0m [INFO] TRADER-001.nautilus_system::trader: Running[0m
[1m2024-04-07T23:25:10.000000000Z[0m [INFO] TRADER-001.nautilus_system::kernel: Trader started[0m
[1m2024-04-07T23:25:10.000000000Z[0m [36m[INFO] TRADER-001.nautilus_backtest::engine: =================================================================[0m
[1m2024-04-07T23:25:10.000000000Z[0m [36m[INFO] TRADER-001.nautilus_backtest::engine:  BACKTEST PRE-RUN[0m
[1m2024-04-07T23:25:10.000000000Z[0m [36m[INFO] TRADER-001.nautilus_backtest::engine: =================================================================[0m
[1m2024-04-07T23:25:10.000000000Z[0m [36m[INFO] TRADER-001.nautilus_backtest::engine: =================================================================[0m
[1m2024-04-07T23:25:10.000000000Z[0m [INFO] TRADER-001.nautilus_backtest::engine:  SimulatedVenue BINANCE (MARGIN)[0m
[1m2024-04-07T23:25:10.000000000Z[0m [36m[INFO] TRADER-001.nautilus_backtest::engine: -----------------------------------------------------------------[0m
[1m2024-04-07T23:25:10.000000000Z[0m [INFO] TRADER-001.nautilus_backtest::engine: Balances starting:[0m
[1m2024-04-07T23:25:10.000000000Z[0m [INFO] TRADER-001.nautilus_backtest::engine:   100000.00000000 USDT[0m
[1m2024-04-07T23:25:10.000000000Z[0m [36m[INFO] TRADER-001.nautilus_backtest::engine: -----------------------------------------------------------------[0m
[1m2024-04-07T23:25:10.000000000Z[0m [36m[INFO] TRADER-001.nautilus_backtest::engine: =================================================================[0m
[1m2024-04-07T23:25:10.000000000Z[0m [36m[INFO] TRADER-001.nautilus_backtest::engine:  BACKTEST RUN[0m
[1m2024-04-07T23:25:10.000000000Z[0m [36m[INFO] TRADER-001.nautilus_backtest::engine: =================================================================[0m
[1m2024-04-07T23:25:10.000000000Z[0m [INFO] TRADER-001.nautilus_backtest::engine: Run config ID:  None[0m
[1m2024-04-07T23:25:10.000000000Z[0m [INFO] TRADER-001.nautilus_backtest::engine: Run ID:         db57197f-4683-4a60-8d23-a875a18637da[0m
[1m2024-04-07T23:25:10.000000000Z[0m [INFO] TRADER-001.nautilus_backtest::engine: Backtest start: 2024-04-07T23:25:10.000000000Z[0m
[1m2024-04-07T23:25:10.000000000Z[0m [INFO] TRADER-001.nautilus_backtest::engine: Data elements:  72514[0m
[1m2024-04-07T23:25:10.000000000Z[0m [36m[INFO] TRADER-001.nautilus_backtest::engine: -----------------------------------------------------------------[0m
[1m2024-04-07T23:25:10.000000000Z[0m [94m[INFO] TRADER-001.nautilus_data::client: Subscribed BTCUSDT-PERP.BINANCE-10-SECOND-LAST-EXTERNAL bars[0m
[1m2024-04-14T06:35:20.000000000Z[0m [INFO] TRADER-001.nautilus_trading::strategy: DataActor-140731064146904 <--[EVT] OrderInitialized(instrument_id=BTCUSDT-PERP.BINANCE, client_order_id=O-20240414-063520-001-140731064146904-1, side=BUY, type=MARKET, quantity=4.014, time_in_force=GTC, post_only=false, reduce_only=false, quote_quantity=false, price=None, emulation_trigger=None, trigger_instrument_id=None, contingency_type=OTO, order_list_id=OL-20240414-063520-001-140731064146904-1, linked_order_ids=[O-20240414-063520-001-140731064146904-2, O-20240414-063520-001-140731064146904-3], parent_order_id=None, exec_algorithm_id=None, exec_algorithm_params=None, exec_spawn_id=None, tags=delayed-reaccept-btcusdt-000031, BREAKOUT_ACCEPTANCE_CONTINUATION, LONG, TEN_SECOND_MARKET_ENTRY)[0m
[1m2024-04-14T06:35:20.000000000Z[0m [INFO] TRADER-001.nautilus_trading::strategy: DataActor-140731064146904 <--[EVT] OrderInitialized(instrument_id=BTCUSDT-PERP.BINANCE, client_order_id=O-20240414-063520-001-140731064146904-2, side=SELL, type=STOP_MARKET, quantity=4.014, time_in_force=GTC, post_only=false, reduce_only=true, quote_quantity=false, price=None, emulation_trigger=None, trigger_instrument_id=None, contingency_type=OUO, order_list_id=OL-20240414-063520-001-140731064146904-1, linked_order_ids=[O-20240414-063520-001-140731064146904-3], parent_order_id=O-20240414-063520-001-140731064146904-1, exec_algorithm_id=None, exec_algorithm_params=None, exec_spawn_id=None, tags=delayed-reaccept-btcusdt-000031, OBSERVED_RETEST_INVALIDATION)[0m
[1m2024-04-14T06:35:20.000000000Z[0m [INFO] TRADER-001.nautilus_trading::strategy: DataActor-140731064146904 <--[EVT] OrderInitialized(instrument_id=BTCUSDT-PERP.BINANCE, client_order_id=O-20240414-063520-001-140731064146904-3, side=SELL, type=LIMIT, quantity=4.014, time_in_force=GTC, post_only=false, reduce_only=true, quote_quantity=false, price=65667.7, emulation_trigger=None, trigger_instrument_id=None, contingency_type=OUO, order_list_id=OL-20240414-063520-001-140731064146904-1, linked_order_ids=[O-20240414-063520-001-140731064146904-2], parent_order_id=O-20240414-063520-001-140731064146904-1, exec_algorithm_id=None, exec_algorithm_params=None, exec_spawn_id=None, tags=delayed-reaccept-btcusdt-000031, ACTIVE_COMPLETED_EXTERNAL_TARGET)[0m
[1m2024-04-14T06:35:20.000000000Z[0m [INFO] TRADER-001.nautilus_trading::strategy: DataActor-140731064146904 [CMD]--> SubmitOrderList[0m
[1m2024-04-14T06:35:20.000000000Z[0m [94m[INFO] TRADER-001.nautilus_execution::engine: Submit OrderList(id=OL-20240414-063520-001-140731064146904-1, instrument_id=BTCUSDT-PERP.BINANCE, strategy_id=DataActor-140731064146904, client_order_ids=["O-20240414-063520-001-140731064146904-1", "O-20240414-063520-001-140731064146904-2", "O-20240414-063520-001-140731064146904-3"], ts_init=1713076520000000000)[0m
[1m2024-04-14T06:35:20.000000000Z[0m [INFO] TRADER-001.nautilus_trading::strategy: DataActor-140731064146904 <--[EVT] OrderSubmitted(instrument_id=BTCUSDT-PERP.BINANCE, client_order_id=O-20240414-063520-001-140731064146904-1, account_id=BINANCE-001, ts_event=1713076520000000000)[0m
[1m2024-04-14T06:35:20.000000000Z[0m [INFO] TRADER-001.nautilus_trading::strategy: DataActor-140731064146904 <--[EVT] OrderSubmitted(instrument_id=BTCUSDT-PERP.BINANCE, client_order_id=O-20240414-063520-001-140731064146904-2, account_id=BINANCE-001, ts_event=1713076520000000000)[0m
[1m2024-04-14T06:35:20.000000000Z[0m [INFO] TRADER-001.nautilus_trading::strategy: DataActor-140731064146904 <--[EVT] OrderSubmitted(instrument_id=BTCUSDT-PERP.BINANCE, client_order_id=O-20240414-063520-001-140731064146904-3, account_id=BINANCE-001, ts_event=1713076520000000000)[0m
[1m2024-04-14T06:35:20.000000000Z[0m [INFO] TRADER-001.nautilus_portfolio::manager: BTCUSDT-PERP.BINANCE margin_init=0.00000000 USDT[0m
[1m2024-04-14T06:35:20.000000000Z[0m [INFO] TRADER-001.nautilus_trading::strategy: DataActor-140731064146904 <--[EVT] OrderFilled(instrument_id=BTCUSDT-PERP.BINANCE, client_order_id=O-20240414-063520-001-140731064146904-1, venue_order_id=BINANCE-1-1, account_id=BINANCE-001, trade_id=T-c500979dc0bf2531-154697, position_id=P-20240414-063520-001-140731064146904-1, order_side=BUY, order_type=MARKET, last_qty=4.014, last_px=64_675.7 USDT, commission=155.76495588 USDT, liquidity_side=TAKER, ts_event=1713076520000000000)[0m
[1m2024-04-14T06:35:20.000000000Z[0m [INFO] TRADER-001.nautilus_portfolio::portfolio: BTCUSDT-PERP.BINANCE net_position=4.014[0m
[1m2024-04-14T06:35:20.000000000Z[0m [INFO] TRADER-001.nautilus_portfolio::manager: BTCUSDT-PERP.BINANCE margin_maint=1038.43303920 USDT[0m
[1m2024-04-14T06:35:20.000000000Z[0m [INFO] TRADER-001.nautilus_portfolio::portfolio: Updated AccountState(account_id=BINANCE-001, account_type=MARGIN, base_currency=USDT, is_reported=false, balances=[AccountBalance(total=99844.23504412 USDT, locked=1038.43303920 USDT, free=98805.80200492 USDT)], margins=[MarginBalance(initial=0.00000000 USDT, maintenance=1038.43303920 USDT, instrument_id=BTCUSDT-PERP.BINANCE)], event_id=e440ee74-d5de-48e6-9d9f-43db7f142c35)[0m
[1m2024-04-14T06:35:20.000000000Z[0m [INFO] TRADER-001.nautilus_trading::strategy: DataActor-140731064146904 <--[EVT] PositionOpened(PositionOpened { trader_id: "TRADER-001", strategy_id: "DataActor-140731064146904", instrument_id: "BTCUSDT-PERP.BINANCE", position_id: "P-20240414-063520-001-140731064146904-1", account_id: "BINANCE-001", opening_order_id: "O-20240414-063520-001-140731064146904-1", entry: Buy, side: Long, signed_qty: 4.014, quantity: Quantity(4.014), last_qty: Quantity(4.014), last_px: Price(64675.7), currency: Currency(code='USDT', precision=8, iso4217=0, name='Tether', currency_type=CRYPTO), avg_px_open: 64675.7, event_id: UUID4(ef3cb093-9dd8-4160-acfe-eff7bb6a9ec5), ts_event: UnixNanos(1713076520000000000), ts_init: UnixNanos(1713076520000000000) })[0m
[1m2024-04-14T06:35:20.000000000Z[0m [INFO] TRADER-001.nautilus_portfolio::manager: BTCUSDT-PERP.BINANCE margin_init=0.00000000 USDT[0m
[1m2024-04-14T06:35:20.000000000Z[0m [INFO] TRADER-001.nautilus_portfolio::portfolio: Updated AccountState(account_id=BINANCE-001, account_type=MARGIN, base_currency=USDT, is_reported=false, balances=[AccountBalance(total=99844.23504412 USDT, locked=1038.43303920 USDT, free=98805.80200492 USDT)], margins=[MarginBalance(initial=0.00000000 USDT, maintenance=1038.43303920 USDT, instrument_id=BTCUSDT-PERP.BINANCE)], event_id=66ea7a8d-5dc6-43ae-b2de-797fa5f344da)[0m
[1m2024-04-14T06:35:20.000000000Z[0m [INFO] TRADER-001.nautilus_trading::strategy: DataActor-140731064146904 <--[EVT] OrderAccepted(instrument_id=BTCUSDT-PERP.BINANCE, client_order_id=O-20240414-063520-001-140731064146904-2, venue_order_id=BINANCE-1-2, account_id=BINANCE-001, ts_event=1713076520000000000)[0m
[1m2024-04-14T06:35:20.000000000Z[0m [INFO] TRADER-001.nautilus_portfolio::manager: BTCUSDT-PERP.BINANCE margin_init=0.00000000 USDT[0m
[1m2024-04-14T06:35:20.000000000Z[0m [INFO] TRADER-001.nautilus_portfolio::portfolio: Updated AccountState(account_id=BINANCE-001, account_type=MARGIN, base_currency=USDT, is_reported=false, balances=[AccountBalance(total=99844.23504412 USDT, locked=1038.43303920 USDT, free=98805.80200492 USDT)], margins=[MarginBalance(initial=0.00000000 USDT, maintenance=1038.43303920 USDT, instrument_id=BTCUSDT-PERP.BINANCE)], event_id=8235f9e7-5b33-4670-b531-c76e3d2f5c08)[0m
[1m2024-04-14T06:35:20.000000000Z[0m [INFO] TRADER-001.nautilus_trading::strategy: DataActor-140731064146904 <--[EVT] OrderAccepted(instrument_id=BTCUSDT-PERP.BINANCE, client_order_id=O-20240414-063520-001-140731064146904-3, venue_order_id=BINANCE-1-3, account_id=BINANCE-001, ts_event=1713076520000000000)[0m
[1m2024-04-14T06:35:20.000000000Z[0m [1;33m[WARN] TRADER-001.nautilus_common::cache: Cannot calculate unrealized PnL for P-20240414-063520-001-140731064146904-1, no quotes for BTCUSDT-PERP.BINANCE[0m
[1m2024-04-14T06:35:30.000000000Z[0m [1;33m[WARN] TRADER-001.nautilus_common::cache: Cannot calculate unrealized PnL for P-20240414-063520-001-140731064146904-1, no quotes for BTCUSDT-PERP.BINANCE[0m
[1m2024-04-14T06:35:40.000000000Z[0m [1;33m[WARN] TRADER-001.nautilus_common::cache: Cannot calculate unrealized PnL for P-20240414-063520-001-140731064146904-1, no quotes for BTCUSDT-PERP.BINANCE[0m
[1m2024-04-14T06:35:50.000000000Z[0m [1;33m[WARN] TRADER-001.nautilus_common::cache: Cannot calculate unrealized PnL for P-20240414-063520-001-140731064146904-1, no quotes for BTCUSDT-PERP.BINANCE[0m
[1m2024-04-14T06:35:59.999000000Z[0m [1;33m[WARN] TRADER-001.nautilus_common::cache: Cannot calculate unrealized PnL for P-20240414-063520-001-140731064146904-1, no quotes for BTCUSDT-PERP.BINANCE[0m
[1m2024-04-14T06:36:00.000000000Z[0m [1;33m[WARN] TRADER-001.nautilus_common::cache: Cannot calculate unrealized PnL for P-20240414-063520-001-140731064146904-1, no quotes for BTCUSDT-PERP.BINANCE[0m
[1m2024-04-14T06:36:10.000000000Z[0m [1;33m[WARN] TRADER-001.nautilus_common::cache: Cannot calculate unrealized PnL for P-20240414-063520-001-140731064146904-1, no quotes for BTCUSDT-PERP.BINANCE[0m
[1m2024-04-14T06:36:20.000000000Z[0m [1;33m[WARN] TRADER-001.nautilus_common::cache: Cannot calculate unrealized PnL for P-20240414-063520-001-140731064146904-1, no quotes for BTCUSDT-PERP.BINANCE[0m
[1m2024-04-14T06:36:30.000000000Z[0m [1;33m[WARN] TRADER-001.nautilus_common::cache: Cannot calculate unrealized PnL for P-20240414-063520-001-140731064146904-1, no quotes for BTCUSDT-PERP.BINANCE[0m
[1m2024-04-14T06:36:40.000000000Z[0m [1;33m[WARN] TRADER-001.nautilus_common::cache: Cannot calculate unrealized PnL for P-20240414-063520-001-140731064146904-1, no quotes for BTCUSDT-PERP.BINANCE[0m
[1m2024-04-14T06:36:50.000000000Z[0m [1;33m[WARN] TRADER-001.nautilus_common::cache: Cannot calculate unrealized PnL for P-20240414-063520-001-140731064146904-1, no quotes for BTCUSDT-PERP.BINANCE[0m
[1m2024-04-14T06:36:59.999000000Z[0m [1;33m[WARN] TRADER-001.nautilus_common::cache: Cannot calculate unrealized PnL for P-20240414-063520-001-140731064146904-1, no quotes for BTCUSDT-PERP.BINANCE[0m
[1m2024-04-14T06:37:00.000000000Z[0m [1;33m[WARN] TRADER-001.nautilus_common::cache: Cannot calculate unrealized PnL for P-20240414-063520-001-140731064146904-1, no quotes for BTCUSDT-PERP.BINANCE[0m
[1m2024-04-14T06:37:10.000000000Z[0m [1;33m[WARN] TRADER-001.nautilus_common::cache: Cannot calculate unrealized PnL for P-20240414-063520-001-140731064146904-1, no quotes for BTCUSDT-PERP.BINANCE[0m
[1m2024-04-14T06:37:20.000000000Z[0m [1;33m[WARN] TRADER-001.nautilus_common::cache: Cannot calculate unrealized PnL for P-20240414-063520-001-140731064146904-1, no quotes for BTCUSDT-PERP.BINANCE[0m
[1m2024-04-14T06:37:30.000000000Z[0m [1;33m[WARN] TRADER-001.nautilus_common::cache: Cannot calculate unrealized PnL for P-20240414-063520-001-140731064146904-1, no quotes for BTCUSDT-PERP.BINANCE[0m
[1m2024-04-14T06:37:40.000000000Z[0m [1;33m[WARN] TRADER-001.nautilus_common::cache: Cannot calculate unrealized PnL for P-20240414-063520-001-140731064146904-1, no quotes for BTCUSDT-PERP.BINANCE[0m
[1m2024-04-14T06:37:50.000000000Z[0m [1;33m[WARN] TRADER-001.nautilus_common::cache: Cannot calculate unrealized PnL for P-20240414-063520-001-140731064146904-1, no quotes for BTCUSDT-PERP.BINANCE[0m
[1m2024-04-14T06:37:59.999000000Z[0m [1;33m[WARN] TRADER-001.nautilus_common::cache: Cannot calculate unrealized PnL for P-20240414-063520-001-140731064146904-1, no quotes for BTCUSDT-PERP.BINANCE[0m
[1m2024-04-14T06:38:00.000000000Z[0m [1;33m[WARN] TRADER-001.nautilus_common::cache: Cannot calculate unrealized PnL for P-20240414-063520-001-140731064146904-1, no quotes for BTCUSDT-PERP.BINANCE[0m
[1m2024-04-14T06:38:10.000000000Z[0m [1;33m[WARN] TRADER-001.nautilus_common::cache: Cannot calculate unrealized PnL for P-20240414-063520-001-140731064146904-1, no quotes for BTCUSDT-PERP.BINANCE[0m
[1m2024-04-14T06:38:20.000000000Z[0m [1;33m[WARN] TRADER-001.nautilus_common::cache: Cannot calculate unrealized PnL for P-20240414-063520-001-140731064146904-1, no quotes for BTCUSDT-PERP.BINANCE[0m
[1m2024-04-14T06:38:30.000000000Z[0m [1;33m[WARN] TRADER-001.nautilus_common::cache: Cannot calculate unrealized PnL for P-20240414-063520-001-140731064146904-1, no quotes for BTCUSDT-PERP.BINANCE[0m
[1m2024-04-14T06:38:40.000000000Z[0m [1;33m[WARN] TRADER-001.nautilus_common::cache: Cannot calculate unrealized PnL for P-20240414-063520-001-140731064146904-1, no quotes for BTCUSDT-PERP.BINANCE[0m
[1m2024-04-14T06:38:50.000000000Z[0m [1;33m[WARN] TRADER-001.nautilus_common::cache: Cannot calculate unrealized PnL for P-20240414-063520-001-140731064146904-1, no quotes for BTCUSDT-PERP.BINANCE[0m
[1m2024-04-14T06:38:59.999000000Z[0m [1;33m[WARN] TRADER-001.nautilus_common::cache: Cannot calculate unrealized PnL for P-20240414-063520-001-140731064146904-1, no quotes for BTCUSDT-PERP.BINANCE[0m
[1m2024-04-14T06:39:00.000000000Z[0m [1;33m[WARN] TRADER-001.nautilus_common::cache: Cannot calculate unrealized PnL for P-20240414-063520-001-140731064146904-1, no quotes for BTCUSDT-PERP.BINANCE[0m
[1m2024-04-14T06:39:10.000000000Z[0m [1;33m[WARN] TRADER-001.nautilus_common::cache: Cannot calculate unrealized PnL for P-20240414-063520-001-140731064146904-1, no quotes for BTCUSDT-PERP.BINANCE[0m
[1m2024-04-14T06:39:20.000000000Z[0m [1;33m[WARN] TRADER-001.nautilus_common::cache: Cannot calculate unrealized PnL for P-20240414-063520-001-140731064146904-1, no quotes for BTCUSDT-PERP.BINANCE[0m
[1m2024-04-14T06:39:30.000000000Z[0m [1;33m[WARN] TRADER-001.nautilus_common::cache: Cannot calculate unrealized PnL for P-20240414-063520-001-140731064146904-1, no quotes for BTCUSDT-PERP.BINANCE[0m
[1m2024-04-14T06:39:40.000000000Z[0m [1;33m[WARN] TRADER-001.nautilus_common::cache: Cannot calculate unrealized PnL for P-20240414-063520-001-140731064146904-1, no quotes for BTCUSDT-PERP.BINANCE[0m
[1m2024-04-14T06:39:50.000000000Z[0m [1;33m[WARN] TRADER-001.nautilus_common::cache: Cannot calculate unrealized PnL for P-20240414-063520-001-140731064146904-1, no quotes for BTCUSDT-PERP.BINANCE[0m
[1m2024-04-14T06:39:59.999000000Z[0m [1;33m[WARN] TRADER-001.nautilus_common::cache: Cannot calculate unrealized PnL for P-20240414-063520-001-140731064146904-1, no quotes for BTCUSDT-PERP.BINANCE[0m
[1m2024-04-14T06:40:00.000000000Z[0m [1;33m[WARN] TRADER-001.nautilus_common::cache: Cannot calculate unrealized PnL for P-20240414-063520-001-140731064146904-1, no quotes for BTCUSDT-PERP.BINANCE[0m
[1m2024-04-14T06:40:10.000000000Z[0m [1;33m[WARN] TRADER-001.nautilus_common::cache: Cannot calculate unrealized PnL for P-20240414-063520-001-140731064146904-1, no quotes for BTCUSDT-PERP.BINANCE[0m
[1m2024-04-14T06:40:20.000000000Z[0m [1;33m[WARN] TRADER-001.nautilus_common::cache: Cannot calculate unrealized PnL for P-20240414-063520-001-140731064146904-1, no quotes for BTCUSDT-PERP.BINANCE[0m
[1m2024-04-14T06:40:30.000000000Z[0m [1;33m[WARN] TRADER-001.nautilus_common::cache: Cannot calculate unrealized PnL for P-20240414-063520-001-140731064146904-1, no quotes for BTCUSDT-PERP.BINANCE[0m
[1m2024-04-14T06:40:40.000000000Z[0m [1;33m[WARN] TRADER-001.nautilus_common::cache: Cannot calculate unrealized PnL for P-20240414-063520-001-140731064146904-1, no quotes for BTCUSDT-PERP.BINANCE[0m
[1m2024-04-14T06:40:50.000000000Z[0m [1;33m[WARN] TRADER-001.nautilus_common::cache: Cannot calculate unrealized PnL for P-20240414-063520-001-140731064146904-1, no quotes for BTCUSDT-PERP.BINANCE[0m
[1m2024-04-14T06:40:59.999000000Z[0m [1;33m[WARN] TRADER-001.nautilus_common::cache: Cannot calculate unrealized PnL for P-20240414-063520-001-140731064146904-1, no quotes for BTCUSDT-PERP.BINANCE[0m
[1m2024-04-14T06:41:00.000000000Z[0m [1;33m[WARN] TRADER-001.nautilus_common::cache: Cannot calculate unrealized PnL for P-20240414-063520-001-140731064146904-1, no quotes for BTCUSDT-PERP.BINANCE[0m
[1m2024-04-14T06:41:10.000000000Z[0m [1;33m[WARN] TRADER-001.nautilus_common::cache: Cannot calculate unrealized PnL for P-20240414-063520-001-140731064146904-1, no quotes for BTCUSDT-PERP.BINANCE[0m
[1m2024-04-14T06:41:20.000000000Z[0m [1;33m[WARN] TRADER-001.nautilus_common::cache: Cannot calculate unrealized PnL for P-20240414-063520-001-140731064146904-1, no quotes for BTCUSDT-PERP.BINANCE[0m
[1m2024-04-14T06:41:30.000000000Z[0m [1;33m[WARN] TRADER-001.nautilus_common::cache: Cannot calculate unrealized PnL for P-20240414-063520-001-140731064146904-1, no quotes for BTCUSDT-PERP.BINANCE[0m
[1m2024-04-14T06:41:40.000000000Z[0m [1;33m[WARN] TRADER-001.nautilus_common::cache: Cannot calculate unrealized PnL for P-20240414-063520-001-140731064146904-1, no quotes for BTCUSDT-PERP.BINANCE[0m
[1m2024-04-14T06:41:50.000000000Z[0m [1;33m[WARN] TRADER-001.nautilus_common::cache: Cannot calculate unrealized PnL for P-20240414-063520-001-140731064146904-1, no quotes for BTCUSDT-PERP.BINANCE[0m
[1m2024-04-14T06:41:59.999000000Z[0m [1;33m[WARN] TRADER-001.nautilus_common::cache: Cannot calculate unrealized PnL for P-20240414-063520-001-140731064146904-1, no quotes for BTCUSDT-PERP.BINANCE[0m
[1m2024-04-14T06:42:00.000000000Z[0m [1;33m[WARN] TRADER-001.nautilus_common::cache: Cannot calculate unrealized PnL for P-20240414-063520-001-140731064146904-1, no quotes for BTCUSDT-PERP.BINANCE[0m
[1m2024-04-14T06:42:10.000000000Z[0m [1;33m[WARN] TRADER-001.nautilus_common::cache: Cannot calculate unrealized PnL for P-20240414-063520-001-140731064146904-1, no quotes for BTCUSDT-PERP.BINANCE[0m
[1m2024-04-14T06:42:20.000000000Z[0m [1;33m[WARN] TRADER-001.nautilus_common::cache: Cannot calculate unrealized PnL for P-20240414-063520-001-140731064146904-1, no quotes for BTCUSDT-PERP.BINANCE[0m
[1m2024-04-14T06:42:30.000000000Z[0m [1;33m[WARN] TRADER-001.nautilus_common::cache: Cannot calculate unrealized PnL for P-20240414-063520-001-140731064146904-1, no quotes for BTCUSDT-PERP.BINANCE[0m
[1m2024-04-14T06:42:40.000000000Z[0m [1;33m[WARN] TRADER-001.nautilus_common::cache: Cannot calculate unrealized PnL for P-20240414-063520-001-140731064146904-1, no quotes for BTCUSDT-PERP.BINANCE[0m
[1m2024-04-14T06:42:50.000000000Z[0m [1;33m[WARN] TRADER-001.nautilus_common::cache: Cannot calculate unrealized PnL for P-20240414-063520-001-140731064146904-1, no quotes for BTCUSDT-PERP.BINANCE[0m
[1m2024-04-14T06:42:59.999000000Z[0m [1;33m[WARN] TRADER-001.nautilus_common::cache: Cannot calculate unrealized PnL for P-20240414-063520-001-140731064146904-1, no quotes for BTCUSDT-PERP.BINANCE[0m
[1m2024-04-14T06:43:00.000000000Z[0m [1;33m[WARN] TRADER-001.nautilus_common::cache: Cannot calculate unrealized PnL for P-20240414-063520-001-140731064146904-1, no quotes for BTCUSDT-PERP.BINANCE[0m
[1m2024-04-14T06:43:10.000000000Z[0m [1;33m[WARN] TRADER-001.nautilus_common::cache: Cannot calculate unrealized PnL for P-20240414-063520-001-140731064146904-1, no quotes for BTCUSDT-PERP.BINANCE[0m
[1m2024-04-14T06:43:20.000000000Z[0m [1;33m[WARN] TRADER-001.nautilus_common::cache: Cannot calculate unrealized PnL for P-20240414-063520-001-140731064146904-1, no quotes for BTCUSDT-PERP.BINANCE[0m
[1m2024-04-14T06:43:30.000000000Z[0m [1;33m[WARN] TRADER-001.nautilus_common::cache: Cannot calculate unrealized PnL for P-20240414-063520-001-140731064146904-1, no quotes for BTCUSDT-PERP.BINANCE[0m
[1m2024-04-14T06:43:40.000000000Z[0m [1;33m[WARN] TRADER-001.nautilus_common::cache: Cannot calculate unrealized PnL for P-20240414-063520-001-140731064146904-1, no quotes for BTCUSDT-PERP.BINANCE[0m
[1m2024-04-14T06:43:50.000000000Z[0m [1;33m[WARN] TRADER-001.nautilus_common::cache: Cannot calculate unrealized PnL for P-20240414-063520-001-140731064146904-1, no quotes for BTCUSDT-PERP.BINANCE[0m
[1m2024-04-14T06:43:59.999000000Z[0m [1;33m[WARN] TRADER-001.nautilus_common::cache: Cannot calculate unrealized PnL for P-20240414-063520-001-140731064146904-1, no quotes for BTCUSDT-PERP.BINANCE[0m
[1m2024-04-14T06:44:00.000000000Z[0m [1;33m[WARN] TRADER-001.nautilus_common::cache: Cannot calculate unrealized PnL for P-20240414-063520-001-140731064146904-1, no quotes for BTCUSDT-PERP.BINANCE[0m
[1m2024-04-14T06:44:10.000000000Z[0m [1;33m[WARN] TRADER-001.nautilus_common::cache: Cannot calculate unrealized PnL for P-20240414-063520-001-140731064146904-1, no quotes for BTCUSDT-PERP.BINANCE[0m
[1m2024-04-14T06:44:20.000000000Z[0m [1;33m[WARN] TRADER-001.nautilus_common::cache: Cannot calculate unrealized PnL for P-20240414-063520-001-140731064146904-1, no quotes for BTCUSDT-PERP.BINANCE[0m
[1m2024-04-14T06:44:30.000000000Z[0m [1;33m[WARN] TRADER-001.nautilus_common::cache: Cannot calculate unrealized PnL for P-20240414-063520-001-140731064146904-1, no quotes for BTCUSDT-PERP.BINANCE[0m
[1m2024-04-14T06:44:40.000000000Z[0m [1;33m[WARN] TRADER-001.nautilus_common::cache: Cannot calculate unrealized PnL for P-20240414-063520-001-140731064146904-1, no quotes for BTCUSDT-PERP.BINANCE[0m
[1m2024-04-14T06:44:50.000000000Z[0m [1;33m[WARN] TRADER-001.nautilus_common::cache: Cannot calculate unrealized PnL for P-20240414-063520-001-140731064146904-1, no quotes for BTCUSDT-PERP.BINANCE[0m
[1m2024-04-14T06:44:59.999000000Z[0m [1;33m[WARN] TRADER-001.nautilus_common::cache: Cannot calculate unrealized PnL for P-20240414-063520-001-140731064146904-1, no quotes for BTCUSDT-PERP.BINANCE[0m
[1m2024-04-14T06:45:00.000000000Z[0m [1;33m[WARN] TRADER-001.nautilus_common::cache: Cannot calculate unrealized PnL for P-20240414-063520-001-140731064146904-1, no quotes for BTCUSDT-PERP.BINANCE[0m
[1m2024-04-14T06:45:10.000000000Z[0m [1;33m[WARN] TRADER-001.nautilus_common::cache: Cannot calculate unrealized PnL for P-20240414-063520-001-140731064146904-1, no quotes for BTCUSDT-PERP.BINANCE[0m
[1m2024-04-14T06:45:20.000000000Z[0m [1;33m[WARN] TRADER-001.nautilus_common::cache: Cannot calculate unrealized PnL for P-20240414-063520-001-140731064146904-1, no quotes for BTCUSDT-PERP.BINANCE[0m
[1m2024-04-14T06:45:30.000000000Z[0m [1;33m[WARN] TRADER-001.nautilus_common::cache: Cannot calculate unrealized PnL for P-20240414-063520-001-140731064146904-1, no quotes for BTCUSDT-PERP.BINANCE[0m
[1m2024-04-14T06:45:40.000000000Z[0m [1;33m[WARN] TRADER-001.nautilus_common::cache: Cannot calculate unrealized PnL for P-20240414-063520-001-140731064146904-1, no quotes for BTCUSDT-PERP.BINANCE[0m
[1m2024-04-14T06:45:50.000000000Z[0m [1;33m[WARN] TRADER-001.nautilus_common::cache: Cannot calculate unrealized PnL for P-20240414-063520-001-140731064146904-1, no quotes for BTCUSDT-PERP.BINANCE[0m
[1m2024-04-14T06:45:59.999000000Z[0m [1;33m[WARN] TRADER-001.nautilus_common::cache: Cannot calculate unrealized PnL for P-20240414-063520-001-140731064146904-1, no quotes for BTCUSDT-PERP.BINANCE[0m
[1m2024-04-14T06:46:00.000000000Z[0m [1;33m[WARN] TRADER-001.nautilus_common::cache: Cannot calculate unrealized PnL for P-20240414-063520-001-140731064146904-1, no quotes for BTCUSDT-PERP.BINANCE[0m
[1m2024-04-14T06:46:10.000000000Z[0m [1;33m[WARN] TRADER-001.nautilus_common::cache: Cannot calculate unrealized PnL for P-20240414-063520-001-140731064146904-1, no quotes for BTCUSDT-PERP.BINANCE[0m
[1m2024-04-14T06:46:20.000000000Z[0m [1;33m[WARN] TRADER-001.nautilus_common::cache: Cannot calculate unrealized PnL for P-20240414-063520-001-140731064146904-1, no quotes for BTCUSDT-PERP.BINANCE[0m
[1m2024-04-14T06:46:30.000000000Z[0m [1;33m[WARN] TRADER-001.nautilus_common::cache: Cannot calculate unrealized PnL for P-20240414-063520-001-140731064146904-1, no quotes for BTCUSDT-PERP.BINANCE[0m
[1m2024-04-14T06:46:40.000000000Z[0m [1;33m[WARN] TRADER-001.nautilus_common::cache: Cannot calculate unrealized PnL for P-20240414-063520-001-140731064146904-1, no quotes for BTCUSDT-PERP.BINANCE[0m
[1m2024-04-14T06:46:50.000000000Z[0m [1;33m[WARN] TRADER-001.nautilus_common::cache: Cannot calculate unrealized PnL for P-20240414-063520-001-140731064146904-1, no quotes for BTCUSDT-PERP.BINANCE[0m
[1m2024-04-14T06:46:59.999000000Z[0m [1;33m[WARN] TRADER-001.nautilus_common::cache: Cannot calculate unrealized PnL for P-20240414-063520-001-140731064146904-1, no quotes for BTCUSDT-PERP.BINANCE[0m
[1m2024-04-14T06:47:00.000000000Z[0m [1;33m[WARN] TRADER-001.nautilus_common::cache: Cannot calculate unrealized PnL for P-20240414-063520-001-140731064146904-1, no quotes for BTCUSDT-PERP.BINANCE[0m
[1m2024-04-14T06:47:10.000000000Z[0m [1;33m[WARN] TRADER-001.nautilus_common::cache: Cannot calculate unrealized PnL for P-20240414-063520-001-140731064146904-1, no quotes for BTCUSDT-PERP.BINANCE[0m
[1m2024-04-14T06:47:20.000000000Z[0m [1;33m[WARN] TRADER-001.nautilus_common::cache: Cannot calculate unrealized PnL for P-20240414-063520-001-140731064146904-1, no quotes for BTCUSDT-PERP.BINANCE[0m
[1m2024-04-14T06:47:30.000000000Z[0m [1;33m[WARN] TRADER-001.nautilus_common::cache: Cannot calculate unrealized PnL for P-20240414-063520-001-140731064146904-1, no quotes for BTCUSDT-PERP.BINANCE[0m
[1m2024-04-14T06:47:40.000000000Z[0m [1;33m[WARN] TRADER-001.nautilus_common::cache: Cannot calculate unrealized PnL for P-20240414-063520-001-140731064146904-1, no quotes for BTCUSDT-PERP.BINANCE[0m
[1m2024-04-14T06:47:50.000000000Z[0m [1;33m[WARN] TRADER-001.nautilus_common::cache: Cannot calculate unrealized PnL for P-20240414-063520-001-140731064146904-1, no quotes for BTCUSDT-PERP.BINANCE[0m
[1m2024-04-14T06:47:59.999000000Z[0m [1;33m[WARN] TRADER-001.nautilus_common::cache: Cannot calculate unrealized PnL for P-20240414-063520-001-140731064146904-1, no quotes for BTCUSDT-PERP.BINANCE[0m
[1m2024-04-14T06:48:00.000000000Z[0m [1;33m[WARN] TRADER-001.nautilus_common::cache: Cannot calculate unrealized PnL for P-20240414-063520-001-140731064146904-1, no quotes for BTCUSDT-PERP.BINANCE[0m
[1m2024-04-14T06:48:10.000000000Z[0m [1;33m[WARN] TRADER-001.nautilus_common::cache: Cannot calculate unrealized PnL for P-20240414-063520-001-140731064146904-1, no quotes for BTCUSDT-PERP.BINANCE[0m
[1m2024-04-14T06:48:20.000000000Z[0m [1;33m[WARN] TRADER-001.nautilus_common::cache: Cannot calculate unrealized PnL for P-20240414-063520-001-140731064146904-1, no quotes for BTCUSDT-PERP.BINANCE[0m
[1m2024-04-14T06:48:30.000000000Z[0m [1;33m[WARN] TRADER-001.nautilus_common::cache: Cannot calculate unrealized PnL for P-20240414-063520-001-140731064146904-1, no quotes for BTCUSDT-PERP.BINANCE[0m
[1m2024-04-14T06:48:40.000000000Z[0m [1;33m[WARN] TRADER-001.nautilus_common::cache: Cannot calculate unrealized PnL for P-20240414-063520-001-140731064146904-1, no quotes for BTCUSDT-PERP.BINANCE[0m
[1m2024-04-14T06:48:50.000000000Z[0m [1;33m[WARN] TRADER-001.nautilus_common::cache: Cannot calculate unrealized PnL for P-20240414-063520-001-140731064146904-1, no quotes for BTCUSDT-PERP.BINANCE[0m
[1m2024-04-14T06:48:59.999000000Z[0m [1;33m[WARN] TRADER-001.nautilus_common::cache: Cannot calculate unrealized PnL for P-20240414-063520-001-140731064146904-1, no quotes for BTCUSDT-PERP.BINANCE[0m
[1m2024-04-14T06:49:00.000000000Z[0m [1;33m[WARN] TRADER-001.nautilus_common::cache: Cannot calculate unrealized PnL for P-20240414-063520-001-140731064146904-1, no quotes for BTCUSDT-PERP.BINANCE[0m
[1m2024-04-14T06:49:10.000000000Z[0m [1;33m[WARN] TRADER-001.nautilus_common::cache: Cannot calculate unrealized PnL for P-20240414-063520-001-140731064146904-1, no quotes for BTCUSDT-PERP.BINANCE[0m
[1m2024-04-14T06:49:20.000000000Z[0m [1;33m[WARN] TRADER-001.nautilus_common::cache: Cannot calculate unrealized PnL for P-20240414-063520-001-140731064146904-1, no quotes for BTCUSDT-PERP.BINANCE[0m
[1m2024-04-14T06:49:30.000000000Z[0m [1;33m[WARN] TRADER-001.nautilus_common::cache: Cannot calculate unrealized PnL for P-20240414-063520-001-140731064146904-1, no quotes for BTCUSDT-PERP.BINANCE[0m
[1m2024-04-14T06:49:40.000000000Z[0m [1;33m[WARN] TRADER-001.nautilus_common::cache: Cannot calculate unrealized PnL for P-20240414-063520-001-140731064146904-1, no quotes for BTCUSDT-PERP.BINANCE[0m
[1m2024-04-14T06:49:50.000000000Z[0m [1;33m[WARN] TRADER-001.nautilus_common::cache: Cannot calculate unrealized PnL for P-20240414-063520-001-140731064146904-1, no quotes for BTCUSDT-PERP.BINANCE[0m
[1m2024-04-14T06:49:59.999000000Z[0m [1;33m[WARN] TRADER-001.nautilus_common::cache: Cannot calculate unrealized PnL for P-20240414-063520-001-140731064146904-1, no quotes for BTCUSDT-PERP.BINANCE[0m
[1m2024-04-14T06:50:00.000000000Z[0m [1;33m[WARN] TRADER-001.nautilus_common::cache: Cannot calculate unrealized PnL for P-20240414-063520-001-140731064146904-1, no quotes for BTCUSDT-PERP.BINANCE[0m
[1m2024-04-14T06:50:10.000000000Z[0m [1;33m[WARN] TRADER-001.nautilus_common::cache: Cannot calculate unrealized PnL for P-20240414-063520-001-140731064146904-1, no quotes for BTCUSDT-PERP.BINANCE[0m
[1m2024-04-14T06:50:20.000000000Z[0m [1;33m[WARN] TRADER-001.nautilus_common::cache: Cannot calculate unrealized PnL for P-20240414-063520-001-140731064146904-1, no quotes for BTCUSDT-PERP.BINANCE[0m
[1m2024-04-14T06:50:30.000000000Z[0m [1;33m[WARN] TRADER-001.nautilus_common::cache: Cannot calculate unrealized PnL for P-20240414-063520-001-140731064146904-1, no quotes for BTCUSDT-PERP.BINANCE[0m
[1m2024-04-14T06:50:40.000000000Z[0m [1;33m[WARN] TRADER-001.nautilus_common::cache: Cannot calculate unrealized PnL for P-20240414-063520-001-140731064146904-1, no quotes for BTCUSDT-PERP.BINANCE[0m
[1m2024-04-14T06:50:50.000000000Z[0m [1;33m[WARN] TRADER-001.nautilus_common::cache: Cannot calculate unrealized PnL for P-20240414-063520-001-140731064146904-1, no quotes for BTCUSDT-PERP.BINANCE[0m
[1m2024-04-14T06:50:59.999000000Z[0m [1;33m[WARN] TRADER-001.nautilus_common::cache: Cannot calculate unrealized PnL for P-20240414-063520-001-140731064146904-1, no quotes for BTCUSDT-PERP.BINANCE[0m
[1m2024-04-14T06:51:00.000000000Z[0m [1;33m[WARN] TRADER-001.nautilus_common::cache: Cannot calculate unrealized PnL for P-20240414-063520-001-140731064146904-1, no quotes for BTCUSDT-PERP.BINANCE[0m
[1m2024-04-14T06:51:10.000000000Z[0m [1;33m[WARN] TRADER-001.nautilus_common::cache: Cannot calculate unrealized PnL for P-20240414-063520-001-140731064146904-1, no quotes for BTCUSDT-PERP.BINANCE[0m
[1m2024-04-14T06:51:20.000000000Z[0m [1;33m[WARN] TRADER-001.nautilus_common::cache: Cannot calculate unrealized PnL for P-20240414-063520-001-140731064146904-1, no quotes for BTCUSDT-PERP.BINANCE[0m
[1m2024-04-14T06:51:30.000000000Z[0m [1;33m[WARN] TRADER-001.nautilus_common::cache: Cannot calculate unrealized PnL for P-20240414-063520-001-140731064146904-1, no quotes for BTCUSDT-PERP.BINANCE[0m
[1m2024-04-14T06:51:40.000000000Z[0m [1;33m[WARN] TRADER-001.nautilus_common::cache: Cannot calculate unrealized PnL for P-20240414-063520-001-140731064146904-1, no quotes for BTCUSDT-PERP.BINANCE[0m
[1m2024-04-14T06:51:50.000000000Z[0m [1;33m[WARN] TRADER-001.nautilus_common::cache: Cannot calculate unrealized PnL for P-20240414-063520-001-140731064146904-1, no quotes for BTCUSDT-PERP.BINANCE[0m
[1m2024-04-14T06:51:59.999000000Z[0m [1;33m[WARN] TRADER-001.nautilus_common::cache: Cannot calculate unrealized PnL for P-20240414-063520-001-140731064146904-1, no quotes for BTCUSDT-PERP.BINANCE[0m
[1m2024-04-14T06:52:00.000000000Z[0m [1;33m[WARN] TRADER-001.nautilus_common::cache: Cannot calculate unrealized PnL for P-20240414-063520-001-140731064146904-1, no quotes for BTCUSDT-PERP.BINANCE[0m
[1m2024-04-14T06:52:10.000000000Z[0m [1;33m[WARN] TRADER-001.nautilus_common::cache: Cannot calculate unrealized PnL for P-20240414-063520-001-140731064146904-1, no quotes for BTCUSDT-PERP.BINANCE[0m
[1m2024-04-14T06:52:20.000000000Z[0m [1;33m[WARN] TRADER-001.nautilus_common::cache: Cannot calculate unrealized PnL for P-20240414-063520-001-140731064146904-1, no quotes for BTCUSDT-PERP.BINANCE[0m
[1m2024-04-14T06:52:30.000000000Z[0m [1;33m[WARN] TRADER-001.nautilus_common::cache: Cannot calculate unrealized PnL for P-20240414-063520-001-140731064146904-1, no quotes for BTCUSDT-PERP.BINANCE[0m
[1m2024-04-14T06:52:40.000000000Z[0m [1;33m[WARN] TRADER-001.nautilus_common::cache: Cannot calculate unrealized PnL for P-20240414-063520-001-140731064146904-1, no quotes for BTCUSDT-PERP.BINANCE[0m
[1m2024-04-14T06:52:50.000000000Z[0m [1;33m[WARN] TRADER-001.nautilus_common::cache: Cannot calculate unrealized PnL for P-20240414-063520-001-140731064146904-1, no quotes for BTCUSDT-PERP.BINANCE[0m
[1m2024-04-14T06:52:59.999000000Z[0m [1;33m[WARN] TRADER-001.nautilus_common::cache: Cannot calculate unrealized PnL for P-20240414-063520-001-140731064146904-1, no quotes for BTCUSDT-PERP.BINANCE[0m
[1m2024-04-14T06:53:00.000000000Z[0m [1;33m[WARN] TRADER-001.nautilus_common::cache: Cannot calculate unrealized PnL for P-20240414-063520-001-140731064146904-1, no quotes for BTCUSDT-PERP.BINANCE[0m
[1m2024-04-14T06:53:10.000000000Z[0m [1;33m[WARN] TRADER-001.nautilus_common::cache: Cannot calculate unrealized PnL for P-20240414-063520-001-140731064146904-1, no quotes for BTCUSDT-PERP.BINANCE[0m
[1m2024-04-14T06:53:20.000000000Z[0m [1;33m[WARN] TRADER-001.nautilus_common::cache: Cannot calculate unrealized PnL for P-20240414-063520-001-140731064146904-1, no quotes for BTCUSDT-PERP.BINANCE[0m
[1m2024-04-14T06:53:30.000000000Z[0m [1;33m[WARN] TRADER-001.nautilus_common::cache: Cannot calculate unrealized PnL for P-20240414-063520-001-140731064146904-1, no quotes for BTCUSDT-PERP.BINANCE[0m
[1m2024-04-14T06:53:40.000000000Z[0m [1;33m[WARN] TRADER-001.nautilus_common::cache: Cannot calculate unrealized PnL for P-20240414-063520-001-140731064146904-1, no quotes for BTCUSDT-PERP.BINANCE[0m
[1m2024-04-14T06:53:50.000000000Z[0m [1;33m[WARN] TRADER-001.nautilus_common::cache: Cannot calculate unrealized PnL for P-20240414-063520-001-140731064146904-1, no quotes for BTCUSDT-PERP.BINANCE[0m
[1m2024-04-14T06:53:59.999000000Z[0m [1;33m[WARN] TRADER-001.nautilus_common::cache: Cannot calculate unrealized PnL for P-20240414-063520-001-140731064146904-1, no quotes for BTCUSDT-PERP.BINANCE[0m
[1m2024-04-14T06:54:00.000000000Z[0m [1;33m[WARN] TRADER-001.nautilus_common::cache: Cannot calculate unrealized PnL for P-20240414-063520-001-140731064146904-1, no quotes for BTCUSDT-PERP.BINANCE[0m
[1m2024-04-14T06:54:10.000000000Z[0m [1;33m[WARN] TRADER-001.nautilus_common::cache: Cannot calculate unrealized PnL for P-20240414-063520-001-140731064146904-1, no quotes for BTCUSDT-PERP.BINANCE[0m
[1m2024-04-14T06:54:20.000000000Z[0m [1;33m[WARN] TRADER-001.nautilus_common::cache: Cannot calculate unrealized PnL for P-20240414-063520-001-140731064146904-1, no quotes for BTCUSDT-PERP.BINANCE[0m
[1m2024-04-14T06:54:30.000000000Z[0m [1;33m[WARN] TRADER-001.nautilus_common::cache: Cannot calculate unrealized PnL for P-20240414-063520-001-140731064146904-1, no quotes for BTCUSDT-PERP.BINANCE[0m
[1m2024-04-14T06:54:40.000000000Z[0m [1;33m[WARN] TRADER-001.nautilus_common::cache: Cannot calculate unrealized PnL for P-20240414-063520-001-140731064146904-1, no quotes for BTCUSDT-PERP.BINANCE[0m
[1m2024-04-14T06:54:50.000000000Z[0m [1;33m[WARN] TRADER-001.nautilus_common::cache: Cannot calculate unrealized PnL for P-20240414-063520-001-140731064146904-1, no quotes for BTCUSDT-PERP.BINANCE[0m
[1m2024-04-14T06:54:59.999000000Z[0m [1;33m[WARN] TRADER-001.nautilus_common::cache: Cannot calculate unrealized PnL for P-20240414-063520-001-140731064146904-1, no quotes for BTCUSDT-PERP.BINANCE[0m
[1m2024-04-14T06:55:00.000000000Z[0m [1;33m[WARN] TRADER-001.nautilus_common::cache: Cannot calculate unrealized PnL for P-20240414-063520-001-140731064146904-1, no quotes for BTCUSDT-PERP.BINANCE[0m
[1m2024-04-14T06:55:10.000000000Z[0m [1;33m[WARN] TRADER-001.nautilus_common::cache: Cannot calculate unrealized PnL for P-20240414-063520-001-140731064146904-1, no quotes for BTCUSDT-PERP.BINANCE[0m
[1m2024-04-14T06:55:20.000000000Z[0m [1;33m[WARN] TRADER-001.nautilus_common::cache: Cannot calculate unrealized PnL for P-20240414-063520-001-140731064146904-1, no quotes for BTCUSDT-PERP.BINANCE[0m
[1m2024-04-14T06:55:30.000000000Z[0m [1;33m[WARN] TRADER-001.nautilus_common::cache: Cannot calculate unrealized PnL for P-20240414-063520-001-140731064146904-1, no quotes for BTCUSDT-PERP.BINANCE[0m
[1m2024-04-14T06:55:40.000000000Z[0m [1;33m[WARN] TRADER-001.nautilus_common::cache: Cannot calculate unrealized PnL for P-20240414-063520-001-140731064146904-1, no quotes for BTCUSDT-PERP.BINANCE[0m
[1m2024-04-14T06:55:50.000000000Z[0m [1;33m[WARN] TRADER-001.nautilus_common::cache: Cannot calculate unrealized PnL for P-20240414-063520-001-140731064146904-1, no quotes for BTCUSDT-PERP.BINANCE[0m
[1m2024-04-14T06:55:59.999000000Z[0m [1;33m[WARN] TRADER-001.nautilus_common::cache: Cannot calculate unrealized PnL for P-20240414-063520-001-140731064146904-1, no quotes for BTCUSDT-PERP.BINANCE[0m
[1m2024-04-14T06:56:00.000000000Z[0m [1;33m[WARN] TRADER-001.nautilus_common::cache: Cannot calculate unrealized PnL for P-20240414-063520-001-140731064146904-1, no quotes for BTCUSDT-PERP.BINANCE[0m
[1m2024-04-14T06:56:10.000000000Z[0m [1;33m[WARN] TRADER-001.nautilus_common::cache: Cannot calculate unrealized PnL for P-20240414-063520-001-140731064146904-1, no quotes for BTCUSDT-PERP.BINANCE[0m
[1m2024-04-14T06:56:20.000000000Z[0m [1;33m[WARN] TRADER-001.nautilus_common::cache: Cannot calculate unrealized PnL for P-20240414-063520-001-140731064146904-1, no quotes for BTCUSDT-PERP.BINANCE[0m
[1m2024-04-14T06:56:30.000000000Z[0m [1;33m[WARN] TRADER-001.nautilus_common::cache: Cannot calculate unrealized PnL for P-20240414-063520-001-140731064146904-1, no quotes for BTCUSDT-PERP.BINANCE[0m
[1m2024-04-14T06:56:40.000000000Z[0m [1;33m[WARN] TRADER-001.nautilus_common::cache: Cannot calculate unrealized PnL for P-20240414-063520-001-140731064146904-1, no quotes for BTCUSDT-PERP.BINANCE[0m
[1m2024-04-14T06:56:50.000000000Z[0m [1;33m[WARN] TRADER-001.nautilus_common::cache: Cannot calculate unrealized PnL for P-20240414-063520-001-140731064146904-1, no quotes for BTCUSDT-PERP.BINANCE[0m
[1m2024-04-14T06:56:59.999000000Z[0m [1;33m[WARN] TRADER-001.nautilus_common::cache: Cannot calculate unrealized PnL for P-20240414-063520-001-140731064146904-1, no quotes for BTCUSDT-PERP.BINANCE[0m
[1m2024-04-14T06:57:00.000000000Z[0m [1;33m[WARN] TRADER-001.nautilus_common::cache: Cannot calculate unrealized PnL for P-20240414-063520-001-140731064146904-1, no quotes for BTCUSDT-PERP.BINANCE[0m
[1m2024-04-14T06:57:10.000000000Z[0m [1;33m[WARN] TRADER-001.nautilus_common::cache: Cannot calculate unrealized PnL for P-20240414-063520-001-140731064146904-1, no quotes for BTCUSDT-PERP.BINANCE[0m
[1m2024-04-14T06:57:20.000000000Z[0m [1;33m[WARN] TRADER-001.nautilus_common::cache: Cannot calculate unrealized PnL for P-20240414-063520-001-140731064146904-1, no quotes for BTCUSDT-PERP.BINANCE[0m
[1m2024-04-14T06:57:30.000000000Z[0m [1;33m[WARN] TRADER-001.nautilus_common::cache: Cannot calculate unrealized PnL for P-20240414-063520-001-140731064146904-1, no quotes for BTCUSDT-PERP.BINANCE[0m
[1m2024-04-14T06:57:40.000000000Z[0m [1;33m[WARN] TRADER-001.nautilus_common::cache: Cannot calculate unrealized PnL for P-20240414-063520-001-140731064146904-1, no quotes for BTCUSDT-PERP.BINANCE[0m
[1m2024-04-14T06:57:50.000000000Z[0m [1;33m[WARN] TRADER-001.nautilus_common::cache: Cannot calculate unrealized PnL for P-20240414-063520-001-140731064146904-1, no quotes for BTCUSDT-PERP.BINANCE[0m
[1m2024-04-14T06:57:59.999000000Z[0m [1;33m[WARN] TRADER-001.nautilus_common::cache: Cannot calculate unrealized PnL for P-20240414-063520-001-140731064146904-1, no quotes for BTCUSDT-PERP.BINANCE[0m
[1m2024-04-14T06:58:00.000000000Z[0m [1;33m[WARN] TRADER-001.nautilus_common::cache: Cannot calculate unrealized PnL for P-20240414-063520-001-140731064146904-1, no quotes for BTCUSDT-PERP.BINANCE[0m
[1m2024-04-14T06:58:10.000000000Z[0m [1;33m[WARN] TRADER-001.nautilus_common::cache: Cannot calculate unrealized PnL for P-20240414-063520-001-140731064146904-1, no quotes for BTCUSDT-PERP.BINANCE[0m
[1m2024-04-14T06:58:20.000000000Z[0m [1;33m[WARN] TRADER-001.nautilus_common::cache: Cannot calculate unrealized PnL for P-20240414-063520-001-140731064146904-1, no quotes for BTCUSDT-PERP.BINANCE[0m
[1m2024-04-14T06:58:30.000000000Z[0m [1;33m[WARN] TRADER-001.nautilus_common::cache: Cannot calculate unrealized PnL for P-20240414-063520-001-140731064146904-1, no quotes for BTCUSDT-PERP.BINANCE[0m
[1m2024-04-14T06:58:40.000000000Z[0m [1;33m[WARN] TRADER-001.nautilus_common::cache: Cannot calculate unrealized PnL for P-20240414-063520-001-140731064146904-1, no quotes for BTCUSDT-PERP.BINANCE[0m
[1m2024-04-14T06:58:50.000000000Z[0m [1;33m[WARN] TRADER-001.nautilus_common::cache: Cannot calculate unrealized PnL for P-20240414-063520-001-140731064146904-1, no quotes for BTCUSDT-PERP.BINANCE[0m
[1m2024-04-14T06:58:59.999000000Z[0m [1;33m[WARN] TRADER-001.nautilus_common::cache: Cannot calculate unrealized PnL for P-20240414-063520-001-140731064146904-1, no quotes for BTCUSDT-PERP.BINANCE[0m
[1m2024-04-14T06:59:00.000000000Z[0m [1;33m[WARN] TRADER-001.nautilus_common::cache: Cannot calculate unrealized PnL for P-20240414-063520-001-140731064146904-1, no quotes for BTCUSDT-PERP.BINANCE[0m
[1m2024-04-14T06:59:10.000000000Z[0m [1;33m[WARN] TRADER-001.nautilus_common::cache: Cannot calculate unrealized PnL for P-20240414-063520-001-140731064146904-1, no quotes for BTCUSDT-PERP.BINANCE[0m
[1m2024-04-14T06:59:20.000000000Z[0m [1;33m[WARN] TRADER-001.nautilus_common::cache: Cannot calculate unrealized PnL for P-20240414-063520-001-140731064146904-1, no quotes for BTCUSDT-PERP.BINANCE[0m
[1m2024-04-14T06:59:30.000000000Z[0m [1;33m[WARN] TRADER-001.nautilus_common::cache: Cannot calculate unrealized PnL for P-20240414-063520-001-140731064146904-1, no quotes for BTCUSDT-PERP.BINANCE[0m
[1m2024-04-14T06:59:40.000000000Z[0m [1;33m[WARN] TRADER-001.nautilus_common::cache: Cannot calculate unrealized PnL for P-20240414-063520-001-140731064146904-1, no quotes for BTCUSDT-PERP.BINANCE[0m
[1m2024-04-14T06:59:50.000000000Z[0m [1;33m[WARN] TRADER-001.nautilus_common::cache: Cannot calculate unrealized PnL for P-20240414-063520-001-140731064146904-1, no quotes for BTCUSDT-PERP.BINANCE[0m
[1m2024-04-14T06:59:59.999000000Z[0m [1;33m[WARN] TRADER-001.nautilus_common::cache: Cannot calculate unrealized PnL for P-20240414-063520-001-140731064146904-1, no quotes for BTCUSDT-PERP.BINANCE[0m
[1m2024-04-14T07:00:00.000000000Z[0m [1;33m[WARN] TRADER-001.nautilus_common::cache: Cannot calculate unrealized PnL for P-20240414-063520-001-140731064146904-1, no quotes for BTCUSDT-PERP.BINANCE[0m
[1m2024-04-14T07:00:10.000000000Z[0m [1;33m[WARN] TRADER-001.nautilus_common::cache: Cannot calculate unrealized PnL for P-20240414-063520-001-140731064146904-1, no quotes for BTCUSDT-PERP.BINANCE[0m
[1m2024-04-14T07:00:20.000000000Z[0m [1;33m[WARN] TRADER-001.nautilus_common::cache: Cannot calculate unrealized PnL for P-20240414-063520-001-140731064146904-1, no quotes for BTCUSDT-PERP.BINANCE[0m
[1m2024-04-14T07:00:30.000000000Z[0m [1;33m[WARN] TRADER-001.nautilus_common::cache: Cannot calculate unrealized PnL for P-20240414-063520-001-140731064146904-1, no quotes for BTCUSDT-PERP.BINANCE[0m
[1m2024-04-14T07:00:40.000000000Z[0m [1;33m[WARN] TRADER-001.nautilus_common::cache: Cannot calculate unrealized PnL for P-20240414-063520-001-140731064146904-1, no quotes for BTCUSDT-PERP.BINANCE[0m
[1m2024-04-14T07:00:50.000000000Z[0m [1;33m[WARN] TRADER-001.nautilus_common::cache: Cannot calculate unrealized PnL for P-20240414-063520-001-140731064146904-1, no quotes for BTCUSDT-PERP.BINANCE[0m
[1m2024-04-14T07:00:59.999000000Z[0m [1;33m[WARN] TRADER-001.nautilus_common::cache: Cannot calculate unrealized PnL for P-20240414-063520-001-140731064146904-1, no quotes for BTCUSDT-PERP.BINANCE[0m
[1m2024-04-14T07:01:00.000000000Z[0m [1;33m[WARN] TRADER-001.nautilus_common::cache: Cannot calculate unrealized PnL for P-20240414-063520-001-140731064146904-1, no quotes for BTCUSDT-PERP.BINANCE[0m
[1m2024-04-14T07:01:10.000000000Z[0m [1;33m[WARN] TRADER-001.nautilus_common::cache: Cannot calculate unrealized PnL for P-20240414-063520-001-140731064146904-1, no quotes for BTCUSDT-PERP.BINANCE[0m
[1m2024-04-14T07:01:20.000000000Z[0m [1;33m[WARN] TRADER-001.nautilus_common::cache: Cannot calculate unrealized PnL for P-20240414-063520-001-140731064146904-1, no quotes for BTCUSDT-PERP.BINANCE[0m
[1m2024-04-14T07:01:30.000000000Z[0m [1;33m[WARN] TRADER-001.nautilus_common::cache: Cannot calculate unrealized PnL for P-20240414-063520-001-140731064146904-1, no quotes for BTCUSDT-PERP.BINANCE[0m
[1m2024-04-14T07:01:40.000000000Z[0m [1;33m[WARN] TRADER-001.nautilus_common::cache: Cannot calculate unrealized PnL for P-20240414-063520-001-140731064146904-1, no quotes for BTCUSDT-PERP.BINANCE[0m
[1m2024-04-14T07:01:50.000000000Z[0m [1;33m[WARN] TRADER-001.nautilus_common::cache: Cannot calculate unrealized PnL for P-20240414-063520-001-140731064146904-1, no quotes for BTCUSDT-PERP.BINANCE[0m
[1m2024-04-14T07:01:59.999000000Z[0m [1;33m[WARN] TRADER-001.nautilus_common::cache: Cannot calculate unrealized PnL for P-20240414-063520-001-140731064146904-1, no quotes for BTCUSDT-PERP.BINANCE[0m
[1m2024-04-14T07:02:00.000000000Z[0m [1;33m[WARN] TRADER-001.nautilus_common::cache: Cannot calculate unrealized PnL for P-20240414-063520-001-140731064146904-1, no quotes for BTCUSDT-PERP.BINANCE[0m
[1m2024-04-14T07:02:10.000000000Z[0m [1;33m[WARN] TRADER-001.nautilus_common::cache: Cannot calculate unrealized PnL for P-20240414-063520-001-140731064146904-1, no quotes for BTCUSDT-PERP.BINANCE[0m
[1m2024-04-14T07:02:20.000000000Z[0m [1;33m[WARN] TRADER-001.nautilus_common::cache: Cannot calculate unrealized PnL for P-20240414-063520-001-140731064146904-1, no quotes for BTCUSDT-PERP.BINANCE[0m
[1m2024-04-14T07:02:30.000000000Z[0m [1;33m[WARN] TRADER-001.nautilus_common::cache: Cannot calculate unrealized PnL for P-20240414-063520-001-140731064146904-1, no quotes for BTCUSDT-PERP.BINANCE[0m
[1m2024-04-14T07:02:40.000000000Z[0m [1;33m[WARN] TRADER-001.nautilus_common::cache: Cannot calculate unrealized PnL for P-20240414-063520-001-140731064146904-1, no quotes for BTCUSDT-PERP.BINANCE[0m
[1m2024-04-14T07:02:50.000000000Z[0m [1;33m[WARN] TRADER-001.nautilus_common::cache: Cannot calculate unrealized PnL for P-20240414-063520-001-140731064146904-1, no quotes for BTCUSDT-PERP.BINANCE[0m
[1m2024-04-14T07:02:59.999000000Z[0m [1;33m[WARN] TRADER-001.nautilus_common::cache: Cannot calculate unrealized PnL for P-20240414-063520-001-140731064146904-1, no quotes for BTCUSDT-PERP.BINANCE[0m
[1m2024-04-14T07:03:00.000000000Z[0m [1;33m[WARN] TRADER-001.nautilus_common::cache: Cannot calculate unrealized PnL for P-20240414-063520-001-140731064146904-1, no quotes for BTCUSDT-PERP.BINANCE[0m
[1m2024-04-14T07:03:10.000000000Z[0m [1;33m[WARN] TRADER-001.nautilus_common::cache: Cannot calculate unrealized PnL for P-20240414-063520-001-140731064146904-1, no quotes for BTCUSDT-PERP.BINANCE[0m
[1m2024-04-14T07:03:20.000000000Z[0m [1;33m[WARN] TRADER-001.nautilus_common::cache: Cannot calculate unrealized PnL for P-20240414-063520-001-140731064146904-1, no quotes for BTCUSDT-PERP.BINANCE[0m
[1m2024-04-14T07:03:30.000000000Z[0m [1;33m[WARN] TRADER-001.nautilus_common::cache: Cannot calculate unrealized PnL for P-20240414-063520-001-140731064146904-1, no quotes for BTCUSDT-PERP.BINANCE[0m
[1m2024-04-14T07:03:40.000000000Z[0m [1;33m[WARN] TRADER-001.nautilus_common::cache: Cannot calculate unrealized PnL for P-20240414-063520-001-140731064146904-1, no quotes for BTCUSDT-PERP.BINANCE[0m
[1m2024-04-14T07:03:50.000000000Z[0m [1;33m[WARN] TRADER-001.nautilus_common::cache: Cannot calculate unrealized PnL for P-20240414-063520-001-140731064146904-1, no quotes for BTCUSDT-PERP.BINANCE[0m
[1m2024-04-14T07:03:59.999000000Z[0m [1;33m[WARN] TRADER-001.nautilus_common::cache: Cannot calculate unrealized PnL for P-20240414-063520-001-140731064146904-1, no quotes for BTCUSDT-PERP.BINANCE[0m
[1m2024-04-14T07:04:00.000000000Z[0m [1;33m[WARN] TRADER-001.nautilus_common::cache: Cannot calculate unrealized PnL for P-20240414-063520-001-140731064146904-1, no quotes for BTCUSDT-PERP.BINANCE[0m
[1m2024-04-14T07:04:10.000000000Z[0m [1;33m[WARN] TRADER-001.nautilus_common::cache: Cannot calculate unrealized PnL for P-20240414-063520-001-140731064146904-1, no quotes for BTCUSDT-PERP.BINANCE[0m
[1m2024-04-14T07:04:20.000000000Z[0m [1;33m[WARN] TRADER-001.nautilus_common::cache: Cannot calculate unrealized PnL for P-20240414-063520-001-140731064146904-1, no quotes for BTCUSDT-PERP.BINANCE[0m
[1m2024-04-14T07:04:30.000000000Z[0m [1;33m[WARN] TRADER-001.nautilus_common::cache: Cannot calculate unrealized PnL for P-20240414-063520-001-140731064146904-1, no quotes for BTCUSDT-PERP.BINANCE[0m
[1m2024-04-14T07:04:40.000000000Z[0m [1;33m[WARN] TRADER-001.nautilus_common::cache: Cannot calculate unrealized PnL for P-20240414-063520-001-140731064146904-1, no quotes for BTCUSDT-PERP.BINANCE[0m
[1m2024-04-14T07:04:50.000000000Z[0m [1;33m[WARN] TRADER-001.nautilus_common::cache: Cannot calculate unrealized PnL for P-20240414-063520-001-140731064146904-1, no quotes for BTCUSDT-PERP.BINANCE[0m
[1m2024-04-14T07:04:59.999000000Z[0m [1;33m[WARN] TRADER-001.nautilus_common::cache: Cannot calculate unrealized PnL for P-20240414-063520-001-140731064146904-1, no quotes for BTCUSDT-PERP.BINANCE[0m
[1m2024-04-14T07:05:00.000000000Z[0m [1;33m[WARN] TRADER-001.nautilus_common::cache: Cannot calculate unrealized PnL for P-20240414-063520-001-140731064146904-1, no quotes for BTCUSDT-PERP.BINANCE[0m
[1m2024-04-14T07:05:10.000000000Z[0m [1;33m[WARN] TRADER-001.nautilus_common::cache: Cannot calculate unrealized PnL for P-20240414-063520-001-140731064146904-1, no quotes for BTCUSDT-PERP.BINANCE[0m
[1m2024-04-14T07:05:20.000000000Z[0m [1;33m[WARN] TRADER-001.nautilus_common::cache: Cannot calculate unrealized PnL for P-20240414-063520-001-140731064146904-1, no quotes for BTCUSDT-PERP.BINANCE[0m
[1m2024-04-14T07:05:30.000000000Z[0m [1;33m[WARN] TRADER-001.nautilus_common::cache: Cannot calculate unrealized PnL for P-20240414-063520-001-140731064146904-1, no quotes for BTCUSDT-PERP.BINANCE[0m
[1m2024-04-14T07:05:40.000000000Z[0m [1;33m[WARN] TRADER-001.nautilus_common::cache: Cannot calculate unrealized PnL for P-20240414-063520-001-140731064146904-1, no quotes for BTCUSDT-PERP.BINANCE[0m
[1m2024-04-14T07:05:50.000000000Z[0m [1;33m[WARN] TRADER-001.nautilus_common::cache: Cannot calculate unrealized PnL for P-20240414-063520-001-140731064146904-1, no quotes for BTCUSDT-PERP.BINANCE[0m
[1m2024-04-14T07:05:59.999000000Z[0m [1;33m[WARN] TRADER-001.nautilus_common::cache: Cannot calculate unrealized PnL for P-20240414-063520-001-140731064146904-1, no quotes for BTCUSDT-PERP.BINANCE[0m
[1m2024-04-14T07:06:00.000000000Z[0m [1;33m[WARN] TRADER-001.nautilus_common::cache: Cannot calculate unrealized PnL for P-20240414-063520-001-140731064146904-1, no quotes for BTCUSDT-PERP.BINANCE[0m
[1m2024-04-14T07:06:10.000000000Z[0m [1;33m[WARN] TRADER-001.nautilus_common::cache: Cannot calculate unrealized PnL for P-20240414-063520-001-140731064146904-1, no quotes for BTCUSDT-PERP.BINANCE[0m
[1m2024-04-14T07:06:20.000000000Z[0m [1;33m[WARN] TRADER-001.nautilus_common::cache: Cannot calculate unrealized PnL for P-20240414-063520-001-140731064146904-1, no quotes for BTCUSDT-PERP.BINANCE[0m
[1m2024-04-14T07:06:30.000000000Z[0m [1;33m[WARN] TRADER-001.nautilus_common::cache: Cannot calculate unrealized PnL for P-20240414-063520-001-140731064146904-1, no quotes for BTCUSDT-PERP.BINANCE[0m
[1m2024-04-14T07:06:40.000000000Z[0m [1;33m[WARN] TRADER-001.nautilus_common::cache: Cannot calculate unrealized PnL for P-20240414-063520-001-140731064146904-1, no quotes for BTCUSDT-PERP.BINANCE[0m
[1m2024-04-14T07:06:50.000000000Z[0m [1;33m[WARN] TRADER-001.nautilus_common::cache: Cannot calculate unrealized PnL for P-20240414-063520-001-140731064146904-1, no quotes for BTCUSDT-PERP.BINANCE[0m
[1m2024-04-14T07:06:59.999000000Z[0m [1;33m[WARN] TRADER-001.nautilus_common::cache: Cannot calculate unrealized PnL for P-20240414-063520-001-140731064146904-1, no quotes for BTCUSDT-PERP.BINANCE[0m
[1m2024-04-14T07:07:00.000000000Z[0m [1;33m[WARN] TRADER-001.nautilus_common::cache: Cannot calculate unrealized PnL for P-20240414-063520-001-140731064146904-1, no quotes for BTCUSDT-PERP.BINANCE[0m
[1m2024-04-14T07:07:10.000000000Z[0m [1;33m[WARN] TRADER-001.nautilus_common::cache: Cannot calculate unrealized PnL for P-20240414-063520-001-140731064146904-1, no quotes for BTCUSDT-PERP.BINANCE[0m
[1m2024-04-14T07:07:20.000000000Z[0m [1;33m[WARN] TRADER-001.nautilus_common::cache: Cannot calculate unrealized PnL for P-20240414-063520-001-140731064146904-1, no quotes for BTCUSDT-PERP.BINANCE[0m
[1m2024-04-14T07:07:30.000000000Z[0m [1;33m[WARN] TRADER-001.nautilus_common::cache: Cannot calculate unrealized PnL for P-20240414-063520-001-140731064146904-1, no quotes for BTCUSDT-PERP.BINANCE[0m
[1m2024-04-14T07:07:40.000000000Z[0m [1;33m[WARN] TRADER-001.nautilus_common::cache: Cannot calculate unrealized PnL for P-20240414-063520-001-140731064146904-1, no quotes for BTCUSDT-PERP.BINANCE[0m
[1m2024-04-14T07:07:50.000000000Z[0m [1;33m[WARN] TRADER-001.nautilus_common::cache: Cannot calculate unrealized PnL for P-20240414-063520-001-140731064146904-1, no quotes for BTCUSDT-PERP.BINANCE[0m
[1m2024-04-14T07:07:59.999000000Z[0m [1;33m[WARN] TRADER-001.nautilus_common::cache: Cannot calculate unrealized PnL for P-20240414-063520-001-140731064146904-1, no quotes for BTCUSDT-PERP.BINANCE[0m
[1m2024-04-14T07:08:00.000000000Z[0m [1;33m[WARN] TRADER-001.nautilus_common::cache: Cannot calculate unrealized PnL for P-20240414-063520-001-140731064146904-1, no quotes for BTCUSDT-PERP.BINANCE[0m
[1m2024-04-14T07:08:10.000000000Z[0m [1;33m[WARN] TRADER-001.nautilus_common::cache: Cannot calculate unrealized PnL for P-20240414-063520-001-140731064146904-1, no quotes for BTCUSDT-PERP.BINANCE[0m
[1m2024-04-14T07:08:20.000000000Z[0m [1;33m[WARN] TRADER-001.nautilus_common::cache: Cannot calculate unrealized PnL for P-20240414-063520-001-140731064146904-1, no quotes for BTCUSDT-PERP.BINANCE[0m
[1m2024-04-14T07:08:30.000000000Z[0m [1;33m[WARN] TRADER-001.nautilus_common::cache: Cannot calculate unrealized PnL for P-20240414-063520-001-140731064146904-1, no quotes for BTCUSDT-PERP.BINANCE[0m
[1m2024-04-14T07:08:40.000000000Z[0m [1;33m[WARN] TRADER-001.nautilus_common::cache: Cannot calculate unrealized PnL for P-20240414-063520-001-140731064146904-1, no quotes for BTCUSDT-PERP.BINANCE[0m
[1m2024-04-14T07:08:50.000000000Z[0m [1;33m[WARN] TRADER-001.nautilus_common::cache: Cannot calculate unrealized PnL for P-20240414-063520-001-140731064146904-1, no quotes for BTCUSDT-PERP.BINANCE[0m
[1m2024-04-14T07:08:59.999000000Z[0m [1;33m[WARN] TRADER-001.nautilus_common::cache: Cannot calculate unrealized PnL for P-20240414-063520-001-140731064146904-1, no quotes for BTCUSDT-PERP.BINANCE[0m
[1m2024-04-14T07:09:00.000000000Z[0m [1;33m[WARN] TRADER-001.nautilus_common::cache: Cannot calculate unrealized PnL for P-20240414-063520-001-140731064146904-1, no quotes for BTCUSDT-PERP.BINANCE[0m
[1m2024-04-14T07:09:10.000000000Z[0m [1;33m[WARN] TRADER-001.nautilus_common::cache: Cannot calculate unrealized PnL for P-20240414-063520-001-140731064146904-1, no quotes for BTCUSDT-PERP.BINANCE[0m
[1m2024-04-14T07:09:20.000000000Z[0m [1;33m[WARN] TRADER-001.nautilus_common::cache: Cannot calculate unrealized PnL for P-20240414-063520-001-140731064146904-1, no quotes for BTCUSDT-PERP.BINANCE[0m
[1m2024-04-14T07:09:30.000000000Z[0m [1;33m[WARN] TRADER-001.nautilus_common::cache: Cannot calculate unrealized PnL for P-20240414-063520-001-140731064146904-1, no quotes for BTCUSDT-PERP.BINANCE[0m
[1m2024-04-14T07:09:40.000000000Z[0m [1;33m[WARN] TRADER-001.nautilus_common::cache: Cannot calculate unrealized PnL for P-20240414-063520-001-140731064146904-1, no quotes for BTCUSDT-PERP.BINANCE[0m
[1m2024-04-14T07:09:50.000000000Z[0m [1;33m[WARN] TRADER-001.nautilus_common::cache: Cannot calculate unrealized PnL for P-20240414-063520-001-140731064146904-1, no quotes for BTCUSDT-PERP.BINANCE[0m
[1m2024-04-14T07:09:59.999000000Z[0m [1;33m[WARN] TRADER-001.nautilus_common::cache: Cannot calculate unrealized PnL for P-20240414-063520-001-140731064146904-1, no quotes for BTCUSDT-PERP.BINANCE[0m
[1m2024-04-14T07:10:00.000000000Z[0m [1;33m[WARN] TRADER-001.nautilus_common::cache: Cannot calculate unrealized PnL for P-20240414-063520-001-140731064146904-1, no quotes for BTCUSDT-PERP.BINANCE[0m
[1m2024-04-14T07:10:10.000000000Z[0m [1;33m[WARN] TRADER-001.nautilus_common::cache: Cannot calculate unrealized PnL for P-20240414-063520-001-140731064146904-1, no quotes for BTCUSDT-PERP.BINANCE[0m
[1m2024-04-14T07:10:20.000000000Z[0m [1;33m[WARN] TRADER-001.nautilus_common::cache: Cannot calculate unrealized PnL for P-20240414-063520-001-140731064146904-1, no quotes for BTCUSDT-PERP.BINANCE[0m
[1m2024-04-14T07:10:30.000000000Z[0m [1;33m[WARN] TRADER-001.nautilus_common::cache: Cannot calculate unrealized PnL for P-20240414-063520-001-140731064146904-1, no quotes for BTCUSDT-PERP.BINANCE[0m
[1m2024-04-14T07:10:40.000000000Z[0m [1;33m[WARN] TRADER-001.nautilus_common::cache: Cannot calculate unrealized PnL for P-20240414-063520-001-140731064146904-1, no quotes for BTCUSDT-PERP.BINANCE[0m
[1m2024-04-14T07:10:50.000000000Z[0m [1;33m[WARN] TRADER-001.nautilus_common::cache: Cannot calculate unrealized PnL for P-20240414-063520-001-140731064146904-1, no quotes for BTCUSDT-PERP.BINANCE[0m
[1m2024-04-14T07:10:59.999000000Z[0m [1;33m[WARN] TRADER-001.nautilus_common::cache: Cannot calculate unrealized PnL for P-20240414-063520-001-140731064146904-1, no quotes for BTCUSDT-PERP.BINANCE[0m
[1m2024-04-14T07:11:00.000000000Z[0m [1;33m[WARN] TRADER-001.nautilus_common::cache: Cannot calculate unrealized PnL for P-20240414-063520-001-140731064146904-1, no quotes for BTCUSDT-PERP.BINANCE[0m
[1m2024-04-14T07:11:10.000000000Z[0m [1;33m[WARN] TRADER-001.nautilus_common::cache: Cannot calculate unrealized PnL for P-20240414-063520-001-140731064146904-1, no quotes for BTCUSDT-PERP.BINANCE[0m
[1m2024-04-14T07:11:20.000000000Z[0m [1;33m[WARN] TRADER-001.nautilus_common::cache: Cannot calculate unrealized PnL for P-20240414-063520-001-140731064146904-1, no quotes for BTCUSDT-PERP.BINANCE[0m
[1m2024-04-14T07:11:30.000000000Z[0m [1;33m[WARN] TRADER-001.nautilus_common::cache: Cannot calculate unrealized PnL for P-20240414-063520-001-140731064146904-1, no quotes for BTCUSDT-PERP.BINANCE[0m
[1m2024-04-14T07:11:40.000000000Z[0m [1;33m[WARN] TRADER-001.nautilus_common::cache: Cannot calculate unrealized PnL for P-20240414-063520-001-140731064146904-1, no quotes for BTCUSDT-PERP.BINANCE[0m
[1m2024-04-14T07:11:50.000000000Z[0m [1;33m[WARN] TRADER-001.nautilus_common::cache: Cannot calculate unrealized PnL for P-20240414-063520-001-140731064146904-1, no quotes for BTCUSDT-PERP.BINANCE[0m
[1m2024-04-14T07:11:59.999000000Z[0m [1;33m[WARN] TRADER-001.nautilus_common::cache: Cannot calculate unrealized PnL for P-20240414-063520-001-140731064146904-1, no quotes for BTCUSDT-PERP.BINANCE[0m
[1m2024-04-14T07:12:00.000000000Z[0m [1;33m[WARN] TRADER-001.nautilus_common::cache: Cannot calculate unrealized PnL for P-20240414-063520-001-140731064146904-1, no quotes for BTCUSDT-PERP.BINANCE[0m
[1m2024-04-14T07:12:10.000000000Z[0m [1;33m[WARN] TRADER-001.nautilus_common::cache: Cannot calculate unrealized PnL for P-20240414-063520-001-140731064146904-1, no quotes for BTCUSDT-PERP.BINANCE[0m
[1m2024-04-14T07:12:20.000000000Z[0m [1;33m[WARN] TRADER-001.nautilus_common::cache: Cannot calculate unrealized PnL for P-20240414-063520-001-140731064146904-1, no quotes for BTCUSDT-PERP.BINANCE[0m
[1m2024-04-14T07:12:30.000000000Z[0m [1;33m[WARN] TRADER-001.nautilus_common::cache: Cannot calculate unrealized PnL for P-20240414-063520-001-140731064146904-1, no quotes for BTCUSDT-PERP.BINANCE[0m
[1m2024-04-14T07:12:40.000000000Z[0m [1;33m[WARN] TRADER-001.nautilus_common::cache: Cannot calculate unrealized PnL for P-20240414-063520-001-140731064146904-1, no quotes for BTCUSDT-PERP.BINANCE[0m
[1m2024-04-14T07:12:50.000000000Z[0m [1;33m[WARN] TRADER-001.nautilus_common::cache: Cannot calculate unrealized PnL for P-20240414-063520-001-140731064146904-1, no quotes for BTCUSDT-PERP.BINANCE[0m
[1m2024-04-14T07:12:59.999000000Z[0m [1;33m[WARN] TRADER-001.nautilus_common::cache: Cannot calculate unrealized PnL for P-20240414-063520-001-140731064146904-1, no quotes for BTCUSDT-PERP.BINANCE[0m
[1m2024-04-14T07:13:00.000000000Z[0m [1;33m[WARN] TRADER-001.nautilus_common::cache: Cannot calculate unrealized PnL for P-20240414-063520-001-140731064146904-1, no quotes for BTCUSDT-PERP.BINANCE[0m
[1m2024-04-14T07:13:10.000000000Z[0m [1;33m[WARN] TRADER-001.nautilus_common::cache: Cannot calculate unrealized PnL for P-20240414-063520-001-140731064146904-1, no quotes for BTCUSDT-PERP.BINANCE[0m
[1m2024-04-14T07:13:20.000000000Z[0m [1;33m[WARN] TRADER-001.nautilus_common::cache: Cannot calculate unrealized PnL for P-20240414-063520-001-140731064146904-1, no quotes for BTCUSDT-PERP.BINANCE[0m
[1m2024-04-14T07:13:30.000000000Z[0m [1;33m[WARN] TRADER-001.nautilus_common::cache: Cannot calculate unrealized PnL for P-20240414-063520-001-140731064146904-1, no quotes for BTCUSDT-PERP.BINANCE[0m
[1m2024-04-14T07:13:40.000000000Z[0m [1;33m[WARN] TRADER-001.nautilus_common::cache: Cannot calculate unrealized PnL for P-20240414-063520-001-140731064146904-1, no quotes for BTCUSDT-PERP.BINANCE[0m
[1m2024-04-14T07:13:50.000000000Z[0m [1;33m[WARN] TRADER-001.nautilus_common::cache: Cannot calculate unrealized PnL for P-20240414-063520-001-140731064146904-1, no quotes for BTCUSDT-PERP.BINANCE[0m
[1m2024-04-14T07:13:59.999000000Z[0m [1;33m[WARN] TRADER-001.nautilus_common::cache: Cannot calculate unrealized PnL for P-20240414-063520-001-140731064146904-1, no quotes for BTCUSDT-PERP.BINANCE[0m
[1m2024-04-14T07:14:00.000000000Z[0m [1;33m[WARN] TRADER-001.nautilus_common::cache: Cannot calculate unrealized PnL for P-20240414-063520-001-140731064146904-1, no quotes for BTCUSDT-PERP.BINANCE[0m
[1m2024-04-14T07:14:10.000000000Z[0m [1;33m[WARN] TRADER-001.nautilus_common::cache: Cannot calculate unrealized PnL for P-20240414-063520-001-140731064146904-1, no quotes for BTCUSDT-PERP.BINANCE[0m
[1m2024-04-14T07:14:20.000000000Z[0m [1;33m[WARN] TRADER-001.nautilus_common::cache: Cannot calculate unrealized PnL for P-20240414-063520-001-140731064146904-1, no quotes for BTCUSDT-PERP.BINANCE[0m
[1m2024-04-14T07:14:30.000000000Z[0m [1;33m[WARN] TRADER-001.nautilus_common::cache: Cannot calculate unrealized PnL for P-20240414-063520-001-140731064146904-1, no quotes for BTCUSDT-PERP.BINANCE[0m
[1m2024-04-14T07:14:40.000000000Z[0m [1;33m[WARN] TRADER-001.nautilus_common::cache: Cannot calculate unrealized PnL for P-20240414-063520-001-140731064146904-1, no quotes for BTCUSDT-PERP.BINANCE[0m
[1m2024-04-14T07:14:50.000000000Z[0m [1;33m[WARN] TRADER-001.nautilus_common::cache: Cannot calculate unrealized PnL for P-20240414-063520-001-140731064146904-1, no quotes for BTCUSDT-PERP.BINANCE[0m
[1m2024-04-14T07:14:59.999000000Z[0m [1;33m[WARN] TRADER-001.nautilus_common::cache: Cannot calculate unrealized PnL for P-20240414-063520-001-140731064146904-1, no quotes for BTCUSDT-PERP.BINANCE[0m
[1m2024-04-14T07:15:00.000000000Z[0m [1;33m[WARN] TRADER-001.nautilus_common::cache: Cannot calculate unrealized PnL for P-20240414-063520-001-140731064146904-1, no quotes for BTCUSDT-PERP.BINANCE[0m
[1m2024-04-14T07:15:10.000000000Z[0m [1;33m[WARN] TRADER-001.nautilus_common::cache: Cannot calculate unrealized PnL for P-20240414-063520-001-140731064146904-1, no quotes for BTCUSDT-PERP.BINANCE[0m
[1m2024-04-14T07:15:20.000000000Z[0m [1;33m[WARN] TRADER-001.nautilus_common::cache: Cannot calculate unrealized PnL for P-20240414-063520-001-140731064146904-1, no quotes for BTCUSDT-PERP.BINANCE[0m
[1m2024-04-14T07:15:30.000000000Z[0m [1;33m[WARN] TRADER-001.nautilus_common::cache: Cannot calculate unrealized PnL for P-20240414-063520-001-140731064146904-1, no quotes for BTCUSDT-PERP.BINANCE[0m
[1m2024-04-14T07:15:40.000000000Z[0m [1;33m[WARN] TRADER-001.nautilus_common::cache: Cannot calculate unrealized PnL for P-20240414-063520-001-140731064146904-1, no quotes for BTCUSDT-PERP.BINANCE[0m
[1m2024-04-14T07:15:50.000000000Z[0m [1;33m[WARN] TRADER-001.nautilus_common::cache: Cannot calculate unrealized PnL for P-20240414-063520-001-140731064146904-1, no quotes for BTCUSDT-PERP.BINANCE[0m
[1m2024-04-14T07:15:59.999000000Z[0m [1;33m[WARN] TRADER-001.nautilus_common::cache: Cannot calculate unrealized PnL for P-20240414-063520-001-140731064146904-1, no quotes for BTCUSDT-PERP.BINANCE[0m
[1m2024-04-14T07:16:00.000000000Z[0m [1;33m[WARN] TRADER-001.nautilus_common::cache: Cannot calculate unrealized PnL for P-20240414-063520-001-140731064146904-1, no quotes for BTCUSDT-PERP.BINANCE[0m
[1m2024-04-14T07:16:10.000000000Z[0m [1;33m[WARN] TRADER-001.nautilus_common::cache: Cannot calculate unrealized PnL for P-20240414-063520-001-140731064146904-1, no quotes for BTCUSDT-PERP.BINANCE[0m
[1m2024-04-14T07:16:20.000000000Z[0m [1;33m[WARN] TRADER-001.nautilus_common::cache: Cannot calculate unrealized PnL for P-20240414-063520-001-140731064146904-1, no quotes for BTCUSDT-PERP.BINANCE[0m
[1m2024-04-14T07:16:30.000000000Z[0m [1;33m[WARN] TRADER-001.nautilus_common::cache: Cannot calculate unrealized PnL for P-20240414-063520-001-140731064146904-1, no quotes for BTCUSDT-PERP.BINANCE[0m
[1m2024-04-14T07:16:40.000000000Z[0m [1;33m[WARN] TRADER-001.nautilus_common::cache: Cannot calculate unrealized PnL for P-20240414-063520-001-140731064146904-1, no quotes for BTCUSDT-PERP.BINANCE[0m
[1m2024-04-14T07:16:50.000000000Z[0m [1;33m[WARN] TRADER-001.nautilus_common::cache: Cannot calculate unrealized PnL for P-20240414-063520-001-140731064146904-1, no quotes for BTCUSDT-PERP.BINANCE[0m
[1m2024-04-14T07:16:59.999000000Z[0m [1;33m[WARN] TRADER-001.nautilus_common::cache: Cannot calculate unrealized PnL for P-20240414-063520-001-140731064146904-1, no quotes for BTCUSDT-PERP.BINANCE[0m
[1m2024-04-14T07:17:00.000000000Z[0m [1;33m[WARN] TRADER-001.nautilus_common::cache: Cannot calculate unrealized PnL for P-20240414-063520-001-140731064146904-1, no quotes for BTCUSDT-PERP.BINANCE[0m
[1m2024-04-14T07:17:10.000000000Z[0m [1;33m[WARN] TRADER-001.nautilus_common::cache: Cannot calculate unrealized PnL for P-20240414-063520-001-140731064146904-1, no quotes for BTCUSDT-PERP.BINANCE[0m
[1m2024-04-14T07:17:20.000000000Z[0m [1;33m[WARN] TRADER-001.nautilus_common::cache: Cannot calculate unrealized PnL for P-20240414-063520-001-140731064146904-1, no quotes for BTCUSDT-PERP.BINANCE[0m
[1m2024-04-14T07:17:30.000000000Z[0m [1;33m[WARN] TRADER-001.nautilus_common::cache: Cannot calculate unrealized PnL for P-20240414-063520-001-140731064146904-1, no quotes for BTCUSDT-PERP.BINANCE[0m
[1m2024-04-14T07:17:40.000000000Z[0m [1;33m[WARN] TRADER-001.nautilus_common::cache: Cannot calculate unrealized PnL for P-20240414-063520-001-140731064146904-1, no quotes for BTCUSDT-PERP.BINANCE[0m
[1m2024-04-14T07:17:50.000000000Z[0m [1;33m[WARN] TRADER-001.nautilus_common::cache: Cannot calculate unrealized PnL for P-20240414-063520-001-140731064146904-1, no quotes for BTCUSDT-PERP.BINANCE[0m
[1m2024-04-14T07:17:59.999000000Z[0m [1;33m[WARN] TRADER-001.nautilus_common::cache: Cannot calculate unrealized PnL for P-20240414-063520-001-140731064146904-1, no quotes for BTCUSDT-PERP.BINANCE[0m
[1m2024-04-14T07:18:00.000000000Z[0m [1;33m[WARN] TRADER-001.nautilus_common::cache: Cannot calculate unrealized PnL for P-20240414-063520-001-140731064146904-1, no quotes for BTCUSDT-PERP.BINANCE[0m
[1m2024-04-14T07:18:10.000000000Z[0m [1;33m[WARN] TRADER-001.nautilus_common::cache: Cannot calculate unrealized PnL for P-20240414-063520-001-140731064146904-1, no quotes for BTCUSDT-PERP.BINANCE[0m
[1m2024-04-14T07:18:20.000000000Z[0m [1;33m[WARN] TRADER-001.nautilus_common::cache: Cannot calculate unrealized PnL for P-20240414-063520-001-140731064146904-1, no quotes for BTCUSDT-PERP.BINANCE[0m
[1m2024-04-14T07:18:30.000000000Z[0m [1;33m[WARN] TRADER-001.nautilus_common::cache: Cannot calculate unrealized PnL for P-20240414-063520-001-140731064146904-1, no quotes for BTCUSDT-PERP.BINANCE[0m
[1m2024-04-14T07:18:40.000000000Z[0m [1;33m[WARN] TRADER-001.nautilus_common::cache: Cannot calculate unrealized PnL for P-20240414-063520-001-140731064146904-1, no quotes for BTCUSDT-PERP.BINANCE[0m
[1m2024-04-14T07:18:50.000000000Z[0m [1;33m[WARN] TRADER-001.nautilus_common::cache: Cannot calculate unrealized PnL for P-20240414-063520-001-140731064146904-1, no quotes for BTCUSDT-PERP.BINANCE[0m
[1m2024-04-14T07:18:59.999000000Z[0m [1;33m[WARN] TRADER-001.nautilus_common::cache: Cannot calculate unrealized PnL for P-20240414-063520-001-140731064146904-1, no quotes for BTCUSDT-PERP.BINANCE[0m
[1m2024-04-14T07:19:00.000000000Z[0m [1;33m[WARN] TRADER-001.nautilus_common::cache: Cannot calculate unrealized PnL for P-20240414-063520-001-140731064146904-1, no quotes for BTCUSDT-PERP.BINANCE[0m
[1m2024-04-14T07:19:10.000000000Z[0m [1;33m[WARN] TRADER-001.nautilus_common::cache: Cannot calculate unrealized PnL for P-20240414-063520-001-140731064146904-1, no quotes for BTCUSDT-PERP.BINANCE[0m
[1m2024-04-14T07:19:20.000000000Z[0m [1;33m[WARN] TRADER-001.nautilus_common::cache: Cannot calculate unrealized PnL for P-20240414-063520-001-140731064146904-1, no quotes for BTCUSDT-PERP.BINANCE[0m
[1m2024-04-14T07:19:30.000000000Z[0m [1;33m[WARN] TRADER-001.nautilus_common::cache: Cannot calculate unrealized PnL for P-20240414-063520-001-140731064146904-1, no quotes for BTCUSDT-PERP.BINANCE[0m
[1m2024-04-14T07:19:40.000000000Z[0m [1;33m[WARN] TRADER-001.nautilus_common::cache: Cannot calculate unrealized PnL for P-20240414-063520-001-140731064146904-1, no quotes for BTCUSDT-PERP.BINANCE[0m
[1m2024-04-14T07:19:50.000000000Z[0m [1;33m[WARN] TRADER-001.nautilus_common::cache: Cannot calculate unrealized PnL for P-20240414-063520-001-140731064146904-1, no quotes for BTCUSDT-PERP.BINANCE[0m
[1m2024-04-14T07:19:59.999000000Z[0m [1;33m[WARN] TRADER-001.nautilus_common::cache: Cannot calculate unrealized PnL for P-20240414-063520-001-140731064146904-1, no quotes for BTCUSDT-PERP.BINANCE[0m
[1m2024-04-14T07:20:00.000000000Z[0m [1;33m[WARN] TRADER-001.nautilus_common::cache: Cannot calculate unrealized PnL for P-20240414-063520-001-140731064146904-1, no quotes for BTCUSDT-PERP.BINANCE[0m
[1m2024-04-14T07:20:10.000000000Z[0m [1;33m[WARN] TRADER-001.nautilus_common::cache: Cannot calculate unrealized PnL for P-20240414-063520-001-140731064146904-1, no quotes for BTCUSDT-PERP.BINANCE[0m
[1m2024-04-14T07:20:20.000000000Z[0m [1;33m[WARN] TRADER-001.nautilus_common::cache: Cannot calculate unrealized PnL for P-20240414-063520-001-140731064146904-1, no quotes for BTCUSDT-PERP.BINANCE[0m
[1m2024-04-14T07:20:30.000000000Z[0m [1;33m[WARN] TRADER-001.nautilus_common::cache: Cannot calculate unrealized PnL for P-20240414-063520-001-140731064146904-1, no quotes for BTCUSDT-PERP.BINANCE[0m
[1m2024-04-14T07:20:40.000000000Z[0m [1;33m[WARN] TRADER-001.nautilus_common::cache: Cannot calculate unrealized PnL for P-20240414-063520-001-140731064146904-1, no quotes for BTCUSDT-PERP.BINANCE[0m
[1m2024-04-14T07:20:50.000000000Z[0m [1;33m[WARN] TRADER-001.nautilus_common::cache: Cannot calculate unrealized PnL for P-20240414-063520-001-140731064146904-1, no quotes for BTCUSDT-PERP.BINANCE[0m
[1m2024-04-14T07:20:59.999000000Z[0m [1;33m[WARN] TRADER-001.nautilus_common::cache: Cannot calculate unrealized PnL for P-20240414-063520-001-140731064146904-1, no quotes for BTCUSDT-PERP.BINANCE[0m
[1m2024-04-14T07:21:00.000000000Z[0m [1;33m[WARN] TRADER-001.nautilus_common::cache: Cannot calculate unrealized PnL for P-20240414-063520-001-140731064146904-1, no quotes for BTCUSDT-PERP.BINANCE[0m
[1m2024-04-14T07:21:10.000000000Z[0m [1;33m[WARN] TRADER-001.nautilus_common::cache: Cannot calculate unrealized PnL for P-20240414-063520-001-140731064146904-1, no quotes for BTCUSDT-PERP.BINANCE[0m
[1m2024-04-14T07:21:20.000000000Z[0m [1;33m[WARN] TRADER-001.nautilus_common::cache: Cannot calculate unrealized PnL for P-20240414-063520-001-140731064146904-1, no quotes for BTCUSDT-PERP.BINANCE[0m
[1m2024-04-14T07:21:30.000000000Z[0m [1;33m[WARN] TRADER-001.nautilus_common::cache: Cannot calculate unrealized PnL for P-20240414-063520-001-140731064146904-1, no quotes for BTCUSDT-PERP.BINANCE[0m
[1m2024-04-14T07:21:40.000000000Z[0m [1;33m[WARN] TRADER-001.nautilus_common::cache: Cannot calculate unrealized PnL for P-20240414-063520-001-140731064146904-1, no quotes for BTCUSDT-PERP.BINANCE[0m
[1m2024-04-14T07:21:50.000000000Z[0m [1;33m[WARN] TRADER-001.nautilus_common::cache: Cannot calculate unrealized PnL for P-20240414-063520-001-140731064146904-1, no quotes for BTCUSDT-PERP.BINANCE[0m
[1m2024-04-14T07:21:59.999000000Z[0m [1;33m[WARN] TRADER-001.nautilus_common::cache: Cannot calculate unrealized PnL for P-20240414-063520-001-140731064146904-1, no quotes for BTCUSDT-PERP.BINANCE[0m
[1m2024-04-14T07:22:00.000000000Z[0m [1;33m[WARN] TRADER-001.nautilus_common::cache: Cannot calculate unrealized PnL for P-20240414-063520-001-140731064146904-1, no quotes for BTCUSDT-PERP.BINANCE[0m
[1m2024-04-14T07:22:10.000000000Z[0m [1;33m[WARN] TRADER-001.nautilus_common::cache: Cannot calculate unrealized PnL for P-20240414-063520-001-140731064146904-1, no quotes for BTCUSDT-PERP.BINANCE[0m
[1m2024-04-14T07:22:20.000000000Z[0m [1;33m[WARN] TRADER-001.nautilus_common::cache: Cannot calculate unrealized PnL for P-20240414-063520-001-140731064146904-1, no quotes for BTCUSDT-PERP.BINANCE[0m
[1m2024-04-14T07:22:30.000000000Z[0m [1;33m[WARN] TRADER-001.nautilus_common::cache: Cannot calculate unrealized PnL for P-20240414-063520-001-140731064146904-1, no quotes for BTCUSDT-PERP.BINANCE[0m
[1m2024-04-14T07:22:40.000000000Z[0m [1;33m[WARN] TRADER-001.nautilus_common::cache: Cannot calculate unrealized PnL for P-20240414-063520-001-140731064146904-1, no quotes for BTCUSDT-PERP.BINANCE[0m
[1m2024-04-14T07:22:50.000000000Z[0m [1;33m[WARN] TRADER-001.nautilus_common::cache: Cannot calculate unrealized PnL for P-20240414-063520-001-140731064146904-1, no quotes for BTCUSDT-PERP.BINANCE[0m
[1m2024-04-14T07:22:59.999000000Z[0m [1;33m[WARN] TRADER-001.nautilus_common::cache: Cannot calculate unrealized PnL for P-20240414-063520-001-140731064146904-1, no quotes for BTCUSDT-PERP.BINANCE[0m
[1m2024-04-14T07:23:00.000000000Z[0m [1;33m[WARN] TRADER-001.nautilus_common::cache: Cannot calculate unrealized PnL for P-20240414-063520-001-140731064146904-1, no quotes for BTCUSDT-PERP.BINANCE[0m
[1m2024-04-14T07:23:10.000000000Z[0m [1;33m[WARN] TRADER-001.nautilus_common::cache: Cannot calculate unrealized PnL for P-20240414-063520-001-140731064146904-1, no quotes for BTCUSDT-PERP.BINANCE[0m
[1m2024-04-14T07:23:20.000000000Z[0m [1;33m[WARN] TRADER-001.nautilus_common::cache: Cannot calculate unrealized PnL for P-20240414-063520-001-140731064146904-1, no quotes for BTCUSDT-PERP.BINANCE[0m
[1m2024-04-14T07:23:30.000000000Z[0m [1;33m[WARN] TRADER-001.nautilus_common::cache: Cannot calculate unrealized PnL for P-20240414-063520-001-140731064146904-1, no quotes for BTCUSDT-PERP.BINANCE[0m
[1m2024-04-14T07:23:40.000000000Z[0m [1;33m[WARN] TRADER-001.nautilus_common::cache: Cannot calculate unrealized PnL for P-20240414-063520-001-140731064146904-1, no quotes for BTCUSDT-PERP.BINANCE[0m
[1m2024-04-14T07:23:50.000000000Z[0m [1;33m[WARN] TRADER-001.nautilus_common::cache: Cannot calculate unrealized PnL for P-20240414-063520-001-140731064146904-1, no quotes for BTCUSDT-PERP.BINANCE[0m
[1m2024-04-14T07:23:59.999000000Z[0m [1;33m[WARN] TRADER-001.nautilus_common::cache: Cannot calculate unrealized PnL for P-20240414-063520-001-140731064146904-1, no quotes for BTCUSDT-PERP.BINANCE[0m
[1m2024-04-14T07:24:00.000000000Z[0m [1;33m[WARN] TRADER-001.nautilus_common::cache: Cannot calculate unrealized PnL for P-20240414-063520-001-140731064146904-1, no quotes for BTCUSDT-PERP.BINANCE[0m
[1m2024-04-14T07:24:10.000000000Z[0m [1;33m[WARN] TRADER-001.nautilus_common::cache: Cannot calculate unrealized PnL for P-20240414-063520-001-140731064146904-1, no quotes for BTCUSDT-PERP.BINANCE[0m
[1m2024-04-14T07:24:20.000000000Z[0m [1;33m[WARN] TRADER-001.nautilus_common::cache: Cannot calculate unrealized PnL for P-20240414-063520-001-140731064146904-1, no quotes for BTCUSDT-PERP.BINANCE[0m
[1m2024-04-14T07:24:30.000000000Z[0m [1;33m[WARN] TRADER-001.nautilus_common::cache: Cannot calculate unrealized PnL for P-20240414-063520-001-140731064146904-1, no quotes for BTCUSDT-PERP.BINANCE[0m
[1m2024-04-14T07:24:40.000000000Z[0m [1;33m[WARN] TRADER-001.nautilus_common::cache: Cannot calculate unrealized PnL for P-20240414-063520-001-140731064146904-1, no quotes for BTCUSDT-PERP.BINANCE[0m
[1m2024-04-14T07:24:50.000000000Z[0m [1;33m[WARN] TRADER-001.nautilus_common::cache: Cannot calculate unrealized PnL for P-20240414-063520-001-140731064146904-1, no quotes for BTCUSDT-PERP.BINANCE[0m
[1m2024-04-14T07:24:59.999000000Z[0m [1;33m[WARN] TRADER-001.nautilus_common::cache: Cannot calculate unrealized PnL for P-20240414-063520-001-140731064146904-1, no quotes for BTCUSDT-PERP.BINANCE[0m
[1m2024-04-14T07:25:00.000000000Z[0m [1;33m[WARN] TRADER-001.nautilus_common::cache: Cannot calculate unrealized PnL for P-20240414-063520-001-140731064146904-1, no quotes for BTCUSDT-PERP.BINANCE[0m
[1m2024-04-14T07:25:10.000000000Z[0m [1;33m[WARN] TRADER-001.nautilus_common::cache: Cannot calculate unrealized PnL for P-20240414-063520-001-140731064146904-1, no quotes for BTCUSDT-PERP.BINANCE[0m
[1m2024-04-14T07:25:20.000000000Z[0m [1;33m[WARN] TRADER-001.nautilus_common::cache: Cannot calculate unrealized PnL for P-20240414-063520-001-140731064146904-1, no quotes for BTCUSDT-PERP.BINANCE[0m
[1m2024-04-14T07:25:30.000000000Z[0m [1;33m[WARN] TRADER-001.nautilus_common::cache: Cannot calculate unrealized PnL for P-20240414-063520-001-140731064146904-1, no quotes for BTCUSDT-PERP.BINANCE[0m
[1m2024-04-14T07:25:40.000000000Z[0m [1;33m[WARN] TRADER-001.nautilus_common::cache: Cannot calculate unrealized PnL for P-20240414-063520-001-140731064146904-1, no quotes for BTCUSDT-PERP.BINANCE[0m
[1m2024-04-14T07:25:50.000000000Z[0m [1;33m[WARN] TRADER-001.nautilus_common::cache: Cannot calculate unrealized PnL for P-20240414-063520-001-140731064146904-1, no quotes for BTCUSDT-PERP.BINANCE[0m
[1m2024-04-14T07:25:59.999000000Z[0m [1;33m[WARN] TRADER-001.nautilus_common::cache: Cannot calculate unrealized PnL for P-20240414-063520-001-140731064146904-1, no quotes for BTCUSDT-PERP.BINANCE[0m
[1m2024-04-14T07:26:00.000000000Z[0m [1;33m[WARN] TRADER-001.nautilus_common::cache: Cannot calculate unrealized PnL for P-20240414-063520-001-140731064146904-1, no quotes for BTCUSDT-PERP.BINANCE[0m
[1m2024-04-14T07:26:10.000000000Z[0m [1;33m[WARN] TRADER-001.nautilus_common::cache: Cannot calculate unrealized PnL for P-20240414-063520-001-140731064146904-1, no quotes for BTCUSDT-PERP.BINANCE[0m
[1m2024-04-14T07:26:20.000000000Z[0m [1;33m[WARN] TRADER-001.nautilus_common::cache: Cannot calculate unrealized PnL for P-20240414-063520-001-140731064146904-1, no quotes for BTCUSDT-PERP.BINANCE[0m
[1m2024-04-14T07:26:30.000000000Z[0m [1;33m[WARN] TRADER-001.nautilus_common::cache: Cannot calculate unrealized PnL for P-20240414-063520-001-140731064146904-1, no quotes for BTCUSDT-PERP.BINANCE[0m
[1m2024-04-14T07:26:40.000000000Z[0m [1;33m[WARN] TRADER-001.nautilus_common::cache: Cannot calculate unrealized PnL for P-20240414-063520-001-140731064146904-1, no quotes for BTCUSDT-PERP.BINANCE[0m
[1m2024-04-14T07:26:50.000000000Z[0m [1;33m[WARN] TRADER-001.nautilus_common::cache: Cannot calculate unrealized PnL for P-20240414-063520-001-140731064146904-1, no quotes for BTCUSDT-PERP.BINANCE[0m
[1m2024-04-14T07:26:59.999000000Z[0m [1;33m[WARN] TRADER-001.nautilus_common::cache: Cannot calculate unrealized PnL for P-20240414-063520-001-140731064146904-1, no quotes for BTCUSDT-PERP.BINANCE[0m
[1m2024-04-14T07:27:00.000000000Z[0m [1;33m[WARN] TRADER-001.nautilus_common::cache: Cannot calculate unrealized PnL for P-20240414-063520-001-140731064146904-1, no quotes for BTCUSDT-PERP.BINANCE[0m
[1m2024-04-14T07:27:10.000000000Z[0m [1;33m[WARN] TRADER-001.nautilus_common::cache: Cannot calculate unrealized PnL for P-20240414-063520-001-140731064146904-1, no quotes for BTCUSDT-PERP.BINANCE[0m
[1m2024-04-14T07:27:20.000000000Z[0m [1;33m[WARN] TRADER-001.nautilus_common::cache: Cannot calculate unrealized PnL for P-20240414-063520-001-140731064146904-1, no quotes for BTCUSDT-PERP.BINANCE[0m
[1m2024-04-14T07:27:30.000000000Z[0m [1;33m[WARN] TRADER-001.nautilus_common::cache: Cannot calculate unrealized PnL for P-20240414-063520-001-140731064146904-1, no quotes for BTCUSDT-PERP.BINANCE[0m
[1m2024-04-14T07:27:40.000000000Z[0m [1;33m[WARN] TRADER-001.nautilus_common::cache: Cannot calculate unrealized PnL for P-20240414-063520-001-140731064146904-1, no quotes for BTCUSDT-PERP.BINANCE[0m
[1m2024-04-14T07:27:50.000000000Z[0m [1;33m[WARN] TRADER-001.nautilus_common::cache: Cannot calculate unrealized PnL for P-20240414-063520-001-140731064146904-1, no quotes for BTCUSDT-PERP.BINANCE[0m
[1m2024-04-14T07:27:59.999000000Z[0m [1;33m[WARN] TRADER-001.nautilus_common::cache: Cannot calculate unrealized PnL for P-20240414-063520-001-140731064146904-1, no quotes for BTCUSDT-PERP.BINANCE[0m
[1m2024-04-14T07:28:00.000000000Z[0m [1;33m[WARN] TRADER-001.nautilus_common::cache: Cannot calculate unrealized PnL for P-20240414-063520-001-140731064146904-1, no quotes for BTCUSDT-PERP.BINANCE[0m
[1m2024-04-14T07:28:10.000000000Z[0m [1;33m[WARN] TRADER-001.nautilus_common::cache: Cannot calculate unrealized PnL for P-20240414-063520-001-140731064146904-1, no quotes for BTCUSDT-PERP.BINANCE[0m
[1m2024-04-14T07:28:20.000000000Z[0m [1;33m[WARN] TRADER-001.nautilus_common::cache: Cannot calculate unrealized PnL for P-20240414-063520-001-140731064146904-1, no quotes for BTCUSDT-PERP.BINANCE[0m
[1m2024-04-14T07:28:30.000000000Z[0m [1;33m[WARN] TRADER-001.nautilus_common::cache: Cannot calculate unrealized PnL for P-20240414-063520-001-140731064146904-1, no quotes for BTCUSDT-PERP.BINANCE[0m
[1m2024-04-14T07:28:40.000000000Z[0m [1;33m[WARN] TRADER-001.nautilus_common::cache: Cannot calculate unrealized PnL for P-20240414-063520-001-140731064146904-1, no quotes for BTCUSDT-PERP.BINANCE[0m
[1m2024-04-14T07:28:50.000000000Z[0m [1;33m[WARN] TRADER-001.nautilus_common::cache: Cannot calculate unrealized PnL for P-20240414-063520-001-140731064146904-1, no quotes for BTCUSDT-PERP.BINANCE[0m
[1m2024-04-14T07:28:59.999000000Z[0m [1;33m[WARN] TRADER-001.nautilus_common::cache: Cannot calculate unrealized PnL for P-20240414-063520-001-140731064146904-1, no quotes for BTCUSDT-PERP.BINANCE[0m
[1m2024-04-14T07:29:00.000000000Z[0m [1;33m[WARN] TRADER-001.nautilus_common::cache: Cannot calculate unrealized PnL for P-20240414-063520-001-140731064146904-1, no quotes for BTCUSDT-PERP.BINANCE[0m
[1m2024-04-14T07:29:10.000000000Z[0m [1;33m[WARN] TRADER-001.nautilus_common::cache: Cannot calculate unrealized PnL for P-20240414-063520-001-140731064146904-1, no quotes for BTCUSDT-PERP.BINANCE[0m
[1m2024-04-14T07:29:20.000000000Z[0m [1;33m[WARN] TRADER-001.nautilus_common::cache: Cannot calculate unrealized PnL for P-20240414-063520-001-140731064146904-1, no quotes for BTCUSDT-PERP.BINANCE[0m
[1m2024-04-14T07:29:30.000000000Z[0m [1;33m[WARN] TRADER-001.nautilus_common::cache: Cannot calculate unrealized PnL for P-20240414-063520-001-140731064146904-1, no quotes for BTCUSDT-PERP.BINANCE[0m
[1m2024-04-14T07:29:40.000000000Z[0m [1;33m[WARN] TRADER-001.nautilus_common::cache: Cannot calculate unrealized PnL for P-20240414-063520-001-140731064146904-1, no quotes for BTCUSDT-PERP.BINANCE[0m
[1m2024-04-14T07:29:50.000000000Z[0m [1;33m[WARN] TRADER-001.nautilus_common::cache: Cannot calculate unrealized PnL for P-20240414-063520-001-140731064146904-1, no quotes for BTCUSDT-PERP.BINANCE[0m
[1m2024-04-14T07:29:59.999000000Z[0m [1;33m[WARN] TRADER-001.nautilus_common::cache: Cannot calculate unrealized PnL for P-20240414-063520-001-140731064146904-1, no quotes for BTCUSDT-PERP.BINANCE[0m
[1m2024-04-14T07:30:00.000000000Z[0m [1;33m[WARN] TRADER-001.nautilus_common::cache: Cannot calculate unrealized PnL for P-20240414-063520-001-140731064146904-1, no quotes for BTCUSDT-PERP.BINANCE[0m
[1m2024-04-14T07:30:10.000000000Z[0m [1;33m[WARN] TRADER-001.nautilus_common::cache: Cannot calculate unrealized PnL for P-20240414-063520-001-140731064146904-1, no quotes for BTCUSDT-PERP.BINANCE[0m
[1m2024-04-14T07:30:20.000000000Z[0m [1;33m[WARN] TRADER-001.nautilus_common::cache: Cannot calculate unrealized PnL for P-20240414-063520-001-140731064146904-1, no quotes for BTCUSDT-PERP.BINANCE[0m
[1m2024-04-14T07:30:30.000000000Z[0m [1;33m[WARN] TRADER-001.nautilus_common::cache: Cannot calculate unrealized PnL for P-20240414-063520-001-140731064146904-1, no quotes for BTCUSDT-PERP.BINANCE[0m
[1m2024-04-14T07:30:40.000000000Z[0m [1;33m[WARN] TRADER-001.nautilus_common::cache: Cannot calculate unrealized PnL for P-20240414-063520-001-140731064146904-1, no quotes for BTCUSDT-PERP.BINANCE[0m
[1m2024-04-14T07:30:50.000000000Z[0m [1;33m[WARN] TRADER-001.nautilus_common::cache: Cannot calculate unrealized PnL for P-20240414-063520-001-140731064146904-1, no quotes for BTCUSDT-PERP.BINANCE[0m
[1m2024-04-14T07:30:59.999000000Z[0m [1;33m[WARN] TRADER-001.nautilus_common::cache: Cannot calculate unrealized PnL for P-20240414-063520-001-140731064146904-1, no quotes for BTCUSDT-PERP.BINANCE[0m
[1m2024-04-14T07:31:00.000000000Z[0m [1;33m[WARN] TRADER-001.nautilus_common::cache: Cannot calculate unrealized PnL for P-20240414-063520-001-140731064146904-1, no quotes for BTCUSDT-PERP.BINANCE[0m
[1m2024-04-14T07:31:10.000000000Z[0m [1;33m[WARN] TRADER-001.nautilus_common::cache: Cannot calculate unrealized PnL for P-20240414-063520-001-140731064146904-1, no quotes for BTCUSDT-PERP.BINANCE[0m
[1m2024-04-14T07:31:20.000000000Z[0m [1;33m[WARN] TRADER-001.nautilus_common::cache: Cannot calculate unrealized PnL for P-20240414-063520-001-140731064146904-1, no quotes for BTCUSDT-PERP.BINANCE[0m
[1m2024-04-14T07:31:30.000000000Z[0m [1;33m[WARN] TRADER-001.nautilus_common::cache: Cannot calculate unrealized PnL for P-20240414-063520-001-140731064146904-1, no quotes for BTCUSDT-PERP.BINANCE[0m
[1m2024-04-14T07:31:40.000000000Z[0m [1;33m[WARN] TRADER-001.nautilus_common::cache: Cannot calculate unrealized PnL for P-20240414-063520-001-140731064146904-1, no quotes for BTCUSDT-PERP.BINANCE[0m
[1m2024-04-14T07:31:50.000000000Z[0m [1;33m[WARN] TRADER-001.nautilus_common::cache: Cannot calculate unrealized PnL for P-20240414-063520-001-140731064146904-1, no quotes for BTCUSDT-PERP.BINANCE[0m
[1m2024-04-14T07:31:59.999000000Z[0m [1;33m[WARN] TRADER-001.nautilus_common::cache: Cannot calculate unrealized PnL for P-20240414-063520-001-140731064146904-1, no quotes for BTCUSDT-PERP.BINANCE[0m
[1m2024-04-14T07:32:00.000000000Z[0m [1;33m[WARN] TRADER-001.nautilus_common::cache: Cannot calculate unrealized PnL for P-20240414-063520-001-140731064146904-1, no quotes for BTCUSDT-PERP.BINANCE[0m
[1m2024-04-14T07:32:10.000000000Z[0m [1;33m[WARN] TRADER-001.nautilus_common::cache: Cannot calculate unrealized PnL for P-20240414-063520-001-140731064146904-1, no quotes for BTCUSDT-PERP.BINANCE[0m
[1m2024-04-14T07:32:20.000000000Z[0m [1;33m[WARN] TRADER-001.nautilus_common::cache: Cannot calculate unrealized PnL for P-20240414-063520-001-140731064146904-1, no quotes for BTCUSDT-PERP.BINANCE[0m
[1m2024-04-14T07:32:30.000000000Z[0m [1;33m[WARN] TRADER-001.nautilus_common::cache: Cannot calculate unrealized PnL for P-20240414-063520-001-140731064146904-1, no quotes for BTCUSDT-PERP.BINANCE[0m
[1m2024-04-14T07:32:40.000000000Z[0m [1;33m[WARN] TRADER-001.nautilus_common::cache: Cannot calculate unrealized PnL for P-20240414-063520-001-140731064146904-1, no quotes for BTCUSDT-PERP.BINANCE[0m
[1m2024-04-14T07:32:50.000000000Z[0m [1;33m[WARN] TRADER-001.nautilus_common::cache: Cannot calculate unrealized PnL for P-20240414-063520-001-140731064146904-1, no quotes for BTCUSDT-PERP.BINANCE[0m
[1m2024-04-14T07:32:59.999000000Z[0m [1;33m[WARN] TRADER-001.nautilus_common::cache: Cannot calculate unrealized PnL for P-20240414-063520-001-140731064146904-1, no quotes for BTCUSDT-PERP.BINANCE[0m
[1m2024-04-14T07:33:00.000000000Z[0m [1;33m[WARN] TRADER-001.nautilus_common::cache: Cannot calculate unrealized PnL for P-20240414-063520-001-140731064146904-1, no quotes for BTCUSDT-PERP.BINANCE[0m
[1m2024-04-14T07:33:10.000000000Z[0m [1;33m[WARN] TRADER-001.nautilus_common::cache: Cannot calculate unrealized PnL for P-20240414-063520-001-140731064146904-1, no quotes for BTCUSDT-PERP.BINANCE[0m
[1m2024-04-14T07:33:20.000000000Z[0m [1;33m[WARN] TRADER-001.nautilus_common::cache: Cannot calculate unrealized PnL for P-20240414-063520-001-140731064146904-1, no quotes for BTCUSDT-PERP.BINANCE[0m
[1m2024-04-14T07:33:30.000000000Z[0m [1;33m[WARN] TRADER-001.nautilus_common::cache: Cannot calculate unrealized PnL for P-20240414-063520-001-140731064146904-1, no quotes for BTCUSDT-PERP.BINANCE[0m
[1m2024-04-14T07:33:40.000000000Z[0m [1;33m[WARN] TRADER-001.nautilus_common::cache: Cannot calculate unrealized PnL for P-20240414-063520-001-140731064146904-1, no quotes for BTCUSDT-PERP.BINANCE[0m
[1m2024-04-14T07:33:50.000000000Z[0m [1;33m[WARN] TRADER-001.nautilus_common::cache: Cannot calculate unrealized PnL for P-20240414-063520-001-140731064146904-1, no quotes for BTCUSDT-PERP.BINANCE[0m
[1m2024-04-14T07:33:59.999000000Z[0m [1;33m[WARN] TRADER-001.nautilus_common::cache: Cannot calculate unrealized PnL for P-20240414-063520-001-140731064146904-1, no quotes for BTCUSDT-PERP.BINANCE[0m
[1m2024-04-14T07:34:00.000000000Z[0m [1;33m[WARN] TRADER-001.nautilus_common::cache: Cannot calculate unrealized PnL for P-20240414-063520-001-140731064146904-1, no quotes for BTCUSDT-PERP.BINANCE[0m
[1m2024-04-14T07:34:10.000000000Z[0m [1;33m[WARN] TRADER-001.nautilus_common::cache: Cannot calculate unrealized PnL for P-20240414-063520-001-140731064146904-1, no quotes for BTCUSDT-PERP.BINANCE[0m
[1m2024-04-14T07:34:20.000000000Z[0m [1;33m[WARN] TRADER-001.nautilus_common::cache: Cannot calculate unrealized PnL for P-20240414-063520-001-140731064146904-1, no quotes for BTCUSDT-PERP.BINANCE[0m
[1m2024-04-14T07:34:30.000000000Z[0m [1;33m[WARN] TRADER-001.nautilus_common::cache: Cannot calculate unrealized PnL for P-20240414-063520-001-140731064146904-1, no quotes for BTCUSDT-PERP.BINANCE[0m
[1m2024-04-14T07:34:40.000000000Z[0m [1;33m[WARN] TRADER-001.nautilus_common::cache: Cannot calculate unrealized PnL for P-20240414-063520-001-140731064146904-1, no quotes for BTCUSDT-PERP.BINANCE[0m
[1m2024-04-14T07:34:50.000000000Z[0m [1;33m[WARN] TRADER-001.nautilus_common::cache: Cannot calculate unrealized PnL for P-20240414-063520-001-140731064146904-1, no quotes for BTCUSDT-PERP.BINANCE[0m
[1m2024-04-14T07:34:59.999000000Z[0m [1;33m[WARN] TRADER-001.nautilus_common::cache: Cannot calculate unrealized PnL for P-20240414-063520-001-140731064146904-1, no quotes for BTCUSDT-PERP.BINANCE[0m
[1m2024-04-14T07:35:00.000000000Z[0m [1;33m[WARN] TRADER-001.nautilus_common::cache: Cannot calculate unrealized PnL for P-20240414-063520-001-140731064146904-1, no quotes for BTCUSDT-PERP.BINANCE[0m
[1m2024-04-14T07:35:10.000000000Z[0m [1;33m[WARN] TRADER-001.nautilus_common::cache: Cannot calculate unrealized PnL for P-20240414-063520-001-140731064146904-1, no quotes for BTCUSDT-PERP.BINANCE[0m
[1m2024-04-14T07:35:20.000000000Z[0m [1;33m[WARN] TRADER-001.nautilus_common::cache: Cannot calculate unrealized PnL for P-20240414-063520-001-140731064146904-1, no quotes for BTCUSDT-PERP.BINANCE[0m
[1m2024-04-14T07:35:30.000000000Z[0m [1;33m[WARN] TRADER-001.nautilus_common::cache: Cannot calculate unrealized PnL for P-20240414-063520-001-140731064146904-1, no quotes for BTCUSDT-PERP.BINANCE[0m
[1m2024-04-14T07:35:40.000000000Z[0m [1;33m[WARN] TRADER-001.nautilus_common::cache: Cannot calculate unrealized PnL for P-20240414-063520-001-140731064146904-1, no quotes for BTCUSDT-PERP.BINANCE[0m
[1m2024-04-14T07:35:50.000000000Z[0m [1;33m[WARN] TRADER-001.nautilus_common::cache: Cannot calculate unrealized PnL for P-20240414-063520-001-140731064146904-1, no quotes for BTCUSDT-PERP.BINANCE[0m
[1m2024-04-14T07:35:59.999000000Z[0m [1;33m[WARN] TRADER-001.nautilus_common::cache: Cannot calculate unrealized PnL for P-20240414-063520-001-140731064146904-1, no quotes for BTCUSDT-PERP.BINANCE[0m
[1m2024-04-14T07:36:00.000000000Z[0m [1;33m[WARN] TRADER-001.nautilus_common::cache: Cannot calculate unrealized PnL for P-20240414-063520-001-140731064146904-1, no quotes for BTCUSDT-PERP.BINANCE[0m
[1m2024-04-14T07:36:10.000000000Z[0m [1;33m[WARN] TRADER-001.nautilus_common::cache: Cannot calculate unrealized PnL for P-20240414-063520-001-140731064146904-1, no quotes for BTCUSDT-PERP.BINANCE[0m
[1m2024-04-14T07:36:20.000000000Z[0m [1;33m[WARN] TRADER-001.nautilus_common::cache: Cannot calculate unrealized PnL for P-20240414-063520-001-140731064146904-1, no quotes for BTCUSDT-PERP.BINANCE[0m
[1m2024-04-14T07:36:30.000000000Z[0m [1;33m[WARN] TRADER-001.nautilus_common::cache: Cannot calculate unrealized PnL for P-20240414-063520-001-140731064146904-1, no quotes for BTCUSDT-PERP.BINANCE[0m
[1m2024-04-14T07:36:40.000000000Z[0m [1;33m[WARN] TRADER-001.nautilus_common::cache: Cannot calculate unrealized PnL for P-20240414-063520-001-140731064146904-1, no quotes for BTCUSDT-PERP.BINANCE[0m
[1m2024-04-14T07:36:50.000000000Z[0m [1;33m[WARN] TRADER-001.nautilus_common::cache: Cannot calculate unrealized PnL for P-20240414-063520-001-140731064146904-1, no quotes for BTCUSDT-PERP.BINANCE[0m
[1m2024-04-14T07:36:59.999000000Z[0m [1;33m[WARN] TRADER-001.nautilus_common::cache: Cannot calculate unrealized PnL for P-20240414-063520-001-140731064146904-1, no quotes for BTCUSDT-PERP.BINANCE[0m
[1m2024-04-14T07:37:00.000000000Z[0m [1;33m[WARN] TRADER-001.nautilus_common::cache: Cannot calculate unrealized PnL for P-20240414-063520-001-140731064146904-1, no quotes for BTCUSDT-PERP.BINANCE[0m
[1m2024-04-14T07:37:10.000000000Z[0m [1;33m[WARN] TRADER-001.nautilus_common::cache: Cannot calculate unrealized PnL for P-20240414-063520-001-140731064146904-1, no quotes for BTCUSDT-PERP.BINANCE[0m
[1m2024-04-14T07:37:20.000000000Z[0m [1;33m[WARN] TRADER-001.nautilus_common::cache: Cannot calculate unrealized PnL for P-20240414-063520-001-140731064146904-1, no quotes for BTCUSDT-PERP.BINANCE[0m
[1m2024-04-14T07:37:30.000000000Z[0m [1;33m[WARN] TRADER-001.nautilus_common::cache: Cannot calculate unrealized PnL for P-20240414-063520-001-140731064146904-1, no quotes for BTCUSDT-PERP.BINANCE[0m
[1m2024-04-14T07:37:40.000000000Z[0m [1;33m[WARN] TRADER-001.nautilus_common::cache: Cannot calculate unrealized PnL for P-20240414-063520-001-140731064146904-1, no quotes for BTCUSDT-PERP.BINANCE[0m
[1m2024-04-14T07:37:50.000000000Z[0m [1;33m[WARN] TRADER-001.nautilus_common::cache: Cannot calculate unrealized PnL for P-20240414-063520-001-140731064146904-1, no quotes for BTCUSDT-PERP.BINANCE[0m
[1m2024-04-14T07:37:59.999000000Z[0m [1;33m[WARN] TRADER-001.nautilus_common::cache: Cannot calculate unrealized PnL for P-20240414-063520-001-140731064146904-1, no quotes for BTCUSDT-PERP.BINANCE[0m
[1m2024-04-14T07:38:00.000000000Z[0m [1;33m[WARN] TRADER-001.nautilus_common::cache: Cannot calculate unrealized PnL for P-20240414-063520-001-140731064146904-1, no quotes for BTCUSDT-PERP.BINANCE[0m
[1m2024-04-14T07:38:10.000000000Z[0m [1;33m[WARN] TRADER-001.nautilus_common::cache: Cannot calculate unrealized PnL for P-20240414-063520-001-140731064146904-1, no quotes for BTCUSDT-PERP.BINANCE[0m
[1m2024-04-14T07:38:20.000000000Z[0m [1;33m[WARN] TRADER-001.nautilus_common::cache: Cannot calculate unrealized PnL for P-20240414-063520-001-140731064146904-1, no quotes for BTCUSDT-PERP.BINANCE[0m
[1m2024-04-14T07:38:30.000000000Z[0m [1;33m[WARN] TRADER-001.nautilus_common::cache: Cannot calculate unrealized PnL for P-20240414-063520-001-140731064146904-1, no quotes for BTCUSDT-PERP.BINANCE[0m
[1m2024-04-14T07:38:40.000000000Z[0m [1;33m[WARN] TRADER-001.nautilus_common::cache: Cannot calculate unrealized PnL for P-20240414-063520-001-140731064146904-1, no quotes for BTCUSDT-PERP.BINANCE[0m
[1m2024-04-14T07:38:50.000000000Z[0m [1;33m[WARN] TRADER-001.nautilus_common::cache: Cannot calculate unrealized PnL for P-20240414-063520-001-140731064146904-1, no quotes for BTCUSDT-PERP.BINANCE[0m
[1m2024-04-14T07:38:59.999000000Z[0m [1;33m[WARN] TRADER-001.nautilus_common::cache: Cannot calculate unrealized PnL for P-20240414-063520-001-140731064146904-1, no quotes for BTCUSDT-PERP.BINANCE[0m
[1m2024-04-14T07:39:00.000000000Z[0m [1;33m[WARN] TRADER-001.nautilus_common::cache: Cannot calculate unrealized PnL for P-20240414-063520-001-140731064146904-1, no quotes for BTCUSDT-PERP.BINANCE[0m
[1m2024-04-14T07:39:10.000000000Z[0m [1;33m[WARN] TRADER-001.nautilus_common::cache: Cannot calculate unrealized PnL for P-20240414-063520-001-140731064146904-1, no quotes for BTCUSDT-PERP.BINANCE[0m
[1m2024-04-14T07:39:20.000000000Z[0m [1;33m[WARN] TRADER-001.nautilus_common::cache: Cannot calculate unrealized PnL for P-20240414-063520-001-140731064146904-1, no quotes for BTCUSDT-PERP.BINANCE[0m
[1m2024-04-14T07:39:30.000000000Z[0m [1;33m[WARN] TRADER-001.nautilus_common::cache: Cannot calculate unrealized PnL for P-20240414-063520-001-140731064146904-1, no quotes for BTCUSDT-PERP.BINANCE[0m
[1m2024-04-14T07:39:40.000000000Z[0m [1;33m[WARN] TRADER-001.nautilus_common::cache: Cannot calculate unrealized PnL for P-20240414-063520-001-140731064146904-1, no quotes for BTCUSDT-PERP.BINANCE[0m
[1m2024-04-14T07:39:50.000000000Z[0m [1;33m[WARN] TRADER-001.nautilus_common::cache: Cannot calculate unrealized PnL for P-20240414-063520-001-140731064146904-1, no quotes for BTCUSDT-PERP.BINANCE[0m
[1m2024-04-14T07:39:59.999000000Z[0m [1;33m[WARN] TRADER-001.nautilus_common::cache: Cannot calculate unrealized PnL for P-20240414-063520-001-140731064146904-1, no quotes for BTCUSDT-PERP.BINANCE[0m
[1m2024-04-14T07:40:00.000000000Z[0m [1;33m[WARN] TRADER-001.nautilus_common::cache: Cannot calculate unrealized PnL for P-20240414-063520-001-140731064146904-1, no quotes for BTCUSDT-PERP.BINANCE[0m
[1m2024-04-14T07:40:10.000000000Z[0m [1;33m[WARN] TRADER-001.nautilus_common::cache: Cannot calculate unrealized PnL for P-20240414-063520-001-140731064146904-1, no quotes for BTCUSDT-PERP.BINANCE[0m
[1m2024-04-14T07:40:20.000000000Z[0m [1;33m[WARN] TRADER-001.nautilus_common::cache: Cannot calculate unrealized PnL for P-20240414-063520-001-140731064146904-1, no quotes for BTCUSDT-PERP.BINANCE[0m
[1m2024-04-14T07:40:30.000000000Z[0m [1;33m[WARN] TRADER-001.nautilus_common::cache: Cannot calculate unrealized PnL for P-20240414-063520-001-140731064146904-1, no quotes for BTCUSDT-PERP.BINANCE[0m
[1m2024-04-14T07:40:40.000000000Z[0m [1;33m[WARN] TRADER-001.nautilus_common::cache: Cannot calculate unrealized PnL for P-20240414-063520-001-140731064146904-1, no quotes for BTCUSDT-PERP.BINANCE[0m
[1m2024-04-14T07:40:50.000000000Z[0m [1;33m[WARN] TRADER-001.nautilus_common::cache: Cannot calculate unrealized PnL for P-20240414-063520-001-140731064146904-1, no quotes for BTCUSDT-PERP.BINANCE[0m
[1m2024-04-14T07:40:59.999000000Z[0m [1;33m[WARN] TRADER-001.nautilus_common::cache: Cannot calculate unrealized PnL for P-20240414-063520-001-140731064146904-1, no quotes for BTCUSDT-PERP.BINANCE[0m
[1m2024-04-14T07:41:00.000000000Z[0m [1;33m[WARN] TRADER-001.nautilus_common::cache: Cannot calculate unrealized PnL for P-20240414-063520-001-140731064146904-1, no quotes for BTCUSDT-PERP.BINANCE[0m
[1m2024-04-14T07:41:10.000000000Z[0m [1;33m[WARN] TRADER-001.nautilus_common::cache: Cannot calculate unrealized PnL for P-20240414-063520-001-140731064146904-1, no quotes for BTCUSDT-PERP.BINANCE[0m
[1m2024-04-14T07:41:20.000000000Z[0m [1;33m[WARN] TRADER-001.nautilus_common::cache: Cannot calculate unrealized PnL for P-20240414-063520-001-140731064146904-1, no quotes for BTCUSDT-PERP.BINANCE[0m
[1m2024-04-14T07:41:30.000000000Z[0m [1;33m[WARN] TRADER-001.nautilus_common::cache: Cannot calculate unrealized PnL for P-20240414-063520-001-140731064146904-1, no quotes for BTCUSDT-PERP.BINANCE[0m
[1m2024-04-14T07:41:40.000000000Z[0m [1;33m[WARN] TRADER-001.nautilus_common::cache: Cannot calculate unrealized PnL for P-20240414-063520-001-140731064146904-1, no quotes for BTCUSDT-PERP.BINANCE[0m
[1m2024-04-14T07:41:50.000000000Z[0m [1;33m[WARN] TRADER-001.nautilus_common::cache: Cannot calculate unrealized PnL for P-20240414-063520-001-140731064146904-1, no quotes for BTCUSDT-PERP.BINANCE[0m
[1m2024-04-14T07:41:59.999000000Z[0m [1;33m[WARN] TRADER-001.nautilus_common::cache: Cannot calculate unrealized PnL for P-20240414-063520-001-140731064146904-1, no quotes for BTCUSDT-PERP.BINANCE[0m
[1m2024-04-14T07:42:00.000000000Z[0m [1;33m[WARN] TRADER-001.nautilus_common::cache: Cannot calculate unrealized PnL for P-20240414-063520-001-140731064146904-1, no quotes for BTCUSDT-PERP.BINANCE[0m
[1m2024-04-14T07:42:10.000000000Z[0m [1;33m[WARN] TRADER-001.nautilus_common::cache: Cannot calculate unrealized PnL for P-20240414-063520-001-140731064146904-1, no quotes for BTCUSDT-PERP.BINANCE[0m
[1m2024-04-14T07:42:20.000000000Z[0m [1;33m[WARN] TRADER-001.nautilus_common::cache: Cannot calculate unrealized PnL for P-20240414-063520-001-140731064146904-1, no quotes for BTCUSDT-PERP.BINANCE[0m
[1m2024-04-14T07:42:30.000000000Z[0m [1;33m[WARN] TRADER-001.nautilus_common::cache: Cannot calculate unrealized PnL for P-20240414-063520-001-140731064146904-1, no quotes for BTCUSDT-PERP.BINANCE[0m
[1m2024-04-14T07:42:40.000000000Z[0m [1;33m[WARN] TRADER-001.nautilus_common::cache: Cannot calculate unrealized PnL for P-20240414-063520-001-140731064146904-1, no quotes for BTCUSDT-PERP.BINANCE[0m
[1m2024-04-14T07:42:50.000000000Z[0m [1;33m[WARN] TRADER-001.nautilus_common::cache: Cannot calculate unrealized PnL for P-20240414-063520-001-140731064146904-1, no quotes for BTCUSDT-PERP.BINANCE[0m
[1m2024-04-14T07:42:59.999000000Z[0m [1;33m[WARN] TRADER-001.nautilus_common::cache: Cannot calculate unrealized PnL for P-20240414-063520-001-140731064146904-1, no quotes for BTCUSDT-PERP.BINANCE[0m
[1m2024-04-14T07:43:00.000000000Z[0m [1;33m[WARN] TRADER-001.nautilus_common::cache: Cannot calculate unrealized PnL for P-20240414-063520-001-140731064146904-1, no quotes for BTCUSDT-PERP.BINANCE[0m
[1m2024-04-14T07:43:10.000000000Z[0m [1;33m[WARN] TRADER-001.nautilus_common::cache: Cannot calculate unrealized PnL for P-20240414-063520-001-140731064146904-1, no quotes for BTCUSDT-PERP.BINANCE[0m
[1m2024-04-14T07:43:20.000000000Z[0m [1;33m[WARN] TRADER-001.nautilus_common::cache: Cannot calculate unrealized PnL for P-20240414-063520-001-140731064146904-1, no quotes for BTCUSDT-PERP.BINANCE[0m
[1m2024-04-14T07:43:30.000000000Z[0m [1;33m[WARN] TRADER-001.nautilus_common::cache: Cannot calculate unrealized PnL for P-20240414-063520-001-140731064146904-1, no quotes for BTCUSDT-PERP.BINANCE[0m
[1m2024-04-14T07:43:40.000000000Z[0m [1;33m[WARN] TRADER-001.nautilus_common::cache: Cannot calculate unrealized PnL for P-20240414-063520-001-140731064146904-1, no quotes for BTCUSDT-PERP.BINANCE[0m
[1m2024-04-14T07:43:50.000000000Z[0m [1;33m[WARN] TRADER-001.nautilus_common::cache: Cannot calculate unrealized PnL for P-20240414-063520-001-140731064146904-1, no quotes for BTCUSDT-PERP.BINANCE[0m
[1m2024-04-14T07:43:59.999000000Z[0m [1;33m[WARN] TRADER-001.nautilus_common::cache: Cannot calculate unrealized PnL for P-20240414-063520-001-140731064146904-1, no quotes for BTCUSDT-PERP.BINANCE[0m
[1m2024-04-14T07:44:00.000000000Z[0m [1;33m[WARN] TRADER-001.nautilus_common::cache: Cannot calculate unrealized PnL for P-20240414-063520-001-140731064146904-1, no quotes for BTCUSDT-PERP.BINANCE[0m
[1m2024-04-14T07:44:10.000000000Z[0m [1;33m[WARN] TRADER-001.nautilus_common::cache: Cannot calculate unrealized PnL for P-20240414-063520-001-140731064146904-1, no quotes for BTCUSDT-PERP.BINANCE[0m
[1m2024-04-14T07:44:20.000000000Z[0m [1;33m[WARN] TRADER-001.nautilus_common::cache: Cannot calculate unrealized PnL for P-20240414-063520-001-140731064146904-1, no quotes for BTCUSDT-PERP.BINANCE[0m
[1m2024-04-14T07:44:30.000000000Z[0m [1;33m[WARN] TRADER-001.nautilus_common::cache: Cannot calculate unrealized PnL for P-20240414-063520-001-140731064146904-1, no quotes for BTCUSDT-PERP.BINANCE[0m
[1m2024-04-14T07:44:40.000000000Z[0m [1;33m[WARN] TRADER-001.nautilus_common::cache: Cannot calculate unrealized PnL for P-20240414-063520-001-140731064146904-1, no quotes for BTCUSDT-PERP.BINANCE[0m
[1m2024-04-14T07:44:50.000000000Z[0m [1;33m[WARN] TRADER-001.nautilus_common::cache: Cannot calculate unrealized PnL for P-20240414-063520-001-140731064146904-1, no quotes for BTCUSDT-PERP.BINANCE[0m
[1m2024-04-14T07:44:59.999000000Z[0m [1;33m[WARN] TRADER-001.nautilus_common::cache: Cannot calculate unrealized PnL for P-20240414-063520-001-140731064146904-1, no quotes for BTCUSDT-PERP.BINANCE[0m
[1m2024-04-14T07:45:00.000000000Z[0m [1;33m[WARN] TRADER-001.nautilus_common::cache: Cannot calculate unrealized PnL for P-20240414-063520-001-140731064146904-1, no quotes for BTCUSDT-PERP.BINANCE[0m
[1m2024-04-14T07:45:10.000000000Z[0m [1;33m[WARN] TRADER-001.nautilus_common::cache: Cannot calculate unrealized PnL for P-20240414-063520-001-140731064146904-1, no quotes for BTCUSDT-PERP.BINANCE[0m
[1m2024-04-14T07:45:20.000000000Z[0m [1;33m[WARN] TRADER-001.nautilus_common::cache: Cannot calculate unrealized PnL for P-20240414-063520-001-140731064146904-1, no quotes for BTCUSDT-PERP.BINANCE[0m
[1m2024-04-14T07:45:30.000000000Z[0m [1;33m[WARN] TRADER-001.nautilus_common::cache: Cannot calculate unrealized PnL for P-20240414-063520-001-140731064146904-1, no quotes for BTCUSDT-PERP.BINANCE[0m
[1m2024-04-14T07:45:40.000000000Z[0m [1;33m[WARN] TRADER-001.nautilus_common::cache: Cannot calculate unrealized PnL for P-20240414-063520-001-140731064146904-1, no quotes for BTCUSDT-PERP.BINANCE[0m
[1m2024-04-14T07:45:50.000000000Z[0m [1;33m[WARN] TRADER-001.nautilus_common::cache: Cannot calculate unrealized PnL for P-20240414-063520-001-140731064146904-1, no quotes for BTCUSDT-PERP.BINANCE[0m
[1m2024-04-14T07:45:59.999000000Z[0m [1;33m[WARN] TRADER-001.nautilus_common::cache: Cannot calculate unrealized PnL for P-20240414-063520-001-140731064146904-1, no quotes for BTCUSDT-PERP.BINANCE[0m
[1m2024-04-14T07:46:00.000000000Z[0m [1;33m[WARN] TRADER-001.nautilus_common::cache: Cannot calculate unrealized PnL for P-20240414-063520-001-140731064146904-1, no quotes for BTCUSDT-PERP.BINANCE[0m
[1m2024-04-14T07:46:10.000000000Z[0m [1;33m[WARN] TRADER-001.nautilus_common::cache: Cannot calculate unrealized PnL for P-20240414-063520-001-140731064146904-1, no quotes for BTCUSDT-PERP.BINANCE[0m
[1m2024-04-14T07:46:20.000000000Z[0m [1;33m[WARN] TRADER-001.nautilus_common::cache: Cannot calculate unrealized PnL for P-20240414-063520-001-140731064146904-1, no quotes for BTCUSDT-PERP.BINANCE[0m
[1m2024-04-14T07:46:30.000000000Z[0m [1;33m[WARN] TRADER-001.nautilus_common::cache: Cannot calculate unrealized PnL for P-20240414-063520-001-140731064146904-1, no quotes for BTCUSDT-PERP.BINANCE[0m
[1m2024-04-14T07:46:40.000000000Z[0m [1;33m[WARN] TRADER-001.nautilus_common::cache: Cannot calculate unrealized PnL for P-20240414-063520-001-140731064146904-1, no quotes for BTCUSDT-PERP.BINANCE[0m
[1m2024-04-14T07:46:50.000000000Z[0m [1;33m[WARN] TRADER-001.nautilus_common::cache: Cannot calculate unrealized PnL for P-20240414-063520-001-140731064146904-1, no quotes for BTCUSDT-PERP.BINANCE[0m
[1m2024-04-14T07:46:59.999000000Z[0m [1;33m[WARN] TRADER-001.nautilus_common::cache: Cannot calculate unrealized PnL for P-20240414-063520-001-140731064146904-1, no quotes for BTCUSDT-PERP.BINANCE[0m
[1m2024-04-14T07:47:00.000000000Z[0m [1;33m[WARN] TRADER-001.nautilus_common::cache: Cannot calculate unrealized PnL for P-20240414-063520-001-140731064146904-1, no quotes for BTCUSDT-PERP.BINANCE[0m
[1m2024-04-14T07:47:10.000000000Z[0m [1;33m[WARN] TRADER-001.nautilus_common::cache: Cannot calculate unrealized PnL for P-20240414-063520-001-140731064146904-1, no quotes for BTCUSDT-PERP.BINANCE[0m
[1m2024-04-14T07:47:20.000000000Z[0m [1;33m[WARN] TRADER-001.nautilus_common::cache: Cannot calculate unrealized PnL for P-20240414-063520-001-140731064146904-1, no quotes for BTCUSDT-PERP.BINANCE[0m
[1m2024-04-14T07:47:30.000000000Z[0m [1;33m[WARN] TRADER-001.nautilus_common::cache: Cannot calculate unrealized PnL for P-20240414-063520-001-140731064146904-1, no quotes for BTCUSDT-PERP.BINANCE[0m
[1m2024-04-14T07:47:40.000000000Z[0m [1;33m[WARN] TRADER-001.nautilus_common::cache: Cannot calculate unrealized PnL for P-20240414-063520-001-140731064146904-1, no quotes for BTCUSDT-PERP.BINANCE[0m
[1m2024-04-14T07:47:50.000000000Z[0m [1;33m[WARN] TRADER-001.nautilus_common::cache: Cannot calculate unrealized PnL for P-20240414-063520-001-140731064146904-1, no quotes for BTCUSDT-PERP.BINANCE[0m
[1m2024-04-14T07:47:59.999000000Z[0m [1;33m[WARN] TRADER-001.nautilus_common::cache: Cannot calculate unrealized PnL for P-20240414-063520-001-140731064146904-1, no quotes for BTCUSDT-PERP.BINANCE[0m
[1m2024-04-14T07:48:00.000000000Z[0m [1;33m[WARN] TRADER-001.nautilus_common::cache: Cannot calculate unrealized PnL for P-20240414-063520-001-140731064146904-1, no quotes for BTCUSDT-PERP.BINANCE[0m
[1m2024-04-14T07:48:10.000000000Z[0m [1;33m[WARN] TRADER-001.nautilus_common::cache: Cannot calculate unrealized PnL for P-20240414-063520-001-140731064146904-1, no quotes for BTCUSDT-PERP.BINANCE[0m
[1m2024-04-14T07:48:20.000000000Z[0m [1;33m[WARN] TRADER-001.nautilus_common::cache: Cannot calculate unrealized PnL for P-20240414-063520-001-140731064146904-1, no quotes for BTCUSDT-PERP.BINANCE[0m
[1m2024-04-14T07:48:30.000000000Z[0m [1;33m[WARN] TRADER-001.nautilus_common::cache: Cannot calculate unrealized PnL for P-20240414-063520-001-140731064146904-1, no quotes for BTCUSDT-PERP.BINANCE[0m
[1m2024-04-14T07:48:40.000000000Z[0m [1;33m[WARN] TRADER-001.nautilus_common::cache: Cannot calculate unrealized PnL for P-20240414-063520-001-140731064146904-1, no quotes for BTCUSDT-PERP.BINANCE[0m
[1m2024-04-14T07:48:50.000000000Z[0m [1;33m[WARN] TRADER-001.nautilus_common::cache: Cannot calculate unrealized PnL for P-20240414-063520-001-140731064146904-1, no quotes for BTCUSDT-PERP.BINANCE[0m
[1m2024-04-14T07:48:59.999000000Z[0m [1;33m[WARN] TRADER-001.nautilus_common::cache: Cannot calculate unrealized PnL for P-20240414-063520-001-140731064146904-1, no quotes for BTCUSDT-PERP.BINANCE[0m
[1m2024-04-14T07:49:00.000000000Z[0m [1;33m[WARN] TRADER-001.nautilus_common::cache: Cannot calculate unrealized PnL for P-20240414-063520-001-140731064146904-1, no quotes for BTCUSDT-PERP.BINANCE[0m
[1m2024-04-14T07:49:10.000000000Z[0m [1;33m[WARN] TRADER-001.nautilus_common::cache: Cannot calculate unrealized PnL for P-20240414-063520-001-140731064146904-1, no quotes for BTCUSDT-PERP.BINANCE[0m
[1m2024-04-14T07:49:20.000000000Z[0m [1;33m[WARN] TRADER-001.nautilus_common::cache: Cannot calculate unrealized PnL for P-20240414-063520-001-140731064146904-1, no quotes for BTCUSDT-PERP.BINANCE[0m
[1m2024-04-14T07:49:30.000000000Z[0m [1;33m[WARN] TRADER-001.nautilus_common::cache: Cannot calculate unrealized PnL for P-20240414-063520-001-140731064146904-1, no quotes for BTCUSDT-PERP.BINANCE[0m
[1m2024-04-14T07:49:40.000000000Z[0m [1;33m[WARN] TRADER-001.nautilus_common::cache: Cannot calculate unrealized PnL for P-20240414-063520-001-140731064146904-1, no quotes for BTCUSDT-PERP.BINANCE[0m
[1m2024-04-14T07:49:50.000000000Z[0m [1;33m[WARN] TRADER-001.nautilus_common::cache: Cannot calculate unrealized PnL for P-20240414-063520-001-140731064146904-1, no quotes for BTCUSDT-PERP.BINANCE[0m
[1m2024-04-14T07:49:59.999000000Z[0m [1;33m[WARN] TRADER-001.nautilus_common::cache: Cannot calculate unrealized PnL for P-20240414-063520-001-140731064146904-1, no quotes for BTCUSDT-PERP.BINANCE[0m
[1m2024-04-14T07:50:00.000000000Z[0m [1;33m[WARN] TRADER-001.nautilus_common::cache: Cannot calculate unrealized PnL for P-20240414-063520-001-140731064146904-1, no quotes for BTCUSDT-PERP.BINANCE[0m
[1m2024-04-14T07:50:10.000000000Z[0m [1;33m[WARN] TRADER-001.nautilus_common::cache: Cannot calculate unrealized PnL for P-20240414-063520-001-140731064146904-1, no quotes for BTCUSDT-PERP.BINANCE[0m
[1m2024-04-14T07:50:20.000000000Z[0m [1;33m[WARN] TRADER-001.nautilus_common::cache: Cannot calculate unrealized PnL for P-20240414-063520-001-140731064146904-1, no quotes for BTCUSDT-PERP.BINANCE[0m
[1m2024-04-14T07:50:30.000000000Z[0m [1;33m[WARN] TRADER-001.nautilus_common::cache: Cannot calculate unrealized PnL for P-20240414-063520-001-140731064146904-1, no quotes for BTCUSDT-PERP.BINANCE[0m
[1m2024-04-14T07:50:40.000000000Z[0m [1;33m[WARN] TRADER-001.nautilus_common::cache: Cannot calculate unrealized PnL for P-20240414-063520-001-140731064146904-1, no quotes for BTCUSDT-PERP.BINANCE[0m
[1m2024-04-14T07:50:50.000000000Z[0m [1;33m[WARN] TRADER-001.nautilus_common::cache: Cannot calculate unrealized PnL for P-20240414-063520-001-140731064146904-1, no quotes for BTCUSDT-PERP.BINANCE[0m
[1m2024-04-14T07:50:59.999000000Z[0m [1;33m[WARN] TRADER-001.nautilus_common::cache: Cannot calculate unrealized PnL for P-20240414-063520-001-140731064146904-1, no quotes for BTCUSDT-PERP.BINANCE[0m
[1m2024-04-14T07:51:00.000000000Z[0m [1;33m[WARN] TRADER-001.nautilus_common::cache: Cannot calculate unrealized PnL for P-20240414-063520-001-140731064146904-1, no quotes for BTCUSDT-PERP.BINANCE[0m
[1m2024-04-14T07:51:10.000000000Z[0m [1;33m[WARN] TRADER-001.nautilus_common::cache: Cannot calculate unrealized PnL for P-20240414-063520-001-140731064146904-1, no quotes for BTCUSDT-PERP.BINANCE[0m
[1m2024-04-14T07:51:20.000000000Z[0m [1;33m[WARN] TRADER-001.nautilus_common::cache: Cannot calculate unrealized PnL for P-20240414-063520-001-140731064146904-1, no quotes for BTCUSDT-PERP.BINANCE[0m
[1m2024-04-14T07:51:30.000000000Z[0m [1;33m[WARN] TRADER-001.nautilus_common::cache: Cannot calculate unrealized PnL for P-20240414-063520-001-140731064146904-1, no quotes for BTCUSDT-PERP.BINANCE[0m
[1m2024-04-14T07:51:40.000000000Z[0m [1;33m[WARN] TRADER-001.nautilus_common::cache: Cannot calculate unrealized PnL for P-20240414-063520-001-140731064146904-1, no quotes for BTCUSDT-PERP.BINANCE[0m
[1m2024-04-14T07:51:50.000000000Z[0m [1;33m[WARN] TRADER-001.nautilus_common::cache: Cannot calculate unrealized PnL for P-20240414-063520-001-140731064146904-1, no quotes for BTCUSDT-PERP.BINANCE[0m
[1m2024-04-14T07:51:59.999000000Z[0m [1;33m[WARN] TRADER-001.nautilus_common::cache: Cannot calculate unrealized PnL for P-20240414-063520-001-140731064146904-1, no quotes for BTCUSDT-PERP.BINANCE[0m
[1m2024-04-14T07:52:00.000000000Z[0m [1;33m[WARN] TRADER-001.nautilus_common::cache: Cannot calculate unrealized PnL for P-20240414-063520-001-140731064146904-1, no quotes for BTCUSDT-PERP.BINANCE[0m
[1m2024-04-14T07:52:10.000000000Z[0m [1;33m[WARN] TRADER-001.nautilus_common::cache: Cannot calculate unrealized PnL for P-20240414-063520-001-140731064146904-1, no quotes for BTCUSDT-PERP.BINANCE[0m
[1m2024-04-14T07:52:20.000000000Z[0m [1;33m[WARN] TRADER-001.nautilus_common::cache: Cannot calculate unrealized PnL for P-20240414-063520-001-140731064146904-1, no quotes for BTCUSDT-PERP.BINANCE[0m
[1m2024-04-14T07:52:30.000000000Z[0m [1;33m[WARN] TRADER-001.nautilus_common::cache: Cannot calculate unrealized PnL for P-20240414-063520-001-140731064146904-1, no quotes for BTCUSDT-PERP.BINANCE[0m
[1m2024-04-14T07:52:40.000000000Z[0m [1;33m[WARN] TRADER-001.nautilus_common::cache: Cannot calculate unrealized PnL for P-20240414-063520-001-140731064146904-1, no quotes for BTCUSDT-PERP.BINANCE[0m
[1m2024-04-14T07:52:50.000000000Z[0m [1;33m[WARN] TRADER-001.nautilus_common::cache: Cannot calculate unrealized PnL for P-20240414-063520-001-140731064146904-1, no quotes for BTCUSDT-PERP.BINANCE[0m
[1m2024-04-14T07:52:59.999000000Z[0m [1;33m[WARN] TRADER-001.nautilus_common::cache: Cannot calculate unrealized PnL for P-20240414-063520-001-140731064146904-1, no quotes for BTCUSDT-PERP.BINANCE[0m
[1m2024-04-14T07:53:00.000000000Z[0m [1;33m[WARN] TRADER-001.nautilus_common::cache: Cannot calculate unrealized PnL for P-20240414-063520-001-140731064146904-1, no quotes for BTCUSDT-PERP.BINANCE[0m
[1m2024-04-14T07:53:10.000000000Z[0m [1;33m[WARN] TRADER-001.nautilus_common::cache: Cannot calculate unrealized PnL for P-20240414-063520-001-140731064146904-1, no quotes for BTCUSDT-PERP.BINANCE[0m
[1m2024-04-14T07:53:20.000000000Z[0m [1;33m[WARN] TRADER-001.nautilus_common::cache: Cannot calculate unrealized PnL for P-20240414-063520-001-140731064146904-1, no quotes for BTCUSDT-PERP.BINANCE[0m
[1m2024-04-14T07:53:30.000000000Z[0m [1;33m[WARN] TRADER-001.nautilus_common::cache: Cannot calculate unrealized PnL for P-20240414-063520-001-140731064146904-1, no quotes for BTCUSDT-PERP.BINANCE[0m
[1m2024-04-14T07:53:40.000000000Z[0m [1;33m[WARN] TRADER-001.nautilus_common::cache: Cannot calculate unrealized PnL for P-20240414-063520-001-140731064146904-1, no quotes for BTCUSDT-PERP.BINANCE[0m
[1m2024-04-14T07:53:50.000000000Z[0m [1;33m[WARN] TRADER-001.nautilus_common::cache: Cannot calculate unrealized PnL for P-20240414-063520-001-140731064146904-1, no quotes for BTCUSDT-PERP.BINANCE[0m
[1m2024-04-14T07:53:59.999000000Z[0m [1;33m[WARN] TRADER-001.nautilus_common::cache: Cannot calculate unrealized PnL for P-20240414-063520-001-140731064146904-1, no quotes for BTCUSDT-PERP.BINANCE[0m
[1m2024-04-14T07:54:00.000000000Z[0m [1;33m[WARN] TRADER-001.nautilus_common::cache: Cannot calculate unrealized PnL for P-20240414-063520-001-140731064146904-1, no quotes for BTCUSDT-PERP.BINANCE[0m
[1m2024-04-14T07:54:10.000000000Z[0m [1;33m[WARN] TRADER-001.nautilus_common::cache: Cannot calculate unrealized PnL for P-20240414-063520-001-140731064146904-1, no quotes for BTCUSDT-PERP.BINANCE[0m
[1m2024-04-14T07:54:20.000000000Z[0m [1;33m[WARN] TRADER-001.nautilus_common::cache: Cannot calculate unrealized PnL for P-20240414-063520-001-140731064146904-1, no quotes for BTCUSDT-PERP.BINANCE[0m
[1m2024-04-14T07:54:30.000000000Z[0m [1;33m[WARN] TRADER-001.nautilus_common::cache: Cannot calculate unrealized PnL for P-20240414-063520-001-140731064146904-1, no quotes for BTCUSDT-PERP.BINANCE[0m
[1m2024-04-14T07:54:40.000000000Z[0m [1;33m[WARN] TRADER-001.nautilus_common::cache: Cannot calculate unrealized PnL for P-20240414-063520-001-140731064146904-1, no quotes for BTCUSDT-PERP.BINANCE[0m
[1m2024-04-14T07:54:50.000000000Z[0m [1;33m[WARN] TRADER-001.nautilus_common::cache: Cannot calculate unrealized PnL for P-20240414-063520-001-140731064146904-1, no quotes for BTCUSDT-PERP.BINANCE[0m
[1m2024-04-14T07:54:59.999000000Z[0m [1;33m[WARN] TRADER-001.nautilus_common::cache: Cannot calculate unrealized PnL for P-20240414-063520-001-140731064146904-1, no quotes for BTCUSDT-PERP.BINANCE[0m
[1m2024-04-14T07:55:00.000000000Z[0m [1;33m[WARN] TRADER-001.nautilus_common::cache: Cannot calculate unrealized PnL for P-20240414-063520-001-140731064146904-1, no quotes for BTCUSDT-PERP.BINANCE[0m
[1m2024-04-14T07:55:10.000000000Z[0m [1;33m[WARN] TRADER-001.nautilus_common::cache: Cannot calculate unrealized PnL for P-20240414-063520-001-140731064146904-1, no quotes for BTCUSDT-PERP.BINANCE[0m
[1m2024-04-14T07:55:20.000000000Z[0m [1;33m[WARN] TRADER-001.nautilus_common::cache: Cannot calculate unrealized PnL for P-20240414-063520-001-140731064146904-1, no quotes for BTCUSDT-PERP.BINANCE[0m
[1m2024-04-14T07:55:30.000000000Z[0m [1;33m[WARN] TRADER-001.nautilus_common::cache: Cannot calculate unrealized PnL for P-20240414-063520-001-140731064146904-1, no quotes for BTCUSDT-PERP.BINANCE[0m
[1m2024-04-14T07:55:40.000000000Z[0m [1;33m[WARN] TRADER-001.nautilus_common::cache: Cannot calculate unrealized PnL for P-20240414-063520-001-140731064146904-1, no quotes for BTCUSDT-PERP.BINANCE[0m
[1m2024-04-14T07:55:50.000000000Z[0m [1;33m[WARN] TRADER-001.nautilus_common::cache: Cannot calculate unrealized PnL for P-20240414-063520-001-140731064146904-1, no quotes for BTCUSDT-PERP.BINANCE[0m
[1m2024-04-14T07:55:59.999000000Z[0m [1;33m[WARN] TRADER-001.nautilus_common::cache: Cannot calculate unrealized PnL for P-20240414-063520-001-140731064146904-1, no quotes for BTCUSDT-PERP.BINANCE[0m
[1m2024-04-14T07:56:00.000000000Z[0m [1;33m[WARN] TRADER-001.nautilus_common::cache: Cannot calculate unrealized PnL for P-20240414-063520-001-140731064146904-1, no quotes for BTCUSDT-PERP.BINANCE[0m
[1m2024-04-14T07:56:10.000000000Z[0m [1;33m[WARN] TRADER-001.nautilus_common::cache: Cannot calculate unrealized PnL for P-20240414-063520-001-140731064146904-1, no quotes for BTCUSDT-PERP.BINANCE[0m
[1m2024-04-14T07:56:20.000000000Z[0m [1;33m[WARN] TRADER-001.nautilus_common::cache: Cannot calculate unrealized PnL for P-20240414-063520-001-140731064146904-1, no quotes for BTCUSDT-PERP.BINANCE[0m
[1m2024-04-14T07:56:30.000000000Z[0m [1;33m[WARN] TRADER-001.nautilus_common::cache: Cannot calculate unrealized PnL for P-20240414-063520-001-140731064146904-1, no quotes for BTCUSDT-PERP.BINANCE[0m
[1m2024-04-14T07:56:40.000000000Z[0m [1;33m[WARN] TRADER-001.nautilus_common::cache: Cannot calculate unrealized PnL for P-20240414-063520-001-140731064146904-1, no quotes for BTCUSDT-PERP.BINANCE[0m
[1m2024-04-14T07:56:50.000000000Z[0m [1;33m[WARN] TRADER-001.nautilus_common::cache: Cannot calculate unrealized PnL for P-20240414-063520-001-140731064146904-1, no quotes for BTCUSDT-PERP.BINANCE[0m
[1m2024-04-14T07:56:59.999000000Z[0m [1;33m[WARN] TRADER-001.nautilus_common::cache: Cannot calculate unrealized PnL for P-20240414-063520-001-140731064146904-1, no quotes for BTCUSDT-PERP.BINANCE[0m
[1m2024-04-14T07:57:00.000000000Z[0m [1;33m[WARN] TRADER-001.nautilus_common::cache: Cannot calculate unrealized PnL for P-20240414-063520-001-140731064146904-1, no quotes for BTCUSDT-PERP.BINANCE[0m
[1m2024-04-14T07:57:10.000000000Z[0m [1;33m[WARN] TRADER-001.nautilus_common::cache: Cannot calculate unrealized PnL for P-20240414-063520-001-140731064146904-1, no quotes for BTCUSDT-PERP.BINANCE[0m
[1m2024-04-14T07:57:20.000000000Z[0m [1;33m[WARN] TRADER-001.nautilus_common::cache: Cannot calculate unrealized PnL for P-20240414-063520-001-140731064146904-1, no quotes for BTCUSDT-PERP.BINANCE[0m
[1m2024-04-14T07:57:30.000000000Z[0m [1;33m[WARN] TRADER-001.nautilus_common::cache: Cannot calculate unrealized PnL for P-20240414-063520-001-140731064146904-1, no quotes for BTCUSDT-PERP.BINANCE[0m
[1m2024-04-14T07:57:40.000000000Z[0m [1;33m[WARN] TRADER-001.nautilus_common::cache: Cannot calculate unrealized PnL for P-20240414-063520-001-140731064146904-1, no quotes for BTCUSDT-PERP.BINANCE[0m
[1m2024-04-14T07:57:50.000000000Z[0m [1;33m[WARN] TRADER-001.nautilus_common::cache: Cannot calculate unrealized PnL for P-20240414-063520-001-140731064146904-1, no quotes for BTCUSDT-PERP.BINANCE[0m
[1m2024-04-14T07:57:59.999000000Z[0m [1;33m[WARN] TRADER-001.nautilus_common::cache: Cannot calculate unrealized PnL for P-20240414-063520-001-140731064146904-1, no quotes for BTCUSDT-PERP.BINANCE[0m
[1m2024-04-14T07:58:00.000000000Z[0m [1;33m[WARN] TRADER-001.nautilus_common::cache: Cannot calculate unrealized PnL for P-20240414-063520-001-140731064146904-1, no quotes for BTCUSDT-PERP.BINANCE[0m
[1m2024-04-14T07:58:10.000000000Z[0m [1;33m[WARN] TRADER-001.nautilus_common::cache: Cannot calculate unrealized PnL for P-20240414-063520-001-140731064146904-1, no quotes for BTCUSDT-PERP.BINANCE[0m
[1m2024-04-14T07:58:20.000000000Z[0m [1;33m[WARN] TRADER-001.nautilus_common::cache: Cannot calculate unrealized PnL for P-20240414-063520-001-140731064146904-1, no quotes for BTCUSDT-PERP.BINANCE[0m
[1m2024-04-14T07:58:30.000000000Z[0m [1;33m[WARN] TRADER-001.nautilus_common::cache: Cannot calculate unrealized PnL for P-20240414-063520-001-140731064146904-1, no quotes for BTCUSDT-PERP.BINANCE[0m
[1m2024-04-14T07:58:40.000000000Z[0m [1;33m[WARN] TRADER-001.nautilus_common::cache: Cannot calculate unrealized PnL for P-20240414-063520-001-140731064146904-1, no quotes for BTCUSDT-PERP.BINANCE[0m
[1m2024-04-14T07:58:50.000000000Z[0m [1;33m[WARN] TRADER-001.nautilus_common::cache: Cannot calculate unrealized PnL for P-20240414-063520-001-140731064146904-1, no quotes for BTCUSDT-PERP.BINANCE[0m
[1m2024-04-14T07:58:59.999000000Z[0m [1;33m[WARN] TRADER-001.nautilus_common::cache: Cannot calculate unrealized PnL for P-20240414-063520-001-140731064146904-1, no quotes for BTCUSDT-PERP.BINANCE[0m
[1m2024-04-14T07:59:00.000000000Z[0m [1;33m[WARN] TRADER-001.nautilus_common::cache: Cannot calculate unrealized PnL for P-20240414-063520-001-140731064146904-1, no quotes for BTCUSDT-PERP.BINANCE[0m
[1m2024-04-14T07:59:10.000000000Z[0m [1;33m[WARN] TRADER-001.nautilus_common::cache: Cannot calculate unrealized PnL for P-20240414-063520-001-140731064146904-1, no quotes for BTCUSDT-PERP.BINANCE[0m
[1m2024-04-14T07:59:20.000000000Z[0m [1;33m[WARN] TRADER-001.nautilus_common::cache: Cannot calculate unrealized PnL for P-20240414-063520-001-140731064146904-1, no quotes for BTCUSDT-PERP.BINANCE[0m
[1m2024-04-14T07:59:30.000000000Z[0m [1;33m[WARN] TRADER-001.nautilus_common::cache: Cannot calculate unrealized PnL for P-20240414-063520-001-140731064146904-1, no quotes for BTCUSDT-PERP.BINANCE[0m
[1m2024-04-14T07:59:40.000000000Z[0m [1;33m[WARN] TRADER-001.nautilus_common::cache: Cannot calculate unrealized PnL for P-20240414-063520-001-140731064146904-1, no quotes for BTCUSDT-PERP.BINANCE[0m
[1m2024-04-14T07:59:50.000000000Z[0m [1;33m[WARN] TRADER-001.nautilus_common::cache: Cannot calculate unrealized PnL for P-20240414-063520-001-140731064146904-1, no quotes for BTCUSDT-PERP.BINANCE[0m
[1m2024-04-14T07:59:59.999000000Z[0m [1;33m[WARN] TRADER-001.nautilus_common::cache: Cannot calculate unrealized PnL for P-20240414-063520-001-140731064146904-1, no quotes for BTCUSDT-PERP.BINANCE[0m
[1m2024-04-14T08:00:00.000000000Z[0m [INFO] TRADER-001.nautilus_portfolio::portfolio: Updated AccountState(account_id=BINANCE-001, account_type=MARGIN, base_currency=USDT, is_reported=true, balances=[AccountBalance(total=99818.36256628 USDT, locked=1038.43303920 USDT, free=98779.92952708 USDT)], margins=[MarginBalance(initial=0.00000000 USDT, maintenance=1038.43303920 USDT, instrument_id=BTCUSDT-PERP.BINANCE)], event_id=b934cf03-2604-4bda-9904-76d179e453ae)[0m
[1m2024-04-14T08:00:00.000000000Z[0m [INFO] TRADER-001.nautilus_portfolio::manager: BTCUSDT-PERP.BINANCE margin_maint=1038.43303920 USDT[0m
[1m2024-04-14T08:00:00.000000000Z[0m [INFO] TRADER-001.nautilus_portfolio::portfolio: Updated AccountState(account_id=BINANCE-001, account_type=MARGIN, base_currency=USDT, is_reported=false, balances=[AccountBalance(total=99818.36256628 USDT, locked=1038.43303920 USDT, free=98779.92952708 USDT)], margins=[MarginBalance(initial=0.00000000 USDT, maintenance=1038.43303920 USDT, instrument_id=BTCUSDT-PERP.BINANCE)], event_id=476c33c3-6251-470e-a559-ebd4a6875c9f)[0m
[1m2024-04-14T08:00:00.000000000Z[0m [INFO] TRADER-001.nautilus_trading::strategy: DataActor-140731064146904 <--[EVT] PositionAdjusted(PositionAdjusted { trader_id: "TRADER-001", strategy_id: "DataActor-140731064146904", instrument_id: "BTCUSDT-PERP.BINANCE", position_id: "P-20240414-063520-001-140731064146904-1", account_id: "BINANCE-001", adjustment_type: Funding, quantity_change: None, pnl_change: Some(Money(-25.87247784, USDT)), reason: Some(u!("funding_settlement:4d1ebaa8-11ba-4d80-9fe3-9891edae460f")), event_id: UUID4(c94d84b7-36e1-4ec6-b050-09433d97db49), ts_event: UnixNanos(1713081600000000000), ts_init: UnixNanos(1713081600000000000) })[0m
[1m2024-04-14T08:00:00.000000000Z[0m [1;33m[WARN] TRADER-001.nautilus_common::cache: Cannot calculate unrealized PnL for P-20240414-063520-001-140731064146904-1, no quotes for BTCUSDT-PERP.BINANCE[0m
[1m2024-04-14T08:00:10.000000000Z[0m [1;33m[WARN] TRADER-001.nautilus_common::cache: Cannot calculate unrealized PnL for P-20240414-063520-001-140731064146904-1, no quotes for BTCUSDT-PERP.BINANCE[0m
[1m2024-04-14T08:00:20.000000000Z[0m [1;33m[WARN] TRADER-001.nautilus_common::cache: Cannot calculate unrealized PnL for P-20240414-063520-001-140731064146904-1, no quotes for BTCUSDT-PERP.BINANCE[0m
[1m2024-04-14T08:00:30.000000000Z[0m [1;33m[WARN] TRADER-001.nautilus_common::cache: Cannot calculate unrealized PnL for P-20240414-063520-001-140731064146904-1, no quotes for BTCUSDT-PERP.BINANCE[0m
[1m2024-04-14T08:00:40.000000000Z[0m [1;33m[WARN] TRADER-001.nautilus_common::cache: Cannot calculate unrealized PnL for P-20240414-063520-001-140731064146904-1, no quotes for BTCUSDT-PERP.BINANCE[0m
[1m2024-04-14T08:00:50.000000000Z[0m [1;33m[WARN] TRADER-001.nautilus_common::cache: Cannot calculate unrealized PnL for P-20240414-063520-001-140731064146904-1, no quotes for BTCUSDT-PERP.BINANCE[0m
[1m2024-04-14T08:00:59.999000000Z[0m [1;33m[WARN] TRADER-001.nautilus_common::cache: Cannot calculate unrealized PnL for P-20240414-063520-001-140731064146904-1, no quotes for BTCUSDT-PERP.BINANCE[0m
[1m2024-04-14T08:01:00.000000000Z[0m [1;33m[WARN] TRADER-001.nautilus_common::cache: Cannot calculate unrealized PnL for P-20240414-063520-001-140731064146904-1, no quotes for BTCUSDT-PERP.BINANCE[0m
[1m2024-04-14T08:01:10.000000000Z[0m [1;33m[WARN] TRADER-001.nautilus_common::cache: Cannot calculate unrealized PnL for P-20240414-063520-001-140731064146904-1, no quotes for BTCUSDT-PERP.BINANCE[0m
[1m2024-04-14T08:01:20.000000000Z[0m [1;33m[WARN] TRADER-001.nautilus_common::cache: Cannot calculate unrealized PnL for P-20240414-063520-001-140731064146904-1, no quotes for BTCUSDT-PERP.BINANCE[0m
[1m2024-04-14T08:01:30.000000000Z[0m [1;33m[WARN] TRADER-001.nautilus_common::cache: Cannot calculate unrealized PnL for P-20240414-063520-001-140731064146904-1, no quotes for BTCUSDT-PERP.BINANCE[0m
[1m2024-04-14T08:01:40.000000000Z[0m [1;33m[WARN] TRADER-001.nautilus_common::cache: Cannot calculate unrealized PnL for P-20240414-063520-001-140731064146904-1, no quotes for BTCUSDT-PERP.BINANCE[0m
[1m2024-04-14T08:01:50.000000000Z[0m [1;33m[WARN] TRADER-001.nautilus_common::cache: Cannot calculate unrealized PnL for P-20240414-063520-001-140731064146904-1, no quotes for BTCUSDT-PERP.BINANCE[0m
[1m2024-04-14T08:01:59.999000000Z[0m [1;33m[WARN] TRADER-001.nautilus_common::cache: Cannot calculate unrealized PnL for P-20240414-063520-001-140731064146904-1, no quotes for BTCUSDT-PERP.BINANCE[0m
[1m2024-04-14T08:02:00.000000000Z[0m [1;33m[WARN] TRADER-001.nautilus_common::cache: Cannot calculate unrealized PnL for P-20240414-063520-001-140731064146904-1, no quotes for BTCUSDT-PERP.BINANCE[0m
[1m2024-04-14T08:02:10.000000000Z[0m [1;33m[WARN] TRADER-001.nautilus_common::cache: Cannot calculate unrealized PnL for P-20240414-063520-001-140731064146904-1, no quotes for BTCUSDT-PERP.BINANCE[0m
[1m2024-04-14T08:02:20.000000000Z[0m [1;33m[WARN] TRADER-001.nautilus_common::cache: Cannot calculate unrealized PnL for P-20240414-063520-001-140731064146904-1, no quotes for BTCUSDT-PERP.BINANCE[0m
[1m2024-04-14T08:02:30.000000000Z[0m [1;33m[WARN] TRADER-001.nautilus_common::cache: Cannot calculate unrealized PnL for P-20240414-063520-001-140731064146904-1, no quotes for BTCUSDT-PERP.BINANCE[0m
[1m2024-04-14T08:02:40.000000000Z[0m [1;33m[WARN] TRADER-001.nautilus_common::cache: Cannot calculate unrealized PnL for P-20240414-063520-001-140731064146904-1, no quotes for BTCUSDT-PERP.BINANCE[0m
[1m2024-04-14T08:02:50.000000000Z[0m [1;33m[WARN] TRADER-001.nautilus_common::cache: Cannot calculate unrealized PnL for P-20240414-063520-001-140731064146904-1, no quotes for BTCUSDT-PERP.BINANCE[0m
[1m2024-04-14T08:02:59.999000000Z[0m [1;33m[WARN] TRADER-001.nautilus_common::cache: Cannot calculate unrealized PnL for P-20240414-063520-001-140731064146904-1, no quotes for BTCUSDT-PERP.BINANCE[0m
[1m2024-04-14T08:03:00.000000000Z[0m [1;33m[WARN] TRADER-001.nautilus_common::cache: Cannot calculate unrealized PnL for P-20240414-063520-001-140731064146904-1, no quotes for BTCUSDT-PERP.BINANCE[0m
[1m2024-04-14T08:03:10.000000000Z[0m [1;33m[WARN] TRADER-001.nautilus_common::cache: Cannot calculate unrealized PnL for P-20240414-063520-001-140731064146904-1, no quotes for BTCUSDT-PERP.BINANCE[0m
[1m2024-04-14T08:03:20.000000000Z[0m [1;33m[WARN] TRADER-001.nautilus_common::cache: Cannot calculate unrealized PnL for P-20240414-063520-001-140731064146904-1, no quotes for BTCUSDT-PERP.BINANCE[0m
[1m2024-04-14T08:03:30.000000000Z[0m [1;33m[WARN] TRADER-001.nautilus_common::cache: Cannot calculate unrealized PnL for P-20240414-063520-001-140731064146904-1, no quotes for BTCUSDT-PERP.BINANCE[0m
[1m2024-04-14T08:03:40.000000000Z[0m [1;33m[WARN] TRADER-001.nautilus_common::cache: Cannot calculate unrealized PnL for P-20240414-063520-001-140731064146904-1, no quotes for BTCUSDT-PERP.BINANCE[0m
[1m2024-04-14T08:03:50.000000000Z[0m [1;33m[WARN] TRADER-001.nautilus_common::cache: Cannot calculate unrealized PnL for P-20240414-063520-001-140731064146904-1, no quotes for BTCUSDT-PERP.BINANCE[0m
[1m2024-04-14T08:03:59.999000000Z[0m [1;33m[WARN] TRADER-001.nautilus_common::cache: Cannot calculate unrealized PnL for P-20240414-063520-001-140731064146904-1, no quotes for BTCUSDT-PERP.BINANCE[0m
[1m2024-04-14T08:04:00.000000000Z[0m [1;33m[WARN] TRADER-001.nautilus_common::cache: Cannot calculate unrealized PnL for P-20240414-063520-001-140731064146904-1, no quotes for BTCUSDT-PERP.BINANCE[0m
[1m2024-04-14T08:04:10.000000000Z[0m [1;33m[WARN] TRADER-001.nautilus_common::cache: Cannot calculate unrealized PnL for P-20240414-063520-001-140731064146904-1, no quotes for BTCUSDT-PERP.BINANCE[0m
[1m2024-04-14T08:04:20.000000000Z[0m [1;33m[WARN] TRADER-001.nautilus_common::cache: Cannot calculate unrealized PnL for P-20240414-063520-001-140731064146904-1, no quotes for BTCUSDT-PERP.BINANCE[0m
[1m2024-04-14T08:04:30.000000000Z[0m [1;33m[WARN] TRADER-001.nautilus_common::cache: Cannot calculate unrealized PnL for P-20240414-063520-001-140731064146904-1, no quotes for BTCUSDT-PERP.BINANCE[0m
[1m2024-04-14T08:04:40.000000000Z[0m [1;33m[WARN] TRADER-001.nautilus_common::cache: Cannot calculate unrealized PnL for P-20240414-063520-001-140731064146904-1, no quotes for BTCUSDT-PERP.BINANCE[0m
[1m2024-04-14T08:04:50.000000000Z[0m [1;33m[WARN] TRADER-001.nautilus_common::cache: Cannot calculate unrealized PnL for P-20240414-063520-001-140731064146904-1, no quotes for BTCUSDT-PERP.BINANCE[0m
[1m2024-04-14T08:04:59.999000000Z[0m [1;33m[WARN] TRADER-001.nautilus_common::cache: Cannot calculate unrealized PnL for P-20240414-063520-001-140731064146904-1, no quotes for BTCUSDT-PERP.BINANCE[0m
[1m2024-04-14T08:05:00.000000000Z[0m [1;33m[WARN] TRADER-001.nautilus_common::cache: Cannot calculate unrealized PnL for P-20240414-063520-001-140731064146904-1, no quotes for BTCUSDT-PERP.BINANCE[0m
[1m2024-04-14T08:05:10.000000000Z[0m [1;33m[WARN] TRADER-001.nautilus_common::cache: Cannot calculate unrealized PnL for P-20240414-063520-001-140731064146904-1, no quotes for BTCUSDT-PERP.BINANCE[0m
[1m2024-04-14T08:05:20.000000000Z[0m [1;33m[WARN] TRADER-001.nautilus_common::cache: Cannot calculate unrealized PnL for P-20240414-063520-001-140731064146904-1, no quotes for BTCUSDT-PERP.BINANCE[0m
[1m2024-04-14T08:05:30.000000000Z[0m [1;33m[WARN] TRADER-001.nautilus_common::cache: Cannot calculate unrealized PnL for P-20240414-063520-001-140731064146904-1, no quotes for BTCUSDT-PERP.BINANCE[0m
[1m2024-04-14T08:05:40.000000000Z[0m [1;33m[WARN] TRADER-001.nautilus_common::cache: Cannot calculate unrealized PnL for P-20240414-063520-001-140731064146904-1, no quotes for BTCUSDT-PERP.BINANCE[0m
[1m2024-04-14T08:05:50.000000000Z[0m [1;33m[WARN] TRADER-001.nautilus_common::cache: Cannot calculate unrealized PnL for P-20240414-063520-001-140731064146904-1, no quotes for BTCUSDT-PERP.BINANCE[0m
[1m2024-04-14T08:05:59.999000000Z[0m [1;33m[WARN] TRADER-001.nautilus_common::cache: Cannot calculate unrealized PnL for P-20240414-063520-001-140731064146904-1, no quotes for BTCUSDT-PERP.BINANCE[0m
[1m2024-04-14T08:06:00.000000000Z[0m [1;33m[WARN] TRADER-001.nautilus_common::cache: Cannot calculate unrealized PnL for P-20240414-063520-001-140731064146904-1, no quotes for BTCUSDT-PERP.BINANCE[0m
[1m2024-04-14T08:06:10.000000000Z[0m [1;33m[WARN] TRADER-001.nautilus_common::cache: Cannot calculate unrealized PnL for P-20240414-063520-001-140731064146904-1, no quotes for BTCUSDT-PERP.BINANCE[0m
[1m2024-04-14T08:06:20.000000000Z[0m [1;33m[WARN] TRADER-001.nautilus_common::cache: Cannot calculate unrealized PnL for P-20240414-063520-001-140731064146904-1, no quotes for BTCUSDT-PERP.BINANCE[0m
[1m2024-04-14T08:06:30.000000000Z[0m [1;33m[WARN] TRADER-001.nautilus_common::cache: Cannot calculate unrealized PnL for P-20240414-063520-001-140731064146904-1, no quotes for BTCUSDT-PERP.BINANCE[0m
[1m2024-04-14T08:06:40.000000000Z[0m [1;33m[WARN] TRADER-001.nautilus_common::cache: Cannot calculate unrealized PnL for P-20240414-063520-001-140731064146904-1, no quotes for BTCUSDT-PERP.BINANCE[0m
[1m2024-04-14T08:06:50.000000000Z[0m [1;33m[WARN] TRADER-001.nautilus_common::cache: Cannot calculate unrealized PnL for P-20240414-063520-001-140731064146904-1, no quotes for BTCUSDT-PERP.BINANCE[0m
[1m2024-04-14T08:06:59.999000000Z[0m [1;33m[WARN] TRADER-001.nautilus_common::cache: Cannot calculate unrealized PnL for P-20240414-063520-001-140731064146904-1, no quotes for BTCUSDT-PERP.BINANCE[0m
[1m2024-04-14T08:07:00.000000000Z[0m [1;33m[WARN] TRADER-001.nautilus_common::cache: Cannot calculate unrealized PnL for P-20240414-063520-001-140731064146904-1, no quotes for BTCUSDT-PERP.BINANCE[0m
[1m2024-04-14T08:07:10.000000000Z[0m [1;33m[WARN] TRADER-001.nautilus_common::cache: Cannot calculate unrealized PnL for P-20240414-063520-001-140731064146904-1, no quotes for BTCUSDT-PERP.BINANCE[0m
[1m2024-04-14T08:07:20.000000000Z[0m [1;33m[WARN] TRADER-001.nautilus_common::cache: Cannot calculate unrealized PnL for P-20240414-063520-001-140731064146904-1, no quotes for BTCUSDT-PERP.BINANCE[0m
[1m2024-04-14T08:07:30.000000000Z[0m [1;33m[WARN] TRADER-001.nautilus_common::cache: Cannot calculate unrealized PnL for P-20240414-063520-001-140731064146904-1, no quotes for BTCUSDT-PERP.BINANCE[0m
[1m2024-04-14T08:07:40.000000000Z[0m [1;33m[WARN] TRADER-001.nautilus_common::cache: Cannot calculate unrealized PnL for P-20240414-063520-001-140731064146904-1, no quotes for BTCUSDT-PERP.BINANCE[0m
[1m2024-04-14T08:07:50.000000000Z[0m [1;33m[WARN] TRADER-001.nautilus_common::cache: Cannot calculate unrealized PnL for P-20240414-063520-001-140731064146904-1, no quotes for BTCUSDT-PERP.BINANCE[0m
[1m2024-04-14T08:07:59.999000000Z[0m [1;33m[WARN] TRADER-001.nautilus_common::cache: Cannot calculate unrealized PnL for P-20240414-063520-001-140731064146904-1, no quotes for BTCUSDT-PERP.BINANCE[0m
[1m2024-04-14T08:08:00.000000000Z[0m [1;33m[WARN] TRADER-001.nautilus_common::cache: Cannot calculate unrealized PnL for P-20240414-063520-001-140731064146904-1, no quotes for BTCUSDT-PERP.BINANCE[0m
[1m2024-04-14T08:08:10.000000000Z[0m [1;33m[WARN] TRADER-001.nautilus_common::cache: Cannot calculate unrealized PnL for P-20240414-063520-001-140731064146904-1, no quotes for BTCUSDT-PERP.BINANCE[0m
[1m2024-04-14T08:08:20.000000000Z[0m [1;33m[WARN] TRADER-001.nautilus_common::cache: Cannot calculate unrealized PnL for P-20240414-063520-001-140731064146904-1, no quotes for BTCUSDT-PERP.BINANCE[0m
[1m2024-04-14T08:08:30.000000000Z[0m [1;33m[WARN] TRADER-001.nautilus_common::cache: Cannot calculate unrealized PnL for P-20240414-063520-001-140731064146904-1, no quotes for BTCUSDT-PERP.BINANCE[0m
[1m2024-04-14T08:08:40.000000000Z[0m [1;33m[WARN] TRADER-001.nautilus_common::cache: Cannot calculate unrealized PnL for P-20240414-063520-001-140731064146904-1, no quotes for BTCUSDT-PERP.BINANCE[0m
[1m2024-04-14T08:08:50.000000000Z[0m [1;33m[WARN] TRADER-001.nautilus_common::cache: Cannot calculate unrealized PnL for P-20240414-063520-001-140731064146904-1, no quotes for BTCUSDT-PERP.BINANCE[0m
[1m2024-04-14T08:08:59.999000000Z[0m [1;33m[WARN] TRADER-001.nautilus_common::cache: Cannot calculate unrealized PnL for P-20240414-063520-001-140731064146904-1, no quotes for BTCUSDT-PERP.BINANCE[0m
[1m2024-04-14T08:09:00.000000000Z[0m [1;33m[WARN] TRADER-001.nautilus_common::cache: Cannot calculate unrealized PnL for P-20240414-063520-001-140731064146904-1, no quotes for BTCUSDT-PERP.BINANCE[0m
[1m2024-04-14T08:09:10.000000000Z[0m [1;33m[WARN] TRADER-001.nautilus_common::cache: Cannot calculate unrealized PnL for P-20240414-063520-001-140731064146904-1, no quotes for BTCUSDT-PERP.BINANCE[0m
[1m2024-04-14T08:09:20.000000000Z[0m [1;33m[WARN] TRADER-001.nautilus_common::cache: Cannot calculate unrealized PnL for P-20240414-063520-001-140731064146904-1, no quotes for BTCUSDT-PERP.BINANCE[0m
[1m2024-04-14T08:09:30.000000000Z[0m [1;33m[WARN] TRADER-001.nautilus_common::cache: Cannot calculate unrealized PnL for P-20240414-063520-001-140731064146904-1, no quotes for BTCUSDT-PERP.BINANCE[0m
[1m2024-04-14T08:09:40.000000000Z[0m [1;33m[WARN] TRADER-001.nautilus_common::cache: Cannot calculate unrealized PnL for P-20240414-063520-001-140731064146904-1, no quotes for BTCUSDT-PERP.BINANCE[0m
[1m2024-04-14T08:09:50.000000000Z[0m [1;33m[WARN] TRADER-001.nautilus_common::cache: Cannot calculate unrealized PnL for P-20240414-063520-001-140731064146904-1, no quotes for BTCUSDT-PERP.BINANCE[0m
[1m2024-04-14T08:09:59.999000000Z[0m [1;33m[WARN] TRADER-001.nautilus_common::cache: Cannot calculate unrealized PnL for P-20240414-063520-001-140731064146904-1, no quotes for BTCUSDT-PERP.BINANCE[0m
[1m2024-04-14T08:10:00.000000000Z[0m [1;33m[WARN] TRADER-001.nautilus_common::cache: Cannot calculate unrealized PnL for P-20240414-063520-001-140731064146904-1, no quotes for BTCUSDT-PERP.BINANCE[0m
[1m2024-04-14T08:10:10.000000000Z[0m [1;33m[WARN] TRADER-001.nautilus_common::cache: Cannot calculate unrealized PnL for P-20240414-063520-001-140731064146904-1, no quotes for BTCUSDT-PERP.BINANCE[0m
[1m2024-04-14T08:10:20.000000000Z[0m [1;33m[WARN] TRADER-001.nautilus_common::cache: Cannot calculate unrealized PnL for P-20240414-063520-001-140731064146904-1, no quotes for BTCUSDT-PERP.BINANCE[0m
[1m2024-04-14T08:10:30.000000000Z[0m [1;33m[WARN] TRADER-001.nautilus_common::cache: Cannot calculate unrealized PnL for P-20240414-063520-001-140731064146904-1, no quotes for BTCUSDT-PERP.BINANCE[0m
[1m2024-04-14T08:10:40.000000000Z[0m [1;33m[WARN] TRADER-001.nautilus_common::cache: Cannot calculate unrealized PnL for P-20240414-063520-001-140731064146904-1, no quotes for BTCUSDT-PERP.BINANCE[0m
[1m2024-04-14T08:10:50.000000000Z[0m [1;33m[WARN] TRADER-001.nautilus_common::cache: Cannot calculate unrealized PnL for P-20240414-063520-001-140731064146904-1, no quotes for BTCUSDT-PERP.BINANCE[0m
[1m2024-04-14T08:10:59.999000000Z[0m [1;33m[WARN] TRADER-001.nautilus_common::cache: Cannot calculate unrealized PnL for P-20240414-063520-001-140731064146904-1, no quotes for BTCUSDT-PERP.BINANCE[0m
[1m2024-04-14T08:11:00.000000000Z[0m [1;33m[WARN] TRADER-001.nautilus_common::cache: Cannot calculate unrealized PnL for P-20240414-063520-001-140731064146904-1, no quotes for BTCUSDT-PERP.BINANCE[0m
[1m2024-04-14T08:11:10.000000000Z[0m [1;33m[WARN] TRADER-001.nautilus_common::cache: Cannot calculate unrealized PnL for P-20240414-063520-001-140731064146904-1, no quotes for BTCUSDT-PERP.BINANCE[0m
[1m2024-04-14T08:11:20.000000000Z[0m [1;33m[WARN] TRADER-001.nautilus_common::cache: Cannot calculate unrealized PnL for P-20240414-063520-001-140731064146904-1, no quotes for BTCUSDT-PERP.BINANCE[0m
[1m2024-04-14T08:11:30.000000000Z[0m [1;33m[WARN] TRADER-001.nautilus_common::cache: Cannot calculate unrealized PnL for P-20240414-063520-001-140731064146904-1, no quotes for BTCUSDT-PERP.BINANCE[0m
[1m2024-04-14T08:11:40.000000000Z[0m [1;33m[WARN] TRADER-001.nautilus_common::cache: Cannot calculate unrealized PnL for P-20240414-063520-001-140731064146904-1, no quotes for BTCUSDT-PERP.BINANCE[0m
[1m2024-04-14T08:11:50.000000000Z[0m [1;33m[WARN] TRADER-001.nautilus_common::cache: Cannot calculate unrealized PnL for P-20240414-063520-001-140731064146904-1, no quotes for BTCUSDT-PERP.BINANCE[0m
[1m2024-04-14T08:11:59.999000000Z[0m [1;33m[WARN] TRADER-001.nautilus_common::cache: Cannot calculate unrealized PnL for P-20240414-063520-001-140731064146904-1, no quotes for BTCUSDT-PERP.BINANCE[0m
[1m2024-04-14T08:12:00.000000000Z[0m [1;33m[WARN] TRADER-001.nautilus_common::cache: Cannot calculate unrealized PnL for P-20240414-063520-001-140731064146904-1, no quotes for BTCUSDT-PERP.BINANCE[0m
[1m2024-04-14T08:12:10.000000000Z[0m [1;33m[WARN] TRADER-001.nautilus_common::cache: Cannot calculate unrealized PnL for P-20240414-063520-001-140731064146904-1, no quotes for BTCUSDT-PERP.BINANCE[0m
[1m2024-04-14T08:12:20.000000000Z[0m [1;33m[WARN] TRADER-001.nautilus_common::cache: Cannot calculate unrealized PnL for P-20240414-063520-001-140731064146904-1, no quotes for BTCUSDT-PERP.BINANCE[0m
[1m2024-04-14T08:12:30.000000000Z[0m [1;33m[WARN] TRADER-001.nautilus_common::cache: Cannot calculate unrealized PnL for P-20240414-063520-001-140731064146904-1, no quotes for BTCUSDT-PERP.BINANCE[0m
[1m2024-04-14T08:12:40.000000000Z[0m [1;33m[WARN] TRADER-001.nautilus_common::cache: Cannot calculate unrealized PnL for P-20240414-063520-001-140731064146904-1, no quotes for BTCUSDT-PERP.BINANCE[0m
[1m2024-04-14T08:12:50.000000000Z[0m [1;33m[WARN] TRADER-001.nautilus_common::cache: Cannot calculate unrealized PnL for P-20240414-063520-001-140731064146904-1, no quotes for BTCUSDT-PERP.BINANCE[0m
[1m2024-04-14T08:12:59.999000000Z[0m [1;33m[WARN] TRADER-001.nautilus_common::cache: Cannot calculate unrealized PnL for P-20240414-063520-001-140731064146904-1, no quotes for BTCUSDT-PERP.BINANCE[0m
[1m2024-04-14T08:13:00.000000000Z[0m [1;33m[WARN] TRADER-001.nautilus_common::cache: Cannot calculate unrealized PnL for P-20240414-063520-001-140731064146904-1, no quotes for BTCUSDT-PERP.BINANCE[0m
[1m2024-04-14T08:13:10.000000000Z[0m [1;33m[WARN] TRADER-001.nautilus_common::cache: Cannot calculate unrealized PnL for P-20240414-063520-001-140731064146904-1, no quotes for BTCUSDT-PERP.BINANCE[0m
[1m2024-04-14T08:13:20.000000000Z[0m [1;33m[WARN] TRADER-001.nautilus_common::cache: Cannot calculate unrealized PnL for P-20240414-063520-001-140731064146904-1, no quotes for BTCUSDT-PERP.BINANCE[0m
[1m2024-04-14T08:13:30.000000000Z[0m [1;33m[WARN] TRADER-001.nautilus_common::cache: Cannot calculate unrealized PnL for P-20240414-063520-001-140731064146904-1, no quotes for BTCUSDT-PERP.BINANCE[0m
[1m2024-04-14T08:13:40.000000000Z[0m [1;33m[WARN] TRADER-001.nautilus_common::cache: Cannot calculate unrealized PnL for P-20240414-063520-001-140731064146904-1, no quotes for BTCUSDT-PERP.BINANCE[0m
[1m2024-04-14T08:13:50.000000000Z[0m [1;33m[WARN] TRADER-001.nautilus_common::cache: Cannot calculate unrealized PnL for P-20240414-063520-001-140731064146904-1, no quotes for BTCUSDT-PERP.BINANCE[0m
[1m2024-04-14T08:13:59.999000000Z[0m [1;33m[WARN] TRADER-001.nautilus_common::cache: Cannot calculate unrealized PnL for P-20240414-063520-001-140731064146904-1, no quotes for BTCUSDT-PERP.BINANCE[0m
[1m2024-04-14T08:14:00.000000000Z[0m [1;33m[WARN] TRADER-001.nautilus_common::cache: Cannot calculate unrealized PnL for P-20240414-063520-001-140731064146904-1, no quotes for BTCUSDT-PERP.BINANCE[0m
[1m2024-04-14T08:14:10.000000000Z[0m [1;33m[WARN] TRADER-001.nautilus_common::cache: Cannot calculate unrealized PnL for P-20240414-063520-001-140731064146904-1, no quotes for BTCUSDT-PERP.BINANCE[0m
[1m2024-04-14T08:14:20.000000000Z[0m [1;33m[WARN] TRADER-001.nautilus_common::cache: Cannot calculate unrealized PnL for P-20240414-063520-001-140731064146904-1, no quotes for BTCUSDT-PERP.BINANCE[0m
[1m2024-04-14T08:14:30.000000000Z[0m [1;33m[WARN] TRADER-001.nautilus_common::cache: Cannot calculate unrealized PnL for P-20240414-063520-001-140731064146904-1, no quotes for BTCUSDT-PERP.BINANCE[0m
[1m2024-04-14T08:14:40.000000000Z[0m [1;33m[WARN] TRADER-001.nautilus_common::cache: Cannot calculate unrealized PnL for P-20240414-063520-001-140731064146904-1, no quotes for BTCUSDT-PERP.BINANCE[0m
[1m2024-04-14T08:14:50.000000000Z[0m [1;33m[WARN] TRADER-001.nautilus_common::cache: Cannot calculate unrealized PnL for P-20240414-063520-001-140731064146904-1, no quotes for BTCUSDT-PERP.BINANCE[0m
[1m2024-04-14T08:14:59.999000000Z[0m [1;33m[WARN] TRADER-001.nautilus_common::cache: Cannot calculate unrealized PnL for P-20240414-063520-001-140731064146904-1, no quotes for BTCUSDT-PERP.BINANCE[0m
[1m2024-04-14T08:15:00.000000000Z[0m [1;33m[WARN] TRADER-001.nautilus_common::cache: Cannot calculate unrealized PnL for P-20240414-063520-001-140731064146904-1, no quotes for BTCUSDT-PERP.BINANCE[0m
[1m2024-04-14T08:15:10.000000000Z[0m [1;33m[WARN] TRADER-001.nautilus_common::cache: Cannot calculate unrealized PnL for P-20240414-063520-001-140731064146904-1, no quotes for BTCUSDT-PERP.BINANCE[0m
[1m2024-04-14T08:15:20.000000000Z[0m [1;33m[WARN] TRADER-001.nautilus_common::cache: Cannot calculate unrealized PnL for P-20240414-063520-001-140731064146904-1, no quotes for BTCUSDT-PERP.BINANCE[0m
[1m2024-04-14T08:15:30.000000000Z[0m [1;33m[WARN] TRADER-001.nautilus_common::cache: Cannot calculate unrealized PnL for P-20240414-063520-001-140731064146904-1, no quotes for BTCUSDT-PERP.BINANCE[0m
[1m2024-04-14T08:15:40.000000000Z[0m [1;33m[WARN] TRADER-001.nautilus_common::cache: Cannot calculate unrealized PnL for P-20240414-063520-001-140731064146904-1, no quotes for BTCUSDT-PERP.BINANCE[0m
[1m2024-04-14T08:15:50.000000000Z[0m [1;33m[WARN] TRADER-001.nautilus_common::cache: Cannot calculate unrealized PnL for P-20240414-063520-001-140731064146904-1, no quotes for BTCUSDT-PERP.BINANCE[0m
[1m2024-04-14T08:15:59.999000000Z[0m [1;33m[WARN] TRADER-001.nautilus_common::cache: Cannot calculate unrealized PnL for P-20240414-063520-001-140731064146904-1, no quotes for BTCUSDT-PERP.BINANCE[0m
[1m2024-04-14T08:16:00.000000000Z[0m [1;33m[WARN] TRADER-001.nautilus_common::cache: Cannot calculate unrealized PnL for P-20240414-063520-001-140731064146904-1, no quotes for BTCUSDT-PERP.BINANCE[0m
[1m2024-04-14T08:16:10.000000000Z[0m [1;33m[WARN] TRADER-001.nautilus_common::cache: Cannot calculate unrealized PnL for P-20240414-063520-001-140731064146904-1, no quotes for BTCUSDT-PERP.BINANCE[0m
[1m2024-04-14T08:16:20.000000000Z[0m [1;33m[WARN] TRADER-001.nautilus_common::cache: Cannot calculate unrealized PnL for P-20240414-063520-001-140731064146904-1, no quotes for BTCUSDT-PERP.BINANCE[0m
[1m2024-04-14T08:16:30.000000000Z[0m [1;33m[WARN] TRADER-001.nautilus_common::cache: Cannot calculate unrealized PnL for P-20240414-063520-001-140731064146904-1, no quotes for BTCUSDT-PERP.BINANCE[0m
[1m2024-04-14T08:16:40.000000000Z[0m [1;33m[WARN] TRADER-001.nautilus_common::cache: Cannot calculate unrealized PnL for P-20240414-063520-001-140731064146904-1, no quotes for BTCUSDT-PERP.BINANCE[0m
[1m2024-04-14T08:16:50.000000000Z[0m [1;33m[WARN] TRADER-001.nautilus_common::cache: Cannot calculate unrealized PnL for P-20240414-063520-001-140731064146904-1, no quotes for BTCUSDT-PERP.BINANCE[0m
[1m2024-04-14T08:16:59.999000000Z[0m [1;33m[WARN] TRADER-001.nautilus_common::cache: Cannot calculate unrealized PnL for P-20240414-063520-001-140731064146904-1, no quotes for BTCUSDT-PERP.BINANCE[0m
[1m2024-04-14T08:17:00.000000000Z[0m [1;33m[WARN] TRADER-001.nautilus_common::cache: Cannot calculate unrealized PnL for P-20240414-063520-001-140731064146904-1, no quotes for BTCUSDT-PERP.BINANCE[0m
[1m2024-04-14T08:17:10.000000000Z[0m [1;33m[WARN] TRADER-001.nautilus_common::cache: Cannot calculate unrealized PnL for P-20240414-063520-001-140731064146904-1, no quotes for BTCUSDT-PERP.BINANCE[0m
[1m2024-04-14T08:17:20.000000000Z[0m [1;33m[WARN] TRADER-001.nautilus_common::cache: Cannot calculate unrealized PnL for P-20240414-063520-001-140731064146904-1, no quotes for BTCUSDT-PERP.BINANCE[0m
[1m2024-04-14T08:17:30.000000000Z[0m [1;33m[WARN] TRADER-001.nautilus_common::cache: Cannot calculate unrealized PnL for P-20240414-063520-001-140731064146904-1, no quotes for BTCUSDT-PERP.BINANCE[0m
[1m2024-04-14T08:17:40.000000000Z[0m [1;33m[WARN] TRADER-001.nautilus_common::cache: Cannot calculate unrealized PnL for P-20240414-063520-001-140731064146904-1, no quotes for BTCUSDT-PERP.BINANCE[0m
[1m2024-04-14T08:17:50.000000000Z[0m [1;33m[WARN] TRADER-001.nautilus_common::cache: Cannot calculate unrealized PnL for P-20240414-063520-001-140731064146904-1, no quotes for BTCUSDT-PERP.BINANCE[0m
[1m2024-04-14T08:17:59.999000000Z[0m [1;33m[WARN] TRADER-001.nautilus_common::cache: Cannot calculate unrealized PnL for P-20240414-063520-001-140731064146904-1, no quotes for BTCUSDT-PERP.BINANCE[0m
[1m2024-04-14T08:18:00.000000000Z[0m [1;33m[WARN] TRADER-001.nautilus_common::cache: Cannot calculate unrealized PnL for P-20240414-063520-001-140731064146904-1, no quotes for BTCUSDT-PERP.BINANCE[0m
[1m2024-04-14T08:18:10.000000000Z[0m [1;33m[WARN] TRADER-001.nautilus_common::cache: Cannot calculate unrealized PnL for P-20240414-063520-001-140731064146904-1, no quotes for BTCUSDT-PERP.BINANCE[0m
[1m2024-04-14T08:18:20.000000000Z[0m [1;33m[WARN] TRADER-001.nautilus_common::cache: Cannot calculate unrealized PnL for P-20240414-063520-001-140731064146904-1, no quotes for BTCUSDT-PERP.BINANCE[0m
[1m2024-04-14T08:18:30.000000000Z[0m [1;33m[WARN] TRADER-001.nautilus_common::cache: Cannot calculate unrealized PnL for P-20240414-063520-001-140731064146904-1, no quotes for BTCUSDT-PERP.BINANCE[0m
[1m2024-04-14T08:18:40.000000000Z[0m [1;33m[WARN] TRADER-001.nautilus_common::cache: Cannot calculate unrealized PnL for P-20240414-063520-001-140731064146904-1, no quotes for BTCUSDT-PERP.BINANCE[0m
[1m2024-04-14T08:18:50.000000000Z[0m [1;33m[WARN] TRADER-001.nautilus_common::cache: Cannot calculate unrealized PnL for P-20240414-063520-001-140731064146904-1, no quotes for BTCUSDT-PERP.BINANCE[0m
[1m2024-04-14T08:18:59.999000000Z[0m [1;33m[WARN] TRADER-001.nautilus_common::cache: Cannot calculate unrealized PnL for P-20240414-063520-001-140731064146904-1, no quotes for BTCUSDT-PERP.BINANCE[0m
[1m2024-04-14T08:19:00.000000000Z[0m [1;33m[WARN] TRADER-001.nautilus_common::cache: Cannot calculate unrealized PnL for P-20240414-063520-001-140731064146904-1, no quotes for BTCUSDT-PERP.BINANCE[0m
[1m2024-04-14T08:19:10.000000000Z[0m [1;33m[WARN] TRADER-001.nautilus_common::cache: Cannot calculate unrealized PnL for P-20240414-063520-001-140731064146904-1, no quotes for BTCUSDT-PERP.BINANCE[0m
[1m2024-04-14T08:19:20.000000000Z[0m [1;33m[WARN] TRADER-001.nautilus_common::cache: Cannot calculate unrealized PnL for P-20240414-063520-001-140731064146904-1, no quotes for BTCUSDT-PERP.BINANCE[0m
[1m2024-04-14T08:19:30.000000000Z[0m [1;33m[WARN] TRADER-001.nautilus_common::cache: Cannot calculate unrealized PnL for P-20240414-063520-001-140731064146904-1, no quotes for BTCUSDT-PERP.BINANCE[0m
[1m2024-04-14T08:19:40.000000000Z[0m [1;33m[WARN] TRADER-001.nautilus_common::cache: Cannot calculate unrealized PnL for P-20240414-063520-001-140731064146904-1, no quotes for BTCUSDT-PERP.BINANCE[0m
[1m2024-04-14T08:19:50.000000000Z[0m [1;33m[WARN] TRADER-001.nautilus_common::cache: Cannot calculate unrealized PnL for P-20240414-063520-001-140731064146904-1, no quotes for BTCUSDT-PERP.BINANCE[0m
[1m2024-04-14T08:19:59.999000000Z[0m [1;33m[WARN] TRADER-001.nautilus_common::cache: Cannot calculate unrealized PnL for P-20240414-063520-001-140731064146904-1, no quotes for BTCUSDT-PERP.BINANCE[0m
[1m2024-04-14T08:20:00.000000000Z[0m [1;33m[WARN] TRADER-001.nautilus_common::cache: Cannot calculate unrealized PnL for P-20240414-063520-001-140731064146904-1, no quotes for BTCUSDT-PERP.BINANCE[0m
[1m2024-04-14T08:20:10.000000000Z[0m [1;33m[WARN] TRADER-001.nautilus_common::cache: Cannot calculate unrealized PnL for P-20240414-063520-001-140731064146904-1, no quotes for BTCUSDT-PERP.BINANCE[0m
[1m2024-04-14T08:20:20.000000000Z[0m [1;33m[WARN] TRADER-001.nautilus_common::cache: Cannot calculate unrealized PnL for P-20240414-063520-001-140731064146904-1, no quotes for BTCUSDT-PERP.BINANCE[0m
[1m2024-04-14T08:20:30.000000000Z[0m [1;33m[WARN] TRADER-001.nautilus_common::cache: Cannot calculate unrealized PnL for P-20240414-063520-001-140731064146904-1, no quotes for BTCUSDT-PERP.BINANCE[0m
[1m2024-04-14T08:20:40.000000000Z[0m [1;33m[WARN] TRADER-001.nautilus_common::cache: Cannot calculate unrealized PnL for P-20240414-063520-001-140731064146904-1, no quotes for BTCUSDT-PERP.BINANCE[0m
[1m2024-04-14T08:20:50.000000000Z[0m [1;33m[WARN] TRADER-001.nautilus_common::cache: Cannot calculate unrealized PnL for P-20240414-063520-001-140731064146904-1, no quotes for BTCUSDT-PERP.BINANCE[0m
[1m2024-04-14T08:20:59.999000000Z[0m [1;33m[WARN] TRADER-001.nautilus_common::cache: Cannot calculate unrealized PnL for P-20240414-063520-001-140731064146904-1, no quotes for BTCUSDT-PERP.BINANCE[0m
[1m2024-04-14T08:21:00.000000000Z[0m [1;33m[WARN] TRADER-001.nautilus_common::cache: Cannot calculate unrealized PnL for P-20240414-063520-001-140731064146904-1, no quotes for BTCUSDT-PERP.BINANCE[0m
[1m2024-04-14T08:21:10.000000000Z[0m [1;33m[WARN] TRADER-001.nautilus_common::cache: Cannot calculate unrealized PnL for P-20240414-063520-001-140731064146904-1, no quotes for BTCUSDT-PERP.BINANCE[0m
[1m2024-04-14T08:21:20.000000000Z[0m [1;33m[WARN] TRADER-001.nautilus_common::cache: Cannot calculate unrealized PnL for P-20240414-063520-001-140731064146904-1, no quotes for BTCUSDT-PERP.BINANCE[0m
[1m2024-04-14T08:21:30.000000000Z[0m [1;33m[WARN] TRADER-001.nautilus_common::cache: Cannot calculate unrealized PnL for P-20240414-063520-001-140731064146904-1, no quotes for BTCUSDT-PERP.BINANCE[0m
[1m2024-04-14T08:21:40.000000000Z[0m [1;33m[WARN] TRADER-001.nautilus_common::cache: Cannot calculate unrealized PnL for P-20240414-063520-001-140731064146904-1, no quotes for BTCUSDT-PERP.BINANCE[0m
[1m2024-04-14T08:21:50.000000000Z[0m [1;33m[WARN] TRADER-001.nautilus_common::cache: Cannot calculate unrealized PnL for P-20240414-063520-001-140731064146904-1, no quotes for BTCUSDT-PERP.BINANCE[0m
[1m2024-04-14T08:21:59.999000000Z[0m [1;33m[WARN] TRADER-001.nautilus_common::cache: Cannot calculate unrealized PnL for P-20240414-063520-001-140731064146904-1, no quotes for BTCUSDT-PERP.BINANCE[0m
[1m2024-04-14T08:22:00.000000000Z[0m [1;33m[WARN] TRADER-001.nautilus_common::cache: Cannot calculate unrealized PnL for P-20240414-063520-001-140731064146904-1, no quotes for BTCUSDT-PERP.BINANCE[0m
[1m2024-04-14T08:22:10.000000000Z[0m [1;33m[WARN] TRADER-001.nautilus_common::cache: Cannot calculate unrealized PnL for P-20240414-063520-001-140731064146904-1, no quotes for BTCUSDT-PERP.BINANCE[0m
[1m2024-04-14T08:22:20.000000000Z[0m [1;33m[WARN] TRADER-001.nautilus_common::cache: Cannot calculate unrealized PnL for P-20240414-063520-001-140731064146904-1, no quotes for BTCUSDT-PERP.BINANCE[0m
[1m2024-04-14T08:22:30.000000000Z[0m [1;33m[WARN] TRADER-001.nautilus_common::cache: Cannot calculate unrealized PnL for P-20240414-063520-001-140731064146904-1, no quotes for BTCUSDT-PERP.BINANCE[0m
[1m2024-04-14T08:22:40.000000000Z[0m [1;33m[WARN] TRADER-001.nautilus_common::cache: Cannot calculate unrealized PnL for P-20240414-063520-001-140731064146904-1, no quotes for BTCUSDT-PERP.BINANCE[0m
[1m2024-04-14T08:22:50.000000000Z[0m [1;33m[WARN] TRADER-001.nautilus_common::cache: Cannot calculate unrealized PnL for P-20240414-063520-001-140731064146904-1, no quotes for BTCUSDT-PERP.BINANCE[0m
[1m2024-04-14T08:22:59.999000000Z[0m [1;33m[WARN] TRADER-001.nautilus_common::cache: Cannot calculate unrealized PnL for P-20240414-063520-001-140731064146904-1, no quotes for BTCUSDT-PERP.BINANCE[0m
[1m2024-04-14T08:23:00.000000000Z[0m [1;33m[WARN] TRADER-001.nautilus_common::cache: Cannot calculate unrealized PnL for P-20240414-063520-001-140731064146904-1, no quotes for BTCUSDT-PERP.BINANCE[0m
[1m2024-04-14T08:23:10.000000000Z[0m [1;33m[WARN] TRADER-001.nautilus_common::cache: Cannot calculate unrealized PnL for P-20240414-063520-001-140731064146904-1, no quotes for BTCUSDT-PERP.BINANCE[0m
[1m2024-04-14T08:23:20.000000000Z[0m [1;33m[WARN] TRADER-001.nautilus_common::cache: Cannot calculate unrealized PnL for P-20240414-063520-001-140731064146904-1, no quotes for BTCUSDT-PERP.BINANCE[0m
[1m2024-04-14T08:23:30.000000000Z[0m [1;33m[WARN] TRADER-001.nautilus_common::cache: Cannot calculate unrealized PnL for P-20240414-063520-001-140731064146904-1, no quotes for BTCUSDT-PERP.BINANCE[0m
[1m2024-04-14T08:23:40.000000000Z[0m [1;33m[WARN] TRADER-001.nautilus_common::cache: Cannot calculate unrealized PnL for P-20240414-063520-001-140731064146904-1, no quotes for BTCUSDT-PERP.BINANCE[0m
[1m2024-04-14T08:23:50.000000000Z[0m [1;33m[WARN] TRADER-001.nautilus_common::cache: Cannot calculate unrealized PnL for P-20240414-063520-001-140731064146904-1, no quotes for BTCUSDT-PERP.BINANCE[0m
[1m2024-04-14T08:23:59.999000000Z[0m [1;33m[WARN] TRADER-001.nautilus_common::cache: Cannot calculate unrealized PnL for P-20240414-063520-001-140731064146904-1, no quotes for BTCUSDT-PERP.BINANCE[0m
[1m2024-04-14T08:24:00.000000000Z[0m [1;33m[WARN] TRADER-001.nautilus_common::cache: Cannot calculate unrealized PnL for P-20240414-063520-001-140731064146904-1, no quotes for BTCUSDT-PERP.BINANCE[0m
[1m2024-04-14T08:24:10.000000000Z[0m [1;33m[WARN] TRADER-001.nautilus_common::cache: Cannot calculate unrealized PnL for P-20240414-063520-001-140731064146904-1, no quotes for BTCUSDT-PERP.BINANCE[0m
[1m2024-04-14T08:24:20.000000000Z[0m [1;33m[WARN] TRADER-001.nautilus_common::cache: Cannot calculate unrealized PnL for P-20240414-063520-001-140731064146904-1, no quotes for BTCUSDT-PERP.BINANCE[0m
[1m2024-04-14T08:24:30.000000000Z[0m [1;33m[WARN] TRADER-001.nautilus_common::cache: Cannot calculate unrealized PnL for P-20240414-063520-001-140731064146904-1, no quotes for BTCUSDT-PERP.BINANCE[0m
[1m2024-04-14T08:24:40.000000000Z[0m [1;33m[WARN] TRADER-001.nautilus_common::cache: Cannot calculate unrealized PnL for P-20240414-063520-001-140731064146904-1, no quotes for BTCUSDT-PERP.BINANCE[0m
[1m2024-04-14T08:24:50.000000000Z[0m [1;33m[WARN] TRADER-001.nautilus_common::cache: Cannot calculate unrealized PnL for P-20240414-063520-001-140731064146904-1, no quotes for BTCUSDT-PERP.BINANCE[0m
[1m2024-04-14T08:24:59.999000000Z[0m [1;33m[WARN] TRADER-001.nautilus_common::cache: Cannot calculate unrealized PnL for P-20240414-063520-001-140731064146904-1, no quotes for BTCUSDT-PERP.BINANCE[0m
[1m2024-04-14T08:25:00.000000000Z[0m [1;33m[WARN] TRADER-001.nautilus_common::cache: Cannot calculate unrealized PnL for P-20240414-063520-001-140731064146904-1, no quotes for BTCUSDT-PERP.BINANCE[0m
[1m2024-04-14T08:25:10.000000000Z[0m [1;33m[WARN] TRADER-001.nautilus_common::cache: Cannot calculate unrealized PnL for P-20240414-063520-001-140731064146904-1, no quotes for BTCUSDT-PERP.BINANCE[0m
[1m2024-04-14T08:25:20.000000000Z[0m [1;33m[WARN] TRADER-001.nautilus_common::cache: Cannot calculate unrealized PnL for P-20240414-063520-001-140731064146904-1, no quotes for BTCUSDT-PERP.BINANCE[0m
[1m2024-04-14T08:25:30.000000000Z[0m [1;33m[WARN] TRADER-001.nautilus_common::cache: Cannot calculate unrealized PnL for P-20240414-063520-001-140731064146904-1, no quotes for BTCUSDT-PERP.BINANCE[0m
[1m2024-04-14T08:25:40.000000000Z[0m [1;33m[WARN] TRADER-001.nautilus_common::cache: Cannot calculate unrealized PnL for P-20240414-063520-001-140731064146904-1, no quotes for BTCUSDT-PERP.BINANCE[0m
[1m2024-04-14T08:25:50.000000000Z[0m [1;33m[WARN] TRADER-001.nautilus_common::cache: Cannot calculate unrealized PnL for P-20240414-063520-001-140731064146904-1, no quotes for BTCUSDT-PERP.BINANCE[0m
[1m2024-04-14T08:25:59.999000000Z[0m [1;33m[WARN] TRADER-001.nautilus_common::cache: Cannot calculate unrealized PnL for P-20240414-063520-001-140731064146904-1, no quotes for BTCUSDT-PERP.BINANCE[0m
[1m2024-04-14T08:26:00.000000000Z[0m [1;33m[WARN] TRADER-001.nautilus_common::cache: Cannot calculate unrealized PnL for P-20240414-063520-001-140731064146904-1, no quotes for BTCUSDT-PERP.BINANCE[0m
[1m2024-04-14T08:26:10.000000000Z[0m [1;33m[WARN] TRADER-001.nautilus_common::cache: Cannot calculate unrealized PnL for P-20240414-063520-001-140731064146904-1, no quotes for BTCUSDT-PERP.BINANCE[0m
[1m2024-04-14T08:26:20.000000000Z[0m [1;33m[WARN] TRADER-001.nautilus_common::cache: Cannot calculate unrealized PnL for P-20240414-063520-001-140731064146904-1, no quotes for BTCUSDT-PERP.BINANCE[0m
[1m2024-04-14T08:26:30.000000000Z[0m [1;33m[WARN] TRADER-001.nautilus_common::cache: Cannot calculate unrealized PnL for P-20240414-063520-001-140731064146904-1, no quotes for BTCUSDT-PERP.BINANCE[0m
[1m2024-04-14T08:26:40.000000000Z[0m [1;33m[WARN] TRADER-001.nautilus_common::cache: Cannot calculate unrealized PnL for P-20240414-063520-001-140731064146904-1, no quotes for BTCUSDT-PERP.BINANCE[0m
[1m2024-04-14T08:26:50.000000000Z[0m [1;33m[WARN] TRADER-001.nautilus_common::cache: Cannot calculate unrealized PnL for P-20240414-063520-001-140731064146904-1, no quotes for BTCUSDT-PERP.BINANCE[0m
[1m2024-04-14T08:26:59.999000000Z[0m [1;33m[WARN] TRADER-001.nautilus_common::cache: Cannot calculate unrealized PnL for P-20240414-063520-001-140731064146904-1, no quotes for BTCUSDT-PERP.BINANCE[0m
[1m2024-04-14T08:27:00.000000000Z[0m [1;33m[WARN] TRADER-001.nautilus_common::cache: Cannot calculate unrealized PnL for P-20240414-063520-001-140731064146904-1, no quotes for BTCUSDT-PERP.BINANCE[0m
[1m2024-04-14T08:27:10.000000000Z[0m [1;33m[WARN] TRADER-001.nautilus_common::cache: Cannot calculate unrealized PnL for P-20240414-063520-001-140731064146904-1, no quotes for BTCUSDT-PERP.BINANCE[0m
[1m2024-04-14T08:27:20.000000000Z[0m [1;33m[WARN] TRADER-001.nautilus_common::cache: Cannot calculate unrealized PnL for P-20240414-063520-001-140731064146904-1, no quotes for BTCUSDT-PERP.BINANCE[0m
[1m2024-04-14T08:27:30.000000000Z[0m [1;33m[WARN] TRADER-001.nautilus_common::cache: Cannot calculate unrealized PnL for P-20240414-063520-001-140731064146904-1, no quotes for BTCUSDT-PERP.BINANCE[0m
[1m2024-04-14T08:27:40.000000000Z[0m [1;33m[WARN] TRADER-001.nautilus_common::cache: Cannot calculate unrealized PnL for P-20240414-063520-001-140731064146904-1, no quotes for BTCUSDT-PERP.BINANCE[0m
[1m2024-04-14T08:27:50.000000000Z[0m [1;33m[WARN] TRADER-001.nautilus_common::cache: Cannot calculate unrealized PnL for P-20240414-063520-001-140731064146904-1, no quotes for BTCUSDT-PERP.BINANCE[0m
[1m2024-04-14T08:27:59.999000000Z[0m [1;33m[WARN] TRADER-001.nautilus_common::cache: Cannot calculate unrealized PnL for P-20240414-063520-001-140731064146904-1, no quotes for BTCUSDT-PERP.BINANCE[0m
[1m2024-04-14T08:28:00.000000000Z[0m [1;33m[WARN] TRADER-001.nautilus_common::cache: Cannot calculate unrealized PnL for P-20240414-063520-001-140731064146904-1, no quotes for BTCUSDT-PERP.BINANCE[0m
[1m2024-04-14T08:28:10.000000000Z[0m [1;33m[WARN] TRADER-001.nautilus_common::cache: Cannot calculate unrealized PnL for P-20240414-063520-001-140731064146904-1, no quotes for BTCUSDT-PERP.BINANCE[0m
[1m2024-04-14T08:28:20.000000000Z[0m [1;33m[WARN] TRADER-001.nautilus_common::cache: Cannot calculate unrealized PnL for P-20240414-063520-001-140731064146904-1, no quotes for BTCUSDT-PERP.BINANCE[0m
[1m2024-04-14T08:28:30.000000000Z[0m [1;33m[WARN] TRADER-001.nautilus_common::cache: Cannot calculate unrealized PnL for P-20240414-063520-001-140731064146904-1, no quotes for BTCUSDT-PERP.BINANCE[0m
[1m2024-04-14T08:28:40.000000000Z[0m [1;33m[WARN] TRADER-001.nautilus_common::cache: Cannot calculate unrealized PnL for P-20240414-063520-001-140731064146904-1, no quotes for BTCUSDT-PERP.BINANCE[0m
[1m2024-04-14T08:28:50.000000000Z[0m [1;33m[WARN] TRADER-001.nautilus_common::cache: Cannot calculate unrealized PnL for P-20240414-063520-001-140731064146904-1, no quotes for BTCUSDT-PERP.BINANCE[0m
[1m2024-04-14T08:28:59.999000000Z[0m [1;33m[WARN] TRADER-001.nautilus_common::cache: Cannot calculate unrealized PnL for P-20240414-063520-001-140731064146904-1, no quotes for BTCUSDT-PERP.BINANCE[0m
[1m2024-04-14T08:29:00.000000000Z[0m [1;33m[WARN] TRADER-001.nautilus_common::cache: Cannot calculate unrealized PnL for P-20240414-063520-001-140731064146904-1, no quotes for BTCUSDT-PERP.BINANCE[0m
[1m2024-04-14T08:29:10.000000000Z[0m [1;33m[WARN] TRADER-001.nautilus_common::cache: Cannot calculate unrealized PnL for P-20240414-063520-001-140731064146904-1, no quotes for BTCUSDT-PERP.BINANCE[0m
[1m2024-04-14T08:29:20.000000000Z[0m [1;33m[WARN] TRADER-001.nautilus_common::cache: Cannot calculate unrealized PnL for P-20240414-063520-001-140731064146904-1, no quotes for BTCUSDT-PERP.BINANCE[0m
[1m2024-04-14T08:29:30.000000000Z[0m [1;33m[WARN] TRADER-001.nautilus_common::cache: Cannot calculate unrealized PnL for P-20240414-063520-001-140731064146904-1, no quotes for BTCUSDT-PERP.BINANCE[0m
[1m2024-04-14T08:29:40.000000000Z[0m [1;33m[WARN] TRADER-001.nautilus_common::cache: Cannot calculate unrealized PnL for P-20240414-063520-001-140731064146904-1, no quotes for BTCUSDT-PERP.BINANCE[0m
[1m2024-04-14T08:29:50.000000000Z[0m [1;33m[WARN] TRADER-001.nautilus_common::cache: Cannot calculate unrealized PnL for P-20240414-063520-001-140731064146904-1, no quotes for BTCUSDT-PERP.BINANCE[0m
[1m2024-04-14T08:29:59.999000000Z[0m [1;33m[WARN] TRADER-001.nautilus_common::cache: Cannot calculate unrealized PnL for P-20240414-063520-001-140731064146904-1, no quotes for BTCUSDT-PERP.BINANCE[0m
[1m2024-04-14T08:30:00.000000000Z[0m [1;33m[WARN] TRADER-001.nautilus_common::cache: Cannot calculate unrealized PnL for P-20240414-063520-001-140731064146904-1, no quotes for BTCUSDT-PERP.BINANCE[0m
[1m2024-04-14T08:30:10.000000000Z[0m [1;33m[WARN] TRADER-001.nautilus_common::cache: Cannot calculate unrealized PnL for P-20240414-063520-001-140731064146904-1, no quotes for BTCUSDT-PERP.BINANCE[0m
[1m2024-04-14T08:30:20.000000000Z[0m [1;33m[WARN] TRADER-001.nautilus_common::cache: Cannot calculate unrealized PnL for P-20240414-063520-001-140731064146904-1, no quotes for BTCUSDT-PERP.BINANCE[0m
[1m2024-04-14T08:30:30.000000000Z[0m [1;33m[WARN] TRADER-001.nautilus_common::cache: Cannot calculate unrealized PnL for P-20240414-063520-001-140731064146904-1, no quotes for BTCUSDT-PERP.BINANCE[0m
[1m2024-04-14T08:30:40.000000000Z[0m [1;33m[WARN] TRADER-001.nautilus_common::cache: Cannot calculate unrealized PnL for P-20240414-063520-001-140731064146904-1, no quotes for BTCUSDT-PERP.BINANCE[0m
[1m2024-04-14T08:30:50.000000000Z[0m [1;33m[WARN] TRADER-001.nautilus_common::cache: Cannot calculate unrealized PnL for P-20240414-063520-001-140731064146904-1, no quotes for BTCUSDT-PERP.BINANCE[0m
[1m2024-04-14T08:30:59.999000000Z[0m [1;33m[WARN] TRADER-001.nautilus_common::cache: Cannot calculate unrealized PnL for P-20240414-063520-001-140731064146904-1, no quotes for BTCUSDT-PERP.BINANCE[0m
[1m2024-04-14T08:31:00.000000000Z[0m [1;33m[WARN] TRADER-001.nautilus_common::cache: Cannot calculate unrealized PnL for P-20240414-063520-001-140731064146904-1, no quotes for BTCUSDT-PERP.BINANCE[0m
[1m2024-04-14T08:31:10.000000000Z[0m [1;33m[WARN] TRADER-001.nautilus_common::cache: Cannot calculate unrealized PnL for P-20240414-063520-001-140731064146904-1, no quotes for BTCUSDT-PERP.BINANCE[0m
[1m2024-04-14T08:31:20.000000000Z[0m [1;33m[WARN] TRADER-001.nautilus_common::cache: Cannot calculate unrealized PnL for P-20240414-063520-001-140731064146904-1, no quotes for BTCUSDT-PERP.BINANCE[0m
[1m2024-04-14T08:31:30.000000000Z[0m [1;33m[WARN] TRADER-001.nautilus_common::cache: Cannot calculate unrealized PnL for P-20240414-063520-001-140731064146904-1, no quotes for BTCUSDT-PERP.BINANCE[0m
[1m2024-04-14T08:31:40.000000000Z[0m [1;33m[WARN] TRADER-001.nautilus_common::cache: Cannot calculate unrealized PnL for P-20240414-063520-001-140731064146904-1, no quotes for BTCUSDT-PERP.BINANCE[0m
[1m2024-04-14T08:31:50.000000000Z[0m [1;33m[WARN] TRADER-001.nautilus_common::cache: Cannot calculate unrealized PnL for P-20240414-063520-001-140731064146904-1, no quotes for BTCUSDT-PERP.BINANCE[0m
[1m2024-04-14T08:31:59.999000000Z[0m [1;33m[WARN] TRADER-001.nautilus_common::cache: Cannot calculate unrealized PnL for P-20240414-063520-001-140731064146904-1, no quotes for BTCUSDT-PERP.BINANCE[0m
[1m2024-04-14T08:32:00.000000000Z[0m [1;33m[WARN] TRADER-001.nautilus_common::cache: Cannot calculate unrealized PnL for P-20240414-063520-001-140731064146904-1, no quotes for BTCUSDT-PERP.BINANCE[0m
[1m2024-04-14T08:32:10.000000000Z[0m [1;33m[WARN] TRADER-001.nautilus_common::cache: Cannot calculate unrealized PnL for P-20240414-063520-001-140731064146904-1, no quotes for BTCUSDT-PERP.BINANCE[0m
[1m2024-04-14T08:32:20.000000000Z[0m [1;33m[WARN] TRADER-001.nautilus_common::cache: Cannot calculate unrealized PnL for P-20240414-063520-001-140731064146904-1, no quotes for BTCUSDT-PERP.BINANCE[0m
[1m2024-04-14T08:32:30.000000000Z[0m [1;33m[WARN] TRADER-001.nautilus_common::cache: Cannot calculate unrealized PnL for P-20240414-063520-001-140731064146904-1, no quotes for BTCUSDT-PERP.BINANCE[0m
[1m2024-04-14T08:32:40.000000000Z[0m [1;33m[WARN] TRADER-001.nautilus_common::cache: Cannot calculate unrealized PnL for P-20240414-063520-001-140731064146904-1, no quotes for BTCUSDT-PERP.BINANCE[0m
[1m2024-04-14T08:32:50.000000000Z[0m [1;33m[WARN] TRADER-001.nautilus_common::cache: Cannot calculate unrealized PnL for P-20240414-063520-001-140731064146904-1, no quotes for BTCUSDT-PERP.BINANCE[0m
[1m2024-04-14T08:32:59.999000000Z[0m [1;33m[WARN] TRADER-001.nautilus_common::cache: Cannot calculate unrealized PnL for P-20240414-063520-001-140731064146904-1, no quotes for BTCUSDT-PERP.BINANCE[0m
[1m2024-04-14T08:33:00.000000000Z[0m [1;33m[WARN] TRADER-001.nautilus_common::cache: Cannot calculate unrealized PnL for P-20240414-063520-001-140731064146904-1, no quotes for BTCUSDT-PERP.BINANCE[0m
[1m2024-04-14T08:33:10.000000000Z[0m [1;33m[WARN] TRADER-001.nautilus_common::cache: Cannot calculate unrealized PnL for P-20240414-063520-001-140731064146904-1, no quotes for BTCUSDT-PERP.BINANCE[0m
[1m2024-04-14T08:33:20.000000000Z[0m [1;33m[WARN] TRADER-001.nautilus_common::cache: Cannot calculate unrealized PnL for P-20240414-063520-001-140731064146904-1, no quotes for BTCUSDT-PERP.BINANCE[0m
[1m2024-04-14T08:33:30.000000000Z[0m [1;33m[WARN] TRADER-001.nautilus_common::cache: Cannot calculate unrealized PnL for P-20240414-063520-001-140731064146904-1, no quotes for BTCUSDT-PERP.BINANCE[0m
[1m2024-04-14T08:33:40.000000000Z[0m [1;33m[WARN] TRADER-001.nautilus_common::cache: Cannot calculate unrealized PnL for P-20240414-063520-001-140731064146904-1, no quotes for BTCUSDT-PERP.BINANCE[0m
[1m2024-04-14T08:33:50.000000000Z[0m [1;33m[WARN] TRADER-001.nautilus_common::cache: Cannot calculate unrealized PnL for P-20240414-063520-001-140731064146904-1, no quotes for BTCUSDT-PERP.BINANCE[0m
[1m2024-04-14T08:33:59.999000000Z[0m [1;33m[WARN] TRADER-001.nautilus_common::cache: Cannot calculate unrealized PnL for P-20240414-063520-001-140731064146904-1, no quotes for BTCUSDT-PERP.BINANCE[0m
[1m2024-04-14T08:34:00.000000000Z[0m [1;33m[WARN] TRADER-001.nautilus_common::cache: Cannot calculate unrealized PnL for P-20240414-063520-001-140731064146904-1, no quotes for BTCUSDT-PERP.BINANCE[0m
[1m2024-04-14T08:34:10.000000000Z[0m [1;33m[WARN] TRADER-001.nautilus_common::cache: Cannot calculate unrealized PnL for P-20240414-063520-001-140731064146904-1, no quotes for BTCUSDT-PERP.BINANCE[0m
[1m2024-04-14T08:34:20.000000000Z[0m [1;33m[WARN] TRADER-001.nautilus_common::cache: Cannot calculate unrealized PnL for P-20240414-063520-001-140731064146904-1, no quotes for BTCUSDT-PERP.BINANCE[0m
[1m2024-04-14T08:34:30.000000000Z[0m [1;33m[WARN] TRADER-001.nautilus_common::cache: Cannot calculate unrealized PnL for P-20240414-063520-001-140731064146904-1, no quotes for BTCUSDT-PERP.BINANCE[0m
[1m2024-04-14T08:34:40.000000000Z[0m [1;33m[WARN] TRADER-001.nautilus_common::cache: Cannot calculate unrealized PnL for P-20240414-063520-001-140731064146904-1, no quotes for BTCUSDT-PERP.BINANCE[0m
[1m2024-04-14T08:34:50.000000000Z[0m [1;33m[WARN] TRADER-001.nautilus_common::cache: Cannot calculate unrealized PnL for P-20240414-063520-001-140731064146904-1, no quotes for BTCUSDT-PERP.BINANCE[0m
[1m2024-04-14T08:34:59.999000000Z[0m [1;33m[WARN] TRADER-001.nautilus_common::cache: Cannot calculate unrealized PnL for P-20240414-063520-001-140731064146904-1, no quotes for BTCUSDT-PERP.BINANCE[0m
[1m2024-04-14T08:35:00.000000000Z[0m [1;33m[WARN] TRADER-001.nautilus_common::cache: Cannot calculate unrealized PnL for P-20240414-063520-001-140731064146904-1, no quotes for BTCUSDT-PERP.BINANCE[0m
[1m2024-04-14T08:35:10.000000000Z[0m [1;33m[WARN] TRADER-001.nautilus_common::cache: Cannot calculate unrealized PnL for P-20240414-063520-001-140731064146904-1, no quotes for BTCUSDT-PERP.BINANCE[0m
[1m2024-04-14T08:35:20.000000000Z[0m [1;33m[WARN] TRADER-001.nautilus_common::cache: Cannot calculate unrealized PnL for P-20240414-063520-001-140731064146904-1, no quotes for BTCUSDT-PERP.BINANCE[0m
[1m2024-04-14T08:35:30.000000000Z[0m [1;33m[WARN] TRADER-001.nautilus_common::cache: Cannot calculate unrealized PnL for P-20240414-063520-001-140731064146904-1, no quotes for BTCUSDT-PERP.BINANCE[0m
[1m2024-04-14T08:35:40.000000000Z[0m [1;33m[WARN] TRADER-001.nautilus_common::cache: Cannot calculate unrealized PnL for P-20240414-063520-001-140731064146904-1, no quotes for BTCUSDT-PERP.BINANCE[0m
[1m2024-04-14T08:35:50.000000000Z[0m [1;33m[WARN] TRADER-001.nautilus_common::cache: Cannot calculate unrealized PnL for P-20240414-063520-001-140731064146904-1, no quotes for BTCUSDT-PERP.BINANCE[0m
[1m2024-04-14T08:35:59.999000000Z[0m [1;33m[WARN] TRADER-001.nautilus_common::cache: Cannot calculate unrealized PnL for P-20240414-063520-001-140731064146904-1, no quotes for BTCUSDT-PERP.BINANCE[0m
[1m2024-04-14T08:36:00.000000000Z[0m [1;33m[WARN] TRADER-001.nautilus_common::cache: Cannot calculate unrealized PnL for P-20240414-063520-001-140731064146904-1, no quotes for BTCUSDT-PERP.BINANCE[0m
[1m2024-04-14T08:36:10.000000000Z[0m [1;33m[WARN] TRADER-001.nautilus_common::cache: Cannot calculate unrealized PnL for P-20240414-063520-001-140731064146904-1, no quotes for BTCUSDT-PERP.BINANCE[0m
[1m2024-04-14T08:36:20.000000000Z[0m [1;33m[WARN] TRADER-001.nautilus_common::cache: Cannot calculate unrealized PnL for P-20240414-063520-001-140731064146904-1, no quotes for BTCUSDT-PERP.BINANCE[0m
[1m2024-04-14T08:36:30.000000000Z[0m [1;33m[WARN] TRADER-001.nautilus_common::cache: Cannot calculate unrealized PnL for P-20240414-063520-001-140731064146904-1, no quotes for BTCUSDT-PERP.BINANCE[0m
[1m2024-04-14T08:36:40.000000000Z[0m [1;33m[WARN] TRADER-001.nautilus_common::cache: Cannot calculate unrealized PnL for P-20240414-063520-001-140731064146904-1, no quotes for BTCUSDT-PERP.BINANCE[0m
[1m2024-04-14T08:36:50.000000000Z[0m [1;33m[WARN] TRADER-001.nautilus_common::cache: Cannot calculate unrealized PnL for P-20240414-063520-001-140731064146904-1, no quotes for BTCUSDT-PERP.BINANCE[0m
[1m2024-04-14T08:36:59.999000000Z[0m [1;33m[WARN] TRADER-001.nautilus_common::cache: Cannot calculate unrealized PnL for P-20240414-063520-001-140731064146904-1, no quotes for BTCUSDT-PERP.BINANCE[0m
[1m2024-04-14T08:37:00.000000000Z[0m [1;33m[WARN] TRADER-001.nautilus_common::cache: Cannot calculate unrealized PnL for P-20240414-063520-001-140731064146904-1, no quotes for BTCUSDT-PERP.BINANCE[0m
[1m2024-04-14T08:37:10.000000000Z[0m [1;33m[WARN] TRADER-001.nautilus_common::cache: Cannot calculate unrealized PnL for P-20240414-063520-001-140731064146904-1, no quotes for BTCUSDT-PERP.BINANCE[0m
[1m2024-04-14T08:37:20.000000000Z[0m [1;33m[WARN] TRADER-001.nautilus_common::cache: Cannot calculate unrealized PnL for P-20240414-063520-001-140731064146904-1, no quotes for BTCUSDT-PERP.BINANCE[0m
[1m2024-04-14T08:37:30.000000000Z[0m [1;33m[WARN] TRADER-001.nautilus_common::cache: Cannot calculate unrealized PnL for P-20240414-063520-001-140731064146904-1, no quotes for BTCUSDT-PERP.BINANCE[0m
[1m2024-04-14T08:37:40.000000000Z[0m [1;33m[WARN] TRADER-001.nautilus_common::cache: Cannot calculate unrealized PnL for P-20240414-063520-001-140731064146904-1, no quotes for BTCUSDT-PERP.BINANCE[0m
[1m2024-04-14T08:37:50.000000000Z[0m [1;33m[WARN] TRADER-001.nautilus_common::cache: Cannot calculate unrealized PnL for P-20240414-063520-001-140731064146904-1, no quotes for BTCUSDT-PERP.BINANCE[0m
[1m2024-04-14T08:37:59.999000000Z[0m [1;33m[WARN] TRADER-001.nautilus_common::cache: Cannot calculate unrealized PnL for P-20240414-063520-001-140731064146904-1, no quotes for BTCUSDT-PERP.BINANCE[0m
[1m2024-04-14T08:38:00.000000000Z[0m [1;33m[WARN] TRADER-001.nautilus_common::cache: Cannot calculate unrealized PnL for P-20240414-063520-001-140731064146904-1, no quotes for BTCUSDT-PERP.BINANCE[0m
[1m2024-04-14T08:38:10.000000000Z[0m [1;33m[WARN] TRADER-001.nautilus_common::cache: Cannot calculate unrealized PnL for P-20240414-063520-001-140731064146904-1, no quotes for BTCUSDT-PERP.BINANCE[0m
[1m2024-04-14T08:38:20.000000000Z[0m [1;33m[WARN] TRADER-001.nautilus_common::cache: Cannot calculate unrealized PnL for P-20240414-063520-001-140731064146904-1, no quotes for BTCUSDT-PERP.BINANCE[0m
[1m2024-04-14T08:38:30.000000000Z[0m [1;33m[WARN] TRADER-001.nautilus_common::cache: Cannot calculate unrealized PnL for P-20240414-063520-001-140731064146904-1, no quotes for BTCUSDT-PERP.BINANCE[0m
[1m2024-04-14T08:38:40.000000000Z[0m [1;33m[WARN] TRADER-001.nautilus_common::cache: Cannot calculate unrealized PnL for P-20240414-063520-001-140731064146904-1, no quotes for BTCUSDT-PERP.BINANCE[0m
[1m2024-04-14T08:38:50.000000000Z[0m [1;33m[WARN] TRADER-001.nautilus_common::cache: Cannot calculate unrealized PnL for P-20240414-063520-001-140731064146904-1, no quotes for BTCUSDT-PERP.BINANCE[0m
[1m2024-04-14T08:38:59.999000000Z[0m [1;33m[WARN] TRADER-001.nautilus_common::cache: Cannot calculate unrealized PnL for P-20240414-063520-001-140731064146904-1, no quotes for BTCUSDT-PERP.BINANCE[0m
[1m2024-04-14T08:39:00.000000000Z[0m [1;33m[WARN] TRADER-001.nautilus_common::cache: Cannot calculate unrealized PnL for P-20240414-063520-001-140731064146904-1, no quotes for BTCUSDT-PERP.BINANCE[0m
[1m2024-04-14T08:39:10.000000000Z[0m [1;33m[WARN] TRADER-001.nautilus_common::cache: Cannot calculate unrealized PnL for P-20240414-063520-001-140731064146904-1, no quotes for BTCUSDT-PERP.BINANCE[0m
[1m2024-04-14T08:39:20.000000000Z[0m [1;33m[WARN] TRADER-001.nautilus_common::cache: Cannot calculate unrealized PnL for P-20240414-063520-001-140731064146904-1, no quotes for BTCUSDT-PERP.BINANCE[0m
[1m2024-04-14T08:39:30.000000000Z[0m [1;33m[WARN] TRADER-001.nautilus_common::cache: Cannot calculate unrealized PnL for P-20240414-063520-001-140731064146904-1, no quotes for BTCUSDT-PERP.BINANCE[0m
[1m2024-04-14T08:39:40.000000000Z[0m [1;33m[WARN] TRADER-001.nautilus_common::cache: Cannot calculate unrealized PnL for P-20240414-063520-001-140731064146904-1, no quotes for BTCUSDT-PERP.BINANCE[0m
[1m2024-04-14T08:39:50.000000000Z[0m [1;33m[WARN] TRADER-001.nautilus_common::cache: Cannot calculate unrealized PnL for P-20240414-063520-001-140731064146904-1, no quotes for BTCUSDT-PERP.BINANCE[0m
[1m2024-04-14T08:39:59.999000000Z[0m [1;33m[WARN] TRADER-001.nautilus_common::cache: Cannot calculate unrealized PnL for P-20240414-063520-001-140731064146904-1, no quotes for BTCUSDT-PERP.BINANCE[0m
[1m2024-04-14T08:40:00.000000000Z[0m [1;33m[WARN] TRADER-001.nautilus_common::cache: Cannot calculate unrealized PnL for P-20240414-063520-001-140731064146904-1, no quotes for BTCUSDT-PERP.BINANCE[0m
[1m2024-04-14T08:40:10.000000000Z[0m [1;33m[WARN] TRADER-001.nautilus_common::cache: Cannot calculate unrealized PnL for P-20240414-063520-001-140731064146904-1, no quotes for BTCUSDT-PERP.BINANCE[0m
[1m2024-04-14T08:40:20.000000000Z[0m [1;33m[WARN] TRADER-001.nautilus_common::cache: Cannot calculate unrealized PnL for P-20240414-063520-001-140731064146904-1, no quotes for BTCUSDT-PERP.BINANCE[0m
[1m2024-04-14T08:40:30.000000000Z[0m [1;33m[WARN] TRADER-001.nautilus_common::cache: Cannot calculate unrealized PnL for P-20240414-063520-001-140731064146904-1, no quotes for BTCUSDT-PERP.BINANCE[0m
[1m2024-04-14T08:40:40.000000000Z[0m [1;33m[WARN] TRADER-001.nautilus_common::cache: Cannot calculate unrealized PnL for P-20240414-063520-001-140731064146904-1, no quotes for BTCUSDT-PERP.BINANCE[0m
[1m2024-04-14T08:40:50.000000000Z[0m [1;33m[WARN] TRADER-001.nautilus_common::cache: Cannot calculate unrealized PnL for P-20240414-063520-001-140731064146904-1, no quotes for BTCUSDT-PERP.BINANCE[0m
[1m2024-04-14T08:40:59.999000000Z[0m [1;33m[WARN] TRADER-001.nautilus_common::cache: Cannot calculate unrealized PnL for P-20240414-063520-001-140731064146904-1, no quotes for BTCUSDT-PERP.BINANCE[0m
[1m2024-04-14T08:41:00.000000000Z[0m [1;33m[WARN] TRADER-001.nautilus_common::cache: Cannot calculate unrealized PnL for P-20240414-063520-001-140731064146904-1, no quotes for BTCUSDT-PERP.BINANCE[0m
[1m2024-04-14T08:41:10.000000000Z[0m [1;33m[WARN] TRADER-001.nautilus_common::cache: Cannot calculate unrealized PnL for P-20240414-063520-001-140731064146904-1, no quotes for BTCUSDT-PERP.BINANCE[0m
[1m2024-04-14T08:41:20.000000000Z[0m [1;33m[WARN] TRADER-001.nautilus_common::cache: Cannot calculate unrealized PnL for P-20240414-063520-001-140731064146904-1, no quotes for BTCUSDT-PERP.BINANCE[0m
[1m2024-04-14T08:41:30.000000000Z[0m [1;33m[WARN] TRADER-001.nautilus_common::cache: Cannot calculate unrealized PnL for P-20240414-063520-001-140731064146904-1, no quotes for BTCUSDT-PERP.BINANCE[0m
[1m2024-04-14T08:41:40.000000000Z[0m [1;33m[WARN] TRADER-001.nautilus_common::cache: Cannot calculate unrealized PnL for P-20240414-063520-001-140731064146904-1, no quotes for BTCUSDT-PERP.BINANCE[0m
[1m2024-04-14T08:41:50.000000000Z[0m [1;33m[WARN] TRADER-001.nautilus_common::cache: Cannot calculate unrealized PnL for P-20240414-063520-001-140731064146904-1, no quotes for BTCUSDT-PERP.BINANCE[0m
[1m2024-04-14T08:41:59.999000000Z[0m [1;33m[WARN] TRADER-001.nautilus_common::cache: Cannot calculate unrealized PnL for P-20240414-063520-001-140731064146904-1, no quotes for BTCUSDT-PERP.BINANCE[0m
[1m2024-04-14T08:42:00.000000000Z[0m [1;33m[WARN] TRADER-001.nautilus_common::cache: Cannot calculate unrealized PnL for P-20240414-063520-001-140731064146904-1, no quotes for BTCUSDT-PERP.BINANCE[0m
[1m2024-04-14T08:42:10.000000000Z[0m [1;33m[WARN] TRADER-001.nautilus_common::cache: Cannot calculate unrealized PnL for P-20240414-063520-001-140731064146904-1, no quotes for BTCUSDT-PERP.BINANCE[0m
[1m2024-04-14T08:42:20.000000000Z[0m [1;33m[WARN] TRADER-001.nautilus_common::cache: Cannot calculate unrealized PnL for P-20240414-063520-001-140731064146904-1, no quotes for BTCUSDT-PERP.BINANCE[0m
[1m2024-04-14T08:42:30.000000000Z[0m [1;33m[WARN] TRADER-001.nautilus_common::cache: Cannot calculate unrealized PnL for P-20240414-063520-001-140731064146904-1, no quotes for BTCUSDT-PERP.BINANCE[0m
[1m2024-04-14T08:42:40.000000000Z[0m [1;33m[WARN] TRADER-001.nautilus_common::cache: Cannot calculate unrealized PnL for P-20240414-063520-001-140731064146904-1, no quotes for BTCUSDT-PERP.BINANCE[0m
[1m2024-04-14T08:42:50.000000000Z[0m [1;33m[WARN] TRADER-001.nautilus_common::cache: Cannot calculate unrealized PnL for P-20240414-063520-001-140731064146904-1, no quotes for BTCUSDT-PERP.BINANCE[0m
[1m2024-04-14T08:42:59.999000000Z[0m [1;33m[WARN] TRADER-001.nautilus_common::cache: Cannot calculate unrealized PnL for P-20240414-063520-001-140731064146904-1, no quotes for BTCUSDT-PERP.BINANCE[0m
[1m2024-04-14T08:43:00.000000000Z[0m [1;33m[WARN] TRADER-001.nautilus_common::cache: Cannot calculate unrealized PnL for P-20240414-063520-001-140731064146904-1, no quotes for BTCUSDT-PERP.BINANCE[0m
[1m2024-04-14T08:43:10.000000000Z[0m [1;33m[WARN] TRADER-001.nautilus_common::cache: Cannot calculate unrealized PnL for P-20240414-063520-001-140731064146904-1, no quotes for BTCUSDT-PERP.BINANCE[0m
[1m2024-04-14T08:43:20.000000000Z[0m [1;33m[WARN] TRADER-001.nautilus_common::cache: Cannot calculate unrealized PnL for P-20240414-063520-001-140731064146904-1, no quotes for BTCUSDT-PERP.BINANCE[0m
[1m2024-04-14T08:43:30.000000000Z[0m [1;33m[WARN] TRADER-001.nautilus_common::cache: Cannot calculate unrealized PnL for P-20240414-063520-001-140731064146904-1, no quotes for BTCUSDT-PERP.BINANCE[0m
[1m2024-04-14T08:43:40.000000000Z[0m [1;33m[WARN] TRADER-001.nautilus_common::cache: Cannot calculate unrealized PnL for P-20240414-063520-001-140731064146904-1, no quotes for BTCUSDT-PERP.BINANCE[0m
[1m2024-04-14T08:43:50.000000000Z[0m [1;33m[WARN] TRADER-001.nautilus_common::cache: Cannot calculate unrealized PnL for P-20240414-063520-001-140731064146904-1, no quotes for BTCUSDT-PERP.BINANCE[0m
[1m2024-04-14T08:43:59.999000000Z[0m [1;33m[WARN] TRADER-001.nautilus_common::cache: Cannot calculate unrealized PnL for P-20240414-063520-001-140731064146904-1, no quotes for BTCUSDT-PERP.BINANCE[0m
[1m2024-04-14T08:44:00.000000000Z[0m [1;33m[WARN] TRADER-001.nautilus_common::cache: Cannot calculate unrealized PnL for P-20240414-063520-001-140731064146904-1, no quotes for BTCUSDT-PERP.BINANCE[0m
[1m2024-04-14T08:44:10.000000000Z[0m [1;33m[WARN] TRADER-001.nautilus_common::cache: Cannot calculate unrealized PnL for P-20240414-063520-001-140731064146904-1, no quotes for BTCUSDT-PERP.BINANCE[0m
[1m2024-04-14T08:44:20.000000000Z[0m [1;33m[WARN] TRADER-001.nautilus_common::cache: Cannot calculate unrealized PnL for P-20240414-063520-001-140731064146904-1, no quotes for BTCUSDT-PERP.BINANCE[0m
[1m2024-04-14T08:44:30.000000000Z[0m [1;33m[WARN] TRADER-001.nautilus_common::cache: Cannot calculate unrealized PnL for P-20240414-063520-001-140731064146904-1, no quotes for BTCUSDT-PERP.BINANCE[0m
[1m2024-04-14T08:44:40.000000000Z[0m [1;33m[WARN] TRADER-001.nautilus_common::cache: Cannot calculate unrealized PnL for P-20240414-063520-001-140731064146904-1, no quotes for BTCUSDT-PERP.BINANCE[0m
[1m2024-04-14T08:44:50.000000000Z[0m [1;33m[WARN] TRADER-001.nautilus_common::cache: Cannot calculate unrealized PnL for P-20240414-063520-001-140731064146904-1, no quotes for BTCUSDT-PERP.BINANCE[0m
[1m2024-04-14T08:44:59.999000000Z[0m [1;33m[WARN] TRADER-001.nautilus_common::cache: Cannot calculate unrealized PnL for P-20240414-063520-001-140731064146904-1, no quotes for BTCUSDT-PERP.BINANCE[0m
[1m2024-04-14T08:45:00.000000000Z[0m [1;33m[WARN] TRADER-001.nautilus_common::cache: Cannot calculate unrealized PnL for P-20240414-063520-001-140731064146904-1, no quotes for BTCUSDT-PERP.BINANCE[0m
[1m2024-04-14T08:45:10.000000000Z[0m [1;33m[WARN] TRADER-001.nautilus_common::cache: Cannot calculate unrealized PnL for P-20240414-063520-001-140731064146904-1, no quotes for BTCUSDT-PERP.BINANCE[0m
[1m2024-04-14T08:45:20.000000000Z[0m [1;33m[WARN] TRADER-001.nautilus_common::cache: Cannot calculate unrealized PnL for P-20240414-063520-001-140731064146904-1, no quotes for BTCUSDT-PERP.BINANCE[0m
[1m2024-04-14T08:45:30.000000000Z[0m [1;33m[WARN] TRADER-001.nautilus_common::cache: Cannot calculate unrealized PnL for P-20240414-063520-001-140731064146904-1, no quotes for BTCUSDT-PERP.BINANCE[0m
[1m2024-04-14T08:45:40.000000000Z[0m [1;33m[WARN] TRADER-001.nautilus_common::cache: Cannot calculate unrealized PnL for P-20240414-063520-001-140731064146904-1, no quotes for BTCUSDT-PERP.BINANCE[0m
[1m2024-04-14T08:45:50.000000000Z[0m [1;33m[WARN] TRADER-001.nautilus_common::cache: Cannot calculate unrealized PnL for P-20240414-063520-001-140731064146904-1, no quotes for BTCUSDT-PERP.BINANCE[0m
[1m2024-04-14T08:45:59.999000000Z[0m [1;33m[WARN] TRADER-001.nautilus_common::cache: Cannot calculate unrealized PnL for P-20240414-063520-001-140731064146904-1, no quotes for BTCUSDT-PERP.BINANCE[0m
[1m2024-04-14T08:46:00.000000000Z[0m [1;33m[WARN] TRADER-001.nautilus_common::cache: Cannot calculate unrealized PnL for P-20240414-063520-001-140731064146904-1, no quotes for BTCUSDT-PERP.BINANCE[0m
[1m2024-04-14T08:46:10.000000000Z[0m [1;33m[WARN] TRADER-001.nautilus_common::cache: Cannot calculate unrealized PnL for P-20240414-063520-001-140731064146904-1, no quotes for BTCUSDT-PERP.BINANCE[0m
[1m2024-04-14T08:46:20.000000000Z[0m [1;33m[WARN] TRADER-001.nautilus_common::cache: Cannot calculate unrealized PnL for P-20240414-063520-001-140731064146904-1, no quotes for BTCUSDT-PERP.BINANCE[0m
[1m2024-04-14T08:46:30.000000000Z[0m [1;33m[WARN] TRADER-001.nautilus_common::cache: Cannot calculate unrealized PnL for P-20240414-063520-001-140731064146904-1, no quotes for BTCUSDT-PERP.BINANCE[0m
[1m2024-04-14T08:46:40.000000000Z[0m [1;33m[WARN] TRADER-001.nautilus_common::cache: Cannot calculate unrealized PnL for P-20240414-063520-001-140731064146904-1, no quotes for BTCUSDT-PERP.BINANCE[0m
[1m2024-04-14T08:46:50.000000000Z[0m [1;33m[WARN] TRADER-001.nautilus_common::cache: Cannot calculate unrealized PnL for P-20240414-063520-001-140731064146904-1, no quotes for BTCUSDT-PERP.BINANCE[0m
[1m2024-04-14T08:46:59.999000000Z[0m [1;33m[WARN] TRADER-001.nautilus_common::cache: Cannot calculate unrealized PnL for P-20240414-063520-001-140731064146904-1, no quotes for BTCUSDT-PERP.BINANCE[0m
[1m2024-04-14T08:47:00.000000000Z[0m [1;33m[WARN] TRADER-001.nautilus_common::cache: Cannot calculate unrealized PnL for P-20240414-063520-001-140731064146904-1, no quotes for BTCUSDT-PERP.BINANCE[0m
[1m2024-04-14T08:47:10.000000000Z[0m [1;33m[WARN] TRADER-001.nautilus_common::cache: Cannot calculate unrealized PnL for P-20240414-063520-001-140731064146904-1, no quotes for BTCUSDT-PERP.BINANCE[0m
[1m2024-04-14T08:47:20.000000000Z[0m [1;33m[WARN] TRADER-001.nautilus_common::cache: Cannot calculate unrealized PnL for P-20240414-063520-001-140731064146904-1, no quotes for BTCUSDT-PERP.BINANCE[0m
[1m2024-04-14T08:47:30.000000000Z[0m [1;33m[WARN] TRADER-001.nautilus_common::cache: Cannot calculate unrealized PnL for P-20240414-063520-001-140731064146904-1, no quotes for BTCUSDT-PERP.BINANCE[0m
[1m2024-04-14T08:47:40.000000000Z[0m [1;33m[WARN] TRADER-001.nautilus_common::cache: Cannot calculate unrealized PnL for P-20240414-063520-001-140731064146904-1, no quotes for BTCUSDT-PERP.BINANCE[0m
[1m2024-04-14T08:47:50.000000000Z[0m [1;33m[WARN] TRADER-001.nautilus_common::cache: Cannot calculate unrealized PnL for P-20240414-063520-001-140731064146904-1, no quotes for BTCUSDT-PERP.BINANCE[0m
[1m2024-04-14T08:47:59.999000000Z[0m [1;33m[WARN] TRADER-001.nautilus_common::cache: Cannot calculate unrealized PnL for P-20240414-063520-001-140731064146904-1, no quotes for BTCUSDT-PERP.BINANCE[0m
[1m2024-04-14T08:48:00.000000000Z[0m [1;33m[WARN] TRADER-001.nautilus_common::cache: Cannot calculate unrealized PnL for P-20240414-063520-001-140731064146904-1, no quotes for BTCUSDT-PERP.BINANCE[0m
[1m2024-04-14T08:48:10.000000000Z[0m [1;33m[WARN] TRADER-001.nautilus_common::cache: Cannot calculate unrealized PnL for P-20240414-063520-001-140731064146904-1, no quotes for BTCUSDT-PERP.BINANCE[0m
[1m2024-04-14T08:48:20.000000000Z[0m [1;33m[WARN] TRADER-001.nautilus_common::cache: Cannot calculate unrealized PnL for P-20240414-063520-001-140731064146904-1, no quotes for BTCUSDT-PERP.BINANCE[0m
[1m2024-04-14T08:48:30.000000000Z[0m [1;33m[WARN] TRADER-001.nautilus_common::cache: Cannot calculate unrealized PnL for P-20240414-063520-001-140731064146904-1, no quotes for BTCUSDT-PERP.BINANCE[0m
[1m2024-04-14T08:48:40.000000000Z[0m [1;33m[WARN] TRADER-001.nautilus_common::cache: Cannot calculate unrealized PnL for P-20240414-063520-001-140731064146904-1, no quotes for BTCUSDT-PERP.BINANCE[0m
[1m2024-04-14T08:48:50.000000000Z[0m [1;33m[WARN] TRADER-001.nautilus_common::cache: Cannot calculate unrealized PnL for P-20240414-063520-001-140731064146904-1, no quotes for BTCUSDT-PERP.BINANCE[0m
[1m2024-04-14T08:48:59.999000000Z[0m [1;33m[WARN] TRADER-001.nautilus_common::cache: Cannot calculate unrealized PnL for P-20240414-063520-001-140731064146904-1, no quotes for BTCUSDT-PERP.BINANCE[0m
[1m2024-04-14T08:49:00.000000000Z[0m [1;33m[WARN] TRADER-001.nautilus_common::cache: Cannot calculate unrealized PnL for P-20240414-063520-001-140731064146904-1, no quotes for BTCUSDT-PERP.BINANCE[0m
[1m2024-04-14T08:49:10.000000000Z[0m [1;33m[WARN] TRADER-001.nautilus_common::cache: Cannot calculate unrealized PnL for P-20240414-063520-001-140731064146904-1, no quotes for BTCUSDT-PERP.BINANCE[0m
[1m2024-04-14T08:49:20.000000000Z[0m [1;33m[WARN] TRADER-001.nautilus_common::cache: Cannot calculate unrealized PnL for P-20240414-063520-001-140731064146904-1, no quotes for BTCUSDT-PERP.BINANCE[0m
[1m2024-04-14T08:49:30.000000000Z[0m [1;33m[WARN] TRADER-001.nautilus_common::cache: Cannot calculate unrealized PnL for P-20240414-063520-001-140731064146904-1, no quotes for BTCUSDT-PERP.BINANCE[0m
[1m2024-04-14T08:49:40.000000000Z[0m [1;33m[WARN] TRADER-001.nautilus_common::cache: Cannot calculate unrealized PnL for P-20240414-063520-001-140731064146904-1, no quotes for BTCUSDT-PERP.BINANCE[0m
[1m2024-04-14T08:49:50.000000000Z[0m [1;33m[WARN] TRADER-001.nautilus_common::cache: Cannot calculate unrealized PnL for P-20240414-063520-001-140731064146904-1, no quotes for BTCUSDT-PERP.BINANCE[0m
[1m2024-04-14T08:49:59.999000000Z[0m [1;33m[WARN] TRADER-001.nautilus_common::cache: Cannot calculate unrealized PnL for P-20240414-063520-001-140731064146904-1, no quotes for BTCUSDT-PERP.BINANCE[0m
[1m2024-04-14T08:50:00.000000000Z[0m [1;33m[WARN] TRADER-001.nautilus_common::cache: Cannot calculate unrealized PnL for P-20240414-063520-001-140731064146904-1, no quotes for BTCUSDT-PERP.BINANCE[0m
[1m2024-04-14T08:50:10.000000000Z[0m [1;33m[WARN] TRADER-001.nautilus_common::cache: Cannot calculate unrealized PnL for P-20240414-063520-001-140731064146904-1, no quotes for BTCUSDT-PERP.BINANCE[0m
[1m2024-04-14T08:50:20.000000000Z[0m [1;33m[WARN] TRADER-001.nautilus_common::cache: Cannot calculate unrealized PnL for P-20240414-063520-001-140731064146904-1, no quotes for BTCUSDT-PERP.BINANCE[0m
[1m2024-04-14T08:50:30.000000000Z[0m [1;33m[WARN] TRADER-001.nautilus_common::cache: Cannot calculate unrealized PnL for P-20240414-063520-001-140731064146904-1, no quotes for BTCUSDT-PERP.BINANCE[0m
[1m2024-04-14T08:50:40.000000000Z[0m [1;33m[WARN] TRADER-001.nautilus_common::cache: Cannot calculate unrealized PnL for P-20240414-063520-001-140731064146904-1, no quotes for BTCUSDT-PERP.BINANCE[0m
[1m2024-04-14T08:50:50.000000000Z[0m [1;33m[WARN] TRADER-001.nautilus_common::cache: Cannot calculate unrealized PnL for P-20240414-063520-001-140731064146904-1, no quotes for BTCUSDT-PERP.BINANCE[0m
[1m2024-04-14T08:50:59.999000000Z[0m [1;33m[WARN] TRADER-001.nautilus_common::cache: Cannot calculate unrealized PnL for P-20240414-063520-001-140731064146904-1, no quotes for BTCUSDT-PERP.BINANCE[0m
[1m2024-04-14T08:51:00.000000000Z[0m [1;33m[WARN] TRADER-001.nautilus_common::cache: Cannot calculate unrealized PnL for P-20240414-063520-001-140731064146904-1, no quotes for BTCUSDT-PERP.BINANCE[0m
[1m2024-04-14T08:51:10.000000000Z[0m [1;33m[WARN] TRADER-001.nautilus_common::cache: Cannot calculate unrealized PnL for P-20240414-063520-001-140731064146904-1, no quotes for BTCUSDT-PERP.BINANCE[0m
[1m2024-04-14T08:51:20.000000000Z[0m [1;33m[WARN] TRADER-001.nautilus_common::cache: Cannot calculate unrealized PnL for P-20240414-063520-001-140731064146904-1, no quotes for BTCUSDT-PERP.BINANCE[0m
[1m2024-04-14T08:51:30.000000000Z[0m [1;33m[WARN] TRADER-001.nautilus_common::cache: Cannot calculate unrealized PnL for P-20240414-063520-001-140731064146904-1, no quotes for BTCUSDT-PERP.BINANCE[0m
[1m2024-04-14T08:51:40.000000000Z[0m [1;33m[WARN] TRADER-001.nautilus_common::cache: Cannot calculate unrealized PnL for P-20240414-063520-001-140731064146904-1, no quotes for BTCUSDT-PERP.BINANCE[0m
[1m2024-04-14T08:51:50.000000000Z[0m [1;33m[WARN] TRADER-001.nautilus_common::cache: Cannot calculate unrealized PnL for P-20240414-063520-001-140731064146904-1, no quotes for BTCUSDT-PERP.BINANCE[0m
[1m2024-04-14T08:51:59.999000000Z[0m [1;33m[WARN] TRADER-001.nautilus_common::cache: Cannot calculate unrealized PnL for P-20240414-063520-001-140731064146904-1, no quotes for BTCUSDT-PERP.BINANCE[0m
[1m2024-04-14T08:52:00.000000000Z[0m [1;33m[WARN] TRADER-001.nautilus_common::cache: Cannot calculate unrealized PnL for P-20240414-063520-001-140731064146904-1, no quotes for BTCUSDT-PERP.BINANCE[0m
[1m2024-04-14T08:52:10.000000000Z[0m [1;33m[WARN] TRADER-001.nautilus_common::cache: Cannot calculate unrealized PnL for P-20240414-063520-001-140731064146904-1, no quotes for BTCUSDT-PERP.BINANCE[0m
[1m2024-04-14T08:52:20.000000000Z[0m [1;33m[WARN] TRADER-001.nautilus_common::cache: Cannot calculate unrealized PnL for P-20240414-063520-001-140731064146904-1, no quotes for BTCUSDT-PERP.BINANCE[0m
[1m2024-04-14T08:52:30.000000000Z[0m [1;33m[WARN] TRADER-001.nautilus_common::cache: Cannot calculate unrealized PnL for P-20240414-063520-001-140731064146904-1, no quotes for BTCUSDT-PERP.BINANCE[0m
[1m2024-04-14T08:52:40.000000000Z[0m [1;33m[WARN] TRADER-001.nautilus_common::cache: Cannot calculate unrealized PnL for P-20240414-063520-001-140731064146904-1, no quotes for BTCUSDT-PERP.BINANCE[0m
[1m2024-04-14T08:52:50.000000000Z[0m [1;33m[WARN] TRADER-001.nautilus_common::cache: Cannot calculate unrealized PnL for P-20240414-063520-001-140731064146904-1, no quotes for BTCUSDT-PERP.BINANCE[0m
[1m2024-04-14T08:52:59.999000000Z[0m [1;33m[WARN] TRADER-001.nautilus_common::cache: Cannot calculate unrealized PnL for P-20240414-063520-001-140731064146904-1, no quotes for BTCUSDT-PERP.BINANCE[0m
[1m2024-04-14T08:53:00.000000000Z[0m [1;33m[WARN] TRADER-001.nautilus_common::cache: Cannot calculate unrealized PnL for P-20240414-063520-001-140731064146904-1, no quotes for BTCUSDT-PERP.BINANCE[0m
[1m2024-04-14T08:53:10.000000000Z[0m [1;33m[WARN] TRADER-001.nautilus_common::cache: Cannot calculate unrealized PnL for P-20240414-063520-001-140731064146904-1, no quotes for BTCUSDT-PERP.BINANCE[0m
[1m2024-04-14T08:53:20.000000000Z[0m [1;33m[WARN] TRADER-001.nautilus_common::cache: Cannot calculate unrealized PnL for P-20240414-063520-001-140731064146904-1, no quotes for BTCUSDT-PERP.BINANCE[0m
[1m2024-04-14T08:53:30.000000000Z[0m [1;33m[WARN] TRADER-001.nautilus_common::cache: Cannot calculate unrealized PnL for P-20240414-063520-001-140731064146904-1, no quotes for BTCUSDT-PERP.BINANCE[0m
[1m2024-04-14T08:53:40.000000000Z[0m [1;33m[WARN] TRADER-001.nautilus_common::cache: Cannot calculate unrealized PnL for P-20240414-063520-001-140731064146904-1, no quotes for BTCUSDT-PERP.BINANCE[0m
[1m2024-04-14T08:53:50.000000000Z[0m [1;33m[WARN] TRADER-001.nautilus_common::cache: Cannot calculate unrealized PnL for P-20240414-063520-001-140731064146904-1, no quotes for BTCUSDT-PERP.BINANCE[0m
[1m2024-04-14T08:53:59.999000000Z[0m [1;33m[WARN] TRADER-001.nautilus_common::cache: Cannot calculate unrealized PnL for P-20240414-063520-001-140731064146904-1, no quotes for BTCUSDT-PERP.BINANCE[0m
[1m2024-04-14T08:54:00.000000000Z[0m [1;33m[WARN] TRADER-001.nautilus_common::cache: Cannot calculate unrealized PnL for P-20240414-063520-001-140731064146904-1, no quotes for BTCUSDT-PERP.BINANCE[0m
[1m2024-04-14T08:54:10.000000000Z[0m [1;33m[WARN] TRADER-001.nautilus_common::cache: Cannot calculate unrealized PnL for P-20240414-063520-001-140731064146904-1, no quotes for BTCUSDT-PERP.BINANCE[0m
[1m2024-04-14T08:54:20.000000000Z[0m [1;33m[WARN] TRADER-001.nautilus_common::cache: Cannot calculate unrealized PnL for P-20240414-063520-001-140731064146904-1, no quotes for BTCUSDT-PERP.BINANCE[0m
[1m2024-04-14T08:54:30.000000000Z[0m [1;33m[WARN] TRADER-001.nautilus_common::cache: Cannot calculate unrealized PnL for P-20240414-063520-001-140731064146904-1, no quotes for BTCUSDT-PERP.BINANCE[0m
[1m2024-04-14T08:54:40.000000000Z[0m [1;33m[WARN] TRADER-001.nautilus_common::cache: Cannot calculate unrealized PnL for P-20240414-063520-001-140731064146904-1, no quotes for BTCUSDT-PERP.BINANCE[0m
[1m2024-04-14T08:54:50.000000000Z[0m [1;33m[WARN] TRADER-001.nautilus_common::cache: Cannot calculate unrealized PnL for P-20240414-063520-001-140731064146904-1, no quotes for BTCUSDT-PERP.BINANCE[0m
[1m2024-04-14T08:54:59.999000000Z[0m [1;33m[WARN] TRADER-001.nautilus_common::cache: Cannot calculate unrealized PnL for P-20240414-063520-001-140731064146904-1, no quotes for BTCUSDT-PERP.BINANCE[0m
[1m2024-04-14T08:55:00.000000000Z[0m [1;33m[WARN] TRADER-001.nautilus_common::cache: Cannot calculate unrealized PnL for P-20240414-063520-001-140731064146904-1, no quotes for BTCUSDT-PERP.BINANCE[0m
[1m2024-04-14T08:55:10.000000000Z[0m [1;33m[WARN] TRADER-001.nautilus_common::cache: Cannot calculate unrealized PnL for P-20240414-063520-001-140731064146904-1, no quotes for BTCUSDT-PERP.BINANCE[0m
[1m2024-04-14T08:55:20.000000000Z[0m [1;33m[WARN] TRADER-001.nautilus_common::cache: Cannot calculate unrealized PnL for P-20240414-063520-001-140731064146904-1, no quotes for BTCUSDT-PERP.BINANCE[0m
[1m2024-04-14T08:55:30.000000000Z[0m [1;33m[WARN] TRADER-001.nautilus_common::cache: Cannot calculate unrealized PnL for P-20240414-063520-001-140731064146904-1, no quotes for BTCUSDT-PERP.BINANCE[0m
[1m2024-04-14T08:55:40.000000000Z[0m [1;33m[WARN] TRADER-001.nautilus_common::cache: Cannot calculate unrealized PnL for P-20240414-063520-001-140731064146904-1, no quotes for BTCUSDT-PERP.BINANCE[0m
[1m2024-04-14T08:55:50.000000000Z[0m [1;33m[WARN] TRADER-001.nautilus_common::cache: Cannot calculate unrealized PnL for P-20240414-063520-001-140731064146904-1, no quotes for BTCUSDT-PERP.BINANCE[0m
[1m2024-04-14T08:55:59.999000000Z[0m [1;33m[WARN] TRADER-001.nautilus_common::cache: Cannot calculate unrealized PnL for P-20240414-063520-001-140731064146904-1, no quotes for BTCUSDT-PERP.BINANCE[0m
[1m2024-04-14T08:56:00.000000000Z[0m [1;33m[WARN] TRADER-001.nautilus_common::cache: Cannot calculate unrealized PnL for P-20240414-063520-001-140731064146904-1, no quotes for BTCUSDT-PERP.BINANCE[0m
[1m2024-04-14T08:56:10.000000000Z[0m [1;33m[WARN] TRADER-001.nautilus_common::cache: Cannot calculate unrealized PnL for P-20240414-063520-001-140731064146904-1, no quotes for BTCUSDT-PERP.BINANCE[0m
[1m2024-04-14T08:56:20.000000000Z[0m [1;33m[WARN] TRADER-001.nautilus_common::cache: Cannot calculate unrealized PnL for P-20240414-063520-001-140731064146904-1, no quotes for BTCUSDT-PERP.BINANCE[0m
[1m2024-04-14T08:56:30.000000000Z[0m [1;33m[WARN] TRADER-001.nautilus_common::cache: Cannot calculate unrealized PnL for P-20240414-063520-001-140731064146904-1, no quotes for BTCUSDT-PERP.BINANCE[0m
[1m2024-04-14T08:56:40.000000000Z[0m [1;33m[WARN] TRADER-001.nautilus_common::cache: Cannot calculate unrealized PnL for P-20240414-063520-001-140731064146904-1, no quotes for BTCUSDT-PERP.BINANCE[0m
[1m2024-04-14T08:56:50.000000000Z[0m [1;33m[WARN] TRADER-001.nautilus_common::cache: Cannot calculate unrealized PnL for P-20240414-063520-001-140731064146904-1, no quotes for BTCUSDT-PERP.BINANCE[0m
[1m2024-04-14T08:56:59.999000000Z[0m [1;33m[WARN] TRADER-001.nautilus_common::cache: Cannot calculate unrealized PnL for P-20240414-063520-001-140731064146904-1, no quotes for BTCUSDT-PERP.BINANCE[0m
[1m2024-04-14T08:57:00.000000000Z[0m [1;33m[WARN] TRADER-001.nautilus_common::cache: Cannot calculate unrealized PnL for P-20240414-063520-001-140731064146904-1, no quotes for BTCUSDT-PERP.BINANCE[0m
[1m2024-04-14T08:57:10.000000000Z[0m [1;33m[WARN] TRADER-001.nautilus_common::cache: Cannot calculate unrealized PnL for P-20240414-063520-001-140731064146904-1, no quotes for BTCUSDT-PERP.BINANCE[0m
[1m2024-04-14T08:57:20.000000000Z[0m [1;33m[WARN] TRADER-001.nautilus_common::cache: Cannot calculate unrealized PnL for P-20240414-063520-001-140731064146904-1, no quotes for BTCUSDT-PERP.BINANCE[0m
[1m2024-04-14T08:57:30.000000000Z[0m [1;33m[WARN] TRADER-001.nautilus_common::cache: Cannot calculate unrealized PnL for P-20240414-063520-001-140731064146904-1, no quotes for BTCUSDT-PERP.BINANCE[0m
[1m2024-04-14T08:57:40.000000000Z[0m [1;33m[WARN] TRADER-001.nautilus_common::cache: Cannot calculate unrealized PnL for P-20240414-063520-001-140731064146904-1, no quotes for BTCUSDT-PERP.BINANCE[0m
[1m2024-04-14T08:57:50.000000000Z[0m [1;33m[WARN] TRADER-001.nautilus_common::cache: Cannot calculate unrealized PnL for P-20240414-063520-001-140731064146904-1, no quotes for BTCUSDT-PERP.BINANCE[0m
[1m2024-04-14T08:57:59.999000000Z[0m [1;33m[WARN] TRADER-001.nautilus_common::cache: Cannot calculate unrealized PnL for P-20240414-063520-001-140731064146904-1, no quotes for BTCUSDT-PERP.BINANCE[0m
[1m2024-04-14T08:58:00.000000000Z[0m [1;33m[WARN] TRADER-001.nautilus_common::cache: Cannot calculate unrealized PnL for P-20240414-063520-001-140731064146904-1, no quotes for BTCUSDT-PERP.BINANCE[0m
[1m2024-04-14T08:58:10.000000000Z[0m [1;33m[WARN] TRADER-001.nautilus_common::cache: Cannot calculate unrealized PnL for P-20240414-063520-001-140731064146904-1, no quotes for BTCUSDT-PERP.BINANCE[0m
[1m2024-04-14T08:58:20.000000000Z[0m [1;33m[WARN] TRADER-001.nautilus_common::cache: Cannot calculate unrealized PnL for P-20240414-063520-001-140731064146904-1, no quotes for BTCUSDT-PERP.BINANCE[0m
[1m2024-04-14T08:58:30.000000000Z[0m [1;33m[WARN] TRADER-001.nautilus_common::cache: Cannot calculate unrealized PnL for P-20240414-063520-001-140731064146904-1, no quotes for BTCUSDT-PERP.BINANCE[0m
[1m2024-04-14T08:58:40.000000000Z[0m [1;33m[WARN] TRADER-001.nautilus_common::cache: Cannot calculate unrealized PnL for P-20240414-063520-001-140731064146904-1, no quotes for BTCUSDT-PERP.BINANCE[0m
[1m2024-04-14T08:58:50.000000000Z[0m [1;33m[WARN] TRADER-001.nautilus_common::cache: Cannot calculate unrealized PnL for P-20240414-063520-001-140731064146904-1, no quotes for BTCUSDT-PERP.BINANCE[0m
[1m2024-04-14T08:58:59.999000000Z[0m [1;33m[WARN] TRADER-001.nautilus_common::cache: Cannot calculate unrealized PnL for P-20240414-063520-001-140731064146904-1, no quotes for BTCUSDT-PERP.BINANCE[0m
[1m2024-04-14T08:59:00.000000000Z[0m [1;33m[WARN] TRADER-001.nautilus_common::cache: Cannot calculate unrealized PnL for P-20240414-063520-001-140731064146904-1, no quotes for BTCUSDT-PERP.BINANCE[0m
[1m2024-04-14T08:59:10.000000000Z[0m [1;33m[WARN] TRADER-001.nautilus_common::cache: Cannot calculate unrealized PnL for P-20240414-063520-001-140731064146904-1, no quotes for BTCUSDT-PERP.BINANCE[0m
[1m2024-04-14T08:59:20.000000000Z[0m [1;33m[WARN] TRADER-001.nautilus_common::cache: Cannot calculate unrealized PnL for P-20240414-063520-001-140731064146904-1, no quotes for BTCUSDT-PERP.BINANCE[0m
[1m2024-04-14T08:59:30.000000000Z[0m [1;33m[WARN] TRADER-001.nautilus_common::cache: Cannot calculate unrealized PnL for P-20240414-063520-001-140731064146904-1, no quotes for BTCUSDT-PERP.BINANCE[0m
[1m2024-04-14T08:59:40.000000000Z[0m [1;33m[WARN] TRADER-001.nautilus_common::cache: Cannot calculate unrealized PnL for P-20240414-063520-001-140731064146904-1, no quotes for BTCUSDT-PERP.BINANCE[0m
[1m2024-04-14T08:59:50.000000000Z[0m [1;33m[WARN] TRADER-001.nautilus_common::cache: Cannot calculate unrealized PnL for P-20240414-063520-001-140731064146904-1, no quotes for BTCUSDT-PERP.BINANCE[0m
[1m2024-04-14T08:59:59.999000000Z[0m [1;33m[WARN] TRADER-001.nautilus_common::cache: Cannot calculate unrealized PnL for P-20240414-063520-001-140731064146904-1, no quotes for BTCUSDT-PERP.BINANCE[0m
[1m2024-04-14T09:00:00.000000000Z[0m [1;33m[WARN] TRADER-001.nautilus_common::cache: Cannot calculate unrealized PnL for P-20240414-063520-001-140731064146904-1, no quotes for BTCUSDT-PERP.BINANCE[0m
[1m2024-04-14T09:00:10.000000000Z[0m [1;33m[WARN] TRADER-001.nautilus_common::cache: Cannot calculate unrealized PnL for P-20240414-063520-001-140731064146904-1, no quotes for BTCUSDT-PERP.BINANCE[0m
[1m2024-04-14T09:00:20.000000000Z[0m [1;33m[WARN] TRADER-001.nautilus_common::cache: Cannot calculate unrealized PnL for P-20240414-063520-001-140731064146904-1, no quotes for BTCUSDT-PERP.BINANCE[0m
[1m2024-04-14T09:00:30.000000000Z[0m [1;33m[WARN] TRADER-001.nautilus_common::cache: Cannot calculate unrealized PnL for P-20240414-063520-001-140731064146904-1, no quotes for BTCUSDT-PERP.BINANCE[0m
[1m2024-04-14T09:00:40.000000000Z[0m [1;33m[WARN] TRADER-001.nautilus_common::cache: Cannot calculate unrealized PnL for P-20240414-063520-001-140731064146904-1, no quotes for BTCUSDT-PERP.BINANCE[0m
[1m2024-04-14T09:00:50.000000000Z[0m [1;33m[WARN] TRADER-001.nautilus_common::cache: Cannot calculate unrealized PnL for P-20240414-063520-001-140731064146904-1, no quotes for BTCUSDT-PERP.BINANCE[0m
[1m2024-04-14T09:00:59.999000000Z[0m [1;33m[WARN] TRADER-001.nautilus_common::cache: Cannot calculate unrealized PnL for P-20240414-063520-001-140731064146904-1, no quotes for BTCUSDT-PERP.BINANCE[0m
[1m2024-04-14T09:01:00.000000000Z[0m [1;33m[WARN] TRADER-001.nautilus_common::cache: Cannot calculate unrealized PnL for P-20240414-063520-001-140731064146904-1, no quotes for BTCUSDT-PERP.BINANCE[0m
[1m2024-04-14T09:01:10.000000000Z[0m [1;33m[WARN] TRADER-001.nautilus_common::cache: Cannot calculate unrealized PnL for P-20240414-063520-001-140731064146904-1, no quotes for BTCUSDT-PERP.BINANCE[0m
[1m2024-04-14T09:01:20.000000000Z[0m [1;33m[WARN] TRADER-001.nautilus_common::cache: Cannot calculate unrealized PnL for P-20240414-063520-001-140731064146904-1, no quotes for BTCUSDT-PERP.BINANCE[0m
[1m2024-04-14T09:01:30.000000000Z[0m [1;33m[WARN] TRADER-001.nautilus_common::cache: Cannot calculate unrealized PnL for P-20240414-063520-001-140731064146904-1, no quotes for BTCUSDT-PERP.BINANCE[0m
[1m2024-04-14T09:01:40.000000000Z[0m [1;33m[WARN] TRADER-001.nautilus_common::cache: Cannot calculate unrealized PnL for P-20240414-063520-001-140731064146904-1, no quotes for BTCUSDT-PERP.BINANCE[0m
[1m2024-04-14T09:01:50.000000000Z[0m [1;33m[WARN] TRADER-001.nautilus_common::cache: Cannot calculate unrealized PnL for P-20240414-063520-001-140731064146904-1, no quotes for BTCUSDT-PERP.BINANCE[0m
[1m2024-04-14T09:01:59.999000000Z[0m [1;33m[WARN] TRADER-001.nautilus_common::cache: Cannot calculate unrealized PnL for P-20240414-063520-001-140731064146904-1, no quotes for BTCUSDT-PERP.BINANCE[0m
[1m2024-04-14T09:02:00.000000000Z[0m [1;33m[WARN] TRADER-001.nautilus_common::cache: Cannot calculate unrealized PnL for P-20240414-063520-001-140731064146904-1, no quotes for BTCUSDT-PERP.BINANCE[0m
[1m2024-04-14T09:02:10.000000000Z[0m [1;33m[WARN] TRADER-001.nautilus_common::cache: Cannot calculate unrealized PnL for P-20240414-063520-001-140731064146904-1, no quotes for BTCUSDT-PERP.BINANCE[0m
[1m2024-04-14T09:02:20.000000000Z[0m [1;33m[WARN] TRADER-001.nautilus_common::cache: Cannot calculate unrealized PnL for P-20240414-063520-001-140731064146904-1, no quotes for BTCUSDT-PERP.BINANCE[0m
[1m2024-04-14T09:02:30.000000000Z[0m [1;33m[WARN] TRADER-001.nautilus_common::cache: Cannot calculate unrealized PnL for P-20240414-063520-001-140731064146904-1, no quotes for BTCUSDT-PERP.BINANCE[0m
[1m2024-04-14T09:02:40.000000000Z[0m [1;33m[WARN] TRADER-001.nautilus_common::cache: Cannot calculate unrealized PnL for P-20240414-063520-001-140731064146904-1, no quotes for BTCUSDT-PERP.BINANCE[0m
[1m2024-04-14T09:02:50.000000000Z[0m [1;33m[WARN] TRADER-001.nautilus_common::cache: Cannot calculate unrealized PnL for P-20240414-063520-001-140731064146904-1, no quotes for BTCUSDT-PERP.BINANCE[0m
[1m2024-04-14T09:02:59.999000000Z[0m [1;33m[WARN] TRADER-001.nautilus_common::cache: Cannot calculate unrealized PnL for P-20240414-063520-001-140731064146904-1, no quotes for BTCUSDT-PERP.BINANCE[0m
[1m2024-04-14T09:03:00.000000000Z[0m [1;33m[WARN] TRADER-001.nautilus_common::cache: Cannot calculate unrealized PnL for P-20240414-063520-001-140731064146904-1, no quotes for BTCUSDT-PERP.BINANCE[0m
[1m2024-04-14T09:03:10.000000000Z[0m [1;33m[WARN] TRADER-001.nautilus_common::cache: Cannot calculate unrealized PnL for P-20240414-063520-001-140731064146904-1, no quotes for BTCUSDT-PERP.BINANCE[0m
[1m2024-04-14T09:03:20.000000000Z[0m [1;33m[WARN] TRADER-001.nautilus_common::cache: Cannot calculate unrealized PnL for P-20240414-063520-001-140731064146904-1, no quotes for BTCUSDT-PERP.BINANCE[0m
[1m2024-04-14T09:03:30.000000000Z[0m [1;33m[WARN] TRADER-001.nautilus_common::cache: Cannot calculate unrealized PnL for P-20240414-063520-001-140731064146904-1, no quotes for BTCUSDT-PERP.BINANCE[0m
[1m2024-04-14T09:03:40.000000000Z[0m [1;33m[WARN] TRADER-001.nautilus_common::cache: Cannot calculate unrealized PnL for P-20240414-063520-001-140731064146904-1, no quotes for BTCUSDT-PERP.BINANCE[0m
[1m2024-04-14T09:03:50.000000000Z[0m [1;33m[WARN] TRADER-001.nautilus_common::cache: Cannot calculate unrealized PnL for P-20240414-063520-001-140731064146904-1, no quotes for BTCUSDT-PERP.BINANCE[0m
[1m2024-04-14T09:03:59.999000000Z[0m [1;33m[WARN] TRADER-001.nautilus_common::cache: Cannot calculate unrealized PnL for P-20240414-063520-001-140731064146904-1, no quotes for BTCUSDT-PERP.BINANCE[0m
[1m2024-04-14T09:04:00.000000000Z[0m [1;33m[WARN] TRADER-001.nautilus_common::cache: Cannot calculate unrealized PnL for P-20240414-063520-001-140731064146904-1, no quotes for BTCUSDT-PERP.BINANCE[0m
[1m2024-04-14T09:04:10.000000000Z[0m [1;33m[WARN] TRADER-001.nautilus_common::cache: Cannot calculate unrealized PnL for P-20240414-063520-001-140731064146904-1, no quotes for BTCUSDT-PERP.BINANCE[0m
[1m2024-04-14T09:04:20.000000000Z[0m [1;33m[WARN] TRADER-001.nautilus_common::cache: Cannot calculate unrealized PnL for P-20240414-063520-001-140731064146904-1, no quotes for BTCUSDT-PERP.BINANCE[0m
[1m2024-04-14T09:04:30.000000000Z[0m [1;33m[WARN] TRADER-001.nautilus_common::cache: Cannot calculate unrealized PnL for P-20240414-063520-001-140731064146904-1, no quotes for BTCUSDT-PERP.BINANCE[0m
[1m2024-04-14T09:04:40.000000000Z[0m [1;33m[WARN] TRADER-001.nautilus_common::cache: Cannot calculate unrealized PnL for P-20240414-063520-001-140731064146904-1, no quotes for BTCUSDT-PERP.BINANCE[0m
[1m2024-04-14T09:04:50.000000000Z[0m [1;33m[WARN] TRADER-001.nautilus_common::cache: Cannot calculate unrealized PnL for P-20240414-063520-001-140731064146904-1, no quotes for BTCUSDT-PERP.BINANCE[0m
[1m2024-04-14T09:04:59.999000000Z[0m [1;33m[WARN] TRADER-001.nautilus_common::cache: Cannot calculate unrealized PnL for P-20240414-063520-001-140731064146904-1, no quotes for BTCUSDT-PERP.BINANCE[0m
[1m2024-04-14T09:05:00.000000000Z[0m [1;33m[WARN] TRADER-001.nautilus_common::cache: Cannot calculate unrealized PnL for P-20240414-063520-001-140731064146904-1, no quotes for BTCUSDT-PERP.BINANCE[0m
[1m2024-04-14T09:05:10.000000000Z[0m [1;33m[WARN] TRADER-001.nautilus_common::cache: Cannot calculate unrealized PnL for P-20240414-063520-001-140731064146904-1, no quotes for BTCUSDT-PERP.BINANCE[0m
[1m2024-04-14T09:05:20.000000000Z[0m [1;33m[WARN] TRADER-001.nautilus_common::cache: Cannot calculate unrealized PnL for P-20240414-063520-001-140731064146904-1, no quotes for BTCUSDT-PERP.BINANCE[0m
[1m2024-04-14T09:05:30.000000000Z[0m [1;33m[WARN] TRADER-001.nautilus_common::cache: Cannot calculate unrealized PnL for P-20240414-063520-001-140731064146904-1, no quotes for BTCUSDT-PERP.BINANCE[0m
[1m2024-04-14T09:05:40.000000000Z[0m [1;33m[WARN] TRADER-001.nautilus_common::cache: Cannot calculate unrealized PnL for P-20240414-063520-001-140731064146904-1, no quotes for BTCUSDT-PERP.BINANCE[0m
[1m2024-04-14T09:05:50.000000000Z[0m [1;33m[WARN] TRADER-001.nautilus_common::cache: Cannot calculate unrealized PnL for P-20240414-063520-001-140731064146904-1, no quotes for BTCUSDT-PERP.BINANCE[0m
[1m2024-04-14T09:05:59.999000000Z[0m [1;33m[WARN] TRADER-001.nautilus_common::cache: Cannot calculate unrealized PnL for P-20240414-063520-001-140731064146904-1, no quotes for BTCUSDT-PERP.BINANCE[0m
[1m2024-04-14T09:06:00.000000000Z[0m [1;33m[WARN] TRADER-001.nautilus_common::cache: Cannot calculate unrealized PnL for P-20240414-063520-001-140731064146904-1, no quotes for BTCUSDT-PERP.BINANCE[0m
[1m2024-04-14T09:06:10.000000000Z[0m [1;33m[WARN] TRADER-001.nautilus_common::cache: Cannot calculate unrealized PnL for P-20240414-063520-001-140731064146904-1, no quotes for BTCUSDT-PERP.BINANCE[0m
[1m2024-04-14T09:06:20.000000000Z[0m [1;33m[WARN] TRADER-001.nautilus_common::cache: Cannot calculate unrealized PnL for P-20240414-063520-001-140731064146904-1, no quotes for BTCUSDT-PERP.BINANCE[0m
[1m2024-04-14T09:06:30.000000000Z[0m [1;33m[WARN] TRADER-001.nautilus_common::cache: Cannot calculate unrealized PnL for P-20240414-063520-001-140731064146904-1, no quotes for BTCUSDT-PERP.BINANCE[0m
[1m2024-04-14T09:06:40.000000000Z[0m [1;33m[WARN] TRADER-001.nautilus_common::cache: Cannot calculate unrealized PnL for P-20240414-063520-001-140731064146904-1, no quotes for BTCUSDT-PERP.BINANCE[0m
[1m2024-04-14T09:06:50.000000000Z[0m [1;33m[WARN] TRADER-001.nautilus_common::cache: Cannot calculate unrealized PnL for P-20240414-063520-001-140731064146904-1, no quotes for BTCUSDT-PERP.BINANCE[0m
[1m2024-04-14T09:06:59.999000000Z[0m [1;33m[WARN] TRADER-001.nautilus_common::cache: Cannot calculate unrealized PnL for P-20240414-063520-001-140731064146904-1, no quotes for BTCUSDT-PERP.BINANCE[0m
[1m2024-04-14T09:07:00.000000000Z[0m [1;33m[WARN] TRADER-001.nautilus_common::cache: Cannot calculate unrealized PnL for P-20240414-063520-001-140731064146904-1, no quotes for BTCUSDT-PERP.BINANCE[0m
[1m2024-04-14T09:07:10.000000000Z[0m [1;33m[WARN] TRADER-001.nautilus_common::cache: Cannot calculate unrealized PnL for P-20240414-063520-001-140731064146904-1, no quotes for BTCUSDT-PERP.BINANCE[0m
[1m2024-04-14T09:07:20.000000000Z[0m [1;33m[WARN] TRADER-001.nautilus_common::cache: Cannot calculate unrealized PnL for P-20240414-063520-001-140731064146904-1, no quotes for BTCUSDT-PERP.BINANCE[0m
[1m2024-04-14T09:07:30.000000000Z[0m [1;33m[WARN] TRADER-001.nautilus_common::cache: Cannot calculate unrealized PnL for P-20240414-063520-001-140731064146904-1, no quotes for BTCUSDT-PERP.BINANCE[0m
[1m2024-04-14T09:07:40.000000000Z[0m [1;33m[WARN] TRADER-001.nautilus_common::cache: Cannot calculate unrealized PnL for P-20240414-063520-001-140731064146904-1, no quotes for BTCUSDT-PERP.BINANCE[0m
[1m2024-04-14T09:07:50.000000000Z[0m [1;33m[WARN] TRADER-001.nautilus_common::cache: Cannot calculate unrealized PnL for P-20240414-063520-001-140731064146904-1, no quotes for BTCUSDT-PERP.BINANCE[0m
[1m2024-04-14T09:07:59.999000000Z[0m [1;33m[WARN] TRADER-001.nautilus_common::cache: Cannot calculate unrealized PnL for P-20240414-063520-001-140731064146904-1, no quotes for BTCUSDT-PERP.BINANCE[0m
[1m2024-04-14T09:08:00.000000000Z[0m [1;33m[WARN] TRADER-001.nautilus_common::cache: Cannot calculate unrealized PnL for P-20240414-063520-001-140731064146904-1, no quotes for BTCUSDT-PERP.BINANCE[0m
[1m2024-04-14T09:08:10.000000000Z[0m [1;33m[WARN] TRADER-001.nautilus_common::cache: Cannot calculate unrealized PnL for P-20240414-063520-001-140731064146904-1, no quotes for BTCUSDT-PERP.BINANCE[0m
[1m2024-04-14T09:08:20.000000000Z[0m [1;33m[WARN] TRADER-001.nautilus_common::cache: Cannot calculate unrealized PnL for P-20240414-063520-001-140731064146904-1, no quotes for BTCUSDT-PERP.BINANCE[0m
[1m2024-04-14T09:08:30.000000000Z[0m [1;33m[WARN] TRADER-001.nautilus_common::cache: Cannot calculate unrealized PnL for P-20240414-063520-001-140731064146904-1, no quotes for BTCUSDT-PERP.BINANCE[0m
[1m2024-04-14T09:08:40.000000000Z[0m [1;33m[WARN] TRADER-001.nautilus_common::cache: Cannot calculate unrealized PnL for P-20240414-063520-001-140731064146904-1, no quotes for BTCUSDT-PERP.BINANCE[0m
[1m2024-04-14T09:08:50.000000000Z[0m [1;33m[WARN] TRADER-001.nautilus_common::cache: Cannot calculate unrealized PnL for P-20240414-063520-001-140731064146904-1, no quotes for BTCUSDT-PERP.BINANCE[0m
[1m2024-04-14T09:08:59.999000000Z[0m [1;33m[WARN] TRADER-001.nautilus_common::cache: Cannot calculate unrealized PnL for P-20240414-063520-001-140731064146904-1, no quotes for BTCUSDT-PERP.BINANCE[0m
[1m2024-04-14T09:09:00.000000000Z[0m [1;33m[WARN] TRADER-001.nautilus_common::cache: Cannot calculate unrealized PnL for P-20240414-063520-001-140731064146904-1, no quotes for BTCUSDT-PERP.BINANCE[0m
[1m2024-04-14T09:09:10.000000000Z[0m [1;33m[WARN] TRADER-001.nautilus_common::cache: Cannot calculate unrealized PnL for P-20240414-063520-001-140731064146904-1, no quotes for BTCUSDT-PERP.BINANCE[0m
[1m2024-04-14T09:09:20.000000000Z[0m [1;33m[WARN] TRADER-001.nautilus_common::cache: Cannot calculate unrealized PnL for P-20240414-063520-001-140731064146904-1, no quotes for BTCUSDT-PERP.BINANCE[0m
[1m2024-04-14T09:09:30.000000000Z[0m [1;33m[WARN] TRADER-001.nautilus_common::cache: Cannot calculate unrealized PnL for P-20240414-063520-001-140731064146904-1, no quotes for BTCUSDT-PERP.BINANCE[0m
[1m2024-04-14T09:09:40.000000000Z[0m [1;33m[WARN] TRADER-001.nautilus_common::cache: Cannot calculate unrealized PnL for P-20240414-063520-001-140731064146904-1, no quotes for BTCUSDT-PERP.BINANCE[0m
[1m2024-04-14T09:09:50.000000000Z[0m [1;33m[WARN] TRADER-001.nautilus_common::cache: Cannot calculate unrealized PnL for P-20240414-063520-001-140731064146904-1, no quotes for BTCUSDT-PERP.BINANCE[0m
[1m2024-04-14T09:09:59.999000000Z[0m [1;33m[WARN] TRADER-001.nautilus_common::cache: Cannot calculate unrealized PnL for P-20240414-063520-001-140731064146904-1, no quotes for BTCUSDT-PERP.BINANCE[0m
[1m2024-04-14T09:10:00.000000000Z[0m [1;33m[WARN] TRADER-001.nautilus_common::cache: Cannot calculate unrealized PnL for P-20240414-063520-001-140731064146904-1, no quotes for BTCUSDT-PERP.BINANCE[0m
[1m2024-04-14T09:10:10.000000000Z[0m [1;33m[WARN] TRADER-001.nautilus_common::cache: Cannot calculate unrealized PnL for P-20240414-063520-001-140731064146904-1, no quotes for BTCUSDT-PERP.BINANCE[0m
[1m2024-04-14T09:10:20.000000000Z[0m [1;33m[WARN] TRADER-001.nautilus_common::cache: Cannot calculate unrealized PnL for P-20240414-063520-001-140731064146904-1, no quotes for BTCUSDT-PERP.BINANCE[0m
[1m2024-04-14T09:10:30.000000000Z[0m [1;33m[WARN] TRADER-001.nautilus_common::cache: Cannot calculate unrealized PnL for P-20240414-063520-001-140731064146904-1, no quotes for BTCUSDT-PERP.BINANCE[0m
[1m2024-04-14T09:10:40.000000000Z[0m [1;33m[WARN] TRADER-001.nautilus_common::cache: Cannot calculate unrealized PnL for P-20240414-063520-001-140731064146904-1, no quotes for BTCUSDT-PERP.BINANCE[0m
[1m2024-04-14T09:10:50.000000000Z[0m [1;33m[WARN] TRADER-001.nautilus_common::cache: Cannot calculate unrealized PnL for P-20240414-063520-001-140731064146904-1, no quotes for BTCUSDT-PERP.BINANCE[0m
[1m2024-04-14T09:10:59.999000000Z[0m [1;33m[WARN] TRADER-001.nautilus_common::cache: Cannot calculate unrealized PnL for P-20240414-063520-001-140731064146904-1, no quotes for BTCUSDT-PERP.BINANCE[0m
[1m2024-04-14T09:11:00.000000000Z[0m [1;33m[WARN] TRADER-001.nautilus_common::cache: Cannot calculate unrealized PnL for P-20240414-063520-001-140731064146904-1, no quotes for BTCUSDT-PERP.BINANCE[0m
[1m2024-04-14T09:11:10.000000000Z[0m [1;33m[WARN] TRADER-001.nautilus_common::cache: Cannot calculate unrealized PnL for P-20240414-063520-001-140731064146904-1, no quotes for BTCUSDT-PERP.BINANCE[0m
[1m2024-04-14T09:11:20.000000000Z[0m [1;33m[WARN] TRADER-001.nautilus_common::cache: Cannot calculate unrealized PnL for P-20240414-063520-001-140731064146904-1, no quotes for BTCUSDT-PERP.BINANCE[0m
[1m2024-04-14T09:11:30.000000000Z[0m [1;33m[WARN] TRADER-001.nautilus_common::cache: Cannot calculate unrealized PnL for P-20240414-063520-001-140731064146904-1, no quotes for BTCUSDT-PERP.BINANCE[0m
[1m2024-04-14T09:11:40.000000000Z[0m [1;33m[WARN] TRADER-001.nautilus_common::cache: Cannot calculate unrealized PnL for P-20240414-063520-001-140731064146904-1, no quotes for BTCUSDT-PERP.BINANCE[0m
[1m2024-04-14T09:11:50.000000000Z[0m [1;33m[WARN] TRADER-001.nautilus_common::cache: Cannot calculate unrealized PnL for P-20240414-063520-001-140731064146904-1, no quotes for BTCUSDT-PERP.BINANCE[0m
[1m2024-04-14T09:11:59.999000000Z[0m [1;33m[WARN] TRADER-001.nautilus_common::cache: Cannot calculate unrealized PnL for P-20240414-063520-001-140731064146904-1, no quotes for BTCUSDT-PERP.BINANCE[0m
[1m2024-04-14T09:12:00.000000000Z[0m [1;33m[WARN] TRADER-001.nautilus_common::cache: Cannot calculate unrealized PnL for P-20240414-063520-001-140731064146904-1, no quotes for BTCUSDT-PERP.BINANCE[0m
[1m2024-04-14T09:12:10.000000000Z[0m [1;33m[WARN] TRADER-001.nautilus_common::cache: Cannot calculate unrealized PnL for P-20240414-063520-001-140731064146904-1, no quotes for BTCUSDT-PERP.BINANCE[0m
[1m2024-04-14T09:12:20.000000000Z[0m [1;33m[WARN] TRADER-001.nautilus_common::cache: Cannot calculate unrealized PnL for P-20240414-063520-001-140731064146904-1, no quotes for BTCUSDT-PERP.BINANCE[0m
[1m2024-04-14T09:12:30.000000000Z[0m [1;33m[WARN] TRADER-001.nautilus_common::cache: Cannot calculate unrealized PnL for P-20240414-063520-001-140731064146904-1, no quotes for BTCUSDT-PERP.BINANCE[0m
[1m2024-04-14T09:12:40.000000000Z[0m [1;33m[WARN] TRADER-001.nautilus_common::cache: Cannot calculate unrealized PnL for P-20240414-063520-001-140731064146904-1, no quotes for BTCUSDT-PERP.BINANCE[0m
[1m2024-04-14T09:12:50.000000000Z[0m [1;33m[WARN] TRADER-001.nautilus_common::cache: Cannot calculate unrealized PnL for P-20240414-063520-001-140731064146904-1, no quotes for BTCUSDT-PERP.BINANCE[0m
[1m2024-04-14T09:12:59.999000000Z[0m [1;33m[WARN] TRADER-001.nautilus_common::cache: Cannot calculate unrealized PnL for P-20240414-063520-001-140731064146904-1, no quotes for BTCUSDT-PERP.BINANCE[0m
[1m2024-04-14T09:13:00.000000000Z[0m [1;33m[WARN] TRADER-001.nautilus_common::cache: Cannot calculate unrealized PnL for P-20240414-063520-001-140731064146904-1, no quotes for BTCUSDT-PERP.BINANCE[0m
[1m2024-04-14T09:13:10.000000000Z[0m [1;33m[WARN] TRADER-001.nautilus_common::cache: Cannot calculate unrealized PnL for P-20240414-063520-001-140731064146904-1, no quotes for BTCUSDT-PERP.BINANCE[0m
[1m2024-04-14T09:13:20.000000000Z[0m [1;33m[WARN] TRADER-001.nautilus_common::cache: Cannot calculate unrealized PnL for P-20240414-063520-001-140731064146904-1, no quotes for BTCUSDT-PERP.BINANCE[0m
[1m2024-04-14T09:13:30.000000000Z[0m [1;33m[WARN] TRADER-001.nautilus_common::cache: Cannot calculate unrealized PnL for P-20240414-063520-001-140731064146904-1, no quotes for BTCUSDT-PERP.BINANCE[0m
[1m2024-04-14T09:13:40.000000000Z[0m [1;33m[WARN] TRADER-001.nautilus_common::cache: Cannot calculate unrealized PnL for P-20240414-063520-001-140731064146904-1, no quotes for BTCUSDT-PERP.BINANCE[0m
[1m2024-04-14T09:13:50.000000000Z[0m [1;33m[WARN] TRADER-001.nautilus_common::cache: Cannot calculate unrealized PnL for P-20240414-063520-001-140731064146904-1, no quotes for BTCUSDT-PERP.BINANCE[0m
[1m2024-04-14T09:13:59.999000000Z[0m [1;33m[WARN] TRADER-001.nautilus_common::cache: Cannot calculate unrealized PnL for P-20240414-063520-001-140731064146904-1, no quotes for BTCUSDT-PERP.BINANCE[0m
[1m2024-04-14T09:14:00.000000000Z[0m [1;33m[WARN] TRADER-001.nautilus_common::cache: Cannot calculate unrealized PnL for P-20240414-063520-001-140731064146904-1, no quotes for BTCUSDT-PERP.BINANCE[0m
[1m2024-04-14T09:14:10.000000000Z[0m [1;33m[WARN] TRADER-001.nautilus_common::cache: Cannot calculate unrealized PnL for P-20240414-063520-001-140731064146904-1, no quotes for BTCUSDT-PERP.BINANCE[0m
[1m2024-04-14T09:14:20.000000000Z[0m [1;33m[WARN] TRADER-001.nautilus_common::cache: Cannot calculate unrealized PnL for P-20240414-063520-001-140731064146904-1, no quotes for BTCUSDT-PERP.BINANCE[0m
[1m2024-04-14T09:14:30.000000000Z[0m [1;33m[WARN] TRADER-001.nautilus_common::cache: Cannot calculate unrealized PnL for P-20240414-063520-001-140731064146904-1, no quotes for BTCUSDT-PERP.BINANCE[0m
[1m2024-04-14T09:14:40.000000000Z[0m [1;33m[WARN] TRADER-001.nautilus_common::cache: Cannot calculate unrealized PnL for P-20240414-063520-001-140731064146904-1, no quotes for BTCUSDT-PERP.BINANCE[0m
[1m2024-04-14T09:14:50.000000000Z[0m [1;33m[WARN] TRADER-001.nautilus_common::cache: Cannot calculate unrealized PnL for P-20240414-063520-001-140731064146904-1, no quotes for BTCUSDT-PERP.BINANCE[0m
[1m2024-04-14T09:14:59.999000000Z[0m [1;33m[WARN] TRADER-001.nautilus_common::cache: Cannot calculate unrealized PnL for P-20240414-063520-001-140731064146904-1, no quotes for BTCUSDT-PERP.BINANCE[0m
[1m2024-04-14T09:15:00.000000000Z[0m [1;33m[WARN] TRADER-001.nautilus_common::cache: Cannot calculate unrealized PnL for P-20240414-063520-001-140731064146904-1, no quotes for BTCUSDT-PERP.BINANCE[0m
[1m2024-04-14T09:15:10.000000000Z[0m [1;33m[WARN] TRADER-001.nautilus_common::cache: Cannot calculate unrealized PnL for P-20240414-063520-001-140731064146904-1, no quotes for BTCUSDT-PERP.BINANCE[0m
[1m2024-04-14T09:15:20.000000000Z[0m [1;33m[WARN] TRADER-001.nautilus_common::cache: Cannot calculate unrealized PnL for P-20240414-063520-001-140731064146904-1, no quotes for BTCUSDT-PERP.BINANCE[0m
[1m2024-04-14T09:15:30.000000000Z[0m [1;33m[WARN] TRADER-001.nautilus_common::cache: Cannot calculate unrealized PnL for P-20240414-063520-001-140731064146904-1, no quotes for BTCUSDT-PERP.BINANCE[0m
[1m2024-04-14T09:15:40.000000000Z[0m [1;33m[WARN] TRADER-001.nautilus_common::cache: Cannot calculate unrealized PnL for P-20240414-063520-001-140731064146904-1, no quotes for BTCUSDT-PERP.BINANCE[0m
[1m2024-04-14T09:15:50.000000000Z[0m [1;33m[WARN] TRADER-001.nautilus_common::cache: Cannot calculate unrealized PnL for P-20240414-063520-001-140731064146904-1, no quotes for BTCUSDT-PERP.BINANCE[0m
[1m2024-04-14T09:15:59.999000000Z[0m [1;33m[WARN] TRADER-001.nautilus_common::cache: Cannot calculate unrealized PnL for P-20240414-063520-001-140731064146904-1, no quotes for BTCUSDT-PERP.BINANCE[0m
[1m2024-04-14T09:16:00.000000000Z[0m [1;33m[WARN] TRADER-001.nautilus_common::cache: Cannot calculate unrealized PnL for P-20240414-063520-001-140731064146904-1, no quotes for BTCUSDT-PERP.BINANCE[0m
[1m2024-04-14T09:16:10.000000000Z[0m [1;33m[WARN] TRADER-001.nautilus_common::cache: Cannot calculate unrealized PnL for P-20240414-063520-001-140731064146904-1, no quotes for BTCUSDT-PERP.BINANCE[0m
[1m2024-04-14T09:16:20.000000000Z[0m [1;33m[WARN] TRADER-001.nautilus_common::cache: Cannot calculate unrealized PnL for P-20240414-063520-001-140731064146904-1, no quotes for BTCUSDT-PERP.BINANCE[0m
[1m2024-04-14T09:16:30.000000000Z[0m [1;33m[WARN] TRADER-001.nautilus_common::cache: Cannot calculate unrealized PnL for P-20240414-063520-001-140731064146904-1, no quotes for BTCUSDT-PERP.BINANCE[0m
[1m2024-04-14T09:16:40.000000000Z[0m [1;33m[WARN] TRADER-001.nautilus_common::cache: Cannot calculate unrealized PnL for P-20240414-063520-001-140731064146904-1, no quotes for BTCUSDT-PERP.BINANCE[0m
[1m2024-04-14T09:16:50.000000000Z[0m [1;33m[WARN] TRADER-001.nautilus_common::cache: Cannot calculate unrealized PnL for P-20240414-063520-001-140731064146904-1, no quotes for BTCUSDT-PERP.BINANCE[0m
[1m2024-04-14T09:16:59.999000000Z[0m [1;33m[WARN] TRADER-001.nautilus_common::cache: Cannot calculate unrealized PnL for P-20240414-063520-001-140731064146904-1, no quotes for BTCUSDT-PERP.BINANCE[0m
[1m2024-04-14T09:17:00.000000000Z[0m [1;33m[WARN] TRADER-001.nautilus_common::cache: Cannot calculate unrealized PnL for P-20240414-063520-001-140731064146904-1, no quotes for BTCUSDT-PERP.BINANCE[0m
[1m2024-04-14T09:17:10.000000000Z[0m [1;33m[WARN] TRADER-001.nautilus_common::cache: Cannot calculate unrealized PnL for P-20240414-063520-001-140731064146904-1, no quotes for BTCUSDT-PERP.BINANCE[0m
[1m2024-04-14T09:17:20.000000000Z[0m [1;33m[WARN] TRADER-001.nautilus_common::cache: Cannot calculate unrealized PnL for P-20240414-063520-001-140731064146904-1, no quotes for BTCUSDT-PERP.BINANCE[0m
[1m2024-04-14T09:17:30.000000000Z[0m [1;33m[WARN] TRADER-001.nautilus_common::cache: Cannot calculate unrealized PnL for P-20240414-063520-001-140731064146904-1, no quotes for BTCUSDT-PERP.BINANCE[0m
[1m2024-04-14T09:17:40.000000000Z[0m [1;33m[WARN] TRADER-001.nautilus_common::cache: Cannot calculate unrealized PnL for P-20240414-063520-001-140731064146904-1, no quotes for BTCUSDT-PERP.BINANCE[0m
[1m2024-04-14T09:17:50.000000000Z[0m [1;33m[WARN] TRADER-001.nautilus_common::cache: Cannot calculate unrealized PnL for P-20240414-063520-001-140731064146904-1, no quotes for BTCUSDT-PERP.BINANCE[0m
[1m2024-04-14T09:17:59.999000000Z[0m [1;33m[WARN] TRADER-001.nautilus_common::cache: Cannot calculate unrealized PnL for P-20240414-063520-001-140731064146904-1, no quotes for BTCUSDT-PERP.BINANCE[0m
[1m2024-04-14T09:18:00.000000000Z[0m [1;33m[WARN] TRADER-001.nautilus_common::cache: Cannot calculate unrealized PnL for P-20240414-063520-001-140731064146904-1, no quotes for BTCUSDT-PERP.BINANCE[0m
[1m2024-04-14T09:18:10.000000000Z[0m [1;33m[WARN] TRADER-001.nautilus_common::cache: Cannot calculate unrealized PnL for P-20240414-063520-001-140731064146904-1, no quotes for BTCUSDT-PERP.BINANCE[0m
[1m2024-04-14T09:18:20.000000000Z[0m [1;33m[WARN] TRADER-001.nautilus_common::cache: Cannot calculate unrealized PnL for P-20240414-063520-001-140731064146904-1, no quotes for BTCUSDT-PERP.BINANCE[0m
[1m2024-04-14T09:18:30.000000000Z[0m [1;33m[WARN] TRADER-001.nautilus_common::cache: Cannot calculate unrealized PnL for P-20240414-063520-001-140731064146904-1, no quotes for BTCUSDT-PERP.BINANCE[0m
[1m2024-04-14T09:18:40.000000000Z[0m [1;33m[WARN] TRADER-001.nautilus_common::cache: Cannot calculate unrealized PnL for P-20240414-063520-001-140731064146904-1, no quotes for BTCUSDT-PERP.BINANCE[0m
[1m2024-04-14T09:18:50.000000000Z[0m [1;33m[WARN] TRADER-001.nautilus_common::cache: Cannot calculate unrealized PnL for P-20240414-063520-001-140731064146904-1, no quotes for BTCUSDT-PERP.BINANCE[0m
[1m2024-04-14T09:18:59.999000000Z[0m [1;33m[WARN] TRADER-001.nautilus_common::cache: Cannot calculate unrealized PnL for P-20240414-063520-001-140731064146904-1, no quotes for BTCUSDT-PERP.BINANCE[0m
[1m2024-04-14T09:19:00.000000000Z[0m [1;33m[WARN] TRADER-001.nautilus_common::cache: Cannot calculate unrealized PnL for P-20240414-063520-001-140731064146904-1, no quotes for BTCUSDT-PERP.BINANCE[0m
[1m2024-04-14T09:19:10.000000000Z[0m [1;33m[WARN] TRADER-001.nautilus_common::cache: Cannot calculate unrealized PnL for P-20240414-063520-001-140731064146904-1, no quotes for BTCUSDT-PERP.BINANCE[0m
[1m2024-04-14T09:19:20.000000000Z[0m [1;33m[WARN] TRADER-001.nautilus_common::cache: Cannot calculate unrealized PnL for P-20240414-063520-001-140731064146904-1, no quotes for BTCUSDT-PERP.BINANCE[0m
[1m2024-04-14T09:19:30.000000000Z[0m [1;33m[WARN] TRADER-001.nautilus_common::cache: Cannot calculate unrealized PnL for P-20240414-063520-001-140731064146904-1, no quotes for BTCUSDT-PERP.BINANCE[0m
[1m2024-04-14T09:19:40.000000000Z[0m [1;33m[WARN] TRADER-001.nautilus_common::cache: Cannot calculate unrealized PnL for P-20240414-063520-001-140731064146904-1, no quotes for BTCUSDT-PERP.BINANCE[0m
[1m2024-04-14T09:19:50.000000000Z[0m [1;33m[WARN] TRADER-001.nautilus_common::cache: Cannot calculate unrealized PnL for P-20240414-063520-001-140731064146904-1, no quotes for BTCUSDT-PERP.BINANCE[0m
[1m2024-04-14T09:19:59.999000000Z[0m [1;33m[WARN] TRADER-001.nautilus_common::cache: Cannot calculate unrealized PnL for P-20240414-063520-001-140731064146904-1, no quotes for BTCUSDT-PERP.BINANCE[0m
[1m2024-04-14T09:20:00.000000000Z[0m [1;33m[WARN] TRADER-001.nautilus_common::cache: Cannot calculate unrealized PnL for P-20240414-063520-001-140731064146904-1, no quotes for BTCUSDT-PERP.BINANCE[0m
[1m2024-04-14T09:20:10.000000000Z[0m [1;33m[WARN] TRADER-001.nautilus_common::cache: Cannot calculate unrealized PnL for P-20240414-063520-001-140731064146904-1, no quotes for BTCUSDT-PERP.BINANCE[0m
[1m2024-04-14T09:20:20.000000000Z[0m [1;33m[WARN] TRADER-001.nautilus_common::cache: Cannot calculate unrealized PnL for P-20240414-063520-001-140731064146904-1, no quotes for BTCUSDT-PERP.BINANCE[0m
[1m2024-04-14T09:20:30.000000000Z[0m [1;33m[WARN] TRADER-001.nautilus_common::cache: Cannot calculate unrealized PnL for P-20240414-063520-001-140731064146904-1, no quotes for BTCUSDT-PERP.BINANCE[0m
[1m2024-04-14T09:20:40.000000000Z[0m [1;33m[WARN] TRADER-001.nautilus_common::cache: Cannot calculate unrealized PnL for P-20240414-063520-001-140731064146904-1, no quotes for BTCUSDT-PERP.BINANCE[0m
[1m2024-04-14T09:20:50.000000000Z[0m [1;33m[WARN] TRADER-001.nautilus_common::cache: Cannot calculate unrealized PnL for P-20240414-063520-001-140731064146904-1, no quotes for BTCUSDT-PERP.BINANCE[0m
[1m2024-04-14T09:20:59.999000000Z[0m [1;33m[WARN] TRADER-001.nautilus_common::cache: Cannot calculate unrealized PnL for P-20240414-063520-001-140731064146904-1, no quotes for BTCUSDT-PERP.BINANCE[0m
[1m2024-04-14T09:21:00.000000000Z[0m [1;33m[WARN] TRADER-001.nautilus_common::cache: Cannot calculate unrealized PnL for P-20240414-063520-001-140731064146904-1, no quotes for BTCUSDT-PERP.BINANCE[0m
[1m2024-04-14T09:21:10.000000000Z[0m [1;33m[WARN] TRADER-001.nautilus_common::cache: Cannot calculate unrealized PnL for P-20240414-063520-001-140731064146904-1, no quotes for BTCUSDT-PERP.BINANCE[0m
[1m2024-04-14T09:21:20.000000000Z[0m [1;33m[WARN] TRADER-001.nautilus_common::cache: Cannot calculate unrealized PnL for P-20240414-063520-001-140731064146904-1, no quotes for BTCUSDT-PERP.BINANCE[0m
[1m2024-04-14T09:21:30.000000000Z[0m [1;33m[WARN] TRADER-001.nautilus_common::cache: Cannot calculate unrealized PnL for P-20240414-063520-001-140731064146904-1, no quotes for BTCUSDT-PERP.BINANCE[0m
[1m2024-04-14T09:21:40.000000000Z[0m [1;33m[WARN] TRADER-001.nautilus_common::cache: Cannot calculate unrealized PnL for P-20240414-063520-001-140731064146904-1, no quotes for BTCUSDT-PERP.BINANCE[0m
[1m2024-04-14T09:21:50.000000000Z[0m [1;33m[WARN] TRADER-001.nautilus_common::cache: Cannot calculate unrealized PnL for P-20240414-063520-001-140731064146904-1, no quotes for BTCUSDT-PERP.BINANCE[0m
[1m2024-04-14T09:21:59.999000000Z[0m [1;33m[WARN] TRADER-001.nautilus_common::cache: Cannot calculate unrealized PnL for P-20240414-063520-001-140731064146904-1, no quotes for BTCUSDT-PERP.BINANCE[0m
[1m2024-04-14T09:22:00.000000000Z[0m [1;33m[WARN] TRADER-001.nautilus_common::cache: Cannot calculate unrealized PnL for P-20240414-063520-001-140731064146904-1, no quotes for BTCUSDT-PERP.BINANCE[0m
[1m2024-04-14T09:22:10.000000000Z[0m [1;33m[WARN] TRADER-001.nautilus_common::cache: Cannot calculate unrealized PnL for P-20240414-063520-001-140731064146904-1, no quotes for BTCUSDT-PERP.BINANCE[0m
[1m2024-04-14T09:22:20.000000000Z[0m [1;33m[WARN] TRADER-001.nautilus_common::cache: Cannot calculate unrealized PnL for P-20240414-063520-001-140731064146904-1, no quotes for BTCUSDT-PERP.BINANCE[0m
[1m2024-04-14T09:22:30.000000000Z[0m [1;33m[WARN] TRADER-001.nautilus_common::cache: Cannot calculate unrealized PnL for P-20240414-063520-001-140731064146904-1, no quotes for BTCUSDT-PERP.BINANCE[0m
[1m2024-04-14T09:22:40.000000000Z[0m [1;33m[WARN] TRADER-001.nautilus_common::cache: Cannot calculate unrealized PnL for P-20240414-063520-001-140731064146904-1, no quotes for BTCUSDT-PERP.BINANCE[0m
[1m2024-04-14T09:22:50.000000000Z[0m [1;33m[WARN] TRADER-001.nautilus_common::cache: Cannot calculate unrealized PnL for P-20240414-063520-001-140731064146904-1, no quotes for BTCUSDT-PERP.BINANCE[0m
[1m2024-04-14T09:22:59.999000000Z[0m [1;33m[WARN] TRADER-001.nautilus_common::cache: Cannot calculate unrealized PnL for P-20240414-063520-001-140731064146904-1, no quotes for BTCUSDT-PERP.BINANCE[0m
[1m2024-04-14T09:23:00.000000000Z[0m [1;33m[WARN] TRADER-001.nautilus_common::cache: Cannot calculate unrealized PnL for P-20240414-063520-001-140731064146904-1, no quotes for BTCUSDT-PERP.BINANCE[0m
[1m2024-04-14T09:23:10.000000000Z[0m [1;33m[WARN] TRADER-001.nautilus_common::cache: Cannot calculate unrealized PnL for P-20240414-063520-001-140731064146904-1, no quotes for BTCUSDT-PERP.BINANCE[0m
[1m2024-04-14T09:23:20.000000000Z[0m [1;33m[WARN] TRADER-001.nautilus_common::cache: Cannot calculate unrealized PnL for P-20240414-063520-001-140731064146904-1, no quotes for BTCUSDT-PERP.BINANCE[0m
[1m2024-04-14T09:23:30.000000000Z[0m [1;33m[WARN] TRADER-001.nautilus_common::cache: Cannot calculate unrealized PnL for P-20240414-063520-001-140731064146904-1, no quotes for BTCUSDT-PERP.BINANCE[0m
[1m2024-04-14T09:23:40.000000000Z[0m [1;33m[WARN] TRADER-001.nautilus_common::cache: Cannot calculate unrealized PnL for P-20240414-063520-001-140731064146904-1, no quotes for BTCUSDT-PERP.BINANCE[0m
[1m2024-04-14T09:23:50.000000000Z[0m [1;33m[WARN] TRADER-001.nautilus_common::cache: Cannot calculate unrealized PnL for P-20240414-063520-001-140731064146904-1, no quotes for BTCUSDT-PERP.BINANCE[0m
[1m2024-04-14T09:23:59.999000000Z[0m [1;33m[WARN] TRADER-001.nautilus_common::cache: Cannot calculate unrealized PnL for P-20240414-063520-001-140731064146904-1, no quotes for BTCUSDT-PERP.BINANCE[0m
[1m2024-04-14T09:24:00.000000000Z[0m [1;33m[WARN] TRADER-001.nautilus_common::cache: Cannot calculate unrealized PnL for P-20240414-063520-001-140731064146904-1, no quotes for BTCUSDT-PERP.BINANCE[0m
[1m2024-04-14T09:24:10.000000000Z[0m [1;33m[WARN] TRADER-001.nautilus_common::cache: Cannot calculate unrealized PnL for P-20240414-063520-001-140731064146904-1, no quotes for BTCUSDT-PERP.BINANCE[0m
[1m2024-04-14T09:24:20.000000000Z[0m [1;33m[WARN] TRADER-001.nautilus_common::cache: Cannot calculate unrealized PnL for P-20240414-063520-001-140731064146904-1, no quotes for BTCUSDT-PERP.BINANCE[0m
[1m2024-04-14T09:24:30.000000000Z[0m [1;33m[WARN] TRADER-001.nautilus_common::cache: Cannot calculate unrealized PnL for P-20240414-063520-001-140731064146904-1, no quotes for BTCUSDT-PERP.BINANCE[0m
[1m2024-04-14T09:24:40.000000000Z[0m [1;33m[WARN] TRADER-001.nautilus_common::cache: Cannot calculate unrealized PnL for P-20240414-063520-001-140731064146904-1, no quotes for BTCUSDT-PERP.BINANCE[0m
[1m2024-04-14T09:24:50.000000000Z[0m [1;33m[WARN] TRADER-001.nautilus_common::cache: Cannot calculate unrealized PnL for P-20240414-063520-001-140731064146904-1, no quotes for BTCUSDT-PERP.BINANCE[0m
[1m2024-04-14T09:24:59.999000000Z[0m [1;33m[WARN] TRADER-001.nautilus_common::cache: Cannot calculate unrealized PnL for P-20240414-063520-001-140731064146904-1, no quotes for BTCUSDT-PERP.BINANCE[0m
[1m2024-04-14T09:25:00.000000000Z[0m [1;33m[WARN] TRADER-001.nautilus_common::cache: Cannot calculate unrealized PnL for P-20240414-063520-001-140731064146904-1, no quotes for BTCUSDT-PERP.BINANCE[0m
[1m2024-04-14T09:25:10.000000000Z[0m [1;33m[WARN] TRADER-001.nautilus_common::cache: Cannot calculate unrealized PnL for P-20240414-063520-001-140731064146904-1, no quotes for BTCUSDT-PERP.BINANCE[0m
[1m2024-04-14T09:25:20.000000000Z[0m [1;33m[WARN] TRADER-001.nautilus_common::cache: Cannot calculate unrealized PnL for P-20240414-063520-001-140731064146904-1, no quotes for BTCUSDT-PERP.BINANCE[0m
[1m2024-04-14T09:25:30.000000000Z[0m [1;33m[WARN] TRADER-001.nautilus_common::cache: Cannot calculate unrealized PnL for P-20240414-063520-001-140731064146904-1, no quotes for BTCUSDT-PERP.BINANCE[0m
[1m2024-04-14T09:25:40.000000000Z[0m [1;33m[WARN] TRADER-001.nautilus_common::cache: Cannot calculate unrealized PnL for P-20240414-063520-001-140731064146904-1, no quotes for BTCUSDT-PERP.BINANCE[0m
[1m2024-04-14T09:25:50.000000000Z[0m [1;33m[WARN] TRADER-001.nautilus_common::cache: Cannot calculate unrealized PnL for P-20240414-063520-001-140731064146904-1, no quotes for BTCUSDT-PERP.BINANCE[0m
[1m2024-04-14T09:25:59.999000000Z[0m [1;33m[WARN] TRADER-001.nautilus_common::cache: Cannot calculate unrealized PnL for P-20240414-063520-001-140731064146904-1, no quotes for BTCUSDT-PERP.BINANCE[0m
[1m2024-04-14T09:26:00.000000000Z[0m [1;33m[WARN] TRADER-001.nautilus_common::cache: Cannot calculate unrealized PnL for P-20240414-063520-001-140731064146904-1, no quotes for BTCUSDT-PERP.BINANCE[0m
[1m2024-04-14T09:26:10.000000000Z[0m [1;33m[WARN] TRADER-001.nautilus_common::cache: Cannot calculate unrealized PnL for P-20240414-063520-001-140731064146904-1, no quotes for BTCUSDT-PERP.BINANCE[0m
[1m2024-04-14T09:26:20.000000000Z[0m [1;33m[WARN] TRADER-001.nautilus_common::cache: Cannot calculate unrealized PnL for P-20240414-063520-001-140731064146904-1, no quotes for BTCUSDT-PERP.BINANCE[0m
[1m2024-04-14T09:26:30.000000000Z[0m [1;33m[WARN] TRADER-001.nautilus_common::cache: Cannot calculate unrealized PnL for P-20240414-063520-001-140731064146904-1, no quotes for BTCUSDT-PERP.BINANCE[0m
[1m2024-04-14T09:26:40.000000000Z[0m [1;33m[WARN] TRADER-001.nautilus_common::cache: Cannot calculate unrealized PnL for P-20240414-063520-001-140731064146904-1, no quotes for BTCUSDT-PERP.BINANCE[0m
[1m2024-04-14T09:26:50.000000000Z[0m [1;33m[WARN] TRADER-001.nautilus_common::cache: Cannot calculate unrealized PnL for P-20240414-063520-001-140731064146904-1, no quotes for BTCUSDT-PERP.BINANCE[0m
[1m2024-04-14T09:26:59.999000000Z[0m [1;33m[WARN] TRADER-001.nautilus_common::cache: Cannot calculate unrealized PnL for P-20240414-063520-001-140731064146904-1, no quotes for BTCUSDT-PERP.BINANCE[0m
[1m2024-04-14T09:27:00.000000000Z[0m [1;33m[WARN] TRADER-001.nautilus_common::cache: Cannot calculate unrealized PnL for P-20240414-063520-001-140731064146904-1, no quotes for BTCUSDT-PERP.BINANCE[0m
[1m2024-04-14T09:27:10.000000000Z[0m [1;33m[WARN] TRADER-001.nautilus_common::cache: Cannot calculate unrealized PnL for P-20240414-063520-001-140731064146904-1, no quotes for BTCUSDT-PERP.BINANCE[0m
[1m2024-04-14T09:27:20.000000000Z[0m [1;33m[WARN] TRADER-001.nautilus_common::cache: Cannot calculate unrealized PnL for P-20240414-063520-001-140731064146904-1, no quotes for BTCUSDT-PERP.BINANCE[0m
[1m2024-04-14T09:27:30.000000000Z[0m [1;33m[WARN] TRADER-001.nautilus_common::cache: Cannot calculate unrealized PnL for P-20240414-063520-001-140731064146904-1, no quotes for BTCUSDT-PERP.BINANCE[0m
[1m2024-04-14T09:27:40.000000000Z[0m [1;33m[WARN] TRADER-001.nautilus_common::cache: Cannot calculate unrealized PnL for P-20240414-063520-001-140731064146904-1, no quotes for BTCUSDT-PERP.BINANCE[0m
[1m2024-04-14T09:27:50.000000000Z[0m [1;33m[WARN] TRADER-001.nautilus_common::cache: Cannot calculate unrealized PnL for P-20240414-063520-001-140731064146904-1, no quotes for BTCUSDT-PERP.BINANCE[0m
[1m2024-04-14T09:27:59.999000000Z[0m [1;33m[WARN] TRADER-001.nautilus_common::cache: Cannot calculate unrealized PnL for P-20240414-063520-001-140731064146904-1, no quotes for BTCUSDT-PERP.BINANCE[0m
[1m2024-04-14T09:28:00.000000000Z[0m [1;33m[WARN] TRADER-001.nautilus_common::cache: Cannot calculate unrealized PnL for P-20240414-063520-001-140731064146904-1, no quotes for BTCUSDT-PERP.BINANCE[0m
[1m2024-04-14T09:28:10.000000000Z[0m [1;33m[WARN] TRADER-001.nautilus_common::cache: Cannot calculate unrealized PnL for P-20240414-063520-001-140731064146904-1, no quotes for BTCUSDT-PERP.BINANCE[0m
[1m2024-04-14T09:28:20.000000000Z[0m [1;33m[WARN] TRADER-001.nautilus_common::cache: Cannot calculate unrealized PnL for P-20240414-063520-001-140731064146904-1, no quotes for BTCUSDT-PERP.BINANCE[0m
[1m2024-04-14T09:28:30.000000000Z[0m [1;33m[WARN] TRADER-001.nautilus_common::cache: Cannot calculate unrealized PnL for P-20240414-063520-001-140731064146904-1, no quotes for BTCUSDT-PERP.BINANCE[0m
[1m2024-04-14T09:28:40.000000000Z[0m [1;33m[WARN] TRADER-001.nautilus_common::cache: Cannot calculate unrealized PnL for P-20240414-063520-001-140731064146904-1, no quotes for BTCUSDT-PERP.BINANCE[0m
[1m2024-04-14T09:28:50.000000000Z[0m [1;33m[WARN] TRADER-001.nautilus_common::cache: Cannot calculate unrealized PnL for P-20240414-063520-001-140731064146904-1, no quotes for BTCUSDT-PERP.BINANCE[0m
[1m2024-04-14T09:28:59.999000000Z[0m [1;33m[WARN] TRADER-001.nautilus_common::cache: Cannot calculate unrealized PnL for P-20240414-063520-001-140731064146904-1, no quotes for BTCUSDT-PERP.BINANCE[0m
[1m2024-04-14T09:29:00.000000000Z[0m [1;33m[WARN] TRADER-001.nautilus_common::cache: Cannot calculate unrealized PnL for P-20240414-063520-001-140731064146904-1, no quotes for BTCUSDT-PERP.BINANCE[0m
[1m2024-04-14T09:29:10.000000000Z[0m [1;33m[WARN] TRADER-001.nautilus_common::cache: Cannot calculate unrealized PnL for P-20240414-063520-001-140731064146904-1, no quotes for BTCUSDT-PERP.BINANCE[0m
[1m2024-04-14T09:29:20.000000000Z[0m [1;33m[WARN] TRADER-001.nautilus_common::cache: Cannot calculate unrealized PnL for P-20240414-063520-001-140731064146904-1, no quotes for BTCUSDT-PERP.BINANCE[0m
[1m2024-04-14T09:29:30.000000000Z[0m [1;33m[WARN] TRADER-001.nautilus_common::cache: Cannot calculate unrealized PnL for P-20240414-063520-001-140731064146904-1, no quotes for BTCUSDT-PERP.BINANCE[0m
[1m2024-04-14T09:29:40.000000000Z[0m [1;33m[WARN] TRADER-001.nautilus_common::cache: Cannot calculate unrealized PnL for P-20240414-063520-001-140731064146904-1, no quotes for BTCUSDT-PERP.BINANCE[0m
[1m2024-04-14T09:29:50.000000000Z[0m [1;33m[WARN] TRADER-001.nautilus_common::cache: Cannot calculate unrealized PnL for P-20240414-063520-001-140731064146904-1, no quotes for BTCUSDT-PERP.BINANCE[0m
[1m2024-04-14T09:29:59.999000000Z[0m [1;33m[WARN] TRADER-001.nautilus_common::cache: Cannot calculate unrealized PnL for P-20240414-063520-001-140731064146904-1, no quotes for BTCUSDT-PERP.BINANCE[0m
[1m2024-04-14T09:30:00.000000000Z[0m [1;33m[WARN] TRADER-001.nautilus_common::cache: Cannot calculate unrealized PnL for P-20240414-063520-001-140731064146904-1, no quotes for BTCUSDT-PERP.BINANCE[0m
[1m2024-04-14T09:30:10.000000000Z[0m [1;33m[WARN] TRADER-001.nautilus_common::cache: Cannot calculate unrealized PnL for P-20240414-063520-001-140731064146904-1, no quotes for BTCUSDT-PERP.BINANCE[0m
[1m2024-04-14T09:30:20.000000000Z[0m [1;33m[WARN] TRADER-001.nautilus_common::cache: Cannot calculate unrealized PnL for P-20240414-063520-001-140731064146904-1, no quotes for BTCUSDT-PERP.BINANCE[0m
[1m2024-04-14T09:30:30.000000000Z[0m [1;33m[WARN] TRADER-001.nautilus_common::cache: Cannot calculate unrealized PnL for P-20240414-063520-001-140731064146904-1, no quotes for BTCUSDT-PERP.BINANCE[0m
[1m2024-04-14T09:30:40.000000000Z[0m [1;33m[WARN] TRADER-001.nautilus_common::cache: Cannot calculate unrealized PnL for P-20240414-063520-001-140731064146904-1, no quotes for BTCUSDT-PERP.BINANCE[0m
[1m2024-04-14T09:30:50.000000000Z[0m [1;33m[WARN] TRADER-001.nautilus_common::cache: Cannot calculate unrealized PnL for P-20240414-063520-001-140731064146904-1, no quotes for BTCUSDT-PERP.BINANCE[0m
[1m2024-04-14T09:30:59.999000000Z[0m [1;33m[WARN] TRADER-001.nautilus_common::cache: Cannot calculate unrealized PnL for P-20240414-063520-001-140731064146904-1, no quotes for BTCUSDT-PERP.BINANCE[0m
[1m2024-04-14T09:31:00.000000000Z[0m [1;33m[WARN] TRADER-001.nautilus_common::cache: Cannot calculate unrealized PnL for P-20240414-063520-001-140731064146904-1, no quotes for BTCUSDT-PERP.BINANCE[0m
[1m2024-04-14T09:31:10.000000000Z[0m [1;33m[WARN] TRADER-001.nautilus_common::cache: Cannot calculate unrealized PnL for P-20240414-063520-001-140731064146904-1, no quotes for BTCUSDT-PERP.BINANCE[0m
[1m2024-04-14T09:31:20.000000000Z[0m [1;33m[WARN] TRADER-001.nautilus_common::cache: Cannot calculate unrealized PnL for P-20240414-063520-001-140731064146904-1, no quotes for BTCUSDT-PERP.BINANCE[0m
[1m2024-04-14T09:31:30.000000000Z[0m [1;33m[WARN] TRADER-001.nautilus_common::cache: Cannot calculate unrealized PnL for P-20240414-063520-001-140731064146904-1, no quotes for BTCUSDT-PERP.BINANCE[0m
[1m2024-04-14T09:31:40.000000000Z[0m [1;33m[WARN] TRADER-001.nautilus_common::cache: Cannot calculate unrealized PnL for P-20240414-063520-001-140731064146904-1, no quotes for BTCUSDT-PERP.BINANCE[0m
[1m2024-04-14T09:31:50.000000000Z[0m [1;33m[WARN] TRADER-001.nautilus_common::cache: Cannot calculate unrealized PnL for P-20240414-063520-001-140731064146904-1, no quotes for BTCUSDT-PERP.BINANCE[0m
[1m2024-04-14T09:31:59.999000000Z[0m [1;33m[WARN] TRADER-001.nautilus_common::cache: Cannot calculate unrealized PnL for P-20240414-063520-001-140731064146904-1, no quotes for BTCUSDT-PERP.BINANCE[0m
[1m2024-04-14T09:32:00.000000000Z[0m [1;33m[WARN] TRADER-001.nautilus_common::cache: Cannot calculate unrealized PnL for P-20240414-063520-001-140731064146904-1, no quotes for BTCUSDT-PERP.BINANCE[0m
[1m2024-04-14T09:32:10.000000000Z[0m [1;33m[WARN] TRADER-001.nautilus_common::cache: Cannot calculate unrealized PnL for P-20240414-063520-001-140731064146904-1, no quotes for BTCUSDT-PERP.BINANCE[0m
[1m2024-04-14T09:32:20.000000000Z[0m [1;33m[WARN] TRADER-001.nautilus_common::cache: Cannot calculate unrealized PnL for P-20240414-063520-001-140731064146904-1, no quotes for BTCUSDT-PERP.BINANCE[0m
[1m2024-04-14T09:32:30.000000000Z[0m [1;33m[WARN] TRADER-001.nautilus_common::cache: Cannot calculate unrealized PnL for P-20240414-063520-001-140731064146904-1, no quotes for BTCUSDT-PERP.BINANCE[0m
[1m2024-04-14T09:32:40.000000000Z[0m [1;33m[WARN] TRADER-001.nautilus_common::cache: Cannot calculate unrealized PnL for P-20240414-063520-001-140731064146904-1, no quotes for BTCUSDT-PERP.BINANCE[0m
[1m2024-04-14T09:32:50.000000000Z[0m [1;33m[WARN] TRADER-001.nautilus_common::cache: Cannot calculate unrealized PnL for P-20240414-063520-001-140731064146904-1, no quotes for BTCUSDT-PERP.BINANCE[0m
[1m2024-04-14T09:32:59.999000000Z[0m [1;33m[WARN] TRADER-001.nautilus_common::cache: Cannot calculate unrealized PnL for P-20240414-063520-001-140731064146904-1, no quotes for BTCUSDT-PERP.BINANCE[0m
[1m2024-04-14T09:33:00.000000000Z[0m [1;33m[WARN] TRADER-001.nautilus_common::cache: Cannot calculate unrealized PnL for P-20240414-063520-001-140731064146904-1, no quotes for BTCUSDT-PERP.BINANCE[0m
[1m2024-04-14T09:33:10.000000000Z[0m [1;33m[WARN] TRADER-001.nautilus_common::cache: Cannot calculate unrealized PnL for P-20240414-063520-001-140731064146904-1, no quotes for BTCUSDT-PERP.BINANCE[0m
[1m2024-04-14T09:33:20.000000000Z[0m [1;33m[WARN] TRADER-001.nautilus_common::cache: Cannot calculate unrealized PnL for P-20240414-063520-001-140731064146904-1, no quotes for BTCUSDT-PERP.BINANCE[0m
[1m2024-04-14T09:33:30.000000000Z[0m [1;33m[WARN] TRADER-001.nautilus_common::cache: Cannot calculate unrealized PnL for P-20240414-063520-001-140731064146904-1, no quotes for BTCUSDT-PERP.BINANCE[0m
[1m2024-04-14T09:33:40.000000000Z[0m [1;33m[WARN] TRADER-001.nautilus_common::cache: Cannot calculate unrealized PnL for P-20240414-063520-001-140731064146904-1, no quotes for BTCUSDT-PERP.BINANCE[0m
[1m2024-04-14T09:33:50.000000000Z[0m [1;33m[WARN] TRADER-001.nautilus_common::cache: Cannot calculate unrealized PnL for P-20240414-063520-001-140731064146904-1, no quotes for BTCUSDT-PERP.BINANCE[0m
[1m2024-04-14T09:33:59.999000000Z[0m [1;33m[WARN] TRADER-001.nautilus_common::cache: Cannot calculate unrealized PnL for P-20240414-063520-001-140731064146904-1, no quotes for BTCUSDT-PERP.BINANCE[0m
[1m2024-04-14T09:34:00.000000000Z[0m [1;33m[WARN] TRADER-001.nautilus_common::cache: Cannot calculate unrealized PnL for P-20240414-063520-001-140731064146904-1, no quotes for BTCUSDT-PERP.BINANCE[0m
[1m2024-04-14T09:34:10.000000000Z[0m [1;33m[WARN] TRADER-001.nautilus_common::cache: Cannot calculate unrealized PnL for P-20240414-063520-001-140731064146904-1, no quotes for BTCUSDT-PERP.BINANCE[0m
[1m2024-04-14T09:34:20.000000000Z[0m [1;33m[WARN] TRADER-001.nautilus_common::cache: Cannot calculate unrealized PnL for P-20240414-063520-001-140731064146904-1, no quotes for BTCUSDT-PERP.BINANCE[0m
[1m2024-04-14T09:34:30.000000000Z[0m [1;33m[WARN] TRADER-001.nautilus_common::cache: Cannot calculate unrealized PnL for P-20240414-063520-001-140731064146904-1, no quotes for BTCUSDT-PERP.BINANCE[0m
[1m2024-04-14T09:34:40.000000000Z[0m [1;33m[WARN] TRADER-001.nautilus_common::cache: Cannot calculate unrealized PnL for P-20240414-063520-001-140731064146904-1, no quotes for BTCUSDT-PERP.BINANCE[0m
[1m2024-04-14T09:34:50.000000000Z[0m [1;33m[WARN] TRADER-001.nautilus_common::cache: Cannot calculate unrealized PnL for P-20240414-063520-001-140731064146904-1, no quotes for BTCUSDT-PERP.BINANCE[0m
[1m2024-04-14T09:34:59.999000000Z[0m [1;33m[WARN] TRADER-001.nautilus_common::cache: Cannot calculate unrealized PnL for P-20240414-063520-001-140731064146904-1, no quotes for BTCUSDT-PERP.BINANCE[0m
[1m2024-04-14T09:35:00.000000000Z[0m [1;33m[WARN] TRADER-001.nautilus_common::cache: Cannot calculate unrealized PnL for P-20240414-063520-001-140731064146904-1, no quotes for BTCUSDT-PERP.BINANCE[0m
[1m2024-04-14T09:35:10.000000000Z[0m [1;33m[WARN] TRADER-001.nautilus_common::cache: Cannot calculate unrealized PnL for P-20240414-063520-001-140731064146904-1, no quotes for BTCUSDT-PERP.BINANCE[0m
[1m2024-04-14T09:35:20.000000000Z[0m [1;33m[WARN] TRADER-001.nautilus_common::cache: Cannot calculate unrealized PnL for P-20240414-063520-001-140731064146904-1, no quotes for BTCUSDT-PERP.BINANCE[0m
[1m2024-04-14T09:35:30.000000000Z[0m [1;33m[WARN] TRADER-001.nautilus_common::cache: Cannot calculate unrealized PnL for P-20240414-063520-001-140731064146904-1, no quotes for BTCUSDT-PERP.BINANCE[0m
[1m2024-04-14T09:35:40.000000000Z[0m [1;33m[WARN] TRADER-001.nautilus_common::cache: Cannot calculate unrealized PnL for P-20240414-063520-001-140731064146904-1, no quotes for BTCUSDT-PERP.BINANCE[0m
[1m2024-04-14T09:35:50.000000000Z[0m [1;33m[WARN] TRADER-001.nautilus_common::cache: Cannot calculate unrealized PnL for P-20240414-063520-001-140731064146904-1, no quotes for BTCUSDT-PERP.BINANCE[0m
[1m2024-04-14T09:35:59.999000000Z[0m [1;33m[WARN] TRADER-001.nautilus_common::cache: Cannot calculate unrealized PnL for P-20240414-063520-001-140731064146904-1, no quotes for BTCUSDT-PERP.BINANCE[0m
[1m2024-04-14T09:36:00.000000000Z[0m [1;33m[WARN] TRADER-001.nautilus_common::cache: Cannot calculate unrealized PnL for P-20240414-063520-001-140731064146904-1, no quotes for BTCUSDT-PERP.BINANCE[0m
[1m2024-04-14T09:36:10.000000000Z[0m [1;33m[WARN] TRADER-001.nautilus_common::cache: Cannot calculate unrealized PnL for P-20240414-063520-001-140731064146904-1, no quotes for BTCUSDT-PERP.BINANCE[0m
[1m2024-04-14T09:36:20.000000000Z[0m [1;33m[WARN] TRADER-001.nautilus_common::cache: Cannot calculate unrealized PnL for P-20240414-063520-001-140731064146904-1, no quotes for BTCUSDT-PERP.BINANCE[0m
[1m2024-04-14T09:36:30.000000000Z[0m [1;33m[WARN] TRADER-001.nautilus_common::cache: Cannot calculate unrealized PnL for P-20240414-063520-001-140731064146904-1, no quotes for BTCUSDT-PERP.BINANCE[0m
[1m2024-04-14T09:36:40.000000000Z[0m [1;33m[WARN] TRADER-001.nautilus_common::cache: Cannot calculate unrealized PnL for P-20240414-063520-001-140731064146904-1, no quotes for BTCUSDT-PERP.BINANCE[0m
[1m2024-04-14T09:36:50.000000000Z[0m [1;33m[WARN] TRADER-001.nautilus_common::cache: Cannot calculate unrealized PnL for P-20240414-063520-001-140731064146904-1, no quotes for BTCUSDT-PERP.BINANCE[0m
[1m2024-04-14T09:36:59.999000000Z[0m [1;33m[WARN] TRADER-001.nautilus_common::cache: Cannot calculate unrealized PnL for P-20240414-063520-001-140731064146904-1, no quotes for BTCUSDT-PERP.BINANCE[0m
[1m2024-04-14T09:37:00.000000000Z[0m [1;33m[WARN] TRADER-001.nautilus_common::cache: Cannot calculate unrealized PnL for P-20240414-063520-001-140731064146904-1, no quotes for BTCUSDT-PERP.BINANCE[0m
[1m2024-04-14T09:37:10.000000000Z[0m [1;33m[WARN] TRADER-001.nautilus_common::cache: Cannot calculate unrealized PnL for P-20240414-063520-001-140731064146904-1, no quotes for BTCUSDT-PERP.BINANCE[0m
[1m2024-04-14T09:37:20.000000000Z[0m [1;33m[WARN] TRADER-001.nautilus_common::cache: Cannot calculate unrealized PnL for P-20240414-063520-001-140731064146904-1, no quotes for BTCUSDT-PERP.BINANCE[0m
[1m2024-04-14T09:37:30.000000000Z[0m [1;33m[WARN] TRADER-001.nautilus_common::cache: Cannot calculate unrealized PnL for P-20240414-063520-001-140731064146904-1, no quotes for BTCUSDT-PERP.BINANCE[0m
[1m2024-04-14T09:37:40.000000000Z[0m [1;33m[WARN] TRADER-001.nautilus_common::cache: Cannot calculate unrealized PnL for P-20240414-063520-001-140731064146904-1, no quotes for BTCUSDT-PERP.BINANCE[0m
[1m2024-04-14T09:37:50.000000000Z[0m [1;33m[WARN] TRADER-001.nautilus_common::cache: Cannot calculate unrealized PnL for P-20240414-063520-001-140731064146904-1, no quotes for BTCUSDT-PERP.BINANCE[0m
[1m2024-04-14T09:37:59.999000000Z[0m [1;33m[WARN] TRADER-001.nautilus_common::cache: Cannot calculate unrealized PnL for P-20240414-063520-001-140731064146904-1, no quotes for BTCUSDT-PERP.BINANCE[0m
[1m2024-04-14T09:38:00.000000000Z[0m [1;33m[WARN] TRADER-001.nautilus_common::cache: Cannot calculate unrealized PnL for P-20240414-063520-001-140731064146904-1, no quotes for BTCUSDT-PERP.BINANCE[0m
[1m2024-04-14T09:38:10.000000000Z[0m [1;33m[WARN] TRADER-001.nautilus_common::cache: Cannot calculate unrealized PnL for P-20240414-063520-001-140731064146904-1, no quotes for BTCUSDT-PERP.BINANCE[0m
[1m2024-04-14T09:38:20.000000000Z[0m [1;33m[WARN] TRADER-001.nautilus_common::cache: Cannot calculate unrealized PnL for P-20240414-063520-001-140731064146904-1, no quotes for BTCUSDT-PERP.BINANCE[0m
[1m2024-04-14T09:38:30.000000000Z[0m [INFO] TRADER-001.nautilus_portfolio::manager: BTCUSDT-PERP.BINANCE margin_init=0.00000000 USDT[0m
[1m2024-04-14T09:38:30.000000000Z[0m [INFO] TRADER-001.nautilus_trading::strategy: DataActor-140731064146904 <--[EVT] OrderFilled(instrument_id=BTCUSDT-PERP.BINANCE, client_order_id=O-20240414-063520-001-140731064146904-2, venue_order_id=BINANCE-1-2, account_id=BINANCE-001, trade_id=T-398b74be80dc3553-157873, position_id=P-20240414-063520-001-140731064146904-1, order_side=SELL, order_type=STOP_MARKET, last_qty=4.014, last_px=64_059.8 USDT, commission=154.28162232 USDT, liquidity_side=TAKER, ts_event=1713087510000000000)[0m
[1m2024-04-14T09:38:30.000000000Z[0m [INFO] TRADER-001.nautilus_portfolio::portfolio: BTCUSDT-PERP.BINANCE net_position=0[0m
[1m2024-04-14T09:38:30.000000000Z[0m [INFO] TRADER-001.nautilus_portfolio::manager: BTCUSDT-PERP.BINANCE margin_maint=0.00000000 USDT[0m
[1m2024-04-14T09:38:30.000000000Z[0m [INFO] TRADER-001.nautilus_portfolio::portfolio: Updated AccountState(account_id=BINANCE-001, account_type=MARGIN, base_currency=USDT, is_reported=false, balances=[AccountBalance(total=97191.85834396 USDT, locked=0.00000000 USDT, free=97191.85834396 USDT)], margins=[], event_id=1d5b348e-648c-437c-86be-08b3962dc538)[0m
[1m2024-04-14T09:38:30.000000000Z[0m [INFO] TRADER-001.nautilus_trading::strategy: DataActor-140731064146904 <--[EVT] PositionClosed(PositionClosed { trader_id: "TRADER-001", strategy_id: "DataActor-140731064146904", instrument_id: "BTCUSDT-PERP.BINANCE", position_id: "P-20240414-063520-001-140731064146904-1", account_id: "BINANCE-001", opening_order_id: "O-20240414-063520-001-140731064146904-1", closing_order_id: Some("O-20240414-063520-001-140731064146904-2"), entry: Buy, side: Flat, signed_qty: 0.0, quantity: Quantity(0.000), peak_quantity: Quantity(4.014), last_qty: Quantity(4.014), last_px: Price(64059.8), currency: Currency(code='USDT', precision=8, iso4217=0, name='Tether', currency_type=CRYPTO), avg_px_open: 64675.7, avg_px_close: Some(64059.80000000001), realized_return: -0.009522896543833108, realized_pnl: Some(Money(-2808.14165604, USDT)), unrealized_pnl: Money(0.00000000, USDT), duration: 10990000000000, event_id: UUID4(df92cb2b-a0b3-4c75-8967-b531113a2cd0), ts_opened: UnixNanos(1713076520000000000), ts_closed: Some(UnixNanos(1713087510000000000)), ts_event: UnixNanos(1713087510000000000), ts_init: UnixNanos(1713087510000000000) })[0m
[1m2024-04-14T09:38:30.000000000Z[0m [INFO] TRADER-001.nautilus_portfolio::manager: BTCUSDT-PERP.BINANCE margin_init=0.00000000 USDT[0m
[1m2024-04-14T09:38:30.000000000Z[0m [INFO] TRADER-001.nautilus_portfolio::portfolio: Updated AccountState(account_id=BINANCE-001, account_type=MARGIN, base_currency=USDT, is_reported=false, balances=[AccountBalance(total=97191.85834396 USDT, locked=0.00000000 USDT, free=97191.85834396 USDT)], margins=[], event_id=b458ce3e-eaf7-4692-82b8-1ed6614237ca)[0m
[1m2024-04-14T09:38:30.000000000Z[0m [INFO] TRADER-001.nautilus_trading::strategy: DataActor-140731064146904 <--[EVT] OrderCanceled(instrument_id=BTCUSDT-PERP.BINANCE, client_order_id=O-20240414-063520-001-140731064146904-3, venue_order_id=BINANCE-1-3, account_id=BINANCE-001, ts_event=1713087510000000000)[0m
[1m2024-04-15T04:01:00.000000000Z[0m [INFO] TRADER-001.nautilus_system::kernel: Stopping trader...[0m
[1m2024-04-15T04:01:00.000000000Z[0m [INFO] TRADER-001.nautilus_system::trader: Stopping[0m
[1m2024-04-15T04:01:00.000000000Z[0m [INFO] TRADER-001.DataActor-140731064146904: Stopping[0m
[1m2024-04-15T04:01:00.000000000Z[0m [INFO] TRADER-001.nautilus_trading::strategy: No BTCUSDT-PERP.BINANCE open, emulated, or inflight orders to cancel[0m
[1m2024-04-15T04:01:00.000000000Z[0m [INFO] TRADER-001.DataActor-140731064146904: Stopped[0m
[1m2024-04-15T04:01:00.000000000Z[0m [INFO] TRADER-001.nautilus_system::trader: Stopped[0m
[1m2024-04-15T04:01:00.000000000Z[0m [INFO] TRADER-001.nautilus_risk::engine: Stopped[0m
[1m2024-04-15T04:01:00.000000000Z[0m [INFO] TRADER-001.nautilus_backtest::execution_client: Backtest execution client stopped[0m
[1m2024-04-15T04:01:00.000000000Z[0m [INFO] TRADER-001.nautilus_execution::engine: Stopped[0m
[1m2026-08-07T04:37:04.997213427Z[0m [36m[INFO] TRADER-001.nautilus_backtest::engine: =================================================================[0m
[1m2026-08-07T04:37:04.997220497Z[0m [36m[INFO] TRADER-001.nautilus_backtest::engine:  BACKTEST POST-RUN[0m
[1m2026-08-07T04:37:04.997221038Z[0m [36m[INFO] TRADER-001.nautilus_backtest::engine: =================================================================[0m
[1m2026-08-07T04:37:04.997221278Z[0m [INFO] TRADER-001.nautilus_backtest::engine: Run config ID:  None[0m
[1m2026-08-07T04:37:04.997222130Z[0m [INFO] TRADER-001.nautilus_backtest::engine: Run ID:         db57197f-4683-4a60-8d23-a875a18637da[0m
[1m2026-08-07T04:37:04.997224163Z[0m [INFO] TRADER-001.nautilus_backtest::engine: Run started:    2026-08-07T04:37:04.570573529Z[0m
[1m2026-08-07T04:37:04.997225194Z[0m [INFO] TRADER-001.nautilus_backtest::engine: Run finished:   2026-08-07T04:37:04.997198754Z[0m
[1m2026-08-07T04:37:04.997226116Z[0m [INFO] TRADER-001.nautilus_backtest::engine: Elapsed time:   0 days 00:00:00.426625[0m
[1m2026-08-07T04:37:04.997226887Z[0m [INFO] TRADER-001.nautilus_backtest::engine: Backtest start: 2024-04-07T23:25:10.000000000Z[0m
[1m2026-08-07T04:37:04.997227287Z[0m [INFO] TRADER-001.nautilus_backtest::engine: Backtest end:   2024-04-15T04:01:00.000000000Z[0m
[1m2026-08-07T04:37:04.997227918Z[0m [INFO] TRADER-001.nautilus_backtest::engine: Backtest range: 7 days 04:35:50.000000[0m
[1m2026-08-07T04:37:04.997228369Z[0m [INFO] TRADER-001.nautilus_backtest::engine: Iterations: 72_514[0m
[1m2026-08-07T04:37:04.997228810Z[0m [INFO] TRADER-001.nautilus_backtest::engine: Total events: 8[0m
[1m2026-08-07T04:37:04.997229621Z[0m [INFO] TRADER-001.nautilus_backtest::engine: Total orders: 3[0m
[1m2026-08-07T04:37:04.997230192Z[0m [INFO] TRADER-001.nautilus_backtest::engine: Total positions: 1[0m
[1m2026-08-07T04:37:04.997257032Z[0m [36m[INFO] TRADER-001.nautilus_backtest::engine: =================================================================[0m
[1m2026-08-07T04:37:04.997262851Z[0m [36m[INFO] TRADER-001.nautilus_backtest::engine:  PORTFOLIO PERFORMANCE[0m
[1m2026-08-07T04:37:04.997263251Z[0m [36m[INFO] TRADER-001.nautilus_backtest::engine: =================================================================[0m
[1m2026-08-07T04:37:04.997263882Z[0m [INFO] TRADER-001.nautilus_backtest::engine:  PnL Statistics (USDT)[0m
[1m2026-08-07T04:37:04.997264403Z[0m [36m[INFO] TRADER-001.nautilus_backtest::engine: -----------------------------------------------------------------[0m
[1m2026-08-07T04:37:04.997306907Z[0m [INFO] TRADER-001.nautilus_backtest::engine: Avg Loser:                      -2808.14[0m
[1m2026-08-07T04:37:04.997307338Z[0m [INFO] TRADER-001.nautilus_backtest::engine: Avg Winner:                     NaN[0m
[1m2026-08-07T04:37:04.997307498Z[0m [INFO] TRADER-001.nautilus_backtest::engine: Expectancy:                     -2808.14[0m
[1m2026-08-07T04:37:04.997307658Z[0m [INFO] TRADER-001.nautilus_backtest::engine: Max Loser:                      -2808.14[0m
[1m2026-08-07T04:37:04.997307809Z[0m [INFO] TRADER-001.nautilus_backtest::engine: Max Winner:                     NaN[0m
[1m2026-08-07T04:37:04.997307949Z[0m [INFO] TRADER-001.nautilus_backtest::engine: Min Loser:                      -2808.14[0m
[1m2026-08-07T04:37:04.997308119Z[0m [INFO] TRADER-001.nautilus_backtest::engine: Min Winner:                     NaN[0m
[1m2026-08-07T04:37:04.997308269Z[0m [INFO] TRADER-001.nautilus_backtest::engine: PnL (total):                    -2808.14[0m
[1m2026-08-07T04:37:04.997308490Z[0m [INFO] TRADER-001.nautilus_backtest::engine: PnL% (total):                   -2.81[0m
[1m2026-08-07T04:37:04.997308730Z[0m [INFO] TRADER-001.nautilus_backtest::engine: Win Rate:                       0.00[0m
[1m2026-08-07T04:37:04.997309131Z[0m [36m[INFO] TRADER-001.nautilus_backtest::engine: -----------------------------------------------------------------[0m
[1m2026-08-07T04:37:04.997309341Z[0m [INFO] TRADER-001.nautilus_backtest::engine:  Returns Statistics[0m
[1m2026-08-07T04:37:04.997309501Z[0m [36m[INFO] TRADER-001.nautilus_backtest::engine: -----------------------------------------------------------------[0m
[1m2026-08-07T04:37:04.997320057Z[0m [INFO] TRADER-001.nautilus_backtest::engine: Average (Return):               -0.01[0m
[1m2026-08-07T04:37:04.997320257Z[0m [INFO] TRADER-001.nautilus_backtest::engine: Average Loss (Return):          -0.01[0m
[1m2026-08-07T04:37:04.997320438Z[0m [INFO] TRADER-001.nautilus_backtest::engine: Average Win (Return):           NaN[0m
[1m2026-08-07T04:37:04.997321429Z[0m [INFO] TRADER-001.nautilus_backtest::engine: Profit Factor:                  0.00[0m
[1m2026-08-07T04:37:04.997321599Z[0m [INFO] TRADER-001.nautilus_backtest::engine: Returns Volatility (252 days):  NaN[0m
[1m2026-08-07T04:37:04.997321770Z[0m [INFO] TRADER-001.nautilus_backtest::engine: Risk Return Ratio:              NaN[0m
[1m2026-08-07T04:37:04.997321940Z[0m [INFO] TRADER-001.nautilus_backtest::engine: Sharpe Ratio (252 days):        NaN[0m
[1m2026-08-07T04:37:04.997322240Z[0m [INFO] TRADER-001.nautilus_backtest::engine: Sortino Ratio (252 days):       -15.87[0m
[1m2026-08-07T04:37:04.997322751Z[0m [36m[INFO] TRADER-001.nautilus_backtest::engine: -----------------------------------------------------------------[0m
[1m2026-08-07T04:37:04.997323162Z[0m [INFO] TRADER-001.nautilus_backtest::engine:  General Statistics[0m
[1m2026-08-07T04:37:04.997323352Z[0m [36m[INFO] TRADER-001.nautilus_backtest::engine: -----------------------------------------------------------------[0m
[1m2026-08-07T04:37:04.997326447Z[0m [INFO] TRADER-001.nautilus_backtest::engine: Long Ratio:                     1[0m
[1m2026-08-07T04:37:04.997326797Z[0m [36m[INFO] TRADER-001.nautilus_backtest::engine: -----------------------------------------------------------------[0m
[1m2026-08-07T04:37:05.147153185Z[0m [INFO] TRADER-001.nautilus_system::kernel: Disposing[0m
[1m2026-08-07T04:37:05.147173285Z[0m [INFO] TRADER-001.nautilus_system::trader: Disposing[0m
[1m2026-08-07T04:37:05.147176790Z[0m [INFO] TRADER-001.DataActor-140731064146904: Disposing[0m
[1m2026-08-07T04:37:05.147183741Z[0m [INFO] TRADER-001.DataActor-140731064146904: Disposed[0m
[1m2026-08-07T04:37:05.147191813Z[0m [INFO] TRADER-001.nautilus_system::trader: Disposed[0m
[1m2026-08-07T04:37:05.147195158Z[0m [INFO] TRADER-001.nautilus_backtest::execution_client: Backtest execution client stopped[0m
[1m2026-08-07T04:37:05.147197682Z[0m [INFO] TRADER-001.nautilus_execution::engine: Stopped[0m
[1m2026-08-07T04:37:05.147198873Z[0m [INFO] TRADER-001.nautilus_risk::engine: Stopped[0m
[1m2026-08-07T04:37:05.147199985Z[0m [INFO] TRADER-001.nautilus_execution::order_emulator::emulator: Stopped[0m
[1m2026-08-07T04:37:05.147204041Z[0m [INFO] TRADER-001.nautilus_execution::engine: Disposed[0m
[1m2026-08-07T04:37:05.147204432Z[0m [INFO] TRADER-001.nautilus_risk::engine: Disposed[0m
[1m2026-08-07T04:37:05.147206034Z[0m [INFO] TRADER-001.nautilus_execution::order_emulator::emulator: Disposed[0m
[1m2026-08-07T04:37:05.147220816Z[0m [INFO] TRADER-001.nautilus_common::cache: Reset cache[0m
[1m2026-08-07T04:37:05.147235458Z[0m [INFO] TRADER-001.nautilus_system::kernel: Disposed[0m
{"closed_trades": 1, "daily_geometric_growth": -0.004060766971912044, "final_nav_usdt": 97191.85834396, "first_window_gate_passed": false, "signals": 1, "window": "screen-01", "wins": 0}
{
  "ablation_modes": [
    "none"
  ],
  "auction_family_mode": "both",
  "candidate": "candidate-08-delayed-reacceptance-btc-nautilus-v1",
  "close_reasons": {
    "STRUCTURAL_STOP": 1
  },
  "closed_trades": 1,
  "combined_calendar_days": 7.0,
  "combined_daily_geometric_growth": -0.004060766971911933,
  "delayed_reacceptance_initial_mode": "initiative_required",
  "diagnostic_family_ablation": false,
  "diagnostic_initial_ablation": false,
  "event_chain_contract": "IDLE->INTERACTION_ARMED->INITIAL_OUTWARD_RESPONSE->BOUNDARY_RECLAIMED->CONFIRMED",
  "goal_daily_geometric_growth": 0.01,
  "goal_met": false,
  "implementation_revision": "CAUSAL_DELAYED_BOUNDARY_REACCEPTANCE_V3_COMPLETE_EVENT_CHAIN",
  "positive_trade_share": 0.0,
  "promotable": true,
  "realized_pnl_by_symbol": {
    "BTCUSDT": -2808.14165604
  },
  "realized_risk_breach_windows": 0,
  "risk_accounting_revision": "FILL_ADJUSTED_CAUSAL_STOP_RESERVE_V4_NEXT_COMPLETED_BAR_EXIT",
  "scenario_attribution_checks": {
    "all_closed_trades_attributed": true,
    "all_signals_attributed": true,
    "closed_trades_attributed": 1,
    "no_unclassified_closed_trades": true,
    "no_unclassified_signals": true,
    "reported_closed_trades": 1,
    "reported_signals": 1,
    "signals_attributed": 1
  },
  "scenario_attribution_passed": true,
  "scenario_family_results": {
    "DELAYED_BOUNDARY_REACCEPTANCE_CONTINUATION": {
      "close_reasons": {
        "STRUCTURAL_STOP": 1
      },
      "closed_trades": 1,
      "closed_trades_by_symbol": {
        "BTCUSDT": 1
      },
      "losses": 1,
      "realized_pnl_usdt": -2808.14165604,
      "signals": 1,
      "win_rate": 0.0,
      "wins": 0
    },
    "UNUSED_DELAYED_REACCEPTANCE_FAMILY": {
      "close_reasons": {},
      "closed_trades": 0,
      "closed_trades_by_symbol": {},
      "losses": 0,
      "realized_pnl_usdt": 0.0,
      "signals": 0,
      "win_rate": 0.0,
      "wins": 0
    }
  },
  "single_asset_positive_pnl_share": 0.0,
  "single_family_attribution_passed": true,
  "single_scenario_family": "DELAYED_BOUNDARY_REACCEPTANCE_CONTINUATION",
  "single_trade_positive_pnl_share": 0.0,
  "suite": "first",
  "suite_gate_checks": {
    "all_signal_times_processed": true,
    "all_submitted_entries_observed": true,
    "base_contract_includes_both_auction_families": true,
    "base_contract_not_ablated": true,
    "base_initial_initiative_required": true,
    "closed_trades_matched_to_intents": true,
    "complete_auction_scenario_attribution": true,
    "complete_post_run_trade_path_diagnostics": true,
    "cost_after_total_return_positive": false,
    "entry_causality": true,
    "fill_adjusted_risk_budget_respected": true,
    "funding_cost_state_is_causal_and_complete": true,
    "minimum_closed_trades": false,
    "no_execution_failures": true,
    "no_realized_risk_budget_breach": true,
    "no_residual_exposure": true,
    "no_unexpected_or_liquidation_closes": true,
    "planned_risk_budget_respected": true,
    "position_exit_causality": true,
    "realized_loss_budget_respected": true,
    "single_delayed_reacceptance_family_attributed": true
  },
  "suite_gate_passed": false,
  "symbols_with_closed_trades": [
    "BTCUSDT"
  ],
  "ten_second_cadence_contract": "EXACT_CONSECUTIVE_10_SECONDS",
  "trade_path_diagnostic_revision": "POST_RUN_STRUCTURAL_PATH_COMPLETE_HORIZON_V2",
  "trade_path_diagnostic_summary": {
    "actual_holding_first_touch_counts": {
      "STOP": 1
    },
    "allowed_structural_first_touch_values": [
      "TARGET",
      "STOP",
      "AMBIGUOUS_SAME_BUCKET",
      "NONE_WITHIN_HORIZON"
    ],
    "complete_records": 1,
    "diagnostic_revision_counts": {
      "POST_RUN_STRUCTURAL_PATH_COMPLETE_HORIZON_V2": 1
    },
    "expected_diagnostic_revision": "POST_RUN_STRUCTURAL_PATH_COMPLETE_HORIZON_V2",
    "mean_actual_holding_adverse_stop_fraction": 1.042675698560537,
    "mean_actual_holding_favorable_target_fraction": 0.21764112903225954,
    "records": 1,
    "status_counts": {
      "COMPLETE": 1
    },
    "structural_first_touch_counts": {
      "STOP": 1
    },
    "target_after_actual_close_count": 0,
    "target_after_invalidation_count": 0
  },
  "window_results": [
    {
      "closed_trades": 1,
      "daily_geometric_growth": -0.004060766971912044,
      "final_nav_usdt": 97191.85834396,
      "first_window_gate_passed": false,
      "maximum_realized_equity_drawdown": 0.028081416560399974,
      "name": "screen-01",
      "total_return": -0.028081416560399974,
      "win_rate": 0.0,
      "wins": 0
    }
  ],
  "windows": [
    {
      "end": "2024-04-15T00:00:00Z",
      "name": "screen-01",
      "start": "2024-04-08T00:00:00Z"
    }
  ],
  "wins": 0
}
[1m2026-08-07T04:38:07.677082224Z[0m [36m[INFO] TRADER-001.BacktestEngine: =================================================================[0m
[1m2026-08-07T04:38:07.677100953Z[0m [36m[INFO] TRADER-001.BacktestEngine:  NAUTILUS TRADER - Automated Algorithmic Trading Platform[0m
[1m2026-08-07T04:38:07.677101353Z[0m [36m[INFO] TRADER-001.BacktestEngine:  by Nautech Systems Pty Ltd.[0m
[1m2026-08-07T04:38:07.677101534Z[0m [36m[INFO] TRADER-001.BacktestEngine:  Copyright (C) 2015-2026. All rights reserved.[0m
[1m2026-08-07T04:38:07.677101734Z[0m [36m[INFO] TRADER-001.BacktestEngine: =================================================================[0m
[1m2026-08-07T04:38:07.677102044Z[0m [INFO] TRADER-001.BacktestEngine: [0m
[1m2026-08-07T04:38:07.677102275Z[0m [INFO] TRADER-001.BacktestEngine: ⠀⠀⠀⠀⠀⠀⠀⠀⠀⠀⠀⠀⠀⣠⣴⣶⡟⠀⠀⠀⠀⠀⠀⠀⠀⠀⠀⠀⠀⠀⠀[0m
[1m2026-08-07T04:38:07.677102415Z[0m [INFO] TRADER-001.BacktestEngine: ⠀⠀⠀⠀⠀⠀⠀⠀⠀⠀⠀⣰⣾⣿⣿⣿⠀⢸⣿⣿⣿⣿⣶⣶⣤⣀⠀⠀⠀⠀⠀[0m
[1m2026-08-07T04:38:07.677102685Z[0m [INFO] TRADER-001.BacktestEngine: ⠀⠀⠀⠀⠀⠀⢀⣴⡇⢀⣾⣿⣿⣿⣿⣿⠀⣾⣿⣿⣿⣿⣿⣿⣿⠿⠓⠀⠀⠀⠀[0m
[1m2026-08-07T04:38:07.677103036Z[0m [INFO] TRADER-001.BacktestEngine: ⠀⠀⠀⠀⠀⣰⣿⣿⡀⢸⣿⣿⣿⣿⣿⣿⠀⣿⣿⣿⣿⣿⣿⠟⠁⣠⣄⠀⠀⠀⠀[0m
[1m2026-08-07T04:38:07.677103306Z[0m [INFO] TRADER-001.BacktestEngine: ⠀⠀⠀⠀⢠⣿⣿⣿⣇⠀⢿⣿⣿⣿⣿⣿⠀⢻⣿⣿⣿⡿⢃⣠⣾⣿⣿⣧⡀⠀⠀[0m
[1m2026-08-07T04:38:07.677103597Z[0m [INFO] TRADER-001.BacktestEngine: ⠀⠀⠀⠠⣾⣿⣿⣿⣿⣿⣧⠈⠋⢀⣴⣧⠀⣿⡏⢠⡀⢸⣿⣿⣿⣿⣿⣿⣿⡇⠀[0m
[1m2026-08-07T04:38:07.677103867Z[0m [INFO] TRADER-001.BacktestEngine: ⠀⠀⠀⣀⠙⢿⣿⣿⣿⣿⣿⠇⢠⣿⣿⣿⡄⠹⠃⠼⠃⠈⠉⠛⠛⠛⠛⠛⠻⠇⠀[0m
[1m2026-08-07T04:38:07.677104238Z[0m [INFO] TRADER-001.BacktestEngine: ⠀⠀⢸⡟⢠⣤⠉⠛⠿⢿⣿⠀⢸⣿⡿⠋⣠⣤⣄⠀⣾⣿⣿⣶⣶⣶⣦⡄⠀⠀⠀[0m
[1m2026-08-07T04:38:07.677106150Z[0m [INFO] TRADER-001.BacktestEngine: ⠀⠀⠸⠀⣾⠏⣸⣷⠂⣠⣤⠀⠘⢁⣴⣾⣿⣿⣿⡆⠘⣿⣿⣿⣿⣿⣿⠀⠀⠀⠀[0m
[1m2026-08-07T04:38:07.677106291Z[0m [INFO] TRADER-001.BacktestEngine: ⠀⠀⠀⠀⠛⠀⣿⡟⠀⢻⣿⡄⠸⣿⣿⣿⣿⣿⣿⣿⡀⠘⣿⣿⣿⣿⠟⠀⠀⠀⠀[0m
[1m2026-08-07T04:38:07.677106431Z[0m [INFO] TRADER-001.BacktestEngine: ⠀⠀⠀⠀⠀⠀⣿⠇⠀⠀⢻⡿⠀⠈⠻⣿⣿⣿⣿⣿⡇⠀⢹⣿⠿⠋⠀⠀⠀⠀⠀[0m
[1m2026-08-07T04:38:07.677106591Z[0m [INFO] TRADER-001.BacktestEngine: ⠀⠀⠀⠀⠀⠀⠋⠀⠀⠀⡘⠁⠀⠀⠀⠀⠀⠀⠀⠀⠀⠀⠈⠁⠀⠀⠀⠀⠀⠀⠀[0m
[1m2026-08-07T04:38:07.677106741Z[0m [INFO] TRADER-001.BacktestEngine: [0m
[1m2026-08-07T04:38:07.677106862Z[0m [36m[INFO] TRADER-001.BacktestEngine: =================================================================[0m
[1m2026-08-07T04:38:07.677107152Z[0m [36m[INFO] TRADER-001.BacktestEngine:  SYSTEM SPECIFICATION[0m
[1m2026-08-07T04:38:07.677107292Z[0m [36m[INFO] TRADER-001.BacktestEngine: =================================================================[0m
[1m2026-08-07T04:38:07.677108875Z[0m [INFO] TRADER-001.BacktestEngine: CPU architecture: AMD EPYC 9V74 80-Core Processor[0m
[1m2026-08-07T04:38:07.677109546Z[0m [INFO] TRADER-001.BacktestEngine: CPU(s): 4 @ 2596 MHz[0m
[1m2026-08-07T04:38:07.677110898Z[0m [INFO] TRADER-001.BacktestEngine: OS: kernel-6.17.0-1020-azure Linux (Debian GNU/Linux 12)[0m
[1m2026-08-07T04:38:07.677168414Z[0m [36m[INFO] TRADER-001.BacktestEngine: =================================================================[0m
[1m2026-08-07T04:38:07.677168705Z[0m [36m[INFO] TRADER-001.BacktestEngine:  MEMORY USAGE[0m
[1m2026-08-07T04:38:07.677168855Z[0m [36m[INFO] TRADER-001.BacktestEngine: =================================================================[0m
[1m2026-08-07T04:38:07.677171959Z[0m [INFO] TRADER-001.BacktestEngine: RAM-Total: 15.61 GiB[0m
[1m2026-08-07T04:38:07.677172580Z[0m [INFO] TRADER-001.BacktestEngine: RAM-Used: 1.40 GiB (8.99%)[0m
[1m2026-08-07T04:38:07.677173061Z[0m [INFO] TRADER-001.BacktestEngine: RAM-Avail: 14.21 GiB (91.01%)[0m
[1m2026-08-07T04:38:07.677173902Z[0m [INFO] TRADER-001.BacktestEngine: Swap-Total: 3.00 GiB[0m
[1m2026-08-07T04:38:07.677174363Z[0m [INFO] TRADER-001.BacktestEngine: Swap-Used: 0.00 GiB (0.00%)[0m
[1m2026-08-07T04:38:07.677175124Z[0m [INFO] TRADER-001.BacktestEngine: Swap-Avail: 3.00 GiB (100.00%)[0m
[1m2026-08-07T04:38:07.677175645Z[0m [36m[INFO] TRADER-001.BacktestEngine: =================================================================[0m
[1m2026-08-07T04:38:07.677175785Z[0m [36m[INFO] TRADER-001.BacktestEngine:  IDENTIFIERS[0m
[1m2026-08-07T04:38:07.677175976Z[0m [36m[INFO] TRADER-001.BacktestEngine: =================================================================[0m
[1m2026-08-07T04:38:07.677176346Z[0m [INFO] TRADER-001.BacktestEngine: trader_id: TRADER-001[0m
[1m2026-08-07T04:38:07.677178149Z[0m [INFO] TRADER-001.BacktestEngine: machine_id: 3372a7653dec[0m
[1m2026-08-07T04:38:07.677179511Z[0m [INFO] TRADER-001.BacktestEngine: instance_id: 5bfa37c6-156b-4e1d-9cf0-49794d4e9ded[0m
[1m2026-08-07T04:38:07.677179801Z[0m [INFO] TRADER-001.BacktestEngine: PID: 258[0m
[1m2026-08-07T04:38:07.677179952Z[0m [36m[INFO] TRADER-001.BacktestEngine: =================================================================[0m
[1m2026-08-07T04:38:07.677180092Z[0m [36m[INFO] TRADER-001.BacktestEngine:  VERSIONING[0m
[1m2026-08-07T04:38:07.677180242Z[0m [36m[INFO] TRADER-001.BacktestEngine: =================================================================[0m
[1m2026-08-07T04:38:07.677191930Z[0m [INFO] TRADER-001.BacktestEngine: nautilus_trader: 1.230.0[0m
[1m2026-08-07T04:38:07.677197608Z[0m [INFO] TRADER-001.BacktestEngine: python: 3.13.5[0m
[1m2026-08-07T04:38:07.677201734Z[0m [INFO] TRADER-001.BacktestEngine: numpy: 2.5.1[0m
[1m2026-08-07T04:38:07.677204819Z[0m [INFO] TRADER-001.BacktestEngine: pandas: 3.0.5[0m
[1m2026-08-07T04:38:07.677209656Z[0m [INFO] TRADER-001.BacktestEngine: msgspec: 0.21.1[0m
[1m2026-08-07T04:38:07.677212871Z[0m [INFO] TRADER-001.BacktestEngine: pyarrow: 25.0.0[0m
[1m2026-08-07T04:38:07.677215705Z[0m [INFO] TRADER-001.BacktestEngine: pytz: 2026.3.post1[0m
[1m2026-08-07T04:38:07.677219391Z[0m [INFO] TRADER-001.BacktestEngine: uvloop: 0.22.1[0m
[1m2026-08-07T04:38:07.677219661Z[0m [36m[INFO] TRADER-001.BacktestEngine: =================================================================[0m
[1m2026-08-07T04:38:07.677222095Z[0m [INFO] TRADER-001.nautilus_system::kernel: Building system kernel[0m
[1m2026-08-07T04:38:07.677684941Z[0m [INFO] TRADER-001.nautilus_backtest::engine: Adding exchange BINANCE to engine[0m
[1m2026-08-07T04:38:07.677731502Z[0m [INFO] TRADER-001.nautilus_backtest::exchange: Added instrument BTCUSDT-PERP.BINANCE and created matching engine[0m
[1m2026-08-07T04:38:07.677792253Z[0m [INFO] TRADER-001.nautilus_backtest::engine: Added instrument BTCUSDT-PERP.BINANCE to exchange BINANCE[0m
[1m2026-08-07T04:38:07.691829699Z[0m [INFO] TRADER-001.nautilus_backtest::engine: Added 62136 data elements to BacktestEngine (62136 total)[0m
[1m2026-08-07T04:38:07.694171363Z[0m [INFO] TRADER-001.nautilus_backtest::engine: Added 10356 data elements to BacktestEngine (72492 total)[0m
[1m2026-08-07T04:38:07.694191073Z[0m [INFO] TRADER-001.nautilus_backtest::engine: Added 22 data elements to BacktestEngine (72514 total)[0m
[1m2026-08-07T04:38:07.694194388Z[0m [INFO] TRADER-001.nautilus_backtest::engine: Data sort requested (iterator merges streams by replay timestamp)[0m
[1m2026-08-07T04:38:07.694238854Z[0m [INFO] TRADER-001.DataActor-140721678948536: Ready[0m
[1m2026-08-07T04:38:07.694319215Z[0m [INFO] TRADER-001.nautilus_backtest::python::engine: Registered Python strategy DataActor-140721678948536[0m
[1m2026-08-07T04:38:07.694381109Z[0m [INFO] TRADER-001.nautilus_portfolio::portfolio: Updated AccountState(account_id=BINANCE-001, account_type=MARGIN, base_currency=USDT, is_reported=true, balances=[AccountBalance(total=100000.00000000 USDT, locked=0.00000000 USDT, free=100000.00000000 USDT)], margins=[], event_id=d0e0ea2f-370c-4f02-a917-6673834280e1)[0m
[1m2024-04-07T23:25:10.000000000Z[0m [INFO] TRADER-001.nautilus_system::kernel: Starting[0m
[1m2024-04-07T23:25:10.000000000Z[0m [INFO] TRADER-001.nautilus_backtest::execution_client: Backtest execution client started[0m
[1m2024-04-07T23:25:10.000000000Z[0m [INFO] TRADER-001.nautilus_execution::engine: Started[0m
[1m2024-04-07T23:25:10.000000000Z[0m [INFO] TRADER-001.nautilus_risk::engine: Started[0m
[1m2024-04-07T23:25:10.000000000Z[0m [INFO] TRADER-001.nautilus_system::kernel: Initializing trader[0m
[1m2024-04-07T23:25:10.000000000Z[0m [INFO] TRADER-001.nautilus_system::kernel: Started[0m
[1m2024-04-07T23:25:10.000000000Z[0m [INFO] TRADER-001.nautilus_system::kernel: Starting trader...[0m
[1m2024-04-07T23:25:10.000000000Z[0m [INFO] TRADER-001.nautilus_execution::order_emulator::emulator: Started[0m
[1m2024-04-07T23:25:10.000000000Z[0m [INFO] TRADER-001.nautilus_system::trader: Starting[0m
[1m2024-04-07T23:25:10.000000000Z[0m [INFO] TRADER-001.DataActor-140721678948536: Starting[0m
[1m2024-04-07T23:25:10.000000000Z[0m [INFO] TRADER-001.nautilus_trading::strategy: Starting DataActor-140721678948536[0m
[1m2024-04-07T23:25:10.000000000Z[0m [INFO] TRADER-001.nautilus_common::actor::data_actor: [CMD]--> Subscribe(Bars(SubscribeBars { bar_type: Standard { instrument_id: "BTCUSDT-PERP.BINANCE", spec: BarSpecification { step: 10, aggregation: Second, price_type: Last }, aggregation_source: External }, client_id: None, venue: Some("BINANCE"), command_id: UUID4(d08f71ae-a3eb-4a8a-8db0-b58e6703353c), ts_init: UnixNanos(1712532310000000000), correlation_id: None, params: None }))[0m
[1m2024-04-07T23:25:10.000000000Z[0m [INFO] TRADER-001.DataActor-140721678948536: Running[0m
[1m2024-04-07T23:25:10.000000000Z[0m [INFO] TRADER-001.nautilus_system::trader: Running[0m
[1m2024-04-07T23:25:10.000000000Z[0m [INFO] TRADER-001.nautilus_system::kernel: Trader started[0m
[1m2024-04-07T23:25:10.000000000Z[0m [36m[INFO] TRADER-001.nautilus_backtest::engine: =================================================================[0m
[1m2024-04-07T23:25:10.000000000Z[0m [36m[INFO] TRADER-001.nautilus_backtest::engine:  BACKTEST PRE-RUN[0m
[1m2024-04-07T23:25:10.000000000Z[0m [36m[INFO] TRADER-001.nautilus_backtest::engine: =================================================================[0m
[1m2024-04-07T23:25:10.000000000Z[0m [36m[INFO] TRADER-001.nautilus_backtest::engine: =================================================================[0m
[1m2024-04-07T23:25:10.000000000Z[0m [INFO] TRADER-001.nautilus_backtest::engine:  SimulatedVenue BINANCE (MARGIN)[0m
[1m2024-04-07T23:25:10.000000000Z[0m [36m[INFO] TRADER-001.nautilus_backtest::engine: -----------------------------------------------------------------[0m
[1m2024-04-07T23:25:10.000000000Z[0m [INFO] TRADER-001.nautilus_backtest::engine: Balances starting:[0m
[1m2024-04-07T23:25:10.000000000Z[0m [INFO] TRADER-001.nautilus_backtest::engine:   100000.00000000 USDT[0m
[1m2024-04-07T23:25:10.000000000Z[0m [36m[INFO] TRADER-001.nautilus_backtest::engine: -----------------------------------------------------------------[0m
[1m2024-04-07T23:25:10.000000000Z[0m [36m[INFO] TRADER-001.nautilus_backtest::engine: =================================================================[0m
[1m2024-04-07T23:25:10.000000000Z[0m [36m[INFO] TRADER-001.nautilus_backtest::engine:  BACKTEST RUN[0m
[1m2024-04-07T23:25:10.000000000Z[0m [36m[INFO] TRADER-001.nautilus_backtest::engine: =================================================================[0m
[1m2024-04-07T23:25:10.000000000Z[0m [INFO] TRADER-001.nautilus_backtest::engine: Run config ID:  None[0m
[1m2024-04-07T23:25:10.000000000Z[0m [INFO] TRADER-001.nautilus_backtest::engine: Run ID:         4bccfc79-3e15-4497-8f56-4736b5b19ee7[0m
[1m2024-04-07T23:25:10.000000000Z[0m [INFO] TRADER-001.nautilus_backtest::engine: Backtest start: 2024-04-07T23:25:10.000000000Z[0m
[1m2024-04-07T23:25:10.000000000Z[0m [INFO] TRADER-001.nautilus_backtest::engine: Data elements:  72514[0m
[1m2024-04-07T23:25:10.000000000Z[0m [36m[INFO] TRADER-001.nautilus_backtest::engine: -----------------------------------------------------------------[0m
[1m2024-04-07T23:25:10.000000000Z[0m [94m[INFO] TRADER-001.nautilus_data::client: Subscribed BTCUSDT-PERP.BINANCE-10-SECOND-LAST-EXTERNAL bars[0m
[1m2024-04-09T07:36:10.000000000Z[0m [INFO] TRADER-001.nautilus_trading::strategy: DataActor-140721678948536 <--[EVT] OrderInitialized(instrument_id=BTCUSDT-PERP.BINANCE, client_order_id=O-20240409-073610-001-140721678948536-1, side=SELL, type=MARKET, quantity=4.704, time_in_force=GTC, post_only=false, reduce_only=false, quote_quantity=false, price=None, emulation_trigger=None, trigger_instrument_id=None, contingency_type=OTO, order_list_id=OL-20240409-073610-001-140721678948536-1, linked_order_ids=[O-20240409-073610-001-140721678948536-2, O-20240409-073610-001-140721678948536-3], parent_order_id=None, exec_algorithm_id=None, exec_algorithm_params=None, exec_spawn_id=None, tags=delayed-reaccept-btcusdt-000009, BREAKOUT_ACCEPTANCE_CONTINUATION, SHORT, TEN_SECOND_MARKET_ENTRY)[0m
[1m2024-04-09T07:36:10.000000000Z[0m [INFO] TRADER-001.nautilus_trading::strategy: DataActor-140721678948536 <--[EVT] OrderInitialized(instrument_id=BTCUSDT-PERP.BINANCE, client_order_id=O-20240409-073610-001-140721678948536-2, side=BUY, type=STOP_MARKET, quantity=4.704, time_in_force=GTC, post_only=false, reduce_only=true, quote_quantity=false, price=None, emulation_trigger=None, trigger_instrument_id=None, contingency_type=OUO, order_list_id=OL-20240409-073610-001-140721678948536-1, linked_order_ids=[O-20240409-073610-001-140721678948536-3], parent_order_id=O-20240409-073610-001-140721678948536-1, exec_algorithm_id=None, exec_algorithm_params=None, exec_spawn_id=None, tags=delayed-reaccept-btcusdt-000009, OBSERVED_RETEST_INVALIDATION)[0m
[1m2024-04-09T07:36:10.000000000Z[0m [INFO] TRADER-001.nautilus_trading::strategy: DataActor-140721678948536 <--[EVT] OrderInitialized(instrument_id=BTCUSDT-PERP.BINANCE, client_order_id=O-20240409-073610-001-140721678948536-3, side=BUY, type=LIMIT, quantity=4.704, time_in_force=GTC, post_only=false, reduce_only=true, quote_quantity=false, price=69296.6, emulation_trigger=None, trigger_instrument_id=None, contingency_type=OUO, order_list_id=OL-20240409-073610-001-140721678948536-1, linked_order_ids=[O-20240409-073610-001-140721678948536-2], parent_order_id=O-20240409-073610-001-140721678948536-1, exec_algorithm_id=None, exec_algorithm_params=None, exec_spawn_id=None, tags=delayed-reaccept-btcusdt-000009, ACTIVE_COMPLETED_EXTERNAL_TARGET)[0m
[1m2024-04-09T07:36:10.000000000Z[0m [INFO] TRADER-001.nautilus_trading::strategy: DataActor-140721678948536 [CMD]--> SubmitOrderList[0m
[1m2024-04-09T07:36:10.000000000Z[0m [94m[INFO] TRADER-001.nautilus_execution::engine: Submit OrderList(id=OL-20240409-073610-001-140721678948536-1, instrument_id=BTCUSDT-PERP.BINANCE, strategy_id=DataActor-140721678948536, client_order_ids=["O-20240409-073610-001-140721678948536-1", "O-20240409-073610-001-140721678948536-2", "O-20240409-073610-001-140721678948536-3"], ts_init=1712648170000000000)[0m
[1m2024-04-09T07:36:10.000000000Z[0m [INFO] TRADER-001.nautilus_trading::strategy: DataActor-140721678948536 <--[EVT] OrderSubmitted(instrument_id=BTCUSDT-PERP.BINANCE, client_order_id=O-20240409-073610-001-140721678948536-1, account_id=BINANCE-001, ts_event=1712648170000000000)[0m
[1m2024-04-09T07:36:10.000000000Z[0m [INFO] TRADER-001.nautilus_trading::strategy: DataActor-140721678948536 <--[EVT] OrderSubmitted(instrument_id=BTCUSDT-PERP.BINANCE, client_order_id=O-20240409-073610-001-140721678948536-2, account_id=BINANCE-001, ts_event=1712648170000000000)[0m
[1m2024-04-09T07:36:10.000000000Z[0m [INFO] TRADER-001.nautilus_trading::strategy: DataActor-140721678948536 <--[EVT] OrderSubmitted(instrument_id=BTCUSDT-PERP.BINANCE, client_order_id=O-20240409-073610-001-140721678948536-3, account_id=BINANCE-001, ts_event=1712648170000000000)[0m
[1m2024-04-09T07:36:10.000000000Z[0m [INFO] TRADER-001.nautilus_portfolio::manager: BTCUSDT-PERP.BINANCE margin_init=0.00000000 USDT[0m
[1m2024-04-09T07:36:10.000000000Z[0m [INFO] TRADER-001.nautilus_trading::strategy: DataActor-140721678948536 <--[EVT] OrderFilled(instrument_id=BTCUSDT-PERP.BINANCE, client_order_id=O-20240409-073610-001-140721678948536-1, venue_order_id=BINANCE-1-1, account_id=BINANCE-001, trade_id=T-a4b99fb7036ccf26-32316, position_id=P-20240409-073610-001-140721678948536-1, order_side=SELL, order_type=MARKET, last_qty=4.704, last_px=70_534.8 USDT, commission=199.07741952 USDT, liquidity_side=TAKER, ts_event=1712648170000000000)[0m
[1m2024-04-09T07:36:10.000000000Z[0m [INFO] TRADER-001.nautilus_trading::strategy: Canceling 2 inflight BTCUSDT-PERP.BINANCE orders[0m
[1m2024-04-09T07:36:10.000000000Z[0m [INFO] TRADER-001.nautilus_trading::strategy: DataActor-140721678948536 [CMD]--> CancelAllOrders[0m
[1m2024-04-09T07:36:10.000000000Z[0m [INFO] TRADER-001.nautilus_portfolio::portfolio: BTCUSDT-PERP.BINANCE net_position=-4.704[0m
[1m2024-04-09T07:36:10.000000000Z[0m [INFO] TRADER-001.nautilus_portfolio::manager: BTCUSDT-PERP.BINANCE margin_maint=1327.18279680 USDT[0m
[1m2024-04-09T07:36:10.000000000Z[0m [INFO] TRADER-001.nautilus_portfolio::portfolio: Updated AccountState(account_id=BINANCE-001, account_type=MARGIN, base_currency=USDT, is_reported=false, balances=[AccountBalance(total=99800.92258048 USDT, locked=1327.18279680 USDT, free=98473.73978368 USDT)], margins=[MarginBalance(initial=0.00000000 USDT, maintenance=1327.18279680 USDT, instrument_id=BTCUSDT-PERP.BINANCE)], event_id=a751dbec-2409-459c-97fa-e86e7c2cb5ea)[0m
[1m2024-04-09T07:36:10.000000000Z[0m [INFO] TRADER-001.nautilus_trading::strategy: DataActor-140721678948536 <--[EVT] PositionOpened(PositionOpened { trader_id: "TRADER-001", strategy_id: "DataActor-140721678948536", instrument_id: "BTCUSDT-PERP.BINANCE", position_id: "P-20240409-073610-001-140721678948536-1", account_id: "BINANCE-001", opening_order_id: "O-20240409-073610-001-140721678948536-1", entry: Sell, side: Short, signed_qty: -4.704, quantity: Quantity(4.704), last_qty: Quantity(4.704), last_px: Price(70534.8), currency: Currency(code='USDT', precision=8, iso4217=0, name='Tether', currency_type=CRYPTO), avg_px_open: 70534.8, event_id: UUID4(ac2c9e73-3afa-41ed-9b17-a916da5fb532), ts_event: UnixNanos(1712648170000000000), ts_init: UnixNanos(1712648170000000000) })[0m
[1m2024-04-09T07:36:10.000000000Z[0m [INFO] TRADER-001.nautilus_portfolio::manager: BTCUSDT-PERP.BINANCE margin_init=0.00000000 USDT[0m
[1m2024-04-09T07:36:10.000000000Z[0m [INFO] TRADER-001.nautilus_portfolio::portfolio: Updated AccountState(account_id=BINANCE-001, account_type=MARGIN, base_currency=USDT, is_reported=false, balances=[AccountBalance(total=99800.92258048 USDT, locked=1327.18279680 USDT, free=98473.73978368 USDT)], margins=[MarginBalance(initial=0.00000000 USDT, maintenance=1327.18279680 USDT, instrument_id=BTCUSDT-PERP.BINANCE)], event_id=32fb2ad2-48b0-4649-b311-299fb6f59915)[0m
[1m2024-04-09T07:36:10.000000000Z[0m [INFO] TRADER-001.nautilus_trading::strategy: DataActor-140721678948536 <--[EVT] OrderAccepted(instrument_id=BTCUSDT-PERP.BINANCE, client_order_id=O-20240409-073610-001-140721678948536-2, venue_order_id=BINANCE-1-2, account_id=BINANCE-001, ts_event=1712648170000000000)[0m
[1m2024-04-09T07:36:10.000000000Z[0m [INFO] TRADER-001.nautilus_portfolio::manager: BTCUSDT-PERP.BINANCE margin_init=0.00000000 USDT[0m
[1m2024-04-09T07:36:10.000000000Z[0m [INFO] TRADER-001.nautilus_portfolio::portfolio: Updated AccountState(account_id=BINANCE-001, account_type=MARGIN, base_currency=USDT, is_reported=false, balances=[AccountBalance(total=99800.92258048 USDT, locked=1327.18279680 USDT, free=98473.73978368 USDT)], margins=[MarginBalance(initial=0.00000000 USDT, maintenance=1327.18279680 USDT, instrument_id=BTCUSDT-PERP.BINANCE)], event_id=2d413ab1-b70b-46f3-b0fa-2fc25afa995f)[0m
[1m2024-04-09T07:36:10.000000000Z[0m [INFO] TRADER-001.nautilus_trading::strategy: DataActor-140721678948536 <--[EVT] OrderAccepted(instrument_id=BTCUSDT-PERP.BINANCE, client_order_id=O-20240409-073610-001-140721678948536-3, venue_order_id=BINANCE-1-3, account_id=BINANCE-001, ts_event=1712648170000000000)[0m
[1m2024-04-09T07:36:10.000000000Z[0m [94m[INFO] TRADER-001.nautilus_execution::engine: Cancel all orders[0m
[1m2024-04-09T07:36:10.000000000Z[0m [INFO] TRADER-001.nautilus_portfolio::manager: BTCUSDT-PERP.BINANCE margin_init=0.00000000 USDT[0m
[1m2024-04-09T07:36:10.000000000Z[0m [INFO] TRADER-001.nautilus_portfolio::portfolio: Updated AccountState(account_id=BINANCE-001, account_type=MARGIN, base_currency=USDT, is_reported=false, balances=[AccountBalance(total=99800.92258048 USDT, locked=1327.18279680 USDT, free=98473.73978368 USDT)], margins=[MarginBalance(initial=0.00000000 USDT, maintenance=1327.18279680 USDT, instrument_id=BTCUSDT-PERP.BINANCE)], event_id=89b3cd0f-f8ba-4426-9bf1-231867956061)[0m
[1m2024-04-09T07:36:10.000000000Z[0m [INFO] TRADER-001.nautilus_trading::strategy: DataActor-140721678948536 <--[EVT] OrderCanceled(instrument_id=BTCUSDT-PERP.BINANCE, client_order_id=O-20240409-073610-001-140721678948536-2, venue_order_id=BINANCE-1-2, account_id=BINANCE-001, ts_event=1712648170000000000)[0m
[1m2024-04-09T07:36:10.000000000Z[0m [INFO] TRADER-001.nautilus_portfolio::manager: BTCUSDT-PERP.BINANCE margin_init=0.00000000 USDT[0m
[1m2024-04-09T07:36:10.000000000Z[0m [INFO] TRADER-001.nautilus_portfolio::portfolio: Updated AccountState(account_id=BINANCE-001, account_type=MARGIN, base_currency=USDT, is_reported=false, balances=[AccountBalance(total=99800.92258048 USDT, locked=1327.18279680 USDT, free=98473.73978368 USDT)], margins=[MarginBalance(initial=0.00000000 USDT, maintenance=1327.18279680 USDT, instrument_id=BTCUSDT-PERP.BINANCE)], event_id=d60545ae-d3b4-402c-8cd0-c410b89b4dee)[0m
[1m2024-04-09T07:36:10.000000000Z[0m [INFO] TRADER-001.nautilus_trading::strategy: DataActor-140721678948536 <--[EVT] OrderCanceled(instrument_id=BTCUSDT-PERP.BINANCE, client_order_id=O-20240409-073610-001-140721678948536-3, venue_order_id=BINANCE-1-3, account_id=BINANCE-001, ts_event=1712648170000000000)[0m
[1m2024-04-09T07:36:10.000000000Z[0m [1;33m[WARN] TRADER-001.nautilus_common::cache: Cannot calculate unrealized PnL for P-20240409-073610-001-140721678948536-1, no quotes for BTCUSDT-PERP.BINANCE[0m
[1m2024-04-09T07:36:20.000000000Z[0m [INFO] TRADER-001.nautilus_trading::strategy: No BTCUSDT-PERP.BINANCE open, emulated, or inflight orders to cancel[0m
[1m2024-04-09T07:36:20.000000000Z[0m [INFO] TRADER-001.nautilus_trading::strategy: Closing 1 open position[0m
[1m2024-04-09T07:36:20.000000000Z[0m [INFO] TRADER-001.nautilus_trading::strategy: DataActor-140721678948536 <--[EVT] OrderInitialized(instrument_id=BTCUSDT-PERP.BINANCE, client_order_id=O-20240409-073620-001-140721678948536-4, side=BUY, type=MARKET, quantity=4.704, time_in_force=GTC, post_only=false, reduce_only=true, quote_quantity=false, price=None, emulation_trigger=None, trigger_instrument_id=None, contingency_type=NO_CONTINGENCY, order_list_id=None, linked_order_ids=[None], parent_order_id=None, exec_algorithm_id=None, exec_algorithm_params=None, exec_spawn_id=None, tags=None)[0m
[1m2024-04-09T07:36:20.000000000Z[0m [INFO] TRADER-001.nautilus_trading::strategy: DataActor-140721678948536 [CMD]--> SubmitOrder[0m
[1m2024-04-09T07:36:20.000000000Z[0m [94m[INFO] TRADER-001.nautilus_execution::engine: Submit MarketOrder(BUY 4.704 BTCUSDT-PERP.BINANCE @ MARKET GTC, status=INITIALIZED, client_order_id=O-20240409-073620-001-140721678948536-4, venue_order_id=None, position_id=None, exec_algorithm_id=None, exec_spawn_id=None, tags=None)[0m
[1m2024-04-09T07:36:20.000000000Z[0m [INFO] TRADER-001.nautilus_trading::strategy: DataActor-140721678948536 <--[EVT] OrderSubmitted(instrument_id=BTCUSDT-PERP.BINANCE, client_order_id=O-20240409-073620-001-140721678948536-4, account_id=BINANCE-001, ts_event=1712648180000000000)[0m
[1m2024-04-09T07:36:20.000000000Z[0m [INFO] TRADER-001.nautilus_portfolio::manager: BTCUSDT-PERP.BINANCE margin_init=0.00000000 USDT[0m
[1m2024-04-09T07:36:20.000000000Z[0m [INFO] TRADER-001.nautilus_trading::strategy: DataActor-140721678948536 <--[EVT] OrderFilled(instrument_id=BTCUSDT-PERP.BINANCE, client_order_id=O-20240409-073620-001-140721678948536-4, venue_order_id=BINANCE-1-4, account_id=BINANCE-001, trade_id=T-dc9239bc9ee68bcf-32321, position_id=P-20240409-073610-001-140721678948536-1, order_side=BUY, order_type=MARKET, last_qty=4.704, last_px=70_510.6 USDT, commission=199.00911744 USDT, liquidity_side=TAKER, ts_event=1712648180000000000)[0m
[1m2024-04-09T07:36:20.000000000Z[0m [INFO] TRADER-001.nautilus_portfolio::portfolio: BTCUSDT-PERP.BINANCE net_position=0[0m
[1m2024-04-09T07:36:20.000000000Z[0m [INFO] TRADER-001.nautilus_portfolio::manager: BTCUSDT-PERP.BINANCE margin_maint=0.00000000 USDT[0m
[1m2024-04-09T07:36:20.000000000Z[0m [INFO] TRADER-001.nautilus_portfolio::portfolio: Updated AccountState(account_id=BINANCE-001, account_type=MARGIN, base_currency=USDT, is_reported=false, balances=[AccountBalance(total=99715.75026304 USDT, locked=0.00000000 USDT, free=99715.75026304 USDT)], margins=[], event_id=1f649e9b-2fda-411c-b441-13970d3afbc8)[0m
[1m2024-04-09T07:36:20.000000000Z[0m [INFO] TRADER-001.nautilus_trading::strategy: DataActor-140721678948536 <--[EVT] PositionClosed(PositionClosed { trader_id: "TRADER-001", strategy_id: "DataActor-140721678948536", instrument_id: "BTCUSDT-PERP.BINANCE", position_id: "P-20240409-073610-001-140721678948536-1", account_id: "BINANCE-001", opening_order_id: "O-20240409-073610-001-140721678948536-1", closing_order_id: Some("O-20240409-073620-001-140721678948536-4"), entry: Sell, side: Flat, signed_qty: 0.0, quantity: Quantity(0.000), peak_quantity: Quantity(4.704), last_qty: Quantity(4.704), last_px: Price(70510.6), currency: Currency(code='USDT', precision=8, iso4217=0, name='Tether', currency_type=CRYPTO), avg_px_open: 70534.8, avg_px_close: Some(70510.59999999999), realized_return: 0.00034309305477596365, realized_pnl: Some(Money(-284.24973696, USDT)), unrealized_pnl: Money(0.00000000, USDT), duration: 10000000000, event_id: UUID4(cc4209fb-d580-469c-8567-4a80335c702d), ts_opened: UnixNanos(1712648170000000000), ts_closed: Some(UnixNanos(1712648180000000000)), ts_event: UnixNanos(1712648180000000000), ts_init: UnixNanos(1712648180000000000) })[0m
[1m2024-04-10T02:02:20.000000000Z[0m [INFO] TRADER-001.nautilus_trading::strategy: DataActor-140721678948536 <--[EVT] OrderInitialized(instrument_id=BTCUSDT-PERP.BINANCE, client_order_id=O-20240410-020220-001-140721678948536-5, side=BUY, type=MARKET, quantity=2.773, time_in_force=GTC, post_only=false, reduce_only=false, quote_quantity=false, price=None, emulation_trigger=None, trigger_instrument_id=None, contingency_type=OTO, order_list_id=OL-20240410-020220-001-140721678948536-2, linked_order_ids=[O-20240410-020220-001-140721678948536-6, O-20240410-020220-001-140721678948536-7], parent_order_id=None, exec_algorithm_id=None, exec_algorithm_params=None, exec_spawn_id=None, tags=delayed-reaccept-btcusdt-000014, BREAKOUT_ACCEPTANCE_CONTINUATION, LONG, TEN_SECOND_MARKET_ENTRY)[0m
[1m2024-04-10T02:02:20.000000000Z[0m [INFO] TRADER-001.nautilus_trading::strategy: DataActor-140721678948536 <--[EVT] OrderInitialized(instrument_id=BTCUSDT-PERP.BINANCE, client_order_id=O-20240410-020220-001-140721678948536-6, side=SELL, type=STOP_MARKET, quantity=2.773, time_in_force=GTC, post_only=false, reduce_only=true, quote_quantity=false, price=None, emulation_trigger=None, trigger_instrument_id=None, contingency_type=OUO, order_list_id=OL-20240410-020220-001-140721678948536-2, linked_order_ids=[O-20240410-020220-001-140721678948536-7], parent_order_id=O-20240410-020220-001-140721678948536-5, exec_algorithm_id=None, exec_algorithm_params=None, exec_spawn_id=None, tags=delayed-reaccept-btcusdt-000014, OBSERVED_RETEST_INVALIDATION)[0m
[1m2024-04-10T02:02:20.000000000Z[0m [INFO] TRADER-001.nautilus_trading::strategy: DataActor-140721678948536 <--[EVT] OrderInitialized(instrument_id=BTCUSDT-PERP.BINANCE, client_order_id=O-20240410-020220-001-140721678948536-7, side=SELL, type=LIMIT, quantity=2.773, time_in_force=GTC, post_only=false, reduce_only=true, quote_quantity=false, price=71048.3, emulation_trigger=None, trigger_instrument_id=None, contingency_type=OUO, order_list_id=OL-20240410-020220-001-140721678948536-2, linked_order_ids=[O-20240410-020220-001-140721678948536-6], parent_order_id=O-20240410-020220-001-140721678948536-5, exec_algorithm_id=None, exec_algorithm_params=None, exec_spawn_id=None, tags=delayed-reaccept-btcusdt-000014, ACTIVE_COMPLETED_EXTERNAL_TARGET)[0m
[1m2024-04-10T02:02:20.000000000Z[0m [INFO] TRADER-001.nautilus_trading::strategy: DataActor-140721678948536 [CMD]--> SubmitOrderList[0m
[1m2024-04-10T02:02:20.000000000Z[0m [94m[INFO] TRADER-001.nautilus_execution::engine: Submit OrderList(id=OL-20240410-020220-001-140721678948536-2, instrument_id=BTCUSDT-PERP.BINANCE, strategy_id=DataActor-140721678948536, client_order_ids=["O-20240410-020220-001-140721678948536-5", "O-20240410-020220-001-140721678948536-6", "O-20240410-020220-001-140721678948536-7"], ts_init=1712714540000000000)[0m
[1m2024-04-10T02:02:20.000000000Z[0m [INFO] TRADER-001.nautilus_trading::strategy: DataActor-140721678948536 <--[EVT] OrderSubmitted(instrument_id=BTCUSDT-PERP.BINANCE, client_order_id=O-20240410-020220-001-140721678948536-5, account_id=BINANCE-001, ts_event=1712714540000000000)[0m
[1m2024-04-10T02:02:20.000000000Z[0m [INFO] TRADER-001.nautilus_trading::strategy: DataActor-140721678948536 <--[EVT] OrderSubmitted(instrument_id=BTCUSDT-PERP.BINANCE, client_order_id=O-20240410-020220-001-140721678948536-6, account_id=BINANCE-001, ts_event=1712714540000000000)[0m
[1m2024-04-10T02:02:20.000000000Z[0m [INFO] TRADER-001.nautilus_trading::strategy: DataActor-140721678948536 <--[EVT] OrderSubmitted(instrument_id=BTCUSDT-PERP.BINANCE, client_order_id=O-20240410-020220-001-140721678948536-7, account_id=BINANCE-001, ts_event=1712714540000000000)[0m
[1m2024-04-10T02:02:20.000000000Z[0m [INFO] TRADER-001.nautilus_portfolio::manager: BTCUSDT-PERP.BINANCE margin_init=0.00000000 USDT[0m
[1m2024-04-10T02:02:20.000000000Z[0m [INFO] TRADER-001.nautilus_trading::strategy: DataActor-140721678948536 <--[EVT] OrderFilled(instrument_id=BTCUSDT-PERP.BINANCE, client_order_id=O-20240410-020220-001-140721678948536-5, venue_order_id=BINANCE-1-5, account_id=BINANCE-001, trade_id=T-8db9894947ac5fc7-51275, position_id=P-20240410-020220-001-140721678948536-2, order_side=BUY, order_type=MARKET, last_qty=2.773, last_px=69_558.2 USDT, commission=115.73093316 USDT, liquidity_side=TAKER, ts_event=1712714540000000000)[0m
[1m2024-04-10T02:02:20.000000000Z[0m [INFO] TRADER-001.nautilus_portfolio::portfolio: BTCUSDT-PERP.BINANCE net_position=2.773[0m
[1m2024-04-10T02:02:20.000000000Z[0m [INFO] TRADER-001.nautilus_portfolio::manager: BTCUSDT-PERP.BINANCE margin_maint=771.53955440 USDT[0m
[1m2024-04-10T02:02:20.000000000Z[0m [INFO] TRADER-001.nautilus_portfolio::portfolio: Updated AccountState(account_id=BINANCE-001, account_type=MARGIN, base_currency=USDT, is_reported=false, balances=[AccountBalance(total=99600.01932988 USDT, locked=771.53955440 USDT, free=98828.47977548 USDT)], margins=[MarginBalance(initial=0.00000000 USDT, maintenance=771.53955440 USDT, instrument_id=BTCUSDT-PERP.BINANCE)], event_id=58a09cb8-3244-4ef0-9e75-bfc0baa23ce4)[0m
[1m2024-04-10T02:02:20.000000000Z[0m [INFO] TRADER-001.nautilus_trading::strategy: DataActor-140721678948536 <--[EVT] PositionOpened(PositionOpened { trader_id: "TRADER-001", strategy_id: "DataActor-140721678948536", instrument_id: "BTCUSDT-PERP.BINANCE", position_id: "P-20240410-020220-001-140721678948536-2", account_id: "BINANCE-001", opening_order_id: "O-20240410-020220-001-140721678948536-5", entry: Buy, side: Long, signed_qty: 2.773, quantity: Quantity(2.773), last_qty: Quantity(2.773), last_px: Price(69558.2), currency: Currency(code='USDT', precision=8, iso4217=0, name='Tether', currency_type=CRYPTO), avg_px_open: 69558.20000000001, event_id: UUID4(2f4eb244-0e35-44b2-b63e-645418763809), ts_event: UnixNanos(1712714540000000000), ts_init: UnixNanos(1712714540000000000) })[0m
[1m2024-04-10T02:02:20.000000000Z[0m [INFO] TRADER-001.nautilus_portfolio::manager: BTCUSDT-PERP.BINANCE margin_init=0.00000000 USDT[0m
[1m2024-04-10T02:02:20.000000000Z[0m [INFO] TRADER-001.nautilus_portfolio::portfolio: Updated AccountState(account_id=BINANCE-001, account_type=MARGIN, base_currency=USDT, is_reported=false, balances=[AccountBalance(total=99600.01932988 USDT, locked=771.53955440 USDT, free=98828.47977548 USDT)], margins=[MarginBalance(initial=0.00000000 USDT, maintenance=771.53955440 USDT, instrument_id=BTCUSDT-PERP.BINANCE)], event_id=8089463e-4961-4d2f-8347-c8b492c31b67)[0m
[1m2024-04-10T02:02:20.000000000Z[0m [INFO] TRADER-001.nautilus_trading::strategy: DataActor-140721678948536 <--[EVT] OrderAccepted(instrument_id=BTCUSDT-PERP.BINANCE, client_order_id=O-20240410-020220-001-140721678948536-6, venue_order_id=BINANCE-1-6, account_id=BINANCE-001, ts_event=1712714540000000000)[0m
[1m2024-04-10T02:02:20.000000000Z[0m [INFO] TRADER-001.nautilus_portfolio::manager: BTCUSDT-PERP.BINANCE margin_init=0.00000000 USDT[0m
[1m2024-04-10T02:02:20.000000000Z[0m [INFO] TRADER-001.nautilus_portfolio::portfolio: Updated AccountState(account_id=BINANCE-001, account_type=MARGIN, base_currency=USDT, is_reported=false, balances=[AccountBalance(total=99600.01932988 USDT, locked=771.53955440 USDT, free=98828.47977548 USDT)], margins=[MarginBalance(initial=0.00000000 USDT, maintenance=771.53955440 USDT, instrument_id=BTCUSDT-PERP.BINANCE)], event_id=f1cd08eb-a419-4786-a3b3-1a930a134b5d)[0m
[1m2024-04-10T02:02:20.000000000Z[0m [INFO] TRADER-001.nautilus_trading::strategy: DataActor-140721678948536 <--[EVT] OrderAccepted(instrument_id=BTCUSDT-PERP.BINANCE, client_order_id=O-20240410-020220-001-140721678948536-7, venue_order_id=BINANCE-1-7, account_id=BINANCE-001, ts_event=1712714540000000000)[0m
[1m2024-04-10T02:02:20.000000000Z[0m [1;33m[WARN] TRADER-001.nautilus_common::cache: Cannot calculate unrealized PnL for P-20240410-020220-001-140721678948536-2, no quotes for BTCUSDT-PERP.BINANCE[0m
[1m2024-04-10T02:02:30.000000000Z[0m [1;33m[WARN] TRADER-001.nautilus_common::cache: Cannot calculate unrealized PnL for P-20240410-020220-001-140721678948536-2, no quotes for BTCUSDT-PERP.BINANCE[0m
[1m2024-04-10T02:02:40.000000000Z[0m [1;33m[WARN] TRADER-001.nautilus_common::cache: Cannot calculate unrealized PnL for P-20240410-020220-001-140721678948536-2, no quotes for BTCUSDT-PERP.BINANCE[0m
[1m2024-04-10T02:02:50.000000000Z[0m [1;33m[WARN] TRADER-001.nautilus_common::cache: Cannot calculate unrealized PnL for P-20240410-020220-001-140721678948536-2, no quotes for BTCUSDT-PERP.BINANCE[0m
[1m2024-04-10T02:02:59.999000000Z[0m [1;33m[WARN] TRADER-001.nautilus_common::cache: Cannot calculate unrealized PnL for P-20240410-020220-001-140721678948536-2, no quotes for BTCUSDT-PERP.BINANCE[0m
[1m2024-04-10T02:03:00.000000000Z[0m [1;33m[WARN] TRADER-001.nautilus_common::cache: Cannot calculate unrealized PnL for P-20240410-020220-001-140721678948536-2, no quotes for BTCUSDT-PERP.BINANCE[0m
[1m2024-04-10T02:03:10.000000000Z[0m [1;33m[WARN] TRADER-001.nautilus_common::cache: Cannot calculate unrealized PnL for P-20240410-020220-001-140721678948536-2, no quotes for BTCUSDT-PERP.BINANCE[0m
[1m2024-04-10T02:03:20.000000000Z[0m [1;33m[WARN] TRADER-001.nautilus_common::cache: Cannot calculate unrealized PnL for P-20240410-020220-001-140721678948536-2, no quotes for BTCUSDT-PERP.BINANCE[0m
[1m2024-04-10T02:03:30.000000000Z[0m [1;33m[WARN] TRADER-001.nautilus_common::cache: Cannot calculate unrealized PnL for P-20240410-020220-001-140721678948536-2, no quotes for BTCUSDT-PERP.BINANCE[0m
[1m2024-04-10T02:03:40.000000000Z[0m [1;33m[WARN] TRADER-001.nautilus_common::cache: Cannot calculate unrealized PnL for P-20240410-020220-001-140721678948536-2, no quotes for BTCUSDT-PERP.BINANCE[0m
[1m2024-04-10T02:03:50.000000000Z[0m [1;33m[WARN] TRADER-001.nautilus_common::cache: Cannot calculate unrealized PnL for P-20240410-020220-001-140721678948536-2, no quotes for BTCUSDT-PERP.BINANCE[0m
[1m2024-04-10T02:03:59.999000000Z[0m [1;33m[WARN] TRADER-001.nautilus_common::cache: Cannot calculate unrealized PnL for P-20240410-020220-001-140721678948536-2, no quotes for BTCUSDT-PERP.BINANCE[0m
[1m2024-04-10T02:04:00.000000000Z[0m [1;33m[WARN] TRADER-001.nautilus_common::cache: Cannot calculate unrealized PnL for P-20240410-020220-001-140721678948536-2, no quotes for BTCUSDT-PERP.BINANCE[0m
[1m2024-04-10T02:04:10.000000000Z[0m [1;33m[WARN] TRADER-001.nautilus_common::cache: Cannot calculate unrealized PnL for P-20240410-020220-001-140721678948536-2, no quotes for BTCUSDT-PERP.BINANCE[0m
[1m2024-04-10T02:04:20.000000000Z[0m [1;33m[WARN] TRADER-001.nautilus_common::cache: Cannot calculate unrealized PnL for P-20240410-020220-001-140721678948536-2, no quotes for BTCUSDT-PERP.BINANCE[0m
[1m2024-04-10T02:04:30.000000000Z[0m [1;33m[WARN] TRADER-001.nautilus_common::cache: Cannot calculate unrealized PnL for P-20240410-020220-001-140721678948536-2, no quotes for BTCUSDT-PERP.BINANCE[0m
[1m2024-04-10T02:04:40.000000000Z[0m [1;33m[WARN] TRADER-001.nautilus_common::cache: Cannot calculate unrealized PnL for P-20240410-020220-001-140721678948536-2, no quotes for BTCUSDT-PERP.BINANCE[0m
[1m2024-04-10T02:04:50.000000000Z[0m [1;33m[WARN] TRADER-001.nautilus_common::cache: Cannot calculate unrealized PnL for P-20240410-020220-001-140721678948536-2, no quotes for BTCUSDT-PERP.BINANCE[0m
[1m2024-04-10T02:04:59.999000000Z[0m [1;33m[WARN] TRADER-001.nautilus_common::cache: Cannot calculate unrealized PnL for P-20240410-020220-001-140721678948536-2, no quotes for BTCUSDT-PERP.BINANCE[0m
[1m2024-04-10T02:05:00.000000000Z[0m [1;33m[WARN] TRADER-001.nautilus_common::cache: Cannot calculate unrealized PnL for P-20240410-020220-001-140721678948536-2, no quotes for BTCUSDT-PERP.BINANCE[0m
[1m2024-04-10T02:05:10.000000000Z[0m [1;33m[WARN] TRADER-001.nautilus_common::cache: Cannot calculate unrealized PnL for P-20240410-020220-001-140721678948536-2, no quotes for BTCUSDT-PERP.BINANCE[0m
[1m2024-04-10T02:05:20.000000000Z[0m [1;33m[WARN] TRADER-001.nautilus_common::cache: Cannot calculate unrealized PnL for P-20240410-020220-001-140721678948536-2, no quotes for BTCUSDT-PERP.BINANCE[0m
[1m2024-04-10T02:05:30.000000000Z[0m [1;33m[WARN] TRADER-001.nautilus_common::cache: Cannot calculate unrealized PnL for P-20240410-020220-001-140721678948536-2, no quotes for BTCUSDT-PERP.BINANCE[0m
[1m2024-04-10T02:05:40.000000000Z[0m [1;33m[WARN] TRADER-001.nautilus_common::cache: Cannot calculate unrealized PnL for P-20240410-020220-001-140721678948536-2, no quotes for BTCUSDT-PERP.BINANCE[0m
[1m2024-04-10T02:05:50.000000000Z[0m [1;33m[WARN] TRADER-001.nautilus_common::cache: Cannot calculate unrealized PnL for P-20240410-020220-001-140721678948536-2, no quotes for BTCUSDT-PERP.BINANCE[0m
[1m2024-04-10T02:05:59.999000000Z[0m [1;33m[WARN] TRADER-001.nautilus_common::cache: Cannot calculate unrealized PnL for P-20240410-020220-001-140721678948536-2, no quotes for BTCUSDT-PERP.BINANCE[0m
[1m2024-04-10T02:06:00.000000000Z[0m [1;33m[WARN] TRADER-001.nautilus_common::cache: Cannot calculate unrealized PnL for P-20240410-020220-001-140721678948536-2, no quotes for BTCUSDT-PERP.BINANCE[0m
[1m2024-04-10T02:06:10.000000000Z[0m [1;33m[WARN] TRADER-001.nautilus_common::cache: Cannot calculate unrealized PnL for P-20240410-020220-001-140721678948536-2, no quotes for BTCUSDT-PERP.BINANCE[0m
[1m2024-04-10T02:06:20.000000000Z[0m [1;33m[WARN] TRADER-001.nautilus_common::cache: Cannot calculate unrealized PnL for P-20240410-020220-001-140721678948536-2, no quotes for BTCUSDT-PERP.BINANCE[0m
[1m2024-04-10T02:06:30.000000000Z[0m [1;33m[WARN] TRADER-001.nautilus_common::cache: Cannot calculate unrealized PnL for P-20240410-020220-001-140721678948536-2, no quotes for BTCUSDT-PERP.BINANCE[0m
[1m2024-04-10T02:06:40.000000000Z[0m [1;33m[WARN] TRADER-001.nautilus_common::cache: Cannot calculate unrealized PnL for P-20240410-020220-001-140721678948536-2, no quotes for BTCUSDT-PERP.BINANCE[0m
[1m2024-04-10T02:06:50.000000000Z[0m [1;33m[WARN] TRADER-001.nautilus_common::cache: Cannot calculate unrealized PnL for P-20240410-020220-001-140721678948536-2, no quotes for BTCUSDT-PERP.BINANCE[0m
[1m2024-04-10T02:06:59.999000000Z[0m [1;33m[WARN] TRADER-001.nautilus_common::cache: Cannot calculate unrealized PnL for P-20240410-020220-001-140721678948536-2, no quotes for BTCUSDT-PERP.BINANCE[0m
[1m2024-04-10T02:07:00.000000000Z[0m [1;33m[WARN] TRADER-001.nautilus_common::cache: Cannot calculate unrealized PnL for P-20240410-020220-001-140721678948536-2, no quotes for BTCUSDT-PERP.BINANCE[0m
[1m2024-04-10T02:07:10.000000000Z[0m [1;33m[WARN] TRADER-001.nautilus_common::cache: Cannot calculate unrealized PnL for P-20240410-020220-001-140721678948536-2, no quotes for BTCUSDT-PERP.BINANCE[0m
[1m2024-04-10T02:07:20.000000000Z[0m [1;33m[WARN] TRADER-001.nautilus_common::cache: Cannot calculate unrealized PnL for P-20240410-020220-001-140721678948536-2, no quotes for BTCUSDT-PERP.BINANCE[0m
[1m2024-04-10T02:07:30.000000000Z[0m [1;33m[WARN] TRADER-001.nautilus_common::cache: Cannot calculate unrealized PnL for P-20240410-020220-001-140721678948536-2, no quotes for BTCUSDT-PERP.BINANCE[0m
[1m2024-04-10T02:07:40.000000000Z[0m [1;33m[WARN] TRADER-001.nautilus_common::cache: Cannot calculate unrealized PnL for P-20240410-020220-001-140721678948536-2, no quotes for BTCUSDT-PERP.BINANCE[0m
[1m2024-04-10T02:07:50.000000000Z[0m [1;33m[WARN] TRADER-001.nautilus_common::cache: Cannot calculate unrealized PnL for P-20240410-020220-001-140721678948536-2, no quotes for BTCUSDT-PERP.BINANCE[0m
[1m2024-04-10T02:07:59.999000000Z[0m [1;33m[WARN] TRADER-001.nautilus_common::cache: Cannot calculate unrealized PnL for P-20240410-020220-001-140721678948536-2, no quotes for BTCUSDT-PERP.BINANCE[0m
[1m2024-04-10T02:08:00.000000000Z[0m [1;33m[WARN] TRADER-001.nautilus_common::cache: Cannot calculate unrealized PnL for P-20240410-020220-001-140721678948536-2, no quotes for BTCUSDT-PERP.BINANCE[0m
[1m2024-04-10T02:08:10.000000000Z[0m [1;33m[WARN] TRADER-001.nautilus_common::cache: Cannot calculate unrealized PnL for P-20240410-020220-001-140721678948536-2, no quotes for BTCUSDT-PERP.BINANCE[0m
[1m2024-04-10T02:08:20.000000000Z[0m [1;33m[WARN] TRADER-001.nautilus_common::cache: Cannot calculate unrealized PnL for P-20240410-020220-001-140721678948536-2, no quotes for BTCUSDT-PERP.BINANCE[0m
[1m2024-04-10T02:08:30.000000000Z[0m [1;33m[WARN] TRADER-001.nautilus_common::cache: Cannot calculate unrealized PnL for P-20240410-020220-001-140721678948536-2, no quotes for BTCUSDT-PERP.BINANCE[0m
[1m2024-04-10T02:08:40.000000000Z[0m [1;33m[WARN] TRADER-001.nautilus_common::cache: Cannot calculate unrealized PnL for P-20240410-020220-001-140721678948536-2, no quotes for BTCUSDT-PERP.BINANCE[0m
[1m2024-04-10T02:08:50.000000000Z[0m [1;33m[WARN] TRADER-001.nautilus_common::cache: Cannot calculate unrealized PnL for P-20240410-020220-001-140721678948536-2, no quotes for BTCUSDT-PERP.BINANCE[0m
[1m2024-04-10T02:08:59.999000000Z[0m [1;33m[WARN] TRADER-001.nautilus_common::cache: Cannot calculate unrealized PnL for P-20240410-020220-001-140721678948536-2, no quotes for BTCUSDT-PERP.BINANCE[0m
[1m2024-04-10T02:09:00.000000000Z[0m [1;33m[WARN] TRADER-001.nautilus_common::cache: Cannot calculate unrealized PnL for P-20240410-020220-001-140721678948536-2, no quotes for BTCUSDT-PERP.BINANCE[0m
[1m2024-04-10T02:09:10.000000000Z[0m [1;33m[WARN] TRADER-001.nautilus_common::cache: Cannot calculate unrealized PnL for P-20240410-020220-001-140721678948536-2, no quotes for BTCUSDT-PERP.BINANCE[0m
[1m2024-04-10T02:09:20.000000000Z[0m [1;33m[WARN] TRADER-001.nautilus_common::cache: Cannot calculate unrealized PnL for P-20240410-020220-001-140721678948536-2, no quotes for BTCUSDT-PERP.BINANCE[0m
[1m2024-04-10T02:09:30.000000000Z[0m [1;33m[WARN] TRADER-001.nautilus_common::cache: Cannot calculate unrealized PnL for P-20240410-020220-001-140721678948536-2, no quotes for BTCUSDT-PERP.BINANCE[0m
[1m2024-04-10T02:09:40.000000000Z[0m [1;33m[WARN] TRADER-001.nautilus_common::cache: Cannot calculate unrealized PnL for P-20240410-020220-001-140721678948536-2, no quotes for BTCUSDT-PERP.BINANCE[0m
[1m2024-04-10T02:09:50.000000000Z[0m [1;33m[WARN] TRADER-001.nautilus_common::cache: Cannot calculate unrealized PnL for P-20240410-020220-001-140721678948536-2, no quotes for BTCUSDT-PERP.BINANCE[0m
[1m2024-04-10T02:09:59.999000000Z[0m [1;33m[WARN] TRADER-001.nautilus_common::cache: Cannot calculate unrealized PnL for P-20240410-020220-001-140721678948536-2, no quotes for BTCUSDT-PERP.BINANCE[0m
[1m2024-04-10T02:10:00.000000000Z[0m [1;33m[WARN] TRADER-001.nautilus_common::cache: Cannot calculate unrealized PnL for P-20240410-020220-001-140721678948536-2, no quotes for BTCUSDT-PERP.BINANCE[0m
[1m2024-04-10T02:10:10.000000000Z[0m [1;33m[WARN] TRADER-001.nautilus_common::cache: Cannot calculate unrealized PnL for P-20240410-020220-001-140721678948536-2, no quotes for BTCUSDT-PERP.BINANCE[0m
[1m2024-04-10T02:10:20.000000000Z[0m [1;33m[WARN] TRADER-001.nautilus_common::cache: Cannot calculate unrealized PnL for P-20240410-020220-001-140721678948536-2, no quotes for BTCUSDT-PERP.BINANCE[0m
[1m2024-04-10T02:10:30.000000000Z[0m [1;33m[WARN] TRADER-001.nautilus_common::cache: Cannot calculate unrealized PnL for P-20240410-020220-001-140721678948536-2, no quotes for BTCUSDT-PERP.BINANCE[0m
[1m2024-04-10T02:10:40.000000000Z[0m [1;33m[WARN] TRADER-001.nautilus_common::cache: Cannot calculate unrealized PnL for P-20240410-020220-001-140721678948536-2, no quotes for BTCUSDT-PERP.BINANCE[0m
[1m2024-04-10T02:10:50.000000000Z[0m [1;33m[WARN] TRADER-001.nautilus_common::cache: Cannot calculate unrealized PnL for P-20240410-020220-001-140721678948536-2, no quotes for BTCUSDT-PERP.BINANCE[0m
[1m2024-04-10T02:10:59.999000000Z[0m [1;33m[WARN] TRADER-001.nautilus_common::cache: Cannot calculate unrealized PnL for P-20240410-020220-001-140721678948536-2, no quotes for BTCUSDT-PERP.BINANCE[0m
[1m2024-04-10T02:11:00.000000000Z[0m [1;33m[WARN] TRADER-001.nautilus_common::cache: Cannot calculate unrealized PnL for P-20240410-020220-001-140721678948536-2, no quotes for BTCUSDT-PERP.BINANCE[0m
[1m2024-04-10T02:11:10.000000000Z[0m [1;33m[WARN] TRADER-001.nautilus_common::cache: Cannot calculate unrealized PnL for P-20240410-020220-001-140721678948536-2, no quotes for BTCUSDT-PERP.BINANCE[0m
[1m2024-04-10T02:11:20.000000000Z[0m [1;33m[WARN] TRADER-001.nautilus_common::cache: Cannot calculate unrealized PnL for P-20240410-020220-001-140721678948536-2, no quotes for BTCUSDT-PERP.BINANCE[0m
[1m2024-04-10T02:11:30.000000000Z[0m [1;33m[WARN] TRADER-001.nautilus_common::cache: Cannot calculate unrealized PnL for P-20240410-020220-001-140721678948536-2, no quotes for BTCUSDT-PERP.BINANCE[0m
[1m2024-04-10T02:11:40.000000000Z[0m [1;33m[WARN] TRADER-001.nautilus_common::cache: Cannot calculate unrealized PnL for P-20240410-020220-001-140721678948536-2, no quotes for BTCUSDT-PERP.BINANCE[0m
[1m2024-04-10T02:11:50.000000000Z[0m [1;33m[WARN] TRADER-001.nautilus_common::cache: Cannot calculate unrealized PnL for P-20240410-020220-001-140721678948536-2, no quotes for BTCUSDT-PERP.BINANCE[0m
[1m2024-04-10T02:11:59.999000000Z[0m [1;33m[WARN] TRADER-001.nautilus_common::cache: Cannot calculate unrealized PnL for P-20240410-020220-001-140721678948536-2, no quotes for BTCUSDT-PERP.BINANCE[0m
[1m2024-04-10T02:12:00.000000000Z[0m [1;33m[WARN] TRADER-001.nautilus_common::cache: Cannot calculate unrealized PnL for P-20240410-020220-001-140721678948536-2, no quotes for BTCUSDT-PERP.BINANCE[0m
[1m2024-04-10T02:12:10.000000000Z[0m [1;33m[WARN] TRADER-001.nautilus_common::cache: Cannot calculate unrealized PnL for P-20240410-020220-001-140721678948536-2, no quotes for BTCUSDT-PERP.BINANCE[0m
[1m2024-04-10T02:12:20.000000000Z[0m [1;33m[WARN] TRADER-001.nautilus_common::cache: Cannot calculate unrealized PnL for P-20240410-020220-001-140721678948536-2, no quotes for BTCUSDT-PERP.BINANCE[0m
[1m2024-04-10T02:12:30.000000000Z[0m [1;33m[WARN] TRADER-001.nautilus_common::cache: Cannot calculate unrealized PnL for P-20240410-020220-001-140721678948536-2, no quotes for BTCUSDT-PERP.BINANCE[0m
[1m2024-04-10T02:12:40.000000000Z[0m [1;33m[WARN] TRADER-001.nautilus_common::cache: Cannot calculate unrealized PnL for P-20240410-020220-001-140721678948536-2, no quotes for BTCUSDT-PERP.BINANCE[0m
[1m2024-04-10T02:12:50.000000000Z[0m [1;33m[WARN] TRADER-001.nautilus_common::cache: Cannot calculate unrealized PnL for P-20240410-020220-001-140721678948536-2, no quotes for BTCUSDT-PERP.BINANCE[0m
[1m2024-04-10T02:12:59.999000000Z[0m [1;33m[WARN] TRADER-001.nautilus_common::cache: Cannot calculate unrealized PnL for P-20240410-020220-001-140721678948536-2, no quotes for BTCUSDT-PERP.BINANCE[0m
[1m2024-04-10T02:13:00.000000000Z[0m [1;33m[WARN] TRADER-001.nautilus_common::cache: Cannot calculate unrealized PnL for P-20240410-020220-001-140721678948536-2, no quotes for BTCUSDT-PERP.BINANCE[0m
[1m2024-04-10T02:13:10.000000000Z[0m [1;33m[WARN] TRADER-001.nautilus_common::cache: Cannot calculate unrealized PnL for P-20240410-020220-001-140721678948536-2, no quotes for BTCUSDT-PERP.BINANCE[0m
[1m2024-04-10T02:13:20.000000000Z[0m [1;33m[WARN] TRADER-001.nautilus_common::cache: Cannot calculate unrealized PnL for P-20240410-020220-001-140721678948536-2, no quotes for BTCUSDT-PERP.BINANCE[0m
[1m2024-04-10T02:13:30.000000000Z[0m [1;33m[WARN] TRADER-001.nautilus_common::cache: Cannot calculate unrealized PnL for P-20240410-020220-001-140721678948536-2, no quotes for BTCUSDT-PERP.BINANCE[0m
[1m2024-04-10T02:13:40.000000000Z[0m [1;33m[WARN] TRADER-001.nautilus_common::cache: Cannot calculate unrealized PnL for P-20240410-020220-001-140721678948536-2, no quotes for BTCUSDT-PERP.BINANCE[0m
[1m2024-04-10T02:13:50.000000000Z[0m [1;33m[WARN] TRADER-001.nautilus_common::cache: Cannot calculate unrealized PnL for P-20240410-020220-001-140721678948536-2, no quotes for BTCUSDT-PERP.BINANCE[0m
[1m2024-04-10T02:13:59.999000000Z[0m [1;33m[WARN] TRADER-001.nautilus_common::cache: Cannot calculate unrealized PnL for P-20240410-020220-001-140721678948536-2, no quotes for BTCUSDT-PERP.BINANCE[0m
[1m2024-04-10T02:14:00.000000000Z[0m [1;33m[WARN] TRADER-001.nautilus_common::cache: Cannot calculate unrealized PnL for P-20240410-020220-001-140721678948536-2, no quotes for BTCUSDT-PERP.BINANCE[0m
[1m2024-04-10T02:14:10.000000000Z[0m [1;33m[WARN] TRADER-001.nautilus_common::cache: Cannot calculate unrealized PnL for P-20240410-020220-001-140721678948536-2, no quotes for BTCUSDT-PERP.BINANCE[0m
[1m2024-04-10T02:14:20.000000000Z[0m [1;33m[WARN] TRADER-001.nautilus_common::cache: Cannot calculate unrealized PnL for P-20240410-020220-001-140721678948536-2, no quotes for BTCUSDT-PERP.BINANCE[0m
[1m2024-04-10T02:14:30.000000000Z[0m [1;33m[WARN] TRADER-001.nautilus_common::cache: Cannot calculate unrealized PnL for P-20240410-020220-001-140721678948536-2, no quotes for BTCUSDT-PERP.BINANCE[0m
[1m2024-04-10T02:14:40.000000000Z[0m [1;33m[WARN] TRADER-001.nautilus_common::cache: Cannot calculate unrealized PnL for P-20240410-020220-001-140721678948536-2, no quotes for BTCUSDT-PERP.BINANCE[0m
[1m2024-04-10T02:14:50.000000000Z[0m [1;33m[WARN] TRADER-001.nautilus_common::cache: Cannot calculate unrealized PnL for P-20240410-020220-001-140721678948536-2, no quotes for BTCUSDT-PERP.BINANCE[0m
[1m2024-04-10T02:14:59.999000000Z[0m [1;33m[WARN] TRADER-001.nautilus_common::cache: Cannot calculate unrealized PnL for P-20240410-020220-001-140721678948536-2, no quotes for BTCUSDT-PERP.BINANCE[0m
[1m2024-04-10T02:15:00.000000000Z[0m [1;33m[WARN] TRADER-001.nautilus_common::cache: Cannot calculate unrealized PnL for P-20240410-020220-001-140721678948536-2, no quotes for BTCUSDT-PERP.BINANCE[0m
[1m2024-04-10T02:15:10.000000000Z[0m [1;33m[WARN] TRADER-001.nautilus_common::cache: Cannot calculate unrealized PnL for P-20240410-020220-001-140721678948536-2, no quotes for BTCUSDT-PERP.BINANCE[0m
[1m2024-04-10T02:15:20.000000000Z[0m [1;33m[WARN] TRADER-001.nautilus_common::cache: Cannot calculate unrealized PnL for P-20240410-020220-001-140721678948536-2, no quotes for BTCUSDT-PERP.BINANCE[0m
[1m2024-04-10T02:15:30.000000000Z[0m [1;33m[WARN] TRADER-001.nautilus_common::cache: Cannot calculate unrealized PnL for P-20240410-020220-001-140721678948536-2, no quotes for BTCUSDT-PERP.BINANCE[0m
[1m2024-04-10T02:15:40.000000000Z[0m [1;33m[WARN] TRADER-001.nautilus_common::cache: Cannot calculate unrealized PnL for P-20240410-020220-001-140721678948536-2, no quotes for BTCUSDT-PERP.BINANCE[0m
[1m2024-04-10T02:15:50.000000000Z[0m [1;33m[WARN] TRADER-001.nautilus_common::cache: Cannot calculate unrealized PnL for P-20240410-020220-001-140721678948536-2, no quotes for BTCUSDT-PERP.BINANCE[0m
[1m2024-04-10T02:15:59.999000000Z[0m [1;33m[WARN] TRADER-001.nautilus_common::cache: Cannot calculate unrealized PnL for P-20240410-020220-001-140721678948536-2, no quotes for BTCUSDT-PERP.BINANCE[0m
[1m2024-04-10T02:16:00.000000000Z[0m [1;33m[WARN] TRADER-001.nautilus_common::cache: Cannot calculate unrealized PnL for P-20240410-020220-001-140721678948536-2, no quotes for BTCUSDT-PERP.BINANCE[0m
[1m2024-04-10T02:16:10.000000000Z[0m [1;33m[WARN] TRADER-001.nautilus_common::cache: Cannot calculate unrealized PnL for P-20240410-020220-001-140721678948536-2, no quotes for BTCUSDT-PERP.BINANCE[0m
[1m2024-04-10T02:16:20.000000000Z[0m [1;33m[WARN] TRADER-001.nautilus_common::cache: Cannot calculate unrealized PnL for P-20240410-020220-001-140721678948536-2, no quotes for BTCUSDT-PERP.BINANCE[0m
[1m2024-04-10T02:16:30.000000000Z[0m [1;33m[WARN] TRADER-001.nautilus_common::cache: Cannot calculate unrealized PnL for P-20240410-020220-001-140721678948536-2, no quotes for BTCUSDT-PERP.BINANCE[0m
[1m2024-04-10T02:16:40.000000000Z[0m [1;33m[WARN] TRADER-001.nautilus_common::cache: Cannot calculate unrealized PnL for P-20240410-020220-001-140721678948536-2, no quotes for BTCUSDT-PERP.BINANCE[0m
[1m2024-04-10T02:16:50.000000000Z[0m [1;33m[WARN] TRADER-001.nautilus_common::cache: Cannot calculate unrealized PnL for P-20240410-020220-001-140721678948536-2, no quotes for BTCUSDT-PERP.BINANCE[0m
[1m2024-04-10T02:16:59.999000000Z[0m [1;33m[WARN] TRADER-001.nautilus_common::cache: Cannot calculate unrealized PnL for P-20240410-020220-001-140721678948536-2, no quotes for BTCUSDT-PERP.BINANCE[0m
[1m2024-04-10T02:17:00.000000000Z[0m [1;33m[WARN] TRADER-001.nautilus_common::cache: Cannot calculate unrealized PnL for P-20240410-020220-001-140721678948536-2, no quotes for BTCUSDT-PERP.BINANCE[0m
[1m2024-04-10T02:17:10.000000000Z[0m [1;33m[WARN] TRADER-001.nautilus_common::cache: Cannot calculate unrealized PnL for P-20240410-020220-001-140721678948536-2, no quotes for BTCUSDT-PERP.BINANCE[0m
[1m2024-04-10T02:17:20.000000000Z[0m [1;33m[WARN] TRADER-001.nautilus_common::cache: Cannot calculate unrealized PnL for P-20240410-020220-001-140721678948536-2, no quotes for BTCUSDT-PERP.BINANCE[0m
[1m2024-04-10T02:17:30.000000000Z[0m [1;33m[WARN] TRADER-001.nautilus_common::cache: Cannot calculate unrealized PnL for P-20240410-020220-001-140721678948536-2, no quotes for BTCUSDT-PERP.BINANCE[0m
[1m2024-04-10T02:17:40.000000000Z[0m [1;33m[WARN] TRADER-001.nautilus_common::cache: Cannot calculate unrealized PnL for P-20240410-020220-001-140721678948536-2, no quotes for BTCUSDT-PERP.BINANCE[0m
[1m2024-04-10T02:17:50.000000000Z[0m [1;33m[WARN] TRADER-001.nautilus_common::cache: Cannot calculate unrealized PnL for P-20240410-020220-001-140721678948536-2, no quotes for BTCUSDT-PERP.BINANCE[0m
[1m2024-04-10T02:17:59.999000000Z[0m [1;33m[WARN] TRADER-001.nautilus_common::cache: Cannot calculate unrealized PnL for P-20240410-020220-001-140721678948536-2, no quotes for BTCUSDT-PERP.BINANCE[0m
[1m2024-04-10T02:18:00.000000000Z[0m [1;33m[WARN] TRADER-001.nautilus_common::cache: Cannot calculate unrealized PnL for P-20240410-020220-001-140721678948536-2, no quotes for BTCUSDT-PERP.BINANCE[0m
[1m2024-04-10T02:18:10.000000000Z[0m [1;33m[WARN] TRADER-001.nautilus_common::cache: Cannot calculate unrealized PnL for P-20240410-020220-001-140721678948536-2, no quotes for BTCUSDT-PERP.BINANCE[0m
[1m2024-04-10T02:18:20.000000000Z[0m [1;33m[WARN] TRADER-001.nautilus_common::cache: Cannot calculate unrealized PnL for P-20240410-020220-001-140721678948536-2, no quotes for BTCUSDT-PERP.BINANCE[0m
[1m2024-04-10T02:18:30.000000000Z[0m [1;33m[WARN] TRADER-001.nautilus_common::cache: Cannot calculate unrealized PnL for P-20240410-020220-001-140721678948536-2, no quotes for BTCUSDT-PERP.BINANCE[0m
[1m2024-04-10T02:18:40.000000000Z[0m [1;33m[WARN] TRADER-001.nautilus_common::cache: Cannot calculate unrealized PnL for P-20240410-020220-001-140721678948536-2, no quotes for BTCUSDT-PERP.BINANCE[0m
[1m2024-04-10T02:18:50.000000000Z[0m [1;33m[WARN] TRADER-001.nautilus_common::cache: Cannot calculate unrealized PnL for P-20240410-020220-001-140721678948536-2, no quotes for BTCUSDT-PERP.BINANCE[0m
[1m2024-04-10T02:18:59.999000000Z[0m [1;33m[WARN] TRADER-001.nautilus_common::cache: Cannot calculate unrealized PnL for P-20240410-020220-001-140721678948536-2, no quotes for BTCUSDT-PERP.BINANCE[0m
[1m2024-04-10T02:19:00.000000000Z[0m [1;33m[WARN] TRADER-001.nautilus_common::cache: Cannot calculate unrealized PnL for P-20240410-020220-001-140721678948536-2, no quotes for BTCUSDT-PERP.BINANCE[0m
[1m2024-04-10T02:19:10.000000000Z[0m [1;33m[WARN] TRADER-001.nautilus_common::cache: Cannot calculate unrealized PnL for P-20240410-020220-001-140721678948536-2, no quotes for BTCUSDT-PERP.BINANCE[0m
[1m2024-04-10T02:19:20.000000000Z[0m [1;33m[WARN] TRADER-001.nautilus_common::cache: Cannot calculate unrealized PnL for P-20240410-020220-001-140721678948536-2, no quotes for BTCUSDT-PERP.BINANCE[0m
[1m2024-04-10T02:19:30.000000000Z[0m [1;33m[WARN] TRADER-001.nautilus_common::cache: Cannot calculate unrealized PnL for P-20240410-020220-001-140721678948536-2, no quotes for BTCUSDT-PERP.BINANCE[0m
[1m2024-04-10T02:19:40.000000000Z[0m [1;33m[WARN] TRADER-001.nautilus_common::cache: Cannot calculate unrealized PnL for P-20240410-020220-001-140721678948536-2, no quotes for BTCUSDT-PERP.BINANCE[0m
[1m2024-04-10T02:19:50.000000000Z[0m [1;33m[WARN] TRADER-001.nautilus_common::cache: Cannot calculate unrealized PnL for P-20240410-020220-001-140721678948536-2, no quotes for BTCUSDT-PERP.BINANCE[0m
[1m2024-04-10T02:19:59.999000000Z[0m [1;33m[WARN] TRADER-001.nautilus_common::cache: Cannot calculate unrealized PnL for P-20240410-020220-001-140721678948536-2, no quotes for BTCUSDT-PERP.BINANCE[0m
[1m2024-04-10T02:20:00.000000000Z[0m [1;33m[WARN] TRADER-001.nautilus_common::cache: Cannot calculate unrealized PnL for P-20240410-020220-001-140721678948536-2, no quotes for BTCUSDT-PERP.BINANCE[0m
[1m2024-04-10T02:20:10.000000000Z[0m [1;33m[WARN] TRADER-001.nautilus_common::cache: Cannot calculate unrealized PnL for P-20240410-020220-001-140721678948536-2, no quotes for BTCUSDT-PERP.BINANCE[0m
[1m2024-04-10T02:20:20.000000000Z[0m [1;33m[WARN] TRADER-001.nautilus_common::cache: Cannot calculate unrealized PnL for P-20240410-020220-001-140721678948536-2, no quotes for BTCUSDT-PERP.BINANCE[0m
[1m2024-04-10T02:20:30.000000000Z[0m [1;33m[WARN] TRADER-001.nautilus_common::cache: Cannot calculate unrealized PnL for P-20240410-020220-001-140721678948536-2, no quotes for BTCUSDT-PERP.BINANCE[0m
[1m2024-04-10T02:20:40.000000000Z[0m [1;33m[WARN] TRADER-001.nautilus_common::cache: Cannot calculate unrealized PnL for P-20240410-020220-001-140721678948536-2, no quotes for BTCUSDT-PERP.BINANCE[0m
[1m2024-04-10T02:20:50.000000000Z[0m [1;33m[WARN] TRADER-001.nautilus_common::cache: Cannot calculate unrealized PnL for P-20240410-020220-001-140721678948536-2, no quotes for BTCUSDT-PERP.BINANCE[0m
[1m2024-04-10T02:20:59.999000000Z[0m [1;33m[WARN] TRADER-001.nautilus_common::cache: Cannot calculate unrealized PnL for P-20240410-020220-001-140721678948536-2, no quotes for BTCUSDT-PERP.BINANCE[0m
[1m2024-04-10T02:21:00.000000000Z[0m [1;33m[WARN] TRADER-001.nautilus_common::cache: Cannot calculate unrealized PnL for P-20240410-020220-001-140721678948536-2, no quotes for BTCUSDT-PERP.BINANCE[0m
[1m2024-04-10T02:21:10.000000000Z[0m [1;33m[WARN] TRADER-001.nautilus_common::cache: Cannot calculate unrealized PnL for P-20240410-020220-001-140721678948536-2, no quotes for BTCUSDT-PERP.BINANCE[0m
[1m2024-04-10T02:21:20.000000000Z[0m [1;33m[WARN] TRADER-001.nautilus_common::cache: Cannot calculate unrealized PnL for P-20240410-020220-001-140721678948536-2, no quotes for BTCUSDT-PERP.BINANCE[0m
[1m2024-04-10T02:21:30.000000000Z[0m [1;33m[WARN] TRADER-001.nautilus_common::cache: Cannot calculate unrealized PnL for P-20240410-020220-001-140721678948536-2, no quotes for BTCUSDT-PERP.BINANCE[0m
[1m2024-04-10T02:21:40.000000000Z[0m [1;33m[WARN] TRADER-001.nautilus_common::cache: Cannot calculate unrealized PnL for P-20240410-020220-001-140721678948536-2, no quotes for BTCUSDT-PERP.BINANCE[0m
[1m2024-04-10T02:21:50.000000000Z[0m [1;33m[WARN] TRADER-001.nautilus_common::cache: Cannot calculate unrealized PnL for P-20240410-020220-001-140721678948536-2, no quotes for BTCUSDT-PERP.BINANCE[0m
[1m2024-04-10T02:21:59.999000000Z[0m [1;33m[WARN] TRADER-001.nautilus_common::cache: Cannot calculate unrealized PnL for P-20240410-020220-001-140721678948536-2, no quotes for BTCUSDT-PERP.BINANCE[0m
[1m2024-04-10T02:22:00.000000000Z[0m [1;33m[WARN] TRADER-001.nautilus_common::cache: Cannot calculate unrealized PnL for P-20240410-020220-001-140721678948536-2, no quotes for BTCUSDT-PERP.BINANCE[0m
[1m2024-04-10T02:22:10.000000000Z[0m [1;33m[WARN] TRADER-001.nautilus_common::cache: Cannot calculate unrealized PnL for P-20240410-020220-001-140721678948536-2, no quotes for BTCUSDT-PERP.BINANCE[0m
[1m2024-04-10T02:22:20.000000000Z[0m [1;33m[WARN] TRADER-001.nautilus_common::cache: Cannot calculate unrealized PnL for P-20240410-020220-001-140721678948536-2, no quotes for BTCUSDT-PERP.BINANCE[0m
[1m2024-04-10T02:22:30.000000000Z[0m [1;33m[WARN] TRADER-001.nautilus_common::cache: Cannot calculate unrealized PnL for P-20240410-020220-001-140721678948536-2, no quotes for BTCUSDT-PERP.BINANCE[0m
[1m2024-04-10T02:22:40.000000000Z[0m [1;33m[WARN] TRADER-001.nautilus_common::cache: Cannot calculate unrealized PnL for P-20240410-020220-001-140721678948536-2, no quotes for BTCUSDT-PERP.BINANCE[0m
[1m2024-04-10T02:22:50.000000000Z[0m [1;33m[WARN] TRADER-001.nautilus_common::cache: Cannot calculate unrealized PnL for P-20240410-020220-001-140721678948536-2, no quotes for BTCUSDT-PERP.BINANCE[0m
[1m2024-04-10T02:22:59.999000000Z[0m [1;33m[WARN] TRADER-001.nautilus_common::cache: Cannot calculate unrealized PnL for P-20240410-020220-001-140721678948536-2, no quotes for BTCUSDT-PERP.BINANCE[0m
[1m2024-04-10T02:23:00.000000000Z[0m [1;33m[WARN] TRADER-001.nautilus_common::cache: Cannot calculate unrealized PnL for P-20240410-020220-001-140721678948536-2, no quotes for BTCUSDT-PERP.BINANCE[0m
[1m2024-04-10T02:23:10.000000000Z[0m [1;33m[WARN] TRADER-001.nautilus_common::cache: Cannot calculate unrealized PnL for P-20240410-020220-001-140721678948536-2, no quotes for BTCUSDT-PERP.BINANCE[0m
[1m2024-04-10T02:23:20.000000000Z[0m [1;33m[WARN] TRADER-001.nautilus_common::cache: Cannot calculate unrealized PnL for P-20240410-020220-001-140721678948536-2, no quotes for BTCUSDT-PERP.BINANCE[0m
[1m2024-04-10T02:23:30.000000000Z[0m [1;33m[WARN] TRADER-001.nautilus_common::cache: Cannot calculate unrealized PnL for P-20240410-020220-001-140721678948536-2, no quotes for BTCUSDT-PERP.BINANCE[0m
[1m2024-04-10T02:23:40.000000000Z[0m [1;33m[WARN] TRADER-001.nautilus_common::cache: Cannot calculate unrealized PnL for P-20240410-020220-001-140721678948536-2, no quotes for BTCUSDT-PERP.BINANCE[0m
[1m2024-04-10T02:23:50.000000000Z[0m [1;33m[WARN] TRADER-001.nautilus_common::cache: Cannot calculate unrealized PnL for P-20240410-020220-001-140721678948536-2, no quotes for BTCUSDT-PERP.BINANCE[0m
[1m2024-04-10T02:23:59.999000000Z[0m [1;33m[WARN] TRADER-001.nautilus_common::cache: Cannot calculate unrealized PnL for P-20240410-020220-001-140721678948536-2, no quotes for BTCUSDT-PERP.BINANCE[0m
[1m2024-04-10T02:24:00.000000000Z[0m [1;33m[WARN] TRADER-001.nautilus_common::cache: Cannot calculate unrealized PnL for P-20240410-020220-001-140721678948536-2, no quotes for BTCUSDT-PERP.BINANCE[0m
[1m2024-04-10T02:24:10.000000000Z[0m [1;33m[WARN] TRADER-001.nautilus_common::cache: Cannot calculate unrealized PnL for P-20240410-020220-001-140721678948536-2, no quotes for BTCUSDT-PERP.BINANCE[0m
[1m2024-04-10T02:24:20.000000000Z[0m [1;33m[WARN] TRADER-001.nautilus_common::cache: Cannot calculate unrealized PnL for P-20240410-020220-001-140721678948536-2, no quotes for BTCUSDT-PERP.BINANCE[0m
[1m2024-04-10T02:24:30.000000000Z[0m [1;33m[WARN] TRADER-001.nautilus_common::cache: Cannot calculate unrealized PnL for P-20240410-020220-001-140721678948536-2, no quotes for BTCUSDT-PERP.BINANCE[0m
[1m2024-04-10T02:24:40.000000000Z[0m [1;33m[WARN] TRADER-001.nautilus_common::cache: Cannot calculate unrealized PnL for P-20240410-020220-001-140721678948536-2, no quotes for BTCUSDT-PERP.BINANCE[0m
[1m2024-04-10T02:24:50.000000000Z[0m [1;33m[WARN] TRADER-001.nautilus_common::cache: Cannot calculate unrealized PnL for P-20240410-020220-001-140721678948536-2, no quotes for BTCUSDT-PERP.BINANCE[0m
[1m2024-04-10T02:24:59.999000000Z[0m [1;33m[WARN] TRADER-001.nautilus_common::cache: Cannot calculate unrealized PnL for P-20240410-020220-001-140721678948536-2, no quotes for BTCUSDT-PERP.BINANCE[0m
[1m2024-04-10T02:25:00.000000000Z[0m [1;33m[WARN] TRADER-001.nautilus_common::cache: Cannot calculate unrealized PnL for P-20240410-020220-001-140721678948536-2, no quotes for BTCUSDT-PERP.BINANCE[0m
[1m2024-04-10T02:25:10.000000000Z[0m [1;33m[WARN] TRADER-001.nautilus_common::cache: Cannot calculate unrealized PnL for P-20240410-020220-001-140721678948536-2, no quotes for BTCUSDT-PERP.BINANCE[0m
[1m2024-04-10T02:25:20.000000000Z[0m [1;33m[WARN] TRADER-001.nautilus_common::cache: Cannot calculate unrealized PnL for P-20240410-020220-001-140721678948536-2, no quotes for BTCUSDT-PERP.BINANCE[0m
[1m2024-04-10T02:25:30.000000000Z[0m [1;33m[WARN] TRADER-001.nautilus_common::cache: Cannot calculate unrealized PnL for P-20240410-020220-001-140721678948536-2, no quotes for BTCUSDT-PERP.BINANCE[0m
[1m2024-04-10T02:25:40.000000000Z[0m [1;33m[WARN] TRADER-001.nautilus_common::cache: Cannot calculate unrealized PnL for P-20240410-020220-001-140721678948536-2, no quotes for BTCUSDT-PERP.BINANCE[0m
[1m2024-04-10T02:25:50.000000000Z[0m [1;33m[WARN] TRADER-001.nautilus_common::cache: Cannot calculate unrealized PnL for P-20240410-020220-001-140721678948536-2, no quotes for BTCUSDT-PERP.BINANCE[0m
[1m2024-04-10T02:25:59.999000000Z[0m [1;33m[WARN] TRADER-001.nautilus_common::cache: Cannot calculate unrealized PnL for P-20240410-020220-001-140721678948536-2, no quotes for BTCUSDT-PERP.BINANCE[0m
[1m2024-04-10T02:26:00.000000000Z[0m [1;33m[WARN] TRADER-001.nautilus_common::cache: Cannot calculate unrealized PnL for P-20240410-020220-001-140721678948536-2, no quotes for BTCUSDT-PERP.BINANCE[0m
[1m2024-04-10T02:26:10.000000000Z[0m [1;33m[WARN] TRADER-001.nautilus_common::cache: Cannot calculate unrealized PnL for P-20240410-020220-001-140721678948536-2, no quotes for BTCUSDT-PERP.BINANCE[0m
[1m2024-04-10T02:26:20.000000000Z[0m [1;33m[WARN] TRADER-001.nautilus_common::cache: Cannot calculate unrealized PnL for P-20240410-020220-001-140721678948536-2, no quotes for BTCUSDT-PERP.BINANCE[0m
[1m2024-04-10T02:26:30.000000000Z[0m [1;33m[WARN] TRADER-001.nautilus_common::cache: Cannot calculate unrealized PnL for P-20240410-020220-001-140721678948536-2, no quotes for BTCUSDT-PERP.BINANCE[0m
[1m2024-04-10T02:26:40.000000000Z[0m [1;33m[WARN] TRADER-001.nautilus_common::cache: Cannot calculate unrealized PnL for P-20240410-020220-001-140721678948536-2, no quotes for BTCUSDT-PERP.BINANCE[0m
[1m2024-04-10T02:26:50.000000000Z[0m [1;33m[WARN] TRADER-001.nautilus_common::cache: Cannot calculate unrealized PnL for P-20240410-020220-001-140721678948536-2, no quotes for BTCUSDT-PERP.BINANCE[0m
[1m2024-04-10T02:26:59.999000000Z[0m [1;33m[WARN] TRADER-001.nautilus_common::cache: Cannot calculate unrealized PnL for P-20240410-020220-001-140721678948536-2, no quotes for BTCUSDT-PERP.BINANCE[0m
[1m2024-04-10T02:27:00.000000000Z[0m [1;33m[WARN] TRADER-001.nautilus_common::cache: Cannot calculate unrealized PnL for P-20240410-020220-001-140721678948536-2, no quotes for BTCUSDT-PERP.BINANCE[0m
[1m2024-04-10T02:27:10.000000000Z[0m [1;33m[WARN] TRADER-001.nautilus_common::cache: Cannot calculate unrealized PnL for P-20240410-020220-001-140721678948536-2, no quotes for BTCUSDT-PERP.BINANCE[0m
[1m2024-04-10T02:27:20.000000000Z[0m [1;33m[WARN] TRADER-001.nautilus_common::cache: Cannot calculate unrealized PnL for P-20240410-020220-001-140721678948536-2, no quotes for BTCUSDT-PERP.BINANCE[0m
[1m2024-04-10T02:27:30.000000000Z[0m [1;33m[WARN] TRADER-001.nautilus_common::cache: Cannot calculate unrealized PnL for P-20240410-020220-001-140721678948536-2, no quotes for BTCUSDT-PERP.BINANCE[0m
[1m2024-04-10T02:27:40.000000000Z[0m [1;33m[WARN] TRADER-001.nautilus_common::cache: Cannot calculate unrealized PnL for P-20240410-020220-001-140721678948536-2, no quotes for BTCUSDT-PERP.BINANCE[0m
[1m2024-04-10T02:27:50.000000000Z[0m [1;33m[WARN] TRADER-001.nautilus_common::cache: Cannot calculate unrealized PnL for P-20240410-020220-001-140721678948536-2, no quotes for BTCUSDT-PERP.BINANCE[0m
[1m2024-04-10T02:27:59.999000000Z[0m [1;33m[WARN] TRADER-001.nautilus_common::cache: Cannot calculate unrealized PnL for P-20240410-020220-001-140721678948536-2, no quotes for BTCUSDT-PERP.BINANCE[0m
[1m2024-04-10T02:28:00.000000000Z[0m [1;33m[WARN] TRADER-001.nautilus_common::cache: Cannot calculate unrealized PnL for P-20240410-020220-001-140721678948536-2, no quotes for BTCUSDT-PERP.BINANCE[0m
[1m2024-04-10T02:28:10.000000000Z[0m [1;33m[WARN] TRADER-001.nautilus_common::cache: Cannot calculate unrealized PnL for P-20240410-020220-001-140721678948536-2, no quotes for BTCUSDT-PERP.BINANCE[0m
[1m2024-04-10T02:28:20.000000000Z[0m [1;33m[WARN] TRADER-001.nautilus_common::cache: Cannot calculate unrealized PnL for P-20240410-020220-001-140721678948536-2, no quotes for BTCUSDT-PERP.BINANCE[0m
[1m2024-04-10T02:28:30.000000000Z[0m [1;33m[WARN] TRADER-001.nautilus_common::cache: Cannot calculate unrealized PnL for P-20240410-020220-001-140721678948536-2, no quotes for BTCUSDT-PERP.BINANCE[0m
[1m2024-04-10T02:28:40.000000000Z[0m [1;33m[WARN] TRADER-001.nautilus_common::cache: Cannot calculate unrealized PnL for P-20240410-020220-001-140721678948536-2, no quotes for BTCUSDT-PERP.BINANCE[0m
[1m2024-04-10T02:28:50.000000000Z[0m [1;33m[WARN] TRADER-001.nautilus_common::cache: Cannot calculate unrealized PnL for P-20240410-020220-001-140721678948536-2, no quotes for BTCUSDT-PERP.BINANCE[0m
[1m2024-04-10T02:28:59.999000000Z[0m [1;33m[WARN] TRADER-001.nautilus_common::cache: Cannot calculate unrealized PnL for P-20240410-020220-001-140721678948536-2, no quotes for BTCUSDT-PERP.BINANCE[0m
[1m2024-04-10T02:29:00.000000000Z[0m [1;33m[WARN] TRADER-001.nautilus_common::cache: Cannot calculate unrealized PnL for P-20240410-020220-001-140721678948536-2, no quotes for BTCUSDT-PERP.BINANCE[0m
[1m2024-04-10T02:29:10.000000000Z[0m [1;33m[WARN] TRADER-001.nautilus_common::cache: Cannot calculate unrealized PnL for P-20240410-020220-001-140721678948536-2, no quotes for BTCUSDT-PERP.BINANCE[0m
[1m2024-04-10T02:29:20.000000000Z[0m [1;33m[WARN] TRADER-001.nautilus_common::cache: Cannot calculate unrealized PnL for P-20240410-020220-001-140721678948536-2, no quotes for BTCUSDT-PERP.BINANCE[0m
[1m2024-04-10T02:29:30.000000000Z[0m [1;33m[WARN] TRADER-001.nautilus_common::cache: Cannot calculate unrealized PnL for P-20240410-020220-001-140721678948536-2, no quotes for BTCUSDT-PERP.BINANCE[0m
[1m2024-04-10T02:29:40.000000000Z[0m [1;33m[WARN] TRADER-001.nautilus_common::cache: Cannot calculate unrealized PnL for P-20240410-020220-001-140721678948536-2, no quotes for BTCUSDT-PERP.BINANCE[0m
[1m2024-04-10T02:29:50.000000000Z[0m [1;33m[WARN] TRADER-001.nautilus_common::cache: Cannot calculate unrealized PnL for P-20240410-020220-001-140721678948536-2, no quotes for BTCUSDT-PERP.BINANCE[0m
[1m2024-04-10T02:29:59.999000000Z[0m [1;33m[WARN] TRADER-001.nautilus_common::cache: Cannot calculate unrealized PnL for P-20240410-020220-001-140721678948536-2, no quotes for BTCUSDT-PERP.BINANCE[0m
[1m2024-04-10T02:30:00.000000000Z[0m [1;33m[WARN] TRADER-001.nautilus_common::cache: Cannot calculate unrealized PnL for P-20240410-020220-001-140721678948536-2, no quotes for BTCUSDT-PERP.BINANCE[0m
[1m2024-04-10T02:30:10.000000000Z[0m [1;33m[WARN] TRADER-001.nautilus_common::cache: Cannot calculate unrealized PnL for P-20240410-020220-001-140721678948536-2, no quotes for BTCUSDT-PERP.BINANCE[0m
[1m2024-04-10T02:30:20.000000000Z[0m [1;33m[WARN] TRADER-001.nautilus_common::cache: Cannot calculate unrealized PnL for P-20240410-020220-001-140721678948536-2, no quotes for BTCUSDT-PERP.BINANCE[0m
[1m2024-04-10T02:30:30.000000000Z[0m [1;33m[WARN] TRADER-001.nautilus_common::cache: Cannot calculate unrealized PnL for P-20240410-020220-001-140721678948536-2, no quotes for BTCUSDT-PERP.BINANCE[0m
[1m2024-04-10T02:30:40.000000000Z[0m [1;33m[WARN] TRADER-001.nautilus_common::cache: Cannot calculate unrealized PnL for P-20240410-020220-001-140721678948536-2, no quotes for BTCUSDT-PERP.BINANCE[0m
[1m2024-04-10T02:30:50.000000000Z[0m [1;33m[WARN] TRADER-001.nautilus_common::cache: Cannot calculate unrealized PnL for P-20240410-020220-001-140721678948536-2, no quotes for BTCUSDT-PERP.BINANCE[0m
[1m2024-04-10T02:30:59.999000000Z[0m [1;33m[WARN] TRADER-001.nautilus_common::cache: Cannot calculate unrealized PnL for P-20240410-020220-001-140721678948536-2, no quotes for BTCUSDT-PERP.BINANCE[0m
[1m2024-04-10T02:31:00.000000000Z[0m [1;33m[WARN] TRADER-001.nautilus_common::cache: Cannot calculate unrealized PnL for P-20240410-020220-001-140721678948536-2, no quotes for BTCUSDT-PERP.BINANCE[0m
[1m2024-04-10T02:31:10.000000000Z[0m [1;33m[WARN] TRADER-001.nautilus_common::cache: Cannot calculate unrealized PnL for P-20240410-020220-001-140721678948536-2, no quotes for BTCUSDT-PERP.BINANCE[0m
[1m2024-04-10T02:31:20.000000000Z[0m [1;33m[WARN] TRADER-001.nautilus_common::cache: Cannot calculate unrealized PnL for P-20240410-020220-001-140721678948536-2, no quotes for BTCUSDT-PERP.BINANCE[0m
[1m2024-04-10T02:31:30.000000000Z[0m [1;33m[WARN] TRADER-001.nautilus_common::cache: Cannot calculate unrealized PnL for P-20240410-020220-001-140721678948536-2, no quotes for BTCUSDT-PERP.BINANCE[0m
[1m2024-04-10T02:31:40.000000000Z[0m [1;33m[WARN] TRADER-001.nautilus_common::cache: Cannot calculate unrealized PnL for P-20240410-020220-001-140721678948536-2, no quotes for BTCUSDT-PERP.BINANCE[0m
[1m2024-04-10T02:31:50.000000000Z[0m [1;33m[WARN] TRADER-001.nautilus_common::cache: Cannot calculate unrealized PnL for P-20240410-020220-001-140721678948536-2, no quotes for BTCUSDT-PERP.BINANCE[0m
[1m2024-04-10T02:31:59.999000000Z[0m [1;33m[WARN] TRADER-001.nautilus_common::cache: Cannot calculate unrealized PnL for P-20240410-020220-001-140721678948536-2, no quotes for BTCUSDT-PERP.BINANCE[0m
[1m2024-04-10T02:32:00.000000000Z[0m [1;33m[WARN] TRADER-001.nautilus_common::cache: Cannot calculate unrealized PnL for P-20240410-020220-001-140721678948536-2, no quotes for BTCUSDT-PERP.BINANCE[0m
[1m2024-04-10T02:32:10.000000000Z[0m [1;33m[WARN] TRADER-001.nautilus_common::cache: Cannot calculate unrealized PnL for P-20240410-020220-001-140721678948536-2, no quotes for BTCUSDT-PERP.BINANCE[0m
[1m2024-04-10T02:32:20.000000000Z[0m [1;33m[WARN] TRADER-001.nautilus_common::cache: Cannot calculate unrealized PnL for P-20240410-020220-001-140721678948536-2, no quotes for BTCUSDT-PERP.BINANCE[0m
[1m2024-04-10T02:32:30.000000000Z[0m [1;33m[WARN] TRADER-001.nautilus_common::cache: Cannot calculate unrealized PnL for P-20240410-020220-001-140721678948536-2, no quotes for BTCUSDT-PERP.BINANCE[0m
[1m2024-04-10T02:32:40.000000000Z[0m [1;33m[WARN] TRADER-001.nautilus_common::cache: Cannot calculate unrealized PnL for P-20240410-020220-001-140721678948536-2, no quotes for BTCUSDT-PERP.BINANCE[0m
[1m2024-04-10T02:32:50.000000000Z[0m [1;33m[WARN] TRADER-001.nautilus_common::cache: Cannot calculate unrealized PnL for P-20240410-020220-001-140721678948536-2, no quotes for BTCUSDT-PERP.BINANCE[0m
[1m2024-04-10T02:32:59.999000000Z[0m [1;33m[WARN] TRADER-001.nautilus_common::cache: Cannot calculate unrealized PnL for P-20240410-020220-001-140721678948536-2, no quotes for BTCUSDT-PERP.BINANCE[0m
[1m2024-04-10T02:33:00.000000000Z[0m [1;33m[WARN] TRADER-001.nautilus_common::cache: Cannot calculate unrealized PnL for P-20240410-020220-001-140721678948536-2, no quotes for BTCUSDT-PERP.BINANCE[0m
[1m2024-04-10T02:33:10.000000000Z[0m [1;33m[WARN] TRADER-001.nautilus_common::cache: Cannot calculate unrealized PnL for P-20240410-020220-001-140721678948536-2, no quotes for BTCUSDT-PERP.BINANCE[0m
[1m2024-04-10T02:33:20.000000000Z[0m [1;33m[WARN] TRADER-001.nautilus_common::cache: Cannot calculate unrealized PnL for P-20240410-020220-001-140721678948536-2, no quotes for BTCUSDT-PERP.BINANCE[0m
[1m2024-04-10T02:33:30.000000000Z[0m [1;33m[WARN] TRADER-001.nautilus_common::cache: Cannot calculate unrealized PnL for P-20240410-020220-001-140721678948536-2, no quotes for BTCUSDT-PERP.BINANCE[0m
[1m2024-04-10T02:33:40.000000000Z[0m [1;33m[WARN] TRADER-001.nautilus_common::cache: Cannot calculate unrealized PnL for P-20240410-020220-001-140721678948536-2, no quotes for BTCUSDT-PERP.BINANCE[0m
[1m2024-04-10T02:33:50.000000000Z[0m [1;33m[WARN] TRADER-001.nautilus_common::cache: Cannot calculate unrealized PnL for P-20240410-020220-001-140721678948536-2, no quotes for BTCUSDT-PERP.BINANCE[0m
[1m2024-04-10T02:33:59.999000000Z[0m [1;33m[WARN] TRADER-001.nautilus_common::cache: Cannot calculate unrealized PnL for P-20240410-020220-001-140721678948536-2, no quotes for BTCUSDT-PERP.BINANCE[0m
[1m2024-04-10T02:34:00.000000000Z[0m [1;33m[WARN] TRADER-001.nautilus_common::cache: Cannot calculate unrealized PnL for P-20240410-020220-001-140721678948536-2, no quotes for BTCUSDT-PERP.BINANCE[0m
[1m2024-04-10T02:34:10.000000000Z[0m [1;33m[WARN] TRADER-001.nautilus_common::cache: Cannot calculate unrealized PnL for P-20240410-020220-001-140721678948536-2, no quotes for BTCUSDT-PERP.BINANCE[0m
[1m2024-04-10T02:34:20.000000000Z[0m [1;33m[WARN] TRADER-001.nautilus_common::cache: Cannot calculate unrealized PnL for P-20240410-020220-001-140721678948536-2, no quotes for BTCUSDT-PERP.BINANCE[0m
[1m2024-04-10T02:34:30.000000000Z[0m [1;33m[WARN] TRADER-001.nautilus_common::cache: Cannot calculate unrealized PnL for P-20240410-020220-001-140721678948536-2, no quotes for BTCUSDT-PERP.BINANCE[0m
[1m2024-04-10T02:34:40.000000000Z[0m [1;33m[WARN] TRADER-001.nautilus_common::cache: Cannot calculate unrealized PnL for P-20240410-020220-001-140721678948536-2, no quotes for BTCUSDT-PERP.BINANCE[0m
[1m2024-04-10T02:34:50.000000000Z[0m [1;33m[WARN] TRADER-001.nautilus_common::cache: Cannot calculate unrealized PnL for P-20240410-020220-001-140721678948536-2, no quotes for BTCUSDT-PERP.BINANCE[0m
[1m2024-04-10T02:34:59.999000000Z[0m [1;33m[WARN] TRADER-001.nautilus_common::cache: Cannot calculate unrealized PnL for P-20240410-020220-001-140721678948536-2, no quotes for BTCUSDT-PERP.BINANCE[0m
[1m2024-04-10T02:35:00.000000000Z[0m [1;33m[WARN] TRADER-001.nautilus_common::cache: Cannot calculate unrealized PnL for P-20240410-020220-001-140721678948536-2, no quotes for BTCUSDT-PERP.BINANCE[0m
[1m2024-04-10T02:35:10.000000000Z[0m [1;33m[WARN] TRADER-001.nautilus_common::cache: Cannot calculate unrealized PnL for P-20240410-020220-001-140721678948536-2, no quotes for BTCUSDT-PERP.BINANCE[0m
[1m2024-04-10T02:35:20.000000000Z[0m [1;33m[WARN] TRADER-001.nautilus_common::cache: Cannot calculate unrealized PnL for P-20240410-020220-001-140721678948536-2, no quotes for BTCUSDT-PERP.BINANCE[0m
[1m2024-04-10T02:35:30.000000000Z[0m [1;33m[WARN] TRADER-001.nautilus_common::cache: Cannot calculate unrealized PnL for P-20240410-020220-001-140721678948536-2, no quotes for BTCUSDT-PERP.BINANCE[0m
[1m2024-04-10T02:35:40.000000000Z[0m [1;33m[WARN] TRADER-001.nautilus_common::cache: Cannot calculate unrealized PnL for P-20240410-020220-001-140721678948536-2, no quotes for BTCUSDT-PERP.BINANCE[0m
[1m2024-04-10T02:35:50.000000000Z[0m [1;33m[WARN] TRADER-001.nautilus_common::cache: Cannot calculate unrealized PnL for P-20240410-020220-001-140721678948536-2, no quotes for BTCUSDT-PERP.BINANCE[0m
[1m2024-04-10T02:35:59.999000000Z[0m [1;33m[WARN] TRADER-001.nautilus_common::cache: Cannot calculate unrealized PnL for P-20240410-020220-001-140721678948536-2, no quotes for BTCUSDT-PERP.BINANCE[0m
[1m2024-04-10T02:36:00.000000000Z[0m [1;33m[WARN] TRADER-001.nautilus_common::cache: Cannot calculate unrealized PnL for P-20240410-020220-001-140721678948536-2, no quotes for BTCUSDT-PERP.BINANCE[0m
[1m2024-04-10T02:36:10.000000000Z[0m [1;33m[WARN] TRADER-001.nautilus_common::cache: Cannot calculate unrealized PnL for P-20240410-020220-001-140721678948536-2, no quotes for BTCUSDT-PERP.BINANCE[0m
[1m2024-04-10T02:36:20.000000000Z[0m [1;33m[WARN] TRADER-001.nautilus_common::cache: Cannot calculate unrealized PnL for P-20240410-020220-001-140721678948536-2, no quotes for BTCUSDT-PERP.BINANCE[0m
[1m2024-04-10T02:36:30.000000000Z[0m [1;33m[WARN] TRADER-001.nautilus_common::cache: Cannot calculate unrealized PnL for P-20240410-020220-001-140721678948536-2, no quotes for BTCUSDT-PERP.BINANCE[0m
[1m2024-04-10T02:36:40.000000000Z[0m [1;33m[WARN] TRADER-001.nautilus_common::cache: Cannot calculate unrealized PnL for P-20240410-020220-001-140721678948536-2, no quotes for BTCUSDT-PERP.BINANCE[0m
[1m2024-04-10T02:36:50.000000000Z[0m [1;33m[WARN] TRADER-001.nautilus_common::cache: Cannot calculate unrealized PnL for P-20240410-020220-001-140721678948536-2, no quotes for BTCUSDT-PERP.BINANCE[0m
[1m2024-04-10T02:36:59.999000000Z[0m [1;33m[WARN] TRADER-001.nautilus_common::cache: Cannot calculate unrealized PnL for P-20240410-020220-001-140721678948536-2, no quotes for BTCUSDT-PERP.BINANCE[0m
[1m2024-04-10T02:37:00.000000000Z[0m [1;33m[WARN] TRADER-001.nautilus_common::cache: Cannot calculate unrealized PnL for P-20240410-020220-001-140721678948536-2, no quotes for BTCUSDT-PERP.BINANCE[0m
[1m2024-04-10T02:37:10.000000000Z[0m [1;33m[WARN] TRADER-001.nautilus_common::cache: Cannot calculate unrealized PnL for P-20240410-020220-001-140721678948536-2, no quotes for BTCUSDT-PERP.BINANCE[0m
[1m2024-04-10T02:37:20.000000000Z[0m [1;33m[WARN] TRADER-001.nautilus_common::cache: Cannot calculate unrealized PnL for P-20240410-020220-001-140721678948536-2, no quotes for BTCUSDT-PERP.BINANCE[0m
[1m2024-04-10T02:37:30.000000000Z[0m [1;33m[WARN] TRADER-001.nautilus_common::cache: Cannot calculate unrealized PnL for P-20240410-020220-001-140721678948536-2, no quotes for BTCUSDT-PERP.BINANCE[0m
[1m2024-04-10T02:37:40.000000000Z[0m [1;33m[WARN] TRADER-001.nautilus_common::cache: Cannot calculate unrealized PnL for P-20240410-020220-001-140721678948536-2, no quotes for BTCUSDT-PERP.BINANCE[0m
[1m2024-04-10T02:37:50.000000000Z[0m [1;33m[WARN] TRADER-001.nautilus_common::cache: Cannot calculate unrealized PnL for P-20240410-020220-001-140721678948536-2, no quotes for BTCUSDT-PERP.BINANCE[0m
[1m2024-04-10T02:37:59.999000000Z[0m [1;33m[WARN] TRADER-001.nautilus_common::cache: Cannot calculate unrealized PnL for P-20240410-020220-001-140721678948536-2, no quotes for BTCUSDT-PERP.BINANCE[0m
[1m2024-04-10T02:38:00.000000000Z[0m [1;33m[WARN] TRADER-001.nautilus_common::cache: Cannot calculate unrealized PnL for P-20240410-020220-001-140721678948536-2, no quotes for BTCUSDT-PERP.BINANCE[0m
[1m2024-04-10T02:38:10.000000000Z[0m [1;33m[WARN] TRADER-001.nautilus_common::cache: Cannot calculate unrealized PnL for P-20240410-020220-001-140721678948536-2, no quotes for BTCUSDT-PERP.BINANCE[0m
[1m2024-04-10T02:38:20.000000000Z[0m [1;33m[WARN] TRADER-001.nautilus_common::cache: Cannot calculate unrealized PnL for P-20240410-020220-001-140721678948536-2, no quotes for BTCUSDT-PERP.BINANCE[0m
[1m2024-04-10T02:38:30.000000000Z[0m [1;33m[WARN] TRADER-001.nautilus_common::cache: Cannot calculate unrealized PnL for P-20240410-020220-001-140721678948536-2, no quotes for BTCUSDT-PERP.BINANCE[0m
[1m2024-04-10T02:38:40.000000000Z[0m [1;33m[WARN] TRADER-001.nautilus_common::cache: Cannot calculate unrealized PnL for P-20240410-020220-001-140721678948536-2, no quotes for BTCUSDT-PERP.BINANCE[0m
[1m2024-04-10T02:38:50.000000000Z[0m [1;33m[WARN] TRADER-001.nautilus_common::cache: Cannot calculate unrealized PnL for P-20240410-020220-001-140721678948536-2, no quotes for BTCUSDT-PERP.BINANCE[0m
[1m2024-04-10T02:38:59.999000000Z[0m [1;33m[WARN] TRADER-001.nautilus_common::cache: Cannot calculate unrealized PnL for P-20240410-020220-001-140721678948536-2, no quotes for BTCUSDT-PERP.BINANCE[0m
[1m2024-04-10T02:39:00.000000000Z[0m [1;33m[WARN] TRADER-001.nautilus_common::cache: Cannot calculate unrealized PnL for P-20240410-020220-001-140721678948536-2, no quotes for BTCUSDT-PERP.BINANCE[0m
[1m2024-04-10T02:39:10.000000000Z[0m [1;33m[WARN] TRADER-001.nautilus_common::cache: Cannot calculate unrealized PnL for P-20240410-020220-001-140721678948536-2, no quotes for BTCUSDT-PERP.BINANCE[0m
[1m2024-04-10T02:39:20.000000000Z[0m [1;33m[WARN] TRADER-001.nautilus_common::cache: Cannot calculate unrealized PnL for P-20240410-020220-001-140721678948536-2, no quotes for BTCUSDT-PERP.BINANCE[0m
[1m2024-04-10T02:39:30.000000000Z[0m [1;33m[WARN] TRADER-001.nautilus_common::cache: Cannot calculate unrealized PnL for P-20240410-020220-001-140721678948536-2, no quotes for BTCUSDT-PERP.BINANCE[0m
[1m2024-04-10T02:39:40.000000000Z[0m [1;33m[WARN] TRADER-001.nautilus_common::cache: Cannot calculate unrealized PnL for P-20240410-020220-001-140721678948536-2, no quotes for BTCUSDT-PERP.BINANCE[0m
[1m2024-04-10T02:39:50.000000000Z[0m [1;33m[WARN] TRADER-001.nautilus_common::cache: Cannot calculate unrealized PnL for P-20240410-020220-001-140721678948536-2, no quotes for BTCUSDT-PERP.BINANCE[0m
[1m2024-04-10T02:39:59.999000000Z[0m [1;33m[WARN] TRADER-001.nautilus_common::cache: Cannot calculate unrealized PnL for P-20240410-020220-001-140721678948536-2, no quotes for BTCUSDT-PERP.BINANCE[0m
[1m2024-04-10T02:40:00.000000000Z[0m [1;33m[WARN] TRADER-001.nautilus_common::cache: Cannot calculate unrealized PnL for P-20240410-020220-001-140721678948536-2, no quotes for BTCUSDT-PERP.BINANCE[0m
[1m2024-04-10T02:40:10.000000000Z[0m [1;33m[WARN] TRADER-001.nautilus_common::cache: Cannot calculate unrealized PnL for P-20240410-020220-001-140721678948536-2, no quotes for BTCUSDT-PERP.BINANCE[0m
[1m2024-04-10T02:40:20.000000000Z[0m [1;33m[WARN] TRADER-001.nautilus_common::cache: Cannot calculate unrealized PnL for P-20240410-020220-001-140721678948536-2, no quotes for BTCUSDT-PERP.BINANCE[0m
[1m2024-04-10T02:40:30.000000000Z[0m [1;33m[WARN] TRADER-001.nautilus_common::cache: Cannot calculate unrealized PnL for P-20240410-020220-001-140721678948536-2, no quotes for BTCUSDT-PERP.BINANCE[0m
[1m2024-04-10T02:40:40.000000000Z[0m [1;33m[WARN] TRADER-001.nautilus_common::cache: Cannot calculate unrealized PnL for P-20240410-020220-001-140721678948536-2, no quotes for BTCUSDT-PERP.BINANCE[0m
[1m2024-04-10T02:40:50.000000000Z[0m [1;33m[WARN] TRADER-001.nautilus_common::cache: Cannot calculate unrealized PnL for P-20240410-020220-001-140721678948536-2, no quotes for BTCUSDT-PERP.BINANCE[0m
[1m2024-04-10T02:40:59.999000000Z[0m [1;33m[WARN] TRADER-001.nautilus_common::cache: Cannot calculate unrealized PnL for P-20240410-020220-001-140721678948536-2, no quotes for BTCUSDT-PERP.BINANCE[0m
[1m2024-04-10T02:41:00.000000000Z[0m [1;33m[WARN] TRADER-001.nautilus_common::cache: Cannot calculate unrealized PnL for P-20240410-020220-001-140721678948536-2, no quotes for BTCUSDT-PERP.BINANCE[0m
[1m2024-04-10T02:41:10.000000000Z[0m [1;33m[WARN] TRADER-001.nautilus_common::cache: Cannot calculate unrealized PnL for P-20240410-020220-001-140721678948536-2, no quotes for BTCUSDT-PERP.BINANCE[0m
[1m2024-04-10T02:41:20.000000000Z[0m [1;33m[WARN] TRADER-001.nautilus_common::cache: Cannot calculate unrealized PnL for P-20240410-020220-001-140721678948536-2, no quotes for BTCUSDT-PERP.BINANCE[0m
[1m2024-04-10T02:41:30.000000000Z[0m [1;33m[WARN] TRADER-001.nautilus_common::cache: Cannot calculate unrealized PnL for P-20240410-020220-001-140721678948536-2, no quotes for BTCUSDT-PERP.BINANCE[0m
[1m2024-04-10T02:41:40.000000000Z[0m [1;33m[WARN] TRADER-001.nautilus_common::cache: Cannot calculate unrealized PnL for P-20240410-020220-001-140721678948536-2, no quotes for BTCUSDT-PERP.BINANCE[0m
[1m2024-04-10T02:41:50.000000000Z[0m [1;33m[WARN] TRADER-001.nautilus_common::cache: Cannot calculate unrealized PnL for P-20240410-020220-001-140721678948536-2, no quotes for BTCUSDT-PERP.BINANCE[0m
[1m2024-04-10T02:41:59.999000000Z[0m [1;33m[WARN] TRADER-001.nautilus_common::cache: Cannot calculate unrealized PnL for P-20240410-020220-001-140721678948536-2, no quotes for BTCUSDT-PERP.BINANCE[0m
[1m2024-04-10T02:42:00.000000000Z[0m [1;33m[WARN] TRADER-001.nautilus_common::cache: Cannot calculate unrealized PnL for P-20240410-020220-001-140721678948536-2, no quotes for BTCUSDT-PERP.BINANCE[0m
[1m2024-04-10T02:42:10.000000000Z[0m [1;33m[WARN] TRADER-001.nautilus_common::cache: Cannot calculate unrealized PnL for P-20240410-020220-001-140721678948536-2, no quotes for BTCUSDT-PERP.BINANCE[0m
[1m2024-04-10T02:42:20.000000000Z[0m [1;33m[WARN] TRADER-001.nautilus_common::cache: Cannot calculate unrealized PnL for P-20240410-020220-001-140721678948536-2, no quotes for BTCUSDT-PERP.BINANCE[0m
[1m2024-04-10T02:42:30.000000000Z[0m [1;33m[WARN] TRADER-001.nautilus_common::cache: Cannot calculate unrealized PnL for P-20240410-020220-001-140721678948536-2, no quotes for BTCUSDT-PERP.BINANCE[0m
[1m2024-04-10T02:42:40.000000000Z[0m [1;33m[WARN] TRADER-001.nautilus_common::cache: Cannot calculate unrealized PnL for P-20240410-020220-001-140721678948536-2, no quotes for BTCUSDT-PERP.BINANCE[0m
[1m2024-04-10T02:42:50.000000000Z[0m [1;33m[WARN] TRADER-001.nautilus_common::cache: Cannot calculate unrealized PnL for P-20240410-020220-001-140721678948536-2, no quotes for BTCUSDT-PERP.BINANCE[0m
[1m2024-04-10T02:42:59.999000000Z[0m [1;33m[WARN] TRADER-001.nautilus_common::cache: Cannot calculate unrealized PnL for P-20240410-020220-001-140721678948536-2, no quotes for BTCUSDT-PERP.BINANCE[0m
[1m2024-04-10T02:43:00.000000000Z[0m [1;33m[WARN] TRADER-001.nautilus_common::cache: Cannot calculate unrealized PnL for P-20240410-020220-001-140721678948536-2, no quotes for BTCUSDT-PERP.BINANCE[0m
[1m2024-04-10T02:43:10.000000000Z[0m [1;33m[WARN] TRADER-001.nautilus_common::cache: Cannot calculate unrealized PnL for P-20240410-020220-001-140721678948536-2, no quotes for BTCUSDT-PERP.BINANCE[0m
[1m2024-04-10T02:43:20.000000000Z[0m [1;33m[WARN] TRADER-001.nautilus_common::cache: Cannot calculate unrealized PnL for P-20240410-020220-001-140721678948536-2, no quotes for BTCUSDT-PERP.BINANCE[0m
[1m2024-04-10T02:43:30.000000000Z[0m [1;33m[WARN] TRADER-001.nautilus_common::cache: Cannot calculate unrealized PnL for P-20240410-020220-001-140721678948536-2, no quotes for BTCUSDT-PERP.BINANCE[0m
[1m2024-04-10T02:43:40.000000000Z[0m [1;33m[WARN] TRADER-001.nautilus_common::cache: Cannot calculate unrealized PnL for P-20240410-020220-001-140721678948536-2, no quotes for BTCUSDT-PERP.BINANCE[0m
[1m2024-04-10T02:43:50.000000000Z[0m [1;33m[WARN] TRADER-001.nautilus_common::cache: Cannot calculate unrealized PnL for P-20240410-020220-001-140721678948536-2, no quotes for BTCUSDT-PERP.BINANCE[0m
[1m2024-04-10T02:43:59.999000000Z[0m [1;33m[WARN] TRADER-001.nautilus_common::cache: Cannot calculate unrealized PnL for P-20240410-020220-001-140721678948536-2, no quotes for BTCUSDT-PERP.BINANCE[0m
[1m2024-04-10T02:44:00.000000000Z[0m [1;33m[WARN] TRADER-001.nautilus_common::cache: Cannot calculate unrealized PnL for P-20240410-020220-001-140721678948536-2, no quotes for BTCUSDT-PERP.BINANCE[0m
[1m2024-04-10T02:44:10.000000000Z[0m [1;33m[WARN] TRADER-001.nautilus_common::cache: Cannot calculate unrealized PnL for P-20240410-020220-001-140721678948536-2, no quotes for BTCUSDT-PERP.BINANCE[0m
[1m2024-04-10T02:44:20.000000000Z[0m [1;33m[WARN] TRADER-001.nautilus_common::cache: Cannot calculate unrealized PnL for P-20240410-020220-001-140721678948536-2, no quotes for BTCUSDT-PERP.BINANCE[0m
[1m2024-04-10T02:44:30.000000000Z[0m [1;33m[WARN] TRADER-001.nautilus_common::cache: Cannot calculate unrealized PnL for P-20240410-020220-001-140721678948536-2, no quotes for BTCUSDT-PERP.BINANCE[0m
[1m2024-04-10T02:44:40.000000000Z[0m [1;33m[WARN] TRADER-001.nautilus_common::cache: Cannot calculate unrealized PnL for P-20240410-020220-001-140721678948536-2, no quotes for BTCUSDT-PERP.BINANCE[0m
[1m2024-04-10T02:44:50.000000000Z[0m [1;33m[WARN] TRADER-001.nautilus_common::cache: Cannot calculate unrealized PnL for P-20240410-020220-001-140721678948536-2, no quotes for BTCUSDT-PERP.BINANCE[0m
[1m2024-04-10T02:44:59.999000000Z[0m [1;33m[WARN] TRADER-001.nautilus_common::cache: Cannot calculate unrealized PnL for P-20240410-020220-001-140721678948536-2, no quotes for BTCUSDT-PERP.BINANCE[0m
[1m2024-04-10T02:45:00.000000000Z[0m [1;33m[WARN] TRADER-001.nautilus_common::cache: Cannot calculate unrealized PnL for P-20240410-020220-001-140721678948536-2, no quotes for BTCUSDT-PERP.BINANCE[0m
[1m2024-04-10T02:45:10.000000000Z[0m [1;33m[WARN] TRADER-001.nautilus_common::cache: Cannot calculate unrealized PnL for P-20240410-020220-001-140721678948536-2, no quotes for BTCUSDT-PERP.BINANCE[0m
[1m2024-04-10T02:45:20.000000000Z[0m [1;33m[WARN] TRADER-001.nautilus_common::cache: Cannot calculate unrealized PnL for P-20240410-020220-001-140721678948536-2, no quotes for BTCUSDT-PERP.BINANCE[0m
[1m2024-04-10T02:45:30.000000000Z[0m [1;33m[WARN] TRADER-001.nautilus_common::cache: Cannot calculate unrealized PnL for P-20240410-020220-001-140721678948536-2, no quotes for BTCUSDT-PERP.BINANCE[0m
[1m2024-04-10T02:45:40.000000000Z[0m [1;33m[WARN] TRADER-001.nautilus_common::cache: Cannot calculate unrealized PnL for P-20240410-020220-001-140721678948536-2, no quotes for BTCUSDT-PERP.BINANCE[0m
[1m2024-04-10T02:45:50.000000000Z[0m [1;33m[WARN] TRADER-001.nautilus_common::cache: Cannot calculate unrealized PnL for P-20240410-020220-001-140721678948536-2, no quotes for BTCUSDT-PERP.BINANCE[0m
[1m2024-04-10T02:45:59.999000000Z[0m [1;33m[WARN] TRADER-001.nautilus_common::cache: Cannot calculate unrealized PnL for P-20240410-020220-001-140721678948536-2, no quotes for BTCUSDT-PERP.BINANCE[0m
[1m2024-04-10T02:46:00.000000000Z[0m [1;33m[WARN] TRADER-001.nautilus_common::cache: Cannot calculate unrealized PnL for P-20240410-020220-001-140721678948536-2, no quotes for BTCUSDT-PERP.BINANCE[0m
[1m2024-04-10T02:46:10.000000000Z[0m [1;33m[WARN] TRADER-001.nautilus_common::cache: Cannot calculate unrealized PnL for P-20240410-020220-001-140721678948536-2, no quotes for BTCUSDT-PERP.BINANCE[0m
[1m2024-04-10T02:46:20.000000000Z[0m [1;33m[WARN] TRADER-001.nautilus_common::cache: Cannot calculate unrealized PnL for P-20240410-020220-001-140721678948536-2, no quotes for BTCUSDT-PERP.BINANCE[0m
[1m2024-04-10T02:46:30.000000000Z[0m [1;33m[WARN] TRADER-001.nautilus_common::cache: Cannot calculate unrealized PnL for P-20240410-020220-001-140721678948536-2, no quotes for BTCUSDT-PERP.BINANCE[0m
[1m2024-04-10T02:46:40.000000000Z[0m [1;33m[WARN] TRADER-001.nautilus_common::cache: Cannot calculate unrealized PnL for P-20240410-020220-001-140721678948536-2, no quotes for BTCUSDT-PERP.BINANCE[0m
[1m2024-04-10T02:46:50.000000000Z[0m [1;33m[WARN] TRADER-001.nautilus_common::cache: Cannot calculate unrealized PnL for P-20240410-020220-001-140721678948536-2, no quotes for BTCUSDT-PERP.BINANCE[0m
[1m2024-04-10T02:46:59.999000000Z[0m [1;33m[WARN] TRADER-001.nautilus_common::cache: Cannot calculate unrealized PnL for P-20240410-020220-001-140721678948536-2, no quotes for BTCUSDT-PERP.BINANCE[0m
[1m2024-04-10T02:47:00.000000000Z[0m [1;33m[WARN] TRADER-001.nautilus_common::cache: Cannot calculate unrealized PnL for P-20240410-020220-001-140721678948536-2, no quotes for BTCUSDT-PERP.BINANCE[0m
[1m2024-04-10T02:47:10.000000000Z[0m [1;33m[WARN] TRADER-001.nautilus_common::cache: Cannot calculate unrealized PnL for P-20240410-020220-001-140721678948536-2, no quotes for BTCUSDT-PERP.BINANCE[0m
[1m2024-04-10T02:47:20.000000000Z[0m [1;33m[WARN] TRADER-001.nautilus_common::cache: Cannot calculate unrealized PnL for P-20240410-020220-001-140721678948536-2, no quotes for BTCUSDT-PERP.BINANCE[0m
[1m2024-04-10T02:47:30.000000000Z[0m [1;33m[WARN] TRADER-001.nautilus_common::cache: Cannot calculate unrealized PnL for P-20240410-020220-001-140721678948536-2, no quotes for BTCUSDT-PERP.BINANCE[0m
[1m2024-04-10T02:47:40.000000000Z[0m [1;33m[WARN] TRADER-001.nautilus_common::cache: Cannot calculate unrealized PnL for P-20240410-020220-001-140721678948536-2, no quotes for BTCUSDT-PERP.BINANCE[0m
[1m2024-04-10T02:47:50.000000000Z[0m [1;33m[WARN] TRADER-001.nautilus_common::cache: Cannot calculate unrealized PnL for P-20240410-020220-001-140721678948536-2, no quotes for BTCUSDT-PERP.BINANCE[0m
[1m2024-04-10T02:47:59.999000000Z[0m [1;33m[WARN] TRADER-001.nautilus_common::cache: Cannot calculate unrealized PnL for P-20240410-020220-001-140721678948536-2, no quotes for BTCUSDT-PERP.BINANCE[0m
[1m2024-04-10T02:48:00.000000000Z[0m [1;33m[WARN] TRADER-001.nautilus_common::cache: Cannot calculate unrealized PnL for P-20240410-020220-001-140721678948536-2, no quotes for BTCUSDT-PERP.BINANCE[0m
[1m2024-04-10T02:48:10.000000000Z[0m [1;33m[WARN] TRADER-001.nautilus_common::cache: Cannot calculate unrealized PnL for P-20240410-020220-001-140721678948536-2, no quotes for BTCUSDT-PERP.BINANCE[0m
[1m2024-04-10T02:48:20.000000000Z[0m [1;33m[WARN] TRADER-001.nautilus_common::cache: Cannot calculate unrealized PnL for P-20240410-020220-001-140721678948536-2, no quotes for BTCUSDT-PERP.BINANCE[0m
[1m2024-04-10T02:48:30.000000000Z[0m [1;33m[WARN] TRADER-001.nautilus_common::cache: Cannot calculate unrealized PnL for P-20240410-020220-001-140721678948536-2, no quotes for BTCUSDT-PERP.BINANCE[0m
[1m2024-04-10T02:48:40.000000000Z[0m [1;33m[WARN] TRADER-001.nautilus_common::cache: Cannot calculate unrealized PnL for P-20240410-020220-001-140721678948536-2, no quotes for BTCUSDT-PERP.BINANCE[0m
[1m2024-04-10T02:48:50.000000000Z[0m [1;33m[WARN] TRADER-001.nautilus_common::cache: Cannot calculate unrealized PnL for P-20240410-020220-001-140721678948536-2, no quotes for BTCUSDT-PERP.BINANCE[0m
[1m2024-04-10T02:48:59.999000000Z[0m [1;33m[WARN] TRADER-001.nautilus_common::cache: Cannot calculate unrealized PnL for P-20240410-020220-001-140721678948536-2, no quotes for BTCUSDT-PERP.BINANCE[0m
[1m2024-04-10T02:49:00.000000000Z[0m [1;33m[WARN] TRADER-001.nautilus_common::cache: Cannot calculate unrealized PnL for P-20240410-020220-001-140721678948536-2, no quotes for BTCUSDT-PERP.BINANCE[0m
[1m2024-04-10T02:49:10.000000000Z[0m [1;33m[WARN] TRADER-001.nautilus_common::cache: Cannot calculate unrealized PnL for P-20240410-020220-001-140721678948536-2, no quotes for BTCUSDT-PERP.BINANCE[0m
[1m2024-04-10T02:49:20.000000000Z[0m [1;33m[WARN] TRADER-001.nautilus_common::cache: Cannot calculate unrealized PnL for P-20240410-020220-001-140721678948536-2, no quotes for BTCUSDT-PERP.BINANCE[0m
[1m2024-04-10T02:49:30.000000000Z[0m [1;33m[WARN] TRADER-001.nautilus_common::cache: Cannot calculate unrealized PnL for P-20240410-020220-001-140721678948536-2, no quotes for BTCUSDT-PERP.BINANCE[0m
[1m2024-04-10T02:49:40.000000000Z[0m [1;33m[WARN] TRADER-001.nautilus_common::cache: Cannot calculate unrealized PnL for P-20240410-020220-001-140721678948536-2, no quotes for BTCUSDT-PERP.BINANCE[0m
[1m2024-04-10T02:49:50.000000000Z[0m [1;33m[WARN] TRADER-001.nautilus_common::cache: Cannot calculate unrealized PnL for P-20240410-020220-001-140721678948536-2, no quotes for BTCUSDT-PERP.BINANCE[0m
[1m2024-04-10T02:49:59.999000000Z[0m [1;33m[WARN] TRADER-001.nautilus_common::cache: Cannot calculate unrealized PnL for P-20240410-020220-001-140721678948536-2, no quotes for BTCUSDT-PERP.BINANCE[0m
[1m2024-04-10T02:50:00.000000000Z[0m [1;33m[WARN] TRADER-001.nautilus_common::cache: Cannot calculate unrealized PnL for P-20240410-020220-001-140721678948536-2, no quotes for BTCUSDT-PERP.BINANCE[0m
[1m2024-04-10T02:50:10.000000000Z[0m [1;33m[WARN] TRADER-001.nautilus_common::cache: Cannot calculate unrealized PnL for P-20240410-020220-001-140721678948536-2, no quotes for BTCUSDT-PERP.BINANCE[0m
[1m2024-04-10T02:50:20.000000000Z[0m [1;33m[WARN] TRADER-001.nautilus_common::cache: Cannot calculate unrealized PnL for P-20240410-020220-001-140721678948536-2, no quotes for BTCUSDT-PERP.BINANCE[0m
[1m2024-04-10T02:50:30.000000000Z[0m [1;33m[WARN] TRADER-001.nautilus_common::cache: Cannot calculate unrealized PnL for P-20240410-020220-001-140721678948536-2, no quotes for BTCUSDT-PERP.BINANCE[0m
[1m2024-04-10T02:50:40.000000000Z[0m [1;33m[WARN] TRADER-001.nautilus_common::cache: Cannot calculate unrealized PnL for P-20240410-020220-001-140721678948536-2, no quotes for BTCUSDT-PERP.BINANCE[0m
[1m2024-04-10T02:50:50.000000000Z[0m [1;33m[WARN] TRADER-001.nautilus_common::cache: Cannot calculate unrealized PnL for P-20240410-020220-001-140721678948536-2, no quotes for BTCUSDT-PERP.BINANCE[0m
[1m2024-04-10T02:50:59.999000000Z[0m [1;33m[WARN] TRADER-001.nautilus_common::cache: Cannot calculate unrealized PnL for P-20240410-020220-001-140721678948536-2, no quotes for BTCUSDT-PERP.BINANCE[0m
[1m2024-04-10T02:51:00.000000000Z[0m [1;33m[WARN] TRADER-001.nautilus_common::cache: Cannot calculate unrealized PnL for P-20240410-020220-001-140721678948536-2, no quotes for BTCUSDT-PERP.BINANCE[0m
[1m2024-04-10T02:51:10.000000000Z[0m [1;33m[WARN] TRADER-001.nautilus_common::cache: Cannot calculate unrealized PnL for P-20240410-020220-001-140721678948536-2, no quotes for BTCUSDT-PERP.BINANCE[0m
[1m2024-04-10T02:51:20.000000000Z[0m [1;33m[WARN] TRADER-001.nautilus_common::cache: Cannot calculate unrealized PnL for P-20240410-020220-001-140721678948536-2, no quotes for BTCUSDT-PERP.BINANCE[0m
[1m2024-04-10T02:51:30.000000000Z[0m [1;33m[WARN] TRADER-001.nautilus_common::cache: Cannot calculate unrealized PnL for P-20240410-020220-001-140721678948536-2, no quotes for BTCUSDT-PERP.BINANCE[0m
[1m2024-04-10T02:51:40.000000000Z[0m [1;33m[WARN] TRADER-001.nautilus_common::cache: Cannot calculate unrealized PnL for P-20240410-020220-001-140721678948536-2, no quotes for BTCUSDT-PERP.BINANCE[0m
[1m2024-04-10T02:51:50.000000000Z[0m [1;33m[WARN] TRADER-001.nautilus_common::cache: Cannot calculate unrealized PnL for P-20240410-020220-001-140721678948536-2, no quotes for BTCUSDT-PERP.BINANCE[0m
[1m2024-04-10T02:51:59.999000000Z[0m [1;33m[WARN] TRADER-001.nautilus_common::cache: Cannot calculate unrealized PnL for P-20240410-020220-001-140721678948536-2, no quotes for BTCUSDT-PERP.BINANCE[0m
[1m2024-04-10T02:52:00.000000000Z[0m [1;33m[WARN] TRADER-001.nautilus_common::cache: Cannot calculate unrealized PnL for P-20240410-020220-001-140721678948536-2, no quotes for BTCUSDT-PERP.BINANCE[0m
[1m2024-04-10T02:52:10.000000000Z[0m [1;33m[WARN] TRADER-001.nautilus_common::cache: Cannot calculate unrealized PnL for P-20240410-020220-001-140721678948536-2, no quotes for BTCUSDT-PERP.BINANCE[0m
[1m2024-04-10T02:52:20.000000000Z[0m [1;33m[WARN] TRADER-001.nautilus_common::cache: Cannot calculate unrealized PnL for P-20240410-020220-001-140721678948536-2, no quotes for BTCUSDT-PERP.BINANCE[0m
[1m2024-04-10T02:52:30.000000000Z[0m [1;33m[WARN] TRADER-001.nautilus_common::cache: Cannot calculate unrealized PnL for P-20240410-020220-001-140721678948536-2, no quotes for BTCUSDT-PERP.BINANCE[0m
[1m2024-04-10T02:52:40.000000000Z[0m [1;33m[WARN] TRADER-001.nautilus_common::cache: Cannot calculate unrealized PnL for P-20240410-020220-001-140721678948536-2, no quotes for BTCUSDT-PERP.BINANCE[0m
[1m2024-04-10T02:52:50.000000000Z[0m [1;33m[WARN] TRADER-001.nautilus_common::cache: Cannot calculate unrealized PnL for P-20240410-020220-001-140721678948536-2, no quotes for BTCUSDT-PERP.BINANCE[0m
[1m2024-04-10T02:52:59.999000000Z[0m [1;33m[WARN] TRADER-001.nautilus_common::cache: Cannot calculate unrealized PnL for P-20240410-020220-001-140721678948536-2, no quotes for BTCUSDT-PERP.BINANCE[0m
[1m2024-04-10T02:53:00.000000000Z[0m [1;33m[WARN] TRADER-001.nautilus_common::cache: Cannot calculate unrealized PnL for P-20240410-020220-001-140721678948536-2, no quotes for BTCUSDT-PERP.BINANCE[0m
[1m2024-04-10T02:53:10.000000000Z[0m [1;33m[WARN] TRADER-001.nautilus_common::cache: Cannot calculate unrealized PnL for P-20240410-020220-001-140721678948536-2, no quotes for BTCUSDT-PERP.BINANCE[0m
[1m2024-04-10T02:53:20.000000000Z[0m [1;33m[WARN] TRADER-001.nautilus_common::cache: Cannot calculate unrealized PnL for P-20240410-020220-001-140721678948536-2, no quotes for BTCUSDT-PERP.BINANCE[0m
[1m2024-04-10T02:53:30.000000000Z[0m [1;33m[WARN] TRADER-001.nautilus_common::cache: Cannot calculate unrealized PnL for P-20240410-020220-001-140721678948536-2, no quotes for BTCUSDT-PERP.BINANCE[0m
[1m2024-04-10T02:53:40.000000000Z[0m [INFO] TRADER-001.nautilus_portfolio::manager: BTCUSDT-PERP.BINANCE margin_init=0.00000000 USDT[0m
[1m2024-04-10T02:53:40.000000000Z[0m [INFO] TRADER-001.nautilus_trading::strategy: DataActor-140721678948536 <--[EVT] OrderFilled(instrument_id=BTCUSDT-PERP.BINANCE, client_order_id=O-20240410-020220-001-140721678948536-6, venue_order_id=BINANCE-1-6, account_id=BINANCE-001, trade_id=T-e4424e1ff6ebe94e-52193, position_id=P-20240410-020220-001-140721678948536-2, order_side=SELL, order_type=STOP_MARKET, last_qty=2.773, last_px=68_599.8 USDT, commission=114.13634724 USDT, liquidity_side=TAKER, ts_event=1712717620000000000)[0m
[1m2024-04-10T02:53:40.000000000Z[0m [INFO] TRADER-001.nautilus_portfolio::portfolio: BTCUSDT-PERP.BINANCE net_position=0[0m
[1m2024-04-10T02:53:40.000000000Z[0m [INFO] TRADER-001.nautilus_portfolio::manager: BTCUSDT-PERP.BINANCE margin_maint=0.00000000 USDT[0m
[1m2024-04-10T02:53:40.000000000Z[0m [INFO] TRADER-001.nautilus_portfolio::portfolio: Updated AccountState(account_id=BINANCE-001, account_type=MARGIN, base_currency=USDT, is_reported=false, balances=[AccountBalance(total=96828.23978264 USDT, locked=0.00000000 USDT, free=96828.23978264 USDT)], margins=[], event_id=e6b50bb1-2930-492b-99d7-489b99b6516c)[0m
[1m2024-04-10T02:53:40.000000000Z[0m [INFO] TRADER-001.nautilus_trading::strategy: DataActor-140721678948536 <--[EVT] PositionClosed(PositionClosed { trader_id: "TRADER-001", strategy_id: "DataActor-140721678948536", instrument_id: "BTCUSDT-PERP.BINANCE", position_id: "P-20240410-020220-001-140721678948536-2", account_id: "BINANCE-001", opening_order_id: "O-20240410-020220-001-140721678948536-5", closing_order_id: Some("O-20240410-020220-001-140721678948536-6"), entry: Buy, side: Flat, signed_qty: 0.0, quantity: Quantity(0.000), peak_quantity: Quantity(2.773), last_qty: Quantity(2.773), last_px: Price(68599.8), currency: Currency(code='USDT', precision=8, iso4217=0, name='Tether', currency_type=CRYPTO), avg_px_open: 69558.20000000001, avg_px_close: Some(68599.8), realized_return: -0.01377838989508079, realized_pnl: Some(Money(-2887.51048040, USDT)), unrealized_pnl: Money(0.00000000, USDT), duration: 3080000000000, event_id: UUID4(6cc0d13d-21d6-4f61-ba2a-a89d7e495500), ts_opened: UnixNanos(1712714540000000000), ts_closed: Some(UnixNanos(1712717620000000000)), ts_event: UnixNanos(1712717620000000000), ts_init: UnixNanos(1712717620000000000) })[0m
[1m2024-04-10T02:53:40.000000000Z[0m [INFO] TRADER-001.nautilus_portfolio::manager: BTCUSDT-PERP.BINANCE margin_init=0.00000000 USDT[0m
[1m2024-04-10T02:53:40.000000000Z[0m [INFO] TRADER-001.nautilus_portfolio::portfolio: Updated AccountState(account_id=BINANCE-001, account_type=MARGIN, base_currency=USDT, is_reported=false, balances=[AccountBalance(total=96828.23978264 USDT, locked=0.00000000 USDT, free=96828.23978264 USDT)], margins=[], event_id=32b7d279-8feb-4808-949b-f0af4ed661b9)[0m
[1m2024-04-10T02:53:40.000000000Z[0m [INFO] TRADER-001.nautilus_trading::strategy: DataActor-140721678948536 <--[EVT] OrderCanceled(instrument_id=BTCUSDT-PERP.BINANCE, client_order_id=O-20240410-020220-001-140721678948536-7, venue_order_id=BINANCE-1-7, account_id=BINANCE-001, ts_event=1712717620000000000)[0m
[1m2024-04-13T01:34:00.000000000Z[0m [INFO] TRADER-001.nautilus_trading::strategy: DataActor-140721678948536 <--[EVT] OrderInitialized(instrument_id=BTCUSDT-PERP.BINANCE, client_order_id=O-20240413-013400-001-140721678948536-8, side=SELL, type=MARKET, quantity=4.136, time_in_force=GTC, post_only=false, reduce_only=false, quote_quantity=false, price=None, emulation_trigger=None, trigger_instrument_id=None, contingency_type=OTO, order_list_id=OL-20240413-013400-001-140721678948536-3, linked_order_ids=[O-20240413-013400-001-140721678948536-9, O-20240413-013400-001-140721678948536-10], parent_order_id=None, exec_algorithm_id=None, exec_algorithm_params=None, exec_spawn_id=None, tags=delayed-reaccept-btcusdt-000034, BREAKOUT_ACCEPTANCE_CONTINUATION, SHORT, TEN_SECOND_MARKET_ENTRY)[0m
[1m2024-04-13T01:34:00.000000000Z[0m [INFO] TRADER-001.nautilus_trading::strategy: DataActor-140721678948536 <--[EVT] OrderInitialized(instrument_id=BTCUSDT-PERP.BINANCE, client_order_id=O-20240413-013400-001-140721678948536-9, side=BUY, type=STOP_MARKET, quantity=4.136, time_in_force=GTC, post_only=false, reduce_only=true, quote_quantity=false, price=None, emulation_trigger=None, trigger_instrument_id=None, contingency_type=OUO, order_list_id=OL-20240413-013400-001-140721678948536-3, linked_order_ids=[O-20240413-013400-001-140721678948536-10], parent_order_id=O-20240413-013400-001-140721678948536-8, exec_algorithm_id=None, exec_algorithm_params=None, exec_spawn_id=None, tags=delayed-reaccept-btcusdt-000034, OBSERVED_RETEST_INVALIDATION)[0m
[1m2024-04-13T01:34:00.000000000Z[0m [INFO] TRADER-001.nautilus_trading::strategy: DataActor-140721678948536 <--[EVT] OrderInitialized(instrument_id=BTCUSDT-PERP.BINANCE, client_order_id=O-20240413-013400-001-140721678948536-10, side=BUY, type=LIMIT, quantity=4.136, time_in_force=GTC, post_only=false, reduce_only=true, quote_quantity=false, price=65102.0, emulation_trigger=None, trigger_instrument_id=None, contingency_type=OUO, order_list_id=OL-20240413-013400-001-140721678948536-3, linked_order_ids=[O-20240413-013400-001-140721678948536-9], parent_order_id=O-20240413-013400-001-140721678948536-8, exec_algorithm_id=None, exec_algorithm_params=None, exec_spawn_id=None, tags=delayed-reaccept-btcusdt-000034, ACTIVE_COMPLETED_EXTERNAL_TARGET)[0m
[1m2024-04-13T01:34:00.000000000Z[0m [INFO] TRADER-001.nautilus_trading::strategy: DataActor-140721678948536 [CMD]--> SubmitOrderList[0m
[1m2024-04-13T01:34:00.000000000Z[0m [94m[INFO] TRADER-001.nautilus_execution::engine: Submit OrderList(id=OL-20240413-013400-001-140721678948536-3, instrument_id=BTCUSDT-PERP.BINANCE, strategy_id=DataActor-140721678948536, client_order_ids=["O-20240413-013400-001-140721678948536-8", "O-20240413-013400-001-140721678948536-9", "O-20240413-013400-001-140721678948536-10"], ts_init=1712972040000000000)[0m
[1m2024-04-13T01:34:00.000000000Z[0m [INFO] TRADER-001.nautilus_trading::strategy: DataActor-140721678948536 <--[EVT] OrderSubmitted(instrument_id=BTCUSDT-PERP.BINANCE, client_order_id=O-20240413-013400-001-140721678948536-8, account_id=BINANCE-001, ts_event=1712972040000000000)[0m
[1m2024-04-13T01:34:00.000000000Z[0m [INFO] TRADER-001.nautilus_trading::strategy: DataActor-140721678948536 <--[EVT] OrderSubmitted(instrument_id=BTCUSDT-PERP.BINANCE, client_order_id=O-20240413-013400-001-140721678948536-9, account_id=BINANCE-001, ts_event=1712972040000000000)[0m
[1m2024-04-13T01:34:00.000000000Z[0m [INFO] TRADER-001.nautilus_trading::strategy: DataActor-140721678948536 <--[EVT] OrderSubmitted(instrument_id=BTCUSDT-PERP.BINANCE, client_order_id=O-20240413-013400-001-140721678948536-10, account_id=BINANCE-001, ts_event=1712972040000000000)[0m
[1m2024-04-13T01:34:00.000000000Z[0m [INFO] TRADER-001.nautilus_portfolio::manager: BTCUSDT-PERP.BINANCE margin_init=0.00000000 USDT[0m
[1m2024-04-13T01:34:00.000000000Z[0m [INFO] TRADER-001.nautilus_trading::strategy: DataActor-140721678948536 <--[EVT] OrderFilled(instrument_id=BTCUSDT-PERP.BINANCE, client_order_id=O-20240413-013400-001-140721678948536-8, venue_order_id=BINANCE-1-8, account_id=BINANCE-001, trade_id=T-1a23543394d12626-123322, position_id=P-20240413-013400-001-140721678948536-3, order_side=SELL, order_type=MARKET, last_qty=4.136, last_px=66_169.1 USDT, commission=164.20523856 USDT, liquidity_side=TAKER, ts_event=1712972040000000000)[0m
[1m2024-04-13T01:34:00.000000000Z[0m [INFO] TRADER-001.nautilus_portfolio::portfolio: BTCUSDT-PERP.BINANCE net_position=-4.136[0m
[1m2024-04-13T01:34:00.000000000Z[0m [INFO] TRADER-001.nautilus_portfolio::manager: BTCUSDT-PERP.BINANCE margin_maint=1094.70159040 USDT[0m
[1m2024-04-13T01:34:00.000000000Z[0m [INFO] TRADER-001.nautilus_portfolio::portfolio: Updated AccountState(account_id=BINANCE-001, account_type=MARGIN, base_currency=USDT, is_reported=false, balances=[AccountBalance(total=96664.03454408 USDT, locked=1094.70159040 USDT, free=95569.33295368 USDT)], margins=[MarginBalance(initial=0.00000000 USDT, maintenance=1094.70159040 USDT, instrument_id=BTCUSDT-PERP.BINANCE)], event_id=554f576f-84c8-491c-9b6c-67e536079e61)[0m
[1m2024-04-13T01:34:00.000000000Z[0m [INFO] TRADER-001.nautilus_trading::strategy: DataActor-140721678948536 <--[EVT] PositionOpened(PositionOpened { trader_id: "TRADER-001", strategy_id: "DataActor-140721678948536", instrument_id: "BTCUSDT-PERP.BINANCE", position_id: "P-20240413-013400-001-140721678948536-3", account_id: "BINANCE-001", opening_order_id: "O-20240413-013400-001-140721678948536-8", entry: Sell, side: Short, signed_qty: -4.136, quantity: Quantity(4.136), last_qty: Quantity(4.136), last_px: Price(66169.1), currency: Currency(code='USDT', precision=8, iso4217=0, name='Tether', currency_type=CRYPTO), avg_px_open: 66169.1, event_id: UUID4(f3ffbee6-f773-4c73-86aa-d733d07d821f), ts_event: UnixNanos(1712972040000000000), ts_init: UnixNanos(1712972040000000000) })[0m
[1m2024-04-13T01:34:00.000000000Z[0m [INFO] TRADER-001.nautilus_portfolio::manager: BTCUSDT-PERP.BINANCE margin_init=0.00000000 USDT[0m
[1m2024-04-13T01:34:00.000000000Z[0m [INFO] TRADER-001.nautilus_portfolio::portfolio: Updated AccountState(account_id=BINANCE-001, account_type=MARGIN, base_currency=USDT, is_reported=false, balances=[AccountBalance(total=96664.03454408 USDT, locked=1094.70159040 USDT, free=95569.33295368 USDT)], margins=[MarginBalance(initial=0.00000000 USDT, maintenance=1094.70159040 USDT, instrument_id=BTCUSDT-PERP.BINANCE)], event_id=655f15ea-19a4-465b-82fe-810e9a1ed77a)[0m
[1m2024-04-13T01:34:00.000000000Z[0m [INFO] TRADER-001.nautilus_trading::strategy: DataActor-140721678948536 <--[EVT] OrderAccepted(instrument_id=BTCUSDT-PERP.BINANCE, client_order_id=O-20240413-013400-001-140721678948536-9, venue_order_id=BINANCE-1-9, account_id=BINANCE-001, ts_event=1712972040000000000)[0m
[1m2024-04-13T01:34:00.000000000Z[0m [INFO] TRADER-001.nautilus_portfolio::manager: BTCUSDT-PERP.BINANCE margin_init=0.00000000 USDT[0m
[1m2024-04-13T01:34:00.000000000Z[0m [INFO] TRADER-001.nautilus_portfolio::portfolio: Updated AccountState(account_id=BINANCE-001, account_type=MARGIN, base_currency=USDT, is_reported=false, balances=[AccountBalance(total=96664.03454408 USDT, locked=1094.70159040 USDT, free=95569.33295368 USDT)], margins=[MarginBalance(initial=0.00000000 USDT, maintenance=1094.70159040 USDT, instrument_id=BTCUSDT-PERP.BINANCE)], event_id=ce766f82-a097-4642-938b-b4595eb36919)[0m
[1m2024-04-13T01:34:00.000000000Z[0m [INFO] TRADER-001.nautilus_trading::strategy: DataActor-140721678948536 <--[EVT] OrderAccepted(instrument_id=BTCUSDT-PERP.BINANCE, client_order_id=O-20240413-013400-001-140721678948536-10, venue_order_id=BINANCE-1-10, account_id=BINANCE-001, ts_event=1712972040000000000)[0m
[1m2024-04-13T01:34:00.000000000Z[0m [1;33m[WARN] TRADER-001.nautilus_common::cache: Cannot calculate unrealized PnL for P-20240413-013400-001-140721678948536-3, no quotes for BTCUSDT-PERP.BINANCE[0m
[1m2024-04-13T01:34:10.000000000Z[0m [1;33m[WARN] TRADER-001.nautilus_common::cache: Cannot calculate unrealized PnL for P-20240413-013400-001-140721678948536-3, no quotes for BTCUSDT-PERP.BINANCE[0m
[1m2024-04-13T01:34:20.000000000Z[0m [1;33m[WARN] TRADER-001.nautilus_common::cache: Cannot calculate unrealized PnL for P-20240413-013400-001-140721678948536-3, no quotes for BTCUSDT-PERP.BINANCE[0m
[1m2024-04-13T01:34:30.000000000Z[0m [1;33m[WARN] TRADER-001.nautilus_common::cache: Cannot calculate unrealized PnL for P-20240413-013400-001-140721678948536-3, no quotes for BTCUSDT-PERP.BINANCE[0m
[1m2024-04-13T01:34:40.000000000Z[0m [1;33m[WARN] TRADER-001.nautilus_common::cache: Cannot calculate unrealized PnL for P-20240413-013400-001-140721678948536-3, no quotes for BTCUSDT-PERP.BINANCE[0m
[1m2024-04-13T01:34:50.000000000Z[0m [1;33m[WARN] TRADER-001.nautilus_common::cache: Cannot calculate unrealized PnL for P-20240413-013400-001-140721678948536-3, no quotes for BTCUSDT-PERP.BINANCE[0m
[1m2024-04-13T01:34:59.999000000Z[0m [1;33m[WARN] TRADER-001.nautilus_common::cache: Cannot calculate unrealized PnL for P-20240413-013400-001-140721678948536-3, no quotes for BTCUSDT-PERP.BINANCE[0m
[1m2024-04-13T01:35:00.000000000Z[0m [1;33m[WARN] TRADER-001.nautilus_common::cache: Cannot calculate unrealized PnL for P-20240413-013400-001-140721678948536-3, no quotes for BTCUSDT-PERP.BINANCE[0m
[1m2024-04-13T01:35:10.000000000Z[0m [1;33m[WARN] TRADER-001.nautilus_common::cache: Cannot calculate unrealized PnL for P-20240413-013400-001-140721678948536-3, no quotes for BTCUSDT-PERP.BINANCE[0m
[1m2024-04-13T01:35:20.000000000Z[0m [1;33m[WARN] TRADER-001.nautilus_common::cache: Cannot calculate unrealized PnL for P-20240413-013400-001-140721678948536-3, no quotes for BTCUSDT-PERP.BINANCE[0m
[1m2024-04-13T01:35:30.000000000Z[0m [1;33m[WARN] TRADER-001.nautilus_common::cache: Cannot calculate unrealized PnL for P-20240413-013400-001-140721678948536-3, no quotes for BTCUSDT-PERP.BINANCE[0m
[1m2024-04-13T01:35:40.000000000Z[0m [1;33m[WARN] TRADER-001.nautilus_common::cache: Cannot calculate unrealized PnL for P-20240413-013400-001-140721678948536-3, no quotes for BTCUSDT-PERP.BINANCE[0m
[1m2024-04-13T01:35:50.000000000Z[0m [1;33m[WARN] TRADER-001.nautilus_common::cache: Cannot calculate unrealized PnL for P-20240413-013400-001-140721678948536-3, no quotes for BTCUSDT-PERP.BINANCE[0m
[1m2024-04-13T01:35:59.999000000Z[0m [1;33m[WARN] TRADER-001.nautilus_common::cache: Cannot calculate unrealized PnL for P-20240413-013400-001-140721678948536-3, no quotes for BTCUSDT-PERP.BINANCE[0m
[1m2024-04-13T01:36:00.000000000Z[0m [1;33m[WARN] TRADER-001.nautilus_common::cache: Cannot calculate unrealized PnL for P-20240413-013400-001-140721678948536-3, no quotes for BTCUSDT-PERP.BINANCE[0m
[1m2024-04-13T01:36:10.000000000Z[0m [1;33m[WARN] TRADER-001.nautilus_common::cache: Cannot calculate unrealized PnL for P-20240413-013400-001-140721678948536-3, no quotes for BTCUSDT-PERP.BINANCE[0m
[1m2024-04-13T01:36:20.000000000Z[0m [1;33m[WARN] TRADER-001.nautilus_common::cache: Cannot calculate unrealized PnL for P-20240413-013400-001-140721678948536-3, no quotes for BTCUSDT-PERP.BINANCE[0m
[1m2024-04-13T01:36:30.000000000Z[0m [1;33m[WARN] TRADER-001.nautilus_common::cache: Cannot calculate unrealized PnL for P-20240413-013400-001-140721678948536-3, no quotes for BTCUSDT-PERP.BINANCE[0m
[1m2024-04-13T01:36:40.000000000Z[0m [1;33m[WARN] TRADER-001.nautilus_common::cache: Cannot calculate unrealized PnL for P-20240413-013400-001-140721678948536-3, no quotes for BTCUSDT-PERP.BINANCE[0m
[1m2024-04-13T01:36:50.000000000Z[0m [1;33m[WARN] TRADER-001.nautilus_common::cache: Cannot calculate unrealized PnL for P-20240413-013400-001-140721678948536-3, no quotes for BTCUSDT-PERP.BINANCE[0m
[1m2024-04-13T01:36:59.999000000Z[0m [1;33m[WARN] TRADER-001.nautilus_common::cache: Cannot calculate unrealized PnL for P-20240413-013400-001-140721678948536-3, no quotes for BTCUSDT-PERP.BINANCE[0m
[1m2024-04-13T01:37:00.000000000Z[0m [1;33m[WARN] TRADER-001.nautilus_common::cache: Cannot calculate unrealized PnL for P-20240413-013400-001-140721678948536-3, no quotes for BTCUSDT-PERP.BINANCE[0m
[1m2024-04-13T01:37:10.000000000Z[0m [1;33m[WARN] TRADER-001.nautilus_common::cache: Cannot calculate unrealized PnL for P-20240413-013400-001-140721678948536-3, no quotes for BTCUSDT-PERP.BINANCE[0m
[1m2024-04-13T01:37:20.000000000Z[0m [1;33m[WARN] TRADER-001.nautilus_common::cache: Cannot calculate unrealized PnL for P-20240413-013400-001-140721678948536-3, no quotes for BTCUSDT-PERP.BINANCE[0m
[1m2024-04-13T01:37:30.000000000Z[0m [1;33m[WARN] TRADER-001.nautilus_common::cache: Cannot calculate unrealized PnL for P-20240413-013400-001-140721678948536-3, no quotes for BTCUSDT-PERP.BINANCE[0m
[1m2024-04-13T01:37:40.000000000Z[0m [1;33m[WARN] TRADER-001.nautilus_common::cache: Cannot calculate unrealized PnL for P-20240413-013400-001-140721678948536-3, no quotes for BTCUSDT-PERP.BINANCE[0m
[1m2024-04-13T01:37:50.000000000Z[0m [1;33m[WARN] TRADER-001.nautilus_common::cache: Cannot calculate unrealized PnL for P-20240413-013400-001-140721678948536-3, no quotes for BTCUSDT-PERP.BINANCE[0m
[1m2024-04-13T01:37:59.999000000Z[0m [1;33m[WARN] TRADER-001.nautilus_common::cache: Cannot calculate unrealized PnL for P-20240413-013400-001-140721678948536-3, no quotes for BTCUSDT-PERP.BINANCE[0m
[1m2024-04-13T01:38:00.000000000Z[0m [1;33m[WARN] TRADER-001.nautilus_common::cache: Cannot calculate unrealized PnL for P-20240413-013400-001-140721678948536-3, no quotes for BTCUSDT-PERP.BINANCE[0m
[1m2024-04-13T01:38:10.000000000Z[0m [1;33m[WARN] TRADER-001.nautilus_common::cache: Cannot calculate unrealized PnL for P-20240413-013400-001-140721678948536-3, no quotes for BTCUSDT-PERP.BINANCE[0m
[1m2024-04-13T01:38:20.000000000Z[0m [1;33m[WARN] TRADER-001.nautilus_common::cache: Cannot calculate unrealized PnL for P-20240413-013400-001-140721678948536-3, no quotes for BTCUSDT-PERP.BINANCE[0m
[1m2024-04-13T01:38:30.000000000Z[0m [1;33m[WARN] TRADER-001.nautilus_common::cache: Cannot calculate unrealized PnL for P-20240413-013400-001-140721678948536-3, no quotes for BTCUSDT-PERP.BINANCE[0m
[1m2024-04-13T01:38:40.000000000Z[0m [1;33m[WARN] TRADER-001.nautilus_common::cache: Cannot calculate unrealized PnL for P-20240413-013400-001-140721678948536-3, no quotes for BTCUSDT-PERP.BINANCE[0m
[1m2024-04-13T01:38:50.000000000Z[0m [1;33m[WARN] TRADER-001.nautilus_common::cache: Cannot calculate unrealized PnL for P-20240413-013400-001-140721678948536-3, no quotes for BTCUSDT-PERP.BINANCE[0m
[1m2024-04-13T01:38:59.999000000Z[0m [1;33m[WARN] TRADER-001.nautilus_common::cache: Cannot calculate unrealized PnL for P-20240413-013400-001-140721678948536-3, no quotes for BTCUSDT-PERP.BINANCE[0m
[1m2024-04-13T01:39:00.000000000Z[0m [1;33m[WARN] TRADER-001.nautilus_common::cache: Cannot calculate unrealized PnL for P-20240413-013400-001-140721678948536-3, no quotes for BTCUSDT-PERP.BINANCE[0m
[1m2024-04-13T01:39:10.000000000Z[0m [1;33m[WARN] TRADER-001.nautilus_common::cache: Cannot calculate unrealized PnL for P-20240413-013400-001-140721678948536-3, no quotes for BTCUSDT-PERP.BINANCE[0m
[1m2024-04-13T01:39:20.000000000Z[0m [1;33m[WARN] TRADER-001.nautilus_common::cache: Cannot calculate unrealized PnL for P-20240413-013400-001-140721678948536-3, no quotes for BTCUSDT-PERP.BINANCE[0m
[1m2024-04-13T01:39:30.000000000Z[0m [1;33m[WARN] TRADER-001.nautilus_common::cache: Cannot calculate unrealized PnL for P-20240413-013400-001-140721678948536-3, no quotes for BTCUSDT-PERP.BINANCE[0m
[1m2024-04-13T01:39:40.000000000Z[0m [1;33m[WARN] TRADER-001.nautilus_common::cache: Cannot calculate unrealized PnL for P-20240413-013400-001-140721678948536-3, no quotes for BTCUSDT-PERP.BINANCE[0m
[1m2024-04-13T01:39:50.000000000Z[0m [1;33m[WARN] TRADER-001.nautilus_common::cache: Cannot calculate unrealized PnL for P-20240413-013400-001-140721678948536-3, no quotes for BTCUSDT-PERP.BINANCE[0m
[1m2024-04-13T01:39:59.999000000Z[0m [1;33m[WARN] TRADER-001.nautilus_common::cache: Cannot calculate unrealized PnL for P-20240413-013400-001-140721678948536-3, no quotes for BTCUSDT-PERP.BINANCE[0m
[1m2024-04-13T01:40:00.000000000Z[0m [1;33m[WARN] TRADER-001.nautilus_common::cache: Cannot calculate unrealized PnL for P-20240413-013400-001-140721678948536-3, no quotes for BTCUSDT-PERP.BINANCE[0m
[1m2024-04-13T01:40:10.000000000Z[0m [1;33m[WARN] TRADER-001.nautilus_common::cache: Cannot calculate unrealized PnL for P-20240413-013400-001-140721678948536-3, no quotes for BTCUSDT-PERP.BINANCE[0m
[1m2024-04-13T01:40:20.000000000Z[0m [1;33m[WARN] TRADER-001.nautilus_common::cache: Cannot calculate unrealized PnL for P-20240413-013400-001-140721678948536-3, no quotes for BTCUSDT-PERP.BINANCE[0m
[1m2024-04-13T01:40:30.000000000Z[0m [1;33m[WARN] TRADER-001.nautilus_common::cache: Cannot calculate unrealized PnL for P-20240413-013400-001-140721678948536-3, no quotes for BTCUSDT-PERP.BINANCE[0m
[1m2024-04-13T01:40:40.000000000Z[0m [1;33m[WARN] TRADER-001.nautilus_common::cache: Cannot calculate unrealized PnL for P-20240413-013400-001-140721678948536-3, no quotes for BTCUSDT-PERP.BINANCE[0m
[1m2024-04-13T01:40:50.000000000Z[0m [1;33m[WARN] TRADER-001.nautilus_common::cache: Cannot calculate unrealized PnL for P-20240413-013400-001-140721678948536-3, no quotes for BTCUSDT-PERP.BINANCE[0m
[1m2024-04-13T01:40:59.999000000Z[0m [1;33m[WARN] TRADER-001.nautilus_common::cache: Cannot calculate unrealized PnL for P-20240413-013400-001-140721678948536-3, no quotes for BTCUSDT-PERP.BINANCE[0m
[1m2024-04-13T01:41:00.000000000Z[0m [1;33m[WARN] TRADER-001.nautilus_common::cache: Cannot calculate unrealized PnL for P-20240413-013400-001-140721678948536-3, no quotes for BTCUSDT-PERP.BINANCE[0m
[1m2024-04-13T01:41:10.000000000Z[0m [1;33m[WARN] TRADER-001.nautilus_common::cache: Cannot calculate unrealized PnL for P-20240413-013400-001-140721678948536-3, no quotes for BTCUSDT-PERP.BINANCE[0m
[1m2024-04-13T01:41:20.000000000Z[0m [1;33m[WARN] TRADER-001.nautilus_common::cache: Cannot calculate unrealized PnL for P-20240413-013400-001-140721678948536-3, no quotes for BTCUSDT-PERP.BINANCE[0m
[1m2024-04-13T01:41:30.000000000Z[0m [1;33m[WARN] TRADER-001.nautilus_common::cache: Cannot calculate unrealized PnL for P-20240413-013400-001-140721678948536-3, no quotes for BTCUSDT-PERP.BINANCE[0m
[1m2024-04-13T01:41:40.000000000Z[0m [1;33m[WARN] TRADER-001.nautilus_common::cache: Cannot calculate unrealized PnL for P-20240413-013400-001-140721678948536-3, no quotes for BTCUSDT-PERP.BINANCE[0m
[1m2024-04-13T01:41:50.000000000Z[0m [1;33m[WARN] TRADER-001.nautilus_common::cache: Cannot calculate unrealized PnL for P-20240413-013400-001-140721678948536-3, no quotes for BTCUSDT-PERP.BINANCE[0m
[1m2024-04-13T01:41:59.999000000Z[0m [1;33m[WARN] TRADER-001.nautilus_common::cache: Cannot calculate unrealized PnL for P-20240413-013400-001-140721678948536-3, no quotes for BTCUSDT-PERP.BINANCE[0m
[1m2024-04-13T01:42:00.000000000Z[0m [1;33m[WARN] TRADER-001.nautilus_common::cache: Cannot calculate unrealized PnL for P-20240413-013400-001-140721678948536-3, no quotes for BTCUSDT-PERP.BINANCE[0m
[1m2024-04-13T01:42:10.000000000Z[0m [1;33m[WARN] TRADER-001.nautilus_common::cache: Cannot calculate unrealized PnL for P-20240413-013400-001-140721678948536-3, no quotes for BTCUSDT-PERP.BINANCE[0m
[1m2024-04-13T01:42:20.000000000Z[0m [1;33m[WARN] TRADER-001.nautilus_common::cache: Cannot calculate unrealized PnL for P-20240413-013400-001-140721678948536-3, no quotes for BTCUSDT-PERP.BINANCE[0m
[1m2024-04-13T01:42:30.000000000Z[0m [1;33m[WARN] TRADER-001.nautilus_common::cache: Cannot calculate unrealized PnL for P-20240413-013400-001-140721678948536-3, no quotes for BTCUSDT-PERP.BINANCE[0m
[1m2024-04-13T01:42:40.000000000Z[0m [1;33m[WARN] TRADER-001.nautilus_common::cache: Cannot calculate unrealized PnL for P-20240413-013400-001-140721678948536-3, no quotes for BTCUSDT-PERP.BINANCE[0m
[1m2024-04-13T01:42:50.000000000Z[0m [1;33m[WARN] TRADER-001.nautilus_common::cache: Cannot calculate unrealized PnL for P-20240413-013400-001-140721678948536-3, no quotes for BTCUSDT-PERP.BINANCE[0m
[1m2024-04-13T01:42:59.999000000Z[0m [1;33m[WARN] TRADER-001.nautilus_common::cache: Cannot calculate unrealized PnL for P-20240413-013400-001-140721678948536-3, no quotes for BTCUSDT-PERP.BINANCE[0m
[1m2024-04-13T01:43:00.000000000Z[0m [1;33m[WARN] TRADER-001.nautilus_common::cache: Cannot calculate unrealized PnL for P-20240413-013400-001-140721678948536-3, no quotes for BTCUSDT-PERP.BINANCE[0m
[1m2024-04-13T01:43:10.000000000Z[0m [1;33m[WARN] TRADER-001.nautilus_common::cache: Cannot calculate unrealized PnL for P-20240413-013400-001-140721678948536-3, no quotes for BTCUSDT-PERP.BINANCE[0m
[1m2024-04-13T01:43:20.000000000Z[0m [1;33m[WARN] TRADER-001.nautilus_common::cache: Cannot calculate unrealized PnL for P-20240413-013400-001-140721678948536-3, no quotes for BTCUSDT-PERP.BINANCE[0m
[1m2024-04-13T01:43:30.000000000Z[0m [1;33m[WARN] TRADER-001.nautilus_common::cache: Cannot calculate unrealized PnL for P-20240413-013400-001-140721678948536-3, no quotes for BTCUSDT-PERP.BINANCE[0m
[1m2024-04-13T01:43:40.000000000Z[0m [1;33m[WARN] TRADER-001.nautilus_common::cache: Cannot calculate unrealized PnL for P-20240413-013400-001-140721678948536-3, no quotes for BTCUSDT-PERP.BINANCE[0m
[1m2024-04-13T01:43:50.000000000Z[0m [1;33m[WARN] TRADER-001.nautilus_common::cache: Cannot calculate unrealized PnL for P-20240413-013400-001-140721678948536-3, no quotes for BTCUSDT-PERP.BINANCE[0m
[1m2024-04-13T01:43:59.999000000Z[0m [1;33m[WARN] TRADER-001.nautilus_common::cache: Cannot calculate unrealized PnL for P-20240413-013400-001-140721678948536-3, no quotes for BTCUSDT-PERP.BINANCE[0m
[1m2024-04-13T01:44:00.000000000Z[0m [1;33m[WARN] TRADER-001.nautilus_common::cache: Cannot calculate unrealized PnL for P-20240413-013400-001-140721678948536-3, no quotes for BTCUSDT-PERP.BINANCE[0m
[1m2024-04-13T01:44:10.000000000Z[0m [1;33m[WARN] TRADER-001.nautilus_common::cache: Cannot calculate unrealized PnL for P-20240413-013400-001-140721678948536-3, no quotes for BTCUSDT-PERP.BINANCE[0m
[1m2024-04-13T01:44:20.000000000Z[0m [1;33m[WARN] TRADER-001.nautilus_common::cache: Cannot calculate unrealized PnL for P-20240413-013400-001-140721678948536-3, no quotes for BTCUSDT-PERP.BINANCE[0m
[1m2024-04-13T01:44:30.000000000Z[0m [1;33m[WARN] TRADER-001.nautilus_common::cache: Cannot calculate unrealized PnL for P-20240413-013400-001-140721678948536-3, no quotes for BTCUSDT-PERP.BINANCE[0m
[1m2024-04-13T01:44:40.000000000Z[0m [1;33m[WARN] TRADER-001.nautilus_common::cache: Cannot calculate unrealized PnL for P-20240413-013400-001-140721678948536-3, no quotes for BTCUSDT-PERP.BINANCE[0m
[1m2024-04-13T01:44:50.000000000Z[0m [1;33m[WARN] TRADER-001.nautilus_common::cache: Cannot calculate unrealized PnL for P-20240413-013400-001-140721678948536-3, no quotes for BTCUSDT-PERP.BINANCE[0m
[1m2024-04-13T01:44:59.999000000Z[0m [1;33m[WARN] TRADER-001.nautilus_common::cache: Cannot calculate unrealized PnL for P-20240413-013400-001-140721678948536-3, no quotes for BTCUSDT-PERP.BINANCE[0m
[1m2024-04-13T01:45:00.000000000Z[0m [1;33m[WARN] TRADER-001.nautilus_common::cache: Cannot calculate unrealized PnL for P-20240413-013400-001-140721678948536-3, no quotes for BTCUSDT-PERP.BINANCE[0m
[1m2024-04-13T01:45:10.000000000Z[0m [1;33m[WARN] TRADER-001.nautilus_common::cache: Cannot calculate unrealized PnL for P-20240413-013400-001-140721678948536-3, no quotes for BTCUSDT-PERP.BINANCE[0m
[1m2024-04-13T01:45:20.000000000Z[0m [1;33m[WARN] TRADER-001.nautilus_common::cache: Cannot calculate unrealized PnL for P-20240413-013400-001-140721678948536-3, no quotes for BTCUSDT-PERP.BINANCE[0m
[1m2024-04-13T01:45:30.000000000Z[0m [1;33m[WARN] TRADER-001.nautilus_common::cache: Cannot calculate unrealized PnL for P-20240413-013400-001-140721678948536-3, no quotes for BTCUSDT-PERP.BINANCE[0m
[1m2024-04-13T01:45:40.000000000Z[0m [1;33m[WARN] TRADER-001.nautilus_common::cache: Cannot calculate unrealized PnL for P-20240413-013400-001-140721678948536-3, no quotes for BTCUSDT-PERP.BINANCE[0m
[1m2024-04-13T01:45:50.000000000Z[0m [1;33m[WARN] TRADER-001.nautilus_common::cache: Cannot calculate unrealized PnL for P-20240413-013400-001-140721678948536-3, no quotes for BTCUSDT-PERP.BINANCE[0m
[1m2024-04-13T01:45:59.999000000Z[0m [1;33m[WARN] TRADER-001.nautilus_common::cache: Cannot calculate unrealized PnL for P-20240413-013400-001-140721678948536-3, no quotes for BTCUSDT-PERP.BINANCE[0m
[1m2024-04-13T01:46:00.000000000Z[0m [1;33m[WARN] TRADER-001.nautilus_common::cache: Cannot calculate unrealized PnL for P-20240413-013400-001-140721678948536-3, no quotes for BTCUSDT-PERP.BINANCE[0m
[1m2024-04-13T01:46:10.000000000Z[0m [1;33m[WARN] TRADER-001.nautilus_common::cache: Cannot calculate unrealized PnL for P-20240413-013400-001-140721678948536-3, no quotes for BTCUSDT-PERP.BINANCE[0m
[1m2024-04-13T01:46:20.000000000Z[0m [1;33m[WARN] TRADER-001.nautilus_common::cache: Cannot calculate unrealized PnL for P-20240413-013400-001-140721678948536-3, no quotes for BTCUSDT-PERP.BINANCE[0m
[1m2024-04-13T01:46:30.000000000Z[0m [1;33m[WARN] TRADER-001.nautilus_common::cache: Cannot calculate unrealized PnL for P-20240413-013400-001-140721678948536-3, no quotes for BTCUSDT-PERP.BINANCE[0m
[1m2024-04-13T01:46:40.000000000Z[0m [1;33m[WARN] TRADER-001.nautilus_common::cache: Cannot calculate unrealized PnL for P-20240413-013400-001-140721678948536-3, no quotes for BTCUSDT-PERP.BINANCE[0m
[1m2024-04-13T01:46:50.000000000Z[0m [1;33m[WARN] TRADER-001.nautilus_common::cache: Cannot calculate unrealized PnL for P-20240413-013400-001-140721678948536-3, no quotes for BTCUSDT-PERP.BINANCE[0m
[1m2024-04-13T01:46:59.999000000Z[0m [1;33m[WARN] TRADER-001.nautilus_common::cache: Cannot calculate unrealized PnL for P-20240413-013400-001-140721678948536-3, no quotes for BTCUSDT-PERP.BINANCE[0m
[1m2024-04-13T01:47:00.000000000Z[0m [1;33m[WARN] TRADER-001.nautilus_common::cache: Cannot calculate unrealized PnL for P-20240413-013400-001-140721678948536-3, no quotes for BTCUSDT-PERP.BINANCE[0m
[1m2024-04-13T01:47:10.000000000Z[0m [1;33m[WARN] TRADER-001.nautilus_common::cache: Cannot calculate unrealized PnL for P-20240413-013400-001-140721678948536-3, no quotes for BTCUSDT-PERP.BINANCE[0m
[1m2024-04-13T01:47:20.000000000Z[0m [1;33m[WARN] TRADER-001.nautilus_common::cache: Cannot calculate unrealized PnL for P-20240413-013400-001-140721678948536-3, no quotes for BTCUSDT-PERP.BINANCE[0m
[1m2024-04-13T01:47:30.000000000Z[0m [1;33m[WARN] TRADER-001.nautilus_common::cache: Cannot calculate unrealized PnL for P-20240413-013400-001-140721678948536-3, no quotes for BTCUSDT-PERP.BINANCE[0m
[1m2024-04-13T01:47:40.000000000Z[0m [1;33m[WARN] TRADER-001.nautilus_common::cache: Cannot calculate unrealized PnL for P-20240413-013400-001-140721678948536-3, no quotes for BTCUSDT-PERP.BINANCE[0m
[1m2024-04-13T01:47:50.000000000Z[0m [1;33m[WARN] TRADER-001.nautilus_common::cache: Cannot calculate unrealized PnL for P-20240413-013400-001-140721678948536-3, no quotes for BTCUSDT-PERP.BINANCE[0m
[1m2024-04-13T01:47:59.999000000Z[0m [1;33m[WARN] TRADER-001.nautilus_common::cache: Cannot calculate unrealized PnL for P-20240413-013400-001-140721678948536-3, no quotes for BTCUSDT-PERP.BINANCE[0m
[1m2024-04-13T01:48:00.000000000Z[0m [1;33m[WARN] TRADER-001.nautilus_common::cache: Cannot calculate unrealized PnL for P-20240413-013400-001-140721678948536-3, no quotes for BTCUSDT-PERP.BINANCE[0m
[1m2024-04-13T01:48:10.000000000Z[0m [1;33m[WARN] TRADER-001.nautilus_common::cache: Cannot calculate unrealized PnL for P-20240413-013400-001-140721678948536-3, no quotes for BTCUSDT-PERP.BINANCE[0m
[1m2024-04-13T01:48:20.000000000Z[0m [1;33m[WARN] TRADER-001.nautilus_common::cache: Cannot calculate unrealized PnL for P-20240413-013400-001-140721678948536-3, no quotes for BTCUSDT-PERP.BINANCE[0m
[1m2024-04-13T01:48:30.000000000Z[0m [1;33m[WARN] TRADER-001.nautilus_common::cache: Cannot calculate unrealized PnL for P-20240413-013400-001-140721678948536-3, no quotes for BTCUSDT-PERP.BINANCE[0m
[1m2024-04-13T01:48:40.000000000Z[0m [1;33m[WARN] TRADER-001.nautilus_common::cache: Cannot calculate unrealized PnL for P-20240413-013400-001-140721678948536-3, no quotes for BTCUSDT-PERP.BINANCE[0m
[1m2024-04-13T01:48:50.000000000Z[0m [1;33m[WARN] TRADER-001.nautilus_common::cache: Cannot calculate unrealized PnL for P-20240413-013400-001-140721678948536-3, no quotes for BTCUSDT-PERP.BINANCE[0m
[1m2024-04-13T01:48:59.999000000Z[0m [1;33m[WARN] TRADER-001.nautilus_common::cache: Cannot calculate unrealized PnL for P-20240413-013400-001-140721678948536-3, no quotes for BTCUSDT-PERP.BINANCE[0m
[1m2024-04-13T01:49:00.000000000Z[0m [1;33m[WARN] TRADER-001.nautilus_common::cache: Cannot calculate unrealized PnL for P-20240413-013400-001-140721678948536-3, no quotes for BTCUSDT-PERP.BINANCE[0m
[1m2024-04-13T01:49:10.000000000Z[0m [1;33m[WARN] TRADER-001.nautilus_common::cache: Cannot calculate unrealized PnL for P-20240413-013400-001-140721678948536-3, no quotes for BTCUSDT-PERP.BINANCE[0m
[1m2024-04-13T01:49:20.000000000Z[0m [1;33m[WARN] TRADER-001.nautilus_common::cache: Cannot calculate unrealized PnL for P-20240413-013400-001-140721678948536-3, no quotes for BTCUSDT-PERP.BINANCE[0m
[1m2024-04-13T01:49:30.000000000Z[0m [1;33m[WARN] TRADER-001.nautilus_common::cache: Cannot calculate unrealized PnL for P-20240413-013400-001-140721678948536-3, no quotes for BTCUSDT-PERP.BINANCE[0m
[1m2024-04-13T01:49:40.000000000Z[0m [1;33m[WARN] TRADER-001.nautilus_common::cache: Cannot calculate unrealized PnL for P-20240413-013400-001-140721678948536-3, no quotes for BTCUSDT-PERP.BINANCE[0m
[1m2024-04-13T01:49:50.000000000Z[0m [1;33m[WARN] TRADER-001.nautilus_common::cache: Cannot calculate unrealized PnL for P-20240413-013400-001-140721678948536-3, no quotes for BTCUSDT-PERP.BINANCE[0m
[1m2024-04-13T01:49:59.999000000Z[0m [1;33m[WARN] TRADER-001.nautilus_common::cache: Cannot calculate unrealized PnL for P-20240413-013400-001-140721678948536-3, no quotes for BTCUSDT-PERP.BINANCE[0m
[1m2024-04-13T01:50:00.000000000Z[0m [1;33m[WARN] TRADER-001.nautilus_common::cache: Cannot calculate unrealized PnL for P-20240413-013400-001-140721678948536-3, no quotes for BTCUSDT-PERP.BINANCE[0m
[1m2024-04-13T01:50:10.000000000Z[0m [1;33m[WARN] TRADER-001.nautilus_common::cache: Cannot calculate unrealized PnL for P-20240413-013400-001-140721678948536-3, no quotes for BTCUSDT-PERP.BINANCE[0m
[1m2024-04-13T01:50:20.000000000Z[0m [1;33m[WARN] TRADER-001.nautilus_common::cache: Cannot calculate unrealized PnL for P-20240413-013400-001-140721678948536-3, no quotes for BTCUSDT-PERP.BINANCE[0m
[1m2024-04-13T01:50:30.000000000Z[0m [1;33m[WARN] TRADER-001.nautilus_common::cache: Cannot calculate unrealized PnL for P-20240413-013400-001-140721678948536-3, no quotes for BTCUSDT-PERP.BINANCE[0m
[1m2024-04-13T01:50:40.000000000Z[0m [1;33m[WARN] TRADER-001.nautilus_common::cache: Cannot calculate unrealized PnL for P-20240413-013400-001-140721678948536-3, no quotes for BTCUSDT-PERP.BINANCE[0m
[1m2024-04-13T01:50:50.000000000Z[0m [1;33m[WARN] TRADER-001.nautilus_common::cache: Cannot calculate unrealized PnL for P-20240413-013400-001-140721678948536-3, no quotes for BTCUSDT-PERP.BINANCE[0m
[1m2024-04-13T01:50:59.999000000Z[0m [1;33m[WARN] TRADER-001.nautilus_common::cache: Cannot calculate unrealized PnL for P-20240413-013400-001-140721678948536-3, no quotes for BTCUSDT-PERP.BINANCE[0m
[1m2024-04-13T01:51:00.000000000Z[0m [1;33m[WARN] TRADER-001.nautilus_common::cache: Cannot calculate unrealized PnL for P-20240413-013400-001-140721678948536-3, no quotes for BTCUSDT-PERP.BINANCE[0m
[1m2024-04-13T01:51:10.000000000Z[0m [1;33m[WARN] TRADER-001.nautilus_common::cache: Cannot calculate unrealized PnL for P-20240413-013400-001-140721678948536-3, no quotes for BTCUSDT-PERP.BINANCE[0m
[1m2024-04-13T01:51:20.000000000Z[0m [1;33m[WARN] TRADER-001.nautilus_common::cache: Cannot calculate unrealized PnL for P-20240413-013400-001-140721678948536-3, no quotes for BTCUSDT-PERP.BINANCE[0m
[1m2024-04-13T01:51:30.000000000Z[0m [1;33m[WARN] TRADER-001.nautilus_common::cache: Cannot calculate unrealized PnL for P-20240413-013400-001-140721678948536-3, no quotes for BTCUSDT-PERP.BINANCE[0m
[1m2024-04-13T01:51:40.000000000Z[0m [1;33m[WARN] TRADER-001.nautilus_common::cache: Cannot calculate unrealized PnL for P-20240413-013400-001-140721678948536-3, no quotes for BTCUSDT-PERP.BINANCE[0m
[1m2024-04-13T01:51:50.000000000Z[0m [1;33m[WARN] TRADER-001.nautilus_common::cache: Cannot calculate unrealized PnL for P-20240413-013400-001-140721678948536-3, no quotes for BTCUSDT-PERP.BINANCE[0m
[1m2024-04-13T01:51:59.999000000Z[0m [1;33m[WARN] TRADER-001.nautilus_common::cache: Cannot calculate unrealized PnL for P-20240413-013400-001-140721678948536-3, no quotes for BTCUSDT-PERP.BINANCE[0m
[1m2024-04-13T01:52:00.000000000Z[0m [1;33m[WARN] TRADER-001.nautilus_common::cache: Cannot calculate unrealized PnL for P-20240413-013400-001-140721678948536-3, no quotes for BTCUSDT-PERP.BINANCE[0m
[1m2024-04-13T01:52:10.000000000Z[0m [1;33m[WARN] TRADER-001.nautilus_common::cache: Cannot calculate unrealized PnL for P-20240413-013400-001-140721678948536-3, no quotes for BTCUSDT-PERP.BINANCE[0m
[1m2024-04-13T01:52:20.000000000Z[0m [1;33m[WARN] TRADER-001.nautilus_common::cache: Cannot calculate unrealized PnL for P-20240413-013400-001-140721678948536-3, no quotes for BTCUSDT-PERP.BINANCE[0m
[1m2024-04-13T01:52:30.000000000Z[0m [1;33m[WARN] TRADER-001.nautilus_common::cache: Cannot calculate unrealized PnL for P-20240413-013400-001-140721678948536-3, no quotes for BTCUSDT-PERP.BINANCE[0m
[1m2024-04-13T01:52:40.000000000Z[0m [1;33m[WARN] TRADER-001.nautilus_common::cache: Cannot calculate unrealized PnL for P-20240413-013400-001-140721678948536-3, no quotes for BTCUSDT-PERP.BINANCE[0m
[1m2024-04-13T01:52:50.000000000Z[0m [1;33m[WARN] TRADER-001.nautilus_common::cache: Cannot calculate unrealized PnL for P-20240413-013400-001-140721678948536-3, no quotes for BTCUSDT-PERP.BINANCE[0m
[1m2024-04-13T01:52:59.999000000Z[0m [1;33m[WARN] TRADER-001.nautilus_common::cache: Cannot calculate unrealized PnL for P-20240413-013400-001-140721678948536-3, no quotes for BTCUSDT-PERP.BINANCE[0m
[1m2024-04-13T01:53:00.000000000Z[0m [1;33m[WARN] TRADER-001.nautilus_common::cache: Cannot calculate unrealized PnL for P-20240413-013400-001-140721678948536-3, no quotes for BTCUSDT-PERP.BINANCE[0m
[1m2024-04-13T01:53:10.000000000Z[0m [1;33m[WARN] TRADER-001.nautilus_common::cache: Cannot calculate unrealized PnL for P-20240413-013400-001-140721678948536-3, no quotes for BTCUSDT-PERP.BINANCE[0m
[1m2024-04-13T01:53:20.000000000Z[0m [1;33m[WARN] TRADER-001.nautilus_common::cache: Cannot calculate unrealized PnL for P-20240413-013400-001-140721678948536-3, no quotes for BTCUSDT-PERP.BINANCE[0m
[1m2024-04-13T01:53:30.000000000Z[0m [1;33m[WARN] TRADER-001.nautilus_common::cache: Cannot calculate unrealized PnL for P-20240413-013400-001-140721678948536-3, no quotes for BTCUSDT-PERP.BINANCE[0m
[1m2024-04-13T01:53:40.000000000Z[0m [1;33m[WARN] TRADER-001.nautilus_common::cache: Cannot calculate unrealized PnL for P-20240413-013400-001-140721678948536-3, no quotes for BTCUSDT-PERP.BINANCE[0m
[1m2024-04-13T01:53:50.000000000Z[0m [1;33m[WARN] TRADER-001.nautilus_common::cache: Cannot calculate unrealized PnL for P-20240413-013400-001-140721678948536-3, no quotes for BTCUSDT-PERP.BINANCE[0m
[1m2024-04-13T01:53:59.999000000Z[0m [1;33m[WARN] TRADER-001.nautilus_common::cache: Cannot calculate unrealized PnL for P-20240413-013400-001-140721678948536-3, no quotes for BTCUSDT-PERP.BINANCE[0m
[1m2024-04-13T01:54:00.000000000Z[0m [1;33m[WARN] TRADER-001.nautilus_common::cache: Cannot calculate unrealized PnL for P-20240413-013400-001-140721678948536-3, no quotes for BTCUSDT-PERP.BINANCE[0m
[1m2024-04-13T01:54:10.000000000Z[0m [1;33m[WARN] TRADER-001.nautilus_common::cache: Cannot calculate unrealized PnL for P-20240413-013400-001-140721678948536-3, no quotes for BTCUSDT-PERP.BINANCE[0m
[1m2024-04-13T01:54:20.000000000Z[0m [1;33m[WARN] TRADER-001.nautilus_common::cache: Cannot calculate unrealized PnL for P-20240413-013400-001-140721678948536-3, no quotes for BTCUSDT-PERP.BINANCE[0m
[1m2024-04-13T01:54:30.000000000Z[0m [1;33m[WARN] TRADER-001.nautilus_common::cache: Cannot calculate unrealized PnL for P-20240413-013400-001-140721678948536-3, no quotes for BTCUSDT-PERP.BINANCE[0m
[1m2024-04-13T01:54:40.000000000Z[0m [1;33m[WARN] TRADER-001.nautilus_common::cache: Cannot calculate unrealized PnL for P-20240413-013400-001-140721678948536-3, no quotes for BTCUSDT-PERP.BINANCE[0m
[1m2024-04-13T01:54:50.000000000Z[0m [1;33m[WARN] TRADER-001.nautilus_common::cache: Cannot calculate unrealized PnL for P-20240413-013400-001-140721678948536-3, no quotes for BTCUSDT-PERP.BINANCE[0m
[1m2024-04-13T01:54:59.999000000Z[0m [1;33m[WARN] TRADER-001.nautilus_common::cache: Cannot calculate unrealized PnL for P-20240413-013400-001-140721678948536-3, no quotes for BTCUSDT-PERP.BINANCE[0m
[1m2024-04-13T01:55:00.000000000Z[0m [1;33m[WARN] TRADER-001.nautilus_common::cache: Cannot calculate unrealized PnL for P-20240413-013400-001-140721678948536-3, no quotes for BTCUSDT-PERP.BINANCE[0m
[1m2024-04-13T01:55:10.000000000Z[0m [1;33m[WARN] TRADER-001.nautilus_common::cache: Cannot calculate unrealized PnL for P-20240413-013400-001-140721678948536-3, no quotes for BTCUSDT-PERP.BINANCE[0m
[1m2024-04-13T01:55:20.000000000Z[0m [1;33m[WARN] TRADER-001.nautilus_common::cache: Cannot calculate unrealized PnL for P-20240413-013400-001-140721678948536-3, no quotes for BTCUSDT-PERP.BINANCE[0m
[1m2024-04-13T01:55:30.000000000Z[0m [1;33m[WARN] TRADER-001.nautilus_common::cache: Cannot calculate unrealized PnL for P-20240413-013400-001-140721678948536-3, no quotes for BTCUSDT-PERP.BINANCE[0m
[1m2024-04-13T01:55:40.000000000Z[0m [1;33m[WARN] TRADER-001.nautilus_common::cache: Cannot calculate unrealized PnL for P-20240413-013400-001-140721678948536-3, no quotes for BTCUSDT-PERP.BINANCE[0m
[1m2024-04-13T01:55:50.000000000Z[0m [1;33m[WARN] TRADER-001.nautilus_common::cache: Cannot calculate unrealized PnL for P-20240413-013400-001-140721678948536-3, no quotes for BTCUSDT-PERP.BINANCE[0m
[1m2024-04-13T01:55:59.999000000Z[0m [1;33m[WARN] TRADER-001.nautilus_common::cache: Cannot calculate unrealized PnL for P-20240413-013400-001-140721678948536-3, no quotes for BTCUSDT-PERP.BINANCE[0m
[1m2024-04-13T01:56:00.000000000Z[0m [1;33m[WARN] TRADER-001.nautilus_common::cache: Cannot calculate unrealized PnL for P-20240413-013400-001-140721678948536-3, no quotes for BTCUSDT-PERP.BINANCE[0m
[1m2024-04-13T01:56:10.000000000Z[0m [1;33m[WARN] TRADER-001.nautilus_common::cache: Cannot calculate unrealized PnL for P-20240413-013400-001-140721678948536-3, no quotes for BTCUSDT-PERP.BINANCE[0m
[1m2024-04-13T01:56:20.000000000Z[0m [1;33m[WARN] TRADER-001.nautilus_common::cache: Cannot calculate unrealized PnL for P-20240413-013400-001-140721678948536-3, no quotes for BTCUSDT-PERP.BINANCE[0m
[1m2024-04-13T01:56:30.000000000Z[0m [1;33m[WARN] TRADER-001.nautilus_common::cache: Cannot calculate unrealized PnL for P-20240413-013400-001-140721678948536-3, no quotes for BTCUSDT-PERP.BINANCE[0m
[1m2024-04-13T01:56:40.000000000Z[0m [1;33m[WARN] TRADER-001.nautilus_common::cache: Cannot calculate unrealized PnL for P-20240413-013400-001-140721678948536-3, no quotes for BTCUSDT-PERP.BINANCE[0m
[1m2024-04-13T01:56:50.000000000Z[0m [1;33m[WARN] TRADER-001.nautilus_common::cache: Cannot calculate unrealized PnL for P-20240413-013400-001-140721678948536-3, no quotes for BTCUSDT-PERP.BINANCE[0m
[1m2024-04-13T01:56:59.999000000Z[0m [1;33m[WARN] TRADER-001.nautilus_common::cache: Cannot calculate unrealized PnL for P-20240413-013400-001-140721678948536-3, no quotes for BTCUSDT-PERP.BINANCE[0m
[1m2024-04-13T01:57:00.000000000Z[0m [1;33m[WARN] TRADER-001.nautilus_common::cache: Cannot calculate unrealized PnL for P-20240413-013400-001-140721678948536-3, no quotes for BTCUSDT-PERP.BINANCE[0m
[1m2024-04-13T01:57:10.000000000Z[0m [1;33m[WARN] TRADER-001.nautilus_common::cache: Cannot calculate unrealized PnL for P-20240413-013400-001-140721678948536-3, no quotes for BTCUSDT-PERP.BINANCE[0m
[1m2024-04-13T01:57:20.000000000Z[0m [1;33m[WARN] TRADER-001.nautilus_common::cache: Cannot calculate unrealized PnL for P-20240413-013400-001-140721678948536-3, no quotes for BTCUSDT-PERP.BINANCE[0m
[1m2024-04-13T01:57:30.000000000Z[0m [1;33m[WARN] TRADER-001.nautilus_common::cache: Cannot calculate unrealized PnL for P-20240413-013400-001-140721678948536-3, no quotes for BTCUSDT-PERP.BINANCE[0m
[1m2024-04-13T01:57:40.000000000Z[0m [1;33m[WARN] TRADER-001.nautilus_common::cache: Cannot calculate unrealized PnL for P-20240413-013400-001-140721678948536-3, no quotes for BTCUSDT-PERP.BINANCE[0m
[1m2024-04-13T01:57:50.000000000Z[0m [1;33m[WARN] TRADER-001.nautilus_common::cache: Cannot calculate unrealized PnL for P-20240413-013400-001-140721678948536-3, no quotes for BTCUSDT-PERP.BINANCE[0m
[1m2024-04-13T01:57:59.999000000Z[0m [1;33m[WARN] TRADER-001.nautilus_common::cache: Cannot calculate unrealized PnL for P-20240413-013400-001-140721678948536-3, no quotes for BTCUSDT-PERP.BINANCE[0m
[1m2024-04-13T01:58:00.000000000Z[0m [1;33m[WARN] TRADER-001.nautilus_common::cache: Cannot calculate unrealized PnL for P-20240413-013400-001-140721678948536-3, no quotes for BTCUSDT-PERP.BINANCE[0m
[1m2024-04-13T01:58:10.000000000Z[0m [1;33m[WARN] TRADER-001.nautilus_common::cache: Cannot calculate unrealized PnL for P-20240413-013400-001-140721678948536-3, no quotes for BTCUSDT-PERP.BINANCE[0m
[1m2024-04-13T01:58:20.000000000Z[0m [1;33m[WARN] TRADER-001.nautilus_common::cache: Cannot calculate unrealized PnL for P-20240413-013400-001-140721678948536-3, no quotes for BTCUSDT-PERP.BINANCE[0m
[1m2024-04-13T01:58:30.000000000Z[0m [1;33m[WARN] TRADER-001.nautilus_common::cache: Cannot calculate unrealized PnL for P-20240413-013400-001-140721678948536-3, no quotes for BTCUSDT-PERP.BINANCE[0m
[1m2024-04-13T01:58:40.000000000Z[0m [1;33m[WARN] TRADER-001.nautilus_common::cache: Cannot calculate unrealized PnL for P-20240413-013400-001-140721678948536-3, no quotes for BTCUSDT-PERP.BINANCE[0m
[1m2024-04-13T01:58:50.000000000Z[0m [1;33m[WARN] TRADER-001.nautilus_common::cache: Cannot calculate unrealized PnL for P-20240413-013400-001-140721678948536-3, no quotes for BTCUSDT-PERP.BINANCE[0m
[1m2024-04-13T01:58:59.999000000Z[0m [1;33m[WARN] TRADER-001.nautilus_common::cache: Cannot calculate unrealized PnL for P-20240413-013400-001-140721678948536-3, no quotes for BTCUSDT-PERP.BINANCE[0m
[1m2024-04-13T01:59:00.000000000Z[0m [1;33m[WARN] TRADER-001.nautilus_common::cache: Cannot calculate unrealized PnL for P-20240413-013400-001-140721678948536-3, no quotes for BTCUSDT-PERP.BINANCE[0m
[1m2024-04-13T01:59:10.000000000Z[0m [1;33m[WARN] TRADER-001.nautilus_common::cache: Cannot calculate unrealized PnL for P-20240413-013400-001-140721678948536-3, no quotes for BTCUSDT-PERP.BINANCE[0m
[1m2024-04-13T01:59:20.000000000Z[0m [1;33m[WARN] TRADER-001.nautilus_common::cache: Cannot calculate unrealized PnL for P-20240413-013400-001-140721678948536-3, no quotes for BTCUSDT-PERP.BINANCE[0m
[1m2024-04-13T01:59:30.000000000Z[0m [1;33m[WARN] TRADER-001.nautilus_common::cache: Cannot calculate unrealized PnL for P-20240413-013400-001-140721678948536-3, no quotes for BTCUSDT-PERP.BINANCE[0m
[1m2024-04-13T01:59:40.000000000Z[0m [1;33m[WARN] TRADER-001.nautilus_common::cache: Cannot calculate unrealized PnL for P-20240413-013400-001-140721678948536-3, no quotes for BTCUSDT-PERP.BINANCE[0m
[1m2024-04-13T01:59:50.000000000Z[0m [1;33m[WARN] TRADER-001.nautilus_common::cache: Cannot calculate unrealized PnL for P-20240413-013400-001-140721678948536-3, no quotes for BTCUSDT-PERP.BINANCE[0m
[1m2024-04-13T01:59:59.999000000Z[0m [1;33m[WARN] TRADER-001.nautilus_common::cache: Cannot calculate unrealized PnL for P-20240413-013400-001-140721678948536-3, no quotes for BTCUSDT-PERP.BINANCE[0m
[1m2024-04-13T02:00:00.000000000Z[0m [1;33m[WARN] TRADER-001.nautilus_common::cache: Cannot calculate unrealized PnL for P-20240413-013400-001-140721678948536-3, no quotes for BTCUSDT-PERP.BINANCE[0m
[1m2024-04-13T02:00:10.000000000Z[0m [1;33m[WARN] TRADER-001.nautilus_common::cache: Cannot calculate unrealized PnL for P-20240413-013400-001-140721678948536-3, no quotes for BTCUSDT-PERP.BINANCE[0m
[1m2024-04-13T02:00:20.000000000Z[0m [1;33m[WARN] TRADER-001.nautilus_common::cache: Cannot calculate unrealized PnL for P-20240413-013400-001-140721678948536-3, no quotes for BTCUSDT-PERP.BINANCE[0m
[1m2024-04-13T02:00:30.000000000Z[0m [1;33m[WARN] TRADER-001.nautilus_common::cache: Cannot calculate unrealized PnL for P-20240413-013400-001-140721678948536-3, no quotes for BTCUSDT-PERP.BINANCE[0m
[1m2024-04-13T02:00:40.000000000Z[0m [1;33m[WARN] TRADER-001.nautilus_common::cache: Cannot calculate unrealized PnL for P-20240413-013400-001-140721678948536-3, no quotes for BTCUSDT-PERP.BINANCE[0m
[1m2024-04-13T02:00:50.000000000Z[0m [1;33m[WARN] TRADER-001.nautilus_common::cache: Cannot calculate unrealized PnL for P-20240413-013400-001-140721678948536-3, no quotes for BTCUSDT-PERP.BINANCE[0m
[1m2024-04-13T02:00:59.999000000Z[0m [1;33m[WARN] TRADER-001.nautilus_common::cache: Cannot calculate unrealized PnL for P-20240413-013400-001-140721678948536-3, no quotes for BTCUSDT-PERP.BINANCE[0m
[1m2024-04-13T02:01:00.000000000Z[0m [1;33m[WARN] TRADER-001.nautilus_common::cache: Cannot calculate unrealized PnL for P-20240413-013400-001-140721678948536-3, no quotes for BTCUSDT-PERP.BINANCE[0m
[1m2024-04-13T02:01:10.000000000Z[0m [1;33m[WARN] TRADER-001.nautilus_common::cache: Cannot calculate unrealized PnL for P-20240413-013400-001-140721678948536-3, no quotes for BTCUSDT-PERP.BINANCE[0m
[1m2024-04-13T02:01:20.000000000Z[0m [1;33m[WARN] TRADER-001.nautilus_common::cache: Cannot calculate unrealized PnL for P-20240413-013400-001-140721678948536-3, no quotes for BTCUSDT-PERP.BINANCE[0m
[1m2024-04-13T02:01:30.000000000Z[0m [1;33m[WARN] TRADER-001.nautilus_common::cache: Cannot calculate unrealized PnL for P-20240413-013400-001-140721678948536-3, no quotes for BTCUSDT-PERP.BINANCE[0m
[1m2024-04-13T02:01:40.000000000Z[0m [1;33m[WARN] TRADER-001.nautilus_common::cache: Cannot calculate unrealized PnL for P-20240413-013400-001-140721678948536-3, no quotes for BTCUSDT-PERP.BINANCE[0m
[1m2024-04-13T02:01:50.000000000Z[0m [1;33m[WARN] TRADER-001.nautilus_common::cache: Cannot calculate unrealized PnL for P-20240413-013400-001-140721678948536-3, no quotes for BTCUSDT-PERP.BINANCE[0m
[1m2024-04-13T02:01:59.999000000Z[0m [1;33m[WARN] TRADER-001.nautilus_common::cache: Cannot calculate unrealized PnL for P-20240413-013400-001-140721678948536-3, no quotes for BTCUSDT-PERP.BINANCE[0m
[1m2024-04-13T02:02:00.000000000Z[0m [1;33m[WARN] TRADER-001.nautilus_common::cache: Cannot calculate unrealized PnL for P-20240413-013400-001-140721678948536-3, no quotes for BTCUSDT-PERP.BINANCE[0m
[1m2024-04-13T02:02:10.000000000Z[0m [1;33m[WARN] TRADER-001.nautilus_common::cache: Cannot calculate unrealized PnL for P-20240413-013400-001-140721678948536-3, no quotes for BTCUSDT-PERP.BINANCE[0m
[1m2024-04-13T02:02:20.000000000Z[0m [1;33m[WARN] TRADER-001.nautilus_common::cache: Cannot calculate unrealized PnL for P-20240413-013400-001-140721678948536-3, no quotes for BTCUSDT-PERP.BINANCE[0m
[1m2024-04-13T02:02:30.000000000Z[0m [1;33m[WARN] TRADER-001.nautilus_common::cache: Cannot calculate unrealized PnL for P-20240413-013400-001-140721678948536-3, no quotes for BTCUSDT-PERP.BINANCE[0m
[1m2024-04-13T02:02:40.000000000Z[0m [1;33m[WARN] TRADER-001.nautilus_common::cache: Cannot calculate unrealized PnL for P-20240413-013400-001-140721678948536-3, no quotes for BTCUSDT-PERP.BINANCE[0m
[1m2024-04-13T02:02:50.000000000Z[0m [1;33m[WARN] TRADER-001.nautilus_common::cache: Cannot calculate unrealized PnL for P-20240413-013400-001-140721678948536-3, no quotes for BTCUSDT-PERP.BINANCE[0m
[1m2024-04-13T02:02:59.999000000Z[0m [1;33m[WARN] TRADER-001.nautilus_common::cache: Cannot calculate unrealized PnL for P-20240413-013400-001-140721678948536-3, no quotes for BTCUSDT-PERP.BINANCE[0m
[1m2024-04-13T02:03:00.000000000Z[0m [1;33m[WARN] TRADER-001.nautilus_common::cache: Cannot calculate unrealized PnL for P-20240413-013400-001-140721678948536-3, no quotes for BTCUSDT-PERP.BINANCE[0m
[1m2024-04-13T02:03:10.000000000Z[0m [1;33m[WARN] TRADER-001.nautilus_common::cache: Cannot calculate unrealized PnL for P-20240413-013400-001-140721678948536-3, no quotes for BTCUSDT-PERP.BINANCE[0m
[1m2024-04-13T02:03:20.000000000Z[0m [1;33m[WARN] TRADER-001.nautilus_common::cache: Cannot calculate unrealized PnL for P-20240413-013400-001-140721678948536-3, no quotes for BTCUSDT-PERP.BINANCE[0m
[1m2024-04-13T02:03:30.000000000Z[0m [1;33m[WARN] TRADER-001.nautilus_common::cache: Cannot calculate unrealized PnL for P-20240413-013400-001-140721678948536-3, no quotes for BTCUSDT-PERP.BINANCE[0m
[1m2024-04-13T02:03:40.000000000Z[0m [1;33m[WARN] TRADER-001.nautilus_common::cache: Cannot calculate unrealized PnL for P-20240413-013400-001-140721678948536-3, no quotes for BTCUSDT-PERP.BINANCE[0m
[1m2024-04-13T02:03:50.000000000Z[0m [1;33m[WARN] TRADER-001.nautilus_common::cache: Cannot calculate unrealized PnL for P-20240413-013400-001-140721678948536-3, no quotes for BTCUSDT-PERP.BINANCE[0m
[1m2024-04-13T02:03:59.999000000Z[0m [1;33m[WARN] TRADER-001.nautilus_common::cache: Cannot calculate unrealized PnL for P-20240413-013400-001-140721678948536-3, no quotes for BTCUSDT-PERP.BINANCE[0m
[1m2024-04-13T02:04:00.000000000Z[0m [1;33m[WARN] TRADER-001.nautilus_common::cache: Cannot calculate unrealized PnL for P-20240413-013400-001-140721678948536-3, no quotes for BTCUSDT-PERP.BINANCE[0m
[1m2024-04-13T02:04:10.000000000Z[0m [1;33m[WARN] TRADER-001.nautilus_common::cache: Cannot calculate unrealized PnL for P-20240413-013400-001-140721678948536-3, no quotes for BTCUSDT-PERP.BINANCE[0m
[1m2024-04-13T02:04:20.000000000Z[0m [1;33m[WARN] TRADER-001.nautilus_common::cache: Cannot calculate unrealized PnL for P-20240413-013400-001-140721678948536-3, no quotes for BTCUSDT-PERP.BINANCE[0m
[1m2024-04-13T02:04:30.000000000Z[0m [1;33m[WARN] TRADER-001.nautilus_common::cache: Cannot calculate unrealized PnL for P-20240413-013400-001-140721678948536-3, no quotes for BTCUSDT-PERP.BINANCE[0m
[1m2024-04-13T02:04:40.000000000Z[0m [1;33m[WARN] TRADER-001.nautilus_common::cache: Cannot calculate unrealized PnL for P-20240413-013400-001-140721678948536-3, no quotes for BTCUSDT-PERP.BINANCE[0m
[1m2024-04-13T02:04:50.000000000Z[0m [1;33m[WARN] TRADER-001.nautilus_common::cache: Cannot calculate unrealized PnL for P-20240413-013400-001-140721678948536-3, no quotes for BTCUSDT-PERP.BINANCE[0m
[1m2024-04-13T02:04:59.999000000Z[0m [1;33m[WARN] TRADER-001.nautilus_common::cache: Cannot calculate unrealized PnL for P-20240413-013400-001-140721678948536-3, no quotes for BTCUSDT-PERP.BINANCE[0m
[1m2024-04-13T02:05:00.000000000Z[0m [1;33m[WARN] TRADER-001.nautilus_common::cache: Cannot calculate unrealized PnL for P-20240413-013400-001-140721678948536-3, no quotes for BTCUSDT-PERP.BINANCE[0m
[1m2024-04-13T02:05:10.000000000Z[0m [1;33m[WARN] TRADER-001.nautilus_common::cache: Cannot calculate unrealized PnL for P-20240413-013400-001-140721678948536-3, no quotes for BTCUSDT-PERP.BINANCE[0m
[1m2024-04-13T02:05:20.000000000Z[0m [1;33m[WARN] TRADER-001.nautilus_common::cache: Cannot calculate unrealized PnL for P-20240413-013400-001-140721678948536-3, no quotes for BTCUSDT-PERP.BINANCE[0m
[1m2024-04-13T02:05:30.000000000Z[0m [1;33m[WARN] TRADER-001.nautilus_common::cache: Cannot calculate unrealized PnL for P-20240413-013400-001-140721678948536-3, no quotes for BTCUSDT-PERP.BINANCE[0m
[1m2024-04-13T02:05:40.000000000Z[0m [1;33m[WARN] TRADER-001.nautilus_common::cache: Cannot calculate unrealized PnL for P-20240413-013400-001-140721678948536-3, no quotes for BTCUSDT-PERP.BINANCE[0m
[1m2024-04-13T02:05:50.000000000Z[0m [1;33m[WARN] TRADER-001.nautilus_common::cache: Cannot calculate unrealized PnL for P-20240413-013400-001-140721678948536-3, no quotes for BTCUSDT-PERP.BINANCE[0m
[1m2024-04-13T02:05:59.999000000Z[0m [1;33m[WARN] TRADER-001.nautilus_common::cache: Cannot calculate unrealized PnL for P-20240413-013400-001-140721678948536-3, no quotes for BTCUSDT-PERP.BINANCE[0m
[1m2024-04-13T02:06:00.000000000Z[0m [1;33m[WARN] TRADER-001.nautilus_common::cache: Cannot calculate unrealized PnL for P-20240413-013400-001-140721678948536-3, no quotes for BTCUSDT-PERP.BINANCE[0m
[1m2024-04-13T02:06:10.000000000Z[0m [1;33m[WARN] TRADER-001.nautilus_common::cache: Cannot calculate unrealized PnL for P-20240413-013400-001-140721678948536-3, no quotes for BTCUSDT-PERP.BINANCE[0m
[1m2024-04-13T02:06:20.000000000Z[0m [1;33m[WARN] TRADER-001.nautilus_common::cache: Cannot calculate unrealized PnL for P-20240413-013400-001-140721678948536-3, no quotes for BTCUSDT-PERP.BINANCE[0m
[1m2024-04-13T02:06:30.000000000Z[0m [1;33m[WARN] TRADER-001.nautilus_common::cache: Cannot calculate unrealized PnL for P-20240413-013400-001-140721678948536-3, no quotes for BTCUSDT-PERP.BINANCE[0m
[1m2024-04-13T02:06:40.000000000Z[0m [1;33m[WARN] TRADER-001.nautilus_common::cache: Cannot calculate unrealized PnL for P-20240413-013400-001-140721678948536-3, no quotes for BTCUSDT-PERP.BINANCE[0m
[1m2024-04-13T02:06:50.000000000Z[0m [1;33m[WARN] TRADER-001.nautilus_common::cache: Cannot calculate unrealized PnL for P-20240413-013400-001-140721678948536-3, no quotes for BTCUSDT-PERP.BINANCE[0m
[1m2024-04-13T02:06:59.999000000Z[0m [1;33m[WARN] TRADER-001.nautilus_common::cache: Cannot calculate unrealized PnL for P-20240413-013400-001-140721678948536-3, no quotes for BTCUSDT-PERP.BINANCE[0m
[1m2024-04-13T02:07:00.000000000Z[0m [1;33m[WARN] TRADER-001.nautilus_common::cache: Cannot calculate unrealized PnL for P-20240413-013400-001-140721678948536-3, no quotes for BTCUSDT-PERP.BINANCE[0m
[1m2024-04-13T02:07:10.000000000Z[0m [1;33m[WARN] TRADER-001.nautilus_common::cache: Cannot calculate unrealized PnL for P-20240413-013400-001-140721678948536-3, no quotes for BTCUSDT-PERP.BINANCE[0m
[1m2024-04-13T02:07:20.000000000Z[0m [1;33m[WARN] TRADER-001.nautilus_common::cache: Cannot calculate unrealized PnL for P-20240413-013400-001-140721678948536-3, no quotes for BTCUSDT-PERP.BINANCE[0m
[1m2024-04-13T02:07:30.000000000Z[0m [1;33m[WARN] TRADER-001.nautilus_common::cache: Cannot calculate unrealized PnL for P-20240413-013400-001-140721678948536-3, no quotes for BTCUSDT-PERP.BINANCE[0m
[1m2024-04-13T02:07:40.000000000Z[0m [1;33m[WARN] TRADER-001.nautilus_common::cache: Cannot calculate unrealized PnL for P-20240413-013400-001-140721678948536-3, no quotes for BTCUSDT-PERP.BINANCE[0m
[1m2024-04-13T02:07:50.000000000Z[0m [1;33m[WARN] TRADER-001.nautilus_common::cache: Cannot calculate unrealized PnL for P-20240413-013400-001-140721678948536-3, no quotes for BTCUSDT-PERP.BINANCE[0m
[1m2024-04-13T02:07:59.999000000Z[0m [1;33m[WARN] TRADER-001.nautilus_common::cache: Cannot calculate unrealized PnL for P-20240413-013400-001-140721678948536-3, no quotes for BTCUSDT-PERP.BINANCE[0m
[1m2024-04-13T02:08:00.000000000Z[0m [1;33m[WARN] TRADER-001.nautilus_common::cache: Cannot calculate unrealized PnL for P-20240413-013400-001-140721678948536-3, no quotes for BTCUSDT-PERP.BINANCE[0m
[1m2024-04-13T02:08:10.000000000Z[0m [1;33m[WARN] TRADER-001.nautilus_common::cache: Cannot calculate unrealized PnL for P-20240413-013400-001-140721678948536-3, no quotes for BTCUSDT-PERP.BINANCE[0m
[1m2024-04-13T02:08:20.000000000Z[0m [1;33m[WARN] TRADER-001.nautilus_common::cache: Cannot calculate unrealized PnL for P-20240413-013400-001-140721678948536-3, no quotes for BTCUSDT-PERP.BINANCE[0m
[1m2024-04-13T02:08:30.000000000Z[0m [1;33m[WARN] TRADER-001.nautilus_common::cache: Cannot calculate unrealized PnL for P-20240413-013400-001-140721678948536-3, no quotes for BTCUSDT-PERP.BINANCE[0m
[1m2024-04-13T02:08:40.000000000Z[0m [1;33m[WARN] TRADER-001.nautilus_common::cache: Cannot calculate unrealized PnL for P-20240413-013400-001-140721678948536-3, no quotes for BTCUSDT-PERP.BINANCE[0m
[1m2024-04-13T02:08:50.000000000Z[0m [1;33m[WARN] TRADER-001.nautilus_common::cache: Cannot calculate unrealized PnL for P-20240413-013400-001-140721678948536-3, no quotes for BTCUSDT-PERP.BINANCE[0m
[1m2024-04-13T02:08:59.999000000Z[0m [1;33m[WARN] TRADER-001.nautilus_common::cache: Cannot calculate unrealized PnL for P-20240413-013400-001-140721678948536-3, no quotes for BTCUSDT-PERP.BINANCE[0m
[1m2024-04-13T02:09:00.000000000Z[0m [1;33m[WARN] TRADER-001.nautilus_common::cache: Cannot calculate unrealized PnL for P-20240413-013400-001-140721678948536-3, no quotes for BTCUSDT-PERP.BINANCE[0m
[1m2024-04-13T02:09:10.000000000Z[0m [1;33m[WARN] TRADER-001.nautilus_common::cache: Cannot calculate unrealized PnL for P-20240413-013400-001-140721678948536-3, no quotes for BTCUSDT-PERP.BINANCE[0m
[1m2024-04-13T02:09:20.000000000Z[0m [1;33m[WARN] TRADER-001.nautilus_common::cache: Cannot calculate unrealized PnL for P-20240413-013400-001-140721678948536-3, no quotes for BTCUSDT-PERP.BINANCE[0m
[1m2024-04-13T02:09:30.000000000Z[0m [1;33m[WARN] TRADER-001.nautilus_common::cache: Cannot calculate unrealized PnL for P-20240413-013400-001-140721678948536-3, no quotes for BTCUSDT-PERP.BINANCE[0m
[1m2024-04-13T02:09:40.000000000Z[0m [1;33m[WARN] TRADER-001.nautilus_common::cache: Cannot calculate unrealized PnL for P-20240413-013400-001-140721678948536-3, no quotes for BTCUSDT-PERP.BINANCE[0m
[1m2024-04-13T02:09:50.000000000Z[0m [1;33m[WARN] TRADER-001.nautilus_common::cache: Cannot calculate unrealized PnL for P-20240413-013400-001-140721678948536-3, no quotes for BTCUSDT-PERP.BINANCE[0m
[1m2024-04-13T02:09:59.999000000Z[0m [1;33m[WARN] TRADER-001.nautilus_common::cache: Cannot calculate unrealized PnL for P-20240413-013400-001-140721678948536-3, no quotes for BTCUSDT-PERP.BINANCE[0m
[1m2024-04-13T02:10:00.000000000Z[0m [1;33m[WARN] TRADER-001.nautilus_common::cache: Cannot calculate unrealized PnL for P-20240413-013400-001-140721678948536-3, no quotes for BTCUSDT-PERP.BINANCE[0m
[1m2024-04-13T02:10:10.000000000Z[0m [1;33m[WARN] TRADER-001.nautilus_common::cache: Cannot calculate unrealized PnL for P-20240413-013400-001-140721678948536-3, no quotes for BTCUSDT-PERP.BINANCE[0m
[1m2024-04-13T02:10:20.000000000Z[0m [1;33m[WARN] TRADER-001.nautilus_common::cache: Cannot calculate unrealized PnL for P-20240413-013400-001-140721678948536-3, no quotes for BTCUSDT-PERP.BINANCE[0m
[1m2024-04-13T02:10:30.000000000Z[0m [1;33m[WARN] TRADER-001.nautilus_common::cache: Cannot calculate unrealized PnL for P-20240413-013400-001-140721678948536-3, no quotes for BTCUSDT-PERP.BINANCE[0m
[1m2024-04-13T02:10:40.000000000Z[0m [1;33m[WARN] TRADER-001.nautilus_common::cache: Cannot calculate unrealized PnL for P-20240413-013400-001-140721678948536-3, no quotes for BTCUSDT-PERP.BINANCE[0m
[1m2024-04-13T02:10:50.000000000Z[0m [1;33m[WARN] TRADER-001.nautilus_common::cache: Cannot calculate unrealized PnL for P-20240413-013400-001-140721678948536-3, no quotes for BTCUSDT-PERP.BINANCE[0m
[1m2024-04-13T02:10:59.999000000Z[0m [1;33m[WARN] TRADER-001.nautilus_common::cache: Cannot calculate unrealized PnL for P-20240413-013400-001-140721678948536-3, no quotes for BTCUSDT-PERP.BINANCE[0m
[1m2024-04-13T02:11:00.000000000Z[0m [1;33m[WARN] TRADER-001.nautilus_common::cache: Cannot calculate unrealized PnL for P-20240413-013400-001-140721678948536-3, no quotes for BTCUSDT-PERP.BINANCE[0m
[1m2024-04-13T02:11:10.000000000Z[0m [1;33m[WARN] TRADER-001.nautilus_common::cache: Cannot calculate unrealized PnL for P-20240413-013400-001-140721678948536-3, no quotes for BTCUSDT-PERP.BINANCE[0m
[1m2024-04-13T02:11:20.000000000Z[0m [1;33m[WARN] TRADER-001.nautilus_common::cache: Cannot calculate unrealized PnL for P-20240413-013400-001-140721678948536-3, no quotes for BTCUSDT-PERP.BINANCE[0m
[1m2024-04-13T02:11:30.000000000Z[0m [1;33m[WARN] TRADER-001.nautilus_common::cache: Cannot calculate unrealized PnL for P-20240413-013400-001-140721678948536-3, no quotes for BTCUSDT-PERP.BINANCE[0m
[1m2024-04-13T02:11:40.000000000Z[0m [1;33m[WARN] TRADER-001.nautilus_common::cache: Cannot calculate unrealized PnL for P-20240413-013400-001-140721678948536-3, no quotes for BTCUSDT-PERP.BINANCE[0m
[1m2024-04-13T02:11:50.000000000Z[0m [1;33m[WARN] TRADER-001.nautilus_common::cache: Cannot calculate unrealized PnL for P-20240413-013400-001-140721678948536-3, no quotes for BTCUSDT-PERP.BINANCE[0m
[1m2024-04-13T02:11:59.999000000Z[0m [1;33m[WARN] TRADER-001.nautilus_common::cache: Cannot calculate unrealized PnL for P-20240413-013400-001-140721678948536-3, no quotes for BTCUSDT-PERP.BINANCE[0m
[1m2024-04-13T02:12:00.000000000Z[0m [1;33m[WARN] TRADER-001.nautilus_common::cache: Cannot calculate unrealized PnL for P-20240413-013400-001-140721678948536-3, no quotes for BTCUSDT-PERP.BINANCE[0m
[1m2024-04-13T02:12:10.000000000Z[0m [1;33m[WARN] TRADER-001.nautilus_common::cache: Cannot calculate unrealized PnL for P-20240413-013400-001-140721678948536-3, no quotes for BTCUSDT-PERP.BINANCE[0m
[1m2024-04-13T02:12:20.000000000Z[0m [1;33m[WARN] TRADER-001.nautilus_common::cache: Cannot calculate unrealized PnL for P-20240413-013400-001-140721678948536-3, no quotes for BTCUSDT-PERP.BINANCE[0m
[1m2024-04-13T02:12:30.000000000Z[0m [1;33m[WARN] TRADER-001.nautilus_common::cache: Cannot calculate unrealized PnL for P-20240413-013400-001-140721678948536-3, no quotes for BTCUSDT-PERP.BINANCE[0m
[1m2024-04-13T02:12:40.000000000Z[0m [1;33m[WARN] TRADER-001.nautilus_common::cache: Cannot calculate unrealized PnL for P-20240413-013400-001-140721678948536-3, no quotes for BTCUSDT-PERP.BINANCE[0m
[1m2024-04-13T02:12:50.000000000Z[0m [1;33m[WARN] TRADER-001.nautilus_common::cache: Cannot calculate unrealized PnL for P-20240413-013400-001-140721678948536-3, no quotes for BTCUSDT-PERP.BINANCE[0m
[1m2024-04-13T02:12:59.999000000Z[0m [1;33m[WARN] TRADER-001.nautilus_common::cache: Cannot calculate unrealized PnL for P-20240413-013400-001-140721678948536-3, no quotes for BTCUSDT-PERP.BINANCE[0m
[1m2024-04-13T02:13:00.000000000Z[0m [1;33m[WARN] TRADER-001.nautilus_common::cache: Cannot calculate unrealized PnL for P-20240413-013400-001-140721678948536-3, no quotes for BTCUSDT-PERP.BINANCE[0m
[1m2024-04-13T02:13:10.000000000Z[0m [1;33m[WARN] TRADER-001.nautilus_common::cache: Cannot calculate unrealized PnL for P-20240413-013400-001-140721678948536-3, no quotes for BTCUSDT-PERP.BINANCE[0m
[1m2024-04-13T02:13:20.000000000Z[0m [1;33m[WARN] TRADER-001.nautilus_common::cache: Cannot calculate unrealized PnL for P-20240413-013400-001-140721678948536-3, no quotes for BTCUSDT-PERP.BINANCE[0m
[1m2024-04-13T02:13:30.000000000Z[0m [1;33m[WARN] TRADER-001.nautilus_common::cache: Cannot calculate unrealized PnL for P-20240413-013400-001-140721678948536-3, no quotes for BTCUSDT-PERP.BINANCE[0m
[1m2024-04-13T02:13:40.000000000Z[0m [1;33m[WARN] TRADER-001.nautilus_common::cache: Cannot calculate unrealized PnL for P-20240413-013400-001-140721678948536-3, no quotes for BTCUSDT-PERP.BINANCE[0m
[1m2024-04-13T02:13:50.000000000Z[0m [1;33m[WARN] TRADER-001.nautilus_common::cache: Cannot calculate unrealized PnL for P-20240413-013400-001-140721678948536-3, no quotes for BTCUSDT-PERP.BINANCE[0m
[1m2024-04-13T02:13:59.999000000Z[0m [1;33m[WARN] TRADER-001.nautilus_common::cache: Cannot calculate unrealized PnL for P-20240413-013400-001-140721678948536-3, no quotes for BTCUSDT-PERP.BINANCE[0m
[1m2024-04-13T02:14:00.000000000Z[0m [1;33m[WARN] TRADER-001.nautilus_common::cache: Cannot calculate unrealized PnL for P-20240413-013400-001-140721678948536-3, no quotes for BTCUSDT-PERP.BINANCE[0m
[1m2024-04-13T02:14:10.000000000Z[0m [1;33m[WARN] TRADER-001.nautilus_common::cache: Cannot calculate unrealized PnL for P-20240413-013400-001-140721678948536-3, no quotes for BTCUSDT-PERP.BINANCE[0m
[1m2024-04-13T02:14:20.000000000Z[0m [1;33m[WARN] TRADER-001.nautilus_common::cache: Cannot calculate unrealized PnL for P-20240413-013400-001-140721678948536-3, no quotes for BTCUSDT-PERP.BINANCE[0m
[1m2024-04-13T02:14:30.000000000Z[0m [1;33m[WARN] TRADER-001.nautilus_common::cache: Cannot calculate unrealized PnL for P-20240413-013400-001-140721678948536-3, no quotes for BTCUSDT-PERP.BINANCE[0m
[1m2024-04-13T02:14:40.000000000Z[0m [1;33m[WARN] TRADER-001.nautilus_common::cache: Cannot calculate unrealized PnL for P-20240413-013400-001-140721678948536-3, no quotes for BTCUSDT-PERP.BINANCE[0m
[1m2024-04-13T02:14:50.000000000Z[0m [1;33m[WARN] TRADER-001.nautilus_common::cache: Cannot calculate unrealized PnL for P-20240413-013400-001-140721678948536-3, no quotes for BTCUSDT-PERP.BINANCE[0m
[1m2024-04-13T02:14:59.999000000Z[0m [1;33m[WARN] TRADER-001.nautilus_common::cache: Cannot calculate unrealized PnL for P-20240413-013400-001-140721678948536-3, no quotes for BTCUSDT-PERP.BINANCE[0m
[1m2024-04-13T02:15:00.000000000Z[0m [1;33m[WARN] TRADER-001.nautilus_common::cache: Cannot calculate unrealized PnL for P-20240413-013400-001-140721678948536-3, no quotes for BTCUSDT-PERP.BINANCE[0m
[1m2024-04-13T02:15:10.000000000Z[0m [1;33m[WARN] TRADER-001.nautilus_common::cache: Cannot calculate unrealized PnL for P-20240413-013400-001-140721678948536-3, no quotes for BTCUSDT-PERP.BINANCE[0m
[1m2024-04-13T02:15:20.000000000Z[0m [1;33m[WARN] TRADER-001.nautilus_common::cache: Cannot calculate unrealized PnL for P-20240413-013400-001-140721678948536-3, no quotes for BTCUSDT-PERP.BINANCE[0m
[1m2024-04-13T02:15:30.000000000Z[0m [1;33m[WARN] TRADER-001.nautilus_common::cache: Cannot calculate unrealized PnL for P-20240413-013400-001-140721678948536-3, no quotes for BTCUSDT-PERP.BINANCE[0m
[1m2024-04-13T02:15:40.000000000Z[0m [1;33m[WARN] TRADER-001.nautilus_common::cache: Cannot calculate unrealized PnL for P-20240413-013400-001-140721678948536-3, no quotes for BTCUSDT-PERP.BINANCE[0m
[1m2024-04-13T02:15:50.000000000Z[0m [1;33m[WARN] TRADER-001.nautilus_common::cache: Cannot calculate unrealized PnL for P-20240413-013400-001-140721678948536-3, no quotes for BTCUSDT-PERP.BINANCE[0m
[1m2024-04-13T02:15:59.999000000Z[0m [1;33m[WARN] TRADER-001.nautilus_common::cache: Cannot calculate unrealized PnL for P-20240413-013400-001-140721678948536-3, no quotes for BTCUSDT-PERP.BINANCE[0m
[1m2024-04-13T02:16:00.000000000Z[0m [1;33m[WARN] TRADER-001.nautilus_common::cache: Cannot calculate unrealized PnL for P-20240413-013400-001-140721678948536-3, no quotes for BTCUSDT-PERP.BINANCE[0m
[1m2024-04-13T02:16:10.000000000Z[0m [1;33m[WARN] TRADER-001.nautilus_common::cache: Cannot calculate unrealized PnL for P-20240413-013400-001-140721678948536-3, no quotes for BTCUSDT-PERP.BINANCE[0m
[1m2024-04-13T02:16:20.000000000Z[0m [1;33m[WARN] TRADER-001.nautilus_common::cache: Cannot calculate unrealized PnL for P-20240413-013400-001-140721678948536-3, no quotes for BTCUSDT-PERP.BINANCE[0m
[1m2024-04-13T02:16:30.000000000Z[0m [1;33m[WARN] TRADER-001.nautilus_common::cache: Cannot calculate unrealized PnL for P-20240413-013400-001-140721678948536-3, no quotes for BTCUSDT-PERP.BINANCE[0m
[1m2024-04-13T02:16:40.000000000Z[0m [1;33m[WARN] TRADER-001.nautilus_common::cache: Cannot calculate unrealized PnL for P-20240413-013400-001-140721678948536-3, no quotes for BTCUSDT-PERP.BINANCE[0m
[1m2024-04-13T02:16:50.000000000Z[0m [1;33m[WARN] TRADER-001.nautilus_common::cache: Cannot calculate unrealized PnL for P-20240413-013400-001-140721678948536-3, no quotes for BTCUSDT-PERP.BINANCE[0m
[1m2024-04-13T02:16:59.999000000Z[0m [1;33m[WARN] TRADER-001.nautilus_common::cache: Cannot calculate unrealized PnL for P-20240413-013400-001-140721678948536-3, no quotes for BTCUSDT-PERP.BINANCE[0m
[1m2024-04-13T02:17:00.000000000Z[0m [1;33m[WARN] TRADER-001.nautilus_common::cache: Cannot calculate unrealized PnL for P-20240413-013400-001-140721678948536-3, no quotes for BTCUSDT-PERP.BINANCE[0m
[1m2024-04-13T02:17:10.000000000Z[0m [1;33m[WARN] TRADER-001.nautilus_common::cache: Cannot calculate unrealized PnL for P-20240413-013400-001-140721678948536-3, no quotes for BTCUSDT-PERP.BINANCE[0m
[1m2024-04-13T02:17:20.000000000Z[0m [1;33m[WARN] TRADER-001.nautilus_common::cache: Cannot calculate unrealized PnL for P-20240413-013400-001-140721678948536-3, no quotes for BTCUSDT-PERP.BINANCE[0m
[1m2024-04-13T02:17:30.000000000Z[0m [1;33m[WARN] TRADER-001.nautilus_common::cache: Cannot calculate unrealized PnL for P-20240413-013400-001-140721678948536-3, no quotes for BTCUSDT-PERP.BINANCE[0m
[1m2024-04-13T02:17:40.000000000Z[0m [1;33m[WARN] TRADER-001.nautilus_common::cache: Cannot calculate unrealized PnL for P-20240413-013400-001-140721678948536-3, no quotes for BTCUSDT-PERP.BINANCE[0m
[1m2024-04-13T02:17:50.000000000Z[0m [1;33m[WARN] TRADER-001.nautilus_common::cache: Cannot calculate unrealized PnL for P-20240413-013400-001-140721678948536-3, no quotes for BTCUSDT-PERP.BINANCE[0m
[1m2024-04-13T02:17:59.999000000Z[0m [1;33m[WARN] TRADER-001.nautilus_common::cache: Cannot calculate unrealized PnL for P-20240413-013400-001-140721678948536-3, no quotes for BTCUSDT-PERP.BINANCE[0m
[1m2024-04-13T02:18:00.000000000Z[0m [1;33m[WARN] TRADER-001.nautilus_common::cache: Cannot calculate unrealized PnL for P-20240413-013400-001-140721678948536-3, no quotes for BTCUSDT-PERP.BINANCE[0m
[1m2024-04-13T02:18:10.000000000Z[0m [1;33m[WARN] TRADER-001.nautilus_common::cache: Cannot calculate unrealized PnL for P-20240413-013400-001-140721678948536-3, no quotes for BTCUSDT-PERP.BINANCE[0m
[1m2024-04-13T02:18:20.000000000Z[0m [1;33m[WARN] TRADER-001.nautilus_common::cache: Cannot calculate unrealized PnL for P-20240413-013400-001-140721678948536-3, no quotes for BTCUSDT-PERP.BINANCE[0m
[1m2024-04-13T02:18:30.000000000Z[0m [1;33m[WARN] TRADER-001.nautilus_common::cache: Cannot calculate unrealized PnL for P-20240413-013400-001-140721678948536-3, no quotes for BTCUSDT-PERP.BINANCE[0m
[1m2024-04-13T02:18:40.000000000Z[0m [1;33m[WARN] TRADER-001.nautilus_common::cache: Cannot calculate unrealized PnL for P-20240413-013400-001-140721678948536-3, no quotes for BTCUSDT-PERP.BINANCE[0m
[1m2024-04-13T02:18:50.000000000Z[0m [1;33m[WARN] TRADER-001.nautilus_common::cache: Cannot calculate unrealized PnL for P-20240413-013400-001-140721678948536-3, no quotes for BTCUSDT-PERP.BINANCE[0m
[1m2024-04-13T02:18:59.999000000Z[0m [1;33m[WARN] TRADER-001.nautilus_common::cache: Cannot calculate unrealized PnL for P-20240413-013400-001-140721678948536-3, no quotes for BTCUSDT-PERP.BINANCE[0m
[1m2024-04-13T02:19:00.000000000Z[0m [1;33m[WARN] TRADER-001.nautilus_common::cache: Cannot calculate unrealized PnL for P-20240413-013400-001-140721678948536-3, no quotes for BTCUSDT-PERP.BINANCE[0m
[1m2024-04-13T02:19:10.000000000Z[0m [1;33m[WARN] TRADER-001.nautilus_common::cache: Cannot calculate unrealized PnL for P-20240413-013400-001-140721678948536-3, no quotes for BTCUSDT-PERP.BINANCE[0m
[1m2024-04-13T02:19:20.000000000Z[0m [1;33m[WARN] TRADER-001.nautilus_common::cache: Cannot calculate unrealized PnL for P-20240413-013400-001-140721678948536-3, no quotes for BTCUSDT-PERP.BINANCE[0m
[1m2024-04-13T02:19:30.000000000Z[0m [1;33m[WARN] TRADER-001.nautilus_common::cache: Cannot calculate unrealized PnL for P-20240413-013400-001-140721678948536-3, no quotes for BTCUSDT-PERP.BINANCE[0m
[1m2024-04-13T02:19:40.000000000Z[0m [1;33m[WARN] TRADER-001.nautilus_common::cache: Cannot calculate unrealized PnL for P-20240413-013400-001-140721678948536-3, no quotes for BTCUSDT-PERP.BINANCE[0m
[1m2024-04-13T02:19:50.000000000Z[0m [1;33m[WARN] TRADER-001.nautilus_common::cache: Cannot calculate unrealized PnL for P-20240413-013400-001-140721678948536-3, no quotes for BTCUSDT-PERP.BINANCE[0m
[1m2024-04-13T02:19:59.999000000Z[0m [1;33m[WARN] TRADER-001.nautilus_common::cache: Cannot calculate unrealized PnL for P-20240413-013400-001-140721678948536-3, no quotes for BTCUSDT-PERP.BINANCE[0m
[1m2024-04-13T02:20:00.000000000Z[0m [1;33m[WARN] TRADER-001.nautilus_common::cache: Cannot calculate unrealized PnL for P-20240413-013400-001-140721678948536-3, no quotes for BTCUSDT-PERP.BINANCE[0m
[1m2024-04-13T02:20:10.000000000Z[0m [1;33m[WARN] TRADER-001.nautilus_common::cache: Cannot calculate unrealized PnL for P-20240413-013400-001-140721678948536-3, no quotes for BTCUSDT-PERP.BINANCE[0m
[1m2024-04-13T02:20:20.000000000Z[0m [1;33m[WARN] TRADER-001.nautilus_common::cache: Cannot calculate unrealized PnL for P-20240413-013400-001-140721678948536-3, no quotes for BTCUSDT-PERP.BINANCE[0m
[1m2024-04-13T02:20:30.000000000Z[0m [1;33m[WARN] TRADER-001.nautilus_common::cache: Cannot calculate unrealized PnL for P-20240413-013400-001-140721678948536-3, no quotes for BTCUSDT-PERP.BINANCE[0m
[1m2024-04-13T02:20:40.000000000Z[0m [1;33m[WARN] TRADER-001.nautilus_common::cache: Cannot calculate unrealized PnL for P-20240413-013400-001-140721678948536-3, no quotes for BTCUSDT-PERP.BINANCE[0m
[1m2024-04-13T02:20:50.000000000Z[0m [1;33m[WARN] TRADER-001.nautilus_common::cache: Cannot calculate unrealized PnL for P-20240413-013400-001-140721678948536-3, no quotes for BTCUSDT-PERP.BINANCE[0m
[1m2024-04-13T02:20:59.999000000Z[0m [1;33m[WARN] TRADER-001.nautilus_common::cache: Cannot calculate unrealized PnL for P-20240413-013400-001-140721678948536-3, no quotes for BTCUSDT-PERP.BINANCE[0m
[1m2024-04-13T02:21:00.000000000Z[0m [1;33m[WARN] TRADER-001.nautilus_common::cache: Cannot calculate unrealized PnL for P-20240413-013400-001-140721678948536-3, no quotes for BTCUSDT-PERP.BINANCE[0m
[1m2024-04-13T02:21:10.000000000Z[0m [1;33m[WARN] TRADER-001.nautilus_common::cache: Cannot calculate unrealized PnL for P-20240413-013400-001-140721678948536-3, no quotes for BTCUSDT-PERP.BINANCE[0m
[1m2024-04-13T02:21:20.000000000Z[0m [1;33m[WARN] TRADER-001.nautilus_common::cache: Cannot calculate unrealized PnL for P-20240413-013400-001-140721678948536-3, no quotes for BTCUSDT-PERP.BINANCE[0m
[1m2024-04-13T02:21:30.000000000Z[0m [1;33m[WARN] TRADER-001.nautilus_common::cache: Cannot calculate unrealized PnL for P-20240413-013400-001-140721678948536-3, no quotes for BTCUSDT-PERP.BINANCE[0m
[1m2024-04-13T02:21:40.000000000Z[0m [1;33m[WARN] TRADER-001.nautilus_common::cache: Cannot calculate unrealized PnL for P-20240413-013400-001-140721678948536-3, no quotes for BTCUSDT-PERP.BINANCE[0m
[1m2024-04-13T02:21:50.000000000Z[0m [1;33m[WARN] TRADER-001.nautilus_common::cache: Cannot calculate unrealized PnL for P-20240413-013400-001-140721678948536-3, no quotes for BTCUSDT-PERP.BINANCE[0m
[1m2024-04-13T02:21:59.999000000Z[0m [1;33m[WARN] TRADER-001.nautilus_common::cache: Cannot calculate unrealized PnL for P-20240413-013400-001-140721678948536-3, no quotes for BTCUSDT-PERP.BINANCE[0m
[1m2024-04-13T02:22:00.000000000Z[0m [1;33m[WARN] TRADER-001.nautilus_common::cache: Cannot calculate unrealized PnL for P-20240413-013400-001-140721678948536-3, no quotes for BTCUSDT-PERP.BINANCE[0m
[1m2024-04-13T02:22:10.000000000Z[0m [1;33m[WARN] TRADER-001.nautilus_common::cache: Cannot calculate unrealized PnL for P-20240413-013400-001-140721678948536-3, no quotes for BTCUSDT-PERP.BINANCE[0m
[1m2024-04-13T02:22:20.000000000Z[0m [1;33m[WARN] TRADER-001.nautilus_common::cache: Cannot calculate unrealized PnL for P-20240413-013400-001-140721678948536-3, no quotes for BTCUSDT-PERP.BINANCE[0m
[1m2024-04-13T02:22:30.000000000Z[0m [1;33m[WARN] TRADER-001.nautilus_common::cache: Cannot calculate unrealized PnL for P-20240413-013400-001-140721678948536-3, no quotes for BTCUSDT-PERP.BINANCE[0m
[1m2024-04-13T02:22:40.000000000Z[0m [1;33m[WARN] TRADER-001.nautilus_common::cache: Cannot calculate unrealized PnL for P-20240413-013400-001-140721678948536-3, no quotes for BTCUSDT-PERP.BINANCE[0m
[1m2024-04-13T02:22:50.000000000Z[0m [1;33m[WARN] TRADER-001.nautilus_common::cache: Cannot calculate unrealized PnL for P-20240413-013400-001-140721678948536-3, no quotes for BTCUSDT-PERP.BINANCE[0m
[1m2024-04-13T02:22:59.999000000Z[0m [1;33m[WARN] TRADER-001.nautilus_common::cache: Cannot calculate unrealized PnL for P-20240413-013400-001-140721678948536-3, no quotes for BTCUSDT-PERP.BINANCE[0m
[1m2024-04-13T02:23:00.000000000Z[0m [1;33m[WARN] TRADER-001.nautilus_common::cache: Cannot calculate unrealized PnL for P-20240413-013400-001-140721678948536-3, no quotes for BTCUSDT-PERP.BINANCE[0m
[1m2024-04-13T02:23:10.000000000Z[0m [1;33m[WARN] TRADER-001.nautilus_common::cache: Cannot calculate unrealized PnL for P-20240413-013400-001-140721678948536-3, no quotes for BTCUSDT-PERP.BINANCE[0m
[1m2024-04-13T02:23:20.000000000Z[0m [1;33m[WARN] TRADER-001.nautilus_common::cache: Cannot calculate unrealized PnL for P-20240413-013400-001-140721678948536-3, no quotes for BTCUSDT-PERP.BINANCE[0m
[1m2024-04-13T02:23:30.000000000Z[0m [1;33m[WARN] TRADER-001.nautilus_common::cache: Cannot calculate unrealized PnL for P-20240413-013400-001-140721678948536-3, no quotes for BTCUSDT-PERP.BINANCE[0m
[1m2024-04-13T02:23:40.000000000Z[0m [1;33m[WARN] TRADER-001.nautilus_common::cache: Cannot calculate unrealized PnL for P-20240413-013400-001-140721678948536-3, no quotes for BTCUSDT-PERP.BINANCE[0m
[1m2024-04-13T02:23:50.000000000Z[0m [1;33m[WARN] TRADER-001.nautilus_common::cache: Cannot calculate unrealized PnL for P-20240413-013400-001-140721678948536-3, no quotes for BTCUSDT-PERP.BINANCE[0m
[1m2024-04-13T02:23:59.999000000Z[0m [1;33m[WARN] TRADER-001.nautilus_common::cache: Cannot calculate unrealized PnL for P-20240413-013400-001-140721678948536-3, no quotes for BTCUSDT-PERP.BINANCE[0m
[1m2024-04-13T02:24:00.000000000Z[0m [1;33m[WARN] TRADER-001.nautilus_common::cache: Cannot calculate unrealized PnL for P-20240413-013400-001-140721678948536-3, no quotes for BTCUSDT-PERP.BINANCE[0m
[1m2024-04-13T02:24:10.000000000Z[0m [1;33m[WARN] TRADER-001.nautilus_common::cache: Cannot calculate unrealized PnL for P-20240413-013400-001-140721678948536-3, no quotes for BTCUSDT-PERP.BINANCE[0m
[1m2024-04-13T02:24:20.000000000Z[0m [1;33m[WARN] TRADER-001.nautilus_common::cache: Cannot calculate unrealized PnL for P-20240413-013400-001-140721678948536-3, no quotes for BTCUSDT-PERP.BINANCE[0m
[1m2024-04-13T02:24:30.000000000Z[0m [1;33m[WARN] TRADER-001.nautilus_common::cache: Cannot calculate unrealized PnL for P-20240413-013400-001-140721678948536-3, no quotes for BTCUSDT-PERP.BINANCE[0m
[1m2024-04-13T02:24:40.000000000Z[0m [1;33m[WARN] TRADER-001.nautilus_common::cache: Cannot calculate unrealized PnL for P-20240413-013400-001-140721678948536-3, no quotes for BTCUSDT-PERP.BINANCE[0m
[1m2024-04-13T02:24:50.000000000Z[0m [1;33m[WARN] TRADER-001.nautilus_common::cache: Cannot calculate unrealized PnL for P-20240413-013400-001-140721678948536-3, no quotes for BTCUSDT-PERP.BINANCE[0m
[1m2024-04-13T02:24:59.999000000Z[0m [1;33m[WARN] TRADER-001.nautilus_common::cache: Cannot calculate unrealized PnL for P-20240413-013400-001-140721678948536-3, no quotes for BTCUSDT-PERP.BINANCE[0m
[1m2024-04-13T02:25:00.000000000Z[0m [1;33m[WARN] TRADER-001.nautilus_common::cache: Cannot calculate unrealized PnL for P-20240413-013400-001-140721678948536-3, no quotes for BTCUSDT-PERP.BINANCE[0m
[1m2024-04-13T02:25:10.000000000Z[0m [1;33m[WARN] TRADER-001.nautilus_common::cache: Cannot calculate unrealized PnL for P-20240413-013400-001-140721678948536-3, no quotes for BTCUSDT-PERP.BINANCE[0m
[1m2024-04-13T02:25:20.000000000Z[0m [1;33m[WARN] TRADER-001.nautilus_common::cache: Cannot calculate unrealized PnL for P-20240413-013400-001-140721678948536-3, no quotes for BTCUSDT-PERP.BINANCE[0m
[1m2024-04-13T02:25:30.000000000Z[0m [1;33m[WARN] TRADER-001.nautilus_common::cache: Cannot calculate unrealized PnL for P-20240413-013400-001-140721678948536-3, no quotes for BTCUSDT-PERP.BINANCE[0m
[1m2024-04-13T02:25:40.000000000Z[0m [1;33m[WARN] TRADER-001.nautilus_common::cache: Cannot calculate unrealized PnL for P-20240413-013400-001-140721678948536-3, no quotes for BTCUSDT-PERP.BINANCE[0m
[1m2024-04-13T02:25:50.000000000Z[0m [1;33m[WARN] TRADER-001.nautilus_common::cache: Cannot calculate unrealized PnL for P-20240413-013400-001-140721678948536-3, no quotes for BTCUSDT-PERP.BINANCE[0m
[1m2024-04-13T02:25:59.999000000Z[0m [1;33m[WARN] TRADER-001.nautilus_common::cache: Cannot calculate unrealized PnL for P-20240413-013400-001-140721678948536-3, no quotes for BTCUSDT-PERP.BINANCE[0m
[1m2024-04-13T02:26:00.000000000Z[0m [1;33m[WARN] TRADER-001.nautilus_common::cache: Cannot calculate unrealized PnL for P-20240413-013400-001-140721678948536-3, no quotes for BTCUSDT-PERP.BINANCE[0m
[1m2024-04-13T02:26:10.000000000Z[0m [1;33m[WARN] TRADER-001.nautilus_common::cache: Cannot calculate unrealized PnL for P-20240413-013400-001-140721678948536-3, no quotes for BTCUSDT-PERP.BINANCE[0m
[1m2024-04-13T02:26:20.000000000Z[0m [1;33m[WARN] TRADER-001.nautilus_common::cache: Cannot calculate unrealized PnL for P-20240413-013400-001-140721678948536-3, no quotes for BTCUSDT-PERP.BINANCE[0m
[1m2024-04-13T02:26:30.000000000Z[0m [1;33m[WARN] TRADER-001.nautilus_common::cache: Cannot calculate unrealized PnL for P-20240413-013400-001-140721678948536-3, no quotes for BTCUSDT-PERP.BINANCE[0m
[1m2024-04-13T02:26:40.000000000Z[0m [1;33m[WARN] TRADER-001.nautilus_common::cache: Cannot calculate unrealized PnL for P-20240413-013400-001-140721678948536-3, no quotes for BTCUSDT-PERP.BINANCE[0m
[1m2024-04-13T02:26:50.000000000Z[0m [1;33m[WARN] TRADER-001.nautilus_common::cache: Cannot calculate unrealized PnL for P-20240413-013400-001-140721678948536-3, no quotes for BTCUSDT-PERP.BINANCE[0m
[1m2024-04-13T02:26:59.999000000Z[0m [1;33m[WARN] TRADER-001.nautilus_common::cache: Cannot calculate unrealized PnL for P-20240413-013400-001-140721678948536-3, no quotes for BTCUSDT-PERP.BINANCE[0m
[1m2024-04-13T02:27:00.000000000Z[0m [1;33m[WARN] TRADER-001.nautilus_common::cache: Cannot calculate unrealized PnL for P-20240413-013400-001-140721678948536-3, no quotes for BTCUSDT-PERP.BINANCE[0m
[1m2024-04-13T02:27:10.000000000Z[0m [1;33m[WARN] TRADER-001.nautilus_common::cache: Cannot calculate unrealized PnL for P-20240413-013400-001-140721678948536-3, no quotes for BTCUSDT-PERP.BINANCE[0m
[1m2024-04-13T02:27:20.000000000Z[0m [1;33m[WARN] TRADER-001.nautilus_common::cache: Cannot calculate unrealized PnL for P-20240413-013400-001-140721678948536-3, no quotes for BTCUSDT-PERP.BINANCE[0m
[1m2024-04-13T02:27:30.000000000Z[0m [1;33m[WARN] TRADER-001.nautilus_common::cache: Cannot calculate unrealized PnL for P-20240413-013400-001-140721678948536-3, no quotes for BTCUSDT-PERP.BINANCE[0m
[1m2024-04-13T02:27:40.000000000Z[0m [1;33m[WARN] TRADER-001.nautilus_common::cache: Cannot calculate unrealized PnL for P-20240413-013400-001-140721678948536-3, no quotes for BTCUSDT-PERP.BINANCE[0m
[1m2024-04-13T02:27:50.000000000Z[0m [1;33m[WARN] TRADER-001.nautilus_common::cache: Cannot calculate unrealized PnL for P-20240413-013400-001-140721678948536-3, no quotes for BTCUSDT-PERP.BINANCE[0m
[1m2024-04-13T02:27:59.999000000Z[0m [1;33m[WARN] TRADER-001.nautilus_common::cache: Cannot calculate unrealized PnL for P-20240413-013400-001-140721678948536-3, no quotes for BTCUSDT-PERP.BINANCE[0m
[1m2024-04-13T02:28:00.000000000Z[0m [1;33m[WARN] TRADER-001.nautilus_common::cache: Cannot calculate unrealized PnL for P-20240413-013400-001-140721678948536-3, no quotes for BTCUSDT-PERP.BINANCE[0m
[1m2024-04-13T02:28:10.000000000Z[0m [1;33m[WARN] TRADER-001.nautilus_common::cache: Cannot calculate unrealized PnL for P-20240413-013400-001-140721678948536-3, no quotes for BTCUSDT-PERP.BINANCE[0m
[1m2024-04-13T02:28:20.000000000Z[0m [1;33m[WARN] TRADER-001.nautilus_common::cache: Cannot calculate unrealized PnL for P-20240413-013400-001-140721678948536-3, no quotes for BTCUSDT-PERP.BINANCE[0m
[1m2024-04-13T02:28:30.000000000Z[0m [1;33m[WARN] TRADER-001.nautilus_common::cache: Cannot calculate unrealized PnL for P-20240413-013400-001-140721678948536-3, no quotes for BTCUSDT-PERP.BINANCE[0m
[1m2024-04-13T02:28:40.000000000Z[0m [1;33m[WARN] TRADER-001.nautilus_common::cache: Cannot calculate unrealized PnL for P-20240413-013400-001-140721678948536-3, no quotes for BTCUSDT-PERP.BINANCE[0m
[1m2024-04-13T02:28:50.000000000Z[0m [1;33m[WARN] TRADER-001.nautilus_common::cache: Cannot calculate unrealized PnL for P-20240413-013400-001-140721678948536-3, no quotes for BTCUSDT-PERP.BINANCE[0m
[1m2024-04-13T02:28:59.999000000Z[0m [1;33m[WARN] TRADER-001.nautilus_common::cache: Cannot calculate unrealized PnL for P-20240413-013400-001-140721678948536-3, no quotes for BTCUSDT-PERP.BINANCE[0m
[1m2024-04-13T02:29:00.000000000Z[0m [1;33m[WARN] TRADER-001.nautilus_common::cache: Cannot calculate unrealized PnL for P-20240413-013400-001-140721678948536-3, no quotes for BTCUSDT-PERP.BINANCE[0m
[1m2024-04-13T02:29:10.000000000Z[0m [1;33m[WARN] TRADER-001.nautilus_common::cache: Cannot calculate unrealized PnL for P-20240413-013400-001-140721678948536-3, no quotes for BTCUSDT-PERP.BINANCE[0m
[1m2024-04-13T02:29:20.000000000Z[0m [1;33m[WARN] TRADER-001.nautilus_common::cache: Cannot calculate unrealized PnL for P-20240413-013400-001-140721678948536-3, no quotes for BTCUSDT-PERP.BINANCE[0m
[1m2024-04-13T02:29:30.000000000Z[0m [1;33m[WARN] TRADER-001.nautilus_common::cache: Cannot calculate unrealized PnL for P-20240413-013400-001-140721678948536-3, no quotes for BTCUSDT-PERP.BINANCE[0m
[1m2024-04-13T02:29:40.000000000Z[0m [1;33m[WARN] TRADER-001.nautilus_common::cache: Cannot calculate unrealized PnL for P-20240413-013400-001-140721678948536-3, no quotes for BTCUSDT-PERP.BINANCE[0m
[1m2024-04-13T02:29:50.000000000Z[0m [1;33m[WARN] TRADER-001.nautilus_common::cache: Cannot calculate unrealized PnL for P-20240413-013400-001-140721678948536-3, no quotes for BTCUSDT-PERP.BINANCE[0m
[1m2024-04-13T02:29:59.999000000Z[0m [1;33m[WARN] TRADER-001.nautilus_common::cache: Cannot calculate unrealized PnL for P-20240413-013400-001-140721678948536-3, no quotes for BTCUSDT-PERP.BINANCE[0m
[1m2024-04-13T02:30:00.000000000Z[0m [1;33m[WARN] TRADER-001.nautilus_common::cache: Cannot calculate unrealized PnL for P-20240413-013400-001-140721678948536-3, no quotes for BTCUSDT-PERP.BINANCE[0m
[1m2024-04-13T02:30:10.000000000Z[0m [1;33m[WARN] TRADER-001.nautilus_common::cache: Cannot calculate unrealized PnL for P-20240413-013400-001-140721678948536-3, no quotes for BTCUSDT-PERP.BINANCE[0m
[1m2024-04-13T02:30:20.000000000Z[0m [1;33m[WARN] TRADER-001.nautilus_common::cache: Cannot calculate unrealized PnL for P-20240413-013400-001-140721678948536-3, no quotes for BTCUSDT-PERP.BINANCE[0m
[1m2024-04-13T02:30:30.000000000Z[0m [1;33m[WARN] TRADER-001.nautilus_common::cache: Cannot calculate unrealized PnL for P-20240413-013400-001-140721678948536-3, no quotes for BTCUSDT-PERP.BINANCE[0m
[1m2024-04-13T02:30:40.000000000Z[0m [1;33m[WARN] TRADER-001.nautilus_common::cache: Cannot calculate unrealized PnL for P-20240413-013400-001-140721678948536-3, no quotes for BTCUSDT-PERP.BINANCE[0m
[1m2024-04-13T02:30:50.000000000Z[0m [1;33m[WARN] TRADER-001.nautilus_common::cache: Cannot calculate unrealized PnL for P-20240413-013400-001-140721678948536-3, no quotes for BTCUSDT-PERP.BINANCE[0m
[1m2024-04-13T02:30:59.999000000Z[0m [1;33m[WARN] TRADER-001.nautilus_common::cache: Cannot calculate unrealized PnL for P-20240413-013400-001-140721678948536-3, no quotes for BTCUSDT-PERP.BINANCE[0m
[1m2024-04-13T02:31:00.000000000Z[0m [1;33m[WARN] TRADER-001.nautilus_common::cache: Cannot calculate unrealized PnL for P-20240413-013400-001-140721678948536-3, no quotes for BTCUSDT-PERP.BINANCE[0m
[1m2024-04-13T02:31:10.000000000Z[0m [1;33m[WARN] TRADER-001.nautilus_common::cache: Cannot calculate unrealized PnL for P-20240413-013400-001-140721678948536-3, no quotes for BTCUSDT-PERP.BINANCE[0m
[1m2024-04-13T02:31:20.000000000Z[0m [1;33m[WARN] TRADER-001.nautilus_common::cache: Cannot calculate unrealized PnL for P-20240413-013400-001-140721678948536-3, no quotes for BTCUSDT-PERP.BINANCE[0m
[1m2024-04-13T02:31:30.000000000Z[0m [1;33m[WARN] TRADER-001.nautilus_common::cache: Cannot calculate unrealized PnL for P-20240413-013400-001-140721678948536-3, no quotes for BTCUSDT-PERP.BINANCE[0m
[1m2024-04-13T02:31:40.000000000Z[0m [1;33m[WARN] TRADER-001.nautilus_common::cache: Cannot calculate unrealized PnL for P-20240413-013400-001-140721678948536-3, no quotes for BTCUSDT-PERP.BINANCE[0m
[1m2024-04-13T02:31:50.000000000Z[0m [1;33m[WARN] TRADER-001.nautilus_common::cache: Cannot calculate unrealized PnL for P-20240413-013400-001-140721678948536-3, no quotes for BTCUSDT-PERP.BINANCE[0m
[1m2024-04-13T02:31:59.999000000Z[0m [1;33m[WARN] TRADER-001.nautilus_common::cache: Cannot calculate unrealized PnL for P-20240413-013400-001-140721678948536-3, no quotes for BTCUSDT-PERP.BINANCE[0m
[1m2024-04-13T02:32:00.000000000Z[0m [1;33m[WARN] TRADER-001.nautilus_common::cache: Cannot calculate unrealized PnL for P-20240413-013400-001-140721678948536-3, no quotes for BTCUSDT-PERP.BINANCE[0m
[1m2024-04-13T02:32:10.000000000Z[0m [1;33m[WARN] TRADER-001.nautilus_common::cache: Cannot calculate unrealized PnL for P-20240413-013400-001-140721678948536-3, no quotes for BTCUSDT-PERP.BINANCE[0m
[1m2024-04-13T02:32:20.000000000Z[0m [1;33m[WARN] TRADER-001.nautilus_common::cache: Cannot calculate unrealized PnL for P-20240413-013400-001-140721678948536-3, no quotes for BTCUSDT-PERP.BINANCE[0m
[1m2024-04-13T02:32:30.000000000Z[0m [1;33m[WARN] TRADER-001.nautilus_common::cache: Cannot calculate unrealized PnL for P-20240413-013400-001-140721678948536-3, no quotes for BTCUSDT-PERP.BINANCE[0m
[1m2024-04-13T02:32:40.000000000Z[0m [1;33m[WARN] TRADER-001.nautilus_common::cache: Cannot calculate unrealized PnL for P-20240413-013400-001-140721678948536-3, no quotes for BTCUSDT-PERP.BINANCE[0m
[1m2024-04-13T02:32:50.000000000Z[0m [1;33m[WARN] TRADER-001.nautilus_common::cache: Cannot calculate unrealized PnL for P-20240413-013400-001-140721678948536-3, no quotes for BTCUSDT-PERP.BINANCE[0m
[1m2024-04-13T02:32:59.999000000Z[0m [1;33m[WARN] TRADER-001.nautilus_common::cache: Cannot calculate unrealized PnL for P-20240413-013400-001-140721678948536-3, no quotes for BTCUSDT-PERP.BINANCE[0m
[1m2024-04-13T02:33:00.000000000Z[0m [1;33m[WARN] TRADER-001.nautilus_common::cache: Cannot calculate unrealized PnL for P-20240413-013400-001-140721678948536-3, no quotes for BTCUSDT-PERP.BINANCE[0m
[1m2024-04-13T02:33:10.000000000Z[0m [1;33m[WARN] TRADER-001.nautilus_common::cache: Cannot calculate unrealized PnL for P-20240413-013400-001-140721678948536-3, no quotes for BTCUSDT-PERP.BINANCE[0m
[1m2024-04-13T02:33:20.000000000Z[0m [1;33m[WARN] TRADER-001.nautilus_common::cache: Cannot calculate unrealized PnL for P-20240413-013400-001-140721678948536-3, no quotes for BTCUSDT-PERP.BINANCE[0m
[1m2024-04-13T02:33:30.000000000Z[0m [1;33m[WARN] TRADER-001.nautilus_common::cache: Cannot calculate unrealized PnL for P-20240413-013400-001-140721678948536-3, no quotes for BTCUSDT-PERP.BINANCE[0m
[1m2024-04-13T02:33:40.000000000Z[0m [1;33m[WARN] TRADER-001.nautilus_common::cache: Cannot calculate unrealized PnL for P-20240413-013400-001-140721678948536-3, no quotes for BTCUSDT-PERP.BINANCE[0m
[1m2024-04-13T02:33:50.000000000Z[0m [1;33m[WARN] TRADER-001.nautilus_common::cache: Cannot calculate unrealized PnL for P-20240413-013400-001-140721678948536-3, no quotes for BTCUSDT-PERP.BINANCE[0m
[1m2024-04-13T02:33:59.999000000Z[0m [1;33m[WARN] TRADER-001.nautilus_common::cache: Cannot calculate unrealized PnL for P-20240413-013400-001-140721678948536-3, no quotes for BTCUSDT-PERP.BINANCE[0m
[1m2024-04-13T02:34:00.000000000Z[0m [1;33m[WARN] TRADER-001.nautilus_common::cache: Cannot calculate unrealized PnL for P-20240413-013400-001-140721678948536-3, no quotes for BTCUSDT-PERP.BINANCE[0m
[1m2024-04-13T02:34:10.000000000Z[0m [1;33m[WARN] TRADER-001.nautilus_common::cache: Cannot calculate unrealized PnL for P-20240413-013400-001-140721678948536-3, no quotes for BTCUSDT-PERP.BINANCE[0m
[1m2024-04-13T02:34:20.000000000Z[0m [1;33m[WARN] TRADER-001.nautilus_common::cache: Cannot calculate unrealized PnL for P-20240413-013400-001-140721678948536-3, no quotes for BTCUSDT-PERP.BINANCE[0m
[1m2024-04-13T02:34:30.000000000Z[0m [1;33m[WARN] TRADER-001.nautilus_common::cache: Cannot calculate unrealized PnL for P-20240413-013400-001-140721678948536-3, no quotes for BTCUSDT-PERP.BINANCE[0m
[1m2024-04-13T02:34:40.000000000Z[0m [1;33m[WARN] TRADER-001.nautilus_common::cache: Cannot calculate unrealized PnL for P-20240413-013400-001-140721678948536-3, no quotes for BTCUSDT-PERP.BINANCE[0m
[1m2024-04-13T02:34:50.000000000Z[0m [1;33m[WARN] TRADER-001.nautilus_common::cache: Cannot calculate unrealized PnL for P-20240413-013400-001-140721678948536-3, no quotes for BTCUSDT-PERP.BINANCE[0m
[1m2024-04-13T02:34:59.999000000Z[0m [1;33m[WARN] TRADER-001.nautilus_common::cache: Cannot calculate unrealized PnL for P-20240413-013400-001-140721678948536-3, no quotes for BTCUSDT-PERP.BINANCE[0m
[1m2024-04-13T02:35:00.000000000Z[0m [1;33m[WARN] TRADER-001.nautilus_common::cache: Cannot calculate unrealized PnL for P-20240413-013400-001-140721678948536-3, no quotes for BTCUSDT-PERP.BINANCE[0m
[1m2024-04-13T02:35:10.000000000Z[0m [1;33m[WARN] TRADER-001.nautilus_common::cache: Cannot calculate unrealized PnL for P-20240413-013400-001-140721678948536-3, no quotes for BTCUSDT-PERP.BINANCE[0m
[1m2024-04-13T02:35:20.000000000Z[0m [1;33m[WARN] TRADER-001.nautilus_common::cache: Cannot calculate unrealized PnL for P-20240413-013400-001-140721678948536-3, no quotes for BTCUSDT-PERP.BINANCE[0m
[1m2024-04-13T02:35:30.000000000Z[0m [1;33m[WARN] TRADER-001.nautilus_common::cache: Cannot calculate unrealized PnL for P-20240413-013400-001-140721678948536-3, no quotes for BTCUSDT-PERP.BINANCE[0m
[1m2024-04-13T02:35:40.000000000Z[0m [1;33m[WARN] TRADER-001.nautilus_common::cache: Cannot calculate unrealized PnL for P-20240413-013400-001-140721678948536-3, no quotes for BTCUSDT-PERP.BINANCE[0m
[1m2024-04-13T02:35:50.000000000Z[0m [1;33m[WARN] TRADER-001.nautilus_common::cache: Cannot calculate unrealized PnL for P-20240413-013400-001-140721678948536-3, no quotes for BTCUSDT-PERP.BINANCE[0m
[1m2024-04-13T02:35:59.999000000Z[0m [1;33m[WARN] TRADER-001.nautilus_common::cache: Cannot calculate unrealized PnL for P-20240413-013400-001-140721678948536-3, no quotes for BTCUSDT-PERP.BINANCE[0m
[1m2024-04-13T02:36:00.000000000Z[0m [1;33m[WARN] TRADER-001.nautilus_common::cache: Cannot calculate unrealized PnL for P-20240413-013400-001-140721678948536-3, no quotes for BTCUSDT-PERP.BINANCE[0m
[1m2024-04-13T02:36:10.000000000Z[0m [1;33m[WARN] TRADER-001.nautilus_common::cache: Cannot calculate unrealized PnL for P-20240413-013400-001-140721678948536-3, no quotes for BTCUSDT-PERP.BINANCE[0m
[1m2024-04-13T02:36:20.000000000Z[0m [1;33m[WARN] TRADER-001.nautilus_common::cache: Cannot calculate unrealized PnL for P-20240413-013400-001-140721678948536-3, no quotes for BTCUSDT-PERP.BINANCE[0m
[1m2024-04-13T02:36:30.000000000Z[0m [1;33m[WARN] TRADER-001.nautilus_common::cache: Cannot calculate unrealized PnL for P-20240413-013400-001-140721678948536-3, no quotes for BTCUSDT-PERP.BINANCE[0m
[1m2024-04-13T02:36:40.000000000Z[0m [1;33m[WARN] TRADER-001.nautilus_common::cache: Cannot calculate unrealized PnL for P-20240413-013400-001-140721678948536-3, no quotes for BTCUSDT-PERP.BINANCE[0m
[1m2024-04-13T02:36:50.000000000Z[0m [1;33m[WARN] TRADER-001.nautilus_common::cache: Cannot calculate unrealized PnL for P-20240413-013400-001-140721678948536-3, no quotes for BTCUSDT-PERP.BINANCE[0m
[1m2024-04-13T02:36:59.999000000Z[0m [1;33m[WARN] TRADER-001.nautilus_common::cache: Cannot calculate unrealized PnL for P-20240413-013400-001-140721678948536-3, no quotes for BTCUSDT-PERP.BINANCE[0m
[1m2024-04-13T02:37:00.000000000Z[0m [1;33m[WARN] TRADER-001.nautilus_common::cache: Cannot calculate unrealized PnL for P-20240413-013400-001-140721678948536-3, no quotes for BTCUSDT-PERP.BINANCE[0m
[1m2024-04-13T02:37:10.000000000Z[0m [1;33m[WARN] TRADER-001.nautilus_common::cache: Cannot calculate unrealized PnL for P-20240413-013400-001-140721678948536-3, no quotes for BTCUSDT-PERP.BINANCE[0m
[1m2024-04-13T02:37:20.000000000Z[0m [1;33m[WARN] TRADER-001.nautilus_common::cache: Cannot calculate unrealized PnL for P-20240413-013400-001-140721678948536-3, no quotes for BTCUSDT-PERP.BINANCE[0m
[1m2024-04-13T02:37:30.000000000Z[0m [1;33m[WARN] TRADER-001.nautilus_common::cache: Cannot calculate unrealized PnL for P-20240413-013400-001-140721678948536-3, no quotes for BTCUSDT-PERP.BINANCE[0m
[1m2024-04-13T02:37:40.000000000Z[0m [1;33m[WARN] TRADER-001.nautilus_common::cache: Cannot calculate unrealized PnL for P-20240413-013400-001-140721678948536-3, no quotes for BTCUSDT-PERP.BINANCE[0m
[1m2024-04-13T02:37:50.000000000Z[0m [1;33m[WARN] TRADER-001.nautilus_common::cache: Cannot calculate unrealized PnL for P-20240413-013400-001-140721678948536-3, no quotes for BTCUSDT-PERP.BINANCE[0m
[1m2024-04-13T02:37:59.999000000Z[0m [1;33m[WARN] TRADER-001.nautilus_common::cache: Cannot calculate unrealized PnL for P-20240413-013400-001-140721678948536-3, no quotes for BTCUSDT-PERP.BINANCE[0m
[1m2024-04-13T02:38:00.000000000Z[0m [1;33m[WARN] TRADER-001.nautilus_common::cache: Cannot calculate unrealized PnL for P-20240413-013400-001-140721678948536-3, no quotes for BTCUSDT-PERP.BINANCE[0m
[1m2024-04-13T02:38:10.000000000Z[0m [1;33m[WARN] TRADER-001.nautilus_common::cache: Cannot calculate unrealized PnL for P-20240413-013400-001-140721678948536-3, no quotes for BTCUSDT-PERP.BINANCE[0m
[1m2024-04-13T02:38:20.000000000Z[0m [1;33m[WARN] TRADER-001.nautilus_common::cache: Cannot calculate unrealized PnL for P-20240413-013400-001-140721678948536-3, no quotes for BTCUSDT-PERP.BINANCE[0m
[1m2024-04-13T02:38:30.000000000Z[0m [1;33m[WARN] TRADER-001.nautilus_common::cache: Cannot calculate unrealized PnL for P-20240413-013400-001-140721678948536-3, no quotes for BTCUSDT-PERP.BINANCE[0m
[1m2024-04-13T02:38:40.000000000Z[0m [1;33m[WARN] TRADER-001.nautilus_common::cache: Cannot calculate unrealized PnL for P-20240413-013400-001-140721678948536-3, no quotes for BTCUSDT-PERP.BINANCE[0m
[1m2024-04-13T02:38:50.000000000Z[0m [1;33m[WARN] TRADER-001.nautilus_common::cache: Cannot calculate unrealized PnL for P-20240413-013400-001-140721678948536-3, no quotes for BTCUSDT-PERP.BINANCE[0m
[1m2024-04-13T02:38:59.999000000Z[0m [1;33m[WARN] TRADER-001.nautilus_common::cache: Cannot calculate unrealized PnL for P-20240413-013400-001-140721678948536-3, no quotes for BTCUSDT-PERP.BINANCE[0m
[1m2024-04-13T02:39:00.000000000Z[0m [1;33m[WARN] TRADER-001.nautilus_common::cache: Cannot calculate unrealized PnL for P-20240413-013400-001-140721678948536-3, no quotes for BTCUSDT-PERP.BINANCE[0m
[1m2024-04-13T02:39:10.000000000Z[0m [1;33m[WARN] TRADER-001.nautilus_common::cache: Cannot calculate unrealized PnL for P-20240413-013400-001-140721678948536-3, no quotes for BTCUSDT-PERP.BINANCE[0m
[1m2024-04-13T02:39:20.000000000Z[0m [1;33m[WARN] TRADER-001.nautilus_common::cache: Cannot calculate unrealized PnL for P-20240413-013400-001-140721678948536-3, no quotes for BTCUSDT-PERP.BINANCE[0m
[1m2024-04-13T02:39:30.000000000Z[0m [1;33m[WARN] TRADER-001.nautilus_common::cache: Cannot calculate unrealized PnL for P-20240413-013400-001-140721678948536-3, no quotes for BTCUSDT-PERP.BINANCE[0m
[1m2024-04-13T02:39:40.000000000Z[0m [1;33m[WARN] TRADER-001.nautilus_common::cache: Cannot calculate unrealized PnL for P-20240413-013400-001-140721678948536-3, no quotes for BTCUSDT-PERP.BINANCE[0m
[1m2024-04-13T02:39:50.000000000Z[0m [1;33m[WARN] TRADER-001.nautilus_common::cache: Cannot calculate unrealized PnL for P-20240413-013400-001-140721678948536-3, no quotes for BTCUSDT-PERP.BINANCE[0m
[1m2024-04-13T02:39:59.999000000Z[0m [1;33m[WARN] TRADER-001.nautilus_common::cache: Cannot calculate unrealized PnL for P-20240413-013400-001-140721678948536-3, no quotes for BTCUSDT-PERP.BINANCE[0m
[1m2024-04-13T02:40:00.000000000Z[0m [1;33m[WARN] TRADER-001.nautilus_common::cache: Cannot calculate unrealized PnL for P-20240413-013400-001-140721678948536-3, no quotes for BTCUSDT-PERP.BINANCE[0m
[1m2024-04-13T02:40:10.000000000Z[0m [1;33m[WARN] TRADER-001.nautilus_common::cache: Cannot calculate unrealized PnL for P-20240413-013400-001-140721678948536-3, no quotes for BTCUSDT-PERP.BINANCE[0m
[1m2024-04-13T02:40:20.000000000Z[0m [1;33m[WARN] TRADER-001.nautilus_common::cache: Cannot calculate unrealized PnL for P-20240413-013400-001-140721678948536-3, no quotes for BTCUSDT-PERP.BINANCE[0m
[1m2024-04-13T02:40:30.000000000Z[0m [1;33m[WARN] TRADER-001.nautilus_common::cache: Cannot calculate unrealized PnL for P-20240413-013400-001-140721678948536-3, no quotes for BTCUSDT-PERP.BINANCE[0m
[1m2024-04-13T02:40:40.000000000Z[0m [1;33m[WARN] TRADER-001.nautilus_common::cache: Cannot calculate unrealized PnL for P-20240413-013400-001-140721678948536-3, no quotes for BTCUSDT-PERP.BINANCE[0m
[1m2024-04-13T02:40:50.000000000Z[0m [1;33m[WARN] TRADER-001.nautilus_common::cache: Cannot calculate unrealized PnL for P-20240413-013400-001-140721678948536-3, no quotes for BTCUSDT-PERP.BINANCE[0m
[1m2024-04-13T02:40:59.999000000Z[0m [1;33m[WARN] TRADER-001.nautilus_common::cache: Cannot calculate unrealized PnL for P-20240413-013400-001-140721678948536-3, no quotes for BTCUSDT-PERP.BINANCE[0m
[1m2024-04-13T02:41:00.000000000Z[0m [1;33m[WARN] TRADER-001.nautilus_common::cache: Cannot calculate unrealized PnL for P-20240413-013400-001-140721678948536-3, no quotes for BTCUSDT-PERP.BINANCE[0m
[1m2024-04-13T02:41:10.000000000Z[0m [1;33m[WARN] TRADER-001.nautilus_common::cache: Cannot calculate unrealized PnL for P-20240413-013400-001-140721678948536-3, no quotes for BTCUSDT-PERP.BINANCE[0m
[1m2024-04-13T02:41:20.000000000Z[0m [1;33m[WARN] TRADER-001.nautilus_common::cache: Cannot calculate unrealized PnL for P-20240413-013400-001-140721678948536-3, no quotes for BTCUSDT-PERP.BINANCE[0m
[1m2024-04-13T02:41:30.000000000Z[0m [1;33m[WARN] TRADER-001.nautilus_common::cache: Cannot calculate unrealized PnL for P-20240413-013400-001-140721678948536-3, no quotes for BTCUSDT-PERP.BINANCE[0m
[1m2024-04-13T02:41:40.000000000Z[0m [1;33m[WARN] TRADER-001.nautilus_common::cache: Cannot calculate unrealized PnL for P-20240413-013400-001-140721678948536-3, no quotes for BTCUSDT-PERP.BINANCE[0m
[1m2024-04-13T02:41:50.000000000Z[0m [1;33m[WARN] TRADER-001.nautilus_common::cache: Cannot calculate unrealized PnL for P-20240413-013400-001-140721678948536-3, no quotes for BTCUSDT-PERP.BINANCE[0m
[1m2024-04-13T02:41:59.999000000Z[0m [1;33m[WARN] TRADER-001.nautilus_common::cache: Cannot calculate unrealized PnL for P-20240413-013400-001-140721678948536-3, no quotes for BTCUSDT-PERP.BINANCE[0m
[1m2024-04-13T02:42:00.000000000Z[0m [1;33m[WARN] TRADER-001.nautilus_common::cache: Cannot calculate unrealized PnL for P-20240413-013400-001-140721678948536-3, no quotes for BTCUSDT-PERP.BINANCE[0m
[1m2024-04-13T02:42:10.000000000Z[0m [1;33m[WARN] TRADER-001.nautilus_common::cache: Cannot calculate unrealized PnL for P-20240413-013400-001-140721678948536-3, no quotes for BTCUSDT-PERP.BINANCE[0m
[1m2024-04-13T02:42:20.000000000Z[0m [1;33m[WARN] TRADER-001.nautilus_common::cache: Cannot calculate unrealized PnL for P-20240413-013400-001-140721678948536-3, no quotes for BTCUSDT-PERP.BINANCE[0m
[1m2024-04-13T02:42:30.000000000Z[0m [1;33m[WARN] TRADER-001.nautilus_common::cache: Cannot calculate unrealized PnL for P-20240413-013400-001-140721678948536-3, no quotes for BTCUSDT-PERP.BINANCE[0m
[1m2024-04-13T02:42:40.000000000Z[0m [1;33m[WARN] TRADER-001.nautilus_common::cache: Cannot calculate unrealized PnL for P-20240413-013400-001-140721678948536-3, no quotes for BTCUSDT-PERP.BINANCE[0m
[1m2024-04-13T02:42:50.000000000Z[0m [1;33m[WARN] TRADER-001.nautilus_common::cache: Cannot calculate unrealized PnL for P-20240413-013400-001-140721678948536-3, no quotes for BTCUSDT-PERP.BINANCE[0m
[1m2024-04-13T02:42:59.999000000Z[0m [1;33m[WARN] TRADER-001.nautilus_common::cache: Cannot calculate unrealized PnL for P-20240413-013400-001-140721678948536-3, no quotes for BTCUSDT-PERP.BINANCE[0m
[1m2024-04-13T02:43:00.000000000Z[0m [1;33m[WARN] TRADER-001.nautilus_common::cache: Cannot calculate unrealized PnL for P-20240413-013400-001-140721678948536-3, no quotes for BTCUSDT-PERP.BINANCE[0m
[1m2024-04-13T02:43:10.000000000Z[0m [1;33m[WARN] TRADER-001.nautilus_common::cache: Cannot calculate unrealized PnL for P-20240413-013400-001-140721678948536-3, no quotes for BTCUSDT-PERP.BINANCE[0m
[1m2024-04-13T02:43:20.000000000Z[0m [1;33m[WARN] TRADER-001.nautilus_common::cache: Cannot calculate unrealized PnL for P-20240413-013400-001-140721678948536-3, no quotes for BTCUSDT-PERP.BINANCE[0m
[1m2024-04-13T02:43:30.000000000Z[0m [1;33m[WARN] TRADER-001.nautilus_common::cache: Cannot calculate unrealized PnL for P-20240413-013400-001-140721678948536-3, no quotes for BTCUSDT-PERP.BINANCE[0m
[1m2024-04-13T02:43:40.000000000Z[0m [1;33m[WARN] TRADER-001.nautilus_common::cache: Cannot calculate unrealized PnL for P-20240413-013400-001-140721678948536-3, no quotes for BTCUSDT-PERP.BINANCE[0m
[1m2024-04-13T02:43:50.000000000Z[0m [1;33m[WARN] TRADER-001.nautilus_common::cache: Cannot calculate unrealized PnL for P-20240413-013400-001-140721678948536-3, no quotes for BTCUSDT-PERP.BINANCE[0m
[1m2024-04-13T02:43:59.999000000Z[0m [1;33m[WARN] TRADER-001.nautilus_common::cache: Cannot calculate unrealized PnL for P-20240413-013400-001-140721678948536-3, no quotes for BTCUSDT-PERP.BINANCE[0m
[1m2024-04-13T02:44:00.000000000Z[0m [1;33m[WARN] TRADER-001.nautilus_common::cache: Cannot calculate unrealized PnL for P-20240413-013400-001-140721678948536-3, no quotes for BTCUSDT-PERP.BINANCE[0m
[1m2024-04-13T02:44:10.000000000Z[0m [1;33m[WARN] TRADER-001.nautilus_common::cache: Cannot calculate unrealized PnL for P-20240413-013400-001-140721678948536-3, no quotes for BTCUSDT-PERP.BINANCE[0m
[1m2024-04-13T02:44:20.000000000Z[0m [1;33m[WARN] TRADER-001.nautilus_common::cache: Cannot calculate unrealized PnL for P-20240413-013400-001-140721678948536-3, no quotes for BTCUSDT-PERP.BINANCE[0m
[1m2024-04-13T02:44:30.000000000Z[0m [1;33m[WARN] TRADER-001.nautilus_common::cache: Cannot calculate unrealized PnL for P-20240413-013400-001-140721678948536-3, no quotes for BTCUSDT-PERP.BINANCE[0m
[1m2024-04-13T02:44:40.000000000Z[0m [1;33m[WARN] TRADER-001.nautilus_common::cache: Cannot calculate unrealized PnL for P-20240413-013400-001-140721678948536-3, no quotes for BTCUSDT-PERP.BINANCE[0m
[1m2024-04-13T02:44:50.000000000Z[0m [1;33m[WARN] TRADER-001.nautilus_common::cache: Cannot calculate unrealized PnL for P-20240413-013400-001-140721678948536-3, no quotes for BTCUSDT-PERP.BINANCE[0m
[1m2024-04-13T02:44:59.999000000Z[0m [1;33m[WARN] TRADER-001.nautilus_common::cache: Cannot calculate unrealized PnL for P-20240413-013400-001-140721678948536-3, no quotes for BTCUSDT-PERP.BINANCE[0m
[1m2024-04-13T02:45:00.000000000Z[0m [1;33m[WARN] TRADER-001.nautilus_common::cache: Cannot calculate unrealized PnL for P-20240413-013400-001-140721678948536-3, no quotes for BTCUSDT-PERP.BINANCE[0m
[1m2024-04-13T02:45:10.000000000Z[0m [1;33m[WARN] TRADER-001.nautilus_common::cache: Cannot calculate unrealized PnL for P-20240413-013400-001-140721678948536-3, no quotes for BTCUSDT-PERP.BINANCE[0m
[1m2024-04-13T02:45:20.000000000Z[0m [1;33m[WARN] TRADER-001.nautilus_common::cache: Cannot calculate unrealized PnL for P-20240413-013400-001-140721678948536-3, no quotes for BTCUSDT-PERP.BINANCE[0m
[1m2024-04-13T02:45:30.000000000Z[0m [1;33m[WARN] TRADER-001.nautilus_common::cache: Cannot calculate unrealized PnL for P-20240413-013400-001-140721678948536-3, no quotes for BTCUSDT-PERP.BINANCE[0m
[1m2024-04-13T02:45:40.000000000Z[0m [1;33m[WARN] TRADER-001.nautilus_common::cache: Cannot calculate unrealized PnL for P-20240413-013400-001-140721678948536-3, no quotes for BTCUSDT-PERP.BINANCE[0m
[1m2024-04-13T02:45:50.000000000Z[0m [1;33m[WARN] TRADER-001.nautilus_common::cache: Cannot calculate unrealized PnL for P-20240413-013400-001-140721678948536-3, no quotes for BTCUSDT-PERP.BINANCE[0m
[1m2024-04-13T02:45:59.999000000Z[0m [1;33m[WARN] TRADER-001.nautilus_common::cache: Cannot calculate unrealized PnL for P-20240413-013400-001-140721678948536-3, no quotes for BTCUSDT-PERP.BINANCE[0m
[1m2024-04-13T02:46:00.000000000Z[0m [1;33m[WARN] TRADER-001.nautilus_common::cache: Cannot calculate unrealized PnL for P-20240413-013400-001-140721678948536-3, no quotes for BTCUSDT-PERP.BINANCE[0m
[1m2024-04-13T02:46:10.000000000Z[0m [1;33m[WARN] TRADER-001.nautilus_common::cache: Cannot calculate unrealized PnL for P-20240413-013400-001-140721678948536-3, no quotes for BTCUSDT-PERP.BINANCE[0m
[1m2024-04-13T02:46:20.000000000Z[0m [1;33m[WARN] TRADER-001.nautilus_common::cache: Cannot calculate unrealized PnL for P-20240413-013400-001-140721678948536-3, no quotes for BTCUSDT-PERP.BINANCE[0m
[1m2024-04-13T02:46:30.000000000Z[0m [1;33m[WARN] TRADER-001.nautilus_common::cache: Cannot calculate unrealized PnL for P-20240413-013400-001-140721678948536-3, no quotes for BTCUSDT-PERP.BINANCE[0m
[1m2024-04-13T02:46:40.000000000Z[0m [1;33m[WARN] TRADER-001.nautilus_common::cache: Cannot calculate unrealized PnL for P-20240413-013400-001-140721678948536-3, no quotes for BTCUSDT-PERP.BINANCE[0m
[1m2024-04-13T02:46:50.000000000Z[0m [1;33m[WARN] TRADER-001.nautilus_common::cache: Cannot calculate unrealized PnL for P-20240413-013400-001-140721678948536-3, no quotes for BTCUSDT-PERP.BINANCE[0m
[1m2024-04-13T02:46:59.999000000Z[0m [1;33m[WARN] TRADER-001.nautilus_common::cache: Cannot calculate unrealized PnL for P-20240413-013400-001-140721678948536-3, no quotes for BTCUSDT-PERP.BINANCE[0m
[1m2024-04-13T02:47:00.000000000Z[0m [1;33m[WARN] TRADER-001.nautilus_common::cache: Cannot calculate unrealized PnL for P-20240413-013400-001-140721678948536-3, no quotes for BTCUSDT-PERP.BINANCE[0m
[1m2024-04-13T02:47:10.000000000Z[0m [1;33m[WARN] TRADER-001.nautilus_common::cache: Cannot calculate unrealized PnL for P-20240413-013400-001-140721678948536-3, no quotes for BTCUSDT-PERP.BINANCE[0m
[1m2024-04-13T02:47:20.000000000Z[0m [1;33m[WARN] TRADER-001.nautilus_common::cache: Cannot calculate unrealized PnL for P-20240413-013400-001-140721678948536-3, no quotes for BTCUSDT-PERP.BINANCE[0m
[1m2024-04-13T02:47:30.000000000Z[0m [1;33m[WARN] TRADER-001.nautilus_common::cache: Cannot calculate unrealized PnL for P-20240413-013400-001-140721678948536-3, no quotes for BTCUSDT-PERP.BINANCE[0m
[1m2024-04-13T02:47:40.000000000Z[0m [1;33m[WARN] TRADER-001.nautilus_common::cache: Cannot calculate unrealized PnL for P-20240413-013400-001-140721678948536-3, no quotes for BTCUSDT-PERP.BINANCE[0m
[1m2024-04-13T02:47:50.000000000Z[0m [1;33m[WARN] TRADER-001.nautilus_common::cache: Cannot calculate unrealized PnL for P-20240413-013400-001-140721678948536-3, no quotes for BTCUSDT-PERP.BINANCE[0m
[1m2024-04-13T02:47:59.999000000Z[0m [1;33m[WARN] TRADER-001.nautilus_common::cache: Cannot calculate unrealized PnL for P-20240413-013400-001-140721678948536-3, no quotes for BTCUSDT-PERP.BINANCE[0m
[1m2024-04-13T02:48:00.000000000Z[0m [1;33m[WARN] TRADER-001.nautilus_common::cache: Cannot calculate unrealized PnL for P-20240413-013400-001-140721678948536-3, no quotes for BTCUSDT-PERP.BINANCE[0m
[1m2024-04-13T02:48:10.000000000Z[0m [1;33m[WARN] TRADER-001.nautilus_common::cache: Cannot calculate unrealized PnL for P-20240413-013400-001-140721678948536-3, no quotes for BTCUSDT-PERP.BINANCE[0m
[1m2024-04-13T02:48:20.000000000Z[0m [1;33m[WARN] TRADER-001.nautilus_common::cache: Cannot calculate unrealized PnL for P-20240413-013400-001-140721678948536-3, no quotes for BTCUSDT-PERP.BINANCE[0m
[1m2024-04-13T02:48:30.000000000Z[0m [1;33m[WARN] TRADER-001.nautilus_common::cache: Cannot calculate unrealized PnL for P-20240413-013400-001-140721678948536-3, no quotes for BTCUSDT-PERP.BINANCE[0m
[1m2024-04-13T02:48:40.000000000Z[0m [1;33m[WARN] TRADER-001.nautilus_common::cache: Cannot calculate unrealized PnL for P-20240413-013400-001-140721678948536-3, no quotes for BTCUSDT-PERP.BINANCE[0m
[1m2024-04-13T02:48:50.000000000Z[0m [1;33m[WARN] TRADER-001.nautilus_common::cache: Cannot calculate unrealized PnL for P-20240413-013400-001-140721678948536-3, no quotes for BTCUSDT-PERP.BINANCE[0m
[1m2024-04-13T02:48:59.999000000Z[0m [1;33m[WARN] TRADER-001.nautilus_common::cache: Cannot calculate unrealized PnL for P-20240413-013400-001-140721678948536-3, no quotes for BTCUSDT-PERP.BINANCE[0m
[1m2024-04-13T02:49:00.000000000Z[0m [1;33m[WARN] TRADER-001.nautilus_common::cache: Cannot calculate unrealized PnL for P-20240413-013400-001-140721678948536-3, no quotes for BTCUSDT-PERP.BINANCE[0m
[1m2024-04-13T02:49:10.000000000Z[0m [1;33m[WARN] TRADER-001.nautilus_common::cache: Cannot calculate unrealized PnL for P-20240413-013400-001-140721678948536-3, no quotes for BTCUSDT-PERP.BINANCE[0m
[1m2024-04-13T02:49:20.000000000Z[0m [1;33m[WARN] TRADER-001.nautilus_common::cache: Cannot calculate unrealized PnL for P-20240413-013400-001-140721678948536-3, no quotes for BTCUSDT-PERP.BINANCE[0m
[1m2024-04-13T02:49:30.000000000Z[0m [1;33m[WARN] TRADER-001.nautilus_common::cache: Cannot calculate unrealized PnL for P-20240413-013400-001-140721678948536-3, no quotes for BTCUSDT-PERP.BINANCE[0m
[1m2024-04-13T02:49:40.000000000Z[0m [1;33m[WARN] TRADER-001.nautilus_common::cache: Cannot calculate unrealized PnL for P-20240413-013400-001-140721678948536-3, no quotes for BTCUSDT-PERP.BINANCE[0m
[1m2024-04-13T02:49:50.000000000Z[0m [1;33m[WARN] TRADER-001.nautilus_common::cache: Cannot calculate unrealized PnL for P-20240413-013400-001-140721678948536-3, no quotes for BTCUSDT-PERP.BINANCE[0m
[1m2024-04-13T02:49:59.999000000Z[0m [1;33m[WARN] TRADER-001.nautilus_common::cache: Cannot calculate unrealized PnL for P-20240413-013400-001-140721678948536-3, no quotes for BTCUSDT-PERP.BINANCE[0m
[1m2024-04-13T02:50:00.000000000Z[0m [1;33m[WARN] TRADER-001.nautilus_common::cache: Cannot calculate unrealized PnL for P-20240413-013400-001-140721678948536-3, no quotes for BTCUSDT-PERP.BINANCE[0m
[1m2024-04-13T02:50:10.000000000Z[0m [1;33m[WARN] TRADER-001.nautilus_common::cache: Cannot calculate unrealized PnL for P-20240413-013400-001-140721678948536-3, no quotes for BTCUSDT-PERP.BINANCE[0m
[1m2024-04-13T02:50:20.000000000Z[0m [1;33m[WARN] TRADER-001.nautilus_common::cache: Cannot calculate unrealized PnL for P-20240413-013400-001-140721678948536-3, no quotes for BTCUSDT-PERP.BINANCE[0m
[1m2024-04-13T02:50:30.000000000Z[0m [1;33m[WARN] TRADER-001.nautilus_common::cache: Cannot calculate unrealized PnL for P-20240413-013400-001-140721678948536-3, no quotes for BTCUSDT-PERP.BINANCE[0m
[1m2024-04-13T02:50:40.000000000Z[0m [1;33m[WARN] TRADER-001.nautilus_common::cache: Cannot calculate unrealized PnL for P-20240413-013400-001-140721678948536-3, no quotes for BTCUSDT-PERP.BINANCE[0m
[1m2024-04-13T02:50:50.000000000Z[0m [1;33m[WARN] TRADER-001.nautilus_common::cache: Cannot calculate unrealized PnL for P-20240413-013400-001-140721678948536-3, no quotes for BTCUSDT-PERP.BINANCE[0m
[1m2024-04-13T02:50:59.999000000Z[0m [1;33m[WARN] TRADER-001.nautilus_common::cache: Cannot calculate unrealized PnL for P-20240413-013400-001-140721678948536-3, no quotes for BTCUSDT-PERP.BINANCE[0m
[1m2024-04-13T02:51:00.000000000Z[0m [1;33m[WARN] TRADER-001.nautilus_common::cache: Cannot calculate unrealized PnL for P-20240413-013400-001-140721678948536-3, no quotes for BTCUSDT-PERP.BINANCE[0m
[1m2024-04-13T02:51:10.000000000Z[0m [1;33m[WARN] TRADER-001.nautilus_common::cache: Cannot calculate unrealized PnL for P-20240413-013400-001-140721678948536-3, no quotes for BTCUSDT-PERP.BINANCE[0m
[1m2024-04-13T02:51:20.000000000Z[0m [1;33m[WARN] TRADER-001.nautilus_common::cache: Cannot calculate unrealized PnL for P-20240413-013400-001-140721678948536-3, no quotes for BTCUSDT-PERP.BINANCE[0m
[1m2024-04-13T02:51:30.000000000Z[0m [1;33m[WARN] TRADER-001.nautilus_common::cache: Cannot calculate unrealized PnL for P-20240413-013400-001-140721678948536-3, no quotes for BTCUSDT-PERP.BINANCE[0m
[1m2024-04-13T02:51:40.000000000Z[0m [1;33m[WARN] TRADER-001.nautilus_common::cache: Cannot calculate unrealized PnL for P-20240413-013400-001-140721678948536-3, no quotes for BTCUSDT-PERP.BINANCE[0m
[1m2024-04-13T02:51:50.000000000Z[0m [1;33m[WARN] TRADER-001.nautilus_common::cache: Cannot calculate unrealized PnL for P-20240413-013400-001-140721678948536-3, no quotes for BTCUSDT-PERP.BINANCE[0m
[1m2024-04-13T02:51:59.999000000Z[0m [1;33m[WARN] TRADER-001.nautilus_common::cache: Cannot calculate unrealized PnL for P-20240413-013400-001-140721678948536-3, no quotes for BTCUSDT-PERP.BINANCE[0m
[1m2024-04-13T02:52:00.000000000Z[0m [1;33m[WARN] TRADER-001.nautilus_common::cache: Cannot calculate unrealized PnL for P-20240413-013400-001-140721678948536-3, no quotes for BTCUSDT-PERP.BINANCE[0m
[1m2024-04-13T02:52:10.000000000Z[0m [1;33m[WARN] TRADER-001.nautilus_common::cache: Cannot calculate unrealized PnL for P-20240413-013400-001-140721678948536-3, no quotes for BTCUSDT-PERP.BINANCE[0m
[1m2024-04-13T02:52:20.000000000Z[0m [1;33m[WARN] TRADER-001.nautilus_common::cache: Cannot calculate unrealized PnL for P-20240413-013400-001-140721678948536-3, no quotes for BTCUSDT-PERP.BINANCE[0m
[1m2024-04-13T02:52:30.000000000Z[0m [1;33m[WARN] TRADER-001.nautilus_common::cache: Cannot calculate unrealized PnL for P-20240413-013400-001-140721678948536-3, no quotes for BTCUSDT-PERP.BINANCE[0m
[1m2024-04-13T02:52:40.000000000Z[0m [1;33m[WARN] TRADER-001.nautilus_common::cache: Cannot calculate unrealized PnL for P-20240413-013400-001-140721678948536-3, no quotes for BTCUSDT-PERP.BINANCE[0m
[1m2024-04-13T02:52:50.000000000Z[0m [1;33m[WARN] TRADER-001.nautilus_common::cache: Cannot calculate unrealized PnL for P-20240413-013400-001-140721678948536-3, no quotes for BTCUSDT-PERP.BINANCE[0m
[1m2024-04-13T02:52:59.999000000Z[0m [1;33m[WARN] TRADER-001.nautilus_common::cache: Cannot calculate unrealized PnL for P-20240413-013400-001-140721678948536-3, no quotes for BTCUSDT-PERP.BINANCE[0m
[1m2024-04-13T02:53:00.000000000Z[0m [1;33m[WARN] TRADER-001.nautilus_common::cache: Cannot calculate unrealized PnL for P-20240413-013400-001-140721678948536-3, no quotes for BTCUSDT-PERP.BINANCE[0m
[1m2024-04-13T02:53:10.000000000Z[0m [1;33m[WARN] TRADER-001.nautilus_common::cache: Cannot calculate unrealized PnL for P-20240413-013400-001-140721678948536-3, no quotes for BTCUSDT-PERP.BINANCE[0m
[1m2024-04-13T02:53:20.000000000Z[0m [1;33m[WARN] TRADER-001.nautilus_common::cache: Cannot calculate unrealized PnL for P-20240413-013400-001-140721678948536-3, no quotes for BTCUSDT-PERP.BINANCE[0m
[1m2024-04-13T02:53:30.000000000Z[0m [1;33m[WARN] TRADER-001.nautilus_common::cache: Cannot calculate unrealized PnL for P-20240413-013400-001-140721678948536-3, no quotes for BTCUSDT-PERP.BINANCE[0m
[1m2024-04-13T02:53:40.000000000Z[0m [1;33m[WARN] TRADER-001.nautilus_common::cache: Cannot calculate unrealized PnL for P-20240413-013400-001-140721678948536-3, no quotes for BTCUSDT-PERP.BINANCE[0m
[1m2024-04-13T02:53:50.000000000Z[0m [1;33m[WARN] TRADER-001.nautilus_common::cache: Cannot calculate unrealized PnL for P-20240413-013400-001-140721678948536-3, no quotes for BTCUSDT-PERP.BINANCE[0m
[1m2024-04-13T02:53:59.999000000Z[0m [1;33m[WARN] TRADER-001.nautilus_common::cache: Cannot calculate unrealized PnL for P-20240413-013400-001-140721678948536-3, no quotes for BTCUSDT-PERP.BINANCE[0m
[1m2024-04-13T02:54:00.000000000Z[0m [1;33m[WARN] TRADER-001.nautilus_common::cache: Cannot calculate unrealized PnL for P-20240413-013400-001-140721678948536-3, no quotes for BTCUSDT-PERP.BINANCE[0m
[1m2024-04-13T02:54:10.000000000Z[0m [1;33m[WARN] TRADER-001.nautilus_common::cache: Cannot calculate unrealized PnL for P-20240413-013400-001-140721678948536-3, no quotes for BTCUSDT-PERP.BINANCE[0m
[1m2024-04-13T02:54:20.000000000Z[0m [1;33m[WARN] TRADER-001.nautilus_common::cache: Cannot calculate unrealized PnL for P-20240413-013400-001-140721678948536-3, no quotes for BTCUSDT-PERP.BINANCE[0m
[1m2024-04-13T02:54:30.000000000Z[0m [1;33m[WARN] TRADER-001.nautilus_common::cache: Cannot calculate unrealized PnL for P-20240413-013400-001-140721678948536-3, no quotes for BTCUSDT-PERP.BINANCE[0m
[1m2024-04-13T02:54:40.000000000Z[0m [1;33m[WARN] TRADER-001.nautilus_common::cache: Cannot calculate unrealized PnL for P-20240413-013400-001-140721678948536-3, no quotes for BTCUSDT-PERP.BINANCE[0m
[1m2024-04-13T02:54:50.000000000Z[0m [1;33m[WARN] TRADER-001.nautilus_common::cache: Cannot calculate unrealized PnL for P-20240413-013400-001-140721678948536-3, no quotes for BTCUSDT-PERP.BINANCE[0m
[1m2024-04-13T02:54:59.999000000Z[0m [1;33m[WARN] TRADER-001.nautilus_common::cache: Cannot calculate unrealized PnL for P-20240413-013400-001-140721678948536-3, no quotes for BTCUSDT-PERP.BINANCE[0m
[1m2024-04-13T02:55:00.000000000Z[0m [1;33m[WARN] TRADER-001.nautilus_common::cache: Cannot calculate unrealized PnL for P-20240413-013400-001-140721678948536-3, no quotes for BTCUSDT-PERP.BINANCE[0m
[1m2024-04-13T02:55:10.000000000Z[0m [1;33m[WARN] TRADER-001.nautilus_common::cache: Cannot calculate unrealized PnL for P-20240413-013400-001-140721678948536-3, no quotes for BTCUSDT-PERP.BINANCE[0m
[1m2024-04-13T02:55:20.000000000Z[0m [1;33m[WARN] TRADER-001.nautilus_common::cache: Cannot calculate unrealized PnL for P-20240413-013400-001-140721678948536-3, no quotes for BTCUSDT-PERP.BINANCE[0m
[1m2024-04-13T02:55:30.000000000Z[0m [1;33m[WARN] TRADER-001.nautilus_common::cache: Cannot calculate unrealized PnL for P-20240413-013400-001-140721678948536-3, no quotes for BTCUSDT-PERP.BINANCE[0m
[1m2024-04-13T02:55:40.000000000Z[0m [1;33m[WARN] TRADER-001.nautilus_common::cache: Cannot calculate unrealized PnL for P-20240413-013400-001-140721678948536-3, no quotes for BTCUSDT-PERP.BINANCE[0m
[1m2024-04-13T02:55:50.000000000Z[0m [1;33m[WARN] TRADER-001.nautilus_common::cache: Cannot calculate unrealized PnL for P-20240413-013400-001-140721678948536-3, no quotes for BTCUSDT-PERP.BINANCE[0m
[1m2024-04-13T02:55:59.999000000Z[0m [1;33m[WARN] TRADER-001.nautilus_common::cache: Cannot calculate unrealized PnL for P-20240413-013400-001-140721678948536-3, no quotes for BTCUSDT-PERP.BINANCE[0m
[1m2024-04-13T02:56:00.000000000Z[0m [1;33m[WARN] TRADER-001.nautilus_common::cache: Cannot calculate unrealized PnL for P-20240413-013400-001-140721678948536-3, no quotes for BTCUSDT-PERP.BINANCE[0m
[1m2024-04-13T02:56:10.000000000Z[0m [1;33m[WARN] TRADER-001.nautilus_common::cache: Cannot calculate unrealized PnL for P-20240413-013400-001-140721678948536-3, no quotes for BTCUSDT-PERP.BINANCE[0m
[1m2024-04-13T02:56:20.000000000Z[0m [1;33m[WARN] TRADER-001.nautilus_common::cache: Cannot calculate unrealized PnL for P-20240413-013400-001-140721678948536-3, no quotes for BTCUSDT-PERP.BINANCE[0m
[1m2024-04-13T02:56:30.000000000Z[0m [1;33m[WARN] TRADER-001.nautilus_common::cache: Cannot calculate unrealized PnL for P-20240413-013400-001-140721678948536-3, no quotes for BTCUSDT-PERP.BINANCE[0m
[1m2024-04-13T02:56:40.000000000Z[0m [1;33m[WARN] TRADER-001.nautilus_common::cache: Cannot calculate unrealized PnL for P-20240413-013400-001-140721678948536-3, no quotes for BTCUSDT-PERP.BINANCE[0m
[1m2024-04-13T02:56:50.000000000Z[0m [1;33m[WARN] TRADER-001.nautilus_common::cache: Cannot calculate unrealized PnL for P-20240413-013400-001-140721678948536-3, no quotes for BTCUSDT-PERP.BINANCE[0m
[1m2024-04-13T02:56:59.999000000Z[0m [1;33m[WARN] TRADER-001.nautilus_common::cache: Cannot calculate unrealized PnL for P-20240413-013400-001-140721678948536-3, no quotes for BTCUSDT-PERP.BINANCE[0m
[1m2024-04-13T02:57:00.000000000Z[0m [1;33m[WARN] TRADER-001.nautilus_common::cache: Cannot calculate unrealized PnL for P-20240413-013400-001-140721678948536-3, no quotes for BTCUSDT-PERP.BINANCE[0m
[1m2024-04-13T02:57:10.000000000Z[0m [1;33m[WARN] TRADER-001.nautilus_common::cache: Cannot calculate unrealized PnL for P-20240413-013400-001-140721678948536-3, no quotes for BTCUSDT-PERP.BINANCE[0m
[1m2024-04-13T02:57:20.000000000Z[0m [1;33m[WARN] TRADER-001.nautilus_common::cache: Cannot calculate unrealized PnL for P-20240413-013400-001-140721678948536-3, no quotes for BTCUSDT-PERP.BINANCE[0m
[1m2024-04-13T02:57:30.000000000Z[0m [1;33m[WARN] TRADER-001.nautilus_common::cache: Cannot calculate unrealized PnL for P-20240413-013400-001-140721678948536-3, no quotes for BTCUSDT-PERP.BINANCE[0m
[1m2024-04-13T02:57:40.000000000Z[0m [1;33m[WARN] TRADER-001.nautilus_common::cache: Cannot calculate unrealized PnL for P-20240413-013400-001-140721678948536-3, no quotes for BTCUSDT-PERP.BINANCE[0m
[1m2024-04-13T02:57:50.000000000Z[0m [1;33m[WARN] TRADER-001.nautilus_common::cache: Cannot calculate unrealized PnL for P-20240413-013400-001-140721678948536-3, no quotes for BTCUSDT-PERP.BINANCE[0m
[1m2024-04-13T02:57:59.999000000Z[0m [1;33m[WARN] TRADER-001.nautilus_common::cache: Cannot calculate unrealized PnL for P-20240413-013400-001-140721678948536-3, no quotes for BTCUSDT-PERP.BINANCE[0m
[1m2024-04-13T02:58:00.000000000Z[0m [1;33m[WARN] TRADER-001.nautilus_common::cache: Cannot calculate unrealized PnL for P-20240413-013400-001-140721678948536-3, no quotes for BTCUSDT-PERP.BINANCE[0m
[1m2024-04-13T02:58:10.000000000Z[0m [1;33m[WARN] TRADER-001.nautilus_common::cache: Cannot calculate unrealized PnL for P-20240413-013400-001-140721678948536-3, no quotes for BTCUSDT-PERP.BINANCE[0m
[1m2024-04-13T02:58:20.000000000Z[0m [1;33m[WARN] TRADER-001.nautilus_common::cache: Cannot calculate unrealized PnL for P-20240413-013400-001-140721678948536-3, no quotes for BTCUSDT-PERP.BINANCE[0m
[1m2024-04-13T02:58:30.000000000Z[0m [1;33m[WARN] TRADER-001.nautilus_common::cache: Cannot calculate unrealized PnL for P-20240413-013400-001-140721678948536-3, no quotes for BTCUSDT-PERP.BINANCE[0m
[1m2024-04-13T02:58:40.000000000Z[0m [1;33m[WARN] TRADER-001.nautilus_common::cache: Cannot calculate unrealized PnL for P-20240413-013400-001-140721678948536-3, no quotes for BTCUSDT-PERP.BINANCE[0m
[1m2024-04-13T02:58:50.000000000Z[0m [1;33m[WARN] TRADER-001.nautilus_common::cache: Cannot calculate unrealized PnL for P-20240413-013400-001-140721678948536-3, no quotes for BTCUSDT-PERP.BINANCE[0m
[1m2024-04-13T02:58:59.999000000Z[0m [1;33m[WARN] TRADER-001.nautilus_common::cache: Cannot calculate unrealized PnL for P-20240413-013400-001-140721678948536-3, no quotes for BTCUSDT-PERP.BINANCE[0m
[1m2024-04-13T02:59:00.000000000Z[0m [1;33m[WARN] TRADER-001.nautilus_common::cache: Cannot calculate unrealized PnL for P-20240413-013400-001-140721678948536-3, no quotes for BTCUSDT-PERP.BINANCE[0m
[1m2024-04-13T02:59:10.000000000Z[0m [1;33m[WARN] TRADER-001.nautilus_common::cache: Cannot calculate unrealized PnL for P-20240413-013400-001-140721678948536-3, no quotes for BTCUSDT-PERP.BINANCE[0m
[1m2024-04-13T02:59:20.000000000Z[0m [1;33m[WARN] TRADER-001.nautilus_common::cache: Cannot calculate unrealized PnL for P-20240413-013400-001-140721678948536-3, no quotes for BTCUSDT-PERP.BINANCE[0m
[1m2024-04-13T02:59:30.000000000Z[0m [1;33m[WARN] TRADER-001.nautilus_common::cache: Cannot calculate unrealized PnL for P-20240413-013400-001-140721678948536-3, no quotes for BTCUSDT-PERP.BINANCE[0m
[1m2024-04-13T02:59:40.000000000Z[0m [1;33m[WARN] TRADER-001.nautilus_common::cache: Cannot calculate unrealized PnL for P-20240413-013400-001-140721678948536-3, no quotes for BTCUSDT-PERP.BINANCE[0m
[1m2024-04-13T02:59:50.000000000Z[0m [1;33m[WARN] TRADER-001.nautilus_common::cache: Cannot calculate unrealized PnL for P-20240413-013400-001-140721678948536-3, no quotes for BTCUSDT-PERP.BINANCE[0m
[1m2024-04-13T02:59:59.999000000Z[0m [1;33m[WARN] TRADER-001.nautilus_common::cache: Cannot calculate unrealized PnL for P-20240413-013400-001-140721678948536-3, no quotes for BTCUSDT-PERP.BINANCE[0m
[1m2024-04-13T03:00:00.000000000Z[0m [1;33m[WARN] TRADER-001.nautilus_common::cache: Cannot calculate unrealized PnL for P-20240413-013400-001-140721678948536-3, no quotes for BTCUSDT-PERP.BINANCE[0m
[1m2024-04-13T03:00:10.000000000Z[0m [1;33m[WARN] TRADER-001.nautilus_common::cache: Cannot calculate unrealized PnL for P-20240413-013400-001-140721678948536-3, no quotes for BTCUSDT-PERP.BINANCE[0m
[1m2024-04-13T03:00:20.000000000Z[0m [1;33m[WARN] TRADER-001.nautilus_common::cache: Cannot calculate unrealized PnL for P-20240413-013400-001-140721678948536-3, no quotes for BTCUSDT-PERP.BINANCE[0m
[1m2024-04-13T03:00:30.000000000Z[0m [1;33m[WARN] TRADER-001.nautilus_common::cache: Cannot calculate unrealized PnL for P-20240413-013400-001-140721678948536-3, no quotes for BTCUSDT-PERP.BINANCE[0m
[1m2024-04-13T03:00:40.000000000Z[0m [1;33m[WARN] TRADER-001.nautilus_common::cache: Cannot calculate unrealized PnL for P-20240413-013400-001-140721678948536-3, no quotes for BTCUSDT-PERP.BINANCE[0m
[1m2024-04-13T03:00:50.000000000Z[0m [1;33m[WARN] TRADER-001.nautilus_common::cache: Cannot calculate unrealized PnL for P-20240413-013400-001-140721678948536-3, no quotes for BTCUSDT-PERP.BINANCE[0m
[1m2024-04-13T03:00:59.999000000Z[0m [1;33m[WARN] TRADER-001.nautilus_common::cache: Cannot calculate unrealized PnL for P-20240413-013400-001-140721678948536-3, no quotes for BTCUSDT-PERP.BINANCE[0m
[1m2024-04-13T03:01:00.000000000Z[0m [1;33m[WARN] TRADER-001.nautilus_common::cache: Cannot calculate unrealized PnL for P-20240413-013400-001-140721678948536-3, no quotes for BTCUSDT-PERP.BINANCE[0m
[1m2024-04-13T03:01:10.000000000Z[0m [1;33m[WARN] TRADER-001.nautilus_common::cache: Cannot calculate unrealized PnL for P-20240413-013400-001-140721678948536-3, no quotes for BTCUSDT-PERP.BINANCE[0m
[1m2024-04-13T03:01:20.000000000Z[0m [1;33m[WARN] TRADER-001.nautilus_common::cache: Cannot calculate unrealized PnL for P-20240413-013400-001-140721678948536-3, no quotes for BTCUSDT-PERP.BINANCE[0m
[1m2024-04-13T03:01:30.000000000Z[0m [1;33m[WARN] TRADER-001.nautilus_common::cache: Cannot calculate unrealized PnL for P-20240413-013400-001-140721678948536-3, no quotes for BTCUSDT-PERP.BINANCE[0m
[1m2024-04-13T03:01:40.000000000Z[0m [1;33m[WARN] TRADER-001.nautilus_common::cache: Cannot calculate unrealized PnL for P-20240413-013400-001-140721678948536-3, no quotes for BTCUSDT-PERP.BINANCE[0m
[1m2024-04-13T03:01:50.000000000Z[0m [1;33m[WARN] TRADER-001.nautilus_common::cache: Cannot calculate unrealized PnL for P-20240413-013400-001-140721678948536-3, no quotes for BTCUSDT-PERP.BINANCE[0m
[1m2024-04-13T03:01:59.999000000Z[0m [1;33m[WARN] TRADER-001.nautilus_common::cache: Cannot calculate unrealized PnL for P-20240413-013400-001-140721678948536-3, no quotes for BTCUSDT-PERP.BINANCE[0m
[1m2024-04-13T03:02:00.000000000Z[0m [1;33m[WARN] TRADER-001.nautilus_common::cache: Cannot calculate unrealized PnL for P-20240413-013400-001-140721678948536-3, no quotes for BTCUSDT-PERP.BINANCE[0m
[1m2024-04-13T03:02:10.000000000Z[0m [1;33m[WARN] TRADER-001.nautilus_common::cache: Cannot calculate unrealized PnL for P-20240413-013400-001-140721678948536-3, no quotes for BTCUSDT-PERP.BINANCE[0m
[1m2024-04-13T03:02:20.000000000Z[0m [1;33m[WARN] TRADER-001.nautilus_common::cache: Cannot calculate unrealized PnL for P-20240413-013400-001-140721678948536-3, no quotes for BTCUSDT-PERP.BINANCE[0m
[1m2024-04-13T03:02:30.000000000Z[0m [1;33m[WARN] TRADER-001.nautilus_common::cache: Cannot calculate unrealized PnL for P-20240413-013400-001-140721678948536-3, no quotes for BTCUSDT-PERP.BINANCE[0m
[1m2024-04-13T03:02:40.000000000Z[0m [1;33m[WARN] TRADER-001.nautilus_common::cache: Cannot calculate unrealized PnL for P-20240413-013400-001-140721678948536-3, no quotes for BTCUSDT-PERP.BINANCE[0m
[1m2024-04-13T03:02:50.000000000Z[0m [1;33m[WARN] TRADER-001.nautilus_common::cache: Cannot calculate unrealized PnL for P-20240413-013400-001-140721678948536-3, no quotes for BTCUSDT-PERP.BINANCE[0m
[1m2024-04-13T03:02:59.999000000Z[0m [1;33m[WARN] TRADER-001.nautilus_common::cache: Cannot calculate unrealized PnL for P-20240413-013400-001-140721678948536-3, no quotes for BTCUSDT-PERP.BINANCE[0m
[1m2024-04-13T03:03:00.000000000Z[0m [1;33m[WARN] TRADER-001.nautilus_common::cache: Cannot calculate unrealized PnL for P-20240413-013400-001-140721678948536-3, no quotes for BTCUSDT-PERP.BINANCE[0m
[1m2024-04-13T03:03:10.000000000Z[0m [1;33m[WARN] TRADER-001.nautilus_common::cache: Cannot calculate unrealized PnL for P-20240413-013400-001-140721678948536-3, no quotes for BTCUSDT-PERP.BINANCE[0m
[1m2024-04-13T03:03:20.000000000Z[0m [1;33m[WARN] TRADER-001.nautilus_common::cache: Cannot calculate unrealized PnL for P-20240413-013400-001-140721678948536-3, no quotes for BTCUSDT-PERP.BINANCE[0m
[1m2024-04-13T03:03:30.000000000Z[0m [INFO] TRADER-001.nautilus_portfolio::manager: BTCUSDT-PERP.BINANCE margin_init=0.00000000 USDT[0m
[1m2024-04-13T03:03:30.000000000Z[0m [INFO] TRADER-001.nautilus_trading::strategy: DataActor-140721678948536 <--[EVT] OrderFilled(instrument_id=BTCUSDT-PERP.BINANCE, client_order_id=O-20240413-013400-001-140721678948536-9, venue_order_id=BINANCE-1-9, account_id=BINANCE-001, trade_id=T-aedbcbaf6beabc11-125000, position_id=P-20240413-013400-001-140721678948536-3, order_side=BUY, order_type=STOP_MARKET, last_qty=4.136, last_px=66_747.3 USDT, commission=165.64009968 USDT, liquidity_side=TAKER, ts_event=1712977410000000000)[0m
[1m2024-04-13T03:03:30.000000000Z[0m [INFO] TRADER-001.nautilus_portfolio::portfolio: BTCUSDT-PERP.BINANCE net_position=0[0m
[1m2024-04-13T03:03:30.000000000Z[0m [INFO] TRADER-001.nautilus_portfolio::manager: BTCUSDT-PERP.BINANCE margin_maint=0.00000000 USDT[0m
[1m2024-04-13T03:03:30.000000000Z[0m [INFO] TRADER-001.nautilus_portfolio::portfolio: Updated AccountState(account_id=BINANCE-001, account_type=MARGIN, base_currency=USDT, is_reported=false, balances=[AccountBalance(total=94106.95924440 USDT, locked=0.00000000 USDT, free=94106.95924440 USDT)], margins=[], event_id=50c295e0-bf50-45c2-add4-8e5f2424fcbd)[0m
[1m2024-04-13T03:03:30.000000000Z[0m [INFO] TRADER-001.nautilus_trading::strategy: DataActor-140721678948536 <--[EVT] PositionClosed(PositionClosed { trader_id: "TRADER-001", strategy_id: "DataActor-140721678948536", instrument_id: "BTCUSDT-PERP.BINANCE", position_id: "P-20240413-013400-001-140721678948536-3", account_id: "BINANCE-001", opening_order_id: "O-20240413-013400-001-140721678948536-8", closing_order_id: Some("O-20240413-013400-001-140721678948536-9"), entry: Sell, side: Flat, signed_qty: 0.0, quantity: Quantity(0.000), peak_quantity: Quantity(4.136), last_qty: Quantity(4.136), last_px: Price(66747.3), currency: Currency(code='USDT', precision=8, iso4217=0, name='Tether', currency_type=CRYPTO), avg_px_open: 66169.1, avg_px_close: Some(66747.3), realized_return: -0.008738217687712196, realized_pnl: Some(Money(-2721.28053824, USDT)), unrealized_pnl: Money(0.00000000, USDT), duration: 5370000000000, event_id: UUID4(b924022f-14c6-4666-b38a-fe332d4c0740), ts_opened: UnixNanos(1712972040000000000), ts_closed: Some(UnixNanos(1712977410000000000)), ts_event: UnixNanos(1712977410000000000), ts_init: UnixNanos(1712977410000000000) })[0m
[1m2024-04-13T03:03:30.000000000Z[0m [INFO] TRADER-001.nautilus_portfolio::manager: BTCUSDT-PERP.BINANCE margin_init=0.00000000 USDT[0m
[1m2024-04-13T03:03:30.000000000Z[0m [INFO] TRADER-001.nautilus_portfolio::portfolio: Updated AccountState(account_id=BINANCE-001, account_type=MARGIN, base_currency=USDT, is_reported=false, balances=[AccountBalance(total=94106.95924440 USDT, locked=0.00000000 USDT, free=94106.95924440 USDT)], margins=[], event_id=2515baca-9c94-47ff-8d6a-a06a04b36dd8)[0m
[1m2024-04-13T03:03:30.000000000Z[0m [INFO] TRADER-001.nautilus_trading::strategy: DataActor-140721678948536 <--[EVT] OrderCanceled(instrument_id=BTCUSDT-PERP.BINANCE, client_order_id=O-20240413-013400-001-140721678948536-10, venue_order_id=BINANCE-1-10, account_id=BINANCE-001, ts_event=1712977410000000000)[0m
[1m2024-04-14T05:36:40.000000000Z[0m [INFO] TRADER-001.nautilus_trading::strategy: DataActor-140721678948536 <--[EVT] OrderInitialized(instrument_id=BTCUSDT-PERP.BINANCE, client_order_id=O-20240414-053640-001-140721678948536-11, side=BUY, type=MARKET, quantity=4.803, time_in_force=GTC, post_only=false, reduce_only=false, quote_quantity=false, price=None, emulation_trigger=None, trigger_instrument_id=None, contingency_type=OTO, order_list_id=OL-20240414-053640-001-140721678948536-4, linked_order_ids=[O-20240414-053640-001-140721678948536-12, O-20240414-053640-001-140721678948536-13], parent_order_id=None, exec_algorithm_id=None, exec_algorithm_params=None, exec_spawn_id=None, tags=delayed-reaccept-btcusdt-000041, BREAKOUT_ACCEPTANCE_CONTINUATION, LONG, TEN_SECOND_MARKET_ENTRY)[0m
[1m2024-04-14T05:36:40.000000000Z[0m [INFO] TRADER-001.nautilus_trading::strategy: DataActor-140721678948536 <--[EVT] OrderInitialized(instrument_id=BTCUSDT-PERP.BINANCE, client_order_id=O-20240414-053640-001-140721678948536-12, side=SELL, type=STOP_MARKET, quantity=4.803, time_in_force=GTC, post_only=false, reduce_only=true, quote_quantity=false, price=None, emulation_trigger=None, trigger_instrument_id=None, contingency_type=OUO, order_list_id=OL-20240414-053640-001-140721678948536-4, linked_order_ids=[O-20240414-053640-001-140721678948536-13], parent_order_id=O-20240414-053640-001-140721678948536-11, exec_algorithm_id=None, exec_algorithm_params=None, exec_spawn_id=None, tags=delayed-reaccept-btcusdt-000041, OBSERVED_RETEST_INVALIDATION)[0m
[1m2024-04-14T05:36:40.000000000Z[0m [INFO] TRADER-001.nautilus_trading::strategy: DataActor-140721678948536 <--[EVT] OrderInitialized(instrument_id=BTCUSDT-PERP.BINANCE, client_order_id=O-20240414-053640-001-140721678948536-13, side=SELL, type=LIMIT, quantity=4.803, time_in_force=GTC, post_only=false, reduce_only=true, quote_quantity=false, price=65667.7, emulation_trigger=None, trigger_instrument_id=None, contingency_type=OUO, order_list_id=OL-20240414-053640-001-140721678948536-4, linked_order_ids=[O-20240414-053640-001-140721678948536-12], parent_order_id=O-20240414-053640-001-140721678948536-11, exec_algorithm_id=None, exec_algorithm_params=None, exec_spawn_id=None, tags=delayed-reaccept-btcusdt-000041, ACTIVE_COMPLETED_EXTERNAL_TARGET)[0m
[1m2024-04-14T05:36:40.000000000Z[0m [INFO] TRADER-001.nautilus_trading::strategy: DataActor-140721678948536 [CMD]--> SubmitOrderList[0m
[1m2024-04-14T05:36:40.000000000Z[0m [94m[INFO] TRADER-001.nautilus_execution::engine: Submit OrderList(id=OL-20240414-053640-001-140721678948536-4, instrument_id=BTCUSDT-PERP.BINANCE, strategy_id=DataActor-140721678948536, client_order_ids=["O-20240414-053640-001-140721678948536-11", "O-20240414-053640-001-140721678948536-12", "O-20240414-053640-001-140721678948536-13"], ts_init=1713073000000000000)[0m
[1m2024-04-14T05:36:40.000000000Z[0m [INFO] TRADER-001.nautilus_trading::strategy: DataActor-140721678948536 <--[EVT] OrderSubmitted(instrument_id=BTCUSDT-PERP.BINANCE, client_order_id=O-20240414-053640-001-140721678948536-11, account_id=BINANCE-001, ts_event=1713073000000000000)[0m
[1m2024-04-14T05:36:40.000000000Z[0m [INFO] TRADER-001.nautilus_trading::strategy: DataActor-140721678948536 <--[EVT] OrderSubmitted(instrument_id=BTCUSDT-PERP.BINANCE, client_order_id=O-20240414-053640-001-140721678948536-12, account_id=BINANCE-001, ts_event=1713073000000000000)[0m
[1m2024-04-14T05:36:40.000000000Z[0m [INFO] TRADER-001.nautilus_trading::strategy: DataActor-140721678948536 <--[EVT] OrderSubmitted(instrument_id=BTCUSDT-PERP.BINANCE, client_order_id=O-20240414-053640-001-140721678948536-13, account_id=BINANCE-001, ts_event=1713073000000000000)[0m
[1m2024-04-14T05:36:40.000000000Z[0m [INFO] TRADER-001.nautilus_portfolio::manager: BTCUSDT-PERP.BINANCE margin_init=0.00000000 USDT[0m
[1m2024-04-14T05:36:40.000000000Z[0m [INFO] TRADER-001.nautilus_trading::strategy: DataActor-140721678948536 <--[EVT] OrderFilled(instrument_id=BTCUSDT-PERP.BINANCE, client_order_id=O-20240414-053640-001-140721678948536-11, venue_order_id=BINANCE-1-11, account_id=BINANCE-001, trade_id=T-355381d9e580a031-153650, position_id=P-20240414-053640-001-140721678948536-4, order_side=BUY, order_type=MARKET, last_qty=4.803, last_px=64_430.2 USDT, commission=185.67495036 USDT, liquidity_side=TAKER, ts_event=1713073000000000000)[0m
[1m2024-04-14T05:36:40.000000000Z[0m [INFO] TRADER-001.nautilus_trading::strategy: Canceling 2 inflight BTCUSDT-PERP.BINANCE orders[0m
[1m2024-04-14T05:36:40.000000000Z[0m [INFO] TRADER-001.nautilus_trading::strategy: DataActor-140721678948536 [CMD]--> CancelAllOrders[0m
[1m2024-04-14T05:36:40.000000000Z[0m [INFO] TRADER-001.nautilus_portfolio::portfolio: BTCUSDT-PERP.BINANCE net_position=4.803[0m
[1m2024-04-14T05:36:40.000000000Z[0m [INFO] TRADER-001.nautilus_portfolio::manager: BTCUSDT-PERP.BINANCE margin_maint=1237.83300240 USDT[0m
[1m2024-04-14T05:36:40.000000000Z[0m [INFO] TRADER-001.nautilus_portfolio::portfolio: Updated AccountState(account_id=BINANCE-001, account_type=MARGIN, base_currency=USDT, is_reported=false, balances=[AccountBalance(total=93921.28429404 USDT, locked=1237.83300240 USDT, free=92683.45129164 USDT)], margins=[MarginBalance(initial=0.00000000 USDT, maintenance=1237.83300240 USDT, instrument_id=BTCUSDT-PERP.BINANCE)], event_id=566a2e4a-f372-4c14-bce7-2f84c7dea8f0)[0m
[1m2024-04-14T05:36:40.000000000Z[0m [INFO] TRADER-001.nautilus_trading::strategy: DataActor-140721678948536 <--[EVT] PositionOpened(PositionOpened { trader_id: "TRADER-001", strategy_id: "DataActor-140721678948536", instrument_id: "BTCUSDT-PERP.BINANCE", position_id: "P-20240414-053640-001-140721678948536-4", account_id: "BINANCE-001", opening_order_id: "O-20240414-053640-001-140721678948536-11", entry: Buy, side: Long, signed_qty: 4.803, quantity: Quantity(4.803), last_qty: Quantity(4.803), last_px: Price(64430.2), currency: Currency(code='USDT', precision=8, iso4217=0, name='Tether', currency_type=CRYPTO), avg_px_open: 64430.200000000004, event_id: UUID4(ea9219d7-8e31-44a2-806b-3ad2088e0fc3), ts_event: UnixNanos(1713073000000000000), ts_init: UnixNanos(1713073000000000000) })[0m
[1m2024-04-14T05:36:40.000000000Z[0m [INFO] TRADER-001.nautilus_portfolio::manager: BTCUSDT-PERP.BINANCE margin_init=0.00000000 USDT[0m
[1m2024-04-14T05:36:40.000000000Z[0m [INFO] TRADER-001.nautilus_portfolio::portfolio: Updated AccountState(account_id=BINANCE-001, account_type=MARGIN, base_currency=USDT, is_reported=false, balances=[AccountBalance(total=93921.28429404 USDT, locked=1237.83300240 USDT, free=92683.45129164 USDT)], margins=[MarginBalance(initial=0.00000000 USDT, maintenance=1237.83300240 USDT, instrument_id=BTCUSDT-PERP.BINANCE)], event_id=20b8fe81-7b04-41d4-a205-123664bcdce8)[0m
[1m2024-04-14T05:36:40.000000000Z[0m [INFO] TRADER-001.nautilus_trading::strategy: DataActor-140721678948536 <--[EVT] OrderAccepted(instrument_id=BTCUSDT-PERP.BINANCE, client_order_id=O-20240414-053640-001-140721678948536-12, venue_order_id=BINANCE-1-12, account_id=BINANCE-001, ts_event=1713073000000000000)[0m
[1m2024-04-14T05:36:40.000000000Z[0m [INFO] TRADER-001.nautilus_portfolio::manager: BTCUSDT-PERP.BINANCE margin_init=0.00000000 USDT[0m
[1m2024-04-14T05:36:40.000000000Z[0m [INFO] TRADER-001.nautilus_portfolio::portfolio: Updated AccountState(account_id=BINANCE-001, account_type=MARGIN, base_currency=USDT, is_reported=false, balances=[AccountBalance(total=93921.28429404 USDT, locked=1237.83300240 USDT, free=92683.45129164 USDT)], margins=[MarginBalance(initial=0.00000000 USDT, maintenance=1237.83300240 USDT, instrument_id=BTCUSDT-PERP.BINANCE)], event_id=4ea0f6c6-5668-4651-b7ac-2048b3e93a63)[0m
[1m2024-04-14T05:36:40.000000000Z[0m [INFO] TRADER-001.nautilus_trading::strategy: DataActor-140721678948536 <--[EVT] OrderAccepted(instrument_id=BTCUSDT-PERP.BINANCE, client_order_id=O-20240414-053640-001-140721678948536-13, venue_order_id=BINANCE-1-13, account_id=BINANCE-001, ts_event=1713073000000000000)[0m
[1m2024-04-14T05:36:40.000000000Z[0m [94m[INFO] TRADER-001.nautilus_execution::engine: Cancel all orders[0m
[1m2024-04-14T05:36:40.000000000Z[0m [INFO] TRADER-001.nautilus_portfolio::manager: BTCUSDT-PERP.BINANCE margin_init=0.00000000 USDT[0m
[1m2024-04-14T05:36:40.000000000Z[0m [INFO] TRADER-001.nautilus_portfolio::portfolio: Updated AccountState(account_id=BINANCE-001, account_type=MARGIN, base_currency=USDT, is_reported=false, balances=[AccountBalance(total=93921.28429404 USDT, locked=1237.83300240 USDT, free=92683.45129164 USDT)], margins=[MarginBalance(initial=0.00000000 USDT, maintenance=1237.83300240 USDT, instrument_id=BTCUSDT-PERP.BINANCE)], event_id=03fb2ea5-073e-4c7b-b337-f69d17056a00)[0m
[1m2024-04-14T05:36:40.000000000Z[0m [INFO] TRADER-001.nautilus_trading::strategy: DataActor-140721678948536 <--[EVT] OrderCanceled(instrument_id=BTCUSDT-PERP.BINANCE, client_order_id=O-20240414-053640-001-140721678948536-12, venue_order_id=BINANCE-1-12, account_id=BINANCE-001, ts_event=1713073000000000000)[0m
[1m2024-04-14T05:36:40.000000000Z[0m [INFO] TRADER-001.nautilus_portfolio::manager: BTCUSDT-PERP.BINANCE margin_init=0.00000000 USDT[0m
[1m2024-04-14T05:36:40.000000000Z[0m [INFO] TRADER-001.nautilus_portfolio::portfolio: Updated AccountState(account_id=BINANCE-001, account_type=MARGIN, base_currency=USDT, is_reported=false, balances=[AccountBalance(total=93921.28429404 USDT, locked=1237.83300240 USDT, free=92683.45129164 USDT)], margins=[MarginBalance(initial=0.00000000 USDT, maintenance=1237.83300240 USDT, instrument_id=BTCUSDT-PERP.BINANCE)], event_id=2fbd110a-3f5c-44b0-ac83-6cab0d15542f)[0m
[1m2024-04-14T05:36:40.000000000Z[0m [INFO] TRADER-001.nautilus_trading::strategy: DataActor-140721678948536 <--[EVT] OrderCanceled(instrument_id=BTCUSDT-PERP.BINANCE, client_order_id=O-20240414-053640-001-140721678948536-13, venue_order_id=BINANCE-1-13, account_id=BINANCE-001, ts_event=1713073000000000000)[0m
[1m2024-04-14T05:36:40.000000000Z[0m [1;33m[WARN] TRADER-001.nautilus_common::cache: Cannot calculate unrealized PnL for P-20240414-053640-001-140721678948536-4, no quotes for BTCUSDT-PERP.BINANCE[0m
[1m2024-04-14T05:36:50.000000000Z[0m [INFO] TRADER-001.nautilus_trading::strategy: No BTCUSDT-PERP.BINANCE open, emulated, or inflight orders to cancel[0m
[1m2024-04-14T05:36:50.000000000Z[0m [INFO] TRADER-001.nautilus_trading::strategy: Closing 1 open position[0m
[1m2024-04-14T05:36:50.000000000Z[0m [INFO] TRADER-001.nautilus_trading::strategy: DataActor-140721678948536 <--[EVT] OrderInitialized(instrument_id=BTCUSDT-PERP.BINANCE, client_order_id=O-20240414-053650-001-140721678948536-14, side=SELL, type=MARKET, quantity=4.803, time_in_force=GTC, post_only=false, reduce_only=true, quote_quantity=false, price=None, emulation_trigger=None, trigger_instrument_id=None, contingency_type=NO_CONTINGENCY, order_list_id=None, linked_order_ids=[None], parent_order_id=None, exec_algorithm_id=None, exec_algorithm_params=None, exec_spawn_id=None, tags=None)[0m
[1m2024-04-14T05:36:50.000000000Z[0m [INFO] TRADER-001.nautilus_trading::strategy: DataActor-140721678948536 [CMD]--> SubmitOrder[0m
[1m2024-04-14T05:36:50.000000000Z[0m [94m[INFO] TRADER-001.nautilus_execution::engine: Submit MarketOrder(SELL 4.803 BTCUSDT-PERP.BINANCE @ MARKET GTC, status=INITIALIZED, client_order_id=O-20240414-053650-001-140721678948536-14, venue_order_id=None, position_id=None, exec_algorithm_id=None, exec_spawn_id=None, tags=None)[0m
[1m2024-04-14T05:36:50.000000000Z[0m [INFO] TRADER-001.nautilus_trading::strategy: DataActor-140721678948536 <--[EVT] OrderSubmitted(instrument_id=BTCUSDT-PERP.BINANCE, client_order_id=O-20240414-053650-001-140721678948536-14, account_id=BINANCE-001, ts_event=1713073010000000000)[0m
[1m2024-04-14T05:36:50.000000000Z[0m [INFO] TRADER-001.nautilus_portfolio::manager: BTCUSDT-PERP.BINANCE margin_init=0.00000000 USDT[0m
[1m2024-04-14T05:36:50.000000000Z[0m [INFO] TRADER-001.nautilus_trading::strategy: DataActor-140721678948536 <--[EVT] OrderFilled(instrument_id=BTCUSDT-PERP.BINANCE, client_order_id=O-20240414-053650-001-140721678948536-14, venue_order_id=BINANCE-1-14, account_id=BINANCE-001, trade_id=T-b5889d8d3a306ca0-153655, position_id=P-20240414-053640-001-140721678948536-4, order_side=SELL, order_type=MARKET, last_qty=4.803, last_px=64_427.9 USDT, commission=185.66832222 USDT, liquidity_side=TAKER, ts_event=1713073010000000000)[0m
[1m2024-04-14T05:36:50.000000000Z[0m [INFO] TRADER-001.nautilus_portfolio::portfolio: BTCUSDT-PERP.BINANCE net_position=0[0m
[1m2024-04-14T05:36:50.000000000Z[0m [INFO] TRADER-001.nautilus_portfolio::manager: BTCUSDT-PERP.BINANCE margin_maint=0.00000000 USDT[0m
[1m2024-04-14T05:36:50.000000000Z[0m [INFO] TRADER-001.nautilus_portfolio::portfolio: Updated AccountState(account_id=BINANCE-001, account_type=MARGIN, base_currency=USDT, is_reported=false, balances=[AccountBalance(total=93724.56907182 USDT, locked=0.00000000 USDT, free=93724.56907182 USDT)], margins=[], event_id=c118e55c-b05e-4850-a088-2614d4daabdf)[0m
[1m2024-04-14T05:36:50.000000000Z[0m [INFO] TRADER-001.nautilus_trading::strategy: DataActor-140721678948536 <--[EVT] PositionClosed(PositionClosed { trader_id: "TRADER-001", strategy_id: "DataActor-140721678948536", instrument_id: "BTCUSDT-PERP.BINANCE", position_id: "P-20240414-053640-001-140721678948536-4", account_id: "BINANCE-001", opening_order_id: "O-20240414-053640-001-140721678948536-11", closing_order_id: Some("O-20240414-053650-001-140721678948536-14"), entry: Buy, side: Flat, signed_qty: 0.0, quantity: Quantity(0.000), peak_quantity: Quantity(4.803), last_qty: Quantity(4.803), last_px: Price(64427.9), currency: Currency(code='USDT', precision=8, iso4217=0, name='Tether', currency_type=CRYPTO), avg_px_open: 64430.200000000004, avg_px_close: Some(64427.9), realized_return: -3.5697545560977776e-5, realized_pnl: Some(Money(-382.39017258, USDT)), unrealized_pnl: Money(0.00000000, USDT), duration: 10000000000, event_id: UUID4(0dad1d8e-f154-4786-9b3b-b79d101395d3), ts_opened: UnixNanos(1713073000000000000), ts_closed: Some(UnixNanos(1713073010000000000)), ts_event: UnixNanos(1713073010000000000), ts_init: UnixNanos(1713073010000000000) })[0m
[1m2024-04-14T17:20:30.000000000Z[0m [INFO] TRADER-001.nautilus_trading::strategy: DataActor-140721678948536 <--[EVT] OrderInitialized(instrument_id=BTCUSDT-PERP.BINANCE, client_order_id=O-20240414-172030-001-140721678948536-15, side=SELL, type=MARKET, quantity=4.759, time_in_force=GTC, post_only=false, reduce_only=false, quote_quantity=false, price=None, emulation_trigger=None, trigger_instrument_id=None, contingency_type=OTO, order_list_id=OL-20240414-172030-001-140721678948536-5, linked_order_ids=[O-20240414-172030-001-140721678948536-16, O-20240414-172030-001-140721678948536-17], parent_order_id=None, exec_algorithm_id=None, exec_algorithm_params=None, exec_spawn_id=None, tags=delayed-reaccept-btcusdt-000044, BREAKOUT_ACCEPTANCE_CONTINUATION, SHORT, TEN_SECOND_MARKET_ENTRY)[0m
[1m2024-04-14T17:20:30.000000000Z[0m [INFO] TRADER-001.nautilus_trading::strategy: DataActor-140721678948536 <--[EVT] OrderInitialized(instrument_id=BTCUSDT-PERP.BINANCE, client_order_id=O-20240414-172030-001-140721678948536-16, side=BUY, type=STOP_MARKET, quantity=4.759, time_in_force=GTC, post_only=false, reduce_only=true, quote_quantity=false, price=None, emulation_trigger=None, trigger_instrument_id=None, contingency_type=OUO, order_list_id=OL-20240414-172030-001-140721678948536-5, linked_order_ids=[O-20240414-172030-001-140721678948536-17], parent_order_id=O-20240414-172030-001-140721678948536-15, exec_algorithm_id=None, exec_algorithm_params=None, exec_spawn_id=None, tags=delayed-reaccept-btcusdt-000044, OBSERVED_RETEST_INVALIDATION)[0m
[1m2024-04-14T17:20:30.000000000Z[0m [INFO] TRADER-001.nautilus_trading::strategy: DataActor-140721678948536 <--[EVT] OrderInitialized(instrument_id=BTCUSDT-PERP.BINANCE, client_order_id=O-20240414-172030-001-140721678948536-17, side=BUY, type=LIMIT, quantity=4.759, time_in_force=GTC, post_only=false, reduce_only=true, quote_quantity=false, price=62139.3, emulation_trigger=None, trigger_instrument_id=None, contingency_type=OUO, order_list_id=OL-20240414-172030-001-140721678948536-5, linked_order_ids=[O-20240414-172030-001-140721678948536-16], parent_order_id=O-20240414-172030-001-140721678948536-15, exec_algorithm_id=None, exec_algorithm_params=None, exec_spawn_id=None, tags=delayed-reaccept-btcusdt-000044, ACTIVE_COMPLETED_EXTERNAL_TARGET)[0m
[1m2024-04-14T17:20:30.000000000Z[0m [INFO] TRADER-001.nautilus_trading::strategy: DataActor-140721678948536 [CMD]--> SubmitOrderList[0m
[1m2024-04-14T17:20:30.000000000Z[0m [94m[INFO] TRADER-001.nautilus_execution::engine: Submit OrderList(id=OL-20240414-172030-001-140721678948536-5, instrument_id=BTCUSDT-PERP.BINANCE, strategy_id=DataActor-140721678948536, client_order_ids=["O-20240414-172030-001-140721678948536-15", "O-20240414-172030-001-140721678948536-16", "O-20240414-172030-001-140721678948536-17"], ts_init=1713115230000000000)[0m
[1m2024-04-14T17:20:30.000000000Z[0m [INFO] TRADER-001.nautilus_trading::strategy: DataActor-140721678948536 <--[EVT] OrderSubmitted(instrument_id=BTCUSDT-PERP.BINANCE, client_order_id=O-20240414-172030-001-140721678948536-15, account_id=BINANCE-001, ts_event=1713115230000000000)[0m
[1m2024-04-14T17:20:30.000000000Z[0m [INFO] TRADER-001.nautilus_trading::strategy: DataActor-140721678948536 <--[EVT] OrderSubmitted(instrument_id=BTCUSDT-PERP.BINANCE, client_order_id=O-20240414-172030-001-140721678948536-16, account_id=BINANCE-001, ts_event=1713115230000000000)[0m
[1m2024-04-14T17:20:30.000000000Z[0m [INFO] TRADER-001.nautilus_trading::strategy: DataActor-140721678948536 <--[EVT] OrderSubmitted(instrument_id=BTCUSDT-PERP.BINANCE, client_order_id=O-20240414-172030-001-140721678948536-17, account_id=BINANCE-001, ts_event=1713115230000000000)[0m
[1m2024-04-14T17:20:30.000000000Z[0m [INFO] TRADER-001.nautilus_portfolio::manager: BTCUSDT-PERP.BINANCE margin_init=0.00000000 USDT[0m
[1m2024-04-14T17:20:30.000000000Z[0m [INFO] TRADER-001.nautilus_trading::strategy: DataActor-140721678948536 <--[EVT] OrderFilled(instrument_id=BTCUSDT-PERP.BINANCE, client_order_id=O-20240414-172030-001-140721678948536-15, venue_order_id=BINANCE-1-15, account_id=BINANCE-001, trade_id=T-c4a2a35cc0b36432-166331, position_id=P-20240414-172030-001-140721678948536-5, order_side=SELL, order_type=MARKET, last_qty=4.759, last_px=63_269.9 USDT, commission=180.66087246 USDT, liquidity_side=TAKER, ts_event=1713115230000000000)[0m
[1m2024-04-14T17:20:30.000000000Z[0m [INFO] TRADER-001.nautilus_trading::strategy: Canceling 2 inflight BTCUSDT-PERP.BINANCE orders[0m
[1m2024-04-14T17:20:30.000000000Z[0m [INFO] TRADER-001.nautilus_trading::strategy: DataActor-140721678948536 [CMD]--> CancelAllOrders[0m
[1m2024-04-14T17:20:30.000000000Z[0m [INFO] TRADER-001.nautilus_portfolio::portfolio: BTCUSDT-PERP.BINANCE net_position=-4.759[0m
[1m2024-04-14T17:20:30.000000000Z[0m [INFO] TRADER-001.nautilus_portfolio::manager: BTCUSDT-PERP.BINANCE margin_maint=1204.40581640 USDT[0m
[1m2024-04-14T17:20:30.000000000Z[0m [INFO] TRADER-001.nautilus_portfolio::portfolio: Updated AccountState(account_id=BINANCE-001, account_type=MARGIN, base_currency=USDT, is_reported=false, balances=[AccountBalance(total=93543.90819936 USDT, locked=1204.40581640 USDT, free=92339.50238296 USDT)], margins=[MarginBalance(initial=0.00000000 USDT, maintenance=1204.40581640 USDT, instrument_id=BTCUSDT-PERP.BINANCE)], event_id=79836234-aaee-4daf-8f96-2d98e8a0d94f)[0m
[1m2024-04-14T17:20:30.000000000Z[0m [INFO] TRADER-001.nautilus_trading::strategy: DataActor-140721678948536 <--[EVT] PositionOpened(PositionOpened { trader_id: "TRADER-001", strategy_id: "DataActor-140721678948536", instrument_id: "BTCUSDT-PERP.BINANCE", position_id: "P-20240414-172030-001-140721678948536-5", account_id: "BINANCE-001", opening_order_id: "O-20240414-172030-001-140721678948536-15", entry: Sell, side: Short, signed_qty: -4.759, quantity: Quantity(4.759), last_qty: Quantity(4.759), last_px: Price(63269.9), currency: Currency(code='USDT', precision=8, iso4217=0, name='Tether', currency_type=CRYPTO), avg_px_open: 63269.9, event_id: UUID4(8fba8a6b-2f1c-4cd8-848a-c71c0c30dffe), ts_event: UnixNanos(1713115230000000000), ts_init: UnixNanos(1713115230000000000) })[0m
[1m2024-04-14T17:20:30.000000000Z[0m [INFO] TRADER-001.nautilus_portfolio::manager: BTCUSDT-PERP.BINANCE margin_init=0.00000000 USDT[0m
[1m2024-04-14T17:20:30.000000000Z[0m [INFO] TRADER-001.nautilus_portfolio::portfolio: Updated AccountState(account_id=BINANCE-001, account_type=MARGIN, base_currency=USDT, is_reported=false, balances=[AccountBalance(total=93543.90819936 USDT, locked=1204.40581640 USDT, free=92339.50238296 USDT)], margins=[MarginBalance(initial=0.00000000 USDT, maintenance=1204.40581640 USDT, instrument_id=BTCUSDT-PERP.BINANCE)], event_id=68c89286-3c86-47e0-a1d2-51d72a4c7d54)[0m
[1m2024-04-14T17:20:30.000000000Z[0m [INFO] TRADER-001.nautilus_trading::strategy: DataActor-140721678948536 <--[EVT] OrderAccepted(instrument_id=BTCUSDT-PERP.BINANCE, client_order_id=O-20240414-172030-001-140721678948536-16, venue_order_id=BINANCE-1-16, account_id=BINANCE-001, ts_event=1713115230000000000)[0m
[1m2024-04-14T17:20:30.000000000Z[0m [INFO] TRADER-001.nautilus_portfolio::manager: BTCUSDT-PERP.BINANCE margin_init=0.00000000 USDT[0m
[1m2024-04-14T17:20:30.000000000Z[0m [INFO] TRADER-001.nautilus_portfolio::portfolio: Updated AccountState(account_id=BINANCE-001, account_type=MARGIN, base_currency=USDT, is_reported=false, balances=[AccountBalance(total=93543.90819936 USDT, locked=1204.40581640 USDT, free=92339.50238296 USDT)], margins=[MarginBalance(initial=0.00000000 USDT, maintenance=1204.40581640 USDT, instrument_id=BTCUSDT-PERP.BINANCE)], event_id=2be29048-4836-4fa7-9915-20cc6704b150)[0m
[1m2024-04-14T17:20:30.000000000Z[0m [INFO] TRADER-001.nautilus_trading::strategy: DataActor-140721678948536 <--[EVT] OrderAccepted(instrument_id=BTCUSDT-PERP.BINANCE, client_order_id=O-20240414-172030-001-140721678948536-17, venue_order_id=BINANCE-1-17, account_id=BINANCE-001, ts_event=1713115230000000000)[0m
[1m2024-04-14T17:20:30.000000000Z[0m [94m[INFO] TRADER-001.nautilus_execution::engine: Cancel all orders[0m
[1m2024-04-14T17:20:30.000000000Z[0m [INFO] TRADER-001.nautilus_portfolio::manager: BTCUSDT-PERP.BINANCE margin_init=0.00000000 USDT[0m
[1m2024-04-14T17:20:30.000000000Z[0m [INFO] TRADER-001.nautilus_portfolio::portfolio: Updated AccountState(account_id=BINANCE-001, account_type=MARGIN, base_currency=USDT, is_reported=false, balances=[AccountBalance(total=93543.90819936 USDT, locked=1204.40581640 USDT, free=92339.50238296 USDT)], margins=[MarginBalance(initial=0.00000000 USDT, maintenance=1204.40581640 USDT, instrument_id=BTCUSDT-PERP.BINANCE)], event_id=54971fe8-4cd7-4642-aa91-7fd5d60dc6b9)[0m
[1m2024-04-14T17:20:30.000000000Z[0m [INFO] TRADER-001.nautilus_trading::strategy: DataActor-140721678948536 <--[EVT] OrderCanceled(instrument_id=BTCUSDT-PERP.BINANCE, client_order_id=O-20240414-172030-001-140721678948536-16, venue_order_id=BINANCE-1-16, account_id=BINANCE-001, ts_event=1713115230000000000)[0m
[1m2024-04-14T17:20:30.000000000Z[0m [INFO] TRADER-001.nautilus_portfolio::manager: BTCUSDT-PERP.BINANCE margin_init=0.00000000 USDT[0m
[1m2024-04-14T17:20:30.000000000Z[0m [INFO] TRADER-001.nautilus_portfolio::portfolio: Updated AccountState(account_id=BINANCE-001, account_type=MARGIN, base_currency=USDT, is_reported=false, balances=[AccountBalance(total=93543.90819936 USDT, locked=1204.40581640 USDT, free=92339.50238296 USDT)], margins=[MarginBalance(initial=0.00000000 USDT, maintenance=1204.40581640 USDT, instrument_id=BTCUSDT-PERP.BINANCE)], event_id=0a72456e-a2c0-45dd-9290-1f1891241a09)[0m
[1m2024-04-14T17:20:30.000000000Z[0m [INFO] TRADER-001.nautilus_trading::strategy: DataActor-140721678948536 <--[EVT] OrderCanceled(instrument_id=BTCUSDT-PERP.BINANCE, client_order_id=O-20240414-172030-001-140721678948536-17, venue_order_id=BINANCE-1-17, account_id=BINANCE-001, ts_event=1713115230000000000)[0m
[1m2024-04-14T17:20:30.000000000Z[0m [1;33m[WARN] TRADER-001.nautilus_common::cache: Cannot calculate unrealized PnL for P-20240414-172030-001-140721678948536-5, no quotes for BTCUSDT-PERP.BINANCE[0m
[1m2024-04-14T17:20:40.000000000Z[0m [INFO] TRADER-001.nautilus_trading::strategy: No BTCUSDT-PERP.BINANCE open, emulated, or inflight orders to cancel[0m
[1m2024-04-14T17:20:40.000000000Z[0m [INFO] TRADER-001.nautilus_trading::strategy: Closing 1 open position[0m
[1m2024-04-14T17:20:40.000000000Z[0m [INFO] TRADER-001.nautilus_trading::strategy: DataActor-140721678948536 <--[EVT] OrderInitialized(instrument_id=BTCUSDT-PERP.BINANCE, client_order_id=O-20240414-172040-001-140721678948536-18, side=BUY, type=MARKET, quantity=4.759, time_in_force=GTC, post_only=false, reduce_only=true, quote_quantity=false, price=None, emulation_trigger=None, trigger_instrument_id=None, contingency_type=NO_CONTINGENCY, order_list_id=None, linked_order_ids=[None], parent_order_id=None, exec_algorithm_id=None, exec_algorithm_params=None, exec_spawn_id=None, tags=None)[0m
[1m2024-04-14T17:20:40.000000000Z[0m [INFO] TRADER-001.nautilus_trading::strategy: DataActor-140721678948536 [CMD]--> SubmitOrder[0m
[1m2024-04-14T17:20:40.000000000Z[0m [94m[INFO] TRADER-001.nautilus_execution::engine: Submit MarketOrder(BUY 4.759 BTCUSDT-PERP.BINANCE @ MARKET GTC, status=INITIALIZED, client_order_id=O-20240414-172040-001-140721678948536-18, venue_order_id=None, position_id=None, exec_algorithm_id=None, exec_spawn_id=None, tags=None)[0m
[1m2024-04-14T17:20:40.000000000Z[0m [INFO] TRADER-001.nautilus_trading::strategy: DataActor-140721678948536 <--[EVT] OrderSubmitted(instrument_id=BTCUSDT-PERP.BINANCE, client_order_id=O-20240414-172040-001-140721678948536-18, account_id=BINANCE-001, ts_event=1713115240000000000)[0m
[1m2024-04-14T17:20:40.000000000Z[0m [INFO] TRADER-001.nautilus_portfolio::manager: BTCUSDT-PERP.BINANCE margin_init=0.00000000 USDT[0m
[1m2024-04-14T17:20:40.000000000Z[0m [INFO] TRADER-001.nautilus_trading::strategy: DataActor-140721678948536 <--[EVT] OrderFilled(instrument_id=BTCUSDT-PERP.BINANCE, client_order_id=O-20240414-172040-001-140721678948536-18, venue_order_id=BINANCE-1-18, account_id=BINANCE-001, trade_id=T-397593b7ba6018fc-166336, position_id=P-20240414-172030-001-140721678948536-5, order_side=BUY, order_type=MARKET, last_qty=4.759, last_px=63_322.1 USDT, commission=180.80992434 USDT, liquidity_side=TAKER, ts_event=1713115240000000000)[0m
[1m2024-04-14T17:20:40.000000000Z[0m [INFO] TRADER-001.nautilus_portfolio::portfolio: BTCUSDT-PERP.BINANCE net_position=0[0m
[1m2024-04-14T17:20:40.000000000Z[0m [INFO] TRADER-001.nautilus_portfolio::manager: BTCUSDT-PERP.BINANCE margin_maint=0.00000000 USDT[0m
[1m2024-04-14T17:20:40.000000000Z[0m [INFO] TRADER-001.nautilus_portfolio::portfolio: Updated AccountState(account_id=BINANCE-001, account_type=MARGIN, base_currency=USDT, is_reported=false, balances=[AccountBalance(total=93114.67847502 USDT, locked=0.00000000 USDT, free=93114.67847502 USDT)], margins=[], event_id=ffd1d3fb-0103-4ba6-aefe-4f29164b6425)[0m
[1m2024-04-14T17:20:40.000000000Z[0m [INFO] TRADER-001.nautilus_trading::strategy: DataActor-140721678948536 <--[EVT] PositionClosed(PositionClosed { trader_id: "TRADER-001", strategy_id: "DataActor-140721678948536", instrument_id: "BTCUSDT-PERP.BINANCE", position_id: "P-20240414-172030-001-140721678948536-5", account_id: "BINANCE-001", opening_order_id: "O-20240414-172030-001-140721678948536-15", closing_order_id: Some("O-20240414-172040-001-140721678948536-18"), entry: Sell, side: Flat, signed_qty: 0.0, quantity: Quantity(0.000), peak_quantity: Quantity(4.759), last_qty: Quantity(4.759), last_px: Price(63322.1), currency: Currency(code='USDT', precision=8, iso4217=0, name='Tether', currency_type=CRYPTO), avg_px_open: 63269.9, avg_px_close: Some(63322.1), realized_return: -0.0008250368658714031, realized_pnl: Some(Money(-609.89059680, USDT)), unrealized_pnl: Money(0.00000000, USDT), duration: 10000000000, event_id: UUID4(7f980344-f0cd-492e-bb35-5e318cb4e015), ts_opened: UnixNanos(1713115230000000000), ts_closed: Some(UnixNanos(1713115240000000000)), ts_event: UnixNanos(1713115240000000000), ts_init: UnixNanos(1713115240000000000) })[0m
[1m2024-04-15T04:01:00.000000000Z[0m [INFO] TRADER-001.nautilus_system::kernel: Stopping trader...[0m
[1m2024-04-15T04:01:00.000000000Z[0m [INFO] TRADER-001.nautilus_system::trader: Stopping[0m
[1m2024-04-15T04:01:00.000000000Z[0m [INFO] TRADER-001.DataActor-140721678948536: Stopping[0m
[1m2024-04-15T04:01:00.000000000Z[0m [INFO] TRADER-001.nautilus_trading::strategy: No BTCUSDT-PERP.BINANCE open, emulated, or inflight orders to cancel[0m
[1m2024-04-15T04:01:00.000000000Z[0m [INFO] TRADER-001.DataActor-140721678948536: Stopped[0m
[1m2024-04-15T04:01:00.000000000Z[0m [INFO] TRADER-001.nautilus_system::trader: Stopped[0m
[1m2024-04-15T04:01:00.000000000Z[0m [INFO] TRADER-001.nautilus_risk::engine: Stopped[0m
[1m2024-04-15T04:01:00.000000000Z[0m [INFO] TRADER-001.nautilus_backtest::execution_client: Backtest execution client stopped[0m
[1m2024-04-15T04:01:00.000000000Z[0m [INFO] TRADER-001.nautilus_execution::engine: Stopped[0m
[1m2026-08-07T04:38:08.160738447Z[0m [36m[INFO] TRADER-001.nautilus_backtest::engine: =================================================================[0m
[1m2026-08-07T04:38:08.160743575Z[0m [36m[INFO] TRADER-001.nautilus_backtest::engine:  BACKTEST POST-RUN[0m
[1m2026-08-07T04:38:08.160746059Z[0m [36m[INFO] TRADER-001.nautilus_backtest::engine: =================================================================[0m
[1m2026-08-07T04:38:08.160746389Z[0m [INFO] TRADER-001.nautilus_backtest::engine: Run config ID:  None[0m
[1m2026-08-07T04:38:08.160747160Z[0m [INFO] TRADER-001.nautilus_backtest::engine: Run ID:         4bccfc79-3e15-4497-8f56-4736b5b19ee7[0m
[1m2026-08-07T04:38:08.160747821Z[0m [INFO] TRADER-001.nautilus_backtest::engine: Run started:    2026-08-07T04:38:07.694337212Z[0m
[1m2026-08-07T04:38:08.160748362Z[0m [INFO] TRADER-001.nautilus_backtest::engine: Run finished:   2026-08-07T04:38:08.160715793Z[0m
[1m2026-08-07T04:38:08.160748893Z[0m [INFO] TRADER-001.nautilus_backtest::engine: Elapsed time:   0 days 00:00:00.466378[0m
[1m2026-08-07T04:38:08.160749624Z[0m [INFO] TRADER-001.nautilus_backtest::engine: Backtest start: 2024-04-07T23:25:10.000000000Z[0m
[1m2026-08-07T04:38:08.160750004Z[0m [INFO] TRADER-001.nautilus_backtest::engine: Backtest end:   2024-04-15T04:01:00.000000000Z[0m
[1m2026-08-07T04:38:08.160750615Z[0m [INFO] TRADER-001.nautilus_backtest::engine: Backtest range: 7 days 04:35:50.000000[0m
[1m2026-08-07T04:38:08.160751056Z[0m [INFO] TRADER-001.nautilus_backtest::engine: Iterations: 72_514[0m
[1m2026-08-07T04:38:08.160751477Z[0m [INFO] TRADER-001.nautilus_backtest::engine: Total events: 46[0m
[1m2026-08-07T04:38:08.160751857Z[0m [INFO] TRADER-001.nautilus_backtest::engine: Total orders: 18[0m
[1m2026-08-07T04:38:08.160752338Z[0m [INFO] TRADER-001.nautilus_backtest::engine: Total positions: 5[0m
[1m2026-08-07T04:38:08.160781832Z[0m [36m[INFO] TRADER-001.nautilus_backtest::engine: =================================================================[0m
[1m2026-08-07T04:38:08.160783986Z[0m [36m[INFO] TRADER-001.nautilus_backtest::engine:  PORTFOLIO PERFORMANCE[0m
[1m2026-08-07T04:38:08.160784306Z[0m [36m[INFO] TRADER-001.nautilus_backtest::engine: =================================================================[0m
[1m2026-08-07T04:38:08.160785157Z[0m [INFO] TRADER-001.nautilus_backtest::engine:  PnL Statistics (USDT)[0m
[1m2026-08-07T04:38:08.160785929Z[0m [36m[INFO] TRADER-001.nautilus_backtest::engine: -----------------------------------------------------------------[0m
[1m2026-08-07T04:38:08.160833630Z[0m [INFO] TRADER-001.nautilus_backtest::engine: Avg Loser:                      -1377.06[0m
[1m2026-08-07T04:38:08.160838548Z[0m [INFO] TRADER-001.nautilus_backtest::engine: Avg Winner:                     NaN[0m
[1m2026-08-07T04:38:08.160838798Z[0m [INFO] TRADER-001.nautilus_backtest::engine: Expectancy:                     -1377.06[0m
[1m2026-08-07T04:38:08.160838988Z[0m [INFO] TRADER-001.nautilus_backtest::engine: Max Loser:                      -2887.51[0m
[1m2026-08-07T04:38:08.160839159Z[0m [INFO] TRADER-001.nautilus_backtest::engine: Max Winner:                     NaN[0m
[1m2026-08-07T04:38:08.160839339Z[0m [INFO] TRADER-001.nautilus_backtest::engine: Min Loser:                      -284.25[0m
[1m2026-08-07T04:38:08.160839519Z[0m [INFO] TRADER-001.nautilus_backtest::engine: Min Winner:                     NaN[0m
[1m2026-08-07T04:38:08.160840270Z[0m [INFO] TRADER-001.nautilus_backtest::engine: PnL (total):                    -6885.32[0m
[1m2026-08-07T04:38:08.160840571Z[0m [INFO] TRADER-001.nautilus_backtest::engine: PnL% (total):                   -6.89[0m
[1m2026-08-07T04:38:08.160840751Z[0m [INFO] TRADER-001.nautilus_backtest::engine: Win Rate:                       0.00[0m
[1m2026-08-07T04:38:08.160841242Z[0m [36m[INFO] TRADER-001.nautilus_backtest::engine: -----------------------------------------------------------------[0m
[1m2026-08-07T04:38:08.160841502Z[0m [INFO] TRADER-001.nautilus_backtest::engine:  Returns Statistics[0m
[1m2026-08-07T04:38:08.160841712Z[0m [36m[INFO] TRADER-001.nautilus_backtest::engine: -----------------------------------------------------------------[0m
[1m2026-08-07T04:38:08.160856895Z[0m [INFO] TRADER-001.nautilus_backtest::engine: Average (Return):               -0.00[0m
[1m2026-08-07T04:38:08.160857136Z[0m [INFO] TRADER-001.nautilus_backtest::engine: Average Loss (Return):          -0.01[0m
[1m2026-08-07T04:38:08.160857276Z[0m [INFO] TRADER-001.nautilus_backtest::engine: Average Win (Return):           0.00[0m
[1m2026-08-07T04:38:08.160857436Z[0m [INFO] TRADER-001.nautilus_backtest::engine: Profit Factor:                  0.01[0m
[1m2026-08-07T04:38:08.160857586Z[0m [INFO] TRADER-001.nautilus_backtest::engine: Returns Volatility (252 days):  0.11[0m
[1m2026-08-07T04:38:08.160857747Z[0m [INFO] TRADER-001.nautilus_backtest::engine: Risk Return Ratio:              -0.86[0m
[1m2026-08-07T04:38:08.160858207Z[0m [INFO] TRADER-001.nautilus_backtest::engine: Sharpe Ratio (252 days):        -13.66[0m
[1m2026-08-07T04:38:08.160858508Z[0m [INFO] TRADER-001.nautilus_backtest::engine: Sortino Ratio (252 days):       -11.19[0m
[1m2026-08-07T04:38:08.160859039Z[0m [36m[INFO] TRADER-001.nautilus_backtest::engine: -----------------------------------------------------------------[0m
[1m2026-08-07T04:38:08.160859429Z[0m [INFO] TRADER-001.nautilus_backtest::engine:  General Statistics[0m
[1m2026-08-07T04:38:08.160859619Z[0m [36m[INFO] TRADER-001.nautilus_backtest::engine: -----------------------------------------------------------------[0m
[1m2026-08-07T04:38:08.160862564Z[0m [INFO] TRADER-001.nautilus_backtest::engine: Long Ratio:                     0.4[0m
[1m2026-08-07T04:38:08.160862914Z[0m [36m[INFO] TRADER-001.nautilus_backtest::engine: -----------------------------------------------------------------[0m
[1m2026-08-07T04:38:08.604947293Z[0m [INFO] TRADER-001.nautilus_system::kernel: Disposing[0m
[1m2026-08-07T04:38:08.604968755Z[0m [INFO] TRADER-001.nautilus_system::trader: Disposing[0m
[1m2026-08-07T04:38:08.604972832Z[0m [INFO] TRADER-001.DataActor-140721678948536: Disposing[0m
[1m2026-08-07T04:38:08.604980773Z[0m [INFO] TRADER-001.DataActor-140721678948536: Disposed[0m
[1m2026-08-07T04:38:08.604990047Z[0m [INFO] TRADER-001.nautilus_system::trader: Disposed[0m
[1m2026-08-07T04:38:08.604993212Z[0m [INFO] TRADER-001.nautilus_backtest::execution_client: Backtest execution client stopped[0m
[1m2026-08-07T04:38:08.604995876Z[0m [INFO] TRADER-001.nautilus_execution::engine: Stopped[0m
[1m2026-08-07T04:38:08.604997439Z[0m [INFO] TRADER-001.nautilus_risk::engine: Stopped[0m
[1m2026-08-07T04:38:08.604998951Z[0m [INFO] TRADER-001.nautilus_execution::order_emulator::emulator: Stopped[0m
[1m2026-08-07T04:38:08.605003778Z[0m [INFO] TRADER-001.nautilus_execution::engine: Disposed[0m
[1m2026-08-07T04:38:08.605004309Z[0m [INFO] TRADER-001.nautilus_risk::engine: Disposed[0m
[1m2026-08-07T04:38:08.605006332Z[0m [INFO] TRADER-001.nautilus_execution::order_emulator::emulator: Disposed[0m
[1m2026-08-07T04:38:08.605050849Z[0m [INFO] TRADER-001.nautilus_common::cache: Reset cache[0m
[1m2026-08-07T04:38:08.605068986Z[0m [INFO] TRADER-001.nautilus_system::kernel: Disposed[0m
{"closed_trades": 5, "daily_geometric_growth": -0.01013943869757028, "final_nav_usdt": 93114.67847502, "first_window_gate_passed": false, "signals": 5, "window": "screen-01", "wins": 0}
{
  "ablation_modes": [
    "none"
  ],
  "auction_family_mode": "both",
  "candidate": "candidate-08-delayed-reacceptance-btc-nautilus-v1",
  "close_reasons": {
    "FILL_ADJUSTED_RISK_BUDGET_EXCEEDED": 3,
    "STRUCTURAL_STOP": 2
  },
  "closed_trades": 5,
  "combined_calendar_days": 7.0,
  "combined_daily_geometric_growth": -0.010139438697570391,
  "delayed_reacceptance_initial_mode": "remove_initial_initiative",
  "diagnostic_family_ablation": false,
  "diagnostic_initial_ablation": true,
  "event_chain_contract": "IDLE->INTERACTION_ARMED->INITIAL_OUTWARD_RESPONSE->BOUNDARY_RECLAIMED->CONFIRMED",
  "goal_daily_geometric_growth": 0.01,
  "goal_met": false,
  "implementation_revision": "CAUSAL_DELAYED_BOUNDARY_REACCEPTANCE_V3_COMPLETE_EVENT_CHAIN",
  "positive_trade_share": 0.0,
  "promotable": false,
  "realized_pnl_by_symbol": {
    "BTCUSDT": -6885.32152498
  },
  "realized_risk_breach_windows": 1,
  "risk_accounting_revision": "FILL_ADJUSTED_CAUSAL_STOP_RESERVE_V4_NEXT_COMPLETED_BAR_EXIT",
  "scenario_attribution_checks": {
    "all_closed_trades_attributed": true,
    "all_signals_attributed": true,
    "closed_trades_attributed": 5,
    "no_unclassified_closed_trades": true,
    "no_unclassified_signals": true,
    "reported_closed_trades": 5,
    "reported_signals": 5,
    "signals_attributed": 5
  },
  "scenario_attribution_passed": true,
  "scenario_family_results": {
    "DELAYED_BOUNDARY_REACCEPTANCE_CONTINUATION": {
      "close_reasons": {
        "FILL_ADJUSTED_RISK_BUDGET_EXCEEDED": 3,
        "STRUCTURAL_STOP": 2
      },
      "closed_trades": 5,
      "closed_trades_by_symbol": {
        "BTCUSDT": 5
      },
      "losses": 5,
      "realized_pnl_usdt": -6885.32152498,
      "signals": 5,
      "win_rate": 0.0,
      "wins": 0
    },
    "UNUSED_DELAYED_REACCEPTANCE_FAMILY": {
      "close_reasons": {},
      "closed_trades": 0,
      "closed_trades_by_symbol": {},
      "losses": 0,
      "realized_pnl_usdt": 0.0,
      "signals": 0,
      "win_rate": 0.0,
      "wins": 0
    }
  },
  "single_asset_positive_pnl_share": 0.0,
  "single_family_attribution_passed": true,
  "single_scenario_family": "DELAYED_BOUNDARY_REACCEPTANCE_CONTINUATION",
  "single_trade_positive_pnl_share": 0.0,
  "suite": "first",
  "suite_gate_checks": {
    "all_signal_times_processed": true,
    "all_submitted_entries_observed": true,
    "base_contract_includes_both_auction_families": true,
    "base_contract_not_ablated": true,
    "base_initial_initiative_required": false,
    "closed_trades_matched_to_intents": true,
    "complete_auction_scenario_attribution": true,
    "complete_post_run_trade_path_diagnostics": true,
    "cost_after_total_return_positive": false,
    "entry_causality": true,
    "fill_adjusted_loss_budget_respected": false,
    "fill_adjusted_risk_budget_respected": false,
    "funding_cost_state_is_causal_and_complete": true,
    "minimum_closed_trades": true,
    "no_execution_failures": false,
    "no_realized_risk_budget_breach": false,
    "no_residual_exposure": true,
    "no_unexpected_or_liquidation_closes": true,
    "planned_risk_budget_respected": true,
    "position_exit_causality": true,
    "realized_loss_budget_respected": true,
    "single_delayed_reacceptance_family_attributed": true
  },
  "suite_gate_passed": false,
  "symbols_with_closed_trades": [
    "BTCUSDT"
  ],
  "ten_second_cadence_contract": "EXACT_CONSECUTIVE_10_SECONDS",
  "trade_path_diagnostic_revision": "POST_RUN_STRUCTURAL_PATH_COMPLETE_HORIZON_V2",
  "trade_path_diagnostic_summary": {
    "actual_holding_first_touch_counts": {
      "NONE_WITHIN_HORIZON": 3,
      "STOP": 2
    },
    "allowed_structural_first_touch_values": [
      "TARGET",
      "STOP",
      "AMBIGUOUS_SAME_BUCKET",
      "NONE_WITHIN_HORIZON"
    ],
    "complete_records": 5,
    "diagnostic_revision_counts": {
      "POST_RUN_STRUCTURAL_PATH_COMPLETE_HORIZON_V2": 5
    },
    "expected_diagnostic_revision": "POST_RUN_STRUCTURAL_PATH_COMPLETE_HORIZON_V2",
    "mean_actual_holding_adverse_stop_fraction": 0.47794248088297875,
    "mean_actual_holding_favorable_target_fraction": 0.10217206835684212,
    "records": 5,
    "status_counts": {
      "COMPLETE": 5
    },
    "structural_first_touch_counts": {
      "NONE_WITHIN_HORIZON": 2,
      "STOP": 3
    },
    "target_after_actual_close_count": 0,
    "target_after_invalidation_count": 0
  },
  "window_results": [
    {
      "closed_trades": 5,
      "daily_geometric_growth": -0.01013943869757028,
      "final_nav_usdt": 93114.67847502,
      "first_window_gate_passed": false,
      "maximum_realized_equity_drawdown": 0.06885321524979993,
      "name": "screen-01",
      "total_return": -0.06885321524979993,
      "win_rate": 0.0,
      "wins": 0
    }
  ],
  "windows": [
    {
      "end": "2024-04-15T00:00:00Z",
      "name": "screen-01",
      "start": "2024-04-08T00:00:00Z"
    }
  ],
  "wins": 0
}
{
  "ablation_evaluation": {
    "economic_checks": {
      "all_signal_times_processed": true,
      "all_submitted_entries_observed": true,
      "base_contract_not_ablated": true,
      "closed_trades_matched_to_intents": true,
      "complete_auction_scenario_attribution": true,
      "complete_post_run_trade_path_diagnostics": true,
      "cost_after_total_return_positive": false,
      "entry_causality": true,
      "fill_adjusted_loss_budget_respected": false,
      "fill_adjusted_risk_budget_respected": false,
      "funding_cost_state_is_causal_and_complete": true,
      "minimum_closed_trades": true,
      "no_execution_failures": false,
      "no_realized_risk_budget_breach": false,
      "no_residual_exposure": true,
      "no_unexpected_or_liquidation_closes": true,
      "planned_risk_budget_respected": true,
      "position_exit_causality": true,
      "realized_loss_budget_respected": true,
      "single_delayed_reacceptance_family_attributed": true
    },
    "economic_checks_passed": false,
    "evidence_contract_checks": {
      "checks_are_mapping": true,
      "diagnostic_flag_true": true,
      "economic_check_set_nonempty": true,
      "implementation_revision_exact": true,
      "initial_mode_exact": true,
      "not_promotable": true,
      "path_complete_count_exact": true,
      "path_record_count_exact": true,
      "path_summary_present": true,
      "scenario_attribution_complete": true,
      "single_family_attributed": true,
      "suite_exact": true,
      "suite_gate_closed": true
    },
    "evidence_contract_passed": true,
    "expected_initial_mode": "remove_initial_initiative",
    "expected_suite": "first",
    "new_base_rebuild_supported": false,
    "promotion_permitted": false
  },
  "ablation_new_base_rebuild_supported": false,
  "ablation_runner_status": 0,
  "ablation_selected": true,
  "ablation_selection": {
    "diagnostic_initial_mode": "remove_initial_initiative",
    "promotion_permitted": false,
    "removed_variable": "INITIAL_INITIATIVE_RESPONSE_STATE_REQUIREMENT",
    "retained_conditions": [
      "outward_flow_direction",
      "outside_boundary_close",
      "boundary_reclaim",
      "separate_outward_initiative_reacceptance",
      "counter_auction_break",
      "structural_stop",
      "active_completed_external_target",
      "costs_and_funding",
      "shared_nav_three_percent_sizing"
    ]
  },
  "ablation_summary": {
    "closed_trades": 5,
    "combined_daily_geometric_growth": -0.010139438697570391,
    "delayed_reacceptance_initial_mode": "remove_initial_initiative",
    "implementation_revision": "CAUSAL_DELAYED_BOUNDARY_REACCEPTANCE_V3_COMPLETE_EVENT_CHAIN",
    "path": "/__w/SMC_ICT_4_LIVE/SMC_ICT_4_LIVE/research/candidate-08/evidence/delayed-reacceptance-nautilus-v1/first-diagnostic-remove-initial-v1/suite_metrics.json",
    "scenario_family_results": {
      "DELAYED_BOUNDARY_REACCEPTANCE_CONTINUATION": {
        "close_reasons": {
          "FILL_ADJUSTED_RISK_BUDGET_EXCEEDED": 3,
          "STRUCTURAL_STOP": 2
        },
        "closed_trades": 5,
        "closed_trades_by_symbol": {
          "BTCUSDT": 5
        },
        "losses": 5,
        "realized_pnl_usdt": -6885.32152498,
        "signals": 5,
        "win_rate": 0.0,
        "wins": 0
      },
      "UNUSED_DELAYED_REACCEPTANCE_FAMILY": {
        "close_reasons": {},
        "closed_trades": 0,
        "closed_trades_by_symbol": {},
        "losses": 0,
        "realized_pnl_usdt": 0.0,
        "signals": 0,
        "win_rate": 0.0,
        "wins": 0
      }
    },
    "sha256": "85bd9371f0a7146496da3e6a8cfeb30c42684e82cc4bdff35feef7e4c1bb8004",
    "suite": "first",
    "suite_gate_passed": false,
    "trade_path_diagnostic_summary": {
      "actual_holding_first_touch_counts": {
        "NONE_WITHIN_HORIZON": 3,
        "STOP": 2
      },
      "allowed_structural_first_touch_values": [
        "TARGET",
        "STOP",
        "AMBIGUOUS_SAME_BUCKET",
        "NONE_WITHIN_HORIZON"
      ],
      "complete_records": 5,
      "diagnostic_revision_counts": {
        "POST_RUN_STRUCTURAL_PATH_COMPLETE_HORIZON_V2": 5
      },
      "expected_diagnostic_revision": "POST_RUN_STRUCTURAL_PATH_COMPLETE_HORIZON_V2",
      "mean_actual_holding_adverse_stop_fraction": 0.47794248088297875,
      "mean_actual_holding_favorable_target_fraction": 0.10217206835684212,
      "records": 5,
      "status_counts": {
        "COMPLETE": 5
      },
      "structural_first_touch_counts": {
        "NONE_WITHIN_HORIZON": 2,
        "STOP": 3
      },
      "target_after_actual_close_count": 0,
      "target_after_invalidation_count": 0
    },
    "wins": 0
  },
  "base_initial_mode": "initiative_required",
  "candidate": "candidate-08-delayed-reacceptance-btc-nautilus-v1",
  "decision": "SINGLE_ABLATION_FAILED_DISCARD_DELAYED_REACCEPTANCE_V1",
  "first_evidence_contract_errors": [],
  "first_gate_passed": false,
  "first_runner_status": 0,
  "first_summary": {
    "closed_trades": 1,
    "combined_daily_geometric_growth": -0.004060766971911933,
    "delayed_reacceptance_initial_mode": "initiative_required",
    "implementation_revision": "CAUSAL_DELAYED_BOUNDARY_REACCEPTANCE_V3_COMPLETE_EVENT_CHAIN",
    "path": "/__w/SMC_ICT_4_LIVE/SMC_ICT_4_LIVE/research/candidate-08/evidence/delayed-reacceptance-nautilus-v1/first-v1/suite_metrics.json",
    "scenario_family_results": {
      "DELAYED_BOUNDARY_REACCEPTANCE_CONTINUATION": {
        "close_reasons": {
          "STRUCTURAL_STOP": 1
        },
        "closed_trades": 1,
        "closed_trades_by_symbol": {
          "BTCUSDT": 1
        },
        "losses": 1,
        "realized_pnl_usdt": -2808.14165604,
        "signals": 1,
        "win_rate": 0.0,
        "wins": 0
      },
      "UNUSED_DELAYED_REACCEPTANCE_FAMILY": {
        "close_reasons": {},
        "closed_trades": 0,
        "closed_trades_by_symbol": {},
        "losses": 0,
        "realized_pnl_usdt": 0.0,
        "signals": 0,
        "win_rate": 0.0,
        "wins": 0
      }
    },
    "sha256": "91ac773ed6017259cb80c438aeba4ee82290afefb371ff35dbacdf5644a7ce0b",
    "suite": "first",
    "suite_gate_passed": false,
    "trade_path_diagnostic_summary": {
      "actual_holding_first_touch_counts": {
        "STOP": 1
      },
      "allowed_structural_first_touch_values": [
        "TARGET",
        "STOP",
        "AMBIGUOUS_SAME_BUCKET",
        "NONE_WITHIN_HORIZON"
      ],
      "complete_records": 1,
      "diagnostic_revision_counts": {
        "POST_RUN_STRUCTURAL_PATH_COMPLETE_HORIZON_V2": 1
      },
      "expected_diagnostic_revision": "POST_RUN_STRUCTURAL_PATH_COMPLETE_HORIZON_V2",
      "mean_actual_holding_adverse_stop_fraction": 1.042675698560537,
      "mean_actual_holding_favorable_target_fraction": 0.21764112903225954,
      "records": 1,
      "status_counts": {
        "COMPLETE": 1
      },
      "structural_first_touch_counts": {
        "STOP": 1
      },
      "target_after_actual_close_count": 0,
      "target_after_invalidation_count": 0
    },
    "wins": 0
  },
  "git_sha": "c6c2887b460b458edc6cc2543152db3280a6d7a1",
  "implementation_revision": "CAUSAL_DELAYED_BOUNDARY_REACCEPTANCE_V3_COMPLETE_EVENT_CHAIN",
  "promotion_permitted_from_ablation": false,
  "protocol_revision": "DELAYED_REACCEPTANCE_STAGED_VALIDATION_V1",
  "screen_gate_passed": false,
  "screen_runner_status": null
}
