trader_id,strategy_id,instrument_id,venue_order_id,position_id,account_id,last_trade_id,type,side,quantity,time_in_force,is_reduce_only,is_quote_quantity,filled_qty,liquidity_side,avg_px,slippage,commissions,emulation_trigger,status,contingency_type,order_list_id,linked_order_ids,parent_order_id,exec_algorithm_id,exec_algorithm_params,exec_spawn_id,tags,init_id,ts_init,ts_last,trigger_price,trigger_type,expire_time_ns,trigger_instrument_id,price,is_post_only,display_qty
BACKTESTER-001,LRBStrategy-000,BTCUSDT-PERP.BINANCE,BINANCE-1-001,BTCUSDT-PERP.BINANCE-LRBStrategy-000,BINANCE-001,T-d4fde5de8b244752-1677,MARKET,BUY,23.908,GTC,False,False,23.908,TAKER,51344.1,0.0,['859.27431996 USDT'],NO_TRIGGER,FILLED,OTO,OL-20240226-082000-001-000-1,"['O-20240226-082000-001-000-2', 'O-20240226-082000-001-000-3']",,,,,"['scenario=LRB-1708935480000000000-000032', 'family=SRR']",4ef5b058-c2bd-467c-acfd-0043f030105f,2024-02-26 08:20:00+00:00,2024-02-26 08:20:00+00:00,,,,,,,
BACKTESTER-001,LRBStrategy-000,BTCUSDT-PERP.BINANCE,BINANCE-1-002,BTCUSDT-PERP.BINANCE-LRBStrategy-000,BINANCE-001,T-3357c93af308f3eb-1783,STOP_MARKET,SELL,23.908,GTC,True,False,23.908,TAKER,51290.5,0.09999999999854481,['858.37729180 USDT'],NO_TRIGGER,FILLED,OUO,OL-20240226-082000-001-000-1,['O-20240226-082000-001-000-3'],O-20240226-082000-001-000-1,,,,"['scenario=LRB-1708935480000000000-000032', 'family=SRR']",680e087e-4747-4996-bbd9-ab136d4e76cf,2024-02-26 08:20:00+00:00,2024-02-26 08:53:00+00:00,51290.6,DEFAULT,,,,,
BACKTESTER-001,LRBStrategy-000,BTCUSDT-PERP.BINANCE,BINANCE-1-004,BTCUSDT-PERP.BINANCE-LRBStrategy-000,BINANCE-001,T-d18219dbab369c69-1862,MARKET,BUY,17.418,GTC,False,False,17.418,TAKER,51316.0,0.0,['625.67546160 USDT'],NO_TRIGGER,FILLED,OTO,OL-20240226-091600-001-000-2,"['O-20240226-091600-001-000-5', 'O-20240226-091600-001-000-6']",,,,,"['scenario=LRB-1708938840000000000-000034', 'family=SRR']",c95d21a4-b902-4293-a4fa-71681cdca1fa,2024-02-26 09:16:00+00:00,2024-02-26 09:16:00+00:00,,,,,,,
BACKTESTER-001,LRBStrategy-000,BTCUSDT-PERP.BINANCE,BINANCE-1-005,BTCUSDT-PERP.BINANCE-LRBStrategy-000,BINANCE-001,T-1458f1afd1b28acc-1871,STOP_MARKET,SELL,17.418,GTC,True,False,17.418,TAKER,51220.700000000004,0.09999999999854481,['624.51350682 USDT'],NO_TRIGGER,FILLED,OUO,OL-20240226-091600-001-000-2,['O-20240226-091600-001-000-6'],O-20240226-091600-001-000-4,,,,"['scenario=LRB-1708938840000000000-000034', 'family=SRR']",cad83203-8c57-4072-8c65-83a99e5abcd8,2024-02-26 09:16:00+00:00,2024-02-26 09:19:00+00:00,51220.8,DEFAULT,,,,,
BACKTESTER-001,LRBStrategy-000,BTCUSDT-PERP.BINANCE,BINANCE-1-007,BTCUSDT-PERP.BINANCE-LRBStrategy-000,BINANCE-001,T-5e855b372e1a2336-1927,MARKET,BUY,30.328,GTC,False,False,30.328,TAKER,51094.30567132684,0.0,['1084.71167168 USDT'],NO_TRIGGER,FILLED,OTO,OL-20240226-093300-001-000-3,"['O-20240226-093300-001-000-8', 'O-20240226-093300-001-000-9']",,,,,"['scenario=LRB-1708939860000000000-000036', 'family=SRR']",13a0bf75-7565-4464-9a0c-2637ee4ef25e,2024-02-26 09:33:00+00:00,2024-02-26 09:33:00+00:00,,,,,,,
BACKTESTER-001,LRBStrategy-000,BTCUSDT-PERP.BINANCE,BINANCE-1-008,BTCUSDT-PERP.BINANCE-LRBStrategy-000,BINANCE-001,T-7e9ebf856338bc8c-1931,STOP_MARKET,SELL,30.328,GTC,True,False,30.328,TAKER,51072.700000000004,0.09999999999854481,['1084.25299192 USDT'],NO_TRIGGER,FILLED,OUO,OL-20240226-093300-001-000-3,['O-20240226-093300-001-000-9'],O-20240226-093300-001-000-7,,,,"['scenario=LRB-1708939860000000000-000036', 'family=SRR']",4ef0f36f-b3d3-4a9d-a249-a2b6e8041838,2024-02-26 09:33:00+00:00,2024-02-26 09:34:00+00:00,51072.8,DEFAULT,,,,,
BACKTESTER-001,LRBStrategy-000,BTCUSDT-PERP.BINANCE,BINANCE-1-010,BTCUSDT-PERP.BINANCE-LRBStrategy-000,BINANCE-001,T-4a0a23837b6a9b58-2132,MARKET,SELL,20.126,GTC,False,False,20.126,TAKER,51208.1,0.0,['721.42995442 USDT'],NO_TRIGGER,FILLED,OTO,OL-20240226-102800-001-000-4,"['O-20240226-102800-001-000-11', 'O-20240226-102800-001-000-12']",,,,,"['scenario=LRB-1708943160000000000-000042', 'family=SRR']",9220049d-202d-400f-b6d1-c927702067f8,2024-02-26 10:28:00+00:00,2024-02-26 10:28:00+00:00,,,,,,,
BACKTESTER-001,LRBStrategy-000,BTCUSDT-PERP.BINANCE,BINANCE-1-011,BTCUSDT-PERP.BINANCE-LRBStrategy-000,BINANCE-001,T-a31c26d2bc65392a-2176,STOP_MARKET,BUY,20.126,GTC,True,False,20.126,TAKER,51272.4,0.09999999999854481,['722.33582568 USDT'],NO_TRIGGER,FILLED,OUO,OL-20240226-102800-001-000-4,['O-20240226-102800-001-000-12'],O-20240226-102800-001-000-10,,,,"['scenario=LRB-1708943160000000000-000042', 'family=SRR']",2914dab5-ae65-4fc5-ac70-9a4b7dbe0e6d,2024-02-26 10:28:00+00:00,2024-02-26 10:40:00+00:00,51272.3,DEFAULT,,,,,
BACKTESTER-001,LRBStrategy-000,BTCUSDT-PERP.BINANCE,BINANCE-1-013,BTCUSDT-PERP.BINANCE-LRBStrategy-000,BINANCE-001,T-a01c88d9bf401c6c-2184,MARKET,SELL,25.283,GTC,False,False,25.283,TAKER,51247.29931970098,0.0,['906.97982809 USDT'],NO_TRIGGER,FILLED,OTO,OL-20240226-104200-001-000-5,"['O-20240226-104200-001-000-14', 'O-20240226-104200-001-000-15']",,,,,"['scenario=LRB-1708944000000000000-000043', 'family=SRR']",b809150a-c727-47fa-a638-fc7aee90eee4,2024-02-26 10:42:00+00:00,2024-02-26 10:42:00+00:00,,,,,,,
BACKTESTER-001,LRBStrategy-000,BTCUSDT-PERP.BINANCE,BINANCE-1-014,BTCUSDT-PERP.BINANCE-LRBStrategy-000,BINANCE-001,T-7e2589138926ce58-2232,STOP_MARKET,BUY,25.283,GTC,True,False,25.283,TAKER,51280.6,0.09999999999854481,['907.56918686 USDT'],NO_TRIGGER,FILLED,OUO,OL-20240226-104200-001-000-5,['O-20240226-104200-001-000-15'],O-20240226-104200-001-000-13,,,,"['scenario=LRB-1708944000000000000-000043', 'family=SRR']",71b0dd37-3e86-4ed1-9e8c-f2c8902cb463,2024-02-26 10:42:00+00:00,2024-02-26 10:56:00+00:00,51280.5,DEFAULT,,,,,
BACKTESTER-001,LRBStrategy-000,BTCUSDT-PERP.BINANCE,BINANCE-1-016,BTCUSDT-PERP.BINANCE-LRBStrategy-000,BINANCE-001,T-4587ae23ccbc6536-3113,MARKET,SELL,27.496,GTC,False,False,27.496,TAKER,51734.8,0.0,['995.75004256 USDT'],NO_TRIGGER,FILLED,OTO,OL-20240226-150100-001-000-6,"['O-20240226-150100-001-000-17', 'O-20240226-150100-001-000-18']",,,,,"['scenario=LRB-1708959540000000000-000065', 'family=SRR']",2ba5ff1c-d82e-40b8-a841-3c4d2864ae9d,2024-02-26 15:01:00+00:00,2024-02-26 15:01:00+00:00,,,,,,,
BACKTESTER-001,LRBStrategy-000,BTCUSDT-PERP.BINANCE,BINANCE-1-017,BTCUSDT-PERP.BINANCE-LRBStrategy-000,BINANCE-001,T-de1ecf2a278c4a31-3117,STOP_MARKET,BUY,27.496,GTC,True,False,27.496,TAKER,51756.0,0.09999999999854481,['996.15808320 USDT'],NO_TRIGGER,FILLED,OUO,OL-20240226-150100-001-000-6,['O-20240226-150100-001-000-18'],O-20240226-150100-001-000-16,,,,"['scenario=LRB-1708959540000000000-000065', 'family=SRR']",65e9fe21-f04a-4192-96c6-41e88ffdfb34,2024-02-26 15:01:00+00:00,2024-02-26 15:02:00+00:00,51755.9,DEFAULT,,,,,
BACKTESTER-001,LRBStrategy-000,BTCUSDT-PERP.BINANCE,BINANCE-1-019,BTCUSDT-PERP.BINANCE-LRBStrategy-000,BINANCE-001,T-0a610c81d7f73a21-3359,MARKET,SELL,22.973,GTC,False,False,22.973,TAKER,52919.7,0.0,['851.00698767 USDT'],NO_TRIGGER,FILLED,OTO,OL-20240226-160400-001-000-7,"['O-20240226-160400-001-000-20', 'O-20240226-160400-001-000-21']",,,,,"['scenario=LRB-1708963320000000000-000071', 'family=SRR']",77cef3be-03d4-4f31-a917-1879c2f341d6,2024-02-26 16:04:00+00:00,2024-02-26 16:04:00+00:00,,,,,,,
BACKTESTER-001,LRBStrategy-000,BTCUSDT-PERP.BINANCE,BINANCE-1-020,BTCUSDT-PERP.BINANCE-LRBStrategy-000,BINANCE-001,T-c42037aaf0c5530a-3367,STOP_MARKET,BUY,22.973,GTC,True,False,22.973,TAKER,52954.4,0.09999999999854481,['851.56500184 USDT'],NO_TRIGGER,FILLED,OUO,OL-20240226-160400-001-000-7,['O-20240226-160400-001-000-21'],O-20240226-160400-001-000-19,,,,"['scenario=LRB-1708963320000000000-000071', 'family=SRR']",01f0a494-2ffe-4c09-9529-05d00743451f,2024-02-26 16:04:00+00:00,2024-02-26 16:06:00+00:00,52954.3,DEFAULT,,,,,
BACKTESTER-001,LRBStrategy-000,BTCUSDT-PERP.BINANCE,BINANCE-1-022,BTCUSDT-PERP.BINANCE-LRBStrategy-000,BINANCE-001,T-71ab434628d8a59b-3830,MARKET,SELL,16.696,GTC,False,False,16.696,TAKER,53578.899999999994,0.0,['626.18732008 USDT'],NO_TRIGGER,FILLED,OTO,OL-20240226-180700-001-000-8,"['O-20240226-180700-001-000-23', 'O-20240226-180700-001-000-24']",,,,,"['scenario=LRB-1708970700000000000-000078', 'family=SRR']",de8f45bc-4a85-407d-a2bf-a7f4d0e1c950,2024-02-26 18:07:00+00:00,2024-02-26 18:07:00+00:00,,,,,,,
BACKTESTER-001,LRBStrategy-000,BTCUSDT-PERP.BINANCE,BINANCE-1-023,BTCUSDT-PERP.BINANCE-LRBStrategy-000,BINANCE-001,T-91ca1a4f6b77bdb0-3917,STOP_MARKET,BUY,16.696,GTC,True,False,16.696,TAKER,53649.0,0.10000000000582077,['627.00659280 USDT'],NO_TRIGGER,FILLED,OUO,OL-20240226-180700-001-000-8,['O-20240226-180700-001-000-24'],O-20240226-180700-001-000-22,,,,"['scenario=LRB-1708970700000000000-000078', 'family=SRR']",4fc13a23-332c-4551-b2fe-1842dbe43aef,2024-02-26 18:07:00+00:00,2024-02-26 18:30:00+00:00,53648.9,DEFAULT,,,,,
BACKTESTER-001,LRBStrategy-000,BTCUSDT-PERP.BINANCE,BINANCE-1-025,BTCUSDT-PERP.BINANCE-LRBStrategy-000,BINANCE-001,T-a84f2dbed3f0c21e-4003,MARKET,SELL,24.873,GTC,False,False,24.873,TAKER,53638.3,0.0,['933.90180513 USDT'],NO_TRIGGER,FILLED,OTO,OL-20240226-185400-001-000-9,"['O-20240226-185400-001-000-26', 'O-20240226-185400-001-000-27']",,,,,"['scenario=LRB-1708973520000000000-000081', 'family=SRR']",5c37ab29-ffb6-408a-8f02-b47c962e8768,2024-02-26 18:54:00+00:00,2024-02-26 18:54:00+00:00,,,,,,,
BACKTESTER-001,LRBStrategy-000,BTCUSDT-PERP.BINANCE,BINANCE-1-026,BTCUSDT-PERP.BINANCE-LRBStrategy-000,BINANCE-001,T-fbad5c4f53dffb21-4076,STOP_MARKET,BUY,24.873,GTC,True,False,24.873,TAKER,53657.7,0.09999999999854481,['934.23958047 USDT'],NO_TRIGGER,FILLED,OUO,OL-20240226-185400-001-000-9,['O-20240226-185400-001-000-27'],O-20240226-185400-001-000-25,,,,"['scenario=LRB-1708973520000000000-000081', 'family=SRR']",02f55da1-1273-4795-9fd8-c24c21273f5c,2024-02-26 18:54:00+00:00,2024-02-26 19:13:00+00:00,53657.6,DEFAULT,,,,,
BACKTESTER-001,LRBStrategy-000,BTCUSDT-PERP.BINANCE,BINANCE-1-028,BTCUSDT-PERP.BINANCE-LRBStrategy-000,BINANCE-001,T-e3e69fa976e15af6-4125,MARKET,SELL,14.326,GTC,False,False,14.326,TAKER,54435.100000000006,0.0,['545.88606982 USDT'],NO_TRIGGER,FILLED,OTO,OL-20240226-192500-001-000-10,"['O-20240226-192500-001-000-29', 'O-20240226-192500-001-000-30']",,,,,"['scenario=LRB-1708975380000000000-000083', 'family=SRR']",3358c2c4-1046-4ce9-bd7b-a1384ffcd6a8,2024-02-26 19:25:00+00:00,2024-02-26 19:25:00+00:00,,,,,,,
BACKTESTER-001,LRBStrategy-000,BTCUSDT-PERP.BINANCE,BINANCE-1-029,BTCUSDT-PERP.BINANCE-LRBStrategy-000,BINANCE-001,T-96b1a824161018dc-4176,STOP_MARKET,BUY,14.326,GTC,True,False,14.326,TAKER,54518.0,0.09999999999854481,['546.71740760 USDT'],NO_TRIGGER,FILLED,OUO,OL-20240226-192500-001-000-10,['O-20240226-192500-001-000-30'],O-20240226-192500-001-000-28,,,,"['scenario=LRB-1708975380000000000-000083', 'family=SRR']",b9ec2ec4-7db7-4566-b261-d8e2398fe8a0,2024-02-26 19:25:00+00:00,2024-02-26 19:38:00+00:00,54517.9,DEFAULT,,,,,
BACKTESTER-001,LRBStrategy-000,BTCUSDT-PERP.BINANCE,BINANCE-1-031,BTCUSDT-PERP.BINANCE-LRBStrategy-000,BINANCE-001,T-eff26af3c92ddce2-4186,MARKET,SELL,10.046,GTC,False,False,10.046,TAKER,54401.7,0.0,['382.56363474 USDT'],NO_TRIGGER,FILLED,OTO,OL-20240226-194000-001-000-11,"['O-20240226-194000-001-000-32', 'O-20240226-194000-001-000-33']",,,,,"['scenario=LRB-1708976280000000000-000084', 'family=SRR']",91c6d576-786f-481c-aa35-5de11a1df80f,2024-02-26 19:40:00+00:00,2024-02-26 19:40:00+00:00,,,,,,,
BACKTESTER-001,LRBStrategy-000,BTCUSDT-PERP.BINANCE,BINANCE-1-032,BTCUSDT-PERP.BINANCE-LRBStrategy-000,BINANCE-001,T-1549e1bd9c0b1923-4206,STOP_MARKET,BUY,10.046,GTC,True,False,10.046,TAKER,54545.6,0.09999999999854481,['383.57556832 USDT'],NO_TRIGGER,FILLED,OUO,OL-20240226-194000-001-000-11,['O-20240226-194000-001-000-33'],O-20240226-194000-001-000-31,,,,"['scenario=LRB-1708976280000000000-000084', 'family=SRR']",088dc593-b359-4f49-9b91-b566978d6ec0,2024-02-26 19:40:00+00:00,2024-02-26 19:45:00+00:00,54545.5,DEFAULT,,,,,
BACKTESTER-001,LRBStrategy-000,BTCUSDT-PERP.BINANCE,BINANCE-1-034,BTCUSDT-PERP.BINANCE-LRBStrategy-000,BINANCE-001,T-d045bcbb14158bea-4426,MARKET,SELL,12.553,GTC,False,False,12.553,TAKER,54525.9,0.0,['479.12453589 USDT'],NO_TRIGGER,FILLED,OTO,OL-20240226-204200-001-000-12,"['O-20240226-204200-001-000-35', 'O-20240226-204200-001-000-36']",,,,,"['scenario=LRB-1708980000000000000-000088', 'family=SRR']",091ba1ff-2f68-484f-b245-ad915b99508b,2024-02-26 20:42:00+00:00,2024-02-26 20:42:00+00:00,,,,,,,
BACKTESTER-001,LRBStrategy-000,BTCUSDT-PERP.BINANCE,BINANCE-1-035,BTCUSDT-PERP.BINANCE-LRBStrategy-000,BINANCE-001,T-b8fa7eb2d8165699-4437,STOP_MARKET,BUY,12.553,GTC,True,False,12.553,TAKER,54620.4,0.09999999999854481,['479.95491684 USDT'],NO_TRIGGER,FILLED,OUO,OL-20240226-204200-001-000-12,['O-20240226-204200-001-000-36'],O-20240226-204200-001-000-34,,,,"['scenario=LRB-1708980000000000000-000088', 'family=SRR']",69e9844c-110a-4774-a465-82d8ce2f21f5,2024-02-26 20:42:00+00:00,2024-02-26 20:45:00+00:00,54620.3,DEFAULT,,,,,
BACKTESTER-001,LRBStrategy-000,BTCUSDT-PERP.BINANCE,BINANCE-1-037,BTCUSDT-PERP.BINANCE-LRBStrategy-000,BINANCE-001,T-fd4875ef196f85fd-4467,MARKET,SELL,18.271,GTC,False,False,18.271,TAKER,54679.2,0.0,['699.33056424 USDT'],NO_TRIGGER,FILLED,OTO,OL-20240226-205200-001-000-13,"['O-20240226-205200-001-000-38', 'O-20240226-205200-001-000-39']",,,,,"['scenario=LRB-1708980600000000000-000090', 'family=SRR']",7d49cd40-7a50-4577-ae44-af7fe4eec9f3,2024-02-26 20:52:00+00:00,2024-02-26 20:52:00+00:00,,,,,,,
BACKTESTER-001,LRBStrategy-000,BTCUSDT-PERP.BINANCE,BINANCE-1-038,BTCUSDT-PERP.BINANCE-LRBStrategy-000,BINANCE-001,T-f39f04a93aa44a59-4639,STOP_MARKET,BUY,18.271,GTC,True,False,18.271,TAKER,54716.5,0.09999999999854481,['699.80762005 USDT'],NO_TRIGGER,FILLED,OUO,OL-20240226-205200-001-000-13,['O-20240226-205200-001-000-39'],O-20240226-205200-001-000-37,,,,"['scenario=LRB-1708980600000000000-000090', 'family=SRR']",8d7d0170-dd7f-479b-8afb-71e6f1ee09f5,2024-02-26 20:52:00+00:00,2024-02-26 21:38:00+00:00,54716.4,DEFAULT,,,,,
BACKTESTER-001,LRBStrategy-000,BTCUSDT-PERP.BINANCE,BINANCE-1-040,BTCUSDT-PERP.BINANCE-LRBStrategy-000,BINANCE-001,T-650162ab2271e644-4793,MARKET,SELL,15.507,GTC,False,False,15.507,TAKER,54805.100000000006,0.0,['594.90387999 USDT'],NO_TRIGGER,FILLED,OTO,OL-20240226-221800-001-000-14,"['O-20240226-221800-001-000-41', 'O-20240226-221800-001-000-42']",,,,,"['scenario=LRB-1708985760000000000-000094', 'family=SRR']",d1fd4533-9e3a-4e75-aa86-69cf3cb2ed21,2024-02-26 22:18:00+00:00,2024-02-26 22:18:00+00:00,,,,,,,
BACKTESTER-001,LRBStrategy-000,BTCUSDT-PERP.BINANCE,BINANCE-1-042,BTCUSDT-PERP.BINANCE-LRBStrategy-000,BINANCE-001,T-89f5888ad75a3fe4-4818,LIMIT,BUY,15.507,GTC,True,False,15.507,MAKER,54585.8,0.10000000000582077,['592.52340042 USDT'],NO_TRIGGER,FILLED,OUO,OL-20240226-221800-001-000-14,['O-20240226-221800-001-000-41'],O-20240226-221800-001-000-40,,,,"['scenario=LRB-1708985760000000000-000094', 'family=SRR']",feeb8a0d-30ba-41c0-bcf2-688dd9c0a8fe,2024-02-26 22:18:00+00:00,2024-02-26 22:26:00+00:00,,,,,54585.7,True,
BACKTESTER-001,LRBStrategy-000,BTCUSDT-PERP.BINANCE,BINANCE-1-043,BTCUSDT-PERP.BINANCE-LRBStrategy-000,BINANCE-001,T-d4092edb918d2be6-4872,MARKET,BUY,21.705,GTC,False,False,21.705,TAKER,54546.54663441604,0.0,['828.75295629 USDT'],NO_TRIGGER,FILLED,OTO,OL-20240226-224000-001-000-15,"['O-20240226-224000-001-000-44', 'O-20240226-224000-001-000-45']",,,,,"['scenario=LRB-1708986960000000000-000096', 'family=SRR']",3b0e3c05-0d9e-4a05-bf1b-f8060367f138,2024-02-26 22:40:00+00:00,2024-02-26 22:40:00+00:00,,,,,,,
BACKTESTER-001,LRBStrategy-000,BTCUSDT-PERP.BINANCE,BINANCE-1-044,BTCUSDT-PERP.BINANCE-LRBStrategy-000,BINANCE-001,T-2a02d61af3b82168-4877,STOP_MARKET,SELL,21.705,GTC,True,False,21.705,TAKER,54526.8,0.09999999999126885,['828.45293580 USDT'],NO_TRIGGER,FILLED,OUO,OL-20240226-224000-001-000-15,['O-20240226-224000-001-000-45'],O-20240226-224000-001-000-43,,,,"['scenario=LRB-1708986960000000000-000096', 'family=SRR']",67cf62e3-7d01-4240-971b-f3238fc9033a,2024-02-26 22:40:00+00:00,2024-02-26 22:42:00+00:00,54526.9,DEFAULT,,,,,
BACKTESTER-001,LRBStrategy-000,BTCUSDT-PERP.BINANCE,BINANCE-1-046,BTCUSDT-PERP.BINANCE-LRBStrategy-000,BINANCE-001,T-b81067486b8f3c6d-4886,MARKET,BUY,23.711,GTC,False,False,23.711,TAKER,54518.5,0.0,['904.88170745 USDT'],NO_TRIGGER,FILLED,OTO,OL-20240226-224400-001-000-16,"['O-20240226-224400-001-000-47', 'O-20240226-224400-001-000-48']",,,,,"['scenario=LRB-1708987320000000000-000097', 'family=SRR']",00c40691-48b2-45e0-ab2d-ce28d2f9edd9,2024-02-26 22:44:00+00:00,2024-02-26 22:44:00+00:00,,,,,,,
BACKTESTER-001,LRBStrategy-000,BTCUSDT-PERP.BINANCE,BINANCE-1-048,BTCUSDT-PERP.BINANCE-LRBStrategy-000,BINANCE-001,T-c37c7bb42385c06d-4912,LIMIT,SELL,23.711,GTC,True,False,23.711,MAKER,54750.0,0.09999999999854481,['908.72407500 USDT'],NO_TRIGGER,FILLED,OUO,OL-20240226-224400-001-000-16,['O-20240226-224400-001-000-47'],O-20240226-224400-001-000-46,,,,"['scenario=LRB-1708987320000000000-000097', 'family=SRR']",427ebd42-fcd3-4f64-8f2a-274784d23ece,2024-02-26 22:44:00+00:00,2024-02-26 22:52:00+00:00,,,,,54750.1,True,
BACKTESTER-001,LRBStrategy-000,BTCUSDT-PERP.BINANCE,BINANCE-1-049,BTCUSDT-PERP.BINANCE-LRBStrategy-000,BINANCE-001,T-13435800eab79c45-4924,MARKET,SELL,14.915,GTC,False,False,14.915,TAKER,54701.7,0.0,['571.11309885 USDT'],NO_TRIGGER,FILLED,OTO,OL-20240226-225500-001-000-17,"['O-20240226-225500-001-000-50', 'O-20240226-225500-001-000-51']",,,,,"['scenario=LRB-1708987920000000000-000098', 'family=SRR']",ddf45fad-06ec-4b8a-8bd0-d42d34d9de01,2024-02-26 22:55:00+00:00,2024-02-26 22:55:00+00:00,,,,,,,
BACKTESTER-001,LRBStrategy-000,BTCUSDT-PERP.BINANCE,BINANCE-1-051,BTCUSDT-PERP.BINANCE-LRBStrategy-000,BINANCE-001,T-ef4ade6591ce02e4-5077,LIMIT,BUY,14.915,GTC,True,False,14.915,MAKER,54490.5,0.09999999999854481,['568.90806525 USDT'],NO_TRIGGER,FILLED,OUO,OL-20240226-225500-001-000-17,['O-20240226-225500-001-000-50'],O-20240226-225500-001-000-49,,,,"['scenario=LRB-1708987920000000000-000098', 'family=SRR']",43f0305a-77fe-4c43-8478-2416ecaeb442,2024-02-26 22:55:00+00:00,2024-02-26 23:38:00+00:00,,,,,54490.4,True,
BACKTESTER-001,LRBStrategy-000,BTCUSDT-PERP.BINANCE,BINANCE-1-052,BTCUSDT-PERP.BINANCE-LRBStrategy-000,BINANCE-001,T-4beaa4d63cf1e461-5214,MARKET,SELL,19.971,GTC,False,False,19.971,TAKER,54650.05078864352,0.0,['763.99131501 USDT'],NO_TRIGGER,FILLED,OTO,OL-20240227-001500-001-000-18,"['O-20240227-001500-001-000-53', 'O-20240227-001500-001-000-54']",,,,,"['scenario=LRB-1708992780000000000-000103', 'family=SRR']",b5bed695-e933-4da4-9f0a-7352de6479a9,2024-02-27 00:15:00+00:00,2024-02-27 00:15:00+00:00,,,,,,,
BACKTESTER-001,LRBStrategy-000,BTCUSDT-PERP.BINANCE,BINANCE-1-053,BTCUSDT-PERP.BINANCE-LRBStrategy-000,BINANCE-001,T-ad841222150f9015-5218,STOP_MARKET,BUY,19.971,GTC,True,False,19.971,TAKER,54683.4,0.10000000000582077,['764.45752698 USDT'],NO_TRIGGER,FILLED,OUO,OL-20240227-001500-001-000-18,['O-20240227-001500-001-000-54'],O-20240227-001500-001-000-52,,,,"['scenario=LRB-1708992780000000000-000103', 'family=SRR']",329cda12-4e35-4f88-867c-0789d4b4cc6e,2024-02-27 00:15:00+00:00,2024-02-27 00:16:00+00:00,54683.3,DEFAULT,,,,,
BACKTESTER-001,LRBStrategy-000,BTCUSDT-PERP.BINANCE,BINANCE-1-055,BTCUSDT-PERP.BINANCE-LRBStrategy-000,BINANCE-001,T-4d4666d22790bc53-5244,MARKET,BUY,20.434,GTC,False,False,20.434,TAKER,54522.90380737986,0.0,['779.88471148 USDT'],NO_TRIGGER,FILLED,OTO,OL-20240227-002200-001-000-19,"['O-20240227-002200-001-000-56', 'O-20240227-002200-001-000-57']",,,,,"['scenario=LRB-1708993200000000000-000104', 'family=SRR']",a2bb9442-f06d-4a0c-95db-59b9cb86a365,2024-02-27 00:22:00+00:00,2024-02-27 00:22:00+00:00,,,,,,,
BACKTESTER-001,LRBStrategy-000,BTCUSDT-PERP.BINANCE,BINANCE-1-056,BTCUSDT-PERP.BINANCE-LRBStrategy-000,BINANCE-001,T-b8c31d49693c2037-5317,STOP_MARKET,SELL,20.434,GTC,True,False,20.434,TAKER,54495.08336106489,0.1166389351055841,['779.48677338 USDT'],NO_TRIGGER,FILLED,OUO,OL-20240227-002200-001-000-19,['O-20240227-002200-001-000-57'],O-20240227-002200-001-000-55,,,,"['scenario=LRB-1708993200000000000-000104', 'family=SRR']",e05b9180-2609-4495-b8c2-4d2fe5203480,2024-02-27 00:22:00+00:00,2024-02-27 00:43:00+00:00,54495.2,DEFAULT,,,,,
BACKTESTER-001,LRBStrategy-000,BTCUSDT-PERP.BINANCE,BINANCE-1-058,BTCUSDT-PERP.BINANCE-LRBStrategy-000,BINANCE-001,T-c4d6d933440abb42-5613,MARKET,SELL,9.033,GTC,False,False,9.033,TAKER,55751.100000000006,0.0,['352.51978041 USDT'],NO_TRIGGER,FILLED,OTO,OL-20240227-020200-001-000-20,"['O-20240227-020200-001-000-59', 'O-20240227-020200-001-000-60']",,,,,"['scenario=LRB-1708999200000000000-000111', 'family=SRR']",0855f991-ed59-45c7-9437-5a127580482e,2024-02-27 02:02:00+00:00,2024-02-27 02:02:00+00:00,,,,,,,
BACKTESTER-001,LRBStrategy-000,BTCUSDT-PERP.BINANCE,BINANCE-1-059,BTCUSDT-PERP.BINANCE-LRBStrategy-000,BINANCE-001,T-bbffdef9dc048b43-5629,STOP_MARKET,BUY,9.033,GTC,True,False,9.033,TAKER,55901.4,0.10000000000582077,['353.47014234 USDT'],NO_TRIGGER,FILLED,OUO,OL-20240227-020200-001-000-20,['O-20240227-020200-001-000-60'],O-20240227-020200-001-000-58,,,,"['scenario=LRB-1708999200000000000-000111', 'family=SRR']",2b9061d0-6a7b-4b64-907e-82f16f69835e,2024-02-27 02:02:00+00:00,2024-02-27 02:06:00+00:00,55901.3,DEFAULT,,,,,
BACKTESTER-001,LRBStrategy-000,BTCUSDT-PERP.BINANCE,BINANCE-1-061,BTCUSDT-PERP.BINANCE-LRBStrategy-000,BINANCE-001,T-26f68d4813255ffa-6259,MARKET,BUY,24.614,GTC,False,False,24.614,TAKER,55939.2,0.0,['963.82122816 USDT'],NO_TRIGGER,FILLED,OTO,OL-20240227-044900-001-000-21,"['O-20240227-044900-001-000-62', 'O-20240227-044900-001-000-63']",,,,,"['scenario=LRB-1709009160000000000-000119', 'family=SRR']",7ad38fea-bdcb-4f54-84c8-09e625c21b75,2024-02-27 04:49:00+00:00,2024-02-27 04:49:00+00:00,,,,,,,
BACKTESTER-001,LRBStrategy-000,BTCUSDT-PERP.BINANCE,BINANCE-1-062,BTCUSDT-PERP.BINANCE-LRBStrategy-000,BINANCE-001,T-46f4d9e480574863-6262,STOP_MARKET,SELL,24.614,GTC,True,False,24.614,TAKER,55936.2,0.10000000000582077,['963.76953876 USDT'],NO_TRIGGER,FILLED,OUO,OL-20240227-044900-001-000-21,['O-20240227-044900-001-000-63'],O-20240227-044900-001-000-61,,,,"['scenario=LRB-1709009160000000000-000119', 'family=SRR']",82020e53-9935-4655-ab00-ebe343a8ae68,2024-02-27 04:49:00+00:00,2024-02-27 04:50:00+00:00,55936.3,DEFAULT,,,,,
BACKTESTER-001,LRBStrategy-000,BTCUSDT-PERP.BINANCE,BINANCE-1-064,BTCUSDT-PERP.BINANCE-LRBStrategy-000,BINANCE-001,T-a3cfe05d62009f00-6567,MARKET,SELL,18.633,GTC,False,False,18.633,TAKER,56299.8,0.0,['734.32392138 USDT'],NO_TRIGGER,FILLED,OTO,OL-20240227-061100-001-000-22,"['O-20240227-061100-001-000-65', 'O-20240227-061100-001-000-66']",,,,,"['scenario=LRB-1709014020000000000-000124', 'family=SRR']",56c610bc-9139-4ffe-b7fa-b0aeab1fef5e,2024-02-27 06:11:00+00:00,2024-02-27 06:11:00+00:00,,,,,,,
BACKTESTER-001,LRBStrategy-000,BTCUSDT-PERP.BINANCE,BINANCE-1-065,BTCUSDT-PERP.BINANCE-LRBStrategy-000,BINANCE-001,T-69c24245de637469-6619,STOP_MARKET,BUY,18.633,GTC,True,False,18.633,TAKER,56325.2,0.09999999999126885,['734.65521612 USDT'],NO_TRIGGER,FILLED,OUO,OL-20240227-061100-001-000-22,['O-20240227-061100-001-000-66'],O-20240227-061100-001-000-64,,,,"['scenario=LRB-1709014020000000000-000124', 'family=SRR']",752a49e8-a9e3-47bb-b62f-fa674db5a03d,2024-02-27 06:11:00+00:00,2024-02-27 06:25:00+00:00,56325.1,DEFAULT,,,,,
BACKTESTER-001,LRBStrategy-000,BTCUSDT-PERP.BINANCE,BINANCE-1-067,BTCUSDT-PERP.BINANCE-LRBStrategy-000,BINANCE-001,T-fb33284975139994-6695,MARKET,SELL,14.841,GTC,False,False,14.841,TAKER,56443.4,0.0,['586.37354958 USDT'],NO_TRIGGER,FILLED,OTO,OL-20240227-064400-001-000-23,"['O-20240227-064400-001-000-68', 'O-20240227-064400-001-000-69']",,,,,"['scenario=LRB-1709016120000000000-000127', 'family=SRR']",4e124786-6a28-4090-83f9-88e7ab686026,2024-02-27 06:44:00+00:00,2024-02-27 06:44:00+00:00,,,,,,,
BACKTESTER-001,LRBStrategy-000,BTCUSDT-PERP.BINANCE,BINANCE-1-068,BTCUSDT-PERP.BINANCE-LRBStrategy-000,BINANCE-001,T-0217cd2ffc1ba60e-6699,STOP_MARKET,BUY,14.841,GTC,True,False,14.841,TAKER,56491.299999999996,0.09999999999854481,['586.87116831 USDT'],NO_TRIGGER,FILLED,OUO,OL-20240227-064400-001-000-23,['O-20240227-064400-001-000-69'],O-20240227-064400-001-000-67,,,,"['scenario=LRB-1709016120000000000-000127', 'family=SRR']",45743061-589b-4675-9d6a-70d78011df86,2024-02-27 06:44:00+00:00,2024-02-27 06:45:00+00:00,56491.2,DEFAULT,,,,,
BACKTESTER-001,LRBStrategy-000,BTCUSDT-PERP.BINANCE,BINANCE-1-070,BTCUSDT-PERP.BINANCE-LRBStrategy-000,BINANCE-001,T-c488b2f39c34dc4d-7038,MARKET,SELL,14.300,GTC,False,False,14.300,TAKER,56319.8,0.0,['563.76119800 USDT'],NO_TRIGGER,FILLED,OTO,OL-20240227-081700-001-000-24,"['O-20240227-081700-001-000-71', 'O-20240227-081700-001-000-72']",,,,,"['scenario=LRB-1709021580000000000-000133', 'family=SRR']",c6af8f41-85ee-4bfe-a44c-d2ddad8c20ca,2024-02-27 08:17:00+00:00,2024-02-27 08:17:00+00:00,,,,,,,
BACKTESTER-001,LRBStrategy-000,BTCUSDT-PERP.BINANCE,BINANCE-1-071,BTCUSDT-PERP.BINANCE-LRBStrategy-000,BINANCE-001,T-33352dc28a622767-7045,STOP_MARKET,BUY,14.300,GTC,True,False,14.300,TAKER,56368.700000000004,0.10000000000582077,['564.25068700 USDT'],NO_TRIGGER,FILLED,OUO,OL-20240227-081700-001-000-24,['O-20240227-081700-001-000-72'],O-20240227-081700-001-000-70,,,,"['scenario=LRB-1709021580000000000-000133', 'family=SRR']",424b4775-2bb1-4a00-b7a1-9c6c6f1a007d,2024-02-27 08:17:00+00:00,2024-02-27 08:19:00+00:00,56368.6,DEFAULT,,,,,
BACKTESTER-001,LRBStrategy-000,BTCUSDT-PERP.BINANCE,BINANCE-1-073,BTCUSDT-PERP.BINANCE-LRBStrategy-000,BINANCE-001,T-379a5c5e515ddd0b-7059,MARKET,SELL,20.437,GTC,False,False,20.437,TAKER,56385.9,0.0,['806.65104681 USDT'],NO_TRIGGER,FILLED,OTO,OL-20240227-082200-001-000-25,"['O-20240227-082200-001-000-74', 'O-20240227-082200-001-000-75']",,,,,"['scenario=LRB-1709021940000000000-000134', 'family=SRR']",3acba5c8-9e39-4f5d-9b5e-f5905fb30b2c,2024-02-27 08:22:00+00:00,2024-02-27 08:22:00+00:00,,,,,,,
BACKTESTER-001,LRBStrategy-000,BTCUSDT-PERP.BINANCE,BINANCE-1-074,BTCUSDT-PERP.BINANCE-LRBStrategy-000,BINANCE-001,T-7e0497975b6708df-7062,STOP_MARKET,BUY,20.437,GTC,True,False,20.437,TAKER,56393.7,0.09999999999854481,['806.76263283 USDT'],NO_TRIGGER,FILLED,OUO,OL-20240227-082200-001-000-25,['O-20240227-082200-001-000-75'],O-20240227-082200-001-000-73,,,,"['scenario=LRB-1709021940000000000-000134', 'family=SRR']",fc8f3f65-0c57-4f83-934e-22ce01088cce,2024-02-27 08:22:00+00:00,2024-02-27 08:23:00+00:00,56393.6,DEFAULT,,,,,
BACKTESTER-001,LRBStrategy-000,BTCUSDT-PERP.BINANCE,BINANCE-1-076,BTCUSDT-PERP.BINANCE-LRBStrategy-000,BINANCE-001,T-0894a90c6749e471-7084,MARKET,SELL,20.496,GTC,False,False,20.496,TAKER,56435.299999999996,0.0,['809.68853616 USDT'],NO_TRIGGER,FILLED,OTO,OL-20240227-082800-001-000-26,"['O-20240227-082800-001-000-77', 'O-20240227-082800-001-000-78']",,,,,"['scenario=LRB-1709022300000000000-000135', 'family=SRR']",3d00e4bc-f791-48bb-b65e-0d40184112d5,2024-02-27 08:28:00+00:00,2024-02-27 08:28:00+00:00,,,,,,,
BACKTESTER-001,LRBStrategy-000,BTCUSDT-PERP.BINANCE,BINANCE-1-077,BTCUSDT-PERP.BINANCE-LRBStrategy-000,BINANCE-001,T-44b302f1a6325618-7088,STOP_MARKET,BUY,20.496,GTC,True,False,20.496,TAKER,56440.2,0.09999999999854481,['809.75883744 USDT'],NO_TRIGGER,FILLED,OUO,OL-20240227-082800-001-000-26,['O-20240227-082800-001-000-78'],O-20240227-082800-001-000-76,,,,"['scenario=LRB-1709022300000000000-000135', 'family=SRR']",c6c7e46f-811f-4608-ba4e-53d22d9785d5,2024-02-27 08:28:00+00:00,2024-02-27 08:29:00+00:00,56440.1,DEFAULT,,,,,
BACKTESTER-001,LRBStrategy-000,BTCUSDT-PERP.BINANCE,BINANCE-1-079,BTCUSDT-PERP.BINANCE-LRBStrategy-000,BINANCE-001,T-cb5218c6a6b35820-7646,MARKET,SELL,11.758,GTC,False,False,11.758,TAKER,56614.899999999994,0.0,['465.97459594 USDT'],NO_TRIGGER,FILLED,OTO,OL-20240227-105600-001-000-27,"['O-20240227-105600-001-000-80', 'O-20240227-105600-001-000-81']",,,,,"['scenario=LRB-1709031240000000000-000147', 'family=SRR']",7d4305d9-10ec-4da7-9fd5-ff40813be58b,2024-02-27 10:56:00+00:00,2024-02-27 10:56:00+00:00,,,,,,,
BACKTESTER-001,LRBStrategy-000,BTCUSDT-PERP.BINANCE,BINANCE-1-081,BTCUSDT-PERP.BINANCE-LRBStrategy-000,BINANCE-001,T-03972e3e1b881f17-7828,LIMIT,BUY,11.758,GTC,True,False,11.758,MAKER,56406.2,0.09999999999854481,['464.25686972 USDT'],NO_TRIGGER,FILLED,OUO,OL-20240227-105600-001-000-27,['O-20240227-105600-001-000-80'],O-20240227-105600-001-000-79,,,,"['scenario=LRB-1709031240000000000-000147', 'family=SRR']",156d71e1-7963-4352-8f5f-0513d88bcb89,2024-02-27 10:56:00+00:00,2024-02-27 11:46:00+00:00,,,,,56406.1,True,
BACKTESTER-001,LRBStrategy-000,BTCUSDT-PERP.BINANCE,BINANCE-1-082,BTCUSDT-PERP.BINANCE-LRBStrategy-000,BINANCE-001,T-8cc95cf7b88040bd-8412,MARKET,BUY,13.614,GTC,False,False,13.614,TAKER,56822.1,0.0,['541.50324858 USDT'],NO_TRIGGER,FILLED,OTO,OL-20240227-141700-001-000-28,"['O-20240227-141700-001-000-83', 'O-20240227-141700-001-000-84']",,,,,"['scenario=LRB-1709043300000000000-000161', 'family=SRR']",c482070b-ae34-4abc-ad63-b483b3d87deb,2024-02-27 14:17:00+00:00,2024-02-27 14:17:00+00:00,,,,,,,
BACKTESTER-001,LRBStrategy-000,BTCUSDT-PERP.BINANCE,BINANCE-1-083,BTCUSDT-PERP.BINANCE-LRBStrategy-000,BINANCE-001,T-93ccd8ed0023779c-8440,STOP_MARKET,SELL,13.614,GTC,True,False,13.614,TAKER,56775.8,0.09999999999854481,['541.06201884 USDT'],NO_TRIGGER,FILLED,OUO,OL-20240227-141700-001-000-28,['O-20240227-141700-001-000-84'],O-20240227-141700-001-000-82,,,,"['scenario=LRB-1709043300000000000-000161', 'family=SRR']",75fe096f-f703-4038-be66-27efc96a0537,2024-02-27 14:17:00+00:00,2024-02-27 14:24:00+00:00,56775.9,DEFAULT,,,,,
BACKTESTER-001,LRBStrategy-000,BTCUSDT-PERP.BINANCE,BINANCE-1-085,BTCUSDT-PERP.BINANCE-LRBStrategy-000,BINANCE-001,T-20094abede701b14-8542,MARKET,BUY,8.616,GTC,False,False,8.616,TAKER,56771.5,0.0,['342.40027080 USDT'],NO_TRIGGER,FILLED,OTO,OL-20240227-145000-001-000-29,"['O-20240227-145000-001-000-86', 'O-20240227-145000-001-000-87']",,,,,"['scenario=LRB-1709045220000000000-000164', 'family=SRR']",3224d367-45b7-42b3-8b24-98e35f53d961,2024-02-27 14:50:00+00:00,2024-02-27 14:50:00+00:00,,,,,,,
BACKTESTER-001,LRBStrategy-000,BTCUSDT-PERP.BINANCE,BINANCE-1-086,BTCUSDT-PERP.BINANCE-LRBStrategy-000,BINANCE-001,T-fbc9e13dbefdfc4f-8798,STOP_MARKET,SELL,8.616,GTC,True,False,8.616,TAKER,56658.0,0.09999999999854481,['341.71572960 USDT'],NO_TRIGGER,FILLED,OUO,OL-20240227-145000-001-000-29,['O-20240227-145000-001-000-87'],O-20240227-145000-001-000-85,,,,"['scenario=LRB-1709045220000000000-000164', 'family=SRR']",a081d99a-cf56-4c57-9ac3-ffcc43eeec89,2024-02-27 14:50:00+00:00,2024-02-27 15:56:00+00:00,56658.1,DEFAULT,,,,,
BACKTESTER-001,LRBStrategy-000,BTCUSDT-PERP.BINANCE,BINANCE-1-088,BTCUSDT-PERP.BINANCE-LRBStrategy-000,BINANCE-001,T-b2775d29c993a5a9-8929,MARKET,SELL,6.339,GTC,False,False,6.339,TAKER,56912.6,0.0,['252.53827998 USDT'],NO_TRIGGER,FILLED,OTO,OL-20240227-162900-001-000-30,"['O-20240227-162900-001-000-89', 'O-20240227-162900-001-000-90']",,,,,"['scenario=LRB-1709051220000000000-000167', 'family=SRR']",1efbde78-6b5d-4fe3-9689-5cfe8e0a6cb4,2024-02-27 16:29:00+00:00,2024-02-27 16:29:00+00:00,,,,,,,
BACKTESTER-001,LRBStrategy-000,BTCUSDT-PERP.BINANCE,BINANCE-1-089,BTCUSDT-PERP.BINANCE-LRBStrategy-000,BINANCE-001,T-93019fdf1931ab77-8948,STOP_MARKET,BUY,6.339,GTC,True,False,6.339,TAKER,57087.100000000006,0.10000000000582077,['253.31258883 USDT'],NO_TRIGGER,FILLED,OUO,OL-20240227-162900-001-000-30,['O-20240227-162900-001-000-90'],O-20240227-162900-001-000-88,,,,"['scenario=LRB-1709051220000000000-000167', 'family=SRR']",269150fb-39c1-41a1-9f17-22aa86122f83,2024-02-27 16:29:00+00:00,2024-02-27 16:34:00+00:00,57087.0,DEFAULT,,,,,
BACKTESTER-001,LRBStrategy-000,BTCUSDT-PERP.BINANCE,BINANCE-1-091,BTCUSDT-PERP.BINANCE-LRBStrategy-000,BINANCE-001,T-4e9b443a917ba5ed-8958,MARKET,SELL,7.255,GTC,False,False,7.255,TAKER,56986.1,0.0,['289.40390885 USDT'],NO_TRIGGER,FILLED,OTO,OL-20240227-163600-001-000-31,"['O-20240227-163600-001-000-92', 'O-20240227-163600-001-000-93']",,,,,"['scenario=LRB-1709051640000000000-000168', 'family=SRR']",51dd4cf1-10d7-48b7-bd7d-bef7168ce1bb,2024-02-27 16:36:00+00:00,2024-02-27 16:36:00+00:00,,,,,,,
BACKTESTER-001,LRBStrategy-000,BTCUSDT-PERP.BINANCE,BINANCE-1-092,BTCUSDT-PERP.BINANCE-LRBStrategy-000,BINANCE-001,T-a37ddb15c3f78dca-8996,STOP_MARKET,BUY,7.255,GTC,True,False,7.255,TAKER,57121.7,0.09999999999854481,['290.09255345 USDT'],NO_TRIGGER,FILLED,OUO,OL-20240227-163600-001-000-31,['O-20240227-163600-001-000-93'],O-20240227-163600-001-000-91,,,,"['scenario=LRB-1709051640000000000-000168', 'family=SRR']",28f45f9c-53b5-4e64-9280-200fe77a9714,2024-02-27 16:36:00+00:00,2024-02-27 16:46:00+00:00,57121.6,DEFAULT,,,,,
BACKTESTER-001,LRBStrategy-000,BTCUSDT-PERP.BINANCE,BINANCE-1-094,BTCUSDT-PERP.BINANCE-LRBStrategy-000,BINANCE-001,T-d68672b8dc724826-9136,MARKET,SELL,10.610,GTC,False,False,10.610,TAKER,57197.7,0.0,['424.80731790 USDT'],NO_TRIGGER,FILLED,OTO,OL-20240227-172300-001-000-32,"['O-20240227-172300-001-000-95', 'O-20240227-172300-001-000-96']",,,,,"['scenario=LRB-1709054460000000000-000171', 'family=SRR']",a22fc75d-8f83-4d5d-ac4d-56da818cc767,2024-02-27 17:23:00+00:00,2024-02-27 17:23:00+00:00,,,,,,,
BACKTESTER-001,LRBStrategy-000,BTCUSDT-PERP.BINANCE,BINANCE-1-096,BTCUSDT-PERP.BINANCE-LRBStrategy-000,BINANCE-001,T-59074b7fc21bc743-9183,LIMIT,BUY,10.610,GTC,True,False,10.610,MAKER,57001.299999999996,0.09999999999854481,['423.34865510 USDT'],NO_TRIGGER,FILLED,OUO,OL-20240227-172300-001-000-32,['O-20240227-172300-001-000-95'],O-20240227-172300-001-000-94,,,,"['scenario=LRB-1709054460000000000-000171', 'family=SRR']",284d503c-9f95-4d8e-a18a-829b3527d1d9,2024-02-27 17:23:00+00:00,2024-02-27 17:35:00+00:00,,,,,57001.2,True,
BACKTESTER-001,LRBStrategy-000,BTCUSDT-PERP.BINANCE,BINANCE-1-097,BTCUSDT-PERP.BINANCE-LRBStrategy-000,BINANCE-001,T-492205cb73e56012-9216,MARKET,BUY,5.165,GTC,False,False,5.165,TAKER,56905.100000000006,0.0,['205.74038905 USDT'],NO_TRIGGER,FILLED,OTO,OL-20240227-174300-001-000-33,"['O-20240227-174300-001-000-98', 'O-20240227-174300-001-000-99']",,,,,"['scenario=LRB-1709055660000000000-000173', 'family=SRR']",9aadc5f0-63f6-4348-ae5e-d11fbd2ade5f,2024-02-27 17:43:00+00:00,2024-02-27 17:43:00+00:00,,,,,,,
BACKTESTER-001,LRBStrategy-000,BTCUSDT-PERP.BINANCE,BINANCE-1-100,BTCUSDT-PERP.BINANCE-LRBStrategy-000,BINANCE-001,T-0fee7c30fbf35f76-9552,MARKET,SELL,5.165,GTC,True,False,5.165,TAKER,57057.100000000006,0.0,['206.28994505 USDT'],NO_TRIGGER,FILLED,NO_CONTINGENCY,,,,,,,,d1c8fd62-efa1-4c5a-9b1b-64826ed75543,2024-02-27 19:13:00+00:00,2024-02-27 19:13:00+00:00,,,,,,,
BACKTESTER-001,LRBStrategy-000,BTCUSDT-PERP.BINANCE,BINANCE-1-101,BTCUSDT-PERP.BINANCE-LRBStrategy-000,BINANCE-001,T-e1fcaca2a3955410-9640,MARKET,SELL,13.338,GTC,False,False,13.338,TAKER,57275.8,0.0,['534.76123428 USDT'],NO_TRIGGER,FILLED,OTO,OL-20240227-193700-001-000-34,"['O-20240227-193700-001-000-102', 'O-20240227-193700-001-000-103']",,,,,"['scenario=LRB-1709062500000000000-000176', 'family=SRR']",47b1ac4e-e0bb-4f6c-aa9c-4555d2e2a557,2024-02-27 19:37:00+00:00,2024-02-27 19:37:00+00:00,,,,,,,
BACKTESTER-001,LRBStrategy-000,BTCUSDT-PERP.BINANCE,BINANCE-1-102,BTCUSDT-PERP.BINANCE-LRBStrategy-000,BINANCE-001,T-7234dac57e804dfe-9644,STOP_MARKET,BUY,13.338,GTC,True,False,13.338,TAKER,57312.899999999994,0.09999999999126885,['535.10762214 USDT'],NO_TRIGGER,FILLED,OUO,OL-20240227-193700-001-000-34,['O-20240227-193700-001-000-103'],O-20240227-193700-001-000-101,,,,"['scenario=LRB-1709062500000000000-000176', 'family=SRR']",f7ad82bc-b5d3-486d-8bdf-fba947648c6d,2024-02-27 19:37:00+00:00,2024-02-27 19:38:00+00:00,57312.8,DEFAULT,,,,,
BACKTESTER-001,LRBStrategy-000,BTCUSDT-PERP.BINANCE,BINANCE-1-104,BTCUSDT-PERP.BINANCE-LRBStrategy-000,BINANCE-001,T-301fa3b4999476ad-9876,MARKET,BUY,14.707,GTC,False,False,14.707,TAKER,57039.6,0.0,['587.21697804 USDT'],NO_TRIGGER,FILLED,OTO,OL-20240227-203800-001-000-35,"['O-20240227-203800-001-000-105', 'O-20240227-203800-001-000-106']",,,,,"['scenario=LRB-1709066160000000000-000181', 'family=SRR']",46cc51b5-873b-4fbe-abf0-6edfe0585d1b,2024-02-27 20:38:00+00:00,2024-02-27 20:38:00+00:00,,,,,,,
BACKTESTER-001,LRBStrategy-000,BTCUSDT-PERP.BINANCE,BINANCE-1-105,BTCUSDT-PERP.BINANCE-LRBStrategy-000,BINANCE-001,T-6f8b5909257b3d26-9880,STOP_MARKET,SELL,14.707,GTC,True,False,14.707,TAKER,57016.2,0.10000000000582077,['586.97607738 USDT'],NO_TRIGGER,FILLED,OUO,OL-20240227-203800-001-000-35,['O-20240227-203800-001-000-106'],O-20240227-203800-001-000-104,,,,"['scenario=LRB-1709066160000000000-000181', 'family=SRR']",772369b2-ca98-4e5c-853c-8b3fa33e828b,2024-02-27 20:38:00+00:00,2024-02-27 20:39:00+00:00,57016.3,DEFAULT,,,,,
BACKTESTER-001,LRBStrategy-000,BTCUSDT-PERP.BINANCE,BINANCE-1-107,BTCUSDT-PERP.BINANCE-LRBStrategy-000,BINANCE-001,T-34ef5bb25a1f4219-10662,MARKET,BUY,11.570,GTC,False,False,11.570,TAKER,56949.2,0.0,['461.23157080 USDT'],NO_TRIGGER,FILLED,OTO,OL-20240228-001900-001-000-36,"['O-20240228-001900-001-000-108', 'O-20240228-001900-001-000-109']",,,,,"['scenario=LRB-1709079420000000000-000196', 'family=SRR']",4bff3614-8b5c-46b2-b749-d664c951068c,2024-02-28 00:19:00+00:00,2024-02-28 00:19:00+00:00,,,,,,,
BACKTESTER-001,LRBStrategy-000,BTCUSDT-PERP.BINANCE,BINANCE-1-109,BTCUSDT-PERP.BINANCE-LRBStrategy-000,BINANCE-001,T-8df33636d278683a-10697,LIMIT,SELL,11.570,GTC,True,False,11.570,MAKER,57116.6,0.10000000000582077,['462.58734340 USDT'],NO_TRIGGER,FILLED,OUO,OL-20240228-001900-001-000-36,['O-20240228-001900-001-000-108'],O-20240228-001900-001-000-107,,,,"['scenario=LRB-1709079420000000000-000196', 'family=SRR']",b3dd2424-f275-47ae-be70-fa60689c04c6,2024-02-28 00:19:00+00:00,2024-02-28 00:29:00+00:00,,,,,57116.7,True,
BACKTESTER-001,LRBStrategy-000,BTCUSDT-PERP.BINANCE,BINANCE-1-110,BTCUSDT-PERP.BINANCE-LRBStrategy-000,BINANCE-001,T-268c5cc1e0c15d8b-10718,MARKET,SELL,16.579,GTC,False,False,16.579,TAKER,57121.698775559445,0.0,['662.91445080 USDT'],NO_TRIGGER,FILLED,OTO,OL-20240228-003400-001-000-37,"['O-20240228-003400-001-000-111', 'O-20240228-003400-001-000-112']",,,,,"['scenario=LRB-1709080320000000000-000197', 'family=SRR']",5f4326b5-cd48-4b67-bb9b-326a9aa7cada,2024-02-28 00:34:00+00:00,2024-02-28 00:34:00+00:00,,,,,,,
BACKTESTER-001,LRBStrategy-000,BTCUSDT-PERP.BINANCE,BINANCE-1-111,BTCUSDT-PERP.BINANCE-LRBStrategy-000,BINANCE-001,T-eb144982891efe03-10726,STOP_MARKET,BUY,16.579,GTC,True,False,16.579,TAKER,57132.4,0.09999999999854481,['663.03864172 USDT'],NO_TRIGGER,FILLED,OUO,OL-20240228-003400-001-000-37,['O-20240228-003400-001-000-112'],O-20240228-003400-001-000-110,,,,"['scenario=LRB-1709080320000000000-000197', 'family=SRR']",531a751f-f823-4811-94fc-48c8bbff404a,2024-02-28 00:34:00+00:00,2024-02-28 00:36:00+00:00,57132.3,DEFAULT,,,,,
BACKTESTER-001,LRBStrategy-000,BTCUSDT-PERP.BINANCE,BINANCE-1-113,BTCUSDT-PERP.BINANCE-LRBStrategy-000,BINANCE-001,T-2b1bcc24a8e7ea8e-12185,MARKET,SELL,10.758,GTC,False,False,10.758,TAKER,57426.4,0.0,['432.45524784 USDT'],NO_TRIGGER,FILLED,OTO,OL-20240228-072700-001-000-38,"['O-20240228-072700-001-000-114', 'O-20240228-072700-001-000-115']",,,,,"['scenario=LRB-1709105100000000000-000228', 'family=SRR']",f2f1be9f-dda6-46e3-9442-04ed9ed93ad8,2024-02-28 07:27:00+00:00,2024-02-28 07:27:00+00:00,,,,,,,
BACKTESTER-001,LRBStrategy-000,BTCUSDT-PERP.BINANCE,BINANCE-1-114,BTCUSDT-PERP.BINANCE-LRBStrategy-000,BINANCE-001,T-190d92765e551c73-12197,STOP_MARKET,BUY,10.758,GTC,True,False,10.758,TAKER,57481.5,0.09999999999854481,['432.87018390 USDT'],NO_TRIGGER,FILLED,OUO,OL-20240228-072700-001-000-38,['O-20240228-072700-001-000-115'],O-20240228-072700-001-000-113,,,,"['scenario=LRB-1709105100000000000-000228', 'family=SRR']",9ae837c7-e306-49b5-a7c0-3ae78a29424e,2024-02-28 07:27:00+00:00,2024-02-28 07:30:00+00:00,57481.4,DEFAULT,,,,,
BACKTESTER-001,LRBStrategy-000,BTCUSDT-PERP.BINANCE,BINANCE-1-116,BTCUSDT-PERP.BINANCE-LRBStrategy-000,BINANCE-001,T-1ad244966889f642-12412,MARKET,SELL,5.763,GTC,False,False,5.763,TAKER,58695.9,0.0,['236.78513019 USDT'],NO_TRIGGER,FILLED,OTO,OL-20240228-082500-001-000-39,"['O-20240228-082500-001-000-117', 'O-20240228-082500-001-000-118']",,,,,"['scenario=LRB-1709108580000000000-000234', 'family=SRR']",5cd21f82-402d-4448-9d6e-a627cc6a7f9c,2024-02-28 08:25:00+00:00,2024-02-28 08:25:00+00:00,,,,,,,
BACKTESTER-001,LRBStrategy-000,BTCUSDT-PERP.BINANCE,BINANCE-1-117,BTCUSDT-PERP.BINANCE-LRBStrategy-000,BINANCE-001,T-b3abb7caa9cc6316-12477,STOP_MARKET,BUY,5.763,GTC,True,False,5.763,TAKER,58859.0,0.10000000000582077,['237.44309190 USDT'],NO_TRIGGER,FILLED,OUO,OL-20240228-082500-001-000-39,['O-20240228-082500-001-000-118'],O-20240228-082500-001-000-116,,,,"['scenario=LRB-1709108580000000000-000234', 'family=SRR']",1b9a8d94-351f-47c7-a822-b817140b3ac1,2024-02-28 08:25:00+00:00,2024-02-28 08:42:00+00:00,58858.9,DEFAULT,,,,,
BACKTESTER-001,LRBStrategy-000,BTCUSDT-PERP.BINANCE,BINANCE-1-119,BTCUSDT-PERP.BINANCE-LRBStrategy-000,BINANCE-001,T-96e4e6b8cca9b928-13317,MARKET,BUY,7.570,GTC,False,False,7.570,TAKER,59300.1,0.0,['314.23122990 USDT'],NO_TRIGGER,FILLED,OTO,OL-20240228-121700-001-000-40,"['O-20240228-121700-001-000-120', 'O-20240228-121700-001-000-121']",,,,,"['scenario=LRB-1709122440000000000-000247', 'family=SAC']",2dd8ec64-561e-4e91-b862-946077da19c7,2024-02-28 12:17:00+00:00,2024-02-28 12:17:00+00:00,,,,,,,
BACKTESTER-001,LRBStrategy-000,BTCUSDT-PERP.BINANCE,BINANCE-1-120,BTCUSDT-PERP.BINANCE-LRBStrategy-000,BINANCE-001,T-6dd35d7ef51f0e16-13329,STOP_MARKET,SELL,7.570,GTC,True,False,7.570,TAKER,59201.9,0.09999999999854481,['313.71086810 USDT'],NO_TRIGGER,FILLED,OUO,OL-20240228-121700-001-000-40,['O-20240228-121700-001-000-121'],O-20240228-121700-001-000-119,,,,"['scenario=LRB-1709122440000000000-000247', 'family=SAC']",8ff83bef-ccc1-4a24-9c57-b70b0f371d26,2024-02-28 12:17:00+00:00,2024-02-28 12:20:00+00:00,59202.0,DEFAULT,,,,,
BACKTESTER-001,LRBStrategy-000,BTCUSDT-PERP.BINANCE,BINANCE-1-122,BTCUSDT-PERP.BINANCE-LRBStrategy-000,BINANCE-001,T-b8a5ee1ce516c65d-13382,MARKET,SELL,10.383,GTC,False,False,10.383,TAKER,59329.9,0.0,['431.21564619 USDT'],NO_TRIGGER,FILLED,OTO,OL-20240228-123300-001-000-41,"['O-20240228-123300-001-000-123', 'O-20240228-123300-001-000-124']",,,,,"['scenario=LRB-1709123460000000000-000248', 'family=SRR']",2f2fb80a-4562-496d-9e60-d1bcb1f0bf7c,2024-02-28 12:33:00+00:00,2024-02-28 12:33:00+00:00,,,,,,,
BACKTESTER-001,LRBStrategy-000,BTCUSDT-PERP.BINANCE,BINANCE-1-123,BTCUSDT-PERP.BINANCE-LRBStrategy-000,BINANCE-001,T-2f53814c478a2c83-13386,STOP_MARKET,BUY,10.383,GTC,True,False,10.383,TAKER,59374.899999999994,0.09999999999126885,['431.54271069 USDT'],NO_TRIGGER,FILLED,OUO,OL-20240228-123300-001-000-41,['O-20240228-123300-001-000-124'],O-20240228-123300-001-000-122,,,,"['scenario=LRB-1709123460000000000-000248', 'family=SRR']",79e94959-417b-4057-a419-b5e578765c4d,2024-02-28 12:33:00+00:00,2024-02-28 12:34:00+00:00,59374.8,DEFAULT,,,,,
BACKTESTER-001,LRBStrategy-000,BTCUSDT-PERP.BINANCE,BINANCE-1-125,BTCUSDT-PERP.BINANCE-LRBStrategy-000,BINANCE-001,T-ba9be2214c14d621-13730,MARKET,SELL,9.077,GTC,False,False,9.077,TAKER,60590.8,0.0,['384.98788412 USDT'],NO_TRIGGER,FILLED,OTO,OL-20240228-140200-001-000-42,"['O-20240228-140200-001-000-126', 'O-20240228-140200-001-000-127']",,,,,"['scenario=LRB-1709128800000000000-000253', 'family=SRR']",b1149943-472c-4dc6-a9e3-6a472f0b4b0e,2024-02-28 14:02:00+00:00,2024-02-28 14:02:00+00:00,,,,,,,
BACKTESTER-001,LRBStrategy-000,BTCUSDT-PERP.BINANCE,BINANCE-1-126,BTCUSDT-PERP.BINANCE-LRBStrategy-000,BINANCE-001,T-e61d05715efd6e41-13734,STOP_MARKET,BUY,9.077,GTC,True,False,9.077,TAKER,60648.1,0.09999999999854481,['385.35196259 USDT'],NO_TRIGGER,FILLED,OUO,OL-20240228-140200-001-000-42,['O-20240228-140200-001-000-127'],O-20240228-140200-001-000-125,,,,"['scenario=LRB-1709128800000000000-000253', 'family=SRR']",4e4d3050-e1c1-44a8-8a5a-576dcb0d8057,2024-02-28 14:02:00+00:00,2024-02-28 14:03:00+00:00,60648.0,DEFAULT,,,,,
BACKTESTER-001,LRBStrategy-000,BTCUSDT-PERP.BINANCE,BINANCE-1-128,BTCUSDT-PERP.BINANCE-LRBStrategy-000,BINANCE-001,T-e26e9ae4abd6cec8-13905,MARKET,SELL,6.182,GTC,False,False,6.182,TAKER,60334.59999999999,0.0,['261.09194804 USDT'],NO_TRIGGER,FILLED,OTO,OL-20240228-144700-001-000-43,"['O-20240228-144700-001-000-129', 'O-20240228-144700-001-000-130']",,,,,"['scenario=LRB-1709131500000000000-000255', 'family=SRR']",fa6ce67a-1440-4da3-97f4-2e5d6b75aa5a,2024-02-28 14:47:00+00:00,2024-02-28 14:47:00+00:00,,,,,,,
BACKTESTER-001,LRBStrategy-000,BTCUSDT-PERP.BINANCE,BINANCE-1-129,BTCUSDT-PERP.BINANCE-LRBStrategy-000,BINANCE-001,T-b53d6a22661178cf-13917,STOP_MARKET,BUY,6.182,GTC,True,False,6.182,TAKER,60452.5,0.09999999999854481,['261.60214850 USDT'],NO_TRIGGER,FILLED,OUO,OL-20240228-144700-001-000-43,['O-20240228-144700-001-000-130'],O-20240228-144700-001-000-128,,,,"['scenario=LRB-1709131500000000000-000255', 'family=SRR']",8b3ee0a4-ccee-4a21-8cf3-853cff141fd2,2024-02-28 14:47:00+00:00,2024-02-28 14:50:00+00:00,60452.4,DEFAULT,,,,,
BACKTESTER-001,LRBStrategy-000,BTCUSDT-PERP.BINANCE,BINANCE-1-131,BTCUSDT-PERP.BINANCE-LRBStrategy-000,BINANCE-001,T-dbf3273de86f0f31-14430,MARKET,SELL,4.219,GTC,False,False,4.219,TAKER,62310.700000000004,0.0,['184.02219031 USDT'],NO_TRIGGER,FILLED,OTO,OL-20240228-170200-001-000-44,"['O-20240228-170200-001-000-132', 'O-20240228-170200-001-000-133']",,,,,"['scenario=LRB-1709139480000000000-000265', 'family=SRR']",48f7cc19-33f8-4607-8dca-008c04165460,2024-02-28 17:02:00+00:00,2024-02-28 17:02:00+00:00,,,,,,,
BACKTESTER-001,LRBStrategy-000,BTCUSDT-PERP.BINANCE,BINANCE-1-132,BTCUSDT-PERP.BINANCE-LRBStrategy-000,BINANCE-001,T-019681ce3c7202f2-14438,STOP_MARKET,BUY,4.219,GTC,True,False,4.219,TAKER,62511.100000000006,0.09999999999854481,['184.61403163 USDT'],NO_TRIGGER,FILLED,OUO,OL-20240228-170200-001-000-44,['O-20240228-170200-001-000-133'],O-20240228-170200-001-000-131,,,,"['scenario=LRB-1709139480000000000-000265', 'family=SRR']",aeffd178-c32f-4167-98c0-a582fc7cca99,2024-02-28 17:02:00+00:00,2024-02-28 17:04:00+00:00,62511.0,DEFAULT,,,,,
BACKTESTER-001,LRBStrategy-000,BTCUSDT-PERP.BINANCE,BINANCE-1-134,BTCUSDT-PERP.BINANCE-LRBStrategy-000,BINANCE-001,T-485d455132eccd8b-14718,MARKET,BUY,7.075,GTC,False,False,7.075,TAKER,60590.4,0.0,['300.07395600 USDT'],NO_TRIGGER,FILLED,OTO,OL-20240228-181400-001-000-45,"['O-20240228-181400-001-000-135', 'O-20240228-181400-001-000-136']",,,,,"['scenario=LRB-1709143860000000000-000270', 'family=SRR']",b30490f8-2ae3-498a-af00-9eb8306667b4,2024-02-28 18:14:00+00:00,2024-02-28 18:14:00+00:00,,,,,,,
BACKTESTER-001,LRBStrategy-000,BTCUSDT-PERP.BINANCE,BINANCE-1-135,BTCUSDT-PERP.BINANCE-LRBStrategy-000,BINANCE-001,T-72744829c1c7630a-14736,STOP_MARKET,SELL,7.075,GTC,True,False,7.075,TAKER,60508.700000000004,0.09999999999854481,['299.66933675 USDT'],NO_TRIGGER,FILLED,OUO,OL-20240228-181400-001-000-45,['O-20240228-181400-001-000-136'],O-20240228-181400-001-000-134,,,,"['scenario=LRB-1709143860000000000-000270', 'family=SRR']",a554ea48-7f3d-4fec-b946-9f5d6632d266,2024-02-28 18:14:00+00:00,2024-02-28 18:19:00+00:00,60508.8,DEFAULT,,,,,
BACKTESTER-001,LRBStrategy-000,BTCUSDT-PERP.BINANCE,BINANCE-1-137,BTCUSDT-PERP.BINANCE-LRBStrategy-000,BINANCE-001,T-99692caba8cc2640-15143,MARKET,SELL,8.172,GTC,False,False,8.172,TAKER,61124.99999999999,0.0,['349.65945000 USDT'],NO_TRIGGER,FILLED,OTO,OL-20240228-200300-001-000-46,"['O-20240228-200300-001-000-138', 'O-20240228-200300-001-000-139']",,,,,"['scenario=LRB-1709150460000000000-000278', 'family=SRR']",ee6c9be9-78b8-4267-9f79-1690c27f7d24,2024-02-28 20:03:00+00:00,2024-02-28 20:03:00+00:00,,,,,,,
BACKTESTER-001,LRBStrategy-000,BTCUSDT-PERP.BINANCE,BINANCE-1-139,BTCUSDT-PERP.BINANCE-LRBStrategy-000,BINANCE-001,T-6c836bf1cb38f288-15158,LIMIT,BUY,8.172,GTC,True,False,8.172,MAKER,60674.59999999999,0.09999999999126885,['347.08298184 USDT'],NO_TRIGGER,FILLED,OUO,OL-20240228-200300-001-000-46,['O-20240228-200300-001-000-138'],O-20240228-200300-001-000-137,,,,"['scenario=LRB-1709150460000000000-000278', 'family=SRR']",99884966-1ee2-433d-aa5b-b983c89c177c,2024-02-28 20:03:00+00:00,2024-02-28 20:07:00+00:00,,,,,60674.5,True,
BACKTESTER-001,LRBStrategy-000,BTCUSDT-PERP.BINANCE,BINANCE-1-140,BTCUSDT-PERP.BINANCE-LRBStrategy-000,BINANCE-001,T-52f2b407b8f23176-15715,MARKET,SELL,6.427,GTC,False,False,6.427,TAKER,61300.99999999999,0.0,['275.78706890 USDT'],NO_TRIGGER,FILLED,OTO,OL-20240228-223200-001-000-47,"['O-20240228-223200-001-000-141', 'O-20240228-223200-001-000-142']",,,,,"['scenario=LRB-1709159340000000000-000290', 'family=SRR']",66f58bd8-c1e2-429e-b963-c42d1389626c,2024-02-28 22:32:00+00:00,2024-02-28 22:32:00+00:00,,,,,,,
BACKTESTER-001,LRBStrategy-000,BTCUSDT-PERP.BINANCE,BINANCE-1-141,BTCUSDT-PERP.BINANCE-LRBStrategy-000,BINANCE-001,T-470124c7f54162b1-15778,STOP_MARKET,BUY,6.427,GTC,True,False,6.427,TAKER,61406.8,0.09999999999854481,['276.26305252 USDT'],NO_TRIGGER,FILLED,OUO,OL-20240228-223200-001-000-47,['O-20240228-223200-001-000-142'],O-20240228-223200-001-000-140,,,,"['scenario=LRB-1709159340000000000-000290', 'family=SRR']",91769c92-323b-4a72-a78b-fc16cc110030,2024-02-28 22:32:00+00:00,2024-02-28 22:53:00+00:00,61406.7,DEFAULT,,,,,
BACKTESTER-001,LRBStrategy-000,BTCUSDT-PERP.BINANCE,BINANCE-1-143,BTCUSDT-PERP.BINANCE-LRBStrategy-000,BINANCE-001,T-a1100b4a15462cc9-15786,MARKET,SELL,8.893,GTC,False,False,8.893,TAKER,61387.80000000001,0.0,['382.14519378 USDT'],NO_TRIGGER,FILLED,OTO,OL-20240228-225500-001-000-48,"['O-20240228-225500-001-000-144', 'O-20240228-225500-001-000-145']",,,,,"['scenario=LRB-1709160780000000000-000291', 'family=SRR']",ed112f43-deb4-4594-a2de-2df67e07f995,2024-02-28 22:55:00+00:00,2024-02-28 22:55:00+00:00,,,,,,,
BACKTESTER-001,LRBStrategy-000,BTCUSDT-PERP.BINANCE,BINANCE-1-144,BTCUSDT-PERP.BINANCE-LRBStrategy-000,BINANCE-001,T-45d6e32a1403324b-15815,STOP_MARKET,BUY,8.893,GTC,True,False,8.893,TAKER,61436.19999999999,0.09999999999126885,['382.44648862 USDT'],NO_TRIGGER,FILLED,OUO,OL-20240228-225500-001-000-48,['O-20240228-225500-001-000-145'],O-20240228-225500-001-000-143,,,,"['scenario=LRB-1709160780000000000-000291', 'family=SRR']",a101f002-6c41-4821-a8a5-1a195c776699,2024-02-28 22:55:00+00:00,2024-02-28 23:03:00+00:00,61436.1,DEFAULT,,,,,
BACKTESTER-001,LRBStrategy-000,BTCUSDT-PERP.BINANCE,BINANCE-1-146,BTCUSDT-PERP.BINANCE-LRBStrategy-000,BINANCE-001,T-a18ebab102ab8aed-15966,MARKET,SELL,5.615,GTC,False,False,5.615,TAKER,62548.19999999999,0.0,['245.84570010 USDT'],NO_TRIGGER,FILLED,OTO,OL-20240228-234300-001-000-49,"['O-20240228-234300-001-000-147', 'O-20240228-234300-001-000-148']",,,,,"['scenario=LRB-1709163660000000000-000295', 'family=SRR']",e9fe6545-19f1-4442-82ad-500e0377de0e,2024-02-28 23:43:00+00:00,2024-02-28 23:43:00+00:00,,,,,,,
BACKTESTER-001,LRBStrategy-000,BTCUSDT-PERP.BINANCE,BINANCE-1-148,BTCUSDT-PERP.BINANCE-LRBStrategy-000,BINANCE-001,T-7273a3c69e322ab8-16051,LIMIT,BUY,5.615,GTC,True,False,5.615,MAKER,62135.80000000001,0.10000000001309672,['244.22476190 USDT'],NO_TRIGGER,FILLED,OUO,OL-20240228-234300-001-000-49,['O-20240228-234300-001-000-147'],O-20240228-234300-001-000-146,,,,"['scenario=LRB-1709163660000000000-000295', 'family=SRR']",b7336799-6328-4df1-b07c-fe2311c20a63,2024-02-28 23:43:00+00:00,2024-02-29 00:05:00+00:00,,,,,62135.7,True,
BACKTESTER-001,LRBStrategy-000,BTCUSDT-PERP.BINANCE,BINANCE-1-149,BTCUSDT-PERP.BINANCE-LRBStrategy-000,BINANCE-001,T-b97382d47ede5898-16191,MARKET,SELL,4.536,GTC,False,False,4.536,TAKER,61869.40000000001,0.0,['196.44771888 USDT'],NO_TRIGGER,FILLED,OTO,OL-20240229-004200-001-000-50,"['O-20240229-004200-001-000-150', 'O-20240229-004200-001-000-151']",,,,,"['scenario=LRB-1709167200000000000-000299', 'family=SRR']",68306cfc-5b06-4a03-aebf-58d8375fe9ff,2024-02-29 00:42:00+00:00,2024-02-29 00:42:00+00:00,,,,,,,
BACKTESTER-001,LRBStrategy-000,BTCUSDT-PERP.BINANCE,BINANCE-1-151,BTCUSDT-PERP.BINANCE-LRBStrategy-000,BINANCE-001,T-f5bf63bedbe42aff-16222,LIMIT,BUY,4.536,GTC,True,False,4.536,MAKER,61523.6,0.09999999999854481,['195.34973472 USDT'],NO_TRIGGER,FILLED,OUO,OL-20240229-004200-001-000-50,['O-20240229-004200-001-000-150'],O-20240229-004200-001-000-149,,,,"['scenario=LRB-1709167200000000000-000299', 'family=SRR']",836e97d3-2d87-4551-a494-349f64bb8045,2024-02-29 00:42:00+00:00,2024-02-29 00:50:00+00:00,,,,,61523.5,True,
BACKTESTER-001,LRBStrategy-000,BTCUSDT-PERP.BINANCE,BINANCE-1-152,BTCUSDT-PERP.BINANCE-LRBStrategy-000,BINANCE-001,T-992a467f793700bb-16282,MARKET,BUY,3.621,GTC,False,False,3.621,TAKER,61491.9,0.0,['155.86351893 USDT'],NO_TRIGGER,FILLED,OTO,OL-20240229-010500-001-000-51,"['O-20240229-010500-001-000-153', 'O-20240229-010500-001-000-154']",,,,,"['scenario=LRB-1709168580000000000-000301', 'family=SRR']",a6d211e6-c5c5-45c6-aa8c-94cf2237fcc9,2024-02-29 01:05:00+00:00,2024-02-29 01:05:00+00:00,,,,,,,
BACKTESTER-001,LRBStrategy-000,BTCUSDT-PERP.BINANCE,BINANCE-1-153,BTCUSDT-PERP.BINANCE-LRBStrategy-000,BINANCE-001,T-b810ae38b7411e7b-16308,STOP_MARKET,SELL,3.621,GTC,True,False,3.621,TAKER,61232.8,0.09999999999126885,['155.20677816 USDT'],NO_TRIGGER,FILLED,OUO,OL-20240229-010500-001-000-51,['O-20240229-010500-001-000-154'],O-20240229-010500-001-000-152,,,,"['scenario=LRB-1709168580000000000-000301', 'family=SRR']",353ff1c2-69f5-4cbf-a167-0dccc82bb8bd,2024-02-29 01:05:00+00:00,2024-02-29 01:12:00+00:00,61232.9,DEFAULT,,,,,
BACKTESTER-001,LRBStrategy-000,BTCUSDT-PERP.BINANCE,BINANCE-1-155,BTCUSDT-PERP.BINANCE-LRBStrategy-000,BINANCE-001,T-cc17d708ed247554-16320,MARKET,BUY,9.419,GTC,False,False,9.419,TAKER,61191.7,0.0,['403.45523561 USDT'],NO_TRIGGER,FILLED,OTO,OL-20240229-011500-001-000-52,"['O-20240229-011500-001-000-156', 'O-20240229-011500-001-000-157']",,,,,"['scenario=LRB-1709169120000000000-000302', 'family=SRR']",30b88924-8670-4c11-a5c5-d8b69cae0efb,2024-02-29 01:15:00+00:00,2024-02-29 01:15:00+00:00,,,,,,,
BACKTESTER-001,LRBStrategy-000,BTCUSDT-PERP.BINANCE,BINANCE-1-156,BTCUSDT-PERP.BINANCE-LRBStrategy-000,BINANCE-001,T-96d1d32ea364910b-16365,STOP_MARKET,SELL,9.419,GTC,True,False,9.419,TAKER,61148.700000000004,0.09999999999854481,['403.17172371 USDT'],NO_TRIGGER,FILLED,OUO,OL-20240229-011500-001-000-52,['O-20240229-011500-001-000-157'],O-20240229-011500-001-000-155,,,,"['scenario=LRB-1709169120000000000-000302', 'family=SRR']",72f629c6-8175-4137-a83a-3b171403b563,2024-02-29 01:15:00+00:00,2024-02-29 01:27:00+00:00,61148.8,DEFAULT,,,,,
BACKTESTER-001,LRBStrategy-000,BTCUSDT-PERP.BINANCE,BINANCE-1-158,BTCUSDT-PERP.BINANCE-LRBStrategy-000,BINANCE-001,T-6d7f2679e79c027b-16375,MARKET,BUY,5.647,GTC,False,False,5.647,TAKER,61220.19999999999,0.0,['241.99732858 USDT'],NO_TRIGGER,FILLED,OTO,OL-20240229-012900-001-000-53,"['O-20240229-012900-001-000-159', 'O-20240229-012900-001-000-160']",,,,,"['scenario=LRB-1709170020000000000-000303', 'family=SRR']",01142d17-87a8-487f-924f-aa410395b51d,2024-02-29 01:29:00+00:00,2024-02-29 01:29:00+00:00,,,,,,,
BACKTESTER-001,LRBStrategy-000,BTCUSDT-PERP.BINANCE,BINANCE-1-160,BTCUSDT-PERP.BINANCE-LRBStrategy-000,BINANCE-001,T-63684562afaa45e9-16395,LIMIT,SELL,5.647,GTC,True,False,5.647,MAKER,61504.700000000004,0.09999999999854481,['243.12192863 USDT'],NO_TRIGGER,FILLED,OUO,OL-20240229-012900-001-000-53,['O-20240229-012900-001-000-159'],O-20240229-012900-001-000-158,,,,"['scenario=LRB-1709170020000000000-000303', 'family=SRR']",0fa45bae-0403-4d50-9d1e-553ce2fbf76b,2024-02-29 01:29:00+00:00,2024-02-29 01:35:00+00:00,,,,,61504.8,True,
BACKTESTER-001,LRBStrategy-000,BTCUSDT-PERP.BINANCE,BINANCE-1-161,BTCUSDT-PERP.BINANCE-LRBStrategy-000,BINANCE-001,T-c8a46f191dac7e0a-16892,MARKET,SELL,11.416,GTC,False,False,11.416,TAKER,61509.799999999996,0.0,['491.53711376 USDT'],NO_TRIGGER,FILLED,OTO,OL-20240229-034600-001-000-54,"['O-20240229-034600-001-000-162', 'O-20240229-034600-001-000-163']",,,,,"['scenario=LRB-1709178240000000000-000312', 'family=SRR']",db322b7f-d848-45c8-b5cb-2260fd2311ec,2024-02-29 03:46:00+00:00,2024-02-29 03:46:00+00:00,,,,,,,
BACKTESTER-001,LRBStrategy-000,BTCUSDT-PERP.BINANCE,BINANCE-1-162,BTCUSDT-PERP.BINANCE-LRBStrategy-000,BINANCE-001,T-c38efea446cdcd98-16895,STOP_MARKET,BUY,11.416,GTC,True,False,11.416,TAKER,61529.6,0.09999999999854481,['491.69533952 USDT'],NO_TRIGGER,FILLED,OUO,OL-20240229-034600-001-000-54,['O-20240229-034600-001-000-163'],O-20240229-034600-001-000-161,,,,"['scenario=LRB-1709178240000000000-000312', 'family=SRR']",e17723c0-5ed4-45d2-bbd0-8bc9689ea6b6,2024-02-29 03:46:00+00:00,2024-02-29 03:47:00+00:00,61529.5,DEFAULT,,,,,
BACKTESTER-001,LRBStrategy-000,BTCUSDT-PERP.BINANCE,BINANCE-1-164,BTCUSDT-PERP.BINANCE-LRBStrategy-000,BINANCE-001,T-d8e253b8609c36fb-17048,MARKET,SELL,6.635,GTC,False,False,6.635,TAKER,61793.6,0.0,['287.00037520 USDT'],NO_TRIGGER,FILLED,OTO,OL-20240229-043000-001-000-55,"['O-20240229-043000-001-000-165', 'O-20240229-043000-001-000-166']",,,,,"['scenario=LRB-1709180880000000000-000317', 'family=SRR']",e35f5957-2073-43e1-bee1-bd5f0ee6b82c,2024-02-29 04:30:00+00:00,2024-02-29 04:30:00+00:00,,,,,,,
BACKTESTER-001,LRBStrategy-000,BTCUSDT-PERP.BINANCE,BINANCE-1-165,BTCUSDT-PERP.BINANCE-LRBStrategy-000,BINANCE-001,T-10e10af9eaea5db9-17072,STOP_MARKET,BUY,6.635,GTC,True,False,6.635,TAKER,61883.80000000001,0.10000000001309672,['287.41930910 USDT'],NO_TRIGGER,FILLED,OUO,OL-20240229-043000-001-000-55,['O-20240229-043000-001-000-166'],O-20240229-043000-001-000-164,,,,"['scenario=LRB-1709180880000000000-000317', 'family=SRR']",00913b61-f4d9-4b80-abde-b31c52936bc3,2024-02-29 04:30:00+00:00,2024-02-29 04:36:00+00:00,61883.7,DEFAULT,,,,,
BACKTESTER-001,LRBStrategy-000,BTCUSDT-PERP.BINANCE,BINANCE-1-167,BTCUSDT-PERP.BINANCE-LRBStrategy-000,BINANCE-001,T-0973a36f1e0a790a-17351,MARKET,SELL,6.490,GTC,False,False,6.490,TAKER,62211.6,0.0,['282.62729880 USDT'],NO_TRIGGER,FILLED,OTO,OL-20240229-054900-001-000-56,"['O-20240229-054900-001-000-168', 'O-20240229-054900-001-000-169']",,,,,"['scenario=LRB-1709185560000000000-000323', 'family=SRR']",558a17eb-93cc-4ae2-9e90-c78e27f3f96d,2024-02-29 05:49:00+00:00,2024-02-29 05:49:00+00:00,,,,,,,
BACKTESTER-001,LRBStrategy-000,BTCUSDT-PERP.BINANCE,BINANCE-1-168,BTCUSDT-PERP.BINANCE-LRBStrategy-000,BINANCE-001,T-fa38772dd4b7804c-17358,STOP_MARKET,BUY,6.490,GTC,True,False,6.490,TAKER,62299.7,0.09999999999854481,['283.02753710 USDT'],NO_TRIGGER,FILLED,OUO,OL-20240229-054900-001-000-56,['O-20240229-054900-001-000-169'],O-20240229-054900-001-000-167,,,,"['scenario=LRB-1709185560000000000-000323', 'family=SRR']",565bbace-550e-4496-acfe-bfa60665f4b8,2024-02-29 05:49:00+00:00,2024-02-29 05:51:00+00:00,62299.6,DEFAULT,,,,,
BACKTESTER-001,LRBStrategy-000,BTCUSDT-PERP.BINANCE,BINANCE-1-170,BTCUSDT-PERP.BINANCE-LRBStrategy-000,BINANCE-001,T-0ce5ca967bd7d6b7-17444,MARKET,SELL,4.093,GTC,False,False,4.093,TAKER,63024.1,0.0,['180.57034891 USDT'],NO_TRIGGER,FILLED,OTO,OL-20240229-061200-001-000-57,"['O-20240229-061200-001-000-171', 'O-20240229-061200-001-000-172']",,,,,"['scenario=LRB-1709187000000000000-000326', 'family=SRR']",2b0c5140-c416-4c5f-bc36-7e3bf192dd3f,2024-02-29 06:12:00+00:00,2024-02-29 06:12:00+00:00,,,,,,,
BACKTESTER-001,LRBStrategy-000,BTCUSDT-PERP.BINANCE,BINANCE-1-171,BTCUSDT-PERP.BINANCE-LRBStrategy-000,BINANCE-001,T-11882cb342561526-17452,STOP_MARKET,BUY,4.093,GTC,True,False,4.093,TAKER,63205.299999999996,0.09999999999854481,['181.08950503 USDT'],NO_TRIGGER,FILLED,OUO,OL-20240229-061200-001-000-57,['O-20240229-061200-001-000-172'],O-20240229-061200-001-000-170,,,,"['scenario=LRB-1709187000000000000-000326', 'family=SRR']",8a9f185d-6a94-4ceb-bcfc-29984f2a7504,2024-02-29 06:12:00+00:00,2024-02-29 06:14:00+00:00,63205.2,DEFAULT,,,,,
BACKTESTER-001,LRBStrategy-000,BTCUSDT-PERP.BINANCE,BINANCE-1-173,BTCUSDT-PERP.BINANCE-LRBStrategy-000,BINANCE-001,T-0cbcacae84fec189-17732,MARKET,BUY,4.158,GTC,False,False,4.158,TAKER,62850.200000000004,0.0,['182.93179212 USDT'],NO_TRIGGER,FILLED,OTO,OL-20240229-072600-001-000-58,"['O-20240229-072600-001-000-174', 'O-20240229-072600-001-000-175']",,,,,"['scenario=LRB-1709191320000000000-000331', 'family=SRR']",9bdc0aad-5dd1-48a3-8ff8-3d6f7cdbcc0b,2024-02-29 07:26:00+00:00,2024-02-29 07:26:00+00:00,,,,,,,
BACKTESTER-001,LRBStrategy-000,BTCUSDT-PERP.BINANCE,BINANCE-1-174,BTCUSDT-PERP.BINANCE-LRBStrategy-000,BINANCE-001,T-a40ff9c4d923223f-17751,STOP_MARKET,SELL,4.158,GTC,True,False,4.158,TAKER,62680.700000000004,0.09999999999854481,['182.43844542 USDT'],NO_TRIGGER,FILLED,OUO,OL-20240229-072600-001-000-58,['O-20240229-072600-001-000-175'],O-20240229-072600-001-000-173,,,,"['scenario=LRB-1709191320000000000-000331', 'family=SRR']",980fe90d-d9b0-480a-a83b-cc679c400ea1,2024-02-29 07:26:00+00:00,2024-02-29 07:31:00+00:00,62680.8,DEFAULT,,,,,
BACKTESTER-001,LRBStrategy-000,BTCUSDT-PERP.BINANCE,BINANCE-1-176,BTCUSDT-PERP.BINANCE-LRBStrategy-000,BINANCE-001,T-0aa95c6675784a42-17760,MARKET,BUY,3.341,GTC,False,False,3.341,TAKER,62813.6,0.0,['146.90216632 USDT'],NO_TRIGGER,FILLED,OTO,OL-20240229-073300-001-000-59,"['O-20240229-073300-001-000-177', 'O-20240229-073300-001-000-178']",,,,,"['scenario=LRB-1709191860000000000-000332', 'family=SRR']",20831514-aeaf-4b97-9115-733744a7c12b,2024-02-29 07:33:00+00:00,2024-02-29 07:33:00+00:00,,,,,,,
BACKTESTER-001,LRBStrategy-000,BTCUSDT-PERP.BINANCE,BINANCE-1-177,BTCUSDT-PERP.BINANCE-LRBStrategy-000,BINANCE-001,T-905bcf6cb4bce4d9-17960,STOP_MARKET,SELL,3.341,GTC,True,False,3.341,TAKER,62590.700000000004,0.09999999999854481,['146.38087009 USDT'],NO_TRIGGER,FILLED,OUO,OL-20240229-073300-001-000-59,['O-20240229-073300-001-000-178'],O-20240229-073300-001-000-176,,,,"['scenario=LRB-1709191860000000000-000332', 'family=SRR']",5b69a8af-2511-4da4-b5f1-920e5e49fd11,2024-02-29 07:33:00+00:00,2024-02-29 08:26:00+00:00,62590.8,DEFAULT,,,,,
BACKTESTER-001,LRBStrategy-000,BTCUSDT-PERP.BINANCE,BINANCE-1-179,BTCUSDT-PERP.BINANCE-LRBStrategy-000,BINANCE-001,T-0cfc0f372ded57f2-18137,MARKET,SELL,8.974,GTC,False,False,8.974,TAKER,62997.9,0.0,['395.74020822 USDT'],NO_TRIGGER,FILLED,OTO,OL-20240229-091100-001-000-60,"['O-20240229-091100-001-000-180', 'O-20240229-091100-001-000-181']",,,,,"['scenario=LRB-1709197680000000000-000335', 'family=SRR']",c51357e8-6f14-44d1-a95b-42a6f84aed18,2024-02-29 09:11:00+00:00,2024-02-29 09:11:00+00:00,,,,,,,
BACKTESTER-001,LRBStrategy-000,BTCUSDT-PERP.BINANCE,BINANCE-1-180,BTCUSDT-PERP.BINANCE-LRBStrategy-000,BINANCE-001,T-d5205b327cd14e5f-18140,STOP_MARKET,BUY,8.974,GTC,True,False,8.974,TAKER,63021.9,0.10000000000582077,['395.89097142 USDT'],NO_TRIGGER,FILLED,OUO,OL-20240229-091100-001-000-60,['O-20240229-091100-001-000-181'],O-20240229-091100-001-000-179,,,,"['scenario=LRB-1709197680000000000-000335', 'family=SRR']",ef0fd0af-b12d-46a7-819c-2ef602e9e027,2024-02-29 09:11:00+00:00,2024-02-29 09:12:00+00:00,63021.8,DEFAULT,,,,,
BACKTESTER-001,LRBStrategy-000,BTCUSDT-PERP.BINANCE,BINANCE-1-182,BTCUSDT-PERP.BINANCE-LRBStrategy-000,BINANCE-001,T-bef9ccda149a781c-18179,MARKET,BUY,7.549,GTC,False,False,7.549,TAKER,62640.1,0.0,['331.00908043 USDT'],NO_TRIGGER,FILLED,OTO,OL-20240229-092200-001-000-61,"['O-20240229-092200-001-000-183', 'O-20240229-092200-001-000-184']",,,,,"['scenario=LRB-1709198340000000000-000337', 'family=SRR']",6495f3c4-dc91-4f83-8090-91c0f05a922d,2024-02-29 09:22:00+00:00,2024-02-29 09:22:00+00:00,,,,,,,
BACKTESTER-001,LRBStrategy-000,BTCUSDT-PERP.BINANCE,BINANCE-1-183,BTCUSDT-PERP.BINANCE-LRBStrategy-000,BINANCE-001,T-0d1f5676f5ea9744-18183,STOP_MARKET,SELL,7.549,GTC,True,False,7.549,TAKER,62598.3,0.09999999999854481,['330.78819669 USDT'],NO_TRIGGER,FILLED,OUO,OL-20240229-092200-001-000-61,['O-20240229-092200-001-000-184'],O-20240229-092200-001-000-182,,,,"['scenario=LRB-1709198340000000000-000337', 'family=SRR']",2274451b-cdf2-4fec-871a-f37a22e4d32b,2024-02-29 09:22:00+00:00,2024-02-29 09:23:00+00:00,62598.4,DEFAULT,,,,,
BACKTESTER-001,LRBStrategy-000,BTCUSDT-PERP.BINANCE,BINANCE-1-185,BTCUSDT-PERP.BINANCE-LRBStrategy-000,BINANCE-001,T-4d556d0193fb5b67-19507,MARKET,BUY,6.868,GTC,False,False,6.868,TAKER,62655.299999999996,0.0,['301.22162028 USDT'],NO_TRIGGER,FILLED,OTO,OL-20240229-151500-001-000-62,"['O-20240229-151500-001-000-186', 'O-20240229-151500-001-000-187']",,,,,"['scenario=LRB-1709219580000000000-000365', 'family=SRR']",d3e7be59-28ca-4d9d-aff6-cba55784f993,2024-02-29 15:15:00+00:00,2024-02-29 15:15:00+00:00,,,,,,,
BACKTESTER-001,LRBStrategy-000,BTCUSDT-PERP.BINANCE,BINANCE-1-187,BTCUSDT-PERP.BINANCE-LRBStrategy-000,BINANCE-001,T-1f5fa09dc24d3c2d-19530,LIMIT,SELL,6.868,GTC,True,False,6.868,MAKER,63068.19999999999,0.10000000001309672,['303.20667832 USDT'],NO_TRIGGER,FILLED,OUO,OL-20240229-151500-001-000-62,['O-20240229-151500-001-000-186'],O-20240229-151500-001-000-185,,,,"['scenario=LRB-1709219580000000000-000365', 'family=SRR']",276b749e-909b-4581-b321-6183d60b6d47,2024-02-29 15:15:00+00:00,2024-02-29 15:21:00+00:00,,,,,63068.3,True,
BACKTESTER-001,LRBStrategy-000,BTCUSDT-PERP.BINANCE,BINANCE-1-188,BTCUSDT-PERP.BINANCE-LRBStrategy-000,BINANCE-001,T-da0689fbaf003337-19636,MARKET,BUY,11.392,GTC,False,False,11.392,TAKER,62953.100000000006,0.0,['502.01320064 USDT'],NO_TRIGGER,FILLED,OTO,OL-20240229-154800-001-000-63,"['O-20240229-154800-001-000-189', 'O-20240229-154800-001-000-190']",,,,,"['scenario=LRB-1709221440000000000-000368', 'family=SRR']",18687a5d-0e35-42b6-95b7-ff5ef7e7c593,2024-02-29 15:48:00+00:00,2024-02-29 15:48:00+00:00,,,,,,,
BACKTESTER-001,LRBStrategy-000,BTCUSDT-PERP.BINANCE,BINANCE-1-189,BTCUSDT-PERP.BINANCE-LRBStrategy-000,BINANCE-001,T-59cd14ac32d2612c-19655,STOP_MARKET,SELL,11.392,GTC,True,False,11.392,TAKER,62952.19999999999,0.10000000001309672,['502.00602368 USDT'],NO_TRIGGER,FILLED,OUO,OL-20240229-154800-001-000-63,['O-20240229-154800-001-000-190'],O-20240229-154800-001-000-188,,,,"['scenario=LRB-1709221440000000000-000368', 'family=SRR']",c031a852-fda1-4311-a316-2628245bc1df,2024-02-29 15:48:00+00:00,2024-02-29 15:53:00+00:00,62952.3,DEFAULT,,,,,
BACKTESTER-001,LRBStrategy-000,BTCUSDT-PERP.BINANCE,BINANCE-1-191,BTCUSDT-PERP.BINANCE-LRBStrategy-000,BINANCE-001,T-78406eafb2d48946-20076,MARKET,BUY,10.169,GTC,False,False,10.169,TAKER,61198.59999999999,0.0,['435.62999438 USDT'],NO_TRIGGER,FILLED,OTO,OL-20240229-174100-001-000-64,"['O-20240229-174100-001-000-192', 'O-20240229-174100-001-000-193']",,,,,"['scenario=LRB-1709228340000000000-000378', 'family=SRR']",f0c3ad0e-1c71-4d17-b5fb-e94815ba332e,2024-02-29 17:41:00+00:00,2024-02-29 17:41:00+00:00,,,,,,,
BACKTESTER-001,LRBStrategy-000,BTCUSDT-PERP.BINANCE,BINANCE-1-192,BTCUSDT-PERP.BINANCE-LRBStrategy-000,BINANCE-001,T-a9bd54b679608d70-20080,STOP_MARKET,SELL,10.169,GTC,True,False,10.169,TAKER,61187.5,0.09999999999854481,['435.55098125 USDT'],NO_TRIGGER,FILLED,OUO,OL-20240229-174100-001-000-64,['O-20240229-174100-001-000-193'],O-20240229-174100-001-000-191,,,,"['scenario=LRB-1709228340000000000-000378', 'family=SRR']",fec814d0-9ba6-436c-93f4-b8744653fc7f,2024-02-29 17:41:00+00:00,2024-02-29 17:42:00+00:00,61187.6,DEFAULT,,,,,
BACKTESTER-001,LRBStrategy-000,BTCUSDT-PERP.BINANCE,BINANCE-1-194,BTCUSDT-PERP.BINANCE-LRBStrategy-000,BINANCE-001,T-f3bcae05d87f08ef-20133,MARKET,BUY,2.516,GTC,False,False,2.516,TAKER,60906.5,0.0,['107.26852780 USDT'],NO_TRIGGER,FILLED,OTO,OL-20240229-175500-001-000-65,"['O-20240229-175500-001-000-195', 'O-20240229-175500-001-000-196']",,,,,"['scenario=LRB-1709229060000000000-000380', 'family=SRR']",fee7e6df-cdee-4515-87f8-f5ae49d246d3,2024-02-29 17:55:00+00:00,2024-02-29 17:55:00+00:00,,,,,,,
BACKTESTER-001,LRBStrategy-000,BTCUSDT-PERP.BINANCE,BINANCE-1-195,BTCUSDT-PERP.BINANCE-LRBStrategy-000,BINANCE-001,T-81417aeea2ad3dd7-20350,STOP_MARKET,SELL,2.516,GTC,True,False,2.516,TAKER,60612.3,0.09999999999854481,['106.75038276 USDT'],NO_TRIGGER,FILLED,OUO,OL-20240229-175500-001-000-65,['O-20240229-175500-001-000-196'],O-20240229-175500-001-000-194,,,,"['scenario=LRB-1709229060000000000-000380', 'family=SRR']",01db0fe4-3bf9-4d94-867f-3512bd98b1ba,2024-02-29 17:55:00+00:00,2024-02-29 18:51:00+00:00,60612.4,DEFAULT,,,,,
BACKTESTER-001,LRBStrategy-000,BTCUSDT-PERP.BINANCE,BINANCE-1-197,BTCUSDT-PERP.BINANCE-LRBStrategy-000,BINANCE-001,T-e9261dd2ba564e14-20636,MARKET,SELL,4.476,GTC,False,False,4.476,TAKER,61649.799999999996,0.0,['193.16115336 USDT'],NO_TRIGGER,FILLED,OTO,OL-20240229-200500-001-000-66,"['O-20240229-200500-001-000-198', 'O-20240229-200500-001-000-199']",,,,,"['scenario=LRB-1709236980000000000-000386', 'family=SRR']",e39033f7-b444-48d6-b683-eb3a5db4ffef,2024-02-29 20:05:00+00:00,2024-02-29 20:05:00+00:00,,,,,,,
BACKTESTER-001,LRBStrategy-000,BTCUSDT-PERP.BINANCE,BINANCE-1-198,BTCUSDT-PERP.BINANCE-LRBStrategy-000,BINANCE-001,T-53e389ed1f6e9b7e-20644,STOP_MARKET,BUY,4.476,GTC,True,False,4.476,TAKER,61770.3,0.09999999999854481,['193.53870396 USDT'],NO_TRIGGER,FILLED,OUO,OL-20240229-200500-001-000-66,['O-20240229-200500-001-000-199'],O-20240229-200500-001-000-197,,,,"['scenario=LRB-1709236980000000000-000386', 'family=SRR']",08017762-a66b-4de9-8fa0-e76bb859d19b,2024-02-29 20:05:00+00:00,2024-02-29 20:07:00+00:00,61770.2,DEFAULT,,,,,
BACKTESTER-001,LRBStrategy-000,BTCUSDT-PERP.BINANCE,BINANCE-1-200,BTCUSDT-PERP.BINANCE-LRBStrategy-000,BINANCE-001,T-512f166886247616-20684,MARKET,SELL,9.133,GTC,False,False,9.133,TAKER,61994.8,0.0,['396.33895588 USDT'],NO_TRIGGER,FILLED,OTO,OL-20240229-201700-001-000-67,"['O-20240229-201700-001-000-201', 'O-20240229-201700-001-000-202']",,,,,"['scenario=LRB-1709237580000000000-000388', 'family=SRR']",10c3c395-a171-4079-b972-184924da8315,2024-02-29 20:17:00+00:00,2024-02-29 20:17:00+00:00,,,,,,,
BACKTESTER-001,LRBStrategy-000,BTCUSDT-PERP.BINANCE,BINANCE-1-201,BTCUSDT-PERP.BINANCE-LRBStrategy-000,BINANCE-001,T-ad83e2ad9ec6bce8-20688,STOP_MARKET,BUY,9.133,GTC,True,False,9.133,TAKER,62006.4,0.09999999999854481,['396.41311584 USDT'],NO_TRIGGER,FILLED,OUO,OL-20240229-201700-001-000-67,['O-20240229-201700-001-000-202'],O-20240229-201700-001-000-200,,,,"['scenario=LRB-1709237580000000000-000388', 'family=SRR']",26d99694-b920-4672-ae65-e965d794cfa5,2024-02-29 20:17:00+00:00,2024-02-29 20:18:00+00:00,62006.3,DEFAULT,,,,,
BACKTESTER-001,LRBStrategy-000,BTCUSDT-PERP.BINANCE,BINANCE-1-203,BTCUSDT-PERP.BINANCE-LRBStrategy-000,BINANCE-001,T-e3eafc23df3223c4-20702,MARKET,SELL,4.899,GTC,False,False,4.899,TAKER,62021.40000000001,0.0,['212.68998702 USDT'],NO_TRIGGER,FILLED,OTO,OL-20240229-202100-001-000-68,"['O-20240229-202100-001-000-204', 'O-20240229-202100-001-000-205']",,,,,"['scenario=LRB-1709237940000000000-000389', 'family=SRR']",25522144-5ad4-4c3e-a85a-a92b79ef4741,2024-02-29 20:21:00+00:00,2024-02-29 20:21:00+00:00,,,,,,,
BACKTESTER-001,LRBStrategy-000,BTCUSDT-PERP.BINANCE,BINANCE-1-204,BTCUSDT-PERP.BINANCE-LRBStrategy-000,BINANCE-001,T-cbcae528f354e127-20710,STOP_MARKET,BUY,4.899,GTC,True,False,4.899,TAKER,62112.4,0.09999999999854481,['213.00205332 USDT'],NO_TRIGGER,FILLED,OUO,OL-20240229-202100-001-000-68,['O-20240229-202100-001-000-205'],O-20240229-202100-001-000-203,,,,"['scenario=LRB-1709237940000000000-000389', 'family=SRR']",cb1e51b9-ac37-4c1d-a529-318215b4cc9e,2024-02-29 20:21:00+00:00,2024-02-29 20:23:00+00:00,62112.3,DEFAULT,,,,,
BACKTESTER-001,LRBStrategy-000,BTCUSDT-PERP.BINANCE,BINANCE-1-206,BTCUSDT-PERP.BINANCE-LRBStrategy-000,BINANCE-001,T-4615625bc91ae496-21180,MARKET,BUY,2.449,GTC,False,False,2.449,TAKER,61232.5,0.0,['104.97087475 USDT'],NO_TRIGGER,FILLED,OTO,OL-20240229-222400-001-000-69,"['O-20240229-222400-001-000-207', 'O-20240229-222400-001-000-208']",,,,,"['scenario=LRB-1709245260000000000-000398', 'family=SRR']",8587584b-6178-438b-b74a-ed259fb36c7a,2024-02-29 22:24:00+00:00,2024-02-29 22:24:00+00:00,,,,,,,
BACKTESTER-001,LRBStrategy-000,BTCUSDT-PERP.BINANCE,BINANCE-1-207,BTCUSDT-PERP.BINANCE-LRBStrategy-000,BINANCE-001,T-ef26e7d311e309b3-21238,STOP_MARKET,SELL,2.449,GTC,True,False,2.449,TAKER,60972.99999999999,0.10000000001309672,['104.52601390 USDT'],NO_TRIGGER,FILLED,OUO,OL-20240229-222400-001-000-69,['O-20240229-222400-001-000-208'],O-20240229-222400-001-000-206,,,,"['scenario=LRB-1709245260000000000-000398', 'family=SRR']",6ec9d637-1362-4281-9729-faa4e9cb81b7,2024-02-29 22:24:00+00:00,2024-02-29 22:39:00+00:00,60973.1,DEFAULT,,,,,
BACKTESTER-001,LRBStrategy-000,BTCUSDT-PERP.BINANCE,BINANCE-1-209,BTCUSDT-PERP.BINANCE-LRBStrategy-000,BINANCE-001,T-4fe8600e4f1ec355-21247,MARKET,BUY,4.410,GTC,False,False,4.410,TAKER,61032.8,0.0,['188.40825360 USDT'],NO_TRIGGER,FILLED,OTO,OL-20240229-224100-001-000-70,"['O-20240229-224100-001-000-210', 'O-20240229-224100-001-000-211']",,,,,"['scenario=LRB-1709246340000000000-000399', 'family=SRR']",aa74f639-9ef0-466a-9db3-67d4c5c861f5,2024-02-29 22:41:00+00:00,2024-02-29 22:41:00+00:00,,,,,,,
BACKTESTER-001,LRBStrategy-000,BTCUSDT-PERP.BINANCE,BINANCE-1-210,BTCUSDT-PERP.BINANCE-LRBStrategy-000,BINANCE-001,T-ac1da6048af0fe1b-21253,STOP_MARKET,SELL,4.410,GTC,True,False,4.410,TAKER,60932.3,0.09999999999854481,['188.09801010 USDT'],NO_TRIGGER,FILLED,OUO,OL-20240229-224100-001-000-70,['O-20240229-224100-001-000-211'],O-20240229-224100-001-000-209,,,,"['scenario=LRB-1709246340000000000-000399', 'family=SRR']",f7880d8d-e1c3-47d0-a07a-0e278387ecda,2024-02-29 22:41:00+00:00,2024-02-29 22:43:00+00:00,60932.4,DEFAULT,,,,,
BACKTESTER-001,LRBStrategy-000,BTCUSDT-PERP.BINANCE,BINANCE-1-212,BTCUSDT-PERP.BINANCE-LRBStrategy-000,BINANCE-001,T-8177357f014860b6-21326,MARKET,SELL,7.975,GTC,False,False,7.975,TAKER,61362.899999999994,0.0,['342.55838925 USDT'],NO_TRIGGER,FILLED,OTO,OL-20240229-230300-001-000-71,"['O-20240229-230300-001-000-213', 'O-20240229-230300-001-000-214']",,,,,"['scenario=LRB-1709247660000000000-000401', 'family=SRR']",4d023362-39c3-40c2-95f6-49d96c3270ef,2024-02-29 23:03:00+00:00,2024-02-29 23:03:00+00:00,,,,,,,
BACKTESTER-001,LRBStrategy-000,BTCUSDT-PERP.BINANCE,BINANCE-1-213,BTCUSDT-PERP.BINANCE-LRBStrategy-000,BINANCE-001,T-7331a4237d172aa3-21329,STOP_MARKET,BUY,7.975,GTC,True,False,7.975,TAKER,61376.700000000004,0.09999999999854481,['342.63542775 USDT'],NO_TRIGGER,FILLED,OUO,OL-20240229-230300-001-000-71,['O-20240229-230300-001-000-214'],O-20240229-230300-001-000-212,,,,"['scenario=LRB-1709247660000000000-000401', 'family=SRR']",ff5f329a-72c8-4a71-b675-52c68dbbca15,2024-02-29 23:03:00+00:00,2024-02-29 23:04:00+00:00,61376.6,DEFAULT,,,,,
BACKTESTER-001,LRBStrategy-000,BTCUSDT-PERP.BINANCE,BINANCE-1-215,BTCUSDT-PERP.BINANCE-LRBStrategy-000,BINANCE-001,T-8269f695d3ed8dbb-21401,MARKET,SELL,5.711,GTC,False,False,5.711,TAKER,61440.600000000006,0.0,['245.62108662 USDT'],NO_TRIGGER,FILLED,OTO,OL-20240229-232300-001-000-72,"['O-20240229-232300-001-000-216', 'O-20240229-232300-001-000-217']",,,,,"['scenario=LRB-1709248860000000000-000403', 'family=SRR']",5a558f45-9101-406f-9a66-54ce79a7f521,2024-02-29 23:23:00+00:00,2024-02-29 23:23:00+00:00,,,,,,,
BACKTESTER-001,LRBStrategy-000,BTCUSDT-PERP.BINANCE,BINANCE-1-216,BTCUSDT-PERP.BINANCE-LRBStrategy-000,BINANCE-001,T-1388011e3e8d1f7b-21408,STOP_MARKET,BUY,5.711,GTC,True,False,5.711,TAKER,61489.6,0.09999999999854481,['245.81697392 USDT'],NO_TRIGGER,FILLED,OUO,OL-20240229-232300-001-000-72,['O-20240229-232300-001-000-217'],O-20240229-232300-001-000-215,,,,"['scenario=LRB-1709248860000000000-000403', 'family=SRR']",6795dba1-62b8-43df-af29-2943e321f8ad,2024-02-29 23:23:00+00:00,2024-02-29 23:25:00+00:00,61489.5,DEFAULT,,,,,
BACKTESTER-001,LRBStrategy-000,BTCUSDT-PERP.BINANCE,BINANCE-1-218,BTCUSDT-PERP.BINANCE-LRBStrategy-000,BINANCE-001,T-a9990994447a3c61-21658,MARKET,SELL,3.520,GTC,False,False,3.520,TAKER,61721.6,0.0,['152.08202240 USDT'],NO_TRIGGER,FILLED,OTO,OL-20240301-003200-001-000-73,"['O-20240301-003200-001-000-219', 'O-20240301-003200-001-000-220']",,,,,"['scenario=LRB-1709253000000000000-000408', 'family=SRR']",91db5ea8-2808-4241-883e-8fa4a8c9ae31,2024-03-01 00:32:00+00:00,2024-03-01 00:32:00+00:00,,,,,,,
BACKTESTER-001,LRBStrategy-000,BTCUSDT-PERP.BINANCE,BINANCE-1-220,BTCUSDT-PERP.BINANCE-LRBStrategy-000,BINANCE-001,T-6b067857f15191c1-21950,LIMIT,BUY,3.520,GTC,True,False,3.520,MAKER,61257.5,0.09999999999126885,['150.93848000 USDT'],NO_TRIGGER,FILLED,OUO,OL-20240301-003200-001-000-73,['O-20240301-003200-001-000-219'],O-20240301-003200-001-000-218,,,,"['scenario=LRB-1709253000000000000-000408', 'family=SRR']",3787ff51-3f17-4e28-82e0-6d019f2d891b,2024-03-01 00:32:00+00:00,2024-03-01 01:52:00+00:00,,,,,61257.4,True,
BACKTESTER-001,LRBStrategy-000,BTCUSDT-PERP.BINANCE,BINANCE-1-221,BTCUSDT-PERP.BINANCE-LRBStrategy-000,BINANCE-001,T-0cdf7b42a0841930-23196,MARKET,BUY,6.579,GTC,False,False,6.579,TAKER,61506.8,0.0,['283.25726604 USDT'],NO_TRIGGER,FILLED,OTO,OL-20240301-073300-001-000-74,"['O-20240301-073300-001-000-222', 'O-20240301-073300-001-000-223']",,,,,"['scenario=LRB-1709278260000000000-000431', 'family=SRR']",6cb986c1-2eb1-47bc-ac15-fb10686e4caa,2024-03-01 07:33:00+00:00,2024-03-01 07:33:00+00:00,,,,,,,
BACKTESTER-001,LRBStrategy-000,BTCUSDT-PERP.BINANCE,BINANCE-1-222,BTCUSDT-PERP.BINANCE-LRBStrategy-000,BINANCE-001,T-642b2fc5a165df29-23211,STOP_MARKET,SELL,6.579,GTC,True,False,6.579,TAKER,61473.100000000006,0.09999999999126885,['283.10206743 USDT'],NO_TRIGGER,FILLED,OUO,OL-20240301-073300-001-000-74,['O-20240301-073300-001-000-223'],O-20240301-073300-001-000-221,,,,"['scenario=LRB-1709278260000000000-000431', 'family=SRR']",00428730-5be9-4427-8b51-101b6ad99917,2024-03-01 07:33:00+00:00,2024-03-01 07:37:00+00:00,61473.2,DEFAULT,,,,,
BACKTESTER-001,LRBStrategy-000,BTCUSDT-PERP.BINANCE,BINANCE-1-224,BTCUSDT-PERP.BINANCE-LRBStrategy-000,BINANCE-001,T-fe565bca917bbe2f-23221,MARKET,BUY,3.665,GTC,False,False,3.665,TAKER,61553.5,0.0,['157.91550425 USDT'],NO_TRIGGER,FILLED,OTO,OL-20240301-073900-001-000-75,"['O-20240301-073900-001-000-225', 'O-20240301-073900-001-000-226']",,,,,"['scenario=LRB-1709278620000000000-000432', 'family=SRR']",d55af341-657e-40a1-8486-c69401170262,2024-03-01 07:39:00+00:00,2024-03-01 07:39:00+00:00,,,,,,,
BACKTESTER-001,LRBStrategy-000,BTCUSDT-PERP.BINANCE,BINANCE-1-225,BTCUSDT-PERP.BINANCE-LRBStrategy-000,BINANCE-001,T-8fd65fcc36a82fe2-23330,STOP_MARKET,SELL,3.665,GTC,True,False,3.665,TAKER,61431.00000000001,0.09999999999854481,['157.60123050 USDT'],NO_TRIGGER,FILLED,OUO,OL-20240301-073900-001-000-75,['O-20240301-073900-001-000-226'],O-20240301-073900-001-000-224,,,,"['scenario=LRB-1709278620000000000-000432', 'family=SRR']",ca2f4a91-dcaf-43b1-a70e-be8a915733e2,2024-03-01 07:39:00+00:00,2024-03-01 08:09:00+00:00,61431.1,DEFAULT,,,,,
BACKTESTER-001,LRBStrategy-000,BTCUSDT-PERP.BINANCE,BINANCE-1-227,BTCUSDT-PERP.BINANCE-LRBStrategy-000,BINANCE-001,T-16f300352b6e64a7-23616,MARKET,SELL,5.008,GTC,False,False,5.008,TAKER,62214.0,0.0,['218.09739840 USDT'],NO_TRIGGER,FILLED,OTO,OL-20240301-092400-001-000-76,"['O-20240301-092400-001-000-228', 'O-20240301-092400-001-000-229']",,,,,"['scenario=LRB-1709284920000000000-000439', 'family=SRR']",d5d67fda-36c9-412a-94fc-186fe0bc19b1,2024-03-01 09:24:00+00:00,2024-03-01 09:24:00+00:00,,,,,,,
BACKTESTER-001,LRBStrategy-000,BTCUSDT-PERP.BINANCE,BINANCE-1-230,BTCUSDT-PERP.BINANCE-LRBStrategy-000,BINANCE-001,T-9ae45160b9262963-23943,MARKET,BUY,5.008,GTC,True,False,5.008,TAKER,62015.80000000001,0.0,['217.40258848 USDT'],NO_TRIGGER,FILLED,NO_CONTINGENCY,,,,,,,,9af08310-ffdc-45ab-8858-bc8f323a075f,2024-03-01 10:54:00+00:00,2024-03-01 10:54:00+00:00,,,,,,,
BACKTESTER-001,LRBStrategy-000,BTCUSDT-PERP.BINANCE,BINANCE-1-231,BTCUSDT-PERP.BINANCE-LRBStrategy-000,BINANCE-001,T-7c954b6ff8b0848b-24271,MARKET,SELL,7.521,GTC,False,False,7.521,TAKER,62241.9,0.0,['327.68493093 USDT'],NO_TRIGGER,FILLED,OTO,OL-20240301-122300-001-000-77,"['O-20240301-122300-001-000-232', 'O-20240301-122300-001-000-233']",,,,,"['scenario=LRB-1709295600000000000-000446', 'family=SRR']",c9b1eea4-5fa6-4ed2-b72d-067f90ce27d5,2024-03-01 12:23:00+00:00,2024-03-01 12:23:00+00:00,,,,,,,
BACKTESTER-001,LRBStrategy-000,BTCUSDT-PERP.BINANCE,BINANCE-1-232,BTCUSDT-PERP.BINANCE-LRBStrategy-000,BINANCE-001,T-69afce65b842188e-24315,STOP_MARKET,BUY,7.521,GTC,True,False,7.521,TAKER,62255.6,0.09999999999854481,['327.75705732 USDT'],NO_TRIGGER,FILLED,OUO,OL-20240301-122300-001-000-77,['O-20240301-122300-001-000-233'],O-20240301-122300-001-000-231,,,,"['scenario=LRB-1709295600000000000-000446', 'family=SRR']",bce22ceb-b482-4916-a772-6d8bc7e0dbde,2024-03-01 12:23:00+00:00,2024-03-01 12:35:00+00:00,62255.5,DEFAULT,,,,,
BACKTESTER-001,LRBStrategy-000,BTCUSDT-PERP.BINANCE,BINANCE-1-234,BTCUSDT-PERP.BINANCE-LRBStrategy-000,BINANCE-001,T-10378287bf94ed47-24420,MARKET,BUY,3.660,GTC,False,False,3.660,TAKER,62325.100000000006,0.0,['159.67690620 USDT'],NO_TRIGGER,FILLED,OTO,OL-20240301-130200-001-000-78,"['O-20240301-130200-001-000-235', 'O-20240301-130200-001-000-236']",,,,,"['scenario=LRB-1709297940000000000-000449', 'family=SRR']",71f9892c-c950-4951-a7a8-8f611a4a31ac,2024-03-01 13:02:00+00:00,2024-03-01 13:02:00+00:00,,,,,,,
BACKTESTER-001,LRBStrategy-000,BTCUSDT-PERP.BINANCE,BINANCE-1-236,BTCUSDT-PERP.BINANCE-LRBStrategy-000,BINANCE-001,T-3c3c5dcaf216b820-24491,LIMIT,SELL,3.660,GTC,True,False,3.660,MAKER,62650.4,0.09999999999854481,['160.51032480 USDT'],NO_TRIGGER,FILLED,OUO,OL-20240301-130200-001-000-78,['O-20240301-130200-001-000-235'],O-20240301-130200-001-000-234,,,,"['scenario=LRB-1709297940000000000-000449', 'family=SRR']",7ea74741-48da-497e-b54b-c640bcae6636,2024-03-01 13:02:00+00:00,2024-03-01 13:22:00+00:00,,,,,62650.5,True,
BACKTESTER-001,LRBStrategy-000,BTCUSDT-PERP.BINANCE,BINANCE-1-237,BTCUSDT-PERP.BINANCE-LRBStrategy-000,BINANCE-001,T-371af37eb5a52025-24504,MARKET,SELL,3.881,GTC,False,False,3.881,TAKER,62595.5,0.0,['170.05319485 USDT'],NO_TRIGGER,FILLED,OTO,OL-20240301-132500-001-000-79,"['O-20240301-132500-001-000-238', 'O-20240301-132500-001-000-239']",,,,,"['scenario=LRB-1709299320000000000-000450', 'family=SRR']",8aa9c829-31d1-4b6f-a0ea-ba8827e49ca5,2024-03-01 13:25:00+00:00,2024-03-01 13:25:00+00:00,,,,,,,
BACKTESTER-001,LRBStrategy-000,BTCUSDT-PERP.BINANCE,BINANCE-1-239,BTCUSDT-PERP.BINANCE-LRBStrategy-000,BINANCE-001,T-70ada518c7766a8e-24756,LIMIT,BUY,3.881,GTC,True,False,3.881,MAKER,62249.2,0.09999999999126885,['169.11240164 USDT'],NO_TRIGGER,FILLED,OUO,OL-20240301-132500-001-000-79,['O-20240301-132500-001-000-238'],O-20240301-132500-001-000-237,,,,"['scenario=LRB-1709299320000000000-000450', 'family=SRR']",e66b0883-c4b0-4a7b-9efd-f0599dabaffa,2024-03-01 13:25:00+00:00,2024-03-01 14:33:00+00:00,,,,,62249.1,True,
BACKTESTER-001,LRBStrategy-000,BTCUSDT-PERP.BINANCE,BINANCE-1-240,BTCUSDT-PERP.BINANCE-LRBStrategy-000,BINANCE-001,T-ec9301124959dea8-24943,MARKET,BUY,3.782,GTC,False,False,3.782,TAKER,61922.4,0.0,['163.93336176 USDT'],NO_TRIGGER,FILLED,OTO,OL-20240301-152200-001-000-80,"['O-20240301-152200-001-000-241', 'O-20240301-152200-001-000-242']",,,,,"['scenario=LRB-1709306280000000000-000455', 'family=SRR']",62d32b9e-2c20-4244-827e-a245e38bc705,2024-03-01 15:22:00+00:00,2024-03-01 15:22:00+00:00,,,,,,,
BACKTESTER-001,LRBStrategy-000,BTCUSDT-PERP.BINANCE,BINANCE-1-241,BTCUSDT-PERP.BINANCE-LRBStrategy-000,BINANCE-001,T-d8cd16154d8edba2-24989,STOP_MARKET,SELL,3.782,GTC,True,False,3.782,TAKER,61799.7,0.10000000001309672,['163.60852578 USDT'],NO_TRIGGER,FILLED,OUO,OL-20240301-152200-001-000-80,['O-20240301-152200-001-000-242'],O-20240301-152200-001-000-240,,,,"['scenario=LRB-1709306280000000000-000455', 'family=SRR']",b0d74681-240c-48f0-8c3a-b404cd742431,2024-03-01 15:22:00+00:00,2024-03-01 15:34:00+00:00,61799.8,DEFAULT,,,,,
BACKTESTER-001,LRBStrategy-000,BTCUSDT-PERP.BINANCE,BINANCE-1-243,BTCUSDT-PERP.BINANCE-LRBStrategy-000,BINANCE-001,T-1ee31ecba3c36c94-25504,MARKET,SELL,3.112,GTC,False,False,3.112,TAKER,62018.59999999999,0.0,['135.10131824 USDT'],NO_TRIGGER,FILLED,OTO,OL-20240301-175100-001-000-81,"['O-20240301-175100-001-000-244', 'O-20240301-175100-001-000-245']",,,,,"['scenario=LRB-1709315340000000000-000467', 'family=SRR']",a99a6a42-9272-4675-9474-cdcc3cb5c7b8,2024-03-01 17:51:00+00:00,2024-03-01 17:51:00+00:00,,,,,,,
BACKTESTER-001,LRBStrategy-000,BTCUSDT-PERP.BINANCE,BINANCE-1-244,BTCUSDT-PERP.BINANCE-LRBStrategy-000,BINANCE-001,T-be252d8c16475c07-25632,STOP_MARKET,BUY,3.112,GTC,True,False,3.112,TAKER,62178.4,0.09999999999854481,['135.44942656 USDT'],NO_TRIGGER,FILLED,OUO,OL-20240301-175100-001-000-81,['O-20240301-175100-001-000-245'],O-20240301-175100-001-000-243,,,,"['scenario=LRB-1709315340000000000-000467', 'family=SRR']",1b961d75-8ec1-42d7-82d5-c23d1a371c4f,2024-03-01 17:51:00+00:00,2024-03-01 18:25:00+00:00,62178.3,DEFAULT,,,,,
BACKTESTER-001,LRBStrategy-000,BTCUSDT-PERP.BINANCE,BINANCE-1-246,BTCUSDT-PERP.BINANCE-LRBStrategy-000,BINANCE-001,T-9c3017290ee2e993-25643,MARKET,SELL,6.175,GTC,False,False,6.175,TAKER,62161.799999999996,0.0,['268.69438050 USDT'],NO_TRIGGER,FILLED,OTO,OL-20240301-182700-001-000-82,"['O-20240301-182700-001-000-247', 'O-20240301-182700-001-000-248']",,,,,"['scenario=LRB-1709317500000000000-000468', 'family=SRR']",467dcffc-6dcd-4989-904f-7f9c4bb77e85,2024-03-01 18:27:00+00:00,2024-03-01 18:27:00+00:00,,,,,,,
BACKTESTER-001,LRBStrategy-000,BTCUSDT-PERP.BINANCE,BINANCE-1-247,BTCUSDT-PERP.BINANCE-LRBStrategy-000,BINANCE-001,T-abcacb9b35f28a36-25646,STOP_MARKET,BUY,6.175,GTC,True,False,6.175,TAKER,62195.399999999994,0.09999999999854481,['268.83961650 USDT'],NO_TRIGGER,FILLED,OUO,OL-20240301-182700-001-000-82,['O-20240301-182700-001-000-248'],O-20240301-182700-001-000-246,,,,"['scenario=LRB-1709317500000000000-000468', 'family=SRR']",b572c877-209b-4fde-bcae-cf9ab7948ebe,2024-03-01 18:27:00+00:00,2024-03-01 18:28:00+00:00,62195.3,DEFAULT,,,,,
BACKTESTER-001,LRBStrategy-000,BTCUSDT-PERP.BINANCE,BINANCE-1-249,BTCUSDT-PERP.BINANCE-LRBStrategy-000,BINANCE-001,T-3da76eb81f6cb57e-25724,MARKET,SELL,7.052,GTC,False,False,7.052,TAKER,62501.2,0.0,['308.53092368 USDT'],NO_TRIGGER,FILLED,OTO,OL-20240301-184700-001-000-83,"['O-20240301-184700-001-000-250', 'O-20240301-184700-001-000-251']",,,,,"['scenario=LRB-1709318700000000000-000471', 'family=SRR']",1c861b56-fe03-4825-be04-966481b19e57,2024-03-01 18:47:00+00:00,2024-03-01 18:47:00+00:00,,,,,,,
BACKTESTER-001,LRBStrategy-000,BTCUSDT-PERP.BINANCE,BINANCE-1-250,BTCUSDT-PERP.BINANCE-LRBStrategy-000,BINANCE-001,T-4b7453c865369e94-25728,STOP_MARKET,BUY,7.052,GTC,True,False,7.052,TAKER,62516.19999999999,0.09999999999126885,['308.60496968 USDT'],NO_TRIGGER,FILLED,OUO,OL-20240301-184700-001-000-83,['O-20240301-184700-001-000-251'],O-20240301-184700-001-000-249,,,,"['scenario=LRB-1709318700000000000-000471', 'family=SRR']",b35db1ee-a074-425c-ba7b-39920311aa74,2024-03-01 18:47:00+00:00,2024-03-01 18:48:00+00:00,62516.1,DEFAULT,,,,,
BACKTESTER-001,LRBStrategy-000,BTCUSDT-PERP.BINANCE,BINANCE-1-252,BTCUSDT-PERP.BINANCE-LRBStrategy-000,BINANCE-001,T-988e14c00436a1d4-26012,MARKET,SELL,6.090,GTC,False,False,6.090,TAKER,62384.700000000004,0.0,['265.94597610 USDT'],NO_TRIGGER,FILLED,OTO,OL-20240301-200500-001-000-84,"['O-20240301-200500-001-000-253', 'O-20240301-200500-001-000-254']",,,,,"['scenario=LRB-1709323380000000000-000475', 'family=SRR']",889010ad-b305-4c9d-b337-4bcc60fe5aa5,2024-03-01 20:05:00+00:00,2024-03-01 20:05:00+00:00,,,,,,,
BACKTESTER-001,LRBStrategy-000,BTCUSDT-PERP.BINANCE,BINANCE-1-253,BTCUSDT-PERP.BINANCE-LRBStrategy-000,BINANCE-001,T-405693ce0eda1d34-26015,STOP_MARKET,BUY,6.090,GTC,True,False,6.090,TAKER,62412.4,0.09999999999854481,['266.06406120 USDT'],NO_TRIGGER,FILLED,OUO,OL-20240301-200500-001-000-84,['O-20240301-200500-001-000-254'],O-20240301-200500-001-000-252,,,,"['scenario=LRB-1709323380000000000-000475', 'family=SRR']",3294445b-7006-4c32-a272-72ea8f2e1001,2024-03-01 20:05:00+00:00,2024-03-01 20:06:00+00:00,62412.3,DEFAULT,,,,,
BACKTESTER-001,LRBStrategy-000,BTCUSDT-PERP.BINANCE,BINANCE-1-255,BTCUSDT-PERP.BINANCE-LRBStrategy-000,BINANCE-001,T-9819941146512a10-26083,MARKET,SELL,7.222,GTC,False,False,7.222,TAKER,62447.5,0.0,['315.69709150 USDT'],NO_TRIGGER,FILLED,OTO,OL-20240301-202400-001-000-85,"['O-20240301-202400-001-000-256', 'O-20240301-202400-001-000-257']",,,,,"['scenario=LRB-1709324520000000000-000476', 'family=SRR']",e5a5a3bb-7f5b-4a59-875c-0234e9d1ff9f,2024-03-01 20:24:00+00:00,2024-03-01 20:24:00+00:00,,,,,,,
BACKTESTER-001,LRBStrategy-000,BTCUSDT-PERP.BINANCE,BINANCE-1-256,BTCUSDT-PERP.BINANCE-LRBStrategy-000,BINANCE-001,T-1726c09426613c50-26095,STOP_MARKET,BUY,7.222,GTC,True,False,7.222,TAKER,62454.200000000004,0.10000000000582077,['315.73096268 USDT'],NO_TRIGGER,FILLED,OUO,OL-20240301-202400-001-000-85,['O-20240301-202400-001-000-257'],O-20240301-202400-001-000-255,,,,"['scenario=LRB-1709324520000000000-000476', 'family=SRR']",1a3ed584-f1b4-4153-a8c0-13ffaefa589b,2024-03-01 20:24:00+00:00,2024-03-01 20:27:00+00:00,62454.1,DEFAULT,,,,,
BACKTESTER-001,LRBStrategy-000,BTCUSDT-PERP.BINANCE,BINANCE-1-258,BTCUSDT-PERP.BINANCE-LRBStrategy-000,BINANCE-001,T-ae257c8c8f7da849-26394,MARKET,BUY,4.150,GTC,False,False,4.150,TAKER,62687.5,0.0,['182.10718750 USDT'],NO_TRIGGER,FILLED,OTO,OL-20240301-214500-001-000-86,"['O-20240301-214500-001-000-259', 'O-20240301-214500-001-000-260']",,,,,"['scenario=LRB-1709329320000000000-000483', 'family=SRR']",48f53980-997a-4a91-8649-77eb6871a873,2024-03-01 21:45:00+00:00,2024-03-01 21:45:00+00:00,,,,,,,
BACKTESTER-001,LRBStrategy-000,BTCUSDT-PERP.BINANCE,BINANCE-1-259,BTCUSDT-PERP.BINANCE-LRBStrategy-000,BINANCE-001,T-0033b57701e8ae30-26405,STOP_MARKET,SELL,4.150,GTC,True,False,4.150,TAKER,62616.3,0.09999999999854481,['181.90035150 USDT'],NO_TRIGGER,FILLED,OUO,OL-20240301-214500-001-000-86,['O-20240301-214500-001-000-260'],O-20240301-214500-001-000-258,,,,"['scenario=LRB-1709329320000000000-000483', 'family=SRR']",df24168d-4e8e-425b-af21-166f082ccd16,2024-03-01 21:45:00+00:00,2024-03-01 21:48:00+00:00,62616.4,DEFAULT,,,,,
BACKTESTER-001,LRBStrategy-000,BTCUSDT-PERP.BINANCE,BINANCE-1-261,BTCUSDT-PERP.BINANCE-LRBStrategy-000,BINANCE-001,T-ae73fa61ecb62e75-27018,MARKET,BUY,5.300,GTC,False,False,5.300,TAKER,62273.100000000006,0.0,['231.03320100 USDT'],NO_TRIGGER,FILLED,OTO,OL-20240302-004000-001-000-87,"['O-20240302-004000-001-000-262', 'O-20240302-004000-001-000-263']",,,,,"['scenario=LRB-1709339880000000000-000495', 'family=SRR']",52a53668-9e55-493d-90c8-ccec43d44406,2024-03-02 00:40:00+00:00,2024-03-02 00:40:00+00:00,,,,,,,
BACKTESTER-001,LRBStrategy-000,BTCUSDT-PERP.BINANCE,BINANCE-1-262,BTCUSDT-PERP.BINANCE-LRBStrategy-000,BINANCE-001,T-6237c91bd2f3de1a-27030,STOP_MARKET,SELL,5.300,GTC,True,False,5.300,TAKER,62239.6,0.09999999999854481,['230.90891600 USDT'],NO_TRIGGER,FILLED,OUO,OL-20240302-004000-001-000-87,['O-20240302-004000-001-000-263'],O-20240302-004000-001-000-261,,,,"['scenario=LRB-1709339880000000000-000495', 'family=SRR']",cf60d4ae-d3d4-41c6-9276-0400cd550ffc,2024-03-02 00:40:00+00:00,2024-03-02 00:43:00+00:00,62239.7,DEFAULT,,,,,
BACKTESTER-001,LRBStrategy-000,BTCUSDT-PERP.BINANCE,BINANCE-1-264,BTCUSDT-PERP.BINANCE-LRBStrategy-000,BINANCE-001,T-300a312db8a04463-27040,MARKET,BUY,4.134,GTC,False,False,4.134,TAKER,62250.1,0.0,['180.13933938 USDT'],NO_TRIGGER,FILLED,OTO,OL-20240302-004500-001-000-88,"['O-20240302-004500-001-000-265', 'O-20240302-004500-001-000-266']",,,,,"['scenario=LRB-1709340180000000000-000496', 'family=SRR']",06840ee2-27e6-4763-8792-100a9dec4e7f,2024-03-02 00:45:00+00:00,2024-03-02 00:45:00+00:00,,,,,,,
BACKTESTER-001,LRBStrategy-000,BTCUSDT-PERP.BINANCE,BINANCE-1-265,BTCUSDT-PERP.BINANCE-LRBStrategy-000,BINANCE-001,T-c936aea50ebaaa6c-27047,STOP_MARKET,SELL,4.134,GTC,True,False,4.134,TAKER,62187.100000000006,0.09999999999126885,['179.95702998 USDT'],NO_TRIGGER,FILLED,OUO,OL-20240302-004500-001-000-88,['O-20240302-004500-001-000-266'],O-20240302-004500-001-000-264,,,,"['scenario=LRB-1709340180000000000-000496', 'family=SRR']",d284d277-b286-406b-baf6-78e33ada3edb,2024-03-02 00:45:00+00:00,2024-03-02 00:47:00+00:00,62187.2,DEFAULT,,,,,
BACKTESTER-001,LRBStrategy-000,BTCUSDT-PERP.BINANCE,BINANCE-1-267,BTCUSDT-PERP.BINANCE-LRBStrategy-000,BINANCE-001,T-582f7d93b375a6ef-27470,MARKET,BUY,5.137,GTC,False,False,5.137,TAKER,62093.9,0.0,['223.28345501 USDT'],NO_TRIGGER,FILLED,OTO,OL-20240302-024500-001-000-89,"['O-20240302-024500-001-000-268', 'O-20240302-024500-001-000-269']",,,,,"['scenario=LRB-1709347380000000000-000507', 'family=SRR']",93aaab8b-46f0-4e64-a167-61d3c9dc0a7c,2024-03-02 02:45:00+00:00,2024-03-02 02:45:00+00:00,,,,,,,
BACKTESTER-001,LRBStrategy-000,BTCUSDT-PERP.BINANCE,BINANCE-1-268,BTCUSDT-PERP.BINANCE-LRBStrategy-000,BINANCE-001,T-a7520f5517c3fd3e-27477,STOP_MARKET,SELL,5.137,GTC,True,False,5.137,TAKER,62063.6,0.09999999999854481,['223.17449924 USDT'],NO_TRIGGER,FILLED,OUO,OL-20240302-024500-001-000-89,['O-20240302-024500-001-000-269'],O-20240302-024500-001-000-267,,,,"['scenario=LRB-1709347380000000000-000507', 'family=SRR']",50b6ce93-b162-4d78-bd4b-1b8b5c3e6324,2024-03-02 02:45:00+00:00,2024-03-02 02:47:00+00:00,62063.7,DEFAULT,,,,,
BACKTESTER-001,LRBStrategy-000,BTCUSDT-PERP.BINANCE,BINANCE-1-270,BTCUSDT-PERP.BINANCE-LRBStrategy-000,BINANCE-001,T-c29a5d279de720dc-27932,MARKET,BUY,5.216,GTC,False,False,5.216,TAKER,62187.299999999996,0.0,['227.05826976 USDT'],NO_TRIGGER,FILLED,OTO,OL-20240302-045400-001-000-90,"['O-20240302-045400-001-000-271', 'O-20240302-045400-001-000-272']",,,,,"['scenario=LRB-1709355120000000000-000514', 'family=SRR']",443803f2-5d0c-4869-a9f0-171dba74cabf,2024-03-02 04:54:00+00:00,2024-03-02 04:54:00+00:00,,,,,,,
BACKTESTER-001,LRBStrategy-000,BTCUSDT-PERP.BINANCE,BINANCE-1-271,BTCUSDT-PERP.BINANCE-LRBStrategy-000,BINANCE-001,T-bbc14e1b799085c7-27935,STOP_MARKET,SELL,5.216,GTC,True,False,5.216,TAKER,62162.4,0.09999999999854481,['226.96735488 USDT'],NO_TRIGGER,FILLED,OUO,OL-20240302-045400-001-000-90,['O-20240302-045400-001-000-272'],O-20240302-045400-001-000-270,,,,"['scenario=LRB-1709355120000000000-000514', 'family=SRR']",5ca9d28a-feaf-4f92-8504-2a03d9b0b2d7,2024-03-02 04:54:00+00:00,2024-03-02 04:55:00+00:00,62162.5,DEFAULT,,,,,
BACKTESTER-001,LRBStrategy-000,BTCUSDT-PERP.BINANCE,BINANCE-1-273,BTCUSDT-PERP.BINANCE-LRBStrategy-000,BINANCE-001,T-87710d74a121a367-27963,MARKET,BUY,4.289,GTC,False,False,4.289,TAKER,62142.3,0.0,['186.56982729 USDT'],NO_TRIGGER,FILLED,OTO,OL-20240302-050300-001-000-91,"['O-20240302-050300-001-000-274', 'O-20240302-050300-001-000-275']",,,,,"['scenario=LRB-1709355600000000000-000516', 'family=SRR']",37f67c4f-e02b-494c-8996-b7b0f2b0c01e,2024-03-02 05:03:00+00:00,2024-03-02 05:03:00+00:00,,,,,,,
BACKTESTER-001,LRBStrategy-000,BTCUSDT-PERP.BINANCE,BINANCE-1-274,BTCUSDT-PERP.BINANCE-LRBStrategy-000,BINANCE-001,T-71d3299428be6348-27967,STOP_MARKET,SELL,4.289,GTC,True,False,4.289,TAKER,62097.2,0.09999999999854481,['186.43442356 USDT'],NO_TRIGGER,FILLED,OUO,OL-20240302-050300-001-000-91,['O-20240302-050300-001-000-275'],O-20240302-050300-001-000-273,,,,"['scenario=LRB-1709355600000000000-000516', 'family=SRR']",590540da-8854-4fee-a27f-bc82b6a31b52,2024-03-02 05:03:00+00:00,2024-03-02 05:04:00+00:00,62097.3,DEFAULT,,,,,
BACKTESTER-001,LRBStrategy-000,BTCUSDT-PERP.BINANCE,BINANCE-1-276,BTCUSDT-PERP.BINANCE-LRBStrategy-000,BINANCE-001,T-6d1529449b55bb36-28813,MARKET,BUY,5.369,GTC,False,False,5.369,TAKER,62026.899999999994,0.0,['233.11569827 USDT'],NO_TRIGGER,FILLED,OTO,OL-20240302-090000-001-000-92,"['O-20240302-090000-001-000-277', 'O-20240302-090000-001-000-278']",,,,,"['scenario=LRB-1709369880000000000-000535', 'family=SRR']",a1278498-dcc6-417b-827d-fa1bb1bb7788,2024-03-02 09:00:00+00:00,2024-03-02 09:00:00+00:00,,,,,,,
BACKTESTER-001,LRBStrategy-000,BTCUSDT-PERP.BINANCE,BINANCE-1-277,BTCUSDT-PERP.BINANCE-LRBStrategy-000,BINANCE-001,T-fbfa014d4f1e1d98-28824,STOP_MARKET,SELL,5.369,GTC,True,False,5.369,TAKER,62011.399999999994,0.10000000000582077,['233.05744462 USDT'],NO_TRIGGER,FILLED,OUO,OL-20240302-090000-001-000-92,['O-20240302-090000-001-000-278'],O-20240302-090000-001-000-276,,,,"['scenario=LRB-1709369880000000000-000535', 'family=SRR']",d0325b6d-476f-46a9-a294-e7006a0651c5,2024-03-02 09:00:00+00:00,2024-03-02 09:03:00+00:00,62011.5,DEFAULT,,,,,
BACKTESTER-001,LRBStrategy-000,BTCUSDT-PERP.BINANCE,BINANCE-1-279,BTCUSDT-PERP.BINANCE-LRBStrategy-000,BINANCE-001,T-f6cf13f641df7b43-28836,MARKET,BUY,4.306,GTC,False,False,4.306,TAKER,62008.700000000004,0.0,['186.90662354 USDT'],NO_TRIGGER,FILLED,OTO,OL-20240302-090600-001-000-93,"['O-20240302-090600-001-000-280', 'O-20240302-090600-001-000-281']",,,,,"['scenario=LRB-1709370180000000000-000536', 'family=SRR']",33d83666-0f57-49ba-bded-96e7d4f3c11c,2024-03-02 09:06:00+00:00,2024-03-02 09:06:00+00:00,,,,,,,
BACKTESTER-001,LRBStrategy-000,BTCUSDT-PERP.BINANCE,BINANCE-1-280,BTCUSDT-PERP.BINANCE-LRBStrategy-000,BINANCE-001,T-f30565cf167ed1e3-28853,STOP_MARKET,SELL,4.306,GTC,True,False,4.306,TAKER,61971.7,0.10000000001309672,['186.79509814 USDT'],NO_TRIGGER,FILLED,OUO,OL-20240302-090600-001-000-93,['O-20240302-090600-001-000-281'],O-20240302-090600-001-000-279,,,,"['scenario=LRB-1709370180000000000-000536', 'family=SRR']",62128e51-7c01-404e-9f67-ac3599df6c7a,2024-03-02 09:06:00+00:00,2024-03-02 09:11:00+00:00,61971.8,DEFAULT,,,,,
BACKTESTER-001,LRBStrategy-000,BTCUSDT-PERP.BINANCE,BINANCE-1-282,BTCUSDT-PERP.BINANCE-LRBStrategy-000,BINANCE-001,T-fd02b7acc8a6aa96-29638,MARKET,SELL,4.490,GTC,False,False,4.490,TAKER,62196.700000000004,0.0,['195.48422810 USDT'],NO_TRIGGER,FILLED,OTO,OL-20240302-125100-001-000-94,"['O-20240302-125100-001-000-283', 'O-20240302-125100-001-000-284']",,,,,"['scenario=LRB-1709383680000000000-000553', 'family=SRR']",a097dc60-1a23-41eb-9e89-0c325c4f4260,2024-03-02 12:51:00+00:00,2024-03-02 12:51:00+00:00,,,,,,,
BACKTESTER-001,LRBStrategy-000,BTCUSDT-PERP.BINANCE,BINANCE-1-284,BTCUSDT-PERP.BINANCE-LRBStrategy-000,BINANCE-001,T-1997f8c58763a3d5-29709,LIMIT,BUY,4.490,GTC,True,False,4.490,MAKER,62002.1,0.09999999999854481,['194.87260030 USDT'],NO_TRIGGER,FILLED,OUO,OL-20240302-125100-001-000-94,['O-20240302-125100-001-000-283'],O-20240302-125100-001-000-282,,,,"['scenario=LRB-1709383680000000000-000553', 'family=SRR']",858555af-2da6-45da-bbd4-32d596622532,2024-03-02 12:51:00+00:00,2024-03-02 13:11:00+00:00,,,,,62002.0,True,
BACKTESTER-001,LRBStrategy-000,BTCUSDT-PERP.BINANCE,BINANCE-1-285,BTCUSDT-PERP.BINANCE-LRBStrategy-000,BINANCE-001,T-43b097c79ea3705d-30447,MARKET,BUY,5.529,GTC,False,False,5.529,TAKER,61772.0,0.0,['239.07617160 USDT'],NO_TRIGGER,FILLED,OTO,OL-20240302-163700-001-000-95,"['O-20240302-163700-001-000-286', 'O-20240302-163700-001-000-287']",,,,,"['scenario=LRB-1709397240000000000-000568', 'family=SRR']",e45855df-68ad-45bc-84d3-dd1b0d45d2ca,2024-03-02 16:37:00+00:00,2024-03-02 16:37:00+00:00,,,,,,,
BACKTESTER-001,LRBStrategy-000,BTCUSDT-PERP.BINANCE,BINANCE-1-286,BTCUSDT-PERP.BINANCE-LRBStrategy-000,BINANCE-001,T-a6d329499bac3fc3-30451,STOP_MARKET,SELL,5.529,GTC,True,False,5.529,TAKER,61762.4,0.09999999999854481,['239.03901672 USDT'],NO_TRIGGER,FILLED,OUO,OL-20240302-163700-001-000-95,['O-20240302-163700-001-000-287'],O-20240302-163700-001-000-285,,,,"['scenario=LRB-1709397240000000000-000568', 'family=SRR']",8589ad2b-d695-4916-9663-c7c4ce4a1001,2024-03-02 16:37:00+00:00,2024-03-02 16:38:00+00:00,61762.5,DEFAULT,,,,,
BACKTESTER-001,LRBStrategy-000,BTCUSDT-PERP.BINANCE,BINANCE-1-288,BTCUSDT-PERP.BINANCE-LRBStrategy-000,BINANCE-001,T-c0f202c2e199f351-30658,MARKET,SELL,5.828,GTC,False,False,5.828,TAKER,61986.4,0.0,['252.87971744 USDT'],NO_TRIGGER,FILLED,OTO,OL-20240302-173700-001-000-96,"['O-20240302-173700-001-000-289', 'O-20240302-173700-001-000-290']",,,,,"['scenario=LRB-1709400780000000000-000574', 'family=SRR']",12e22cc0-25d3-4254-ba58-619b5a24791b,2024-03-02 17:37:00+00:00,2024-03-02 17:37:00+00:00,,,,,,,
BACKTESTER-001,LRBStrategy-000,BTCUSDT-PERP.BINANCE,BINANCE-1-289,BTCUSDT-PERP.BINANCE-LRBStrategy-000,BINANCE-001,T-99588f7b94a03ee1-30661,STOP_MARKET,BUY,5.828,GTC,True,False,5.828,TAKER,61988.1,0.09999999999854481,['252.88665276 USDT'],NO_TRIGGER,FILLED,OUO,OL-20240302-173700-001-000-96,['O-20240302-173700-001-000-290'],O-20240302-173700-001-000-288,,,,"['scenario=LRB-1709400780000000000-000574', 'family=SRR']",cb9b2189-2269-4879-ba35-6553a6f69f77,2024-03-02 17:37:00+00:00,2024-03-02 17:38:00+00:00,61988.0,DEFAULT,,,,,
BACKTESTER-001,LRBStrategy-000,BTCUSDT-PERP.BINANCE,BINANCE-1-291,BTCUSDT-PERP.BINANCE-LRBStrategy-000,BINANCE-001,T-ca93a7a57467cb43-31230,MARKET,BUY,2.882,GTC,False,False,2.882,TAKER,61892.1,0.0,['124.86112254 USDT'],NO_TRIGGER,FILLED,OTO,OL-20240302-202100-001-000-97,"['O-20240302-202100-001-000-292', 'O-20240302-202100-001-000-293']",,,,,"['scenario=LRB-1709410740000000000-000586', 'family=SRR']",f391dacb-0e0b-45fe-b58a-2131a6390968,2024-03-02 20:21:00+00:00,2024-03-02 20:21:00+00:00,,,,,,,
BACKTESTER-001,LRBStrategy-000,BTCUSDT-PERP.BINANCE,BINANCE-1-294,BTCUSDT-PERP.BINANCE-LRBStrategy-000,BINANCE-001,T-33bf14767d8b3a3e-31536,MARKET,SELL,2.882,GTC,True,False,2.882,TAKER,61904.600000000006,0.0,['124.88634004 USDT'],NO_TRIGGER,FILLED,NO_CONTINGENCY,,,,,,,,8051d8ef-32a0-4ab2-a0b8-b7ce2a274fb1,2024-03-02 21:51:00+00:00,2024-03-02 21:51:00+00:00,,,,,,,
BACKTESTER-001,LRBStrategy-000,BTCUSDT-PERP.BINANCE,BINANCE-1-295,BTCUSDT-PERP.BINANCE-LRBStrategy-000,BINANCE-001,T-e958b190652f0b1a-31857,MARKET,SELL,4.172,GTC,False,False,4.172,TAKER,62075.9,0.0,['181.28645836 USDT'],NO_TRIGGER,FILLED,OTO,OL-20240302-232800-001-000-98,"['O-20240302-232800-001-000-296', 'O-20240302-232800-001-000-297']",,,,,"['scenario=LRB-1709421960000000000-000594', 'family=SRR']",fe605c27-1568-452a-9498-26d3fc2c2c3f,2024-03-02 23:28:00+00:00,2024-03-02 23:28:00+00:00,,,,,,,
BACKTESTER-001,LRBStrategy-000,BTCUSDT-PERP.BINANCE,BINANCE-1-296,BTCUSDT-PERP.BINANCE-LRBStrategy-000,BINANCE-001,T-8a6818d66c44c26b-31867,STOP_MARKET,BUY,4.172,GTC,True,False,4.172,TAKER,62107.299999999996,0.09999999999854481,['181.37815892 USDT'],NO_TRIGGER,FILLED,OUO,OL-20240302-232800-001-000-98,['O-20240302-232800-001-000-297'],O-20240302-232800-001-000-295,,,,"['scenario=LRB-1709421960000000000-000594', 'family=SRR']",ec8a8b23-0d7f-43a3-a5f9-4662048a1933,2024-03-02 23:28:00+00:00,2024-03-02 23:31:00+00:00,62107.2,DEFAULT,,,,,
BACKTESTER-001,LRBStrategy-000,BTCUSDT-PERP.BINANCE,BINANCE-1-298,BTCUSDT-PERP.BINANCE-LRBStrategy-000,BINANCE-001,T-3c36b78019a13085-32145,MARKET,BUY,5.323,GTC,False,False,5.323,TAKER,61807.80000000001,0.0,['230.30204358 USDT'],NO_TRIGGER,FILLED,OTO,OL-20240303-005100-001-000-99,"['O-20240303-005100-001-000-299', 'O-20240303-005100-001-000-300']",,,,,"['scenario=LRB-1709426940000000000-000601', 'family=SRR']",6e30083f-8719-4d28-925f-5104f35f9d39,2024-03-03 00:51:00+00:00,2024-03-03 00:51:00+00:00,,,,,,,
BACKTESTER-001,LRBStrategy-000,BTCUSDT-PERP.BINANCE,BINANCE-1-299,BTCUSDT-PERP.BINANCE-LRBStrategy-000,BINANCE-001,T-e1a0119e535dafc5-32148,STOP_MARKET,SELL,5.323,GTC,True,False,5.323,TAKER,61804.4,0.09999999999854481,['230.28937484 USDT'],NO_TRIGGER,FILLED,OUO,OL-20240303-005100-001-000-99,['O-20240303-005100-001-000-300'],O-20240303-005100-001-000-298,,,,"['scenario=LRB-1709426940000000000-000601', 'family=SRR']",18f36ee8-0d50-4db7-ba32-c3791216fdaa,2024-03-03 00:51:00+00:00,2024-03-03 00:52:00+00:00,61804.5,DEFAULT,,,,,
BACKTESTER-001,LRBStrategy-000,BTCUSDT-PERP.BINANCE,BINANCE-1-301,BTCUSDT-PERP.BINANCE-LRBStrategy-000,BINANCE-001,T-6f7f8dc502ef7a45-32164,MARKET,BUY,5.316,GTC,False,False,5.316,TAKER,61792.1,0.0,['229.94076252 USDT'],NO_TRIGGER,FILLED,OTO,OL-20240303-005600-001-000-100,"['O-20240303-005600-001-000-302', 'O-20240303-005600-001-000-303']",,,,,"['scenario=LRB-1709427180000000000-000602', 'family=SRR']",f040599d-cc07-4356-88e4-02270746b211,2024-03-03 00:56:00+00:00,2024-03-03 00:56:00+00:00,,,,,,,
BACKTESTER-001,LRBStrategy-000,BTCUSDT-PERP.BINANCE,BINANCE-1-303,BTCUSDT-PERP.BINANCE-LRBStrategy-000,BINANCE-001,T-52ea12a85749331f-32232,LIMIT,SELL,5.316,GTC,True,False,5.316,MAKER,61969.299999999996,0.10000000001309672,['230.60015916 USDT'],NO_TRIGGER,FILLED,OUO,OL-20240303-005600-001-000-100,['O-20240303-005600-001-000-302'],O-20240303-005600-001-000-301,,,,"['scenario=LRB-1709427180000000000-000602', 'family=SRR']",fcb7d114-c5b9-47c3-be08-6ce1a47962ba,2024-03-03 00:56:00+00:00,2024-03-03 01:16:00+00:00,,,,,61969.4,True,
BACKTESTER-001,LRBStrategy-000,BTCUSDT-PERP.BINANCE,BINANCE-1-304,BTCUSDT-PERP.BINANCE-LRBStrategy-000,BINANCE-001,T-8aa38bda4692f621-32529,MARKET,SELL,4.941,GTC,False,False,4.941,TAKER,61857.2,0.0,['213.94549764 USDT'],NO_TRIGGER,FILLED,OTO,OL-20240303-024800-001-000-101,"['O-20240303-024800-001-000-305', 'O-20240303-024800-001-000-306']",,,,,"['scenario=LRB-1709433960000000000-000609', 'family=SRR']",8bc4e6e0-9f9b-4152-9725-c2ea2b85258d,2024-03-03 02:48:00+00:00,2024-03-03 02:48:00+00:00,,,,,,,
BACKTESTER-001,LRBStrategy-000,BTCUSDT-PERP.BINANCE,BINANCE-1-305,BTCUSDT-PERP.BINANCE-LRBStrategy-000,BINANCE-001,T-8c7aeddc831f7098-32566,STOP_MARKET,BUY,4.941,GTC,True,False,4.941,TAKER,61867.5,0.10000000000582077,['213.98112225 USDT'],NO_TRIGGER,FILLED,OUO,OL-20240303-024800-001-000-101,['O-20240303-024800-001-000-306'],O-20240303-024800-001-000-304,,,,"['scenario=LRB-1709433960000000000-000609', 'family=SRR']",7a0f1e99-3434-4a2b-822f-bbe3874036fc,2024-03-03 02:48:00+00:00,2024-03-03 02:59:00+00:00,61867.4,DEFAULT,,,,,
BACKTESTER-001,LRBStrategy-000,BTCUSDT-PERP.BINANCE,BINANCE-1-307,BTCUSDT-PERP.BINANCE-LRBStrategy-000,BINANCE-001,T-c3d96c5efb92a391-33623,MARKET,BUY,3.288,GTC,False,False,3.288,TAKER,61563.299999999996,0.0,['141.69409128 USDT'],NO_TRIGGER,FILLED,OTO,OL-20240303-080800-001-000-102,"['O-20240303-080800-001-000-308', 'O-20240303-080800-001-000-309']",,,,,"['scenario=LRB-1709453160000000000-000633', 'family=SRR']",b0a24d78-c0f3-49f9-8c08-81738052b768,2024-03-03 08:08:00+00:00,2024-03-03 08:08:00+00:00,,,,,,,
BACKTESTER-001,LRBStrategy-000,BTCUSDT-PERP.BINANCE,BINANCE-1-308,BTCUSDT-PERP.BINANCE-LRBStrategy-000,BINANCE-001,T-daa97913428374a1-33631,STOP_MARKET,SELL,3.288,GTC,True,False,3.288,TAKER,61508.19999999999,0.10000000001309672,['141.56727312 USDT'],NO_TRIGGER,FILLED,OUO,OL-20240303-080800-001-000-102,['O-20240303-080800-001-000-309'],O-20240303-080800-001-000-307,,,,"['scenario=LRB-1709453160000000000-000633', 'family=SRR']",e6c1903e-3bda-4ebf-a9b6-fc8466b656ed,2024-03-03 08:08:00+00:00,2024-03-03 08:10:00+00:00,61508.3,DEFAULT,,,,,
BACKTESTER-001,LRBStrategy-000,BTCUSDT-PERP.BINANCE,BINANCE-1-310,BTCUSDT-PERP.BINANCE-LRBStrategy-000,BINANCE-001,T-f1bf6ea742ab2a5d-33645,MARKET,BUY,2.791,GTC,False,False,2.791,TAKER,61540.99999999999,0.0,['120.23265170 USDT'],NO_TRIGGER,FILLED,OTO,OL-20240303-081300-001-000-103,"['O-20240303-081300-001-000-311', 'O-20240303-081300-001-000-312']",,,,,"['scenario=LRB-1709453400000000000-000634', 'family=SRR']",3092f5d2-0370-45f1-8805-8a5e3eec538b,2024-03-03 08:13:00+00:00,2024-03-03 08:13:00+00:00,,,,,,,
BACKTESTER-001,LRBStrategy-000,BTCUSDT-PERP.BINANCE,BINANCE-1-312,BTCUSDT-PERP.BINANCE-LRBStrategy-000,BINANCE-001,T-6ddac4d35ef7e68c-33765,LIMIT,SELL,2.791,GTC,True,False,2.791,MAKER,61764.899999999994,0.09999999999854481,['120.67008513 USDT'],NO_TRIGGER,FILLED,OUO,OL-20240303-081300-001-000-103,['O-20240303-081300-001-000-311'],O-20240303-081300-001-000-310,,,,"['scenario=LRB-1709453400000000000-000634', 'family=SRR']",8851c543-3d38-4afc-9ae5-aadcd4d78947,2024-03-03 08:13:00+00:00,2024-03-03 08:46:00+00:00,,,,,61765.0,True,
BACKTESTER-001,LRBStrategy-000,BTCUSDT-PERP.BINANCE,BINANCE-1-313,BTCUSDT-PERP.BINANCE-LRBStrategy-000,BINANCE-001,T-fae9df597c5b4deb-33891,MARKET,SELL,5.025,GTC,False,False,5.025,TAKER,61897.6,0.0,['217.72480800 USDT'],NO_TRIGGER,FILLED,OTO,OL-20240303-091900-001-000-104,"['O-20240303-091900-001-000-314', 'O-20240303-091900-001-000-315']",,,,,"['scenario=LRB-1709457360000000000-000638', 'family=SRR']",4b7c3904-6d98-4b99-86ad-e4d871489f4f,2024-03-03 09:19:00+00:00,2024-03-03 09:19:00+00:00,,,,,,,
BACKTESTER-001,LRBStrategy-000,BTCUSDT-PERP.BINANCE,BINANCE-1-314,BTCUSDT-PERP.BINANCE-LRBStrategy-000,BINANCE-001,T-4c772ee6673c9ce9-33952,STOP_MARKET,BUY,5.025,GTC,True,False,5.025,TAKER,61902.899999999994,0.09999999999126885,['217.74345075 USDT'],NO_TRIGGER,FILLED,OUO,OL-20240303-091900-001-000-104,['O-20240303-091900-001-000-315'],O-20240303-091900-001-000-313,,,,"['scenario=LRB-1709457360000000000-000638', 'family=SRR']",018a41f6-fc81-44c9-b9d1-3320b0586750,2024-03-03 09:19:00+00:00,2024-03-03 09:36:00+00:00,61902.8,DEFAULT,,,,,
BACKTESTER-001,LRBStrategy-000,BTCUSDT-PERP.BINANCE,BINANCE-1-316,BTCUSDT-PERP.BINANCE-LRBStrategy-000,BINANCE-001,T-0aacc80ef54120cc-34163,MARKET,SELL,3.917,GTC,False,False,3.917,TAKER,61835.5,0.0,['169.54675745 USDT'],NO_TRIGGER,FILLED,OTO,OL-20240303-103500-001-000-105,"['O-20240303-103500-001-000-317', 'O-20240303-103500-001-000-318']",,,,,"['scenario=LRB-1709461860000000000-000644', 'family=SRR']",a8bf9273-255c-4388-8c18-6a2cd1c0e98d,2024-03-03 10:35:00+00:00,2024-03-03 10:35:00+00:00,,,,,,,
BACKTESTER-001,LRBStrategy-000,BTCUSDT-PERP.BINANCE,BINANCE-1-317,BTCUSDT-PERP.BINANCE-LRBStrategy-000,BINANCE-001,T-367416f98d5bb7f4-34185,STOP_MARKET,BUY,3.917,GTC,True,False,3.917,TAKER,61863.299999999996,0.09999999999854481,['169.62298227 USDT'],NO_TRIGGER,FILLED,OUO,OL-20240303-103500-001-000-105,['O-20240303-103500-001-000-318'],O-20240303-103500-001-000-316,,,,"['scenario=LRB-1709461860000000000-000644', 'family=SRR']",db221cc3-fdf4-4705-85fc-3e614afee644,2024-03-03 10:35:00+00:00,2024-03-03 10:41:00+00:00,61863.2,DEFAULT,,,,,
BACKTESTER-001,LRBStrategy-000,BTCUSDT-PERP.BINANCE,BINANCE-1-319,BTCUSDT-PERP.BINANCE-LRBStrategy-000,BINANCE-001,T-f9224b2ded78c0cd-34518,MARKET,SELL,2.707,GTC,False,False,2.707,TAKER,62350.899999999994,0.0,['118.14872041 USDT'],NO_TRIGGER,FILLED,OTO,OL-20240303-121800-001-000-106,"['O-20240303-121800-001-000-320', 'O-20240303-121800-001-000-321']",,,,,"['scenario=LRB-1709468160000000000-000653', 'family=SRR']",c3a6ed73-5591-415b-a98b-2306a3368b2c,2024-03-03 12:18:00+00:00,2024-03-03 12:18:00+00:00,,,,,,,
BACKTESTER-001,LRBStrategy-000,BTCUSDT-PERP.BINANCE,BINANCE-1-320,BTCUSDT-PERP.BINANCE-LRBStrategy-000,BINANCE-001,T-fca16c37f5515d93-34521,STOP_MARKET,BUY,2.707,GTC,True,False,2.707,TAKER,62424.19999999999,0.09999999999126885,['118.28761658 USDT'],NO_TRIGGER,FILLED,OUO,OL-20240303-121800-001-000-106,['O-20240303-121800-001-000-321'],O-20240303-121800-001-000-319,,,,"['scenario=LRB-1709468160000000000-000653', 'family=SRR']",79159811-7d38-4a28-b4d4-387adbfd0f8e,2024-03-03 12:18:00+00:00,2024-03-03 12:19:00+00:00,62424.1,DEFAULT,,,,,
BACKTESTER-001,LRBStrategy-000,BTCUSDT-PERP.BINANCE,BINANCE-1-322,BTCUSDT-PERP.BINANCE-LRBStrategy-000,BINANCE-001,T-c3368a6af19484b9-34536,MARKET,SELL,4.145,GTC,False,False,4.145,TAKER,62453.6,0.0,['181.20912040 USDT'],NO_TRIGGER,FILLED,OTO,OL-20240303-122300-001-000-107,"['O-20240303-122300-001-000-323', 'O-20240303-122300-001-000-324']",,,,,"['scenario=LRB-1709468460000000000-000654', 'family=SRR']",da25018f-ff2a-4e43-bf15-4bd7e6ae8f9a,2024-03-03 12:23:00+00:00,2024-03-03 12:23:00+00:00,,,,,,,
BACKTESTER-001,LRBStrategy-000,BTCUSDT-PERP.BINANCE,BINANCE-1-323,BTCUSDT-PERP.BINANCE-LRBStrategy-000,BINANCE-001,T-ad9614be67ba69c6-34540,STOP_MARKET,BUY,4.145,GTC,True,False,4.145,TAKER,62467.9,0.09999999999126885,['181.25061185 USDT'],NO_TRIGGER,FILLED,OUO,OL-20240303-122300-001-000-107,['O-20240303-122300-001-000-324'],O-20240303-122300-001-000-322,,,,"['scenario=LRB-1709468460000000000-000654', 'family=SRR']",a3ceb919-535e-4f9c-bced-5ff2d5432f15,2024-03-03 12:23:00+00:00,2024-03-03 12:24:00+00:00,62467.8,DEFAULT,,,,,
BACKTESTER-001,LRBStrategy-000,BTCUSDT-PERP.BINANCE,BINANCE-1-325,BTCUSDT-PERP.BINANCE-LRBStrategy-000,BINANCE-001,T-77cae5cae64bb976-34711,MARKET,SELL,3.647,GTC,False,False,3.647,TAKER,62432.700000000004,0.0,['159.38443983 USDT'],NO_TRIGGER,FILLED,OTO,OL-20240303-130900-001-000-108,"['O-20240303-130900-001-000-326', 'O-20240303-130900-001-000-327']",,,,,"['scenario=LRB-1709471160000000000-000657', 'family=SRR']",232a2f59-f476-4c38-a4ed-d1a563a3f6da,2024-03-03 13:09:00+00:00,2024-03-03 13:09:00+00:00,,,,,,,
BACKTESTER-001,LRBStrategy-000,BTCUSDT-PERP.BINANCE,BINANCE-1-327,BTCUSDT-PERP.BINANCE-LRBStrategy-000,BINANCE-001,T-811c667d69901176-34753,LIMIT,BUY,3.647,GTC,True,False,3.647,MAKER,62185.7,0.09999999999854481,['158.75387353 USDT'],NO_TRIGGER,FILLED,OUO,OL-20240303-130900-001-000-108,['O-20240303-130900-001-000-326'],O-20240303-130900-001-000-325,,,,"['scenario=LRB-1709471160000000000-000657', 'family=SRR']",1e420237-6bb1-438f-b3b6-4c5fe9686642,2024-03-03 13:09:00+00:00,2024-03-03 13:20:00+00:00,,,,,62185.6,True,
BACKTESTER-001,LRBStrategy-000,BTCUSDT-PERP.BINANCE,BINANCE-1-328,BTCUSDT-PERP.BINANCE-LRBStrategy-000,BINANCE-001,T-2e33d46952b3d7b5-34860,MARKET,SELL,3.304,GTC,False,False,3.304,TAKER,62311.9,0.0,['144.11496232 USDT'],NO_TRIGGER,FILLED,OTO,OL-20240303-134900-001-000-109,"['O-20240303-134900-001-000-329', 'O-20240303-134900-001-000-330']",,,,,"['scenario=LRB-1709473620000000000-000660', 'family=SRR']",62c83ed8-cebc-4f25-839b-3d735e865f72,2024-03-03 13:49:00+00:00,2024-03-03 13:49:00+00:00,,,,,,,
BACKTESTER-001,LRBStrategy-000,BTCUSDT-PERP.BINANCE,BINANCE-1-329,BTCUSDT-PERP.BINANCE-LRBStrategy-000,BINANCE-001,T-0f8793464a75247a-34881,STOP_MARKET,BUY,3.304,GTC,True,False,3.304,TAKER,62353.7,0.09999999999854481,['144.21163736 USDT'],NO_TRIGGER,FILLED,OUO,OL-20240303-134900-001-000-109,['O-20240303-134900-001-000-330'],O-20240303-134900-001-000-328,,,,"['scenario=LRB-1709473620000000000-000660', 'family=SRR']",d3322a3c-4d59-444f-9b0a-31acee02e395,2024-03-03 13:49:00+00:00,2024-03-03 13:55:00+00:00,62353.6,DEFAULT,,,,,
BACKTESTER-001,LRBStrategy-000,BTCUSDT-PERP.BINANCE,BINANCE-1-331,BTCUSDT-PERP.BINANCE-LRBStrategy-000,BINANCE-001,T-0842d7496d7194cd-36731,MARKET,SELL,2.308,GTC,False,False,2.308,TAKER,63247.6,0.0,['102.18282256 USDT'],NO_TRIGGER,FILLED,OTO,OL-20240303-223100-001-000-110,"['O-20240303-223100-001-000-332', 'O-20240303-223100-001-000-333']",,,,,"['scenario=LRB-1709504940000000000-000696', 'family=SRR']",52271820-457c-4a77-9ddc-838504b42c20,2024-03-03 22:31:00+00:00,2024-03-03 22:31:00+00:00,,,,,,,
BACKTESTER-001,LRBStrategy-000,BTCUSDT-PERP.BINANCE,BINANCE-1-333,BTCUSDT-PERP.BINANCE-LRBStrategy-000,BINANCE-001,T-b75e1b9c0a46f1ca-36803,LIMIT,BUY,2.308,GTC,True,False,2.308,MAKER,62884.99999999999,0.09999999999854481,['101.59700600 USDT'],NO_TRIGGER,FILLED,OUO,OL-20240303-223100-001-000-110,['O-20240303-223100-001-000-332'],O-20240303-223100-001-000-331,,,,"['scenario=LRB-1709504940000000000-000696', 'family=SRR']",d8e55472-0270-4d21-88fc-35c3eb84bfbb,2024-03-03 22:31:00+00:00,2024-03-03 22:53:00+00:00,,,,,62884.9,True,
