tree
version=v4
num_class=1
num_tree_per_iteration=1
label_index=0
max_feature_idx=59
objective=binary sigmoid:1
feature_names=auction_rejection source_scale higher_strength trigger_strength risk_bps cost_r penetration event_flow event_activity overlap_width distance_to_source elapsed_auction relative_wait noise_to_risk peer_progress_now peer_flow_now path_15_progress path_15_pressure path_15_activity path_15_variation path_15_excursion path_15_close_location path_15_area_time_price path_15_area_time_pressure path_15_area_time_activity path_15_area_price_pressure path_15_area_price_activity path_15_area_pressure_activity path_60_progress path_60_pressure path_60_activity path_60_variation path_60_excursion path_60_close_location path_60_area_time_price path_60_area_time_pressure path_60_area_time_activity path_60_area_price_pressure path_60_area_price_activity path_60_area_pressure_activity path_event_progress path_event_pressure path_event_activity path_event_variation path_event_excursion path_event_close_location path_event_area_time_price path_event_area_time_pressure path_event_area_time_activity path_event_area_price_pressure path_event_area_price_activity path_event_area_pressure_activity x_spot_flow_15 x_spot_flow_60 x_relative_move_15 x_relative_move_60 x_oi_change_15 x_oi_change_60 x_premium x_premium_change
feature_infos=[0:1] [1.5849625007211561:5.5849625007211561] [0.87591240875912546:4.0987654320986984] [1:455.18159756690272] [0.67924528301886788:666.9277311109754] [0.017392954019186259:17.666066666666666] [-4.949357226334298:100] [-0.44318500843220021:0.56443702077890778] [0.46839638814856605:9.0263997068489115] [0.00016772895002653581:0.14285714285714285] [-22.541666666692375:18.899999999998023] [0.69314718055994529:9.4922809937988504] [0:33.666666666666664] [0.033639143730886591:19.544444444443798] [-5.3447170177662437:3.2550772960737855] [-0.32034246887922779:0.33776103891827941] [-5.3447170177662437:4.3013492040757981] [-0.372248335467465:0.37424040395503966] [0.18757535314317347:2.9045346774780807] [0.58528338678731251:12.858304709408573] [0.28042793323533455:11.825509150419956] [-1:1] [-1.0196773895901827:1.6765714574249007] [-0.13412725712833037:0.15854340441545181] [-0.23399319634618554:0.2733504781501287] [-0.27865059124440483:0.47986851903388494] [-2.5159765556893636:1.5576988873621387] [-0.11602182969510752:0.09878747632454421] [-4.9157780016143544:3.3875018042134064] [-0.27705543259008764:0.20481814074052573] [0.28830551976100516:2.7926250336713663] [2.2786355070526789:20.822670735128053] [0.36582946906525621:7.436128024718232] [-1:1] [-1.1036505884643646:1.3862253262543676] [-0.074980846781998151:0.068337472273190522] [-0.2104334067935649:0.28292133287946314] [-0.060787763211398005:0.17321992361065114] [-1.4929676510517933:1.0616177556923125] [-0.064709223309289146:0.063095101742864076] [-37.391061452510954:4.0243902439022765] [-0.44325354562320324:0.5643965546545533] [0.35201120905687744:2.9384749400995123] [0.038116591928243335:428.52747252732695] [0.19001919385796587:58.381750465544577] [-1:1] [-18.805635390244273:2.0061734642245055] [-0.15469159682825973:0.15289833329750552] [-0.24490959729097173:0.28847781631191649] [-0.29816086661424834:1.1575848929528907] [-1.658338825560171:19.734223040550365] [-0.10885936204243313:0.14066997766223399] [-0.49430961076604385:0.49605856739642129] [-0.40140740728132907:0.31192534459879523] [-0.7406259255867903:0.64748310814299315] [-1.1617768198009242:0.76206869793112653] [-289.17315372218866:181.3971343420917] [-1023.0092159575754:364.47627170065999] [-31.341899999999999:33.474400000000003] [-20.068499999999997:23.171399999999995]
tree_sizes=894 892 793 896 896 788 893 684 684 684 684 687 788 899 685 790 899 687 796 902 789 789 898 792 690 798 693 899 789 895 694 797 896 689 894 690 793 688 796 695 791 904 691 896 894 687 797 899 689 686 885 688 788 687 686 890 791 900 692 692 684 893 693 687 687 794 908 679 689 794 791 800 690 681 691 579 796 901 685 791 884 693 579 696 796 681 887 692 800 585 798 687 904 793 695 804 687 796 904 688 693 796 686 695 694 795 685 692 697 878 801 803 693 689 800 796 884 797 587 591 692 801 797 683 796 687 692 800 800 904 800 592 586 894 806 692 697 792 583 591 693 791 697 690 797 795 903 803 799 685 796 793 804 803 694 796 910 803 795 801

Tree=0
num_leaves=7
num_cat=0
split_feature=13 54 8 29 58 38
split_gain=4.9095 3.96924 2.96255 2.37557 1.77915 0.408379
threshold=0.24315439613942894 -0.040801518999997823 1.808337220028273 0.034446261227840856 7.8800000000000008 -0.034756631366000379
decision_type=2 2 2 2 2 2
left_child=2 5 4 -3 -1 -2
right_child=1 3 -4 -5 -6 -7
leaf_value=0.023121810646270266 0.010524690441422123 -0.028218266332501907 -0.01007850777353396 -0.0017446937170364843 -0.0038746760805218015 -0.0023202660148605972
leaf_weight=10.707145857508296 5.0508018755353987 35.127147366642021 9.4835403290344384 12.135479989810845 5.0880850655958048 5.4975898114498687
leaf_count=565 115 784 701 272 346 149
internal_value=-0.010373 -0.0175426 0.0063483 -0.0229125 0.0162947 0.00595893
internal_weight=83.0898 57.811 25.2788 47.2626 15.7952 10.5484
internal_count=2932 1320 1612 1056 911 264
is_linear=0
shrinkage=0.05


Tree=1
num_leaves=7
num_cat=0
split_feature=13 54 8 29 58 32
split_gain=4.57596 3.74904 2.81503 2.25737 1.70201 0.39834
threshold=0.24315439613942894 -0.040801518999997823 1.808337220028273 0.01966851937910374 7.8800000000000008 1.1232577449695054
decision_type=2 2 2 2 2 2
left_child=2 5 4 -3 -1 -2
right_child=1 3 -4 -5 -6 -7
leaf_value=0.02257856946434833 0.010391912084195036 -0.028370784258389927 -0.009828978474077054 -0.0034213470853406073 -0.0038086755244246748 -0.0022818585346655348
leaf_weight=10.658363832946636 5.0035098224179801 31.394032125594094 9.4917447697371227 15.509563995292408 5.0906680366024366 5.5544282362097874
leaf_count=565 138 708 701 348 346 126
internal_value=-0.00996587 -0.0169168 0.00616833 -0.0221719 0.0158826 0.0058577
internal_weight=82.7023 57.4615 25.2408 46.9036 15.749 10.5579
internal_count=2932 1320 1612 1056 911 264
is_linear=0
shrinkage=0.05


Tree=2
num_leaves=6
num_cat=0
split_feature=13 7 8 53 54
split_gain=4.27801 3.36592 2.95269 2.47182 1.36987
threshold=0.22671400181089871 1.0000000180025095e-35 1.808337220028273 -0.026644131832516255 -0.040801518999997823
decision_type=2 2 2 2 2
left_child=2 3 -1 -2 -3
right_child=1 4 -4 -5 -6
leaf_value=0.017552850969548422 -0.011938513707321935 -0.0012518821965168206 -0.0099923858475067344 0.013138117905264035 -0.025923000754715344
leaf_weight=13.387429892987713 9.1073712306097168 7.6670514126308253 8.2470496629830432 10.32043970027007 33.597309193108231
leaf_count=848 233 193 659 232 767
internal_value=-0.00958821 -0.0157504 0.00721316 0.00132048 -0.0224774
internal_weight=82.3267 60.6922 21.6345 19.4278 41.2644
internal_count=2932 1425 1507 465 960
is_linear=0
shrinkage=0.05


Tree=3
num_leaves=7
num_cat=0
split_feature=13 54 8 29 58 38
split_gain=4.01261 3.40523 2.54364 2.1513 1.63226 0.398082
threshold=0.24315439613942894 -0.040801518999997823 1.808337220028273 0.01966851937910374 7.8800000000000008 -0.034756631366000379
decision_type=2 2 2 2 2 2
left_child=2 5 4 -3 -1 -2
right_child=1 3 -4 -5 -6 -7
leaf_value=0.02172940504284588 0.01028080625924512 -0.026959936055998029 -0.0093338990313946452 -0.0028881969903534551 -0.0039255985866523627 -0.0023492243333138878
leaf_weight=10.568838581690217 5.0650910406839103 30.843799981405027 9.5057138633565028 15.418772887322119 5.0751241854159153 5.4971372663276252
leaf_count=565 115 708 701 348 346 149
internal_value=-0.00924583 -0.0158038 0.00585227 -0.0208764 0.0151213 0.00576178
internal_weight=81.9745 56.8248 25.1497 46.2626 15.644 10.5622
internal_count=2932 1320 1612 1056 911 264
is_linear=0
shrinkage=0.05


Tree=4
num_leaves=7
num_cat=0
split_feature=13 54 8 29 58 30
split_gain=3.746 3.22192 2.41722 2.02152 1.56225 0.386163
threshold=0.24315439613942894 -0.040801518999997823 1.808337220028273 0.034446261227840856 7.8800000000000008 0.82572737479701708
decision_type=2 2 2 2 2 2
left_child=2 5 4 -3 -1 -2
right_child=1 3 -4 -5 -6 -7
leaf_value=0.021223944789087811 0.0099722581713545394 -0.025214688148811962 -0.0091032630326361042 -0.0011147849885344337 -0.0038588303961883553 -0.0024604679934334493
leaf_weight=10.518940813228257 5.4215866094455105 33.87903759337496 9.5124012596206722 12.047775428509338 5.0777509094914413 5.1495433645322919
leaf_count=565 154 784 701 272 346 110
internal_value=-0.00889427 -0.0152555 0.00568753 -0.0202224 0.0147406 0.00566391
internal_weight=81.607 56.4979 25.1091 45.9268 15.5967 10.5711
internal_count=2932 1320 1612 1056 911 264
is_linear=0
shrinkage=0.05


Tree=5
num_leaves=6
num_cat=0
split_feature=13 7 8 28 36
split_gain=3.50849 3.22143 2.56825 2.31236 1.47417
threshold=0.22671400181089871 1.0000000180025095e-35 1.808337220028273 -0.50595502102201773 0.025260942005722171
decision_type=2 2 2 2 2
left_child=2 3 -1 -2 -3
right_child=1 4 -4 -5 -6
leaf_value=0.016364556623735628 -0.01220056986259363 -0.0050920547237120256 -0.009336019368145437 0.012359121099654433 -0.027214138063093463
leaf_weight=13.241114847172868 7.124564461293633 16.856721590738744 8.2722799497423676 12.07270261691883 23.672066755942069
leaf_count=848 153 553 659 312 407
internal_value=-0.00854348 -0.0141876 0.00665559 0.00218753 -0.0208418
internal_weight=81.2395 59.7261 21.5134 19.1973 40.5288
internal_count=2932 1425 1507 465 960
is_linear=0
shrinkage=0.05


Tree=6
num_leaves=7
num_cat=0
split_feature=13 54 8 29 58 38
split_gain=3.3081 3.04333 2.18509 1.94164 1.49231 0.375314
threshold=0.24315439613942894 -0.040801518999997823 1.808337220028273 0.01966851937910374 7.8800000000000008 -0.034756631366000379
decision_type=2 2 2 2 2 2
left_child=2 5 4 -3 -1 -2
right_child=1 3 -4 -5 -6 -7
leaf_value=0.020433240380296664 0.01019186323682178 -0.02503879967965026 -0.0086378142341377272 -0.0023691505937835818 -0.0039360955157033773 -0.0021762388309137623
leaf_weight=10.428372954324006 5.0676309526897967 30.043791003641672 9.5225100070238096 15.329735771170816 5.0616123974323264 5.4680707084480655
leaf_count=565 115 708 701 348 346 149
internal_value=-0.00828461 -0.0143038 0.00541241 -0.0191907 0.01405 0.00583886
internal_weight=80.9217 55.9092 25.0125 45.3735 15.49 10.5357
internal_count=2932 1320 1612 1056 911 264
is_linear=0
shrinkage=0.05


Tree=7
num_leaves=5
num_cat=0
split_feature=10 58 33 28
split_gain=3.22939 4.3839 3.22206 2.61652
threshold=1.7114281210592717 -4.1573499999999992 0.30027322404370105 -0.79422394590615508
decision_type=2 2 2 2
left_child=1 3 -3 -1
right_child=-2 2 -4 -5
leaf_value=-0.0091159716424357266 -0.024345087976246561 -0.018085406952202079 0.008184570569911646 0.017696301521055575
leaf_weight=5.6687566742766675 12.702648393809794 31.113988548866473 9.5999254835915035 21.484251990681514
leaf_count=109 264 1105 561 893
internal_value=-0.00796653 -0.00216815 -0.0114987 0.0111517
internal_weight=80.5696 67.8669 40.7139 27.153
internal_count=2932 2668 1666 1002
is_linear=0
shrinkage=0.05


Tree=8
num_leaves=5
num_cat=0
split_feature=33 10 41 28
split_gain=3.1279 3.72426 4.96515 2.7
threshold=-0.42541397599852754 1.7114281210592717 0.097554122460770054 -0.51639777949428622
decision_type=2 2 2 2
left_child=3 2 -2 -1
right_child=1 -3 -4 -5
leaf_value=-0.026974722180958862 0.015487121763017914 -0.019399647367227116 -0.012853520760508667 0.0043288301862792504
leaf_weight=17.004127881722528 32.757845443600672 9.5089587050024402 15.110004514688624 5.9426609509391701
leaf_count=396 1689 175 381 291
internal_value=-0.00773263 -0.000579174 0.00586585 -0.0200146
internal_weight=80.3236 57.3768 47.8678 22.9468
internal_count=2932 2245 2070 687
is_linear=0
shrinkage=0.05


Tree=9
num_leaves=5
num_cat=0
split_feature=10 58 28 28
split_gain=2.95636 4.06898 2.93179 2.3741
threshold=1.7114281210592717 -4.1573499999999992 0.051479405968219941 -0.79422394590615508
decision_type=2 2 2 2
left_child=1 3 -3 -1
right_child=-2 2 -4 -5
leaf_value=-0.0086574296532219378 -0.023332570196282966 -0.017514580629177698 0.0074590101558458747 0.016977835130155567
leaf_weight=5.581475839251655 12.511759397923013 30.40468976018019 10.030083048302911 21.511327238345984
leaf_count=109 264 1089 577 893
internal_value=-0.0075903 -0.00204015 -0.0110691 0.0107864
internal_weight=80.0393 67.5276 40.4348 27.0928
internal_count=2932 2668 1666 1002
is_linear=0
shrinkage=0.05


Tree=10
num_leaves=5
num_cat=0
split_feature=33 10 41 28
split_gain=2.89 3.36769 4.61415 2.54005
threshold=-0.42541397599852754 1.7114281210592717 0.10271354272143095 -0.51639777949428622
decision_type=2 2 2 2
left_child=3 2 -2 -1
right_child=1 -3 -4 -5
leaf_value=-0.026094199599388634 0.014744381804422358 -0.018478897847283172 -0.012681327667269333 0.0042473845095754191
leaf_weight=16.652470470755365 33.180444978774176 9.3884851846378279 14.650127563159911 5.9515178028959772
leaf_count=396 1716 175 354 291
internal_value=-0.00736924 -0.000508862 0.00560383 -0.0192529
internal_weight=79.823 57.2191 47.8306 22.604
internal_count=2932 2245 2070 687
is_linear=0
shrinkage=0.05


Tree=11
num_leaves=5
num_cat=0
split_feature=10 58 33 28
split_gain=2.70663 3.77769 2.7209 2.15438
threshold=1.7114281210592717 -4.1573499999999992 0.30027322404370105 -0.79422394590615508
decision_type=2 2 2 2
left_child=1 3 -3 -1
right_child=-2 2 -4 -5
leaf_value=-0.0082216872739119245 -0.022370333886989953 -0.016762048893348605 0.0074649624419335023 0.016288907007180206
leaf_weight=5.4975602920167175 12.324104685452765 30.627007296308875 9.5603471480426361 21.532890048634727
leaf_count=109 264 1105 561 893
internal_value=-0.00723853 -0.00192643 -0.0106596 0.0104298
internal_weight=79.5419 67.2178 40.1874 27.0305
internal_count=2932 2668 1666 1002
is_linear=0
shrinkage=0.05


Tree=12
num_leaves=6
num_cat=0
split_feature=33 8 58 7 28
split_gain=2.67093 3.13453 3.38366 2.68725 2.39146
threshold=-0.42541397599852754 1.808337220028273 4.8016000000000014 0.015844509765227589 -0.51639777949428622
decision_type=2 2 2 2 2
left_child=4 2 -2 -3 -1
right_child=1 3 -4 -5 -6
leaf_value=-0.02525048562234455 0.01938139913171651 0.0040860822647557212 -0.0071175640467584338 -0.022146110153043144 0.0041701606762901107
leaf_weight=16.313180004828613 17.966035627410747 12.709063514077572 14.08468332380289 12.270297383656724 5.9593629993032655
leaf_count=396 701 620 649 275 291
internal_value=-0.00702869 -0.000444767 0.00881309 -0.011447 -0.0185256
internal_weight=79.3026 57.0301 32.0507 24.9794 22.2725
internal_count=2932 2245 1350 895 687
is_linear=0
shrinkage=0.05


Tree=13
num_leaves=7
num_cat=0
split_feature=9 7 10 58 36 33
split_gain=2.58154 3.30289 2.56578 2.16916 1.49505 1.48629
threshold=0.013369467835291414 -0.0094879699125788239 1.021151506696697 -4.1573499999999992 0.067264500228248078 -0.29143250163891105
decision_type=2 2 2 2 2 2
left_child=1 5 4 -3 -2 -1
right_child=2 3 -4 -5 -6 -7
leaf_value=-0.0087054793105946059 0.016711385271253543 -0.0021924975154183576 -0.013380570445612004 -0.027549945670771448 -0.0049122262328952816 0.012413598281585454
leaf_weight=5.276541295927017 17.172813451732516 14.270053122017996 5.9142500272719181 20.296476855874062 6.0511627648957065 10.02960262657143
leaf_count=137 888 457 150 778 169 353
internal_value=-0.00685222 -0.0128978 0.00414701 -0.0199225 0.0112945 0.00457003
internal_weight=79.0109 49.8727 29.1382 34.5665 23.224 15.3061
internal_count=2932 1725 1207 1235 1057 490
is_linear=0
shrinkage=0.05


Tree=14
num_leaves=5
num_cat=0
split_feature=10 58 28 28
split_gain=2.51461 3.21639 2.51519 1.91977
threshold=1.7114281210592717 -4.1573499999999992 0.051479405968219941 -0.79422394590615508
decision_type=2 2 2 2
left_child=1 3 -3 -1
right_child=-2 2 -4 -5
leaf_value=-0.007853904851837545 -0.021331903146523119 -0.015798613820363346 0.0072626035702775087 0.015303235850373782
leaf_weight=5.416345793753865 12.099863534676841 29.789271695772186 9.9805010685086 21.539026769285556
leaf_count=109 264 1089 577 893
internal_value=-0.00668017 -0.00158923 -0.00971483 0.00978398
internal_weight=78.825 66.7251 39.7698 26.9554
internal_count=2932 2668 1666 1002
is_linear=0
shrinkage=0.05


Tree=15
num_leaves=6
num_cat=0
split_feature=33 8 58 7 28
split_gain=2.48536 2.90138 2.94747 2.51044 2.23796
threshold=-0.42541397599852754 1.808337220028273 4.708800000000001 0.015844509765227589 -0.51639777949428622
decision_type=2 2 2 2 2
left_child=4 2 -2 -3 -1
right_child=1 3 -4 -5 -6
leaf_value=-0.024269885842285691 0.01855247101640144 0.0040960294558999551 -0.0063014587745229876 -0.021238922113458764 0.0041351517402797673
leaf_weight=15.914819962694311 17.848501367319844 12.678495322470555 14.094376148335867 12.119402981828896 5.9599321659188709
leaf_count=396 696 620 654 275 291
internal_value=-0.00648898 -0.000180874 0.00869823 -0.0108311 -0.0176614
internal_weight=78.6155 56.7408 31.9429 24.7979 21.8748
internal_count=2932 2245 1350 895 687
is_linear=0
shrinkage=0.05


Tree=16
num_leaves=7
num_cat=0
split_feature=9 7 2 36 58 33
split_gain=2.39432 3.06947 2.35748 2.21242 1.90949 1.36584
threshold=0.013369467835291414 -0.0094879699125788239 1.5300475663855233 0.067264500228248078 -4.1573499999999992 -0.29143250163891105
decision_type=2 2 2 2 2 2
left_child=1 5 3 -2 -3 -1
right_child=2 4 -4 -5 -6 -7
leaf_value=-0.0082583523901021867 0.017547177178499591 -0.0022088034585439095 -0.013052393156708418 -0.0077318403976780583 -0.026231709648499163 0.012061010849434662
leaf_weight=5.1957121884915969 17.793661899049773 14.17612888017902 5.3681161165004587 5.8179432306205845 19.971171706318273 10.008220809046177
leaf_count=137 855 457 191 161 778 353
internal_value=-0.00632802 -0.0121947 0.00422804 0.0108712 -0.019018 0.00459562
internal_weight=78.331 49.3512 28.9797 23.6116 34.1473 15.2039
internal_count=2932 1725 1207 1016 1235 490
is_linear=0
shrinkage=0.05


Tree=17
num_leaves=5
num_cat=0
split_feature=10 33 41 28
split_gain=2.35346 2.86025 4.14422 1.87287
threshold=1.7114281210592717 -0.42541397599852754 0.097554122460770054 -0.51639777949428622
decision_type=2 2 2 2
left_child=1 3 -3 -1
right_child=-2 2 -4 -5
leaf_value=-0.020493152935842602 -0.020419601070909545 0.014110812024061446 -0.011859748037917936 0.005296863788016192
leaf_weight=13.602011696086267 11.891973442281595 32.575860147393541 14.914627839112653 5.1653312778798854
leaf_count=331 264 1689 381 267
internal_value=-0.00618354 -0.0012858 0.00531042 -0.0140211
internal_weight=78.1498 66.2578 47.4905 18.7673
internal_count=2932 2668 2070 598
is_linear=0
shrinkage=0.05


Tree=18
num_leaves=6
num_cat=0
split_feature=10 58 28 28 20
split_gain=2.22324 2.76506 2.25342 1.65129 0.036143
threshold=1.7114281210592717 -4.1573499999999992 0.051479405968219941 -0.79422394590615508 1.2483353305532774
decision_type=2 2 2 2 2
left_child=1 3 -3 -1 -2
right_child=4 2 -4 -5 -6
leaf_value=-0.0072813569530730624 -0.0040289137587979978 -0.014739735488339218 0.0070658044656757221 0.014304397025520756 -0.022870688627491705
leaf_weight=5.2908767748158452 5.5099073522724193 29.35528400784824 9.9427092715777672 21.514756675984245 6.2848349526757374
leaf_count=109 149 1089 577 893 115
internal_value=-0.00608256 -0.00131024 -0.00890858 0.00922308 -0.0199559
internal_weight=77.8984 66.1036 39.298 26.8056 11.7947
internal_count=2932 2668 1666 1002 264
is_linear=0
shrinkage=0.05


Tree=19
num_leaves=7
num_cat=0
split_feature=9 7 2 36 58 33
split_gain=2.19324 2.82205 2.21217 2.03262 1.73563 1.25314
threshold=0.013369467835291414 -0.0094879699125788239 1.5300475663855233 0.067264500228248078 -4.1573499999999992 -0.29143250163891105
decision_type=2 2 2 2 2 2
left_child=1 5 3 -2 -3 -1
right_child=2 4 -4 -5 -6 -7
leaf_value=-0.0078873309685593453 0.016940695628368651 -0.0021101455231399748 -0.012648866023283415 -0.0073713405842007586 -0.025100686493660065 0.011626522898377224
leaf_weight=5.1249257107265285 17.788073696312502 14.096858760865869 5.3049068718682966 5.7537813942763014 19.677055949170608 9.9752103851642442
leaf_count=137 855 457 191 161 778 353
internal_value=-0.00594822 -0.0115979 0.00414534 0.0105725 -0.0181789 0.00449985
internal_weight=77.7208 48.8741 28.8468 23.5419 33.7739 15.1001
internal_count=2932 1725 1207 1016 1235 490
is_linear=0
shrinkage=0.05


Tree=20
num_leaves=6
num_cat=0
split_feature=33 8 44 7 28
split_gain=2.15992 2.67123 2.5048 2.2321 2.00334
threshold=-0.42541397599852754 1.808337220028273 0.88385088555267688 0.015844509765227589 -0.51639777949428622
decision_type=2 2 2 2 2
left_child=4 2 -2 -3 -1
right_child=1 3 -4 -5 -6
leaf_value=-0.022762685747251279 -0.0057385045930420245 0.0038382890030805496 0.017369011351612181 -0.020137745603756082 0.0040468453267667849
leaf_weight=15.296625033486636 13.47999680117937 12.618555802269841 18.278104245648137 11.904631218989378 5.9634803871158502
leaf_count=396 344 620 1006 275 291
internal_value=-0.0058154 3.21253e-05 0.00853541 -0.0102625 -0.0163537
internal_weight=77.5414 56.2813 31.7581 24.5232 21.2601
internal_count=2932 2245 1350 895 687
is_linear=0
shrinkage=0.05


Tree=21
num_leaves=6
num_cat=0
split_feature=10 41 33 8 20
split_gain=2.11123 2.58168 4.06808 1.17246 0.0729148
threshold=1.7114281210592717 0.10271354272143095 -0.30424269878074089 1.0412435234274093 1.2483353305532774
decision_type=2 2 2 2 2
left_child=1 2 -1 -3 -2
right_child=4 3 -4 -5 -6
leaf_value=-0.010136269310138673 -0.0036836671969989348 0.002391792877766365 0.015266127462300619 -0.018439471394105116 -0.022220679539963831
leaf_weight=17.908098008017987 5.4565160186029953 6.6578620226355296 28.273295870225411 12.812135711777954 6.1624908354133368
leaf_count=641 149 192 1570 265 115
internal_value=-0.00567751 -0.00104956 0.00536478 -0.0129217 -0.0192459
internal_weight=77.2704 65.6514 46.1814 19.47 11.619
internal_count=2932 2668 2211 457 264
is_linear=0
shrinkage=0.05


Tree=22
num_leaves=7
num_cat=0
split_feature=9 7 2 36 58 6
split_gain=2.03712 2.53898 2.07314 1.85347 1.68184 1.19573
threshold=0.013369467835291414 -0.0094879699125788239 1.5300475663855233 0.067264500228248078 -4.1573499999999992 0.29411584262643736
decision_type=2 2 2 2 2 2
left_child=1 5 3 -2 -3 -1
right_child=2 4 -4 -5 -6 -7
leaf_value=-0.0068753177298973957 0.016366918721774579 -0.0017532988790774232 -0.012218410926397267 -0.0069624071089746942 -0.024202904172703855 0.012022987095011406
leaf_weight=6.6661898219026616 17.745181445323404 13.983536044310311 5.2407720773480824 5.6828965196618801 19.399912262480939 8.3241787363076565
leaf_count=186 855 457 191 161 778 304
internal_value=-0.00562015 -0.0110989 0.00410393 0.010318 -0.017371 0.00423067
internal_weight=77.0427 48.3738 28.6689 23.4281 33.3834 14.9904
internal_count=2932 1725 1207 1016 1235 490
is_linear=0
shrinkage=0.05


Tree=23
num_leaves=6
num_cat=0
split_feature=10 41 33 8 20
split_gain=2.03089 2.38777 3.75512 1.11235 0.0831572
threshold=1.7114281210592717 0.10271354272143095 -0.30424269878074089 1.0412435234274093 1.2483353305532774
decision_type=2 2 2 2 2
left_child=1 2 -1 -3 -2
right_child=4 3 -4 -5 -6
leaf_value=-0.009733864503424134 -0.0035296305344787054 0.0024237744501728925 0.014719287604321549 -0.017792608077339785 -0.021795034363194472
leaf_weight=17.773784846882336 5.430037441197781 6.6448299976764273 28.228040994261391 12.726138756843282 6.0827585813822225
leaf_count=641 149 192 1570 265 115
internal_value=-0.00548603 -0.000950883 0.00522025 -0.0123937 -0.0188254
internal_weight=76.8856 65.3728 46.0018 19.371 11.5128
internal_count=2932 2668 2211 457 264
is_linear=0
shrinkage=0.05


Tree=24
num_leaves=5
num_cat=0
split_feature=50 41 16 22
split_gain=2.00564 2.88189 2.12323 0.216556
threshold=-0.068869838819903231 -0.030276776779673026 -0.34484671536051764 0.19321838236963826
decision_type=2 2 2 2
left_child=3 -2 -3 -1
right_child=1 2 -4 -5
leaf_value=-0.019907124766483961 0.016720593300443117 -0.0164816732954353 0.0018609296765104066 -0.00267285711129071
leaf_weight=10.158839533163702 8.9497001428389904 16.01590943930205 35.650318572690594 5.8868997873505569
leaf_count=387 329 555 1509 152
internal_value=-0.00543206 -0.000382116 -0.00557572 -0.017038
internal_weight=76.6617 60.6159 51.6662 16.0457
internal_count=2932 2393 2064 539
is_linear=0
shrinkage=0.05


Tree=25
num_leaves=6
num_cat=0
split_feature=10 58 28 41 20
split_gain=1.96264 2.38305 1.91126 1.45202 0.0779727
threshold=1.7114281210592717 -4.1573499999999992 0.051479405968219941 0.091737055386185901 1.2483353305532774
decision_type=2 2 2 2 2
left_child=1 3 -3 -1 -2
right_child=4 2 -4 -5 -6
leaf_value=0.015096904937512867 -0.0034574177520793575 -0.013455525069386173 0.0066542676922262903 -0.004288235070513494 -0.021341390729176263
leaf_weight=17.091305237670898 5.4163712910376471 28.700319790397771 9.8666328572289768 9.4435518027748895 5.9937441116198897
leaf_count=755 149 1089 577 247 115
internal_value=-0.00528885 -0.000837781 -0.00799999 0.00891248 -0.0184319
internal_weight=76.5119 65.1018 38.567 26.5349 11.4101
internal_count=2932 2668 1666 1002 264
is_linear=0
shrinkage=0.05


Tree=26
num_leaves=5
num_cat=0
split_feature=50 41 16 56
split_gain=1.92844 2.73214 1.9808 0.224864
threshold=-0.068869838819903231 -0.030276776779673026 -0.34484671536051764 11.947296856433811
decision_type=2 2 2 2
left_child=3 -2 -3 -1
right_child=1 2 -4 -5
leaf_value=-0.019230500265053119 0.016395616112001573 -0.015898718148576445 0.001847431626376642 -0.0022446761508996115
leaf_weight=10.541175300953908 8.9676992939785105 15.838834546739234 35.616774256210192 5.4102828711038446
leaf_count=379 329 555 1509 160
internal_value=-0.00515372 -0.000220713 -0.00531327 -0.0165543
internal_weight=76.3748 60.4233 51.4556 15.9515
internal_count=2932 2393 2064 539
is_linear=0
shrinkage=0.05


Tree=27
num_leaves=7
num_cat=0
split_feature=8 29 9 13 23 37
split_gain=1.93887 3.21209 2.38893 2.03218 1.36299 1.1909
threshold=1.808337220028273 -0.026208486412995589 0.00062790248442209592 0.22989422256878289 0.025179951978156687 0.011442244757861228
decision_type=2 2 2 2 2 2
left_child=1 3 -2 -1 -4 -3
right_child=2 5 4 -5 -6 -7
leaf_value=0.0078261785071064485 0.007691382866528939 0.016805552209467951 -0.022073372450721118 -0.017182008260144665 0.0020275195863278346 -0.0032504395703939907
leaf_weight=5.1020068798679885 5.7515443675220004 17.758146053180102 21.199689347064126 14.903414723346939 5.2824724948732174 6.2406723990570745
leaf_count=288 171 856 868 353 179 217
internal_value=-0.0050157 0.00192581 -0.0127042 -0.0103215 -0.0180279 0.0121681
internal_weight=76.2379 44.0042 32.2337 20.0054 26.4822 23.9988
internal_count=2932 1714 1218 641 1047 1073
is_linear=0
shrinkage=0.05


Tree=28
num_leaves=6
num_cat=0
split_feature=10 41 33 8 20
split_gain=1.89587 2.17353 3.2938 1.07738 0.101332
threshold=1.7114281210592717 0.10271354272143095 -0.30424269878074089 1.0412435234274093 1.2483353305532774
decision_type=2 2 2 2 2
left_child=1 2 -1 -3 -2
right_child=4 3 -4 -5 -6
leaf_value=-0.0088491186635559944 -0.0031841298236809411 0.002739110517459285 0.014195458594146776 -0.016874065199326094 -0.020734061489119163
leaf_weight=17.468473628046922 5.3779999611433578 6.5940330767771256 28.121219871885842 12.557537992019205 5.8707308516604826
leaf_count=641 149 192 1570 265 115
internal_value=-0.00482775 -0.000496487 0.00536208 -0.011498 -0.0177907
internal_weight=75.99 64.7413 45.5897 19.1516 11.2487
internal_count=2932 2668 2211 457 264
is_linear=0
shrinkage=0.05


Tree=29
num_leaves=7
num_cat=0
split_feature=9 7 2 36 58 6
split_gain=1.88158 2.21478 1.90897 1.63863 1.58741 1.0629
threshold=0.013369467835291414 -0.0094879699125788239 1.5300475663855233 0.067264500228248078 -4.1573499999999992 0.29411584262643736
decision_type=2 2 2 2 2 2
left_child=1 5 3 -2 -3 -1
right_child=2 4 -4 -5 -6 -7
leaf_value=-0.0064214136998889714 0.015988892538038688 -0.0011883733499384699 -0.011423076595303757 -0.0062565285252606075 -0.022733912805794537 0.011474860139356179
leaf_weight=6.5568027519620946 17.616158389137134 13.7823858531774 5.1021453302819273 5.5549861969193435 18.91518314887071 8.2501489900751022
leaf_count=186 855 457 191 161 778 304
internal_value=-0.00478911 -0.0101299 0.00448664 0.0103774 -0.0160575 0.00415609
internal_weight=75.7778 47.5045 28.2733 23.1711 32.6976 14.807
internal_count=2932 1725 1207 1016 1235 490
is_linear=0
shrinkage=0.05


Tree=30
num_leaves=5
num_cat=0
split_feature=50 41 16 22
split_gain=1.85859 2.51761 1.76187 0.240855
threshold=-0.068869838819903231 -0.030276776779673026 -0.34484671536051764 0.19321838236963826
decision_type=2 2 2 2
left_child=3 -2 -3 -1
right_child=1 2 -4 -5
leaf_value=-0.018798064212592409 0.016043173073592966 -0.014903147185731287 0.0018867309866868712 -0.0022179900893200366
leaf_weight=9.9341578305466083 8.9290681229904276 15.511427288874982 35.42599790613167 5.8272320940741329
leaf_count=387 329 555 1509 152
internal_value=-0.00467885 0.000131514 -0.00483273 -0.0159086
internal_weight=75.6279 59.8665 50.9374 15.7614
internal_count=2932 2393 2064 539
is_linear=0
shrinkage=0.05


Tree=31
num_leaves=6
num_cat=0
split_feature=10 58 28 7 20
split_gain=1.8298 2.08964 1.69228 1.31817 0.105225
threshold=1.7114281210592717 -4.1573499999999992 0.051479405968219941 0.031116262773302126 1.2483353305532774
decision_type=2 2 2 2 2
left_child=1 3 -3 -1 -2
right_child=4 2 -4 -5 -6
leaf_value=0.017272641768534405 -0.0030442823048069125 -0.012350726953647228 0.0065321457332484555 -0.0012099437294285681 -0.020245804661601544
leaf_weight=10.273098649689929 5.3481460963375849 28.191848968504928 9.8125962002231955 16.093682412873022 5.7701455841306597
leaf_count=337 149 1089 577 665 115
internal_value=-0.00455826 -0.000318406 -0.00713014 0.00876069 -0.0173311
internal_weight=75.4895 64.3712 38.0044 26.3668 11.1183
internal_count=2932 2668 1666 1002 264
is_linear=0
shrinkage=0.05


Tree=32
num_leaves=7
num_cat=0
split_feature=8 29 9 13 23 37
split_gain=1.82478 2.86729 2.24302 1.8634 1.26672 1.08907
threshold=1.808337220028273 -0.026208486412995589 0.00062790248442209592 0.22989422256878289 0.025179951978156687 0.011442244757861228
decision_type=2 2 2 2 2 2
left_child=1 3 -2 -1 -4 -3
right_child=2 5 4 -5 -6 -7
leaf_value=0.0077230211946766134 0.007686241523490938 0.016303214930189023 -0.021098477197949241 -0.016155868771924018 0.002067599685097577 -0.00300933449510388
leaf_weight=5.0739268001634654 5.7036408931016949 17.692492124100685 20.843972419970672 14.595950588234698 5.2367219186271532 6.203614732308778
leaf_count=288 171 856 868 353 179 217
internal_value=-0.00441467 0.00227312 -0.0119316 -0.00946929 -0.0171631 0.0118808
internal_weight=75.3503 43.566 31.7843 19.6699 26.0807 23.8961
internal_count=2932 1714 1218 641 1047 1073
is_linear=0
shrinkage=0.05


Tree=33
num_leaves=5
num_cat=0
split_feature=50 41 6 56
split_gain=1.81151 2.38243 1.70899 0.249654
threshold=-0.068869838819903231 -0.030276776779673026 3.4375470671910766 11.947296856433811
decision_type=2 2 2 2
left_child=3 -2 -3 -1
right_child=1 2 -4 -5
leaf_value=-0.018063126499454185 0.015901820238457882 0.0011573247568126385 -0.01648848996385683 -0.0017562660278416121
leaf_weight=10.303492509352507 8.9109424843918514 40.739038861109293 9.8390843856614065 5.3196376092964774
leaf_count=379 329 1619 445 160
internal_value=-0.0042453 0.000465158 -0.00443056 -0.0153631
internal_weight=75.1122 59.4891 50.5781 15.6231
internal_count=2932 2393 2064 539
is_linear=0
shrinkage=0.05


Tree=34
num_leaves=7
num_cat=0
split_feature=9 32 6 2 57 30
split_gain=1.74044 2.07292 2.55891 1.75715 1.52628 1.38792
threshold=0.013369467835291414 1.0587110771817978 -0.19029153063305757 1.5300475663855233 -43.60105267783964 0.71873734934188083
decision_type=2 2 2 2 2 2
left_child=1 5 -3 4 -2 -1
right_child=3 2 -4 -5 -6 -7
leaf_value=-0.0069998353388667379 -0.0061469564129808633 0.0061044316167654837 -0.021390295116002819 -0.01074019546007662 0.015560093587725188 0.012753393507234071
leaf_weight=8.7092407174059208 5.1768545800005148 6.3210342198144671 24.071714705904014 5.0052176732569924 17.873807670781389 7.8714030003175131
leaf_count=489 255 185 780 191 761 271
internal_value=-0.00415087 -0.00934145 -0.0155764 0.00471067 0.0103002 0.00364775
internal_weight=75.0293 46.9734 30.3927 28.0559 23.0507 16.5806
internal_count=2932 1725 965 1207 1016 760
is_linear=0
shrinkage=0.05


Tree=35
num_leaves=5
num_cat=0
split_feature=50 41 6 22
split_gain=1.73989 2.2635 1.58563 0.248536
threshold=-0.068869838819903231 -0.030276776779673026 3.4375470671910766 0.19321838236963826
decision_type=2 2 2 2
left_child=3 -2 -3 -1
right_child=1 2 -4 -5
leaf_value=-0.017801684198707941 0.015600534754702237 0.0011502087842842693 -0.015876844396151061 -0.0018805235372599885
leaf_weight=9.7544592357589845 8.9314637113129702 40.695448335434776 9.7240609297878091 5.7819071772973976
leaf_count=387 329 1619 445 152
internal_value=-0.00401527 0.000583921 -0.00421793 -0.0149332
internal_weight=74.8873 59.351 50.4195 15.5364
internal_count=2932 2393 2064 539
is_linear=0
shrinkage=0.05


Tree=36
num_leaves=6
num_cat=0
split_feature=10 41 33 8 20
split_gain=1.67294 2.01011 2.92063 1.26776 0.156068
threshold=1.7114281210592717 0.080666307285439082 -0.30424269878074089 1.0412435234274093 1.2483353305532774
decision_type=2 2 2 2 2
left_child=1 2 -1 -3 -2
right_child=4 3 -4 -5 -6
leaf_value=-0.0076155270016156282 -0.0024946456323605148 0.0039737148297206036 0.014868792866337964 -0.015451366540352025 -0.019278517891797801
leaf_weight=16.473340586409904 5.2634133894462121 7.5839657278265831 25.038247161530307 14.868735098280011 5.5705884324852377
leaf_count=610 149 233 1450 375 115
internal_value=-0.00393014 6.74072e-05 0.00619993 -0.0096874 -0.0162357
internal_weight=74.7983 63.9643 41.5116 22.4527 10.834
internal_count=2932 2668 2060 608 264
is_linear=0
shrinkage=0.05


Tree=37
num_leaves=5
num_cat=0
split_feature=50 41 3 8
split_gain=1.65983 2.13774 1.59642 0.263512
threshold=-0.068869838819903231 -0.030276776779673026 4.577062358284218 1.3854374759858405
decision_type=2 2 2 2
left_child=3 -2 -3 -1
right_child=1 2 -4 -5
leaf_value=-0.0022960712974396456 0.015181039573839603 -0.0098033842747865755 0.0058406098314716642 -0.018015389751451158
leaf_weight=7.0127757599111638 8.9319807677529734 31.9557036095066 18.278958407390746 8.4209462634171341
leaf_count=169 329 1128 936 370
internal_value=-0.00389664 0.000596612 -0.00408638 -0.0145839
internal_weight=74.6004 59.1666 50.2347 15.4337
internal_count=2932 2393 2064 539
is_linear=0
shrinkage=0.05


Tree=38
num_leaves=6
num_cat=0
split_feature=10 58 9 28 20
split_gain=1.62761 1.93207 1.58933 1.22475 0.157157
threshold=1.7114281210592717 -4.1573499999999992 0.013369467835291414 -0.79422394590615508 1.2483353305532774
decision_type=2 2 2 2 2
left_child=1 3 -3 -1 -2
right_child=4 2 -4 -5 -6
leaf_value=-0.0059236743150459523 -0.0024037688999377035 -0.012309432869897149 0.0054281854549744222 0.013127029082050391 -0.018947382465602961
leaf_weight=5.0026855653850388 5.2459103309083712 24.980659513661521 12.597941561776677 21.191535034042317 5.5049337532836944
leaf_count=109 149 964 702 893 115
internal_value=-0.00375955 0.000171539 -0.00647195 0.00885725 -0.0159235
internal_weight=74.5237 63.7728 37.5786 26.1942 10.7508
internal_count=2932 2668 1666 1002 264
is_linear=0
shrinkage=0.05


Tree=39
num_leaves=5
num_cat=0
split_feature=50 41 16 7
split_gain=1.59854 2.03137 1.50371 0.271692
threshold=-0.068869838819903231 -0.030276776779673026 -0.34484671536051764 -0.042425577090710827
decision_type=2 2 2 2
left_child=3 -2 -3 -1
right_child=1 2 -4 -5
leaf_value=-0.0015947770653958972 0.014887167678689854 -0.013351542996827682 0.0022014899948135879 -0.017188261116136035
leaf_weight=5.8697748745325944 8.946967284427954 14.979981379583476 35.123342581864563 9.4918037129682471
leaf_count=135 329 555 1509 404
internal_value=-0.00370155 0.000693465 -0.00389634 -0.0142081
internal_weight=74.4119 59.0503 50.1033 15.3616
internal_count=2932 2393 2064 539
is_linear=0
shrinkage=0.05


Tree=40
num_leaves=6
num_cat=0
split_feature=10 41 33 8 20
split_gain=1.57958 1.84141 2.61811 0.980542 0.15048
threshold=1.7114281210592717 0.10271354272143095 -0.30424269878074089 1.0412435234274093 1.2483353305532774
decision_type=2 2 2 2 2
left_child=1 2 -1 -3 -2
right_child=4 3 -4 -5 -6
leaf_value=-0.0074208810153278647 -0.0023581375933371617 0.0031021779238880418 0.013367544731053822 -0.015268694041521548 -0.018595040673206369
leaf_weight=16.960806779447012 5.2349556239787471 6.5085009093163562 27.919249493468669 12.24190442683175 5.4295969192171469
leaf_count=641 149 192 1570 265 115
internal_value=-0.00361134 0.000250193 0.00559063 -0.0100309 -0.0156229
internal_weight=74.295 63.6305 44.8801 18.7504 10.6646
internal_count=2932 2668 2211 457 264
is_linear=0
shrinkage=0.05


Tree=41
num_leaves=7
num_cat=0
split_feature=8 29 9 13 23 37
split_gain=1.54361 2.59328 2.11902 1.67446 1.22516 0.988371
threshold=1.808337220028273 -0.026208486412995589 0.00062790248442209592 0.22989422256878289 0.025179951978156687 0.011442244757861228
decision_type=2 2 2 2 2 2
left_child=1 3 -2 -1 -4 -3
right_child=2 5 4 -5 -6 -7
leaf_value=0.0074208818679562406 0.0080889897071306158 0.015798913015097626 -0.019783274353901165 -0.015233882455754891 0.0025081468425580569 -0.0027618868589582976
leaf_weight=5.0314365840749842 5.5987021194305298 17.577799396589402 20.309367526264399 14.291022699559106 5.1510122622712506 6.1458606633386799
leaf_count=288 171 856 868 353 179 217
internal_value=-0.00360065 0.00249983 -0.0106052 -0.00881577 -0.0158379 0.0115974
internal_weight=74.1052 43.0461 31.0591 19.3225 25.4604 23.7237
internal_count=2932 1714 1218 641 1047 1073
is_linear=0
shrinkage=0.05


Tree=42
num_leaves=5
num_cat=0
split_feature=50 41 3 56
split_gain=1.5308 1.92838 1.52041 0.297815
threshold=-0.068869838819903231 -0.030276776779673026 4.577062358284218 11.947296856433811
decision_type=2 2 2 2
left_child=3 -2 -3 -1
right_child=1 2 -4 -5
leaf_value=-0.016585950336487781 0.014654040124502983 -0.0093117970584277628 0.0059638808432765124 -0.00098894856756036559
leaf_weight=10.028807309223337 8.9117144188494404 31.612802199844737 18.134366158075863 5.1929403319372787
leaf_count=379 329 1128 936 160
internal_value=-0.00345478 0.000836499 -0.00367716 -0.0137668
internal_weight=73.8806 58.6589 49.7472 15.2217
internal_count=2932 2393 2064 539
is_linear=0
shrinkage=0.05


Tree=43
num_leaves=7
num_cat=0
split_feature=9 32 6 10 41 57
split_gain=1.52971 1.86387 2.36465 1.47507 1.32393 1.21227
threshold=0.013369467835291414 1.0587110771817978 -0.19029153063305757 1.021151506696697 0.030420873276021814 -45.469081716262842
decision_type=2 2 2 2 2 2
left_child=1 4 -3 5 -1 -2
right_child=3 2 -4 -5 -6 -7
leaf_value=0.012501604179633613 -0.0050878379055531234 0.0062407947954214709 -0.020007176541190826 -0.0092961637022131952 -0.0068875390045679916 0.014689792485527887
leaf_weight=8.2354840581974731 5.0531595550128321 6.2785085829673362 23.410619520582259 5.20807073439937 8.1550112888216955 17.462283738073893
leaf_count=432 246 185 780 150 328 811
internal_value=-0.00332304 -0.00827274 -0.0142825 0.00491605 0.00390025 0.0100514
internal_weight=73.8031 46.0796 29.6891 27.7235 16.3905 22.5154
internal_count=2932 1725 965 1207 760 1057
is_linear=0
shrinkage=0.05


Tree=44
num_leaves=7
num_cat=0
split_feature=21 9 41 8 28 16
split_gain=1.4984 1.90249 1.66083 1.326 1.05075 0.230212
threshold=-0.069861040228849966 0.021684198154766365 0.12901441414329876 1.0069498826730989 -0.40561123374261926 -0.20101240210186364
decision_type=2 2 2 2 2 2
left_child=1 5 3 -2 -4 -1
right_child=2 -3 4 -5 -6 -7
leaf_value=-0.018692955736423753 -0.0066070942330512224 0.0054752919542866117 0.004059224119113314 0.0122391029052848 -0.015540362338485131 -0.0019612558855895347
leaf_weight=15.67219569894951 5.501602973497941 8.4894822611240652 5.8976230826228857 26.087710712687112 7.0050465464591962 5.0199805914890048
leaf_count=611 251 328 117 1208 153 264
internal_value=-0.0032099 -0.0104159 0.00256052 0.0081574 -0.00872093 -0.0165953
internal_weight=73.6736 29.1817 44.492 31.5893 12.9027 20.6922
internal_count=2932 1203 1729 1459 270 875
is_linear=0
shrinkage=0.05


Tree=45
num_leaves=5
num_cat=0
split_feature=50 41 3 22
split_gain=1.50155 1.80237 1.42945 0.296815
threshold=-0.068869838819903231 -0.030276776779673026 4.577062358284218 0.19321838236963826
decision_type=2 2 2 2
left_child=3 -2 -3 -1
right_child=1 2 -4 -5
leaf_value=-0.016428006776038874 0.014375338837362209 -0.0088663398648426758 0.0059444567665407769 -0.0011289277550655273
leaf_weight=9.4430298231891339 8.8999573437613417 31.420633616507985 18.076389402034692 5.6687107171164817
leaf_count=387 329 1128 936 152
internal_value=-0.00318238 0.00104307 -0.0033674 -0.013424
internal_weight=73.5087 58.397 49.497 15.1117
internal_count=2932 2393 2064 539
is_linear=0
shrinkage=0.05


Tree=46
num_leaves=6
num_cat=0
split_feature=10 58 28 7 20
split_gain=1.48605 1.75184 1.41251 1.11885 0.179083
threshold=1.7114281210592717 -4.1573499999999992 0.051479405968219941 0.031116262773302126 1.2483353305532774
decision_type=2 2 2 2 2
left_child=1 3 -3 -1 -2
right_child=4 2 -4 -5 -6
leaf_value=0.016690422086011871 -0.0019671090475223171 -0.010707192127101521 0.0064703403802756259 -0.00068205355429245347 -0.017838417352510492
leaf_weight=10.165628802264111 5.1635909329634142 27.357658946013544 9.7134268219378992 15.76209161011502 5.2647226626286283
leaf_count=337 149 1089 577 665 115
internal_value=-0.00306337 0.000637801 -0.00578791 0.00887899 -0.0147896
internal_weight=73.4271 62.9988 37.0711 25.9277 10.4283
internal_count=2932 2668 1666 1002 264
is_linear=0
shrinkage=0.05


Tree=47
num_leaves=7
num_cat=0
split_feature=8 29 9 13 23 30
split_gain=1.47937 2.37618 2.0131 1.55871 1.15197 0.959665
threshold=1.808337220028273 -0.026208486412995589 0.00062790248442209592 0.22989422256878289 0.025179951978156687 0.7363425588905762
decision_type=2 2 2 2 2 2
left_child=1 3 -2 -1 -4 -3
right_child=2 5 4 -5 -6 -7
leaf_value=0.0073980426588833572 0.0081638064385345741 -0.0022947484690031086 -0.018938573437059646 -0.014374213046234941 0.0025674753495066711 0.015937602855206817
leaf_weight=5.0175576113397282 5.5518294670619097 6.7808032061147996 19.972642938024368 14.027168416767379 5.1163999674608922 16.841101867845282
leaf_count=288 171 438 868 353 179 635
internal_value=-0.00296326 0.00294312 -0.00988822 -0.00806587 -0.015071 0.011578
internal_weight=73.3075 42.6666 30.6409 19.0447 25.089 23.6219
internal_count=2932 1714 1218 641 1047 1073
is_linear=0
shrinkage=0.05


Tree=48
num_leaves=5
num_cat=0
split_feature=50 41 6 56
split_gain=1.46307 1.70138 1.4019 0.297458
threshold=-0.068869838819903231 -0.030276776779673026 3.4375470671910766 11.947296856433811
decision_type=2 2 2 2
left_child=3 -2 -3 -1
right_child=1 2 -4 -5
leaf_value=-0.015777510038011321 0.014230607308699765 0.0018677667928521458 -0.014191446238206319 -0.00072262476784340035
leaf_weight=9.8617630411172268 8.8815876550506783 39.977590977898217 9.2465682256733981 5.1288613786455235
leaf_count=379 329 1619 445 160
internal_value=-0.0028328 0.00130542 -0.00303576 -0.0129769
internal_weight=73.0964 58.1057 49.2242 14.9906
internal_count=2932 2393 2064 539
is_linear=0
shrinkage=0.05


Tree=49
num_leaves=5
num_cat=0
split_feature=2 3 29 29
split_gain=1.42599 2.53695 1.87872 1.15991
threshold=1.5797214278520555 5.4097321758435752 -0.0011728366025200844 0.017556077589901853
decision_type=2 2 2 2
left_child=1 2 -1 -3
right_child=-2 3 -4 -5
leaf_value=-0.012377898817044423 -0.014634450730384017 0.018118127333615949 0.0053788006551287728 -0.0025715609089374545
leaf_weight=27.098725236253813 9.4617861842270923 12.516523872793188 17.434543507464696 6.516709460731362
leaf_count=1019 321 626 673 293
internal_value=-0.0027818 0.000731912 -0.00571466 0.0125885
internal_weight=73.0283 63.5665 44.5333 19.0332
internal_count=2932 2611 1692 919
is_linear=0
shrinkage=0.05


Tree=50
num_leaves=7
num_cat=0
split_feature=9 32 6 59 41 15
split_gain=1.39852 1.74103 2.22814 1.38917 1.24578 1.12997
threshold=0.013369467835291414 1.0587110771817978 -0.19029153063305757 1.0102 0.030420873276021814 0.049402198711749119
decision_type=2 2 2 2 2 2
left_child=1 4 -3 5 -1 -2
right_child=3 2 -4 -5 -6 -7
leaf_value=0.012436173975471565 -0.010053343816974827 0.0063331214116190875 -0.019026583579665579 0.014212449319992066 -0.0064737344145672799 0.0079471097264855652
leaf_weight=8.1704333675443213 11.786970989895059 6.2381919095059883 22.941748028970324 10.362434809969271 8.0666579774697293 5.3538721989025353
leaf_count=432 509 185 780 418 328 280
internal_value=-0.00268368 -0.0074872 -0.0133724 0.00512987 0.00415488 -0.00357443
internal_weight=72.9203 45.417 29.1799 27.5033 16.2371 17.1408
internal_count=2932 1725 965 1207 760 789
is_linear=0
shrinkage=0.05


Tree=51
num_leaves=5
num_cat=0
split_feature=50 41 6 8
split_gain=1.41641 1.60656 1.3149 0.312015
threshold=-0.068869838819903231 -0.030276776779673026 3.4375470671910766 1.3854374759858405
decision_type=2 2 2 2
left_child=3 -2 -3 -1
right_child=1 2 -4 -5
leaf_value=-0.0012933743279952652 0.014053736799936215 0.0019664547630851479 -0.013604247121363778 -0.016066308574059728
leaf_weight=6.8233279197011134 8.8750215437612479 39.883614648802904 9.1251988596632128 8.0643620904884283
leaf_count=169 329 1619 445 370
internal_value=-0.00252275 0.00151987 -0.00274688 -0.0125358
internal_weight=72.7715 57.8838 49.0088 14.8877
internal_count=2932 2393 2064 539
is_linear=0
shrinkage=0.05


Tree=52
num_leaves=6
num_cat=0
split_feature=10 41 33 8 20
split_gain=1.36237 1.69009 2.2054 1.20713 0.220582
threshold=1.7114281210592717 0.080666307285439082 -0.30424269878074089 1.0412435234274093 1.2483353305532774
decision_type=2 2 2 2 2
left_child=1 2 -1 -3 -2
right_child=4 3 -4 -5 -6
leaf_value=-0.0059347177760065532 -0.0014492368020665725 0.0046578689192735018 0.01396601556101832 -0.013940628226559502 -0.01701278658739663
leaf_weight=15.851037647982592 5.0789811252616328 7.444484511739577 24.786716188420542 14.467549463268368 5.0831377356080338
leaf_count=610 149 233 1450 375 115
internal_value=-0.00248918 0.00100034 0.00656453 -0.00814235 -0.013811
internal_weight=72.7119 62.5498 40.6378 21.912 10.1621
internal_count=2932 2668 2060 608 264
is_linear=0
shrinkage=0.05


Tree=53
num_leaves=5
num_cat=0
split_feature=50 41 3 57
split_gain=1.35018 1.52258 1.31633 0.31457
threshold=-0.068869838819903231 -0.030276776779673026 4.577062358284218 11.918453671677655
decision_type=2 2 2 2
left_child=3 -2 -3 -1
right_child=1 2 -4 -5
leaf_value=-0.015261648714999399 0.013664592905605448 -0.0080646463181614173 0.0061491430818127676 -0.00053840171388337612
leaf_weight=9.4217123629059625 8.8727554639335704 30.952775534999091 17.904458681528922 5.390007195994257
leaf_count=363 329 1128 936 176
internal_value=-0.00248948 0.00146475 -0.00269603 -0.0122802
internal_weight=72.5417 57.73 48.8572 14.8117
internal_count=2932 2393 2064 539
is_linear=0
shrinkage=0.05


Tree=54
num_leaves=5
num_cat=0
split_feature=2 3 29 29
split_gain=1.34434 2.33723 1.75199 1.07611
threshold=1.5797214278520555 5.4097321758435752 -0.0011728366025200844 0.017556077589901853
decision_type=2 2 2 2
left_child=1 2 -1 -3
right_child=-2 3 -4 -5
leaf_value=-0.011748871554804176 -0.013959677147288614 0.017659375629842582 0.0053929829964901007 -0.0023876595529189826
leaf_weight=26.845389589609113 9.3024714161874709 12.474372044904159 17.362535456486512 6.4916860257944782
leaf_count=1019 321 626 673 293
internal_value=-0.0023919 0.000986427 -0.00526355 0.0123423
internal_weight=72.4765 63.174 44.2079 18.9661
internal_count=2932 2611 1692 919
is_linear=0
shrinkage=0.05


Tree=55
num_leaves=7
num_cat=0
split_feature=9 7 58 59 15 45
split_gain=1.32734 1.62872 1.55665 1.30696 1.0652 0.851084
threshold=0.013369467835291414 -0.0094879699125788239 -4.1573499999999992 1.0102 0.049402198711749119 0.023402262858904569
decision_type=2 2 2 2 2 2
left_child=1 5 -3 4 -2 -1
right_child=3 2 -4 -5 -6 -7
leaf_value=0.012186274871935486 -0.0096389256247381948 0.0010643892654469444 -0.019104595309103391 0.014049291713096402 0.0078314730428548796 -0.0042081328914362554
leaf_weight=5.931204044725745 11.676819445565348 13.090988421929071 17.654415623226669 10.330214614106806 5.3409535451210095 8.3490055198781175
leaf_count=194 509 457 778 418 280 296
internal_value=-0.00230651 -0.00702985 -0.0123633 0.00527006 -0.00328669 0.00481573
internal_weight=72.3736 45.0256 30.7454 27.348 17.0178 14.2802
internal_count=2932 1725 1235 1207 789 490
is_linear=0
shrinkage=0.05


Tree=56
num_leaves=6
num_cat=0
split_feature=10 41 21 8 20
split_gain=1.33945 1.55092 2.04297 1.18313 0.233367
threshold=1.7114281210592717 0.080666307285439082 -0.36602542081757455 1.0412435234274093 1.2483353305532774
decision_type=2 2 2 2 2
left_child=1 2 -1 -3 -2
right_child=4 3 -4 -5 -6
leaf_value=-0.0082879694511779796 -0.0012628858804210859 0.0049054000815366193 0.012046506080583233 -0.013375990177631726 -0.016699361286066496
leaf_weight=9.5348162951413524 5.0406240965239686 7.409157661721113 30.897054190892959 14.36678083706647 5.0138817591359839
leaf_count=585 149 233 1475 375 115
internal_value=-0.00218186 0.00124961 0.0065586 -0.00756959 -0.0134492
internal_weight=72.2623 62.2078 40.4319 21.7759 10.0545
internal_count=2932 2668 2060 608 264
is_linear=0
shrinkage=0.05


Tree=57
num_leaves=7
num_cat=0
split_feature=8 29 9 13 23 30
split_gain=1.3192 2.07343 1.86401 1.30479 1.08517 0.920117
threshold=1.808337220028273 -0.026208486412995589 0.00062790248442209592 0.28659791191794975 0.025179951978156687 0.7363425588905762
decision_type=2 2 2 2 2 2
left_child=1 3 -2 -1 -4 -3
right_child=2 5 4 -5 -6 -7
leaf_value=0.0051210740543980223 0.0083020617775633951 -0.0022912776735314637 -0.017783547093507057 -0.014344508215405803 0.0028069277649778583 0.015562676075556475
leaf_weight=7.9192210054025081 5.4371346130501506 6.7327192233497071 19.483053446572743 10.768003675504586 5.0489566758042193 16.762240069336258
leaf_count=371 171 438 868 270 179 635
internal_value=-0.00221421 0.00329637 -0.00885463 -0.00718582 -0.0139601 0.0112898
internal_weight=72.1513 42.1822 29.9691 18.6872 24.532 23.495
internal_count=2932 1714 1218 641 1047 1073
is_linear=0
shrinkage=0.05


Tree=58
num_leaves=5
num_cat=0
split_feature=50 41 6 22
split_gain=1.31496 1.37683 1.21837 0.319231
threshold=-0.068869838819903231 -0.030276776779673026 3.4375470671910766 0.19321838236963826
decision_type=2 2 2 2
left_child=3 -2 -3 -1
right_child=1 2 -4 -5
leaf_value=-0.014908809662211767 0.013323657010225309 0.0022034258838565649 -0.012821636811114293 -0.00044655878965526815
leaf_weight=9.1076909886905906 8.8345398115343396 39.549857872407301 8.9145154879079183 5.5610426560742772
leaf_count=387 329 1619 445 152
internal_value=-0.00212538 0.00174757 -0.00228063 -0.0118296
internal_weight=71.9676 57.2989 48.4644 14.6687
internal_count=2932 2393 2064 539
is_linear=0
shrinkage=0.05


Tree=59
num_leaves=5
num_cat=0
split_feature=54 53 37 31
split_gain=1.28041 1.46475 2.14291 1.4413
threshold=-0.061701363841133748 0.036661702625953092 -0.0056833607560944016 4.3209696906402106
decision_type=2 2 2 2
left_child=-1 2 -2 -3
right_child=1 3 -4 -5
leaf_value=0.0095946570452768373 0.0080952660475422118 -0.007990839334349388 -0.013454834026838511 0.012879006928544516
leaf_weight=9.4377604686887917 7.8124876375077283 5.1780330004839952 38.455733255192172 11.017551405006087
leaf_count=352 359 281 1608 332
internal_value=-0.00209848 -0.00494546 -0.00902405 0.00570325
internal_weight=71.9016 62.4638 46.2682 16.1956
internal_count=2932 2580 1967 613
is_linear=0
shrinkage=0.05


Tree=60
num_leaves=5
num_cat=0
split_feature=2 3 29 36
split_gain=1.26999 2.20683 1.53416 1.0167
threshold=1.5797214278520555 5.4097321758435752 -0.0011728366025200844 0.05633616878864204
decision_type=2 2 2 2
left_child=1 2 -1 -3
right_child=-2 3 -4 -5
leaf_value=-0.010961654692487388 -0.01324948976733689 0.018370222138539248 0.0051067988451375234 -0.0010850297060398075
leaf_weight=26.504807896970306 9.1371171296341327 10.439636819355657 17.306381154630799 8.4277416780387266
leaf_count=1019 321 675 673 244
internal_value=-0.00194065 0.00130411 -0.00484481 0.0123145
internal_weight=71.8157 62.6786 43.8112 18.8674
internal_count=2932 2611 1692 919
is_linear=0
shrinkage=0.05


Tree=61
num_leaves=7
num_cat=0
split_feature=9 32 6 57 10 41
split_gain=1.26912 1.58807 2.0663 1.28624 1.35972 1.16156
threshold=0.013369467835291414 1.0587110771817978 -0.19029153063305757 -43.60105267783964 0.87710396244880384 0.030420873276021814
decision_type=2 2 2 2 2 2
left_child=1 5 -3 -2 -5 -1
right_child=3 2 -4 4 -6 -7
leaf_value=0.012371588138596887 -0.0075818022033758052 0.0064477608644069864 -0.017826445368692594 0.016162350615275333 -0.0045819010298186287 -0.0060180016059514559
leaf_weight=8.0834833488625026 6.0350754525279653 6.1918520478066084 22.337648624321446 14.799959149444478 6.2956286449916652 7.952035558584611
leaf_count=432 307 185 780 658 242 328
internal_value=-0.00185802 -0.00653126 -0.012252 0.00550989 0.010489 0.00444339
internal_weight=71.6957 44.565 28.5295 27.1307 21.0956 16.0355
internal_count=2932 1725 965 1207 900 760
is_linear=0
shrinkage=0.05


Tree=62
num_leaves=5
num_cat=0
split_feature=50 41 36 57
split_gain=1.27883 1.29405 1.14698 0.325851
threshold=-0.068869838819903231 -0.030276776779673026 0.05633616878864204 11.918453671677655
decision_type=2 2 2 2
left_child=3 -2 -3 -1
right_child=1 2 -4 -5
leaf_value=-0.014414521302629546 0.013204334904727165 0.0031629159436875397 -0.010467575984891271 -0.00014409845321463967
leaf_weight=9.2396254044724611 8.8297510903212224 34.026360888849013 14.184305024988133 5.3075393018079913
leaf_count=363 329 1700 364 176
internal_value=-0.00177479 0.00200976 -0.00195668 -0.0113877
internal_weight=71.5876 57.0404 48.2107 14.5472
internal_count=2932 2393 2064 539
is_linear=0
shrinkage=0.05


Tree=63
num_leaves=5
num_cat=0
split_feature=10 58 9 7
split_gain=1.23603 1.45964 1.2354 0.998169
threshold=1.7114281210592717 -4.1573499999999992 0.013369467835291414 0.031116262773302126
decision_type=2 2 2 2
left_child=1 3 -3 -1
right_child=-2 2 -4 -5
leaf_value=0.016345964254163761 -0.012647958436420271 -0.0099235712799284302 0.0056350526990024269 -0.00034265570987926689
leaf_weight=10.034378572134303 9.8278088677907345 23.841540299821645 12.348678859299978 15.483439706789794
leaf_count=337 264 964 702 665
internal_value=-0.00174065 0.00151805 -0.0045441 0.00897435
internal_weight=71.5358 61.708 36.1902 25.5178
internal_count=2932 2668 1666 1002
is_linear=0
shrinkage=0.05


Tree=64
num_leaves=5
num_cat=0
split_feature=50 41 3 8
split_gain=1.23112 1.22342 1.15357 0.333222
threshold=-0.068869838819903231 -0.030276776779673026 4.577062358284218 1.3854374759858405
decision_type=2 2 2 2
left_child=3 -2 -3 -1
right_child=1 2 -4 -5
leaf_value=-0.00062201976423979094 0.01291343001728117 -0.0069825744225080677 0.0063284021534124879 -0.014708642773417597
leaf_weight=6.6996991641353798 8.8452005038852786 30.387204224301968 17.7223101384443 7.7949071387411095
leaf_count=169 329 1128 936 370
internal_value=-0.00166163 0.00204298 -0.00183393 -0.0111096
internal_weight=71.4493 56.9547 48.1095 14.4946
internal_count=2932 2393 2064 539
is_linear=0
shrinkage=0.05


Tree=65
num_leaves=6
num_cat=0
split_feature=29 6 41 8 53
split_gain=1.23411 1.39501 1.50855 0.562572 0.174403
threshold=-0.066401711434066021 3.4375470671910766 0.10271354272143095 4.9941620642133682 -0.096150142662561139
decision_type=2 2 2 2 2
left_child=4 2 -2 -3 -1
right_child=1 3 -4 -5 -6
leaf_value=-0.0012829134541169375 0.010881506133513295 -0.01453176447821829 -0.0049653358969894762 0.0017829810136432763 -0.014196586797341121
leaf_weight=5.6549753213766962 32.130238336525508 5.3563453723909316 16.068546382011846 5.0844621225842275 7.1024696771637519
leaf_count=165 1432 197 412 435 291
internal_value=-0.00159881 0.0019339 0.00565306 -0.00960136 -0.0115514
internal_weight=71.397 58.6396 48.1988 10.4408 12.7574
internal_count=2932 2476 1844 632 456
is_linear=0
shrinkage=0.05


Tree=66
num_leaves=7
num_cat=0
split_feature=21 9 24 50 42 38
split_gain=1.21894 1.63965 1.36919 1.14781 0.998561 0.312817
threshold=-0.069861040228849966 0.021684198154766365 0.0039182111358718767 0.10071275999253899 0.87187931239052929 0.15238384888118059
decision_type=2 2 2 2 2 2
left_child=1 5 3 -2 -4 -1
right_child=2 -3 4 -5 -6 -7
leaf_value=-0.016806556990823628 -0.0095336840188558238 0.0059234996318225531 -0.0011243571980295477 0.0066909095452949837 0.018203932544205211 -0.0010490623676504994
leaf_weight=14.340186348767025 17.126112494035628 8.2747767711989564 8.8098265757435019 9.3019540682435018 8.2698861813405511 5.2299182252027085
leaf_count=625 628 328 422 453 226 250
internal_value=-0.00165736 -0.00837105 0.00340083 -0.00355397 0.0115007 -0.0143744
internal_weight=71.3527 27.8449 43.5078 26.4281 17.0797 19.5701
internal_count=2932 1203 1729 1081 648 875
is_linear=0
shrinkage=0.05


Tree=67
num_leaves=5
num_cat=0
split_feature=2 3 3 29
split_gain=1.18946 2.06323 1.48725 1.01558
threshold=1.5797214278520555 5.4097321758435752 1.6629146620588424 0.013089073755593806
decision_type=2 2 2 2
left_child=1 2 -1 -3
right_child=-2 3 -4 -5
leaf_value=0.0038617679125849029 -0.012573372129813626 0.017516344348118561 -0.011788176309663117 -0.0020314924859526472
leaf_weight=22.581464754301123 8.9757330428110418 11.950180030660706 20.924636105657555 6.8216786241828222
leaf_count=812 321 601 880 318
internal_value=-0.00156298 0.00154391 -0.0044616 0.0121756
internal_weight=71.2537 62.278 43.5061 18.7719
internal_count=2932 2611 1692 919
is_linear=0
shrinkage=0.05


Tree=68
num_leaves=5
num_cat=0
split_feature=50 41 36 22
split_gain=1.18492 1.14075 1.08558 0.333009
threshold=-0.068869838819903231 -0.030276776779673026 0.05633616878864204 0.19321838236963826
decision_type=2 2 2 2
left_child=3 -2 -3 -1
right_child=1 2 -4 -5
leaf_value=-0.01395198865475776 0.012595711051718896 0.003281478052209639 -0.0099932739943644992 7.9683795245037979e-06
leaf_weight=8.9300735868746397 8.8347455171751772 33.862840217771009 14.0550346502132 5.5022650342434636
leaf_count=387 329 1700 364 152
internal_value=-0.00151759 0.00210903 -0.00166535 -0.0108049
internal_weight=71.185 56.7526 47.9179 14.4323
internal_count=2932 2393 2064 539
is_linear=0
shrinkage=0.05


Tree=69
num_leaves=6
num_cat=0
split_feature=33 31 41 46 19
split_gain=1.1819 1.98756 1.73223 1.25846 1.07036
threshold=-0.49744010641923664 4.2301052054850468 0.097554122460770054 -0.063135898522998446 2.1801831757375254
decision_type=2 2 2 2 2
left_child=4 3 -3 -2 -1
right_child=1 2 -4 -5 -6
leaf_value=0.0038283670150449319 0.0034989187422329372 0.013943371076406778 -0.0050332103305839836 -0.016145541607488319 -0.01623524186423193
leaf_weight=5.2021730266278601 9.0572338304045861 25.803236630337778 11.825229513691736 9.2515071520465408 9.9892145874327962
leaf_count=270 527 1153 292 394 296
internal_value=-0.00149281 0.00220241 0.00817509 -0.00862441 -0.0105723
internal_weight=71.1286 55.9372 37.6285 18.3087 15.1914
internal_count=2932 2366 1445 921 566
is_linear=0
shrinkage=0.05


Tree=70
num_leaves=6
num_cat=0
split_feature=8 28 9 58 59
split_gain=1.16809 1.92838 1.73764 1.36566 1.15595
threshold=1.808337220028273 -0.81300375409137304 0.00062790248442209592 -3.4046499999999997 1.0737999999999999
decision_type=2 2 2 2 2
left_child=1 -1 -2 -3 -4
right_child=2 3 4 -5 -6
leaf_value=-0.010196334281462931 0.0084630428612347767 0.016672238635623438 -0.018510398141822718 -0.001016003307900047 0.001158532445459658
leaf_weight=9.358849265787283 5.3502192590385702 14.701987605949396 14.936663300031798 17.614564634481212 9.0701777547365037
leaf_count=211 171 625 694 878 353
internal_value=-0.00152029 0.00360697 -0.00786605 0.00906929 -0.0129237
internal_weight=71.0325 41.6754 29.3571 32.3166 24.0068
internal_count=2932 1714 1218 1503 1047
is_linear=0
shrinkage=0.05


Tree=71
num_leaves=6
num_cat=0
split_feature=29 6 24 8 53
split_gain=1.13518 1.31652 1.38179 0.539161 0.191417
threshold=-0.066401711434066021 3.4375470671910766 0.0039182111358718767 4.9941620642133682 -0.096150142662561139
decision_type=2 2 2 2 2
left_child=4 2 -2 -3 -1
right_child=1 3 -4 -5 -6
leaf_value=-0.00099729732236529143 -0.0018435911491752944 -0.014168114880447981 0.013045465678652416 0.0017884796898781051 -0.013771991060320763
leaf_weight=5.5713983427267522 28.044762135948986 5.2908977529732493 19.952600731732673 5.0498476311913691 7.0022819413570669
leaf_count=165 1109 197 735 435 291
internal_value=-0.00146832 0.00191518 0.00552795 -0.00932743 -0.0110609
internal_weight=70.9118 58.3381 47.9974 10.3407 12.5737
internal_count=2932 2476 1844 632 456
is_linear=0
shrinkage=0.05


Tree=72
num_leaves=5
num_cat=0
split_feature=54 53 37 31
split_gain=1.11925 1.29337 1.9709 1.69134
threshold=-0.061701363841133748 0.030371735765340708 -0.0056833607560944016 4.3093146430641269
decision_type=2 2 2 2
left_child=-1 2 -2 -3
right_child=1 3 -4 -5
leaf_value=0.0093765172749699366 0.0080384362998782363 -0.0088641028077242005 -0.01266285895976637 0.013307234045661837
leaf_weight=9.3488362239440885 7.7063892848091191 5.6188897110114366 36.737368128611706 11.465072557912206
leaf_count=352 358 299 1570 353
internal_value=-0.00149461 -0.00422639 -0.00825617 0.0054347
internal_weight=70.8766 61.5277 44.4438 17.084
internal_count=2932 2580 1928 652
is_linear=0
shrinkage=0.05


Tree=73
num_leaves=5
num_cat=0
split_feature=2 3 3 29
split_gain=1.12589 1.91889 1.34823 0.995843
threshold=1.5797214278520555 5.4097321758435752 1.6629146620588424 0.013089073755593806
decision_type=2 2 2 2
left_child=1 2 -1 -3
right_child=-2 3 -4 -5
leaf_value=0.0037259910552801981 -0.012117539839370505 0.017191365592557139 -0.011200322169840661 -0.0020956157937204677
leaf_weight=22.498270095093176 8.8685754290781897 11.903551395982506 20.719580106029753 6.8087039849779094
leaf_count=812 321 601 880 318
internal_value=-0.00136505 0.0016453 -0.00418997 0.0118879
internal_weight=70.7987 61.9301 43.2179 18.7123
internal_count=2932 2611 1692 919
is_linear=0
shrinkage=0.05


Tree=74
num_leaves=5
num_cat=0
split_feature=50 41 58 8
split_gain=1.10684 1.07004 1.05794 0.333164
threshold=-0.068869838819903231 -0.030276776779673026 5.0958500000000013 1.3854374759858405
decision_type=2 2 2 2
left_child=3 -2 -3 -1
right_child=1 2 -4 -5
leaf_value=-0.00030634665413386441 0.012321667337457345 0.0040351594156904751 -0.0086860074339606529 -0.013930788420413599
leaf_weight=6.6310069519095105 8.8016656613326614 29.297653774381615 18.33852452794963 7.6637315840926021
leaf_count=169 329 1146 918 370
internal_value=-0.00132627 0.00216882 -0.00151947 -0.0103382
internal_weight=70.7326 56.4378 47.6362 14.2947
internal_count=2932 2393 2064 539
is_linear=0
shrinkage=0.05


Tree=75
num_leaves=4
num_cat=0
split_feature=29 10 45
split_gain=1.10949 1.2144 1.24923
threshold=-0.087654920961191582 1.7114281210592717 0.8265050167224145
decision_type=2 2 2
left_child=-1 2 -2
right_child=1 -3 -4
leaf_value=-0.012831041777389899 0.0075478223354589731 -0.010052052246070375 -0.0080941102637847838
leaf_weight=6.698635386186651 47.940129119320773 8.4886574355186877 7.5735030021169214
leaf_count=228 2207 218 279
internal_value=-0.00130147 0.00147605 0.0045041
internal_weight=70.7009 64.0023 55.5136
internal_count=2932 2704 2486
is_linear=0
shrinkage=0.05


Tree=76
num_leaves=6
num_cat=0
split_feature=33 31 41 46 28
split_gain=1.09817 1.85073 1.63938 1.18308 1.01648
threshold=-0.49744010641923664 4.2301052054850468 0.097554122460770054 -0.063135898522998446 -0.57209194683193731
decision_type=2 2 2 2 2
left_child=4 3 -3 -2 -1
right_child=1 2 -4 -5 -6
leaf_value=-0.015653626870431838 0.0034373417920249383 0.013559195526714028 -0.0049267259363091143 -0.015612327662597703 0.00390795690207344
leaf_weight=9.9998153573833388 9.0238932360662165 25.708947916748002 11.753642907831816 9.1838864223100227 5.0063120750710359
leaf_count=310 527 1153 292 394 256
internal_value=-0.00138242 0.00217597 0.00794332 -0.00829961 -0.0101745
internal_weight=70.6765 55.6704 37.4626 18.2078 15.0061
internal_count=2932 2366 1445 921 566
is_linear=0
shrinkage=0.05


Tree=77
num_leaves=7
num_cat=0
split_feature=21 9 7 34 7 17
split_gain=1.07793 1.53475 1.31208 1.56162 1.17597 0.331291
threshold=-0.069861040228849966 0.021684198154766365 0.07336264975779383 0.15939688630647567 0.23178794246151077 -0.017874107251857122
decision_type=2 2 2 2 2 2
left_child=1 5 3 -2 -4 -1
right_child=2 -3 4 -5 -6 -7
leaf_value=-0.016618427649155224 0.016098443863545416 0.0059415408626946088 -0.011277455540192431 -0.0059000363831373873 0.0059188861227536839 -0.0013758111607043381
leaf_weight=12.648995540454054 15.506043066910935 8.2068289988674206 12.66081433137879 5.6515179186244486 9.3622979858628224 6.5403406454715904
leaf_count=552 574 328 502 292 361 323
internal_value=-0.00141058 -0.00778076 0.00333411 0.0102146 -0.0044016 -0.0136744
internal_weight=70.5768 27.3962 43.1807 21.1576 22.0231 19.1893
internal_count=2932 1203 1729 866 863 875
is_linear=0
shrinkage=0.05


Tree=78
num_leaves=5
num_cat=0
split_feature=2 3 29 29
split_gain=1.06748 1.79873 1.25937 0.949713
threshold=1.5797214278520555 5.4097321758435752 -0.0011728366025200844 0.013089073755593806
decision_type=2 2 2 2
left_child=1 2 -1 -3
right_child=-2 3 -4 -5
leaf_value=-0.0097349979431112649 -0.011879823516123522 0.016666870708814226 0.004857485591387177 -0.0021144219641134991
leaf_weight=25.890656417759601 8.7794035928091017 11.873819248459769 17.130951939965598 6.794167215761262
leaf_count=1019 321 601 673 318
internal_value=-0.00138743 0.00155463 -0.00410412 0.0114782
internal_weight=70.469 61.6896 43.0216 18.668
internal_count=2932 2611 1692 919
is_linear=0
shrinkage=0.05


Tree=79
num_leaves=6
num_cat=0
split_feature=8 28 8 34 30
split_gain=1.0455 1.74577 1.64412 1.24473 1.22103
threshold=1.808337220028273 -0.81300375409137304 5.7534048380656815 -0.12460584673288227 0.77925933542138015
decision_type=2 2 2 2 2
left_child=1 -1 3 -2 -3
right_child=2 4 -4 -5 -6
leaf_value=-0.0096998625281314033 0.0032769900917194715 -0.0027932148176787724 0.0082597800655576734 -0.017282439450506077 0.014175340299807541
leaf_weight=9.2173839387833123 6.2841794453561368 11.982404340655192 5.5319336986285625 17.155750562611502 20.211799990618601
leaf_count=211 239 730 377 602 773
internal_value=-0.00133372 0.00351001 -0.00738133 -0.0124389 0.00869458
internal_weight=70.3835 41.4116 28.9719 23.4399 32.1942
internal_count=2932 1714 1218 841 1503
is_linear=0
shrinkage=0.05


Tree=80
num_leaves=7
num_cat=0
split_feature=9 32 6 59 41 15
split_gain=1.05581 1.47177 1.8508 1.21344 1.08186 0.916532
threshold=0.013369467835291414 1.0587110771817978 -0.19029153063305757 1.0102 0.030420873276021814 0.049402198711749119
decision_type=2 2 2 2 2 2
left_child=1 4 -3 5 -1 -2
right_child=3 2 -4 -5 -6 -7
leaf_value=0.012356645658036059 -0.008981525318142683 0.0062925928198296942 -0.016678537381479029 0.01383026435748937 -0.0055518844446777287 0.0072927647969256802
leaf_weight=7.9725240140833176 11.372533919988205 6.1235458618029979 21.584422573505435 10.163579645159187 7.8122685628477484 5.2601154711446716
leaf_count=432 509 185 780 418 328 280
internal_value=-0.00129453 -0.00564814 -0.0112794 0.00538637 0.00477756 -0.00302897
internal_weight=70.289 43.4928 27.708 26.7962 15.7848 16.6326
internal_count=2932 1725 965 1207 760 789
is_linear=0
shrinkage=0.05


Tree=81
num_leaves=5
num_cat=0
split_feature=50 41 58 56
split_gain=1.03738 1.00209 0.994664 0.338558
threshold=-0.068869838819903231 -0.030276776779673026 5.0958500000000013 9.6277729323990275
decision_type=2 2 2 2
left_child=3 -2 -3 -1
right_child=1 2 -4 -5
leaf_value=-0.013021010479382934 0.012027246972449746 0.0039877496761553692 -0.0083750518512503199 0.00052812864637831979
leaf_weight=9.0343480624724162 8.7537333457730693 29.091497347108088 18.190740699894377 5.0914345352794035
leaf_count=367 329 1146 918 172
internal_value=-0.00117927 0.00220098 -0.00140029 -0.00994273
internal_weight=70.1618 56.036 47.2822 14.1258
internal_count=2932 2393 2064 539
is_linear=0
shrinkage=0.05


Tree=82
num_leaves=4
num_cat=0
split_feature=29 10 45
split_gain=1.02318 1.09735 1.14432
threshold=-0.087654920961191582 1.7114281210592717 0.8265050167224145
decision_type=2 2 2
left_child=-1 2 -2
right_child=1 -3 -4
leaf_value=-0.01227730290947787 0.0072917517349052182 -0.009509650640417408 -0.0077221243070501842
leaf_weight=6.562185271526686 47.70731905521825 8.3554292599437741 7.5021321180829537
leaf_count=228 2207 218 279
internal_value=-0.00115141 0.00150996 0.00438025
internal_weight=70.1271 63.5649 55.2095
internal_count=2932 2704 2486
is_linear=0
shrinkage=0.05


Tree=83
num_leaves=5
num_cat=0
split_feature=54 53 37 37
split_gain=1.02391 1.17651 1.83499 1.2957
threshold=-0.061701363841133748 0.036661702625953092 -0.0056833607560944016 0.00053012904781602236
decision_type=2 2 2 2
left_child=-1 2 -2 -3
right_child=1 3 -4 -5
leaf_value=0.0091503420541633376 0.0079930968959512749 -0.0075576113882170164 -0.01187611266241774 0.012350467627882547
leaf_weight=9.2677632772829366 7.6911692137364289 5.0241098069818682 37.232228245295119 10.888358308686291
leaf_count=352 359 215 1608 398
internal_value=-0.00123324 -0.00388353 -0.00763842 0.00557394
internal_weight=70.1036 60.8359 44.9234 15.9125
internal_count=2932 2580 1967 613
is_linear=0
shrinkage=0.05


Tree=84
num_leaves=6
num_cat=0
split_feature=48 53 31 31 10
split_gain=1.02208 1.15985 1.69082 1.44266 0.317161
threshold=0.045110358640837671 -0.010121761712500711 4.1479089613955251 3.8214254928133049 0.73714991889374015
decision_type=2 2 2 2 2
left_child=1 3 -3 -1 -2
right_child=4 2 -4 -5 -6
leaf_value=0.0057532494515705763 -0.00074405703017173448 -0.0097485383834505657 0.0099868799655264337 -0.01378926437525102 0.012086329828056325
leaf_weight=6.6116201709955957 5.3070590788265672 7.8464220130554194 19.033803378406446 25.098425394447986 6.1300322042079642
leaf_count=332 131 486 685 1088 210
internal_value=-0.00111045 -0.00397185 0.00314479 -0.00931216 0.0085629
internal_weight=70.0274 58.5903 26.8802 31.71 11.4371
internal_count=2932 2591 1171 1420 341
is_linear=0
shrinkage=0.05


Tree=85
num_leaves=5
num_cat=0
split_feature=2 3 3 29
split_gain=1.02284 1.67431 1.18835 0.914703
threshold=1.5797214278520555 5.4097321758435752 1.6629146620588424 0.017556077589901853
decision_type=2 2 2 2
left_child=1 2 -1 -3
right_child=-2 3 -4 -5
leaf_value=0.0036829971863587734 -0.011358036060470887 0.016290508642768684 -0.010354788194708083 -0.0022592801161495876
leaf_weight=22.320731164305471 8.6666410048492235 12.22114950430114 20.393659847264644 6.3736379036417921
leaf_count=812 321 626 880 293
internal_value=-0.00103404 0.00181349 -0.00371213 0.0113657
internal_weight=69.9758 61.3092 42.7144 18.5948
internal_count=2932 2611 1692 919
is_linear=0
shrinkage=0.05


Tree=86
num_leaves=7
num_cat=0
split_feature=9 32 6 59 41 15
split_gain=0.983744 1.39757 1.73728 1.14752 1.02525 0.859293
threshold=0.013369467835291414 1.0587110771817978 -0.19029153063305757 1.0102 0.030420873276021814 0.049402198711749119
decision_type=2 2 2 2 2 2
left_child=1 4 -3 5 -1 -2
right_child=3 2 -4 -5 -6 -7
leaf_value=0.01218804703950333 -0.0086422582633584703 0.0061748143682797095 -0.016057847527094524 0.013602103552884418 -0.0052982077800991694 0.0071153234862657948
leaf_weight=7.9609413522266532 11.296752422291325 6.1130402538692605 21.352107294951566 10.155485521827357 7.7810797477141023 5.2550950492732218
leaf_count=432 509 185 780 418 328 280
internal_value=-0.0010086 -0.00524838 -0.0107821 0.00541172 0.00484426 -0.00284376
internal_weight=69.9145 43.2072 27.4651 26.7073 15.742 16.5518
internal_count=2932 1725 965 1207 760 789
is_linear=0
shrinkage=0.05


Tree=87
num_leaves=5
num_cat=0
split_feature=50 41 6 8
split_gain=0.994368 0.939427 0.950825 0.346218
threshold=-0.068869838819903231 -0.030276776779673026 3.4375470671910766 1.3854374759858405
decision_type=2 2 2 2
left_child=3 -2 -3 -1
right_child=1 2 -4 -5
leaf_value=0.00012407571529881635 0.01188545206561168 0.0026780147518315374 -0.01071297381493861 -0.013187026818681067
leaf_weight=6.5202159434556943 8.7264771920163167 38.712345908701536 8.3320477334782463 7.5006944517372176
leaf_count=169 329 1619 445 370
internal_value=-0.000903578 0.00238151 -0.00115591 -0.00952222
internal_weight=69.7918 55.7709 47.0444 14.0209
internal_count=2932 2393 2064 539
is_linear=0
shrinkage=0.05


Tree=88
num_leaves=6
num_cat=0
split_feature=48 36 53 9 10
split_gain=0.967305 1.09631 1.45945 0.989965 0.298582
threshold=0.045110358640837671 0.028989949271409955 -0.010121761712500711 0.021684198154766365 0.73714991889374015
decision_type=2 2 2 2 2
left_child=1 2 -1 -3 -2
right_child=4 3 -4 -5 -6
leaf_value=-0.0063397505033525444 -0.00066314507299006708 -0.013739885494043806 0.010484096211990628 0.0038381793608714709 0.011886690154478366
leaf_weight=16.660525971266907 5.293975899810901 20.178040108658028 15.552870497165712 5.9509674269938833 6.1153733297251165
leaf_count=970 131 595 840 186 210
internal_value=-0.000916922 -0.00372452 0.00234233 -0.00978217 0.0084737
internal_weight=69.7518 58.3424 32.2134 26.129 11.4093
internal_count=2932 2591 1810 781 341
is_linear=0
shrinkage=0.05


Tree=89
num_leaves=4
num_cat=0
split_feature=29 10 24
split_gain=0.966586 1.02459 1.09418
threshold=-0.087654920961191582 1.7114281210592717 0.006665583419821766
decision_type=2 2 2
left_child=-1 2 -2
right_child=1 -3 -4
leaf_value=-0.011711433120617475 -0.0015982163636471096 -0.0090171899811050098 0.010962563714614194
leaf_weight=6.4487599128042339 32.341551460966002 8.2256099794758466 22.645255629176972
leaf_count=228 1511 218 975
internal_value=-0.00083827 0.00171912 0.00446559
internal_weight=69.6612 63.2124 54.9868
internal_count=2932 2704 2486
is_linear=0
shrinkage=0.05


Tree=90
num_leaves=6
num_cat=0
split_feature=33 31 41 46 19
split_gain=0.962294 1.74985 1.49872 1.1045 0.975349
threshold=-0.49744010641923664 4.2301052054850468 0.097554122460770054 -0.063135898522998446 2.1801831757375254
decision_type=2 2 2 2 2
left_child=4 3 -3 -2 -1
right_child=1 2 -4 -5 -6
leaf_value=0.0041021447010916772 0.0034385795373876211 0.013365126421354779 -0.0044853187549515434 -0.014962761726345516 -0.014810599180749409
leaf_weight=5.1004516424145541 8.9370388516254042 25.476054764178116 11.590840362710876 9.0604112308355962 9.466960688645484
leaf_count=270 527 1153 292 394 296
internal_value=-0.000868408 0.00241638 0.00801625 -0.00786071 -0.00921437
internal_weight=69.6318 55.0643 37.0669 17.9975 14.5674
internal_count=2932 2366 1445 921 566
is_linear=0
shrinkage=0.05


Tree=91
num_leaves=5
num_cat=0
split_feature=2 3 58 15
split_gain=0.951089 1.59823 1.15455 0.877545
threshold=1.5797214278520555 5.4097321758435752 -9.2158499999999979 0.0010327403251526796
decision_type=2 2 2 2
left_child=1 2 -1 -3
right_child=-2 3 -4 -5
leaf_value=0.0087724074970907152 -0.010907178471568534 -0.00068386248775063299 -0.00708395444117077 0.017305900126205358
leaf_weight=6.0184725795406839 8.5448279512347636 9.3573053739382903 36.45984603674151 9.1657843734574254
leaf_count=215 321 415 1477 504
internal_value=-0.000910504 0.00182876 -0.00359384 0.0111644
internal_weight=69.5462 61.0014 42.4783 18.5231
internal_count=2932 2611 1692 919
is_linear=0
shrinkage=0.05


Tree=92
num_leaves=7
num_cat=0
split_feature=21 9 7 34 9 37
split_gain=0.932663 1.36037 1.19998 1.43286 1.07529 0.38714
threshold=-0.069861040228849966 0.021684198154766365 0.07336264975779383 0.15939688630647567 0.0013240824341555809 0.013073228127832801
decision_type=2 2 2 2 2 2
left_child=1 5 3 -2 -4 -1
right_child=2 -3 4 -5 -6 -7
leaf_value=-0.015638856514236962 0.015715540593437296 0.0058903008719970399 -0.012129900153252679 -0.0055126742244299715 0.0043684443714034739 -0.00059320198666782092
leaf_weight=12.314477292122325 15.375187706085855 8.1471602624515054 8.6950674783583981 5.5978801591554648 13.026697746594435 6.2975428344798265
leaf_count=639 574 328 351 292 512 236
internal_value=-0.000819696 -0.00684859 0.00354153 0.0100991 -0.00397766 -0.0125346
internal_weight=69.454 26.7592 42.6948 20.9731 21.7218 18.612
internal_count=2932 1203 1729 866 863 875
is_linear=0
shrinkage=0.05


Tree=93
num_leaves=6
num_cat=0
split_feature=8 13 22 7 28
split_gain=0.936263 1.66499 1.60655 1.83996 1.04032
threshold=1.808337220028273 0.48077869140488433 -0.055772323721251016 0.031417006272955454 -0.83022651956265137
decision_type=2 2 2 2 2
left_child=1 4 -2 -4 -1
right_child=2 -3 3 -5 -6
leaf_value=-0.0044288129057005882 -0.016944773032531307 -0.0095201564833034911 0.011622609579010165 -0.01028553314948704 0.01236999583202935
leaf_weight=6.697589937830343 9.2728810959961283 8.6346752350218576 11.644380968005864 7.5026836940087369 25.611827653861837
leaf_count=140 441 260 551 226 1314
internal_value=-0.000830001 0.00371314 -0.00663808 0.00245444 0.00866397
internal_weight=69.364 40.9441 28.4199 19.1471 32.3094
internal_count=2932 1714 1218 777 1454
is_linear=0
shrinkage=0.05


Tree=94
num_leaves=5
num_cat=0
split_feature=50 41 58 57
split_gain=0.923573 0.875009 0.946413 0.342689
threshold=-0.068869838819903231 -0.030276776779673026 5.2486500000000005 11.918453671677655
decision_type=2 2 2 2
left_child=3 -2 -3 -1
right_child=1 2 -4 -5
leaf_value=-0.012382996773447189 0.01146136094407723 0.004034316643929981 -0.0080921468886148464 0.00081454000821491387
leaf_weight=8.7803931350936164 8.6732136706705187 29.138596752891317 17.541606212762417 5.0848095276742233
leaf_count=363 329 1165 899 176
internal_value=-0.000899071 0.00228063 -0.00114631 -0.00922977
internal_weight=69.2186 55.3534 46.6802 13.8652
internal_count=2932 2393 2064 539
is_linear=0
shrinkage=0.05


Tree=95
num_leaves=6
num_cat=0
split_feature=48 53 31 37 10
split_gain=0.909184 0.99152 1.5932 1.41345 0.273492
threshold=0.045110358640837671 -0.010121761712500711 4.1479089613955251 -0.0029224646651702844 0.73714991889374015
decision_type=2 2 2 2 2
left_child=1 3 -3 -1 -2
right_child=4 2 -4 -5 -6
leaf_value=0.0055557470145258673 -0.00059884435855844396 -0.0095461010077001855 0.0096576415282549517 -0.013369935568226569 0.011494768496711057
leaf_weight=7.4906932204030481 5.2622294140746799 7.7586992740543819 18.826676906668581 23.770362913550343 6.0798237292328849
leaf_count=362 131 486 685 1058 210
internal_value=-0.000881039 -0.00361791 0.00297582 -0.00858761 0.0082323
internal_weight=69.1885 57.8464 26.5854 31.2611 11.3421
internal_count=2932 2591 1171 1420 341
is_linear=0
shrinkage=0.05


Tree=96
num_leaves=5
num_cat=0
split_feature=2 3 58 29
split_gain=0.913102 1.49338 1.07573 0.888504
threshold=1.5797214278520555 5.4097321758435752 -9.2158499999999979 0.013089073755593806
decision_type=2 2 2 2
left_child=1 2 -1 -3
right_child=-2 3 -4 -5
leaf_value=0.0085122341573693767 -0.010639128372530768 0.015933016621445001 -0.0067981468907393943 -0.002176418405520692
leaf_weight=6.0053550601005545 8.4656297236215305 11.722577686363367 36.222109771391843 6.7206181168876347
leaf_count=215 321 601 1477 318
internal_value=-0.000817911 0.00186402 -0.00340785 0.0108889
internal_weight=69.1363 60.6707 42.2275 18.4432
internal_count=2932 2611 1692 919
is_linear=0
shrinkage=0.05


Tree=97
num_leaves=6
num_cat=0
split_feature=8 13 22 7 27
split_gain=0.908408 1.56821 1.52299 1.73135 1.02968
threshold=1.808337220028273 0.48077869140488433 -0.055772323721251016 0.031417006272955454 -0.030234185529879443
decision_type=2 2 2 2 2
left_child=1 4 -2 -4 -1
right_child=2 -3 3 -5 -6
leaf_value=-0.0040270215070212154 -0.016548702352478468 -0.0091862691700417883 0.011263802720476869 -0.010004267115653366 0.012426442553178072
leaf_weight=7.6049388099927446 9.183392360107975 8.5454987569246423 11.642847829265522 7.4540400761179617 24.639685297908727
leaf_count=286 441 260 551 226 1168
internal_value=-0.000747507 0.00372491 -0.00648622 0.00237709 0.0085112
internal_weight=69.0704 40.7901 28.2803 19.0969 32.2446
internal_count=2932 1714 1218 777 1454
is_linear=0
shrinkage=0.05


Tree=98
num_leaves=7
num_cat=0
split_feature=9 9 7 6 57 36
split_gain=0.907161 1.31508 1.29351 1.15169 1.10893 1.05874
threshold=0.013369467835291414 0.00061719788924010385 0.031417006272955454 -0.24171893831694577 -43.60105267783964 0.068494244027179477
decision_type=2 2 2 2 2 2
left_child=1 2 -1 -3 -2 -6
right_child=4 3 -4 -5 5 -7
leaf_value=0.014375368685878305 -0.0069827351503385275 0.0052991283465996623 -0.00656802010260377 -0.013205227130789391 0.014541214623825603 -0.0043813310126276659
leaf_weight=6.2929909583181125 5.8149352991022196 5.0333679032046375 5.5168226124369539 25.672329000371974 15.539937731402462 5.0862413829891002
leaf_count=227 307 148 306 1044 757 143
internal_value=-0.000813638 -0.00493368 0.00606621 -0.0096153 0.00534705 0.00996807
internal_weight=68.9566 42.5155 11.8098 30.7057 26.4411 20.6262
internal_count=2932 1725 533 1192 1207 900
is_linear=0
shrinkage=0.05


Tree=99
num_leaves=5
num_cat=0
split_feature=54 11 6 13
split_gain=0.878015 1.07271 1.30249 1.17955
threshold=-0.061701363841133748 3.0677824455408698 3.4375470671910766 0.22671400181089871
decision_type=2 2 2 2
left_child=-1 3 -3 -2
right_child=1 2 -4 -5
leaf_value=0.0088249539759076533 0.0054207404399698048 0.010822063642500889 -0.0066097036075155298 -0.011870824300961485
leaf_weight=9.145603873417711 6.7530886032618573 14.65233472158434 10.164573008369187 28.145822994643822
leaf_count=352 208 1155 640 577
internal_value=-0.000755019 -0.00327761 0.00383455 -0.00806274
internal_weight=68.8614 59.7158 24.8169 34.8989
internal_count=2932 2580 1795 785
is_linear=0
shrinkage=0.05


Tree=100
num_leaves=5
num_cat=0
split_feature=29 41 10 4
split_gain=0.882956 0.936544 1.33797 0.472742
threshold=-0.087654920961191582 -0.030276776779673026 0.92246935642723427 31.416735336678489
decision_type=2 2 2 2
left_child=-1 3 -3 -2
right_child=1 2 -4 -5
leaf_value=-0.011132284632093002 -0.00075756601571688037 0.0034729801942137168 -0.01106532933233432 0.015458499336135433
leaf_weight=6.2802818601485333 5.1361375586129707 38.539926955010742 13.684206474019446 5.0648645535111427
leaf_count=228 102 1687 635 280
internal_value=-0.000677444 0.00176621 -0.00150256 0.0109605
internal_weight=68.7054 62.4251 52.2241 10.201
internal_count=2932 2704 2322 382
is_linear=0
shrinkage=0.05


Tree=101
num_leaves=6
num_cat=0
split_feature=35 7 30 54 37
split_gain=0.890389 2.09872 2.06154 1.8099 1.29162
threshold=-0.0033332979874127686 0.23178794246151077 0.7363425588905762 -0.035247818403490956 0.025509351107124222
decision_type=2 2 2 2 2
left_child=2 3 -1 -2 -4
right_child=1 -3 4 -5 -6
leaf_value=-0.010275298482855974 0.0056397596880535901 0.0099476545408228589 0.016119845969501743 -0.016423089192575444 -0.0044454171354978726
leaf_weight=7.4538516051834476 7.283014927001207 8.3690606782620289 17.666587094194259 22.286940398393199 5.5827903422759837
leaf_count=462 329 352 577 1037 175
internal_value=-0.000669927 -0.00521601 0.00484889 -0.0109371 0.0113298
internal_weight=68.6422 37.939 30.7032 29.57 23.2494
internal_count=2932 1718 1214 1366 752
is_linear=0
shrinkage=0.05


Tree=102
num_leaves=5
num_cat=0
split_feature=29 41 10 4
split_gain=0.85709 0.891966 1.26455 0.461323
threshold=-0.087654920961191582 -0.030276776779673026 0.92246935642723427 31.416735336678489
decision_type=2 2 2 2
left_child=-1 3 -3 -2
right_child=1 2 -4 -5
leaf_value=-0.010944183961537186 -0.00077810262602708621 0.0033997745347839319 -0.010742922005414135 0.015191008590822137
leaf_weight=6.2599697013502 5.1397169828414899 38.546792882843874 13.629267559255821 5.0542150171240792
leaf_count=228 102 1687 635 280
internal_value=-0.000633892 0.0017702 -0.00142819 0.0107413
internal_weight=68.63 62.37 52.1761 10.1939
internal_count=2932 2704 2322 382
is_linear=0
shrinkage=0.05


Tree=103
num_leaves=5
num_cat=0
split_feature=50 49 3 8
split_gain=0.851709 0.789248 1.12196 0.334832
threshold=-0.068869838819903231 0.051938623189855163 5.4955427771605034 1.3854374759858405
decision_type=2 2 2 2
left_child=3 2 -2 -1
right_child=1 -3 -4 -5
leaf_value=0.00044100151843709778 -0.00095197448855573012 -0.0073436970330876374 0.012863094802500783 -0.012302532080753973
leaf_weight=6.3900465366896224 32.198698504711501 7.4500169351231298 15.232747353671583 7.2961631543585099
leaf_count=169 1315 263 815 370
internal_value=-0.000627574 0.00240826 0.00495198 -0.00867841
internal_weight=68.5677 54.8815 47.4314 13.6862
internal_count=2932 2393 2130 539
is_linear=0
shrinkage=0.05


Tree=104
num_leaves=5
num_cat=0
split_feature=29 41 10 4
split_gain=0.821743 0.865977 1.18074 0.442928
threshold=-0.087654920961191582 -0.030276776779673026 0.90026804325193388 31.416735336678489
decision_type=2 2 2 2
left_child=-1 3 -3 -2
right_child=1 2 -4 -5
leaf_value=-0.010749011618447749 -0.00075099765294931852 0.0034093734209025501 -0.010100233381621615 0.014921527442445712
leaf_weight=6.2240084140212266 5.1353647545911354 37.319277822389267 14.797473463680943 5.0375453288434073
leaf_count=228 102 1627 695 280
internal_value=-0.000643286 0.00171374 -0.0014349 0.0105595
internal_weight=68.5137 62.2897 52.1168 10.1729
internal_count=2932 2704 2322 382
is_linear=0
shrinkage=0.05


Tree=105
num_leaves=6
num_cat=0
split_feature=35 30 7 54 37
split_gain=0.8243 1.96674 1.9523 1.6984 1.19679
threshold=-0.0033332979874127686 0.7363425588905762 0.23178794246151077 -0.035247818403490956 0.025509351107124222
decision_type=2 2 2 2 2
left_child=1 -1 3 -2 -3
right_child=2 4 -4 -5 -6
leaf_value=-0.010096537524949382 0.0054886941368862616 0.015601650444491418 0.0096032092250792726 -0.015885124358951185 -0.0042529550556659962
leaf_weight=7.4180688413325724 7.2739730143221122 17.695652039954442 8.3609437699196842 22.162952664017212 5.5404050472425288
leaf_count=462 329 577 352 1037 175
internal_value=-0.000632666 0.00467709 -0.00501648 -0.010551 0.0110123
internal_weight=68.452 30.6541 37.7979 29.4369 23.2361
internal_count=2932 1214 1718 1366 752
is_linear=0
shrinkage=0.05


Tree=106
num_leaves=5
num_cat=0
split_feature=2 3 54 19
split_gain=0.807784 1.29502 1.02727 0.863486
threshold=1.5797214278520555 5.4097321758435752 0.067294502142299775 2.6401145897374261
decision_type=2 2 2 2
left_child=1 2 -1 -3
right_child=-2 3 -4 -5
leaf_value=-0.0062866433112246855 -0.0098986112222956679 0.016235962919885227 0.0089150197366614 -0.0012986537905702639
leaf_weight=36.657926321786363 8.2852470995858294 9.4935312883317255 5.1745499331736928 8.826833787315989
leaf_count=1473 321 643 219 276
internal_value=-0.000599099 0.00191021 -0.00304906 0.0103123
internal_weight=68.4381 60.1528 41.8325 18.3204
internal_count=2932 2611 1692 919
is_linear=0
shrinkage=0.05


Tree=107
num_leaves=5
num_cat=0
split_feature=29 41 10 4
split_gain=0.804188 0.821521 1.11246 0.428291
threshold=-0.087654920961191582 -0.030276776779673026 0.92246935642723427 31.416735336678489
decision_type=2 2 2 2
left_child=-1 3 -3 -2
right_child=1 2 -4 -5
leaf_value=-0.010537268870746666 -0.00073019621246099944 0.0032241524397882875 -0.010066105202934991 0.01470131891892624
leaf_weight=6.1949891285621552 5.1305211666040105 38.522609329898842 13.487563191127263 5.0227258858503774
leaf_count=228 102 1687 635 280
internal_value=-0.000521058 0.001799 -0.00128985 0.0104105
internal_weight=68.3584 62.1634 52.0102 10.1532
internal_count=2932 2704 2322 382
is_linear=0
shrinkage=0.05


Tree=108
num_leaves=5
num_cat=0
split_feature=50 47 57 22
split_gain=0.80167 0.759131 0.820714 0.330233
threshold=-0.068869838819903231 -0.032883806525336047 -7.7129109426543598 0.19321838236963826
decision_type=2 2 2 2
left_child=3 -2 -3 -1
right_child=1 2 -4 -5
leaf_value=-0.011579409738279936 -0.006815405776869574 0.010135863198412495 -0.001563373569227278 0.00098483631504189925
leaf_weight=8.3228465644642693 8.4676437017042172 22.994249523384493 23.231108120002322 5.2826344710774711
leaf_count=387 270 1101 1022 152
internal_value=-0.000517363 0.00242079 0.00502394 -0.00835047
internal_weight=68.2985 54.693 46.2254 13.6055
internal_count=2932 2393 2123 539
is_linear=0
shrinkage=0.05


Tree=109
num_leaves=7
num_cat=0
split_feature=9 32 6 59 41 10
split_gain=0.799071 1.33042 1.54 1.09653 1.0829 0.755587
threshold=0.013369467835291414 1.1004456656454613 -0.19029153063305757 1.0102 0.030420873276021814 0.75573425838327224
decision_type=2 2 2 2 2 2
left_child=1 4 -3 5 -1 -2
right_child=3 2 -4 -5 -6 -7
leaf_value=0.012461306717463011 0.0047390423954571459 0.005862062518867589 -0.015356084305035603 0.013235985988440302 -0.005351901818732914 -0.0099700024433567978
leaf_weight=8.3097893095837225 9.392131247906951 5.892109535867351 19.731044667714741 10.02293255436234 8.0842858774121833 6.8339088741922742
leaf_count=464 414 180 729 418 352 375
internal_value=-0.000548436 -0.00446032 -0.010201 0.0052164 0.00497758 -0.00289537
internal_weight=68.2662 42.0172 25.6232 26.249 16.3941 16.226
internal_count=2932 1725 909 1207 816 789
is_linear=0
shrinkage=0.05


Tree=110
num_leaves=6
num_cat=0
split_feature=33 31 41 46 19
split_gain=0.791456 1.56348 1.34385 0.990437 0.89764
threshold=-0.49744010641923664 4.2301052054850468 0.097554122460770054 -0.061430585963942234 2.1905343101492254
decision_type=2 2 2 2 2
left_child=4 3 -3 -2 -1
right_child=1 2 -4 -5 -6
leaf_value=0.0042912515389650525 0.0033506554441679777 0.012846920019856076 -0.0041883055246564925 -0.014127367494209803 -0.013690402203797098
leaf_weight=5.0091927659814237 8.7930030427960464 25.107210558955558 11.387673687655477 8.8197897401405481 9.0622831722139363
leaf_count=271 531 1153 292 390 295
internal_value=-0.000486394 0.00247297 0.00777379 -0.00734823 -0.00816577
internal_weight=68.1792 54.1077 36.4949 17.6128 14.0715
internal_count=2932 2366 1445 921 566
is_linear=0
shrinkage=0.05


Tree=111
num_leaves=6
num_cat=0
split_feature=48 53 30 31 10
split_gain=0.799941 0.942018 1.89518 1.31771 0.256597
threshold=0.045110358640837671 1.0000000180025095e-35 0.7363425588905762 3.8214254928133049 0.73714991889374015
decision_type=2 2 2 2 2
left_child=1 3 -3 -1 -2
right_child=4 2 -4 -5 -6
leaf_value=0.0059848937847836103 -0.00058180010059694824 -0.010882798778486561 0.010917812310886541 -0.012050106483112357 0.011166944686020313
leaf_weight=7.0978823134792028 5.2260841593379137 6.2136707573808989 17.390612924180459 26.206319321179762 5.9661950047593564
leaf_count=375 131 435 598 1183 210
internal_value=-0.000536876 -0.00315902 0.00364821 -0.00771198 0.00799513
internal_weight=68.1008 56.9085 23.6043 33.3042 11.1923
internal_count=2932 2591 1033 1558 341
is_linear=0
shrinkage=0.05


Tree=112
num_leaves=5
num_cat=0
split_feature=2 24 13 29
split_gain=0.781058 1.33088 1.34335 1.21413
threshold=1.5300475663855233 0.0039182111358718767 0.26176008089766517 -0.067006357168488226
decision_type=2 2 2 2
left_child=1 2 -1 -3
right_child=-2 3 -4 -5
leaf_value=0.0056279451610140151 -0.0093576082832914249 -0.0057713194081632259 -0.010818111279957514 0.013115099850285264
leaf_weight=13.48699255165411 9.1718492286163364 5.2009143148898174 18.912776807090268 21.271892269098316
leaf_count=915 398 163 581 875
internal_value=-0.000481727 0.00205897 -0.00425941 0.00883959
internal_weight=68.0444 58.8726 32.3998 26.4728
internal_count=2932 2534 1496 1038
is_linear=0
shrinkage=0.05


Tree=113
num_leaves=5
num_cat=0
split_feature=54 11 13 6
split_gain=0.758589 0.983395 1.23351 1.22857
threshold=-0.061701363841133748 3.1132683346437333 0.24725622676501363 3.4375470671910766
decision_type=2 2 2 2
left_child=-1 2 -2 -3
right_child=1 3 -4 -5
leaf_value=0.008385661716327885 0.0047829926322743299 0.011454033400561349 -0.011762096142569544 -0.0059769403234099273
leaf_weight=9.0602316834265348 9.7666102226357889 12.459170216359782 26.707345805829391 9.9489519912167435
leaf_count=352 302 1049 589 640
internal_value=-0.00050505 -0.00289186 -0.00725593 0.00425864
internal_weight=67.9423 58.8821 36.474 22.4081
internal_count=2932 2580 891 1689
is_linear=0
shrinkage=0.05


Tree=114
num_leaves=6
num_cat=0
split_feature=48 55 13 5 10
split_gain=0.760455 0.952383 1.30297 0.442802 0.239294
threshold=0.045110358640837671 0.06125051034449485 0.30868776138246129 0.42951113970588384 0.73714991889374015
decision_type=2 2 2 2 2
left_child=1 2 -1 -3 -2
right_child=4 3 -4 -5 -6
leaf_value=0.0025208040176242005 -0.00051053391443734916 -0.0022449341841314081 -0.012138721003914194 0.011480890048385204 0.01092941823948123
leaf_weight=21.891043489464209 5.2100020303623733 5.1620585892233048 24.550865938421339 5.0178429416846484 5.9567279473412782
leaf_count=1473 131 269 735 114 210
internal_value=-0.000437074 -0.0030115 -0.00600639 0.00685734 0.00787238
internal_weight=67.7885 56.6218 46.4419 10.1799 11.1667
internal_count=2932 2591 2208 383 341
is_linear=0
shrinkage=0.05


Tree=115
num_leaves=6
num_cat=0
split_feature=8 22 7 28 30
split_gain=0.758099 1.42494 1.51285 1.33191 1.02252
threshold=1.808337220028273 -0.052775399524343437 0.031417006272955454 -0.81300375409137304 0.78048664669619316
decision_type=2 2 2 2 2
left_child=3 -2 -3 -1 -5
right_child=1 2 -4 4 -6
leaf_value=-0.0081657902976960649 -0.015465810426422703 0.011050429459696851 -0.0090270610825696797 -0.0024584929176023947 0.013250338622382424
leaf_weight=8.7014453100273368 9.0140525094466302 11.350308659661097 7.2093791448278344 11.772105320618723 19.613860158482566
leaf_count=211 453 541 224 734 769
internal_value=-0.000351949 -0.00568183 0.00282146 0.0037166 0.00818797
internal_weight=67.6612 27.5737 18.5597 40.0874 31.386
internal_count=2932 1218 765 1714 1503
is_linear=0
shrinkage=0.05


Tree=116
num_leaves=7
num_cat=0
split_feature=9 32 6 59 41 10
split_gain=0.769114 1.27653 1.43129 1.03821 1.02338 0.738221
threshold=0.013369467835291414 1.1004456656454613 -0.1462057472253985 1.0102 0.030420873276021814 0.67905464000038152
decision_type=2 2 2 2 2 2
left_child=1 4 -3 5 -1 -2
right_child=3 2 -4 -5 -6 -7
leaf_value=0.012213599485400534 0.0052910367130104864 0.005213849177085457 -0.015160019489214641 0.01303530573994406 -0.0051602640302412612 -0.009223474932110497
leaf_weight=8.2697312499512936 8.0118782778154181 6.4670341399032649 18.800972603203263 9.9684740566881356 7.9966882359003639 8.0540169624728133
leaf_count=464 338 197 712 418 352 451
internal_value=-0.00040505 -0.0042786 -0.00994575 0.0052471 0.00495962 -0.00273228
internal_weight=67.5688 41.5344 25.268 26.0344 16.2664 16.0659
internal_count=2932 1725 909 1207 816 789
is_linear=0
shrinkage=0.05


Tree=117
num_leaves=6
num_cat=0
split_feature=35 30 7 54 3
split_gain=0.763685 1.86037 1.82678 1.54621 1.1576
threshold=-0.0033332979874127686 0.7363425588905762 0.23178794246151077 -0.035247818403490956 2.5359394656650385
decision_type=2 2 2 2 2
left_child=1 -1 3 -2 -3
right_child=2 4 -4 -5 -6
leaf_value=-0.0097219260739095648 0.0052728059152207718 0.018625140777712556 0.0094941871657895326 -0.015177235758399292 -0.00027223241741402264
leaf_weight=7.3073028461658422 7.2086540025193271 9.6525865674484539 8.2437271391536324 21.769382592639886 13.308038739836773
leaf_count=462 329 270 352 1037 482
internal_value=-0.00034582 0.00475382 -0.00462126 -0.0100424 0.0109126
internal_weight=67.4897 30.2679 37.2218 28.978 22.9606
internal_count=2932 1214 1718 1366 752
is_linear=0
shrinkage=0.05


Tree=118
num_leaves=4
num_cat=0
split_feature=50 48 48
split_gain=0.750523 0.848881 1.12704
threshold=-0.1866851870104401 0.045110358640837671 -0.02272509918034837
decision_type=2 2 2
left_child=-1 2 -2
right_child=1 -3 -4
leaf_value=-0.010365724836915828 0.0040648006115916744 0.010629135495024169 -0.0087033065660340036
leaf_weight=5.1495560122421002 33.022853989270516 10.156060718232764 19.125493007188197
leaf_count=244 1661 308 719
internal_value=-0.000276337 0.00187586 -0.00126486
internal_weight=67.454 62.3044 52.1483
internal_count=2932 2688 2380
is_linear=0
shrinkage=0.05


Tree=119
num_leaves=4
num_cat=0
split_feature=29 41 10
split_gain=0.741861 0.779785 1.00828
threshold=-0.087654920961191582 -0.030276776779673026 0.92246935642723427
decision_type=2 2 2
left_child=-1 -2 -3
right_child=1 2 -4
leaf_value=-0.0099770653397844161 0.010334300104978808 0.0031689129715473602 -0.0095376692795507787
leaf_weight=6.0385805977275586 10.001453548320567 38.142419550567865 13.253652874191173
leaf_count=228 382 1687 635
internal_value=-0.000291123 0.00192548 -0.00112754
internal_weight=67.4361 61.3975 51.3961
internal_count=2932 2704 2322
is_linear=0
shrinkage=0.05


Tree=120
num_leaves=5
num_cat=0
split_feature=50 9 7 29
split_gain=0.720829 0.816727 1.10256 1.04423
threshold=-0.1866851870104401 0.013369467835291414 0.031417006272955454 0.05404727636518409
decision_type=2 2 2 2
left_child=-1 2 -2 -3
right_child=1 3 -4 -5
leaf_value=-0.010208972225202033 0.0052945540683040082 0.011812622101800049 -0.0086815534934849385 -0.0056466564924895733
leaf_weight=5.1231005743611595 16.85990809550276 19.096480584470559 21.098366380538209 5.2280150579172178
leaf_count=244 708 880 899 201
internal_value=-0.000315788 0.00179777 -0.00266421 0.00750829
internal_weight=67.4059 62.2828 37.9583 24.3245
internal_count=2932 2688 1607 1081
is_linear=0
shrinkage=0.05


Tree=121
num_leaves=6
num_cat=0
split_feature=29 31 46 46 53
split_gain=0.711789 0.964915 2.0717 1.93885 0.361382
threshold=-0.066401711434066021 4.4108976998472622 -0.32055471151331622 -0.24978800113913627 -0.096150142662561139
decision_type=2 2 2 2 2
left_child=4 3 -3 -2 -1
right_child=1 2 -4 -5 -6
leaf_value=0.0012866272285262407 0.009622901408332522 -0.0078001043645972608 0.013554371744180818 -0.012270464886301097 -0.011879248671743864
leaf_weight=5.0293771946453489 7.4985753007349585 9.3803532195743156 23.14995065855328 15.827891605178591 6.4934708279324678
leaf_count=165 439 413 843 781 291
internal_value=-0.000348516 0.00227197 0.00701048 -0.00445691 -0.0082049
internal_weight=67.3796 55.8568 32.5303 23.3265 11.5228
internal_count=2932 2476 1256 1220 456
is_linear=0
shrinkage=0.05


Tree=122
num_leaves=6
num_cat=0
split_feature=35 30 7 54 3
split_gain=0.716367 1.75941 1.72322 1.44221 1.08943
threshold=-0.0033332979874127686 0.7363425588905762 0.23178794246151077 -0.035247818403490956 2.5359394656650385
decision_type=2 2 2 2 2
left_child=1 -1 3 -2 -3
right_child=2 4 -4 -5 -6
leaf_value=-0.0095135728649712262 0.0050386473152978783 0.018024682465681448 0.0091926336105377059 -0.014761444369918367 -0.00029305316589215802
leaf_weight=7.272238816192842 7.1969256562297259 9.6841007850598562 8.2407772356236801 21.662655706808437 13.277875734958796
leaf_count=462 329 270 352 1037 482
internal_value=-0.000380156 0.0045647 -0.00452346 -0.00979777 0.010557
internal_weight=67.3346 30.2342 37.1004 28.8596 22.962
internal_count=2932 1214 1718 1366 752
is_linear=0
shrinkage=0.05


Tree=123
num_leaves=5
num_cat=0
split_feature=2 3 55 3
split_gain=0.705166 1.22697 0.968544 0.80448
threshold=1.5797214278520555 5.4097321758435752 0.06125051034449485 13.031384626023733
decision_type=2 2 2 2
left_child=1 2 -1 -3
right_child=-2 3 -4 -5
leaf_value=-0.0065035772924467924 -0.0090764336877469983 0.015389698549509069 0.0075149409346533013 -0.00177174887303321
leaf_weight=33.273242392227985 8.0635451386915502 10.627385579166004 7.9179640018846831 7.415615212506963
leaf_count=1394 321 497 298 422
internal_value=-0.000312271 0.00201945 -0.00286726 0.0102198
internal_weight=67.2978 59.2342 41.1912 18.043
internal_count=2932 2611 1692 919
is_linear=0
shrinkage=0.05


Tree=124
num_leaves=6
num_cat=0
split_feature=50 19 6 56 7
split_gain=0.704552 0.728666 1.6525 1.1768 0.318681
threshold=-0.068869838819903231 2.6645660198681962 -0.10823342790028172 -4.2046392661898571 -0.042425577090710827
decision_type=2 2 2 2 2
left_child=4 2 -2 -3 -1
right_child=1 3 -4 -5 -6
leaf_value=0.0012173984450410875 -0.0074803801589540253 0.0061927160091879976 0.01190348208937831 -0.011018752468059934 -0.010880301716565021
leaf_weight=5.1682418871205291 8.13845496624708 9.6212247228249925 24.546136712451698 11.63199926028028 8.1365656713023764
leaf_count=135 362 335 1347 349 404
internal_value=-0.000261225 0.00248191 0.00645518 -0.00373878 -0.00767505
internal_weight=67.2426 53.9378 32.6846 21.2532 13.3048
internal_count=2932 2393 1709 684 539
is_linear=0
shrinkage=0.05


Tree=125
num_leaves=5
num_cat=0
split_feature=29 3 3 3
split_gain=0.699668 0.744019 1.73134 1.41118
threshold=-0.087654920961191582 4.6617858738373288 1.757170599712367 13.031384626023733
decision_type=2 2 2 2
left_child=-1 2 -2 -3
right_child=1 3 -4 -5
leaf_value=-0.0097294437653322793 0.0059270087984705285 0.013735984555449988 -0.011446461923844806 -0.0058332055133085269
leaf_weight=5.9975029744673511 21.979424359218683 15.273644023807721 16.499307316669729 7.4807201540243105
leaf_count=228 801 782 692 429
internal_value=-0.00031384 0.00184477 -0.00234703 0.00748571
internal_weight=67.2306 61.2331 38.4787 22.7544
internal_count=2932 2704 1493 1211
is_linear=0
shrinkage=0.05


Tree=126
num_leaves=5
num_cat=0
split_feature=2 24 11 47
split_gain=0.682863 1.15448 1.10068 1.04669
threshold=1.5797214278520555 0.0039182111358718767 3.2769667020129059 -0.026151144358616284
decision_type=2 2 2 2
left_child=1 2 -1 -3
right_child=-2 3 -4 -5
leaf_value=-0.0089605420536190954 -0.0089729966690872999 -0.00510609854598317 0.0063343142503741474 0.012286002237350584
leaf_weight=22.638641667668708 8.0385938381659781 5.6424566772766438 9.7444373918115144 21.123944126695278
leaf_count=635 321 172 902 902
internal_value=-0.000346372 0.00195409 -0.00394951 0.00822808
internal_weight=67.1881 59.1495 32.3831 26.7664
internal_count=2932 2611 1537 1074
is_linear=0
shrinkage=0.05


Tree=127
num_leaves=6
num_cat=0
split_feature=33 31 41 46 19
split_gain=0.684643 1.32077 1.22076 0.89844 0.788293
threshold=-0.49744010641923664 4.2301052054850468 0.097554122460770054 -0.061430585963942234 2.2197692312593795
decision_type=2 2 2 2 2
left_child=4 3 -3 -2 -1
right_child=1 2 -4 -5 -6
leaf_value=0.0040509887935267436 0.0033917818300969941 0.012130125073490006 -0.0041289167998146137 -0.013221182781767602 -0.012821384278295695
leaf_weight=5.0079658987815483 8.6756891449185805 24.850332694419194 11.220024461392311 8.6473327460116689 8.7474454403272812
leaf_count=276 531 1153 292 390 290
internal_value=-0.000358319 0.00239658 0.00727416 -0.00670482 -0.00755917
internal_weight=67.1488 53.3934 36.0704 17.323 13.7554
internal_count=2932 2366 1445 921 566
is_linear=0
shrinkage=0.05


Tree=128
num_leaves=6
num_cat=0
split_feature=48 53 30 31 10
split_gain=0.684593 0.861916 1.70177 1.28673 0.235546
threshold=0.045110358640837671 1.0000000180025095e-35 0.7363425588905762 3.8214254928133049 0.73714991889374015
decision_type=2 2 2 2 2
left_child=1 3 -3 -1 -2
right_child=4 2 -4 -5 -6
leaf_value=0.0061753383041497851 -0.00063640995893862913 -0.010236770298287678 0.010526189753042866 -0.011618282041937211 0.01053091604645502
leaf_weight=6.9784564026631406 5.1853620543843117 6.0930353135481736 17.160915428190492 25.754622055625077 5.9019544739276171
leaf_count=375 131 435 598 1183 210
internal_value=-0.000410011 -0.00287025 0.00364348 -0.00726743 0.00748308
internal_weight=67.0743 55.987 23.254 32.7331 11.0873
internal_count=2932 2591 1033 1558 341
is_linear=0
shrinkage=0.05


Tree=129
num_leaves=7
num_cat=0
split_feature=8 59 13 7 27 37
split_gain=0.688704 1.34473 1.27815 1.0443 0.87124 0.348726
threshold=1.808337220028273 1.0737999999999999 0.48625503742083642 0.0071019381564599712 -0.030234185529879443 0.011911177949067618
decision_type=2 2 2 2 2 2
left_child=2 5 4 -3 -1 -2
right_child=1 3 -4 -5 -6 -7
leaf_value=-0.0037764072288049041 -0.015251938366706489 0.013603282679640886 -0.0083753089315222132 -0.0057882416440692679 0.011426233947583775 -0.00091402806895043173
leaf_weight=7.4236943089636069 9.9916872644098529 5.0434923833818157 8.0028307409374957 5.125193293672055 24.336593260464724 7.096635394729673
leaf_count=286 511 275 251 141 1177 291
internal_value=-0.000359471 -0.00546062 0.00353193 0.00580566 0.00781937 -0.0118331
internal_weight=67.0201 27.257 39.7631 10.1687 31.7603 17.0883
internal_count=2932 1218 1714 416 1463 802
is_linear=0
shrinkage=0.05


Tree=130
num_leaves=6
num_cat=0
split_feature=35 30 7 54 3
split_gain=0.661194 1.65961 1.63162 1.34198 1.06106
threshold=-0.0033332979874127686 0.7363425588905762 0.23178794246151077 -0.035247818403490956 2.5359394656650385
decision_type=2 2 2 2 2
left_child=1 -1 3 -2 -3
right_child=2 4 -4 -5 -6
leaf_value=-0.0093199942762413664 0.0048142333267993656 0.017556766153308305 0.0089677359019119125 -0.014345871679545409 -0.00044091544677451468
leaf_weight=7.2086914321989779 7.172195830440617 9.6743979787570442 8.1887236480542906 21.469562040176243 13.211671373632269
leaf_count=462 329 270 352 1037 482
internal_value=-0.000401379 0.00435966 -0.00439192 -0.00954375 0.0101923
internal_weight=66.9252 30.0948 36.8305 28.6418 22.8861
internal_count=2932 1214 1718 1366 752
is_linear=0
shrinkage=0.05


Tree=131
num_leaves=4
num_cat=0
split_feature=29 41 10
split_gain=0.670733 0.714586 0.935522
threshold=-0.087654920961191582 -0.030276776779673026 0.92246935642723427
decision_type=2 2 2
left_child=-1 -2 -3
right_child=1 2 -4
leaf_value=-0.0095640426359298678 0.0098451908009750122 0.0030154290693379399 -0.0092645455257465096
leaf_weight=5.9493811135180286 9.948388794437049 37.888265556422994 13.101441624472498
leaf_count=228 382 1687 635
internal_value=-0.000335107 0.00178712 -0.00114152
internal_weight=66.8875 60.9381 50.9897
internal_count=2932 2704 2322
is_linear=0
shrinkage=0.05


Tree=132
num_leaves=4
num_cat=0
split_feature=50 48 48
split_gain=0.653416 0.777575 0.99793
threshold=-0.1866851870104401 0.045110358640837671 -0.02272509918034837
decision_type=2 2 2
left_child=-1 2 -2
right_child=1 -3 -4
leaf_value=-0.0097958601665042843 0.0037141764029449847 0.010061168194932168 -0.00834622578573317
leaf_weight=5.0410690053831777 32.807609197931015 10.095214934204703 18.913335053250194
leaf_count=244 1661 308 719
internal_value=-0.00035756 0.00166897 -0.00133378
internal_weight=66.8572 61.8162 51.7209
internal_count=2932 2688 2380
is_linear=0
shrinkage=0.05


Tree=133
num_leaves=7
num_cat=0
split_feature=9 32 53 59 41 15
split_gain=0.649955 1.26061 1.39136 0.967439 0.952276 0.677806
threshold=0.013369467835291414 1.1004456656454613 -0.10471474706481183 1.0102 0.030420873276021814 0.049402198711749119
decision_type=2 2 2 2 2 2
left_child=1 4 -3 5 -1 -2
right_child=3 2 -4 -5 -6 -7
leaf_value=0.012116139053079152 -0.0079877103451223824 0.0061463675474647209 -0.014356528990960597 0.012365722592462913 -0.0047798027853068721 0.0061636968082370517
leaf_weight=8.2039502510742768 10.818896182987375 5.0189375479239997 19.886469253106043 9.9417312131263298 7.8756423217128022 5.0924984453013158
leaf_count=464 509 155 754 418 352 280
internal_value=-0.000368441 -0.00395478 -0.00964762 0.00483428 0.00518105 -0.0028277
internal_weight=66.8381 40.985 24.9054 25.8531 16.0796 15.9114
internal_count=2932 1725 909 1207 816 789
is_linear=0
shrinkage=0.05


Tree=134
num_leaves=6
num_cat=0
split_feature=29 24 11 47 53
split_gain=0.648122 0.86955 1.17019 0.987406 0.320078
threshold=-0.066401711434066021 0.0039182111358718767 3.0677824455408698 -0.021908787689615176 -0.092386996479600775
decision_type=2 2 2 2 2
left_child=4 2 -2 -3 -1
right_child=1 3 -4 -5 -6
leaf_value=0.0010688650826899272 -0.0092628411488290836 -0.0045375860086075302 0.0061278800573754313 0.012384943325342051 -0.011387131446877301
leaf_weight=5.2737916317419149 18.473973987216599 6.3865291561232906 12.787851712258997 17.727476135638426 6.103468426386824
leaf_count=180 470 198 994 814 276
internal_value=-0.000288033 0.00221702 -0.00300783 0.00788673 -0.00781422
internal_weight=66.7531 55.3758 31.2618 24.114 11.3773
internal_count=2932 2476 1464 1012 456
is_linear=0
shrinkage=0.05


Tree=135
num_leaves=5
num_cat=0
split_feature=2 3 55 15
split_gain=0.642258 1.08831 0.931909 0.833468
threshold=1.5797214278520555 5.4955427771605034 0.06125051034449485 0.015842958140934924
decision_type=2 2 2 2
left_child=1 2 -1 -3
right_child=-2 3 -4 -5
leaf_value=-0.0062249804827738215 -0.0087002115608750992 -0.00085731478804593111 0.0075057804952414894 0.016417981881822009
leaf_weight=33.389195938128978 7.9469502053107126 10.100110146333465 7.8928197787026866 7.3795476416125885
leaf_count=1421 321 470 299 421
internal_value=-0.000310716 0.00192415 -0.00264805 0.00975649
internal_weight=66.7086 58.7617 41.282 17.4797
internal_count=2932 2611 1720 891
is_linear=0
shrinkage=0.05


Tree=136
num_leaves=5
num_cat=0
split_feature=50 47 57 8
split_gain=0.635123 0.64953 0.744576 0.317575
threshold=-0.068869838819903231 -0.032883806525336047 -12.203308376488307 1.3854374759858405
decision_type=2 2 2 2
left_child=3 -2 -3 -1
right_child=1 2 -4 -5
leaf_value=0.00097375871155621079 -0.006259709795232435 0.0099381078541121021 -0.0012975712537026548 -0.010897193673316973
leaf_weight=6.1763682921882701 8.2243510439293441 21.086567848367846 24.188974974153101 6.962001699313987
leaf_count=169 270 1017 1106 370
internal_value=-0.000242522 0.00237008 0.00478655 -0.00730762
internal_weight=66.6383 53.4999 45.2755 13.1384
internal_count=2932 2393 2123 539
is_linear=0
shrinkage=0.05


Tree=137
num_leaves=6
num_cat=0
split_feature=6 8 53 7 53
split_gain=0.636166 1.80866 1.54815 2.19546 1.41909
threshold=3.4375470671910766 5.7534048380656815 -0.034102579667853281 0.14626621446630692 -0.10471474706481183
decision_type=2 2 2 2 2
left_child=2 -2 4 -4 -1
right_child=1 -3 3 -5 -6
leaf_value=0.0058431710977384583 -0.016717470358796106 0.0079173357816177316 0.016402436004326431 -0.0065736287877625702 -0.01245036589836771
leaf_weight=10.359229581896217 7.2748868872295116 5.2146813046419993 18.837112187640745 9.4546569302183325 15.47598698287038
leaf_count=386 411 377 696 480 582
internal_value=-0.000279892 -0.00748492 0.00229058 0.00901267 -0.00553151
internal_weight=66.6166 12.4896 54.127 28.2918 25.8352
internal_count=2932 788 2144 1176 968
is_linear=0
shrinkage=0.05


Tree=138
num_leaves=4
num_cat=0
split_feature=29 20 19
split_gain=0.621223 0.719574 1.45011
threshold=-0.087654920961191582 1.9380297293969975 2.6645660198681962
decision_type=2 2 2
left_child=-1 2 -2
right_child=1 -3 -4
leaf_value=-0.0092078073147955197 0.0042083874905513253 0.0098884433523924748 -0.010828486530893586
leaf_weight=5.8772051114356136 36.31349978603248 9.7163792773499136 14.647410903708076
leaf_count=228 1947 261 496
internal_value=-0.0003033 0.00173995 -0.0011809
internal_weight=66.5545 60.6773 50.9609
internal_count=2932 2704 2443
is_linear=0
shrinkage=0.05


Tree=139
num_leaves=4
num_cat=0
split_feature=54 37 53
split_gain=0.619703 0.918366 1.56295
threshold=-0.061701363841133748 -0.0056833607560944016 0.025466958222811916
decision_type=2 2 2
left_child=-1 -2 -3
right_child=1 2 -4
leaf_value=0.007715473631573589 0.0073066062532172321 -0.010447203649728948 0.0058247817338069052
leaf_weight=8.9066072449786571 9.4827247171197069 33.647513162868563 14.50168379327806
leaf_count=352 475 1536 569
internal_value=-0.000327305 -0.00252728 -0.00538748
internal_weight=66.5385 57.6319 48.1492
internal_count=2932 2580 2105
is_linear=0
shrinkage=0.05


Tree=140
num_leaves=5
num_cat=0
split_feature=2 24 13 29
split_gain=0.626202 1.03855 1.05598 0.960155
threshold=1.5300475663855233 0.0039182111358718767 0.28908610967602094 -0.067006357168488226
decision_type=2 2 2 2
left_child=1 2 -1 -3
right_child=-2 3 -4 -5
leaf_value=0.0045232576346441985 -0.0082762583733447838 -0.005132885980431396 -0.01007988698928111 0.011803879253705931
leaf_weight=15.190502867102625 8.8482638034038228 5.0242910829256315 16.374026266450528 21.039364286363707
leaf_count=989 398 163 507 875
internal_value=-0.000243607 0.00203115 -0.00365466 0.00802101
internal_weight=66.4764 57.6282 31.5645 26.0637
internal_count=2932 2534 1496 1038
is_linear=0
shrinkage=0.05


Tree=141
num_leaves=6
num_cat=0
split_feature=53 53 6 31 13
split_gain=0.618811 1.42419 1.75615 1.48142 1.259
threshold=-0.099380535169585518 -0.031234254582038306 3.4375470671910766 4.0909873963289654 0.31249999999996753
decision_type=2 2 2 2 2
left_child=4 3 -3 -2 -1
right_child=1 2 -4 -5 -6
leaf_value=0.01489673298731232 0.005343314916311198 0.0085935595175443691 -0.011051966858994795 -0.017170427709367799 -0.0055057495850027796
leaf_weight=6.652059206273405 5.0764113865443532 28.012909893397591 6.674870195274706 13.339448849437757 6.6304899684037082
leaf_count=294 239 1159 468 572 200
internal_value=-0.000279059 -0.00281781 0.00318602 -0.011268 0.00672169
internal_weight=66.3862 53.1036 34.6878 18.4159 13.2825
internal_count=2932 2438 1627 811 494
is_linear=0
shrinkage=0.05


Tree=142
num_leaves=5
num_cat=0
split_feature=50 41 58 8
split_gain=0.605765 0.630778 0.946057 0.307001
threshold=-0.068869838819903231 -0.030276776779673026 5.2486500000000005 1.3854374759858405
decision_type=2 2 2 2
left_child=3 -2 -3 -1
right_child=1 2 -4 -5
leaf_value=0.00095709224529008121 0.010094090912025669 0.0044483928021865071 -0.0078167898277239269 -0.01073166323985157
leaf_weight=6.1539458634797466 8.3541820112732221 27.934582644666079 16.945774152685772 6.9208987082820386
leaf_count=169 329 1165 899 370
internal_value=-0.000298015 0.00226755 -0.000763142 -0.00719955
internal_weight=66.3094 53.2345 44.8804 13.0748
internal_count=2932 2393 2064 539
is_linear=0
shrinkage=0.05


Tree=143
num_leaves=5
num_cat=0
split_feature=21 31 46 3
split_gain=0.604186 1.0143 1.32571 1.31517
threshold=-0.48107059055382945 4.4108976998472622 -0.24978800113913627 1.6723982464150611
decision_type=2 2 2 2
left_child=-1 2 -2 -3
right_child=1 3 -4 -5
leaf_value=-0.0082257794237733921 0.0076980939276510042 0.015950153268550427 -0.010770720515544729 -0.00098966715108261111
leaf_weight=8.6954897040268389 6.5130969539750394 10.584513997193424 17.086689193543862 23.409013547585346
leaf_count=598 318 364 769 883
internal_value=-0.000303405 0.00193271 -0.00489955 0.0067115
internal_weight=66.2888 57.5933 23.5998 33.9935
internal_count=2932 2334 1087 1247
is_linear=0
shrinkage=0.05


Tree=144
num_leaves=6
num_cat=0
split_feature=48 55 13 4 10
split_gain=0.601498 0.818663 1.03425 0.398333 0.221692
threshold=0.045110358640837671 0.06125051034449485 0.30868776138246129 28.402306955074931 0.73714991889374015
decision_type=2 2 2 2 2
left_child=1 2 -1 -3 -2
right_child=4 3 -4 -5 -6
leaf_value=0.0022121880160142003 -0.00067317329162866631 0.010875384811401385 -0.010987960069063364 -0.0021728718258044932 0.01009920857792251
leaf_weight=21.498812582954997 5.1594713476952148 5.0235336909536255 23.694643299852032 5.0325396183761768 5.8284956710413098
leaf_count=1473 131 116 735 267 210
internal_value=-0.00026471 -0.0026028 -0.00544547 0.00651787 0.00713029
internal_weight=66.2375 55.2495 45.1935 10.0561 10.988
internal_count=2932 2591 2208 383 341
is_linear=0
shrinkage=0.05


Tree=145
num_leaves=6
num_cat=0
split_feature=41 21 8 3 28
split_gain=0.599716 1.1006 1.29315 0.896037 0.693246
threshold=0.14653866403355612 -0.19522075140723968 1.0561651871682933 1.757170599712367 -0.40561123374261926
decision_type=2 2 2 2 2
left_child=1 3 -3 -1 -2
right_child=4 2 -4 -5 -6
leaf_value=0.0053433301125905795 0.002886852075163324 -0.0060206182038090097 0.011153208910529575 -0.011212250790502878 -0.013108457694533296
leaf_weight=5.5516971342731294 6.6310306114610285 8.1312903740908933 27.733115548486239 12.052644427225458 6.0255189090967161
leaf_count=238 142 342 1333 733 144
internal_value=-0.000190957 0.00232432 0.00679577 -0.00594696 -0.00715283
internal_weight=66.1253 53.4687 35.8644 17.6043 12.6565
internal_count=2932 2646 1675 971 286
is_linear=0
shrinkage=0.05


Tree=146
num_leaves=7
num_cat=0
split_feature=9 32 6 57 25 41
split_gain=0.604657 1.1476 1.28279 0.926876 0.925264 0.899611
threshold=0.013369467835291414 1.1004456656454613 -0.19029153063305757 -43.60105267783964 0.0077469479261852566 0.030420873276021814
decision_type=2 2 2 2 2 2
left_child=1 5 -3 -2 -5 -1
right_child=3 2 -4 4 -6 -7
leaf_value=0.011732444815957924 -0.0065322583816950375 0.0054653277078245723 -0.01403255385457247 -0.0012073052934951853 0.015944196681173205 -0.0047076420841222618
leaf_weight=8.1502841889887332 5.6081932535162222 5.7195954829221618 18.798439743579365 11.343721762241332 8.652721817197742 7.7885123080341137
leaf_count=464 307 180 729 520 380 352
internal_value=-0.000254007 -0.00374573 -0.00921845 0.0047656 0.00905555 0.00498116
internal_weight=66.0615 40.4568 24.518 25.6046 19.9964 15.9388
internal_count=2932 1725 909 1207 900 816
is_linear=0
shrinkage=0.05


Tree=147
num_leaves=6
num_cat=0
split_feature=35 30 7 54 37
split_gain=0.600225 1.65376 1.53053 1.17344 0.976633
threshold=-0.0033332979874127686 0.7363425588905762 0.23178794246151077 -0.035247818403490956 0.025509351107124222
decision_type=2 2 2 2 2
left_child=1 -1 3 -2 -3
right_child=2 4 -4 -5 -6
leaf_value=-0.0093427843799832062 0.0044226972314911446 0.014329368003517926 0.0088604431493541809 -0.013612317713098208 -0.0038518291067543781
leaf_weight=7.1194925014860955 7.1091057622106772 17.281187218090057 8.0992629753018246 21.091903870343231 5.2784624721389255
leaf_count=462 329 577 352 1037 175
internal_value=-0.000198324 0.00433801 -0.00404311 -0.00909831 0.0101989
internal_weight=65.9794 29.6791 36.3003 28.201 22.5596
internal_count=2932 1214 1718 1366 752
is_linear=0
shrinkage=0.05


Tree=148
num_leaves=6
num_cat=0
split_feature=8 59 13 27 37
split_gain=0.589787 1.26296 1.16599 0.778035 0.336126
threshold=1.808337220028273 1.0737999999999999 0.48625503742083642 -0.030234185529879443 0.011911177949067618
decision_type=2 2 2 2 2
left_child=2 4 3 -1 -2
right_child=1 -3 -4 -5 -6
leaf_value=-0.0035262421329029501 -0.014583471029648588 0.0058903767247204504 -0.0080200348847129493 0.010925197905200579 -0.00069784260109041697
leaf_weight=7.3356960751698379 9.746629299654165 9.9881249849568103 7.8586640460416666 24.091211638704408 6.9425805375794871
leaf_count=286 511 416 251 1177 291
internal_value=-0.000183824 -0.00496383 0.00341066 0.007515 -0.0112329
internal_weight=65.9629 26.6773 39.2856 31.4269 16.6892
internal_count=2932 1218 1714 1463 802
is_linear=0
shrinkage=0.05


Tree=149
num_leaves=5
num_cat=0
split_feature=53 28 3 13
split_gain=0.584224 1.35753 1.5028 1.17079
threshold=-0.099380535169585518 -0.68343655808770842 13.031384626023733 0.31249999999996753
decision_type=2 2 2 2
left_child=3 -2 -3 -1
right_child=1 2 -4 -5
leaf_value=0.014428529776146179 -0.013760675790695828 0.0059865516413015931 -0.011901708705673156 -0.005293807841634867
leaf_weight=6.63585849967785 9.4444774364819732 37.501515588024631 5.7500085176870916 6.5631372632924467
leaf_count=294 320 1733 385 200
internal_value=-0.000241149 -0.00272188 0.00182001 0.00656705
internal_weight=65.895 52.696 43.2515 13.199
internal_count=2932 2438 2118 494
is_linear=0
shrinkage=0.05


Tree=150
num_leaves=6
num_cat=0
split_feature=48 55 3 4 10
split_gain=0.590759 0.76771 1.02264 0.382088 0.204831
threshold=0.045110358640837671 0.06125051034449485 5.4955427771605034 28.402306955074931 0.73714991889374015
decision_type=2 2 2 2 2
left_child=1 2 -1 -3 -2
right_child=4 3 -4 -5 -6
leaf_value=-0.0094247658698416639 -0.00058394356096886973 0.010509831183258872 0.0043104271724654459 -0.0022033912968564442 0.0098889888946566678
leaf_weight=31.829218638245948 5.1307601575972495 5.0345330735435692 13.020403699309098 5.0158885835553519 5.797756654326804
leaf_count=1438 131 116 770 267 210
internal_value=-0.000299227 -0.00262062 -0.00537839 0.00623052 0.00704246
internal_weight=65.8286 54.9 44.8496 10.0504 10.9285
internal_count=2932 2591 2208 383 341
is_linear=0
shrinkage=0.05


Tree=151
num_leaves=6
num_cat=0
split_feature=41 21 8 3 28
split_gain=0.58011 0.989025 1.19733 0.852895 0.669602
threshold=0.14653866403355612 -0.19522075140723968 1.0561651871682933 1.757170599712367 -0.40561123374261926
decision_type=2 2 2 2 2
left_child=1 3 -3 -1 -2
right_child=4 2 -4 -5 -6
leaf_value=0.0053297767960113858 0.0028307208532657858 -0.005828022422736702 0.01070955218058893 -0.01079343340399125 -0.012911479625218403
leaf_weight=5.5267210039310184 6.6105836546048522 8.0851704897358996 27.654021668058704 11.912354608997701 5.9898307058028859
leaf_count=238 142 342 1333 733 144
internal_value=-0.000202314 0.00228087 0.00651207 -0.00560353 -0.0070544
internal_weight=65.7787 53.1783 35.7392 17.4391 12.6004
internal_count=2932 2646 1675 971 286
is_linear=0
shrinkage=0.05


Tree=152
num_leaves=6
num_cat=0
split_feature=2 58 37 48 50
split_gain=0.580563 1.24062 1.27401 0.992873 0.795608
threshold=1.3816990884883458 -4.1573499999999992 -0.0045576977778363148 -0.022100260938018059 0.02773084808445744
decision_type=2 2 2 2 2
left_child=1 4 -3 -2 -1
right_child=3 2 -4 -5 -6
leaf_value=-0.0013482223457969562 0.0042449260429688459 0.0090430827003793231 -0.0084460291354906784 -0.014241615671858901 0.014652208080529458
leaf_weight=9.5596283686463739 6.7248507916810922 5.5669941431842771 25.293791504358524 6.3489681246574019 12.222214259789324
leaf_count=284 317 293 1131 275 632
internal_value=-0.000263152 0.00226547 -0.00385012 -0.00701401 0.00941524
internal_weight=65.7164 52.6426 30.8608 13.0738 21.7818
internal_count=2932 2340 1424 592 916
is_linear=0
shrinkage=0.05


Tree=153
num_leaves=6
num_cat=0
split_feature=48 36 53 7 10
split_gain=0.576849 0.734868 1.00598 0.891385 0.190778
threshold=0.045110358640837671 0.05633616878864204 0.0091630456502539617 0.074887474178391547 0.73714991889374015
decision_type=2 2 2 2 2
left_child=1 2 -1 -3 -2
right_child=4 3 -4 -5 -6
leaf_value=-0.0043905816753674314 -0.00048415604885317022 0.0021444437031053931 0.0088880048510306554 -0.01560375263917688 0.0097635289493680499
leaf_weight=23.989205996331293 5.1106870986986888 8.2797472129459475 14.881363655440508 7.6202794437122057 5.7874401566805318
leaf_count=1367 131 247 750 227 210
internal_value=-0.000224718 -0.00252938 0.00147151 -0.00910202 0.00702576
internal_weight=65.6687 54.7706 38.8706 15.9 10.8981
internal_count=2932 2591 2117 474 341
is_linear=0
shrinkage=0.05


Tree=154
num_leaves=5
num_cat=0
split_feature=53 37 58 13
split_gain=0.582093 1.28133 1.33235 1.11443
threshold=-0.099380535169585518 0.030367191084807874 7.8098000000000019 0.31249999999996753
decision_type=2 2 2 2
left_child=3 2 -2 -1
right_child=1 -3 -4 -5
leaf_value=0.014223690310039686 0.0060475110402397692 -0.015226865826726594 -0.0088720819399705584 -0.0050884277275655239
leaf_weight=6.6230691012460721 34.332063861031202 5.4390335401985785 12.707436378987039 6.5096973276231438
leaf_count=294 1471 221 746 200
internal_value=-0.000211856 -0.00269615 0.00116825 0.00658948
internal_weight=65.6113 52.4785 47.0395 13.1328
internal_count=2932 2438 2217 494
is_linear=0
shrinkage=0.05


Tree=155
num_leaves=6
num_cat=0
split_feature=8 22 7 13 44
split_gain=0.569727 1.19661 1.23771 1.07705 0.746979
threshold=1.808337220028273 -0.052775399524343437 0.031417006272955454 0.48625503742083642 0.7488276102203445
decision_type=2 2 2 2 2
left_child=3 -2 -3 4 -1
right_child=1 2 -4 -5 -6
leaf_value=-0.0027958316528681765 -0.014060357843546737 0.010247920640651362 -0.0080857143259695976 -0.0077306180409964682 0.011002248079665752
leaf_weight=9.2421538678463566 8.5343271879246476 11.090166825801136 6.9014807684579855 7.7666934689041218 22.045877544253017
leaf_count=204 453 541 224 251 1259
internal_value=-0.000260624 -0.00495892 0.00283905 0.00329084 0.00723645
internal_weight=65.5807 26.526 17.9916 39.0547 31.288
internal_count=2932 1218 765 1714 1463
is_linear=0
shrinkage=0.05


Tree=156
num_leaves=7
num_cat=0
split_feature=9 32 6 29 7 41
split_gain=0.572545 1.06611 1.20402 0.899358 0.997782 0.865793
threshold=0.013369467835291414 1.1004456656454613 -0.19029153063305757 0.050657343300919956 -0.0088978200757293194 0.030420873276021814
decision_type=2 2 2 2 2 2
left_child=1 5 -3 4 -2 -1
right_child=3 2 -4 -5 -6 -7
leaf_value=0.011382006827468419 -0.0039114334555142025 0.0052578167067092348 -0.013701004996366332 -0.0064955991632683723 0.013968779203617776 -0.0047388298981462657
leaf_weight=8.0971817265090049 6.3527978370548288 5.6873118599178296 18.555850674805697 5.6172867644927456 13.454701658338307 7.7052084630704476
leaf_count=464 265 180 729 233 709 352
internal_value=-0.000324042 -0.00373025 -0.00901677 0.00457948 0.00884578 0.00473136
internal_weight=65.4703 40.0456 24.2432 25.4248 19.8075 15.8024
internal_count=2932 1725 909 1207 974 816
is_linear=0
shrinkage=0.05


Tree=157
num_leaves=6
num_cat=0
split_feature=48 55 3 3 27
split_gain=0.581011 0.729843 0.976716 0.254195 0.188411
threshold=0.045110358640837671 0.06125051034449485 5.4955427771605034 2.6072740907546348 -0.014901903492281886
decision_type=2 2 2 2 2
left_child=1 2 -1 -3 -2
right_child=4 3 -4 -5 -6
leaf_value=-0.0092645863911644515 -0.00023041495247824457 0.0094363241505259279 0.0041998332287444982 -0.0013839719280267762 0.0099664592142286144
leaf_weight=31.604646416089963 5.8568726674420759 5.0106236370047537 12.92326664617576 5.0077172088786028 5.0057939072139543
leaf_count=1438 141 162 770 221 200
internal_value=-0.000297049 -0.00260745 -0.00530326 0.00603821 0.0069934
internal_weight=65.4089 54.5463 44.5279 10.0183 10.8627
internal_count=2932 2591 2208 383 341
is_linear=0
shrinkage=0.05


Tree=158
num_leaves=6
num_cat=0
split_feature=53 53 6 31 13
split_gain=0.558105 1.27848 1.57629 1.38043 1.05835
threshold=-0.099380535169585518 -0.031234254582038306 3.4375470671910766 4.0909873963289654 0.31249999999996753
decision_type=2 2 2 2 2
left_child=4 3 -3 -2 -1
right_child=1 2 -4 -5 -6
leaf_value=0.013893006933590822 0.0052847747093966065 0.0082126394510159285 -0.010491950211971787 -0.016447457606427445 -0.0049527568250355009
leaf_weight=6.6155994439031911 5.0039638021262389 27.670996454486158 6.5213310686522155 13.075979495362843 6.4695531438919716
leaf_count=294 239 1159 468 572 200
internal_value=-0.00019826 -0.00263699 0.0030783 -0.0106926 0.0064661
internal_weight=65.3574 52.2723 34.1923 18.0799 13.0852
internal_count=2932 2438 1627 811 494
is_linear=0
shrinkage=0.05


Tree=159
num_leaves=6
num_cat=0
split_feature=36 40 21 9 40
split_gain=0.557605 1.02539 1.10907 0.797949 0.608505
threshold=-0.034805862375457651 0.66995561188226482 -0.48107059055382945 0.001553398292590754 0.50000000000001188
decision_type=2 2 2 2 2
left_child=4 2 -2 -3 -1
right_child=1 3 -4 -5 -6
leaf_value=-0.012134651868055389 -0.0074582070331732286 -0.01382962741013951 0.0090268927297245168 0.0030648071347473419 0.0031190734648684141
leaf_weight=6.7392882141284627 5.0020708653610191 5.3662075936590536 35.389113641344011 7.4546165411011316 5.3323544578743167
leaf_count=504 316 232 1189 278 413
internal_value=-0.000218938 0.00219611 0.00591044 -0.00696793 -0.0070363
internal_weight=65.2837 53.212 40.3912 12.8208 12.0716
internal_count=2932 2015 1505 510 917
is_linear=0
shrinkage=0.05


end of trees

feature_importances:
path_event_pressure=57
event_activity=45
distance_to_source=43
path_60_pressure=40
trigger_strength=35
event_flow=35
overlap_width=35
x_premium=32
path_event_area_price_activity=30
path_60_progress=28
penetration=27
noise_to_risk=27
x_spot_flow_60=24
path_60_close_location=22
higher_strength=21
x_relative_move_15=19
path_60_area_price_pressure=17
path_60_variation=16
path_event_area_time_activity=15
path_60_activity=14
path_15_excursion=13
path_60_area_time_activity=13
path_60_excursion=12
path_15_area_time_price=11
x_oi_change_60=10
x_premium_change=10
path_15_close_location=9
path_event_area_time_price=8
peer_flow_now=7
path_15_variation=7
path_15_area_time_activity=7
risk_bps=6
path_60_area_time_pressure=6
x_relative_move_60=6
x_oi_change_15=6
path_15_progress=5
path_15_area_time_pressure=5
elapsed_auction=4
path_15_area_pressure_activity=4
path_60_area_price_activity=4
path_event_area_time_pressure=4
path_60_area_time_price=3
path_event_close_location=3
path_event_progress=2
path_event_excursion=2
cost_r=1
path_15_pressure=1
path_15_area_price_pressure=1
path_event_activity=1
path_event_area_price_pressure=1

parameters:
[boosting: gbdt]
[objective: binary]
[metric: binary_logloss]
[tree_learner: serial]
[device_type: cpu]
[data_sample_strategy: bagging]
[data: ]
[valid: ]
[num_iterations: 160]
[learning_rate: 0.05]
[num_leaves: 7]
[num_threads: 2]
[seed: 31]
[deterministic: 1]
[force_col_wise: 1]
[force_row_wise: 0]
[histogram_pool_size: -1]
[max_depth: 3]
[min_data_in_leaf: 40]
[min_sum_hessian_in_leaf: 5]
[bagging_fraction: 1]
[pos_bagging_fraction: 1]
[neg_bagging_fraction: 1]
[bagging_freq: 0]
[bagging_seed: 13240]
[bagging_by_query: 0]
[feature_fraction: 1]
[feature_fraction_bynode: 1]
[feature_fraction_seed: 27503]
[extra_trees: 0]
[extra_seed: 2453]
[early_stopping_round: 0]
[early_stopping_min_delta: 0]
[first_metric_only: 0]
[max_delta_step: 0]
[lambda_l1: 0]
[lambda_l2: 10]
[linear_lambda: 0]
[min_gain_to_split: 0]
[drop_rate: 0.1]
[max_drop: 50]
[skip_drop: 0.5]
[xgboost_dart_mode: 0]
[uniform_drop: 0]
[drop_seed: 17971]
[top_rate: 0.2]
[other_rate: 0.1]
[min_data_per_group: 100]
[max_cat_threshold: 32]
[cat_l2: 10]
[cat_smooth: 10]
[max_cat_to_onehot: 4]
[top_k: 20]
[monotone_constraints: ]
[monotone_constraints_method: basic]
[monotone_penalty: 0]
[feature_contri: ]
[forcedsplits_filename: ]
[refit_decay_rate: 0.9]
[cegb_tradeoff: 1]
[cegb_penalty_split: 0]
[cegb_penalty_feature_lazy: ]
[cegb_penalty_feature_coupled: ]
[path_smooth: 0]
[interaction_constraints: ]
[verbosity: -1]
[saved_feature_importance_type: 0]
[use_quantized_grad: 0]
[num_grad_quant_bins: 4]
[quant_train_renew_leaf: 0]
[stochastic_rounding: 1]
[linear_tree: 0]
[max_bin: 255]
[max_bin_by_feature: ]
[min_data_in_bin: 3]
[bin_construct_sample_cnt: 200000]
[data_random_seed: 139]
[is_enable_sparse: 1]
[enable_bundle: 1]
[use_missing: 1]
[zero_as_missing: 0]
[feature_pre_filter: 1]
[pre_partition: 0]
[two_round: 0]
[header: 0]
[label_column: ]
[weight_column: ]
[group_column: ]
[ignore_column: ]
[categorical_feature: ]
[forcedbins_filename: ]
[precise_float_parser: 0]
[parser_config_file: ]
[objective_seed: 927]
[num_class: 1]
[is_unbalance: 0]
[scale_pos_weight: 1]
[sigmoid: 1]
[boost_from_average: 1]
[reg_sqrt: 0]
[alpha: 0.9]
[fair_c: 1]
[poisson_max_delta_step: 0.7]
[tweedie_variance_power: 1.5]
[lambdarank_truncation_level: 30]
[lambdarank_norm: 1]
[label_gain: ]
[lambdarank_position_bias_regularization: 0]
[eval_at: ]
[multi_error_top_k: 1]
[auc_mu_weights: ]
[num_machines: 1]
[local_listen_port: 12400]
[time_out: 120]
[machine_list_filename: ]
[machines: ]
[gpu_platform_id: -1]
[gpu_device_id: -1]
[gpu_use_dp: 0]
[num_gpu: 1]

end of parameters

pandas_categorical:null
