plan_id,causal_event_id,symbol,side,observed_time_ns,interaction_time_ns,entry,stop,target,gross_rr,source_level,source_scale,source_id,target_kind,zone_low,zone_high,departure_high,departure_low,family,move_3,flow_3,efficiency_3,location_3,move_15,flow_15,efficiency_15,location_15,move_60,flow_60,efficiency_60,location_60,move_240,flow_240,efficiency_240,location_240,context_scale,context_age,source_strength,body,wick,activity,range_expansion,impact_residual,flow_change,basis,basis_change,basis_dislocation,market_5,market_15,market_60,relative_15,relative_60,context_15,context_60,channel_location,source_age,source_kind,event_age,penetration,event_flow,event_activity,return_depth,return_activity,origin_overlap,entry_distance,risk_range,risk_bps,cost_r,planned_rr,target_range,is_origin_return,acceptance,control_frame,attack_flow,attack_progress,attack_activity,response_progress,response_flow,response_activity,retracement_flow,retracement_efficiency,liquidity_origin_overlap,label_closed,label_net_r,label_win,label_hold,label_ambiguous,month,forecast,utility
ETHUSDT:5:1723766700000000000:-1:1723770600000000000:1,ETHUSDT:5:1723766700000000000:-1,ETHUSDT,1,1723770600000000000,1723768200000000000,2569.06,2564.68,2578.7,2.2009132420090487,2565.11,0.0,5:1723766700000000000:-1,OBSERVED_OPPOSING_STRUCTURE,2567.73,2569.2,2578.71,2565.91,CONTROL_REJECTION_RETURN,-0.2939832444782666,-0.14031814852117383,-1.0,-0.2956298200514469,-0.7159177456207515,-0.2663362245642261,-0.21678966789669318,-0.7342386032977889,-0.40517897943637965,-0.11317439481459803,-0.03183341311632136,-0.3766048502139948,4.4554455445544185,0.026019429752549006,0.07615799203270225,0.3137185395249875,0.0,0.0,1.3740340030911646,-0.18099547511316036,0.42081447963792806,0.6364940872036879,0.6311842440523103,0.003284478661499224,0.20960880131513532,-1.0897740275717105,-0.08448053667953204,-0.32751750332046076,-0.8625874125874173,-0.6934922519828424,-0.4066822066821749,-0.022425493637909133,0.001503227245795269,-1.0,-1.0,-0.11055669699634862,1.791759469228055,0.0,3.713572066704308,0.06397562833207453,-0.21025395361957863,2.03032762277632,0.7095588235294232,0.6118524516329279,0.0,0.601675552170569,0.6671744097486783,17.049037391108456,0.7032520547945029,2.2009132420090487,1.4683929931454367,1.0,0.0,0.0,-0.2102539536195787,-0.2239146991621916,0.8429955887808032,1.0662604722010574,-0.14206352329560523,0.7753248130331135,-0.25020255773907574,-0.7187500000001269,0.0,1723770840000000000,-0.9667097593023483,0,4.0,False,2024-08,0.177273372509404,-0.01990959456391788
XRPUSDT:5:1723758000000000000:1:1723771140000000000:1,XRPUSDT:5:1723758000000000000:1,XRPUSDT,1,1723771140000000000,1723760880000000000,0.558,0.5567,0.561,2.30769230769217,0.5582,0.0,5:1723758000000000000:1,OBSERVED_OPPOSING_STRUCTURE,0.5576,0.5582,0.5621,0.5582,CONTROL_ACCEPTANCE_RETURN,-0.45714285714282815,-0.3266443154356385,-1.0,-1.0,-1.2571428571429042,-0.2773183166423636,-0.6875000000000216,-1.0,-1.3714285714286114,-0.12812565234682502,-0.17391304347826017,-1.0,0.8571428571429296,-0.049966643312479624,0.02400000000000091,-0.09333333333332228,0.0,0.0,1.7000000000000333,-0.8,-0.2,1.2779244475516547,0.8323443107200992,-0.16281654348740798,0.029786795706460784,-3.5829451809388235,-1.7946762252885051,-2.172492604455195,-1.1420436817472537,-2.7282466367906926,-2.7708956926432764,1.4711037796477884,1.399467121214665,1.0,0.0,-1.9057471264368155,2.3608540011180215,0.0,5.147494476813453,0.9142857142857197,-0.07524328365010917,2.338085174719141,1.0512820512820455,1.1369774988830945,1.0,-0.11428571428570704,0.7428571428572226,23.297491039427936,0.5144769230768919,2.30769230769217,1.714285714285796,1.0,1.0,0.0,-0.07524328365010921,0.05714285714285352,1.0551045607971699,0.9714285714286367,-0.0016632498343525366,1.3298269903153221,-0.3266443154356385,-1.0,1.0,1723773780000000000,1.2609635882288843,1,44.0,False,2024-08,0.350253321722902,-0.006785533006394902
BTCUSDT:15:1723769100000000000:-1:1723771560000000000:1,BTCUSDT:15:1723769100000000000:-1,BTCUSDT,-1,1723771560000000000,1723768260000000000,57230.0,57372.0,57062.2,1.1816901408450908,57326.5,1.584962500721156,15:1723769100000000000:-1,OBSERVED_OPPOSING_STRUCTURE,57220.0,57330.0,57220.0,57062.1,CONTROL_ACCEPTANCE_RETURN,-0.30469644902635534,0.03190915397066,-1.0,-0.9418960244647887,0.9522718594883268,0.2729843512233357,0.29954359836656397,-0.10351626684193138,1.5677739595265503,0.21356636569069062,0.12203530880342751,0.36677352442013755,-2.470408552882766,-0.0056332105849023015,-0.04140270045434208,0.3063632532659122,3.584962500721156,1.2335316065674804,1.1315883829329545,-0.9263565891472387,0.07364341085276127,0.4203909720468687,0.4164386695531312,-0.12186548527776592,-0.17986712108108055,-0.0,0.017498455759934473,-0.4557824084902874,-0.7017699919813599,0.9928155263306937,1.4464160720829418,-0.04054366684236688,0.12135788744360854,1.0,1.0,1.216932879462331,1.1420974006078486,0.0,2.302585092994046,2.0190912562046583,0.3520190412749067,2.21212286229236,0.6350226928895633,0.4203909720468687,1.0,0.736922489499805,1.0843833524245836,24.81216145378298,0.4842338028169013,1.1816901408450908,1.281405116456678,1.0,1.0,0.0,0.3520190412749067,0.6636120656739287,0.96584923762187,0.40931653302785986,0.24099699948959222,1.249598237667874,-0.10895042224392483,-1.0,1.0,1723773360000000000,-0.9735639233717476,0,30.0,False,2024-08,0.4471687517388223,-0.009338724489256264
SOLUSDT:5:1723768500000000000:-1:1723771920000000000:1,SOLUSDT:5:1723768500000000000:-1,SOLUSDT,-1,1723771920000000000,1723770780000000000,141.446,142.10399999999998,140.683,1.1595744680851372,141.662,0.0,5:1723768500000000000:-1,OBSERVED_OPPOSING_STRUCTURE,141.244,141.519,141.244,140.673,CONTROL_ACCEPTANCE_RETURN,-0.6389658356417268,-0.4628223844282238,-0.5103244837758186,-0.8616144975288249,-0.024007386888282377,0.05605683022543038,-0.00549682875264483,-0.896932515337419,0.5614035087719197,0.039968285501752764,0.041214750542298964,0.19896373056995498,-2.05540166204981,0.002311209452276204,-0.03246885848478638,0.4982126899017021,0.0,0.0,1.784482758620689,-0.7867036011080324,0.019390581717465917,1.138542961096152,1.0163106239975876,-0.10356328443418295,-0.6529990231191869,-1.2699256837178652,-4.123119304410006,-1.2252634460616891,-0.23673862760214168,-0.11047575287745542,0.689244410177347,0.08646836598917304,-0.12784090140542737,1.0,1.0,-4.195874149348443,2.151762203259462,0.0,2.995732273553991,1.8264081255770634,0.18017351536754322,1.4525722646961698,0.7815975733063627,1.138542961096152,0.0,0.398891966759008,1.2151431209602415,46.51951981674894,0.25855623100304453,1.1595744680851372,1.4090489381347855,1.0,1.0,0.0,0.18017351536754322,0.9399815327792678,0.5036915756243098,1.1375807940904867,0.268138549872296,1.1947152490143909,-0.7342252140939883,-1.0,0.0,1723773660000000000,-0.9832067034907674,0,29.0,False,2024-08,0.7088101867009493,0.007353668058743252
SOLUSDT:15:1723770900000000000:1:1723776240000000000:1,SOLUSDT:15:1723770900000000000:1,SOLUSDT,1,1723776240000000000,1723775460000000000,142.779,141.935,144.037,1.4905213270142401,142.603,1.584962500721156,15:1723770900000000000:1,OBSERVED_OPPOSING_STRUCTURE,142.591,143.081,144.047,143.081,CONTROL_ACCEPTANCE_RETURN,-0.8974358974359132,-0.1313938741785481,-1.0,-0.8964285714285849,0.873767258382602,-0.05286485370636843,0.10802243355278954,-0.5419921875000062,2.4220907297830307,0.0452683693733451,0.13903985507246575,0.04505594194133655,-1.729783037475347,-0.011877500236511743,-0.02853053124695046,0.14301221166892453,0.0,0.0,1.7837338262476827,-0.7333333333333018,-0.07333333333339649,0.7858390604882727,0.789112477580909,-0.39582486619266344,0.1318505532296894,0.14007858408549012,-0.4183661473389222,0.8316638879734363,-0.9773175542406352,1.5296325254104586,3.974706802189247,-0.6558652670278565,-1.5526160724062161,0.0,-1.0,-0.44669056643427185,1.80280930541464,0.0,2.639057329615259,3.4615384615384186,0.1928712965270115,2.3972716763194715,0.8781163434903122,0.7952213085715836,1.0,0.3471400394477041,1.6646942800788673,59.11233444694207,0.20240331753554644,1.4905213270142401,2.4812623274161685,1.0,1.0,0.0,0.1928712965270115,1.1656804733727297,1.0981550226103673,1.4714003944772653,-0.049248447750936945,1.782732063355745,-0.1313938741785481,-0.9848812095032902,1.0,1723779540000000000,-0.9861259640524995,0,55.0,False,2024-08,0.41445756226012287,-0.004244389666207186
XRPUSDT:5:1723747500000000000:1:1723776240000000000:1,XRPUSDT:5:1723747500000000000:1,XRPUSDT,1,1723776240000000000,1723775520000000000,0.5646,0.5627,0.5665,1.0,0.5649,0.0,5:1723747500000000000:1,OBSERVED_OPPOSING_STRUCTURE,0.5638,0.5652,0.5666,0.5652,CONTROL_ACCEPTANCE_RETURN,-0.7000000000000333,0.2375440327217506,-0.4117647058823376,-1.0,1.1999999999999778,0.04963205039264876,0.17142857142856827,-0.21212121212122437,4.700000000000033,0.1759637904603324,0.25133689839572326,0.5,3.2999999999999665,0.0037633941687056157,0.05436573311367303,0.5454545454545465,0.0,0.0,6.583333333333372,-1.0,0.0,1.018193472880884,0.8347976976229936,-1.0204317922408863,0.7147242392782881,-0.7935962432736865,-2.197789148079554,0.01015488232485308,-0.9773175542406352,1.5296325254104586,3.974706802189247,-0.3296325254104808,0.7252931978107862,0.0,0.0,3.5924242424242117,4.547541073151455,0.0,2.5649493574615367,1.7000000000000333,0.4130484164533598,2.592433542000301,1.176470588235271,0.6988070299178886,1.0,-0.2999999999999667,1.900000000000011,33.65214311016672,0.35598947368420814,1.0,1.900000000000011,1.0,1.0,0.0,0.41304841645335966,2.800000000000022,1.244860377375769,0.1999999999999778,-0.14512111457454294,1.1606401883452009,0.2375440327217506,-0.4374999999999783,1.0,1723777440000000000,0.5499429399431678,1,20.0,False,2024-08,0.28429869996653195,-0.017147524267384435
ETHUSDT:60:1723762800000000000:1:1723776480000000000:1,ETHUSDT:60:1723762800000000000:1,ETHUSDT,1,1723776480000000000,1723775520000000000,2585.4,2569.66,2604.77,1.2306226175349173,2588.42,3.584962500721156,60:1723762800000000000:1,OBSERVED_OPPOSING_STRUCTURE,2580.79,2593.06,2604.78,2593.06,CONTROL_ACCEPTANCE_RETURN,-0.7236737925573506,-0.12613762918217808,-0.48054679284959034,-0.9038461538461339,-3.3048297703879195,-0.2748937529069002,-0.5569789164664999,-0.9650807507638504,3.5629453681709906,0.012786256847502864,0.17828843106180692,0.04058441558441572,0.8598574821853118,-0.04006835082389598,0.01436165992224157,0.18538938662991433,0.0,0.0,2.63460183227624,-0.9306759098786669,0.06932409012133314,0.6386678085557481,1.0163489691874816,-0.4640574062328372,-0.44634902404722554,-1.447664342455468,2.3313628279786336,-0.2533300551382855,-0.7639416062882814,-2.675615429197774,4.759186864738082,-0.6292143411901456,-1.1962414965670911,-1.0,-1.0,4.003306973400495,1.5114575040738967,0.0,2.833213344056216,3.2652414885193526,0.42529828024536787,3.331376559451151,1.1845965770171123,0.7307380050106638,1.0,-0.4782264449722812,2.4924782264449883,60.88032799566889,0.19650800508258912,1.2306226175349173,3.06730007917652,1.0,1.0,0.0,0.42529828024536775,3.9477434679335035,1.8555735709782528,0.20902612826605738,-0.10766349876762513,2.0957563701980484,-0.3042781585501011,-0.4508101851852016,1.0,1723788420000000000,0.9060371301981495,1,199.0,False,2024-08,0.3598104303998342,-0.009850174454064073
XRPUSDT:5:1723776000000000000:1:1723778400000000000:1,XRPUSDT:5:1723776000000000000:1,XRPUSDT,1,1723778400000000000,1723777440000000000,0.5657,0.5641,0.5683,1.6250000000000955,0.5666,0.0,5:1723776000000000000:1,OBSERVED_OPPOSING_STRUCTURE,0.5655,0.5658,0.5684,0.5658,CONTROL_ACCEPTANCE_RETURN,-0.8000000000000222,-0.08627628355879201,-1.0,-0.33333333333338266,-1.0,0.06479220036718296,-0.2,-0.6875000000000325,2.199999999999978,0.040930772089682266,0.10280373831775458,0.03571428571428137,4.900000000000011,0.01869590696807151,0.07716535433070837,0.49056603773584495,0.0,0.0,3.800000000000022,-0.5833333333333719,0.4166666666666281,1.0825511164307686,1.1079581510863274,-0.5146501381747908,-0.3486758470786619,-4.079650150916603,-3.560453122980478,-2.6944390358374672,-0.45167902970414175,-0.7458878391075155,2.4487099296325185,-0.25411216089248445,-0.24870992963254057,0.0,0.0,4.571969696969678,1.7578579175523736,0.0,2.833213344056216,1.0,0.24733967831601614,1.8548311107736764,1.5,1.0825511164307686,0.0,-0.9000000000000111,1.5999999999999335,28.283542513698688,0.4236750000000172,1.6250000000000955,2.6000000000000445,1.0,1.0,0.0,0.24733967831601628,1.3000000000000778,0.7314654532517155,-0.40000000000006664,-0.38792583134916886,1.6447671743776886,-0.30915412923845514,-1.0,0.0,1723780080000000000,-0.9757673456274663,0,28.0,False,2024-08,0.36609805293614933,-0.009344443542385662
SOLUSDT:5:1723781400000000000:1:1723783800000000000:1,SOLUSDT:5:1723781400000000000:1,SOLUSDT,1,1723783800000000000,1723782360000000000,141.878,141.507,142.29000000000002,1.1105121293802043,142.156,0.0,5:1723781400000000000:1,OBSERVED_OPPOSING_STRUCTURE,141.719,141.937,142.3,141.564,CONTROL_ACCEPTANCE_RETURN,-0.657446808510695,-0.2512019230769231,-1.0,-0.8882352941177832,-0.7212765957447401,-0.006426962880493914,-0.35646687697161844,-0.9138321995465899,-0.7170212765957836,0.06572515209177766,-0.05999643938045785,-0.15456674473071585,-0.8595744680851612,-0.0206845596462688,-0.013903228026706297,-0.34599728629580284,0.0,0.0,1.3538135593220717,-0.8802395209581939,0.10778443113755742,0.6873549162801283,0.7194460586985193,-0.21314692690002646,-0.30690551318396636,-1.5503875969002934,-1.5503875969002934,-0.8369491152144001,-0.17190636544936694,0.12775144124410145,0.7125570776256221,-0.8490280369888416,-1.4295783542214058,1.0,0.0,-0.8897608885217284,1.4350845252893227,0.0,3.2188758248682006,0.27872340425532033,0.21746462543806488,2.7732600731946806,2.9305555555556215,0.6873549162801283,0.0,-0.5914893617021717,0.7893617021276208,26.14922680048922,0.45830458221026615,1.1105121293802043,0.8765957446809267,1.0,1.0,1.584962500721156,0.21746462543806488,0.9127659574467546,0.6935052904903378,0.27234042553194604,0.11643511209346384,0.6070961995908246,-0.21858758789361052,-1.0,0.0,1723784340000000000,0.537460377962783,1,9.0,False,2024-08,0.5486783367675249,-0.004970678647634187
ETHUSDT:5:1723784700000000000:1:1723788300000000000:1,ETHUSDT:5:1723784700000000000:1,ETHUSDT,-1,1723788300000000000,1723785720000000000,2598.75,2603.01,2593.07,1.3333333333332267,2598.88,0.0,5:1723784700000000000:1,OBSERVED_OPPOSING_STRUCTURE,2598.4,2600.95,2601.04,2592.22,CONTROL_REJECTION_RETURN,-0.7920792079207992,0.0048901073492258204,-0.69204152249138,-0.9550898203592562,-0.18019801980195302,0.1832801886718414,-0.04360325826544796,-0.7343957503320124,-0.8118811881188012,0.008985308181029565,-0.06124887959366456,-0.3194555644515493,-6.683168316831743,-8.761821321207651e-05,-0.09822182125083784,-0.5823863636363629,0.0,0.0,2.6215686274510057,-0.8762886597937838,-0.020618556701009986,0.48660455956756854,0.8723202605649263,-0.4262836197526623,-0.38605981062140815,-0.0,-0.22304150217644647,-0.3232951531178189,-0.41815776671060856,-0.14164149043301252,-0.9128902316213471,-0.038556529368940495,0.10100904350254591,-0.0,-1.0,2.742135647802667,1.4816045409242156,0.0,3.784189633918261,0.8158415841584016,-0.005379487308495479,2.5956358662781582,0.980480480480465,0.48660455956756854,1.0,0.025742574257447585,0.8435643564356944,16.392496392497232,0.7326422535210891,1.3333333333332267,1.1247524752475024,1.0,0.0,1.584962500721156,-0.005379487308495393,-0.7089108910891009,0.6026792368268661,0.21782178217820178,-0.017736287293679983,0.9096215521862464,-0.18440180509146012,-1.0,1.0,1723788420000000000,-0.9659891200430942,0,2.0,False,2024-08,0.44203983691547327,-0.01078692119684124
BTCUSDT:60:1723777200000000000:1:1723791660000000000:1,BTCUSDT:60:1723777200000000000:1,BTCUSDT,1,1723791660000000000,1723790940000000000,58452.6,58348.0,58619.8,1.598470363288783,58494.9,3.584962500721156,60:1723777200000000000:1,OBSERVED_OPPOSING_STRUCTURE,58450.0,58495.0,58619.9,58495.0,CONTROL_ACCEPTANCE_RETURN,-0.49162011173186404,-0.2823959264174788,-0.7173913043478088,-0.9971988795518616,0.23091247672248882,0.020648344677943423,0.0694677871148323,-0.589548693586726,2.513035381750445,0.0806436825147232,0.16356584449426978,0.43793045523264884,3.2821229050278884,-0.0019462356734552798,0.0572212392253617,0.6080131208997113,0.0,0.0,2.7970717423133293,-0.5952380952380831,-0.40196078431377846,0.7364163223692852,0.8890723554651845,-0.35489247113430805,0.23509658002182943,-2.389465684010661,-2.01367224741289,-2.455483958750869,-0.3556816589603303,0.8376784605834837,2.756517690875315,-0.6067659838609949,-0.2434823091248699,1.0,1.0,0.4886052009456443,1.5720821258903315,0.0,2.5649493574615367,1.1638733705772655,0.3225160092466273,2.544281284565001,1.3384000000000233,0.597175599630225,1.0,-0.3938547486033737,0.9739292364990422,17.894841290207545,0.6699843212237186,1.598470363288783,1.5567970204841908,1.0,1.0,0.0,0.3225160092466273,1.5772811918063236,1.208009005206942,0.017690875232787985,-0.09857607659936098,1.1709106946385472,-0.3886578085884845,-0.814183123877946,1.0,1723792800000000000,-0.9676209129208295,0,19.0,False,2024-08,0.28588358008855275,-0.016087792090200788
SOLUSDT:5:1723789200000000000:1:1723791780000000000:1,SOLUSDT:5:1723789200000000000:1,SOLUSDT,1,1723791780000000000,1723789920000000000,144.009,143.263,144.767,1.0160857908847576,143.946,0.0,5:1723789200000000000:1,OBSERVED_OPPOSING_STRUCTURE,143.946,144.135,144.777,144.135,CONTROL_ACCEPTANCE_RETURN,-0.5139393939394434,-0.02238580824232185,-1.0,-0.8635170603675484,-1.3963636363637084,-0.078401725330239,-0.5217391304348095,-0.9345088161209506,2.5963636363636673,0.02795729537366548,0.17199293399710894,0.23960396039603205,2.1648484848484473,-0.00839837799410971,0.038275256097037615,0.5288343558282191,0.0,0.0,1.6315151515151785,-0.46842105263172695,-0.25789473684214304,0.6529313411809963,0.6661691330047596,-0.0942653135432231,0.03558816581342078,-1.5461482841472307,0.5367793930444176,-0.5794217317133056,-0.7725880676700515,-0.2180710351100828,3.5245189323402735,-1.1782926012536257,-0.9281552959766062,1.0,0.0,-0.010921106980600004,1.2237754316221157,0.0,3.4657359027997265,2.014545454545455,0.04268457859966277,2.931765631809629,0.9241877256317822,0.5958518855094125,1.0,0.15272727272724618,1.808484848484827,51.80231791068481,0.2310498659517485,1.0160857908847576,1.8375757575758065,1.0,1.0,1.584962500721156,0.04268457859966277,1.1660606060606777,0.7811802128650696,-0.04606060606061992,0.004162517041663846,0.8963732012530221,-0.1023096513568104,-1.0,1.0,1723795320000000000,0.6849729526576169,1,59.0,False,2024-08,0.44100753071009746,-0.008004335853745078
XRPUSDT:60:1723780800000000000:1:1723792500000000000:1,XRPUSDT:60:1723780800000000000:1,XRPUSDT,1,1723792500000000000,1723790940000000000,0.5675,0.5665,0.5690000000000001,1.5000000000000555,0.5684,3.584962500721156,60:1723780800000000000:1,OBSERVED_OPPOSING_STRUCTURE,0.5675,0.5683,0.5691,0.5683,CONTROL_ACCEPTANCE_RETURN,-1.1111111111110974,-0.5155389984756013,-1.0,-1.0,-1.3333333333332922,-0.25018312868124276,-0.3999999999999926,-1.0,1.1111111111110974,-0.09239793375795224,0.08333333333333719,-0.03225806451612445,0.5555555555556104,-0.05841802718615156,0.010060362173039362,0.648351648351638,0.0,0.0,2.5238095238095144,-0.8333333333331792,-0.16666666666682087,0.774876201230988,1.0232341524925486,-0.3259316189830098,-0.8059889146649981,-3.5229874933939698,-3.5229874933939698,-2.3572695428557364,-0.6701582867784186,-1.3561233924362308,1.1855214152700004,0.02279005910293863,-0.07441030415890304,0.0,0.0,-1.0,1.339377441332139,0.0,3.295836866004329,0.7777777777778052,0.07865522532322124,2.1950593234859146,2.2857142857142403,0.7390159981868067,0.0,-1.0,1.1111111111110974,17.621145374449355,0.6803999999999992,1.5000000000000555,1.6666666666667078,1.0,1.0,0.0,0.0786552253232213,1.555555555555487,0.9540129226177783,0.11111111111109741,-0.23454768552460195,0.9801469386772579,-0.181341405935482,-0.34615384615387407,0.0,1723792980000000000,-0.9673315775839337,0,8.0,False,2024-08,0.46529811349178457,-0.007959023495428942
XRPUSDT:5:1723800000000000000:1:1723802520000000000:1,XRPUSDT:5:1723800000000000000:1,XRPUSDT,1,1723802520000000000,1723799760000000000,0.5687,0.5683,0.5699,3.0000000000002776,0.5689,0.0,5:1723800000000000000:1,OBSERVED_OPPOSING_STRUCTURE,0.5684,0.5687,0.57,0.5684,CONTROL_ACCEPTANCE_RETURN,-0.24999999999998265,-0.046359936920212036,-0.5,-0.4285714285715192,-0.12499999999999133,0.011618028824736249,-0.03225806451612672,-0.733333333333353,1.3750000000000433,0.05280648104881755,0.0924369747899158,0.23529411764706842,3.8750000000001474,0.09062267407167146,0.06339468302658491,0.21739130434781773,1.584962500721156,1.4190841839428814,2.8750000000002776,-0.25,0.25,0.5744575884579054,0.7447860373536968,-0.09649346184252457,0.0051249785039858,0.0,0.5192984004553924,0.7561847653863187,-0.44633862733574775,0.14392010463703303,0.9700428859737951,-0.26892010463702437,0.40495711402624823,1.0,0.0,-0.34696969696972446,1.4816045409242156,0.0,3.258096538021482,1.0000000000000695,0.4990892063196744,1.325351489161481,1.1818181818181634,0.6066025349334062,0.0,-0.24999999999998265,0.4999999999999653,7.0335853701416555,1.7055000000001879,3.0000000000002776,1.5000000000000346,1.0,1.0,0.0,0.4990892063196744,1.1249999999999218,0.4399963756456428,0.6249999999999566,0.11282220705043144,0.7022698653415806,-0.15458713331231552,-0.7142857142857596,0.0,1723802700000000000,-0.950073322973998,0,3.0,False,2024-08,0.35740021053345433,-0.012630454774910703
XRPUSDT:5:1723800000000000000:1:1723803660000000000:1,XRPUSDT:5:1723800000000000000:1,XRPUSDT,-1,1723803660000000000,1723799760000000000,0.5687,0.5700999999999999,0.5672,1.0714285714285658,0.5689,0.0,5:1723800000000000000:1,OBSERVED_OPPOSING_STRUCTURE,0.5685,0.569,0.5692,0.5671,CONTROL_REJECTION_RETURN,-0.6249999999999566,-0.43850344668993446,-0.7142857142857143,-1.0,0.37499999999997397,0.011846336503516134,0.0697674418604543,-0.5999999999999335,-1.1250000000000606,-0.07131653229901243,-0.06666666666666776,-0.10344827586206096,-3.0000000000000693,-0.09258689177271766,-0.048582995951416255,-0.0,1.584962500721156,1.6863989535702286,2.8750000000002776,-0.8333333333333334,-0.16666666666666666,0.8564891140912568,0.9420432279764961,-0.21091191335533338,-0.7691003071624228,-0.0,-1.7599436818016567,-0.5529500657030189,-0.8842002598260291,0.4266662095447216,0.33813592768267137,-0.051666209544747654,-1.463135927682732,-1.0,-0.0,0.40454545454549684,1.4816045409242156,0.0,3.8066624897703196,1.3750000000000433,-0.1341588096000976,2.4355786609495516,0.8888888888888957,0.8564891140912568,1.0,0.24999999999998265,1.7500000000000173,24.617548795497747,0.4880571428571578,1.0714285714285658,1.8750000000000087,1.0,0.0,1.584962500721156,-0.1341588096000976,-1.1249999999999218,0.5275815169687272,1.375000000000182,-0.05758304254655658,0.6973395939553968,-0.7471926234865529,-1.0,1.0,1723806240000000000,0.48845568534914857,1,43.0,False,2024-08,0.5396300959107164,-0.00617231833139931
BTCUSDT:15:1723793400000000000:-1:1723804080000000000:1,BTCUSDT:15:1723793400000000000:-1,BTCUSDT,1,1723804080000000000,1723799460000000000,58300.0,58227.5,58528.200000000004,3.147586206896612,58279.3,1.584962500721156,15:1723793400000000000:-1,OBSERVED_OPPOSING_STRUCTURE,58285.4,58304.4,58656.2,58227.6,CONTROL_REJECTION_RETURN,-0.7882882882882948,-0.39730535279805357,-1.0,-1.0,-0.5630630630630676,-0.08148725815514497,-0.13631406761178186,-1.0,-1.7984234234234053,-0.021621490417648277,-0.11139010950686966,-1.0,0.9369369369369118,-0.006285614278436451,0.013955048641395016,-0.6213017751479373,3.584962500721156,1.496642418288756,1.5838177168100427,-0.6980000000000292,-0.3019999999999709,0.6387616651560303,0.8151195813716057,-0.13254812422482587,-0.004116754038796022,-1.538486917749271,-0.42692948829747834,-1.5484087212038005,-0.6116444331849868,0.12298183652874338,-1.222143559728162,-0.686044899591811,-0.5762798636952433,-1.0,1.0,-0.3246601365389954,2.0455399900041544,0.0,4.356708826689592,0.5822072072072612,-0.09514870744381629,2.467585670011413,0.9450782700981761,0.6422087718845437,0.0,0.23310810810807725,0.8164414414414481,12.435677530017152,0.9643655172413793,3.147586206896612,2.56981981981989,1.0,0.0,0.0,-0.09514870744381633,-0.4684684684684559,1.1501882826122445,1.2950450450450557,0.4697754059702325,1.677157093748539,-0.07324400625002077,-0.03917400546614524,0.0,1723806720000000000,-0.9606736322611401,0,44.0,False,2024-08,0.30095723986627376,-0.010435812312925622
ETHUSDT:15:1723796100000000000:1:1723807320000000000:1,ETHUSDT:15:1723796100000000000:1,ETHUSDT,-1,1723807320000000000,1723802160000000000,2621.1,2625.5,2611.86,2.099999999999907,2625.37,1.584962500721156,15:1723796100000000000:1,OBSERVED_OPPOSING_STRUCTURE,2620.91,2625.0,2625.25,2608.32,CONTROL_REJECTION_RETURN,-1.5176589303733092,-0.39289174352109674,-0.9740932642487276,-0.7627856365614496,-1.1180625630675662,-0.14347668269193953,-0.2817904374364063,-0.842826243691398,-1.1120080726538026,0.03374643734240865,-0.10016360661697651,-0.842826243691398,-1.0958627648838883,-0.012644954638747584,-0.020108876791467334,-0.4886429819452569,0.0,0.0,1.5011944577161795,-0.824193548387081,0.17580645161291897,1.7188454793006822,1.5184770873708637,-0.8957421112768771,-0.31207577456154867,-0.03815206650603642,-4.703347794411394,-0.340782315019287,-1.7194583744475043,-1.2106115083602653,-1.0859680188156051,0.09254894529269908,-0.02604005383819752,-1.0,-1.0,-0.3559469449880408,2.0455399900041544,0.0,4.465908118654584,0.024217961654871265,-0.21893969427426097,2.925872300334764,0.7495601173020499,1.7188454793006822,0.0,0.8617558022199493,0.8879919273461057,16.786845217657056,0.7154454545454397,2.099999999999907,1.8647830474267393,1.0,0.0,1.584962500721156,-0.21893969427426105,-1.2431886982844929,0.7778095942650461,2.2966700302723106,0.17018531423258182,0.7081840276169618,-0.48895823615408623,-1.0,0.0,1723808580000000000,0.9148572362347045,1,21.0,False,2024-08,0.26016274037359016,-0.01549073292838488
BTCUSDT:15:1723796100000000000:1:1723807620000000000:1,BTCUSDT:15:1723796100000000000:1,BTCUSDT,-1,1723807620000000000,1723801980000000000,58485.9,58656.299999999996,58176.0,1.8186619718310566,58578.0,1.584962500721156,15:1723796100000000000:1,OBSERVED_OPPOSING_STRUCTURE,58466.0,58500.3,58466.0,58175.9,CONTROL_REJECTION_RETURN,0.833790455293459,0.3980230107938841,0.7739307535641777,0.6979166666666266,-2.6330224904003967,-0.008328401346632848,-0.5432322317790999,-0.38224147265837516,-1.6555128908392656,0.04796214439599193,-0.10302451013859766,-0.46191935864183487,-1.128908392759186,0.0033901753575393137,-0.017889740781307385,-0.29085987924215195,0.0,0.0,1.4500616522811345,0.6751467710371531,-0.07240704500979588,1.6362060255905633,1.2487008945046787,0.38044219768105586,0.5502752643215669,1.0472204061429125,1.2009976887950025,0.6616979933471471,0.450447218205861,-1.9132344791229956,-1.1165569538125029,-0.7197880112774011,-0.5389559370267627,-1.0,-1.0,0.07778052764440946,2.0193376176101303,0.0,4.553876891600541,0.857926494788764,-0.20113674542942697,2.5732893795814644,0.7709524993782669,1.5069704645573079,0.0,1.0104223806911363,1.869445968184218,29.13522746508033,0.4124725352112817,1.8186619718310566,3.3998902907295285,1.0,0.0,1.584962500721156,-0.20113674542942703,-0.6659352715304018,0.5918109145464431,2.6066922654963767,0.1011026662068944,0.6973385889509169,0.019323234508179344,-0.34707646176911566,0.0,1723810560000000000,1.0675050109536908,1,49.0,False,2024-08,0.3630261028616463,-0.007958034737177946
XRPUSDT:15:1723799700000000000:-1:1723809780000000000:1,XRPUSDT:15:1723799700000000000:-1,XRPUSDT,-1,1723809780000000000,1723075920000000000,0.5668,0.5683,0.5643,1.666666666666568,0.5666,1.584962500721156,15:1723799700000000000:-1,OBSERVED_OPPOSING_STRUCTURE,0.5666,0.5673,0.5677,0.5642,CONTROL_ACCEPTANCE_RETURN,-1.466666666666706,-0.32037438261474865,-1.0,-1.0,-1.3333333333333828,-0.08872512047474432,-0.1851851851851867,-1.0,1.6000000000000296,0.02674971286511364,0.07792207792207557,-0.29999999999996674,4.000000000000148,-0.036893708494085777,0.05976095617529764,0.10344827586207817,3.584962500721156,5.332960309991576,1.9411764705881778,-0.8749999999998785,-0.12500000000012143,0.7839402269236955,1.0145934326149368,-0.6551336430442896,-0.1891417773729928,-0.0,-4.17181842841452,-0.2956015906746883,-0.7771647992070916,-0.8348251581334138,0.6000716075903954,-0.49850817519996893,0.9999283924096343,-0.0,-1.0,1.7933884297522136,2.1671471220989416,0.0,3.970291913552122,1.3333333333333828,0.22470519406512846,3.1140957104756284,1.0833333333333257,0.7839402269236955,1.0,-0.26666666666664696,2.000000000000148,26.464361326747653,0.45403999999998274,1.666666666666568,3.3333333333333828,1.0,1.0,1.584962500721156,0.22470519406512857,2.000000000000148,0.8896198809109197,1.3333333333333828,0.04454145264785023,0.8436642131335081,-0.3210916535336967,-1.0,1.0,1723810440000000000,0.9148016927792612,1,11.0,False,2024-08,0.5049283110719668,-0.0014089540870008757
SOLUSDT:5:1723786500000000000:-1:1723810260000000000:1,SOLUSDT:5:1723786500000000000:-1,SOLUSDT,1,1723810260000000000,1723809180000000000,142.002,141.74,142.547,2.0801526717556738,142.233,0.0,5:1723786500000000000:-1,OBSERVED_OPPOSING_STRUCTURE,141.901,142.04,142.557,141.905,CONTROL_REJECTION_RETURN,-1.2218934911241794,-0.23148559795961346,-0.8805970149252935,-0.48793565683644136,0.09763313609471796,0.1522709322574199,0.019843656043304417,-0.46631439894318516,-2.6597633136094068,-0.01994488248206629,-0.1364809473204789,-0.7633802816901314,-8.144970414200948,-0.011543883003949961,-0.1206027949358204,-0.8336084516341962,0.0,0.0,1.7352941176470769,-0.6262230919765086,0.3737769080234914,1.0710683182440666,1.3153514509916338,-0.5651163256705487,-0.5322710466960391,-1.0447500656596276,-3.434152363703813,-0.37108304444744084,-1.0046049806783817,0.09171675969659238,-0.7587034813925726,0.005916376398125589,-1.9010598322168342,0.0,1.0,-1.680325203252024,4.338597076746545,0.0,2.9444389791664403,1.4289940828402146,-0.25048285852245294,2.6420135022827886,1.7129629629629817,1.0710683182440666,0.0,-0.6834319526626894,0.7751479289940657,18.450444359938622,0.6497908396946553,2.0801526717556738,1.612426035502883,1.0,0.0,0.0,-0.25048285852245294,-2.0798816568046927,1.2832338456751793,0.45857988165671304,0.08741077510884697,1.3744589403629528,-0.4581444018137426,-1.0,0.0,1723810320000000000,-0.9681927803489562,0,1.0,False,2024-08,0.2563278211794744,-0.015328618232464494
XRPUSDT:60:1723773600000000000:-1:1723812420000000000:1,XRPUSDT:60:1723773600000000000:-1,XRPUSDT,-1,1723812420000000000,1723075920000000000,0.5591,0.5607,0.5573,1.1250000000000606,0.5578,3.584962500721156,60:1723773600000000000:-1,OBSERVED_OPPOSING_STRUCTURE,0.5588,0.5592,0.5593,0.5565,CONTROL_ACCEPTANCE_RETURN,-2.1111111111110974,-0.20812019426801612,-1.0,-0.760000000000032,1.4444444444443896,-0.10882944287694751,0.17808219178081275,-0.2682926829268544,7.444444444444266,-0.02292696253776786,0.23024054982817171,0.5398230088495484,10.999999999999753,-0.008929596009751514,0.15160796324655085,0.6148148148148067,3.584962500721156,5.336495870122874,2.5238095238095144,-0.6363636363636731,0.18181818181816348,1.0152059641743796,0.8270440034826982,-0.5034554067628807,-0.1363307632218496,1.871586692427929,-3.5066850895726365,0.6008977110099092,-1.7240991593939392,1.0589474367203326,7.354393103817507,0.38549700772405693,0.09005134062675868,-0.0,-1.0,5.159553695955671,2.4595888418037104,0.0,1.791759469228055,1.4444444444443896,0.018924447937285246,2.8099115370020256,2.0000000000000853,1.0152059641743796,0.0,-1.444444444444513,1.7777777777776818,28.61742085494428,0.41992500000001715,1.1250000000000606,2.0,1.0,1.0,0.0,0.018924447937285323,2.0,1.4162632210537223,0.22222222222219482,-0.00896882601190818,0.9661456143157001,-0.21127407132410939,-1.0,0.0,1723812960000000000,0.581284374879183,1,9.0,False,2024-08,0.30195293710941545,-0.016041730019112348
ETHUSDT:5:1723774500000000000:-1:1723813260000000000:1,ETHUSDT:5:1723774500000000000:-1,ETHUSDT,1,1723813260000000000,1723812120000000000,2568.79,2559.49,2580.9799999999996,1.3107526881719744,2559.76,0.0,5:1723774500000000000:-1,OBSERVED_OPPOSING_STRUCTURE,2567.62,2569.69,2581.79,2566.44,CONTROL_REJECTION_RETURN,-1.9084435401831492,-0.38307974916677356,-1.0,-0.9591836734694239,-0.29298067141405193,0.07355623076276487,-0.037854889589907285,-0.9667170953101659,-8.996948118006221,-0.05501377369807156,-0.2780782291535696,-0.6715573625596628,-9.766022380468028,-0.04161109113409169,-0.13137008046417523,-0.7184421882103351,0.0,0.0,2.052256532066424,-0.8692810457516762,-0.05882352941178656,0.8913613904778269,0.838392954146268,-0.4185681323531888,-0.3095345635842224,-0.7785160705175986,1.1770564757418445,0.15682700462557328,-1.194744121715119,-1.1927752672456673,-8.994380701194304,0.8997945958316154,-0.0025674168119174112,-1.0,1.0,-5.743134177391856,4.839451481712757,0.0,2.995732273553991,0.05289928789424623,-0.07075829389913224,2.249002940452699,0.5901044030867068,0.8913613904778269,0.0,1.8372329603254958,1.8921668362157174,36.20381580432882,0.33085677419354187,1.3107526881719744,2.4801627670396114,1.0,0.0,0.0,-0.07075829389913225,-2.223804679552466,0.9916416413848562,2.1342828077314984,0.17657105213394106,0.6877805857943778,-0.39190411399511715,-1.0,0.0,1723813500000000000,0.8020044536315367,1,4.0,False,2024-08,0.38764899932489494,-0.009435274652730271
BTCUSDT:15:1723788900000000000:-1:1723813440000000000:1,BTCUSDT:15:1723788900000000000:-1,BTCUSDT,-1,1723813440000000000,1723812120000000000,57993.0,58295.1,57682.299999999996,1.0284673949023697,58024.6,1.584962500721156,15:1723788900000000000:-1,OBSERVED_OPPOSING_STRUCTURE,57980.9,58000.7,57980.9,57682.2,CONTROL_ACCEPTANCE_RETURN,-2.736009732360091,-0.25388454484904344,-0.9929359823399304,-0.9658265698419477,-1.6982968369829357,-0.020122484215295205,-0.18272251308899812,-0.9658265698419477,5.17883211678824,0.055906132285253464,0.14184798907067214,-0.00203252032520318,4.417274939172692,0.012176287586680606,0.0476565473612368,0.1472063656806759,1.584962500721156,3.76738251560188,1.7688149688150017,-0.908943089430918,-0.026016260162577964,0.5243578983569831,0.8886718395723103,-0.6320829714768851,-0.4348512299591101,0.6896908460785056,-0.4273395286857884,-0.04066878704510231,-1.7168049792530997,-0.9224749553424003,6.959390976643589,-0.7758218816405353,-1.7805588598553488,1.0,-1.0,1.5298472264944358,3.242592351485517,0.0,3.713572066704308,6.381995133819877,0.11408949650224434,3.4714775626197327,0.9077102803738364,0.5243578983569831,0.0,0.3844282238442611,3.6751824817517744,52.09249392167995,0.2309594836146982,1.0284673949023697,3.779805352798073,1.0,1.0,1.584962500721156,0.11408949650224445,4.806569343065633,1.1245888807604634,2.5012165450121255,0.03772430885407885,1.3478269081271477,-0.34618090673233376,-1.0,0.0,1723814160000000000,-0.9846446587564057,0,12.0,False,2024-08,0.37130813805486695,-0.011432726251485146
ETHUSDT:5:1723784100000000000:-1:1723814160000000000:1,ETHUSDT:5:1723784100000000000:-1,ETHUSDT,-1,1723814160000000000,1723811460000000000,2584.72,2592.9100000000003,2568.05,2.035409035408862,2585.51,0.0,5:1723784100000000000:-1,OBSERVED_OPPOSING_STRUCTURE,2580.99,2586.5,2580.99,2559.5,CONTROL_ACCEPTANCE_RETURN,-1.4303278688524974,-0.33196100470937245,-1.0,-0.7542120911793422,-3.2643442622951273,-0.21336062401933437,-0.41625293963938037,-0.861607142857117,3.7930327868853824,-0.0011078206583990766,0.10627547798128331,-0.1022727272727133,7.186475409836273,0.025229929424018957,0.09096096485540187,0.23564176390362535,0.0,0.0,2.563758389261764,-0.7104477611940139,0.08059701492543776,1.1572591328113195,0.8534668583933397,-0.3184655402741694,-0.4274152661157066,-0.15475803581077585,-1.1814631473738846,-0.3642216873924658,-1.8506056527590973,-3.557738896366133,3.4100065175231586,0.29339463407100563,0.3830262693622237,1.0,-1.0,-2.529946349428502,4.523960130562548,0.0,3.828641396489095,4.543032786885371,0.2905178780090796,2.6171588865514472,0.9696270665128638,0.5486913309813127,1.0,0.161885245901729,1.6782786885247352,31.686217462628484,0.3793135531135295,2.035409035408862,3.4159836065573814,1.0,1.0,0.0,0.29051787800907947,5.151639344262487,1.263943332956032,-0.8237704918032949,0.006552970505591429,1.3583211069857184,-0.07776830019735675,-0.11678681771368782,1.0,1723814220000000000,-0.9776312875755488,0,1.0,False,2024-08,0.24307414494262117,-0.014008392186407297
XRPUSDT:5:1723773300000000000:-1:1723814280000000000:1,XRPUSDT:5:1723773300000000000:-1,XRPUSDT,-1,1723814280000000000,1723075920000000000,0.5616,0.5649,0.5575,1.2424242424242515,0.5586,0.0,5:1723773300000000000:-1,OBSERVED_OPPOSING_STRUCTURE,0.56,0.5621,0.56,0.5556,CONTROL_ACCEPTANCE_RETURN,-3.6666666666665844,0.07155783984778795,-0.5593220338983089,-0.41176470588232994,-4.111111111111097,-0.007909282833004006,-0.3592233009708782,-0.5522388059701349,2.6666666666665844,0.016549359241909537,0.060606060606058734,-0.37931034482758097,7.777777777777682,0.016419378401241053,0.08599508599508511,0.16666666666666408,3.584962500721156,5.3389793482669266,4.099999999999989,0.8666666666666124,0.13333333333338762,1.167175834869346,0.865480179470412,0.8147020209195736,0.3007586643487205,5.0382366908396925,5.0382366908396925,1.8204079856540392,-6.140721537499699,-6.23403471773304,-1.466096957429476,2.122923606621943,4.132763624096061,-0.0,-1.0,2.896234309623665,4.861361591348501,0.0,3.7612001156935624,2.7777777777776818,0.011781897611481712,3.3763731166107354,2.0,1.1431312232137107,0.0,-3.333333333333292,3.6666666666665844,58.760683760683214,0.2048181818181837,1.2424242424242515,4.555555555555487,1.0,1.0,1.584962500721156,0.011781897611481655,4.666666666666708,1.059280842307459,2.1111111111110974,0.023054040723122466,1.2916377215795847,0.10729988003864242,-0.4583333333333372,0.0,1723815300000000000,-0.9860716767607465,0,17.0,False,2024-08,0.4382091360931758,-0.005364862060443499
SOLUSDT:5:1723812300000000000:-1:1723816080000000000:1,SOLUSDT:5:1723812300000000000:-1,SOLUSDT,1,1723816080000000000,1723813260000000000,140.494,138.699,142.559,1.150417827298057,138.738,0.0,5:1723812300000000000:-1,OBSERVED_OPPOSING_STRUCTURE,139.755,140.646,142.569,140.646,CONTROL_REJECTION_RETURN,-1.1286307053941345,-0.1955852520179881,-0.9189189189189138,-0.5446927374301422,-1.2863070539418946,-0.04434530166037796,-0.11047754811119177,-0.8543342269883727,3.358229598893434,0.008152028737807687,0.0803547789250727,-0.07512953367875475,-9.883817427385733,-0.02901424170695855,-0.09940186395882629,-0.36147379717403183,0.0,0.0,4.899441340782041,-0.5209059233449481,0.0888501742160541,0.5418219458280373,0.8541251961439789,-0.217667965292627,-0.28673202920720275,-5.5487579318780345,-6.53952258988677,-1.2880501181009023,-1.7961975835109807,-0.7703844107475053,3.5218012528524136,-0.5159226431943893,-0.16357165395897955,-1.0,1.0,2.5071628894110543,1.4350845252893227,0.0,3.8712010109078907,0.08022130013830106,-0.018269243065590753,2.578756420295257,0.5416340381101526,0.5418219458280373,0.0,4.857538035961184,4.965421853388533,100.0,0.09332356545961065,1.150417827298057,5.712309820193527,1.0,0.0,1.584962500721156,-0.018269243065590753,-2.0912863070539043,0.594458310523472,5.894882434301414,0.014240349476108848,0.8203817595966405,-0.27349452554744524,-1.0,0.0,1723818240000000000,-0.9928920582786784,0,36.0,False,2024-08,0.32811335524241236,-0.010884397557315977
XRPUSDT:5:1723813200000000000:1:1723816380000000000:1,XRPUSDT:5:1723813200000000000:1,XRPUSDT,1,1723816380000000000,1723814220000000000,0.5598,0.5563,0.5651,1.5142857142857604,0.56,0.0,5:1723813200000000000:1,OBSERVED_OPPOSING_STRUCTURE,0.5586,0.5617,0.5652,0.5617,CONTROL_ACCEPTANCE_RETURN,-2.099999999999989,-0.22639789325083454,-0.8399999999999396,-0.6363636363636731,-4.0,-0.10888559636223602,-0.5263157894736658,-0.7818181818182038,0.6999999999999222,-0.08938930158517525,0.020289855072461286,-0.12500000000000866,-10.0,-0.03961020400608446,-0.1103752759381883,-0.41666666666666796,1.584962500721156,1.5114575040738967,4.400000000000067,-0.777777777777796,0.22222222222220395,1.213658894617886,1.2951082352609151,-1.6171984438722165,-0.30613400912113803,3.917039256580157,2.742252871665851,2.390365769425611,-2.1393653776699337,-4.5197152375799305,0.9757746060163264,0.5197152375799305,-0.27577460601640413,-1.0,1.0,0.5843293492695971,1.4816045409242156,0.0,3.6109179126442243,3.099999999999989,0.05220572609106282,1.788840776625979,1.0384615384615556,0.5727945322044496,1.0,-0.20000000000008883,3.4999999999999445,62.5223294033574,0.1913314285714314,1.5142857142857604,5.300000000000078,1.0,1.0,0.0,0.052205726091062755,5.799999999999911,0.6913969874492701,-0.4999999999999445,-0.2087374808179106,0.7155257729953332,-0.17384475781103242,-0.6216216216215811,1.0,1723819920000000000,-0.9867523440236102,0,59.0,False,2024-08,0.45381846185184005,-0.0012697488320412668
XRPUSDT:15:1723814100000000000:-1:1723822980000000000:1,XRPUSDT:15:1723814100000000000:-1,XRPUSDT,-1,1723822980000000000,1723075920000000000,0.5573,0.5594,0.5531,2.0,0.5556,1.584962500721156,15:1723814100000000000:-1,OBSERVED_OPPOSING_STRUCTURE,0.5573,0.559,0.5592,0.553,CONTROL_ACCEPTANCE_RETURN,-0.5405405405405519,-0.07049040860273045,-1.0,-0.5384615384615778,-1.5675675675676064,0.028809432859109144,-0.37662337662339274,-0.8695652173913169,1.7837837837838033,0.09113461059988676,0.12741312741312663,0.011494252873562094,4.64864864864871,0.04608504420898429,0.07178631051752798,0.41891891891891997,3.584962500721156,5.350514419089797,5.052631578947362,-0.75,0.25,0.40683439183576864,0.3819346106979348,-0.10249921457907744,-0.08609581591766302,1.7940437746677418,3.5126058799916926,0.5148699953625457,-0.4175611600317216,-0.6481775395541244,1.931014364228298,-0.919390028013482,-0.14723058044449466,-0.0,-1.0,-0.0460658082976122,2.0193376176101303,0.0,3.9318256327243257,1.2432432432432514,0.10551828318241636,2.6829501842541674,1.6538461538461835,0.6628872218312872,0.0,-0.9189189189189563,1.135135135135153,37.68167952628729,0.3190571428571442,2.0,2.270270270270306,1.0,1.0,1.584962500721156,0.10551828318241635,2.054054054054109,0.6463415398990954,1.135135135135153,0.12910812505886776,0.5523582153977722,-0.07049040860273045,-1.0,0.0,1723825020000000000,-0.966035507387422,0,34.0,False,2024-08,0.39115444230414737,-0.0032540673431432406
BTCUSDT:5:1723820400000000000:-1:1723823160000000000:1,BTCUSDT:5:1723820400000000000:-1,BTCUSDT,-1,1723823160000000000,1723822020000000000,57999.5,58192.9,57601.4,2.0584281282316215,57820.0,0.0,5:1723820400000000000:-1,OBSERVED_OPPOSING_STRUCTURE,57983.8,58134.0,58153.9,57601.3,CONTROL_ACCEPTANCE_RETURN,-0.3645779388917693,-0.2682238904547949,-0.9643835616439517,-0.5213523131672402,-0.9487312273433196,-0.05544878822664483,-0.33863216266174123,-0.8734415431663065,1.3257379596064065,0.018594530011325917,0.10414971521562184,-0.19454027298634724,1.5613671672708265,0.003775328858657246,0.02301087578706346,0.29073482428115016,0.0,0.0,2.447623914154309,-0.3832752613240321,0.32055749128921585,0.614162935827405,0.5304107431049517,-0.12961525238496202,0.12386275026862353,0.9356615244304756,-1.6533307707289335,0.4605236358201491,-0.2401950933254456,-0.8670852775255921,1.8113690522167145,-0.08164594981772755,-0.485631092610308,-1.0,-1.0,0.997087957990198,1.8562979903656263,0.0,2.995732273553991,0.4981874676333299,0.16321393982293392,2.6793900725413344,1.8207590306355848,0.7369663198459753,0.0,-0.9295701708958983,1.00155359917141,33.34511504409546,0.3604728024819,2.0584281282316215,2.0616261004660488,1.0,1.0,1.584962500721156,0.1632139398229339,1.8736406007250068,0.6445240080239616,-0.41222164681514717,-0.17649712332876533,1.2458745035770693,-0.31517814998178734,-0.9986072423398531,0.0,1723824600000000000,-0.9796343857548013,0,24.0,False,2024-08,0.2927878497486608,-0.010270504756676688
ETHUSDT:15:1723816800000000000:-1:1723825380000000000:1,ETHUSDT:15:1723816800000000000:-1,ETHUSDT,-1,1723825380000000000,1723822020000000000,2584.86,2592.51,2572.23,1.6509803921568573,2565.12,1.584962500721156,15:1723816800000000000:-1,OBSERVED_OPPOSING_STRUCTURE,2580.65,2589.01,2589.76,2549.15,CONTROL_ACCEPTANCE_RETURN,-0.5219185146982959,-0.1535106970793817,-0.9133574007219428,-0.7955801104972917,-1.6864363073749373,-0.2073481035691617,-0.5228653661656666,-0.9145989613387437,-0.6384734399174931,-0.007188260502516038,-0.048469188004072655,-0.9593964334705194,0.6498194945848137,0.00565207394095944,0.009664948453607847,-0.022476735862565045,0.0,0.0,5.345238095238145,-0.7730870712401897,0.16358839050129204,0.2886988989081408,0.6434640798165795,-0.14694728094944795,-0.2055754539105362,2.862004950494601,2.696640188761812,1.0956605907844579,-0.3133515368473818,-1.1400326411971016,-0.4102980373503896,-0.5464036661778358,-0.22817540256710345,1.0,-1.0,-0.08337233723372295,1.916922612182061,0.0,4.04305126783455,0.7209902011345877,0.25440167489433385,2.8990719259471693,2.236067626800281,0.4933171667386138,0.0,-2.036101083032529,0.7890665291387459,29.595413291242426,0.40606823529411284,1.6509803921568573,1.302733367715337,1.0,1.0,1.584962500721156,0.2544016748943339,2.432181536874686,0.7625888565996964,0.137184115523506,0.1717090754157845,1.8508015844444812,-0.25113033624916986,-0.6317545030020467,0.0,1723825740000000000,-0.9765331115339435,0,6.0,False,2024-08,0.40084618776545905,-0.00687862305927193
XRPUSDT:5:1723823400000000000:1:1723825680000000000:1,XRPUSDT:5:1723823400000000000:1,XRPUSDT,-1,1723825680000000000,1723824660000000000,0.5581,0.5595,0.5565,1.1428571428572107,0.5583,0.0,5:1723823400000000000:1,OBSERVED_OPPOSING_STRUCTURE,0.5581,0.5587,0.5594,0.5564,CONTROL_REJECTION_RETURN,-0.46511627906977104,-0.3455512141028968,-1.0,-0.8333333333333488,-0.2790697674418833,-0.11598467460015482,-0.09090909090910008,-0.1333333333333555,-1.7209302325581683,-0.006084578311455372,-0.14176245210728225,-0.5937500000000075,2.046511627906972,0.041602966184920626,0.035889070146818254,0.1639344262295085,0.0,0.0,2.409090909090918,-0.6000000000000888,-0.0,0.48330295779484883,0.4722646526936304,0.09440009193616491,-0.1288184782198618,-0.6395320281282757,-4.950767575520043,-0.6634590393664749,-0.5717694858835227,-1.4038357541562192,-2.506799085817714,1.124765986714336,0.7858688532595455,1.0,-1.0,-0.7140767824497098,1.6486586255873816,0.0,2.8903717578961645,0.511627906976743,-0.026441715129295742,1.2822475787219159,0.8947368421052755,0.48330295779484883,1.0,0.09302325581394388,0.6511627906976588,25.085110195304726,0.4789714285714433,1.1428571428572107,0.7441860465116543,1.0,0.0,0.0,-0.026441715129295773,-0.18604651162788777,0.41933284470443877,0.511627906976743,0.020723362027690376,0.51430644678892,-0.38858154372288906,-1.0,1.0,1723825800000000000,-0.9737534248508094,0,2.0,False,2024-08,0.36830623099909165,-0.013293366288901256
ETHUSDT:5:1723819500000000000:1:1723826340000000000:1,ETHUSDT:5:1723819500000000000:1,ETHUSDT,1,1723826340000000000,1723825800000000000,2593.29,2578.35,2609.95,1.1151271753681253,2598.64,0.0,5:1723819500000000000:1,OBSERVED_OPPOSING_STRUCTURE,2588.0,2601.89,2609.96,2601.89,CONTROL_ACCEPTANCE_RETURN,-0.8820873055694968,-0.3971191539549916,-0.6328293736500905,-0.5384615384615251,0.7275464124435584,0.06071217646883382,0.15343915343915343,-0.3136327817178882,2.5087807325639946,0.08893591326022432,0.1828554710356955,0.37401426962072826,2.66633216256903,0.014234164276083157,0.04214717406132547,0.2638511095203988,0.0,0.0,2.732600732600745,-0.7289021657953682,0.27109783420463185,1.735642427648169,1.4838129023741575,-0.7460876686375131,-0.27205376514350477,-2.793522934394499,-2.2177867597383827,-0.9718178902390993,-1.144249086782596,0.2423499666099468,2.4830542130100417,0.48519644583361166,0.025726519553952887,-1.0,1.0,0.3757335733573308,3.091042453358316,0.0,2.302585092994046,1.1359759157049931,0.3222013583451418,2.221092851959826,1.4726148409893844,1.105110837499697,1.0,-0.5368790767686857,1.4992473657802485,57.610217137304566,0.20769638554216788,1.1151271753681253,1.6718514801806312,1.0,1.0,0.0,0.3222013583451417,1.5995985950828084,0.9720961262074992,0.043151028600084275,0.11346320018830526,1.1028055037090831,-0.3971191539549916,-0.6332853025936316,1.0,1723828560000000000,-0.985830848100995,0,37.0,False,2024-08,0.5263915277347516,-0.001992071657263032
ETHUSDT:5:1723821300000000000:1:1723827840000000000:1,ETHUSDT:5:1723821300000000000:1,ETHUSDT,1,1723827840000000000,1723825740000000000,2585.1,2562.5299999999997,2609.95,1.101019051838712,2592.5,0.0,5:1723821300000000000:1,OBSERVED_OPPOSING_STRUCTURE,2579.36,2585.29,2609.96,2585.29,CONTROL_ACCEPTANCE_RETURN,-0.4907175112895045,-0.08540135923708955,-1.0,-0.6056338028169675,-0.33718013045661366,0.08783494223680326,-0.10944625407166442,-0.8113772455090128,2.056196688409428,0.10375008672773453,0.1482312088548061,-0.09611992945326531,0.47867536377320835,0.006224779155968336,0.007774427512020172,0.02934860415174989,0.0,0.0,1.7019082001031571,-0.6566757493188723,0.34332425068112765,0.5902068593111742,0.6403988222727459,-0.18983709647177227,-0.07659076107790971,0.7350352623491929,1.0044803825781656,0.9462202035718537,-0.9156311637081037,-0.3156804733727968,1.985355029585781,-0.021499657083816848,0.07084165882364712,-1.0,1.0,0.14035403540353886,2.760009940032921,0.0,3.58351893845611,1.7521324636226974,0.2625729027069071,2.7624513866939036,1.4238258877434178,0.5902068593111742,0.0,-0.7425990968389515,2.2649272453587908,87.30803450543563,0.13684439521488598,1.101019051838712,2.4937280481686015,1.0,1.0,1.584962500721156,0.2625729027069069,2.197691921726068,0.6877533930335389,-0.36929252383340355,0.013216623847468006,1.0100914660725009,-0.08182871585079843,-1.0,0.0,1723831200000000000,0.8788341014623113,1,56.0,False,2024-08,0.6027405597151292,0.003585184973605226
BTCUSDT:5:1723827600000000000:1:1723829220000000000:1,BTCUSDT:5:1723827600000000000:1,BTCUSDT,-1,1723829220000000000,1723828260000000000,58517.5,58650.1,58373.6,1.0852187028657845,58579.3,0.0,5:1723827600000000000:1,OBSERVED_OPPOSING_STRUCTURE,58515.3,58539.8,58560.0,58373.5,CONTROL_REJECTION_RETURN,-0.5235133117690804,-0.13851193746695556,-1.0,-0.7602008788449583,0.430952973376453,0.16629846534900497,0.12304631997726242,-0.041591320072332794,-0.6807663597910047,0.009446086037418902,-0.05401990206918372,-0.26743455497381596,0.06668325454093758,0.005510546877348294,0.00113168029187229,-0.5473737544333717,0.0,0.0,1.4690221448121588,-0.2725856697819438,-0.24143302180686452,0.35597245552454265,0.5780689312824804,-0.07987300207060129,0.0038561626140719354,0.9352355653791111,1.2604443836738977,0.3839415382040881,-0.3129612434347121,1.183633683842015,0.6578023080782858,-0.752680710465562,-1.3385686678692905,1.0,-1.0,-0.7782373228252211,1.1631508098056809,0.0,2.833213344056216,0.3518288131375807,-0.11394693899036691,1.3868083135910125,0.6997084548104857,0.36338182741383596,0.0,0.3075391888529619,0.6598656382184527,22.65988806767182,0.5301701357466122,1.0852187028657845,0.7160985319731323,1.0,0.0,0.0,-0.11394693899036691,-0.7190843493406294,0.470260638499689,0.652898731027602,0.16952776518682214,0.4882198634192474,-0.08396297742176188,-0.9987113402062043,0.0,1723829520000000000,-0.9719680066294974,0,5.0,False,2024-08,0.4642854848403349,-0.009882265985187912
SOLUSDT:15:1723825800000000000:1:1723831800000000000:1,SOLUSDT:15:1723825800000000000:1,SOLUSDT,1,1723831800000000000,1723831200000000000,138.756,137.966,140.627,2.3683544303797825,139.786,1.584962500721156,15:1723825800000000000:1,OBSERVED_OPPOSING_STRUCTURE,138.474,139.026,140.637,139.026,CONTROL_ACCEPTANCE_RETURN,-1.812138728323704,-0.37366388215216023,-1.0,-0.8651026392961692,0.8771676300578113,-0.006500624203583747,0.1417893015650536,-0.492857142857137,1.7658959537572554,-0.02747256896840793,0.0994466145833337,0.17985611510791166,-1.534682080924888,-0.046050818559237164,-0.02575044857184437,0.17985611510791166,0.0,0.0,3.152966793685343,-0.736242884250463,0.0853889943074281,0.7080292083628495,0.8422457725435817,-0.29381324429836925,-0.10142123417432808,3.676868173461134,6.648317785888924,1.5496056222837953,-1.2120731324618481,0.9878614208080653,1.9237951780889124,-0.11069379075025398,-0.15789922433165704,-1.0,1.0,0.5139323731997332,1.9459101490553132,0.0,2.3978952727983707,1.2297687861271787,0.14524712881597535,2.246229613113012,2.2103407755581697,0.7080292083628495,0.0,-1.488439306358398,1.1416184971098264,56.93447490558909,0.21016860759493877,2.3683544303797825,2.7037572254335664,1.0,1.0,0.0,0.14524712881597535,2.020231213872888,0.9896921677078515,0.6271676300578062,0.011157722618345575,1.1483905907571212,-0.2910871291204752,-1.0,0.0,1723835040000000000,1.8142056884111353,1,54.0,False,2024-08,0.3084183403209274,-0.004719873503372572
XRPUSDT:5:1723831500000000000:1:1723834680000000000:1,XRPUSDT:5:1723831500000000000:1,XRPUSDT,-1,1723834680000000000,1723833120000000000,0.5663,0.5677,0.5649,1.0000000000000793,0.567,0.0,5:1723831500000000000:1,OBSERVED_OPPOSING_STRUCTURE,0.5663,0.5665,0.5676,0.5648,CONTROL_REJECTION_RETURN,-0.20000000000003332,0.096143976086582,-0.40000000000006664,-0.6666666666666976,-0.7000000000000333,0.08042074514964265,-0.3888888888889266,-0.5000000000000555,-1.099999999999989,0.027977347189197675,-0.10891089108910793,-0.3809523809523936,-4.800000000000022,-0.022117658273088547,-0.09696969696969775,-0.8219178082191818,0.0,0.0,2.487804878048782,-0.7500000000000694,-0.2499999999999306,0.3211619117919792,0.41689380393184255,-0.30179648754020927,0.3615035624438803,-0.0,-0.4274666928372195,-0.5123578139407108,-0.602901771126078,-0.39763164677873053,-1.467842938139937,-0.30236835322130273,0.36784293813994795,-1.0,-0.0,-0.5874608150470442,1.8562979903656263,0.0,3.295836866004329,0.3000000000000222,0.10338783639247115,1.2068617598860707,0.681818181818214,0.5644765595463078,0.0,0.3499999999999611,0.6999999999999778,24.72187886279281,0.48600000000001486,1.0000000000000793,0.7000000000000333,1.0,0.0,0.0,0.10338783639247122,-0.4000000000000111,0.3843064486006355,0.35000000000001663,-0.09474533125796473,0.5235659654165906,0.08960163855393768,-0.20689655172416038,0.0,1723835040000000000,-0.9735006387369576,0,6.0,False,2024-08,0.31021159984967545,-0.016912426937336397
ETHUSDT:5:1723836600000000000:1:1723839180000000000:1,ETHUSDT:5:1723836600000000000:1,ETHUSDT,-1,1723839180000000000,1723837560000000000,2623.83,2628.4500000000003,2615.17,1.8744588744587027,2626.79,0.0,5:1723836600000000000:1,OBSERVED_OPPOSING_STRUCTURE,2623.38,2623.98,2628.44,2615.16,CONTROL_REJECTION_RETURN,-0.5619631901840338,-0.3426822797508952,-0.6856287425149293,-0.9967320261437198,-0.46871165644167684,-0.09735133102355466,-0.2228704784130476,-0.9976958525345121,-1.4944785276073251,-0.041109396322615975,-0.13907284768211528,-0.47011494252872366,-6.223312883435489,-0.07075746750026793,-0.10641601275649294,-0.7839699436443306,0.0,0.0,1.6920245398772773,-0.9944289693592101,-0.0,1.1264419514219672,0.8094500406418677,-0.3310022739725858,-0.5077456519589477,-2.3635164550306342,-2.3635164550306342,-2.3613639804845357,-0.2236003529758113,-0.41326449802771437,-1.340189296062682,-0.05544715841396247,-0.15428923154464314,-1.0,-0.0,2.0008010610776403,1.4350845252893227,0.0,3.332204510175204,0.20245398773007026,-0.12664116314475482,3.253724266884535,0.7454858125537396,1.1264419514219672,0.0,0.36319018404908016,0.5668711656442078,17.60784806942655,0.6821142857142347,1.8744588744587027,1.0625766871165347,1.0,0.0,1.584962500721156,-0.12664116314475476,0.28957055214719585,0.9779894522530778,0.3914110429447876,0.12164032464109638,0.7810880085463805,-0.5649750507184326,-1.0,0.0,1723840800000000000,0.8169034852461571,1,27.0,False,2024-08,0.3344166744482498,-0.012176370053986309
BTCUSDT:5:1723835700000000000:-1:1723840260000000000:1,BTCUSDT:5:1723835700000000000:-1,BTCUSDT,1,1723840260000000000,1723839600000000000,59392.4,59334.8,59459.9,1.1718750000000295,59366.8,0.0,5:1723835700000000000:-1,OBSERVED_OPPOSING_STRUCTURE,59374.1,59402.0,59460.0,59334.9,CONTROL_REJECTION_RETURN,-0.010781671159003454,-0.02234151732849138,-0.013513513513480296,-0.8454221165279403,-0.6954177897574007,-0.08125909750941686,-0.27996141789244594,-0.33755760368663035,-2.0622941000299138,-0.11241840079673883,-0.19071622445022637,-0.7417471367617312,4.883498053309371,0.004983512732026894,0.08366255861920362,0.5045039289593092,0.0,0.0,2.170489946190873,-0.8698453608247586,-0.13015463917524142,0.6356674001461822,0.8534485548266758,-0.2598424142238361,-0.29405838779707605,-1.903699466098141,-0.39151554248384457,-1.3972685200271013,0.33064516129032584,-0.006984126984105994,0.4234920634921146,-0.6884336627732947,-2.4857861635220284,0.0,1.0,0.0,2.639057329615259,0.0,2.4849066497880004,0.19107517220725556,-0.11897903709865741,1.9916202759934154,0.7253218884120242,0.6356674001461822,0.0,0.15333932315063453,0.3450134770889386,9.69821054545675,1.236741666666698,1.1718750000000295,0.4043126684636101,1.0,0.0,0.0,-0.11897903709865751,-0.5540581012279101,0.8177863527899669,0.3468104222821276,-0.0414699173458756,0.5702249844837117,-0.2814067342386179,-1.0,0.0,1723840500000000000,-0.9559323877415112,0,4.0,False,2024-08,0.3187112564429667,-0.019337957142490543
XRPUSDT:5:1723837500000000000:1:1723842300000000000:1,XRPUSDT:5:1723837500000000000:1,XRPUSDT,-1,1723842300000000000,1723838460000000000,0.5671,0.5678,0.5656,2.14285714285746,0.5667,0.0,5:1723837500000000000:1,OBSERVED_OPPOSING_STRUCTURE,0.5671,0.5676,0.5677,0.5655,CONTROL_REJECTION_RETURN,-0.18750000000004335,-0.05721421519421343,-1.0,-0.6000000000000889,-1.0,0.006669257726458641,-0.5714285714286054,-0.8823529411764859,-0.31250000000002603,0.06999433718333316,-0.04201680672269331,-0.45454545454550965,-3.6249999999999134,-0.03991089907058173,-0.07651715039577796,-0.7704918032786954,0.0,0.0,1.4999999999999307,-0.66666666666679,0.33333333333320997,0.522709693370631,0.6019569424954677,0.0021622658056295596,-0.43584253090663405,0.3940948544867151,-3.136978591840034,-0.16719921679005084,-0.5014746843934459,-0.09334105687127761,0.5437915901707604,-0.9066589431287224,-0.8562915901707864,-1.0,-0.0,1.6493184634448428,1.4350845252893227,0.0,4.174387269895637,0.6249999999999827,0.08287168941668722,1.9828793644065241,1.333333333333395,0.522709693370631,0.0,-0.2500000000000347,0.43749999999993927,12.343502027859687,0.9727714285715356,2.14285714285746,0.9375000000000087,1.0,0.0,1.584962500721156,0.08287168941668709,-0.31250000000002603,0.34894778445316477,0.062499999999991326,0.04383699820796634,0.48540682625540316,-0.6083137325208495,-1.0,0.0,1723842540000000000,0.7280272354190191,1,4.0,False,2024-08,0.3230468437164759,-0.013639795909791565
XRPUSDT:5:1723844100000000000:1:1723845240000000000:1,XRPUSDT:5:1723844100000000000:1,XRPUSDT,1,1723845240000000000,1723845000000000000,0.5641,0.5636,0.5654,2.599999999999645,0.5649,0.0,5:1723844100000000000:1,OBSERVED_OPPOSING_STRUCTURE,0.564,0.5641,0.5655,0.5637,CONTROL_ACCEPTANCE_RETURN,-0.7272727272726539,-0.26477514810087244,-1.0,-0.6363636363634713,0.0,0.2635782135220109,0.0,-0.555555555555487,-1.636363636363572,-0.19096940849247887,-0.11999999999999231,-0.5454545454545409,1.4545454545455097,-0.04025019588508053,0.024767801857585342,-0.37499999999999567,0.0,0.0,1.363636363636327,-0.33333333333320997,0.66666666666679,0.2922066991633898,0.5632107588533888,-0.227040867617195,0.3863900312733357,0.0,1.1832405587575145,0.46696990208954936,-0.2960513581521234,-0.795383853127458,-1.6208787663719733,0.795383853127458,-0.015484869991598815,-1.0,0.0,-0.2761904761904893,1.3862943611198906,0.0,1.6094379124341003,0.3636363636364279,0.68204575565416,1.2196513947543064,2.3333333333330866,0.2922066991633898,0.0,-0.7272727272726539,0.4545454545455096,8.863676653076688,1.3532399999998483,2.599999999999645,1.1818181818181634,1.0,1.0,0.0,0.6820457556541599,1.1818181818182645,0.3901493717727283,0.7272727272727548,0.8285702358361716,1.0419382825892864,0.3875318983747602,-0.9999999999998899,0.0,1723845300000000000,-0.9542509306342808,0,1.0,False,2024-08,0.2586732089667404,-0.01729490278085073
ETHUSDT:5:1723848000000000000:-1:1723850760000000000:1,ETHUSDT:5:1723848000000000000:-1,ETHUSDT,-1,1723850760000000000,1723848660000000000,2594.01,2596.8100000000004,2585.5,3.0392857142855947,2595.29,0.0,5:1723848000000000000:-1,OBSERVED_OPPOSING_STRUCTURE,2594.01,2594.59,2596.8,2585.49,CONTROL_ACCEPTANCE_RETURN,-0.38148148148154915,-0.42653694219567995,-1.0,-0.6787878787880508,-1.0740740740740897,-0.2069339307016745,-0.4005524861878448,-0.8828729281768541,1.6499999999999453,0.004895319726207296,0.16138380728128157,0.1180124223602107,4.203703703703599,0.06138354822176722,0.07913819550968938,0.6032596041909019,0.0,0.0,1.76296296296293,-0.7488372093023531,0.24186046511604886,0.49168366596312607,0.8165152779901764,-0.18144503047121982,0.009982352457710897,0.736140731694146,0.27292936448541916,0.6948220338132897,-0.321013612503809,-1.0906313645621268,1.6937356683842126,0.016557290488037113,-0.043735668384267345,1.0,-0.0,-1.0031341273589067,1.1631508098056809,0.0,3.58351893845611,0.5055555555555504,-0.25123494770150284,1.6352855723617745,0.8693877551020692,0.49168366596312607,0.0,0.2370370370369859,0.5185185185185435,10.794098712033422,1.1123185714284993,3.0392857142855947,1.5759259259259397,1.0,1.0,0.0,-0.25123494770150295,0.8203703703704105,0.6022288764754553,0.44814814814815407,0.148148345367171,0.7071629823719204,-0.43416469276856623,-1.0,0.0,1723851060000000000,-0.9579842313431421,0,5.0,False,2024-08,0.31571359036037117,-0.01111963117469992
XRPUSDT:5:1723849500000000000:1:1723851720000000000:1,XRPUSDT:5:1723849500000000000:1,XRPUSDT,1,1723851720000000000,1723850460000000000,0.5637,0.5631,0.5643,1.000000000000185,0.5644,0.0,5:1723849500000000000:1,OBSERVED_OPPOSING_STRUCTURE,0.5633,0.5639,0.565,0.5632,CONTROL_ACCEPTANCE_RETURN,-0.7500000000000346,-0.4225295203058529,-1.0,-0.7142857142857596,-0.8750000000000173,-0.04440863504515585,-0.28000000000000713,-0.8571428571428685,-1.1249999999999827,-0.07755648467015454,-0.10112359550561657,-0.4444444444444787,-2.8749999999998788,-0.10021813970859453,-0.04590818363273327,-0.4814814814814936,1.584962500721156,1.33500106673234,1.4999999999999307,-0.3333333333333333,0.0,0.45684404980984683,0.7102416139191999,-0.05731978300382161,-0.05219664201781904,-1.7736786094357804,-0.0009432788183882934,-0.9508913819559487,-0.2973901098900858,-0.5060420269527792,-1.507830935833241,-0.3689579730472381,0.3828309358332582,-1.0,-1.0,1.640860215053757,1.4350845252893227,0.0,3.091042453358316,0.2499999999999653,-0.15477765753387707,3.002255311283618,2.1666666666668517,0.536137098458223,0.0,-0.8750000000000173,0.749999999999896,10.643959552952527,1.126800000000124,1.000000000000185,0.7500000000000346,1.0,1.0,1.584962500721156,-0.1547776575338771,1.0,0.8221525556625688,0.12499999999998265,-0.1165455357817263,0.5052699525700518,-0.31008581869781665,-0.7272727272726814,0.0,1723852860000000000,-0.9999775075987664,0,19.0,False,2024-08,0.34931896060419826,-0.01865016988737787
BTCUSDT:5:1723853100000000000:1:1723854420000000000:1,BTCUSDT:5:1723853100000000000:1,BTCUSDT,1,1723854420000000000,1723854300000000000,58860.3,58769.3,58956.6,1.0582417582417103,58897.2,0.0,5:1723853100000000000:1,OBSERVED_OPPOSING_STRUCTURE,58837.7,58872.1,58956.7,58774.1,CONTROL_ACCEPTANCE_RETURN,-0.32174887892373155,0.18786543973449998,-0.23052208835339028,-0.9979274611397757,0.1065022421524655,0.11892044238385198,0.017408832691955842,-0.029364655632636683,-0.59304932735419,0.03079738393763463,-0.039217139891759935,-0.2890105592491006,-5.749999999999888,-0.014810128482390066,-0.08502279320348018,-0.6074347482204014,0.0,0.0,1.2982062780268464,-0.9966777408637151,1.208630832920747e-13,0.6382428546565553,0.9899758891449615,-0.555460727320359,-0.6479082892619483,-2.3958919243693977,-2.3958919243693977,-2.0481390881360992,0.02980132450330943,-0.7086092715232007,-2.103614790287067,0.8151115136756663,1.510565462932877,-1.0,1.0,0.8399485404478484,1.6094379124341003,0.0,1.0986122886681096,0.44506726457403634,0.36283633803554444,1.8546333483988324,1.6201680672267929,0.6382428546565553,0.0,-0.4136771300447744,1.0201793721973011,15.460335744126345,0.7755797802197802,1.0582417582417103,1.079596412555996,1.0,1.0,0.0,0.36283633803554444,1.113228699551593,0.7313438266315828,0.5381165919282467,0.5549908914298776,1.2036831781698072,-0.23264154471130144,-1.0,0.0,1723855320000000000,0.2937324957532261,1,15.0,False,2024-08,0.6356894855517434,-0.0055194666654032115
ETHUSDT:5:1723853100000000000:1:1723854420000000000:1,ETHUSDT:5:1723853100000000000:1,ETHUSDT,1,1723854420000000000,1723854300000000000,2590.11,2585.7999999999997,2595.3399999999997,1.2134570765659114,2593.27,0.0,5:1723853100000000000:1,OBSERVED_OPPOSING_STRUCTURE,2588.95,2591.39,2595.6,2588.0,CONTROL_ACCEPTANCE_RETURN,-0.6114221724524229,0.15141904538055073,-0.516068052930108,-0.996363636363557,-0.42329227323626145,-0.06925548780044995,-0.07686051240341181,-0.12155260469863172,-0.8443449048152409,-0.008908528081367946,-0.05777777777777629,-0.3081255028157299,-6.176931690929548,-0.09036181746146925,-0.09895945461068972,-0.7669609079444977,0.0,0.0,1.2922732362822145,-0.9556786703600267,-0.03878116343486641,0.6599400620685928,1.1419716816524272,-0.6243132457049181,-0.5960814144181728,-1.5029600036342572,-1.4105835672661993,-0.8951711443767235,0.02980132450330943,-0.7086092715232007,-2.103614790287067,0.2853169982869393,1.2592698854718263,-1.0,0.0,0.4211470932501533,1.6094379124341003,0.0,1.0986122886681096,0.24636058230681504,0.18394078930253124,1.8106234199745255,2.356223175965645,0.6599400620685928,0.0,-0.7077267637177855,0.9652855543114175,16.640219913441513,0.7205443155451766,1.2134570765659114,1.171332586786038,1.0,1.0,0.0,0.18394078930253124,1.155655095184759,0.7045081985873126,0.286674132138806,0.4754702940756635,0.982925078746879,-0.3931833307940887,-1.0,0.0,1723855620000000000,0.4113249135421495,1,20.0,False,2024-08,0.40266314379356644,-0.01325605250255477
ETHUSDT:5:1723849500000000000:1:1723855680000000000:1,ETHUSDT:5:1723849500000000000:1,ETHUSDT,-1,1723855680000000000,1723851060000000000,2596.44,2598.25,2586.8,5.325966850828819,2596.8,0.0,5:1723849500000000000:1,OBSERVED_OPPOSING_STRUCTURE,2595.35,2596.63,2596.63,2585.81,CONTROL_REJECTION_RETURN,-0.8364779874213966,-0.3544526018888473,-1.0,-0.557894736842174,-1.811320754716875,-0.18866624210193195,-0.6233766233766085,-0.7690192483960072,-0.9475890985324494,-0.010398563851186121,-0.06649014416004678,-0.7880571909167742,3.4696016771486375,0.07338929272611155,0.06006605451311774,0.24793956043955068,0.0,0.0,2.206829268292761,-0.5019607843138577,0.490196078431425,1.3654417554261247,0.856821741898383,-0.04564292040424944,-0.48109495163468463,-0.03851442172519981,-1.5017200190037272,-0.7063899760549466,-0.7909192825112084,-2.042928098391619,0.12610375275936359,0.23160734367474411,-1.073692851291813,1.0,-0.0,-1.4836519703473168,1.8245492920510458,0.0,4.356708826689592,0.30188679245273303,-0.17165098213299826,1.4392720709851443,0.9672429481346569,0.7580143188738684,0.0,0.07547169811323093,0.37945492662470987,6.97108348353879,1.721996685082925,5.325966850828819,2.0209643605868868,1.0,0.0,0.0,-0.1716509821329982,-0.645702306079621,0.4968432728766946,0.6876310272536805,-0.0075116091842452925,0.5787228634199243,-0.1114765031780058,-0.09437019036047015,0.0,1723856040000000000,-0.9499381062181247,0,6.0,False,2024-08,0.2031706488846089,-0.01556953629391853
XRPUSDT:60:1723845600000000000:-1:1723856040000000000:1,XRPUSDT:60:1723845600000000000:-1,XRPUSDT,-1,1723856040000000000,1723075920000000000,0.5628,0.5642,0.5608,1.4285714285713607,0.5623,3.584962500721156,60:1723845600000000000:-1,OBSERVED_OPPOSING_STRUCTURE,0.5627,0.5634,0.5627,0.5607,CONTROL_ACCEPTANCE_RETURN,-1.1250000000001388,-0.6370772635478759,-0.8181818181818366,-1.0,-1.6250000000001388,-0.14289613559171377,-0.3513513513513497,-1.0,1.2500000000001388,0.022549194541471036,0.07575757575757588,-0.2727272727272789,3.8750000000004166,0.09196394387597612,0.06090373280943029,0.3823529411764759,3.584962500721156,5.393172897560715,1.4252873563218285,-0.8571428571428571,-0.14285714285714285,0.5573031377947735,1.0223289839183947,-0.4249962910252164,-0.5121576568175772,-1.777145903678612,-5.08958201767995,-2.007002392420097,-0.766817897371667,-2.0041276761515165,-0.579926066523589,0.37912767615137777,1.8299260665237278,1.0,-0.0,0.0,1.1474024528375417,0.0,3.828641396489095,1.6250000000001388,0.03973354619921763,3.30667162448183,1.3124999999999567,0.5379798940860288,0.0,-0.625,1.7500000000002776,24.87562189054847,0.48299999999997656,1.4285714285713607,2.5000000000002776,1.0,1.0,1.584962500721156,0.039733546199217616,1.8750000000001388,1.0126701340364512,0.375,0.09434333146215829,1.1037994493582177,-0.1401422489134106,-0.1999999999999778,0.0,1723858740000000000,-0.9736082261029257,0,45.0,False,2024-08,0.4223475047795868,-0.008483177173841703
ETHUSDT:5:1723860300000000000:-1:1723863960000000000:1,ETHUSDT:5:1723860300000000000:-1,ETHUSDT,-1,1723863960000000000,1723861200000000000,2598.49,2600.67,2595.0400000000004,1.5825688073389461,2598.01,0.0,5:1723860300000000000:-1,OBSERVED_OPPOSING_STRUCTURE,2598.26,2598.77,2600.59,2595.03,CONTROL_ACCEPTANCE_RETURN,-0.6996466431095115,-0.4987158649533146,-0.8136986301369112,-1.0,0.36984687868084903,0.04372888350140564,0.1316010058675763,-0.37848605577673067,0.90930506478215,0.05656356932893048,0.07010533962949748,0.4125636672326559,-1.3356890459363402,-0.06863963811259605,-0.023685199883034466,-0.21951219512194187,0.0,0.0,2.073027090694924,-0.8828124999999264,-0.11718750000007355,0.49776073858046693,1.0565305765857789,-0.38157753197761857,-0.14778595588931268,-0.03848403682171764,-0.0392014322625478,-0.4931574272887715,-0.4796247755695519,0.2137073452862777,0.8313443313442977,0.15613953339457134,0.07796073343785226,-1.0,-1.0,0.49774015065670507,1.3862943611198906,0.0,3.8501476017100584,0.6784452296820219,0.04275430496462067,2.7350788087330513,1.1610738255032083,0.49776073858046693,0.0,-0.11307420494689653,0.5135453474676908,8.38948774095837,1.4309614678897171,1.5825688073389461,0.812720848056408,1.0,1.0,1.584962500721156,0.0427543049646206,1.0742049469964812,0.673317121696316,0.26383981154307995,0.13341853382241642,0.43509920329719826,-0.3466577806481756,-1.0,0.0,1723864200000000000,0.24679668639008023,1,4.0,False,2024-08,0.27704135156178655,-0.019977116966256054
SOLUSDT:5:1723857900000000000:-1:1723872540000000000:1,SOLUSDT:5:1723857900000000000:-1,SOLUSDT,-1,1723872540000000000,1723865280000000000,139.41,139.581,138.995,2.426900584795385,139.055,0.0,5:1723857900000000000:-1,OBSERVED_OPPOSING_STRUCTURE,139.359,139.53,139.53,138.1,CONTROL_ACCEPTANCE_RETURN,-0.34609929078009505,-0.35278578290105667,-0.7922077922075716,-0.9390243902439532,-0.6156028368793779,-0.21547575867488816,-0.2003693444136465,-0.9784946236559338,-1.2907801418439036,-0.06840756629142314,-0.11030303030302645,-0.9809523809523986,0.6269503546099283,0.02016311144774621,0.011598005772763103,-0.2186046511627895,3.584962500721156,1.5003668173797384,2.1526315789472705,-0.9450549450549828,0.05494505494501719,0.8350396964464256,0.6078055317925062,0.017494805185594986,-0.4252585526434456,-0.0,-0.0,-0.36602284948688013,-0.7980295566501947,-0.43349753694569493,-1.1970443349753208,-0.18210529993368296,-0.09373580686858274,1.0,-0.0,-1.3190909479260133,3.242592351485517,0.0,4.804021044733257,0.9276595744680635,0.41959158519846496,2.1296248979750674,1.371727748691084,0.6892433549375806,0.0,-1.0070921985815133,0.48510638297869285,12.265978050354514,0.9789157894737284,2.426900584795385,1.1773049645389637,1.0,1.0,0.0,0.41959158519846496,1.1744680851064067,0.9092025475272056,0.734751773049593,0.6115805108475979,1.6607594423033556,-0.08200800200050012,-0.06198083067092234,0.0,1723873020000000000,-0.9604326345392991,0,8.0,False,2024-08,0.16443244295264797,-0.021254619151148867
XRPUSDT:5:1723871700000000000:1:1723873560000000000:1,XRPUSDT:5:1723871700000000000:1,XRPUSDT,1,1723873560000000000,1723872360000000000,0.5644,0.5634,0.5654,1.0,0.5644,0.0,5:1723871700000000000:1,OBSERVED_OPPOSING_STRUCTURE,0.5644,0.5645,0.5655,0.5645,CONTROL_ACCEPTANCE_RETURN,-0.8333333333331792,-0.6307401702209116,-1.0,-1.0,-1.4999999999999074,-0.44662196948350164,-0.4736842105263465,-1.0,0.6666666666667284,-0.03268839711832806,0.04878048780488432,-0.09999999999998888,0.16666666666663582,-0.012765434162089516,0.0027548209366387816,0.4634146341463454,0.0,0.0,1.4999999999999074,-1.0,0.0,0.7609364989102948,0.8148076929626801,-0.2952863454641882,-0.20025564679240154,-2.2321380727885476,-2.2321380727885476,-1.7590282207031656,-0.3394845894846593,-0.517353017353092,0.1497668997668924,-0.9826469826468154,0.516899766899836,0.0,-1.0,0.35132275132274904,1.1631508098056809,0.0,3.044522437723423,1.8333333333331792,-0.04214128518190845,2.650699789732953,1.0,0.7609364989102948,1.0,0.0,1.6666666666665433,17.717930545712274,0.6766799999999994,1.0,1.6666666666665433,1.0,1.0,1.584962500721156,-0.04214128518190858,0.33333333333327164,0.6299924823958485,0.49999999999990746,-0.02949388550319344,0.8267693384049697,-0.5981412199656423,-1.0,1.0,1723875060000000000,0.31633803775846686,1,25.0,False,2024-08,0.604265724001967,-0.006346225403167648
ETHUSDT:5:1723870800000000000:1:1723874160000000000:1,ETHUSDT:5:1723870800000000000:1,ETHUSDT,-1,1723874160000000000,1723873260000000000,2600.11,2601.34,2596.76,2.7235772357722436,2599.92,0.0,5:1723870800000000000:1,OBSERVED_OPPOSING_STRUCTURE,2599.76,2600.43,2600.43,2596.75,CONTROL_REJECTION_RETURN,-0.7008547008547195,-0.6562170014998553,-1.0,-1.0,-0.2358974358974399,-0.20877652926145984,-0.05361305361305641,-0.46724890829702215,-0.4136752136752004,0.3349370505070729,-0.03229250066720118,-0.6395864106352132,0.30769230769231964,0.07327321027587023,0.004772510340439613,-0.33300149328026185,0.0,0.0,0.7503875968992685,-0.8109756097558913,-0.18902439024410872,0.660744101044868,1.0254825030348553,-0.16998966417805933,-0.6322835781523952,-0.6098015781130783,-0.6098015781130783,-1.7217245805422177,-0.5422636103151574,0.0664128595600756,-0.37820512820512653,-0.3023102954575155,-0.03547008547007385,-0.0,-0.0,-1.1187212390277996,2.2192034840549946,0.0,2.772588722239781,0.48205128205120235,-0.2958872804124015,1.3097286054666126,1.059936908517366,0.660744101044868,1.0,-0.06495726495727958,0.4205128205128006,4.730569091307745,2.537292682926792,2.7235772357722436,1.145299145299043,1.0,0.0,0.0,-0.2958872804124015,-0.4034188034188778,0.43245336186294564,0.3965811965811222,-0.1496761861527295,0.5153262860132612,-0.7856096646014379,-1.0,1.0,1723874880000000000,-0.943609271525324,0,12.0,False,2024-08,0.3205673315561573,-0.01805552367064111
BTCUSDT:5:1723872300000000000:-1:1723874940000000000:1,BTCUSDT:5:1723872300000000000:-1,BTCUSDT,1,1723874940000000000,1723873980000000000,59134.3,59119.9,59179.9,3.1666666666662455,59122.5,0.0,5:1723872300000000000:-1,OBSERVED_OPPOSING_STRUCTURE,59133.1,59135.9,59180.0,59121.8,CONTROL_REJECTION_RETURN,-0.5176908752326863,0.10211853606608987,-0.6435185185183524,-1.0,0.23091247672255655,-0.10232447756981772,0.04960000000000726,-0.5704467353951675,-0.5530726256982623,-0.08819864133089374,-0.036853207593990946,-0.7196078431371978,-2.21787709497201,-0.06390090236566132,-0.0322057272653521,-0.0262850467289506,0.0,0.0,1.3063063063062206,-1.0,0.0,0.658046243299345,0.937500510416627,-0.5613907633928434,0.020309286328792468,-2.0789875118609746,-2.0789875118609746,-3.1660666743606987,0.18170021743708994,0.24953208580832473,0.8952912019825889,-0.01861960908576818,-1.4483638276808513,0.0,0.0,0.7508239947264637,1.8870696490323797,0.0,2.833213344056216,0.046554934823090616,-0.37001987979120404,1.9935935538219804,0.7947826086956016,0.658046243299345,0.0,0.21973929236504192,0.26815642458102906,2.4351349386060974,4.927258333332836,3.1666666666662455,0.8491620111731457,1.0,0.0,0.0,-0.3700198797912041,-0.5903165735567348,0.8190632592481955,0.5344506517690261,-0.23207583082721078,0.5916595745286248,0.06020482495607838,-1.0,0.0,1723875480000000000,-0.01884072553895451,0,9.0,False,2024-08,0.23823415867450085,-0.023337477016976155
SOLUSDT:5:1723873200000000000:1:1723875420000000000:1,SOLUSDT:5:1723873200000000000:1,SOLUSDT,1,1723875420000000000,1723869780000000000,139.492,139.425,139.667,2.6119402985084568,139.619,0.0,5:1723873200000000000:1,OBSERVED_OPPOSING_STRUCTURE,139.446,139.509,139.677,139.435,CONTROL_ACCEPTANCE_RETURN,-0.5305410122164511,-0.5424786845310596,-1.0,-0.47867298578215656,0.3001745200697493,-0.13447005183936045,0.13607594936705658,-0.13149847094803246,0.9389179755670978,-0.03880684884462542,0.07202141900936496,0.49105914718018906,-1.1029668411867308,-0.050195332342048635,-0.018048891935115392,0.4832179009056887,3.584962500721156,1.1888591665158879,1.3874788494077526,-0.2772277227724778,0.366336633663149,0.9590366115439568,0.7121565784973115,0.2286989647831476,-0.7307921764473567,-1.330429745266537,-2.0470187814536356,-0.8502340433866491,-0.2071244358479017,0.7376636228688873,0.9646275710104306,-0.437489102799138,-0.025709595443332844,0.0,0.0,-1.122462030375675,1.8562979903656263,0.0,2.3978952727983707,0.20244328097728434,-0.08565767413504038,1.6218680767867288,3.1896551724142324,0.9489813388651216,0.0,-0.44328097731241844,0.23385689354268055,4.803142832562359,2.497764179105266,2.6119402985084568,0.6108202443281294,1.0,1.0,0.0,-0.08565767413504038,0.5410122164048834,0.5947113780482401,0.23036649214660257,0.040929430600599365,0.6640714272661451,-0.6000758150113723,-0.9925925925925583,0.0,1723875660000000000,-0.9438210617905973,0,4.0,False,2024-08,0.43506798578191236,-0.013889269339560098
SOLUSDT:5:1723873800000000000:-1:1723877040000000000:1,SOLUSDT:5:1723873800000000000:-1,SOLUSDT,1,1723877040000000000,1723875840000000000,139.128,139.05200000000002,139.287,2.092105263159125,139.22,0.0,5:1723873800000000000:-1,OBSERVED_OPPOSING_STRUCTURE,139.128,139.236,139.439,139.128,CONTROL_REJECTION_RETURN,-0.5592233009708789,-0.07925601232081507,-1.0,-0.7348066298345335,-0.38058252427188494,-0.021346070343030828,-0.11611374407584582,-0.649867374005425,-1.545631067961216,-0.10870961755342688,-0.11281179138322628,-0.7853658536586141,-2.4233009708738087,-0.04402833577519241,-0.03574702108157797,0.20941176470586043,0.0,0.0,1.359454855195874,-0.6615384615385826,0.06153846153788301,0.6172615344609139,0.4899246467059746,-0.08706247199585741,-0.11498838427297506,0.0,0.13633463922024802,0.376468786972822,-0.49907063197028223,-0.6107291733229058,-1.4090117110347404,0.23014664905102084,-0.13661935692647553,0.0,0.0,-2.6773780975219745,2.0541237336955462,0.0,3.044522437723423,0.6135922330096408,-0.2871657129510686,2.1357587415452652,1.4200913242009838,0.6611772259017806,1.0,-0.3572815533980983,0.2951456310678167,5.462595595420404,2.196157894737854,2.092105263159125,0.6174757281554006,1.0,0.0,0.0,-0.2871657129510686,-1.491262135922344,0.9133637046525082,0.6019417475728027,0.05681449256541783,0.7976476611683956,0.045513455820690704,-1.077844311377276,1.0,1723877100000000000,0.185572366412849,1,1.0,False,2024-08,0.22212048892156996,-0.022460440094897408
ETHUSDT:5:1723854900000000000:-1:1723878480000000000:1,ETHUSDT:5:1723854900000000000:-1,ETHUSDT,1,1723878480000000000,1723864380000000000,2594.21,2586.7099999999996,2602.2799999999997,1.075999999999896,2586.79,0.0,5:1723854900000000000:-1,OBSERVED_OPPOSING_STRUCTURE,2592.82,2594.48,2602.29,2592.82,CONTROL_REJECTION_RETURN,-0.7721369539551497,-0.7571137860308773,-1.0,-0.9506849315067708,-0.28099173553720963,-0.12456156183712888,-0.11344137273594164,-0.9506849315067708,-1.5867768595041225,-0.1397046524449722,-0.16224046354417823,-0.9779681762545546,-0.6942148760330872,-0.09448766862647062,-0.01737383288027473,-0.037893384714173695,3.584962500721156,1.9647786333596962,1.9448123620309048,-0.9549999999999272,0.04500000000007276,1.3688778209403552,1.0795381409055615,-0.24848771284320628,-0.41538303717189917,-1.7053431003810626,-2.593369196409734,-1.7191535939877534,-0.8799770920513481,-0.29250728631533846,-2.1998065764021755,0.011515550778128825,0.613029716898053,1.0,0.0,-1.2710029211294138,3.673765816303888,0.0,5.308267697401205,0.016528925619873756,-0.15396997091360304,3.0104603014706695,0.5212903225806405,1.3688778209403552,0.0,1.752066115702538,1.7709563164110111,28.91053538456969,0.41447359999997485,1.075999999999896,1.9055489964580636,1.0,0.0,1.584962500721156,-0.15396997091360293,-1.2066115702479925,0.8270001163326586,1.9598583234947764,0.180375357497944,0.5454485482816092,-0.7444704333619342,-1.0,0.0,1723887060000000000,0.5573692510048336,1,143.0,False,2024-08,0.49700356680457786,-0.007166309821396244
BTCUSDT:5:1723877700000000000:-1:1723879560000000000:1,BTCUSDT:5:1723877700000000000:-1,BTCUSDT,-1,1723879560000000000,1723861680000000000,59115.6,59136.7,59085.5,1.426540284360219,59118.4,0.0,5:1723877700000000000:-1,OBSERVED_OPPOSING_STRUCTURE,59083.6,59122.3,59083.6,59024.6,CONTROL_ACCEPTANCE_RETURN,-0.7368421052630868,-0.4624877957809055,-1.0,-0.9299191374661477,-0.8751289989680251,0.0033944910913009056,-0.21810699588479585,-0.9718309859154308,0.9556243550052057,0.10634867731873152,0.07186093434735953,-0.11383108935127528,-1.4489164086686488,0.025875445457872893,-0.022319725295687765,-0.10078095946447907,3.584962500721156,1.8614928072427301,0.9184726522187685,-0.7889447236178865,-0.08040201005017225,1.0494970317597916,0.7668929432319429,-0.14232588808057042,-0.4277518222570721,-0.0,-0.0,-0.4781497356256035,-0.2148954591507216,-0.5492714377820386,1.9520272635166371,-0.3258575611859865,-0.9964029085114314,-0.0,-0.0,2.073152302243236,1.2809338454620645,0.0,2.9444389791664403,1.936016511867936,0.39216877027699815,2.150516852630763,0.9701492537313132,0.744016552152471,1.0,0.05779153766775786,0.43550051599583545,3.569277821759154,3.362624644549994,1.426540284360219,0.6212590299277212,1.0,1.0,0.0,0.39216877027699815,0.7471620227037471,0.923409068349766,0.8255933952528256,0.23357763213121105,1.5420995011211243,-0.14067130499707228,-0.3926421404682462,1.0,1723879800000000000,-0.9396551497433839,0,4.0,False,2024-08,0.2739444493861463,-0.023560446138559486
ETHUSDT:15:1723872600000000000:-1:1723879800000000000:1,ETHUSDT:15:1723872600000000000:-1,ETHUSDT,-1,1723879800000000000,1723864380000000000,2596.36,2597.78,2594.61,1.23239436619712,2594.56,1.584962500721156,15:1723872600000000000:-1,OBSERVED_OPPOSING_STRUCTURE,2595.88,2597.48,2597.77,2588.94,CONTROL_ACCEPTANCE_RETURN,-0.3520309477757433,-0.31744492171262295,-0.5515151515153085,-1.0,-1.9767891682785514,-0.2969067040625942,-0.4683776351970653,-1.0,1.009671179883805,0.16935584757868982,0.0569495963342718,-0.24601175482790327,-1.6866537717601802,0.10291660834877642,-0.025396085740914093,-0.23827874116894354,3.584962500721156,2.0149030205422647,0.8701799485860935,-0.6607142857149673,-0.33928571428503274,0.4852244031283174,0.38741843716164315,0.11040587778713232,-0.19373768679823722,-0.038515608451472616,-0.038515608451472616,-0.37462970146475316,-0.752649903288217,-1.6150612508058964,0.786740351846654,-0.3617279174726551,0.22293082803715092,-1.0,-0.0,0.7242453748781872,2.0193376176101303,0.0,3.1354942159291497,1.3578336557058857,0.597599966289442,1.8297367284751043,1.3202846975089353,0.5065277458654847,0.0,-0.6963249516441612,0.5493230174081442,5.469195335007752,2.1947070422534085,1.23239436619712,0.6769825918761994,1.0,1.0,0.0,0.597599966289442,1.172147001934121,0.7161061614936515,1.0638297872340277,0.5313862365781205,1.9362735417111607,-0.489566142711787,-1.0,0.0,1723879920000000000,-0.9458654226749692,0,2.0,False,2024-08,0.2886092448594188,-0.022258616698054307
SOLUSDT:5:1723877700000000000:-1:1723879800000000000:1,SOLUSDT:5:1723877700000000000:-1,SOLUSDT,-1,1723879800000000000,1723877340000000000,138.98,139.10999999999999,138.82899999999998,1.1615384615385826,138.712,0.0,5:1723877700000000000:-1,OBSERVED_OPPOSING_STRUCTURE,138.952,139.081,139.081,138.528,CONTROL_ACCEPTANCE_RETURN,-0.509157509157449,-0.6596922143885983,-0.6017316017314622,-0.2820512820511607,-1.2051282051281464,-0.2331559934318555,-0.3360572012256953,-0.5708812260535672,0.5421245421245356,0.008452409545399211,0.03639940973930055,0.007683863885845188,-0.8791208791208208,-0.005236285421930795,-0.014081201595868372,-0.1160431198478078,1.584962500721156,2.5649493574615367,2.3809523809524356,-0.5066079295153247,0.49339207048467526,1.719721294828293,1.1340949770290256,0.003309355046315743,-0.8683567077465763,-0.0,-0.14153527222005025,-0.3720874323687961,-0.752649903288217,-1.6150612508058964,0.786740351846654,0.4099330456777499,-0.24461580972211838,-1.0,-0.0,2.0318156884256995,1.33500106673234,0.0,3.091042453358316,0.4945054945054682,0.390220934444042,1.4302227495130773,2.456521739130458,1.719721294828293,0.0,-0.9816849816849981,0.4761904761904663,9.353863865304033,1.2834923076923523,1.1615384615385826,0.5531135531135992,1.0,1.0,0.0,0.390220934444042,1.3992673992674374,0.4922090169636199,0.23809523809523314,0.025245441795231416,1.454986997907054,-0.7733580436649641,-1.0,0.0,1723879920000000000,-0.9552762540547409,0,2.0,False,2024-08,0.5030782326339995,-0.01320400225317287
XRPUSDT:5:1723877400000000000:-1:1723880940000000000:1,XRPUSDT:5:1723877400000000000:-1,XRPUSDT,-1,1723880940000000000,1723075920000000000,0.5644,0.565,0.5636,1.3333333333335184,0.564,0.0,5:1723877400000000000:-1,OBSERVED_OPPOSING_STRUCTURE,0.5644,0.5645,0.5648,0.5632,CONTROL_ACCEPTANCE_RETURN,-1.0,-0.7757205769221911,-1.0,-1.0,-0.1999999999999556,0.014647467778726074,-0.07692307692305064,-1.0,-0.3999999999999112,0.09592678772468065,-0.026315789473681135,-0.41176470588239145,-4.799999999999378,0.009520594313023824,-0.0740740740740733,-0.33333333333335236,3.584962500721156,5.4241420553382165,1.636363636363673,-1.0,-0.0,0.6388881762509013,0.7958013346199752,-0.3557734145915198,-0.6272578978672827,-0.0,1.7736786094357804,-0.33739120718987015,-0.8618642319850427,-0.39286474973373253,-1.2635533135448376,0.19286474973377693,0.8635533135449264,-1.0,-0.0,-0.1916026625704177,1.6094379124341003,0.0,3.6888794541139363,1.1999999999997335,0.33663078804709656,2.629559316208698,1.5000000000001388,0.6388881762509013,0.0,-0.8000000000000445,1.1999999999997335,10.630758327426186,1.1294000000001243,1.3333333333335184,1.5999999999998669,1.0,1.0,1.584962500721156,0.3366307880470965,1.0,0.619416578859661,1.1999999999999555,0.17254596264343727,1.023392635635596,-0.7899331622794514,-1.0,0.0,1723882380000000000,0.26567942250509263,1,24.0,False,2024-08,0.4176056666865544,-0.014477741988545302
ETHUSDT:5:1723878600000000000:1:1723883220000000000:1,ETHUSDT:5:1723878600000000000:1,ETHUSDT,-1,1723883220000000000,1723879920000000000,2598.69,2600.8900000000003,2594.8700000000003,1.7363636363632888,2597.77,0.0,5:1723878600000000000:1,OBSERVED_OPPOSING_STRUCTURE,2597.38,2598.88,2600.88,2592.65,CONTROL_REJECTION_RETURN,-0.6485436893204052,-0.30023673620985697,-0.39856801909313416,-0.9495268138801733,-0.8970873786407396,0.09704863788757108,-0.17200297840656217,-0.9738562091503502,-1.2582524271845357,-0.0021762242677085533,-0.07860262008734584,-0.4678007290400852,-0.11262135922328485,0.11536977242882861,-0.0017632394965645284,-0.4606741573033808,0.0,0.0,3.370229007633408,-0.871951219512163,-0.03048780487816206,1.133463268006914,0.9655293635902693,-0.1532314764285665,-0.8642626680236373,-0.0,-0.0,-0.36449316707739887,-1.2421471172961787,-0.12657392287266578,-1.2673859961865253,-0.7705134557680738,0.009133569001989583,-0.0,-0.0,-1.4866431649041156,1.6863989535702286,0.0,4.02535169073515,1.2077669902912902,-0.2871278516997591,2.693289090303149,1.179687500000018,0.8890338633027397,1.0,-0.3572815533980802,0.8543689320389258,8.465803924285979,1.4180672727270967,1.7363636363632888,1.4834951456309287,1.0,0.0,1.584962500721156,-0.287127851699759,-1.7902912621359401,0.6516377798572345,1.1689320388350155,-0.0141147264959052,0.6355214058368377,-0.30023673620985697,-0.4019138755980627,1.0,1723884780000000000,-0.9534253175441745,0,26.0,False,2024-08,0.4445306844058127,-0.012775091719874503
SOLUSDT:5:1723878300000000000:1:1723883220000000000:1,SOLUSDT:5:1723878300000000000:1,SOLUSDT,-1,1723883220000000000,1723880160000000000,139.308,139.53099999999998,138.995,1.4035874439462313,139.1,0.0,5:1723878300000000000:1,OBSERVED_OPPOSING_STRUCTURE,139.22,139.364,139.521,138.828,CONTROL_REJECTION_RETURN,-0.7542857142856264,-0.4551769619696637,-0.5103092783504173,-0.9603960396039586,-0.3695238095237293,-0.05513955071477195,-0.09125117591719274,-0.9753086419753072,-1.7790476190475408,-0.055420371288859,-0.12463303976513897,-0.425101214574904,-0.7428571428571088,0.016571699672791835,-0.012513636655329067,-0.3577023498694527,3.584962500721156,0.8960880245566356,2.179047619047606,-0.9715447154472474,0.02032520325213115,1.1509339496511721,1.2117430491401615,-0.6027964354908943,-0.4097651823648539,-0.35892981486318476,-0.35892981486318476,-1.0333449606620633,-1.2421471172961787,-0.12657392287266578,-1.2673859961865253,-0.24294988665106354,-0.5116616228610156,-0.0,-0.0,-1.0603305785124038,1.8562979903656263,0.0,4.02535169073515,1.603809523809477,-0.240757718580117,2.7874517911922987,1.7647058823529596,1.1509339496511721,0.0,-0.7923809523809378,0.8495238095237423,16.007695179026673,0.7502394618834591,1.4035874439462313,1.1923809523808944,1.0,0.0,1.584962500721156,-0.240757718580117,-1.1619047619047753,0.7011016324625344,0.038095238095203036,0.07443362424891728,0.6447862006003567,-0.667714585119558,-1.0,0.0,1723883460000000000,0.49877809794420813,1,4.0,False,2024-08,0.37423152543318294,-0.013502139378837544
BTCUSDT:15:1723873500000000000:1:1723883700000000000:1,BTCUSDT:15:1723873500000000000:1,BTCUSDT,-1,1723883700000000000,1723856160000000000,59215.9,59269.1,59132.7,1.5639097744362578,59222.0,1.584962500721156,15:1723873500000000000:1,OBSERVED_OPPOSING_STRUCTURE,59191.5,59222.0,59269.0,59132.6,CONTROL_REJECTION_RETURN,-1.168214654282718,-0.5339315835638621,-1.0,-1.0,-0.8689370485035689,0.053135181107320524,-0.18904355635384135,-1.0,0.08462332301338459,0.01986632252335248,0.004988441416228994,-0.22140762463346064,-1.393188854489143,0.011713270548084465,-0.021953361303541932,-0.5654664484451863,1.584962500721156,3.835861644462582,0.6423173803526477,-1.0,-0.0,0.5858035758574609,0.6280154257582939,0.07696236654239375,-0.7277581593991045,-0.9568884404220768,-0.939985270231869,-2.042060465207394,-1.2050328227570004,-1.2869739478957196,0.14081496325980064,0.4180368993921507,-0.056191640246416055,1.0,-0.0,0.0,2.120263536200091,0.0,4.110873864173311,0.9700722394220701,-0.42695144956780473,3.1054492053912512,0.9317673378076237,0.6767342444412865,1.0,0.12590299277602587,1.098039215686198,8.98407353430364,1.336296992481276,1.5639097744362578,1.7172342621259673,1.0,0.0,1.584962500721156,-0.4269514495678045,-2.8978328173374477,0.8842975002077855,1.228070175438578,0.009147884212371121,0.6997509704028817,0.08796714615169844,-0.20000000000002316,1.0,1723885560000000000,-0.954523695903752,0,31.0,False,2024-08,0.5313482158133042,-0.009904458112433252
XRPUSDT:15:1723879800000000000:-1:1723883700000000000:1,XRPUSDT:15:1723879800000000000:-1,XRPUSDT,-1,1723883700000000000,1723075920000000000,0.5637,0.5644,0.5628,1.2857142857142403,0.5632,1.584962500721156,15:1723879800000000000:-1,OBSERVED_OPPOSING_STRUCTURE,0.5633,0.564,0.5633,0.5627,CONTROL_ACCEPTANCE_RETURN,-1.399999999999911,-0.3772243436101668,-1.0,-1.0,-1.5999999999998669,0.012401703633563693,-0.36363636363632235,-1.0,1.0,0.2016591100135349,0.06329113924050526,-0.0,-0.5999999999998668,0.0848182109871853,-0.009345794392522071,0.33333333333333337,3.584962500721156,5.4275164716857045,1.3076923076922815,-1.0,-0.0,1.2010803281295424,1.0941875026876269,-0.7228522991415874,-0.8046238685036664,-1.7743080198728833,-1.7743080198728833,-1.9113966006781604,-1.2050328227570004,-1.2869739478957196,0.14081496325980064,-0.31302605210414725,0.8591850367401994,-0.0,-0.0,0.4361702127660343,1.3523928094442093,0.0,3.1354942159291497,1.0,0.6485302916837578,2.7662701900222135,1.999999999999778,0.5748817325335067,0.0,-0.999999999999778,1.399999999999911,12.417952811779918,0.96694285714281,1.2857142857142403,1.7999999999998224,1.0,1.0,0.0,0.6485302916837576,1.5999999999998669,1.3812427332903667,1.1999999999999555,0.48450146227830093,1.1587430302637567,0.03446602628335059,-0.26315789473681134,0.0,1723884360000000000,0.3134515639499407,1,11.0,False,2024-08,0.5813410300727563,-0.007310895806104866
BTCUSDT:15:1723882500000000000:1:1723886520000000000:1,BTCUSDT:15:1723882500000000000:1,BTCUSDT,-1,1723886520000000000,1723885560000000000,59258.8,59277.5,59233.0,1.379679144385397,59269.0,1.584962500721156,15:1723882500000000000:1,OBSERVED_OPPOSING_STRUCTURE,59256.0,59259.1,59277.4,59212.9,CONTROL_REJECTION_RETURN,-0.3799126637554963,-0.013180558675952901,-0.7909090909088955,-0.46835443038005,-0.02838427947604653,-0.03521394570163436,-0.008201892744497105,-0.7586206896553263,-1.9737991266376178,-0.08196407762189416,-0.12608089260809002,-0.7040572792363102,-2.921397379912774,-0.024238908036047183,-0.045721705850192675,-0.852848101265836,0.0,0.0,1.004418262150237,-0.6086956521741488,0.39130434782585116,0.7552697656822324,0.6492372159976876,-0.14460640488934684,-0.040035138339165124,0.725577973477165,0.7424556390933645,0.913656537645784,-0.318091347161147,-0.037895453593161585,-1.4393651752456051,0.009511174117115054,-0.5344339513920127,-1.0,-0.0,0.35037974683535467,1.4816045409242156,0.0,2.833213344056216,0.18340611353715258,-0.27864274020095653,2.0828610967109884,0.8181818181818653,0.6636913127559626,0.0,0.222707423580726,0.408296943231384,3.155649456282795,3.8033037433161,1.379679144385397,0.5633187772926489,1.0,0.0,0.0,-0.2786427402009566,-0.32969432314407826,0.8777497394757705,0.5611353711789847,-0.03512024279647308,0.8640716631065627,0.03553190345643181,-0.2875816993464456,0.0,1723886640000000000,-0.9381094110812199,0,2.0,False,2024-08,0.21136745659052833,-0.025456403077414858
SOLUSDT:5:1723883400000000000:1:1723886640000000000:1,SOLUSDT:5:1723883400000000000:1,SOLUSDT,-1,1723886640000000000,1723880160000000000,139.372,139.499,139.06199999999998,2.4409448818903683,139.315,0.0,5:1723883400000000000:1,OBSERVED_OPPOSING_STRUCTURE,139.335,139.389,139.435,139.001,CONTROL_REJECTION_RETURN,-0.577603143418561,-0.06711930164888458,-1.0,-0.6363636363637646,-0.2239685658153946,0.158303178270916,-0.06270627062708128,-0.7879518072289948,-1.0294695481336251,-0.02355723665673375,-0.059437386569870555,-0.6326530612245207,-0.7583497053045867,0.030142521440439767,-0.012385291663993407,-0.46910356832031663,3.584962500721156,1.2237754316221157,1.9135559921414855,-0.5510204081633718,0.44897959183662817,0.7226498267038417,0.6052995378978198,-0.051795982386577205,-0.3200011707387901,-0.0,-0.0,-0.40383868388473,-0.7033574271946086,-0.4685732243871506,-1.1237074110828809,0.244604658571756,0.09423786294925574,-0.0,-0.0,0.12881806108895322,1.6486586255873816,0.0,3.5263605246161616,0.6836935166994551,-0.27437394833217854,1.7892755346081568,1.1815286624204384,0.6972270331232177,0.0,-0.2239685658153946,0.4990176817288196,9.112303762590845,1.3175007874017703,2.4409448818903683,1.218074656188759,1.0,0.0,0.0,-0.27437394833217854,-1.709233791748582,0.691657560302188,0.5618860510805681,-0.17711847973628078,0.6464699489433716,-0.04261291145700434,-1.0322580645162842,0.0,1723886760000000000,-0.9547875082965276,0,2.0,False,2024-08,0.24895936788845785,-0.018110843747888086
SOLUSDT:15:1723882500000000000:1:1723887900000000000:1,SOLUSDT:15:1723882500000000000:1,SOLUSDT,1,1723887900000000000,1723869780000000000,139.601,139.16400000000002,140.09900000000002,1.1395881006865853,139.521,1.584962500721156,15:1723882500000000000:1,OBSERVED_OPPOSING_STRUCTURE,139.416,139.614,140.109,139.614,CONTROL_ACCEPTANCE_RETURN,-1.0271317829458113,-0.5364456785838251,-1.0,-0.9932885906039949,-0.5387596899225287,-0.06470700280800497,-0.13100848256362427,-0.996070726915502,2.2945736434109425,0.037894037093664824,0.14361960213488764,0.1596360628618554,0.3953488372093241,-0.01998997974538276,0.006444275966641546,0.3573687539531889,3.584962500721156,1.9095425048844383,1.3124999999999545,-0.9921259842519315,0.007874015748068501,0.6583462063973753,0.7063977257658419,-0.12575703712668157,-0.3076390220808793,-0.41876599583878793,7.751375984952347,0.149922145340976,-1.3562724014335326,-0.6496768813842277,1.4583644347609792,0.1109171914616991,0.8362092086499633,0.0,0.0,0.256308100929598,1.7462970951512977,0.0,2.995732273553991,1.7093023255814344,0.3628921732044301,2.08808366130611,0.8639455782312764,0.6583462063973753,1.0,0.31007751937989875,1.693798449612368,31.30350069125461,0.38274370709383604,1.1395881006865853,1.9302325581396411,1.0,1.0,0.0,0.3628921732044301,1.3333333333333333,0.8812384409226119,1.0426356589147678,0.04191542398892901,1.4539192908010905,-0.6135969476240027,-1.0,1.0,1723888080000000000,-0.9774188824803218,0,3.0,False,2024-08,0.633664025675228,0.0006076222698579541
BTCUSDT:5:1723884000000000000:1:1723888020000000000:1,BTCUSDT:5:1723884000000000000:1,BTCUSDT,1,1723888020000000000,1723856160000000000,59240.0,59212.8,59375.0,4.963235294118178,59223.2,0.0,5:1723884000000000000:1,OBSERVED_OPPOSING_STRUCTURE,59217.5,59256.0,59450.1,59212.9,CONTROL_ACCEPTANCE_RETURN,-2.146608315098402,-0.4335188121957184,-1.0,-0.7033824804857035,-3.2691466083150784,-0.053515645949376384,-0.5863422291993543,-0.8494718309859264,1.1684901531728797,0.14515756349148265,0.0707472178060423,-0.5940819423368718,1.7024070021882205,0.04605292651479302,0.025533311453890147,0.012455934195071405,1.584962500721156,3.934436600265046,1.5645514223194499,-0.3830645161290435,0.07258064516126311,1.1728609938298524,1.2049773247519338,-0.27982300291241324,0.26363699471629776,0.016880514652761747,0.016880514652761747,0.6646147318958143,-2.029250457038316,-2.457342657342612,0.47142391429406527,-0.8118039509724664,0.6970662388788145,1.0,0.0,-1.0440506329113408,1.2809338454620645,0.0,4.007333185232471,2.3369803063457595,0.22133379334781764,2.6068903130404806,0.925958572058163,1.1728609938298524,1.0,0.36761487964994843,0.5951859956235592,4.591492234975876,2.6129294117649855,4.963235294118178,2.954048140043717,1.0,1.0,1.584962500721156,0.2213337933478176,1.6936542669584294,0.6082001348291589,1.7833698030634288,0.19821852989917502,0.8526134996548365,-0.1935735060198464,-1.0,1.0,1723888080000000000,-0.9431454486404925,0,1.0,False,2024-08,0.172286645676742,-0.020921075102449053
XRPUSDT:15:1723887900000000000:1:1723891020000000000:1,XRPUSDT:15:1723887900000000000:1,XRPUSDT,-1,1723891020000000000,1723889760000000000,0.5636,0.5644,0.5628,1.0,0.5642,1.584962500721156,15:1723887900000000000:1,OBSERVED_OPPOSING_STRUCTURE,0.5633,0.5636,0.5643,0.5623,CONTROL_REJECTION_RETURN,-1.1666666666668517,-0.2478616636454267,-1.0,-1.0,-0.0,-0.11914487271382841,-0.0,-1.0,0.6666666666666666,-0.07009752612421487,0.03389830508474193,-0.3636363636363269,1.8333333333335184,0.04342985291387643,0.029972752043595858,-0.07142857142856585,0.0,0.0,1.750000000000023,-0.5,-0.5,0.4750206517665154,0.7967294663575366,-0.5401436073102209,0.6834597455077689,-1.7746228926340812,-3.552400670411293,-1.5237784502848268,-0.9402126819261337,-0.5078929587846318,1.9224253284838273,0.5078929587846318,-1.2557586618171608,1.0,-1.0,-0.8312236286918944,1.120591195386885,0.0,3.091042453358316,0.16666666666666666,-0.2680958046453427,3.242184259300548,0.684210526315768,0.3666026495494731,0.0,1.000000000000185,1.3333333333335184,14.194464158978406,0.8459999999999758,1.0,1.3333333333335184,1.0,0.0,1.584962500721156,-0.2680958046453427,-1.000000000000185,0.9705151190200155,2.166666666667037,-0.01185636741952517,1.1988443186256665,0.00957039612423423,-1.0,0.0,1723891560000000000,0.22783543791909527,1,9.0,False,2024-08,0.3913834146486928,-0.015871949397553254
BTCUSDT:15:1723883400000000000:-1:1723891260000000000:1,BTCUSDT:15:1723883400000000000:-1,BTCUSDT,1,1723891260000000000,1723890300000000000,59146.4,59100.9,59224.9,1.7252747252747254,59132.6,1.584962500721156,15:1723883400000000000:-1,OBSERVED_OPPOSING_STRUCTURE,59130.0,59147.5,59225.0,59108.0,CONTROL_REJECTION_RETURN,-1.550769230769201,-0.061130389314065725,-1.0,-1.0,-0.3158974358974658,0.03633344066159403,-0.04706601466993047,-0.2677419354838475,-4.832820512820483,-0.20098571225649034,-0.2167832167832134,-0.6872201171202136,0.11897435897441867,-0.000642784385093113,0.0017604565045841532,-0.42749706227965734,0.0,0.0,1.0186706497386384,-0.8693009118540207,-0.13069908814597933,0.5648912585074728,0.7824380673537994,-0.5597829501666383,-0.3244351075902915,-0.2705078785414372,-0.2705078785414372,0.12124180330550258,-0.8807840928950003,-0.4516118627940755,-2.4777297359620976,0.13571442689660973,-2.3550907768583853,1.0,0.0,-3.9991128897781,2.1594842493533726,0.0,2.833213344056216,0.6482051282050983,-0.21733863731530784,1.7145067404940433,0.8506493506493215,0.5648912585074728,1.0,0.2830769230769828,0.9333333333333333,7.692775891685716,1.559305054945055,1.7252747252747254,1.6102564102564103,1.0,0.0,0.0,-0.2173386373153078,-0.2953846153846452,0.6475152310239942,0.5251282051281753,-0.14321708617658907,0.614007703392577,-0.03413555992141463,-1.0,1.0,1723892160000000000,-0.9516631926459503,0,15.0,False,2024-08,0.3469960708435947,-0.01724880188229192
BTCUSDT:5:1723890600000000000:-1:1723892760000000000:1,BTCUSDT:5:1723890600000000000:-1,BTCUSDT,-1,1723892760000000000,1723843260000000000,59115.8,59167.5,59063.4,1.0135396518376094,59101.0,0.0,5:1723890600000000000:-1,OBSERVED_OPPOSING_STRUCTURE,59099.4,59119.3,59099.4,59026.0,CONTROL_ACCEPTANCE_RETURN,-1.2502378686965798,-0.21810850982406954,-0.7577854671280398,-0.4333599361532454,0.6260704091340559,0.09353035452228316,0.11588587530818305,-0.27015558698729825,2.5956232159847015,0.10189030656384862,0.1399548532731309,0.20601237842613562,0.3025689819218725,0.004161757206217953,0.004584114170388981,0.5713278495886986,1.584962500721156,4.225372824628505,2.359657469077102,-0.31719532554256324,0.502504173622668,1.3288938108087,1.1883356893261225,-0.040381207160258004,-0.5766657749098042,2.3890483861477296,2.5921002557482975,4.298704679116565,-0.25895182242898884,0.4529192125931528,2.481813169195272,0.17315119654090305,0.11381004678942963,-1.0,-0.0,4.970465232616144,1.8245492920510458,0.0,2.3978952727983707,1.4272121788772796,0.06448105016117496,1.8952381079692353,1.1973333333333722,1.3288938108087,1.0,-0.2816365366318385,0.9838249286393493,8.745546875792442,1.3727268858801545,1.0135396518376094,0.997145575642287,1.0,1.0,0.0,0.06448105016117488,0.8753568030447314,0.7565099437045761,0.11417697431018237,0.21451567426714901,1.061746736022788,-0.4778961107748184,-1.0,1.0,1723895040000000000,0.03982527346846322,1,38.0,False,2024-08,0.6051099767822428,-0.011305508579288543
SOLUSDT:5:1723890900000000000:-1:1723892820000000000:1,SOLUSDT:5:1723890900000000000:-1,SOLUSDT,-1,1723892820000000000,1723865280000000000,138.593,138.932,138.134,1.3539823008849705,138.642,0.0,5:1723890900000000000:-1,OBSERVED_OPPOSING_STRUCTURE,138.488,138.654,138.488,138.01,CONTROL_ACCEPTANCE_RETURN,-1.7369308600336288,-0.4156669831132591,-1.0,-0.9745454545454355,0.9139966273187417,0.13674360112442668,0.1671807526218496,-0.3479768786126989,2.6037099494097697,0.11007075037479287,0.14978657353511982,0.154459753444539,1.0387858347386574,0.024076417681594874,0.01693983060169484,0.44449737970462755,3.584962500721156,2.3141842288373975,2.4924114671162974,-0.9101123595504506,-0.011235955056233598,0.7182185818433898,0.8178849859393973,-0.3258800161508012,-0.3581709962734184,-0.0,-0.5360998052073018,-0.47299056413387713,-1.0289389067524959,0.3971360760915653,2.0306784775683444,0.5168605512271763,0.5730314718414253,-1.0,-0.0,4.18769490096936,1.3862943611198906,0.0,2.8903717578961645,2.13153456998309,0.27899630996309965,1.8930774116805738,0.9224683544303699,0.7724030728744309,1.0,0.16526138279934277,1.143338954468764,24.460109817956077,0.4911946902654886,1.3539823008849705,1.5480607082630335,1.0,1.0,0.0,0.27899630996309965,1.0084317032040393,0.7551610092130877,1.0320404721752918,0.1417202286747844,0.999973016774846,-0.18694633365719837,-0.9618644067797136,1.0,1723893900000000000,-0.9733154238667943,0,18.0,False,2024-08,0.5403857904639365,-0.003237997560776154
ETHUSDT:5:1723888500000000000:-1:1723892880000000000:1,ETHUSDT:5:1723888500000000000:-1,ETHUSDT,-1,1723892880000000000,1723864380000000000,2597.95,2601.1000000000004,2594.61,1.0603174603171786,2596.07,0.0,5:1723888500000000000:-1,OBSERVED_OPPOSING_STRUCTURE,2596.8,2598.13,2598.13,2591.2,CONTROL_ACCEPTANCE_RETURN,-0.912521440823218,-0.27154803072497474,-1.0,-0.7256857855360839,-0.5077186963979147,0.2686660827994905,-0.1129770992366434,-0.8493150684931046,1.2727272727272019,0.2095071671933233,0.06876737720111421,-0.28326996197718857,-1.2830188679243693,0.05558695659621601,-0.019118699519475698,-0.02795208214488243,3.584962500721156,2.409943611314545,3.063464837049486,-0.37499999999969547,0.35714285714297317,0.45749900903534113,0.5495682833429546,-0.09158776066662015,-0.10939357550733057,0.34285766073005597,0.1893517486295515,-0.19885061652021696,-1.5126067909135683,0.10509994901089034,1.744645687932118,-0.612818645408805,-0.47191841520491606,-1.0,-0.0,1.985313201139936,1.7578579175523736,0.0,3.912023005428146,0.7101200686106443,0.24527240084920005,2.879091437470459,1.3860369609855279,0.702617183364201,0.0,-0.6449399656945218,1.0806174957119516,12.12494466791334,0.9902952380950665,1.0603174603171786,1.145797598627606,1.0,1.0,1.584962500721156,0.24527240084919993,1.4408233276157796,0.751356185914921,0.5111492281302519,0.18737568415054093,0.6308416620617733,-0.27154803072497474,-0.9962686567163362,0.0,1723897860000000000,-0.9602104625740621,0,83.0,False,2024-08,0.4799478271246838,-0.013064455847653126
ETHUSDT:5:1723893300000000000:1:1723895160000000000:1,ETHUSDT:5:1723893300000000000:1,ETHUSDT,-1,1723895160000000000,1723892760000000000,2597.64,2600.0,2595.0200000000004,1.110169491525125,2599.5,0.0,5:1723893300000000000:1,OBSERVED_OPPOSING_STRUCTURE,2597.51,2598.67,2599.73,2595.01,CONTROL_REJECTION_RETURN,-0.205787781350448,0.27720204453651087,-0.21917808219176588,-1.0,0.43729903536982995,0.22761443897309283,0.10044313146234013,-0.1688888888887352,-0.32154340836013895,0.20472394312091585,-0.02140410958904098,-0.4653014789533745,-0.3311897106108612,0.05925754107737989,-0.005274747785116824,0.1565160445317535,1.584962500721156,1.4028236630711013,2.668810289389212,-0.8725490196077339,-0.12745098039226613,0.4548004100128951,0.8908193730258289,-0.4151508679597577,-0.8442943176045276,-0.9625046681471794,-1.3559384810657438,-1.9930911933951467,0.1646252163493404,0.42404251962297657,-0.46067033487161013,0.013256515746853381,0.13912692651147118,-0.0,-0.0,0.07281136853559234,1.2237754316221157,0.0,2.995732273553991,0.15755627009639792,-0.006049443991147076,2.2329661256261786,0.5857461024498402,0.4548004100128951,0.0,0.5980707395498994,0.7588424437299689,9.085169615497634,1.3214338983050131,1.110169491525125,0.8424437299033828,1.0,0.0,1.584962500721156,-0.006049443991146992,-0.37942122186491134,0.44158236096423503,0.8778135048231852,0.12369695653515651,0.4394150995068001,-0.4146237876751911,-1.0,0.0,1723896960000000000,-0.9547319399241166,0,30.0,False,2024-08,0.5213039207064702,-0.013104169230799758
XRPUSDT:5:1723894500000000000:1:1723897140000000000:1,XRPUSDT:5:1723894500000000000:1,XRPUSDT,1,1723897140000000000,1723896360000000000,0.5648,0.5644,0.5654,1.5000000000002776,0.5651,0.0,5:1723894500000000000:1,OBSERVED_OPPOSING_STRUCTURE,0.5648,0.5649,0.5655,0.5647,CONTROL_ACCEPTANCE_RETURN,-0.8571428571428799,-0.13351203329114034,-0.7499999999998266,-1.0,0.1428571428571202,0.11206755198641338,0.03999999999998934,-0.40000000000006664,1.1428571428571201,-0.022035161558099675,0.0784313725490194,0.3333333333332982,2.8571428571427213,0.06125097652252177,0.04878048780487739,0.5882352941176221,0.0,0.0,2.4285714285713604,-1.0,0.0,0.3099539719107893,0.7313309675302443,-0.39868341053645723,-0.03762662729477685,-1.7702248185513803,-3.5391970456877253,-0.9978660559986062,-0.41399499004315876,0.20394012766895397,0.7396441848114484,-0.061082984811833774,0.4032129580456717,0.5,1.0,1.4545454545454088,1.9740810260220096,0.0,2.639057329615259,0.5714285714284808,0.4526705330471353,1.7655422928230822,1.7500000000002776,0.48181825928237965,0.0,-0.4285714285715192,0.5714285714284808,7.08215297450347,1.6938000000001863,1.5000000000002776,0.8571428571428799,1.0,1.0,0.0,0.4526705330471352,1.0,0.6774994976306246,0.7142857142857596,0.21154878122338167,0.4284955410799537,-0.13351203329114034,-0.7499999999998266,0.0,1723897620000000000,0.13052183421518984,1,8.0,False,2024-08,0.2128348718412829,-0.023144665410615894
ETHUSDT:60:1723888800000000000:1:1723901520000000000:1,ETHUSDT:60:1723888800000000000:1,ETHUSDT,1,1723901520000000000,1723900320000000000,2604.37,2598.54,2611.41,1.2075471698113296,2606.47,3.584962500721156,60:1723888800000000000:1,OBSERVED_OPPOSING_STRUCTURE,2603.5,2606.51,2611.42,2606.51,CONTROL_ACCEPTANCE_RETURN,-1.1597444089457656,-0.08909978229123364,-1.0,-0.6764705882353597,-1.517571884984083,-0.19453001320586422,-0.42600896860987936,-0.7331536388140776,1.1501597444089602,0.048546607756598414,0.0648414985590762,-0.20219328307061923,0.20766773162942986,-0.04247016555829654,0.003129363054258799,0.2005469462169589,3.584962500721156,2.8641038310755547,0.9414607948442454,-0.5481171548117219,0.37656903765677163,1.9790416337694245,0.9359365519348137,-0.414110980534167,0.4449315137167163,-1.1517773844682555,-1.6884266994743324,-0.9182124497156844,-1.252931841411626,-0.6578103988143059,1.075990280990537,-0.859761486169777,0.07416946341842312,-1.0,1.0,3.451521835024306,1.4150437744058766,0.0,3.258096538021482,2.130990415335567,0.34621167391016633,3.3496840216161696,1.4242424242423826,1.5141897686619559,1.0,-0.6709265175718813,1.8626198083067564,22.385452143896327,0.5354624356775366,1.2075471698113296,2.2492012779553447,1.0,1.0,1.584962500721156,0.3462116739101664,2.115015974441085,1.0413063067357191,0.1214057507987615,-0.027759565257328707,1.4359671197010049,-0.07559881470164564,-0.9969604863222603,1.0,1723901880000000000,-0.9717290995521706,0,6.0,False,2024-08,0.4940936741764793,-0.007500387507131789
XRPUSDT:60:1723838400000000000:1:1723911300000000000:1,XRPUSDT:60:1723838400000000000:1,XRPUSDT,-1,1723911300000000000,1723906620000000000,0.5681,0.569,0.5667,1.5555555555558023,0.5685,3.584962500721156,60:1723838400000000000:1,OBSERVED_OPPOSING_STRUCTURE,0.5681,0.5685,0.5686,0.5662,CONTROL_REJECTION_RETURN,-0.6250000000001388,0.12355449063535803,-1.0,-1.0,-2.0000000000002776,0.013486057608968847,-0.6153846153846483,-1.0,0.5,0.22739789246056186,0.03636363636363196,-0.5833333333333719,-3.2500000000004166,0.060100078072884096,-0.05752212389380519,-0.6363636363636731,0.0,0.0,2.8045977011494094,-1.0,-0.0,0.1782067960696112,0.45026024190115954,-0.24318201920533067,-0.07075126376194926,-0.8162961655577838,-2.3967085607456973,-1.20315883646399,-0.5996763629357991,-1.5697653285097468,0.7835195530726082,-0.43023467149053074,-0.28351955307260823,-0.5,-1.0,0.306772908366419,2.9932291433358724,0.0,4.3694478524670215,0.5,-0.09928710651612367,2.4323490812939736,0.8260869565217559,0.5449486306605558,1.0,0.5,1.125,15.842281288503798,0.7580666666667502,1.5555555555558023,1.7500000000002776,1.0,0.0,1.584962500721156,-0.09928710651612356,-1.5000000000001388,0.5261317405080917,1.5000000000001388,0.18201093403428745,0.7667262090512534,0.051778837697684106,-0.22222222222231816,1.0,1723914000000000000,-0.9653401288535822,0,45.0,False,2024-08,0.3264720499538057,-0.014911751230953956
XRPUSDT:5:1723909200000000000:1:1723912020000000000:1,XRPUSDT:5:1723909200000000000:1,XRPUSDT,-1,1723912020000000000,1723911060000000000,0.5679,0.5684,0.5670999999999999,1.5999999999998669,0.5679,0.0,5:1723909200000000000:1,OBSERVED_OPPOSING_STRUCTURE,0.5679,0.5681,0.5683,0.567,CONTROL_REJECTION_RETURN,-0.37499999999997397,-0.04180053541297301,-0.6,-1.0,-0.37499999999997397,0.49178919611520683,-0.13043478260868305,-0.38461538461531886,-1.1250000000000606,0.23265013473080143,-0.08910891089109128,-0.6190476190475536,-2.875000000000078,0.07594830001233899,-0.05122494432071156,-0.545454545454541,1.584962500721156,1.5686159179138452,1.7500000000001388,-0.9999999999998899,-0.0,0.23484394417712573,0.27317951108515676,-0.3073695499952102,0.6622809147168803,-0.0,-0.0,-0.599419846818252,-0.8356896551724218,-0.8691620111731865,-0.7007681564246775,0.4941620111732125,-0.4242318435753831,-0.5,-1.0,0.6,1.9459101490553132,0.0,2.8903717578961645,0.5000000000001041,-0.2944555447179897,1.228992938118263,1.0,0.33797370423014184,1.0,-0.0,0.6250000000000954,8.80436696601613,1.3635599999998471,1.5999999999998669,1.0000000000000695,1.0,0.0,0.0,-0.2944555447179896,-0.7499999999999479,0.3944427013896827,0.7499999999999479,0.3614395711360575,0.5882008478803878,-0.3589696817872641,-1.0,1.0,1723913100000000000,0.27924816118586643,1,18.0,False,2024-08,0.1716780827956676,-0.023797796356267633
XRPUSDT:5:1723909200000000000:1:1723913220000000000:1,XRPUSDT:5:1723909200000000000:1,XRPUSDT,1,1723913220000000000,1723911060000000000,0.567,0.5661,0.5680000000000001,1.1111111111113579,0.5679,0.0,5:1723909200000000000:1,OBSERVED_OPPOSING_STRUCTURE,0.5665,0.567,0.5683,0.5664,CONTROL_ACCEPTANCE_RETURN,-0.37500000000011274,-0.19410079935175298,-1.0,-1.0,-0.875000000000078,-0.3333270894719395,-0.36842105263161584,-1.0,0.24999999999998265,-0.251060795542269,0.02083333333333189,-0.23809523809531863,1.7500000000000173,-0.08915100937847045,0.030973451327432358,0.1363636363636227,1.584962500721156,1.8137383759468304,1.7500000000001388,0.0,-1.0,0.30954891075530366,0.28493103908014206,0.15047433570720026,-0.2678606155532014,-0.5930865158743082,-2.070485371110653,-0.02283818806358952,-0.818211963576801,-0.6355300634078866,0.35888116308468226,-0.2394699365921914,-0.10888116308469961,0.5,1.0,-1.5402390438246638,1.9459101490553132,0.0,3.6375861597263857,0.25000000000012146,0.020134327673615806,2.5647802040051397,3.249999999999653,0.6571751592167842,0.0,-1.1250000000000606,1.1249999999999218,15.873015873014126,0.7554000000000831,1.1111111111113579,1.2500000000001907,1.0,1.0,1.584962500721156,0.02013432767361584,1.5000000000000346,0.5877052242170331,0.25000000000012146,-0.051778837697684106,0.5355437124754887,-0.3111673168708755,-0.0909090909091215,0.0,1723913580000000000,0.33373151610703206,1,6.0,False,2024-08,0.48660862406362737,-0.010789822446181988
XRPUSDT:5:1723911900000000000:-1:1723915020000000000:1,XRPUSDT:5:1723911900000000000:-1,XRPUSDT,1,1723915020000000000,1723075920000000000,0.5685,0.5669,0.5706,1.3124999999999567,0.567,0.0,5:1723911900000000000:-1,OBSERVED_OPPOSING_STRUCTURE,0.5682,0.5689,0.5707,0.5689,CONTROL_REJECTION_RETURN,-0.7500000000001388,0.03208856014386548,-1.0,-0.7777777777778052,-2.2500000000002776,-0.2683205657293048,-0.5624999999999523,-0.8947368421052755,1.1250000000001388,0.08882056204612569,0.0756302521008405,-0.24999999999997224,3.6250000000004166,-0.009936650901107133,0.06373626373626375,0.23076923076924127,3.584962500721156,5.465031649895531,1.6250000000002776,-0.6,0.0,0.6045553365278782,0.8274829706000688,-0.33583069264565246,0.04787370014347546,-2.3217123791241523,-0.6200164140413023,-1.4187210245277702,-1.0711609797970603,-1.5709452528729382,1.0955788804071513,-0.6790547471273394,0.029421119592987433,0.5,1.0,-0.6796812749003893,1.6094379124341003,0.0,3.4965075614664802,0.0,-0.307404019983435,2.8759333721082765,0.5945945945945832,0.5795337580478594,0.0,1.8750000000002776,2.0000000000002776,28.144239226034227,0.42577499999998775,1.3124999999999567,2.6250000000002776,1.0,0.0,1.584962500721156,-0.307404019983435,-1.1250000000001388,0.7495897761218475,2.5000000000002776,0.23252048291189498,1.4841927596720736,0.04161431307477379,-1.0,0.0,1723918920000000000,-0.9756853157919364,0,65.0,False,2024-08,0.37309958901260154,-0.011303009311216475
ETHUSDT:5:1723921500000000000:1:1723922940000000000:1,ETHUSDT:5:1723921500000000000:1,ETHUSDT,1,1723922940000000000,1723922400000000000,2609.68,2607.02,2612.3799999999997,1.0150375939849496,2610.63,0.0,5:1723921500000000000:1,OBSERVED_OPPOSING_STRUCTURE,2609.05,2610.38,2612.39,2610.38,CONTROL_ACCEPTANCE_RETURN,-0.03068340306837551,-0.2710964769271064,-0.052631578947437134,0.21025641025635533,0.4630404463039993,0.4972595276858154,0.14409722222222687,-0.11983471074388818,-0.7224546722455005,0.03974748735189693,-0.06179909329516266,-0.05945945945946607,-0.022315202231626547,0.08589659188649307,-0.00037597518563955084,-0.503487894952831,0.0,0.0,1.0125523012552502,0.7961165048539317,0.029126213592421613,0.3009501211279383,0.5842417277288822,0.32272577562121907,-0.3457665757201407,0.0,0.038292462511968495,0.41892183087741713,-0.529420103419977,0.43873941363654645,0.7450497818547843,0.02430103266745287,-1.4675044541002848,1.0,1.0,-2.410894370651533,1.3862943611198906,0.0,2.302585092994046,0.49093444909337397,0.5650558430570491,1.6715771411937426,1.5397727272729549,0.2728848638604517,0.0,-0.26499302649937606,0.7419804741979993,10.19282057570221,1.1766992481203649,1.0150375939849496,0.7531380753137491,1.0,1.0,0.0,0.5650558430570491,0.5244072524407504,0.6227839898276861,0.17294281729437638,0.5844221541602858,1.0786421209587644,-0.17002181547107903,-0.4071856287425908,0.0,1723923720000000000,0.10107200939743803,1,13.0,False,2024-08,0.4695616004958522,-0.014735101453617581
SOLUSDT:5:1723922700000000000:1:1723925820000000000:1,SOLUSDT:5:1723922700000000000:1,SOLUSDT,1,1723925820000000000,1723923840000000000,141.076,140.866,141.29000000000002,1.0190476190478472,141.1,0.0,5:1723922700000000000:1,OBSERVED_OPPOSING_STRUCTURE,141.029,141.099,141.3,140.901,CONTROL_ACCEPTANCE_RETURN,-0.5313868613139147,0.08979892620275819,-0.9285714285716564,-1.0,-0.3620437956204228,0.05443308771095793,-0.12109375000000532,-0.12280701754394707,1.3138686131386486,0.027456564143504992,0.12155591572123435,0.3488372093022891,1.6759124087590713,-0.03354311566318788,0.03230526789734263,0.3470701867353434,0.0,0.0,1.447976878612775,-0.8366013071895267,-0.1633986928104733,0.44554838497871074,0.8685127135401964,-0.11538871424990843,-0.8464589019655527,-1.7533210732578741,-4.4439103831195315,-1.3926497231603936,-0.5099295323511345,-0.4484206915142097,0.904137330804561,0.08637689589378689,0.4097312823340875,-1.0,0.0,0.3876546769504525,1.5686159179138452,0.0,3.5263605246161616,0.5197080291970706,0.142282737823266,2.4471122196983885,1.1199999999999943,0.44554838497871074,0.0,-0.07007299270073235,0.613138686131325,14.885593580763528,0.8055485714286499,1.0190476190478472,0.6248175182482522,1.0,1.0,1.584962500721156,0.142282737823266,0.4525547445255493,0.5327800672859777,0.6160583941605361,0.01438658112612451,0.734837545169877,-0.7007459412022817,-1.0,0.0,1723926420000000000,-0.964127726351714,0,10.0,False,2024-08,0.6016358872009069,-0.007512202387007763
ETHUSDT:5:1723924200000000000:1:1723927860000000000:1,ETHUSDT:5:1723924200000000000:1,ETHUSDT,-1,1723927860000000000,1723900320000000000,2614.36,2617.05,2610.6600000000003,1.3754646840147744,2615.67,0.0,5:1723924200000000000:1,OBSERVED_OPPOSING_STRUCTURE,2613.79,2614.79,2615.74,2609.68,CONTROL_REJECTION_RETURN,-0.6756352765321972,-0.09836294419934324,-1.0,-1.0,-0.657698056801272,0.21190274210367277,-0.23655913978493626,-1.0,-0.352765321375271,0.053338955893912486,-0.028202676864252214,-0.27173913043483977,-0.1434977578475379,-0.08880751866184447,-0.00246002460024616,0.2513761467889687,3.584962500721156,3.2128577525426376,1.8953662182362014,-0.48201438848914746,-0.5179856115108525,0.7019418432512978,0.7972713715289009,-0.0952892233400455,-0.15882566908932522,-0.48171593176382643,-0.48171593176382643,-1.242658107939378,-0.2684469370146653,0.09780845556511653,0.8525970664365755,-0.7555065123663885,-1.2053623878118465,-0.0,-1.0,-0.9127733496832493,1.1631508098056809,0.0,3.9318256327243257,0.4095665171897996,-0.16685355614018635,2.4668609706342517,0.7813021702838241,0.7019418432512978,0.0,0.39162929745887437,0.8041853512705628,10.289325112073527,1.1668572490706082,1.3754646840147744,1.106128550074675,1.0,0.0,1.584962500721156,-0.1668535561401865,0.08968609865476217,0.5417580076172082,0.8340807174887716,0.10208721579474404,0.63922947274723,-0.2813553232007473,-1.0,0.0,1723929480000000000,0.26425421975534596,1,27.0,False,2024-08,0.6141693027027305,-0.006902390399933825
ETHUSDT:5:1723926600000000000:-1:1723929480000000000:1,ETHUSDT:5:1723926600000000000:-1,ETHUSDT,1,1723929480000000000,1723927260000000000,2610.16,2609.6699999999996,2613.1299999999997,6.061224489792585,2610.3,0.0,5:1723926600000000000:-1,OBSERVED_OPPOSING_STRUCTURE,2609.72,2610.65,2616.0,2609.73,CONTROL_REJECTION_RETURN,-0.5031250000000327,-0.39144548358617837,-0.3917274939172938,-1.0,-1.2843750000000216,-0.27662598278550776,-0.3925501432664612,-1.0,-0.8187500000000963,-0.15079490946239762,-0.06064814814815449,-0.848101265822783,-2.353125000000029,0.057022286271181284,-0.04198026425823926,-0.5421965317919082,0.0,0.0,1.6999999999998507,-0.992647058823704,-0.0073529411762960255,0.9250983434323716,0.8244397223112159,-0.29436026021751216,-0.04460981904837136,-0.6208162315146648,-0.19105035933275616,-0.4700727015117468,-0.33548257855101227,-0.9961089494163284,-1.0947712418300988,-0.28826605058369315,0.27602124183000243,0.0,1.0,-1.1469220246237826,1.1631508098056809,0.0,3.6375861597263857,0.19375000000010525,-0.25835942323107747,1.2276907841877687,1.0245614035088302,0.9250983434323716,1.0,-0.043750000000101694,0.15312500000007173,1.8772795537447378,6.391628571425486,6.061224489792585,0.9281249999999243,1.0,0.0,0.0,-0.25835942323107747,-0.49062500000004416,0.3938429374002114,0.9687499999999578,-0.24872980118781998,0.7110365618461242,-0.3621062052660305,-1.0,1.0,1723929600000000000,-0.9327783269215096,0,2.0,False,2024-08,0.1482409602661635,-0.024938117953934105
BTCUSDT:60:1723921200000000000:-1:1723931400000000000:1,BTCUSDT:60:1723921200000000000:-1,BTCUSDT,-1,1723931400000000000,1723929720000000000,59231.1,59294.6,59122.2,1.7149606299212827,59265.3,3.584962500721156,60:1723921200000000000:-1,OBSERVED_OPPOSING_STRUCTURE,59230.5,59237.5,59248.8,59122.1,CONTROL_ACCEPTANCE_RETURN,0.41439688715957795,0.27964443186909055,0.30127298444135486,-0.23792486583175831,-0.6264591439687972,-0.15493261409034947,-0.12470952749805365,-0.20971302428248384,2.6964980544746036,0.14008854567072976,0.13045933734939782,0.2337434094903339,4.8054474708169845,0.043391392994293905,0.07296466973886241,0.45018915510718793,0.0,0.0,1.3110151187904846,-0.7167630057802508,-0.2832369942197492,0.6099947019094323,0.9410935021002149,-0.3074914208176752,-0.25345347221657993,-0.0,-0.013618203741350143,-0.533449260968382,0.37526108145742565,-0.15341285619616296,2.544400265076184,-0.47304628777263424,0.15209778939841945,1.0,-1.0,0.8234767868914614,1.213923135179104,0.0,3.367295829986474,2.7859922178988388,0.6119285483731293,2.897369879483002,0.7611731843575187,0.5071720755191113,0.0,0.6653696498055136,1.235408560311249,10.720719351826997,1.119927874015748,1.7149606299212827,2.118677042801525,1.0,1.0,0.0,0.6119285483731294,2.554474708171049,1.4873339140345618,0.2509727626459356,0.13741314521426562,1.2646848121776901,-0.05284918808976026,-0.027658266748617582,0.0,1723931700000000000,-0.9578542138941932,0,5.0,False,2024-08,0.2235294757634235,-0.020733383588146692
ETHUSDT:15:1723927500000000000:-1:1723932120000000000:1,ETHUSDT:15:1723927500000000000:-1,ETHUSDT,-1,1723932120000000000,1723842780000000000,2609.51,2616.01,2602.7400000000002,1.0415384615384586,2609.68,1.584962500721156,15:1723927500000000000:-1,OBSERVED_OPPOSING_STRUCTURE,2605.99,2611.59,2605.99,2598.54,CONTROL_ACCEPTANCE_RETURN,-1.470588235294144,-0.4240696277056529,-1.0,-0.6797020484172476,-1.8006535947713453,-0.19042037447923751,-0.539666993144044,-0.7440476190477088,1.8366013071895395,0.12742824965595242,0.10749808722264385,-0.2565864833906337,1.1176470588234244,-0.027482494322304526,0.01904443701971088,-0.1738897806313775,1.584962500721156,4.719688639430683,1.2646048109965993,-0.7844611528822758,0.21553884711772422,0.9158356004216134,1.3963402519545838,-0.7762942362865412,-0.6733700604266896,3.2562558421056487,3.0842483615600713,3.6615930264482506,-1.1101653455437797,-1.748615725359958,1.2603464870067267,-0.05203786941138744,0.5762548201828128,-0.0,-1.0,0.6594541910330431,1.2039728043259361,0.0,3.7612001156935624,3.640522875817017,0.4253181138630673,2.995580806298749,0.9847396768402495,0.4229720258376429,1.0,0.055555555555431714,2.1241830065359855,24.908890941211183,0.48235569230769226,1.0415384615384586,2.212418300653628,1.0,1.0,1.584962500721156,0.4253181138630673,1.8366013071895395,0.8182212279070223,1.0326797385620623,0.1384159488238753,1.8555228422949932,-0.22339588278365274,-0.5674019607843689,1.0,1723941420000000000,-0.9715664726776062,0,155.0,False,2024-08,0.513903599041335,-0.007560551275778446
SOLUSDT:15:1723926600000000000:1:1723932720000000000:1,SOLUSDT:15:1723926600000000000:1,SOLUSDT,1,1723932720000000000,1723932060000000000,141.349,141.03900000000002,141.81400000000002,1.5000000000002292,141.3,1.584962500721156,15:1723926600000000000:1,OBSERVED_OPPOSING_STRUCTURE,141.198,141.529,141.824,141.529,CONTROL_ACCEPTANCE_RETURN,-1.4462659380693463,-0.4240869922035289,-1.0,-0.9715639810426527,0.9216757741347759,-0.0007083279124564523,0.18058529621698377,-0.2855209742896345,0.925318761384338,-0.087057513156086,0.06593977154724667,0.2089925062447726,3.890710382513756,-0.02585152380702812,0.06846153846153806,0.46897708216878864,0.0,0.0,1.0249784668389288,-0.822222222222241,-0.08888888888887954,0.9954279740170879,0.8662680970582904,-0.4643249043075148,0.31013321212975475,0.0,2.1705529541959923,0.6505261093238299,-1.2381972360453366,0.294589290635608,-1.6705426356589128,0.6270864834991678,2.595861397043251,-1.0,1.0,1.979702970297042,1.955388893009857,0.0,2.4849066497880004,1.9089253187614637,0.030991227350987947,2.2059836326216686,0.9064885496183624,0.866985265189788,1.0,0.17850637522761428,1.1293260473587838,21.931531174608512,0.5465574193548848,1.5000000000002292,1.6939890710384347,1.0,1.0,0.0,0.030991227350987947,0.7468123861566202,0.9615835686609512,0.8852459016393612,-0.0405469249367757,1.6039160212307968,-0.012549019607843137,-1.0,1.0,1723936140000000000,0.7128114999220223,1,57.0,False,2024-08,0.38243374487148346,-0.010718698234805289
BTCUSDT:5:1723936200000000000:1:1723937220000000000:1,BTCUSDT:5:1723936200000000000:1,BTCUSDT,1,1723937220000000000,1723936980000000000,59354.2,59335.0,59392.9,2.015625000000533,59371.0,0.0,5:1723936200000000000:1,OBSERVED_OPPOSING_STRUCTURE,59350.4,59361.0,59393.0,59342.7,CONTROL_ACCEPTANCE_RETURN,-0.3926754832147257,-0.1542339864787441,-0.3321858864027707,-0.9948849104860078,0.35605289928791,0.10327263621733701,0.08393285371702051,-0.34251290877800267,2.5147507629705808,0.11776381866216412,0.16401273885350157,0.5449241540256555,-1.8921668362157504,-0.05326518169451311,-0.027535974418191198,0.17074401008826512,0.0,0.0,2.2177009155646967,-0.9923273657290116,-0.002557544756996126,1.0960115084277124,1.126960183380234,-0.5072007036774921,-0.963439587449795,-1.0061286749718512,-1.1914105560872912,-1.2215052162682107,-0.36290983606565774,-0.7109090909091198,0.4274509803921435,1.0669619901970298,2.0872997825784374,-1.0,1.0,2.1288079470197587,1.2809338454620645,0.0,1.6094379124341003,0.43133265513729463,0.293795774702008,2.043073451580367,1.763636363636496,1.0960115084277124,0.0,-0.3418107833164528,0.39064089521867634,3.234817418143466,3.7090375000005618,2.015625000000533,0.7873855544253526,1.0,1.0,0.0,0.29379577470200813,0.3479145473041568,0.8513708921145683,0.28687690742622934,0.2545415318230853,0.4687018097527244,-0.5149397346297985,-1.0,0.0,1723937580000000000,-0.9383966337356763,0,6.0,False,2024-08,0.29888671174792064,-0.022174887269182427
XRPUSDT:5:1723934400000000000:1:1723937880000000000:1,XRPUSDT:5:1723934400000000000:1,XRPUSDT,-1,1723937880000000000,1723935960000000000,0.5653,0.5659,0.5647,1.000000000000185,0.5657,0.0,5:1723934400000000000:1,OBSERVED_OPPOSING_STRUCTURE,0.5653,0.5655,0.5655,0.5646,CONTROL_REJECTION_RETURN,-0.9090909090910192,-0.0635483441159489,-1.0,-0.7142857142857597,-0.18181818181816348,0.08983090038337872,-0.047619047619042586,-0.5555555555556104,0.36363636363632695,0.009571948993684644,0.02857142857142676,-0.1666666666667438,2.5454545454544903,0.08240634419625431,0.04347826086956222,0.29411764705882737,0.0,0.0,1.6666666666665433,-0.7500000000000694,0.2499999999999306,0.5116423139015935,1.0876231670926562,-0.47566144937790356,-0.4145935325602639,-0.0,-3.810803688655273,-0.614397774827263,-1.0286986148069137,0.026567001922014555,-0.634012725728925,-0.20838518374017803,0.9976490893652519,1.0,-1.0,-1.4220022002201143,1.8245492920510458,0.0,3.4965075614664802,0.18181818181816348,-0.2822017334246808,2.550621891457695,0.6363636363636731,0.5116423139015935,0.0,0.7272727272726539,1.0909090909089807,10.613833362815035,1.1312000000001246,1.000000000000185,1.0909090909091828,1.0,0.0,1.584962500721156,-0.28220173342468075,-0.36363636363632695,0.5809138749310465,1.0909090909091828,0.020869734202897863,0.7026284766480124,-0.24609640625601412,-1.0,0.0,1723938780000000000,-0.9576633813892259,0,15.0,False,2024-08,0.6100537101208121,-0.009853510606749482
BTCUSDT:5:1723938300000000000:1:1723939860000000000:1,BTCUSDT:5:1723938300000000000:1,BTCUSDT,1,1723939860000000000,1723906620000000000,59432.6,59372.0,59515.5,1.3679867986799248,59416.0,0.0,5:1723938300000000000:1,OBSERVED_OPPOSING_STRUCTURE,59406.7,59434.4,59532.0,59434.4,CONTROL_ACCEPTANCE_RETURN,-1.223671013039153,-0.48732208407933825,-1.0,-1.0,0.8826479438315202,0.17817952329001424,0.14276443867618566,-0.37577854671282296,1.9197592778334982,0.11617713252788235,0.11302704617927929,0.06226415094338256,-0.5516549648947001,-0.013124426963520243,-0.007763755963976191,0.5150036594291236,1.584962500721156,4.716115079939819,1.9257773319960443,-0.6710963455151276,-0.32890365448487235,0.6562450539095476,0.8436443130160062,-0.18969532690471128,-0.307690302501347,-1.069109272678892,-1.3887588022065689,-1.1830650957742155,-0.18995215311005068,-0.010233393177729422,0.3859964093357321,0.8928813370092497,1.533762868497766,-1.0,0.0,3.298675496688637,1.2237754316221157,0.0,2.70805020110221,2.3269809428285533,0.253352407375296,1.8444715776279725,0.8568965517241505,0.7981331607690134,1.0,0.3329989969909534,1.2156469408224737,10.196424184706466,1.17628316831686,1.3679867986799248,1.6629889669007798,1.0,1.0,0.0,0.25335240737529624,0.23269809428282615,0.7251066681929459,0.8445336008024027,0.2668063205942024,1.5354003405598544,-0.1334721964731671,-0.17665867306154118,1.0,1723940700000000000,0.2563693587756638,1,14.0,False,2024-08,0.47857059073032077,-0.012215683719314818
ETHUSDT:15:1723929300000000000:1:1723942800000000000:1,ETHUSDT:15:1723929300000000000:1,ETHUSDT,1,1723942800000000000,1723900320000000000,2615.4,2612.2,2619.0099999999998,1.1281249999998015,2616.0,1.584962500721156,15:1723929300000000000:1,OBSERVED_OPPOSING_STRUCTURE,2614.61,2618.1,2622.68,2618.1,CONTROL_ACCEPTANCE_RETURN,-0.7572463768114847,-0.004497151803857535,-1.0,-0.9904761904759822,-1.55797101449266,-0.21427714702250072,-0.34959349593494493,-0.996389891696672,0.8043478260870515,0.057599165019505995,0.03540669856459849,-0.1030303030302796,0.7934782608695876,-0.014061372313581181,0.010851791288836355,0.3968516984258672,3.584962500721156,3.367295829986474,3.000000000000039,-0.9937499999998632,0.00625000000013678,0.6827534866684358,0.7035680741442436,0.053252764883951254,-1.1027703469884154,-0.38396109225846686,-0.6131603083958659,-6.0094238941412017e-05,-0.8008045052292049,-1.3065164923570847,1.6494259301904697,-0.2514545221355753,-0.8450781041034182,0.0,1.0,2.278488916640589,2.6718471524382497,0.0,3.1780538303479458,2.4202898550724123,0.2622625001956189,2.3042809560607087,1.0898203592814257,0.5947747834615087,1.0,-0.21739130434779386,1.159420289855175,12.235222145753127,0.9801749999999163,1.1281249999998015,1.3079710144926393,1.0,1.0,0.0,0.26226250019561886,1.2318840579710515,1.030831041336391,0.9963768115942062,0.21615051607024913,1.6897790036521054,-0.21427714702250072,-0.34541062801930605,1.0,1723943340000000000,-0.9603613403858453,0,9.0,False,2024-08,0.5395486126825739,-0.010316676716811189
XRPUSDT:5:1723927200000000000:1:1723943640000000000:1,XRPUSDT:5:1723927200000000000:1,XRPUSDT,-1,1723943640000000000,1723941720000000000,0.5667,0.5673,0.5659,1.3333333333332718,0.5667,0.0,5:1723927200000000000:1,OBSERVED_OPPOSING_STRUCTURE,0.5667,0.567,0.5671,0.5658,CONTROL_REJECTION_RETURN,-0.7999999999998224,-0.6882767505027457,-1.0,-0.4285714285714286,-0.999999999999778,-0.39858314208078227,-0.19999999999992896,-0.6363636363636731,-2.1999999999997337,-0.21048203231195142,-0.10891089108910673,-0.4999999999999445,-1.7999999999998224,-0.013734142751989677,-0.024390243902439317,-0.6774193548386727,1.584962500721156,2.9923933722884763,1.5384615384615778,-0.4,0.2,1.8652223348670391,1.0400181244019695,-0.04303785968522317,-0.8318077629609043,1.7642907551163045,-0.0021815995931984133,0.9880695824696458,-1.0299180817986762,0.545593159531156,-2.1861836562763193,-1.545593159530934,-0.013816343723414448,-0.0,-1.0,-3.806160616061768,3.899950424193877,0.0,3.4965075614664802,1.0,-0.32993122616879417,2.415663048509316,1.0,1.8652223348670391,1.0,-0.0,1.1999999999999555,10.587612493383535,1.1339999999999149,1.3333333333332718,1.5999999999998669,1.0,0.0,0.0,-0.32993122616879417,-2.1999999999999558,1.1116727732457652,1.1999999999999555,0.036135978719974954,0.8319568271915991,-0.7558968244864636,-1.0,1.0,1723944240000000000,0.25939429872783804,1,10.0,False,2024-08,0.6307275411889717,-0.00635853153391618
SOLUSDT:15:1723936500000000000:1:1723944120000000000:1,SOLUSDT:15:1723936500000000000:1,SOLUSDT,1,1723944120000000000,1723941240000000000,142.059,141.249,142.93,1.075308641975317,141.9,1.584962500721156,15:1723936500000000000:1,OBSERVED_OPPOSING_STRUCTURE,141.811,142.499,143.089,142.499,CONTROL_ACCEPTANCE_RETURN,-0.43921568627449714,-0.09018796344197276,-1.0,-0.6994818652850305,-0.7058823529412158,0.039865888269635164,-0.13595166163142383,-0.8933823529411921,2.7764705882353375,0.1481074613684962,0.1340909090909102,-0.1463550361713999,4.839215686274631,0.03202153208460824,0.07239235011146498,0.16463909164639268,0.0,0.0,1.2878048780487668,-0.8220338983051909,-0.1610169491523546,0.23084705969336797,0.5507723650587977,-0.14463962215588214,-0.12782677929801217,-0.9145032577229095,-0.9145032577229095,-0.5602867690494423,-1.2710795102852144,-0.38396635823666747,1.7456536723596467,-0.32191599470454835,1.0308169158756908,1.0,1.0,0.0,1.8352445811677938,0.0,3.8918202981106265,4.662745098039271,0.3951203613167575,3.550237981270436,0.8662741799831852,0.4505656070043571,1.0,0.6235294117646849,3.1764705882353597,57.01856270986015,0.20985777777777717,1.075308641975317,3.4156862745099015,1.0,1.0,1.584962500721156,0.3951203613167575,2.5764705882353818,1.1801227062366755,1.403921568627492,0.09693452818177366,1.4582245610005469,-0.0228562406545745,-0.33102345415779666,1.0,1723946280000000000,-0.9857111321801663,0,36.0,False,2024-08,0.5860496776587109,0.00063071541889855
ETHUSDT:15:1723938300000000000:-1:1723947000000000000:1,ETHUSDT:15:1723938300000000000:-1,ETHUSDT,-1,1723947000000000000,1723946280000000000,2606.46,2608.05,2604.59,1.1761006289306413,2605.57,1.584962500721156,15:1723938300000000000:-1,OBSERVED_OPPOSING_STRUCTURE,2606.38,2607.12,2607.98,2604.58,CONTROL_ACCEPTANCE_RETURN,-0.4636678200692749,-0.14272725683212983,-0.7790697674418298,-0.377551020408045,-0.027681660899630024,-0.058073518370460014,-0.007017543859642965,-0.21393034825873913,2.6435986159170275,0.13245776281530963,0.15976578837307157,0.6620498614958386,1.3910034602076675,0.036585264704143944,0.02059004302397086,0.7384780278670875,0.0,0.0,1.7062556663644033,-0.5999999999999508,0.2594594594594183,0.9488070074604993,0.8582921435225941,-0.33623413786048595,-0.13914001605805498,0.8637174325543118,0.5554418415254503,0.46998131940488236,-0.1946259602773673,0.2585544373285544,2.533560955891349,-0.2862360982281844,0.11003766002567827,-1.0,-1.0,3.493045463981636,2.289162072661905,0.0,2.5649493574615367,0.5363321799308824,0.03779605152381183,1.8667955485647996,1.8989898989895557,0.9488070074604993,0.0,-0.30795847750862004,0.5501730103806974,6.100227895306836,1.9677396226413293,1.1761006289306413,0.6470588235294025,1.0,1.0,0.0,0.03779605152381182,0.6989619377162875,0.7388409602166153,-0.3044982698960876,-0.13740077533690231,0.5092341045779607,-0.09299912249626655,-1.0,0.0,1723947240000000000,-0.043110765617751436,0,4.0,False,2024-08,0.37897518777994027,-0.01940637814989323
BTCUSDT:5:1723944900000000000:-1:1723947960000000000:1,BTCUSDT:5:1723944900000000000:-1,BTCUSDT,-1,1723947960000000000,1723945740000000000,59460.2,59485.4,59366.0,3.738095238094475,59426.2,0.0,5:1723944900000000000:-1,OBSERVED_OPPOSING_STRUCTURE,59460.2,59480.3,59483.8,59365.9,CONTROL_ACCEPTANCE_RETURN,-0.10247349823313447,-0.6894825772308477,-0.15104166666654725,-0.37762237762224427,-0.26678445229678377,-0.40050162689804775,-0.09123867069485926,-0.742402315484757,0.008833922261483758,-0.13633296530585245,0.000701557457555791,-0.5795644891121354,-3.950530035335511,-0.05333934455024049,-0.06375819788993493,0.04437810945274212,0.0,0.0,2.676678445229579,-1.0,-0.0,0.37286560331736296,0.712160566314077,-0.1269647266755062,0.013478873697969518,-0.050454171633962375,-0.4139607313302651,-0.42375410029574645,-0.43885624316524374,0.003112689231750676,0.33211089679385364,-0.26989714152853445,-0.32327697453236987,-0.0,-0.0,-2.589207228316861,1.33500106673234,0.0,3.6375861597263857,0.1272084805653147,0.10374841365648303,1.379014956402677,1.563847429519112,0.5589184944564745,0.0,-0.6007067137808956,0.44522968197885854,4.238129034211854,2.8320380952376043,3.738095238094475,1.6643109540634886,1.0,1.0,0.0,0.1037484136564831,0.9770318021200265,0.4663705505891338,-0.06713780918719943,-0.28960194963444347,0.373504144943059,-0.6894825772308477,-0.14921465968579906,0.0,1723948440000000000,-0.9419976325041045,0,8.0,False,2024-08,0.14755500477354255,-0.02396386697679668
SOLUSDT:5:1723943400000000000:-1:1723949280000000000:1,SOLUSDT:5:1723943400000000000:-1,SOLUSDT,-1,1723949280000000000,1723942980000000000,141.944,142.76899999999998,141.11499999999998,1.004848484848508,142.06,0.0,5:1723943400000000000:-1,OBSERVED_OPPOSING_STRUCTURE,141.939,142.06,141.939,140.929,CONTROL_ACCEPTANCE_RETURN,-0.8900523560209149,-0.032034699395094623,-0.4257095158597257,-0.086065573770437,-1.640488656195437,-0.12910256643115317,-0.3425655976676412,-0.4534313725489889,-1.3333333333332342,-0.09819164273308284,-0.07955018742190278,-0.6397415185783308,-1.68935427574162,-0.06729534561238558,-0.027765029830196644,0.06018518518519633,1.584962500721156,2.1041341542702074,2.890052356020915,0.6865079365079951,-0.1230158730157929,1.279933664717781,1.0791564220526946,0.28121561992631056,0.9734614459523302,2.660656243302917,2.9432858289690778,1.5129445529021381,-1.1239662482683381,-1.7740649007179496,-1.7621342512910982,0.1335762445225126,0.428800917957864,-0.0,-1.0,-0.16273199703041819,1.1631508098056809,0.0,4.477336814478207,1.9162303664921445,-0.09176037676264229,2.169268780486682,0.8974358974358851,1.378456005457251,1.0,0.4048865619546679,2.8795811518323835,58.121512709236654,0.20706400000000283,1.004848484848508,2.893542757417092,1.0,1.0,1.584962500721156,-0.09176037676264229,0.37347294938917247,0.416597672891316,1.8534031413612528,0.08131024701751192,0.46042618372775945,0.056645087585681646,-0.192037470725971,1.0,1723949940000000000,-0.985946488354421,0,11.0,False,2024-08,0.5353971241402782,-0.0028905579680108227
XRPUSDT:5:1723944600000000000:-1:1723953660000000000:1,XRPUSDT:5:1723944600000000000:-1,XRPUSDT,1,1723953660000000000,1723075920000000000,0.5652,0.5645,0.5689,5.285714285713923,0.5652,0.0,5:1723944600000000000:-1,OBSERVED_OPPOSING_STRUCTURE,0.5652,0.5653,0.5693,0.5651,CONTROL_REJECTION_RETURN,-1.1999999999997335,-0.2581042627770618,-0.75,-0.5555555555553637,-2.7999999999996,-0.37916281884998737,-0.8750000000000087,-0.7777777777776819,-6.5999999999992,-0.05331254259997942,-0.28695652173913444,-0.8974358974358522,-1.5999999999996448,0.05985724494713673,-0.019801980198017953,-0.7446808510638128,3.584962500721156,5.509455810734814,3.399999999999467,-0.4999999999999306,1.387778780781406e-13,1.2873419034047024,1.1512560221535548,-0.5260295871555194,0.04049514060540854,1.310504345279906,3.1193643677784877,1.882396051921707,-1.5364727608493647,-2.5891043397967923,-7.2489254723864835,-0.2108956602028078,0.6489254723872833,-1.0,1.0,4.576677667767035,1.5260563034950494,0.0,4.897839799950911,1.1999999999999555,0.07023546534734271,2.3840511854409887,1.0,1.2873419034047024,1.0,0.0,1.399999999999911,12.384996461430182,0.9683142857142387,5.285714285713923,7.399999999999023,1.0,0.0,1.584962500721156,0.0702354653473427,-0.3999999999999112,0.504757824431497,0.7999999999998224,0.002881954851992647,0.6103774642651848,-0.3712025987653632,-1.0,1.0,1723955460000000000,-0.9605951413193465,0,30.0,False,2024-08,0.31879909190928796,0.00019864024292594665
SOLUSDT:15:1723947300000000000:-1:1723956780000000000:1,SOLUSDT:15:1723947300000000000:-1,SOLUSDT,-1,1723956780000000000,1723953660000000000,141.12,141.53199999999998,140.47199999999998,1.5728155339807273,140.929,1.584962500721156,15:1723947300000000000:-1,OBSERVED_OPPOSING_STRUCTURE,141.108,141.19,141.399,140.462,CONTROL_ACCEPTANCE_RETURN,-0.7057010785824749,-0.23628075506983812,-1.0,-0.9515570934255735,-0.2989214175655109,-0.04317319590432548,-0.09908069458632555,-0.9621621621621357,0.5454545454545215,0.04431647828673409,0.038436482084690436,-0.24150943396229074,5.457627118644019,0.01722011686755825,0.08900839322511007,0.5362931642001336,0.0,0.0,1.9516908212560276,-0.3000000000001218,-0.499999999999797,0.43723318552666396,0.39627632580474836,-0.11892244011480399,0.45247097953048787,0.28343867804148104,0.3543767632807615,-0.07238273126167973,-0.9861788617885776,-0.568563685636841,0.8739938080494953,0.2696422680713301,-0.3285392625949738,-0.0,-1.0,1.049137187932027,2.087740344494531,0.0,3.970291913552122,0.39445300462253974,0.12316184523722601,2.5688565790965963,1.4089935760171246,0.43723318552666396,0.0,-0.5885978428351378,1.269645608628589,29.1950113378669,0.4116291262136144,1.5728155339807273,1.9969183359014597,1.0,1.0,1.584962500721156,0.12316184523722601,1.6178736517718846,0.5896698255340825,0.20030816640985405,0.10019338688053911,0.41308600838963644,0.09682457053617907,-1.0,0.0,1723957500000000000,-0.9763103851045634,0,12.0,False,2024-08,0.2793691838472906,-0.014519132184254388
XRPUSDT:5:1723950600000000000:-1:1723956900000000000:1,XRPUSDT:5:1723950600000000000:-1,XRPUSDT,-1,1723956900000000000,1723953120000000000,0.5656,0.5668,0.5640999999999999,1.2500000000000695,0.5662,0.0,5:1723950600000000000:-1,OBSERVED_OPPOSING_STRUCTURE,0.5656,0.5658,0.5658,0.5639,CONTROL_ACCEPTANCE_RETURN,-0.3333333333333333,0.009218311128880836,-1.0,-1.0,-0.5,-0.06201082392524288,-0.08108108108107621,-1.0,0.6666666666666666,0.16273898590039593,0.03333333333333025,-0.4782608695651964,1.500000000000185,-0.01501899922091739,0.021377672209026567,0.3703703703703658,3.584962500721156,1.0704414117014134,5.166666666667222,-0.9999999999998899,-0.0,0.3026389221672903,0.2919104085613045,-0.22270330087260393,0.2612184142886086,-0.0,-0.0,-0.4727796228983134,-0.977134146341453,-0.6091032608694894,0.6863777089782362,0.1091032608694894,-0.019711042311569615,1.0,-1.0,-5.585258525852852,2.174751721484161,0.0,4.204692619390966,2.00000000000037,-0.030185127589332467,1.7371771071605642,0.7391304347825982,0.3730094216597115,0.0,1.000000000000185,2.000000000000185,21.21640735502084,0.56620000000001,1.2500000000000695,2.50000000000037,1.0,1.0,1.584962500721156,-0.030185127589332478,0.6666666666666666,0.27161788715944785,2.000000000000185,0.2900726554230005,0.3539387232793302,-0.21823841166572,-1.0,0.0,1723972860000000000,-0.9426372985537258,0,266.0,False,2024-08,0.2695594424266705,-0.017906872714167722
SOLUSDT:5:1723954200000000000:1:1723958760000000000:1,SOLUSDT:5:1723954200000000000:1,SOLUSDT,1,1723958760000000000,1723957500000000000,141.392,141.054,141.756,1.0769230769231093,141.522,0.0,5:1723954200000000000:1,OBSERVED_OPPOSING_STRUCTURE,141.242,141.416,141.766,141.416,CONTROL_ACCEPTANCE_RETURN,-0.28437500000001903,-0.34290194186467254,-0.30033003300333005,-0.6639344262295339,-0.6156249999999943,-0.08663413570318676,-0.18257645968489464,-0.6733780760626082,0.9062499999999543,-0.04194335431747822,0.06737918215613195,0.4263803680981677,-1.0968749999999718,-0.006304674839727369,-0.01820633850303456,-0.3446088794926008,0.0,0.0,2.1881638846737865,-0.6464646464646943,0.06060606060606061,0.9509168753257148,0.9070726953047765,-0.18010601166898796,-0.5233033714532951,-0.687565882638852,-2.384914482679301,-0.2721906023860353,-0.29870190445478517,-0.7617940933712009,0.7007546029563421,0.14616909337120654,0.2054953970436122,0.0,1.0,-0.17300284098313834,2.4849066497880004,0.0,3.091042453358316,0.6687499999999803,0.1271544942838164,1.8138905499874034,1.5327868852458835,0.6633890613946304,0.0,-0.4062499999999764,1.0562499999999564,23.90517143827047,0.5013834319526718,1.0769230769231093,1.1374999999999873,1.0,1.0,0.0,0.1271544942838164,1.0624999999999862,0.7064845154166072,0.32500000000003443,-0.22629897283039907,0.9836255551134498,-0.12751927184916875,-0.22935779816512086,0.0,1723959000000000000,-0.9728930238255971,0,4.0,False,2024-08,0.4254020268807185,-0.01140919820589977
ETHUSDT:5:1723954800000000000:1:1723963620000000000:1,ETHUSDT:5:1723954800000000000:1,ETHUSDT,-1,1723963620000000000,1723957740000000000,2607.28,2609.4700000000003,2601.3100000000004,2.726027397260115,2607.6,0.0,5:1723954800000000000:1,OBSERVED_OPPOSING_STRUCTURE,2607.23,2607.55,2609.46,2597.51,CONTROL_REJECTION_RETURN,-0.3388960205391964,-0.322495124037639,-1.0,-1.0,-0.20025673940955166,0.07572582588402323,-0.15294117647057565,-1.0,-0.831835686777985,0.008375181380425036,-0.09975369458127964,-1.0,2.030808729139895,-0.005146382424415521,0.033612374112946646,0.37037037037036336,0.0,0.0,3.556129032257999,-0.4333333333336533,-0.5666666666663467,0.49711812513874964,0.6210975281724194,-0.07819930156756114,-0.03285493529403845,-0.03835429395637746,1.2661820392989576,-0.5992665858180858,-0.46032315978453975,-0.20745128337200225,-0.9589235127479123,0.007194543962450589,0.1270878259699273,-0.0,-1.0,0.2185560440961466,2.379546134130174,0.0,4.59511985013459,0.47753530166884106,-0.07309122336090633,1.7088202099847942,0.9682854311199486,0.5809012631350889,0.0,0.08215661103972027,0.562259306803611,8.399558160228493,1.42924657534243,2.726027397260115,1.532734274711124,1.0,0.0,0.0,-0.07309122336090644,-0.726572528883285,0.6442134486833143,0.2053915275995342,-0.018658621791233926,0.6044976834481017,-0.3843319492946902,-1.0082644628097186,0.0,1723965000000000000,0.6962291572967096,1,23.0,False,2024-08,0.22457522191253296,-0.018976464834803617
SOLUSDT:5:1723962900000000000:1:1723965120000000000:1,SOLUSDT:5:1723962900000000000:1,SOLUSDT,1,1723965120000000000,1723963560000000000,141.501,141.43300000000002,141.916,6.102941176471941,141.662,0.0,5:1723962900000000000:1,OBSERVED_OPPOSING_STRUCTURE,141.466,141.562,141.926,141.443,CONTROL_ACCEPTANCE_RETURN,-0.4667863554757568,-0.298666468002682,-1.0,-0.76763485477184,-0.5457809694793181,0.04487381834493529,-0.17798594847773944,-0.8763796909492576,0.9479353680431444,0.04373294934148336,0.07806031933767417,-0.18055555555551006,-2.201077199281913,-0.04292812252342318,-0.037711473392802855,0.08795811518324825,0.0,0.0,1.202872531418367,-0.7431192660550769,0.25688073394492306,0.6452629774553095,0.7117732052998591,-0.17819403276563045,-0.036437530203697166,-0.5024574203515986,0.4586865223343839,-0.09477144031262141,-0.432520325203222,-0.8014537107881763,-0.1686404040780524,0.2556727413088582,1.1165757721211969,0.0,1.0,-0.9699141847551509,1.1631508098056809,0.0,3.295836866004329,0.596050269299822,-0.10080264400377714,1.3440770366239987,1.6098484848485326,0.7073069512923397,0.0,-0.5780969479353855,0.24416517055649947,4.805619748269173,2.4964764705888363,6.102941176471941,1.490125673249555,1.0,1.0,0.0,-0.10080264400377714,0.5457809694794202,0.4491177382659011,0.03590664272897502,-0.010685636446193431,0.8011630421039605,-0.2992780275166871,-1.0,0.0,1723965900000000000,-0.9438288733498387,0,13.0,False,2024-08,0.12070446677423084,-0.02252176894053072
BTCUSDT:15:1723962600000000000:1:1723965540000000000:1,BTCUSDT:15:1723962600000000000:1,BTCUSDT,1,1723965540000000000,1723965300000000000,59557.6,59532.1,59625.5,2.662745098039273,59600.0,1.584962500721156,15:1723962600000000000:1,OBSERVED_OPPOSING_STRUCTURE,59534.9,59561.9,59625.6,59532.2,CONTROL_ACCEPTANCE_RETURN,-0.5034429992348946,-0.2411384163859207,-1.0,-0.8846153846153308,0.024483550114743555,0.1018635538500425,0.007117437722413594,-0.4561027837258874,0.03213465952560787,0.036528859352515666,0.002791439585269969,-0.13712374581941178,-0.191277735271608,0.002955315558182856,-0.0027600521097838186,0.5203539823008785,0.0,0.0,1.4074074074073926,-0.9146757679180972,0.0784982935154499,0.902516570427669,0.9110499230742342,-0.24044353056937917,-0.6241077780267364,-0.016790440194869305,-0.35243975379128933,0.5655362892986405,-0.3057644577975729,0.0382580352200233,-0.1253960848713226,-0.013774485105279746,0.15753074439693046,-1.0,1.0,0.2012571408727042,1.3862943611198906,0.0,1.6094379124341003,0.3917368018362309,0.5224574271086743,2.1985279391884482,2.656250000000151,0.902516570427669,0.0,-0.6488140780413166,0.3902065799540803,4.281569438661061,2.8021105882352937,2.662745098039273,1.039020657995397,1.0,1.0,0.0,0.5224574271086743,1.384850803366442,0.9564139533655327,0.573833205814824,0.7035307080578711,1.3952903799198957,-0.39097384902232635,-1.0,0.0,1723965660000000000,-0.9421262945101591,0,2.0,False,2024-08,0.3153581770479416,-0.018998640504142572
XRPUSDT:5:1723960200000000000:1:1723965840000000000:1,XRPUSDT:5:1723960200000000000:1,XRPUSDT,-1,1723965840000000000,1723961760000000000,0.5656,0.5658,0.5646,5.000000000000555,0.5655,0.0,5:1723960200000000000:1,OBSERVED_OPPOSING_STRUCTURE,0.5655,0.5656,0.5656,0.5645,CONTROL_REJECTION_RETURN,-0.6666666666666666,-0.6460086611810174,-0.6666666666666666,-0.6666666666666667,-1.3333333333335184,-0.44468824992281775,-0.36363636363632235,-0.8333333333333488,-0.16666666666666666,-0.14557457839562443,-0.016949152542370966,-0.8333333333333488,3.00000000000037,0.04125858768975286,0.058064516129033183,0.0555555555555487,0.0,0.0,1.6666666666668517,0.9999999999998899,-0.0,0.36526683374134983,0.42899560551837274,0.18145338293636615,0.21631214700928014,1.7677214071065706,1.7677214071065706,1.1767226356654028,-0.3673840931690492,-0.8368955436648582,-0.0717819886788792,-0.49643778966866026,-0.09488467798778746,1.0,-0.0,0.0,1.8245492920510458,0.0,4.23410650459726,0.3333333333333333,-0.03990310117377901,2.705364158416557,1.099999999999989,0.9111460991154692,1.0,-0.16666666666666666,0.3333333333333333,3.5360678925031466,3.394200000000373,5.000000000000555,1.6666666666668517,1.0,0.0,1.584962500721156,-0.03990310117377892,-0.8333333333335183,0.6578571972689969,0.5,0.012163516760210349,0.46995573614594877,-0.6460086611810174,-0.6666666666666666,1.0,1723965960000000000,-0.939533899935808,0,2.0,False,2024-08,0.33744354346657884,-0.014304441387552706
BTCUSDT:5:1723963200000000000:-1:1723968660000000000:1,BTCUSDT:5:1723963200000000000:-1,BTCUSDT,-1,1723968660000000000,1723967640000000000,59507.7,59545.7,59429.1,2.0684210526315407,59506.0,0.0,5:1723963200000000000:-1,OBSERVED_OPPOSING_STRUCTURE,59502.9,59545.4,59545.5,59401.1,CONTROL_ACCEPTANCE_RETURN,-0.42611683848789217,-0.32355803790100435,-0.4940239043823402,-0.9327731092434612,-0.03608247422677867,0.12030318297002007,-0.005890603085549795,-0.47543252595153684,0.6340206185567181,0.10967530391586262,0.035773145904024424,0.05033407572384374,-1.8505154639174526,-0.003213800422560974,-0.025623944231637826,-0.18924455825862796,0.0,0.0,1.1420838971583192,-0.7268907563024015,-0.20588235294105958,1.197449883719578,1.0784835212375798,-0.26597450710369286,-0.5397462075774547,-2.639010287097676,-3.5798147665300206,-4.843487873245464,-0.9948805460749897,-0.613106796116468,-0.20606796116496118,0.5770243218896893,0.8400885797216793,-0.0,-1.0,-0.23443593617057812,2.760009940032921,0.0,2.8903717578961645,1.1374570446734753,0.5756180938736719,2.3971342728216865,1.0162059103908205,1.0533112420987563,1.0,-0.029209621993076775,0.6529209621993045,6.385728233489112,1.879790526315789,2.0684210526315407,1.350515463917484,1.0,1.0,0.0,0.575618093873672,1.4261168384879548,1.0980542786504053,0.9003436426116976,0.3559266122299375,1.4263981481423929,-0.39777820663711166,-0.7942857142856314,1.0,1723969860000000000,-0.9484258695034168,0,20.0,False,2024-08,0.29152864702147485,-0.0192381948028295
BTCUSDT:15:1723958100000000000:1:1723971720000000000:1,BTCUSDT:15:1723958100000000000:1,BTCUSDT,1,1723971720000000000,1723971240000000000,59655.6,59626.8,59699.8,1.5347222222226065,59666.0,1.584962500721156,15:1723958100000000000:1,OBSERVED_OPPOSING_STRUCTURE,59650.0,59656.8,59699.9,59631.0,CONTROL_ACCEPTANCE_RETURN,-0.15489361702125182,0.1755933836785219,-0.16636197440581021,-0.9954954954955612,0.9957446808510638,0.24040233103638592,0.2682255845942157,0.17886932344759376,3.383829787233968,0.10856427777850991,0.22074172773705256,0.7034805890227411,3.4553191489361703,0.0006860280128939248,0.05303307382830865,0.729960377933538,0.0,0.0,3.3794893985287966,-0.927536231884058,-0.06666666666675103,0.7169151348275373,0.8793419457430037,-0.22512870790954503,-0.8327649020309229,-1.0503234151792995,-0.45335888968156546,-1.3937225824620874,0.05469373251007072,0.7487814313346635,3.066914893616741,0.24696324951640036,0.316914893617227,1.0,1.0,0.07525243177657792,2.747270914255491,0.0,2.1972245773362196,0.425531914893617,0.44025896785148394,2.074413105163653,1.3067846607669915,0.7169151348275373,0.0,-0.17702127659576944,0.4902127659573725,4.827711061492238,2.4850500000003763,1.5347222222226065,0.7523404255319892,1.0,1.0,0.0,0.44025896785148394,0.4697872340425284,0.8721192573745801,0.5634042553191242,0.1576506384000887,0.6179130165674834,-0.5891364052487031,-1.0,0.0,1723972140000000000,-0.033256244698290235,0,7.0,False,2024-08,0.36517020258729976,-0.019700920067816968
ETHUSDT:5:1723971300000000000:1:1723974000000000000:1,ETHUSDT:5:1723971300000000000:1,ETHUSDT,1,1723974000000000000,1723972080000000000,2617.93,2614.14,2625.99,2.1266490765171566,2618.49,0.0,5:1723971300000000000:1,OBSERVED_OPPOSING_STRUCTURE,2617.68,2619.32,2626.0,2619.32,CONTROL_ACCEPTANCE_RETURN,-1.4763636363637387,-0.28761810955642003,-1.0,-1.0,-1.38545454545464,-0.1938331085817535,-0.27789934354489915,-1.0,2.440000000000215,-0.10623918812176718,0.1053540587219386,-0.09127789046655621,5.367272727273085,-0.038705625275081444,0.07898961789574836,0.38113496932513913,0.0,0.0,2.6472727272728536,-0.5062761506275609,-0.49372384937243907,0.5898600683463487,0.9547910765794063,-0.11598967505248509,-0.13811800657868195,-1.6163004642189005,-1.3843792991263815,-1.9369878695391842,-1.3964379947227221,-1.3892971935715948,1.595000000000142,0.0038426481169546722,0.8450000000000728,0.0,0.0,2.2957655250586897,1.2809338454620645,0.0,3.4965075614664802,1.8400000000002976,0.03458871639344136,1.6278960549282617,1.0745672436750904,0.7389290838692222,1.0,-0.20363636363636062,1.378181818181919,14.477086858701202,0.8282960422163667,2.1266490765171566,2.9309090909093136,1.0,1.0,0.0,0.03458871639344142,0.6909090909091811,0.5980832212826124,1.5272727272727875,0.03810660229239394,1.2996712789558709,-0.22265240146060988,-0.11865793780688627,1.0,1723974480000000000,0.8293539251998984,1,8.0,False,2024-08,0.3437939217225758,-0.011538391146742337
XRPUSDT:5:1723968600000000000:-1:1723974120000000000:1,XRPUSDT:5:1723968600000000000:-1,XRPUSDT,1,1723974120000000000,1723075920000000000,0.565,0.5643,0.5657,1.0000000000001585,0.5644,0.0,5:1723968600000000000:-1,OBSERVED_OPPOSING_STRUCTURE,0.5649,0.565,0.5669,0.5646,CONTROL_REJECTION_RETURN,-0.25000000000020817,-0.5830949195804608,-0.20000000000017765,-1.0,-3.499999999999584,-0.5044099802013923,-0.5000000000000396,-0.8666666666666865,-0.5000000000001388,-0.08813531797450143,-0.02702702702703838,-0.9000000000000111,0.0,-0.010606681047083732,0.0,-0.5200000000000427,3.584962500721156,5.532203014394148,1.749999999999792,-0.66666666666679,-0.33333333333320997,0.7042350111196486,0.8187244879432977,-0.15913073995962318,-0.22086476914899122,-2.617898552051967,-1.32197318038485,-2.2632962772302974,-1.0335070449719712,-0.3662940753177799,1.4729341377745664,-3.133705924681804,-1.9729341377747052,0.0,0.0,0.0,1.33500106673234,0.0,4.3694478524670215,0.0,-0.26357753279720014,2.625339157992044,0.7600000000000213,0.9764891157225304,0.0,1.4999999999995837,1.7499999999995144,12.389380530972089,0.9679714285715351,1.0000000000001585,1.749999999999792,1.0,0.0,1.584962500721156,-0.26357753279720014,-0.7499999999997918,0.6173187466060223,1.9999999999997224,0.23609723487972584,0.5693138149777895,-0.6268619697603873,-0.5714285714286395,0.0,1723974420000000000,0.17281584709362965,1,5.0,False,2024-08,0.4006393200296568,-0.016184312416474982
SOLUSDT:60:1723953600000000000:1:1723978020000000000:1,SOLUSDT:60:1723953600000000000:1,SOLUSDT,1,1723978020000000000,1723975620000000000,143.899,142.85000000000002,145.115,1.1591992373689548,143.3,3.584962500721156,60:1723953600000000000:1,OBSERVED_OPPOSING_STRUCTURE,143.834,144.083,145.125,144.083,CONTROL_ACCEPTANCE_RETURN,-3.7763975155279437,-0.363917930129705,-1.0,-0.910204081632632,-2.7494824016562385,-0.08418302250942535,-0.2835183603757368,-0.9197812215131982,6.082815734989572,0.0462030384558903,0.15117834722650988,-0.3941419304108511,8.923395445134505,0.017443866684118466,0.10017198902988893,-0.1321839080459779,0.0,0.0,2.046880634691689,-0.8390151515151425,0.005681818181845096,0.6790399521079807,0.9696250360773653,-0.9935657874505066,-0.32458688533967506,-0.41623157120196375,4.899465613551479,0.0174230502321273,-3.4173393124064995,-3.117339312406533,3.932758620689781,0.3678569107502945,2.1500571142997913,1.0,1.0,4.549649491763084,1.9624394510065237,0.0,3.713572066704308,17.163561076604335,-0.01754432804589492,3.3010812289166904,0.6717808219178119,0.6790399521079807,0.0,2.4803312629398944,4.3436853002069125,72.89835231655384,0.1640127740705468,1.1591992373689548,5.035196687370592,1.0,1.0,1.584962500721156,-0.01754432804589492,2.153209109730873,1.0089785610157227,5.163561076604452,0.07004499970127388,1.7179260218760475,-0.3483496105822722,-1.0,0.0,1723984200000000000,0.8908818143068867,1,103.0,False,2024-08,0.13467550325445113,-0.022804959068854453
BTCUSDT:5:1723977300000000000:-1:1723982580000000000:1,BTCUSDT:5:1723977300000000000:-1,BTCUSDT,-1,1723982580000000000,1723978020000000000,60047.1,60106.9,59850.1,3.2943143812707425,59943.5,0.0,5:1723977300000000000:-1,OBSERVED_OPPOSING_STRUCTURE,60040.0,60054.5,60055.5,59705.6,CONTROL_ACCEPTANCE_RETURN,-0.8199853049227516,-0.01937875638937254,-0.49380530973444287,-1.0,-3.312270389419424,-0.33421279308731067,-0.5576447303315166,-1.0,-2.252755326965306,-0.0788254778606664,-0.13150896457063838,-1.0,-8.239529757530832,-0.0435110901116387,-0.10327298178402203,-0.6643050367126049,0.0,0.0,2.9889786921380272,-1.0,-0.0,0.9037808374106444,0.6848666607273554,-0.32389645398506406,-0.13206898761940894,-0.49963276991471517,-0.9349294096250294,-1.089184105187617,-1.4765360425737453,-1.9776245766811065,-1.3325557344033239,-1.3346458127383176,-0.9201995925619821,-1.0,-1.0,0.4783671687404658,1.2237754316221157,0.0,4.343805421853684,2.3071271124172417,0.3913342780410822,2.172641554782833,1.4354770912147874,0.9037808374106444,0.0,-1.5224099926523749,0.8787656135194761,9.958848970225525,1.205558528428035,3.2943143812707425,2.8949301983834177,1.0,1.0,0.0,0.3913342780410822,3.9353416605435925,0.9385569973389278,-1.8339456282145126,-0.2981298636277969,0.7582223916514763,-0.26613057859163025,-1.0,0.0,1723984380000000000,-0.956455164216306,0,30.0,False,2024-08,0.17507203920034065,-0.019541473796111746
SOLUSDT:5:1723977300000000000:-1:1723982640000000000:1,SOLUSDT:5:1723977300000000000:-1,SOLUSDT,-1,1723982640000000000,1723978020000000000,144.62,144.962,144.155,1.359649122807089,144.083,0.0,5:1723977300000000000:-1,OBSERVED_OPPOSING_STRUCTURE,144.514,144.635,144.669,143.485,CONTROL_ACCEPTANCE_RETURN,-0.6551724137931136,-0.13218482763525166,-0.37999999999999545,-0.32803180914517904,-2.137931034482833,-0.027773404288818214,-0.40897097625329587,-0.5912938331318427,-1.7689655172414458,-0.004006973855524461,-0.0984455958549225,-0.7407975460122913,-11.1931034482762,-0.027248980383517054,-0.14119182253153562,-0.09527622097678567,1.584962500721156,1.8352445811677938,6.641379310344967,0.6936936936937398,-0.17117117117123576,0.8209061586038149,0.8505716087342075,0.3624807264590349,0.4319489563808888,-0.4134253336340876,0.625176016546547,-0.5087393537742738,-0.462471131639697,-1.8998548621189364,-0.8215747415131883,-0.23807617236389667,-0.9473907757282575,-1.0,-1.0,4.434855066941065,1.2237754316221157,0.0,4.356708826689592,1.6103448275861978,0.23511279248984168,1.2241437637599113,1.8979933110368223,1.057501412945431,0.0,-1.8517241379311065,1.1793103448275652,23.64818144101677,0.508038596491251,1.359649122807089,1.6034482758621247,1.0,1.0,0.0,0.23511279248984168,3.020689655172513,0.3922113383082068,-0.3724137931034726,-0.07088241372184335,0.55188070056685,-0.08662788588290783,-0.27149321266968907,0.0,1723983420000000000,0.6589906644748446,1,13.0,False,2024-08,0.4615506788624297,-0.0073650371680632695
XRPUSDT:60:1723737600000000000:1:1723984980000000000:1,XRPUSDT:60:1723737600000000000:1,XRPUSDT,1,1723984980000000000,1723571460000000000,0.575,0.5679,0.5823,1.0281690140845197,0.573,3.584962500721156,60:1723737600000000000:1,OBSERVED_OPPOSING_STRUCTURE,0.5699,0.5759,0.5844,0.5759,CONTROL_ACCEPTANCE_RETURN,-1.6666666666665433,-0.24792456205419097,-0.625000000000026,-0.280000000000064,10.833333333332439,0.16526999951589247,0.28888888888888714,-0.17500000000000837,14.666666666665433,0.15138369171227312,0.2933333333333347,-0.01621621621622038,16.333333333331975,0.06752373370326747,0.1489361702127653,0.03589743589743177,3.584962500721156,5.140005262214434,2.0930232558139426,-0.5000000000000278,0.3999999999999778,1.405490983670202,1.1949107544581399,-1.1764298473808252,-0.5787275556335817,-1.7388280299079906,-12.479558275274583,-0.23895264107025732,0.14280045485772358,2.429901408912526,5.085329930374093,8.403431924419912,9.581336736291341,1.0,1.0,2.3347398030941866,4.241806253898562,0.0,2.4849066497880004,18.999999999998703,0.36146792972284697,4.164806529499282,0.8245614035087729,0.9546071869788519,1.0,3.3333333333330866,11.833333333332439,100.0,0.09658309859154936,1.0281690140845197,12.166666666665895,1.0,1.0,0.0,0.36146792972284686,10.166666666665895,2.6156457704555236,2.4999999999997224,0.15691193133856218,3.316770786548571,-0.24792456205419097,-0.714285714285737,1.0,1724023500000000000,-0.9890367137815588,0,642.0,False,2024-08,0.3373413292827502,-0.011473661831905438
ETHUSDT:5:1723977600000000000:1:1723985640000000000:1,ETHUSDT:5:1723977600000000000:1,ETHUSDT,1,1723985640000000000,1723984680000000000,2663.96,2653.12,2688.24,2.2398523985239316,2660.93,0.0,5:1723977600000000000:1,OBSERVED_OPPOSING_STRUCTURE,2660.97,2665.54,2688.25,2665.54,CONTROL_ACCEPTANCE_RETURN,-0.5303030303029773,-0.48333083653930903,-0.6568364611258733,-0.6543689320388599,1.562770562770578,0.25161418133375657,0.19070258848389637,-0.5412436548223336,3.8679653679652453,0.20082681174606534,0.19388087230118126,-0.03736920777279529,10.168831168830913,0.07854303219147063,0.12908721217783284,0.34439946018893397,0.0,0.0,4.683834048641031,-0.657794676806177,0.3346007604563592,0.6423161714572195,0.660078849944283,0.303774540790101,-0.531266871658763,-0.6720574525043155,-1.6134514033505631,-0.024280554648676518,-0.7213717454194886,-1.176268189854449,2.933834430963918,2.739038752625027,0.9341309370013273,0.0,0.0,-9.772768353211024,3.202746442938317,0.0,2.833213344056216,5.913419913419798,0.1424648648086802,2.1759516387056284,0.8890922401171236,0.4947917040168186,0.0,0.6558441558441823,2.3463203463203177,40.69130167119681,0.29430332103320633,2.2398523985239316,5.255411255411066,1.0,1.0,0.0,0.14246486480868026,0.045454545454552166,0.9408323562241858,1.8203463203463406,0.2917647292843744,2.193815560587848,-0.44297815670688073,-0.5399999999999022,0.0,1724001900000000000,-0.9811012805662632,0,271.0,False,2024-08,0.25480098258796896,-0.011125297030380595
BTCUSDT:60:1723953600000000000:1:1723986540000000000:1,BTCUSDT:60:1723953600000000000:1,BTCUSDT,-1,1723986540000000000,1723985220000000000,60125.6,60250.1,59991.4,1.077911646586322,60249.8,3.584962500721156,60:1723953600000000000:1,OBSERVED_OPPOSING_STRUCTURE,60079.9,60164.2,60250.0,59911.0,CONTROL_REJECTION_RETURN,-0.8288590604026885,-0.2594681046090437,-0.8507462686567139,-0.9894736842104881,-1.9552572706935112,-0.1421262611752618,-0.5791915175612928,-0.9962790697674284,-1.7404921700223976,-0.06894165477894897,-0.11531050837409224,-0.370286003543397,-4.50335570469808,-0.03206007529426301,-0.06805733991480098,-0.6060174188440175,0.0,0.0,3.546045874700473,-0.7852998065764184,-0.19922630560921112,0.802916471147605,0.8642795188602554,-0.23956324317030087,-0.08886389533173367,-1.2974526679276899,-1.6228353891101222,-2.655359841533561,-1.2371589608019988,-2.2221482749369166,-5.293447300077247,0.2668910042434054,3.5529551300548494,-0.0,-1.0,1.5450104375987594,2.280680257605996,0.0,3.1354942159291497,0.0022371364652918847,-0.2788205821511059,3.2105846385676,0.6334120425029418,0.6553645597625627,0.0,1.3892617449665257,1.3926174496644634,20.70665407081177,0.5801238554216867,1.077911646586322,1.5011185682326662,1.0,0.0,1.584962500721156,-0.2788205821511059,-0.4865771812080656,0.9502044975376858,1.9429530201343244,0.25852320345777513,0.7016246229033496,-0.2594681046090437,-0.8497706422018465,0.0,1723988940000000000,0.4248309383372284,1,40.0,False,2024-08,0.2942046679477838,-0.01777204230844155
XRPUSDT:60:1723914000000000000:1:1723989300000000000:1,XRPUSDT:60:1723914000000000000:1,XRPUSDT,1,1723989300000000000,1723571460000000000,0.5705,0.5670000000000001,0.5740000000000001,1.0000000000000318,0.571,3.584962500721156,60:1723914000000000000:1,OBSERVED_OPPOSING_STRUCTURE,0.5699,0.5724,0.5756,0.5724,CONTROL_ACCEPTANCE_RETURN,-3.1666666666664507,-0.22909305755956155,-1.0,-0.4074074074073982,-3.99999999999963,-0.14475822953540302,-0.5999999999999889,-0.6097560975609637,-4.1666666666662655,0.034705505781505136,-0.16556291390728486,-0.6734693877550937,5.666666666666173,0.053125262798426706,0.046070460704607054,-0.5027027027026993,3.584962500721156,5.147009863283252,2.0,-0.3750000000000173,0.3750000000000173,2.0531533905268664,1.4053425560906012,-0.7724712358089603,0.10820844350048242,-1.6169164299562055,0.1279797487230283,-0.9337561006282543,-1.3893891402715086,-1.9191176470588571,-0.7768552036198968,-2.080882352940773,-3.3898114630463687,1.0,1.0,-2.044337606837609,3.0212375639623525,0.0,4.442651256490317,22.33333333333179,0.27369065166140877,3.9020587298139424,1.1086956521739,0.7341118790338859,1.0,-0.8333333333331792,5.833333333332809,61.34969325153282,0.19500000000000295,1.0000000000000318,5.833333333332994,1.0,1.0,1.584962500721156,0.2736906516614089,5.99999999999963,1.4430567917611423,3.4999999999997224,0.12058501497434308,2.867945655370761,0.010247272243099334,-0.16296296296296198,1.0,1723998000000000000,0.7244541319244008,1,145.0,False,2024-08,0.45360512797352875,-0.00697937940893437
BTCUSDT:15:1723981500000000000:-1:1723992780000000000:1,BTCUSDT:15:1723981500000000000:-1,BTCUSDT,1,1723992780000000000,1723991820000000000,59769.0,59629.200000000004,59914.9,1.0436337625179257,59705.6,1.584962500721156,15:1723981500000000000:-1,OBSERVED_OPPOSING_STRUCTURE,59733.6,59769.1,59915.0,59733.5,CONTROL_REJECTION_RETURN,-0.8065326633165243,-0.3871235659853546,-1.0,-0.6638036809816665,0.7261306532663483,0.054825066462895936,0.16429789653212742,-0.43277723258094125,-1.673366834170772,-0.15823214633070104,-0.0944011339475519,-0.10649184521907007,-1.5577889447235753,-0.03361582364222737,-0.024399842581660273,-0.5498630578379322,0.0,0.0,2.4945215485756425,-0.5482866043613502,0.40186915887834157,0.6951312612137275,0.6208522089371437,-0.008296573322460948,0.044848130369493144,0.5320624540039454,0.5320624540039454,1.306002526186342,-0.6812619898698227,0.6108265718022119,-0.5125085440874976,0.1153040814641364,-1.1608582900832745,1.0,1.0,-2.9594057932184046,2.5230584157523768,0.0,2.833213344056216,0.9585427135677581,-0.534738335236708,2.325725481909301,0.6972301814708644,0.6951312612137275,0.0,0.7964824120602979,1.756281407035073,23.390051699040576,0.512438626609458,1.0436337625179257,1.8329145728642897,1.0,0.0,0.0,-0.534738335236708,-2.008793969849209,1.0462027258081728,3.275125628140577,0.24063547668095073,0.7878285735558405,-0.26746238157161434,-1.0,0.0,1723998180000000000,0.45965670971874073,1,90.0,False,2024-08,0.42372921383357404,-0.011858242779741785
ETHUSDT:5:1723990200000000000:-1:1723992840000000000:1,ETHUSDT:5:1723990200000000000:-1,ETHUSDT,1,1723992840000000000,1723990020000000000,2661.67,2655.66,2668.9799999999996,1.216306156405861,2659.79,0.0,5:1723990200000000000:-1,OBSERVED_OPPOSING_STRUCTURE,2660.88,2664.0,2668.99,2660.89,CONTROL_REJECTION_RETURN,-0.6783144912640742,-0.3951083672135482,-1.0,-0.9542857142857558,-0.02261048304216385,-0.03438867831598217,-0.006451612903233722,-0.7102803738317186,-0.4809866392600496,-0.043634462291952524,-0.030240372189198367,-0.13357400722021096,3.2086330935252,0.05887450545165104,0.05140787090400249,-0.11097178683385489,3.584962500721156,0.6418538861723948,1.83183183183189,-0.8524590163934467,-0.060109289617558306,0.31088062463795185,0.6325979055270935,-0.07593306450225557,-0.05893566108916226,-1.630602397246772,-1.593088939293441,-0.7912013576422466,-0.8737223456670777,-0.09350787363543418,-0.4065663627720144,0.07089739059327033,-0.07442027648803518,1.0,0.0,-1.058370053475945,1.8562979903656263,0.0,2.8903717578961645,0.8468653648509523,-0.5615197650424597,2.3199076285355065,0.7956521739130276,0.4283215138335905,0.0,0.3864337101747391,1.2353545734841125,22.57980891695897,0.5308482529117943,1.216306156405861,1.5025693730728626,1.0,0.0,0.0,-0.5615197650424597,-2.0143884892086668,1.0420232003231265,2.4193216855087276,0.2730822390980503,0.7514784715177585,-0.3951083672135482,-0.9844720496893857,0.0,1723996140000000000,0.5470906201457026,1,55.0,False,2024-08,0.4447090692414719,-0.009674086709648949
SOLUSDT:5:1723991400000000000:1:1723994280000000000:1,SOLUSDT:5:1723991400000000000:1,SOLUSDT,-1,1723994280000000000,1723990560000000000,145.388,145.78,144.661,1.8545918367347232,145.6,0.0,5:1723991400000000000:1,OBSERVED_OPPOSING_STRUCTURE,145.357,145.581,145.77,144.651,CONTROL_REJECTION_RETURN,-0.8285714285714918,-0.31585041102234573,-0.898591549295776,-1.0,-1.2155844155844904,-0.03297176154190946,-0.3103448275862108,-1.0,0.14285714285716394,0.06106595122732551,0.00941297278795226,-0.31724754244860565,-3.6207792207793204,0.053307142921799895,-0.06110283159463475,-0.206339144215536,1.584962500721156,1.6486586255873816,2.1792207792208274,-0.9148936170214695,-0.0851063829785304,0.426569919469036,0.60426128838679,-0.192660500673245,-0.07886594003546232,-1.7886380209408692,-4.374060606905372,-1.9061432305792385,-0.7947611433792467,-1.1838791643139661,0.10729813664601551,-0.03170525127052426,0.035559006211148436,-0.0,-1.0,0.9572666385649174,1.4350845252893227,0.0,3.4965075614664802,0.44155844155849333,-0.0048201410190017125,2.606225854771148,0.7766069546891542,0.426569919469036,0.0,0.5506493506493353,1.0181818181818316,26.962335268385004,0.4456653061224536,1.8545918367347232,1.888311688311743,1.0,0.0,1.584962500721156,-0.0048201410190017125,-0.719480519480576,0.6078733038174658,1.7116883116883308,0.2385623592054065,0.4581456111078186,-0.21017101710171018,-1.0,0.0,1723995360000000000,-0.9749865969214709,0,18.0,False,2024-08,0.38354322488187237,-0.006871178158088156
XRPUSDT:5:1723986300000000000:-1:1723995780000000000:1,XRPUSDT:5:1723986300000000000:-1,XRPUSDT,-1,1723995780000000000,1723075920000000000,0.5735,0.5739,0.5725,2.5000000000002776,0.5723,0.0,5:1723986300000000000:-1,OBSERVED_OPPOSING_STRUCTURE,0.5727,0.5735,0.5735,0.5697,CONTROL_ACCEPTANCE_RETURN,-0.8888888888889026,-0.6984020231099533,-0.6666666666666975,-1.0,-0.8888888888889026,-0.15613154596436993,-0.23529411764706842,-1.0,-2.0,-0.08909672273750094,-0.16981132075471658,-1.0,-8.111111111110974,-0.08999743272762524,-0.09905020352781631,0.178378378378376,3.584962500721156,5.555733511804343,2.555555555555487,-1.0,-0.0,0.7007445810413635,0.6466271649249964,-0.19835130326486777,0.11914546895878247,-1.3374063917970247,-1.3374063917970247,-1.397368753024752,-0.476453443991722,-0.6131319948687056,-0.9275098129404526,-0.275756894020197,-1.0724901870595474,-1.0,-1.0,3.215491452991455,1.5686159179138452,0.0,4.941642422609304,2.8888888888889026,0.07276983369025236,1.467715113397618,1.461538461538445,0.7464436250458194,0.0,-1.3333333333332922,0.44444444444438963,6.974716652135239,1.7211000000001893,2.5000000000002776,1.1111111111110974,1.0,1.0,1.584962500721156,0.07276983369025246,1.7777777777778052,0.20099658651882762,1.4444444444443896,-0.03863972552709378,0.3251793522020089,-0.1347201643094197,-0.2790697674418719,0.0,1723998000000000000,-0.9748104451950192,0,37.0,False,2024-08,0.29483557565837215,-0.017328472458664146
XRPUSDT:5:1723988700000000000:1:1723999560000000000:1,XRPUSDT:5:1723988700000000000:1,XRPUSDT,1,1723999560000000000,1723997760000000000,0.5732,0.5725,0.5740000000000001,1.1428571428571201,0.5738,0.0,5:1723988700000000000:1,OBSERVED_OPPOSING_STRUCTURE,0.5732,0.5739,0.5745,0.5739,CONTROL_ACCEPTANCE_RETURN,-0.7999999999999112,-0.5196791866669791,-1.0,-0.7777777777777778,-0.5999999999999334,-0.10038577675223737,-0.23076923076919134,-0.8333333333333488,-0.2999999999999667,-0.02708683748269307,-0.026548672566366987,-0.3684210526315359,-2.099999999999989,0.01101402736133812,-0.03825136612021829,0.1864406779661183,0.0,0.0,4.315789473684173,-0.75,0.25,0.6183114092149877,0.7545999597735205,-0.13319856492549312,-0.18345798243438566,0.0,0.45712196014013884,0.26440493764607714,-0.5874159390117424,-0.2886037467674931,0.17406873679850796,-0.31139625323244025,-0.4740687367984746,1.0,1.0,-4.194337606837598,3.4404180948154366,0.0,3.4339872044851463,0.7000000000000333,0.06363092456627485,1.7244585298956285,1.857142857142721,0.6253855893882583,1.0,-0.5999999999999334,0.7000000000000333,12.212142358688657,0.9820285714285238,1.1428571428571201,0.8000000000000222,1.0,1.0,0.0,0.06363092456627491,0.3999999999999556,0.6533124943200239,0.8000000000000222,0.10771094462786263,0.6948794702995634,-0.0523833919336145,-0.285714285714254,1.0,1723999860000000000,0.23620259700706525,1,5.0,False,2024-08,0.36461779637490144,-0.016778639429007293
SOLUSDT:5:1723988700000000000:1:1724000160000000000:1,SOLUSDT:5:1723988700000000000:1,SOLUSDT,1,1724000160000000000,1723999020000000000,145.969,145.79600000000002,146.53900000000002,3.294797687861903,146.187,0.0,5:1723988700000000000:1,OBSERVED_OPPOSING_STRUCTURE,145.895,146.042,146.549,145.825,CONTROL_ACCEPTANCE_RETURN,-1.0563002680965161,-0.5143003354750668,-1.0,-0.9555555555556242,-1.131367292225179,-0.05903313932771113,-0.38929889298895665,-0.9640718562874808,0.8257372654155197,-0.007958977010751298,0.05835543766578089,0.0452674897119163,2.040214477211759,-0.051470904147256136,0.03545967103117246,0.32528908999497186,0.0,0.0,3.1811764705882655,-0.9154228855721569,0.00497512437799197,0.8927961041047229,0.807604868290828,-0.14089349768288056,-0.4247361015352239,-0.7357568905663747,-0.05290092761511822,-0.06551862859390353,-1.0590106007067548,-1.0686355061430641,0.4420791557738803,-0.06273178608211483,0.38365810964163943,0.0,0.0,2.4428355689792247,3.5667118201397288,0.0,2.995732273553991,0.7158176943699532,0.11692443320109623,2.1841992931431506,1.6022099447514389,0.8927961041047229,0.0,-0.5844504021448124,0.46380697050930625,11.851831553273188,1.0119017341042016,3.294797687861903,1.5281501340482961,1.0,1.0,0.0,0.11692443320109623,0.7131367292224874,0.9465120407758734,0.43163538873994467,0.17830882352941177,0.8856843731494317,-0.5911481951750408,-1.0,0.0,1724000760000000000,-0.959750023782809,0,10.0,False,2024-08,0.12557397512310273,-0.022013613212143388
ETHUSDT:5:1723994100000000000:-1:1724006400000000000:1,ETHUSDT:5:1723994100000000000:-1,ETHUSDT,-1,1724006400000000000,1723990020000000000,2657.98,2662.8100000000004,2650.01,1.6501035196685652,2658.07,0.0,5:1723994100000000000:-1,OBSERVED_OPPOSING_STRUCTURE,2657.93,2658.51,2660.0,2641.62,CONTROL_ACCEPTANCE_RETURN,-0.29705215419500874,0.3268655210063216,-0.4470989761092214,-1.0,-1.3786848072562647,-0.32458603477424375,-0.4983606557377064,-0.614814814814824,-1.2925170068027225,-0.008230644059070674,-0.0998598458304104,-0.8037735849056684,0.6575963718821285,0.06369296036986846,0.011533566656061488,0.08373004760570646,3.584962500721156,1.7346010553881064,2.015283842794896,-1.0,-0.0,0.2968460826614681,0.7832551604952216,-0.2619811354260849,-0.5406688265890607,-0.0,1.2417732522052027,-0.38579816164533753,-0.028966887588654316,-1.3690001553357618,-1.1189461785931312,-0.00968465192050294,-0.17357082820959135,1.0,-0.0,-0.5223627645502673,3.1780538303479458,0.0,4.51085950651685,1.6077097505669795,0.46505241592982993,2.7743666482289613,0.9945288753799304,0.6921147512862954,1.0,0.020408163265339792,1.095238095238218,18.171694294164674,0.6609677018633018,1.6501035196685652,1.8072562358276787,1.0,1.0,0.0,0.4650524159298298,1.7528344671202434,1.3877169547029822,1.5464852607710633,0.2092472201067954,1.2071321336670104,-0.11002480552143483,-0.026362038664339105,1.0,1724008740000000000,-0.9679308595929381,0,39.0,False,2024-08,0.25520179626459555,-0.017342821820600363
BTCUSDT:5:1724004600000000000:1:1724007000000000000:1,BTCUSDT:5:1724004600000000000:1,BTCUSDT,1,1724007000000000000,1724005740000000000,59493.0,59458.9,59543.6,1.4838709677419561,59537.7,0.0,5:1724004600000000000:1,OBSERVED_OPPOSING_STRUCTURE,59481.3,59497.9,59594.8,59472.0,CONTROL_ACCEPTANCE_RETURN,-0.6122168840081977,-0.5513791003219352,-1.0,-0.557122708039538,-1.125600549073405,-0.13266570788694682,-0.34511784511787896,-0.7327659574468581,0.2759094028826073,0.08561208232869688,0.01903228860903267,-0.06263048016701267,-4.6698695950581595,-0.04535361477806325,-0.07961992136304098,-0.43828629717783774,0.0,0.0,1.5309139784945154,-0.6503340757238503,0.3496659242761498,1.1744470602651658,0.9373768127399027,0.03499440068577114,-0.6813391618504548,-0.3667893396697153,-0.23152266586889958,0.06139845622015422,-0.9008895697941757,-1.0293887502368255,0.9672328599905102,-0.09621179883657938,-0.691323457107903,-1.0,1.0,3.642545547857397,1.5686159179138452,0.0,3.091042453358316,0.03019903912154152,0.3038677261042299,1.1065134570039916,1.7828371278457535,1.1744470602651658,0.0,-0.6135895676046088,0.4680851063829447,5.731766762476013,2.092995307917978,1.4838709677419561,0.6945778997940567,1.0,1.0,0.0,0.30386772610422996,0.40905971173647243,0.33986609878111546,0.21825669183254603,0.46816147471972336,0.23651962187100234,-0.8297520661157025,-1.0,0.0,1724007420000000000,0.026857777172647715,1,7.0,False,2024-08,0.4670039861838161,-0.01585850701291693
SOLUSDT:15:1723997700000000000:-1:1724007900000000000:1,SOLUSDT:15:1723997700000000000:-1,SOLUSDT,-1,1724007900000000000,1724001000000000000,145.653,146.176,145.117,1.0248565965583276,145.334,1.584962500721156,15:1723997700000000000:-1,OBSERVED_OPPOSING_STRUCTURE,145.513,145.879,145.513,144.022,CONTROL_ACCEPTANCE_RETURN,-0.5432098765431637,-0.25840957072484166,-1.0,-0.7999999999998191,-1.421124828532267,0.018509100436142834,-0.5692307692308076,-0.9185185185184483,-3.585733882030219,-0.09701578484957173,-0.2898647150144211,-0.9682997118155336,-2.3401920438957413,0.010708923636316639,-0.043035164724281455,-0.2908587257617652,0.0,0.0,2.073378839590455,-0.6515151515147927,0.3181818181820335,0.48061259002167206,0.4122273851075345,-0.06581205006614065,-0.15360787372795137,0.18977553105425926,0.2585045257563756,-0.03048857030499748,-0.3842924859398465,-1.3519461077844412,-2.609281437125772,-0.06917872074782583,-0.9764524449044467,-1.0,-0.0,2.145068896113983,1.5404450409471488,0.0,4.7535901911063645,0.5459533607682205,0.3118851135062113,2.292898273631706,1.243140243902428,0.6765771204378639,0.0,-0.8751714677640465,1.4348422496570834,35.907259033455965,0.3347942638623351,1.0248565965583276,1.4705075445816527,1.0,1.0,0.0,0.3118851135062113,1.775034293552825,1.0227098486728374,0.29355281207133477,0.1488310771916142,0.8788544100716448,0.008792040421127608,-0.5079646017699507,0.0,1724008920000000000,-0.9795621773806809,0,17.0,False,2024-08,0.45947911731054786,-0.00841889884200489
BTCUSDT:60:1723993200000000000:-1:1724009880000000000:1,BTCUSDT:60:1723993200000000000:-1,BTCUSDT,-1,1724009880000000000,1724001900000000000,59685.1,59730.6,59564.799999999996,2.643956043956108,59629.3,3.584962500721156,60:1723993200000000000:-1,OBSERVED_OPPOSING_STRUCTURE,59683.8,59703.2,59706.3,59327.8,CONTROL_ACCEPTANCE_RETURN,-0.647349823321493,-0.6214073229725597,-1.0,-0.6931034482758118,-0.5173144876324882,-0.163327858803012,-0.19122257053292085,-0.7527777777777374,-1.9519434628975059,-0.20288123207021913,-0.1544569958617641,-0.8843331894691271,2.2190812720848054,0.023236629106651953,0.03785686728395118,-0.21489289357360564,3.584962500721156,2.453874540540272,2.2719619326500564,-0.6016949152543366,-0.39830508474566345,0.43920750285896387,0.39383135596048363,0.14205885325803735,-0.13416524551964742,0.14170745202157775,0.05652393028188207,-0.5128695921819815,-0.6326378539493149,-0.6124999999999663,-2.396892586249085,0.09518551236747808,0.4449491233515792,1.0,-1.0,-1.9716171946453467,1.2286654169163074,0.0,4.897839799950911,1.7568904593639987,0.4011649586606833,3.0114050542075885,1.1850746268656571,0.8368267015127125,0.0,-0.7886925795052386,0.6431095406360424,7.6233431794534985,1.5747125274725273,2.643956043956108,1.7003533568905005,1.0,1.0,0.0,0.40116495866068325,2.501766784452297,1.5816935671659609,1.686219081272126,0.4285050198392153,2.774541428712227,-0.27462754436559894,-0.24999999999999378,0.0,1724009940000000000,-0.951522026686084,0,1.0,False,2024-08,0.2877964728068607,-0.016647891125047623
BTCUSDT:5:1724008800000000000:1:1724010660000000000:1,BTCUSDT:5:1724008800000000000:1,BTCUSDT,1,1724010660000000000,1724008740000000000,59646.0,59621.9,59736.5,3.755186721991928,59698.5,0.0,5:1724008800000000000:1,OBSERVED_OPPOSING_STRUCTURE,59639.3,59647.1,59736.6,59636.0,CONTROL_ACCEPTANCE_RETURN,-0.32459016393447393,-0.21175861317051897,-1.0,-1.0,-0.23606557377051565,0.15016073041425174,-0.08845208845209186,-1.0,2.1639344262295084,0.22567983252842502,0.16058394160583941,0.32839140103780573,-3.9360655737704677,-0.026139599953827336,-0.05785402761379251,0.08194491669499726,3.584962500721156,0.6151856390902335,3.7766911165444594,-0.9756097560979072,-0.024390243902092757,0.23593112251089962,0.16747586687015686,0.3021203455371605,-0.2611377357042689,-0.4232512414359402,-0.12130791701814303,-0.12244648581808235,-0.5080795732385207,-0.29837207143077393,2.2859212033054384,0.06230649766025828,-0.12198677707592998,-1.0,1.0,1.9349363931154602,1.5686159179138452,0.0,2.5649493574615367,0.6245901639344024,0.6399828510004618,2.361375397370474,2.3779527559055644,0.23593112251089962,0.0,-0.860655737704918,0.3950819672130909,4.040505650001433,2.9693253112034985,3.755186721991928,1.4836065573770492,1.0,1.0,0.0,0.6399828510004618,1.280327868852435,1.0719621912796398,-0.23770491803278687,-0.032342922667026396,0.7792214816865881,-0.6360399835683965,-1.0,0.0,1724012640000000000,0.4207820382200077,1,33.0,False,2024-08,0.29038570609271913,-0.017971560186702464
SOLUSDT:60:1723989600000000000:1:1724013300000000000:1,SOLUSDT:60:1723989600000000000:1,SOLUSDT,-1,1724013300000000000,1724011620000000000,146.425,146.67,145.964,1.8816326530614598,146.64,3.584962500721156,60:1723989600000000000:1,OBSERVED_OPPOSING_STRUCTURE,146.372,146.433,146.564,145.954,CONTROL_REJECTION_RETURN,-1.256097560975617,-0.4331131442297503,-1.0,-0.7848101265823255,0.13414634146336074,-0.0023107291160395296,0.033033033033020215,-0.6912028725314681,-0.9695121951219792,-0.011508229706555137,-0.08137154554759922,-0.334277620396632,-1.6158536585365744,0.011276572845018413,-0.028599179797108278,-0.8218347232752201,0.0,0.0,2.5009908838683645,-0.6734693877551345,0.19387755102032087,0.8184767801609905,0.9573572379837221,-0.20683601631114243,-0.29979928845343906,0.543553857786927,0.26978002235278353,0.2103903395743897,-0.83838494364806,-0.3444578181419653,-1.3916083916083282,0.47860415960532604,0.422096196486349,-1.0,-0.0,1.9755380089797148,1.9624394510065237,0.0,3.367295829986474,0.06097560975612821,0.005115390962023526,2.7295911322816826,0.6865889212828256,0.8184767801609905,0.0,0.6554878048779667,0.7469512195121156,16.732115417447574,0.7177836734694577,1.8816326530614598,1.405487804878075,1.0,0.0,1.584962500721156,0.005115390962023526,-0.31097560975610655,0.6704454068771452,1.0670731707316803,0.13318092903773185,0.659882486885692,-0.4283503160067071,-1.0,0.0,1724013660000000000,-0.9663777162775387,0,6.0,False,2024-08,0.33228763085214436,-0.012556547797552534
SOLUSDT:5:1724011800000000000:1:1724014320000000000:1,SOLUSDT:5:1724011800000000000:1,SOLUSDT,1,1724014320000000000,1724013660000000000,146.61,146.347,146.99,1.4448669201520452,146.66,0.0,5:1724011800000000000:1,OBSERVED_OPPOSING_STRUCTURE,146.572,146.708,147.0,146.708,CONTROL_ACCEPTANCE_RETURN,-1.0103092783504177,-0.13976203161072634,-0.7860962566845155,-0.95488721804504,0.27147766323025685,0.11455516999127158,0.06176700547303202,-0.21306376360804336,0.8900343642611847,0.020463282884811914,0.06027461019316185,0.2543021032504986,0.7766323024055634,-0.01606752874361639,0.012141398947030778,0.738079247817337,0.0,0.0,1.4225122349103014,-0.6914893617021469,-0.21276595744662838,0.8480983833066922,0.877729656581663,-0.1369914410818977,-0.5365459711344531,-0.9417515585086189,-0.5208592604555307,-0.5743918467190352,-0.8044519245491925,-0.6835014298909572,1.1744520745095994,0.9549790931212141,-0.2844177102484148,1.0,0.0,-1.8798265985446272,1.9740810260220096,0.0,2.4849066497880004,1.020618556700982,0.3527827444944888,2.1518715516829867,1.1470588235293602,0.8480983833066922,1.0,-0.17182130584185928,0.903780068728506,17.938749062137997,0.6683429657794544,1.4448669201520452,1.3058419243985604,1.0,1.0,0.0,0.3527827444944888,0.9140893470789727,0.924333537457019,0.8247422680411395,0.09863067548974644,0.8996512589255297,-0.506818937797982,-1.0,1.0,1724015220000000000,-0.9676668532790962,0,15.0,False,2024-08,0.4694138207472339,-0.008074784084279935
BTCUSDT:5:1724012700000000000:1:1724014620000000000:1,BTCUSDT:5:1724012700000000000:1,BTCUSDT,-1,1724014620000000000,1724008740000000000,59768.5,59847.6,59682.799999999996,1.083438685208672,59768.0,0.0,5:1724012700000000000:1,OBSERVED_OPPOSING_STRUCTURE,59766.9,59777.6,59817.3,59682.7,CONTROL_REJECTION_RETURN,-0.8037542662115493,-0.4365804928255737,-0.4705294705294628,-0.5086580086580408,-0.32935153583621485,-0.24843962894119387,-0.06431189603466357,-0.041262135922347065,-2.032423208191026,-0.21250849416219403,-0.13725942145902725,-0.2522479886417519,0.5784982935153616,-0.013554956337652836,0.008221171335031375,-0.6959784491052514,3.584962500721156,1.0818051703517284,2.1348122866893156,0.35376044568242754,-0.08913649025062977,1.1652783617326028,0.913168439658433,0.11352215832810653,0.13889971790764002,0.6208084285275195,0.6040683286212545,0.6804371198318345,-0.4479345955249737,0.36804360298336714,-1.585484796328094,-0.697395138819582,-0.4469384118629318,-1.0,-0.0,0.17994452741622036,1.4816045409242156,0.0,2.772588722239781,1.3566552901023385,0.041149487317862804,1.7267495865403029,1.0058616647127783,1.392236078067258,1.0,-0.008532423208190809,1.3498293515357611,13.234396044739043,0.9073281921618372,1.083438685208672,1.4624573378839791,1.0,0.0,0.0,0.04114948731786292,0.16382252559736285,0.6546505236857244,0.7098976109214504,-0.17265327577693176,1.0703765732103991,-0.4954152592334417,-0.7068366164542652,1.0,1724015640000000000,0.24167148140564695,1,17.0,False,2024-08,0.6498391065250569,-0.005971193080318732
XRPUSDT:5:1724016300000000000:-1:1724018520000000000:1,XRPUSDT:5:1724016300000000000:-1,XRPUSDT,-1,1724018520000000000,1723075920000000000,0.5713,0.5717,0.5698,3.750000000000555,0.5705,0.0,5:1724016300000000000:-1,OBSERVED_OPPOSING_STRUCTURE,0.5711,0.5714,0.5714,0.5691,CONTROL_ACCEPTANCE_RETURN,-1.999999999999815,-0.3464607535634679,-0.7500000000000173,-0.8666666666666865,-0.0,0.13181839234420942,-0.0,-0.7600000000000213,2.4999999999997224,0.1478286080247881,0.11111111111110746,-0.12820512820514574,-3.3333333333330866,0.04484104363955804,-0.05025125628140813,0.04166666666663876,3.584962500721156,5.579855604239328,4.1666666666662655,-0.9166666666666744,0.08333333333332563,0.6341442879241317,1.4844011438009868,-1.6277335541876623,-0.2967629236772575,-0.0,1.7568517217148027,-0.21303007389592538,-2.2732174492834227,1.25333153493382,4.740490963042726,-1.25333153493382,-2.2404909630430034,-0.0,-0.0,-2.088335773548065,1.4350845252893227,0.0,3.091042453358316,0.8333333333333641,0.7324601984077568,2.6606697690548042,1.5714285714286054,0.6341442879241317,0.0,-1.3333333333332718,0.6666666666665433,7.001575354453981,1.7145000000001887,3.750000000000555,2.4999999999999076,1.0,1.0,0.0,0.7324601984077568,2.3333333333332718,1.297783725422697,0.49999999999990746,0.11218221520428968,0.5769540680287217,-0.31957463078992004,-1.0,0.0,1724018580000000000,-0.9500144540784637,0,1.0,False,2024-08,0.19154979857998752,-0.01944977999650817
SOLUSDT:5:1724007000000000000:-1:1724019000000000000:1,SOLUSDT:5:1724007000000000000:-1,SOLUSDT,1,1724019000000000000,1724018160000000000,145.063,144.711,145.58200000000002,1.4744318181820173,145.107,0.0,5:1724007000000000000:-1,OBSERVED_OPPOSING_STRUCTURE,145.024,145.139,145.592,144.97,CONTROL_REJECTION_RETURN,-0.37818181818185914,-0.2075412901215332,-0.24644549763036527,0.028846153846155076,-0.3018181818181698,0.013085784587853708,-0.04751001717229639,-0.21469575200922875,-4.749090909090853,-0.023062274057496987,-0.25678332677939747,-0.6225165562914043,2.03999999999988,0.003774630182558804,0.0317505235157614,-0.510920436817486,0.0,0.0,1.2503617945006842,0.6448979591836086,-0.3551020408163914,0.7276491992349603,1.0319604659349442,0.5360059394022136,0.3113910087506459,0.06893604113988872,0.20656429346677108,0.5294807673822042,-0.5237609140678183,0.2719395737793141,-4.10006474237921,-0.5737577555974839,-0.6490261667116428,1.0,0.0,-0.5812270566287456,3.6428355156125294,0.0,2.70805020110221,1.403636363636319,-0.3458793479077455,1.8821384529727279,1.0907216494845564,0.8709035403534193,1.0,-0.1600000000000372,1.2799999999998843,24.265319206136333,0.4939329545454889,1.4744318181820173,1.8872727272728114,1.0,0.0,0.0,-0.3458793479077455,-0.7309090909090519,0.7483485791892708,0.7890909090909399,0.11606702093678312,1.2239624034963092,-0.2075412901215332,-0.26279069767443075,1.0,1724019840000000000,0.7454855469588905,1,14.0,False,2024-08,0.6440755290737218,0.0034045797755648706
SOLUSDT:15:1724018400000000000:-1:1724022120000000000:1,SOLUSDT:15:1724018400000000000:-1,SOLUSDT,-1,1724022120000000000,1724021400000000000,144.7,144.947,144.428,1.1012145748986877,144.721,1.584962500721156,15:1724018400000000000:-1,OBSERVED_OPPOSING_STRUCTURE,144.672,144.772,144.812,144.418,CONTROL_ACCEPTANCE_RETURN,-0.6341463414633904,-0.03728137465480209,-0.8425925925926158,-1.0,0.9860627177701164,0.02363490985375416,0.2975814931651166,0.03589743589746286,1.9198606271778107,0.006580966699788264,0.11796189252836944,0.5220338983051176,2.6306620209060805,0.008316478648293654,0.04266259818048439,0.7815646785437778,0.0,0.0,2.829039812646331,-0.6507936507936245,-0.34920634920637544,0.4842334988370063,0.7717523687334291,-0.3488786900004741,-0.3049227197843408,-1.1749825480533715,-2.003850654714867,-1.291990244486357,-0.2880974447238832,0.5704273198640555,0.8824557482567335,0.41563539790606097,1.0374048789210772,-0.0,-1.0,-0.544607767290731,1.4663370687934272,0.0,2.5649493574615367,1.0557491289198808,0.35712950850308356,1.90256771333454,0.9306930693068806,0.4842334988370063,1.0,0.07317073170737141,0.8606271777004217,17.069799585349973,0.7035959514169638,1.1012145748986877,0.9477351916376272,1.0,1.0,0.0,0.35712950850308356,1.0209059233449986,0.7610940082563397,0.5958188153310002,-0.10820461278036395,0.7660747377773739,-0.12401185770750989,-1.0,1.0,1724022600000000000,0.35910095433009115,1,8.0,False,2024-08,0.6392737558650512,-0.00413735321118551
ETHUSDT:5:1723974300000000000:-1:1724026560000000000:1,ETHUSDT:5:1723974300000000000:-1,ETHUSDT,-1,1724026560000000000,1724025060000000000,2621.99,2629.73,2602.8100000000004,2.4780361757104385,2617.7,0.0,5:1723974300000000000:-1,OBSERVED_OPPOSING_STRUCTURE,2619.68,2622.74,2619.68,2602.8,CONTROL_ACCEPTANCE_RETURN,-2.533969010727012,-0.4339855709249805,-0.6205487448919946,-0.4243641231592816,-2.865315852205045,-0.16398174879041671,-0.23689396925502415,-0.633886760323523,4.297973778307622,-0.026782318399035904,0.136291480837554,-0.03757772370909507,10.660309892729662,0.017417200688806377,0.1412061888222297,0.424760191846533,1.584962500721156,4.128209076174857,17.116521739130448,0.5966850828729398,-0.149171270718214,1.0469462273792034,0.8299329765561227,0.9864613557018334,0.0414462396212765,3.268798918165672,3.1252960702798926,1.7401820388226896,-2.695452679369236,-2.179839994858269,5.158656330749411,-0.6854758573467761,-0.8606825524417889,1.0,-0.0,0.5162248051891369,5.135798437050262,0.0,3.295836866004329,1.7091775923718062,0.2352080125920033,1.9707712042207484,1.2879194630872528,1.1784320645984405,0.0,-1.0226460071513774,1.8450536352801796,29.519563385063393,0.40711007751936734,2.4780361757104385,4.5721096543503394,1.0,1.0,0.0,0.2352080125920033,1.408820023837889,0.8043493812565483,0.576877234803255,0.09424525726260485,1.3007145138669387,-0.4297176408248004,-0.46890343698851533,0.0,1724026920000000000,1.5319663960604095,1,6.0,False,2024-08,0.463318205053574,0.004471912291083822
BTCUSDT:5:1724030100000000000:1:1724033520000000000:1,BTCUSDT:5:1724030100000000000:1,BTCUSDT,1,1724033520000000000,1724031120000000000,58442.4,58299.9,58587.1,1.0154385964912076,58466.5,0.0,5:1724030100000000000:1,OBSERVED_OPPOSING_STRUCTURE,58417.7,58482.4,58587.2,58482.4,CONTROL_ACCEPTANCE_RETURN,-0.8484403669724664,-0.3921194090401975,-1.0,-0.7867078825347333,-0.1277064220183593,-0.031120698402438224,-0.046849757673669105,-0.797058823529369,1.4422018348623853,0.09882999063433365,0.11517496043607993,0.17186159565343528,-7.175045871559623,-0.027136731050343504,-0.11781152084839713,-0.6106450679780101,0.0,0.0,2.0807339449541282,-0.7019438444923964,0.2980561555076035,0.6191600439968085,0.6710122196258131,0.013805705495151643,-0.31576533341164653,0.0,0.0,0.1587601425642889,-0.6016200294550598,-0.14739813451153455,1.99062990700415,0.01969171249317525,-0.5484280721417647,1.0,-1.0,0.0,1.4816045409242156,0.0,3.713572066704308,0.8080733944954022,0.25481132757793146,1.4492757350020413,1.1996685998342926,0.5294904007102124,1.0,-0.17688073394494344,1.0458715596330275,24.382982218389387,0.49154652631578943,1.0154385964912076,1.062018348623832,1.0,1.0,0.0,0.2548113275779314,1.0003669724770856,0.5019900659408002,0.5944954128440367,0.08446010248901901,0.5492798793505902,-0.009563992954441063,-0.08915785884758799,1.0,1724034420000000000,0.4483464822183332,1,15.0,False,2024-08,0.6270046082068581,-0.0029838978953253548
XRPUSDT:5:1724031300000000000:1:1724034840000000000:1,XRPUSDT:5:1724031300000000000:1,XRPUSDT,-1,1724034840000000000,1724030940000000000,0.5665,0.5673,0.5645,2.4999999999999307,0.5672,0.0,5:1724031300000000000:1,OBSERVED_OPPOSING_STRUCTURE,0.5665,0.5669,0.5669,0.5644,CONTROL_REJECTION_RETURN,-0.24999999999997688,-0.6643120816298095,-0.3333333333332511,-0.1666666666667438,-1.0833333333333257,-0.45388574340891674,-0.3023255813953356,-0.5238095238095741,0.16666666666665125,0.07461395162608948,0.011494252873561752,-0.49999999999998024,4.66666666666679,0.03405103778677396,0.07349081364829349,-0.025641025641022663,3.584962500721156,0.9426080401915284,3.230769230769382,-0.0,0.42857142857142855,1.6205291289659205,0.8754687373538309,0.37433645837326934,-0.4828322830836053,-0.0,-0.0,-0.4519708666811735,-0.9139090887463288,-1.3860144700628103,-0.8222504183154855,0.3026811367294846,0.9889170849821367,1.0,-0.0,-3.783303518187301,2.0541237336955462,0.0,3.258096538021482,0.0,0.1413547255544094,1.1076037814953112,0.7499999999999901,1.1920686218655288,0.0,0.5833333333333719,0.6666666666666975,14.121800529567924,0.8503499999999755,2.4999999999999307,1.6666666666666976,1.0,0.0,0.0,0.14135472555440945,-0.41666666666672064,0.3403356373802089,1.0000000000000926,0.4562080200895543,0.3147946791266936,-0.7684693099216854,-1.2499999999999307,0.0,1724036100000000000,-0.9631408326989138,0,21.0,False,2024-08,0.2540060744653786,-0.015164700794540048
SOLUSDT:15:1724030100000000000:-1:1724035440000000000:1,SOLUSDT:15:1724030100000000000:-1,SOLUSDT,1,1724035440000000000,1724029920000000000,142.008,141.46900000000002,142.661,1.2115027829313674,141.536,1.584962500721156,15:1724030100000000000:-1,OBSERVED_OPPOSING_STRUCTURE,141.801,142.033,142.754,141.479,CONTROL_REJECTION_RETURN,-0.3189655172413719,0.10494816714759005,-1.0,-0.927272727272638,-0.42887931034479404,0.0517670896166877,-0.13222591362125463,-0.9787798408487802,-1.7349137931034069,0.06605360646957774,-0.1389608147764525,-0.2086761406133124,-6.540948275862081,0.026719085692947016,-0.10848972296693599,-0.7070874861572551,1.584962500721156,4.275739764155925,2.4780994803267054,-0.7499999999999317,-0.0961538461537463,0.5677192984675211,0.5208963340422852,-0.09253022068695678,-0.05887618464929929,-0.21125124110010773,-0.21125124110010773,-0.11950734002936556,-0.7007336205334713,-0.30222763894684435,-0.6734912146676856,-0.1266516713979497,-1.0614225784357214,-1.0,1.0,0.5726811499935127,1.6357552207514738,0.0,3.332204510175204,0.12284482758618129,-0.0937865967308295,2.7543501577835796,0.6124794745484298,0.5677192984675211,0.0,1.0172413793103658,1.1616379310344587,37.955608134752076,0.3155588126159629,1.2115027829313674,1.4073275862068826,1.0,0.0,1.584962500721156,-0.0937865967308295,-0.7370689655172102,0.6834613582457252,1.620689655172378,0.34367248533741335,0.5906445419239396,-0.16013242725213453,-1.0,0.0,1724036160000000000,0.7455628258215666,1,12.0,False,2024-08,0.4418928176143118,-0.007224650211957551
SOLUSDT:15:1724031900000000000:1:1724036820000000000:1,SOLUSDT:15:1724031900000000000:1,SOLUSDT,1,1724036820000000000,1724036700000000000,142.624,142.42600000000002,142.841,1.0959595959597772,142.825,1.584962500721156,15:1724031900000000000:1,OBSERVED_OPPOSING_STRUCTURE,142.566,142.639,142.851,142.436,CONTROL_ACCEPTANCE_RETURN,-0.22127659574470993,0.14502854892695413,-0.31707317073174535,-0.7874015748032457,0.8106382978723429,0.16084159853923724,0.26550522648084124,0.28616352201256157,1.0148936170212872,0.1009049587046082,0.08034360788277149,0.6690962099125273,-4.582978723404259,0.037419232016567446,-0.0753673897830659,-0.30794802055002557,0.0,0.0,1.91388270230142,-0.7788944723618779,0.05025125628136541,0.7743501097793943,0.822801158757597,-0.2230196875744993,-0.6933203168692091,-0.3738985447065968,1.2166562847060192,-0.1182645360841354,0.2616786262651488,0.5871663481785305,0.9746780308965131,0.22347194969381234,0.04021558612477416,-1.0,1.0,0.7885653300808109,1.8458266904983307,0.0,1.0986122886681096,0.04680851063834007,0.24811685784280055,1.9177065039122856,8.730769230765867,0.7743501097793943,0.0,-0.4276595744680721,0.4212765957446374,13.882656495399027,0.86378787878797,1.0959595959597772,0.46170212765960317,1.0,1.0,0.0,0.24811685784280055,0.5808510638297805,0.7706018547989055,0.23829787234041497,0.4258099945085118,0.793079357639094,-0.24063094305850766,-1.0,0.0,1724037060000000000,-0.9627897915533801,0,4.0,False,2024-08,0.531748111555363,-0.00999914068071541
BTCUSDT:15:1724031900000000000:1:1724037300000000000:1,BTCUSDT:15:1724031900000000000:1,BTCUSDT,1,1724037300000000000,1724034780000000000,58542.4,58508.700000000004,58673.1,3.878338278931999,58587.2,1.584962500721156,15:1724031900000000000:1,OBSERVED_OPPOSING_STRUCTURE,58524.6,58563.4,58702.1,58508.8,CONTROL_ACCEPTANCE_RETURN,-0.5039135296310074,-0.5510965607068681,-0.5758091993185495,-0.5188087774294206,-0.6634364517331454,-0.26736469953952446,-0.2345809172377564,-0.677521008403318,0.7335072679836232,-0.0885510062666014,0.0693641618497135,-0.03247344461304125,-4.7827059262020795,-0.02674141367718087,-0.07505849321478711,-0.3056234718826333,3.584962500721156,1.1786549963416462,2.717310924369728,-0.6145922746780991,0.1416309012876161,1.935556596085302,1.4406467255248483,-0.3032337877215133,-0.46188073942604124,-13.578520009552841,-13.578520009552841,-12.813405796474948,-0.7655319886724611,-0.6234324569924418,0.7800285256194169,-0.0400039947407036,-0.046521257635793734,0.0,-1.0,1.9473230986412715,1.33500106673234,0.0,3.8918202981106265,0.9340290719344387,0.08846090137129868,2.5114571548178106,1.389904264577851,1.935556596085302,0.0,-0.33395452851283164,0.25121133060005696,5.756511519855197,2.083995845697509,3.878338278931999,0.9742825195676423,1.0,1.0,1.584962500721156,0.08846090137129867,1.0555348490495777,0.5623880680327824,0.3540812523294877,-0.06532864412690512,0.6652809982544083,-0.6310747389945321,-1.0,0.0,1724038800000000000,0.7636479413835484,1,25.0,False,2024-08,0.1499196133931063,-0.02249695210053734
BTCUSDT:5:1724037300000000000:-1:1724042160000000000:1,BTCUSDT:5:1724037300000000000:-1,BTCUSDT,-1,1724042160000000000,1724041500000000000,58573.1,58634.1,58442.5,2.140983606557353,58511.7,0.0,5:1724037300000000000:-1,OBSERVED_OPPOSING_STRUCTURE,58570.4,58588.8,58570.4,58442.4,CONTROL_ACCEPTANCE_RETURN,-0.26443768996958816,-0.2891248864649819,-0.6541353383458043,-0.9203354297693263,0.04154002026340947,0.04009526127626888,0.012673879443582137,-0.860498220640528,0.43667679837890805,0.05074695203210553,0.04637899494242989,0.11148878314073163,-1.3809523809523265,0.025577870930495246,-0.023567859180744118,-0.4093208092485534,0.0,0.0,1.4193067461796836,-0.6,-0.2830769230768335,0.812192122581092,0.7422705902753068,-0.10748611294745486,-0.1772550568828039,-0.0,-0.017095565922886635,-0.3473273215652145,-0.5233138952455325,-0.028409689310164698,-0.2906772207563648,0.06994970957357417,0.7273540191352729,-1.0,1.0,0.0,2.70805020110221,0.0,2.4849066497880004,0.2958459979736259,0.34692959781988275,2.399920597061415,1.8860028860029627,0.812192122581092,0.0,-0.6220871327254408,0.6180344478216773,10.414336956725869,1.1528577049180326,2.140983606557353,1.323201621073937,1.0,1.0,0.0,0.3469295978198828,0.9118541033434583,1.1000979274130436,-0.01013171225937176,0.10432702885938099,1.1485040037157535,-0.2599667774086379,-1.0,0.0,1724044560000000000,0.6106544196551617,1,40.0,False,2024-08,0.17974072466221142,-0.021721461343994733
SOLUSDT:5:1724035500000000000:-1:1724046480000000000:1,SOLUSDT:5:1724035500000000000:-1,SOLUSDT,1,1724046480000000000,1724045400000000000,142.029,141.81300000000002,142.54500000000002,2.3888888888892033,142.0,0.0,5:1724035500000000000:-1,OBSERVED_OPPOSING_STRUCTURE,141.874,142.041,142.555,141.872,CONTROL_REJECTION_RETURN,-1.548686244204122,-0.47612950429851836,-1.0,-0.8897058823529392,-0.3245749613601106,-0.04241208463394177,-0.0601719197707686,-0.4371584699453851,-2.7882534775890786,-0.15009334785169537,-0.15408267851042398,-0.7247828991316088,-0.7017001545595576,0.011984369091736906,-0.011123634047140995,-0.4037940379403975,0.0,0.0,1.6042553191489202,-0.8059701492537599,0.02985074626869312,1.495674740758499,1.045150064693801,-0.2795423607966428,-0.520706560064328,0.6026012797666347,1.3053913563698671,1.1397554642555487,-0.6698667248012414,-0.21921641791042673,-1.6853098189765299,-0.10535854344968387,-1.1029436586125487,0.0,0.0,-1.9661680092059401,3.5263605246161616,0.0,2.9444389791664403,0.5471406491499309,-0.258467685731543,1.8455146202782606,0.9477477477477549,1.495674740758499,1.0,0.08964451313755185,0.667697063369373,15.208161713451462,0.7884500000000737,2.3888888888892033,1.5950540958270452,1.0,0.0,0.0,-0.258467685731543,-1.0293663060278748,0.7257457460914181,0.9799072642968328,0.15155200810845051,0.6818679270674778,-0.5170126424223506,-1.0,1.0,1724048940000000000,1.0043904194448334,1,41.0,False,2024-08,0.2990452079232232,-0.012472870938740131
BTCUSDT:5:1724046900000000000:-1:1724048520000000000:1,BTCUSDT:5:1724046900000000000:-1,BTCUSDT,-1,1724048520000000000,1724047740000000000,58453.5,58482.5,58409.799999999996,1.5068965517242885,58362.5,0.0,5:1724046900000000000:-1,OBSERVED_OPPOSING_STRUCTURE,58446.9,58475.4,58476.7,58350.0,CONTROL_ACCEPTANCE_RETURN,-0.32044887780544706,-0.2878811788692298,-0.4021909233175834,-0.9618441971384037,-0.20698254364087773,0.008650478763268582,-0.046603032004487205,-0.977077363896903,0.018703241895261676,-0.08357463373475492,0.0011481056257175405,-0.0008802816901281041,0.5785536159601127,0.01158955254178105,0.01000388081583419,0.42691532258065357,0.0,0.0,2.1284289276807424,-0.9710144927536895,0.028985507246310587,0.49048651238711793,0.8084223150171398,0.008935682361262742,-0.47319789381344013,-0.0,-0.8106826530540623,-0.46221926853474943,-0.763617886178855,0.0685156569155251,0.46351626016262704,-0.27549820055640284,-0.44481301826736536,-0.0,1.0,0.0,1.33500106673234,0.0,2.639057329615259,0.15461346633418133,0.3356409294327836,1.8483248212921182,8.28,0.49048651238711793,0.0,-1.134663341645875,0.3615960099750591,4.961208481955743,2.419365517241379,1.5068965517242885,0.5448877805486779,1.0,1.0,0.0,0.3356409294327836,1.4164588528677995,0.7274688559724917,0.033665835411434725,0.15260406099292997,1.6597994301125276,-0.7360927152317882,-1.0,0.0,1724048640000000000,-0.944333698388523,0,2.0,False,2024-08,0.23013285191462338,-0.023650236529531878
ETHUSDT:5:1724046900000000000:-1:1724048700000000000:1,ETHUSDT:5:1724046900000000000:-1,ETHUSDT,-1,1724048700000000000,1724044560000000000,2622.14,2625.01,2617.88,1.484320557491028,2618.54,0.0,5:1724046900000000000:-1,OBSERVED_OPPOSING_STRUCTURE,2621.04,2622.36,2621.04,2617.87,CONTROL_ACCEPTANCE_RETURN,-0.3693693693693362,-0.03241994946356824,-0.5503355704697526,-0.11945392491465134,-0.7792792792792779,-0.007525276637816341,-0.2209450830140529,-0.5359712230215912,1.353603603603636,0.05109446798486389,0.08577137148566068,0.2040977147360591,2.1711711711712183,0.001713054691027125,0.03528292218724989,0.6655629139073008,1.584962500721156,2.9267394020670396,2.162162162162115,0.5689655172417173,0.1896551724136444,0.7625903366355274,0.4658389588020516,-0.1422071643346841,0.9464735746708841,1.6560757763439682,1.6178852437775948,1.2317862138360869,-0.7961329875727419,-1.01830650959573,0.34319105691054763,0.23902723031645212,1.0104125466930884,-0.0,1.0,-6.147185217017542,1.33500106673234,0.0,2.833213344056216,0.3265765765765316,0.48624462505312194,1.915533247484251,6.37313432835749,0.5453950950384323,0.0,-0.8108108108107803,0.6463963963964663,10.945258453020609,1.0969651567942929,1.484320557491028,0.9594594594593944,1.0,1.0,0.0,0.4862446250531218,1.2162162162161194,0.769233661616249,0.06306306306310736,0.0036745971916909144,0.7035153981676897,0.013460400772939056,-0.23486088379705766,0.0,1724049300000000000,-0.9582495518671797,0,10.0,False,2024-08,0.29587891955185297,-0.01840526227388952
SOLUSDT:5:1724042400000000000:1:1724049960000000000:1,SOLUSDT:5:1724042400000000000:1,SOLUSDT,-1,1724049960000000000,1724043600000000000,143.12,143.32999999999998,142.599,2.480952380952694,143.081,0.0,5:1724042400000000000:1,OBSERVED_OPPOSING_STRUCTURE,143.087,143.242,143.32,141.823,CONTROL_REJECTION_RETURN,-0.43362831858404705,-0.1471346420781281,-0.5464684014869456,-0.9777777777778807,-2.10914454277288,-0.07151014590737577,-0.5564202334630391,-0.9922978177150554,-2.300884955752225,-0.026179421391557236,-0.1602300739523394,-0.9953198127925336,-2.7964601769911837,-0.009192651438665746,-0.048505935325420066,-0.7281812125249738,0.0,0.0,1.820289855072429,-0.8322580645160628,-0.12903225806476457,1.082563312917478,0.7606031120528884,-0.18603475606953193,-0.43960799835871306,-0.8385275456301855,-2.991116599921906,-0.963705500636841,-0.9132206360052407,-1.959394458051821,-2.0810340248473254,-0.1497500847210591,-0.2198509309048995,1.0,-0.0,-2.2783417935702532,1.6094379124341003,0.0,4.672828834461906,0.7050147492625525,-0.09123829016767693,1.115306347674479,1.0310015898251321,1.082563312917478,0.0,-0.11504424778765736,0.6194690265486147,14.673001676913048,0.818428571428651,2.480952380952694,1.5368731563422333,1.0,0.0,0.0,-0.09123829016767693,-0.3687315634218304,0.343660985596527,0.6784660766961378,0.10231534466062153,0.6506455816369174,-0.35200845665961944,-1.0,0.0,1724050080000000000,-0.9638752151788382,0,2.0,False,2024-08,0.20346918999764732,-0.018091384164219508
BTCUSDT:5:1724046000000000000:1:1724052360000000000:1,BTCUSDT:5:1724046000000000000:1,BTCUSDT,1,1724052360000000000,1724050200000000000,58549.5,58514.9,58631.4,2.367052023121529,58567.0,0.0,5:1724046000000000000:1,OBSERVED_OPPOSING_STRUCTURE,58539.9,58570.1,58724.8,58515.0,CONTROL_ACCEPTANCE_RETURN,0.29634641407310014,-0.13222209554212747,0.8081180811809089,0.5733333333333333,-1.9512855209743079,-0.10966324641538316,-0.5034916201117063,-0.7119140625000041,0.9945872801082838,0.0720922120653807,0.06890409674697402,-0.2476868327402343,-0.5466847090663417,0.035393943930742446,-0.009351851851852173,0.05695564516128737,3.584962500721156,1.2335316065674804,2.742305371152699,0.673469387755102,-0.32653061224489793,0.6548606918029487,0.621525360206987,0.4446004285898965,-0.2768842814352134,-0.017079535983288707,2.185369445898422,0.3769703567171445,-0.5968636226994917,-2.177377333912311,0.9870820668693008,0.22609181293800318,0.007505213238983011,0.0,-1.0,0.0,2.6100697927420065,0.0,3.784189633918261,2.1353179972937424,0.31622366843161104,2.5407258854593535,1.1108998732572857,0.9572475303258662,1.0,-0.2368064952638771,0.46820027063598874,5.909529543377577,2.0300184971099116,2.367052023121529,1.1082543978349644,1.0,1.0,1.584962500721156,0.316223668431611,1.313937753721264,0.576196734490273,1.0554803788904237,0.07109088392617258,0.9401694506084675,-0.1334832347870073,-0.4360286591606941,1.0,1724052480000000000,-0.9471067089792794,0,2.0,False,2024-08,0.3347708881472386,-0.017098107151327157
BTCUSDT:5:1724052600000000000:-1:1724054880000000000:1,BTCUSDT:5:1724052600000000000:-1,BTCUSDT,-1,1724054880000000000,1724053920000000000,58531.8,58611.6,58400.1,1.650375939849769,58502.3,0.0,5:1724052600000000000:-1,OBSERVED_OPPOSING_STRUCTURE,58504.8,58566.0,58504.8,58400.0,CONTROL_ACCEPTANCE_RETURN,-1.2158054711246336,-0.2067734165028419,-0.6600660066005967,-0.7342105263158278,-0.29939209726450733,0.008643916410154254,-0.07933950865889007,-0.7342105263158278,1.5364741641337334,0.0437239792376054,0.09508135051255037,0.1884236453201864,1.7203647416413121,-0.017472046347475997,0.025590017180575877,0.0025974025974025983,0.0,0.0,2.595744680851026,-0.8251082251082503,0.1748917748917497,1.9825129511458452,1.5695647767822654,-1.1551212912875788,-0.7992549800673404,-0.0,-0.0,-0.4678186513796766,-0.3112572703281264,-0.04950290881863835,1.7551097287022788,-0.249889188445869,-0.21863556456854538,1.0,-0.0,-0.02567145229026968,1.6863989535702286,0.0,2.833213344056216,0.5273556231003761,0.5391643924430439,1.6887457100153882,1.2883675464320543,1.9825129511458452,0.0,-0.4483282674772086,1.2127659574467555,13.633614547988552,0.8807774436090705,1.650375939849769,2.001519756838994,1.0,1.0,0.0,0.5391643924430439,1.6990881458967195,0.6326205865825182,0.300911854103391,0.3031046802429439,0.6581070781890863,-0.49383265762071027,-1.0,0.0,1724056440000000000,-0.962465016754595,0,26.0,False,2024-08,0.48946725543507674,-0.007620045997374203
SOLUSDT:5:1724051100000000000:-1:1724055480000000000:1,SOLUSDT:5:1724051100000000000:-1,SOLUSDT,-1,1724055480000000000,1724052120000000000,142.66,142.971,142.10299999999998,1.7909967845659285,142.709,0.0,5:1724051100000000000:-1,OBSERVED_OPPOSING_STRUCTURE,142.608,142.75,142.945,142.093,CONTROL_ACCEPTANCE_RETURN,-1.0341463414633938,-0.35904039034968827,-1.0,-0.6424870466320596,-1.4634146341463505,-0.14916491063763365,-0.2844500632111191,-0.7830188679244836,1.2227642276423303,0.036019954027485694,0.06960385042576892,-0.16427104722791963,0.6764227642276583,0.02951350870165131,0.009679821295606815,-0.012091898428042258,0.0,0.0,2.5016286644952146,-0.5121951219511899,0.353658536585461,1.061680264729314,0.7697132972339383,0.05730227955058842,-0.24178714466378107,3.1553050861155008,3.1553050861155008,2.013122651432489,-1.1173099002031615,-1.35801174932012,0.8913390557233111,-0.1054028848262305,0.3314251719190192,-0.0,-1.0,0.2110441953117963,1.4816045409242156,0.0,4.04305126783455,1.8178861788618377,0.06652405384974185,2.8885535210844644,0.9204545454545365,1.061680264729314,1.0,0.15934959349596142,1.011382113821193,21.800084116080686,0.5510565916398588,1.7909967845659285,1.8113821138212485,1.0,1.0,1.584962500721156,0.06652405384974185,1.0439024390244165,0.7566633503128358,1.3430894308942942,0.05171681582962392,0.648767868940381,-0.4776425975667562,-1.0,1.0,1724059860000000000,-0.9712752651493353,0,73.0,False,2024-08,0.49084179691153307,-0.0025467755209954666
SOLUSDT:5:1724057700000000000:1:1724059560000000000:1,SOLUSDT:5:1724057700000000000:1,SOLUSDT,-1,1724059560000000000,1724055480000000000,142.688,142.786,142.571,1.1938775510201478,142.701,0.0,5:1724057700000000000:1,OBSERVED_OPPOSING_STRUCTURE,142.669,142.72,142.757,142.39,CONTROL_REJECTION_RETURN,-0.8304821150855229,-0.13475882645450024,-1.0,-1.0,0.006220839813404502,0.2617363018466718,0.0017793594306134408,-0.5440414507771152,-0.13374805598748957,0.08070533337081404,-0.010562515352487685,-0.5777351247600366,-1.5054432348366404,0.02174404797510487,-0.024137243167762813,-0.04594921402658114,1.584962500721156,1.9070703157390494,1.2809667673716092,-0.9056603773583034,-0.09433962264169662,0.5981165493859603,0.6771861296285863,-0.33619530820706006,0.17735816424627435,-1.4018560574191596,-1.471993597135235,-1.5591475858904928,-0.10494258314284627,-0.14791987051412184,-0.17329344285510676,0.15414071032752635,0.03954538686761719,-1.0,-0.0,0.38485845951281383,1.5260563034950494,0.0,2.639057329615259,0.233281493001608,-0.017486783245221633,2.0480559796265316,0.9581993569131674,0.5981165493859603,1.0,0.04043545878695246,0.3048211508554062,6.868131868132793,1.7477999999997647,1.1938775510201478,0.3639191290823953,1.0,0.0,0.0,-0.017486783245221633,-0.7620528771384271,0.8546548583664187,0.7402799377915996,0.4434123458324272,0.7189787540904373,0.09807355516637478,-1.0,1.0,1724059680000000000,-0.949678596115327,0,2.0,False,2024-08,0.2727933698880209,-0.02206702498527428
BTCUSDT:5:1724056800000000000:1:1724059800000000000:1,BTCUSDT:5:1724056800000000000:1,BTCUSDT,-1,1724059800000000000,1724050200000000000,58597.9,58644.0,58546.1,1.1236442516269967,58628.5,0.0,5:1724056800000000000:1,OBSERVED_OPPOSING_STRUCTURE,58585.4,58603.7,58585.4,58546.0,CONTROL_REJECTION_RETURN,-0.4461657629744885,-0.23109665109224786,-0.9056603773584992,-0.527186761229347,0.1208365608055108,0.10115986405843401,0.03872889771596333,-0.2736196319018762,-0.21688613477924334,0.02572763934267471,-0.015952597994529902,-0.3939393939394056,-2.917118512780868,-0.042161665094564246,-0.04495428175806268,-0.3407792207792133,3.584962500721156,1.7047480922384253,1.5894655305964323,-0.23214285714290356,0.4226190476188878,0.5311111372360073,0.5494147044078304,-0.10146893990021696,0.2703307878680562,-0.0,-0.01707384952087665,-0.4876839675161779,-0.513102549893393,-0.4552026446120767,-0.2959920691120435,0.5760392054175876,0.07910593433280017,-0.0,-0.0,0.03806466406787046,2.028148247292285,0.0,2.8903717578961645,0.23857474825719022,-0.1045195459462951,2.03018157743386,0.6290909090909267,0.46392674811811774,0.0,0.4740511231603236,0.7141750580944859,7.867176127471897,1.525924945770113,1.1236442516269967,0.8024786986832455,1.0,0.0,0.0,-0.1045195459462951,-0.718822618125402,0.8428998344253429,0.9403563129356742,0.08075145313257465,0.554941986529671,-0.15521568627450982,-0.34444444444438876,0.0,1724060220000000000,-0.952088704069417,0,7.0,False,2024-08,0.48364249482402827,-0.015142749236138035
ETHUSDT:5:1724053800000000000:1:1724059860000000000:1,ETHUSDT:5:1724053800000000000:1,ETHUSDT,-1,1724059860000000000,1724056020000000000,2619.47,2620.86,2610.61,6.3741007194227235,2619.0,0.0,5:1724053800000000000:1,OBSERVED_OPPOSING_STRUCTURE,2619.4,2620.32,2620.85,2610.6,CONTROL_REJECTION_RETURN,-0.3556085918854041,-0.3720363891381599,-1.0,-0.47783251231512525,-0.4105011933173916,-0.14017448937656793,-0.13437499999998723,-0.7875751503005117,-0.07398568019092082,-0.05767357149126657,-0.005832549388522012,-0.7307317073170518,1.7470167064440252,0.025056623986929108,0.029836145756909044,0.10501089324619961,0.0,0.0,1.7565632458234919,-0.47524752475239057,0.5247524752476095,1.4039436594012964,0.548191048817631,-0.060097782067092355,0.22939597326395011,0.08308920947830423,0.8090004190763889,-0.14518902753617227,-0.47829466920091734,-0.35816150823432447,-0.8842636615615147,-0.05233968508306713,0.8102779813705939,-0.0,1.0,-0.4753758424053891,2.128231705849268,0.0,4.174387269895637,0.4415274463007125,-0.32055587741895475,1.3763918920285287,1.0559523809523566,1.4039436594012964,0.0,-0.11217183770878743,0.331742243436846,5.306416946940899,2.2620129496397547,6.3741007194227235,2.1145584725537083,1.0,0.0,0.0,-0.32055587741895475,-0.2649164677804709,0.4650646520117371,0.4797136038186876,-0.07927445466222714,0.4161471481075891,-0.12780724591172993,-1.0,0.0,1724060760000000000,1.4107844891051557,1,15.0,False,2024-08,0.20696293288946987,-0.01557617255379255
BTCUSDT:5:1724062500000000000:1:1724064780000000000:1,BTCUSDT:5:1724062500000000000:1,BTCUSDT,-1,1724064780000000000,1724063280000000000,58090.7,58169.799999999996,58000.1,1.1453855878634667,58147.8,0.0,5:1724062500000000000:1,OBSERVED_OPPOSING_STRUCTURE,58072.1,58125.4,58135.1,58000.0,CONTROL_REJECTION_RETURN,-0.5173210161662536,-0.43668987981579244,-0.8076923076923009,-0.3788968824939807,-0.009237875288661095,-0.04989360363389985,-0.002546689303898763,-0.5557461406517705,-0.5050038491146307,0.0004922133737819387,-0.017500800341476795,-0.623540624255418,7.602771362586565,0.08706023759137894,0.0932296190008679,0.30098481739844873,1.584962500721156,1.2622417124499117,6.124711316397205,-0.19590643274846958,0.7105263157896192,0.3108279610628935,0.4189231766944531,0.31764415281883895,0.005908658127050992,1.061368755530534,1.4479736662154075,0.3240962188082196,-0.3586636290986457,-0.7265630336934166,-0.03348680208495636,0.7173251584047555,-0.47151704702967434,1.0,-0.0,-1.3816081259207431,1.2809338454620645,0.0,3.258096538021482,0.3371824480368581,-0.08204632284078829,2.0100396703593555,0.6136671177266259,0.3927624685504527,0.0,0.8791377983064693,1.2178598922247523,13.616637430776105,0.8818748419722032,1.1453855878634667,1.394919168591186,1.0,0.0,1.584962500721156,-0.08204632284078833,-1.3995381062355725,0.3583089015007934,1.90608160123174,0.16965606630217303,0.27800448906902897,-0.5467638219640368,-0.9973474801061392,0.0,1724065440000000000,0.2854450516944807,1,11.0,False,2024-08,0.37138696349968653,-0.015980277620604073
BTCUSDT:5:1724064300000000000:-1:1724066580000000000:1,BTCUSDT:5:1724064300000000000:-1,BTCUSDT,1,1724066580000000000,1724065440000000000,58039.8,57970.5,58147.700000000004,1.5569985569985125,58000.0,0.0,5:1724064300000000000:-1,OBSERVED_OPPOSING_STRUCTURE,58016.1,58040.5,58157.9,57970.6,CONTROL_REJECTION_RETURN,-0.5362420830400976,-0.34040301225095604,-0.5644444444444837,-0.8101472995089019,-0.7811400422237941,-0.10079308585124022,-0.18731015862302458,-0.9063761097658944,-0.7445460942997146,-0.023600536051411394,-0.04587633336223622,-0.30487192365640514,-6.865587614356096,-0.09007021852594409,-0.0930454354709477,-0.35506843217980677,0.0,0.0,1.8468899521530535,-0.5429362880886243,-0.1357340720220049,0.5862168896248345,0.6945351058347647,0.07077123642738525,-0.2486166107757893,-0.689134756856058,-0.7063476458679663,-0.6419566222285671,-0.35416182283191033,-0.7992497616489314,-0.4697978303746845,0.018109719425137283,-0.27474826392503016,-1.0,0.0,2.1988745998515644,1.5686159179138452,0.0,2.995732273553991,0.41379310344830056,-0.1413529903446283,1.3746028168438589,0.7479417352754747,0.5862168896248345,0.0,0.5601688951443113,0.9753694581281298,11.940082495115922,1.0044181818181395,1.5569985569985125,1.5186488388459192,1.0,0.0,0.0,-0.14135299034462834,0.05066854327936075,0.4641749435363489,0.7346938775510894,0.6185623875050805,0.3000659204549334,-0.4237697444616939,-1.0,0.0,1724066760000000000,-0.959892404686707,0,3.0,False,2024-08,0.32553455944998594,-0.016423228550337145
SOLUSDT:60:1724036400000000000:-1:1724068920000000000:1,SOLUSDT:60:1724036400000000000:-1,SOLUSDT,-1,1724068920000000000,1724061060000000000,142.514,143.286,141.47199999999998,1.3497409326425411,141.479,3.584962500721156,60:1724036400000000000:-1,OBSERVED_OPPOSING_STRUCTURE,141.357,142.55,141.357,140.252,CONTROL_ACCEPTANCE_RETURN,-0.7702479338843241,-0.03838547657070987,-0.9510204081632644,-0.41550190597207637,-3.9404958677686857,-0.11461199824558553,-0.8075880758807642,-0.6801112656467432,-4.664462809917438,-0.048217978808955134,-0.28396055544375187,-0.780848022868041,-0.8595041322314834,0.013715745815728335,-0.011398509425691433,-0.4960317460317458,0.0,0.0,1.64258872651355,-0.37064676616916864,0.5149253731343294,1.8649092891080288,1.2494413684175476,-0.47988056622586983,0.05629048044153308,5.234584634726813,4.8318805073055415,4.238388612759822,-1.995506953852967,-3.3634212719566285,-4.011237552780894,-0.5770745958120571,-0.653225257136544,-0.0,-0.0,-2.4841695678886464,2.060513531794317,0.0,4.882801922586371,4.05619834710752,0.19617384498426618,3.626638300871753,1.8435207823960826,0.70351788147058,1.0,-3.421487603305832,2.5520661157024938,54.17011662012092,0.22212435233160868,1.3497409326425411,3.4446280991737113,1.0,1.0,1.584962500721156,0.19617384498426618,5.104132231405082,1.2352049694526825,2.565289256198425,0.017441189355325466,1.5076424134421906,-0.04058538459603294,-0.1535910192626632,1.0,1724073360000000000,-0.9851196677899514,0,74.0,False,2024-08,0.46821591010226793,-0.002778452092255624
XRPUSDT:5:1724070300000000000:-1:1724072220000000000:1,XRPUSDT:5:1724070300000000000:-1,XRPUSDT,-1,1724072220000000000,1723075920000000000,0.581,0.5828,0.5791,1.0555555555555487,0.5815,0.0,5:1724070300000000000:-1,OBSERVED_OPPOSING_STRUCTURE,0.5806,0.5817,0.5806,0.579,CONTROL_ACCEPTANCE_RETURN,-0.41025641025636356,-0.14735909054549795,-1.0,-0.4999999999999074,-0.5641025641025568,-0.023936977644587534,-0.29729729729730053,-0.73913043478255,1.1282051282051706,0.049022631323497955,0.10576923076923493,0.46666666666667056,-2.2051282051281818,-0.015750627926601476,-0.03404592240696722,0.2835820895522497,3.584962500721156,5.634611015794902,1.4871794871794886,-0.33333333333327164,0.3333333333334567,0.437762193470634,0.6212450916536607,-0.04844281268190939,0.04505546802541516,1.7208742040952796,-0.0011853791659355295,0.7186469077558306,0.48444447248228834,-0.15381333630707916,-0.7073790658356657,-0.4102892277954776,1.8355841940408362,-0.0,1.0,-0.0015915119363116847,1.1631508098056809,0.0,3.091042453358316,1.2820512820513068,0.42829045331916643,1.5669092014515282,0.7999999999999823,0.401982487895126,1.0,0.25641025641028414,0.9230769230769318,30.98106712564585,0.38793333333332813,1.0555555555555487,0.9743589743589772,1.0,1.0,0.0,0.42829045331916643,0.71794871794875,0.564383233917481,0.7179487179486931,0.23180134132175412,0.8264549472756508,-0.059592919495154655,-0.374999999999948,1.0,1724072640000000000,0.5615788928093826,1,7.0,False,2024-08,0.7059396125682803,0.002837303680607823
XRPUSDT:5:1724069400000000000:-1:1724072880000000000:1,XRPUSDT:5:1724069400000000000:-1,XRPUSDT,-1,1724072880000000000,1723075920000000000,0.5813,0.5839,0.5786,1.0384615384615778,0.5825,0.0,5:1724069400000000000:-1,OBSERVED_OPPOSING_STRUCTURE,0.5813,0.5815,0.5813,0.5785,CONTROL_ACCEPTANCE_RETURN,-0.31818181818183655,-0.09698916999926997,-1.0,-0.4000000000000665,-0.5909090909091322,0.08022775631227463,-0.2549019607843351,-0.8064516129032466,1.1818181818181634,0.10584575659941618,0.138297872340421,0.05084745762711296,-1.0000000000000504,-0.0051803548395612286,-0.017571884984026273,0.4188034188034091,3.584962500721156,5.6352656803027354,1.8181818181818366,-0.6000000000000888,-0.0,0.5167424818139698,0.561767097477975,-0.0997199176416802,-0.08330988889717683,-3.4417484081927796,-6.889429842428241,-2.6843150182531903,-0.8175248735089828,-0.800031204493482,-1.0313001775679946,0.20912211358434973,2.213118359386158,-0.0,-0.0,-0.20176834659593856,1.1631508098056809,0.0,3.8712010109078907,1.5909090909091321,0.01637873625804468,2.5085070124283697,0.7000000000000055,0.628304032443849,0.0,0.5454545454545409,1.1818181818181634,44.7273352829853,0.2688923076923143,1.0384615384615778,1.2272727272727548,1.0,1.0,1.584962500721156,0.016378736258044493,0.45454545454545914,0.561008062460072,0.9090909090909183,0.14871775104466642,0.49496408989209256,0.09113764163411261,-0.5000000000001388,0.0,1724073180000000000,0.6658810231588619,1,5.0,False,2024-08,0.4827865300810855,-0.006204626630785649
ETHUSDT:60:1724029200000000000:-1:1724073540000000000:1,ETHUSDT:60:1724029200000000000:-1,ETHUSDT,-1,1724073540000000000,1724060820000000000,2602.23,2620.76,2581.01,1.1451699946033227,2601.8,3.584962500721156,60:1724029200000000000:-1,OBSERVED_OPPOSING_STRUCTURE,2584.3,2611.84,2584.3,2566.2,CONTROL_ACCEPTANCE_RETURN,-2.402048655569827,-0.4102257571427856,-0.9232283464566342,-0.9705882352941444,-4.284250960307333,-0.38310790720350996,-0.6933278077082315,-0.9838802533103197,-4.504481434058968,-0.1291616594746241,-0.25645137775185367,-0.9884153909805651,4.015364916773354,0.0398914955336428,0.0455893469791233,-0.33560538116591987,0.0,0.0,4.033873343151696,-0.9593709043250405,-0.003931847968571384,2.4120378687872286,1.6515547132989534,-1.5881042722941714,-0.33740386267525446,-1.460499260141912,-2.4651807271980353,-1.5495581359668518,-2.838901601830675,-3.6475209763538814,-4.661861174675796,-0.6367299839534519,0.15737974061682802,-0.0,1.0,-1.8181861689399317,2.280680257605996,0.0,5.3612921657094255,9.423815620998832,0.4523758328269426,4.0413437225707876,1.0120786516853886,0.8891442537335716,1.0,-0.11011523687575911,4.745198463508407,71.20815608151547,0.16912002158661443,1.1451699946033227,5.434058898847618,1.0,1.0,1.584962500721156,0.45237583282694266,4.2560819462227935,1.5532590606023107,6.3047375160051375,0.062168116404329496,2.425042668604246,-0.10891086513507085,-0.19701140385370908,1.0,1724075220000000000,0.8731333364455911,1,28.0,False,2024-08,0.3786009897638257,-0.009137906470608444
ETHUSDT:15:1724069700000000000:1:1724074260000000000:1,ETHUSDT:15:1724069700000000000:1,ETHUSDT,1,1724074260000000000,1724068680000000000,2594.5,2586.99,2602.99,1.1304926764313628,2592.59,1.584962500721156,15:1724069700000000000:1,OBSERVED_OPPOSING_STRUCTURE,2591.55,2595.35,2603.0,2595.35,CONTROL_ACCEPTANCE_RETURN,-0.4759725400457371,-0.5047416573048602,-0.8813559322034813,-1.0,0.37757437070939276,-0.05713045429789063,0.07208387942333047,-0.6748768472906254,2.0114416475971915,0.0070317066448034845,0.1309789897183676,0.2272727272727273,-5.7139588100684495,-0.05648349124445746,-0.07180445722501655,0.058295964125560484,3.584962500721156,1.2575135712539658,2.6735436893204096,-0.3244274809160093,-0.6755725190839906,0.758915341998095,0.8187395136671611,0.04119972880038145,-0.10739450032099523,-2.666440178689111,-1.5336023061574,-2.10121038332586,-0.15387193908465666,0.7290930365228256,2.6090297181682294,-0.3515186658134329,-0.5975880705710379,0.0,-1.0,1.6112416720192284,1.622683139184121,0.0,2.772588722239781,2.382151029748186,0.44959781192083953,2.3964958096270186,0.8165225744476579,0.740425610922208,1.0,0.4370709382150578,1.718535469107555,28.945846984005467,0.41396724367508775,1.1304926764313628,1.9427917620136275,1.0,1.0,0.0,0.44959781192083953,1.2997711670479823,1.0975862072149685,1.2402745995423172,0.014323068315984943,1.802721742939699,-0.34393470819155,-0.31176470588241195,1.0,1724074680000000000,-0.9761498970339603,0,7.0,False,2024-08,0.5201527075838716,-0.0054975605501247585
SOLUSDT:60:1724050800000000000:1:1724074680000000000:1,SOLUSDT:60:1724050800000000000:1,SOLUSDT,1,1724074680000000000,1724073420000000000,143.53,142.86200000000002,144.568,1.5538922155689299,143.477,3.584962500721156,60:1724050800000000000:1,OBSERVED_OPPOSING_STRUCTURE,143.216,144.0,144.578,144.0,CONTROL_ACCEPTANCE_RETURN,-2.6115942028985897,-0.3598348292129783,-1.0,-0.7004991680532329,-2.7420289855072495,-0.09230103186542457,-0.4319634703196286,-0.7004991680532329,2.7884057971014267,0.013842889947228655,0.13786185153338668,0.035878564857406925,1.286956521739101,-0.007369416359286745,0.01691170869200851,0.5154877484974556,0.0,0.0,1.2816737698566474,-0.5375854214122865,0.3576309794988911,1.242918884907382,1.097600910579356,-0.41122387632205076,-0.2386781575071304,4.112329320908881,3.4184582837815114,2.33622649846496,-1.8884473628134044,-2.460266178511057,1.4768501232170403,-0.2817628069961926,1.3115556738843863,0.0,-1.0,3.534671308621797,1.9855886328734895,0.0,3.091042453358316,3.1913043478260947,0.2514848417029628,2.5672359817250134,0.9518619436875592,0.8098381910789805,1.0,0.1536231884057897,1.9362318840579136,46.540792865601475,0.25723832335330193,1.5538922155689299,3.0086956521739547,1.0,1.0,0.0,0.2514848417029628,1.5565217391304578,1.2255244968549204,2.0028985507246517,0.05104642641243081,1.5753980471427882,-0.0759785850577055,-0.3616808404202034,1.0,1724075580000000000,-0.9831969505080801,0,15.0,False,2024-08,0.41721725510143454,-0.004441416215243221
ETHUSDT:15:1724067000000000000:-1:1724076480000000000:1,ETHUSDT:15:1724067000000000000:-1,ETHUSDT,-1,1724076480000000000,1724075520000000000,2576.39,2586.4900000000002,2565.2200000000003,1.1059405940593283,2569.0,1.584962500721156,15:1724067000000000000:-1,OBSERVED_OPPOSING_STRUCTURE,2573.97,2579.35,2573.97,2565.21,CONTROL_ACCEPTANCE_RETURN,-0.456415279138084,-0.22194876282410642,-0.25298588490770013,-0.5895522388059458,-0.9892262487756531,-0.15041239726306263,-0.1785083068221921,-0.7427903351519718,2.5445641527914185,0.05247988199882577,0.1149862795432448,0.2641330166270872,-0.9520078354553683,0.0009887019903257457,-0.015024112773586078,0.2641330166270872,0.0,0.0,2.641960549910327,-0.9812925170067814,-0.015306122448926717,0.3676984453688868,0.9518427105849996,-1.0116980709056613,0.0905413681755797,-0.8539809096430595,-1.00271497891824,-1.0055291922468883,-1.0790712118678134,-0.6653448317049083,2.1347088250077855,-0.3238814170707448,0.409855327783633,-1.0,1.0,0.0,2.348195604246098,0.0,2.833213344056216,1.5866797257590364,0.2856982194616394,2.4536556803154497,2.949868073878613,0.5591179449684943,0.0,-1.4476003917727418,1.9784524975514843,39.20213942765018,0.3067057425742463,1.1059405940593283,2.1880509304602502,1.0,1.0,0.0,0.28569821946163937,2.4544564152790795,1.139804617037129,0.4701273261508487,-0.010859293538857182,1.2322794323986483,-0.37146481222147726,-0.48156508653121816,0.0,1724079660000000000,-0.9808523621094699,0,53.0,False,2024-08,0.5922394732620704,-0.0005096518346799708
BTCUSDT:5:1724070300000000000:-1:1724076600000000000:1,BTCUSDT:5:1724070300000000000:-1,BTCUSDT,-1,1724076600000000000,1724075520000000000,58401.3,58575.5,58227.1,1.0000000000000417,58227.0,0.0,5:1724070300000000000:-1,OBSERVED_OPPOSING_STRUCTURE,58269.6,58401.7,58269.6,58040.5,CONTROL_ACCEPTANCE_RETURN,-2.342492639842993,-0.18869197874559537,-0.7513377400062987,-0.6074705111402703,-1.8272816486751884,-0.0960693527112831,-0.22150844634785236,-0.7152365105776344,1.0471050049067279,-0.01748359370074218,0.03664777606044894,0.17516198704103358,-4.707556427870437,-0.03118095913249542,-0.0700506724689327,0.0474540379247238,3.584962500721156,0.7731898882334818,2.4165148755313117,0.49935483870963987,-0.47999999999996246,0.6276156282213213,0.6063721317807695,-0.2364662864765718,0.5763317377206901,0.20469954919444255,-1.2667552761302936,-0.13511645869508593,-0.8975896419101252,-0.8320393683858598,1.3482341870762868,-0.9952422802893286,-0.301129182169559,-1.0,1.0,3.762742444745083,2.91235066461494,0.0,2.9444389791664403,2.037291462217817,0.26395197309833346,2.1992986964082055,1.9345844504021603,0.7061145910824272,0.0,-1.7105004906771386,1.7095191364081903,29.828103141539156,0.40290516647532243,1.0000000000000417,1.7095191364082618,1.0,1.0,0.0,0.2639519730983335,2.474975466143214,0.9569478316918284,0.708537782139385,-0.05782872661620787,1.013078895274418,-0.18752412513837644,-0.4774121583937576,0.0,1724077020000000000,0.5096057685763973,1,7.0,False,2024-08,0.5982310212504552,-0.003160912567002464
SOLUSDT:5:1724073300000000000:-1:1724079420000000000:1,SOLUSDT:5:1724073300000000000:-1,SOLUSDT,-1,1724079420000000000,1724075580000000000,143.39,143.941,142.76399999999998,1.136116152450066,142.872,0.0,5:1724073300000000000:-1,OBSERVED_OPPOSING_STRUCTURE,143.096,143.45,143.096,141.584,CONTROL_ACCEPTANCE_RETURN,-0.9030674846625354,-0.3637771716545904,-0.3702213279677913,-0.3613861386138315,-2.4024539877299476,-0.2387860131787793,-0.3837710701685488,-0.6636245110821237,-1.0012269938649667,-0.0648127752317812,-0.044338187350574425,-0.7499999999999896,-5.793865030674636,-0.011168241697330107,-0.08559620055831446,-0.39588100686497896,0.0,0.0,4.471821756225366,0.7932330827068412,-0.20676691729315877,0.890943902449284,0.6607170615325623,0.2009941132480617,0.29290095664885313,-1.4343587182619189,-5.605891170555877,-0.8550187706417741,-0.11961259079904164,-1.103359564164667,-1.2594594594594357,-1.2990944235652806,0.258232465594469,-1.0,1.0,4.090402086894049,2.151762203259462,0.0,4.174387269895637,1.3104294478527683,0.2653168693163022,2.218459735723162,1.4021739130434534,0.8763062644878843,0.0,-1.2711656441716703,1.3521472392637999,38.42666852639768,0.312883121597087,1.136116152450066,1.5361963190183674,1.0,1.0,0.0,0.2653168693163022,1.7815950920244805,0.9702606055291456,0.7803680981595137,-0.004882830910770507,0.8142299220368746,-0.2811422288122886,-0.4167776298268791,0.0,1724079540000000000,-0.9805635873107339,0,2.0,False,2024-08,0.6064577302432358,0.0004960602886774114
BTCUSDT:5:1724076900000000000:1:1724080440000000000:1,BTCUSDT:5:1724076900000000000:1,BTCUSDT,1,1724080440000000000,1724079600000000000,58584.0,58487.0,58721.5,1.4175257731958764,58508.0,0.0,5:1724076900000000000:1,OBSERVED_OPPOSING_STRUCTURE,58570.1,58587.5,58721.6,58550.0,CONTROL_ACCEPTANCE_RETURN,0.3234866828087308,-0.11116351065084036,0.9653179190752271,0.5632183908045978,0.8784503631960977,0.03886104236249606,0.14059835684389438,-0.1735607675906059,1.9757869249394673,-0.014210877510348408,0.08355861391005132,0.557271557271561,4.63631961259077,0.013727878416074528,0.06023126187450434,0.2785707156402817,1.584962500721156,1.5960148921019597,4.541039339485155,0.7506561679789931,-0.2493438320210069,0.24798628784234777,0.4266623779870181,0.11891896005736058,0.5706984603831671,-0.06827756194538459,1.6080602055845716,0.32132350989793906,-0.3645851671151715,0.42978935909547356,1.8427558282825718,0.44866100410062415,0.1330310966568955,1.0,-1.0,0.129309439904012,2.302585092994046,0.0,2.70805020110221,2.068765133171899,0.2676766490388295,1.8785338161698286,0.6441947565543047,0.39632982185593885,0.0,0.7360774818401937,0.9394673123486683,16.55742182165779,0.7241505154639175,1.4175257731958764,1.3317191283292977,1.0,1.0,0.0,0.2676766490388294,1.1225181598063094,0.7461098903890737,0.3128329297821105,-0.024577005737831926,0.7864826675446256,-0.31582754733940416,-0.3451923076923217,0.0,1724080680000000000,-0.9661562027371283,0,4.0,False,2024-08,0.3655627270350155,-0.013628908044216115
XRPUSDT:5:1724073000000000000:1:1724082180000000000:1,XRPUSDT:5:1724073000000000000:1,XRPUSDT,1,1724082180000000000,1723571460000000000,0.5806,0.5796,0.5823,1.7000000000000333,0.5816,0.0,5:1724073000000000000:1,OBSERVED_OPPOSING_STRUCTURE,0.58,0.5808,0.5841,0.5799,CONTROL_ACCEPTANCE_RETURN,-0.7272727272727212,-0.18825075673001934,-1.0,-0.4444444444443896,-1.9393939393939454,-0.2254546127436335,-0.6956521739130319,-0.7499999999999722,1.3939393939393878,-0.03525173425058486,0.11675126903552979,-0.11111111111109939,-0.9696969696970064,-0.031004383233538674,-0.01766004415011079,0.05600000000000249,3.584962500721156,5.286835029439002,3.512195121951218,-0.6111111111110974,0.1666666666667078,1.6498893091647275,1.3421400317031602,-0.5421998534699197,-0.09609076193577612,3.4458993797370496,4.42346319893927,2.3934093062764283,-0.055457932844955586,-0.021596507487429542,3.0227733136892097,-1.9177974319065159,-1.6288339197498218,-1.0,0.0,3.6426312460468138,3.202746442938317,0.0,3.58351893845611,0.6060606060606122,0.28535748565015817,2.065342459806944,1.4000000000000088,1.6498893091647275,0.0,-0.6060606060606122,0.6060606060606122,17.223561832586995,0.6961199999999994,1.7000000000000333,1.030303030303061,1.0,1.0,0.0,0.28535748565015806,0.6060606060606122,0.8660914710403078,0.7272727272727885,0.024457409420503614,0.9912275148612598,-0.27057196497106983,-1.0,0.0,1724082420000000000,-0.9669019427880802,0,4.0,False,2024-08,0.3710600958781522,-0.011400537051049889
SOLUSDT:5:1724076900000000000:1:1724083800000000000:1,SOLUSDT:5:1724076900000000000:1,SOLUSDT,1,1724083800000000000,1724079060000000000,143.434,142.744,144.303,1.2594202898550764,142.971,0.0,5:1724076900000000000:1,OBSERVED_OPPOSING_STRUCTURE,143.096,143.693,144.463,143.693,CONTROL_ACCEPTANCE_RETURN,-1.3288288288288286,-0.4456376653318772,-1.0,-0.942857142857115,-1.7725225225225258,-0.26529138578260936,-0.43408714837284845,-0.9551066217732664,-1.7972972972972907,-0.09160268848491643,-0.1357604627424261,-0.9555061179087648,2.0630630630630438,0.0022703440954871448,0.03109722976643092,0.23580494321976908,1.584962500721156,2.1594842493533726,3.3102625298328485,-0.9483204134366662,0.05167958656333387,1.3529880979022815,1.1088803914148213,-0.5724787058046903,-0.29357563575963125,-0.41829336307919185,0.381212439161116,0.022132288174507707,-1.2201992276622105,-1.7667430795214065,-1.4262412802626292,-0.005779443001119322,-0.3710560170346615,0.0,0.0,0.33834195206037454,2.1041341542702074,0.0,4.382026634673881,3.256756756756733,0.16509986438170385,2.0553964845776425,0.6896782841823077,0.6746202604158669,0.0,1.042792792792773,1.5540540540540397,48.10574898559601,0.24885043478260951,1.2594202898550764,1.957207207207195,1.0,1.0,0.0,0.16509986438170385,1.1238738738738565,0.859503110405613,2.2950450450450437,0.1969409112864273,0.9668303480905487,-0.09309129037551075,-0.08524833209785239,0.0,1724086920000000000,0.860763262539065,1,52.0,False,2024-08,0.24558384229091718,-0.01671772931470714
BTCUSDT:5:1724080200000000000:1:1724086680000000000:1,BTCUSDT:5:1724080200000000000:1,BTCUSDT,-1,1724086680000000000,1724079600000000000,58641.7,58748.1,58429.1,1.9981203007518387,58721.6,0.0,5:1724080200000000000:1,OBSERVED_OPPOSING_STRUCTURE,58633.5,58645.9,58748.0,58332.0,CONTROL_REJECTION_RETURN,-0.0771440295444751,0.1384606489010314,-0.17669172932316018,0.0986267166042647,-1.5732457940090223,-0.21238143611429378,-0.5793291024478454,-0.6948682385575529,-0.46778826425934084,0.03925348253658051,-0.038654550386545736,-0.75120158326265,-2.055806319244998,-0.009666334513698265,-0.029708606601122,-0.3440604751619776,1.584962500721156,2.473733349189875,2.4822573749465056,0.4454545454546777,0.5545454545453222,0.7867445218159075,0.692258215955949,-0.03895315529996213,0.5658956002189842,0.9553935409467584,0.04723426901054317,0.694319051012415,-0.23565320429711206,-1.1410150654648872,-0.20825851064379497,-0.43223072854413513,-0.25952975361554587,-0.0,-0.0,-0.9524568001376428,1.916922612182061,0.0,4.382026634673881,0.2166598276569698,-0.14497828569446486,2.52250587284819,0.7949178644763816,0.7289487642825117,0.0,0.6557242511284563,0.8732047599507815,18.144085181705417,0.6619725563909683,1.9981203007518387,1.7447681575707927,1.0,0.0,1.584962500721156,-0.14497828569446486,-1.382847763643841,0.5675756507160147,1.7743126795240023,0.13661518442028467,0.591340110932157,-0.02190867563801829,-0.33129770992354607,0.0,1724088060000000000,-0.967902423260686,0,23.0,False,2024-08,0.4603950493905759,-0.004074157484961219
ETHUSDT:5:1724082000000000000:1:1724086980000000000:1,ETHUSDT:5:1724082000000000000:1,ETHUSDT,-1,1724086980000000000,1724080080000000000,2588.57,2590.6800000000003,2581.63,3.289099526066178,2589.94,0.0,5:1724082000000000000:1,OBSERVED_OPPOSING_STRUCTURE,2588.27,2589.59,2590.59,2572.22,CONTROL_REJECTION_RETURN,-0.7887323943662524,-0.4073039661050491,-1.0,-0.9962335216573395,-1.6951118475559677,-0.1756756727204736,-0.5076923076923063,-0.9983484723369507,-0.4175642087821114,0.01786365859945314,-0.031095755182625827,-0.9987775061124984,-0.5733222866611631,0.006321044361169881,-0.0090405518394651,-0.3144893111639018,1.584962500721156,2.653241964607215,1.6470588235294605,-0.4561403508773003,-0.532163742690228,0.6123670682209014,0.5275047631438863,-0.09208174239947431,-0.014430808890568823,-0.34769439980264494,-0.9637371521808991,-0.6968535831024554,-0.6186024575321892,-2.00203901799254,-0.8530659080216606,0.30692717043657214,0.4355016992395492,-0.0,1.0,3.6058775762737305e-05,1.33500106673234,0.0,4.248495242049359,0.12096106048053618,-0.10370465634067737,1.3621041685450368,0.9226862302483143,0.6123670682209014,0.0,0.22700911350454414,0.34962717481361694,8.151218626500837,1.4727725118482522,3.289099526066178,1.1499585749793242,1.0,0.0,0.0,-0.10370465634067728,-0.41425020712511357,0.45798167685204916,1.149958574979249,0.7031032945126244,1.0914307578008746,-0.07619891869929955,-1.0,0.0,1724087520000000000,0.8893899647159413,1,9.0,False,2024-08,0.16988241717964173,-0.020811388370610147
BTCUSDT:60:1724076000000000000:1:1724089380000000000:1,BTCUSDT:60:1724076000000000000:1,BTCUSDT,1,1724089380000000000,1724088780000000000,58944.7,58750.9,59236.5,1.505675954592412,58945.4,3.584962500721156,60:1724076000000000000:1,OBSERVED_OPPOSING_STRUCTURE,58842.4,59015.7,59237.0,59015.7,CONTROL_ACCEPTANCE_RETURN,-1.3021025451862502,-0.4418357287739242,-1.0,-0.9898631525595541,0.9870896348210458,0.011920687670826772,0.14706528907451777,-0.3480194873967606,3.649575802286879,0.05226706749536019,0.24593586875465925,0.2647874306839073,2.5341202508298974,-0.006689847355378917,0.04165706593579857,0.48821873743465316,0.0,0.0,3.4885097493036175,-0.6941045606229193,-0.2836484983314748,0.7178125055921843,0.927360799713172,-0.2180326671742415,-0.05507966071198078,-2.1880130805873588,-4.136250941794151,-1.916455554826915,-0.8700522524683363,1.253133858506397,4.003555024431121,-0.2660442236853511,-0.3539792221442415,0.0,0.0,1.00623163698355,1.515127232962859,0.0,2.3978952727983707,2.34230911102909,0.42356115596141003,2.8345094609001733,1.00240054869686,0.7875995717029176,1.0,-0.005164146071592405,1.4297307266690629,32.878274043297466,0.3643826625387078,1.505675954592412,2.152711176687544,1.0,1.0,0.0,0.42356115596141,1.8878642567317498,1.4361338922173472,0.40206565842861547,-0.10945732481860114,1.800823451868065,-0.41977664207198706,-1.0,1.0,1724089920000000000,-0.9781938500064928,0,9.0,False,2024-08,0.363474080797435,-0.009653274940815158
ETHUSDT:60:1724076000000000000:1:1724089500000000000:1,ETHUSDT:60:1724076000000000000:1,ETHUSDT,1,1724089500000000000,1724088900000000000,2608.22,2593.62,2623.99,1.0801369863013754,2603.0,3.584962500721156,60:1724076000000000000:1,OBSERVED_OPPOSING_STRUCTURE,2601.56,2615.7,2627.96,2615.7,CONTROL_ACCEPTANCE_RETURN,-0.6356164383562132,0.05550455987510382,-0.9914529914529998,-0.7679269882660067,1.2493150684931436,0.09462875550862526,0.16028119507908523,-0.26970227670753943,4.205479452054796,0.14262565626622276,0.24074654956085267,0.21167089525190041,3.110958904109551,0.05333483356556869,0.054584785482513866,0.3702041407267962,1.584962500721156,3.7376696182833684,2.778877887788798,-0.4681647940074779,0.134831460674031,0.7866353458749689,0.5585944294399691,-0.20410219855693246,0.26973732379885584,0.8435582822086118,0.8435582822086118,0.6192940586924018,-1.3387518127567462,1.267962587732362,4.197538693198144,-0.01864751923921837,0.007940758856651797,0.0,-1.0,1.308482827008011,1.515127232962859,0.0,2.5649493574615367,3.694520547945201,0.17200724767176867,2.742897804812987,0.7908653846153929,0.9230152291786411,1.0,0.715068493150662,2.0,55.97687311653124,0.2137742465753438,1.0801369863013754,2.160273972602751,1.0,1.0,0.0,0.17200724767176861,1.2849315068492757,1.3626125701995355,1.7164383561644216,0.12290816099911149,2.0764768633486748,-0.06417556245129478,-1.0121816168327935,1.0,1724091120000000000,-0.9854953651794568,0,27.0,False,2024-08,0.3566347041679215,-0.011548365118145974
XRPUSDT:5:1724090100000000000:-1:1724091480000000000:1,XRPUSDT:5:1724090100000000000:-1,XRPUSDT,-1,1724091480000000000,1724091300000000000,0.5995,0.6005,0.596,3.5000000000000555,0.5965,0.0,5:1724090100000000000:-1,OBSERVED_OPPOSING_STRUCTURE,0.5992,0.5999,0.6003,0.5959,CONTROL_ACCEPTANCE_RETURN,-1.675675675675705,-0.16500164786168228,-1.0,-0.8888888888889026,0.10810810810809837,0.16616513273900607,0.018518518518516235,-0.6000000000000001,-5.297297297297421,0.051714643508248004,-0.17314487632508893,-0.36585365853658636,-13.189189189189502,-0.004282888921704869,-0.18827160493827189,-0.6498316498316516,0.0,0.0,4.432432432432513,-0.4666666666666716,-0.2666666666667012,0.340627588667188,0.6583885471947893,-0.32209146971000546,-0.2475507987704489,-0.0,-0.0,-0.2947391977204519,0.05820547745710453,0.9805067975636845,-1.3306357464841738,-0.8723986894555862,-3.966661550813247,-1.0,-1.0,-4.108348134991168,1.6094379124341003,0.0,1.3862943611198906,0.32432432432435515,0.33389911152825386,1.3170354750707463,5.99999999999963,0.2950137466512645,0.0,-1.6216216216216557,0.5405405405405519,16.68056713928275,0.7199999999999994,3.5000000000000555,1.8918918918919616,1.0,1.0,0.0,0.33389911152825386,1.9459459459459507,0.4359736655818502,0.4864864864865027,0.3071765173355327,0.8481490653099315,-0.07844588478241536,-1.1428571428571201,0.0,1724091660000000000,-0.966319306722104,0,3.0,False,2024-08,0.3854354570033189,0.0004236393705505971
BTCUSDT:5:1724095800000000000:1:1724097960000000000:1,BTCUSDT:5:1724095800000000000:1,BTCUSDT,-1,1724097960000000000,1724097480000000000,58977.0,59106.7,58842.299999999996,1.038550501156572,59090.0,0.0,5:1724095800000000000:1,OBSERVED_OPPOSING_STRUCTURE,58958.0,58979.9,59106.6,58842.2,CONTROL_REJECTION_RETURN,-0.06839622641507107,-0.20590880083541216,-0.22250639386178503,-0.7670886075950103,-0.9261006289308352,-0.17229554469954506,-0.20013591573225392,0.043478260869547425,-0.0990566037735729,-0.05289842715971191,-0.00683000867302606,-0.04915627292737179,-3.0267295597484103,-0.023111115908701716,-0.05086402790255237,-0.3857557202707036,0.0,0.0,2.1768707482993466,-0.4910179640718785,-0.2335329341318135,0.3603735409650485,0.5134877614683524,-0.16432993535460907,0.26509475031760715,0.5086469989823428,0.11061808273926665,0.22040508496497807,-0.6533407995338871,-0.9161767728861052,0.1345204834213515,-0.009923856044730006,-0.2335770871949244,-0.0,-0.0,0.7597311966916576,1.8870696490323797,0.0,2.1972245773362196,0.13050314465407586,-0.09000755957123195,3.014356553788293,0.5439870863599731,0.6186787718204009,0.0,0.8883647798742088,1.0196540880502858,21.99162385336607,0.5462622976098811,1.038550501156572,1.0589622641509717,1.0,0.0,1.584962500721156,-0.09000755957123202,-0.7861635220125741,0.8293077436334099,1.0778301886792276,0.16057042137090563,1.0839163838713266,-0.13354193208367737,-0.3371428571428809,0.0,1724099160000000000,-0.9714325360362012,0,20.0,False,2024-08,0.3645405985763873,-0.014747124958726869
SOLUSDT:5:1724095200000000000:-1:1724099040000000000:1,SOLUSDT:5:1724095200000000000:-1,SOLUSDT,-1,1724099040000000000,1724096100000000000,143.207,143.36499999999998,142.76399999999998,2.8037974683547366,142.9,0.0,5:1724095200000000000:-1,OBSERVED_OPPOSING_STRUCTURE,143.199,143.275,143.355,142.5,CONTROL_ACCEPTANCE_RETURN,-0.21743810548977152,-0.39230109108740957,-0.6516129032259153,-0.8122065727698515,-0.5726587728740378,-0.10079634931997136,-0.16062801932366833,-0.9255121042830168,-0.44779332615715384,-0.07266531007911596,-0.03442568685865548,-0.35181644359464403,1.6706135629709553,0.0230361160267857,0.0267955801104973,0.6178378378378402,0.0,0.0,1.4725511302475693,-0.8000000000001083,0.18095238095272123,0.8059280463923888,0.4787373092144555,0.21603019650591304,-0.6006138790440496,0.06982850120129669,0.4192955639314988,-0.3916079771879452,-0.3080883729638695,-0.5178610434999906,-0.731458887902994,-0.054797729374047144,0.2836655617458401,1.0,-1.0,-2.0457508950442573,1.3862943611198906,0.0,3.912023005428146,0.14424111948333074,-0.28378326632203715,1.4555358410371229,1.767499999999959,0.8059280463923888,0.0,-0.6609257265877013,0.3401506996770435,11.032980231412365,1.088248101265912,2.8037974683547366,0.9537136706135868,1.0,1.0,0.0,-0.28378326632203715,0.13562970936494395,0.5052235473409528,0.36598493003226507,-0.012865497076023392,0.4444065282539404,-0.786373979386963,-1.0,0.0,1724099160000000000,-0.9584019930639515,0,2.0,False,2024-08,0.28953603480705187,-0.01346750136147427
BTCUSDT:15:1724093100000000000:1:1724100600000000000:1,BTCUSDT:15:1724093100000000000:1,BTCUSDT,1,1724100600000000000,1724099940000000000,59144.0,59095.1,59236.5,1.891615541922234,59211.5,1.584962500721156,15:1724093100000000000:1,OBSERVED_OPPOSING_STRUCTURE,59132.4,59171.1,59319.0,59095.2,CONTROL_ACCEPTANCE_RETURN,-0.6870748299320061,0.1864949594514289,-0.3754646840148885,-0.8959913326110659,-0.2295918367346967,0.0859237538071715,-0.061335756474330254,-0.5638963360142781,2.431122448979634,0.09140019485746272,0.15527073263455407,0.2659395973154408,5.438775510204136,0.04442818677233052,0.08241630801742085,0.5730666016101504,0.0,0.0,2.6738794435857502,-0.8426005132591854,0.006843455945214923,1.199404320055709,1.2398290421871219,-0.47273748026481754,-0.7615751012025654,0.2705334920460878,-0.4889015507814065,0.3474427994703034,-0.5271310006009725,0.09182650909821576,1.9232917905280829,-0.32141834583291246,0.5078306584515513,0.0,0.0,-0.4982338244162905,2.151762203259462,0.0,2.4849066497880004,0.13945578231293926,0.08439245585300782,1.967730121589633,1.627906976744186,1.199404320055709,0.0,-0.5739795918367417,0.4158163265306298,8.267956174760155,1.4507865030674416,1.891615541922234,0.7865646258503499,1.0,1.0,0.0,0.08439245585300785,0.30952380952382574,0.8023977745607516,0.5493197278911509,-0.021971231240587828,0.5343703807518394,-0.5737051953770396,-1.0,0.0,1724100960000000000,0.35912938404007505,1,6.0,False,2024-08,0.2776330978210648,-0.019027535785310214
BTCUSDT:60:1724090400000000000:1:1724103780000000000:1,BTCUSDT:60:1724090400000000000:1,BTCUSDT,-1,1724103780000000000,1724100480000000000,59190.4,59319.1,59036.7,1.1942501942502552,59262.9,3.584962500721156,60:1724090400000000000:1,OBSERVED_OPPOSING_STRUCTURE,59144.0,59201.0,59249.3,58945.3,CONTROL_REJECTION_RETURN,-0.858205870194314,-0.4064751964651655,-0.7099863201094732,-0.590943396226437,-1.4303431169904834,-0.1650015252777067,-0.37592351151674613,-0.7576028622540365,-0.1570897064902843,-0.04795341695860933,-0.011235955056179872,-0.3117473909553141,-2.031417941298081,-0.03934878086647097,-0.03358530284183383,-0.5894652833200367,0.0,0.0,3.1858316221766283,0.3271317829457139,-0.48682170542637915,0.6388664191863003,0.9313414206357159,0.13499321396788042,0.060351701828622595,-2.0108654325468045,-3.4245999847448694,-1.8971794584330661,-0.3856643356643566,-1.1581584640608473,-0.17540770491962138,-0.2721846529296361,0.018317998429337068,-1.0,-0.0,-0.21206093189967024,1.33500106673234,0.0,4.02535169073515,0.4638280281107748,-0.5042177919350189,2.166736142721553,0.7717254408060443,0.6819327182247666,0.0,0.5994212484497691,1.064076064489428,21.743390820132504,0.5524918414918539,1.1942501942502552,1.2707730467135465,1.0,0.0,0.0,-0.5042177919350189,-0.9962794543199609,0.934503456798773,2.0157089706490403,0.1429591800978556,1.0416140973602352,-0.08484661871144134,-0.3229623137598727,0.0,1724104560000000000,0.5171054269895065,1,13.0,False,2024-08,0.5797311019374202,-0.003876639963776709
XRPUSDT:5:1724102400000000000:1:1724104560000000000:1,XRPUSDT:5:1724102400000000000:1,XRPUSDT,1,1724104560000000000,1724103720000000000,0.5967,0.5947,0.6013000000000001,2.300000000000022,0.5966,0.0,5:1724102400000000000:1,OBSERVED_OPPOSING_STRUCTURE,0.5958,0.5979,0.6014,0.5979,CONTROL_ACCEPTANCE_RETURN,-0.8636363636363557,-0.40712183271614116,-1.0,-0.5999999999999645,0.40909090909090795,0.25460504072714524,0.12000000000000237,-0.6491228070175459,0.6363636363636065,0.15236886982743736,0.06603773584905596,-0.22077922077922418,-1.4090909090908827,-0.01745786727258032,-0.02589807852965721,-0.6052631578947363,0.0,0.0,0.7916666666666676,-0.7222222222221948,0.2777777777778052,1.515549054337242,1.371885878576913,-0.4253838644360006,-0.8494115013711577,-3.3506449991616005,-3.0301809873123364,-1.6075533989245983,-0.6518343195266096,-0.791638322205372,-0.06631493085712015,1.2007292312962798,0.7026785672207266,0.0,1.0,-3.4016597510373323,1.6863989535702286,0.0,2.70805020110221,2.181818181818159,0.5685201960785229,1.364900551046268,0.9791666666666691,1.2085784774814765,1.0,0.04545454545453972,0.9090909090908953,33.517680576504134,0.3574199999999996,2.300000000000022,2.0909090909090793,1.0,1.0,0.0,0.5685201960785229,0.5000000000000379,0.459363935006574,1.0909090909090542,0.3920616889058644,1.5264079650020987,-0.46957165067027784,-1.0,1.0,1724113080000000000,1.468062594836598,1,142.0,False,2024-08,0.3675491778035247,-0.003238019714711212
ETHUSDT:5:1724105700000000000:1:1724107920000000000:1,ETHUSDT:5:1724105700000000000:1,ETHUSDT,1,1724107920000000000,1724107020000000000,2618.6,2614.1899999999996,2623.99,1.2222222222221077,2622.35,0.0,5:1724105700000000000:1,OBSERVED_OPPOSING_STRUCTURE,2617.55,2620.08,2625.99,2620.08,CONTROL_ACCEPTANCE_RETURN,-0.9323164918970803,-0.5249498177037675,-1.0,-0.9124343257443088,-0.6062917063871297,-0.09167038403828218,-0.23945783132532772,-0.9345549738219885,-0.06673021925642164,-0.08182394890567339,-0.005279831045405287,-0.21346469622331232,1.7673975214491089,-0.01295989907085667,0.029708681857513883,0.4260194174757381,0.0,0.0,1.578256794751643,-0.7909090909091003,0.01818181818179939,0.936292857808071,0.8390715929175984,-0.12782118557383382,-0.49959538090287303,-0.725525910821867,0.5468851600209934,-0.1566986178487487,-0.9334593689952244,-0.5703836856133794,-0.625116221409513,-0.035908020773750327,0.5583860021530913,0.0,0.0,-1.292100950507977,1.6863989535702286,0.0,2.772588722239781,0.11248808388945346,0.2848210158847793,1.7683212566649114,2.030219780219816,0.936292857808071,0.0,-0.7149666348904177,0.8408007626311901,16.84106010845608,0.7119442176870246,1.2222222222221077,1.027645376549136,1.0,1.0,0.0,0.2848210158847793,0.5795996186845783,0.6791502766721238,0.15633937082931584,-0.26292744288424924,0.5579638855923497,-0.5465381276894381,-1.0,0.0,1724110020000000000,0.42167275595288617,1,35.0,False,2024-08,0.39789983615553187,-0.013337559607513382
XRPUSDT:5:1724104800000000000:-1:1724108220000000000:1,XRPUSDT:5:1724104800000000000:-1,XRPUSDT,1,1724108220000000000,1724106420000000000,0.5967,0.5957,0.5982000000000001,1.5000000000000555,0.5958,0.0,5:1724104800000000000:-1,OBSERVED_OPPOSING_STRUCTURE,0.5967,0.597,0.5983,0.5958,CONTROL_REJECTION_RETURN,0.21621621621619028,-0.05801415614035802,0.6666666666666666,1.0,-0.5405405405405357,0.0007263418233763957,-0.2941176470588466,-0.3913043478260786,0.21621621621619028,0.12110964916837579,0.02247191011235731,-0.3571428571428543,-3.405405405405357,0.003134472583745572,-0.06723585912486638,-0.6052631578947363,0.0,0.0,2.7317073170732,0.33333333333327164,0.6666666666667284,0.71312878534315,0.7759422983284678,0.02303340177648197,0.324049403784743,0.0,3.3512064343155235,0.3102385432497499,0.23805243909998428,-0.6260459926858107,0.5359821483914688,0.08550545214527505,-0.3197659321752786,-1.0,1.0,0.5671641791044724,1.8562979903656263,0.0,3.4339872044851463,0.0,-0.13314736053171766,1.6441872270936337,0.6400000000000036,0.6765372940381909,0.0,0.4864864864864881,0.5405405405405357,16.758840288252067,0.7154399999999994,1.5000000000000555,0.8108108108108335,1.0,0.0,0.0,-0.13314736053171772,-0.4864864864864881,0.6072407165609345,0.4864864864864881,0.31337370225752337,0.7245431298850262,-0.12939482624058435,-0.523809523809549,0.0,1724108700000000000,-0.9663852099306326,0,8.0,False,2024-08,0.3051508342894843,-0.015937365771794797
XRPUSDT:5:1724106600000000000:-1:1724109420000000000:1,XRPUSDT:5:1724106600000000000:-1,XRPUSDT,-1,1724109420000000000,1724108640000000000,0.5966,0.5972,0.5958,1.3333333333335184,0.5958,0.0,5:1724106600000000000:-1,OBSERVED_OPPOSING_STRUCTURE,0.5965,0.5967,0.5971,0.5953,CONTROL_ACCEPTANCE_RETURN,-0.18181818181815734,-0.0004945546157272279,-0.3333333333332511,-0.6000000000000445,-0.1212121212121049,-0.03883869617361369,-0.0714285714285601,-0.7333333333333532,0.2424242424242098,-0.08062113693821513,0.027027027027024187,0.1333333333333555,6.4848484848482855,-0.0024206938814321723,0.12172923777019312,0.5797101449275353,0.0,0.0,1.2777777777777435,-0.4285714285713606,-1.5860328923215753e-13,0.890799638904348,0.9249487946173046,-0.11604210257729879,-0.1790156690849827,0.43310226053860923,0.43310226053860923,-0.05340549275085671,-0.4669019820798437,0.3021121832900324,0.09788888485159283,-0.4233243045021373,0.14453535757261696,1.0,-1.0,-0.7332089552238663,2.0541237336955462,0.0,2.639057329615259,0.06060606060605245,-0.11672966149227003,1.835072077507351,2.600000000000222,0.890799638904348,0.0,-0.48484848484848686,0.3636363636363147,10.056989607776297,1.1938000000001314,1.3333333333335184,0.48484848484848686,1.0,1.0,0.0,-0.11672966149227004,0.48484848484848686,0.7193591979736537,0.30303030303026224,0.49740196201853604,0.5365258177504059,-0.1796305438250783,-1.0,0.0,1724109840000000000,-0.9566405729901009,0,7.0,False,2024-08,0.32333722233673295,-0.01834213499513938
BTCUSDT:15:1724103900000000000:1:1724109480000000000:1,BTCUSDT:15:1724103900000000000:1,BTCUSDT,-1,1724109480000000000,1724108280000000000,59192.8,59233.5,59062.6,3.199017199017535,59217.5,1.584962500721156,15:1724103900000000000:1,OBSERVED_OPPOSING_STRUCTURE,59160.0,59203.1,59217.2,59062.5,CONTROL_REJECTION_RETURN,-1.1034120734908748,-0.6668648029178337,-0.8537774167343692,-1.0,-0.22467191601051398,-0.018378352477034537,-0.05718866916087753,-1.0,-1.7322834645669292,0.022419031837440193,-0.14049727520435862,-0.7123627346794323,-2.570078740157511,0.00012653487995325076,-0.039060505488895045,-0.4795876288659915,0.0,0.0,1.4471744471744472,-0.9098360655737705,-0.09016393442622951,0.5596927981915264,1.0618336329563147,-0.2462809371707933,-0.5124433245184866,0.12678686169387277,0.06684373618282002,-0.286559222471168,-0.8058071355089499,-0.21033385052368248,0.12336034301082034,-0.014338065486831503,-1.8556438075777495,1.0,-0.0,-1.1490013934045944,1.7692866133759964,0.0,3.044522437723423,0.166929133858283,0.05500759323387685,3.058447315955729,0.8406451612903414,0.5596927981915264,0.0,0.2593175853018067,0.4272965879264786,6.875836250354281,1.7458422604423853,3.199017199017535,1.3669291338583136,1.0,0.0,1.584962500721156,0.05500759323387686,-0.386351706036776,0.8556760338290853,1.3606299212599036,0.2763920359924485,0.8636451744555774,-0.7091798572785899,-1.0,0.0,1724109900000000000,-0.949698109650414,0,7.0,False,2024-08,0.232480290965523,-0.018517359739313302
SOLUSDT:15:1724105700000000000:-1:1724110020000000000:1,SOLUSDT:15:1724105700000000000:-1,SOLUSDT,-1,1724110020000000000,1724107920000000000,143.929,144.35299999999998,143.04399999999998,2.0872641509435494,143.516,1.584962500721156,15:1724105700000000000:-1,OBSERVED_OPPOSING_STRUCTURE,143.619,144.13,143.619,142.666,CONTROL_ACCEPTANCE_RETURN,-1.4598540145985353,-0.4181835131796677,-0.6067961165048872,-0.8792184724689431,-2.6861313868613514,-0.11556601916520343,-0.585987261146552,-0.9378995433790103,-0.7503649635036618,0.09086348879011245,-0.03869899111579811,-0.5062611806797983,-1.6583941605839714,0.020103018392578116,-0.026291427513424188,-0.5507325013564952,0.0,0.0,1.0396659707724742,-0.9388489208633223,0.06115107913667778,1.3866700481164502,1.3824622089709018,-0.9556481938158087,-0.6648870550621736,1.2504602388374586,2.7866658110742293,0.9142371582445897,-1.1478247779617508,-1.9609850262549802,-1.405050429023049,-0.7251463606063713,0.6546854655193872,-0.0,-1.0,1.3667221297835555,1.2431935174792172,0.0,3.58351893845611,2.4817518248174935,0.5339184754014848,3.316767277593351,1.4858823529411926,0.5560752644047727,0.0,-1.205839416058422,1.2379562043794943,29.45896935294334,0.40794622641511524,2.0872641509435494,2.5839416058394638,1.0,1.0,0.0,0.5339184754014848,2.782481751824817,1.8428034947185683,-0.6277372262773802,0.017162559717302364,2.0106153461270484,-0.045126650121193976,-0.1683326669332348,0.0,1724110080000000000,-0.9764576855516428,0,1.0,False,2024-08,0.27927293500813005,-0.011594521632293214
SOLUSDT:5:1724107800000000000:1:1724111400000000000:1,SOLUSDT:5:1724107800000000000:1,SOLUSDT,-1,1724111400000000000,1724110080000000000,144.148,144.48999999999998,143.801,1.014619883041006,144.343,0.0,5:1724107800000000000:1,OBSERVED_OPPOSING_STRUCTURE,144.13,144.261,144.282,143.791,CONTROL_REJECTION_RETURN,-0.43415340086833953,0.20349335007705918,-0.382653061224536,-0.8141025641025776,0.3270622286541354,0.12223883230113557,0.08290535583272855,-0.4541751527494471,0.2604920405210037,0.07777660990376858,0.01213265031005758,-0.6339581036383739,-3.76555716353122,0.024418583460395528,-0.05917132851230302,-0.6646464646464694,0.0,0.0,4.896350364963466,-0.32142857142840225,0.011904761904479944,0.3554665832492709,0.3217549325951433,-0.36182646138259633,0.44568807141745903,1.4830763501527677,1.760910080557121,1.1659266021344676,-0.6538281146980922,-0.08769063180829902,-0.8953674433127059,0.4147528604624344,1.1558594838337095,1.0,-1.0,-1.7823011126116715,2.151762203259462,0.0,3.1354942159291497,0.39652677279306975,-0.267673601215921,2.3775875251517187,0.6467391304347901,0.342092520452966,0.0,0.5643994211288003,0.9898697539797319,23.72561533978859,0.5063824561403737,1.014619883041006,1.0043415340087452,1.0,0.0,0.0,-0.267673601215921,-2.6309696092620967,1.0837603915397471,1.299565846599216,0.159912151806734,0.6830382452049545,-0.04296160877513711,-0.15867768595042192,0.0,1724112360000000000,0.4480661185222408,1,16.0,False,2024-08,0.3084079739392232,-0.017042802401224418
SOLUSDT:15:1724102100000000000:-1:1724112480000000000:1,SOLUSDT:15:1724102100000000000:-1,SOLUSDT,1,1724112480000000000,1724107980000000000,143.5,142.656,144.411,1.0793838862559333,143.08,1.584962500721156,15:1724102100000000000:-1,OBSERVED_OPPOSING_STRUCTURE,142.901,143.508,144.48,142.868,CONTROL_REJECTION_RETURN,-1.3518248175182257,-0.2088229976496113,-1.0,-0.9032258064516111,-2.2744525547445074,-0.16226945595999775,-0.5888133030990492,-0.9492063492063469,1.0890510948904795,-0.008524829719963016,0.0671467146714681,-0.2158808933002394,1.6145985401459721,-0.036672429124529844,0.02563389421962669,-0.08048511576625528,0.0,0.0,1.4747340425531745,-0.9036144578313198,0.0963855421686802,1.389532010372632,0.8761486825155516,-0.5108850733354618,0.045879876661282126,-0.27873787490140245,-0.07278172762248403,0.22408709006651742,-0.35208316100037396,-1.7441544654920706,2.7648407643311974,-0.5302980892524367,-1.675789669440718,-1.0,1.0,0.6158724033699263,2.0193376176101303,0.0,4.330733340286331,1.208759124087633,-0.4029674528433442,3.7031147922876264,0.7000000000000041,1.389532010372632,1.0,1.2262773722627331,2.4642335766423105,58.81533101045255,0.20342843601895877,1.0793838862559333,2.6598540145985354,1.0,0.0,1.584962500721156,-0.4029674528433442,-2.40875912408755,1.2914979542534093,2.9401459854014647,0.0707203584924476,1.2069091641692673,-0.20132114601735923,-1.0,1.0,1724113500000000000,0.7727931371060395,1,17.0,False,2024-08,0.34347482178946964,-0.012125091594811361
XRPUSDT:5:1724097900000000000:1:1724114760000000000:1,XRPUSDT:5:1724097900000000000:1,XRPUSDT,1,1724114760000000000,1724113800000000000,0.6016,0.5999,0.6035,1.1176470588235141,0.6029,0.0,5:1724097900000000000:1,OBSERVED_OPPOSING_STRUCTURE,0.6015,0.6033,0.6055,0.6033,CONTROL_ACCEPTANCE_RETURN,-0.3199999999999716,-0.3514416374018206,-0.3999999999999112,0.1666666666667438,-2.400000000000053,-0.20274171002026334,-0.4545454545454515,-0.6956521739130319,3.2000000000000712,0.06465507362088321,0.16260162601626355,0.13333333333333086,3.2800000000000638,0.10228019424338444,0.052903225806452035,0.33898305084745695,1.584962500721156,2.9990600636466658,1.660377358490525,0.2857142857142404,0.7142857142857596,0.4085084838049678,0.6592456288842917,0.06518954821951257,0.5736675445838133,3.3255736614568043,6.092966806957589,3.0739105400133235,-1.8195701488124274,-1.7269486343715545,5.1631973227718255,-0.6730513656284987,-1.9631973227717543,0.0,1.0,1.3578947368421104,3.9852734671677386,0.0,2.8903717578961645,2.080000000000082,0.321776912911003,2.8374970608239027,1.4999999999999787,0.6786696017286595,1.0,-1.0399999999999965,1.360000000000057,28.257978723404833,0.42405882352940305,1.1176470588235141,1.5200000000000427,1.0,1.0,0.0,0.321776912911003,2.1600000000000747,1.438553709512533,1.1199999999999894,0.11237734378562571,1.6041606293296993,-0.2736072775097944,-0.425531914893614,1.0,1724116140000000000,0.5716548249538572,1,23.0,False,2024-08,0.5231895315459769,-0.0056268236309620304
SOLUSDT:60:1724090400000000000:1:1724115120000000000:1,SOLUSDT:60:1724090400000000000:1,SOLUSDT,-1,1724115120000000000,1724088900000000000,146.456,146.82999999999998,145.81,1.7272727272727135,146.2,3.584962500721156,60:1724090400000000000:1,OBSERVED_OPPOSING_STRUCTURE,146.425,146.518,146.766,145.8,CONTROL_REJECTION_RETURN,-0.8686868686868537,-0.07050709939148073,-1.0,-0.5466179159048707,0.2279942279942557,0.08126834329408253,0.03745851114272467,-0.3159478435305656,-6.441558441558592,-0.009391099768409707,-0.25061756119469913,-0.7889855072463736,-7.838383838383965,0.022884833397361214,-0.11037958221571983,-0.8247472315840132,3.584962500721156,3.290886360844473,2.815829528158302,-0.41726618705027735,0.30935251798563507,0.4667150094818078,0.7067590753650651,-0.015463274326628584,-0.4677586625821175,4.722166831899743,5.1321653285729685,1.9459025043812685,-0.3634215304439171,0.6984204909284846,-4.980779220779362,-0.47042626293422884,-1.46077922077923,-0.0,-1.0,-3.0783076286710287,2.0149030205422647,0.0,3.1354942159291497,1.7893217893218447,-0.05015961781921148,3.2545999325932975,1.640000000000037,0.4901687288525241,0.0,-0.7388167388167569,1.079365079365091,25.5366799584855,0.47051229946524653,1.7272727272727135,1.8643578643578698,1.0,0.0,0.0,-0.05015961781921148,-3.5440115440115707,1.7887297848664931,1.240981240981208,0.10348385426482318,1.3376556410606002,0.053586518864641844,-0.532777115613812,0.0,1724115240000000000,-0.9740610429508436,0,2.0,False,2024-08,0.6352383470374868,0.006497382652244924
SOLUSDT:60:1724014800000000000:1:1724116260000000000:1,SOLUSDT:60:1724014800000000000:1,SOLUSDT,1,1724116260000000000,1724115780000000000,146.627,146.288,147.87,3.6666666666666665,147.0,3.584962500721156,60:1724014800000000000:1,OBSERVED_OPPOSING_STRUCTURE,146.493,146.727,147.88,146.456,CONTROL_ACCEPTANCE_RETURN,-0.7793696275071302,-0.18114104595879557,-0.6044444444444406,-0.6112311015118592,0.10028653295127855,0.09338812771384249,0.013784954706575965,-0.5840707964601655,8.873925501432593,0.036161551713137244,0.2996613449443611,0.4443458980044397,9.180515759312245,-0.007294220604679914,0.12272100505592237,0.5193709244342208,0.0,0.0,2.3706233988044363,-0.6577946768060775,0.3422053231939225,0.6805535025200374,0.6155498184161604,0.12741554830827895,-0.30126951953426373,-0.37320246408789615,0.3937699811118467,0.16379977284869485,-1.4555614973261983,1.1209090909091097,6.552492668621673,-1.0206225579578312,2.3214328328109204,1.0,1.0,3.016811065511516,3.3690184832979204,0.0,2.1972245773362196,2.5214899713466647,0.2594371280705156,1.9421521891033726,1.4238636363636277,0.6805535025200374,0.0,-1.0687679083094168,0.9713467048710458,23.119889242772384,0.5184336283185861,3.6666666666666665,3.561604584527168,1.0,1.0,0.0,0.2594371280705156,2.114613180515735,0.7860675658422611,1.2206303724927883,0.43971499319781154,1.1865562553287623,-0.4615476237741692,-1.0,0.0,1724116380000000000,-0.9723038175204654,0,2.0,False,2024-08,0.24685829657764038,-0.007678337376688675
ETHUSDT:15:1724020200000000000:1:1724116560000000000:1,ETHUSDT:15:1724020200000000000:1,ETHUSDT,1,1724116560000000000,1724113860000000000,2652.93,2647.16,2676.18,4.029462738301572,2656.58,1.584962500721156,15:1724020200000000000:1,OBSERVED_OPPOSING_STRUCTURE,2650.9,2653.41,2676.19,2647.17,CONTROL_ACCEPTANCE_RETURN,-0.37639877924727927,-0.13261441406850924,-0.3345388788427575,-0.667857142857196,-1.1617497456765165,-0.022780456180664474,-0.13081328751431764,-0.9231087226126635,5.171922685656115,0.030829425009307684,0.1709942149872183,0.21339195130198618,7.85350966429302,0.001686968038992313,0.1051141005391877,0.27221526908635196,0.0,0.0,2.761718749999982,-0.39613526570057433,-0.15458937198065031,0.484529505982937,0.6562718235001577,0.253660303659709,-0.24286053093365562,0.0,1.2485038376763846,0.3354310755836381,-0.9005704099822142,-0.6679322638146303,5.758651026392898,-0.4938174818618861,-0.5867283407367827,1.0,0.0,1.7637221016530926,4.654595069315614,0.0,3.828641396489095,2.7304170905392007,0.09616163690314815,3.6984706104541547,1.1861295257521707,0.484529505982937,0.0,-0.7426246185147748,1.1739572736520905,21.749537304037357,0.5511358752166394,4.029462738301572,4.730417090539201,1.0,1.0,1.584962500721156,0.096161636903148,5.930824008138415,1.2880472251927568,0.2746693794506448,0.013483671304038053,1.1452289008456975,-0.439532647511527,-1.0,0.0,1724119440000000000,-0.9712118587070093,0,48.0,False,2024-08,0.16444663968665338,-0.014514089779529895
SOLUSDT:5:1724115000000000000:-1:1724118660000000000:1,SOLUSDT:5:1724115000000000000:-1,SOLUSDT,1,1724118660000000000,1724117580000000000,145.746,145.37,146.161,1.103723404255284,145.8,0.0,5:1724115000000000000:-1,OBSERVED_OPPOSING_STRUCTURE,145.7,145.754,146.171,145.679,CONTROL_REJECTION_RETURN,-0.49873417721518387,-0.24906562097910667,-0.8242677824268728,-0.8389830508474045,0.35696202531649596,-0.07766910001278071,0.1093871217998611,-0.074589127686434,-1.5240506329113628,-0.011173479379231587,-0.07468982630273024,-0.707199999999989,4.706329113923951,-0.021222946655244188,0.0655061841502528,0.18143459915612326,1.584962500721156,1.6863989535702286,3.002865329512867,-0.8618784530386298,0.07182320441992507,0.2707018971378791,0.5559994310224147,-0.22379073366894908,0.09287524154717586,-0.0916208860191059,1.0378182120962531,0.43074547446449574,-0.9211260116943812,0.21537632139800458,-0.04184350132628073,0.14158570391849137,-1.482207131585082,1.0,1.0,-1.4868327402135209,2.1972245773362196,0.0,3.091042453358316,1.063291139240519,-0.3488655255578711,1.0427378015930655,1.1455525606469132,0.34963776773116906,0.0,-0.13670886075949532,0.9518987341772026,25.798306643064286,0.46454680851063235,1.103723404255284,1.0506329113923576,1.0,0.0,0.0,-0.3488655255578711,-0.9949367088607355,0.3129072449869167,0.8126582278480751,0.03217961465079408,0.35546367006450835,-0.2617944893633723,-0.7627118644068831,0.0,1724119440000000000,-0.9742154254745,0,13.0,False,2024-08,0.4231581416449705,-0.010922860583707962
BTCUSDT:5:1724118000000000000:-1:1724120700000000000:1,BTCUSDT:5:1724118000000000000:-1,BTCUSDT,1,1724120700000000000,1724119680000000000,60340.1,60310.9,60520.8,6.188356164384328,60342.0,0.0,5:1724118000000000000:-1,OBSERVED_OPPOSING_STRUCTURE,60327.6,60359.2,60529.1,60311.0,CONTROL_REJECTION_RETURN,-0.7435064935064774,-0.3658847480008803,-1.0,-0.9729166666667576,0.10146103896103836,0.05116406129249083,0.03154176129195031,-0.7331499312242207,-1.7491883116883014,-0.07738091991277343,-0.11168696553511019,-0.840940147581315,10.80681818181813,0.07666535468786274,0.1627469196166628,0.43499147683247985,3.584962500721156,0.3483066942682158,2.704077513120754,-0.9720767888308658,0.01745200698080412,0.7588840974918664,0.7535293524766513,-0.2529108361695561,0.1486819417766717,-0.1835860071008888,0.24914945713327974,0.3486200153358189,-0.8300133719277496,-0.4558155875040732,-1.756511367313617,0.5572766264651116,0.007323055625315655,0.0,0.0,-4.3336555891238735,1.8870696490323797,0.0,2.8903717578961645,0.25162337662337514,-0.22984200163280993,1.4243023615667323,1.0101549973276402,0.7588840974918664,1.0,-0.015422077922089642,0.237012987012962,4.83923626245185,2.4791301369865484,6.188356164384328,1.466720779220806,1.0,0.0,0.0,-0.22984200163280988,-0.20454545454542972,0.48918819461321694,0.46347402597401144,0.029336559221693776,0.5840214380979264,-0.27174188819665657,-1.0,1.0,1724122860000000000,1.230097493454445,1,36.0,False,2024-08,0.1315672635027406,-0.021683997193013588
SOLUSDT:5:1724119500000000000:-1:1724122020000000000:1,SOLUSDT:5:1724119500000000000:-1,SOLUSDT,-1,1724122020000000000,1724119440000000000,145.374,145.55599999999998,144.816,3.065934065934229,145.197,0.0,5:1724119500000000000:-1,OBSERVED_OPPOSING_STRUCTURE,145.335,145.379,145.439,144.806,CONTROL_ACCEPTANCE_RETURN,-0.4803804994054607,-0.3867109634551495,-0.9099099099099838,-0.517482517482402,-0.5089179548156874,0.05703642784577427,-0.17627677100494968,-0.4235500878734242,1.4221165279429426,0.013573196498641714,0.12100364225010506,0.02739726027398226,-2.6801426872769802,0.01772069640018523,-0.038494381254909706,-0.038741848868430795,3.584962500721156,0.5784842722398055,1.690844233055832,0.1196581196581861,0.05982905982909305,0.3288539539529043,0.5735626224409386,0.1782339671801983,-0.11200001116765848,0.3480047281734233,-0.22307730047965713,0.10142346923981573,-0.40580666446719704,-0.4702625572314618,0.34998172642513653,-0.03865539758422554,1.072134801517806,-1.0,-1.0,3.2573349149861595,1.4816045409242156,0.0,3.258096538021482,0.8632580261593247,0.2543320935328547,1.7119187688435848,1.452685421994876,0.8003349080867734,0.0,-0.4209274673008104,0.4328180737217269,12.519432635821257,0.9591098901099534,3.065934065934229,1.3269916765754752,1.0,1.0,0.0,0.2543320935328547,0.7039239001188808,0.6460115952324588,0.49702734839477086,0.39593260456569807,0.8758402441672528,0.11365609819060805,-0.09436435124508812,0.0,1724124600000000000,-0.9608257313348225,0,43.0,False,2024-08,0.22188776317313455,-0.01591366470075227
SOLUSDT:5:1724123100000000000:-1:1724124360000000000:1,SOLUSDT:5:1724123100000000000:-1,SOLUSDT,-1,1724124360000000000,1724119440000000000,145.226,145.35999999999999,145.011,1.60447761194049,145.095,0.0,5:1724123100000000000:-1,OBSERVED_OPPOSING_STRUCTURE,145.195,145.308,145.317,145.001,CONTROL_ACCEPTANCE_RETURN,-0.22031823745410675,-0.0007015355834437602,-0.3750000000000444,-0.9067796610169818,0.12484700122395904,-0.15574446256160343,0.046070460704597166,0.14285714285717377,-0.9400244798041193,-0.06448204954062671,-0.08711433756805406,-0.14754098360652423,-4.452876376988916,-0.0040732549654807215,-0.0671936758893275,0.17694013303769474,3.584962500721156,0.8892620594862357,1.051219512195159,-0.9375000000000202,0.062499999999979815,0.6137237596494259,0.8357076497615776,-0.30934133118234,-0.28198233761034863,0.7573827605911188,0.6975713403445383,0.594129045250298,0.1378407893160158,0.44645844898369824,-0.6975737966931792,-0.3216114477597392,-0.2424506831109401,-1.0,-1.0,1.125964161316046,1.5686159179138452,0.0,1.0986122886681096,0.23011015911871052,0.029675796214763565,1.400314493695743,2.3936170212766856,0.6137237596494259,0.0,-0.3206854345165216,0.328029375764957,9.226997920481603,1.3011313432837168,1.60447761194049,0.5263157894736878,1.0,1.0,0.0,0.029675796214763565,0.4332925336597085,0.47703826584710823,0.09547123623007814,0.2606032045240339,0.5548646264023154,-0.21963028169014084,-1.0,0.0,1724124480000000000,-0.9550208926572151,0,2.0,False,2024-08,0.2862791079166925,-0.019121476039979622
SOLUSDT:5:1724121900000000000:1:1724125740000000000:1,SOLUSDT:5:1724121900000000000:1,SOLUSDT,1,1724125740000000000,1724124600000000000,145.318,144.991,145.69500000000002,1.152905198776794,145.538,0.0,5:1724121900000000000:1,OBSERVED_OPPOSING_STRUCTURE,145.197,145.328,145.705,145.001,CONTROL_ACCEPTANCE_RETURN,-0.2472460220318193,-0.2763146894072402,-0.8938053097345088,-0.7844311377245448,-0.5238678090575195,-0.01960618131480069,-0.24654377880184317,-0.779310344827579,-0.4626682986535894,-0.026888129108701704,-0.046221570066028145,-0.09943181818180735,2.932680538555684,-0.0018897976319962601,0.046101747094589446,-0.13614190687360916,0.0,0.0,1.3531510107015727,-0.37681159420270155,-0.3623188405794415,0.27650888782453287,0.4408286353154085,-0.06010041476910642,0.07435786933167804,0.0,0.10162096818810973,0.4563304298452226,-0.023824754630407636,0.27603442424922364,0.06566870863934016,-0.7999022333067431,-0.5283370072929295,1.0,1.0,-1.2182382810860746,2.302585092994046,0.0,2.995732273553991,0.3206854345165216,0.2447927819892358,2.6771173899829845,2.3173652694610585,0.6173604388268257,0.0,-0.53855569155446,0.8004895960832198,22.50237410368971,0.5326770642201865,1.152905198776794,0.92288861689108,1.0,1.0,1.584962500721156,0.2447927819892358,0.9326805385556838,0.6433653993534062,0.2692778457771952,0.3081087512642037,1.446896805088753,-0.10663497562744229,-0.5076923076921979,0.0,1724127060000000000,0.5054377362244741,1,22.0,False,2024-08,0.592547258913684,-0.003493253764446416
ETHUSDT:5:1724124900000000000:1:1724127900000000000:1,ETHUSDT:5:1724124900000000000:1,ETHUSDT,1,1724127900000000000,1724126460000000000,2662.66,2658.31,2669.99,1.6850574712643864,2661.75,0.0,5:1724124900000000000:1,OBSERVED_OPPOSING_STRUCTURE,2660.57,2663.6,2670.0,2660.56,CONTROL_ACCEPTANCE_RETURN,-0.5235294117647061,-0.44097767714084046,-0.543788187372639,-0.7960088691795946,0.40980392156855583,-0.17641419814825152,0.09051537462103233,-0.5550847457627337,2.4666666666665864,-0.05093211543435008,0.1840257460503241,0.26119778560642315,4.9490196078429625,0.015461144690643695,0.07589151482350193,0.33822450476888033,0.0,0.0,2.17794253938833,-0.8321839080459869,0.043678160919549125,1.574863056063846,1.1491785266107428,-0.4150856508830959,-0.38244612127624544,-0.97819627502993,-0.45323039781108854,-0.9955381144986726,-0.37401828134226134,0.5263429780819093,2.416486372626684,-0.1165390565133535,0.05018029403990232,1.0,0.0,-1.2262308926610963,1.8245492920510458,0.0,3.2188758248682006,1.3392156862744597,0.1741798144280799,1.9252298331949922,0.8896969696969873,0.9029474433254424,1.0,0.1784313725489863,0.8529411764705476,16.33704641223404,0.7339268965517394,1.6850574712643864,1.4372549019607317,1.0,1.0,0.0,0.1741798144280798,0.1313725490196186,0.7753467348149236,1.5980392156862495,0.03491127748030278,1.4483159967644492,-0.2792479782957614,-0.1721925133689825,1.0,1724128380000000000,-0.9659020405442962,0,8.0,False,2024-08,0.2776770906764034,-0.016510623075289634
SOLUSDT:5:1724125200000000000:1:1724128380000000000:1,SOLUSDT:5:1724125200000000000:1,SOLUSDT,1,1724128380000000000,1724127060000000000,145.758,145.3,146.269,1.1157205240174617,145.705,0.0,5:1724125200000000000:1,OBSERVED_OPPOSING_STRUCTURE,145.694,145.864,146.279,145.864,CONTROL_ACCEPTANCE_RETURN,-0.3458646616540764,-0.02372836916622968,-0.5073529411764014,-0.8040816326530574,-0.6365914786967171,-0.12225868174301521,-0.1901197604790291,-0.9119266055045818,0.4461152882205435,0.07031925091015549,0.03998203054806666,0.06630824372761035,-1.822055137844617,-0.012535671127080143,-0.03128900365827396,-0.3806115810019498,0.0,0.0,1.582309582309554,-0.8305084745762977,0.03389830508478863,0.7586495488011044,0.9790671380182934,-0.4571822432690383,-0.029978947169027235,-0.24418166344908343,-0.17560678654104933,0.03862973988887424,-0.10636618581229784,-0.8768913722407324,1.0122628481590785,0.24029989354401537,-0.566147559938535,1.0,1.0,-5.834163701067613,1.9740810260220096,0.0,3.1354942159291497,1.4385964912280265,0.27649483896965377,2.7011878255466053,0.907665505226483,0.6199877946662458,1.0,0.1328320802004941,1.147869674185457,31.421945965229924,0.38129868995633315,1.1157205240174617,1.2807017543859511,1.0,1.0,0.0,0.27649483896965377,0.8972431077694317,1.3295873204818225,1.1102756892230141,0.21736697153124493,1.446908002191062,-0.1316577896138482,-0.4349206349206199,1.0,1724128740000000000,0.6092052758406737,1,6.0,False,2024-08,0.5056424937965573,-0.005899967434322981
BTCUSDT:15:1724128200000000000:1:1724131740000000000:1,BTCUSDT:15:1724128200000000000:1,BTCUSDT,1,1724131740000000000,1724131080000000000,61115.0,60861.0,61385.9,1.0665354330708718,60997.9,1.584962500721156,15:1724128200000000000:1,OBSERVED_OPPOSING_STRUCTURE,60922.0,61173.6,61386.0,61173.6,CONTROL_ACCEPTANCE_RETURN,-1.3522309711286395,-0.1852546164845616,-1.0,-1.0,2.191076115485534,0.17852452004245306,0.2305822561042969,-0.092741935483871,3.7375328083989503,0.09240139475363472,0.18701407858793806,0.19044062733383127,5.311286089238861,0.043408841370683744,0.07590511485543656,0.4958139534883721,0.0,0.0,2.613684210526308,-0.8163265306122622,-0.1836734693877378,1.0280880002772146,0.8078717501220372,-0.4692749535598517,-0.015785962119505004,-1.6359918200403722,2.409177113057437,-1.3882739298373175,-1.3442107711219702,1.3845102204109714,4.3544417111572695,0.8065658950745624,-0.6169089027583192,1.0,0.0,1.2738648780405692,1.4350845252893227,0.0,2.4849066497880004,4.074540682414683,0.5137689145119401,3.0406126185393383,0.6982736408142257,0.9029920978840892,1.0,1.2293963254593023,2.6666666666666665,41.56099157326352,0.28813228346456693,1.0665354330708718,2.8440944881889916,1.0,1.0,0.0,0.5137689145119402,2.4986876640419946,1.6061546924954135,1.7312335958005403,0.09063225767672713,1.890002276405762,-0.11399221525943544,-1.0,1.0,1724137560000000000,-0.9816635449273322,0,97.0,False,2024-08,0.19881555127172412,-0.020470711928461255
SOLUSDT:60:1724119200000000000:1:1724131740000000000:1,SOLUSDT:60:1724119200000000000:1,SOLUSDT,1,1724131740000000000,1724131200000000000,147.675,147.122,148.637,1.7396021699819058,147.88,3.584962500721156,60:1724119200000000000:1,OBSERVED_OPPOSING_STRUCTURE,147.5,148.06,148.778,148.06,CONTROL_ACCEPTANCE_RETURN,-2.030013642564869,-0.3622151495862508,-1.0,-0.9656084656084518,0.64665757162355,0.060963752173304,0.09749074454957829,-0.5568101623147198,4.971350613915589,0.04663818340374327,0.2523545706371185,0.2752956636005346,4.311050477489945,0.025675293448948675,0.07269046742730928,0.4446122860020212,1.584962500721156,6.296986537688094,3.776940467219297,-0.9640883977900403,0.03591160220995972,1.0115213795212306,0.9754420024911213,-0.7177774240705188,-0.08540595150023828,-0.880234006823688,3.294147410446424,-0.3354191073553761,-1.3442107711219702,1.3845102204109714,4.3544417111572695,-0.7378526487874214,0.6169089027583192,1.0,1.0,-5.97548438117832,1.4586150226995167,0.0,2.4849066497880004,2.4502046384721035,0.308066721356303,2.6536224451749857,1.2282850779509855,0.9590812486141868,1.0,-0.5593451568894704,1.5088676671214614,37.44709666497357,0.3198520795660052,1.7396021699819058,2.62482946794003,1.0,1.0,0.0,0.308066721356303,2.0654843110504824,1.2922805525246956,0.7803547066848864,0.0595436795052233,1.447606971772525,-0.3622151495862508,-0.9986559139784882,1.0,1724132400000000000,-0.9801684581674157,0,11.0,False,2024-08,0.3998252635102917,-0.0049170094100749635
ETHUSDT:60:1724119200000000000:1:1724132220000000000:1,ETHUSDT:60:1724119200000000000:1,ETHUSDT,1,1724132220000000000,1724130960000000000,2678.84,2669.33,2694.45,1.6414300736066576,2676.19,3.584962500721156,60:1724119200000000000:1,OBSERVED_OPPOSING_STRUCTURE,2674.08,2686.04,2694.46,2686.04,CONTROL_ACCEPTANCE_RETURN,-1.230934479054851,-0.3375604024726541,-1.0,-1.0,-1.9419978517723864,-0.18387533197823377,-0.2967826657912089,-1.0,3.94844253490894,0.0748298590788049,0.1718078145447779,0.08174309313586825,6.290010741138948,0.01867473671802703,0.10077092511013538,0.3772455089820399,0.0,0.0,3.70740517760382,-1.0,0.0,0.7086865368755743,0.7825353500001794,-0.32279012901266174,-0.40592764847864987,-0.6035434417239749,-0.911529587193094,-0.1719224716060357,-1.603142113295656,-1.9819329545832107,2.833796839224871,0.03993510281082435,1.114645695684069,1.0,0.0,-3.0210774521041386,1.4508328822574619,0.0,3.091042453358316,4.032223415682279,0.38535580423913574,2.1500249502777424,0.8549534756431257,0.6199779892065678,1.0,0.5692803437164846,2.0429645542429085,35.500440489167765,0.33742397476339914,1.6414300736066576,3.3533834586467295,1.0,1.0,0.0,0.3853558042391357,0.8571428571429548,0.9230734844680012,3.271750805585575,0.09177343961532593,1.9114294711255968,-0.31358912377730563,-0.562308164518133,1.0,1724137500000000000,-0.979372608087925,0,88.0,False,2024-08,0.32770367227381175,-0.01044078045662029
SOLUSDT:5:1724138700000000000:1:1724141280000000000:1,SOLUSDT:5:1724138700000000000:1,SOLUSDT,1,1724141280000000000,1724135280000000000,147.092,146.89000000000001,147.661,2.8168316831682847,147.27,0.0,5:1724138700000000000:1,OBSERVED_OPPOSING_STRUCTURE,146.951,147.129,147.671,146.906,CONTROL_ACCEPTANCE_RETURN,-1.0595065312045555,-0.23328885114642728,-1.0,-0.8461538461537571,-0.43251088534106324,0.05750629669608653,-0.103832752613245,-0.8890701468188572,0.6240928882438221,-0.045320331465258705,0.05263157894737135,-0.4296296296295745,4.708272859216151,-0.015905344111118328,0.0752528532986926,-0.011397720455895044,1.584962500721156,2.1439800628174073,1.1872278664731715,-0.4137931034481407,0.5862068965518593,0.6554131991199144,0.3512545478455188,-0.03215263143187169,0.21252729463004782,0.0,2.306412019223991,0.32057201421300097,-0.4723409272466178,-0.24793068268220558,-0.4849895892485172,-0.18458020265885766,1.1090824774923393,1.0,1.0,-0.3435163647470738,1.9459101490553132,0.0,2.639057329615259,0.5776487663279468,0.04547546113090464,2.6070000976568366,1.4438902743142275,0.8328228059537076,0.0,-0.5166908563134739,0.5863570391872044,13.73290185734086,0.8732138613861464,2.8168316831682847,1.6516690856312648,1.0,1.0,1.584962500721156,0.04547546113090464,0.6937590711175528,0.6082541458587555,0.4615384615384235,0.19250630479164166,0.8649225585077276,-0.24509286927989687,-1.1388888888887574,0.0,1724141940000000000,-0.9625814048085741,0,11.0,False,2024-08,0.3113459589447454,-0.010435261788281438
XRPUSDT:5:1724137500000000000:-1:1724141760000000000:1,XRPUSDT:5:1724137500000000000:-1,XRPUSDT,-1,1724141760000000000,1724139900000000000,0.6098,0.6123,0.6072,1.040000000000041,0.608,0.0,5:1724137500000000000:-1,OBSERVED_OPPOSING_STRUCTURE,0.6081,0.6098,0.6081,0.6062,CONTROL_ACCEPTANCE_RETURN,-0.6153846153845957,-0.09466368147137066,-0.8000000000000222,-1.0,-2.30769230769217,-0.2014601337663035,-0.555555555555583,-1.0,1.6153846153845102,-0.011601289157981693,0.10243902439024474,-0.24137931034483806,-1.769230769230638,0.04557267364300708,-0.028083028083027595,-0.17073170731708176,0.0,0.0,3.4615384615384452,-0.8333333333333641,-0.16666666666663582,0.5974144859618546,0.6454269727503025,-0.07339365937991621,-0.4789244363899847,-1.141652132512494,-6.312625612111544,-1.0060738539063874,0.45284686731024487,1.6306629515202467,0.964147264811647,-3.9383552592124165,0.6512373505728631,-1.0,-1.0,0.5889317889317713,2.1972245773362196,0.0,3.4657359027997265,1.3846153846153189,0.24024503106119377,2.9465495635113648,2.0,0.724768480631521,0.0,-1.3846153846153189,1.9230769230767655,40.99704821252782,0.2933040000000062,1.040000000000041,1.9999999999999145,1.0,1.0,1.584962500721156,0.2402450310611937,2.5384615384614464,0.7896730892699884,0.30769230769225514,-0.17255285439171147,0.6918285999656433,-0.191836046188337,-0.5660377358490839,0.0,1724142720000000000,-0.9814889397858112,0,16.0,False,2024-08,0.4984971841498875,-0.005775371740203218
BTCUSDT:15:1724139000000000000:-1:1724144760000000000:1,BTCUSDT:15:1724139000000000000:-1,BTCUSDT,-1,1724144760000000000,1724141640000000000,60858.0,60921.1,60701.7,2.4770206022188037,60766.5,1.584962500721156,15:1724139000000000000:-1,OBSERVED_OPPOSING_STRUCTURE,60836.6,60899.9,60921.0,60655.0,CONTROL_ACCEPTANCE_RETURN,-0.8279386712095634,-0.09777059975176954,-0.8836363636363034,-0.8295739348370259,-0.6587166382737135,0.07253868396955003,-0.1225697379543541,-0.9325396825396557,-0.20442930153322145,-0.02387095868925658,-0.013079494259555187,-0.9351763584365795,0.8733674048836126,-0.02515833389739659,0.013907224884709494,0.44459644322845415,0.0,0.0,1.465317058648424,-0.8244274809160065,0.17048346055989488,1.0455993527699587,0.7149359661180583,-0.40417558367387657,0.1251330677107736,0.2544831634843092,-0.14737398240316502,-0.2675529216841999,-0.38529180942900815,-0.35309622370534205,0.6910437761996672,-0.30562041456837147,-0.8954730777328886,-0.0,-0.0,0.0,1.3694872428035094,0.0,3.970291913552122,0.4940374787052852,0.2083959483882174,3.135829744606236,1.8206278026905829,1.0522626931972447,0.0,-1.0391822827938757,0.7166382737081097,10.368398567156092,1.1579629160063658,2.4770206022188037,1.775127768313506,1.0,1.0,1.584962500721156,0.20839594838821746,1.8012492901760346,0.903076296661814,-0.3577512776831375,-0.36532423839833955,1.0242811459670014,-0.005844757739306605,-0.4720965309200675,0.0,1724145360000000000,-0.9572185773106251,0,10.0,False,2024-08,0.23303700011433756,-0.018129831177122205
ETHUSDT:5:1724145000000000000:1:1724146320000000000:1,ETHUSDT:5:1724145000000000000:1,ETHUSDT,1,1724146320000000000,1724145900000000000,2660.72,2660.49,2665.3199999999997,19.99999999999802,2663.9,0.0,5:1724145000000000000:1,OBSERVED_OPPOSING_STRUCTURE,2660.51,2661.71,2665.33,2660.51,CONTROL_ACCEPTANCE_RETURN,-0.987623762376305,-0.2986690941798712,-1.0,-0.9617021276597045,-0.2574257425743633,-0.14425849244286673,-0.07449856733527575,-0.9089026915114686,-0.059405940594118474,0.05671067234715195,-0.0036253776435081386,0.03958333333329778,-6.3564356435644855,-0.04452846753631009,-0.10238417988996147,-0.6815571155073543,0.0,0.0,1.5742574257426198,-0.9180327868856798,0.06557377049175439,0.40509418823705606,0.5199509931212607,0.001758249111318666,-0.3639738551181463,-1.2025373538171458,-1.2025373538171458,-1.0178737564463836,-0.6302751804642825,-0.35302591922850124,-0.3257317073170824,0.09560017665413795,0.26632576672296393,-1.0,0.0,0.7344064043603786,1.3862943611198906,0.0,2.0794415416798357,0.024752475247502462,0.25716321776072365,1.4004550458774045,3.223776223776682,1.0405281043604617,0.0,-0.7871287128713662,0.05693069306931194,0.864427673712447,13.881417391303247,19.99999999999802,1.1386138613861263,1.0,1.0,0.0,0.25716321776072365,0.8564356435642606,0.47710903703916707,0.1509900990098213,0.347096330496445,0.4792075292448373,-0.284751307123326,-1.0,0.0,1724146440000000000,-0.9278702741380079,0,2.0,False,2024-08,0.10827099025246827,-0.025007664544434496
SOLUSDT:5:1724143500000000000:-1:1724147160000000000:1,SOLUSDT:5:1724143500000000000:-1,SOLUSDT,1,1724147160000000000,1724133960000000000,146.316,145.851,146.848,1.144086021505391,146.28,0.0,5:1724143500000000000:-1,OBSERVED_OPPOSING_STRUCTURE,146.149,146.343,146.858,146.014,CONTROL_REJECTION_RETURN,-0.2947368421052083,-0.19878816126776974,-0.4622641509432862,-0.873303167420726,-0.7939849624060207,-0.1622955639109378,-0.3091334894613343,-0.9267015706805768,-0.5924812030075087,0.09404769316979017,-0.04771131024461107,-0.087261785356056,-3.0496240601503124,-0.05451023579410183,-0.057204106961526925,-0.49723756906076033,3.584962500721156,1.561647248597752,1.452631578947336,-0.584905660377232,-0.1509433962263392,0.3778848237324062,0.5852819672870883,0.031693121908574734,-0.35387636215978735,-0.3849041268744191,0.3662824063999093,0.18956414728196522,-0.6148221065954168,-0.8433218093290282,-1.190997295218288,0.04933684692300755,0.5985160922107792,-1.0,1.0,0.2200822712253001,1.1631508098056809,0.0,3.9318256327243257,1.2601503759398442,-0.020154261809308002,2.4210687714010772,0.9377162629757765,0.3778848237324062,1.0,0.1082706766917301,1.398496240601471,31.780529812187556,0.3769896774193521,1.144086021505391,1.599999999999983,1.0,0.0,1.584962500721156,-0.020154261809308002,-0.9473684210525956,0.521088182817546,1.530827067669084,0.2126707480165189,0.9161746213051573,-0.42600637127135826,-1.0,1.0,1724152200000000000,-0.9776593887333099,0,84.0,False,2024-08,0.479701831574068,-0.006818105224899455
BTCUSDT:5:1724143800000000000:1:1724147760000000000:1,BTCUSDT:5:1724143800000000000:1,BTCUSDT,1,1724147760000000000,1724144460000000000,60824.9,60720.4,60949.6,1.1933014354066707,60829.1,0.0,5:1724143800000000000:1,OBSERVED_OPPOSING_STRUCTURE,60820.1,60825.6,60949.7,60815.9,CONTROL_ACCEPTANCE_RETURN,-0.23395797842133692,0.0656533546247148,-0.17697594501716743,0.3882978723404611,-0.2896081771720637,-0.05641430026494139,-0.08777969018932434,0.27784577723382076,1.038046564452041,-0.08525324775321906,0.07199117832388029,0.12879581151835517,-2.248722316865436,-0.022900828803404782,-0.042381951282160366,-0.2728439974320548,1.584962500721156,2.0455399900041544,1.9363997728563476,0.8772893772893104,0.03479853479855774,0.6699184554945526,0.9901449133979534,0.3491646094502361,0.4019649769024734,0.4274747913179944,0.6099893639621712,1.1255786342346765,0.24830194847855971,-0.2691451752575471,0.0033551620987881114,-0.02046300191451661,1.0346914023532527,0.0,0.0,0.0,1.1631508098056809,0.0,4.02535169073515,1.0437251561612972,0.012735098497413222,2.1947737372318237,1.0348258706467424,0.4493970744231672,0.0,-0.04770017035771862,1.1868256672345356,17.180463921847796,0.6978677511961722,1.1933014354066707,1.4162407722884511,1.0,1.0,0.0,0.012735098497413253,1.010789324247595,0.9538153495295232,0.7666098807495805,-0.09907188837256567,0.671510050616414,-0.03726368980358795,-0.053813257305765645,0.0,1724148780000000000,-0.9668546906819667,0,17.0,False,2024-08,0.5686579759335675,-0.006115514051701568
ETHUSDT:15:1724143500000000000:-1:1724147820000000000:1,ETHUSDT:15:1724143500000000000:-1,ETHUSDT,-1,1724147820000000000,1724142900000000000,2658.45,2660.01,2656.2200000000003,1.429487179486533,2655.73,1.584962500721156,15:1724143500000000000:-1,OBSERVED_OPPOSING_STRUCTURE,2657.57,2658.64,2659.33,2655.13,CONTROL_ACCEPTANCE_RETURN,-0.31829573934836564,-0.0896875301593901,-0.236499068901325,-0.9947368421051486,0.5137844611529266,0.0413262717788533,0.09592887225082791,-0.29572649572640275,0.015037593985062667,-0.0004650931065693953,0.0008907363420487125,0.28959700093721874,5.476190476190555,0.03063832274396827,0.08745247148289043,0.7447811447811497,3.584962500721156,1.7833912195575383,2.215492137449086,-0.9902912621357123,0.009708737864287704,0.5687857622329507,0.486169987495408,0.158902378115092,-0.9126875990649823,-0.6018906891269715,-1.015471407397328,-1.3181343566753214,-0.3617165893217035,-0.12732825754308455,-0.8890557659657897,0.6411127186960112,0.9040933599508524,1.0,-0.0,-0.9020950434338184,1.7346010553881064,0.0,1.0986122886681096,0.15037593984960093,0.39623495167677625,1.478722285980019,5.533333333333687,0.9159145260152559,0.0,-0.6817042606515774,0.39097744360912196,5.868081024658731,2.0455615384610137,1.429487179486533,0.5588972431076588,1.0,1.0,0.0,0.39623495167677625,0.8796992481202395,0.5172850769418864,0.5112781954887116,0.40209400257664224,0.6466568671921193,-0.23795431005163406,-0.9969969969969313,0.0,1724148060000000000,-0.9470103431965305,0,4.0,False,2024-08,0.363568540727048,-0.019159559975805714
XRPUSDT:5:1724137500000000000:-1:1724149500000000000:1,XRPUSDT:5:1724137500000000000:-1,XRPUSDT,1,1724149500000000000,1724139900000000000,0.607,0.6061,0.609,2.222222222222195,0.608,0.0,5:1724137500000000000:-1,OBSERVED_OPPOSING_STRUCTURE,0.6067,0.6071,0.6148,0.6065,CONTROL_REJECTION_RETURN,-0.9999999999999146,-0.45114345091284846,-1.0,-0.8571428571428685,-1.307692307692255,-0.31495414354715634,-0.36170212765958754,-0.882352941176486,-1.3846153846153189,-0.0935006040433542,-0.11392405063291584,-0.9354838709677489,-2.1538461538460423,0.0036939000230102334,-0.03553299492385844,-0.8139534883720888,0.0,0.0,3.4615384615384452,-0.7142857142857596,0.0,1.2392298954021868,0.9883311636635672,-0.21607022321432665,-0.46398006094675115,1.063704567985102,-0.4632599287646144,1.2422280934361325,0.40004017730277114,-0.021396863557258228,-1.4423650385604136,-1.2862954441349967,0.05774965394509479,1.0,1.0,-1.2833333333333574,2.1972245773362196,0.0,5.081404364984463,1.3846153846153189,-0.24024503106119377,2.9465495635113648,1.1470588235294112,1.2392298954021868,0.0,-0.7692307692307232,0.6923076923076594,14.827018121911234,0.8087333333333225,2.222222222222195,1.5384615384614464,1.0,0.0,1.584962500721156,-0.2402450310611937,-2.5384615384614464,0.7896730892699884,1.6153846153845102,0.18306320639335488,0.697136379687213,-0.43172677280949684,-1.0,0.0,1724151420000000000,-0.9640522368171944,0,32.0,False,2024-08,0.24726770986471722,-0.016364470314002504
BTCUSDT:15:1724143500000000000:-1:1724151600000000000:1,BTCUSDT:15:1724143500000000000:-1,BTCUSDT,1,1724151600000000000,1724142240000000000,60682.0,60626.9,60782.0,1.8148820326679245,60655.0,1.584962500721156,15:1724143500000000000:-1,OBSERVED_OPPOSING_STRUCTURE,60652.4,60687.1,60782.1,60649.0,CONTROL_REJECTION_RETURN,-0.5107816711590693,-0.26865696945037804,-1.0,-0.9955947136564519,-0.8625336927224058,0.023642355638343614,-0.4216073781291496,-0.9980039920159971,-2.035040431266926,-0.04356428542923752,-0.1702751465944965,-0.5067264573991032,-3.330188679245394,-0.031174692689870144,-0.055687016879632824,-0.6902281047592215,1.584962500721156,3.295836866004329,1.6782334384858044,-0.7631578947368645,-0.23099415204684584,0.3863114245545555,0.8668886157944012,-0.09036482023933856,-0.4571605835943153,-0.3548930274011042,0.5232469970395393,-0.01685134430594524,0.052483962970395315,-0.8994687998217776,-1.7197378122935394,0.03693510709937187,-0.31530261897338674,-1.0,0.0,0.4470875317475098,2.1594842493533726,0.0,3.044522437723423,0.37735849056605253,-0.27199614029199526,2.3148806173185967,0.7875688434303674,0.41852372291426015,1.0,0.36388140161726495,0.7425876010781767,9.080122606373973,1.3209680580762597,1.8148820326679245,1.347708894878759,1.0,0.0,0.0,-0.27199614029199526,-0.46765498652289017,1.0384173339380522,1.2654986522911744,0.19517062671096902,0.9023284289336372,-0.11103551322073696,-0.26829268292687974,1.0,1724152200000000000,-0.9546992394153997,0,10.0,False,2024-08,0.35404454060486434,-0.015620544600105098
XRPUSDT:5:1724147400000000000:-1:1724152620000000000:1,XRPUSDT:5:1724147400000000000:-1,XRPUSDT,-1,1724152620000000000,1724148480000000000,0.6092,0.6101,0.6062,3.333333333333292,0.6086,0.0,5:1724147400000000000:-1,OBSERVED_OPPOSING_STRUCTURE,0.6091,0.6097,0.61,0.6061,CONTROL_ACCEPTANCE_RETURN,-0.8461538461538592,-0.3693426776665969,-1.0,-0.714285714285601,-1.5384615384615778,-0.19144200767292813,-0.4545454545454362,-0.8461538461537805,-1.0769230769230704,-0.06587752049706293,-0.10144927536231628,-0.8787878787878278,2.0000000000000853,-0.03892432553967125,0.03768115942029074,0.28735632183908577,0.0,0.0,1.0769230769230704,-0.7999999999999112,0.20000000000008883,1.1628064970912793,1.1882606589056672,-0.47145498274077735,-0.17366870492179853,-0.0,-0.6063129648037346,-0.31769734478240774,-0.49918091968986955,0.6970290584127666,1.427305115741459,-2.2354905968743446,-2.504228192664529,-1.0,-1.0,0.9066666666666937,1.5260563034950494,0.0,4.248495242049359,0.6923076923077186,0.006572926808223627,2.491377911683681,1.239999999999968,1.1628064970912793,0.0,-0.4615384615384221,0.6923076923077186,14.773473407748062,0.812866666666656,3.333333333333292,2.307692307692367,1.0,1.0,1.584962500721156,0.006572926808223644,0.5384615384614925,0.5530382777128726,0.23076923076929645,0.23783553001393165,0.8890246411771885,-0.3695078040254331,-1.0,0.0,1724156100000000000,1.484945618906922,1,58.0,False,2024-08,0.09936654788602442,-0.02310172906725323
SOLUSDT:15:1724148900000000000:-1:1724152680000000000:1,SOLUSDT:15:1724148900000000000:-1,SOLUSDT,-1,1724152680000000000,1724133960000000000,146.138,146.25799999999998,145.623,4.291666666667644,145.95,1.584962500721156,15:1724148900000000000:-1,OBSERVED_OPPOSING_STRUCTURE,146.113,146.202,146.248,145.613,CONTROL_ACCEPTANCE_RETURN,-0.949458483754528,-0.22811011340162726,-1.0,-0.8116883116883309,-0.10108303249094398,0.17620219135174464,-0.019886363636358647,-0.6535433070866559,0.15884476534289732,0.12794302877628136,0.011847065158853726,-0.18376550169110573,3.451263537906084,0.053788260654586355,0.05890326555760934,0.4897959183673396,3.584962500721156,1.840549633397487,1.17429837518465,-0.5585585585585159,-0.18018018018026552,0.7541719870823519,1.1000156569818604,-0.2704892226434262,-0.2895481109361561,1.9156301739109427,-0.8202094853249076,1.5393681488132966,-0.9540682414697771,0.6307699591643736,0.8668239574746095,-0.7318529916553176,-0.7079791921317122,-0.0,-0.0,0.7644268774703228,1.5260563034950494,0.0,2.302585092994046,0.5270758122743179,0.10936357908002521,2.148278949903575,1.5578635014837467,0.7541719870823519,0.0,-0.6787003610108877,0.43321299638980393,8.211416606219883,1.4619800000002907,4.291666666667644,1.8592057761733316,1.0,1.0,0.0,0.10936357908002521,0.902527075812271,0.9218827579309977,0.26714801444037395,0.5802731798646866,1.7018445476537178,-0.3514455905855005,-1.0,0.0,1724153520000000000,-0.9528665440633711,0,14.0,False,2024-08,0.1643488049546617,-0.019240005406396955
ETHUSDT:5:1724124300000000000:-1:1724153520000000000:1,ETHUSDT:5:1724124300000000000:-1,ETHUSDT,-1,1724153520000000000,1724152200000000000,2653.91,2656.8100000000004,2648.1200000000003,1.996551724137386,2650.0,0.0,5:1724124300000000000:-1,OBSERVED_OPPOSING_STRUCTURE,2651.94,2654.48,2651.94,2644.69,CONTROL_ACCEPTANCE_RETURN,-0.8215223097112071,-0.256758344036545,-0.9811912225706876,-0.8619047619047733,-0.9081364829396551,0.07527239573750139,-0.1789038262668051,-0.9390115667718253,1.6404199475065853,0.14468149214307627,0.09941148401463498,-0.19121447028421046,5.278215223097222,0.07757361864187239,0.08209838742600635,0.42661691542289537,0.0,0.0,2.1228545618789205,-0.8858267716535559,0.114173228346444,0.9371640832179163,0.8980264396339753,-0.4427399677210232,-0.02088591304159504,-0.03768039488871722,7.953502967339432e-05,-0.6513680303910839,-1.229339322339063,-0.6350837748700287,0.6580623817428402,-0.27305270806962645,0.9823575657637451,1.0,-0.0,0.18973254352895452,4.543294782270004,0.0,3.1354942159291497,0.9212598425197556,0.21474195684362107,2.8122565186921524,1.736346516007513,0.9371640832179163,0.0,-1.0262467191600815,0.7611548556431987,10.92727334386074,1.098769655172207,1.996551724137386,1.5196850393699717,1.0,1.0,0.0,0.21474195684362116,1.4356955380577108,1.4181534830416735,0.3490813648295016,0.3209205730814673,1.4304906921171798,-0.292954548669562,-1.0,0.0,1724153820000000000,0.5774976247762704,1,5.0,False,2024-08,0.208191287098771,-0.0205418550473933
BTCUSDT:5:1724153400000000000:-1:1724155620000000000:1,BTCUSDT:5:1724153400000000000:-1,BTCUSDT,-1,1724155620000000000,1724154300000000000,60583.9,60673.1,60386.799999999996,2.2096412556055185,60418.0,0.0,5:1724153400000000000:-1,OBSERVED_OPPOSING_STRUCTURE,60580.9,60611.2,60673.0,60386.7,CONTROL_ACCEPTANCE_RETURN,-0.2302250803858708,-0.3184679824609203,-0.531157270029648,-0.6692913385828938,-1.5742765273312085,-0.31095891685531896,-0.45232815964524065,-0.9132828630420395,1.5781350482314738,0.06433597670957546,0.08141463738305209,-0.2328852766489744,2.9389067524115755,0.031659691012394575,0.047722478644973504,0.29946714031970034,0.0,0.0,3.279742765273312,-0.8012422360250075,0.19254658385085868,0.5358389529830327,0.5781786440777881,0.19839384841759916,-0.2861182829813909,-0.0,-0.5451724975347183,-0.3480511669329788,-0.5809546399204892,-1.2849078341014166,1.5450441501859493,-0.28936869322979186,0.03309089804552445,1.0,-0.0,-0.5729840695429205,1.3862943611198906,0.0,3.1354942159291497,0.38456591639873255,0.21305213859686808,3.0329814352604068,6.300319488817445,0.6056629209221116,0.0,-2.1337620578778322,1.1472668810289015,14.723383605214766,0.8156300448430759,2.2096412556055185,2.535048231511329,1.0,1.0,1.584962500721156,0.21305213859686808,2.8051446945337433,0.8403892544973294,0.7755627009646676,0.4436743872770035,1.1028278043287727,-0.3464670423471468,-0.70895522388052,0.0,1724156700000000000,-0.9639408835968587,0,18.0,False,2024-08,0.30934609490039555,-0.012931619861079964
XRPUSDT:15:1724124600000000000:-1:1724159520000000000:1,XRPUSDT:15:1724124600000000000:-1,XRPUSDT,1,1724159520000000000,1724157840000000000,0.6038,0.6025,0.6053000000000001,1.1538461538462261,0.6035,1.584962500721156,15:1724124600000000000:-1,OBSERVED_OPPOSING_STRUCTURE,0.6036,0.6038,0.6054,0.6035,CONTROL_REJECTION_RETURN,-0.09090909090908174,-0.011707033710295684,-0.07692307692306379,0.25000000000010414,-0.8181818181818366,-0.08226464404775877,-0.17647058823529668,-0.5238095238094935,-2.636363636363673,0.020605435066263122,-0.16763005780346488,-0.46666666666667,-5.454545454545509,0.03780245925256141,-0.09404388714733572,-0.6756756756756797,0.0,0.0,1.818181818181806,1.0,0.0,0.5294981359696098,0.6423279321637807,0.27367224534785906,0.7084081885399869,0.0,1.6553550736631006,0.44073898088118035,-0.1775757575757484,-2.253334207077386,-2.6456671982987494,1.4351523888955495,0.00930356193507631,-1.0,1.0,-0.11083333333332845,3.635830233024121,0.0,3.367295829986474,0.8181818181818366,-0.06762597195712458,2.208003233816324,0.8421052631579132,0.5606638199122418,0.0,0.2727272727272452,1.1818181818181634,21.530308049022324,0.5567538461538599,1.1538461538462261,1.363636363636428,1.0,0.0,0.0,-0.06762597195712465,-0.7272727272727548,0.9629859488296865,0.36363636363632695,0.15867014060606183,0.7109880937349501,-0.27653139282982236,-0.15384615384612757,0.0,1724159880000000000,-0.9710291268424467,0,6.0,False,2024-08,0.4235129395997966,-0.011406702313597882
SOLUSDT:5:1724126100000000000:-1:1724159940000000000:1,SOLUSDT:5:1724126100000000000:-1,SOLUSDT,1,1724159940000000000,1724154300000000000,145.128,144.996,145.42100000000002,2.219696969697627,145.163,0.0,5:1724126100000000000:-1,OBSERVED_OPPOSING_STRUCTURE,145.124,145.16,146.076,145.105,CONTROL_REJECTION_RETURN,-0.6317689530686308,-0.23592662871600253,-0.879396984924626,-0.9540229885059625,-1.8736462093862944,-0.13645973771295503,-0.4292803970223561,-0.9429590017825635,-2.3862815884476496,-0.047232678397869265,-0.1536137578433655,-0.9668049792531304,-4.9891696750902526,-0.10276624183089521,-0.08254688806594158,-0.8602520045819186,0.0,0.0,1.0683229813663968,-0.6866666666668284,-0.23333333333353545,0.6526953010664072,0.8101593844506378,-0.11271982765084959,-0.31859745471909523,-1.810300770367368,-1.3221956448006278,-1.3514484914272564,-0.40091617933725443,-2.3550057537400266,-2.8593333333333932,0.4813595443537322,0.47305174488574364,-1.0,0.0,-0.2992000000000189,4.553876891600541,0.0,4.553876891600541,0.5667870036101448,-0.08336151014848377,2.5665327830607687,1.0383351588171146,0.8963406040466196,0.0,-0.12635379061380825,0.47653429602879455,9.095419216138621,1.3187454545456885,2.219696969697627,1.0577617328521072,1.0,0.0,0.0,-0.08336151014848377,-1.6859205776173691,1.2249865119936247,0.7256317689530422,-0.12647156863263828,0.9014556212916591,-0.11902746787720243,-0.24581005586596508,0.0,1724160300000000000,0.551587036538084,1,6.0,False,2024-08,0.28255840440780716,-0.017215299844691532
BTCUSDT:5:1724156700000000000:-1:1724160720000000000:1,BTCUSDT:5:1724156700000000000:-1,BTCUSDT,-1,1724160720000000000,1724158920000000000,60571.0,60705.1,60355.1,1.6099925428784772,60548.2,0.0,5:1724156700000000000:-1,OBSERVED_OPPOSING_STRUCTURE,60555.4,60617.5,60555.4,60355.0,CONTROL_ACCEPTANCE_RETURN,-1.333779264213943,-0.4300297856128562,-1.0,-0.2572509457755108,-2.664882943143644,-0.24490194218082553,-0.4274678111588054,-0.5714805383775836,1.79264214046814,-0.05583675179369575,0.08891838088918382,-0.20367790470882774,3.7137123745817395,-0.009775774254259911,0.055855130784707545,0.1964285714285693,0.0,0.0,2.4524590163934428,-0.3544668587896443,0.48607108549477934,1.251632541571046,1.267831524470773,-0.046912512725308,-0.4372390498124224,1.6203184315888297,-2.156443581441403,0.9450564433745168,-0.4579278423926415,-1.4357182498279653,1.965582720151863,-1.2291646933156788,-0.1729405796837229,1.0,-0.0,-0.5299067447408421,2.128231705849268,0.0,3.4339872044851463,2.58461538461522,0.25668482352420174,2.3525135767058893,1.1180124223602652,1.251632541571046,0.0,-0.30501672240805083,1.793979933110261,22.139307589440254,0.5426223713646591,1.6099925428784772,2.8882943143811497,1.0,1.0,1.584962500721156,0.25668482352420174,1.9264214046821806,0.4911109263554092,0.4735785953177222,-0.08990549200011981,0.9234575419422948,-0.4942800231490827,-1.0,0.0,1724161020000000000,0.7866205028997578,1,5.0,False,2024-08,0.5234037178708311,-0.0023086295141686464
ETHUSDT:5:1724160000000000000:-1:1724162520000000000:1,ETHUSDT:5:1724160000000000000:-1,ETHUSDT,1,1724162520000000000,1724159280000000000,2633.8,2623.0,2649.5699999999997,1.4601851851851169,2631.0,0.0,5:1724160000000000000:-1,OBSERVED_OPPOSING_STRUCTURE,2629.41,2633.82,2649.58,2628.61,CONTROL_REJECTION_RETURN,-3.0403800475060114,-0.22459787532322542,-1.0,-0.5952677459526761,-2.3634204275535082,0.01443556547455177,-0.26232533614552445,-0.6584340514976308,-1.8266033254156648,0.02979230681026152,-0.06058457417473913,-0.18780579601053204,-5.947743467933753,-0.026290803223610073,-0.07961337911738592,-0.4525621511922847,1.584962500721156,4.0097544939214815,2.6080760095013105,-0.6560846560846495,0.34391534391535056,1.285241541481457,1.309933502537415,-1.2214885653582308,-0.19140287095632152,1.9050886245985943,2.472084905102978,1.5414695532227063,-2.0792002159861065,-1.160745549901523,-0.37561514025730797,-1.2026748776519853,-1.4509881851583568,-1.0,0.0,-0.31305688002692267,1.4350845252893227,0.0,3.295836866004329,1.8978622327791317,-0.20646999665220092,2.3516979008406453,0.8493003229278691,1.285241541481457,1.0,0.6650831353919974,2.565320665083295,41.005391449617214,0.2920444444444395,1.4601851851851169,3.745843230403858,1.0,0.0,0.0,-0.206469996652201,-1.8456057007126685,1.0649443859142889,2.4204275534443034,0.07086890500781844,1.4736614249002764,-0.21911140149396044,-1.0,1.0,1724163120000000000,-0.9814749287143937,0,10.0,False,2024-08,0.43404260392505006,-0.004905095086870544
BTCUSDT:15:1724155200000000000:-1:1724163000000000000:1,BTCUSDT:15:1724155200000000000:-1,BTCUSDT,1,1724163000000000000,1724159820000000000,60563.3,60310.3,60817.3,1.0039525691699605,60386.7,1.584962500721156,15:1724155200000000000:-1,OBSERVED_OPPOSING_STRUCTURE,60555.4,60644.9,60920.5,60644.9,CONTROL_REJECTION_RETURN,-1.4959999999999611,-0.17308615310775136,-0.7229381443298917,-0.8683333333333091,-3.3893333333332945,-0.15258202010334457,-0.31475978207032596,-0.956724185154744,0.9,0.021283905003777602,0.02247677400019986,-0.17095558105227981,-2.701333333333314,0.0038231437608737344,-0.03023970864801908,-0.17095558105227981,0.0,0.0,2.374787052810844,-0.9513343799058291,0.045525902668784736,0.5066126203438657,0.5803493824024907,-0.6743718454496894,0.17122541602679114,-2.4277389859550524,-3.6864623731691637,-1.2960678294930619,-1.3819368519590847,-2.164700659563718,-0.7528439869989317,-1.2246326737695763,1.6528439869989318,-1.0,0.0,0.725525916287157,1.8137383759468304,0.0,3.9889840465642745,1.017333333333275,-0.05125904759512916,3.018247918577579,0.6691644810790467,0.7445560931865529,0.0,2.3546666666667444,3.3733333333333335,41.77447398011667,0.2866567588932806,1.0039525691699605,3.3866666666666667,1.0,0.0,1.584962500721156,-0.05125904759512907,-2.477333333333275,0.8316161339451421,6.375999999999961,0.07652814919391995,1.3019170429249467,-0.11037801300664782,-0.3614457831325245,0.0,1724163180000000000,-0.9817350009042983,0,3.0,False,2024-08,0.29844584533143725,-0.015870921274177635
SOLUSDT:60:1724097600000000000:-1:1724166840000000000:1,SOLUSDT:60:1724097600000000000:-1,SOLUSDT,-1,1724166840000000000,1724165880000000000,141.945,142.75,140.89499999999998,1.3043478260869596,142.5,3.584962500721156,60:1724097600000000000:-1,OBSERVED_OPPOSING_STRUCTURE,141.858,142.369,141.858,140.885,CONTROL_ACCEPTANCE_RETURN,-0.8134328358208601,-0.045121951219512194,-0.506976744186058,-0.799746514575389,1.5895522388059349,0.04189969214982042,0.22780748663101905,-0.23471170646475747,6.350746268656469,0.04929603595726042,0.24522140044183738,0.44820406038521676,9.410447761193712,0.07167080259829807,0.1365753276291565,0.6131386861313873,0.0,0.0,2.78824415975885,-0.8105515587529798,0.1894484412470202,1.1291974313130595,0.7915043546926702,-0.5632620630229892,-0.11193211714643979,0.35223670306394617,-2.542466695740764,-0.15487315569375637,0.07439813682975435,3.0074100046750853,7.002314165497953,-1.4178577658691505,-0.6515678968414846,-0.0,-0.0,3.241170273117778,2.994064216453294,0.0,2.833213344056216,4.017412935323254,0.10479875758075291,1.4790882588375989,0.6563467492260039,0.852065703868746,0.0,1.3805970149253377,2.0024875621889957,56.71210680193081,0.2121950310558988,1.3043478260869596,2.611940298507392,1.0,1.0,0.0,0.10479875758075291,0.6069651741293297,0.5174765305896893,2.2164179104476553,0.09172610422242784,1.03832886538295,-0.13079150579150578,-0.47957639939488694,0.0,1724172180000000000,-0.9911259571090861,0,89.0,False,2024-08,0.21928322613380313,-0.01764271608756153
XRPUSDT:5:1724102700000000000:-1:1724171880000000000:1,XRPUSDT:5:1724102700000000000:-1,XRPUSDT,-1,1724171880000000000,1724165160000000000,0.5946,0.5958,0.5907,3.2500000000000693,0.5947,0.0,5:1724102700000000000:-1,OBSERVED_OPPOSING_STRUCTURE,0.5942,0.5948,0.595,0.5871,CONTROL_ACCEPTANCE_RETURN,-2.46666666666678,-0.2174412782739781,-0.9024390243902545,-0.5744680851063859,-3.3333333333334565,-0.26047591109613744,-0.714285714285737,-0.6666666666666667,-1.6666666666667653,-0.00031740332637606307,-0.0883392226148441,-0.7368421052631595,7.066666666666884,0.04497965284223543,0.0907534246575341,0.18032786885245644,0.0,0.0,0.826086956521736,-0.9090909090909183,0.09090909090908174,0.8266791598399086,0.8554611710263559,-0.49493366922998033,-0.1257824437414259,2.119631347581308,0.8770640308797262,0.7138325720222877,-0.0422252570142887,-0.6365216059955752,0.2800351182071489,-2.6968117273378813,-1.9467017848739143,-0.0,-1.0,1.2947222222221946,5.343290732190768,0.0,4.727387818712341,1.8666666666667506,0.2965600567640375,2.6536905509170983,0.9868421052631594,1.7059063488473512,1.0,0.06666666666666174,0.8000000000000148,20.18163471241135,0.5952000000000104,3.2500000000000693,2.6000000000001036,1.0,1.0,0.0,0.29656005676403757,2.0666666666667357,1.2923336948124282,0.733333333333353,0.17218215414214394,1.046945816150553,-0.2174412782739781,-0.9000000000000111,1.0,1724172360000000000,-0.9698738714090077,0,8.0,False,2024-08,0.2715088481695805,-0.008409747804293004
BTCUSDT:5:1724169900000000000:1:1724176140000000000:1,BTCUSDT:5:1724169900000000000:1,BTCUSDT,-1,1724176140000000000,1724170560000000000,58910.1,59008.799999999996,58650.9,2.626139817629227,58945.4,0.0,5:1724169900000000000:1,OBSERVED_OPPOSING_STRUCTURE,58898.2,58926.0,59008.7,58641.8,CONTROL_REJECTION_RETURN,-0.5729166666666666,-0.5711279538968734,-1.0,-0.7933130699088344,-0.44322916666665907,-0.36179185250408263,-0.22436066438175462,-0.8598660484286589,-0.8833333333333258,-0.09925585500537198,-0.1052892972436041,-0.9035118836466915,9.864062500000008,0.0416639923120439,0.159053689753344,0.6618996445399687,0.0,0.0,2.314062500000015,-0.38247011952187654,-0.07569721115544085,1.201584178214369,0.7540751290813227,0.10083134417338711,-0.1308871295707839,1.875412973452173,3.048840453082624,1.6067677895776482,-0.2489673434071933,-0.27776989035893485,-0.9683200052089147,-0.16545927630772422,0.08498667187558895,-0.0,1.0,0.13747284162381967,1.1631508098056809,0.0,4.543294782270004,0.32968749999997726,0.017525022077261317,2.9512799709522537,0.8837285902503192,1.200525806247713,0.0,0.18385416666668183,0.5140624999999849,16.75434263394513,0.7168322188450058,2.626139817629227,1.3499999999999848,1.0,0.0,1.584962500721156,0.01752502207726122,-0.8546874999999924,0.7924018268264539,0.4734374999999697,0.05587377076425876,0.28895848300686716,-0.6307711005454427,-1.0,0.0,1724176560000000000,-0.9664028395592984,0,7.0,False,2024-08,0.4419634551332156,-0.001241141745603292
XRPUSDT:5:1724174700000000000:-1:1724176260000000000:1,XRPUSDT:5:1724174700000000000:-1,XRPUSDT,1,1724176260000000000,1724175360000000000,0.5951,0.5945,0.5958,1.1666666666668517,0.5947,0.0,5:1724174700000000000:-1,OBSERVED_OPPOSING_STRUCTURE,0.595,0.5951,0.5959,0.595,CONTROL_REJECTION_RETURN,-0.32432432432434544,-0.37694515392112665,-1.0,-0.40000000000006664,0.21621621621619028,0.06279397289660835,0.10526315789471839,-0.333333333333395,0.10810810810809514,-0.041432778154423984,0.011235955056178233,-0.7368421052631886,-2.5405405405405355,-0.04538104759480329,-0.04192685102587018,0.03896103896103442,0.0,0.0,1.7837837837837498,-0.3333333333333333,0.6666666666666666,0.23936875133284483,0.42085002694759727,-0.134546657313594,0.23549124181781747,-1.6801075268813026,0.03398033345924922,-0.5743193021505997,0.43245909822688744,0.4673898082452129,1.0793376562808759,-0.2511735920290227,-0.9712295481727807,0.0,1.0,0.7174648695153261,1.1631508098056809,0.0,2.772588722239781,0.05405405405404757,0.09000983265235367,1.056099675623988,0.6666666666666975,0.48696707589663324,0.0,0.21621621621619028,0.3243243243242854,10.08233910267071,1.1896000000001308,1.1666666666668517,0.378378378378393,1.0,0.0,0.0,0.0900098326523536,-0.1621621621621427,0.31847338650760065,0.4864864864864881,0.16615560011719463,0.20134000443871597,-0.03892414612414604,-0.2941176470588312,0.0,1724176380000000000,0.16293244955471564,1,2.0,False,2024-08,0.21676647246302377,-0.022799704869652476
ETHUSDT:15:1724092200000000000:-1:1724176560000000000:1,ETHUSDT:15:1724092200000000000:-1,ETHUSDT,-1,1724176560000000000,1724165520000000000,2589.09,2602.01,2573.63,1.196594427244578,2588.69,1.584962500721156,15:1724092200000000000:-1,OBSERVED_OPPOSING_STRUCTURE,2588.69,2593.1,2588.69,2552.5,CONTROL_ACCEPTANCE_RETURN,-1.0618401206636636,-0.5250799033386903,-1.0,-0.8217054263565804,-1.7903469079940508,-0.46844140329738115,-0.657617728531885,-0.9146039603960345,-2.5218702865762523,-0.2603611231109951,-0.23164311443613742,-0.9354536950420906,8.262443438914136,0.011258359776671419,0.10410094637223975,0.24618871034198242,3.584962500721156,3.175272187386069,2.7281795511222224,-0.7082352941176984,0.03294117647066527,1.9508283123930628,1.1612508299562694,-0.3447244485929142,0.056312317873854545,0.038623459888142975,-0.06252379120330609,-0.4892279336464039,-1.04904385097262,-1.0586256950260577,-1.7783904142134697,-0.7317212129679931,-0.7434798723627827,-0.0,-0.0,-1.2762768599502756,4.412394171290278,0.0,5.220355825078325,0.9185520361991334,0.16780830418163162,1.907679567474855,1.0110527770102262,1.9508283123930628,1.0,-0.060331825037722185,1.9487179487179944,49.90170291492405,0.24107275541795528,1.196594427244578,2.331825037707438,1.0,1.0,0.0,0.16780830418163162,1.1146304675716447,0.7642984962348668,0.7194570135746707,0.09227771982542111,0.6692338974590881,-0.35842841273890447,-1.0,1.0,1724183040000000000,-0.9841097825774195,0,108.0,False,2024-08,0.5129083002260347,-0.0023428022275747314
ETHUSDT:5:1724177400000000000:1:1724179440000000000:1,ETHUSDT:5:1724177400000000000:1,ETHUSDT,-1,1724179440000000000,1724176500000000000,2596.75,2601.73,2586.4300000000003,2.07228915662644,2597.75,0.0,5:1724177400000000000:1,OBSERVED_OPPOSING_STRUCTURE,2596.68,2600.38,2601.47,2586.42,CONTROL_REJECTION_RETURN,-0.48416608022519997,-0.013019170679367266,-1.0,-0.25318761384331756,-0.37719915552425465,0.00816002312357421,-0.13098729227760372,-0.6688206785137054,-2.586910626319502,-0.18298903883996484,-0.18870636550308015,-0.5853149770546648,-0.018296973962013907,-0.02174610311268586,-0.0002907691963589196,-0.7878787878787878,3.584962500721156,1.3173014896329391,2.0070372976777175,-0.030567685589591626,-0.14847161572039133,0.32086326577513735,0.5952847501449613,0.08180851914427058,0.015503874498840914,1.5946297416646882,1.6332327750923081,0.9158519222441079,-1.0909173413377853,-0.45785081339584943,-2.6238901861594917,0.08065165787159478,0.03697955983998957,-0.0,-0.0,-1.7950977216281956,1.2237754316221157,0.0,3.1354942159291497,0.5587614356086966,-0.3662137296029097,1.6904721364237625,0.9117387466902024,0.7194875718539776,1.0,0.14074595355383496,0.7009148486981007,19.177818426879824,0.6263228915662628,2.07228915662644,1.4524982406755358,1.0,0.0,0.0,-0.3662137296029097,-0.8360309641097874,0.6336137178348098,1.0626319493314795,0.15900931315805192,0.6057386190372688,0.09265012294860334,-1.005376344085894,1.0,1724183040000000000,-0.9689338301612228,0,60.0,False,2024-08,0.4320151476114173,-0.004702117092830216
BTCUSDT:5:1724179200000000000:-1:1724181180000000000:1,BTCUSDT:5:1724179200000000000:-1,BTCUSDT,-1,1724181180000000000,1724180400000000000,59300.0,59444.1,59080.299999999996,1.5246356696738832,59171.0,0.0,5:1724179200000000000:-1,OBSERVED_OPPOSING_STRUCTURE,59299.9,59394.8,59444.0,59080.2,CONTROL_ACCEPTANCE_RETURN,-0.26577370461753597,-0.29110270135124383,-1.0,-0.37777777777773736,-0.41945717307014885,0.13230579112539867,-0.14658782951466615,-0.8150289017340953,-0.26436376454000976,0.05416591878519404,-0.022917557905030212,-0.20835623969214478,-3.569263306309539,-0.0041319298095984685,-0.058657243816254555,-0.6945593382119,0.0,0.0,1.8886198547215591,-0.10756972111542813,0.8924302788845718,0.2752108519718379,0.4205200819738846,-0.07130483695020005,0.47851483662700345,1.4747827679795211,1.4747827679795211,1.101511522082917,-0.21315062938938995,-0.792946829930286,-0.18371481261305783,0.37348965686013713,-0.08064895192695193,-0.0,-0.0,-0.7449514008004148,1.6094379124341003,0.0,2.639057329615259,0.6401127952062308,0.24947017524921059,2.5406166224510756,2.4207048458149325,0.3241837417051593,0.0,-0.9094113500176336,1.0158618258724006,24.300168634063837,0.49442373351839497,1.5246356696738832,1.5488191751851013,1.0,1.0,1.584962500721156,0.24947017524921053,1.6721889319704393,0.5761447883100115,0.4145223827987558,0.3664590233674679,1.6656799369089463,-0.15910109375777995,-0.9940476190477041,0.0,1724183040000000000,-0.9732009776593347,0,31.0,False,2024-08,0.5797764902423457,0.0005886199150292471
XRPUSDT:5:1724181900000000000:1:1724183580000000000:1,XRPUSDT:5:1724181900000000000:1,XRPUSDT,1,1724183580000000000,1724182860000000000,0.601,0.6,0.6026,1.6000000000000445,0.6015,0.0,5:1724181900000000000:1,OBSERVED_OPPOSING_STRUCTURE,0.6009,0.6012,0.6027,0.6004,CONTROL_ACCEPTANCE_RETURN,-0.8148148148147966,-0.4683798563174315,-1.0,-1.0,-0.14814814814812988,0.009055658619678395,-0.04166666666666281,-1.0,1.777777777777723,-0.03936384179957874,0.1411764705882373,0.2444444444444389,8.222222222222113,0.028880613182551928,0.14104193138500776,0.7588652482269453,0.0,0.0,1.0000000000000793,-0.8888888888889026,-0.11111111111109741,0.5726033918399273,1.0628942060660576,-0.37123724545786796,-0.3335353061682653,-3.391694508440013,-1.7297367221680293,-1.6071030217311597,-0.2740492876233776,0.9021432930770263,1.749071259709551,-1.0502914412251563,0.028706518068172038,1.0,0.0,-0.031932773109252355,1.4350845252893227,0.0,2.5649493574615367,0.8888888888888615,0.17930233877347668,2.8056890755196915,1.4166666666667207,0.5726033918399273,0.0,-0.37037037037040693,0.7407407407407316,16.638935108153092,0.7205999999999994,1.6000000000000445,1.1851851851852035,1.0,1.0,1.584962500721156,0.17930233877347662,1.3333333333333333,0.7109369413766543,0.0,0.04153654790895701,1.0585976724616333,-0.5940081968636112,-1.0,0.0,1724183820000000000,-0.9662492559105725,0,4.0,False,2024-08,0.3583404987208743,-0.01285273337969819
SOLUSDT:5:1724179500000000000:1:1724183820000000000:1,SOLUSDT:5:1724179500000000000:1,SOLUSDT,1,1724183820000000000,1724172180000000000,143.852,143.505,144.22,1.0605187319884326,143.764,0.0,5:1724179500000000000:1,OBSERVED_OPPOSING_STRUCTURE,143.85,143.943,144.23,143.943,CONTROL_ACCEPTANCE_RETURN,-1.057750759878394,-0.34721490072043576,-1.0,-0.8120104438642275,0.04863221884495881,0.023026674320426092,0.011904761904756115,-0.8260869565217273,1.6413373860182452,-0.07279932776162791,0.11015911872705077,0.28476821192054835,5.00000000000013,-0.0037740314099988415,0.07748104187273366,0.7212389380531066,3.584962500721156,1.599387576580599,2.4566088117489637,-0.7446808510638041,0.25531914893619595,0.8416847511701508,0.7184214985329178,-0.24209200099436418,-0.1460590237365733,1.5295835361195387,3.833794258106815,1.9721178609881251,-0.728100012987857,0.2908362500457715,1.7267512763045456,-0.2422040312008127,-0.08541389028630042,0.0,-1.0,-0.39224603304432537,2.468099531471619,0.0,2.9444389791664403,1.4164133738601488,0.1605861244019139,1.8929470682144047,0.8111587982832668,0.7752550614349523,0.0,0.267477203647403,1.0547112462006543,24.122014292467842,0.4968708933717458,1.0605187319884326,1.1185410334346573,1.0,1.0,0.0,0.1605861244019139,0.3161094224924482,0.755079670099555,1.2310030395137055,0.003215371233666598,1.0854249315713504,-0.17203352448169387,-1.0,0.0,1724184480000000000,0.47365659721610515,1,11.0,False,2024-08,0.5655867708680034,-0.005251630673266039
ETHUSDT:15:1724178600000000000:1:1724185560000000000:1,ETHUSDT:15:1724178600000000000:1,ETHUSDT,1,1724185560000000000,1724176500000000000,2601.25,2598.27,2608.77,2.5234899328858846,2601.72,1.584962500721156,15:1724178600000000000:1,OBSERVED_OPPOSING_STRUCTURE,2600.67,2601.73,2608.78,2598.28,CONTROL_ACCEPTANCE_RETURN,-0.6529006882989167,-0.15489974667615947,-0.887700534759346,-0.9703703703703953,-0.5703048180924171,-0.1923439730708167,-0.17747858017135767,-0.973969631236467,1.4178957718780063,0.031773304302109624,0.10304416178362036,0.03523382447147494,4.9223205506389185,0.08554600637565496,0.08089066994150557,0.6270430906389213,3.584962500721156,1.6925528191446069,2.716147308781903,-0.8280254777070359,-0.09554140127393332,0.37261353533418934,0.5472109426514642,-0.3436358623175862,0.3488322712865032,-0.151381812115714,1.3074409946600696,0.4035776415998843,0.16696587449658448,-0.4753539143782729,1.6935805347025923,-0.09495090371414416,-0.275684762824586,1.0,0.0,-1.4060931087442583,1.7805861686299298,0.0,3.7612001156935624,1.388397246804333,0.08177899520504346,2.868431338473267,1.0665722379603078,0.4865812446143465,1.0,-0.0924287118976943,0.5860373647984,11.456030754445049,1.0468832214765036,2.5234899328858846,1.4788593903637348,1.0,1.0,1.584962500721156,0.08177899520504349,1.1071779744345756,0.7454035013380418,0.29891838741394355,0.04717759087674944,0.7989457283895375,-0.20057885676698559,-0.13426573426573338,1.0,1724185920000000000,-0.959098817941348,0,6.0,False,2024-08,0.2000069876798497,-0.01930193566582253
SOLUSDT:5:1724184300000000000:-1:1724186880000000000:1,SOLUSDT:5:1724184300000000000:-1,SOLUSDT,1,1724186880000000000,1724185980000000000,143.815,143.69,143.954,1.11200000000008,143.727,0.0,5:1724184300000000000:-1,OBSERVED_OPPOSING_STRUCTURE,143.809,143.854,143.964,143.728,CONTROL_REJECTION_RETURN,-0.3887147335423189,-0.33318953120506184,-0.4492753623188525,-0.052631578947368474,0.16300940438869713,-0.056236711552090715,0.05241935483870864,-0.15953307392994565,-0.8244514106583536,-0.13981587632447456,-0.05269485073132027,-0.7016861219195671,4.335423197492351,-0.04862055983219453,0.07202749856778431,0.41585040071237467,0.0,0.0,2.2927580893683555,0.7999999999999402,0.1789473684210117,0.3479337840700588,0.5181838340365638,0.13546091467601157,0.19107046669136624,0.13906948606923208,0.5815377933116039,0.6288021984154936,-0.13009194290817638,0.37556850120084273,-0.8412294679823389,-0.2125590968121456,0.016778057323985296,1.0,-1.0,-0.4138361699522727,1.8870696490323797,0.0,2.772588722239781,0.08463949843265271,-0.35705960942607806,1.6662551500616343,0.6286919831223806,0.49114968131596504,0.0,0.275862068965508,0.3918495297805785,8.691722003963426,1.380024,1.11200000000008,0.43573667711603464,1.0,0.0,0.0,-0.35705960942607806,-0.9843260188087911,0.6197494499244407,0.5485893416927564,0.03432709489325684,0.359390729658308,-0.33318953120506184,-0.44117647058826603,0.0,1724186940000000000,-0.9538883985897749,0,1.0,False,2024-08,0.42488558138074267,-0.016541338652985713
ETHUSDT:5:1724179200000000000:-1:1724188620000000000:1,ETHUSDT:5:1724179200000000000:-1,ETHUSDT,-1,1724188620000000000,1724187900000000000,2581.05,2590.2200000000003,2570.4,1.1613958560523454,2586.42,0.0,5:1724179200000000000:-1,OBSERVED_OPPOSING_STRUCTURE,2578.13,2585.41,2578.13,2570.39,CONTROL_ACCEPTANCE_RETURN,-1.0570776255708296,-0.40828283477067934,-0.9096267190569699,-0.7147766323024385,1.7077625570776758,0.18503435445196778,0.18560794044664763,-0.349662761803349,5.46575342465759,0.1802329740369151,0.26244244683183,0.13117001828152997,-1.8470319634704027,-0.03594504474039474,-0.02497144797357837,0.1865639709028617,0.0,0.0,2.518828451882838,-0.47381546134663033,-0.112219451371633,1.0199998302406017,0.9425860538619826,0.006671196788257616,-0.38696338121591517,1.3945866793718675,0.9673026520251593,1.1038795020995888,-1.3358370257193903,1.371406162464974,3.967765896240425,0.3363563946127017,1.4979875284171653,-1.0,-0.0,1.749249541086344,3.4011973816621555,0.0,2.5649493574615367,5.566210045662276,0.15785370049269506,2.3939511702802054,0.6650031191516017,0.8061946700474076,0.0,1.2260273972602822,2.093607305936146,35.52817651730913,0.3383600872410006,1.1613958560523454,2.431506849315155,1.0,1.0,0.0,0.15785370049269512,0.7077625570776239,1.0957214687800048,2.143835616438385,0.22544502842570638,2.0492978785282934,-0.47355191472302743,-1.0,0.0,1724191620000000000,-0.9794024993242746,0,50.0,False,2024-08,0.33812001661291863,-0.013279410193472778
XRPUSDT:15:1724175900000000000:-1:1724191500000000000:1,XRPUSDT:15:1724175900000000000:-1,XRPUSDT,-1,1724191500000000000,1724187960000000000,0.5955,0.5977,0.5932999999999999,1.0000000000000504,0.5946,1.584962500721156,15:1724175900000000000:-1,OBSERVED_OPPOSING_STRUCTURE,0.5941,0.5963,0.5941,0.5923,CONTROL_ACCEPTANCE_RETURN,-0.956521739130439,-0.11502703127417802,-0.8461538461537148,-1.0,-0.17391304347824407,0.06494658401133821,-0.062499999999991326,-0.7500000000000346,-0.5217391304348288,0.06500135469293589,-0.03260869565217581,-0.9069767441860561,1.913043478260878,0.07009274892413148,0.03055555555555553,0.2743362831858406,0.0,0.0,1.466666666666652,-1.0,-0.0,0.3420443866446594,0.44854869424456567,-0.13845859429408486,-0.3706136001965851,-1.0162241674649408,-2.0100729295036146,-1.5038642407458398,-0.39571197549213677,-0.5843881856539959,-0.09915611814348901,0.41047514217575176,-0.42258301229133977,-0.0,1.0,0.020623501199043326,2.667228206581955,0.0,4.0943445622221,2.7826086956521947,0.15908076890515005,2.7802000218144927,1.3913043478260974,0.41137948235110383,1.0,-0.7826086956521949,1.913043478260878,36.94374475230864,0.3254181818181848,1.0000000000000504,1.9130434782609744,1.0,1.0,1.584962500721156,0.15908076890515,2.086956521739122,0.6972137483973544,0.3478260869565847,0.0939131825939663,0.8987338757338671,-0.04202530865052142,-0.2222222222222222,1.0,1724196300000000000,0.5794277122606121,1,80.0,False,2024-08,0.36431575359668045,-0.013084010737637649
ETHUSDT:5:1724190900000000000:1:1724192520000000000:1,ETHUSDT:5:1724190900000000000:1,ETHUSDT,1,1724192520000000000,1724176500000000000,2585.71,2582.3999999999996,2591.8799999999997,1.8640483383682394,2586.78,0.0,5:1724190900000000000:1,OBSERVED_OPPOSING_STRUCTURE,2585.62,2586.1,2591.89,2586.1,CONTROL_ACCEPTANCE_RETURN,-0.1989304812833894,-0.023608331828024066,-0.42081447963784147,-0.5088967971529765,-1.1529411764705721,-0.02556272702489629,-0.33878064110618855,-0.8179419525065802,2.13262032085569,0.12526971304889628,0.12625047486387517,0.2188208616780134,-3.009625668449262,-0.048681438178263314,-0.044927675064661686,0.012836970474965792,3.584962500721156,1.9969653198555974,2.109090909090957,-0.6962025316455441,0.30379746835445587,0.39929604542733865,0.5196714389181214,0.14232396815464077,-0.6399023465155365,-0.331795148521552,0.8658638471525926,0.03504674913117482,0.21192528735630556,-0.7836228713732154,2.1993534482758488,-0.36931830509735675,-0.06673312742015858,0.0,0.0,0.12715393133998742,1.1631508098056809,0.0,2.833213344056216,1.2449197860962065,0.3460459432732219,1.4611854126946515,1.2093933463796933,0.41783047342120405,0.0,-0.22887700534763084,0.708021390374424,12.801126189713464,0.9368175226584968,1.8640483383682394,1.3197860962566157,1.0,1.0,0.0,0.34604594327322197,0.42566844919781843,0.5081500749556461,0.1368983957219965,0.16226670168525587,0.590097041388148,-0.10867356014416162,-0.3565640194489391,0.0,1724195520000000000,-0.9612304854967484,0,50.0,False,2024-08,0.4623415089139918,-0.007927525858288037
XRPUSDT:5:1724194800000000000:-1:1724197980000000000:1,XRPUSDT:5:1724194800000000000:-1,XRPUSDT,-1,1724197980000000000,1724196060000000000,0.5949,0.5957,0.5932999999999999,2.0,0.5941,0.0,5:1724194800000000000:-1,OBSERVED_OPPOSING_STRUCTURE,0.5945,0.5949,0.5949,0.593,CONTROL_ACCEPTANCE_RETURN,-1.2380952380952128,-0.12605460186725598,-1.0,-0.5294117647058132,-1.1428571428571277,0.061585201869125056,-0.35294117647060935,-0.6190476190475738,0.09523809523808517,0.11217333288757811,0.007874015748030807,-0.461538461538445,5.80952380952383,0.1053583694616021,0.09399075500770446,0.30000000000001115,0.0,0.0,1.428571428571489,-0.45454545454536277,0.18181818181814513,1.5530900007107258,1.346728760913785,-0.47064531762500494,-0.2504309970231189,2.3668963629464024,1.9162598843880385,1.072049649958415,0.146763611237625,0.16146819338990825,2.422791775721065,-1.304325336247036,-2.3275536804829797,1.0,1.0,-1.2371100164203335,1.6486586255873816,0.0,3.4965075614664802,1.0476190476190426,0.0062847859955136864,2.5615164299767073,1.7272727272727548,1.5530900007107258,0.0,-0.7619047619047871,0.7619047619047871,13.447638258531232,0.8929499999999742,2.0,1.5238095238095741,1.0,1.0,1.584962500721156,0.006284785995513741,1.2380952380952128,0.586135244930981,0.19047619047617034,0.13825033144443374,0.9770386729578043,-0.02139204796449451,-1.0,0.0,1724198400000000000,0.714445306096572,1,7.0,False,2024-08,0.5002713151756228,-0.004612138468925605
BTCUSDT:5:1724193900000000000:-1:1724199060000000000:1,BTCUSDT:5:1724193900000000000:-1,BTCUSDT,-1,1724199060000000000,1724195460000000000,59189.3,59370.1,58951.2,1.316924778761126,59252.0,0.0,5:1724193900000000000:-1,OBSERVED_OPPOSING_STRUCTURE,59142.0,59212.0,59142.0,58951.1,CONTROL_ACCEPTANCE_RETURN,-0.6920000000000437,-0.11476995928935214,-0.8871794871794604,-0.9327146171695064,-1.893000000000029,-0.16571132262306762,-0.503056072282757,-0.9759435918706412,0.6919999999999709,0.0011443562355327218,0.06039448420317336,-0.41743528711696154,3.3869999999999707,0.03929460416719468,0.055113497681230084,0.0817739041271408,3.584962500721156,0.7808527609790509,1.097154072620268,-0.8472668810290488,-0.059485530546696766,0.966257375736688,1.0098648887762804,-0.43111209683969565,-0.11252366206190552,0.48992941637515663,0.3887584000983324,0.1170950759213306,-0.7660940414704203,-1.6749943309074047,0.7218430951101598,-0.21800566909262442,-0.0298430951101889,1.0,-0.0,-0.8268362757336056,1.8562979903656263,0.0,4.0943445622221,1.96,0.21275774112577867,2.688698963372815,0.7916251246261323,0.850319527452554,0.0,0.6269999999999709,1.8079999999999563,30.5460615347699,0.39344933628319534,1.316924778761126,2.3810000000000584,1.0,1.0,1.584962500721156,0.21275774112577867,0.9180000000000291,0.6492831308034089,1.583999999999942,0.06880534840649619,0.8892779655219439,-0.22277363625606436,-0.5169811320754681,0.0,1724201880000000000,0.739948644171826,1,47.0,False,2024-08,0.42282065850121137,-0.008297118641970776
ETHUSDT:5:1724197200000000000:-1:1724199240000000000:1,ETHUSDT:5:1724197200000000000:-1,ETHUSDT,-1,1724199240000000000,1724198040000000000,2577.29,2578.73,2570.6400000000003,4.618055555555128,2574.6,0.0,5:1724197200000000000:-1,OBSERVED_OPPOSING_STRUCTURE,2577.29,2578.2,2578.48,2570.63,CONTROL_ACCEPTANCE_RETURN,-0.08464328899635062,-0.11577462434086765,-0.17948717948710774,-0.8522727272726216,-1.5018137847642201,-0.33754762303753233,-0.35958309206714256,-0.9226006191950469,1.71221281741232,-0.04281324846248376,0.11107624725446735,0.08641975308643512,6.372430471584031,0.05182386614160637,0.08991026034735582,0.3030164533820876,0.0,0.0,1.0761789600968035,-0.2905982905983969,-0.6923076923072139,0.4041290796021099,0.49178752180940677,0.14239336763855975,-0.10728827836073285,-0.0,0.038866044291818724,-0.6078879966533455,0.14406233207950075,-1.4654207456153503,1.6916786816776872,-0.03639303914886982,0.020534135734632697,1.0,-0.0,-1.0380422595946612,1.33500106673234,0.0,3.044522437723423,0.6481257557436136,0.035297137916844475,1.699701283804922,1.6775818639798967,0.7030868739796567,0.0,-0.650544135429277,0.34824667472794624,5.587264141792559,2.1483416666665853,4.618055555555128,1.6082224909309917,1.0,1.0,0.0,0.03529713791684439,0.6457073760580602,0.6389351549427345,-0.135429262394183,0.01447584639543043,1.6509097404431856,-0.28028311653033366,-0.5774278215222702,0.0,1724199360000000000,-0.9462094373996646,0,2.0,False,2024-08,0.2041465947675713,-0.018457214465779442
SOLUSDT:5:1724172900000000000:-1:1724200260000000000:1,SOLUSDT:5:1724172900000000000:-1,SOLUSDT,1,1724200260000000000,1724198160000000000,142.267,142.124,142.693,2.9790209790210778,142.225,0.0,5:1724172900000000000:-1,OBSERVED_OPPOSING_STRUCTURE,142.21,142.335,142.902,142.153,CONTROL_REJECTION_RETURN,-0.3115942028986171,-0.162147028237741,-0.9555555555553591,-1.0,-1.8405797101450827,-0.13442280180477606,-0.5866050808313722,-1.0,-1.2753623188406766,-0.09648764407830189,-0.08961303462321832,-0.6536458333333082,-5.510869565217805,-0.05027372650413017,-0.090390443929401,-0.8546448087431597,0.0,0.0,1.1065493646138898,-0.43478260869560614,-0.5652173913043939,0.4155180883240175,0.8396423206058986,-0.23187308538466495,0.05694181588000876,-3.51480655016001,-2.9533518209579057,-3.6357771149812375,-0.6460505104782702,-0.665421816227838,0.2821063944116089,-1.1751578939172447,-1.5574687132522855,-1.0,-1.0,-0.12049502660182487,4.44500143383527,0.0,3.58351893845611,0.3297101449275873,-0.27441570212323374,2.630408383410428,0.9379615952732614,0.5399738873889112,1.0,0.15217391304349392,0.5181159420290217,10.051522840855622,1.1932489510489452,2.9790209790210778,1.5434782608697242,1.0,0.0,0.0,-0.27441570212323374,-1.1050724637682126,1.2742133622218161,1.2065217391305076,0.05573779723774796,0.9203917676325138,-0.3058633425669437,-1.0833333333333333,1.0,1724200380000000000,-0.9566075872632294,0,2.0,False,2024-08,0.4127251478899862,-0.006266779830183611
BTCUSDT:5:1724197500000000000:1:1724201220000000000:1,BTCUSDT:5:1724197500000000000:1,BTCUSDT,-1,1724201220000000000,1724198640000000000,59143.5,59250.1,58980.1,1.5328330206379333,59142.0,0.0,5:1724197500000000000:1,OBSERVED_OPPOSING_STRUCTURE,59119.5,59156.7,59181.1,58980.0,CONTROL_REJECTION_RETURN,-0.472864051585173,-0.23204914224753515,-0.5069124423962964,-1.0,0.12681354110696402,0.1674585768282907,0.024644945697583204,-0.865373645179661,-0.6501880709296128,0.05813609003360649,-0.041715507136454444,-0.2873870859819372,2.4266523374530324,0.04842813131420337,0.03600701642481318,0.10087782414735702,1.584962500721156,1.6357552207514738,1.469090909090924,-0.9966442953018184,-0.0033557046981815774,0.2779952654954482,0.5440209867159919,-0.01777781296466102,-0.3725598196947222,-0.6763668952225466,-0.6763668952225466,-1.4360989126563417,-0.9176122532176263,0.11129870129871086,-0.16428571428573094,0.015514839808253161,-0.4859023566438819,-0.0,-0.0,0.5141194042351163,1.5686159179138452,0.0,3.784189633918261,1.1606663084363336,-0.046898006637543496,3.2538241598085174,1.0092592592592593,0.43803663809236293,1.0,-0.016120365394949078,1.1456206340676989,18.023958676777422,0.6663804878048871,1.5328330206379333,1.7560451370231351,1.0,0.0,1.584962500721156,-0.04689800663754353,-0.586781300376209,0.9780542843624941,0.3471252015046014,0.13382643091502308,0.7545025070167538,-0.31143033039195567,-1.0015313935682362,1.0,1724201880000000000,0.632636962844741,1,11.0,False,2024-08,0.40419423241044367,-0.010548413694880463
ETHUSDT:5:1724200500000000000:-1:1724202660000000000:1,ETHUSDT:5:1724200500000000000:-1,ETHUSDT,1,1724202660000000000,1724202180000000000,2575.45,2572.4399999999996,2578.7599999999998,1.0996677740862808,2573.94,0.0,5:1724200500000000000:-1,OBSERVED_OPPOSING_STRUCTURE,2575.01,2575.46,2580.2,2574.79,CONTROL_REJECTION_RETURN,-0.2700814901048404,-0.021684300818030418,-0.4142857142858651,-0.9172932330829484,-0.8242142025610951,-0.20599570467283265,-0.16511194029850884,-0.22580645161290325,-0.3469150174622145,0.05917674126960354,-0.0195153896529171,-0.5008319467554069,1.0966239813736802,0.053235401837420156,0.016617859789013006,-0.5612198452435364,0.0,0.0,2.2174887892376214,-0.7764705882352458,-0.22352941176475413,0.38021637326795693,0.7989113240784056,-0.3025406732221396,-0.33195175656022763,-0.9436412840979624,-0.9436412840979624,-0.44140544756716044,-0.7295692665890228,-0.36100151745065867,-1.311709661102637,-0.46321268511043645,0.9647946436404227,0.0,0.0,-0.9180870333554546,1.8870696490323797,0.0,2.1972245773362196,0.3469150174622145,-0.26182849209203507,1.9109072210022215,0.7587859424920415,0.38021637326795693,0.0,0.35157159487770384,0.7008149010477689,11.687277951426813,1.0261574750829818,1.0996677740862808,0.7706635622816972,1.0,0.0,0.0,-0.2618284920920351,0.10710128055879595,0.7663249744571073,0.30966239813734686,0.011196466612835035,0.6000207343686494,-0.30979408977803785,-1.0,0.0,1724203260000000000,-0.9594818211251971,0,10.0,False,2024-08,0.48452446273885336,-0.012853453385497343
ETHUSDT:5:1724200500000000000:-1:1724204700000000000:1,ETHUSDT:5:1724200500000000000:-1,ETHUSDT,-1,1724204700000000000,1724202180000000000,2575.85,2580.21,2554.34,4.933486238531912,2573.94,0.0,5:1724200500000000000:-1,OBSERVED_OPPOSING_STRUCTURE,2575.46,2576.62,2578.46,2554.33,CONTROL_ACCEPTANCE_RETURN,-0.8707799767170473,-0.12906254533050399,-0.8274336283184559,-0.6643835616438378,-1.4295692665890032,-0.22161348375434334,-0.2719220549158445,-0.8519637462235599,1.0826542491268947,0.16627105699402978,0.04982320797171307,-0.42800265428003126,0.9126891734575102,0.020028779715993924,0.013216453135536103,-0.12464071073948224,0.0,0.0,2.2174887892376214,-0.6829896907216537,0.1881443298969066,1.11787737862237,0.9021837658635258,-0.6276756017988598,0.45492945784271066,0.2864521083556504,0.32534490812974326,-0.1413535625325206,-0.7020833333333762,-0.6302083333333374,-0.09833057395146672,-0.7993609332556658,1.1809848230783615,-0.0,-0.0,-0.23760554232518283,1.8870696490323797,0.0,3.7612001156935624,4.565774155995296,0.22871251794904632,2.5749698963927425,1.0973992860785233,1.11787737862237,0.0,-0.4447031431897141,1.015133876600711,16.926451462624485,0.7095495412843829,4.933486238531912,5.008149010477159,1.0,1.0,1.584962500721156,0.2287125179490463,1.3736903376018605,0.5926239045131021,1.4877764842839964,0.27156151423306346,1.2989065390195158,0.015039254886542256,-1.0,0.0,1724204940000000000,-0.9665961094877114,0,4.0,False,2024-08,0.1917551517983633,-0.010628748621531209
ETHUSDT:5:1724195400000000000:1:1724207340000000000:1,ETHUSDT:5:1724195400000000000:1,ETHUSDT,1,1724207340000000000,1724176500000000000,2586.65,2584.6099999999997,2592.91,3.0686274509796467,2587.03,0.0,5:1724195400000000000:1,OBSERVED_OPPOSING_STRUCTURE,2585.96,2587.48,2594.47,2585.03,CONTROL_ACCEPTANCE_RETURN,-0.23308270676688903,-0.5487312869508914,-0.2285012285011791,0.3539518900343954,-1.0701754385965452,-0.262431648345057,-0.2504398826979635,-0.4815789473683788,4.536340852130551,0.10450509874981795,0.20291479820627845,0.49352331606218924,0.12781954887224214,-0.0321688333966622,0.0016852261837894905,0.6103637269556685,3.584962500721156,2.440896708791558,1.3492605233220285,0.6406250000002554,0.343750000000111,0.2229643122869031,0.42442237544802386,0.3512676723853244,0.22145267773560298,0.0,0.0,0.2831149643630449,-0.6356422266258144,-0.5702936407854207,3.9292950951487997,-0.4998817978111245,0.6070457569817513,-1.0,0.0,2.4812915992085474,3.572345637857985,0.0,3.295836866004329,1.86466165413534,0.35933920388643364,1.906751818860795,1.0510752688172218,0.522973583365032,1.0,-0.0952380952381278,0.5112781954888547,7.886648754181734,1.5209588235290998,3.0686274509796467,1.5689223057644377,1.0,1.0,0.0,0.35933920388643353,0.9498746867168348,0.7637164609167304,1.5413533834587538,0.09602659429737498,0.6899805167582236,-0.5098921842668893,-0.3382978723403401,1.0,1724208420000000000,0.7755919539505628,1,18.0,False,2024-08,0.31893776429594795,-0.013408667401379346
BTCUSDT:5:1724205900000000000:1:1724209440000000000:1,BTCUSDT:5:1724205900000000000:1,BTCUSDT,1,1724209440000000000,1724205600000000000,59294.0,59242.5,59471.8,3.452427184466076,59346.1,0.0,5:1724205900000000000:1,OBSERVED_OPPOSING_STRUCTURE,59266.8,59301.1,59489.0,59248.8,CONTROL_ACCEPTANCE_RETURN,-0.39763567974207725,-0.26761553963580953,-1.0,-0.6551724137931034,-1.3659322944653363,-0.22325629495773555,-0.4524741901032555,-0.9259259259259259,-0.33315421816228097,-0.10387377702671613,-0.02483576349943925,-0.43646408839779005,-0.2804943578720983,-0.039029494133051124,-0.004503494090242184,0.4869096171556364,3.584962500721156,1.4028236630711013,2.459967759269245,-0.6292682926829978,0.36097560975616855,0.5877088464972793,0.4706447625470872,-0.06231872788471812,0.09899209148228208,-0.19321185021015097,1.3854405266366943,0.2918937279699926,-0.2716734441673401,-1.271317584945212,-0.7707839495323553,-0.09461470952012419,0.4376297313700743,-1.0,0.0,3.2747817797240986,1.2809338454620645,0.0,3.8501476017100584,0.6286942504030141,0.11428481600822388,2.588712656497,1.3645906228131421,0.6959724289409742,0.0,-0.5599140247178823,0.5534658785599184,8.68553310621648,1.3810077669902912,3.452427184466076,1.910800644814662,1.0,1.0,1.584962500721156,0.114284816008224,0.7071466953251309,0.5992987623244466,0.40515851692635557,-0.12804013219956242,0.40720319779103553,-0.03470543956261633,-1.0,0.0,1724211240000000000,-0.9538752433853045,0,30.0,False,2024-08,0.1172272243345156,-0.02337632806269126
SOLUSDT:5:1724209500000000000:-1:1724212800000000000:1,SOLUSDT:5:1724209500000000000:-1,SOLUSDT,-1,1724212800000000000,1724209380000000000,142.477,142.708,142.213,1.1428571428572132,142.465,0.0,5:1724209500000000000:-1,OBSERVED_OPPOSING_STRUCTURE,142.465,142.5,142.465,142.09,CONTROL_ACCEPTANCE_RETURN,-0.09818181818187155,0.19085714285714286,-0.10424710424716865,-0.826086956521664,-0.6181818181818632,0.10531704928250256,-0.16732283464567238,-0.9017199017198541,0.967272727272675,0.1651161830106155,0.07216494845360237,-0.06027397260275591,-0.970909090909056,0.07346551704730923,-0.014213468192706451,-0.29702343255224295,1.584962500721156,1.791759469228055,1.8590163934426052,-0.8773006134968779,0.12269938650312204,0.6239943550446253,0.9358696705439973,-0.21427978287140564,-0.9306225435332774,-0.3509461508222067,-0.28074164509561683,-0.7984854579288437,-0.27592992745792555,-0.5972372279672933,0.7147101974111572,-0.020944590214569958,0.25256252986151784,-0.0,1.0,-3.8984685195688984,1.8870696490323797,0.0,3.332204510175204,0.5999999999999587,0.2698711452149993,1.5771638002004253,1.0320000000000011,0.6878601042276621,1.0,-0.04363636363636439,0.8399999999999628,16.213143173985593,0.7407402597402771,1.1428571428572132,0.9600000000000165,1.0,1.0,0.0,0.2698711452149993,0.4145454545454617,0.5699853457289392,0.4581818181818261,0.27391773761014176,0.7610803677385745,0.24844590347139764,-0.27272727272733754,1.0,1724213520000000000,0.36045439629342063,1,12.0,False,2024-08,0.35015177873635095,-0.01602777539884996
BTCUSDT:5:1724209500000000000:-1:1724214120000000000:1,BTCUSDT:5:1724209500000000000:-1,BTCUSDT,-1,1724214120000000000,1724209380000000000,59340.0,59394.0,59207.5,2.4537037037037037,59286.5,0.0,5:1724209500000000000:-1,OBSERVED_OPPOSING_STRUCTURE,59336.5,59387.9,59391.7,59164.7,CONTROL_ACCEPTANCE_RETURN,-1.0779436152570394,-0.6847466342813691,-1.0,-0.8602620087336244,-1.1044776119403057,-0.2052847307714895,-0.4349151066608876,-0.9127114020731055,-0.2432283029297935,0.03381677112034576,-0.025539818899466157,-0.9127114020731055,-1.048092868988415,0.047184026802019406,-0.017747491388348684,-0.6079463228522555,1.584962500721156,2.0104486701928845,2.1349499209277316,-0.6415929203540236,0.3495575221239807,1.0784022060419098,0.6403693222255217,-0.006915680680655012,-0.19502198337513643,0.738981402790273,0.722096356188251,0.7634485701050099,-1.124735269909083,-1.0275100756104814,-0.20844546791329727,-0.07696753632982434,-0.03478283501649623,-0.0,1.0,-0.09306523971676084,1.4350845252893227,0.0,4.127134385045092,0.23438363736867793,0.34026901640698193,2.469750464679093,1.439244663382584,1.0784022060419098,0.0,-0.5914870093974524,0.5970149253731295,9.100101112234581,1.3192666666666666,2.4537037037037037,1.4648977335544382,1.0,1.0,1.584962500721156,0.34026901640698204,0.5903814262022526,0.543079707040085,0.08181315644003755,0.19972483074907185,0.5787770635032927,-0.5159447212136565,-1.0,0.0,1724220360000000000,-0.9547625352203177,0,104.0,False,2024-08,0.2047800061204391,-0.02027645415807882
XRPUSDT:5:1724213700000000000:-1:1724217240000000000:1,XRPUSDT:5:1724213700000000000:-1,XRPUSDT,1,1724217240000000000,1724211120000000000,0.5942,0.5927,0.5957,1.000000000000074,0.5941,0.0,5:1724213700000000000:-1,OBSERVED_OPPOSING_STRUCTURE,0.5941,0.5945,0.5959,0.5939,CONTROL_REJECTION_RETURN,-0.10000000000009993,-0.2622618137917653,-0.33333333333358006,-2.7755575615628914e-13,-0.6000000000000444,-0.2053085503862736,-0.2500000000000347,-0.5000000000000462,-0.20000000000008883,-0.05804397740646942,-0.012195121951224713,-0.3333333333333509,0.0,-0.00892706877657521,0.0,-0.538461538461545,3.584962500721156,1.1735135968412274,2.900000000000011,-0.25000000000020817,0.2499999999999306,0.15931523998787184,0.5998896870734313,0.025464143084540758,0.15535581366842396,-0.09407518364090706,0.42045327962592083,0.15003401770615568,0.36817535903246434,0.34637641723357465,1.5873333333333308,-0.9463764172336191,-1.7873333333334196,0.0,0.0,-0.7723043240284796,1.33500106673234,0.0,3.828641396489095,1.2999999999999667,-0.09540053354748726,3.2080265472429437,0.9444444444444513,0.4404042970485968,1.0,0.0999999999999889,1.4999999999999445,25.24402558061168,0.47476000000001717,1.000000000000074,1.5000000000000555,1.0,0.0,1.584962500721156,-0.09540053354748716,-1.2000000000000888,0.948570336509123,1.900000000000011,0.013907522610807913,0.8096018568249073,-0.2053085503862736,-0.23809523809527838,1.0,1724218680000000000,0.4509281242846541,1,24.0,False,2024-08,0.4906315161073773,-0.00892226645941101
BTCUSDT:5:1724217000000000000:-1:1724219820000000000:1,BTCUSDT:5:1724217000000000000:-1,BTCUSDT,-1,1724219820000000000,1724218920000000000,59326.4,59376.5,59270.1,1.1237524950100708,59305.0,0.0,5:1724217000000000000:-1,OBSERVED_OPPOSING_STRUCTURE,59316.5,59332.6,59316.5,59270.0,CONTROL_ACCEPTANCE_RETURN,0.6475409836065188,-0.12327502044908843,1.0,1.0,-0.034426229508170814,0.011673557357073927,-0.008212749315598393,-0.17622523461940776,0.04426229508191686,0.07783577832352793,0.003323895112639458,-0.01897018970195008,-3.299999999999851,0.024669839885170138,-0.05149786384916517,-0.10634789777412523,0.0,0.0,1.1800467653935367,1.0,-0.0,0.30036665367750887,0.4151102655142274,-0.1337892518061686,1.1633083969639646,0.6021043921800029,0.9339834803712144,0.4424660038493423,0.07520491803275157,-0.6422131147540681,-0.6028361344538138,0.6077868852458972,0.6470984295357306,-0.0,1.0,-0.9594934252025344,2.0014800002101243,0.0,2.772588722239781,0.5737704918032445,0.19110466801971582,1.8693508224945998,1.611428571428613,0.6912541559894789,0.0,-0.35081967213115045,0.8213114754097632,8.444807033630651,1.4215916167665084,1.1237524950100708,0.9229508196721238,1.0,1.0,0.0,0.19110466801971582,0.570491803278583,0.7404205483185321,0.6852459016393511,0.23130093610522295,1.0337313414955387,-0.382099875283759,-0.3583061889250942,0.0,1724220060000000000,-0.9533796990327473,0,4.0,False,2024-08,0.38734719063775447,-0.017853327441596283
XRPUSDT:15:1724214600000000000:1:1724225100000000000:1,XRPUSDT:15:1724214600000000000:1,XRPUSDT,1,1724225100000000000,1724205960000000000,0.5966,0.5949,0.5984,1.058823529411757,0.597,1.584962500721156,15:1724214600000000000:1,OBSERVED_OPPOSING_STRUCTURE,0.5961,0.5977,0.599,0.5977,CONTROL_ACCEPTANCE_RETURN,-0.12499999999998265,-0.17966299668595864,-0.14285714285714285,-0.6666666666666667,-1.9999999999998612,-0.22715497924621672,-0.47058823529407345,-0.8823529411764783,-2.2499999999999654,-0.13092643618118388,-0.1475409836065568,-0.9200000000000071,-2.2499999999999654,-0.1299034118616324,-0.037656903765690475,0.2258064516129148,3.584962500721156,2.4350742760401247,2.270270270270306,0.0,-1.0,0.3176009144609766,0.40270648566904205,-0.09747220929471773,0.5153753369535681,-1.1446896039224441,0.9074942902465022,-0.4730420135359532,0.2104788481331292,-1.645571615080342,-0.5519039344853998,-0.3544283849195191,-1.6980960655145656,1.0,0.0,-0.44280240831965234,2.0104486701928845,0.0,4.3694478524670215,2.4999999999999307,-0.00943486332264758,3.0062212892443023,1.1999999999999778,0.6634812690401011,1.0,-0.4999999999999306,2.1249999999999827,28.49480388870323,0.42052941176469727,1.058823529411757,2.2499999999999654,1.0,1.0,1.584962500721156,-0.00943486332264759,1.6249999999999132,0.8244936486221061,1.8750000000000173,-0.290775149792932,0.9798630474747322,-0.1305768574050437,-0.1666666666666703,1.0,1724225760000000000,0.5343698152398763,1,11.0,False,2024-08,0.4611041304184126,-0.009080962469848155
SOLUSDT:60:1724209200000000000:1:1724226000000000000:1,SOLUSDT:60:1724209200000000000:1,SOLUSDT,1,1724226000000000000,1724205840000000000,142.933,142.51000000000002,143.477,1.286052009456372,143.032,3.584962500721156,60:1724209200000000000:1,OBSERVED_OPPOSING_STRUCTURE,142.796,143.097,143.77,143.097,CONTROL_ACCEPTANCE_RETURN,-0.469565217391285,-0.2309048178613396,-0.7397260273972123,-0.6306306306306733,-2.4086956521737313,-0.3547688290106238,-0.6548463356974211,-0.8716417910447601,-1.765217391304234,-0.23993767921901266,-0.11056644880174377,-0.9022727272727155,2.613043478260659,-0.09693575574360042,0.042007408960647856,0.0035714285714116834,3.584962500721156,2.03688192726104,1.2273610571317688,-0.7530120481927856,0.24698795180721447,0.7186629307164611,0.9401614648369745,-0.4000686439974155,-0.10386581908715403,0.11152412509929377,0.11152412509929377,0.7047598311485961,-1.3659013719559008,-0.7403361756599176,-1.5650324149108732,-1.6683594765138137,-0.20018497639336075,1.0,0.0,-1.1525178253119719,1.3480731482996928,0.0,4.700480365792417,1.9043478260867546,0.14638479042795272,3.197337368624809,1.134146341463439,1.3175263916607631,1.0,-0.4304347826087397,1.8391304347823476,29.594285434432457,0.4048836879432878,1.286052009456372,2.3652173913042094,1.0,1.0,1.584962500721156,0.14638479042795272,1.343478260869448,0.9417582246121265,1.408695652173855,-0.03264742155026721,1.2568193009242972,-0.31084541875814026,-0.8302752293578921,1.0,1724226480000000000,-0.9765129157545954,0,8.0,False,2024-08,0.5095931788358772,-0.004259515487583729
ETHUSDT:5:1724224500000000000:-1:1724226900000000000:1,ETHUSDT:5:1724224500000000000:-1,ETHUSDT,-1,1724226900000000000,1724225820000000000,2599.36,2604.2700000000004,2594.3300000000004,1.0244399185334885,2597.78,0.0,5:1724224500000000000:-1,OBSERVED_OPPOSING_STRUCTURE,2598.24,2601.0,2598.24,2594.32,CONTROL_ACCEPTANCE_RETURN,-1.157212317666166,-0.23399526728177403,-0.7183098591549915,-0.9944134078213611,-1.2025931928687172,-0.04780833247078587,-0.2076105204252971,-0.9960396039604895,-0.41815235008102053,0.1798754746800727,-0.019291161956033847,-0.009538950715412664,-3.5915721231765954,0.05455018492233272,-0.05140100204119503,-0.3279395900755091,0.0,0.0,2.5316045380874725,-0.9961240310078435,0.0038759689921565167,0.4269912405208204,0.8850294332209208,-0.61696596375619,-0.20680938558163847,-0.038471156251773664,-1.349088050027758,-0.4599317916232134,-0.5019379016515585,-1.1745450040776775,-0.8965761750404843,-0.028048188791039763,0.47842382495946373,-1.0,1.0,-0.9534565366187033,1.6863989535702286,0.0,2.9444389791664403,1.5461912479740438,0.5963995830098181,2.8085873428362946,1.4566473988439048,0.5194098807667384,0.0,-0.5121555915720936,1.5915721231767428,18.889265049859617,0.635881466395072,1.0244399185334885,1.6304700162073535,1.0,1.0,0.0,0.5963995830098181,1.4424635332252076,1.4151961837336666,0.4116693679092275,0.3386983787629672,1.2468434750491586,0.003926945026795602,-0.23258096172721618,0.0,1724227320000000000,-0.9614247852718982,0,7.0,False,2024-08,0.39403491727994827,-0.014271722904362062
XRPUSDT:15:1724221800000000000:1:1724229360000000000:1,XRPUSDT:15:1724221800000000000:1,XRPUSDT,-1,1724229360000000000,1724205960000000000,0.5979,0.5992999999999999,0.5962,1.2142857142857766,0.599,1.584962500721156,15:1724221800000000000:1,OBSERVED_OPPOSING_STRUCTURE,0.5975,0.598,0.5992,0.5951,CONTROL_REJECTION_RETURN,-0.8750000000000173,-0.08545451223109472,-1.0,-0.7777777777778052,-1.7499999999998959,-0.09069486892148058,-0.3684210526315759,-0.9090909090909183,-0.0,0.04051604513395999,-0.0,-0.3658536585365999,-3.2499999999998264,0.08524222908506976,-0.04924242424242286,-0.5094339622641604,3.584962500721156,2.533696813957432,2.4999999999999307,-0.3333333333333333,-0.3333333333333333,0.5257782622141595,0.7472144018301653,-0.42577380933791886,0.486921360751909,0.3042222214388879,0.3042222214388879,-0.21947999482096264,-1.47667378917376,-1.2264210713218762,1.813852368384999,-0.5235789286780197,-1.813852368384999,-1.0,-0.0,0.26436781609194693,1.9647786333596962,0.0,3.5553480614894135,0.2499999999999653,-0.36299623883896426,2.6835662282998416,0.7179487179487216,0.5252423458543641,0.0,1.374999999999948,1.7499999999998959,23.415286837263036,0.51308571428573,1.2142857142857766,2.1249999999999827,1.0,0.0,1.584962500721156,-0.3629962388389642,-2.2499999999999654,0.6466563682355004,2.9999999999998614,0.33495662292767664,1.0708398245843391,-0.19080744324769813,-1.0,0.0,1724230440000000000,0.5610597697086259,1,18.0,False,2024-08,0.4185453804429505,-0.010724409542630337
SOLUSDT:15:1724212800000000000:-1:1724230920000000000:1,SOLUSDT:15:1724212800000000000:-1,SOLUSDT,1,1724230920000000000,1724228160000000000,141.938,141.792,142.36700000000002,2.9383561643840403,142.09,1.584962500721156,15:1724212800000000000:-1,OBSERVED_OPPOSING_STRUCTURE,141.833,141.999,142.484,141.841,CONTROL_REJECTION_RETURN,-0.9268292682927106,-0.30496891218334105,-0.7231833910033608,-0.8382352941177055,-1.8758314855876186,-0.29290803883123717,-0.29601119664100267,-0.916349809885966,-6.541019955654298,-0.03280918521533029,-0.24702729860995173,-0.8375149342891337,-3.6053215077606584,-0.08395645581480743,-0.04687229749207314,-0.8617886178861844,0.0,0.0,1.3657623947614186,-0.7887931034483693,-0.021551724137911496,0.5933893926230454,0.858284238057006,-0.22674280078370324,-0.47186851569385907,-0.7738688656910853,-2.391843864459897,-0.18132112096399342,-0.827835416781274,-1.5990978078632532,-5.986465185151959,-0.2767336777243654,-0.5545547705023397,0.0,0.0,-0.819774011299444,2.894068619777491,0.0,3.8501476017100584,1.2771618625277832,-0.2510559369361196,2.5597431729428517,1.3857868020304902,0.5933893926230454,0.0,-0.6740576496674832,0.647450110864695,10.286181290421634,1.166013698630244,2.9383561643840403,1.9024390243904068,1.0,0.0,0.0,-0.2510559369361196,-2.691796008869216,1.219796672390207,1.3303769401331076,0.21215960239488862,0.8798911742680768,-0.5626965677560508,-1.0,0.0,1724231040000000000,-0.9570447133114526,0,2.0,False,2024-08,0.32940705907675105,-0.011126861297275711
BTCUSDT:5:1724234100000000000:1:1724236620000000000:1,BTCUSDT:5:1724234100000000000:1,BTCUSDT,1,1724236620000000000,1724234880000000000,59224.7,59202.700000000004,59346.8,5.5500000000021,59300.4,0.0,5:1724234100000000000:1,OBSERVED_OPPOSING_STRUCTURE,59215.0,59253.7,59346.9,59215.0,CONTROL_ACCEPTANCE_RETURN,-0.7262631871182896,-0.681965672736214,-0.8605263157895752,-0.714981729598117,-0.6463076068851176,-0.2956623152806941,-0.24577702702703488,-0.7947368421053143,0.6751804553025667,0.0852468458029036,0.05323060759936629,-0.15228665723720136,-4.266518600777429,-0.0484905920467531,-0.061697070914697186,-0.6007185628742584,0.0,0.0,1.818989450305433,-0.7476808905380672,0.18181818181809592,0.9208346656943672,0.9538249118200627,-0.13949932089713923,-0.4703559292866236,0.0,0.0168617571982832,0.4710886507228665,-0.7619104422222087,-0.349644128113916,1.4148044692736759,-0.2966634787712016,-0.7396240139711092,0.0,0.0,0.0,1.2809338454620645,0.0,3.4011973816621555,0.0955024986118669,0.2771418521102799,1.3295318866614174,2.6279569892474055,0.748119773832848,0.0,-0.8406440866186006,0.24430871737915494,3.7146663469790013,3.22983818181925,5.5500000000021,1.355913381454823,1.0,1.0,0.0,0.27714185211028,0.8006662965019337,0.4420250852729749,0.1832315380344268,0.408283936634945,0.43490133201685477,-0.6334503566192148,-0.7807017543861174,0.0,1724236800000000000,-0.9401643350083326,0,3.0,False,2024-08,0.14595110860483967,-0.02274630870569466
SOLUSDT:15:1724229000000000000:-1:1724237220000000000:1,SOLUSDT:15:1724229000000000000:-1,SOLUSDT,-1,1724237220000000000,1724231040000000000,141.79,142.277,141.20999999999998,1.1909650924025026,141.802,1.584962500721156,15:1724229000000000000:-1,OBSERVED_OPPOSING_STRUCTURE,141.755,142.068,141.755,140.832,CONTROL_ACCEPTANCE_RETURN,-0.5970772442588588,-0.254613837138109,-0.8993710691826013,-1.0,-0.48016701461368455,0.09845793064241046,-0.1383874849578512,-1.0,-2.5762004175364215,-0.04605842440565598,-0.18163085075065233,-1.0,6.346555323590679,0.06068002419684322,0.08259971742201906,0.3478556841388748,0.0,0.0,3.9621301775148137,-1.0,-0.0,0.7751949673003949,0.7306696198829754,-0.2567041116204681,-0.5402565313715881,-0.5642465193034241,-0.5642465193034241,-0.9549107661917862,-0.8044524304843492,0.34092999632355747,-1.7759077927377116,-0.821097010937242,-0.8002926247987099,1.0,-1.0,-1.5267511543373047,1.1837700970084164,0.0,4.6443908991413725,2.4384133611690473,0.389807769706959,1.9317398945213167,0.9876288659793809,0.7751949673003949,1.0,0.050104384133612186,2.0334029227556623,34.34656886945446,0.3499798767967183,1.1909650924025026,2.421711899791216,1.0,1.0,0.0,0.389807769706959,2.1878914405009864,0.7794631880458237,0.6555323590813272,0.08652084561342022,1.2138981620602016,-0.5672964387226216,-1.0,1.0,1724240760000000000,0.6948745501915843,1,59.0,False,2024-08,0.37287395263030065,-0.011408654237998136
XRPUSDT:15:1724228100000000000:1:1724237820000000000:1,XRPUSDT:15:1724228100000000000:1,XRPUSDT,-1,1724237820000000000,1724205960000000000,0.5987,0.5998,0.5975,1.0909090909090817,0.5992,1.584962500721156,15:1724228100000000000:1,OBSERVED_OPPOSING_STRUCTURE,0.5983,0.5987,0.599,0.5974,CONTROL_REJECTION_RETURN,0.08695652173912204,-0.3277855236338665,0.2,-0.0,-0.6956521739130729,0.011061574934339083,-0.22222222222224622,-0.3684210526315359,-1.5652173913043899,-0.04250554006461947,-0.11842105263157972,-0.41176470588234526,-1.3043478260870236,-0.03738112550098948,-0.022900763358779455,-0.7058823529411775,3.584962500721156,2.7047112998366956,2.562499999999922,-0.3333333333333333,0.3333333333333333,0.4996514900810318,0.820697826594329,0.12449712558775158,-0.9568426488059161,1.6700066800268143,1.404148684802653,0.9448812513283708,-0.26266464032416653,-2.1205807070868334,-2.3480988357504096,1.4249285331737607,0.7828814444460197,-0.0,-0.0,0.0,2.268683541318364,0.0,3.4965075614664802,0.43478260869570673,-0.21579291831216577,3.077069902596005,0.7222222222222393,0.5308993163857652,0.0,0.4347826086956102,0.956521739130439,18.37314180724887,0.6537272727272787,1.0909090909090817,1.043478260869561,1.0,0.0,1.584962500721156,-0.21579291831216585,-1.6521739130435118,0.8669531790671999,1.4782608695652677,0.18193707915815205,0.8025454188688259,0.007477016919379851,-0.3103448275862333,0.0,1724239560000000000,0.38388581776187,1,29.0,False,2024-08,0.44970105433625673,-0.011612249307817644
SOLUSDT:15:1724235300000000000:1:1724239020000000000:1,SOLUSDT:15:1724235300000000000:1,SOLUSDT,1,1724239020000000000,1724237220000000000,141.786,141.407,142.205,1.1055408970976819,141.747,1.584962500721156,15:1724235300000000000:1,OBSERVED_OPPOSING_STRUCTURE,141.686,142.0,142.215,142.0,CONTROL_ACCEPTANCE_RETURN,-0.6556776556776384,-0.40236881065964797,-0.6462093862815603,-0.4150197628457859,-0.5054945054945055,-0.22020407299208264,-0.13346228239845506,-0.6810344827585668,0.3882783882783536,-0.09127538127131674,0.027461139896371545,-0.05405405405406816,-6.285714285714078,-0.05129790095567768,-0.09240710823909522,-0.33703961084085965,0.0,0.0,1.678463094034396,0.6533333333332727,0.3199999999999394,0.5108667269178996,0.5115971829473372,0.3428404411250551,-0.3653383397834491,0.5642624384605277,-0.9537410079585307,0.9951902897631183,-0.07565771254506047,-0.6591166794988332,0.48076339796081957,0.15362217400432776,-0.09248500968246598,-1.0,1.0,1.9552804794183793,1.1420974006078486,0.0,3.4339872044851463,1.7142857142856103,0.23886509635974304,1.5384450598790027,0.9166666666666919,0.5734889003403834,1.0,0.1428571428570908,1.3882783882783014,26.73042472458428,0.44832664907652814,1.1055408970976819,1.5347985347985174,1.0,1.0,0.0,0.23886509635974304,1.2161172161171467,0.5489699210938415,0.9047619047619221,0.08444106184471242,1.0525905826461375,-0.3332761401461858,-0.23979591836734693,1.0,1724240640000000000,-0.9748202414195425,0,27.0,False,2024-08,0.6255370891784585,-0.0013071316722872116
SOLUSDT:5:1724236800000000000:-1:1724241300000000000:1,SOLUSDT:5:1724236800000000000:-1,SOLUSDT,-1,1724241300000000000,1724240640000000000,141.51,141.79,141.16799999999998,1.2214285714286128,141.401,0.0,5:1724236800000000000:-1,OBSERVED_OPPOSING_STRUCTURE,141.5,141.606,141.5,141.158,CONTROL_ACCEPTANCE_RETURN,-0.23818525519843184,-0.2894798776182631,-0.49606299212585386,-0.8688524590162483,0.4650283553875732,0.015925470969986193,0.09927360774819435,-0.13183279742763943,1.9886578449904946,0.08825822971426354,0.1308457711442781,0.30844793713162355,5.5085066162569145,0.028787162694393808,0.07807727345801414,0.487140695915283,0.0,0.0,2.361702127659474,-0.6947368421052978,-0.2842105263156541,0.5817843337571045,0.6217582433140281,0.14783851065523834,-0.6652784605688635,0.070665884631671,-2.009526336324008,-0.3019080063655412,-0.6234811211748867,0.2824928249282898,1.7867808519982529,0.1825355304592834,0.2018769929922417,-0.0,-1.0,-4.179377320765483,2.624668592163159,0.0,2.4849066497880004,0.918714555765641,0.32326140713390467,2.0397444598698553,1.4485596707817694,0.8929447282954581,0.0,-0.4120982986766554,1.0586011342154555,19.786587520316665,0.6070714285714259,1.2214285714286128,1.293005671077493,1.0,1.0,0.0,0.32326140713390467,1.2136105860112776,0.8491798760570366,0.13232514177702598,0.05054473197359706,0.9758179635977182,-0.5468774956077304,-0.9896907216494362,0.0,1724241660000000000,0.4931096511545537,1,6.0,False,2024-08,0.50985745429137,-0.0074421293491124885
SOLUSDT:5:1724241000000000000:-1:1724244900000000000:1,SOLUSDT:5:1724241000000000000:-1,SOLUSDT,1,1724244900000000000,1724241660000000000,141.12,140.696,141.74,1.4622641509433842,141.158,0.0,5:1724241000000000000:-1,OBSERVED_OPPOSING_STRUCTURE,141.11,141.239,141.75,140.706,CONTROL_REJECTION_RETURN,-1.6752767527675514,-0.5024871280216424,-1.0,-0.9833333333333718,-1.2730627306272984,-0.0869691068891111,-0.3185595567866863,-0.9863013698630451,-1.4391143911438569,-0.08713142655055037,-0.0862068965517211,-0.20689655172411636,-3.6531365313653366,-0.051009675100290676,-0.05772594752186554,-0.4695707879564205,0.0,0.0,2.2952029520295656,-0.9716088328076128,-0.0031545741325073864,1.280056869827722,1.2638574412381738,-0.7435928749511035,-0.5076921571104421,-2.029260745550765,-2.029260745550765,-1.0517848931082132,-1.1230801162307895,-0.4559464508094317,-0.8362248438584301,-0.8171162798178666,-0.6028895472854268,0.0,0.0,5.173379034561561,1.1631508098056809,0.0,4.007333185232471,1.667896678966778,-0.06984192724511631,2.907279904070709,1.0641891891891582,1.280056869827722,1.0,-0.14022140221395712,1.5645756457564772,30.045351473923365,0.39879622641508816,1.4622641509433842,2.287822878228792,1.0,0.0,1.584962500721156,-0.06984192724511631,-0.2546125461255226,0.7672316860453308,0.9372693726936898,-0.046446879327518766,0.9916297839550985,-0.5331689562052366,-1.0,1.0,1724246880000000000,-0.9767589894361457,0,33.0,False,2024-08,0.4637044399100672,-0.004863347246359782
BTCUSDT:5:1724242200000000000:1:1724247180000000000:1,BTCUSDT:5:1724242200000000000:1,BTCUSDT,1,1724247180000000000,1724243400000000000,59299.5,59240.1,59471.8,2.9006734006733788,59383.7,0.0,5:1724242200000000000:1,OBSERVED_OPPOSING_STRUCTURE,59278.7,59332.3,59584.6,59240.2,CONTROL_ACCEPTANCE_RETURN,-1.4535585042219286,-0.2700280571644216,-0.6683305601774712,-0.5651834504293698,-2.1628468033775605,-0.2583372645116086,-0.4870958978538443,-0.6064994701519083,-2.8166465621229904,-0.10841927279318048,-0.14723500851251708,-0.6731220657277124,2.1833534378769217,-0.015355655145286855,0.0353005421851233,-0.10141008305968768,0.0,0.0,1.7310012062725872,-0.6082981715893233,0.39170182841067674,2.1780514803057636,1.4668481748379958,-0.7271328812790602,-0.10962550305003693,0.9444479111686555,0.3556436044860334,1.2670300339680651,-1.9704386467391584,-2.6223314223314356,-3.8569478569478615,0.45948461895387505,1.040301294824871,1.0,0.0,-1.3039513677811565,1.6094379124341003,0.0,4.1588830833596715,0.4487334137515526,-0.03534669154516425,3.4622194336456897,1.4191139870582203,2.1780514803057636,0.0,-1.0156815440288975,0.7165259348612836,10.016947866339759,1.1973696969696677,2.9006734006733788,2.0784077201447513,1.0,1.0,1.584962500721156,-0.03534669154516421,1.7153196622436897,1.1181462655945111,0.8142340168878024,0.08277579641746216,2.162326205931347,-0.38848169233507385,-1.0,0.0,1724247300000000000,-0.9565424272451107,0,2.0,False,2024-08,0.3303765817235929,-0.011451873563231473
BTCUSDT:15:1724237100000000000:-1:1724248380000000000:1,BTCUSDT:15:1724237100000000000:-1,BTCUSDT,-1,1724248380000000000,1724247780000000000,59154.0,59272.0,59021.6,1.122033898305097,59171.3,1.584962500721156,15:1724237100000000000:-1,OBSERVED_OPPOSING_STRUCTURE,59140.6,59203.3,59259.3,58801.1,CONTROL_ACCEPTANCE_RETURN,-0.5957957957957783,-0.21138570534144,-0.3147208121827348,-0.06714200831849504,-0.0960960960960961,0.01805056883625903,-0.008333333333333207,-0.5403753819292803,4.485285285285303,0.07200995314741107,0.15105177993527433,0.0820652880738697,1.1855855855855506,0.03999403378888904,0.01678657074340483,0.09917038927887312,3.584962500721156,2.555934486365321,1.9794542536115751,0.5573940020682842,0.06618407445710081,1.0467189719508716,0.8872887116928984,0.7204253466370285,0.07351917216022459,0.7775708012014437,-1.829841020871692,0.22784834855796948,-0.9829657902176866,0.9119310149844135,6.814786542267459,-1.0080271110805097,-2.329501256982156,-1.0,-0.0,2.444331869863808,2.512305623976115,0.0,2.9444389791664403,4.446846846846899,0.2500092326458898,3.136203164708249,0.9532685035116081,1.042058416644052,1.0,0.20780780780784278,1.4174174174174174,19.94793251513,0.6021661016949152,1.122033898305097,1.590390390390408,1.0,1.0,0.0,0.2500092326458898,3.3573573573573574,1.6870029046099562,1.6540540540540192,0.07218508161719857,1.9789290112289033,-0.25980293084858014,-0.2840079628400907,1.0,1724248560000000000,-0.969660133558305,0,3.0,False,2024-08,0.47631128596420474,-0.009754231545126304
ETHUSDT:60:1724187600000000000:1:1724250300000000000:1,ETHUSDT:60:1724187600000000000:1,ETHUSDT,-1,1724250300000000000,1724249220000000000,2602.81,2614.7200000000003,2587.2400000000002,1.3073047858941482,2608.78,3.584962500721156,60:1724187600000000000:1,OBSERVED_OPPOSING_STRUCTURE,2598.86,2606.45,2614.71,2575.79,CONTROL_REJECTION_RETURN,-1.415617128463439,0.006672732833280582,-1.0,-0.6750572082379784,0.9168765743072664,0.06201761280284026,0.05572565829760967,-0.38848920863309,-5.9319899244331395,0.06829856039910306,-0.11061011695082332,-0.706896551724135,-4.821158690176257,0.05151712516894902,-0.048766816143497656,-0.706896551724135,0.0,0.0,2.5285366513389187,-0.5957446808510414,0.14506769825918558,0.3874247999641034,0.5446599525679481,0.13824564472256218,-0.31665564896941334,1.959036922084545,0.4666482011927986,0.6203274858055143,-2.6172098219591056,2.197297297297305,-0.6417884903372636,-1.2804207229900384,-5.290201434095876,1.0,-1.0,-5.518900343642502,2.896832324899109,0.0,2.9444389791664403,1.4937027707808048,-0.03521923217180648,2.3711539524036787,0.8190360715368229,0.4659703599200754,0.0,1.5037783375315399,3.0000000000000573,45.75823821178,0.26284785894205864,1.3073047858941482,3.9219143576825193,1.0,0.0,0.0,-0.03521923217180648,-4.113350125944538,1.0790721978770343,3.939546599496277,0.12350744408599892,1.084879030939356,-0.04347483218299217,-1.0,0.0,1724251380000000000,-0.9829890972033548,0,18.0,False,2024-08,0.37967939669790474,-0.008981895649844047
SOLUSDT:5:1724253600000000000:1:1724255340000000000:1,SOLUSDT:5:1724253600000000000:1,SOLUSDT,1,1724255340000000000,1724254380000000000,140.111,139.71300000000002,140.727,1.547738693467497,140.394,0.0,5:1724253600000000000:1,OBSERVED_OPPOSING_STRUCTURE,140.022,140.156,140.737,139.865,CONTROL_ACCEPTANCE_RETURN,-1.0747756729811033,-0.37890122125187015,-0.8129713423831523,-0.9056316590563825,-0.4825523429711307,-0.19511855598348105,-0.1486486486486614,-0.9056316590563825,-1.1106679960120123,-0.05432701270768109,-0.07940128296507797,0.26911850554581784,-2.604187437686999,-0.03371132530383879,-0.04040091567159599,-0.2377378718842138,0.0,0.0,2.2093718843469983,-0.8240534521158527,-0.03786191536753884,0.9555218810147825,1.0283611477073626,-0.44699031058770705,-0.3506521625073919,-3.3791861779497445,-4.091634792595666,-2.0064694937667187,-0.2738716739642742,-0.18239944905103067,-0.5065047153923843,-0.30015289392010003,-0.604163280619628,1.0,0.0,-0.5173014549161472,1.2809338454620645,0.0,2.833213344056216,0.3609172482552058,0.0011248912251409652,1.9680336409527244,1.8250728862974468,0.9555218810147825,0.0,-0.5643070787637476,0.7936191425722299,28.406049489331156,0.4218452261306875,1.547738693467497,1.2283150548355384,1.0,1.0,1.584962500721156,0.0011248912251409652,0.8554336989033062,0.3439012500688846,0.27118644067796127,-0.10676962631942562,0.3471678103781064,-0.4791516276511636,-1.0,0.0,1724256480000000000,-0.9720828075781526,0,19.0,False,2024-08,0.5289944635753974,-0.0007364537156465678
XRPUSDT:5:1724253600000000000:1:1724256060000000000:1,XRPUSDT:5:1724253600000000000:1,XRPUSDT,1,1724256060000000000,1724254680000000000,0.5918,0.5905,0.5938,1.5384615384615778,0.5928,0.0,5:1724253600000000000:1,OBSERVED_OPPOSING_STRUCTURE,0.5914,0.5918,0.5939,0.5906,CONTROL_ACCEPTANCE_RETURN,-0.5,-0.611498090263542,-1.0,-0.8181818181818366,-1.187499999999974,-0.48501796610377995,-0.4871794871794609,-0.9090909090909183,1.187499999999974,-0.02019330981379017,0.10982658959537588,0.16000000000000436,-2.562499999999922,-0.04567836082723639,-0.03799814643188142,0.10606060606060286,0.0,0.0,2.1249999999999134,-0.2857142857142404,-0.4285714285715192,0.9894234820559953,0.747214401830249,0.03461112653366674,-0.057205770860575544,-0.29519236733555054,-0.6741274679622489,0.1876526655111035,-0.6922606568832798,-1.1458114954577172,1.227578996282534,-0.04168850454225681,-0.040078996282560064,-1.0,-1.0,0.27547892720304956,1.5260563034950494,0.0,3.1780538303479458,0.3750000000000173,0.0671146207206207,2.021492143092015,1.9090909090909183,0.9894234820559953,0.0,-0.6249999999999827,0.8124999999999566,21.96688070293964,0.5456769230769366,1.5384615384615778,1.2499999999999654,1.0,1.0,1.584962500721156,0.06711462072062065,0.5624999999999913,0.3623061994501929,0.43750000000000866,0.30114417543851174,0.4451204493338978,-0.5868381509776889,-1.0,0.0,1724256240000000000,-0.9713907573384366,0,3.0,False,2024-08,0.450171230894778,-0.006892270019744535
ETHUSDT:5:1724254500000000000:-1:1724257200000000000:1,ETHUSDT:5:1724254500000000000:-1,ETHUSDT,-1,1724257200000000000,1724256300000000000,2600.01,2605.4300000000003,2592.8100000000004,1.32841328413279,2595.81,0.0,5:1724254500000000000:-1,OBSERVED_OPPOSING_STRUCTURE,2596.0,2600.44,2596.0,2591.01,CONTROL_ACCEPTANCE_RETURN,-0.39412997903566377,-0.312402701923098,-1.0,-0.414519906323245,-1.1111111111111536,-0.12340651629271628,-0.33194154488521027,-0.7560975609756098,0.19986023759606453,-0.03745683226746999,0.016933096506806952,0.0358864488484002,-3.8462613556953937,0.03734285038635334,-0.05154330236739703,-0.5952980688497083,3.584962500721156,0.2876820724517809,1.9269746646795478,-0.3468750000000102,0.1281249999999436,0.5159490607596493,0.7002534086482773,-0.026888128494473723,-0.34116417296289625,-0.8077544426488004,-1.8477599893451657,-0.7360131732724008,-0.520463194741259,-0.9209058089924573,0.09603760913363657,-0.19020530211869624,0.10382262846242796,-0.0,-0.0,0.5141225174238705,1.8870696490323797,0.0,2.8903717578961645,0.6708595387840315,-0.011378987006949937,1.7516852220669958,1.8750000000001066,0.5372133287064182,0.0,-0.587002096436099,0.7575122292103554,20.846073668947707,0.576247970479697,1.32841328413279,1.006289308176079,1.0,1.0,0.0,-0.011378987006949975,0.838574423480087,0.6692958491293665,0.14954577218724152,0.03542074390733174,0.8272106759937834,-0.11527695444572417,-0.2794210195091469,0.0,1724258520000000000,-0.9704654206138261,0,22.0,False,2024-08,0.38854530152663774,-0.011901490791665487
BTCUSDT:5:1724253600000000000:1:1724258340000000000:1,BTCUSDT:5:1724253600000000000:1,BTCUSDT,-1,1724258340000000000,1724183160000000000,59692.8,59753.9,59431.7,4.273322422258789,59614.8,0.0,5:1724253600000000000:1,OBSERVED_OPPOSING_STRUCTURE,59678.1,59700.1,59753.8,59339.9,CONTROL_REJECTION_RETURN,-0.5481111903064851,0.0663947229380998,-1.0,-0.6772908366534491,-1.101924447612278,-0.03320809123997509,-0.35361390667888115,-0.8423357664233859,-0.6200997861724746,0.0286060855267612,-0.04941497216857914,-0.705242812273497,-1.6870990734141087,0.009374978927307216,-0.022638802544115908,-0.2819148936170235,3.584962500721156,3.2445435716167785,2.553813257305741,-0.401015228426455,0.22335025380698756,0.8547885214921436,0.5115938638562119,0.03797380033440609,-0.32173548734538665,-0.15077422564901966,0.40269696114370035,-0.45238472059525514,-0.20638767387793414,-0.4138494452714946,-0.433337173257381,-0.6880750023407834,-0.1867626129150936,1.0,-0.0,-5.027792464418296,1.3862943611198906,0.0,4.174387269895637,0.9907341411261377,-0.16115272931358426,1.196520924019184,1.283739541651508,0.7841959350099971,0.0,-0.5559515324304946,0.43549536707054365,10.2357403237909,1.172962684124414,4.273322422258789,1.8610121168923763,1.0,0.0,0.0,-0.16115272931358426,-0.5046329294368793,0.3796119163136082,0.10976478973628749,0.18067463786944488,0.4909030384914768,-0.018260984735604686,-1.0014684287811826,0.0,1724258760000000000,-0.9569742459669972,0,7.0,False,2024-08,0.30217281076890723,-0.007623657389478901
SOLUSDT:5:1724250000000000000:-1:1724259120000000000:1,SOLUSDT:5:1724250000000000000:-1,SOLUSDT,-1,1724259120000000000,1724251860000000000,140.949,141.593,139.582,2.1226708074535208,139.9,0.0,5:1724250000000000000:-1,OBSERVED_OPPOSING_STRUCTURE,140.948,141.249,141.356,139.024,CONTROL_ACCEPTANCE_RETURN,-0.7200000000000097,-0.1562445968532073,-1.0,-0.50854700854708,-1.4999999999999798,-0.08288147473754602,-0.5591054313098806,-0.6530920060332317,-2.251428571428548,0.009656747552827754,-0.15579280347963861,-0.8458445040214726,1.7857142857142423,0.030969029478694003,0.018901019142952218,-0.21147145537390655,0.0,0.0,8.5714285714286,-0.39743589743600644,0.3803418803419063,1.1775862635240901,0.8530918093641142,-0.13783107285142948,-0.10217210167018093,0.6384880602727794,-1.280869851826294,0.22081861236152872,-0.5615403363392866,-0.7115931432285382,-1.7648062393370385,-0.7884068567714416,-0.4866223320915093,-0.0,-0.0,-1.7817550606206294,1.9740810260220096,0.0,4.804021044733257,2.5028571428570956,0.07132551790863156,2.4665027332086824,2.197488584474887,1.2286484768138375,0.0,-2.997142857142803,1.8399999999998895,45.6902851385946,0.2632378881987672,2.1226708074535208,3.905714285714244,1.0,1.0,1.584962500721156,0.07132551790863156,1.8428571428571272,0.5415942886287003,0.4828571428570817,-0.01922116460221448,0.6281035947247915,-0.11230379746835444,-0.9845559845559134,0.0,1724260920000000000,-0.9829693988823998,0,30.0,False,2024-08,0.4906292553663645,0.006303685917720344
SOLUSDT:5:1724251500000000000:1:1724263200000000000:1,SOLUSDT:5:1724251500000000000:1,SOLUSDT,1,1724263200000000000,1724260920000000000,141.378,140.83200000000002,141.98600000000002,1.1135531135532468,141.583,0.0,5:1724251500000000000:1,OBSERVED_OPPOSING_STRUCTURE,141.319,141.387,141.996,141.387,CONTROL_ACCEPTANCE_RETURN,-0.1590705987489313,0.0407641897145396,-0.36625514403299786,-0.8677042801556765,-0.5165326184093222,-0.05728450997140417,-0.24764353041988107,-0.9448051948052093,0.30205540661301655,-0.032223383604599073,0.03539267015706377,-0.07105719237439401,0.26094727435207615,-0.020872529465761982,0.005014425058386678,0.38633686690223445,0.0,0.0,6.953804347826175,-0.08771929824578024,-0.6140350877192151,0.653270614197105,0.5069955355184007,-0.07038433072633794,0.18907035047640328,-1.5970238367479794,-2.2329538844423347,-0.7679428104352773,-0.09207833884964037,-0.29506672332821027,1.2919347940334747,-0.22146589508111192,-0.9898793874204581,0.0,-1.0,0.8669304971555469,3.4781584227982836,0.0,3.6635616461296463,0.7381590705987685,-0.019471015790481248,2.995235213747757,1.4963680387409373,0.5444346371720425,0.0,-0.36639857015194377,0.9758713136728578,38.61987013537919,0.31012087912089964,1.1135531135532468,1.086684539767708,1.0,1.0,1.584962500721156,-0.019471015790481248,1.2153708668454102,0.8180179653152964,0.048257372654182736,-0.07838425246938667,0.7674253543187665,-0.07916753094102191,-1.0,0.0,1724264460000000000,0.6782638577816623,1,21.0,False,2024-08,0.35365753894114543,-0.01256312084812732
XRPUSDT:60:1724238000000000000:1:1724265060000000000:1,XRPUSDT:60:1724238000000000000:1,XRPUSDT,-1,1724265060000000000,1724261400000000000,0.6009,0.602,0.5996,1.1818181818181634,0.5997,3.584962500721156,60:1724238000000000000:1,OBSERVED_OPPOSING_STRUCTURE,0.6002,0.6009,0.6019,0.598,CONTROL_REJECTION_RETURN,0.058823529411757024,0.14471105126733255,0.1111111111110837,0.333333333333395,-1.3529411764705421,-0.17775246753840834,-0.4693877551020436,-0.5428571428571374,-0.2352941176470281,0.07036871844226213,-0.021276595744679345,-0.48717948717948856,-4.764705882352842,0.025405143514952787,-0.09236031927023929,-0.850746268656716,0.0,0.0,1.7500000000000029,0.5000000000000555,-0.2999999999999667,0.7918288483695692,0.9409833444645397,0.12497051360349445,0.6463740562471183,-0.0,-1.7156789717609477,-0.2328637241675248,-0.5631653069152968,-1.9611451048950985,-1.6557271432271137,0.6082039284245564,1.4204330255800857,-1.0,1.0,-0.6158590308370104,2.0149030205422647,0.0,4.127134385045092,1.2941176470587852,-0.17120106501332438,3.4679104585951084,1.7058823529411495,0.6162086775216034,0.0,-0.7058823529411495,0.6470588235293926,18.305874521550837,0.6561272727272788,1.1818181818181634,0.7647058823529066,1.0,0.0,1.584962500721156,-0.1712010650133245,-2.1764705882352056,1.1221044302911682,0.4705882352940562,0.17339832417534443,0.931636294938012,-0.19688099326763092,-0.1538461538461578,0.0,1724265420000000000,-0.9680683457059944,0,6.0,False,2024-08,0.3077993657762268,-0.017088366993768637
SOLUSDT:60:1724252400000000000:1:1724266980000000000:1,SOLUSDT:60:1724252400000000000:1,SOLUSDT,-1,1724266980000000000,1724265420000000000,142.8,143.01,141.87,4.4285714285718925,142.42,3.584962500721156,60:1724252400000000000:1,OBSERVED_OPPOSING_STRUCTURE,142.79,142.816,143.0,141.86,CONTROL_REJECTION_RETURN,-0.4583333333333484,-0.15914627687744942,-1.0,-0.7000000000000088,-1.7152777777778012,-0.014741746441961199,-0.562642369020545,-0.8853046594982059,-3.79166666666666,-0.05438081644304882,-0.27492447129909725,-0.7833152762730355,-7.620370370370336,0.0037253790557246333,-0.1491752764183437,-0.8922994076467481,1.584962500721156,3.7887247890836524,3.194349315068471,-0.11643835616453824,-0.8835616438354618,0.6023401244084069,0.5133343444111622,-0.009619385961947516,-0.010512821549029529,-0.0,-0.07011688484714895,-0.23638896664586428,-0.4151076954191335,-2.0496630143063164,-3.763988491432891,0.33438523652851515,-0.027678175233768698,-1.0,1.0,-0.48920025867642347,1.4853852637641214,0.0,3.6635616461296463,1.3425925925926148,-0.18093447150017397,2.6547408107902477,1.678571428571503,0.6638223103800949,0.0,-0.8796296296296805,0.4861111111110613,14.705882352939742,0.8166000000000796,4.4285714285718925,2.152777777777783,1.0,0.0,0.0,-0.18093447150017397,-1.0949074074073666,1.2931533036490432,0.3402777777777561,-0.06398698739403798,1.126931038199738,-0.27729817590753114,-1.005586592178638,0.0,1724267340000000000,-0.9639180993313561,0,6.0,False,2024-08,0.28582998023969564,-0.004599314858893883
ETHUSDT:5:1724265300000000000:1:1724268960000000000:1,ETHUSDT:5:1724265300000000000:1,ETHUSDT,-1,1724268960000000000,1724260920000000000,2639.13,2647.78,2625.6200000000003,1.5618497109826153,2643.8,0.0,5:1724265300000000000:1,OBSERVED_OPPOSING_STRUCTURE,2637.57,2643.03,2646.64,2625.61,CONTROL_REJECTION_RETURN,-1.072442120985864,-0.2758972844634527,-1.0,-0.4294234592445514,-1.690814040328644,-0.14542381677609817,-0.5314553990610247,-0.6412500000000136,0.082150858849848,0.056508263560308754,0.0058380214414576964,-0.2202166064982014,-5.042569081404113,-0.010949773918357922,-0.0875700352770291,-0.6955602536997918,1.584962500721156,4.765586907393996,2.5146853146852854,-0.45575959933224003,0.41402337228716335,1.051496690942646,0.9823679783799772,-0.15404950659821032,-0.34754042399791174,1.4863513605134493,1.4863513605134493,0.8518100596762157,-1.1579163554892031,-1.662073686830988,-0.4541770057898721,-0.028740353497656024,0.53632786463972,-0.0,-0.0,1.958423057810182,2.028148247292285,0.0,3.367295829986474,0.5929798356982581,0.06920892029060434,2.5082697795252082,0.7432655305112666,0.9210965719466861,0.0,0.6975354742345209,1.2920089619119004,32.7759526813764,0.3667220809248516,1.5618497109826153,2.0179238237490504,1.0,0.0,1.584962500721156,0.06920892029060433,-0.9663928304705476,0.5608971847430662,1.5847647498133275,0.0934518281457966,0.9263586181624268,-0.2765372149895943,-1.0,0.0,1724270040000000000,-0.9781638855560384,0,18.0,False,2024-08,0.37555289989711843,-0.008539311419937225
SOLUSDT:15:1724267700000000000:1:1724270820000000000:1,SOLUSDT:15:1724267700000000000:1,SOLUSDT,1,1724270820000000000,1724269980000000000,143.169,142.73000000000002,144.29000000000002,2.5535307517084904,143.189,1.584962500721156,15:1724267700000000000:1,OBSERVED_OPPOSING_STRUCTURE,142.97,143.302,144.3,143.302,CONTROL_ACCEPTANCE_RETURN,-1.4936708860759011,-0.1769720281956519,-0.4781199351701656,-0.7853196527229337,0.5569620253164584,-0.04541294619880633,0.07851534618129888,-0.6415094339622474,0.9215189873417924,-0.06068608602640213,0.058314642742711455,-0.018918918918919614,8.162025316455823,-0.019956857479469674,0.13904942637798676,0.5215736040609145,0.0,0.0,1.9616236162361467,-0.857815442561197,0.11393596986820753,1.7709847655764062,1.8296903519792456,-2.0911835989584753,-0.6004513239557814,-3.906759836356244,-6.899127771577973,-2.187450884366968,-1.5338919103425062,0.3029805438616262,0.42066037091820974,0.25398148145483224,0.5008586164235826,1.0,-1.0,-0.10509824288061453,1.2622417124499117,0.0,2.70805020110221,1.007594936708861,-0.05850518329976647,1.8107321730895474,1.0180018001800013,1.7709847655764062,1.0,-0.05063291139235952,1.1113924050632844,30.663062534486716,0.3907503416856554,2.5535307517084904,2.837974683544356,1.0,1.0,0.0,-0.05850518329976647,1.1670886075949807,0.7045739432917482,0.10886075949361615,-0.05789611890131821,1.0003068126806032,-0.4948283337118319,-1.0,1.0,1724273220000000000,-0.9770877271302444,0,40.0,False,2024-08,0.21803614265380458,-0.013531132228230797
ETHUSDT:5:1724271000000000000:-1:1724272860000000000:1,ETHUSDT:5:1724271000000000000:-1,ETHUSDT,1,1724272860000000000,1724272200000000000,2637.42,2635.7799999999997,2642.08,2.8414634146334903,2639.26,0.0,5:1724271000000000000:-1,OBSERVED_OPPOSING_STRUCTURE,2637.38,2638.15,2642.09,2637.31,CONTROL_REJECTION_RETURN,-0.4356992269852291,-0.3882822693732712,-0.9935897435896044,-0.8010752688172522,-0.7013352073084715,-0.14681740583223152,-0.2641609317098833,-0.5919899874843402,-0.26141953619116304,-0.02645888742616537,-0.017292673856453552,-0.7484108397457225,4.778636683063944,0.0006174809400460216,0.08283793002631348,0.18939041414611424,0.0,0.0,3.502523431867362,-0.8498168498167376,0.12087912087892685,0.34519091396224055,0.5559901236451724,-0.04780544849516921,-0.19417746688131476,-0.896514397217274,-0.896514397217274,-0.37603116025133554,-0.4757788709299516,-0.5316199846066064,-0.07010370748952703,-0.16971522270186512,-0.191315828701636,1.0,0.0,-1.063489112020179,1.6094379124341003,0.0,2.4849066497880004,0.48770203794803235,-0.23361874955642187,1.407849153307515,1.6501766784452978,0.34519091396224055,0.0,-0.2586085734364221,0.2304989458890127,6.218198087526171,1.9292195121947366,2.8414634146334903,0.6549543218552142,1.0,0.0,0.0,-0.23361874955642198,-0.5270555165144055,0.480839100348585,0.22347153900206448,-0.06714860068157452,0.41131315970462273,-0.39278317223684506,-1.0,0.0,1724272980000000000,-0.9479558980058582,0,2.0,False,2024-08,0.18381122656425897,-0.02210750755616448
BTCUSDT:5:1724278500000000000:1:1724280120000000000:1,BTCUSDT:5:1724278500000000000:1,BTCUSDT,1,1724280120000000000,1724279400000000000,61347.0,61221.9,61474.6,1.0199840127897684,61357.5,0.0,5:1724278500000000000:1,OBSERVED_OPPOSING_STRUCTURE,61299.9,61362.0,61474.7,61362.0,CONTROL_ACCEPTANCE_RETURN,-0.14726471350791637,-0.2301885390545184,-1.0,-0.50188679245294,0.25771324863882533,0.12908467787569688,0.13878804803127143,-0.43887323943658696,0.4568317345086814,0.013039004036212533,0.05558710328727216,0.27730616864742963,4.625356494685024,0.018969461744213968,0.08901662575095325,0.4007776883883054,0.0,0.0,1.0728545501685405,-0.3397260273973001,0.06301369863001738,0.7143290879403423,0.5896762009399314,0.06398244049530759,-0.3547455510007817,0.0,0.10191155128236318,0.5482264747033205,-0.45873464349210996,-0.27464454726548615,-0.6991887913377417,0.5323577959043115,1.1560205258464231,0.0,0.0,1.2296819172113271,1.3862943611198906,0.0,2.5649493574615367,0.5107596577651062,0.14531779804472042,1.6691610058281199,1.089590443686009,0.7279179839697363,1.0,-0.05444646098003671,0.6486906922478584,20.392195217369807,0.587860431654683,1.0199840127897684,0.6616541353383433,1.0,1.0,0.0,0.14531779804472042,0.5304640912626207,0.6214054761142954,0.24526834327198999,0.21341554098555704,0.9493686876247678,-0.2301885390545184,-1.0,1.0,1724280660000000000,-0.970041935838803,0,9.0,False,2024-08,0.47368175246288385,-0.010615232412621915
XRPUSDT:15:1724270400000000000:-1:1724280120000000000:1,XRPUSDT:15:1724270400000000000:-1,XRPUSDT,1,1724280120000000000,1724274540000000000,0.6013,0.5989,0.6037,1.0000000000000462,0.5994,1.584962500721156,15:1724270400000000000:-1,OBSERVED_OPPOSING_STRUCTURE,0.6013,0.602,0.6038,0.602,CONTROL_REJECTION_RETURN,-0.1764705882353479,-0.41057960283365036,-1.0,-0.6666666666667284,-0.6470588235295002,0.12196903762330595,-0.5789473684211018,-0.8666666666666865,-0.9411764705883044,0.03391394271239367,-0.15094339622642655,-0.9047619047619149,0.8235294117647174,-0.04886572757689186,0.01971830985915455,-0.14705882352943,0.0,0.0,1.7254901960783802,-0.6000000000000888,0.0,0.7576523557471428,0.870828357797482,-0.05215323214239252,-1.0397584955783024,0.5207322536593395,2.008960131855142,0.8325013372052354,-0.45873464349210996,-0.27464454726548615,-0.6991887913377417,-0.372414276264014,-0.24198767925056275,-1.0,0.0,0.1050505050504753,1.7227665977411035,0.0,4.543294782270004,0.23529411764710875,-0.3422802607971718,2.372264439013516,0.5681818181818366,0.7548954697122612,0.0,1.1176470588235217,1.4117647058823914,39.91352070513817,0.30005000000000526,1.0000000000000462,1.4117647058824567,1.0,0.0,1.584962500721156,-0.3422802607971717,-0.5294117647059131,0.4996289067728746,1.705882352941261,-0.18665675809837454,0.4427255752101669,0.08624246508879405,-0.09756097560976039,0.0,1724282700000000000,-0.9810927191258543,0,43.0,False,2024-08,0.3478841108855058,-0.013623507395366084
SOLUSDT:5:1724274300000000000:1:1724280540000000000:1,SOLUSDT:5:1724274300000000000:1,SOLUSDT,1,1724280540000000000,1724275260000000000,143.157,142.59,143.775,1.0899470899470671,143.081,0.0,5:1724274300000000000:1,OBSERVED_OPPOSING_STRUCTURE,142.85,143.271,143.874,143.271,CONTROL_ACCEPTANCE_RETURN,-0.1376720901125905,-0.14874531622572953,-0.24017467248897456,-0.8249999999998816,-1.2991239048810794,-0.15451984756314058,-0.5258358662613777,-0.9325842696628721,-1.0162703379223743,-0.0800334887849556,-0.11707035755478049,-0.9352850539290756,2.853566958698488,-0.05541442801324447,0.053657158994635384,-0.001314060446774401,0.0,0.0,1.3016270337922304,-0.7613636363634492,0.2386363636365508,0.5586117195095173,0.5446366736089169,-0.10690249898687836,-0.17566417587233177,-0.8243800178375782,-1.1035653550239832,-0.4140304674280921,-0.09526420737785476,-1.1562123154346406,-1.0239678993960122,-0.14291158944643878,0.007697561473637871,0.0,-1.0,0.48975148901216237,1.4350845252893227,0.0,4.48863636973214,1.4092615769712942,0.5191439468470775,2.1873200663005097,0.9041614123581069,0.7786025204772439,1.0,0.19023779724661805,1.4192740926158267,39.60686518996677,0.3023777777777739,1.0899470899470671,1.5469336670838845,1.0,1.0,0.0,0.5191439468470775,1.9173967459324457,0.9486649375428421,0.1301627033792088,-0.15292517006802722,0.9762128585009873,-0.14887848163667736,-0.5440806045339659,1.0,1724283000000000000,-0.9809825210135705,0,41.0,False,2024-08,0.36922003061474246,-0.011879877828018116
ETHUSDT:15:1724268600000000000:-1:1724281560000000000:1,ETHUSDT:15:1724268600000000000:-1,ETHUSDT,1,1724281560000000000,1724273640000000000,2626.87,2622.0099999999998,2634.4799999999996,1.5658436213990685,2625.61,1.584962500721156,15:1724268600000000000:-1,OBSERVED_OPPOSING_STRUCTURE,2624.2,2629.01,2646.62,2623.5,CONTROL_REJECTION_RETURN,-0.22768798313420785,-0.04584329024705215,-0.9642857142854823,-0.33628318584070527,-0.44694307800425676,-0.16261611601865378,-0.20410783055199744,-0.6178343949044542,-1.3829936753338206,-0.11660243612130287,-0.15769230769230635,-0.801324503311257,-1.7680955727336487,-0.027979337295970602,-0.03441483832138725,-0.7664339032025097,0.0,0.0,2.3875188726723633,-0.4155495978552746,0.21983914209119562,1.1735826686996274,1.0842835450730108,-0.18408374955871307,-0.04080622358183855,-0.29000144931567995,-0.2519831168767972,0.3395475520859965,-0.5610132500454312,-0.7548245614035654,-1.8776904559615402,0.3078814833993086,0.4946967806277196,-1.0,0.0,0.7015540615011626,1.8870696490323797,0.0,4.890349128221754,0.504567814476478,-0.17797676675282914,2.4574318372676767,0.9400285578296156,0.7157781924540936,1.0,0.17709065354880701,0.6830639494026874,18.501105878860116,0.6480098765431928,1.5658436213990685,1.0695713281798542,1.0,0.0,1.584962500721156,-0.17797676675282917,-2.2473647224174584,0.5374593850774909,1.651440618411804,0.09574622303855126,0.40531421390176736,-0.11295360159299245,-0.3289473684210675,1.0,1724283300000000000,-0.9682439215837888,0,29.0,False,2024-08,0.20198531757000854,-0.020312675338676516
ETHUSDT:5:1724281800000000000:-1:1724284260000000000:1,ETHUSDT:5:1724281800000000000:-1,ETHUSDT,-1,1724284260000000000,1724283240000000000,2626.91,2629.01,2622.5800000000004,2.0619047619041537,2625.37,0.0,5:1724281800000000000:-1,OBSERVED_OPPOSING_STRUCTURE,2626.75,2627.05,2627.57,2618.0,CONTROL_ACCEPTANCE_RETURN,-0.37044334975363974,0.07565473974791269,-0.930693069306768,-0.6398713826366531,-1.196059113300478,-0.22976916677994458,-0.4115254237287938,-0.8589420654911906,0.6187192118227468,-0.013662085082420847,0.05470383275261843,-0.17082785808146794,2.7231527093597356,0.01302665667993169,0.04155641087322627,0.6087815587266819,0.0,0.0,1.540726202159022,-0.4851485148514985,0.03960396039600394,0.640430819096822,0.7565507619186009,-0.18996284116988768,-0.10034031008574265,0.20057152015473534,-1.3360169840026526,-0.459297323221257,-0.4561366061899471,-0.9296874999999989,0.7731768054073466,-0.2663716133004792,-0.15445759358459976,1.0,-0.0,0.482062601773116,1.7578579175523736,0.0,2.8903717578961645,0.9339901477832417,0.3250051358743557,1.8846890519319712,1.2089552238805952,0.7562669712461931,0.0,-0.3034482758620727,0.4137931034483624,7.994183279976718,1.5016914285711684,2.0619047619041537,0.8532019704432764,1.0,1.0,0.0,0.32500513587435564,0.7645320197044824,0.7499344960264203,0.1694581280787593,0.6476006475589776,1.613198175443324,-0.21506097443315814,-0.420658682634704,0.0,1724284500000000000,-0.9523786579017599,0,4.0,False,2024-08,0.15971642397655625,-0.023669466975881535
SOLUSDT:15:1724274000000000000:-1:1724284320000000000:1,SOLUSDT:15:1724274000000000000:-1,SOLUSDT,-1,1724284320000000000,1724283240000000000,142.483,142.887,142.01899999999998,1.148514851485226,142.464,1.584962500721156,15:1724274000000000000:-1,OBSERVED_OPPOSING_STRUCTURE,142.274,142.557,142.274,142.009,CONTROL_ACCEPTANCE_RETURN,-0.5139318885448698,-0.261572347152652,-1.0,-0.6783216783217338,-0.8142414860681088,-0.1289271925490842,-0.23131046613898404,-0.8230769230769563,1.8637770897832504,0.025779568661568754,0.1628787878787915,0.22422258592468958,1.4427244582043262,0.04700554257981161,0.023654822335026016,0.5862068965517131,0.0,0.0,2.239067055393565,-0.31623931623939516,-0.4273504273505602,0.5698079531523422,0.6664789334777529,0.10131849019678126,-0.28985401483393003,-0.0,-1.3999369867057077,-0.6143300533173398,-0.6872465314834866,-0.8950644841269971,0.7509031271704583,0.08082299805888837,1.1128739626127921,-0.0,-0.0,-0.026658451427442387,2.4218485138208634,0.0,2.9444389791664403,1.4086687306501608,0.06175320094906269,2.2531008360836333,1.0417582417582527,0.7124637863687322,1.0,-0.058823529411780234,1.2507739938080091,28.354259806432793,0.4238168316831721,1.148514851485226,1.4365325077399884,1.0,1.0,0.0,0.06175320094906269,0.5572755417956738,0.994525140477379,0.7832817337461562,0.11761370080526257,1.0552647668574828,-0.11851669941060904,-0.34564958283671315,1.0,1724284860000000000,-0.9743492452342738,0,9.0,False,2024-08,0.6820818453449439,0.002363048997571641
XRPUSDT:5:1724285700000000000:-1:1724287320000000000:1,XRPUSDT:5:1724285700000000000:-1,XRPUSDT,1,1724287320000000000,1724286360000000000,0.5997,0.599,0.6005,1.1428571428571201,0.5995,0.0,5:1724285700000000000:-1,OBSERVED_OPPOSING_STRUCTURE,0.5994,0.5997,0.6006,0.5993,CONTROL_REJECTION_RETURN,-0.555555555555487,-0.01878825532921274,-0.7142857142857143,-0.8000000000000222,0.33333333333329224,-0.01568368913215468,0.14285714285712775,-0.3846153846154372,0.22222222222219482,-0.08188873239250465,0.017543859649120756,-0.29999999999996674,-2.7777777777776818,-0.130912746104599,-0.05070993914807319,-0.49090909090910195,0.0,0.0,1.6666666666665844,-0.8571428571428571,0.14285714285714285,0.9874200314504267,1.0829869707649538,-0.6020516587520659,-0.16709337782544975,-2.5711246547355238,0.34839588308743785,-1.3954050679031174,-0.5960918614020916,0.5413496628935076,1.3363641986762955,-0.20801632956021537,-1.1141419764541007,-1.0,0.0,-0.3255060728745236,1.1631508098056809,0.0,2.833213344056216,0.444444444444513,-0.22583435234801363,1.5482558452242339,0.8181818181818366,0.9874200314504267,1.0,0.22222222222219482,0.7777777777778052,11.672502918126295,1.027457142857093,1.1428571428571201,0.8888888888889026,1.0,0.0,0.0,-0.22583435234801358,-0.8888888888887793,0.5542597340279024,0.555555555555487,-0.24164018257630696,0.6134601970590366,-0.26123220772327577,-1.0,1.0,1724288220000000000,-0.9594575646130811,0,15.0,False,2024-08,0.5112541992655233,-0.011578955880197165
BTCUSDT:15:1724274000000000000:-1:1724288940000000000:1,BTCUSDT:15:1724274000000000000:-1,BTCUSDT,-1,1724288940000000000,1724288280000000000,60839.0,60986.1,60687.4,1.0305914343983689,60865.2,1.584962500721156,15:1724274000000000000:-1,OBSERVED_OPPOSING_STRUCTURE,60830.0,60920.0,60830.0,60687.3,CONTROL_ACCEPTANCE_RETURN,-0.9358341559723612,-0.43782913449479216,-0.6879535558780908,-0.9546391752577921,1.1253701875616655,0.04977176277384657,0.21582733812949165,-0.14188934888971594,2.3326752221124987,0.03681328287781736,0.15969453267554304,0.33697552447553514,1.7305034550838883,0.004030349767672577,0.026346243443497994,0.6146812293624633,0.0,0.0,3.1715369172429035,-0.9566037735848507,0.039622641509269224,0.9503772197106592,0.7548346899875152,-0.0319490906666261,-0.6274629565570203,-0.016436852079415587,-0.016436852079415587,-0.4847722293197423,-0.8032237806154316,0.9744497996632241,0.9248225152130573,0.15092038789844142,1.4078527068994413,-0.0,-0.0,3.4225976282728383,2.8253392876253103,0.0,2.4849066497880004,1.7561697926948576,0.24090750087451904,1.950828249523668,0.8527262507026535,0.9503772197106592,1.0,0.25863770977291545,1.452122408687012,24.17856966748279,0.4969072739632952,1.0305914343983689,1.496544916090762,1.0,1.0,0.0,0.24090750087451895,1.0848963474827078,0.7915898579871543,0.7690029615004859,0.14720565325200533,1.398060210592273,-0.7782524162943301,-1.0,1.0,1724293560000000000,0.45502313582315124,1,77.0,False,2024-08,0.6143648976438771,-0.0034163575082307475
XRPUSDT:5:1724285700000000000:-1:1724289000000000000:1,XRPUSDT:5:1724285700000000000:-1,XRPUSDT,-1,1724289000000000000,1724286360000000000,0.5994,0.6007,0.5977,1.3076923076923668,0.5995,0.0,5:1724285700000000000:-1,OBSERVED_OPPOSING_STRUCTURE,0.5994,0.5997,0.6001,0.5976,CONTROL_ACCEPTANCE_RETURN,-1.0,-0.18962980221412423,-1.0,-0.8181818181818366,-0.11111111111109741,0.12206688296816723,-0.02222222222222003,-0.8947368421052755,0.8888888888887793,0.08324631531762294,0.06779661016948642,-0.058823529411791586,0.22222222222219482,0.07987687217308977,0.004255319148935809,0.41935483870966817,0.0,0.0,1.6666666666665844,-0.6666666666667284,-0.0,0.9340728152247393,0.93676926321775,-0.39404013335332555,-0.13202921280878865,-0.0,-0.19775790637388546,-0.6524779412531653,-0.85660456353365,0.026566401486536953,0.45442444219062994,-0.13767751259763436,0.4344644466981493,1.0,-0.0,-0.46806649168854664,1.1631508098056809,0.0,3.8066624897703196,2.1111111111110974,0.1618670136504053,2.8055846109366134,0.9473684210526377,0.9340728152247393,1.0,0.11111111111109741,1.4444444444443896,21.688355021687816,0.5538923076923213,1.3076923076923668,1.8888888888889026,1.0,1.0,1.584962500721156,0.16186701365040534,0.7777777777776819,0.7108803687022953,2.0,0.10818504552173826,0.6702541966929005,-0.17891128145375756,-1.0,1.0,1724294580000000000,0.5869471009615737,1,93.0,False,2024-08,0.4916738060741882,-0.006900957688448495
BTCUSDT:5:1724268000000000000:-1:1724298540000000000:1,BTCUSDT:5:1724268000000000000:-1,BTCUSDT,-1,1724298540000000000,1724294580000000000,60405.2,60734.7,60042.1,1.1019726858877041,60511.8,0.0,5:1724268000000000000:-1,OBSERVED_OPPOSING_STRUCTURE,60353.0,60470.5,60353.0,60042.0,CONTROL_ACCEPTANCE_RETURN,-0.703645007923904,-0.2854924680164334,-1.0,-0.8119440914866143,-1.0079239302693366,0.08633416143258417,-0.2684299380979059,-0.8519533927347114,-1.446381405176884,-0.027195537046609358,-0.05370944328926018,-0.9470163232539393,6.4902271526676545,0.02841462849312024,0.08505836252613659,0.034436998208480896,0.0,0.0,4.074592074592105,-0.7516556291390489,0.24172185430475543,0.1057107243840526,0.33932200255372214,0.3762174908484212,-0.4656097648342172,-0.0,-1.317594324395932,-0.41119056398942777,-0.25911256375002667,-0.521253436988836,-0.9212856005365377,-0.4866704932805006,-0.5250958046403462,1.0,-0.0,-2.3298493446027337,4.4953553199808844,0.0,4.204692619390966,8.81352350765971,0.17060648518495705,3.409952049293368,0.7730949340144633,0.29535205407698,0.0,1.1262546222927012,3.4812466983623342,54.5482839225762,0.22058858877086493,1.1019726858877041,3.836238774432044,1.0,1.0,1.584962500721156,0.17060648518495714,1.9619651347067537,1.082116829223879,1.7411516111991587,0.01990795979390113,1.9158912457050223,0.056659022222262316,-0.08209291835813644,0.0,1724302200000000000,-0.9852029848358376,0,61.0,False,2024-08,0.339650440328219,-0.012344394530131423
ETHUSDT:5:1724289900000000000:-1:1724302800000000000:1,ETHUSDT:5:1724289900000000000:-1,ETHUSDT,-1,1724302800000000000,1724290680000000000,2625.14,2628.2900000000004,2615.9,2.933333333332756,2624.4,0.0,5:1724289900000000000:-1,OBSERVED_OPPOSING_STRUCTURE,2624.36,2626.91,2627.21,2582.27,CONTROL_ACCEPTANCE_RETURN,-0.6704035874438917,-0.41402878987239944,-0.9143730886850808,-0.6073059360730111,-1.4865470852017042,-0.2497934415085781,-0.4501018329938938,-0.8152524167561477,-2.233183856502232,-0.09141351095054027,-0.18109090909091274,-0.874269005847933,0.5336322869955358,-0.02862258678196935,0.007547887859952213,-0.7843912591050877,0.0,0.0,1.3273542600896915,-0.7234726688102597,0.2765273311897402,1.7432207690294517,1.0132664043445945,-0.2859565247982649,-0.3090323262690268,-2.5321076973594536,-2.5767856158886993,-3.5612073729801867,-0.753019335813161,-0.6126654602727711,-2.0552874984016225,-0.8738816249289331,-0.17789635810060966,1.0,-1.0,0.061600000000118116,1.2809338454620645,0.0,5.313205979041787,0.9798206278026581,0.20045440635020054,1.9931193275280732,1.017564680750054,1.7432207690294517,1.0,-0.16591928251116048,0.7062780269059462,11.999360034133593,1.00065333333316,2.933333333332756,2.071748878923701,1.0,1.0,1.584962500721156,0.20045440635020068,0.7713004484304992,0.35245754688921743,0.6345291479820413,0.014616175407963942,0.5476615846918405,-0.54300011707411,-1.0,1.0,1724305800000000000,1.0879410351503767,1,50.0,False,2024-08,0.37898331848530925,-0.006743900227197702
ETHUSDT:5:1724301300000000000:1:1724303280000000000:1,ETHUSDT:5:1724301300000000000:1,ETHUSDT,1,1724303280000000000,1724302800000000000,2619.85,2618.79,2624.35,4.245283018868143,2624.0,0.0,5:1724301300000000000:1,OBSERVED_OPPOSING_STRUCTURE,2619.75,2620.0,2626.0,2619.29,CONTROL_ACCEPTANCE_RETURN,-0.17305315203961935,-0.3221158647724151,-0.16826923076928385,-0.3839285714285877,-0.40543881334977583,-0.013688146216040854,-0.10148514851484737,-0.798245614035076,1.6242274412854365,0.05337895613786609,0.1125964010282737,0.10087719298243214,-1.1322620519159072,0.027707020139653683,-0.014687018984094295,0.5642039542143511,1.584962500721156,2.528391761727739,2.233702337023322,-0.5869565217390444,-0.09782608695667218,0.45670359967232654,0.7065453943829118,-0.27737061010925984,0.28688276117509515,0.0,1.2336226054066035,0.4108245969147367,-0.6098946377067634,-0.7027194066748262,1.6072526095316135,0.2972805933250504,0.016974831753822972,-1.0,0.0,-0.5380038095239017,1.7578579175523736,0.0,2.302585092994046,0.49443757725586257,0.2309618971173557,1.679160888021606,3.0750000000000455,0.7181891213102315,0.0,-1.0259579728059374,0.2620519159455937,4.046033169837759,2.965267924528454,4.245283018868143,1.1124845488256907,1.0,1.0,0.0,0.23096189711735562,0.6205191594561614,0.6271201449101752,0.5562422744128454,0.54300011707411,1.7449664928423743,-0.3221158647724151,-0.16626506024097337,0.0,1724303340000000000,-0.9413269806809613,0,1.0,False,2024-08,0.16476121223029386,-0.02280179542572197
SOLUSDT:5:1724302500000000000:-1:1724304180000000000:1,SOLUSDT:5:1724302500000000000:-1,SOLUSDT,1,1724304180000000000,1724303760000000000,141.891,141.791,142.08,1.8900000000003212,141.803,0.0,5:1724302500000000000:-1,OBSERVED_OPPOSING_STRUCTURE,141.859,141.909,142.09,141.801,CONTROL_REJECTION_RETURN,-0.6018348623853611,-0.4330426277610237,-0.9111111111113076,-0.9899999999999531,-0.1908256880734657,-0.25225610704838963,-0.060046189376464644,-0.3771626297577957,0.5100917431191836,0.0346525886696627,0.040798356325206585,-0.18014705882355941,-4.154128440366869,-0.007195886301138058,-0.061057173678533104,0.06805877803557103,0.0,0.0,1.4201388888888766,-0.6101694915251787,-0.3559322033899285,0.5436595109364448,0.4320797847185182,0.04466933866091288,-0.2516790429096718,-0.9865755258808839,-0.9161653868205999,-0.7131920725867424,-0.4662589194699737,0.14720799748258084,0.7518692514833414,-0.3380336855560465,-0.2417775083641578,0.0,0.0,0.8606522940851575,1.6486586255873816,0.0,2.0794415416798357,0.007339449541319234,-0.3154675578535847,1.3949397078868762,0.6933797909407945,0.6306028607643948,0.0,0.3229357798164818,0.3669724770641886,7.0476633472168295,1.7020920000000967,1.8900000000003212,0.6935779816514344,1.0,0.0,0.0,-0.3154675578535847,-0.24587155963304705,0.4743356453527229,0.7119266055046282,0.2596243258322485,0.4150611867600666,-0.5318279813911267,-0.929347826086938,0.0,1724304360000000000,0.2652698889199156,1,3.0,False,2024-08,0.27924399985051396,-0.019740201618420404
XRPUSDT:5:1724292300000000000:-1:1724305560000000000:1,XRPUSDT:5:1724292300000000000:-1,XRPUSDT,-1,1724305560000000000,1724293020000000000,0.5993,0.5998,0.5984,1.800000000000222,0.5987,0.0,5:1724292300000000000:-1,OBSERVED_OPPOSING_STRUCTURE,0.5992,0.5994,0.5997,0.5917,CONTROL_ACCEPTANCE_RETURN,-0.5882352941177392,-0.6093694560225434,-0.7142857142857596,-0.20000000000008877,-1.882352941176609,-0.2487113846606532,-0.5333333333333679,-0.6190476190476593,-1.0588235294118262,0.006120087541581285,-0.08108108108107892,-0.7714285714286004,-0.3529411764706958,0.0673688500734532,-0.004815409309792488,-0.7272727272727331,0.0,0.0,2.1176470588236525,-0.6000000000000444,0.3999999999999556,1.8244724883750068,1.3862943611198781,-0.4039974530304516,-1.238712772751026,1.6683350016677423,-0.0011140801348119567,0.7337426719858184,0.5308191003150012,0.4364979751630712,0.1613360320022592,-2.31885091633968,-1.2201595614140854,-0.0,-1.0,0.2491467576791374,1.2237754316221157,0.0,5.3471075307174685,0.35294117647056517,0.05507164117474606,1.79555935883598,1.085714285714292,0.745900937140205,0.0,-0.705882352941261,0.5882352941176087,8.34306691139571,1.4389200000001585,1.800000000000222,1.0588235294118262,1.0,1.0,0.0,0.05507164117474612,0.35294117647056517,0.6954288465841697,0.35294117647056517,0.29699780061147085,0.45503018081628155,0.03112783543772972,-0.04109589041096182,0.0,1724305740000000000,-0.9531573835968692,0,3.0,False,2024-08,0.31952154644576863,-0.01758972649838841
BTCUSDT:15:1724302800000000000:1:1724307660000000000:1,BTCUSDT:15:1724302800000000000:1,BTCUSDT,1,1724307660000000000,1724302380000000000,60705.1,60628.700000000004,60791.4,1.129581151832585,60832.8,1.584962500721156,15:1724302800000000000:1,OBSERVED_OPPOSING_STRUCTURE,60699.9,60829.8,60925.6,60829.8,CONTROL_ACCEPTANCE_RETURN,-1.0882501260716073,-0.7122275700305118,-1.0,-0.6568694463431572,-1.8103883005546886,-0.3107542723739491,-0.44998746553019825,-0.7956026058632029,-0.2702975289964954,-0.04246282492261256,-0.021484688151356752,-0.21991701244813278,-0.4004034291477941,-0.030209585791356214,-0.00570066483824248,0.6466346153846154,3.584962500721156,1.4701758451005928,1.8618677042801501,-0.6347826086956944,0.36231884057971014,1.4321477514093137,1.0861133185847547,-0.04596352192537123,-0.6680651381999554,1.0049588955340916,1.0049588955340916,2.107649877017665,-0.9992936054205813,-1.2995926892820473,0.2923335208980892,-0.5107956112726413,-0.5626310498945846,-1.0,1.0,0.8977541875600024,1.6739764335716716,0.0,2.833213344056216,0.8663640948057783,0.41118064355982925,2.715882559747236,2.3760775862070083,1.0294505122677973,0.0,-1.2879475542108167,0.7705496722137475,12.585433513822426,0.952883246073371,1.129581151832585,0.8703983862834256,1.0,1.0,0.0,0.4111806435598292,1.583459404941984,1.3411895980547326,0.45083207261721064,0.06779221919733025,1.5846171629035282,-0.5091454373260119,-0.6665133394664012,0.0,1724309460000000000,0.2429022531862341,1,30.0,False,2024-08,0.5464104352175759,-0.00984868636179523
XRPUSDT:15:1724286600000000000:1:1724307660000000000:1,XRPUSDT:15:1724286600000000000:1,XRPUSDT,1,1724307660000000000,1724306280000000000,0.6,0.5972000000000001,0.6039,1.392857142857191,0.601,1.584962500721156,15:1724286600000000000:1,OBSERVED_OPPOSING_STRUCTURE,0.5994,0.6016,0.604,0.6016,CONTROL_ACCEPTANCE_RETURN,-2.0,-0.6245197592746915,-1.0,-0.6521739130435118,-4.0,-0.4201955658160655,-0.6428571428571457,-0.8095238095238296,2.9999999999998765,0.026339625538029432,0.16981132075471198,-0.1428571428571429,1.555555555555487,-0.059928205504532366,0.021671826625385922,0.3495934959349576,0.0,0.0,1.3333333333332897,-0.6153846153846483,0.23076923076921105,2.126213171085845,1.4128315448851503,-0.5485510159075188,-0.47231794971770524,0.0,2.707876913990992,0.7127732357107274,-0.9992936054205813,-1.2995926892820473,0.2923335208980892,-2.700407310717953,2.7076664791017873,0.0,1.0,-0.5836177474402269,3.12968024606373,0.0,3.1780538303479458,3.333333333333292,0.18683692493120346,3.6405744841981225,1.3333333333333333,1.0324968906504115,1.0,-1.1111111111110974,3.111111111110974,46.66666666666523,0.256542857142865,1.392857142857191,4.333333333333292,1.0,1.0,1.584962500721156,0.18683692493120338,3.4444444444443896,1.2453781711278409,0.33333333333329224,0.10258493656649198,1.2054458224327294,-0.5301650400121499,-0.733333333333353,1.0,1724324100000000000,0.9431705951093383,1,274.0,False,2024-08,0.6425479857524198,0.007272437673859841
BTCUSDT:5:1724307900000000000:-1:1724309760000000000:1,BTCUSDT:5:1724307900000000000:-1,BTCUSDT,1,1724309760000000000,1724308920000000000,60733.7,60677.9,60791.4,1.0340501792116286,60680.0,0.0,5:1724307900000000000:-1,OBSERVED_OPPOSING_STRUCTURE,60726.0,60748.4,60803.3,60748.4,CONTROL_REJECTION_RETURN,-0.3359173126614987,-0.18833381093386817,-0.7719714964369478,-1.0,0.25529715762270894,0.11306290741775167,0.11926605504585415,-0.11093375897851887,0.9540051679586112,-0.009362950190425014,0.08114285714285072,-0.29837618403249255,8.411369509043883,0.0396459600770734,0.1413878175058185,0.6183752610122264,0.0,0.0,2.512531969309448,-0.6721854304635754,-0.3278145695364246,0.36337573552966895,0.6269584357541134,-0.17904391226711364,0.028205126397108468,-1.1116559031221218,-0.46311474549143306,-1.4368413530237572,-0.19143239625164493,0.5375669344042173,1.3422921967768802,-0.2822697767815084,-0.38828702881826893,1.0,1.0,-0.4150035963530795,1.4816045409242156,0.0,2.70805020110221,0.020671834625323,0.05063482957558961,1.0456003642558787,0.5644768856448027,0.36337573552966895,0.0,0.5550387596898924,0.5767441860464665,9.187650348981807,1.3055010752689193,1.0340501792116286,0.5963824289406136,1.0,0.0,0.0,0.050634829575589686,-0.27596899224803195,0.3140960481622728,0.7565891472867916,0.17381841996734718,0.4036656077370761,-0.06268262795739458,-1.0,0.0,1724310240000000000,0.06753593399753703,1,8.0,False,2024-08,0.37738554277269437,-0.018200503920104416
BTCUSDT:15:1724302800000000000:1:1724313060000000000:1,BTCUSDT:15:1724302800000000000:1,BTCUSDT,-1,1724313060000000000,1724302380000000000,60879.7,60925.7,60829.9,1.082608695652079,60832.8,1.584962500721156,15:1724302800000000000:1,OBSERVED_OPPOSING_STRUCTURE,60845.9,60890.6,60925.6,60678.0,CONTROL_REJECTION_RETURN,-0.7271810388300302,-0.36436504916027107,-1.0,-0.9974937343356938,-1.199193141704412,-0.23240972747400931,-0.44382232176179115,-0.9987692307691591,-0.9167927382752682,-0.11353998752779772,-0.08972460763990954,-0.9990089197224399,-4.580937972768436,-0.015153784159123617,-0.09286064769381555,-0.8262679788039313,3.584962500721156,1.766441661243765,1.8618677042801501,-0.19502074688779894,-0.7966804979249981,1.0349138821447286,0.6096405754875089,-0.03691962045258737,0.04502613150297931,0.3379484175314307,0.3379484175314307,0.18211368447172102,-0.7042536855036069,-1.1365939803439116,-1.3755413083537538,-0.06259916136050037,0.4587485700784856,-1.0,-1.0,-0.03957543593635782,1.6739764335716716,0.0,4.672828834461906,0.935955622793689,-0.41118064355982925,2.715882559747236,1.3029715762273468,1.266495262779104,0.0,-0.47302067574375684,0.4639435199193074,7.555884802323271,1.5887660869565214,1.082608695652079,0.5022692889560757,1.0,0.0,0.0,-0.4111806435598292,-1.583459404941984,1.3411895980547326,0.6354009077155731,0.14010440947329078,1.4766351349621951,-0.36436504916027107,-0.9986149584487736,0.0,1724313420000000000,-0.9513628756964259,0,6.0,False,2024-08,0.27500094515138207,-0.02200979613744229
SOLUSDT:15:1724286600000000000:1:1724315700000000000:1,SOLUSDT:15:1724286600000000000:1,SOLUSDT,1,1724315700000000000,1724313000000000000,143.176,142.88,143.58100000000002,1.3682432432433789,143.194,1.584962500721156,15:1724286600000000000:1,OBSERVED_OPPOSING_STRUCTURE,143.075,143.259,143.591,142.89,CONTROL_ACCEPTANCE_RETURN,-0.672605790645908,-0.3292993976230531,-0.6213991769547883,-0.6588628762542703,0.6547884187081842,0.00189018557489956,0.13183856502241942,-0.3996627318718653,2.360801781737134,0.02211881568175854,0.13060620995564642,0.0897832817337354,5.380846325166884,-0.01472001586843056,0.09004174120453047,0.5172413793103416,0.0,0.0,1.6166180758017041,-0.790322580645298,0.20161290322586006,1.2303699551699723,1.0987019024328113,-0.41959897842288985,-0.9297014112376599,-0.44415736826786123,0.3923593760091215,-0.0541178517884708,-0.8416912487708816,0.3399463663180296,1.836018455487487,0.31484205239015456,0.5247833262496471,1.0,0.0,0.0,3.41224721784874,0.0,3.828641396489095,1.8841870824053017,0.3622000337864872,3.098231613081126,1.0453400503778332,0.9015726015960662,1.0,-0.08017817371937724,1.3184855233852302,20.673855953511225,0.5798432432432583,1.3682432432433789,1.8040089086860511,1.0,1.0,1.584962500721156,0.3622000337864872,2.659242761692615,0.8798682509233393,0.8685968819598567,-0.04603290332443524,0.9554222017381108,-0.32186015501291776,-0.6904761904761744,1.0,1724317800000000000,-0.9702924586555475,0,35.0,False,2024-08,0.4541857855020709,-0.008489097328190276
XRPUSDT:5:1724307900000000000:-1:1724316780000000000:1,XRPUSDT:5:1724307900000000000:-1,XRPUSDT,1,1724316780000000000,1724307360000000000,0.5996,0.5991,0.6016,3.999999999999556,0.5996,0.0,5:1724307900000000000:-1,OBSERVED_OPPOSING_STRUCTURE,0.5995,0.5996,0.6024,0.5992,CONTROL_REJECTION_RETURN,-0.3157894736841736,0.11410493034616308,-1.0,-1.0,-1.1578947368420869,-0.05756735149305742,-0.35483870967741704,-1.0,-1.368421052631536,-0.1108591406835757,-0.09774436090225011,-1.0,2.5263157894737396,0.05192449552801035,0.04240282685512448,-0.1428571428571429,1.584962500721156,2.445241393395569,3.578947368420985,-0.75,-0.25,0.6523891800839614,0.669049628980816,-0.13287902056266285,-0.6095733674857869,-1.667500416875356,1.9069133801785654,-0.7206856655027968,0.36271580912063556,-0.7686635586636019,0.48097124062503255,-0.38923117817848496,-1.8493922932565685,0.0,1.0,-1.4914600550963997,1.5686159179138452,0.0,4.867534450455582,0.421052631579015,-0.13731650782852167,2.192335586389681,1.0,0.6523891800839614,1.0,0.0,0.5263157894737396,8.338892595064308,1.438439999999839,3.999999999999556,2.1052631578947247,1.0,0.0,1.584962500721156,-0.1373165078285216,-1.0526315789473624,0.4255337769818458,1.4736842105262604,0.22284243537540127,0.31796575672452954,-0.5034696220857671,-1.0,1.0,1724317680000000000,-0.953126241029342,0,15.0,False,2024-08,0.23990869094142858,-0.014749056221224476
SOLUSDT:5:1724318700000000000:1:1724320560000000000:1,SOLUSDT:5:1724318700000000000:1,SOLUSDT,-1,1724320560000000000,1724319360000000000,142.972,143.082,142.68699999999998,2.5909090909096664,143.034,0.0,5:1724318700000000000:1,OBSERVED_OPPOSING_STRUCTURE,142.969,142.985,143.072,142.677,CONTROL_REJECTION_RETURN,-0.5574468085106407,-0.18531998786775858,-0.7318435754189874,-1.0,0.1829787234041619,0.14304342156734906,0.0507674144037549,-0.4936708860759913,0.16595744680845687,0.04337353071211867,0.01219893650296776,-0.34827586206900385,-3.608510638297937,0.027780900327209423,-0.06489133761861116,-0.17624521072799393,0.0,0.0,1.9276595744681024,-0.816753926701591,-0.18324607329840906,0.4564072424598977,1.084051150862358,-0.5253791249630317,-0.22401678792421104,-0.27978288847929633,-2.029625402653057,-0.7275405999128779,-0.6424010217113993,0.05625576111644026,-0.016798442064325708,0.12672296228772165,0.18275588887278257,-0.0,-0.0,0.0,1.1631508098056809,0.0,3.044522437723423,0.1617021276596213,-0.39160247980462143,1.775144674846629,0.8263305322129313,0.4564072424598977,0.0,0.26382978723397255,0.46808510638291695,7.693814173403548,1.5602945454547548,2.5909090909096664,1.2127659574469178,1.0,0.0,0.0,-0.39160247980462143,-0.7659574468085415,0.6832114664542208,0.5361702127659791,0.00038450693394170875,0.4955587890750398,-0.28298949007395874,-1.0,0.0,1724321040000000000,0.5767809255986772,1,8.0,False,2024-08,0.19140201647977145,-0.021345670183878736
ETHUSDT:5:1724318400000000000:-1:1724322060000000000:1,ETHUSDT:5:1724318400000000000:-1,ETHUSDT,-1,1724322060000000000,1724318160000000000,2627.47,2629.65,2619.34,3.729357798164481,2623.43,0.0,5:1724318400000000000:-1,OBSERVED_OPPOSING_STRUCTURE,2627.22,2627.99,2628.93,2618.36,CONTROL_ACCEPTANCE_RETURN,-0.5585831062669445,-0.2995903127106777,-0.5036855036854164,-0.13695090439270285,-1.5149863760217535,-0.41225526882732894,-0.43779527559056886,-0.5896805896805655,0.8310626702997606,0.10733451694114124,0.06271848653095392,-0.4983552631578587,-1.7138964577656237,0.03075072456888091,-0.030594873291502848,0.22763883001273488,1.584962500721156,2.667228206581955,3.0798969072164786,0.5233160621763233,0.2072538860104274,0.6485722424982169,0.8022731802352098,0.3335018173776073,0.19526758263529279,2.056544780890679,2.056544780890679,1.5675407600196398,-0.5594053825560114,-1.5137775306270582,-0.9297141464999134,-0.0012088453946952349,1.760776816799674,-0.0,1.0,0.25930027686888846,1.9740810260220096,0.0,3.4339872044851463,0.3487738419617766,0.338014292161307,2.5336171838590618,1.7968441814596046,0.8432782981299629,0.0,-1.1008174386920664,0.5940054495913482,8.29695486532783,1.4469137614676966,3.729357798164481,2.215258855585693,1.0,1.0,1.584962500721156,0.338014292161307,1.346049046321514,0.572823295955585,0.2479564032697102,0.21871002180380192,0.8627886629378756,-0.23603061364123673,-0.12554112554108804,0.0,1724322360000000000,-0.9530559229832294,0,5.0,False,2024-08,0.2811119533536314,-0.012955063022884893
SOLUSDT:15:1724276700000000000:1:1724324520000000000:1,SOLUSDT:15:1724276700000000000:1,SOLUSDT,1,1724324520000000000,1724323740000000000,143.875,143.64000000000001,144.192,1.3489361702128817,143.874,1.584962500721156,15:1724276700000000000:1,OBSERVED_OPPOSING_STRUCTURE,143.866,143.959,144.202,143.83,CONTROL_ACCEPTANCE_RETURN,-0.9275362318840068,-0.18898926420528933,-1.0,-0.6531365313653184,0.31469979296063255,0.2019847799259564,0.06846846846846344,-0.18478260869566165,4.579710144927475,0.10834930374489016,0.2957219251336787,0.5772462831286376,5.08074534161488,-0.0024427745300742015,0.08759905761404983,0.6618407445708392,0.0,0.0,1.913994169096173,-0.6907894736842032,0.3092105263157969,0.9216512916106856,0.8369081565380203,-0.35745950862624204,-0.3377400054300073,0.7646110215198121,0.8340795869921092,0.9990044881207507,-0.43035509736540234,0.5004047257946304,4.096234373606241,-0.1857049328339978,0.48347577132123387,0.0,-1.0,0.0,3.9753107446640645,0.0,2.639057329615259,1.3581780538302284,0.08348420840877087,1.9351251433787509,0.9969512195121806,0.9115993853631396,1.0,0.004140786749502138,0.9730848861282949,16.333622936575864,0.7340808510638758,1.3489361702128817,1.3126293995859404,1.0,1.0,0.0,0.08348420840877087,0.6459627329192736,0.7816076461677628,0.6915113871635618,0.2630311831244268,1.2326627432915715,-0.2082052146076408,-1.0,1.0,1724324760000000000,-0.9658980620839425,0,4.0,False,2024-08,0.3526009488193959,-0.014694849129213598
XRPUSDT:5:1724313600000000000:1:1724326080000000000:1,XRPUSDT:5:1724313600000000000:1,XRPUSDT,1,1724326080000000000,1724323380000000000,0.6011,0.6007,0.6057,11.500000000001387,0.6019,0.0,5:1724313600000000000:1,OBSERVED_OPPOSING_STRUCTURE,0.6009,0.6011,0.6058,0.6009,CONTROL_ACCEPTANCE_RETURN,-0.4444444444445678,-0.35588219758127737,-1.0,-0.6666666666667284,-0.7777777777779011,-0.07131065344175648,-0.2592592592592897,-0.8571428571428799,0.2222222222222222,0.15654345764539887,0.012987012987011864,-0.7735849056604011,-0.4444444444445678,0.04075087385660911,-0.007751937984497492,-0.17500000000000837,0.0,0.0,2.0000000000001235,-0.3999999999999112,-0.20000000000017765,0.326859025196683,0.662914169899812,0.06621719499549789,-0.3278026275521412,0.0,0.31004857455441126,0.8226721616460936,0.33092659446446065,-0.3763682711051083,1.2470935172689481,-0.40140950667279285,-1.0248712950467258,-1.0,0.0,4.0030303030303065,3.5145260669691587,0.0,3.828641396489095,0.4444444444444444,0.21481167625876085,2.1523983213660562,1.2051282051282102,0.4184029020935784,0.0,-0.8888888888890123,0.4444444444444444,6.654466810846048,1.8027000000001983,11.500000000001387,5.111111111111728,1.0,1.0,0.0,0.2148116762587607,0.8888888888890123,0.9246931212096958,0.3333333333333333,0.32901879690058916,0.8654313858300471,-0.2669894127328529,-0.3333333333333333,0.0,1724328300000000000,-0.9491106595889842,0,37.0,False,2024-08,0.20741491822507166,-0.003508369893782951
SOLUSDT:60:1724274000000000000:1:1724328780000000000:1,SOLUSDT:60:1724274000000000000:1,SOLUSDT,1,1724328780000000000,1724327340000000000,144.046,143.812,144.818,3.2991452991456596,144.3,3.584962500721156,60:1724274000000000000:1,OBSERVED_OPPOSING_STRUCTURE,143.969,144.083,144.828,143.931,CONTROL_ACCEPTANCE_RETURN,-1.58893280632417,-0.3885984719601596,-1.0,-0.9956043956043747,-1.7905138339921058,-0.07147201773583833,-0.2632190586868068,-0.9974457215836404,1.0316205533596663,-0.01656747389485443,0.053341508277129704,-0.2305271439811195,4.019762845849784,0.0024469030564663844,0.06571890145395788,0.30396083667111196,0.0,0.0,2.731164383561627,-0.8153153153153366,-0.17567567567561165,0.8938924632644062,0.9475990984650762,-0.09678113942388478,-0.6014423723912523,0.06942274983545715,1.2635700670593497,0.5555258342923166,-0.9062140628905324,-1.7036302052665968,0.07399412325236446,-0.08688362872550903,0.9576264301073019,1.0,-1.0,0.19847416765848935,2.7610642363878273,0.0,3.2188758248682006,0.5494071146244329,0.33958741290587,1.882473298433873,1.48106060606065,0.8938924632644062,0.0,-1.0039525691700355,0.9249011857706733,16.244810685474118,0.7380974358974974,3.2991452991456596,3.051383399209563,1.0,1.0,0.0,0.33958741290587,1.521739130434746,0.7485566928644048,-0.2766798418972061,-0.31937420239164344,1.3037700589392598,-0.6688266062924506,-1.0,0.0,1724329080000000000,-0.9657945269204123,0,5.0,False,2024-08,0.2013820139333229,-0.015119205841318588
XRPUSDT:60:1724320800000000000:-1:1724330640000000000:1,XRPUSDT:60:1724320800000000000:-1,XRPUSDT,-1,1724330640000000000,1724330040000000000,0.5986,0.5999,0.5972999999999999,1.0000000000000855,0.5978,3.584962500721156,60:1724320800000000000:-1,OBSERVED_OPPOSING_STRUCTURE,0.5986,0.5991,0.5986,0.5972,CONTROL_ACCEPTANCE_RETURN,-0.421052631579015,-0.16149089619312598,-0.6666666666667284,-1.0,1.1578947368420869,0.07351376297755431,0.20754716981132865,-0.14285714285716544,4.315789473684173,0.05909362571338554,0.23428571428571587,0.536231884057959,2.3157894736841738,-0.027402086430616972,0.03767123287671255,0.6363636363636271,0.0,0.0,1.720430107526888,-0.5714285714286395,-0.4285714285713606,0.44920606502313465,0.804372815670196,-0.06544284462725358,-0.3648863273155638,-1.670843776107045,-0.3982588240325491,-1.4345264150615067,0.2559767163156804,2.264557438794734,3.643714907392654,-1.106662701952647,0.6720745662915193,-0.0,-0.0,0.9780590717299266,1.2716314527997508,0.0,2.3978952727983707,0.8421052631579132,0.28802878386168096,2.3571957316074363,2.3333333333332718,0.44920606502313465,0.0,-0.8421052631579132,1.368421052631536,21.717340461075306,0.5531538461538598,1.0000000000000855,1.3684210526316527,1.0,1.0,0.0,0.288028783861681,2.3157894736841738,1.0689289441330627,-0.10526315789472454,-0.027900698880108366,1.1031914998506218,-0.4920925952912301,-1.0,0.0,1724330760000000000,0.3951061732789803,1,2.0,False,2024-08,0.5397518852501182,-0.007658633808154364
SOLUSDT:5:1724331000000000000:-1:1724334240000000000:1,SOLUSDT:5:1724331000000000000:-1,SOLUSDT,1,1724334240000000000,1724330040000000000,143.033,142.774,143.499,1.799227799227927,142.923,0.0,5:1724331000000000000:-1,OBSERVED_OPPOSING_STRUCTURE,142.923,143.184,143.776,142.855,CONTROL_REJECTION_RETURN,-0.7512690355330129,-0.2671810947673017,-0.4625000000000274,-0.9573333333334327,-2.1218274111675157,-0.06526986231294085,-0.25602286647611533,-0.9786950732357356,-1.3062605752961718,0.019589995109640435,-0.061543367346943816,-0.497983870967761,0.1421319796953387,-0.00465802698245619,0.0021250758955663526,-0.6520938794293736,3.584962500721156,1.0055218656020979,3.4330985915492027,-0.9719298245614686,0.02807017543853141,0.6744373342234661,0.9538160788605534,-0.4722769267202321,-0.6807077901612919,-1.1184978573786086,1.3313875163933897,-0.45627872516697965,-0.4942536933265632,-1.4888979453218643,-1.222985226693909,-0.6329294658456515,-0.08327534860226282,1.0,-1.0,0.0,1.5260563034950494,0.0,3.6109179126442243,0.4703891708968124,0.05012866191607284,2.4339442799346656,0.8710433763188932,0.46522954776566294,1.0,0.3722504230117892,0.8764805414551017,18.10770940971567,0.6621011583011938,1.799227799227927,1.5769881556683645,1.0,0.0,1.584962500721156,0.05012866191607284,-1.7360406091370495,0.5268475116525302,2.226734348561685,0.019413872536472997,0.47594389127318626,-0.16301351290278845,-0.43227091633470344,1.0,1724334420000000000,-0.9678424257650936,0,3.0,False,2024-08,0.35212239816121377,-0.011483779980425124
BTCUSDT:5:1724332200000000000:-1:1724334900000000000:1,BTCUSDT:5:1724332200000000000:-1,BTCUSDT,-1,1724334900000000000,1724333580000000000,60749.9,60883.299999999996,60422.5,2.4542728635683337,60639.0,0.0,5:1724332200000000000:-1,OBSERVED_OPPOSING_STRUCTURE,60747.0,60757.1,60883.2,60373.3,CONTROL_ACCEPTANCE_RETURN,-2.4333333333332816,-0.27980606985760936,-0.620275417521263,-0.450863213811435,-0.8896551724137727,0.023507244143122875,-0.07310162448054569,-0.6398867842368914,1.494252873563156,0.02391777632256551,0.04236183524504709,-0.4300360736662261,1.0448275862068697,0.04243928302249168,0.011909597117589436,0.2606262884067937,0.0,0.0,2.9999999999998748,0.7199999999999515,-0.16222222222220606,0.7783626651192048,0.7305862770352447,0.6663485062991342,0.22810188787444463,0.8473603424663523,1.7238990399959242,0.4390602172351235,-1.6095796676441902,-0.28084066471164576,0.9952828186996145,-0.608814507702127,0.4989700548635414,-0.0,-1.0,2.379956016336933,1.7227665977411035,0.0,3.1354942159291497,0.9482758620689259,-0.03253283451522354,2.4676318407159754,1.417388031614613,1.1573093519960924,0.0,-1.2747126436781244,1.5333333333332022,21.958883882935474,0.5470758620689893,2.4542728635683337,3.763218390804457,1.0,1.0,1.584962500721156,-0.03253283451522343,-0.20000000000000837,0.5421104128937365,2.9229885057470377,0.04589492732076126,0.7040779583203014,-0.1948359214189386,-0.3146483342147157,0.0,1724335740000000000,1.312601330301136,1,14.0,False,2024-08,0.4682744350938605,0.0018899880531293295
BTCUSDT:15:1724306400000000000:-1:1724335500000000000:1,BTCUSDT:15:1724306400000000000:-1,BTCUSDT,1,1724335500000000000,1724334420000000000,60546.8,60373.200000000004,60746.9,1.1526497695852547,60564.1,1.584962500721156,15:1724306400000000000:-1,OBSERVED_OPPOSING_STRUCTURE,60470.4,60583.1,60875.0,60373.3,CONTROL_REJECTION_RETURN,-1.9999999999999183,-0.03227255083238112,-1.0,-0.9281183932346404,0.8569826135726327,0.06917557378566423,0.08689717925386982,-0.3083516045445446,-2.941110487941591,-0.023943130978750286,-0.07858298867110165,-0.31947440674641314,-3.2215367358383893,-0.044164039636097524,-0.036193164633531186,-0.6593697850201228,1.584962500721156,3.6971782569286313,1.811122244488958,-0.7115956392467254,-0.15361744301288183,0.8904518187896159,0.7442228298619015,-0.7861570747867856,0.04483865561856072,-1.007383626547842,-1.0238371379744926,-0.5658010783657446,-1.8594180108221767,0.05965698749407272,-2.4649457132261716,0.79732562607856,-0.4761647747154192,0.0,1.0,-4.72428526547289,3.4657359027997265,0.0,3.044522437723423,2.1402131239483175,-0.14631710074050155,2.2311190207636176,1.055644901897702,0.8904518187896159,1.0,-0.19405496354453564,1.947279865395353,28.672035516327625,0.41792626728110943,1.1526497695852547,2.244531688165959,1.0,0.0,0.0,-0.14631710074050158,-1.002804262478968,0.979098654958799,1.8710039259674727,0.007491841077183072,1.4568236564615342,-0.014113069672035659,-1.0,1.0,1724338200000000000,-0.975993215881502,0,45.0,False,2024-08,0.5359763257298484,-0.004553513313883128
SOLUSDT:5:1724334600000000000:-1:1724336820000000000:1,SOLUSDT:5:1724334600000000000:-1,SOLUSDT,-1,1724336820000000000,1724335620000000000,142.84,143.22799999999998,142.07299999999998,1.976804123711521,142.3,0.0,5:1724334600000000000:-1,OBSERVED_OPPOSING_STRUCTURE,142.744,142.922,142.744,142.063,CONTROL_ACCEPTANCE_RETURN,-0.4647887323943572,-0.13921847808890997,-0.9537572254333133,-0.8064516129033179,-1.7183098591550174,-0.27535591940802356,-0.5350877192982639,-0.920118343195304,1.825352112676098,0.018327319826070866,0.08695652173912895,0.09281961471102729,1.811267605633857,0.011225863369670635,0.02860956618464979,0.4379746835442958,0.0,0.0,3.9372325249643607,-0.716894977169018,-0.03652968036534243,0.5224070118811923,0.6790671625036528,-0.2083212101384095,0.011381211221510562,0.2295284755970961,-0.05079361448556696,-0.008203915223355044,0.07811544843241519,-1.3715422053332524,1.6402794136982424,-0.346767653821765,0.18507269897785572,-0.0,1.0,-0.33704071499500254,1.4816045409242156,0.0,3.044522437723423,0.6676056338029015,0.01373894966501662,2.151366804716164,3.2784810126579713,0.5686436553858619,0.0,-1.5211267605634018,1.0929577464788394,27.163259591149313,0.4423731958763151,1.976804123711521,2.160563380281821,1.0,1.0,0.0,0.01373894966501662,1.0957746478873838,0.9239890432657465,0.35774647887327665,0.1987526718004275,1.022464398066571,-0.25284573410905936,-0.6653225806451548,0.0,1724339040000000000,-0.9751117557561636,0,37.0,False,2024-08,0.5620297987583012,0.0055204491360340835
SOLUSDT:5:1724337600000000000:1:1724339940000000000:1,SOLUSDT:5:1724337600000000000:1,SOLUSDT,1,1724339940000000000,1724339040000000000,143.023,142.58800000000002,143.49800000000002,1.0919540229886238,143.116,0.0,5:1724337600000000000:1,OBSERVED_OPPOSING_STRUCTURE,142.912,143.21,143.508,143.21,CONTROL_ACCEPTANCE_RETURN,-0.07810320781029591,-0.2697495183044316,-0.1458333333332624,-0.9004524886878236,-0.3765690376568716,-0.07163244561902826,-0.13459621136588748,-0.9094488188976547,1.4393305439330037,0.0026376610217402987,0.10046728971962342,0.149122807017531,-1.9832635983263596,-0.02797173159035619,-0.03027980068992013,-0.30560578661844284,0.0,0.0,1.964383561643822,-0.4761904761904311,-0.5142857142857142,0.8930532602111543,0.8585811320178551,0.18140445058907456,-0.5349666197842609,-2.0569752586141465,-2.078294214219456,-1.3803727250151947,-0.21579883236159658,-0.376743247827703,-0.37555880204529984,0.00017421017083141255,1.8148893459783035,-1.0,0.0,1.5568453481207483,1.7578579175523736,0.0,2.772588722239781,1.0934449093444598,0.11906820609328111,1.5877420919110228,1.2372448979592314,0.5016875664973859,1.0,-0.2594142259414674,1.2133891213388173,30.41468854659557,0.39394620689657533,1.0919540229886238,1.3249651324965528,1.0,1.0,0.0,0.11906820609328111,1.0209205020919911,0.5757915890508223,0.4323570432356997,0.02957468782273965,0.8020602557931887,-0.2274773844438019,-0.5711422845691695,1.0,1724340240000000000,-0.9769566700538559,0,5.0,False,2024-08,0.6095746522212386,-0.001362435273317128
ETHUSDT:5:1724338200000000000:-1:1724340960000000000:1,ETHUSDT:5:1724338200000000000:-1,ETHUSDT,-1,1724340960000000000,1724340060000000000,2598.93,2602.8100000000004,2594.34,1.182989690721398,2598.0,0.0,5:1724338200000000000:-1,OBSERVED_OPPOSING_STRUCTURE,2598.38,2599.99,2600.45,2594.33,CONTROL_ACCEPTANCE_RETURN,-0.3356401384083155,0.08452968057849558,-0.2844574780059042,-0.9956616052059792,-0.29411764705879345,-0.03690531022849631,-0.0763016157989155,-0.19037656903761846,2.955017301038142,0.08537886771333822,0.17528735632184125,0.5208421052631533,7.250865051903202,0.05658468987248934,0.11187635140546193,0.7752320758443594,0.0,0.0,3.5938903863431815,-0.8021582733812438,-0.19064748201428316,0.4292716827957249,0.6570497528630285,-0.5044991351541412,0.14009688187257346,-1.308401864086317,-4.518294287590985,-1.588943743672606,0.2531810193474776,0.28357449569100723,1.2390170005050098,-0.5776921427498007,1.7160003005331324,1.0,-1.0,-0.678499353169433,1.9740810260220096,0.0,2.772588722239781,0.8235294117647476,0.2099813715990925,1.9807915400108038,1.253405994550359,0.4292716827957249,0.0,-0.1608996539792112,0.6712802768167098,14.929220871668587,0.8043927835050376,1.182989690721398,0.7941176470587737,1.0,1.0,0.0,0.2099813715990925,1.271626297577845,0.8107949337806168,0.09342560553632633,-0.04827012056932185,0.5811608613515866,0.17547461924340615,-1.0,0.0,1724341440000000000,0.34594762996836026,1,8.0,False,2024-08,0.39195489646019166,-0.014473660100037852
XRPUSDT:15:1724332500000000000:-1:1724345220000000000:1,XRPUSDT:15:1724332500000000000:-1,XRPUSDT,-1,1724345220000000000,1724341080000000000,0.5971,0.5987,0.5949,1.374999999999948,0.5957,1.584962500721156,15:1724332500000000000:-1,OBSERVED_OPPOSING_STRUCTURE,0.5963,0.5973,0.5963,0.5942,CONTROL_ACCEPTANCE_RETURN,-1.3076923076922815,-0.38771252872800466,-0.7391304347826213,-0.33333333333330595,-1.3076923076922815,-0.27047566474394535,-0.36170212765957244,-0.3571428571428543,-0.8461538461538592,-0.10308269497883281,-0.06832298136645851,-0.5263157894736812,-0.07692307692307035,-0.021775017164156925,-0.0014104372355428683,-0.0,0.0,0.0,2.3428571428571736,-0.666666666666653,0.333333333333347,2.4886591512798764,1.8099938895296814,-1.2632112308651466,-0.5216997796732801,3.5661369572392854,3.2150747354653397,2.2235743427823054,0.19451886189792145,-0.2544407988253685,-1.774435966855331,-1.053251508866913,0.9282821207014716,1.0,-1.0,-1.8533333333333522,2.354544831924757,0.0,4.248495242049359,1.1538461538462261,0.4680807421232767,3.022255247423515,1.9333333333332692,0.7749216021101497,0.0,-1.0769230769230704,1.2307692307692966,26.796181544130732,0.44842499999998714,1.374999999999948,1.6923076923077185,1.0,1.0,1.584962500721156,0.4680807421232767,1.5384615384615778,0.8339971327786442,0.38461538461543715,0.012310823481305725,0.7886804183330157,-0.15315898978919656,-0.1052631578947312,0.0,1724346300000000000,0.724716936803495,1,18.0,False,2024-08,0.49678042259626654,-0.004642651753649982
BTCUSDT:5:1724343000000000000:1:1724345520000000000:1,BTCUSDT:5:1724343000000000000:1,BTCUSDT,1,1724345520000000000,1724343660000000000,60347.0,60246.8,60494.6,1.4730538922155971,60440.0,0.0,5:1724343000000000000:1,OBSERVED_OPPOSING_STRUCTURE,60285.8,60370.9,60554.9,60246.9,CONTROL_ACCEPTANCE_RETURN,-0.5623691295243745,-0.40255083956248017,-1.0,-0.6192052980132542,-0.8196230930302052,-0.2088278344115956,-0.314653192466691,-0.8007795582503261,1.1121746933891705,0.017385074981793334,0.11777003484320704,0.027140851661203724,-3.3748130421776468,-0.010981037105238567,-0.06043950156964862,-0.35165083672546593,0.0,0.0,1.500448698773561,-0.5562200956937896,0.10645933014355993,1.0479717584888548,0.9344302954243002,-0.06748784649553663,-0.29429059789417383,0.01657085948014725,0.01657085948014725,0.2167773935697423,-0.5604002203047165,-0.45039161449021275,1.7749824191049801,-0.36923147853999244,-0.6628077257158096,-1.0,1.0,0.6993255144563049,1.1631508098056809,0.0,3.4657359027997265,0.28417588991923176,0.05308934832894864,2.392039386616214,1.8093994778067783,0.8296944267723069,0.0,-0.5563864792102853,0.5994615614717094,16.603973685518266,0.7221185628742725,1.4730538922155971,0.8830391863595409,1.0,1.0,1.584962500721156,0.05308934832894876,0.7316781334130695,0.5082532575513421,-0.04666467244986878,-0.17950565107418434,0.38480213258073015,-0.31551959201336377,-0.9908759124087596,0.0,1724346240000000000,-0.9662094077203601,0,12.0,False,2024-08,0.27359002401181404,-0.017600335889940477
ETHUSDT:5:1724343000000000000:1:1724345880000000000:1,ETHUSDT:5:1724343000000000000:1,ETHUSDT,1,1724345880000000000,1724343660000000000,2603.3,2596.39,2612.4399999999996,1.322720694645298,2601.76,0.0,5:1724343000000000000:1,OBSERVED_OPPOSING_STRUCTURE,2601.36,2605.59,2615.67,2605.59,CONTROL_ACCEPTANCE_RETURN,-0.47095761381476475,-0.031028364463555107,-0.8108108108108507,-0.9061032863848533,-1.8540031397174486,-0.11200445369690656,-0.7785102175346704,-0.9681782020683739,1.0737833594976864,0.03183803785690232,0.10369921164342383,-0.26160122386535545,-3.1915227629513776,-0.01821694915976495,-0.05508440133308016,-0.26352185724869237,0.0,0.0,1.5259026687598778,-0.7368421052629311,-0.052631578947318035,0.7007672077905484,0.5983649924062442,0.006047157337239872,-0.5871323993455293,-0.6913823036847067,-0.6913823036847067,-0.30624288261518445,-0.7543949958662655,-1.7262217299751053,0.1295461860315042,-0.1277814097423433,0.9442371734661823,-1.0,1.0,1.7693619791666455,1.1631508098056809,0.0,3.6375861597263857,1.1852433281004484,0.33093111340960035,1.6247244241929084,0.8892882818116478,0.7599089211538881,1.0,0.24175824175824018,1.0847723704867234,26.543233588139316,0.451492619392165,1.322720694645298,1.4348508634222252,1.0,1.0,0.0,0.3309311134096003,1.0376766091052183,0.5963080038981718,0.34222919937203666,-0.09193241999131459,0.9511776591147509,-0.031028364463555107,-0.8108108108108507,1.0,1724346660000000000,0.6856465599508753,1,13.0,False,2024-08,0.45815763377247454,-0.007175677228716206
XRPUSDT:5:1724349900000000000:1:1724354040000000000:1,XRPUSDT:5:1724349900000000000:1,XRPUSDT,-1,1724354040000000000,1724350620000000000,0.5994,0.5998,0.5982999999999999,2.750000000000555,0.5994,0.0,5:1724349900000000000:1,OBSERVED_OPPOSING_STRUCTURE,0.5992,0.5994,0.5994,0.5969,CONTROL_REJECTION_RETURN,-0.47619047619053156,-0.8507259990652674,-1.0,-1.0,-2.095238095238191,-0.19261330249617842,-0.6470588235294463,-1.0,-0.6666666666667019,0.2311657738017534,-0.04242424242424487,-0.7857142857143111,-0.8571428571428722,0.024596160980806022,-0.01430842607313223,-0.8245614035087925,0.0,0.0,1.6190476190476593,-0.66666666666679,-0.33333333333320997,0.6150853088744883,0.5340824859303679,0.2001596831284781,-0.8588429823294549,-0.0,2.0767760148543424,-0.3248383300942954,-0.2864551070491201,-0.7737662672335943,-0.8157425742574367,-1.3214718280045965,0.14907590759073475,-1.0,-0.0,0.5064017660044129,1.2237754316221157,0.0,4.060443010546419,0.2857142857142555,0.13122804669593935,2.166507569386625,1.0,0.5704963567516025,1.0,-0.0,0.3809523809523407,6.673340006672604,1.798800000000198,2.750000000000555,1.0476190476191483,1.0,0.0,1.584962500721156,0.1312280466959393,-0.5714285714286167,0.4155364301902997,0.6666666666667019,0.4215005265810027,0.8707850656841265,-0.059546201026166395,-0.07042253521127774,1.0,1724354340000000000,0.5262831889170837,1,5.0,False,2024-08,0.34640925923206833,-0.014481301614636127
ETHUSDT:15:1724346900000000000:-1:1724354820000000000:1,ETHUSDT:15:1724346900000000000:-1,ETHUSDT,1,1724354820000000000,1724349360000000000,2602.43,2599.99,2609.81,3.0245901639344033,2601.0,1.584962500721156,15:1724346900000000000:-1,OBSERVED_OPPOSING_STRUCTURE,2602.42,2602.74,2618.86,2601.92,CONTROL_REJECTION_RETURN,0.15224913494803782,0.03050262819207255,0.6984126984125552,0.1822660098519211,-0.792387543252665,-0.1229562448591419,-0.3314037626628312,-0.6769851951548198,-1.9065743944636737,-0.19801408603634718,-0.17615089514066481,-0.8638684061259432,0.32698961937714216,-0.030037765683274976,0.006501324343847473,-0.07843780767969499,3.584962500721156,1.2383742310432684,1.878361075544142,0.5059523809522392,-0.49404761904776084,0.47655365569518177,0.6239455754103258,0.15118815826204118,0.1795059615741328,0.46112876636472677,0.42274046097912077,0.894894418889635,-0.4942364561230772,-0.9299218820435033,-2.00704458150591,0.13753433879083832,0.10047018704223643,-1.0,0.0,0.9116488187688963,1.3173014896329391,0.0,4.5217885770490405,0.1730103806228382,-0.14924373305032396,1.6665619490115398,0.9199328107502897,0.5209163378807737,0.0,0.24740484429063028,0.4221453287197346,9.375852568561132,1.2792836065573483,3.0245901639344033,1.2768166089965647,1.0,0.0,0.0,-0.14924373305032396,-0.47923875432525864,0.6199241946965374,0.8685121107266446,0.07867571578055128,0.4367853606652549,-0.17208939757964645,-0.5291666666667393,0.0,1724355360000000000,-0.9552977478208761,0,9.0,False,2024-08,0.29718083724215144,-0.013404972528929913
ETHUSDT:5:1724353500000000000:-1:1724355540000000000:1,ETHUSDT:5:1724353500000000000:-1,ETHUSDT,-1,1724355540000000000,1724354400000000000,2605.8,2609.8300000000004,2597.11,2.156327543424224,2604.49,0.0,5:1724353500000000000:-1,OBSERVED_OPPOSING_STRUCTURE,2605.07,2607.21,2608.28,2597.1,CONTROL_ACCEPTANCE_RETURN,-1.274371859296535,-0.5726142753886927,-1.0,-0.9877300613497044,-0.8542713567839352,-0.01015964800657854,-0.31365313653138216,-0.9908466819222053,1.7346733668341332,0.182809899395126,0.13177584364024467,0.2003676470588065,-1.7788944723619147,0.03111588028518668,-0.031051542051157847,-0.142763373810316,0.0,0.0,2.0924623115578895,-0.6028037383176478,-0.35981308411229845,0.49129281116196477,0.7282816640378458,-0.12940140472312345,-0.19956927937377744,-0.8059594947784632,1.538463085470898,-1.0478999995524443,-0.9302559414990796,-1.2998633976085268,1.2620439602787752,0.4455920408245916,0.472629406555358,-0.0,-0.0,0.6031851191234401,1.3862943611198906,0.0,2.995732273553991,0.759798994974837,-0.10789164686690345,2.033245194407833,1.1772665764547257,0.49129281116196477,0.0,-0.2633165829146581,0.8100502512563365,15.465500038376698,0.7765205955334603,2.156327543424224,1.7467336683417514,1.0,1.0,1.584962500721156,-0.10789164686690349,0.7095477386934291,0.36643944762641084,0.6070351758794045,0.19520546142764852,0.4496894247830213,-0.3798224181726049,-1.0,0.0,1724357100000000000,-0.9648812299881278,0,26.0,False,2024-08,0.18219447161263574,-0.020106438337906714
BTCUSDT:15:1724345100000000000:1:1724360760000000000:1,BTCUSDT:15:1724345100000000000:1,BTCUSDT,1,1724360760000000000,1724360220000000000,60507.8,60366.0,60673.0,1.1650211565584887,60554.9,1.584962500721156,15:1724345100000000000:1,OBSERVED_OPPOSING_STRUCTURE,60423.1,60540.5,60673.1,60540.5,CONTROL_ACCEPTANCE_RETURN,-0.5715762273901358,-0.4692590690587036,-0.9110378912683963,-1.0,1.392248062015549,0.09330485862291941,0.23569553805774743,-0.07687296416935263,1.559689922480635,0.021473851838997138,0.1095303767148141,0.17781646356629577,3.090439276485788,0.036599823789426764,0.0452385995703088,0.42313732332927567,0.0,0.0,1.8290155440414162,-0.9544554455444968,-0.04554455445550318,0.8431740727463928,0.8527154237151496,-0.1808895704063272,-0.40940625780769946,0.0,1.4870695343838225,0.5165250330394746,-0.76927358133527,1.1431242903893368,1.2985373672610112,0.24912377162621224,0.2611525552196239,0.0,1.0,1.0693813546462008,2.8791984572980396,0.0,2.302585092994046,1.221705426356559,0.39133651828400823,2.770313251880546,1.3984771573604036,0.8431740727463928,0.0,-0.48682170542634157,1.4656330749354305,23.434995157649578,0.5114547249647285,1.1650211565584887,1.7074935400516495,1.0,1.0,0.0,0.3913365182840082,2.2439276485787962,1.3844743992422477,-0.4754521963824289,-0.09345602443012146,1.223394881823376,-0.6251488769228187,-1.0,0.0,1724368020000000000,-0.9725432954618246,0,121.0,False,2024-08,0.5259398158099957,-0.006145735143000238
BTCUSDT:5:1724358900000000000:1:1724361360000000000:1,BTCUSDT:5:1724358900000000000:1,BTCUSDT,1,1724361360000000000,1724359740000000000,60470.0,60313.4,60673.0,1.2962962962963083,60386.0,0.0,5:1724358900000000000:1,OBSERVED_OPPOSING_STRUCTURE,60386.0,60479.5,60673.1,60479.5,CONTROL_ACCEPTANCE_RETURN,-0.48681541582149024,-0.40942077293765833,-0.676056338028169,-1.0,-1.1156186612575818,-0.22648362897662103,-0.3616042077580401,-1.0,1.697768762677462,0.03666018380726601,0.12050100777425797,-0.010196468540160541,1.1967545638944967,0.020974290206772897,0.018270213358932176,0.29122317222125615,0.0,0.0,1.1663286004056537,-0.9953703703704374,-0.004629629629562572,0.3416670064144049,0.4804066439305112,0.0314167983398661,-0.6066738317398714,-0.2568067585884126,-0.2402772045728696,0.10054119275865042,-0.25344687753452905,-1.15680651822771,1.6658396117067744,0.04118785697012828,0.0319291509706876,0.0,1.0,0.8975298025528489,1.33500106673234,0.0,3.332204510175204,2.9117647058822738,0.03353553548250369,1.7537968277120386,0.7074190177638439,0.3416670064144049,1.0,0.851926977687608,1.5882352941175972,25.89713907722814,0.4627716475095827,1.2962962962963083,2.058823529411719,1.0,1.0,1.584962500721156,0.033535535482503744,0.08519269776877555,0.2764438314371284,1.0456389452332278,0.0571569908939589,0.9726027081821813,-0.5327975739196361,-1.0,1.0,1724368080000000000,-0.9742809276180068,0,112.0,False,2024-08,0.4166743156978162,-0.00962921895028862
SOLUSDT:5:1724360400000000000:1:1724363100000000000:1,SOLUSDT:5:1724360400000000000:1,SOLUSDT,1,1724363100000000000,1724362200000000000,143.207,142.925,143.499,1.0354609929078722,143.488,0.0,5:1724360400000000000:1,OBSERVED_OPPOSING_STRUCTURE,143.159,143.319,143.703,142.959,CONTROL_ACCEPTANCE_RETURN,-0.6365591397849638,-0.5474798546373835,-0.5211267605633295,-1.0,-1.2172043010754008,-0.08580862626401596,-0.31270718232044886,-1.0,2.073118279570001,0.06581367560382906,0.1230219499744755,-0.015353121801447989,1.7161290322581608,0.020076274559981802,0.025930980697991678,0.2774945375090856,0.0,0.0,3.221987315010483,-1.0,0.0,0.36637330175976257,0.5866039326531627,0.07538281085284143,-0.2735599652587559,-0.4150099743494007,-0.3453167638634014,-0.14456122021286053,0.15350173185772684,0.09318167212909709,2.1634379670772494,-1.3103859732044978,-0.0903196875072485,0.0,0.0,0.5566905005107048,1.9459101490553132,0.0,2.772588722239781,0.008602150537675945,-0.009212940608401738,2.6047263542310315,2.3069767441860534,0.3692676463286567,0.0,-1.208602150537725,1.2129032258064405,19.691774843407256,0.6087914893617403,1.0354609929078722,1.255913978494698,1.0,1.0,1.584962500721156,-0.009212940608401738,1.4236559139786455,0.6071361411302226,0.4086021505376515,0.22389813907933398,0.8043352473587176,-0.4203225442652532,-0.565359477124115,0.0,1724371740000000000,0.36505673528995053,1,144.0,False,2024-08,0.43977377471861345,-0.012092118694645826
BTCUSDT:15:1724365800000000000:-1:1724368860000000000:1,BTCUSDT:15:1724365800000000000:-1,BTCUSDT,-1,1724368860000000000,1724368200000000000,60364.1,60408.9,60295.6,1.5290178571427577,60388.2,1.584962500721156,15:1724365800000000000:-1,OBSERVED_OPPOSING_STRUCTURE,60343.6,60367.6,60343.6,60273.5,CONTROL_ACCEPTANCE_RETURN,-0.1763046544428737,-0.4256210715354684,-0.6756756756756757,-0.18266253869949378,0.2482369534555456,-0.035752550143729876,0.07780725022103539,-0.6731301939057452,0.8166431593794113,0.04285953009591925,0.06745893044390049,0.2338266384778136,-2.1438645980253437,-0.013713285836687125,-0.03132083247475769,0.1372837688627132,3.584962500721156,1.208960345836975,0.874074074074081,-0.46439628482967954,0.28173374613018576,0.6843731270587298,0.8531988676098636,0.07573345398581025,-0.4249690941749814,0.5034289826366667,0.5862795731959025,0.10730267219507907,-0.2560078953861123,0.19277387120649564,-0.09365079365074555,0.05546308224904997,0.9102939530301569,-1.0,-1.0,1.5168986083498988,1.120591195386885,0.0,3.044522437723423,1.6177715091677678,0.2909844799802588,2.127287259923726,0.7898866608544102,0.7223307715708766,0.0,0.3399153737658399,0.6318758815233003,7.42162974350697,1.6174955357141805,1.5290178571427577,0.9661495063469477,1.0,1.0,0.0,0.2909844799802588,0.5373765867418584,0.9076188716968009,0.9590973201692328,0.14464856310373617,1.0175260719971855,-0.4244050695883001,-0.8466666666666344,0.0,1724369460000000000,-0.9510430050362229,0,10.0,False,2024-08,0.43310706102184915,-0.015141006942498793
SOLUSDT:5:1724367000000000000:-1:1724369220000000000:1,SOLUSDT:5:1724367000000000000:-1,SOLUSDT,-1,1724369220000000000,1724368080000000000,143.168,143.254,142.96099999999998,2.4069767441867422,143.017,0.0,5:1724367000000000000:-1,OBSERVED_OPPOSING_STRUCTURE,143.138,143.177,143.222,142.951,CONTROL_ACCEPTANCE_RETURN,-0.5305164319248604,-0.23668384879725085,-1.0,-0.948275862069202,-0.6150234741783815,0.33597638870534335,-0.26572008113589046,-0.5979381443300043,0.553990610328594,0.2119732334292189,0.048599670510708674,-0.03827751196176865,-1.9154929577464788,0.026850016452631686,-0.03058929374718959,-0.08858603066440618,0.0,0.0,1.2981651376147287,-0.9393939393940829,0.030303030302743214,0.7522267394048116,0.6413160750506746,-0.21656374903437964,-0.5618709973476155,-0.0,-2.5306246785494757,-0.5904224114413339,-0.3471805884896638,-0.9783342668657773,0.6800939756037,0.36331079268739574,-0.12610336527510602,-1.0,-0.0,0.8955326460480918,1.5260563034950494,0.0,2.995732273553991,0.30985915492957744,0.06667999600119964,1.681847579248056,3.2878787878788596,0.9262266135603441,0.0,-0.7089201877934495,0.403755868544512,6.006928922663186,1.9982930232561786,2.4069767441867422,0.9718309859155597,1.0,1.0,0.0,0.06667999600119964,-0.04225352112682728,0.6286596900589925,0.431924882629019,0.398523159543522,0.6817866087970507,0.5305046778231651,-0.1448275862069202,0.0,1724369520000000000,-0.9473975981922254,0,5.0,False,2024-08,0.1117663406262845,-0.025920939812225416
XRPUSDT:5:1724369400000000000:-1:1724372820000000000:1,XRPUSDT:5:1724369400000000000:-1,XRPUSDT,1,1724372820000000000,1724371320000000000,0.5974,0.5964,0.5985,1.099999999999989,0.5968,0.0,5:1724369400000000000:-1,OBSERVED_OPPOSING_STRUCTURE,0.5974,0.5979,0.5986,0.5979,CONTROL_REJECTION_RETURN,0.8571428571428799,0.5705836669016763,1.0,0.7142857142857597,-1.714285714285601,-0.12726610182824408,-0.46153846153844513,-0.3333333333332922,0.4285714285715192,-0.018877566794069982,0.033707865168544654,-0.18181818181816345,3.2857142857142403,0.044992178202687354,0.053864168618265394,0.5094339622641604,0.0,0.0,1.4666666666665975,0.7500000000000694,-0.2499999999999306,1.4830152207541079,0.9051863611399886,0.230888430399312,0.88095217154746,0.0,1.6733601070950677,0.5775514515023785,0.9828258331087636,1.538788586484609,4.006073349593173,-3.25307430077021,-3.5775019210216534,1.0,-1.0,-1.5663366336633833,2.0014800002101243,0.0,3.258096538021482,0.4285714285713606,-0.08196347744654288,1.916572536535652,0.6666666666666461,0.8566693430932665,0.0,0.8571428571428799,1.4285714285713607,16.73920321392703,0.7162799999999993,1.099999999999989,1.5714285714284808,1.0,0.0,0.0,-0.08196347744654281,-0.2857142857142404,0.7698878179863546,1.4285714285713607,0.14141945190780783,1.2095186170212817,-0.11175011249219811,-0.3157894736841736,0.0,1724373360000000000,-0.9663630195605919,0,9.0,False,2024-08,0.3262505943697172,-0.017112884479288396
BTCUSDT:60:1724364000000000000:1:1724374260000000000:1,BTCUSDT:60:1724364000000000000:1,BTCUSDT,1,1724374260000000000,1724373600000000000,60716.0,60561.200000000004,60895.8,1.1614987080103876,60673.1,3.584962500721156,60:1724364000000000000:1,OBSERVED_OPPOSING_STRUCTURE,60649.8,60772.0,60908.8,60772.0,CONTROL_ACCEPTANCE_RETURN,-1.1086956521739106,-0.39352027829405956,-0.8644067796610498,-0.9283088235293869,2.4006211180123453,0.17192592090938658,0.23646375038237402,-0.2782831817121617,5.419254658384971,0.12038921610666785,0.2351118296955008,0.20406681190994913,5.324534161490585,0.05472279556820196,0.07442536843704571,0.23517096999302156,3.584962500721156,2.47232786758114,1.4210251046025224,-0.8496621621621486,-0.01858108108105513,0.790728184515773,0.9051123085578706,-0.14743961987610543,-0.4978928717752282,-0.020928693270638732,-0.004485111201324443,0.4136474127554301,-1.0490848585690278,2.243225165334298,5.875563530421536,0.1573959526780473,-0.45630887203656467,1.0,0.0,0.0,1.2901505005669884,0.0,2.639057329615259,4.92080745341606,0.260843370224222,2.2757498829212985,0.8179889690284231,0.5437274087664016,1.0,0.6661490683229889,2.4037267080744122,25.495750708214576,0.47006666666667996,1.1614987080103876,2.7919254658384913,1.0,1.0,0.0,0.26084337022422205,1.5077639751552228,1.01052517318427,0.7857142857142454,0.18588933117204687,2.0293863439351183,-0.21014026172908257,-0.2986666666666551,1.0,1724383860000000000,-0.974012813245401,0,160.0,False,2024-08,0.2280704200331467,-0.019702501365188904
XRPUSDT:15:1724372100000000000:1:1724374320000000000:1,XRPUSDT:15:1724372100000000000:1,XRPUSDT,1,1724374320000000000,1724374080000000000,0.5979,0.5974,0.5994,3.000000000000444,0.5987,1.584962500721156,15:1724372100000000000:1,OBSERVED_OPPOSING_STRUCTURE,0.5979,0.5982,0.5995,0.5975,CONTROL_ACCEPTANCE_RETURN,-1.2857142857142403,0.040234577657544686,-0.6000000000000296,-1.0,0.8571428571427212,0.15621967353809404,0.10714285714284015,-0.3913043478260786,1.0,0.07036274868263022,0.04697986577181148,0.03030303030302628,3.8571428571427213,0.0704954304816863,0.056603773584903025,0.37254901960782427,0.0,0.0,1.3157894736842322,-0.8571428571428799,-0.1428571428571202,0.4391001300389214,0.9783558409172135,-0.4175918243442481,-0.8923820788827328,-3.3439224209996787,0.34514453544742807,-2.1036957766393414,-1.1393731431472656,0.6215830758259197,5.762925229664765,0.23555978131680155,-4.762925229664765,1.0,-1.0,0.957575757575883,1.1631508098056809,0.0,1.6094379124341003,1.1428571428571201,0.22674485868250047,2.8768082789437592,2.0,0.4391001300389214,0.0,-1.1428571428571201,0.714285714285601,8.362602441878993,1.434360000000158,3.000000000000444,2.14285714285712,1.0,1.0,0.0,0.22674485868250038,0.0,1.4705208720127008,0.8571428571427212,0.46657822724121345,1.3375891221056453,-0.8142034166495736,-1.0,0.0,1724377740000000000,0.7998231007776978,1,57.0,False,2024-08,0.23691804505179864,-0.017625226325326898
SOLUSDT:60:1724331600000000000:1:1724374500000000000:1,SOLUSDT:60:1724331600000000000:1,SOLUSDT,1,1724374500000000000,1724373480000000000,144.353,144.256,145.37800000000001,10.567010309277492,144.828,3.584962500721156,60:1724331600000000000:1,OBSERVED_OPPOSING_STRUCTURE,144.274,144.4,145.388,144.266,CONTROL_ACCEPTANCE_RETURN,-0.4740740740740907,-0.11173805249209198,-0.6075949367088244,-1.0,-3.817283950617254,-0.21324976856531777,-0.4036553524804174,-1.0,5.619753086419763,0.03081142583388227,0.21004060538944222,0.09764603312991138,7.328395061728418,0.001790644666985469,0.09994612068965587,0.1785714285714346,0.0,0.0,2.4233128834356146,-1.0,0.0,0.38379553037497016,0.5673978089275836,-0.3915931462303839,-0.04925571026848963,-1.8249251252067111,1.5644616679688639,-1.4213639755825827,-2.111864840650164,-3.2517165050553256,5.095922629591337,-0.5655674455619284,0.523830456828426,0.0,1.0,0.0,2.536338823420271,0.0,2.8903717578961645,1.7432098765432475,0.23642922778477352,2.9140643903792163,1.848214285714272,0.38379553037497016,0.0,-2.3456790123456446,0.47901234567905254,6.719638663554509,1.7852103092781957,10.567010309277492,5.061728395061742,1.0,1.0,0.0,0.23642922778477352,2.153086419753115,1.5010309650485842,1.3925925925926415,0.16174922584799026,2.110958908208865,-0.22912801484230055,-1.0,0.0,1724376060000000000,-0.9492787784781015,0,26.0,False,2024-08,0.08781843835597665,-0.019746225958356057
ETHUSDT:5:1724375100000000000:-1:1724377080000000000:1,ETHUSDT:5:1724375100000000000:-1,ETHUSDT,-1,1724377080000000000,1724376240000000000,2638.0,2642.01,2632.67,1.329177057356518,2636.37,0.0,5:1724375100000000000:-1,OBSERVED_OPPOSING_STRUCTURE,2637.42,2638.92,2640.0,2630.59,CONTROL_ACCEPTANCE_RETURN,-1.3235772357723914,-0.38407645360559495,-1.0,-0.9110070257610983,0.6471544715446349,0.3302409177574699,0.10785907859078046,-0.5749202975557852,3.0569105691056753,0.12863113228976863,0.12306886619534524,0.333333333333347,-4.227642276422702,0.013483718741361096,-0.05773672055427372,-0.18234482758619786,0.0,0.0,2.7219512195121194,-0.7624999999999857,0.2375000000000142,0.21748079195984973,0.29868010992820504,0.41260206767063096,-0.45567789180806006,0.29279817420735377,-0.6760700827057597,-0.26393101819161,-0.7278041651442324,0.9787752707320094,2.1222368887662952,-0.3316207991873745,0.93467368033938,-1.0,-0.0,0.9968741618511355,1.5686159179138452,0.0,2.70805020110221,1.3235772357722435,0.2760353529221017,1.8708735588767966,1.2820069204152562,0.21748079195984973,0.0,-0.5300813008130358,1.3040650406504581,15.200909780137295,0.7900264339151689,1.329177057356518,1.733333333333284,1.0,1.0,1.584962500721156,0.2760353529221016,1.6585365853657996,0.31208033853372236,0.6699186991869642,0.37773109588922843,0.6089217715533788,-0.5657388221783958,-1.0,0.0,1724381460000000000,0.43279788535197755,1,73.0,False,2024-08,0.4686800517741343,-0.010137439473710399
SOLUSDT:5:1724375100000000000:-1:1724377320000000000:1,SOLUSDT:5:1724375100000000000:-1,SOLUSDT,-1,1724377320000000000,1724376060000000000,144.34,144.607,143.79,2.059925093633033,144.293,0.0,5:1724375100000000000:-1,OBSERVED_OPPOSING_STRUCTURE,144.321,144.416,144.485,143.78,CONTROL_ACCEPTANCE_RETURN,-1.4811083123426576,-0.49225399546874044,-1.0,-0.9342105263158498,-0.7556675062972743,0.17678479282596266,-0.14734774066799014,-0.9649122807017858,5.214105793450978,0.12072114293790985,0.252747252747259,0.2982456140350864,-4.962216624685316,0.021554314457764314,-0.06995241815212189,-0.1399261386951196,0.0,0.0,2.627450980392247,-0.9230769230769903,0.07692307692300965,0.36394194221884035,0.7173968325255418,-0.3395488294680656,-0.21506650664254132,0.06928038464470987,0.2080921558822446,-0.33040269677848155,-0.8002093049927435,-0.5206908960057574,3.2961593967429135,-0.23497661029151695,1.9179463967080643,-0.0,-1.0,0.9837984739207485,1.4350845252893227,0.0,3.091042453358316,1.002518891687741,-0.2065740012238832,1.9776811550121827,1.0916179337231902,0.36394194221884035,0.0,-0.23677581863978875,1.3450881612090766,18.497990854925586,0.6493191011236055,2.059925093633033,2.770780856423291,1.0,1.0,1.584962500721156,-0.2065740012238832,0.2115869017632368,0.3471751198848211,1.2090680100756388,0.3424088883462548,0.35386357077525626,-0.3671259842519685,-1.0,0.0,1724377800000000000,-0.9682631556091746,0,8.0,False,2024-08,0.1953483872781595,-0.018987120962164847
ETHUSDT:5:1724379900000000000:-1:1724383080000000000:1,ETHUSDT:5:1724379900000000000:-1,ETHUSDT,-1,1724383080000000000,1724381280000000000,2636.84,2638.7000000000003,2632.67,2.2419354838708534,2635.96,0.0,5:1724379900000000000:-1,OBSERVED_OPPOSING_STRUCTURE,2636.75,2637.0,2638.69,2630.54,CONTROL_ACCEPTANCE_RETURN,0.16528925619835455,0.024766783436419398,1.0,-0.23255813953496363,-1.2033057851241296,-0.1520864273826223,-0.38641188959663475,-0.7391304347826635,0.7404958677685562,0.12763598966917605,0.048296679603271504,-0.16236162361625417,-5.371900826446523,0.041751041543915,-0.0707906774123301,-0.03033980582524265,0.0,0.0,1.66769230769233,0.29850746268626327,0.6716417910444317,0.19515760681643096,0.4444145263980155,0.3684301323851348,-0.2975491077445879,0.578396520601876,2.058376939321205,0.4478830617874249,-0.13099174770142677,-0.5942881533887132,0.9394026846630008,-0.6090176317354163,-0.19890681689444456,-0.0,-1.0,-2.0499471219218104,1.7227665977411035,0.0,3.4339872044851463,1.041322314049664,0.41682421461863056,1.9552765790885254,1.1623616236162542,0.601777225050685,0.0,-0.29090909090914013,0.614876033057921,7.053897847423913,1.7017870967740771,2.2419354838708534,1.3785123966943011,1.0,1.0,0.0,0.4168242146186305,1.0942148760332395,0.7944279577478894,0.24132231404960366,0.13476366460073913,0.9466310153267873,-0.16507481861942194,-0.4011976047905545,0.0,1724384880000000000,0.3897694694354803,1,30.0,False,2024-08,0.3944658197812482,-0.01385832814543352
SOLUSDT:5:1724382000000000000:-1:1724385840000000000:1,SOLUSDT:5:1724382000000000000:-1,SOLUSDT,-1,1724385840000000000,1724383800000000000,144.684,144.81699999999998,144.398,2.1503759398499356,144.625,0.0,5:1724382000000000000:-1,OBSERVED_OPPOSING_STRUCTURE,144.672,144.746,144.747,144.231,CONTROL_ACCEPTANCE_RETURN,-0.6236559139785722,-0.3041431261770245,-0.783783783783709,-0.9664804469272146,-0.8258064516129789,-0.10782670078531721,-0.2962962962962703,-0.9792387543251615,0.701075268817289,0.10264634816246096,0.06339945546480329,-0.14105793450880766,-6.412903225806734,-0.002621707533959545,-0.09374410562716119,-0.20816653322657475,0.0,0.0,2.3894967177242883,-0.980392156862654,0.01960784313734596,0.624067335005844,1.0702445947674395,-0.3611645825921776,-0.6691229034959221,-0.06911662047359712,-0.8998251456193707,-0.5417439190544959,-0.7237158908507451,-0.8887537681556328,0.578637954101118,0.06294731654265384,0.12243731471617103,-1.0,-1.0,0.4051306873184868,1.9459101490553132,0.0,3.5553480614894135,0.25376344086021796,0.11481900452488687,1.4996194436979409,1.1497461928933925,0.624067335005844,0.0,-0.25376344086021796,0.5720430107526387,9.19244698791721,1.3060195488723634,2.1503759398499356,1.2301075268817925,1.0,1.0,0.0,0.11481900452488687,0.16774193548394747,0.5282706340428251,0.4559139784946247,0.20141767665580204,0.4836647328745329,-0.6952583910495471,-1.0,0.0,1724387040000000000,-0.9549508409902642,0,20.0,False,2024-08,0.20293062036418294,-0.021075065200866053
ETHUSDT:5:1724381400000000000:1:1724387040000000000:1,ETHUSDT:5:1724381400000000000:1,ETHUSDT,-1,1724387040000000000,1724385960000000000,2636.84,2638.7200000000003,2634.0200000000004,1.4999999999997582,2638.69,0.0,5:1724381400000000000:1,OBSERVED_OPPOSING_STRUCTURE,2636.68,2637.3,2637.73,2634.01,CONTROL_REJECTION_RETURN,-0.44382022471905913,-0.13346577371809318,-1.0,-0.7555555555557407,0.15449438202238777,0.07006600309403392,0.047048759623586366,-0.5215053763441286,0.08707865168537371,0.0017478087608463067,0.007237917347652329,-0.41471048513304276,-1.3595505617977277,0.03749391987420483,-0.021280337671474813,0.43447037701973745,0.0,0.0,2.2893258426965435,-0.6200000000001941,-0.08666666666673943,0.6261823962651087,0.864860764508635,-0.2528467389101832,0.016572864137382484,0.03792403815094936,-0.7334632435229693,-0.44946566727820997,-0.6237656809740023,-0.3398976412995082,-0.15942378617033443,0.494392023321896,0.24650243785570813,1.0,-1.0,-0.15563636363640398,2.785011242238338,0.0,2.9444389791664403,0.0056179775280845055,-0.2938648074386449,2.186780009890981,0.6047008547008603,0.6261823962651087,0.0,0.5196629213482639,0.5280898876404545,7.129746211374634,1.6836893617020299,1.4999999999997582,0.792134831460554,1.0,0.0,0.0,-0.2938648074386448,-0.623595505617891,0.9482922251166664,0.7893258426965756,0.09078956519990314,0.7394507867817166,-0.024226785735519726,-1.0,0.0,1724387400000000000,-0.950332847493513,0,6.0,False,2024-08,0.26445109480487805,-0.021343549532486534
ETHUSDT:5:1724386200000000000:1:1724389200000000000:1,ETHUSDT:5:1724386200000000000:1,ETHUSDT,-1,1724389200000000000,1724387400000000000,2637.39,2639.0,2634.01,2.099378881987197,2638.71,0.0,5:1724386200000000000:1,OBSERVED_OPPOSING_STRUCTURE,2637.29,2638.88,2638.99,2632.8,CONTROL_REJECTION_RETURN,-0.3342939481267566,-0.3678014369754527,-1.0,-1.0,-0.602305475504229,0.20315702546110043,-0.21524201853756755,-1.0,-0.7925072046109448,0.010812645448229402,-0.06932190572220968,-0.4830371567043579,0.00864553314126797,0.13353817056376566,0.00016586498590258713,-0.19546247818497164,0.0,0.0,1.3295615275812473,-0.987654320987384,-0.01234567901261599,0.5294610251635031,0.6109288855776185,0.06447566075745881,-0.5583204989767689,-0.0,-0.0,-0.5714745557957261,-0.34852564965660704,-0.05443651198366528,-0.3680945096039708,-0.5478689635205637,-0.42441269500697404,-0.0,-1.0,-4.4425139749208045,1.6094379124341003,0.0,3.4339872044851463,0.0806916426512228,-0.12966989349189573,2.5254904647543284,0.7766497461928602,0.5294610251635031,1.0,0.3804034582133007,0.46397694524498984,6.1045199989388275,1.9663565217389745,2.099378881987197,0.9740634005762616,1.0,0.0,1.584962500721156,-0.12966989349189575,-0.4582132564841882,0.5689821901122101,1.031700288184409,0.07222116076164378,0.5135193001595673,-0.8043681482110986,-1.0,1.0,1724389260000000000,-0.947666415487962,0,1.0,False,2024-08,0.43614002370444893,-0.013887530845352467
XRPUSDT:5:1724386500000000000:-1:1724390160000000000:1,XRPUSDT:5:1724386500000000000:-1,XRPUSDT,-1,1724390160000000000,1724388180000000000,0.5986,0.5992,0.5977,1.500000000000185,0.5981,0.0,5:1724386500000000000:-1,OBSERVED_OPPOSING_STRUCTURE,0.5984,0.599,0.5991,0.595,CONTROL_ACCEPTANCE_RETURN,-1.1428571428573016,-0.14204525089194733,-1.0,-0.45454545454550965,-1.8571428571430157,-0.16854891346975812,-0.3714285714285678,-0.6470588235294579,-0.2857142857142857,0.10217420112933691,-0.017241379310343176,-0.7142857142857444,-1.0000000000001585,-0.03473938782922353,-0.016548463356974838,0.07692307692306821,0.0,0.0,1.5714285714284808,-0.2857142857142404,-0.1428571428572788,1.1989183632418337,1.061910921817707,-0.19216014443713947,0.017309206793403142,1.670285618841083,3.3263029995478366,0.8230270301778989,-1.2753254949193882,-3.1126079397456197,-4.38988444492114,1.255465082602604,4.104170159206855,-0.0,-0.0,-1.716230366492181,1.8870696490323797,0.0,3.5263605246161616,4.428571428571904,0.009102543205416811,1.1510904249634895,1.1612903225806637,0.7832782159876392,0.0,-0.7142857142858728,0.8571428571428571,10.023387905110823,1.1978000000001319,1.500000000000185,1.2857142857144443,1.0,1.0,0.0,0.00910254320541679,0.7142857142858728,0.3593008915671299,1.57142857142873,0.3544683299412541,1.6721298009603225,-0.11803577697046426,-0.29166666666665897,0.0,1724390220000000000,-0.9565772701553897,0,1.0,False,2024-08,0.291955753061185,-0.01890170869731423
SOLUSDT:60:1724382000000000000:1:1724393760000000000:1,SOLUSDT:60:1724382000000000000:1,SOLUSDT,1,1724393760000000000,1724390460000000000,145.272,144.906,145.64600000000002,1.021857923497373,145.673,3.584962500721156,60:1724382000000000000:1,OBSERVED_OPPOSING_STRUCTURE,145.2,145.537,145.878,145.537,CONTROL_ACCEPTANCE_RETURN,-0.3569892473118403,-0.21068190776507686,-0.4636871508379746,-1.0,-0.28817204301079946,-0.06756319441947431,-0.09781021897810437,-1.0,-0.3741935483871922,-0.06712789027186757,-0.023868312757206755,-0.9901477832512775,1.8107526881721072,-0.029531078515461853,0.030246425748975826,0.2641165755919881,3.584962500721156,4.163041093508336,2.45970433953263,-0.8852459016392755,-0.11475409836072448,0.38111530657053644,0.6623294057266136,-0.22447451663788656,-0.3589817767474295,-0.3618157536633415,0.24187634049432916,-0.12066683722855871,-0.6292131602892963,-0.17232571875554242,0.3588915792304787,-0.11584632425525704,-0.7330851276176709,1.0,1.0,0.14744073954175496,1.208960345836975,0.0,4.02535169073515,0.8817204301075059,0.1576677274281356,3.0239020186006833,2.9560975609758127,0.5361937651350173,0.0,-1.7247311827958367,1.5741935483871188,25.194118618865676,0.47570163934428117,1.021857923497373,1.6086021505378227,1.0,1.0,0.0,0.1576677274281356,1.3462365591398064,1.5921454676701696,0.08602150537639272,-0.07781045441608955,1.18194711368977,-0.14702099171976826,-0.12204280886219662,0.0,1724394360000000000,-0.9738076250283806,0,10.0,False,2024-08,0.3542314885501503,-0.014766081642950993
ETHUSDT:5:1724394900000000000:1:1724396340000000000:1,ETHUSDT:5:1724394900000000000:1,ETHUSDT,1,1724396340000000000,1724395680000000000,2679.58,2671.2299999999996,2688.85,1.1101796407185123,2676.42,0.0,5:1724394900000000000:1,OBSERVED_OPPOSING_STRUCTURE,2674.22,2682.13,2688.86,2682.13,CONTROL_ACCEPTANCE_RETURN,-0.700000000000078,-0.5426408974690722,-1.0,-0.6657060518732215,2.2599999999999585,0.15303074955912987,0.2815948736204989,-0.053348467650399356,3.2514285714286024,0.11404013461776855,0.12914207898320612,0.10208030962746317,13.691428571428592,0.08721320852218761,0.17374909354604914,0.6756378888500469,0.0,0.0,2.0657142857142907,-0.5032258064516829,0.2516129032256948,0.7099820603256417,0.4554982254696844,0.4314256370111419,-0.42730650581592017,-0.5751927324004757,-0.5751927324004757,-0.3019600618118874,-1.4505436156763358,2.84428571428558,2.4114285714285417,-0.5842857142856217,0.8400000000000607,1.0,1.0,0.0,1.2809338454620645,0.0,2.4849066497880004,3.55428571428573,0.5622635625531346,1.4507679328162568,0.7459807073955113,0.5847039819179329,1.0,0.9028571428571013,2.3857142857143896,31.161599952232677,0.38448934131734847,1.1101796407185123,2.6485714285714232,1.0,1.0,0.0,0.5622635625531346,1.3714285714286234,0.5027599303032471,2.2314285714285558,0.1978715652511564,1.1837867878624724,-0.36138113530457955,-0.9940357852882309,1.0,1724397960000000000,-0.9773463371429072,0,27.0,False,2024-08,0.44371984959768546,-0.008997768204846338
XRPUSDT:15:1724393700000000000:1:1724397840000000000:1,XRPUSDT:15:1724393700000000000:1,XRPUSDT,1,1724397840000000000,1724393100000000000,0.5989,0.5981,0.5997,1.0,0.6004,1.584962500721156,15:1724393700000000000:1,OBSERVED_OPPOSING_STRUCTURE,0.5982,0.5989,0.6014,0.5982,CONTROL_ACCEPTANCE_RETURN,-0.5714285714286395,-0.1805448834247579,-1.0,-1.0,-2.2857142857142403,-0.0726594905955468,-0.6153846153846483,-1.0,-0.7142857142857596,0.1290983511944952,-0.04504504504505099,-0.5624999999999913,-0.5714285714286395,-0.024502025449031697,-0.009478672985783749,0.21874999999999067,1.584962500721156,2.9231615807191558,1.5333333333333283,-1.0,0.0,0.5422694816827505,0.40546510810812736,0.13327117290219442,-0.7180411700616476,-1.6694490818025542,-1.6694490818025542,-0.6330671655872797,-0.6063087655444277,-2.2999696693963627,0.14991498621277424,0.014255383682122424,-0.8642007004985338,0.0,1.0,5.711864406779731,1.2237754316221157,0.0,3.5263605246161616,1.4285714285713607,0.24146516351126024,3.0914140944822908,2.5000000000000555,0.5422694816827505,0.0,-2.14285714285712,1.1428571428571201,13.357822674904373,0.8977499999999743,1.0,1.1428571428571201,1.0,1.0,1.584962500721156,0.24146516351126024,2.4285714285713604,0.8756958677857207,0.4285714285713606,0.1890330371747011,1.0933605532445598,-0.6728264565506982,-1.0,0.0,1724398620000000000,-0.9620490846529322,0,13.0,False,2024-08,0.3794927698086634,-0.016593634276125563
BTCUSDT:5:1724393100000000000:1:1724398080000000000:1,BTCUSDT:5:1724393100000000000:1,BTCUSDT,1,1724398080000000000,1724324160000000000,61004.1,60802.1,61237.200000000004,1.1539603960396327,60995.2,0.0,5:1724393100000000000:1,OBSERVED_OPPOSING_STRUCTURE,60910.0,61073.3,61237.3,61073.3,CONTROL_ACCEPTANCE_RETURN,-0.40152963671128666,-0.28599756263813436,-0.6287425149698955,-0.9944444444445253,-1.7361376673040951,-0.18252242307161584,-0.36910569105690055,-0.9985119047619264,3.0076481835563635,0.1090617899839332,0.11036273065319196,-0.2888340965128552,7.831739961759164,0.08489366701542804,0.08967117649634432,0.1255825068705918,1.584962500721156,4.881791311080447,3.9020715630885645,-0.7557251908398896,-0.236641221373961,0.585080118674408,0.549127478495785,5.793542694970677e-05,-0.20180090091430294,-2.394260419034122,-1.6853290382501385,-3.1522661187886443,-0.7552822453483918,-2.031590472121382,0.06985178177230641,0.29545280481728686,2.937796401784057,0.0,1.0,0.0,2.2823823856765264,0.0,3.6888794541139363,7.166347992351972,0.239319587438821,3.0033096464044453,0.9632383312680659,0.5150707698163426,1.0,0.1701720841300493,3.8623326959847573,33.11252850218264,0.36180059405940584,1.1539603960396327,4.4569789674953935,1.0,1.0,1.584962500721156,0.23931958743882092,3.59655831739964,0.8227745521117849,1.793499043977136,0.14367401142913627,1.6770938820936614,-0.2521779830681034,-0.5728207904709912,1.0,1724402880000000000,0.6500632302577203,1,80.0,False,2024-08,0.37601355455910546,-0.011686311795047487
XRPUSDT:5:1724391600000000000:-1:1724399160000000000:1,XRPUSDT:5:1724391600000000000:-1,XRPUSDT,1,1724399160000000000,1724398620000000000,0.5988,0.598,0.6003000000000001,1.8750000000000173,0.5981,0.0,5:1724391600000000000:-1,OBSERVED_OPPOSING_STRUCTURE,0.5983,0.5988,0.6012,0.5981,CONTROL_REJECTION_RETURN,-1.9999999999998415,-0.20531722477987782,-1.0,-1.0,0.2857142857142404,0.25129251822554294,0.03571428571428005,-0.5483870967741704,0.2857142857142404,0.16743528262646373,0.013698630136984843,-0.5757575757575656,1.2857142857142403,0.022186860225048143,0.019354838709677913,0.18749999999999467,0.0,0.0,2.714285714285601,-1.0,0.0,0.690924309545105,0.9120263330877312,-0.9616897607212853,-0.04429140181426212,-0.711038283216503,0.3264956302362343,0.157469215893843,-0.11307883703545782,0.1804032313397987,0.016402714932117382,0.10531105437444171,0.26931157078212303,0.0,1.0,6.265536723163924,3.1945831322991562,0.0,2.302585092994046,0.0,0.031729875994597076,1.506580919117885,0.7741935483870852,0.690924309545105,0.0,1.0,1.1428571428571201,13.360053440214143,0.8975999999999742,1.8750000000000173,2.14285714285712,1.0,0.0,0.0,0.03172987599459713,-0.8571428571427212,0.5319544259466003,2.8571428571427213,0.43262861981693523,1.685562525620541,-0.04977622002907608,-1.0,0.0,1724401260000000000,0.6114754524829722,1,35.0,False,2024-08,0.3236898870419533,-0.01437911818913306
BTCUSDT:5:1724398200000000000:-1:1724399880000000000:1,BTCUSDT:5:1724398200000000000:-1,BTCUSDT,1,1724399880000000000,1724397540000000000,61008.5,60940.1,61093.8,1.247076023391829,60985.0,0.0,5:1724398200000000000:-1,OBSERVED_OPPOSING_STRUCTURE,60989.1,61010.1,61093.9,60940.2,CONTROL_REJECTION_RETURN,-0.7262569832402066,0.39036853093704477,-0.47445255474455433,-0.9431171786120601,-0.08938547486030989,0.09999262509893689,-0.02143950995405107,-0.11125569290825021,-2.534716679968064,-0.07264877542202602,-0.12769379221614544,-0.5402221474250988,6.981644054269614,0.08427538357617835,0.08963849495860375,0.1195811008280534,1.584962500721156,1.3523928094442093,2.4485235434955768,-0.9634317862166161,0.033755274261624536,0.7901431781747853,1.2325019736891363,-0.6011213697988951,-1.1050228000108437,-1.6462696416241762,-1.6462696416241762,-2.221848686266286,0.10780659408813716,-0.1511745824218678,-2.6324031890662827,0.06178910756155791,0.09768650909821863,0.0,1.0,0.0,1.7227665977411035,0.0,1.791759469228055,0.7150837988827115,-0.21737655510776244,2.0866964423588636,0.7842056932966053,0.7901431781747853,0.0,0.3750997605746122,1.091779728651235,11.211552488587895,1.0697245614034858,1.247076023391829,1.361532322426192,1.0,0.0,0.0,-0.21737655510776238,-0.40383080606548,0.880311181259825,0.9018355945730038,0.6732046414156406,0.7498068682488316,-0.6242564734101208,-1.0,0.0,1724400180000000000,0.23710639435183917,1,5.0,False,2024-08,0.3483211167237624,-0.017278177233621437
SOLUSDT:5:1724402100000000000:-1:1724403120000000000:1,SOLUSDT:5:1724402100000000000:-1,SOLUSDT,1,1724403120000000000,1724397420000000000,145.056,144.91500000000002,145.23700000000002,1.2836879432625743,144.966,0.0,5:1724402100000000000:-1,OBSERVED_OPPOSING_STRUCTURE,145.045,145.122,145.247,144.925,CONTROL_REJECTION_RETURN,-0.6899766899767144,-0.2452532892145277,-0.6788990825688229,-0.8817733990147756,-0.25641025641017146,-0.08385891969979917,-0.07024265644952658,-0.18633540372671353,0.34965034965045066,-0.06958566270103633,0.02324140068175342,-0.47305389221555394,3.179487179487451,-0.03249960050830562,0.0472233762636778,-0.047073791348572036,1.584962500721156,2.0104486701928845,2.023310023310136,-0.9055118110236045,0.09448818897639558,0.8588933306448319,0.883789102082774,-0.30600891002579667,-0.520737068485259,-0.2068124004706018,-1.1558454435600662,0.40935739135199933,-0.47621621621622906,-0.048191669930752246,1.1933019976498165,-0.2082185864794192,-0.8436516479993659,1.0,1.0,-0.9112967533700532,1.1631508098056809,0.0,1.9459101490553132,0.19114219114218806,-0.0395419187554019,2.089179784219881,0.6797153024910978,0.8588933306448319,0.0,0.4195804195804613,0.6573426573426564,9.720383851753194,1.2339191489362478,1.2836879432625743,0.8438228438229498,1.0,0.0,0.0,-0.0395419187554019,0.40093240093248494,0.8819714246590973,0.5221445221445299,0.18208403878713253,0.6032600949663184,-0.48128807658833767,-1.0,0.0,1724404320000000000,-0.9559753795431752,0,20.0,False,2024-08,0.3600434633690937,-0.017370891400696906
BTCUSDT:5:1724401800000000000:1:1724404260000000000:1,BTCUSDT:5:1724401800000000000:1,BTCUSDT,1,1724404260000000000,1724402880000000000,61233.0,61188.6,61280.0,1.0585585585585238,61230.0,0.0,5:1724401800000000000:1,OBSERVED_OPPOSING_STRUCTURE,61201.9,61245.5,61317.7,61188.7,CONTROL_ACCEPTANCE_RETURN,-0.7513157894736651,-0.17953762133682127,-1.0,-0.6915544675642842,0.4473684210526316,0.20986333697912565,0.10911424903723027,-0.42592592592592937,1.767105263157933,0.10976767248384868,0.11888111888111717,0.2372805042773738,5.074999999999962,0.07710620570934444,0.07629616442149695,0.5363005584701315,0.0,0.0,1.625,-0.6666666666666666,0.3333333333333333,0.6346654870437931,0.5699014820058692,0.024836400095829797,-0.5324898702901986,-0.01633103664522295,1.1417616662290353,0.42864138940886326,-0.8004247954689047,-0.31833398616006214,-0.5871768507638803,0.7657024072126937,2.3542821139218133,1.0,1.0,-0.3171438164521455,1.5260563034950494,0.0,3.1780538303479458,1.0526315789473684,0.6061319071047773,2.0535162073377786,0.9657924743443547,0.8066044152868695,1.0,0.039473684210526314,0.5842105263158086,7.2509921120966565,1.6543459459458916,1.0585585585585238,0.618421052631579,1.0,1.0,0.0,0.6061319071047772,1.3434210526315598,0.8582600751721325,0.4302631578947943,0.33110135919222095,0.6466873382827817,-0.15185048940600027,-1.0,1.0,1724404560000000000,-0.016122938778757062,0,5.0,False,2024-08,0.314367368117172,-0.021035919153363204
XRPUSDT:5:1724399700000000000:-1:1724405340000000000:1,XRPUSDT:5:1724399700000000000:-1,XRPUSDT,-1,1724405340000000000,1724404380000000000,0.5988,0.5994,0.5982,1.0,0.5984,0.0,5:1724399700000000000:-1,OBSERVED_OPPOSING_STRUCTURE,0.5986,0.5988,0.5989,0.5981,CONTROL_ACCEPTANCE_RETURN,-0.7500000000001388,-0.4093890380100361,-1.0,-0.5000000000000693,-0.125,0.054356673556514266,-0.03225806451612672,-0.16666666666663588,1.3750000000001388,-0.0021474708963526265,0.1047619047619098,0.4166666666666551,0.5,-0.08279390833541884,0.008403361344537189,0.5757575757575656,0.0,0.0,3.250000000000052,-0.25,0.25,0.5451728067885662,0.7803637910032949,-0.035630107339703135,-0.409417204063692,1.6697278343624777,-0.0008368164894356767,0.7245464793783034,0.08592356635058748,-0.08744802494801436,0.3957467082467936,-0.03755197505198564,0.9792532917533452,-0.0,-0.0,1.6049707602338843,2.8094026953624973,0.0,2.833213344056216,0.2500000000001388,0.22575713234196565,2.8814060231813703,2.33333333333284,0.6990023078238202,0.0,-0.5,0.7500000000001388,10.02004008016107,1.19819999999991,1.0,0.7500000000001388,1.0,1.0,0.0,0.22575713234196562,1.0,1.474274930174085,0.12500000000013878,0.09371624058462977,0.8148808975181837,-0.47680524799238466,-1.0,0.0,1724405520000000000,-0.9565709530026073,0,3.0,False,2024-08,0.5596978554207137,-0.011938325316912156
ETHUSDT:5:1724403900000000000:1:1724406000000000000:1,ETHUSDT:5:1724403900000000000:1,ETHUSDT,1,1724406000000000000,1724404680000000000,2673.01,2668.7599999999998,2679.9599999999996,1.6352941176467342,2675.58,0.0,5:1724403900000000000:1,OBSERVED_OPPOSING_STRUCTURE,2672.44,2673.54,2679.97,2670.42,CONTROL_ACCEPTANCE_RETURN,-0.851720047449528,-0.11536838058625655,-1.0,-0.994444444444323,0.06880189798349323,0.12312699240406301,0.01416707376650875,-0.4575916230366033,0.3534994068802528,0.009037536456668369,0.02287029930929018,-0.24285714285708837,1.5373665480427388,0.06552006935340059,0.023488473249238896,-0.2782258064515962,0.0,0.0,1.6156583629893422,-0.869863013698596,-0.11643835616411903,0.36841391005385815,0.6068284682790547,-0.24600047828934013,-0.17516247558002268,-1.2498581317643698,-0.9360478759579127,-0.8376155656047815,-0.7225918476111514,0.05130916155214453,-0.698250296559943,0.0174927364313487,1.0517497034401957,0.0,1.0,0.08222404820594487,1.2809338454620645,0.0,3.1354942159291497,0.4531435349940431,-0.012184566403108775,3.2192858555814183,1.585421412300634,0.36841391005385815,0.0,-0.60972716488725,1.0083036773429508,15.899678639438141,0.754132235294037,1.6352941176467342,1.6488730723604978,1.0,1.0,1.584962500721156,-0.01218456640310869,0.42230130486353024,0.9557743045712629,0.1992882562277964,-0.04785226691592585,0.79396666650263,-0.10260959487408244,-1.0,0.0,1724406120000000000,-0.9653861405505045,0,2.0,False,2024-08,0.17938113532963995,-0.021674371535576276
XRPUSDT:5:1724411400000000000:-1:1724415720000000000:1,XRPUSDT:5:1724411400000000000:-1,XRPUSDT,-1,1724415720000000000,1724413440000000000,0.5981,0.5982999999999999,0.5967,7.000000000000555,0.5975,0.0,5:1724411400000000000:-1,OBSERVED_OPPOSING_STRUCTURE,0.5978,0.5981,0.5982,0.5966,CONTROL_ACCEPTANCE_RETURN,-0.9333333333332643,-0.6969015414287781,-1.0,-1.0,-0.9333333333332643,-0.11876853439918977,-0.3333333333332628,-1.0,0.13333333333332348,0.06218418376303152,0.012048192771083047,-0.30434782608692723,2.6666666666667656,0.027175569082763563,0.048076923076924565,0.23076923076926148,0.0,0.0,2.8750000000002776,-0.8333333333333334,-0.16666666666666666,0.9246060144905069,1.137078569495848,-0.46457164817244745,-0.5239819243668666,-1.154622515775472,-2.656908516909251,-1.7524935031073259,-0.8698572826876226,-0.31211328976035807,-1.8042934782608655,-0.6212200435729063,1.937626811594189,1.0,-0.0,0.38047619047623604,2.0541237336955462,0.0,3.6635616461296463,0.5333333333334419,0.11052223228862526,1.225820203708599,1.6666666666665844,0.6218669048983253,0.0,-0.7999999999999408,0.26666666666664696,3.3439224209994647,3.5892000000003947,7.000000000000555,1.8666666666666765,1.0,1.0,0.0,0.1105222322886252,0.3999999999999704,0.39298209688292507,0.6666666666667653,0.267423867087461,0.4810156197988854,-0.0647978666929782,-0.3529411764705191,0.0,1724415840000000000,-0.9388226972842787,0,2.0,False,2024-08,0.12912637346761713,-0.022924214935947873
BTCUSDT:60:1724396400000000000:1:1724424480000000000:1,BTCUSDT:60:1724396400000000000:1,BTCUSDT,1,1724424480000000000,1724422560000000000,61287.5,60902.8,62301.8,2.636599948011465,61370.0,3.584962500721156,60:1724396400000000000:1,OBSERVED_OPPOSING_STRUCTURE,61093.4,61357.5,62307.6,61357.5,CONTROL_ACCEPTANCE_RETURN,-4.526737967914463,-0.3227847210881108,-1.0,-0.7103274559193955,-4.136363636363696,-0.17917258554281673,-0.34546672621705776,-0.7760467380720545,3.0762032085561604,0.028879472886024035,0.05378555900984031,-0.4524097672100814,2.8355614973262115,0.019847492898078047,0.02486430723421179,-0.2320048309178726,1.584962500721156,7.248646309765061,2.111053984575828,-0.7374144180426758,0.20056383407166753,0.9714756374015745,0.9906460788370396,-1.3644855168605203,-0.2891754778824917,-1.3200803582413823,-0.9315225459760601,-0.21487127326139063,-2.3720281522393893,-3.2701910363697126,0.6894904458598835,-0.8661725999939835,2.386712762696277,1.0,0.0,0.5096240402435863,2.0835995518284998,0.0,3.8501476017100584,12.534759358288872,0.17412889641743318,3.6324777932922845,1.087990614334471,0.9714756374015745,0.0,-1.102941176470599,5.143048128342257,62.7697328166424,0.1905749415128686,2.636599948011465,13.560160427807658,1.0,1.0,1.584962500721156,0.17412889641743312,5.048128342246019,1.2394630495639647,4.71122994652413,0.05458727191679414,2.4668670715157046,-0.3498351222158963,-1.0,0.0,1724424600000000000,-0.9867955959923658,0,2.0,False,2024-08,0.36520936750092414,0.0027632377083765154
ETHUSDT:15:1724420700000000000:-1:1724425380000000000:1,ETHUSDT:15:1724420700000000000:-1,ETHUSDT,-1,1724425380000000000,1724424540000000000,2651.19,2670.3,2631.0200000000004,1.0554683411825998,2646.0,1.584962500721156,15:1724420700000000000:-1,OBSERVED_OPPOSING_STRUCTURE,2644.2,2662.96,2644.2,2631.01,CONTROL_ACCEPTANCE_RETURN,-0.5541401273885578,-0.10995451110386521,-0.40340030911904295,-0.801600000000035,0.26326963906576906,-0.012763867758880524,0.02424716464606519,-0.8404012767897844,6.418259023354519,0.0339122497433705,0.14651286773615,0.40366430260047625,3.0424628450105766,0.0032785211729625336,0.03273557966876047,0.40366430260047625,0.0,0.0,6.870799103808878,-0.7447306791568735,-0.19437939110068636,0.21899261144105958,0.45786917350077616,0.013522625466036997,-0.17119187635501265,0.49032180197028374,-2.1339082116555996,-0.01293522765580387,-1.0691833590139062,0.9593220338982797,5.151223160489485,-0.6960523948325107,1.2670358628650344,-0.0,-1.0,2.1292694855720047,1.6613976513648114,0.0,2.70805020110221,3.1825902335455765,0.22408714747399103,2.2737594969267008,1.3462308205470401,0.3990500402690398,1.0,-1.1019108280254808,4.057324840764327,72.08083917033531,0.16707974882260482,1.0554683411825998,4.2823779193204805,1.0,1.0,0.0,0.22408714747399108,6.341825902335384,1.0091148407582007,-1.0063694267515382,-0.09787789366442015,0.9780647601922944,-0.11001822368680925,-0.6488319517709223,1.0,1724427360000000000,-0.9882524861847661,0,33.0,False,2024-08,0.46199078026754203,-0.005431235006425752
SOLUSDT:60:1724414400000000000:-1:1724425500000000000:1,SOLUSDT:60:1724414400000000000:-1,SOLUSDT,-1,1724425500000000000,1724424600000000000,144.114,144.97,142.91799999999998,1.3971962616822826,143.318,3.584962500721156,60:1724414400000000000:-1,OBSERVED_OPPOSING_STRUCTURE,143.385,144.431,143.385,142.589,CONTROL_ACCEPTANCE_RETURN,-2.5380333951763028,-0.3180566696295012,-1.0,-0.8791064388962089,-5.105751391465816,-0.1393715558039669,-0.5526104417670745,-0.9414385741565978,3.948051948052015,0.04611959188623564,0.08774534059046656,0.320258524626696,-0.18923933209653931,0.02527959303760906,-0.0021148662658103333,0.320258524626696,3.584962500721156,2.948815353766239,1.7044476327115976,-0.7887788778878101,0.09240924092406548,0.6647648531273942,0.5450739361224819,-0.040055530044186494,-0.11638074350323899,1.456967426369804,-0.634251545168496,0.5559849945291707,-2.040099391654524,-4.059476117103258,3.3136949711333274,-1.046275274362558,0.6343569769186876,-1.0,-1.0,2.5049145770522117,1.339377441332139,0.0,2.833213344056216,2.7050092764379614,0.23441819857399235,2.20598212648294,2.0919067215363203,0.4462950837565754,0.0,-2.953617810760709,3.176252319109517,59.39742148576783,0.2026289719626181,1.3971962616822826,4.437847866419498,1.0,1.0,0.0,0.23441819857399235,5.7476808905380885,0.9615825231443025,-0.1966604823747626,-0.04516237117846909,0.9771354004442822,-0.21229229247819043,-0.6579778830963698,0.0,1724432100000000000,-0.9926204113992925,0,110.0,False,2024-08,0.5189581387341045,0.0012244678071333531
BTCUSDT:15:1724420700000000000:-1:1724427480000000000:1,BTCUSDT:15:1724420700000000000:-1,BTCUSDT,-1,1724427480000000000,1724424600000000000,61621.1,61666.1,60750.1,19.355555555555554,60845.4,1.584962500721156,15:1724420700000000000:-1,OBSERVED_OPPOSING_STRUCTURE,61603.3,61626.1,61627.0,60750.0,CONTROL_ACCEPTANCE_RETURN,-2.1979223619464014,-0.272718556510489,-1.0,-0.9184587813620191,-2.9885183160196114,-0.09604183640290256,-0.5813656668793978,-0.9444613976197826,-0.018589393110957638,0.0531834814951592,-0.0004863395794584763,-0.9019650655021803,-9.372334609075907,-0.016601892704966346,-0.0856645977631854,-0.17089371980676327,0.0,0.0,9.706769825918752,-0.5174353205849184,-0.45331833520804243,0.5569979891445754,0.5808656979776341,-0.7409668777673118,0.1678326583332176,1.1193528436703737,1.1193528436703737,0.64233792163992,-1.3198819268263273,-2.0637116306052694,-0.2115514431726697,-0.924806685414342,0.19296205006171205,-0.0,-0.0,-0.21023008476807847,1.6739764335716716,0.0,3.8918202981106265,1.0431930016402482,0.30721503616589835,2.301007606301524,9.13102725366861,0.784730963834829,0.0,-8.482230727173219,0.49207217058501523,7.302693395606375,1.6438293333333331,19.355555555555554,9.524330235101072,1.0,1.0,0.0,0.30721503616589835,9.410606889010298,1.0284928949543508,1.9026790595953922,0.12689019126626833,1.2758671034084392,-0.30671131130666496,-1.0007112375533325,0.0,1724427540000000000,-0.9507560968631711,0,1.0,False,2024-08,0.19435397922964037,0.01041548334993507
ETHUSDT:5:1724425800000000000:1:1724428920000000000:1,ETHUSDT:5:1724425800000000000:1,ETHUSDT,1,1724428920000000000,1724426820000000000,2666.48,2656.68,2678.7,1.2469387755101604,2664.4,0.0,5:1724425800000000000:1,OBSERVED_OPPOSING_STRUCTURE,2664.46,2667.64,2678.71,2667.64,CONTROL_ACCEPTANCE_RETURN,-0.6536412078152336,-0.1998892281608072,-1.0,-0.7813211845102359,-1.9307282415629983,-0.21971000493515716,-0.5548749361919507,-0.9244689221085732,3.2806394316162417,-0.0852745487969252,0.16602247191011124,0.22741629816803077,2.1332149200710453,-0.008840589960958411,0.025802986357288973,0.04816784869976032,0.0,0.0,4.410301953818729,-0.7190476190475376,0.17619047619043185,0.545889048705845,0.4395925272570476,-0.033320233512417724,-0.14935061702922495,0.7126006548419106,0.7126006548419106,0.8373193001364004,-0.834481504625103,-1.2380454266766039,2.3061348397655994,-0.6926828148863944,0.9745045918506423,0.0,1.0,0.5518362406242583,1.4816045409242156,0.0,3.58351893845611,2.5417406749555362,-0.008054467129443908,1.8382591524282321,0.8546470999301233,0.6198645321318965,0.0,0.3694493783303529,1.7406749555950252,36.752572680088285,0.32590775510203474,1.2469387755101604,2.170515097690864,1.0,1.0,1.584962500721156,-0.008054467129443797,1.834813499111933,0.30186040729690145,1.2646536412077714,-0.10163903176682422,0.42717840438474036,-0.20425191054088446,-1.0033670033670772,0.0,1724432160000000000,0.7604694555517374,1,54.0,False,2024-08,0.4556124255539343,-0.006304030153395274
XRPUSDT:15:1724427900000000000:1:1724434020000000000:1,XRPUSDT:15:1724427900000000000:1,XRPUSDT,1,1724434020000000000,1724430420000000000,0.5997,0.5979,0.602,1.2777777777777435,0.6018,1.584962500721156,15:1724427900000000000:1,OBSERVED_OPPOSING_STRUCTURE,0.5989,0.6012,0.603,0.6012,CONTROL_ACCEPTANCE_RETURN,-0.37037037037032466,-0.27151176902660623,-1.0,-1.0,-0.7407407407407316,0.23022801645267674,-0.31250000000000216,-1.0,-1.555555555555528,0.03940868934095155,-0.1428571428571407,-1.0,2.1481481481481297,-0.0280471445742344,0.03247480403135504,0.37226277372262895,0.0,0.0,4.437500000000024,-1.0,0.0,0.6412461005426278,0.5998896870733077,-0.0400728852462518,-0.8638459697249299,-1.274474869336073,-0.7627569282642188,-0.6617077444811759,-0.5932078257659502,0.21126012367972727,1.5113400672646486,-0.9520008644204588,-3.0668956228201765,1.0,0.0,-0.8399999999999408,1.33500106673234,0.0,4.110873864173311,0.29629629629625975,0.46014610049820015,2.5887316919943952,2.750000000000023,0.5647669811400435,0.0,-1.555555555555528,1.3333333333333333,30.015007503752273,0.39919999999999467,1.2777777777777435,1.703703703703658,1.0,1.0,0.0,0.4601461004982002,2.5185185185184547,1.2420125933741337,0.22222222222219482,0.0927807218515733,0.9187532935265915,0.10682381836541627,-0.19811320754716794,0.0,1724434860000000000,0.705731566047295,1,14.0,False,2024-08,0.3841657848239852,-0.010709189608216903
ETHUSDT:15:1724428800000000000:1:1724434200000000000:1,ETHUSDT:15:1724428800000000000:1,ETHUSDT,1,1724434200000000000,1724432160000000000,2677.08,2673.83,2689.1499999999996,3.713846153846064,2678.71,1.584962500721156,15:1724428800000000000:1,OBSERVED_OPPOSING_STRUCTURE,2676.77,2677.61,2689.16,2676.0,CONTROL_ACCEPTANCE_RETURN,-0.2953642384106002,-0.23825969281097864,-0.6109589041095788,-1.0,-0.5986754966887429,-0.2676020031783528,-0.18464052287580926,-1.0,1.4304635761589128,0.011400543507435941,0.1186813186813139,-0.018120522545294393,2.5920529801324275,-0.010003390567148066,0.03724852014693776,0.3614066193853376,0.0,0.0,2.7663316582914423,-0.75,-0.25,1.1330941656689155,0.5348188178037613,-0.1720580541290337,0.2906448172393455,-5.384668451146046,-2.5597932056509176,-3.9262186669297057,-0.4866394440862395,-0.5506841464288397,1.528912474676475,-0.0479913502599032,-0.09844889851756222,-1.0,1.0,1.6014421501147136,1.5546296759391054,0.0,3.5553480614894135,1.3841059602648849,0.39260317292104874,1.6992603363623058,1.1559808612440323,1.1085432064652774,0.0,-0.2158940397351151,0.430463576158943,12.1400929370807,0.9878603076923075,3.713846153846064,1.598675496688713,1.0,1.0,0.0,0.39260317292104874,0.692715231788086,0.6386804359882231,0.921854304635772,0.2646459194924895,0.814410597369332,-0.35285333418442333,-1.0034246575343213,0.0,1724434380000000000,-0.9602113954823553,0,3.0,False,2024-08,0.15845895191121906,-0.01877047952653002
XRPUSDT:60:1724324400000000000:1:1724436480000000000:1,XRPUSDT:60:1724324400000000000:1,XRPUSDT,1,1724436480000000000,1724435880000000000,0.6051,0.604,0.6094,3.9090909090910193,0.6058,3.584962500721156,60:1724324400000000000:1,OBSERVED_OPPOSING_STRUCTURE,0.6048,0.6053,0.6095,0.6047,CONTROL_ACCEPTANCE_RETURN,-1.5714285714285432,-0.39471674275819946,-1.0,-1.0,0.3571428571428147,-0.006674745834034166,0.06666666666665877,-0.7600000000000267,2.4999999999999405,0.11452665232682809,0.16279069767441476,0.11111111111109873,4.4999999999999405,0.017789999356846237,0.0675241157556266,0.5416666666666592,0.0,0.0,2.0430107526881676,-1.0,0.0,0.8719230987918029,0.8536978822326776,-0.5254363428120112,-0.18177861510254667,-4.4235918134993835,-9.35536889717592,-2.044644424276725,-2.4255154639174603,-0.367953897593079,4.555112476614155,0.7250967547358937,-2.055112476614214,1.0,0.0,1.195555555555551,3.4646936932212826,0.0,2.3978952727983707,0.3571428571428147,0.13863765251923746,1.6719613541580254,1.1891891891891966,0.8719230987918029,0.0,-0.5000000000000199,0.7857142857142716,18.178813419269375,0.6595090909090968,3.9090909090910193,3.0714285714286027,1.0,1.0,0.0,0.1386376525192374,0.7857142857142716,0.6230033323795674,0.14285714285712586,-0.2567825286402431,0.8067181040927245,-0.3426964426549333,-1.0,0.0,1724447760000000000,2.0228475240858255,1,188.0,False,2024-08,0.12161851073530089,-0.019589609679872257
BTCUSDT:15:1722629700000000000:1:1724436960000000000:1,BTCUSDT:15:1722629700000000000:1,BTCUSDT,-1,1724436960000000000,1724436060000000000,63057.1,63266.1,62649.299999999996,1.9511961722488178,63181.0,1.584962500721156,15:1722629700000000000:1,OBSERVED_OPPOSING_STRUCTURE,62966.0,63077.3,63080.9,62649.2,CONTROL_REJECTION_RETURN,-0.8711340206185404,-0.09516073386286278,-1.0,-0.9385736595523009,0.3474226804123721,0.08613663560156795,0.0503661635032142,-0.5334586466165467,-6.539175257731829,-0.10188489965610689,-0.366647398843931,-0.7323510570147322,-4.954639175257624,0.0027702668145586076,-0.07788798133022136,-0.8339427662957064,1.584962500721156,7.6098952363771275,3.659946866697955,-0.8004658385092874,-0.10791925465839396,0.6707865476990771,0.7724590085350767,-0.27707299769549837,-0.20051917208567946,-2.538026779355107,1.966767712593409,-1.579188565091254,-0.8902667338234093,0.06656848306330201,-5.483873343151603,0.28085419734907013,-1.0553019145802258,-1.0,-1.0,-5.98027274946809,7.604927680791703,0.0,2.772588722239781,0.438144329896899,-0.20403380065209445,2.675057282885477,0.7670176758179752,0.5315605695082602,0.0,0.6386597938144285,1.0773195876288457,33.14456262657179,0.3626503349282296,1.9511961722488178,2.1020618556700787,1.0,0.0,0.0,-0.20403380065209448,-1.0030927835051284,1.309045061765811,1.738659793814378,0.15080308893787728,1.0458886483968126,-0.11772329709048296,-1.0,0.0,1724437320000000000,-0.9783383457065784,0,6.0,False,2024-08,0.4228288271435403,-0.0022845492844218614
ETHUSDT:5:1724435400000000000:1:1724438340000000000:1,ETHUSDT:5:1724435400000000000:1,ETHUSDT,-1,1724438340000000000,1724436060000000000,2729.41,2739.9300000000003,2718.6000000000004,1.0275665399238634,2730.8,0.0,5:1724435400000000000:1,OBSERVED_OPPOSING_STRUCTURE,2725.99,2731.32,2732.28,2711.06,CONTROL_REJECTION_RETURN,-0.5847554038680198,-0.14479570584560103,-1.0,-0.8659420289853816,-0.5164960182025008,0.13160378694329902,-0.14258793969849473,-0.945144551519594,-5.978384527872576,-0.09622738594160649,-0.2953740655387565,-0.6678780218043854,-7.172923777019339,-0.01746512715428164,-0.12028540359043736,-0.8069966026994724,0.0,0.0,6.730375426621223,-0.8894472361808913,0.07537688442227017,0.24663369872975252,0.5148442702657028,-0.14449146686953235,-0.1272547038018646,-2.1621066981314385,-3.2859644696081602,-1.4135162454941839,-1.2948708306697432,-0.5585307092607188,-6.689916468223945,0.042034691058218,0.7115319403513691,-0.0,-1.0,-1.8739835237842222,1.1631508098056809,0.0,3.6635616461296463,1.0375426621160329,-0.2518528802884815,2.0994928580973733,0.92958459979735,0.32216442584596994,1.0,0.15813424345851346,1.1968145620023298,38.543128368403565,0.3119395437262228,1.0275665399238634,1.2298065984072282,1.0,0.0,0.0,-0.2518528802884815,-1.1547212741752142,0.8888808544190636,1.7918088737201439,0.12317134878589289,0.8044510329106307,0.08581352893138096,-0.14087707339240743,1.0,1724439780000000000,0.6130763353628164,1,24.0,False,2024-08,0.35523635620361615,-0.013164736820944475
ETHUSDT:5:1724437500000000000:1:1724439420000000000:1,ETHUSDT:5:1724437500000000000:1,ETHUSDT,1,1724439420000000000,1724438400000000000,2727.48,2726.4799999999996,2732.39,4.909999999997622,2729.94,0.0,5:1724437500000000000:1,OBSERVED_OPPOSING_STRUCTURE,2727.3,2728.36,2732.4,2727.0,CONTROL_ACCEPTANCE_RETURN,-0.4505363528009842,-0.33306868798855327,-1.0,-0.6468172484598987,-0.42908224076280854,-0.12112720694189685,-0.17208413001911926,-0.6649746192892776,0.5148986889154028,-0.022592365358315686,0.032520325203253785,0.13790713790713793,10.109654350417337,0.02495956182619492,0.17645835066988474,0.7442697091170714,0.0,0.0,2.2502979737783546,-0.7123745819397795,0.2876254180602205,0.3417827962712099,0.5111379703840666,0.13888960828903496,-0.46053346082660274,0.0,0.8338670982499519,0.3300612736402121,-0.3348266656250077,-0.7167443854157094,1.134496733214684,0.28766214465290085,-0.6195980442992812,1.0,1.0,-0.08174928894573452,1.3862943611198906,0.0,2.8903717578961645,0.501787842669857,0.09213167125136766,0.9683512537520604,2.0,0.3417827962712099,0.0,-0.29320619785459756,0.11918951132305959,3.6663880211787245,3.272375999998511,4.909999999997622,0.5852205005959391,1.0,1.0,0.0,0.09213167125136777,0.9880810488677103,0.282709541154696,0.228843861740179,-0.060045034217795765,0.25243444816421823,-0.4429007302817348,-1.0,0.0,1724439480000000000,-0.9399910871518599,0,1.0,False,2024-08,0.2040801351949217,-0.020602549308900066
XRPUSDT:5:1724438100000000000:-1:1724440320000000000:1,XRPUSDT:5:1724438100000000000:-1,XRPUSDT,-1,1724440320000000000,1724439480000000000,0.6071,0.6086,0.6053999999999999,1.1333333333333135,0.6056,0.0,5:1724438100000000000:-1,OBSERVED_OPPOSING_STRUCTURE,0.6069,0.6081,0.6083,0.6045,CONTROL_ACCEPTANCE_RETURN,-0.714285714285737,-0.5469791756274096,-1.0,-0.8333333333333488,-1.357142857142908,-0.1874895293453405,-0.5428571428571374,-0.925925925925932,-1.0714285714285658,0.012277579630795748,-0.08982035928143123,-0.29999999999996674,-6.928571428571593,-0.0568841213680997,-0.12847682119205128,-0.6033057851239556,1.584962500721156,1.5686159179138452,2.071428571428645,-0.7142857142857143,-0.0,0.622980588195726,0.7822749604558965,-0.039546653082143834,-0.29959615429677117,-0.0,-0.0,-0.3883190203819533,-0.8956043956043802,-1.0518644392322176,-2.2596883555702774,-0.30527841791069044,1.1882597841417115,-1.0,-0.0,0.6853448275862144,1.5260563034950494,0.0,2.995732273553991,0.6428571428571712,0.1310588012765071,2.3292158612351694,2.363636363636327,0.622980588195726,0.0,-1.0714285714285658,1.0714285714286451,24.707626420689458,0.4862799999999815,1.1333333333333135,1.2142857142857766,1.0,1.0,1.584962500721156,0.13105880127650707,1.428571428571474,0.4811860950840004,0.714285714285737,-0.11961941160977872,0.4503967199418877,-0.5998006169316679,-1.0,0.0,1724440800000000000,-0.9734906206197492,0,8.0,False,2024-08,0.5073471397833754,-0.006996427403870511
XRPUSDT:5:1724438700000000000:1:1724442660000000000:1,XRPUSDT:5:1724438700000000000:1,XRPUSDT,1,1724442660000000000,1724440500000000000,0.6063,0.6052,0.6083000000000001,1.8181818181819374,0.6085,0.0,5:1724438700000000000:1,OBSERVED_OPPOSING_STRUCTURE,0.6063,0.6073,0.6094,0.6073,CONTROL_ACCEPTANCE_RETURN,-0.6923076923077186,-0.5410334069942235,-0.8181818181818366,-0.3750000000000867,-1.4615384615385074,-0.3287586143280458,-0.4222222222222299,-0.6428571428571853,-0.38461538461543715,-0.06981209307314863,-0.029585798816570537,-0.2653061224490175,5.307692307692367,0.03283204868009836,0.09019607843137,0.4482758620689524,0.0,0.0,2.3571428571429873,-0.5384615384615778,0.3076923076922814,1.7186954304757402,1.2216078007155606,-0.2975358289028185,-0.039327808433848976,0.0,1.4389698615058233,0.341519274751738,0.42569489680144645,0.44160428943040253,1.689547167808051,-1.90314275096891,-2.074162552423488,1.0,0.0,-1.0387096774193667,1.9459101490553132,0.0,3.6109179126442243,0.3846153846153518,0.33141460092451175,1.675835920724221,3.444444444444513,1.2425889950976352,0.0,-1.692307692307804,0.8461538461538592,18.142833580735445,0.6608181818181879,1.8181818181819374,1.5384615384616633,1.0,1.0,0.0,0.3314146009245118,1.5384615384615778,0.6252172965135325,0.3076923076922814,0.0790792637571182,0.9208842506373988,-0.4874898022517994,-0.789473684210551,0.0,1724443500000000000,0.8023870799405121,1,14.0,False,2024-08,0.49307057201243054,-0.0037122660986995595
XRPUSDT:5:1724438700000000000:1:1724443500000000000:1,XRPUSDT:5:1724438700000000000:1,XRPUSDT,-1,1724443500000000000,1724440500000000000,0.6085,0.6095,0.6073999999999999,1.1000000000001,0.6085,0.0,5:1724438700000000000:1,OBSERVED_OPPOSING_STRUCTURE,0.6084,0.6086,0.6089,0.6058,CONTROL_REJECTION_RETURN,-1.0000000000000855,-0.3444892906188387,-1.0,-0.8947368421052755,-1.1538461538462261,0.07232896376161303,-0.2727272727272801,-0.928571428571437,-2.461538461538593,0.045641077108690205,-0.17582417582417878,-0.5609756097561029,-6.84615384615403,-0.04217200423458878,-0.11695137976346774,-0.8260869565217399,0.0,0.0,2.3571428571429873,-0.9230769230769362,0.07692307692306379,0.8017675529725723,1.1983188687168802,-0.7273257292781146,-0.26953677036392387,-1.6436554898091593,-1.6436554898091593,-1.6441972039742214,-1.1971187025534682,-1.313060731538966,-3.5816917960614205,0.15921457769273983,1.1201533345228274,-0.0,-0.0,-0.6531165311652982,1.9459101490553132,0.0,3.9318256327243257,0.6923076923077186,-0.2592427003758592,2.5007645397333973,1.0,0.8017675529725723,1.0,-0.0,0.7692307692307889,16.43385373870174,0.7307999999999992,1.1000000000001,0.8461538461539447,1.0,0.0,1.584962500721156,-0.25924270037585934,-2.6923076923077187,0.5573966235155545,0.38461538461543715,-0.04094442471987952,0.6385563473969976,-0.4274255820807545,-1.0,1.0,1724445120000000000,0.34239411994535734,1,27.0,False,2024-08,0.46277948573634176,-0.011633969974821037
BTCUSDT:5:1724441700000000000:-1:1724445900000000000:1,BTCUSDT:5:1724441700000000000:-1,BTCUSDT,1,1724445900000000000,1724443020000000000,63589.9,63410.8,63770.700000000004,1.0094919039642902,63469.3,0.0,5:1724441700000000000:-1,OBSERVED_OPPOSING_STRUCTURE,63577.2,63593.1,63770.8,63520.0,CONTROL_REJECTION_RETURN,0.5555233400985938,0.3038658131110119,1.0,0.997916666666697,-0.293418382139741,-0.051914934242077763,-0.09325469959454236,0.5073028237585375,-0.018556103218307196,-0.07434075975936132,-0.001614205004034061,-0.005279244234513647,11.776746883154496,0.03619575702103582,0.18999373204980857,0.824957118353346,0.0,0.0,2.013643410852695,0.9950124688280025,0.0,0.24091375052961228,0.4784697686357784,-0.018408005367762714,0.224898749874285,0.015725792501530833,-0.031469323118482606,0.36545955226525567,0.11194899817851398,-0.31647260916147335,0.8708013211702513,0.023054227021732376,-0.8893574243885585,1.0,1.0,-2.439419963395758,1.6863989535702286,0.0,3.8918202981106265,0.33864888373442276,-0.2111042965162762,2.3692687210510766,0.6000000000000049,0.5482784484201849,0.0,0.6993331400405801,1.038561902000567,28.164850078392725,0.42546298157454276,1.0094919039642902,1.048419831835327,1.0,0.0,1.584962500721156,-0.21110429651627619,-0.9689765149318518,0.4983307819730304,1.0663960568280701,0.016277569827358725,0.4575604517755446,-0.07957463141944884,-0.07337180544105022,0.0,1724447940000000000,0.49640385761399897,1,34.0,False,2024-08,0.46295273942594095,-0.009514519824892455
ETHUSDT:15:1724448600000000000:1:1724451120000000000:1,ETHUSDT:15:1724448600000000000:1,ETHUSDT,1,1724451120000000000,1724450700000000000,2775.38,2770.0899999999997,2783.91,1.6124763705102214,2781.12,1.584962500721156,15:1724448600000000000:1,OBSERVED_OPPOSING_STRUCTURE,2772.48,2776.78,2783.92,2776.78,CONTROL_ACCEPTANCE_RETURN,-0.8085409252668964,-0.5169080961674101,-0.8328445747800146,-0.8367346938774887,0.45409252669040806,-0.08588572546663496,0.0823650916602131,-0.2659498207885366,2.8170818505338575,0.04466504193930844,0.1315911962231542,0.46614268440145423,9.081850533808032,0.0430423966289801,0.14201762977473228,0.7568832599118958,0.0,0.0,3.0544600938966635,-0.7559055118109729,0.11286089238851597,0.5816366478174495,0.6817951494668054,0.09339785449597815,-0.3680117286033377,-0.03603097222248941,1.90897510140009,0.19091672914069244,-0.24629689202188781,0.5603795966785373,3.5588810641627253,-0.10628706998812926,-0.7417992136288678,1.0,1.0,1.7615732128620945,1.2039728043259361,0.0,2.0794415416798357,0.43985765124558085,0.12592926866384796,2.187862163257394,3.049999999999789,0.5816366478174495,0.0,-0.8170818505337927,0.7530249110321027,19.060452983016447,0.6289758034025966,1.6124763705102214,1.214234875444827,1.0,1.0,0.0,0.12592926866384807,1.154448398576553,0.9490391209430822,0.34733096085410703,-0.20739468150803816,0.860950209599625,-0.6506899446476982,-1.0,0.0,1724451840000000000,0.7091600764264624,1,12.0,False,2024-08,0.3602545451116367,-0.01190218583357901
SOLUSDT:15:1724448600000000000:1:1724451420000000000:1,SOLUSDT:15:1724448600000000000:1,SOLUSDT,1,1724451420000000000,1724450460000000000,152.539,151.848,153.388,1.2286541244573803,152.248,1.584962500721156,15:1724448600000000000:1,OBSERVED_OPPOSING_STRUCTURE,152.158,153.037,153.627,153.037,CONTROL_ACCEPTANCE_RETURN,-0.9294935451837446,-0.26828005178767056,-1.0,-0.9417879417880177,-0.2879841112214687,0.08850670006938875,-0.05684045472364144,-0.9663299663299966,3.042701092353475,0.09800946571667778,0.1643776824034327,0.05836826830054287,7.245283018867881,0.056675599389820475,0.12923338529120043,0.5050008476012857,0.0,0.0,2.5642105263158177,-0.8666666666667846,-0.008888888888931556,0.6548832020458799,0.622546777339362,-0.18768088401694802,-0.10191936549849248,-0.1638465604980599,-0.34531417532401854,0.20667482317845057,-0.6546619217082106,-0.3511094933331803,2.579713535500594,0.06312538211171159,0.4629875568528812,1.0,0.0,0.5702039930555454,1.120591195386885,0.0,2.833213344056216,3.477656405163845,0.3356547781752493,2.0501348917480673,0.7889775199419922,0.6536819754425125,1.0,0.5779543197616591,1.3723932472690579,45.299890519799796,0.2643013024602125,1.2286541244573803,1.6861966236345853,1.0,1.0,0.0,0.3356547781752493,1.1638530287983742,0.8560267102665933,2.0595829195630606,0.1708252152598831,1.4179922069134538,-0.07087385433428951,-1.0055248618784793,1.0,1724452020000000000,0.8176428600357621,1,10.0,False,2024-08,0.3156779909284215,-0.01319399489102539
BTCUSDT:5:1724450700000000000:1:1724453820000000000:1,BTCUSDT:5:1724450700000000000:1,BTCUSDT,1,1724453820000000000,1724448060000000000,64340.1,64244.3,64545.4,2.143006263048145,64455.0,0.0,5:1724450700000000000:1,OBSERVED_OPPOSING_STRUCTURE,64322.7,64350.1,65000.0,64244.4,CONTROL_ACCEPTANCE_RETURN,-0.49696194435564495,-0.2151292016580341,-1.0,-0.9974259974260348,-1.6028141989127014,-0.12921308367299925,-0.6187654320987507,-0.9992655159750382,-0.21362328110010723,0.0570447233212589,-0.01288978079654261,-0.7466913710958252,6.902462424048655,0.059115740262757226,0.10166553621222402,0.3508116084604018,1.584962500721156,7.625497506397463,1.3000314169023204,-0.9959839357430306,0.004016064256969436,0.7109751962958424,0.2695641584297265,0.028084413548413206,-0.01923459267857172,-0.38556689018864887,0.5604627047772759,0.09793731038114342,-0.9378060412909957,-1.7179419688477513,-0.3507904424357081,0.11512776993504992,0.1371671613356009,1.0,1.0,-6.596391912908237,1.6863989535702286,0.0,3.4339872044851463,1.565078349856088,0.2231059634614931,2.86175459393351,1.2108256880733972,0.7109751962958424,0.0,-0.7348896706108252,0.6127278541733069,14.88962559896482,0.805330271398784,2.143006263048145,1.313079629037447,1.0,1.0,1.584962500721156,0.22310596346149317,1.2874960025583466,0.7416894320989528,0.583946274384418,0.0046290239384285704,1.0462834845161126,-0.22935048591204643,-1.0,0.0,1724453940000000000,-0.9641329109820499,0,2.0,False,2024-08,0.18470572557566198,-0.020142916501545437
