tree
version=v4
num_class=1
num_tree_per_iteration=1
label_index=0
max_feature_idx=91
objective=binary sigmoid:1
feature_names=risk_bps risk_range cost_r planned_rr defense_age target_scale defense_prominence target_prominence defense_distance target_distance move_5 flow_5 efficiency_5 activity_5 location_5 value_distance_5 market_move_5 relative_move_5 move_15 flow_15 efficiency_15 activity_15 location_15 value_distance_15 market_move_15 relative_move_15 move_60 flow_60 efficiency_60 activity_60 location_60 value_distance_60 market_move_60 relative_move_60 move_240 flow_240 efficiency_240 activity_240 location_240 value_distance_240 market_move_240 relative_move_240 move_block_0 flow_block_0 range_block_0 location_block_0 move_block_1 flow_block_1 range_block_1 location_block_1 move_block_2 flow_block_2 range_block_2 location_block_2 move_block_3 flow_block_3 range_block_3 location_block_3 move_block_4 flow_block_4 range_block_4 location_block_4 move_block_5 flow_block_5 range_block_5 location_block_5 move_block_6 flow_block_6 range_block_6 location_block_6 move_block_7 flow_block_7 range_block_7 location_block_7 high_change_15 low_change_15 high_change_60 low_change_60 high_change_240 low_change_240 inventory_change_5 inventory_change_15 inventory_change_60 inventory_change_surprise spot_flow_15 relative_flow_15 spot_move_15 relative_spot_move_15 premium_bps premium_change_15 spot_participation futures_participation
feature_infos=[0.043027902160704963:1321.3310964769526] [0.00095889659476231426:8.485531351489648] [0.009081750994883446:278.88879999729437] [1:4144.9999999597885] [1:49.666666666666664] [1.0986122886681098:3.8712010109078911] [0.25599999999999046:6.2857142857134249] [0.16069214131218248:6.4242424242424452] [0.0037137905422494457:32.864321608040328] [1.6016427104722262:130.82972235596316] [-6.5039224167877929:6.5039224167877929] [-0.9010946114443924:0.9010946114443924] [-1.0052539404548808:1.0052539404548808] [0.049599984895395237:39.069865157756418] [0:1] [-2.7864616258795984:2.9849782761147172] [-5.7960946320589084:5.7960946320589084] [-4.7235142936259003:6.1286232598744661] [-4.3611039913800793:4.7522111846335537] [-0.62798359536819404:0.62798359536819404] [-0.74047829937997589:0.6202865140786864] [0.059482239176449299:47.831874111696123] [0:1] [-1.9716405447042733:2.2212403349280283] [-3.4184034488644164:4.2287499078523254] [-2.7031270192812196:4.0085717911985919] [-2.696248524882829:2.77389347768912] [-0.36466618972344811:0.36466618972344811] [-0.34808418780358363:0.35810810810811122] [0.13302104295006403:50.505033292723816] [0:1] [-1.4527754362376835:1.5874654491499594] [-2.4699141653389933:2.4699141653389933] [-2.1931528555964439:2.5528963891237964] [-3.93988979279598:3.93988979279598] [-0.18789306439951814:0.18441943036785274] [-0.1892997467156704:0.1562328313634902] [0.36175637434781077:13.871114664185729] [0:1] [-1.6230518517825574:1.4235607638841621] [-2.6512032646174633:2.6512032646174633] [-2.9063256097184595:2.5046755353793406] [-6.5039224167877929:6.5039224167877929] [-0.9010946114443924:0.9010946114443924] [0.067188557770234109:9.491083293143145] [0:1] [-5.3930002367236742:5.9992067689018498] [-0.9010946114443924:0.89082155790026574] [0.069868248757133003:8.435154233362681] [0:1] [-4.7251337108554399:5.5901699437494363] [-0.9010946114443924:0.87372708813495781] [0.080472931382475035:8.2120582145961762] [0:1] [-5.337449783543784:5.1212937650107815] [-0.9010946114443924:0.87372708813495781] [0.082180133333070393:7.780876160369175] [0:1] [-5.0756778834605303:5.0756778834605303] [-0.9010946114443924:0.87372708813495781] [0.084655315075046367:7.5467294240617768] [0:1] [-5.0415348881927935:5.0415348881927935] [-0.9010946114443924:0.89082155790026574] [0.085304939286321574:7.5119518691121865] [0:1] [-4.822690090268174:4.8534532253061897] [-0.9010946114443924:0.89082155790026574] [0.08604065194270466:7.4348622832261908] [0:1] [-4.8833118428697562:4.8545740911830926] [-0.9010946114443924:0.89082155790026574] [0.085756188689643006:7.2609957933066482] [0:1] [-17.902120933857269:18.50258257498804] [-18.50258257498804:15.996707916757471] [-27.476071718444036:25.05446647013332] [-22.745238181115266:27.280089039010097] [-21.449365737606573:17.679778643953423] [-17.625469839722307:21.449365737606573] [-305.02239687042021:559.65009003923433] [-453.68317521440105:1473.8436064892112] [-1106.7948104182078:1906.4926770597879] [-16.968406818586182:38.522324539112752] [-0.74251866510270792:0.74251866510270792] [-0.8406344855288983:0.8406344855288983] [-762.44849630211502:464.71425950472599] [-34.005481163381646:31.428070968786415] [-43.302:28.993600000000001] [-47.801500000000004:43.106200000000001] [0.06329257373856334:3.2707986873573955] [0.08866079109224384:3.4321175058027564]
tree_sizes=1782 1789 1783 1775 1791 1778 1792 1788 1776 1791 1786 1781 1792 1781 1784 1789 1776 1792 1779 1782 1787 1791 1792 1792 1788 1786 1778 1784 1782 1788 1784 1785 1777 1795 1805 1795 1785 1789 1783 1796 1786 1793 1783 1793 1783 1794 1790 1804 1793 1793 1795 1796 1788 1808 1802 1797 1801 1785 1801 1793 1796 1783 1798 1788 1783 1784 1797 1782 1782 1801 1798 1800 1776 1791 1781 1794 1774 1776 1786 1785 1780 1779 1791 1808 1804 1779 1786 1772 1804 1800 1789 1782 1802 1784 1787 1791 1779 1792 1792 1774 1788 1787 1781 1798 1791 1788 1791 1784 1797 1785 1777 1771 1780 1795 1796 1765 1794 1788 1777 1807 1784 1795 1772 1775 1794 1794 1770 1776 1776 1795 1775 1778 1793 1788 1811 1789 1790 1781 1783 1769 1797 1801 1784 1791 1785 1788 1784 1801 1791 1776 1790 1773 1798 1790 1790 1784 1775 1775 1794 1787 1800 1779 1787 1778 1792 1771 1784 1778 1791 1802 1779 1781 1778 1785 1803 1797 1759 1794 1790 1791 1793 1779 1792 1780 1792 1793 1797 1793 1786 1791 1781 1779 1784 1766 1786 1788 1771 1774 1782 1792 1788 1797 1789 1798 1780 1787 1769 1789 1794 1771 1767 1772 1787 1798 1784 1774 1788 1777 1792 1780

Tree=0
num_leaves=15
num_cat=0
split_feature=3 78 3 74 79 79 23 79 7 4 86 76 79 7
split_gain=725.151 145.663 114.402 60.4664 51.3146 50.1132 45.147 43.3747 41.7299 41.6619 38.9605 38.4034 37.519 44.4281
threshold=2.7631461780005848 -3.3902669878620908 1.4490769856895793 -0.061524544395231716 0.37921878577658585 5.6809284628524397 -0.23538896673348728 1.6833791559102556 0.88145565578149432 1.5000000000000002 7.0254170812261716 -3.9041893477876597 -0.86120654560521348 1.8842385138739082
decision_type=2 10 2 2 8 8 2 8 2 2 2 10 10 2
left_child=1 3 6 12 -5 8 -3 -2 -4 10 -8 -11 13 -1
right_child=7 2 5 4 -6 -7 9 -9 -10 11 -12 -13 -14 -15
leaf_value=0.012678189625137573 -0.0088184398129970334 0.019393192032927106 -0.01089863450039039 -0.017016319089937601 -0.00063733641397684809 0.017744373797166455 0.0034924297710330569 -0.0021433070195805374 0.005251469729906897 -0.0080611638929687802 0.019266195535094816 0.0092639470699056974 -0.0039329716509631197 -0.013101889523779402
leaf_weight=562.87550285831094 4938.7814715230415 991.0055252276361 184.47460616752505 412.16487435251474 515.3720479849726 369.30385342054069 250.19734904170036 1590.557179911877 5947.7404937464744 152.65776558220387 974.13075768202543 2396.9019946157932 429.32209332287312 78.649944510310888
leaf_count=2325 37208 3083 1047 1903 2381 1833 602 11779 29847 642 2835 10706 1920 389
internal_value=0.0023304 0.00702725 0.00856964 -0.00166714 -0.00812113 0.00552308 0.0126861 -0.00720388 0.00473178 0.0108319 0.0161507 0.00817192 0.00396951 0.00921704
internal_weight=19794.1 13264.8 11266.4 1998.38 927.537 6501.52 4764.89 6529.34 6132.22 3773.89 1224.33 2549.56 1070.85 641.525
internal_count=108500 59513 50595 8918 4284 32727 17868 48987 30894 14785 3437 11348 4634 2714
is_linear=0
shrinkage=0.035


Tree=1
num_leaves=15
num_cat=0
split_feature=3 78 3 74 79 54 79 79 7 78 32 41 7 3
split_gain=676.139 135.623 107.546 56.4819 48.232 44.8971 41.1014 34.8998 41.6721 33.5098 32.8272 30.7936 43.0754 31.3517
threshold=2.7631461780005848 -3.3902669878620908 1.7220450068434954 -0.061524544395231716 0.37921878577658585 -0.14197257000007948 2.1894624590279608 -0.86120654560521348 1.8842385138739082 -2.9665701015650785 0.31862784061711147 -0.3105922378641276 1.4526030523463136 3.8156009799977828
decision_type=2 10 2 2 8 2 8 10 2 10 2 2 2 2
left_child=1 3 5 7 -5 -3 9 8 -1 -2 -6 12 -11 -13
right_child=6 2 -4 4 10 -7 -8 -9 -10 11 -12 13 -14 -15
leaf_value=0.012217385857746678 -0.015973906326955105 0.0074805858736869593 0.004086982974691602 -0.016512294794848163 0.0044919520273209584 0.01342671016768243 -0.0013936191987638912 -0.0038047296942580193 -0.012765558895958722 -0.0098939387000726298 -0.014835855593927014 -0.0044298842087787749 0.0080543793550691151 -0.010897280355914802
leaf_weight=564.38856675475836 619.61834302498028 2694.2977522537112 4561.3853997252882 410.5197753123939 389.17987578362226 4027.3316673561931 1300.0517752409214 428.94106078520417 78.427747666835785 278.15166363236494 126.11445881798863 1542.5525836478919 343.51116355784325 2415.519185161218
leaf_count=2325 4582 10603 23774 1903 1766 16218 9628 1920 389 2153 615 9476 2891 20257
internal_value=0.00225081 0.0067747 0.00826071 -0.00161752 -0.00786474 0.0110725 -0.00698551 0.00382422 0.00887609 -0.00837301 -0.000615954 -0.00727966 -3.43443e-05 -0.00841173
internal_weight=19780 13280.6 11283 1997.57 925.814 6721.63 6499.4 1071.76 642.816 5199.35 515.294 4579.73 621.663 3958.07
internal_count=108500 59513 50595 8918 4284 26821 48987 4634 2714 39359 2381 34777 5044 29733
is_linear=0
shrinkage=0.035


Tree=2
num_leaves=15
num_cat=0
split_feature=3 78 3 74 79 79 7 79 23 4 76 76 79 7
split_gain=630.559 126.342 102.138 52.8249 47.5106 45.2605 41.8712 38.8143 37.4519 41.6608 39.638 34.2334 32.4675 39.0949
threshold=2.7631461780005848 -3.3902669878620908 1.4062499999999856 -0.061524544395231716 5.6809284628524397 0.37921878577658585 0.88145565578149432 1.6833791559102556 -0.23538896673348728 1.5000000000000002 2.6591449371130556 -3.9041893477876597 -0.86120654560521348 1.8842385138739082
decision_type=2 10 2 2 8 8 2 8 2 2 10 10 10 2
left_child=1 3 8 12 6 -5 -4 -2 -3 10 -10 -11 13 -1
right_child=7 2 4 5 -6 -7 -8 -9 9 11 -12 -13 -14 -15
leaf_value=0.011775213958789778 -0.0083170553586371081 0.018470058654282095 -0.010887396081720695 -0.016023356692402482 0.01684645400170531 -0.00060815165260568133 0.0050158532408110792 -0.0019874823961388544 0.017757459129852805 -0.0081480715716980186 -0.0050528092454673983 0.0086695835630708363 -0.0036805942124183495 -0.0124380656770755
leaf_weight=565.81166815012693 4883.9438152091316 914.93491366505623 191.2630493491888 408.87951968610287 390.7337442599237 515.31849516928196 6283.1819565445185 1585.7504220845876 1050.0817604139447 143.36814492568374 93.721136540174484 2231.3751469217241 428.56994757801294 78.206064146012068
leaf_count=2325 37208 2810 1087 1903 1912 2381 31196 11779 2897 599 262 9832 1920 389
internal_value=0.00217174 0.00652971 0.00796191 -0.00157284 0.00526277 -0.00762302 0.00451397 -0.00677656 0.0120991 0.0103474 0.0158337 0.0075947 0.00368443 0.00854881
internal_weight=19765.1 13295.4 11298.7 1996.79 6865.18 924.198 6474.45 6469.69 4433.48 3518.55 1143.8 2374.74 1072.59 644.018
internal_count=108500 59513 50595 8918 34195 4284 32283 48987 16400 13590 3159 10431 4634 2714
is_linear=0
shrinkage=0.035


Tree=3
num_leaves=15
num_cat=0
split_feature=3 78 3 3 7 74 34 79 23 4 79 90 9 76
split_gain=588.873 101.137 69 67.094 49.923 46.4492 47.0075 44.693 35.5116 38.4035 30.4402 28.1286 26.9462 47.1896
threshold=2.3673469387755026 -2.3666317366255454 3.2778194236215468 1.4062499999999856 1.6956784765511943 -0.38190017062326126 0.026191048388082134 3.9165694068686498 -0.23538896673348728 1.1666666666666667 1.6833791559102556 0.36264092220414967 18.901130498515368 1.990698462576034
decision_type=2 10 2 2 2 2 2 8 2 2 8 2 2 10
left_child=1 4 -2 8 5 -1 -7 -5 -3 -10 -4 -9 -12 -14
right_child=2 3 10 7 -6 6 -8 11 9 -11 12 -13 13 -15
leaf_value=0.009930757445912583 -0.0010183491301933251 0.01838471097117312 -0.0092815700130911283 0.0049514597180313775 -0.0073803113921987089 0.0077637699966622287 -0.0083132810213528332 -0.0055634894115849107 0.017852486128841851 0.0082752342741548805 -0.0045806933520820816 0.019158036965112691 -0.0029050867810470563 0.039976550419527079
leaf_weight=776.12289031222463 3013.3442723732442 864.06918485090137 3769.4877553543556 4757.8294873610139 670.65239375084639 360.12661401927471 519.53257599845529 55.807504363358021 648.58162494003773 2673.3569564931095 1114.5955657263985 414.68115701340139 84.637117383535951 27.839679985307157
leaf_count=3094 17502 2658 30621 23029 3175 1517 2157 301 1563 11305 8059 1964 1156 399
internal_value=0.00209731 0.00708417 -0.00521179 0.00869596 0.000543294 0.00380242 -0.00170517 0.00601395 0.0120013 0.0102408 -0.00772664 0.0161184 -0.00287774 0.0121416
internal_weight=19750.7 11740.8 8009.9 9414.33 2326.43 1655.78 879.659 5228.32 4186.01 3321.94 4996.56 470.489 1227.07 112.477
internal_count=108500 50763 57737 40820 9943 6768 3674 25294 15526 12868 40235 2265 9614 1555
is_linear=0
shrinkage=0.035


Tree=4
num_leaves=15
num_cat=0
split_feature=3 78 3 74 79 54 79 78 36 32 79 7 41 7
split_gain=549.704 111.541 89.9713 46.9565 42.5028 40.8895 35.4071 32.4072 31.0642 30.8093 30.2247 35.5229 29.3013 40.7857
threshold=2.7631461780005848 -3.3902669878620908 1.7220450068434954 -0.061524544395231716 0.37921878577658585 -0.14197257000007948 2.1894624590279608 -2.9665701015650785 0.037860687082371162 0.31862784061711147 -0.86120654560521348 1.8842385138739082 -0.3105922378641276 1.4526030523463136
decision_type=2 10 2 2 8 2 8 10 2 2 10 2 2 2
left_child=1 3 5 10 8 -3 7 -2 -5 -6 11 -1 13 -9
right_child=6 2 -4 4 9 -7 -8 12 -10 -11 -12 -13 -14 -15
leaf_value=0.011160271421265877 -0.015217312296030946 0.006576261298238544 0.0036150229566385178 -0.01977104206064027 0.0044711312601135519 0.012229773445063669 -0.0011843384153414822 -0.0092259826621706592 0.0041779685999236409 -0.014277746537643092 -0.003693450338833097 -0.011944596486893361 -0.0077194149705932281 0.0083314618344687164
leaf_weight=567.65690226852894 607.14873129012994 2701.4315516911447 4582.0655078720301 332.80655924975872 389.27408959344029 4040.7658556140959 1294.8687516545178 273.64158426597714 74.068856164813042 125.56985077448189 428.52863635495305 77.873547870665789 3896.6883112548967 341.81543438645895
leaf_count=2325 4582 10603 23774 1556 1766 16218 9628 2153 347 615 1920 389 29733 2891
internal_value=0.00202831 0.00607926 0.00742187 -0.00153692 -0.00725357 0.0099907 -0.0063769 -0.00768058 -0.0154198 -0.000464605 0.00341182 0.00809783 -0.00660377 0.000480472
internal_weight=19734.2 13320 11324.3 1995.78 921.719 6742.2 6414.16 5119.29 406.875 514.844 1074.06 645.53 4512.15 615.457
internal_count=108500 59513 50595 8918 4284 26821 48987 39359 1903 2381 4634 2714 34777 5044
is_linear=0
shrinkage=0.035


Tree=5
num_leaves=15
num_cat=0
split_feature=3 78 3 3 7 79 78 74 1 23 4 76 85 90
split_gain=513.641 88.2184 62.5663 59.9947 46.0236 41.5459 34.7599 34.078 36.2907 33.0258 36.3583 32.9537 31.0112 30.7976
threshold=2.3673469387755026 -2.3666317366255454 3.6666666666670991 1.4062499999999856 1.6392167949513021 3.9165694068686498 -7.8180718779674914 -1.1269062980153477 0.99742752250236777 -0.23538896673348728 1.5000000000000002 -3.9041893477876597 -0.089941555152420624 0.53505180889150317
decision_type=2 10 2 2 2 8 8 2 2 2 2 10 2 2
left_child=1 4 -2 9 6 -5 -1 8 -4 -3 13 -12 -8 -11
right_child=2 3 7 5 -6 -7 12 -9 -10 10 11 -13 -14 -15
leaf_value=-0.011741824783210694 -0.0016679823351071269 0.017366625717626424 -0.0040492237411304602 0.0045482094167771693 -0.0063196454241052436 0.015280922586968714 -0.0033524521313984374 -0.0095795346220907632 0.019293962872930559 0.0074485301744962353 -0.0088520414009126778 0.0079723608564485956 0.0085762818045902883 0.019777489784172233
leaf_weight=137.18169600516558 3830.360705088824 865.40623012185097 850.66805226705037 4771.5770255737007 784.07638305053115 473.21906240843236 342.19795300439 3206.3021331959681 70.177972720935941 462.75650861859322 136.71097593382001 2099.8989172801375 1062.9544046744704 626.5613128952682
leaf_count=566 22766 2658 6680 23029 3675 2265 1437 27447 844 1237 569 9287 4265 1775
internal_value=0.00195719 0.0065987 -0.00490309 0.00810089 0.000488573 0.00557095 0.00398626 -0.00788303 -0.00189791 0.0112252 0.00953295 0.00687464 0.00566499 0.0147687
internal_weight=19720 11762.5 7957.51 9436.13 2326.41 5244.8 1542.33 4127.15 920.846 4191.33 3325.93 2236.61 1405.15 1089.32
internal_count=108500 50763 57737 40820 9943 25294 6268 34971 7524 15526 12868 9856 5702 3012
is_linear=0
shrinkage=0.035


Tree=6
num_leaves=15
num_cat=0
split_feature=3 78 3 74 79 54 79 78 7 40 38 79 7 41
split_gain=480.082 98.5596 78.653 43.7308 39.7681 37.514 33.4052 31.1302 29.9187 29.3092 28.4736 27.9401 32.6621 27.5276
threshold=2.7631461780005848 -3.3902669878620908 1.7220450068434954 -0.061524544395231716 0.37921878577658585 -0.14197257000007948 2.1894624590279608 -2.9665701015650785 1.3952684944467431 0.43803217323272359 0.67633918963844797 -0.86120654560521348 1.8842385138739082 -0.3105922378641276
decision_type=2 10 2 2 8 2 8 10 2 2 2 10 2 2
left_child=1 3 5 11 9 -3 7 -2 -6 -5 -10 12 -1 -9
right_child=6 2 -4 4 8 -7 -8 13 10 -11 -12 -13 -14 -15
leaf_value=0.010695653637878512 -0.014712932246253294 0.0060574710491083737 0.0033671096563707933 -0.020342257746198158 0.01178711424345591 0.011462957582179968 -0.00095739303561351134 0.00064477116189844575 0.0011664236581135322 0.00060101025105649723 -0.01860624916070128 -0.0035662507523862835 -0.011487298599110005 -0.0073141720116560536
leaf_weight=569.02198557928205 598.90220697061159 2705.2711423039436 4592.5222094357014 296.19442252442241 149.88781091943383 4048.5496063046157 1288.9620898588328 613.38401033264381 247.19430598989129 108.93167749047279 117.72343322634697 428.09984700009227 77.552641455084085 3861.4448798816593
leaf_count=2325 4582 10603 23774 1399 609 16218 9628 5044 1323 504 449 1920 389 29733
internal_value=0.00189188 0.0056624 0.0069219 -0.00149988 -0.00702496 0.00932205 -0.0060069 -0.00728092 -0.000464408 -0.0149476 -0.00584763 0.00327159 0.00777011 -0.00622519
internal_weight=19703.6 13340.9 11346.3 1994.61 919.932 6753.82 6362.69 5073.73 514.806 405.126 364.918 1074.67 646.575 4474.83
internal_count=108500 59513 50595 8918 4284 26821 48987 39359 2381 1903 1772 4634 2714 34777
is_linear=0
shrinkage=0.035


Tree=7
num_leaves=15
num_cat=0
split_feature=3 78 3 3 7 79 74 34 74 1 12 4 76 77
split_gain=448.147 77.0694 56.9775 53.6901 41.7401 38.6752 33.2081 39.5611 32.3011 34.0013 31.8038 35.766 30.4892 29.6688
threshold=2.3673469387755026 -2.3666317366255454 3.6666666666670991 1.4062499999999856 1.6392167949513021 3.9165694068686498 -0.31766012502391322 0.026191048388082134 -1.1269062980153477 0.99742752250236777 -0.26315789473683976 1.1666666666666667 -3.9041893477876597 6.196060265811739
decision_type=2 10 2 2 2 8 2 2 2 2 2 2 10 10
left_child=1 4 12 10 6 -5 -1 -8 9 -4 -3 -12 -2 -10
right_child=2 3 8 5 -6 -7 7 -9 13 -11 11 -13 -14 -15
leaf_value=0.0088677669055352501 -0.013861318184089033 0.016910723516960876 -0.0037477593442781848 0.0041759566831167175 -0.0060571318383394303 0.014501578179956613 0.0080906681682890464 -0.0075712164021239561 -0.0095800330328668516 0.018777931917260706 0.016546787827480928 0.007179216062944329 -0.00073520836563739362 0.01472908903181745
leaf_weight=761.38786256685853 210.84403697028756 780.67236019670963 844.87102925917134 4784.0636808089912 782.56271554902196 475.70400696992874 310.69764535874128 471.60109915584326 3125.0928361795377 70.822396634146571 613.66951558366418 2800.9453698284924 3610.8915577139705 45.65532431169413
leaf_count=2984 1098 2316 6680 23029 3675 2265 1307 1977 26999 844 1497 11713 21668 448
internal_value=0.00182555 0.00614753 -0.00461243 0.00754902 0.000435369 0.00516122 0.00376208 -0.00130432 -0.0074758 -0.00164143 0.010504 0.00894929 -0.00152776 -0.00913988
internal_weight=19689.5 11781.3 7908.18 9455.05 2326.25 5259.77 1543.69 782.299 4086.44 915.693 4195.29 3414.61 3821.74 3170.75
internal_count=108500 50763 57737 40820 9943 25294 6268 3284 34971 7524 15526 13210 22766 27447
is_linear=0
shrinkage=0.035


Tree=8
num_leaves=15
num_cat=0
split_feature=3 78 3 88 78 79 35 9 77 79 77 76 4 32
split_gain=419.208 87.259 68.3155 40.493 45.2972 43.8478 53.8661 40.1404 39.1737 34.4571 39.877 33.9238 32.6005 32.1586
threshold=2.7631461780005848 -2.3666317366255454 1.7732398701669501 -2.2779499999999997 -7.8180718779674914 3.0243408097384097 0.015942361567776803 12.143621747939056 4.0996431486929481 -0.86120654560521348 0.24972157482762827 1.1601949770195512 1.5000000000000002 0.23954339633773261
decision_type=2 10 2 2 10 8 2 2 10 10 10 10 2 2
left_child=1 3 8 4 9 -5 13 -6 -3 10 -1 -10 -2 -7
right_child=12 2 -4 5 7 6 -8 -9 11 -11 -12 -13 -14 -15
leaf_value=-0.0095496986398308087 -0.0087612443396131879 0.0082261886165294895 0.0030588987631499946 -0.0082051333168244138 0.012632959376580178 0.0034240879318869718 0.020686787262042601 -0.013949024829122502 0.030153916116921926 -0.024595946170192999 0.011559385102266027 0.0049630045546525106 -0.0035931972784001942 -0.019671238304901365
leaf_weight=215.89085771888494 2492.8491899003275 6396.1644499450922 4031.3969232439995 1023.9675409384072 635.42575923353434 227.48373796790838 147.245341707021 61.297920104116201 174.28306704759598 62.153827931731939 184.82233474031091 112.6416253298521 3821.2702416511092 86.271598424762487
leaf_count=897 13565 25623 21005 4603 2567 961 618 478 670 280 837 490 35422 484
internal_value=0.00176523 0.0052755 0.00667848 -0.0004162 0.00444241 -0.00421883 0.00460848 0.00997029 0.00884626 -0.00394667 0.000273188 0.0212322 -0.00565479 -0.00372455
internal_weight=19673.2 13359 10714.5 2644.56 1159.59 1484.97 461.001 696.724 6683.09 462.867 400.713 286.925 6314.12 313.755
internal_count=108500 59513 47788 11725 5059 6666 2063 3045 26783 2014 1734 1160 48987 1445
is_linear=0
shrinkage=0.035


Tree=9
num_leaves=15
num_cat=0
split_feature=3 78 3 3 7 74 34 79 74 1 23 4 76 77
split_gain=391.043 66.4223 51.6469 48.3101 39.4763 36.8061 39.9955 36.0183 30.7547 31.7933 30.0316 32.5447 28.9061 28.1039
threshold=2.3673469387755026 -2.3666317366255454 3.6666666666670991 1.4062499999999856 1.6956784765511943 -0.38190017062326126 0.026191048388082134 3.9165694068686498 -1.1269062980153477 0.99742752250236777 -0.23538896673348728 1.1666666666666667 -3.9041893477876597 6.196060265811739
decision_type=2 10 2 2 2 2 2 8 2 2 2 2 10 10
left_child=1 4 12 10 5 -1 -7 -5 9 -4 -3 -12 -2 -10
right_child=2 3 8 7 -6 6 -8 -9 13 -11 11 -13 -14 -15
leaf_value=0.0087476207077026562 -0.013456366179292269 0.015660450084948905 -0.0034406028723781858 0.0038198899476784539 -0.0066452969773118705 0.0071115805346041614 -0.0077181913615590658 0.013757864394985157 -0.009150475242443187 0.018276752772829166 0.015198434973405043 0.0064395620189152906 -0.00063194429601281827 0.014437540721225382
leaf_weight=780.23167631402612 209.16778214648366 866.85831796750426 839.01448023319244 4795.8141189068556 667.08328194543719 361.23421140387654 517.32157241925597 478.01200884208083 3090.9966222415896 71.455732502043247 650.60362545400858 2680.8290819637477 3604.8606601394713 45.958288213703781
leaf_count=3094 1098 2658 6680 23029 3175 1517 2157 2265 26999 844 1563 11305 21668 448
internal_value=0.00170459 0.00573013 -0.00433591 0.00702903 0.000425547 0.00331439 -0.00159809 0.00476923 -0.00708036 -0.00137996 0.00983168 0.00823059 -0.00140178 -0.00871562
internal_weight=19659.4 11798 7861.45 9472.12 2325.87 1658.79 878.556 5273.83 4047.43 910.47 4198.29 3331.43 3814.03 3136.95
internal_count=108500 50763 57737 40820 9943 6768 3674 25294 34971 7524 15526 12868 22766 27447
is_linear=0
shrinkage=0.035


Tree=10
num_leaves=15
num_cat=0
split_feature=3 78 3 74 79 79 7 79 23 37 78 4 31 36
split_gain=366.026 77.7905 62.1373 37.098 36.4198 35.8431 35.657 31.7399 31.6658 31.5345 30.1723 29.7024 30.4902 28.87
threshold=2.7631461780005848 -3.3902669878620908 1.4490769856895793 -0.061524544395231716 0.37921878577658585 5.6809284628524397 0.88145565578149432 1.6833791559102556 -0.23538896673348728 0.78137695670614626 3.3020304688237583 1.1666666666666667 0.057034024868699636 0.037860687082371162
decision_type=2 10 2 2 8 8 2 8 2 2 8 2 2 2
left_child=1 3 8 -1 13 6 -4 10 -3 -9 -2 12 -10 -5
right_child=7 2 5 4 -6 -7 -8 9 11 -11 -12 -13 -14 -15
leaf_value=0.0029366311151665923 -0.0058743654909391855 0.014620211820384987 -0.01125742013012037 -0.018413790977092261 -0.00028769062069201488 0.013989608582737886 0.0036200236689868099 -0.011386629845988193 0.0038920058350939792 0.0013707149419158429 -0.01617563421053652 0.0059391240085727845 0.018976401399688276 0.0046159069600043038
leaf_weight=1076.0695017762482 4345.8817046397016 998.48032972589135 184.95598571375012 328.49610087275505 514.21185451187193 379.70831424184144 6023.6094628497958 270.37572165764868 265.02735397219658 1283.370813151123 368.6080091493277 3058.8665132522583 471.82823869213462 73.806324731558561
leaf_count=4634 34400 3083 1047 1556 2381 1833 29847 2242 588 9537 2808 13000 1197 347
internal_value=0.00164822 0.00491689 0.00603212 -0.00145041 -0.0065539 0.00380773 0.00314209 -0.00531987 0.00906041 -0.000965753 -0.00674471 0.00752891 0.0137972 -0.0141703
internal_weight=19643.3 13375.1 11382.5 1992.58 916.514 6588.27 6208.57 6268.24 4794.2 1553.75 4714.49 3795.72 736.856 402.302
internal_count=108500 59513 50595 8918 4284 32727 30894 48987 17868 11779 37208 14785 1785 1903
is_linear=0
shrinkage=0.035


Tree=11
num_leaves=15
num_cat=0
split_feature=3 78 3 77 74 3 7 12 4 74 79 78 32 12
split_gain=342.07 58.0045 46.8179 43.6185 41.748 40.0088 36.8602 34.0162 31.8033 31.0037 30.8164 30.6151 29.8232 30.6958
threshold=2.3673469387755026 -2.3666317366255454 3.5299082568806663 4.0996431486929481 0.84712371148751353 1.4490769856895793 1.6392167949513021 -0.26315789473683976 1.1666666666666667 2.3571078693083605 5.6809284628524397 -7.8180718779674914 0.37465938253519088 0.03103947622418848
decision_type=2 10 2 10 2 2 2 2 2 2 8 8 2 2
left_child=1 6 -2 5 -5 7 11 -3 -9 -4 -7 -1 13 -13
right_child=2 3 9 4 -6 10 -8 8 -10 -11 -12 12 -14 -15
leaf_value=-0.011270658728624353 -0.0010987413057141754 0.014929218224023648 -0.0054514159263956228 0.023924049600649738 -0.0011327732570741787 0.003038290498182016 -0.0057230086782430944 0.013914840888023602 0.0052816044124305685 -0.015016131229044209 0.014677470941039697 0.01250106042953095 -0.0045223367479289758 0.00073872721437292393
leaf_weight=136.62691541388631 3546.8411297891289 805.14727309718728 3814.1677811131885 299.09789812937379 107.02390553802252 4464.687223315239 780.57601138949394 635.95599462836981 2894.2669883370399 457.29834627662785 279.51406835019588 647.17278840020299 297.99795715510845 463.0792583078146
leaf_count=566 21008 2404 31761 1248 537 21548 3675 1565 12228 4968 1290 2324 1380 1998
internal_value=0.00159163 0.00534712 -0.00408096 0.00655927 0.0175777 0.00602888 0.000388899 0.00845814 0.00690648 -0.00654061 0.00378277 0.00351072 0.00508254 0.00769495
internal_weight=19629.5 11811.1 7818.31 9485.69 406.122 9079.57 2325.45 4335.37 3530.22 4271.47 4744.2 1544.88 1408.25 1110.25
internal_count=108500 50763 57737 40820 1785 39035 9943 16197 13793 36729 22838 6268 5702 4322
is_linear=0
shrinkage=0.035


Tree=12
num_leaves=15
num_cat=0
split_feature=3 78 3 74 54 79 4 91 40 32 75 59 15 74
split_gain=319.898 68.8159 54.5323 34.5758 34.4908 34.1393 30.8604 32.3377 27.7151 27.4291 27.3631 27.2934 30.0452 25.3761
threshold=2.7631461780005848 -3.3902669878620908 1.6250000000000198 -0.061524544395231716 -0.090349163418720138 0.37921878577658585 1.5000000000000002 0.82730522628084213 0.43803217323272359 0.31862784061711147 -3.9040060747723815 0.22739821066131352 -0.15487610284537498 0.69558016653236532
decision_type=2 10 2 2 2 8 2 2 2 2 2 2 2 2
left_child=1 3 4 11 -3 8 -2 10 -5 13 -8 12 -1 -7
right_child=6 2 -4 5 -6 9 7 -9 -10 -11 -12 -13 -14 -15
leaf_value=0.013371759030406261 -0.0080533588937976523 0.0047931267535206764 0.0029973611782483844 -0.019031512129042961 0.010149028469024714 0.013762943334425933 0.01504871934670713 -0.0094566371736688123 0.0012877355016792762 -0.013372635488054918 -0.0020245270926894745 -0.01038878826843305 0.00039268339843097664 -0.0034661870506341383
leaf_weight=321.52584294602275 2451.5234077383648 2642.0815148837864 5254.0605252720416 292.25669683143497 3500.9480780102313 169.98671171814203 99.786410645698197 739.45775956701254 108.34062261134386 124.63065665401518 2935.1607038860675 145.1888904646039 609.96392850577831 219.48408875986934
leaf_count=1212 13565 10148 26732 1399 13715 683 1305 5742 504 615 28375 728 2694 1083
internal_value=0.00153848 0.00458467 0.0056321 -0.0014064 0.00786852 -0.00634093 -0.00500585 -0.00299443 -0.0137363 -0.000279747 -0.00136833 0.00282495 0.00505962 0.0043585
internal_weight=19614.4 13388.5 11397.1 1991.38 6143.03 914.699 6225.93 3774.4 400.597 514.101 3034.95 1076.68 931.49 389.471
internal_count=108500 59513 50595 8918 23863 4284 48987 35422 1903 2381 29680 4634 3906 1766
is_linear=0
shrinkage=0.035


Tree=13
num_leaves=15
num_cat=0
split_feature=3 78 3 77 74 3 7 91 88 74 12 0 79 74
split_gain=298.91 50.6459 42.5847 40.8069 38.8381 35.3521 34.3355 46.1776 38.5804 33.9863 34.7822 30.9568 30.6788 28.9035
threshold=2.3673469387755026 -2.3666317366255454 3.6666666666670991 4.0996431486929481 0.84712371148751353 1.4062499999999856 1.5126780303772489 0.63970909383855312 1.0000000180025095e-35 -3.6263743611355173 -0.26315789473683976 61.14780795324662 3.9165694068686498 -1.1269062980153477
decision_type=2 10 2 10 2 2 2 2 2 2 2 2 8 2
left_child=1 6 -2 5 -5 9 7 11 -9 -3 -11 -1 -7 -4
right_child=2 3 13 4 -6 12 -8 8 -10 10 -12 -13 -14 -15
leaf_value=0.01289555924507272 -0.001177849566993245 -0.0070781318468133179 -0.00081753112296521963 0.02285786103297352 -0.0012647036221695518 0.0027440376171295436 -0.0039130402083650583 0.0067442658210891621 -0.013803952772278324 0.015624495997461976 0.0070445365019027109 -0.0045883721308431352 0.012062627143625297 -0.0079639092373371152
leaf_weight=616.42198560759425 3799.9038615711033 160.12864115834236 899.47769920877181 300.28854760155082 107.07386551052332 4602.2345543578267 1149.614469408989 186.3391212746501 229.49122754856944 719.13684513419867 3147.9402141161263 143.20216860622168 461.19282285869122 3078.2824934161908
leaf_count=2172 22766 640 7524 1248 537 22009 5227 758 921 2131 12102 865 2153 27447
internal_value=0.00148529 0.00498755 -0.00383774 0.00611881 0.0167549 0.00560646 0.000353541 0.00452198 -0.00470908 0.00805255 0.00871228 0.00956639 0.00363692 -0.0063601
internal_weight=19600.7 11823.1 7777.66 9498 407.362 9090.63 2325.07 1175.45 415.83 4027.21 3867.08 759.624 5063.43 3977.76
internal_count=108500 50763 57737 40820 1785 39035 9943 4716 1679 14873 14233 3037 24162 34971
is_linear=0
shrinkage=0.035


Tree=14
num_leaves=15
num_cat=0
split_feature=3 78 3 7 74 79 79 78 36 84 7 38 79 76
split_gain=279.284 61.0048 48.1975 34.8409 32.0009 32.1106 30.1268 30.9547 26.3147 28.6332 26.1176 26.1672 25.9823 33.2654
threshold=2.7631461780005848 -3.3902669878620908 1.4062499999999856 0.88145565578149432 -0.061524544395231716 0.37921878577658585 2.1894624590279608 -2.9665701015650785 0.037860687082371162 -0.11702615286306547 1.3952684944467431 0.67633918963844797 5.6809284628524397 -1.0032657052993703
decision_type=2 10 2 2 2 8 8 10 2 2 2 2 8 10
left_child=1 4 -3 -4 -1 8 7 -2 9 -6 -7 -12 -5 -14
right_child=6 2 3 12 5 10 -8 -9 -10 -11 11 -13 13 -15
leaf_value=0.0026971911843713912 -0.013447280229482819 0.0080983529588196934 -0.010477943459650967 0.0032862799016600765 -0.0013252166199068716 0.011159224076664221 0.00011918840871976441 -0.0048813518863491554 0.0045668804106448989 -0.0238422547590765 0.0013902591389063324 -0.017595550205130813 -0.0041159068358302651 0.018032426864776123
leaf_weight=1077.4495354704559 578.53045105515048 4453.2178095132113 195.55729309096932 6362.6602030191571 99.77984469756484 150.40215438976884 1261.7734462247463 4345.3999952186787 73.821894105523825 225.28396569937468 246.72059140354395 116.77899225614965 104.08972654119134 294.54976825416088
leaf_count=4634 4582 16400 1105 31196 439 609 9628 34777 347 1117 1323 449 507 1387
internal_value=0.00143558 0.00427345 0.00525838 0.00342245 -0.00136933 -0.00612435 -0.00470614 -0.00593812 -0.0133172 -0.017408 -0.00025161 -0.00530872 0.00385421 0.0123289
internal_weight=19586 13400.3 11410.1 6956.86 1990.24 912.787 6185.7 4923.93 398.886 325.064 513.902 363.5 6761.3 398.639
internal_count=108500 59513 50595 34195 8918 4284 48987 39359 1903 1556 2381 1772 33090 1894
is_linear=0
shrinkage=0.035


Tree=15
num_leaves=15
num_cat=0
split_feature=3 78 3 77 74 74 3 12 7 74 34 79 34 78
split_gain=261.577 44.195 38.5786 38.2252 36.1612 33.1572 34.7895 32.6486 32.3992 30.1725 36.1545 29.3623 29.8505 32.2111
threshold=2.3673469387755026 -2.3666317366255454 3.6666666666670991 4.0996431486929481 0.84712371148751353 -3.6263743611355173 1.4062499999999856 -0.26315789473683976 1.6956784765511943 -0.38190017062326126 0.026191048388082134 5.6809284628524397 -0.12907636757320881 -0.13669689925010695
decision_type=2 10 2 10 2 2 2 2 2 2 2 8 2 10
left_child=1 8 -2 5 -5 -3 7 -7 9 -1 -11 12 -8 -14
right_child=2 3 -4 4 -6 6 11 -9 -10 10 -12 -13 13 -15
leaf_value=0.0078399593484963608 -0.001082566422464349 -0.004829021413775959 -0.0060263480091911174 0.021860551710242444 -0.001377097151752565 0.014818581783573858 0.0065583278691161194 0.0065160846239057232 -0.0060991488230760869 0.0067497689334754104 -0.0073555142444300323 0.014221313601260289 0.0049104380264342702 -0.0025281445327646861
leaf_weight=783.28169593587518 3793.7874046266079 371.43777782842517 3946.1414586270912 301.29305036738515 107.10938025265932 719.04283753037453 1719.6775623001158 3148.7772822380066 664.15613361820579 361.59463105350733 515.58986325562 283.69912233576179 1249.8634387478232 1607.5431040339172
leaf_count=3094 22766 1751 34971 1248 537 2131 8660 12102 3175 1517 2157 1295 5790 7306
internal_value=0.0013851 0.00465435 -0.00361215 0.00570998 0.0159864 0.00521474 0.0056522 0.00812784 0.000324599 0.00293599 -0.00152016 0.00365706 0.00294323 0.000737095
internal_weight=19573 11833.1 7739.93 9508.44 408.402 9100.04 8728.6 3867.82 2324.62 1660.47 877.184 4860.78 4577.08 2857.41
internal_count=108500 50763 57737 40820 1785 39035 37284 14233 9943 6768 3674 23051 21756 13096
is_linear=0
shrinkage=0.035


Tree=16
num_leaves=15
num_cat=0
split_feature=3 78 3 77 76 74 74 7 3 7 74 34 5 79
split_gain=243.95 41.1767 36.5072 35.692 33.8496 33.6734 30.9353 34.2701 31.3746 30.2565 28.104 33.792 27.7848 26.4718
threshold=2.3673469387755026 -2.3666317366255454 3.2778194236215468 4.0996431486929481 -0.1173816275296377 0.84712371148751353 -3.6263743611355173 0.88145565578149432 1.1747340824358135 1.6956784765511943 -0.38190017062326126 0.026191048388082134 3.1780538303479462 5.6809284628524397
decision_type=2 10 2 10 10 2 2 2 2 2 2 2 2 8
left_child=1 9 -2 6 -5 -6 -3 -8 -9 10 -1 -12 13 -10
right_child=2 3 -4 4 5 -7 7 8 12 -11 11 -13 -14 -15
leaf_value=0.0075634643928568319 -0.00045971405479569805 -0.0046720237931966325 -0.005400638222487061 0.02692617705480408 0.013635661998868016 -0.013089704294648563 -0.0064952977036260851 0.0099128616953374719 0.0043664076025326645 -0.0058999330356774397 0.0065175878688631247 -0.0071181726984789742 -0.015091902958878869 0.013628906231421326
leaf_weight=784.21297653019428 2986.8964447993785 371.15940335020423 4733.788901582644 163.46366649121046 182.8984727486968 62.789631348103285 268.89703087136149 1822.9718520753086 6185.1382855065167 663.24330485239625 362.07311983779073 514.81469802185893 66.931366566568613 388.96616729348898
leaf_count=3094 17502 1751 40235 681 774 330 1285 6269 27647 3175 1517 2157 401 1682
internal_value=0.0013394 0.00449324 -0.00349527 0.00551168 0.0154326 0.00633436 0.00503297 0.00545517 0.00584925 0.000313452 0.002835 -0.00146809 0.00470737 0.00495411
internal_weight=19558.2 11837.6 7720.69 9513.22 409.152 245.688 9104.06 8732.9 8464.01 2324.34 1661.1 876.888 6641.04 6574.1
internal_count=108500 50763 57737 40820 1785 1104 39035 37284 35999 9943 6768 3674 29730 29329
is_linear=0
shrinkage=0.035


Tree=17
num_leaves=15
num_cat=0
split_feature=3 78 3 54 4 91 74 79 75 76 77 40 59 15
split_gain=227.865 51.5406 41.3215 32.3021 29.319 30.8022 27.0461 30.132 26.4747 26.31 26.1675 26.0479 25.4547 28.206
threshold=2.7631461780005848 -3.3902669878620908 1.7220450068434954 -0.14197257000007948 1.5000000000000002 0.82730522628084213 -0.061524544395231716 0.37921878577658585 0.46808166628826792 -3.9041893477876597 -0.92942662690763855 0.43803217323272359 0.22739821066131352 -0.15487610284537498
decision_type=2 10 2 2 2 2 2 8 2 10 10 2 2 2
left_child=1 6 3 9 -2 8 12 11 -6 10 -3 -8 13 -1
right_child=4 2 -4 -5 5 -7 7 -9 -10 -11 -12 -13 -14 -15
leaf_value=0.012582672183721872 -0.0072844332390266621 0.0049028793322921571 0.0021924616836740776 0.0084618125393769571 0.002140339694804815 -0.0086859679648337088 -0.017898619933581633 -4.5396746941512999e-05 -0.0044532441624768595 0.0043852509053916664 -0.020905590621438663 0.0017724918496552615 -0.010364481543829816 3.8043975917367516e-05
leaf_weight=322.8555145226419 2407.547482101887 77.36199814081192 4640.2706689052284 4067.3367012180388 1696.3319992471806 725.84400538951741 288.6634666621685 513.13322506844997 1300.2145930946572 2556.0218128673732 85.038839932531118 107.91772012040019 145.07172906771302 610.91670167818666
leaf_count=1212 13565 291 23774 16218 17337 5742 1399 2381 12343 9999 313 504 728 2694
internal_value=0.00129415 0.00384729 0.00475114 0.00648924 -0.00428742 -0.00232046 -0.00134174 -0.00572447 -0.000731202 0.00349762 -0.0094218 -0.0127176 0.00239084 0.0045483
internal_weight=19544.5 13414.6 11426 6785.76 6129.94 3722.39 1988.56 909.714 2996.55 2718.42 162.401 396.581 1078.84 933.772
internal_count=108500 59513 50595 26821 48987 35422 8918 4284 29680 10603 604 1903 4634 3906
is_linear=0
shrinkage=0.035


Tree=18
num_leaves=15
num_cat=0
split_feature=3 3 3 78 79 76 74 76 6 87 90 77 74 0
split_gain=212.858 36.9475 33.2748 29.1714 35.0339 30.373 27.8332 27.6525 26.3269 25.2809 25.515 25.1386 26.7657 23.9543
threshold=2.3673469387755026 1.1747340824358135 3.6666666666670991 -3.3902669878620908 5.6809284628524397 -1.0032657052993703 2.3571078693083605 -3.9041893477876597 2.2127433034502269 -0.55767372545645333 0.4601267320984696 4.0996431486929481 0.84712371148751353 52.792108775413134
decision_type=2 2 2 10 8 10 2 10 2 2 2 10 2 2
left_child=1 9 7 -3 8 -6 -4 -2 11 -1 -11 -5 -13 -7
right_child=2 3 6 4 5 13 -8 -9 -10 10 -12 12 -14 -15
leaf_value=0.012667263084419319 -0.012801267909996306 -0.0015478146916136578 -0.0044665106965205616 0.0034580011510761842 -0.0017588257832621226 0.023341328552321877 -0.01391664077785246 -0.00018483583847474618 -0.0040819810594931736 -0.002065186122042316 0.0077761918374577316 0.019123972064522845 -0.0029488506641423759 0.0013444581305692145
leaf_weight=884.25250762701035 206.31327521800995 1367.9492376372218 3483.9305055381919 6640.4015950225294 119.48629529029131 253.01771054789424 417.11728950077668 3578.4620821420103 523.66720136627555 424.60991244763136 1236.0292085446417 230.05769167095423 85.461102101951838 81.237819530069828
leaf_count=2919 1098 6280 30208 29916 548 952 4763 21668 2440 1551 4282 992 433 450
internal_value=0.00124827 0.00418854 -0.00328268 0.00315393 0.0039665 0.0132211 -0.00554279 -0.00093625 0.00337132 0.00791586 0.00526521 0.00394253 0.013326 0.0183729
internal_weight=19532 11846.2 7685.82 9301.28 7933.33 453.742 3901.05 3784.78 7479.59 2544.89 1660.64 6955.92 315.519 334.256
internal_count=108500 50763 57737 42011 35731 1950 34971 22766 33781 8752 5833 31341 1425 1402
is_linear=0
shrinkage=0.035


Tree=19
num_leaves=15
num_cat=0
split_feature=3 3 78 7 74 79 37 78 57 26 0 35 79 75
split_gain=199.025 46.6455 32.3612 31.0777 29.2222 28.6096 30.4535 30.1875 27.8797 26.2014 30.6629 24.8518 29.8094 24.3593
threshold=2.7631461780005848 1.4062499999999856 -3.3902669878620908 0.88145565578149432 -0.061524544395231716 1.6833791559102556 0.78137695670614626 3.3020304688237583 0.42177425092490556 0.097117961888703988 26.165246859047986 0.015942361567776803 -0.86120654560521348 1.4397606027901875
decision_type=2 2 10 2 2 8 2 8 2 2 2 2 8 2
left_child=1 8 4 -4 11 7 -7 -2 -1 10 -10 12 -3 -8
right_child=5 2 3 -5 -6 6 13 -9 9 -11 -12 -13 -14 -15
leaf_value=0.0030509928317641894 -0.0045339788218334235 0.0116631796444537 -0.010286244351027971 0.0032548171028691777 -0.0088807261106491429 -0.010269861286515771 0.0050825082172206775 -0.014965902234097635 0.00021465181045374993 0.0050536523099381616 0.013770571756657886 0.011914134109135917 -0.0078043391431452235 -0.0061858238175756782
leaf_weight=2137.2252931669354 4220.0155775277526 112.49863498285413 195.09493811428547 6788.3088595923036 576.20654647611082 262.51931320223957 967.7058242772473 355.74563459627097 244.14062044769526 1588.1052918769419 1256.4292693473399 186.98834849521518 338.04675935581326 289.9583102860488
leaf_count=7970 34400 517 1105 33090 3035 2242 7291 2808 664 6229 4389 905 1609 2246
internal_value=0.00120609 0.00358639 0.00193129 0.00284823 -0.00330509 -0.00402984 0.000130661 -0.00540662 0.00616526 0.0082867 0.0115969 0.00185104 -0.00265429 0.0024284
internal_weight=19519 13423 8197.14 6983.4 1213.74 6095.94 1520.18 4575.76 5225.9 3088.68 1500.57 637.534 450.545 1257.66
internal_count=108500 59513 40261 34195 6066 48987 11779 37208 19252 11282 5053 3031 2126 9537
is_linear=0
shrinkage=0.035


Tree=20
num_leaves=15
num_cat=0
split_feature=3 78 4 13 77 76 74 77 78 7 76 74 40 34
split_gain=186.354 33.0976 31.6297 29.6876 28.6918 46.3018 34.3912 33.1568 36.3972 36.6896 44.4972 47.8937 33.9425 30.4167
threshold=2.3673469387755026 -2.158622881025889 1.5000000000000002 1.9345878756091233 3.5335772088798896 0.9752458285503226 1.2003121096683242 2.167861061239718 -0.33781808635143828 1.3952684944467431 -0.31484115482246167 0.50153741173910082 -0.042488612141936201 -0.15524843056702561
decision_type=2 10 2 2 10 10 2 10 10 2 10 2 2 2
left_child=1 -1 -2 -4 7 6 -6 8 9 -3 12 -12 -11 -10
right_child=2 4 3 -5 5 -7 -8 -9 13 10 11 -13 -14 -15
leaf_value=0.00035084614742085973 -0.0059511220503356962 0.0029555373724929105 -0.00018741917340802994 -0.0080745179132171007 0.026494293395911271 0.0008167669639410301 -0.0014953250564753487 -0.0039949953023402174 0.0067015210269386867 0.013600405521356029 0.0090341239406553069 0.024539421907617886 -0.0017372877268301255 0.0012263763127632688
leaf_weight=2523.8447231631726 2906.9217812655261 1082.2664385177195 4084.3646826242111 662.48440902904258 248.11931883171201 243.76079981774092 64.688851445913315 531.72174699604511 1927.457650847733 269.78358134999871 619.95686094462872 430.0450247861445 443.22760543599725 3468.4422086924314
leaf_count=10806 15677 4504 37620 4440 999 1090 326 2382 8572 1217 2726 1928 1971 14242
internal_value=0.00116407 0.0039104 -0.00308824 -0.00131743 0.00487053 0.0124745 0.020964 0.00436084 0.00490833 0.00810375 0.0111955 0.0157245 0.00427881 0.00319967
internal_weight=19507.1 11853.3 7653.77 4746.85 9329.47 556.569 312.808 8772.9 8241.18 2845.28 1763.01 1050 713.011 5395.9
internal_count=108500 50763 57737 42060 39957 2415 1325 37542 35160 12346 7842 4654 3188 22814
is_linear=0
shrinkage=0.035


Tree=21
num_leaves=15
num_cat=0
split_feature=3 3 78 54 76 77 4 75 30 47 76 77 79 41
split_gain=175.483 45.6584 30.0525 33.1376 26.9075 30.062 26.1598 27.9202 25.4063 24.3624 23.7835 27.4426 27.094 27.0152
threshold=2.8529496232726683 1.7732398701669501 -5.7190736881343023 0.68054242793476227 -3.9041893477876597 -1.1276303939638945 1.5000000000000002 -3.9040060747723815 0.26464470207178487 -0.13022389558472838 -0.26281166191275473 3.5335772088798896 1.0000000180025095e-35 0.36125605946387779
decision_type=2 2 8 2 10 10 2 2 2 2 10 10 10 2
left_child=1 2 -1 4 5 -4 9 -8 -6 -2 11 12 -10 -12
right_child=6 -3 3 -5 8 -7 7 -9 10 -11 13 -13 -14 -15
leaf_value=-0.0061943384328671507 0.0004042907797053371 0.0007572596886575453 0.0059995791764879186 0.01051514210619444 0.0099295196086855251 -0.012743475320346451 0.014495599995183748 -0.0026434924921596575 0.0016229297797325138 -0.0086826488641796179 0.0030509518405109487 0.023714723242693463 0.0095688301717470284 -0.0071480496863586011
leaf_weight=273.31199828907847 447.62863843498053 5374.2815677057952 173.31397084519267 1243.359399612993 1003.0492224432528 214.27281723916531 100.84447786802048 3403.2295162653609 1035.1277092806995 1819.8905237973668 2910.904832366854 92.066568087786436 1069.0981545522809 337.80609966441989
leaf_count=1095 2503 28009 634 5188 3945 808 1321 32800 4094 10613 11649 354 4087 1400
internal_value=0.00112599 0.00327798 0.00489424 0.00528374 0.00430428 -0.00447916 -0.00398571 -0.00207078 0.00484446 -0.00690095 0.00387481 0.00667395 0.0057121 0.0019532
internal_weight=19498.2 13726.6 8352.31 8079 6835.64 387.587 5771.59 3504.07 6448.05 2267.52 5445 2196.29 2104.23 3248.71
internal_count=108500 61263 33254 32159 26971 1442 47237 34121 25529 13116 21584 8535 8181 13049
is_linear=0
shrinkage=0.035


Tree=22
num_leaves=15
num_cat=0
split_feature=3 3 78 54 74 76 77 79 30 31 79 76 77 41
split_gain=164.001 47.5715 28.0758 30.8534 25.3428 25.1398 28.2028 24.4686 24.1623 24.0034 23.1396 24.4461 28.5531 25.5432
threshold=3.0526315789474521 1.7732398701669501 -5.7190736881343023 0.68054242793476227 2.3571078693083605 -3.9041893477876597 -1.1276303939638945 5.6809284628524397 0.58376423140419542 -0.37897072799756965 5.6809284628524397 -0.26281166191275473 3.5335772088798896 0.36125605946387779
decision_type=2 2 8 2 2 10 10 10 2 2 10 10 10 2
left_child=1 2 -1 5 -2 6 -4 -3 -9 -7 11 12 -11 -13
right_child=4 7 3 -5 -6 9 -8 8 -10 10 -12 13 -14 -15
leaf_value=-0.0059973504386965767 -0.0033670376269162219 0.00018443235192305171 0.0058091523671367227 0.010147487889954867 -0.011362683839496781 0.011996891396579289 -0.012346781470169531 0.018875684435382529 -0.0062136999899957942 0.0054146428239754468 0.014929946954191807 0.0027242888704760511 0.023535293278294386 -0.0069917596044125046
leaf_weight=273.07030487433076 4676.8785999798274 5726.7654406353831 173.38476592302322 1244.0256950184703 528.51126325293444 491.16235239058733 214.06308106333017 145.10484205931425 54.381792183965445 2221.0747745148838 211.69987693428993 3079.6719403453171 94.525260649621487 351.90621437877417
leaf_count=1095 37976 30509 634 5188 5760 1803 808 692 309 8679 787 12442 356 1462
internal_value=0.00108864 0.00302657 0.0047248 0.00510101 -0.00421923 0.00415593 -0.00433558 0.000624624 0.0120931 0.00467783 0.00403644 0.00358479 0.00634955 0.00169317
internal_weight=19486.2 14280.8 8354.58 8081.51 5205.39 6837.49 387.448 5926.25 199.487 6450.04 5958.88 5747.18 2315.6 3431.58
internal_count=108500 64764 33254 32159 43736 26971 1442 31510 1001 25529 23726 22939 9035 13904
is_linear=0
shrinkage=0.035


Tree=23
num_leaves=15
num_cat=0
split_feature=3 3 79 7 41 78 79 78 7 39 36 6 30 26
split_gain=153.123 44.8251 30.0637 39.7857 34.0636 31.0759 32.7878 30.7218 36.1553 34.2318 32.2669 30.1665 29.1184 25.7946
threshold=3.0526315789474521 1.4062499999999856 -0.1604194285411116 2.0606557831480914 -0.031067890948842974 -1.5222323782640015 -0.86120654560521348 -0.20308662330379679 1.714285714285708 -0.059963551698548063 0.0286497703679118 2.0462229336179125 0.63152240093322332 0.026140954254914982
decision_type=2 2 8 2 2 10 10 8 2 2 2 2 2 2
left_child=1 13 3 4 5 6 -3 8 11 -10 -9 -4 -6 -1
right_child=-2 2 7 -5 12 -7 -8 10 9 -11 -12 -13 -14 -15
leaf_value=0.0081159028575210675 -0.0040855803254908557 0.0029524579526707031 0.0053408042707787746 -0.011840524966036721 -0.00048960534656254358 0.0075714780713273967 -0.016642870242715792 0.0028238981911822246 0.0011480145883485512 0.01970812337797322 -0.0054910004420657826 -0.010297635985133424 -0.010725401849600531 0.0031595314343479852
leaf_weight=2442.8361476846039 5190.3413889177755 313.34838824346662 1207.4747071173042 352.87354631721973 1467.7303049899638 1006.9825758691877 133.64300936833024 2740.4914226364344 179.11897326260805 377.90720688737929 701.60872051864862 153.56675065308809 424.11095708981156 2782.2934327982366
leaf_count=8480 43736 1577 5947 2195 6424 5081 684 13655 1049 1962 3558 837 2543 10772
internal_value=0.00105277 0.00292298 0.00142839 -0.00099599 0.000211314 0.00420829 -0.00336808 0.00309878 0.00662462 0.0139865 0.00110713 0.00345274 -0.00287245 0.00549883
internal_weight=19474.3 14284 9058.86 3698.69 3345.82 1453.97 446.991 5360.17 1918.07 557.026 3442.1 1361.04 1891.84 5225.13
internal_count=108500 64764 45512 18504 16309 7342 2261 27008 9795 3011 17213 6784 8967 19252
is_linear=0
shrinkage=0.035


Tree=24
num_leaves=15
num_cat=0
split_feature=3 3 78 4 13 5 78 79 6 76 7 7 40 77
split_gain=143.084 30.5006 29.1315 26.8905 26.5667 23.7907 24.6754 31.5301 29.7752 26.192 25.2495 24.3255 37.9641 25.4077
threshold=2.3673469387755026 1.1747340824358135 -2.9665701015650785 1.5000000000000002 1.9345878756091233 3.1780538303479462 -3.3902669878620908 3.9165694068686498 2.2127433034502269 -1.0032657052993703 0.88145565578149432 2.0184424689644795 0.27600251454490016 4.0996431486929481
decision_type=2 2 8 2 2 2 10 8 2 10 2 2 2 10
left_child=1 -1 -2 -4 -5 6 -3 8 10 -9 -8 13 -13 -12
right_child=2 5 3 4 -6 -7 7 9 -10 -11 11 12 -14 -15
leaf_value=0.0068035941997179579 -0.0094313893001179462 -0.0016704390534742694 -0.0048100269375106917 0.00080935680990772835 -0.0070258428240194916 -0.015295375481608114 -0.0086661202104949021 -0.00025036482071065519 -0.00543427465142024 0.014388307147265592 0.0038741218762020492 -0.0097309743494615932 0.0064818214786281783 0.014726678502000665
leaf_weight=2540.9520452357829 701.13225003925618 1367.9432192482054 2609.6607512843912 3687.1770044459845 598.6186034642742 71.783988151699305 191.00473572313786 207.17907552793622 496.99775160476565 513.66438284888864 5538.9499304741621 375.92295306175947 301.42573780938983 261.08642849698663
leaf_count=8752 5365 6280 14292 34037 4043 431 964 922 2305 2230 24108 2108 1532 1131
internal_value=0.001016 0.00341477 -0.00273034 -0.00202367 -0.000312576 0.00247887 0.00264943 0.00340109 0.00268157 0.0102878 0.00330089 0.00367936 -0.00253717 0.00441157
internal_weight=19463.5 11866.9 7596.59 6895.46 4285.8 9325.96 9254.17 7886.23 7165.39 720.843 6668.39 6477.39 677.349 5800.04
internal_count=108500 50763 57737 52372 38080 42011 41580 35300 32148 3152 29843 28879 3640 25239
is_linear=0
shrinkage=0.035


Tree=25
num_leaves=15
num_cat=0
split_feature=3 3 23 4 31 77 88 75 78 7 75 38 25 79
split_gain=135.712 44.3299 26.8579 27.9783 26.7315 25.1721 41.9165 41.7855 23.8956 24.9068 23.581 23.5468 23.5156 23.0232
threshold=3.2778194236215468 1.7732398701669501 -0.23538896673348728 1.1666666666666667 0.010358549702780186 4.0996431486929481 -1.0000000180025095e-35 1.0388311269913781 2.6170579758188568 1.9410094088325394 -3.9040060747723815 0.67633918963844797 0.095135426705802481 -0.400542486609403
decision_type=2 2 2 2 2 8 2 2 8 2 2 2 2 8
left_child=1 2 11 4 -4 10 -7 -8 13 -10 -2 -1 -13 -3
right_child=5 8 3 -5 -6 6 7 -9 9 -11 -12 12 -14 -15
leaf_value=0.010504697770868892 0.0083032276696178419 -0.0013750204409738165 -0.00029714477663955583 0.0020605018338561961 0.010760339098282737 -0.0095851181558460237 0.030407591321002726 -0.007650064998345322 -0.0019369903550247888 -0.01642347252524844 -0.0053305535457502783 -0.0030912870986800761 0.012977696949313534 0.0033032065430729858
leaf_weight=1305.4440935328603 144.00006849017518 2138.3983367439359 367.39015677943826 5219.8107987008989 957.86295445635915 97.484923718497157 87.243827437749133 42.627978207543492 1004.1602256875485 151.56777159869671 4240.8619261546701 370.36525986343622 136.56120425090194 3189.4797933958471
leaf_count=4448 1567 11448 871 23686 2548 918 834 389 5132 905 36527 1271 430 17526
internal_value=0.000980274 0.0026098 0.00429154 0.00322977 0.00773611 -0.00425179 0.00669402 0.018562 0.000435482 -0.00408388 -0.00484715 0.00804884 0.00156582 0.00142743
internal_weight=19453.3 14841 8357.43 6545.06 1325.25 4612.22 227.357 129.872 6483.61 1155.73 4384.86 1812.37 506.926 5327.88
internal_count=108500 68265 33254 27105 3419 40235 2141 1223 35011 6037 38094 6149 1701 28974
is_linear=0
shrinkage=0.035


Tree=26
num_leaves=15
num_cat=0
split_feature=3 78 88 76 40 7 77 7 91 35 76 77 35 74
split_gain=126.507 42.8824 44.5941 43.9119 43.9057 40.2334 38.5521 36.046 38.7841 46.356 35.6789 43.4994 51.5974 40.4233
threshold=3.2778194236215468 -2.3666317366255454 -2.2779499999999997 -0.1635236340508644 0.087886637296612197 1.7921979343826513 -2.0640263173581253 2.0606557831480914 0.63970909383855312 0.0265111434757304 -3.9041893477876597 0.1580809529064279 -0.040697153414280332 -1.6489190945943475
decision_type=2 10 2 8 2 2 10 2 2 2 10 10 2 2
left_child=1 2 3 6 -5 -6 -1 8 9 -4 11 12 -3 -14
right_child=-2 10 7 4 5 -7 -8 -9 -10 -11 -12 -13 13 -15
leaf_value=-0.0098144688811691669 -0.0041136980546120049 0.025195603036929942 -0.0033079390685619155 0.0044877640447459006 -0.021525483937651066 0.0071842640537301064 0.013629049604727413 -0.02106635827912539 -0.010708366480379757 0.014532174601296121 0.0039347209204275485 -0.015373212155613165 0.01687336536284554 -0.0086020175073758445
leaf_weight=86.913022898137569 4598.068059153069 76.77094829082489 739.91723075136542 404.17863038741052 184.18708165176213 72.979762516915798 531.36986497417092 137.51313567534089 536.96757720783353 213.25161524116993 11208.356034092605 245.39881180971861 78.204890057444572 327.97092359885573
leaf_count=325 40235 334 3472 1889 855 411 2345 767 2387 972 51785 1003 312 1408
internal_value=0.000947498 0.00251868 -0.00128612 0.00357158 -0.0026765 -0.0134476 0.0101293 -0.00510215 -0.00336944 0.000900042 0.00344597 -0.00397949 0.00219108 -0.00313534
internal_weight=19442 14844 2907.28 1279.63 661.345 257.167 618.283 1627.65 1490.14 953.169 11936.7 728.346 482.947 406.176
internal_count=108500 68265 13423 5825 3155 1266 2670 7598 6831 4444 54842 3057 2054 1720
is_linear=0
shrinkage=0.035


Tree=27
num_leaves=15
num_cat=0
split_feature=3 78 76 76 77 76 88 9 0 79 77 35 74 36
split_gain=118.882 36.9266 34.8767 45.7021 54.5373 53.0721 41.1973 45.0598 41.6987 39.1773 37.8427 38.6842 38.6573 37.6298
threshold=2.7631461780005848 -7.8180718779674914 -3.9041893477876597 -0.06854837780897273 3.5335772088798896 0.066247095403994719 3.8011500000000007 6.3380281690141818 16.213158265069264 -1.1692224408885086 0.1580809529064279 -0.040697153414280332 -1.6489190945943475 0.010878858366402686
decision_type=2 8 10 10 10 10 2 2 2 10 10 2 2 2
left_child=1 -1 10 4 6 9 -4 8 -8 -5 11 -3 -13 -10
right_child=-2 2 3 5 -6 -7 7 -9 13 -11 -12 12 -14 -15
leaf_value=-0.011106856716876359 -0.0031820187553946977 0.021572325737088404 0.0072641477185903741 0.004060069793163471 0.02169541797857294 0.0023009763714785035 -0.01341170938949404 -0.0035869443405115303 0.014995012202190515 -0.01651292284106497 -0.014620500125710117 0.016740698019166764 -0.0082527723780734773 0.00049928371255360759
leaf_weight=212.77834526821971 5986.2063989749731 75.937146186828613 3494.1288143787533 161.84469150006771 230.74194045737386 6158.587883932516 97.163085527718067 1151.0321792140603 507.82101410254836 312.79500397481024 257.47283789888024 76.918338794261217 333.97097859159112 377.82961542904377
leaf_count=957 48987 323 15278 640 1008 27793 251 6347 1550 1441 1046 299 1383 1197
internal_value=0.000914152 0.00273939 0.0029784 0.0034182 0.00566597 0.00142182 0.00493428 0.00108714 0.0065236 -0.00961734 -0.00429932 0.00152089 -0.00301414 0.00895855
internal_weight=19435.2 13449 13236.2 12491.9 5858.72 6633.23 5627.97 2133.85 982.814 474.64 744.299 486.826 410.889 885.651
internal_count=108500 59513 58556 55505 25631 29874 24623 9345 2998 2081 3051 2005 1682 2747
is_linear=0
shrinkage=0.035


Tree=28
num_leaves=15
num_cat=0
split_feature=3 3 74 1 57 1 77 84 77 9 78 7 23 18
split_gain=113.294 39.0879 27.369 28.8544 26.0645 34.4041 25.9166 27.9907 23.379 24.625 22.3132 25.3272 22.2167 25.6858
threshold=1.7732398701669501 3.6666666666670991 -1.1269062980153477 0.99742752250236777 0.43827642746914836 0.53743713567438611 6.196060265811739 -0.19622647378963748 3.5335772088798896 6.9679229946083501 2.6170579758188568 1.9410094088325394 -0.26372060497433686 0.58204644894393642
decision_type=2 2 2 2 2 2 10 2 10 2 8 2 2 2
left_child=4 10 3 -3 5 -1 7 -4 12 -10 -2 -12 -6 -14
right_child=1 2 6 -5 8 -7 -8 -9 9 -11 11 -13 13 -15
leaf_value=-0.019628564648550888 0.00097130444597398407 -0.00095292298070890941 0.0013782714022997991 0.020015351295136964 0.0095732415630024343 0.002224744452349279 0.01640289977401577 -0.0078840271346352041 0.022981741097706915 0.00092956072415715369 -0.0020209291576248857 -0.01584522272999089 0.0021319839166801004 0.009586966666097636
leaf_weight=70.628801301121712 5975.5541115663946 793.69575254397932 471.84471997001674 69.279356816783547 1001.0109421797097 3522.6289630644023 43.94403087021783 2410.7349819409501 165.19510592147708 95.894964549690485 1130.318931620568 171.31993570178747 2809.9760891869664 695.23835540935397
leaf_count=136 33315 6680 4508 844 3337 14299 448 22491 512 557 5895 1065 11426 2987
internal_value=0.000883046 -0.00143942 -0.00431176 0.00114564 0.00395333 0.00168893 -0.00591789 -0.00636885 0.00564589 0.0155247 6.40367e-05 -0.00405271 0.00500744 0.00365664
internal_weight=19427.3 11066.7 3789.5 862.975 8360.57 3593.26 2926.52 2882.58 4767.32 261.09 7277.19 1301.64 4506.23 3505.21
internal_count=108500 75246 34971 7524 33254 14435 27447 26999 18819 1069 40275 6960 17750 14413
is_linear=0
shrinkage=0.035


Tree=29
num_leaves=15
num_cat=0
split_feature=3 3 74 54 78 7 85 78 88 21 7 2 77 88
split_gain=105.572 36.4492 26.3397 24.4584 24.0797 24.1517 26.1188 22.7533 29.6264 29.9364 28.7155 24.8879 25.1042 24.1985
threshold=1.7732398701669501 3.6666666666670991 1.8107810596506491 0.68054242793476227 -2.3666317366255454 1.5892592320327406 -0.063015200354600356 -0.13669689925010695 -2.7869999999999995 0.715737358320227 1.714285714285708 0.51990000000001679 -2.2703851938998301 -6.0485499999999988
decision_type=2 2 2 2 10 2 2 10 2 2 2 2 10 2
left_child=3 -2 -3 4 5 6 -1 8 10 -10 13 12 -11 -6
right_child=1 2 -4 -5 7 -7 -8 -9 9 11 -12 -13 -14 -15
leaf_value=-0.0066954409129641049 6.0118683231313772e-05 -0.0028813749917324725 -0.010893027847178945 0.0082337470462866408 0.0037106761036013775 -0.0069230441564520247 0.0063158559927250614 0.0021064817400964111 0.016335910240942737 -0.0096582701031435146 0.010596063293214546 -0.011544853351156709 0.0098887284573734024 -0.0087921763734599579
leaf_weight=251.167978040874 7277.4490696955472 3193.3652844353564 583.50525930197909 1284.4463578909636 425.41163494810462 523.23468585684896 611.35081098973751 3317.7034581527114 535.24288225546479 75.694174140691757 320.04639673605561 76.170285578817129 630.15353342890739 311.26615400984883
leaf_count=992 40275 28403 6568 5364 1729 2219 2230 12913 2143 318 1327 241 2511 1267
internal_value=0.000853904 -0.00139008 -0.00416999 0.00381666 0.00299409 -0.00113029 0.00246106 0.00399869 0.00660341 0.0100691 0.0021764 0.00547953 0.00758417 -0.00166487
internal_weight=19416.2 11054.3 3776.87 8361.89 7077.44 1385.75 862.519 5691.69 2373.99 1317.26 1056.72 782.018 705.848 736.678
internal_count=108500 75246 34971 33254 27890 5441 3222 22449 9536 5213 4323 3070 2829 2996
is_linear=0
shrinkage=0.035


Tree=30
num_leaves=15
num_cat=0
split_feature=3 78 79 23 77 74 7 77 7 7 25 7 38 70
split_gain=98.6095 32.398 39.4022 31.8729 29.489 31.744 27.9886 27.5038 27.7354 27.7884 27.4225 26.8603 26.6485 23.785
threshold=2.2307692307692264 -2.9665701015650785 -0.098344473428039078 -0.23538896673348728 3.5335772088798896 1.2003121096683242 0.88145565578149432 2.4315126136044056 0.94849103470223606 1.0486107060480263 0.095135426705802481 1.7921979343826513 0.58838056580472697 -0.5874797016894574
decision_type=2 10 8 2 8 2 2 10 2 2 2 2 2 2
left_child=3 2 -2 10 7 11 -3 8 -5 -10 12 -6 -1 -8
right_child=1 6 -4 4 5 -7 13 -9 9 -11 -12 -13 -14 -15
leaf_value=0.0075798205087440895 -0.014629126550289742 -0.012963517872467889 -0.002248599960673349 -0.0073008205884236756 0.018298397751503968 -0.0077543653506375885 0.0033900536375127827 -0.0074174725431820502 0.012291991135052806 0.0018756861374697629 0.013178968798610163 -0.0022093401013839808 -0.00065777570864403916 -0.0017537223982352535
leaf_weight=1222.1096111945808 498.38846512499731 215.8480559992604 825.165838311892 364.97184536233544 329.62383988499641 89.388967663049698 1369.0030504317256 391.62078193202615 309.39897147938609 7058.8025496974587 551.93659039586782 95.637610886245966 780.29142198339105 5303.5644933404692
leaf_count=4737 3781 1781 5977 1702 1286 488 9748 1749 1340 30727 1892 479 2862 39951
internal_value=0.00082437 -0.00208561 -0.0070589 0.0029591 0.00193507 0.00990148 -0.00111237 0.00140738 0.00187226 0.00234517 0.00638071 0.0137943 0.00439505 -0.000691403
internal_weight=19405.8 8211.97 1323.55 11193.8 8639.44 514.65 6888.42 8124.79 7733.17 7368.2 2554.34 425.261 2002.4 6672.57
internal_count=108500 61238 9758 47262 37771 2253 51480 35518 33769 32067 9491 1765 7599 49699
is_linear=0
shrinkage=0.035


Tree=31
num_leaves=15
num_cat=0
split_feature=3 79 76 3 74 78 54 79 75 39 77 88 82 77
split_gain=93.627 33.8 33.1183 32.4236 26.4491 23.74 26.5257 22.7088 29.0283 24.8261 22.0595 29.6834 21.6379 20.4529
threshold=1.7732398701669501 7.6917923690141858 -0.91250937124466958 3.6666666666670991 2.3571078693083605 -5.7190736881343023 0.68054242793476227 5.6809284628524397 0.66139133795806404 -0.39022294728304668 4.0996431486929481 -1.0000000180025095e-35 -1.790207422889267 1.7711760113521409
decision_type=2 10 10 2 2 8 2 10 2 2 8 2 10 10
left_child=5 3 -3 -2 10 12 7 9 -9 -7 13 -12 -1 -5
right_child=1 2 -4 4 -6 6 -8 8 -10 -11 11 -13 -14 -15
leaf_value=-0.016719606111311829 -0.00019869321268469744 -0.0072909566879899718 0.022407352532398454 -0.0027590926004973648 -0.012633567423252912 0.01366824456677607 0.0085999445614658547 0.022133260976761281 -0.0022230710152137986 0.0022313985662898352 -0.0069146355727005898 0.020375957530239689 0.0021512472954379625 -0.011374808583464369
leaf_weight=112.82369820028543 7154.2032935488969 56.746423081494868 119.58453430887312 2781.7377001306813 390.40304293646477 222.41461116448045 1245.3462471626699 143.89547563716769 89.188676450401545 6389.6080027557909 73.747034734115005 90.16728083929047 160.3388505205512 368.85085311777948
leaf_count=459 39648 312 760 24876 4724 845 5188 531 333 25262 711 832 636 3383
internal_value=0.000795647 -0.00132052 0.0130808 -0.00157799 -0.00422606 0.00358433 0.00393104 0.00305903 0.0133742 0.00265617 -0.00316594 0.00868088 -0.00625184 -0.00383316
internal_weight=19399.1 11035.4 176.331 10859.1 3704.91 8363.62 8090.45 6845.11 233.084 6612.02 3314.5 163.914 273.163 3150.59
internal_count=108500 75246 1072 74174 34526 33254 32159 26971 864 26107 29802 1543 1095 28259
is_linear=0
shrinkage=0.035


Tree=32
num_leaves=15
num_cat=0
split_feature=3 79 78 88 76 79 76 77 40 7 78 29 78 76
split_gain=87.7687 37.9409 36.6567 34.269 36.314 35.6935 58.4731 37.8022 34.9404 42.2406 33.619 39.5331 32.6103 53.8225
threshold=3.2778194236215468 5.6809284628524397 -2.3666317366255454 -2.2779499999999997 -0.2125931892070422 3.0243408097384097 0.88631003930094054 1.1122639346414911 0.087886637296612197 1.7921979343826513 0.81536491499104102 0.96113955858247946 -0.33781808635143828 -0.31484115482246167
decision_type=2 10 10 2 8 8 10 8 2 2 8 2 10 10
left_child=1 2 3 4 -1 -5 7 -7 -6 -10 -3 -12 -4 -14
right_child=-2 10 12 5 8 6 -8 -9 9 -11 11 -13 13 -15
leaf_value=0.0088474140782246156 -0.0034841432939561297 0.020864269142498133 0.0050324046770138719 -0.0085577499839208076 0.0033110209119086948 0.0015099910280308413 0.025047858711377585 -0.02517960227457558 -0.021173848499013652 0.0084132404629029042 0.013193696477978491 -0.011946818529073727 0.0047002652861944218 -0.0013929143173088486
leaf_weight=573.76068625226617 4532.7292363472443 223.57330776005983 4262.337759565562 1119.4998165331781 407.3334362860769 343.80684802681208 91.787873692810535 59.622110426425934 179.87618816271424 71.124126546084881 162.33247185125947 112.83705485612154 3048.4641301874071 4199.9060656838119
leaf_count=2444 40235 993 19772 5252 1921 1577 448 277 849 405 683 475 13533 19636
internal_value=0.00076918 0.00206983 0.00173123 -0.00181538 0.00255784 -0.0051428 0.00260966 -0.00343743 -0.00302298 -0.0127878 0.0113749 0.00277352 0.00260999 0.00117559
internal_weight=19389 14856.3 14357.5 2846.81 1232.09 1614.72 495.217 403.429 658.334 251 498.743 275.17 11510.7 7248.37
internal_count=108500 68265 66114 13173 5619 7554 2302 1854 3175 1254 2151 1158 52941 33169
is_linear=0
shrinkage=0.035


Tree=33
num_leaves=15
num_cat=0
split_feature=3 79 76 78 74 79 9 3 7 54 31 52 4 18
split_gain=84.3911 30.7374 30.7209 28.8509 36.8348 29.6659 36.2229 25.0798 24.2905 23.0765 27.9225 25.109 23.9788 29.8627
threshold=1.7732398701669501 7.6917923690141858 -0.91250937124466958 -2.9665701015650785 -0.38190017062326126 0.056769088896962173 5.8334814836483346 4.1499819754864218 1.1151384489847447 -0.14197257000007948 -0.2893471389898416 0.81256989868829765 1.1666666666666667 0.58204644894393642
decision_type=2 10 10 10 2 8 2 2 2 2 2 2 2 2
left_child=9 3 -3 4 8 6 -6 -5 -2 10 -1 -12 13 -11
right_child=1 2 -4 7 5 -7 -8 -9 -10 12 11 -13 -14 -15
leaf_value=0.0082101991103133171 0.018097561874488157 -0.0072145147606634871 0.021325554229101054 0.00042355408704552983 0.0047370726522653114 -0.0047950971135094439 -0.02146299255088524 -0.0036719891297458799 -0.0016443108656848603 0.0053599074907098119 0.0047599180085994008 -0.0024144427902855446 0.0038207618532112926 0.019967966300176394
leaf_weight=549.64054649695754 66.764791053719819 56.613196267746389 121.0020655260887 6569.3427639119327 71.217937475070357 662.63087371876463 334.50930440123193 2517.9375629765127 617.81358888442628 523.55856151878834 830.45441146194935 1990.1531041003764 4218.3555815182626 252.47924366593361
leaf_count=2062 394 312 760 37336 255 4637 2689 24867 3996 1201 3391 7799 18027 774
internal_value=0.000743046 -0.00126861 0.0124192 -0.00151534 -0.00560005 -0.00960162 -0.0168576 -0.000716826 0.000740113 0.00338948 0.00114197 -0.000283498 0.00489551 0.0104948
internal_weight=19382.5 11017.8 177.615 10840.2 1752.94 1068.36 405.727 9087.28 684.578 8364.64 3370.25 2820.61 4994.39 776.038
internal_count=108500 75246 1072 74174 11971 7581 2944 62203 4390 33254 13252 11190 20002 1975
is_linear=0
shrinkage=0.035


Tree=34
num_leaves=15
num_cat=0
split_feature=3 7 79 76 78 74 35 75 57 70 78 32 85 79
split_gain=78.6983 29.7146 27.3523 28.6874 26.7952 35.7297 37.2298 35.3116 22.3941 21.705 20.4212 21.5931 20.4537 20.2729
threshold=1.7732398701669501 0.88145565578149432 7.6917923690141858 -0.91250937124466958 -2.9665701015650785 -0.11145275816422662 0.010806040545928037 -1.1774360007054085 0.93333333333328661 -0.5874797016894574 -2.3666317366255454 0.063168264514085831 -0.089941555152420624 0.056769088896962173
decision_type=2 2 10 10 10 2 2 2 2 2 10 2 2 8
left_child=8 -2 4 -4 5 6 -3 -8 10 -6 11 12 -1 -7
right_child=1 2 3 -5 9 13 7 -9 -10 -11 -12 -13 -14 -15
leaf_value=-0.0065500918667122507 -0.011438521671934041 -0.0050855338991779037 -0.0070459582590081142 0.020511964613493573 0.0030509279924533458 -0.016431983301219626 0.032999962551903621 0.0034664843469688054 0.0086972365366100417 -0.0012393971591589997 0.0035596044232193212 -0.0054862378447787163 0.0060149058157165317 -0.0054389841721952147
leaf_weight=194.57509811222553 318.40344986238051 541.50272463448346 56.420555956661701 122.17045992915519 1798.9456982981865 338.94049368845299 45.556545110419393 228.36858648620546 823.19628266245127 7000.0693192811013 6057.9611496031284 685.15849907696247 604.79549229890108 556.9022492421791
leaf_count=751 2472 3441 312 760 11762 2519 316 1415 3156 48280 24235 2876 2236 3969
internal_value=0.000718879 -0.00122527 -0.000900236 0.011973 -0.0011413 -0.00512172 0.000202038 0.0102895 0.00327374 -0.000357317 0.00266038 -0.00100767 0.00287123 -0.00986618
internal_weight=19373 11007.3 10688.9 178.591 10510.3 1711.27 815.428 273.925 8365.69 8799.02 7542.49 1484.53 799.371 895.843
internal_count=108500 75246 72774 1072 71702 11660 5172 1731 33254 60042 30098 5863 2987 6488
is_linear=0
shrinkage=0.035


Tree=35
num_leaves=15
num_cat=0
split_feature=3 76 76 77 88 9 77 78 79 7 21 77 35 82
split_gain=74.6615 36.2321 37.4395 53.1245 44.4157 46.3972 63.3618 56.7075 41.6632 40.5728 41.3787 34.8872 47.7474 34.7443
threshold=3.2778194236215468 -3.9041893477876597 -0.1173816275296377 3.5335772088798896 -2.2779499999999997 6.3380281690141818 0.30097443613441782 -0.92385050999685292 2.4057310784277912 2.0606557831480914 0.66408831478918728 0.1580809529064279 -0.040697153414280332 64.762666344888601
decision_type=2 10 10 10 2 2 10 10 10 2 2 10 2 10
left_child=1 11 3 4 8 13 9 -8 -3 10 -7 12 -1 -6
right_child=-2 2 -4 -5 5 6 7 -9 -10 -11 -12 -13 -14 -15
leaf_value=0.021878014687514821 -0.0032416713362410352 0.0050959874844803419 0.00066388305497599499 0.019338237897494743 0.0033911829857897076 0.01364786011568379 -0.027095955615867692 -0.0037300859359385486 0.017895306268333588 -0.01632522351255521 -0.00075939997947670104 -0.014391638104244948 -0.0044015367966209785 0.020193541278046911
leaf_weight=82.942980218678713 4507.8567499498968 2587.8053334634751 7661.324914118275 256.24189184606075 1209.1405696794391 323.73161437734962 191.94687609188259 337.75505337491632 340.83892660588026 122.97855825535953 836.76271678879857 294.02941304817796 457.80608951672912 154.64421258866787
leaf_count=363 40235 11711 35888 1151 3749 2086 1133 1959 1468 790 4352 1225 1943 447
internal_value=0.000694532 0.00189152 0.00231516 0.00429542 0.00360302 0.000726936 -0.00292986 -0.0128749 0.00669686 0.00130913 0.00342278 -0.00511278 0.000265907 0.00556078
internal_weight=19365.8 14857.9 14023.2 6361.85 6105.6 3176.96 1813.17 529.702 2928.64 1283.47 1160.49 834.778 540.749 1363.78
internal_count=108500 68265 64734 28846 27695 14516 10320 3092 13179 7228 6438 3531 2306 4196
is_linear=0
shrinkage=0.035


Tree=36
num_leaves=15
num_cat=0
split_feature=3 7 7 7 79 9 79 39 34 77 41 9 7 78
split_gain=70.4993 28.0149 26.582 42.6606 58.7186 42.6034 53.9083 40.089 42.703 30.8218 30.4684 30.2547 53.2644 53.0075
threshold=1.7732398701669501 0.88145565578149432 1.9820624195624317 1.7306655704871201 -0.75641594144395008 20.256320893536394 0.79873672264828188 -0.12713327120263992 -0.89954480273844906 0.20243642691018629 0.14092984271011796 18.901130498515368 2.3481039040253733 1.7712592494993513
decision_type=2 2 2 2 10 2 8 2 2 10 2 2 2 8
left_child=-1 -2 3 5 9 -3 -7 8 -6 10 -5 -4 -13 -14
right_child=1 2 11 4 7 6 -8 -9 -10 -11 -12 12 13 -15
leaf_value=0.0030887232349813085 -0.011120508722417977 -0.0007420776066034959 -0.0068269703297108419 0.0099027816607507955 0.025845162468228617 -0.024394894193017647 0.0061901603981701567 0.015274791854106528 -0.0032210215962499389 -0.010455364626752018 -0.011685711383774805 -0.011191583174370301 0.034303716801710002 -0.013660644677353374
leaf_weight=8366.4661498218775 316.20657417504117 7047.3784820354631 1392.3468647580594 263.31618785497267 53.559076307545183 185.33258295152336 97.206350249005482 636.50619995465968 373.09806612506509 335.7031835783273 92.879933683201671 91.314037342788652 81.157092584879138 26.634721049107611
leaf_count=33254 2472 43052 10172 1868 543 2785 1455 4119 2973 2272 679 1279 1204 373
internal_value=0.000671459 -0.00117058 -0.000855651 -0.000120548 0.00474941 -0.00129635 -0.0141586 0.00984428 0.0014216 -0.00313594 0.00395149 -0.00499849 0.00724409 0.0221689
internal_weight=19359.1 10992.6 10676.4 9084.98 1755.06 7329.92 282.539 1063.16 426.657 691.899 356.196 1591.45 199.106 107.792
internal_count=108500 75246 72774 59746 12454 47292 4240 7635 3516 4819 2547 13028 2856 1577
is_linear=0
shrinkage=0.035


Tree=37
num_leaves=15
num_cat=0
split_feature=3 79 78 29 76 76 77 78 76 79 88 77 78 7
split_gain=67.0236 35.4292 34.7294 39.104 30.4853 37.6094 55.1188 36.8488 41.4871 44.3367 35.9936 46.8089 50.4167 36.7422
threshold=3.0526315789474521 5.6809284628524397 0.81536491499104102 0.9805307359410157 -3.9041893477876597 -0.06854837780897273 3.5335772088798896 4.3931234780441279 0.066247095403994719 -1.1692224408885086 3.8011500000000007 0.52195572742103813 -1.0927755102892747 2.0606557831480914
decision_type=2 10 8 2 10 10 10 10 10 10 2 10 10 2
left_child=1 4 -3 -4 -1 6 10 8 9 -7 -6 13 -13 -12
right_child=-2 2 3 -5 5 7 -8 -9 -10 -11 11 12 -14 -15
leaf_value=-0.0050592609076588312 -0.0028134818598765628 0.020802189826273878 0.01224719092886308 -0.013285740568684291 0.0053236993695982247 0.0050583538193807592 0.019667773342151026 -0.013259868230695721 0.0014246582365561276 -0.016600483760991706 0.004043031478835904 -0.023093505740336424 -0.0010915717088484068 -0.014776647776499188
leaf_weight=789.84258789941669 5045.3001061242758 215.7982158139348 164.10780370980501 102.65804796293378 3698.5125533100218 166.96721260249615 241.65622633695602 221.88127792812884 6172.3554514944553 308.65769390761852 1571.8936638254672 181.75794540718198 352.79930656030774 118.53870700672269
leaf_count=3308 43736 943 672 428 16521 683 1076 959 28752 1429 6898 797 1590 708
internal_value=0.000647904 0.00187073 0.0110042 0.00218018 0.00153649 0.00194329 0.00392312 0.000160315 0.000646652 -0.00909989 0.00321678 -0.000301693 -0.00913564 0.00256598
internal_weight=19352.7 14307.4 482.564 266.766 13824.9 13035 6165.16 6869.86 6647.98 475.625 5923.5 2224.99 534.557 1690.43
internal_count=108500 64764 2043 1100 62721 59413 27590 31823 30864 2112 26514 9993 2387 7606
is_linear=0
shrinkage=0.035


Tree=38
num_leaves=15
num_cat=0
split_feature=3 7 79 9 1 78 7 5 76 88 7 7 77 82
split_gain=63.2191 26.378 25.3106 53.8729 40.6988 38.9307 41.6174 37.2714 32.7324 43.2541 31.9953 28.0949 35.5178 28.006
threshold=1.7732398701669501 0.88145565578149432 -0.1604194285411116 12.143621747939056 1.0221030980853991 5.3155581534990182 2.0184424689644795 1.7917594692280552 2.3880845929184908 -1.4858499999999999 2.4468380387690223 1.9410094088325394 0.1580809529064279 -30.599716536032769
decision_type=2 2 8 2 2 8 2 2 10 2 2 2 10 10
left_child=-1 -2 3 5 -4 6 11 10 9 -6 -5 13 -13 -3
right_child=1 2 4 7 8 -7 -8 -9 -10 -11 -12 12 -14 -15
leaf_value=0.0029127463635400057 -0.010807891543710318 0.0072646561417558236 -0.0010034380608854926 -0.0090380668092690537 0.0093823235882372572 -0.017507816778750979 -0.010870789190084369 -0.026744383097240754 0.01813712050173448 -0.0030163955922604506 0.013556552847755143 0.034675842258287314 -0.0014281524671374347 -0.0011159937048143206
leaf_weight=8367.6146931909025 314.07511103118304 610.42189076065551 4759.1614032671787 803.84033377045125 692.77215479314327 141.30842893105 354.40151096740738 122.05910619637871 197.51270724460483 653.02993287332356 66.975318001583219 48.916244870983064 61.794657710939646 2152.5681301245932
leaf_count=33254 2472 3355 30516 8748 5707 785 2283 1487 1760 5248 810 267 361 11447
internal_value=0.000624532 -0.00112158 -0.000816619 -0.00285974 0.000602105 -0.000727577 0.000110249 -0.00993817 0.00550266 0.00340996 -0.00703494 0.00153027 0.0173889 0.000774428
internal_weight=19346.5 10978.8 10664.8 4362.29 6302.48 3369.41 3228.1 992.875 1543.31 1345.8 870.816 2873.7 110.711 2762.99
internal_count=108500 75246 72774 29543 43231 18498 17713 11045 12715 10955 9558 15430 628 14802
is_linear=0
shrinkage=0.035


Tree=39
num_leaves=15
num_cat=0
split_feature=3 76 75 88 76 77 88 40 78 88 82 79 33 76
split_gain=59.6246 31.5345 34.2093 35.5322 32.5788 46.667 39.4427 47.664 45.3502 38.3008 37.798 37.0604 31.5249 30.053
threshold=3.2778194236215468 -3.9041893477876597 -1.9329894106539649 7.1221500000000004 -0.1173816275296377 3.5335772088798896 -3.7606499999999996 -0.19831334715385007 2.9103736686444606 -1.0000000180025095e-35 -112.36545349885495 2.0006796336056309 0.0068869327039270409 -0.43471014565636812
decision_type=2 10 2 2 10 10 2 2 8 2 10 10 2 10
left_child=1 2 -1 -4 5 6 11 10 13 -10 -8 -3 -6 -9
right_child=-2 4 3 -5 12 -7 7 8 9 -11 -12 -13 -14 -15
leaf_value=0.012937765928726719 -0.0029298705902333923 0.0048368442328751045 -0.010671628327655282 0.0098002782609605005 0.0026393622016481506 0.017977945745986927 -0.01625750045870324 -0.0022450886212814925 0.010278831787019932 -0.016625410570151867 0.0079918235493385992 0.017083427169366321 -0.0018465554246794638 0.0075538287667465624
leaf_weight=97.119808092713356 4476.6104893976008 2161.7049578614533 628.3697323910892 107.39707964658737 4047.0453718863428 257.35144839808345 65.958233486860991 1467.676448116079 64.325975999236107 352.01463577151299 1162.8749733474106 339.3096267208457 3614.5422099977732 496.56886018812656
leaf_count=410 40235 9851 2665 456 18754 1151 379 6507 281 1589 5381 1452 17134 2255
internal_value=0.000602826 0.00166941 -0.00487212 -0.00750315 0.00206414 0.0039101 0.00326089 0.000909194 -0.00198119 -0.012188 0.00645071 0.00662067 0.000523723 0.000283285
internal_weight=19338.9 14862.3 832.887 735.767 14029.4 6367.79 6110.43 3609.42 2380.59 416.341 1228.83 2501.01 7661.59 1964.25
internal_count=108500 68265 3531 3121 64734 28846 27695 16392 10632 1870 5760 11303 35888 8762
is_linear=0
shrinkage=0.035


Tree=40
num_leaves=15
num_cat=0
split_feature=3 79 7 78 78 74 35 75 32 23 4 73 3 20
split_gain=57.0808 25.5316 24.4719 24.1427 23.6277 30.7782 37.2898 33.323 23.3377 21.6992 24.7059 26.5425 24.2955 23.1542
threshold=1.7732398701669501 5.6809284628524397 0.88145565578149432 0.81536491499104102 -2.9665701015650785 -0.11145275816422662 0.010806040545928037 -1.1774360007054085 -0.020739875916373864 -0.23538896673348728 1.1666666666666667 0.3132530120481905 1.212411445584628 0.15909090909091808
decision_type=2 10 2 8 10 2 2 2 2 2 2 2 2 2
left_child=9 2 -2 8 5 6 -4 -8 -3 -1 11 13 -13 -11
right_child=1 3 4 -5 -6 -7 7 -9 -10 10 -12 12 -14 -15
leaf_value=0.006125147135254928 -0.010769436136705963 0.026995274111075031 -0.0052344024089039072 -0.00085469950752027483 -0.00034218480179645311 -0.0092923380169062392 0.032204650585027153 0.0035204788977884144 0.0012423064180183303 0.0045060825077462832 0.00071614411788234141 0.010161707808569505 -0.0016446014280695996 0.021042781278312987
leaf_weight=1814.867856066674 310.49607710563578 91.601864935248159 531.7335356050171 186.43579468224198 8617.1876395452491 881.49773455155082 45.894752423861064 226.44021526444703 73.517494931351393 219.21931751072407 5226.9799383021891 309.46734331548214 594.02988515794277 203.95723112300038
leaf_count=6149 2455 585 3408 1176 59031 6434 314 1407 436 517 23686 676 1625 601
internal_value=0.000583236 -0.00107764 -0.00139093 0.00794622 -0.00108797 -0.00485194 0.000123424 0.010227 0.0169021 0.00275676 0.00180818 0.00603616 0.00253181 0.0130662
internal_weight=19333.3 10964.8 10613.2 351.555 10302.8 1685.57 804.069 272.335 165.119 8368.52 6553.65 1326.67 903.497 423.177
internal_count=108500 75246 73049 2197 70594 11563 5129 1721 1021 33254 27105 3419 2301 1118
is_linear=0
shrinkage=0.035


Tree=41
num_leaves=15
num_cat=0
split_feature=3 79 9 78 34 74 78 78 79 85 76 7 77 77
split_gain=53.7673 29.8716 29.7786 35.6289 35.0422 34.0114 33.8529 33.3837 32.4677 30.9151 30.621 34.8871 29.4384 41.6615
threshold=3.2778194236215468 5.6809284628524397 6.3380281690141818 -3.3902669878620908 -0.8289656013311768 -0.50887386591945205 -0.46762274085181837 -0.92385050999685292 -0.400542486609403 0.010389396070054109 -3.340133831502623 1.2375480646590453 0.30097443613441782 -3.2276858178005252
decision_type=2 10 2 8 2 2 8 10 8 2 10 2 10 10
left_child=1 2 4 5 -1 -4 7 8 9 -5 11 -6 13 -10
right_child=-2 -3 3 6 10 -7 -8 -9 12 -11 -12 -13 -14 -15
leaf_value=-0.0082514933772798085 -0.0027950700346071745 0.0098085483316051551 0.0024159201101987813 -0.0096418462140706925 0.0091575976029923453 -0.013857356598096044 -0.0011241111652324737 0.009791098440786624 -0.012085601781310512 0.0032730142292957246 0.0044077891199689901 -0.011127905503418594 -0.0021150887269035441 0.014381438109504738
leaf_weight=298.64559466019273 4463.3255204879897 501.63447731733322 241.74573752656579 462.71205917000771 133.10864518582821 404.28802687674761 4931.3791754059494 774.77715763822198 69.735079620033503 414.16697324812412 5490.2433078624308 314.17981749773026 349.30929097160697 477.02578448317945
leaf_count=895 40235 2151 1394 2686 373 2481 28177 4449 387 2342 17142 992 2041 2755
internal_value=0.00056575 0.0015774 0.00127665 -0.000120586 0.00309168 -0.00787821 0.000568729 0.00382863 0.00114288 -0.00360495 0.003688 -0.00495757 0.00576628 0.0106984
internal_weight=19326.3 14863 14361.3 8125.14 6236.18 646.034 7479.11 2547.73 1772.95 876.879 5937.53 447.288 896.07 546.761
internal_count=108500 68265 66114 46712 19402 3875 42837 14660 10211 5028 18507 1365 5183 3142
is_linear=0
shrinkage=0.035


Tree=42
num_leaves=15
num_cat=0
split_feature=3 70 54 31 52 50 7 7 26 7 13 37 75 77
split_gain=50.8487 24.697 20.9363 26.3182 23.4057 21.5504 21.3594 21.6596 19.6019 19.007 18.8507 19.2101 18.8082 22.7085
threshold=1.7732398701669501 -0.5874797016894574 -0.14197257000007948 -0.2893471389898416 0.81256989868829765 0.82359128069379228 0.88145565578149432 1.0024935857910224 -0.33217103948982246 0.88145565578149432 0.29371098300713622 0.64074856234294075 6.0332873572128678 -0.19166819744403804
decision_type=2 2 2 2 2 2 2 2 2 2 2 2 2 10
left_child=2 -2 3 -1 -5 6 -4 -8 -9 -3 -10 -12 -11 -14
right_child=1 9 5 4 -6 -7 7 8 10 12 11 -13 13 -15
leaf_value=0.0073202178289525442 0.0022391092015964704 -0.010964106461223613 -0.0095499671904158492 0.0039544004162911503 -0.0029718589297529395 0.010344079536261762 0.01530103398978604 0.0079239844334940638 0.011478391783828531 -0.0017805866172479494 0.012702797774114904 0.00048645793157532619 -0.0025367847441324408 0.024747846280690541
leaf_weight=550.37346428632736 2241.6266116244005 253.08212794736028 137.41430133581161 831.13004752621055 1990.9321466349065 568.99896765500307 167.53247034549713 802.58572172373533 212.88076385483146 8333.4501775352837 146.68586657196283 2959.9050600379705 69.810250132344663 52.91372555308044
leaf_count=2062 14705 2029 575 3391 7799 2232 677 3187 909 57563 663 11759 544 405
internal_value=0.000545743 -0.00102339 0.00259664 0.00046125 -0.000918522 0.0040305 0.00317615 0.00362625 0.00308017 -0.00186631 0.00186858 0.00114085 -0.0015688 0.0110467
internal_weight=19319.3 10950.9 8368.44 3372.44 2822.06 4996 4427 4289.59 4122.06 8709.26 3319.47 3106.59 8456.17 122.724
internal_count=108500 75246 33254 13252 11190 20002 17770 17195 16518 60541 13331 12422 58512 949
is_linear=0
shrinkage=0.035


Tree=43
num_leaves=15
num_cat=0
split_feature=3 76 77 35 88 74 76 77 88 40 78 88 82 79
split_gain=48.5149 28.1812 32.9075 44.4257 32.8976 31.4391 30.7337 43.8103 36.5697 44.5714 42.0568 36.1806 35.5427 33.8765
threshold=3.2778194236215468 -3.9041893477876597 0.1580809529064279 -0.040697153414280332 7.1221500000000004 -1.6489190945943475 -0.1173816275296377 3.5335772088798896 -3.7606499999999996 -0.19831334715385007 2.9103736686444606 -1.0000000180025095e-35 -112.36545349885495 2.0006796336056309
decision_type=2 10 10 2 2 2 10 10 2 2 8 2 10 10
left_child=1 2 3 -1 -4 -5 7 8 13 12 -11 -12 -10 -3
right_child=-2 6 4 5 -6 -7 -8 -9 9 10 11 -13 -14 -15
leaf_value=0.02133291234133183 -0.0026686326064909384 0.0045527738852899173 -0.019557809850631321 0.013075591669743404 0.0069599665344778922 -0.0084731442095101143 0.00036618077066875545 0.017271306200497195 -0.01592673571547672 0.00014419996202743636 0.0099365687743690947 -0.016210821709244143 0.0076087678670485282 0.0162441035397679
leaf_weight=83.077938836067915 4450.9768835966897 2163.0072450712323 228.98482658714056 86.443138219416142 63.194652363657951 369.65695297718048 7661.5551526807249 257.80547083541751 65.718584876507521 1963.7629147116095 64.443612948060036 350.64902490377426 1164.191445030272 340.34288075566292
leaf_count=363 40235 9851 939 348 286 1595 35888 1151 379 8762 281 1589 5381 1452
internal_value=0.000529223 0.00148919 -0.00470005 0.000517081 -0.0137439 -0.00401137 0.00186206 0.00365449 0.00302568 0.000761039 -0.00203572 -0.0118813 0.00611646 0.00625842
internal_weight=19313.8 14862.8 831.358 539.178 292.179 456.1 14031.5 6369.92 6112.12 3608.77 2378.86 415.093 1229.91 2503.35
internal_count=108500 68265 3531 2306 1225 1943 64734 28846 27695 16392 10632 1870 5760 11303
is_linear=0
shrinkage=0.035


Tree=44
num_leaves=15
num_cat=0
split_feature=3 4 13 23 85 77 74 74 7 7 7 77 76 25
split_gain=46.1854 25.492 26.3333 23.4696 24.0944 20.8868 33.2711 27.0875 24.6817 24.6638 36.1731 34.5609 25.5517 24.4865
threshold=2.3673469387755026 1.5000000000000002 1.9345878756091233 -0.23538896673348728 -0.010786690373415784 3.5335772088798896 1.2003121096683242 -4.4196514336716186 1.7921979343826513 0.94849103470223606 1.0486107060480263 2.4315126136044056 1.8096965112229513 -0.16409483744586176
decision_type=2 2 2 2 2 8 2 2 2 2 2 10 10 2
left_child=3 -2 -3 4 -1 7 8 -5 -7 -9 -11 12 -12 -14
right_child=1 2 -4 5 -6 6 -8 9 -10 10 11 -13 13 -15
leaf_value=0.0014346542724140738 -0.0042782118419471956 0.0010139068890870923 -0.0065398453824917178 -0.011150956407987392 0.0079971153059939046 0.015656910616418045 -0.0097832507049038717 -0.0075120206255484146 -0.0033122196277010929 0.012328645148312492 0.00055853883814148365 -0.0092248662651902968 -0.0047773026709734823 0.0093070681064590793
leaf_weight=1396.4265875965357 2795.3866515738191 3982.9864049596363 638.32632721903792 214.81148337945342 1346.4879509024322 349.62511322647333 95.605373077094555 386.5397941172123 100.756028175354 330.22209204733372 6347.8506135828793 378.03820051066577 173.69456754624844 771.45528233423829
leaf_count=5252 15677 37620 4440 1051 5098 1382 525 1841 517 1440 27803 1723 766 3365
internal_value=0.000511989 -0.00165282 -5.31524e-05 0.00186268 0.00469071 0.0010064 0.00752 0.000576518 0.0114529 0.000902669 0.0013269 0.000822468 0.00136708 0.00667336
internal_weight=19308.2 7416.7 4621.31 11891.5 2742.91 9148.6 545.987 8602.61 450.381 8387.8 8001.26 7671.04 7293 945.15
internal_count=108500 57737 42060 50763 10350 40413 2424 37989 1899 36938 35097 33657 31934 4131
is_linear=0
shrinkage=0.035


Tree=45
num_leaves=15
num_cat=0
split_feature=3 7 79 7 9 78 74 7 7 36 37 82 37 77
split_gain=44.8071 38.5382 31.0206 53.8552 56.0676 46.7318 41.2291 40.0857 34.8205 48.9093 35.7969 34.8875 34.2483 46.2587
threshold=1.4062499999999856 0.88145565578149432 -0.1604194285411116 2.0184424689644795 20.256320893536394 -3.8930492992263015 -0.50887386591945205 2.4468380387690223 1.8842385138739082 0.0093112571324209976 1.0717628243494872 -22.475941378656824 1.0717628243494872 -0.83810573093620755
decision_type=2 2 8 2 2 10 2 2 2 2 2 8 2 10
left_child=-1 -2 3 4 5 6 -3 -5 9 -7 -11 -12 -10 -14
right_child=1 2 -4 7 -6 8 -8 -9 12 10 11 -13 13 -15
leaf_value=0.0032597497522997843 -0.011147721075807252 0.0021349497874300558 0.0011616587025407279 -0.015780184031955882 -0.02014596097358971 0.0029964085972674485 -0.017808629354471389 0.0030387391254046675 0.021152022795134076 0.00028963184071032638 0.00090980024864441842 -0.016239279123257767 0.023177663487235847 -0.012045610483185533
leaf_weight=5212.3957230597734 386.88746347639244 203.28043869091198 8125.9896291150362 530.25097144185565 158.49976178130601 2493.479177087007 301.87234859867021 177.67696908349171 179.67491886205971 710.18020702060312 207.58499589748681 449.12108502350748 48.512362161651254 117.03277363022789
leaf_count=19252 2892 1185 51298 4070 2334 14595 1953 1627 1093 3665 1180 2343 298 715
internal_value=0.000493833 -0.000532545 -0.000217033 -0.00222277 -0.000891521 -0.000161245 -0.0100074 -0.0111033 0.00106319 8.54978e-05 -0.00519123 -0.0109518 0.0113927 -0.000337853
internal_weight=19302.4 14090 13703.2 5577.17 4869.24 4710.74 505.153 707.928 4205.59 3860.37 1366.89 656.706 345.22 165.545
internal_count=108500 89248 86356 35058 29361 27027 3138 5697 23889 21783 7188 3523 2106 1013
is_linear=0
shrinkage=0.035


Tree=46
num_leaves=15
num_cat=0
split_feature=3 7 79 7 9 78 74 7 82 7 7 7 78 88
split_gain=41.7917 36.2122 28.9867 50.608 53.3217 43.9142 39.0463 37.8948 33.5375 33.3473 33.2196 51.0538 42.0203 33.1861
threshold=1.4062499999999856 0.88145565578149432 -0.1604194285411116 2.0184424689644795 20.256320893536394 -3.8930492992263015 -0.50887386591945205 2.4468380387690223 -33.688264567821584 1.9410094088325394 1.7306655704871201 1.9410094088325394 2.3619122559180599 -1.4858499999999999
decision_type=2 2 8 2 2 10 2 2 10 2 2 2 8 2
left_child=-1 -2 3 4 5 6 13 -5 -4 -7 -10 -12 -13 -3
right_child=1 2 8 7 -6 9 -8 -9 10 -11 11 12 -14 -15
leaf_value=0.0031464196422905199 -0.010833511913543202 0.015999481829834565 -0.0030445706320088011 -0.015366779978315042 -0.019756009342895422 0.00035720914062328736 -0.017370733888857844 0.0029389655211727083 0.00068220136854406236 0.015464008495011602 0.012250468255681317 0.0045643959872717129 -0.012363730138650076 -0.0099662913783891052
leaf_weight=5211.8647038415074 384.79252092016395 91.220934723969549 1818.7404511652421 526.07110793003812 156.40351666812785 4040.168860866157 299.20236946688965 177.95300762914121 4461.6047382738907 167.35591342765838 879.48750010813819 756.44795887218788 213.74418543744832 112.24391835276037
leaf_count=19252 2892 522 12095 4070 2334 22922 1953 1627 26070 967 5844 5677 1612 663
internal_value=0.00047514 -0.000516341 -0.000211207 -0.00215187 -0.000863732 -0.000155529 -0.00972566 -0.0107863 0.00112054 0.0010284 0.00232663 0.00624343 0.000660544 0.00206518
internal_weight=19297.3 14085.4 13700.6 5570.62 4866.6 4710.19 502.667 704.024 8130.02 4207.52 6311.28 1849.68 970.192 203.465
internal_count=108500 89248 86356 35058 29361 27027 3138 5697 51298 23889 39203 13133 7289 1185
is_linear=0
shrinkage=0.035


Tree=47
num_leaves=15
num_cat=0
split_feature=3 79 75 29 78 78 76 82 7 41 77 88 77 9
split_gain=40.4303 27.1836 29.0587 33.4682 26.2332 28.764 45.3009 31.8382 39.6155 31.7307 33.9014 31.6397 84.4573 57.5258
threshold=3.2778194236215468 5.6809284628524397 0.66139133795806404 0.94236788031025209 -2.3666317366255454 -0.33781808635143828 -0.31484115482246167 -20.026546388614005 1.2910269845942464 -0.14790532823562982 -0.1244479013431652 -1.0000000180025095e-35 0.24972157482762827 9.5880822803768062
decision_type=2 10 2 2 10 10 10 8 2 2 10 2 10 2
left_child=1 4 -3 -4 -1 11 7 8 -7 -10 -11 -6 -13 -14
right_child=-2 2 3 -5 5 6 -8 -9 9 10 -12 12 13 -15
leaf_value=-0.0019600590395613222 -0.0024700581090787801 0.015427532522056225 0.0098161759096371485 -0.017285030414319769 0.0010530509577267226 0.0096242012338156446 -0.0019138437080569806 0.0059811466033724515 0.0071687274202282755 -0.01800263196395735 -6.4440672828088762e-05 0.013299015383042229 0.0040711699228418519 -0.015675608792839121
leaf_weight=2836.7769464217126 4431.0259973005886 312.22185026481748 114.54399636760354 75.581044301390648 2152.4612561948597 248.71413089707494 4198.4564792476594 2145.6861383393407 150.55893645808101 283.18959771469235 224.97078753635287 1167.5548277981579 732.19526477903128 217.91125839203596
leaf_count=13173 40235 1337 481 333 10095 1114 19636 9246 722 1389 1062 5304 2804 1569
internal_value=0.000457171 0.00133212 0.00917771 -0.00157722 0.00104525 0.00178731 0.000442087 0.00367319 -0.00179544 -0.00626372 -0.0103643 0.00405908 0.00707606 -0.000687645
internal_weight=19291.8 14860.8 502.347 190.125 14358.5 11521.7 7251.58 3053.12 907.433 658.719 508.16 4270.12 2117.66 950.107
internal_count=108500 68265 2151 814 66114 52941 33169 13533 4287 3173 2451 19772 9677 4373
is_linear=0
shrinkage=0.035


Tree=48
num_leaves=15
num_cat=0
split_feature=3 70 39 4 26 0 11 82 25 90 4 30 49 10
split_gain=37.9401 22.8434 20.3589 22.3758 31.1711 29.4388 32.8786 24.0729 24.1995 23.1869 23.4573 23.0767 24.6944 23.3483
threshold=1.7732398701669501 -0.5874797016894574 -0.39022294728304668 12.833333333333334 0.026140954254914982 17.256095431969175 -0.18020765918399825 8.6422121045881557 0.021741162468000702 0.4601267320984696 1.1666666666666667 0.49767498762383533 0.13850187146176399 1.0000000180025095e-35
decision_type=2 2 2 2 2 2 2 10 2 2 2 2 2 2
left_child=2 -2 -1 4 5 -4 -7 -5 -9 -6 -11 12 -8 -14
right_child=1 -3 3 7 9 6 11 8 -10 10 -12 -13 13 -15
leaf_value=0.011510616733646126 0.0022212483160155391 -0.0017297305242036864 -0.0070589000061551145 0.0015441716213307232 -0.0041240271253719729 0.013020747754976055 0.01011974631452996 -0.02132221564004046 0.0011977184030432424 0.0081512919239141134 0.0004091820964852316 0.0084296154590534945 0.0041716619177382657 -0.0048582149337941917
leaf_weight=259.63682438060641 2239.5613349616906 8679.8157727133075 220.08133815973997 306.06232729926705 1041.5867184102535 596.41089660301805 307.85511000081897 137.49285368993878 89.721967276185751 569.63553297892213 2577.0788653939962 894.22055541723967 649.43348578736186 717.24465176090598
leaf_count=980 14705 60541 595 1268 4527 1961 1099 538 345 1426 11588 3891 2158 2878
internal_value=0.000441524 -0.000916806 0.00221229 0.0018869 0.00237803 0.00486506 0.00573328 -0.00492192 -0.0130521 0.00035429 0.00185333 0.00395375 0.00149231 -0.000569017
internal_weight=19285.8 10919.4 8366.46 8106.82 7573.55 3385.25 3165.16 533.277 227.215 4188.3 3146.71 2568.75 1674.53 1366.68
internal_count=108500 75246 33254 32274 30123 12582 11987 2151 883 17541 13014 10026 6135 5036
is_linear=0
shrinkage=0.035


Tree=49
num_leaves=15
num_cat=0
split_feature=3 76 75 88 78 76 77 88 9 36 35 7 79 33
split_gain=36.4919 26.7277 31.4695 31.7406 29.1473 29.9996 37.7208 39.5224 41.55 42.3689 36.6027 33.9676 32.2414 29.6905
threshold=3.2778194236215468 -3.9041893477876597 -1.9329894106539649 7.1221500000000004 -7.8180718779674914 -0.1173816275296377 3.5335772088798896 -3.7606499999999996 6.3380281690141818 0.010878858366402686 0.037011657846122072 2.0606557831480914 2.0006796336056309 0.0068869327039270409
decision_type=2 10 2 2 8 10 10 2 2 2 2 2 10 2
left_child=1 2 -1 -4 -3 6 7 12 9 -9 -11 -10 -6 -7
right_child=-2 4 3 -5 5 13 -8 8 11 10 -12 -13 -14 -15
leaf_value=0.012299282314254189 -0.0023581925253744486 -0.010401836979495746 -0.01031140151673466 0.0090393431263706588 0.0047401441780031339 0.0024124032300993923 0.016354939058697174 0.010008717182836508 -0.0010320549795137779 -0.0073951546965234918 0.0095640426682077097 -0.015490402370589847 0.016265603662481268 -0.0019627403913282265
leaf_weight=97.275419749319553 4420.2410017610746 223.20893991179764 625.4306730106473 107.70863711461425 2108.4431575983763 4009.1398701127619 253.81254027783871 860.69660835713148 1803.7012091949582 440.33999770507216 216.17110346257687 204.27127322368324 333.99028220772743 3576.2261043097824
leaf_count=410 40235 1073 2665 456 9571 18568 1130 2569 10052 1365 698 1322 1424 16962
internal_value=0.000426943 0.00125744 -0.00477236 -0.00730395 0.00162062 0.00182975 0.00362707 0.00303291 0.000652406 0.00498899 -0.0016933 -0.00264117 0.0064355 0.000349944
internal_weight=19280.7 14860.4 830.415 733.139 14030 13806.8 6221.43 5967.61 3525.18 1517.21 656.511 2007.97 2442.43 7585.37
internal_count=108500 68265 3531 3121 64734 63661 28131 27001 16006 4632 2063 11374 10995 35530
is_linear=0
shrinkage=0.035


Tree=50
num_leaves=15
num_cat=0
split_feature=3 77 88 76 78 79 7 77 78 76 35 41 76 77
split_gain=35.7009 30.9039 48.1751 43.5361 45.7604 33.7734 32.7391 35.5447 31.3876 31.306 28.9039 26.8723 28.7255 26.5473
threshold=1.1747340824358135 4.0996431486929481 -1.0000000180025095e-35 1.5197064494253201 0.91439502544610052 7.6917923690141858 0.94849103470223606 1.7711760113521409 -2.3666317366255454 -0.91250937124466958 -0.087402887301549909 0.29501834255751341 -0.371655049841635 0.30097443613441782
decision_type=2 8 2 10 10 10 2 10 8 10 2 2 10 10
left_child=-1 5 -3 4 8 6 11 10 -4 -7 13 12 -2 -8
right_child=1 2 3 -5 -6 9 7 -9 -10 -11 -12 -13 -14 -15
leaf_value=0.004275906259551189 0.0046818322905981319 -0.0039172996606643409 0.0024481803078077124 0.00034599682818803844 0.0011745428340764483 -0.0064065191845000561 0.022159388370547942 -0.0050935479765129941 0.038248432976379844 0.018308850242552747 4.3802610046720739e-05 -0.023868589680715781 -0.010361737767584256 -0.0041262639400862638
leaf_weight=2524.5677598565817 230.5672007156536 311.67916295165196 40.392779562622309 187.49176972173154 91.334843419957906 77.004107154905796 117.02897754497826 1705.7361935577792 140.95445840246975 193.56098773051053 13095.073504508648 91.240522069390863 404.54397580341902 63.335567640140653
leaf_count=8752 1403 2002 238 1161 548 395 809 10344 883 1004 77242 597 2713 409
internal_value=0.000413186 -0.000173412 0.0065762 0.0135506 0.0219859 -0.000507279 -0.000725104 -0.000368173 0.0313096 0.0113179 0.00024573 -0.00787974 -0.0049242 0.0134386
internal_weight=19274.5 16749.9 771.853 460.174 272.682 15978.1 15707.5 14981.2 181.347 270.565 13275.4 726.352 635.111 180.365
internal_count=108500 99748 4832 2830 1669 94916 93517 88804 1121 1399 78460 4713 4116 1218
is_linear=0
shrinkage=0.035


Tree=51
num_leaves=15
num_cat=0
split_feature=3 76 77 35 74 88 76 77 76 79 78 27 32 7
split_gain=33.7342 28.3899 34.5676 35.0232 37.2691 29.2428 28.7248 40.1267 32.7958 45.513 41.9448 31.5635 30.0792 35.5998
threshold=3.6666666666670991 -3.9041893477876597 1.0000000180025095e-35 -0.040697153414280332 -1.6489190945943475 7.1221500000000004 -0.1173816275296377 3.5335772088798896 0.066247095403994719 -0.66135526552939716 2.6170579758188568 -0.017296979339359895 0.29123053131938864 1.5555555555555292
decision_type=2 10 10 2 2 2 10 10 10 10 10 2 2 2
left_child=1 2 3 -1 -5 -4 7 -3 9 11 12 -8 -10 -14
right_child=-2 6 5 4 -6 -7 8 -9 10 -11 -12 -13 13 -15
leaf_value=0.018696724565101762 -0.0026238858425646728 0.002579336577358093 -0.018568119772793927 0.01470351273997432 -0.0085428010565017556 0.005744525522443116 0.014557504363656444 0.015893946140505589 0.0030666571333758108 -0.01316476187835664 -0.0075130360789212227 -0.0061282798061283146 -0.0070275896665512611 0.0028779106660430298
leaf_weight=86.267937786877155 3643.3151989097169 6411.6657004244626 261.62022582069039 89.069743070751429 363.73388068005443 67.0392613299191 146.40066113509238 270.99930133670568 4872.1656160224229 481.96431167051196 653.08281970955431 180.26895632594824 902.28612353652716 841.75030705519021
leaf_count=374 34971 29706 1092 367 1614 304 594 1242 23153 2310 3036 887 4284 4566
internal_value=0.000400008 0.0011074 -0.00497532 0.000558799 -0.00354154 -0.0135638 0.00147123 0.00316509 6.55878e-05 -0.00653264 0.000815483 0.0034473 0.00165775 -0.00226833
internal_weight=19271.6 15628.3 867.731 539.072 452.804 328.659 14760.6 6682.67 8077.92 808.634 7269.28 326.67 6616.2 1744.04
internal_count=108500 73529 3751 2355 1981 1396 69778 30948 38830 3791 35039 1481 32003 8850
is_linear=0
shrinkage=0.035


Tree=52
num_leaves=15
num_cat=0
split_feature=79 78 77 74 76 3 7 76 77 35 74 7 74 41
split_gain=33.77 40.8285 34.4363 53.9921 43.5723 34.8168 29.6191 29.106 46.2932 38.5439 32.0156 27.0612 28.0901 27.6338
threshold=5.6809284628524397 0.81536491499104102 4.0996431486929481 0.62856893378207834 -0.1173816275296377 3.6666666666670991 1.2375480646590453 -3.9041893477876597 0.1580809529064279 -0.040697153414280332 -1.6489190945943475 0.88145565578149432 -4.4196514336716186 0.22374275118307982
decision_type=10 8 8 2 10 2 2 10 10 2 2 2 2 2
left_child=2 -2 5 -4 -5 7 -3 8 9 -1 -11 13 -13 -9
right_child=1 6 3 4 -6 -7 -8 11 -10 10 -12 12 -14 -15
leaf_value=0.018942954334298042 0.017426165173270513 0.018298031746434094 0.012437145112485434 0.011603009342482864 -0.016549081964299661 -0.0034237532720818105 -0.0052380336537737786 -0.00304993285775032 -0.017806416360010006 0.012721791035551596 -0.0087485125641406317 -0.0085658399691206193 0.0014534081048963503 -0.025356354709804661
leaf_weight=86.938162956386805 289.63099400699139 63.835101427510381 604.42594425799325 89.499822396785021 161.59912911080755 3351.2918000986319 279.49361679144204 338.7104043290019 248.21935843676329 89.568447329103947 376.32355152070522 332.43115968629718 12888.004472386092 67.516583625227213
leaf_count=376 1497 254 3292 573 1171 32251 1488 1783 1037 366 1666 1822 60544 380
internal_value=0.000386506 0.00821022 0.00011224 0.00688879 -0.00639903 -0.000221221 -9.56167e-05 0.000526377 -0.00587496 -8.31135e-05 -0.00426707 0.000910742 0.00118891 -0.00777319
internal_weight=19267.5 632.96 18634.5 855.525 251.099 17779 343.329 14427.7 801.05 552.83 465.892 13626.7 13220.4 406.227
internal_count=108500 3239 105261 5036 1744 100225 1742 67974 3445 2408 2032 64529 62366 2163
is_linear=0
shrinkage=0.035


Tree=53
num_leaves=15
num_cat=0
split_feature=3 78 79 79 88 9 88 86 35 78 6 88 77 77
split_gain=32.5534 28.1253 36.9109 34.3053 40.8012 43.6099 44.6586 36.409 36.2415 34.0834 46.4408 39.6664 51.5992 75.0588
threshold=1.1747340824358135 -2.9665701015650785 3.9165694068686498 2.0006796336056309 1.0000000180025095e-35 7.1249999999999813 -6.0485499999999988 -20.753466401322026 0.012504922536552129 -0.27412758834444745 2.0462229336179125 -1.0000000180025095e-35 0.1580809529064279 1.0000000180025095e-35
decision_type=2 10 8 8 2 2 2 2 2 10 2 2 10 10
left_child=-1 3 9 4 5 6 -2 -6 -5 10 11 -3 13 -13
right_child=1 2 -4 8 7 -7 -8 -9 -10 -11 -12 12 -14 -15
leaf_value=0.0040629166060777953 -0.0049863472804643925 -5.8447772027813136e-05 0.0061836659035620243 -0.0037395522368232192 0.0017273231620552624 -0.0078810475282479944 0.020311154585172731 -0.015681105799433059 0.0089452022997891737 -0.0016575168765064119 -0.0075703396921046693 0.0085776240981980164 0.00088665550387676353 0.041839072912994844
leaf_weight=2522.7928942814469 145.83664225973189 2456.0151832435513 1229.853068964323 689.27373095275834 183.37381152878515 419.7084080001805 166.71317677199841 656.13317166385241 432.07774595730007 7408.9166412919294 539.94462332874537 1181.2548141619191 1158.5342754947487 71.82925312127918
leaf_count=8752 566 14917 7011 3986 1173 3429 562 3904 2491 44140 3333 6712 7085 439
internal_value=0.000373085 -0.000187192 0.000442357 -0.00344975 -0.00675423 -0.000664561 0.00891728 -0.0119269 0.00121922 -0.000117347 0.00199117 0.00307842 0.00624725 0.0111116
internal_weight=19262.3 16739.5 14046.3 2693.12 1571.77 732.258 312.55 839.507 1121.35 12816.5 5407.58 4867.63 2411.62 1253.08
internal_count=108500 99748 83637 16111 9634 4557 1128 5077 6477 76626 32486 29153 14236 7151
is_linear=0
shrinkage=0.035


Tree=54
num_leaves=15
num_cat=0
split_feature=3 7 84 83 78 5 79 21 75 79 35 77 41 26
split_gain=30.9628 31.3448 27.0966 39.3587 25.2172 26.8536 30.3877 37.2575 24.277 29.7225 24.5358 24.4667 24.36 22.6405
threshold=1.4062499999999856 0.88145565578149432 -0.025749291670040662 -1.3218032120436796 2.6170579758188568 1.7917594692280552 0.72420063283549629 0.80823737954005315 -0.77207415917037359 0.79873672264828188 0.020961922494799792 1.1122639346414911 0.32583743263330373 0.026140954254914982
decision_type=2 2 2 10 8 2 10 2 2 8 2 10 2 2
left_child=13 -2 3 -3 5 -4 7 -7 10 -10 11 -6 -11 -1
right_child=1 2 4 -5 8 6 -8 -9 9 12 -12 -13 -14 -15
leaf_value=0.0051108049622540386 -0.010153132298430624 -0.0096425349597774098 -0.00013591740242751557 0.0020281809995123137 0.0031670007275371882 0.0078812143310677523 0.0054037793009739463 -0.022039130810036178 -0.018429986341191404 -0.0013743738688814079 0.017781904147631127 -0.018778971100355295 -0.020547893219217184 0.00049064282878568343
leaf_weight=2433.8584752939641 379.78054843342397 355.19882485154085 5435.852528496529 6328.6069598561517 195.37353602377698 54.455203644931316 106.59984512417577 208.14003452472389 277.93590948591009 497.53132551256567 67.360650287941098 68.432664333842695 77.823487511835992 2771.5277295298874
leaf_count=8480 2892 2027 33381 40827 1294 414 829 1702 1585 2898 471 500 428 10772
internal_value=0.000361749 -0.000492916 -0.000210163 0.00138104 -0.00173138 -0.000772292 -0.0096535 -0.0157158 -0.00634099 -0.00940386 0.00163698 -0.00344808 -0.00457097 0.00266216
internal_weight=19258.5 14053.1 13673.3 6683.81 6989.51 5805.05 369.195 262.595 1184.46 853.291 331.167 263.806 575.355 5205.39
internal_count=108500 89248 86356 42854 43502 36326 2945 2116 7176 4911 2265 1794 3326 19252
is_linear=0
shrinkage=0.035


Tree=55
num_leaves=15
num_cat=0
split_feature=78 77 76 35 39 78 74 77 7 78 7 83 77 38
split_gain=30.805 32.3047 51.7251 58.8963 44.4774 45.3568 32.1916 35.2546 58.61 32.5089 30.0146 32.4348 31.4497 29.8774
threshold=-2.3666317366255454 4.0996431486929481 -1.0000000180025095e-35 -0.032792849467378662 -0.082885291192768176 -0.46762274085181837 -0.38190017062326126 -2.0640263173581253 1.4114119393337423 -7.8180718779674914 1.5892592320327406 -0.68977587757919112 0.827656986720961 0.46574926283765516
decision_type=10 10 10 2 2 10 2 10 2 8 2 10 10 2
left_child=6 -2 3 -3 5 -4 10 8 -8 -9 11 -1 -12 -11
right_child=1 2 4 -5 -6 -7 7 9 -10 13 12 -13 -14 -15
leaf_value=-0.011830125775214272 0.00067843943095791278 -0.012683079917315508 0.032870642285857711 0.026395055828592601 -0.0098737086323362633 0.00011521693453540608 0.0079874237242159567 -0.018861892238940716 -0.027057403260529096 -0.0073043366125371658 0.00078139262133122313 0.0070408710041306496 -0.016571482222549484 0.0017617721692490382
leaf_weight=108.47406269237399 14820.404876690438 45.523828937206417 59.847334017977118 230.02724621444941 224.98147444520146 147.75722093530931 72.154829608276486 136.18063274025917 178.13614857662469 763.74035923485644 367.34555461979471 908.82298845448531 174.9461662825197 1017.1767268542899
leaf_count=551 83352 288 379 1323 1205 1006 333 804 1098 5482 2101 4508 979 5091
internal_value=0.000346842 0.00103301 0.00823131 0.0195176 0.000497333 0.0116165 -0.00250236 -0.0052429 -0.0171111 -0.00353276 0.00132438 0.00483936 -0.00520704 -0.00216414
internal_weight=19255.5 15528.5 708.137 275.551 432.586 207.605 3726.98 2167.39 250.291 1917.1 1559.59 1017.3 542.292 1780.92
internal_count=108500 87553 4201 1611 2590 1385 20947 12808 1431 11377 8139 5059 3080 10573
is_linear=0
shrinkage=0.035


Tree=56
num_leaves=15
num_cat=0
split_feature=79 78 77 74 76 77 9 32 78 7 35 7 77 78
split_gain=29.9512 38.0174 30.7737 50.4182 39.1104 32.6514 37.2436 34.2824 35.4168 32.4443 30.1651 31.6554 31.1013 41.8489
threshold=5.6809284628524397 0.81536491499104102 4.0996431486929481 0.62856893378207834 -0.1173816275296377 1.3488175843773071 7.1249999999999813 -0.020739875916373864 2.6170579758188568 0.94849103470223606 -0.087402887301549909 1.0024935857910224 -3.2276858178005252 -1.0090140823013927
decision_type=10 8 8 2 10 10 2 2 10 2 2 2 10 10
left_child=2 -2 5 -4 -5 9 7 8 -7 -1 -11 -12 13 -13
right_child=1 -3 3 4 -6 6 -8 -9 -10 10 11 12 -14 -15
leaf_value=-0.0067766097194383902 0.016554340768561906 -0.0003144144203981462 0.011818668921750892 0.010613341598160804 -0.016054336338994956 0.0089974680952537387 -0.007340176648729063 -0.004890362972675681 -0.014896661398877978 0.01374960043043824 0.012170144591270259 -0.013726298219459173 0.00086358914678556558 -0.00016344269027179456
leaf_weight=710.4400500098709 291.13780443940777 343.75389573629946 606.59466572920792 90.257865308783948 160.40621461556293 595.52447992376983 1529.9597720351303 668.90294564515352 68.386071786284447 196.61485068500042 263.14309816481546 413.25438870978542 12534.664907703249 782.54598037304822
leaf_count=4399 1497 1742 3292 573 1171 2195 11704 2280 247 1196 1428 2290 70238 4248
internal_value=0.000333559 0.0076903 7.47415e-05 0.00647405 -0.00637727 -0.000241021 -0.00365081 0.000630182 0.0061726 0.000418096 0.000787333 0.000585846 0.000346455 -0.0049993
internal_weight=19255.6 634.892 18620.7 857.259 250.664 17763.4 2862.77 1332.81 663.911 14900.7 14190.2 13993.6 13730.5 1195.8
internal_count=108500 3239 105261 5036 1744 100225 16426 4722 2442 83799 79400 78204 76776 6538
is_linear=0
shrinkage=0.035


Tree=57
num_leaves=15
num_cat=0
split_feature=3 70 87 91 88 90 76 79 78 88 78 84 9 79
split_gain=28.7676 26.0171 23.5568 23.0397 20.239 20.802 19.6675 34.4956 60.9122 43.967 29.3451 28.8715 22.6725 34.8443
threshold=1.1747340824358135 -0.4767217538412829 -0.55767372545645333 0.88056527562700027 8.7206500000000009 0.5184352983519418 2.3880845929184908 0.87861205890535754 2.9103736686444606 -3.1656999999999997 -0.53392086178109011 0.16525355815347026 6.4929494355980273 3.9165694068686498
decision_type=2 2 2 2 2 2 10 8 8 2 8 2 2 10
left_child=2 -2 -1 4 5 -4 12 8 11 10 -9 -8 -3 -14
right_child=1 6 3 -5 -6 -7 7 9 -10 -11 -12 -13 13 -15
leaf_value=0.0083645219849673835 0.0021694529917730405 0.0006379250139843688 -0.0040845411029400208 0.01024909693120773 -0.010852964527083325 0.0050897883184512919 0.0045114800540944069 0.017865317032682352 -0.028745162837646762 0.019998386927760813 -0.0078356083190566726 -0.013217716227021101 -0.0033033581960722255 0.0063644713085088192
leaf_weight=875.12268212065101 4210.1517935659504 3955.5895757863764 515.922094643116 270.36532564088702 181.70795706659555 677.42606642097235 698.02688826736994 55.282716757210437 68.713123911060393 246.57607507798821 176.62019793083891 113.70254250150174 6738.2243807919585 471.50394886964932
leaf_count=2919 24158 13283 1923 862 681 2367 4479 368 448 1570 1067 687 50494 3194
internal_value=0.000322123 -0.000204482 0.00379245 0.00128953 -0.000593793 0.00112149 -0.00100469 0.00294248 -0.00119714 0.0103021 -0.000776844 0.00176995 -0.0014895 -0.00265524
internal_weight=19254.9 16734.4 2520.54 1645.42 1375.06 1193.35 12524.2 1358.92 880.443 478.479 231.903 811.729 11165.3 7209.73
internal_count=108500 99748 8752 5833 4971 4290 75590 8619 5614 3005 1435 5166 66971 53688
is_linear=0
shrinkage=0.035


Tree=58
num_leaves=15
num_cat=0
split_feature=78 74 77 7 78 77 76 35 39 78 70 76 85 38
split_gain=28.7526 30.0087 32.4398 55.6956 30.6434 28.3905 46.8142 55.0095 41.4372 42.3396 28.3119 33.6354 28.3931 27.7123
threshold=-2.3666317366255454 -0.38190017062326126 -2.0640263173581253 1.4114119393337423 -7.8180718779674914 4.0996431486929481 -1.0000000180025095e-35 -0.032792849467378662 -0.082885291192768176 -0.46762274085181837 -0.14716850571293436 -1.1059995345872011 -0.16667108572269915 0.46574926283765516
decision_type=10 2 10 2 8 10 10 2 2 10 2 10 2 2
left_child=1 10 3 -3 -4 -2 7 -7 9 -8 12 -12 -1 -6
right_child=5 2 4 -5 13 6 8 -9 -10 -11 11 -13 -14 -15
leaf_value=-0.010989706071510685 0.00064068643499895354 0.0078567711620415124 -0.018400250564132324 -0.026336784211596933 -0.0070941909151939582 -0.012643560011347491 0.031429553417126492 0.025024176266808789 -0.0096795931604550557 -6.9457659013067108e-05 0.0088598611065529784 -0.0066259970741710719 0.009236916252407407 0.00164518941585207
leaf_weight=81.453761281445622 14818.845707287604 72.2503024591133 135.01169184269384 175.78655818803236 761.03223814279772 45.489181605633348 60.763353738933802 231.72866094950587 224.44587913434952 147.9436391799245 209.3353730738163 675.68187228543684 593.36323973967228 1017.8297346880427
leaf_count=395 83352 333 804 1098 5482 288 379 1323 1205 1006 1078 3711 2955 5091
internal_value=0.000311069 -0.00244386 -0.00509518 -0.0165335 -0.00345711 0.000973611 0.00771093 0.0184083 0.000354305 0.0110477 0.00124882 -0.00284824 0.0065494 -0.00213099
internal_weight=19251 3721.74 2161.91 248.037 1913.87 15529.2 710.371 277.218 433.153 208.707 1559.83 885.017 674.817 1778.86
internal_count=108500 20947 12808 1431 11377 87553 4201 1611 2590 1385 8139 4789 3350 10573
is_linear=0
shrinkage=0.035


Tree=59
num_leaves=15
num_cat=0
split_feature=3 4 13 23 85 23 7 7 60 88 4 16 46 30
split_gain=27.6313 23.8486 23.6462 22.0398 22.5037 19.4127 23.4093 21.5964 19.8498 19.3829 19.7785 22.2362 25.0087 20.3981
threshold=2.3673469387755026 1.5000000000000002 1.9345878756091233 -0.23538896673348728 -0.010786690373415784 -0.32615575192727858 1.7693923083019245 1.9131389009886903 0.86465385201893141 12.983350000000002 2.1666666666666674 -0.3934959716419128 1.1441139730651415 0.33806818181816178
decision_type=2 2 2 2 2 2 2 2 2 2 2 2 2 2
left_child=3 5 -3 4 -1 6 -2 -8 -7 10 11 12 -5 -12
right_child=1 2 -4 9 -6 8 7 -9 -10 -11 13 -13 -14 -15
leaf_value=0.00094226708690080003 -0.014892848425903722 0.0011760739868157206 -0.0060204870120532557 -0.0062280944820000753 0.0072774048803657589 -0.0075319820784231217 0.020047119212262494 -0.00823019866887717 -0.00052444358655885247 -0.0097181492390782144 0.0022326774320856964 0.0033006282870768813 0.011412954208373908 -0.0028108203126226989
leaf_weight=1395.054806727916 329.93882677826332 3966.4689782601054 630.59570383037499 587.33349412679672 1346.3054468203336 688.7259059601929 36.124681408633478 62.427346667042002 1654.5773051469587 201.41034144163132 1526.2504140771925 4047.6966459825635 98.540525414049625 2679.2516469080001
leaf_count=5252 1784 37620 4440 1920 5098 3702 224 470 9497 844 6639 15122 334 15554
internal_value=0.000299761 -0.00138177 0.000167093 0.00134318 0.00408368 -0.00393338 -0.0106242 0.00376834 -0.00263036 0.000514142 0.00076587 0.00231328 -0.00344202 -0.000978542
internal_weight=19250.7 7368.86 4597.06 11881.8 2741.36 2771.79 428.491 98.552 2343.3 9140.48 8939.07 4733.57 685.874 4205.5
internal_count=108500 57737 42060 50763 10350 15677 2478 694 13199 40413 39569 17376 2254 22193
is_linear=0
shrinkage=0.035


Tree=60
num_leaves=15
num_cat=0
split_feature=78 7 88 79 79 35 77 79 75 88 78 76 88 91
split_gain=26.9842 29.1881 35.8088 36.6451 34.0426 49.4706 30.0538 26.9545 37.3646 43.6678 27.5405 43.3846 42.1929 56.726
threshold=-2.3666317366255454 2.0606557831480914 -5.5688499999999994 -1.4020310925825987 1.1277216213956829 0.015942361567776803 1.1122639346414911 5.6809284628524397 0.66139133795806404 -6.9281499999999987 -0.27412758834444745 -0.31484115482246167 -2.7869999999999995 0.39907713751198087
decision_type=10 2 2 10 8 2 10 8 2 2 10 10 2 2
left_child=1 4 3 -3 -1 -6 -7 10 9 -9 12 -12 13 -2
right_child=7 2 -4 -5 5 6 -8 8 -10 -11 11 -13 -14 -15
leaf_value=-0.004391018063324678 -0.010989576565296267 -0.015008616685615447 -0.018619446556416296 0.022264428513173413 -0.0020740320075098339 0.016067800943229654 -0.0030931442817036677 -0.0085568296556922611 -0.0022907518588539473 0.016711439813086346 0.0022367196380832797 -0.0027053488887032397 0.0051939861128931812 0.001755076611574488
leaf_weight=1935.9193635877455 515.66457061260007 41.232668690383434 241.50182006228715 50.272906599100679 945.1034264578484 376.17532709706575 126.57032423559576 88.927108111558482 334.49958007410169 449.58448077656794 3710.6018042907817 5203.6161133569185 3119.1191390899476 2107.0077360790456
leaf_count=10824 3129 364 1674 365 5089 1942 689 548 1749 2321 20032 30152 17460 12162
internal_value=0.000288879 -0.00238207 -0.0119642 0.00578956 -0.00137431 0.0026642 0.0113101 0.000930398 0.00683451 0.0123818 0.000569874 -0.000647778 0.00245599 -0.000814957
internal_weight=19245.8 3716.78 333.007 91.5056 3383.77 1447.85 502.746 15529 873.011 538.512 14656 8914.22 5741.79 2622.67
internal_count=108500 20947 2403 729 18544 7720 2631 87553 4618 2869 82935 50184 32751 15291
is_linear=0
shrinkage=0.035


Tree=61
num_leaves=15
num_cat=0
split_feature=7 7 77 79 78 32 5 76 76 76 13 88 79 7
split_gain=26.3405 30.3964 37.1772 36.7878 38.1424 31.635 31.5111 51.3557 31.1867 39.2174 45.4375 38.2313 38.0487 39.0482
threshold=0.88145565578149432 1.0486107060480263 -3.2276858178005252 -2.0493611989442457 -2.9665701015650785 -0.34778612022734284 3.1780538303479462 -0.371655049841635 -3.9041893477876597 -1.4968357681807996 0.37982309634237615 1.0000000180025095e-35 -2.0493611989442457 1.7693923083019245
decision_type=2 2 8 8 8 2 2 10 10 10 2 2 8 2
left_child=-1 -2 3 4 -3 -5 8 -8 11 10 -10 -4 13 -12
right_child=1 2 6 5 -6 -7 7 -9 9 -11 12 -13 -14 -15
leaf_value=-0.0072043990532338897 0.0063458460687144651 -0.014097656295267498 -0.013431075082861843 0.0012530265082734378 0.01858605978238596 -0.01194395385906725 0.018341139092421053 -0.022270690407225537 -0.0072729263576029601 0.00037996830359524601 0.0094400569860694332 0.0026756143944624213 0.0053224567467865993 0.040139411093942215
leaf_weight=539.61380402126815 1010.2947484022006 46.62908448651433 387.64272724930197 309.2647915892303 119.30051293969154 742.14749877923168 33.425428058952093 141.08749126989278 284.59206873970106 13403.703730206907 180.45222275238484 313.89805006375536 1670.2963112762664 62.575228212401271
leaf_count=3508 5306 240 2043 1700 652 4149 263 1474 1669 75930 870 1577 8724 395
internal_value=0.000278483 0.000501815 0.000161363 -0.00569022 0.00887289 -0.00811124 0.000600042 -0.013406 0.000766208 0.00109391 0.0054051 -0.00634988 0.00734659 0.0197957
internal_weight=19244.9 18705.3 17695 1217.34 165.93 1051.41 16477.7 174.513 16303.2 15601.6 2197.92 701.541 1913.32 243.027
internal_count=108500 104992 99686 6741 892 5849 92945 1737 91208 87588 11658 3620 9989 1265
is_linear=0
shrinkage=0.035


Tree=62
num_leaves=15
num_cat=0
split_feature=3 7 84 83 78 5 79 21 39 76 11 4 74 30
split_gain=26.1866 26.8376 24.9597 36.1161 23.3954 24.2641 28.7722 35.4629 23.8519 22.2104 21.7826 22.2294 25.0237 20.4171
threshold=1.4062499999999856 0.88145565578149432 -0.025749291670040662 -1.3218032120436796 2.6170579758188568 1.7917594692280552 0.72420063283549629 0.80823737954005315 -0.33050345411100951 -2.0314582157079459 -0.19179267584845 1.1666666666666667 -3.6263743611355173 0.20286390143252628
decision_type=2 2 2 10 8 2 10 2 2 10 2 2 2 2
left_child=10 9 3 -3 5 -4 7 -7 -6 -2 -1 -12 -13 -14
right_child=1 2 4 -5 8 6 -8 -9 -10 -11 11 12 13 -15
leaf_value=0.0071790354302282769 0.011710388113919994 -0.0093192673396763036 -0.0001908248643095177 0.001887973642174688 0.0074003638762319092 0.0077423953513276215 0.0053584277853537731 -0.021450702535933619 -0.0078884320425511561 -0.012405336384997847 0.0067066623281377587 -0.013265147654262522 0.0092518441560080072 -9.1603206025707247e-05
leaf_weight=931.20943369716406 37.782609306275845 353.19857956457417 5434.7516123679234 6334.4519450346197 125.56141905719414 54.570579471997917 106.54098166315816 205.54756596591324 1054.895962765906 337.48371658031829 748.1890388764441 142.93455197662115 295.81204848736525 3082.1829583607614
leaf_count=2925 231 2027 33381 40827 1063 414 829 1702 6113 2661 1804 641 1077 12805
internal_value=0.000269526 -0.000516512 -0.00025615 0.00127006 -0.0017175 -0.000794247 -0.00926588 -0.0152107 -0.00616601 -0.00950764 0.00238626 0.00131223 0.000134519 0.000776244
internal_weight=19245.1 14044.8 13669.5 6687.65 6981.87 5801.41 366.659 260.118 1180.46 375.266 5200.33 4269.12 3520.93 3378
internal_count=108500 89248 86356 42854 43502 36326 2945 2116 7176 2892 19252 16327 14523 13882
is_linear=0
shrinkage=0.035


Tree=63
num_leaves=15
num_cat=0
split_feature=3 74 76 77 79 39 88 78 37 0 75 78 76 33
split_gain=25.3583 27.0513 24.0028 30.1836 34.1615 45.7552 26.5852 26.1709 24.9031 28.9715 23.8697 22.8477 23.7922 27.61
threshold=3.5299082568806663 2.3571078693083605 -3.9041893477876597 1.0000000180025095e-35 -2.2686320864170448 -0.18248531554734737 7.1221500000000004 0.81536491499104102 0.99884555881342296 40.082784398997028 -0.069379234572980994 -7.8180718779674914 -0.1173816275296377 0.0068869327039270409
decision_type=2 2 10 10 8 2 2 8 2 2 2 8 10 2
left_child=2 -2 3 4 -1 -6 7 -5 9 -7 -10 -4 -13 -14
right_child=1 -3 11 6 5 8 -8 -9 10 -11 -12 12 13 -15
leaf_value=0.020221637163174072 -0.0012429108760774661 -0.010661531223474571 -0.0092963141287595759 -0.0075255180577424351 0.014789498287028148 -0.011726388632466242 0.005612226736849503 -0.030789050264239289 0.0019776700788399723 0.017038264675869989 -0.022714601635193302 0.0029902927019798734 0.0020689016015744779 -0.0020771669867494322
leaf_weight=70.120753850787878 3467.2122018250666 399.81184037856292 228.42192772589624 161.44782756641507 109.76181784272194 69.147676642984152 66.196830082684755 94.06298928335309 61.649289846420288 63.142129871994257 156.9613294750452 6433.9675185922533 4169.8489589784294 3689.6864675860852
leaf_count=282 31761 4968 1125 646 477 311 299 422 261 301 677 29511 19634 17825
internal_value=0.000259764 -0.00226655 0.000897309 -0.00474393 0.000462229 -0.00326175 -0.0128578 -0.017703 -0.00940121 0.00243757 -0.0161691 0.00123454 0.00141559 0.000122183
internal_weight=19241.4 3867.02 15374.4 852.491 530.783 460.662 321.708 255.511 350.9 132.29 218.611 14521.9 14293.5 7859.54
internal_count=108500 36729 71771 3676 2309 2027 1367 1068 1550 612 938 68095 66970 37459
is_linear=0
shrinkage=0.035


Tree=64
num_leaves=15
num_cat=0
split_feature=78 74 77 7 78 7 83 77 7 79 82 77 76 78
split_gain=25.0887 28.2939 30.2275 52.7464 28.4408 27.8962 30.1148 29.2426 30.4718 30.2973 29.5865 26.6343 42.8044 51.4008
threshold=-2.3666317366255454 -0.38190017062326126 -2.0640263173581253 1.4114119393337423 -7.8180718779674914 1.5892592320327406 -0.68977587757919112 0.20243642691018629 2.0606557831480914 1.8345710587298472 -3.5507411467428081 4.0996431486929481 -1.0000000180025095e-35 1.0186194466142215
decision_type=10 2 10 2 8 2 10 10 2 8 10 10 10 10
left_child=1 5 3 -3 -4 6 -1 8 9 10 -7 -2 13 -13
right_child=11 2 4 -5 -6 7 -8 -9 -10 -11 -12 12 -14 -15
leaf_value=-0.011461869822464369 0.00054528192105146654 0.0076613717311176509 -0.017797879666673594 -0.025656625302753762 -0.0020545454269685708 -0.015998869789327411 0.0067568030063133054 -0.013172415392861479 -0.017717075447668953 0.024785710410785526 0.010925942013769119 0.031274512289961268 0.00034762558137555285 0.0018666043406112356
leaf_weight=107.87881013937294 14813.847882251568 72.362628814764321 133.55696061067283 173.28766648517922 1774.515281524742 67.000139004085213 909.75145760353189 256.50059655914083 51.457149968948215 68.07304398342967 97.585102196782827 138.18040350219235 433.07744450168684 139.90434114634991
leaf_count=551 83352 333 804 1098 10573 422 4508 1364 357 375 562 792 2590 819
internal_value=0.00024948 -0.00232783 -0.00490927 -0.0160041 -0.0033297 0.00125709 0.00464175 -0.00505233 0.00266269 0.00821575 -0.000580631 0.000867907 0.0073896 0.0175973
internal_weight=19237 3711.97 2153.72 245.65 1908.07 1558.25 1017.63 540.616 284.115 232.658 164.585 15525 711.162 278.085
internal_count=108500 20947 12808 1431 11377 8139 5059 3080 1716 1359 984 87553 4201 1611
is_linear=0
shrinkage=0.035


Tree=65
num_leaves=15
num_cat=0
split_feature=3 70 87 91 76 75 75 78 79 83 88 84 77 48
split_gain=24.6383 23.589 21.8323 21.7114 19.0557 32.7352 38.7595 33.1001 44.7082 28.4363 31.2955 28.3466 26.0718 20.4324
threshold=1.1747340824358135 -0.4767217538412829 -0.55767372545645333 0.88056527562700027 2.3880845929184908 -3.3764701121820453 -0.2673786766581811 -0.46762274085181837 2.0006796336056309 -0.45463919649459877 -6.9281499999999987 0.14273468888064314 2.4315126136044056 0.71554175279997156
decision_type=2 2 2 2 10 2 2 8 8 10 2 2 10 2
left_child=2 -2 -1 -4 13 -6 7 -7 -9 -8 -11 12 -12 -3
right_child=1 4 3 -5 5 6 9 8 -10 10 11 -13 -14 -15
leaf_value=0.00785988271242722 0.0020121569850156556 0.0012903657683863128 -0.00077953662588392785 0.0097535154205950925 0.026991772328842003 0.0051785872021639628 -0.0068100701753096415 -0.021681705331190345 0.0090780873568754531 -0.0079663738992631541 0.020021137440949303 -0.0043743626826598459 0.0026888619174133747 -0.0022927194689578161
leaf_weight=873.33930373564363 4211.7755034021902 2501.0154342257883 1373.5160779207945 269.818901989609 45.749077429994941 165.57011596229859 162.17766244709492 200.93684120569378 65.712511166930199 102.53086807299405 355.36636994773289 102.66985340369865 157.97310654912144 8648.4922382001823
leaf_count=2919 24158 15204 4971 862 323 1154 1019 1275 391 698 2223 605 931 51767
internal_value=0.000239893 -0.000247459 0.00345413 0.00104637 -0.00101032 0.00287515 0.00164242 -0.00674715 -0.0139968 0.00581806 0.00877552 0.011725 0.0149882 -0.0014881
internal_weight=19236.6 16720 2516.67 1643.33 12508.2 1358.69 1312.94 432.219 266.649 880.718 718.54 616.009 513.339 11149.5
internal_count=108500 99748 8752 5833 75590 8619 8296 2820 1666 5476 4457 3759 3154 66971
is_linear=0
shrinkage=0.035


Tree=66
num_leaves=15
num_cat=0
split_feature=79 78 7 77 74 76 77 9 82 32 74 79 78 7
split_gain=24.3762 35.7583 28.1121 25.6628 47.4059 33.3707 29.9599 33.0784 32.8739 35.1875 29.9488 32.8253 39.419 28.3556
threshold=5.6809284628524397 0.81536491499104102 1.2375480646590453 4.0996431486929481 0.62856893378207834 -0.1173816275296377 1.3488175843773071 7.1249999999999813 -59.555314733339408 -0.020739875916373864 -1.1269062980153477 -1.2811947472624714 -0.33781808635143828 0.94849103470223606
decision_type=10 8 2 8 2 10 10 2 10 2 2 10 10 2
left_child=3 -2 -3 6 -5 -6 13 8 -8 -10 11 12 -9 -1
right_child=1 2 -4 4 5 -7 7 10 9 -11 -12 -13 -14 -15
leaf_value=-0.0064074048938358562 0.015425097286080483 0.01705270026191846 -0.0058341623535764324 0.011006235561802729 0.0090375888215966128 -0.015606510821752052 0.016830835187658315 -0.024665434431197772 0.0046271068569546121 -0.0070903535114486072 -0.0098236983439359705 0.0087744344496927043 0.010547820795545811 0.00068554537169393808
leaf_weight=705.77526552206837 292.82993739657104 64.199231881648302 280.52204198949039 608.78204723563977 91.310377851128578 159.13857607380487 115.49314010515809 80.586385547183454 600.26083534769714 616.76168329454958 1145.9463540941506 246.12126727448776 48.928745198994875 14177.555119408848
leaf_count=4399 1497 254 1488 3292 573 1171 437 646 2198 2087 8901 1801 356 79400
internal_value=0.000232899 0.00685568 -0.000870446 -1.27226e-06 0.00583552 -0.0066177 -0.000290271 -0.00356188 0.000469947 -0.00132969 -0.00705301 0.00146878 -0.011731 0.000341047
internal_weight=19234.2 637.551 344.721 18596.7 859.231 250.449 17737.4 2854.1 1332.52 1217.02 1521.58 375.636 129.515 14883.3
internal_count=108500 3239 1742 105261 5036 1744 100225 16426 4722 4285 11704 2803 1002 83799
is_linear=0
shrinkage=0.035


Tree=67
num_leaves=15
num_cat=0
split_feature=78 79 35 74 32 88 40 6 77 77 3 0 21 91
split_gain=23.5786 26.8469 43.668 44.6765 35.6639 26.7868 35.0604 36.8849 43.0576 32.5233 28.1988 28.759 34.3576 26.1382
threshold=-2.3666317366255454 1.1277216213956829 0.015942361567776803 0.25788588740640539 0.23954339633773261 1.0000000180025095e-35 0.53737139879731621 1.6031568300512711 1.6154369947737723 -1.0247056186374162 3.5299082568806663 25.122725453553624 0.715737358320227 0.78449361383044225
decision_type=10 8 2 2 2 2 2 2 10 10 2 2 2 2
left_child=1 5 4 -4 -3 10 7 -7 -9 -8 11 -1 -13 -14
right_child=-2 2 3 -5 -6 6 9 8 -10 -11 -12 12 13 -15
leaf_value=0.01165703045433044 0.00082475874001293817 0.00049445255451102362 0.017305526797950256 -0.0020855362620522547 -0.014695834685236131 -0.017089051304142941 0.025454806263361961 -0.0088134702661874943 0.015736435846197928 -0.0049362740176515721 -0.011660580804447783 0.0090986098648323781 -0.015399461301967357 0.0038289447170450773
leaf_weight=254.90412068367004 15525.282244889822 784.18733072420582 310.42329013347626 253.20744636887684 229.09174149949104 518.8514151617419 48.201113787479699 372.89096904941835 93.22799271158874 103.73255162127316 201.22776804410387 192.06561826355755 220.87847680039704 124.76007131114602
leaf_count=976 87553 4239 1507 1543 1290 2986 259 2132 574 578 2012 1128 1159 564
internal_value=0.000225507 -0.00227474 0.00118065 0.00882127 -0.00315789 -0.00481919 -0.00843987 -0.0108355 -0.00345785 0.00654478 -0.000592499 0.0024353 -0.00219761 -0.00862907
internal_weight=19232.9 3707.65 1576.91 563.631 1013.28 2130.74 1136.9 984.97 466.119 151.934 993.836 792.608 537.704 345.639
internal_count=108500 20947 8579 3050 5529 12368 6529 5692 2706 837 5839 3827 2851 1723
is_linear=0
shrinkage=0.035


Tree=68
num_leaves=15
num_cat=0
split_feature=7 40 78 88 78 9 36 81 6 41 27 77 33 79
split_gain=23.5592 42.468 38.7051 33.5394 41.6487 37.6426 38.0599 35.7156 35.4031 29.3921 29.4046 29.3588 46.6594 36.0401
threshold=1.9820624195624317 -0.22189542511368585 3.8107180607376345 -5.8024499999999994 -1.0090140823013927 6.8154158215010909 -0.007838459048894169 11.777667759522716 1.209954496084517 -0.16258535873199387 -0.020304916345360292 4.0996431486929481 0.080164937101993808 -0.66135526552939716
decision_type=2 2 8 2 10 2 2 10 2 2 2 8 2 10
left_child=11 -2 3 8 -5 7 -7 -6 -3 -10 -11 -1 -13 -14
right_child=1 2 -4 4 5 6 -8 -9 9 10 -12 12 13 -15
leaf_value=0.00036613066643105075 -0.011640378097809718 -0.0076502734554215607 -0.014242850890756062 -0.011482290931632286 0.01990742245552787 0.015605116611249208 -0.0064618357623976433 -0.0073603850684778732 -0.0049372028817625015 0.00016668287981966138 0.02396597755591125 0.013052066287459148 0.0083184552905104323 -0.017049894945403488
leaf_weight=16000.830172220572 520.44863124471158 113.43362746760249 204.2267277194187 367.35655965050682 195.75682403892279 97.119093251414597 512.59886511019431 68.892003904096782 77.251867193728685 85.551328698289581 231.01273782644421 519.72889575525187 113.81564175989479 124.10587244853377
leaf_count=87066 4289 881 1346 2451 719 738 3792 270 562 639 1523 2922 579 723
internal_value=0.000217816 -0.00295672 -0.000548344 0.00119371 -0.00191862 0.00226638 -0.00256291 0.0127908 0.00859631 0.0134195 0.0179263 0.000689362 0.00733071 -0.00521031
internal_weight=19232.1 2473.65 1953.2 1748.97 1241.72 874.367 609.718 264.649 507.25 393.816 316.564 16758.5 757.65 237.922
internal_count=108500 17210 12921 11575 7970 5519 4530 989 3605 2724 2162 91290 4224 1302
is_linear=0
shrinkage=0.035


Tree=69
num_leaves=15
num_cat=0
split_feature=79 78 75 7 76 76 76 74 7 88 77 75 78 78
split_gain=22.888 33.0149 26.8908 33.4836 28.1258 23.6124 39.9608 43.216 35.5711 32.8635 42.3276 30.3649 60.3942 38.1922
threshold=5.6809284628524397 0.81536491499104102 0.66139133795806404 1.6784190038457869 0.066247095403994719 -3.9041893477876597 -1.8220725092015082 0.37428318900954266 0.88145565578149432 6.7860500000000004 0.1580809529064279 -2.3686175465867243 4.3931234780441279 -2.3666317366255454
decision_type=10 8 2 2 10 10 10 2 2 2 10 2 10 10
left_child=5 -2 3 -3 -4 9 7 -7 -8 10 -1 -10 13 -13
right_child=1 2 4 -5 -6 6 8 -9 11 -11 -12 12 -14 -15
leaf_value=-0.0021389061160074531 0.014837597443368338 0.01602436216601158 -0.027000793453431406 -0.010449739166511355 0.0026923665759188129 0.0091015825321615097 -0.0096261540485135626 -0.001604452140173519 0.0052790307878664003 0.0091841642117214198 -0.018229259296225198 -0.0037255605283650329 -0.012724083975341777 0.00090119709007253283
leaf_weight=589.45980098005384 293.8027986328816 139.27792993932962 57.725581751205027 75.433324117213488 72.01755366101861 1186.7534826286137 465.56898486381397 739.74082848895341 1205.9421985378576 149.80976077541709 288.38553970470093 2719.2218171587447 455.59249314619228 10792.338718155996
leaf_count=3032 1497 627 340 459 316 6082 3144 4308 8268 750 1531 15365 2559 60222
internal_value=0.000210069 0.00662392 -0.000811716 0.00662548 -0.0123605 -1.69883e-05 0.000287143 0.0050164 -0.000301108 -0.00512159 -0.00771315 -2.68416e-06 -0.000465611 -3.4075e-05
internal_weight=19231.1 638.257 344.454 214.711 129.743 18592.8 17565.2 1926.49 15638.7 1027.66 877.845 15173.1 13967.2 13511.6
internal_count=108500 3239 1742 1086 656 105261 99948 10390 89558 5313 4563 86414 78146 75587
is_linear=0
shrinkage=0.035


Tree=70
num_leaves=15
num_cat=0
split_feature=3 54 84 70 75 78 0 41 75 77 74 82 57 77
split_gain=22.7575 19.4191 21.9203 18.3503 17.5605 17.5553 18.8903 18.6337 17.5312 21.0998 17.2625 23.3694 24.0092 21.5509
threshold=1.7732398701669501 0.68054242793476227 -0.15185221326542611 -0.5874797016894574 -0.2673786766581811 -4.5955548660223462 234.09279418666424 0.046616579040461771 6.0332873572128678 -0.19166819744403804 1.5202291764701696 -36.990944549746267 0.36927113682868323 3.5335772088798896
decision_type=2 2 2 2 2 10 2 2 2 10 2 10 2 10
left_child=1 2 -1 4 -2 -4 10 -8 -5 -10 13 -12 -13 -7
right_child=3 -3 5 8 -6 6 7 -9 9 -11 11 12 -14 -15
leaf_value=0.0051724454210749001 0.0059683833878388277 0.005504321865302155 -0.005257768833396694 -0.0017853995854353597 -0.00040821102563688992 -0.00046047384362139077 0.0010101768131607954 -0.022668773685646064 -0.0025251611978729174 0.02367050849297302 -0.0052127108144173293 0.00071682236009926322 0.015142809390195976 0.0095135393942868528
leaf_weight=1174.038718380034 820.28015892065741 1281.3168586716056 674.24058473855257 8514.3450835415715 1422.0346641830401 4083.6186773814261 76.562783125787973 63.162850748747587 70.010162913240492 53.687962528318167 164.84005786478519 242.43964958190918 325.95481015741825 263.7320954464376
leaf_count=4346 5635 5364 2735 59582 9070 15895 410 340 552 407 733 1121 1309 1001
internal_value=0.000201574 0.00157399 0.000848026 -0.000852616 0.00195661 -2.78619e-05 0.000665107 -0.011192 -0.00158469 0.0105564 0.00103381 0.00592556 0.00922315 0.000185396
internal_weight=19230.3 8349.91 7068.59 10880.4 2242.31 5894.55 5220.31 139.726 8638.04 123.698 5080.59 733.235 568.394 4347.35
internal_count=108500 33254 27890 75246 14705 23544 20809 750 60541 959 20059 3163 2430 16896
is_linear=0
shrinkage=0.035


Tree=71
num_leaves=15
num_cat=0
split_feature=3 5 75 78 77 29 35 85 78 7 75 40 79 76
split_gain=22.2527 23.3432 23.2014 22.6962 29.9873 29.3779 44.1713 40.0296 24.9776 36.8153 34.6951 48.5082 41.8651 37.9036
threshold=4.7704350842203169 3.1780538303479462 -3.9040060747723815 -2.158622881025889 -3.7682715235917459 0.61379185615208953 0.012504922536552129 -0.044200935972537658 -0.13669689925010695 2.8894397005072516 0.46808166628826792 -0.87882055201326081 2.1894624590279608 3.3824448665438451
decision_type=2 2 2 10 8 2 2 2 10 2 2 2 8 10
left_child=1 3 -2 4 -1 6 7 -6 -5 10 12 -12 13 -10
right_child=2 -3 -4 8 5 -7 -8 -9 9 -11 11 -13 -14 -15
leaf_value=-0.015574689562734062 0.013313648710945572 -0.012538244259812481 -0.0037976381641482162 0.0032304652375428149 -0.015861485349832085 -0.002530219288538429 0.016738385928039955 0.0063546328624966278 0.0014757002631275056 -0.023342643830571469 0.024639531139566219 -0.0031426897300534948 0.0088024565117996202 -0.013711653794844434
leaf_weight=161.58865605294704 82.272858424810693 143.38637825660408 2167.1159999931115 5475.6633663643152 134.93044248409569 2773.8728513605893 245.08807878009975 257.80822834931314 3479.732709877193 60.886908877640963 59.134429866448045 3045.0550112836063 944.5572198368609 193.62504695728421
leaf_count=773 1078 1003 23399 27139 785 13645 1325 1303 17255 396 285 14644 4470 1000
internal_value=0.000195565 0.000630046 -0.00305996 0.00075697 -0.00171214 -0.000968623 0.00569312 -0.00167675 0.00142399 0.000148031 0.000393071 -0.0024591 0.00231265 0.00060525
internal_weight=19224.7 16975.3 2249.39 16831.9 3573.29 3411.7 637.827 392.739 13258.7 7782.99 7722.1 3104.19 4617.91 3673.36
internal_count=108500 84023 24477 83020 17831 17058 3413 2088 65189 38050 37654 14929 22725 18255
is_linear=0
shrinkage=0.035


Tree=72
num_leaves=15
num_cat=0
split_feature=3 79 78 88 75 32 29 41 6 37 7 9 88 88
split_gain=21.715 22.4225 28.3894 26.6742 39.5275 30.8498 27.095 37.5377 29.355 28.0639 37.9466 31.7806 25.9509 25.9251
threshold=1.1747340824358135 3.9165694068686498 -7.8180718779674914 -6.9281499999999987 -0.53588323895266277 -0.39653033576297669 0.96113955858247946 -0.14790532823562982 1.5737828362630693 1.4316741140784754 1.1470649507679544 14.946670758925492 -10.340499999999999 6.7860500000000004
decision_type=2 8 10 2 2 2 2 2 2 2 2 2 2 2
left_child=-1 2 13 4 12 -6 7 -5 -9 10 -8 -12 -3 -2
right_child=1 3 -4 6 5 -7 9 8 -10 -11 11 -13 -14 -15
leaf_value=0.003207532282200365 -0.012326989578933746 0.023509332194841755 -0.00047261663266951392 -0.0024231465103237869 0.0054972172644123457 -0.020692103318086942 0.017529092689881318 0.005810609073922576 0.019920204644619934 0.0086206294100698647 -0.011023651167114203 0.014872958646971654 -0.0068388954250595243 0.0074761079303632258
leaf_weight=2513.5676034837961 415.45504138013348 57.683715397492051 13989.762434475473 280.92943244054914 67.666089121252298 169.49690188956447 63.737557509914041 422.18177803047001 330.75729780737311 280.56311638746411 445.15827255789191 48.731960556469858 49.352594836149365 85.280878860503435
leaf_count=8752 2673 380 83916 1660 449 980 320 2446 1947 1532 2272 437 322 414
internal_value=0.000188044 -0.000269537 -0.000771993 0.00299318 -0.00573085 -0.0133735 0.00464082 0.0083761 0.0123638 -5.43099e-05 -0.00456635 -0.00798905 0.0106426 -0.0087967
internal_weight=19220.3 16706.8 14490.5 2216.26 344.199 237.163 1872.06 1033.87 752.939 838.191 557.628 493.89 107.036 500.736
internal_count=108500 99748 87003 12745 2131 1429 10614 6053 4393 4561 3029 2709 702 3087
is_linear=0
shrinkage=0.035


Tree=73
num_leaves=15
num_cat=0
split_feature=7 40 78 9 7 79 36 41 79 9 75 78 3 35
split_gain=21.5836 39.9632 35.4844 31.6158 29.2912 46.2991 46.0957 42.4203 40.1513 50.8985 49.9648 42.8261 39.8611 34.2875
threshold=1.9820624195624317 -0.22189542511368585 3.8107180607376345 24.367053748978254 1.7306655704871201 -0.86120654560521348 0.017529694573143576 0.45282987969719274 1.6833791559102556 14.946670758925492 0.15526975339518631 -2.6393919020982866 2.5919167476479847 0.028494667810923493
decision_type=2 2 8 2 2 10 2 2 10 2 2 8 2 2
left_child=4 -2 3 -3 6 13 12 -7 9 -8 -10 -12 -1 -6
right_child=1 2 -4 -5 5 7 8 -9 10 -11 11 -13 -14 -15
leaf_value=0.0027875900897902368 -0.011311787756069676 0.00019779177179052516 -0.013694761802044568 0.024480211374672621 -0.0054918366583969983 0.0054538369348076663 -0.00014570793685444539 0.02421720798994232 0.004118679541374029 -0.01527435441782078 0.0088720935414239362 -0.020042228281897796 -0.0019038951055477132 0.0079716326874985418
leaf_weight=6608.9128061477095 517.30866991821676 1698.221112520434 202.43665833002888 48.34133438905701 819.67408052366227 1687.2582334824474 2892.2143073682673 145.0516919712536 192.61800389457494 280.79583212477155 60.911291018128395 444.79931344091892 3317.5367650020344 300.7059866883792
leaf_count=28063 4289 10759 1346 816 4851 10106 12928 808 998 3291 290 2213 25980 1762
internal_value=0.000183276 -0.00286018 -0.000524813 0.00113942 0.000634264 0.00378559 -4.46149e-05 0.00718465 -0.00327416 -0.00157181 -0.01075 -0.0163546 0.00121896 -0.00180186
internal_weight=19216.8 2466.31 1949 1746.56 16750.5 2952.69 13797.8 1832.31 3871.34 3173.01 698.329 505.711 9926.45 1120.38
internal_count=108500 17210 12921 11575 91290 17527 73763 10914 19720 16219 3501 2503 54043 6613
is_linear=0
shrinkage=0.035


Tree=74
num_leaves=15
num_cat=0
split_feature=7 41 76 7 77 79 78 78 32 80 79 9 7 9
split_gain=20.494 30.4541 29.3376 27.8064 33.9397 35.2288 33.9504 29.8015 29.4475 31.9442 29.0756 56.3186 36.0053 42.997
threshold=0.88145565578149432 0.22374275118307982 -0.371655049841635 1.0486107060480263 -3.2276858178005252 -2.0493611989442457 -2.9665701015650785 -3.3902669878620908 -0.1285926420425991 -5.444265113387913 1.0402161460285693 18.901130498515368 2.0184424689644795 20.256320893536394
decision_type=2 2 10 2 8 8 10 8 2 8 8 2 2 2
left_child=1 2 -1 7 5 6 -5 -2 9 -7 12 -12 13 -6
right_child=3 -3 -4 4 10 8 -8 -9 -10 -11 11 -13 -14 -15
leaf_value=0.0090412997843529654 -0.011632376497806615 -0.023629168727232155 -0.0087956934829589214 -0.012862512031616726 0.00055530516360616418 0.013926056862398194 0.017949103609972129 0.0078735803224229163 -0.013345201257663261 -0.006280434544092761 0.0017909471318010319 0.02017992285027348 -0.0058659371714509445 -0.014418270140910523
leaf_weight=157.97012894228101 89.112234767992049 83.291374418069609 291.87032601772808 47.27126014046371 9141.3469918022311 105.26037757191807 118.23928262200207 921.58332990994677 551.82864632923156 390.28570796328131 5530.3473348052939 192.19535629171878 1369.3543558620149 221.10692889685743
leaf_count=943 437 593 1972 247 47834 566 645 4869 3147 2136 28996 2620 9997 3498
internal_value=0.000177094 -0.0064627 -0.00241366 0.000373326 4.72676e-05 -0.0055541 0.00871106 0.00596141 -0.00792932 -0.00161458 0.000466398 0.00247668 -0.000608164 0.000171703
internal_weight=19211.1 533.132 449.84 18677.9 17667.2 1212.89 165.511 1010.7 1047.37 495.546 16454.4 5722.54 10731.8 9362.45
internal_count=108500 3508 2915 104992 99686 6741 892 5306 5849 2702 92945 31616 61329 51332
is_linear=0
shrinkage=0.035


Tree=75
num_leaves=15
num_cat=0
split_feature=77 74 76 33 3 74 79 75 29 16 35 77 76 77
split_gain=20.394 37.9746 35.6959 27.3613 23.6888 26.0131 24.0043 28.3174 39.4693 23.5725 23.1629 23.0548 22.9622 38.8075
threshold=4.0996431486929481 0.62856893378207834 -0.1173816275296377 0.080164937101993808 4.1499819754864218 -4.4196514336716186 5.6809284628524397 0.66139133795806404 0.94236788031025209 -0.71903817618936972 -0.026414780090742832 0.24972157482762827 -3.9041893477876597 0.1580809529064279
decision_type=8 2 10 2 2 2 10 2 2 2 2 10 10 10
left_child=4 3 -3 9 5 11 12 -8 -9 -2 -5 -1 13 -7
right_child=1 2 -4 10 -6 6 7 8 -10 -11 -12 -13 -14 -15
leaf_value=-0.0014211042296730693 -0.0049692135297924357 0.0097577895377794072 -0.015329946968845579 -0.017826055027459597 -0.0030703907941349619 4.5239222907405945e-05 0.014165666020243958 0.010292331839550837 -0.018448751109791252 0.018011814050047776 0.0060155808029770602 -0.018582482641912555 0.00075049641241694599 -0.016046908841581369
leaf_weight=245.78615249879658 55.076448428910226 96.619735389016569 158.0785121966619 47.933581346645951 2743.1729181900009 559.32916864007711 316.14189696311951 116.06305098161101 83.076877016574144 359.796964189969 168.28161911200732 141.19592306576669 13866.857679640874 253.18849723413587
leaf_count=1422 291 603 1172 242 28117 2477 1406 514 370 1971 926 741 67144 1104
internal_value=0.000169788 0.0052964 -0.00579539 0.00981341 -8.35275e-05 0.000445577 0.000678612 0.00795925 -0.00228728 0.0148727 -0.00033175 -0.00828815 0.000412563 -0.00523427
internal_weight=19210.6 885.787 254.698 631.089 18324.8 15581.6 15194.7 515.282 199.14 414.873 216.215 386.982 14679.4 812.518
internal_count=108500 5205 1775 3430 103295 75178 73015 2290 884 2262 1168 2163 70725 3581
is_linear=0
shrinkage=0.035


Tree=76
num_leaves=15
num_cat=0
split_feature=3 70 91 65 20 17 56 10 76 79 78 77 9 81
split_gain=19.5028 20.7418 20.2938 22.2296 19.5355 18.7732 19.8391 24.2915 17.9252 30.7744 56.0651 40.7672 37.199 33.931
threshold=1.1747340824358135 -0.4767217538412829 0.9490690851533744 0.88575458392098572 0.18692121508611889 1.0000000180025095e-35 1.4907119849998527 -1.0000000180025095e-35 2.3880845929184908 0.87861205890535754 2.9103736686444606 -0.83810573093620755 11.31702990957117 -3.9486968747137747
decision_type=2 2 2 2 2 2 2 2 10 8 8 8 2 10
left_child=2 -2 3 4 5 6 7 -1 -3 10 -10 -11 13 -13
right_child=1 8 -4 -5 -6 -7 -8 -9 9 11 -12 12 -14 -15
leaf_value=0.007418242940115065 0.0018469859035113896 -0.0014521178373839273 0.010764539062388416 -0.0066734920462885455 0.011215853112528887 -0.0023127685366827844 0.017311665219590922 -0.0059583453287435275 0.0016827566083179753 -0.010357735651603925 -0.027858490753628395 -0.0082562311504767241 0.030451015868316073 0.01526039295046196
leaf_weight=448.27857439219952 4211.8486810170871 11124.824442400481 337.32084469869733 309.60092902556062 290.86619043722749 766.22841555997729 119.67039301991463 239.82619207724929 810.1631108999718 86.165069970302284 66.977120432071388 102.49360086303204 105.75843152048765 185.72600861592218
leaf_count=1339 24158 66971 1034 1151 1052 2886 339 951 5166 537 448 469 1085 914
internal_value=0.000162444 -0.000271363 0.003025 0.00173722 0.00318954 0.00158421 0.00524732 0.00271947 -0.000987971 0.0027822 -0.00114373 0.00971315 0.0143911 0.00690457
internal_weight=19205.7 16694 2511.79 2174.47 1864.87 1574 807.775 688.105 12482.1 1357.28 877.14 480.143 393.978 288.22
internal_count=108500 99748 8752 7718 6567 5515 2629 2290 75590 8619 5614 3005 2468 1383
is_linear=0
shrinkage=0.035


Tree=77
num_leaves=15
num_cat=0
split_feature=7 41 76 7 77 79 78 32 78 5 76 37 9 74
split_gain=19.2443 29.0708 27.6315 25.7025 31.4566 32.9506 32.0522 28.0341 28.0176 27.2932 48.7781 26.0702 26.2766 31.8647
threshold=0.88145565578149432 0.22374275118307982 -0.371655049841635 1.0486107060480263 -3.2276858178005252 -2.0493611989442457 -2.9665701015650785 -0.34778612022734284 -3.3902669878620908 3.1780538303479462 -0.31484115482246167 0.64074856234294075 9.9678214441952786 -1.1269062980153477
decision_type=2 2 10 2 8 8 10 2 8 2 10 2 2 2
left_child=1 2 -1 8 5 6 -5 -7 -2 -6 -11 -10 -13 -14
right_child=3 -3 -4 4 9 7 -8 -9 11 10 -12 12 13 -15
leaf_value=0.008758549616259435 -0.011366585046364275 -0.02313039226906977 -0.0085512697850269985 -0.012592561959043774 0.00059139704278058161 0.0011462968384190523 0.017360804789733973 -0.011301598945029991 -0.0090192605204885042 0.017581350403030705 -0.02164994273319535 0.012770115934823448 0.017312500307516913 -0.010685044136106889
leaf_weight=158.32497640978545 88.786526740994304 82.504491096478887 290.84789801784791 47.02981274574995 16277.605397063977 308.74917326099239 118.68760657589883 735.633513896144 88.660836756695062 34.956274480558932 137.13001843064558 645.74163660686463 53.500024374574423 135.18471910245717
leaf_count=943 437 593 1972 247 91208 1700 645 4149 504 277 1460 2747 418 1200
internal_value=0.000157903 -0.00628491 -0.00233661 0.000347892 3.41256e-05 -0.00536491 0.00841952 -0.00766926 0.00571711 0.000437331 -0.01268 0.0075665 0.00949867 -0.00184818
internal_weight=19203.3 531.677 449.173 18671.7 17659.8 1210.1 165.717 1044.38 1011.87 16449.7 172.086 923.087 834.426 188.685
internal_count=108500 3508 2915 104992 99686 6741 892 5849 5306 92945 1737 4869 4365 1618
is_linear=0
shrinkage=0.035


Tree=78
num_leaves=15
num_cat=0
split_feature=76 88 77 76 74 7 40 82 41 77 37 79 75 78
split_gain=18.8923 37.4004 41.8967 33.2673 48.7387 31.7394 29.5082 28.2476 25.9262 26.1626 31.2085 41.4112 26.309 25.7658
threshold=-3.9041893477876597 6.7860500000000004 0.1580809529064279 -1.8220725092015082 -1.0000000180025095e-35 0.88145565578149432 -0.086071457736104987 59.04451089059571 0.1150039831678402 2.4315126136044056 1.1000152089651871 0.25483396468440628 0.40934038426042291 1.7712592494993513
decision_type=10 2 10 10 2 2 2 10 2 10 2 8 2 8
left_child=1 2 6 4 7 -5 -1 8 9 10 -2 -12 -13 -8
right_child=3 -3 -4 5 -6 -7 13 -9 -10 -11 11 12 -14 -15
leaf_value=0.0065659038104206495 -0.0065578563462862748 0.010525082026182459 -0.017713701732505218 -0.0089563145478606023 -0.00098884995759175153 0.00015803601225095003 -0.013646682728067483 0.024063198221253954 0.01734552459794075 0.023669367891512992 0.022202214790746508 -0.011998908040341727 0.011495395585684907 0.0079682021729109674
leaf_weight=270.30996128171682 299.69225426856428 155.86903849616647 286.6471354017267 462.40973450848833 970.43332252162509 15696.385334758728 254.07472413545474 131.6338672619313 216.60081900958903 52.423474326729774 133.6477305945009 113.42643062770367 84.177603472955525 74.944456680677831
leaf_count=1404 1539 774 1539 3163 5618 89177 1301 686 1009 247 687 556 416 384
internal_value=0.000151061 -0.00438703 -0.00718494 0.000415941 0.00464829 -0.000113535 -0.00173983 0.00986913 0.00731503 0.00373295 0.00140014 0.00856341 -0.00185387 -0.00854874
internal_weight=19202.7 1041.85 885.976 18160.8 2002.04 16158.8 599.329 1031.6 899.968 683.367 630.944 331.252 197.604 329.019
internal_count=108500 5402 4628 103098 10758 92340 3089 5140 4454 3445 3198 1659 972 1685
is_linear=0
shrinkage=0.035


Tree=79
num_leaves=15
num_cat=0
split_feature=79 78 82 6 75 78 39 40 0 7 84 3 76 36
split_gain=18.6019 31.2133 25.7854 21.5622 21.0778 39.9507 39.0234 37.9509 30.5895 28.9964 25.6658 27.6003 23.5026 23.2626
threshold=5.6809284628524397 0.81536491499104102 8.6422121045881557 1.4870223344961238 -2.3686175465867243 5.3155581534990182 0.18521825650224832 -0.68880858577180026 61.14780795324662 1.1738819576659958 0.21083470493572173 2.7631461780005848 0.52901766968064079 0.0046129913878751689
decision_type=10 8 10 2 2 10 2 2 2 2 2 2 10 2
left_child=4 -2 3 -3 6 10 7 9 12 -1 11 -6 -8 -7
right_child=1 2 -4 -5 5 13 8 -9 -10 -11 -12 -13 -14 -15
leaf_value=-0.0059216808444211072 0.013894717434101662 -0.0057499705482229576 -0.012571623937932737 0.014957652405604621 0.0012559016479222372 -0.0029283229558740836 0.026026778536899019 -0.0033437127103239589 -0.0028510143855187053 0.015337466195610536 -0.0047755880536481223 -0.0019678782022507536 0.0012533415206354231 -0.019353763649082933
leaf_weight=94.945969782071188 294.83601842122152 95.718615029938519 129.73483206704259 119.05315104778856 10618.242158735171 232.06942310091108 179.58335790643468 830.26459536171024 91.200238371267915 274.5214723572135 1323.2166480519809 4666.6923642831534 64.066590948030353 187.88987546414137
leaf_count=798 1497 448 693 601 46248 1341 826 5758 534 2132 7239 39056 341 988
internal_value=0.000147982 0.00592511 -0.0012836 0.00602513 -5.71582e-05 -0.000412861 0.00384434 0.000814523 0.0140421 0.00985073 -0.000136931 0.000270354 0.0201019 -0.0108228
internal_weight=19202 639.343 344.507 214.772 18562.7 17028.1 1534.58 1199.73 334.85 369.467 16608.2 15284.9 243.65 419.959
internal_count=108500 3239 1742 1049 105261 94872 10389 8688 1701 2930 92543 85304 1167 2329
is_linear=0
shrinkage=0.035


Tree=80
num_leaves=15
num_cat=0
split_feature=77 88 76 78 88 74 79 75 77 78 7 75 35 79
split_gain=18.5066 37.0517 46.9569 37.0194 44.2599 28.017 26.6823 33.4704 23.0443 34.5826 37.1691 25.6937 25.3154 34.4842
threshold=4.0996431486929481 -1.0000000180025095e-35 1.5197064494253201 0.91439502544610052 9.2163000000000022 1.3011510027621445 0.18710721713748077 0.59561686780878753 2.4315126136044056 -0.39775591630582785 1.3952684944467431 -0.46391427486570647 0.015942361567776803 -0.098344473428039078
decision_type=8 2 10 10 2 2 8 2 10 8 2 2 2 8
left_child=8 5 3 4 -3 -2 -4 -8 -1 10 11 -10 13 -11
right_child=1 2 6 -5 -6 -7 7 -9 9 12 -12 -13 -14 -15
leaf_value=0.00023017013177188057 0.0011022879020826791 0.035444380453904183 -0.012948506655595517 0.0015578511631753069 0.0002892952319913091 -0.022710773892733085 0.024977070018380607 -0.0098846896729121499 0.019413615141180209 -0.016586397227668821 -0.016977890975521756 -0.0069264713631448857 0.009884297953279806 0.0031591203404039672
leaf_weight=17128.173004445074 297.83880189713091 154.35957886558026 110.10651819128543 108.87562039587647 59.061876634135842 55.442294671200216 54.357947139302269 46.572061216458678 50.990475775091909 151.89495795989933 374.47210004227236 107.23874677764252 218.25885324040428 279.56637951754965
leaf_count=96387 1718 922 604 604 296 417 346 298 319 882 2316 591 1237 1563
internal_value=0.000143208 0.00502443 0.0106956 0.018708 0.026574 -0.00365141 -0.00210134 0.00991648 -9.83695e-05 -0.00478216 -0.0112184 0.00278779 0.000672325 -0.00421908
internal_weight=19197.2 886.615 533.334 322.297 213.421 353.281 211.037 100.93 18310.6 1182.42 532.701 158.229 649.72 431.461
internal_count=108500 5205 3070 1822 1218 2135 1248 644 103295 6908 3226 910 3682 2445
is_linear=0
shrinkage=0.035


Tree=81
num_leaves=15
num_cat=0
split_feature=7 40 78 88 78 9 36 81 6 7 77 6 40 80
split_gain=18.473 37.7692 33.989 31.9306 38.608 34.04 35.5154 33.2739 33.0606 27.5095 46.3678 48.1986 35.8013 31.5702
threshold=1.9820624195624317 -0.22189542511368585 3.8107180607376345 -5.8024499999999994 -1.0090140823013927 6.8154158215010909 -0.007838459048894169 11.777667759522716 1.209954496084517 1.7921979343826513 -0.83810573093620755 1.7871569893511137 0.46948257804178389 -1.6604545614651298
decision_type=2 2 8 2 10 2 2 10 2 2 10 2 2 10
left_child=9 -2 3 8 -5 7 -7 -6 -3 -1 12 13 -11 -12
right_child=1 2 -4 4 5 6 -8 -9 -10 10 11 -13 -14 -15
leaf_value=2.1913070812067739e-05 -0.010929093036091908 -0.0073293156721647478 -0.013343691922477856 -0.011080618175126242 0.019050277102504933 0.015083310835995572 -0.0062057501362456158 -0.0072582782153261787 0.013083093035195236 0.01617190275178142 -0.0030872198475326777 -0.010427774882737237 -0.004041292814945396 0.0089559038919599394
leaf_weight=14680.862301366447 513.78844965016469 112.7071533005219 201.18286673002876 364.66050926432945 196.0836690440774 97.597661398816854 509.97523571923375 68.735172903165221 393.92049982305616 500.81084333290346 419.50122921494767 335.97733433637768 126.42404421512038 674.92778417867521
leaf_count=79025 4289 881 1346 2451 719 738 3792 270 2724 2959 2486 2003 723 4094
internal_value=0.000138428 -0.00268191 -0.000414129 0.00121206 -0.00183367 0.00219327 -0.00241427 0.0121916 0.00843615 0.000555403 0.00432489 0.000796203 0.0120988 0.00436714
internal_weight=19197.2 2458.65 1944.86 1743.68 1237.05 872.392 607.573 264.819 506.628 16738.5 2057.64 1430.41 627.235 1094.43
internal_count=108500 17210 12921 11575 7970 5519 4530 989 3605 91290 12265 8583 3682 6580
is_linear=0
shrinkage=0.035


Tree=82
num_leaves=15
num_cat=0
split_feature=88 75 3 5 27 77 78 7 79 79 88 74 9 76
split_gain=18.3438 25.1669 19.1244 21.6104 48.4028 34.0785 23.2451 29.7489 28.6632 38.3946 35.1361 30.2551 38.7321 29.3718
threshold=12.983350000000002 1.8225803982152251 1.1379310344827622 3.1780538303479462 0.029240816086695227 0.66426915909227613 -2.9665701015650785 2.0606557831480914 -0.098344473428039078 -0.75641594144395008 -6.6113999999999988 -0.44226643100801516 5.8334814836483346 -1.0000000180025095e-35
decision_type=2 2 2 2 2 10 10 2 8 10 2 2 2 8
left_child=2 -2 -1 6 5 -5 7 8 9 11 13 -4 -13 -10
right_child=1 -3 3 4 -6 -7 -8 -9 10 -11 -12 12 -14 -15
leaf_value=0.0035179974040439569 -0.011686380221472075 0.01117960698117948 0.0067701155917921137 0.028212785684806885 -0.024399233011525457 -0.014179927466263498 0.00060248964929385468 -0.014404064015043714 0.0018685506919185464 -0.017551341231579327 0.0038031712230399478 0.0071774104999725646 -0.015064007044641335 -0.019848972354885554
leaf_weight=1982.5106317289174 292.14906208682805 55.912096751853824 271.65365064190701 33.79476219904609 107.47621343960054 24.533585203753319 14034.053887270697 232.17058594757691 140.39658925775439 254.96062657237053 1227.3593953941017 128.41069501638412 271.43327726284042 139.24953287933022
leaf_count=6850 1451 252 1509 387 1138 275 82127 1869 731 1569 7050 398 2037 857
internal_value=0.000133377 -0.00760533 0.000284196 -9.96489e-05 -0.0119701 0.0113141 3.2386e-05 -0.00295123 -0.00175004 -0.00652575 0.00123293 -0.00195289 -0.00791949 -0.0095487
internal_weight=19196.1 348.061 18848 16865.5 165.805 58.3283 16699.7 2665.63 2433.46 926.458 1507.01 671.498 399.844 279.646
internal_count=108500 1703 106797 99947 1800 662 98147 16020 14151 5513 8638 3944 2435 1588
is_linear=0
shrinkage=0.035


Tree=83
num_leaves=15
num_cat=0
split_feature=76 88 77 76 74 7 40 82 7 75 75 79 78 7
split_gain=17.8995 34.9338 39.3808 30.912 45.181 29.7026 27.7174 26.337 24.512 45.7579 34.1271 31.2309 28.1201 37.6607
threshold=-3.9041893477876597 6.7860500000000004 0.1580809529064279 -1.8220725092015082 -1.0000000180025095e-35 0.88145565578149432 -0.086071457736104987 59.04451089059571 1.1470649507679544 -0.96446590523617981 -2.3686175465867243 -1.1692224408885086 -2.3666317366255454 1.5242347424117808
decision_type=10 2 10 10 2 2 2 10 2 2 2 10 10 2
left_child=1 2 6 4 7 -5 -1 -2 9 11 -10 -7 -12 -14
right_child=3 -3 -4 5 -6 8 -8 -9 10 -11 12 -13 13 -15
leaf_value=0.0062991986182700695 0.0070131987808474067 0.010096362386318768 -0.017261938864052587 -0.0086963695800937445 -0.00097104743309783348 0.0087407896924518776 -0.0083511871142927831 0.023139784060811675 0.005656949999885739 0.0077093346221996997 -0.0041564141850865179 -0.0098491980809297681 -0.0024351012227212102 0.001802503708544783
leaf_weight=270.88361479528248 901.35759247839451 156.29653289355338 284.55229833582416 460.70319738367107 969.58349730074406 137.23725588899106 328.10488820401952 132.4929836372612 1049.9400627350551 1212.0451029730029 2510.6919287716737 368.27416080795228 4530.77332447558 5879.8457750505768
leaf_count=1404 4454 774 1539 3163 5618 724 1685 686 7286 5893 14406 2248 23144 35476
internal_value=0.000126602 -0.00429497 -0.00700789 0.000384326 0.00446241 -0.000126475 -0.00173631 0.00947982 0.000135932 0.00405652 -0.000351156 -0.00466177 -0.000847341 -4.28642e-05
internal_weight=19192.8 1039.84 883.541 18152.9 2003.43 16149.5 598.989 1033.85 15688.8 1717.56 13971.3 505.511 12921.3 10410.6
internal_count=108500 5402 4628 103098 10758 92340 3089 5140 89177 8865 80312 2972 73026 58620
is_linear=0
shrinkage=0.035


Tree=84
num_leaves=15
num_cat=0
split_feature=70 9 36 79 74 88 75 7 35 76 78 76 6 30
split_gain=17.6226 20.9639 32.3366 24.8498 27.6263 28.9415 25.6512 26.0094 41.8062 24.241 33.2353 32.1568 29.809 30.2309
threshold=-0.4767217538412829 6.4929494355980273 0.080100199515182297 3.9165694068686498 -1.2403581453092889 -1.0000000180025095e-35 -2.3686175465867243 1.1738819576659958 -0.050482818550193743 1.990698462576034 -2.6393919020982866 -1.0032657052993703 1.7267423293126523 0.33806818181816178
decision_type=2 2 2 10 2 2 2 2 2 10 8 10 2 2
left_child=-1 2 -2 6 -5 -6 7 -3 -9 10 11 -8 13 -12
right_child=1 3 -4 4 5 -7 9 8 -10 -11 12 -13 -14 -15
leaf_value=0.0019620656691558612 0.0008027541115067456 -0.0070409951142345909 0.020089743817818181 0.017923202600333126 0.0092961155753171765 -0.0080101181393067832 -0.00015146920976763262 0.023971143932259263 0.002262693876685316 0.0020873651876984092 0.0027613864247064638 -0.015985427377866866 -0.0062612603705717671 -0.0034921859662634404
leaf_weight=4770.7293312034963 5546.3897584652295 181.93575730849989 88.642220064997673 137.8413038388826 219.79203288583085 213.92916895868257 236.77174801460933 124.55136067792773 458.3974203011021 1100.7372855157009 1625.9048920421483 449.32007552613504 1825.0149132307852 2211.933919005096
leaf_count=26072 18210 1571 290 876 1481 1415 1702 1139 4070 8175 11908 3464 12172 15955
internal_value=0.000122714 -0.000487645 0.00117613 -0.00155496 0.00538296 0.000783155 -0.0020496 0.00398237 0.00754215 -0.00267793 -0.00350806 -0.0106802 -0.00260458 -0.000842272
internal_weight=19191.9 14421.2 5635.03 8786.13 571.563 433.721 8214.57 764.885 582.949 7449.68 6348.95 686.092 5662.85 3837.84
internal_count=108500 82428 18500 63928 3772 2896 60156 6780 5209 53376 45201 5166 40035 27863
is_linear=0
shrinkage=0.035


Tree=85
num_leaves=15
num_cat=0
split_feature=77 88 76 78 88 74 79 75 77 78 7 78 35 7
split_gain=17.3233 34.7166 43.7316 34.615 41.4128 26.8004 25.2929 31.5459 21.1158 32.348 28.7746 28.4662 26.2673 22.6004
threshold=4.0996431486929481 -1.0000000180025095e-35 1.5197064494253201 0.91439502544610052 9.2163000000000022 1.3011510027621445 0.18710721713748077 0.59561686780878753 2.4315126136044056 0.3885352045257951 1.3485160673564445 2.130986469965626 0.0092604824997415472 0.94849103470223606
decision_type=8 2 10 10 2 2 8 2 10 10 2 10 2 2
left_child=8 5 3 4 -3 -2 -4 -8 13 10 12 -11 -10 -1
right_child=1 2 6 -5 -6 -7 7 -9 9 11 -12 -13 -14 -15
leaf_value=-0.0055013949700845237 0.001068869514558863 0.034120990630651223 -0.012640591050211846 0.0014379630272369902 0.00018725878166710153 -0.022288640455552729 0.024176394364817451 -0.0096514137506514153 -0.0068117298672976225 0.010125731627648649 -0.012591080820094249 -0.0087056164757263969 0.016322965141311398 0.00048279569686111932
leaf_weight=791.49691199883819 297.75801624171436 155.6575719024986 109.66293608397245 108.85497736092657 59.100802139379084 54.910017358139157 54.752515161177143 46.387208137661219 138.50705889146775 255.51948392369377 573.62179300747812 134.52650275500491 77.274166172370315 16333.114767577565
leaf_count=4922 1718 922 604 604 296 417 346 298 757 1443 3465 833 410 91465
internal_value=0.000119743 0.00484102 0.0103193 0.0180252 0.0255941 -0.00356886 -0.0020472 0.00962951 -0.000114102 -0.00460349 -0.00860664 0.00352299 0.00215494 0.000200112
internal_weight=19191.1 887.084 534.416 323.613 214.758 352.668 210.803 101.14 18304.1 1179.45 789.403 390.046 215.781 17124.6
internal_count=108500 5205 3070 1822 1218 2135 1248 644 103295 6908 4632 2276 1167 96387
is_linear=0
shrinkage=0.035


Tree=86
num_leaves=15
num_cat=0
split_feature=3 74 77 32 13 74 79 29 75 6 35 78 35 84
split_gain=17.1316 21.2739 23.8216 20.1762 20.8121 19.3785 21.4689 30.4448 36.2215 26.5356 24.7257 22.4933 37.8887 23.0227
threshold=4.7704350842203169 -1.8103390566421724 -0.83810573093620755 -0.75513485185894758 0.60100968801182642 -4.4196514336716186 5.6809284628524397 0.94236788031025209 0.73000785200161633 1.5737828362630693 -0.020458856802452071 4.3931234780441279 0.0015380776381173848 0.024734669984986656
decision_type=2 2 8 2 2 2 10 2 2 2 2 10 2 2
left_child=5 2 -2 -4 -5 -1 11 9 -9 10 -8 -7 13 -13
right_child=1 -3 3 4 -6 6 7 8 -10 -11 -12 12 -14 -15
leaf_value=-0.0066273636557452435 -0.0072562218718857817 -0.0041622939254170859 -0.011443842127369085 0.0030416464764191796 0.025838802100953594 0.00072552978110099751 -0.013187000143918786 0.0079383671859780142 -0.018140807065818155 0.023329753154454388 0.01247173056877922 0.0085981494035378032 -0.014269101693301416 -0.0093958270086365314
leaf_weight=435.44857536442578 107.74952736287378 1908.2745671096272 25.396468034014106 97.496070290450007 92.862956273718737 15318.023064462468 54.012788135558367 152.52809824049473 85.220842972397804 159.73743982613087 103.52675491757691 223.52373389154673 310.64180597290397 116.33378538303077
leaf_count=2481 1182 20976 244 1000 1075 75962 247 681 395 721 492 962 1553 529
internal_value=0.000115789 -0.00275289 0.0053191 0.0116821 0.0155621 0.000496102 0.000691613 0.00733639 -0.00209196 0.0141066 0.00318006 0.000451769 -0.00582413 0.00225891
internal_weight=19190.8 2231.78 323.505 215.755 190.359 16959 16523.5 555.026 237.749 317.277 157.54 15968.5 650.499 339.858
internal_count=108500 24477 3501 2319 2075 84023 81542 2536 1076 1460 739 79006 3044 1491
is_linear=0
shrinkage=0.035


Tree=87
num_leaves=15
num_cat=0
split_feature=88 75 3 54 5 27 77 78 7 88 79 76 76 75
split_gain=17.0968 23.5958 17.7023 21.6612 20.1872 46.1535 32.5462 20.1633 27.7855 27.244 26.2895 39.6909 39.914 34.1716
threshold=12.983350000000002 1.8225803982152251 1.1379310344827622 0.68054242793476227 3.1780538303479462 0.029240816086695227 0.66426915909227613 -2.9665701015650785 2.0606557831480914 -5.5688499999999994 1.0402161460285693 -1.2278592094972145 0.65883878917131666 0.5313062942875233
decision_type=2 2 2 2 2 2 10 10 2 2 8 8 10 2
left_child=2 -2 3 -1 7 6 -6 8 10 -10 -4 13 -13 -12
right_child=1 -3 4 -5 5 -7 -8 -9 9 -11 11 12 -14 -15
leaf_value=0.0016460015479085512 -0.011334436946369531 0.010796243396199473 -0.0050738435935846413 0.011170142354467429 0.027399018672872456 -0.023868315802783042 -0.013990028356199752 0.00054535247459674963 0.0041944818887626354 -0.02089614464496416 0.0014540138675514615 -0.0065050111828407102 0.0089151220033719392 0.02560038626501638
leaf_weight=1642.3015744686127 291.16816022433341 56.059558551758528 1262.4103761627339 338.65634616091847 34.265149960527197 106.25678089959547 24.348481885521323 14036.583836629281 66.324415382929146 163.35727267432958 149.38693365361542 606.4721920369193 286.4977706046775 122.95842746738344
leaf_count=5654 1451 252 7565 1196 387 1138 275 82127 598 1271 793 3444 1723 626
internal_value=0.000111547 -0.00736807 0.000257067 0.00336958 -0.00011222 -0.0116144 0.0110207 1.51375e-05 -0.00276864 -0.0138952 -0.00161105 0.00216258 -0.00147074 0.0133612
internal_weight=19187 347.228 18839.8 1980.96 16858.9 164.87 58.6136 16694 2657.41 229.682 2427.73 1165.32 892.97 272.345
internal_count=108500 1703 106797 6850 99947 1800 662 98147 16020 1869 14151 6586 5167 1419
is_linear=0
shrinkage=0.035


Tree=88
num_leaves=15
num_cat=0
split_feature=76 7 76 74 7 29 35 7 75 75 35 78 35 79
split_gain=16.9303 33.9365 28.0863 41.8204 26.4583 25.3554 30.2814 22.874 42.3765 30.4277 29.8873 27.7259 37.9153 30.9733
threshold=-3.9041893477876597 1.1151384489847447 -1.8220725092015082 -1.0000000180025095e-35 0.88145565578149432 0.82343552389758046 0.014285879807722201 1.1470649507679544 -0.96446590523617981 -2.3686175465867243 -0.0064451822859390327 3.8107180607376345 0.0046356801596117566 0.79873672264828188
decision_type=10 2 10 2 2 2 2 2 2 2 2 10 2 8
left_child=1 -1 3 5 -4 6 -2 8 10 -9 -6 -11 13 -13
right_child=2 -3 4 -5 7 -7 -8 9 -10 11 -12 12 -14 -15
leaf_value=0.010938551183696717 0.0079372035166917661 -0.0067012812257607581 -0.0082410586663214293 -0.00098836982506393732 -0.010494129025920037 0.013306033972587363 -0.012097000698299783 0.0053111473670716027 0.0074128182519864593 -0.0004395692529603816 0.0066988389052116785 -0.012084924657903368 -0.016521333015172113 0.0078171286543057047
leaf_weight=137.82057277392596 288.6344876755029 900.0756562812021 457.96660603303462 969.16149090370163 329.33066227659583 635.64637887920253 112.31970810052007 1053.1575847987988 1213.8272597952746 12250.666905944003 175.07861105212942 137.28254060447216 297.93052266072482 225.01903748791665
leaf_count=677 1433 4725 3163 5618 1979 3225 482 7286 5893 69375 993 699 1786 1166
internal_value=0.000107894 -0.0041964 0.000358435 0.00424305 -0.000128963 0.00906026 0.0020169 0.000118127 0.00390454 -0.000352698 -0.00449863 -0.000822205 -0.00770037 3.81837e-05
internal_weight=19183.9 1037.9 18146 2005.76 16140.3 1036.6 400.954 15682.3 1718.24 13964.1 504.409 12910.9 660.232 362.302
internal_count=108500 5402 103098 10758 92340 5140 1915 89177 8865 80312 2972 73026 3651 1865
is_linear=0
shrinkage=0.035


Tree=89
num_leaves=15
num_cat=0
split_feature=84 74 76 78 39 7 76 1 88 91 86 87 78 17
split_gain=16.5488 25.6169 24.9311 22.3858 19.5412 18.9747 27.5897 21.0691 25.2944 38.3334 42.8619 36.2216 31.5344 29.9127
threshold=0.21083470493572173 -1.4987448555654053 -0.1173816275296377 -3.3902669878620908 -0.10517994295055733 0.88145565578149432 -2.2659787307141088 0.92764610273227055 -1.4858499999999999 0.63970909383855312 -19.304675219354301 1.0000000180025095e-35 -0.33781808635143828 0.0070526246937879381
decision_type=2 2 10 10 2 2 10 2 2 2 2 2 10 2
left_child=5 2 4 -3 -2 6 -1 8 -7 10 12 -12 -10 -14
right_child=1 3 -4 -5 -6 7 -8 -9 9 -11 11 -13 13 -15
leaf_value=0.01560293898530361 -0.0010495171412300253 -0.016167281647163613 -0.0038812156643093783 -0.0035010965827822101 0.022407778027085535 -0.0024771074074420533 -0.0092169963435316474 0.001879978593039231 0.018785882361781178 -0.0035938840319044954 0.005210066103062942 -0.0031543553390002439 -0.0036312731539800886 0.016123686849233203
leaf_weight=44.149189243093133 65.79076617769897 190.28655522502959 185.7002401589416 1020.9418135890737 99.220292463898659 4351.4385627876181 428.72984831471695 8230.1213067956269 314.89120465121232 1380.4409689931199 1298.0379531825893 1203.8937920555472 241.22279480526777 128.21590354945511
leaf_count=215 316 1080 1015 5688 471 24997 3017 46633 2172 7826 6476 5974 1721 899
internal_value=0.000103694 -0.00332576 0.00480982 -0.00572128 0.0139528 0.000411107 -0.00636064 0.000605036 -0.000573121 0.00124401 0.00334936 0.00119213 0.0109784 0.00370075
internal_weight=19183.1 1561.94 350.711 1211.23 165.011 17621.1 472.879 17148.3 8918.14 4566.7 3186.26 2501.93 684.33 369.439
internal_count=108500 8570 1802 6768 787 99930 3232 96698 50065 25068 17242 12450 4792 2620
is_linear=0
shrinkage=0.035


Tree=90
num_leaves=15
num_cat=0
split_feature=7 38 88 6 0 78 79 40 75 7 79 36 41 79
split_gain=16.4967 36.349 29.9509 31.3309 27.0306 27.7064 27.019 26.2158 31.5462 25.2508 42.0878 41.9607 39.7296 39.3382
threshold=1.9820624195624317 0.63222664083862867 -5.8024499999999994 1.1642183306104206 30.298415040186224 -0.92385050999685292 -0.400542486609403 -0.22189542511368585 0.73000785200161633 1.7306655704871201 -0.86120654560521348 0.017529694573143576 0.45282987969719274 1.6833791559102556
decision_type=2 2 2 2 2 10 10 2 2 2 10 2 2 10
left_child=9 4 3 -3 5 -2 -5 -6 -9 11 -11 -1 -12 -13
right_child=1 2 -4 6 7 -7 -8 8 -10 10 12 13 -14 -15
leaf_value=0.0010690561467346143 -0.019824356196707648 -0.0094549374839882627 -0.00082969975406669357 0.00020075783221410977 -0.010651323012115127 -0.004528709176024848 0.028329899378204463 0.006500650416082436 -0.0080385853154862491 -0.0019116393849612726 0.0049806989910812635 -0.0015356775561154346 0.02307474276471513 -0.010633429480594127
leaf_weight=9913.2974589797086 249.16055423230864 44.376136884093285 577.24682351248339 60.148101880215108 289.50903607159853 349.38231478410307 119.54155812785029 498.12981781642884 262.90630946308374 1119.6009292082163 1691.0095539692702 3163.37186460878 146.01195310102776 696.27490520849824
leaf_count=54043 2193 307 3240 326 2333 2973 752 3259 1827 6613 10106 16219 808 3501
internal_value=0.000101147 -0.00256895 0.00348842 0.0137693 -0.00551884 -0.0113311 0.0198773 -0.00205752 0.00140072 0.00049484 0.00341804 -0.000136725 0.00665189 -0.00322326
internal_weight=19180 2450.4 801.313 224.066 1649.09 598.543 179.69 1050.55 761.036 16729.6 2956.62 13772.9 1837.02 3859.65
internal_count=108500 17210 4625 1385 12585 5166 1078 7419 5086 91290 17527 73763 10914 19720
is_linear=0
shrinkage=0.035


Tree=91
num_leaves=15
num_cat=0
split_feature=79 76 78 88 40 7 7 7 86 81 39 34 78 38
split_gain=16.6837 42.3025 41.6541 48.8859 33.0649 40.5612 45.9483 64.8615 41.3931 30.8096 28.9436 26.34 35.9046 36.3093
threshold=2.1894624590279608 3.3824448665438451 5.3155581534990182 6.7860500000000004 1.0000000180025095e-35 1.1470649507679544 1.7693923083019245 1.8619586912651542 -22.266142511555561 -7.9813962200514501 0.2409606047636447 -0.67978234365256929 2.3619122559180599 0.47821355289898032
decision_type=8 10 8 2 2 2 2 2 2 10 2 2 8 2
left_child=2 4 -1 -4 11 -6 8 -8 -7 -3 -9 -2 13 -13
right_child=1 9 3 -5 5 6 7 10 -10 -11 -12 12 -14 -15
leaf_value=-5.1505317958072891e-05 -0.0038874684087302235 -0.0041640488575230474 -0.01493024209756544 0.0063081967862814075 0.011778708365618848 0.0065162425608446591 0.027200468841102939 -0.0075227548060013798 -0.010425600317789677 0.025068610356455755 0.011275656734497578 0.015335795009177011 -0.00012748926743009638 0.00094537411871288524
leaf_weight=14464.394068468864 364.97726534609683 54.075700548477471 456.43202562117949 171.00560966646299 212.36813072580844 199.40988254314288 101.93840654473752 299.43320927629247 999.9796697339043 139.08124085795134 126.6060075648129 631.9457346862182 632.40288152778521 324.43199189007282
leaf_count=82912 2285 297 2787 778 938 1117 518 1910 4928 857 671 3505 3512 1485
internal_value=9.73385e-05 0.00207544 -0.000440342 -0.00912574 0.00123767 -0.00199023 -0.00379847 0.00468421 -0.00754818 0.0172619 -0.00168133 0.00443011 0.00636541 0.0105735
internal_weight=19178.5 4086.65 15091.8 627.438 3893.49 1939.74 1727.37 527.978 1199.39 193.157 426.039 1953.76 1588.78 956.378
internal_count=108500 22023 86477 3565 20869 10082 9144 3099 6045 1154 2581 10787 8502 4990
is_linear=0
shrinkage=0.035


Tree=92
num_leaves=15
num_cat=0
split_feature=70 9 36 90 77 77 76 26 79 74 88 76 78 76
split_gain=16.3143 19.4004 30.4515 22.4088 29.2268 32.2736 40.7583 25.7342 22.2548 25.5101 26.9631 23.9679 28.0009 28.4735
threshold=-0.4767217538412829 6.4929494355980273 0.080100199515182297 0.4601267320984696 1.0111203544921117 -0.40505029928404529 0.39731171622394751 0.14565903995126295 3.9165694068686498 -1.2403581453092889 -1.0000000180025095e-35 1.990698462576034 -2.6393919020982866 -0.72336605193611192
decision_type=2 2 2 2 10 10 8 2 10 2 2 10 8 10
left_child=-1 2 3 4 5 6 -2 -6 11 -10 -11 12 13 -3
right_child=1 8 -4 -5 7 -7 -8 -9 9 10 -12 -13 -14 -15
leaf_value=0.0018657842983581647 0.0047313609500658042 -0.00079165413283604743 0.01944309817344804 0.00226967887775226 0.011277714866271944 -0.011528848058327002 -0.011449155050582509 -0.0063347069422636905 0.017045535200405269 0.0088198540379842028 -0.0078836803909013171 0.0025746087878909438 -0.0019851100322532587 -0.014572601836134205
leaf_weight=4770.190711011448 563.13668221049011 308.93831935664639 88.869967509061098 3769.4995327660581 279.85220886766911 530.24953810125589 263.43926267698407 137.94207706302404 138.77734449272975 220.38000697502866 213.3614647355862 1189.1196373752318 6262.5506058504834 441.80633478565142
leaf_count=26072 1846 2280 290 12310 941 1809 893 411 876 1481 1415 8995 45412 3469
internal_value=9.60824e-05 -0.000491607 0.00110897 0.00074625 -0.00247892 -0.00496058 -0.000574207 0.00543893 -0.00151927 0.00504088 0.000617906 -0.00198831 -0.00276708 -0.00906931
internal_weight=19178.1 14407.9 5632.99 5544.12 1774.62 1356.83 826.576 417.794 8774.93 572.519 433.741 8202.41 7013.3 750.745
internal_count=108500 82428 18500 18210 5900 4548 2739 1352 63928 3772 2896 60156 51161 5749
is_linear=0
shrinkage=0.035


Tree=93
num_leaves=15
num_cat=0
split_feature=88 75 77 88 76 78 88 74 77 78 7 88 78 7
split_gain=16.0234 22.2294 17.3388 35.8125 36.811 31.1004 37.3539 25.4662 20.6261 31.1386 43.8959 31.1915 32.7485 34.6015
threshold=12.983350000000002 1.8225803982152251 4.0996431486929481 -1.0000000180025095e-35 1.5197064494253201 0.91439502544610052 9.2163000000000022 1.3011510027621445 2.4315126136044056 -0.39775591630582785 1.3952684944467431 -2.2779499999999997 0.22059382542617315 1.4526030523463136
decision_type=2 2 8 2 10 10 2 2 10 10 2 2 10 2
left_child=2 -2 8 7 5 6 -5 -4 -1 10 -10 12 -11 -14
right_child=1 -3 3 4 -6 -7 -8 -9 9 11 -12 -13 13 -15
leaf_value=0.00030861206853515356 -0.011018043405993555 0.010453022449008361 0.001008646739020846 0.032769321928672969 -0.00091286356231708632 0.0017728950347690527 -0.00085029532311784286 -0.021840449361250566 0.0038400257615568765 -0.025567295306236817 -0.016108662842351754 0.0084530593198610567 -0.015143320403020535 0.01394315944701106
leaf_weight=16821.049289532821 290.29354482330382 56.197230564430356 297.56522964918986 156.84530627634376 204.05528888804838 105.09747613500804 51.214852957986295 54.279828634113073 187.72690372390207 64.881055417470634 408.46700424631126 315.15460693323985 70.289699683402432 92.694092627847567
leaf_count=94935 1451 252 1718 922 1207 590 251 417 1043 370 2539 1828 371 606
internal_value=9.31138e-05 -0.00715526 0.000233946 0.00500508 0.0107067 0.0178784 0.0251449 -0.00350144 -2.22879e-06 -0.00451809 -0.00990655 0.00153978 -0.00793236 0.00111499
internal_weight=19175.8 346.491 18829.3 869.058 517.213 313.158 208.06 351.845 17960.3 1139.21 596.194 543.019 227.865 162.984
internal_count=108500 1703 106797 5105 2970 1763 1173 2135 101692 6757 3582 3175 1347 977
is_linear=0
shrinkage=0.035


Tree=94
num_leaves=15
num_cat=0
split_feature=76 88 77 35 88 77 76 74 82 41 77 37 79 75
split_gain=16.0454 32.0707 36.9167 26.5313 29.6607 26.3803 25.8136 38.2563 24.6129 24.3605 24.0015 28.5377 40.9921 25.8168
threshold=-3.9041893477876597 6.7860500000000004 0.1580809529064279 -0.035261615990733977 -9.2468499999999985 -3.2276858178005252 -1.8220725092015082 -1.0000000180025095e-35 59.04451089059571 0.1150039831678402 2.167861061239718 1.1000152089651871 0.25483396468440628 0.40934038426042291
decision_type=10 2 10 2 2 10 10 2 10 2 10 2 8 2
left_child=1 2 3 -1 -5 -6 7 8 9 10 11 -2 -13 -14
right_child=6 -3 -4 4 5 -7 -8 -9 -10 -11 -12 12 13 -15
leaf_value=0.013002844252417727 -0.0070784599647565815 0.0096636737811508517 -0.016699538819351243 0.012950115497007465 -0.019269428221478656 -0.0016167216306752247 -0.00013475755384471263 -0.00095399968988319785 0.021772146166622316 0.015955860785685796 0.021106057294310934 0.020904715635148827 -0.013014614595160755 0.010311518425945698
leaf_weight=103.57724275067449 297.02345707197674 156.64075595047325 281.87862107972614 75.177365032024682 155.53408313030377 263.44654175639153 16132.02966388475 968.31206222088076 133.77293357648887 218.29107052297331 58.439588531851768 134.77781375031918 111.76501927152276 84.922677180729806
leaf_count=517 1522 774 1539 373 859 1340 92340 5618 686 1009 276 684 547 416
internal_value=8.9045e-05 -0.00410461 -0.00671679 -0.00162089 -0.00507264 -0.00874912 0.000332875 0.00405533 0.00865374 0.00628638 0.00284914 0.000552962 0.00740507 -0.00292106
internal_weight=19175.6 1036.25 879.614 597.735 494.158 418.981 18139.3 2007.3 1038.99 905.22 686.929 628.489 331.466 196.688
internal_count=108500 5402 4628 3089 2572 2199 103098 10758 5140 4454 3445 3169 1647 963
is_linear=0
shrinkage=0.035


Tree=95
num_leaves=15
num_cat=0
split_feature=3 84 83 7 7 9 7 78 74 78 35 84 76 82
split_gain=15.3985 21.4939 35.1628 27.5011 35.9224 37.0039 48.6472 31.4326 30.4003 30.8397 31.7624 28.3745 28.091 31.2515
threshold=1.4062499999999856 -0.059091629484111556 -1.3218032120436796 1.6392167949513021 1.9820624195624317 18.901130498515368 2.3481039040253733 1.4778082153328171 0.56350946189543039 -0.39775591630582785 0.051632519539762257 0.16525355815347026 -1.2278592094972145 12.159657793420211
decision_type=2 2 10 2 2 2 2 8 2 8 2 2 10 10
left_child=-1 2 -2 8 -5 11 -7 -8 12 10 -10 -6 13 -3
right_child=1 3 -4 4 5 6 7 -9 9 -11 -12 -13 -14 -15
leaf_value=0.00171439106208094 -0.0099619679820765993 -0.002028135281493192 0.001823800207049828 0.0036780327302158187 -0.0031339674285796146 -0.010171251250189429 0.037521816160461886 -0.007386592474091477 -0.0052536087429771935 -0.012309069782591366 0.015676718390779339 -0.017162915579693044 -0.0032559863428883676 0.011216923391886006
leaf_weight=5181.7851276695728 309.32007248856826 479.27156830474269 5349.5462382631522 2044.7959402841516 843.91219296306372 58.113419048953801 58.830715502146631 17.566691926680505 454.64827933278866 754.80478108581156 89.389965042937547 208.03785678278655 2951.4915432657581 373.02453650580719
leaf_count=19252 1797 2697 35000 12914 5796 832 834 262 3001 4915 571 1448 17117 2064
internal_value=8.82606e-05 -0.000515514 0.00114676 -0.00164427 0.000879349 -0.00392503 0.0122054 0.0278055 -0.00323956 -0.00782191 -0.00138065 -0.00617684 -0.00164214 0.0038931
internal_weight=19174.5 13992.8 5658.87 8333.89 3231.26 1186.46 134.511 76.3974 5102.63 1298.84 544.038 1051.95 3803.79 852.296
internal_count=108500 89248 36797 52451 22086 9172 1928 1096 30365 8487 3572 7244 21878 4761
is_linear=0
shrinkage=0.035


Tree=96
num_leaves=15
num_cat=0
split_feature=79 76 78 88 40 7 7 7 86 81 39 79 75 76
split_gain=15.4031 39.2305 39.0767 46.0605 30.5733 37.8389 43.0162 59.9473 38.9784 28.6112 27.1153 27.5775 25.4431 26.6902
threshold=2.1894624590279608 3.3824448665438451 5.3155581534990182 6.7860500000000004 1.0000000180025095e-35 1.1470649507679544 1.7693923083019245 1.8619586912651542 -19.304675219354301 -7.9813962200514501 0.26250934711780366 2.6833742363057875 -1.5677852853736183 -2.2659787307141088
decision_type=8 10 8 2 2 2 2 2 2 10 2 8 2 8
left_child=2 4 -1 -4 12 -6 8 -8 -7 -3 11 -9 13 -2
right_child=1 9 3 -5 5 6 7 10 -10 -11 -12 -13 -14 -15
leaf_value=-5.5815344546714781e-05 0.018403114986068291 -0.0040855965690003455 -0.01452464794058164 0.006098696253759737 0.011350438794133734 0.0051872104883139468 0.026083867495865068 0.014582865952976568 -0.010383003405334735 0.024044643497216286 0.01169951560097705 -0.011232960858334088 0.0061989557569805676 -0.0070823376738462316
leaf_weight=14458.372873121691 38.964648110792041 54.034903491847217 453.78708178177476 171.23418884165585 212.90261977724731 233.08576691499911 102.70265254192054 43.588266212493181 963.79769223323092 140.2407020451501 114.64399457490072 267.01276121847332 1573.1088894515997 343.82696339802351
leaf_count=82912 233 297 2787 778 938 1321 518 275 4724 857 604 1702 8333 2221
internal_value=8.50246e-05 0.00198523 -0.000431918 -0.00886066 0.00117658 -0.00193044 -0.00368107 0.00452438 -0.00731538 0.0165696 -0.00162031 -0.00694706 0.00424313 -0.00370319
internal_weight=19171.3 4087.91 15083.4 625.021 3893.63 1937.73 1724.83 527.948 1196.88 194.276 425.245 310.601 1955.9 382.792
internal_count=108500 22023 86477 3565 20869 10082 9144 3099 6045 1154 2581 1977 10787 2454
is_linear=0
shrinkage=0.035


Tree=97
num_leaves=15
num_cat=0
split_feature=76 7 76 74 7 29 35 4 88 79 32 88 18 7
split_gain=15.4052 30.7355 23.7335 35.2476 23.099 22.7892 28.1915 22.1819 24.1323 21.7295 21.6492 24.8533 20.9181 20.7015
threshold=-3.9041893477876597 1.1151384489847447 -1.8220725092015082 -1.0000000180025095e-35 0.88145565578149432 0.82343552389758046 0.014285879807722201 7.5000000000000009 3.2981000000000003 -1.8574410151526122 -0.52976823202506973 6.7860500000000004 -0.69544164291996602 1.0486107060480263
decision_type=10 2 10 2 2 2 2 2 2 8 2 2 2 2
left_child=1 -1 3 5 -4 6 -2 9 -9 -5 -3 -12 -7 -6
right_child=2 10 4 7 13 12 -8 8 -10 -11 11 -13 -14 -15
leaf_value=0.010348059792629824 0.0073427636761908156 0.0052486099828194382 -0.007730998200134738 0.0098914974193278198 0.0053623223419483283 -0.0014960958009629292 -0.011980037931130113 0.019087516029778685 -0.0055802598781277439 -0.0057696378525817519 -0.011381345565051848 0.0059479175533697255 0.015069384411159981 -0.00020208942451908655
leaf_weight=138.31562888249755 289.75129150948487 148.45965482760221 454.7725382730714 109.53969459980726 846.86328643746674 108.31617402518168 112.15161789767444 104.27606261544861 67.773690132889897 686.17844190401956 641.16910349985119 106.84375142492354 531.24698902352247 14825.000910908195
leaf_count=677 1433 778 3163 630 4404 566 482 644 426 3918 3407 540 2659 84773
internal_value=8.46931e-05 -0.00402744 0.000323499 0.00389088 -0.000125232 0.00829629 0.00163841 -0.000922009 0.00980122 -0.00342404 -0.00642284 -0.00881566 0.0123036 0.000105047
internal_weight=19170.7 1034.79 18135.9 2009.23 16126.6 1041.47 401.903 967.768 172.05 795.718 896.473 748.013 639.563 15671.9
internal_count=108500 5402 103098 10758 92340 5140 1915 5618 1070 4548 4725 3947 3225 89177
is_linear=0
shrinkage=0.035


Tree=98
num_leaves=15
num_cat=0
split_feature=70 9 36 1 25 61 55 50 33 79 57 79 75 74
split_gain=15.1768 17.983 28.5966 21.951 31.5898 26.7995 26.4582 24.7276 24.3668 25.9563 24.2315 20.6107 23.6979 25.8093
threshold=-0.4767217538412829 6.4929494355980273 0.080100199515182297 0.55994939945161615 0.21506733599667638 0.44202116730562374 0.056681283748355356 -0.45946602277392595 -0.1278609886886545 -1.1692224408885086 0.8585255704032303 3.9165694068686498 -3.3764701121820453 -1.1269062980153477
decision_type=2 2 2 2 2 2 2 2 2 8 2 10 2 2
left_child=-1 2 3 8 5 6 -5 -7 9 -2 -6 12 13 -3
right_child=1 11 -4 4 10 7 -8 -9 -10 -11 -12 -13 -14 -15
leaf_value=0.0017894091110730868 0.0053410364989039845 0.016082374667761565 0.018804429920408001 0.010035203814824308 -0.00738184790462153 -0.0066395866259879527 0.00076653019731468344 0.0027561607955545195 -0.00015656789281078351 -0.015067874296614775 0.0091888193474692816 0.004834764570183162 -0.0023430802903252976 -0.0017378004584320031
leaf_weight=4771.2247902839372 89.278034839779139 163.23314636247233 89.099609140306711 1012.6220823042095 605.48117355629802 435.2503367960453 600.03194844722748 1373.938196092844 1016.7132893985836 296.03262795694172 112.88923834264278 573.21117496071383 7819.8291355326946 210.42604266060516
leaf_count=26072 315 1315 290 3078 1957 1559 1932 4560 3412 1044 353 3772 56687 2154
internal_value=8.28836e-05 -0.000484323 0.00105673 0.000704821 0.00198571 0.00338687 0.00663818 0.000447873 -0.00305241 -0.0103088 -0.00459947 -0.00147438 -0.00192646 0.00646851
internal_weight=19169.3 14398 5631.34 5542.24 4140.21 3421.84 1612.65 1809.19 1402.02 385.311 718.37 8766.7 8193.49 373.659
internal_count=108500 82428 18500 18210 13439 11129 5010 6119 4771 1359 2310 63928 60156 3469
is_linear=0
shrinkage=0.035


Tree=99
num_leaves=15
num_cat=0
split_feature=88 75 5 76 27 77 77 74 76 74 7 78 35 81
split_gain=14.9597 20.9908 16.1879 48.0545 18.18 19.4328 17.1955 35.7885 31.808 25.6153 43.1982 42.2701 32.5341 24.3879
threshold=12.983350000000002 1.8225803982152251 3.1780538303479462 -0.49706578583486782 0.029240816086695227 0.35408854791060712 4.0996431486929481 0.62856893378207834 -0.06854837780897273 -0.16260295073495085 1.7921979343826513 1.0000000180025095e-35 -0.028536278886508618 5.4418351978924315
decision_type=2 2 2 8 2 10 8 2 10 2 2 10 2 10
left_child=2 -2 6 -4 5 -5 -1 9 -9 10 11 13 -13 -8
right_child=1 -3 3 4 -6 -7 7 8 -10 -11 -12 12 -14 -15
leaf_value=8.6190934986319135e-05 -0.010698473089105208 0.01016048161768281 0.023939238368708468 0.01738931613335146 -0.024253933514393151 -0.015385123219841057 0.030757926781526345 0.0093187606416628051 -0.014912342846122981 0.021163127390856531 -0.012864539880846456 -0.020500219693229869 0.0079865443574354007 0.0020008273951917406
leaf_weight=17776.939323568302 289.3001865753904 56.285193646326661 24.923768181353807 23.035179258557037 106.02410010062158 25.716889496441581 112.31610777694732 90.289536556228995 153.80539167486131 151.18125511868857 108.00666493782774 50.228645656723529 143.43427944276482 53.729434413835406
leaf_count=99892 1451 252 190 249 1098 319 515 575 1143 791 703 272 765 285
internal_value=8.12398e-05 -0.0069312 0.000217231 -0.00969528 -0.0172311 0.000654415 0.000323082 0.00509038 -0.00592243 0.0094833 0.00499495 0.0107526 -0.000629157 0.022668
internal_weight=19165.2 345.585 18819.6 179.7 154.776 48.7521 18639.9 862.991 244.095 618.896 467.715 359.708 193.663 166.046
internal_count=108500 1703 106797 1856 1666 568 104941 5049 1718 3331 2540 1837 1037 800
is_linear=0
shrinkage=0.035


Tree=100
num_leaves=15
num_cat=0
split_feature=74 9 78 0 79 78 29 35 74 74 75 76 78 35
split_gain=14.9515 41.0215 21.0953 33.9323 19.1021 28.571 27.398 23.7287 27.9489 20.5028 20.4636 18.7608 18.6312 39.5125
threshold=-4.4196514336716186 22.002308309113623 -0.13669689925010695 52.792108775413134 5.6809284628524397 0.81536491499104102 0.96113955858247946 -0.035261615990733977 0.065706708981686499 -0.31766012502391322 1.0000000180025095e-35 -0.1173816275296377 4.3931234780441279 0.0015380776381173848
decision_type=2 2 10 2 10 8 2 2 2 2 2 10 10 2
left_child=1 2 -1 11 12 7 9 -6 -9 -7 -8 -4 -2 -14
right_child=4 -3 3 -5 5 6 10 8 -10 -11 -12 -13 13 -15
leaf_value=-0.016091994943695651 0.00026977673680540678 0.017589849418755407 -0.02378624235133529 0.016316485595687994 -0.0045981399859538379 0.019265172665515515 0.0038303107377836276 0.029795618474226026 0.0051118765221486555 -0.0021352725828739866 -0.021434861999338937 -0.00022149236989087452 0.0024952378719128566 -0.013388707484281991
leaf_weight=241.43682118179277 17286.406613159066 61.881097078789026 52.691475976258516 69.341370219364762 59.490723030641675 76.699153608642519 55.665354512631893 112.15777550649364 115.18911575246602 118.58988292422146 80.952053962275386 96.986310742795467 380.4019221351482 356.52707390638534
leaf_count=1499 97763 916 258 413 324 328 273 492 632 645 401 501 1972 2083
internal_value=7.91772e-05 -0.00564961 -0.00937499 -0.00124355 0.000245576 0.00619373 -0.000872598 0.0138943 0.0187138 0.00727858 -0.0119659 -0.0103429 3.4736e-05 -0.00534015
internal_weight=19164.4 522.337 460.456 219.019 18642.1 618.744 331.906 286.838 227.347 195.289 136.617 149.678 18023.3 736.929
internal_count=108500 3587 2671 1172 104913 3095 1647 1448 1124 973 674 759 101818 4055
is_linear=0
shrinkage=0.035


Tree=101
num_leaves=15
num_cat=0
split_feature=84 74 76 78 39 24 86 7 76 64 7 41 78 76
split_gain=14.8671 23.3571 23.4279 20.7493 18.2454 17.1034 22.9621 17.0125 19.2635 21.7343 15.5414 26.5048 20.3521 22.9036
threshold=0.21083470493572173 -1.4987448555654053 -0.1173816275296377 -3.3902669878620908 -0.10517994295055733 0.92336907086892317 25.115028950626343 1.9410094088325394 -0.31484115482246167 1.5484101332936004 0.88145565578149432 0.22374275118307982 1.4778082153328171 -1.8220725092015082
decision_type=2 2 10 10 2 2 2 2 10 2 2 2 10 10
left_child=5 2 4 -3 -2 10 -7 8 -5 -10 11 12 13 -1
right_child=1 3 -4 7 -6 6 -8 -9 9 -11 -12 -13 -14 -15
leaf_value=0.021903847954794799 -0.0010548965753892558 -0.015575080760784033 -0.0038435495987653953 -0.0069736944001769687 0.0215938599505715 -0.0062505735397587374 0.010814925285403924 -0.012904918476461623 0.0062394258936593382 -0.014151119003687953 0.00035887723082118981 -0.023361132770959199 -0.016518054301309235 -0.0019888935970951522
leaf_weight=39.030103854835033 65.760050905868411 188.56677335547283 185.39877747604623 373.4436896238476 99.498674923554063 113.63235447742045 370.61176061630249 166.97493725642562 422.37299141194671 55.604035377502441 16663.739295369654 68.44011941406643 72.130878258729354 278.71528307441622
leaf_count=188 316 1080 1015 1923 471 577 1848 1222 2234 309 94351 529 542 1895
internal_value=7.67959e-05 -0.00317841 0.00458782 -0.00547272 0.0134405 0.000368061 0.00672126 -0.00333821 -0.00120893 0.00339428 0.000180749 -0.00603996 -0.0020078 0.00206923
internal_weight=19163.9 1557.62 350.658 1206.96 165.259 17606.3 484.244 1018.4 851.421 477.977 17122.1 458.316 389.876 317.745
internal_count=108500 8570 1802 6768 787 99930 2425 5688 4466 2543 97505 3154 2625 2083
is_linear=0
shrinkage=0.035


Tree=102
num_leaves=15
num_cat=0
split_feature=3 75 76 24 38 24 44 32 79 78 58 0 78 24
split_gain=14.5575 19.4061 21.8569 21.3214 19.5089 19.6341 18.7692 17.8676 44.5634 33.3058 36.0536 29.1832 29.1172 28.24
threshold=4.7704350842203169 -3.9040060747723815 1.0000000180025095e-35 0.10966922084642559 0.19061116052685986 0.40422217641439079 0.461953839148803 0.020302201602942906 5.6809284628524397 0.81536491499104102 -0.093494131463448871 54.729063602059682 3.3020304688237583 0.92336907086892317
decision_type=2 2 10 2 2 2 2 2 8 8 2 2 8 2
left_child=7 2 -2 6 5 -5 -3 8 13 11 12 -10 -11 -1
right_child=1 3 -4 4 -6 -7 -8 -9 9 10 -12 -13 -14 -15
leaf_value=0.00035017660628922499 -0.0063641813623665387 0.015539694119106011 0.024453293812646246 -0.0077919488968458371 -0.014798711969423093 0.017098261459498269 -0.002232679430079302 -0.00083004642500253282 0.024615214020288413 -0.0059881733913152817 -0.0034438967364548148 -0.0027120750211466257 0.016798689848514063 0.016469200175854536
leaf_weight=8208.0528801623732 37.137256606481969 56.248416883405298 47.006394770432962 89.875158976064995 295.59286246355623 40.125709780491889 1655.5229123083991 7641.3244904000312 199.65862140059471 77.5111816637218 359.1721465010196 56.475079104304314 284.1663490626961 115.36406522989273
leaf_count=40097 481 659 597 946 2749 464 18581 38763 934 356 1731 326 1322 494
internal_value=7.25189e-05 -0.00257844 0.0122417 -0.00326996 -0.0100954 0.00114602 -0.00147596 0.00042276 0.00145165 0.00844487 0.00434616 0.0188298 0.0118573 0.000612532
internal_weight=19163.2 2221.51 84.1437 2137.37 425.594 130.001 1711.77 16941.7 9300.4 976.983 720.85 256.134 361.678 8323.42
internal_count=108500 24477 1078 23399 4159 1410 19240 84023 45260 4669 3409 1260 1678 40591
is_linear=0
shrinkage=0.035


Tree=103
num_leaves=15
num_cat=0
split_feature=76 7 76 77 88 7 77 79 41 76 76 79 77 38
split_gain=14.3884 28.3826 22.4671 40.7351 37.2736 49.7176 46.2285 102.466 40.5514 36.3127 35.1931 57.2272 43.4899 33.4348
threshold=-3.9041893477876597 1.1151384489847447 -0.1173816275296377 3.5335772088798896 -4.0089499999999996 2.0606557831480914 0.35408854791060712 0.1273486439086772 -0.14790532823562982 -0.72336605193611192 0.066247095403994719 -0.66135526552939716 -0.069767773791150553 0.51701965531590843
decision_type=10 2 10 10 2 2 10 8 2 10 10 10 10 2
left_child=1 -1 3 4 6 -6 -2 -8 -9 -10 11 12 -4 -7
right_child=2 -3 10 -5 5 13 7 8 9 -11 -12 -13 -14 -15
leaf_value=0.0098877570227618311 0.001437439749798565 -0.0062154942039457399 -0.0072137762218052633 0.013283134561341859 0.00026113866017853505 -0.022219127233454095 -0.0030269891638950888 0.0019210733620272607 0.035466996828426314 0.01180273290276068 -0.00011095281683491563 -0.013755881814228732 0.014783820423559064 -0.0018395858493073123
leaf_weight=138.71704232040793 2272.0998366819695 894.00185800285544 219.109509492293 333.88853481132537 4296.4467697399668 191.00596684217453 366.41340030636638 109.85863889940083 214.02127171168104 163.90379869332537 8991.3797423032374 590.91350149532809 185.3473705383949 192.53793840063736
leaf_count=677 12721 4725 1215 1833 22757 1595 2171 621 1060 973 52666 3387 1022 1077
internal_value=7.24502e-05 -0.00390571 0.000303147 0.00166586 0.0011363 -0.000840887 0.00408263 0.0109248 0.0211115 0.026313 -0.00080871 -0.00698535 0.0030885 -0.0125869
internal_weight=19159.6 1032.72 18126.9 8140.18 7806.29 4679.99 3126.3 854.197 487.784 377.925 9986.75 995.37 404.457 383.544
internal_count=108500 5402 103098 44808 42975 25429 17546 4825 2654 2033 58290 5624 2237 2672
is_linear=0
shrinkage=0.035


Tree=104
num_leaves=15
num_cat=0
split_feature=78 74 27 76 88 77 40 7 76 79 7 78 77 82
split_gain=14.1319 27.7058 17.462 16.0032 30.8171 40.2335 27.5484 25.6416 25.4792 46.3343 48.7897 30.5734 29.0635 33.3495
threshold=-7.8180718779674914 -0.50887386591945205 0.032502981073112051 -3.9041893477876597 1.0000000180025095e-35 0.1580809529064279 -0.086071457736104987 1.1151384489847447 -1.4968357681807996 -2.2686320864170448 1.7693923083019245 -0.20308662330379679 -2.0640263173581253 64.762666344888601
decision_type=8 2 2 10 2 10 2 2 10 8 2 10 10 8
left_child=1 2 -1 4 5 6 -2 -6 9 10 11 -5 -11 -14
right_child=3 -3 -4 8 7 -7 -8 -9 -10 12 -12 -13 13 -15
leaf_value=-0.005969041036874353 0.0073226474592007484 -0.015571620261263462 0.017853670988158019 -0.002599290238110185 0.020743609251074695 -0.021778827838833659 -0.010464421415992154 -0.00089604974187935732 -0.0001075915208740036 -0.0051403394232945685 0.038816290060246929 0.023534982955396053 0.0023431598328538224 0.017440127053607871
leaf_weight=66.330252192448825 176.00666521675885 172.74258078029379 49.736534717492759 145.63795161573216 61.09951374027878 185.6050443535205 215.84624370466918 379.57111163716763 15270.997848716179 527.54137998400256 67.342232959810644 64.780740367248654 1590.987584072398 183.51700657350011
leaf_count=379 888 1057 274 725 284 1104 1095 1983 87571 2918 420 296 8448 1058
internal_value=7.10018e-05 -0.0073559 0.00536313 0.000192347 -0.00403253 -0.00922332 -0.00250747 0.00287464 0.000437558 0.00364054 0.0166411 0.00679099 0.00194209 0.00408144
internal_weight=19157.7 288.809 116.067 18868.9 1018.13 577.458 391.853 440.671 17850.8 2579.81 277.761 210.419 2302.05 1774.5
internal_count=108500 1710 653 106790 5354 3087 1983 2267 101436 13865 1441 1021 12424 9506
is_linear=0
shrinkage=0.035


Tree=105
num_leaves=15
num_cat=0
split_feature=88 75 5 76 74 6 6 40 78 75 77 88 78 75
split_gain=14.0773 19.8217 15.0718 45.6173 17.8029 17.057 45.8113 32.3228 37.4491 28.7574 28.4408 26.3014 24.0644 23.6201
threshold=12.983350000000002 1.8225803982152251 3.1780538303479462 -0.49706578583486782 -0.31766012502391322 0.96060125309574529 1.012074701446023 0.25088236315092755 0.91439502544610052 -1.0000000180025095e-35 0.065270114164603155 -4.6794499999999992 -0.27412758834444745 -0.68661319757314776
decision_type=2 2 2 10 2 2 2 2 10 2 10 2 8 2
left_child=2 -2 5 -4 -5 7 9 8 10 -7 12 -11 -1 -9
right_child=1 -3 3 4 -6 6 -8 13 -10 11 -12 -13 -14 -15
leaf_value=0.02086976706328755 -0.010410652798131304 0.0098520072594988559 0.023278027748892476 0.0062101989390297768 -0.021584013129621223 -0.025447762050279009 0.00031294723775647553 0.015398389322347826 0.026207835564694398 -0.018299453229546167 -0.0050216747567836386 0.0058655972925378257 -0.0038180430784182247 -0.0068516683743755922
leaf_weight=133.09522149106488 288.47529698256403 56.404803169891238 25.10079007782042 25.448063419840764 128.11937281722203 113.62827083934098 17473.142198220703 51.927708238363266 119.93588348571211 71.016908469609916 182.84736470598727 123.15181173197925 62.738066181540489 301.44137406582013
leaf_count=770 1451 252 190 253 1413 665 98323 283 741 370 1009 653 322 1805
internal_value=7.07904e-05 -0.00673835 0.000202649 -0.00938706 -0.0167933 0.000304569 7.01087e-05 0.00508392 0.010659 -0.0128934 0.00466672 -0.00385625 0.0133398 -0.00293232
internal_weight=19156.5 344.88 18811.6 178.668 153.567 18632.9 17780.9 851.986 498.617 307.797 378.681 194.169 195.833 353.369
internal_count=108500 1703 106797 1856 1666 104941 100011 4930 2842 1688 2101 1023 1092 2088
is_linear=0
shrinkage=0.035


Tree=106
num_leaves=15
num_cat=0
split_feature=1 5 78 88 9 82 91 91 34 27 88 91 86 37
split_gain=14.0403 23.2958 24.5815 31.8426 28.6698 28.4347 26.2487 24.4607 27.2818 23.0784 28.4551 44.1947 41.9821 34.399
threshold=0.92764610273227055 3.1780538303479462 -1.8064019002644891 -1.4858499999999999 12.784956682310751 5.2109708920689011 0.71518101329371375 0.61779269916691149 -0.33490337868499159 -0.11389939423012198 -1.4858499999999999 0.65109870464336861 -19.304675219354301 0.81590207639234602
decision_type=2 2 8 2 2 10 2 2 2 2 2 2 2 2
left_child=9 2 3 4 5 6 -2 8 -5 -1 -11 12 -12 -14
right_child=1 -3 -4 7 -6 -7 -8 -9 -10 10 11 -13 13 -15
leaf_value=0.0056041894656558514 -0.0074190136061503612 -0.012360191612506998 0.002081226265147658 0.011546041871669971 -0.010893495084893318 0.012536454425716674 0.01149780436894372 -0.013549100488107788 -0.0070787870430153244 -0.0033105679903068612 0.0102266273142534 -0.0048703776035375779 -0.006552552640980553 0.0028332813528094232
leaf_weight=612.15114790142979 260.30986937880516 136.76657450012863 7677.6558719659224 119.28232221491635 148.7336539644748 317.73921744897962 112.48178923875093 391.4074499681592 293.68226491101086 4439.7198082417744 697.41148909425829 1285.9038537999149 601.19584638718516 2061.9857848451938
leaf_count=3771 1343 1310 43496 791 1539 1517 463 2054 1737 25320 4869 7221 3332 9737
internal_value=6.87993e-05 0.00102721 0.00124968 -0.00261292 0.00214088 0.00517596 -0.00141646 -0.00750454 -0.00141427 -0.000866053 -0.00131331 0.000601069 0.0027111 0.000681442
internal_weight=19156.4 9458.06 9321.29 1643.64 839.265 690.531 372.792 804.372 412.965 9698.37 9086.22 4646.5 3360.59 2663.18
internal_count=108500 54250 52940 9444 4862 3323 1806 4582 2528 54250 50479 25159 17938 13069
is_linear=0
shrinkage=0.035


Tree=107
num_leaves=15
num_cat=0
split_feature=74 9 78 0 76 74 76 79 7 35 76 33 84 75
split_gain=14.1073 38.5441 19.7484 31.9829 18.038 18.0043 57.7297 45.9903 41.1909 41.1094 36.9386 34.0709 27.0469 25.3628
threshold=-4.4196514336716186 22.002308309113623 -0.13669689925010695 52.792108775413134 -0.1173816275296377 -1.6489190945943475 -0.1173816275296377 3.41658891603837 2.0184424689644795 -0.043647738723247113 3.9019222006000187 -0.064111213009258081 0.21083470493572173 0.46808166628826792
decision_type=2 2 10 2 10 2 10 10 2 2 10 2 2 2
left_child=1 2 -1 4 -4 6 8 10 9 -2 -8 -9 13 -7
right_child=5 -3 3 -5 -6 12 7 11 -10 -11 -12 -13 -14 -15
leaf_value=-0.01566543899816181 -0.0035084874779198402 0.016893707641157978 -0.023360361763013197 0.015754680104393955 -0.00021448165865326472 0.0014412209862799128 -0.0060313003661950733 -0.0052593359088237198 -0.013897082925755066 0.013550539733830191 0.010827002449315878 0.028158614147138297 -0.0051427000935748562 -0.0014928077395951818
leaf_weight=240.06220884271897 204.55940431170166 62.698710676282644 52.268056813627481 69.512126395478845 96.956582965329289 8540.1362281181064 1160.078496336937 50.225912065245211 75.680549045093358 895.076920845313 165.38652538694441 82.499812371097505 1237.4371039625257 6220.3950800548191
leaf_count=1499 1067 916 258 413 501 49053 6704 279 502 4368 993 431 6930 34586
internal_value=6.59096e-05 -0.00550318 -0.00914172 -0.00126942 -0.0101244 0.000227523 0.00289765 -0.00175439 0.00860211 0.0103712 -0.00379811 0.0164799 -0.000215089 0.000204413
internal_weight=19153 521.498 458.799 218.737 149.225 18631.5 2633.51 1458.19 1175.32 1099.64 1325.47 132.726 15998 14760.5
internal_count=108500 3587 2671 1172 759 104913 14344 8407 5937 5435 7697 710 90569 83639
is_linear=0
shrinkage=0.035


Tree=108
num_leaves=15
num_cat=0
split_feature=70 75 36 79 35 79 75 78 88 79 13 47 79 75
split_gain=13.9673 17.3396 30.987 23.6712 22.1009 28.3177 17.7423 33.3402 27.2089 42.3993 40.0236 32.4694 25.9193 29.3316
threshold=-0.4767217538412829 3.2198182182808712 -0.012513522189733844 -0.1604194285411116 -0.0081228132920601031 0.1273486439086772 1.2299322226988878 -3.3902669878620908 1.0000000180025095e-35 2.4057310784277912 1.1118403863352941 0.17811655626960696 2.1894624590279608 -2.9759453610823399
decision_type=2 2 2 10 2 10 2 8 2 10 2 2 10 2
left_child=-1 6 3 -3 5 -4 12 -8 10 11 -9 -10 -2 -14
right_child=1 2 4 -5 -6 -7 7 8 9 -11 -12 -13 13 -15
leaf_value=0.0017008601383663364 -0.00087097154252408621 0.00079090404226075342 -0.018488681683237279 0.033795678263693688 0.0053024015508353443 0.0057977002776802835 -0.016059156969747336 -0.01009229331708022 0.0071089313554015847 -0.013248065004294277 0.0041631255311619922 -0.0092500023660025965 -0.013870750681300878 0.0051823285208612265
leaf_weight=4770.9827515896541 9426.8448157482781 44.222008986631408 108.94506376935169 50.820555485785007 550.20002301363274 94.531775305978954 212.6511815758422 805.13963500439422 852.6691835061647 179.60429221671075 327.87549833441153 161.18420935282484 86.952461759094149 1479.8218397328164
leaf_count=26072 54691 302 635 334 3370 535 1234 4870 4598 944 1747 870 537 7761
internal_value=6.392e-05 -0.000480735 0.00431399 0.0212462 0.00168472 -0.00769656 -0.000787364 -0.00341213 -0.0021291 0.00155211 -0.00596636 0.00437953 -0.000176043 0.00396342
internal_weight=19152.4 14381.5 848.719 95.0426 753.677 203.477 13532.7 2539.12 2326.47 1193.46 1133.02 1013.85 10993.6 1566.77
internal_count=108500 82428 5176 636 4540 1170 77252 14263 13029 6412 6617 5468 62989 8298
is_linear=0
shrinkage=0.035


Tree=109
num_leaves=15
num_cat=0
split_feature=3 87 91 6 74 75 6 41 75 78 77 74 84 77
split_gain=13.4058 19.6712 19.8594 19.3502 31.3131 29.8183 24.5435 30.4599 30.8721 27.9564 30.9918 27.2811 26.3959 34.8503
threshold=1.1747340824358135 -0.55767372545645333 0.88056527562700027 2.0462229336179125 1.3011510027621445 3.2198182182808712 1.5458578951716857 0.29501834255751341 2.8492423769571213 2.3619122559180599 -0.1244479013431652 1.103968731389261 0.19359625765574015 -3.2276858178005252
decision_type=2 2 2 2 2 2 2 2 2 10 10 2 2 8
left_child=1 -1 -3 6 5 -5 7 8 -2 10 -10 -12 13 -8
right_child=3 2 -4 4 -6 -7 12 -9 9 -11 11 -13 -14 -15
leaf_value=0.006633727535744002 -0.00087402981517609656 -0.0015793362807382519 0.0085213947322153351 -0.0066870633849969892 0.00678456554992458 0.014756448314998701 -0.0073017738855207324 -0.0063482922836800805 0.0021847200056965589 -0.012007713392572511 0.029336140380094862 0.0020923288934639561 -0.0053405746052149986 0.0032619018727052321
leaf_weight=867.56091112270951 6935.9008578429493 1366.7590954825282 267.97219986468554 1489.4347443622537 279.20845789508894 65.358030149713159 393.5829746023519 1147.1181246188935 236.67901250300929 57.672590669360943 126.22368032764643 69.773008278571069 559.51065270230174 5289.2676730283492
leaf_count=2919 42064 4971 862 8547 2055 361 2231 6697 1450 342 676 612 3250 31463
internal_value=6.09066e-05 0.00243889 0.000159401 -0.000298979 -0.00366996 -0.00560969 0.000122691 -0.00109192 -0.000265112 0.00804465 0.0111299 0.0207294 0.00178902 0.00250724
internal_weight=19152 2502.29 1634.73 16649.7 1834 1554.79 14815.7 8573.37 7426.25 490.348 432.676 195.997 6242.36 5682.85
internal_count=108500 8752 5833 99748 10963 8908 88785 51841 45144 3080 2738 1288 36944 33694
is_linear=0
shrinkage=0.035


Tree=110
num_leaves=15
num_cat=0
split_feature=88 75 3 9 41 0 7 24 76 82 3 7 79 34
split_gain=13.3651 18.5601 15.1748 14.4017 30.9737 32.0885 34.1675 25.5035 24.6028 37.6629 24.2674 23.2375 23.1459 28.7987
threshold=12.983350000000002 1.8225803982152251 1.7732398701669501 6.3380281690141818 -0.21546166971226777 16.213158265069264 1.4242565390291306 -0.12779616339572283 -3.340133831502623 -3.5507411467428081 2.2967699258290533 1.4358974358973762 0.79873672264828188 -0.64003017189144995
decision_type=2 2 2 2 2 2 2 2 10 10 2 2 8 2
left_child=3 2 -2 4 12 6 7 -6 9 -7 -9 -11 -1 -14
right_child=1 -3 -4 -5 5 8 -8 10 -10 11 -12 -13 13 -15
leaf_value=0.00032086619227582173 -0.0018646487525495596 0.0094565258331650928 -0.01769952349398439 -0.00054781340117459796 -0.0040982868335868979 -0.017894350935072332 -0.0096314605917897506 0.00069504839719769008 0.0043773533509752945 0.014672353670409944 0.02259166740629304 -0.0077944736042880819 -0.023377284556362305 -0.0039624569243069249
leaf_weight=684.12609429354779 149.18937810882926 56.581500023603439 138.5259758932516 11918.511915937321 265.42717420123518 139.83970569819212 485.52579502481967 130.67800709605217 4439.9113636165857 104.63157050311565 100.28121775388718 85.78585185110569 116.31040718778968 334.26634410209954
leaf_count=2330 566 252 885 84555 867 466 1719 293 14213 288 327 288 360 1091
internal_value=5.98993e-05 -0.00658012 -0.0101435 0.00018833 0.00146022 0.0025034 -0.00321049 0.00319977 0.00368807 -0.00529935 0.0112452 0.00477191 -0.00377968 -0.00975469
internal_weight=19149.6 344.297 287.715 18805.3 6886.78 5752.08 981.912 496.386 4770.17 330.257 230.959 190.417 1134.7 450.577
internal_count=108500 1703 1451 106797 22242 18461 3206 1487 15255 1042 620 576 3781 1451
is_linear=0
shrinkage=0.035


Tree=111
num_leaves=15
num_cat=0
split_feature=7 40 78 9 7 76 88 78 9 75 81 36 74 6
split_gain=13.2162 34.4249 30.0045 30.5601 26.358 24.7527 24.5514 35.9185 32.3972 32.0462 28.9709 25.8505 24.453 30.3002
threshold=1.9820624195624317 -0.22189542511368585 3.8107180607376345 24.367053748978254 2.5976806422836614 3.9019222006000187 -6.0485499999999988 -1.0090140823013927 6.8154158215010909 0.24993611857488016 11.777667759522716 0.037860687082371162 0.50153741173910082 1.209954496084517
decision_type=2 2 8 2 2 10 2 10 2 2 10 2 2 2
left_child=-1 5 3 6 -5 -2 12 11 10 -10 -9 -8 -3 -14
right_child=1 2 -4 4 -6 -7 7 8 9 -11 -12 -13 13 -15
leaf_value=0.000408399820692715 -0.012617872707027945 -0.0028389698862010438 -0.012438964209789105 0.0007908914256929201 0.044826564628311624 0.011806483423162645 -0.015627557336078634 0.017636476373934576 0.0059467100154203664 -0.0098303851972468097 -0.0067333284553558557 0.0064548461577939508 -0.0073275597102804542 0.018898224888492278
leaf_weight=16709.504387947549 466.05435533775017 176.83502235729247 197.30132361594588 32.249064431060106 16.126166146248579 41.046102233696729 287.8228082456626 200.74903260171413 266.86808946356177 333.4184355516918 69.729328606277704 70.285736438818276 57.852630049921572 220.25369950558525
leaf_count=91290 3921 1081 1346 564 252 368 1945 737 1917 2406 277 435 457 1504
internal_value=5.64496e-05 -0.00234081 -0.000173469 0.00134964 0.0242886 -0.0102679 0.000413244 -0.00216755 0.00170723 -0.00285081 0.0113229 -0.0111813 0.00718213 0.0133171
internal_weight=19146.1 2436.59 1929.49 1732.19 48.3752 507.1 1683.81 1228.87 870.765 600.287 270.478 358.109 454.941 278.106
internal_count=108500 17210 12921 11575 816 4289 10759 7717 5337 4323 1014 2380 3042 1961
is_linear=0
shrinkage=0.035


Tree=112
num_leaves=15
num_cat=0
split_feature=77 74 76 33 74 16 41 77 78 75 35 79 79 29
split_gain=13.1246 29.9264 28.9196 24.9761 21.995 21.0785 19.9378 19.0174 27.3148 30.8397 23.6047 31.6093 33.7792 30.6227
threshold=4.0996431486929481 0.62856893378207834 -0.1173816275296377 0.080164937101993808 -0.16260295073495085 -0.71903817618936972 0.022176380727237304 2.4315126136044056 -0.39775591630582785 -2.13380123322472 0.015942361567776803 -0.098344473428039078 0.31794172712154573 0.67956191482160422
decision_type=8 2 10 2 2 2 2 10 8 2 2 8 8 2
left_child=7 3 6 5 -5 -2 -3 -1 9 -9 11 -10 -13 -12
right_child=1 2 -4 4 -6 -7 -8 8 10 -11 13 12 -14 -15
leaf_value=0.00015001778214164698 -0.0055810324518821737 -0.0064740623340377055 -0.014396560319376535 -0.0084843920166406787 0.013413933356084186 0.015913387303177311 0.020856878622333194 0.013190335671082918 -0.016204376123072763 -0.012898761063958285 -0.01187406762957258 0.024862416566769342 -0.0032481360825390672 0.015984310916729808
leaf_weight=17083.764966785253 55.158320023678243 49.201847325079143 155.35535343876109 152.60947136860341 63.484392268816009 363.28799836616963 47.841595291160047 46.22057027881965 150.65709152970521 478.34417385666166 48.606542924419045 46.28945087082684 233.43305901670828 169.87274204893038
leaf_count=96387 291 329 1172 830 338 1971 274 325 882 2901 303 259 1304 934
internal_value=5.57789e-05 0.00416538 -0.00571797 0.00815124 -0.00145973 0.0129547 0.00826144 -0.000148206 -0.00441978 -0.0102 0.000418452 -0.0043085 0.00275232 0.00931044
internal_weight=19144.1 886.939 252.399 634.54 216.094 418.446 97.0434 18257.2 1173.42 524.565 648.859 430.38 279.723 218.479
internal_count=108500 5205 1775 3430 1168 2262 603 103295 6908 3226 3682 2445 1563 1237
is_linear=0
shrinkage=0.035


Tree=113
num_leaves=15
num_cat=0
split_feature=70 77 79 75 78 79 91 85 9 7 39 36 6 78
split_gain=13.0798 15.4998 32.8829 23.8617 30.8521 22.5558 27.2313 27.5164 24.7827 47.4959 27.6614 24.6172 31.5202 27.3458
threshold=-0.4767217538412829 -1.8523707057201082 0.72420063283549629 6.0332873572128678 0.29844515116949438 1.0402161460285693 0.25323847551542306 -0.010786690373415784 17.851320609465347 2.4468380387690223 0.30957198679076164 0.0061227052791879783 1.8065493255307763 -4.5955548660223462
decision_type=2 8 8 2 8 8 2 2 2 2 2 2 2 10
left_child=-1 2 -2 5 -5 8 -7 11 10 -10 -3 12 13 -8
right_child=1 3 -4 4 -6 6 7 -9 9 -11 -12 -13 -14 -15
leaf_value=0.001638602659929842 0.0005111605113725195 -0.0015570062843825911 -0.0081144781494906903 -0.00096360863016310141 0.02901135153136037 -0.016422251727651806 -0.00608044767922746 0.0049912378240976035 -0.014447102491630483 0.017128221999849584 0.0051982864269639823 -0.0049443063049940351 -0.0066082055276677548 0.010015825804664336
leaf_weight=4771.0169955826714 1264.636625590967 6645.2963183250977 923.82410448708106 87.158366902731359 59.127707624807954 77.330503871198744 149.36967763025314 2189.0378063404933 340.33463509545254 52.172689849277958 815.99865770153701 888.2603672852274 287.35829150024801 592.2575992399361
leaf_count=26072 7379 36171 5140 529 340 462 884 12196 5101 740 3862 4612 1595 3417
internal_value=5.46489e-05 -0.00047271 -0.00317053 1.62785e-05 0.0131842 -0.000165349 0.00190504 0.00232811 -0.00127026 -0.00962311 -0.000806297 -0.00073268 0.00292791 0.00669937
internal_weight=19143.2 14372.2 2188.46 12183.7 146.286 12037.4 4183.61 4106.28 7853.8 392.507 7461.29 1917.25 1028.99 741.627
internal_count=108500 82428 12519 69909 869 69040 23166 22704 45874 5841 40033 10508 5896 4301
is_linear=0
shrinkage=0.035


Tree=114
num_leaves=15
num_cat=0
split_feature=1 78 37 77 29 41 76 79 75 7 78 80 37 35
split_gain=13.0776 22.3799 30.4403 30.3885 43.5518 35.0528 32.0446 28.875 28.3192 28.902 28.2228 38.5417 24.6701 23.5557
threshold=0.92764610273227055 -0.20308662330379679 1.56311243926968 -2.0640263173581253 0.96113955858247946 0.038001150745133529 -0.06854837780897273 -0.95797659350189679 -3.3764701121820453 2.0960705444581236 0.22059382542617315 12.840125981119501 0.92793352199390189 -0.035261615990733977
decision_type=2 8 2 8 2 2 10 8 2 2 10 8 2 2
left_child=1 -1 3 5 6 -3 8 -4 -5 13 -8 12 -12 -10
right_child=-2 2 7 4 -6 -7 10 -9 9 -11 11 -13 -14 -15
leaf_value=0.00099319237748679155 0.00097826462817474894 -0.017415694920343606 0.019371575070633102 -0.016108303771724918 -0.0066824257209808866 -0.00028550772722166413 -0.010611096808752699 0.00096708792629288088 0.01893415223422119 -0.01503564956855458 -0.0078065181166023572 0.022953045680713012 0.0037083021674289289 0.0050865153780683004
leaf_weight=4398.067420346546 9450.9401819719933 349.59640307642985 112.28249291918473 54.815429121721536 1610.9361491728341 243.35588577389717 392.56500080041587 507.18963727913797 170.65832113707438 54.967412185389549 413.34360550530255 64.485419602831826 462.89997105945804 855.40940197696909
leaf_count=24822 54250 2025 663 367 8895 1272 2243 2753 832 547 2562 388 2468 4413
internal_value=5.2946e-05 -0.000849647 -0.00237902 -0.00334771 -0.0022436 -0.0106239 0.000682832 0.00480452 0.00495774 0.00629912 -0.00297846 0.000361217 -0.00177649 0.00770766
internal_weight=19141.5 9690.57 5292.51 4673.03 4080.08 592.952 2469.14 619.472 1135.85 1081.04 1333.29 940.729 876.244 1026.07
internal_count=108500 54250 29428 26012 22715 3297 13820 3416 6159 5792 7661 5418 5030 5245
is_linear=0
shrinkage=0.035


Tree=115
num_leaves=15
num_cat=0
split_feature=79 32 35 88 75 6 78 41 61 78 78 88 76 26
split_gain=13.07 50.8605 36.0307 40.642 54.7655 34.7975 32.1122 32.0757 27.4548 31.2467 26.4303 31.9372 28.3762 36.813
threshold=5.6809284628524397 -0.020739875916373864 -0.016857463852720078 -6.0485499999999988 -0.60615483010319215 1.209954496084517 0.81536491499104102 -0.16258535873199387 0.56848899958487931 3.3020304688237583 4.3931234780441279 7.4737 1.5197064494253201 0.049502832639783369
decision_type=8 2 2 2 2 2 8 2 2 8 8 2 10 2
left_child=10 5 -3 4 -4 -2 7 -7 9 -8 -1 12 13 -12
right_child=1 2 3 -5 -6 6 8 -9 -10 -11 11 -13 -14 -15
leaf_value=9.3692492490479452e-05 -0.0065458851545596112 -0.013425566461063246 0.012052441948455237 0.0065332529585289652 -0.026272334565065038 -0.0020720156743791076 -0.005896838604122337 0.027444875864122118 -0.0024852344095645097 0.016616874321388104 0.0013480701333129575 0.0063639925229993736 -0.02168636154234355 -0.014610774893224245
leaf_weight=16111.35156575065 160.38495772331953 274.86868689395487 57.388579907827079 472.08284752024338 104.32926439493895 54.455863676033914 86.191777560859919 184.15410506166518 263.68555276002735 316.44672207487747 419.79096390097402 205.02804334228858 145.64006731798872 282.45972121227533
leaf_count=91903 952 1526 326 2390 546 323 447 992 1454 1727 2407 939 994 1574
internal_value=5.08845e-05 0.00273313 -0.00331396 0.00134782 -0.0128424 0.00785705 0.0104961 0.0210692 0.00620621 0.0117464 -0.000260411 -0.0055795 -0.00854766 -0.00529775
internal_weight=19138.3 1973.99 908.669 633.801 161.718 1065.32 904.934 238.61 666.324 402.638 17164.3 1052.92 847.891 702.251
internal_count=108500 10683 4788 3262 872 5895 4943 1315 3628 2174 97817 5914 4975 3981
is_linear=0
shrinkage=0.035


Tree=116
num_leaves=15
num_cat=0
split_feature=74 9 9 74 76 79 7 35 76 33 84 75 77 78
split_gain=12.6885 36.5479 18.6883 17.0788 53.2663 42.9812 37.7536 37.9596 34.0532 31.6907 24.4024 23.7075 38.099 37.1641
threshold=-4.4196514336716186 22.002308309113623 8.2104114598932458 -1.6489190945943475 -0.1173816275296377 3.41658891603837 2.0184424689644795 -0.043647738723247113 3.9019222006000187 -0.064111213009258081 0.21083470493572173 0.46808166628826792 -2.0640263173581253 -0.13669689925010695
decision_type=2 2 2 2 10 10 2 2 10 2 2 2 8 10
left_child=1 2 -1 4 6 8 7 -2 -6 -7 11 12 -5 -13
right_child=3 -3 -4 10 5 9 -8 -9 -10 -11 -12 13 -14 -15
leaf_value=-0.0028865239060184393 -0.0033911920923086931 0.016479238593110436 -0.017270740275836662 -0.0050133830911997029 -0.0058077798878887988 -0.0050751936269727935 -0.013360172301277944 0.01300303994258702 0.010366960880015685 0.027158834862512804 -0.0049169753435677026 0.0010649772559151291 0.0022150335772333348 -0.0043446146486116445
leaf_weight=284.27927649673074 204.32241115067154 63.177623527124524 172.34871382405981 993.74656834779307 1156.7374204942025 50.098306735046208 74.946421386674047 897.71081638731994 165.78805719222873 82.847831804305315 1234.1603608112782 3304.2933349529048 7544.1116890451813 2909.4337916559743
leaf_count=1088 1067 916 1583 5528 6704 279 502 4368 993 431 6930 18325 43525 16261
internal_value=4.81424e-05 -0.00524191 -0.00881256 0.000201303 0.00280235 -0.00167452 0.008274 0.0099572 -0.00365593 0.0159368 -0.000229991 0.000168262 0.00136395 -0.00147375
internal_weight=19138 519.806 456.628 18618.2 2632.45 1455.47 1176.98 1102.03 1322.53 132.946 15985.7 14751.6 8537.86 6213.73
internal_count=108500 3587 2671 104913 14344 8407 5937 5435 7697 710 90569 83639 49053 34586
is_linear=0
shrinkage=0.035


Tree=117
num_leaves=15
num_cat=0
split_feature=78 74 27 76 77 88 77 35 88 74 88 76 79 7
split_gain=12.7793 25.8902 16.4611 14.9692 28.17 36.0108 36.68 32.7559 24.4224 31.9884 24.7928 23.4546 43.5553 45.5921
threshold=-7.8180718779674914 -0.50887386591945205 0.032502981073112051 -3.9041893477876597 0.1580809529064279 3.8011500000000007 1.1122639346414911 -0.040697153414280332 -9.2468499999999985 -1.6489190945943475 1.0000000180025095e-35 -1.4968357681807996 -2.2686320864170448 1.7693923083019245
decision_type=8 2 2 10 10 2 10 2 2 2 2 10 8 2
left_child=1 2 -1 4 7 -6 -7 -2 -9 -10 -11 12 13 -5
right_child=3 -3 -4 11 5 6 -8 8 9 10 -12 -13 -14 -15
leaf_value=-0.0058018306816989195 0.017039196901523248 -0.015032635213771971 0.017323240103326448 0.0065203945762305794 -0.019909318017217178 -0.016223296292830158 0.015679537002092254 0.013403248538208614 0.011659886558534701 -0.017640338317510593 -0.00042161302348525773 -0.00012460727122114225 0.0018229918437898146 0.037382099228663535
leaf_weight=66.126021223142743 100.18577675055712 171.12707156874239 49.951802932657301 210.59154510078952 216.44758192665176 57.67821648158133 82.72264152765274 74.818787131458521 84.794593678787351 216.23348869383335 182.63587718782946 15254.466941548839 2301.539082472329 68.036004581488669
leaf_count=379 492 1057 274 1021 1251 287 426 375 392 1125 1006 87571 12424 420
internal_value=4.66255e-05 -0.00703452 0.00523306 0.000161857 -0.00392953 -0.0115618 0.00218482 0.000424315 -0.00304227 -0.00601746 -0.0101527 0.000398964 0.00347157 0.0160552
internal_weight=19137.4 287.205 116.078 18850.2 1015.52 356.848 140.401 658.669 558.483 483.664 398.869 17834.6 2580.17 278.628
internal_count=108500 1710 653 106790 5354 1964 713 3390 2898 2523 2131 101436 13865 1441
is_linear=0
shrinkage=0.035


Tree=118
num_leaves=15
num_cat=0
split_feature=88 75 3 77 88 75 91 74 35 30 76 58 77 78
split_gain=12.5683 17.7286 14.3765 13.2481 32.0841 33.25 30.11 22.3026 21.2574 20.9866 21.5245 18.6153 18.2744 26.4081
threshold=12.983350000000002 1.8225803982152251 1.7732398701669501 4.0996431486929481 -1.0000000180025095e-35 1.5575743934310824 0.48552730015001727 1.3011510027621445 -0.016857463852720078 0.43575564066419292 1.386278532940366 -0.29060811259930297 2.4315126136044056 -0.39775591630582785
decision_type=2 2 2 8 2 2 2 2 2 2 10 2 10 10
left_child=3 2 -2 12 7 6 8 11 -6 10 -8 -5 -1 -14
right_child=1 -3 -4 4 5 -7 9 -9 -10 -11 -12 -13 13 -15
leaf_value=0.00025660889168516442 -0.0018520787216899041 0.0092504425608563676 -0.01730170818493651 0.011441060949792142 0.0037563682030420545 -0.0060226294768817084 0.026618922107605459 -0.02102702801190439 0.033351948967360268 -0.0034110044828915258 -0.001266124536940872 -0.0056859741079316626 -0.0092928846321671064 0.0012762875927381739
leaf_weight=16790.345127293513 149.15309749543667 56.666806424036622 137.26084154378623 101.48158340901136 46.34365077316761 115.76881567947567 64.870541729964316 53.178688515909016 104.76227665902115 132.99658773653209 53.577353418804705 196.02742523164488 590.66481408511754 542.67906559644325
leaf_count=94935 566 252 885 573 256 667 376 417 623 757 291 1145 3582 3175
internal_value=4.6543e-05 -0.00640344 -0.00990218 0.000170977 0.00434141 0.00972791 0.0143283 -0.0037152 0.0257751 0.00605697 0.0156449 0.00050881 -3.58351e-05 -0.00429768
internal_weight=19135.8 343.081 286.414 18792.7 869.007 518.319 402.55 350.688 151.106 251.444 118.448 297.509 17923.7 1133.34
internal_count=108500 1703 1451 106797 5105 2970 2303 2135 879 1424 667 1718 101692 6757
is_linear=0
shrinkage=0.035


Tree=119
num_leaves=15
num_cat=0
split_feature=1 5 78 88 76 74 4 27 88 91 86 37 25 81
split_gain=12.3161 22.0024 22.1763 42.772 35.1678 26.3834 22.4228 21.8995 25.719 41.5535 37.7409 38.7799 28.5887 27.1145
threshold=0.92764610273227055 3.1780538303479462 -3.3902669878620908 -1.0000000180025095e-35 -0.81080744194541243 -0.061524544395231716 2.5000000000000004 -0.11389939423012198 -2.7869999999999995 0.65109870464336861 -19.304675219354301 0.81590207639234602 -0.055220500090336362 -0.62827120909325618
decision_type=2 2 8 2 10 2 2 2 2 2 2 2 2 8
left_child=7 2 3 5 -5 6 -2 -1 -9 10 12 -12 -10 -11
right_child=1 -3 -4 4 -6 -7 -8 8 9 13 11 -13 -14 -15
leaf_value=0.0054683435912819371 0.022271844081407831 -0.012093727953702489 0.0016594259818687091 -0.00043707353116992045 -0.021727127706260181 -0.0064688286810954797 -2.4147544125863986e-05 -0.0032837836402364448 0.0029416548706404991 0.00069688022427678408 -0.0068741682316784273 0.0027993843859862901 0.016726473898933301 -0.0091604436293393782
leaf_weight=612.79136117233429 97.550902502611279 136.1171368341893 8586.5130199287087 166.69961790367961 203.72670619655401 154.93729755934328 104.18374293483794 4163.5092308682506 411.92308415402658 618.09292817208916 640.8972484607948 2170.676425966667 329.77095007133175 737.57671285094693
leaf_count=3771 485 1310 48644 898 1226 1052 635 23845 3002 3506 3536 10279 2163 4148
internal_value=4.55588e-05 0.000943504 0.00115955 -0.00463005 -0.0126593 0.00393827 0.0117937 -0.000830691 -0.00126725 0.000449461 0.00243767 0.000561323 0.0093489 -0.00472138
internal_weight=19135 9449.73 9313.61 727.098 370.426 356.672 201.735 9685.24 9072.45 4908.94 3553.27 2811.57 741.694 1355.67
internal_count=108500 54250 52940 4296 2124 2172 1120 54250 50479 26634 18980 13815 5165 7654
is_linear=0
shrinkage=0.035


Tree=120
num_leaves=15
num_cat=0
split_feature=78 7 75 36 79 76 84 74 84 37 76 35 75 7
split_gain=12.5082 45.3748 23.6208 27.8612 22.8446 53.2671 37.257 33.354 21.1295 20.957 20.5324 38.5744 37.0463 29.5816
threshold=2.6170579758188568 1.9410094088325394 3.7684929775447524 -0.012513522189733844 3.0243408097384097 3.3824448665438451 -0.065678230989086275 0.065706708981686499 0.12227347909459242 0.97007243345933825 -1.2278592094972145 -0.040697153414280332 1.5575743934310824 1.7693923083019245
decision_type=8 2 2 2 8 10 2 2 2 2 8 2 2 2
left_child=2 4 -1 -4 5 6 -2 8 -8 -10 11 -6 13 -12
right_child=1 -3 3 -5 10 -7 7 -9 9 -11 12 -13 -14 -15
leaf_value=0.0001593817799673921 0.0051843667308283103 -0.012724418492147456 0.022991480935521582 0.0036056051466178476 -0.012463934718156738 -0.028039711817660459 -0.0050438277226713749 -0.013882688949109052 -0.0076454388564435394 0.014585531579763703 0.0014561528562851661 0.018291113963093786 -0.012442265611582052 0.020711620681726464
leaf_weight=15110.554258641656 622.05798445712571 395.58199691725895 89.293610866181552 608.82982565788552 49.14756856393069 78.002663743216544 438.54587357258424 355.1283743144013 60.503565846942365 147.09309039451182 695.95258086989634 201.40331990132108 185.11450052633882 94.439867158886045
leaf_count=85718 3403 2753 590 3698 243 504 2187 2203 287 614 3612 1081 995 612
internal_value=4.35425e-05 -0.00190183 0.000454344 0.00665642 -0.000362937 -0.00297343 -0.00144237 -0.00558026 -0.000737335 0.00800388 0.00324908 0.0117829 0.000864567 0.00421126
internal_weight=19131.6 3322.97 15808.7 698.123 2927.39 1701.33 1623.33 1001.27 646.143 207.597 1226.06 250.551 975.507 790.392
internal_count=108500 18494 90006 4288 15741 9198 8694 5291 3088 901 6543 1324 5219 4224
is_linear=0
shrinkage=0.035


Tree=121
num_leaves=15
num_cat=0
split_feature=70 9 36 89 90 77 26 77 76 48 7 78 7 33
split_gain=12.1868 15.0276 26.3471 20.8915 21.773 24.1191 27.7772 27.2275 38.7442 19.739 19.5515 18.45 24.8287 28.8001
threshold=-0.4767217538412829 6.4929494355980273 0.080100199515182297 4.4490500000000006 0.4601267320984696 1.0111203544921117 0.14565903995126295 -0.40505029928404529 0.39731171622394751 0.6697532068090386 1.5555555555555292 -2.3666317366255454 1.4358974358973762 0.0068869327039270409
decision_type=2 2 2 2 2 10 2 10 8 2 2 10 2 2
left_child=-1 2 3 4 5 7 10 8 -2 -6 -7 -3 13 -13
right_child=1 11 -4 -5 9 6 -8 -9 -10 -11 -12 12 -14 -15
leaf_value=0.0015705549098953978 0.0040863373036830386 -0.0047188910188771683 0.017958240388927769 0.012553054029964697 0.0073414860250232347 0.015935207535107385 -0.0081074786850200784 -0.011403139635385549 -0.011850426053183873 0.00056608752380689885 -0.0034766961023260665 8.7027342771159986e-05 0.0010516613442560236 -0.0070424648030794294
leaf_weight=4770.6018794460615 548.11513586714864 1622.4017519326881 89.328365165740252 153.62531679496169 618.64226719667204 195.03902887180448 132.47919338196516 515.00054323114455 258.70921497233212 3029.7037630705163 81.398479644209146 1516.5085749386635 4340.1658671144396 1259.1120600180002
leaf_count=26072 1793 12279 290 515 2016 619 399 1759 879 9921 309 10423 32076 9150
internal_value=4.1691e-05 -0.00046769 0.000941821 0.00060339 0.000216874 -0.00299534 0.00428507 -0.00527789 -0.00118685 0.00174874 0.0103703 -0.00137463 -0.00060105 -0.00317439
internal_weight=19130.8 14360.2 5622.04 5532.71 5379.09 1730.74 408.917 1321.82 806.824 3648.35 276.438 8738.19 7115.79 2775.62
internal_count=108500 82428 18500 18210 17695 5758 1327 4431 2672 11937 928 63928 51649 19573
is_linear=0
shrinkage=0.035


Tree=122
num_leaves=15
num_cat=0
split_feature=79 32 35 35 78 41 61 7 78 88 79 41 74 75
split_gain=11.9908 47.9767 35.0024 32.7638 31.5896 44.4832 38.743 25.0035 23.9827 29.9793 26.5238 28.2079 33.121 24.165
threshold=5.6809284628524397 -0.020739875916373864 0.028494667810923493 0.044897165850247313 1.0186194466142215 -0.25747408030696878 0.56848899958487931 1.6956784765511943 4.3931234780441279 7.4737 -0.57066382484811584 0.038001150745133529 0.065706708981686499 -1.1774360007054085
decision_type=8 2 2 2 8 2 2 2 8 2 10 2 2 2
left_child=8 3 7 4 5 -2 -6 -3 -1 10 13 -12 -13 -10
right_child=1 2 -4 -5 6 -7 -8 -9 9 -11 11 12 -14 -15
leaf_value=7.9240352558377126e-05 -0.0088040259159471081 -0.0027717985317838654 0.0070572507571979443 -0.010399181260429156 0.011605603280785743 0.024615085378580964 -0.0050927782066067743 -0.01745639297588053 0.0024523280587696516 0.0062292214184336185 -0.010319725690415546 0.016445450635349159 -0.0070992745173723238 -0.022661032113701615
leaf_weight=16105.476716014789 49.099029322736897 446.26599198486656 265.87912317086011 96.042030977085233 412.71724586375058 243.4460692924913 265.55014035943896 195.29850567318499 55.352463601157069 205.03256898536347 337.52696064219344 123.60398728121072 132.30979082873091 195.3534779669717
leaf_count=91903 290 2306 1329 614 2203 1292 1496 1153 321 939 2049 600 883 1122
internal_value=4.0688e-05 0.00260951 -0.00327051 0.00757908 0.00953167 0.0188018 0.00510936 -0.00763453 -0.000257648 -0.00533381 -0.0082215 -0.00392742 0.00464037 -0.0173448
internal_weight=19129 1974.3 907.444 1066.85 970.812 292.545 678.267 641.564 17154.7 1049.18 844.147 593.441 255.914 250.706
internal_count=108500 10683 4788 5895 5281 1582 3699 3459 97817 5914 4975 3532 1483 1443
is_linear=0
shrinkage=0.035


Tree=123
num_leaves=15
num_cat=0
split_feature=74 9 78 0 76 7 74 76 79 7 35 76 33 75
split_gain=11.944 34.3575 18.169 29.7069 17.6946 16.5875 15.4607 48.0834 39.9146 35.0481 35.0094 31.7267 29.7522 22.8033
threshold=-4.4196514336716186 22.002308309113623 -0.13669689925010695 52.792108775413134 -0.1173816275296377 1.4864697477835194 -1.6489190945943475 -0.1173816275296377 3.41658891603837 2.0184424689644795 -0.043647738723247113 3.9019222006000187 -0.064111213009258081 -1.4244697368622805
decision_type=2 2 10 2 10 2 2 10 10 2 2 10 2 2
left_child=1 2 -1 4 -4 -3 7 9 11 10 13 -9 -10 -2
right_child=6 5 3 -5 -6 -7 -8 8 12 -11 -12 -13 -14 -15
leaf_value=-0.014881396037960229 0.0094863662771789044 -0.0044832953181606124 -0.022814233354382117 0.015338229084126413 0.00012588830546029142 0.026370556869115779 -0.00022348669559043576 -0.0055966284660134901 -0.00500779019003607 -0.013034894363671687 0.012383416066865736 0.010006842479552469 0.02618780003080317 -0.012249295537847574
leaf_weight=237.43657650868408 83.040320569649339 25.714360480196774 51.611080706119537 69.469238935038447 96.444855688139796 38.219367419369519 15976.558522623003 1154.0545794377103 50.050455757416785 74.516524577047676 900.5776262084255 166.09075547289103 83.247751030139625 121.17034113034606
leaf_count=1499 405 399 258 413 501 517 90569 6704 279 502 4368 993 431 662
internal_value=3.85462e-05 -0.00509836 -0.00858555 -0.00103902 -0.00963425 0.0158497 0.000187102 0.00266161 -0.00159866 0.00785132 0.00946679 -0.00351347 0.0153494 -0.00335291
internal_weight=19128.2 518.895 454.962 217.525 148.056 63.9337 18609.3 2632.75 1453.44 1179.3 1104.79 1320.15 133.298 204.211
internal_count=108500 3587 2671 1172 759 916 104913 14344 8407 5937 5435 7697 710 1067
is_linear=0
shrinkage=0.035


Tree=124
num_leaves=15
num_cat=0
split_feature=76 88 32 77 56 75 27 76 74 88 6 39 34 74
split_gain=12.0707 24.6039 31.178 25.7248 22.6909 21.3051 20.4095 18.1225 31.029 26.2439 22.1274 32.0279 27.3723 23.5058
threshold=-3.9041893477876597 6.7860500000000004 -0.52976823202506973 0.1580809529064279 1.2896092828215562 -1.9329894106539649 -0.049197975781887275 -1.8220725092015082 0.37428318900954266 3.2981000000000003 2.0462229336179125 0.011524715464984065 -0.15524843056702561 1.3011510027621445
decision_type=10 2 2 10 2 2 2 10 2 2 2 2 2 2
left_child=1 2 -1 5 -5 -4 -3 8 -2 -10 -9 -12 -13 -14
right_child=7 6 3 4 -6 -7 -8 10 9 -11 11 12 13 -15
leaf_value=0.0081257962702880621 0.0067092123394712081 -0.0066179970399810545 0.011893378784788231 -0.023615928052425395 0.0016423146247675714 -0.0070433529362815897 0.016932015699129048 0.00031851539751281179 0.0031729925579494032 -0.0097360757389258912 -0.0065215415469210315 0.019985642911566827 -0.0061922019396983118 0.011159969507793225
leaf_weight=144.16971649695188 1252.4431494543096 58.755795191973448 68.17653694562614 175.77398502186406 52.845227989368141 427.94293941743672 98.830394527874887 14287.051946130443 450.94425143313129 308.38985590729862 1332.5738996164873 83.131320336833596 260.87659705244005 125.01466216705739
leaf_count=785 6286 287 362 1006 287 2188 487 82196 2723 1749 7903 410 1185 646
internal_value=3.78841e-05 -0.00361704 -0.00593542 -0.00887567 -0.0181151 -0.00408104 0.00839498 0.000248922 0.00336364 -0.0021851 -0.000144245 -0.00377724 0.00396763 -0.000297827
internal_weight=19126.9 1026.49 868.908 724.739 228.619 496.119 157.586 18100.4 2011.78 759.334 16088.6 1801.6 469.023 385.891
internal_count=108500 5402 4628 3843 1293 2550 774 103098 10758 4472 92340 10144 2241 1831
is_linear=0
shrinkage=0.035


Tree=125
num_leaves=15
num_cat=0
split_feature=88 75 77 77 35 3 54 16 13 80 34 35 75 79
split_gain=11.8707 16.6579 13.9619 18.2387 17.5377 12.5579 20.1402 15.0872 18.7259 17.0198 16.733 30.1003 24.5733 63.6563
threshold=12.983350000000002 1.8225803982152251 -0.19166819744403804 0.7400724929678304 -0.013237102171614305 1.1379310344827622 0.68054242793476227 -1.4472821769405428 0.94421617524047663 7.7912419055437008 0.40093545735042563 -0.0048512226435118025 2.8492423769571213 -0.22581422828606132
decision_type=2 2 10 10 2 2 2 2 2 10 2 2 2 10
left_child=5 2 -2 -4 -5 6 -1 8 -7 -10 12 -12 -9 -14
right_child=1 -3 3 4 -6 7 -8 10 9 -11 11 -13 13 -15
leaf_value=0.0011275568704003072 0.0038886997739034849 0.008918577477559116 -0.024260071978259256 -0.015467593177935224 0.0070143528591480138 0.009205099323553647 0.010325092936245487 0.00028341288684818352 -0.015198030587403519 0.0051643759663927407 -0.008974917026109145 -0.00064341618940903409 -0.0044853970869986231 0.018994063432318992
leaf_weight=1635.8276054337621 63.601087449118495 56.780569886788726 88.681537108495831 62.049606248736382 70.808203438296914 52.799487506970763 336.67607778683305 12097.520512659852 216.15038880845532 53.139639967586845 616.23484531173017 3240.9131601811387 260.22653288510628 274.48545010737143
leaf_count=5654 325 252 522 320 284 337 1196 71985 1097 273 3403 19519 1640 1693
internal_value=3.71992e-05 -0.00624141 -0.00964694 -0.0135331 -0.00413554 0.000158004 0.00278532 -0.000153204 -0.00742839 -0.0111006 -2.2696e-06 -0.00201392 0.000614185 0.00781766
internal_weight=19125.9 341.921 285.14 221.539 132.858 18784 1972.5 16811.5 322.09 269.29 16489.4 3857.15 12632.2 534.712
internal_count=108500 1703 1451 1126 604 106797 6850 99947 1707 1370 98240 22922 75318 3333
is_linear=0
shrinkage=0.035


Tree=126
num_leaves=15
num_cat=0
split_feature=6 6 40 78 77 75 76 82 88 75 91 88 75 36
split_gain=11.8242 43.3725 32.8314 32.1172 29.8081 26.5516 24.9595 24.354 21.206 24.46 20.3742 18.0692 18.047 28.328
threshold=0.96060125309574529 1.012074701446023 0.25088236315092755 0.91439502544610052 0.065270114164603155 -1.0000000180025095e-35 -1.2278592094972145 5.2109708920689011 6.7860500000000004 -0.68661319757314776 0.74704536230161345 2.6164000000000001 3.7684929775447524 -0.012513522189733844
decision_type=2 2 2 10 10 2 10 10 2 2 2 2 2 2
left_child=2 5 3 4 7 -2 -7 -1 9 -4 -6 -8 -3 -14
right_child=1 12 8 -5 10 6 11 -9 -10 -11 -12 -13 13 -15
leaf_value=0.0010270200734273775 -0.024889850301162416 -0.00016535244256293922 0.012343297475837562 0.023786885734634007 -0.014082610575528676 0.013159572546967407 -0.020706062647678058 0.024604104427624326 0.012770942965396727 -0.011550309533431705 0.0074927094662906053 0.0024090608596732117 0.020994019855189328 0.002384485727449241
leaf_weight=108.8331412258558 112.78378352010623 17148.608008772178 46.913509810343385 123.4321627127938 113.04214729368687 54.104462957009673 80.625133355148137 89.507613082416356 59.101811091415584 268.99704789929092 73.420409040525556 64.0090745924972 99.011232752352953 680.79770766093861
leaf_count=605 667 96705 263 762 668 260 463 508 310 1764 382 363 670 4110
internal_value=3.56639e-05 -0.000157736 0.00394463 0.00958824 0.00408357 -0.0127019 -0.00414186 0.0129461 -0.00380208 -0.0074784 -0.00568437 -0.0114263 7.414e-05 0.0052132
internal_weight=19123.2 18239.9 883.248 508.235 384.803 311.522 198.739 198.341 375.012 315.911 186.463 144.634 17928.4 779.809
internal_count=108500 103238 5262 2925 2163 1753 1086 1113 2337 2027 1050 826 101485 4780
is_linear=0
shrinkage=0.035


Tree=127
num_leaves=15
num_cat=0
split_feature=17 47 77 88 76 78 88 35 77 79 74 79 75 39
split_gain=11.8308 16.5655 15.9952 28.278 30.4631 34.7616 29.138 21.5266 31.841 24.1807 20.6454 20.4515 25.4529 20.427
threshold=0.6143703271512041 -0.049730585217536344 4.0996431486929481 -1.0000000180025095e-35 1.5197064494253201 0.81536491499104102 9.2163000000000022 -0.087402887301549909 0.40566668624639374 0.50927153978942075 1.3011510027621445 0.25483396468440628 0.59561686780878753 -0.082885291192768176
decision_type=2 2 8 2 10 10 2 2 10 10 2 8 2 2
left_child=2 -2 7 10 5 6 13 8 9 -1 -4 -6 -13 -5
right_child=1 -3 3 4 11 -7 -8 -9 -10 -11 -12 12 -14 -15
leaf_value=0.02848217630848025 0.0017646516678958609 -0.0095221767162632434 0.0011661914043308919 0.045143433710948026 -0.01022919382639262 -0.00016835997282370509 0.00134831297148177 -0.00018400932141528076 -0.0055692996614248808 0.0015304759494327565 -0.019893253055274819 0.024249959392984851 -0.0076800204285013664 0.015019429606266848
leaf_weight=91.693661531433463 272.59228781890124 345.896212966647 287.63277574838139 62.269182159565389 108.99135836213827 105.28233687300235 54.46114107966423 17400.914138764711 96.30165858019609 67.986871806904674 50.549279506318271 46.634481840999797 42.900670417584479 88.848574804142118
leaf_count=603 1544 1844 1657 389 623 584 274 98457 667 391 397 289 282 499
internal_value=3.61229e-05 -0.00464817 0.000197539 0.0048373 0.00990085 0.0164059 0.0241563 -3.04006e-05 0.00966809 0.0184546 -0.00291666 -0.000854233 0.0103419 0.0312578
internal_weight=19123 618.489 18504.5 847.57 509.388 310.861 205.579 17656.9 255.982 159.681 338.182 198.527 89.5352 151.118
internal_count=108500 3388 105112 4994 2940 1746 1162 100118 1661 994 2054 1194 571 888
is_linear=0
shrinkage=0.035


Tree=128
num_leaves=15
num_cat=0
split_feature=3 29 37 44 1 7 6 77 78 81 7 7 9 76
split_gain=11.7777 18.8519 24.371 19.2091 18.8206 18.1315 21.2661 30.1043 20.2089 32.7038 24.3007 21.0038 20.0801 18.9052
threshold=4.7704350842203169 1.5480749412701773 0.83276560537863487 0.49690399499996168 0.95143940881652067 1.3110529453021951 1.8802544377038839 -1.2488632393779946 -0.92385050999685292 -4.6693591865665232 1.7306655704871201 1.5892592320327406 16.985359694555314 -1.4968357681807996
decision_type=2 2 2 2 2 2 2 8 8 10 2 2 2 10
left_child=-1 2 4 -3 -2 12 7 -7 11 -10 13 -9 -4 -11
right_child=1 3 5 -5 -6 6 -8 8 9 10 -12 -13 -14 -15
leaf_value=0.00035188681131812053 -0.0086185692811056192 0.012428861182330045 -0.0010038450937942902 -0.01215658302980031 0.015509735125295019 -0.0052050264201976863 -0.0075468594168628233 0.012889119697982034 -0.00020563139064441328 0.027328068267072014 0.030254631005607286 -0.008071241584539245 -0.022506441981312828 0.0025009576333650495
leaf_weight=16914.289647070691 519.08084336691536 27.729777136584744 250.57727287313901 318.51557344247703 24.64884749148041 209.22589667874854 151.28682410670444 77.698358905152418 145.91898389346898 33.33956650365144 132.38363074760855 126.24092170968652 48.26164880907163 143.52524336078204
leaf_count=84023 5882 272 2291 3362 441 2354 1701 817 1624 330 1543 1448 946 1466
internal_value=3.71605e-05 -0.00235484 -0.000916823 -0.00961641 -0.00701331 0.00166459 0.00388212 0.00599843 0.00960339 0.0135591 0.0196719 0.000352328 -0.0056704 0.00948182
internal_weight=19122.7 2208.43 1862.19 346.245 543.73 1318.46 1019.62 868.333 659.107 455.167 309.248 203.939 298.839 176.865
internal_count=108500 24477 20843 3634 6323 14520 11283 9582 7228 4963 3339 2265 3237 1796
is_linear=0
shrinkage=0.035


Tree=129
num_leaves=15
num_cat=0
split_feature=78 74 9 33 77 41 39 79 77 88 9 77 79 38
split_gain=11.5724 24.2069 16.4093 13.853 31.8934 30.5991 36.725 36.1714 31.2674 41.9938 39.9119 33.8968 31.9747 35.7129
threshold=-7.8180718779674914 -0.50887386591945205 8.0528166193490218 -0.030235233863175056 -2.8320422598442576 0.29501834255751341 0.33594476000065604 1.1277216213956829 0.30097443613441782 -1.0000000180025095e-35 6.9679229946083501 4.0996431486929481 1.8345710587298472 0.67633918963844797
decision_type=8 2 2 2 8 2 2 8 10 2 2 10 10 2
left_child=1 2 -1 4 -2 6 8 -7 12 -10 -11 -12 -6 -14
right_child=3 -3 -4 -5 5 7 -8 -9 9 10 11 -13 13 -15
leaf_value=-0.0059088348349617941 -0.0057095175287350487 -0.014507891261461054 0.01716438508603433 -0.00072254720151539067 0.0026032233242869519 -0.012268713475190077 0.013113396276969615 0.0057405068242440769 0.0035324208692528529 0.0019844468162586435 -0.011411836288542147 0.0068145623590252944 0.01480787549166418 -0.0091417803568028047
leaf_weight=65.922947648912668 732.26565685751848 169.51900134468451 50.136158854700625 10240.167692746036 3187.0911498102505 361.4893148522824 355.54790241841692 197.95304797636345 1504.2643491741765 687.46903931163251 859.32010140747298 132.09655335289426 500.54205660824664 75.517051391303539
leaf_count=254 4166 1057 399 57201 18525 2157 1907 1165 8839 2428 6464 937 2666 335
internal_value=3.69589e-05 -0.00671966 0.00511645 0.00014643 0.00118119 0.0018359 0.00244453 -0.00591814 0.00186236 -0.000689917 -0.00447014 -0.00889662 0.00401351 0.0114669
internal_weight=19119.3 285.578 116.059 18833.7 8593.56 7861.29 7301.85 559.442 6946.3 3183.15 1678.89 991.417 3763.15 576.059
internal_count=108500 1710 653 106790 49589 45423 42101 3322 40194 18668 9829 7401 21526 3001
is_linear=0
shrinkage=0.035


Tree=130
num_leaves=15
num_cat=0
split_feature=74 9 74 79 76 35 88 7 84 88 0 72 75 37
split_gain=11.56 26.1231 18.6884 39.8222 32.5707 33.5293 30.7366 22.5423 22.4957 22.8755 38.3712 25.0643 21.8176 23.0853
threshold=-3.6263743611355173 24.367053748978254 -1.6489190945943475 3.9165694068686498 -0.1173816275296377 -0.043647738723247113 -3.4897499999999995 2.0184424689644795 0.21083470493572173 -12.073599999999997 52.792108775413134 0.9351237834972187 -2.9759453610823399 0.89796702802648765
decision_type=2 2 2 10 10 2 2 2 2 2 2 2 2 2
left_child=1 -1 3 4 5 -2 -6 -7 9 10 11 -4 -8 -14
right_child=2 -3 8 -5 6 7 12 -9 -10 -11 -12 -13 13 -15
leaf_value=-0.0056278468415978502 -0.0070277245349044766 0.017227012426023713 0.0096418674400186033 0.018854779160554114 -0.0084950065697131302 0.011132454277193735 0.016768635345581165 -0.00946279688304821 -0.0047131861849241544 -7.5117476906045084e-05 0.017332101553666934 -0.012020663436973271 -0.011591463465692309 0.0038403799715715499
leaf_weight=782.0981026252266 169.28797866869718 47.017032167408615 99.307173205539584 162.4041537665762 501.1788060888648 740.85954951622989 93.542878442443907 56.17594318697229 1231.0478677107021 14283.70626629264 226.02017390355468 126.06880928622559 137.64632416795939 461.30695694964379
leaf_count=4660 916 720 652 806 2992 3566 544 377 6930 80846 1311 830 700 2650
internal_value=3.5741e-05 -0.00395657 0.000220858 0.00314033 0.00179666 0.00650814 -0.00206184 0.00948477 -0.0002072 0.000175132 0.00776109 -0.00246764 0.00270178 3.4009e-05
internal_weight=19117.7 829.115 18288.6 2322.4 2160 966.323 1193.67 797.035 15966.2 14735.1 451.396 225.376 692.496 598.953
internal_count=108500 5380 103120 12551 11745 4859 6886 3943 90569 83639 2793 1482 3894 3350
is_linear=0
shrinkage=0.035


Tree=131
num_leaves=15
num_cat=0
split_feature=76 7 78 32 88 39 77 37 9 78 76 74 88 6
split_gain=11.5367 24.2091 18.7 18.5574 19.1574 16.8759 16.6828 17.2498 17.1399 17.0749 16.3168 28.4375 24.5478 20.7784
threshold=-3.9041893477876597 1.1151384489847447 0.81536491499104102 -0.52976823202506973 6.7860500000000004 0.15137338226413943 0.1580809529064279 0.98426906823960114 9.2277977529862891 -2.158622881025889 -1.8220725092015082 0.37428318900954266 3.2981000000000003 2.0462229336179125
decision_type=10 2 8 2 2 2 10 2 2 8 10 2 2 2
left_child=1 2 -1 -3 6 -6 7 8 -5 -8 11 -2 -13 -12
right_child=10 3 -4 4 5 -7 9 -9 -10 -11 13 12 -14 -15
leaf_value=0.01904470319165406 0.0063934026541907392 0.0050904520542165857 -0.0043830515502051078 0.011015203525046011 -0.0076344871665402205 0.016291563432646948 0.00091300622786691257 -0.010673405571616779 -0.011390888559330846 -0.022604482907895258 0.00031677632997150824 0.0030533587597193668 -0.0094418504316760282 -0.0036555019452577941
leaf_weight=75.688726543448865 1254.7184401305858 148.25938880536705 63.069682569243014 102.08227337151766 53.802733825519681 53.662213657051325 45.581561154220253 271.96516191400588 44.714597502723336 165.87272473587655 14280.366433725321 451.34165310824756 307.29583101999015 1798.2549681466771
leaf_count=341 6286 778 336 432 265 275 250 1387 391 947 82196 2723 1749 10144
internal_value=3.56978e-05 -0.00354067 0.00918543 -0.00569264 -0.00793699 0.00499452 -0.0102279 -0.00571758 0.00364278 -0.0178942 0.000241943 0.00319604 -0.0021205 -0.000131478
internal_weight=19116.7 1024.7 138.758 885.941 737.681 107.465 630.216 418.762 146.797 211.454 18092 2013.36 758.637 16078.6
internal_count=108500 5402 677 4725 3947 540 3407 2210 823 1197 103098 10758 4472 92340
is_linear=0
shrinkage=0.035


Tree=132
num_leaves=15
num_cat=0
split_feature=84 57 12 79 16 54 76 70 58 3 56 41 7 9
split_gain=11.4979 27.8089 27.1573 27.3394 26.4976 21.3198 18.6694 18.5346 24.3932 18.0987 23.1096 19.861 19.5609 21.2239
threshold=-0.15185221326542611 0.66666666666666952 -0.19565217391304635 5.6809284628524397 -0.71903817618936972 -0.090349163418720138 1.1601949770195512 0.9384262405302507 0.52653202249583819 1.1379310344827622 1.1946116592122074 -0.10843672160992646 1.573235922843599 6.65699572956723
decision_type=2 2 2 8 2 2 10 2 2 2 2 2 2 2
left_child=1 2 3 6 -3 -2 -1 9 -9 10 11 -7 13 -11
right_child=5 4 -4 -5 -6 7 -8 8 -10 12 -12 -13 -14 -15
leaf_value=0.0086487818489848836 -0.0018249716822108433 -0.011902871131278735 0.00073065074567870043 0.02331468533359881 0.00027770109513572324 -0.0081824406003006885 -0.0028260212576477202 -0.0076701388459169059 0.011005182844100595 0.001817317360569897 0.013165514574941386 0.0054375212193398404 0.002722967419157929 -0.0033192741884657453
leaf_weight=702.62623475206783 6919.1089657339908 261.21762489993125 1375.1452159415931 111.29405869881157 981.48226112592965 162.53017498552799 217.80245932308026 541.77992531238124 82.979998650029302 1782.0748377325945 316.15844181925058 449.71305411681533 3054.1649711161735 2158.0428942719591
leaf_count=4120 38843 1394 8113 651 5681 615 1422 3061 562 5824 1028 1626 19486 16074
internal_value=3.40858e-05 0.0017956 0.00397972 0.00821403 -0.00243065 -0.000383351 0.00593113 0.000785168 -0.00492527 0.00124675 0.00578471 0.00167741 0.000629611 -0.000998602
internal_weight=19116.1 3649.57 2406.87 1031.72 1242.7 15466.6 920.429 8547.44 624.76 7922.68 928.402 612.243 6994.28 3940.12
internal_count=108500 21381 14306 6193 7075 87119 5542 48276 3623 44653 3269 2241 41384 21898
is_linear=0
shrinkage=0.035


Tree=133
num_leaves=15
num_cat=0
split_feature=7 40 88 6 79 78 9 75 81 34 76 7 9 77
split_gain=11.5178 32.6524 28.0356 33.3444 29.331 28.9607 32.3192 33.8066 29.4853 24.7567 22.5741 21.6999 40.6124 36.515
threshold=1.9820624195624317 -0.22189542511368585 -5.8024499999999994 1.209954496084517 -0.400542486609403 -1.0090140823013927 6.8154158215010909 -0.20513765250169563 11.777667759522716 0.40093545735042563 3.9019222006000187 1.6392167949513021 20.256320893536394 0.40566668624639374
decision_type=2 2 2 2 10 10 2 2 10 2 10 2 2 10
left_child=11 10 3 -3 -5 -4 8 -8 9 -7 -2 12 -1 -13
right_child=1 2 5 4 -6 6 7 -9 -10 -11 -12 13 -14 -15
leaf_value=-8.780474669176456e-05 -0.012221782135942647 -0.0088923429516104616 -0.01010605686632364 -0.00033168561191498122 0.017877546364798349 0.026207268692732703 0.0090762028363306508 -0.0081951288669028528 -0.0078818885993210339 0.0023905668382806465 0.011065707915597573 0.0049731936556586184 -0.013323690898366896 -0.0014708772942641246
leaf_weight=11934.705085312831 462.31903295358643 120.05709704500623 428.61627722647972 175.91123198810965 259.23508936353028 113.54458101838827 172.66325194668025 487.50836398615502 69.573292312212288 96.483901247382164 41.459185709245503 2715.758530381856 270.90989299013745 1764.5388196478598
leaf_count=60621 3921 959 2889 1249 1808 386 1364 3607 277 382 368 15810 4394 10465
internal_value=3.39704e-05 -0.00220848 -9.78966e-05 0.00640056 0.0108252 -0.00278877 0.000689589 -0.00354388 0.0102546 0.0164254 -0.00995595 0.000362443 -0.000402898 0.00243998
internal_weight=19113.3 2427.37 1923.59 555.203 435.146 1368.39 939.773 660.172 279.602 210.028 503.778 16685.9 12205.6 4480.3
internal_count=108500 17210 12921 4016 3057 8905 6016 4971 1045 768 4289 91290 65015 26275
is_linear=0
shrinkage=0.035


Tree=134
num_leaves=15
num_cat=0
split_feature=1 16 24 74 36 83 78 75 39 34 37 1 34 79
split_gain=11.4921 20.6684 29.0698 27.3101 26.7636 30.8267 27.6555 24.2783 23.7743 22.9689 22.7583 24.9905 22.0782 21.8809
threshold=0.92764610273227055 -0.50471623617118755 -0.020762874907956155 -2.4337636157681604 0.0046129913878751689 -0.55816928800889587 -0.27412758834444745 1.3275621688268704 0.024258237551699518 0.74163510884823636 0.81590207639234602 0.81823948397707025 -0.25831553552325254 2.1894624590279608
decision_type=2 2 2 2 2 8 8 2 2 2 2 2 2 8
left_child=1 9 7 12 10 -6 -7 8 13 -1 -5 -12 -4 -3
right_child=-2 2 3 4 5 6 -8 -9 -10 -11 11 -13 -14 -15
leaf_value=-0.0044456248506383267 0.00090089763804333714 -0.00036717460780647546 -0.017334752507668243 -0.0063247160613594594 0.0090226501686655816 -0.00048008547566660809 -0.010050286797472099 -0.003068595854258433 0.0084673468628333488 0.0075507437448567305 0.0069906085450181666 -0.0044563535045105407 0.0019126326004510166 0.0086339546226383932
leaf_weight=2380.4072085443913 9437.775480825454 1496.9014823510952 218.81906616128981 289.35114624444395 175.89535271981731 667.70673725940287 815.19270891137421 771.26752283610404 910.50163992773741 194.83922169817379 955.25338641437702 292.01477357186377 99.851449873298407 404.15582668501884
leaf_count=14223 54250 10534 1018 1734 809 2780 3477 4974 4412 1083 4687 1414 461 2644
internal_value=3.29708e-05 -0.000814035 0.000162902 -0.00209294 -0.00108415 -0.0041438 -0.00580484 0.0023748 0.00387915 -0.0034868 0.00222958 0.00428257 -0.011547 0.00161639
internal_weight=19109.9 9672.16 7096.91 3514.08 3195.41 1658.79 1482.9 3582.83 2811.56 2575.25 1536.62 1247.27 318.671 1901.06
internal_count=108500 54250 38944 16380 14901 7066 6257 22564 17590 15306 7835 6101 1479 13178
is_linear=0
shrinkage=0.035


Tree=135
num_leaves=15
num_cat=0
split_feature=78 7 75 35 78 79 77 82 82 76 82 88 76 79
split_gain=11.4209 41.7839 21.5104 46.4063 40.7114 34.8176 30.2045 27.6987 25.3766 26.3309 35.5269 26.5169 35.9474 32.4396
threshold=2.6170579758188568 1.9410094088325394 -0.53588323895266277 0.0046356801596117566 5.3155581534990182 -0.95797659350189679 0.7400724929678304 14.03429653700883 -59.555314733339408 -1.8220725092015082 10.371746006292428 1.0000000180025095e-35 -0.56740465712145594 1.4354458299056394
decision_type=8 2 2 2 10 8 10 10 10 8 10 2 10 10
left_child=-1 2 3 4 6 -4 -2 -6 -7 10 -10 13 -13 -11
right_child=1 -3 5 -5 7 8 -8 -9 9 11 -12 12 -14 -15
leaf_value=0.00042409675807957302 0.00034971533204602941 -0.012257598648681945 -0.013657890961414747 0.014690744784107153 -0.002307382397825138 -0.012368615216177369 -0.016828538140142908 0.028875102029249745 0.02009574045316246 -0.012510999638726034 -0.0020223415932428945 -0.0090757995899316476 0.0086585479850447376 0.0047432796723250433
leaf_weight=15792.489369809977 354.04924235307408 392.51069364137948 269.45245775673538 305.78583396179602 56.823813434690237 176.3369300859049 173.47216093959287 60.365828920155764 163.12092077056877 378.93263776879758 166.5524858571589 181.09403866436332 448.978087419644 187.52739992598072
leaf_count=90006 2047 2753 1319 1742 312 1031 1065 299 832 2046 786 940 2350 972
internal_value=3.15663e-05 -0.00182976 -0.00035543 0.00391995 -0.00147693 -0.00243482 -0.00570762 0.015623 -0.000520651 0.000990536 0.00944504 -0.00145586 0.00343897 -0.00683198
internal_weight=19107.5 3315 2922.49 950.497 644.711 1971.99 527.521 117.19 1702.54 1526.21 329.673 1196.53 630.072 566.46
internal_count=108500 18494 15741 5465 3723 10276 3112 611 8957 7926 1618 6308 3290 3018
is_linear=0
shrinkage=0.035


Tree=136
num_leaves=15
num_cat=0
split_feature=70 77 79 75 78 77 88 78 7 76 7 39 90 39
split_gain=11.3416 14.1755 31.5117 20.5127 29.3741 19.2729 44.2101 47.0566 26.5941 50.3772 26.4234 46.8803 31.6802 29.7623
threshold=-0.4767217538412829 -1.8523707057201082 0.72420063283549629 6.0332873572128678 0.29844515116949438 -0.40505029928404529 2.1372000000000004 -2.9665701015650785 1.1944975568302389 -0.06854837780897273 1.5384615384614795 -0.11634267145593107 0.3849060041145046 -0.36777269673911067
decision_type=2 8 8 2 8 10 2 8 2 10 2 2 2 2
left_child=-1 2 -2 5 -5 6 10 -8 9 -9 12 -12 -3 -14
right_child=1 3 -4 4 -6 -7 7 8 -10 -11 11 -13 13 -15
leaf_value=0.001505406191785722 0.00055983012330351224 0.0087413364083623324 -0.0078994449152297915 -0.0015075583536193571 0.02752939059622387 -0.0010515016165298489 -0.011507686633302183 0.029486096108023746 0.005656546339985055 0.00037833161482611307 -0.0089481772360752009 0.0085053346325665077 0.013106007358598262 -0.0098994655130071069
leaf_weight=4767.6764515679315 1261.0839740596712 146.08859244780615 919.49481963145081 87.433034819550812 59.891819940879941 8569.0960069426656 148.63501527812332 157.23900930210948 1191.621697563678 124.54578843526542 259.90135160787031 562.57116781244986 58.138810577336699 793.30638317810372
leaf_count=26072 7379 777 5140 529 340 49899 913 777 6439 652 1932 3066 437 4148
internal_value=3.02097e-05 -0.000461701 -0.00304661 6.13482e-06 0.0121764 -0.000163135 0.00204178 0.00620798 0.00812529 0.0174985 -0.00169837 0.00290853 -0.0054793 -0.00806386
internal_weight=19106.7 14339 2180.58 12158.5 147.325 12011.1 3442.05 1622.04 1473.41 281.785 1820.01 822.473 997.534 851.445
internal_count=108500 82428 12519 69909 869 69040 19141 8781 7868 1429 10360 4998 5362 4585
is_linear=0
shrinkage=0.035


Tree=137
num_leaves=15
num_cat=0
split_feature=6 6 40 78 78 75 76 76 88 75 88 75 78 78
split_gain=11.203 40.7054 30.4841 29.6624 28.5955 25.4112 23.6725 22.8245 19.9847 22.9183 17.601 16.8283 27.059 26.2042
threshold=0.96060125309574529 1.012074701446023 0.25088236315092755 0.91439502544610052 -0.33781808635143828 -1.0000000180025095e-35 -1.2278592094972145 0.88631003930094054 6.7860500000000004 -0.68661319757314776 -4.457749999999999 3.7684929775447524 2.3619122559180599 0.22059382542617315
decision_type=2 2 2 10 8 2 10 10 2 2 2 2 8 10
left_child=2 5 3 4 7 -2 -7 -1 9 -4 -8 -3 13 -13
right_child=1 11 8 -5 -6 6 10 -9 -10 -11 -12 12 -14 -15
leaf_value=0.017945362600262044 -0.024311991188596858 -0.00016459365082685312 0.011923135904501263 0.022846448837215465 -0.0075890352731262075 0.012830960483144183 -0.02421405219744811 -0.003910154378383923 0.012418544387759623 -0.011193201551539069 -0.00087311936651991522 0.0028839901098839694 -0.0081423536238521121 0.017750622813998852
leaf_weight=160.86698447167873 111.83094707597047 17132.134308057706 47.063310896977782 124.44706274894997 146.49262725654989 54.297169097699225 51.095465395599604 77.418862994760275 59.222871142439544 267.69049382815138 92.808322659693658 435.34215634316206 139.25065325165633 205.75724811479449
leaf_count=837 667 96705 263 762 846 260 289 480 310 1764 537 2735 872 1173
internal_value=3.10366e-05 -0.000157382 0.00383596 0.00926143 0.00395595 -0.0123375 -0.00397203 0.0110916 -0.00364676 -0.0072309 -0.0111041 6.69582e-05 0.00502762 0.00804801
internal_weight=19105.7 18222.5 883.202 509.226 384.778 310.032 198.201 238.286 373.977 314.754 143.904 17912.5 780.35 641.099
internal_count=108500 103238 5262 2925 2163 1753 1086 1317 2337 2027 826 101485 4780 3908
is_linear=0
shrinkage=0.035


Tree=138
num_leaves=15
num_cat=0
split_feature=88 75 3 26 5 76 27 77 6 6 78 75 40 7
split_gain=11.0596 15.6679 13.6531 12.7535 12.1205 42.7881 17.7554 18.4044 15.0834 37.5409 28.3104 25.2081 23.3193 26.0449
threshold=12.983350000000002 1.8225803982152251 1.7732398701669501 0.097117961888703988 3.1780538303479462 -0.49706578583486782 0.029240816086695227 0.35408854791060712 0.96060125309574529 1.012074701446023 -5.7190736881343023 -1.0000000180025095e-35 0.25088236315092755 2.0960705444581236
decision_type=2 2 2 2 2 10 2 10 2 2 10 2 2 2
left_child=4 2 3 -2 8 -6 7 -7 10 11 -1 -10 13 -12
right_child=1 -3 -4 -5 5 6 -8 -9 9 -11 12 -13 -14 -15
leaf_value=-0.013778463148824775 0.0069176935413000082 0.0086425288813614057 -0.016636550809158629 -0.011370226996043412 0.022948066831264959 0.01766735582502843 -0.022888810104434994 -0.014448088084835088 -0.023712650462018078 0.00023600613629074025 0.014658318415908197 -0.0033696426450530005 -0.00056853104734387876 -0.0084555863426496337
leaf_weight=72.884566949214786 83.012939520180225 56.914306983351707 135.07012378424406 65.909798607230186 25.149654682725668 22.874382024630904 102.93893826263957 24.762646533781663 110.68911340693012 17433.467473664874 405.81566198961809 192.72323785210028 317.28342240676284 56.110086536966264
leaf_count=485 304 252 885 262 190 249 1098 319 665 98323 2203 1023 1857 385
internal_value=3.05128e-05 -0.00603839 -0.00935559 -0.00156404 0.000147081 -0.00851747 -0.0158474 0.0016373 0.000238055 1.70829e-05 0.00473186 -0.0117985 0.00676472 0.0116163
internal_weight=19105.6 340.907 283.993 148.923 18764.7 175.726 150.576 47.637 18589 17736.9 852.094 303.412 779.209 461.926
internal_count=108500 1703 1451 566 106797 1856 1666 568 104941 100011 4930 1688 4445 2588
is_linear=0
shrinkage=0.035


Tree=139
num_leaves=15
num_cat=0
split_feature=76 7 90 79 74 7 7 79 0 38 78 74 76 79
split_gain=11.0864 22.8406 17.958 20.04 36.7604 41.0821 26.5782 28.5582 18.901 17.594 14.6461 26.5963 17.6104 42.0022
threshold=-3.9041893477876597 1.1151384489847447 0.91818031839702385 -0.95797659350189679 -1.6489190945943475 1.5126780303772489 1.6784190038457869 2.4057310784277912 40.082784398997028 0.57392230441229197 -7.8180718779674914 -0.50887386591945205 -1.4968357681807996 -2.2686320864170448
decision_type=10 2 2 8 2 2 2 10 2 2 8 2 10 8
left_child=1 9 3 4 -3 -6 7 -5 -8 -1 11 -2 13 -12
right_child=10 2 -4 6 5 -7 8 -9 -10 -11 12 -13 -14 -15
leaf_value=0.018288925087592653 0.0053171166338141663 0.021783729522710633 0.0086672617498971486 -0.020476955073982346 0.01087940298899219 -0.017433650100622172 -0.0088735733336061575 0.0022947866115354586 0.013579466183449724 -0.0044340011583931804 0.01534755898067062 -0.01579026036923593 -9.7986882541153459e-05 0.0014009320911612365
leaf_weight=77.001579405739903 108.71547324815765 55.208071459550411 80.951416145078838 298.74323216802441 88.412889086117502 134.28321185288951 80.984766526147723 80.803423028904945 64.514172563329339 62.038797665387392 279.66835720930248 162.76428162865341 15225.86021732747 2305.0603451287607
leaf_count=398 637 268 385 1559 461 808 527 368 349 279 1441 1025 87571 12424
internal_value=2.7731e-05 -0.00348119 -0.00557691 -0.00718871 0.000429871 -0.00622281 -0.011089 -0.0157568 0.00152002 0.00886752 0.000229865 -0.00755284 0.000356833 0.00301622
internal_weight=19105 1022.94 883.901 802.95 277.904 222.696 525.046 379.547 145.499 139.04 18082.1 271.48 17810.6 2584.73
internal_count=108500 5402 4725 4340 1537 1269 2803 1927 876 677 103098 1662 101436 13865
is_linear=0
shrinkage=0.035


Tree=140
num_leaves=15
num_cat=0
split_feature=84 83 79 9 32 78 85 21 78 9 0 63 25 78
split_gain=11.0536 30.9626 25.6992 27.1745 23.9071 24.1967 23.2668 22.7156 22.6462 24.9685 28.3894 36.5792 28.8621 26.4194
threshold=-0.025749291670040662 -1.3218032120436796 -2.2686320864170448 10.177748831314084 0.23954339633773261 -0.75906244024490432 0.12470518930003965 1.6612802999626111 2.6170579758188568 6.3380281690141818 23.081874081990804 0.093456631498097534 -0.16409483744586176 -1.3971743833139894
decision_type=2 10 10 2 2 8 2 2 8 2 2 2 2 10
left_child=1 6 3 4 7 -6 -1 -3 9 10 11 -2 -12 -11
right_child=8 2 -4 -5 5 -7 -8 -9 -10 13 12 -13 -14 -15
leaf_value=-0.011743298657158383 -0.0072189425264368228 0.0079416829424881815 0.00043861167934767067 -0.0024177449168411155 0.010104537382632483 -0.010804274980721887 0.0055794168472993776 0.024897365997662114 -0.0043876193341867865 -0.0057033983330053994 -0.0037251718279650561 0.0070201702310645382 0.0062587622561775559 -3.4738668881804577e-05
leaf_weight=363.02576371695613 660.87502313312143 967.60882857325487 6696.7748285077978 422.49823815980926 97.317651145160198 141.76272284798324 112.8860329319723 95.59298288449645 1725.8951016676147 1346.2981181046925 420.40596969053149 308.69217670150101 1911.2774252854288 3832.570806019241
leaf_count=1915 2094 4263 39408 4077 391 645 585 374 9436 9631 1365 921 6281 27114
internal_value=2.77666e-05 0.000928357 0.0014257 0.00520931 0.00768289 -0.00217032 -0.00757506 0.00989773 -0.000757637 -1.02681e-05 0.00236028 -0.00263522 0.00444227 -0.00152463
internal_weight=19103.5 8897.47 8421.56 1724.78 1302.28 239.08 475.912 1063.2 10206 8480.12 3301.25 969.567 2331.68 5178.87
internal_count=108500 51658 49158 9750 5673 1036 2500 4637 56842 47406 10661 3015 7646 36745
is_linear=0
shrinkage=0.035


Tree=141
num_leaves=15
num_cat=0
split_feature=1 27 88 91 86 87 37 55 81 79 78 31 31 25
split_gain=10.9594 20.7071 23.5836 37.3713 36.6902 29.6829 26.9234 27.1557 25.5154 22.9008 22.6098 29.3378 22.5577 24.6896
threshold=0.92764610273227055 -0.11389939423012198 -1.4858499999999999 0.63970909383855312 -19.304675219354301 1.0000000180025095e-35 0.94157652840409456 0.032239431092927109 9.9188790843918202 -1.0650766436665859 -2.9665701015650785 -0.1002089349980906 -0.055846906470693812 -0.055220500090336362
decision_type=2 2 2 2 2 2 2 2 10 10 10 2 2 2
left_child=1 9 -3 4 12 -6 -7 8 -8 -1 -5 -12 13 -4
right_child=-2 2 3 10 5 6 7 -9 -10 -11 11 -13 -14 -15
leaf_value=0.014388547265229635 0.0008749970372421631 -0.0030507432811603783 0.0053625892955269745 -0.014197515150239724 0.0041306786885804709 -0.0099996973667488033 0.00061036348036050121 -0.0075124689668641048 0.017863189291474044 0.00041381574988524873 -0.0063507154393672664 0.0052293972700957255 -0.0049173368992013735 0.02010368351349542
leaf_weight=201.79497887380421 9433.9621969917789 4414.6124641761853 326.74139408278279 217.13819199847057 1372.8657103047008 442.77578750904649 374.03438804903999 295.78883312339894 126.815942870453 411.20507993281353 731.54810059582815 398.33282173238695 100.01531097851694 252.33791127769655
leaf_count=1138 54250 25320 2446 1280 6740 2362 1740 1398 582 2633 4601 1745 592 1673
internal_value=2.72984e-05 -0.000800149 -0.00122561 0.000517104 0.0025249 0.00061415 -0.00328475 0.00060094 0.00549698 0.00532345 -0.00435401 -0.00224827 0.00964715 0.0122428
internal_weight=19100 9666.01 9053.01 4638.39 3291.38 2612.28 1239.41 796.639 500.85 613 1347.02 1129.88 679.095 579.079
internal_count=108500 54250 50479 25159 17533 12822 6082 3720 2322 3771 7626 6346 4711 4119
is_linear=0
shrinkage=0.035


Tree=142
num_leaves=15
num_cat=0
split_feature=79 32 35 88 75 6 78 41 61 78 78 26 76 75
split_gain=10.9695 44.4548 32.3514 37.3027 50.9626 31.7915 27.3513 28.4648 23.7673 26.5191 21.9449 28.3499 34.1124 25.607
threshold=5.6809284628524397 -0.020739875916373864 -0.016857463852720078 -6.0485499999999988 -0.60615483010319215 1.209954496084517 0.81536491499104102 -0.16258535873199387 0.49999999999993211 3.3020304688237583 4.3931234780441279 0.049502832639783369 3.3824448665438451 -0.77207415917037359
decision_type=8 2 2 2 2 2 8 2 2 8 8 2 10 2
left_child=10 5 -3 4 -4 -2 7 -7 9 -8 -1 12 13 -12
right_child=1 2 3 -5 -6 6 8 -9 -10 -11 11 -13 -14 -15
leaf_value=6.3451101319574529e-05 -0.0065126978533916399 -0.012808649863681142 0.011516301885108731 0.0061890297917049555 -0.025512302314664274 -0.0022514585212954868 -0.0056389763915376525 0.02545242947938138 -0.0015384368233822487 0.016098995273771573 0.013971209855450797 -0.012167897514749658 -0.024373294840723127 -0.0021088229354342672
leaf_weight=16079.655504103939 159.85328070539981 272.76286703720689 57.583269778639078 471.89276405563578 102.88313195714727 54.343001230503432 77.104455197229981 186.05425721418578 297.66063384432346 292.37544721923769 143.83790953899734 402.41861075442284 46.031419514212757 452.37599981424864
leaf_count=91903 952 1526 326 2390 546 323 397 992 1661 1570 831 2241 342 2500
internal_value=2.70161e-05 0.00248501 -0.00318565 0.00123058 -0.0124209 0.00726375 0.00977843 0.0194979 0.00581054 0.011506 -0.000258683 -0.00512508 -0.00047799 0.00209806
internal_weight=19096.8 1972.51 905.122 632.359 160.466 1067.39 907.538 240.397 667.141 369.48 17124.3 1044.66 642.245 596.214
internal_count=108500 10683 4788 3262 872 5895 4943 1315 3628 1967 97817 5914 3673 3331
is_linear=0
shrinkage=0.035


Tree=143
num_leaves=15
num_cat=0
split_feature=77 74 76 33 74 16 41 82 35 77 77 27 75 84
split_gain=10.8918 26.6214 25.5651 22.4136 21.2725 18.9665 18.8526 17.5733 16.9334 30.4446 19.8831 19.1854 16.6742 15.4606
threshold=4.0996431486929481 0.62856893378207834 -0.1173816275296377 0.080164937101993808 -0.16260295073495085 -0.71903817618936972 0.022176380727237304 5.2109708920689011 -0.087402887301549909 0.35408854791060712 -0.25841082394619097 -0.056643436898180403 1.5575743934310824 -0.072307218729788694
decision_type=8 2 10 2 2 2 2 10 2 10 10 2 2 2
left_child=8 3 6 5 7 -2 -3 -5 9 10 -1 -11 -7 -10
right_child=1 2 -4 4 -6 12 -8 -9 13 11 -12 -13 -14 -15
leaf_value=0.0062542949671976706 -0.0055117810456447452 -0.0066815736328345449 -0.013800531504493389 0.0030764839276593791 0.013038548311569281 0.018099396022852276 0.019815042954587352 -0.018745845001192512 0.0011067527001262277 -0.014306842119627334 0.031837568858366021 0.011633360945571028 -0.0011647779049350239 -0.0010465647284469701
leaf_weight=104.21498914947733 54.946414143778384 49.16282813064754 153.61099943425506 77.714062777347863 63.492501590168104 301.10869298805483 47.980236846022308 74.088381789624691 6253.5502290810255 74.535293477121741 51.871492366306484 37.180379951023497 63.618717608973384 11689.28146940819
leaf_count=677 291 329 1172 428 338 1619 274 402 36487 510 293 250 352 65078
internal_value=2.52342e-05 0.00377141 -0.00558074 0.00752228 -0.00159174 0.0120575 0.00755414 -0.00851647 -0.000160908 0.00826189 0.0174067 -0.00521807 0.0148533 -0.00029568
internal_weight=19096.4 885.723 250.754 634.969 215.295 419.674 97.1431 151.802 18210.6 267.802 156.086 111.716 364.727 17942.8
internal_count=108500 5205 1775 3430 1168 2262 603 830 103295 1730 970 760 1971 101565
is_linear=0
shrinkage=0.035


Tree=144
num_leaves=15
num_cat=0
split_feature=17 47 16 77 88 91 76 78 41 0 35 77 79 61
split_gain=10.666 15.1731 15.2524 14.6151 26.3653 27.8409 23.5762 26.9422 21.6345 19.7926 19.6242 27.6746 22.6264 19.1728
threshold=0.6143703271512041 -0.049730585217536344 -0.36787695911663582 4.0996431486929481 -1.0000000180025095e-35 0.46918559337903037 1.386278532940366 0.81536491499104102 -0.12058668327155674 45.909274580193035 -0.087402887301549909 0.40566668624639374 0.50927153978942075 0.17874544504982362
decision_type=2 2 2 8 2 2 10 8 2 2 2 10 10 2
left_child=3 -2 -3 10 13 8 7 9 -6 -7 11 12 -1 -5
right_child=1 2 -4 4 5 6 -8 -9 -10 -11 -12 -13 -14 -15
leaf_value=0.026959187503541013 0.0017082504566222334 -0.016647118422382572 -0.0020574249037255267 0.010640953443458438 0.0011229631300386778 0.029235015810259252 -0.0071513457228749742 -0.005907117220707977 0.027175697791384169 0.0013250074055558307 -0.00018595251179951284 -0.0051022742985335819 0.0010875446819919358 -0.0074199382439828019
leaf_weight=92.785312561318278 272.21260960772634 153.24155811825767 191.15361354500055 77.894371951930225 56.292516884626821 71.26734521985054 141.75234687654302 68.115601374767721 122.12507028225809 50.237164240330458 17375.870941026544 95.514643543283455 68.19101199042052 259.26314469450153
leaf_count=603 1544 843 1001 451 328 411 781 389 744 287 98457 667 391 1603
internal_value=2.58786e-05 -0.00442852 -0.00910661 0.000179138 0.00461574 0.00949816 0.00308508 0.0106896 0.0198975 0.0195136 -3.89569e-05 0.00921233 0.0173311 -0.00288507
internal_weight=19095.9 616.608 344.395 18479.3 846.948 509.79 331.372 189.62 178.418 121.505 17632.4 256.491 160.976 337.158
internal_count=108500 3388 1844 105112 4994 2940 1868 1087 1072 698 100118 1661 994 2054
is_linear=0
shrinkage=0.035


Tree=145
num_leaves=15
num_cat=0
split_feature=88 6 38 37 33 77 5 41 79 39 77 88 9 77
split_gain=10.5154 15.4119 19.8181 14.4369 11.5401 30.9599 25.155 24.4243 31.4017 31.039 25.7723 36.4999 41.4304 36.8567
threshold=12.983350000000002 1.5458578951716857 0.4533010159206799 0.91281902024046702 -0.030235233863175056 -2.8320422598442576 3.1780538303479462 0.29501834255751341 1.1277216213956829 0.33594476000065604 0.30097443613441782 -1.0000000180025095e-35 6.9679229946083501 4.0996431486929481
decision_type=2 2 2 2 2 8 2 2 8 2 10 2 2 10
left_child=4 3 -3 -2 5 -1 -6 9 -9 10 -7 -12 -13 -14
right_child=1 2 -4 -5 6 7 -8 8 -10 -11 11 12 13 -15
leaf_value=-0.0057010339058096325 -0.023844039722499145 -0.010136899584951233 0.011869199885452798 -0.0037959667829414864 -0.00044163100614054586 0.0036891961759114027 -0.014909784482855412 -0.0112090102208449 0.0056564789035383322 0.012127597486708131 0.0032488690281418276 0.0025058916285759427 -0.011478205200719247 0.0077224327768534457
leaf_weight=732.04573546804022 61.769759653136134 73.4942532684654 88.702422423288226 115.79072782211006 10072.169831389736 3765.8587411915942 129.42981336079538 356.25828341534361 195.6977911144495 352.49559180176584 1536.3490931296255 655.27698807045817 831.54435777757317 128.68752705049701
leaf_count=4176 310 467 362 564 55897 21567 1359 2169 1142 1893 9044 2313 6324 913
internal_value=2.6905e-05 -0.0059004 0.00187967 -0.0124781 0.000140447 0.00108721 -0.000654005 0.00173542 -0.0052406 0.00227796 0.00174255 -0.000591901 -0.00423954 -0.00879993
internal_weight=19095.6 339.757 162.197 177.56 18755.8 8554.21 10201.6 7822.17 551.956 7270.21 6917.72 3151.86 1615.51 960.232
internal_count=108500 1703 829 874 106797 49541 57256 45365 3311 42054 40161 18594 9550 7237
is_linear=0
shrinkage=0.035


Tree=146
num_leaves=15
num_cat=0
split_feature=74 9 74 79 35 76 88 0 9 40 69 9 77 76
split_gain=10.5069 25.104 17.3342 37.0734 29.9586 35.3378 36.8553 33.7433 22.162 21.7932 21.259 21.0746 20.7092 20.231
threshold=-3.6263743611355173 24.367053748978254 -1.6489190945943475 3.9165694068686498 -0.040697153414280332 -0.1173816275296377 -5.335049999999999 41.485109936909417 5.4711136534703835 0.15496380557971937 0.32735551914072741 10.611599077455166 1.0111203544921117 -3.9041893477876597
decision_type=2 2 2 10 2 10 2 2 2 2 2 2 10 10
left_child=1 -1 3 4 11 10 8 9 -7 -8 -6 12 -2 -4
right_child=2 -3 13 -5 5 6 7 -9 -10 -11 -12 -13 -14 -15
leaf_value=-0.0054351295929575549 -0.014144781098334102 0.016922515983392079 -0.005429605708225726 0.018155657625075122 0.0014402582007871391 0.0049659078537959067 -0.0085175369537656767 0.012605332344793201 -0.015709098354693557 0.0099973924592265534 0.013507851716677757 0.0074150736138132844 0.0045792158968712875 8.5772863524513591e-05
leaf_weight=779.59949794132262 280.06746255932376 47.307880007661879 841.12512127292575 162.83847748860717 282.29947588639334 75.145535364747047 250.37365827290341 281.57076710648835 223.05759158870205 90.588360940106213 493.85612532054074 96.767477181740105 84.589671742171049 15104.691070414825
leaf_count=4660 1287 720 4519 806 1321 222 1452 1608 1638 498 2521 823 375 86050
internal_value=2.45675e-05 -0.00378661 0.000201044 0.00301337 0.00171473 0.00386444 -0.000788377 0.00405283 -0.0105145 -0.00331703 0.00926513 -0.00602298 -0.00978911 -0.000211595
internal_weight=19093.9 826.907 18267 2321.15 2158.32 1696.89 920.736 622.533 298.203 340.962 776.156 461.425 364.657 15945.8
internal_count=108500 5380 103120 12551 11745 9260 5418 3558 1860 1950 3842 2485 1662 90569
is_linear=0
shrinkage=0.035


Tree=147
num_leaves=15
num_cat=0
split_feature=36 79 77 35 76 88 75 74 78 77 35 76 40 77
split_gain=10.4625 34.5285 40.2532 39.2357 35.08 28.6386 27.3896 31.6687 41.42 42.3654 25.9636 26.2535 25.9375 27.696
threshold=0.0093112571324209976 -2.8172217849896066 -3.2276858178005252 0.032491266556202249 -0.49706578583486782 -7.9827499999999985 -0.77207415917037359 1.4068364810254494 -0.59989841937596311 1.9473728387162845 0.0015380776381173848 -1.0032657052993703 0.71063890858061496 0.46125938145577394
decision_type=2 8 8 2 10 2 2 2 8 10 2 10 2 10
left_child=-1 3 5 -2 -5 -3 -4 12 9 10 -9 -12 -8 -14
right_child=1 2 6 4 -6 -7 7 8 -10 -11 11 -13 13 -15
leaf_value=0.00068949240992237577 -0.013439528590119104 0.012003984383186537 0.0072185181686166477 0.017801326001637079 -0.0080338565645779545 -0.012991635259600757 -0.0034347726289052339 -0.0016547048486743499 -0.00019456671679937194 -0.012546429843858556 0.00088525777742779789 0.021506242980396148 0.009224309193953702 -0.0055088061798045911
leaf_weight=11512.343317869039 499.42988813540433 48.591457270085812 650.79668166697957 97.538072974886745 124.39206317719072 412.67954670963809 3140.9234314216883 104.5248017879203 1326.4850366042228 69.797963368939236 96.863170394673944 356.34934603283182 427.70792769407853 223.79398408625275
leaf_count=67457 2658 331 3369 457 815 2263 15619 593 8068 566 564 2198 2291 1251
internal_value=2.50918e-05 -0.000983162 -0.000206922 -0.00815877 0.00385363 -0.00996911 0.000525853 -0.000254513 0.00334477 0.0106012 0.013832 0.0173227 -0.00211683 0.00415007
internal_weight=19092.2 7579.87 6858.51 721.36 221.93 461.271 6397.24 5746.45 1954.02 627.535 557.737 453.213 3792.43 651.502
internal_count=108500 41043 37113 3930 1272 2594 34519 31150 11989 3921 3355 2762 19161 3542
is_linear=0
shrinkage=0.035


Tree=148
num_leaves=15
num_cat=0
split_feature=70 52 27 77 50 65 3 77 57 32 34 52 88 76
split_gain=10.3674 13.9065 19.6104 24.0705 19.8964 26.6973 22.0649 20.8306 18.1679 21.1012 25.6572 16.4279 15.6715 30.7142
threshold=-0.4767217538412829 0.81256989868829765 0.089343515369411583 -1.6871844890391927 0.086535147356574138 0.91666666666663421 3.9790400831435773 2.167861061239718 0.61552128687204954 0.19449867040534369 0.68969215427641684 0.54760848428560027 -12.073599999999997 0.18696704401981037
decision_type=2 2 2 8 2 2 2 10 2 2 2 2 2 10
left_child=-1 2 4 -4 8 6 7 -6 -2 10 -10 -5 13 -3
right_child=1 12 3 11 5 -7 -8 -9 9 -11 -12 -13 -14 -15
leaf_value=0.0014348701966405079 0.0009555681447335091 0.01341087542991987 -0.0082501448888661639 -0.0026000913753422379 0.0082565615707215941 -0.010785386436782372 -0.0041684405359929547 -0.00516680114738688 -0.0038336083274883737 -0.012381846523342047 0.017448076327358092 0.015560442430303273 -0.0014300306628796237 -0.010105771844066283
leaf_weight=4767.0665443248508 1403.6004961992148 206.84864010987803 74.824925759807229 70.232406304217875 1105.9129513837397 131.24920810386539 269.98931229533628 148.27670316584408 637.10864269570448 314.71824913978344 57.732188840862364 277.46713636163622 9547.108396080861 80.231884205248207
leaf_count=26072 8663 1243 467 417 5069 792 2626 676 3728 1685 320 1668 54520 554
internal_value=2.45076e-05 -0.000446168 0.00116413 0.00816178 0.000401051 0.00333445 0.00467427 0.00661339 -0.00162213 -0.00515488 -0.00162668 0.0119503 -0.00118244 0.00660842
internal_weight=19092.4 14325.3 4491.11 422.524 4068.59 1655.43 1524.18 1254.19 2413.16 1009.56 694.841 347.7 9834.19 287.081
internal_count=108500 82428 26111 2552 23559 9163 8371 5745 14396 5733 4048 2085 56317 1797
is_linear=0
shrinkage=0.035


Tree=149
num_leaves=15
num_cat=0
split_feature=7 41 35 79 76 74 7 77 77 6 37 33 88 74
split_gain=10.3441 26.7862 22.7164 22.5654 23.9726 21.564 18.349 25.8549 31.702 27.6317 32.8223 25.382 23.209 24.0574
threshold=0.88145565578149432 0.22374275118307982 -0.06572007780961435 1.322056903774159 0.52901766968064079 -0.44226643100801516 1.0486107060480263 -3.2276858178005252 -0.83810573093620755 1.2857142857143129 1.1146852390044864 0.044625998230263371 -1.4858499999999999 -1.0000000180025095e-35
decision_type=2 2 2 8 10 2 2 10 10 2 2 2 2 2
left_child=1 2 -1 4 -4 -6 7 -2 12 10 -10 -11 -9 -14
right_child=6 -3 3 -5 5 -7 -8 8 9 11 -12 -13 13 -15
leaf_value=-0.018505186916761205 0.022614265591609096 -0.021221422022966119 0.0039047356571692881 0.017234634607773233 0.0033386288916876167 -0.028609317400139885 -0.00010444544584173269 -0.017936930694722054 -0.020322428309230003 0.015892782530539301 0.0097963151203309014 0.00029961600160770827 0.012767362978367553 -0.012418172489096737
leaf_weight=56.121696695452556 70.512070124968886 78.90752412303118 225.72814500285313 75.520009976811707 36.880899410694838 44.627460822928697 17562.010634536709 110.36332008708268 72.431242858525366 341.40010030381382 68.102339642588049 199.11047380231321 87.109079921618104 62.414443282410502
leaf_count=491 321 593 1415 444 261 304 99686 578 408 1820 365 1098 368 348
internal_value=2.35103e-05 -0.00476192 -0.00100666 0.00235058 -0.00213772 -0.0163439 0.000161896 0.00469882 0.00291353 0.0068383 -0.00632484 0.0103643 -0.00712522 0.00202959
internal_weight=19091.2 517.786 438.878 382.757 307.237 81.5084 18573.5 1011.44 940.931 681.044 140.534 540.511 259.887 149.524
internal_count=108500 3508 2915 2424 1980 565 104992 5306 4985 3691 773 2918 1294 716
is_linear=0
shrinkage=0.035


Tree=150
num_leaves=15
num_cat=0
split_feature=1 31 4 78 82 39 40 7 33 79 88 54 9 86
split_gain=10.2582 20.0993 27.0471 32.2218 27.9864 27.303 24.6048 35.1745 24.4729 23.8976 23.4342 21.7714 20.6173 23.3665
threshold=0.92764610273227055 -0.48839100331983837 2.8333333333333335 -2.158622881025889 -7.2270822329745235 0.5070788775608619 -0.29273348109694669 1.7921979343826513 0.080164937101993808 3.0243408097384097 -4.6794499999999992 -0.035042366368395111 18.901130498515368 31.64813606929329
decision_type=2 2 2 8 10 2 2 2 2 8 2 2 2 2
left_child=-1 -2 4 6 8 9 -4 -8 11 12 -9 -3 13 -6
right_child=1 2 3 -5 5 -7 7 10 -10 -11 -12 -13 -14 -15
leaf_value=-0.00077952878674934507 0.0070586589293259979 -0.0040312861506802957 0.002786020009442692 -0.0003510643639261846 0.00092306409009611419 -0.0090041621845160374 -0.018404348607478718 0.020072067124749432 -0.0058681157550240122 0.012728053111869007 -0.0084578818617797331 0.005473219123348326 0.018847414664795184 0.0097849977606195779
leaf_weight=9659.1520056456866 576.85792705789208 443.11306366231292 153.37354306690395 3568.3629745668732 1573.9985655285418 153.69568238779902 334.53261139988899 40.735861305147409 740.396605795715 435.65078463405371 65.953341046348214 801.63097502291203 86.891509866341949 456.32554765790701
leaf_count=54250 2722 2343 974 21892 8142 952 2081 274 4301 2186 427 4597 1143 2216
internal_value=2.13814e-05 0.000841536 0.000421512 -0.00162793 0.00223918 0.0045414 -0.00903002 -0.0130801 -0.000913687 0.00542056 0.0038844 0.00207949 0.00381189 0.00299085
internal_weight=19090.7 9431.52 8854.66 4162.96 4691.7 2706.56 594.595 441.222 1985.14 2552.87 106.689 1244.74 2117.22 2030.32
internal_count=108500 54250 51528 25648 25880 14639 3756 2782 11241 13687 701 6940 11501 10358
is_linear=0
shrinkage=0.035


Tree=151
num_leaves=15
num_cat=0
split_feature=7 40 88 78 9 88 9 7 77 3 78 7 79 76
split_gain=10.2721 30.5699 26.4841 36.1053 40.8201 36.6432 27.6599 30.8959 26.4453 24.2884 28.3815 24.2761 23.8366 21.3018
threshold=1.9820624195624317 -0.22189542511368585 1.3888000000000003 -1.0090140823013927 6.8154158215010909 7.8556000000000017 18.901130498515368 2.3481039040253733 3.1055581300035753 3.9790400831435773 -0.13669689925010695 2.5976806422836614 2.0006796336056309 3.9019222006000187
decision_type=2 2 2 10 2 2 2 2 10 2 8 2 10 10
left_child=-1 13 6 5 -5 -4 8 -8 9 10 -3 12 -12 -2
right_child=1 2 3 4 -6 -7 7 -9 -10 -11 11 -13 -14 -15
leaf_value=0.00033173408214125368 -0.011842959318498504 0.012461449041107854 -0.021381510884639181 0.013472759818865468 -0.0058146368364831455 0.0074263075782872671 -0.0057084735661045152 0.033112424925442752 -0.018384640517593833 -0.0083174037641487036 -0.0017978139913474472 -0.015107411092014687 0.018957525108907091 0.010753384858811528
leaf_weight=16669.409039337159 458.88172726659104 377.20334055647254 205.80673302686773 177.84688743483275 399.36576339229941 59.933165622875094 30.24592916527763 53.833887888933532 54.748283190652728 163.85681217350066 234.02456025965512 87.98114413395524 73.780070807784796 41.625527181662619
leaf_count=91290 3921 1964 1529 661 3089 318 430 809 349 1671 1174 536 391 368
internal_value=2.16907e-05 -0.00209991 -5.84301e-05 -0.00464382 0.00038024 -0.0148194 0.00355409 0.020734 0.00171623 0.00325063 0.00585073 -0.000745976 0.00403029 -0.00962272
internal_weight=19088.5 2419.13 1918.63 842.953 577.213 265.74 1075.67 84.0798 991.594 936.846 772.989 395.786 307.805 500.507
internal_count=108500 17210 12921 5597 3750 1847 7324 1239 6085 5736 4065 2101 1565 4289
is_linear=0
shrinkage=0.035


Tree=152
num_leaves=15
num_cat=0
split_feature=84 57 12 79 16 54 40 37 77 70 58 66 68 49
split_gain=10.3156 25.6278 25.5987 24.823 24.6897 19.4017 17.9713 20.7348 17.6278 18.796 29.9608 17.5878 17.4856 17.1261
threshold=-0.15185221326542611 0.66666666666666952 -0.19565217391304635 5.6809284628524397 -0.31837010806833682 -0.090349163418720138 0.46948257804178389 1.1146852390044864 3.5335772088798896 0.80767672765879828 -0.065907575905838497 0.4986266562293909 1.4679212953463028 0.99999999999994504
decision_type=2 2 2 8 2 2 2 2 8 2 2 2 2 2
left_child=1 2 3 12 11 -2 7 -6 9 13 -11 -3 -1 -7
right_child=5 4 -4 -5 6 8 -8 -9 -10 10 -12 -13 -14 -15
leaf_value=0.0033666104694576753 -0.0017518253018675215 -0.010674744436733103 0.00062903960730935696 0.022225450250494206 0.010588159744497521 0.0011774915803641143 -0.0095592790346618849 -0.0024522442223094995 0.0070148247786626389 -0.010254989569301449 0.0031227926011277085 0.0043950450929917785 0.015914209331536498 -0.0096773314145313406
leaf_weight=770.74857575644273 6903.8851172127761 448.81586879305542 1374.6593986148946 112.23592138395179 304.90498085279251 7067.3563148706453 114.45069710444659 264.9988827817142 495.53168708411977 466.39069982955698 341.72589097265154 107.02522409590892 150.27061390085146 162.78789475373924
leaf_count=4636 38843 2512 8113 651 1797 39652 632 1498 2979 2561 2156 636 906 928
internal_value=2.10908e-05 0.00168969 0.00378439 0.00789065 -0.00237281 -0.000374895 0.00206715 0.00464696 0.000740541 0.000337302 -0.00465917 -0.00772124 0.00570856 0.000907072
internal_weight=19085.8 3648.11 2407.91 1033.26 1240.2 15437.7 684.355 569.904 8533.79 8038.26 808.117 555.841 921.019 7230.14
internal_count=108500 21381 14306 6193 7075 87119 3927 3295 48276 45297 4717 3148 5542 40580
is_linear=0
shrinkage=0.035


Tree=153
num_leaves=15
num_cat=0
split_feature=32 79 35 24 21 78 41 61 78 7 29 35 75 7
split_gain=10.0749 34.064 31.5178 27.0833 25.9386 25.3114 31.2947 26.8808 24.849 32.1409 25.8986 33.8405 30.1145 23.4209
threshold=0.020302201602942906 5.6809284628524397 0.044897165850247313 0.92336907086892317 3.9137620687957568 0.81536491499104102 -0.14790532823562982 0.56848899958487931 4.3931234780441279 2.4468380387690223 1.2020733406092816 0.020961922494799792 -0.60615483010319215 1.9820624195624317
decision_type=2 8 2 2 2 8 2 2 8 2 2 2 2 2
left_child=1 3 5 4 13 6 -3 -7 9 -2 11 -10 -12 -1
right_child=8 2 -4 -5 -6 7 -8 -9 10 -11 12 -13 -14 -15
leaf_value=0.0006740837889823582 -0.00072008659372757718 -0.0022207101012944011 -0.010467209314187913 0.015511660477060296 -0.015502234595049571 0.0099143446019998981 0.0236965420787076 -0.0032732645052166551 -0.0075397667196336286 0.010283911167695883 0.0065024342302235014 0.0090119204381614842 -0.021627059240906684 -0.0047270152735549653
leaf_weight=8359.9162697186548 7025.4124445286288 72.74572311877273 105.44118397310376 116.73435475304723 113.38939928077161 460.50286728702486 199.7698381242808 299.46992515027523 479.79973918851465 320.89820055151358 49.938218286260962 197.99815581180155 189.0554576497525 1094.2822787582409
leaf_count=46425 38891 435 664 514 581 2426 1060 1658 2841 2393 253 1026 957 8376
internal_value=2.11369e-05 0.000723249 0.00639673 4.47924e-05 -0.000175883 0.00828511 0.0170993 0.00476704 -0.000897951 -0.000212799 -0.00626636 -0.00258498 -0.0157011 4.02711e-05
internal_weight=19085.4 10822.3 1137.93 9684.32 9567.59 1032.49 272.516 759.973 8263.1 7346.31 916.792 677.798 238.994 9454.2
internal_count=108500 62139 6243 55896 55382 5579 1495 4084 46361 41284 5077 3867 1210 54801
is_linear=0
shrinkage=0.035


Tree=154
num_leaves=15
num_cat=0
split_feature=6 6 77 79 75 76 78 40 88 75 77 0 82 77
split_gain=10.1275 35.8822 28.6517 26.1316 23.1722 22.7534 22.4277 19.2215 16.8834 15.8434 25.9934 27.7442 27.6447 25.5794
threshold=0.96060125309574529 1.012074701446023 -0.19166819744403804 -0.098344473428039078 -1.0000000180025095e-35 -1.2278592094972145 -1.1862203141173759 -0.042488612141936201 -4.457749999999999 3.7684929775447524 -1.1276303939638945 29.243635669423625 -74.452134490705632 0.66426915909227613
decision_type=2 2 10 8 2 10 10 2 2 2 10 2 10 10
left_child=2 4 3 -1 -2 -6 -4 -8 -7 -3 11 -11 -12 -14
right_child=1 9 6 -5 5 8 7 -9 -10 10 12 -13 13 -15
leaf_value=0.019860196902750021 -0.023177028711331076 -0.00017363851791941918 -0.012347860125473085 0.0017048962356145385 0.012753270994982989 -0.023631093919638749 0.014071302775522663 -0.0024637495844446957 -0.00073007385798821588 -0.014665536901934798 -0.011494841447753031 0.0059145491808565613 0.019564308047440502 0.0025853235771010085
leaf_weight=174.43624269682914 109.97508510295302 17112.779669442461 149.15781314857304 202.29175863042474 54.346489306539297 50.442692628130317 107.87362816231325 249.74101850949228 92.606609950307757 124.32869074610062 51.716677784919739 163.27721817791462 245.42589929699898 195.8096836451441
leaf_count=968 667 96705 935 1179 260 289 625 1555 537 704 355 985 1559 1177
internal_value=2.06401e-05 -0.000158734 0.00363759 0.0106888 -0.0116416 -0.00367389 -0.00181096 0.00300511 -0.0107136 5.12955e-05 0.00486384 -0.00335707 0.00960409 0.0124683
internal_weight=19084.2 18200.7 883.5 376.728 307.371 197.396 506.772 357.615 143.049 17893.3 780.558 287.606 492.952 441.236
internal_count=108500 103238 5262 2147 1753 1086 3115 2180 826 101485 4780 1689 3091 2736
is_linear=0
shrinkage=0.035


Tree=155
num_leaves=15
num_cat=0
split_feature=61 16 44 78 27 74 24 32 11 90 31 88 6 34
split_gain=10.1269 16.3794 17.0527 13.5355 20.4108 23.4405 12.9785 18.0889 20.143 14.555 20.6416 19.8412 19.7197 29.6848
threshold=0.94689007411421733 -1.059656898976068 1.5540620541548866 -7.8180718779674914 0.032502981073112051 -0.44226643100801516 0.92336907086892317 0.020302201602942906 0.18244750969786036 0.68905375665809399 -0.48839100331983837 -12.073599999999997 1.7267423293126523 0.20679102998451271
decision_type=2 2 2 8 2 2 2 2 2 2 2 2 2 2
left_child=3 -2 -3 4 -1 -6 9 -8 -9 10 12 -11 13 -5
right_child=1 2 -4 6 5 -7 7 8 -10 11 -12 -13 -14 -15
leaf_value=-0.014901664644774425 -0.010264237170830902 0.0022535919758971358 0.013757447511224765 0.018078730564535 0.017882286518221158 -0.011300954198989436 0.015818359038035749 0.0065664249742153078 -0.0074957077560661107 0.0086886817916033178 8.1578194898257469e-05 -0.0022428673121847229 -0.0025303850139066848 -0.0021562075745190251
leaf_weight=160.36382391443476 89.517753951251507 1163.5519148984458 165.11097221076488 242.51255665975623 50.111077439971268 46.356400619260967 122.15911606326699 330.09867517463863 174.49645543470979 192.5412388042314 11022.952665559838 5019.3639334595937 176.29350223473739 128.31438679987332
leaf_count=981 441 6871 750 1625 266 315 528 1699 902 1084 63592 27526 1074 846
internal_value=1.93674e-05 0.00284372 0.00386598 -0.000210329 -0.0078888 0.00432615 -8.81261e-05 0.00477729 0.00160316 -0.000275304 0.000416759 -0.00180736 0.00692869 0.011325
internal_weight=19083.7 1418.18 1328.66 17665.6 256.831 96.4675 17408.7 626.754 504.595 16782 11570.1 5211.91 547.12 370.827
internal_count=108500 8062 7621 100438 1562 581 98876 3129 2601 95747 67137 28610 3545 2471
is_linear=0
shrinkage=0.035


Tree=156
num_leaves=15
num_cat=0
split_feature=74 9 9 7 37 24 78 78 40 7 29 7 78 35
split_gain=10.0063 30.3815 17.9619 14.892 13.9044 15.0652 12.4617 29.0731 48.5234 49.4214 41.7108 40.8053 75.2776 40.8633
threshold=-4.4196514336716186 22.002308309113623 8.2104114598932458 1.4864697477835194 1.0422486321735931 -0.083408541809166584 -0.20308662330379679 -0.92385050999685292 -0.31709977886857638 1.081589674275361 0.52790238993936256 1.499424598576399 -0.59989841937596311 0.051632519539762257
decision_type=2 2 2 2 2 2 8 10 2 2 2 2 10 2
left_child=1 2 4 -3 -1 -6 7 10 -9 -10 -2 12 -11 -13
right_child=6 3 -4 -5 5 -7 -8 8 9 11 -12 13 -14 -15
leaf_value=-0.012642169237822586 0.0083081733681409 -0.004437970959335835 -0.016395692009398454 0.02460358987797405 0.012154044823102096 -0.0055855826678046063 -0.00066951327653093199 -0.0039455372493270502 0.023623379972614225 0.012112905250078843 -0.0013963819210739625 0.011484606127430314 -0.009575728598214801 -0.0059506055591357146
leaf_weight=84.466050310060382 589.13252945523709 25.663313527591527 168.9411886439193 39.551560116466135 90.843338998034596 106.81100548245013 10148.79123049866 700.66860072780401 171.05873174546286 297.5770103703253 4944.8970884308801 1039.7467752746306 492.71917312993901 182.08596890280023
leaf_count=314 3826 399 1583 517 367 407 56933 4501 955 1383 27681 6125 2411 1098
internal_value=1.979e-05 -0.00469364 -0.00802362 0.0148158 -0.0022567 0.0029353 0.000155764 0.00114997 0.00398621 0.00654452 -0.000337073 0.00487438 -0.00131172 0.0088323
internal_weight=19083 516.276 451.062 65.2149 282.12 197.654 18566.7 8417.89 2883.86 2183.19 5534.03 2012.13 790.296 1221.83
internal_count=108500 3587 2671 916 1088 774 104913 47980 16473 11972 31507 11017 3794 7223
is_linear=0
shrinkage=0.035


Tree=157
num_leaves=15
num_cat=0
split_feature=7 41 35 79 76 74 78 79 75 79 39 35 0 40
split_gain=10.1083 25.2799 21.4442 21.186 22.7305 20.6575 16.9587 21.7869 16.567 44.0503 27.4613 39.3274 36.697 31.5604
threshold=0.88145565578149432 0.22374275118307982 -0.06572007780961435 1.322056903774159 0.52901766968064079 -0.44226643100801516 -1.0090140823013927 -0.400542486609403 -2.3686175465867243 3.0243408097384097 0.18521825650224832 -0.050482818550193743 61.14780795324662 -0.68880858577180026
decision_type=2 2 2 8 10 2 10 10 2 10 2 2 2 2
left_child=1 2 -1 4 6 -6 -4 -8 9 10 11 -2 -12 -13
right_child=8 -3 3 -5 5 -7 7 -9 -10 -11 12 13 -14 -15
leaf_value=-0.01813175228393045 0.014412472034138616 -0.020770163205620057 -0.010613461467160721 0.01656729263570773 0.0032049456004543966 -0.02811867897568851 0.021404320013242651 -0.0019636543698952221 -0.00015227688684637202 -0.015829533877313576 0.021546223019209651 0.0098314029881436671 -0.0043990466221694256 -0.0051802089695437937
leaf_weight=55.655590210109949 245.69323268561129 78.225921840406954 56.142457900568843 75.957430453971028 36.947672804817557 44.152591588674113 71.256494484376162 98.701659735292196 17087.836227510837 110.75824268953875 217.29495494975708 217.09926761430688 84.649617115035653 601.96752936998382
leaf_count=491 1794 593 385 444 261 304 493 537 95083 702 1026 1654 496 4237
internal_value=2.01221e-05 -0.00471379 -0.00107086 0.00218386 -0.00216782 -0.0160373 0.00370604 0.00905565 0.000156891 0.0036869 0.00547402 0.0027088 0.0144511 -0.00106178
internal_weight=19082.3 517.04 438.814 383.158 307.201 81.1003 226.101 169.958 18565.3 1477.46 1366.7 1064.76 301.945 819.067
internal_count=108500 3508 2915 2424 1980 565 1415 1030 104992 9909 9207 7685 1522 5891
is_linear=0
shrinkage=0.035


Tree=158
num_leaves=15
num_cat=0
split_feature=36 35 79 79 79 75 74 34 88 38 77 91 21 74
split_gain=10.0582 30.135 34.5256 33.4212 28.1826 24.4125 48.5614 33.2957 33.0923 29.0658 26.7182 22.9039 23.2125 22.253
threshold=0.019217246690779181 -0.0048512226435118025 -2.8172217849896066 0.72420063283549629 -0.4857930858174217 -0.60615483010319215 2.5886688992018461 0.74163510884823636 7.8556000000000017 0.90130262269068584 -0.61149274182031654 0.51810828648355123 1.5017168843406454 1.103968731389261
decision_type=2 2 8 8 10 2 2 2 2 2 8 2 2 2
left_child=-1 2 -2 4 -4 6 10 8 13 -9 -3 -6 -13 -7
right_child=1 5 3 -5 11 7 -8 9 -10 -11 -12 12 -14 -15
leaf_value=0.00053749616556162338 -0.022159633392922339 -0.00030083328387905847 -0.0067613413080825019 -0.011430620612300468 -0.0043452340866445265 -0.0074011933886701242 -0.012987355008983709 0.0056160124862369961 0.0075054696808044786 -0.007974684438365947 0.017983689644000128 0.023866102448848188 -0.0020090610058706073 -0.00060937387428570847
leaf_weight=13466.974450652691 131.37921048514545 143.86037540063262 219.79275824176148 376.64340240485035 89.152853423729539 1394.1406182509381 102.64456876064651 1168.229402377503 296.35036713210866 211.90464111138135 282.15122065367177 120.63272219710052 56.664024262689054 1021.8327412590734
leaf_count=77720 677 808 1135 1869 495 7279 658 6627 1342 1420 1380 637 293 6160
internal_value=1.8642e-05 -0.00122318 -0.00668629 -0.00388177 0.00218614 -2.40072e-05 0.00691083 -0.00094909 -0.00319392 0.0034452 0.0120726 0.00952362 0.016231 -0.00455719
internal_weight=19082.4 5615.38 994.265 862.886 486.242 4621.11 528.656 4092.46 2712.32 1380.13 426.012 266.45 177.297 2415.97
internal_count=108500 30780 5106 4429 2560 25674 2846 22828 14781 8047 2188 1425 930 13439
is_linear=0
shrinkage=0.035


Tree=159
num_leaves=15
num_cat=0
split_feature=84 83 79 9 75 32 85 70 9 90 44 7 79 21
split_gain=9.88345 28.8791 23.9692 26.0964 22.5946 23.3239 21.5619 21.3397 27.0491 29.5848 26.0721 27.194 25.2836 22.0856
threshold=-0.025749291670040662 -1.3218032120436796 -2.2686320864170448 11.847133757962199 -1.1774360007054085 0.40498421205984991 0.12470518930003965 0.80767672765879828 5.2789520892817787 0.48560176229472635 1.1133948435683492 1.4864697477835194 -4.3060053437909982 0.64794530813958084
decision_type=2 10 10 2 2 2 2 2 2 2 2 2 10 2
left_child=1 6 3 4 -3 -6 -1 8 9 10 11 -2 -11 -14
right_child=7 2 -4 -5 5 -7 -8 -9 -10 12 -12 -13 13 -15
leaf_value=-0.011387783439852129 0.0068471230031933172 0.016447099623951775 0.00039453269492895944 -0.004701132563553337 0.006424222617259486 -0.0086900253545503982 0.0052926945834379686 -0.0053800548165341419 -0.001266286344539308 -0.0059845681602743554 -0.012890409442293024 -0.0064969673750207031 0.015740543182100088 0.0050231340148799205
leaf_weight=361.25431598827709 429.74772981926799 233.1026195064187 6693.2550817114607 271.38013667531777 1098.26921115187 123.32746293582022 113.12202201597393 1059.4725983194076 6877.7568337981356 162.30115202069283 180.65489810332656 300.8934215195477 324.41589253395796 853.56708795577288
leaf_count=1915 1197 1065 39408 2927 5181 577 585 6127 44316 446 497 943 916 2400
internal_value=1.71347e-05 0.000868663 0.00134846 0.00500062 0.00684973 0.00478295 -0.00735688 -0.000726401 -0.000175758 0.00313723 -0.00170932 0.00132506 0.00640921 0.00818821
internal_weight=19082.5 8893.71 8419.33 1726.08 1454.7 1221.6 474.376 10188.8 9129.34 2251.58 911.296 730.641 1340.28 1177.98
internal_count=108500 51658 49158 9750 6823 5758 2500 56842 50715 6399 2637 2140 3762 3316
is_linear=0
shrinkage=0.035


Tree=160
num_leaves=15
num_cat=0
split_feature=1 27 88 91 86 37 81 7 25 18 40 86 87 79
split_gain=9.96157 19.2007 22.3531 35.0396 31.6394 34.4925 25.9919 31.6274 24.4589 23.0845 22.7637 22.5544 21.5505 20.8537
threshold=0.92764610273227055 -0.11389939423012198 -2.7869999999999995 0.65109870464336861 -19.304675219354301 0.81590207639234602 -0.62827120909325618 1.6392167949513021 -0.055220500090336362 0.45482239729495116 -0.019424329442417974 -45.091652988951118 -0.71153562346104582 -1.0650766436665859
decision_type=2 2 2 2 2 2 8 2 2 2 2 2 2 10
left_child=1 13 -3 4 8 -6 11 -8 -4 12 -10 -5 -7 -1
right_child=-2 2 3 6 5 9 7 -9 10 -11 -12 -13 -14 -15
leaf_value=0.013729230729839809 0.00082477088649407547 -0.0030693823383452362 0.0026049685054879723 -0.010404095330134991 -0.0065384287356910972 0.0067472129021649415 -0.013523020887480272 0.0019067457792864278 0.0055887850180734826 0.013823334002049513 0.024178329059445301 0.0046604663736315175 -0.0010235915298113512 0.00041734742845175751
leaf_weight=203.24906858266331 9427.6366879390553 4142.6583856654179 413.13845651503652 141.97310522152111 635.2542189671658 620.21976231690496 499.41529779881239 230.44329501222819 175.62143145690789 184.40077361837029 159.11571549787186 471.46821459685452 1365.369780217763 410.61743035004474
leaf_count=1138 54250 23845 3002 982 3536 2983 2772 1376 1182 659 981 2524 6637 2633
internal_value=1.64386e-05 -0.0007731 -0.00118366 0.00041776 0.00223758 0.000510686 -0.00435799 -0.00873036 0.00853304 0.00261515 0.0152902 0.000955554 0.00144678 0.00511899
internal_weight=19080.6 9652.94 9039.08 4896.42 3553.12 2805.24 1343.3 729.859 747.876 2169.99 334.737 613.441 1985.59 613.866
internal_count=108500 54250 50479 26634 18980 13815 7654 4148 5165 10279 2163 3506 9620 3771
is_linear=0
shrinkage=0.035


Tree=161
num_leaves=15
num_cat=0
split_feature=88 77 78 78 88 78 40 79 89 7 33 25 78 75
split_gain=9.90454 14.666 19.4718 11.4903 11.2891 20.8572 52.8818 31.8119 22.821 19.7567 27.6705 22.7725 22.5432 22.9757
threshold=12.983350000000002 -0.19166819744403804 1.0186194466142215 -0.13669689925010695 9.7792500000000011 -0.46762274085181837 0.53737139879731621 2.4057310784277912 3.8250500000000005 1.5126780303772489 0.036498209415696974 0.074686210075925408 1.0186194466142215 0.24993611857488016
decision_type=2 10 8 10 2 8 2 10 2 2 2 2 8 2
left_child=4 -2 3 -3 -1 6 -6 8 9 10 12 -11 -7 -14
right_child=1 2 -4 -5 5 7 -8 -9 -10 11 -12 -13 13 -15
leaf_value=-8.0264795536954389e-05 0.0060323313968546821 -0.0040738736554434751 0.0016598041796412498 -0.024421057301790745 0.017770778684671064 -0.0059003005927960187 -0.016996655722312733 0.016535506544484362 0.012689457826305877 -0.020073378883470952 -0.012898187226521843 0.0022621570134460853 -0.00041338552038056817 0.027856016174425527
leaf_weight=17721.583744198309 82.891678751446307 64.459513359703124 107.12786944210529 84.349578912369907 245.87636210070923 80.442466258071363 50.196676914580166 104.6838177703321 80.34835931006819 149.57677775248885 104.02691220678389 77.867839779704809 59.401569713372737 64.493454514071345
leaf_count=101685 422 327 502 452 1282 436 250 465 392 844 466 399 276 302
internal_value=1.71715e-05 -0.00574291 -0.00971743 -0.0171342 0.000127337 0.00367694 0.0111738 0.000379237 -0.00279924 -0.00549491 0.000391225 -0.0128618 0.00770351 0.0161286
internal_weight=19077.3 338.829 255.937 148.809 18738.5 1016.91 296.073 720.841 616.157 535.809 308.364 227.445 204.337 123.895
internal_count=108500 1703 1281 779 106797 5112 1532 3580 3115 2723 1480 1243 1014 578
is_linear=0
shrinkage=0.035


Tree=162
num_leaves=15
num_cat=0
split_feature=40 37 35 7 77 82 21 77 76 35 74 7 75 41
split_gain=9.86823 40.6311 34.1384 34.0329 30.0793 29.1311 28.544 28.3329 26.922 26.7033 43.4916 28.5351 26.3094 40.3808
threshold=-0.086071457736104987 0.5523138706907712 -0.016857463852720078 1.9820624195624317 -5.6948870158100471 31.180339065315369 0.35046436675317033 -2.5267583097221054 3.9019222006000187 0.032491266556202249 -0.44226643100801516 1.5126780303772489 2.8492423769571213 0.22374275118307982
decision_type=2 2 2 2 10 10 2 8 10 2 2 2 2 2
left_child=3 -2 -3 4 -1 8 -6 9 -5 -4 -11 -12 -8 -14
right_child=1 2 7 5 6 -7 12 -9 -10 10 11 -13 13 -15
leaf_value=0.017608053804323953 0.011849443652626093 -0.0049368412073142916 -0.010614623399353037 -0.012614438678867206 -0.0064810819806524565 0.0050213728072425728 0.0015276274564126786 0.00062899928712034756 0.012780759199164144 0.022204863050390097 0.0097058860880751639 -0.016247245416919368 0.023086718100414429 -0.0073604386606166087
leaf_weight=122.02761220186949 288.61146321427077 2162.4159753967542 531.30554556509014 494.74884864641353 512.14834408392198 195.61674904450774 6596.8611805142355 7664.607318429611 40.71449911640957 75.138334072194993 67.925533638335764 113.76571767986752 143.58360379096121 67.503784632310271
leaf_count=706 1884 11034 3016 3953 3302 1590 37809 41994 362 435 353 758 885 419
internal_value=1.64908e-05 -0.000672208 -0.0010343 0.000934674 0.00164733 -0.00617058 0.00133401 -2.66364e-05 -0.0102928 -0.00626046 0.00286315 -0.00654431 0.00193918 0.0135557
internal_weight=19077 10903.8 10615.2 8173.2 7442.12 731.08 7320.1 8452.74 535.463 788.135 256.83 181.691 6807.95 211.087
internal_count=108500 59474 57590 49026 43121 5905 42415 46556 4315 4562 1546 1111 39113 1304
is_linear=0
shrinkage=0.035


Tree=163
num_leaves=15
num_cat=0
split_feature=76 88 77 79 7 38 75 33 75 27 78 78 76 37
split_gain=9.8887 21.6686 28.6729 22.8569 31.8141 22.3521 32.3871 21.8885 20.2066 18.7971 15.3349 13.7696 13.7427 27.4303
threshold=-3.9041893477876597 6.7860500000000004 0.1580809529064279 -1.2811947472624714 1.5242347424117808 0.4533010159206799 -0.069379234572980994 -0.055595427256351256 0.24993611857488016 -0.0029624472156018406 1.6143511923280467 0.46887129587581805 -1.8220725092015082 0.83276560537863487
decision_type=10 2 10 10 2 2 2 2 2 2 8 8 10 2
left_child=1 2 5 4 -4 7 -7 11 -9 -3 -8 -1 13 -2
right_child=12 9 3 -5 -6 6 10 8 -10 -11 -12 -13 -14 -15
leaf_value=0.022979742548822953 -0.0048271448619260741 -0.0014993213997027948 0.015090777999202916 -0.022434980400198569 -0.01667476607270843 0.0067634166484840628 -0.019821270900611379 -0.013433028885562087 0.011453335475187542 0.02129209366729545 0.0013161351161388995 0.00079917683394104563 -0.00013511787475738114 0.0050214277352983155
leaf_weight=79.892869043163955 424.30626136530191 102.52741635031998 52.992334046459291 155.96650360245258 62.339180547744036 121.07042529713362 154.59993052575737 80.085999259725213 47.714316636323929 54.995902641676366 52.244828685186803 54.46611687168479 16043.371326583918 1589.1724002500996
leaf_count=428 2512 510 294 866 379 603 762 446 277 264 262 311 92340 8246
internal_value=1.74659e-05 -0.00330316 -0.00549682 -0.0144844 -0.002006 -0.00102524 -0.00693155 0.00633019 -0.00384913 0.00796015 -0.0148371 0.0152568 0.000208286 0.00291894
internal_weight=19075.7 1018.9 861.373 271.298 115.332 590.074 327.915 262.159 127.8 157.523 206.845 134.359 18056.8 2013.48
internal_count=108500 5402 4628 1539 673 3089 1627 1462 723 774 1024 739 103098 10758
is_linear=0
shrinkage=0.035


Tree=164
num_leaves=15
num_cat=0
split_feature=17 47 16 53 77 88 75 91 76 78 35 74 35 77
split_gain=9.75848 14.2619 14.454 14.5138 13.5572 24.0319 27.1358 26.3746 20.0897 34.8959 19.7519 18.9692 18.6433 25.2145
threshold=0.6143703271512041 -0.049730585217536344 -0.17788242604880453 0.54545454545459204 4.0996431486929481 -1.0000000180025095e-35 1.5575743934310824 0.46918559337903037 1.386278532940366 0.81536491499104102 0.0092604824997415472 1.3011510027621445 -0.087402887301549909 0.40566668624639374
decision_type=2 2 2 2 8 2 2 2 10 8 2 2 2 10
left_child=4 -2 -3 -4 12 11 7 -7 9 -9 -10 -6 13 -1
right_child=1 2 3 -5 5 6 -8 8 10 -11 -12 -13 -14 -15
leaf_value=0.016669718279222322 0.0016985002381101004 -0.014760000745258923 -0.010301608876307071 0.0088881488775917079 0.0011594551254513832 0.024811086557600486 -0.0054708276271849899 0.024119603486387222 0.0071007938416441643 -0.0073422215223935506 -0.018804159770290339 -0.019143334126769093 -0.00019019435198466901 -0.0047759260141560208
leaf_weight=161.78292258176953 271.96520956046879 189.98866386059672 74.482260523363948 78.798276331275702 286.69903521961533 134.85512442025356 111.10827076761052 100.48757025506347 62.762610524427146 55.524655508808792 46.007054582238197 49.587288273498416 17355.844013747163 94.950090950471349
leaf_count=994 1544 1053 419 372 1657 803 652 572 324 320 269 397 98457 667
internal_value=1.69766e-05 -0.00424838 -0.00879408 -0.000549314 0.000163579 0.00443628 0.00908707 0.0132023 0.00596269 0.0133604 -0.00507516 -0.00274085 -4.67039e-05 0.00896632
internal_weight=19074.8 615.234 343.269 153.281 18459.6 847.032 510.745 399.637 264.782 156.012 108.77 336.286 17612.6 256.733
internal_count=108500 3388 1844 791 105112 4994 2940 2288 1485 892 593 2054 100118 1661
is_linear=0
shrinkage=0.035


Tree=165
num_leaves=15
num_cat=0
split_feature=74 9 39 79 79 76 7 0 88 39 35 74 79 35
split_gain=9.73486 22.5022 16.1569 29.2643 42.0667 36.1306 27.6196 24.6599 21.8161 25.5272 17.8343 15.336 34.5604 28.4809
threshold=-3.6263743611355173 24.367053748978254 -0.54084500023143189 -0.30983866769659202 1.1277216213956829 -1.3564167595228569 1.5242347424117808 52.792108775413134 3.5692500000000003 -0.10517994295055733 0.0092604824997415472 -1.6489190945943475 3.9165694068686498 -0.040697153414280332
decision_type=2 2 2 8 8 10 2 2 2 2 2 2 10 2
left_child=1 2 -1 5 6 -4 -5 -8 9 -7 -6 12 13 -2
right_child=11 -3 3 4 10 8 7 -9 -10 -11 -12 -13 -14 -15
leaf_value=-0.016417732143489582 -0.0059674703266123794 0.015780379213029549 0.01333409880814441 0.024280684380808305 -0.012395447670700806 0.0084279460142617363 -0.01643461049911012 0.015295631772542322 -0.030378295904353356 -0.020339180430093567 0.0072285995270227566 -0.00020212788623449695 0.017435063249850769 0.0036741901366882149
leaf_weight=112.95499410922639 461.22074229991995 48.435275852214545 40.16927488707006 108.22481762710959 174.87491865595803 58.871281890431419 42.87698225909844 37.531294606626034 80.977872800081968 55.9177908860147 64.735019078478217 15928.070904011591 163.20277562737465 1696.2149262528401
leaf_count=671 2485 720 219 528 972 344 280 308 522 410 406 90569 806 9260
internal_value=1.64494e-05 -0.00365498 -0.00523184 -0.00290517 0.0025811 -0.0122867 0.0141876 -0.00152758 -0.0182925 -0.00652414 -0.00694521 0.000186364 0.00283178 0.0015771
internal_weight=19074.3 825.57 777.134 664.179 428.243 235.936 188.633 80.4083 195.767 114.789 239.61 18248.7 2320.64 2157.44
internal_count=108500 5380 4660 3989 2494 1495 1116 588 1276 754 1378 103120 12551 11745
is_linear=0
shrinkage=0.035


Tree=166
num_leaves=15
num_cat=0
split_feature=6 6 77 79 75 76 78 40 88 82 40 34 75 78
split_gain=9.64437 33.7602 26.6532 24.2227 22.1198 21.7655 21.1153 18.1136 16.0262 15.6709 15.6265 20.1181 14.3376 25.0363
threshold=0.96060125309574529 1.012074701446023 -0.19166819744403804 -0.098344473428039078 -1.0000000180025095e-35 -1.2278592094972145 -1.1862203141173759 -0.042488612141936201 -4.457749999999999 3.5665104263760132 0.27600251454490016 -0.20676569861317057 3.7684929775447524 2.3619122559180599
decision_type=2 2 10 8 2 10 10 2 2 8 2 2 2 8
left_child=2 4 3 9 -2 -6 -4 -8 -7 -1 11 -5 -3 -14
right_child=1 12 6 10 5 8 7 -9 -10 -11 -12 -13 13 -15
leaf_value=0.0074229968433112475 -0.022640878301161259 -0.00017002233271809088 -0.011980059996149598 -0.0076394035045024055 0.0124838705240377 -0.023111549175487266 0.013663857598147639 -0.0023767256813488932 -0.00074661204505677614 0.029434145060933063 -0.0096110482647593851 0.017756088063832894 0.0075202348466064097 -0.0080480827526436313
leaf_weight=98.188323980662972 109.04610176663846 17102.067126569142 148.28395166853443 47.021809692494571 54.520870761014521 49.920546228066087 108.20993175730109 249.48897702409886 92.651963176205754 77.176829355768859 74.377719439566135 80.785671662539244 642.58218605071306 139.04232439922635
leaf_count=556 667 96705 935 274 260 289 625 1555 537 412 500 405 3908 872
internal_value=1.58991e-05 -0.000159245 0.00354542 0.0103336 -0.0113187 -0.0035458 -0.00172004 0.0029424 -0.0104574 0.0191315 0.00166745 0.00864336 4.42174e-05 0.00461911
internal_weight=19073.4 18189.8 883.533 377.55 306.139 197.093 505.983 357.699 142.573 175.365 202.185 127.807 17883.7 781.625
internal_count=108500 103238 5262 2147 1753 1086 3115 2180 826 968 1179 679 101485 4780
is_linear=0
shrinkage=0.035


Tree=167
num_leaves=15
num_cat=0
split_feature=7 41 35 79 76 74 7 77 77 74 34 75 1 76
split_gain=9.59959 23.8797 20.5605 19.798 21.6201 19.6881 16.2848 24.3163 29.6155 25.8097 23.2326 22.8239 22.6032 26.0647
threshold=0.88145565578149432 0.22374275118307982 -0.06572007780961435 1.322056903774159 0.52901766968064079 -0.44226643100801516 1.0486107060480263 -3.2276858178005252 -0.83810573093620755 -0.91838099652749283 -0.30927866082620187 -0.68661319757314776 0.58258455894185501 0.39731171622394751
decision_type=2 2 2 8 10 2 2 10 10 2 2 2 2 10
left_child=1 2 -1 4 -4 -6 7 -2 -9 10 -10 -11 -13 -14
right_child=6 -3 3 -5 5 -7 -8 8 9 11 -12 12 13 -15
leaf_value=-0.01783232276000293 0.021757476540720199 -0.020284812957768249 0.0036088369362748123 0.015978814112713707 0.0030825258314351044 -0.027561247113705851 -0.00010269865792235415 -0.0070212416365607244 0.023237461152981351 -0.0090373244102296378 -0.00038533758749809019 -0.0076990877344345508 0.0017245702940097514 0.024458831896441179
leaf_weight=55.207670864649117 70.835833285003901 77.411385726125445 226.19006703747436 76.338153844699264 36.978393003344536 43.591811980353668 17545.06229225592 259.34434839058667 143.44863095227629 147.08720533642918 73.194730349816382 82.440659555140883 140.98148923180997 94.758007672615349
leaf_count=491 321 593 1415 444 261 304 99686 1294 803 951 314 420 732 471
internal_value=1.53342e-05 -0.00460374 -0.00106988 0.00211064 -0.00210727 -0.0156809 0.00014852 0.00442111 0.00269088 0.00647941 0.0158983 0.00161921 0.0067886 0.012061
internal_weight=19072.9 515.717 438.306 383.098 306.76 80.5702 18557.2 1012.09 941.255 681.911 216.643 465.267 318.18 235.739
internal_count=108500 3508 2915 2424 1980 565 104992 5306 4985 3691 1117 2574 1623 1203
is_linear=0
shrinkage=0.035


Tree=168
num_leaves=15
num_cat=0
split_feature=84 78 7 76 34 39 39 29 56 70 7 78 76 75
split_gain=9.57256 19.1627 20.048 17.357 16.0455 25.083 16.4889 14.8194 14.5447 14.2862 14.0161 23.0367 29.5657 14.2407
threshold=0.21083470493572173 -3.3902669878620908 1.9410094088325394 -2.0314582157079459 -0.15524843056702561 -0.28245655902609551 0.10611622931271551 0.94236788031025209 1.3462332714535601 -0.51213546377164343 0.88145565578149432 1.4778082153328171 -2.0314582157079459 0.46808166628826792
decision_type=2 10 2 10 2 2 2 2 2 2 2 10 10 2
left_child=10 -2 3 -3 5 -5 9 -7 -8 -6 11 12 -1 -12
right_child=1 2 -4 4 6 7 8 -9 -10 -11 13 -13 -14 -15
leaf_value=0.021583797069972998 -0.011145043877247313 -0.0091655717606312723 -0.010547529933217292 -0.0079477353085097308 0.0058295713082390632 0.01927339507468245 0.0071467900781373361 0.0028523875349098764 -0.0097151378394023363 -0.012444501965365765 0.0012485106946941752 -0.020239825831375076 -0.0052174130042249101 -0.00080827742174510004
leaf_weight=38.681587096303701 247.31943965470418 152.84784939233214 197.47615691833198 75.288194900378585 58.623000996187329 166.00839912705123 294.9060363532044 118.05023083370179 59.851584667339921 170.78319766698405 10146.619930823188 83.938218879164197 341.43308740813518 6920.0431477895472
leaf_count=182 1453 805 1429 605 279 867 1317 643 294 878 57854 627 2423 38844
internal_value=1.48655e-05 -0.00261151 -0.000835486 0.00107147 0.00288569 0.00849213 -0.000730043 0.0130856 0.00393534 -0.0076817 0.000248468 -0.00562514 -0.00154749 0.000414572
internal_weight=19071.9 1541.15 1293.83 1096.36 943.511 359.347 584.164 284.059 354.758 229.406 17530.7 464.053 380.115 17066.7
internal_count=108500 8570 7117 5688 4883 2115 2768 1510 1611 1157 99930 3232 2605 96698
is_linear=0
shrinkage=0.035


Tree=169
num_leaves=15
num_cat=0
split_feature=16 1 12 85 34 33 66 54 27 40 34 75 37 66
split_gain=9.53573 24.9661 23.884 24.9731 23.8296 16.3893 15.467 15.2453 22.9902 20.2588 16.0927 24.7138 18.8076 17.1375
threshold=-0.50471623617118755 0.95143940881652067 -0.2496814955831245 -0.010786690373415784 0.74163510884823636 -0.047024622263588674 0.74725519947690111 -0.090349163418720138 -0.10421254055783426 0.30160453426623662 -0.053343584285983868 2.571602008737389 0.64074856234294075 0.063609547761910773
decision_type=2 2 2 2 2 2 2 2 2 2 2 2 2 2
left_child=1 4 3 -3 6 -6 -1 10 9 -9 11 12 -2 -14
right_child=7 2 -4 -5 5 -7 -8 8 -10 -11 -12 -13 13 -15
leaf_value=-0.005510728885977644 -0.0097640903750697023 -0.00063402226500047581 -0.004696520524854554 0.009022005184253756 -0.0062063449447645096 0.013556499633653397 0.0032820646839871593 0.012267346388706366 0.00096831227248619185 -0.0032780006402806155 -0.0023712454027083846 0.015623062282185882 0.0035491072788228638 -0.0019317975745114474
leaf_weight=2163.725073300564 188.21554565895349 642.7962279105559 486.30174203682691 645.00314912106842 61.630154196114745 139.93362975702621 262.77527619095054 390.58264480391517 7445.1976171159913 127.31177621893585 3603.4087772222701 116.4895173786208 1564.9180194265209 1232.7534089658875
leaf_count=12810 1502 3228 2598 3138 392 724 1737 2194 42834 697 19501 733 8836 7576
internal_value=1.32058e-05 -0.00141169 0.0017845 0.00426628 -0.0035665 0.00749904 -0.00453948 0.000442161 0.00147593 0.00846611 -0.000786178 0.00105827 0.000389882 0.00113746
internal_weight=19071 4402.17 1774.1 1287.8 2628.06 201.564 2426.5 14668.9 7963.09 517.894 6705.79 3102.38 2985.89 2797.67
internal_count=108500 24627 8964 6366 15663 1116 14547 83873 45725 2891 38148 18647 17914 16412
is_linear=0
shrinkage=0.035


Tree=170
num_leaves=15
num_cat=0
split_feature=6 39 34 74 76 37 74 1 79 6 27 84 77 7
split_gain=9.57333 23.4348 40.4645 26.6122 26.0446 25.9538 22.9729 19.1603 18.2871 18.0579 29.3938 27.8395 28.2951 31.0644
threshold=2.0462229336179125 1.0000000180025095e-35 -0.15524843056702561 1.3011510027621445 -2.0314582157079459 1.13087981208848 -0.26525550413896987 1.3316618830756115 -1.0000000180025095e-35 1.5458578951716857 0.089343515369411583 0.19359625765574015 -3.2276858178005252 1.081589674275361
decision_type=2 2 2 2 8 2 2 2 8 2 2 2 8 2
left_child=9 4 -3 6 5 8 7 -4 -2 10 -1 12 13 -11
right_child=1 2 3 -5 -6 -7 -8 -9 -10 11 -12 -13 -14 -15
leaf_value=-0.0013514286507649242 -0.015263477930872526 0.02070257555864434 -0.0071910551673237122 0.010054270489951601 -0.0063276094844108757 0.018038048894642642 -0.012879033643316364 0.016801973151209119 0.0074329856535001919 0.016655966445673291 0.0048404485707118725 -0.0050248384997698663 0.0029686744308063426 -0.009323672226241515
leaf_weight=8696.6747866879014 64.794949557632208 113.10398600250483 65.994393970817327 160.6955158431083 1325.4355023283279 98.0607248255983 216.94573909882456 60.343345444649458 71.535677975974977 46.53767676372081 1032.8936111776857 677.98721128655598 6038.6164869567438 398.27960163110401
leaf_count=49776 346 573 274 840 7969 485 1005 283 398 246 6327 3717 34075 2186
internal_value=1.3528e-05 -0.00216005 0.00353527 -0.0009606 -0.0044294 0.00595815 -0.00638646 0.00499896 -0.00392682 0.000295881 -0.000685516 0.00162741 0.00233637 -0.00600591
internal_weight=19067.9 2176.91 617.083 503.979 1559.83 234.391 343.283 126.338 136.331 16891 9729.57 7161.42 6483.43 444.817
internal_count=108500 12173 2975 2402 9198 1229 1562 557 744 96327 56103 40224 36507 2432
is_linear=0
shrinkage=0.035


Tree=171
num_leaves=15
num_cat=0
split_feature=76 88 35 88 7 79 77 32 77 32 7 78 76 6
split_gain=9.53334 20.7373 33.6821 27.2368 21.1508 18.692 19.2804 17.8269 39.9968 28.1894 16.0682 14.4336 12.6011 33.7678
threshold=-3.9041893477876597 1.0000000180025095e-35 -0.032792849467378662 -11.060999999999998 1.1151384489847447 -0.86120654560521348 -0.83810573093620755 0.31862784061711147 -0.92942662690763855 -0.21249964132772312 1.4114119393337423 1.2328604132940026 -0.1173816275296377 0.96060125309574529
decision_type=10 2 2 2 2 8 10 2 10 2 2 8 10 2
left_child=1 2 10 -4 -3 6 -5 8 11 -10 -1 -6 13 -2
right_child=12 4 3 5 7 -7 -8 -9 9 -11 -12 -13 -14 -15
leaf_value=0.017990914181368538 0.011416651808450815 0.018612714330478057 0.0073693995158395737 0.011881975773221502 -0.026004010300400757 -0.020100980894976722 -0.012819460906154375 0.011947732420829358 0.019673923654981055 -0.0063578152629636146 -0.004547212931373508 -0.0018159829620962133 -0.00063462591003054711 0.00072203136694005596
leaf_weight=62.633445627521724 359.56939269788563 61.46832134667784 65.325237426441163 45.849771184846759 80.077352689579129 268.09013385884464 75.590047588397283 79.834318477660418 74.708193901926279 94.88008767273277 60.801791625563055 47.868546642363071 9923.4857997497529 7766.573117874912
leaf_count=307 2005 284 346 210 454 1470 474 444 374 476 325 238 58290 42803
internal_value=1.44438e-05 -0.00324886 -0.00749779 -0.0118038 0.00243305 -0.015222 -0.00313199 -0.00100655 -0.00501604 0.00597556 0.00780302 -0.0184234 0.000201729 0.00122212
internal_weight=19066.8 1017.13 578.29 454.855 438.837 389.53 121.44 377.368 297.534 169.588 123.435 127.946 18049.6 8126.14
internal_count=108500 5402 3132 2500 2270 2154 684 1986 1542 850 632 692 103098 44808
is_linear=0
shrinkage=0.035


Tree=172
num_leaves=15
num_cat=0
split_feature=5 76 74 6 6 26 40 78 77 75 91 76 40 88
split_gain=9.45281 39.41 25.5025 11.8702 31.8672 23.9775 23.5218 29.9334 24.0557 21.1481 21.1475 20.6521 20.6323 18.3225
threshold=3.1780538303479462 -0.49706578583486782 -0.38190017062326126 0.96060125309574529 1.012074701446023 -0.90046836926823037 0.25088236315092755 0.91439502544610052 0.065270114164603155 -1.0000000180025095e-35 0.74704536230161345 -1.2278592094972145 -0.13038317677054323 2.6164000000000001
decision_type=2 10 2 2 2 2 2 10 10 2 2 10 2 2
left_child=3 -2 -3 5 9 -1 7 8 12 -5 -10 -11 -7 -13
right_child=1 2 -4 4 -6 6 -8 -9 10 11 -12 13 -14 -15
leaf_value=-0.015917767561104735 0.02237745909052782 0.011891966129152234 -0.020545832101688824 -0.022109608119017889 9.7712775633763111e-05 1.6283886813483722e-06 -0.0013084235744197483 0.024679664198494114 -0.012926442223263123 0.012184422179430134 0.0098092292211084571 -0.019858039305323191 0.022592686789470726 0.0035479734893726308
leaf_weight=49.381076480261981 25.359385933727026 23.180139231961221 127.14443803214817 108.02305337926373 17723.268296586983 85.355088671669364 345.73421068955213 114.87747867591679 107.76008183229715 54.694546624086797 64.232526533305645 76.345914034172893 97.979402135126293 62.214161121286452
leaf_count=321 191 220 1453 666 99940 474 2051 691 624 260 312 427 522 348
internal_value=1.4844e-05 -0.00763824 -0.0147349 9.40243e-05 -0.000100209 0.00405076 0.00561119 0.0105449 0.0049035 -0.0110247 -0.00429822 -0.00333609 0.0131096 -0.0102267
internal_weight=19065.5 175.684 150.325 18889.9 18024.5 865.32 815.939 470.205 355.327 301.278 171.993 193.255 183.334 138.56
internal_count=108500 1864 1673 106636 101641 4995 4674 2623 1932 1701 936 1035 996 775
is_linear=0
shrinkage=0.035


Tree=173
num_leaves=15
num_cat=0
split_feature=61 75 35 11 87 78 35 27 24 32 11 77 39 90
split_gain=9.38985 16.1608 15.1553 13.1013 18.3636 12.5074 19.9379 17.0455 12.0763 16.841 18.7118 13.7504 20.4063 12.9722
threshold=0.94689007411421733 1.2299322226988878 0.022770919692253661 -0.21661762786717506 0.1922439525126052 -7.8180718779674914 0.034667350664031989 0.053376928917772029 0.92336907086892317 0.020302201602942906 0.18244750969786036 -0.61149274182031654 0.12051175298515752 0.68905375665809399
decision_type=2 2 2 2 2 8 2 2 2 2 2 8 2 2
left_child=5 2 3 4 -2 6 7 -1 13 -10 11 -11 -13 -7
right_child=1 -3 -4 -5 -6 8 -8 -9 9 10 -12 12 -14 -15
leaf_value=-0.018836160478312602 0.00045089612833563081 -0.0038197865834928061 0.011708834561667871 -1.2405494515762958e-05 0.023001484991187322 0.00038327228717042561 0.006746896417704323 0.0039612013374679825 0.015252754182064137 -0.0039368949334318351 -0.0072446488830419393 -0.0032452352795913669 0.017598242568468838 -0.0017180323129668406
leaf_weight=137.92529021576047 99.156715595163405 335.18985031044576 268.53524303529412 653.84546233853325 61.076984249521047 11563.200296508221 71.791771625168622 45.710600073914975 122.264375096187 100.64817781373858 174.0094994045794 78.515953550115228 150.86183585785329 5201.8342497285485
leaf_count=892 525 1898 1496 3826 317 67137 372 298 528 555 902 434 710 28610
internal_value=1.4757e-05 0.00273467 0.00479648 0.00229026 0.0106452 -0.000206619 -0.00760673 -0.0133297 -8.93203e-05 0.00460556 0.00153931 0.00632005 0.0107755 -0.000269988
internal_weight=19064.6 1417.8 1082.61 814.079 160.234 17646.8 255.428 183.636 17391.3 626.3 504.035 330.026 229.378 16765
internal_count=108500 8062 6164 4668 842 100438 1562 1190 98876 3129 2601 1699 1144 95747
is_linear=0
shrinkage=0.035


Tree=174
num_leaves=15
num_cat=0
split_feature=32 79 35 78 41 61 78 7 38 24 24 21 7 82
split_gain=9.35011 31.1857 29.2842 23.3447 29.1381 24.9589 22.9494 30.2276 25.3365 23.0908 22.258 24.1406 20.9248 30.2186
threshold=0.020302201602942906 5.6809284628524397 0.044897165850247313 0.81536491499104102 -0.14790532823562982 0.56848899958487931 4.3931234780441279 2.4468380387690223 0.84210526315788703 -0.51766519458206928 0.92336907086892317 3.9137620687957568 1.9820624195624317 -22.475941378656824
decision_type=2 8 2 8 2 2 8 2 2 2 2 2 2 10
left_child=1 10 3 4 -3 -5 7 9 -8 -2 11 12 -1 -14
right_child=6 2 -4 5 -6 -7 8 -9 -10 -11 -12 -13 13 -15
leaf_value=0.0006479291644349033 -0.0064112188527292394 -0.0022468621203700044 -0.010169893909343102 0.0095027937989432525 0.022731021135971616 -0.0032012511951160609 -0.0081885116063427407 0.0099569700122127229 0.0087028111640346968 -5.8677050556541089e-07 0.014042841787897199 -0.01499818559854452 -0.013226122584852082 -0.00064062839813889801
leaf_weight=8353.124771906223 753.27350595232565 72.705649003619328 104.96175244450569 461.78484910633415 200.52940805198159 299.07237069681287 805.39335214160383 321.54815875552595 108.62492021918297 6263.0355960614979 117.13272299803793 112.42977795610204 316.32364490965847 773.20263927499764
leaf_count=46425 4698 435 664 2426 1060 1658 4504 2393 573 34193 514 581 2398 5978
internal_value=1.56696e-05 0.000692338 0.00611756 0.00793235 0.0163847 0.00455509 -0.000870404 -0.00021209 -0.00603772 -0.000705102 4.21279e-05 -0.000158476 4.95406e-05 -0.00446714
internal_weight=19063.1 10811.3 1139.05 1034.09 273.235 760.857 8251.88 7337.86 914.018 7016.31 9672.21 9555.08 9442.65 1089.53
internal_count=108500 62139 6243 5579 1495 4084 46361 41284 5077 38891 55896 55382 54801 8376
is_linear=0
shrinkage=0.035


Tree=175
num_leaves=15
num_cat=0
split_feature=84 7 79 59 16 1 34 12 61 68 72 59 54 27
split_gain=9.30205 21.4092 18.8324 15.8387 11.2206 21.0577 22.7174 21.2677 20.9157 21.9635 19.731 20.2255 16.3454 20.0286
threshold=-0.37799775421258469 1.7693923083019245 -2.5331567204420433 -0.095932261865730201 -0.50471623617118755 0.95143940881652067 0.74163510884823636 -0.2496814955831245 0.20853231137451486 0.63830122922963561 1.7359898850465159 -0.20302093289632131 -0.090349163418720138 -0.10421254055783426
decision_type=2 2 10 2 2 2 2 2 2 2 2 2 2 2
left_child=1 2 -1 -4 5 6 -2 8 -7 -10 11 -11 -6 -14
right_child=4 -3 3 -5 12 7 -8 -9 9 10 -12 -13 13 -15
leaf_value=0.026655766724631515 -0.004626887113427406 -0.0090852150850413167 0.015900242771855016 -0.0036497515711487673 -0.00089996430103272507 0.011782394139543878 0.0071732236604936245 -0.0048410313794406377 -0.011014037929044996 -0.010056504514613093 -0.013253629983506862 0.006933664044938212 0.008089877905507999 0.00098540042423495944
leaf_weight=49.243027669377625 2361.4297326492524 70.977147446013987 65.028386858757585 111.85931064467877 6614.6383015194442 280.81418792530894 200.43892784987111 475.25086383894086 133.92055602837354 79.747066595591605 60.948614094406366 692.60225176997483 501.31680673093069 7363.5004556188578
leaf_count=224 14125 474 383 701 37623 1303 1101 2553 680 385 298 3526 2783 42341
internal_value=1.52596e-05 0.00595979 0.0110366 0.00442241 -8.51079e-05 -0.00165404 -0.00365524 0.0013288 0.00371757 0.00118483 0.00335753 0.00496983 0.000380853 0.00145762
internal_weight=19061.7 297.108 226.131 176.888 18764.6 4285.15 2561.87 1723.28 1248.03 967.218 833.298 772.349 14479.5 7864.82
internal_count=108500 1782 1308 1084 106718 23971 15226 8745 6192 4889 4209 3911 82747 45124
is_linear=0
shrinkage=0.035


Tree=176
num_leaves=15
num_cat=0
split_feature=74 9 39 79 79 76 7 0 88 39 88 34 7 74
split_gain=9.26108 21.1802 15.2042 27.6538 39.4724 34.6134 25.7766 23.4852 20.9338 24.4043 17.2509 31.9224 15.1557 13.8085
threshold=-3.6263743611355173 24.367053748978254 -0.54084500023143189 -0.30983866769659202 1.1277216213956829 -1.3564167595228569 1.5242347424117808 52.792108775413134 3.5692500000000003 -0.10517994295055733 3.8011500000000007 -0.67978234365256929 1.4864697477835194 -1.6489190945943475
decision_type=2 2 2 8 8 10 2 2 2 2 2 2 2 2
left_child=1 2 -1 5 6 -4 -5 -8 9 -7 11 -6 -3 -2
right_child=13 12 3 4 10 8 7 -9 -10 -11 -12 -13 -14 -15
leaf_value=-0.016001101203328504 0.0026910462476727034 -0.006005111472101512 0.01302860155747847 0.023408622041910104 -0.014957519892467118 0.0082060135397839414 -0.016124446020214286 0.014863396426592684 -0.02981669145300617 -0.019952067484241887 -0.01767871171530069 0.013566269132951121 0.025773418654524888 -0.00018785447243742828
leaf_weight=112.06990369129926 2320.8626990704797 19.175169818568975 40.312583556398749 108.8035756777972 68.351376904640347 58.969414610648528 42.546137288212776 37.653665982186794 80.122660842724144 55.507271320559084 85.37189993262291 85.446242242120206 29.83319969009608 15913.395641670257
leaf_count=671 12551 331 219 528 369 344 280 308 522 410 447 562 389 90569
internal_value=1.53946e-05 -0.00356863 -0.00510797 -0.0028523 0.002476 -0.0119965 0.0137008 -0.0015129 -0.0179117 -0.00638402 -0.00676717 0.000627135 0.0152028 0.00018112
internal_weight=19058.4 824.163 775.155 663.085 428.173 234.912 189.003 80.1998 194.599 114.477 239.17 153.798 49.0084 18234.3
internal_count=108500 5380 4660 3989 2494 1495 1116 588 1276 754 1378 931 720 103120
is_linear=0
shrinkage=0.035


Tree=177
num_leaves=15
num_cat=0
split_feature=89 19 0 41 30 47 78 79 77 9 77 82 27 78
split_gain=9.24495 17.7802 14.1097 16.4798 14.8664 14.0718 13.4183 11.4396 44.4047 51.2834 36.4369 40.878 34.9769 32.2086
threshold=4.4490500000000006 -0.020956218199299614 234.09279418666424 -0.048712216678322949 0.53872907709745432 0.12282487756042944 -0.20308662330379679 1.0402161460285693 -1.6871844890391927 17.851320609465347 -1.0247056186374162 -33.688264567821584 0.089343515369411583 1.7712592494993513
decision_type=2 2 2 2 2 2 10 8 8 2 10 10 2 8
left_child=2 -2 7 -4 -5 -3 -6 -1 -9 10 -10 -12 -13 -14
right_child=1 5 3 4 6 -7 -8 8 9 -11 11 12 13 -15
leaf_value=-0.00066745266757961064 -0.0032698702415614941 0.013034057110069507 0.0041900712206609098 -0.026737697455594449 0.0089656375979752911 -0.0012089649907944381 -0.014218004260291022 -0.005111109447745182 0.010008061623024912 0.019299407829837835 -0.0060058273771212613 0.0012599421047076336 0.020069921730850832 -0.0030132007874630585
leaf_weight=11786.936395297977 231.40932426415384 257.57478508353233 71.518313812091947 53.637673050165176 38.264252515509725 117.88001465983689 46.69133448600769 1120.8642669089604 565.98393169953488 193.82777372165583 870.63309159688652 3383.3325055890018 218.90058883465827 100.4867192953825
leaf_count=68061 1460 1382 487 332 289 643 344 6118 2806 2595 4764 17708 1011 500
internal_value=1.40592e-05 0.00419414 -0.000127818 -0.00874043 -0.0150999 0.00872725 -0.00405735 -1.9148e-05 0.00116325 0.00249609 0.00179001 0.000733817 0.00234228 0.0130578
internal_weight=19057.9 606.864 18451.1 210.112 138.593 375.455 84.9556 18241 6454.03 5333.16 5139.34 4573.35 3702.72 319.387
internal_count=108500 3485 105015 1452 965 2025 633 103563 35502 29384 26789 23983 19219 1511
is_linear=0
shrinkage=0.035


Tree=178
num_leaves=15
num_cat=0
split_feature=84 83 79 9 36 27 77 0 85 70 9 90 44 7
split_gain=9.29272 26.2877 21.5925 24.4329 20.9745 20.4788 20.3265 26.5159 19.8928 19.8144 26.0727 27.4021 24.4942 25.165
threshold=-0.025749291670040662 -1.3218032120436796 -2.2686320864170448 10.177748831314084 0.0015905549188998897 0.0057346124650431178 -0.40505029928404529 31.49033772911902 0.12470518930003965 0.80767672765879828 5.2789520892817787 0.48560176229472635 1.1133948435683492 1.4864697477835194
decision_type=2 10 10 2 2 2 10 2 2 2 2 2 2 2
left_child=1 8 3 4 5 -3 7 -6 -1 10 11 12 13 -2
right_child=9 2 -4 -5 6 -7 -8 -9 -10 -11 -12 -13 -14 -15
leaf_value=-0.010922975278947644 0.0066564303798624259 0.015946043106471793 0.0003904937528508755 -0.0024727939830099985 0.019375269842004855 0.0029308952811252912 -0.0023245112064366287 -0.0027078025864872421 0.0051073230655988323 -0.0051977037866761337 -0.0012484902038653626 0.0062265999689045523 -0.012443494736303838 -0.0061894681365053444
leaf_weight=358.79152942937799 429.61719351634383 417.22449578857049 6685.5997997028753 421.85872067615855 135.46847213897854 240.01995666697621 403.7110221516341 108.91588449478149 113.15995298698545 1056.7609250876121 6867.3576340135187 1339.2861135266721 180.20238900184631 300.23343203961849
leaf_count=1915 1197 1799 39408 4077 524 1074 1808 468 585 6127 44316 3762 497 943
internal_value=1.40772e-05 0.000840087 0.0012971 0.00476174 0.00710183 0.0114199 0.00251198 0.0100731 -0.00702801 -0.000707532 -0.000176816 0.00307723 -0.00159179 0.00134796
internal_weight=19058.2 8884.75 8412.8 1727.2 1305.34 657.244 648.095 244.384 471.951 10173.5 9116.7 2249.34 910.053 729.851
internal_count=108500 51658 49158 9750 5673 2873 2800 992 2500 56842 50715 6399 2637 2140
is_linear=0
shrinkage=0.035


Tree=179
num_leaves=15
num_cat=0
split_feature=88 6 38 37 17 33 77 5 41 79 39 77 88 9
split_gain=9.25765 14.5491 18.6266 13.42 10.8525 10.4242 27.0629 23.0738 22.7162 29.0756 27.8354 22.5968 34.4555 38.0318
threshold=12.983350000000002 1.5458578951716857 0.4533010159206799 0.91281902024046702 -0.014881753684724051 -0.030235233863175056 -2.8320422598442576 3.1780538303479462 0.29501834255751341 1.1277216213956829 0.33594476000065604 0.30097443613441782 -1.0000000180025095e-35 6.9679229946083501
decision_type=2 2 2 2 2 2 8 2 2 8 2 10 2 2
left_child=5 3 -3 -2 -5 6 -1 -7 10 -10 11 -8 -13 -14
right_child=1 2 -4 4 -6 7 8 -9 9 -11 -12 12 13 -15
leaf_value=-0.0053462218583803338 -0.02301098094293947 -0.009731169593864759 0.011647697609368205 -0.012664993441835092 0.0059953859322277384 -0.00043278367899524496 0.0034621890610555543 -0.014361886926572915 -0.010877723881260645 0.0053651762528906903 0.01146477578496298 0.0031822043083674671 0.002357579721040354 -0.0084920863506972987
leaf_weight=727.54027136776131 60.909495789557695 72.905999548733234 88.637713881209493 56.188361251726747 59.209278849884868 10050.260163309635 3766.135978711427 127.86432471033186 354.43639608146623 195.83685875404626 353.36423116439255 1534.1585825024231 654.57046099565923 954.33365945052356
leaf_count=4176 310 467 362 272 292 55897 21567 1359 2169 1142 1893 9044 2313 7237
internal_value=1.39861e-05 -0.0055625 0.00199013 -0.0119804 -0.00361923 0.000120466 0.00102089 -0.000635593 0.00162594 -0.00511161 0.00214907 0.00164091 -0.000549506 -0.00410323
internal_weight=19056.4 337.851 161.544 176.307 115.398 18718.5 8540.38 10178.1 7812.84 550.273 7262.56 6909.2 3143.06 1608.9
internal_count=108500 1703 829 874 564 106797 49541 57256 45365 3311 42054 40161 18594 9550
is_linear=0
shrinkage=0.035


Tree=180
num_leaves=15
num_cat=0
split_feature=31 35 39 25 7 7 85 39 4 78 17 77 76 39
split_gain=9.32842 16.5199 20.3712 17.5217 15.5268 15.0935 16.7899 12.3683 14.4484 12.1407 11.7941 14.6826 35.2905 42.2407
threshold=-0.52706237956038315 0.039460186851497839 -0.14906021611414008 -0.11313074167629122 1.8395304958087542 1.7693923083019245 -0.0055216598484272962 -0.63335036790174093 5.5000000000000009 -0.33781808635143828 0.6143703271512041 3.5335772088798896 -1.0000000180025095e-35 -0.082885291192768176
decision_type=2 2 2 2 2 2 2 2 2 10 2 8 10 2
left_child=1 2 3 5 -5 6 -1 8 -2 -8 11 -9 -13 -14
right_child=7 -3 -4 4 -6 -7 9 10 -10 -11 -12 12 13 -15
leaf_value=0.00052374609084564227 -0.019067847449519715 -0.0091685618858145714 0.015326295749345645 -0.0098714692778867526 0.0090017573969971825 -0.0056476727702948048 0.025706168861963353 -0.00017067105103956722 0.0028016583426162204 0.0051808657891350167 -0.00486316788084128 0.01192491161662786 0.008525484043924161 -0.0086271697451299444
leaf_weight=123.41471194801852 69.683854819042608 92.194723276188597 168.31209140118153 181.34585805190727 55.211587007623166 79.380692253587767 79.06176039413549 16412.323481464162 55.307530493009835 74.40148682706058 589.16219866927713 403.7491442108294 299.36146571254358 371.74692081008106
leaf_count=671 823 708 963 1119 395 600 489 92396 462 434 3244 2250 1978 1968
internal_value=1.18736e-05 0.00354547 0.00528083 0.00202162 -0.00510819 0.00677572 0.010478 -0.0001575 -0.0103392 0.0174998 -7.57482e-05 9.09166e-05 0.00401533 -0.000950583
internal_weight=19054.7 853.323 761.128 592.816 236.557 356.259 276.878 18201.3 124.991 153.463 18076.3 17487.2 1074.86 671.108
internal_count=108500 5379 4671 3708 1514 2194 1594 103121 1285 923 101836 98592 6196 3946
is_linear=0
shrinkage=0.035


Tree=181
num_leaves=15
num_cat=0
split_feature=76 88 35 88 79 29 83 79 77 7 7 9 7 33
split_gain=9.07548 19.5589 31.5193 25.7099 20.8491 21.9978 21.363 17.5221 18.4273 15.0134 12.1028 42.1625 33.3634 27.7241
threshold=-3.9041893477876597 1.0000000180025095e-35 -0.032792849467378662 -11.060999999999998 2.4057310784277912 1.0437947706646979 0.28226381424830155 -0.86120654560521348 -0.83810573093620755 1.4114119393337423 1.5242347424117808 17.851320609465347 1.5126780303772489 0.55885280407098348
decision_type=10 2 2 2 8 2 10 8 10 2 2 2 2 2
left_child=1 2 9 -4 5 6 -3 8 -5 -1 11 12 -2 -13
right_child=10 4 3 7 -6 -7 -8 -9 -10 -11 -12 13 -14 -15
leaf_value=0.017291071145357721 0.00017016289111127569 0.010850886726741468 0.0071105536700175774 0.011537773631557235 0.01719383920572613 -0.012228055096539184 -0.01032227198261655 -0.019586205440607143 -0.012613913882933276 -0.0044708659913436106 0.0011359003951673613 -0.016001134766403972 -0.011610875171069386 0.014961999384376326
leaf_weight=62.966539846034721 8769.346652365406 176.29289450636134 65.491141507751308 46.013965755701065 72.557461077347398 124.71859060321003 65.024213335476816 266.04028867185116 75.247317464789376 60.688930442091078 8670.2362094314303 290.73067630289006 284.68400136288255 24.18723147502169
leaf_count=307 43589 938 346 210 341 650 341 1470 474 325 53324 4387 1542 256
internal_value=1.21573e-05 -0.00317515 -0.0073108 -0.0114941 0.00234216 -0.00134008 0.0047923 -0.0148348 -0.00311329 0.00747504 0.000194821 -0.00067664 -0.000225041 -0.0128716
internal_weight=19054.2 1015.04 576.448 452.793 438.593 366.036 241.317 387.302 121.261 123.655 18039.2 9368.95 9054.03 314.918
internal_count=108500 5402 3132 2500 2270 1929 1279 2154 684 632 103098 49774 45131 4643
is_linear=0
shrinkage=0.035


Tree=182
num_leaves=15
num_cat=0
split_feature=34 77 78 75 88 78 74 25 33 82 7 33 9 78
split_gain=9.00838 26.6525 21.0908 17.3299 31.1628 44.8979 26.9094 15.2717 11.2751 24.0489 36.0271 31.6713 31.3313 46.9713
threshold=1.3197152002469414 -0.75912386530956033 0.22059382542617315 6.0332873572128678 2.6164000000000001 0.22059382542617315 -0.58675103917370597 0.084283888095910739 0.0068869327039270409 -11.32129533231385 1.3485160673564445 0.15229215894126355 8.8729950018097021 0.22059382542617315
decision_type=2 10 8 2 2 10 2 2 2 10 2 2 2 10
left_child=3 -2 7 8 5 6 -5 -3 -1 12 -11 -12 13 -10
right_child=1 2 -4 4 -6 -7 -8 -9 9 10 11 -13 -14 -15
leaf_value=0.00078097824803808344 -0.020327706511858071 -0.01785531121907849 0.012662562094166304 0.018527544232252377 -0.0054389507032720575 0.04206772137595001 -0.014735898370260007 0.005883110759164349 0.003428671910285631 -0.0038107488155841862 -0.00075083454944640464 0.0056989154453567338 -0.0078943532686979838 -0.0074843199237616615
leaf_weight=10051.671342713009 84.005037229508162 59.779802067496348 88.531937469728291 38.682855196297169 90.106468330137432 42.71525651763659 40.747210695408285 43.663565121591091 1260.2580070632976 1635.9029120157938 1905.9048927532858 1798.7055189062376 1155.4242219960433 756.20651795715094
leaf_count=57752 527 434 505 216 523 237 348 244 5092 8345 10847 10203 10156 3071
internal_value=1.1367e-05 -0.00604717 0.00153008 0.000106757 0.00960814 0.0199118 0.00193186 -0.00850555 -1.21e-05 -0.000948224 0.000486592 0.00239451 -0.00335194 -0.000697185
internal_weight=19052.3 275.98 191.975 18776.3 212.252 122.145 79.4301 103.443 18564.1 8512.4 5340.51 3704.61 3171.89 2016.46
internal_count=108500 1710 1183 106790 1324 801 564 678 105466 47714 29395 21050 18319 8163
is_linear=0
shrinkage=0.035


Tree=183
num_leaves=15
num_cat=0
split_feature=78 35 79 6 40 34 79 88 13 81 19 90 78 6
split_gain=8.98974 19.5055 34.6634 31.2608 27.7462 27.692 26.1486 40.4316 23.8088 23.7409 23.3827 22.2291 22.1823 27.3487
threshold=-2.3666317366255454 0.0092604824997415472 1.2217154552124889 1.1176794150003249 0.25088236315092755 -0.33490337868499159 1.4354458299056394 -1.4858499999999999 0.83720815021534367 6.8152467514170931 0.17517607947806493 0.41452316721233801 -3.8930492992263015 1.4444656580881716
decision_type=10 2 8 2 2 2 10 2 2 10 2 2 8 2
left_child=1 3 9 -1 -4 11 7 8 -6 10 12 -5 13 -3
right_child=-2 2 4 5 6 -7 -8 -9 -10 -11 -12 -13 -14 -15
leaf_value=-0.016207176642759859 0.00038092652377909818 0.010574519459593236 0.013738138716766138 -0.0077160987179418486 -0.022573083956709115 -0.005544768867138972 -0.015531087080352494 0.019925033767295507 0.007519095343220092 -0.011589856649842002 -0.013553280587852228 0.0060510187031086581 0.0098433561523163654 -0.013574805399826445
leaf_weight=199.36770196491852 15414.320329288908 74.689300604630262 359.04318509623408 168.62217870587483 49.474566164892167 1187.0559376061428 80.137973866425455 99.980160688050091 45.949697218835354 254.64541750773787 94.015811008401215 598.47988188359886 294.5589547206182 130.49231118382886
leaf_count=1126 87553 480 1895 1033 294 6257 446 558 227 1509 515 3915 1823 869
internal_value=1.12643e-05 -0.00154916 0.00152806 -0.00366279 0.0075931 -0.00223176 -0.00080197 0.00611982 -0.00929071 -0.00307886 0.00083 0.0029056 0.00395333 -0.00462564
internal_weight=19050.8 3636.51 1482.99 2153.53 634.586 1954.16 275.542 195.404 95.4243 848.402 593.756 767.102 499.741 205.182
internal_count=108500 20947 8616 12331 3420 11205 1525 1079 521 5196 3687 4948 3172 1349
is_linear=0
shrinkage=0.035


Tree=184
num_leaves=15
num_cat=0
split_feature=78 7 75 35 78 79 77 82 76 82 82 77 77 75
split_gain=9.11942 37.2204 18.1957 40.8457 37.7156 32.244 28.8642 26.4765 27.1086 35.6315 24.8302 24.4261 40.5355 36.6076
threshold=2.6170579758188568 1.9410094088325394 -0.53588323895266277 0.0046356801596117566 5.3155581534990182 -0.86120654560521348 0.7400724929678304 -59.555314733339408 -1.8220725092015082 10.371746006292428 14.03429653700883 1.0000000180025095e-35 -3.2276858178005252 0.10777636165446745
decision_type=8 2 2 2 10 8 10 10 8 10 10 10 10 2
left_child=-1 2 3 4 6 -4 -2 -7 9 -9 -6 12 -10 -14
right_child=1 -3 5 -5 10 7 -8 8 11 -11 -12 -13 13 -15
leaf_value=0.00036034486262778075 0.0004045065411620826 -0.011562359336635769 -0.01259274081391904 0.013731765181247677 -0.0020741641791921679 -0.012551839611702829 -0.016434017452481218 0.020665370564420853 -0.017030021911054703 -0.0016562282464851847 0.027489792516127938 -0.0058043504452545795 -0.0083842250451090228 0.013387901313771964
leaf_weight=15750.103295618246 353.03785104238341 387.71938455756754 288.21588370855898 307.19425397273153 56.534566223621368 171.00989363342524 172.03623122686986 160.2672923944192 74.659155528992414 165.08212461229414 60.80481309723109 636.23836095351726 111.12512648291886 356.44212693767622
leaf_count=90006 2047 2753 1432 1742 312 1005 1065 809 407 779 299 3393 564 1887
internal_value=9.34484e-06 -0.00165779 -0.000269472 0.00366178 -0.00142278 -0.00218894 -0.00551307 -0.000271102 0.00127184 0.0098994 0.015018 -0.0012355 0.00414129 0.00808173
internal_weight=19050.5 3300.37 2912.65 949.608 642.413 1963.04 525.074 1674.82 1503.81 325.349 117.339 1178.46 542.226 467.567
internal_count=108500 18494 15741 5465 3723 10276 3112 8844 7839 1588 611 6251 2858 2451
is_linear=0
shrinkage=0.035


Tree=185
num_leaves=15
num_cat=0
split_feature=32 79 35 78 41 61 0 78 7 29 35 75 88 24
split_gain=8.98474 27.8746 27.7364 21.7668 40.0426 27.4732 24.1079 21.7128 28.1355 24.6407 30.1097 27.5319 22.0062 21.4769
threshold=0.020302201602942906 5.6809284628524397 0.044897165850247313 1.0186194466142215 -0.25747408030696878 0.56848899958487931 51.017054831004437 4.3931234780441279 2.4468380387690223 1.2020733406092816 0.020961922494799792 -0.60615483010319215 -6.9281499999999987 -0.51766519458206928
decision_type=2 8 2 8 2 2 2 8 2 2 2 2 2 2
left_child=1 -1 3 4 -3 -5 -6 8 13 10 -9 -11 -12 -2
right_child=7 2 -4 5 6 -7 -8 9 -10 11 12 -13 -14 -15
leaf_value=5.6334113706803155e-05 -0.0062070035909826621 -0.010199135765327935 -0.010058981208274092 0.0093073413561820337 0.025389420683576368 -0.0043509597067008599 -0.0002226002941626437 -0.0070126050158749228 0.0095779274753581486 0.0060933641829988994 -0.0070098374300114202 -0.020843048051232823 0.015855752931047021 -1.7744131105559783e-05
leaf_weight=9663.7672242545887 751.46316386497347 51.730046612676233 104.75098985806108 440.13614041544497 206.84775776322931 281.32030662428588 55.735988277941942 476.31655695009977 322.37403569975868 50.031909072771668 63.15336384717375 187.12561675906181 135.28418619884178 6259.2192052623723
leaf_count=55896 4698 308 664 2308 1074 1587 302 2841 2393 253 348 957 678 34193
internal_value=8.44735e-06 0.000671948 0.00579725 0.00756102 0.0149892 0.0040078 0.020322 -0.000860533 -0.000220406 -0.00589285 -0.00230472 -0.0151285 0.00860317 -0.00069693
internal_weight=19049.3 10804.3 1140.52 1035.77 314.314 721.456 262.584 8244.97 7333.06 911.912 674.754 237.158 198.438 7010.68
internal_count=108500 62139 6243 5579 1684 3895 1376 46361 41284 5077 3867 1210 1026 38891
is_linear=0
shrinkage=0.035


Tree=186
num_leaves=15
num_cat=0
split_feature=61 75 87 90 85 11 78 35 29 76 6 7 61 34
split_gain=8.99435 15.6301 17.7365 18.4091 17.5039 17.8314 12.0025 19.7467 32.0095 34.9758 29.0051 28.7197 27.7776 27.0996
threshold=0.94689007411421733 0.40934038426042291 -0.27089098903587677 0.48560176229472635 -0.11367654289559775 -0.21661762786717506 -2.3666317366255454 0.0092604824997415472 0.66354631834547795 -1.0032657052993703 1.2505902879809245 1.1470649507679544 0.14869950193697315 -0.36147032107428523
decision_type=2 2 2 2 2 2 10 2 2 8 2 2 2 2
left_child=6 4 -3 -4 -2 -6 7 10 -9 12 -1 -11 -10 -12
right_child=1 2 3 -5 5 -7 -8 8 9 11 13 -13 -14 -15
leaf_value=-0.012973499636373842 -0.0037705024789089626 -0.0085500925368147511 -0.0075152816234234313 0.0085951485698412475 0.020690786372881066 0.0054203461243902554 0.00023408299821110033 0.010490234334675599 -0.0097743971231872354 0.01335945618510046 0.0035551419332715303 -0.0084398393982889168 0.012577707133541024 -0.0056892205338365956
leaf_weight=363.32529166527092 174.36379447299987 242.40872689359821 112.21061965823174 240.52845428138971 100.63718921598047 546.88048863504082 14284.560860588652 319.31980623072013 73.993573664454743 65.162942728959024 606.23205562238581 651.98016373091377 256.11402784101665 1011.0609366565477
leaf_count=2050 995 1356 665 1265 551 3230 81086 2043 344 378 3939 3900 1313 5385
internal_value=8.06529e-06 0.00267077 -0.00162227 0.00334196 0.00574418 0.0083425 -0.000208715 -0.00208858 0.00113952 -0.00185479 -0.004305 -0.00615033 0.00729533 -0.00222293
internal_weight=19048.8 1417.03 595.148 352.739 821.881 647.518 17631.7 3347.19 1366.57 1047.25 1980.62 717.143 330.108 1617.29
internal_count=108500 8062 3286 1930 4776 3781 100438 19352 7978 5935 11374 4278 1657 9324
is_linear=0
shrinkage=0.035


Tree=187
num_leaves=15
num_cat=0
split_feature=36 35 79 79 79 38 32 78 7 79 79 78 88 75
split_gain=8.93521 26.2832 33.5114 31.6348 26.2541 22.7683 29.6758 34.2499 28.242 30.5397 34.2406 26.9078 31.0268 24.9743
threshold=0.019217246690779181 -0.0048512226435118025 -2.8172217849896066 0.72420063283549629 -0.4857930858174217 0.46574926283765516 -0.2998000667924961 -0.59989841937596311 1.8842385138739082 -0.95797659350189679 -2.5331567204420433 -1.0090140823013927 -3.4897499999999995 1.9752411256403335
decision_type=2 2 8 8 10 2 2 8 2 10 8 8 2 2
left_child=-1 2 -2 4 -4 -3 7 -7 -8 10 -10 12 -11 -13
right_child=1 5 3 -5 -6 6 8 -9 9 11 -12 13 -14 -15
leaf_value=0.00049763963435978781 -0.021574967605208994 -0.0085973783242149979 -0.0063042097711090523 -0.010896884717834966 0.0094480878894875383 0.016484417849318471 -0.002442311542682821 0.00092027381478322103 0.013872605397810253 0.031698222678924998 -0.012444471872387224 7.2831689078620127e-06 0.00095962694147114019 0.018965790872871348
leaf_weight=13445.6764007405 130.28172515612096 332.369204967923 218.43115240382031 374.10584103985457 266.10531217977405 267.92949079163373 2684.5388179224683 441.05419310624711 66.260129482485354 91.570792486192659 191.64060853701085 383.34290190506727 64.912569208070636 89.417577342828736
leaf_count=77720 677 2564 1135 1869 1425 1437 13993 2512 394 456 1202 2208 358 550
internal_value=8.34961e-06 -0.00116362 -0.00628077 -0.00352191 0.00237848 -4.4253e-05 0.000656741 0.00709295 -0.000653237 0.00469507 -0.00517128 0.0087736 0.020501 0.00421732
internal_weight=19047.6 5601.96 988.924 858.642 484.536 4613.04 4280.67 708.984 3571.68 887.145 257.901 629.244 156.483 472.76
internal_count=108500 30780 5106 4429 2560 25674 23110 3949 19161 5168 1596 3572 814 2758
is_linear=0
shrinkage=0.035


Tree=188
num_leaves=15
num_cat=0
split_feature=6 39 34 76 37 74 74 29 79 6 27 84 77 7
split_gain=8.82215 22.0773 38.4894 24.9754 25.1927 21.0892 24.1282 19.0501 17.3626 16.4013 26.8052 25.8034 24.7048 28.8389
threshold=2.0462229336179125 0.011524715464984065 -0.15524843056702561 -2.0314582157079459 1.13087981208848 1.3011510027621445 -0.26525550413896987 0.7739267890964926 -1.0000000180025095e-35 1.5458578951716857 0.089343515369411583 0.19359625765574015 -3.2276858178005252 1.081589674275361
decision_type=2 2 2 8 2 2 2 2 8 2 2 2 8 2
left_child=9 3 -3 4 8 6 -4 -8 -2 10 -1 12 13 -11
right_child=1 2 5 -5 -6 -7 7 -9 -10 11 -12 -13 -14 -15
leaf_value=-0.0012929868880266909 -0.014654075581539507 0.021031089768932254 0.0059625692012957917 -0.0060553792375991093 0.01758460549592146 0.0090978835375754748 0.0036241042716098288 -0.018798854042756195 0.0071871273470536338 0.016201885437375729 0.0046198311667591183 -0.0048636381175174289 0.0028200896932543511 -0.0088116306822176096
leaf_weight=8683.0250297188759 67.226075813174248 104.15139191038907 120.56998122856021 1348.7675737238023 100.99528528377414 155.29787669144571 56.559733748435974 145.65509081818163 73.457747170468792 46.623844332993031 1033.1483812090009 676.28354488639161 6040.0922422900767 395.64075826306362
leaf_count=49776 356 526 535 8084 500 814 233 717 408 246 6327 3717 34075 2186
internal_value=9.07599e-06 -0.0020796 0.0036653 -0.00420211 0.00581296 -0.000810443 -0.00583021 -0.0127654 -0.00377465 0.000280143 -0.000656062 0.00154911 0.00223103 -0.0055878
internal_weight=19047.5 2172.68 582.234 1590.45 241.679 478.083 322.785 202.215 140.684 16874.8 9716.17 7158.64 6482.36 442.265
internal_count=108500 12173 2825 9348 1264 2299 1485 950 764 96327 56103 40224 36507 2432
is_linear=0
shrinkage=0.035


Tree=189
num_leaves=15
num_cat=0
split_feature=89 19 47 0 41 30 44 33 6 6 77 79 78 75
split_gain=8.81412 16.3476 13.1608 12.9695 15.5192 12.5177 10.6124 11.1082 10.5607 29.0263 28.3188 23.2104 21.5199 20.38
threshold=4.4490500000000006 -0.020956218199299614 0.11300897554116994 234.09279418666424 -0.0071458674916542444 0.53872907709745432 1.1562937069960944 -0.093839638760466068 0.96060125309574529 1.012074701446023 -0.19166819744403804 0.31794172712154573 -1.1862203141173759 -1.0000000180025095e-35
decision_type=2 2 2 2 2 2 2 2 2 2 10 10 10 2
left_child=3 6 -3 8 -5 -6 7 -2 10 13 11 -1 -12 -10
right_child=1 2 -4 4 5 -7 -8 -9 9 -11 12 -13 -14 -15
leaf_value=0.017491772826208254 -0.0089810507560583643 0.01281051951588485 -0.00075145114411225076 0.002427994258009721 -0.026832287678090889 -0.0043296201137201932 -0.011851830296451298 0.0087247410235469537 -0.021936059963174347 -1.789723812271078e-05 -0.012380851575902675 -0.00047033307611370201 0.0030698800032369594 -0.003195728777358168
leaf_weight=220.50368437543511 48.814252564683557 249.17610002215952 126.83586972299963 90.153828617185354 46.865727994590998 72.644498195499182 81.675780934281647 100.32440037839115 102.94899374758825 17105.945706240331 141.20214066188782 137.47568502649665 333.360502790194 188.40814839536324
leaf_count=1234 335 1338 687 630 285 537 468 657 649 96896 901 809 2034 1040
internal_value=9.91477e-06 0.00409153 0.0084289 -0.000128695 -0.0083941 -0.0157356 -0.00308303 0.00255279 -2.4538e-05 -0.000210684 0.00377896 0.0109339 -0.00184212 -0.0108012
internal_weight=19046.3 606.826 376.012 18439.5 209.664 119.51 230.814 149.139 18229.8 17397.3 832.542 357.979 474.563 291.357
internal_count=108500 3485 2025 105015 1452 822 1460 992 103563 98585 4978 2043 2935 1689
is_linear=0
shrinkage=0.035


Tree=190
num_leaves=15
num_cat=0
split_feature=31 35 6 13 34 1 65 85 79 39 4 48 27 40
split_gain=8.77323 15.5198 19.1391 18.4947 20.7733 16.8295 13.5103 13.6761 11.8552 11.719 13.7759 11.5993 11.3338 19.6324
threshold=-0.52706237956038315 0.039460186851497839 1.7267423293126523 1.5767188509138155 0.23291602319110721 0.99742752250236777 0.16512019324143415 -0.021531812644355278 0.64549722436790324 -0.63335036790174093 5.5000000000000009 1.0305806923102636 -0.10421254055783426 0.53737139879731621
decision_type=2 2 2 2 2 2 2 2 10 2 2 2 2 2
left_child=1 2 3 4 6 8 -1 -8 -4 10 -2 -7 13 -11
right_child=9 -3 5 -5 -6 11 7 -9 -10 12 -12 -13 -14 -15
leaf_value=0.033931806456103705 -0.018699584403767282 -0.0089190019266016107 -0.015730621766157943 0.0014917629976005358 -0.0020325781094177819 0.015852768634355818 -0.0023001390140526745 0.018891880820725886 0.0034565154632615253 0.0045183587125036508 0.0027051938350615003 -0.0021257775679262487 -0.00032652640637820371 -0.0082744345450962483
leaf_weight=52.889988499693573 68.706781499087811 91.729210989084095 97.155905024555977 212.44714165721962 60.637953673081938 59.764617327600718 50.560391001868993 89.588086525909603 50.174232616089284 1190.2347696931101 55.351279190275818 88.869974864646792 16729.524325540398 148.66618001600727
leaf_count=381 823 708 678 1265 397 248 319 648 351 6473 462 384 94549 814
internal_value=7.8091e-06 0.00343359 0.00511048 0.00938891 0.0154102 -0.00179552 0.0205658 0.0119141 -0.00956419 -0.000156565 -0.0100997 0.00612601 -7.72043e-05 0.00299702
internal_weight=19046.3 853.818 762.088 466.124 253.676 295.965 193.038 140.148 147.33 18192.5 124.058 148.635 18068.4 1338.9
internal_count=108500 5379 4671 3010 1745 1661 1348 967 1029 103121 1285 632 101836 7287
is_linear=0
shrinkage=0.035


Tree=191
num_leaves=15
num_cat=0
split_feature=76 77 40 78 81 84 40 77 74 7 78 21 75 88
split_gain=8.69985 19.207 25.5203 26.248 37.9945 21.6167 20.7699 56.2455 20.1375 18.7408 18.1988 12.6179 11.6009 28.8238
threshold=-3.9041893477876597 1.0000000180025095e-35 -0.086071457736104987 1.2328604132940026 1.0000000180025095e-35 0.1131032065096934 0.0437541404705118 1.6154369947737723 0.92613826616862971 1.5126780303772489 0.81536491499104102 0.78914543068267007 6.0332873572128678 7.1221500000000004
decision_type=10 10 2 8 10 2 2 10 2 2 8 2 2 2
left_child=1 2 5 -4 -5 9 10 8 -8 -1 11 -3 -2 -14
right_child=12 6 3 4 -6 -7 7 -9 -10 -11 -12 -13 13 -15
leaf_value=0.020137447135439433 7.4261407229993812e-05 -0.01586190360023244 -0.012009203924546132 0.023991012964639846 -0.011229651165637657 -0.0087565138561170562 -0.027043197554112657 0.017991250950720628 -0.00046979379199138174 0.00010242450800455104 -0.028436439927966999 0.0057361727669266189 0.012988181776709847 -0.012113403122587714
leaf_weight=136.78935611061752 17765.46204939267 45.922118191374466 231.70919522922486 56.733884561806917 56.402669734321535 58.428795428015292 61.20452797645703 86.852358625736088 62.572102145000827 90.359870043583214 75.343864829745144 51.162011476466432 209.921187410946 56.789549991488457
leaf_count=683 101495 261 1249 255 306 291 316 431 327 493 507 283 1287 316
internal_value=8.27357e-06 -0.00311482 0.000679556 -0.00559107 0.00738301 0.00812191 -0.00908335 -0.00135462 -0.0155437 0.0128208 -0.0174023 -0.0054444 0.000187061 0.00717125
internal_weight=19045.7 1013.48 630.424 344.846 113.137 285.578 383.057 210.629 123.777 227.149 172.428 97.0841 18032.2 266.711
internal_count=108500 5402 3277 1810 561 1467 2125 1074 643 1176 1051 544 103098 1603
is_linear=0
shrinkage=0.035


Tree=192
num_leaves=15
num_cat=0
split_feature=34 77 78 75 88 78 74 25 3 31 85 29 77 37
split_gain=8.74347 24.8631 19.6517 15.9691 28.4549 42.2667 25.5578 14.4324 10.9599 16.4523 16.6567 16.0686 18.3642 17.103
threshold=1.3197152002469414 -0.75912386530956033 0.22059382542617315 6.0332873572128678 2.6164000000000001 0.22059382542617315 -0.58675103917370597 0.084283888095910739 6.3821214007554312 -0.66355903839152963 1.0000000180025095e-35 1.5480749412701773 -2.5267583097221054 0.84953129490578561
decision_type=2 10 8 2 2 10 2 2 2 2 2 2 8 2
left_child=3 -2 7 8 5 6 -5 -3 9 10 -1 12 -10 -14
right_child=1 2 -4 4 -6 -7 -8 -9 11 -11 -12 -13 13 -15
leaf_value=-0.0018331324974881413 -0.019825221982275047 -0.017477038856564205 0.012072343326524371 0.017778461596767336 -0.005208750398982236 0.040400086441342978 -0.014615388502942001 0.0056328164617122489 -0.013933268160265092 8.388989156069888e-05 0.016985155581203882 -0.012255797025658205 -0.0063652425037406431 0.0037057840767819278
leaf_weight=91.190829914063215 83.286082768812776 59.401620216667652 88.833892397582531 38.916790406219661 89.769109879620373 43.193350162240677 40.617032648995519 43.726282425224781 105.4494821986882 17166.355728373863 121.51394987106323 182.21246432083717 289.60178725467995 600.92956208714895
leaf_count=451 527 434 505 216 523 237 348 244 1466 89138 609 2271 3928 7603
internal_value=6.60603e-06 -0.00596968 0.00134521 0.000100506 0.00921634 0.019019 0.00162265 -0.00835511 -1.3688e-05 0.000209297 0.00945322 -0.00325144 -0.00139528 0.0003628
internal_weight=19045 275.248 191.962 18769.8 212.496 122.727 79.5338 103.128 18557.3 17379.1 212.705 1178.19 995.981 890.531
internal_count=108500 1710 1183 106790 1324 801 564 678 105466 90198 1060 15268 12997 11531
is_linear=0
shrinkage=0.035


Tree=193
num_leaves=15
num_cat=0
split_feature=74 9 39 79 79 76 7 0 88 39 88 34 7 74
split_gain=8.59239 20.5713 13.9598 26.099 37.9468 32.9973 23.9715 22.5125 19.783 23.075 16.2213 30.1194 13.7223 12.1785
threshold=-3.6263743611355173 24.367053748978254 -0.54084500023143189 -0.30983866769659202 1.1277216213956829 -1.3564167595228569 1.5242347424117808 52.792108775413134 3.5692500000000003 -0.10517994295055733 3.8011500000000007 -0.67978234365256929 1.4864697477835194 -1.6489190945943475
decision_type=2 2 2 8 8 10 2 2 2 2 2 2 2 2
left_child=1 2 -1 5 6 -4 -5 -8 9 -7 11 -6 -3 -2
right_child=13 12 3 4 10 8 7 -9 -10 -11 -12 -13 -14 -15
leaf_value=-0.01547322570634758 0.0025225709235598992 -0.0055490302774685177 0.01267520090883332 0.022691906467005713 -0.014695583075707805 0.0078511257129570741 -0.015769473298806173 0.014602576158865656 -0.029187721369566173 -0.019558620525235292 -0.017315369410204052 0.012998908745766828 0.024893907674901405 -0.00018083606355418833
leaf_weight=110.79451401857659 2321.6603356490377 18.78753013163805 40.427738584578037 109.14885937608778 68.163038687314838 59.177513599162921 42.162413978483528 37.722162496298552 79.171554084867239 55.117681891657412 85.001510063186288 85.900817673653364 30.377024450339377 15899.102100536453
leaf_count=671 12551 331 219 528 369 344 280 308 522 410 447 562 389 90569
internal_value=6.46147e-06 -0.00345041 -0.00497476 -0.00281545 0.00235686 -0.0117223 0.0133627 -0.00137535 -0.0175304 -0.00631121 -0.00670546 0.000465276 0.0150199 0.000166016
internal_weight=19042.7 821.952 772.788 661.993 428.099 233.894 189.033 79.8846 193.467 114.295 239.065 154.064 49.1646 18220.8
internal_count=108500 5380 4660 3989 2494 1495 1116 588 1276 754 1378 931 720 103120
is_linear=0
shrinkage=0.035


Tree=194
num_leaves=15
num_cat=0
split_feature=70 40 74 90 39 33 62 78 32 32 4 48 48 78
split_gain=8.60807 13.6994 22.3269 24.3002 16.2855 17.0395 16.904 16.4504 15.3864 25.4998 21.8398 17.3389 19.4625 18.8552
threshold=-0.4767217538412829 0.53737139879731621 2.1556519335400819 0.3743419694758815 0.18521825650224832 0.12492139533778547 0.49594785714184669 -1.0927755102892747 -0.42129612787151427 -0.70962376941219674 1.1666666666666667 0.60177477538511381 1.2288674115632905 3.8107180607376345
decision_type=2 2 2 2 2 2 2 10 2 2 2 2 2 10
left_child=1 4 3 -3 8 7 -7 -6 9 -1 -11 -10 13 -13
right_child=-2 2 -4 -5 5 6 -8 -9 11 10 -12 12 -14 -15
leaf_value=-0.0017760357678905906 -0.00042430469633075886 0.015700269543319781 -0.013549509032944015 -0.0034007834955723853 0.0013885160983792692 -0.0078466658869440313 0.012992189934807337 0.018258809160073726 -0.0083947723996053141 0.019566688993052032 0.0050073606332164348 0.0036045302499504357 -0.0050450144865081103 -0.011445815773060718
leaf_weight=516.71598827536218 14282.530444664109 84.154514145106077 170.19298811396584 357.23550921399146 110.42249250761233 120.5063268719241 52.250035429373384 196.53524817619473 277.28325999159279 145.58687127754092 638.12214952532668 1470.7140125937294 529.73273277236149 90.13779366761446
leaf_count=3442 82428 444 1069 1803 475 596 281 859 1557 622 3880 7757 2757 530
internal_value=5.4318e-06 0.00129136 -0.00352236 0.000763687 0.00201459 0.00794644 -0.000849881 0.0126462 0.00119998 0.00422759 0.0081316 -0.000484251 0.000634562 0.00260158
internal_weight=19042.1 4759.59 611.583 441.39 4148.01 479.714 172.756 306.958 3668.29 1300.43 783.709 2367.87 2090.58 1560.85
internal_count=108500 26072 3316 2247 22756 2211 877 1334 20545 7944 4502 12601 11044 8287
is_linear=0
shrinkage=0.035


Tree=195
num_leaves=15
num_cat=0
split_feature=35 77 77 66 74 77 76 39 78 40 41 75 74 88
split_gain=8.55239 33.3136 18.7285 14.5882 14.0827 11.1991 25.9645 53.0494 30.5016 24.7162 22.9179 22.2566 15.4289 15.9296
threshold=-0.087402887301549909 0.35408854791060712 -0.25841082394619097 -0.23420762375657253 -0.91838099652749283 4.0996431486929481 -1.0000000180025095e-35 -0.082885291192768176 -0.46762274085181837 -0.29273348109694669 -0.10843672160992646 1.1320039283794361 0.92613826616862971 6.4751000000000003
decision_type=2 10 10 2 2 8 10 2 10 2 2 2 2 2
left_child=1 2 3 -1 -3 -2 9 8 -8 -7 -10 -11 13 -9
right_child=5 4 -4 -5 -6 6 7 12 10 11 -12 -13 -14 -15
leaf_value=-0.0080025708948540629 -0.00027837698563785258 0.0065381461981665889 0.029519404591259443 0.014585560518689235 -0.014936958417340206 -0.0030549899531089456 0.021543582495207478 -0.010257998143490094 -0.014749791719495193 0.024125316476752721 0.0099540668378905375 0.00066873999012527496 -0.022580103385371277 0.0097945803166514817
leaf_weight=45.269924533553421 17888.280047403212 45.944304428994656 52.805047891568393 59.860422353260219 77.59984444710426 96.557238074718043 120.82034923508763 156.68646873626858 62.729575773468241 152.18634912278503 83.809668083675206 71.211259310133755 78.949790503829718 49.120725840330124
leaf_count=264 101565 272 293 413 554 666 775 817 428 805 576 345 479 248
internal_value=6.07426e-06 0.0058543 0.0156891 0.0051345 -0.00715244 -8.78134e-05 0.00373971 -0.000913937 0.00990696 0.0113514 -0.00112235 0.0173175 -0.0110571 -0.00502836
internal_weight=19041.8 281.48 157.935 105.13 123.544 18760.4 872.071 552.117 267.36 319.955 146.539 223.398 284.757 205.807
internal_count=108500 1796 970 677 826 106704 5139 3323 1779 1816 1004 1150 1544 1065
is_linear=0
shrinkage=0.035


Tree=196
num_leaves=15
num_cat=0
split_feature=7 41 35 79 76 74 78 79 7 77 77 6 37 33
split_gain=8.50538 22.148 19.5958 17.7874 20.3749 18.7372 16.2089 20.5338 15.0841 22.6705 27.4148 24.6227 31.1881 22.015
threshold=0.88145565578149432 0.22374275118307982 -0.06572007780961435 1.322056903774159 0.52901766968064079 -0.44226643100801516 -1.0090140823013927 -0.400542486609403 1.0486107060480263 -3.2276858178005252 -0.83810573093620755 1.2857142857143129 1.1146852390044864 0.044625998230263371
decision_type=2 2 2 8 10 2 10 10 2 10 10 2 2 2
left_child=1 2 -1 4 6 -6 -4 -8 9 -2 -11 12 -12 -13
right_child=8 -3 3 -5 5 -7 7 -9 -10 10 11 13 -14 -15
leaf_value=-0.017436478674275183 0.020968556173845142 -0.019569399308405198 -0.010401338901677826 0.015251749395820906 0.0030927173607668244 -0.026857221074393544 0.0208068267886285 -0.0018798983657854105 -0.0001093999038654247 -0.0067910833802998375 -0.01993649573588234 0.014669738972375694 0.0094822954229957634 0.00015809014470889005
leaf_weight=54.306542099802755 71.001356305554509 76.109788763569668 55.78335988195613 76.561820261180401 36.917414319701493 42.758327403804287 71.592745919711888 98.350226355716586 17517.859511893141 258.3101936946623 71.785131640266627 342.61052693706006 68.05316814314574 198.66265317704529
leaf_count=491 321 593 385 444 261 304 493 537 99686 1294 408 1820 365 1098
internal_value=7.36374e-06 -0.00435438 -0.000958583 0.0021352 -0.00188833 -0.015144 0.00364234 0.00886197 0.000132548 0.00424795 0.00257344 0.00621733 -0.00622459 0.00953897
internal_weight=19040.7 512.38 436.27 381.964 305.402 79.6757 225.726 169.943 18528.3 1010.42 939.422 681.111 139.838 541.273
internal_count=108500 3508 2915 2424 1980 565 1415 1030 104992 5306 4985 3691 773 2918
is_linear=0
shrinkage=0.035


Tree=197
num_leaves=15
num_cat=0
split_feature=88 75 3 26 88 78 40 79 89 7 33 25 13 78
split_gain=8.48317 14.4132 12.7318 11.9264 10.3984 19.0682 49.1964 28.5827 20.7308 18.6457 25.4026 21.2873 20.9913 19.3519
threshold=12.983350000000002 1.8225803982152251 1.7732398701669501 0.097117961888703988 9.7792500000000011 -0.46762274085181837 0.53737139879731621 2.4057310784277912 3.8250500000000005 1.5126780303772489 0.028823475282092757 0.074686210075925408 0.53657264496519697 0.91439502544610052
decision_type=2 2 2 2 2 8 2 10 2 2 2 2 2 8
left_child=4 2 3 -2 -1 6 -6 8 9 10 12 -11 -7 -14
right_child=1 -3 -4 -5 5 7 -8 -9 -10 11 -12 -13 13 -15
leaf_value=-9.1317197948229023e-05 0.0070486348849000263 0.0086985690480362986 -0.015701081101704973 -0.010657723591460817 0.017010349762001845 -0.0073175107587343758 -0.016547538516115873 0.015637168534338379 0.012076061234290303 -0.019450751037503735 -0.012058240263629557 0.0021855379454871937 -0.0019629832481597447 0.023484034908036022
leaf_weight=17687.389135314275 82.697979152202606 56.60455678589642 131.79050562158227 65.549579061567783 246.75613238452934 64.938707165420055 49.950517755001783 105.08397104404867 80.491263470612466 148.22000275179744 106.71135475672781 77.724314387887716 52.043359460309148 84.005490925163031
leaf_count=101685 304 252 885 262 1282 331 250 465 392 844 486 399 281 382
internal_value=6.34704e-06 -0.00534094 -0.00856944 -0.00111671 0.000108196 0.00351644 0.0106727 0.000355329 -0.00267024 -0.00525037 0.000462598 -0.0124354 0.00760002 0.0147457
internal_weight=19040 336.643 280.038 148.248 18703.3 1015.93 296.707 719.218 614.134 533.643 307.699 225.944 200.988 136.049
internal_count=108500 1703 1451 566 106797 5112 1532 3580 3115 2723 1480 1243 994 663
is_linear=0
shrinkage=0.035


Tree=198
num_leaves=15
num_cat=0
split_feature=61 16 44 59 79 69 78 35 27 54 3 24 55 46
split_gain=8.44007 15.2036 15.9317 12.6622 13.0482 13.7063 11.4023 18.7561 15.9982 11.2726 10.8246 10.7599 15.625 14.5923
threshold=0.94689007411421733 -1.059656898976068 1.5540620541548866 -0.051170437903757894 -1.6916074204827882 0.90289971855329232 -7.8180718779674914 0.034667350664031989 0.053376928917772029 -1.1250511467209707 1.9885084033613378 0.92336907086892317 -0.18398407852073215 0.75191252897405436
decision_type=2 2 2 2 8 2 8 2 2 2 2 2 2 2
left_child=6 -2 3 -3 -5 9 7 8 -1 -6 -4 -8 13 -13
right_child=1 2 10 4 5 -7 11 -9 -10 -11 -12 12 -14 -15
leaf_value=-0.018261496431546193 -0.010069476676052834 0.010390839487475453 0.018895419212240677 -0.0078447414895306232 -0.010501785162119312 -0.0094503960923727568 -0.00026276972992222644 0.0066045976590959074 0.0038339166727166187 0.0050763189640820813 0.00054851477414982557 -0.013609403687048783 0.0072572327960365498 0.0068007273806375834
leaf_weight=136.39540868229233 88.972824094817042 166.22728807397652 106.43753510154784 170.58069769805297 43.277788034640253 88.155257345177233 16742.136815560261 71.834465542808175 45.817439307458699 694.49705236568116 59.000290352851152 82.417429760098457 485.57447638548911 57.634247856214643
leaf_count=892 441 927 360 1041 243 566 95747 372 298 4094 390 394 2486 249
internal_value=6.13744e-06 0.00258533 0.00356986 0.0020126 0.000438086 0.00229378 -0.000203977 -0.0072876 -0.0128759 0.00390945 0.0131172 -9.20982e-05 0.00434183 -0.00540995
internal_weight=19039 1417.15 1328.18 1162.74 996.511 825.93 17621.8 254.047 182.213 737.775 165.438 17367.8 625.626 140.052
internal_count=108500 8062 7621 6871 5944 4903 100438 1562 1190 4337 750 98876 3129 643
is_linear=0
shrinkage=0.035


Tree=199
num_leaves=15
num_cat=0
split_feature=84 83 79 9 75 32 81 79 29 85 70 9 79 90
split_gain=8.46341 24.2739 20.2993 22.7744 20.2897 20.8161 21.1881 19.6736 18.3989 18.3133 18.0293 24.3458 25.8325 22.594
threshold=-0.025749291670040662 -1.3218032120436796 -2.2686320864170448 11.847133757962199 -1.1774360007054085 0.40498421205984991 20.801404008379269 -5.2310245385590646 1.0224850667108429 0.12470518930003965 0.80767672765879828 5.2789520892817787 0.056769088896962173 0.45133061412418202
decision_type=2 10 10 2 2 2 10 8 2 2 2 2 10 2
left_child=1 9 3 4 -3 6 7 8 -6 -1 11 12 13 -2
right_child=10 2 -4 -5 5 -7 -8 -9 -10 -11 -12 -13 -14 -15
leaf_value=-0.010537344461557798 -0.0074221415591234213 0.015375617736798273 0.00035307223101078213 -0.0044992830945559947 -0.014717802472744923 -0.0083908777213817214 0.017867157518668401 0.0061368403326999797 0.006972839864675515 0.0048473815925853068 -0.0049734485828027012 -0.0012141708337241612 0.0067700924644233306 0.0027605058293315313
leaf_weight=356.80879353691125 383.29639783501625 234.36173631623387 6681.4900583955459 269.75783457409125 102.24456991814077 122.77737804688513 137.63645331468433 797.1870862711221 63.346964444033802 113.38746412657201 1053.6822512270883 6857.128772930475 1093.9362730421126 770.2820735424757
leaf_count=1915 1141 1065 39408 2927 475 577 647 3782 277 585 6127 44316 3088 2170
internal_value=5.48947e-06 0.000793889 0.00123254 0.00459145 0.00631205 0.00435607 0.00590268 0.00386347 -0.00656283 -0.00678093 -0.000683826 -0.000177574 0.00296788 -0.000691683
internal_weight=19037.3 8879 8408.8 1727.31 1457.55 1223.19 1100.42 962.779 165.592 470.196 10158.3 9104.64 2247.51 1153.58
internal_count=108500 51658 49158 9750 6823 5758 5181 4534 752 2500 56842 50715 6399 3311
is_linear=0
shrinkage=0.035


Tree=200
num_leaves=15
num_cat=0
split_feature=76 77 35 40 78 81 84 74 77 88 56 0 88 17
split_gain=8.47435 18.675 24.5352 20.3075 21.691 29.4714 21.0761 26.4231 20.8741 21.3961 19.7944 19.3356 12.954 11.2803
threshold=-3.9041893477876597 1.0000000180025095e-35 -0.046983764686183697 -0.086071457736104987 1.2328604132940026 1.0000000180025095e-35 0.1131032065096934 -0.061524544395231716 -2.0640263173581253 -1.0000000180025095e-35 1.4122534594735774 14.29025896042071 6.7860500000000004 0.6143703271512041
decision_type=10 10 2 2 8 10 2 2 10 2 2 2 2 2
left_child=1 2 -1 6 8 -6 7 -4 -5 -10 11 -3 -13 -2
right_child=13 10 3 4 5 -7 -8 -9 9 -11 -12 12 -14 -15
leaf_value=0.016768101028205237 0.00034336200987713882 0.0064471962156554246 0.019120056179333936 -0.024913953864693798 0.01977410844463915 -0.011828288516461692 -0.011802657266598472 -0.0065909742055167177 -0.015797282355910013 0.0098371155266746418 0.0064701753763525766 -0.019848972236294775 -0.0011273417080097073 -0.0045519018834114531
leaf_weight=78.584472278133035 17447.236425024414 44.684384053805843 123.18411809112877 89.694239155389369 53.12306416220963 52.951755867339671 49.658891327679157 61.968641245737672 59.167691733688116 61.496896445285529 69.902696310542524 207.48935107747093 59.652915546670556 576.35822953097522
leaf_count=373 99883 311 608 525 237 293 252 346 321 322 367 1134 313 3215
internal_value=5.56573e-06 -0.00307977 0.000661006 -0.00214187 -0.00772458 0.00462463 0.00539722 0.0107112 -0.0138126 -0.00319156 -0.00897745 -0.0126216 -0.0160381 0.000181949
internal_weight=19035.2 1011.56 629.83 551.245 316.434 106.075 234.812 185.153 210.359 120.665 381.729 311.827 267.142 18023.6
internal_count=108500 5402 3277 2904 1698 530 1206 954 1168 643 2125 1758 1447 103098
is_linear=0
shrinkage=0.035


Tree=201
num_leaves=15
num_cat=0
split_feature=1 78 7 41 78 77 85 6 33 1 38 76 52 9
split_gain=8.46423 18.6131 28.9671 42.9395 26.7672 25.2303 25.6257 22.6592 21.0007 21.714 20.338 26.1325 19.7505 20.2481
threshold=0.92764610273227055 -0.20308662330379679 1.2537339358080652 -0.23562731285972052 0.29844515116949438 -2.0640263173581253 -0.0055216598484272962 2.0000000000000773 0.080164937101993808 0.73279391501012348 0.64699779915646849 -0.43471014565636812 0.59179018833889352 16.985359694555314
decision_type=2 8 2 2 8 8 2 2 2 2 2 10 2 2
left_child=1 12 3 -3 10 6 -6 8 -5 -10 -4 -12 -1 -14
right_child=-2 2 4 7 5 -7 -8 -9 9 -11 11 -13 13 -15
leaf_value=-0.0058225110309255415 0.00075035074115833381 -0.010288991722663333 -0.012891822345708411 0.0036266625557776376 -0.0006445679461177412 -0.00090068095882660747 -0.017477871264001393 -0.0087064348550257801 0.02044202252435201 -0.00081462318176316463 -0.014755218614453461 0.0077843556530462314 0.0022229392864547958 -0.01165558682793248
leaf_weight=450.88976988848299 9408.8269799132831 232.18879759404808 543.15280582779087 567.6780343450373 205.34492595121264 2856.8048595162109 224.6780614273157 98.857179792132229 213.68626489723101 76.699453799985349 79.517878038808703 151.85092431865633 3810.9272340008756 113.59917893906822
leaf_count=2586 54250 1311 3461 2890 1129 16539 1319 563 892 350 354 620 20090 2146
internal_value=4.63735e-06 -0.000724306 -0.00212572 0.00264655 -0.0035291 -0.0021207 -0.0098255 0.00593163 0.00777797 0.0151368 -0.00930211 -0.000519791 0.000959404 0.00176415
internal_weight=19034.7 9625.88 5250.46 1189.11 4061.35 3286.83 430.023 956.921 858.064 290.386 774.522 231.369 4375.42 3924.53
internal_count=108500 54250 29428 6006 23422 18987 2448 4695 4132 1242 4435 974 24822 22236
is_linear=0
shrinkage=0.035


Tree=202
num_leaves=15
num_cat=0
split_feature=88 76 74 91 78 79 1 76 88 35 75 77 77 32
split_gain=8.36813 33.4274 39.646 25.9826 22.8203 17.3874 21.0098 11.3294 23.8195 34.2435 19.95 18.8889 20.7807 18.3894
threshold=-12.073599999999997 0.066247095403994719 -0.26525550413896987 0.67404160895733567 -0.33781808635143828 -0.75641594144395008 0.62654033472955939 -3.9041893477876597 1.0000000180025095e-35 -0.032792849467378662 -1.2923433431046309 1.2237560131093421 1.0000000180025095e-35 0.12824603647661523
decision_type=2 10 2 2 8 8 2 10 2 2 2 10 10 2
left_child=1 2 3 -1 -3 -4 -7 8 9 -2 -10 12 13 -12
right_child=7 4 5 -5 -6 6 -8 -9 10 -11 11 -13 -14 -15
leaf_value=-0.013020158606839595 0.0067958793826067478 0.0064353173808513334 -0.00045251279163438285 0.012217309879671756 -0.017192030541565845 0.0031281419676750994 0.030080727633805121 7.7400910321121581e-05 0.017185213544019522 -0.013382536699407135 -0.0067837415942685504 0.011977201504661932 -0.018844875861258627 0.012764926430671493
leaf_weight=104.15633261599578 122.05879996204749 69.798547822982073 46.484804073814303 64.403582288883626 104.54432322690263 53.542732542846352 125.18770822510123 17496.892127818835 68.215303290635347 406.53317828115541 136.93570006545633 80.420717736706138 77.836774706840515 74.456660116091371
leaf_count=641 622 504 286 355 694 377 699 99769 355 2283 710 393 398 414
internal_value=2.51843e-06 0.00411258 0.00962351 -0.00310432 -0.00804397 0.0186258 0.0231339 -0.000128261 -0.00377768 -0.00864519 0.00221934 -0.0012828 -0.00550595 0.000609878
internal_weight=19031.5 568.118 393.775 168.56 174.343 225.215 178.73 18463.3 966.457 528.592 437.865 369.65 289.229 211.392
internal_count=108500 3556 2358 996 1198 1362 1076 104944 5175 2905 2270 1915 1522 1124
is_linear=0
shrinkage=0.035


Tree=203
num_leaves=15
num_cat=0
split_feature=31 35 13 71 25 39 85 9 60 25 74 34 78 21
split_gain=8.27828 14.6975 17.7433 16.7501 14.2534 21.0975 13.8093 11.5624 10.9777 10.8146 21.5574 26.4178 22.8557 22.704
threshold=-0.52706237956038315 0.041979516298065268 0.70997529007148152 -0.14785189932196727 -0.11313074167629122 -0.16013312583503111 -0.0055216598484272962 13.528608203477386 1.0901270297756003 -0.16409483744586176 -2.7124527217046714 -0.20676569861317057 -5.7190736881343023 0.63166658901939077
decision_type=2 2 2 2 2 2 2 2 2 2 2 2 10 2
left_child=1 2 3 -1 6 -6 8 -8 -4 10 -2 12 -12 -13
right_child=9 -3 4 -5 5 -7 7 -9 -10 -11 11 13 -14 -15
leaf_value=-0.002431275999758935 -0.0099629400389879864 -0.0093142180138299745 -0.0072157413741582308 0.024113294779961367 -0.0089923947456704914 0.012319709314261674 0.01641536805706616 -0.0010589196043794859 0.0088264689769159566 0.00031821475859445265 -0.0096293783838693591 0.0019743108631247635 0.004619433928131288 -0.0050934861472279273
leaf_weight=36.656147218309343 334.27104593673721 82.111835320480168 109.74544064095244 77.627554010599852 203.26868731505238 57.408876353176311 159.44975172262639 59.430077709024772 67.624017456138972 13892.665050335192 136.67123329825699 783.10670519690029 1196.7270068854559 1833.1317020629067
leaf_count=266 2136 633 619 533 1265 310 866 488 399 77803 922 4693 7771 9796
internal_value=3.48044e-06 0.00333215 0.00488003 0.0165052 0.00242974 -0.00375543 0.00648367 0.0119793 -0.000824843 -0.000156279 -0.00168938 -0.000942498 0.00303824 -0.00297899
internal_weight=19029.9 853.322 771.211 114.284 656.927 260.678 396.249 218.88 177.369 18176.6 4283.91 3949.64 1333.4 2616.24
internal_count=108500 5379 4746 799 3947 1575 2372 1354 1018 103121 25318 23182 8693 14489
is_linear=0
shrinkage=0.035


Tree=204
num_leaves=15
num_cat=0
split_feature=7 41 35 79 76 74 88 76 75 79 39 35 0 40
split_gain=8.29716 21.0332 18.641 16.7139 19.3661 17.9806 16.0468 14.5441 14.2129 41.8573 24.897 35.9776 33.9794 29.6989
threshold=0.88145565578149432 0.22374275118307982 -0.06572007780961435 1.322056903774159 0.52901766968064079 -0.44226643100801516 -8.3718499999999985 0.066247095403994719 -2.3686175465867243 3.0243408097384097 0.18521825650224832 -0.050482818550193743 61.14780795324662 -0.68880858577180026
decision_type=2 2 2 8 10 2 2 10 2 10 2 2 2 2
left_child=1 2 -1 4 6 -6 -4 -8 9 10 11 -2 -12 -13
right_child=8 -3 3 -5 5 -7 7 -9 -10 -11 12 13 -14 -15
leaf_value=-0.017122841734469596 0.013674692846948645 -0.019189495243514966 0.018678606509503693 0.014700180424325712 0.0029875575577949375 -0.026400415375617423 -0.0071471794006323884 0.012660839987314095 -0.00015949742250022196 -0.015660164630422115 0.020474442621754258 0.0094430699007442571 -0.0044611749089416512 -0.0051241870432798256
leaf_weight=53.901172483107075 246.41877535603271 75.512515227193944 43.424298825208098 76.878906580619514 36.972138446755707 42.283138386672363 138.7293058950454 43.840901591815054 17042.414515039243 110.22139735054225 218.25345633341931 217.30048943753354 84.431798504665494 599.24697666056454
leaf_count=491 1794 593 322 444 261 304 853 240 95083 702 1026 1654 496 4237
internal_value=3.81739e-06 -0.00430765 -0.00100183 0.00201064 -0.00189271 -0.0148515 0.00348988 -0.00161024 0.000127435 0.00339857 0.00514063 0.00250322 0.0136734 -0.00111445
internal_weight=19029.8 511.542 436.03 382.129 305.25 79.2553 225.995 182.57 18518.3 1475.87 1365.65 1062.97 302.685 816.547
internal_count=108500 3508 2915 2424 1980 565 1415 1093 104992 9909 9207 7685 1522 5891
is_linear=0
shrinkage=0.035


Tree=205
num_leaves=15
num_cat=0
split_feature=34 77 78 75 26 88 25 33 7 9 78 78 9 7
split_gain=8.23543 23.539 18.2407 15.413 28.0235 28.7036 13.8229 10.8095 23.3072 40.4493 32.9248 36.3344 32.9879 32.7254
threshold=1.3197152002469414 -0.75912386530956033 0.22059382542617315 6.0332873572128678 -0.42999128750372212 5.0385500000000008 0.084283888095910739 0.0068869327039270409 1.6392167949513021 9.4054734835591702 -0.20308662330379679 -1.6546915118308227 15.547254011817476 1.8619586912651542
decision_type=2 10 8 2 2 2 2 2 2 2 8 10 2 2
left_child=3 -2 6 7 -5 -6 -3 -1 9 -9 11 -10 13 -12
right_child=1 2 -4 4 5 -7 -8 8 10 -11 12 -13 -14 -15
leaf_value=0.0007590791771746613 -0.019346674558674937 -0.017049918389493771 0.011620591383455893 -0.0090943076633143455 0.026317278415749955 -0.0032861921991206226 0.0055821939677606095 -0.00053866674667290193 -0.0015165223547109578 -0.0074969179887416125 0.001626347623706247 0.009486376658875726 0.011334912518180203 -0.0085179752584656886
leaf_weight=10042.51982475329 82.580635422840714 58.912683048343752 88.961081254296005 60.387888198019937 97.060603064484894 54.905012764036655 43.697360972873867 3909.4954049296211 600.80571065068943 1368.0090704675531 743.34513802872971 907.9869757485576 184.62165273842402 786.18366461992264
leaf_count=57752 527 434 505 402 612 310 244 15494 3716 12274 3825 5630 2293 4482
internal_value=3.49226e-06 -0.0058075 0.00130598 9.4529e-05 0.00905298 0.0164833 -0.00807343 -1.77063e-05 -0.000935037 -0.00236384 0.00140476 0.00514247 -0.00190654 -0.00363052
internal_weight=19029.5 274.152 191.571 18755.3 212.354 151.966 102.61 18543 8500.45 5277.5 3222.94 1508.79 1714.15 1529.53
internal_count=108500 1710 1183 106790 1324 922 678 105466 47714 27768 19946 9346 10600 8307
is_linear=0
shrinkage=0.035


Tree=206
num_leaves=15
num_cat=0
split_feature=7 40 88 88 78 78 9 9 7 77 6 27 77 75
split_gain=8.27894 26.8165 24.9738 33.5911 39.4139 37.9377 27.1642 25.6667 29.223 24.3797 22.2712 28.6278 29.5249 21.6251
threshold=1.9820624195624317 -0.22189542511368585 2.1372000000000004 7.1221500000000004 0.81536491499104102 -1.0090140823013927 8.3680944626178722 18.901130498515368 2.3481039040253733 2.4315126136044056 1.209954496084517 -0.032686251380178978 -0.19166819744403804 0.5313062942875233
decision_type=2 2 2 2 10 10 2 2 2 10 2 2 10 2
left_child=-1 -2 7 5 13 -4 -7 9 -9 10 -3 -12 -13 -5
right_child=1 2 3 4 -6 6 -8 8 -10 -11 11 12 -14 -15
leaf_value=0.00028151058706110492 -0.0090025730361229551 -0.0068797566038507072 -0.021436987315192842 0.022612774180545962 -0.016156996571047858 0.007085610822317275 -0.010691787336854844 -0.0057613547580864137 0.03138619172618505 -0.01452237917855319 -0.0052962270401749195 0.0013795503348451204 0.017418909780894803 -0.00061643121260111843
leaf_weight=16624.960689914602 494.18761020386592 188.22912504151464 182.60018298751675 106.00720260292292 55.600355982780457 177.16144653782248 207.80461129383184 30.990905521437526 56.913677399978042 83.600208476185799 188.17665224708617 266.37745421985164 286.8087047948502 78.732225473038852
leaf_count=91290 4289 1281 1387 609 337 768 1818 450 831 554 1261 1559 1601 465
internal_value=3.2522e-06 -0.00190814 2.70986e-06 -0.00460769 0.0060192 -0.00915942 -0.00256473 0.00340734 0.0196493 0.0016451 0.00337432 0.00609012 0.0100131 0.0136198
internal_weight=19028.2 2403.19 1909 807.906 240.34 567.566 384.966 1101.1 87.9046 1013.19 929.592 741.363 553.186 184.739
internal_count=108500 17210 12921 5384 1411 3973 2586 7537 1281 6256 5702 4421 3160 1074
is_linear=0
shrinkage=0.035


Tree=207
num_leaves=15
num_cat=0
split_feature=84 7 79 59 16 1 34 12 61 68 72 59 16 7
split_gain=8.24893 19.6637 17.4757 10.5433 10.028 19.2557 21.2398 19.1358 19.0716 20.269 18.6077 18.5985 15.9513 20.173
threshold=-0.37799775421258469 1.7693923083019245 -0.4857930858174217 -0.086598604940773621 -0.50471623617118755 0.95143940881652067 0.74163510884823636 -0.2496814955831245 0.20853231137451486 0.63830122922963561 1.7359898850465159 -0.20302093289632131 -0.96246961125256281 1.7921979343826513
decision_type=2 2 10 2 2 2 2 2 2 2 2 2 2 2
left_child=1 2 -1 -4 5 6 12 8 -7 -10 11 -11 13 -2
right_child=4 -3 3 -5 -6 7 -8 -9 9 10 -12 -13 -14 -15
leaf_value=0.019787662239744878 -0.0029134672903953383 -0.0088503954566048187 0.011284657512440064 -0.006702867422620825 0.00034843335524951095 0.011239619825873993 0.0069669589192452221 -0.0045875087184441233 -0.010622328611683489 -0.009656857699492238 -0.012947071656132455 0.0066545749518819508 -0.0062967542045299042 0.011481235726496874
leaf_weight=103.09876625891775 569.19724703556858 70.62531330389902 49.081962357275188 74.861011325847358 14457.179857588199 280.88288752734661 200.56948333757464 473.74290333129466 133.36602507252246 79.500635563395917 60.708967363461852 691.97807873692364 1652.0566243291978 129.52837621374056
leaf_count=531 3134 474 277 500 82747 1303 1101 2553 680 385 298 3526 9987 1004
internal_value=2.62074e-06 0.00559546 0.0104418 0.000998489 -9.21438e-05 -0.00157797 -0.00349686 0.00127559 0.00354128 0.00111917 0.00320599 0.00477214 -0.00444088 2.27664e-07
internal_weight=19026.4 297.667 227.042 123.943 18728.7 4271.53 2551.35 1720.18 1246.44 965.554 832.188 771.479 2350.78 698.726
internal_count=108500 1782 1308 777 106718 23971 15226 8745 6192 4889 4209 3911 14125 4138
is_linear=0
shrinkage=0.035


Tree=208
num_leaves=15
num_cat=0
split_feature=34 35 79 79 38 32 78 7 78 7 76 10 7 13
split_gain=8.30937 30.417 19.9684 35.5159 19.2999 20.0275 30.228 27.1093 36.5391 32.2652 23.6896 20.2857 19.6338 18.2634
threshold=0.37077860225286668 -0.0048512226435118025 -1.6916074204827882 0.72420063283549629 0.46574926283765516 -0.2998000667924961 -0.59989841937596311 1.8842385138739082 -1.3971743833139894 1.8395304958087542 -1.4968357681807996 -1.0000000180025095e-35 1.7306655704871201 1.1955379813463087
decision_type=2 2 8 8 2 2 8 2 8 2 10 2 2 2
left_child=-1 2 -2 -4 -3 6 10 9 -9 11 -6 -7 -13 -5
right_child=1 4 3 13 5 7 -8 8 -10 -11 -12 12 -14 -15
leaf_value=0.00043256126229994319 -0.017603130587058268 -0.0091487501184455717 0.0034886294145796454 -0.016170503155561271 -0.0050101606353755322 0.0016170239492471934 9.3961816811255057e-05 0.019407720753558767 0.0011317997496204054 -0.019990778278219726 0.020394953623241861 -0.0067393956632601244 0.0069475464461377853 0.0039878773747473338
leaf_weight=14141.472031464211 162.9183901976794 243.38065249240026 341.03890595166013 258.34280179755297 48.141007906757295 1241.6600774095859 398.30844419752248 151.59611541079357 624.77700797026046 100.75822076573968 195.5252172765322 923.62280408432707 132.03297132439911 60.023693182505667
leaf_count=81140 860 2016 1848 1309 264 6461 2330 868 3768 635 1054 4933 706 308
internal_value=2.64401e-06 -0.00123933 -0.007292 -0.00430124 1.63908e-05 0.000645517 0.00618382 -0.00050621 0.00509817 -0.00234778 0.0153764 -0.00140812 -0.00493019 -0.0123588
internal_weight=19023.6 4882.13 822.324 659.405 4059.8 3816.42 641.975 3174.45 776.373 2398.07 243.666 2297.32 1055.66 318.366
internal_count=108500 27360 4325 3465 23035 21019 3648 17371 4636 12735 1318 12100 5639 1617
is_linear=0
shrinkage=0.035


Tree=209
num_leaves=15
num_cat=0
split_feature=6 6 40 4 78 74 75 76 79 79 88 75 88 40
split_gain=8.178 27.7136 23.3161 25.3728 28.8907 20.6099 19.5276 19.8923 18.3094 17.4281 17.3974 20.2432 15.126 14.4154
threshold=0.96060125309574529 1.012074701446023 0.25088236315092755 10.16666666666667 0.91439502544610052 -0.74726736904737356 -1.0000000180025095e-35 -1.2278592094972145 -0.95797659350189679 -0.400542486609403 6.7860500000000004 -0.68661319757314776 -4.457749999999999 -0.19831334715385007
decision_type=2 2 2 2 10 2 2 10 8 8 2 2 2 2
left_child=2 6 3 4 5 13 -2 -8 -7 -5 11 -4 -9 -1
right_child=1 -3 10 9 -6 8 7 12 -10 -11 -12 -13 -14 -15
leaf_value=-0.016509131063720709 -0.021115610439647145 2.3832439736307658e-05 0.011259879992609014 0.0082731926033038205 0.026569944199210719 -0.0048299434943306352 0.012174746900784409 -0.022180295677742292 0.017711586741791421 -0.015988379605478983 0.011619274456848886 -0.010490412048771644 -0.00039859386037861886 0.0059727236212233862
leaf_weight=52.253231476061046 106.2596026440151 17839.608050816401 47.014235803857446 47.121753597632051 100.48571687843651 50.3199567431584 54.670689451973885 48.785908748395741 145.25962255243212 64.147521246224642 59.329130167141557 263.97319104569033 92.092780621722341 52.551640473306179
leaf_count=299 667 101485 263 238 614 289 260 289 833 366 310 1764 537 286
internal_value=1.82354e-06 -0.000159772 0.0032538 0.00796612 0.0119494 0.00570521 -0.0103394 -0.00306786 0.0120019 -0.00601871 -0.00333749 -0.00672057 -0.00976121 -0.00608556
internal_weight=19023.9 18141.4 882.456 512.139 400.87 300.384 301.809 195.549 195.58 111.269 370.317 310.987 140.879 104.805
internal_count=108500 103238 5262 2925 2321 1707 1753 1086 1122 604 2337 2027 826 585
is_linear=0
shrinkage=0.035


Tree=210
num_leaves=15
num_cat=0
split_feature=35 77 77 66 7 77 74 76 74 7 82 78 41 0
split_gain=8.18373 31.4302 20.3243 13.7167 12.7466 10.3217 24.5215 21.01 18.3071 38.336 31.7556 25.3761 22.7897 17.7167
threshold=-0.087402887301549909 0.30097443613441782 -0.25841082394619097 -0.23420762375657253 1.3656918062268131 4.0996431486929481 0.62856893378207834 -0.1173816275296377 -0.16260295073495085 1.7921979343826513 42.633027631904248 1.0000000180025095e-35 0.038001150745133529 44.403591829322671
decision_type=2 10 10 2 2 8 2 10 2 2 10 10 2 2
left_child=1 2 3 -1 -3 -2 8 -8 9 10 11 -7 -11 -10
right_child=5 4 -4 -5 -6 6 7 -9 13 12 -12 -13 -14 -15
leaf_value=-0.0077836844720991245 -0.00027319935414113218 -0.01670523545275528 0.03089319683225944 0.014117942185654396 0.0030846753153422179 0.022781922705729173 0.0066744891142221218 -0.012928152317406997 0.024113791902204799 -0.024051935197862365 -0.012396192177054751 0.0028055603539494231 0.0051849114831261601 1.6828596966335138e-05
leaf_weight=45.114383962936699 17870.532467906072 55.250345739535987 46.93317567370832 60.130489325616509 73.859709625132382 147.39072723593563 93.897889796178788 151.45644738292322 103.72434298763983 64.625576863065362 55.621310777496547 157.73382532480173 43.426202727481723 53.594559118151665
leaf_count=264 101565 395 263 413 461 706 592 1172 538 385 286 844 320 296
internal_value=1.75673e-06 0.00572435 0.0156363 0.00498582 -0.00648882 -9.0141e-05 0.0035856 -0.00548853 0.00720127 0.00341278 0.00886342 0.013263 -0.013327 0.0168324
internal_weight=19023.3 281.288 152.178 105.245 129.11 18742 871.471 245.354 626.117 468.798 360.746 305.125 108.052 157.319
internal_count=108500 1796 940 677 856 106704 5139 1764 3375 2541 1836 1550 705 834
is_linear=0
shrinkage=0.035


Tree=211
num_leaves=15
num_cat=0
split_feature=6 74 75 40 41 78 78 77 0 37 76 76 79 88
split_gain=8.12183 21.3302 27.1439 21.1288 26.2532 44.1615 27.7381 25.5446 22.3643 19.3807 19.3311 19.291 17.4449 15.3558
threshold=2.0462229336179125 2.1556519335400819 3.2198182182808712 -0.064126844335908165 -0.13388569251019877 -2.9665701015650785 2.3619122559180599 -3.2276858178005252 24.131274131273091 0.76330009134332977 -0.91250937124466958 0.52901766968064079 0.50927153978942075 2.9856500000000006
decision_type=2 2 2 2 2 10 8 10 2 2 10 10 8 2
left_child=-1 2 3 4 6 -6 10 -7 -5 -3 -2 -12 -11 -10
right_child=1 9 -4 8 5 7 -8 -9 13 12 11 -13 -14 -15
leaf_value=0.0002629920211069443 0.024351547137608186 0.021796060807965645 0.014550127761744604 -0.018969928108301493 0.012193401865232397 0.012729016973133675 -0.011615158532256 -0.0096136845161351545 -0.010096947186265385 -0.01328428780949562 -0.0059618393845335812 0.01508874921066118 0.011104589509207048 0.0013539940408923291
leaf_weight=16855.367766830313 82.427714467048645 64.128286122344434 82.971267204731703 171.72594178467989 147.92785534635186 51.709334347397089 59.712181903421879 676.58488146879245 287.33627163805068 48.993097138591111 93.002128664636984 84.073230511508882 55.019612018484622 261.17656607367098
leaf_count=96327 467 450 463 906 789 257 380 3663 1477 400 659 525 434 1303
internal_value=2.92788e-06 -0.002004 -0.00303794 -0.00394218 -0.00104597 -0.004169 0.00726688 -0.00772952 -0.00859111 0.00930261 0.0121319 0.0045497 -0.000673013 -0.00478872
internal_weight=19022.2 2166.79 1998.65 1915.68 1195.44 876.222 319.215 728.294 720.239 168.141 259.503 177.075 104.013 548.513
internal_count=108500 12173 10889 10426 6740 4709 2031 3920 3686 1284 1651 1184 834 2780
is_linear=0
shrinkage=0.035


Tree=212
num_leaves=15
num_cat=0
split_feature=84 57 12 16 79 76 6 54 74 41 7 73 73 48
split_gain=8.17143 23.8488 22.9946 22.4999 20.8087 16.4731 16.7188 16.3706 16.1421 17.6675 17.4222 20.0461 17.3909 15.6535
threshold=-0.15185221326542611 0.66666666666666952 -0.19565217391304635 -0.71903817618936972 5.6809284628524397 1.1601949770195512 1.6031568300512711 -0.090349163418720138 -2.7124527217046714 0.082930562519757958 1.573235922843599 0.40000000000000269 0.5438838475499036 1.3741078051837132
decision_type=2 2 2 2 8 10 2 2 2 2 2 2 2 2
left_child=1 2 4 -3 5 -1 -7 13 -4 10 11 -10 -13 -2
right_child=7 3 8 -5 -6 6 -8 -9 9 -11 -12 12 -14 -15
leaf_value=0.0079380044622308424 -0.00084940844572232381 -0.011236880517625549 -0.012344606089532192 5.6319741219704403e-05 0.020476670733064726 0.0053137516088525389 -0.012738720309560513 0.00067670806152712653 0.016525197620018018 -0.0040038655598508919 -0.0013849720809861537 -0.011883544728254668 0.0068451635868282436 -0.0052577639398908868
leaf_weight=703.33104730484774 5695.445725363461 257.24149645585567 90.345530604012311 979.27156170568196 113.25315466313623 123.99361647781916 92.962692700326443 8507.3713600506162 203.79308126401156 436.36992027424276 353.73313658405095 61.0397694343701 227.26035410165787 1176.5376464517321
leaf_count=4120 32499 1394 551 5681 651 833 589 48276 1110 2572 2276 330 1274 6344
internal_value=4.35138e-06 0.00149025 0.00351069 -0.00243456 0.00740032 0.00538979 -0.00284379 -0.000349061 0.000517541 0.0015995 0.00451605 0.00864632 0.00236619 -0.00161722
internal_weight=19022 3642.6 2406.08 1236.51 1033.54 920.287 216.956 15379.4 1372.54 1282.2 845.826 492.093 288.3 6871.98
internal_count=108500 21381 14306 7075 6193 5542 1422 87119 8113 7562 4990 2714 1604 38843
is_linear=0
shrinkage=0.035


Tree=213
num_leaves=15
num_cat=0
split_feature=89 19 0 41 30 78 47 79 77 9 77 77 82 75
split_gain=8.12128 15.1843 12.4204 14.5947 13.7384 12.7367 12.1389 10.0241 40.4314 48.9747 39.9477 31.4783 34.2434 37.1783
threshold=4.4490500000000006 -0.020956218199299614 234.09279418666424 -0.048712216678322949 0.53872907709745432 -0.20308662330379679 0.12282487756042944 1.0402161460285693 -1.6871844890391927 18.901130498515368 0.58968329247405404 -1.1276303939638945 -33.688264567821584 1.2299322226988878
decision_type=2 2 2 2 2 10 2 8 8 2 10 10 10 2
left_child=2 -2 7 -4 -5 -6 -3 -1 -9 11 -11 -10 -13 -14
right_child=1 6 3 4 5 -7 -8 8 9 10 -12 12 13 -15
leaf_value=-0.00063487979510971676 -0.0030029902361269835 0.012078174823612332 0.00394354791955663 -0.025440877750457492 0.0089650081190022404 -0.013615318355559595 -0.0011458248918955951 -0.0049227614373700858 0.01030788522981905 0.034301205545974954 0.00081638475094724381 -0.0052360551862987376 0.0041332728797973985 -0.0041147003784172114
leaf_weight=11760.315199869605 230.28139159735292 258.81707722134888 71.465341363102198 53.208787888288498 38.187686638906598 46.551670841872692 117.68238884303719 1115.5540780444862 454.78146196994931 84.655361057957634 76.578508018748835 896.3584743225947 2972.4859910261584 844.96387049974874
leaf_count=68061 1460 1382 487 332 289 344 643 6118 2258 1152 1051 4949 15592 4382
internal_value=4.04737e-06 0.00392202 -0.000129165 -0.00822213 -0.014226 -0.00367072 0.00809545 -2.71547e-05 0.00108024 0.0023504 0.0202426 0.00171638 0.000847434 0.00229572
internal_weight=19021.9 606.781 18415.1 209.413 137.948 84.7394 376.499 18205.7 6445.38 5329.82 161.234 5168.59 4713.81 3817.45
internal_count=108500 3485 105015 1452 965 633 2025 103563 35502 29384 2203 27181 24923 19974
is_linear=0
shrinkage=0.035


Tree=214
num_leaves=15
num_cat=0
split_feature=32 35 79 6 78 78 41 77 24 21 7 9 9 35
split_gain=8.17461 24.1798 23.5126 23.7701 20.2122 19.7896 31.6821 22.1789 18.9372 20.3773 18.1948 37.2424 33.8894 25.01
threshold=0.084591455600315404 0.088709738899163421 5.6809284628524397 1.1880655286000306 -0.75906244024490432 0.81536491499104102 -0.14790532823562982 -2.0640263173581253 0.92336907086892317 3.9137620687957568 1.573235922843599 3.4703373006672527 5.8334814836483346 0.048040641250598835
decision_type=2 2 8 2 10 8 2 8 2 2 2 2 2 2
left_child=1 2 8 -4 -3 6 -5 -7 9 -1 12 -12 -2 -14
right_child=10 4 3 5 -6 7 -8 -9 -10 -11 11 -13 13 -15
leaf_value=0.00019686380512644108 0.001584498721069311 0.0037108854575239377 -0.0067544139557697506 -0.0048841111667884424 -0.024473515779851403 -0.010589709425380922 0.020986587196103405 0.0063133098977317306 0.012450298947321857 -0.013472244870651857 -0.016826477429772623 0.0018067675193079395 -0.0062450719215436769 0.0043143195233906204
leaf_weight=10132.285773104195 1553.8740694988519 41.788958872202784 157.64165240339935 68.290666413377039 65.202182345092297 91.478360701352358 214.68262011080515 684.20412333123386 132.29637014493346 115.38046322669834 117.1781649440527 3134.778662417084 2214.1699680477905 299.01915709115565
leaf_count=58791 4393 268 930 403 395 474 1145 3688 590 611 273 19135 15304 2100
internal_value=4.39712e-06 0.000577861 0.000742951 0.00530571 -0.0146144 0.00719349 0.0148329 0.00410382 0.000199123 1.70184e-05 -0.000911658 0.0010366 -0.00246691 -0.00496457
internal_weight=19022.3 11703.3 11596.3 1216.3 106.991 1058.66 282.973 775.682 10380 10247.7 7319.02 3251.96 4067.06 2513.19
internal_count=108500 67295 66632 6640 663 5710 1548 4162 59992 59402 41205 19408 21797 17404
is_linear=0
shrinkage=0.035


Tree=215
num_leaves=15
num_cat=0
split_feature=7 40 88 6 78 36 78 79 6 7 77 74 7 7
split_gain=8.29217 25.1721 27.1203 30.7666 27.2231 27.3269 28.1555 39.2384 34.1351 31.2204 24.5439 25.1803 19.5564 19.146
threshold=1.9820624195624317 -0.31709977886857638 -5.8024499999999994 1.209954496084517 -1.0090140823013927 0.035399420361064554 -0.20308662330379679 0.57471817411749182 1.2318772788750445 2.0960705444581236 -1.2488632393779946 0.77150726625268862 2.4468380387690223 2.0960705444581236
decision_type=2 2 2 2 10 2 10 8 2 2 10 2 2 2
left_child=-1 -2 3 -3 -4 6 8 9 -6 -8 11 -5 -7 -9
right_child=1 2 4 10 5 12 7 13 -10 -11 -12 -13 -14 -15
leaf_value=0.00028145232668112628 -0.010065967191804795 -0.0086917349068979834 -0.0098570821292409717 -0.019010512400040286 -0.0081518886502002647 -0.015980363307158515 0.0058184487549856169 -0.0040212826610916842 0.02130802854487307 -0.017237957365781112 0.01365485334018302 0.012613772856042061 0.0028824324657723997 0.015748103813881777
leaf_weight=16620.051651158552 369.15533719677478 123.36734635708854 450.75804440886714 50.349393686279655 53.534226808231324 158.70702507626265 99.155406033620238 80.059757176786661 160.78253156412393 182.1886634810362 378.298761615064 36.748261803761125 99.47684762859717 158.64001164445654
leaf_count=91290 3308 998 3139 363 335 951 603 537 1072 1301 2602 308 682 1011
internal_value=2.99338e-06 -0.00191076 -0.000345583 0.00586604 -0.00292502 0.000355649 0.00380657 -0.000705771 0.0138815 -0.00926522 0.00992414 -0.00580375 -0.00902791 0.00931919
internal_weight=19021.3 2401.22 2032.07 588.764 1443.3 992.544 734.361 520.044 214.317 281.344 465.396 87.0977 258.184 238.7
internal_count=108500 17210 13902 4271 9631 6492 4859 3452 1407 1904 3273 671 1633 1548
is_linear=0
shrinkage=0.035


Tree=216
num_leaves=15
num_cat=0
split_feature=5 76 74 7 78 88 6 6 77 75 78 79 76 82
split_gain=8.13012 37.1345 24.1008 12.6972 29.2006 55.1538 11.31 24.8876 23.0334 22.4117 21.6694 20.4642 19.1233 17.4705
threshold=3.1780538303479462 -0.49706578583486782 -0.38190017062326126 2.8894397005072516 -1.0000000180025095e-35 -1.0000000180025095e-35 0.96060125309574529 1.012074701446023 -0.19166819744403804 0.5313062942875233 -1.1862203141173759 0.31794172712154573 -0.1173816275296377 5.2109708920689011
decision_type=2 10 2 2 8 2 2 2 10 2 10 10 10 8
left_child=3 -2 -3 6 5 -5 8 12 9 11 -10 -1 -8 -12
right_child=1 2 -4 4 -6 -7 7 -9 10 -11 13 -13 -14 -15
leaf_value=0.024668932423467769 0.021907735149846706 0.011636477099677512 -0.019860529841561614 0.025670135160487061 -0.021817082753963827 -0.019029803880045933 -0.0011170812948090387 0.00015362779962446144 -0.011532346319732736 -0.00047455552574866844 -0.0033652487035314813 0.0029492159032945024 -0.01851801227816486 0.011846203272337048
leaf_weight=133.81396598927677 25.409322863910347 23.309815026819706 125.03369280755578 49.088171588722616 82.379077388672158 46.844216282013804 159.55734974937513 17524.008349832526 143.49628241546452 144.05695475637913 183.08684708271176 90.456347908824682 135.38285935390741 153.99543752335012
leaf_count=726 191 220 1453 447 701 422 860 98497 904 891 1050 434 817 887
internal_value=1.99948e-06 -0.00713103 -0.0141168 7.52525e-05 -0.00873445 0.00432554 0.000168659 -2.14539e-05 0.00406786 0.0104096 -0.00101432 0.0168673 -0.00977316 0.00385835
internal_weight=19019.9 173.753 148.344 18846.2 178.311 95.9324 18667.9 17818.9 848.906 368.327 480.579 224.27 294.94 337.082
internal_count=108500 1864 1673 106636 1570 869 105066 100174 4892 2051 2841 1160 1677 1937
is_linear=0
shrinkage=0.035


Tree=217
num_leaves=15
num_cat=0
split_feature=88 75 77 77 35 88 78 40 79 89 77 7 33 25
split_gain=8.05963 13.8435 11.8867 17.6866 16.4034 9.4537 17.1608 45.9365 26.6593 19.3043 17.5589 17.4148 23.6321 20.23
threshold=12.983350000000002 1.8225803982152251 -0.19166819744403804 0.7400724929678304 -0.013237102171614305 9.7792500000000011 -0.46762274085181837 0.53737139879731621 2.4057310784277912 3.8250500000000005 0.24972157482762827 1.5126780303772489 0.028823475282092757 0.074686210075925408
decision_type=2 2 10 10 2 2 8 2 10 2 10 2 2 2
left_child=5 2 -2 -4 -5 -1 7 10 9 11 -7 12 -8 -13
right_child=1 -3 3 4 -6 6 8 -9 -10 -11 -12 13 -14 -15
leaf_value=-8.9254697823212907e-05 0.0040420579489752161 0.0085303393273692425 -0.022729382924905464 -0.014120464235751242 0.0077301871568503482 0.024895278687131001 0.0073069623033804234 -0.016194693545657595 0.015088472792751318 0.011632056452387126 0.005730508471716079 -0.018926353874261118 -0.011674377171814038 0.0021858399588399928
leaf_weight=17667.686267229161 62.848102333955467 56.631218856200576 85.790022367611527 60.286706450395286 69.861883632838726 120.72081316867843 201.19184379791841 49.786194170825183 105.26833472400904 80.625265745446086 127.05782653950155 147.06998866330832 106.21353173628449 77.632274962961674
leaf_count=101685 325 252 522 320 284 603 994 250 465 392 679 844 486 399
internal_value=1.93602e-06 -0.00521924 -0.0083963 -0.0120522 -0.00292401 0.000101152 0.00335138 0.0101265 0.000345183 -0.0025846 0.0162298 -0.00508205 0.000436084 -0.0120498
internal_weight=19018.7 335.418 278.787 215.939 130.149 18683.3 1015.57 297.565 718.001 612.733 247.779 532.108 307.405 224.702
internal_count=108500 1703 1451 1126 604 106797 5112 1532 3580 3115 1282 2723 1480 1243
is_linear=0
shrinkage=0.035


Tree=218
num_leaves=15
num_cat=0
split_feature=1 14 79 44 7 73 87 6 87 78 28 70 75 13
split_gain=8.00754 22.9195 18.8472 16.3941 33.6025 25.9509 18.5283 18.9988 18.29 24.0922 20.5067 17.8894 17.7789 20.704
threshold=0.53743713567438611 0.76209956275375779 0.72420063283549629 1.0564100681100987 1.6784190038457869 0.65159297902563174 0.86984564630298433 1.6031568300512711 0.32893332238437273 -1.3971743833139894 -0.052310635666361981 0.035117455751367294 -0.39754586039608508 0.39525195043507216
decision_type=2 2 8 2 2 2 2 2 2 10 2 2 2 2
left_child=1 3 -3 5 -5 8 7 -7 10 -10 -1 -11 -12 -14
right_child=-2 2 -4 4 -6 6 -8 -9 9 11 12 -13 13 -15
leaf_value=-0.0025728099118092285 0.0003354999649192425 -0.00034891144086845403 0.020243255467454011 -0.0091610157189028086 0.0038998372568824131 -0.013304554693647842 0.0039042119013316407 0.0013645496459610555 -0.014550153062115543 -0.0026909549881700087 0.017100824108281752 0.014064208541985087 -0.0090855144894713084 0.0085994118660174673
leaf_weight=259.11580894200597 15650.272227267735 112.95692653674632 83.935047311708331 842.68933982460294 321.88492794265039 356.34351663151756 166.44374271860579 146.90511670801789 132.06554681109264 264.47816309612244 198.0132078946117 88.109898803755641 90.132683651987463 304.57134314384894
leaf_count=2342 85750 635 416 5427 2729 2303 1174 1083 883 1779 1187 578 562 1652
internal_value=1.92915e-06 -0.00154108 0.00948672 -0.00228104 -0.00554614 -0.000349637 -0.00587424 -0.00913396 0.00246445 -0.00288835 0.00550633 0.00202627 0.00900695 0.00431756
internal_weight=19017.9 3367.65 196.892 3170.75 1164.57 2006.18 669.692 503.249 1336.49 484.654 851.833 352.588 592.717 394.704
internal_count=108500 22750 1051 21699 8156 13543 4560 3386 8983 3240 5743 2357 3401 2214
is_linear=0
shrinkage=0.035


Tree=219
num_leaves=15
num_cat=0
split_feature=35 77 79 7 29 77 76 39 78 40 75 33 32 35
split_gain=7.90775 29.8431 19.841 19.7947 12.7251 9.7599 23.4372 49.6118 27.8399 22.7494 20.642 17.069 14.434 15.527
threshold=-0.087402887301549909 0.30097443613441782 0.72420063283549629 1.2375480646590453 1.0911334029099922 4.0996431486929481 -1.0000000180025095e-35 -0.082885291192768176 0.29844515116949438 -0.29273348109694669 1.1320039283794361 0.021168735440195766 -0.14890858305881124 0.014285879807722201
decision_type=2 10 10 2 2 8 10 2 10 2 2 2 2 2
left_child=1 2 3 -1 -3 -2 9 8 11 -7 -11 -8 -9 -14
right_child=5 4 -4 -5 -6 6 7 12 -10 10 -12 -13 13 -15
leaf_value=0.0017219187765875959 -0.00026607223188907544 0.0034890197204475318 -0.0014325028843651813 0.033462650758751177 -0.016225331415305137 -0.0030907777232395154 0.023736004956595468 -0.02218499099006772 -0.0047186775428082637 0.022972807190635179 0.00044045757426026347 -9.9094712900180549e-05 0.0037069650833744102 -0.014087714741303419
leaf_weight=37.890346565749496 17862.650778895557 71.347910298034549 55.710283358581364 58.960446819197387 57.438951228745282 96.475050371838734 119.07261414127424 75.981292490847409 98.733564022695646 152.55232312530279 71.129587442614138 49.825683746952564 111.51189641468227 95.644546363502741
leaf_count=196 101565 458 287 457 398 666 738 434 679 805 345 362 598 512
internal_value=2.34368e-06 0.00562703 0.015261 0.023465 -0.00630269 -8.8041e-05 0.00348737 -0.000941112 0.00950466 0.0107131 0.0164319 0.0174385 -0.0107905 -0.00502586
internal_weight=19014.9 281.348 152.561 96.8508 128.787 18733.6 870.927 550.77 267.632 320.157 223.682 168.898 283.138 207.156
internal_count=108500 1796 940 653 856 106704 5139 3323 1779 1816 1150 1100 1544 1110
is_linear=0
shrinkage=0.035


end of trees

feature_importances:
high_change_240=288
target_prominence=248
low_change_240=243
low_change_60=225
high_change_60=212
high_change_15=162
premium_bps=162
low_change_15=134
planned_rr=126
flow_240=102
target_distance=84
defense_prominence=65
market_move_240=60
relative_move_240=54
value_distance_240=45
market_move_60=41
move_240=39
inventory_change_60=38
risk_bps=34
activity_240=34
spot_flow_15=34
relative_move_60=31
defense_age=30
risk_range=27
flow_60=27
efficiency_240=27
move_block_7=25
futures_participation=25
activity_60=23
move_block_3=21
location_240=20
relative_flow_15=20
target_scale=19
relative_move_15=18
market_move_5=17
spot_participation=17
inventory_change_15=16
activity_5=15
market_move_15=15
location_block_4=15
activity_15=14
value_distance_15=13
move_60=13
value_distance_60=13
inventory_change_surprise=12
spot_move_15=12
efficiency_5=11
location_60=11
relative_spot_move_15=11
location_block_3=9
relative_move_5=8
range_block_0=8
flow_block_1=8
flow_block_4=7
premium_change_15=7
flow_5=6
range_block_1=6
range_block_2=5
range_block_3=5
move_block_6=5
move_15=4
flow_15=4
move_block_4=4
location_block_7=4
inventory_change_5=4
move_5=3
move_block_2=3
flow_block_3=3
location_block_5=3
range_block_6=3
range_block_7=3
value_distance_5=2
efficiency_15=2
move_block_1=2
location_block_1=2
range_block_4=2
location_block_6=2
cost_r=1
location_5=1
efficiency_60=1
location_block_2=1
move_block_5=1
flow_block_5=1
range_block_5=1
flow_block_7=1

parameters:
[boosting: gbdt]
[objective: binary]
[metric: binary_logloss]
[tree_learner: serial]
[device_type: cpu]
[data_sample_strategy: bagging]
[data: ]
[valid: ]
[num_iterations: 220]
[learning_rate: 0.035]
[num_leaves: 15]
[num_threads: 2]
[seed: 20260905]
[deterministic: 1]
[force_col_wise: 1]
[force_row_wise: 0]
[histogram_pool_size: -1]
[max_depth: -1]
[min_data_in_leaf: 250]
[min_sum_hessian_in_leaf: 0.001]
[bagging_fraction: 1]
[pos_bagging_fraction: 1]
[neg_bagging_fraction: 1]
[bagging_freq: 0]
[bagging_seed: 23218]
[bagging_by_query: 0]
[feature_fraction: 1]
[feature_fraction_bynode: 1]
[feature_fraction_seed: 28090]
[extra_trees: 0]
[extra_seed: 14360]
[early_stopping_round: 0]
[early_stopping_min_delta: 0]
[first_metric_only: 0]
[max_delta_step: 0]
[lambda_l1: 0]
[lambda_l2: 20]
[linear_lambda: 0]
[min_gain_to_split: 0]
[drop_rate: 0.1]
[max_drop: 50]
[skip_drop: 0.5]
[xgboost_dart_mode: 0]
[uniform_drop: 0]
[drop_seed: 16970]
[top_rate: 0.2]
[other_rate: 0.1]
[min_data_per_group: 100]
[max_cat_threshold: 32]
[cat_l2: 10]
[cat_smooth: 10]
[max_cat_to_onehot: 4]
[top_k: 20]
[monotone_constraints: ]
[monotone_constraints_method: basic]
[monotone_penalty: 0]
[feature_contri: ]
[forcedsplits_filename: ]
[refit_decay_rate: 0.9]
[cegb_tradeoff: 1]
[cegb_penalty_split: 0]
[cegb_penalty_feature_lazy: ]
[cegb_penalty_feature_coupled: ]
[path_smooth: 0]
[interaction_constraints: ]
[verbosity: -1]
[saved_feature_importance_type: 0]
[use_quantized_grad: 0]
[num_grad_quant_bins: 4]
[quant_train_renew_leaf: 0]
[stochastic_rounding: 1]
[linear_tree: 0]
[max_bin: 63]
[max_bin_by_feature: ]
[min_data_in_bin: 3]
[bin_construct_sample_cnt: 200000]
[data_random_seed: 5037]
[is_enable_sparse: 1]
[enable_bundle: 1]
[use_missing: 1]
[zero_as_missing: 0]
[feature_pre_filter: 1]
[pre_partition: 0]
[two_round: 0]
[header: 0]
[label_column: ]
[weight_column: ]
[group_column: ]
[ignore_column: ]
[categorical_feature: ]
[forcedbins_filename: ]
[precise_float_parser: 0]
[parser_config_file: ]
[objective_seed: 15411]
[num_class: 1]
[is_unbalance: 0]
[scale_pos_weight: 1]
[sigmoid: 1]
[boost_from_average: 0]
[reg_sqrt: 0]
[alpha: 0.9]
[fair_c: 1]
[poisson_max_delta_step: 0.7]
[tweedie_variance_power: 1.5]
[lambdarank_truncation_level: 30]
[lambdarank_norm: 1]
[label_gain: ]
[lambdarank_position_bias_regularization: 0]
[eval_at: ]
[multi_error_top_k: 1]
[auc_mu_weights: ]
[num_machines: 1]
[local_listen_port: 12400]
[time_out: 120]
[machine_list_filename: ]
[machines: ]
[gpu_platform_id: -1]
[gpu_device_id: -1]
[gpu_use_dp: 0]
[num_gpu: 1]

end of parameters

pandas_categorical:[]
