internal-reclaim block fix applied: 1
internal-reclaim compatibility patch applied: 1
[OK] python: 3.13.5 (need 3.13.x)
[OK] nautilus_trader: 1.230.0 (need 1.230.0)
[OK] glibc: 2.36 (need >= 2.35)
Candidate 11 materialization/migrations applied: 0
first-touch consumed-liquidity migration applied: 0
rejected causal episode-memory changes removed: 0
portfolio SCDAM source already materialized; API migrations applied: 0
partial-fill fail-closed migrations applied: 0
market-leadership candidate materialization applied: 1
immutable sweep and price-discovery repairs applied: 0
market-leadership candidate materialization applied: 0
price-discovery leadership revisions applied: 0
internal-reclaim parameter patch applied: 1
internal-reclaim integration applied: 1
test_completed_observation_timestamps_are_preserved (test_bar_adapter.TestBarAdapter.test_completed_observation_timestamps_are_preserved) ... ok
test_non_monotonic_frame_fails_closed (test_bar_adapter.TestBarAdapter.test_non_monotonic_frame_fails_closed) ... ok

----------------------------------------------------------------------
Ran 2 tests in 0.601s

OK
test_loss_budget_must_equal_three_percent_nav (test_evidence_audit.EvidenceAuditTests.test_loss_budget_must_equal_three_percent_nav) ... ok
test_missing_account_report_is_implementation_failure (test_evidence_audit.EvidenceAuditTests.test_missing_account_report_is_implementation_failure) ... ok
test_overlapping_positions_violate_global_mutex (test_evidence_audit.EvidenceAuditTests.test_overlapping_positions_violate_global_mutex) ... ok
test_partial_entry_expiry_closed_next_bar_passes_protection_audit (test_evidence_audit.EvidenceAuditTests.test_partial_entry_expiry_closed_next_bar_passes_protection_audit) ... ok
test_partial_entry_expiry_must_fail_close_within_one_bar (test_evidence_audit.EvidenceAuditTests.test_partial_entry_expiry_must_fail_close_within_one_bar) ... ok
test_w1_can_advance_but_cannot_claim_durable_success (test_evidence_audit.EvidenceAuditTests.test_w1_can_advance_but_cannot_claim_durable_success) ... ok

----------------------------------------------------------------------
Ran 6 tests in 0.012s

OK
test_lifecycle_releases_only_matching_scenario (test_global_allocator.GlobalAllocatorTests.test_lifecycle_releases_only_matching_scenario) ... ok
test_lower_error_bound_precedes_higher_r (test_global_allocator.GlobalAllocatorTests.test_lower_error_bound_precedes_higher_r) ... ok
test_pending_entry_occupies_global_slot (test_global_allocator.GlobalAllocatorTests.test_pending_entry_occupies_global_slot) ... ok
test_same_timestamp_is_not_decided_by_subscription_order (test_global_allocator.GlobalAllocatorTests.test_same_timestamp_is_not_decided_by_subscription_order) ... ok

----------------------------------------------------------------------
Ran 4 tests in 0.000s

OK
test_non_internal_plan_is_not_claimed (test_internal_reclaim.InternalReclaimTests.test_non_internal_plan_is_not_claimed) ... ok
test_prior_hour_boundary_is_visible_only_after_rollover (test_internal_reclaim.InternalReclaimTests.test_prior_hour_boundary_is_visible_only_after_rollover) ... ok
test_project_trade_plan_adapter_preserves_economic_fields (test_internal_reclaim.InternalReclaimTests.test_project_trade_plan_adapter_preserves_economic_fields) ... ok
test_rejects_non_monotonic_completed_bars (test_internal_reclaim.InternalReclaimTests.test_rejects_non_monotonic_completed_bars) ... ok

----------------------------------------------------------------------
Ran 4 tests in 0.001s

OK
test_plan_keeps_initial_sweep_after_final_raid_updates (test_leadership_sweep_timestamp.InitialSweepTimestampTests.test_plan_keeps_initial_sweep_after_final_raid_updates) ... ok

----------------------------------------------------------------------
Ran 1 test in 0.001s

OK
test_aac_accepts_independent_external_hazard_draw (test_logic.TestCausalPlanContract.test_aac_accepts_independent_external_hazard_draw) ... ok
test_aac_rejects_self_confirming_source_range_draw (test_logic.TestCausalPlanContract.test_aac_rejects_self_confirming_source_range_draw) ... ok
test_far_confirmation_plan_and_rejection_form_one_state_chain (test_logic.TestCausalPlanContract.test_far_confirmation_plan_and_rejection_form_one_state_chain) ... ok
test_insufficient_costed_r_is_terminal_not_tuned (test_logic.TestCausalPlanContract.test_insufficient_costed_r_is_terminal_not_tuned) ... ok
test_long_plan_is_passive_gtd_limit_at_void_edge (test_logic.TestCausalPlanContract.test_long_plan_is_passive_gtd_limit_at_void_edge) ... ok
test_plan_occupies_global_slot_until_nautilus_terminal_event (test_logic.TestCausalPlanContract.test_plan_occupies_global_slot_until_nautilus_terminal_event) ... ok
test_short_plan_is_passive_at_low_edge (test_logic.TestCausalPlanContract.test_short_plan_is_passive_at_low_edge) ... ok
test_completed_cross_midnight_session_has_future_decision_window (test_logic.TestDrawAndSessionSemantics.test_completed_cross_midnight_session_has_future_decision_window) ... ok
test_far_target_ignores_weaker_internal_obstacle (test_logic.TestDrawAndSessionSemantics.test_far_target_ignores_weaker_internal_obstacle) ... ok
test_source_range_alignment_is_side_relative (test_logic.TestDrawAndSessionSemantics.test_source_range_alignment_is_side_relative) ... ok
test_gtd_expiry_uses_timezone_aware_datetime (test_logic.TestProductionBoundary.test_gtd_expiry_uses_timezone_aware_datetime) ... ok
test_runner_delegates_execution_to_nautilus (test_logic.TestProductionBoundary.test_runner_delegates_execution_to_nautilus) ... ok
test_actual_margin_infeasibility_rejects_instead_of_clipping (test_logic.TestRiskContract.test_actual_margin_infeasibility_rejects_instead_of_clipping) ... ok
test_exact_nav_risk_is_floored_not_scaled_by_score (test_logic.TestRiskContract.test_exact_nav_risk_is_floored_not_scaled_by_score) ... ok

----------------------------------------------------------------------
Ran 14 tests in 0.002s

OK
test_directional_recovery_needs_at_least_one_peer_confirmation (test_market_leadership.MarketLeadershipGateTests.test_directional_recovery_needs_at_least_one_peer_confirmation) ... ok
test_directional_recovery_with_one_peer_confirmation_passes (test_market_leadership.MarketLeadershipGateTests.test_directional_recovery_with_one_peer_confirmation_passes) ... ok
test_leader_aac_requires_directional_acceptance (test_market_leadership.MarketLeadershipGateTests.test_leader_aac_requires_directional_acceptance) ... ok
test_leader_event_recovery_can_confirm_low_trailing_rank (test_market_leadership.MarketLeadershipGateTests.test_leader_event_recovery_can_confirm_low_trailing_rank) ... ok
test_missing_history_and_async_confirmation_fail_closed (test_market_leadership.MarketLeadershipGateTests.test_missing_history_and_async_confirmation_fail_closed) ... ok
test_notional_leader_cannot_bypass_directional_evidence (test_market_leadership.MarketLeadershipGateTests.test_notional_leader_cannot_bypass_directional_evidence) ... ok
test_unanimous_countertrend_bounce_rejected_in_unresolved_adverse_auction (test_market_leadership.MarketLeadershipGateTests.test_unanimous_countertrend_bounce_rejected_in_unresolved_adverse_auction) ... ok
test_unanimous_follower_passes_in_moderate_adverse_regime (test_market_leadership.MarketLeadershipGateTests.test_unanimous_follower_passes_in_moderate_adverse_regime) ... ok

----------------------------------------------------------------------
Ran 8 tests in 0.001s

OK
test_strong_local_displacement_confirms_unanimous_peers (test_market_leadership_impulse.MarketLeadershipImpulseTests.test_strong_local_displacement_confirms_unanimous_peers) ... ok
test_unanimous_peers_cannot_replace_local_displacement (test_market_leadership_impulse.MarketLeadershipImpulseTests.test_unanimous_peers_cannot_replace_local_displacement) ... ok

----------------------------------------------------------------------
Ran 2 tests in 0.001s

OK
test_idiosyncratic_price_discovery_approves_efficient_rank_one_event (test_market_leadership_price_discovery.PriceDiscoveryStateTests.test_idiosyncratic_price_discovery_approves_efficient_rank_one_event) ... ok
test_idiosyncratic_rank_one_rejects_inefficient_reversal_path (test_market_leadership_price_discovery.PriceDiscoveryStateTests.test_idiosyncratic_rank_one_rejects_inefficient_reversal_path) ... ok
test_leader_aac_is_current_event_acceptance_not_stale_rank (test_market_leadership_price_discovery.PriceDiscoveryStateTests.test_leader_aac_is_current_event_acceptance_not_stale_rank) ... ok
test_leader_event_recovery_cannot_override_absolute_worst_trailing_rank (test_market_leadership_price_discovery.PriceDiscoveryStateTests.test_leader_event_recovery_cannot_override_absolute_worst_trailing_rank) ... ok
test_unanimous_peers_reject_event_time_laggard (test_market_leadership_price_discovery.PriceDiscoveryStateTests.test_unanimous_peers_reject_event_time_laggard) ... ok

----------------------------------------------------------------------
Ran 5 tests in 0.001s

OK
test_four_markets_receive_distinct_unchanged_scdam_engines (test_portfolio_scdam.TestIndependentPortfolioLogic.test_four_markets_receive_distinct_unchanged_scdam_engines) ... ok
test_partial_gtd_entry_is_fail_closed_before_terminal_release (test_portfolio_scdam.TestIndependentPortfolioLogic.test_partial_gtd_entry_is_fail_closed_before_terminal_release) ... ok
test_runner_keeps_exact_nav_risk_and_nautilus_execution_boundary (test_portfolio_scdam.TestIndependentPortfolioLogic.test_runner_keeps_exact_nav_risk_and_nautilus_execution_boundary) ... ok
test_runner_uses_one_global_slot_and_routes_state_to_emitter (test_portfolio_scdam.TestIndependentPortfolioLogic.test_runner_uses_one_global_slot_and_routes_state_to_emitter) ... ok
test_same_timestamp_plans_are_arbitrated_before_submission (test_portfolio_scdam.TestIndependentPortfolioLogic.test_same_timestamp_plans_are_arbitrated_before_submission) ... ok

----------------------------------------------------------------------
Ran 5 tests in 0.001s

OK
/__w/SMC_ICT_4_LIVE/SMC_ICT_4_LIVE/research/candidate-11/run_leadership_scdam.py:828: Pandas4Warning: Timestamp.utcnow is deprecated and will be removed in a future version. Use Timestamp.now('UTC') instead.
  engine.run()
/__w/SMC_ICT_4_LIVE/SMC_ICT_4_LIVE/research/candidate-11/run_leadership_scdam.py:828: Pandas4Warning: Timestamp.utcnow is deprecated and will be removed in a future version. Use Timestamp.now('UTC') instead.
  engine.run()
{
  "all_closed_trades_won": false,
  "bars": 63360,
  "candidate": "candidate-11-market-leadership-scdam",
  "candidate_rejections": [
    {
      "leader": "BTCUSDT",
      "net_structural_r": "2.119276935659116",
      "observed_ts_ns": 1716424260000000000,
      "peer_returns": {
        "BTCUSDT": 0.0011171511493988096,
        "ETHUSDT": 0.0018822350074383376,
        "SOLUSDT": 0.0013644026228103456
      },
      "reason": "FOLLOWER_FAR_EVENT_LAGGARD",
      "scenario_id": "XRPUSDT-PERP.BINANCE-IRX-1716424260000000000-000016",
      "symbol": "XRPUSDT",
      "type": "MARKET_LEADERSHIP_REJECTED"
    },
    {
      "leader": null,
      "net_structural_r": "1.4855955376821417",
      "observed_ts_ns": 1716426960000000000,
      "peer_returns": {},
      "reason": "INVALID_SWEEP_CONFIRMATION_ORDER",
      "scenario_id": "BTCUSDT-PERP.BINANCE-IRX-1716426960000000000-000015",
      "symbol": "BTCUSDT",
      "type": "MARKET_LEADERSHIP_REJECTED"
    },
    {
      "leader": null,
      "net_structural_r": "3.224682545913772",
      "observed_ts_ns": 1716450240000000000,
      "peer_returns": {},
      "reason": "INVALID_SWEEP_CONFIRMATION_ORDER",
      "scenario_id": "SOLUSDT-PERP.BINANCE-IRX-1716450240000000000-000018",
      "symbol": "SOLUSDT",
      "type": "MARKET_LEADERSHIP_REJECTED"
    },
    {
      "leader": "ETHUSDT",
      "net_structural_r": "2.2357486949565737",
      "observed_ts_ns": 1716465060000000000,
      "peer_returns": {
        "BTCUSDT": 0.0010068203497841655,
        "ETHUSDT": 0.003968704813055224,
        "SOLUSDT": 0.000783492891374804
      },
      "reason": "FOLLOWER_FAR_WEAK_LOCAL_DISPLACEMENT",
      "scenario_id": "XRPUSDT-PERP.BINANCE-IRX-1716465060000000000-000017",
      "symbol": "XRPUSDT",
      "type": "MARKET_LEADERSHIP_REJECTED"
    },
    {
      "leader": "ETHUSDT",
      "net_structural_r": "2.9684118016175978",
      "observed_ts_ns": 1716475080000000000,
      "peer_returns": {
        "BTCUSDT": -0.0006810285737818278,
        "SOLUSDT": -0.003324131919221318,
        "XRPUSDT": 0.001123385133869892
      },
      "reason": "LEADER_EVENT_RECOVERY_WITHOUT_DIRECTIONAL_SUPPORT",
      "scenario_id": "ETHUSDT-PERP.BINANCE-IRX-1716475080000000000-000023",
      "symbol": "ETHUSDT",
      "type": "MARKET_LEADERSHIP_REJECTED"
    },
    {
      "leader": "ETHUSDT",
      "net_structural_r": "1.3380306015596999",
      "observed_ts_ns": 1716481080000000000,
      "peer_returns": {
        "BTCUSDT": -0.00015738742753945711,
        "ETHUSDT": 0.00168603854705629,
        "XRPUSDT": 0.0009469696969695018
      },
      "reason": "FOLLOWER_FAR_PEER_DISAGREEMENT",
      "scenario_id": "SOLUSDT-PERP.BINANCE-IRX-1716481080000000000-000021",
      "symbol": "SOLUSDT",
      "type": "MARKET_LEADERSHIP_REJECTED"
    },
    {
      "leader": "ETHUSDT",
      "net_structural_r": "3.14557867916326",
      "observed_ts_ns": 1716489840000000000,
      "peer_returns": {
        "BTCUSDT": -0.00147430309053187,
        "SOLUSDT": -0.002082922357473649,
        "XRPUSDT": -0.0009626492106274975
      },
      "reason": "LEADER_DIRECTIONAL_DISAGREEMENT",
      "scenario_id": "ETHUSDT-PERP.BINANCE-IRX-1716489840000000000-000024",
      "symbol": "ETHUSDT",
      "type": "MARKET_LEADERSHIP_REJECTED"
    },
    {
      "leader": "ETHUSDT",
      "net_structural_r": "4.040430513695233",
      "observed_ts_ns": 1716503640000000000,
      "peer_returns": {
        "ETHUSDT": -7.089070229060468e-05,
        "SOLUSDT": 0.00564728050808494,
        "XRPUSDT": 0.0005716463414633388
      },
      "reason": "FOLLOWER_FAR_PEER_DISAGREEMENT",
      "scenario_id": "BTCUSDT-PERP.BINANCE-IRX-1716503640000000000-000018",
      "symbol": "BTCUSDT",
      "type": "MARKET_LEADERSHIP_REJECTED"
    },
    {
      "leader": null,
      "net_structural_r": "3.722330595070982",
      "observed_ts_ns": 1716505140000000000,
      "peer_returns": {},
      "reason": "INVALID_SWEEP_CONFIRMATION_ORDER",
      "scenario_id": "BTCUSDT-PERP.BINANCE-IRX-1716505140000000000-000019",
      "symbol": "BTCUSDT",
      "type": "MARKET_LEADERSHIP_REJECTED"
    },
    {
      "leader": null,
      "net_structural_r": "1.5541026017278448",
      "observed_ts_ns": 1716507720000000000,
      "peer_returns": {},
      "reason": "INVALID_SWEEP_CONFIRMATION_ORDER",
      "scenario_id": "BTCUSDT-PERP.BINANCE-IRX-1716507720000000000-000020",
      "symbol": "BTCUSDT",
      "type": "MARKET_LEADERSHIP_REJECTED"
    },
    {
      "leader": "ETHUSDT",
      "net_structural_r": "1.5994612742070446",
      "observed_ts_ns": 1716508920000000000,
      "peer_returns": {
        "BTCUSDT": -0.0007783337771846144,
        "SOLUSDT": -0.0023455335234808805,
        "XRPUSDT": -0.0007574323044878817
      },
      "reason": "LEADER_EVENT_RECOVERY_WITHOUT_DIRECTIONAL_SUPPORT",
      "scenario_id": "ETHUSDT-PERP.BINANCE-IRX-1716508920000000000-000025",
      "symbol": "ETHUSDT",
      "type": "MARKET_LEADERSHIP_REJECTED"
    },
    {
      "leader": null,
      "net_structural_r": "1.2581534441571023",
      "observed_ts_ns": 1716510180000000000,
      "peer_returns": {},
      "reason": "INVALID_SWEEP_CONFIRMATION_ORDER",
      "scenario_id": "BTCUSDT-PERP.BINANCE-IRX-1716510180000000000-000021",
      "symbol": "BTCUSDT",
      "type": "MARKET_LEADERSHIP_REJECTED"
    },
    {
      "leader": null,
      "net_structural_r": "3.227060025072465",
      "observed_ts_ns": 1716520560000000000,
      "peer_returns": {},
      "reason": "INVALID_SWEEP_CONFIRMATION_ORDER",
      "scenario_id": "SOLUSDT-PERP.BINANCE-IRX-1716520560000000000-000022",
      "symbol": "SOLUSDT",
      "type": "MARKET_LEADERSHIP_REJECTED"
    },
    {
      "leader": null,
      "net_structural_r": "1.385349485192841",
      "observed_ts_ns": 1716524520000000000,
      "peer_returns": {},
      "reason": "INVALID_SWEEP_CONFIRMATION_ORDER",
      "scenario_id": "BTCUSDT-PERP.BINANCE-IRX-1716524520000000000-000023",
      "symbol": "BTCUSDT",
      "type": "MARKET_LEADERSHIP_REJECTED"
    },
    {
      "leader": "ETHUSDT",
      "net_structural_r": "3.6143540885565746",
      "observed_ts_ns": 1716533820000000000,
      "peer_returns": {
        "BTCUSDT": -0.0016812253735476457,
        "ETHUSDT": -0.0005344053993935338,
        "XRPUSDT": 0.00019186492709133418
      },
      "reason": "FOLLOWER_FAR_PEER_DISAGREEMENT",
      "scenario_id": "SOLUSDT-PERP.BINANCE-IRX-1716533820000000000-000025",
      "symbol": "SOLUSDT",
      "type": "MARKET_LEADERSHIP_REJECTED"
    },
    {
      "net_structural_r": "4.677640693859774",
      "observed_ts_ns": 1716544260000000000,
      "reason": "GLOBAL_SLOT_OCCUPIED",
      "scenario_id": "SOLUSDT-PERP.BINANCE-IRX-1716544260000000000-000026",
      "symbol": "SOLUSDT",
      "type": "GLOBAL_CANDIDATE_REJECTED"
    },
    {
      "leader": "ETHUSDT",
      "net_structural_r": "3.3732099808672067",
      "observed_ts_ns": 1716551700000000000,
      "peer_returns": {
        "BTCUSDT": 0.0013160513705647858,
        "ETHUSDT": 0.003971161098300424,
        "SOLUSDT": 0.0060959384600498545
      },
      "reason": "FOLLOWER_FAR_EVENT_LAGGARD",
      "scenario_id": "XRPUSDT-PERP.BINANCE-IRX-1716551700000000000-000020",
      "symbol": "XRPUSDT",
      "type": "MARKET_LEADERSHIP_REJECTED"
    },
    {
      "leader": null,
      "net_structural_r": "2.032243777336977",
      "observed_ts_ns": 1716557520000000000,
      "peer_returns": {},
      "reason": "INVALID_SWEEP_CONFIRMATION_ORDER",
      "scenario_id": "SOLUSDT-PERP.BINANCE-IRX-1716557520000000000-000028",
      "symbol": "SOLUSDT",
      "type": "MARKET_LEADERSHIP_REJECTED"
    },
    {
      "leader": "ETHUSDT",
      "net_structural_r": "2.9468334065052515",
      "observed_ts_ns": 1716558240000000000,
      "peer_returns": {
        "BTCUSDT": 0.0008435058956310915,
        "SOLUSDT": -0.00040665478596790816,
        "XRPUSDT": 0.0029900953092878435
      },
      "reason": "LEADER_DIRECTIONAL_DISAGREEMENT",
      "scenario_id": "ETHUSDT-PERP.BINANCE-IRX-1716558240000000000-000027",
      "symbol": "ETHUSDT",
      "type": "MARKET_LEADERSHIP_REJECTED"
    },
    {
      "leader": "ETHUSDT",
      "net_structural_r": "4.380073826137276",
      "observed_ts_ns": 1716566340000000000,
      "peer_returns": {
        "BTCUSDT": 0.0015982404692083119,
        "ETHUSDT": 2.7052544156580538e-05,
        "XRPUSDT": 0.0
      },
      "reason": "FOLLOWER_FAR_PEER_DISAGREEMENT",
      "scenario_id": "SOLUSDT-PERP.BINANCE-IRX-1716566340000000000-000029",
      "symbol": "SOLUSDT",
      "type": "MARKET_LEADERSHIP_REJECTED"
    },
    {
      "leader": "ETHUSDT",
      "net_structural_r": "2.9602804255038095",
      "observed_ts_ns": 1716573360000000000,
      "peer_returns": {
        "ETHUSDT": 0.0038087509298707634,
        "SOLUSDT": 0.007506150374409826,
        "XRPUSDT": -0.0033739456419868974
      },
      "reason": "FOLLOWER_AAC_WITHOUT_LEADERSHIP",
      "scenario_id": "BTCUSDT-PERP.BINANCE-LONDON_CLOSE_1000_1200_NY-R000149-HIGH",
      "symbol": "BTCUSDT",
      "type": "MARKET_LEADERSHIP_REJECTED"
    },
    {
      "leader": null,
      "net_structural_r": "2.4203907723309745",
      "observed_ts_ns": 1716597540000000000,
      "peer_returns": {},
      "reason": "INVALID_SWEEP_CONFIRMATION_ORDER",
      "scenario_id": "ETHUSDT-PERP.BINANCE-IRX-1716597540000000000-000029",
      "symbol": "ETHUSDT",
      "type": "MARKET_LEADERSHIP_REJECTED"
    },
    {
      "leader": null,
      "net_structural_r": "2.7553303547387706",
      "observed_ts_ns": 1716627900000000000,
      "peer_returns": {},
      "reason": "INVALID_SWEEP_CONFIRMATION_ORDER",
      "scenario_id": "SOLUSDT-PERP.BINANCE-IRX-1716627900000000000-000032",
      "symbol": "SOLUSDT",
      "type": "MARKET_LEADERSHIP_REJECTED"
    },
    {
      "leader": "BTCUSDT",
      "net_structural_r": "3.3155627960641714",
      "observed_ts_ns": 1716640080000000000,
      "peer_returns": {
        "BTCUSDT": -0.0008402208828093283,
        "ETHUSDT": 0.0009388817410238559,
        "SOLUSDT": 0.0009025270758122872
      },
      "reason": "FOLLOWER_FAR_PEER_DISAGREEMENT",
      "scenario_id": "XRPUSDT-PERP.BINANCE-IRX-1716640080000000000-000022",
      "symbol": "XRPUSDT",
      "type": "MARKET_LEADERSHIP_REJECTED"
    },
    {
      "net_structural_r": "1.7369575211544979",
      "observed_ts_ns": 1716640260000000000,
      "reason": "LOWER_GLOBAL_PRIORITY",
      "scenario_id": "ETHUSDT-PERP.BINANCE-IRX-1716640260000000000-000030",
      "symbol": "ETHUSDT",
      "type": "GLOBAL_CANDIDATE_REJECTED"
    },
    {
      "net_structural_r": "2.7572886672459123",
      "observed_ts_ns": 1716640500000000000,
      "reason": "GLOBAL_SLOT_OCCUPIED",
      "scenario_id": "BTCUSDT-PERP.BINANCE-IRX-1716640500000000000-000025",
      "symbol": "BTCUSDT",
      "type": "GLOBAL_CANDIDATE_REJECTED"
    },
    {
      "leader": null,
      "net_structural_r": "1.4525985465614095",
      "observed_ts_ns": 1716646680000000000,
      "peer_returns": {},
      "reason": "INVALID_SWEEP_CONFIRMATION_ORDER",
      "scenario_id": "ETHUSDT-PERP.BINANCE-IRX-1716646680000000000-000031",
      "symbol": "ETHUSDT",
      "type": "MARKET_LEADERSHIP_REJECTED"
    },
    {
      "leader": "BTCUSDT",
      "net_structural_r": "2.604091551529929",
      "observed_ts_ns": 1716730020000000000,
      "peer_returns": {
        "BTCUSDT": 0.00042016624094642907,
        "ETHUSDT": -0.0011576565461408617,
        "SOLUSDT": -0.0004638728500103717
      },
      "reason": "FOLLOWER_FAR_PEER_DISAGREEMENT",
      "scenario_id": "XRPUSDT-PERP.BINANCE-IRX-1716730020000000000-000023",
      "symbol": "XRPUSDT",
      "type": "MARKET_LEADERSHIP_REJECTED"
    },
    {
      "leader": "ETHUSDT",
      "net_structural_r": "1.33628246644244",
      "observed_ts_ns": 1716735960000000000,
      "peer_returns": {
        "BTCUSDT": -0.00029687745446305147,
        "ETHUSDT": -0.0009968725062046158,
        "SOLUSDT": -0.0015560259820150968
      },
      "reason": "FOLLOWER_FAR_PEER_DISAGREEMENT",
      "scenario_id": "XRPUSDT-PERP.BINANCE-IRX-1716735960000000000-000024",
      "symbol": "XRPUSDT",
      "type": "MARKET_LEADERSHIP_REJECTED"
    },
    {
      "leader": null,
      "net_structural_r": "2.377466188831346",
      "observed_ts_ns": 1716737280000000000,
      "peer_returns": {},
      "reason": "INVALID_SWEEP_CONFIRMATION_ORDER",
      "scenario_id": "BTCUSDT-PERP.BINANCE-IRX-1716737280000000000-000026",
      "symbol": "BTCUSDT",
      "type": "MARKET_LEADERSHIP_REJECTED"
    },
    {
      "net_structural_r": "3.188417295343075",
      "observed_ts_ns": 1716744000000000000,
      "reason": "GLOBAL_SLOT_OCCUPIED",
      "scenario_id": "ETHUSDT-PERP.BINANCE-IRX-1716744000000000000-000033",
      "symbol": "ETHUSDT",
      "type": "GLOBAL_CANDIDATE_REJECTED"
    },
    {
      "leader": "ETHUSDT",
      "net_structural_r": "2.4097504858286616",
      "observed_ts_ns": 1716766260000000000,
      "peer_returns": {
        "BTCUSDT": -0.00028353412128545585,
        "SOLUSDT": -0.0007597946103601316,
        "XRPUSDT": -0.001322751322751392
      },
      "reason": "LEADER_EVENT_RECOVERY_WITHOUT_DIRECTIONAL_SUPPORT",
      "scenario_id": "ETHUSDT-PERP.BINANCE-IRX-1716766260000000000-000034",
      "symbol": "ETHUSDT",
      "type": "MARKET_LEADERSHIP_REJECTED"
    },
    {
      "leader": "ETHUSDT",
      "net_structural_r": "2.594422548672325",
      "observed_ts_ns": 1716775380000000000,
      "peer_returns": {
        "BTCUSDT": -7.381611970380675e-05,
        "ETHUSDT": 0.00019301144171834927,
        "SOLUSDT": 0.0004705910744560171
      },
      "reason": "FOLLOWER_FAR_PEER_DISAGREEMENT",
      "scenario_id": "XRPUSDT-PERP.BINANCE-IRX-1716775380000000000-000025",
      "symbol": "XRPUSDT",
      "type": "MARKET_LEADERSHIP_REJECTED"
    },
    {
      "net_structural_r": "2.520287560575428",
      "observed_ts_ns": 1716799080000000000,
      "reason": "GLOBAL_SLOT_OCCUPIED",
      "scenario_id": "BTCUSDT-PERP.BINANCE-IRX-1716799080000000000-000027",
      "symbol": "BTCUSDT",
      "type": "GLOBAL_CANDIDATE_REJECTED"
    },
    {
      "leader": null,
      "net_structural_r": "2.917127495551994",
      "observed_ts_ns": 1716802380000000000,
      "peer_returns": {},
      "reason": "INVALID_SWEEP_CONFIRMATION_ORDER",
      "scenario_id": "SOLUSDT-PERP.BINANCE-IRX-1716802380000000000-000039",
      "symbol": "SOLUSDT",
      "type": "MARKET_LEADERSHIP_REJECTED"
    },
    {
      "leader": "ETHUSDT",
      "net_structural_r": "1.4293428718607897",
      "observed_ts_ns": 1716805260000000000,
      "peer_returns": {
        "BTCUSDT": 0.00013417474510446503,
        "ETHUSDT": -0.00010244930680236575,
        "XRPUSDT": 0.0001886436521409962
      },
      "reason": "FOLLOWER_FAR_PEER_DISAGREEMENT",
      "scenario_id": "SOLUSDT-PERP.BINANCE-IRX-1716805260000000000-000040",
      "symbol": "SOLUSDT",
      "type": "MARKET_LEADERSHIP_REJECTED"
    },
    {
      "leader": null,
      "net_structural_r": "1.628257147340024",
      "observed_ts_ns": 1716813360000000000,
      "peer_returns": {},
      "reason": "INVALID_SWEEP_CONFIRMATION_ORDER",
      "scenario_id": "ETHUSDT-PERP.BINANCE-IRX-1716813360000000000-000035",
      "symbol": "ETHUSDT",
      "type": "MARKET_LEADERSHIP_REJECTED"
    },
    {
      "leader": null,
      "net_structural_r": "4.079998201667295",
      "observed_ts_ns": 1716823860000000000,
      "peer_returns": {},
      "reason": "INVALID_SWEEP_CONFIRMATION_ORDER",
      "scenario_id": "BTCUSDT-PERP.BINANCE-IRX-1716823860000000000-000028",
      "symbol": "BTCUSDT",
      "type": "MARKET_LEADERSHIP_REJECTED"
    },
    {
      "leader": null,
      "net_structural_r": "1.8083276874534115",
      "observed_ts_ns": 1716830880000000000,
      "peer_returns": {},
      "reason": "INVALID_SWEEP_CONFIRMATION_ORDER",
      "scenario_id": "XRPUSDT-PERP.BINANCE-IRX-1716830880000000000-000028",
      "symbol": "XRPUSDT",
      "type": "MARKET_LEADERSHIP_REJECTED"
    },
    {
      "leader": "BTCUSDT",
      "net_structural_r": "2.3071897276321898",
      "observed_ts_ns": 1716832800000000000,
      "peer_returns": {
        "BTCUSDT": 0.00019651205345128098,
        "SOLUSDT": -0.0003676964111661851,
        "XRPUSDT": 0.0007439092430725491
      },
      "reason": "FOLLOWER_FAR_PEER_DISAGREEMENT",
      "scenario_id": "ETHUSDT-PERP.BINANCE-IRX-1716832800000000000-000037",
      "symbol": "ETHUSDT",
      "type": "MARKET_LEADERSHIP_REJECTED"
    },
    {
      "leader": null,
      "net_structural_r": "2.2077251235823008",
      "observed_ts_ns": 1716881400000000000,
      "peer_returns": {},
      "reason": "INVALID_SWEEP_CONFIRMATION_ORDER",
      "scenario_id": "BTCUSDT-PERP.BINANCE-IRX-1716881400000000000-000030",
      "symbol": "BTCUSDT",
      "type": "MARKET_LEADERSHIP_REJECTED"
    },
    {
      "leader": "BTCUSDT",
      "net_structural_r": "2.415135781912755",
      "observed_ts_ns": 1716890580000000000,
      "peer_returns": {
        "BTCUSDT": -0.0008933754238416025,
        "ETHUSDT": -0.0009289112696750923,
        "SOLUSDT": -0.0015279156733233323
      },
      "reason": "FOLLOWER_FAR_PEER_DISAGREEMENT",
      "scenario_id": "XRPUSDT-PERP.BINANCE-IRX-1716890580000000000-000030",
      "symbol": "XRPUSDT",
      "type": "MARKET_LEADERSHIP_REJECTED"
    },
    {
      "leader": null,
      "net_structural_r": "1.3737451857216616",
      "observed_ts_ns": 1716896580000000000,
      "peer_returns": {},
      "reason": "INVALID_SWEEP_CONFIRMATION_ORDER",
      "scenario_id": "XRPUSDT-PERP.BINANCE-IRX-1716896580000000000-000031",
      "symbol": "XRPUSDT",
      "type": "MARKET_LEADERSHIP_REJECTED"
    },
    {
      "leader": null,
      "net_structural_r": "2.7054446031074924",
      "observed_ts_ns": 1716896760000000000,
      "peer_returns": {},
      "reason": "INVALID_SWEEP_CONFIRMATION_ORDER",
      "scenario_id": "SOLUSDT-PERP.BINANCE-IRX-1716896760000000000-000043",
      "symbol": "SOLUSDT",
      "type": "MARKET_LEADERSHIP_REJECTED"
    },
    {
      "leader": null,
      "net_structural_r": "1.564798843876674",
      "observed_ts_ns": 1716901440000000000,
      "peer_returns": {},
      "reason": "INVALID_SWEEP_CONFIRMATION_ORDER",
      "scenario_id": "ETHUSDT-PERP.BINANCE-IRX-1716901440000000000-000040",
      "symbol": "ETHUSDT",
      "type": "MARKET_LEADERSHIP_REJECTED"
    },
    {
      "leader": "BTCUSDT",
      "net_structural_r": "2.1669423628176645",
      "observed_ts_ns": 1716906540000000000,
      "peer_returns": {
        "BTCUSDT": -0.0019790060926374586,
        "ETHUSDT": -0.003197390558293711,
        "SOLUSDT": -0.005963056998439353
      },
      "reason": "FOLLOWER_FAR_EVENT_LAGGARD",
      "scenario_id": "XRPUSDT-PERP.BINANCE-IRX-1716906540000000000-000032",
      "symbol": "XRPUSDT",
      "type": "MARKET_LEADERSHIP_REJECTED"
    },
    {
      "leader": "BTCUSDT",
      "net_structural_r": "1.6113507482509482",
      "observed_ts_ns": 1716913440000000000,
      "peer_returns": {
        "ETHUSDT": 0.0006470053267506604,
        "SOLUSDT": 0.0006026432769474788,
        "XRPUSDT": 0.0007551444213707015
      },
      "reason": "LEADER_DIRECTIONAL_DISAGREEMENT",
      "scenario_id": "BTCUSDT-PERP.BINANCE-IRX-1716913440000000000-000031",
      "symbol": "BTCUSDT",
      "type": "MARKET_LEADERSHIP_REJECTED"
    },
    {
      "net_structural_r": "1.3939846707582964",
      "observed_ts_ns": 1716922320000000000,
      "reason": "GLOBAL_SLOT_OCCUPIED",
      "scenario_id": "XRPUSDT-PERP.BINANCE-IRX-1716922320000000000-000033",
      "symbol": "XRPUSDT",
      "type": "GLOBAL_CANDIDATE_REJECTED"
    },
    {
      "leader": "BTCUSDT",
      "net_structural_r": "4.1660549822686885",
      "observed_ts_ns": 1716929820000000000,
      "peer_returns": {
        "BTCUSDT": 0.0005872506564466029,
        "ETHUSDT": -9.125967026579751e-05,
        "XRPUSDT": -0.0005685048322909836
      },
      "reason": "FOLLOWER_FAR_PEER_DISAGREEMENT",
      "scenario_id": "SOLUSDT-PERP.BINANCE-IRX-1716929820000000000-000047",
      "symbol": "SOLUSDT",
      "type": "MARKET_LEADERSHIP_REJECTED"
    },
    {
      "leader": null,
      "net_structural_r": "2.429961321931727",
      "observed_ts_ns": 1716931020000000000,
      "peer_returns": {},
      "reason": "INVALID_SWEEP_CONFIRMATION_ORDER",
      "scenario_id": "SOLUSDT-PERP.BINANCE-IRX-1716931020000000000-000048",
      "symbol": "SOLUSDT",
      "type": "MARKET_LEADERSHIP_REJECTED"
    },
    {
      "leader": "BTCUSDT",
      "net_structural_r": "3.993895255164113",
      "observed_ts_ns": 1716960360000000000,
      "peer_returns": {
        "BTCUSDT": 0.0006333620166245613,
        "ETHUSDT": 0.00043952975487160373,
        "XRPUSDT": 0.0022645782223060795
      },
      "reason": "FOLLOWER_FAR_PEER_DISAGREEMENT",
      "scenario_id": "SOLUSDT-PERP.BINANCE-IRX-1716960360000000000-000053",
      "symbol": "SOLUSDT",
      "type": "MARKET_LEADERSHIP_REJECTED"
    },
    {
      "leader": null,
      "net_structural_r": "2.0614132709054047",
      "observed_ts_ns": 1716973860000000000,
      "peer_returns": {},
      "reason": "INVALID_SWEEP_CONFIRMATION_ORDER",
      "scenario_id": "SOLUSDT-PERP.BINANCE-IRX-1716973860000000000-000055",
      "symbol": "SOLUSDT",
      "type": "MARKET_LEADERSHIP_REJECTED"
    },
    {
      "leader": null,
      "net_structural_r": "1.3140270943084087",
      "observed_ts_ns": 1716983520000000000,
      "peer_returns": {},
      "reason": "INVALID_SWEEP_CONFIRMATION_ORDER",
      "scenario_id": "ETHUSDT-PERP.BINANCE-IRX-1716983520000000000-000043",
      "symbol": "ETHUSDT",
      "type": "MARKET_LEADERSHIP_REJECTED"
    },
    {
      "leader": null,
      "net_structural_r": "1.8253057574567058",
      "observed_ts_ns": 1716985380000000000,
      "peer_returns": {},
      "reason": "INVALID_SWEEP_CONFIRMATION_ORDER",
      "scenario_id": "SOLUSDT-PERP.BINANCE-IRX-1716985380000000000-000056",
      "symbol": "SOLUSDT",
      "type": "MARKET_LEADERSHIP_REJECTED"
    },
    {
      "leader": null,
      "net_structural_r": "2.0936472881244654",
      "observed_ts_ns": 1716993240000000000,
      "peer_returns": {},
      "reason": "INVALID_SWEEP_CONFIRMATION_ORDER",
      "scenario_id": "XRPUSDT-PERP.BINANCE-IRX-1716993240000000000-000035",
      "symbol": "XRPUSDT",
      "type": "MARKET_LEADERSHIP_REJECTED"
    },
    {
      "leader": null,
      "net_structural_r": "1.6964254644221712",
      "observed_ts_ns": 1717005120000000000,
      "peer_returns": {},
      "reason": "INVALID_SWEEP_CONFIRMATION_ORDER",
      "scenario_id": "XRPUSDT-PERP.BINANCE-IRX-1717005120000000000-000036",
      "symbol": "XRPUSDT",
      "type": "MARKET_LEADERSHIP_REJECTED"
    },
    {
      "leader": "BTCUSDT",
      "net_structural_r": "1.3055341930851838",
      "observed_ts_ns": 1717006860000000000,
      "peer_returns": {
        "ETHUSDT": 0.000425298905387006,
        "SOLUSDT": 0.002088223010452861,
        "XRPUSDT": 0.0007595898214964869
      },
      "reason": "LEADER_DIRECTIONAL_DISAGREEMENT",
      "scenario_id": "BTCUSDT-PERP.BINANCE-IRX-1717006860000000000-000034",
      "symbol": "BTCUSDT",
      "type": "MARKET_LEADERSHIP_REJECTED"
    },
    {
      "net_structural_r": "1.379661432750381",
      "observed_ts_ns": 1717008600000000000,
      "reason": "LOWER_GLOBAL_PRIORITY",
      "scenario_id": "ETHUSDT-PERP.BINANCE-IRX-1717008600000000000-000045",
      "symbol": "ETHUSDT",
      "type": "GLOBAL_CANDIDATE_REJECTED"
    },
    {
      "leader": "BTCUSDT",
      "net_structural_r": "2.9095399984524537",
      "observed_ts_ns": 1717018260000000000,
      "peer_returns": {
        "BTCUSDT": -0.0016272513518474918,
        "ETHUSDT": 0.0018315213340289738,
        "SOLUSDT": -0.0008919492659258399
      },
      "reason": "FOLLOWER_FAR_PEER_DISAGREEMENT",
      "scenario_id": "XRPUSDT-PERP.BINANCE-IRX-1717018260000000000-000037",
      "symbol": "XRPUSDT",
      "type": "MARKET_LEADERSHIP_REJECTED"
    },
    {
      "leader": null,
      "net_structural_r": "1.4480952675759358",
      "observed_ts_ns": 1717023240000000000,
      "peer_returns": {},
      "reason": "INVALID_SWEEP_CONFIRMATION_ORDER",
      "scenario_id": "BTCUSDT-PERP.BINANCE-IRX-1717023240000000000-000036",
      "symbol": "BTCUSDT",
      "type": "MARKET_LEADERSHIP_REJECTED"
    },
    {
      "leader": null,
      "net_structural_r": "1.3249414828117905",
      "observed_ts_ns": 1717023480000000000,
      "peer_returns": {},
      "reason": "INVALID_SWEEP_CONFIRMATION_ORDER",
      "scenario_id": "ETHUSDT-PERP.BINANCE-IRX-1717023480000000000-000046",
      "symbol": "ETHUSDT",
      "type": "MARKET_LEADERSHIP_REJECTED"
    }
  ],
  "closed_trade_max_drawdown": 0.5216464260508,
  "closed_trades": 34,
  "complete_gate_passed": false,
  "daily_geometric_growth": -0.09998476619729617,
  "detected_events": 2182,
  "effective_maker_rate": "0.0004",
  "effective_taker_rate": "0.0008",
  "engine_errors": [
    {
      "event": "OrderRejected(instrument_id=SOLUSDT-PERP.BINANCE, client_order_id=O-20240524-061600-001-000-34, account_id=BINANCE-001, reason='POST_ONLY LIMIT SELL order limit px of 167.665 would have been a TAKER: bid=167.748, ask=167.748', due_post_only=True, ts_event=1716531360000000000)",
      "type": "ORDER_REJECTED"
    },
    {
      "event": "OrderRejected(instrument_id=SOLUSDT-PERP.BINANCE, client_order_id=O-20240524-061600-001-000-35, account_id=BINANCE-001, reason='REDUCE_ONLY STOP_MARKET BUY order would have increased position', due_post_only=False, ts_event=1716531360000000000)",
      "type": "ORDER_REJECTED"
    },
    {
      "event": "OrderRejected(instrument_id=SOLUSDT-PERP.BINANCE, client_order_id=O-20240524-061600-001-000-36, account_id=BINANCE-001, reason='Contingent order O-20240524-061600-001-000-35 already closed', due_post_only=False, ts_event=1716531360000000000)",
      "type": "ORDER_REJECTED"
    }
  ],
  "evaluation_calendar_days": 7,
  "evaluation_end_exclusive": "2024-05-30",
  "evaluation_start": "2024-05-23",
  "event_log_error": null,
  "event_log_valid": true,
  "evidence_class": "NAUTILUS_ACCOUNT_NAV",
  "final_nav": "47835.35739492",
  "global_slot_overlap_count": 0,
  "instruments": [
    "BTCUSDT-PERP.BINANCE",
    "ETHUSDT-PERP.BINANCE",
    "SOLUSDT-PERP.BINANCE",
    "XRPUSDT-PERP.BINANCE"
  ],
  "leadership_rejection_counts": {
    "FOLLOWER_AAC_WITHOUT_LEADERSHIP": 1,
    "FOLLOWER_FAR_EVENT_LAGGARD": 3,
    "FOLLOWER_FAR_PEER_DISAGREEMENT": 14,
    "FOLLOWER_FAR_WEAK_LOCAL_DISPLACEMENT": 1,
    "INVALID_SWEEP_CONFIRMATION_ORDER": 28,
    "LEADER_DIRECTIONAL_DISAGREEMENT": 4,
    "LEADER_EVENT_RECOVERY_WITHOUT_DIRECTIONAL_SUPPORT": 3
  },
  "liquidation_detected": false,
  "losses": 31,
  "nautilus_result": {
    "iterations": 63360,
    "total_events": 487,
    "total_orders": 153,
    "total_positions": 34
  },
  "net_return": -0.5216464260508,
  "partial_entry_fail_closed_count": 0,
  "payoff_ratio": 2.4134086123716436,
  "promising_gate_passed": false,
  "scenario_counts": {
    "AAC": 0,
    "FAR": 51
  },
  "skip_reasons": {
    "AAC_REQUIRES_INDEPENDENT_EXTERNAL_DRAW": 3,
    "AMBIGUOUS_EXTERNAL_DRAW": 2,
    "CONTINUATION_TARGET_NO_LONGER_LIVE": 2,
    "FOLLOWER_AAC_WITHOUT_LEADERSHIP": 1,
    "FOLLOWER_FAR_EVENT_LAGGARD": 3,
    "FOLLOWER_FAR_PEER_DISAGREEMENT": 14,
    "FOLLOWER_FAR_WEAK_LOCAL_DISPLACEMENT": 1,
    "FRAMED_TARGET_REACHED_BEFORE_CONFIRMATION": 13,
    "GLOBAL_SLOT_OCCUPIED": 5,
    "INSUFFICIENT_COSTED_STRUCTURAL_R": 26,
    "INVALID_SWEEP_CONFIRMATION_ORDER": 28,
    "LEADER_DIRECTIONAL_DISAGREEMENT": 4,
    "LEADER_EVENT_RECOVERY_WITHOUT_DIRECTIONAL_SUPPORT": 3,
    "LOWER_GLOBAL_PRIORITY": 2,
    "NO_AGGRESSOR_FLOW_AT_SWEEP": 21,
    "NO_CAUSAL_INTERNAL_STRUCTURE": 2,
    "OUTSIDE_EVALUATION_WINDOW": 68,
    "PAIRED_TARGET_WRONG_SIDE": 1,
    "REVERSAL_TARGET_NO_LONGER_LIVE": 3,
    "SESSION_DECISION_WINDOW_EXPIRED": 101,
    "SWEEP_ACTIVITY_OR_PENETRATION": 37
  },
  "starting_nav": "100000",
  "submitted_plans": 51,
  "success_claim": false,
  "symbol_counts": {
    "BTCUSDT": 8,
    "ETHUSDT": 11,
    "SOLUSDT": 25,
    "XRPUSDT": 7
  },
  "week_id": "W3",
  "win_rate": 0.08823529411764706,
  "wins": 3
}
/__w/SMC_ICT_4_LIVE/SMC_ICT_4_LIVE/research/candidate-11/run_leadership_scdam.py:828: Pandas4Warning: Timestamp.utcnow is deprecated and will be removed in a future version. Use Timestamp.now('UTC') instead.
  engine.run()
/__w/SMC_ICT_4_LIVE/SMC_ICT_4_LIVE/research/candidate-11/run_leadership_scdam.py:828: Pandas4Warning: Timestamp.utcnow is deprecated and will be removed in a future version. Use Timestamp.now('UTC') instead.
  engine.run()
{
  "all_closed_trades_won": false,
  "bars": 63360,
  "candidate": "candidate-11-market-leadership-scdam",
  "candidate_rejections": [
    {
      "leader": "ETHUSDT",
      "net_structural_r": "1.7503746220773908",
      "observed_ts_ns": 1758505380000000000,
      "peer_returns": {
        "ETHUSDT": -0.00011052293466007335,
        "SOLUSDT": 0.0004696238739700931,
        "XRPUSDT": 0.0008878568501571316
      },
      "reason": "FOLLOWER_FAR_PEER_DISAGREEMENT",
      "scenario_id": "BTCUSDT-PERP.BINANCE-IRX-1758505380000000000-000001",
      "symbol": "BTCUSDT",
      "type": "MARKET_LEADERSHIP_REJECTED"
    },
    {
      "leader": "ETHUSDT",
      "net_structural_r": "3.4710161931530914",
      "observed_ts_ns": 1758511140000000000,
      "peer_returns": {
        "BTCUSDT": 0.00020733602082811942,
        "ETHUSDT": -0.0004372062520494602,
        "SOLUSDT": -0.0005169962517771465
      },
      "reason": "FOLLOWER_FAR_PEER_DISAGREEMENT",
      "scenario_id": "XRPUSDT-PERP.BINANCE-IRX-1758511140000000000-000007",
      "symbol": "XRPUSDT",
      "type": "MARKET_LEADERSHIP_REJECTED"
    },
    {
      "leader": "ETHUSDT",
      "net_structural_r": "2.3527844767401644",
      "observed_ts_ns": 1758512820000000000,
      "peer_returns": {
        "BTCUSDT": 0.001786848167759203,
        "ETHUSDT": 0.0017911546309150594,
        "XRPUSDT": -0.00010349824053001999
      },
      "reason": "FOLLOWER_FAR_PEER_DISAGREEMENT",
      "scenario_id": "SOLUSDT-PERP.BINANCE-IRX-1758512820000000000-000009",
      "symbol": "SOLUSDT",
      "type": "MARKET_LEADERSHIP_REJECTED"
    },
    {
      "leader": null,
      "net_structural_r": "3.955425241319764",
      "observed_ts_ns": 1758519060000000000,
      "peer_returns": {},
      "reason": "INVALID_SWEEP_CONFIRMATION_ORDER",
      "scenario_id": "ETHUSDT-PERP.BINANCE-IRX-1758519060000000000-000007",
      "symbol": "ETHUSDT",
      "type": "MARKET_LEADERSHIP_REJECTED"
    },
    {
      "leader": "ETHUSDT",
      "net_structural_r": "3.2173424719451806",
      "observed_ts_ns": 1758524640000000000,
      "peer_returns": {
        "ETHUSDT": 0.004244233067800307,
        "SOLUSDT": 0.0028174053038771962,
        "XRPUSDT": 0.0021278859453133236
      },
      "reason": "FOLLOWER_FAR_UNRESOLVED_ADVERSE_AUCTION",
      "scenario_id": "BTCUSDT-PERP.BINANCE-IRX-1758524640000000000-000002",
      "symbol": "BTCUSDT",
      "type": "MARKET_LEADERSHIP_REJECTED"
    },
    {
      "net_structural_r": "2.536933421965406",
      "observed_ts_ns": 1758562440000000000,
      "reason": "GLOBAL_SLOT_OCCUPIED",
      "scenario_id": "ETHUSDT-PERP.BINANCE-IRX-1758562440000000000-000008",
      "symbol": "ETHUSDT",
      "type": "GLOBAL_CANDIDATE_REJECTED"
    },
    {
      "net_structural_r": "2.536840886679098",
      "observed_ts_ns": 1758570960000000000,
      "reason": "GLOBAL_SLOT_OCCUPIED",
      "scenario_id": "BTCUSDT-PERP.BINANCE-IRX-1758570960000000000-000003",
      "symbol": "BTCUSDT",
      "type": "GLOBAL_CANDIDATE_REJECTED"
    },
    {
      "net_structural_r": "2.0690943926215457",
      "observed_ts_ns": 1758581280000000000,
      "reason": "GLOBAL_SLOT_OCCUPIED",
      "scenario_id": "SOLUSDT-PERP.BINANCE-IRX-1758581280000000000-000010",
      "symbol": "SOLUSDT",
      "type": "GLOBAL_CANDIDATE_REJECTED"
    },
    {
      "leader": null,
      "net_structural_r": "2.1843631172207036",
      "observed_ts_ns": 1758610080000000000,
      "peer_returns": {},
      "reason": "INVALID_SWEEP_CONFIRMATION_ORDER",
      "scenario_id": "BTCUSDT-PERP.BINANCE-IRX-1758610080000000000-000004",
      "symbol": "BTCUSDT",
      "type": "MARKET_LEADERSHIP_REJECTED"
    },
    {
      "leader": "ETHUSDT",
      "net_structural_r": "2.187583057779399",
      "observed_ts_ns": 1758613560000000000,
      "peer_returns": {
        "BTCUSDT": 0.0003560319968258785,
        "ETHUSDT": 0.00033053056099840994,
        "XRPUSDT": -0.0009409960617572377
      },
      "reason": "FOLLOWER_FAR_PEER_DISAGREEMENT",
      "scenario_id": "SOLUSDT-PERP.BINANCE-IRX-1758613560000000000-000011",
      "symbol": "SOLUSDT",
      "type": "MARKET_LEADERSHIP_REJECTED"
    },
    {
      "leader": null,
      "net_structural_r": "1.518874084137",
      "observed_ts_ns": 1758629340000000000,
      "peer_returns": {},
      "reason": "INVALID_SWEEP_CONFIRMATION_ORDER",
      "scenario_id": "ETHUSDT-PERP.BINANCE-IRX-1758629340000000000-000009",
      "symbol": "ETHUSDT",
      "type": "MARKET_LEADERSHIP_REJECTED"
    },
    {
      "net_structural_r": "1.988981927446553",
      "observed_ts_ns": 1758638820000000000,
      "reason": "GLOBAL_SLOT_OCCUPIED",
      "scenario_id": "ETHUSDT-PERP.BINANCE-IRX-1758638820000000000-000010",
      "symbol": "ETHUSDT",
      "type": "GLOBAL_CANDIDATE_REJECTED"
    },
    {
      "net_structural_r": "2.485351733052336",
      "observed_ts_ns": 1758645120000000000,
      "reason": "GLOBAL_SLOT_OCCUPIED",
      "scenario_id": "SOLUSDT-PERP.BINANCE-IRX-1758645120000000000-000012",
      "symbol": "SOLUSDT",
      "type": "GLOBAL_CANDIDATE_REJECTED"
    },
    {
      "leader": null,
      "net_structural_r": "1.5375878124399023",
      "observed_ts_ns": 1758669180000000000,
      "peer_returns": {},
      "reason": "INVALID_SWEEP_CONFIRMATION_ORDER",
      "scenario_id": "SOLUSDT-PERP.BINANCE-IRX-1758669180000000000-000013",
      "symbol": "SOLUSDT",
      "type": "MARKET_LEADERSHIP_REJECTED"
    },
    {
      "leader": "ETHUSDT",
      "net_structural_r": "1.6325470975461367",
      "observed_ts_ns": 1758680040000000000,
      "peer_returns": {
        "ETHUSDT": -0.0034432826120202042,
        "SOLUSDT": -0.0034434620753839296,
        "XRPUSDT": -0.003170577045022105
      },
      "reason": "FOLLOWER_FAR_EVENT_LAGGARD",
      "scenario_id": "BTCUSDT-PERP.BINANCE-US_LATE_1600_2000_NY-R000152-HIGH",
      "symbol": "BTCUSDT",
      "type": "MARKET_LEADERSHIP_REJECTED"
    },
    {
      "leader": null,
      "net_structural_r": "4.1157950491598525",
      "observed_ts_ns": 1758682680000000000,
      "peer_returns": {},
      "reason": "INVALID_SWEEP_CONFIRMATION_ORDER",
      "scenario_id": "SOLUSDT-PERP.BINANCE-IRX-1758682680000000000-000014",
      "symbol": "SOLUSDT",
      "type": "MARKET_LEADERSHIP_REJECTED"
    },
    {
      "leader": "ETHUSDT",
      "net_structural_r": "1.9353476739509872",
      "observed_ts_ns": 1758685680000000000,
      "peer_returns": {
        "BTCUSDT": -0.0010581035707194486,
        "SOLUSDT": -0.002490302188592586,
        "XRPUSDT": -0.0014211610886093462
      },
      "reason": "LEADER_DIRECTIONAL_DISAGREEMENT",
      "scenario_id": "ETHUSDT-PERP.BINANCE-IRX-1758685680000000000-000011",
      "symbol": "ETHUSDT",
      "type": "MARKET_LEADERSHIP_REJECTED"
    },
    {
      "leader": null,
      "net_structural_r": "2.0963661796522994",
      "observed_ts_ns": 1758693720000000000,
      "peer_returns": {},
      "reason": "INVALID_SWEEP_CONFIRMATION_ORDER",
      "scenario_id": "ETHUSDT-PERP.BINANCE-IRX-1758693720000000000-000012",
      "symbol": "ETHUSDT",
      "type": "MARKET_LEADERSHIP_REJECTED"
    },
    {
      "leader": "ETHUSDT",
      "net_structural_r": "1.3607910416461695",
      "observed_ts_ns": 1758693720000000000,
      "peer_returns": {
        "BTCUSDT": 0.009735378778846338,
        "ETHUSDT": 0.00973932485306328,
        "XRPUSDT": 0.01854625864897641
      },
      "reason": "FOLLOWER_FAR_WEAK_LOCAL_DISPLACEMENT",
      "scenario_id": "SOLUSDT-PERP.BINANCE-ASIA_2000_0000_NY-R000169-LOW",
      "symbol": "SOLUSDT",
      "type": "MARKET_LEADERSHIP_REJECTED"
    },
    {
      "net_structural_r": "1.8312018934656955",
      "observed_ts_ns": 1758695400000000000,
      "reason": "GLOBAL_SLOT_OCCUPIED",
      "scenario_id": "ETHUSDT-PERP.BINANCE-IRX-1758695400000000000-000013",
      "symbol": "ETHUSDT",
      "type": "GLOBAL_CANDIDATE_REJECTED"
    },
    {
      "leader": null,
      "net_structural_r": "1.7874711397100025",
      "observed_ts_ns": 1758703620000000000,
      "peer_returns": {},
      "reason": "INVALID_SWEEP_CONFIRMATION_ORDER",
      "scenario_id": "BTCUSDT-PERP.BINANCE-IRX-1758703620000000000-000005",
      "symbol": "BTCUSDT",
      "type": "MARKET_LEADERSHIP_REJECTED"
    },
    {
      "leader": null,
      "net_structural_r": "1.390805090196334",
      "observed_ts_ns": 1758707460000000000,
      "peer_returns": {},
      "reason": "INVALID_SWEEP_CONFIRMATION_ORDER",
      "scenario_id": "ETHUSDT-PERP.BINANCE-IRX-1758707460000000000-000014",
      "symbol": "ETHUSDT",
      "type": "MARKET_LEADERSHIP_REJECTED"
    },
    {
      "leader": "ETHUSDT",
      "net_structural_r": "3.1947204496933046",
      "observed_ts_ns": 1758714600000000000,
      "peer_returns": {
        "BTCUSDT": 0.0016035002220435857,
        "ETHUSDT": 0.0003635172204325965,
        "XRPUSDT": 0.0029947417905769047
      },
      "reason": "FOLLOWER_AAC_WITHOUT_LEADERSHIP",
      "scenario_id": "SOLUSDT-PERP.BINANCE-LONDON_0200_0500_NY-R000173-HIGH",
      "symbol": "SOLUSDT",
      "type": "MARKET_LEADERSHIP_REJECTED"
    },
    {
      "net_structural_r": "2.038745480402678",
      "observed_ts_ns": 1758721080000000000,
      "reason": "GLOBAL_SLOT_OCCUPIED",
      "scenario_id": "SOLUSDT-PERP.BINANCE-IRX-1758721080000000000-000015",
      "symbol": "SOLUSDT",
      "type": "GLOBAL_CANDIDATE_REJECTED"
    },
    {
      "net_structural_r": "2.80709802188359",
      "observed_ts_ns": 1758721500000000000,
      "reason": "GLOBAL_SLOT_OCCUPIED",
      "scenario_id": "ETHUSDT-PERP.BINANCE-IRX-1758721500000000000-000015",
      "symbol": "ETHUSDT",
      "type": "GLOBAL_CANDIDATE_REJECTED"
    },
    {
      "net_structural_r": "1.350981010733537",
      "observed_ts_ns": 1758722640000000000,
      "reason": "GLOBAL_SLOT_OCCUPIED",
      "scenario_id": "SOLUSDT-PERP.BINANCE-IRX-1758722640000000000-000016",
      "symbol": "SOLUSDT",
      "type": "GLOBAL_CANDIDATE_REJECTED"
    },
    {
      "net_structural_r": "1.4334412941529093",
      "observed_ts_ns": 1758726960000000000,
      "reason": "GLOBAL_SLOT_OCCUPIED",
      "scenario_id": "SOLUSDT-PERP.BINANCE-IRX-1758726960000000000-000017",
      "symbol": "SOLUSDT",
      "type": "GLOBAL_CANDIDATE_REJECTED"
    },
    {
      "net_structural_r": "2.0940817707205723",
      "observed_ts_ns": 1758732240000000000,
      "reason": "GLOBAL_SLOT_OCCUPIED",
      "scenario_id": "ETHUSDT-PERP.BINANCE-IRX-1758732240000000000-000016",
      "symbol": "ETHUSDT",
      "type": "GLOBAL_CANDIDATE_REJECTED"
    },
    {
      "net_structural_r": "1.379107284398678",
      "observed_ts_ns": 1758739380000000000,
      "reason": "GLOBAL_SLOT_OCCUPIED",
      "scenario_id": "SOLUSDT-PERP.BINANCE-IRX-1758739380000000000-000018",
      "symbol": "SOLUSDT",
      "type": "GLOBAL_CANDIDATE_REJECTED"
    },
    {
      "net_structural_r": "2.066974380853853",
      "observed_ts_ns": 1758743040000000000,
      "reason": "GLOBAL_SLOT_OCCUPIED",
      "scenario_id": "SOLUSDT-PERP.BINANCE-IRX-1758743040000000000-000019",
      "symbol": "SOLUSDT",
      "type": "GLOBAL_CANDIDATE_REJECTED"
    },
    {
      "net_structural_r": "1.91595544300137",
      "observed_ts_ns": 1758745680000000000,
      "reason": "GLOBAL_SLOT_OCCUPIED",
      "scenario_id": "SOLUSDT-PERP.BINANCE-IRX-1758745680000000000-000020",
      "symbol": "SOLUSDT",
      "type": "GLOBAL_CANDIDATE_REJECTED"
    },
    {
      "net_structural_r": "3.0985929151974023",
      "observed_ts_ns": 1758752280000000000,
      "reason": "GLOBAL_SLOT_OCCUPIED",
      "scenario_id": "ETHUSDT-PERP.BINANCE-IRX-1758752280000000000-000017",
      "symbol": "ETHUSDT",
      "type": "GLOBAL_CANDIDATE_REJECTED"
    },
    {
      "net_structural_r": "3.1805115767251273",
      "observed_ts_ns": 1758752280000000000,
      "reason": "GLOBAL_SLOT_OCCUPIED",
      "scenario_id": "SOLUSDT-PERP.BINANCE-IRX-1758752280000000000-000021",
      "symbol": "SOLUSDT",
      "type": "GLOBAL_CANDIDATE_REJECTED"
    },
    {
      "leader": null,
      "net_structural_r": "4.316895066059916",
      "observed_ts_ns": 1758762900000000000,
      "peer_returns": {},
      "reason": "INVALID_SWEEP_CONFIRMATION_ORDER",
      "scenario_id": "ETHUSDT-PERP.BINANCE-IRX-1758762900000000000-000018",
      "symbol": "ETHUSDT",
      "type": "MARKET_LEADERSHIP_REJECTED"
    },
    {
      "net_structural_r": "2.716863015122472",
      "observed_ts_ns": 1758773040000000000,
      "reason": "GLOBAL_SLOT_OCCUPIED",
      "scenario_id": "ETHUSDT-PERP.BINANCE-IRX-1758773040000000000-000019",
      "symbol": "ETHUSDT",
      "type": "GLOBAL_CANDIDATE_REJECTED"
    },
    {
      "net_structural_r": "1.4412581512701645",
      "observed_ts_ns": 1758774720000000000,
      "reason": "GLOBAL_SLOT_OCCUPIED",
      "scenario_id": "ETHUSDT-PERP.BINANCE-IRX-1758774720000000000-000020",
      "symbol": "ETHUSDT",
      "type": "GLOBAL_CANDIDATE_REJECTED"
    },
    {
      "leader": null,
      "net_structural_r": "1.9659808093691256",
      "observed_ts_ns": 1758775740000000000,
      "peer_returns": {},
      "reason": "INVALID_SWEEP_CONFIRMATION_ORDER",
      "scenario_id": "ETHUSDT-PERP.BINANCE-IRX-1758775740000000000-000021",
      "symbol": "ETHUSDT",
      "type": "MARKET_LEADERSHIP_REJECTED"
    },
    {
      "net_structural_r": "1.8720003907566596",
      "observed_ts_ns": 1758776520000000000,
      "reason": "GLOBAL_SLOT_OCCUPIED",
      "scenario_id": "SOLUSDT-PERP.BINANCE-IRX-1758776520000000000-000022",
      "symbol": "SOLUSDT",
      "type": "GLOBAL_CANDIDATE_REJECTED"
    },
    {
      "net_structural_r": "2.214110387838406",
      "observed_ts_ns": 1758782520000000000,
      "reason": "GLOBAL_SLOT_OCCUPIED",
      "scenario_id": "ETHUSDT-PERP.BINANCE-IRX-1758782520000000000-000022",
      "symbol": "ETHUSDT",
      "type": "GLOBAL_CANDIDATE_REJECTED"
    },
    {
      "leader": "ETHUSDT",
      "net_structural_r": "1.8556814909768646",
      "observed_ts_ns": 1758783840000000000,
      "peer_returns": {
        "ETHUSDT": -0.003779534630765524,
        "SOLUSDT": -0.0026929103016060107,
        "XRPUSDT": -0.0024570887009021103
      },
      "reason": "FOLLOWER_AAC_WITHOUT_LEADERSHIP",
      "scenario_id": "BTCUSDT-PERP.BINANCE-LONDON_PREMARKET_0000_0200_NY-R000199-LOW",
      "symbol": "BTCUSDT",
      "type": "MARKET_LEADERSHIP_REJECTED"
    },
    {
      "leader": null,
      "net_structural_r": "1.600298892261022",
      "observed_ts_ns": 1758784080000000000,
      "peer_returns": {},
      "reason": "INVALID_SWEEP_CONFIRMATION_ORDER",
      "scenario_id": "ETHUSDT-PERP.BINANCE-IRX-1758784080000000000-000023",
      "symbol": "ETHUSDT",
      "type": "MARKET_LEADERSHIP_REJECTED"
    },
    {
      "net_structural_r": "1.2702385897247508",
      "observed_ts_ns": 1758784440000000000,
      "reason": "GLOBAL_SLOT_OCCUPIED",
      "scenario_id": "SOLUSDT-PERP.BINANCE-IRX-1758784440000000000-000023",
      "symbol": "SOLUSDT",
      "type": "GLOBAL_CANDIDATE_REJECTED"
    },
    {
      "leader": null,
      "net_structural_r": "1.4596928350630112",
      "observed_ts_ns": 1758788820000000000,
      "peer_returns": {},
      "reason": "INVALID_SWEEP_CONFIRMATION_ORDER",
      "scenario_id": "SOLUSDT-PERP.BINANCE-IRX-1758788820000000000-000024",
      "symbol": "SOLUSDT",
      "type": "MARKET_LEADERSHIP_REJECTED"
    },
    {
      "leader": "ETHUSDT",
      "net_structural_r": "2.237806517484288",
      "observed_ts_ns": 1758800040000000000,
      "peer_returns": {
        "ETHUSDT": -0.00039942482824739667,
        "SOLUSDT": -0.000845182459978111,
        "XRPUSDT": 7.115158845927283e-05
      },
      "reason": "FOLLOWER_FAR_PEER_DISAGREEMENT",
      "scenario_id": "BTCUSDT-PERP.BINANCE-IRX-1758800040000000000-000006",
      "symbol": "BTCUSDT",
      "type": "MARKET_LEADERSHIP_REJECTED"
    },
    {
      "leader": "ETHUSDT",
      "net_structural_r": "1.9171720648160508",
      "observed_ts_ns": 1758800880000000000,
      "peer_returns": {
        "ETHUSDT": -0.0014444077928048582,
        "SOLUSDT": -0.0019374068554397494,
        "XRPUSDT": -0.0010659465605458163
      },
      "reason": "FOLLOWER_FAR_EVENT_LAGGARD",
      "scenario_id": "BTCUSDT-PERP.BINANCE-IRX-1758800880000000000-000007",
      "symbol": "BTCUSDT",
      "type": "MARKET_LEADERSHIP_REJECTED"
    },
    {
      "net_structural_r": "1.5999036514056268",
      "observed_ts_ns": 1758811380000000000,
      "reason": "GLOBAL_SLOT_OCCUPIED",
      "scenario_id": "ETHUSDT-PERP.BINANCE-IRX-1758811380000000000-000024",
      "symbol": "ETHUSDT",
      "type": "GLOBAL_CANDIDATE_REJECTED"
    },
    {
      "net_structural_r": "3.126574238777212",
      "observed_ts_ns": 1758815100000000000,
      "reason": "GLOBAL_SLOT_OCCUPIED",
      "scenario_id": "ETHUSDT-PERP.BINANCE-IRX-1758815100000000000-000025",
      "symbol": "ETHUSDT",
      "type": "GLOBAL_CANDIDATE_REJECTED"
    },
    {
      "net_structural_r": "2.6092288780108817",
      "observed_ts_ns": 1758825720000000000,
      "reason": "GLOBAL_SLOT_OCCUPIED",
      "scenario_id": "ETHUSDT-PERP.BINANCE-IRX-1758825720000000000-000026",
      "symbol": "ETHUSDT",
      "type": "GLOBAL_CANDIDATE_REJECTED"
    },
    {
      "leader": "ETHUSDT",
      "net_structural_r": "3.97007726796263",
      "observed_ts_ns": 1758827940000000000,
      "peer_returns": {
        "BTCUSDT": 0.0008453894810567242,
        "ETHUSDT": 0.0004460485198836128,
        "XRPUSDT": 0.0013946003933487106
      },
      "reason": "FOLLOWER_FAR_WEAK_LOCAL_DISPLACEMENT",
      "scenario_id": "SOLUSDT-PERP.BINANCE-IRX-1758827940000000000-000025",
      "symbol": "SOLUSDT",
      "type": "MARKET_LEADERSHIP_REJECTED"
    },
    {
      "net_structural_r": "1.5177291122588108",
      "observed_ts_ns": 1758834900000000000,
      "reason": "GLOBAL_SLOT_OCCUPIED",
      "scenario_id": "SOLUSDT-PERP.BINANCE-IRX-1758834900000000000-000026",
      "symbol": "SOLUSDT",
      "type": "GLOBAL_CANDIDATE_REJECTED"
    },
    {
      "leader": "ETHUSDT",
      "net_structural_r": "1.2996822274250883",
      "observed_ts_ns": 1758841020000000000,
      "peer_returns": {
        "ETHUSDT": 0.0003112147922190722,
        "SOLUSDT": 0.0006693785078009107,
        "XRPUSDT": 0.0019295179845639776
      },
      "reason": "FOLLOWER_FAR_UNRESOLVED_ADVERSE_AUCTION",
      "scenario_id": "BTCUSDT-PERP.BINANCE-IRX-1758841020000000000-000008",
      "symbol": "BTCUSDT",
      "type": "MARKET_LEADERSHIP_REJECTED"
    },
    {
      "net_structural_r": "2.4971138323304207",
      "observed_ts_ns": 1758841860000000000,
      "reason": "GLOBAL_SLOT_OCCUPIED",
      "scenario_id": "SOLUSDT-PERP.BINANCE-IRX-1758841860000000000-000027",
      "symbol": "SOLUSDT",
      "type": "GLOBAL_CANDIDATE_REJECTED"
    },
    {
      "net_structural_r": "1.441521940494181",
      "observed_ts_ns": 1758842280000000000,
      "reason": "GLOBAL_SLOT_OCCUPIED",
      "scenario_id": "SOLUSDT-PERP.BINANCE-IRX-1758842280000000000-000028",
      "symbol": "SOLUSDT",
      "type": "GLOBAL_CANDIDATE_REJECTED"
    },
    {
      "net_structural_r": "3.6740590783386318",
      "observed_ts_ns": 1758845820000000000,
      "reason": "GLOBAL_SLOT_OCCUPIED",
      "scenario_id": "ETHUSDT-PERP.BINANCE-IRX-1758845820000000000-000027",
      "symbol": "ETHUSDT",
      "type": "GLOBAL_CANDIDATE_REJECTED"
    },
    {
      "leader": "ETHUSDT",
      "net_structural_r": "2.4125227969241188",
      "observed_ts_ns": 1758852660000000000,
      "peer_returns": {
        "ETHUSDT": 0.0019809272263209277,
        "SOLUSDT": -0.0028495827396702866,
        "XRPUSDT": -0.002202961357890887
      },
      "reason": "FOLLOWER_FAR_PEER_DISAGREEMENT",
      "scenario_id": "BTCUSDT-PERP.BINANCE-US_LATE_1600_2000_NY-R000208-HIGH",
      "symbol": "BTCUSDT",
      "type": "MARKET_LEADERSHIP_REJECTED"
    },
    {
      "net_structural_r": "1.3294626648009429",
      "observed_ts_ns": 1758856260000000000,
      "reason": "GLOBAL_SLOT_OCCUPIED",
      "scenario_id": "ETHUSDT-PERP.BINANCE-IRX-1758856260000000000-000028",
      "symbol": "ETHUSDT",
      "type": "GLOBAL_CANDIDATE_REJECTED"
    },
    {
      "leader": null,
      "net_structural_r": "1.98586449167663",
      "observed_ts_ns": 1758864420000000000,
      "peer_returns": {},
      "reason": "INVALID_SWEEP_CONFIRMATION_ORDER",
      "scenario_id": "ETHUSDT-PERP.BINANCE-IRX-1758864420000000000-000029",
      "symbol": "ETHUSDT",
      "type": "MARKET_LEADERSHIP_REJECTED"
    },
    {
      "leader": null,
      "net_structural_r": "4.36280859502393",
      "observed_ts_ns": 1758871620000000000,
      "peer_returns": {},
      "reason": "INVALID_SWEEP_CONFIRMATION_ORDER",
      "scenario_id": "SOLUSDT-PERP.BINANCE-IRX-1758871620000000000-000029",
      "symbol": "SOLUSDT",
      "type": "MARKET_LEADERSHIP_REJECTED"
    },
    {
      "net_structural_r": "1.759040559502783",
      "observed_ts_ns": 1758876240000000000,
      "reason": "GLOBAL_SLOT_OCCUPIED",
      "scenario_id": "SOLUSDT-PERP.BINANCE-IRX-1758876240000000000-000030",
      "symbol": "SOLUSDT",
      "type": "GLOBAL_CANDIDATE_REJECTED"
    },
    {
      "leader": "ETHUSDT",
      "net_structural_r": "2.28415232264435",
      "observed_ts_ns": 1758886380000000000,
      "peer_returns": {
        "ETHUSDT": 0.006054571110899021,
        "SOLUSDT": 0.0016664930736380867,
        "XRPUSDT": -0.0016181229773463146
      },
      "reason": "FOLLOWER_FAR_PEER_DISAGREEMENT",
      "scenario_id": "BTCUSDT-PERP.BINANCE-LONDON_0200_0500_NY-R000229-LOW",
      "symbol": "BTCUSDT",
      "type": "MARKET_LEADERSHIP_REJECTED"
    },
    {
      "leader": null,
      "net_structural_r": "2.3829197985493162",
      "observed_ts_ns": 1758889020000000000,
      "peer_returns": {},
      "reason": "INVALID_SWEEP_CONFIRMATION_ORDER",
      "scenario_id": "SOLUSDT-PERP.BINANCE-IRX-1758889020000000000-000031",
      "symbol": "SOLUSDT",
      "type": "MARKET_LEADERSHIP_REJECTED"
    },
    {
      "net_structural_r": "3.0034784898074336",
      "observed_ts_ns": 1758908940000000000,
      "reason": "GLOBAL_SLOT_OCCUPIED",
      "scenario_id": "SOLUSDT-PERP.BINANCE-IRX-1758908940000000000-000032",
      "symbol": "SOLUSDT",
      "type": "GLOBAL_CANDIDATE_REJECTED"
    },
    {
      "net_structural_r": "1.7680187323775953",
      "observed_ts_ns": 1758923160000000000,
      "reason": "GLOBAL_SLOT_OCCUPIED",
      "scenario_id": "ETHUSDT-PERP.BINANCE-IRX-1758923160000000000-000030",
      "symbol": "ETHUSDT",
      "type": "GLOBAL_CANDIDATE_REJECTED"
    },
    {
      "net_structural_r": "1.3859184235153128",
      "observed_ts_ns": 1758938580000000000,
      "reason": "GLOBAL_SLOT_OCCUPIED",
      "scenario_id": "ETHUSDT-PERP.BINANCE-IRX-1758938580000000000-000031",
      "symbol": "ETHUSDT",
      "type": "GLOBAL_CANDIDATE_REJECTED"
    },
    {
      "leader": "ETHUSDT",
      "net_structural_r": "1.6314720397190963",
      "observed_ts_ns": 1758939540000000000,
      "peer_returns": {
        "BTCUSDT": -0.0005495610826627972,
        "SOLUSDT": -0.001808229889551427,
        "XRPUSDT": -0.0008647402176261698
      },
      "reason": "LEADER_DIRECTIONAL_DISAGREEMENT",
      "scenario_id": "ETHUSDT-PERP.BINANCE-IRX-1758939540000000000-000032",
      "symbol": "ETHUSDT",
      "type": "MARKET_LEADERSHIP_REJECTED"
    },
    {
      "leader": null,
      "net_structural_r": "1.7872519702665164",
      "observed_ts_ns": 1758939540000000000,
      "peer_returns": {},
      "reason": "INVALID_SWEEP_CONFIRMATION_ORDER",
      "scenario_id": "SOLUSDT-PERP.BINANCE-IRX-1758939540000000000-000033",
      "symbol": "SOLUSDT",
      "type": "MARKET_LEADERSHIP_REJECTED"
    },
    {
      "net_structural_r": "1.3852162640463273",
      "observed_ts_ns": 1758941220000000000,
      "reason": "GLOBAL_SLOT_OCCUPIED",
      "scenario_id": "SOLUSDT-PERP.BINANCE-IRX-1758941220000000000-000034",
      "symbol": "SOLUSDT",
      "type": "GLOBAL_CANDIDATE_REJECTED"
    },
    {
      "leader": "ETHUSDT",
      "net_structural_r": "1.3908664442414707",
      "observed_ts_ns": 1758947820000000000,
      "peer_returns": {
        "BTCUSDT": -0.00030647426893126717,
        "ETHUSDT": 4.226132914375569e-05,
        "XRPUSDT": -3.589246617130559e-05
      },
      "reason": "FOLLOWER_FAR_PEER_DISAGREEMENT",
      "scenario_id": "SOLUSDT-PERP.BINANCE-IRX-1758947820000000000-000035",
      "symbol": "SOLUSDT",
      "type": "MARKET_LEADERSHIP_REJECTED"
    },
    {
      "net_structural_r": "1.3662009244560076",
      "observed_ts_ns": 1758975720000000000,
      "reason": "GLOBAL_SLOT_OCCUPIED",
      "scenario_id": "SOLUSDT-PERP.BINANCE-IRX-1758975720000000000-000036",
      "symbol": "SOLUSDT",
      "type": "GLOBAL_CANDIDATE_REJECTED"
    },
    {
      "leader": "ETHUSDT",
      "net_structural_r": "1.492499774274699",
      "observed_ts_ns": 1758987120000000000,
      "peer_returns": {
        "BTCUSDT": -0.0004642181220866348,
        "SOLUSDT": -0.0015794669299110664,
        "XRPUSDT": -0.0010449320794148065
      },
      "reason": "LEADER_DIRECTIONAL_DISAGREEMENT",
      "scenario_id": "ETHUSDT-PERP.BINANCE-IRX-1758987120000000000-000033",
      "symbol": "ETHUSDT",
      "type": "MARKET_LEADERSHIP_REJECTED"
    },
    {
      "net_structural_r": "2.3669457823286715",
      "observed_ts_ns": 1758993180000000000,
      "reason": "GLOBAL_SLOT_OCCUPIED",
      "scenario_id": "ETHUSDT-PERP.BINANCE-IRX-1758993180000000000-000034",
      "symbol": "ETHUSDT",
      "type": "GLOBAL_CANDIDATE_REJECTED"
    },
    {
      "leader": null,
      "net_structural_r": "3.161557324419911",
      "observed_ts_ns": 1758996300000000000,
      "peer_returns": {},
      "reason": "INVALID_SWEEP_CONFIRMATION_ORDER",
      "scenario_id": "SOLUSDT-PERP.BINANCE-IRX-1758996300000000000-000037",
      "symbol": "SOLUSDT",
      "type": "MARKET_LEADERSHIP_REJECTED"
    },
    {
      "net_structural_r": "1.5367411233085992",
      "observed_ts_ns": 1759012800000000000,
      "reason": "GLOBAL_SLOT_OCCUPIED",
      "scenario_id": "SOLUSDT-PERP.BINANCE-IRX-1759012800000000000-000038",
      "symbol": "SOLUSDT",
      "type": "GLOBAL_CANDIDATE_REJECTED"
    },
    {
      "leader": "ETHUSDT",
      "net_structural_r": "1.7870123154244166",
      "observed_ts_ns": 1759013880000000000,
      "peer_returns": {
        "BTCUSDT": 0.00022460440863758535,
        "SOLUSDT": 0.0006870154087741387,
        "XRPUSDT": -0.0012746069961759865
      },
      "reason": "LEADER_EVENT_RECOVERY_WITHOUT_DIRECTIONAL_SUPPORT",
      "scenario_id": "ETHUSDT-PERP.BINANCE-IRX-1759013880000000000-000035",
      "symbol": "ETHUSDT",
      "type": "MARKET_LEADERSHIP_REJECTED"
    },
    {
      "leader": null,
      "net_structural_r": "2.9168234596821736",
      "observed_ts_ns": 1759019640000000000,
      "peer_returns": {},
      "reason": "INVALID_SWEEP_CONFIRMATION_ORDER",
      "scenario_id": "SOLUSDT-PERP.BINANCE-IRX-1759019640000000000-000039",
      "symbol": "SOLUSDT",
      "type": "MARKET_LEADERSHIP_REJECTED"
    },
    {
      "net_structural_r": "1.4273238271081496",
      "observed_ts_ns": 1759027320000000000,
      "reason": "GLOBAL_SLOT_OCCUPIED",
      "scenario_id": "ETHUSDT-PERP.BINANCE-IRX-1759027320000000000-000036",
      "symbol": "ETHUSDT",
      "type": "GLOBAL_CANDIDATE_REJECTED"
    },
    {
      "leader": null,
      "net_structural_r": "1.6232724874325075",
      "observed_ts_ns": 1759032840000000000,
      "peer_returns": {},
      "reason": "INVALID_SWEEP_CONFIRMATION_ORDER",
      "scenario_id": "SOLUSDT-PERP.BINANCE-IRX-1759032840000000000-000040",
      "symbol": "SOLUSDT",
      "type": "MARKET_LEADERSHIP_REJECTED"
    },
    {
      "leader": "ETHUSDT",
      "net_structural_r": "1.3670054231039837",
      "observed_ts_ns": 1759052760000000000,
      "peer_returns": {
        "BTCUSDT": -0.0002045729357311732,
        "SOLUSDT": -0.0006460269343536718,
        "XRPUSDT": 3.5964754540707133e-05
      },
      "reason": "LEADER_DIRECTIONAL_DISAGREEMENT",
      "scenario_id": "ETHUSDT-PERP.BINANCE-IRX-1759052760000000000-000037",
      "symbol": "ETHUSDT",
      "type": "MARKET_LEADERSHIP_REJECTED"
    },
    {
      "net_structural_r": "1.6686759043506745",
      "observed_ts_ns": 1759052760000000000,
      "reason": "GLOBAL_SLOT_OCCUPIED",
      "scenario_id": "SOLUSDT-PERP.BINANCE-IRX-1759052760000000000-000041",
      "symbol": "SOLUSDT",
      "type": "GLOBAL_CANDIDATE_REJECTED"
    },
    {
      "leader": "ETHUSDT",
      "net_structural_r": "1.4342936719036739",
      "observed_ts_ns": 1759065000000000000,
      "peer_returns": {
        "BTCUSDT": -0.00011245796540682029,
        "ETHUSDT": -0.0028290313697019176,
        "SOLUSDT": -0.009559848635730006
      },
      "reason": "FOLLOWER_FAR_PEER_DISAGREEMENT",
      "scenario_id": "XRPUSDT-PERP.BINANCE-LONDON_0200_0500_NY-R000285-LOW",
      "symbol": "XRPUSDT",
      "type": "MARKET_LEADERSHIP_REJECTED"
    },
    {
      "net_structural_r": "2.942915949488338",
      "observed_ts_ns": 1759066320000000000,
      "reason": "GLOBAL_SLOT_OCCUPIED",
      "scenario_id": "SOLUSDT-PERP.BINANCE-IRX-1759066320000000000-000042",
      "symbol": "SOLUSDT",
      "type": "GLOBAL_CANDIDATE_REJECTED"
    },
    {
      "net_structural_r": "4.2002318108814585",
      "observed_ts_ns": 1759082460000000000,
      "reason": "GLOBAL_SLOT_OCCUPIED",
      "scenario_id": "SOLUSDT-PERP.BINANCE-IRX-1759082460000000000-000043",
      "symbol": "SOLUSDT",
      "type": "GLOBAL_CANDIDATE_REJECTED"
    },
    {
      "leader": null,
      "net_structural_r": "4.027873926815526",
      "observed_ts_ns": 1759085700000000000,
      "peer_returns": {},
      "reason": "INVALID_SWEEP_CONFIRMATION_ORDER",
      "scenario_id": "SOLUSDT-PERP.BINANCE-IRX-1759085700000000000-000044",
      "symbol": "SOLUSDT",
      "type": "MARKET_LEADERSHIP_REJECTED"
    },
    {
      "leader": null,
      "net_structural_r": "4.067125169454018",
      "observed_ts_ns": 1759091760000000000,
      "peer_returns": {},
      "reason": "INVALID_SWEEP_CONFIRMATION_ORDER",
      "scenario_id": "SOLUSDT-PERP.BINANCE-IRX-1759091760000000000-000045",
      "symbol": "SOLUSDT",
      "type": "MARKET_LEADERSHIP_REJECTED"
    },
    {
      "net_structural_r": "4.339159139294791",
      "observed_ts_ns": 1759092420000000000,
      "reason": "GLOBAL_SLOT_OCCUPIED",
      "scenario_id": "SOLUSDT-PERP.BINANCE-IRX-1759092420000000000-000046",
      "symbol": "SOLUSDT",
      "type": "GLOBAL_CANDIDATE_REJECTED"
    }
  ],
  "closed_trade_max_drawdown": 0.3083113054958,
  "closed_trades": 3,
  "complete_gate_passed": false,
  "daily_geometric_growth": -0.05129738699652833,
  "detected_events": 2045,
  "effective_maker_rate": "0.0004",
  "effective_taker_rate": "0.0008",
  "engine_errors": [
    {
      "event": "OrderRejected(instrument_id=XRPUSDT-PERP.BINANCE, client_order_id=O-20250922-121300-001-000-8, account_id=BINANCE-001, reason='STOP_MARKET BUY order stop px of 2.8110 was in the market: bid=2.8074, ask=2.8111', due_post_only=False, ts_event=1758543240000000000)",
      "type": "ORDER_REJECTED"
    },
    {
      "event": "OrderRejected(instrument_id=XRPUSDT-PERP.BINANCE, client_order_id=O-20250922-121300-001-000-9, account_id=BINANCE-001, reason='Contingent order O-20250922-121300-001-000-8 already closed', due_post_only=False, ts_event=1758543240000000000)",
      "type": "ORDER_REJECTED"
    }
  ],
  "evaluation_calendar_days": 7,
  "evaluation_end_exclusive": "2025-09-29",
  "evaluation_start": "2025-09-22",
  "event_log_error": null,
  "event_log_valid": true,
  "evidence_class": "NAUTILUS_ACCOUNT_NAV",
  "final_nav": "69168.86945042",
  "global_slot_overlap_count": 0,
  "instruments": [
    "BTCUSDT-PERP.BINANCE",
    "ETHUSDT-PERP.BINANCE",
    "SOLUSDT-PERP.BINANCE",
    "XRPUSDT-PERP.BINANCE"
  ],
  "leadership_rejection_counts": {
    "FOLLOWER_AAC_WITHOUT_LEADERSHIP": 2,
    "FOLLOWER_FAR_EVENT_LAGGARD": 2,
    "FOLLOWER_FAR_PEER_DISAGREEMENT": 9,
    "FOLLOWER_FAR_UNRESOLVED_ADVERSE_AUCTION": 2,
    "FOLLOWER_FAR_WEAK_LOCAL_DISPLACEMENT": 2,
    "INVALID_SWEEP_CONFIRMATION_ORDER": 21,
    "LEADER_DIRECTIONAL_DISAGREEMENT": 4,
    "LEADER_EVENT_RECOVERY_WITHOUT_DIRECTIONAL_SUPPORT": 1
  },
  "liquidation_detected": false,
  "losses": 3,
  "nautilus_result": {
    "iterations": 63360,
    "total_events": 32,
    "total_orders": 10,
    "total_positions": 3
  },
  "net_return": -0.3083113054958,
  "partial_entry_fail_closed_count": 0,
  "payoff_ratio": null,
  "promising_gate_passed": false,
  "scenario_counts": {
    "AAC": 0,
    "FAR": 3
  },
  "skip_reasons": {
    "AAC_REQUIRES_INDEPENDENT_EXTERNAL_DRAW": 6,
    "AMBIGUOUS_EXTERNAL_DRAW": 1,
    "CONTINUATION_TARGET_NO_LONGER_LIVE": 6,
    "FOLLOWER_AAC_WITHOUT_LEADERSHIP": 2,
    "FOLLOWER_FAR_EVENT_LAGGARD": 2,
    "FOLLOWER_FAR_PEER_DISAGREEMENT": 9,
    "FOLLOWER_FAR_UNRESOLVED_ADVERSE_AUCTION": 2,
    "FOLLOWER_FAR_WEAK_LOCAL_DISPLACEMENT": 2,
    "FRAMED_TARGET_REACHED_BEFORE_CONFIRMATION": 15,
    "GLOBAL_SLOT_OCCUPIED": 42,
    "INSUFFICIENT_COSTED_STRUCTURAL_R": 16,
    "INVALID_SWEEP_CONFIRMATION_ORDER": 21,
    "LEADER_DIRECTIONAL_DISAGREEMENT": 4,
    "LEADER_EVENT_RECOVERY_WITHOUT_DIRECTIONAL_SUPPORT": 1,
    "NO_AGGRESSOR_FLOW_AT_SWEEP": 28,
    "NO_CAUSAL_INTERNAL_STRUCTURE": 1,
    "OUTSIDE_EVALUATION_WINDOW": 30,
    "SESSION_DECISION_WINDOW_EXPIRED": 96,
    "SWEEP_ACTIVITY_OR_PENETRATION": 32
  },
  "starting_nav": "100000",
  "submitted_plans": 3,
  "success_claim": false,
  "symbol_counts": {
    "BTCUSDT": 0,
    "ETHUSDT": 1,
    "SOLUSDT": 0,
    "XRPUSDT": 2
  },
  "week_id": "W9",
  "win_rate": 0.0,
  "wins": 0
}
/__w/SMC_ICT_4_LIVE/SMC_ICT_4_LIVE/research/candidate-11/run_leadership_scdam.py:828: Pandas4Warning: Timestamp.utcnow is deprecated and will be removed in a future version. Use Timestamp.now('UTC') instead.
  engine.run()
/__w/SMC_ICT_4_LIVE/SMC_ICT_4_LIVE/research/candidate-11/run_leadership_scdam.py:828: Pandas4Warning: Timestamp.utcnow is deprecated and will be removed in a future version. Use Timestamp.now('UTC') instead.
  engine.run()
{
  "all_closed_trades_won": false,
  "bars": 63360,
  "candidate": "candidate-11-market-leadership-scdam",
  "candidate_rejections": [
    {
      "leader": null,
      "net_structural_r": "3.102933022294615",
      "observed_ts_ns": 1729905540000000000,
      "peer_returns": {},
      "reason": "INVALID_SWEEP_CONFIRMATION_ORDER",
      "scenario_id": "SOLUSDT-PERP.BINANCE-IRX-1729905540000000000-000018",
      "symbol": "SOLUSDT",
      "type": "MARKET_LEADERSHIP_REJECTED"
    },
    {
      "leader": null,
      "net_structural_r": "2.327813219902409",
      "observed_ts_ns": 1729909860000000000,
      "peer_returns": {},
      "reason": "INVALID_SWEEP_CONFIRMATION_ORDER",
      "scenario_id": "ETHUSDT-PERP.BINANCE-IRX-1729909860000000000-000013",
      "symbol": "ETHUSDT",
      "type": "MARKET_LEADERSHIP_REJECTED"
    },
    {
      "leader": "BTCUSDT",
      "net_structural_r": "3.9154316996398757",
      "observed_ts_ns": 1729919580000000000,
      "peer_returns": {
        "BTCUSDT": 0.0009616088133537204,
        "ETHUSDT": 0.00043081550122958667,
        "XRPUSDT": -0.000777907429015845
      },
      "reason": "FOLLOWER_FAR_PEER_DISAGREEMENT",
      "scenario_id": "SOLUSDT-PERP.BINANCE-IRX-1729919580000000000-000019",
      "symbol": "SOLUSDT",
      "type": "MARKET_LEADERSHIP_REJECTED"
    },
    {
      "leader": "BTCUSDT",
      "net_structural_r": "2.393985407596568",
      "observed_ts_ns": 1729922460000000000,
      "peer_returns": {
        "BTCUSDT": 0.00020411234224138042,
        "ETHUSDT": -6.475504381076025e-05,
        "XRPUSDT": -0.0005847953216373547
      },
      "reason": "FOLLOWER_FAR_PEER_DISAGREEMENT",
      "scenario_id": "SOLUSDT-PERP.BINANCE-IRX-1729922460000000000-000020",
      "symbol": "SOLUSDT",
      "type": "MARKET_LEADERSHIP_REJECTED"
    },
    {
      "leader": "BTCUSDT",
      "net_structural_r": "1.8273632914155367",
      "observed_ts_ns": 1729940700000000000,
      "peer_returns": {
        "BTCUSDT": -0.0032528358151209247,
        "ETHUSDT": -0.003853471153496546,
        "XRPUSDT": -0.00233281493001547
      },
      "reason": "FOLLOWER_FAR_EVENT_LAGGARD",
      "scenario_id": "SOLUSDT-PERP.BINANCE-LONDON_0200_0500_NY-R000117-HIGH",
      "symbol": "SOLUSDT",
      "type": "MARKET_LEADERSHIP_REJECTED"
    },
    {
      "leader": null,
      "net_structural_r": "1.6337200889671726",
      "observed_ts_ns": 1729952280000000000,
      "peer_returns": {},
      "reason": "INVALID_SWEEP_CONFIRMATION_ORDER",
      "scenario_id": "SOLUSDT-PERP.BINANCE-IRX-1729952280000000000-000023",
      "symbol": "SOLUSDT",
      "type": "MARKET_LEADERSHIP_REJECTED"
    },
    {
      "leader": "BTCUSDT",
      "net_structural_r": "1.328624363717171",
      "observed_ts_ns": 1729958460000000000,
      "peer_returns": {
        "BTCUSDT": -0.00016449606630086766,
        "ETHUSDT": 0.00023607272668058066,
        "SOLUSDT": 0.0002965071458223001
      },
      "reason": "FOLLOWER_FAR_PEER_DISAGREEMENT",
      "scenario_id": "XRPUSDT-PERP.BINANCE-IRX-1729958460000000000-000008",
      "symbol": "XRPUSDT",
      "type": "MARKET_LEADERSHIP_REJECTED"
    },
    {
      "leader": null,
      "net_structural_r": "1.410633207964083",
      "observed_ts_ns": 1729985340000000000,
      "peer_returns": {},
      "reason": "INVALID_SWEEP_CONFIRMATION_ORDER",
      "scenario_id": "XRPUSDT-PERP.BINANCE-IRX-1729985340000000000-000009",
      "symbol": "XRPUSDT",
      "type": "MARKET_LEADERSHIP_REJECTED"
    },
    {
      "net_structural_r": "1.9431752854711322",
      "observed_ts_ns": 1729989540000000000,
      "reason": "GLOBAL_SLOT_OCCUPIED",
      "scenario_id": "SOLUSDT-PERP.BINANCE-US_LATE_1600_2000_NY-R000124-LOW",
      "symbol": "SOLUSDT",
      "type": "GLOBAL_CANDIDATE_REJECTED"
    },
    {
      "leader": "BTCUSDT",
      "net_structural_r": "1.5520747641868797",
      "observed_ts_ns": 1730001240000000000,
      "peer_returns": {
        "BTCUSDT": 0.0033107101473266454,
        "SOLUSDT": 0.008610590440487398,
        "XRPUSDT": 0.007213881848313397
      },
      "reason": "FOLLOWER_FAR_EVENT_LAGGARD",
      "scenario_id": "ETHUSDT-PERP.BINANCE-US_LATE_1600_2000_NY-R000124-LOW",
      "symbol": "ETHUSDT",
      "type": "MARKET_LEADERSHIP_REJECTED"
    },
    {
      "leader": "BTCUSDT",
      "net_structural_r": "1.300713308744772",
      "observed_ts_ns": 1730049180000000000,
      "peer_returns": {
        "BTCUSDT": 4.428750265716985e-05,
        "SOLUSDT": 0.00011317338162064594,
        "XRPUSDT": -0.00038774718883305415
      },
      "reason": "FOLLOWER_FAR_PEER_DISAGREEMENT",
      "scenario_id": "ETHUSDT-PERP.BINANCE-IRX-1730049180000000000-000018",
      "symbol": "ETHUSDT",
      "type": "MARKET_LEADERSHIP_REJECTED"
    },
    {
      "leader": null,
      "net_structural_r": "2.049192934958685",
      "observed_ts_ns": 1730063700000000000,
      "peer_returns": {},
      "reason": "INVALID_SWEEP_CONFIRMATION_ORDER",
      "scenario_id": "SOLUSDT-PERP.BINANCE-IRX-1730063700000000000-000030",
      "symbol": "SOLUSDT",
      "type": "MARKET_LEADERSHIP_REJECTED"
    },
    {
      "net_structural_r": "2.378718495882608",
      "observed_ts_ns": 1730068980000000000,
      "reason": "GLOBAL_SLOT_OCCUPIED",
      "scenario_id": "BTCUSDT-PERP.BINANCE-IRX-1730068980000000000-000011",
      "symbol": "BTCUSDT",
      "type": "GLOBAL_CANDIDATE_REJECTED"
    },
    {
      "net_structural_r": "3.3619928677259465",
      "observed_ts_ns": 1730070060000000000,
      "reason": "GLOBAL_SLOT_OCCUPIED",
      "scenario_id": "ETHUSDT-PERP.BINANCE-IRX-1730070060000000000-000020",
      "symbol": "ETHUSDT",
      "type": "GLOBAL_CANDIDATE_REJECTED"
    },
    {
      "leader": "BTCUSDT",
      "net_structural_r": "1.4847652001744658",
      "observed_ts_ns": 1730072460000000000,
      "peer_returns": {
        "BTCUSDT": -0.00019243085709574892,
        "ETHUSDT": -0.00017521852537683014,
        "XRPUSDT": -0.00019327406262081848
      },
      "reason": "FOLLOWER_FAR_WEAK_LOCAL_DISPLACEMENT",
      "scenario_id": "SOLUSDT-PERP.BINANCE-IRX-1730072460000000000-000032",
      "symbol": "SOLUSDT",
      "type": "MARKET_LEADERSHIP_REJECTED"
    },
    {
      "leader": null,
      "net_structural_r": "1.9307831351868523",
      "observed_ts_ns": 1730093820000000000,
      "peer_returns": {},
      "reason": "INVALID_SWEEP_CONFIRMATION_ORDER",
      "scenario_id": "ETHUSDT-PERP.BINANCE-IRX-1730093820000000000-000021",
      "symbol": "ETHUSDT",
      "type": "MARKET_LEADERSHIP_REJECTED"
    },
    {
      "leader": null,
      "net_structural_r": "1.2826892875321576",
      "observed_ts_ns": 1730135400000000000,
      "peer_returns": {},
      "reason": "INVALID_SWEEP_CONFIRMATION_ORDER",
      "scenario_id": "BTCUSDT-PERP.BINANCE-IRX-1730135400000000000-000012",
      "symbol": "BTCUSDT",
      "type": "MARKET_LEADERSHIP_REJECTED"
    },
    {
      "leader": "BTCUSDT",
      "net_structural_r": "1.3480066025513093",
      "observed_ts_ns": 1730139840000000000,
      "peer_returns": {
        "ETHUSDT": -0.003548066523254123,
        "SOLUSDT": -0.002222982216142144,
        "XRPUSDT": -0.00271633682576633
      },
      "reason": "LEADER_EVENT_RECOVERY_WITHOUT_DIRECTIONAL_SUPPORT",
      "scenario_id": "BTCUSDT-PERP.BINANCE-LONDON_CLOSE_1000_1200_NY-R000177-HIGH",
      "symbol": "BTCUSDT",
      "type": "MARKET_LEADERSHIP_REJECTED"
    },
    {
      "leader": null,
      "net_structural_r": "3.319000940372473",
      "observed_ts_ns": 1730166960000000000,
      "peer_returns": {},
      "reason": "INVALID_SWEEP_CONFIRMATION_ORDER",
      "scenario_id": "ETHUSDT-PERP.BINANCE-IRX-1730166960000000000-000022",
      "symbol": "ETHUSDT",
      "type": "MARKET_LEADERSHIP_REJECTED"
    },
    {
      "leader": "BTCUSDT",
      "net_structural_r": "2.0637257492643455",
      "observed_ts_ns": 1730203200000000000,
      "peer_returns": {
        "BTCUSDT": -0.0009718974794992175,
        "ETHUSDT": 0.00034978860601642126,
        "SOLUSDT": -0.00022127565414631345
      },
      "reason": "FOLLOWER_FAR_PEER_DISAGREEMENT",
      "scenario_id": "XRPUSDT-PERP.BINANCE-IRX-1730203200000000000-000011",
      "symbol": "XRPUSDT",
      "type": "MARKET_LEADERSHIP_REJECTED"
    },
    {
      "leader": "BTCUSDT",
      "net_structural_r": "2.2514708033410566",
      "observed_ts_ns": 1730211120000000000,
      "peer_returns": {
        "BTCUSDT": 0.0007846038937013855,
        "ETHUSDT": 0.001189209726443874,
        "SOLUSDT": 0.0010610968390483144
      },
      "reason": "FOLLOWER_FAR_EVENT_LAGGARD",
      "scenario_id": "XRPUSDT-PERP.BINANCE-IRX-1730211120000000000-000012",
      "symbol": "XRPUSDT",
      "type": "MARKET_LEADERSHIP_REJECTED"
    },
    {
      "leader": "BTCUSDT",
      "net_structural_r": "1.9827432022716367",
      "observed_ts_ns": 1730219760000000000,
      "peer_returns": {
        "BTCUSDT": -3.5829748061599886e-05,
        "ETHUSDT": 0.00025333398872473545,
        "XRPUSDT": 0.00037900322152761845
      },
      "reason": "FOLLOWER_FAR_PEER_DISAGREEMENT",
      "scenario_id": "SOLUSDT-PERP.BINANCE-IRX-1730219760000000000-000040",
      "symbol": "SOLUSDT",
      "type": "MARKET_LEADERSHIP_REJECTED"
    },
    {
      "leader": "BTCUSDT",
      "net_structural_r": "2.40130203546812",
      "observed_ts_ns": 1730232000000000000,
      "peer_returns": {
        "BTCUSDT": -0.00559389935916943,
        "ETHUSDT": -0.002925420766688114,
        "SOLUSDT": -0.0029665286018134562
      },
      "reason": "FOLLOWER_FAR_EVENT_LAGGARD",
      "scenario_id": "XRPUSDT-PERP.BINANCE-IRX-1730232000000000000-000013",
      "symbol": "XRPUSDT",
      "type": "MARKET_LEADERSHIP_REJECTED"
    },
    {
      "leader": "BTCUSDT",
      "net_structural_r": "4.990077977741977",
      "observed_ts_ns": 1730235720000000000,
      "peer_returns": {
        "BTCUSDT": -0.0016983113616890755,
        "ETHUSDT": -0.0022717656879523984,
        "XRPUSDT": 0.0
      },
      "reason": "FOLLOWER_FAR_PEER_DISAGREEMENT",
      "scenario_id": "SOLUSDT-PERP.BINANCE-IRX-1730235720000000000-000042",
      "symbol": "SOLUSDT",
      "type": "MARKET_LEADERSHIP_REJECTED"
    },
    {
      "net_structural_r": "1.5971448574568519",
      "observed_ts_ns": 1730244060000000000,
      "reason": "GLOBAL_SLOT_OCCUPIED",
      "scenario_id": "ETHUSDT-PERP.BINANCE-IRX-1730244060000000000-000023",
      "symbol": "ETHUSDT",
      "type": "GLOBAL_CANDIDATE_REJECTED"
    },
    {
      "leader": "BTCUSDT",
      "net_structural_r": "2.949680728566027",
      "observed_ts_ns": 1730255580000000000,
      "peer_returns": {
        "BTCUSDT": 0.0013171592437239976,
        "ETHUSDT": 0.0014674209791907256,
        "XRPUSDT": -0.00019040365575018203
      },
      "reason": "FOLLOWER_FAR_PEER_DISAGREEMENT",
      "scenario_id": "SOLUSDT-PERP.BINANCE-IRX-1730255580000000000-000043",
      "symbol": "SOLUSDT",
      "type": "MARKET_LEADERSHIP_REJECTED"
    },
    {
      "net_structural_r": "3.2299691116657905",
      "observed_ts_ns": 1730265960000000000,
      "reason": "GLOBAL_SLOT_OCCUPIED",
      "scenario_id": "SOLUSDT-PERP.BINANCE-IRX-1730265960000000000-000044",
      "symbol": "SOLUSDT",
      "type": "GLOBAL_CANDIDATE_REJECTED"
    },
    {
      "net_structural_r": "2.7320521007429734",
      "observed_ts_ns": 1730283360000000000,
      "reason": "GLOBAL_SLOT_OCCUPIED",
      "scenario_id": "SOLUSDT-PERP.BINANCE-IRX-1730283360000000000-000045",
      "symbol": "SOLUSDT",
      "type": "GLOBAL_CANDIDATE_REJECTED"
    },
    {
      "leader": "BTCUSDT",
      "net_structural_r": "1.3276948465319636",
      "observed_ts_ns": 1730286180000000000,
      "peer_returns": {
        "BTCUSDT": -0.002192117207223232,
        "SOLUSDT": -0.005225893459204323,
        "XRPUSDT": -0.002855511136493294
      },
      "reason": "FOLLOWER_FAR_WEAK_LOCAL_DISPLACEMENT",
      "scenario_id": "ETHUSDT-PERP.BINANCE-LONDON_0200_0500_NY-R000229-HIGH",
      "symbol": "ETHUSDT",
      "type": "MARKET_LEADERSHIP_REJECTED"
    },
    {
      "net_structural_r": "4.256015337157437",
      "observed_ts_ns": 1730293260000000000,
      "reason": "GLOBAL_SLOT_OCCUPIED",
      "scenario_id": "SOLUSDT-PERP.BINANCE-IRX-1730293260000000000-000046",
      "symbol": "SOLUSDT",
      "type": "GLOBAL_CANDIDATE_REJECTED"
    },
    {
      "net_structural_r": "1.674532673550863",
      "observed_ts_ns": 1730293500000000000,
      "reason": "GLOBAL_SLOT_OCCUPIED",
      "scenario_id": "XRPUSDT-PERP.BINANCE-IRX-1730293500000000000-000014",
      "symbol": "XRPUSDT",
      "type": "GLOBAL_CANDIDATE_REJECTED"
    },
    {
      "leader": "BTCUSDT",
      "net_structural_r": "1.678977655032946",
      "observed_ts_ns": 1730293980000000000,
      "peer_returns": {
        "BTCUSDT": 5.290136123559108e-05,
        "ETHUSDT": 0.0011734640659226692,
        "XRPUSDT": 0.0007677543186179747
      },
      "reason": "FOLLOWER_FAR_EVENT_LAGGARD",
      "scenario_id": "SOLUSDT-PERP.BINANCE-IRX-1730293980000000000-000047",
      "symbol": "SOLUSDT",
      "type": "MARKET_LEADERSHIP_REJECTED"
    },
    {
      "net_structural_r": "3.076730828757016",
      "observed_ts_ns": 1730299800000000000,
      "reason": "GLOBAL_SLOT_OCCUPIED",
      "scenario_id": "XRPUSDT-PERP.BINANCE-IRX-1730299800000000000-000015",
      "symbol": "XRPUSDT",
      "type": "GLOBAL_CANDIDATE_REJECTED"
    },
    {
      "leader": "BTCUSDT",
      "net_structural_r": "2.515018096260531",
      "observed_ts_ns": 1730301060000000000,
      "peer_returns": {
        "BTCUSDT": 0.0008174299945458152,
        "SOLUSDT": -0.010944765793353795,
        "XRPUSDT": -0.0001908396946564972
      },
      "reason": "FOLLOWER_FAR_PEER_DISAGREEMENT",
      "scenario_id": "ETHUSDT-PERP.BINANCE-NYAM_0700_1000_NY-R000232-HIGH",
      "symbol": "ETHUSDT",
      "type": "MARKET_LEADERSHIP_REJECTED"
    },
    {
      "net_structural_r": "2.309350577297371",
      "observed_ts_ns": 1730302560000000000,
      "reason": "GLOBAL_SLOT_OCCUPIED",
      "scenario_id": "SOLUSDT-PERP.BINANCE-IRX-1730302560000000000-000048",
      "symbol": "SOLUSDT",
      "type": "GLOBAL_CANDIDATE_REJECTED"
    },
    {
      "leader": null,
      "net_structural_r": "2.6817568315932383",
      "observed_ts_ns": 1730305860000000000,
      "peer_returns": {},
      "reason": "INVALID_SWEEP_CONFIRMATION_ORDER",
      "scenario_id": "SOLUSDT-PERP.BINANCE-IRX-1730305860000000000-000049",
      "symbol": "SOLUSDT",
      "type": "MARKET_LEADERSHIP_REJECTED"
    },
    {
      "leader": "BTCUSDT",
      "net_structural_r": "1.9370448701686973",
      "observed_ts_ns": 1730310120000000000,
      "peer_returns": {
        "BTCUSDT": 0.00021880130333107317,
        "ETHUSDT": -0.0002658777711204152,
        "XRPUSDT": 0.0007656967840736773
      },
      "reason": "FOLLOWER_FAR_PEER_DISAGREEMENT",
      "scenario_id": "SOLUSDT-PERP.BINANCE-IRX-1730310120000000000-000050",
      "symbol": "SOLUSDT",
      "type": "MARKET_LEADERSHIP_REJECTED"
    },
    {
      "net_structural_r": "2.0667468717366537",
      "observed_ts_ns": 1730314920000000000,
      "reason": "GLOBAL_SLOT_OCCUPIED",
      "scenario_id": "BTCUSDT-PERP.BINANCE-IRX-1730314920000000000-000015",
      "symbol": "BTCUSDT",
      "type": "GLOBAL_CANDIDATE_REJECTED"
    },
    {
      "leader": null,
      "net_structural_r": "2.2369199475986106",
      "observed_ts_ns": 1730318880000000000,
      "peer_returns": {},
      "reason": "INVALID_SWEEP_CONFIRMATION_ORDER",
      "scenario_id": "SOLUSDT-PERP.BINANCE-IRX-1730318880000000000-000051",
      "symbol": "SOLUSDT",
      "type": "MARKET_LEADERSHIP_REJECTED"
    },
    {
      "leader": null,
      "net_structural_r": "6.933731719370843",
      "observed_ts_ns": 1730320440000000000,
      "peer_returns": {},
      "reason": "INVALID_SWEEP_CONFIRMATION_ORDER",
      "scenario_id": "SOLUSDT-PERP.BINANCE-IRX-1730320440000000000-000052",
      "symbol": "SOLUSDT",
      "type": "MARKET_LEADERSHIP_REJECTED"
    },
    {
      "net_structural_r": "2.848916713885136",
      "observed_ts_ns": 1730329020000000000,
      "reason": "GLOBAL_SLOT_OCCUPIED",
      "scenario_id": "SOLUSDT-PERP.BINANCE-IRX-1730329020000000000-000053",
      "symbol": "SOLUSDT",
      "type": "GLOBAL_CANDIDATE_REJECTED"
    },
    {
      "net_structural_r": "1.7813389188686122",
      "observed_ts_ns": 1730340060000000000,
      "reason": "GLOBAL_SLOT_OCCUPIED",
      "scenario_id": "XRPUSDT-PERP.BINANCE-IRX-1730340060000000000-000016",
      "symbol": "XRPUSDT",
      "type": "GLOBAL_CANDIDATE_REJECTED"
    },
    {
      "leader": null,
      "net_structural_r": "2.2545902865450795",
      "observed_ts_ns": 1730344140000000000,
      "peer_returns": {},
      "reason": "INVALID_SWEEP_CONFIRMATION_ORDER",
      "scenario_id": "SOLUSDT-PERP.BINANCE-IRX-1730344140000000000-000054",
      "symbol": "SOLUSDT",
      "type": "MARKET_LEADERSHIP_REJECTED"
    },
    {
      "leader": null,
      "net_structural_r": "3.1763284554137323",
      "observed_ts_ns": 1730349240000000000,
      "peer_returns": {},
      "reason": "INVALID_SWEEP_CONFIRMATION_ORDER",
      "scenario_id": "SOLUSDT-PERP.BINANCE-IRX-1730349240000000000-000055",
      "symbol": "SOLUSDT",
      "type": "MARKET_LEADERSHIP_REJECTED"
    },
    {
      "leader": "BTCUSDT",
      "net_structural_r": "3.2393864071244804",
      "observed_ts_ns": 1730374140000000000,
      "peer_returns": {
        "BTCUSDT": 0.0007429399947982418,
        "ETHUSDT": 0.0012390396302643936,
        "SOLUSDT": 0.0006864595846920452
      },
      "reason": "FOLLOWER_FAR_EVENT_LAGGARD",
      "scenario_id": "XRPUSDT-PERP.BINANCE-IRX-1730374140000000000-000017",
      "symbol": "XRPUSDT",
      "type": "MARKET_LEADERSHIP_REJECTED"
    },
    {
      "leader": "BTCUSDT",
      "net_structural_r": "3.3546459602584053",
      "observed_ts_ns": 1730378160000000000,
      "peer_returns": {
        "ETHUSDT": -0.0011902911664475324,
        "SOLUSDT": -0.001602013960407378,
        "XRPUSDT": -0.0007714561234328787
      },
      "reason": "LEADER_DIRECTIONAL_DISAGREEMENT",
      "scenario_id": "BTCUSDT-PERP.BINANCE-IRX-1730378160000000000-000016",
      "symbol": "BTCUSDT",
      "type": "MARKET_LEADERSHIP_REJECTED"
    },
    {
      "leader": "BTCUSDT",
      "net_structural_r": "3.22592919792586",
      "observed_ts_ns": 1730385660000000000,
      "peer_returns": {
        "BTCUSDT": -0.0025990601775908173,
        "ETHUSDT": -0.0025341585892795226,
        "SOLUSDT": -0.002925345190732509
      },
      "reason": "FOLLOWER_FAR_EVENT_LAGGARD",
      "scenario_id": "XRPUSDT-PERP.BINANCE-IRX-1730385660000000000-000018",
      "symbol": "XRPUSDT",
      "type": "MARKET_LEADERSHIP_REJECTED"
    },
    {
      "net_structural_r": "2.061780839892914",
      "observed_ts_ns": 1730389680000000000,
      "reason": "GLOBAL_SLOT_OCCUPIED",
      "scenario_id": "BTCUSDT-PERP.BINANCE-NYAM_0700_1000_NY-R000260-LOW",
      "symbol": "BTCUSDT",
      "type": "GLOBAL_CANDIDATE_REJECTED"
    },
    {
      "net_structural_r": "1.9792230529988013",
      "observed_ts_ns": 1730397660000000000,
      "reason": "GLOBAL_SLOT_OCCUPIED",
      "scenario_id": "SOLUSDT-PERP.BINANCE-IRX-1730397660000000000-000056",
      "symbol": "SOLUSDT",
      "type": "GLOBAL_CANDIDATE_REJECTED"
    },
    {
      "leader": "BTCUSDT",
      "net_structural_r": "2.834412017761044",
      "observed_ts_ns": 1730399640000000000,
      "peer_returns": {
        "BTCUSDT": -0.0034495137902507134,
        "ETHUSDT": -0.005047468354430484,
        "SOLUSDT": -0.005534294966146547
      },
      "reason": "FOLLOWER_FAR_EVENT_LAGGARD",
      "scenario_id": "XRPUSDT-PERP.BINANCE-IRX-1730399640000000000-000019",
      "symbol": "XRPUSDT",
      "type": "MARKET_LEADERSHIP_REJECTED"
    },
    {
      "leader": "BTCUSDT",
      "net_structural_r": "1.3443718645854636",
      "observed_ts_ns": 1730403120000000000,
      "peer_returns": {
        "BTCUSDT": -0.000907997185208731,
        "ETHUSDT": 0.0005754744687775926,
        "SOLUSDT": -0.00011809861234124419
      },
      "reason": "FOLLOWER_FAR_PEER_DISAGREEMENT",
      "scenario_id": "XRPUSDT-PERP.BINANCE-IRX-1730403120000000000-000020",
      "symbol": "XRPUSDT",
      "type": "MARKET_LEADERSHIP_REJECTED"
    },
    {
      "net_structural_r": "1.875658342535073",
      "observed_ts_ns": 1730416380000000000,
      "reason": "GLOBAL_SLOT_OCCUPIED",
      "scenario_id": "BTCUSDT-PERP.BINANCE-IRX-1730416380000000000-000017",
      "symbol": "BTCUSDT",
      "type": "GLOBAL_CANDIDATE_REJECTED"
    },
    {
      "leader": "BTCUSDT",
      "net_structural_r": "1.6767665117470623",
      "observed_ts_ns": 1730421360000000000,
      "peer_returns": {
        "BTCUSDT": -0.003013001463214593,
        "SOLUSDT": -0.0022489199266141346,
        "XRPUSDT": -0.00019573302016051564
      },
      "reason": "FOLLOWER_FAR_WEAK_LOCAL_DISPLACEMENT",
      "scenario_id": "ETHUSDT-PERP.BINANCE-US_LATE_1600_2000_NY-R000264-HIGH",
      "symbol": "ETHUSDT",
      "type": "MARKET_LEADERSHIP_REJECTED"
    },
    {
      "leader": "BTCUSDT",
      "net_structural_r": "1.3275330038913462",
      "observed_ts_ns": 1730435100000000000,
      "peer_returns": {
        "BTCUSDT": 0.0010800815677600717,
        "ETHUSDT": 0.0014974064919559549,
        "XRPUSDT": 0.0
      },
      "reason": "FOLLOWER_FAR_PEER_DISAGREEMENT",
      "scenario_id": "SOLUSDT-PERP.BINANCE-IRX-1730435100000000000-000057",
      "symbol": "SOLUSDT",
      "type": "MARKET_LEADERSHIP_REJECTED"
    },
    {
      "leader": null,
      "net_structural_r": "1.5408821044519871",
      "observed_ts_ns": 1730437740000000000,
      "peer_returns": {},
      "reason": "INVALID_SWEEP_CONFIRMATION_ORDER",
      "scenario_id": "SOLUSDT-PERP.BINANCE-IRX-1730437740000000000-000058",
      "symbol": "SOLUSDT",
      "type": "MARKET_LEADERSHIP_REJECTED"
    },
    {
      "leader": "BTCUSDT",
      "net_structural_r": "1.7726776684064824",
      "observed_ts_ns": 1730441160000000000,
      "peer_returns": {
        "ETHUSDT": -0.0028565972277478924,
        "SOLUSDT": -0.0027544910179641002,
        "XRPUSDT": -0.002328740539491503
      },
      "reason": "LEADER_DIRECTIONAL_DISAGREEMENT",
      "scenario_id": "BTCUSDT-PERP.BINANCE-LONDON_PREMARKET_0000_0200_NY-R000283-HIGH",
      "symbol": "BTCUSDT",
      "type": "MARKET_LEADERSHIP_REJECTED"
    },
    {
      "net_structural_r": "2.982712744578091",
      "observed_ts_ns": 1730447940000000000,
      "reason": "GLOBAL_SLOT_OCCUPIED",
      "scenario_id": "BTCUSDT-PERP.BINANCE-IRX-1730447940000000000-000018",
      "symbol": "BTCUSDT",
      "type": "GLOBAL_CANDIDATE_REJECTED"
    },
    {
      "net_structural_r": "2.106923269781729",
      "observed_ts_ns": 1730451120000000000,
      "reason": "GLOBAL_SLOT_OCCUPIED",
      "scenario_id": "SOLUSDT-PERP.BINANCE-IRX-1730451120000000000-000059",
      "symbol": "SOLUSDT",
      "type": "GLOBAL_CANDIDATE_REJECTED"
    },
    {
      "net_structural_r": "2.7608073328948097",
      "observed_ts_ns": 1730458020000000000,
      "reason": "GLOBAL_SLOT_OCCUPIED",
      "scenario_id": "BTCUSDT-PERP.BINANCE-IRX-1730458020000000000-000019",
      "symbol": "BTCUSDT",
      "type": "GLOBAL_CANDIDATE_REJECTED"
    },
    {
      "net_structural_r": "4.194258013231306",
      "observed_ts_ns": 1730473080000000000,
      "reason": "GLOBAL_SLOT_OCCUPIED",
      "scenario_id": "BTCUSDT-PERP.BINANCE-IRX-1730473080000000000-000020",
      "symbol": "BTCUSDT",
      "type": "GLOBAL_CANDIDATE_REJECTED"
    },
    {
      "leader": "BTCUSDT",
      "net_structural_r": "2.4925539962498555",
      "observed_ts_ns": 1730475120000000000,
      "peer_returns": {
        "ETHUSDT": -0.003092985830356665,
        "SOLUSDT": -0.003479183866021973,
        "XRPUSDT": 0.0
      },
      "reason": "LEADER_DIRECTIONAL_DISAGREEMENT",
      "scenario_id": "BTCUSDT-PERP.BINANCE-IRX-1730475120000000000-000021",
      "symbol": "BTCUSDT",
      "type": "MARKET_LEADERSHIP_REJECTED"
    },
    {
      "net_structural_r": "3.5390322140020967",
      "observed_ts_ns": 1730475120000000000,
      "reason": "GLOBAL_SLOT_OCCUPIED",
      "scenario_id": "SOLUSDT-PERP.BINANCE-IRX-1730475120000000000-000060",
      "symbol": "SOLUSDT",
      "type": "GLOBAL_CANDIDATE_REJECTED"
    },
    {
      "leader": null,
      "net_structural_r": "3.7433868068911793",
      "observed_ts_ns": 1730478180000000000,
      "peer_returns": {},
      "reason": "INVALID_SWEEP_CONFIRMATION_ORDER",
      "scenario_id": "SOLUSDT-PERP.BINANCE-IRX-1730478180000000000-000061",
      "symbol": "SOLUSDT",
      "type": "MARKET_LEADERSHIP_REJECTED"
    },
    {
      "leader": null,
      "net_structural_r": "3.177193732260509",
      "observed_ts_ns": 1730480460000000000,
      "peer_returns": {},
      "reason": "INVALID_SWEEP_CONFIRMATION_ORDER",
      "scenario_id": "XRPUSDT-PERP.BINANCE-IRX-1730480460000000000-000021",
      "symbol": "XRPUSDT",
      "type": "MARKET_LEADERSHIP_REJECTED"
    },
    {
      "leader": "BTCUSDT",
      "net_structural_r": "2.3729184264260703",
      "observed_ts_ns": 1730488200000000000,
      "peer_returns": {
        "BTCUSDT": -0.002721241718195655,
        "ETHUSDT": -0.0019040259393657832,
        "SOLUSDT": -0.002707092582566295
      },
      "reason": "FOLLOWER_FAR_EVENT_LAGGARD",
      "scenario_id": "XRPUSDT-PERP.BINANCE-IRX-1730488200000000000-000022",
      "symbol": "XRPUSDT",
      "type": "MARKET_LEADERSHIP_REJECTED"
    },
    {
      "net_structural_r": "1.5740002318366708",
      "observed_ts_ns": 1730489280000000000,
      "reason": "GLOBAL_SLOT_OCCUPIED",
      "scenario_id": "BTCUSDT-PERP.BINANCE-IRX-1730489280000000000-000022",
      "symbol": "BTCUSDT",
      "type": "GLOBAL_CANDIDATE_REJECTED"
    },
    {
      "leader": "BTCUSDT",
      "net_structural_r": "1.7012835703405293",
      "observed_ts_ns": 1730490960000000000,
      "peer_returns": {
        "ETHUSDT": 0.0005370825674932966,
        "SOLUSDT": 0.00024008162775346342,
        "XRPUSDT": 0.0
      },
      "reason": "LEADER_EVENT_RECOVERY_WITHOUT_DIRECTIONAL_SUPPORT",
      "scenario_id": "BTCUSDT-PERP.BINANCE-IRX-1730490960000000000-000023",
      "symbol": "BTCUSDT",
      "type": "MARKET_LEADERSHIP_REJECTED"
    },
    {
      "net_structural_r": "1.7647066943563092",
      "observed_ts_ns": 1730505120000000000,
      "reason": "GLOBAL_SLOT_OCCUPIED",
      "scenario_id": "XRPUSDT-PERP.BINANCE-IRX-1730505120000000000-000023",
      "symbol": "XRPUSDT",
      "type": "GLOBAL_CANDIDATE_REJECTED"
    }
  ],
  "closed_trade_max_drawdown": 0.940100263803247,
  "closed_trades": 22,
  "complete_gate_passed": false,
  "daily_geometric_growth": -0.3289280309814989,
  "detected_events": 2184,
  "effective_maker_rate": "0.0004",
  "effective_taker_rate": "0.0008",
  "engine_errors": [
    {
      "event": "OrderRejected(instrument_id=ETHUSDT-PERP.BINANCE, client_order_id=O-20241030-045100-001-000-80, account_id=BINANCE-001, reason='STOP_MARKET SELL order stop px of 2641.12 was in the market: bid=2641.00, ask=2642.24', due_post_only=False, ts_event=1730263920000000000)",
      "type": "ORDER_REJECTED"
    },
    {
      "event": "OrderRejected(instrument_id=ETHUSDT-PERP.BINANCE, client_order_id=O-20241030-045100-001-000-81, account_id=BINANCE-001, reason='Contingent order O-20241030-045100-001-000-80 already closed', due_post_only=False, ts_event=1730263920000000000)",
      "type": "ORDER_REJECTED"
    }
  ],
  "evaluation_calendar_days": 7,
  "evaluation_end_exclusive": "2024-11-02",
  "evaluation_start": "2024-10-26",
  "event_log_error": null,
  "event_log_valid": true,
  "evidence_class": "NAUTILUS_ACCOUNT_NAV",
  "final_nav": "6128.91628873",
  "global_slot_overlap_count": 0,
  "instruments": [
    "BTCUSDT-PERP.BINANCE",
    "ETHUSDT-PERP.BINANCE",
    "SOLUSDT-PERP.BINANCE",
    "XRPUSDT-PERP.BINANCE"
  ],
  "leadership_rejection_counts": {
    "FOLLOWER_FAR_EVENT_LAGGARD": 9,
    "FOLLOWER_FAR_PEER_DISAGREEMENT": 12,
    "FOLLOWER_FAR_WEAK_LOCAL_DISPLACEMENT": 3,
    "INVALID_SWEEP_CONFIRMATION_ORDER": 16,
    "LEADER_DIRECTIONAL_DISAGREEMENT": 3,
    "LEADER_EVENT_RECOVERY_WITHOUT_DIRECTIONAL_SUPPORT": 2
  },
  "liquidation_detected": false,
  "losses": 17,
  "nautilus_result": {
    "iterations": 63360,
    "total_events": 279,
    "total_orders": 82,
    "total_positions": 22
  },
  "net_return": -0.9387108371127,
  "partial_entry_fail_closed_count": 0,
  "payoff_ratio": 0.7251077557057994,
  "promising_gate_passed": false,
  "scenario_counts": {
    "AAC": 0,
    "FAR": 27
  },
  "skip_reasons": {
    "AAC_REQUIRES_INDEPENDENT_EXTERNAL_DRAW": 5,
    "ACTUAL_MARGIN_INFEASIBLE": 1,
    "CONTINUATION_TARGET_NO_LONGER_LIVE": 1,
    "FOLLOWER_FAR_EVENT_LAGGARD": 9,
    "FOLLOWER_FAR_PEER_DISAGREEMENT": 12,
    "FOLLOWER_FAR_WEAK_LOCAL_DISPLACEMENT": 3,
    "FRAMED_TARGET_REACHED_BEFORE_CONFIRMATION": 11,
    "GLOBAL_SLOT_OCCUPIED": 23,
    "INSUFFICIENT_COSTED_STRUCTURAL_R": 23,
    "INVALID_SWEEP_CONFIRMATION_ORDER": 16,
    "LEADER_DIRECTIONAL_DISAGREEMENT": 3,
    "LEADER_EVENT_RECOVERY_WITHOUT_DIRECTIONAL_SUPPORT": 2,
    "NON_CAUSAL_PRICE_ORDER": 3,
    "NO_AGGRESSOR_FLOW_AT_SWEEP": 23,
    "NO_CAUSAL_INTERNAL_STRUCTURE": 5,
    "OUTSIDE_EVALUATION_WINDOW": 50,
    "PAIRED_TARGET_WRONG_SIDE": 1,
    "REVERSAL_TARGET_NO_LONGER_LIVE": 4,
    "SESSION_DECISION_WINDOW_EXPIRED": 108,
    "SWEEP_ACTIVITY_OR_PENETRATION": 21
  },
  "starting_nav": "100000",
  "submitted_plans": 27,
  "success_claim": false,
  "symbol_counts": {
    "BTCUSDT": 2,
    "ETHUSDT": 6,
    "SOLUSDT": 17,
    "XRPUSDT": 2
  },
  "week_id": "W8",
  "win_rate": 0.22727272727272727,
  "wins": 5
}
/__w/SMC_ICT_4_LIVE/SMC_ICT_4_LIVE/research/candidate-11/run_leadership_scdam.py:828: Pandas4Warning: Timestamp.utcnow is deprecated and will be removed in a future version. Use Timestamp.now('UTC') instead.
  engine.run()
/__w/SMC_ICT_4_LIVE/SMC_ICT_4_LIVE/research/candidate-11/run_leadership_scdam.py:828: Pandas4Warning: Timestamp.utcnow is deprecated and will be removed in a future version. Use Timestamp.now('UTC') instead.
  engine.run()
{
  "all_closed_trades_won": false,
  "bars": 63360,
  "candidate": "candidate-11-market-leadership-scdam",
  "candidate_rejections": [
    {
      "leader": "BTCUSDT",
      "net_structural_r": "2.119276935659116",
      "observed_ts_ns": 1716424260000000000,
      "peer_returns": {
        "BTCUSDT": 0.0011171511493988096,
        "ETHUSDT": 0.0018822350074383376,
        "SOLUSDT": 0.0013644026228103456
      },
      "reason": "FOLLOWER_FAR_EVENT_LAGGARD",
      "scenario_id": "XRPUSDT-PERP.BINANCE-IRX-1716424260000000000-000018",
      "symbol": "XRPUSDT",
      "type": "MARKET_LEADERSHIP_REJECTED"
    },
    {
      "leader": null,
      "net_structural_r": "1.4855955376821417",
      "observed_ts_ns": 1716426960000000000,
      "peer_returns": {},
      "reason": "INVALID_SWEEP_CONFIRMATION_ORDER",
      "scenario_id": "BTCUSDT-PERP.BINANCE-IRX-1716426960000000000-000017",
      "symbol": "BTCUSDT",
      "type": "MARKET_LEADERSHIP_REJECTED"
    },
    {
      "leader": null,
      "net_structural_r": "3.224682545913772",
      "observed_ts_ns": 1716450240000000000,
      "peer_returns": {},
      "reason": "INVALID_SWEEP_CONFIRMATION_ORDER",
      "scenario_id": "SOLUSDT-PERP.BINANCE-IRX-1716450240000000000-000031",
      "symbol": "SOLUSDT",
      "type": "MARKET_LEADERSHIP_REJECTED"
    },
    {
      "leader": "ETHUSDT",
      "net_structural_r": "1.5247258124814536",
      "observed_ts_ns": 1716452700000000000,
      "peer_returns": {
        "BTCUSDT": -0.00012184912497992251,
        "ETHUSDT": -0.00028105382049326,
        "XRPUSDT": 0.0005658242172763561
      },
      "reason": "FOLLOWER_FAR_PEER_DISAGREEMENT",
      "scenario_id": "SOLUSDT-PERP.BINANCE-IRX-1716452700000000000-000032",
      "symbol": "SOLUSDT",
      "type": "MARKET_LEADERSHIP_REJECTED"
    },
    {
      "leader": "ETHUSDT",
      "net_structural_r": "2.2357486949565737",
      "observed_ts_ns": 1716465060000000000,
      "peer_returns": {
        "BTCUSDT": 0.0010068203497841655,
        "ETHUSDT": 0.003968704813055224,
        "SOLUSDT": 0.000783492891374804
      },
      "reason": "FOLLOWER_FAR_WEAK_LOCAL_DISPLACEMENT",
      "scenario_id": "XRPUSDT-PERP.BINANCE-IRX-1716465060000000000-000019",
      "symbol": "XRPUSDT",
      "type": "MARKET_LEADERSHIP_REJECTED"
    },
    {
      "leader": "ETHUSDT",
      "net_structural_r": "2.7869543797956724",
      "observed_ts_ns": 1716471180000000000,
      "peer_returns": {
        "BTCUSDT": -0.002258354614998792,
        "SOLUSDT": -0.0002197459043410399,
        "XRPUSDT": 0.0
      },
      "reason": "LEADER_EVENT_RECOVERY_WITHOUT_DIRECTIONAL_SUPPORT",
      "scenario_id": "ETHUSDT-PERP.BINANCE-IRX-1716471180000000000-000033",
      "symbol": "ETHUSDT",
      "type": "MARKET_LEADERSHIP_REJECTED"
    },
    {
      "leader": "ETHUSDT",
      "net_structural_r": "3.1355499100784847",
      "observed_ts_ns": 1716473880000000000,
      "peer_returns": {
        "ETHUSDT": -0.004924602635511421,
        "SOLUSDT": -0.0016247896477687984,
        "XRPUSDT": -0.006124721603563366
      },
      "reason": "FOLLOWER_FAR_WEAK_LOCAL_DISPLACEMENT",
      "scenario_id": "BTCUSDT-PERP.BINANCE-IRX-1716473880000000000-000018",
      "symbol": "BTCUSDT",
      "type": "MARKET_LEADERSHIP_REJECTED"
    },
    {
      "leader": "ETHUSDT",
      "net_structural_r": "2.9684118016175978",
      "observed_ts_ns": 1716475080000000000,
      "peer_returns": {
        "BTCUSDT": -0.0006810285737818278,
        "SOLUSDT": -0.003324131919221318,
        "XRPUSDT": 0.001123385133869892
      },
      "reason": "LEADER_EVENT_RECOVERY_WITHOUT_DIRECTIONAL_SUPPORT",
      "scenario_id": "ETHUSDT-PERP.BINANCE-IRX-1716475080000000000-000034",
      "symbol": "ETHUSDT",
      "type": "MARKET_LEADERSHIP_REJECTED"
    },
    {
      "leader": null,
      "net_structural_r": "3.613959680631647",
      "observed_ts_ns": 1716476460000000000,
      "peer_returns": {},
      "reason": "INVALID_SWEEP_CONFIRMATION_ORDER",
      "scenario_id": "XRPUSDT-PERP.BINANCE-IRX-1716476460000000000-000020",
      "symbol": "XRPUSDT",
      "type": "MARKET_LEADERSHIP_REJECTED"
    },
    {
      "leader": "ETHUSDT",
      "net_structural_r": "1.3380306015596999",
      "observed_ts_ns": 1716481080000000000,
      "peer_returns": {
        "BTCUSDT": -0.00015738742753945711,
        "ETHUSDT": 0.00168603854705629,
        "XRPUSDT": 0.0009469696969695018
      },
      "reason": "FOLLOWER_FAR_PEER_DISAGREEMENT",
      "scenario_id": "SOLUSDT-PERP.BINANCE-IRX-1716481080000000000-000035",
      "symbol": "SOLUSDT",
      "type": "MARKET_LEADERSHIP_REJECTED"
    },
    {
      "leader": null,
      "net_structural_r": "2.0830965677839117",
      "observed_ts_ns": 1716485760000000000,
      "peer_returns": {},
      "reason": "INVALID_SWEEP_CONFIRMATION_ORDER",
      "scenario_id": "BTCUSDT-PERP.BINANCE-IRX-1716485760000000000-000019",
      "symbol": "BTCUSDT",
      "type": "MARKET_LEADERSHIP_REJECTED"
    },
    {
      "leader": "ETHUSDT",
      "net_structural_r": "3.14557867916326",
      "observed_ts_ns": 1716489840000000000,
      "peer_returns": {
        "BTCUSDT": -0.00147430309053187,
        "SOLUSDT": -0.002082922357473649,
        "XRPUSDT": -0.0009626492106274975
      },
      "reason": "LEADER_DIRECTIONAL_DISAGREEMENT",
      "scenario_id": "ETHUSDT-PERP.BINANCE-IRX-1716489840000000000-000035",
      "symbol": "ETHUSDT",
      "type": "MARKET_LEADERSHIP_REJECTED"
    },
    {
      "leader": "ETHUSDT",
      "net_structural_r": "2.2591003857917356",
      "observed_ts_ns": 1716501660000000000,
      "peer_returns": {
        "BTCUSDT": -0.0017070592265741036,
        "ETHUSDT": 0.0005617860635442895,
        "XRPUSDT": 0.0028360748723765816
      },
      "reason": "FOLLOWER_FAR_PEER_DISAGREEMENT",
      "scenario_id": "SOLUSDT-PERP.BINANCE-IRX-1716501660000000000-000036",
      "symbol": "SOLUSDT",
      "type": "MARKET_LEADERSHIP_REJECTED"
    },
    {
      "leader": "ETHUSDT",
      "net_structural_r": "4.040430513695233",
      "observed_ts_ns": 1716503640000000000,
      "peer_returns": {
        "ETHUSDT": -7.089070229060468e-05,
        "SOLUSDT": 0.00564728050808494,
        "XRPUSDT": 0.0005716463414633388
      },
      "reason": "FOLLOWER_FAR_PEER_DISAGREEMENT",
      "scenario_id": "BTCUSDT-PERP.BINANCE-IRX-1716503640000000000-000021",
      "symbol": "BTCUSDT",
      "type": "MARKET_LEADERSHIP_REJECTED"
    },
    {
      "leader": "ETHUSDT",
      "net_structural_r": "4.415171810606729",
      "observed_ts_ns": 1716503640000000000,
      "peer_returns": {
        "BTCUSDT": 0.0005024308788106335,
        "ETHUSDT": -0.000537992788272379,
        "XRPUSDT": 0.0011439466158247313
      },
      "reason": "FOLLOWER_FAR_PEER_DISAGREEMENT",
      "scenario_id": "SOLUSDT-PERP.BINANCE-IRX-1716503640000000000-000037",
      "symbol": "SOLUSDT",
      "type": "MARKET_LEADERSHIP_REJECTED"
    },
    {
      "leader": null,
      "net_structural_r": "3.722330595070982",
      "observed_ts_ns": 1716505140000000000,
      "peer_returns": {},
      "reason": "INVALID_SWEEP_CONFIRMATION_ORDER",
      "scenario_id": "BTCUSDT-PERP.BINANCE-IRX-1716505140000000000-000022",
      "symbol": "BTCUSDT",
      "type": "MARKET_LEADERSHIP_REJECTED"
    },
    {
      "leader": null,
      "net_structural_r": "1.5541026017278448",
      "observed_ts_ns": 1716507720000000000,
      "peer_returns": {},
      "reason": "INVALID_SWEEP_CONFIRMATION_ORDER",
      "scenario_id": "BTCUSDT-PERP.BINANCE-IRX-1716507720000000000-000023",
      "symbol": "BTCUSDT",
      "type": "MARKET_LEADERSHIP_REJECTED"
    },
    {
      "leader": "ETHUSDT",
      "net_structural_r": "1.5994612742070446",
      "observed_ts_ns": 1716508920000000000,
      "peer_returns": {
        "BTCUSDT": -0.0007783337771846144,
        "SOLUSDT": -0.0023455335234808805,
        "XRPUSDT": -0.0007574323044878817
      },
      "reason": "LEADER_EVENT_RECOVERY_WITHOUT_DIRECTIONAL_SUPPORT",
      "scenario_id": "ETHUSDT-PERP.BINANCE-IRX-1716508920000000000-000037",
      "symbol": "ETHUSDT",
      "type": "MARKET_LEADERSHIP_REJECTED"
    },
    {
      "leader": null,
      "net_structural_r": "1.2581534441571023",
      "observed_ts_ns": 1716510180000000000,
      "peer_returns": {},
      "reason": "INVALID_SWEEP_CONFIRMATION_ORDER",
      "scenario_id": "BTCUSDT-PERP.BINANCE-IRX-1716510180000000000-000024",
      "symbol": "BTCUSDT",
      "type": "MARKET_LEADERSHIP_REJECTED"
    },
    {
      "leader": null,
      "net_structural_r": "3.227060025072465",
      "observed_ts_ns": 1716520560000000000,
      "peer_returns": {},
      "reason": "INVALID_SWEEP_CONFIRMATION_ORDER",
      "scenario_id": "SOLUSDT-PERP.BINANCE-IRX-1716520560000000000-000038",
      "symbol": "SOLUSDT",
      "type": "MARKET_LEADERSHIP_REJECTED"
    },
    {
      "leader": null,
      "net_structural_r": "1.385349485192841",
      "observed_ts_ns": 1716524520000000000,
      "peer_returns": {},
      "reason": "INVALID_SWEEP_CONFIRMATION_ORDER",
      "scenario_id": "BTCUSDT-PERP.BINANCE-IRX-1716524520000000000-000026",
      "symbol": "BTCUSDT",
      "type": "MARKET_LEADERSHIP_REJECTED"
    },
    {
      "leader": "ETHUSDT",
      "net_structural_r": "2.532552109064901",
      "observed_ts_ns": 1716533160000000000,
      "peer_returns": {
        "BTCUSDT": -0.0021131721061281583,
        "ETHUSDT": -0.0038594688159246937,
        "XRPUSDT": -0.0013412531136233197
      },
      "reason": "FOLLOWER_FAR_EVENT_LAGGARD",
      "scenario_id": "SOLUSDT-PERP.BINANCE-IRX-1716533160000000000-000041",
      "symbol": "SOLUSDT",
      "type": "MARKET_LEADERSHIP_REJECTED"
    },
    {
      "leader": "ETHUSDT",
      "net_structural_r": "3.332186765561831",
      "observed_ts_ns": 1716533940000000000,
      "peer_returns": {
        "BTCUSDT": -0.001448378219136237,
        "ETHUSDT": -0.0012458032173748856,
        "XRPUSDT": -0.0019182812200269073
      },
      "reason": "FOLLOWER_FAR_WEAK_LOCAL_DISPLACEMENT",
      "scenario_id": "SOLUSDT-PERP.BINANCE-IRX-1716533940000000000-000042",
      "symbol": "SOLUSDT",
      "type": "MARKET_LEADERSHIP_REJECTED"
    },
    {
      "net_structural_r": "4.9843388069769246",
      "observed_ts_ns": 1716536100000000000,
      "reason": "GLOBAL_SLOT_OCCUPIED",
      "scenario_id": "XRPUSDT-PERP.BINANCE-IRX-1716536100000000000-000022",
      "symbol": "XRPUSDT",
      "type": "GLOBAL_CANDIDATE_REJECTED"
    },
    {
      "net_structural_r": "4.677640693859774",
      "observed_ts_ns": 1716544260000000000,
      "reason": "GLOBAL_SLOT_OCCUPIED",
      "scenario_id": "SOLUSDT-PERP.BINANCE-IRX-1716544260000000000-000044",
      "symbol": "SOLUSDT",
      "type": "GLOBAL_CANDIDATE_REJECTED"
    },
    {
      "leader": null,
      "net_structural_r": "3.710267554309665",
      "observed_ts_ns": 1716546540000000000,
      "peer_returns": {},
      "reason": "INVALID_SWEEP_CONFIRMATION_ORDER",
      "scenario_id": "SOLUSDT-PERP.BINANCE-IRX-1716546540000000000-000045",
      "symbol": "SOLUSDT",
      "type": "MARKET_LEADERSHIP_REJECTED"
    },
    {
      "leader": "ETHUSDT",
      "net_structural_r": "3.3732099808672067",
      "observed_ts_ns": 1716551700000000000,
      "peer_returns": {
        "BTCUSDT": 0.0013160513705647858,
        "ETHUSDT": 0.003971161098300424,
        "SOLUSDT": 0.0060959384600498545
      },
      "reason": "FOLLOWER_FAR_EVENT_LAGGARD",
      "scenario_id": "XRPUSDT-PERP.BINANCE-IRX-1716551700000000000-000023",
      "symbol": "XRPUSDT",
      "type": "MARKET_LEADERSHIP_REJECTED"
    },
    {
      "leader": null,
      "net_structural_r": "2.032243777336977",
      "observed_ts_ns": 1716557520000000000,
      "peer_returns": {},
      "reason": "INVALID_SWEEP_CONFIRMATION_ORDER",
      "scenario_id": "SOLUSDT-PERP.BINANCE-IRX-1716557520000000000-000047",
      "symbol": "SOLUSDT",
      "type": "MARKET_LEADERSHIP_REJECTED"
    },
    {
      "leader": "ETHUSDT",
      "net_structural_r": "2.9468334065052515",
      "observed_ts_ns": 1716558240000000000,
      "peer_returns": {
        "BTCUSDT": 0.0008435058956310915,
        "SOLUSDT": -0.00040665478596790816,
        "XRPUSDT": 0.0029900953092878435
      },
      "reason": "LEADER_DIRECTIONAL_DISAGREEMENT",
      "scenario_id": "ETHUSDT-PERP.BINANCE-IRX-1716558240000000000-000039",
      "symbol": "ETHUSDT",
      "type": "MARKET_LEADERSHIP_REJECTED"
    },
    {
      "leader": "ETHUSDT",
      "net_structural_r": "2.0356730317054503",
      "observed_ts_ns": 1716559920000000000,
      "peer_returns": {
        "BTCUSDT": 0.001189731677536443,
        "ETHUSDT": 0.0011075730305967202,
        "SOLUSDT": 0.002617183958415037
      },
      "reason": "FOLLOWER_FAR_WEAK_LOCAL_DISPLACEMENT",
      "scenario_id": "XRPUSDT-PERP.BINANCE-IRX-1716559920000000000-000025",
      "symbol": "XRPUSDT",
      "type": "MARKET_LEADERSHIP_REJECTED"
    },
    {
      "net_structural_r": "2.728972916270222",
      "observed_ts_ns": 1716562320000000000,
      "reason": "GLOBAL_SLOT_OCCUPIED",
      "scenario_id": "BTCUSDT-PERP.BINANCE-IRX-1716562320000000000-000027",
      "symbol": "BTCUSDT",
      "type": "GLOBAL_CANDIDATE_REJECTED"
    },
    {
      "leader": "ETHUSDT",
      "net_structural_r": "4.380073826137276",
      "observed_ts_ns": 1716566340000000000,
      "peer_returns": {
        "BTCUSDT": 0.0015982404692083119,
        "ETHUSDT": 2.7052544156580538e-05,
        "XRPUSDT": 0.0
      },
      "reason": "FOLLOWER_FAR_PEER_DISAGREEMENT",
      "scenario_id": "SOLUSDT-PERP.BINANCE-IRX-1716566340000000000-000048",
      "symbol": "SOLUSDT",
      "type": "MARKET_LEADERSHIP_REJECTED"
    },
    {
      "net_structural_r": "1.6252586991307567",
      "observed_ts_ns": 1716568680000000000,
      "reason": "GLOBAL_SLOT_OCCUPIED",
      "scenario_id": "SOLUSDT-PERP.BINANCE-IRX-1716568680000000000-000049",
      "symbol": "SOLUSDT",
      "type": "GLOBAL_CANDIDATE_REJECTED"
    },
    {
      "leader": "ETHUSDT",
      "net_structural_r": "2.9602804255038095",
      "observed_ts_ns": 1716573360000000000,
      "peer_returns": {
        "ETHUSDT": 0.0038087509298707634,
        "SOLUSDT": 0.007506150374409826,
        "XRPUSDT": -0.0033739456419868974
      },
      "reason": "FOLLOWER_AAC_WITHOUT_LEADERSHIP",
      "scenario_id": "BTCUSDT-PERP.BINANCE-LONDON_CLOSE_1000_1200_NY-R000149-HIGH",
      "symbol": "BTCUSDT",
      "type": "MARKET_LEADERSHIP_REJECTED"
    },
    {
      "leader": null,
      "net_structural_r": "2.347231905091764",
      "observed_ts_ns": 1716577560000000000,
      "peer_returns": {},
      "reason": "INVALID_SWEEP_CONFIRMATION_ORDER",
      "scenario_id": "BTCUSDT-PERP.BINANCE-IRX-1716577560000000000-000029",
      "symbol": "BTCUSDT",
      "type": "MARKET_LEADERSHIP_REJECTED"
    },
    {
      "leader": null,
      "net_structural_r": "2.4203907723309745",
      "observed_ts_ns": 1716597540000000000,
      "peer_returns": {},
      "reason": "INVALID_SWEEP_CONFIRMATION_ORDER",
      "scenario_id": "ETHUSDT-PERP.BINANCE-IRX-1716597540000000000-000041",
      "symbol": "ETHUSDT",
      "type": "MARKET_LEADERSHIP_REJECTED"
    },
    {
      "leader": null,
      "net_structural_r": "2.7553303547387706",
      "observed_ts_ns": 1716627900000000000,
      "peer_returns": {},
      "reason": "INVALID_SWEEP_CONFIRMATION_ORDER",
      "scenario_id": "SOLUSDT-PERP.BINANCE-IRX-1716627900000000000-000051",
      "symbol": "SOLUSDT",
      "type": "MARKET_LEADERSHIP_REJECTED"
    },
    {
      "leader": "BTCUSDT",
      "net_structural_r": "1.990993458800407",
      "observed_ts_ns": 1716628620000000000,
      "peer_returns": {
        "BTCUSDT": 0.00025812776164069184,
        "ETHUSDT": 0.00011754365811889045,
        "XRPUSDT": -0.0003737619136610082
      },
      "reason": "FOLLOWER_FAR_PEER_DISAGREEMENT",
      "scenario_id": "SOLUSDT-PERP.BINANCE-IRX-1716628620000000000-000052",
      "symbol": "SOLUSDT",
      "type": "MARKET_LEADERSHIP_REJECTED"
    },
    {
      "leader": "BTCUSDT",
      "net_structural_r": "3.3155627960641714",
      "observed_ts_ns": 1716640080000000000,
      "peer_returns": {
        "BTCUSDT": -0.0008402208828093283,
        "ETHUSDT": 0.0009388817410238559,
        "SOLUSDT": 0.0009025270758122872
      },
      "reason": "FOLLOWER_FAR_PEER_DISAGREEMENT",
      "scenario_id": "XRPUSDT-PERP.BINANCE-IRX-1716640080000000000-000028",
      "symbol": "XRPUSDT",
      "type": "MARKET_LEADERSHIP_REJECTED"
    },
    {
      "net_structural_r": "1.7369575211544979",
      "observed_ts_ns": 1716640260000000000,
      "reason": "LOWER_GLOBAL_PRIORITY",
      "scenario_id": "ETHUSDT-PERP.BINANCE-IRX-1716640260000000000-000042",
      "symbol": "ETHUSDT",
      "type": "GLOBAL_CANDIDATE_REJECTED"
    },
    {
      "net_structural_r": "2.7572886672459123",
      "observed_ts_ns": 1716640500000000000,
      "reason": "GLOBAL_SLOT_OCCUPIED",
      "scenario_id": "BTCUSDT-PERP.BINANCE-IRX-1716640500000000000-000030",
      "symbol": "BTCUSDT",
      "type": "GLOBAL_CANDIDATE_REJECTED"
    },
    {
      "leader": null,
      "net_structural_r": "1.4525985465614095",
      "observed_ts_ns": 1716646680000000000,
      "peer_returns": {},
      "reason": "INVALID_SWEEP_CONFIRMATION_ORDER",
      "scenario_id": "ETHUSDT-PERP.BINANCE-IRX-1716646680000000000-000043",
      "symbol": "ETHUSDT",
      "type": "MARKET_LEADERSHIP_REJECTED"
    },
    {
      "net_structural_r": "1.7152994599001425",
      "observed_ts_ns": 1716699780000000000,
      "reason": "LOWER_GLOBAL_PRIORITY",
      "scenario_id": "ETHUSDT-PERP.BINANCE-IRX-1716699780000000000-000044",
      "symbol": "ETHUSDT",
      "type": "GLOBAL_CANDIDATE_REJECTED"
    },
    {
      "leader": "BTCUSDT",
      "net_structural_r": "2.3303057615032947",
      "observed_ts_ns": 1716709920000000000,
      "peer_returns": {
        "BTCUSDT": -0.0005162004761154471,
        "SOLUSDT": -0.005354978381083897,
        "XRPUSDT": 0.0
      },
      "reason": "FOLLOWER_FAR_PEER_DISAGREEMENT",
      "scenario_id": "ETHUSDT-PERP.BINANCE-IRX-1716709920000000000-000045",
      "symbol": "ETHUSDT",
      "type": "MARKET_LEADERSHIP_REJECTED"
    },
    {
      "net_structural_r": "1.9176631506306758",
      "observed_ts_ns": 1716724980000000000,
      "reason": "GLOBAL_SLOT_OCCUPIED",
      "scenario_id": "SOLUSDT-PERP.BINANCE-IRX-1716724980000000000-000056",
      "symbol": "SOLUSDT",
      "type": "GLOBAL_CANDIDATE_REJECTED"
    },
    {
      "leader": "BTCUSDT",
      "net_structural_r": "2.604091551529929",
      "observed_ts_ns": 1716730020000000000,
      "peer_returns": {
        "BTCUSDT": 0.00042016624094642907,
        "ETHUSDT": -0.0011576565461408617,
        "SOLUSDT": -0.0004638728500103717
      },
      "reason": "FOLLOWER_FAR_PEER_DISAGREEMENT",
      "scenario_id": "XRPUSDT-PERP.BINANCE-IRX-1716730020000000000-000029",
      "symbol": "XRPUSDT",
      "type": "MARKET_LEADERSHIP_REJECTED"
    },
    {
      "leader": "ETHUSDT",
      "net_structural_r": "1.33628246644244",
      "observed_ts_ns": 1716735960000000000,
      "peer_returns": {
        "BTCUSDT": -0.00029687745446305147,
        "ETHUSDT": -0.0009968725062046158,
        "SOLUSDT": -0.0015560259820150968
      },
      "reason": "FOLLOWER_FAR_PEER_DISAGREEMENT",
      "scenario_id": "XRPUSDT-PERP.BINANCE-IRX-1716735960000000000-000030",
      "symbol": "XRPUSDT",
      "type": "MARKET_LEADERSHIP_REJECTED"
    },
    {
      "leader": "ETHUSDT",
      "net_structural_r": "1.6861249254338952",
      "observed_ts_ns": 1716737640000000000,
      "peer_returns": {
        "BTCUSDT": 0.0007827302555569737,
        "ETHUSDT": 0.0034874779605373885,
        "SOLUSDT": 0.00451283793210111
      },
      "reason": "FOLLOWER_FAR_EVENT_LAGGARD",
      "scenario_id": "XRPUSDT-PERP.BINANCE-IRX-1716737640000000000-000031",
      "symbol": "XRPUSDT",
      "type": "MARKET_LEADERSHIP_REJECTED"
    },
    {
      "leader": null,
      "net_structural_r": "3.977463700871718",
      "observed_ts_ns": 1716743820000000000,
      "peer_returns": {},
      "reason": "INVALID_SWEEP_CONFIRMATION_ORDER",
      "scenario_id": "ETHUSDT-PERP.BINANCE-IRX-1716743820000000000-000048",
      "symbol": "ETHUSDT",
      "type": "MARKET_LEADERSHIP_REJECTED"
    },
    {
      "leader": "ETHUSDT",
      "net_structural_r": "1.6967652381973488",
      "observed_ts_ns": 1716751920000000000,
      "peer_returns": {
        "BTCUSDT": 8.421297170158049e-05,
        "ETHUSDT": 0.0002747615924767466,
        "XRPUSDT": 0.0005652911249294235
      },
      "reason": "FOLLOWER_FAR_WEAK_LOCAL_DISPLACEMENT",
      "scenario_id": "SOLUSDT-PERP.BINANCE-IRX-1716751920000000000-000062",
      "symbol": "SOLUSDT",
      "type": "MARKET_LEADERSHIP_REJECTED"
    },
    {
      "leader": "ETHUSDT",
      "net_structural_r": "1.6268165011416382",
      "observed_ts_ns": 1716754920000000000,
      "peer_returns": {
        "BTCUSDT": -0.0009103448275861181,
        "ETHUSDT": -0.0016089169638729972,
        "XRPUSDT": -0.00018860807242548905
      },
      "reason": "FOLLOWER_FAR_PEER_DISAGREEMENT",
      "scenario_id": "SOLUSDT-PERP.BINANCE-IRX-1716754920000000000-000063",
      "symbol": "SOLUSDT",
      "type": "MARKET_LEADERSHIP_REJECTED"
    },
    {
      "leader": "ETHUSDT",
      "net_structural_r": "2.4097504858286616",
      "observed_ts_ns": 1716766260000000000,
      "peer_returns": {
        "BTCUSDT": -0.00028353412128545585,
        "SOLUSDT": -0.0007597946103601316,
        "XRPUSDT": -0.001322751322751392
      },
      "reason": "LEADER_EVENT_RECOVERY_WITHOUT_DIRECTIONAL_SUPPORT",
      "scenario_id": "ETHUSDT-PERP.BINANCE-IRX-1716766260000000000-000049",
      "symbol": "ETHUSDT",
      "type": "MARKET_LEADERSHIP_REJECTED"
    },
    {
      "leader": "ETHUSDT",
      "net_structural_r": "2.594422548672325",
      "observed_ts_ns": 1716775380000000000,
      "peer_returns": {
        "BTCUSDT": -7.381611970380675e-05,
        "ETHUSDT": 0.00019301144171834927,
        "SOLUSDT": 0.0004705910744560171
      },
      "reason": "FOLLOWER_FAR_PEER_DISAGREEMENT",
      "scenario_id": "XRPUSDT-PERP.BINANCE-IRX-1716775380000000000-000032",
      "symbol": "XRPUSDT",
      "type": "MARKET_LEADERSHIP_REJECTED"
    },
    {
      "leader": null,
      "net_structural_r": "2.82043410931859",
      "observed_ts_ns": 1716778440000000000,
      "peer_returns": {},
      "reason": "INVALID_SWEEP_CONFIRMATION_ORDER",
      "scenario_id": "ETHUSDT-PERP.BINANCE-IRX-1716778440000000000-000050",
      "symbol": "ETHUSDT",
      "type": "MARKET_LEADERSHIP_REJECTED"
    },
    {
      "leader": "ETHUSDT",
      "net_structural_r": "1.364577623460285",
      "observed_ts_ns": 1716786180000000000,
      "peer_returns": {
        "BTCUSDT": 4.506901374456973e-05,
        "SOLUSDT": 0.0005183970680426864,
        "XRPUSDT": 0.0
      },
      "reason": "LEADER_EVENT_RECOVERY_WITHOUT_DIRECTIONAL_SUPPORT",
      "scenario_id": "ETHUSDT-PERP.BINANCE-IRX-1716786180000000000-000051",
      "symbol": "ETHUSDT",
      "type": "MARKET_LEADERSHIP_REJECTED"
    },
    {
      "leader": "ETHUSDT",
      "net_structural_r": "1.5646708812817092",
      "observed_ts_ns": 1716791400000000000,
      "peer_returns": {
        "ETHUSDT": 0.0006111844191445392,
        "SOLUSDT": -0.00012689511816366128,
        "XRPUSDT": -0.00018946570670730356
      },
      "reason": "FOLLOWER_FAR_PEER_DISAGREEMENT",
      "scenario_id": "BTCUSDT-PERP.BINANCE-IRX-1716791400000000000-000033",
      "symbol": "BTCUSDT",
      "type": "MARKET_LEADERSHIP_REJECTED"
    },
    {
      "net_structural_r": "2.520287560575428",
      "observed_ts_ns": 1716799080000000000,
      "reason": "GLOBAL_SLOT_OCCUPIED",
      "scenario_id": "BTCUSDT-PERP.BINANCE-IRX-1716799080000000000-000034",
      "symbol": "BTCUSDT",
      "type": "GLOBAL_CANDIDATE_REJECTED"
    },
    {
      "leader": null,
      "net_structural_r": "2.917127495551994",
      "observed_ts_ns": 1716802380000000000,
      "peer_returns": {},
      "reason": "INVALID_SWEEP_CONFIRMATION_ORDER",
      "scenario_id": "SOLUSDT-PERP.BINANCE-IRX-1716802380000000000-000065",
      "symbol": "SOLUSDT",
      "type": "MARKET_LEADERSHIP_REJECTED"
    },
    {
      "leader": "ETHUSDT",
      "net_structural_r": "1.4293428718607897",
      "observed_ts_ns": 1716805260000000000,
      "peer_returns": {
        "BTCUSDT": 0.00013417474510446503,
        "ETHUSDT": -0.00010244930680236575,
        "XRPUSDT": 0.0001886436521409962
      },
      "reason": "FOLLOWER_FAR_PEER_DISAGREEMENT",
      "scenario_id": "SOLUSDT-PERP.BINANCE-IRX-1716805260000000000-000066",
      "symbol": "SOLUSDT",
      "type": "MARKET_LEADERSHIP_REJECTED"
    },
    {
      "leader": null,
      "net_structural_r": "1.3315633575055479",
      "observed_ts_ns": 1716806880000000000,
      "peer_returns": {},
      "reason": "INVALID_SWEEP_CONFIRMATION_ORDER",
      "scenario_id": "SOLUSDT-PERP.BINANCE-IRX-1716806880000000000-000067",
      "symbol": "SOLUSDT",
      "type": "MARKET_LEADERSHIP_REJECTED"
    },
    {
      "leader": null,
      "net_structural_r": "1.628257147340024",
      "observed_ts_ns": 1716813360000000000,
      "peer_returns": {},
      "reason": "INVALID_SWEEP_CONFIRMATION_ORDER",
      "scenario_id": "ETHUSDT-PERP.BINANCE-IRX-1716813360000000000-000052",
      "symbol": "ETHUSDT",
      "type": "MARKET_LEADERSHIP_REJECTED"
    },
    {
      "leader": "ETHUSDT",
      "net_structural_r": "1.8364932271774923",
      "observed_ts_ns": 1716821640000000000,
      "peer_returns": {
        "BTCUSDT": 0.0017599766875218137,
        "ETHUSDT": 0.002815649833701528,
        "SOLUSDT": 0.0028777576038070407
      },
      "reason": "FOLLOWER_FAR_EVENT_LAGGARD",
      "scenario_id": "XRPUSDT-PERP.BINANCE-IRX-1716821640000000000-000036",
      "symbol": "XRPUSDT",
      "type": "MARKET_LEADERSHIP_REJECTED"
    },
    {
      "leader": null,
      "net_structural_r": "4.079998201667295",
      "observed_ts_ns": 1716823860000000000,
      "peer_returns": {},
      "reason": "INVALID_SWEEP_CONFIRMATION_ORDER",
      "scenario_id": "BTCUSDT-PERP.BINANCE-IRX-1716823860000000000-000037",
      "symbol": "BTCUSDT",
      "type": "MARKET_LEADERSHIP_REJECTED"
    },
    {
      "leader": null,
      "net_structural_r": "1.8083276874534115",
      "observed_ts_ns": 1716830880000000000,
      "peer_returns": {},
      "reason": "INVALID_SWEEP_CONFIRMATION_ORDER",
      "scenario_id": "XRPUSDT-PERP.BINANCE-IRX-1716830880000000000-000037",
      "symbol": "XRPUSDT",
      "type": "MARKET_LEADERSHIP_REJECTED"
    },
    {
      "leader": "BTCUSDT",
      "net_structural_r": "2.3071897276321898",
      "observed_ts_ns": 1716832800000000000,
      "peer_returns": {
        "BTCUSDT": 0.00019651205345128098,
        "SOLUSDT": -0.0003676964111661851,
        "XRPUSDT": 0.0007439092430725491
      },
      "reason": "FOLLOWER_FAR_PEER_DISAGREEMENT",
      "scenario_id": "ETHUSDT-PERP.BINANCE-IRX-1716832800000000000-000054",
      "symbol": "ETHUSDT",
      "type": "MARKET_LEADERSHIP_REJECTED"
    },
    {
      "leader": null,
      "net_structural_r": "3.173395338780691",
      "observed_ts_ns": 1716855540000000000,
      "peer_returns": {},
      "reason": "INVALID_SWEEP_CONFIRMATION_ORDER",
      "scenario_id": "SOLUSDT-PERP.BINANCE-IRX-1716855540000000000-000070",
      "symbol": "SOLUSDT",
      "type": "MARKET_LEADERSHIP_REJECTED"
    },
    {
      "leader": null,
      "net_structural_r": "2.2077251235823008",
      "observed_ts_ns": 1716881400000000000,
      "peer_returns": {},
      "reason": "INVALID_SWEEP_CONFIRMATION_ORDER",
      "scenario_id": "BTCUSDT-PERP.BINANCE-IRX-1716881400000000000-000040",
      "symbol": "BTCUSDT",
      "type": "MARKET_LEADERSHIP_REJECTED"
    },
    {
      "net_structural_r": "2.0165871058836604",
      "observed_ts_ns": 1716881880000000000,
      "reason": "GLOBAL_SLOT_OCCUPIED",
      "scenario_id": "SOLUSDT-PERP.BINANCE-IRX-1716881880000000000-000072",
      "symbol": "SOLUSDT",
      "type": "GLOBAL_CANDIDATE_REJECTED"
    },
    {
      "leader": "BTCUSDT",
      "net_structural_r": "2.415135781912755",
      "observed_ts_ns": 1716890580000000000,
      "peer_returns": {
        "BTCUSDT": -0.0008933754238416025,
        "ETHUSDT": -0.0009289112696750923,
        "SOLUSDT": -0.0015279156733233323
      },
      "reason": "FOLLOWER_FAR_PEER_DISAGREEMENT",
      "scenario_id": "XRPUSDT-PERP.BINANCE-IRX-1716890580000000000-000040",
      "symbol": "XRPUSDT",
      "type": "MARKET_LEADERSHIP_REJECTED"
    },
    {
      "leader": null,
      "net_structural_r": "1.3737451857216616",
      "observed_ts_ns": 1716896580000000000,
      "peer_returns": {},
      "reason": "INVALID_SWEEP_CONFIRMATION_ORDER",
      "scenario_id": "XRPUSDT-PERP.BINANCE-IRX-1716896580000000000-000041",
      "symbol": "XRPUSDT",
      "type": "MARKET_LEADERSHIP_REJECTED"
    },
    {
      "leader": "BTCUSDT",
      "net_structural_r": "3.1581124250149193",
      "observed_ts_ns": 1716896700000000000,
      "peer_returns": {
        "BTCUSDT": 0.0008741859326233392,
        "SOLUSDT": 0.0006089305878249629,
        "XRPUSDT": 0.000188040616773133
      },
      "reason": "FOLLOWER_FAR_WEAK_LOCAL_DISPLACEMENT",
      "scenario_id": "ETHUSDT-PERP.BINANCE-IRX-1716896700000000000-000057",
      "symbol": "ETHUSDT",
      "type": "MARKET_LEADERSHIP_REJECTED"
    },
    {
      "leader": null,
      "net_structural_r": "2.7054446031074924",
      "observed_ts_ns": 1716896760000000000,
      "peer_returns": {},
      "reason": "INVALID_SWEEP_CONFIRMATION_ORDER",
      "scenario_id": "SOLUSDT-PERP.BINANCE-IRX-1716896760000000000-000073",
      "symbol": "SOLUSDT",
      "type": "MARKET_LEADERSHIP_REJECTED"
    },
    {
      "leader": null,
      "net_structural_r": "1.564798843876674",
      "observed_ts_ns": 1716901440000000000,
      "peer_returns": {},
      "reason": "INVALID_SWEEP_CONFIRMATION_ORDER",
      "scenario_id": "ETHUSDT-PERP.BINANCE-IRX-1716901440000000000-000058",
      "symbol": "ETHUSDT",
      "type": "MARKET_LEADERSHIP_REJECTED"
    },
    {
      "leader": "BTCUSDT",
      "net_structural_r": "2.1669423628176645",
      "observed_ts_ns": 1716906540000000000,
      "peer_returns": {
        "BTCUSDT": -0.0019790060926374586,
        "ETHUSDT": -0.003197390558293711,
        "SOLUSDT": -0.005963056998439353
      },
      "reason": "FOLLOWER_FAR_EVENT_LAGGARD",
      "scenario_id": "XRPUSDT-PERP.BINANCE-IRX-1716906540000000000-000042",
      "symbol": "XRPUSDT",
      "type": "MARKET_LEADERSHIP_REJECTED"
    },
    {
      "leader": "BTCUSDT",
      "net_structural_r": "4.812920678679539",
      "observed_ts_ns": 1716911880000000000,
      "peer_returns": {
        "BTCUSDT": -0.000676208558492819,
        "ETHUSDT": -0.0014425798912637289,
        "XRPUSDT": -0.000565184626978299
      },
      "reason": "FOLLOWER_FAR_WEAK_LOCAL_DISPLACEMENT",
      "scenario_id": "SOLUSDT-PERP.BINANCE-IRX-1716911880000000000-000075",
      "symbol": "SOLUSDT",
      "type": "MARKET_LEADERSHIP_REJECTED"
    },
    {
      "leader": "BTCUSDT",
      "net_structural_r": "1.6113507482509482",
      "observed_ts_ns": 1716913440000000000,
      "peer_returns": {
        "ETHUSDT": 0.0006470053267506604,
        "SOLUSDT": 0.0006026432769474788,
        "XRPUSDT": 0.0007551444213707015
      },
      "reason": "LEADER_DIRECTIONAL_DISAGREEMENT",
      "scenario_id": "BTCUSDT-PERP.BINANCE-IRX-1716913440000000000-000041",
      "symbol": "BTCUSDT",
      "type": "MARKET_LEADERSHIP_REJECTED"
    },
    {
      "leader": null,
      "net_structural_r": "2.460099331349914",
      "observed_ts_ns": 1716916860000000000,
      "peer_returns": {},
      "reason": "INVALID_SWEEP_CONFIRMATION_ORDER",
      "scenario_id": "SOLUSDT-PERP.BINANCE-IRX-1716916860000000000-000076",
      "symbol": "SOLUSDT",
      "type": "MARKET_LEADERSHIP_REJECTED"
    },
    {
      "net_structural_r": "1.3939846707582964",
      "observed_ts_ns": 1716922320000000000,
      "reason": "GLOBAL_SLOT_OCCUPIED",
      "scenario_id": "XRPUSDT-PERP.BINANCE-IRX-1716922320000000000-000043",
      "symbol": "XRPUSDT",
      "type": "GLOBAL_CANDIDATE_REJECTED"
    },
    {
      "leader": "BTCUSDT",
      "net_structural_r": "4.756923563522926",
      "observed_ts_ns": 1716925200000000000,
      "peer_returns": {
        "BTCUSDT": 0.0008388549410458523,
        "ETHUSDT": 0.0022409608905200606,
        "XRPUSDT": 0.0009489466691969817
      },
      "reason": "FOLLOWER_FAR_WEAK_LOCAL_DISPLACEMENT",
      "scenario_id": "SOLUSDT-PERP.BINANCE-IRX-1716925200000000000-000079",
      "symbol": "SOLUSDT",
      "type": "MARKET_LEADERSHIP_REJECTED"
    },
    {
      "leader": "BTCUSDT",
      "net_structural_r": "4.1660549822686885",
      "observed_ts_ns": 1716929820000000000,
      "peer_returns": {
        "BTCUSDT": 0.0005872506564466029,
        "ETHUSDT": -9.125967026579751e-05,
        "XRPUSDT": -0.0005685048322909836
      },
      "reason": "FOLLOWER_FAR_PEER_DISAGREEMENT",
      "scenario_id": "SOLUSDT-PERP.BINANCE-IRX-1716929820000000000-000080",
      "symbol": "SOLUSDT",
      "type": "MARKET_LEADERSHIP_REJECTED"
    },
    {
      "leader": null,
      "net_structural_r": "2.429961321931727",
      "observed_ts_ns": 1716931020000000000,
      "peer_returns": {},
      "reason": "INVALID_SWEEP_CONFIRMATION_ORDER",
      "scenario_id": "SOLUSDT-PERP.BINANCE-IRX-1716931020000000000-000081",
      "symbol": "SOLUSDT",
      "type": "MARKET_LEADERSHIP_REJECTED"
    },
    {
      "leader": null,
      "net_structural_r": "2.1284285564745486",
      "observed_ts_ns": 1716933240000000000,
      "peer_returns": {},
      "reason": "INVALID_SWEEP_CONFIRMATION_ORDER",
      "scenario_id": "BTCUSDT-PERP.BINANCE-IRX-1716933240000000000-000043",
      "symbol": "BTCUSDT",
      "type": "MARKET_LEADERSHIP_REJECTED"
    },
    {
      "leader": "BTCUSDT",
      "net_structural_r": "1.4648502499314677",
      "observed_ts_ns": 1716934800000000000,
      "peer_returns": {
        "BTCUSDT": 0.000316364807986913,
        "SOLUSDT": 0.0013453946786099458,
        "XRPUSDT": 0.00037828636277681404
      },
      "reason": "FOLLOWER_FAR_WEAK_LOCAL_DISPLACEMENT",
      "scenario_id": "ETHUSDT-PERP.BINANCE-IRX-1716934800000000000-000060",
      "symbol": "ETHUSDT",
      "type": "MARKET_LEADERSHIP_REJECTED"
    },
    {
      "leader": "BTCUSDT",
      "net_structural_r": "3.993895255164113",
      "observed_ts_ns": 1716960360000000000,
      "peer_returns": {
        "BTCUSDT": 0.0006333620166245613,
        "ETHUSDT": 0.00043952975487160373,
        "XRPUSDT": 0.0022645782223060795
      },
      "reason": "FOLLOWER_FAR_PEER_DISAGREEMENT",
      "scenario_id": "SOLUSDT-PERP.BINANCE-IRX-1716960360000000000-000086",
      "symbol": "SOLUSDT",
      "type": "MARKET_LEADERSHIP_REJECTED"
    },
    {
      "leader": null,
      "net_structural_r": "1.3372738383362435",
      "observed_ts_ns": 1716971640000000000,
      "peer_returns": {},
      "reason": "INVALID_SWEEP_CONFIRMATION_ORDER",
      "scenario_id": "SOLUSDT-PERP.BINANCE-IRX-1716971640000000000-000089",
      "symbol": "SOLUSDT",
      "type": "MARKET_LEADERSHIP_REJECTED"
    },
    {
      "leader": null,
      "net_structural_r": "2.0614132709054047",
      "observed_ts_ns": 1716973860000000000,
      "peer_returns": {},
      "reason": "INVALID_SWEEP_CONFIRMATION_ORDER",
      "scenario_id": "SOLUSDT-PERP.BINANCE-IRX-1716973860000000000-000090",
      "symbol": "SOLUSDT",
      "type": "MARKET_LEADERSHIP_REJECTED"
    },
    {
      "leader": "BTCUSDT",
      "net_structural_r": "2.2021513290832053",
      "observed_ts_ns": 1716976320000000000,
      "peer_returns": {
        "BTCUSDT": -0.00034883053459378033,
        "ETHUSDT": -0.0006738933203274122,
        "XRPUSDT": -0.0005660377358491786
      },
      "reason": "FOLLOWER_FAR_WEAK_LOCAL_DISPLACEMENT",
      "scenario_id": "SOLUSDT-PERP.BINANCE-IRX-1716976320000000000-000091",
      "symbol": "SOLUSDT",
      "type": "MARKET_LEADERSHIP_REJECTED"
    },
    {
      "leader": null,
      "net_structural_r": "1.3140270943084087",
      "observed_ts_ns": 1716983520000000000,
      "peer_returns": {},
      "reason": "INVALID_SWEEP_CONFIRMATION_ORDER",
      "scenario_id": "ETHUSDT-PERP.BINANCE-IRX-1716983520000000000-000063",
      "symbol": "ETHUSDT",
      "type": "MARKET_LEADERSHIP_REJECTED"
    },
    {
      "leader": null,
      "net_structural_r": "1.8253057574567058",
      "observed_ts_ns": 1716985380000000000,
      "peer_returns": {},
      "reason": "INVALID_SWEEP_CONFIRMATION_ORDER",
      "scenario_id": "SOLUSDT-PERP.BINANCE-IRX-1716985380000000000-000092",
      "symbol": "SOLUSDT",
      "type": "MARKET_LEADERSHIP_REJECTED"
    },
    {
      "leader": "BTCUSDT",
      "net_structural_r": "1.4562544068860452",
      "observed_ts_ns": 1716991560000000000,
      "peer_returns": {
        "BTCUSDT": 0.0010131428781798846,
        "ETHUSDT": 0.0009739430743436195,
        "SOLUSDT": 0.001321739955072676
      },
      "reason": "FOLLOWER_FAR_WEAK_LOCAL_DISPLACEMENT",
      "scenario_id": "XRPUSDT-PERP.BINANCE-IRX-1716991560000000000-000045",
      "symbol": "XRPUSDT",
      "type": "MARKET_LEADERSHIP_REJECTED"
    },
    {
      "leader": null,
      "net_structural_r": "1.9386098834788592",
      "observed_ts_ns": 1716991800000000000,
      "peer_returns": {},
      "reason": "INVALID_SWEEP_CONFIRMATION_ORDER",
      "scenario_id": "SOLUSDT-PERP.BINANCE-IRX-1716991800000000000-000093",
      "symbol": "SOLUSDT",
      "type": "MARKET_LEADERSHIP_REJECTED"
    },
    {
      "leader": null,
      "net_structural_r": "2.0936472881244654",
      "observed_ts_ns": 1716993240000000000,
      "peer_returns": {},
      "reason": "INVALID_SWEEP_CONFIRMATION_ORDER",
      "scenario_id": "XRPUSDT-PERP.BINANCE-IRX-1716993240000000000-000046",
      "symbol": "XRPUSDT",
      "type": "MARKET_LEADERSHIP_REJECTED"
    },
    {
      "leader": "BTCUSDT",
      "net_structural_r": "1.9339795724398492",
      "observed_ts_ns": 1716994740000000000,
      "peer_returns": {
        "BTCUSDT": -0.001550739884410235,
        "SOLUSDT": -0.0015399592884327573,
        "XRPUSDT": -0.0015074429998114258
      },
      "reason": "FOLLOWER_FAR_WEAK_LOCAL_DISPLACEMENT",
      "scenario_id": "ETHUSDT-PERP.BINANCE-IRX-1716994740000000000-000064",
      "symbol": "ETHUSDT",
      "type": "MARKET_LEADERSHIP_REJECTED"
    },
    {
      "leader": null,
      "net_structural_r": "1.6964254644221712",
      "observed_ts_ns": 1717005120000000000,
      "peer_returns": {},
      "reason": "INVALID_SWEEP_CONFIRMATION_ORDER",
      "scenario_id": "XRPUSDT-PERP.BINANCE-IRX-1717005120000000000-000047",
      "symbol": "XRPUSDT",
      "type": "MARKET_LEADERSHIP_REJECTED"
    },
    {
      "leader": "BTCUSDT",
      "net_structural_r": "1.3055341930851838",
      "observed_ts_ns": 1717006860000000000,
      "peer_returns": {
        "ETHUSDT": 0.000425298905387006,
        "SOLUSDT": 0.002088223010452861,
        "XRPUSDT": 0.0007595898214964869
      },
      "reason": "LEADER_DIRECTIONAL_DISAGREEMENT",
      "scenario_id": "BTCUSDT-PERP.BINANCE-IRX-1717006860000000000-000046",
      "symbol": "BTCUSDT",
      "type": "MARKET_LEADERSHIP_REJECTED"
    },
    {
      "net_structural_r": "1.379661432750381",
      "observed_ts_ns": 1717008600000000000,
      "reason": "LOWER_GLOBAL_PRIORITY",
      "scenario_id": "ETHUSDT-PERP.BINANCE-IRX-1717008600000000000-000066",
      "symbol": "ETHUSDT",
      "type": "GLOBAL_CANDIDATE_REJECTED"
    },
    {
      "leader": null,
      "net_structural_r": "1.8579427626538874",
      "observed_ts_ns": 1717013760000000000,
      "peer_returns": {},
      "reason": "INVALID_SWEEP_CONFIRMATION_ORDER",
      "scenario_id": "SOLUSDT-PERP.BINANCE-IRX-1717013760000000000-000094",
      "symbol": "SOLUSDT",
      "type": "MARKET_LEADERSHIP_REJECTED"
    },
    {
      "leader": "BTCUSDT",
      "net_structural_r": "2.9095399984524537",
      "observed_ts_ns": 1717018260000000000,
      "peer_returns": {
        "BTCUSDT": -0.0016272513518474918,
        "ETHUSDT": 0.0018315213340289738,
        "SOLUSDT": -0.0008919492659258399
      },
      "reason": "FOLLOWER_FAR_PEER_DISAGREEMENT",
      "scenario_id": "XRPUSDT-PERP.BINANCE-IRX-1717018260000000000-000048",
      "symbol": "XRPUSDT",
      "type": "MARKET_LEADERSHIP_REJECTED"
    },
    {
      "leader": null,
      "net_structural_r": "1.4480952675759358",
      "observed_ts_ns": 1717023240000000000,
      "peer_returns": {},
      "reason": "INVALID_SWEEP_CONFIRMATION_ORDER",
      "scenario_id": "BTCUSDT-PERP.BINANCE-IRX-1717023240000000000-000048",
      "symbol": "BTCUSDT",
      "type": "MARKET_LEADERSHIP_REJECTED"
    },
    {
      "leader": null,
      "net_structural_r": "1.3249414828117905",
      "observed_ts_ns": 1717023480000000000,
      "peer_returns": {},
      "reason": "INVALID_SWEEP_CONFIRMATION_ORDER",
      "scenario_id": "ETHUSDT-PERP.BINANCE-IRX-1717023480000000000-000067",
      "symbol": "ETHUSDT",
      "type": "MARKET_LEADERSHIP_REJECTED"
    }
  ],
  "closed_trade_max_drawdown": 0.4962993906599,
  "closed_trades": 47,
  "complete_gate_passed": false,
  "daily_geometric_growth": -0.09332172248327607,
  "detected_events": 2182,
  "effective_maker_rate": "0.0004",
  "effective_taker_rate": "0.0008",
  "engine_errors": [
    {
      "event": "OrderRejected(instrument_id=SOLUSDT-PERP.BINANCE, client_order_id=O-20240524-061600-001-000-34, account_id=BINANCE-001, reason='POST_ONLY LIMIT SELL order limit px of 167.665 would have been a TAKER: bid=167.748, ask=167.748', due_post_only=True, ts_event=1716531360000000000)",
      "type": "ORDER_REJECTED"
    },
    {
      "event": "OrderRejected(instrument_id=SOLUSDT-PERP.BINANCE, client_order_id=O-20240524-061600-001-000-35, account_id=BINANCE-001, reason='REDUCE_ONLY STOP_MARKET BUY order would have increased position', due_post_only=False, ts_event=1716531360000000000)",
      "type": "ORDER_REJECTED"
    },
    {
      "event": "OrderRejected(instrument_id=SOLUSDT-PERP.BINANCE, client_order_id=O-20240524-061600-001-000-36, account_id=BINANCE-001, reason='Contingent order O-20240524-061600-001-000-35 already closed', due_post_only=False, ts_event=1716531360000000000)",
      "type": "ORDER_REJECTED"
    }
  ],
  "evaluation_calendar_days": 7,
  "evaluation_end_exclusive": "2024-05-30",
  "evaluation_start": "2024-05-23",
  "event_log_error": null,
  "event_log_valid": true,
  "evidence_class": "NAUTILUS_ACCOUNT_NAV",
  "final_nav": "50370.06093401",
  "global_slot_overlap_count": 0,
  "instruments": [
    "BTCUSDT-PERP.BINANCE",
    "ETHUSDT-PERP.BINANCE",
    "SOLUSDT-PERP.BINANCE",
    "XRPUSDT-PERP.BINANCE"
  ],
  "leadership_rejection_counts": {
    "FOLLOWER_AAC_WITHOUT_LEADERSHIP": 1,
    "FOLLOWER_FAR_EVENT_LAGGARD": 6,
    "FOLLOWER_FAR_PEER_DISAGREEMENT": 20,
    "FOLLOWER_FAR_WEAK_LOCAL_DISPLACEMENT": 12,
    "INVALID_SWEEP_CONFIRMATION_ORDER": 40,
    "LEADER_DIRECTIONAL_DISAGREEMENT": 4,
    "LEADER_EVENT_RECOVERY_WITHOUT_DIRECTIONAL_SUPPORT": 5
  },
  "liquidation_detected": false,
  "losses": 39,
  "nautilus_result": {
    "iterations": 63360,
    "total_events": 640,
    "total_orders": 201,
    "total_positions": 47
  },
  "net_return": -0.4962993906599,
  "partial_entry_fail_closed_count": 0,
  "payoff_ratio": 2.1546983569171787,
  "promising_gate_passed": false,
  "scenario_counts": {
    "AAC": 0,
    "FAR": 67
  },
  "skip_reasons": {
    "AAC_REQUIRES_INDEPENDENT_EXTERNAL_DRAW": 3,
    "AMBIGUOUS_EXTERNAL_DRAW": 2,
    "CONTINUATION_TARGET_NO_LONGER_LIVE": 2,
    "FOLLOWER_AAC_WITHOUT_LEADERSHIP": 1,
    "FOLLOWER_FAR_EVENT_LAGGARD": 6,
    "FOLLOWER_FAR_PEER_DISAGREEMENT": 20,
    "FOLLOWER_FAR_WEAK_LOCAL_DISPLACEMENT": 12,
    "FRAMED_TARGET_REACHED_BEFORE_CONFIRMATION": 13,
    "GLOBAL_SLOT_OCCUPIED": 9,
    "INSUFFICIENT_COSTED_STRUCTURAL_R": 26,
    "INVALID_SWEEP_CONFIRMATION_ORDER": 40,
    "LEADER_DIRECTIONAL_DISAGREEMENT": 4,
    "LEADER_EVENT_RECOVERY_WITHOUT_DIRECTIONAL_SUPPORT": 5,
    "LOWER_GLOBAL_PRIORITY": 3,
    "NO_AGGRESSOR_FLOW_AT_SWEEP": 21,
    "NO_CAUSAL_INTERNAL_STRUCTURE": 2,
    "OUTSIDE_EVALUATION_WINDOW": 95,
    "PAIRED_TARGET_WRONG_SIDE": 1,
    "REVERSAL_TARGET_NO_LONGER_LIVE": 3,
    "SESSION_DECISION_WINDOW_EXPIRED": 101,
    "SWEEP_ACTIVITY_OR_PENETRATION": 37
  },
  "starting_nav": "100000",
  "submitted_plans": 67,
  "success_claim": false,
  "symbol_counts": {
    "BTCUSDT": 13,
    "ETHUSDT": 14,
    "SOLUSDT": 30,
    "XRPUSDT": 10
  },
  "week_id": "W3",
  "win_rate": 0.1702127659574468,
  "wins": 8
}
/__w/SMC_ICT_4_LIVE/SMC_ICT_4_LIVE/research/candidate-11/run_leadership_scdam.py:828: Pandas4Warning: Timestamp.utcnow is deprecated and will be removed in a future version. Use Timestamp.now('UTC') instead.
  engine.run()
/__w/SMC_ICT_4_LIVE/SMC_ICT_4_LIVE/research/candidate-11/run_leadership_scdam.py:828: Pandas4Warning: Timestamp.utcnow is deprecated and will be removed in a future version. Use Timestamp.now('UTC') instead.
  engine.run()
{
  "all_closed_trades_won": false,
  "bars": 63360,
  "candidate": "candidate-11-market-leadership-scdam",
  "candidate_rejections": [
    {
      "leader": "ETHUSDT",
      "net_structural_r": "1.4527486212786118",
      "observed_ts_ns": 1758503280000000000,
      "peer_returns": {
        "BTCUSDT": 3.585953557538879e-05,
        "ETHUSDT": 0.0002491527652499492,
        "SOLUSDT": 0.002451929281197529
      },
      "reason": "FOLLOWER_FAR_PEER_DISAGREEMENT",
      "scenario_id": "XRPUSDT-PERP.BINANCE-IRX-1758503280000000000-000010",
      "symbol": "XRPUSDT",
      "type": "MARKET_LEADERSHIP_REJECTED"
    },
    {
      "leader": "ETHUSDT",
      "net_structural_r": "1.7503746220773908",
      "observed_ts_ns": 1758505380000000000,
      "peer_returns": {
        "ETHUSDT": -0.00011052293466007335,
        "SOLUSDT": 0.0004696238739700931,
        "XRPUSDT": 0.0008878568501571316
      },
      "reason": "FOLLOWER_FAR_PEER_DISAGREEMENT",
      "scenario_id": "BTCUSDT-PERP.BINANCE-IRX-1758505380000000000-000001",
      "symbol": "BTCUSDT",
      "type": "MARKET_LEADERSHIP_REJECTED"
    },
    {
      "leader": "ETHUSDT",
      "net_structural_r": "3.4710161931530914",
      "observed_ts_ns": 1758511140000000000,
      "peer_returns": {
        "BTCUSDT": 0.00020733602082811942,
        "ETHUSDT": -0.0004372062520494602,
        "SOLUSDT": -0.0005169962517771465
      },
      "reason": "FOLLOWER_FAR_PEER_DISAGREEMENT",
      "scenario_id": "XRPUSDT-PERP.BINANCE-IRX-1758511140000000000-000011",
      "symbol": "XRPUSDT",
      "type": "MARKET_LEADERSHIP_REJECTED"
    },
    {
      "leader": "ETHUSDT",
      "net_structural_r": "2.3527844767401644",
      "observed_ts_ns": 1758512820000000000,
      "peer_returns": {
        "BTCUSDT": 0.001786848167759203,
        "ETHUSDT": 0.0017911546309150594,
        "XRPUSDT": -0.00010349824053001999
      },
      "reason": "FOLLOWER_FAR_PEER_DISAGREEMENT",
      "scenario_id": "SOLUSDT-PERP.BINANCE-IRX-1758512820000000000-000015",
      "symbol": "SOLUSDT",
      "type": "MARKET_LEADERSHIP_REJECTED"
    },
    {
      "leader": null,
      "net_structural_r": "3.955425241319764",
      "observed_ts_ns": 1758519060000000000,
      "peer_returns": {},
      "reason": "INVALID_SWEEP_CONFIRMATION_ORDER",
      "scenario_id": "ETHUSDT-PERP.BINANCE-IRX-1758519060000000000-000010",
      "symbol": "ETHUSDT",
      "type": "MARKET_LEADERSHIP_REJECTED"
    },
    {
      "leader": "ETHUSDT",
      "net_structural_r": "3.2173424719451806",
      "observed_ts_ns": 1758524640000000000,
      "peer_returns": {
        "ETHUSDT": 0.004244233067800307,
        "SOLUSDT": 0.0028174053038771962,
        "XRPUSDT": 0.0021278859453133236
      },
      "reason": "FOLLOWER_FAR_UNRESOLVED_ADVERSE_AUCTION",
      "scenario_id": "BTCUSDT-PERP.BINANCE-IRX-1758524640000000000-000002",
      "symbol": "BTCUSDT",
      "type": "MARKET_LEADERSHIP_REJECTED"
    },
    {
      "net_structural_r": "2.7748469408590304",
      "observed_ts_ns": 1758530100000000000,
      "reason": "GLOBAL_SLOT_OCCUPIED",
      "scenario_id": "ETHUSDT-PERP.BINANCE-IRX-1758530100000000000-000011",
      "symbol": "ETHUSDT",
      "type": "GLOBAL_CANDIDATE_REJECTED"
    },
    {
      "net_structural_r": "3.1467958402027993",
      "observed_ts_ns": 1758552780000000000,
      "reason": "GLOBAL_SLOT_OCCUPIED",
      "scenario_id": "BTCUSDT-PERP.BINANCE-IRX-1758552780000000000-000003",
      "symbol": "BTCUSDT",
      "type": "GLOBAL_CANDIDATE_REJECTED"
    },
    {
      "net_structural_r": "2.536933421965406",
      "observed_ts_ns": 1758562440000000000,
      "reason": "GLOBAL_SLOT_OCCUPIED",
      "scenario_id": "ETHUSDT-PERP.BINANCE-IRX-1758562440000000000-000013",
      "symbol": "ETHUSDT",
      "type": "GLOBAL_CANDIDATE_REJECTED"
    },
    {
      "net_structural_r": "2.920066142228237",
      "observed_ts_ns": 1758564960000000000,
      "reason": "GLOBAL_SLOT_OCCUPIED",
      "scenario_id": "ETHUSDT-PERP.BINANCE-IRX-1758564960000000000-000014",
      "symbol": "ETHUSDT",
      "type": "GLOBAL_CANDIDATE_REJECTED"
    },
    {
      "net_structural_r": "1.386769671770621",
      "observed_ts_ns": 1758568980000000000,
      "reason": "GLOBAL_SLOT_OCCUPIED",
      "scenario_id": "SOLUSDT-PERP.BINANCE-IRX-1758568980000000000-000016",
      "symbol": "SOLUSDT",
      "type": "GLOBAL_CANDIDATE_REJECTED"
    },
    {
      "net_structural_r": "2.536840886679098",
      "observed_ts_ns": 1758570960000000000,
      "reason": "GLOBAL_SLOT_OCCUPIED",
      "scenario_id": "BTCUSDT-PERP.BINANCE-IRX-1758570960000000000-000004",
      "symbol": "BTCUSDT",
      "type": "GLOBAL_CANDIDATE_REJECTED"
    },
    {
      "net_structural_r": "2.0690943926215457",
      "observed_ts_ns": 1758581280000000000,
      "reason": "GLOBAL_SLOT_OCCUPIED",
      "scenario_id": "SOLUSDT-PERP.BINANCE-IRX-1758581280000000000-000017",
      "symbol": "SOLUSDT",
      "type": "GLOBAL_CANDIDATE_REJECTED"
    },
    {
      "leader": "ETHUSDT",
      "net_structural_r": "1.2558518392794893",
      "observed_ts_ns": 1758584220000000000,
      "peer_returns": {
        "BTCUSDT": 0.0007934956459925147,
        "SOLUSDT": 0.0015478466721297046,
        "XRPUSDT": 0.0011958777390874697
      },
      "reason": "LEADER_DIRECTIONAL_DISAGREEMENT",
      "scenario_id": "ETHUSDT-PERP.BINANCE-IRX-1758584220000000000-000015",
      "symbol": "ETHUSDT",
      "type": "MARKET_LEADERSHIP_REJECTED"
    },
    {
      "leader": "ETHUSDT",
      "net_structural_r": "1.9457390096554932",
      "observed_ts_ns": 1758585540000000000,
      "peer_returns": {
        "BTCUSDT": 0.00029575183135222005,
        "SOLUSDT": 0.0016364380199098694,
        "XRPUSDT": 0.0012641781086490944
      },
      "reason": "LEADER_DIRECTIONAL_DISAGREEMENT",
      "scenario_id": "ETHUSDT-PERP.BINANCE-IRX-1758585540000000000-000016",
      "symbol": "ETHUSDT",
      "type": "MARKET_LEADERSHIP_REJECTED"
    },
    {
      "leader": null,
      "net_structural_r": "1.525488887441395",
      "observed_ts_ns": 1758607260000000000,
      "peer_returns": {},
      "reason": "INVALID_SWEEP_CONFIRMATION_ORDER",
      "scenario_id": "SOLUSDT-PERP.BINANCE-IRX-1758607260000000000-000018",
      "symbol": "SOLUSDT",
      "type": "MARKET_LEADERSHIP_REJECTED"
    },
    {
      "leader": null,
      "net_structural_r": "2.1843631172207036",
      "observed_ts_ns": 1758610080000000000,
      "peer_returns": {},
      "reason": "INVALID_SWEEP_CONFIRMATION_ORDER",
      "scenario_id": "BTCUSDT-PERP.BINANCE-IRX-1758610080000000000-000005",
      "symbol": "BTCUSDT",
      "type": "MARKET_LEADERSHIP_REJECTED"
    },
    {
      "leader": "ETHUSDT",
      "net_structural_r": "2.187583057779399",
      "observed_ts_ns": 1758613560000000000,
      "peer_returns": {
        "BTCUSDT": 0.0003560319968258785,
        "ETHUSDT": 0.00033053056099840994,
        "XRPUSDT": -0.0009409960617572377
      },
      "reason": "FOLLOWER_FAR_PEER_DISAGREEMENT",
      "scenario_id": "SOLUSDT-PERP.BINANCE-IRX-1758613560000000000-000019",
      "symbol": "SOLUSDT",
      "type": "MARKET_LEADERSHIP_REJECTED"
    },
    {
      "leader": null,
      "net_structural_r": "1.518874084137",
      "observed_ts_ns": 1758629340000000000,
      "peer_returns": {},
      "reason": "INVALID_SWEEP_CONFIRMATION_ORDER",
      "scenario_id": "ETHUSDT-PERP.BINANCE-IRX-1758629340000000000-000017",
      "symbol": "ETHUSDT",
      "type": "MARKET_LEADERSHIP_REJECTED"
    },
    {
      "net_structural_r": "2.9176736047526166",
      "observed_ts_ns": 1758638760000000000,
      "reason": "GLOBAL_SLOT_OCCUPIED",
      "scenario_id": "ETHUSDT-PERP.BINANCE-IRX-1758638760000000000-000018",
      "symbol": "ETHUSDT",
      "type": "GLOBAL_CANDIDATE_REJECTED"
    },
    {
      "net_structural_r": "2.7378953608926286",
      "observed_ts_ns": 1758642720000000000,
      "reason": "GLOBAL_SLOT_OCCUPIED",
      "scenario_id": "ETHUSDT-PERP.BINANCE-IRX-1758642720000000000-000019",
      "symbol": "ETHUSDT",
      "type": "GLOBAL_CANDIDATE_REJECTED"
    },
    {
      "net_structural_r": "2.485351733052336",
      "observed_ts_ns": 1758645120000000000,
      "reason": "GLOBAL_SLOT_OCCUPIED",
      "scenario_id": "SOLUSDT-PERP.BINANCE-IRX-1758645120000000000-000020",
      "symbol": "SOLUSDT",
      "type": "GLOBAL_CANDIDATE_REJECTED"
    },
    {
      "leader": "ETHUSDT",
      "net_structural_r": "1.6325470975461367",
      "observed_ts_ns": 1758680040000000000,
      "peer_returns": {
        "ETHUSDT": -0.0034432826120202042,
        "SOLUSDT": -0.0034434620753839296,
        "XRPUSDT": -0.003170577045022105
      },
      "reason": "FOLLOWER_FAR_EVENT_LAGGARD",
      "scenario_id": "BTCUSDT-PERP.BINANCE-US_LATE_1600_2000_NY-R000152-HIGH",
      "symbol": "BTCUSDT",
      "type": "MARKET_LEADERSHIP_REJECTED"
    },
    {
      "leader": null,
      "net_structural_r": "4.1157950491598525",
      "observed_ts_ns": 1758682680000000000,
      "peer_returns": {},
      "reason": "INVALID_SWEEP_CONFIRMATION_ORDER",
      "scenario_id": "SOLUSDT-PERP.BINANCE-IRX-1758682680000000000-000021",
      "symbol": "SOLUSDT",
      "type": "MARKET_LEADERSHIP_REJECTED"
    },
    {
      "leader": "ETHUSDT",
      "net_structural_r": "1.311964344277108",
      "observed_ts_ns": 1758685620000000000,
      "peer_returns": {
        "ETHUSDT": -0.0007022895605018897,
        "SOLUSDT": -0.0017240553613333542,
        "XRPUSDT": -0.0010303417892417732
      },
      "reason": "FOLLOWER_FAR_EVENT_LAGGARD",
      "scenario_id": "BTCUSDT-PERP.BINANCE-IRX-1758685620000000000-000006",
      "symbol": "BTCUSDT",
      "type": "MARKET_LEADERSHIP_REJECTED"
    },
    {
      "leader": "ETHUSDT",
      "net_structural_r": "1.9353476739509872",
      "observed_ts_ns": 1758685680000000000,
      "peer_returns": {
        "BTCUSDT": -0.0010581035707194486,
        "SOLUSDT": -0.002490302188592586,
        "XRPUSDT": -0.0014211610886093462
      },
      "reason": "LEADER_DIRECTIONAL_DISAGREEMENT",
      "scenario_id": "ETHUSDT-PERP.BINANCE-IRX-1758685680000000000-000020",
      "symbol": "ETHUSDT",
      "type": "MARKET_LEADERSHIP_REJECTED"
    },
    {
      "leader": null,
      "net_structural_r": "2.0963661796522994",
      "observed_ts_ns": 1758693720000000000,
      "peer_returns": {},
      "reason": "INVALID_SWEEP_CONFIRMATION_ORDER",
      "scenario_id": "ETHUSDT-PERP.BINANCE-IRX-1758693720000000000-000021",
      "symbol": "ETHUSDT",
      "type": "MARKET_LEADERSHIP_REJECTED"
    },
    {
      "leader": "ETHUSDT",
      "net_structural_r": "1.3607910416461695",
      "observed_ts_ns": 1758693720000000000,
      "peer_returns": {
        "BTCUSDT": 0.009735378778846338,
        "ETHUSDT": 0.00973932485306328,
        "XRPUSDT": 0.01854625864897641
      },
      "reason": "FOLLOWER_FAR_WEAK_LOCAL_DISPLACEMENT",
      "scenario_id": "SOLUSDT-PERP.BINANCE-ASIA_2000_0000_NY-R000169-LOW",
      "symbol": "SOLUSDT",
      "type": "MARKET_LEADERSHIP_REJECTED"
    },
    {
      "net_structural_r": "1.8312018934656955",
      "observed_ts_ns": 1758695400000000000,
      "reason": "GLOBAL_SLOT_OCCUPIED",
      "scenario_id": "ETHUSDT-PERP.BINANCE-IRX-1758695400000000000-000022",
      "symbol": "ETHUSDT",
      "type": "GLOBAL_CANDIDATE_REJECTED"
    },
    {
      "leader": null,
      "net_structural_r": "1.7874711397100025",
      "observed_ts_ns": 1758703620000000000,
      "peer_returns": {},
      "reason": "INVALID_SWEEP_CONFIRMATION_ORDER",
      "scenario_id": "BTCUSDT-PERP.BINANCE-IRX-1758703620000000000-000007",
      "symbol": "BTCUSDT",
      "type": "MARKET_LEADERSHIP_REJECTED"
    },
    {
      "leader": null,
      "net_structural_r": "1.390805090196334",
      "observed_ts_ns": 1758707460000000000,
      "peer_returns": {},
      "reason": "INVALID_SWEEP_CONFIRMATION_ORDER",
      "scenario_id": "ETHUSDT-PERP.BINANCE-IRX-1758707460000000000-000023",
      "symbol": "ETHUSDT",
      "type": "MARKET_LEADERSHIP_REJECTED"
    },
    {
      "leader": "ETHUSDT",
      "net_structural_r": "3.1947204496933046",
      "observed_ts_ns": 1758714600000000000,
      "peer_returns": {
        "BTCUSDT": 0.0016035002220435857,
        "ETHUSDT": 0.0003635172204325965,
        "XRPUSDT": 0.0029947417905769047
      },
      "reason": "FOLLOWER_AAC_WITHOUT_LEADERSHIP",
      "scenario_id": "SOLUSDT-PERP.BINANCE-LONDON_0200_0500_NY-R000173-HIGH",
      "symbol": "SOLUSDT",
      "type": "MARKET_LEADERSHIP_REJECTED"
    },
    {
      "net_structural_r": "1.6560185133138252",
      "observed_ts_ns": 1758717120000000000,
      "reason": "GLOBAL_SLOT_OCCUPIED",
      "scenario_id": "ETHUSDT-PERP.BINANCE-IRX-1758717120000000000-000024",
      "symbol": "ETHUSDT",
      "type": "GLOBAL_CANDIDATE_REJECTED"
    },
    {
      "net_structural_r": "2.038745480402678",
      "observed_ts_ns": 1758721080000000000,
      "reason": "GLOBAL_SLOT_OCCUPIED",
      "scenario_id": "SOLUSDT-PERP.BINANCE-IRX-1758721080000000000-000022",
      "symbol": "SOLUSDT",
      "type": "GLOBAL_CANDIDATE_REJECTED"
    },
    {
      "net_structural_r": "2.80709802188359",
      "observed_ts_ns": 1758721500000000000,
      "reason": "GLOBAL_SLOT_OCCUPIED",
      "scenario_id": "ETHUSDT-PERP.BINANCE-IRX-1758721500000000000-000025",
      "symbol": "ETHUSDT",
      "type": "GLOBAL_CANDIDATE_REJECTED"
    },
    {
      "leader": null,
      "net_structural_r": "2.344627574696126",
      "observed_ts_ns": 1758722580000000000,
      "peer_returns": {},
      "reason": "INVALID_SWEEP_CONFIRMATION_ORDER",
      "scenario_id": "SOLUSDT-PERP.BINANCE-IRX-1758722580000000000-000023",
      "symbol": "SOLUSDT",
      "type": "MARKET_LEADERSHIP_REJECTED"
    },
    {
      "leader": null,
      "net_structural_r": "3.006828026230608",
      "observed_ts_ns": 1758724440000000000,
      "peer_returns": {},
      "reason": "INVALID_SWEEP_CONFIRMATION_ORDER",
      "scenario_id": "ETHUSDT-PERP.BINANCE-IRX-1758724440000000000-000026",
      "symbol": "ETHUSDT",
      "type": "MARKET_LEADERSHIP_REJECTED"
    },
    {
      "net_structural_r": "1.4334412941529093",
      "observed_ts_ns": 1758726960000000000,
      "reason": "GLOBAL_SLOT_OCCUPIED",
      "scenario_id": "SOLUSDT-PERP.BINANCE-IRX-1758726960000000000-000024",
      "symbol": "SOLUSDT",
      "type": "GLOBAL_CANDIDATE_REJECTED"
    },
    {
      "net_structural_r": "2.0940817707205723",
      "observed_ts_ns": 1758732240000000000,
      "reason": "GLOBAL_SLOT_OCCUPIED",
      "scenario_id": "ETHUSDT-PERP.BINANCE-IRX-1758732240000000000-000027",
      "symbol": "ETHUSDT",
      "type": "GLOBAL_CANDIDATE_REJECTED"
    },
    {
      "leader": null,
      "net_structural_r": "2.4278962771599764",
      "observed_ts_ns": 1758738780000000000,
      "peer_returns": {},
      "reason": "INVALID_SWEEP_CONFIRMATION_ORDER",
      "scenario_id": "BTCUSDT-PERP.BINANCE-IRX-1758738780000000000-000008",
      "symbol": "BTCUSDT",
      "type": "MARKET_LEADERSHIP_REJECTED"
    },
    {
      "leader": "ETHUSDT",
      "net_structural_r": "1.408557229866967",
      "observed_ts_ns": 1758738780000000000,
      "peer_returns": {
        "BTCUSDT": -0.0005509006697931307,
        "ETHUSDT": -0.0007182136589873878,
        "XRPUSDT": -0.0013551512687604017
      },
      "reason": "FOLLOWER_FAR_WEAK_LOCAL_DISPLACEMENT",
      "scenario_id": "SOLUSDT-PERP.BINANCE-IRX-1758738780000000000-000025",
      "symbol": "SOLUSDT",
      "type": "MARKET_LEADERSHIP_REJECTED"
    },
    {
      "net_structural_r": "1.379107284398678",
      "observed_ts_ns": 1758739380000000000,
      "reason": "GLOBAL_SLOT_OCCUPIED",
      "scenario_id": "SOLUSDT-PERP.BINANCE-IRX-1758739380000000000-000026",
      "symbol": "SOLUSDT",
      "type": "GLOBAL_CANDIDATE_REJECTED"
    },
    {
      "net_structural_r": "2.066974380853853",
      "observed_ts_ns": 1758743040000000000,
      "reason": "GLOBAL_SLOT_OCCUPIED",
      "scenario_id": "SOLUSDT-PERP.BINANCE-IRX-1758743040000000000-000027",
      "symbol": "SOLUSDT",
      "type": "GLOBAL_CANDIDATE_REJECTED"
    },
    {
      "net_structural_r": "1.91595544300137",
      "observed_ts_ns": 1758745680000000000,
      "reason": "GLOBAL_SLOT_OCCUPIED",
      "scenario_id": "SOLUSDT-PERP.BINANCE-IRX-1758745680000000000-000028",
      "symbol": "SOLUSDT",
      "type": "GLOBAL_CANDIDATE_REJECTED"
    },
    {
      "leader": null,
      "net_structural_r": "2.9610834165177526",
      "observed_ts_ns": 1758748560000000000,
      "peer_returns": {},
      "reason": "INVALID_SWEEP_CONFIRMATION_ORDER",
      "scenario_id": "SOLUSDT-PERP.BINANCE-IRX-1758748560000000000-000029",
      "symbol": "SOLUSDT",
      "type": "MARKET_LEADERSHIP_REJECTED"
    },
    {
      "net_structural_r": "3.0985929151974023",
      "observed_ts_ns": 1758752280000000000,
      "reason": "GLOBAL_SLOT_OCCUPIED",
      "scenario_id": "ETHUSDT-PERP.BINANCE-IRX-1758752280000000000-000028",
      "symbol": "ETHUSDT",
      "type": "GLOBAL_CANDIDATE_REJECTED"
    },
    {
      "net_structural_r": "3.1805115767251273",
      "observed_ts_ns": 1758752280000000000,
      "reason": "GLOBAL_SLOT_OCCUPIED",
      "scenario_id": "SOLUSDT-PERP.BINANCE-IRX-1758752280000000000-000030",
      "symbol": "SOLUSDT",
      "type": "GLOBAL_CANDIDATE_REJECTED"
    },
    {
      "net_structural_r": "1.3262140669889193",
      "observed_ts_ns": 1758761220000000000,
      "reason": "GLOBAL_SLOT_OCCUPIED",
      "scenario_id": "BTCUSDT-PERP.BINANCE-IRX-1758761220000000000-000009",
      "symbol": "BTCUSDT",
      "type": "GLOBAL_CANDIDATE_REJECTED"
    },
    {
      "leader": null,
      "net_structural_r": "4.316895066059916",
      "observed_ts_ns": 1758762900000000000,
      "peer_returns": {},
      "reason": "INVALID_SWEEP_CONFIRMATION_ORDER",
      "scenario_id": "ETHUSDT-PERP.BINANCE-IRX-1758762900000000000-000029",
      "symbol": "ETHUSDT",
      "type": "MARKET_LEADERSHIP_REJECTED"
    },
    {
      "leader": "ETHUSDT",
      "net_structural_r": "2.0990775024668893",
      "observed_ts_ns": 1758769140000000000,
      "peer_returns": {
        "ETHUSDT": 0.002602976436341997,
        "SOLUSDT": 0.0016686531585219377,
        "XRPUSDT": 0.0010680079928340191
      },
      "reason": "FOLLOWER_FAR_WEAK_LOCAL_DISPLACEMENT",
      "scenario_id": "BTCUSDT-PERP.BINANCE-IRX-1758769140000000000-000010",
      "symbol": "BTCUSDT",
      "type": "MARKET_LEADERSHIP_REJECTED"
    },
    {
      "net_structural_r": "2.716863015122472",
      "observed_ts_ns": 1758773040000000000,
      "reason": "GLOBAL_SLOT_OCCUPIED",
      "scenario_id": "ETHUSDT-PERP.BINANCE-IRX-1758773040000000000-000030",
      "symbol": "ETHUSDT",
      "type": "GLOBAL_CANDIDATE_REJECTED"
    },
    {
      "net_structural_r": "1.8325144974331757",
      "observed_ts_ns": 1758773460000000000,
      "reason": "GLOBAL_SLOT_OCCUPIED",
      "scenario_id": "SOLUSDT-PERP.BINANCE-IRX-1758773460000000000-000031",
      "symbol": "SOLUSDT",
      "type": "GLOBAL_CANDIDATE_REJECTED"
    },
    {
      "net_structural_r": "1.4412581512701645",
      "observed_ts_ns": 1758774720000000000,
      "reason": "GLOBAL_SLOT_OCCUPIED",
      "scenario_id": "ETHUSDT-PERP.BINANCE-IRX-1758774720000000000-000031",
      "symbol": "ETHUSDT",
      "type": "GLOBAL_CANDIDATE_REJECTED"
    },
    {
      "leader": null,
      "net_structural_r": "1.9659808093691256",
      "observed_ts_ns": 1758775740000000000,
      "peer_returns": {},
      "reason": "INVALID_SWEEP_CONFIRMATION_ORDER",
      "scenario_id": "ETHUSDT-PERP.BINANCE-IRX-1758775740000000000-000032",
      "symbol": "ETHUSDT",
      "type": "MARKET_LEADERSHIP_REJECTED"
    },
    {
      "net_structural_r": "1.8720003907566596",
      "observed_ts_ns": 1758776520000000000,
      "reason": "GLOBAL_SLOT_OCCUPIED",
      "scenario_id": "SOLUSDT-PERP.BINANCE-IRX-1758776520000000000-000032",
      "symbol": "SOLUSDT",
      "type": "GLOBAL_CANDIDATE_REJECTED"
    },
    {
      "net_structural_r": "2.214110387838406",
      "observed_ts_ns": 1758782520000000000,
      "reason": "GLOBAL_SLOT_OCCUPIED",
      "scenario_id": "ETHUSDT-PERP.BINANCE-IRX-1758782520000000000-000033",
      "symbol": "ETHUSDT",
      "type": "GLOBAL_CANDIDATE_REJECTED"
    },
    {
      "leader": "ETHUSDT",
      "net_structural_r": "1.8556814909768646",
      "observed_ts_ns": 1758783840000000000,
      "peer_returns": {
        "ETHUSDT": -0.003779534630765524,
        "SOLUSDT": -0.0026929103016060107,
        "XRPUSDT": -0.0024570887009021103
      },
      "reason": "FOLLOWER_AAC_WITHOUT_LEADERSHIP",
      "scenario_id": "BTCUSDT-PERP.BINANCE-LONDON_PREMARKET_0000_0200_NY-R000199-LOW",
      "symbol": "BTCUSDT",
      "type": "MARKET_LEADERSHIP_REJECTED"
    },
    {
      "leader": null,
      "net_structural_r": "1.600298892261022",
      "observed_ts_ns": 1758784080000000000,
      "peer_returns": {},
      "reason": "INVALID_SWEEP_CONFIRMATION_ORDER",
      "scenario_id": "ETHUSDT-PERP.BINANCE-IRX-1758784080000000000-000034",
      "symbol": "ETHUSDT",
      "type": "MARKET_LEADERSHIP_REJECTED"
    },
    {
      "net_structural_r": "1.2702385897247508",
      "observed_ts_ns": 1758784440000000000,
      "reason": "GLOBAL_SLOT_OCCUPIED",
      "scenario_id": "SOLUSDT-PERP.BINANCE-IRX-1758784440000000000-000033",
      "symbol": "SOLUSDT",
      "type": "GLOBAL_CANDIDATE_REJECTED"
    },
    {
      "leader": null,
      "net_structural_r": "1.4596928350630112",
      "observed_ts_ns": 1758788820000000000,
      "peer_returns": {},
      "reason": "INVALID_SWEEP_CONFIRMATION_ORDER",
      "scenario_id": "SOLUSDT-PERP.BINANCE-IRX-1758788820000000000-000034",
      "symbol": "SOLUSDT",
      "type": "MARKET_LEADERSHIP_REJECTED"
    },
    {
      "leader": "ETHUSDT",
      "net_structural_r": "2.237806517484288",
      "observed_ts_ns": 1758800040000000000,
      "peer_returns": {
        "ETHUSDT": -0.00039942482824739667,
        "SOLUSDT": -0.000845182459978111,
        "XRPUSDT": 7.115158845927283e-05
      },
      "reason": "FOLLOWER_FAR_PEER_DISAGREEMENT",
      "scenario_id": "BTCUSDT-PERP.BINANCE-IRX-1758800040000000000-000011",
      "symbol": "BTCUSDT",
      "type": "MARKET_LEADERSHIP_REJECTED"
    },
    {
      "leader": "ETHUSDT",
      "net_structural_r": "1.9171720648160508",
      "observed_ts_ns": 1758800880000000000,
      "peer_returns": {
        "ETHUSDT": -0.0014444077928048582,
        "SOLUSDT": -0.0019374068554397494,
        "XRPUSDT": -0.0010659465605458163
      },
      "reason": "FOLLOWER_FAR_EVENT_LAGGARD",
      "scenario_id": "BTCUSDT-PERP.BINANCE-IRX-1758800880000000000-000012",
      "symbol": "BTCUSDT",
      "type": "MARKET_LEADERSHIP_REJECTED"
    },
    {
      "net_structural_r": "5.6169280303419375",
      "observed_ts_ns": 1758807060000000000,
      "reason": "GLOBAL_SLOT_OCCUPIED",
      "scenario_id": "ETHUSDT-PERP.BINANCE-IRX-1758807060000000000-000035",
      "symbol": "ETHUSDT",
      "type": "GLOBAL_CANDIDATE_REJECTED"
    },
    {
      "net_structural_r": "1.5999036514056268",
      "observed_ts_ns": 1758811380000000000,
      "reason": "GLOBAL_SLOT_OCCUPIED",
      "scenario_id": "ETHUSDT-PERP.BINANCE-IRX-1758811380000000000-000036",
      "symbol": "ETHUSDT",
      "type": "GLOBAL_CANDIDATE_REJECTED"
    },
    {
      "net_structural_r": "1.3633098333312212",
      "observed_ts_ns": 1758813120000000000,
      "reason": "GLOBAL_SLOT_OCCUPIED",
      "scenario_id": "ETHUSDT-PERP.BINANCE-IRX-1758813120000000000-000037",
      "symbol": "ETHUSDT",
      "type": "GLOBAL_CANDIDATE_REJECTED"
    },
    {
      "net_structural_r": "3.2908445720828565",
      "observed_ts_ns": 1758814980000000000,
      "reason": "GLOBAL_SLOT_OCCUPIED",
      "scenario_id": "ETHUSDT-PERP.BINANCE-IRX-1758814980000000000-000038",
      "symbol": "ETHUSDT",
      "type": "GLOBAL_CANDIDATE_REJECTED"
    },
    {
      "leader": "ETHUSDT",
      "net_structural_r": "2.247869771044541",
      "observed_ts_ns": 1758823860000000000,
      "peer_returns": {
        "BTCUSDT": -0.000159746022186269,
        "ETHUSDT": -0.00044278905008732217,
        "XRPUSDT": -0.00025509274443358265
      },
      "reason": "FOLLOWER_FAR_WEAK_LOCAL_DISPLACEMENT",
      "scenario_id": "SOLUSDT-PERP.BINANCE-IRX-1758823860000000000-000035",
      "symbol": "SOLUSDT",
      "type": "MARKET_LEADERSHIP_REJECTED"
    },
    {
      "net_structural_r": "4.746205462764142",
      "observed_ts_ns": 1758825660000000000,
      "reason": "GLOBAL_SLOT_OCCUPIED",
      "scenario_id": "ETHUSDT-PERP.BINANCE-IRX-1758825660000000000-000039",
      "symbol": "ETHUSDT",
      "type": "GLOBAL_CANDIDATE_REJECTED"
    },
    {
      "leader": "ETHUSDT",
      "net_structural_r": "3.97007726796263",
      "observed_ts_ns": 1758827940000000000,
      "peer_returns": {
        "BTCUSDT": 0.0008453894810567242,
        "ETHUSDT": 0.0004460485198836128,
        "XRPUSDT": 0.0013946003933487106
      },
      "reason": "FOLLOWER_FAR_WEAK_LOCAL_DISPLACEMENT",
      "scenario_id": "SOLUSDT-PERP.BINANCE-IRX-1758827940000000000-000036",
      "symbol": "SOLUSDT",
      "type": "MARKET_LEADERSHIP_REJECTED"
    },
    {
      "net_structural_r": "2.2084379897446587",
      "observed_ts_ns": 1758835500000000000,
      "reason": "GLOBAL_SLOT_OCCUPIED",
      "scenario_id": "SOLUSDT-PERP.BINANCE-IRX-1758835500000000000-000037",
      "symbol": "SOLUSDT",
      "type": "GLOBAL_CANDIDATE_REJECTED"
    },
    {
      "leader": "ETHUSDT",
      "net_structural_r": "1.2996822274250883",
      "observed_ts_ns": 1758841020000000000,
      "peer_returns": {
        "ETHUSDT": 0.0003112147922190722,
        "SOLUSDT": 0.0006693785078009107,
        "XRPUSDT": 0.0019295179845639776
      },
      "reason": "FOLLOWER_FAR_UNRESOLVED_ADVERSE_AUCTION",
      "scenario_id": "BTCUSDT-PERP.BINANCE-IRX-1758841020000000000-000013",
      "symbol": "BTCUSDT",
      "type": "MARKET_LEADERSHIP_REJECTED"
    },
    {
      "net_structural_r": "1.8489418132481332",
      "observed_ts_ns": 1758841860000000000,
      "reason": "GLOBAL_SLOT_OCCUPIED",
      "scenario_id": "ETHUSDT-PERP.BINANCE-IRX-1758841860000000000-000040",
      "symbol": "ETHUSDT",
      "type": "GLOBAL_CANDIDATE_REJECTED"
    },
    {
      "net_structural_r": "2.4971138323304207",
      "observed_ts_ns": 1758841860000000000,
      "reason": "GLOBAL_SLOT_OCCUPIED",
      "scenario_id": "SOLUSDT-PERP.BINANCE-IRX-1758841860000000000-000038",
      "symbol": "SOLUSDT",
      "type": "GLOBAL_CANDIDATE_REJECTED"
    },
    {
      "net_structural_r": "1.441521940494181",
      "observed_ts_ns": 1758842280000000000,
      "reason": "GLOBAL_SLOT_OCCUPIED",
      "scenario_id": "SOLUSDT-PERP.BINANCE-IRX-1758842280000000000-000039",
      "symbol": "SOLUSDT",
      "type": "GLOBAL_CANDIDATE_REJECTED"
    },
    {
      "net_structural_r": "3.6740590783386318",
      "observed_ts_ns": 1758845820000000000,
      "reason": "GLOBAL_SLOT_OCCUPIED",
      "scenario_id": "ETHUSDT-PERP.BINANCE-IRX-1758845820000000000-000041",
      "symbol": "ETHUSDT",
      "type": "GLOBAL_CANDIDATE_REJECTED"
    },
    {
      "net_structural_r": "4.192343081910409",
      "observed_ts_ns": 1758847020000000000,
      "reason": "GLOBAL_SLOT_OCCUPIED",
      "scenario_id": "ETHUSDT-PERP.BINANCE-IRX-1758847020000000000-000042",
      "symbol": "ETHUSDT",
      "type": "GLOBAL_CANDIDATE_REJECTED"
    },
    {
      "leader": "ETHUSDT",
      "net_structural_r": "2.4125227969241188",
      "observed_ts_ns": 1758852660000000000,
      "peer_returns": {
        "ETHUSDT": 0.0019809272263209277,
        "SOLUSDT": -0.0028495827396702866,
        "XRPUSDT": -0.002202961357890887
      },
      "reason": "FOLLOWER_FAR_PEER_DISAGREEMENT",
      "scenario_id": "BTCUSDT-PERP.BINANCE-US_LATE_1600_2000_NY-R000208-HIGH",
      "symbol": "BTCUSDT",
      "type": "MARKET_LEADERSHIP_REJECTED"
    },
    {
      "leader": null,
      "net_structural_r": "2.2826970783220686",
      "observed_ts_ns": 1758854040000000000,
      "peer_returns": {},
      "reason": "INVALID_SWEEP_CONFIRMATION_ORDER",
      "scenario_id": "SOLUSDT-PERP.BINANCE-IRX-1758854040000000000-000040",
      "symbol": "SOLUSDT",
      "type": "MARKET_LEADERSHIP_REJECTED"
    },
    {
      "leader": null,
      "net_structural_r": "1.4964265699068422",
      "observed_ts_ns": 1758855180000000000,
      "peer_returns": {},
      "reason": "INVALID_SWEEP_CONFIRMATION_ORDER",
      "scenario_id": "BTCUSDT-PERP.BINANCE-IRX-1758855180000000000-000014",
      "symbol": "BTCUSDT",
      "type": "MARKET_LEADERSHIP_REJECTED"
    },
    {
      "net_structural_r": "1.3294626648009429",
      "observed_ts_ns": 1758856260000000000,
      "reason": "GLOBAL_SLOT_OCCUPIED",
      "scenario_id": "ETHUSDT-PERP.BINANCE-IRX-1758856260000000000-000043",
      "symbol": "ETHUSDT",
      "type": "GLOBAL_CANDIDATE_REJECTED"
    },
    {
      "net_structural_r": "1.7384397178403863",
      "observed_ts_ns": 1758858120000000000,
      "reason": "GLOBAL_SLOT_OCCUPIED",
      "scenario_id": "ETHUSDT-PERP.BINANCE-IRX-1758858120000000000-000044",
      "symbol": "ETHUSDT",
      "type": "GLOBAL_CANDIDATE_REJECTED"
    },
    {
      "leader": null,
      "net_structural_r": "1.98586449167663",
      "observed_ts_ns": 1758864420000000000,
      "peer_returns": {},
      "reason": "INVALID_SWEEP_CONFIRMATION_ORDER",
      "scenario_id": "ETHUSDT-PERP.BINANCE-IRX-1758864420000000000-000045",
      "symbol": "ETHUSDT",
      "type": "MARKET_LEADERSHIP_REJECTED"
    },
    {
      "leader": null,
      "net_structural_r": "4.36280859502393",
      "observed_ts_ns": 1758871620000000000,
      "peer_returns": {},
      "reason": "INVALID_SWEEP_CONFIRMATION_ORDER",
      "scenario_id": "SOLUSDT-PERP.BINANCE-IRX-1758871620000000000-000041",
      "symbol": "SOLUSDT",
      "type": "MARKET_LEADERSHIP_REJECTED"
    },
    {
      "net_structural_r": "1.759040559502783",
      "observed_ts_ns": 1758876240000000000,
      "reason": "GLOBAL_SLOT_OCCUPIED",
      "scenario_id": "SOLUSDT-PERP.BINANCE-IRX-1758876240000000000-000042",
      "symbol": "SOLUSDT",
      "type": "GLOBAL_CANDIDATE_REJECTED"
    },
    {
      "leader": "ETHUSDT",
      "net_structural_r": "2.28415232264435",
      "observed_ts_ns": 1758886380000000000,
      "peer_returns": {
        "ETHUSDT": 0.006054571110899021,
        "SOLUSDT": 0.0016664930736380867,
        "XRPUSDT": -0.0016181229773463146
      },
      "reason": "FOLLOWER_FAR_PEER_DISAGREEMENT",
      "scenario_id": "BTCUSDT-PERP.BINANCE-LONDON_0200_0500_NY-R000229-LOW",
      "symbol": "BTCUSDT",
      "type": "MARKET_LEADERSHIP_REJECTED"
    },
    {
      "leader": null,
      "net_structural_r": "2.3829197985493162",
      "observed_ts_ns": 1758889020000000000,
      "peer_returns": {},
      "reason": "INVALID_SWEEP_CONFIRMATION_ORDER",
      "scenario_id": "SOLUSDT-PERP.BINANCE-IRX-1758889020000000000-000043",
      "symbol": "SOLUSDT",
      "type": "MARKET_LEADERSHIP_REJECTED"
    },
    {
      "leader": "ETHUSDT",
      "net_structural_r": "1.4755692712806994",
      "observed_ts_ns": 1758891540000000000,
      "peer_returns": {
        "BTCUSDT": 0.0010729918253036264,
        "ETHUSDT": 0.002088612103265497,
        "XRPUSDT": 0.0030955242361339064
      },
      "reason": "FOLLOWER_FAR_WEAK_LOCAL_DISPLACEMENT",
      "scenario_id": "SOLUSDT-PERP.BINANCE-IRX-1758891540000000000-000044",
      "symbol": "SOLUSDT",
      "type": "MARKET_LEADERSHIP_REJECTED"
    },
    {
      "leader": null,
      "net_structural_r": "3.118890959597577",
      "observed_ts_ns": 1758892800000000000,
      "peer_returns": {},
      "reason": "INVALID_SWEEP_CONFIRMATION_ORDER",
      "scenario_id": "ETHUSDT-PERP.BINANCE-IRX-1758892800000000000-000046",
      "symbol": "ETHUSDT",
      "type": "MARKET_LEADERSHIP_REJECTED"
    },
    {
      "leader": "ETHUSDT",
      "net_structural_r": "2.186600812383124",
      "observed_ts_ns": 1758898080000000000,
      "peer_returns": {
        "BTCUSDT": 0.0001754969503957593,
        "SOLUSDT": -0.0009272614877395835,
        "XRPUSDT": -0.002253750092366835
      },
      "reason": "LEADER_EVENT_RECOVERY_WITHOUT_DIRECTIONAL_SUPPORT",
      "scenario_id": "ETHUSDT-PERP.BINANCE-IRX-1758898080000000000-000047",
      "symbol": "ETHUSDT",
      "type": "MARKET_LEADERSHIP_REJECTED"
    },
    {
      "net_structural_r": "3.0034784898074336",
      "observed_ts_ns": 1758908940000000000,
      "reason": "GLOBAL_SLOT_OCCUPIED",
      "scenario_id": "SOLUSDT-PERP.BINANCE-IRX-1758908940000000000-000045",
      "symbol": "SOLUSDT",
      "type": "GLOBAL_CANDIDATE_REJECTED"
    },
    {
      "net_structural_r": "1.7680187323775953",
      "observed_ts_ns": 1758923160000000000,
      "reason": "GLOBAL_SLOT_OCCUPIED",
      "scenario_id": "ETHUSDT-PERP.BINANCE-IRX-1758923160000000000-000048",
      "symbol": "ETHUSDT",
      "type": "GLOBAL_CANDIDATE_REJECTED"
    },
    {
      "net_structural_r": "1.7408159791374254",
      "observed_ts_ns": 1758933540000000000,
      "reason": "GLOBAL_SLOT_OCCUPIED",
      "scenario_id": "SOLUSDT-PERP.BINANCE-IRX-1758933540000000000-000046",
      "symbol": "SOLUSDT",
      "type": "GLOBAL_CANDIDATE_REJECTED"
    },
    {
      "net_structural_r": "1.3859184235153128",
      "observed_ts_ns": 1758938580000000000,
      "reason": "GLOBAL_SLOT_OCCUPIED",
      "scenario_id": "ETHUSDT-PERP.BINANCE-IRX-1758938580000000000-000049",
      "symbol": "ETHUSDT",
      "type": "GLOBAL_CANDIDATE_REJECTED"
    },
    {
      "leader": "ETHUSDT",
      "net_structural_r": "1.6314720397190963",
      "observed_ts_ns": 1758939540000000000,
      "peer_returns": {
        "BTCUSDT": -0.0005495610826627972,
        "SOLUSDT": -0.001808229889551427,
        "XRPUSDT": -0.0008647402176261698
      },
      "reason": "LEADER_DIRECTIONAL_DISAGREEMENT",
      "scenario_id": "ETHUSDT-PERP.BINANCE-IRX-1758939540000000000-000050",
      "symbol": "ETHUSDT",
      "type": "MARKET_LEADERSHIP_REJECTED"
    },
    {
      "leader": null,
      "net_structural_r": "1.7872519702665164",
      "observed_ts_ns": 1758939540000000000,
      "peer_returns": {},
      "reason": "INVALID_SWEEP_CONFIRMATION_ORDER",
      "scenario_id": "SOLUSDT-PERP.BINANCE-IRX-1758939540000000000-000047",
      "symbol": "SOLUSDT",
      "type": "MARKET_LEADERSHIP_REJECTED"
    },
    {
      "net_structural_r": "1.3852162640463273",
      "observed_ts_ns": 1758941220000000000,
      "reason": "GLOBAL_SLOT_OCCUPIED",
      "scenario_id": "SOLUSDT-PERP.BINANCE-IRX-1758941220000000000-000048",
      "symbol": "SOLUSDT",
      "type": "GLOBAL_CANDIDATE_REJECTED"
    },
    {
      "leader": "ETHUSDT",
      "net_structural_r": "1.3908664442414707",
      "observed_ts_ns": 1758947820000000000,
      "peer_returns": {
        "BTCUSDT": -0.00030647426893126717,
        "ETHUSDT": 4.226132914375569e-05,
        "XRPUSDT": -3.589246617130559e-05
      },
      "reason": "FOLLOWER_FAR_PEER_DISAGREEMENT",
      "scenario_id": "SOLUSDT-PERP.BINANCE-IRX-1758947820000000000-000049",
      "symbol": "SOLUSDT",
      "type": "MARKET_LEADERSHIP_REJECTED"
    },
    {
      "net_structural_r": "1.3662009244560076",
      "observed_ts_ns": 1758975720000000000,
      "reason": "GLOBAL_SLOT_OCCUPIED",
      "scenario_id": "SOLUSDT-PERP.BINANCE-IRX-1758975720000000000-000050",
      "symbol": "SOLUSDT",
      "type": "GLOBAL_CANDIDATE_REJECTED"
    },
    {
      "leader": "ETHUSDT",
      "net_structural_r": "1.4430977757050014",
      "observed_ts_ns": 1758983160000000000,
      "peer_returns": {
        "BTCUSDT": 6.0399294243396184e-05,
        "SOLUSDT": 0.0010839574300354204,
        "XRPUSDT": 0.0007193468330757291
      },
      "reason": "LEADER_DIRECTIONAL_DISAGREEMENT",
      "scenario_id": "ETHUSDT-PERP.BINANCE-IRX-1758983160000000000-000051",
      "symbol": "ETHUSDT",
      "type": "MARKET_LEADERSHIP_REJECTED"
    },
    {
      "net_structural_r": "2.0953402691303213",
      "observed_ts_ns": 1758985260000000000,
      "reason": "GLOBAL_SLOT_OCCUPIED",
      "scenario_id": "ETHUSDT-PERP.BINANCE-IRX-1758985260000000000-000052",
      "symbol": "ETHUSDT",
      "type": "GLOBAL_CANDIDATE_REJECTED"
    },
    {
      "leader": "ETHUSDT",
      "net_structural_r": "1.492499774274699",
      "observed_ts_ns": 1758987120000000000,
      "peer_returns": {
        "BTCUSDT": -0.0004642181220866348,
        "SOLUSDT": -0.0015794669299110664,
        "XRPUSDT": -0.0010449320794148065
      },
      "reason": "LEADER_DIRECTIONAL_DISAGREEMENT",
      "scenario_id": "ETHUSDT-PERP.BINANCE-IRX-1758987120000000000-000053",
      "symbol": "ETHUSDT",
      "type": "MARKET_LEADERSHIP_REJECTED"
    },
    {
      "net_structural_r": "2.3669457823286715",
      "observed_ts_ns": 1758993180000000000,
      "reason": "GLOBAL_SLOT_OCCUPIED",
      "scenario_id": "ETHUSDT-PERP.BINANCE-IRX-1758993180000000000-000054",
      "symbol": "ETHUSDT",
      "type": "GLOBAL_CANDIDATE_REJECTED"
    },
    {
      "leader": null,
      "net_structural_r": "3.161557324419911",
      "observed_ts_ns": 1758996300000000000,
      "peer_returns": {},
      "reason": "INVALID_SWEEP_CONFIRMATION_ORDER",
      "scenario_id": "SOLUSDT-PERP.BINANCE-IRX-1758996300000000000-000051",
      "symbol": "SOLUSDT",
      "type": "MARKET_LEADERSHIP_REJECTED"
    },
    {
      "net_structural_r": "1.9874636436123263",
      "observed_ts_ns": 1758999840000000000,
      "reason": "GLOBAL_SLOT_OCCUPIED",
      "scenario_id": "ETHUSDT-PERP.BINANCE-IRX-1758999840000000000-000055",
      "symbol": "ETHUSDT",
      "type": "GLOBAL_CANDIDATE_REJECTED"
    },
    {
      "net_structural_r": "1.5367411233085992",
      "observed_ts_ns": 1759012800000000000,
      "reason": "GLOBAL_SLOT_OCCUPIED",
      "scenario_id": "SOLUSDT-PERP.BINANCE-IRX-1759012800000000000-000052",
      "symbol": "SOLUSDT",
      "type": "GLOBAL_CANDIDATE_REJECTED"
    },
    {
      "leader": "ETHUSDT",
      "net_structural_r": "1.7870123154244166",
      "observed_ts_ns": 1759013880000000000,
      "peer_returns": {
        "BTCUSDT": 0.00022460440863758535,
        "SOLUSDT": 0.0006870154087741387,
        "XRPUSDT": -0.0012746069961759865
      },
      "reason": "LEADER_EVENT_RECOVERY_WITHOUT_DIRECTIONAL_SUPPORT",
      "scenario_id": "ETHUSDT-PERP.BINANCE-IRX-1759013880000000000-000056",
      "symbol": "ETHUSDT",
      "type": "MARKET_LEADERSHIP_REJECTED"
    },
    {
      "leader": "ETHUSDT",
      "net_structural_r": "2.760809948513446",
      "observed_ts_ns": 1759015320000000000,
      "peer_returns": {
        "BTCUSDT": 0.00032709926000640266,
        "ETHUSDT": 0.0002589834898025778,
        "XRPUSDT": -0.000249119185736002
      },
      "reason": "FOLLOWER_FAR_PEER_DISAGREEMENT",
      "scenario_id": "SOLUSDT-PERP.BINANCE-IRX-1759015320000000000-000053",
      "symbol": "SOLUSDT",
      "type": "MARKET_LEADERSHIP_REJECTED"
    },
    {
      "leader": "ETHUSDT",
      "net_structural_r": "2.2722569535071777",
      "observed_ts_ns": 1759017300000000000,
      "peer_returns": {
        "BTCUSDT": -0.0005181767840379825,
        "ETHUSDT": -0.0002265885475675189,
        "XRPUSDT": -0.0007837548984680476
      },
      "reason": "FOLLOWER_FAR_WEAK_LOCAL_DISPLACEMENT",
      "scenario_id": "SOLUSDT-PERP.BINANCE-IRX-1759017300000000000-000054",
      "symbol": "SOLUSDT",
      "type": "MARKET_LEADERSHIP_REJECTED"
    },
    {
      "leader": null,
      "net_structural_r": "2.9168234596821736",
      "observed_ts_ns": 1759019640000000000,
      "peer_returns": {},
      "reason": "INVALID_SWEEP_CONFIRMATION_ORDER",
      "scenario_id": "SOLUSDT-PERP.BINANCE-IRX-1759019640000000000-000055",
      "symbol": "SOLUSDT",
      "type": "MARKET_LEADERSHIP_REJECTED"
    },
    {
      "net_structural_r": "1.4273238271081496",
      "observed_ts_ns": 1759027320000000000,
      "reason": "GLOBAL_SLOT_OCCUPIED",
      "scenario_id": "ETHUSDT-PERP.BINANCE-IRX-1759027320000000000-000057",
      "symbol": "ETHUSDT",
      "type": "GLOBAL_CANDIDATE_REJECTED"
    },
    {
      "leader": null,
      "net_structural_r": "1.6232724874325075",
      "observed_ts_ns": 1759032840000000000,
      "peer_returns": {},
      "reason": "INVALID_SWEEP_CONFIRMATION_ORDER",
      "scenario_id": "SOLUSDT-PERP.BINANCE-IRX-1759032840000000000-000056",
      "symbol": "SOLUSDT",
      "type": "MARKET_LEADERSHIP_REJECTED"
    },
    {
      "leader": "ETHUSDT",
      "net_structural_r": "1.3670054231039837",
      "observed_ts_ns": 1759052760000000000,
      "peer_returns": {
        "BTCUSDT": -0.0002045729357311732,
        "SOLUSDT": -0.0006460269343536718,
        "XRPUSDT": 3.5964754540707133e-05
      },
      "reason": "LEADER_DIRECTIONAL_DISAGREEMENT",
      "scenario_id": "ETHUSDT-PERP.BINANCE-IRX-1759052760000000000-000058",
      "symbol": "ETHUSDT",
      "type": "MARKET_LEADERSHIP_REJECTED"
    },
    {
      "net_structural_r": "1.6686759043506745",
      "observed_ts_ns": 1759052760000000000,
      "reason": "GLOBAL_SLOT_OCCUPIED",
      "scenario_id": "SOLUSDT-PERP.BINANCE-IRX-1759052760000000000-000057",
      "symbol": "SOLUSDT",
      "type": "GLOBAL_CANDIDATE_REJECTED"
    },
    {
      "leader": "ETHUSDT",
      "net_structural_r": "1.787006823302358",
      "observed_ts_ns": 1759056420000000000,
      "peer_returns": {
        "BTCUSDT": -6.949816835744027e-05,
        "SOLUSDT": -0.000647829770269559,
        "XRPUSDT": -0.0006829864481110448
      },
      "reason": "LEADER_DIRECTIONAL_DISAGREEMENT",
      "scenario_id": "ETHUSDT-PERP.BINANCE-IRX-1759056420000000000-000059",
      "symbol": "ETHUSDT",
      "type": "MARKET_LEADERSHIP_REJECTED"
    },
    {
      "leader": "ETHUSDT",
      "net_structural_r": "1.4342936719036739",
      "observed_ts_ns": 1759065000000000000,
      "peer_returns": {
        "BTCUSDT": -0.00011245796540682029,
        "ETHUSDT": -0.0028290313697019176,
        "SOLUSDT": -0.009559848635730006
      },
      "reason": "FOLLOWER_FAR_PEER_DISAGREEMENT",
      "scenario_id": "XRPUSDT-PERP.BINANCE-LONDON_0200_0500_NY-R000285-LOW",
      "symbol": "XRPUSDT",
      "type": "MARKET_LEADERSHIP_REJECTED"
    },
    {
      "net_structural_r": "2.942915949488338",
      "observed_ts_ns": 1759066320000000000,
      "reason": "GLOBAL_SLOT_OCCUPIED",
      "scenario_id": "SOLUSDT-PERP.BINANCE-IRX-1759066320000000000-000058",
      "symbol": "SOLUSDT",
      "type": "GLOBAL_CANDIDATE_REJECTED"
    },
    {
      "net_structural_r": "4.2002318108814585",
      "observed_ts_ns": 1759082460000000000,
      "reason": "GLOBAL_SLOT_OCCUPIED",
      "scenario_id": "SOLUSDT-PERP.BINANCE-IRX-1759082460000000000-000059",
      "symbol": "SOLUSDT",
      "type": "GLOBAL_CANDIDATE_REJECTED"
    },
    {
      "leader": null,
      "net_structural_r": "4.027873926815526",
      "observed_ts_ns": 1759085700000000000,
      "peer_returns": {},
      "reason": "INVALID_SWEEP_CONFIRMATION_ORDER",
      "scenario_id": "SOLUSDT-PERP.BINANCE-IRX-1759085700000000000-000060",
      "symbol": "SOLUSDT",
      "type": "MARKET_LEADERSHIP_REJECTED"
    },
    {
      "leader": null,
      "net_structural_r": "4.067125169454018",
      "observed_ts_ns": 1759091760000000000,
      "peer_returns": {},
      "reason": "INVALID_SWEEP_CONFIRMATION_ORDER",
      "scenario_id": "SOLUSDT-PERP.BINANCE-IRX-1759091760000000000-000061",
      "symbol": "SOLUSDT",
      "type": "MARKET_LEADERSHIP_REJECTED"
    },
    {
      "net_structural_r": "4.339159139294791",
      "observed_ts_ns": 1759092420000000000,
      "reason": "GLOBAL_SLOT_OCCUPIED",
      "scenario_id": "SOLUSDT-PERP.BINANCE-IRX-1759092420000000000-000062",
      "symbol": "SOLUSDT",
      "type": "GLOBAL_CANDIDATE_REJECTED"
    }
  ],
  "closed_trade_max_drawdown": 0.329115016139,
  "closed_trades": 4,
  "complete_gate_passed": false,
  "daily_geometric_growth": -0.05542719276758291,
  "detected_events": 2045,
  "effective_maker_rate": "0.0004",
  "effective_taker_rate": "0.0008",
  "engine_errors": [
    {
      "event": "OrderRejected(instrument_id=XRPUSDT-PERP.BINANCE, client_order_id=O-20250922-121300-001-000-11, account_id=BINANCE-001, reason='STOP_MARKET BUY order stop px of 2.8110 was in the market: bid=2.8074, ask=2.8111', due_post_only=False, ts_event=1758543240000000000)",
      "type": "ORDER_REJECTED"
    },
    {
      "event": "OrderRejected(instrument_id=XRPUSDT-PERP.BINANCE, client_order_id=O-20250922-121300-001-000-12, account_id=BINANCE-001, reason='Contingent order O-20250922-121300-001-000-11 already closed', due_post_only=False, ts_event=1758543240000000000)",
      "type": "ORDER_REJECTED"
    }
  ],
  "evaluation_calendar_days": 7,
  "evaluation_end_exclusive": "2025-09-29",
  "evaluation_start": "2025-09-22",
  "event_log_error": null,
  "event_log_valid": true,
  "evidence_class": "NAUTILUS_ACCOUNT_NAV",
  "final_nav": "67088.49838610",
  "global_slot_overlap_count": 0,
  "instruments": [
    "BTCUSDT-PERP.BINANCE",
    "ETHUSDT-PERP.BINANCE",
    "SOLUSDT-PERP.BINANCE",
    "XRPUSDT-PERP.BINANCE"
  ],
  "leadership_rejection_counts": {
    "FOLLOWER_AAC_WITHOUT_LEADERSHIP": 2,
    "FOLLOWER_FAR_EVENT_LAGGARD": 3,
    "FOLLOWER_FAR_PEER_DISAGREEMENT": 11,
    "FOLLOWER_FAR_UNRESOLVED_ADVERSE_AUCTION": 2,
    "FOLLOWER_FAR_WEAK_LOCAL_DISPLACEMENT": 7,
    "INVALID_SWEEP_CONFIRMATION_ORDER": 28,
    "LEADER_DIRECTIONAL_DISAGREEMENT": 8,
    "LEADER_EVENT_RECOVERY_WITHOUT_DIRECTIONAL_SUPPORT": 2
  },
  "liquidation_detected": false,
  "losses": 4,
  "nautilus_result": {
    "iterations": 63360,
    "total_events": 41,
    "total_orders": 13,
    "total_positions": 4
  },
  "net_return": -0.329115016139,
  "partial_entry_fail_closed_count": 0,
  "payoff_ratio": null,
  "promising_gate_passed": false,
  "scenario_counts": {
    "AAC": 0,
    "FAR": 4
  },
  "skip_reasons": {
    "AAC_REQUIRES_INDEPENDENT_EXTERNAL_DRAW": 6,
    "AMBIGUOUS_EXTERNAL_DRAW": 1,
    "CONTINUATION_TARGET_NO_LONGER_LIVE": 6,
    "FOLLOWER_AAC_WITHOUT_LEADERSHIP": 2,
    "FOLLOWER_FAR_EVENT_LAGGARD": 3,
    "FOLLOWER_FAR_PEER_DISAGREEMENT": 11,
    "FOLLOWER_FAR_UNRESOLVED_ADVERSE_AUCTION": 2,
    "FOLLOWER_FAR_WEAK_LOCAL_DISPLACEMENT": 7,
    "FRAMED_TARGET_REACHED_BEFORE_CONFIRMATION": 15,
    "GLOBAL_SLOT_OCCUPIED": 57,
    "INSUFFICIENT_COSTED_STRUCTURAL_R": 16,
    "INVALID_SWEEP_CONFIRMATION_ORDER": 28,
    "LEADER_DIRECTIONAL_DISAGREEMENT": 8,
    "LEADER_EVENT_RECOVERY_WITHOUT_DIRECTIONAL_SUPPORT": 2,
    "NO_AGGRESSOR_FLOW_AT_SWEEP": 28,
    "NO_CAUSAL_INTERNAL_STRUCTURE": 1,
    "OUTSIDE_EVALUATION_WINDOW": 42,
    "SESSION_DECISION_WINDOW_EXPIRED": 96,
    "SWEEP_ACTIVITY_OR_PENETRATION": 32
  },
  "starting_nav": "100000",
  "submitted_plans": 4,
  "success_claim": false,
  "symbol_counts": {
    "BTCUSDT": 0,
    "ETHUSDT": 2,
    "SOLUSDT": 0,
    "XRPUSDT": 2
  },
  "week_id": "W9",
  "win_rate": 0.0,
  "wins": 0
}
/__w/SMC_ICT_4_LIVE/SMC_ICT_4_LIVE/research/candidate-11/run_leadership_scdam.py:828: Pandas4Warning: Timestamp.utcnow is deprecated and will be removed in a future version. Use Timestamp.now('UTC') instead.
  engine.run()
/__w/SMC_ICT_4_LIVE/SMC_ICT_4_LIVE/research/candidate-11/run_leadership_scdam.py:828: Pandas4Warning: Timestamp.utcnow is deprecated and will be removed in a future version. Use Timestamp.now('UTC') instead.
  engine.run()
{
  "all_closed_trades_won": false,
  "bars": 63360,
  "candidate": "candidate-11-market-leadership-scdam",
  "candidate_rejections": [
    {
      "leader": null,
      "net_structural_r": "3.102933022294615",
      "observed_ts_ns": 1729905540000000000,
      "peer_returns": {},
      "reason": "INVALID_SWEEP_CONFIRMATION_ORDER",
      "scenario_id": "SOLUSDT-PERP.BINANCE-IRX-1729905540000000000-000022",
      "symbol": "SOLUSDT",
      "type": "MARKET_LEADERSHIP_REJECTED"
    },
    {
      "leader": "BTCUSDT",
      "net_structural_r": "1.8532470050470315",
      "observed_ts_ns": 1729907820000000000,
      "peer_returns": {
        "BTCUSDT": 0.0003241077658322489,
        "SOLUSDT": -0.0008534503779564773,
        "XRPUSDT": 0.00019719976336030065
      },
      "reason": "FOLLOWER_FAR_PEER_DISAGREEMENT",
      "scenario_id": "ETHUSDT-PERP.BINANCE-IRX-1729907820000000000-000018",
      "symbol": "ETHUSDT",
      "type": "MARKET_LEADERSHIP_REJECTED"
    },
    {
      "leader": null,
      "net_structural_r": "2.327813219902409",
      "observed_ts_ns": 1729909860000000000,
      "peer_returns": {},
      "reason": "INVALID_SWEEP_CONFIRMATION_ORDER",
      "scenario_id": "ETHUSDT-PERP.BINANCE-IRX-1729909860000000000-000019",
      "symbol": "ETHUSDT",
      "type": "MARKET_LEADERSHIP_REJECTED"
    },
    {
      "leader": "BTCUSDT",
      "net_structural_r": "3.9154316996398757",
      "observed_ts_ns": 1729919580000000000,
      "peer_returns": {
        "BTCUSDT": 0.0009616088133537204,
        "ETHUSDT": 0.00043081550122958667,
        "XRPUSDT": -0.000777907429015845
      },
      "reason": "FOLLOWER_FAR_PEER_DISAGREEMENT",
      "scenario_id": "SOLUSDT-PERP.BINANCE-IRX-1729919580000000000-000023",
      "symbol": "SOLUSDT",
      "type": "MARKET_LEADERSHIP_REJECTED"
    },
    {
      "leader": "BTCUSDT",
      "net_structural_r": "2.393985407596568",
      "observed_ts_ns": 1729922460000000000,
      "peer_returns": {
        "BTCUSDT": 0.00020411234224138042,
        "ETHUSDT": -6.475504381076025e-05,
        "XRPUSDT": -0.0005847953216373547
      },
      "reason": "FOLLOWER_FAR_PEER_DISAGREEMENT",
      "scenario_id": "SOLUSDT-PERP.BINANCE-IRX-1729922460000000000-000024",
      "symbol": "SOLUSDT",
      "type": "MARKET_LEADERSHIP_REJECTED"
    },
    {
      "leader": "BTCUSDT",
      "net_structural_r": "3.547669166331676",
      "observed_ts_ns": 1729927860000000000,
      "peer_returns": {
        "BTCUSDT": 0.000404402767249179,
        "ETHUSDT": 0.0006485058021004075,
        "XRPUSDT": 0.0
      },
      "reason": "FOLLOWER_FAR_PEER_DISAGREEMENT",
      "scenario_id": "SOLUSDT-PERP.BINANCE-IRX-1729927860000000000-000025",
      "symbol": "SOLUSDT",
      "type": "MARKET_LEADERSHIP_REJECTED"
    },
    {
      "leader": null,
      "net_structural_r": "3.129092991306307",
      "observed_ts_ns": 1729929540000000000,
      "peer_returns": {},
      "reason": "INVALID_SWEEP_CONFIRMATION_ORDER",
      "scenario_id": "SOLUSDT-PERP.BINANCE-IRX-1729929540000000000-000026",
      "symbol": "SOLUSDT",
      "type": "MARKET_LEADERSHIP_REJECTED"
    },
    {
      "leader": "BTCUSDT",
      "net_structural_r": "4.412411494171518",
      "observed_ts_ns": 1729939920000000000,
      "peer_returns": {
        "BTCUSDT": 0.00025949544540759817,
        "ETHUSDT": 0.0003362842614913486,
        "XRPUSDT": -0.0001946282600233662
      },
      "reason": "FOLLOWER_FAR_PEER_DISAGREEMENT",
      "scenario_id": "SOLUSDT-PERP.BINANCE-IRX-1729939920000000000-000029",
      "symbol": "SOLUSDT",
      "type": "MARKET_LEADERSHIP_REJECTED"
    },
    {
      "leader": "BTCUSDT",
      "net_structural_r": "1.8273632914155367",
      "observed_ts_ns": 1729940700000000000,
      "peer_returns": {
        "BTCUSDT": -0.0032528358151209247,
        "ETHUSDT": -0.003853471153496546,
        "XRPUSDT": -0.00233281493001547
      },
      "reason": "FOLLOWER_FAR_EVENT_LAGGARD",
      "scenario_id": "SOLUSDT-PERP.BINANCE-LONDON_0200_0500_NY-R000117-HIGH",
      "symbol": "SOLUSDT",
      "type": "MARKET_LEADERSHIP_REJECTED"
    },
    {
      "leader": null,
      "net_structural_r": "1.6337200889671726",
      "observed_ts_ns": 1729952280000000000,
      "peer_returns": {},
      "reason": "INVALID_SWEEP_CONFIRMATION_ORDER",
      "scenario_id": "SOLUSDT-PERP.BINANCE-IRX-1729952280000000000-000030",
      "symbol": "SOLUSDT",
      "type": "MARKET_LEADERSHIP_REJECTED"
    },
    {
      "leader": "BTCUSDT",
      "net_structural_r": "1.328624363717171",
      "observed_ts_ns": 1729958460000000000,
      "peer_returns": {
        "BTCUSDT": -0.00016449606630086766,
        "ETHUSDT": 0.00023607272668058066,
        "SOLUSDT": 0.0002965071458223001
      },
      "reason": "FOLLOWER_FAR_PEER_DISAGREEMENT",
      "scenario_id": "XRPUSDT-PERP.BINANCE-IRX-1729958460000000000-000008",
      "symbol": "XRPUSDT",
      "type": "MARKET_LEADERSHIP_REJECTED"
    },
    {
      "leader": null,
      "net_structural_r": "1.410633207964083",
      "observed_ts_ns": 1729985340000000000,
      "peer_returns": {},
      "reason": "INVALID_SWEEP_CONFIRMATION_ORDER",
      "scenario_id": "XRPUSDT-PERP.BINANCE-IRX-1729985340000000000-000009",
      "symbol": "XRPUSDT",
      "type": "MARKET_LEADERSHIP_REJECTED"
    },
    {
      "net_structural_r": "1.9431752854711322",
      "observed_ts_ns": 1729989540000000000,
      "reason": "GLOBAL_SLOT_OCCUPIED",
      "scenario_id": "SOLUSDT-PERP.BINANCE-US_LATE_1600_2000_NY-R000124-LOW",
      "symbol": "SOLUSDT",
      "type": "GLOBAL_CANDIDATE_REJECTED"
    },
    {
      "leader": "BTCUSDT",
      "net_structural_r": "1.5520747641868797",
      "observed_ts_ns": 1730001240000000000,
      "peer_returns": {
        "BTCUSDT": 0.0033107101473266454,
        "SOLUSDT": 0.008610590440487398,
        "XRPUSDT": 0.007213881848313397
      },
      "reason": "FOLLOWER_FAR_EVENT_LAGGARD",
      "scenario_id": "ETHUSDT-PERP.BINANCE-US_LATE_1600_2000_NY-R000124-LOW",
      "symbol": "ETHUSDT",
      "type": "MARKET_LEADERSHIP_REJECTED"
    },
    {
      "leader": null,
      "net_structural_r": "3.1594046014560826",
      "observed_ts_ns": 1730003940000000000,
      "peer_returns": {},
      "reason": "INVALID_SWEEP_CONFIRMATION_ORDER",
      "scenario_id": "SOLUSDT-PERP.BINANCE-IRX-1730003940000000000-000034",
      "symbol": "SOLUSDT",
      "type": "MARKET_LEADERSHIP_REJECTED"
    },
    {
      "leader": "BTCUSDT",
      "net_structural_r": "1.300713308744772",
      "observed_ts_ns": 1730049180000000000,
      "peer_returns": {
        "BTCUSDT": 4.428750265716985e-05,
        "SOLUSDT": 0.00011317338162064594,
        "XRPUSDT": -0.00038774718883305415
      },
      "reason": "FOLLOWER_FAR_PEER_DISAGREEMENT",
      "scenario_id": "ETHUSDT-PERP.BINANCE-IRX-1730049180000000000-000026",
      "symbol": "ETHUSDT",
      "type": "MARKET_LEADERSHIP_REJECTED"
    },
    {
      "leader": null,
      "net_structural_r": "1.3572011741578633",
      "observed_ts_ns": 1730063400000000000,
      "peer_returns": {},
      "reason": "INVALID_SWEEP_CONFIRMATION_ORDER",
      "scenario_id": "ETHUSDT-PERP.BINANCE-IRX-1730063400000000000-000027",
      "symbol": "ETHUSDT",
      "type": "MARKET_LEADERSHIP_REJECTED"
    },
    {
      "leader": null,
      "net_structural_r": "2.049192934958685",
      "observed_ts_ns": 1730063700000000000,
      "peer_returns": {},
      "reason": "INVALID_SWEEP_CONFIRMATION_ORDER",
      "scenario_id": "SOLUSDT-PERP.BINANCE-IRX-1730063700000000000-000038",
      "symbol": "SOLUSDT",
      "type": "MARKET_LEADERSHIP_REJECTED"
    },
    {
      "leader": "BTCUSDT",
      "net_structural_r": "2.2174574158510536",
      "observed_ts_ns": 1730068140000000000,
      "peer_returns": {
        "BTCUSDT": 0.0018429122709200385,
        "ETHUSDT": 0.0019887660520412354,
        "XRPUSDT": 0.0013560635412630528
      },
      "reason": "FOLLOWER_FAR_EVENT_LAGGARD",
      "scenario_id": "SOLUSDT-PERP.BINANCE-IRX-1730068140000000000-000039",
      "symbol": "SOLUSDT",
      "type": "MARKET_LEADERSHIP_REJECTED"
    },
    {
      "net_structural_r": "2.378718495882608",
      "observed_ts_ns": 1730068980000000000,
      "reason": "GLOBAL_SLOT_OCCUPIED",
      "scenario_id": "BTCUSDT-PERP.BINANCE-IRX-1730068980000000000-000018",
      "symbol": "BTCUSDT",
      "type": "GLOBAL_CANDIDATE_REJECTED"
    },
    {
      "net_structural_r": "3.3619928677259465",
      "observed_ts_ns": 1730070060000000000,
      "reason": "GLOBAL_SLOT_OCCUPIED",
      "scenario_id": "ETHUSDT-PERP.BINANCE-IRX-1730070060000000000-000029",
      "symbol": "ETHUSDT",
      "type": "GLOBAL_CANDIDATE_REJECTED"
    },
    {
      "leader": "BTCUSDT",
      "net_structural_r": "1.4847652001744658",
      "observed_ts_ns": 1730072460000000000,
      "peer_returns": {
        "BTCUSDT": -0.00019243085709574892,
        "ETHUSDT": -0.00017521852537683014,
        "XRPUSDT": -0.00019327406262081848
      },
      "reason": "FOLLOWER_FAR_WEAK_LOCAL_DISPLACEMENT",
      "scenario_id": "SOLUSDT-PERP.BINANCE-IRX-1730072460000000000-000041",
      "symbol": "SOLUSDT",
      "type": "MARKET_LEADERSHIP_REJECTED"
    },
    {
      "leader": "BTCUSDT",
      "net_structural_r": "1.7072079305504237",
      "observed_ts_ns": 1730076060000000000,
      "peer_returns": {
        "BTCUSDT": -0.001260294117647054,
        "SOLUSDT": -0.0010183875530410669,
        "XRPUSDT": -0.0009680542110357404
      },
      "reason": "FOLLOWER_FAR_EVENT_LAGGARD",
      "scenario_id": "ETHUSDT-PERP.BINANCE-IRX-1730076060000000000-000030",
      "symbol": "ETHUSDT",
      "type": "MARKET_LEADERSHIP_REJECTED"
    },
    {
      "leader": null,
      "net_structural_r": "1.9307831351868523",
      "observed_ts_ns": 1730093820000000000,
      "peer_returns": {},
      "reason": "INVALID_SWEEP_CONFIRMATION_ORDER",
      "scenario_id": "ETHUSDT-PERP.BINANCE-IRX-1730093820000000000-000032",
      "symbol": "ETHUSDT",
      "type": "MARKET_LEADERSHIP_REJECTED"
    },
    {
      "leader": "BTCUSDT",
      "net_structural_r": "1.8609606006335875",
      "observed_ts_ns": 1730102640000000000,
      "peer_returns": {
        "BTCUSDT": 0.001076098907525802,
        "ETHUSDT": 0.0011110624385231027,
        "XRPUSDT": 0.0013563262933540265
      },
      "reason": "FOLLOWER_FAR_WEAK_LOCAL_DISPLACEMENT",
      "scenario_id": "SOLUSDT-PERP.BINANCE-IRX-1730102640000000000-000043",
      "symbol": "SOLUSDT",
      "type": "MARKET_LEADERSHIP_REJECTED"
    },
    {
      "leader": "BTCUSDT",
      "net_structural_r": "1.4283541389703738",
      "observed_ts_ns": 1730112660000000000,
      "peer_returns": {
        "BTCUSDT": -0.0006884826889543838,
        "ETHUSDT": -0.0004260186974872626,
        "XRPUSDT": -0.0011576307158015497
      },
      "reason": "FOLLOWER_FAR_PEER_DISAGREEMENT",
      "scenario_id": "SOLUSDT-PERP.BINANCE-IRX-1730112660000000000-000045",
      "symbol": "SOLUSDT",
      "type": "MARKET_LEADERSHIP_REJECTED"
    },
    {
      "net_structural_r": "2.6473275776943708",
      "observed_ts_ns": 1730127180000000000,
      "reason": "GLOBAL_SLOT_OCCUPIED",
      "scenario_id": "SOLUSDT-PERP.BINANCE-IRX-1730127180000000000-000046",
      "symbol": "SOLUSDT",
      "type": "GLOBAL_CANDIDATE_REJECTED"
    },
    {
      "leader": null,
      "net_structural_r": "2.358370682884091",
      "observed_ts_ns": 1730134140000000000,
      "peer_returns": {},
      "reason": "INVALID_SWEEP_CONFIRMATION_ORDER",
      "scenario_id": "BTCUSDT-PERP.BINANCE-IRX-1730134140000000000-000019",
      "symbol": "BTCUSDT",
      "type": "MARKET_LEADERSHIP_REJECTED"
    },
    {
      "leader": null,
      "net_structural_r": "1.2826892875321576",
      "observed_ts_ns": 1730135400000000000,
      "peer_returns": {},
      "reason": "INVALID_SWEEP_CONFIRMATION_ORDER",
      "scenario_id": "BTCUSDT-PERP.BINANCE-IRX-1730135400000000000-000020",
      "symbol": "BTCUSDT",
      "type": "MARKET_LEADERSHIP_REJECTED"
    },
    {
      "leader": "BTCUSDT",
      "net_structural_r": "1.3480066025513093",
      "observed_ts_ns": 1730139840000000000,
      "peer_returns": {
        "ETHUSDT": -0.003548066523254123,
        "SOLUSDT": -0.002222982216142144,
        "XRPUSDT": -0.00271633682576633
      },
      "reason": "LEADER_EVENT_RECOVERY_WITHOUT_DIRECTIONAL_SUPPORT",
      "scenario_id": "BTCUSDT-PERP.BINANCE-LONDON_CLOSE_1000_1200_NY-R000177-HIGH",
      "symbol": "BTCUSDT",
      "type": "MARKET_LEADERSHIP_REJECTED"
    },
    {
      "net_structural_r": "1.416723119554032",
      "observed_ts_ns": 1730156940000000000,
      "reason": "GLOBAL_SLOT_OCCUPIED",
      "scenario_id": "SOLUSDT-PERP.BINANCE-IRX-1730156940000000000-000047",
      "symbol": "SOLUSDT",
      "type": "GLOBAL_CANDIDATE_REJECTED"
    },
    {
      "leader": null,
      "net_structural_r": "3.319000940372473",
      "observed_ts_ns": 1730166960000000000,
      "peer_returns": {},
      "reason": "INVALID_SWEEP_CONFIRMATION_ORDER",
      "scenario_id": "ETHUSDT-PERP.BINANCE-IRX-1730166960000000000-000035",
      "symbol": "ETHUSDT",
      "type": "MARKET_LEADERSHIP_REJECTED"
    },
    {
      "leader": "BTCUSDT",
      "net_structural_r": "2.6552731118301014",
      "observed_ts_ns": 1730170860000000000,
      "peer_returns": {
        "BTCUSDT": 0.0009681494294382365,
        "ETHUSDT": 0.0010223735147820712,
        "SOLUSDT": 0.0010508849557522293
      },
      "reason": "FOLLOWER_FAR_WEAK_LOCAL_DISPLACEMENT",
      "scenario_id": "XRPUSDT-PERP.BINANCE-IRX-1730170860000000000-000011",
      "symbol": "XRPUSDT",
      "type": "MARKET_LEADERSHIP_REJECTED"
    },
    {
      "leader": "BTCUSDT",
      "net_structural_r": "1.6231035963925702",
      "observed_ts_ns": 1730191980000000000,
      "peer_returns": {
        "BTCUSDT": 0.00045141584258656664,
        "ETHUSDT": 0.0007963209211412359,
        "XRPUSDT": 0.0005720823798629482
      },
      "reason": "FOLLOWER_FAR_WEAK_LOCAL_DISPLACEMENT",
      "scenario_id": "SOLUSDT-PERP.BINANCE-IRX-1730191980000000000-000049",
      "symbol": "SOLUSDT",
      "type": "MARKET_LEADERSHIP_REJECTED"
    },
    {
      "leader": "BTCUSDT",
      "net_structural_r": "2.0637257492643455",
      "observed_ts_ns": 1730203200000000000,
      "peer_returns": {
        "BTCUSDT": -0.0009718974794992175,
        "ETHUSDT": 0.00034978860601642126,
        "SOLUSDT": -0.00022127565414631345
      },
      "reason": "FOLLOWER_FAR_PEER_DISAGREEMENT",
      "scenario_id": "XRPUSDT-PERP.BINANCE-IRX-1730203200000000000-000012",
      "symbol": "XRPUSDT",
      "type": "MARKET_LEADERSHIP_REJECTED"
    },
    {
      "leader": "BTCUSDT",
      "net_structural_r": "2.2514708033410566",
      "observed_ts_ns": 1730211120000000000,
      "peer_returns": {
        "BTCUSDT": 0.0007846038937013855,
        "ETHUSDT": 0.001189209726443874,
        "SOLUSDT": 0.0010610968390483144
      },
      "reason": "FOLLOWER_FAR_EVENT_LAGGARD",
      "scenario_id": "XRPUSDT-PERP.BINANCE-IRX-1730211120000000000-000013",
      "symbol": "XRPUSDT",
      "type": "MARKET_LEADERSHIP_REJECTED"
    },
    {
      "net_structural_r": "1.9201816602339314",
      "observed_ts_ns": 1730216520000000000,
      "reason": "GLOBAL_SLOT_OCCUPIED",
      "scenario_id": "SOLUSDT-PERP.BINANCE-IRX-1730216520000000000-000053",
      "symbol": "SOLUSDT",
      "type": "GLOBAL_CANDIDATE_REJECTED"
    },
    {
      "leader": "BTCUSDT",
      "net_structural_r": "1.9827432022716367",
      "observed_ts_ns": 1730219760000000000,
      "peer_returns": {
        "BTCUSDT": -3.5829748061599886e-05,
        "ETHUSDT": 0.00025333398872473545,
        "XRPUSDT": 0.00037900322152761845
      },
      "reason": "FOLLOWER_FAR_PEER_DISAGREEMENT",
      "scenario_id": "SOLUSDT-PERP.BINANCE-IRX-1730219760000000000-000054",
      "symbol": "SOLUSDT",
      "type": "MARKET_LEADERSHIP_REJECTED"
    },
    {
      "leader": "BTCUSDT",
      "net_structural_r": "1.5105765703498066",
      "observed_ts_ns": 1730227440000000000,
      "peer_returns": {
        "BTCUSDT": -0.0010134098777334621,
        "ETHUSDT": -0.0009507239405817103,
        "XRPUSDT": 0.00018875047187605354
      },
      "reason": "FOLLOWER_FAR_PEER_DISAGREEMENT",
      "scenario_id": "SOLUSDT-PERP.BINANCE-IRX-1730227440000000000-000056",
      "symbol": "SOLUSDT",
      "type": "MARKET_LEADERSHIP_REJECTED"
    },
    {
      "leader": "BTCUSDT",
      "net_structural_r": "2.40130203546812",
      "observed_ts_ns": 1730232000000000000,
      "peer_returns": {
        "BTCUSDT": -0.00559389935916943,
        "ETHUSDT": -0.002925420766688114,
        "SOLUSDT": -0.0029665286018134562
      },
      "reason": "FOLLOWER_FAR_EVENT_LAGGARD",
      "scenario_id": "XRPUSDT-PERP.BINANCE-IRX-1730232000000000000-000014",
      "symbol": "XRPUSDT",
      "type": "MARKET_LEADERSHIP_REJECTED"
    },
    {
      "leader": "BTCUSDT",
      "net_structural_r": "4.990077977741977",
      "observed_ts_ns": 1730235720000000000,
      "peer_returns": {
        "BTCUSDT": -0.0016983113616890755,
        "ETHUSDT": -0.0022717656879523984,
        "XRPUSDT": 0.0
      },
      "reason": "FOLLOWER_FAR_PEER_DISAGREEMENT",
      "scenario_id": "SOLUSDT-PERP.BINANCE-IRX-1730235720000000000-000057",
      "symbol": "SOLUSDT",
      "type": "MARKET_LEADERSHIP_REJECTED"
    },
    {
      "net_structural_r": "1.5971448574568519",
      "observed_ts_ns": 1730244060000000000,
      "reason": "GLOBAL_SLOT_OCCUPIED",
      "scenario_id": "ETHUSDT-PERP.BINANCE-IRX-1730244060000000000-000038",
      "symbol": "ETHUSDT",
      "type": "GLOBAL_CANDIDATE_REJECTED"
    },
    {
      "leader": "BTCUSDT",
      "net_structural_r": "2.949680728566027",
      "observed_ts_ns": 1730255580000000000,
      "peer_returns": {
        "BTCUSDT": 0.0013171592437239976,
        "ETHUSDT": 0.0014674209791907256,
        "XRPUSDT": -0.00019040365575018203
      },
      "reason": "FOLLOWER_FAR_PEER_DISAGREEMENT",
      "scenario_id": "SOLUSDT-PERP.BINANCE-IRX-1730255580000000000-000058",
      "symbol": "SOLUSDT",
      "type": "MARKET_LEADERSHIP_REJECTED"
    },
    {
      "net_structural_r": "3.2299691116657905",
      "observed_ts_ns": 1730265960000000000,
      "reason": "GLOBAL_SLOT_OCCUPIED",
      "scenario_id": "SOLUSDT-PERP.BINANCE-IRX-1730265960000000000-000059",
      "symbol": "SOLUSDT",
      "type": "GLOBAL_CANDIDATE_REJECTED"
    },
    {
      "net_structural_r": "2.7320521007429734",
      "observed_ts_ns": 1730283360000000000,
      "reason": "GLOBAL_SLOT_OCCUPIED",
      "scenario_id": "SOLUSDT-PERP.BINANCE-IRX-1730283360000000000-000060",
      "symbol": "SOLUSDT",
      "type": "GLOBAL_CANDIDATE_REJECTED"
    },
    {
      "leader": "BTCUSDT",
      "net_structural_r": "1.3276948465319636",
      "observed_ts_ns": 1730286180000000000,
      "peer_returns": {
        "BTCUSDT": -0.002192117207223232,
        "SOLUSDT": -0.005225893459204323,
        "XRPUSDT": -0.002855511136493294
      },
      "reason": "FOLLOWER_FAR_WEAK_LOCAL_DISPLACEMENT",
      "scenario_id": "ETHUSDT-PERP.BINANCE-LONDON_0200_0500_NY-R000229-HIGH",
      "symbol": "ETHUSDT",
      "type": "MARKET_LEADERSHIP_REJECTED"
    },
    {
      "net_structural_r": "1.8984817017469697",
      "observed_ts_ns": 1730290560000000000,
      "reason": "GLOBAL_SLOT_OCCUPIED",
      "scenario_id": "BTCUSDT-PERP.BINANCE-IRX-1730290560000000000-000023",
      "symbol": "BTCUSDT",
      "type": "GLOBAL_CANDIDATE_REJECTED"
    },
    {
      "net_structural_r": "4.256015337157437",
      "observed_ts_ns": 1730293260000000000,
      "reason": "GLOBAL_SLOT_OCCUPIED",
      "scenario_id": "SOLUSDT-PERP.BINANCE-IRX-1730293260000000000-000061",
      "symbol": "SOLUSDT",
      "type": "GLOBAL_CANDIDATE_REJECTED"
    },
    {
      "net_structural_r": "1.674532673550863",
      "observed_ts_ns": 1730293500000000000,
      "reason": "GLOBAL_SLOT_OCCUPIED",
      "scenario_id": "XRPUSDT-PERP.BINANCE-IRX-1730293500000000000-000015",
      "symbol": "XRPUSDT",
      "type": "GLOBAL_CANDIDATE_REJECTED"
    },
    {
      "leader": "BTCUSDT",
      "net_structural_r": "1.678977655032946",
      "observed_ts_ns": 1730293980000000000,
      "peer_returns": {
        "BTCUSDT": 5.290136123559108e-05,
        "ETHUSDT": 0.0011734640659226692,
        "XRPUSDT": 0.0007677543186179747
      },
      "reason": "FOLLOWER_FAR_EVENT_LAGGARD",
      "scenario_id": "SOLUSDT-PERP.BINANCE-IRX-1730293980000000000-000062",
      "symbol": "SOLUSDT",
      "type": "MARKET_LEADERSHIP_REJECTED"
    },
    {
      "net_structural_r": "1.744089888819718",
      "observed_ts_ns": 1730298780000000000,
      "reason": "GLOBAL_SLOT_OCCUPIED",
      "scenario_id": "BTCUSDT-PERP.BINANCE-IRX-1730298780000000000-000024",
      "symbol": "BTCUSDT",
      "type": "GLOBAL_CANDIDATE_REJECTED"
    },
    {
      "net_structural_r": "3.076730828757016",
      "observed_ts_ns": 1730299800000000000,
      "reason": "GLOBAL_SLOT_OCCUPIED",
      "scenario_id": "XRPUSDT-PERP.BINANCE-IRX-1730299800000000000-000016",
      "symbol": "XRPUSDT",
      "type": "GLOBAL_CANDIDATE_REJECTED"
    },
    {
      "net_structural_r": "1.3711189176274232",
      "observed_ts_ns": 1730300160000000000,
      "reason": "GLOBAL_SLOT_OCCUPIED",
      "scenario_id": "BTCUSDT-PERP.BINANCE-IRX-1730300160000000000-000025",
      "symbol": "BTCUSDT",
      "type": "GLOBAL_CANDIDATE_REJECTED"
    },
    {
      "leader": "BTCUSDT",
      "net_structural_r": "2.515018096260531",
      "observed_ts_ns": 1730301060000000000,
      "peer_returns": {
        "BTCUSDT": 0.0008174299945458152,
        "SOLUSDT": -0.010944765793353795,
        "XRPUSDT": -0.0001908396946564972
      },
      "reason": "FOLLOWER_FAR_PEER_DISAGREEMENT",
      "scenario_id": "ETHUSDT-PERP.BINANCE-NYAM_0700_1000_NY-R000232-HIGH",
      "symbol": "ETHUSDT",
      "type": "MARKET_LEADERSHIP_REJECTED"
    },
    {
      "net_structural_r": "2.309350577297371",
      "observed_ts_ns": 1730302560000000000,
      "reason": "GLOBAL_SLOT_OCCUPIED",
      "scenario_id": "SOLUSDT-PERP.BINANCE-IRX-1730302560000000000-000063",
      "symbol": "SOLUSDT",
      "type": "GLOBAL_CANDIDATE_REJECTED"
    },
    {
      "leader": null,
      "net_structural_r": "2.6817568315932383",
      "observed_ts_ns": 1730305860000000000,
      "peer_returns": {},
      "reason": "INVALID_SWEEP_CONFIRMATION_ORDER",
      "scenario_id": "SOLUSDT-PERP.BINANCE-IRX-1730305860000000000-000064",
      "symbol": "SOLUSDT",
      "type": "MARKET_LEADERSHIP_REJECTED"
    },
    {
      "leader": "BTCUSDT",
      "net_structural_r": "1.9370448701686973",
      "observed_ts_ns": 1730310120000000000,
      "peer_returns": {
        "BTCUSDT": 0.00021880130333107317,
        "ETHUSDT": -0.0002658777711204152,
        "XRPUSDT": 0.0007656967840736773
      },
      "reason": "FOLLOWER_FAR_PEER_DISAGREEMENT",
      "scenario_id": "SOLUSDT-PERP.BINANCE-IRX-1730310120000000000-000065",
      "symbol": "SOLUSDT",
      "type": "MARKET_LEADERSHIP_REJECTED"
    },
    {
      "net_structural_r": "2.0667468717366537",
      "observed_ts_ns": 1730314920000000000,
      "reason": "GLOBAL_SLOT_OCCUPIED",
      "scenario_id": "BTCUSDT-PERP.BINANCE-IRX-1730314920000000000-000026",
      "symbol": "BTCUSDT",
      "type": "GLOBAL_CANDIDATE_REJECTED"
    },
    {
      "leader": null,
      "net_structural_r": "2.2369199475986106",
      "observed_ts_ns": 1730318880000000000,
      "peer_returns": {},
      "reason": "INVALID_SWEEP_CONFIRMATION_ORDER",
      "scenario_id": "SOLUSDT-PERP.BINANCE-IRX-1730318880000000000-000066",
      "symbol": "SOLUSDT",
      "type": "MARKET_LEADERSHIP_REJECTED"
    },
    {
      "leader": null,
      "net_structural_r": "6.933731719370843",
      "observed_ts_ns": 1730320440000000000,
      "peer_returns": {},
      "reason": "INVALID_SWEEP_CONFIRMATION_ORDER",
      "scenario_id": "SOLUSDT-PERP.BINANCE-IRX-1730320440000000000-000067",
      "symbol": "SOLUSDT",
      "type": "MARKET_LEADERSHIP_REJECTED"
    },
    {
      "net_structural_r": "2.848916713885136",
      "observed_ts_ns": 1730329020000000000,
      "reason": "GLOBAL_SLOT_OCCUPIED",
      "scenario_id": "SOLUSDT-PERP.BINANCE-IRX-1730329020000000000-000068",
      "symbol": "SOLUSDT",
      "type": "GLOBAL_CANDIDATE_REJECTED"
    },
    {
      "net_structural_r": "1.7813389188686122",
      "observed_ts_ns": 1730340060000000000,
      "reason": "GLOBAL_SLOT_OCCUPIED",
      "scenario_id": "XRPUSDT-PERP.BINANCE-IRX-1730340060000000000-000017",
      "symbol": "XRPUSDT",
      "type": "GLOBAL_CANDIDATE_REJECTED"
    },
    {
      "leader": "BTCUSDT",
      "net_structural_r": "2.8405609824296145",
      "observed_ts_ns": 1730343480000000000,
      "peer_returns": {
        "BTCUSDT": 0.001584827622385765,
        "ETHUSDT": 0.0012114098252109518,
        "XRPUSDT": 0.0007661367554108178
      },
      "reason": "FOLLOWER_FAR_WEAK_LOCAL_DISPLACEMENT",
      "scenario_id": "SOLUSDT-PERP.BINANCE-IRX-1730343480000000000-000069",
      "symbol": "SOLUSDT",
      "type": "MARKET_LEADERSHIP_REJECTED"
    },
    {
      "leader": null,
      "net_structural_r": "2.2545902865450795",
      "observed_ts_ns": 1730344140000000000,
      "peer_returns": {},
      "reason": "INVALID_SWEEP_CONFIRMATION_ORDER",
      "scenario_id": "SOLUSDT-PERP.BINANCE-IRX-1730344140000000000-000070",
      "symbol": "SOLUSDT",
      "type": "MARKET_LEADERSHIP_REJECTED"
    },
    {
      "leader": null,
      "net_structural_r": "3.1763284554137323",
      "observed_ts_ns": 1730349240000000000,
      "peer_returns": {},
      "reason": "INVALID_SWEEP_CONFIRMATION_ORDER",
      "scenario_id": "SOLUSDT-PERP.BINANCE-IRX-1730349240000000000-000071",
      "symbol": "SOLUSDT",
      "type": "MARKET_LEADERSHIP_REJECTED"
    },
    {
      "leader": "BTCUSDT",
      "net_structural_r": "2.0286706866212962",
      "observed_ts_ns": 1730354520000000000,
      "peer_returns": {
        "BTCUSDT": 2.9044036291336894e-05,
        "ETHUSDT": -3.0188793165186745e-05,
        "XRPUSDT": -0.00038395085429066
      },
      "reason": "FOLLOWER_FAR_PEER_DISAGREEMENT",
      "scenario_id": "SOLUSDT-PERP.BINANCE-IRX-1730354520000000000-000072",
      "symbol": "SOLUSDT",
      "type": "MARKET_LEADERSHIP_REJECTED"
    },
    {
      "leader": "BTCUSDT",
      "net_structural_r": "3.2393864071244804",
      "observed_ts_ns": 1730374140000000000,
      "peer_returns": {
        "BTCUSDT": 0.0007429399947982418,
        "ETHUSDT": 0.0012390396302643936,
        "SOLUSDT": 0.0006864595846920452
      },
      "reason": "FOLLOWER_FAR_EVENT_LAGGARD",
      "scenario_id": "XRPUSDT-PERP.BINANCE-IRX-1730374140000000000-000018",
      "symbol": "XRPUSDT",
      "type": "MARKET_LEADERSHIP_REJECTED"
    },
    {
      "leader": "BTCUSDT",
      "net_structural_r": "3.3546459602584053",
      "observed_ts_ns": 1730378160000000000,
      "peer_returns": {
        "ETHUSDT": -0.0011902911664475324,
        "SOLUSDT": -0.001602013960407378,
        "XRPUSDT": -0.0007714561234328787
      },
      "reason": "LEADER_DIRECTIONAL_DISAGREEMENT",
      "scenario_id": "BTCUSDT-PERP.BINANCE-IRX-1730378160000000000-000027",
      "symbol": "BTCUSDT",
      "type": "MARKET_LEADERSHIP_REJECTED"
    },
    {
      "leader": "BTCUSDT",
      "net_structural_r": "3.22592919792586",
      "observed_ts_ns": 1730385660000000000,
      "peer_returns": {
        "BTCUSDT": -0.0025990601775908173,
        "ETHUSDT": -0.0025341585892795226,
        "SOLUSDT": -0.002925345190732509
      },
      "reason": "FOLLOWER_FAR_EVENT_LAGGARD",
      "scenario_id": "XRPUSDT-PERP.BINANCE-IRX-1730385660000000000-000019",
      "symbol": "XRPUSDT",
      "type": "MARKET_LEADERSHIP_REJECTED"
    },
    {
      "leader": "BTCUSDT",
      "net_structural_r": "2.2176675715071714",
      "observed_ts_ns": 1730387580000000000,
      "peer_returns": {
        "ETHUSDT": -0.0015343814378789844,
        "SOLUSDT": -0.0022761760242793194,
        "XRPUSDT": -0.0011723329425558093
      },
      "reason": "LEADER_EVENT_RECOVERY_WITHOUT_DIRECTIONAL_SUPPORT",
      "scenario_id": "BTCUSDT-PERP.BINANCE-IRX-1730387580000000000-000028",
      "symbol": "BTCUSDT",
      "type": "MARKET_LEADERSHIP_REJECTED"
    },
    {
      "net_structural_r": "2.061780839892914",
      "observed_ts_ns": 1730389680000000000,
      "reason": "GLOBAL_SLOT_OCCUPIED",
      "scenario_id": "BTCUSDT-PERP.BINANCE-NYAM_0700_1000_NY-R000260-LOW",
      "symbol": "BTCUSDT",
      "type": "GLOBAL_CANDIDATE_REJECTED"
    },
    {
      "leader": "BTCUSDT",
      "net_structural_r": "1.55440428722638",
      "observed_ts_ns": 1730393520000000000,
      "peer_returns": {
        "BTCUSDT": -0.0006471095772215829,
        "ETHUSDT": -0.0003169969043882448,
        "XRPUSDT": 0.004514229636899181
      },
      "reason": "FOLLOWER_FAR_PEER_DISAGREEMENT",
      "scenario_id": "SOLUSDT-PERP.BINANCE-IRX-1730393520000000000-000073",
      "symbol": "SOLUSDT",
      "type": "MARKET_LEADERSHIP_REJECTED"
    },
    {
      "net_structural_r": "1.9792230529988013",
      "observed_ts_ns": 1730397660000000000,
      "reason": "GLOBAL_SLOT_OCCUPIED",
      "scenario_id": "SOLUSDT-PERP.BINANCE-IRX-1730397660000000000-000074",
      "symbol": "SOLUSDT",
      "type": "GLOBAL_CANDIDATE_REJECTED"
    },
    {
      "leader": "BTCUSDT",
      "net_structural_r": "2.834412017761044",
      "observed_ts_ns": 1730399640000000000,
      "peer_returns": {
        "BTCUSDT": -0.0034495137902507134,
        "ETHUSDT": -0.005047468354430484,
        "SOLUSDT": -0.005534294966146547
      },
      "reason": "FOLLOWER_FAR_EVENT_LAGGARD",
      "scenario_id": "XRPUSDT-PERP.BINANCE-IRX-1730399640000000000-000020",
      "symbol": "XRPUSDT",
      "type": "MARKET_LEADERSHIP_REJECTED"
    },
    {
      "leader": "BTCUSDT",
      "net_structural_r": "1.3443718645854636",
      "observed_ts_ns": 1730403120000000000,
      "peer_returns": {
        "BTCUSDT": -0.000907997185208731,
        "ETHUSDT": 0.0005754744687775926,
        "SOLUSDT": -0.00011809861234124419
      },
      "reason": "FOLLOWER_FAR_PEER_DISAGREEMENT",
      "scenario_id": "XRPUSDT-PERP.BINANCE-IRX-1730403120000000000-000021",
      "symbol": "XRPUSDT",
      "type": "MARKET_LEADERSHIP_REJECTED"
    },
    {
      "net_structural_r": "3.8081215279542393",
      "observed_ts_ns": 1730405040000000000,
      "reason": "GLOBAL_SLOT_OCCUPIED",
      "scenario_id": "XRPUSDT-PERP.BINANCE-IRX-1730405040000000000-000022",
      "symbol": "XRPUSDT",
      "type": "GLOBAL_CANDIDATE_REJECTED"
    },
    {
      "leader": "BTCUSDT",
      "net_structural_r": "2.6916803790016233",
      "observed_ts_ns": 1730409720000000000,
      "peer_returns": {
        "BTCUSDT": 0.0005715618139836565,
        "ETHUSDT": 0.0007056463601728957,
        "XRPUSDT": 0.00019630938358861094
      },
      "reason": "FOLLOWER_FAR_PEER_DISAGREEMENT",
      "scenario_id": "SOLUSDT-PERP.BINANCE-IRX-1730409720000000000-000075",
      "symbol": "SOLUSDT",
      "type": "MARKET_LEADERSHIP_REJECTED"
    },
    {
      "net_structural_r": "1.875658342535073",
      "observed_ts_ns": 1730416380000000000,
      "reason": "GLOBAL_SLOT_OCCUPIED",
      "scenario_id": "BTCUSDT-PERP.BINANCE-IRX-1730416380000000000-000029",
      "symbol": "BTCUSDT",
      "type": "GLOBAL_CANDIDATE_REJECTED"
    },
    {
      "net_structural_r": "1.5067527541577712",
      "observed_ts_ns": 1730420520000000000,
      "reason": "GLOBAL_SLOT_OCCUPIED",
      "scenario_id": "BTCUSDT-PERP.BINANCE-IRX-1730420520000000000-000030",
      "symbol": "BTCUSDT",
      "type": "GLOBAL_CANDIDATE_REJECTED"
    },
    {
      "leader": "BTCUSDT",
      "net_structural_r": "1.6767665117470623",
      "observed_ts_ns": 1730421360000000000,
      "peer_returns": {
        "BTCUSDT": -0.003013001463214593,
        "SOLUSDT": -0.0022489199266141346,
        "XRPUSDT": -0.00019573302016051564
      },
      "reason": "FOLLOWER_FAR_WEAK_LOCAL_DISPLACEMENT",
      "scenario_id": "ETHUSDT-PERP.BINANCE-US_LATE_1600_2000_NY-R000264-HIGH",
      "symbol": "ETHUSDT",
      "type": "MARKET_LEADERSHIP_REJECTED"
    },
    {
      "leader": "BTCUSDT",
      "net_structural_r": "1.3275330038913462",
      "observed_ts_ns": 1730435100000000000,
      "peer_returns": {
        "BTCUSDT": 0.0010800815677600717,
        "ETHUSDT": 0.0014974064919559549,
        "XRPUSDT": 0.0
      },
      "reason": "FOLLOWER_FAR_PEER_DISAGREEMENT",
      "scenario_id": "SOLUSDT-PERP.BINANCE-IRX-1730435100000000000-000076",
      "symbol": "SOLUSDT",
      "type": "MARKET_LEADERSHIP_REJECTED"
    },
    {
      "leader": null,
      "net_structural_r": "1.5408821044519871",
      "observed_ts_ns": 1730437740000000000,
      "peer_returns": {},
      "reason": "INVALID_SWEEP_CONFIRMATION_ORDER",
      "scenario_id": "SOLUSDT-PERP.BINANCE-IRX-1730437740000000000-000077",
      "symbol": "SOLUSDT",
      "type": "MARKET_LEADERSHIP_REJECTED"
    },
    {
      "leader": "BTCUSDT",
      "net_structural_r": "1.7726776684064824",
      "observed_ts_ns": 1730441160000000000,
      "peer_returns": {
        "ETHUSDT": -0.0028565972277478924,
        "SOLUSDT": -0.0027544910179641002,
        "XRPUSDT": -0.002328740539491503
      },
      "reason": "LEADER_DIRECTIONAL_DISAGREEMENT",
      "scenario_id": "BTCUSDT-PERP.BINANCE-LONDON_PREMARKET_0000_0200_NY-R000283-HIGH",
      "symbol": "BTCUSDT",
      "type": "MARKET_LEADERSHIP_REJECTED"
    },
    {
      "leader": null,
      "net_structural_r": "3.095471118039264",
      "observed_ts_ns": 1730446860000000000,
      "peer_returns": {},
      "reason": "INVALID_SWEEP_CONFIRMATION_ORDER",
      "scenario_id": "BTCUSDT-PERP.BINANCE-IRX-1730446860000000000-000031",
      "symbol": "BTCUSDT",
      "type": "MARKET_LEADERSHIP_REJECTED"
    },
    {
      "leader": null,
      "net_structural_r": "3.815097901463427",
      "observed_ts_ns": 1730447700000000000,
      "peer_returns": {},
      "reason": "INVALID_SWEEP_CONFIRMATION_ORDER",
      "scenario_id": "BTCUSDT-PERP.BINANCE-IRX-1730447700000000000-000032",
      "symbol": "BTCUSDT",
      "type": "MARKET_LEADERSHIP_REJECTED"
    },
    {
      "leader": "BTCUSDT",
      "net_structural_r": "2.5261851458552913",
      "observed_ts_ns": 1730448120000000000,
      "peer_returns": {
        "BTCUSDT": -6.0605186072315576e-05,
        "ETHUSDT": -0.00028353047353579797,
        "XRPUSDT": 0.00019535065442477517
      },
      "reason": "FOLLOWER_FAR_PEER_DISAGREEMENT",
      "scenario_id": "SOLUSDT-PERP.BINANCE-IRX-1730448120000000000-000078",
      "symbol": "SOLUSDT",
      "type": "MARKET_LEADERSHIP_REJECTED"
    },
    {
      "net_structural_r": "1.5844157470293139",
      "observed_ts_ns": 1730450640000000000,
      "reason": "GLOBAL_SLOT_OCCUPIED",
      "scenario_id": "BTCUSDT-PERP.BINANCE-IRX-1730450640000000000-000033",
      "symbol": "BTCUSDT",
      "type": "GLOBAL_CANDIDATE_REJECTED"
    },
    {
      "net_structural_r": "2.106923269781729",
      "observed_ts_ns": 1730451120000000000,
      "reason": "GLOBAL_SLOT_OCCUPIED",
      "scenario_id": "SOLUSDT-PERP.BINANCE-IRX-1730451120000000000-000079",
      "symbol": "SOLUSDT",
      "type": "GLOBAL_CANDIDATE_REJECTED"
    },
    {
      "net_structural_r": "2.7608073328948097",
      "observed_ts_ns": 1730458020000000000,
      "reason": "GLOBAL_SLOT_OCCUPIED",
      "scenario_id": "BTCUSDT-PERP.BINANCE-IRX-1730458020000000000-000034",
      "symbol": "BTCUSDT",
      "type": "GLOBAL_CANDIDATE_REJECTED"
    },
    {
      "leader": "BTCUSDT",
      "net_structural_r": "2.000432580572447",
      "observed_ts_ns": 1730458980000000000,
      "peer_returns": {
        "BTCUSDT": 0.0022530797570219363,
        "ETHUSDT": 0.001357886461633706,
        "XRPUSDT": -0.00019278966647406914
      },
      "reason": "FOLLOWER_FAR_PEER_DISAGREEMENT",
      "scenario_id": "SOLUSDT-PERP.BINANCE-IRX-1730458980000000000-000080",
      "symbol": "SOLUSDT",
      "type": "MARKET_LEADERSHIP_REJECTED"
    },
    {
      "net_structural_r": "4.194258013231306",
      "observed_ts_ns": 1730473080000000000,
      "reason": "GLOBAL_SLOT_OCCUPIED",
      "scenario_id": "BTCUSDT-PERP.BINANCE-IRX-1730473080000000000-000035",
      "symbol": "BTCUSDT",
      "type": "GLOBAL_CANDIDATE_REJECTED"
    },
    {
      "leader": "BTCUSDT",
      "net_structural_r": "2.4925539962498555",
      "observed_ts_ns": 1730475120000000000,
      "peer_returns": {
        "ETHUSDT": -0.003092985830356665,
        "SOLUSDT": -0.003479183866021973,
        "XRPUSDT": 0.0
      },
      "reason": "LEADER_DIRECTIONAL_DISAGREEMENT",
      "scenario_id": "BTCUSDT-PERP.BINANCE-IRX-1730475120000000000-000036",
      "symbol": "BTCUSDT",
      "type": "MARKET_LEADERSHIP_REJECTED"
    },
    {
      "net_structural_r": "3.5390322140020967",
      "observed_ts_ns": 1730475120000000000,
      "reason": "GLOBAL_SLOT_OCCUPIED",
      "scenario_id": "SOLUSDT-PERP.BINANCE-IRX-1730475120000000000-000081",
      "symbol": "SOLUSDT",
      "type": "GLOBAL_CANDIDATE_REJECTED"
    },
    {
      "leader": null,
      "net_structural_r": "3.7433868068911793",
      "observed_ts_ns": 1730478180000000000,
      "peer_returns": {},
      "reason": "INVALID_SWEEP_CONFIRMATION_ORDER",
      "scenario_id": "SOLUSDT-PERP.BINANCE-IRX-1730478180000000000-000082",
      "symbol": "SOLUSDT",
      "type": "MARKET_LEADERSHIP_REJECTED"
    },
    {
      "leader": null,
      "net_structural_r": "3.177193732260509",
      "observed_ts_ns": 1730480460000000000,
      "peer_returns": {},
      "reason": "INVALID_SWEEP_CONFIRMATION_ORDER",
      "scenario_id": "XRPUSDT-PERP.BINANCE-IRX-1730480460000000000-000023",
      "symbol": "XRPUSDT",
      "type": "MARKET_LEADERSHIP_REJECTED"
    },
    {
      "leader": "BTCUSDT",
      "net_structural_r": "2.6098201110072794",
      "observed_ts_ns": 1730484000000000000,
      "peer_returns": {
        "BTCUSDT": -0.004966302642736564,
        "ETHUSDT": -0.0026621913286358767,
        "SOLUSDT": -0.0016799664006720283
      },
      "reason": "FOLLOWER_FAR_WEAK_LOCAL_DISPLACEMENT",
      "scenario_id": "XRPUSDT-PERP.BINANCE-IRX-1730484000000000000-000024",
      "symbol": "XRPUSDT",
      "type": "MARKET_LEADERSHIP_REJECTED"
    },
    {
      "leader": "BTCUSDT",
      "net_structural_r": "2.3729184264260703",
      "observed_ts_ns": 1730488200000000000,
      "peer_returns": {
        "BTCUSDT": -0.002721241718195655,
        "ETHUSDT": -0.0019040259393657832,
        "SOLUSDT": -0.002707092582566295
      },
      "reason": "FOLLOWER_FAR_EVENT_LAGGARD",
      "scenario_id": "XRPUSDT-PERP.BINANCE-IRX-1730488200000000000-000025",
      "symbol": "XRPUSDT",
      "type": "MARKET_LEADERSHIP_REJECTED"
    },
    {
      "net_structural_r": "1.5740002318366708",
      "observed_ts_ns": 1730489280000000000,
      "reason": "GLOBAL_SLOT_OCCUPIED",
      "scenario_id": "BTCUSDT-PERP.BINANCE-IRX-1730489280000000000-000037",
      "symbol": "BTCUSDT",
      "type": "GLOBAL_CANDIDATE_REJECTED"
    },
    {
      "net_structural_r": "1.5515650993238435",
      "observed_ts_ns": 1730490420000000000,
      "reason": "GLOBAL_SLOT_OCCUPIED",
      "scenario_id": "BTCUSDT-PERP.BINANCE-IRX-1730490420000000000-000038",
      "symbol": "BTCUSDT",
      "type": "GLOBAL_CANDIDATE_REJECTED"
    },
    {
      "leader": "BTCUSDT",
      "net_structural_r": "1.7012835703405293",
      "observed_ts_ns": 1730490960000000000,
      "peer_returns": {
        "ETHUSDT": 0.0005370825674932966,
        "SOLUSDT": 0.00024008162775346342,
        "XRPUSDT": 0.0
      },
      "reason": "LEADER_EVENT_RECOVERY_WITHOUT_DIRECTIONAL_SUPPORT",
      "scenario_id": "BTCUSDT-PERP.BINANCE-IRX-1730490960000000000-000039",
      "symbol": "BTCUSDT",
      "type": "MARKET_LEADERSHIP_REJECTED"
    },
    {
      "net_structural_r": "1.7647066943563092",
      "observed_ts_ns": 1730505120000000000,
      "reason": "GLOBAL_SLOT_OCCUPIED",
      "scenario_id": "XRPUSDT-PERP.BINANCE-IRX-1730505120000000000-000026",
      "symbol": "XRPUSDT",
      "type": "GLOBAL_CANDIDATE_REJECTED"
    }
  ],
  "closed_trade_max_drawdown": 0.9457591177004,
  "closed_trades": 26,
  "complete_gate_passed": false,
  "daily_geometric_growth": -0.34053836493132655,
  "detected_events": 2184,
  "effective_maker_rate": "0.0004",
  "effective_taker_rate": "0.0008",
  "engine_errors": [
    {
      "event": "OrderRejected(instrument_id=ETHUSDT-PERP.BINANCE, client_order_id=O-20241030-045100-001-000-104, account_id=BINANCE-001, reason='STOP_MARKET SELL order stop px of 2641.12 was in the market: bid=2641.00, ask=2642.24', due_post_only=False, ts_event=1730263920000000000)",
      "type": "ORDER_REJECTED"
    },
    {
      "event": "OrderRejected(instrument_id=ETHUSDT-PERP.BINANCE, client_order_id=O-20241030-045100-001-000-105, account_id=BINANCE-001, reason='Contingent order O-20241030-045100-001-000-104 already closed', due_post_only=False, ts_event=1730263920000000000)",
      "type": "ORDER_REJECTED"
    }
  ],
  "evaluation_calendar_days": 7,
  "evaluation_end_exclusive": "2024-11-02",
  "evaluation_start": "2024-10-26",
  "event_log_error": null,
  "event_log_valid": true,
  "evidence_class": "NAUTILUS_ACCOUNT_NAV",
  "final_nav": "5424.08822996",
  "global_slot_overlap_count": 0,
  "instruments": [
    "BTCUSDT-PERP.BINANCE",
    "ETHUSDT-PERP.BINANCE",
    "SOLUSDT-PERP.BINANCE",
    "XRPUSDT-PERP.BINANCE"
  ],
  "leadership_rejection_counts": {
    "FOLLOWER_FAR_EVENT_LAGGARD": 11,
    "FOLLOWER_FAR_PEER_DISAGREEMENT": 22,
    "FOLLOWER_FAR_WEAK_LOCAL_DISPLACEMENT": 8,
    "INVALID_SWEEP_CONFIRMATION_ORDER": 22,
    "LEADER_DIRECTIONAL_DISAGREEMENT": 3,
    "LEADER_EVENT_RECOVERY_WITHOUT_DIRECTIONAL_SUPPORT": 3
  },
  "liquidation_detected": false,
  "losses": 21,
  "nautilus_result": {
    "iterations": 63360,
    "total_events": 347,
    "total_orders": 106,
    "total_positions": 26
  },
  "net_return": -0.9457591177004,
  "partial_entry_fail_closed_count": 0,
  "payoff_ratio": 0.8392463383519517,
  "promising_gate_passed": false,
  "scenario_counts": {
    "AAC": 0,
    "FAR": 35
  },
  "skip_reasons": {
    "AAC_REQUIRES_INDEPENDENT_EXTERNAL_DRAW": 5,
    "ACTUAL_MARGIN_INFEASIBLE": 1,
    "CONTINUATION_TARGET_NO_LONGER_LIVE": 1,
    "FOLLOWER_FAR_EVENT_LAGGARD": 11,
    "FOLLOWER_FAR_PEER_DISAGREEMENT": 22,
    "FOLLOWER_FAR_WEAK_LOCAL_DISPLACEMENT": 8,
    "FRAMED_TARGET_REACHED_BEFORE_CONFIRMATION": 11,
    "GLOBAL_SLOT_OCCUPIED": 32,
    "INSUFFICIENT_COSTED_STRUCTURAL_R": 23,
    "INVALID_SWEEP_CONFIRMATION_ORDER": 22,
    "LEADER_DIRECTIONAL_DISAGREEMENT": 3,
    "LEADER_EVENT_RECOVERY_WITHOUT_DIRECTIONAL_SUPPORT": 3,
    "NON_CAUSAL_PRICE_ORDER": 3,
    "NO_AGGRESSOR_FLOW_AT_SWEEP": 23,
    "NO_CAUSAL_INTERNAL_STRUCTURE": 5,
    "OUTSIDE_EVALUATION_WINDOW": 64,
    "PAIRED_TARGET_WRONG_SIDE": 1,
    "REVERSAL_TARGET_NO_LONGER_LIVE": 4,
    "SESSION_DECISION_WINDOW_EXPIRED": 108,
    "SWEEP_ACTIVITY_OR_PENETRATION": 21
  },
  "starting_nav": "100000",
  "submitted_plans": 35,
  "success_claim": false,
  "symbol_counts": {
    "BTCUSDT": 4,
    "ETHUSDT": 13,
    "SOLUSDT": 16,
    "XRPUSDT": 2
  },
  "week_id": "W8",
  "win_rate": 0.19230769230769232,
  "wins": 5
}
/__w/SMC_ICT_4_LIVE/SMC_ICT_4_LIVE/research/candidate-11/run_leadership_scdam.py:828: Pandas4Warning: Timestamp.utcnow is deprecated and will be removed in a future version. Use Timestamp.now('UTC') instead.
  engine.run()
/__w/SMC_ICT_4_LIVE/SMC_ICT_4_LIVE/research/candidate-11/run_leadership_scdam.py:828: Pandas4Warning: Timestamp.utcnow is deprecated and will be removed in a future version. Use Timestamp.now('UTC') instead.
  engine.run()
{
  "all_closed_trades_won": false,
  "bars": 63360,
  "candidate": "candidate-11-market-leadership-scdam",
  "candidate_rejections": [
    {
      "leader": "BTCUSDT",
      "net_structural_r": "2.119276935659116",
      "observed_ts_ns": 1716424260000000000,
      "peer_returns": {
        "BTCUSDT": 0.0011171511493988096,
        "ETHUSDT": 0.0018822350074383376,
        "SOLUSDT": 0.0013644026228103456
      },
      "reason": "FOLLOWER_FAR_EVENT_LAGGARD",
      "scenario_id": "XRPUSDT-PERP.BINANCE-IRX-1716424260000000000-000018",
      "symbol": "XRPUSDT",
      "type": "MARKET_LEADERSHIP_REJECTED"
    },
    {
      "leader": null,
      "net_structural_r": "3.224682545913772",
      "observed_ts_ns": 1716450240000000000,
      "peer_returns": {},
      "reason": "INVALID_SWEEP_CONFIRMATION_ORDER",
      "scenario_id": "SOLUSDT-PERP.BINANCE-IRX-1716450240000000000-000042",
      "symbol": "SOLUSDT",
      "type": "MARKET_LEADERSHIP_REJECTED"
    },
    {
      "leader": "ETHUSDT",
      "net_structural_r": "1.5247258124814536",
      "observed_ts_ns": 1716452700000000000,
      "peer_returns": {
        "BTCUSDT": -0.00012184912497992251,
        "ETHUSDT": -0.00028105382049326,
        "XRPUSDT": 0.0005658242172763561
      },
      "reason": "FOLLOWER_FAR_PEER_DISAGREEMENT",
      "scenario_id": "SOLUSDT-PERP.BINANCE-IRX-1716452700000000000-000043",
      "symbol": "SOLUSDT",
      "type": "MARKET_LEADERSHIP_REJECTED"
    },
    {
      "leader": "ETHUSDT",
      "net_structural_r": "2.2357486949565737",
      "observed_ts_ns": 1716465060000000000,
      "peer_returns": {
        "BTCUSDT": 0.0010068203497841655,
        "ETHUSDT": 0.003968704813055224,
        "SOLUSDT": 0.000783492891374804
      },
      "reason": "FOLLOWER_FAR_WEAK_LOCAL_DISPLACEMENT",
      "scenario_id": "XRPUSDT-PERP.BINANCE-IRX-1716465060000000000-000020",
      "symbol": "XRPUSDT",
      "type": "MARKET_LEADERSHIP_REJECTED"
    },
    {
      "leader": "ETHUSDT",
      "net_structural_r": "2.7869543797956724",
      "observed_ts_ns": 1716471180000000000,
      "peer_returns": {
        "BTCUSDT": -0.002258354614998792,
        "SOLUSDT": -0.0002197459043410399,
        "XRPUSDT": 0.0
      },
      "reason": "LEADER_EVENT_RECOVERY_WITHOUT_DIRECTIONAL_SUPPORT",
      "scenario_id": "ETHUSDT-PERP.BINANCE-IRX-1716471180000000000-000039",
      "symbol": "ETHUSDT",
      "type": "MARKET_LEADERSHIP_REJECTED"
    },
    {
      "leader": "ETHUSDT",
      "net_structural_r": "2.2706786895450124",
      "observed_ts_ns": 1716473100000000000,
      "peer_returns": {
        "BTCUSDT": -0.0031305286691291068,
        "SOLUSDT": -0.00019240524041919116,
        "XRPUSDT": 0.003420752565564511
      },
      "reason": "LEADER_EVENT_RECOVERY_WITHOUT_DIRECTIONAL_SUPPORT",
      "scenario_id": "ETHUSDT-PERP.BINANCE-IRX-1716473100000000000-000040",
      "symbol": "ETHUSDT",
      "type": "MARKET_LEADERSHIP_REJECTED"
    },
    {
      "leader": "ETHUSDT",
      "net_structural_r": "3.1355499100784847",
      "observed_ts_ns": 1716473880000000000,
      "peer_returns": {
        "ETHUSDT": -0.004924602635511421,
        "SOLUSDT": -0.0016247896477687984,
        "XRPUSDT": -0.006124721603563366
      },
      "reason": "FOLLOWER_FAR_WEAK_LOCAL_DISPLACEMENT",
      "scenario_id": "BTCUSDT-PERP.BINANCE-IRX-1716473880000000000-000026",
      "symbol": "BTCUSDT",
      "type": "MARKET_LEADERSHIP_REJECTED"
    },
    {
      "leader": "ETHUSDT",
      "net_structural_r": "5.103830097295842",
      "observed_ts_ns": 1716475020000000000,
      "peer_returns": {
        "BTCUSDT": -0.0003912604765139438,
        "SOLUSDT": -0.0019526369315704395,
        "XRPUSDT": 0.002434001123384988
      },
      "reason": "LEADER_EVENT_RECOVERY_WITHOUT_DIRECTIONAL_SUPPORT",
      "scenario_id": "ETHUSDT-PERP.BINANCE-IRX-1716475020000000000-000041",
      "symbol": "ETHUSDT",
      "type": "MARKET_LEADERSHIP_REJECTED"
    },
    {
      "leader": "ETHUSDT",
      "net_structural_r": "1.3380306015596999",
      "observed_ts_ns": 1716481080000000000,
      "peer_returns": {
        "BTCUSDT": -0.00015738742753945711,
        "ETHUSDT": 0.00168603854705629,
        "XRPUSDT": 0.0009469696969695018
      },
      "reason": "FOLLOWER_FAR_PEER_DISAGREEMENT",
      "scenario_id": "SOLUSDT-PERP.BINANCE-IRX-1716481080000000000-000046",
      "symbol": "SOLUSDT",
      "type": "MARKET_LEADERSHIP_REJECTED"
    },
    {
      "leader": null,
      "net_structural_r": "2.0830965677839117",
      "observed_ts_ns": 1716485760000000000,
      "peer_returns": {},
      "reason": "INVALID_SWEEP_CONFIRMATION_ORDER",
      "scenario_id": "BTCUSDT-PERP.BINANCE-IRX-1716485760000000000-000027",
      "symbol": "BTCUSDT",
      "type": "MARKET_LEADERSHIP_REJECTED"
    },
    {
      "leader": "ETHUSDT",
      "net_structural_r": "3.14557867916326",
      "observed_ts_ns": 1716489840000000000,
      "peer_returns": {
        "BTCUSDT": -0.00147430309053187,
        "SOLUSDT": -0.002082922357473649,
        "XRPUSDT": -0.0009626492106274975
      },
      "reason": "LEADER_DIRECTIONAL_DISAGREEMENT",
      "scenario_id": "ETHUSDT-PERP.BINANCE-IRX-1716489840000000000-000042",
      "symbol": "ETHUSDT",
      "type": "MARKET_LEADERSHIP_REJECTED"
    },
    {
      "leader": "ETHUSDT",
      "net_structural_r": "7.960402202292927",
      "observed_ts_ns": 1716489840000000000,
      "peer_returns": {
        "BTCUSDT": -0.0026805548332453633,
        "ETHUSDT": -0.006539260776908806,
        "SOLUSDT": -0.0034590247520163153
      },
      "reason": "FOLLOWER_FAR_EVENT_LAGGARD",
      "scenario_id": "XRPUSDT-PERP.BINANCE-IRX-1716489840000000000-000021",
      "symbol": "XRPUSDT",
      "type": "MARKET_LEADERSHIP_REJECTED"
    },
    {
      "leader": "ETHUSDT",
      "net_structural_r": "8.253242953013315",
      "observed_ts_ns": 1716496320000000000,
      "peer_returns": {
        "BTCUSDT": -0.0019130303554864003,
        "SOLUSDT": -0.005994407549807734,
        "XRPUSDT": -0.002323330106485888
      },
      "reason": "LEADER_EVENT_RECOVERY_WITHOUT_DIRECTIONAL_SUPPORT",
      "scenario_id": "ETHUSDT-PERP.BINANCE-IRX-1716496320000000000-000043",
      "symbol": "ETHUSDT",
      "type": "MARKET_LEADERSHIP_REJECTED"
    },
    {
      "leader": "ETHUSDT",
      "net_structural_r": "2.2591003857917356",
      "observed_ts_ns": 1716501660000000000,
      "peer_returns": {
        "BTCUSDT": -0.0017070592265741036,
        "ETHUSDT": 0.0005617860635442895,
        "XRPUSDT": 0.0028360748723765816
      },
      "reason": "FOLLOWER_FAR_PEER_DISAGREEMENT",
      "scenario_id": "SOLUSDT-PERP.BINANCE-IRX-1716501660000000000-000047",
      "symbol": "SOLUSDT",
      "type": "MARKET_LEADERSHIP_REJECTED"
    },
    {
      "leader": "ETHUSDT",
      "net_structural_r": "4.040430513695233",
      "observed_ts_ns": 1716503640000000000,
      "peer_returns": {
        "ETHUSDT": -7.089070229060468e-05,
        "SOLUSDT": 0.00564728050808494,
        "XRPUSDT": 0.0005716463414633388
      },
      "reason": "FOLLOWER_FAR_PEER_DISAGREEMENT",
      "scenario_id": "BTCUSDT-PERP.BINANCE-IRX-1716503640000000000-000029",
      "symbol": "BTCUSDT",
      "type": "MARKET_LEADERSHIP_REJECTED"
    },
    {
      "leader": "ETHUSDT",
      "net_structural_r": "5.786213855539027",
      "observed_ts_ns": 1716503940000000000,
      "peer_returns": {
        "BTCUSDT": -0.0010102934725294554,
        "SOLUSDT": -0.0001803263907671493,
        "XRPUSDT": -0.0009511128019782378
      },
      "reason": "LEADER_EVENT_RECOVERY_WITHOUT_DIRECTIONAL_SUPPORT",
      "scenario_id": "ETHUSDT-PERP.BINANCE-IRX-1716503940000000000-000046",
      "symbol": "ETHUSDT",
      "type": "MARKET_LEADERSHIP_REJECTED"
    },
    {
      "leader": null,
      "net_structural_r": "3.5552272407736254",
      "observed_ts_ns": 1716505140000000000,
      "peer_returns": {},
      "reason": "INVALID_SWEEP_CONFIRMATION_ORDER",
      "scenario_id": "BTCUSDT-PERP.BINANCE-IRX-1716505140000000000-000030",
      "symbol": "BTCUSDT",
      "type": "MARKET_LEADERSHIP_REJECTED"
    },
    {
      "leader": null,
      "net_structural_r": "1.5541026017278448",
      "observed_ts_ns": 1716507720000000000,
      "peer_returns": {},
      "reason": "INVALID_SWEEP_CONFIRMATION_ORDER",
      "scenario_id": "BTCUSDT-PERP.BINANCE-IRX-1716507720000000000-000031",
      "symbol": "BTCUSDT",
      "type": "MARKET_LEADERSHIP_REJECTED"
    },
    {
      "leader": "ETHUSDT",
      "net_structural_r": "1.5994612742070446",
      "observed_ts_ns": 1716508920000000000,
      "peer_returns": {
        "BTCUSDT": -0.0007783337771846144,
        "SOLUSDT": -0.0023455335234808805,
        "XRPUSDT": -0.0007574323044878817
      },
      "reason": "LEADER_EVENT_RECOVERY_WITHOUT_DIRECTIONAL_SUPPORT",
      "scenario_id": "ETHUSDT-PERP.BINANCE-IRX-1716508920000000000-000047",
      "symbol": "ETHUSDT",
      "type": "MARKET_LEADERSHIP_REJECTED"
    },
    {
      "leader": null,
      "net_structural_r": "1.2581534441571023",
      "observed_ts_ns": 1716510180000000000,
      "peer_returns": {},
      "reason": "INVALID_SWEEP_CONFIRMATION_ORDER",
      "scenario_id": "BTCUSDT-PERP.BINANCE-IRX-1716510180000000000-000032",
      "symbol": "BTCUSDT",
      "type": "MARKET_LEADERSHIP_REJECTED"
    },
    {
      "leader": "ETHUSDT",
      "net_structural_r": "6.556364166669754",
      "observed_ts_ns": 1716514140000000000,
      "peer_returns": {
        "BTCUSDT": 9.447205619927956e-05,
        "ETHUSDT": 0.00016266220307592505,
        "XRPUSDT": 0.0005657175183857444
      },
      "reason": "FOLLOWER_FAR_PEER_DISAGREEMENT",
      "scenario_id": "SOLUSDT-PERP.BINANCE-IRX-1716514140000000000-000048",
      "symbol": "SOLUSDT",
      "type": "MARKET_LEADERSHIP_REJECTED"
    },
    {
      "net_structural_r": "1.3115490989490914",
      "observed_ts_ns": 1716516180000000000,
      "reason": "GLOBAL_SLOT_OCCUPIED",
      "scenario_id": "ETHUSDT-PERP.BINANCE-IRX-1716516180000000000-000048",
      "symbol": "ETHUSDT",
      "type": "GLOBAL_CANDIDATE_REJECTED"
    },
    {
      "leader": null,
      "net_structural_r": "5.5913047988214934",
      "observed_ts_ns": 1716519540000000000,
      "peer_returns": {},
      "reason": "INVALID_SWEEP_CONFIRMATION_ORDER",
      "scenario_id": "XRPUSDT-PERP.BINANCE-IRX-1716519540000000000-000023",
      "symbol": "XRPUSDT",
      "type": "MARKET_LEADERSHIP_REJECTED"
    },
    {
      "leader": null,
      "net_structural_r": "3.227060025072465",
      "observed_ts_ns": 1716520560000000000,
      "peer_returns": {},
      "reason": "INVALID_SWEEP_CONFIRMATION_ORDER",
      "scenario_id": "SOLUSDT-PERP.BINANCE-IRX-1716520560000000000-000050",
      "symbol": "SOLUSDT",
      "type": "MARKET_LEADERSHIP_REJECTED"
    },
    {
      "leader": "ETHUSDT",
      "net_structural_r": "3.227425133716369",
      "observed_ts_ns": 1716523200000000000,
      "peer_returns": {
        "ETHUSDT": 0.00028389450690413653,
        "SOLUSDT": 0.0012566907144520023,
        "XRPUSDT": -0.00018835938971550892
      },
      "reason": "FOLLOWER_FAR_PEER_DISAGREEMENT",
      "scenario_id": "BTCUSDT-PERP.BINANCE-IRX-1716523200000000000-000034",
      "symbol": "BTCUSDT",
      "type": "MARKET_LEADERSHIP_REJECTED"
    },
    {
      "leader": null,
      "net_structural_r": "1.385349485192841",
      "observed_ts_ns": 1716524520000000000,
      "peer_returns": {},
      "reason": "INVALID_SWEEP_CONFIRMATION_ORDER",
      "scenario_id": "BTCUSDT-PERP.BINANCE-IRX-1716524520000000000-000035",
      "symbol": "BTCUSDT",
      "type": "MARKET_LEADERSHIP_REJECTED"
    },
    {
      "leader": "ETHUSDT",
      "net_structural_r": "2.532552109064901",
      "observed_ts_ns": 1716533160000000000,
      "peer_returns": {
        "BTCUSDT": -0.0021131721061281583,
        "ETHUSDT": -0.0038594688159246937,
        "XRPUSDT": -0.0013412531136233197
      },
      "reason": "FOLLOWER_FAR_EVENT_LAGGARD",
      "scenario_id": "SOLUSDT-PERP.BINANCE-IRX-1716533160000000000-000053",
      "symbol": "SOLUSDT",
      "type": "MARKET_LEADERSHIP_REJECTED"
    },
    {
      "leader": "ETHUSDT",
      "net_structural_r": "3.332186765561831",
      "observed_ts_ns": 1716533940000000000,
      "peer_returns": {
        "BTCUSDT": -0.001448378219136237,
        "ETHUSDT": -0.0012458032173748856,
        "XRPUSDT": -0.0019182812200269073
      },
      "reason": "FOLLOWER_FAR_WEAK_LOCAL_DISPLACEMENT",
      "scenario_id": "SOLUSDT-PERP.BINANCE-IRX-1716533940000000000-000054",
      "symbol": "SOLUSDT",
      "type": "MARKET_LEADERSHIP_REJECTED"
    },
    {
      "net_structural_r": "4.9843388069769246",
      "observed_ts_ns": 1716536100000000000,
      "reason": "GLOBAL_SLOT_OCCUPIED",
      "scenario_id": "XRPUSDT-PERP.BINANCE-IRX-1716536100000000000-000024",
      "symbol": "XRPUSDT",
      "type": "GLOBAL_CANDIDATE_REJECTED"
    },
    {
      "leader": null,
      "net_structural_r": "9.759183694084166",
      "observed_ts_ns": 1716543780000000000,
      "peer_returns": {},
      "reason": "INVALID_SWEEP_CONFIRMATION_ORDER",
      "scenario_id": "SOLUSDT-PERP.BINANCE-IRX-1716543780000000000-000056",
      "symbol": "SOLUSDT",
      "type": "MARKET_LEADERSHIP_REJECTED"
    },
    {
      "leader": null,
      "net_structural_r": "3.710267554309665",
      "observed_ts_ns": 1716546540000000000,
      "peer_returns": {},
      "reason": "INVALID_SWEEP_CONFIRMATION_ORDER",
      "scenario_id": "SOLUSDT-PERP.BINANCE-IRX-1716546540000000000-000057",
      "symbol": "SOLUSDT",
      "type": "MARKET_LEADERSHIP_REJECTED"
    },
    {
      "leader": null,
      "net_structural_r": "5.564519850978134",
      "observed_ts_ns": 1716547320000000000,
      "peer_returns": {},
      "reason": "INVALID_SWEEP_CONFIRMATION_ORDER",
      "scenario_id": "ETHUSDT-PERP.BINANCE-IRX-1716547320000000000-000050",
      "symbol": "ETHUSDT",
      "type": "MARKET_LEADERSHIP_REJECTED"
    },
    {
      "leader": "ETHUSDT",
      "net_structural_r": "3.3732099808672067",
      "observed_ts_ns": 1716551700000000000,
      "peer_returns": {
        "BTCUSDT": 0.0013160513705647858,
        "ETHUSDT": 0.003971161098300424,
        "SOLUSDT": 0.0060959384600498545
      },
      "reason": "FOLLOWER_FAR_EVENT_LAGGARD",
      "scenario_id": "XRPUSDT-PERP.BINANCE-IRX-1716551700000000000-000025",
      "symbol": "XRPUSDT",
      "type": "MARKET_LEADERSHIP_REJECTED"
    },
    {
      "leader": "ETHUSDT",
      "net_structural_r": "3.121926339907164",
      "observed_ts_ns": 1716554640000000000,
      "peer_returns": {
        "BTCUSDT": 0.00034991993357458284,
        "SOLUSDT": 0.0006003085585992718,
        "XRPUSDT": 0.0007517383950383927
      },
      "reason": "LEADER_EVENT_RECOVERY_WITHOUT_DIRECTIONAL_SUPPORT",
      "scenario_id": "ETHUSDT-PERP.BINANCE-IRX-1716554640000000000-000051",
      "symbol": "ETHUSDT",
      "type": "MARKET_LEADERSHIP_REJECTED"
    },
    {
      "leader": null,
      "net_structural_r": "2.032243777336977",
      "observed_ts_ns": 1716557520000000000,
      "peer_returns": {},
      "reason": "INVALID_SWEEP_CONFIRMATION_ORDER",
      "scenario_id": "SOLUSDT-PERP.BINANCE-IRX-1716557520000000000-000059",
      "symbol": "SOLUSDT",
      "type": "MARKET_LEADERSHIP_REJECTED"
    },
    {
      "leader": "ETHUSDT",
      "net_structural_r": "2.9468334065052515",
      "observed_ts_ns": 1716558240000000000,
      "peer_returns": {
        "BTCUSDT": 0.0008435058956310915,
        "SOLUSDT": -0.00040665478596790816,
        "XRPUSDT": 0.0029900953092878435
      },
      "reason": "LEADER_DIRECTIONAL_DISAGREEMENT",
      "scenario_id": "ETHUSDT-PERP.BINANCE-IRX-1716558240000000000-000052",
      "symbol": "ETHUSDT",
      "type": "MARKET_LEADERSHIP_REJECTED"
    },
    {
      "leader": "ETHUSDT",
      "net_structural_r": "2.0356730317054503",
      "observed_ts_ns": 1716559920000000000,
      "peer_returns": {
        "BTCUSDT": 0.001189731677536443,
        "ETHUSDT": 0.0011075730305967202,
        "SOLUSDT": 0.002617183958415037
      },
      "reason": "FOLLOWER_FAR_WEAK_LOCAL_DISPLACEMENT",
      "scenario_id": "XRPUSDT-PERP.BINANCE-IRX-1716559920000000000-000027",
      "symbol": "XRPUSDT",
      "type": "MARKET_LEADERSHIP_REJECTED"
    },
    {
      "net_structural_r": "2.728972916270222",
      "observed_ts_ns": 1716562320000000000,
      "reason": "GLOBAL_SLOT_OCCUPIED",
      "scenario_id": "BTCUSDT-PERP.BINANCE-IRX-1716562320000000000-000036",
      "symbol": "BTCUSDT",
      "type": "GLOBAL_CANDIDATE_REJECTED"
    },
    {
      "leader": "ETHUSDT",
      "net_structural_r": "4.380073826137276",
      "observed_ts_ns": 1716566340000000000,
      "peer_returns": {
        "BTCUSDT": 0.0015982404692083119,
        "ETHUSDT": 2.7052544156580538e-05,
        "XRPUSDT": 0.0
      },
      "reason": "FOLLOWER_FAR_PEER_DISAGREEMENT",
      "scenario_id": "SOLUSDT-PERP.BINANCE-IRX-1716566340000000000-000060",
      "symbol": "SOLUSDT",
      "type": "MARKET_LEADERSHIP_REJECTED"
    },
    {
      "net_structural_r": "1.6252586991307567",
      "observed_ts_ns": 1716568680000000000,
      "reason": "GLOBAL_SLOT_OCCUPIED",
      "scenario_id": "SOLUSDT-PERP.BINANCE-IRX-1716568680000000000-000061",
      "symbol": "SOLUSDT",
      "type": "GLOBAL_CANDIDATE_REJECTED"
    },
    {
      "leader": "ETHUSDT",
      "net_structural_r": "2.9602804255038095",
      "observed_ts_ns": 1716573360000000000,
      "peer_returns": {
        "ETHUSDT": 0.0038087509298707634,
        "SOLUSDT": 0.007506150374409826,
        "XRPUSDT": -0.0033739456419868974
      },
      "reason": "FOLLOWER_AAC_WITHOUT_LEADERSHIP",
      "scenario_id": "BTCUSDT-PERP.BINANCE-LONDON_CLOSE_1000_1200_NY-R000149-HIGH",
      "symbol": "BTCUSDT",
      "type": "MARKET_LEADERSHIP_REJECTED"
    },
    {
      "leader": null,
      "net_structural_r": "2.347231905091764",
      "observed_ts_ns": 1716577560000000000,
      "peer_returns": {},
      "reason": "INVALID_SWEEP_CONFIRMATION_ORDER",
      "scenario_id": "BTCUSDT-PERP.BINANCE-IRX-1716577560000000000-000038",
      "symbol": "BTCUSDT",
      "type": "MARKET_LEADERSHIP_REJECTED"
    },
    {
      "net_structural_r": "4.279063537769144",
      "observed_ts_ns": 1716586620000000000,
      "reason": "GLOBAL_SLOT_OCCUPIED",
      "scenario_id": "SOLUSDT-PERP.BINANCE-IRX-1716586620000000000-000062",
      "symbol": "SOLUSDT",
      "type": "GLOBAL_CANDIDATE_REJECTED"
    },
    {
      "net_structural_r": "2.541265762058656",
      "observed_ts_ns": 1716591660000000000,
      "reason": "GLOBAL_SLOT_OCCUPIED",
      "scenario_id": "XRPUSDT-PERP.BINANCE-IRX-1716591660000000000-000029",
      "symbol": "XRPUSDT",
      "type": "GLOBAL_CANDIDATE_REJECTED"
    },
    {
      "leader": null,
      "net_structural_r": "2.4203907723309745",
      "observed_ts_ns": 1716597540000000000,
      "peer_returns": {},
      "reason": "INVALID_SWEEP_CONFIRMATION_ORDER",
      "scenario_id": "ETHUSDT-PERP.BINANCE-IRX-1716597540000000000-000056",
      "symbol": "ETHUSDT",
      "type": "MARKET_LEADERSHIP_REJECTED"
    },
    {
      "leader": null,
      "net_structural_r": "5.1039030932873395",
      "observed_ts_ns": 1716597540000000000,
      "peer_returns": {},
      "reason": "INVALID_SWEEP_CONFIRMATION_ORDER",
      "scenario_id": "SOLUSDT-PERP.BINANCE-IRX-1716597540000000000-000063",
      "symbol": "SOLUSDT",
      "type": "MARKET_LEADERSHIP_REJECTED"
    },
    {
      "leader": "BTCUSDT",
      "net_structural_r": "2.2936305486081996",
      "observed_ts_ns": 1716604380000000000,
      "peer_returns": {
        "BTCUSDT": -0.000341581186580342,
        "ETHUSDT": -0.0009862276524297275,
        "XRPUSDT": -0.0009344047841526315
      },
      "reason": "FOLLOWER_FAR_PEER_DISAGREEMENT",
      "scenario_id": "SOLUSDT-PERP.BINANCE-IRX-1716604380000000000-000065",
      "symbol": "SOLUSDT",
      "type": "MARKET_LEADERSHIP_REJECTED"
    },
    {
      "leader": "BTCUSDT",
      "net_structural_r": "1.54107300411448",
      "observed_ts_ns": 1716606840000000000,
      "peer_returns": {
        "BTCUSDT": -0.0003271732665997007,
        "ETHUSDT": -0.0004926424914858396,
        "XRPUSDT": -0.00018723085564498199
      },
      "reason": "FOLLOWER_FAR_PEER_DISAGREEMENT",
      "scenario_id": "SOLUSDT-PERP.BINANCE-IRX-1716606840000000000-000066",
      "symbol": "SOLUSDT",
      "type": "MARKET_LEADERSHIP_REJECTED"
    },
    {
      "leader": null,
      "net_structural_r": "1.7791405786209082",
      "observed_ts_ns": 1716615060000000000,
      "peer_returns": {},
      "reason": "INVALID_SWEEP_CONFIRMATION_ORDER",
      "scenario_id": "SOLUSDT-PERP.BINANCE-IRX-1716615060000000000-000067",
      "symbol": "SOLUSDT",
      "type": "MARKET_LEADERSHIP_REJECTED"
    },
    {
      "leader": null,
      "net_structural_r": "2.7553303547387706",
      "observed_ts_ns": 1716627900000000000,
      "peer_returns": {},
      "reason": "INVALID_SWEEP_CONFIRMATION_ORDER",
      "scenario_id": "SOLUSDT-PERP.BINANCE-IRX-1716627900000000000-000069",
      "symbol": "SOLUSDT",
      "type": "MARKET_LEADERSHIP_REJECTED"
    },
    {
      "leader": "BTCUSDT",
      "net_structural_r": "1.990993458800407",
      "observed_ts_ns": 1716628620000000000,
      "peer_returns": {
        "BTCUSDT": 0.00025812776164069184,
        "ETHUSDT": 0.00011754365811889045,
        "XRPUSDT": -0.0003737619136610082
      },
      "reason": "FOLLOWER_FAR_PEER_DISAGREEMENT",
      "scenario_id": "SOLUSDT-PERP.BINANCE-IRX-1716628620000000000-000070",
      "symbol": "SOLUSDT",
      "type": "MARKET_LEADERSHIP_REJECTED"
    },
    {
      "leader": "BTCUSDT",
      "net_structural_r": "3.3155627960641714",
      "observed_ts_ns": 1716640080000000000,
      "peer_returns": {
        "BTCUSDT": -0.0008402208828093283,
        "ETHUSDT": 0.0009388817410238559,
        "SOLUSDT": 0.0009025270758122872
      },
      "reason": "FOLLOWER_FAR_PEER_DISAGREEMENT",
      "scenario_id": "XRPUSDT-PERP.BINANCE-IRX-1716640080000000000-000030",
      "symbol": "XRPUSDT",
      "type": "MARKET_LEADERSHIP_REJECTED"
    },
    {
      "net_structural_r": "1.7369575211544979",
      "observed_ts_ns": 1716640260000000000,
      "reason": "LOWER_GLOBAL_PRIORITY",
      "scenario_id": "ETHUSDT-PERP.BINANCE-IRX-1716640260000000000-000058",
      "symbol": "ETHUSDT",
      "type": "GLOBAL_CANDIDATE_REJECTED"
    },
    {
      "net_structural_r": "2.7572886672459123",
      "observed_ts_ns": 1716640500000000000,
      "reason": "GLOBAL_SLOT_OCCUPIED",
      "scenario_id": "BTCUSDT-PERP.BINANCE-IRX-1716640500000000000-000039",
      "symbol": "BTCUSDT",
      "type": "GLOBAL_CANDIDATE_REJECTED"
    },
    {
      "leader": null,
      "net_structural_r": "1.4525985465614095",
      "observed_ts_ns": 1716646680000000000,
      "peer_returns": {},
      "reason": "INVALID_SWEEP_CONFIRMATION_ORDER",
      "scenario_id": "ETHUSDT-PERP.BINANCE-IRX-1716646680000000000-000059",
      "symbol": "ETHUSDT",
      "type": "MARKET_LEADERSHIP_REJECTED"
    },
    {
      "leader": "BTCUSDT",
      "net_structural_r": "1.4334025594935202",
      "observed_ts_ns": 1716659700000000000,
      "peer_returns": {
        "BTCUSDT": 0.00021997105643989379,
        "SOLUSDT": 0.00028158381911524977,
        "XRPUSDT": -0.00018563207722288588
      },
      "reason": "FOLLOWER_FAR_PEER_DISAGREEMENT",
      "scenario_id": "ETHUSDT-PERP.BINANCE-IRX-1716659700000000000-000060",
      "symbol": "ETHUSDT",
      "type": "MARKET_LEADERSHIP_REJECTED"
    },
    {
      "net_structural_r": "1.469171775756522",
      "observed_ts_ns": 1716677520000000000,
      "reason": "GLOBAL_SLOT_OCCUPIED",
      "scenario_id": "ETHUSDT-PERP.BINANCE-IRX-1716677520000000000-000061",
      "symbol": "ETHUSDT",
      "type": "GLOBAL_CANDIDATE_REJECTED"
    },
    {
      "leader": "BTCUSDT",
      "net_structural_r": "2.1415075245229507",
      "observed_ts_ns": 1716680520000000000,
      "peer_returns": {
        "BTCUSDT": -0.0003116392948293578,
        "SOLUSDT": 6.52787998196569e-05,
        "XRPUSDT": 0.0
      },
      "reason": "FOLLOWER_FAR_PEER_DISAGREEMENT",
      "scenario_id": "ETHUSDT-PERP.BINANCE-IRX-1716680520000000000-000062",
      "symbol": "ETHUSDT",
      "type": "MARKET_LEADERSHIP_REJECTED"
    },
    {
      "net_structural_r": "1.7152994599001425",
      "observed_ts_ns": 1716699780000000000,
      "reason": "LOWER_GLOBAL_PRIORITY",
      "scenario_id": "ETHUSDT-PERP.BINANCE-IRX-1716699780000000000-000063",
      "symbol": "ETHUSDT",
      "type": "GLOBAL_CANDIDATE_REJECTED"
    },
    {
      "leader": null,
      "net_structural_r": "1.3773229876321642",
      "observed_ts_ns": 1716705900000000000,
      "peer_returns": {},
      "reason": "INVALID_SWEEP_CONFIRMATION_ORDER",
      "scenario_id": "BTCUSDT-PERP.BINANCE-IRX-1716705900000000000-000040",
      "symbol": "BTCUSDT",
      "type": "MARKET_LEADERSHIP_REJECTED"
    },
    {
      "leader": "BTCUSDT",
      "net_structural_r": "2.3303057615032947",
      "observed_ts_ns": 1716709920000000000,
      "peer_returns": {
        "BTCUSDT": -0.0005162004761154471,
        "SOLUSDT": -0.005354978381083897,
        "XRPUSDT": 0.0
      },
      "reason": "FOLLOWER_FAR_PEER_DISAGREEMENT",
      "scenario_id": "ETHUSDT-PERP.BINANCE-IRX-1716709920000000000-000064",
      "symbol": "ETHUSDT",
      "type": "MARKET_LEADERSHIP_REJECTED"
    },
    {
      "leader": "BTCUSDT",
      "net_structural_r": "1.5007729639416425",
      "observed_ts_ns": 1716718680000000000,
      "peer_returns": {
        "BTCUSDT": -2.8918491784990508e-05,
        "SOLUSDT": -0.0007571733010923731,
        "XRPUSDT": -0.0022329735764793357
      },
      "reason": "FOLLOWER_FAR_WEAK_LOCAL_DISPLACEMENT",
      "scenario_id": "ETHUSDT-PERP.BINANCE-IRX-1716718680000000000-000066",
      "symbol": "ETHUSDT",
      "type": "MARKET_LEADERSHIP_REJECTED"
    },
    {
      "net_structural_r": "1.9176631506306758",
      "observed_ts_ns": 1716724980000000000,
      "reason": "GLOBAL_SLOT_OCCUPIED",
      "scenario_id": "SOLUSDT-PERP.BINANCE-IRX-1716724980000000000-000075",
      "symbol": "SOLUSDT",
      "type": "GLOBAL_CANDIDATE_REJECTED"
    },
    {
      "leader": "BTCUSDT",
      "net_structural_r": "2.604091551529929",
      "observed_ts_ns": 1716730020000000000,
      "peer_returns": {
        "BTCUSDT": 0.00042016624094642907,
        "ETHUSDT": -0.0011576565461408617,
        "SOLUSDT": -0.0004638728500103717
      },
      "reason": "FOLLOWER_FAR_PEER_DISAGREEMENT",
      "scenario_id": "XRPUSDT-PERP.BINANCE-IRX-1716730020000000000-000032",
      "symbol": "XRPUSDT",
      "type": "MARKET_LEADERSHIP_REJECTED"
    },
    {
      "leader": "ETHUSDT",
      "net_structural_r": "1.33628246644244",
      "observed_ts_ns": 1716735960000000000,
      "peer_returns": {
        "BTCUSDT": -0.00029687745446305147,
        "ETHUSDT": -0.0009968725062046158,
        "SOLUSDT": -0.0015560259820150968
      },
      "reason": "FOLLOWER_FAR_PEER_DISAGREEMENT",
      "scenario_id": "XRPUSDT-PERP.BINANCE-IRX-1716735960000000000-000033",
      "symbol": "XRPUSDT",
      "type": "MARKET_LEADERSHIP_REJECTED"
    },
    {
      "leader": "ETHUSDT",
      "net_structural_r": "5.158623480929793",
      "observed_ts_ns": 1716736860000000000,
      "peer_returns": {
        "BTCUSDT": 0.00036404769024733774,
        "ETHUSDT": 0.0016513346990598698,
        "XRPUSDT": 0.0
      },
      "reason": "FOLLOWER_FAR_PEER_DISAGREEMENT",
      "scenario_id": "SOLUSDT-PERP.BINANCE-IRX-1716736860000000000-000079",
      "symbol": "SOLUSDT",
      "type": "MARKET_LEADERSHIP_REJECTED"
    },
    {
      "leader": "ETHUSDT",
      "net_structural_r": "1.6861249254338952",
      "observed_ts_ns": 1716737640000000000,
      "peer_returns": {
        "BTCUSDT": 0.0007827302555569737,
        "ETHUSDT": 0.0034874779605373885,
        "SOLUSDT": 0.00451283793210111
      },
      "reason": "FOLLOWER_FAR_EVENT_LAGGARD",
      "scenario_id": "XRPUSDT-PERP.BINANCE-IRX-1716737640000000000-000034",
      "symbol": "XRPUSDT",
      "type": "MARKET_LEADERSHIP_REJECTED"
    },
    {
      "leader": null,
      "net_structural_r": "3.977463700871718",
      "observed_ts_ns": 1716743820000000000,
      "peer_returns": {},
      "reason": "INVALID_SWEEP_CONFIRMATION_ORDER",
      "scenario_id": "ETHUSDT-PERP.BINANCE-IRX-1716743820000000000-000069",
      "symbol": "ETHUSDT",
      "type": "MARKET_LEADERSHIP_REJECTED"
    },
    {
      "leader": "ETHUSDT",
      "net_structural_r": "1.6967652381973488",
      "observed_ts_ns": 1716751920000000000,
      "peer_returns": {
        "BTCUSDT": 8.421297170158049e-05,
        "ETHUSDT": 0.0002747615924767466,
        "XRPUSDT": 0.0005652911249294235
      },
      "reason": "FOLLOWER_FAR_WEAK_LOCAL_DISPLACEMENT",
      "scenario_id": "SOLUSDT-PERP.BINANCE-IRX-1716751920000000000-000082",
      "symbol": "SOLUSDT",
      "type": "MARKET_LEADERSHIP_REJECTED"
    },
    {
      "leader": "ETHUSDT",
      "net_structural_r": "1.6268165011416382",
      "observed_ts_ns": 1716754920000000000,
      "peer_returns": {
        "BTCUSDT": -0.0009103448275861181,
        "ETHUSDT": -0.0016089169638729972,
        "XRPUSDT": -0.00018860807242548905
      },
      "reason": "FOLLOWER_FAR_PEER_DISAGREEMENT",
      "scenario_id": "SOLUSDT-PERP.BINANCE-IRX-1716754920000000000-000083",
      "symbol": "SOLUSDT",
      "type": "MARKET_LEADERSHIP_REJECTED"
    },
    {
      "leader": "ETHUSDT",
      "net_structural_r": "2.3759517721548864",
      "observed_ts_ns": 1716760440000000000,
      "peer_returns": {
        "ETHUSDT": -0.0002677348333416374,
        "SOLUSDT": -0.0014118571446111172,
        "XRPUSDT": 0.000947508053818602
      },
      "reason": "FOLLOWER_FAR_PEER_DISAGREEMENT",
      "scenario_id": "BTCUSDT-PERP.BINANCE-IRX-1716760440000000000-000042",
      "symbol": "BTCUSDT",
      "type": "MARKET_LEADERSHIP_REJECTED"
    },
    {
      "leader": "ETHUSDT",
      "net_structural_r": "2.846565654156521",
      "observed_ts_ns": 1716761340000000000,
      "peer_returns": {
        "ETHUSDT": -0.0016603280185540914,
        "SOLUSDT": -0.0032734223753076996,
        "XRPUSDT": 0.0
      },
      "reason": "FOLLOWER_FAR_PEER_DISAGREEMENT",
      "scenario_id": "BTCUSDT-PERP.BINANCE-IRX-1716761340000000000-000043",
      "symbol": "BTCUSDT",
      "type": "MARKET_LEADERSHIP_REJECTED"
    },
    {
      "leader": "ETHUSDT",
      "net_structural_r": "2.4097504858286616",
      "observed_ts_ns": 1716766260000000000,
      "peer_returns": {
        "BTCUSDT": -0.00028353412128545585,
        "SOLUSDT": -0.0007597946103601316,
        "XRPUSDT": -0.001322751322751392
      },
      "reason": "LEADER_EVENT_RECOVERY_WITHOUT_DIRECTIONAL_SUPPORT",
      "scenario_id": "ETHUSDT-PERP.BINANCE-IRX-1716766260000000000-000070",
      "symbol": "ETHUSDT",
      "type": "MARKET_LEADERSHIP_REJECTED"
    },
    {
      "leader": "ETHUSDT",
      "net_structural_r": "2.594422548672325",
      "observed_ts_ns": 1716775380000000000,
      "peer_returns": {
        "BTCUSDT": -7.381611970380675e-05,
        "ETHUSDT": 0.00019301144171834927,
        "SOLUSDT": 0.0004705910744560171
      },
      "reason": "FOLLOWER_FAR_PEER_DISAGREEMENT",
      "scenario_id": "XRPUSDT-PERP.BINANCE-IRX-1716775380000000000-000035",
      "symbol": "XRPUSDT",
      "type": "MARKET_LEADERSHIP_REJECTED"
    },
    {
      "leader": null,
      "net_structural_r": "2.82043410931859",
      "observed_ts_ns": 1716778440000000000,
      "peer_returns": {},
      "reason": "INVALID_SWEEP_CONFIRMATION_ORDER",
      "scenario_id": "ETHUSDT-PERP.BINANCE-IRX-1716778440000000000-000071",
      "symbol": "ETHUSDT",
      "type": "MARKET_LEADERSHIP_REJECTED"
    },
    {
      "leader": "ETHUSDT",
      "net_structural_r": "1.2567203158587754",
      "observed_ts_ns": 1716779160000000000,
      "peer_returns": {
        "ETHUSDT": 0.0003803931580290687,
        "SOLUSDT": 0.0013317522575937435,
        "XRPUSDT": -0.001314553990610201
      },
      "reason": "FOLLOWER_FAR_PEER_DISAGREEMENT",
      "scenario_id": "BTCUSDT-PERP.BINANCE-IRX-1716779160000000000-000045",
      "symbol": "BTCUSDT",
      "type": "MARKET_LEADERSHIP_REJECTED"
    },
    {
      "leader": null,
      "net_structural_r": "1.8120885053735782",
      "observed_ts_ns": 1716786000000000000,
      "peer_returns": {},
      "reason": "INVALID_SWEEP_CONFIRMATION_ORDER",
      "scenario_id": "ETHUSDT-PERP.BINANCE-IRX-1716786000000000000-000073",
      "symbol": "ETHUSDT",
      "type": "MARKET_LEADERSHIP_REJECTED"
    },
    {
      "net_structural_r": "3.188327845890231",
      "observed_ts_ns": 1716789120000000000,
      "reason": "GLOBAL_SLOT_OCCUPIED",
      "scenario_id": "SOLUSDT-PERP.BINANCE-IRX-1716789120000000000-000085",
      "symbol": "SOLUSDT",
      "type": "GLOBAL_CANDIDATE_REJECTED"
    },
    {
      "leader": "ETHUSDT",
      "net_structural_r": "3.28988416061737",
      "observed_ts_ns": 1716790680000000000,
      "peer_returns": {
        "BTCUSDT": -0.0003584568868165716,
        "ETHUSDT": -0.0010107300738139147,
        "XRPUSDT": -0.0009458948164963177
      },
      "reason": "FOLLOWER_FAR_WEAK_LOCAL_DISPLACEMENT",
      "scenario_id": "SOLUSDT-PERP.BINANCE-IRX-1716790680000000000-000086",
      "symbol": "SOLUSDT",
      "type": "MARKET_LEADERSHIP_REJECTED"
    },
    {
      "leader": "ETHUSDT",
      "net_structural_r": "1.6813233403935106",
      "observed_ts_ns": 1716791100000000000,
      "peer_returns": {
        "BTCUSDT": -1.4583615891572421e-06,
        "ETHUSDT": 0.00027083306718456157,
        "XRPUSDT": 0.000378644452858623
      },
      "reason": "FOLLOWER_FAR_PEER_DISAGREEMENT",
      "scenario_id": "SOLUSDT-PERP.BINANCE-IRX-1716791100000000000-000087",
      "symbol": "SOLUSDT",
      "type": "MARKET_LEADERSHIP_REJECTED"
    },
    {
      "leader": "ETHUSDT",
      "net_structural_r": "1.5646708812817092",
      "observed_ts_ns": 1716791400000000000,
      "peer_returns": {
        "ETHUSDT": 0.0006111844191445392,
        "SOLUSDT": -0.00012689511816366128,
        "XRPUSDT": -0.00018946570670730356
      },
      "reason": "FOLLOWER_FAR_PEER_DISAGREEMENT",
      "scenario_id": "BTCUSDT-PERP.BINANCE-IRX-1716791400000000000-000046",
      "symbol": "BTCUSDT",
      "type": "MARKET_LEADERSHIP_REJECTED"
    },
    {
      "leader": "ETHUSDT",
      "net_structural_r": "2.520541825762379",
      "observed_ts_ns": 1716792240000000000,
      "peer_returns": {
        "BTCUSDT": -0.0005775861566015283,
        "SOLUSDT": 0.0006842803248212626,
        "XRPUSDT": -0.00018978933383939633
      },
      "reason": "LEADER_EVENT_RECOVERY_WITHOUT_DIRECTIONAL_SUPPORT",
      "scenario_id": "ETHUSDT-PERP.BINANCE-IRX-1716792240000000000-000074",
      "symbol": "ETHUSDT",
      "type": "MARKET_LEADERSHIP_REJECTED"
    },
    {
      "leader": "ETHUSDT",
      "net_structural_r": "1.7012753988676217",
      "observed_ts_ns": 1716794100000000000,
      "peer_returns": {
        "BTCUSDT": -0.0002600217950853301,
        "SOLUSDT": -0.0006130165878647231,
        "XRPUSDT": -0.0003805899143671798
      },
      "reason": "LEADER_EVENT_RECOVERY_WITHOUT_DIRECTIONAL_SUPPORT",
      "scenario_id": "ETHUSDT-PERP.BINANCE-IRX-1716794100000000000-000075",
      "symbol": "ETHUSDT",
      "type": "MARKET_LEADERSHIP_REJECTED"
    },
    {
      "leader": null,
      "net_structural_r": "2.917127495551994",
      "observed_ts_ns": 1716802380000000000,
      "peer_returns": {},
      "reason": "INVALID_SWEEP_CONFIRMATION_ORDER",
      "scenario_id": "SOLUSDT-PERP.BINANCE-IRX-1716802380000000000-000088",
      "symbol": "SOLUSDT",
      "type": "MARKET_LEADERSHIP_REJECTED"
    },
    {
      "leader": "ETHUSDT",
      "net_structural_r": "1.4293428718607897",
      "observed_ts_ns": 1716805260000000000,
      "peer_returns": {
        "BTCUSDT": 0.00013417474510446503,
        "ETHUSDT": -0.00010244930680236575,
        "XRPUSDT": 0.0001886436521409962
      },
      "reason": "FOLLOWER_FAR_PEER_DISAGREEMENT",
      "scenario_id": "SOLUSDT-PERP.BINANCE-IRX-1716805260000000000-000089",
      "symbol": "SOLUSDT",
      "type": "MARKET_LEADERSHIP_REJECTED"
    },
    {
      "leader": "ETHUSDT",
      "net_structural_r": "2.5854291242351177",
      "observed_ts_ns": 1716807660000000000,
      "peer_returns": {
        "BTCUSDT": -0.00038193199278135914,
        "SOLUSDT": 0.0005653353220305135,
        "XRPUSDT": -0.0013225014169658822
      },
      "reason": "LEADER_DIRECTIONAL_DISAGREEMENT",
      "scenario_id": "ETHUSDT-PERP.BINANCE-IRX-1716807660000000000-000076",
      "symbol": "ETHUSDT",
      "type": "MARKET_LEADERSHIP_REJECTED"
    },
    {
      "leader": null,
      "net_structural_r": "1.628257147340024",
      "observed_ts_ns": 1716813360000000000,
      "peer_returns": {},
      "reason": "INVALID_SWEEP_CONFIRMATION_ORDER",
      "scenario_id": "ETHUSDT-PERP.BINANCE-IRX-1716813360000000000-000077",
      "symbol": "ETHUSDT",
      "type": "MARKET_LEADERSHIP_REJECTED"
    },
    {
      "leader": null,
      "net_structural_r": "2.9080705563356477",
      "observed_ts_ns": 1716821580000000000,
      "peer_returns": {},
      "reason": "INVALID_SWEEP_CONFIRMATION_ORDER",
      "scenario_id": "XRPUSDT-PERP.BINANCE-IRX-1716821580000000000-000039",
      "symbol": "XRPUSDT",
      "type": "MARKET_LEADERSHIP_REJECTED"
    },
    {
      "leader": null,
      "net_structural_r": "4.079998201667295",
      "observed_ts_ns": 1716823860000000000,
      "peer_returns": {},
      "reason": "INVALID_SWEEP_CONFIRMATION_ORDER",
      "scenario_id": "BTCUSDT-PERP.BINANCE-IRX-1716823860000000000-000050",
      "symbol": "BTCUSDT",
      "type": "MARKET_LEADERSHIP_REJECTED"
    },
    {
      "leader": "ETHUSDT",
      "net_structural_r": "1.8690993382492234",
      "observed_ts_ns": 1716825300000000000,
      "peer_returns": {
        "ETHUSDT": 0.00028268479887727516,
        "SOLUSDT": -0.002631578947368318,
        "XRPUSDT": -0.0007410151908113782
      },
      "reason": "FOLLOWER_FAR_PEER_DISAGREEMENT",
      "scenario_id": "BTCUSDT-PERP.BINANCE-IRX-1716825300000000000-000051",
      "symbol": "BTCUSDT",
      "type": "MARKET_LEADERSHIP_REJECTED"
    },
    {
      "leader": null,
      "net_structural_r": "1.8083276874534115",
      "observed_ts_ns": 1716830880000000000,
      "peer_returns": {},
      "reason": "INVALID_SWEEP_CONFIRMATION_ORDER",
      "scenario_id": "XRPUSDT-PERP.BINANCE-IRX-1716830880000000000-000040",
      "symbol": "XRPUSDT",
      "type": "MARKET_LEADERSHIP_REJECTED"
    },
    {
      "leader": "BTCUSDT",
      "net_structural_r": "1.9290359204521021",
      "observed_ts_ns": 1716831420000000000,
      "peer_returns": {
        "BTCUSDT": 0.0004224390521434529,
        "SOLUSDT": -0.0005462575546258952,
        "XRPUSDT": 0.0011117287381878782
      },
      "reason": "FOLLOWER_FAR_PEER_DISAGREEMENT",
      "scenario_id": "ETHUSDT-PERP.BINANCE-IRX-1716831420000000000-000080",
      "symbol": "ETHUSDT",
      "type": "MARKET_LEADERSHIP_REJECTED"
    },
    {
      "leader": "BTCUSDT",
      "net_structural_r": "2.3071897276321898",
      "observed_ts_ns": 1716832800000000000,
      "peer_returns": {
        "BTCUSDT": 0.00019651205345128098,
        "SOLUSDT": -0.0003676964111661851,
        "XRPUSDT": 0.0007439092430725491
      },
      "reason": "FOLLOWER_FAR_PEER_DISAGREEMENT",
      "scenario_id": "ETHUSDT-PERP.BINANCE-IRX-1716832800000000000-000081",
      "symbol": "ETHUSDT",
      "type": "MARKET_LEADERSHIP_REJECTED"
    },
    {
      "leader": "BTCUSDT",
      "net_structural_r": "3.7697282411372326",
      "observed_ts_ns": 1716840840000000000,
      "peer_returns": {
        "BTCUSDT": 5.752217479848554e-05,
        "ETHUSDT": -0.0010492720675031597,
        "XRPUSDT": -0.00037383177570093906
      },
      "reason": "FOLLOWER_FAR_PEER_DISAGREEMENT",
      "scenario_id": "SOLUSDT-PERP.BINANCE-IRX-1716840840000000000-000092",
      "symbol": "SOLUSDT",
      "type": "MARKET_LEADERSHIP_REJECTED"
    },
    {
      "net_structural_r": "1.9534687569170381",
      "observed_ts_ns": 1716841200000000000,
      "reason": "GLOBAL_SLOT_OCCUPIED",
      "scenario_id": "ETHUSDT-PERP.BINANCE-IRX-1716841200000000000-000082",
      "symbol": "ETHUSDT",
      "type": "GLOBAL_CANDIDATE_REJECTED"
    },
    {
      "leader": null,
      "net_structural_r": "5.064279210337299",
      "observed_ts_ns": 1716846600000000000,
      "peer_returns": {},
      "reason": "INVALID_SWEEP_CONFIRMATION_ORDER",
      "scenario_id": "ETHUSDT-PERP.BINANCE-IRX-1716846600000000000-000083",
      "symbol": "ETHUSDT",
      "type": "MARKET_LEADERSHIP_REJECTED"
    },
    {
      "net_structural_r": "3.387884688672985",
      "observed_ts_ns": 1716854460000000000,
      "reason": "GLOBAL_SLOT_OCCUPIED",
      "scenario_id": "SOLUSDT-PERP.BINANCE-IRX-1716854460000000000-000093",
      "symbol": "SOLUSDT",
      "type": "GLOBAL_CANDIDATE_REJECTED"
    },
    {
      "leader": "BTCUSDT",
      "net_structural_r": "2.3376197371597547",
      "observed_ts_ns": 1716855600000000000,
      "peer_returns": {
        "BTCUSDT": 1.8736416098175113e-05,
        "ETHUSDT": -0.00023930154825524408,
        "XRPUSDT": 0.00018705574261135283
      },
      "reason": "FOLLOWER_FAR_PEER_DISAGREEMENT",
      "scenario_id": "SOLUSDT-PERP.BINANCE-IRX-1716855600000000000-000094",
      "symbol": "SOLUSDT",
      "type": "MARKET_LEADERSHIP_REJECTED"
    },
    {
      "net_structural_r": "1.6301651452548374",
      "observed_ts_ns": 1716859440000000000,
      "reason": "GLOBAL_SLOT_OCCUPIED",
      "scenario_id": "SOLUSDT-PERP.BINANCE-IRX-1716859440000000000-000095",
      "symbol": "SOLUSDT",
      "type": "GLOBAL_CANDIDATE_REJECTED"
    },
    {
      "net_structural_r": "5.1518812342898075",
      "observed_ts_ns": 1716864000000000000,
      "reason": "GLOBAL_SLOT_OCCUPIED",
      "scenario_id": "SOLUSDT-PERP.BINANCE-IRX-1716864000000000000-000096",
      "symbol": "SOLUSDT",
      "type": "GLOBAL_CANDIDATE_REJECTED"
    },
    {
      "net_structural_r": "1.9436377284795154",
      "observed_ts_ns": 1716866400000000000,
      "reason": "GLOBAL_SLOT_OCCUPIED",
      "scenario_id": "XRPUSDT-PERP.BINANCE-IRX-1716866400000000000-000041",
      "symbol": "XRPUSDT",
      "type": "GLOBAL_CANDIDATE_REJECTED"
    },
    {
      "leader": "BTCUSDT",
      "net_structural_r": "2.0443746298785386",
      "observed_ts_ns": 1716869280000000000,
      "peer_returns": {
        "BTCUSDT": -0.0008960441852607914,
        "ETHUSDT": -0.0003554692973124496,
        "XRPUSDT": -0.0003790750568611889
      },
      "reason": "FOLLOWER_FAR_WEAK_LOCAL_DISPLACEMENT",
      "scenario_id": "SOLUSDT-PERP.BINANCE-IRX-1716869280000000000-000097",
      "symbol": "SOLUSDT",
      "type": "MARKET_LEADERSHIP_REJECTED"
    },
    {
      "net_structural_r": "2.6363134842889617",
      "observed_ts_ns": 1716872640000000000,
      "reason": "GLOBAL_SLOT_OCCUPIED",
      "scenario_id": "XRPUSDT-PERP.BINANCE-IRX-1716872640000000000-000042",
      "symbol": "XRPUSDT",
      "type": "GLOBAL_CANDIDATE_REJECTED"
    },
    {
      "net_structural_r": "2.9937432280603113",
      "observed_ts_ns": 1716874620000000000,
      "reason": "GLOBAL_SLOT_OCCUPIED",
      "scenario_id": "SOLUSDT-PERP.BINANCE-IRX-1716874620000000000-000098",
      "symbol": "SOLUSDT",
      "type": "GLOBAL_CANDIDATE_REJECTED"
    },
    {
      "leader": "BTCUSDT",
      "net_structural_r": "4.0484284412580385",
      "observed_ts_ns": 1716875160000000000,
      "peer_returns": {
        "BTCUSDT": -0.0001618572977777344,
        "ETHUSDT": -0.0003551274440932728,
        "SOLUSDT": -9.002790865175747e-05
      },
      "reason": "FOLLOWER_FAR_WEAK_LOCAL_DISPLACEMENT",
      "scenario_id": "XRPUSDT-PERP.BINANCE-IRX-1716875160000000000-000043",
      "symbol": "XRPUSDT",
      "type": "MARKET_LEADERSHIP_REJECTED"
    },
    {
      "net_structural_r": "2.852160834349043",
      "observed_ts_ns": 1716877980000000000,
      "reason": "GLOBAL_SLOT_OCCUPIED",
      "scenario_id": "SOLUSDT-PERP.BINANCE-IRX-1716877980000000000-000099",
      "symbol": "SOLUSDT",
      "type": "GLOBAL_CANDIDATE_REJECTED"
    },
    {
      "net_structural_r": "2.1243562044665225",
      "observed_ts_ns": 1716881640000000000,
      "reason": "GLOBAL_SLOT_OCCUPIED",
      "scenario_id": "ETHUSDT-PERP.BINANCE-IRX-1716881640000000000-000084",
      "symbol": "ETHUSDT",
      "type": "GLOBAL_CANDIDATE_REJECTED"
    },
    {
      "net_structural_r": "2.0165871058836604",
      "observed_ts_ns": 1716881880000000000,
      "reason": "GLOBAL_SLOT_OCCUPIED",
      "scenario_id": "SOLUSDT-PERP.BINANCE-IRX-1716881880000000000-000100",
      "symbol": "SOLUSDT",
      "type": "GLOBAL_CANDIDATE_REJECTED"
    },
    {
      "leader": "BTCUSDT",
      "net_structural_r": "2.415135781912755",
      "observed_ts_ns": 1716890580000000000,
      "peer_returns": {
        "BTCUSDT": -0.0008933754238416025,
        "ETHUSDT": -0.0009289112696750923,
        "SOLUSDT": -0.0015279156733233323
      },
      "reason": "FOLLOWER_FAR_PEER_DISAGREEMENT",
      "scenario_id": "XRPUSDT-PERP.BINANCE-IRX-1716890580000000000-000044",
      "symbol": "XRPUSDT",
      "type": "MARKET_LEADERSHIP_REJECTED"
    },
    {
      "leader": "BTCUSDT",
      "net_structural_r": "3.6788728622933315",
      "observed_ts_ns": 1716893460000000000,
      "peer_returns": {
        "BTCUSDT": 0.0008594399778207862,
        "ETHUSDT": 0.00141300166688052,
        "SOLUSDT": 0.0021043671529568098
      },
      "reason": "FOLLOWER_FAR_WEAK_LOCAL_DISPLACEMENT",
      "scenario_id": "XRPUSDT-PERP.BINANCE-IRX-1716893460000000000-000045",
      "symbol": "XRPUSDT",
      "type": "MARKET_LEADERSHIP_REJECTED"
    },
    {
      "leader": "BTCUSDT",
      "net_structural_r": "1.5092042224267763",
      "observed_ts_ns": 1716894780000000000,
      "peer_returns": {
        "BTCUSDT": 0.0008895045751158293,
        "ETHUSDT": 0.0026964343440045724,
        "XRPUSDT": 0.0015054572826496138
      },
      "reason": "FOLLOWER_FAR_WEAK_LOCAL_DISPLACEMENT",
      "scenario_id": "SOLUSDT-PERP.BINANCE-IRX-1716894780000000000-000101",
      "symbol": "SOLUSDT",
      "type": "MARKET_LEADERSHIP_REJECTED"
    },
    {
      "leader": null,
      "net_structural_r": "1.3737451857216616",
      "observed_ts_ns": 1716896580000000000,
      "peer_returns": {},
      "reason": "INVALID_SWEEP_CONFIRMATION_ORDER",
      "scenario_id": "XRPUSDT-PERP.BINANCE-IRX-1716896580000000000-000046",
      "symbol": "XRPUSDT",
      "type": "MARKET_LEADERSHIP_REJECTED"
    },
    {
      "leader": "BTCUSDT",
      "net_structural_r": "3.8125857390792675",
      "observed_ts_ns": 1716896640000000000,
      "peer_returns": {
        "BTCUSDT": 0.0003581530994860582,
        "SOLUSDT": 0.0007035217470987565,
        "XRPUSDT": 0.00037608123354648804
      },
      "reason": "FOLLOWER_FAR_WEAK_LOCAL_DISPLACEMENT",
      "scenario_id": "ETHUSDT-PERP.BINANCE-IRX-1716896640000000000-000085",
      "symbol": "ETHUSDT",
      "type": "MARKET_LEADERSHIP_REJECTED"
    },
    {
      "leader": null,
      "net_structural_r": "2.7054446031074924",
      "observed_ts_ns": 1716896760000000000,
      "peer_returns": {},
      "reason": "INVALID_SWEEP_CONFIRMATION_ORDER",
      "scenario_id": "SOLUSDT-PERP.BINANCE-IRX-1716896760000000000-000102",
      "symbol": "SOLUSDT",
      "type": "MARKET_LEADERSHIP_REJECTED"
    },
    {
      "leader": null,
      "net_structural_r": "1.564798843876674",
      "observed_ts_ns": 1716901440000000000,
      "peer_returns": {},
      "reason": "INVALID_SWEEP_CONFIRMATION_ORDER",
      "scenario_id": "ETHUSDT-PERP.BINANCE-IRX-1716901440000000000-000086",
      "symbol": "ETHUSDT",
      "type": "MARKET_LEADERSHIP_REJECTED"
    },
    {
      "net_structural_r": "1.3392511279064518",
      "observed_ts_ns": 1716902160000000000,
      "reason": "GLOBAL_SLOT_OCCUPIED",
      "scenario_id": "SOLUSDT-PERP.BINANCE-IRX-1716902160000000000-000103",
      "symbol": "SOLUSDT",
      "type": "GLOBAL_CANDIDATE_REJECTED"
    },
    {
      "leader": "BTCUSDT",
      "net_structural_r": "2.1669423628176645",
      "observed_ts_ns": 1716906540000000000,
      "peer_returns": {
        "BTCUSDT": -0.0019790060926374586,
        "ETHUSDT": -0.003197390558293711,
        "SOLUSDT": -0.005963056998439353
      },
      "reason": "FOLLOWER_FAR_EVENT_LAGGARD",
      "scenario_id": "XRPUSDT-PERP.BINANCE-IRX-1716906540000000000-000047",
      "symbol": "XRPUSDT",
      "type": "MARKET_LEADERSHIP_REJECTED"
    },
    {
      "leader": "BTCUSDT",
      "net_structural_r": "2.5892899849650233",
      "observed_ts_ns": 1716911100000000000,
      "peer_returns": {
        "BTCUSDT": -0.0014742230347349894,
        "SOLUSDT": -5.3486741231068e-05,
        "XRPUSDT": -0.0005655042412817668
      },
      "reason": "FOLLOWER_FAR_WEAK_LOCAL_DISPLACEMENT",
      "scenario_id": "ETHUSDT-PERP.BINANCE-IRX-1716911100000000000-000087",
      "symbol": "ETHUSDT",
      "type": "MARKET_LEADERSHIP_REJECTED"
    },
    {
      "leader": "BTCUSDT",
      "net_structural_r": "4.812920678679539",
      "observed_ts_ns": 1716911880000000000,
      "peer_returns": {
        "BTCUSDT": -0.000676208558492819,
        "ETHUSDT": -0.0014425798912637289,
        "XRPUSDT": -0.000565184626978299
      },
      "reason": "FOLLOWER_FAR_WEAK_LOCAL_DISPLACEMENT",
      "scenario_id": "SOLUSDT-PERP.BINANCE-IRX-1716911880000000000-000104",
      "symbol": "SOLUSDT",
      "type": "MARKET_LEADERSHIP_REJECTED"
    },
    {
      "net_structural_r": "2.027541830441257",
      "observed_ts_ns": 1716920820000000000,
      "reason": "GLOBAL_SLOT_OCCUPIED",
      "scenario_id": "SOLUSDT-PERP.BINANCE-IRX-1716920820000000000-000105",
      "symbol": "SOLUSDT",
      "type": "GLOBAL_CANDIDATE_REJECTED"
    },
    {
      "net_structural_r": "1.4887370113213685",
      "observed_ts_ns": 1716922260000000000,
      "reason": "GLOBAL_SLOT_OCCUPIED",
      "scenario_id": "SOLUSDT-PERP.BINANCE-IRX-1716922260000000000-000106",
      "symbol": "SOLUSDT",
      "type": "GLOBAL_CANDIDATE_REJECTED"
    },
    {
      "net_structural_r": "1.3939846707582964",
      "observed_ts_ns": 1716922320000000000,
      "reason": "GLOBAL_SLOT_OCCUPIED",
      "scenario_id": "XRPUSDT-PERP.BINANCE-IRX-1716922320000000000-000048",
      "symbol": "XRPUSDT",
      "type": "GLOBAL_CANDIDATE_REJECTED"
    },
    {
      "net_structural_r": "2.64166197952267",
      "observed_ts_ns": 1716923760000000000,
      "reason": "GLOBAL_SLOT_OCCUPIED",
      "scenario_id": "XRPUSDT-PERP.BINANCE-IRX-1716923760000000000-000049",
      "symbol": "XRPUSDT",
      "type": "GLOBAL_CANDIDATE_REJECTED"
    },
    {
      "net_structural_r": "5.443038417570618",
      "observed_ts_ns": 1716925080000000000,
      "reason": "GLOBAL_SLOT_OCCUPIED",
      "scenario_id": "SOLUSDT-PERP.BINANCE-IRX-1716925080000000000-000107",
      "symbol": "SOLUSDT",
      "type": "GLOBAL_CANDIDATE_REJECTED"
    },
    {
      "net_structural_r": "1.6350947991381761",
      "observed_ts_ns": 1716925200000000000,
      "reason": "GLOBAL_SLOT_OCCUPIED",
      "scenario_id": "ETHUSDT-PERP.BINANCE-IRX-1716925200000000000-000088",
      "symbol": "ETHUSDT",
      "type": "GLOBAL_CANDIDATE_REJECTED"
    },
    {
      "leader": "BTCUSDT",
      "net_structural_r": "2.8525895363013984",
      "observed_ts_ns": 1716928320000000000,
      "peer_returns": {
        "BTCUSDT": 8.332748579031879e-05,
        "SOLUSDT": -0.00034658583580049473,
        "XRPUSDT": -0.0003780003780002872
      },
      "reason": "FOLLOWER_FAR_PEER_DISAGREEMENT",
      "scenario_id": "ETHUSDT-PERP.BINANCE-IRX-1716928320000000000-000089",
      "symbol": "ETHUSDT",
      "type": "MARKET_LEADERSHIP_REJECTED"
    },
    {
      "leader": "BTCUSDT",
      "net_structural_r": "4.1660549822686885",
      "observed_ts_ns": 1716929820000000000,
      "peer_returns": {
        "BTCUSDT": 0.0005872506564466029,
        "ETHUSDT": -9.125967026579751e-05,
        "XRPUSDT": -0.0005685048322909836
      },
      "reason": "FOLLOWER_FAR_PEER_DISAGREEMENT",
      "scenario_id": "SOLUSDT-PERP.BINANCE-IRX-1716929820000000000-000108",
      "symbol": "SOLUSDT",
      "type": "MARKET_LEADERSHIP_REJECTED"
    },
    {
      "net_structural_r": "3.466354576339147",
      "observed_ts_ns": 1716930120000000000,
      "reason": "GLOBAL_SLOT_OCCUPIED",
      "scenario_id": "ETHUSDT-PERP.BINANCE-IRX-1716930120000000000-000090",
      "symbol": "ETHUSDT",
      "type": "GLOBAL_CANDIDATE_REJECTED"
    },
    {
      "leader": null,
      "net_structural_r": "2.429961321931727",
      "observed_ts_ns": 1716931020000000000,
      "peer_returns": {},
      "reason": "INVALID_SWEEP_CONFIRMATION_ORDER",
      "scenario_id": "SOLUSDT-PERP.BINANCE-IRX-1716931020000000000-000109",
      "symbol": "SOLUSDT",
      "type": "MARKET_LEADERSHIP_REJECTED"
    },
    {
      "leader": "BTCUSDT",
      "net_structural_r": "4.109259667703291",
      "observed_ts_ns": 1716933120000000000,
      "peer_returns": {
        "BTCUSDT": 7.011045317639741e-05,
        "ETHUSDT": 0.0001742762981633561,
        "XRPUSDT": 0.0005681818181817455
      },
      "reason": "FOLLOWER_FAR_PEER_DISAGREEMENT",
      "scenario_id": "SOLUSDT-PERP.BINANCE-IRX-1716933120000000000-000110",
      "symbol": "SOLUSDT",
      "type": "MARKET_LEADERSHIP_REJECTED"
    },
    {
      "leader": "BTCUSDT",
      "net_structural_r": "1.4648502499314677",
      "observed_ts_ns": 1716934800000000000,
      "peer_returns": {
        "BTCUSDT": 0.000316364807986913,
        "SOLUSDT": 0.0013453946786099458,
        "XRPUSDT": 0.00037828636277681404
      },
      "reason": "FOLLOWER_FAR_WEAK_LOCAL_DISPLACEMENT",
      "scenario_id": "ETHUSDT-PERP.BINANCE-IRX-1716934800000000000-000091",
      "symbol": "ETHUSDT",
      "type": "MARKET_LEADERSHIP_REJECTED"
    },
    {
      "net_structural_r": "3.4158604938682933",
      "observed_ts_ns": 1716937140000000000,
      "reason": "GLOBAL_SLOT_OCCUPIED",
      "scenario_id": "SOLUSDT-PERP.BINANCE-IRX-1716937140000000000-000111",
      "symbol": "SOLUSDT",
      "type": "GLOBAL_CANDIDATE_REJECTED"
    },
    {
      "net_structural_r": "1.713870321508785",
      "observed_ts_ns": 1716948300000000000,
      "reason": "GLOBAL_SLOT_OCCUPIED",
      "scenario_id": "SOLUSDT-PERP.BINANCE-IRX-1716948300000000000-000112",
      "symbol": "SOLUSDT",
      "type": "GLOBAL_CANDIDATE_REJECTED"
    },
    {
      "net_structural_r": "1.7598260862292119",
      "observed_ts_ns": 1716955140000000000,
      "reason": "GLOBAL_SLOT_OCCUPIED",
      "scenario_id": "SOLUSDT-PERP.BINANCE-IRX-1716955140000000000-000113",
      "symbol": "SOLUSDT",
      "type": "GLOBAL_CANDIDATE_REJECTED"
    },
    {
      "net_structural_r": "1.647714045747532",
      "observed_ts_ns": 1716956880000000000,
      "reason": "GLOBAL_SLOT_OCCUPIED",
      "scenario_id": "SOLUSDT-PERP.BINANCE-IRX-1716956880000000000-000114",
      "symbol": "SOLUSDT",
      "type": "GLOBAL_CANDIDATE_REJECTED"
    },
    {
      "leader": "BTCUSDT",
      "net_structural_r": "3.7990772742289107",
      "observed_ts_ns": 1716958560000000000,
      "peer_returns": {
        "BTCUSDT": 0.0001583197768997291,
        "SOLUSDT": 0.0005459878604825441,
        "XRPUSDT": 0.00037728730428221446
      },
      "reason": "FOLLOWER_FAR_WEAK_LOCAL_DISPLACEMENT",
      "scenario_id": "ETHUSDT-PERP.BINANCE-IRX-1716958560000000000-000092",
      "symbol": "ETHUSDT",
      "type": "MARKET_LEADERSHIP_REJECTED"
    },
    {
      "leader": "BTCUSDT",
      "net_structural_r": "3.993895255164113",
      "observed_ts_ns": 1716960360000000000,
      "peer_returns": {
        "BTCUSDT": 0.0006333620166245613,
        "ETHUSDT": 0.00043952975487160373,
        "XRPUSDT": 0.0022645782223060795
      },
      "reason": "FOLLOWER_FAR_PEER_DISAGREEMENT",
      "scenario_id": "SOLUSDT-PERP.BINANCE-IRX-1716960360000000000-000115",
      "symbol": "SOLUSDT",
      "type": "MARKET_LEADERSHIP_REJECTED"
    },
    {
      "net_structural_r": "2.4068134644542694",
      "observed_ts_ns": 1716965640000000000,
      "reason": "GLOBAL_SLOT_OCCUPIED",
      "scenario_id": "SOLUSDT-PERP.BINANCE-IRX-1716965640000000000-000116",
      "symbol": "SOLUSDT",
      "type": "GLOBAL_CANDIDATE_REJECTED"
    },
    {
      "net_structural_r": "1.462699775094471",
      "observed_ts_ns": 1716967380000000000,
      "reason": "GLOBAL_SLOT_OCCUPIED",
      "scenario_id": "ETHUSDT-PERP.BINANCE-IRX-1716967380000000000-000093",
      "symbol": "ETHUSDT",
      "type": "GLOBAL_CANDIDATE_REJECTED"
    },
    {
      "net_structural_r": "4.410969509099738",
      "observed_ts_ns": 1716968760000000000,
      "reason": "GLOBAL_SLOT_OCCUPIED",
      "scenario_id": "SOLUSDT-PERP.BINANCE-IRX-1716968760000000000-000117",
      "symbol": "SOLUSDT",
      "type": "GLOBAL_CANDIDATE_REJECTED"
    },
    {
      "leader": "BTCUSDT",
      "net_structural_r": "2.9633796865221713",
      "observed_ts_ns": 1716969300000000000,
      "peer_returns": {
        "BTCUSDT": -0.0006771592144952931,
        "ETHUSDT": -0.000694945120157886,
        "XRPUSDT": -0.0007588692847658729
      },
      "reason": "FOLLOWER_FAR_WEAK_LOCAL_DISPLACEMENT",
      "scenario_id": "SOLUSDT-PERP.BINANCE-IRX-1716969300000000000-000118",
      "symbol": "SOLUSDT",
      "type": "MARKET_LEADERSHIP_REJECTED"
    },
    {
      "leader": null,
      "net_structural_r": "2.0614132709054047",
      "observed_ts_ns": 1716973860000000000,
      "peer_returns": {},
      "reason": "INVALID_SWEEP_CONFIRMATION_ORDER",
      "scenario_id": "SOLUSDT-PERP.BINANCE-IRX-1716973860000000000-000119",
      "symbol": "SOLUSDT",
      "type": "MARKET_LEADERSHIP_REJECTED"
    },
    {
      "net_structural_r": "1.4163279038790932",
      "observed_ts_ns": 1716975180000000000,
      "reason": "GLOBAL_SLOT_OCCUPIED",
      "scenario_id": "ETHUSDT-PERP.BINANCE-IRX-1716975180000000000-000094",
      "symbol": "ETHUSDT",
      "type": "GLOBAL_CANDIDATE_REJECTED"
    },
    {
      "leader": "BTCUSDT",
      "net_structural_r": "2.2021513290832053",
      "observed_ts_ns": 1716976320000000000,
      "peer_returns": {
        "BTCUSDT": -0.00034883053459378033,
        "ETHUSDT": -0.0006738933203274122,
        "XRPUSDT": -0.0005660377358491786
      },
      "reason": "FOLLOWER_FAR_WEAK_LOCAL_DISPLACEMENT",
      "scenario_id": "SOLUSDT-PERP.BINANCE-IRX-1716976320000000000-000120",
      "symbol": "SOLUSDT",
      "type": "MARKET_LEADERSHIP_REJECTED"
    },
    {
      "leader": null,
      "net_structural_r": "1.3140270943084087",
      "observed_ts_ns": 1716983520000000000,
      "peer_returns": {},
      "reason": "INVALID_SWEEP_CONFIRMATION_ORDER",
      "scenario_id": "ETHUSDT-PERP.BINANCE-IRX-1716983520000000000-000095",
      "symbol": "ETHUSDT",
      "type": "MARKET_LEADERSHIP_REJECTED"
    },
    {
      "leader": null,
      "net_structural_r": "1.8253057574567058",
      "observed_ts_ns": 1716985380000000000,
      "peer_returns": {},
      "reason": "INVALID_SWEEP_CONFIRMATION_ORDER",
      "scenario_id": "SOLUSDT-PERP.BINANCE-IRX-1716985380000000000-000121",
      "symbol": "SOLUSDT",
      "type": "MARKET_LEADERSHIP_REJECTED"
    },
    {
      "leader": "BTCUSDT",
      "net_structural_r": "2.2063744721133016",
      "observed_ts_ns": 1716988740000000000,
      "peer_returns": {
        "BTCUSDT": -0.0006167618242052253,
        "SOLUSDT": -0.001924007601600497,
        "XRPUSDT": -0.0013157894736842701
      },
      "reason": "FOLLOWER_FAR_WEAK_LOCAL_DISPLACEMENT",
      "scenario_id": "ETHUSDT-PERP.BINANCE-IRX-1716988740000000000-000096",
      "symbol": "ETHUSDT",
      "type": "MARKET_LEADERSHIP_REJECTED"
    },
    {
      "leader": "BTCUSDT",
      "net_structural_r": "1.4562544068860452",
      "observed_ts_ns": 1716991560000000000,
      "peer_returns": {
        "BTCUSDT": 0.0010131428781798846,
        "ETHUSDT": 0.0009739430743436195,
        "SOLUSDT": 0.001321739955072676
      },
      "reason": "FOLLOWER_FAR_WEAK_LOCAL_DISPLACEMENT",
      "scenario_id": "XRPUSDT-PERP.BINANCE-IRX-1716991560000000000-000050",
      "symbol": "XRPUSDT",
      "type": "MARKET_LEADERSHIP_REJECTED"
    },
    {
      "leader": null,
      "net_structural_r": "1.9386098834788592",
      "observed_ts_ns": 1716991800000000000,
      "peer_returns": {},
      "reason": "INVALID_SWEEP_CONFIRMATION_ORDER",
      "scenario_id": "SOLUSDT-PERP.BINANCE-IRX-1716991800000000000-000122",
      "symbol": "SOLUSDT",
      "type": "MARKET_LEADERSHIP_REJECTED"
    },
    {
      "leader": "BTCUSDT",
      "net_structural_r": "1.9339795724398492",
      "observed_ts_ns": 1716994740000000000,
      "peer_returns": {
        "BTCUSDT": -0.001550739884410235,
        "SOLUSDT": -0.0015399592884327573,
        "XRPUSDT": -0.0015074429998114258
      },
      "reason": "FOLLOWER_FAR_WEAK_LOCAL_DISPLACEMENT",
      "scenario_id": "ETHUSDT-PERP.BINANCE-IRX-1716994740000000000-000097",
      "symbol": "ETHUSDT",
      "type": "MARKET_LEADERSHIP_REJECTED"
    },
    {
      "net_structural_r": "1.315063447085717",
      "observed_ts_ns": 1716997800000000000,
      "reason": "GLOBAL_SLOT_OCCUPIED",
      "scenario_id": "ETHUSDT-PERP.BINANCE-IRX-1716997800000000000-000098",
      "symbol": "ETHUSDT",
      "type": "GLOBAL_CANDIDATE_REJECTED"
    },
    {
      "net_structural_r": "1.2920746867647328",
      "observed_ts_ns": 1717003020000000000,
      "reason": "GLOBAL_SLOT_OCCUPIED",
      "scenario_id": "ETHUSDT-PERP.BINANCE-IRX-1717003020000000000-000099",
      "symbol": "ETHUSDT",
      "type": "GLOBAL_CANDIDATE_REJECTED"
    },
    {
      "leader": null,
      "net_structural_r": "1.6964254644221712",
      "observed_ts_ns": 1717005120000000000,
      "peer_returns": {},
      "reason": "INVALID_SWEEP_CONFIRMATION_ORDER",
      "scenario_id": "XRPUSDT-PERP.BINANCE-IRX-1717005120000000000-000051",
      "symbol": "XRPUSDT",
      "type": "MARKET_LEADERSHIP_REJECTED"
    },
    {
      "net_structural_r": "1.379661432750381",
      "observed_ts_ns": 1717008600000000000,
      "reason": "GLOBAL_SLOT_OCCUPIED",
      "scenario_id": "ETHUSDT-PERP.BINANCE-IRX-1717008600000000000-000100",
      "symbol": "ETHUSDT",
      "type": "GLOBAL_CANDIDATE_REJECTED"
    },
    {
      "net_structural_r": "3.4067436861977125",
      "observed_ts_ns": 1717008600000000000,
      "reason": "GLOBAL_SLOT_OCCUPIED",
      "scenario_id": "XRPUSDT-PERP.BINANCE-IRX-1717008600000000000-000052",
      "symbol": "XRPUSDT",
      "type": "GLOBAL_CANDIDATE_REJECTED"
    },
    {
      "leader": null,
      "net_structural_r": "1.8579427626538874",
      "observed_ts_ns": 1717013760000000000,
      "peer_returns": {},
      "reason": "INVALID_SWEEP_CONFIRMATION_ORDER",
      "scenario_id": "SOLUSDT-PERP.BINANCE-IRX-1717013760000000000-000123",
      "symbol": "SOLUSDT",
      "type": "MARKET_LEADERSHIP_REJECTED"
    },
    {
      "net_structural_r": "1.2595981081781753",
      "observed_ts_ns": 1717015260000000000,
      "reason": "GLOBAL_SLOT_OCCUPIED",
      "scenario_id": "ETHUSDT-PERP.BINANCE-IRX-1717015260000000000-000101",
      "symbol": "ETHUSDT",
      "type": "GLOBAL_CANDIDATE_REJECTED"
    },
    {
      "leader": "BTCUSDT",
      "net_structural_r": "2.9095399984524537",
      "observed_ts_ns": 1717018260000000000,
      "peer_returns": {
        "BTCUSDT": -0.0016272513518474918,
        "ETHUSDT": 0.0018315213340289738,
        "SOLUSDT": -0.0008919492659258399
      },
      "reason": "FOLLOWER_FAR_PEER_DISAGREEMENT",
      "scenario_id": "XRPUSDT-PERP.BINANCE-IRX-1717018260000000000-000053",
      "symbol": "XRPUSDT",
      "type": "MARKET_LEADERSHIP_REJECTED"
    },
    {
      "leader": "BTCUSDT",
      "net_structural_r": "1.5265494181450425",
      "observed_ts_ns": 1717022400000000000,
      "peer_returns": {
        "BTCUSDT": 0.00037933579335791556,
        "ETHUSDT": 0.000678474409370855,
        "SOLUSDT": 0.0016173779587982384
      },
      "reason": "FOLLOWER_FAR_WEAK_LOCAL_DISPLACEMENT",
      "scenario_id": "XRPUSDT-PERP.BINANCE-IRX-1717022400000000000-000054",
      "symbol": "XRPUSDT",
      "type": "MARKET_LEADERSHIP_REJECTED"
    },
    {
      "leader": null,
      "net_structural_r": "1.3249414828117905",
      "observed_ts_ns": 1717023480000000000,
      "peer_returns": {},
      "reason": "INVALID_SWEEP_CONFIRMATION_ORDER",
      "scenario_id": "ETHUSDT-PERP.BINANCE-IRX-1717023480000000000-000102",
      "symbol": "ETHUSDT",
      "type": "MARKET_LEADERSHIP_REJECTED"
    }
  ],
  "closed_trade_max_drawdown": 0.7141005588473,
  "closed_trades": 40,
  "complete_gate_passed": false,
  "daily_geometric_growth": -0.163788402295407,
  "detected_events": 2182,
  "effective_maker_rate": "0.0004",
  "effective_taker_rate": "0.0008",
  "engine_errors": [
    {
      "event": "OrderRejected(instrument_id=SOLUSDT-PERP.BINANCE, client_order_id=O-20240524-061600-001-000-52, account_id=BINANCE-001, reason='POST_ONLY LIMIT SELL order limit px of 167.665 would have been a TAKER: bid=167.748, ask=167.748', due_post_only=True, ts_event=1716531360000000000)",
      "type": "ORDER_REJECTED"
    },
    {
      "event": "OrderRejected(instrument_id=SOLUSDT-PERP.BINANCE, client_order_id=O-20240524-061600-001-000-53, account_id=BINANCE-001, reason='REDUCE_ONLY STOP_MARKET BUY order would have increased position', due_post_only=False, ts_event=1716531360000000000)",
      "type": "ORDER_REJECTED"
    },
    {
      "event": "OrderRejected(instrument_id=SOLUSDT-PERP.BINANCE, client_order_id=O-20240524-061600-001-000-54, account_id=BINANCE-001, reason='Contingent order O-20240524-061600-001-000-53 already closed', due_post_only=False, ts_event=1716531360000000000)",
      "type": "ORDER_REJECTED"
    },
    {
      "event": "OrderRejected(instrument_id=XRPUSDT-PERP.BINANCE, client_order_id=O-20240526-104900-001-000-106, account_id=BINANCE-001, reason='POST_ONLY LIMIT SELL order limit px of 0.5363 would have been a TAKER: bid=0.5363, ask=0.5363', due_post_only=True, ts_event=1716720540000000000)",
      "type": "ORDER_REJECTED"
    },
    {
      "event": "OrderRejected(instrument_id=XRPUSDT-PERP.BINANCE, client_order_id=O-20240526-104900-001-000-107, account_id=BINANCE-001, reason='REDUCE_ONLY STOP_MARKET BUY order would have increased position', due_post_only=False, ts_event=1716720540000000000)",
      "type": "ORDER_REJECTED"
    },
    {
      "event": "OrderRejected(instrument_id=XRPUSDT-PERP.BINANCE, client_order_id=O-20240526-104900-001-000-108, account_id=BINANCE-001, reason='Contingent order O-20240526-104900-001-000-107 already closed', due_post_only=False, ts_event=1716720540000000000)",
      "type": "ORDER_REJECTED"
    },
    {
      "event": "OrderRejected(instrument_id=BTCUSDT-PERP.BINANCE, client_order_id=O-20240527-165300-001-000-174, account_id=BINANCE-001, reason='STOP_MARKET SELL order stop px of 70302.5 was in the market: bid=70297.4, ask=70363.2', due_post_only=False, ts_event=1716828840000000000)",
      "type": "ORDER_REJECTED"
    },
    {
      "event": "OrderRejected(instrument_id=BTCUSDT-PERP.BINANCE, client_order_id=O-20240527-165300-001-000-175, account_id=BINANCE-001, reason='Contingent order O-20240527-165300-001-000-174 already closed', due_post_only=False, ts_event=1716828840000000000)",
      "type": "ORDER_REJECTED"
    }
  ],
  "evaluation_calendar_days": 7,
  "evaluation_end_exclusive": "2024-05-30",
  "evaluation_start": "2024-05-23",
  "event_log_error": null,
  "event_log_valid": true,
  "evidence_class": "NAUTILUS_ACCOUNT_NAV",
  "final_nav": "28589.94411527",
  "global_slot_overlap_count": 0,
  "instruments": [
    "BTCUSDT-PERP.BINANCE",
    "ETHUSDT-PERP.BINANCE",
    "SOLUSDT-PERP.BINANCE",
    "XRPUSDT-PERP.BINANCE"
  ],
  "leadership_rejection_counts": {
    "FOLLOWER_AAC_WITHOUT_LEADERSHIP": 1,
    "FOLLOWER_FAR_EVENT_LAGGARD": 6,
    "FOLLOWER_FAR_PEER_DISAGREEMENT": 36,
    "FOLLOWER_FAR_WEAK_LOCAL_DISPLACEMENT": 22,
    "INVALID_SWEEP_CONFIRMATION_ORDER": 39,
    "LEADER_DIRECTIONAL_DISAGREEMENT": 3,
    "LEADER_EVENT_RECOVERY_WITHOUT_DIRECTIONAL_SUPPORT": 10
  },
  "liquidation_detected": false,
  "losses": 31,
  "nautilus_result": {
    "iterations": 63360,
    "total_events": 550,
    "total_orders": 176,
    "total_positions": 40
  },
  "net_return": -0.7141005588473,
  "partial_entry_fail_closed_count": 1,
  "payoff_ratio": 1.2362306574760928,
  "promising_gate_passed": false,
  "scenario_counts": {
    "AAC": 0,
    "FAR": 58
  },
  "skip_reasons": {
    "AAC_REQUIRES_INDEPENDENT_EXTERNAL_DRAW": 3,
    "AMBIGUOUS_EXTERNAL_DRAW": 2,
    "CONTINUATION_TARGET_NO_LONGER_LIVE": 2,
    "FOLLOWER_AAC_WITHOUT_LEADERSHIP": 1,
    "FOLLOWER_FAR_EVENT_LAGGARD": 6,
    "FOLLOWER_FAR_PEER_DISAGREEMENT": 36,
    "FOLLOWER_FAR_WEAK_LOCAL_DISPLACEMENT": 22,
    "FRAMED_TARGET_REACHED_BEFORE_CONFIRMATION": 13,
    "GLOBAL_SLOT_OCCUPIED": 41,
    "INSUFFICIENT_COSTED_STRUCTURAL_R": 26,
    "INVALID_SWEEP_CONFIRMATION_ORDER": 39,
    "LEADER_DIRECTIONAL_DISAGREEMENT": 3,
    "LEADER_EVENT_RECOVERY_WITHOUT_DIRECTIONAL_SUPPORT": 10,
    "LOWER_GLOBAL_PRIORITY": 2,
    "NO_AGGRESSOR_FLOW_AT_SWEEP": 21,
    "NO_CAUSAL_INTERNAL_STRUCTURE": 2,
    "OUTSIDE_EVALUATION_WINDOW": 118,
    "PAIRED_TARGET_WRONG_SIDE": 1,
    "REVERSAL_TARGET_NO_LONGER_LIVE": 3,
    "SESSION_DECISION_WINDOW_EXPIRED": 101,
    "SWEEP_ACTIVITY_OR_PENETRATION": 37
  },
  "starting_nav": "100000",
  "submitted_plans": 58,
  "success_claim": false,
  "symbol_counts": {
    "BTCUSDT": 12,
    "ETHUSDT": 15,
    "SOLUSDT": 23,
    "XRPUSDT": 8
  },
  "week_id": "W3",
  "win_rate": 0.225,
  "wins": 9
}
/__w/SMC_ICT_4_LIVE/SMC_ICT_4_LIVE/research/candidate-11/run_leadership_scdam.py:828: Pandas4Warning: Timestamp.utcnow is deprecated and will be removed in a future version. Use Timestamp.now('UTC') instead.
  engine.run()
/__w/SMC_ICT_4_LIVE/SMC_ICT_4_LIVE/research/candidate-11/run_leadership_scdam.py:828: Pandas4Warning: Timestamp.utcnow is deprecated and will be removed in a future version. Use Timestamp.now('UTC') instead.
  engine.run()
{
  "all_closed_trades_won": false,
  "bars": 63360,
  "candidate": "candidate-11-market-leadership-scdam",
  "candidate_rejections": [
    {
      "leader": "ETHUSDT",
      "net_structural_r": "1.4527486212786118",
      "observed_ts_ns": 1758503280000000000,
      "peer_returns": {
        "BTCUSDT": 3.585953557538879e-05,
        "ETHUSDT": 0.0002491527652499492,
        "SOLUSDT": 0.002451929281197529
      },
      "reason": "FOLLOWER_FAR_PEER_DISAGREEMENT",
      "scenario_id": "XRPUSDT-PERP.BINANCE-IRX-1758503280000000000-000016",
      "symbol": "XRPUSDT",
      "type": "MARKET_LEADERSHIP_REJECTED"
    },
    {
      "leader": "ETHUSDT",
      "net_structural_r": "1.510801568856098",
      "observed_ts_ns": 1758504660000000000,
      "peer_returns": {
        "ETHUSDT": -0.0002883779088679317,
        "SOLUSDT": 0.0005144915108901138,
        "XRPUSDT": -0.00010270455323513339
      },
      "reason": "FOLLOWER_FAR_PEER_DISAGREEMENT",
      "scenario_id": "BTCUSDT-PERP.BINANCE-IRX-1758504660000000000-000001",
      "symbol": "BTCUSDT",
      "type": "MARKET_LEADERSHIP_REJECTED"
    },
    {
      "leader": "ETHUSDT",
      "net_structural_r": "1.7503746220773908",
      "observed_ts_ns": 1758505380000000000,
      "peer_returns": {
        "ETHUSDT": -0.00047415509475035034,
        "SOLUSDT": 0.000854189800973959,
        "XRPUSDT": 0.00044373144007914256
      },
      "reason": "FOLLOWER_FAR_PEER_DISAGREEMENT",
      "scenario_id": "BTCUSDT-PERP.BINANCE-IRX-1758505380000000000-000002",
      "symbol": "BTCUSDT",
      "type": "MARKET_LEADERSHIP_REJECTED"
    },
    {
      "leader": "ETHUSDT",
      "net_structural_r": "3.4710161931530914",
      "observed_ts_ns": 1758511140000000000,
      "peer_returns": {
        "BTCUSDT": 0.00020733602082811942,
        "ETHUSDT": -0.0004372062520494602,
        "SOLUSDT": -0.0005169962517771465
      },
      "reason": "FOLLOWER_FAR_PEER_DISAGREEMENT",
      "scenario_id": "XRPUSDT-PERP.BINANCE-IRX-1758511140000000000-000017",
      "symbol": "XRPUSDT",
      "type": "MARKET_LEADERSHIP_REJECTED"
    },
    {
      "leader": "ETHUSDT",
      "net_structural_r": "3.2173424719451806",
      "observed_ts_ns": 1758524640000000000,
      "peer_returns": {
        "ETHUSDT": 0.004244233067800307,
        "SOLUSDT": 0.0028174053038771962,
        "XRPUSDT": 0.0021278859453133236
      },
      "reason": "FOLLOWER_FAR_UNRESOLVED_ADVERSE_AUCTION",
      "scenario_id": "BTCUSDT-PERP.BINANCE-IRX-1758524640000000000-000003",
      "symbol": "BTCUSDT",
      "type": "MARKET_LEADERSHIP_REJECTED"
    },
    {
      "net_structural_r": "2.7748469408590304",
      "observed_ts_ns": 1758530100000000000,
      "reason": "GLOBAL_SLOT_OCCUPIED",
      "scenario_id": "ETHUSDT-PERP.BINANCE-IRX-1758530100000000000-000012",
      "symbol": "ETHUSDT",
      "type": "GLOBAL_CANDIDATE_REJECTED"
    },
    {
      "net_structural_r": "1.3523261261627226",
      "observed_ts_ns": 1758550560000000000,
      "reason": "GLOBAL_SLOT_OCCUPIED",
      "scenario_id": "ETHUSDT-PERP.BINANCE-IRX-1758550560000000000-000014",
      "symbol": "ETHUSDT",
      "type": "GLOBAL_CANDIDATE_REJECTED"
    },
    {
      "leader": "ETHUSDT",
      "net_structural_r": "1.5261308664293112",
      "observed_ts_ns": 1758551340000000000,
      "peer_returns": {
        "ETHUSDT": 0.0014707317247304452,
        "SOLUSDT": 0.001885098743267477,
        "XRPUSDT": 0.0016837969621497084
      },
      "reason": "FOLLOWER_FAR_WEAK_LOCAL_DISPLACEMENT",
      "scenario_id": "BTCUSDT-PERP.BINANCE-IRX-1758551340000000000-000004",
      "symbol": "BTCUSDT",
      "type": "MARKET_LEADERSHIP_REJECTED"
    },
    {
      "net_structural_r": "3.1467958402027993",
      "observed_ts_ns": 1758552780000000000,
      "reason": "GLOBAL_SLOT_OCCUPIED",
      "scenario_id": "BTCUSDT-PERP.BINANCE-IRX-1758552780000000000-000005",
      "symbol": "BTCUSDT",
      "type": "GLOBAL_CANDIDATE_REJECTED"
    },
    {
      "net_structural_r": "2.536933421965406",
      "observed_ts_ns": 1758562440000000000,
      "reason": "GLOBAL_SLOT_OCCUPIED",
      "scenario_id": "ETHUSDT-PERP.BINANCE-IRX-1758562440000000000-000015",
      "symbol": "ETHUSDT",
      "type": "GLOBAL_CANDIDATE_REJECTED"
    },
    {
      "net_structural_r": "2.920066142228237",
      "observed_ts_ns": 1758564960000000000,
      "reason": "GLOBAL_SLOT_OCCUPIED",
      "scenario_id": "ETHUSDT-PERP.BINANCE-IRX-1758564960000000000-000016",
      "symbol": "ETHUSDT",
      "type": "GLOBAL_CANDIDATE_REJECTED"
    },
    {
      "net_structural_r": "2.4785860131523236",
      "observed_ts_ns": 1758565320000000000,
      "reason": "GLOBAL_SLOT_OCCUPIED",
      "scenario_id": "ETHUSDT-PERP.BINANCE-IRX-1758565320000000000-000017",
      "symbol": "ETHUSDT",
      "type": "GLOBAL_CANDIDATE_REJECTED"
    },
    {
      "net_structural_r": "1.386769671770621",
      "observed_ts_ns": 1758568980000000000,
      "reason": "GLOBAL_SLOT_OCCUPIED",
      "scenario_id": "SOLUSDT-PERP.BINANCE-IRX-1758568980000000000-000018",
      "symbol": "SOLUSDT",
      "type": "GLOBAL_CANDIDATE_REJECTED"
    },
    {
      "net_structural_r": "2.536840886679098",
      "observed_ts_ns": 1758570960000000000,
      "reason": "GLOBAL_SLOT_OCCUPIED",
      "scenario_id": "BTCUSDT-PERP.BINANCE-IRX-1758570960000000000-000006",
      "symbol": "BTCUSDT",
      "type": "GLOBAL_CANDIDATE_REJECTED"
    },
    {
      "net_structural_r": "2.0690943926215457",
      "observed_ts_ns": 1758581280000000000,
      "reason": "GLOBAL_SLOT_OCCUPIED",
      "scenario_id": "SOLUSDT-PERP.BINANCE-IRX-1758581280000000000-000019",
      "symbol": "SOLUSDT",
      "type": "GLOBAL_CANDIDATE_REJECTED"
    },
    {
      "leader": "ETHUSDT",
      "net_structural_r": "1.2558518392794893",
      "observed_ts_ns": 1758584220000000000,
      "peer_returns": {
        "BTCUSDT": 0.0007934956459925147,
        "SOLUSDT": 0.0015478466721297046,
        "XRPUSDT": 0.0011958777390874697
      },
      "reason": "LEADER_DIRECTIONAL_DISAGREEMENT",
      "scenario_id": "ETHUSDT-PERP.BINANCE-IRX-1758584220000000000-000018",
      "symbol": "ETHUSDT",
      "type": "MARKET_LEADERSHIP_REJECTED"
    },
    {
      "leader": "ETHUSDT",
      "net_structural_r": "1.9457390096554932",
      "observed_ts_ns": 1758585540000000000,
      "peer_returns": {
        "BTCUSDT": 0.00029575183135222005,
        "SOLUSDT": 0.0016364380199098694,
        "XRPUSDT": 0.0012641781086490944
      },
      "reason": "LEADER_DIRECTIONAL_DISAGREEMENT",
      "scenario_id": "ETHUSDT-PERP.BINANCE-IRX-1758585540000000000-000019",
      "symbol": "ETHUSDT",
      "type": "MARKET_LEADERSHIP_REJECTED"
    },
    {
      "net_structural_r": "2.37036995107988",
      "observed_ts_ns": 1758595260000000000,
      "reason": "GLOBAL_SLOT_OCCUPIED",
      "scenario_id": "ETHUSDT-PERP.BINANCE-IRX-1758595260000000000-000020",
      "symbol": "ETHUSDT",
      "type": "GLOBAL_CANDIDATE_REJECTED"
    },
    {
      "leader": "ETHUSDT",
      "net_structural_r": "3.040925413842754",
      "observed_ts_ns": 1758601620000000000,
      "peer_returns": {
        "ETHUSDT": -0.0017450124523898936,
        "SOLUSDT": -0.0019021108791464902,
        "XRPUSDT": -7.032101543547054e-05
      },
      "reason": "FOLLOWER_FAR_WEAK_LOCAL_DISPLACEMENT",
      "scenario_id": "BTCUSDT-PERP.BINANCE-IRX-1758601620000000000-000007",
      "symbol": "BTCUSDT",
      "type": "MARKET_LEADERSHIP_REJECTED"
    },
    {
      "net_structural_r": "6.526897319099366",
      "observed_ts_ns": 1758607260000000000,
      "reason": "GLOBAL_SLOT_OCCUPIED",
      "scenario_id": "SOLUSDT-PERP.BINANCE-IRX-1758607260000000000-000020",
      "symbol": "SOLUSDT",
      "type": "GLOBAL_CANDIDATE_REJECTED"
    },
    {
      "leader": null,
      "net_structural_r": "2.1843631172207036",
      "observed_ts_ns": 1758610080000000000,
      "peer_returns": {},
      "reason": "INVALID_SWEEP_CONFIRMATION_ORDER",
      "scenario_id": "BTCUSDT-PERP.BINANCE-IRX-1758610080000000000-000008",
      "symbol": "BTCUSDT",
      "type": "MARKET_LEADERSHIP_REJECTED"
    },
    {
      "leader": "ETHUSDT",
      "net_structural_r": "2.187583057779399",
      "observed_ts_ns": 1758613560000000000,
      "peer_returns": {
        "BTCUSDT": 0.0003560319968258785,
        "ETHUSDT": 0.00033053056099840994,
        "XRPUSDT": -0.0009409960617572377
      },
      "reason": "FOLLOWER_FAR_PEER_DISAGREEMENT",
      "scenario_id": "SOLUSDT-PERP.BINANCE-IRX-1758613560000000000-000021",
      "symbol": "SOLUSDT",
      "type": "MARKET_LEADERSHIP_REJECTED"
    },
    {
      "leader": null,
      "net_structural_r": "1.518874084137",
      "observed_ts_ns": 1758629340000000000,
      "peer_returns": {},
      "reason": "INVALID_SWEEP_CONFIRMATION_ORDER",
      "scenario_id": "ETHUSDT-PERP.BINANCE-IRX-1758629340000000000-000021",
      "symbol": "ETHUSDT",
      "type": "MARKET_LEADERSHIP_REJECTED"
    },
    {
      "net_structural_r": "2.9176736047526166",
      "observed_ts_ns": 1758638760000000000,
      "reason": "GLOBAL_SLOT_OCCUPIED",
      "scenario_id": "ETHUSDT-PERP.BINANCE-IRX-1758638760000000000-000022",
      "symbol": "ETHUSDT",
      "type": "GLOBAL_CANDIDATE_REJECTED"
    },
    {
      "net_structural_r": "2.7378953608926286",
      "observed_ts_ns": 1758642720000000000,
      "reason": "GLOBAL_SLOT_OCCUPIED",
      "scenario_id": "ETHUSDT-PERP.BINANCE-IRX-1758642720000000000-000023",
      "symbol": "ETHUSDT",
      "type": "GLOBAL_CANDIDATE_REJECTED"
    },
    {
      "net_structural_r": "1.631453076132766",
      "observed_ts_ns": 1758642720000000000,
      "reason": "GLOBAL_SLOT_OCCUPIED",
      "scenario_id": "SOLUSDT-PERP.BINANCE-IRX-1758642720000000000-000022",
      "symbol": "SOLUSDT",
      "type": "GLOBAL_CANDIDATE_REJECTED"
    },
    {
      "net_structural_r": "2.485351733052336",
      "observed_ts_ns": 1758645120000000000,
      "reason": "GLOBAL_SLOT_OCCUPIED",
      "scenario_id": "SOLUSDT-PERP.BINANCE-IRX-1758645120000000000-000023",
      "symbol": "SOLUSDT",
      "type": "GLOBAL_CANDIDATE_REJECTED"
    },
    {
      "leader": "ETHUSDT",
      "net_structural_r": "1.6325470975461367",
      "observed_ts_ns": 1758680040000000000,
      "peer_returns": {
        "ETHUSDT": -0.0034432826120202042,
        "SOLUSDT": -0.0034434620753839296,
        "XRPUSDT": -0.003170577045022105
      },
      "reason": "FOLLOWER_FAR_EVENT_LAGGARD",
      "scenario_id": "BTCUSDT-PERP.BINANCE-US_LATE_1600_2000_NY-R000152-HIGH",
      "symbol": "BTCUSDT",
      "type": "MARKET_LEADERSHIP_REJECTED"
    },
    {
      "leader": null,
      "net_structural_r": "4.1157950491598525",
      "observed_ts_ns": 1758682680000000000,
      "peer_returns": {},
      "reason": "INVALID_SWEEP_CONFIRMATION_ORDER",
      "scenario_id": "SOLUSDT-PERP.BINANCE-IRX-1758682680000000000-000024",
      "symbol": "SOLUSDT",
      "type": "MARKET_LEADERSHIP_REJECTED"
    },
    {
      "leader": "ETHUSDT",
      "net_structural_r": "1.311964344277108",
      "observed_ts_ns": 1758685620000000000,
      "peer_returns": {
        "ETHUSDT": -0.0007022895605018897,
        "SOLUSDT": -0.0017240553613333542,
        "XRPUSDT": -0.0010303417892417732
      },
      "reason": "FOLLOWER_FAR_EVENT_LAGGARD",
      "scenario_id": "BTCUSDT-PERP.BINANCE-IRX-1758685620000000000-000009",
      "symbol": "BTCUSDT",
      "type": "MARKET_LEADERSHIP_REJECTED"
    },
    {
      "leader": "ETHUSDT",
      "net_structural_r": "1.9353476739509872",
      "observed_ts_ns": 1758685680000000000,
      "peer_returns": {
        "BTCUSDT": -0.0010581035707194486,
        "SOLUSDT": -0.002490302188592586,
        "XRPUSDT": -0.0014211610886093462
      },
      "reason": "LEADER_DIRECTIONAL_DISAGREEMENT",
      "scenario_id": "ETHUSDT-PERP.BINANCE-IRX-1758685680000000000-000024",
      "symbol": "ETHUSDT",
      "type": "MARKET_LEADERSHIP_REJECTED"
    },
    {
      "leader": "ETHUSDT",
      "net_structural_r": "1.3607910416461695",
      "observed_ts_ns": 1758693720000000000,
      "peer_returns": {
        "BTCUSDT": 0.009735378778846338,
        "ETHUSDT": 0.00973932485306328,
        "XRPUSDT": 0.01854625864897641
      },
      "reason": "FOLLOWER_FAR_WEAK_LOCAL_DISPLACEMENT",
      "scenario_id": "SOLUSDT-PERP.BINANCE-ASIA_2000_0000_NY-R000169-LOW",
      "symbol": "SOLUSDT",
      "type": "MARKET_LEADERSHIP_REJECTED"
    },
    {
      "net_structural_r": "2.380162351807359",
      "observed_ts_ns": 1758695160000000000,
      "reason": "GLOBAL_SLOT_OCCUPIED",
      "scenario_id": "ETHUSDT-PERP.BINANCE-IRX-1758695160000000000-000025",
      "symbol": "ETHUSDT",
      "type": "GLOBAL_CANDIDATE_REJECTED"
    },
    {
      "leader": null,
      "net_structural_r": "1.7874711397100025",
      "observed_ts_ns": 1758703620000000000,
      "peer_returns": {},
      "reason": "INVALID_SWEEP_CONFIRMATION_ORDER",
      "scenario_id": "BTCUSDT-PERP.BINANCE-IRX-1758703620000000000-000010",
      "symbol": "BTCUSDT",
      "type": "MARKET_LEADERSHIP_REJECTED"
    },
    {
      "leader": "ETHUSDT",
      "net_structural_r": "3.1947204496933046",
      "observed_ts_ns": 1758714600000000000,
      "peer_returns": {
        "BTCUSDT": 0.0016035002220435857,
        "ETHUSDT": 0.0003635172204325965,
        "XRPUSDT": 0.0029947417905769047
      },
      "reason": "FOLLOWER_AAC_WITHOUT_LEADERSHIP",
      "scenario_id": "SOLUSDT-PERP.BINANCE-LONDON_0200_0500_NY-R000173-HIGH",
      "symbol": "SOLUSDT",
      "type": "MARKET_LEADERSHIP_REJECTED"
    },
    {
      "net_structural_r": "1.6560185133138252",
      "observed_ts_ns": 1758717120000000000,
      "reason": "GLOBAL_SLOT_OCCUPIED",
      "scenario_id": "ETHUSDT-PERP.BINANCE-IRX-1758717120000000000-000026",
      "symbol": "ETHUSDT",
      "type": "GLOBAL_CANDIDATE_REJECTED"
    },
    {
      "net_structural_r": "2.038745480402678",
      "observed_ts_ns": 1758721080000000000,
      "reason": "GLOBAL_SLOT_OCCUPIED",
      "scenario_id": "SOLUSDT-PERP.BINANCE-IRX-1758721080000000000-000025",
      "symbol": "SOLUSDT",
      "type": "GLOBAL_CANDIDATE_REJECTED"
    },
    {
      "net_structural_r": "2.80709802188359",
      "observed_ts_ns": 1758721500000000000,
      "reason": "GLOBAL_SLOT_OCCUPIED",
      "scenario_id": "ETHUSDT-PERP.BINANCE-IRX-1758721500000000000-000027",
      "symbol": "ETHUSDT",
      "type": "GLOBAL_CANDIDATE_REJECTED"
    },
    {
      "leader": null,
      "net_structural_r": "2.344627574696126",
      "observed_ts_ns": 1758722580000000000,
      "peer_returns": {},
      "reason": "INVALID_SWEEP_CONFIRMATION_ORDER",
      "scenario_id": "SOLUSDT-PERP.BINANCE-IRX-1758722580000000000-000026",
      "symbol": "SOLUSDT",
      "type": "MARKET_LEADERSHIP_REJECTED"
    },
    {
      "net_structural_r": "1.8126625060485837",
      "observed_ts_ns": 1758723540000000000,
      "reason": "GLOBAL_SLOT_OCCUPIED",
      "scenario_id": "ETHUSDT-PERP.BINANCE-IRX-1758723540000000000-000028",
      "symbol": "ETHUSDT",
      "type": "GLOBAL_CANDIDATE_REJECTED"
    },
    {
      "leader": null,
      "net_structural_r": "3.006828026230608",
      "observed_ts_ns": 1758724440000000000,
      "peer_returns": {},
      "reason": "INVALID_SWEEP_CONFIRMATION_ORDER",
      "scenario_id": "ETHUSDT-PERP.BINANCE-IRX-1758724440000000000-000029",
      "symbol": "ETHUSDT",
      "type": "MARKET_LEADERSHIP_REJECTED"
    },
    {
      "net_structural_r": "1.4334412941529093",
      "observed_ts_ns": 1758726960000000000,
      "reason": "GLOBAL_SLOT_OCCUPIED",
      "scenario_id": "SOLUSDT-PERP.BINANCE-IRX-1758726960000000000-000027",
      "symbol": "SOLUSDT",
      "type": "GLOBAL_CANDIDATE_REJECTED"
    },
    {
      "leader": "ETHUSDT",
      "net_structural_r": "1.3530932009320478",
      "observed_ts_ns": 1758728220000000000,
      "peer_returns": {
        "BTCUSDT": 0.0002773365827202223,
        "ETHUSDT": 0.0004966001986401736,
        "XRPUSDT": 0.0016402405686166688
      },
      "reason": "FOLLOWER_FAR_WEAK_LOCAL_DISPLACEMENT",
      "scenario_id": "SOLUSDT-PERP.BINANCE-IRX-1758728220000000000-000028",
      "symbol": "SOLUSDT",
      "type": "MARKET_LEADERSHIP_REJECTED"
    },
    {
      "net_structural_r": "1.5122984101383363",
      "observed_ts_ns": 1758731700000000000,
      "reason": "GLOBAL_SLOT_OCCUPIED",
      "scenario_id": "ETHUSDT-PERP.BINANCE-IRX-1758731700000000000-000030",
      "symbol": "ETHUSDT",
      "type": "GLOBAL_CANDIDATE_REJECTED"
    },
    {
      "net_structural_r": "2.0940817707205723",
      "observed_ts_ns": 1758732240000000000,
      "reason": "GLOBAL_SLOT_OCCUPIED",
      "scenario_id": "ETHUSDT-PERP.BINANCE-IRX-1758732240000000000-000031",
      "symbol": "ETHUSDT",
      "type": "GLOBAL_CANDIDATE_REJECTED"
    },
    {
      "leader": "ETHUSDT",
      "net_structural_r": "2.7726591341199875",
      "observed_ts_ns": 1758735000000000000,
      "peer_returns": {
        "BTCUSDT": 4.1332307354036146e-05,
        "ETHUSDT": 0.0008218147490590688,
        "XRPUSDT": -0.00023838714071644507
      },
      "reason": "FOLLOWER_FAR_PEER_DISAGREEMENT",
      "scenario_id": "SOLUSDT-PERP.BINANCE-IRX-1758735000000000000-000029",
      "symbol": "SOLUSDT",
      "type": "MARKET_LEADERSHIP_REJECTED"
    },
    {
      "leader": null,
      "net_structural_r": "2.4278962771599764",
      "observed_ts_ns": 1758738780000000000,
      "peer_returns": {},
      "reason": "INVALID_SWEEP_CONFIRMATION_ORDER",
      "scenario_id": "BTCUSDT-PERP.BINANCE-IRX-1758738780000000000-000011",
      "symbol": "BTCUSDT",
      "type": "MARKET_LEADERSHIP_REJECTED"
    },
    {
      "leader": "ETHUSDT",
      "net_structural_r": "1.408557229866967",
      "observed_ts_ns": 1758738780000000000,
      "peer_returns": {
        "BTCUSDT": -0.0005509006697931307,
        "ETHUSDT": -0.0007182136589873878,
        "XRPUSDT": -0.0013551512687604017
      },
      "reason": "FOLLOWER_FAR_WEAK_LOCAL_DISPLACEMENT",
      "scenario_id": "SOLUSDT-PERP.BINANCE-IRX-1758738780000000000-000030",
      "symbol": "SOLUSDT",
      "type": "MARKET_LEADERSHIP_REJECTED"
    },
    {
      "net_structural_r": "1.379107284398678",
      "observed_ts_ns": 1758739380000000000,
      "reason": "GLOBAL_SLOT_OCCUPIED",
      "scenario_id": "SOLUSDT-PERP.BINANCE-IRX-1758739380000000000-000031",
      "symbol": "SOLUSDT",
      "type": "GLOBAL_CANDIDATE_REJECTED"
    },
    {
      "leader": "ETHUSDT",
      "net_structural_r": "2.1604392876627427",
      "observed_ts_ns": 1758740460000000000,
      "peer_returns": {
        "ETHUSDT": -0.00038608372021631254,
        "SOLUSDT": -0.0006081017868836414,
        "XRPUSDT": 0.0005762516524863148
      },
      "reason": "FOLLOWER_FAR_PEER_DISAGREEMENT",
      "scenario_id": "BTCUSDT-PERP.BINANCE-IRX-1758740460000000000-000012",
      "symbol": "BTCUSDT",
      "type": "MARKET_LEADERSHIP_REJECTED"
    },
    {
      "net_structural_r": "2.066974380853853",
      "observed_ts_ns": 1758743040000000000,
      "reason": "GLOBAL_SLOT_OCCUPIED",
      "scenario_id": "SOLUSDT-PERP.BINANCE-IRX-1758743040000000000-000032",
      "symbol": "SOLUSDT",
      "type": "GLOBAL_CANDIDATE_REJECTED"
    },
    {
      "net_structural_r": "1.91595544300137",
      "observed_ts_ns": 1758745680000000000,
      "reason": "GLOBAL_SLOT_OCCUPIED",
      "scenario_id": "SOLUSDT-PERP.BINANCE-IRX-1758745680000000000-000033",
      "symbol": "SOLUSDT",
      "type": "GLOBAL_CANDIDATE_REJECTED"
    },
    {
      "leader": null,
      "net_structural_r": "2.9610834165177526",
      "observed_ts_ns": 1758748560000000000,
      "peer_returns": {},
      "reason": "INVALID_SWEEP_CONFIRMATION_ORDER",
      "scenario_id": "SOLUSDT-PERP.BINANCE-IRX-1758748560000000000-000034",
      "symbol": "SOLUSDT",
      "type": "MARKET_LEADERSHIP_REJECTED"
    },
    {
      "net_structural_r": "3.0985929151974023",
      "observed_ts_ns": 1758752280000000000,
      "reason": "GLOBAL_SLOT_OCCUPIED",
      "scenario_id": "ETHUSDT-PERP.BINANCE-IRX-1758752280000000000-000032",
      "symbol": "ETHUSDT",
      "type": "GLOBAL_CANDIDATE_REJECTED"
    },
    {
      "net_structural_r": "3.1805115767251273",
      "observed_ts_ns": 1758752280000000000,
      "reason": "GLOBAL_SLOT_OCCUPIED",
      "scenario_id": "SOLUSDT-PERP.BINANCE-IRX-1758752280000000000-000035",
      "symbol": "SOLUSDT",
      "type": "GLOBAL_CANDIDATE_REJECTED"
    },
    {
      "leader": "ETHUSDT",
      "net_structural_r": "1.7964181647081283",
      "observed_ts_ns": 1758753420000000000,
      "peer_returns": {
        "BTCUSDT": -0.0007036639907447295,
        "ETHUSDT": -0.00021434626796645873,
        "XRPUSDT": 6.79532481653311e-05
      },
      "reason": "FOLLOWER_FAR_PEER_DISAGREEMENT",
      "scenario_id": "SOLUSDT-PERP.BINANCE-IRX-1758753420000000000-000036",
      "symbol": "SOLUSDT",
      "type": "MARKET_LEADERSHIP_REJECTED"
    },
    {
      "leader": "ETHUSDT",
      "net_structural_r": "1.6760567352315887",
      "observed_ts_ns": 1758761220000000000,
      "peer_returns": {
        "ETHUSDT": -0.0012845649381379998,
        "SOLUSDT": -0.002035984848484773,
        "XRPUSDT": -0.0014707894376796427
      },
      "reason": "FOLLOWER_FAR_EVENT_LAGGARD",
      "scenario_id": "BTCUSDT-PERP.BINANCE-IRX-1758761220000000000-000013",
      "symbol": "BTCUSDT",
      "type": "MARKET_LEADERSHIP_REJECTED"
    },
    {
      "leader": null,
      "net_structural_r": "4.316895066059916",
      "observed_ts_ns": 1758762900000000000,
      "peer_returns": {},
      "reason": "INVALID_SWEEP_CONFIRMATION_ORDER",
      "scenario_id": "ETHUSDT-PERP.BINANCE-IRX-1758762900000000000-000033",
      "symbol": "ETHUSDT",
      "type": "MARKET_LEADERSHIP_REJECTED"
    },
    {
      "leader": "ETHUSDT",
      "net_structural_r": "1.3988173517549745",
      "observed_ts_ns": 1758766200000000000,
      "peer_returns": {
        "BTCUSDT": -0.0009640045832343125,
        "ETHUSDT": -0.0024908874425673133,
        "XRPUSDT": -0.0031309134698089824
      },
      "reason": "FOLLOWER_FAR_WEAK_LOCAL_DISPLACEMENT",
      "scenario_id": "SOLUSDT-PERP.BINANCE-IRX-1758766200000000000-000037",
      "symbol": "SOLUSDT",
      "type": "MARKET_LEADERSHIP_REJECTED"
    },
    {
      "leader": "ETHUSDT",
      "net_structural_r": "1.8042345375390811",
      "observed_ts_ns": 1758768480000000000,
      "peer_returns": {
        "ETHUSDT": 0.00125357292672712,
        "SOLUSDT": 0.0016675401400734202,
        "XRPUSDT": 0.0013092161929371127
      },
      "reason": "FOLLOWER_FAR_EVENT_LAGGARD",
      "scenario_id": "BTCUSDT-PERP.BINANCE-IRX-1758768480000000000-000014",
      "symbol": "BTCUSDT",
      "type": "MARKET_LEADERSHIP_REJECTED"
    },
    {
      "leader": "ETHUSDT",
      "net_structural_r": "4.129294177683531",
      "observed_ts_ns": 1758768480000000000,
      "peer_returns": {
        "BTCUSDT": 0.0005148235510952226,
        "SOLUSDT": 0.0016675401400734202,
        "XRPUSDT": 0.0013092161929371127
      },
      "reason": "LEADER_DIRECTIONAL_DISAGREEMENT",
      "scenario_id": "ETHUSDT-PERP.BINANCE-IRX-1758768480000000000-000034",
      "symbol": "ETHUSDT",
      "type": "MARKET_LEADERSHIP_REJECTED"
    },
    {
      "leader": "ETHUSDT",
      "net_structural_r": "2.0990775024668893",
      "observed_ts_ns": 1758769140000000000,
      "peer_returns": {
        "ETHUSDT": 0.002602976436341997,
        "SOLUSDT": 0.0016686531585219377,
        "XRPUSDT": 0.0010680079928340191
      },
      "reason": "FOLLOWER_FAR_WEAK_LOCAL_DISPLACEMENT",
      "scenario_id": "BTCUSDT-PERP.BINANCE-IRX-1758769140000000000-000015",
      "symbol": "BTCUSDT",
      "type": "MARKET_LEADERSHIP_REJECTED"
    },
    {
      "net_structural_r": "4.647530649265533",
      "observed_ts_ns": 1758769980000000000,
      "reason": "GLOBAL_SLOT_OCCUPIED",
      "scenario_id": "SOLUSDT-PERP.BINANCE-IRX-1758769980000000000-000038",
      "symbol": "SOLUSDT",
      "type": "GLOBAL_CANDIDATE_REJECTED"
    },
    {
      "net_structural_r": "2.716863015122472",
      "observed_ts_ns": 1758773040000000000,
      "reason": "GLOBAL_SLOT_OCCUPIED",
      "scenario_id": "ETHUSDT-PERP.BINANCE-IRX-1758773040000000000-000035",
      "symbol": "ETHUSDT",
      "type": "GLOBAL_CANDIDATE_REJECTED"
    },
    {
      "net_structural_r": "1.8325144974331757",
      "observed_ts_ns": 1758773460000000000,
      "reason": "GLOBAL_SLOT_OCCUPIED",
      "scenario_id": "SOLUSDT-PERP.BINANCE-IRX-1758773460000000000-000039",
      "symbol": "SOLUSDT",
      "type": "GLOBAL_CANDIDATE_REJECTED"
    },
    {
      "net_structural_r": "1.4412581512701645",
      "observed_ts_ns": 1758774720000000000,
      "reason": "GLOBAL_SLOT_OCCUPIED",
      "scenario_id": "ETHUSDT-PERP.BINANCE-IRX-1758774720000000000-000036",
      "symbol": "ETHUSDT",
      "type": "GLOBAL_CANDIDATE_REJECTED"
    },
    {
      "leader": null,
      "net_structural_r": "1.9659808093691256",
      "observed_ts_ns": 1758775740000000000,
      "peer_returns": {},
      "reason": "INVALID_SWEEP_CONFIRMATION_ORDER",
      "scenario_id": "ETHUSDT-PERP.BINANCE-IRX-1758775740000000000-000037",
      "symbol": "ETHUSDT",
      "type": "MARKET_LEADERSHIP_REJECTED"
    },
    {
      "net_structural_r": "1.8720003907566596",
      "observed_ts_ns": 1758776520000000000,
      "reason": "GLOBAL_SLOT_OCCUPIED",
      "scenario_id": "SOLUSDT-PERP.BINANCE-IRX-1758776520000000000-000040",
      "symbol": "SOLUSDT",
      "type": "GLOBAL_CANDIDATE_REJECTED"
    },
    {
      "leader": "ETHUSDT",
      "net_structural_r": "3.5417157733260107",
      "observed_ts_ns": 1758779520000000000,
      "peer_returns": {
        "BTCUSDT": 0.00033303730017752997,
        "SOLUSDT": 0.0013627293522169293,
        "XRPUSDT": 0.00031471832709706327
      },
      "reason": "LEADER_EVENT_RECOVERY_WITHOUT_DIRECTIONAL_SUPPORT",
      "scenario_id": "ETHUSDT-PERP.BINANCE-IRX-1758779520000000000-000038",
      "symbol": "ETHUSDT",
      "type": "MARKET_LEADERSHIP_REJECTED"
    },
    {
      "net_structural_r": "2.214110387838406",
      "observed_ts_ns": 1758782520000000000,
      "reason": "GLOBAL_SLOT_OCCUPIED",
      "scenario_id": "ETHUSDT-PERP.BINANCE-IRX-1758782520000000000-000039",
      "symbol": "ETHUSDT",
      "type": "GLOBAL_CANDIDATE_REJECTED"
    },
    {
      "leader": "ETHUSDT",
      "net_structural_r": "1.8556814909768646",
      "observed_ts_ns": 1758783840000000000,
      "peer_returns": {
        "ETHUSDT": -0.003779534630765524,
        "SOLUSDT": -0.0026929103016060107,
        "XRPUSDT": -0.0024570887009021103
      },
      "reason": "FOLLOWER_AAC_WITHOUT_LEADERSHIP",
      "scenario_id": "BTCUSDT-PERP.BINANCE-LONDON_PREMARKET_0000_0200_NY-R000199-LOW",
      "symbol": "BTCUSDT",
      "type": "MARKET_LEADERSHIP_REJECTED"
    },
    {
      "leader": null,
      "net_structural_r": "1.600298892261022",
      "observed_ts_ns": 1758784080000000000,
      "peer_returns": {},
      "reason": "INVALID_SWEEP_CONFIRMATION_ORDER",
      "scenario_id": "ETHUSDT-PERP.BINANCE-IRX-1758784080000000000-000040",
      "symbol": "ETHUSDT",
      "type": "MARKET_LEADERSHIP_REJECTED"
    },
    {
      "net_structural_r": "1.2702385897247508",
      "observed_ts_ns": 1758784440000000000,
      "reason": "GLOBAL_SLOT_OCCUPIED",
      "scenario_id": "SOLUSDT-PERP.BINANCE-IRX-1758784440000000000-000041",
      "symbol": "SOLUSDT",
      "type": "GLOBAL_CANDIDATE_REJECTED"
    },
    {
      "leader": null,
      "net_structural_r": "1.4596928350630112",
      "observed_ts_ns": 1758788820000000000,
      "peer_returns": {},
      "reason": "INVALID_SWEEP_CONFIRMATION_ORDER",
      "scenario_id": "SOLUSDT-PERP.BINANCE-IRX-1758788820000000000-000042",
      "symbol": "SOLUSDT",
      "type": "MARKET_LEADERSHIP_REJECTED"
    },
    {
      "leader": "ETHUSDT",
      "net_structural_r": "2.237806517484288",
      "observed_ts_ns": 1758800040000000000,
      "peer_returns": {
        "ETHUSDT": -0.0005865453973659118,
        "SOLUSDT": -0.0021845985800109657,
        "XRPUSDT": 0.00021348514499197613
      },
      "reason": "FOLLOWER_FAR_PEER_DISAGREEMENT",
      "scenario_id": "BTCUSDT-PERP.BINANCE-IRX-1758800040000000000-000016",
      "symbol": "BTCUSDT",
      "type": "MARKET_LEADERSHIP_REJECTED"
    },
    {
      "leader": "ETHUSDT",
      "net_structural_r": "1.9171720648160508",
      "observed_ts_ns": 1758800880000000000,
      "peer_returns": {
        "ETHUSDT": -0.0014444077928048582,
        "SOLUSDT": -0.0019374068554397494,
        "XRPUSDT": -0.0010659465605458163
      },
      "reason": "FOLLOWER_FAR_EVENT_LAGGARD",
      "scenario_id": "BTCUSDT-PERP.BINANCE-IRX-1758800880000000000-000017",
      "symbol": "BTCUSDT",
      "type": "MARKET_LEADERSHIP_REJECTED"
    },
    {
      "leader": "ETHUSDT",
      "net_structural_r": "6.421833561348395",
      "observed_ts_ns": 1758807060000000000,
      "peer_returns": {
        "BTCUSDT": 0.0001300595403606053,
        "ETHUSDT": -0.0017977292104742748,
        "XRPUSDT": -0.0024192700115703847
      },
      "reason": "FOLLOWER_FAR_PEER_DISAGREEMENT",
      "scenario_id": "SOLUSDT-PERP.BINANCE-IRX-1758807060000000000-000043",
      "symbol": "SOLUSDT",
      "type": "MARKET_LEADERSHIP_REJECTED"
    },
    {
      "net_structural_r": "5.6169280303419375",
      "observed_ts_ns": 1758807060000000000,
      "reason": "GLOBAL_SLOT_OCCUPIED",
      "scenario_id": "ETHUSDT-PERP.BINANCE-IRX-1758807060000000000-000041",
      "symbol": "ETHUSDT",
      "type": "GLOBAL_CANDIDATE_REJECTED"
    },
    {
      "net_structural_r": "1.5999036514056268",
      "observed_ts_ns": 1758811380000000000,
      "reason": "GLOBAL_SLOT_OCCUPIED",
      "scenario_id": "ETHUSDT-PERP.BINANCE-IRX-1758811380000000000-000042",
      "symbol": "ETHUSDT",
      "type": "GLOBAL_CANDIDATE_REJECTED"
    },
    {
      "net_structural_r": "6.308536741961263",
      "observed_ts_ns": 1758812160000000000,
      "reason": "GLOBAL_SLOT_OCCUPIED",
      "scenario_id": "SOLUSDT-PERP.BINANCE-IRX-1758812160000000000-000044",
      "symbol": "SOLUSDT",
      "type": "GLOBAL_CANDIDATE_REJECTED"
    },
    {
      "net_structural_r": "1.3633098333312212",
      "observed_ts_ns": 1758813120000000000,
      "reason": "GLOBAL_SLOT_OCCUPIED",
      "scenario_id": "ETHUSDT-PERP.BINANCE-IRX-1758813120000000000-000043",
      "symbol": "ETHUSDT",
      "type": "GLOBAL_CANDIDATE_REJECTED"
    },
    {
      "net_structural_r": "3.2908445720828565",
      "observed_ts_ns": 1758814980000000000,
      "reason": "GLOBAL_SLOT_OCCUPIED",
      "scenario_id": "ETHUSDT-PERP.BINANCE-IRX-1758814980000000000-000044",
      "symbol": "ETHUSDT",
      "type": "GLOBAL_CANDIDATE_REJECTED"
    },
    {
      "net_structural_r": "5.3481229191822015",
      "observed_ts_ns": 1758814980000000000,
      "reason": "GLOBAL_SLOT_OCCUPIED",
      "scenario_id": "SOLUSDT-PERP.BINANCE-IRX-1758814980000000000-000045",
      "symbol": "SOLUSDT",
      "type": "GLOBAL_CANDIDATE_REJECTED"
    },
    {
      "leader": "ETHUSDT",
      "net_structural_r": "1.7131376492397954",
      "observed_ts_ns": 1758816960000000000,
      "peer_returns": {
        "BTCUSDT": -0.0006143949599880516,
        "ETHUSDT": -0.0003202954725733953,
        "XRPUSDT": -0.0005303539228511678
      },
      "reason": "FOLLOWER_FAR_WEAK_LOCAL_DISPLACEMENT",
      "scenario_id": "SOLUSDT-PERP.BINANCE-IRX-1758816960000000000-000046",
      "symbol": "SOLUSDT",
      "type": "MARKET_LEADERSHIP_REJECTED"
    },
    {
      "leader": "ETHUSDT",
      "net_structural_r": "2.247869771044541",
      "observed_ts_ns": 1758823860000000000,
      "peer_returns": {
        "BTCUSDT": -0.000159746022186269,
        "ETHUSDT": -0.00044278905008732217,
        "XRPUSDT": -0.00025509274443358265
      },
      "reason": "FOLLOWER_FAR_WEAK_LOCAL_DISPLACEMENT",
      "scenario_id": "SOLUSDT-PERP.BINANCE-IRX-1758823860000000000-000047",
      "symbol": "SOLUSDT",
      "type": "MARKET_LEADERSHIP_REJECTED"
    },
    {
      "leader": "ETHUSDT",
      "net_structural_r": "4.938414338949602",
      "observed_ts_ns": 1758825480000000000,
      "peer_returns": {
        "ETHUSDT": 0.0007273458839185398,
        "SOLUSDT": 0.0004050427826440828,
        "XRPUSDT": 0.0002884026100438142
      },
      "reason": "FOLLOWER_FAR_UNRESOLVED_ADVERSE_AUCTION",
      "scenario_id": "BTCUSDT-PERP.BINANCE-IRX-1758825480000000000-000018",
      "symbol": "BTCUSDT",
      "type": "MARKET_LEADERSHIP_REJECTED"
    },
    {
      "net_structural_r": "4.746205462764142",
      "observed_ts_ns": 1758825660000000000,
      "reason": "GLOBAL_SLOT_OCCUPIED",
      "scenario_id": "ETHUSDT-PERP.BINANCE-IRX-1758825660000000000-000045",
      "symbol": "ETHUSDT",
      "type": "GLOBAL_CANDIDATE_REJECTED"
    },
    {
      "leader": "ETHUSDT",
      "net_structural_r": "3.97007726796263",
      "observed_ts_ns": 1758827940000000000,
      "peer_returns": {
        "BTCUSDT": 0.0008453894810567242,
        "ETHUSDT": 0.0004460485198836128,
        "XRPUSDT": 0.0013946003933487106
      },
      "reason": "FOLLOWER_FAR_WEAK_LOCAL_DISPLACEMENT",
      "scenario_id": "SOLUSDT-PERP.BINANCE-IRX-1758827940000000000-000048",
      "symbol": "SOLUSDT",
      "type": "MARKET_LEADERSHIP_REJECTED"
    },
    {
      "net_structural_r": "4.4825868109937295",
      "observed_ts_ns": 1758833400000000000,
      "reason": "GLOBAL_SLOT_OCCUPIED",
      "scenario_id": "ETHUSDT-PERP.BINANCE-IRX-1758833400000000000-000046",
      "symbol": "ETHUSDT",
      "type": "GLOBAL_CANDIDATE_REJECTED"
    },
    {
      "net_structural_r": "2.2084379897446587",
      "observed_ts_ns": 1758835500000000000,
      "reason": "GLOBAL_SLOT_OCCUPIED",
      "scenario_id": "SOLUSDT-PERP.BINANCE-IRX-1758835500000000000-000049",
      "symbol": "SOLUSDT",
      "type": "GLOBAL_CANDIDATE_REJECTED"
    },
    {
      "net_structural_r": "1.2965081665830158",
      "observed_ts_ns": 1758838080000000000,
      "reason": "GLOBAL_SLOT_OCCUPIED",
      "scenario_id": "ETHUSDT-PERP.BINANCE-IRX-1758838080000000000-000047",
      "symbol": "ETHUSDT",
      "type": "GLOBAL_CANDIDATE_REJECTED"
    },
    {
      "leader": "ETHUSDT",
      "net_structural_r": "1.2996822274250883",
      "observed_ts_ns": 1758841020000000000,
      "peer_returns": {
        "ETHUSDT": 0.0003112147922190722,
        "SOLUSDT": 0.0006693785078009107,
        "XRPUSDT": 0.0019295179845639776
      },
      "reason": "FOLLOWER_FAR_UNRESOLVED_ADVERSE_AUCTION",
      "scenario_id": "BTCUSDT-PERP.BINANCE-IRX-1758841020000000000-000019",
      "symbol": "BTCUSDT",
      "type": "MARKET_LEADERSHIP_REJECTED"
    },
    {
      "net_structural_r": "1.8489418132481332",
      "observed_ts_ns": 1758841860000000000,
      "reason": "GLOBAL_SLOT_OCCUPIED",
      "scenario_id": "ETHUSDT-PERP.BINANCE-IRX-1758841860000000000-000048",
      "symbol": "ETHUSDT",
      "type": "GLOBAL_CANDIDATE_REJECTED"
    },
    {
      "net_structural_r": "2.4971138323304207",
      "observed_ts_ns": 1758841860000000000,
      "reason": "GLOBAL_SLOT_OCCUPIED",
      "scenario_id": "SOLUSDT-PERP.BINANCE-IRX-1758841860000000000-000050",
      "symbol": "SOLUSDT",
      "type": "GLOBAL_CANDIDATE_REJECTED"
    },
    {
      "net_structural_r": "1.441521940494181",
      "observed_ts_ns": 1758842280000000000,
      "reason": "GLOBAL_SLOT_OCCUPIED",
      "scenario_id": "SOLUSDT-PERP.BINANCE-IRX-1758842280000000000-000051",
      "symbol": "SOLUSDT",
      "type": "GLOBAL_CANDIDATE_REJECTED"
    },
    {
      "net_structural_r": "3.6740590783386318",
      "observed_ts_ns": 1758845820000000000,
      "reason": "GLOBAL_SLOT_OCCUPIED",
      "scenario_id": "ETHUSDT-PERP.BINANCE-IRX-1758845820000000000-000049",
      "symbol": "ETHUSDT",
      "type": "GLOBAL_CANDIDATE_REJECTED"
    },
    {
      "net_structural_r": "4.192343081910409",
      "observed_ts_ns": 1758847020000000000,
      "reason": "GLOBAL_SLOT_OCCUPIED",
      "scenario_id": "ETHUSDT-PERP.BINANCE-IRX-1758847020000000000-000050",
      "symbol": "ETHUSDT",
      "type": "GLOBAL_CANDIDATE_REJECTED"
    },
    {
      "leader": "ETHUSDT",
      "net_structural_r": "2.6436171607669605",
      "observed_ts_ns": 1758849180000000000,
      "peer_returns": {
        "BTCUSDT": 0.0008663513525875022,
        "ETHUSDT": -0.00016560509554142122,
        "XRPUSDT": -0.0010864841373315892
      },
      "reason": "FOLLOWER_FAR_PEER_DISAGREEMENT",
      "scenario_id": "SOLUSDT-PERP.BINANCE-IRX-1758849180000000000-000052",
      "symbol": "SOLUSDT",
      "type": "MARKET_LEADERSHIP_REJECTED"
    },
    {
      "leader": "ETHUSDT",
      "net_structural_r": "1.2851669475531493",
      "observed_ts_ns": 1758850380000000000,
      "peer_returns": {
        "BTCUSDT": 0.0005065389154226274,
        "ETHUSDT": 0.0007301368434173838,
        "XRPUSDT": 0.0005423385638874123
      },
      "reason": "FOLLOWER_FAR_WEAK_LOCAL_DISPLACEMENT",
      "scenario_id": "SOLUSDT-PERP.BINANCE-IRX-1758850380000000000-000053",
      "symbol": "SOLUSDT",
      "type": "MARKET_LEADERSHIP_REJECTED"
    },
    {
      "net_structural_r": "1.4228266942630303",
      "observed_ts_ns": 1758851040000000000,
      "reason": "GLOBAL_SLOT_OCCUPIED",
      "scenario_id": "BTCUSDT-PERP.BINANCE-IRX-1758851040000000000-000020",
      "symbol": "BTCUSDT",
      "type": "GLOBAL_CANDIDATE_REJECTED"
    },
    {
      "leader": "ETHUSDT",
      "net_structural_r": "2.4125227969241188",
      "observed_ts_ns": 1758852660000000000,
      "peer_returns": {
        "ETHUSDT": 0.0019809272263209277,
        "SOLUSDT": -0.0028495827396702866,
        "XRPUSDT": -0.002202961357890887
      },
      "reason": "FOLLOWER_FAR_PEER_DISAGREEMENT",
      "scenario_id": "BTCUSDT-PERP.BINANCE-US_LATE_1600_2000_NY-R000208-HIGH",
      "symbol": "BTCUSDT",
      "type": "MARKET_LEADERSHIP_REJECTED"
    },
    {
      "leader": null,
      "net_structural_r": "2.2826970783220686",
      "observed_ts_ns": 1758854040000000000,
      "peer_returns": {},
      "reason": "INVALID_SWEEP_CONFIRMATION_ORDER",
      "scenario_id": "SOLUSDT-PERP.BINANCE-IRX-1758854040000000000-000054",
      "symbol": "SOLUSDT",
      "type": "MARKET_LEADERSHIP_REJECTED"
    },
    {
      "leader": null,
      "net_structural_r": "1.4964265699068422",
      "observed_ts_ns": 1758855180000000000,
      "peer_returns": {},
      "reason": "INVALID_SWEEP_CONFIRMATION_ORDER",
      "scenario_id": "BTCUSDT-PERP.BINANCE-IRX-1758855180000000000-000021",
      "symbol": "BTCUSDT",
      "type": "MARKET_LEADERSHIP_REJECTED"
    },
    {
      "net_structural_r": "1.3294626648009429",
      "observed_ts_ns": 1758856260000000000,
      "reason": "GLOBAL_SLOT_OCCUPIED",
      "scenario_id": "ETHUSDT-PERP.BINANCE-IRX-1758856260000000000-000051",
      "symbol": "ETHUSDT",
      "type": "GLOBAL_CANDIDATE_REJECTED"
    },
    {
      "net_structural_r": "1.5213116416097232",
      "observed_ts_ns": 1758859800000000000,
      "reason": "GLOBAL_SLOT_OCCUPIED",
      "scenario_id": "SOLUSDT-PERP.BINANCE-IRX-1758859800000000000-000055",
      "symbol": "SOLUSDT",
      "type": "GLOBAL_CANDIDATE_REJECTED"
    },
    {
      "net_structural_r": "4.556425379055873",
      "observed_ts_ns": 1758862680000000000,
      "reason": "GLOBAL_SLOT_OCCUPIED",
      "scenario_id": "SOLUSDT-PERP.BINANCE-IRX-1758862680000000000-000056",
      "symbol": "SOLUSDT",
      "type": "GLOBAL_CANDIDATE_REJECTED"
    },
    {
      "leader": null,
      "net_structural_r": "1.98586449167663",
      "observed_ts_ns": 1758864420000000000,
      "peer_returns": {},
      "reason": "INVALID_SWEEP_CONFIRMATION_ORDER",
      "scenario_id": "ETHUSDT-PERP.BINANCE-IRX-1758864420000000000-000052",
      "symbol": "ETHUSDT",
      "type": "MARKET_LEADERSHIP_REJECTED"
    },
    {
      "leader": null,
      "net_structural_r": "4.36280859502393",
      "observed_ts_ns": 1758871620000000000,
      "peer_returns": {},
      "reason": "INVALID_SWEEP_CONFIRMATION_ORDER",
      "scenario_id": "SOLUSDT-PERP.BINANCE-IRX-1758871620000000000-000057",
      "symbol": "SOLUSDT",
      "type": "MARKET_LEADERSHIP_REJECTED"
    },
    {
      "net_structural_r": "1.759040559502783",
      "observed_ts_ns": 1758876240000000000,
      "reason": "GLOBAL_SLOT_OCCUPIED",
      "scenario_id": "SOLUSDT-PERP.BINANCE-IRX-1758876240000000000-000058",
      "symbol": "SOLUSDT",
      "type": "GLOBAL_CANDIDATE_REJECTED"
    },
    {
      "net_structural_r": "1.5467221758193048",
      "observed_ts_ns": 1758882300000000000,
      "reason": "GLOBAL_SLOT_OCCUPIED",
      "scenario_id": "SOLUSDT-PERP.BINANCE-IRX-1758882300000000000-000059",
      "symbol": "SOLUSDT",
      "type": "GLOBAL_CANDIDATE_REJECTED"
    },
    {
      "leader": "ETHUSDT",
      "net_structural_r": "2.28415232264435",
      "observed_ts_ns": 1758886380000000000,
      "peer_returns": {
        "ETHUSDT": 0.006054571110899021,
        "SOLUSDT": 0.0016664930736380867,
        "XRPUSDT": -0.0016181229773463146
      },
      "reason": "FOLLOWER_FAR_PEER_DISAGREEMENT",
      "scenario_id": "BTCUSDT-PERP.BINANCE-LONDON_0200_0500_NY-R000229-LOW",
      "symbol": "BTCUSDT",
      "type": "MARKET_LEADERSHIP_REJECTED"
    },
    {
      "net_structural_r": "1.415861077092399",
      "observed_ts_ns": 1758889020000000000,
      "reason": "GLOBAL_SLOT_OCCUPIED",
      "scenario_id": "SOLUSDT-PERP.BINANCE-IRX-1758889020000000000-000060",
      "symbol": "SOLUSDT",
      "type": "GLOBAL_CANDIDATE_REJECTED"
    },
    {
      "leader": "ETHUSDT",
      "net_structural_r": "1.4755692712806994",
      "observed_ts_ns": 1758891540000000000,
      "peer_returns": {
        "BTCUSDT": 0.0010729918253036264,
        "ETHUSDT": 0.002088612103265497,
        "XRPUSDT": 0.0030955242361339064
      },
      "reason": "FOLLOWER_FAR_WEAK_LOCAL_DISPLACEMENT",
      "scenario_id": "SOLUSDT-PERP.BINANCE-IRX-1758891540000000000-000061",
      "symbol": "SOLUSDT",
      "type": "MARKET_LEADERSHIP_REJECTED"
    },
    {
      "leader": null,
      "net_structural_r": "3.31567346694004",
      "observed_ts_ns": 1758892800000000000,
      "peer_returns": {},
      "reason": "INVALID_SWEEP_CONFIRMATION_ORDER",
      "scenario_id": "ETHUSDT-PERP.BINANCE-IRX-1758892800000000000-000053",
      "symbol": "ETHUSDT",
      "type": "MARKET_LEADERSHIP_REJECTED"
    },
    {
      "net_structural_r": "1.8301359237242278",
      "observed_ts_ns": 1758896280000000000,
      "reason": "GLOBAL_SLOT_OCCUPIED",
      "scenario_id": "ETHUSDT-PERP.BINANCE-IRX-1758896280000000000-000054",
      "symbol": "ETHUSDT",
      "type": "GLOBAL_CANDIDATE_REJECTED"
    },
    {
      "leader": "ETHUSDT",
      "net_structural_r": "2.186600812383124",
      "observed_ts_ns": 1758898080000000000,
      "peer_returns": {
        "BTCUSDT": 0.0001754969503957593,
        "SOLUSDT": -0.0009272614877395835,
        "XRPUSDT": -0.002253750092366835
      },
      "reason": "LEADER_EVENT_RECOVERY_WITHOUT_DIRECTIONAL_SUPPORT",
      "scenario_id": "ETHUSDT-PERP.BINANCE-IRX-1758898080000000000-000055",
      "symbol": "ETHUSDT",
      "type": "MARKET_LEADERSHIP_REJECTED"
    },
    {
      "leader": "ETHUSDT",
      "net_structural_r": "1.7542532452623207",
      "observed_ts_ns": 1758898140000000000,
      "peer_returns": {
        "BTCUSDT": -0.0003838024354009262,
        "ETHUSDT": -0.00318933979652114,
        "XRPUSDT": -0.0032489108764675034
      },
      "reason": "FOLLOWER_FAR_WEAK_LOCAL_DISPLACEMENT",
      "scenario_id": "SOLUSDT-PERP.BINANCE-IRX-1758898140000000000-000062",
      "symbol": "SOLUSDT",
      "type": "MARKET_LEADERSHIP_REJECTED"
    },
    {
      "net_structural_r": "3.0034784898074336",
      "observed_ts_ns": 1758908940000000000,
      "reason": "GLOBAL_SLOT_OCCUPIED",
      "scenario_id": "SOLUSDT-PERP.BINANCE-IRX-1758908940000000000-000063",
      "symbol": "SOLUSDT",
      "type": "GLOBAL_CANDIDATE_REJECTED"
    },
    {
      "net_structural_r": "1.8573805220241335",
      "observed_ts_ns": 1758911700000000000,
      "reason": "GLOBAL_SLOT_OCCUPIED",
      "scenario_id": "SOLUSDT-PERP.BINANCE-IRX-1758911700000000000-000064",
      "symbol": "SOLUSDT",
      "type": "GLOBAL_CANDIDATE_REJECTED"
    },
    {
      "net_structural_r": "1.411169692122927",
      "observed_ts_ns": 1758911760000000000,
      "reason": "GLOBAL_SLOT_OCCUPIED",
      "scenario_id": "ETHUSDT-PERP.BINANCE-IRX-1758911760000000000-000056",
      "symbol": "ETHUSDT",
      "type": "GLOBAL_CANDIDATE_REJECTED"
    },
    {
      "leader": null,
      "net_structural_r": "1.4838490330405172",
      "observed_ts_ns": 1758922740000000000,
      "peer_returns": {},
      "reason": "INVALID_SWEEP_CONFIRMATION_ORDER",
      "scenario_id": "ETHUSDT-PERP.BINANCE-IRX-1758922740000000000-000057",
      "symbol": "ETHUSDT",
      "type": "MARKET_LEADERSHIP_REJECTED"
    },
    {
      "net_structural_r": "1.7408159791374254",
      "observed_ts_ns": 1758933540000000000,
      "reason": "GLOBAL_SLOT_OCCUPIED",
      "scenario_id": "SOLUSDT-PERP.BINANCE-IRX-1758933540000000000-000065",
      "symbol": "SOLUSDT",
      "type": "GLOBAL_CANDIDATE_REJECTED"
    },
    {
      "leader": "ETHUSDT",
      "net_structural_r": "4.740628013004433",
      "observed_ts_ns": 1758938580000000000,
      "peer_returns": {
        "BTCUSDT": 0.0005221029685806844,
        "SOLUSDT": 0.0011759517859768476,
        "XRPUSDT": 0.0007583417593528541
      },
      "reason": "LEADER_DIRECTIONAL_DISAGREEMENT",
      "scenario_id": "ETHUSDT-PERP.BINANCE-IRX-1758938580000000000-000058",
      "symbol": "ETHUSDT",
      "type": "MARKET_LEADERSHIP_REJECTED"
    },
    {
      "leader": "ETHUSDT",
      "net_structural_r": "1.6314720397190963",
      "observed_ts_ns": 1758939540000000000,
      "peer_returns": {
        "BTCUSDT": -0.0005495610826627972,
        "SOLUSDT": -0.001808229889551427,
        "XRPUSDT": -0.0008647402176261698
      },
      "reason": "LEADER_DIRECTIONAL_DISAGREEMENT",
      "scenario_id": "ETHUSDT-PERP.BINANCE-IRX-1758939540000000000-000059",
      "symbol": "ETHUSDT",
      "type": "MARKET_LEADERSHIP_REJECTED"
    },
    {
      "leader": null,
      "net_structural_r": "1.7872519702665164",
      "observed_ts_ns": 1758939540000000000,
      "peer_returns": {},
      "reason": "INVALID_SWEEP_CONFIRMATION_ORDER",
      "scenario_id": "SOLUSDT-PERP.BINANCE-IRX-1758939540000000000-000066",
      "symbol": "SOLUSDT",
      "type": "MARKET_LEADERSHIP_REJECTED"
    },
    {
      "net_structural_r": "1.3852162640463273",
      "observed_ts_ns": 1758941220000000000,
      "reason": "GLOBAL_SLOT_OCCUPIED",
      "scenario_id": "SOLUSDT-PERP.BINANCE-IRX-1758941220000000000-000067",
      "symbol": "SOLUSDT",
      "type": "GLOBAL_CANDIDATE_REJECTED"
    },
    {
      "leader": "ETHUSDT",
      "net_structural_r": "1.3908664442414707",
      "observed_ts_ns": 1758947820000000000,
      "peer_returns": {
        "BTCUSDT": -0.00030647426893126717,
        "ETHUSDT": 4.226132914375569e-05,
        "XRPUSDT": -3.589246617130559e-05
      },
      "reason": "FOLLOWER_FAR_PEER_DISAGREEMENT",
      "scenario_id": "SOLUSDT-PERP.BINANCE-IRX-1758947820000000000-000068",
      "symbol": "SOLUSDT",
      "type": "MARKET_LEADERSHIP_REJECTED"
    },
    {
      "net_structural_r": "4.151106731426258",
      "observed_ts_ns": 1758965100000000000,
      "reason": "GLOBAL_SLOT_OCCUPIED",
      "scenario_id": "ETHUSDT-PERP.BINANCE-IRX-1758965100000000000-000060",
      "symbol": "ETHUSDT",
      "type": "GLOBAL_CANDIDATE_REJECTED"
    },
    {
      "net_structural_r": "1.768251510527434",
      "observed_ts_ns": 1758968220000000000,
      "reason": "GLOBAL_SLOT_OCCUPIED",
      "scenario_id": "ETHUSDT-PERP.BINANCE-IRX-1758968220000000000-000061",
      "symbol": "ETHUSDT",
      "type": "GLOBAL_CANDIDATE_REJECTED"
    },
    {
      "net_structural_r": "1.3662009244560076",
      "observed_ts_ns": 1758975720000000000,
      "reason": "GLOBAL_SLOT_OCCUPIED",
      "scenario_id": "SOLUSDT-PERP.BINANCE-IRX-1758975720000000000-000069",
      "symbol": "SOLUSDT",
      "type": "GLOBAL_CANDIDATE_REJECTED"
    },
    {
      "leader": "ETHUSDT",
      "net_structural_r": "1.4430977757050014",
      "observed_ts_ns": 1758983160000000000,
      "peer_returns": {
        "BTCUSDT": 6.0399294243396184e-05,
        "SOLUSDT": 0.0010839574300354204,
        "XRPUSDT": 0.0007193468330757291
      },
      "reason": "LEADER_DIRECTIONAL_DISAGREEMENT",
      "scenario_id": "ETHUSDT-PERP.BINANCE-IRX-1758983160000000000-000062",
      "symbol": "ETHUSDT",
      "type": "MARKET_LEADERSHIP_REJECTED"
    },
    {
      "net_structural_r": "2.795917835097442",
      "observed_ts_ns": 1758984300000000000,
      "reason": "GLOBAL_SLOT_OCCUPIED",
      "scenario_id": "ETHUSDT-PERP.BINANCE-IRX-1758984300000000000-000063",
      "symbol": "ETHUSDT",
      "type": "GLOBAL_CANDIDATE_REJECTED"
    },
    {
      "net_structural_r": "2.0953402691303213",
      "observed_ts_ns": 1758985260000000000,
      "reason": "GLOBAL_SLOT_OCCUPIED",
      "scenario_id": "ETHUSDT-PERP.BINANCE-IRX-1758985260000000000-000064",
      "symbol": "ETHUSDT",
      "type": "GLOBAL_CANDIDATE_REJECTED"
    },
    {
      "leader": "ETHUSDT",
      "net_structural_r": "1.492499774274699",
      "observed_ts_ns": 1758987120000000000,
      "peer_returns": {
        "BTCUSDT": -0.0004642181220866348,
        "SOLUSDT": -0.0015794669299110664,
        "XRPUSDT": -0.0010449320794148065
      },
      "reason": "LEADER_DIRECTIONAL_DISAGREEMENT",
      "scenario_id": "ETHUSDT-PERP.BINANCE-IRX-1758987120000000000-000065",
      "symbol": "ETHUSDT",
      "type": "MARKET_LEADERSHIP_REJECTED"
    },
    {
      "net_structural_r": "2.0237496313713024",
      "observed_ts_ns": 1758987540000000000,
      "reason": "GLOBAL_SLOT_OCCUPIED",
      "scenario_id": "ETHUSDT-PERP.BINANCE-IRX-1758987540000000000-000066",
      "symbol": "ETHUSDT",
      "type": "GLOBAL_CANDIDATE_REJECTED"
    },
    {
      "net_structural_r": "1.7909303871743978",
      "observed_ts_ns": 1758990540000000000,
      "reason": "GLOBAL_SLOT_OCCUPIED",
      "scenario_id": "ETHUSDT-PERP.BINANCE-IRX-1758990540000000000-000067",
      "symbol": "ETHUSDT",
      "type": "GLOBAL_CANDIDATE_REJECTED"
    },
    {
      "net_structural_r": "2.3669457823286715",
      "observed_ts_ns": 1758993180000000000,
      "reason": "GLOBAL_SLOT_OCCUPIED",
      "scenario_id": "ETHUSDT-PERP.BINANCE-IRX-1758993180000000000-000068",
      "symbol": "ETHUSDT",
      "type": "GLOBAL_CANDIDATE_REJECTED"
    },
    {
      "leader": null,
      "net_structural_r": "3.161557324419911",
      "observed_ts_ns": 1758996300000000000,
      "peer_returns": {},
      "reason": "INVALID_SWEEP_CONFIRMATION_ORDER",
      "scenario_id": "SOLUSDT-PERP.BINANCE-IRX-1758996300000000000-000070",
      "symbol": "SOLUSDT",
      "type": "MARKET_LEADERSHIP_REJECTED"
    },
    {
      "net_structural_r": "1.9874636436123263",
      "observed_ts_ns": 1758999840000000000,
      "reason": "GLOBAL_SLOT_OCCUPIED",
      "scenario_id": "ETHUSDT-PERP.BINANCE-IRX-1758999840000000000-000069",
      "symbol": "ETHUSDT",
      "type": "GLOBAL_CANDIDATE_REJECTED"
    },
    {
      "net_structural_r": "1.5367411233085992",
      "observed_ts_ns": 1759012800000000000,
      "reason": "GLOBAL_SLOT_OCCUPIED",
      "scenario_id": "SOLUSDT-PERP.BINANCE-IRX-1759012800000000000-000071",
      "symbol": "SOLUSDT",
      "type": "GLOBAL_CANDIDATE_REJECTED"
    },
    {
      "leader": "ETHUSDT",
      "net_structural_r": "2.760809948513446",
      "observed_ts_ns": 1759015320000000000,
      "peer_returns": {
        "BTCUSDT": 0.00032709926000640266,
        "ETHUSDT": 0.0002589834898025778,
        "XRPUSDT": -0.000249119185736002
      },
      "reason": "FOLLOWER_FAR_PEER_DISAGREEMENT",
      "scenario_id": "SOLUSDT-PERP.BINANCE-IRX-1759015320000000000-000072",
      "symbol": "SOLUSDT",
      "type": "MARKET_LEADERSHIP_REJECTED"
    },
    {
      "leader": "ETHUSDT",
      "net_structural_r": "2.2722569535071777",
      "observed_ts_ns": 1759017300000000000,
      "peer_returns": {
        "BTCUSDT": -0.0005181767840379825,
        "ETHUSDT": -0.0002265885475675189,
        "XRPUSDT": -0.0007837548984680476
      },
      "reason": "FOLLOWER_FAR_WEAK_LOCAL_DISPLACEMENT",
      "scenario_id": "SOLUSDT-PERP.BINANCE-IRX-1759017300000000000-000073",
      "symbol": "SOLUSDT",
      "type": "MARKET_LEADERSHIP_REJECTED"
    },
    {
      "leader": null,
      "net_structural_r": "2.9168234596821736",
      "observed_ts_ns": 1759019640000000000,
      "peer_returns": {},
      "reason": "INVALID_SWEEP_CONFIRMATION_ORDER",
      "scenario_id": "SOLUSDT-PERP.BINANCE-IRX-1759019640000000000-000074",
      "symbol": "SOLUSDT",
      "type": "MARKET_LEADERSHIP_REJECTED"
    },
    {
      "net_structural_r": "1.4273238271081496",
      "observed_ts_ns": 1759027320000000000,
      "reason": "GLOBAL_SLOT_OCCUPIED",
      "scenario_id": "ETHUSDT-PERP.BINANCE-IRX-1759027320000000000-000070",
      "symbol": "ETHUSDT",
      "type": "GLOBAL_CANDIDATE_REJECTED"
    },
    {
      "leader": null,
      "net_structural_r": "1.6232724874325075",
      "observed_ts_ns": 1759032840000000000,
      "peer_returns": {},
      "reason": "INVALID_SWEEP_CONFIRMATION_ORDER",
      "scenario_id": "SOLUSDT-PERP.BINANCE-IRX-1759032840000000000-000075",
      "symbol": "SOLUSDT",
      "type": "MARKET_LEADERSHIP_REJECTED"
    },
    {
      "leader": null,
      "net_structural_r": "3.1692997471384117",
      "observed_ts_ns": 1759035600000000000,
      "peer_returns": {},
      "reason": "INVALID_SWEEP_CONFIRMATION_ORDER",
      "scenario_id": "SOLUSDT-PERP.BINANCE-IRX-1759035600000000000-000076",
      "symbol": "SOLUSDT",
      "type": "MARKET_LEADERSHIP_REJECTED"
    },
    {
      "leader": "ETHUSDT",
      "net_structural_r": "1.605238600670374",
      "observed_ts_ns": 1759043760000000000,
      "peer_returns": {
        "BTCUSDT": 9.147180883850581e-07,
        "ETHUSDT": 0.0003270666367063413,
        "XRPUSDT": 0.0002874905667158423
      },
      "reason": "FOLLOWER_FAR_WEAK_LOCAL_DISPLACEMENT",
      "scenario_id": "SOLUSDT-PERP.BINANCE-IRX-1759043760000000000-000077",
      "symbol": "SOLUSDT",
      "type": "MARKET_LEADERSHIP_REJECTED"
    },
    {
      "leader": "ETHUSDT",
      "net_structural_r": "1.3670054231039837",
      "observed_ts_ns": 1759052760000000000,
      "peer_returns": {
        "BTCUSDT": -0.0002045729357311732,
        "SOLUSDT": -0.0006460269343536718,
        "XRPUSDT": 3.5964754540707133e-05
      },
      "reason": "LEADER_DIRECTIONAL_DISAGREEMENT",
      "scenario_id": "ETHUSDT-PERP.BINANCE-IRX-1759052760000000000-000071",
      "symbol": "ETHUSDT",
      "type": "MARKET_LEADERSHIP_REJECTED"
    },
    {
      "net_structural_r": "1.6686759043506745",
      "observed_ts_ns": 1759052760000000000,
      "reason": "GLOBAL_SLOT_OCCUPIED",
      "scenario_id": "SOLUSDT-PERP.BINANCE-IRX-1759052760000000000-000078",
      "symbol": "SOLUSDT",
      "type": "GLOBAL_CANDIDATE_REJECTED"
    },
    {
      "leader": "ETHUSDT",
      "net_structural_r": "1.4564674009923677",
      "observed_ts_ns": 1759055100000000000,
      "peer_returns": {
        "BTCUSDT": -0.00025130289126262806,
        "SOLUSDT": -0.0013456267131821686,
        "XRPUSDT": -0.0008286795172041117
      },
      "reason": "LEADER_DIRECTIONAL_DISAGREEMENT",
      "scenario_id": "ETHUSDT-PERP.BINANCE-IRX-1759055100000000000-000072",
      "symbol": "ETHUSDT",
      "type": "MARKET_LEADERSHIP_REJECTED"
    },
    {
      "leader": "ETHUSDT",
      "net_structural_r": "1.787006823302358",
      "observed_ts_ns": 1759056420000000000,
      "peer_returns": {
        "BTCUSDT": -6.949816835744027e-05,
        "SOLUSDT": -0.000647829770269559,
        "XRPUSDT": -0.0006829864481110448
      },
      "reason": "LEADER_DIRECTIONAL_DISAGREEMENT",
      "scenario_id": "ETHUSDT-PERP.BINANCE-IRX-1759056420000000000-000073",
      "symbol": "ETHUSDT",
      "type": "MARKET_LEADERSHIP_REJECTED"
    },
    {
      "leader": "ETHUSDT",
      "net_structural_r": "1.4342936719036739",
      "observed_ts_ns": 1759065000000000000,
      "peer_returns": {
        "BTCUSDT": -0.00011245796540682029,
        "ETHUSDT": -0.0028290313697019176,
        "SOLUSDT": -0.009559848635730006
      },
      "reason": "FOLLOWER_FAR_PEER_DISAGREEMENT",
      "scenario_id": "XRPUSDT-PERP.BINANCE-LONDON_0200_0500_NY-R000285-LOW",
      "symbol": "XRPUSDT",
      "type": "MARKET_LEADERSHIP_REJECTED"
    },
    {
      "net_structural_r": "2.942915949488338",
      "observed_ts_ns": 1759066320000000000,
      "reason": "GLOBAL_SLOT_OCCUPIED",
      "scenario_id": "SOLUSDT-PERP.BINANCE-IRX-1759066320000000000-000079",
      "symbol": "SOLUSDT",
      "type": "GLOBAL_CANDIDATE_REJECTED"
    },
    {
      "net_structural_r": "4.2002318108814585",
      "observed_ts_ns": 1759082460000000000,
      "reason": "GLOBAL_SLOT_OCCUPIED",
      "scenario_id": "SOLUSDT-PERP.BINANCE-IRX-1759082460000000000-000080",
      "symbol": "SOLUSDT",
      "type": "GLOBAL_CANDIDATE_REJECTED"
    },
    {
      "leader": null,
      "net_structural_r": "4.027873926815526",
      "observed_ts_ns": 1759085700000000000,
      "peer_returns": {},
      "reason": "INVALID_SWEEP_CONFIRMATION_ORDER",
      "scenario_id": "SOLUSDT-PERP.BINANCE-IRX-1759085700000000000-000081",
      "symbol": "SOLUSDT",
      "type": "MARKET_LEADERSHIP_REJECTED"
    },
    {
      "leader": null,
      "net_structural_r": "4.067125169454018",
      "observed_ts_ns": 1759091760000000000,
      "peer_returns": {},
      "reason": "INVALID_SWEEP_CONFIRMATION_ORDER",
      "scenario_id": "SOLUSDT-PERP.BINANCE-IRX-1759091760000000000-000082",
      "symbol": "SOLUSDT",
      "type": "MARKET_LEADERSHIP_REJECTED"
    },
    {
      "net_structural_r": "4.339159139294791",
      "observed_ts_ns": 1759092420000000000,
      "reason": "GLOBAL_SLOT_OCCUPIED",
      "scenario_id": "SOLUSDT-PERP.BINANCE-IRX-1759092420000000000-000083",
      "symbol": "SOLUSDT",
      "type": "GLOBAL_CANDIDATE_REJECTED"
    }
  ],
  "closed_trade_max_drawdown": 0.329115016139,
  "closed_trades": 4,
  "complete_gate_passed": false,
  "daily_geometric_growth": -0.05542719276758291,
  "detected_events": 2045,
  "effective_maker_rate": "0.0004",
  "effective_taker_rate": "0.0008",
  "engine_errors": [
    {
      "event": "OrderRejected(instrument_id=XRPUSDT-PERP.BINANCE, client_order_id=O-20250922-121300-001-000-14, account_id=BINANCE-001, reason='STOP_MARKET BUY order stop px of 2.8110 was in the market: bid=2.8074, ask=2.8111', due_post_only=False, ts_event=1758543240000000000)",
      "type": "ORDER_REJECTED"
    },
    {
      "event": "OrderRejected(instrument_id=XRPUSDT-PERP.BINANCE, client_order_id=O-20250922-121300-001-000-15, account_id=BINANCE-001, reason='Contingent order O-20250922-121300-001-000-14 already closed', due_post_only=False, ts_event=1758543240000000000)",
      "type": "ORDER_REJECTED"
    }
  ],
  "evaluation_calendar_days": 7,
  "evaluation_end_exclusive": "2025-09-29",
  "evaluation_start": "2025-09-22",
  "event_log_error": null,
  "event_log_valid": true,
  "evidence_class": "NAUTILUS_ACCOUNT_NAV",
  "final_nav": "67088.49838610",
  "global_slot_overlap_count": 0,
  "instruments": [
    "BTCUSDT-PERP.BINANCE",
    "ETHUSDT-PERP.BINANCE",
    "SOLUSDT-PERP.BINANCE",
    "XRPUSDT-PERP.BINANCE"
  ],
  "leadership_rejection_counts": {
    "FOLLOWER_AAC_WITHOUT_LEADERSHIP": 2,
    "FOLLOWER_FAR_EVENT_LAGGARD": 5,
    "FOLLOWER_FAR_PEER_DISAGREEMENT": 16,
    "FOLLOWER_FAR_UNRESOLVED_ADVERSE_AUCTION": 3,
    "FOLLOWER_FAR_WEAK_LOCAL_DISPLACEMENT": 15,
    "INVALID_SWEEP_CONFIRMATION_ORDER": 25,
    "LEADER_DIRECTIONAL_DISAGREEMENT": 11,
    "LEADER_EVENT_RECOVERY_WITHOUT_DIRECTIONAL_SUPPORT": 2
  },
  "liquidation_detected": false,
  "losses": 4,
  "nautilus_result": {
    "iterations": 63360,
    "total_events": 48,
    "total_orders": 16,
    "total_positions": 4
  },
  "net_return": -0.329115016139,
  "partial_entry_fail_closed_count": 0,
  "payoff_ratio": null,
  "promising_gate_passed": false,
  "scenario_counts": {
    "AAC": 0,
    "FAR": 5
  },
  "skip_reasons": {
    "AAC_REQUIRES_INDEPENDENT_EXTERNAL_DRAW": 6,
    "AMBIGUOUS_EXTERNAL_DRAW": 1,
    "CONTINUATION_TARGET_NO_LONGER_LIVE": 6,
    "FOLLOWER_AAC_WITHOUT_LEADERSHIP": 2,
    "FOLLOWER_FAR_EVENT_LAGGARD": 5,
    "FOLLOWER_FAR_PEER_DISAGREEMENT": 16,
    "FOLLOWER_FAR_UNRESOLVED_ADVERSE_AUCTION": 3,
    "FOLLOWER_FAR_WEAK_LOCAL_DISPLACEMENT": 15,
    "FRAMED_TARGET_REACHED_BEFORE_CONFIRMATION": 15,
    "GLOBAL_SLOT_OCCUPIED": 78,
    "INSUFFICIENT_COSTED_STRUCTURAL_R": 16,
    "INVALID_SWEEP_CONFIRMATION_ORDER": 25,
    "LEADER_DIRECTIONAL_DISAGREEMENT": 11,
    "LEADER_EVENT_RECOVERY_WITHOUT_DIRECTIONAL_SUPPORT": 2,
    "NO_AGGRESSOR_FLOW_AT_SWEEP": 28,
    "NO_CAUSAL_INTERNAL_STRUCTURE": 1,
    "OUTSIDE_EVALUATION_WINDOW": 52,
    "SESSION_DECISION_WINDOW_EXPIRED": 96,
    "SWEEP_ACTIVITY_OR_PENETRATION": 32
  },
  "starting_nav": "100000",
  "submitted_plans": 5,
  "success_claim": false,
  "symbol_counts": {
    "BTCUSDT": 0,
    "ETHUSDT": 2,
    "SOLUSDT": 1,
    "XRPUSDT": 2
  },
  "week_id": "W9",
  "win_rate": 0.0,
  "wins": 0
}
/__w/SMC_ICT_4_LIVE/SMC_ICT_4_LIVE/research/candidate-11/run_leadership_scdam.py:828: Pandas4Warning: Timestamp.utcnow is deprecated and will be removed in a future version. Use Timestamp.now('UTC') instead.
  engine.run()
/__w/SMC_ICT_4_LIVE/SMC_ICT_4_LIVE/research/candidate-11/run_leadership_scdam.py:828: Pandas4Warning: Timestamp.utcnow is deprecated and will be removed in a future version. Use Timestamp.now('UTC') instead.
  engine.run()
{
  "all_closed_trades_won": false,
  "bars": 63360,
  "candidate": "candidate-11-market-leadership-scdam",
  "candidate_rejections": [
    {
      "leader": null,
      "net_structural_r": "9.985139140295583",
      "observed_ts_ns": 1729901040000000000,
      "peer_returns": {},
      "reason": "INVALID_SWEEP_CONFIRMATION_ORDER",
      "scenario_id": "XRPUSDT-PERP.BINANCE-IRX-1729901040000000000-000013",
      "symbol": "XRPUSDT",
      "type": "MARKET_LEADERSHIP_REJECTED"
    },
    {
      "leader": "BTCUSDT",
      "net_structural_r": "2.868621747428738",
      "observed_ts_ns": 1729904220000000000,
      "peer_returns": {
        "BTCUSDT": -0.00012734921852530778,
        "SOLUSDT": 0.0016391452161244047,
        "XRPUSDT": 0.004357298474945592
      },
      "reason": "FOLLOWER_FAR_PEER_DISAGREEMENT",
      "scenario_id": "ETHUSDT-PERP.BINANCE-IRX-1729904220000000000-000025",
      "symbol": "ETHUSDT",
      "type": "MARKET_LEADERSHIP_REJECTED"
    },
    {
      "leader": null,
      "net_structural_r": "3.102933022294615",
      "observed_ts_ns": 1729905540000000000,
      "peer_returns": {},
      "reason": "INVALID_SWEEP_CONFIRMATION_ORDER",
      "scenario_id": "SOLUSDT-PERP.BINANCE-IRX-1729905540000000000-000030",
      "symbol": "SOLUSDT",
      "type": "MARKET_LEADERSHIP_REJECTED"
    },
    {
      "leader": "BTCUSDT",
      "net_structural_r": "1.8532470050470315",
      "observed_ts_ns": 1729907820000000000,
      "peer_returns": {
        "BTCUSDT": 0.0003241077658322489,
        "SOLUSDT": -0.0008534503779564773,
        "XRPUSDT": 0.00019719976336030065
      },
      "reason": "FOLLOWER_FAR_PEER_DISAGREEMENT",
      "scenario_id": "ETHUSDT-PERP.BINANCE-IRX-1729907820000000000-000026",
      "symbol": "ETHUSDT",
      "type": "MARKET_LEADERSHIP_REJECTED"
    },
    {
      "leader": null,
      "net_structural_r": "1.2749766376928444",
      "observed_ts_ns": 1729908780000000000,
      "peer_returns": {},
      "reason": "INVALID_SWEEP_CONFIRMATION_ORDER",
      "scenario_id": "XRPUSDT-PERP.BINANCE-IRX-1729908780000000000-000014",
      "symbol": "XRPUSDT",
      "type": "MARKET_LEADERSHIP_REJECTED"
    },
    {
      "leader": null,
      "net_structural_r": "2.327813219902409",
      "observed_ts_ns": 1729909860000000000,
      "peer_returns": {},
      "reason": "INVALID_SWEEP_CONFIRMATION_ORDER",
      "scenario_id": "ETHUSDT-PERP.BINANCE-IRX-1729909860000000000-000027",
      "symbol": "ETHUSDT",
      "type": "MARKET_LEADERSHIP_REJECTED"
    },
    {
      "leader": "BTCUSDT",
      "net_structural_r": "5.011946694817404",
      "observed_ts_ns": 1729915620000000000,
      "peer_returns": {
        "BTCUSDT": -0.00011812324590732004,
        "ETHUSDT": 0.000985831724227726,
        "XRPUSDT": 0.00039085401602489966
      },
      "reason": "FOLLOWER_FAR_PEER_DISAGREEMENT",
      "scenario_id": "SOLUSDT-PERP.BINANCE-IRX-1729915620000000000-000031",
      "symbol": "SOLUSDT",
      "type": "MARKET_LEADERSHIP_REJECTED"
    },
    {
      "leader": "BTCUSDT",
      "net_structural_r": "1.8206067487619852",
      "observed_ts_ns": 1729918560000000000,
      "peer_returns": {
        "ETHUSDT": 0.0002156478998742717,
        "SOLUSDT": 0.0021701127252999886,
        "XRPUSDT": 0.0009754194303550623
      },
      "reason": "LEADER_DIRECTIONAL_DISAGREEMENT",
      "scenario_id": "BTCUSDT-PERP.BINANCE-IRX-1729918560000000000-000020",
      "symbol": "BTCUSDT",
      "type": "MARKET_LEADERSHIP_REJECTED"
    },
    {
      "leader": "BTCUSDT",
      "net_structural_r": "3.9154316996398757",
      "observed_ts_ns": 1729919580000000000,
      "peer_returns": {
        "BTCUSDT": 0.0009616088133537204,
        "ETHUSDT": 0.00043081550122958667,
        "XRPUSDT": -0.000777907429015845
      },
      "reason": "FOLLOWER_FAR_PEER_DISAGREEMENT",
      "scenario_id": "SOLUSDT-PERP.BINANCE-IRX-1729919580000000000-000032",
      "symbol": "SOLUSDT",
      "type": "MARKET_LEADERSHIP_REJECTED"
    },
    {
      "leader": "BTCUSDT",
      "net_structural_r": "2.393985407596568",
      "observed_ts_ns": 1729922460000000000,
      "peer_returns": {
        "BTCUSDT": 0.00020411234224138042,
        "ETHUSDT": -6.475504381076025e-05,
        "XRPUSDT": -0.0005847953216373547
      },
      "reason": "FOLLOWER_FAR_PEER_DISAGREEMENT",
      "scenario_id": "SOLUSDT-PERP.BINANCE-IRX-1729922460000000000-000033",
      "symbol": "SOLUSDT",
      "type": "MARKET_LEADERSHIP_REJECTED"
    },
    {
      "leader": "BTCUSDT",
      "net_structural_r": "3.547669166331676",
      "observed_ts_ns": 1729927860000000000,
      "peer_returns": {
        "BTCUSDT": 0.000404402767249179,
        "ETHUSDT": 0.0006485058021004075,
        "XRPUSDT": 0.0
      },
      "reason": "FOLLOWER_FAR_PEER_DISAGREEMENT",
      "scenario_id": "SOLUSDT-PERP.BINANCE-IRX-1729927860000000000-000034",
      "symbol": "SOLUSDT",
      "type": "MARKET_LEADERSHIP_REJECTED"
    },
    {
      "leader": null,
      "net_structural_r": "3.129092991306307",
      "observed_ts_ns": 1729929540000000000,
      "peer_returns": {},
      "reason": "INVALID_SWEEP_CONFIRMATION_ORDER",
      "scenario_id": "SOLUSDT-PERP.BINANCE-IRX-1729929540000000000-000035",
      "symbol": "SOLUSDT",
      "type": "MARKET_LEADERSHIP_REJECTED"
    },
    {
      "net_structural_r": "1.3157113556251734",
      "observed_ts_ns": 1729936260000000000,
      "reason": "LOWER_GLOBAL_PRIORITY",
      "scenario_id": "SOLUSDT-PERP.BINANCE-IRX-1729936260000000000-000037",
      "symbol": "SOLUSDT",
      "type": "GLOBAL_CANDIDATE_REJECTED"
    },
    {
      "leader": "BTCUSDT",
      "net_structural_r": "4.412411494171518",
      "observed_ts_ns": 1729939920000000000,
      "peer_returns": {
        "BTCUSDT": 0.00025949544540759817,
        "ETHUSDT": 0.0003362842614913486,
        "XRPUSDT": -0.0001946282600233662
      },
      "reason": "FOLLOWER_FAR_PEER_DISAGREEMENT",
      "scenario_id": "SOLUSDT-PERP.BINANCE-IRX-1729939920000000000-000038",
      "symbol": "SOLUSDT",
      "type": "MARKET_LEADERSHIP_REJECTED"
    },
    {
      "leader": "BTCUSDT",
      "net_structural_r": "1.8273632914155367",
      "observed_ts_ns": 1729940700000000000,
      "peer_returns": {
        "BTCUSDT": -0.0032528358151209247,
        "ETHUSDT": -0.003853471153496546,
        "XRPUSDT": -0.00233281493001547
      },
      "reason": "FOLLOWER_FAR_EVENT_LAGGARD",
      "scenario_id": "SOLUSDT-PERP.BINANCE-LONDON_0200_0500_NY-R000117-HIGH",
      "symbol": "SOLUSDT",
      "type": "MARKET_LEADERSHIP_REJECTED"
    },
    {
      "leader": null,
      "net_structural_r": "1.6337200889671726",
      "observed_ts_ns": 1729952280000000000,
      "peer_returns": {},
      "reason": "INVALID_SWEEP_CONFIRMATION_ORDER",
      "scenario_id": "SOLUSDT-PERP.BINANCE-IRX-1729952280000000000-000039",
      "symbol": "SOLUSDT",
      "type": "MARKET_LEADERSHIP_REJECTED"
    },
    {
      "leader": "BTCUSDT",
      "net_structural_r": "1.362782723961567",
      "observed_ts_ns": 1729958460000000000,
      "peer_returns": {
        "BTCUSDT": 0.00033065121832254185,
        "ETHUSDT": 0.00084712283688404,
        "XRPUSDT": 0.001572636131314864
      },
      "reason": "FOLLOWER_FAR_WEAK_LOCAL_DISPLACEMENT",
      "scenario_id": "SOLUSDT-PERP.BINANCE-IRX-1729958460000000000-000040",
      "symbol": "SOLUSDT",
      "type": "MARKET_LEADERSHIP_REJECTED"
    },
    {
      "leader": "BTCUSDT",
      "net_structural_r": "1.328624363717171",
      "observed_ts_ns": 1729958460000000000,
      "peer_returns": {
        "BTCUSDT": -0.00016449606630086766,
        "ETHUSDT": 0.00023607272668058066,
        "SOLUSDT": 0.0002965071458223001
      },
      "reason": "FOLLOWER_FAR_PEER_DISAGREEMENT",
      "scenario_id": "XRPUSDT-PERP.BINANCE-IRX-1729958460000000000-000015",
      "symbol": "XRPUSDT",
      "type": "MARKET_LEADERSHIP_REJECTED"
    },
    {
      "net_structural_r": "1.4340140862941129",
      "observed_ts_ns": 1729977360000000000,
      "reason": "GLOBAL_SLOT_OCCUPIED",
      "scenario_id": "SOLUSDT-PERP.BINANCE-IRX-1729977360000000000-000043",
      "symbol": "SOLUSDT",
      "type": "GLOBAL_CANDIDATE_REJECTED"
    },
    {
      "leader": null,
      "net_structural_r": "1.410633207964083",
      "observed_ts_ns": 1729985340000000000,
      "peer_returns": {},
      "reason": "INVALID_SWEEP_CONFIRMATION_ORDER",
      "scenario_id": "XRPUSDT-PERP.BINANCE-IRX-1729985340000000000-000016",
      "symbol": "XRPUSDT",
      "type": "MARKET_LEADERSHIP_REJECTED"
    },
    {
      "net_structural_r": "1.308768686670935",
      "observed_ts_ns": 1729988700000000000,
      "reason": "GLOBAL_SLOT_OCCUPIED",
      "scenario_id": "SOLUSDT-PERP.BINANCE-IRX-1729988700000000000-000044",
      "symbol": "SOLUSDT",
      "type": "GLOBAL_CANDIDATE_REJECTED"
    },
    {
      "net_structural_r": "1.885906817215614",
      "observed_ts_ns": 1729989180000000000,
      "reason": "GLOBAL_SLOT_OCCUPIED",
      "scenario_id": "ETHUSDT-PERP.BINANCE-IRX-1729989180000000000-000031",
      "symbol": "ETHUSDT",
      "type": "GLOBAL_CANDIDATE_REJECTED"
    },
    {
      "net_structural_r": "1.9431752854711322",
      "observed_ts_ns": 1729989540000000000,
      "reason": "GLOBAL_SLOT_OCCUPIED",
      "scenario_id": "SOLUSDT-PERP.BINANCE-US_LATE_1600_2000_NY-R000124-LOW",
      "symbol": "SOLUSDT",
      "type": "GLOBAL_CANDIDATE_REJECTED"
    },
    {
      "leader": "BTCUSDT",
      "net_structural_r": "2.506518228020754",
      "observed_ts_ns": 1729996980000000000,
      "peer_returns": {
        "BTCUSDT": 0.00023880561372302544,
        "ETHUSDT": 0.00018188873259927796,
        "XRPUSDT": 0.00019440124416791882
      },
      "reason": "FOLLOWER_FAR_WEAK_LOCAL_DISPLACEMENT",
      "scenario_id": "SOLUSDT-PERP.BINANCE-IRX-1729996980000000000-000045",
      "symbol": "SOLUSDT",
      "type": "MARKET_LEADERSHIP_REJECTED"
    },
    {
      "leader": "BTCUSDT",
      "net_structural_r": "1.5520747641868797",
      "observed_ts_ns": 1730001240000000000,
      "peer_returns": {
        "BTCUSDT": 0.0033107101473266454,
        "SOLUSDT": 0.008610590440487398,
        "XRPUSDT": 0.007213881848313397
      },
      "reason": "FOLLOWER_FAR_EVENT_LAGGARD",
      "scenario_id": "ETHUSDT-PERP.BINANCE-US_LATE_1600_2000_NY-R000124-LOW",
      "symbol": "ETHUSDT",
      "type": "MARKET_LEADERSHIP_REJECTED"
    },
    {
      "leader": null,
      "net_structural_r": "3.1594046014560826",
      "observed_ts_ns": 1730003940000000000,
      "peer_returns": {},
      "reason": "INVALID_SWEEP_CONFIRMATION_ORDER",
      "scenario_id": "SOLUSDT-PERP.BINANCE-IRX-1730003940000000000-000046",
      "symbol": "SOLUSDT",
      "type": "MARKET_LEADERSHIP_REJECTED"
    },
    {
      "net_structural_r": "2.672475149115352",
      "observed_ts_ns": 1730022360000000000,
      "reason": "GLOBAL_SLOT_OCCUPIED",
      "scenario_id": "ETHUSDT-PERP.BINANCE-IRX-1730022360000000000-000032",
      "symbol": "ETHUSDT",
      "type": "GLOBAL_CANDIDATE_REJECTED"
    },
    {
      "leader": "BTCUSDT",
      "net_structural_r": "2.3775191314941657",
      "observed_ts_ns": 1730026740000000000,
      "peer_returns": {
        "BTCUSDT": -0.00021022279143056988,
        "SOLUSDT": -0.0018991712707181474,
        "XRPUSDT": -0.00019569471624258927
      },
      "reason": "FOLLOWER_FAR_WEAK_LOCAL_DISPLACEMENT",
      "scenario_id": "ETHUSDT-PERP.BINANCE-IRX-1730026740000000000-000033",
      "symbol": "ETHUSDT",
      "type": "MARKET_LEADERSHIP_REJECTED"
    },
    {
      "net_structural_r": "1.6517590561717426",
      "observed_ts_ns": 1730034900000000000,
      "reason": "GLOBAL_SLOT_OCCUPIED",
      "scenario_id": "SOLUSDT-PERP.BINANCE-IRX-1730034900000000000-000047",
      "symbol": "SOLUSDT",
      "type": "GLOBAL_CANDIDATE_REJECTED"
    },
    {
      "net_structural_r": "1.8609287033427127",
      "observed_ts_ns": 1730039940000000000,
      "reason": "GLOBAL_SLOT_OCCUPIED",
      "scenario_id": "SOLUSDT-PERP.BINANCE-IRX-1730039940000000000-000048",
      "symbol": "SOLUSDT",
      "type": "GLOBAL_CANDIDATE_REJECTED"
    },
    {
      "leader": "BTCUSDT",
      "net_structural_r": "1.300713308744772",
      "observed_ts_ns": 1730049180000000000,
      "peer_returns": {
        "BTCUSDT": 4.428750265716985e-05,
        "SOLUSDT": 0.00011317338162064594,
        "XRPUSDT": -0.00038774718883305415
      },
      "reason": "FOLLOWER_FAR_PEER_DISAGREEMENT",
      "scenario_id": "ETHUSDT-PERP.BINANCE-IRX-1730049180000000000-000034",
      "symbol": "ETHUSDT",
      "type": "MARKET_LEADERSHIP_REJECTED"
    },
    {
      "net_structural_r": "2.3324568420806417",
      "observed_ts_ns": 1730050020000000000,
      "reason": "GLOBAL_SLOT_OCCUPIED",
      "scenario_id": "SOLUSDT-PERP.BINANCE-IRX-1730050020000000000-000049",
      "symbol": "SOLUSDT",
      "type": "GLOBAL_CANDIDATE_REJECTED"
    },
    {
      "leader": "BTCUSDT",
      "net_structural_r": "1.5849224691588346",
      "observed_ts_ns": 1730050320000000000,
      "peer_returns": {
        "BTCUSDT": 0.0008415619389587903,
        "SOLUSDT": 0.0015256823190372693,
        "XRPUSDT": 0.0
      },
      "reason": "FOLLOWER_FAR_PEER_DISAGREEMENT",
      "scenario_id": "ETHUSDT-PERP.BINANCE-IRX-1730050320000000000-000035",
      "symbol": "ETHUSDT",
      "type": "MARKET_LEADERSHIP_REJECTED"
    },
    {
      "net_structural_r": "2.965282687068826",
      "observed_ts_ns": 1730051220000000000,
      "reason": "GLOBAL_SLOT_OCCUPIED",
      "scenario_id": "SOLUSDT-PERP.BINANCE-IRX-1730051220000000000-000050",
      "symbol": "SOLUSDT",
      "type": "GLOBAL_CANDIDATE_REJECTED"
    },
    {
      "leader": "BTCUSDT",
      "net_structural_r": "3.2576628246273938",
      "observed_ts_ns": 1730057280000000000,
      "peer_returns": {
        "BTCUSDT": 0.0006521498022109551,
        "ETHUSDT": 0.000659545717778709,
        "XRPUSDT": 0.0
      },
      "reason": "FOLLOWER_FAR_PEER_DISAGREEMENT",
      "scenario_id": "SOLUSDT-PERP.BINANCE-IRX-1730057280000000000-000051",
      "symbol": "SOLUSDT",
      "type": "MARKET_LEADERSHIP_REJECTED"
    },
    {
      "leader": null,
      "net_structural_r": "1.3572011741578633",
      "observed_ts_ns": 1730063400000000000,
      "peer_returns": {},
      "reason": "INVALID_SWEEP_CONFIRMATION_ORDER",
      "scenario_id": "ETHUSDT-PERP.BINANCE-IRX-1730063400000000000-000036",
      "symbol": "ETHUSDT",
      "type": "MARKET_LEADERSHIP_REJECTED"
    },
    {
      "leader": null,
      "net_structural_r": "2.049192934958685",
      "observed_ts_ns": 1730063700000000000,
      "peer_returns": {},
      "reason": "INVALID_SWEEP_CONFIRMATION_ORDER",
      "scenario_id": "SOLUSDT-PERP.BINANCE-IRX-1730063700000000000-000052",
      "symbol": "SOLUSDT",
      "type": "MARKET_LEADERSHIP_REJECTED"
    },
    {
      "leader": "BTCUSDT",
      "net_structural_r": "2.2174574158510536",
      "observed_ts_ns": 1730068140000000000,
      "peer_returns": {
        "BTCUSDT": 0.0018429122709200385,
        "ETHUSDT": 0.0019887660520412354,
        "XRPUSDT": 0.0013560635412630528
      },
      "reason": "FOLLOWER_FAR_EVENT_LAGGARD",
      "scenario_id": "SOLUSDT-PERP.BINANCE-IRX-1730068140000000000-000053",
      "symbol": "SOLUSDT",
      "type": "MARKET_LEADERSHIP_REJECTED"
    },
    {
      "net_structural_r": "1.6061185601752654",
      "observed_ts_ns": 1730068140000000000,
      "reason": "GLOBAL_SLOT_OCCUPIED",
      "scenario_id": "ETHUSDT-PERP.BINANCE-IRX-1730068140000000000-000037",
      "symbol": "ETHUSDT",
      "type": "GLOBAL_CANDIDATE_REJECTED"
    },
    {
      "net_structural_r": "2.663467696952297",
      "observed_ts_ns": 1730068620000000000,
      "reason": "GLOBAL_SLOT_OCCUPIED",
      "scenario_id": "SOLUSDT-PERP.BINANCE-IRX-1730068620000000000-000054",
      "symbol": "SOLUSDT",
      "type": "GLOBAL_CANDIDATE_REJECTED"
    },
    {
      "leader": "BTCUSDT",
      "net_structural_r": "3.3617105649624506",
      "observed_ts_ns": 1730068980000000000,
      "peer_returns": {
        "BTCUSDT": 0.0006778775682685367,
        "SOLUSDT": 0.0007886435331230235,
        "XRPUSDT": 0.0009680542110359625
      },
      "reason": "FOLLOWER_FAR_WEAK_LOCAL_DISPLACEMENT",
      "scenario_id": "ETHUSDT-PERP.BINANCE-IRX-1730068980000000000-000038",
      "symbol": "ETHUSDT",
      "type": "MARKET_LEADERSHIP_REJECTED"
    },
    {
      "net_structural_r": "3.3619928677259465",
      "observed_ts_ns": 1730070060000000000,
      "reason": "GLOBAL_SLOT_OCCUPIED",
      "scenario_id": "ETHUSDT-PERP.BINANCE-IRX-1730070060000000000-000039",
      "symbol": "ETHUSDT",
      "type": "GLOBAL_CANDIDATE_REJECTED"
    },
    {
      "leader": "BTCUSDT",
      "net_structural_r": "1.4847652001744658",
      "observed_ts_ns": 1730072460000000000,
      "peer_returns": {
        "BTCUSDT": -0.00019243085709574892,
        "ETHUSDT": -0.00017521852537683014,
        "XRPUSDT": -0.00019327406262081848
      },
      "reason": "FOLLOWER_FAR_WEAK_LOCAL_DISPLACEMENT",
      "scenario_id": "SOLUSDT-PERP.BINANCE-IRX-1730072460000000000-000055",
      "symbol": "SOLUSDT",
      "type": "MARKET_LEADERSHIP_REJECTED"
    },
    {
      "net_structural_r": "2.5233723384860967",
      "observed_ts_ns": 1730074080000000000,
      "reason": "GLOBAL_SLOT_OCCUPIED",
      "scenario_id": "SOLUSDT-PERP.BINANCE-IRX-1730074080000000000-000056",
      "symbol": "SOLUSDT",
      "type": "GLOBAL_CANDIDATE_REJECTED"
    },
    {
      "net_structural_r": "2.278584491246526",
      "observed_ts_ns": 1730074440000000000,
      "reason": "GLOBAL_SLOT_OCCUPIED",
      "scenario_id": "SOLUSDT-PERP.BINANCE-IRX-1730074440000000000-000057",
      "symbol": "SOLUSDT",
      "type": "GLOBAL_CANDIDATE_REJECTED"
    },
    {
      "leader": "BTCUSDT",
      "net_structural_r": "2.0671722019055925",
      "observed_ts_ns": 1730075940000000000,
      "peer_returns": {
        "BTCUSDT": -0.00035441176470596414,
        "SOLUSDT": -0.0003960396039603964,
        "XRPUSDT": -0.00038722168441429616
      },
      "reason": "FOLLOWER_FAR_WEAK_LOCAL_DISPLACEMENT",
      "scenario_id": "ETHUSDT-PERP.BINANCE-IRX-1730075940000000000-000040",
      "symbol": "ETHUSDT",
      "type": "MARKET_LEADERSHIP_REJECTED"
    },
    {
      "leader": "BTCUSDT",
      "net_structural_r": "2.034762567418478",
      "observed_ts_ns": 1730075940000000000,
      "peer_returns": {
        "BTCUSDT": -0.00024267418123202766,
        "ETHUSDT": -0.00021163852140548833,
        "XRPUSDT": -0.00038722168441429616
      },
      "reason": "FOLLOWER_FAR_WEAK_LOCAL_DISPLACEMENT",
      "scenario_id": "SOLUSDT-PERP.BINANCE-IRX-1730075940000000000-000058",
      "symbol": "SOLUSDT",
      "type": "MARKET_LEADERSHIP_REJECTED"
    },
    {
      "net_structural_r": "1.801875059729417",
      "observed_ts_ns": 1730089020000000000,
      "reason": "GLOBAL_SLOT_OCCUPIED",
      "scenario_id": "ETHUSDT-PERP.BINANCE-IRX-1730089020000000000-000041",
      "symbol": "ETHUSDT",
      "type": "GLOBAL_CANDIDATE_REJECTED"
    },
    {
      "leader": "BTCUSDT",
      "net_structural_r": "1.3591260112716217",
      "observed_ts_ns": 1730090160000000000,
      "peer_returns": {
        "BTCUSDT": -0.0007978416904788066,
        "SOLUSDT": -0.002234828949630341,
        "XRPUSDT": -0.00117004680187216
      },
      "reason": "FOLLOWER_FAR_WEAK_LOCAL_DISPLACEMENT",
      "scenario_id": "ETHUSDT-PERP.BINANCE-IRX-1730090160000000000-000042",
      "symbol": "ETHUSDT",
      "type": "MARKET_LEADERSHIP_REJECTED"
    },
    {
      "leader": "BTCUSDT",
      "net_structural_r": "3.476889215886721",
      "observed_ts_ns": 1730091660000000000,
      "peer_returns": {
        "BTCUSDT": -0.00022295984360309884,
        "ETHUSDT": 0.0006401971323999334,
        "XRPUSDT": 0.0
      },
      "reason": "FOLLOWER_FAR_PEER_DISAGREEMENT",
      "scenario_id": "SOLUSDT-PERP.BINANCE-IRX-1730091660000000000-000059",
      "symbol": "SOLUSDT",
      "type": "MARKET_LEADERSHIP_REJECTED"
    },
    {
      "leader": null,
      "net_structural_r": "1.9307831351868523",
      "observed_ts_ns": 1730093820000000000,
      "peer_returns": {},
      "reason": "INVALID_SWEEP_CONFIRMATION_ORDER",
      "scenario_id": "ETHUSDT-PERP.BINANCE-IRX-1730093820000000000-000043",
      "symbol": "ETHUSDT",
      "type": "MARKET_LEADERSHIP_REJECTED"
    },
    {
      "leader": "BTCUSDT",
      "net_structural_r": "1.8609606006335875",
      "observed_ts_ns": 1730102640000000000,
      "peer_returns": {
        "BTCUSDT": 0.001076098907525802,
        "ETHUSDT": 0.0011110624385231027,
        "XRPUSDT": 0.0013563262933540265
      },
      "reason": "FOLLOWER_FAR_WEAK_LOCAL_DISPLACEMENT",
      "scenario_id": "SOLUSDT-PERP.BINANCE-IRX-1730102640000000000-000060",
      "symbol": "SOLUSDT",
      "type": "MARKET_LEADERSHIP_REJECTED"
    },
    {
      "leader": "BTCUSDT",
      "net_structural_r": "1.4283541389703738",
      "observed_ts_ns": 1730112660000000000,
      "peer_returns": {
        "BTCUSDT": -0.0006884826889543838,
        "ETHUSDT": -0.0004260186974872626,
        "XRPUSDT": -0.0011576307158015497
      },
      "reason": "FOLLOWER_FAR_PEER_DISAGREEMENT",
      "scenario_id": "SOLUSDT-PERP.BINANCE-IRX-1730112660000000000-000061",
      "symbol": "SOLUSDT",
      "type": "MARKET_LEADERSHIP_REJECTED"
    },
    {
      "net_structural_r": "1.8493865897112636",
      "observed_ts_ns": 1730120220000000000,
      "reason": "GLOBAL_SLOT_OCCUPIED",
      "scenario_id": "XRPUSDT-PERP.BINANCE-IRX-1730120220000000000-000017",
      "symbol": "XRPUSDT",
      "type": "GLOBAL_CANDIDATE_REJECTED"
    },
    {
      "net_structural_r": "2.7905479489857474",
      "observed_ts_ns": 1730120580000000000,
      "reason": "GLOBAL_SLOT_OCCUPIED",
      "scenario_id": "ETHUSDT-PERP.BINANCE-IRX-1730120580000000000-000044",
      "symbol": "ETHUSDT",
      "type": "GLOBAL_CANDIDATE_REJECTED"
    },
    {
      "net_structural_r": "1.5595307637539757",
      "observed_ts_ns": 1730122680000000000,
      "reason": "GLOBAL_SLOT_OCCUPIED",
      "scenario_id": "XRPUSDT-PERP.BINANCE-LONDON_0200_0500_NY-R000173-HIGH",
      "symbol": "XRPUSDT",
      "type": "GLOBAL_CANDIDATE_REJECTED"
    },
    {
      "net_structural_r": "2.6473275776943708",
      "observed_ts_ns": 1730127180000000000,
      "reason": "GLOBAL_SLOT_OCCUPIED",
      "scenario_id": "SOLUSDT-PERP.BINANCE-IRX-1730127180000000000-000062",
      "symbol": "SOLUSDT",
      "type": "GLOBAL_CANDIDATE_REJECTED"
    },
    {
      "leader": "BTCUSDT",
      "net_structural_r": "1.3480066025513093",
      "observed_ts_ns": 1730139840000000000,
      "peer_returns": {
        "ETHUSDT": -0.003548066523254123,
        "SOLUSDT": -0.002222982216142144,
        "XRPUSDT": -0.00271633682576633
      },
      "reason": "LEADER_EVENT_RECOVERY_WITHOUT_DIRECTIONAL_SUPPORT",
      "scenario_id": "BTCUSDT-PERP.BINANCE-LONDON_CLOSE_1000_1200_NY-R000177-HIGH",
      "symbol": "BTCUSDT",
      "type": "MARKET_LEADERSHIP_REJECTED"
    },
    {
      "net_structural_r": "1.9485920263299645",
      "observed_ts_ns": 1730140920000000000,
      "reason": "GLOBAL_SLOT_OCCUPIED",
      "scenario_id": "ETHUSDT-PERP.BINANCE-IRX-1730140920000000000-000045",
      "symbol": "ETHUSDT",
      "type": "GLOBAL_CANDIDATE_REJECTED"
    },
    {
      "net_structural_r": "4.716200670995276",
      "observed_ts_ns": 1730140980000000000,
      "reason": "GLOBAL_SLOT_OCCUPIED",
      "scenario_id": "SOLUSDT-PERP.BINANCE-IRX-1730140980000000000-000063",
      "symbol": "SOLUSDT",
      "type": "GLOBAL_CANDIDATE_REJECTED"
    },
    {
      "net_structural_r": "4.982077613364074",
      "observed_ts_ns": 1730155260000000000,
      "reason": "GLOBAL_SLOT_OCCUPIED",
      "scenario_id": "ETHUSDT-PERP.BINANCE-IRX-1730155260000000000-000046",
      "symbol": "ETHUSDT",
      "type": "GLOBAL_CANDIDATE_REJECTED"
    },
    {
      "net_structural_r": "1.2795769187374966",
      "observed_ts_ns": 1730155260000000000,
      "reason": "GLOBAL_SLOT_OCCUPIED",
      "scenario_id": "XRPUSDT-PERP.BINANCE-IRX-1730155260000000000-000018",
      "symbol": "XRPUSDT",
      "type": "GLOBAL_CANDIDATE_REJECTED"
    },
    {
      "net_structural_r": "1.416723119554032",
      "observed_ts_ns": 1730156940000000000,
      "reason": "GLOBAL_SLOT_OCCUPIED",
      "scenario_id": "SOLUSDT-PERP.BINANCE-IRX-1730156940000000000-000064",
      "symbol": "SOLUSDT",
      "type": "GLOBAL_CANDIDATE_REJECTED"
    },
    {
      "leader": null,
      "net_structural_r": "5.129846917310036",
      "observed_ts_ns": 1730159760000000000,
      "peer_returns": {},
      "reason": "INVALID_SWEEP_CONFIRMATION_ORDER",
      "scenario_id": "ETHUSDT-PERP.BINANCE-IRX-1730159760000000000-000047",
      "symbol": "ETHUSDT",
      "type": "MARKET_LEADERSHIP_REJECTED"
    },
    {
      "net_structural_r": "2.367942725630694",
      "observed_ts_ns": 1730164440000000000,
      "reason": "GLOBAL_SLOT_OCCUPIED",
      "scenario_id": "SOLUSDT-PERP.BINANCE-IRX-1730164440000000000-000065",
      "symbol": "SOLUSDT",
      "type": "GLOBAL_CANDIDATE_REJECTED"
    },
    {
      "leader": null,
      "net_structural_r": "3.319000940372473",
      "observed_ts_ns": 1730166960000000000,
      "peer_returns": {},
      "reason": "INVALID_SWEEP_CONFIRMATION_ORDER",
      "scenario_id": "ETHUSDT-PERP.BINANCE-IRX-1730166960000000000-000048",
      "symbol": "ETHUSDT",
      "type": "MARKET_LEADERSHIP_REJECTED"
    },
    {
      "leader": "BTCUSDT",
      "net_structural_r": "2.6552731118301014",
      "observed_ts_ns": 1730170860000000000,
      "peer_returns": {
        "BTCUSDT": 0.0009681494294382365,
        "ETHUSDT": 0.0010223735147820712,
        "SOLUSDT": 0.0010508849557522293
      },
      "reason": "FOLLOWER_FAR_WEAK_LOCAL_DISPLACEMENT",
      "scenario_id": "XRPUSDT-PERP.BINANCE-IRX-1730170860000000000-000019",
      "symbol": "XRPUSDT",
      "type": "MARKET_LEADERSHIP_REJECTED"
    },
    {
      "leader": "BTCUSDT",
      "net_structural_r": "2.31701808369635",
      "observed_ts_ns": 1730170980000000000,
      "peer_returns": {
        "BTCUSDT": 0.0010191533446759493,
        "ETHUSDT": 0.0010213293347205443,
        "XRPUSDT": 0.0007633587786257667
      },
      "reason": "FOLLOWER_FAR_WEAK_LOCAL_DISPLACEMENT",
      "scenario_id": "SOLUSDT-PERP.BINANCE-IRX-1730170980000000000-000066",
      "symbol": "SOLUSDT",
      "type": "MARKET_LEADERSHIP_REJECTED"
    },
    {
      "leader": "BTCUSDT",
      "net_structural_r": "1.6231035963925702",
      "observed_ts_ns": 1730191980000000000,
      "peer_returns": {
        "BTCUSDT": 0.00045141584258656664,
        "ETHUSDT": 0.0007963209211412359,
        "XRPUSDT": 0.0005720823798629482
      },
      "reason": "FOLLOWER_FAR_WEAK_LOCAL_DISPLACEMENT",
      "scenario_id": "SOLUSDT-PERP.BINANCE-IRX-1730191980000000000-000067",
      "symbol": "SOLUSDT",
      "type": "MARKET_LEADERSHIP_REJECTED"
    },
    {
      "net_structural_r": "1.7320694821412768",
      "observed_ts_ns": 1730195280000000000,
      "reason": "GLOBAL_SLOT_OCCUPIED",
      "scenario_id": "SOLUSDT-PERP.BINANCE-IRX-1730195280000000000-000068",
      "symbol": "SOLUSDT",
      "type": "GLOBAL_CANDIDATE_REJECTED"
    },
    {
      "leader": "BTCUSDT",
      "net_structural_r": "1.6896186815576708",
      "observed_ts_ns": 1730197680000000000,
      "peer_returns": {
        "BTCUSDT": -0.0006827281028307652,
        "SOLUSDT": -0.0014359087645661184,
        "XRPUSDT": 0.001146569845213108
      },
      "reason": "FOLLOWER_FAR_PEER_DISAGREEMENT",
      "scenario_id": "ETHUSDT-PERP.BINANCE-IRX-1730197680000000000-000049",
      "symbol": "ETHUSDT",
      "type": "MARKET_LEADERSHIP_REJECTED"
    },
    {
      "net_structural_r": "1.5844634708930054",
      "observed_ts_ns": 1730203140000000000,
      "reason": "GLOBAL_SLOT_OCCUPIED",
      "scenario_id": "ETHUSDT-PERP.BINANCE-IRX-1730203140000000000-000050",
      "symbol": "ETHUSDT",
      "type": "GLOBAL_CANDIDATE_REJECTED"
    },
    {
      "leader": "BTCUSDT",
      "net_structural_r": "2.0637257492643455",
      "observed_ts_ns": 1730203200000000000,
      "peer_returns": {
        "BTCUSDT": -0.0009718974794992175,
        "ETHUSDT": 0.00034978860601642126,
        "SOLUSDT": -0.00022127565414631345
      },
      "reason": "FOLLOWER_FAR_PEER_DISAGREEMENT",
      "scenario_id": "XRPUSDT-PERP.BINANCE-IRX-1730203200000000000-000020",
      "symbol": "XRPUSDT",
      "type": "MARKET_LEADERSHIP_REJECTED"
    },
    {
      "leader": null,
      "net_structural_r": "1.3146048883668375",
      "observed_ts_ns": 1730208960000000000,
      "peer_returns": {},
      "reason": "INVALID_SWEEP_CONFIRMATION_ORDER",
      "scenario_id": "XRPUSDT-PERP.BINANCE-IRX-1730208960000000000-000021",
      "symbol": "XRPUSDT",
      "type": "MARKET_LEADERSHIP_REJECTED"
    },
    {
      "net_structural_r": "1.9472727477387008",
      "observed_ts_ns": 1730209920000000000,
      "reason": "GLOBAL_SLOT_OCCUPIED",
      "scenario_id": "SOLUSDT-PERP.BINANCE-IRX-1730209920000000000-000069",
      "symbol": "SOLUSDT",
      "type": "GLOBAL_CANDIDATE_REJECTED"
    },
    {
      "leader": "BTCUSDT",
      "net_structural_r": "2.2514708033410566",
      "observed_ts_ns": 1730211120000000000,
      "peer_returns": {
        "BTCUSDT": 0.0007846038937013855,
        "ETHUSDT": 0.001189209726443874,
        "SOLUSDT": 0.0010610968390483144
      },
      "reason": "FOLLOWER_FAR_EVENT_LAGGARD",
      "scenario_id": "XRPUSDT-PERP.BINANCE-IRX-1730211120000000000-000022",
      "symbol": "XRPUSDT",
      "type": "MARKET_LEADERSHIP_REJECTED"
    },
    {
      "net_structural_r": "1.3960325141409307",
      "observed_ts_ns": 1730212080000000000,
      "reason": "GLOBAL_SLOT_OCCUPIED",
      "scenario_id": "SOLUSDT-PERP.BINANCE-IRX-1730212080000000000-000070",
      "symbol": "SOLUSDT",
      "type": "GLOBAL_CANDIDATE_REJECTED"
    },
    {
      "net_structural_r": "2.0380998548387415",
      "observed_ts_ns": 1730214540000000000,
      "reason": "GLOBAL_SLOT_OCCUPIED",
      "scenario_id": "SOLUSDT-PERP.BINANCE-IRX-1730214540000000000-000071",
      "symbol": "SOLUSDT",
      "type": "GLOBAL_CANDIDATE_REJECTED"
    },
    {
      "net_structural_r": "1.9201816602339314",
      "observed_ts_ns": 1730216520000000000,
      "reason": "GLOBAL_SLOT_OCCUPIED",
      "scenario_id": "SOLUSDT-PERP.BINANCE-IRX-1730216520000000000-000072",
      "symbol": "SOLUSDT",
      "type": "GLOBAL_CANDIDATE_REJECTED"
    },
    {
      "leader": "BTCUSDT",
      "net_structural_r": "1.9827432022716367",
      "observed_ts_ns": 1730219760000000000,
      "peer_returns": {
        "BTCUSDT": -3.5829748061599886e-05,
        "ETHUSDT": 0.00025333398872473545,
        "XRPUSDT": 0.00037900322152761845
      },
      "reason": "FOLLOWER_FAR_PEER_DISAGREEMENT",
      "scenario_id": "SOLUSDT-PERP.BINANCE-IRX-1730219760000000000-000073",
      "symbol": "SOLUSDT",
      "type": "MARKET_LEADERSHIP_REJECTED"
    },
    {
      "net_structural_r": "2.169114217539403",
      "observed_ts_ns": 1730222100000000000,
      "reason": "GLOBAL_SLOT_OCCUPIED",
      "scenario_id": "SOLUSDT-PERP.BINANCE-IRX-1730222100000000000-000074",
      "symbol": "SOLUSDT",
      "type": "GLOBAL_CANDIDATE_REJECTED"
    },
    {
      "net_structural_r": "3.361345295519246",
      "observed_ts_ns": 1730222340000000000,
      "reason": "GLOBAL_SLOT_OCCUPIED",
      "scenario_id": "XRPUSDT-PERP.BINANCE-IRX-1730222340000000000-000023",
      "symbol": "XRPUSDT",
      "type": "GLOBAL_CANDIDATE_REJECTED"
    },
    {
      "leader": "BTCUSDT",
      "net_structural_r": "1.5105765703498066",
      "observed_ts_ns": 1730227440000000000,
      "peer_returns": {
        "BTCUSDT": -0.0010134098777334621,
        "ETHUSDT": -0.0009507239405817103,
        "XRPUSDT": 0.00018875047187605354
      },
      "reason": "FOLLOWER_FAR_PEER_DISAGREEMENT",
      "scenario_id": "SOLUSDT-PERP.BINANCE-IRX-1730227440000000000-000075",
      "symbol": "SOLUSDT",
      "type": "MARKET_LEADERSHIP_REJECTED"
    },
    {
      "leader": "BTCUSDT",
      "net_structural_r": "2.40130203546812",
      "observed_ts_ns": 1730232000000000000,
      "peer_returns": {
        "BTCUSDT": -0.00559389935916943,
        "ETHUSDT": -0.002925420766688114,
        "SOLUSDT": -0.0029665286018134562
      },
      "reason": "FOLLOWER_FAR_EVENT_LAGGARD",
      "scenario_id": "XRPUSDT-PERP.BINANCE-IRX-1730232000000000000-000024",
      "symbol": "XRPUSDT",
      "type": "MARKET_LEADERSHIP_REJECTED"
    },
    {
      "leader": "BTCUSDT",
      "net_structural_r": "4.990077977741977",
      "observed_ts_ns": 1730235720000000000,
      "peer_returns": {
        "BTCUSDT": -0.0016983113616890755,
        "ETHUSDT": -0.0022717656879523984,
        "XRPUSDT": 0.0
      },
      "reason": "FOLLOWER_FAR_PEER_DISAGREEMENT",
      "scenario_id": "SOLUSDT-PERP.BINANCE-IRX-1730235720000000000-000076",
      "symbol": "SOLUSDT",
      "type": "MARKET_LEADERSHIP_REJECTED"
    },
    {
      "net_structural_r": "1.5419926347535131",
      "observed_ts_ns": 1730243520000000000,
      "reason": "GLOBAL_SLOT_OCCUPIED",
      "scenario_id": "SOLUSDT-PERP.BINANCE-IRX-1730243520000000000-000077",
      "symbol": "SOLUSDT",
      "type": "GLOBAL_CANDIDATE_REJECTED"
    },
    {
      "net_structural_r": "1.5971448574568519",
      "observed_ts_ns": 1730244060000000000,
      "reason": "GLOBAL_SLOT_OCCUPIED",
      "scenario_id": "ETHUSDT-PERP.BINANCE-IRX-1730244060000000000-000051",
      "symbol": "ETHUSDT",
      "type": "GLOBAL_CANDIDATE_REJECTED"
    },
    {
      "leader": "BTCUSDT",
      "net_structural_r": "3.7867393027127316",
      "observed_ts_ns": 1730251500000000000,
      "peer_returns": {
        "BTCUSDT": -0.0003037026764663997,
        "SOLUSDT": -0.0004497413986956911,
        "XRPUSDT": 0.00019062142584846953
      },
      "reason": "FOLLOWER_FAR_PEER_DISAGREEMENT",
      "scenario_id": "ETHUSDT-PERP.BINANCE-IRX-1730251500000000000-000052",
      "symbol": "ETHUSDT",
      "type": "MARKET_LEADERSHIP_REJECTED"
    },
    {
      "leader": "BTCUSDT",
      "net_structural_r": "2.949680728566027",
      "observed_ts_ns": 1730255580000000000,
      "peer_returns": {
        "BTCUSDT": 0.0013171592437239976,
        "ETHUSDT": 0.0014674209791907256,
        "XRPUSDT": -0.00019040365575018203
      },
      "reason": "FOLLOWER_FAR_PEER_DISAGREEMENT",
      "scenario_id": "SOLUSDT-PERP.BINANCE-IRX-1730255580000000000-000078",
      "symbol": "SOLUSDT",
      "type": "MARKET_LEADERSHIP_REJECTED"
    },
    {
      "leader": "BTCUSDT",
      "net_structural_r": "1.358807450245409",
      "observed_ts_ns": 1730260560000000000,
      "peer_returns": {
        "BTCUSDT": 0.000584431681736941,
        "ETHUSDT": 0.0005942625277732816,
        "XRPUSDT": 0.000380445120791606
      },
      "reason": "FOLLOWER_FAR_WEAK_LOCAL_DISPLACEMENT",
      "scenario_id": "SOLUSDT-PERP.BINANCE-IRX-1730260560000000000-000079",
      "symbol": "SOLUSDT",
      "type": "MARKET_LEADERSHIP_REJECTED"
    },
    {
      "net_structural_r": "1.9835978446889553",
      "observed_ts_ns": 1730263860000000000,
      "reason": "GLOBAL_SLOT_OCCUPIED",
      "scenario_id": "ETHUSDT-PERP.BINANCE-IRX-1730263860000000000-000053",
      "symbol": "ETHUSDT",
      "type": "GLOBAL_CANDIDATE_REJECTED"
    },
    {
      "net_structural_r": "3.2299691116657905",
      "observed_ts_ns": 1730265960000000000,
      "reason": "GLOBAL_SLOT_OCCUPIED",
      "scenario_id": "SOLUSDT-PERP.BINANCE-IRX-1730265960000000000-000080",
      "symbol": "SOLUSDT",
      "type": "GLOBAL_CANDIDATE_REJECTED"
    },
    {
      "net_structural_r": "2.7320521007429734",
      "observed_ts_ns": 1730283360000000000,
      "reason": "GLOBAL_SLOT_OCCUPIED",
      "scenario_id": "SOLUSDT-PERP.BINANCE-IRX-1730283360000000000-000081",
      "symbol": "SOLUSDT",
      "type": "GLOBAL_CANDIDATE_REJECTED"
    },
    {
      "leader": "BTCUSDT",
      "net_structural_r": "1.3276948465319636",
      "observed_ts_ns": 1730286180000000000,
      "peer_returns": {
        "BTCUSDT": -0.002192117207223232,
        "SOLUSDT": -0.005225893459204323,
        "XRPUSDT": -0.002855511136493294
      },
      "reason": "FOLLOWER_FAR_WEAK_LOCAL_DISPLACEMENT",
      "scenario_id": "ETHUSDT-PERP.BINANCE-LONDON_0200_0500_NY-R000229-HIGH",
      "symbol": "ETHUSDT",
      "type": "MARKET_LEADERSHIP_REJECTED"
    },
    {
      "leader": "BTCUSDT",
      "net_structural_r": "2.8661761810180395",
      "observed_ts_ns": 1730290500000000000,
      "peer_returns": {
        "BTCUSDT": 0.0011070920567188836,
        "SOLUSDT": -0.00017094991167587725,
        "XRPUSDT": 0.0007674597083653367
      },
      "reason": "FOLLOWER_FAR_PEER_DISAGREEMENT",
      "scenario_id": "ETHUSDT-PERP.BINANCE-IRX-1730290500000000000-000054",
      "symbol": "ETHUSDT",
      "type": "MARKET_LEADERSHIP_REJECTED"
    },
    {
      "net_structural_r": "5.299107172601275",
      "observed_ts_ns": 1730290500000000000,
      "reason": "GLOBAL_SLOT_OCCUPIED",
      "scenario_id": "SOLUSDT-PERP.BINANCE-IRX-1730290500000000000-000082",
      "symbol": "SOLUSDT",
      "type": "GLOBAL_CANDIDATE_REJECTED"
    },
    {
      "leader": "BTCUSDT",
      "net_structural_r": "3.0257337058479963",
      "observed_ts_ns": 1730291100000000000,
      "peer_returns": {
        "BTCUSDT": 0.00016656233387135622,
        "SOLUSDT": 0.0009122006841504327,
        "XRPUSDT": -0.00019160758766045838
      },
      "reason": "FOLLOWER_FAR_PEER_DISAGREEMENT",
      "scenario_id": "ETHUSDT-PERP.BINANCE-IRX-1730291100000000000-000055",
      "symbol": "ETHUSDT",
      "type": "MARKET_LEADERSHIP_REJECTED"
    },
    {
      "net_structural_r": "6.015821270552612",
      "observed_ts_ns": 1730291460000000000,
      "reason": "GLOBAL_SLOT_OCCUPIED",
      "scenario_id": "SOLUSDT-PERP.BINANCE-IRX-1730291460000000000-000083",
      "symbol": "SOLUSDT",
      "type": "GLOBAL_CANDIDATE_REJECTED"
    },
    {
      "net_structural_r": "4.256015337157437",
      "observed_ts_ns": 1730293260000000000,
      "reason": "GLOBAL_SLOT_OCCUPIED",
      "scenario_id": "SOLUSDT-PERP.BINANCE-IRX-1730293260000000000-000084",
      "symbol": "SOLUSDT",
      "type": "GLOBAL_CANDIDATE_REJECTED"
    },
    {
      "net_structural_r": "1.674532673550863",
      "observed_ts_ns": 1730293500000000000,
      "reason": "GLOBAL_SLOT_OCCUPIED",
      "scenario_id": "XRPUSDT-PERP.BINANCE-IRX-1730293500000000000-000025",
      "symbol": "XRPUSDT",
      "type": "GLOBAL_CANDIDATE_REJECTED"
    },
    {
      "leader": "BTCUSDT",
      "net_structural_r": "1.678977655032946",
      "observed_ts_ns": 1730293980000000000,
      "peer_returns": {
        "BTCUSDT": 5.290136123559108e-05,
        "ETHUSDT": 0.0011734640659226692,
        "XRPUSDT": 0.0007677543186179747
      },
      "reason": "FOLLOWER_FAR_EVENT_LAGGARD",
      "scenario_id": "SOLUSDT-PERP.BINANCE-IRX-1730293980000000000-000085",
      "symbol": "SOLUSDT",
      "type": "MARKET_LEADERSHIP_REJECTED"
    },
    {
      "net_structural_r": "2.216068431092121",
      "observed_ts_ns": 1730295960000000000,
      "reason": "GLOBAL_SLOT_OCCUPIED",
      "scenario_id": "ETHUSDT-PERP.BINANCE-IRX-1730295960000000000-000056",
      "symbol": "ETHUSDT",
      "type": "GLOBAL_CANDIDATE_REJECTED"
    },
    {
      "net_structural_r": "3.076730828757016",
      "observed_ts_ns": 1730299800000000000,
      "reason": "GLOBAL_SLOT_OCCUPIED",
      "scenario_id": "XRPUSDT-PERP.BINANCE-IRX-1730299800000000000-000026",
      "symbol": "XRPUSDT",
      "type": "GLOBAL_CANDIDATE_REJECTED"
    },
    {
      "leader": "BTCUSDT",
      "net_structural_r": "1.566373405089326",
      "observed_ts_ns": 1730300940000000000,
      "peer_returns": {
        "BTCUSDT": -0.00011200314161885494,
        "SOLUSDT": -0.0011971268954508174,
        "XRPUSDT": -0.0007607455306201105
      },
      "reason": "FOLLOWER_FAR_WEAK_LOCAL_DISPLACEMENT",
      "scenario_id": "ETHUSDT-PERP.BINANCE-IRX-1730300940000000000-000057",
      "symbol": "ETHUSDT",
      "type": "MARKET_LEADERSHIP_REJECTED"
    },
    {
      "leader": "BTCUSDT",
      "net_structural_r": "2.515018096260531",
      "observed_ts_ns": 1730301060000000000,
      "peer_returns": {
        "BTCUSDT": 0.0008174299945458152,
        "SOLUSDT": -0.010944765793353795,
        "XRPUSDT": -0.0001908396946564972
      },
      "reason": "FOLLOWER_FAR_PEER_DISAGREEMENT",
      "scenario_id": "ETHUSDT-PERP.BINANCE-NYAM_0700_1000_NY-R000232-HIGH",
      "symbol": "ETHUSDT",
      "type": "MARKET_LEADERSHIP_REJECTED"
    },
    {
      "net_structural_r": "4.002381511220594",
      "observed_ts_ns": 1730302560000000000,
      "reason": "GLOBAL_SLOT_OCCUPIED",
      "scenario_id": "ETHUSDT-PERP.BINANCE-IRX-1730302560000000000-000058",
      "symbol": "ETHUSDT",
      "type": "GLOBAL_CANDIDATE_REJECTED"
    },
    {
      "net_structural_r": "2.309350577297371",
      "observed_ts_ns": 1730302560000000000,
      "reason": "GLOBAL_SLOT_OCCUPIED",
      "scenario_id": "SOLUSDT-PERP.BINANCE-IRX-1730302560000000000-000086",
      "symbol": "SOLUSDT",
      "type": "GLOBAL_CANDIDATE_REJECTED"
    },
    {
      "leader": null,
      "net_structural_r": "2.6817568315932383",
      "observed_ts_ns": 1730305860000000000,
      "peer_returns": {},
      "reason": "INVALID_SWEEP_CONFIRMATION_ORDER",
      "scenario_id": "SOLUSDT-PERP.BINANCE-IRX-1730305860000000000-000087",
      "symbol": "SOLUSDT",
      "type": "MARKET_LEADERSHIP_REJECTED"
    },
    {
      "leader": "BTCUSDT",
      "net_structural_r": "1.9370448701686973",
      "observed_ts_ns": 1730310120000000000,
      "peer_returns": {
        "BTCUSDT": 0.00021880130333107317,
        "ETHUSDT": -0.0002658777711204152,
        "XRPUSDT": 0.0007656967840736773
      },
      "reason": "FOLLOWER_FAR_PEER_DISAGREEMENT",
      "scenario_id": "SOLUSDT-PERP.BINANCE-IRX-1730310120000000000-000088",
      "symbol": "SOLUSDT",
      "type": "MARKET_LEADERSHIP_REJECTED"
    },
    {
      "leader": null,
      "net_structural_r": "1.7816560761092883",
      "observed_ts_ns": 1730313420000000000,
      "peer_returns": {},
      "reason": "INVALID_SWEEP_CONFIRMATION_ORDER",
      "scenario_id": "ETHUSDT-PERP.BINANCE-IRX-1730313420000000000-000059",
      "symbol": "ETHUSDT",
      "type": "MARKET_LEADERSHIP_REJECTED"
    },
    {
      "net_structural_r": "1.8516535302773727",
      "observed_ts_ns": 1730314020000000000,
      "reason": "GLOBAL_SLOT_OCCUPIED",
      "scenario_id": "ETHUSDT-PERP.BINANCE-IRX-1730314020000000000-000060",
      "symbol": "ETHUSDT",
      "type": "GLOBAL_CANDIDATE_REJECTED"
    },
    {
      "leader": null,
      "net_structural_r": "2.2369199475986106",
      "observed_ts_ns": 1730318880000000000,
      "peer_returns": {},
      "reason": "INVALID_SWEEP_CONFIRMATION_ORDER",
      "scenario_id": "SOLUSDT-PERP.BINANCE-IRX-1730318880000000000-000089",
      "symbol": "SOLUSDT",
      "type": "MARKET_LEADERSHIP_REJECTED"
    },
    {
      "net_structural_r": "1.9509661799948146",
      "observed_ts_ns": 1730318880000000000,
      "reason": "GLOBAL_SLOT_OCCUPIED",
      "scenario_id": "ETHUSDT-PERP.BINANCE-IRX-1730318880000000000-000061",
      "symbol": "ETHUSDT",
      "type": "GLOBAL_CANDIDATE_REJECTED"
    },
    {
      "leader": null,
      "net_structural_r": "6.933731719370843",
      "observed_ts_ns": 1730320440000000000,
      "peer_returns": {},
      "reason": "INVALID_SWEEP_CONFIRMATION_ORDER",
      "scenario_id": "SOLUSDT-PERP.BINANCE-IRX-1730320440000000000-000090",
      "symbol": "SOLUSDT",
      "type": "MARKET_LEADERSHIP_REJECTED"
    },
    {
      "net_structural_r": "2.848916713885136",
      "observed_ts_ns": 1730329020000000000,
      "reason": "GLOBAL_SLOT_OCCUPIED",
      "scenario_id": "SOLUSDT-PERP.BINANCE-IRX-1730329020000000000-000091",
      "symbol": "SOLUSDT",
      "type": "GLOBAL_CANDIDATE_REJECTED"
    },
    {
      "net_structural_r": "1.7813389188686122",
      "observed_ts_ns": 1730340060000000000,
      "reason": "GLOBAL_SLOT_OCCUPIED",
      "scenario_id": "XRPUSDT-PERP.BINANCE-IRX-1730340060000000000-000027",
      "symbol": "XRPUSDT",
      "type": "GLOBAL_CANDIDATE_REJECTED"
    },
    {
      "leader": "BTCUSDT",
      "net_structural_r": "2.8405609824296145",
      "observed_ts_ns": 1730343480000000000,
      "peer_returns": {
        "BTCUSDT": 0.001584827622385765,
        "ETHUSDT": 0.0012114098252109518,
        "XRPUSDT": 0.0007661367554108178
      },
      "reason": "FOLLOWER_FAR_WEAK_LOCAL_DISPLACEMENT",
      "scenario_id": "SOLUSDT-PERP.BINANCE-IRX-1730343480000000000-000092",
      "symbol": "SOLUSDT",
      "type": "MARKET_LEADERSHIP_REJECTED"
    },
    {
      "leader": null,
      "net_structural_r": "2.2574644074476584",
      "observed_ts_ns": 1730344140000000000,
      "peer_returns": {},
      "reason": "INVALID_SWEEP_CONFIRMATION_ORDER",
      "scenario_id": "ETHUSDT-PERP.BINANCE-IRX-1730344140000000000-000062",
      "symbol": "ETHUSDT",
      "type": "MARKET_LEADERSHIP_REJECTED"
    },
    {
      "leader": null,
      "net_structural_r": "2.2545902865450795",
      "observed_ts_ns": 1730344140000000000,
      "peer_returns": {},
      "reason": "INVALID_SWEEP_CONFIRMATION_ORDER",
      "scenario_id": "SOLUSDT-PERP.BINANCE-IRX-1730344140000000000-000093",
      "symbol": "SOLUSDT",
      "type": "MARKET_LEADERSHIP_REJECTED"
    },
    {
      "leader": "BTCUSDT",
      "net_structural_r": "2.5279057171598525",
      "observed_ts_ns": 1730348160000000000,
      "peer_returns": {
        "BTCUSDT": -0.0005721701418403002,
        "ETHUSDT": -0.0006625857408537605,
        "SOLUSDT": -0.0006871671534101065
      },
      "reason": "FOLLOWER_FAR_WEAK_LOCAL_DISPLACEMENT",
      "scenario_id": "XRPUSDT-PERP.BINANCE-IRX-1730348160000000000-000028",
      "symbol": "XRPUSDT",
      "type": "MARKET_LEADERSHIP_REJECTED"
    },
    {
      "leader": null,
      "net_structural_r": "3.1763284554137323",
      "observed_ts_ns": 1730349240000000000,
      "peer_returns": {},
      "reason": "INVALID_SWEEP_CONFIRMATION_ORDER",
      "scenario_id": "SOLUSDT-PERP.BINANCE-IRX-1730349240000000000-000094",
      "symbol": "SOLUSDT",
      "type": "MARKET_LEADERSHIP_REJECTED"
    },
    {
      "net_structural_r": "2.065941646697202",
      "observed_ts_ns": 1730349240000000000,
      "reason": "GLOBAL_SLOT_OCCUPIED",
      "scenario_id": "ETHUSDT-PERP.BINANCE-IRX-1730349240000000000-000063",
      "symbol": "ETHUSDT",
      "type": "GLOBAL_CANDIDATE_REJECTED"
    },
    {
      "leader": "BTCUSDT",
      "net_structural_r": "2.0286706866212962",
      "observed_ts_ns": 1730354520000000000,
      "peer_returns": {
        "BTCUSDT": 2.9044036291336894e-05,
        "ETHUSDT": -3.0188793165186745e-05,
        "XRPUSDT": -0.00038395085429066
      },
      "reason": "FOLLOWER_FAR_PEER_DISAGREEMENT",
      "scenario_id": "SOLUSDT-PERP.BINANCE-IRX-1730354520000000000-000095",
      "symbol": "SOLUSDT",
      "type": "MARKET_LEADERSHIP_REJECTED"
    },
    {
      "leader": "BTCUSDT",
      "net_structural_r": "2.9408756795251607",
      "observed_ts_ns": 1730368020000000000,
      "peer_returns": {
        "BTCUSDT": -0.0005788412123890474,
        "SOLUSDT": -0.0010276905509564171,
        "XRPUSDT": -0.0007692307692308553
      },
      "reason": "FOLLOWER_FAR_WEAK_LOCAL_DISPLACEMENT",
      "scenario_id": "ETHUSDT-PERP.BINANCE-IRX-1730368020000000000-000064",
      "symbol": "ETHUSDT",
      "type": "MARKET_LEADERSHIP_REJECTED"
    },
    {
      "leader": "BTCUSDT",
      "net_structural_r": "3.2393864071244804",
      "observed_ts_ns": 1730374140000000000,
      "peer_returns": {
        "BTCUSDT": 0.0007429399947982418,
        "ETHUSDT": 0.0012390396302643936,
        "SOLUSDT": 0.0006864595846920452
      },
      "reason": "FOLLOWER_FAR_EVENT_LAGGARD",
      "scenario_id": "XRPUSDT-PERP.BINANCE-IRX-1730374140000000000-000029",
      "symbol": "XRPUSDT",
      "type": "MARKET_LEADERSHIP_REJECTED"
    },
    {
      "net_structural_r": "3.045207609303131",
      "observed_ts_ns": 1730377140000000000,
      "reason": "GLOBAL_SLOT_OCCUPIED",
      "scenario_id": "XRPUSDT-PERP.BINANCE-IRX-1730377140000000000-000030",
      "symbol": "XRPUSDT",
      "type": "GLOBAL_CANDIDATE_REJECTED"
    },
    {
      "net_structural_r": "2.0628345582567245",
      "observed_ts_ns": 1730384520000000000,
      "reason": "GLOBAL_SLOT_OCCUPIED",
      "scenario_id": "SOLUSDT-PERP.BINANCE-IRX-1730384520000000000-000096",
      "symbol": "SOLUSDT",
      "type": "GLOBAL_CANDIDATE_REJECTED"
    },
    {
      "leader": "BTCUSDT",
      "net_structural_r": "3.22592919792586",
      "observed_ts_ns": 1730385660000000000,
      "peer_returns": {
        "BTCUSDT": -0.0025990601775908173,
        "ETHUSDT": -0.0025341585892795226,
        "SOLUSDT": -0.002925345190732509
      },
      "reason": "FOLLOWER_FAR_EVENT_LAGGARD",
      "scenario_id": "XRPUSDT-PERP.BINANCE-IRX-1730385660000000000-000031",
      "symbol": "XRPUSDT",
      "type": "MARKET_LEADERSHIP_REJECTED"
    },
    {
      "leader": "BTCUSDT",
      "net_structural_r": "3.626446044010368",
      "observed_ts_ns": 1730387520000000000,
      "peer_returns": {
        "BTCUSDT": -0.0008791010628107498,
        "ETHUSDT": -0.0014324918741118742,
        "XRPUSDT": -0.0005861664712779602
      },
      "reason": "FOLLOWER_FAR_WEAK_LOCAL_DISPLACEMENT",
      "scenario_id": "SOLUSDT-PERP.BINANCE-IRX-1730387520000000000-000097",
      "symbol": "SOLUSDT",
      "type": "MARKET_LEADERSHIP_REJECTED"
    },
    {
      "net_structural_r": "3.0997430325597115",
      "observed_ts_ns": 1730388360000000000,
      "reason": "GLOBAL_SLOT_OCCUPIED",
      "scenario_id": "ETHUSDT-PERP.BINANCE-IRX-1730388360000000000-000065",
      "symbol": "ETHUSDT",
      "type": "GLOBAL_CANDIDATE_REJECTED"
    },
    {
      "net_structural_r": "2.061780839892914",
      "observed_ts_ns": 1730389680000000000,
      "reason": "GLOBAL_SLOT_OCCUPIED",
      "scenario_id": "BTCUSDT-PERP.BINANCE-NYAM_0700_1000_NY-R000260-LOW",
      "symbol": "BTCUSDT",
      "type": "GLOBAL_CANDIDATE_REJECTED"
    },
    {
      "leader": "BTCUSDT",
      "net_structural_r": "1.55440428722638",
      "observed_ts_ns": 1730393520000000000,
      "peer_returns": {
        "BTCUSDT": -0.0006471095772215829,
        "ETHUSDT": -0.0003169969043882448,
        "XRPUSDT": 0.004514229636899181
      },
      "reason": "FOLLOWER_FAR_PEER_DISAGREEMENT",
      "scenario_id": "SOLUSDT-PERP.BINANCE-IRX-1730393520000000000-000098",
      "symbol": "SOLUSDT",
      "type": "MARKET_LEADERSHIP_REJECTED"
    },
    {
      "net_structural_r": "4.723624481769437",
      "observed_ts_ns": 1730397300000000000,
      "reason": "GLOBAL_SLOT_OCCUPIED",
      "scenario_id": "ETHUSDT-PERP.BINANCE-IRX-1730397300000000000-000066",
      "symbol": "ETHUSDT",
      "type": "GLOBAL_CANDIDATE_REJECTED"
    },
    {
      "net_structural_r": "1.9792230529988013",
      "observed_ts_ns": 1730397660000000000,
      "reason": "GLOBAL_SLOT_OCCUPIED",
      "scenario_id": "SOLUSDT-PERP.BINANCE-IRX-1730397660000000000-000099",
      "symbol": "SOLUSDT",
      "type": "GLOBAL_CANDIDATE_REJECTED"
    },
    {
      "leader": "BTCUSDT",
      "net_structural_r": "2.834412017761044",
      "observed_ts_ns": 1730399640000000000,
      "peer_returns": {
        "BTCUSDT": -0.0034495137902507134,
        "ETHUSDT": -0.005047468354430484,
        "SOLUSDT": -0.005534294966146547
      },
      "reason": "FOLLOWER_FAR_EVENT_LAGGARD",
      "scenario_id": "XRPUSDT-PERP.BINANCE-IRX-1730399640000000000-000032",
      "symbol": "XRPUSDT",
      "type": "MARKET_LEADERSHIP_REJECTED"
    },
    {
      "leader": "BTCUSDT",
      "net_structural_r": "1.3443718645854636",
      "observed_ts_ns": 1730403120000000000,
      "peer_returns": {
        "BTCUSDT": -0.000907997185208731,
        "ETHUSDT": 0.0005754744687775926,
        "SOLUSDT": -0.00011809861234124419
      },
      "reason": "FOLLOWER_FAR_PEER_DISAGREEMENT",
      "scenario_id": "XRPUSDT-PERP.BINANCE-IRX-1730403120000000000-000033",
      "symbol": "XRPUSDT",
      "type": "MARKET_LEADERSHIP_REJECTED"
    },
    {
      "leader": null,
      "net_structural_r": "3.143121866883293",
      "observed_ts_ns": 1730404320000000000,
      "peer_returns": {},
      "reason": "INVALID_SWEEP_CONFIRMATION_ORDER",
      "scenario_id": "ETHUSDT-PERP.BINANCE-IRX-1730404320000000000-000067",
      "symbol": "ETHUSDT",
      "type": "MARKET_LEADERSHIP_REJECTED"
    },
    {
      "net_structural_r": "3.8081215279542393",
      "observed_ts_ns": 1730405040000000000,
      "reason": "GLOBAL_SLOT_OCCUPIED",
      "scenario_id": "XRPUSDT-PERP.BINANCE-IRX-1730405040000000000-000034",
      "symbol": "XRPUSDT",
      "type": "GLOBAL_CANDIDATE_REJECTED"
    },
    {
      "leader": "BTCUSDT",
      "net_structural_r": "2.6916803790016233",
      "observed_ts_ns": 1730409720000000000,
      "peer_returns": {
        "BTCUSDT": 0.0005715618139836565,
        "ETHUSDT": 0.0007056463601728957,
        "XRPUSDT": 0.00019630938358861094
      },
      "reason": "FOLLOWER_FAR_PEER_DISAGREEMENT",
      "scenario_id": "SOLUSDT-PERP.BINANCE-IRX-1730409720000000000-000100",
      "symbol": "SOLUSDT",
      "type": "MARKET_LEADERSHIP_REJECTED"
    },
    {
      "leader": "BTCUSDT",
      "net_structural_r": "1.648142879862836",
      "observed_ts_ns": 1730411340000000000,
      "peer_returns": {
        "BTCUSDT": 0.002199148771632631,
        "ETHUSDT": 0.0014025912278616826,
        "XRPUSDT": 0.00039207998431667335
      },
      "reason": "FOLLOWER_FAR_WEAK_LOCAL_DISPLACEMENT",
      "scenario_id": "SOLUSDT-PERP.BINANCE-IRX-1730411340000000000-000101",
      "symbol": "SOLUSDT",
      "type": "MARKET_LEADERSHIP_REJECTED"
    },
    {
      "net_structural_r": "2.116788130920103",
      "observed_ts_ns": 1730418840000000000,
      "reason": "GLOBAL_SLOT_OCCUPIED",
      "scenario_id": "ETHUSDT-PERP.BINANCE-IRX-1730418840000000000-000068",
      "symbol": "ETHUSDT",
      "type": "GLOBAL_CANDIDATE_REJECTED"
    },
    {
      "leader": "BTCUSDT",
      "net_structural_r": "1.6767665117470623",
      "observed_ts_ns": 1730421360000000000,
      "peer_returns": {
        "BTCUSDT": -0.003013001463214593,
        "SOLUSDT": -0.0022489199266141346,
        "XRPUSDT": -0.00019573302016051564
      },
      "reason": "FOLLOWER_FAR_WEAK_LOCAL_DISPLACEMENT",
      "scenario_id": "ETHUSDT-PERP.BINANCE-US_LATE_1600_2000_NY-R000264-HIGH",
      "symbol": "ETHUSDT",
      "type": "MARKET_LEADERSHIP_REJECTED"
    },
    {
      "net_structural_r": "3.675100729316903",
      "observed_ts_ns": 1730425800000000000,
      "reason": "GLOBAL_SLOT_OCCUPIED",
      "scenario_id": "ETHUSDT-PERP.BINANCE-IRX-1730425800000000000-000069",
      "symbol": "ETHUSDT",
      "type": "GLOBAL_CANDIDATE_REJECTED"
    },
    {
      "leader": "BTCUSDT",
      "net_structural_r": "5.0098150218613515",
      "observed_ts_ns": 1730429160000000000,
      "peer_returns": {
        "BTCUSDT": -0.0013128484776867566,
        "SOLUSDT": -0.002075234734764675,
        "XRPUSDT": -0.00098000784006258
      },
      "reason": "FOLLOWER_FAR_WEAK_LOCAL_DISPLACEMENT",
      "scenario_id": "ETHUSDT-PERP.BINANCE-IRX-1730429160000000000-000070",
      "symbol": "ETHUSDT",
      "type": "MARKET_LEADERSHIP_REJECTED"
    },
    {
      "leader": "BTCUSDT",
      "net_structural_r": "5.390813931556049",
      "observed_ts_ns": 1730433960000000000,
      "peer_returns": {
        "BTCUSDT": 4.899975644234722e-05,
        "ETHUSDT": 0.00030366596743580665,
        "XRPUSDT": 0.004433307632999206
      },
      "reason": "FOLLOWER_FAR_PEER_DISAGREEMENT",
      "scenario_id": "SOLUSDT-PERP.BINANCE-IRX-1730433960000000000-000102",
      "symbol": "SOLUSDT",
      "type": "MARKET_LEADERSHIP_REJECTED"
    },
    {
      "leader": "BTCUSDT",
      "net_structural_r": "1.3275330038913462",
      "observed_ts_ns": 1730435100000000000,
      "peer_returns": {
        "BTCUSDT": 0.0010800815677600717,
        "ETHUSDT": 0.0014974064919559549,
        "XRPUSDT": 0.0
      },
      "reason": "FOLLOWER_FAR_PEER_DISAGREEMENT",
      "scenario_id": "SOLUSDT-PERP.BINANCE-IRX-1730435100000000000-000103",
      "symbol": "SOLUSDT",
      "type": "MARKET_LEADERSHIP_REJECTED"
    },
    {
      "leader": null,
      "net_structural_r": "1.5408821044519871",
      "observed_ts_ns": 1730437740000000000,
      "peer_returns": {},
      "reason": "INVALID_SWEEP_CONFIRMATION_ORDER",
      "scenario_id": "SOLUSDT-PERP.BINANCE-IRX-1730437740000000000-000104",
      "symbol": "SOLUSDT",
      "type": "MARKET_LEADERSHIP_REJECTED"
    },
    {
      "leader": "BTCUSDT",
      "net_structural_r": "1.7726776684064824",
      "observed_ts_ns": 1730441160000000000,
      "peer_returns": {
        "ETHUSDT": -0.0028565972277478924,
        "SOLUSDT": -0.0027544910179641002,
        "XRPUSDT": -0.002328740539491503
      },
      "reason": "LEADER_DIRECTIONAL_DISAGREEMENT",
      "scenario_id": "BTCUSDT-PERP.BINANCE-LONDON_PREMARKET_0000_0200_NY-R000283-HIGH",
      "symbol": "BTCUSDT",
      "type": "MARKET_LEADERSHIP_REJECTED"
    },
    {
      "leader": "BTCUSDT",
      "net_structural_r": "2.5261851458552913",
      "observed_ts_ns": 1730448120000000000,
      "peer_returns": {
        "BTCUSDT": -6.0605186072315576e-05,
        "ETHUSDT": -0.00028353047353579797,
        "XRPUSDT": 0.00019535065442477517
      },
      "reason": "FOLLOWER_FAR_PEER_DISAGREEMENT",
      "scenario_id": "SOLUSDT-PERP.BINANCE-IRX-1730448120000000000-000105",
      "symbol": "SOLUSDT",
      "type": "MARKET_LEADERSHIP_REJECTED"
    },
    {
      "net_structural_r": "2.106923269781729",
      "observed_ts_ns": 1730451120000000000,
      "reason": "GLOBAL_SLOT_OCCUPIED",
      "scenario_id": "SOLUSDT-PERP.BINANCE-IRX-1730451120000000000-000106",
      "symbol": "SOLUSDT",
      "type": "GLOBAL_CANDIDATE_REJECTED"
    },
    {
      "net_structural_r": "1.952387028380959",
      "observed_ts_ns": 1730452620000000000,
      "reason": "GLOBAL_SLOT_OCCUPIED",
      "scenario_id": "ETHUSDT-PERP.BINANCE-IRX-1730452620000000000-000071",
      "symbol": "ETHUSDT",
      "type": "GLOBAL_CANDIDATE_REJECTED"
    },
    {
      "leader": "BTCUSDT",
      "net_structural_r": "2.000432580572447",
      "observed_ts_ns": 1730458980000000000,
      "peer_returns": {
        "BTCUSDT": 0.0022530797570219363,
        "ETHUSDT": 0.001357886461633706,
        "XRPUSDT": -0.00019278966647406914
      },
      "reason": "FOLLOWER_FAR_PEER_DISAGREEMENT",
      "scenario_id": "SOLUSDT-PERP.BINANCE-IRX-1730458980000000000-000107",
      "symbol": "SOLUSDT",
      "type": "MARKET_LEADERSHIP_REJECTED"
    },
    {
      "leader": "BTCUSDT",
      "net_structural_r": "1.8304632562723913",
      "observed_ts_ns": 1730461800000000000,
      "peer_returns": {
        "BTCUSDT": -0.0003249881692901635,
        "SOLUSDT": 0.00029802706085702013,
        "XRPUSDT": -0.0003854307188282391
      },
      "reason": "FOLLOWER_FAR_PEER_DISAGREEMENT",
      "scenario_id": "ETHUSDT-PERP.BINANCE-IRX-1730461800000000000-000072",
      "symbol": "ETHUSDT",
      "type": "MARKET_LEADERSHIP_REJECTED"
    },
    {
      "leader": "BTCUSDT",
      "net_structural_r": "2.8859144082405765",
      "observed_ts_ns": 1730465940000000000,
      "peer_returns": {
        "BTCUSDT": 0.0004379479012626142,
        "SOLUSDT": 0.0015355539806285456,
        "XRPUSDT": -0.00019267822736024343
      },
      "reason": "FOLLOWER_FAR_PEER_DISAGREEMENT",
      "scenario_id": "ETHUSDT-PERP.BINANCE-IRX-1730465940000000000-000073",
      "symbol": "ETHUSDT",
      "type": "MARKET_LEADERSHIP_REJECTED"
    },
    {
      "leader": null,
      "net_structural_r": "1.5037680117856747",
      "observed_ts_ns": 1730468100000000000,
      "peer_returns": {},
      "reason": "INVALID_SWEEP_CONFIRMATION_ORDER",
      "scenario_id": "XRPUSDT-PERP.BINANCE-IRX-1730468100000000000-000035",
      "symbol": "XRPUSDT",
      "type": "MARKET_LEADERSHIP_REJECTED"
    },
    {
      "net_structural_r": "1.3274356639882727",
      "observed_ts_ns": 1730473380000000000,
      "reason": "GLOBAL_SLOT_OCCUPIED",
      "scenario_id": "SOLUSDT-PERP.BINANCE-IRX-1730473380000000000-000108",
      "symbol": "SOLUSDT",
      "type": "GLOBAL_CANDIDATE_REJECTED"
    },
    {
      "net_structural_r": "3.5390322140020967",
      "observed_ts_ns": 1730475120000000000,
      "reason": "GLOBAL_SLOT_OCCUPIED",
      "scenario_id": "SOLUSDT-PERP.BINANCE-IRX-1730475120000000000-000109",
      "symbol": "SOLUSDT",
      "type": "GLOBAL_CANDIDATE_REJECTED"
    },
    {
      "net_structural_r": "2.881957928077502",
      "observed_ts_ns": 1730477160000000000,
      "reason": "GLOBAL_SLOT_OCCUPIED",
      "scenario_id": "ETHUSDT-PERP.BINANCE-IRX-1730477160000000000-000074",
      "symbol": "ETHUSDT",
      "type": "GLOBAL_CANDIDATE_REJECTED"
    },
    {
      "net_structural_r": "2.266093164964733",
      "observed_ts_ns": 1730478180000000000,
      "reason": "GLOBAL_SLOT_OCCUPIED",
      "scenario_id": "SOLUSDT-PERP.BINANCE-IRX-1730478180000000000-000110",
      "symbol": "SOLUSDT",
      "type": "GLOBAL_CANDIDATE_REJECTED"
    },
    {
      "leader": null,
      "net_structural_r": "3.177193732260509",
      "observed_ts_ns": 1730480460000000000,
      "peer_returns": {},
      "reason": "INVALID_SWEEP_CONFIRMATION_ORDER",
      "scenario_id": "XRPUSDT-PERP.BINANCE-IRX-1730480460000000000-000036",
      "symbol": "XRPUSDT",
      "type": "MARKET_LEADERSHIP_REJECTED"
    },
    {
      "leader": null,
      "net_structural_r": "2.854251306756604",
      "observed_ts_ns": 1730481180000000000,
      "peer_returns": {},
      "reason": "INVALID_SWEEP_CONFIRMATION_ORDER",
      "scenario_id": "ETHUSDT-PERP.BINANCE-IRX-1730481180000000000-000075",
      "symbol": "ETHUSDT",
      "type": "MARKET_LEADERSHIP_REJECTED"
    },
    {
      "leader": "BTCUSDT",
      "net_structural_r": "2.241990264973218",
      "observed_ts_ns": 1730481720000000000,
      "peer_returns": {
        "BTCUSDT": -0.0014973603675805247,
        "SOLUSDT": -0.0037023766869700436,
        "XRPUSDT": -0.001733769986515199
      },
      "reason": "FOLLOWER_FAR_WEAK_LOCAL_DISPLACEMENT",
      "scenario_id": "ETHUSDT-PERP.BINANCE-IRX-1730481720000000000-000076",
      "symbol": "ETHUSDT",
      "type": "MARKET_LEADERSHIP_REJECTED"
    },
    {
      "leader": "BTCUSDT",
      "net_structural_r": "1.8186255589296059",
      "observed_ts_ns": 1730484000000000000,
      "peer_returns": {
        "BTCUSDT": -0.0041617292643414405,
        "SOLUSDT": -0.000540605478135503,
        "XRPUSDT": -0.0013547513063674188
      },
      "reason": "FOLLOWER_FAR_WEAK_LOCAL_DISPLACEMENT",
      "scenario_id": "ETHUSDT-PERP.BINANCE-IRX-1730484000000000000-000077",
      "symbol": "ETHUSDT",
      "type": "MARKET_LEADERSHIP_REJECTED"
    },
    {
      "leader": "BTCUSDT",
      "net_structural_r": "2.6098201110072794",
      "observed_ts_ns": 1730484000000000000,
      "peer_returns": {
        "BTCUSDT": -0.004966302642736564,
        "ETHUSDT": -0.0026621913286358767,
        "SOLUSDT": -0.0016799664006720283
      },
      "reason": "FOLLOWER_FAR_WEAK_LOCAL_DISPLACEMENT",
      "scenario_id": "XRPUSDT-PERP.BINANCE-IRX-1730484000000000000-000037",
      "symbol": "XRPUSDT",
      "type": "MARKET_LEADERSHIP_REJECTED"
    },
    {
      "leader": null,
      "net_structural_r": "2.095549549100604",
      "observed_ts_ns": 1730486220000000000,
      "peer_returns": {},
      "reason": "INVALID_SWEEP_CONFIRMATION_ORDER",
      "scenario_id": "ETHUSDT-PERP.BINANCE-IRX-1730486220000000000-000078",
      "symbol": "ETHUSDT",
      "type": "MARKET_LEADERSHIP_REJECTED"
    },
    {
      "net_structural_r": "2.1128320722847675",
      "observed_ts_ns": 1730486760000000000,
      "reason": "GLOBAL_SLOT_OCCUPIED",
      "scenario_id": "ETHUSDT-PERP.BINANCE-IRX-1730486760000000000-000079",
      "symbol": "ETHUSDT",
      "type": "GLOBAL_CANDIDATE_REJECTED"
    },
    {
      "leader": "BTCUSDT",
      "net_structural_r": "2.3729184264260703",
      "observed_ts_ns": 1730488200000000000,
      "peer_returns": {
        "BTCUSDT": -0.002721241718195655,
        "ETHUSDT": -0.0019040259393657832,
        "SOLUSDT": -0.002707092582566295
      },
      "reason": "FOLLOWER_FAR_EVENT_LAGGARD",
      "scenario_id": "XRPUSDT-PERP.BINANCE-IRX-1730488200000000000-000038",
      "symbol": "XRPUSDT",
      "type": "MARKET_LEADERSHIP_REJECTED"
    },
    {
      "net_structural_r": "4.098666624919082",
      "observed_ts_ns": 1730489280000000000,
      "reason": "GLOBAL_SLOT_OCCUPIED",
      "scenario_id": "ETHUSDT-PERP.BINANCE-IRX-1730489280000000000-000080",
      "symbol": "ETHUSDT",
      "type": "GLOBAL_CANDIDATE_REJECTED"
    },
    {
      "net_structural_r": "2.6284494823458093",
      "observed_ts_ns": 1730490000000000000,
      "reason": "GLOBAL_SLOT_OCCUPIED",
      "scenario_id": "XRPUSDT-PERP.BINANCE-IRX-1730490000000000000-000039",
      "symbol": "XRPUSDT",
      "type": "GLOBAL_CANDIDATE_REJECTED"
    },
    {
      "net_structural_r": "1.7647066943563092",
      "observed_ts_ns": 1730505120000000000,
      "reason": "GLOBAL_SLOT_OCCUPIED",
      "scenario_id": "XRPUSDT-PERP.BINANCE-IRX-1730505120000000000-000040",
      "symbol": "XRPUSDT",
      "type": "GLOBAL_CANDIDATE_REJECTED"
    }
  ],
  "closed_trade_max_drawdown": 0.1415958169144,
  "closed_trades": 8,
  "complete_gate_passed": false,
  "daily_geometric_growth": 0.056148148092873024,
  "detected_events": 2182,
  "effective_maker_rate": "0.0004",
  "effective_taker_rate": "0.0008",
  "engine_errors": [
    {
      "event": "OrderRejected(instrument_id=BTCUSDT-PERP.BINANCE, client_order_id=O-20241026-210000-001-000-29, account_id=BINANCE-001, reason='STOP_MARKET SELL order stop px of 67197.8 was in the market: bid=67196.9, ask=67234.6', due_post_only=False, ts_event=1729976520000000000)",
      "type": "ORDER_REJECTED"
    },
    {
      "event": "OrderRejected(instrument_id=BTCUSDT-PERP.BINANCE, client_order_id=O-20241026-210000-001-000-30, account_id=BINANCE-001, reason='Contingent order O-20241026-210000-001-000-29 already closed', due_post_only=False, ts_event=1729976520000000000)",
      "type": "ORDER_REJECTED"
    }
  ],
  "evaluation_calendar_days": 7,
  "evaluation_end_exclusive": "2024-11-02",
  "evaluation_start": "2024-10-26",
  "event_log_error": null,
  "event_log_valid": true,
  "evidence_class": "NAUTILUS_ACCOUNT_NAV",
  "final_nav": "146579.72177404",
  "global_slot_overlap_count": 0,
  "instruments": [
    "BTCUSDT-PERP.BINANCE",
    "ETHUSDT-PERP.BINANCE",
    "SOLUSDT-PERP.BINANCE",
    "XRPUSDT-PERP.BINANCE"
  ],
  "leadership_rejection_counts": {
    "FOLLOWER_FAR_EVENT_LAGGARD": 10,
    "FOLLOWER_FAR_PEER_DISAGREEMENT": 34,
    "FOLLOWER_FAR_WEAK_LOCAL_DISPLACEMENT": 25,
    "INVALID_SWEEP_CONFIRMATION_ORDER": 27,
    "LEADER_DIRECTIONAL_DISAGREEMENT": 2,
    "LEADER_EVENT_RECOVERY_WITHOUT_DIRECTIONAL_SUPPORT": 1
  },
  "liquidation_detected": false,
  "losses": 6,
  "nautilus_result": {
    "iterations": 63360,
    "total_events": 103,
    "total_orders": 31,
    "total_positions": 8
  },
  "net_return": 0.4657972177404,
  "partial_entry_fail_closed_count": 0,
  "payoff_ratio": 11.180181285114601,
  "promising_gate_passed": false,
  "scenario_counts": {
    "AAC": 0,
    "FAR": 10
  },
  "skip_reasons": {
    "AAC_REQUIRES_INDEPENDENT_EXTERNAL_DRAW": 5,
    "ACTUAL_MARGIN_INFEASIBLE": 1,
    "CONTINUATION_TARGET_NO_LONGER_LIVE": 1,
    "FOLLOWER_FAR_EVENT_LAGGARD": 10,
    "FOLLOWER_FAR_PEER_DISAGREEMENT": 34,
    "FOLLOWER_FAR_WEAK_LOCAL_DISPLACEMENT": 25,
    "FRAMED_TARGET_REACHED_BEFORE_CONFIRMATION": 11,
    "GLOBAL_SLOT_OCCUPIED": 70,
    "INSUFFICIENT_COSTED_STRUCTURAL_R": 23,
    "INVALID_SWEEP_CONFIRMATION_ORDER": 27,
    "LEADER_DIRECTIONAL_DISAGREEMENT": 2,
    "LEADER_EVENT_RECOVERY_WITHOUT_DIRECTIONAL_SUPPORT": 1,
    "LOWER_GLOBAL_PRIORITY": 1,
    "NON_CAUSAL_PRICE_ORDER": 4,
    "NO_AGGRESSOR_FLOW_AT_SWEEP": 23,
    "NO_CAUSAL_INTERNAL_STRUCTURE": 5,
    "OUTSIDE_EVALUATION_WINDOW": 88,
    "PAIRED_TARGET_WRONG_SIDE": 1,
    "REVERSAL_TARGET_NO_LONGER_LIVE": 4,
    "SESSION_DECISION_WINDOW_EXPIRED": 108,
    "SWEEP_ACTIVITY_OR_PENETRATION": 22
  },
  "starting_nav": "100000",
  "submitted_plans": 10,
  "success_claim": false,
  "symbol_counts": {
    "BTCUSDT": 4,
    "ETHUSDT": 3,
    "SOLUSDT": 3,
    "XRPUSDT": 0
  },
  "week_id": "W8",
  "win_rate": 0.25,
  "wins": 2
}
{
  "purpose": "diagnose an independent internal-liquidity reclaim family without weakening the frozen FAR/AAC gate",
  "records": [
    {
      "diagnostic_closed_trades": 37,
      "diagnostic_internal_plans": 54,
      "diagnostic_log_growth": -1.1060244134920145,
      "eligible": false,
      "losses_all_three_weeks": 51,
      "safety_passed": false,
      "variant": "STRICT",
      "w8_preserved": false,
      "weeks": {
        "W3": {
          "closed_trade_max_drawdown": 0.5216464260508,
          "closed_trades": 34,
          "daily_geometric_growth": -0.09998476619729617,
          "engine_errors": [
            {
              "event": "OrderRejected(instrument_id=SOLUSDT-PERP.BINANCE, client_order_id=O-20240524-061600-001-000-34, account_id=BINANCE-001, reason='POST_ONLY LIMIT SELL order limit px of 167.665 would have been a TAKER: bid=167.748, ask=167.748', due_post_only=True, ts_event=1716531360000000000)",
              "type": "ORDER_REJECTED"
            },
            {
              "event": "OrderRejected(instrument_id=SOLUSDT-PERP.BINANCE, client_order_id=O-20240524-061600-001-000-35, account_id=BINANCE-001, reason='REDUCE_ONLY STOP_MARKET BUY order would have increased position', due_post_only=False, ts_event=1716531360000000000)",
              "type": "ORDER_REJECTED"
            },
            {
              "event": "OrderRejected(instrument_id=SOLUSDT-PERP.BINANCE, client_order_id=O-20240524-061600-001-000-36, account_id=BINANCE-001, reason='Contingent order O-20240524-061600-001-000-35 already closed', due_post_only=False, ts_event=1716531360000000000)",
              "type": "ORDER_REJECTED"
            }
          ],
          "final_nav": "47835.35739492",
          "global_slot_overlap_count": 0,
          "internal_reclaim_submitted_plans": 51,
          "liquidation_detected": false,
          "losses": 31,
          "net_return": -0.5216464260508,
          "payoff_ratio": 2.4134086123716436,
          "submitted_plans": 51,
          "win_rate": 0.08823529411764706,
          "wins": 3
        },
        "W8": {
          "closed_trade_max_drawdown": 0.940100263803247,
          "closed_trades": 22,
          "daily_geometric_growth": -0.3289280309814989,
          "engine_errors": [
            {
              "event": "OrderRejected(instrument_id=ETHUSDT-PERP.BINANCE, client_order_id=O-20241030-045100-001-000-80, account_id=BINANCE-001, reason='STOP_MARKET SELL order stop px of 2641.12 was in the market: bid=2641.00, ask=2642.24', due_post_only=False, ts_event=1730263920000000000)",
              "type": "ORDER_REJECTED"
            },
            {
              "event": "OrderRejected(instrument_id=ETHUSDT-PERP.BINANCE, client_order_id=O-20241030-045100-001-000-81, account_id=BINANCE-001, reason='Contingent order O-20241030-045100-001-000-80 already closed', due_post_only=False, ts_event=1730263920000000000)",
              "type": "ORDER_REJECTED"
            }
          ],
          "final_nav": "6128.91628873",
          "global_slot_overlap_count": 0,
          "internal_reclaim_submitted_plans": 26,
          "liquidation_detected": false,
          "losses": 17,
          "net_return": -0.9387108371127,
          "payoff_ratio": 0.7251077557057994,
          "submitted_plans": 27,
          "win_rate": 0.22727272727272727,
          "wins": 5
        },
        "W9": {
          "closed_trade_max_drawdown": 0.3083113054958,
          "closed_trades": 3,
          "daily_geometric_growth": -0.05129738699652833,
          "engine_errors": [
            {
              "event": "OrderRejected(instrument_id=XRPUSDT-PERP.BINANCE, client_order_id=O-20250922-121300-001-000-8, account_id=BINANCE-001, reason='STOP_MARKET BUY order stop px of 2.8110 was in the market: bid=2.8074, ask=2.8111', due_post_only=False, ts_event=1758543240000000000)",
              "type": "ORDER_REJECTED"
            },
            {
              "event": "OrderRejected(instrument_id=XRPUSDT-PERP.BINANCE, client_order_id=O-20250922-121300-001-000-9, account_id=BINANCE-001, reason='Contingent order O-20250922-121300-001-000-8 already closed', due_post_only=False, ts_event=1758543240000000000)",
              "type": "ORDER_REJECTED"
            }
          ],
          "final_nav": "69168.86945042",
          "global_slot_overlap_count": 0,
          "internal_reclaim_submitted_plans": 3,
          "liquidation_detected": false,
          "losses": 3,
          "net_return": -0.3083113054958,
          "payoff_ratio": null,
          "submitted_plans": 3,
          "win_rate": 0.0,
          "wins": 0
        }
      }
    },
    {
      "diagnostic_closed_trades": 51,
      "diagnostic_internal_plans": 71,
      "diagnostic_log_growth": -1.0849307832491077,
      "eligible": false,
      "losses_all_three_weeks": 64,
      "safety_passed": false,
      "variant": "BALANCED",
      "w8_preserved": false,
      "weeks": {
        "W3": {
          "closed_trade_max_drawdown": 0.4962993906599,
          "closed_trades": 47,
          "daily_geometric_growth": -0.09332172248327607,
          "engine_errors": [
            {
              "event": "OrderRejected(instrument_id=SOLUSDT-PERP.BINANCE, client_order_id=O-20240524-061600-001-000-34, account_id=BINANCE-001, reason='POST_ONLY LIMIT SELL order limit px of 167.665 would have been a TAKER: bid=167.748, ask=167.748', due_post_only=True, ts_event=1716531360000000000)",
              "type": "ORDER_REJECTED"
            },
            {
              "event": "OrderRejected(instrument_id=SOLUSDT-PERP.BINANCE, client_order_id=O-20240524-061600-001-000-35, account_id=BINANCE-001, reason='REDUCE_ONLY STOP_MARKET BUY order would have increased position', due_post_only=False, ts_event=1716531360000000000)",
              "type": "ORDER_REJECTED"
            },
            {
              "event": "OrderRejected(instrument_id=SOLUSDT-PERP.BINANCE, client_order_id=O-20240524-061600-001-000-36, account_id=BINANCE-001, reason='Contingent order O-20240524-061600-001-000-35 already closed', due_post_only=False, ts_event=1716531360000000000)",
              "type": "ORDER_REJECTED"
            }
          ],
          "final_nav": "50370.06093401",
          "global_slot_overlap_count": 0,
          "internal_reclaim_submitted_plans": 67,
          "liquidation_detected": false,
          "losses": 39,
          "net_return": -0.4962993906599,
          "payoff_ratio": 2.1546983569171787,
          "submitted_plans": 67,
          "win_rate": 0.1702127659574468,
          "wins": 8
        },
        "W8": {
          "closed_trade_max_drawdown": 0.9457591177004,
          "closed_trades": 26,
          "daily_geometric_growth": -0.34053836493132655,
          "engine_errors": [
            {
              "event": "OrderRejected(instrument_id=ETHUSDT-PERP.BINANCE, client_order_id=O-20241030-045100-001-000-104, account_id=BINANCE-001, reason='STOP_MARKET SELL order stop px of 2641.12 was in the market: bid=2641.00, ask=2642.24', due_post_only=False, ts_event=1730263920000000000)",
              "type": "ORDER_REJECTED"
            },
            {
              "event": "OrderRejected(instrument_id=ETHUSDT-PERP.BINANCE, client_order_id=O-20241030-045100-001-000-105, account_id=BINANCE-001, reason='Contingent order O-20241030-045100-001-000-104 already closed', due_post_only=False, ts_event=1730263920000000000)",
              "type": "ORDER_REJECTED"
            }
          ],
          "final_nav": "5424.08822996",
          "global_slot_overlap_count": 0,
          "internal_reclaim_submitted_plans": 34,
          "liquidation_detected": false,
          "losses": 21,
          "net_return": -0.9457591177004,
          "payoff_ratio": 0.8392463383519517,
          "submitted_plans": 35,
          "win_rate": 0.19230769230769232,
          "wins": 5
        },
        "W9": {
          "closed_trade_max_drawdown": 0.329115016139,
          "closed_trades": 4,
          "daily_geometric_growth": -0.05542719276758291,
          "engine_errors": [
            {
              "event": "OrderRejected(instrument_id=XRPUSDT-PERP.BINANCE, client_order_id=O-20250922-121300-001-000-11, account_id=BINANCE-001, reason='STOP_MARKET BUY order stop px of 2.8110 was in the market: bid=2.8074, ask=2.8111', due_post_only=False, ts_event=1758543240000000000)",
              "type": "ORDER_REJECTED"
            },
            {
              "event": "OrderRejected(instrument_id=XRPUSDT-PERP.BINANCE, client_order_id=O-20250922-121300-001-000-12, account_id=BINANCE-001, reason='Contingent order O-20250922-121300-001-000-11 already closed', due_post_only=False, ts_event=1758543240000000000)",
              "type": "ORDER_REJECTED"
            }
          ],
          "final_nav": "67088.49838610",
          "global_slot_overlap_count": 0,
          "internal_reclaim_submitted_plans": 4,
          "liquidation_detected": false,
          "losses": 4,
          "net_return": -0.329115016139,
          "payoff_ratio": null,
          "submitted_plans": 4,
          "win_rate": 0.0,
          "wins": 0
        }
      }
    },
    {
      "diagnostic_closed_trades": 44,
      "diagnostic_internal_plans": 63,
      "diagnostic_log_growth": -1.6512727010968344,
      "eligible": false,
      "losses_all_three_weeks": 41,
      "safety_passed": false,
      "variant": "LEADERSHIP_DOMINANT",
      "w8_preserved": false,
      "weeks": {
        "W3": {
          "closed_trade_max_drawdown": 0.7141005588473,
          "closed_trades": 40,
          "daily_geometric_growth": -0.163788402295407,
          "engine_errors": [
            {
              "event": "OrderRejected(instrument_id=SOLUSDT-PERP.BINANCE, client_order_id=O-20240524-061600-001-000-52, account_id=BINANCE-001, reason='POST_ONLY LIMIT SELL order limit px of 167.665 would have been a TAKER: bid=167.748, ask=167.748', due_post_only=True, ts_event=1716531360000000000)",
              "type": "ORDER_REJECTED"
            },
            {
              "event": "OrderRejected(instrument_id=SOLUSDT-PERP.BINANCE, client_order_id=O-20240524-061600-001-000-53, account_id=BINANCE-001, reason='REDUCE_ONLY STOP_MARKET BUY order would have increased position', due_post_only=False, ts_event=1716531360000000000)",
              "type": "ORDER_REJECTED"
            },
            {
              "event": "OrderRejected(instrument_id=SOLUSDT-PERP.BINANCE, client_order_id=O-20240524-061600-001-000-54, account_id=BINANCE-001, reason='Contingent order O-20240524-061600-001-000-53 already closed', due_post_only=False, ts_event=1716531360000000000)",
              "type": "ORDER_REJECTED"
            },
            {
              "event": "OrderRejected(instrument_id=XRPUSDT-PERP.BINANCE, client_order_id=O-20240526-104900-001-000-106, account_id=BINANCE-001, reason='POST_ONLY LIMIT SELL order limit px of 0.5363 would have been a TAKER: bid=0.5363, ask=0.5363', due_post_only=True, ts_event=1716720540000000000)",
              "type": "ORDER_REJECTED"
            },
            {
              "event": "OrderRejected(instrument_id=XRPUSDT-PERP.BINANCE, client_order_id=O-20240526-104900-001-000-107, account_id=BINANCE-001, reason='REDUCE_ONLY STOP_MARKET BUY order would have increased position', due_post_only=False, ts_event=1716720540000000000)",
              "type": "ORDER_REJECTED"
            },
            {
              "event": "OrderRejected(instrument_id=XRPUSDT-PERP.BINANCE, client_order_id=O-20240526-104900-001-000-108, account_id=BINANCE-001, reason='Contingent order O-20240526-104900-001-000-107 already closed', due_post_only=False, ts_event=1716720540000000000)",
              "type": "ORDER_REJECTED"
            },
            {
              "event": "OrderRejected(instrument_id=BTCUSDT-PERP.BINANCE, client_order_id=O-20240527-165300-001-000-174, account_id=BINANCE-001, reason='STOP_MARKET SELL order stop px of 70302.5 was in the market: bid=70297.4, ask=70363.2', due_post_only=False, ts_event=1716828840000000000)",
              "type": "ORDER_REJECTED"
            },
            {
              "event": "OrderRejected(instrument_id=BTCUSDT-PERP.BINANCE, client_order_id=O-20240527-165300-001-000-175, account_id=BINANCE-001, reason='Contingent order O-20240527-165300-001-000-174 already closed', due_post_only=False, ts_event=1716828840000000000)",
              "type": "ORDER_REJECTED"
            }
          ],
          "final_nav": "28589.94411527",
          "global_slot_overlap_count": 0,
          "internal_reclaim_submitted_plans": 58,
          "liquidation_detected": false,
          "losses": 31,
          "net_return": -0.7141005588473,
          "payoff_ratio": 1.2362306574760928,
          "submitted_plans": 58,
          "win_rate": 0.225,
          "wins": 9
        },
        "W8": {
          "closed_trade_max_drawdown": 0.1415958169144,
          "closed_trades": 8,
          "daily_geometric_growth": 0.056148148092873024,
          "engine_errors": [
            {
              "event": "OrderRejected(instrument_id=BTCUSDT-PERP.BINANCE, client_order_id=O-20241026-210000-001-000-29, account_id=BINANCE-001, reason='STOP_MARKET SELL order stop px of 67197.8 was in the market: bid=67196.9, ask=67234.6', due_post_only=False, ts_event=1729976520000000000)",
              "type": "ORDER_REJECTED"
            },
            {
              "event": "OrderRejected(instrument_id=BTCUSDT-PERP.BINANCE, client_order_id=O-20241026-210000-001-000-30, account_id=BINANCE-001, reason='Contingent order O-20241026-210000-001-000-29 already closed', due_post_only=False, ts_event=1729976520000000000)",
              "type": "ORDER_REJECTED"
            }
          ],
          "final_nav": "146579.72177404",
          "global_slot_overlap_count": 0,
          "internal_reclaim_submitted_plans": 10,
          "liquidation_detected": false,
          "losses": 6,
          "net_return": 0.4657972177404,
          "payoff_ratio": 11.180181285114601,
          "submitted_plans": 10,
          "win_rate": 0.25,
          "wins": 2
        },
        "W9": {
          "closed_trade_max_drawdown": 0.329115016139,
          "closed_trades": 4,
          "daily_geometric_growth": -0.05542719276758291,
          "engine_errors": [
            {
              "event": "OrderRejected(instrument_id=XRPUSDT-PERP.BINANCE, client_order_id=O-20250922-121300-001-000-14, account_id=BINANCE-001, reason='STOP_MARKET BUY order stop px of 2.8110 was in the market: bid=2.8074, ask=2.8111', due_post_only=False, ts_event=1758543240000000000)",
              "type": "ORDER_REJECTED"
            },
            {
              "event": "OrderRejected(instrument_id=XRPUSDT-PERP.BINANCE, client_order_id=O-20250922-121300-001-000-15, account_id=BINANCE-001, reason='Contingent order O-20250922-121300-001-000-14 already closed', due_post_only=False, ts_event=1758543240000000000)",
              "type": "ORDER_REJECTED"
            }
          ],
          "final_nav": "67088.49838610",
          "global_slot_overlap_count": 0,
          "internal_reclaim_submitted_plans": 5,
          "liquidation_detected": false,
          "losses": 4,
          "net_return": -0.329115016139,
          "payoff_ratio": null,
          "submitted_plans": 5,
          "win_rate": 0.0,
          "wins": 0
        }
      }
    }
  ],
  "schema": "candidate-11-internal-reclaim-matrix-v1",
  "selected_variant": null,
  "selection_rule": "safety and zero losses across W3/W9/W8; preserve revised W8; then maximize diagnostic internal plans, closed trades, and log NAV growth",
  "success_claim": false
}
