tree
version=v4
num_class=1
num_tree_per_iteration=1
label_index=0
max_feature_idx=34
objective=binary sigmoid:1
feature_names=context_15 context_60 location_60 sweep_15 sweep_60 impulse_range impulse_efficiency impulse_activity impulse_flow opponent_reclaimed footprint_gap footprint_body break_strength pullback_depth pullback_efficiency pullback_activity pullback_flow pullback_duration response_range response_flow response_activity innovation_fast innovation_slow impact_slope market_15 market_60 relative_15 relative_60 market_dispersion risk_range cost_r obstacle_distance source_age risk_bps participation
feature_infos=[-1:1] [-1:1] [-0.38818897637794569:1] [0:3.2062378167641175] [0:2.7706662115264256] [0.090504209876131003:6.2795698924730496] [0.034411153960244828:0.91957364341082226] [0.17224870036561213:8.3169813984907641] [-0.21988217178691111:0.41671762636820858] [0.31804244454211933:5.0825239300994358] [0:1] [0:2.7270449589384484] [0.00051259050429074149:3.7639915311788257] [-1.9654491609081945:0.9411764705882365] [-0.71474154435227877:0.41788484777609286] [0.30435809980422918:4.1976020853754958] [-0.46128745827187334:0.41154771104680576] [0.20000000000000001:34.399999999999999] [0.0078170803204931499:3.7453130021783769] [-0.51378289409186273:0.89845068357578162] [0.16778918467706833:24.238483463028658] [-0.42796418449401125:0.53188669091941121] [-0.14988104327412446:0.2222550040457727] [0.97695874462201804:3.1461528631997022] [-1.8828991857852539:1.4982734516815077] [-1.511089355402617:1.5641161653045357] [-1.7623389714724187:2.2062409575451065] [-1.347994559195133:2.5055540656674395] [0.021012426160511789:1.2828723666916364] [0.28106701366296716:8.2402860226660142] [0.023979975728155339:2.7234735483858179] [0.35914118412493229:47.126050420167871] [1:21] [4.4061378922194079:500.41752068625209] [0.36624533139642496:3.4354297649022589]
tree_sizes=885 890 783 785 889 884 781 884 789 881 887 784 783 679 574 787 785 782 576 786 889 573 676 575 784 791 789 574 887 779 885 787 782 576 786 782 686 887 782 885 681 782 680 883 887 776 679 892 883 887 790 889 682 887 675 788 895 889 682 786 887 678 884 572 782 785 681 684 887 886 892 787 575 780 783 886 895 684 890 889 677 888 681 890 884 891 785 678 574 895 896 679 893 895 894 683 883 784 886 891 572 889 785 791 685 686 893 889 686 577 894 685 573 682 682 892 685 892 898 890 786 684 574 687 885 889 575 675 887 787 685 687 695 576 680 879 889 890 889 782 888 679 685 893 787 887 894 684 789 681 576 675 686 684 892 676 684 677 889 577

Tree=0
num_leaves=7
num_cat=0
split_feature=25 26 13 4 9 12
split_gain=12.0818 5.4176 7.7843 6.7095 5.26658 4.99561
threshold=0.26229399161634209 -0.021757330228985957 0.62657773542957085 1.4767944168713811 1.8412578631331307 0.095491373050616321
decision_type=2 2 2 2 2 2
left_child=1 3 -3 -1 5 -2
right_child=4 2 -4 -5 -6 -7
leaf_value=0.021558544459796991 0.0038263279043544633 0.0080802825766156817 -0.020783895588017107 -0.0082819722138677658 0.0089227349980882716 -0.024930769051540052
leaf_weight=65.585174143314362 15.860370568931101 54.573460429906845 26.784243144094944 19.118014261126518 13.703347399830816 65.286546047776937
leaf_count=292 68 226 127 84 58 283
internal_value=-0.00155364 0.00650686 -0.00265712 0.01466 -0.0149404 -0.019507
internal_weight=260.911 166.061 81.3577 84.7032 94.8503 81.1469
internal_count=1138 729 353 376 409 351
is_linear=0
shrinkage=0.05


Tree=1
num_leaves=7
num_cat=0
split_feature=25 26 13 4 25 18
split_gain=10.9895 4.95356 7.23465 6.15076 4.92235 4.04176
threshold=0.26229399161634209 -0.021757330228985957 0.62657773542957085 1.4767944168713811 0.73939352551269122 0.33859417190964664
decision_type=2 2 2 2 2 2
left_child=1 3 -3 -1 5 -2
right_child=4 2 -4 -5 -6 -7
leaf_value=0.020527676162362448 0.0047912011714580519 0.0077318335788875495 -0.020140268792762716 -0.0080198766798662627 0.0066079094969850012 -0.023625505692620619
leaf_weight=65.927958257496357 11.398335076868532 54.63043924421072 26.582934349775314 19.083365403115749 17.786307886242867 65.368299964815378
leaf_count=292 53 226 127 84 75 281
internal_value=-0.00150005 0.00617565 -0.00259916 0.0139497 -0.014294 -0.0193403
internal_weight=260.778 166.225 81.2134 85.0113 94.5529 76.7666
internal_count=1138 729 353 376 409 334
is_linear=0
shrinkage=0.05


Tree=2
num_leaves=6
num_cat=0
split_feature=25 15 26 9 12
split_gain=9.99631 4.94132 5.92512 4.90124 4.6121
threshold=0.26229399161634209 1.4487534778225111 -0.021757330228985957 1.8412578631331307 0.095491373050616321
decision_type=2 2 2 2 2
left_child=1 2 -1 4 -2
right_child=3 -3 -4 -5 -6
leaf_value=0.011238998685455706 0.0040871277769469081 0.027943745007885171 -0.007260897643138222 0.0091328112017125644 -0.023384536928472536
leaf_weight=80.590163700282574 15.837292462587355 12.255774863064287 73.515316911041737 13.692446455359457 64.751833971589804
leaf_count=352 68 59 318 58 283
internal_value=-0.00144989 0.00586102 0.00250904 -0.0136751 -0.0181306
internal_weight=260.643 166.361 154.105 94.2816 80.5891
internal_count=1138 729 670 409 351
is_linear=0
shrinkage=0.05


Tree=3
num_leaves=6
num_cat=0
split_feature=25 15 26 9 12
split_gain=9.17715 4.66721 5.40468 4.55428 4.42042
threshold=0.26229399161634209 1.4487534778225111 -0.021757330228985957 1.8412578631331307 0.22516671090171603
decision_type=2 2 2 2 2
left_child=1 2 -1 4 -2
right_child=3 -3 -4 -5 -6
leaf_value=0.010714702449502071 -0.0029894890685808516 0.02706439778496075 -0.0069505725336106109 0.0088592824421426294 -0.026502936550235879
leaf_weight=80.790993884205818 36.236471973359585 12.343897253274916 73.407004058361053 13.717538423836229 44.029368095099926
leaf_count=352 156 59 318 58 195
internal_value=-0.00133904 0.00565189 0.00239389 -0.0130794 -0.0173948
internal_weight=260.525 166.542 154.198 93.9834 80.2658
internal_count=1138 729 670 409 351
is_linear=0
shrinkage=0.05


Tree=4
num_leaves=7
num_cat=0
split_feature=25 31 2 24 8 24
split_gain=8.47342 4.5312 6.74141 4.46369 7.33365 4.36271
threshold=0.26229399161634209 1.4529464861379793 0.87760098424250066 -0.30983866769659862 0.1501688887510074 -0.24237292729114543
decision_type=2 2 2 2 2 2
left_child=3 -2 -3 4 -1 -5
right_child=1 2 -4 5 -6 -7
leaf_value=0.0064603354925967154 -0.026903368133072286 0.0075997163208328319 -0.020932016325587069 0.034291277434121838 -0.021738987932599825 0.0062719093007537474
leaf_weight=68.268769599497318 26.379730187356472 42.720250867307186 24.610293585807085 10.350465156137941 22.780233904719353 65.307093694806099
leaf_count=311 111 190 108 43 102 273
internal_value=-0.0012549 -0.0125594 -0.00418728 0.00545082 -0.00204818 0.0136609
internal_weight=260.417 93.7103 67.3305 166.707 91.049 75.6576
internal_count=1138 409 298 729 413 316
is_linear=0
shrinkage=0.05


Tree=5
num_leaves=7
num_cat=0
split_feature=25 3 31 15 26 24
split_gain=7.89534 4.51307 5.09334 4.46186 4.88028 3.422
threshold=0.26229399161634209 1.6285600043959447 1.4529464861379793 1.4487534778225111 -0.021757330228985957 -0.070744427232337107
decision_type=2 2 2 2 2 2
left_child=3 2 -2 4 -1 -3
right_child=1 5 -4 -5 -6 -7
leaf_value=0.009974532651781956 -0.034250860281568783 0.017670623073293961 -0.0063501720500910817 0.026127199055609125 -0.006799317096229167 -0.010175876559955508
leaf_weight=81.040891751646996 20.847121119499207 12.382462769746782 47.678461607545614 12.429430671036242 73.330420538783073 12.64132799208164
leaf_count=352 87 55 215 59 318 52
internal_value=-0.00122128 -0.0121458 -0.018119 0.00524612 0.00207762 0.00471442
internal_weight=260.35 93.5494 68.5256 166.801 154.371 25.0238
internal_count=1138 409 302 729 670 107
is_linear=0
shrinkage=0.05


Tree=6
num_leaves=6
num_cat=0
split_feature=25 25 15 19 18
split_gain=7.34566 4.40828 4.21416 4.47328 3.78938
threshold=0.26229399161634209 0.73939352551269122 1.4487534778225111 0.25916311035642292 0.33859417190964664
decision_type=2 2 2 2 2
left_child=2 4 3 -1 -2
right_child=1 -3 -4 -5 -6
leaf_value=-0.0060704899479598132 0.0060170904200866574 0.007626931214783657 0.025315881920073814 0.0099705791430318869 -0.020838740023406369
leaf_weight=78.104498855769634 11.293106026947497 17.664833806455135 12.5048940628767 76.333048038184643 64.410884540528059
leaf_count=339 53 75 59 331 281
internal_value=-0.00116837 -0.0117203 0.00506201 0.00198223 -0.0165979
internal_weight=260.311 93.3688 166.942 154.438 75.704
internal_count=1138 409 729 670 334
is_linear=0
shrinkage=0.05


Tree=7
num_leaves=7
num_cat=0
split_feature=25 3 31 24 8 24
split_gain=6.74047 4.25982 4.87436 4.07201 6.79548 4.32004
threshold=0.26229399161634209 1.6285600043959447 1.4529464861379793 -0.30983866769659862 0.1501688887510074 -0.24237292729114543
decision_type=2 2 2 2 2 2
left_child=3 2 -2 4 -1 -5
right_child=1 -3 -4 5 -6 -7
leaf_value=0.0059433307194699855 -0.032823604935834062 0.00505126774787042 -0.005653416275084055 0.033117498026091249 -0.021229189692080874 0.0055148677777334624
leaf_weight=68.463731989264488 20.664929017424583 24.979217916727066 47.462048389017582 10.424772717058657 22.680973999202251 65.51316837221384
leaf_count=311 87 107 215 43 102 273
internal_value=-0.00107071 -0.0111991 -0.0170414 0.00488703 -0.0022488 0.0127169
internal_weight=260.189 93.1062 68.127 167.083 91.1447 75.9379
internal_count=1138 409 302 729 413 316
is_linear=0
shrinkage=0.05


Tree=8
num_leaves=6
num_cat=0
split_feature=25 25 15 26 24
split_gain=6.27427 4.03484 4.02587 4.36403 3.76112
threshold=0.26229399161634209 0.73939352551269122 1.4487534778225111 -0.021757330228985957 -0.085386918881612248
decision_type=2 2 2 2 2
left_child=2 4 3 -1 -2
right_child=1 -3 -4 -5 -6
leaf_value=0.0091711166471945809 -0.0031733899238294348 0.0075817574193444582 0.024459691272070191 -0.0066765473720091784 -0.0252142957904209
leaf_weight=81.307719603180885 38.916141502559185 17.671395011246204 12.575726732611654 73.264878965914249 36.337601579725742
leaf_count=352 177 75 59 318 157
internal_value=-0.00103725 -0.0108215 0.00470604 0.00171032 -0.0155254
internal_weight=260.073 92.9251 167.148 154.573 75.2537
internal_count=1138 409 729 670 334
is_linear=0
shrinkage=0.05


Tree=9
num_leaves=7
num_cat=0
split_feature=25 5 5 11 3 31
split_gain=5.80842 4.02735 5.25314 5.2267 3.9892 4.65381
threshold=0.26229399161634209 2.3219460602855588 1.3492934195232436 0.42203973074129841 1.6285600043959447 1.4529464861379793
decision_type=2 2 2 2 2 2
left_child=1 2 -1 -3 5 -2
right_child=4 3 -4 -5 -6 -7
leaf_value=-0.0012095013451255807 -0.031528222856816536 -0.027729365259433054 0.017072615980320571 0.008782985490055675 0.005225731383198178 -0.0050678109503167028
leaf_weight=78.780465252697468 20.48271507024765 10.762328028678896 66.024427495896816 11.694221690297125 24.955060012638569 47.274466868489981
leaf_count=334 87 50 293 52 107 215
internal_value=-0.000975231 0.0045434 0.00769069 -0.0118677 -0.0104044 -0.0160927
internal_weight=259.974 167.261 144.805 22.4565 92.7122 67.7572
internal_count=1138 729 627 102 409 302
is_linear=0
shrinkage=0.05


Tree=10
num_leaves=7
num_cat=0
split_feature=25 25 5 19 2 31
split_gain=5.35486 3.92037 5.96732 3.91346 3.82954 5.60564
threshold=0.26229399161634209 0.14879545549955378 2.3219460602855588 0.28717594000426699 0.88679245283018415 1.2889236904061352
decision_type=2 2 2 2 2 2
left_child=1 2 -1 -3 5 -2
right_child=4 3 -4 -5 -6 -7
leaf_value=0.0048044892371141134 -0.023832332040575673 -0.0024995644599708202 -0.020594658077073388 0.029165253710905226 -0.021214365773233573 0.006667159888182006
leaf_weight=119.48803262412548 10.366115532815455 13.071925401687624 18.154447890818119 16.702023379504681 34.001054719090462 48.164965119212866
leaf_count=516 43 57 83 73 151 215
internal_value=-0.000991438 0.00430284 0.000286453 0.01813 -0.0100557 -0.00142383
internal_weight=259.949 167.416 137.642 29.7739 92.5321 58.5311
internal_count=1138 729 599 130 409 258
is_linear=0
shrinkage=0.05


Tree=11
num_leaves=6
num_cat=0
split_feature=25 15 25 12 11
split_gain=5.07018 4.92791 4.67668 5.66646 4.10322
threshold=0.38902199271612614 1.5077665315895048 0.73939352551269122 0.11692514757706145 0.92383582806760078
decision_type=2 2 2 2 2
left_child=1 4 3 -2 -1
right_child=2 -3 -4 -5 -6
leaf_value=-0.0021971064129322161 0.0087833907306623729 0.026085733795300072 0.0077018317381891592 -0.025251372664804546 0.019438237657758352
leaf_weight=163.12236045300961 10.429627053439615 11.239302821457384 17.652862876653671 42.36453066393733 15.099635034799574
leaf_count=709 46 53 75 191 64
internal_value=-0.000994004 0.00331677 -0.0115586 -0.0181997 0.000571264
internal_weight=259.908 189.461 70.447 52.7942 178.222
internal_count=1138 826 312 237 773
is_linear=0
shrinkage=0.05


Tree=12
num_leaves=6
num_cat=0
split_feature=18 0 26 25 6
split_gain=5.01007 6.6862 5.80031 5.13176 4.65266
threshold=0.33859417190964664 -0.74999999999999989 -0.067875542898760965 0.44594549927452798 0.16963139710444394
decision_type=2 2 2 2 2
left_child=2 3 -1 -2 -3
right_child=1 4 -4 -5 -6
leaf_value=0.027787800253927509 0.015239559219817523 0.012479199083990006 -0.0059133461717572715 -0.011914931612927863 -0.012273850051076347
leaf_weight=19.553759194910526 53.098413236439228 13.549216117709873 17.343153454363346 15.645107887685297 140.50756207108498
leaf_count=89 225 57 76 68 623
internal_value=-0.000881934 -0.0038548 0.0140637 0.00833125 -0.00946887
internal_weight=259.697 222.8 36.8969 68.7435 154.057
internal_count=1138 973 165 293 680
is_linear=0
shrinkage=0.05


Tree=13
num_leaves=5
num_cat=0
split_feature=3 12 25 13
split_gain=4.74894 5.48501 7.68337 4.57886
threshold=1.9854197153958786 0.67454988205772215 -0.29222769125564657 0.60090467516513102
decision_type=2 2 2 2
left_child=1 2 -1 -3
right_child=-2 3 -4 -5
leaf_value=0.013039702296383427 0.017380155359227763 0.02565151390690017 -0.011094846973692727 -0.0028462754727160192
leaf_weight=31.876078918576241 21.95702263712883 17.451325252652168 162.92930463328958 25.334187053143978
leaf_count=133 96 72 718 119
internal_value=-0.00079228 -0.00310583 -0.00670184 0.0114349
internal_weight=259.548 237.591 194.805 42.7855
internal_count=1138 1042 851 191
is_linear=0
shrinkage=0.05


Tree=14
num_leaves=4
num_cat=0
split_feature=17 3 12
split_gain=4.67049 4.64113 6.00075
threshold=1.5000000000000002 1.9854197153958786 0.12090408584045213
decision_type=2 2 2
left_child=-1 2 -2
right_child=1 -3 -4
leaf_value=0.018940782235843306 0.0098182273803693737 0.015692047085757454 -0.0091907263488591531
leaf_weight=17.439843982458115 44.531926855444908 20.560476303100586 176.78742932155728
leaf_count=73 193 90 782
internal_value=-0.000675839 -0.00278605 -0.00510682
internal_weight=259.32 241.88 221.319
internal_count=1138 1065 975
is_linear=0
shrinkage=0.05


Tree=15
num_leaves=6
num_cat=0
split_feature=18 0 26 25 2
split_gain=4.6556 5.97309 5.39514 4.72494 4.57966
threshold=0.33859417190964664 -0.74999999999999989 -0.067875542898760965 0.44594549927452798 0.87998764113146877
decision_type=2 2 2 2 2
left_child=2 3 -1 -2 -3
right_child=1 4 -4 -5 -6
leaf_value=0.026992525332145509 0.014644097229446682 -0.0017480736303737477 -0.0055678328473877173 -0.011441433941179264 -0.019026643273820781
leaf_weight=19.63386557996273 53.202904611825943 97.863886341452599 17.284307040274143 15.564039677381514 55.588640820235014
leaf_count=89 225 431 76 68 249
internal_value=-0.000577575 -0.00345977 0.0138108 0.00803713 -0.0087884
internal_weight=259.138 222.219 36.9182 68.7669 153.453
internal_count=1138 973 165 293 680
is_linear=0
shrinkage=0.05


Tree=16
num_leaves=6
num_cat=0
split_feature=25 15 25 12 19
split_gain=4.35309 5.33344 5.14903 4.01506 3.80038
threshold=0.44866929741792616 1.5077665315895048 0.73939352551269122 0.18208699021982286 0.25916311035642292
decision_type=2 2 2 2 2
left_child=1 4 3 -2 -1
right_child=2 -3 -4 -5 -6
leaf_value=-0.0064025897943059658 0.0027873479992555259 0.026600159856965629 0.0080975705316130644 -0.027990497525299907 0.0070721365105681309
leaf_weight=95.017207570374012 12.332892604172228 11.546093583106993 17.596743509173393 28.235132046043873 94.316067941486835
leaf_count=417 53 54 75 128 411
internal_value=-0.000542734 0.00302773 -0.0115089 -0.019933 0.00032787
internal_weight=259.044 200.879 58.1648 40.568 189.333
internal_count=1138 882 256 181 828
is_linear=0
shrinkage=0.05


Tree=17
num_leaves=6
num_cat=0
split_feature=18 0 26 6 25
split_gain=4.39862 5.489 4.99059 4.26333 4.20308
threshold=0.33859417190964664 -0.74999999999999989 -0.067875542898760965 0.16963139710444394 0.44594549927452798
decision_type=2 2 2 2 2
left_child=2 4 -1 -3 -2
right_child=1 3 -4 -5 -6
leaf_value=0.026096963125857315 0.013902725230790927 0.012447684236898482 -0.0052523767392651131 -0.011147583255658559 -0.01074674387994985
leaf_weight=19.737424403429031 53.366735301911831 13.548669852316378 17.243324212729931 139.57234692573547 15.457236483693121
leaf_count=89 225 57 76 623 68
internal_value=-0.000497876 -0.0033062 0.0134728 -0.00842469 0.00770562
internal_weight=258.926 221.945 36.9807 153.121 68.824
internal_count=1138 973 165 680 293
is_linear=0
shrinkage=0.05


Tree=18
num_leaves=4
num_cat=0
split_feature=17 3 12
split_gain=4.27401 4.25715 5.35534
threshold=1.5000000000000002 1.9854197153958786 0.12090408584045213
decision_type=2 2 2
left_child=-1 2 -2
right_child=1 -3 -4
leaf_value=0.018310619348382629 0.0093728436938528385 0.015210791291914747 -0.0085731238319363065
leaf_weight=17.481932811439037 44.623913012444973 20.585343860089779 176.07150839269161
leaf_count=73 193 90 782
internal_value=-0.000427121 -0.00245942 -0.00469551
internal_weight=258.763 241.281 220.695
internal_count=1138 1065 975
is_linear=0
shrinkage=0.05


Tree=19
num_leaves=6
num_cat=0
split_feature=18 19 20 26 6
split_gain=4.08334 5.12205 8.51321 4.67484 3.94879
threshold=0.33859417190964664 0.26640462846065505 0.57455588491269138 -0.032869070471145283 0.16963139710444394
decision_type=2 2 2 2 2
left_child=3 4 -3 -1 -2
right_child=1 2 -4 -5 -6
leaf_value=0.024678425766891859 0.010927148561019027 -0.016569954350917553 0.011456395710427563 -0.0057547819422227075 -0.013977494944859205
leaf_weight=21.032594233751297 11.174193173646925 27.669846467673779 88.999089859426022 15.999695889651774 93.710236050188541
leaf_count=95 45 121 391 70 416
internal_value=-0.000342675 -0.00305869 0.00402613 0.0131019 -0.010604
internal_weight=258.586 221.553 116.669 37.0323 104.884
internal_count=1138 973 512 165 461
is_linear=0
shrinkage=0.05


Tree=20
num_leaves=7
num_cat=0
split_feature=25 23 25 27 32 18
split_gain=3.95999 3.84424 4.96123 4.4705 3.61341 4.39197
threshold=0.26229399161634209 1.5485455087555506 0.14879545549955378 0.33381859299522071 2.5000000000000004 0.45032374193919139
decision_type=2 2 2 2 2 2
left_child=1 3 -3 -1 -2 -6
right_child=4 2 -4 -5 5 -7
leaf_value=0.0044575257548181233 -0.016543358446288299 0.0032691030442273394 0.027761192457686986 -0.019706211486094929 0.020588888013910081 -0.0073297770990926273
leaf_weight=43.56877052038908 46.925926946103573 83.95011705160141 19.003055796027184 20.679832324385643 10.949174761772154 33.441078614443541
leaf_count=192 211 365 83 89 51 147
internal_value=-0.00030667 0.00421267 0.00984737 -0.00492668 -0.00818072 0.00207586
internal_weight=258.518 167.202 102.953 64.2486 91.3162 44.3903
internal_count=1138 729 448 281 409 198
is_linear=0
shrinkage=0.05


Tree=21
num_leaves=4
num_cat=0
split_feature=17 11 20
split_gain=3.98813 4.05236 4.53576
threshold=1.5000000000000002 1.0489839670459282 1.5216059194765768
decision_type=2 2 2
left_child=-1 2 -2
right_child=1 -3 -4
leaf_value=0.0178131518595144 -0.0070237519147027805 0.018363067942352939 0.010870028832479374
leaf_weight=17.511543802917004 195.26435021311045 12.12819419056177 33.521641902625561
leaf_count=73 863 52 150
internal_value=-0.000269108 -0.00224102 -0.00405654
internal_weight=258.426 240.914 228.786
internal_count=1138 1065 1013
is_linear=0
shrinkage=0.05


Tree=22
num_leaves=5
num_cat=0
split_feature=3 12 25 13
split_gain=3.75125 5.26817 6.98743 4.22658
threshold=1.9854197153958786 0.67454988205772215 -0.29222769125564657 0.60090467516513102
decision_type=2 2 2 2
left_child=1 2 -1 -3
right_child=-2 3 -4 -5
leaf_value=0.012935264847159686 0.015906034223796359 0.02557294377690706 -0.0100600090711717 -0.0020767789816250075
leaf_weight=31.84148632735014 22.084453456103802 17.420825518667698 161.83245866373181 25.09827982634306
leaf_count=133 96 72 718 119
internal_value=-0.000181637 -0.00227084 -0.00582993 0.011964
internal_weight=258.278 236.193 193.674 42.5191
internal_count=1138 1042 851 191
is_linear=0
shrinkage=0.05


Tree=23
num_leaves=4
num_cat=0
split_feature=17 11 20
split_gain=3.71269 3.74934 4.18743
threshold=1.5000000000000002 1.0489839670459282 1.5216059194765768
decision_type=2 2 2
left_child=-1 2 -2
right_child=1 -3 -4
leaf_value=0.017333467748008622 -0.0066244605048507909 0.017786412566976949 0.010556190733893805
leaf_weight=17.542853400111198 194.80093230307102 12.153663739562033 33.568585749715567
leaf_count=73 863 52 150
internal_value=-9.44917e-05 -0.00200677 -0.00376213
internal_weight=258.066 240.523 228.37
internal_count=1138 1065 1013
is_linear=0
shrinkage=0.05


Tree=24
num_leaves=6
num_cat=0
split_feature=25 15 25 24 11
split_gain=3.70317 4.80388 4.67629 4.26814 3.14508
threshold=0.44866929741792616 1.5077665315895048 0.73939352551269122 -0.25146162002879174 1.0121529300044154
decision_type=2 2 2 2 2
left_child=1 4 3 -2 -1
right_child=2 -3 -4 -5 -6
leaf_value=-0.001423120505324337 0.0042444522638017505 0.025594783170626176 0.0082709232743135679 -0.026795953943505754 0.018977879678547388
leaf_weight=177.75752079486847 12.222383737564085 11.59946286678314 17.575613118708134 27.749722212553024 11.017458744347094
leaf_count=783 56 54 75 125 45
internal_value=-1.73311e-05 0.00325372 -0.0102023 -0.0183546 0.000662383
internal_weight=257.922 200.374 57.5477 39.9721 188.775
internal_count=1138 882 256 181 828
is_linear=0
shrinkage=0.05


Tree=25
num_leaves=6
num_cat=0
split_feature=18 0 34 1 26
split_gain=3.69725 4.82797 4.82833 4.37226 2.93984
threshold=0.26324281725351212 -0.74999999999999989 0.88211997566112343 1.0000000180025095e-35 -0.067875542898760965
decision_type=2 2 2 2 2
left_child=4 3 -3 -2 -1
right_child=1 2 -4 -5 -6
leaf_value=0.026126750581172725 0.015012257368823301 0.0025684411610887793 -0.014101570048736101 -0.0087218715170345115 -0.0025341614665317157
leaf_weight=12.464801318943502 51.134104058146477 73.141590431332588 88.21852907910943 20.629772961139679 12.188524790108202
leaf_count=57 217 323 399 89 53
internal_value=3.66862e-05 -0.00214244 -0.00683643 0.00795721 0.0153146
internal_weight=257.777 233.124 161.36 71.7639 24.6533
internal_count=1138 1028 722 306 110
is_linear=0
shrinkage=0.05


Tree=26
num_leaves=6
num_cat=0
split_feature=18 0 2 26 25
split_gain=3.48277 4.514 4.24717 4.13348 3.68647
threshold=0.33859417190964664 -0.74999999999999989 0.87998764113146877 -0.032869070471145283 0.44594549927452798
decision_type=2 2 2 2 2
left_child=3 4 -3 -1 -2
right_child=1 2 -4 -5 -6
leaf_value=0.023284230797492221 0.013245879535998659 -0.00048252043033399365 -0.017065697690847034 -0.0053590867093368435 -0.0099238893569242748
leaf_weight=21.164473094046116 53.438592337071896 97.029588617384434 54.799082700163126 15.934925466775892 15.311186149716375
leaf_count=95 225 431 249 70 68
internal_value=6.82996e-05 -0.00246498 -0.00715254 0.0124556 0.00748084
internal_weight=257.678 220.578 151.829 37.0994 68.7498
internal_count=1138 973 680 165 293
is_linear=0
shrinkage=0.05


Tree=27
num_leaves=4
num_cat=0
split_feature=17 3 12
split_gain=3.43761 3.60057 4.92097
threshold=1.5000000000000002 1.9854197153958786 0.12090408584045213
decision_type=2 2 2
left_child=-1 2 -2
right_child=1 -3 -4
leaf_value=0.016825236241148598 0.0095688652240889446 0.014418836977884642 -0.0076202230827487824
leaf_weight=17.567201040685177 44.554541081190109 20.62678500264883 174.83011182025075
leaf_count=73 193 90 782
internal_value=7.10283e-05 -0.00177919 -0.00386435
internal_weight=257.579 240.011 219.385
internal_count=1138 1065 975
is_linear=0
shrinkage=0.05


Tree=28
num_leaves=7
num_cat=0
split_feature=25 30 5 15 31 2
split_gain=3.35026 3.83988 4.56393 4.32773 3.50309 5.67668
threshold=0.26229399161634209 0.53586912850812951 2.3219460602855588 0.93002065290012703 1.4529464861379793 0.87760098424250066
decision_type=2 2 2 2 2 2
left_child=1 2 -1 -3 -2 -6
right_child=4 3 -4 -5 5 -7
leaf_value=0.012028826586932074 -0.019907780296852733 0.0092909646881138962 -0.010240676242250729 -0.019797313296130867 0.01012766377060751 -0.016253507359707611
leaf_weight=111.46694864332676 25.099754549562931 13.888444542884825 20.296177506446838 21.21734531968832 41.832349121570587 23.61918481439352
leaf_count=480 111 58 93 98 190 108
internal_value=0.000129128 0.00426745 0.00811813 -0.00878098 -0.00716298 -0.000284806
internal_weight=257.42 166.869 131.763 35.1058 90.5513 65.4515
internal_count=1138 729 573 156 409 298
is_linear=0
shrinkage=0.05


Tree=29
num_leaves=6
num_cat=0
split_feature=12 3 25 13 5
split_gain=3.38955 5.03036 6.23031 3.21422 2.66673
threshold=0.67454988205772215 1.9854197153958786 -0.29222769125564657 0.60090467516513102 1.8910833425813685
decision_type=2 2 2 2 2
left_child=1 2 -1 -2 -5
right_child=3 -3 -4 4 -6
leaf_value=0.012331377631467622 0.021971993876686864 0.017808799656742504 -0.0093742452458702476 0.012326755463836721 -0.011586756867097606
leaf_weight=31.881824649870396 20.56233698874712 16.678161099553108 160.94861374795437 11.01855129748583 16.281920291483402
leaf_count=133 86 71 718 49 81
internal_value=5.66111e-05 -0.00278325 -0.00535449 0.0108201 -0.00121799
internal_weight=257.371 209.509 192.83 47.8628 27.3005
internal_count=1138 922 851 216 130
is_linear=0
shrinkage=0.05


Tree=30
num_leaves=7
num_cat=0
split_feature=1 17 6 7 17 21
split_gain=3.34735 7.75296 8.31342 6.54843 5.67483 3.14908
threshold=1.0000000180025095e-35 4.9000000000000012 0.35042828857657821 0.54603190193127726 7.5000000000000009 -0.1040156626259892
decision_type=2 2 2 2 2 2
left_child=1 3 -3 -1 5 -2
right_child=4 2 -4 -5 -6 -7
leaf_value=-0.011953625177228817 0.0058680204406207793 0.0074209850169860321 -0.02023567193340076 0.018403483638141791 0.012292151153592244 -0.020519645842905974
leaf_weight=14.76266276091337 9.4843809530138952 47.560352295637131 43.275424934923649 80.479088108986616 16.739992268383503 44.840603299438953
leaf_count=63 43 205 199 359 77 192
internal_value=0.000134514 0.00366293 -0.00645514 0.0130094 -0.0084165 -0.0157167
internal_weight=257.143 186.078 90.8358 95.2418 71.065 54.325
internal_count=1138 826 404 422 312 235
is_linear=0
shrinkage=0.05


Tree=31
num_leaves=6
num_cat=0
split_feature=18 17 6 12 15
split_gain=3.26981 4.32873 4.98385 3.51189 2.60085
threshold=0.26324281725351212 3.7000000000000006 0.39644230339442837 0.30606668897069328 0.98823264022083901
decision_type=2 2 2 2 2
left_child=4 2 -2 -3 -1
right_child=1 3 -4 -5 -6
leaf_value=-0.0022537037101719782 -0.0030486056027432544 0.0011656108727647889 0.020245708811533654 -0.013409335794013556 0.024700629926545481
leaf_weight=12.365382276475431 49.184929758310318 74.315933577716351 29.746561765670776 79.129942812025547 12.363855287432669
leaf_count=55 215 326 131 356 55
internal_value=0.00010995 -0.00194997 0.00701963 -0.00671105 0.0144546
internal_weight=257.107 232.377 78.9315 153.446 24.7292
internal_count=1138 1028 346 682 110
is_linear=0
shrinkage=0.05


Tree=32
num_leaves=6
num_cat=0
split_feature=12 3 25 21 30
split_gain=3.25484 4.64191 5.69944 3.09222 2.7529
threshold=0.67454988205772215 1.9854197153958786 -0.29222769125564657 -0.050814320816043652 0.31262568781251693
decision_type=2 2 2 2 2
left_child=1 2 -1 -2 -5
right_child=3 -3 -4 4 -6
leaf_value=0.011786897576542736 -0.0042605958199521017 0.017129832827003179 -0.0089654852197306161 0.027896320508075619 -0.00015774302085948274
leaf_weight=31.941280424594879 18.300097942352295 16.708902426064014 160.556341227144 16.627879485487941 12.853956162929533
leaf_count=133 83 71 718 73 60
internal_value=0.000155047 -0.00263333 -0.00511 0.0107065 0.0187229
internal_weight=256.988 209.207 192.498 47.7819 29.4818
internal_count=1138 922 851 216 133
is_linear=0
shrinkage=0.05


Tree=33
num_leaves=4
num_cat=0
split_feature=15 26 26
split_gain=3.0768 4.14665 4.59977
threshold=1.5192497311539304 0.47589469854107019 -0.021757330228985957
decision_type=2 2 2
left_child=1 2 -1
right_child=-2 -3 -4
leaf_value=0.0020413259220834132 0.015814225345582269 0.016699082535126444 -0.012198242553710534
leaf_weight=135.92022784054279 18.388384018093348 17.969578348100185 84.522421777248383
leaf_count=600 84 75 379
internal_value=0.000228148 -0.0015622 -0.00371084
internal_weight=256.801 238.412 220.443
internal_count=1138 1054 979
is_linear=0
shrinkage=0.05


Tree=34
num_leaves=6
num_cat=0
split_feature=25 25 15 24 19
split_gain=3.09399 4.31328 4.19161 3.96696 3.0885
threshold=0.44866929741792616 0.73939352551269122 1.5077665315895048 -0.25146162002879174 0.25916311035642292
decision_type=2 2 2 2 2
left_child=2 3 4 -2 -1
right_child=1 -3 -4 -5 -6
leaf_value=-0.0053336369559827705 0.0045004016886734041 0.0084703829998626252 0.024059334341889893 -0.025279446734741598 0.0068545567918292709
leaf_weight=94.119609713554382 12.175357811152933 17.507678903639317 11.683502413332461 27.294985827058554 93.949113145470619
leaf_count=417 56 75 54 125 411
internal_value=0.000258244 -0.00910744 0.00323658 -0.0170405 0.000793608
internal_weight=256.73 56.978 199.752 39.4703 188.069
internal_count=1138 256 882 181 828
is_linear=0
shrinkage=0.05


Tree=35
num_leaves=6
num_cat=0
split_feature=18 19 20 5 26
split_gain=3.11229 3.99193 7.55664 4.7551 2.51882
threshold=0.26324281725351212 0.26640462846065505 0.56622401009991541 1.4351437336247284 -0.067875542898760965
decision_type=2 2 2 2 2
left_child=4 3 -3 -2 -1
right_child=1 2 -4 -5 -6
leaf_value=0.024208404249490251 -0.016823758514657471 -0.014728554515270029 0.011373821461226605 0.002640378790043473 -0.0023283574946591618
leaf_weight=12.585643120110037 59.283479638397694 28.759439595043659 90.820460513234138 53.036942347884178 12.150366418063639
leaf_count=57 259 128 402 239 53
internal_value=0.000269523 -0.00174999 0.00444393 -0.00816844 0.0142558
internal_weight=256.636 231.9 119.58 112.32 24.736
internal_count=1138 1028 530 498 110
is_linear=0
shrinkage=0.05


Tree=36
num_leaves=5
num_cat=0
split_feature=17 14 14 12
split_gain=3.00922 3.72499 3.70912 1.51238
threshold=1.5000000000000002 -0.29440758959267804 -0.19772676140315942 0.27948517044186788
decision_type=2 2 2 2
left_child=-1 3 -3 -2
right_child=1 2 -4 -5
leaf_value=0.015924805207511408 -0.00033843927590714257 0.011021749991672027 -0.0030241196951956671 -0.023990875785281682
leaf_weight=17.581766605377197 9.9125932231545466 54.914550095796585 160.82626865804195 13.390640415251253
leaf_count=73 44 243 713 65
internal_value=0.000263313 -0.00148178 0.000880979 -0.0170524
internal_weight=256.626 239.044 215.741 23.3032
internal_count=1138 1065 956 109
is_linear=0
shrinkage=0.05


Tree=37
num_leaves=7
num_cat=0
split_feature=1 17 6 7 17 21
split_gain=2.94966 6.57623 7.76959 5.8314 5.35217 2.87525
threshold=1.0000000180025095e-35 4.9000000000000012 0.35042828857657821 0.54603190193127726 7.5000000000000009 -0.1040156626259892
decision_type=2 2 2 2 2 2
left_child=1 3 -3 -1 5 -2
right_child=4 2 -4 -5 -6 -7
leaf_value=-0.011440886711503048 0.0056415837410062723 0.0075418264622854952 -0.019219751055528353 0.017207633865765543 0.012222755461996538 -0.019562077489925188
leaf_weight=14.675977274775503 9.488017223775385 47.48714341968298 42.903739973902702 80.768862001597881 16.739112310111523 44.532122164964676
leaf_count=63 43 205 199 359 77 192
internal_value=0.000248958 0.00355586 -0.00580968 0.0121353 -0.00780087 -0.0149456
internal_weight=256.595 185.836 90.3909 95.4448 70.7593 54.0201
internal_count=1138 826 404 422 312 235
is_linear=0
shrinkage=0.05


Tree=38
num_leaves=6
num_cat=0
split_feature=12 3 12 21 33
split_gain=2.95446 4.23047 5.6694 2.96884 2.53372
threshold=0.67454988205772215 1.9854197153958786 0.25440113645029533 -0.050814320816043652 38.939307018237166
decision_type=2 2 2 2 2
left_child=1 2 -1 -2 -5
right_child=3 -3 -4 4 -6
leaf_value=0.0031705941988880919 -0.004346596414193207 0.016400526534857001 -0.013338799816484368 -7.6137747084120892e-05 0.026904878020599973
leaf_weight=102.35064350068569 18.263550035655499 16.746750377118587 89.65938363596797 12.828035153448583 16.683807224035263
leaf_count=443 83 71 408 60 73
internal_value=0.000220907 -0.00244316 -0.00481718 0.0102697 0.0181259
internal_weight=256.532 208.757 192.01 47.7754 29.5118
internal_count=1138 922 851 216 133
is_linear=0
shrinkage=0.05


Tree=39
num_leaves=7
num_cat=0
split_feature=25 30 5 15 2 18
split_gain=2.96462 3.50555 4.23144 3.9436 3.23757 3.09329
threshold=0.26229399161634209 0.53586912850812951 2.3219460602855588 0.93002065290012703 0.60930034221096341 0.45032374193919139
decision_type=2 2 2 2 2 2
left_child=1 2 -1 -3 -2 -6
right_child=4 3 -4 -5 5 -7
leaf_value=0.011580916052453448 0.010480304905116568 0.0088709859678010802 -0.0099159981805891553 -0.018940678456938184 0.0052934137976495231 -0.015738759454102268
leaf_weight=111.42669729888439 14.292491640895603 13.874747604131697 20.11330309510231 20.989679522812366 17.991583526134491 57.67371005192399
leaf_count=480 64 58 93 98 84 261
internal_value=0.000263248 0.00415214 0.00782555 -0.00836237 -0.00662616 -0.0107036
internal_weight=256.362 166.404 131.54 34.8644 89.9578 75.6653
internal_count=1138 729 573 156 409 345
is_linear=0
shrinkage=0.05


Tree=40
num_leaves=5
num_cat=0
split_feature=11 18 19 15
split_gain=2.83742 3.48036 4.01646 2.46111
threshold=1.0922757269078567 0.26324281725351212 0.26640462846065505 0.98823264022083901
decision_type=2 2 2 2
left_child=1 3 -3 -1
right_child=-2 2 -4 -5
leaf_value=-0.0025436355491606148 0.017673431438519578 -0.0099432742381057645 0.003040239385903754 0.023902158182947789
leaf_weight=11.835013352334501 11.488972291350363 106.77734496444464 114.33556905761361 11.800059452652929
leaf_count=53 48 476 509 52
internal_value=0.000233524 -0.00124677 -0.00338856 0.0138406
internal_weight=256.237 244.748 221.113 23.6351
internal_count=1138 1090 985 105
is_linear=0
shrinkage=0.05


Tree=41
num_leaves=6
num_cat=0
split_feature=12 3 12 21 33
split_gain=2.82096 3.94983 5.18319 2.75787 2.29973
threshold=0.67454988205772215 1.9854197153958786 0.22516671090171603 -0.050814320816043652 39.770677650621245
decision_type=2 2 2 2 2
left_child=1 2 -1 -2 -5
right_child=3 -3 -4 4 -6
leaf_value=0.003819932413223732 -0.0040637224099013295 0.015870337151429305 -0.011967330317483829 0.00042284543364138575 0.026255085611250541
leaf_weight=91.318140424787998 18.213196143507957 16.761345125734806 100.29888822510839 13.331003732979299 16.206016205251217
leaf_count=396 83 71 455 62 71
internal_value=0.000281867 -0.00232735 -0.00462736 0.0100996 0.017652
internal_weight=256.129 208.378 191.617 47.7502 29.537
internal_count=1138 922 851 216 133
is_linear=0
shrinkage=0.05


Tree=42
num_leaves=5
num_cat=0
split_feature=17 14 14 12
split_gain=2.69968 3.55382 3.31604 1.37261
threshold=1.5000000000000002 -0.29440758959267804 -0.19772676140315942 0.32545087512133664
decision_type=2 2 2 2
left_child=-1 3 -3 -2
right_child=1 2 -4 -5
leaf_value=0.015146671963702155 -0.001407918404585051 0.01054255523479165 -0.0027432420803324329 -0.024088406744881045
leaf_weight=17.60714415460825 11.570686697959902 54.95238196849823 160.26772392168641 11.553507823497055
leaf_count=73 52 243 713 57
internal_value=0.000324403 -0.00133637 0.000966514 -0.0165909
internal_weight=255.951 238.344 215.22 23.1242
internal_count=1138 1065 956 109
is_linear=0
shrinkage=0.05


Tree=43
num_leaves=7
num_cat=0
split_feature=25 23 25 27 32 18
split_gain=2.70033 3.35912 4.52717 4.4767 3.2055 3.68632
threshold=0.26229399161634209 1.5485455087555506 0.14879545549955378 0.33381859299522071 2.5000000000000004 0.45032374193919139
decision_type=2 2 2 2 2 2
left_child=1 3 -3 -1 -2 -6
right_child=4 2 -4 -5 5 -7
leaf_value=0.004803003577041335 -0.014290790538132384 0.0029849109078084884 0.026364633919112753 -0.019420519157757981 0.01995113977373842 -0.0057547990327911792
leaf_weight=43.158682562410831 45.846571214497089 83.559383422136307 19.023539170622826 20.518292866647243 10.960984554141758 32.85587564855814
leaf_count=192 211 365 83 89 51 147
internal_value=0.000303014 0.0040117 0.00927726 -0.0045789 -0.00628639 0.00318801
internal_weight=255.923 166.26 102.583 63.677 89.6634 43.8169
internal_count=1138 729 448 281 409 198
is_linear=0
shrinkage=0.05


Tree=44
num_leaves=7
num_cat=0
split_feature=1 17 6 7 17 2
split_gain=2.63775 5.95458 7.1484 5.31245 4.94182 2.94537
threshold=1.0000000180025095e-35 4.9000000000000012 0.35042828857657821 0.54603190193127726 7.5000000000000009 0.91541903006606917
decision_type=2 2 2 2 2 2
left_child=1 3 -3 -1 5 -2
right_child=4 2 -4 -5 -6 -7
leaf_value=-0.010973934003033399 -0.020091189864952785 0.0072804017969434354 -0.018428352273908873 0.01642413840285285 0.011870070085151741 0.0035757852096648078
leaf_weight=14.555506967008112 39.416410531848669 47.485358148813248 42.553544998168945 80.822980348020792 16.747063994407654 14.257472194731234
leaf_count=63 174 205 199 359 77 61
internal_value=0.000314682 0.00344012 -0.00549745 0.0115984 -0.00731906 -0.0142302
internal_weight=255.838 185.417 90.0389 95.3785 70.4209 53.6739
internal_count=1138 826 404 422 312 235
is_linear=0
shrinkage=0.05


Tree=45
num_leaves=6
num_cat=0
split_feature=12 3 25 13 5
split_gain=2.66424 3.643 5.08514 2.64592 2.34019
threshold=0.67454988205772215 1.9854197153958786 -0.29222769125564657 0.60090467516513102 1.8910833425813685
decision_type=2 2 2 2 2
left_child=1 2 -1 -2 -5
right_child=3 -3 -4 4 -6
leaf_value=0.011452665124201695 0.019915777783246748 0.015212503716774918 -0.0081481142260782236 0.011486958243466313 -0.010935857755922472
leaf_weight=31.893839240074158 20.590226024389267 16.771520160138607 159.3646431453526 11.10440516471863 16.038151934742928
leaf_count=133 86 71 718 49 81
internal_value=0.000278292 -0.0022609 -0.00447289 0.00981945 -0.0011395
internal_weight=255.763 208.03 191.258 47.7328 27.1426
internal_count=1138 922 851 216 130
is_linear=0
shrinkage=0.05


Tree=46
num_leaves=5
num_cat=0
split_feature=11 18 0 15
split_gain=2.60222 3.17382 3.68179 2.24841
threshold=1.0922757269078567 0.26324281725351212 -0.74999999999999989 0.98823264022083901
decision_type=2 2 2 2
left_child=1 3 -3 -1
right_child=-2 2 -4 -5
leaf_value=-0.0024072860748484862 0.017031870266068071 0.0059009793548739512 -0.0073533589542588724 0.022887660361525147
leaf_weight=11.807233527302744 11.493525482714174 68.703413814306259 151.6634880900383 11.862397275865076
leaf_count=53 48 295 690 52
internal_value=0.000337496 -0.00108827 -0.0031443 0.0133023
internal_weight=255.53 244.037 220.367 23.6696
internal_count=1138 1090 985 105
is_linear=0
shrinkage=0.05


Tree=47
num_leaves=7
num_cat=0
split_feature=2 21 19 5 13 6
split_gain=2.52644 5.99054 5.58116 5.04533 9.31256 3.9435
threshold=0.82296867749405012 -0.030258408414585703 0.26640462846065505 1.2799424253328253 0.57945509216301838 0.22577391372252822
decision_type=2 2 2 2 2 2
left_child=3 -2 -3 5 -5 -1
right_child=1 2 -4 4 -6 -7
leaf_value=0.0084512232705806333 -0.016081744960495099 -0.0064497794435530902 0.018307419576311091 0.031503428353705142 -0.0025348829562832258 -0.013994756070908183
leaf_weight=25.153793767094612 51.689726836979389 44.321031056344509 30.088156640529633 27.766247779130936 40.035520609468222 36.334255650639534
leaf_count=107 239 195 134 111 191 161
internal_value=0.000388342 -0.00447121 0.00454396 0.00510869 0.0136621 -0.00491472
internal_weight=255.389 126.099 74.4092 129.29 67.8018 61.488
internal_count=1138 568 329 570 302 268
is_linear=0
shrinkage=0.05


Tree=48
num_leaves=7
num_cat=0
split_feature=29 7 8 16 8 31
split_gain=2.59552 5.31522 5.08684 5.26108 5.1874 4.09733
threshold=0.79911308203989762 0.73926340930233159 0.059948455966506976 -0.10173362894635871 0.082936325439490102 0.93574689545095235
decision_type=2 2 2 2 2 2
left_child=1 5 3 -2 -4 -1
right_child=2 -3 4 -5 -6 -7
leaf_value=0.012370797763235327 0.0110010138305491 0.026568807309496085 0.021432733309679323 -0.017644576788730462 -0.001210568096937074 -0.016714421477683032
leaf_weight=13.438846856355669 13.34083831310272 16.097013361752033 22.170131802558899 60.568275801837444 113.97619582340121 15.552565842866896
leaf_count=54 58 84 98 267 505 72
internal_value=0.000404555 0.010097 -0.00204022 -0.0117791 0.00369091 -0.00351716
internal_weight=255.144 45.0884 210.055 73.9091 136.146 28.9914
internal_count=1138 210 928 325 603 126
is_linear=0
shrinkage=0.05


Tree=49
num_leaves=7
num_cat=0
split_feature=25 11 15 5 22 29
split_gain=2.49034 3.95186 3.70305 2.76837 2.68765 1.74919
threshold=0.44866929741792616 0.35417927862531179 1.5077665315895048 1.168757571402175 -0.032499205965822002 1.4725902447060013
decision_type=2 2 2 2 2 2
left_child=2 3 4 -2 -1 -3
right_child=1 5 -4 -5 -6 -7
leaf_value=-0.0089427825244492824 -0.0096158519641659432 -0.027658891665310471 0.022675952287166391 0.01405612391261081 0.00410913750454691 -0.0022944941396619619
leaf_weight=43.079211913049221 13.236639689654114 13.193528138101103 11.69548177719116 17.421826526522636 144.07276595756412 12.401717409491537
leaf_count=197 64 61 54 79 631 52
internal_value=0.000450744 -0.00801319 0.00311422 0.00398452 0.000803595 -0.0194663
internal_weight=255.101 56.2537 198.847 30.6585 187.152 25.5952
internal_count=1138 256 882 143 828 113
is_linear=0
shrinkage=0.05


Tree=50
num_leaves=6
num_cat=0
split_feature=18 0 2 26 34
split_gain=2.42873 3.47402 3.60277 3.46657 3.22473
threshold=0.33859417190964664 -0.74999999999999989 0.87998764113146877 -0.067875542898760965 0.93661962158147571
decision_type=2 2 2 2 2
left_child=3 4 -3 -1 -2
right_child=1 2 -4 -5 -6
leaf_value=0.021151556810398112 -0.0033080974561825191 0.0001918643466035824 -0.015129742200031618 -0.0048247267517696826 0.016323065478079584
leaf_weight=20.094116974622011 35.564296260476112 96.002811528742313 53.637748818844557 17.068723574280739 32.686996884644032
leaf_count=89 151 431 249 76 142
internal_value=0.000413142 -0.00173957 -0.00590379 0.0107275 0.00697818
internal_weight=255.055 217.892 149.641 37.1628 68.2513
internal_count=1138 973 680 165 293
is_linear=0
shrinkage=0.05


Tree=51
num_leaves=7
num_cat=0
split_feature=29 30 8 16 16 15
split_gain=2.40389 4.98027 4.6523 4.99023 4.90302 1.75686
threshold=0.79911308203989762 0.51707638888887397 0.059948455966506976 -0.10908446635848944 -0.10173362894635871 0.93800921592409259
decision_type=2 2 2 2 2 2
left_child=1 5 4 -4 -2 -1
right_child=2 -3 3 -5 -6 -7
leaf_value=0.0024664994143516845 0.010682942805966591 -0.0060161326740464545 -0.013753878030625161 0.0080362801137301935 -0.016960169539192993 0.030380732448749854
leaf_weight=10.07514560967684 13.346526823937891 22.588598325848579 23.86716990172863 112.27461726218462 60.301875621080399 12.504521325230597
leaf_count=43 58 108 104 499 267 59
internal_value=0.00041919 0.00973679 -0.00193864 0.00353648 -0.0112724 0.0225054
internal_weight=254.958 45.1683 209.79 136.142 73.6484 22.5797
internal_count=1138 210 928 603 325 102
is_linear=0
shrinkage=0.05


Tree=52
num_leaves=5
num_cat=0
split_feature=17 14 11 12
split_gain=2.40197 3.52399 3.2078 1.26533
threshold=1.5000000000000002 -0.29440758959267804 0.20683936237756612 0.32545087512133664
decision_type=2 2 2 2
left_child=-1 3 -3 -2
right_child=1 2 -4 -5
leaf_value=0.014412363920734998 -0.0015777090145883161 -0.006535966868373367 0.0055823912538855765 -0.023625726199586486
leaf_weight=17.564036637544632 11.550145484507086 76.915102697908878 137.52691305801272 11.420162096619604
leaf_count=73 52 343 613 57
internal_value=0.000425226 -0.00115026 0.00113828 -0.0163804
internal_weight=254.976 237.412 214.442 22.9703
internal_count=1138 1065 956 109
is_linear=0
shrinkage=0.05


Tree=53
num_leaves=7
num_cat=0
split_feature=12 19 9 20 18 30
split_gain=2.39086 3.43727 4.44224 2.55927 6.30183 2.30436
threshold=0.67454988205772215 0.019404790785238962 1.6165886845426964 0.76897446492266941 0.57358806335033874 0.23463145912016606
decision_type=2 2 2 2 2 2
left_child=1 5 -3 4 -2 -1
right_child=3 2 -4 -5 -6 -7
leaf_value=0.0022967997097778059 0.016879048029073449 0.0041249079617626597 -0.01697891498998454 0.019375440910080657 -0.01972128618891995 -0.022105675312152306
leaf_weight=11.615094803273676 14.066489718854429 155.76295440271497 19.380241610109806 20.508111923933029 13.038685679435728 20.601662687957287
leaf_count=49 66 693 87 94 56 93
internal_value=0.000381406 -0.00203309 0.000998753 0.00942448 -0.00129721 -0.0148478
internal_weight=254.973 207.36 175.143 47.6133 27.1052 32.2168
internal_count=1138 922 780 216 122 142
is_linear=0
shrinkage=0.05


Tree=54
num_leaves=5
num_cat=0
split_feature=11 29 31 8
split_gain=2.37383 2.98765 4.2871 2.8928
threshold=1.0922757269078567 0.72912688650798274 1.2361714100678494 0.070644824638557022
decision_type=2 2 2 2
left_child=1 3 -3 -1
right_child=-2 2 -4 -5
leaf_value=0.024114398224660868 0.016275974990295837 -0.017756024977189519 4.2822657908509306e-05 -0.0016661716833408235
leaf_weight=11.478276744484903 11.489730551838873 31.605903930962086 180.79437680542469 19.635519541800022
leaf_count=50 48 133 812 95
internal_value=0.000331086 -0.00103358 -0.003285 0.0113966
internal_weight=255.004 243.514 212.4 31.1138
internal_count=1138 1090 945 145
is_linear=0
shrinkage=0.05


Tree=55
num_leaves=6
num_cat=0
split_feature=18 17 29 12 26
split_gain=2.34672 3.27269 4.27236 3.2939 2.17458
threshold=0.26324281725351212 3.7000000000000006 1.4725902447060013 0.30606668897069328 -0.067875542898760965
decision_type=2 2 2 2 2
left_child=4 2 -2 -3 -1
right_child=1 3 -4 -5 -6
leaf_value=0.02169815209038942 -0.0018794945124701356 0.0019498936909940025 0.020471312210446953 -0.012151727739031481 -0.0026445804377976997
leaf_weight=12.722964033484461 54.945239514112473 73.761302143335342 23.527685213834047 77.917780473828316 12.133484274148939
leaf_count=57 243 326 103 356 53
internal_value=0.000353863 -0.00141883 0.00637813 -0.00559768 0.0124658
internal_weight=255.008 230.152 78.4729 151.679 24.8564
internal_count=1138 1028 346 682 110
is_linear=0
shrinkage=0.05


Tree=56
num_leaves=7
num_cat=0
split_feature=25 28 28 27 32 18
split_gain=2.35892 3.16736 3.45353 3.36902 3.01504 3.33762
threshold=0.26229399161634209 0.21097067295037311 0.13716888322636159 -0.1282432751086576 2.5000000000000004 0.45032374193919139
decision_type=2 2 2 2 2 2
left_child=1 2 -1 -3 -2 -6
right_child=4 3 -4 -5 5 -7
leaf_value=-0.00073163364824755024 -0.013608901885116369 0.014484648087532581 0.020046611852771463 -0.0063926593499160954 0.019228258383125339 -0.0052586484862232295
leaf_weight=33.920539140701294 45.421493925154209 14.704557560384272 36.453036606311798 80.718624770641327 11.012332186102865 32.621956627815962
leaf_count=161 211 66 159 343 51 147
internal_value=0.000387638 0.00385101 0.0111864 -0.00210671 -0.00579804 0.00335414
internal_weight=254.853 165.797 70.3736 95.4232 89.0558 43.6343
internal_count=1138 729 320 409 409 198
is_linear=0
shrinkage=0.05


Tree=57
num_leaves=7
num_cat=0
split_feature=1 17 6 6 17 21
split_gain=2.36998 5.08601 6.51216 5.07346 4.5419 2.7643
threshold=1.0000000180025095e-35 4.9000000000000012 0.35042828857657821 0.39644230339442837 7.5000000000000009 -0.1040156626259892
decision_type=2 2 2 2 2 2
left_child=1 3 -3 -1 5 -2
right_child=4 2 -4 -5 -6 -7
leaf_value=0.00044866527210125163 0.0062937786234275803 0.0072200045674719162 -0.017364284655550444 0.022520448782467131 0.011504296895315031 -0.018120672172471802
leaf_weight=55.568614061921835 9.3525715544819814 47.391861207783222 42.073157735168934 39.688483916223049 16.752133034169674 43.912161268293858
leaf_count=246 43 205 199 176 77 192
internal_value=0.000420121 0.00338216 -0.00492478 0.0109107 -0.00684055 -0.0135166
internal_weight=254.739 184.722 89.465 95.2571 70.0169 53.2647
internal_count=1138 826 404 422 312 235
is_linear=0
shrinkage=0.05


Tree=58
num_leaves=5
num_cat=0
split_feature=20 20 19 19
split_gain=2.29731 4.18708 6.09204 5.40379
threshold=0.33107158616118321 0.56990378012680154 0.26640462846065505 0.15097307617512526
decision_type=2 2 2 2
left_child=-1 3 -3 -2
right_child=1 2 -4 -5
leaf_value=0.015409393013950751 0.0069507500466479818 -0.0062305826492682044 0.011324046805554898 -0.020406239411376009
leaf_weight=13.352696932852266 21.826856061816216 86.407244324684143 92.555713906884193 40.481472626328468
leaf_count=60 97 387 411 183
internal_value=0.000421756 -0.000987952 0.0029671 -0.011187
internal_weight=254.624 241.271 178.963 62.3083
internal_count=1138 1078 798 280
is_linear=0
shrinkage=0.05


Tree=59
num_leaves=6
num_cat=0
split_feature=12 3 19 21 33
split_gain=2.27205 3.29635 4.67662 2.48767 2.01204
threshold=0.67454988205772215 1.9854197153958786 0.039743599705289324 -0.050814320816043652 39.770677650621245
decision_type=2 2 2 2 2
left_child=1 2 -1 -2 -5
right_child=3 -3 -4 4 -6
leaf_value=-0.018798021350627116 -0.0041625475049487997 0.014668234536057138 -9.6559418587202587e-05 0.00032209338341288637 0.024454629721040566
leaf_weight=32.445958122611046 18.06258599460125 16.735169894993305 157.84983694925904 13.289219185709955 16.195341415703297
leaf_count=145 83 71 706 62 71
internal_value=0.000413251 -0.00194419 -0.00406453 0.0092322 0.016414
internal_weight=254.578 207.031 190.296 47.5471 29.4846
internal_count=1138 922 851 216 133
is_linear=0
shrinkage=0.05


Tree=60
num_leaves=7
num_cat=0
split_feature=29 7 8 8 16 31
split_gain=2.22253 4.25686 4.09147 4.83788 4.73503 2.9933
threshold=0.79398045410347839 0.73926340930233159 0.059948455966506976 0.082936325439490102 -0.10173362894635871 0.93574689545095235
decision_type=2 2 2 2 2 2
left_child=1 5 4 -4 -2 -1
right_child=2 -3 3 -5 -6 -7
leaf_value=0.010569848828045861 0.010650081539553165 0.024129762449634183 0.020453714251761602 -0.0013884239732627555 -0.01615772813393623 -0.01456952255968101
leaf_weight=13.148466899991037 13.867979846894739 16.044271528720856 22.231361865997314 113.73013958707452 60.706435985863209 14.734394691884516
leaf_count=53 60 83 98 505 270 69
internal_value=0.000423315 0.00950819 -0.00181738 0.00333966 -0.0105027 -0.00305395
internal_weight=254.463 43.9271 210.536 135.962 74.5744 27.8829
internal_count=1138 205 933 603 330 122
is_linear=0
shrinkage=0.05


Tree=61
num_leaves=5
num_cat=0
split_feature=7 7 20 12
split_gain=2.19757 3.43681 4.50864 4.3722
threshold=2.1832526968873003 1.1392111620824534 0.39460717444375765 0.55661889562002143
decision_type=2 2 2 2
left_child=1 3 -3 -1
right_child=-2 2 -4 -5
leaf_value=-0.0010111480744227532 0.015430696156244468 0.013872859599106722 -0.015149946624653104 0.017980685067344734
leaf_weight=150.01597620546818 12.477688454091547 8.4730100855231267 55.744560267776251 27.687407672405243
leaf_count=666 56 37 255 124
internal_value=0.000464975 -0.000888801 -0.00996736 0.0027482
internal_weight=254.399 241.921 64.2176 177.703
internal_count=1138 1082 292 790
is_linear=0
shrinkage=0.05


Tree=62
num_leaves=7
num_cat=0
split_feature=25 23 27 25 2 31
split_gain=2.18905 3.08602 4.12572 3.97718 2.92287 4.46657
threshold=0.26229399161634209 1.5485455087555506 0.33381859299522071 0.14879545549955378 0.88679245283018415 1.2889236904061352
decision_type=2 2 2 2 2 2
left_child=1 2 -1 -3 5 -2
right_child=4 3 -4 -5 -6 -7
leaf_value=0.0045904036271313771 -0.019079411048833487 0.0029327591767149726 -0.018733755442375582 0.02485784523937868 -0.015486656410598444 0.0085518414272979532
leaf_weight=42.980740062892437 9.735711567103861 83.170457057654858 20.301635876297951 19.12786079198122 32.046864125877619 46.9545693770051
leaf_count=192 43 365 89 83 151 215
internal_value=0.000500145 0.0038321 -0.00442754 0.00888083 -0.0054756 0.00165722
internal_weight=254.318 165.581 63.2824 102.298 88.7371 56.6903
internal_count=1138 729 281 448 409 258
is_linear=0
shrinkage=0.05


Tree=63
num_leaves=4
num_cat=0
split_feature=15 26 5
split_gain=2.12019 3.5981 3.65319
threshold=1.5192497311539304 0.47589469854107019 1.2799424253328253
decision_type=2 2 2
left_child=1 2 -1
right_child=-2 -3 -4
leaf_value=-0.00986631362436074 0.013373256585587174 0.015935911849475137 0.0026515800129948558
leaf_weight=96.761578217148781 18.394600097090006 17.914431437849998 121.23149942979217
leaf_count=429 84 75 550
internal_value=0.000450991 -0.00105947 -0.00309383
internal_weight=254.302 235.908 217.993
internal_count=1138 1054 979
is_linear=0
shrinkage=0.05


Tree=64
num_leaves=6
num_cat=0
split_feature=29 31 2 3 8
split_gain=2.14229 4.19385 4.29829 3.45412 2.80643
threshold=0.72912688650798274 1.2361714100678494 0.80278231773671882 1.3357594777510859 0.070644824638557022
decision_type=2 2 2 2 2
left_child=4 3 -3 -2 -1
right_child=1 2 -4 -5 -6
leaf_value=0.023475738538336691 -0.025766724576845663 0.0091807563143986807 -0.0051237568635174738 0.0030981562561982743 -0.0018273362468563166
leaf_weight=11.540951266884806 18.336979679763321 88.856063451617956 102.6019432656467 13.287293761968611 19.618115961551666
leaf_count=50 78 393 466 56 95
internal_value=0.000469996 -0.00140455 0.00164118 -0.0158082 0.0109713
internal_weight=254.241 223.082 191.458 31.6243 31.1591
internal_count=1138 993 859 134 145
is_linear=0
shrinkage=0.05


Tree=65
num_leaves=6
num_cat=0
split_feature=18 0 34 22 15
split_gain=2.10132 3.02826 4.24695 3.76699 2.027
threshold=0.26324281725351212 -0.74999999999999989 0.88211997566112343 -0.032499205965822002 0.98823264022083901
decision_type=2 2 2 2 2
left_child=4 3 -3 -2 -1
right_child=1 2 -4 -5 -6
leaf_value=-0.0025524955473850012 -0.0131417851277394 0.0037189922626572739 -0.011946100818841652 0.011625061119688529 0.020896731192194474
leaf_weight=12.287152245640756 10.712947472929953 71.924051120877266 86.159025304019451 60.576630443334579 12.588890194892882
leaf_count=55 48 323 399 258 55
internal_value=0.000451651 -0.00123572 -0.00502163 0.00674444 0.0119035
internal_weight=254.249 229.373 158.083 71.2896 24.876
internal_count=1138 1028 722 306 110
is_linear=0
shrinkage=0.05


Tree=66
num_leaves=5
num_cat=0
split_feature=11 29 31 27
split_gain=2.08314 2.554 3.33515 2.52991
threshold=1.0922757269078567 0.73748126397042402 1.2361714100678494 -0.028013042145331481
decision_type=2 2 2 2
left_child=1 3 -3 -1
right_child=-2 2 -4 -5
leaf_value=0.022658477600231885 0.015385448153524951 -0.015939358972383369 -5.1968824628642566e-05 -0.0012274933151876146
leaf_weight=11.217380031943319 11.46512684971094 30.48622077703476 179.80087661370635 21.199022747576237
leaf_count=56 48 130 810 94
internal_value=0.000444865 -0.000841821 -0.00297425 0.0104313
internal_weight=254.169 242.704 210.287 32.4164
internal_count=1138 1090 940 150
is_linear=0
shrinkage=0.05


Tree=67
num_leaves=5
num_cat=0
split_feature=17 14 11 12
split_gain=2.07726 3.59623 2.84427 1.20196
threshold=1.5000000000000002 -0.29440758959267804 0.20683936237756612 0.32545087512133664
decision_type=2 2 2 2
left_child=-1 3 -3 -2
right_child=1 2 -4 -5
leaf_value=0.013472574723950546 -0.0017479573170688504 -0.0059608114407874993 0.0054754236585193364 -0.023500777462891042
leaf_weight=17.536104150116444 11.505912937223913 76.494085237383842 137.27706650644541 11.371484421193598
leaf_count=73 52 343 613 57
internal_value=0.000461699 -0.00100957 0.00129967 -0.0164197
internal_weight=254.185 236.649 213.771 22.8774
internal_count=1138 1065 956 109
is_linear=0
shrinkage=0.05


Tree=68
num_leaves=7
num_cat=0
split_feature=25 11 15 32 20 33
split_gain=2.06937 3.97634 3.18162 2.62643 2.47828 0.519587
threshold=0.44866929741792616 0.36705112177181082 1.5077665315895048 2.5000000000000004 1.5216059194765768 54.200318438105562
decision_type=2 2 2 2 2 2
left_child=2 3 4 -2 -1 -3
right_child=1 5 -4 -5 -6 -7
leaf_value=-0.0016856159018136874 -0.008182112406780611 -0.0049748519092002877 0.020972016501043036 0.014559304558406528 0.013432862423775355 -0.024557339999106368
leaf_weight=164.61116142570972 15.529206834733488 11.464473992586138 11.690232962369917 16.356565598398447 22.116125583648682 12.412652000784872
leaf_count=732 74 52 54 75 96 55
internal_value=0.000415038 -0.00733434 0.00284032 0.00417446 0.000696823 -0.0193989
internal_weight=254.18 55.7629 198.418 31.8858 186.727 23.8771
internal_count=1138 256 882 149 828 107
is_linear=0
shrinkage=0.05


Tree=69
num_leaves=7
num_cat=0
split_feature=1 17 6 23 17 2
split_gain=2.06457 4.62574 6.1202 5.04258 4.1131 2.73894
threshold=1.0000000180025095e-35 4.9000000000000012 0.35042828857657821 1.7939134340419505 7.5000000000000009 0.91541903006606917
decision_type=2 2 2 2 2 2
left_child=1 3 -3 -1 5 -2
right_child=4 2 -4 -5 -6 -7
leaf_value=0.017338813813517481 -0.018510004379726091 0.0070023010883980153 -0.016861366235265272 -0.0055049382477377218 0.011017568802964652 0.0040987591605005881
leaf_weight=65.449665814638138 38.785608276724815 47.38193740695715 41.816639371216297 29.750544555485249 16.81004598736763 14.145480431616305
leaf_count=291 174 205 199 131 77 61
internal_value=0.000411963 0.00317641 -0.00475706 0.0103553 -0.00637906 -0.0127768
internal_weight=254.14 184.399 89.1986 95.2002 69.7411 52.9311
internal_count=1138 826 404 422 312 235
is_linear=0
shrinkage=0.05


Tree=70
num_leaves=7
num_cat=0
split_feature=19 34 25 20 26 17
split_gain=2.02602 3.99735 3.501 3.46538 8.81759 5.07106
threshold=0.055599167656070994 0.82780883390112014 -0.026951172274224961 0.76897446492266941 -0.17441024515636283 3.5000000000000004
decision_type=2 2 2 2 2 2
left_child=1 -1 -3 4 -2 -5
right_child=3 2 -4 5 -6 -7
leaf_value=0.0082786373937995331 0.011424951054454829 0.0033682098575591743 -0.025976972714951103 0.022073915826635957 -0.015599812768439259 0.00018491131052750061
leaf_weight=18.318662524223328 45.450684279203415 12.27896264195442 19.852503031492233 33.79191467911005 57.058645747601986 67.286042064428329
leaf_count=80 201 56 89 149 260 303
internal_value=0.000387716 -0.00770879 -0.016625 0.00266106 -0.00366708 0.00883119
internal_weight=254.037 50.4501 32.1315 203.587 102.509 101.078
internal_count=1138 225 145 913 461 452
is_linear=0
shrinkage=0.05


Tree=71
num_leaves=6
num_cat=0
split_feature=18 0 34 22 26
split_gain=1.99053 2.76806 4.00801 3.53185 1.89508
threshold=0.26324281725351212 -0.74999999999999989 0.88211997566112343 -0.032499205965822002 -0.067875542898760965
decision_type=2 2 2 2 2
left_child=4 3 -3 -2 -1
right_child=1 2 -4 -5 -6
leaf_value=0.0201145788516435 -0.012874795992087225 0.003599803478091758 -0.011632678276983461 0.01109327984010252 -0.0025597703431896462
leaf_weight=12.793145000934603 10.681032583117483 71.869484543800354 85.862294793128967 60.639728851616383 12.100207038223742
leaf_count=57 48 323 399 258 53
internal_value=0.000374486 -0.00126775 -0.00489127 0.00636199 0.011518
internal_weight=253.946 229.053 157.732 71.3208 24.8934
internal_count=1138 1028 722 306 110
is_linear=0
shrinkage=0.05


Tree=72
num_leaves=4
num_cat=0
split_feature=11 20 17
split_gain=1.97381 2.51979 3.0952
threshold=1.0922757269078567 0.33312750040816247 1.5000000000000002
decision_type=2 2 2
left_child=1 -1 -3
right_child=-2 2 -4
leaf_value=0.014912942770094893 0.014917198264852811 0.014242867322922162 -0.0041700784269167908
leaf_weight=13.150130391120909 11.456629939377306 15.615582816302775 213.62206893414259
leaf_count=59 48 65 966
internal_value=0.000370018 -0.000881365 -0.00237288
internal_weight=253.844 242.388 229.238
internal_count=1138 1090 1031
is_linear=0
shrinkage=0.05


Tree=73
num_leaves=6
num_cat=0
split_feature=25 25 12 15 15
split_gain=1.97604 3.80825 3.7528 2.9385 2.45466
threshold=0.44866929741792616 0.73939352551269122 0.20171550886587655 1.5077665315895048 1.1553794905346653
decision_type=2 2 2 2 2
left_child=3 2 -2 4 -1
right_child=1 -3 -4 -5 -6
leaf_value=0.0035855800881380616 0.0050220449868394112 0.0090888224506932309 -0.02337573217444525 0.020216905204103706 -0.0095991925158346314
leaf_weight=151.1361481025815 12.79474640637636 17.238081738352776 25.571952950209379 11.701911754906176 35.251903273165226
leaf_count=666 57 75 124 54 162
internal_value=0.000427192 -0.00715622 -0.0148252 0.00279749 0.00073011
internal_weight=253.695 55.6048 38.3667 198.09 186.388
internal_count=1138 256 181 882 828
is_linear=0
shrinkage=0.05


Tree=74
num_leaves=6
num_cat=0
split_feature=12 3 12 20 18
split_gain=1.94159 2.92619 4.45611 2.33167 5.53955
threshold=0.67454988205772215 1.9854197153958786 0.25440113645029533 0.76897446492266941 0.57358806335033874
decision_type=2 2 2 2 2
left_child=1 2 -1 4 -2
right_child=3 -3 -4 -5 -6
leaf_value=0.0032753178264303354 0.015469377612059621 0.013880103938792361 -0.011431296975183825 0.018098119412820968 -0.018882689907540551
leaf_weight=101.53544560074806 14.174278885126116 16.707500658929348 87.898339681327343 20.405382513999939 12.869836352765558
leaf_count=443 66 71 408 94 56
internal_value=0.000414693 -0.0017724 -0.00377966 0.00857096 -0.00156254
internal_weight=253.591 206.141 189.434 47.4495 27.0441
internal_count=1138 922 851 216 122
is_linear=0
shrinkage=0.05


Tree=75
num_leaves=7
num_cat=0
split_feature=29 30 8 8 16 15
split_gain=1.93897 4.6923 3.67408 4.51217 4.13318 3.35931
threshold=0.79911308203989762 0.51707638888887397 0.059948455966506976 0.082936325439490102 -0.10173362894635871 0.95491740347556642
decision_type=2 2 2 2 2 2
left_child=1 5 4 -4 -2 -1
right_child=2 -3 3 -5 -6 -7
leaf_value=-0.00086739859379829235 0.010027102323929227 -0.0063789696329235382 0.019687423798092085 -0.0014118608660428334 -0.01534415762736392 0.032448272850748361
leaf_weight=10.785918384790422 13.311774879693983 22.50493761152029 22.228790171444416 113.2808512635529 59.438898801803589 11.897609025239943
leaf_count=46 58 108 98 505 267 56
internal_value=0.000432253 0.008791 -0.00170111 0.00316437 -0.0100511 0.0211883
internal_weight=253.449 45.1885 208.26 135.51 72.7507 22.6835
internal_count=1138 210 928 603 325 102
is_linear=0
shrinkage=0.05


Tree=76
num_leaves=7
num_cat=0
split_feature=19 12 20 26 17 34
split_gain=1.94187 3.82331 3.25411 8.11871 4.48141 2.58444
threshold=0.055599167656070994 0.45423215878017359 0.76897446492266941 -0.17441024515636283 3.5000000000000004 0.94392896777881152
decision_type=2 2 2 2 2 2
left_child=1 5 3 -2 -4 -1
right_child=2 -3 4 -5 -6 -7
leaf_value=-0.0013536615682623338 0.011009250141169423 0.0084338069875618347 0.021113800662799973 -0.014946184777616304 0.00048447261745437805 -0.026953748918193021
leaf_weight=18.691316246986389 45.470780722796917 17.648033246397972 33.851431485265493 56.725102059543133 67.08505479991436 13.889914274215696
leaf_count=81 201 81 149 260 303 63
internal_value=0.000482375 -0.00746453 0.00270546 -0.00344571 0.00868259 -0.0160343
internal_weight=253.362 50.2293 203.132 102.196 100.936 32.5812
internal_count=1138 225 913 461 452 144
is_linear=0
shrinkage=0.05


Tree=77
num_leaves=5
num_cat=0
split_feature=11 19 12 2
split_gain=1.89492 2.82232 6.80102 3.01986
threshold=0.034360520848779948 0.019404790785238962 0.45423215878017359 0.87998764113146877
decision_type=2 2 2 2
left_child=-1 2 -2 -3
right_child=1 3 -4 -5
leaf_value=0.014737067093908216 -0.024530465447567314 0.0060621431930976723 0.011378626097804063 -0.0060101994835559721
leaf_weight=11.363173671066759 24.031275160610676 131.83951397240162 13.974192097783087 72.083227351307869
leaf_count=51 106 588 64 329
internal_value=0.000453246 -0.000775994 -0.0117072 0.0017133
internal_weight=253.291 241.928 38.0055 203.923
internal_count=1138 1087 170 917
is_linear=0
shrinkage=0.05


Tree=78
num_leaves=7
num_cat=0
split_feature=22 16 22 4 22 13
split_gain=1.8892 5.86886 6.70901 4.19117 4.14886 3.1496
threshold=-0.026006903292175591 -0.047771011366438181 0.042521716031444202 1.2360105722305823 0.026750436000765796 0.59675577540388003
decision_type=2 2 2 2 2 2
left_child=3 4 -3 5 -2 -1
right_child=1 2 -4 -5 -6 -7
leaf_value=0.01425064778191833 -0.015041892091327506 0.01800454401179576 -0.010405340575944109 -0.021686386602252722 0.004024182388413497 -0.0079587083458229364
leaf_weight=19.378870215266943 45.276791960000992 72.43040269613266 20.447164244949818 18.059561282396317 52.206475839018822 25.470660734921694
leaf_count=81 205 317 93 85 229 128
internal_value=0.000433123 0.00292558 0.0113466 -0.00647578 -0.00540677 0.00248621
internal_weight=253.27 190.361 92.8776 62.9091 97.4833 44.8495
internal_count=1138 844 410 294 434 209
is_linear=0
shrinkage=0.05


Tree=79
num_leaves=7
num_cat=0
split_feature=29 7 31 8 16 16
split_gain=1.90364 4.4631 3.6176 3.29986 4.39818 3.8513
threshold=0.79911308203989762 0.73926340930233159 0.93574689545095235 0.059948455966506976 -0.10908446635848944 -0.10173362894635871
decision_type=2 2 2 2 2 2
left_child=1 2 -1 5 -5 -2
right_child=3 -3 -4 4 -6 -7
leaf_value=0.01127070423126761 0.0096933580996562303 0.023576828377440628 -0.016187635756488846 -0.013375183378252992 0.0071231496152533366 -0.014790600004833674
leaf_weight=13.33519420027733 13.333063453435896 16.507163390517235 15.339036673307417 23.622720897197723 111.87262073531747 59.214635789394379
leaf_count=54 58 84 72 104 499 267
internal_value=0.000374724 0.00865835 -0.00380551 -0.00173885 0.00287574 -0.00966169
internal_weight=253.224 45.1814 28.6742 208.043 135.495 72.5477
internal_count=1138 210 126 928 603 325
is_linear=0
shrinkage=0.05


Tree=80
num_leaves=5
num_cat=0
split_feature=18 11 18 15
split_gain=1.9124 2.64082 3.27713 1.80774
threshold=0.26324281725351212 0.037510913664816299 1.1577946395616261 0.98823264022083901
decision_type=2 2 2 2
left_child=3 -2 -3 -1
right_child=1 2 -4 -5
leaf_value=-0.0024118875440211828 0.015561561051584181 -0.0056678195228265183 0.0089627789060336381 0.019763777050600569
leaf_weight=12.207564227283003 11.526433587074278 178.2561534717679 38.589584834873676 12.626692973077295
leaf_count=55 52 809 167 55
internal_value=0.00036894 -0.00124393 -0.00278385 0.0113
internal_weight=253.206 228.372 216.846 24.8343
internal_count=1138 1028 976 110
is_linear=0
shrinkage=0.05


Tree=81
num_leaves=7
num_cat=0
split_feature=25 32 24 5 11 33
split_gain=1.86133 3.64086 4.2698 3.5497 4.37858 4.19474
threshold=0.38902199271612614 2.5000000000000004 -0.070744427232337107 2.3219460602855588 0.42203973074129841 18.335286195132802
decision_type=2 2 2 2 2 2
left_child=3 -2 -3 5 -5 -1
right_child=1 2 -4 4 -6 -7
leaf_value=-0.011023154289636345 -0.015673457165883611 0.019007845223722883 -0.0098304296746669767 -0.025882586229607554 0.0068322805077639208 0.0091052376531562309
leaf_weight=22.497657500207424 34.408429399132729 15.502330891788004 16.924940820783377 11.939094334840776 13.00945086032152 138.82667149603367
leaf_count=104 163 73 76 59 59 604
internal_value=0.000419101 -0.00619469 0.00518677 0.00298687 -0.0117497 0.00581865
internal_weight=253.109 66.8357 32.4273 186.273 24.9485 161.324
internal_count=1138 312 149 826 118 708
is_linear=0
shrinkage=0.05


Tree=82
num_leaves=5
num_cat=0
split_feature=20 20 19 19
split_gain=1.9081 3.47415 5.00486 4.89142
threshold=0.33107158616118321 0.56990378012680154 0.32777330843405378 0.15097307617512526
decision_type=2 2 2 2
left_child=-1 3 -3 -2
right_child=1 2 -4 -5
leaf_value=0.013981888714001332 0.0069072315383687192 -0.0041912752182060682 0.011980797298621377 -0.019155499645105985
leaf_weight=13.414105981588362 21.675472818315029 105.84036340937018 72.24671146646142 39.868800699710846
leaf_count=60 97 478 320 183
internal_value=0.00034505 -0.000947836 0.00265761 -0.0102939
internal_weight=253.045 239.631 178.087 61.5443
internal_count=1138 1078 798 280
is_linear=0
shrinkage=0.05


Tree=83
num_leaves=7
num_cat=0
split_feature=22 16 8 3 4 13
split_gain=1.84775 5.35512 6.17469 4.10252 3.86299 2.94355
threshold=-0.026006903292175591 -0.047771011366438181 0.059948455966506976 1.4603122208337569 1.2360105722305823 0.59675577540388003
decision_type=2 2 2 2 2 2
left_child=4 3 -3 -2 5 -1
right_child=1 2 -4 -5 -6 -7
leaf_value=0.013540020641275805 -0.013351619419498952 -0.0036334836302365698 0.020697132005229907 0.0056576740809230613 -0.021130196734114953 -0.0079131606945174859
leaf_weight=19.41259403899312 54.010966755449772 40.18536726385355 52.769449979066849 43.214446820318699 17.9308175817132 25.444026246666908
leaf_count=81 241 175 235 193 85 128
internal_value=0.000345324 0.00281356 0.0108475 -0.00516277 -0.00649028 0.00214692
internal_weight=252.968 190.18 92.9548 97.2254 62.7874 44.8566
internal_count=1138 844 410 434 294 209
is_linear=0
shrinkage=0.05


Tree=84
num_leaves=7
num_cat=0
split_feature=29 30 15 20 2 28
split_gain=1.87574 4.23135 3.49759 2.96338 4.1277 1.62478
threshold=0.79911308203989762 0.51707638888887397 0.95750807040467434 0.39460717444375765 0.81909654646765684 0.27790336690495604
decision_type=2 2 2 2 2 2
left_child=1 2 -1 -2 -5 -3
right_child=3 5 -4 4 -6 -7
leaf_value=-0.0015321064061421105 0.012628633638695434 0.0064298592465781472 0.0318188234625323 0.0033689796477473543 -0.010873265404136226 -0.01386768911574459
leaf_weight=10.901621922850611 21.242834582924843 9.4355768039822596 11.874328330159186 92.683555118739605 93.793547116219997 12.926481358706949
leaf_count=47 95 46 55 407 426 62
internal_value=0.000315535 0.00854261 0.0202585 -0.00178248 -0.00398334 -0.00596283
internal_weight=252.858 45.138 22.776 207.72 186.477 22.3621
internal_count=1138 210 102 928 833 108
is_linear=0
shrinkage=0.05


Tree=85
num_leaves=7
num_cat=0
split_feature=6 20 24 15 15 17
split_gain=1.8192 6.18445 5.83206 5.09137 4.12342 3.88734
threshold=0.39644230339442837 0.51675706790244946 -0.62458770090350235 0.9846167308458883 1.0323384344193693 4.9000000000000012
decision_type=2 2 2 2 2 2
left_child=1 -1 4 -3 -2 -4
right_child=2 3 5 -5 -6 -7
leaf_value=-0.019271700124623467 -0.026806485427283745 0.014616532226787502 0.020864926517800239 -0.0049760178168327509 0.0060390657488199112 -0.00071815178030621145
leaf_weight=33.129328548908234 11.045691259205343 43.507459841668606 40.053831569850445 78.328576553612947 12.033600285649298 34.667308367788792
leaf_count=152 53 190 174 352 57 160
internal_value=0.000352353 -0.00296187 0.00539138 0.00259845 -0.0130323 0.0119485
internal_weight=252.766 154.965 97.8004 121.836 23.0793 74.7211
internal_count=1138 694 444 542 110 334
is_linear=0
shrinkage=0.05


Tree=86
num_leaves=6
num_cat=0
split_feature=18 28 28 29 31
split_gain=1.84077 3.59774 3.46741 3.32904 5.18081
threshold=0.47325357696288856 0.36730206565496853 0.13716888322636159 0.72912688650798274 1.3126974657311208
decision_type=2 2 2 2 2
left_child=1 2 -1 -2 -5
right_child=3 -3 -4 4 -6
leaf_value=-0.0058050260044621958 0.012815570282699874 -0.0098857114368373546 0.019201562691970632 -0.02156929516668139 -0.00039305756247264879
leaf_weight=14.040556862950323 21.408894307911396 16.264178954064846 38.478087045252323 26.827890783548355 135.6818446405232
leaf_count=70 99 72 173 114 610
internal_value=0.000314306 0.00674841 0.012657 -0.00231587 -0.00493661
internal_weight=252.701 68.7828 52.5186 183.919 162.51
internal_count=1138 315 243 823 724
is_linear=0
shrinkage=0.05


Tree=87
num_leaves=5
num_cat=0
split_feature=7 7 34 12
split_gain=1.78439 2.9229 4.05559 3.82671
threshold=2.1832526968873003 1.1392111620824534 0.83006926389777325 0.55661889562002143
decision_type=2 2 2 2
left_child=1 3 -3 -1
right_child=-2 2 -4 -5
leaf_value=-0.0011021446901312345 0.01377957646375615 0.0050593124116947987 -0.018066698348555354 0.016662303362642222
leaf_weight=149.12305471301079 12.456357434391974 25.488476820290089 37.969777639955282 27.720482498407364
leaf_count=666 56 113 179 124
internal_value=0.000287201 -0.00093477 -0.00935372 0.0024252
internal_weight=252.758 240.302 63.4583 176.844
internal_count=1138 1082 292 790
is_linear=0
shrinkage=0.05


Tree=88
num_leaves=4
num_cat=0
split_feature=11 3 25
split_gain=1.77366 2.3447 3.75972
threshold=1.0922757269078567 1.9992277671158445 -0.29222769125564657
decision_type=2 2 2
left_child=1 2 -1
right_child=-2 -3 -4
leaf_value=0.010453204563396237 0.014115349715731227 0.012348681329908219 -0.0054841742914712374
leaf_weight=36.023028939962387 11.390284128487108 19.842126481235027 185.4370298050344
leaf_count=155 48 87 848
internal_value=0.000303471 -0.000884241 -0.00255216
internal_weight=252.692 241.302 221.46
internal_count=1138 1090 1003
is_linear=0
shrinkage=0.05


Tree=89
num_leaves=7
num_cat=0
split_feature=1 17 17 16 6 2
split_gain=1.75205 3.81344 3.66768 7.01543 3.58838 2.54956
threshold=1.0000000180025095e-35 7.5000000000000009 6.5000000000000009 -0.026757790836655002 0.21863004691498503 0.91541903006606917
decision_type=2 2 2 2 2 2
left_child=2 5 4 -4 -1 -2
right_child=1 -3 3 -5 -6 -7
leaf_value=-0.0078345607559507421 -0.017721771225921109 0.010775949709254861 -0.021248370567170632 0.0096486197853371865 0.011246196341924778 0.0040885733938943051
leaf_weight=23.727029025554657 38.334548015147448 16.777029618620872 28.416105002164841 26.906497776508331 104.29459504783154 14.079645685851572
leaf_count=105 174 77 129 125 467 61
internal_value=0.000348089 -0.00592963 0.00290135 -0.00704477 0.00739843 -0.0121466
internal_weight=252.535 69.1912 183.344 55.3226 128.022 52.4142
internal_count=1138 312 826 254 572 235
is_linear=0
shrinkage=0.05


Tree=90
num_leaves=7
num_cat=0
split_feature=22 16 22 22 29 34
split_gain=1.77041 4.97822 5.82418 3.80699 3.73786 4.29624
threshold=-0.026006903292175591 -0.047771011366438181 0.042521716031444202 0.039479617713559199 1.0812751475981621 0.97541995038197027
decision_type=2 2 2 2 2 2
left_child=4 3 -3 -2 5 -1
right_child=1 2 -4 -5 -6 -7
leaf_value=0.017332626024081591 -0.012455302816645631 0.016649177721904392 -0.009833061826982667 0.0059877726019042891 -0.016025476851671258 -0.012789489684874653
leaf_weight=18.518471941351894 56.862694039940834 72.637320525944233 20.327398046851158 40.121153093874454 32.970235709100962 11.080101653933523
leaf_count=88 259 317 93 175 150 56
internal_value=0.000308661 0.00272546 0.010466 -0.00497908 -0.00639286 0.00567435
internal_weight=252.517 189.949 92.9647 96.9838 62.5688 29.5986
internal_count=1138 844 410 434 294 144
is_linear=0
shrinkage=0.05


Tree=91
num_leaves=5
num_cat=0
split_feature=11 18 11 15
split_gain=1.7105 2.17525 2.84664 1.6737
threshold=1.0922757269078567 0.26324281725351212 0.037510913664816299 0.98823264022083901
decision_type=2 2 2 2
left_child=1 3 -3 -1
right_child=-2 2 -4 -5
leaf_value=-0.0024196867818512303 0.013838711518631572 0.014884866096524297 -0.0042474710661543442 0.019221764401370845
leaf_weight=11.686988547444345 11.379817999899386 11.583180539309977 205.85430084913969 12.022876642644404
leaf_count=53 48 52 933 52
internal_value=0.000270981 -0.000894811 -0.00261862 0.011001
internal_weight=252.527 241.147 217.437 23.7099
internal_count=1138 1090 985 105
is_linear=0
shrinkage=0.05


Tree=92
num_leaves=7
num_cat=0
split_feature=19 34 8 20 26 17
split_gain=1.70173 3.3737 3.38526 2.72338 7.38268 4.15421
threshold=0.055599167656070994 0.82780883390112014 0.052968483643706134 0.76897446492266941 -0.17441024515636283 3.5000000000000004
decision_type=2 2 2 2 2 2
left_child=1 -1 -3 4 -2 -5
right_child=3 2 -4 5 -6 -7
leaf_value=0.0075425720416499231 0.01054741177334328 0.0052514322209847135 -0.023803212331331217 0.019855993926891514 -0.014251795702882939 5.2477035066548792e-05
leaf_weight=18.32921327650547 45.394824881106615 10.213413290679457 21.355103693902493 33.832539491355419 56.234451502561569 67.032870978116989
leaf_count=80 201 45 100 149 260 303
internal_value=0.000336007 -0.00712093 -0.0154011 0.00242215 -0.00322216 0.00788687
internal_weight=252.392 49.8977 31.5685 202.495 101.629 100.865
internal_count=1138 225 145 913 461 452
is_linear=0
shrinkage=0.05


Tree=93
num_leaves=7
num_cat=0
split_feature=25 28 27 28 22 22
split_gain=1.71256 3.07051 2.81404 2.76123 2.73023 5.44089
threshold=0.26229399161634209 0.21097067295037311 -0.1282432751086576 0.13716888322636159 -0.021312460719421351 0.014618748814600959
decision_type=2 2 2 2 2 2
left_child=1 3 -3 -1 -2 -6
right_child=4 2 -4 -5 5 -7
leaf_value=-0.00032163767113132743 -0.017629981977094158 0.012655201849126422 -0.0064712425423367444 0.01842173208534131 0.015236309433508972 -0.010013950891395571
leaf_weight=33.465258568525314 19.714528284966946 14.73183501511812 79.892382897436619 36.460176013410091 26.359567604959011 41.644957803189754
leaf_count=161 96 66 343 159 122 191
internal_value=0.000328353 0.00328369 -0.00256852 0.0105335 -0.0049842 0.000471967
internal_weight=252.269 164.55 94.6242 69.9254 87.7191 68.0045
internal_count=1138 729 409 320 409 313
is_linear=0
shrinkage=0.05


Tree=94
num_leaves=7
num_cat=0
split_feature=12 12 25 8 13 26
split_gain=1.65517 2.55145 5.02978 4.61217 2.41342 2.0519
threshold=0.67454988205772215 0.22516671090171603 -0.15258931465153117 0.016670424166861476 0.60090467516513102 -0.20273626876911729
decision_type=2 2 2 2 2 2
left_child=1 3 -3 -1 -2 -6
right_child=4 2 -4 -5 5 -7
leaf_value=-0.012310514130446487 0.017620745967230782 0.0087157966845635444 -0.01296649304488076 0.0099304330620460495 0.0097378226896015149 -0.011323575627023161
leaf_weight=22.871728859841824 20.280651666224003 30.255811087787151 78.026858177036047 73.749372951686382 11.354375913739206 15.647936522960661
leaf_count=103 86 130 367 322 52 78
internal_value=0.000333914 -0.00169163 -0.00668347 0.00400483 0.00787471 -0.00222908
internal_weight=252.187 204.904 108.283 96.6211 47.283 27.0023
internal_count=1138 922 497 425 216 130
is_linear=0
shrinkage=0.05


Tree=95
num_leaves=5
num_cat=0
split_feature=20 20 19 19
split_gain=1.6497 3.10595 4.48314 4.31477
threshold=0.33107158616118321 0.56990378012680154 0.28168003133838693 0.15097307617512526
decision_type=2 2 2 2
left_child=-1 3 -3 -2
right_child=1 2 -4 -5
leaf_value=0.013002238533548713 0.0064218520668049301 -0.0050443812073306645 0.01006251306166797 -0.018129235778526556
leaf_weight=13.446574151515959 21.620529480278492 90.127697449177504 87.418767742812634 39.391555100679398
leaf_count=60 97 409 389 183
internal_value=0.000334667 -0.000873732 0.00253375 -0.00975001
internal_weight=252.005 238.559 177.546 61.0121
internal_count=1138 1078 798 280
is_linear=0
shrinkage=0.05


Tree=96
num_leaves=7
num_cat=0
split_feature=29 7 31 29 2 34
split_gain=1.6282 4.15422 3.37355 2.73563 3.99551 2.62039
threshold=0.79911308203989762 0.73926340930233159 0.93574689545095235 0.9157647363900101 0.60930034221096341 0.80771264420483935
decision_type=2 2 2 2 2 2
left_child=1 2 -1 5 -5 -2
right_child=3 -3 -4 4 -6 -7
leaf_value=0.010645555102457871 0.0036614489873326469 0.022346014905429736 -0.015931169743415931 0.014209551600478643 -0.0029079185844191296 -0.022471675539344954
leaf_weight=13.310447901487352 11.12249940633774 16.614074215292931 15.246844358742235 33.73802051320672 145.09663634002209 16.797878034412861
leaf_count=54 52 84 72 146 652 78
internal_value=0.00032946 0.0079871 -0.00399559 -0.00163486 0.000902849 -0.013841
internal_weight=251.926 45.1714 28.5573 206.755 178.835 27.9204
internal_count=1138 210 126 928 798 130
is_linear=0
shrinkage=0.05


Tree=97
num_leaves=6
num_cat=0
split_feature=18 0 34 9 17
split_gain=1.62053 2.31188 3.5143 3.33002 1.7019
threshold=0.26324281725351212 -0.74999999999999989 0.88211997566112343 1.0662536889131151 3.9000000000000004
decision_type=2 2 2 2 2
left_child=4 3 -3 -2 -1
right_child=1 2 -4 -5 -6
leaf_value=-0.0026522344361474019 -0.0055897554093943648 0.0034689546367761125 -0.010850074617157602 0.01399288417937705 0.018673761401469528
leaf_weight=12.268309101462366 30.889279372990131 71.338674552738667 84.806193701922894 40.013477720320225 12.535968884825705
leaf_count=52 131 323 399 175 58
internal_value=0.000330523 -0.00116104 -0.00449303 0.00582516 0.0103944
internal_weight=251.852 227.048 156.145 70.9028 24.8043
internal_count=1138 1028 722 306 110
is_linear=0
shrinkage=0.05


Tree=98
num_leaves=7
num_cat=0
split_feature=31 9 30 31 3 26
split_gain=1.60441 4.00417 4.64205 3.65559 3.32447 1.07886
threshold=2.608411995981371 1.9327592019624247 0.11419538731967556 2.2244729623964856 1.4476240237260847 -0.15111873562663494
decision_type=2 2 2 2 2 2
left_child=3 2 -2 4 -1 -5
right_child=1 -3 -4 5 -6 -7
leaf_value=-0.004496271767532917 -0.0070422046268982649 -0.0099425597858599259 0.022800028926868051 -0.0021478059851994247 0.0091642565493973045 -0.022810478809618135
leaf_weight=99.99331721663475 13.567208938300608 17.387726299464703 30.420311737805605 11.743950679898264 65.016119547188282 13.625560633838175
leaf_count=437 66 89 149 51 281 65
internal_value=0.000346165 0.00677147 0.0139962 -0.00195981 0.00110227 -0.016557
internal_weight=251.754 61.3752 43.9875 190.379 165.009 25.3695
internal_count=1138 304 215 834 718 116
is_linear=0
shrinkage=0.05


Tree=99
num_leaves=7
num_cat=0
split_feature=19 12 5 22 2 34
split_gain=1.59972 3.18732 2.66252 5.16865 4.28227 2.18291
threshold=0.055599167656070994 0.45423215878017359 1.9250635712626785 -0.009370727044535539 0.72136673429493392 0.94392896777881152
decision_type=2 2 2 2 2 2
left_child=1 5 3 -2 -4 -1
right_child=2 -3 4 -5 -6 -7
leaf_value=-0.0013017317415016348 -0.0061998012386927049 0.0075845592902489328 0.012366306873006383 0.011698076818962762 -0.01540373159805921 -0.024991445638048709
leaf_weight=18.589250884950161 55.356770850718021 17.631617821753025 11.642968542873858 101.40991994738579 33.670765496790409 13.478983439505098
leaf_count=81 257 81 55 444 157 63
internal_value=0.000300321 -0.00694165 0.00232475 0.00538526 -0.00732276 -0.0148328
internal_weight=251.78 49.6999 202.08 156.767 45.3137 32.0682
internal_count=1138 225 913 701 212 144
is_linear=0
shrinkage=0.05


Tree=100
num_leaves=4
num_cat=0
split_feature=7 26 15
split_gain=1.61195 2.79992 3.29477
threshold=2.1832526968873003 0.47589469854107019 1.5192497311539304
decision_type=2 2 2
left_child=1 2 -1
right_child=-2 -3 -4
leaf_value=-0.0046041504265905376 0.013087393070808712 0.013751669624117065 0.01473021781946561
leaf_weight=205.45462297275662 12.418914660811422 19.080244474112988 14.78090889379382
leaf_count=934 56 80 68
internal_value=0.0002535 -0.000910714 -0.00272311
internal_weight=251.735 239.316 220.236
internal_count=1138 1082 1002
is_linear=0
shrinkage=0.05


Tree=101
num_leaves=7
num_cat=0
split_feature=25 32 24 5 33 11
split_gain=1.60795 3.40791 3.9593 3.20199 3.82327 3.82184
threshold=0.38902199271612614 2.5000000000000004 -0.070744427232337107 2.3219460602855588 18.335286195132802 0.42203973074129841
decision_type=2 2 2 2 2 2
left_child=3 -2 -3 4 -1 -5
right_child=1 2 -4 5 -6 -7
leaf_value=-0.010722998022888357 -0.015083256258615625 0.018418677198023519 -0.0094057589726363779 -0.024658780854896846 0.0085344869160759399 0.0061496162909679547
leaf_weight=22.279424913227558 34.035219274461269 15.484498135745524 16.793455809354782 11.635090842843058 138.47017828375101 12.893295258283613
leaf_count=104 163 73 76 59 604 59
internal_value=0.000311395 -0.00585504 0.00514164 0.00270524 0.00539377 -0.0113735
internal_weight=251.591 66.3132 32.278 185.278 160.75 24.5284
internal_count=1138 312 149 826 708 118
is_linear=0
shrinkage=0.05


Tree=102
num_leaves=6
num_cat=0
split_feature=12 3 12 13 26
split_gain=1.60027 2.42138 3.92662 2.25973 1.91172
threshold=0.67454988205772215 1.9854197153958786 0.25440113645029533 0.60090467516513102 -0.20273626876911729
decision_type=2 2 2 2 2
left_child=1 2 -1 -2 -5
right_child=3 -3 -4 4 -6
leaf_value=0.0030516234087441647 0.017102700637004285 0.012515586193098536 -0.010813829100221682 0.0093874531107906722 -0.01096063401876258
leaf_weight=100.97357090562582 20.232315868139267 16.642875142395496 86.778794534504414 11.378690443933012 15.50324449688196
leaf_count=443 86 71 408 52 78
internal_value=0.000243836 -0.00174653 -0.00357973 0.00767259 -0.00213764
internal_weight=251.509 204.395 187.752 47.1143 26.8819
internal_count=1138 922 851 216 130
is_linear=0
shrinkage=0.05


Tree=103
num_leaves=6
num_cat=0
split_feature=29 31 22 22 8
split_gain=1.5902 3.31198 3.29696 2.50557 2.47977
threshold=0.72912688650798274 1.2408627255538782 -0.022072199699875669 -0.0048240341383418792 0.070644824638557022
decision_type=2 2 2 2 2
left_child=4 3 -3 -2 -1
right_child=1 2 -4 -5 -6
leaf_value=0.021015731876046356 0.0035684372797465651 -0.0084676504299870895 0.005386572435106673 -0.021481380512337472 -0.0024745422848540246
leaf_weight=11.710256457328798 11.021810889244078 50.812252633273602 137.27967331558466 21.010883569717407 19.460660047829151
leaf_count=50 47 242 613 91 95
internal_value=0.000270228 -0.00135903 0.00140539 -0.0140639 0.00931131
internal_weight=251.296 220.125 188.092 32.0327 31.1709
internal_count=1138 993 855 138 145
is_linear=0
shrinkage=0.05


Tree=104
num_leaves=5
num_cat=0
split_feature=11 11 11 14
split_gain=1.55655 2.52339 6.45481 4.7022
threshold=0.034360520848779948 0.20683936237756612 0.28510490627423646 -0.26413026621866675
decision_type=2 2 2 2
left_child=-1 3 -3 -2
right_child=1 2 -4 -5
leaf_value=0.013159348487486136 0.013816577723331164 0.021571622143559455 -0.0021285414750410966 -0.013191972343504494
leaf_weight=11.479606024920939 11.855832841247318 25.81903388351202 138.15909284353256 63.999584220349789
leaf_count=51 54 115 627 291
internal_value=0.000251583 -0.000868241 0.00262856 -0.00785306
internal_weight=251.313 239.834 163.978 75.8554
internal_count=1138 1087 742 345
is_linear=0
shrinkage=0.05


Tree=105
num_leaves=5
num_cat=0
split_feature=17 1 17 6
split_gain=1.54624 2.47163 4.40893 3.03902
threshold=11.900000000000002 1.0000000180025095e-35 6.5000000000000009 0.39228096301811116
decision_type=2 2 2 2
left_child=1 2 -1 -3
right_child=-2 3 -4 -5
leaf_value=0.0069157457147484341 0.012110487409387556 -0.01575123684383482 -0.0099503141596891057 0.0043785137130793522
leaf_weight=127.56314602121711 15.113960579037665 39.956134393811226 44.272480688989162 24.329140082001686
leaf_count=572 67 185 206 108
internal_value=0.000302048 -0.000915147 0.00226206 -0.00856913
internal_weight=251.235 236.121 171.836 64.2853
internal_count=1138 1071 778 293
is_linear=0
shrinkage=0.05


Tree=106
num_leaves=7
num_cat=0
split_feature=18 28 28 21 28 30
split_gain=1.53207 3.2592 3.12444 3.1113 5.65285 4.65086
threshold=0.47325357696288856 0.36730206565496853 0.13716888322636159 -0.044010581497759729 0.17864071658784358 0.44985303019275674
decision_type=2 2 2 2 2 2
left_child=1 2 -1 5 -5 -2
right_child=3 -3 -4 4 -6 -7
leaf_value=-0.0057284305417741278 -0.017120940388914842 -0.0096627883101759182 0.018001276943570222 0.017564330580421054 -0.0043450523288638748 0.0088768205076477681
leaf_weight=13.885272510349749 48.560522183775902 16.133129693567753 38.493006870150566 33.236080184578896 83.743650682270527 17.103900752961636
leaf_count=70 225 72 173 146 368 84
internal_value=0.000282089 0.00615951 0.0118008 -0.00212788 0.00277282 -0.010071
internal_weight=251.156 68.5114 52.3783 182.644 116.98 65.6644
internal_count=1138 315 243 823 514 309
is_linear=0
shrinkage=0.05


Tree=107
num_leaves=7
num_cat=0
split_feature=19 28 20 26 17 18
split_gain=1.554 3.05742 2.49701 6.79183 3.6608 2.47007
threshold=0.055599167656070994 0.21097067295037311 0.76897446492266941 -0.16490535466938575 3.5000000000000004 0.58549259320104541
decision_type=2 2 2 2 2 2
left_child=1 5 3 -2 -4 -1
right_child=2 -3 4 -5 -6 -7
leaf_value=0.016894648455666027 0.0099199760925500306 -0.016167002378980239 0.018754834786888136 -0.013896168128766158 0.000129226185052993 -0.0074745225409589312
leaf_weight=10.567591518163683 45.994003195315599 26.312724627554417 33.774605717509985 55.064766980707645 66.747105680406094 12.619454391300676
leaf_count=47 204 121 149 257 303 57
internal_value=0.000281738 -0.00686818 0.00227909 -0.0031397 0.00751801 0.00537597
internal_weight=251.08 49.4998 201.58 101.059 100.522 23.187
internal_count=1138 225 913 461 452 104
is_linear=0
shrinkage=0.05


Tree=108
num_leaves=5
num_cat=0
split_feature=20 20 19 19
split_gain=1.52434 2.90537 3.95687 3.89681
threshold=0.33107158616118321 0.56990378012680154 0.15097307617512526 0.28168003133838693
decision_type=2 2 2 2
left_child=-1 2 -2 -3
right_child=1 3 -4 -5
leaf_value=0.012456938718978719 0.0060296711908035122 -0.004676301091405685 -0.017550561691986918 0.0094334557193864119
leaf_weight=13.451187841594217 21.579344563186169 89.594526119530201 39.044907815754414 87.284100100398064
leaf_count=60 97 409 183 389
internal_value=0.000282688 -0.000882258 -0.00949182 0.00241864
internal_weight=250.954 237.503 60.6243 176.879
internal_count=1138 1078 280 798
is_linear=0
shrinkage=0.05


Tree=109
num_leaves=4
num_cat=0
split_feature=20 15 20
split_gain=1.52695 3.71412 4.45708
threshold=2.5738494291515068 1.5192497311539304 1.5216059194765768
decision_type=2 2 2
left_child=1 2 -1
right_child=-2 -3 -4
leaf_value=-0.0032977371187476235 -0.012251614827596909 0.019805088976654409 0.016258582973882545
leaf_weight=199.99337367340922 12.347269047051666 14.683827020227907 23.841050423681736
leaf_count=907 60 66 105
internal_value=0.000278994 0.00139455 -0.000608531
internal_weight=250.866 238.518 223.834
internal_count=1138 1078 1012
is_linear=0
shrinkage=0.05


Tree=110
num_leaves=7
num_cat=0
split_feature=25 11 33 14 15 24
split_gain=1.53676 3.73949 2.46211 3.95124 2.89793 2.42943
threshold=0.44866929741792616 0.36705112177181082 18.335286195132802 -0.19772676140315942 0.93532585223998566 -0.21895320166631935
decision_type=2 2 2 2 2 2
left_child=2 5 4 -4 -1 -2
right_child=1 -3 3 -5 -6 -7
leaf_value=0.0073802075776279443 0.017619213639837702 -0.018280002988292333 0.014462709805667147 -0.0008469886551758332 -0.019323621548941745 -0.005018319293002952
leaf_weight=9.9266938865184802 9.901970751583578 23.298543483018875 55.626830492168665 114.93796743452549 15.61952720582485 21.476105004549026
leaf_count=45 47 107 247 512 78 102
internal_value=0.000304172 -0.00643196 0.00240318 0.00467046 -0.00979004 0.00465705
internal_weight=250.788 54.6766 196.111 170.565 25.5462 31.3781
internal_count=1138 256 882 759 123 149
is_linear=0
shrinkage=0.05


Tree=111
num_leaves=5
num_cat=0
split_feature=17 1 17 6
split_gain=1.55225 2.22566 3.82833 2.78035
threshold=11.900000000000002 1.0000000180025095e-35 6.5000000000000009 0.39228096301811116
decision_type=2 2 2 2
left_child=1 2 -1 -3
right_child=-2 3 -4 -5
leaf_value=0.006406930575672494 0.012117173631915626 -0.015118236075082093 -0.0093354531314532082 0.0041626080788118537
leaf_weight=127.57890039682388 15.091869644820688 39.674281124025583 44.010847754776478 24.323345348238945
leaf_count=572 67 185 206 108
internal_value=0.000280699 -0.000940073 0.00207745 -0.00821801
internal_weight=250.679 235.587 171.59 63.9976
internal_count=1138 1071 778 293
is_linear=0
shrinkage=0.05


Tree=112
num_leaves=4
num_cat=0
split_feature=11 20 17
split_gain=1.48852 2.50769 2.31265
threshold=1.0922757269078567 0.33107158616118321 1.5000000000000002
decision_type=2 2 2
left_child=1 -1 -3
right_child=-2 2 -4
leaf_value=0.01534856400607202 0.012951004573400352 0.012143404701386301 -0.0038477976890291666
leaf_weight=12.02707704156637 11.269504800438879 15.420374259352682 211.8763183131814
leaf_count=54 48 65 971
internal_value=0.000262862 -0.00083009 -0.00229689
internal_weight=250.593 239.324 227.297
internal_count=1138 1090 1036
is_linear=0
shrinkage=0.05


Tree=113
num_leaves=5
num_cat=0
split_feature=14 14 11 11
split_gain=1.47953 2.01412 2.8862 2.64254
threshold=-0.36712449842818723 -0.26363748190613301 0.20683936237756612 0.26881895167260267
decision_type=2 2 2 2
left_child=-1 3 -3 -2
right_child=1 2 -4 -5
leaf_value=-0.010665692018593973 0.022944007168498374 -0.007802458185155528 0.0039527558593480186 -0.0023732413106519286
leaf_weight=17.588711459189653 12.888388328254225 72.7839075922966 131.49592515826225 15.678958386182783
leaf_count=85 58 331 592 72
internal_value=0.000319991 0.00155485 -0.000404234 0.0120363
internal_weight=250.436 232.847 204.28 28.5673
internal_count=1138 1053 923 130
is_linear=0
shrinkage=0.05


Tree=114
num_leaves=5
num_cat=0
split_feature=11 30 19 26
split_gain=1.4957 2.49543 2.8721 2.6145
threshold=0.04141673229965382 0.53586912850812951 0.46941503618683927 -0.16299140845986612
decision_type=2 2 2 2
left_child=-1 2 -2 -3
right_child=1 3 -4 -5
leaf_value=0.012093213777484364 0.0043987285613510622 0.0023641828005944911 -0.010811838384705084 -0.019063775831312097
leaf_weight=14.473812595009802 163.12530490010977 21.327552601695061 27.999304600059986 23.498222336173058
leaf_count=66 732 100 127 113
internal_value=0.000315322 -0.000869483 0.00174364 -0.010297
internal_weight=250.424 235.95 191.125 44.8258
internal_count=1138 1072 859 213
is_linear=0
shrinkage=0.05


Tree=115
num_leaves=7
num_cat=0
split_feature=29 7 31 2 29 13
split_gain=1.46516 3.93643 3.06121 2.49654 5.72676 3.31556
threshold=0.79911308203989762 0.73926340930233159 0.93574689545095235 0.87998764113146877 1.4976741850166058 0.55186206896552326
decision_type=2 2 2 2 2 2
left_child=1 2 -1 4 -2 -5
right_child=3 -3 -4 5 -6 -7
leaf_value=0.0099217802490402102 -0.0051694125026316784 0.021508580185573181 -0.015479281441353807 -0.018930397559592017 0.014828240270148993 0.00099086391225777022
leaf_weight=13.249962255358698 86.250085085630417 16.649529956281185 15.098447024822233 29.505164496600628 47.362306196242571 42.32786899805069
leaf_count=54 382 84 72 131 210 205
internal_value=0.000277971 0.00755244 -0.00411555 -0.00159193 0.00245818 -0.00850511
internal_weight=250.443 44.9979 28.3484 205.445 133.612 71.833
internal_count=1138 210 126 928 592 336
is_linear=0
shrinkage=0.05


Tree=116
num_leaves=5
num_cat=0
split_feature=17 18 18 21
split_gain=1.46793 2.04761 3.47038 2.83295
threshold=11.900000000000002 1.1577946395616261 1.0712053261365733 -0.030258408414585703
decision_type=2 2 2 2
left_child=1 2 -1 -3
right_child=-2 3 -4 -5
leaf_value=-0.00075464544033496984 0.011783965131059575 -0.0076283135074830021 -0.021788858320540352 0.016087317090869552
leaf_weight=185.4846119582653 15.107044391334055 12.121527411043642 12.039836362004278 25.621119562536478
leaf_count=851 67 55 54 111
internal_value=0.000278117 -0.000911032 -0.00302492 0.00846828
internal_weight=250.374 235.267 197.524 37.7426
internal_count=1138 1071 905 166
is_linear=0
shrinkage=0.05


Tree=117
num_leaves=7
num_cat=0
split_feature=19 12 5 22 2 34
split_gain=1.46864 2.91235 2.57211 4.50913 3.81172 2.07423
threshold=0.055599167656070994 0.45423215878017359 1.9250635712626785 -0.009370727044535539 0.69696969696970135 0.94392896777881152
decision_type=2 2 2 2 2 2
left_child=1 5 3 -2 -4 -1
right_child=2 -3 4 -5 -6 -7
leaf_value=-0.0011289903996251492 -0.0056729439082071377 0.0072054516161060012 0.012018118057747489 0.011097909630994546 -0.01463110824152866 -0.0242315453565018
leaf_weight=18.448405764997009 54.904669176787138 17.558642588555813 10.576250307261942 101.25901693105698 34.345430836081505 13.271239824593065
leaf_count=81 257 81 50 444 162 63
internal_value=0.000259496 -0.00670471 0.00220293 0.00521499 -0.00731105 -0.0142862
internal_weight=250.364 49.2783 201.085 156.164 44.9217 31.7196
internal_count=1138 225 913 701 212 144
is_linear=0
shrinkage=0.05


Tree=118
num_leaves=7
num_cat=0
split_feature=25 28 3 11 25 24
split_gain=1.45976 2.72235 2.7618 2.58567 2.47218 3.41533
threshold=0.26229399161634209 0.21097067295037311 1.1076443600971573 0.57027713823837423 0.73939352551269122 -0.085386918881612248
decision_type=2 2 2 2 2 2
left_child=1 3 -3 -1 5 -2
right_child=4 2 -4 -5 -6 -7
leaf_value=0.014852684992110494 0.0019842674474020807 0.0070038665299699725 -0.0088806682501584178 -0.0045889581365300752 0.0090061343378456133 -0.018298484648005316
leaf_weight=51.207778193056583 36.503306925296783 36.919001385569572 57.044445410370827 18.312936365604401 17.042847603559494 33.276453226804733
leaf_count=232 177 158 251 88 75 157
internal_value=0.000216364 0.00295351 -0.00256614 0.00979836 -0.00471034 -0.00876937
internal_weight=250.307 163.484 93.9634 69.5207 86.8226 69.7798
internal_count=1138 729 409 320 409 334
is_linear=0
shrinkage=0.05


Tree=119
num_leaves=7
num_cat=0
split_feature=5 16 33 19 9 31
split_gain=1.45145 6.28962 4.5842 5.61879 4.26224 3.48389
threshold=1.2799424253328253 -0.028792738717718837 62.693322708743743 -0.039181562824761394 1.5101766556371914 1.8937406608002652
decision_type=2 2 2 2 2 2
left_child=2 -2 3 -1 -3 -4
right_child=1 4 5 -5 -6 -7
leaf_value=-0.021997124196372762 -0.0052350875589646613 0.025097829589535315 0.0034308011428963413 0.0078511544687738955 -0.00076222595956110945 -0.027209753184852414
leaf_weight=9.4733598530292493 80.868407111614943 30.84436958283186 10.751818031072618 74.628982029855251 25.185631334781647 18.518739782273769
leaf_count=45 372 137 45 329 119 91
internal_value=0.000206962 0.00355744 -0.00379917 0.00250873 0.0151187 -0.0179471
internal_weight=250.271 136.898 113.373 84.1023 56.03 29.2706
internal_count=1138 628 510 374 256 136
is_linear=0
shrinkage=0.05


Tree=120
num_leaves=6
num_cat=0
split_feature=18 9 15 26 15
split_gain=1.44878 2.60474 2.14335 5.23501 4.01473
threshold=0.29680070453891999 1.2476346726310525 0.87081007918754261 -0.14553807918519551 0.9846167308458883
decision_type=2 2 2 2 2
left_child=1 -1 3 -2 -4
right_child=2 -3 4 -5 -6
leaf_value=-0.0050812564189461088 0.0068865287399336051 0.019124609451185777 0.012691121302564463 -0.021547078360785333 -0.0032779556226935542
leaf_weight=14.067433066666128 22.334360115230083 14.875585839152334 45.361777365207672 26.575047791004181 127.01823224872351
leaf_count=62 96 68 206 120 586
internal_value=0.000159444 0.0090759 -0.00134875 -0.00959802 0.00138975
internal_weight=250.232 28.943 221.289 48.9094 172.38
internal_count=1138 130 1008 216 792
is_linear=0
shrinkage=0.05


Tree=121
num_leaves=5
num_cat=0
split_feature=3 19 19 25
split_gain=1.43345 2.88667 3.70322 3.47104
threshold=1.9992277671158445 0.090094249691722986 0.15273773556274492 -0.15258931465153117
decision_type=2 2 2 2
left_child=1 3 -3 -1
right_child=-2 2 -4 -5
leaf_value=0.0076458956293930921 0.010433667686365266 0.018064496387959893 -0.00097581399382099085 -0.016612230008676704
leaf_weight=13.969834960997103 20.173022396862507 20.373157098889351 155.00947008654475 40.689673438668251
leaf_count=62 89 90 708 189
internal_value=0.000167841 -0.00112955 0.00209112 -0.0101887
internal_weight=250.215 230.042 175.383 54.6595
internal_count=1138 1049 798 251
is_linear=0
shrinkage=0.05


Tree=122
num_leaves=4
num_cat=0
split_feature=11 20 17
split_gain=1.42001 2.35731 2.22709
threshold=1.0922757269078567 0.33107158616118321 1.5000000000000002
decision_type=2 2 2
left_child=1 -1 -3
right_child=-2 2 -4
leaf_value=0.014805660939856621 0.012594137894118335 0.011891002173326821 -0.003817576794783715
leaf_weight=12.056016050279139 11.250998958945273 15.377708882093428 211.42636500671506
leaf_count=54 48 65 971
internal_value=0.00019471 -0.000871943 -0.00229534
internal_weight=250.111 238.86 226.804
internal_count=1138 1090 1036
is_linear=0
shrinkage=0.05


Tree=123
num_leaves=5
num_cat=0
split_feature=11 30 24 26
split_gain=1.39945 2.34732 2.71921 2.4096
threshold=0.034360520848779948 0.53586912850812951 -0.085386918881612248 -0.16299140845986612
decision_type=2 2 2 2
left_child=-1 2 -2 -3
right_child=1 3 -4 -5
leaf_value=0.012475748663245119 0.006155982421181698 0.0021767121880362983 -0.0054139095267827647 -0.018434242211897916
leaf_weight=11.522784344851969 119.69974644109607 21.3771668151021 74.012237999588251 23.339545994997025
leaf_count=51 550 101 323 113
internal_value=0.000253191 -0.00081591 0.00168667 -0.00998397
internal_weight=249.951 238.429 193.712 44.7167
internal_count=1138 1087 873 214
is_linear=0
shrinkage=0.05


Tree=124
num_leaves=7
num_cat=0
split_feature=31 9 30 31 3 26
split_gain=1.38031 3.57103 4.13625 3.3762 2.92159 0.910664
threshold=2.608411995981371 1.9327592019624247 0.11419538731967556 2.2244729623964856 1.4476240237260847 -0.15111873562663494
decision_type=2 2 2 2 2 2
left_child=3 2 -2 4 -1 -5
right_child=1 -3 -4 5 -6 -7
leaf_value=-0.004236152588626768 -0.0068711040225497236 -0.009646662238584406 0.021291203892380203 -0.0023432630376404077 0.008605124309344396 -0.021829985304831219
leaf_weight=99.129329182207584 13.409058682620524 17.092105060815811 30.546244416385889 11.674048721790315 64.72988472878933 13.369832620024679
leaf_count=437 66 89 149 51 281 65
internal_value=0.000234292 0.0062083 0.0130188 -0.00191138 0.00103976 -0.0160071
internal_weight=249.951 61.0474 43.9553 188.903 163.859 25.0439
internal_count=1138 304 215 834 718 116
is_linear=0
shrinkage=0.05


Tree=125
num_leaves=7
num_cat=0
split_feature=12 12 2 8 20 18
split_gain=1.42303 2.23346 4.2957 4.04256 2.22493 4.48978
threshold=0.67454988205772215 0.22516671090171603 0.5003714710252577 0.016670424166861476 0.76897446492266941 0.57358806335033874
decision_type=2 2 2 2 2 2
left_child=1 3 -3 -1 5 -2
right_child=4 2 -4 -5 -6 -7
leaf_value=-0.011673109742984293 0.013075159547850719 0.013625515379503151 -0.010365664142348409 0.0092127919019452231 0.016620748965437096 -0.017991061873874843
leaf_weight=22.617420203983784 14.205140024423601 13.748445864766834 93.345142394304276 73.41172431409359 20.059026844799519 12.566299833357332
leaf_count=103 66 62 435 322 94 56
internal_value=0.000192919 -0.00168892 -0.00638512 0.00365662 0.00721616 -0.00243411
internal_weight=249.953 203.123 107.094 96.0291 46.8305 26.7714
internal_count=1138 922 497 425 216 122
is_linear=0
shrinkage=0.05


Tree=126
num_leaves=4
num_cat=0
split_feature=7 26 15
split_gain=1.35926 2.50346 2.61601
threshold=2.1832526968873003 0.47589469854107019 1.5192497311539304
decision_type=2 2 2
left_child=1 2 -1
right_child=-2 -3 -4
leaf_value=-0.0042742628777058438 0.012018414406492799 0.013005216401162823 0.01297616470195891
leaf_weight=203.70179369300604 12.315900377929209 19.031609885394573 14.765754539519547
leaf_count=934 56 80 68
internal_value=0.000206728 -0.000866632 -0.00259141
internal_weight=249.815 237.499 218.468
internal_count=1138 1082 1002
is_linear=0
shrinkage=0.05


Tree=127
num_leaves=5
num_cat=0
split_feature=20 20 15 9
split_gain=1.38825 3.53801 3.87085 3.49341
threshold=2.5738494291515068 1.5216059194765768 1.5192497311539304 1.1013717753787871
decision_type=2 2 2 2
left_child=1 2 -1 -3
right_child=-2 3 -4 -5
leaf_value=-0.0031671956211567864 -0.011723970012117273 -0.0043532606000354105 0.018403430254227287 0.026537859527287291
leaf_weight=199.01957030594349 12.211133226752279 10.650284402072431 13.124789141118525 14.66561935842037
leaf_count=907 60 48 59 64
internal_value=0.000261267 0.00132646 -0.00106431 0.0159893
internal_weight=249.671 237.46 212.144 25.3159
internal_count=1138 1078 966 112
is_linear=0
shrinkage=0.05


Tree=128
num_leaves=7
num_cat=0
split_feature=29 7 31 29 29 34
split_gain=1.37028 3.60729 2.87919 2.38589 3.59852 2.41123
threshold=0.79911308203989762 0.73926340930233159 0.93574689545095235 0.9157647363900101 1.0014731546466773 0.80771264420483935
decision_type=2 2 2 2 2 2
left_child=1 2 -1 5 -5 -2
right_child=3 -3 -4 4 -6 -7
leaf_value=0.009696089356418313 0.0036981956622006021 0.020642539048095911 -0.014980173452185139 0.016881153281309513 -0.0020235982826338375 -0.021337285347007937
leaf_weight=13.184644117951395 11.077720858156683 16.731406576931477 14.959726773202418 19.652888968586922 157.4625246822834 16.48535493016243
leaf_count=54 52 84 72 90 708 78
internal_value=0.000297531 0.00733846 -0.00390885 -0.00151612 0.000864162 -0.0129695
internal_weight=249.554 44.8758 28.1444 204.678 177.115 27.5631
internal_count=1138 210 126 928 798 130
is_linear=0
shrinkage=0.05


Tree=129
num_leaves=6
num_cat=0
split_feature=18 9 5 25 25
split_gain=1.35891 2.41312 2.10025 3.11319 2.83123
threshold=0.29680070453891999 1.2476346726310525 2.3219460602855588 0.36560269871722367 0.11167829629270107
decision_type=2 2 2 2 2
left_child=1 -1 3 -2 -4
right_child=2 -3 4 -5 -6
leaf_value=-0.0047864189455491049 0.0048300439117406222 0.018584335756225697 -0.023017415167917592 -0.0085154342446690668 0.0026974276540811756
leaf_weight=13.977954722940924 139.15057266503572 14.880904220044611 13.145140007138254 51.907924260944128 16.449170358479023
leaf_count=62 617 68 67 250 74
internal_value=0.000306194 0.00894588 -0.00116264 0.000961068 -0.0116531
internal_weight=249.512 28.8589 220.653 191.058 29.5943
internal_count=1138 130 1008 867 141
is_linear=0
shrinkage=0.05


Tree=130
num_leaves=5
num_cat=0
split_feature=14 14 11 11
split_gain=1.33763 1.81687 2.76248 2.48894
threshold=-0.36712449842818723 -0.26363748190613301 0.20683936237756612 0.26881895167260267
decision_type=2 2 2 2
left_child=-1 3 -3 -2
right_child=1 2 -4 -5
leaf_value=-0.010210059681243531 0.022000304445422319 -0.0076710430547170085 0.0038506577262233258 -0.0025042124338369278
leaf_weight=17.40436289831996 12.87755421549082 72.442718759179115 131.09317184984684 15.610890924930571
leaf_count=85 58 331 592 72
internal_value=0.000270817 0.00144637 -0.000417354 0.0114106
internal_weight=249.429 232.024 203.536 28.4884
internal_count=1138 1053 923 130
is_linear=0
shrinkage=0.05


Tree=131
num_leaves=5
num_cat=0
split_feature=11 30 19 26
split_gain=1.34698 2.25595 2.55986 2.26911
threshold=0.034360520848779948 0.53586912850812951 0.46941503618683927 -0.16299140845986612
decision_type=2 2 2 2
left_child=-1 2 -2 -3
right_child=1 3 -4 -5
leaf_value=0.012254371153513462 0.004139413169575795 0.0020336736791516162 -0.010232523054929938 -0.018014023278422216
leaf_weight=11.532127380371092 165.49836245179176 21.379421681165695 27.815756492316723 23.184333376586437
leaf_count=51 746 101 127 113
internal_value=0.000267547 -0.000784492 0.00166988 -0.00978613
internal_weight=249.41 237.878 193.314 44.5638
internal_count=1138 1087 873 214
is_linear=0
shrinkage=0.05


Tree=132
num_leaves=5
num_cat=0
split_feature=17 1 22 16
split_gain=1.31261 1.97825 3.66399 2.76902
threshold=11.900000000000002 1.0000000180025095e-35 -0.0090386251045479118 -0.0096592806713225177
decision_type=2 2 2 2
left_child=1 2 -1 -3
right_child=-2 3 -4 -5
leaf_value=-0.0073307747417319935 0.01110364143522596 0.00082150083404358579 0.0071035220063332769 -0.018485621741423226
leaf_weight=59.365646529942751 15.149499244987963 40.351905349642038 111.36651553958654 23.177690763026476
leaf_count=280 67 182 498 111
internal_value=0.000234881 -0.000893797 0.00195663 -0.00777845
internal_weight=249.411 234.262 170.732 63.5296
internal_count=1138 1071 778 293
is_linear=0
shrinkage=0.05


Tree=133
num_leaves=4
num_cat=0
split_feature=11 20 17
split_gain=1.31152 2.20238 2.11784
threshold=1.0922757269078567 0.33107158616118321 1.5000000000000002
decision_type=2 2 2
left_child=1 -1 -3
right_child=-2 2 -4
leaf_value=0.014326101438261005 0.012133209903349599 0.011646459527394574 -0.0036881606321488821
leaf_weight=12.071304664015768 11.220481298863886 15.318169444799421 210.74996919184923
leaf_count=54 48 65 971
internal_value=0.000209647 -0.000818486 -0.00219976
internal_weight=249.36 238.139 226.068
internal_count=1138 1090 1036
is_linear=0
shrinkage=0.05


Tree=134
num_leaves=5
num_cat=0
split_feature=11 18 18 34
split_gain=1.29376 2.17303 3.85312 2.40666
threshold=0.034360520848779948 1.1577946395616261 1.0736233336927243 1.0961807778715291
decision_type=2 2 2 2
left_child=-1 2 -2 -3
right_child=1 3 -4 -5
leaf_value=0.01200743555628165 -0.0006380422757602585 0.017367589613812812 -0.023137546793749734 -0.0039260229457487991
leaf_weight=11.549875959753988 187.53808988258243 20.951617106795311 11.259333744645117 17.904348775744438
leaf_count=51 866 88 51 82
internal_value=0.00026556 -0.000766897 -0.00295945 0.00876048
internal_weight=249.203 237.653 198.797 38.856
internal_count=1138 1087 917 170
is_linear=0
shrinkage=0.05


Tree=135
num_leaves=7
num_cat=0
split_feature=18 34 5 33 30 2
split_gain=1.2922 3.05784 3.21123 2.8523 5.18188 4.34515
threshold=0.47325357696288856 0.87776974128288721 1.7877942804832625 43.994414333405423 0.53586912850812951 0.50922111725965424
decision_type=2 2 2 2 2 2
left_child=1 2 -1 4 -2 -5
right_child=3 -3 -4 5 -6 -7
leaf_value=-0.012582271866597479 0.011295302036945721 0.015107594309931915 0.012121384464034114 0.012836910853155704 -0.01051832629178477 -0.013032271198364299
leaf_weight=25.228463247418404 65.281444877386093 31.35770395770669 11.5228309109807 11.812619931995867 33.278020180761814 70.677639901638031
leaf_count=117 290 144 54 51 158 324
internal_value=0.000255272 0.00566449 -0.0039008 -0.0019696 0.00363961 -0.0083404
internal_weight=249.159 68.109 36.7513 181.05 98.5595 82.4903
internal_count=1138 315 171 823 448 375
is_linear=0
shrinkage=0.05


Tree=136
num_leaves=7
num_cat=0
split_feature=29 7 31 8 8 16
split_gain=1.29137 3.36549 2.69652 2.2447 4.04899 3.17727
threshold=0.79911308203989762 0.73926340930233159 0.93574689545095235 0.059948455966506976 0.082936325439490102 -0.10173362894635871
decision_type=2 2 2 2 2 2
left_child=1 2 -1 5 -5 -2
right_child=3 -3 -4 4 -6 -7
leaf_value=0.0093726075747950291 0.0093402790534695187 0.019932394465791221 -0.014537445782425888 0.01805203084919331 -0.0019938532249046581 -0.012876631528466846
leaf_weight=13.172088459134104 13.194594800472258 16.778431430459023 14.849364921450613 21.99034409224987 111.38309321552515 57.685173407196999
leaf_count=54 58 84 72 98 505 267
internal_value=0.000271189 0.00711123 -0.003789 -0.00149096 0.00233984 -0.00809737
internal_weight=249.053 44.7999 28.0215 204.253 133.373 70.8798
internal_count=1138 210 126 928 603 325
is_linear=0
shrinkage=0.05


Tree=137
num_leaves=7
num_cat=0
split_feature=15 26 26 23 23 24
split_gain=1.3004 7.06526 6.71149 4.36374 2.48659 5.02331
threshold=0.87081007918754261 -0.14553807918519551 0.21438148366762591 1.6720299437265507 1.6384079939260214 -0.12616104522645902
decision_type=2 2 2 2 2 2
left_child=1 3 -3 -1 -2 -6
right_child=4 2 -4 -5 5 -7
leaf_value=0.024626943336351122 -0.0029763975989766534 -0.033215951578579817 0.0066811464768390342 -0.0068449265375847409 0.016234523847172017 -0.0060146778094332673
leaf_weight=13.293232485651972 100.44939493387938 18.344495989382271 12.246466390788553 14.482795819640158 55.530463378876448 34.575297921895981
leaf_count=58 464 86 53 63 258 156
internal_value=0.000309781 -0.00565769 -0.0195329 0.0107491 0.00232858 0.00794909
internal_weight=248.922 58.367 30.591 27.776 190.555 90.1058
internal_count=1138 260 139 121 878 414
is_linear=0
shrinkage=0.05


Tree=138
num_leaves=7
num_cat=0
split_feature=19 34 25 5 22 2
split_gain=1.28787 2.7905 3.0059 2.40548 4.07779 3.43329
threshold=0.055599167656070994 0.82780883390112014 0.17444728817934735 1.9250635712626785 -0.009370727044535539 0.69696969696970135
decision_type=2 2 2 2 2 2
left_child=1 -1 -3 4 -2 -5
right_child=3 2 -4 5 -6 -7
leaf_value=0.0070084891039897557 -0.0053653325592442182 0.00062144181722416716 -0.02638307290806002 0.011279910165539898 0.010622243564118511 -0.01408527625722597
leaf_weight=18.223626136779785 54.572555135935545 18.450966626405719 12.123467743396757 10.539113715291021 100.94417525827885 34.038409404456615
leaf_count=80 257 86 59 50 444 162
internal_value=0.000290505 -0.0062621 -0.0139498 0.00211052 0.00502682 -0.0071204
internal_weight=248.892 48.7981 30.5744 200.094 155.517 44.5775
internal_count=1138 225 145 913 701 212
is_linear=0
shrinkage=0.05


Tree=139
num_leaves=6
num_cat=0
split_feature=12 13 5 26 29
split_gain=1.28516 2.21486 2.03814 2.67605 1.63828
threshold=0.67454988205772215 0.60090467516513102 2.1952112202256187 0.47589469854107019 1.1015577146326938
decision_type=2 2 2 2 2
left_child=2 -2 3 -1 -3
right_child=1 4 -4 -5 -6
leaf_value=-0.0019039466912326036 0.016326597874600803 0.0086008392872404405 -0.014002419898665412 0.014978159819824888 -0.010409141755583601
leaf_weight=166.60230132564902 19.996684014797211 10.432863466441633 18.467920906841755 17.077753610908985 16.235918588936329
leaf_count=765 86 50 85 72 80
internal_value=0.00024382 0.00692468 -0.00155215 0.00035798 -0.00265495
internal_weight=248.813 46.6655 202.148 183.68 26.6688
internal_count=1138 216 922 837 130
is_linear=0
shrinkage=0.05


Tree=140
num_leaves=7
num_cat=0
split_feature=31 9 13 31 3 27
split_gain=1.28785 3.3287 3.91782 3.04937 2.5306 0.971948
threshold=2.608411995981371 1.9327592019624247 -0.063644205453649724 2.2244729623964856 1.4476240237260847 0.061038276628664678
decision_type=2 2 2 2 2 2
left_child=3 2 -2 4 -1 -5
right_child=1 -3 -4 5 -6 -7
leaf_value=-0.0039445158370128089 -0.0050501517163873168 -0.0093465486996969788 0.021744094774067593 -0.0024605465946994959 0.0080276009353597889 -0.021931885379240575
leaf_weight=98.51836358755827 16.505855545401573 16.90352563560009 27.372096311300993 13.170449152588846 64.583040066063404 11.625240094959734
leaf_count=437 79 89 136 63 281 53
internal_value=0.000257791 0.00603701 0.0125982 -0.00182228 0.000985957 -0.015269
internal_weight=248.679 60.7815 43.878 187.897 163.101 24.7957
internal_count=1138 304 215 834 718 116
is_linear=0
shrinkage=0.05


Tree=141
num_leaves=5
num_cat=0
split_feature=7 7 34 12
split_gain=1.30319 2.12865 3.63705 2.93273
threshold=2.1832526968873003 1.1392111620824534 0.83006926389777325 0.55661889562002143
decision_type=2 2 2 2
left_child=1 3 -3 -1
right_child=-2 2 -4 -5
leaf_value=-0.0010752404550929847 0.011801892726039055 0.0054527933829655031 -0.016512379588148527 0.014514266494513935
leaf_weight=146.97825120016932 12.245621517300604 25.022746421396732 36.854648865759373 27.594722650945187
leaf_count=666 56 113 179 124
internal_value=0.00021918 -0.000835217 -0.008107 0.00204185
internal_weight=248.696 236.45 61.8774 174.573
internal_count=1138 1082 292 790
is_linear=0
shrinkage=0.05


Tree=142
num_leaves=5
num_cat=0
split_feature=14 14 11 11
split_gain=1.25916 1.63453 2.63951 2.32047
threshold=-0.36712449842818723 -0.26363748190613301 0.20683936237756612 0.26881895167260267
decision_type=2 2 2 2
left_child=-1 3 -3 -2
right_child=1 2 -4 -5
leaf_value=-0.0099578302994789356 0.021045752947116306 -0.0074980487839057339 0.0037813447583270156 -0.0025653187861262548
leaf_weight=17.272818692028522 12.902579054236414 72.174057893455029 130.7186446711421 15.546448506414889
leaf_count=85 58 331 592 72
internal_value=0.000235291 0.00137742 -0.00039475 0.0108317
internal_weight=248.615 231.342 202.893 28.449
internal_count=1138 1053 923 130
is_linear=0
shrinkage=0.05


Tree=143
num_leaves=7
num_cat=0
split_feature=6 20 24 15 15 27
split_gain=1.25505 5.43063 5.13703 4.69866 3.6359 3.17595
threshold=0.39644230339442837 0.51675706790244946 -0.62458770090350235 0.9846167308458883 1.0323384344193693 -0.098132230299360246
decision_type=2 2 2 2 2 2
left_child=1 5 4 -3 -2 -1
right_child=2 3 -4 -5 -6 -7
leaf_value=0.0031474733538821194 -0.025897508028702429 0.014258887240001312 0.010668442943487922 -0.0046797440501598186 0.0053173209846650912 -0.025950699468563373
leaf_weight=10.501452937722204 10.712423585355284 43.000997386872768 73.694524180144072 77.003024343401194 11.860328100621699 21.817880727350712
leaf_count=50 53 190 334 352 57 102
internal_value=0.000232581 -0.00254175 0.00444849 0.00268133 -0.0128992 -0.0179863
internal_weight=248.591 152.323 96.2673 120.004 22.5728 32.3193
internal_count=1138 694 444 542 110 152
is_linear=0
shrinkage=0.05


Tree=144
num_leaves=6
num_cat=0
split_feature=18 23 24 18 17
split_gain=1.28824 1.91694 3.46748 2.76711 1.47264
threshold=0.26324281725351212 1.9788619905161264 -0.24829731764491389 1.1932098276959067 3.9000000000000004
decision_type=2 2 2 2 2
left_child=4 3 -3 -2 -1
right_child=1 2 -4 -5 -6
leaf_value=-0.0028511175604190747 -0.0058192141843381971 0.020379213580651395 -0.0068250255337767149 0.0084598890462156216 0.016875254435866838
leaf_weight=12.041051328182222 160.68028913065791 15.742914550006391 14.541983284056185 33.042897049337626 12.526245705783365
leaf_count=52 743 73 66 146 58
internal_value=0.0001753 -0.00116221 0.00886488 -0.00308795 0.00917904
internal_weight=248.575 224.008 30.2849 193.723 24.5673
internal_count=1138 1028 139 889 110
is_linear=0
shrinkage=0.05


Tree=145
num_leaves=7
num_cat=0
split_feature=28 15 12 9 2 19
split_gain=1.2414 3.99933 3.49187 3.98476 3.07904 1.57899
threshold=0.21097067295037311 0.85216065615297387 0.092807879372308097 1.0995285809499462 0.95321082681723479 0.24665344246316742
decision_type=2 2 2 2 2 2
left_child=1 5 -2 -4 -3 -1
right_child=2 4 3 -5 -6 -7
leaf_value=0.0023550896496573907 0.012276774309714357 0.013402041440085156 -0.015818954705552817 0.0014065740032779654 -0.0086226001298837143 -0.01912020320200759
leaf_weight=10.881644606590273 22.370465122163296 67.35090634599328 48.982462055981159 74.520541861653328 12.605165354907511 11.762168258428572
leaf_count=50 97 318 220 343 59 51
internal_value=0.000224682 0.00421693 -0.00267365 -0.00609841 0.00935729 -0.0112401
internal_weight=248.473 102.6 145.873 123.503 79.9561 22.6438
internal_count=1138 478 660 563 377 101
is_linear=0
shrinkage=0.05


Tree=146
num_leaves=7
num_cat=0
split_feature=19 28 18 4 26 22
split_gain=1.24888 2.65177 3.07499 2.34405 3.54818 3.25186
threshold=0.055599167656070994 0.36011336337322353 0.45032374193919139 1.5036711354083601 -0.16299140845986612 0.017593066303389155
decision_type=2 2 2 2 2 2
left_child=1 2 -1 4 -2 -5
right_child=3 -3 -4 5 -6 -7
leaf_value=0.015043392523393852 0.013041983498195532 -0.020224022590749905 -0.0085529923077015263 -0.016855608848340541 -0.0015588863828748152 0.0061341769852326783
leaf_weight=13.604522064328192 63.801011297851801 11.601884804666041 23.448573797941208 24.249854646623135 91.11450407654047 20.684306435286999
leaf_count=62 282 54 109 115 424 92
internal_value=0.000185436 -0.00627177 0.00146657 0.00198145 0.00488059 -0.00708265
internal_weight=248.505 48.655 37.0531 199.85 154.916 44.9342
internal_count=1138 225 171 913 706 207
is_linear=0
shrinkage=0.05


Tree=147
num_leaves=5
num_cat=0
split_feature=3 19 19 25
split_gain=1.2569 2.62133 3.28007 3.07746
threshold=1.9992277671158445 0.090094249691722986 0.15273773556274492 -0.15258931465153117
decision_type=2 2 2 2
left_child=1 3 -3 -1
right_child=-2 2 -4 -5
leaf_value=0.0070777014158868237 0.0097801943195418677 0.01702893438062791 -0.00090162680645631144 -0.015845540380009137
leaf_weight=13.952336132526396 20.058497376739979 20.369612619280815 153.97981486096978 40.104011289775372
leaf_count=62 89 90 708 189
internal_value=0.000150481 -0.00106996 0.00200333 -0.00974763
internal_weight=248.464 228.406 174.349 54.0563
internal_count=1138 1049 798 251
is_linear=0
shrinkage=0.05


Tree=148
num_leaves=6
num_cat=0
split_feature=29 31 2 22 8
split_gain=1.21322 2.79205 2.85689 2.42876 2.25332
threshold=0.72912688650798274 1.2408627255538782 0.87998764113146877 -0.0048240341383418792 0.070644824638557022
decision_type=2 2 2 2 2
left_child=4 3 -3 -2 -1
right_child=1 2 -4 -5 -6
leaf_value=0.01926418137227516 0.0040952569561134569 0.0057428132353402953 -0.0064747247620102616 -0.020382831818352296 -0.0029651740819618311
leaf_weight=11.710964508354666 10.842523768544199 119.84631815552711 66.037045665085316 20.651873059570789 19.266788311302662
leaf_count=50 47 541 314 91 95
internal_value=0.000175768 -0.00125805 0.00129344 -0.0129997 0.00808885
internal_weight=248.356 217.378 185.883 31.4944 30.9778
internal_count=1138 993 855 138 145
is_linear=0
shrinkage=0.05


Tree=149
num_leaves=5
num_cat=0
split_feature=17 19 34 20
split_gain=1.21316 1.85917 3.99443 3.80062
threshold=11.900000000000002 0.26640462846065505 1.01416290950581 0.56622401009991541
decision_type=2 2 2 2
left_child=1 2 -1 -3
right_child=-2 3 -4 -5
leaf_value=0.00088299761809619711 0.010612513984642389 -0.010344121032332215 -0.017843611843853285 0.0085038915387982503
leaf_weight=87.334787547588348 15.155236452817915 27.592319048941135 31.637781117111444 86.615306504070759
leaf_count=396 67 130 153 392
internal_value=0.00016523 -0.00092226 -0.00509428 0.00348406
internal_weight=248.335 233.18 118.973 114.208
internal_count=1138 1071 549 522
is_linear=0
shrinkage=0.05


Tree=150
num_leaves=4
num_cat=0
split_feature=11 20 20
split_gain=1.20668 2.10347 2.08681
threshold=1.0922757269078567 0.33107158616118321 1.5216059194765768
decision_type=2 2 2
left_child=1 -1 -3
right_child=-2 2 -4
leaf_value=0.013959251069444038 0.011595607692409859 -0.0043516783465471203 0.0074691840027882664
leaf_weight=12.05972847342491 11.15917197614908 188.58259744942188 36.485126368701458
leaf_count=54 48 868 168
internal_value=0.000140654 -0.000845816 -0.0021992
internal_weight=248.287 237.127 225.068
internal_count=1138 1090 1036
is_linear=0
shrinkage=0.05


Tree=151
num_leaves=5
num_cat=0
split_feature=20 20 17 9
split_gain=1.24536 3.27773 3.78663 3.16746
threshold=2.5738494291515068 1.5216059194765768 1.5000000000000002 1.1013717753787871
decision_type=2 2 2 2
left_child=1 2 -1 -3
right_child=-2 3 -4 -5
leaf_value=0.018424612032049856 -0.011200208728790037 -0.0041234374972057043 -0.0031637443858368712 0.025368574484365677
leaf_weight=12.536508880555628 12.057487301528452 10.576757945120336 198.38531137630343 14.62710866332054
leaf_count=54 60 48 912 64
internal_value=0.000189043 0.00120205 -0.0011047 0.0153366
internal_weight=248.183 236.126 210.922 25.2039
internal_count=1138 1078 966 112
is_linear=0
shrinkage=0.05


Tree=152
num_leaves=5
num_cat=0
split_feature=14 14 11 11
split_gain=1.23235 1.51545 2.37998 2.22053
threshold=-0.36712449842818723 -0.26363748190613301 0.20683936237756612 0.26881895167260267
decision_type=2 2 2 2
left_child=-1 3 -3 -2
right_child=1 2 -4 -5
leaf_value=-0.0098721800515414876 0.020459497904814168 -0.0071116165083226837 0.0036125743541966619 -0.0026050682775237738
leaf_weight=17.18527028337121 12.899142019450666 71.897647857666016 130.54626339301467 15.517614483833311
leaf_count=85 58 331 592 72
internal_value=0.000228491 0.00135904 -0.000351579 0.010465
internal_weight=248.046 230.861 202.444 28.4168
internal_count=1138 1053 923 130
is_linear=0
shrinkage=0.05


Tree=153
num_leaves=5
num_cat=0
split_feature=11 30 33 19
split_gain=1.24594 1.94038 2.42096 2.08059
threshold=0.034360520848779948 0.53586912850812951 25.215862717158924 0.33207131006817153
decision_type=2 2 2 2
left_child=-1 2 -2 -3
right_child=1 3 -4 -5
leaf_value=0.011751422647177601 0.01669882295737864 -0.016195388070232644 -0.00045109986054637569 0.0031591814657399319
leaf_weight=11.535099752247332 13.180690057575701 26.130872018635273 179.15327712893486 18.018640846014023
leaf_count=51 60 126 813 88
internal_value=0.000225541 -0.000790618 0.00149141 -0.0091716
internal_weight=248.019 236.483 192.334 44.1495
internal_count=1138 1087 873 214
is_linear=0
shrinkage=0.05


Tree=154
num_leaves=7
num_cat=0
split_feature=18 21 28 30 34 2
split_gain=1.22347 2.82529 5.18261 4.37022 2.78369 3.01832
threshold=0.47325357696288856 -0.044010581497759729 0.17864071658784358 0.44985303019275674 0.87776974128288721 0.79768072358340236
decision_type=2 2 2 2 2 2
left_child=4 3 -3 -2 5 -1
right_child=1 2 -4 -5 -6 -7
leaf_value=-0.015046313097193318 -0.016454849436783502 0.01694657573334769 -0.0041231040184625872 0.0088273060781165064 0.014516519551965427 0.0082500666575862063
leaf_weight=17.3172342851758 47.76894985884428 32.972099974751472 82.537950355559587 16.895631141960621 31.298138748854399 19.172689221799374
leaf_count=82 225 146 368 84 144 89
internal_value=0.000242985 -0.00192706 0.00276222 -0.00955156 0.00551702 -0.00366417
internal_weight=247.963 180.175 115.51 64.6646 67.7881 36.4899
internal_count=1138 823 514 309 315 171
is_linear=0
shrinkage=0.05


Tree=155
num_leaves=5
num_cat=0
split_feature=20 20 17 3
split_gain=1.18697 3.07312 3.65039 3.00688
threshold=2.5738494291515068 1.5216059194765768 1.5000000000000002 1.2998765568999107
decision_type=2 2 2 2
left_child=1 2 -1 -3
right_child=-2 3 -4 -5
leaf_value=0.018179651066567746 -0.010880609377725399 -0.002448567772026837 -0.0030251818618335768 0.026160625697698798
leaf_weight=12.515046611428259 12.006189275532959 12.982566781342031 198.12941373884678 12.240887694060801
leaf_count=54 60 58 912 54
internal_value=0.00025519 0.00124151 -0.000998501 0.0149208
internal_weight=247.874 235.868 210.644 25.2235
internal_count=1138 1078 966 112
is_linear=0
shrinkage=0.05


Tree=156
num_leaves=5
num_cat=0
split_feature=14 29 24 2
split_gain=1.1804 1.48167 4.60992 3.86555
threshold=-0.36712449842818723 1.0014731546466773 -0.092103914372274984 0.87998764113146877
decision_type=2 2 2 2
left_child=-1 2 -2 -3
right_child=1 3 -4 -5
leaf_value=-0.0096045584800643832 0.012861202470520736 0.0043794429849899306 -0.010515025279172321 -0.011309505166776958
leaf_weight=17.121053121984005 61.538667500019073 94.757148958742619 21.273620240390301 53.050197642296553
leaf_count=85 290 420 96 247
internal_value=0.000296639 0.00140031 0.00637017 -0.00161139
internal_weight=247.741 230.62 82.8123 147.807
internal_count=1138 1053 386 667
is_linear=0
shrinkage=0.05


Tree=157
num_leaves=5
num_cat=0
split_feature=3 28 25 23
split_gain=1.16434 2.41635 4.36406 4.0106
threshold=1.9992277671158445 0.30499093307522424 0.46754572825115132 1.9049782515532308
decision_type=2 2 2 2
left_child=1 2 -1 -3
right_child=-2 3 -4 -5
leaf_value=0.007000627231586014 0.0095236419561961702 -0.012320035765945349 -0.012244005082137757 0.012403675789352839
leaf_weight=120.70562196522951 20.021293729543686 66.441798847168684 28.362184345722198 12.24639869481325
leaf_count=552 89 307 138 52
internal_value=0.0002537 -0.00092748 0.00279953 -0.00750752
internal_weight=247.777 227.756 149.068 78.6882
internal_count=1138 1049 690 359
is_linear=0
shrinkage=0.05


Tree=158
num_leaves=7
num_cat=0
split_feature=31 9 30 31 3 27
split_gain=1.18144 3.22302 3.5843 2.89088 2.20374 0.936728
threshold=2.608411995981371 1.9327592019624247 0.11419538731967556 2.2244729623964856 1.4476240237260847 0.061038276628664678
decision_type=2 2 2 2 2 2
left_child=3 2 -2 4 -1 -5
right_child=1 -3 -4 5 -6 -7
leaf_value=-0.0036318066229050604 -0.0064160707766146617 -0.0093613026131383927 0.019897144067478473 -0.0023396459197271725 0.0075596440240233709 -0.021419431837312201
leaf_weight=97.976419638842344 13.206438582390545 16.774218745529652 30.62558826431632 13.116914682090284 64.435469284653664 11.527137532830237
leaf_count=437 66 89 149 63 281 53
internal_value=0.000249044 0.00578982 0.0122499 -0.00174889 0.000989237 -0.0148708
internal_weight=247.662 60.6062 43.832 187.056 162.412 24.6441
internal_count=1138 304 215 834 718 116
is_linear=0
shrinkage=0.05


Tree=159
num_leaves=4
num_cat=0
split_feature=7 26 11
split_gain=1.19903 2.08552 2.41997
threshold=2.1832526968873003 0.47589469854107019 0.28510490627423646
decision_type=2 2 2
left_child=1 2 -1
right_child=-2 -3 -4
leaf_value=0.0031536466403347656 0.011329348945466652 0.011875824688846922 -0.007030614437494382
leaf_weight=100.10436773300171 12.188945248723028 18.917098753154278 116.45813131704926
leaf_count=460 56 80 542
internal_value=0.000205507 -0.000808351 -0.00239161
internal_weight=247.669 235.48 216.562
internal_count=1138 1082 1002
is_linear=0
shrinkage=0.05


end of trees

feature_importances:
market_60=60
footprint_body=44
break_strength=43
pullback_duration=43
response_range=41
pullback_activity=39
response_activity=39
relative_15=38
response_flow=37
obstacle_distance=29
sweep_15=28
location_60=26
risk_range=25
impulse_range=20
impulse_flow=20
innovation_slow=20
participation=20
impulse_activity=19
market_15=18
pullback_efficiency=17
cost_r=17
impulse_efficiency=16
market_dispersion=16
opponent_reclaimed=15
pullback_depth=14
pullback_flow=14
innovation_fast=11
context_15=10
context_60=10
risk_bps=10
relative_60=9
impact_slope=8
source_age=6
sweep_60=5

parameters:
[boosting: gbdt]
[objective: binary]
[metric: binary_logloss]
[tree_learner: serial]
[device_type: cpu]
[data_sample_strategy: bagging]
[data: ]
[valid: ]
[num_iterations: 160]
[learning_rate: 0.05]
[num_leaves: 7]
[num_threads: 2]
[seed: 20260905]
[deterministic: 1]
[force_col_wise: 1]
[force_row_wise: 0]
[histogram_pool_size: -1]
[max_depth: 3]
[min_data_in_leaf: 50]
[min_sum_hessian_in_leaf: 0.001]
[bagging_fraction: 1]
[pos_bagging_fraction: 1]
[neg_bagging_fraction: 1]
[bagging_freq: 0]
[bagging_seed: 23218]
[bagging_by_query: 0]
[feature_fraction: 1]
[feature_fraction_bynode: 1]
[feature_fraction_seed: 28090]
[extra_trees: 0]
[extra_seed: 14360]
[early_stopping_round: 0]
[early_stopping_min_delta: 0]
[first_metric_only: 0]
[max_delta_step: 0]
[lambda_l1: 0]
[lambda_l2: 10]
[linear_lambda: 0]
[min_gain_to_split: 0]
[drop_rate: 0.1]
[max_drop: 50]
[skip_drop: 0.5]
[xgboost_dart_mode: 0]
[uniform_drop: 0]
[drop_seed: 16970]
[top_rate: 0.2]
[other_rate: 0.1]
[min_data_per_group: 100]
[max_cat_threshold: 32]
[cat_l2: 10]
[cat_smooth: 10]
[max_cat_to_onehot: 4]
[top_k: 20]
[monotone_constraints: ]
[monotone_constraints_method: basic]
[monotone_penalty: 0]
[feature_contri: ]
[forcedsplits_filename: ]
[refit_decay_rate: 0.9]
[cegb_tradeoff: 1]
[cegb_penalty_split: 0]
[cegb_penalty_feature_lazy: ]
[cegb_penalty_feature_coupled: ]
[path_smooth: 0]
[interaction_constraints: ]
[verbosity: -1]
[saved_feature_importance_type: 0]
[use_quantized_grad: 0]
[num_grad_quant_bins: 4]
[quant_train_renew_leaf: 0]
[stochastic_rounding: 1]
[linear_tree: 0]
[max_bin: 255]
[max_bin_by_feature: ]
[min_data_in_bin: 3]
[bin_construct_sample_cnt: 200000]
[data_random_seed: 5037]
[is_enable_sparse: 1]
[enable_bundle: 1]
[use_missing: 1]
[zero_as_missing: 0]
[feature_pre_filter: 1]
[pre_partition: 0]
[two_round: 0]
[header: 0]
[label_column: ]
[weight_column: ]
[group_column: ]
[ignore_column: ]
[categorical_feature: ]
[forcedbins_filename: ]
[precise_float_parser: 0]
[parser_config_file: ]
[objective_seed: 15411]
[num_class: 1]
[is_unbalance: 0]
[scale_pos_weight: 1]
[sigmoid: 1]
[boost_from_average: 1]
[reg_sqrt: 0]
[alpha: 0.9]
[fair_c: 1]
[poisson_max_delta_step: 0.7]
[tweedie_variance_power: 1.5]
[lambdarank_truncation_level: 30]
[lambdarank_norm: 1]
[label_gain: ]
[lambdarank_position_bias_regularization: 0]
[eval_at: ]
[multi_error_top_k: 1]
[auc_mu_weights: ]
[num_machines: 1]
[local_listen_port: 12400]
[time_out: 120]
[machine_list_filename: ]
[machines: ]
[gpu_platform_id: -1]
[gpu_device_id: -1]
[gpu_use_dp: 0]
[num_gpu: 1]

end of parameters

pandas_categorical:[]
