plan_id,causal_event_id,symbol,side,observed_time_ns,interaction_time_ns,entry,stop,target,gross_rr,source_level,source_scale,source_id,target_kind,zone_low,zone_high,departure_high,departure_low,family,move_3,flow_3,efficiency_3,location_3,move_15,flow_15,efficiency_15,location_15,move_60,flow_60,efficiency_60,location_60,move_240,flow_240,efficiency_240,location_240,context_scale,context_age,source_strength,body,wick,activity,range_expansion,impact_residual,flow_change,basis,basis_change,basis_dislocation,market_5,market_15,market_60,relative_15,relative_60,context_15,context_60,channel_location,source_age,source_kind,event_age,penetration,event_flow,event_activity,return_depth,return_activity,origin_overlap,entry_distance,risk_range,risk_bps,cost_r,planned_rr,target_range,is_origin_return,auction_rejection,higher_strength,lower_strength,trigger_strength,setup_age,trigger_age,overlap_width,peer_progress,peer_flow,m_opponent_markout_1,m_own_markout_1,m_trapped_opponent_1,m_trapped_self_1,m_extreme_flow_1,m_extreme_share_1,m_late_flow_1,m_late_progress_1,m_flow_price_alignment_1,m_opponent_markout_5,m_own_markout_5,m_trapped_opponent_5,m_trapped_self_5,m_extreme_flow_5,m_extreme_share_5,m_late_flow_5,m_late_progress_5,m_flow_price_alignment_5,x_spot_move_15,x_relative_move_15,x_spot_flow_15,x_relative_flow_15,x_oi_change_15,x_spot_move_60,x_relative_move_60,x_spot_flow_60,x_relative_flow_60,x_oi_change_60,x_index_basis,x_premium,x_premium_change,x_spot_activity,x_futures_activity,label_closed,label_net_r,label_win,label_target,label_hold,label_ambiguous,month,forecast,utility
REJECTION:h4-liquidity-XRPUSDT-00000081,XRPUSDT:H4_SWEEP:XRPUSDT:1723766400000000000:PREVIOUS_H4_HIGH:80,XRPUSDT,-1,1723768860000000000,1723768800000000000,0.5611,0.5622,0.5591,1.8181818181818366,0.5619,5.584962500721156,PREVIOUS_H4:1723766400000000000:PREVIOUS_H4_HIGH:SNAP:1723768800000000000,ObjectKind.HORIZONTAL_SUPPORT,0.56185,0.56195,0.5613,0.5609,AUCTION_REJECTION,0.34782608695648815,0.30318175682858745,0.6666666666666666,0.428571428571202,-0.6086956521739508,-0.00532795228062735,-0.21212121212122437,-0.047619047619042565,0.08695652173912204,0.14090355229414495,0.0067114093959723545,-0.33333333333333326,-6.173913043478341,0.021665818028170927,-0.10215827338129456,-0.787234042553193,0.0,0.0,1.0,0.4999999999998612,-0.5000000000001388,0.5903358131332375,0.6690496289809686,-0.023041012748880096,0.4676042385314136,-0.0,-2.3297062307314764,-0.4266451460613179,0.5838986552475284,-0.42158920539731687,0.9421710713270726,-0.18710644677663396,-0.8552145495879505,-1.0,-0.0,-0.2131812420786161,0.1541506798272583,0.0,0.6931471805599453,-0.5217391304347322,0.19825905863183288,0.7313222277078615,0.20000000000008883,0.0,0.0,0.6956521739129763,0.956521739130439,19.604348600962215,0.6127090909090964,1.8181818181818366,1.739130434782634,0.0,1.0,1.0,1.0,1.6178042472354734,3.7376696182833684,0.0,0.08695652173912204,-0.2344827586206829,0.09341841620134446,,,,,,,,,,,,,,,,,,,-0.5216462116403309,-0.08742944558154178,0.09158220210380207,-0.0969101543844303,-12.862160282978152,0.08688683906466249,6.19348406320095e-05,0.09609691583873595,0.04480663645540919,-29.96392540094206,7.042621753079459,6.16,3.1694,0.8211557414274135,0.3672414488558825,1723770480000000000,0.8477987721915685,1,1,27.0,False,2024-08,0.4403548649508332,-0.005986437789809094
ACCEPTANCE:ec-re1-efficient-pullback-SOLUSDT-00000012,SOLUSDT:EFFICIENT_PULLBACK:SOLUSDT:SOLUSDT:5m:PIVOT:LOW:4312:s2:1723776300000000000,SOLUSDT,-1,1723777260000000000,1723776300000000000,142.887,143.19899999999998,142.529,1.1474358974359715,141.179,1.584962500721156,SOLUSDT:15m:PIVOT:LOW:1386:s2:SNAP:1723777260000000000,ObjectKind.HORIZONTAL_SUPPORT,143.169,143.179,143.353,142.529,AUCTION_ACCEPTANCE,0.11222444889781671,0.03754023979113331,0.11475409836068629,0.9865771812079897,0.7454909819638851,0.038474610835429274,0.1591103507271115,0.0982367758186421,-1.7755511022043666,-0.004056506738999558,-0.08879534976949313,-0.0849144634525647,1.9739478957915733,0.0032071206052514466,0.0310559006211184,-0.20162822252374335,0.0,0.0,2.0097995545657485,0.9927007299269724,-0.007299270073027529,0.5729695194127866,0.7000301969177907,0.09351636889341369,0.6884794173688307,4.408541527416432,3.014271985091188,1.7758385371703473,-0.10519475228800956,0.3093606835095296,-3.7720482796804315,0.43613029845435547,1.996497177476065,-0.0,1.0,0.45733647109422815,2.614959778036198,0.0,2.833213344056216,-2.705410821643224,0.012017264879600182,2.5379088900141564,0.26518518518518935,0.0,0.0,-3.4228456913826975,0.6252505010019589,21.835436393792534,0.5501653846154139,1.1474358974359715,0.7174348697394736,0.0,0.0,2.0097995545657485,1.5584988962472548,3.9914608905566262,5.332718793265369,0.0,0.020040080160302037,0.2387370042356592,0.08202988699095003,,,,,,,,,,,,,,,,,,,0.7201178061389022,0.024404430412052563,-0.08934814478008472,0.12782275561551398,9.900971948777482,-1.828413685122582,0.047334887210552457,-0.08668783786077276,0.0826313311217732,-79.77496149251806,7.650710658182458,5.1223,1.5015000000000005,0.5961226121139468,0.5937210965618075,1723778400000000000,0.48955496140803134,1,1,19.0,False,2024-08,0.31763761392977696,-0.01615311048582406
ACCEPTANCE:ec-re1-efficient-pullback-ETHUSDT-00000012,ETHUSDT:EFFICIENT_PULLBACK:ETHUSDT:ETHUSDT:5m:PIVOT:LOW:2869:s2:1723776000000000000,ETHUSDT,-1,1723784640000000000,1723776000000000000,2594.56,2598.8900000000003,2585.51,2.090069284064418,2564.685,1.584962500721156,ETHUSDT:15m:PIVOT:LOW:1441:s2:SNAP:1723784640000000000,ObjectKind.HORIZONTAL_SUPPORT,2598.39,2598.4,2599.5,2575.0,AUCTION_ACCEPTANCE,0.07843137254903626,0.1074236628063176,0.08641975308644055,0.6875000000000999,-0.9225023342670864,0.01491920100149371,-0.23704414587333703,-0.35377711293938674,-2.407096171802124,-0.07149671612505364,-0.17975177799470243,-0.5977653631284767,-3.3520074696546254,0.01659269579386284,-0.048722890258136566,-0.5010337698139204,0.0,0.0,1.003232758620699,0.595936794582386,0.29119638826185357,1.2602247585552178,1.1898682959044768,0.13894697840349235,0.6630510151240253,2.2035430698252867,2.24205912331632,1.7282747688986766,0.3500925655266487,-0.8754477349962557,-2.203548085901062,-0.047054599270830666,-0.20354808590106233,-0.0,-1.0,2.003715194596082,6.203210053469823,0.0,4.976733742420574,-1.9262371615313647,0.028199627355738933,5.314751707657174,1.8962675714978035,0.0,0.0,-5.578898225957268,0.8085901027078527,16.68876418352392,0.7196466512701444,2.090069284064418,1.6900093370681757,0.0,0.0,1.003232758620699,1.6850393700786828,27.837907277989743,8.928640371201949,0.0,0.001867413632160349,-0.8283931357254252,-0.13001226102356842,,,,,,,,,,,,,,,,,,,-1.0069457542862608,0.08356408897422671,-0.05542267106002929,0.07034187206152129,7.657507570026922,-2.4847190630399965,0.071623681570079,-0.0713080513247123,-0.00018866480034132604,13.63604044970046,7.531946884407059,8.4605,2.2353,0.764296910747062,0.5878523158126315,1723785720000000000,-0.9663286083908763,0,0,18.0,False,2024-08,0.26613742282696756,-0.015220774256393232
REJECTION:h4-liquidity-ETHUSDT-00000097,ETHUSDT:H4_SWEEP:ETHUSDT:1723780800000000000:PREVIOUS_H4_HIGH:96,ETHUSDT,-1,1723789260000000000,1723789200000000000,2606.72,2613.3,2592.22,2.203647416413246,2609.04,5.584962500721156,PREVIOUS_H4:1723780800000000000:PREVIOUS_H4_HIGH:SNAP:1723789200000000000,ObjectKind.HORIZONTAL_SUPPORT,2609.035,2609.045,2613.29,2606.24,AUCTION_REJECTION,0.20833333333337092,-0.18191488947944806,0.17948717948719942,0.8638297872340409,-0.761904761904706,-0.22386667613409433,-0.2350061199510259,0.21105990783414175,-2.2499999999999547,-0.11214947393656308,-0.14992067689053207,-0.3763644992880766,-8.373015873015897,-0.03477681357717032,-0.12294604358466432,-0.7372525494900941,0.0,0.0,1.0,0.7705479452054602,-0.09931506849313575,0.7382374690994308,0.7974940219802028,0.23708090392667203,0.7075377903256929,0.4986861537870091,-0.15327432973832877,-0.06428853192659127,0.2690162494510067,-0.4862758014932288,-1.9749999999999939,-0.2756289604114772,-0.27499999999996083,-0.0,-1.0,2.5580410792129693,0.4595323293784402,0.0,0.6931471805599453,0.8432539682539744,0.12490271039413009,1.387221318188592,0.1714285714285668,0.0,0.0,0.4603174603174961,1.3055555555556408,25.242450282348628,0.4759896656534678,2.203647416413246,2.876984126984148,0.0,1.0,1.0,1.0,4.011719393941633,4.955827057601261,0.0,0.001984126984170308,-0.4725516029864021,-0.12411504908451443,,,,,,,,,,,,,,,,,,,-0.7978089620801774,0.03534246152659268,-0.25487673339997347,0.031010057265878382,79.18746835713364,-2.3054914999182308,0.05058317819748056,-0.0068290723616451655,-0.10532040157491791,89.83633305131633,5.203241416381621,6.1209999999999996,3.6921999999999997,0.681100191855686,1.0574097194019245,1723789920000000000,-0.9738614327897798,0,0,11.0,False,2024-08,0.16543087871240603,-0.0193532678710109
REJECTION:h4-liquidity-SOLUSDT-00000098,SOLUSDT:H4_SWEEP:SOLUSDT:1723780800000000000:PREVIOUS_H4_HIGH:97,SOLUSDT,-1,1723791660000000000,1723791600000000000,144.208,144.541,143.273,2.807807807807828,144.358,5.584962500721156,PREVIOUS_H4:1723780800000000000:PREVIOUS_H4_HIGH:SNAP:1723791600000000000,ObjectKind.HORIZONTAL_SUPPORT,144.353,144.363,144.364,144.135,AUCTION_REJECTION,0.2900378310214478,0.23018588735781004,1.0,0.36244541484713344,0.9609079445144603,0.07542417599155728,0.3645933014354113,0.7725856697819067,-2.451450189155021,-0.026428848854232023,-0.15093167701863558,-0.436633663366343,-3.331651954602623,0.005833635319033476,-0.05649403412735819,-0.6509202453987792,0.0,0.0,1.0,0.07368421052636932,0.5684210526316072,0.5562923347374479,0.6540819712718872,0.18131789611627763,-0.35231421666097273,-0.0,-0.06922954440047313,-0.025087526554695868,0.3556816589603303,-0.8376784605834837,-2.756517690875315,1.7985864050979439,0.30506750172029395,-1.0,-0.0,-0.11583275964936335,0.5596157879354227,0.0,0.6931471805599453,0.015132408575031436,0.09624863799097183,0.8682941453572399,0.32735426008970037,0.0,0.0,0.3783102143757859,0.8398486759142089,23.09164540108721,0.520268468468471,2.807807807807828,2.3581336696089816,0.0,1.0,1.0,1.0,1.0,5.204006687076795,0.0,0.025220680958361833,-1.4444444444444786,0.01843612409501612,,,,,,,,,,,,,,,,,,,0.8810929284930888,0.07854787979032381,0.2473061497228422,-0.17188197373128494,17.458731018855644,-2.529234086802846,0.06948487407934519,-0.026645090625409016,0.00021624177117699275,132.83541977722635,6.387092451149989,7.4749,4.5279,0.8844531710843929,0.8661618553962815,1723794060000000000,-0.9723034209563083,0,0,40.0,False,2024-08,0.3992346245397348,0.00012789678673411423
REJECTION:h4-liquidity-BTCUSDT-00000106,BTCUSDT:H4_SWEEP:BTCUSDT:1723780800000000000:PREVIOUS_H4_HIGH:105,BTCUSDT,-1,1723791960000000000,1723791900000000000,58420.0,58524.0,58177.4,2.3326923076922936,58494.9,5.584962500721156,PREVIOUS_H4:1723780800000000000:PREVIOUS_H4_HIGH:SNAP:1723791900000000000,ObjectKind.HORIZONTAL_SUPPORT,58494.85,58494.950000000004,58457.0,58420.0,AUCTION_REJECTION,-0.025011579434896448,0.2940794218670779,-0.06905370843983868,0.3883677298310687,1.4182491894395324,0.2681979970181437,0.5351275777700081,0.8373161764706138,-2.1389532190829077,-0.05626688632225429,-0.15306595956247657,-0.09649717514123646,-2.2732746641963852,0.011079572709510219,-0.04093001534458589,-0.5316307403936227,0.0,0.0,1.0,0.3594594594595381,0.6405405405404618,0.5536376615334693,0.5711934197401645,-0.01901924072328999,-0.026826138550087975,2.5861371119906273,0.1966714279799664,3.3655493059114847,0.3274664196387024,1.4695281256150778,-2.5859601260249896,-0.051278936175545464,0.4470069069420819,-1.0,-1.0,-0.2763120567375996,0.5714502455824255,0.0,0.6931471805599453,-0.35108846688282724,0.2318641672891946,0.7534592838343881,-0.0,0.0,0.0,0.6938397406206666,0.9634089856414942,17.80212256076686,0.6746769230769231,2.3326923076922936,2.247336729967549,0.0,1.0,1.0,1.0,1.0082634443362368,5.231108616854587,0.0,0.000926354793939973,1.5208070617906235,0.2990154974645045,,,,,,,,,,,,,,,,,,,1.4213600454323883,-0.004966002656914236,-0.005400873568952544,0.273598870587097,12.611368406574286,-2.2526492509145672,0.10945784692311429,-0.18445970274185924,0.12819281641960506,43.844733689493154,7.011513147484605,6.9387,2.2179999999999995,0.9329308030160456,0.836544828524657,1723795740000000000,-0.9915211421855481,0,0,63.0,False,2024-08,0.2059546192972729,-0.017568809003906203
ACCEPTANCE:ec-re1-efficient-pullback-ETHUSDT-00000013,ETHUSDT:EFFICIENT_PULLBACK:ETHUSDT:ETHUSDT:5m:PIVOT:HIGH:2834:s2:1723789800000000000,ETHUSDT,1,1723809300000000000,1723789800000000000,2609.23,2604.81,2624.0,3.341628959275959,2588.425,1.584962500721156,ETHUSDT:15m:PIVOT:HIGH:1434:s2:SNAP:1723809300000000000,ObjectKind.HORIZONTAL_RESISTANCE,2605.96,2605.9700000000003,2627.65,2604.82,AUCTION_ACCEPTANCE,-0.7339847991313997,-0.20947439463161208,-0.4470899470899379,0.13076923076923297,-1.0162866449511005,-0.2319510147875946,-0.23708206686927885,-0.030769230769253086,-1.5548317046688005,-0.15126110285170144,-0.10978227537564746,-0.5401459854014712,-1.3224755700325996,-0.01637420761856371,-0.022193068765716223,-0.5732946298984096,0.0,0.0,1.6678158588521572,0.8100775193799242,0.1899224806200758,0.5162268222382502,0.795973837969878,0.31281007539118466,0.21908769497303432,1.6099294314275703,3.227508743310903,2.134932953524972,-0.5701219512194343,-1.268847006651833,-2.6687915742793127,0.25256036170073237,1.1139598696105122,0.0,1.0,-1.0822066963070218,6.256389632437147,0.0,5.786897381366708,8.5179153094462,-0.031222128813257612,5.61412354177685,0.46959847036329166,0.0,0.0,4.517915309446201,0.9598262757871998,16.939863484629843,0.707788235294106,3.341628959275959,3.2073832790445,0.0,0.0,1.6678158588521572,1.638185032410068,1.2207881178195745,9.003439196207838,0.0,0.0021715526601994006,-1.411764705882299,-0.0486016648549509,,,,,,,,,,,,,,,,,,,-1.0908468855102984,0.07547057461623367,-0.31754442270045585,0.08559340791286235,7.808983419206328,-1.647388492425434,0.09468620348950023,-0.13636023949496673,-0.014900863356734712,91.69808129362522,-1.5057905178017528,-2.6729,2.2144999999999997,0.8031605767241858,1.0218420412927083,1723810320000000000,-0.9665883999007373,0,0,17.0,False,2024-08,0.16835933163778719,-0.01732395588756458
REJECTION:h4-liquidity-XRPUSDT-00000085,XRPUSDT:H4_SWEEP:XRPUSDT:1723809600000000000:PREVIOUS_H4_LOW:84,XRPUSDT,1,1723810560000000000,1723810500000000000,0.5643,0.5636,0.5678,4.999999999999683,0.5642,5.584962500721156,PREVIOUS_H4:1723809600000000000:PREVIOUS_H4_LOW:SNAP:1723810500000000000,ObjectKind.HORIZONTAL_RESISTANCE,0.56415,0.56425,0.5648,0.5637,AUCTION_REJECTION,-1.0,-0.28286708455025555,-0.4736842105263465,-0.19999999999997042,-1.7777777777776818,-0.0022770328560509255,-0.2758620689654994,-0.7073170731707092,-2.6666666666665844,-0.0005584895250967489,-0.1379310344827538,-0.733333333333317,-5.111111111110974,0.02341699718758535,-0.08745247148288673,-0.8095238095237944,0.0,0.0,1.0,-0.36363636363632695,0.4545454545455096,1.092216716411641,1.1770839041095857,-0.35102543624026095,-0.03197221579736853,-0.0517452576720423,-0.7611595385603742,0.3321433318051764,-1.5746147607460783,-1.9393722401240994,-2.528822055137822,0.1615944623464176,-0.13784461152876215,0.0,1.0,-3.517906336088327,0.06062462181643484,0.0,0.6931471805599453,0.5555555555556104,-0.060019412493610313,1.4644501344560168,0.8333333333333334,0.0,0.0,0.11111111111109741,0.7777777777778052,12.404749246855111,0.9667714285713815,4.999999999999683,3.888888888888779,0.0,1.0,1.0,1.0,4.46185193309303,2.833213344056216,0.0,0.11111111111109741,-2.100966702470517,-0.09863856961717483,,,,,,,,,,,,,,,,,,,-1.6632780113781642,-0.11198419033341064,-0.23599043606923037,0.2337134032131798,8.473798910095809,-2.4379670164697425,-0.22304493523064256,-0.2552905309842201,0.2547320414591232,36.52527424591767,-6.296051197658414,-3.5214000000000003,-1.3895000000000002,1.147833887904824,0.930287537935932,1723810680000000000,-0.9606257701458829,0,0,2.0,False,2024-08,0.24390791977146192,-0.007945100828131822
ACCEPTANCE:ec-re1-efficient-pullback-SOLUSDT-00000013,SOLUSDT:EFFICIENT_PULLBACK:SOLUSDT:SOLUSDT:5m:PIVOT:LOW:4288:s2:1723811700000000000,SOLUSDT,-1,1723812480000000000,1723811700000000000,139.28,139.78,138.587,1.386000000000024,140.668,1.584962500721156,SOLUSDT:15m:PIVOT:LOW:1445:s2:SNAP:1723812480000000000,ObjectKind.HORIZONTAL_SUPPORT,139.73000000000002,139.74,139.77,138.738,AUCTION_ACCEPTANCE,0.3214793741109634,0.05593153241465116,0.23014256619145193,0.7915904936015055,0.9416785206258914,0.046860729342481165,0.1520440973817094,0.011850501367370203,10.088193456614853,0.07906123542199144,0.327061427780852,0.7360603847090326,12.86201991465192,0.04363649623122776,0.16954809675604607,0.81015761821366,0.0,0.0,1.5288985823336798,0.7984084880636679,-0.10079575596812837,0.6807979167479962,0.7554785226334645,0.358696752967518,0.4414209281705242,7.677013220253048,4.4458330496477405,2.278869347893776,-0.8406596348450106,0.9011546214523201,8.01558066070568,0.040523899173571354,2.0726127959091727,-0.0,-1.0,5.769430894308981,4.110873864173311,0.0,2.639057329615259,5.490753911806761,0.04696399909606615,2.8523297570012978,0.28082901554404127,0.0,0.0,3.9487908961594753,1.4224751066856844,35.89890867317634,0.33487199999999995,1.386000000000024,1.9715504978663931,0.0,0.0,1.5288985823336798,1.790408525754873,3.794557318526904,6.81783057145415,0.0,0.028449502133687816,0.8606307222787486,-0.026023921946696567,,,,,,,,,,,,,,,,,,,0.6816136985552935,0.2589476385643748,0.07539123267023026,-0.028530503327749097,70.17817237983337,9.742716259612147,0.21919587266709248,0.16719801008432897,-0.08813677466233753,32.17720515761968,12.900679230283263,7.971500000000001,6.235800000000001,1.2365373160497095,1.3448378196565134,1723814160000000000,-0.9795586866931648,0,0,28.0,False,2024-08,0.2570124247915698,-0.016130891973799147
ACCEPTANCE:ec-re1-efficient-pullback-BTCUSDT-00000014,BTCUSDT:EFFICIENT_PULLBACK:BTCUSDT:BTCUSDT:5m:PIVOT:LOW:3974:s2:1723815600000000000,BTCUSDT,-1,1723825980000000000,1723815600000000000,58520.0,58692.5,57965.4,3.2150724637681076,58024.55,1.584962500721156,BTCUSDT:15m:PIVOT:LOW:1464:s2:SNAP:1723825980000000000,ObjectKind.HORIZONTAL_SUPPORT,58658.6,58658.7,58692.4,57601.3,AUCTION_ACCEPTANCE,-0.00590987441515426,-0.022753203380774103,-0.008462623413237412,0.8688346883468993,-1.1406057621275312,-0.1457718221783389,-0.45146198830408435,-0.19869858238438165,-3.2789953213493885,-0.10126089308183905,-0.2766788563829823,-0.6839886353221489,-3.3967003201181343,-0.02570337822323129,-0.052835594505771924,-0.448349307774228,0.0,0.0,1.5637942551770223,0.5824357912179338,0.27340513670257494,0.9949020922826597,0.9481695874130994,0.21067892244905473,0.5104522394887867,1.4816596994216003,1.1703772534332746,0.5820043470866378,-0.8875451873718646,-1.7260836027638047,-3.290660451372379,0.5854778406362735,0.011665130022990411,-0.0,-1.0,0.32882765288856886,5.135798437050262,0.0,5.159055299214529,2.0844619551834223,-0.011248279312671004,5.374339532364416,2.170584760779674,0.0,0.0,-2.4400393991627185,0.8495444471804853,29.4771018455229,0.40769565217391307,3.2150724637681076,2.7313469588770776,0.0,0.0,1.5637942551770223,1.413860680563,6.0626959215082445,7.904334842085095,0.0,0.0004924895345902161,-2.1395348837209673,-0.22310218529927842,,,,,,,,,,,,,,,,,,,-1.1563417049626985,0.013472927244885635,-0.2092175730753179,0.06344575089697929,-22.509480002650406,-3.3524582473899813,0.05466715851856422,-0.07412423917328455,-0.02713665390855445,-33.86257174055274,7.61327125141098,6.978000000000001,2.9031000000000007,0.6785802823454292,0.680324695659376,1723829580000000000,-0.9764677370872753,0,0,60.0,False,2024-08,0.13533173184930455,-0.018289256670956516
REJECTION:h4-liquidity-SOLUSDT-00000102,SOLUSDT:H4_SWEEP:SOLUSDT:1723824000000000000:PREVIOUS_H4_LOW:101,SOLUSDT,1,1723829160000000000,1723829100000000000,136.56,136.04000000000002,139.3845,5.43173076923096,136.2,5.584962500721156,PREVIOUS_H4:1723824000000000000:PREVIOUS_H4_LOW:SNAP:1723829100000000000,H4LiquidityKind.PREVIOUS_H4_MIDPOINT,136.195,136.20499999999998,136.815,136.121,AUCTION_REJECTION,0.059763724808903025,0.15547361952418576,0.07131011608624503,0.26512968299711903,-1.3676164002779627,0.0023291069161716143,-0.45179063360881416,-0.40490081680281065,-2.52814454482274,-0.017308614518752482,-0.1859347848308259,-0.726980728051396,-6.187630298818529,-0.04562232416928755,-0.105312958319534,-0.84353428439945,0.0,0.0,1.0,0.5588235294117748,-0.4411764705882252,0.8364101625713699,1.0028258761047435,0.09626469485084799,0.5771611995687518,-2.928257686676261,-1.6498529572850362,-0.9776288288009212,0.06483114807316298,-1.304982309521832,-0.5511038635223395,-0.06263409075613069,-1.9770406813004004,-1.0,1.0,-0.05015726889144312,0.3031862589877462,0.0,0.6931471805599453,0.10979847116049776,0.2803421324288453,1.1074265976388407,0.4146341463414499,0.0,0.0,0.5003474635163423,0.7227241139679973,38.078500292910206,0.31453846153847254,5.43173076923096,3.925642807505154,0.0,1.0,1.0,1.0,6.7210589041325015,4.465908118654584,0.0,0.013898540653218563,-1.2423482187657011,-0.03114104789767341,,,,,,,,,,,,,,,,,,,-1.3152140421766738,-0.04749863555316675,-0.20883894843388617,0.21116805535005778,78.23384962241775,-2.5528551762616383,0.041400224711346634,-0.2329201789464474,0.2156115644276949,50.73657179863744,-5.763275846767391,-3.0324,-0.4969999999999996,1.0869821389739658,0.7384477666541709,1723831140000000000,3.8936000780247064,1,1,33.0,False,2024-08,0.3554808042907027,0.019640062299669362
REJECTION:h4-liquidity-ETHUSDT-00000100,ETHUSDT:H4_SWEEP:ETHUSDT:1723824000000000000:PREVIOUS_H4_HIGH:99,ETHUSDT,-1,1723831560000000000,1723831500000000000,2616.48,2630.7400000000002,2584.075,2.2724403927068515,2619.0,5.584962500721156,PREVIOUS_H4:1723824000000000000:PREVIOUS_H4_HIGH:SNAP:1723831500000000000,H4LiquidityKind.PREVIOUS_H4_MIDPOINT,2618.995,2619.005,2630.49,2614.4,AUCTION_REJECTION,-0.03933434190619003,-0.26099694080101293,-0.0246991766941029,0.7452541334966397,-2.9480584972264374,-0.1625553359288167,-0.5607136006138639,-0.35854152599594635,-3.293998991427128,-0.08820487861257668,-0.21180285343709648,-0.5538509705698191,-2.9440242057488817,-0.03358183146702011,-0.05320331723320923,-0.6506496690365282,0.0,0.0,1.0,0.23274478330655118,0.09951845906907605,0.7909216633723533,0.8280805588063304,0.1675464981429718,0.01296752473970848,0.15287481081704968,-6.392231073315546,-0.17882023579007691,-0.8922665411415007,-2.539750323615924,-3.5761902471586815,-0.4083081736105134,0.28219125573155335,-0.0,-0.0,-0.7185448192295729,0.41925843024050025,0.0,0.6931471805599453,1.1588502269288778,0.15755087000174092,1.810366909228393,0.4521739130434714,0.0,0.0,0.2541603630862321,1.4382249117499013,54.500703234881286,0.22078064516128693,2.2724403927068515,3.2682803832577227,0.0,1.0,1.0,1.0,1.0,4.844187086458591,0.0,0.0010085728694118321,-2.3988648090815063,-0.054529428659146506,,,,,,,,,,,,,,,,,,,-2.963430572692797,-0.001218717112049772,-0.03542174574772206,-0.127133590181095,-38.39708546342635,-3.328680616653452,0.013950389242400416,0.20926575750233045,-0.29747063611490715,-24.222819844688104,3.361298431977522,1.7351,-0.5059999999999998,1.2024497978366657,1.226108061940065,1723950000000000000,-0.9892191153046668,0,0,1974.0,False,2024-08,0.2449403577315109,-0.010704120345362606
REJECTION:h4-liquidity-SOLUSDT-00000104,SOLUSDT:H4_SWEEP:SOLUSDT:1723838400000000000:PREVIOUS_H4_HIGH:103,SOLUSDT,-1,1723839960000000000,1723839900000000000,141.36,141.51,140.446,6.093333333334361,141.445,5.584962500721156,PREVIOUS_H4:1723838400000000000:PREVIOUS_H4_HIGH:SNAP:1723839900000000000,ObjectKind.HORIZONTAL_SUPPORT,141.44,141.45,141.432,141.306,AUCTION_REJECTION,0.22222222222220217,0.15953056024118006,1.0,0.4432989690721105,-0.9333333333333754,0.17881327073482536,-0.31612903225808386,-0.6271637816245395,-1.407936507936519,0.05139937952040133,-0.11654184732624029,-0.7573656845754129,-4.731746031746102,0.017452050041736878,-0.07732613939975673,-0.9486238532110141,0.0,0.0,1.0,0.31249999999977796,-0.387500000000151,0.45859823474109285,0.2821322718569072,0.0021073543777270706,-0.040374932367159166,0.07074086912028932,0.07074086912028932,-0.15796701313388462,0.12683569115927568,-0.047501581277669375,-0.5084123972169446,-0.8858317520557061,-0.8995241107195743,-1.0,-0.0,-0.6433774979229772,0.09909090264423091,0.0,0.6931471805599453,-0.020634920634929086,0.1677759926554969,0.6534731287261191,0.3884892086331597,0.0,0.0,0.1349206349206034,0.23809523809520372,10.611205432935572,1.1314800000001715,6.093333333334361,1.4507936507936863,0.0,1.0,1.0,1.0,1.0,3.295836866004329,0.0,0.01587301587300155,0.10499683744464644,0.05349062534493013,,,,,,,,,,,,,,,,,,,-0.8744707175289922,-0.06080915874386652,0.033956544310132585,0.14485672642469277,-32.27137581516715,-1.3209683893227777,-0.09140391552959602,0.011405319193116738,0.039994060327284586,-153.26068861211795,3.7417297274078276,4.943499999999999,-1.092300000000001,0.4247830301815059,0.4333902598526409,1723840140000000000,-0.9576586677569655,0,0,3.0,False,2024-08,0.26527827886968325,-0.003938785647042937
ACCEPTANCE:ec-re1-efficient-pullback-SOLUSDT-00000014,SOLUSDT:EFFICIENT_PULLBACK:SOLUSDT:SOLUSDT:5m:PIVOT:LOW:4576:s2:1723848600000000000,SOLUSDT,-1,1723849320000000000,1723848600000000000,139.42,139.66199999999998,138.5,3.8016528925620854,141.03300000000002,1.584962500721156,SOLUSDT:15m:PIVOT:LOW:1055:s2:SNAP:1723849320000000000,ObjectKind.HORIZONTAL_SUPPORT,139.632,139.642,139.733,139.383,AUCTION_ACCEPTANCE,0.27870680044593354,0.5244810027418723,1.0,0.9246861924687366,0.548494983277618,0.24380931334634698,0.30904522613067903,0.7885714285715525,1.0256410256410533,0.0047863719438601335,0.1018149623727356,0.9117997616210303,1.096989966555236,0.05430775913782761,0.018545043347155087,0.9705765407554847,0.0,0.0,1.0068150840526777,0.7663551401871269,0.06542056074771072,1.5807206002265068,0.5638540801286617,-0.03778262051234724,0.705635077984813,0.28595007865228617,0.28595007865228617,0.05750698555038919,0.2158694767390396,0.548168692389277,0.7669873035726522,0.0003262908883410187,0.2586537220684011,-1.0,1.0,1.3592619218787607,1.791759469228055,0.0,2.5649493574615367,3.678929765886336,0.22048488150367748,2.835794576490953,0.022424242424228844,0.0,0.0,3.596432552954389,0.5395763656633056,17.357624444124962,0.6919388429752346,3.8016528925620854,2.051282051282043,0.0,0.0,1.0068150840526777,1.222024866785135,83.04151937420721,4.477336814478207,0.0,0.022296544035654408,0.5478424015009359,0.05581418620004827,,,,,,,,,,,,,,,,,,,0.5344272094744579,0.013584445523339761,0.3019394265873215,-0.0581301132409745,-6.849565867348417,1.0012985116682789,0.022654235109260436,0.13318764120829266,-0.12840126926443252,46.35260363958338,4.331646755199037,3.7232,-2.4147000000000003,0.3899939099836232,0.416432428314859,1723852920000000000,1.916516169585056,1,1,60.0,False,2024-08,0.07548845827231439,-0.023953898473376315
REJECTION:h4-liquidity-XRPUSDT-00000089,XRPUSDT:H4_SWEEP:XRPUSDT:1723867200000000000:PREVIOUS_H4_HIGH:88,XRPUSDT,-1,1723872960000000000,1723872900000000000,0.5647,0.5656,0.5635,1.3333333333332922,0.5649,5.584962500721156,PREVIOUS_H4:1723867200000000000:PREVIOUS_H4_HIGH:SNAP:1723872900000000000,ObjectKind.HORIZONTAL_SUPPORT,0.56485,0.56495,0.5648,0.5646,AUCTION_REJECTION,0.8333333333333641,0.572895801245717,0.7142857142857596,0.6666666666667284,-1.3333333333332718,-0.16065848393210483,-0.28571428571429136,-0.19999999999997775,-1.999999999999815,-0.0757389680000141,-0.14634146341462193,-0.19999999999997775,-1.6666666666665433,-0.004460664917384263,-0.026881720430106903,-0.6097560975609637,0.0,0.0,1.0,0.9999999999998899,-0.0,0.15803656987565662,0.33085424431698185,0.47137460620675037,-0.7958578785975811,1.770538243626163,-1.1532484366283402,1.1185306606325427,0.41725571725572663,-0.8944832944832718,-0.7121730121730029,-0.43885003884999996,-1.2878269878268123,-0.0,1.0,-0.5246031746031876,0.33349160848307513,0.0,0.6931471805599453,-0.16666666666663582,-0.7011420210665336,0.44576626445169587,0.3333333333333333,0.0,0.0,0.33333333333327164,1.4999999999999074,15.937666017354559,0.7535333333333234,1.3333333333332922,1.999999999999815,0.0,1.0,1.0,1.0,1.0,4.574710978503383,0.0,0.16666666666663582,-0.7384615384614428,-0.06108759167610757,,,,,,,,,,,,,,,,,,,-1.6666671022105963,0.33238842165199917,-0.22282927529258834,0.06217079136048245,-2.42786229037506,-2.167243304065195,0.16511526664411086,-0.16552108736940596,0.08978211936939223,-4.0118993712567885,6.707203652813742,4.6011,0.03359999999999995,1.0111018252264445,0.7927133127847561,1723875180000000000,-0.9654544061419623,0,0,37.0,False,2024-08,0.549813155626737,-0.00621093732394848
REJECTION:h4-liquidity-SOLUSDT-00000108,SOLUSDT:H4_SWEEP:SOLUSDT:1723881600000000000:PREVIOUS_H4_LOW:107,SOLUSDT,1,1723893060000000000,1723893000000000000,138.609,138.30200000000002,139.096,1.5863192182410877,138.515,5.584962500721156,PREVIOUS_H4:1723881600000000000:PREVIOUS_H4_LOW:SNAP:1723893000000000000,H4LiquidityKind.PREVIOUS_H4_MIDPOINT,138.51,138.51999999999998,138.67,138.555,AUCTION_REJECTION,0.0744336569579169,0.47020875906559284,0.19008264462805258,-0.060869565217197885,-0.23624595469249085,-0.06353348769013908,-0.04724919093849904,0.769571639586409,-1.588996763754011,-0.07016193854694718,-0.09786725134542162,-0.1261852662290096,-0.2750809061488033,-0.016636165380144088,-0.004734057365635087,-0.4292520247736895,0.0,0.0,1.0,0.46086956521744504,-0.5217391304346429,0.735404204533671,0.5957810644034013,-0.24772251827094485,0.36808549120984313,-0.3993513361666423,-0.9776649002413151,0.12904645317886426,0.4766881028938283,0.39391115253177883,-0.7181580627084598,-0.6301571072242697,-0.8708387010455512,1.0,0.0,-4.213316477033331,0.5831462853456167,0.0,0.6931471805599453,-0.12944983818776953,0.4703489616784414,1.226204798455636,0.3935483870966334,0.0,0.0,0.30420711974117565,0.9935275080905839,22.148633927089,0.5411941368078389,1.5863192182410877,1.576051779935271,0.0,1.0,1.0,1.0,3.067406158094171,5.2574953720277815,0.0,0.03236245954689639,0.6666666666665433,-0.0871980984027776,,,,,,,,,,,,,,,,,,,-0.06467312807229508,-0.17151063765041702,-0.0751266210186904,0.011593133328551317,24.294115715264297,-1.5173588422083477,-0.06883016804504202,-0.09403489481319588,0.023872956266248704,77.34671507249047,-6.227746916281918,-5.026199999999999,2.009500000000001,1.3756558566718666,1.1497810700448268,1723893900000000000,0.7720794229041783,1,1,14.0,False,2024-08,0.44338517467727134,-0.006801321285640509
ACCEPTANCE:ec-re1-efficient-pullback-BTCUSDT-00000015,BTCUSDT:EFFICIENT_PULLBACK:BTCUSDT:BTCUSDT:5m:PIVOT:HIGH:4807:s2:1723913700000000000,BTCUSDT,1,1723914240000000000,1723913700000000000,59617.5,59546.8,59690.2,1.0282885431400295,59450.149999999994,1.584962500721156,BTCUSDT:15m:PIVOT:HIGH:1574:s2:SNAP:1723914240000000000,ObjectKind.HORIZONTAL_RESISTANCE,59556.0,59556.1,59627.2,59546.9,AUCTION_ACCEPTANCE,-0.007299270072993088,-0.03558371672691412,-0.004878048780487805,0.8079385403329029,1.440875912408793,0.2937590138360236,0.3041602465331189,0.20415982484949913,3.2963503649637214,0.169692729098694,0.22396349930569037,0.5320244608947682,6.236496350365252,0.040924876865543226,0.0937129820558921,0.7092000000000116,0.0,0.0,1.9430677861969745,0.7223796033994483,0.27762039660055166,0.6951806999940855,1.188028557857289,0.5835630833522572,0.28069479464918656,0.0,-0.45311136470438385,0.4334443999442754,0.7522706842616289,2.8376460194670923,3.5231751824820687,-1.3967701070582992,-0.22682481751834738,1.0,1.0,0.16365286855485928,0.2876820724517809,0.0,2.302585092994046,2.584671532846895,0.06969690636543664,2.4705577676268913,0.054786783394503984,0.0,0.0,2.4430656934308717,1.0321167883211801,11.858934037823976,1.0112953323904235,1.0282885431400295,1.0613138686131525,0.0,0.0,1.9430677861969745,1.231153685964176,2.374696818936331,2.70805020110221,0.0,0.001459854014577374,3.3128078817732134,0.28053799313320305,,,,,,,,,,,,,,,,,,,1.402356450684652,0.03971350382836434,0.21609353999595737,0.07766547384006556,-12.040340725985033,3.187079643030524,0.11552895696742428,0.06861570432648875,0.10107702477220498,-4.361322544514934,-3.6604075488844146,-3.7278000000000002,1.1767,0.9641050243514109,1.0233384236488514,1723914780000000000,-0.9597615200708898,0,0,9.0,False,2024-08,0.23127491052686341,-0.022247514040996022
REJECTION:h4-liquidity-ETHUSDT-00000104,ETHUSDT:H4_SWEEP:ETHUSDT:1723910400000000000:PREVIOUS_H4_HIGH:103,ETHUSDT,-1,1723915260000000000,1723915200000000000,2617.03,2619.9700000000003,2607.01,3.408163265306053,2618.29,5.584962500721156,PREVIOUS_H4:1723910400000000000:PREVIOUS_H4_HIGH:SNAP:1723915200000000000,ObjectKind.HORIZONTAL_SUPPORT,2618.285,2618.295,2618.29,2617.03,AUCTION_REJECTION,0.1613691931539929,0.17439042353420334,0.5409836065575482,0.05882352941151747,1.5110024449876813,0.27196299602557006,0.4571005917159956,0.7803921568626833,-2.232273838630754,-0.08942638912678828,-0.14223399283377933,0.04525964745115907,-2.1344743276282903,-0.034278001558974265,-0.03727105836143998,-0.28603970061830175,0.0,0.0,1.0,0.7966101694912968,0.20338983050870318,0.23973096353927817,0.4522200413027112,0.0044752448249374965,0.33542283873560946,1.326304620653529,-0.3857855051936365,0.9788438990027888,0.022004889975529327,1.40944524285011,-1.4082379134859302,0.10155720213757125,-0.8240359251448237,-1.0,-1.0,0.13946188340808652,0.2876820724517809,0.0,0.6931471805599453,0.0,0.31032728945008126,0.37881701276022245,-0.0,0.0,0.0,0.3080684596576329,0.7188264058679584,11.234108894433975,1.0687755102040617,3.408163265306053,2.4498777506111553,0.0,1.0,1.0,1.0,1.0,4.406719247264253,0.0,0.0024449877751144067,1.3078880407125386,0.23176213772336257,,,,,,,,,,,,,,,,,,,1.335217474873365,0.17400369128743343,0.19748539604293056,0.07447759998263773,-2.3489606144977415,-2.2029660071719563,-0.033210764495694725,-0.18666799922357596,0.09724161009678765,-127.90544491966926,6.407566552369959,6.729299999999999,-1.9365000000000008,0.5125441270119391,0.7744007085642939,1723915680000000000,-0.9587473432365207,0,0,7.0,False,2024-08,0.23489975824149723,-0.014658218208316875
REJECTION:h4-liquidity-XRPUSDT-00000092,XRPUSDT:H4_SWEEP:XRPUSDT:1723910400000000000:PREVIOUS_H4_HIGH:91,XRPUSDT,-1,1723915560000000000,1723915500000000000,0.5687,0.5692,0.56655,4.299999999999489,0.5689,5.584962500721156,PREVIOUS_H4:1723910400000000000:PREVIOUS_H4_HIGH:SNAP:1723915500000000000,H4LiquidityKind.PREVIOUS_H4_MIDPOINT,0.56885,0.56895,0.5688,0.5684,AUCTION_REJECTION,-0.374999999999948,-0.30278823968688123,-0.6,-0.6000000000000001,1.2499999999999654,0.25203874041851554,0.29411764705880816,0.2222222222221948,-1.1249999999999827,-0.11690513837214965,-0.06976744186046471,0.14999999999998337,-3.8749999999998788,0.013516939572879404,-0.06753812636165503,-0.2923076923076966,0.0,0.0,1.0,0.3333333333333333,-0.6666666666666666,0.21842330110769062,0.5578359001916693,0.006220816817075814,0.12866448299839278,-1.7587055926826523,-1.3845706391113488,-1.6929475997396661,-0.024564676616896944,1.3950729927007535,-0.7328511053315899,-0.1450729927007881,-0.39214889466839276,-0.5,-1.0,0.62071713147408,0.3031862589877462,0.0,0.6931471805599453,-0.12499999999998265,-0.3760485620385628,0.465802090389714,0.6,0.0,0.0,0.2499999999999653,0.6250000000000521,8.791981712679021,1.3654799999998473,4.299999999999489,2.6874999999999045,0.0,1.0,1.0,1.0,1.0,4.465908118654584,0.0,0.12499999999998265,1.5401459854015416,0.23643964888832103,,,,,,,,,,,,,,,,,,,1.372948368128071,-0.12404607922312787,0.3663736714999462,-0.11433493108143156,-12.857339604188667,-1.0001760355506355,-0.12571509289606123,-0.04680597050085943,-0.07009916787129009,72.44519191665688,1.2769601800288743,2.3072,-4.6073,0.6752082125771278,0.5849854687046884,1723915860000000000,-0.9541226877808383,0,0,5.0,False,2024-08,0.4039193537378525,-0.0019131261816453284
REJECTION:h4-liquidity-SOLUSDT-00000111,SOLUSDT:H4_SWEEP:SOLUSDT:1723924800000000000:PREVIOUS_H4_HIGH:110,SOLUSDT,-1,1723932660000000000,1723932600000000000,141.46,141.834,140.8065,1.7473262032086003,141.583,5.584962500721156,PREVIOUS_H4:1723924800000000000:PREVIOUS_H4_HIGH:SNAP:1723932600000000000,H4LiquidityKind.PREVIOUS_H4_MIDPOINT,141.578,141.588,141.765,141.46,AUCTION_REJECTION,0.6885245901639361,0.5281687300883171,0.49347258485636586,1.0,-1.2204007285975274,0.03515024305631473,-0.2539802880970624,-0.025435073627851468,-1.0856102003643484,0.09417124471105115,-0.0782563025210102,-0.3938384679433844,-4.091074681238847,0.023998286736484954,-0.07224187841749966,-0.5930687534935706,0.0,0.0,1.0,0.6646341463413958,0.3353658536586042,0.7207974628313994,0.9921908192028033,0.2875726747168039,0.16470469943320837,5.365745798355803,5.121932398541862,4.739651780013016,0.8133301865669764,-0.5982834994463001,1.5503875968992906,-0.6221172291512272,-2.635997797263639,1.0,-1.0,-2.3850660066007587,0.4328640822962788,0.0,0.6931471805599453,0.6630236794171045,0.6293418219267859,1.7288744437439603,-0.0,0.0,0.0,0.4480874316939721,1.362477231329727,26.438569206842583,0.4544823529411822,1.7473262032086003,2.380692167577538,0.0,1.0,1.0,1.0,3.4241773279090277,4.882801922586371,0.0,0.03642987249541458,-0.16666666666663582,-0.08699440746721283,,,,,,,,,,,,,,,,,,,-1.3489072908978594,0.12705922436228873,-0.23038279186356864,0.26553303491988334,25.342898888638388,-1.1664160618508566,0.07966077842655372,-0.01061991733916125,0.1047911620502124,-24.586634718808398,9.265593964188357,6.1383,3.5315,0.9926083974852766,1.189916719935796,1723936140000000000,-0.9746543387257317,0,0,58.0,False,2024-08,0.6941878935396879,0.010564772918753438
REJECTION:h4-liquidity-BTCUSDT-00000116,BTCUSDT:H4_SWEEP:BTCUSDT:1723939200000000000:PREVIOUS_H4_HIGH:115,BTCUSDT,-1,1723939560000000000,1723939500000000000,59442.0,59532.1,59320.0,1.3540510543840396,59474.4,5.584962500721156,PREVIOUS_H4:1723939200000000000:PREVIOUS_H4_HIGH:SNAP:1723939500000000000,ObjectKind.HORIZONTAL_SUPPORT,59474.35,59474.450000000004,59480.3,59427.2,AUCTION_REJECTION,0.9438423645320484,-0.03535151539206012,1.0,0.7175572519083493,-1.3162561576355254,-0.2317086418680166,-0.2857142857142946,0.1271133375078477,-2.912315270936018,-0.1563839442860791,-0.1764986864103193,-0.263502454991821,0.15763546798029557,0.00915198967204638,0.002304545716425644,-0.5608685045132975,0.0,0.0,1.0,0.37026239067043765,-0.23323615160347874,1.334469274178186,0.9295241946795357,0.20176655173215874,0.13672653600824863,-0.3196495295276769,0.5119294144351194,-1.007267865680745,0.7254901960783753,-0.2754039497306888,-0.7511669658885987,-1.0408522079048366,-2.161148305047419,1.0,-0.0,-3.317301324503207,0.02061928720273568,0.0,0.6931471805599453,0.11625615763549665,0.22406387294039795,1.6845169952881225,0.31355932203393094,0.0,0.0,0.6384236453202257,1.7753694581280501,15.157632650314348,0.7922803551609452,1.3540510543840396,2.4039408866995076,0.0,1.0,1.0,1.0,6.688335654035227,1.9459101490553132,0.0,0.0019704433498683896,-0.15080789946142206,-0.025225606145482544,,,,,,,,,,,,,,,,,,,-1.2264634758255604,-0.09053283052804421,-0.3643523094779724,0.1326436676099572,-16.00952784338361,-2.910409307904131,-0.005532649924780671,-0.2900400075338218,0.13365606324774318,-24.947251903739698,4.865598571911489,5.7103,1.0555000000000005,0.8499709107131552,1.1860481998258185,1723940760000000000,-0.9644971446644662,0,0,20.0,False,2024-08,0.5627157671237486,-0.0058599602936081595
ACCEPTANCE:ec-re1-efficient-pullback-BTCUSDT-00000016,BTCUSDT:EFFICIENT_PULLBACK:BTCUSDT:BTCUSDT:5m:PIVOT:HIGH:4885:s2:1723938600000000000,BTCUSDT,1,1723946880000000000,1723938600000000000,59410.0,59365.8,59485.3,1.7036199095024405,59320.850000000006,1.584962500721156,BTCUSDT:15m:PIVOT:HIGH:1624:s2:SNAP:1723946880000000000,ObjectKind.HORIZONTAL_RESISTANCE,59371.0,59371.1,59722.6,59365.9,AUCTION_ACCEPTANCE,0.5763952424519517,0.1846805245100007,0.7701711491443639,0.7854251012144633,-0.5489478499542397,0.007538177992214991,-0.1417769376181533,0.05882352941178515,-2.8581884720950215,-0.02613523966927334,-0.18814743435317166,-0.6497220015885679,2.285452881976178,0.029328047583217914,0.0345954629809163,-0.23070866141731705,0.0,0.0,1.0355923939542002,0.860158311345575,-0.13984168865442498,1.0319883964003005,0.9947827081780352,0.32855730745673534,0.5514961368791501,-0.8920261279510289,-0.7247319961667387,-0.7032907953071807,-0.11973018549747994,-0.6744739249771865,-2.8290942360475775,0.12552607502294677,-0.02909423604744399,0.0,0.0,2.1768949479888384,1.0986122886681096,0.0,4.9344739331306915,7.351326623970394,0.02322576198566938,5.225173228813051,0.7780958307405207,0.0,0.0,1.6312900274472426,0.8087831655991933,7.439824945294915,1.6123411764706943,1.7036199095024405,1.377859103385195,0.0,0.0,1.0355923939542002,1.011980267794252,10.136022061328415,5.1298987149230735,0.0,0.0018298261664875049,-0.8000000000001333,-0.07554097505865995,,,,,,,,,,,,,,,,,,,-0.5540384812411154,0.005229184506555729,-0.13938640703997554,0.14692458503218828,6.166446885114141,-3.0537545035464424,0.19931681454338657,-0.196081693447741,0.1699464537784673,-7.058121860730182,-4.083717370242379,-3.2686,0.2571000000000002,0.5981565354119276,0.6993942923068425,1723948440000000000,0.2286036914998662,1,1,26.0,False,2024-08,0.3255111315529697,-0.018319625174763772
ACCEPTANCE:ec-re1-efficient-pullback-ETHUSDT-00000014,ETHUSDT:EFFICIENT_PULLBACK:ETHUSDT:ETHUSDT:5m:PIVOT:LOW:3034:s2:1723914600000000000,ETHUSDT,-1,1723949580000000000,1723914600000000000,2619.8,2626.01,2603.36,2.6473429951690752,2609.6549999999997,1.584962500721156,ETHUSDT:15m:PIVOT:LOW:1474:s2:SNAP:1723949580000000000,ObjectKind.HORIZONTAL_SUPPORT,2623.77,2623.78,2626.0,2598.54,AUCTION_ACCEPTANCE,-0.9881956155144593,-0.19960385373631048,-0.35343787696022966,0.35815991237672373,-3.6458684654302527,-0.19821497707315416,-0.5016241299304087,-0.2705882352941391,-4.455311973018685,-0.1375400124271503,-0.24207439985339724,-0.45229681978799885,-3.935919055649374,-0.029445194132510004,-0.05793000744601837,-0.45229681978799885,0.0,0.0,1.4133333333333615,0.725988700564897,0.12146892655375578,1.272088359276164,1.206196470767684,0.6518561492758861,0.5986805657300276,1.745549096444643,-0.138911774950623,1.6918101103543726,-2.1472175379428107,-3.2229342327153483,-4.227655986509564,-0.4229342327149044,-0.227655986509121,-0.0,-1.0,-1.650913520097479,6.385756354618021,0.0,6.369900982828227,3.748735244519423,-0.014006615543490052,5.886487617429337,1.9127305443095488,0.0,0.0,-3.4215851602026026,2.094435075885399,23.704099549584075,0.5068415458937168,2.6473429951690752,5.544688026981622,0.0,0.0,1.4133333333333615,1.608028335301066,36.979184973435444,9.1557785839835,0.0,0.0033726812816925987,-2.800000000000444,-0.12970616995031356,,,,,,,,,,,,,,,,,,,-3.604344888716548,-0.049066249940702855,-0.18126506174208823,-0.01694991533106699,-8.384458743222467,-4.342565099947645,-0.12401744087602953,-0.07455325475208567,-0.06298675767506469,-16.501109376001466,6.152996792054832,6.0935999999999995,1.7695999999999998,1.5228674722128521,1.6588047213796697,1723949940000000000,-0.9727656722836456,0,0,6.0,False,2024-08,0.2188664945815625,-0.014212205203099744
REJECTION:h4-liquidity-BTCUSDT-00000118,BTCUSDT:H4_SWEEP:BTCUSDT:1723953600000000000:PREVIOUS_H4_LOW:117,BTCUSDT,1,1723953960000000000,1723953900000000000,59382.7,59213.9,59754.15,2.200533175355533,59258.5,5.584962500721156,PREVIOUS_H4:1723953600000000000:PREVIOUS_H4_LOW:SNAP:1723953900000000000,H4LiquidityKind.PREVIOUS_H4_MIDPOINT,59258.45,59258.55,59387.3,59313.2,AUCTION_REJECTION,1.1548913043477917,0.35341742616365424,1.0,0.9003250270854675,-1.2309782608696078,-0.14667559252594156,-0.18258766626361084,0.20371031038170062,-6.616847826086761,-0.13875910194888097,-0.2757019927536173,-0.49339339339340216,-0.805706521739146,0.01795566104995776,-0.01087893742317834,-0.6742614404325225,0.0,0.0,1.0,0.6206896551723476,0.1926977687625185,0.6391286975991651,0.7006858711002165,-0.13251362540966444,0.33619926555880375,-0.11446073520327005,-1.0934082990576854,0.30523639943636266,1.3737801746275415,-0.8654891304348733,-4.446158567903128,-0.3654891304347345,-2.170689258183633,1.0,0.0,-2.1094113102136944,0.02061928720273568,0.0,0.6931471805599453,-0.7432065217390689,0.3787920389735705,1.144179693168404,0.0357142857143301,0.0,0.0,1.6874999999999105,2.293478260869438,28.42578730842411,0.42155189573460805,2.200533175355533,5.046874999999909,0.0,1.0,1.0,1.0,2.408390420878193,1.9459101490553132,0.0,0.0013586956522529592,-0.5000000000001388,-0.1817619184881133,,,,,,,,,,,,,,,,,,,-1.1910196297748867,-0.03902053529555614,-0.34280690192211444,0.19613130939617232,14.71270362825905,-6.627352283257291,0.03748954288201539,-0.16965615393483355,0.030897051985952495,23.026700954300594,-4.492520008300138,-5.252199999999999,-0.37289999999999934,0.9197055133662508,0.9399734798502275,1723972200000000000,1.3202901523385628,1,1,304.0,False,2024-08,0.1940127601112281,-0.01703136137767197
REJECTION:h4-liquidity-SOLUSDT-00000114,SOLUSDT:H4_SWEEP:SOLUSDT:1723953600000000000:PREVIOUS_H4_LOW:113,SOLUSDT,1,1723953960000000000,1723953900000000000,141.432,140.791,142.11450000000002,1.0647425897036542,140.929,5.584962500721156,PREVIOUS_H4:1723953600000000000:PREVIOUS_H4_LOW:SNAP:1723953900000000000,H4LiquidityKind.PREVIOUS_H4_MIDPOINT,140.924,140.934,141.432,141.197,AUCTION_REJECTION,0.7241910631740675,0.23557824464951896,1.0,1.0,-0.006163328197255923,-0.07466352174494523,-0.001461988304100614,0.7170068027210572,-3.2419106317412,-0.05904428143755055,-0.19916698220371964,-0.25721012360212403,-0.36055469953780733,0.036381338989487866,-0.005659555942534719,-0.49499799919968446,0.0,0.0,1.0,0.551020408163222,0.4489795918367781,0.560371298485304,0.6382020257535985,0.12409861323973814,0.23279162695650696,0.2828294255730057,0.7548591732009502,0.5454811185189404,1.3737801746275415,-0.8654891304348733,-4.446158567903128,0.8593258022376173,1.2042479361619276,0.0,1.0,-0.7106025859966061,0.02061928720273568,0.0,0.6931471805599453,-0.8258859784283522,0.3433084823523278,1.0861458927978402,0.0,0.0,0.0,1.5500770416024197,1.9753466872110639,45.32213360484128,0.26417129485179763,1.0647425897036542,2.1032357473036427,0.0,1.0,1.0,1.0,1.0,1.9459101490553132,0.0,0.03081664098610444,-1.2309782608696078,-0.1817619184881133,,,,,,,,,,,,,,,,,,,0.0,-0.006163284619460213,-0.22938572725043366,0.15472220550548843,18.25331784397477,-3.1610975050379504,-0.068815587861957,-0.09606035640705714,0.03701607496950659,57.94450700362219,-3.669395889612792,-3.1194,1.1941999999999997,0.7887439844418944,0.8003113268366259,1723955460000000000,-0.9828458914560504,0,0,25.0,False,2024-08,0.2064390695873793,-0.019939208335498865
REJECTION:h4-liquidity-ETHUSDT-00000109,ETHUSDT:H4_SWEEP:ETHUSDT:1723968000000000000:PREVIOUS_H4_HIGH:108,ETHUSDT,-1,1723968960000000000,1723968900000000000,2607.25,2610.2400000000002,2603.35,1.3043478260868837,2609.46,5.584962500721156,PREVIOUS_H4:1723968000000000000:PREVIOUS_H4_HIGH:SNAP:1723968900000000000,ObjectKind.HORIZONTAL_SUPPORT,2609.455,2609.465,2609.89,2607.25,AUCTION_REJECTION,0.9692832764506157,0.4562056018506088,1.0,1.0,-0.750853242320799,-0.10621476841796049,-0.1562499999999778,-0.016501650165001713,-0.8771331058021526,-0.035856634392956006,-0.05672037077908001,-0.20849933598939208,-1.1092150170649084,0.020536739515415448,-0.017288153625192346,-0.654091700522343,0.0,0.0,1.0,1.0,-0.0,0.86355464022393,0.7279357972297867,0.18903140307095817,0.6735127453462078,0.07670858790942425,0.07670858790942425,-0.5235278719216433,0.022932022931987452,-0.5873253493013468,0.36327345309378484,-0.16352789301945214,-1.2404065588959374,-0.0,-0.0,-0.1322484009392746,0.06062462181643484,0.0,0.6931471805599453,0.1467576791808397,0.5340260919029308,1.3101991461653513,-0.0,0.0,0.0,0.7542662116041501,1.0204778156997965,11.468021862116162,1.0469879598661378,1.3043478260868837,1.3310580204779212,0.0,1.0,1.0,1.0,3.749285143846176,2.833213344056216,0.0,0.003412969283351139,-0.4999999999998612,0.06443006736477022,,,,,,,,,,,,,,,,,,,-0.8088225894322938,0.057652383460359224,-0.10949626714289036,0.003281498724926099,-2.5621312135371,-0.8054082909658092,-0.07215739984566986,-0.03534020421349058,-0.0005164301794655518,2.7158307880448262,5.2169876513885605,5.4308000000000005,-1.2944999999999993,0.626096127599801,0.6541421851375657,1723970040000000000,-0.9591418425695797,0,0,18.0,False,2024-08,0.35486517413842483,-0.01663494656118702
ACCEPTANCE:ec-re1-efficient-pullback-ETHUSDT-00000015,ETHUSDT:EFFICIENT_PULLBACK:ETHUSDT:ETHUSDT:5m:PIVOT:HIGH:5002:s2:1723972200000000000,ETHUSDT,1,1723972860000000000,1723972200000000000,2623.48,2618.25,2638.36,2.8451242829828027,2609.465,1.584962500721156,ETHUSDT:15m:PIVOT:HIGH:1653:s2:SNAP:1723972860000000000,ObjectKind.HORIZONTAL_RESISTANCE,2618.49,2618.5,2626.0,2618.26,AUCTION_ACCEPTANCE,0.960000000000033,0.22163343059365628,0.4697508896796638,0.9961759082218875,2.52727272727287,0.10819149124348967,0.29866781263427966,0.51257253384914,5.574545454545889,0.03111108702108761,0.25691302161890245,0.747241725175529,6.8363636363642675,0.00331090017876846,0.10242998801351051,0.823095823095823,0.0,0.0,1.6944345976604034,0.7838427947598695,0.2117903930131594,1.364444442605552,1.4195349223796698,0.8988470794294834,0.6897775430035867,-0.03811716453916425,-1.832368394637518,0.3690449934013972,0.2772407115880344,2.129287598944358,4.761983289357435,0.39798512832851207,0.8125621651884538,0.0,0.0,4.128200145737326,0.2876820724517809,0.0,2.4849066497880004,6.012727272727717,0.11988125624344009,3.3453990862473426,0.15240399153311182,0.0,0.0,5.0963636363640115,1.9018181818183457,19.93535304252374,0.6013456978967473,2.8451242829828027,5.410909090909578,0.0,0.0,1.6944345976604034,1.3583724569639366,39.33467813071141,2.833213344056216,0.0,0.003636363636443311,1.9999999999997224,0.09556273248236329,,,,,,,,,,,,,,,,,,,2.314916719805578,0.21570949748802784,0.44146354380957165,-0.33327205256608095,-32.44303106665569,5.278626921064738,0.31226936444922027,0.33728833451889595,-0.3061772474978083,-49.715865447836904,-2.2674656783816527,-2.2346,3.7702000000000004,1.379561080296377,1.6509658652781702,1723974000000000000,-0.9696264890210757,0,0,19.0,False,2024-08,0.248209695726285,-0.012120383711545326
ACCEPTANCE:ec-re1-efficient-pullback-XRPUSDT-00000014,XRPUSDT:EFFICIENT_PULLBACK:XRPUSDT:XRPUSDT:5m:PIVOT:HIGH:4073:s2:1724011500000000000,XRPUSDT,1,1724014560000000000,1724011500000000000,0.573,0.5721,0.5754,2.666666666667037,0.57205,1.584962500721156,XRPUSDT:15m:PIVOT:HIGH:1318:s2:SNAP:1724014560000000000,ObjectKind.HORIZONTAL_RESISTANCE,0.5723,0.5724,0.5738,0.5724,AUCTION_ACCEPTANCE,0.8333333333331792,0.19537463818714448,0.7142857142857143,1.0,-0.6666666666667284,0.07189602516430338,-0.12500000000003036,-0.14285714285721085,1.3333333333330866,0.04548351500930338,0.09302325581394869,0.05882352941169566,-1.6666666666665433,-0.07848202359588485,-0.02392344497607699,0.5806451612902961,0.0,0.0,1.1764705882352904,0.8333333333333334,0.16666666666666666,0.7284689270878952,1.2285017106050056,0.4697280625627683,1.0709860384619831,0.0,0.0,0.2644668070714629,0.04866353983227241,-0.20940906483077537,1.5444635685598809,-0.457257601835953,-0.2111302352267943,0.0,0.0,1.9838945827232735,5.87117838123348,0.0,3.9512437185814275,2.916666666666497,0.025027958841519742,4.023322878962435,0.45714285714286257,0.0,0.0,1.5833333333332253,1.4999999999997224,15.706806282720784,0.763400000000084,2.666666666667037,3.999999999999815,0.0,0.0,1.1764705882352904,1.5384615384615121,4.866537955114957,8.58615939588096,0.0,0.16666666666663582,0.24784853700517764,0.019539856805109276,,,,,,,,,,,,,,,,,,,-0.6659693435850562,-0.00046473789109654346,-0.013036611348384868,0.08493263651268948,-7.919476778717183,1.333333549918273,0.0009314243682900093,0.0176777915351725,0.027805723474130604,-20.169717978539836,-3.7757117324788148,-3.6483000000000003,1.5833000000000004,0.6202504022606872,0.4485254614385425,1724015040000000000,-0.9651536433628064,0,0,8.0,False,2024-08,0.21524460172204435,-0.016412304438108788
ACCEPTANCE:ec-re1-efficient-pullback-SOLUSDT-00000015,SOLUSDT:EFFICIENT_PULLBACK:SOLUSDT:SOLUSDT:5m:PIVOT:HIGH:5089:s2:1724013300000000000,SOLUSDT,1,1724015820000000000,1724013300000000000,146.381,146.113,147.0,2.3097014925373065,145.233,1.584962500721156,SOLUSDT:15m:PIVOT:HIGH:1321:s2:SNAP:1724015820000000000,ObjectKind.HORIZONTAL_RESISTANCE,146.133,146.143,147.0,146.123,AUCTION_ACCEPTANCE,0.2929475587703047,-0.11617894382778339,0.3360995850621751,0.7854671280276524,-0.6148282097648764,-0.13264195898580067,-0.16798418972331244,0.12173913043480566,-0.3761301989150594,-0.02313620883123019,-0.022279348757500837,-0.18355640535373685,3.4249547920434265,-0.01149515412985867,0.05262572936927021,0.5842847548690411,0.0,0.0,1.1653543307086853,0.7891156462584915,-0.21088435374150843,0.8126492387402884,0.7357324704359053,0.037168621458697204,0.9099235220290153,0.0683153436265016,1.1607414171055375,0.3795499933010063,-0.44292884051394094,-1.4507892293407636,-1.1880650994575297,0.8359610195758872,0.8119349005424703,1.0,0.0,-2.553615110698263,2.8903717578961645,0.0,3.7612001156935624,6.390596745027142,-0.014121999957634,3.7699082877219134,0.3503112620260335,0.0,0.0,4.151898734177221,0.9692585895117614,18.308387017440836,0.6548373134328341,2.3097014925373065,2.23869801084992,0.0,0.0,1.1653543307086853,1.8873668188736514,5.311035866820642,5.697093486505405,0.0,0.036166365280256615,-1.5682451253482557,-0.2464919960393681,,,,,,,,,,,,,,,,,,,-0.6141402181338669,-0.00033125154047549657,0.045096004502393934,-0.1777379634881946,-25.171776209997887,-0.3613452270578733,-0.014651419611760903,0.13498225657699117,-0.15811846540822136,-52.00687197371323,-4.84397540483128,-4.8088,-0.9497999999999999,0.49430465176897465,0.502286103756797,1724016180000000000,-0.968048495365377,0,0,6.0,False,2024-08,0.23781020424456742,-0.0155275922021816
REJECTION:h4-liquidity-ETHUSDT-00000112,ETHUSDT:H4_SWEEP:ETHUSDT:1724011200000000000:PREVIOUS_H4_LOW:111,ETHUSDT,1,1724018460000000000,1724018400000000000,2643.77,2635.3599999999997,2657.47,1.6290130796669815,2641.62,5.584962500721156,PREVIOUS_H4:1724011200000000000:PREVIOUS_H4_LOW:SNAP:1724018400000000000,ObjectKind.HORIZONTAL_RESISTANCE,2641.615,2641.625,2644.57,2638.77,AUCTION_REJECTION,1.1186943620177594,0.42536103888496796,0.7046728971962702,0.7241379310344287,-2.4213649851630765,-0.19973284282159795,-0.3121652639632652,-0.03392754456585012,-5.356083086053278,-0.16571066345529142,-0.2611778324410365,-0.40425531914893553,-1.8486646884272402,-0.04507580551543367,-0.03002843784643601,-0.5080527086383562,0.0,0.0,1.0,0.4051724137930595,0.13505747126430961,1.5389474460912123,1.1435254218441468,0.06094796996656332,0.27451779690590816,0.22466127670650593,0.22466127670650593,0.8159531868799701,-0.41419386745793807,-2.0615915834905922,-5.2544051793902256,-0.3597734016724843,-0.10167790666305265,0.0,0.0,0.7205274470899548,0.4054651081081644,0.0,0.6931471805599453,0.845697329376798,0.5113241397347457,1.7351914672319646,0.2711864406780027,0.0,0.0,0.6379821958457019,2.4955489614243365,31.810634056670242,0.376632342449451,1.6290130796669815,4.065281899109595,0.0,1.0,1.0,1.0,80.3930613981767,4.804021044733257,0.0,0.002967359050509771,-1.7018181818181077,-0.10673391381168246,,,,,,,,,,,,,,,,,,,-2.407488225005808,-0.010147658142603844,-0.26716916266840746,0.06743631984681067,-32.88086419177105,-5.234906539995839,-0.10297535871636765,-0.15339290049520124,-0.0123177629600901,-80.30953154765541,-4.420105226685678,-4.424,2.6216,1.4971248366010026,1.4293754074219123,1724022780000000000,-0.9776743948055358,0,0,72.0,False,2024-08,0.395640297560887,-0.00696650539937009
ACCEPTANCE:ec-re1-efficient-pullback-ETHUSDT-00000016,ETHUSDT:EFFICIENT_PULLBACK:ETHUSDT:ETHUSDT:5m:PIVOT:LOW:4188:s2:1724023500000000000,ETHUSDT,-1,1724024280000000000,1724023500000000000,2627.24,2632.28,2617.7,1.8928571428569785,2641.615,1.584962500721156,ETHUSDT:15m:PIVOT:LOW:1701:s2:SNAP:1724024280000000000,ObjectKind.HORIZONTAL_SUPPORT,2631.85,2631.86,2632.27,2621.77,AUCTION_ACCEPTANCE,0.5540704738761106,-0.014900082951227842,0.46341463414633244,0.6044657097289361,0.27217496962341264,-0.11311142894932928,0.042585551330812065,-0.0419047619047237,4.952612393681668,0.008325313644103813,0.2570635721493463,0.6074632221026321,9.647630619684127,0.053597431239966443,0.16184264166327136,0.7708900523560294,0.0,0.0,1.20979483785573,0.6098901098902012,-0.2912087912087864,0.7651078380142505,0.8703406026585184,0.3165337754730263,0.530223208770315,0.47501218656931243,0.5893519127631031,0.03595999504804566,-0.01304841149769502,1.868548652202488,5.779689863842586,-1.5963736825790753,-0.8270774701609183,1.0,-0.0,0.5329589482390695,5.7980820429546025,0.0,2.639057329615259,4.822600243013307,-0.10200170542668525,3.246931552213516,0.27563618039807786,0.0,0.0,3.4933171324422765,1.2247873633050808,19.183629969094635,0.6261333333332814,1.8928571428569785,2.318347509112987,0.0,0.0,1.20979483785573,2.501175855761707,10.401767679648595,8.505929999137527,0.0,0.0024301336574041937,2.1249999999999827,0.06230939893537791,,,,,,,,,,,,,,,,,,,0.3302405025501834,-0.05812353093233979,-0.038488887876599494,-0.07462254107273039,79.2062471956001,4.9020177802386575,0.03148420075221771,-0.04565940366724895,0.053984717311352716,28.53003631519968,6.202110671441607,5.853,-1.8515000000000004,1.4299123555153115,1.6638843392542955,1724025000000000000,0.8796244792771896,1,1,12.0,False,2024-08,0.5347883537363542,-0.00024058197058781337
ACCEPTANCE:ec-re1-efficient-pullback-SOLUSDT-00000016,SOLUSDT:EFFICIENT_PULLBACK:SOLUSDT:SOLUSDT:5m:PIVOT:HIGH:5007:s2:1723974600000000000,SOLUSDT,1,1724025120000000000,1723974600000000000,142.548,142.241,144.793,7.312703583062191,141.93099999999998,1.584962500721156,SOLUSDT:15m:PIVOT:HIGH:1660:s2:SNAP:1724025120000000000,ObjectKind.HORIZONTAL_RESISTANCE,142.395,142.405,147.445,142.251,AUCTION_ACCEPTANCE,-0.7144906743184914,-0.005450092722356705,-0.5331905781584332,-0.08895705521471453,-2.4447632711621248,-0.07518594436310395,-0.4201183431952699,-0.5274463007159971,-6.1750358680056765,-0.04623007287875317,-0.3333333333333392,-0.7680593518157,-10.91248206599708,-0.032535677800823455,-0.19014049297535293,-0.8749210360075816,0.0,0.0,1.4952727272726738,0.36986301369864216,-0.6301369863013578,1.0831333535206198,0.8629496791068804,0.2602608581041818,0.2307622340252105,-4.487700894735269,-4.627685356459743,-2.228598959087182,-1.0816767636696762,-2.659001353890952,-6.957746478873189,0.21423808272882727,0.7827106108675128,0.0,1.0,-1.5132600959306697,0.8472978603872036,0.0,6.736966958001855,15.822094691535117,-0.01236926934933373,6.468872863347494,0.8881030105186766,0.0,0.0,1.7704447632712086,0.8809182209468773,21.536605213681565,0.5565908794788491,7.312703583062191,6.441893830703001,0.0,0.0,1.4952727272726738,1.3927576601671332,3.9120238102244342,6.760414691083428,0.0,0.028694404591078526,-2.8732394366197798,-0.11350666558900391,,,,,,,,,,,,,,,,,,,-2.5164301876574737,0.0789440288082375,-0.19186916238510943,0.11668321802200547,-10.444110541349971,-6.234034632696356,0.10514613349988021,-0.21290636587089234,0.16667629299213918,-63.1376669332262,-7.675743638839716,-4.5364,1.9631999999999998,1.4683221902965753,1.3722780426736694,1724025660000000000,-0.9764213749791418,0,0,9.0,False,2024-08,0.08575783272774568,-0.01737545738081276
ACCEPTANCE:ec-re1-efficient-pullback-ETHUSDT-00000017,ETHUSDT:EFFICIENT_PULLBACK:ETHUSDT:ETHUSDT:5m:PIVOT:LOW:5109:s2:1724022600000000000,ETHUSDT,-1,1724038860000000000,1724022600000000000,2641.55,2645.23,2634.38,1.9483695652174977,2645.165,1.584962500721156,ETHUSDT:15m:PIVOT:LOW:1401:s2:SNAP:1724038860000000000,ObjectKind.HORIZONTAL_SUPPORT,2643.6299999999997,2643.64,2645.22,2601.8,AUCTION_ACCEPTANCE,0.02478698683189098,-0.040164341522384274,0.05882352941172537,0.7946210268948144,-0.9279628195197992,-0.11491717109010259,-0.3686153846154095,-0.24016563147004688,-1.307513555383447,-0.0008067927562662022,-0.12818955042527483,-0.4962251201098571,-1.998450813323042,-0.07407215677918175,-0.030596271524121175,-0.8309534776600807,0.0,0.0,1.4300687848018308,0.7717391304347047,-0.2282608695652953,0.963267636059798,0.6690917128919105,-0.016214640903252697,0.7653558869065189,0.23367275880259442,0.23367275880259442,-0.023768611628002353,-0.31936245627287274,-0.5243821272545394,-0.905649962227411,-0.40358069226525983,-0.4018635931560359,1.0,1.0,-1.6023115848029228,3.0757749812275277,0.0,5.605802066295998,6.718048024787029,-0.05879639219575251,6.313974133352933,0.9166378415773135,0.0,0.0,0.5600309837335123,0.5701006971339857,13.931214627774738,0.8619750000000385,1.9483695652174977,1.1107668474051362,0.0,0.0,1.4300687848018308,1.6276041666667014,15.661596596752151,6.366470447731438,0.0,0.0015491866770284107,-0.4176962933439709,-0.08539166471207883,,,,,,,,,,,,,,,,,,,-0.9287138392322182,-0.0003027015122798102,-0.4389637785743902,0.3240466074842855,-14.297807742753577,-1.2874294712152763,-0.022177358382758253,-0.1362256686862395,0.1354188759299732,-7.146958391075486,3.9922727762942145,4.5752999999999995,0.9435999999999999,0.5432991490293215,0.43183601170177643,1724039100000000000,-0.9628799131224058,0,0,4.0,False,2024-08,0.5341907200065353,-0.0029165978490702776
ACCEPTANCE:ec-re1-efficient-pullback-XRPUSDT-00000015,XRPUSDT:EFFICIENT_PULLBACK:XRPUSDT:XRPUSDT:5m:PIVOT:HIGH:4985:s2:1724043300000000000,XRPUSDT,1,1724043780000000000,1724043300000000000,0.5666,0.5658,0.5678,1.4999999999999307,0.56575,1.584962500721156,XRPUSDT:15m:PIVOT:HIGH:1658:s2:SNAP:1724043780000000000,ObjectKind.HORIZONTAL_RESISTANCE,0.566,0.5660999999999999,0.5671,0.566,AUCTION_ACCEPTANCE,0.0999999999999889,0.2047735492175181,0.14285714285714285,0.5000000000000693,1.2999999999999667,0.11923507589971426,0.4482758620689866,0.4736842105262604,0.7000000000000333,-0.12267308326774388,0.06306306306306612,0.5652173913043141,3.900000000000011,-0.013495432331332255,0.06830122591943885,0.6129032258064573,0.0,0.0,1.920000000000007,0.75,0.25,1.1965345992644023,0.7672551527136071,0.051013377363737955,0.9095635739639276,0.0,1.7649135192376875,0.7353237599026566,-0.001423324150639775,0.2766643709825355,-1.2694819819819936,1.0233356290174314,1.9694819819820268,0.0,-1.0,0.20594059405940546,4.454347296253507,0.0,2.1972245773362196,1.3500000000000723,0.10594821686984063,2.811355551023871,0.37037037037039167,0.0,0.0,0.8500000000000166,0.8000000000000222,14.119308153900864,0.8492999999999757,1.4999999999999307,1.1999999999999778,0.0,0.0,1.920000000000007,1.33333333333321,31.838977630753465,7.157735484249907,0.0,0.0999999999999889,0.19651056014687263,0.0462490642091026,,,,,,,,,,,,,,,,,,,1.1002916336165396,0.20120200339937197,0.07130789407367707,0.04792718182603779,8.941456690045868,0.5998941799138594,0.10053858036783925,-0.030166006181478446,-0.09250707708626557,12.007228062280717,-5.7432580218641505,-5.3547,2.6468,0.504620000386503,0.6400896279695231,1724045400000000000,-0.9631144066141627,0,0,27.0,False,2024-08,0.1783829545907009,-0.022444077383869922
ACCEPTANCE:ec-re1-efficient-pullback-ETHUSDT-00000018,ETHUSDT:EFFICIENT_PULLBACK:ETHUSDT:ETHUSDT:5m:PIVOT:LOW:5240:s2:1724044500000000000,ETHUSDT,-1,1724050140000000000,1724044500000000000,2627.7,2632.1600000000003,2617.09,2.378923766815808,2630.995,1.584962500721156,ETHUSDT:15m:PIVOT:LOW:1304:s2:SNAP:1724050140000000000,ObjectKind.HORIZONTAL_SUPPORT,2629.99,2630.0,2632.15,2617.09,AUCTION_ACCEPTANCE,0.11564625850345467,-0.2574181647289399,0.13315926892956345,0.8697478991596928,-0.6122448979591626,-0.22529124836522385,-0.1839237057220662,0.03368176538913059,-1.0068027210883779,-0.041553318168665136,-0.07238343658297341,-0.4090305444886735,1.045351473922966,0.002064745998463029,0.017868909647661364,0.2973509933775009,0.0,0.0,0.9338323753508853,0.9600000000001374,-0.03999999999986256,1.0618336282557523,0.8106216980267371,0.23026049459004244,0.9422613903726798,1.706582209547447,1.7446397525533452,2.066842288160696,-0.5522176645911745,-1.2570250447755753,-3.007511389663935,0.6447801468164127,2.000708668575557,-1.0,1.0,0.48740961987303233,0.8472978603872036,0.0,4.553876891600541,3.1530612244898424,-0.012567581875882954,4.660083334308733,0.7630348795397244,0.0,0.0,0.7471655328798598,1.0113378684808703,16.973018228871222,0.7076044843048548,2.378923766815808,2.4058956916099823,0.0,0.0,0.9338323753508853,1.183294663573111,13.258415626856047,4.74493212836325,0.0,0.002267573696194696,-1.5057283142390032,-0.24655459916804337,,,,,,,,,,,,,,,,,,,-0.6803239636921496,0.06776430482780854,-0.2775036084188889,0.05221236005366342,13.114032739434123,-1.0162367977572562,0.008582524745422305,-0.03811416498600917,-0.003439153182656071,11.491251230122401,6.6648855607776,7.3976,5.1237,0.5674291596023305,0.7935362993522432,1724052120000000000,1.0801412043834877,1,1,33.0,False,2024-08,0.518658745828682,0.0018789057429173753
ACCEPTANCE:ec-re1-efficient-pullback-SOLUSDT-00000017,SOLUSDT:EFFICIENT_PULLBACK:SOLUSDT:SOLUSDT:5m:PIVOT:LOW:5035:s2:1724024100000000000,SOLUSDT,-1,1724050320000000000,1724024100000000000,143.153,143.505,142.257,2.5454545454544792,144.219,1.584962500721156,SOLUSDT:15m:PIVOT:LOW:1704:s2:SNAP:1724050320000000000,ObjectKind.HORIZONTAL_SUPPORT,143.47500000000002,143.485,143.689,141.479,AUCTION_ACCEPTANCE,0.10406504065044453,0.06085220943186038,0.08839779005527941,0.9228486646884002,-1.4634146341463505,-0.0007229594775086081,-0.3182461103253131,-0.18284993694827323,-3.512195121951278,-0.03781369910230481,-0.2173913043478196,-0.6039119804400817,-2.959349593496017,0.0027551701337363605,-0.04608995137763367,-0.6082224909310605,0.0,0.0,1.5675675675675846,0.7374999999998535,0.10000000000010659,0.8692005862291001,0.766611831438375,0.11450387632923803,0.41094428845133174,1.326393519304192,1.326393519304192,1.103070297875164,0.21930894308945958,-1.2842816462972237,-3.014255646544879,-0.1791329878491268,-0.49793947540639927,1.0,-0.0,-2.4407783417935636,3.8712010109078907,0.0,6.082218910376446,8.910569105691273,-0.02947161526126478,6.497607751011755,0.6109489051094854,0.0,0.0,3.4666666666667836,1.14471544715452,24.58907602355549,0.4886215909090856,2.5454545454544792,2.91382113821143,0.0,0.0,1.5675675675675846,1.9883430474603938,5.2856638870880825,7.04141166379481,0.0,0.032520325203223475,-1.105148658448097,-0.27126556947966013,,,,,,,,,,,,,,,,,,,-1.432426395911372,-0.03329318439731106,-0.22768588313830637,0.22696292366079776,-36.259931095283804,-3.5238552628942954,-0.001655533217691463,-0.22922755642081488,0.19141385731851007,-38.493359114504244,5.160694830252943,6.5786,1.6918,0.7380315540894635,0.9801682315960111,1724052900000000000,1.4520700199568766,1,1,43.0,False,2024-08,0.3558607777720651,-0.0044460817437842
ACCEPTANCE:ec-re1-efficient-pullback-ETHUSDT-00000019,ETHUSDT:EFFICIENT_PULLBACK:ETHUSDT:ETHUSDT:5m:PIVOT:LOW:3038:s2:1724054100000000000,ETHUSDT,-1,1724055060000000000,1724054100000000000,2613.91,2615.4900000000002,2609.93,2.5189873417715543,2617.085,1.584962500721156,ETHUSDT:15m:PIVOT:LOW:1752:s2:SNAP:1724055060000000000,ObjectKind.HORIZONTAL_SUPPORT,2615.4599999999996,2615.47,2615.47,2609.2,AUCTION_ACCEPTANCE,0.0023668639053771585,0.45026667530520703,0.005586592178893007,0.6165803108809096,-0.48520710059166183,0.10169594893404901,-0.1493080844865058,-0.5023923444976237,3.720710059171738,0.16805254609176604,0.24670433145009013,0.567889908256881,6.530177514793074,0.07721639357661819,0.1073248531528373,0.7108655616942922,0.0,0.0,1.3981651376146667,0.4687500000000296,0.145833333333432,1.0313262514857937,0.7002534086482562,-0.2638017929824781,0.8014339479214037,-0.01672290671717036,-1.9483710874690363,-0.6004584334999414,-0.785984733370266,-0.4867649091068788,2.7962168299113053,0.001557808515216974,0.9244932292604329,1.0,1.0,0.18432182957908727,6.616065185132817,0.0,2.833213344056216,1.8662721893492042,0.14413695100675364,2.6370825548424244,0.5973367152821695,0.0,0.0,0.7514792899408876,0.3739644970415186,6.044584549584271,1.9858481012653422,2.5189873417715543,0.9420118343195512,0.0,0.0,1.3981651376146667,1.7492811960897237,19.175545539211935,9.324293862052029,0.0,0.0023668639053771585,-0.4883227176220958,-0.0033901526448453204,,,,,,,,,,,,,,,,,,,-0.45435793162300037,-0.031039534153877987,0.0037992972277277525,0.09789665170631971,9.755069858758958,3.6958011464618923,0.013765431974981307,0.04092625898504174,0.1271262871067243,-147.8722317435377,6.101722364508788,7.4677,-0.4814999999999995,0.7096438492433942,0.7440735763868404,1724055360000000000,-0.9475016482122438,0,0,5.0,False,2024-08,0.2689761265492611,-0.019221004643600555
ACCEPTANCE:ec-re1-efficient-pullback-SOLUSDT-00000018,SOLUSDT:EFFICIENT_PULLBACK:SOLUSDT:SOLUSDT:5m:PIVOT:HIGH:5290:s2:1724071200000000000,SOLUSDT,1,1724071680000000000,1724071200000000000,142.905,142.613,143.276,1.2705479452055044,141.548,1.584962500721156,SOLUSDT:15m:PIVOT:HIGH:1772:s2:SNAP:1724071680000000000,ObjectKind.HORIZONTAL_RESISTANCE,142.701,142.71099999999998,143.114,142.465,AUCTION_ACCEPTANCE,0.3529411764705981,-0.06972658394641484,0.8823529411763477,0.7300613496932014,1.0499999999999874,0.06397528321318229,0.27825409197193074,0.4112676056338005,4.455882352941175,0.026437247232423314,0.2635240911462891,0.7643742953776742,0.9235294117646758,-0.016194511726482987,0.01346714702350297,0.7546296296296235,0.0,0.0,1.2908665105386339,0.6219512195121591,-0.15853658536590226,0.5345915543857693,0.6122815306427487,0.1399905433949158,0.44278396932066555,-0.34987054789659133,-0.2798543041282464,-0.048112123305476776,0.21582633053219225,-0.43281570109782563,1.7066238076104536,1.4828157010978131,2.7492585453307212,0.0,0.0,2.7912758550072096,2.7300291078209855,0.0,2.1972245773362196,4.605882352941138,0.06577127827839589,2.282672231504225,0.13346104725415253,0.0,0.0,3.991176470588193,0.8588235294117608,20.43315489311092,0.586680821917805,1.2705479452055044,1.0911764705882518,0.0,0.0,1.2908665105386339,1.278602620087274,1.2914561282262098,5.4116460518550396,0.0,0.029411764705855308,-0.6880341880342665,-0.1397103406659328,,,,,,,,,,,,,,,,,,,1.1186261886659465,-0.06731246464322872,-0.009677159110767148,0.07365244232394944,-8.642797280913328,4.492479389829635,-0.012809361292902255,0.06506372011321321,-0.038626472880789894,-23.481375369183155,-5.243028986587905,-6.1022,-2.3592999999999997,0.581156364069844,0.7130674893277907,1724073360000000000,0.5372570274620722,1,1,28.0,False,2024-08,0.5071660178763826,-0.006902153849437813
REJECTION:h4-liquidity-SOLUSDT-00000119,SOLUSDT:H4_SWEEP:SOLUSDT:1724068800000000000:PREVIOUS_H4_HIGH:118,SOLUSDT,-1,1724075760000000000,1724075700000000000,142.896,143.85299999999998,141.86,1.082549634273751,143.276,5.584962500721156,PREVIOUS_H4:1724068800000000000:PREVIOUS_H4_HIGH:SNAP:1724075700000000000,ObjectKind.HORIZONTAL_SUPPORT,143.27100000000002,143.281,143.068,142.76,AUCTION_REJECTION,0.166871165644196,-0.06778153908553422,0.5151515151514761,8.260059303211165e-14,1.7521472392638138,0.1559739163480197,0.39666666666667294,0.6462686567164266,0.5251533742331784,0.038634771125574376,0.027821112844517375,0.7529963522668125,-4.071165644171629,-0.006511940602464919,-0.06460531952178841,-0.222376329172437,0.0,0.0,1.0,0.1421052631579766,-0.5736842105263693,0.582753319146871,0.563620545973017,0.028856441288517033,-0.0941526415248225,0.9386386537968416,-0.17467589235264924,0.23548740991454895,2.0175973272924943,2.274702414930648,2.1053394593629804,-0.5225551756668343,-1.580186085129802,-0.0,1.0,-2.0431292238377874,0.39147886613342453,0.0,0.6931471805599453,-0.5104294478527405,-0.12464885346573464,0.9361431485990368,0.26356589147284987,0.0,0.0,0.9325153374233416,2.348466257668621,66.97178367484,0.1797799373040764,1.082549634273751,2.5423312883434104,0.0,1.0,1.0,1.0,1.0,4.762173934797756,0.0,0.02453987730059039,2.7972575905974826,0.10613121416749201,,,,,,,,,,,,,,,,,,,1.8103299778997037,-0.06254563673903137,0.269952053480562,-0.11397813713254232,-26.48539151760332,0.4902007238134342,0.034559809663218595,0.06466078659087005,-0.02602601546529567,-63.06208201973362,5.049424605675368,6.2876,-1.8466,1.0040049897833834,0.8801591917845166,1724076240000000000,0.8063203868668577,1,1,8.0,False,2024-08,0.7760441473065167,0.01172723880854401
REJECTION:h4-liquidity-XRPUSDT-00000100,XRPUSDT:H4_SWEEP:XRPUSDT:1724083200000000000:PREVIOUS_H4_HIGH:99,XRPUSDT,-1,1724084460000000000,1724084400000000000,0.585,0.5875,0.5802499999999999,1.8999999999999688,0.5865,5.584962500721156,PREVIOUS_H4:1724083200000000000:PREVIOUS_H4_HIGH:SNAP:1724084400000000000,H4LiquidityKind.PREVIOUS_H4_MIDPOINT,0.58645,0.58655,0.5874,0.5794,AUCTION_REJECTION,-3.312499999999887,-0.3105642762374748,-0.8153846153846033,-0.39999999999998326,-3.1874999999999045,-0.26323093028678474,-0.4594594594594497,-0.47826086956520175,-1.3124999999999567,-0.04498431117006236,-0.08433734939759026,-0.5151515151515023,-1.5624999999999218,0.008005395947614641,-0.027322404371583876,-0.6417910447761113,0.0,0.0,1.0,0.5000000000000555,-0.4999999999999445,1.1904056823813038,0.8017810215627468,0.23412638150970505,0.1399497119520674,0.18256076966038925,0.18256076966038925,-0.19300955671410144,-0.20451365654841425,1.0031889583675389,0.5026172635894033,-4.190688958367444,-1.81511726358936,-0.0,-1.0,0.0,0.08004270767353643,0.0,0.6931471805599453,0.5624999999999913,-0.3165143384152078,2.783000407339902,0.788732394366189,0.0,0.0,0.9375000000000087,1.5624999999999913,42.73504273504372,0.2813999999999935,1.8999999999999688,2.968749999999935,0.0,1.0,1.0,1.0,7.517260949246909,3.091042453358316,0.0,0.062499999999991326,1.152016546018599,0.16269969922240213,,,,,,,,,,,,,,,,,,,-3.0113416622016707,-0.19013385307012748,-0.200705911606313,-0.0625250186804718,-67.21504166893766,-1.1890254381441683,-0.125835984047097,-0.06043461433172786,0.015450303161665534,-163.63720616435984,2.322537379779721,2.3226999999999998,-1.5090000000000001,1.2967662897426258,1.0893025417830442,1724086260000000000,-0.9820662553647942,0,0,30.0,False,2024-08,0.7542178449953516,0.021651946020384567
REJECTION:h4-liquidity-SOLUSDT-00000121,SOLUSDT:H4_SWEEP:SOLUSDT:1724083200000000000:PREVIOUS_H4_HIGH:120,SOLUSDT,-1,1724088360000000000,1724088300000000000,144.284,144.702,143.08100000000002,2.877990430621905,144.578,5.584962500721156,PREVIOUS_H4:1724083200000000000:PREVIOUS_H4_HIGH:SNAP:1724088300000000000,H4LiquidityKind.PREVIOUS_H4_MIDPOINT,144.573,144.583,144.692,144.234,AUCTION_REJECTION,0.2934131736527396,0.09836452415095025,0.3245033112583197,0.6859504132231735,-0.10379241516964766,0.038588608431346635,-0.025365853658533135,-0.19526627218932657,-0.7864271457086085,0.002185073879288755,-0.06137071651090358,-0.5272305909617432,-0.6347305389221349,0.0011170347950150488,-0.010774547672290434,-0.7374517374517278,0.0,0.0,1.0,0.3886010362695514,0.09326424870467466,0.5232482018355336,0.6725184024371798,0.12739970798278963,0.18680952156990743,1.2751063037430566,0.3045555855363258,0.6014616510056526,-0.6213287710293628,-1.1320421411750878,-1.9367511430484672,1.0282497260054402,1.1503239973398587,-0.0,-1.0,-0.07763330309445382,0.3031862589877462,0.0,0.6931471805599453,0.22754491017965361,0.1745997808482775,1.5085129373687656,0.14534883720925526,0.0,0.0,0.5868263473054225,0.8343313373253777,28.97064123534185,0.4148124401913812,2.877990430621905,2.4011976047904136,0.0,1.0,1.0,1.0,1.0,4.465908118654584,0.0,0.019960079840301584,-1.3839662447257342,-0.1138236693775545,,,,,,,,,,,,,,,,,,,-0.11972231141797753,0.015911188343462793,0.04127445326765631,-0.002685844836309674,-9.35739724711837,-0.8391032415953297,0.051600378779524815,0.07596504238824839,-0.07377996850895964,10.39181317448623,4.956803386720887,4.1148,-0.7348000000000001,0.6154767679948164,0.5395995799718629,1724088780000000000,-0.9761837194215955,0,0,7.0,False,2024-08,0.2082288172460133,-0.013191438659304708
REJECTION:h4-liquidity-ETHUSDT-00000118,ETHUSDT:H4_SWEEP:ETHUSDT:1724083200000000000:PREVIOUS_H4_HIGH:117,ETHUSDT,-1,1724090760000000000,1724090700000000000,2601.12,2606.13,2595.5,1.1217564870258774,2603.0,5.584962500721156,PREVIOUS_H4:1724083200000000000:PREVIOUS_H4_HIGH:SNAP:1724090700000000000,ObjectKind.HORIZONTAL_SUPPORT,2602.995,2603.005,2603.3,2601.11,AUCTION_REJECTION,0.09718309859155823,0.13859036296719385,0.18801089918254915,0.9921259842521546,0.02112676056339336,0.07228480558696473,0.0075187969924853165,0.14977307110439098,-1.9577464788732772,-0.1073677456150006,-0.10473176612417202,0.07528885575847888,-4.271830985915537,-0.0646337322052015,-0.0747983920688555,-0.09801469438799448,0.0,0.0,1.0,0.37305699481881643,0.6165803108809096,0.2095611072305771,0.3966675006036827,-0.27982453760211695,0.3415532990939244,1.9405122160287558,2.1408659908439542,0.7934908416662118,0.37120589598888976,-0.038569567695170934,-1.8634740718240508,0.059696328258564295,-0.09427240704922646,-0.0,1.0,-0.589579013792511,0.41925843024050025,0.0,0.6931471805599453,0.04225352112678672,0.26473494350764226,0.3502451887760477,0.005291005290880532,0.0,0.0,0.26478873239438494,0.7056338028169412,19.26093375161553,0.6236227544909907,1.1217564870258774,0.7915492957746426,0.0,1.0,1.0,1.0,1.0,4.844187086458591,0.0,0.0014084507042561136,-0.09826589595373522,0.03505432793365612,,,,,,,,,,,,,,,,,,,0.040820980762714024,-0.019694829339379803,0.06970614232469932,0.0025786632622647188,-8.481452024007297,-2.004405075516347,0.04140893240531474,-0.0784292709255837,-0.028938474689416932,-314.4038825200646,7.78690336968535,6.5449,-6.087,0.6245148346672311,0.7543679178329633,1724091000000000000,0.4217492503986394,1,1,4.0,False,2024-08,0.335211920536924,-0.016034263796010598
REJECTION:h4-liquidity-BTCUSDT-00000127,BTCUSDT:H4_SWEEP:BTCUSDT:1724097600000000000:PREVIOUS_H4_HIGH:126,BTCUSDT,-1,1724100660000000000,1724100600000000000,59136.6,59319.1,58842.2,1.613150684931515,59262.9,5.584962500721156,PREVIOUS_H4:1724097600000000000:PREVIOUS_H4_HIGH:SNAP:1724100600000000000,ObjectKind.HORIZONTAL_SUPPORT,59262.85,59262.950000000004,59251.3,59134.4,AUCTION_REJECTION,1.248192771084349,0.17832609730887744,1.0,0.9761646803900639,0.27309236947791166,-0.07527452203835651,0.07602862254025095,0.6300268096514663,-2.2281124497992084,-0.09718951601326534,-0.15014072310024024,-0.20833333333333193,-4.698795180722891,-0.04226425475787484,-0.07576935032639073,-0.5472822040208469,0.0,0.0,1.0,0.19023136246789663,0.7326478149099983,0.7619145781144948,0.585692113383362,0.02863904195147434,0.08000115444150133,0.12365135772185454,0.14053560606797078,-0.043963492869083604,0.4647835788974458,0.17576187101346052,-2.16674557725965,0.09733049846445113,-0.061366872539558415,-0.0,-0.0,0.5385887826311828,0.18924199963852842,0.0,0.6931471805599453,-0.09317269076304052,0.39814784954905563,1.4844816422357148,0.017120622568070735,0.0,0.0,1.0144578313253245,1.465863453815261,30.860752900910775,0.38944339726027394,1.613150684931515,2.364658634538164,0.0,1.0,1.0,1.0,1.0,3.9512437185814275,0.0,0.0008032128514523756,0.07843137254900936,0.030448055716643035,,,,,,,,,,,,,,,,,,,0.271644033153743,0.00136986053122247,0.06914615816318295,-0.1444206802015387,-17.99403075796846,-2.2747359796099804,0.04138127638179123,-0.09462847113548324,-0.002561044877782012,-33.30425922579039,6.22759878458945,6.3215,0.8107000000000003,0.620831863792646,0.6461162951338266,1724110080000000000,-0.9772102299852374,0,0,157.0,False,2024-08,0.16185661178331484,-0.02096914034298316
ACCEPTANCE:ec-re1-efficient-pullback-BTCUSDT-00000017,BTCUSDT:EFFICIENT_PULLBACK:BTCUSDT:BTCUSDT:5m:PIVOT:LOW:4733:s2:1724104200000000000,BTCUSDT,-1,1724105520000000000,1724104200000000000,59041.4,59108.6,58923.0,1.7619047619048598,59025.95,1.584962500721156,BTCUSDT:15m:PIVOT:LOW:1580:s2:SNAP:1724105520000000000,ObjectKind.HORIZONTAL_SUPPORT,59100.9,59101.0,59133.3,58923.0,AUCTION_ACCEPTANCE,-0.3255813953488581,0.05614839248613102,-0.25054784514247164,0.3221674876847004,-0.4091124822021609,-0.07551295057868693,-0.0971377056569712,-0.2765498652291263,-0.36449928808733423,0.06968518090886539,-0.024099410066525304,0.1959252971137423,-2.3910773611769933,-0.050003833523095544,-0.035758393072610084,-0.11380686352753866,0.0,0.0,1.2696456086286398,0.7630402384500476,0.2369597615499523,0.9474394737135152,1.0144229508085767,0.011030765036405765,0.8696275859896975,1.6470797624523748,0.58266830056386,1.6597280064278639,-0.5703527103093489,-0.5369662134002433,-0.8492445662834494,0.1278537311980824,0.4847452781961151,-1.0,-0.0,0.8168377823408602,5.470869131746186,0.0,3.1354942159291497,0.9772187944944941,0.19244593452555542,3.4096607776913292,1.1500728508985412,0.0,0.0,-0.14665401044142426,0.637873754152783,11.381843926464665,1.0549107142857599,1.7619047619048598,1.1238728049359183,0.0,0.0,1.2696456086286398,1.7041699449252723,15.500411243235819,8.181160858023409,0.0,0.0009492168960469173,-0.6648199445983256,0.003773277040119113,,,,,,,,,,,,,,,,,,,-0.48090472806622386,0.0716428478662785,0.0395385685234812,-0.11505151910216643,6.8537974572002724,-0.43828225805710846,0.07366438500706361,0.05927536139270946,0.01040981951615609,-10.501928360753254,7.374377656735875,6.3359,0.35289999999999994,0.8131696731997842,0.4836540927932971,1724107020000000000,-0.9589973825323372,0,0,25.0,False,2024-08,0.2703298048233131,-0.0182449322001742
ACCEPTANCE:ec-re1-efficient-pullback-ETHUSDT-00000020,ETHUSDT:EFFICIENT_PULLBACK:ETHUSDT:ETHUSDT:5m:PIVOT:HIGH:5510:s2:1724124600000000000,ETHUSDT,1,1724125200000000000,1724124600000000000,2658.97,2655.5099999999998,2676.19,4.976878612716784,2647.295,1.584962500721156,ETHUSDT:15m:PIVOT:HIGH:1744:s2:SNAP:1724125200000000000,ObjectKind.HORIZONTAL_RESISTANCE,2655.98,2655.9900000000002,2661.75,2655.31,AUCTION_ACCEPTANCE,-0.03892493049120243,0.050262151689919335,-0.06840390879480661,0.6009280742458756,1.6478220574605937,0.1635486325432361,0.46471510716152814,0.521514629948326,1.9684893419833043,0.03700639596018013,0.17987804878048608,0.6022889842632051,6.3985171455051155,0.005541522521113996,0.09895654168100199,0.4176530267162566,0.0,0.0,1.2690763052208855,0.43292682926820986,0.04268292682923279,1.0881777409938467,1.1600439408530154,0.06432277333495945,0.6458382953026215,-0.6393044367725143,-0.6158721651905452,-0.4914809380672549,-0.13107497741645688,1.208323813949598,1.1585028431766378,0.43949824351099576,0.8099864988066665,1.0,0.0,-0.9784477662359748,0.2876820724517809,0.0,2.3978952727983707,2.6793327154772895,0.11701544506308735,2.897725513876233,0.192320996195103,0.0,0.0,2.1640407784985665,0.6413345690454213,13.012557494067389,0.9215861271676202,4.976878612716784,3.191844300278093,0.0,0.0,1.2690763052208855,2.0254022015240696,11.36505382918797,2.772588722239781,0.0,0.0018535681186688253,1.1253071253070919,0.1404402183660729,,,,,,,,,,,,,,,,,,,1.6274321792257411,0.023150697675931343,0.31468107565308295,-0.15113244310984514,12.405633692207374,2.012343293090131,-0.03991235182695052,0.16648225568059605,-0.12947585972041575,52.44114078042372,-5.4323372351283705,-4.7936000000000005,1.1650999999999996,0.48842923017239326,0.4163394567183754,1724130960000000000,2.18223466072084,1,1,96.0,False,2024-08,0.09564563769871949,-0.021480717566641824
REJECTION:h4-liquidity-BTCUSDT-00000129,BTCUSDT:H4_SWEEP:BTCUSDT:1724126400000000000:PREVIOUS_H4_HIGH:128,BTCUSDT,-1,1724127660000000000,1724127600000000000,60796.1,60998.0,60501.3,1.460128776622058,60887.0,5.584962500721156,PREVIOUS_H4:1724126400000000000:PREVIOUS_H4_HIGH:SNAP:1724127600000000000,ObjectKind.HORIZONTAL_SUPPORT,60886.95,60887.05,60856.6,60794.0,AUCTION_REJECTION,0.4853458382180398,0.3211308038845623,1.0,0.9519450800915673,-1.4607268464243877,-0.17106267267318448,-0.28963272896327713,-0.023941958887531367,-2.8143806174286556,-0.12238731963347112,-0.24322863897332242,-0.33651158967614014,-10.627588901914717,-0.09879774556541614,-0.16456492799225336,-0.741547131147537,0.0,0.0,1.0,0.7237687366168097,0.18629550321194072,0.5600227388593761,0.7056546152779484,0.15406492886420134,0.10749583631248741,0.6414473684213107,-0.0647545626297763,0.6120211798992947,0.10297110297111949,-1.2203919132406607,-2.3605666588122483,-0.240334933183727,-0.4538139586164074,-1.0,-0.0,1.4447992700729997,0.08004270767353643,0.0,0.6931471805599453,-0.23759280969129568,0.3307835876166494,1.0996945826515396,0.022580645161274674,0.0,0.0,0.710433763188753,1.5779601406799555,33.209367048215505,0.36194383358097804,1.460128776622058,2.304025009769394,0.0,1.0,1.0,1.0,1.7724966761562797,3.091042453358316,0.0,0.000781555295082612,-0.9800569800569338,-0.030774598814970973,,,,,,,,,,,,,,,,,,,-1.4658117315083319,0.0028349819873389522,-0.37339271818660374,0.2023300455134195,106.30566381740536,-2.8680191866706792,0.04527061320271882,-0.2652852566804481,0.14289793704697704,141.68504290450912,5.793311226938158,5.9684,-0.08880000000000064,1.1524256969907078,1.1424331839363637,1724131080000000000,-0.9783687293962271,0,0,57.0,False,2024-08,0.1767774803961964,-0.02048862138069593
REJECTION:h4-liquidity-XRPUSDT-00000103,XRPUSDT:H4_SWEEP:XRPUSDT:1724126400000000000:PREVIOUS_H4_HIGH:102,XRPUSDT,-1,1724129460000000000,1724129400000000000,0.609,0.61,0.6066,2.3999999999999555,0.6095,5.584962500721156,PREVIOUS_H4:1724126400000000000:PREVIOUS_H4_HIGH:SNAP:1724129400000000000,ObjectKind.HORIZONTAL_SUPPORT,0.60945,0.60955,0.6095,0.609,AUCTION_REJECTION,0.1538461538461407,0.1956555880528228,0.33333333333320997,1.0,0.7692307692307889,0.1597105156757022,0.29411764705880816,1.0,-3.0000000000000853,-0.14628094809705183,-0.20207253886010107,-0.37704918032786416,-4.923076923077015,-0.006865497077354646,-0.08205128205128195,-0.6513761467889891,0.0,0.0,1.0,1.0,-0.0,0.5207141398364927,0.525700039881305,-0.13886083121769982,0.5333166188636291,1.6013855514840358,1.6013855514840358,0.8516695940565164,-0.1701207909324202,-1.4619839496979938,-3.2124183006536375,2.2312147189287828,0.21241830065355227,-1.0,-1.0,0.20000000000002538,0.18924199963852842,0.0,0.6931471805599453,0.0,0.475476978357199,0.8249382140614031,-0.0,0.0,0.0,0.38461538461543715,0.7692307692307889,16.42036124794747,0.7313999999999993,2.3999999999999555,1.8461538461538594,0.0,1.0,1.0,1.0,2.6413529796405513,3.9512437185814275,0.0,0.07692307692307035,-1.4640522875816993,-0.11002764521052948,,,,,,,,,,,,,,,,,,,0.6143758762052058,0.1542240311741197,-0.11348038870289434,0.27319090437859633,29.71557586491258,-3.161385230759562,0.15173811098458487,-0.1684853138539295,0.02220436575687773,157.84885518467462,9.48541123213742,8.8816,6.452700000000001,0.6138262765304279,0.6639176409560756,1724129940000000000,1.0675168498576837,1,1,8.0,False,2024-08,0.3532116171395593,-0.008566237036737818
REJECTION:h4-liquidity-ETHUSDT-00000121,ETHUSDT:H4_SWEEP:ETHUSDT:1724126400000000000:PREVIOUS_H4_HIGH:120,ETHUSDT,-1,1724136060000000000,1724136000000000000,2674.43,2679.4300000000003,2656.21,3.6439999999996284,2676.19,5.584962500721156,PREVIOUS_H4:1724126400000000000:PREVIOUS_H4_HIGH:SNAP:1724136000000000000,ObjectKind.HORIZONTAL_SUPPORT,2676.185,2676.195,2674.99,2673.68,AUCTION_REJECTION,0.12513721185514473,0.5236205645420559,1.0,0.5639534883721,0.3688254665203845,-0.01976474816537003,0.13270142180097239,0.7780784844385052,1.1459934138310521,0.05143082466838809,0.0828571428571469,0.8474418604651704,-5.686059275521529,-0.005460823520923612,-0.08827539195637352,-0.12860780984718811,0.0,0.0,1.0,0.4375000000003997,-0.4687500000003775,0.34138525476348136,0.2894287977866724,-0.020682425724695225,-0.16800652719570427,-0.0,-1.2666090065760471,-0.36511312735694074,0.19183370384376183,0.17487394957984193,0.33633053221287257,0.19395151694054258,0.8096628816181796,-1.0,-0.0,0.33726705861393147,0.5108256237659907,0.0,0.6931471805599453,-0.2634467618002889,0.22659394363009783,0.6496651411403188,0.29880478087646806,0.0,0.0,0.3863885839737171,1.0976948408343874,18.695572514518812,0.6424631999999415,3.6439999999996284,4.0000000000000995,0.0,1.0,1.0,1.0,1.0,5.087596335232384,0.0,0.0021953896817164956,0.01680672268907563,0.08531849548477809,,,,,,,,,,,,,,,,,,,0.4058489154711379,-0.037139243235860264,0.14435570864725514,-0.1641204568126262,44.75700168642405,1.2845919817469706,-0.1397154999422305,-0.020589781880992086,0.07202060654938007,58.69433260979662,4.251434508755203,4.3168,-1.5109000000000004,0.8906843558303376,0.7677326218675198,1724142900000000000,1.9030123670258496,1,1,114.0,False,2024-08,0.23308319395609245,-0.010460084970925257
REJECTION:h4-liquidity-XRPUSDT-00000105,XRPUSDT:H4_SWEEP:XRPUSDT:1724140800000000000:PREVIOUS_H4_HIGH:104,XRPUSDT,-1,1724143260000000000,1724143200000000000,0.6119,0.6139,0.6091,1.400000000000011,0.6132,5.584962500721156,PREVIOUS_H4:1724140800000000000:PREVIOUS_H4_HIGH:SNAP:1724143200000000000,H4LiquidityKind.PREVIOUS_H4_MIDPOINT,0.61315,0.61325,0.6126,0.6116,AUCTION_REJECTION,0.6896551724138169,0.33936538008156697,1.0,0.5384615384615778,-0.9655172413793129,-0.05926032341883064,-0.19999999999999366,0.20833333333333237,-2.5517241379311453,-0.10113957583235907,-0.1629955947136616,-0.325581395348838,-1.4482758620690077,0.039415821749153146,-0.025089605734766884,-0.40816326530612157,0.0,0.0,1.0,0.2857142857142404,0.7142857142857596,0.6347581128743792,0.6603202375231654,0.06412806928780058,-0.14351338002848724,1.8267621637357845,3.4562228122603234,0.8982788427512383,-0.13413023270985802,-0.31698281747474033,1.509590556229969,-0.6485344239045726,-4.061314694161114,-1.0,-1.0,-0.43180722891566514,0.1541506798272583,0.0,0.6931471805599453,-0.41379310344824416,0.32897432350415695,1.170080309132335,0.18749999999998698,0.0,0.0,0.8965517241379389,1.3793103448276338,32.685079261317235,0.3677399999999996,1.400000000000011,1.9310344827587025,0.0,1.0,1.0,1.0,1.0,3.7376696182833684,0.0,0.06896551724137404,-0.1887640449437488,-0.007057981754529445,,,,,,,,,,,,,,,,,,,-0.9661492364042567,-0.00047422288012823266,0.01623987238097714,-0.07550019579980793,51.3711414811624,-2.419533206824925,-0.13993697822248813,-0.0038681267254906506,-0.09727144910686837,34.448644527032,5.226062953354038,2.1488,1.498,1.100224306001746,0.9984901804063591,1724145240000000000,0.82636513961246,1,1,33.0,False,2024-08,0.38547767421324736,-0.009278037238096656
ACCEPTANCE:ec-re1-efficient-pullback-XRPUSDT-00000016,XRPUSDT:EFFICIENT_PULLBACK:XRPUSDT:XRPUSDT:5m:PIVOT:HIGH:2079:s2:1724141100000000000,XRPUSDT,1,1724149620000000000,1724141100000000000,0.6072,0.6065,0.6148,10.857142857144126,0.60895,1.584962500721156,XRPUSDT:15m:PIVOT:HIGH:1804:s2:SNAP:1724149620000000000,ObjectKind.HORIZONTAL_RESISTANCE,0.6067,0.6068,0.6148,0.6067,AUCTION_ACCEPTANCE,-0.1600000000000675,-0.037183598805677516,-0.20000000000008883,0.11111111111097394,-0.5600000000000143,-0.14068082400002666,-0.15555555555556871,-0.4736842105263773,-1.2800000000000071,-0.061092063563933145,-0.10256410256410804,-0.6969696969697275,-2.719999999999993,0.0034558960478866594,-0.04347826086956645,-0.7674418604651174,0.0,0.0,1.47058823529411,0.6666666666666666,0.0,0.9976594786816035,0.8849754472086396,0.1497070284907972,0.46140500329904116,0.0,0.7364244750684978,0.46815217437125056,0.6672039499097973,0.8675056872080875,-1.112681067344388,-1.4275056872081018,-0.16731893265561903,1.0,1.0,-1.2400000000000178,7.059044726528363,0.0,4.962844630259907,4.679999999999909,0.026383981182203118,5.522797919999747,1.299145299145303,0.0,0.0,-1.399999999999991,0.5599999999999254,11.52832674571678,1.0403142857144,10.857142857144126,6.079999999999901,0.0,0.0,1.47058823529411,1.9130434782608794,6.719675628003262,9.77440339912459,0.0,0.07999999999998934,1.3418043202032577,0.06168165013034127,,,,,,,,,,,,,,,,,,,-0.6391579869514743,0.07948053223032149,-0.33952512676718494,0.19884430276715853,-34.5474446652716,-1.357206898187834,0.07889037099650377,-0.20255138427569003,0.14145932071175676,-10.569317517017396,-6.068285052674982,-4.2244,2.6689000000000003,0.38273380304951055,0.48329192143616895,1724149920000000000,-0.9592193338885425,0,0,5.0,False,2024-08,0.07702105210697435,-0.017797933810056787
ACCEPTANCE:ec-re1-efficient-pullback-BTCUSDT-00000018,BTCUSDT:EFFICIENT_PULLBACK:BTCUSDT:BTCUSDT:5m:PIVOT:LOW:5623:s2:1724159100000000000,BTCUSDT,-1,1724160780000000000,1724159100000000000,60508.1,60630.0,60355.0,1.2559474979491116,60599.95,1.584962500721156,BTCUSDT:15m:PIVOT:LOW:1281:s2:SNAP:1724160780000000000,ObjectKind.HORIZONTAL_SUPPORT,60591.200000000004,60591.3,60629.9,60355.0,AUCTION_ACCEPTANCE,0.18407310704959284,-0.19957678548314176,0.12623097582809306,0.8680981595092263,-1.3851174934725923,-0.2270233657468549,-0.21275315821135093,-0.1014385835484799,2.627937336814709,-0.04711110487037528,0.1285851165761756,0.13600451467269803,4.4073107049609,-0.00844259819542724,0.06711729622266324,0.43043154761905145,0.0,0.0,2.1959399823477495,0.8640109890109745,0.04258241758239589,0.805553590740229,1.0051194075065095,0.5048728782913444,0.5144438636033903,1.9051821999638285,-1.027852817562236,1.1322150751361335,-0.1387998238683275,-0.6007481075321857,2.950332304770945,-0.7843693859404066,-0.3223949679562357,1.0,-0.0,-0.2087182823682423,0.6931471805599453,0.0,3.367295829986474,3.1977806788511978,-0.10293499418007039,3.722180237664973,0.6250255154113099,0.0,0.0,1.1990861618798994,1.591383812010493,20.146063089074264,0.5962498769483111,1.2559474979491116,1.9986945169712984,0.0,0.0,2.1959399823477495,1.436966824644513,4.404913850988232,3.784189633918261,0.0,0.0013054830287016542,-0.5771971496438008,-0.019730397117758976,,,,,,,,,,,,,,,,,,,-1.4624965628852504,0.07616325708211061,0.01421362574426079,-0.2412369914911151,5.7954419163941395,2.501077476780715,0.12249818419116072,0.11511285543282142,-0.16222396030319663,-12.678856193737431,6.475225313133937,6.8601,3.7872000000000003,0.9301936266582156,0.9838805915252109,1724161020000000000,0.5219820053383718,1,1,4.0,False,2024-08,0.5436449418702352,-0.005452995252141992
ACCEPTANCE:ec-re1-efficient-pullback-ETHUSDT-00000021,ETHUSDT:EFFICIENT_PULLBACK:ETHUSDT:ETHUSDT:5m:PIVOT:LOW:5501:s2:1724159100000000000,ETHUSDT,-1,1724161440000000000,1724159100000000000,2637.13,2647.1600000000003,2617.05,2.001994017946114,2643.185,1.584962500721156,ETHUSDT:15m:PIVOT:LOW:1833:s2:SNAP:1724161440000000000,ObjectKind.HORIZONTAL_SUPPORT,2643.18,2643.19,2647.15,2623.01,AUCTION_ACCEPTANCE,-1.1877934272300368,-0.29421935601172555,-0.3004750593824251,0.3289124668435053,-0.579812206572831,-0.007721083753333785,-0.05403631590462159,-0.16984258492128967,2.356807511737086,0.0048110906895871865,0.10346248969497081,-0.16790736145574736,5.394366197183114,0.039568663132994585,0.07988597650003575,0.28361237950278906,0.0,0.0,1.5936420179681718,0.9438202247191159,-0.052969502407765816,0.8825191908524352,1.2248642333296262,1.0900836269628367,0.5688236024397343,4.554588576108909,4.554588576108909,2.4759508629579656,-1.2789258917994082,-0.4431771313237877,1.9970953446535729,-0.13663507524904323,0.35971216708351306,1.0,-0.0,0.11062948514182025,3.7534179752515073,0.0,3.6888794541139363,4.735915492957693,-0.005276647171879356,4.007407019091058,0.6998760842627054,0.0,0.0,1.4213615023473825,2.3544600938967655,38.03377156226731,0.31610907278164874,2.001994017946114,4.713615023474172,0.0,0.0,1.5936420179681718,1.3953488372092777,7.809303405058274,6.499787040655854,0.0,0.002347417840426831,-0.3065420560747445,0.014085579412212577,,,,,,,,,,,,,,,,,,,-0.5164202052365009,-0.06366370410151877,0.0007424020719675328,-0.00846348582530169,-46.84945554675579,2.381686804695902,-0.02935432086364759,0.050877463616792386,-0.04606637292720525,-107.94115524575432,5.975723294213697,3.7168,0.29429999999999995,1.4170334495561967,1.5428617188390987,1724161620000000000,-0.9804139277111342,0,0,3.0,False,2024-08,0.5151546244065225,0.005461073721939946
REJECTION:h4-liquidity-BTCUSDT-00000134,BTCUSDT:H4_SWEEP:BTCUSDT:1724184000000000000:PREVIOUS_H4_HIGH:133,BTCUSDT,-1,1724184660000000000,1724184600000000000,59528.0,59689.6,59196.9,2.048886138613871,59574.0,5.584962500721156,PREVIOUS_H4:1724184000000000000:PREVIOUS_H4_HIGH:SNAP:1724184600000000000,ObjectKind.HORIZONTAL_SUPPORT,59573.95,59574.05,59636.2,59515.3,AUCTION_REJECTION,0.27966475518303924,-0.05002434616847546,0.17839054586380196,0.8541905855339,-0.20291133656815435,0.06776656231482936,-0.03714470284237743,0.05521071545247158,-2.1588001764446427,-0.06449885142602922,-0.14361171430248132,-0.34429557450263704,-8.269960299956008,-0.052966408643311466,-0.13116359769407315,-0.7162185907573355,0.0,0.0,1.0,0.48048048048049097,0.13813813813820672,0.8186369961508955,0.8681535512539184,0.21409277488390294,0.26006985903294455,0.5543302430821573,0.991334411429845,0.21006692156508722,-0.38871864714563886,-0.15457109218601628,-2.036495213033112,-0.048340244382138076,-0.12230496341153074,-0.0,-0.0,-7.796429685063968,0.040821994520255124,0.0,0.6931471805599453,0.5487428319364613,0.37778650723191626,1.7994010085593517,0.21635434412261872,0.0,0.0,0.4058226731363087,1.425672695191889,27.14688885902408,0.4426396039604,2.048886138613871,2.9210410233789394,0.0,1.0,1.0,1.0,1.2438554508377426,2.4849066497880004,0.0,0.0008822232025215885,-0.10623084780387819,0.04341581970835175,,,,,,,,,,,,,,,,,,,-0.23361359195308973,0.030663045574610238,-0.049217423802384384,0.11698398611721442,-42.405868886419285,-2.185950586307736,0.02270115451017756,-0.1074857121583319,0.042986860732302706,-18.149913317593303,6.167864442518933,5.2583,-0.7832999999999993,0.7655870245268728,0.7439198918558694,1724187900000000000,1.1859746173886847,1,1,54.0,False,2024-08,0.3585744808772775,-0.007001218904204078
REJECTION:h4-liquidity-ETHUSDT-00000125,ETHUSDT:H4_SWEEP:ETHUSDT:1724184000000000000:PREVIOUS_H4_HIGH:124,ETHUSDT,-1,1724184660000000000,1724184600000000000,2604.15,2608.7900000000004,2593.17,2.3663793103446644,2605.67,5.584962500721156,PREVIOUS_H4:1724184000000000000:PREVIOUS_H4_HIGH:SNAP:1724184600000000000,ObjectKind.HORIZONTAL_SUPPORT,2605.665,2605.675,2606.63,2603.16,AUCTION_REJECTION,-0.008171603677214253,-0.20290970381868892,-0.009708737864069098,0.647686832740151,-0.10623084780387819,-0.10258116778671869,-0.024163568773232353,-0.11809523809521738,-1.9897854954035286,-0.04685202131406027,-0.13527777777778022,-0.46194073213246956,-7.305413687436231,-0.08960295448760502,-0.11186886066445609,-0.7783097917165376,0.0,0.0,1.0,0.3208722741432192,0.06230529595009839,0.9782160152633923,0.9143325980021874,0.034928342490254144,0.7042800651202996,0.26879449508743214,0.26879449508743214,-0.15884912642338064,-0.38871864714563886,-0.15457109218601628,-2.036495213033112,0.04834024438213809,0.046709717629583425,-1.0,-0.0,0.7947176272124363,0.040821994520255124,0.0,0.6931471805599453,0.19611848825332787,0.21920960488012936,1.4520336533528946,0.39442231075703205,0.0,0.0,0.3105209397344203,0.9479060265577823,17.81771403337107,0.6740870689654697,2.3663793103446644,2.2431052093973562,0.0,1.0,1.0,1.0,9.229197594903832,2.4849066497880004,0.0,0.0020429009193500135,-0.20291133656815435,0.06776656231482936,,,,,,,,,,,,,,,,,,,-0.20216451571558286,0.09592306034414752,0.09859336411067907,-0.20117453189739942,-4.62203202708622,-1.9923201557222532,-0.001195726014211006,0.06227891252302489,-0.1091309338370853,-19.96848349932634,6.320697357746763,5.7023,0.8007000000000001,0.6241923043155285,0.5223703232813668,1724187180000000000,1.1084713242566542,1,1,42.0,False,2024-08,0.5350845240116913,0.0033433598916972236
REJECTION:h4-liquidity-SOLUSDT-00000124,SOLUSDT:H4_SWEEP:SOLUSDT:1724184000000000000:PREVIOUS_H4_HIGH:123,SOLUSDT,-1,1724184960000000000,1724184900000000000,144.092,144.416,143.727,1.1265432098766275,144.23,5.584962500721156,PREVIOUS_H4:1724184000000000000:PREVIOUS_H4_HIGH:SNAP:1724184900000000000,ObjectKind.HORIZONTAL_SUPPORT,144.225,144.23499999999999,144.209,144.04,AUCTION_REJECTION,-0.040061633281990076,0.1141091774842696,-0.05306122448982244,0.38461538461517764,-0.8104776579353355,0.09019131491041603,-0.21330089213301737,0.018817204301050494,-2.369799691833707,0.06082856838441595,-0.16691990449316893,-0.382736156351811,-5.978428351310042,0.005835593951880134,-0.10012386457473295,-0.7087975412985099,0.0,0.0,1.0,0.49999999999989847,-0.24285714285726176,0.4108866118947804,0.7016470960990522,-0.07575711771654728,0.17712974633490813,0.5998564449005706,-1.755888802036365,0.10588872584642416,0.468586808066246,-0.36808855486876835,-2.1786557428010784,-0.4423891030665672,-0.19114394903262877,-0.0,1.0,0.274398822182203,0.06062462181643484,0.0,0.6931471805599453,-0.06471494607083968,0.3459724761813108,0.8641192292716378,0.27368421052642916,0.0,0.0,0.4252696456085752,0.9984591679506859,22.48563417816283,0.5342740740741007,1.1265432098766275,1.1248073959939124,0.0,1.0,1.0,1.0,1.0,2.833213344056216,0.0,0.03081664098610579,-0.3188720173535427,0.019855515385641762,,,,,,,,,,,,,,,,,,,-0.801577786633447,-0.00964042369426225,-0.260303812992087,0.35049512790250303,-83.84934550754508,-2.347152418037153,-0.02899351744770377,-0.014266461502270263,0.07509502988668622,-136.5648956106824,5.490630062322532,6.0369,0.7270000000000009,0.6903965028425055,0.8408375969198763,1724185980000000000,0.4883670918098592,1,1,17.0,False,2024-08,0.5000484110253298,-0.00795506326990322
REJECTION:h4-liquidity-SOLUSDT-00000126,SOLUSDT:H4_SWEEP:SOLUSDT:1724198400000000000:PREVIOUS_H4_LOW:125,SOLUSDT,1,1724201460000000000,1724201400000000000,142.32,142.026,142.902,1.9795918367347887,142.134,5.584962500721156,PREVIOUS_H4:1724198400000000000:PREVIOUS_H4_LOW:SNAP:1724201400000000000,ObjectKind.HORIZONTAL_RESISTANCE,142.129,142.13899999999998,142.425,142.265,AUCTION_REJECTION,0.14828897338398705,-0.28604634781996197,0.14181818181811792,-0.4930875576036541,1.0874524714829321,0.00745240988254354,0.21153846153845748,0.40875912408757076,-0.7490494296578306,-0.08649235082586701,-0.03951855566700099,-0.16051844466600562,-4.882129277566784,-0.04631985377777451,-0.0730458527705095,-0.512166859791434,0.0,0.0,1.0,0.006711409396005159,-0.2684563758388711,0.5876247883505618,0.7146235861832155,0.20376507964028873,-0.3356316463478116,0.0816441460527173,-0.33422790433057514,0.7204754988531163,0.2860303194903737,1.2676666710221625,0.6192207792207419,-0.18021419953923035,-1.3682702088785725,-1.0,-1.0,0.19260115606938144,0.18924199963852842,0.0,0.6931471805599453,-0.4980988593156072,-0.4731918579471633,0.990703978761446,0.36082474226807243,0.0,0.0,0.7072243346008114,1.1178707224334326,20.65767284991447,0.5802979591837075,1.9795918367347887,2.212927756654044,0.0,1.0,1.0,1.0,1.1289987528117962,3.9512437185814275,0.0,0.03802281368817965,1.4478808705613928,0.0455326130912793,,,,,,,,,,,,,,,,,,,1.027229786373956,0.061316799425507176,-0.2124047581136683,0.21985716799621183,12.359226278686464,-0.7596557496710701,0.011124260947383988,-0.17254948741058712,0.08605713658472011,24.74519453674162,-4.053819731781871,-4.0507,1.1643000000000006,0.5568625221044793,0.6241707083101802,1724201640000000000,-0.9702781781205994,0,0,3.0,False,2024-08,0.3569673363983379,-0.009269732630297563
ACCEPTANCE:ec-re1-efficient-pullback-SOLUSDT-00000019,SOLUSDT:EFFICIENT_PULLBACK:SOLUSDT:SOLUSDT:5m:PIVOT:LOW:5674:s2:1724201700000000000,SOLUSDT,-1,1724202480000000000,1724201700000000000,142.05,142.26999999999998,141.518,2.4181818181821915,142.129,1.584962500721156,SOLUSDT:15m:PIVOT:LOW:1919:s2:SNAP:1724202480000000000,ObjectKind.HORIZONTAL_SUPPORT,142.215,142.225,142.26,141.577,AUCTION_ACCEPTANCE,-0.8013698630137637,-0.3293321236652942,-0.5246636771300671,-0.056179775280976285,0.28082191780820953,0.13059854340782984,0.0516372795969726,-0.3850658857980036,2.1027397260274054,0.10660961538885472,0.11506746626685932,0.2860377358490306,2.664383561643922,0.03896571545368749,0.04307862679955649,0.5136246786632238,0.0,0.0,1.2652388797364111,0.768595041322347,0.23140495867765296,0.6001944438950174,0.5836056604765603,0.08222046460173948,0.6476962358742046,5.884531669936299,5.955041100572656,5.396507420468781,-0.4927162367223171,0.3073305340179099,0.754881133029794,-0.026508616209700353,1.3478585929976115,1.0,1.0,0.1774951830442263,3.4760986898352733,0.0,2.639057329615259,1.8904109589041656,0.09093253468213174,3.164544468180928,0.85688405797105,0.0,0.0,0.2705479452054203,0.7534246575341779,15.487504399857123,0.7754181818182859,2.4181818181821915,1.8219178082192935,0.0,0.0,1.2652388797364111,1.1982039769083315,1.8597742584405874,6.182084906716632,0.0,0.03424657534243609,0.33383915022761024,0.10144731326924243,,,,,,,,,,,,,,,,,,,0.3422248489638242,-0.061483953820970605,0.20242562616678134,-0.0718270827589515,-52.82310195514839,2.1179235313493483,-0.019715216127993734,0.1634495071791955,-0.056839891790340796,-29.433262837255114,7.654452533297773,3.7302,-1.8031,1.0315338644944887,1.16434079434632,1724202660000000000,-0.9649083639454055,0,0,3.0,False,2024-08,0.294661464862271,-0.012484390693875648
REJECTION:h4-liquidity-ETHUSDT-00000128,ETHUSDT:H4_SWEEP:ETHUSDT:1724198400000000000:PREVIOUS_H4_LOW:127,ETHUSDT,1,1724203560000000000,1724203500000000000,2565.94,2554.3199999999997,2580.2,1.2271944922546765,2562.04,5.584962500721156,PREVIOUS_H4:1724198400000000000:PREVIOUS_H4_LOW:SNAP:1724203500000000000,ObjectKind.HORIZONTAL_RESISTANCE,2562.035,2562.045,2566.42,2561.71,AUCTION_REJECTION,0.41951219512202265,-0.07978703680814775,0.3282442748092226,0.7336065573770179,-2.319512195121945,-0.3952858323068126,-0.3112929623567779,-0.03771239121424996,-3.9829268292683633,-0.25217752240566066,-0.175648058513496,-0.22959522229594054,-2.4390243902439566,-0.04014854739043497,-0.034628436872359065,-0.3932584269662852,0.0,0.0,1.0,0.31860465116275183,0.5139534883720798,0.9830815075136865,0.9965188773802144,0.28449540508822735,0.3138721294705993,-1.2859130177256262,3.0900016062329616,-0.6474103481480915,0.4739130434782884,-0.22194293478258315,-1.9495697463768746,-2.0975692603393616,-2.033357082891489,0.0,0.0,-1.668252705986315,0.3031862589877462,0.0,0.6931471805599453,0.08048780487803282,-0.11651455212097823,1.6152983801653051,0.10958904109589183,0.0,0.0,0.9512195121951652,2.834146341463562,45.28554837603508,0.26438519793458765,1.2271944922546765,3.4780487804878244,0.0,1.0,1.0,1.0,3.827020662901917,4.465908118654584,0.0,0.0024390243902971953,0.10507246376821258,-0.1885203962975022,,,,,,,,,,,,,,,,,,,-2.377301306766122,0.06207685981597309,-0.37460348104953467,-0.02068235125727752,-74.00111734668258,-4.002385627841251,0.03207923230289366,-0.20517743998988475,-0.0470000824157758,-51.40555931543389,-4.170043593326733,-0.5127,6.4168,1.5105058020919133,1.6141118223932538,1724204940000000000,0.8164072382640376,1,1,23.0,False,2024-08,0.567192017520701,0.0005414092538369268
ACCEPTANCE:ec-re1-efficient-pullback-BTCUSDT-00000019,BTCUSDT:EFFICIENT_PULLBACK:BTCUSDT:BTCUSDT:5m:PIVOT:LOW:5105:s2:1724195400000000000,BTCUSDT,-1,1724205900000000000,1724195400000000000,59260.8,59346.2,59117.2,1.6814988290399955,59080.149999999994,1.584962500721156,BTCUSDT:15m:PIVOT:LOW:1899:s2:SNAP:1724205900000000000,ObjectKind.HORIZONTAL_SUPPORT,59327.700000000004,59327.8,59353.3,58728.9,AUCTION_ACCEPTANCE,0.037614185921547846,-0.2929802519000416,0.02686108979278528,0.6483091787438771,-1.298226759806597,-0.23892964414578333,-0.37585563161169766,-0.2546963739624719,-2.8608275120903435,-0.08734687076194811,-0.15509205313447122,-0.7235904082955411,0.5943041375604091,0.015211574579884196,0.009505801461108009,-0.3345878810688807,0.0,0.0,1.3823560045828702,0.7439165701042285,-0.16570104287372453,0.7872223869314732,1.0191146907375424,0.38266095485909757,0.8640603094289221,0.15804631851357165,0.40605289439388237,-0.14720391151789988,-0.34136386120115214,-1.725554482660268,-2.8939899149855135,0.42732772285367093,0.03316240289517003,1.0,-0.0,-2.315637381952523,5.3706380281276624,0.0,5.170483995038151,3.7748522299838307,0.028481575323150366,5.00386236530718,1.5143060498220995,0.0,0.0,-1.9414293390651278,0.917786136485705,14.41087531724077,0.8333044496487687,1.6814988290399955,1.5432563138098543,0.0,0.0,1.3823560045828702,1.8015207642815056,5.545582352325349,8.12740456269308,0.0,0.0010746910263142997,-2.095121951219594,-0.27022938127001056,,,,,,,,,,,,,,,,,,,-1.2738324966218284,-0.025719247320059677,-0.28575229204730224,0.04682264790151952,-2.402615399361707,-2.8023066535084684,-0.06496559603225713,0.02328643459388706,-0.11063330535583514,5.728970206266837,6.791595884602097,8.5208,3.1189,1.0599336829689603,0.92506064612404,1724206680000000000,-0.9635296601741178,0,0,13.0,False,2024-08,0.1961402169933021,-0.021031028640358895
ACCEPTANCE:ec-re1-efficient-pullback-SOLUSDT-00000020,SOLUSDT:EFFICIENT_PULLBACK:SOLUSDT:SOLUSDT:5m:PIVOT:LOW:5796:s2:1724211300000000000,SOLUSDT,-1,1724212680000000000,1724211300000000000,142.335,142.489,142.09,1.590909090909158,142.715,1.584962500721156,SOLUSDT:15m:PIVOT:LOW:1800:s2:SNAP:1724212680000000000,ObjectKind.HORIZONTAL_SUPPORT,142.455,142.465,142.479,142.09,AUCTION_ACCEPTANCE,0.36332767402376764,0.32580298140464115,0.4713656387665088,1.0,0.0033955857385561195,0.11502913552136855,0.0011098779134347044,-0.2596401028277544,1.2258064516128722,0.18165850301949316,0.09502500658067277,0.32876712328764934,-0.2682512733446788,0.07600769477936441,-0.004221664083792347,-0.11716276124129288,0.0,0.0,1.3017456359102286,1.0,-0.0,0.9103373649901735,0.7348872813304917,0.14031308944344068,0.649357187108264,1.132495470642647,1.132495470642647,1.119037235143999,-0.06324278438030889,-0.22743289221997684,1.1765186547068152,0.23082847795853295,0.049287796906057,-0.0,1.0,-3.5419550009453653,0.8472978603872036,0.0,3.1780538303479458,2.122241086587441,0.1382132047976684,3.3341339788699873,0.3920000000000073,0.0,0.0,1.2903225806451488,0.5229202037351331,10.819545438577746,1.1097038961039223,1.590909090909158,0.8319185059422924,0.0,0.0,1.3017456359102286,1.4619506966773421,5.942042377901679,3.784189633918261,0.0,0.033955857385368174,-0.4582613701785098,-0.07166362484776365,,,,,,,,,,,,,,,,,,,-0.0339367830843097,0.03733235689452098,0.17469301527613285,-0.059663879754764296,3.111205313768295,1.2201398527571876,0.004114734161183971,0.2107968379274308,-0.029138334907937657,8.124471634740615,6.216610015603585,5.8889000000000005,1.3545,0.35857141721694874,0.5427145075468921,1724212800000000000,-0.9580291320767218,0,0,2.0,False,2024-08,0.25882295557087537,-0.019589271473757466
REJECTION:h4-liquidity-SOLUSDT-00000128,SOLUSDT:H4_SWEEP:SOLUSDT:1724212800000000000:PREVIOUS_H4_HIGH:127,SOLUSDT,-1,1724226060000000000,1724226000000000000,143.002,143.358,142.468,1.50000000000008,143.032,5.584962500721156,PREVIOUS_H4:1724212800000000000:PREVIOUS_H4_HIGH:SNAP:1724226000000000000,ObjectKind.HORIZONTAL_SUPPORT,143.02700000000002,143.037,143.083,142.892,AUCTION_REJECTION,0.1834451901565842,0.027037592025539122,0.19248826291076304,-0.01851851851860631,1.8389261744966392,0.3309262074611157,0.48870392390011574,0.6656716417909835,1.37360178970911,0.23218178321080526,0.08272702775531784,0.7454545454544996,-2.6040268456376667,0.09551022758352647,-0.040733482642777936,-0.08571428571428852,0.0,0.0,1.0,-0.42857142857152947,0.43478260869560614,0.593981697977992,0.91452419336445,-0.1192709958521847,-0.7012578958350346,-0.0,-1.0870144626307088,-0.5495655611020202,0.5005592841163006,-0.061345734961720966,0.8911061588329876,1.9002719094583602,0.48249563087612235,-1.0,-0.0,1.0443070409982065,0.6505875661411493,0.0,0.6931471805599453,0.2281879194630309,0.017196904557179708,1.052503104667687,0.7857142857143002,0.0,0.0,0.13422818791946736,1.5928411633109278,24.894756716688892,0.48262921348315346,1.50000000000008,2.389261744966519,0.0,1.0,1.0,1.0,2.043683047455399,5.402677381872279,0.0,0.04474272930644673,-0.9363057324841336,0.2079648242609798,,,,,,,,,,,,,,,,,,,1.9202728800824296,-0.0839842687625081,0.256960326513183,0.07396588094793266,35.997421965650034,1.5634489028291523,-0.19131944631156797,0.14659898947272684,0.08558279373807842,22.766928200486092,5.375168949438569,5.108899999999999,-0.7970000000000004,0.8523697952992537,1.0978997711854261,1724226480000000000,0.7742110457131081,1,1,7.0,False,2024-08,0.7564883289348794,0.009952333059202213
REJECTION:h4-liquidity-BTCUSDT-00000140,BTCUSDT:H4_SWEEP:BTCUSDT:1724241600000000000:PREVIOUS_H4_LOW:139,BTCUSDT,1,1724248260000000000,1724248200000000000,59111.2,58962.6,59475.5,2.4515477792732603,59058.0,5.584962500721156,PREVIOUS_H4:1724241600000000000:PREVIOUS_H4_LOW:SNAP:1724248200000000000,H4LiquidityKind.PREVIOUS_H4_MIDPOINT,59057.95,59058.05,59133.0,59064.2,AUCTION_REJECTION,0.7205387205386996,0.0897148295435233,0.9639639639640466,0.4936120789778564,-0.840628507295204,-0.043375649397120984,-0.07817555578749653,0.3494342906875523,-4.692480359147168,-0.09266063938969077,-0.17709348129950625,-0.19339315905840038,-1.1997755331089024,-0.042383614086814195,-0.018416111082399027,-0.2084237396298697,0.0,0.0,1.0,0.09738372093018614,0.2688953488371979,0.5620366278391298,0.71399571195591,0.11126866091914336,-0.14249264640252338,1.8104753766889914,1.6475515702896182,1.9001027133312915,1.3031986531987054,-2.0335171048910974,-7.408184902459688,1.1928885975958934,2.71570454331252,1.0,0.0,-2.717662951705533,0.37729423114146804,0.0,0.6931471805599453,-0.06958473625137139,-0.05388951723184079,0.9901634684201781,0.2906666666667055,0.0,0.0,0.5970819304152408,1.6677890011223453,25.139059941263003,0.4767448183041768,2.4515477792732603,4.088664421997855,0.0,1.0,1.0,1.0,1.0,4.718498871295094,0.0,0.0011223344557331357,-2.8040712468192885,-0.0710691823899371,,,,,,,,,,,,,,,,,,,-0.8483887139510883,0.008292338794789071,-0.09207895867903869,0.04870330928191749,42.650222212543554,-4.7124234713905295,0.036460485937904734,-0.1459937765809775,0.05333313719128674,25.08731491461802,-2.8534165996485505,-4.2418000000000005,-1.1276,1.9086817756080836,1.9831858531126878,1724248680000000000,1.4063795428909533,1,1,7.0,False,2024-08,0.14263006660682576,-0.02022053582208199
ACCEPTANCE:ec-re1-efficient-pullback-XRPUSDT-00000017,XRPUSDT:EFFICIENT_PULLBACK:XRPUSDT:XRPUSDT:5m:PIVOT:HIGH:5983:s2:1724267400000000000,XRPUSDT,1,1724267880000000000,1724267400000000000,0.6034,0.6018,0.6054,1.2499999999999654,0.60195,1.584962500721156,XRPUSDT:15m:PIVOT:HIGH:1991:s2:SNAP:1724267880000000000,ObjectKind.HORIZONTAL_RESISTANCE,0.6024,0.6025,0.6052,0.6019,AUCTION_ACCEPTANCE,-0.1379310344827375,-0.11757944463843542,-0.16666666666663582,0.764705882352972,0.06896551724144531,-0.030621381629495438,0.013698630136999635,-0.028571428571394164,2.89655172413787,0.04073528457444571,0.18260869565217425,0.47058823529413685,7.999999999999694,-0.0062606811740043376,0.1404358353510891,0.766233766233777,0.0,0.0,1.2380952380952481,0.333333333333358,0.666666666666642,1.2856089732722986,1.1060750098697247,0.2716882843837414,0.30322708077434235,1.6575501408944149,1.6575501408944149,1.0901329028426177,-0.7030243719334104,0.3668203239679863,2.755221343771711,-0.29785480672654097,0.1413303803661594,1.0,-1.0,-0.8107042253521002,0.8472978603872036,0.0,2.1972245773362196,2.241379310344714,-0.08303636265274765,2.669909658737099,0.5538461538461312,0.0,0.0,1.0,1.1034482758620532,26.51640702684862,0.45194999999998703,1.2499999999999654,1.3793103448275281,0.0,0.0,1.2380952380952481,1.3333333333333592,4.497203989463717,3.367295829986474,0.0,0.06896551724136875,0.6646751306945273,-0.03232225224187829,,,,,,,,,,,,,,,,,,,0.06893695551830836,3.427709751883463e-05,0.034845623170699974,-0.06546700480019527,40.248613852043036,3.0440815650305812,-0.13740201017185397,-0.012607488625434364,0.05334277319988003,40.04028849340813,-4.920514354010974,-7.6614,0.6493999999999999,0.8195774582425835,1.0009200149035675,1724268000000000000,-0.9746838965201677,0,0,2.0,False,2024-08,0.6599689228586832,0.0021244075688783403
ACCEPTANCE:ec-re1-efficient-pullback-ETHUSDT-00000022,ETHUSDT:EFFICIENT_PULLBACK:ETHUSDT:ETHUSDT:5m:PIVOT:HIGH:5251:s2:1724285700000000000,ETHUSDT,1,1724287740000000000,1724285700000000000,2630.79,2629.49,2639.28,6.530769230768499,2628.445,1.584962500721156,ETHUSDT:15m:PIVOT:HIGH:1519:s2:SNAP:1724287740000000000,ObjectKind.HORIZONTAL_RESISTANCE,2629.78,2629.7900000000004,2639.28,2628.03,AUCTION_ACCEPTANCE,-0.5534979423868539,-0.36773718889771906,-0.6299765807962684,-0.38424821002389176,-0.5720164609054027,-0.1800153169411435,-0.17440401505647368,-0.7361963190184178,1.1995884773662648,-0.06531552990882943,0.08992750269936403,-0.13806970509385996,0.23456790123454654,-0.011058462675030752,0.00401493273226688,-0.1062194269741431,0.0,0.0,1.3478812484141178,0.3816425120772469,-0.6086956521737507,0.9364604944337143,0.7342693569368458,0.2601299273582923,0.2508584997710502,1.7868548313515475,0.49580220576883605,2.151589757042292,-0.2932023195876468,-0.493912010521438,0.6586177680948933,-0.07810445038396469,0.5409707092713716,-1.0,0.0,0.14196189576445128,5.585999438999818,0.0,3.5553480614894135,2.2294238683128107,-0.08109664823079155,3.6392472349348517,0.7835717581910667,0.0,0.0,0.48251028806581236,0.2674897119341993,4.941481456141243,2.4278215384611985,6.530769230768499,1.7469135802469982,0.0,0.0,1.3478812484141178,1.6149455111573585,3.909037883076847,8.299037181613066,0.0,0.0020576131687692354,-0.41580756013747333,-0.04025844256254207,,,,,,,,,,,,,,,,,,,-0.5447219420754384,-0.026992501872417415,-0.3819822363327251,0.20196691939158262,14.66919735406691,1.1570387509574243,0.04388087602671591,-0.1894497836539929,0.12413425374516358,20.41624744363091,-3.9481701664789703,-6.0861,-2.8718,1.3913891273354915,0.793284337429988,1724288160000000000,-0.9442540441302987,0,0,7.0,False,2024-08,0.15342253103783235,-0.019683226770631286
REJECTION:h4-liquidity-ETHUSDT-00000136,ETHUSDT:H4_SWEEP:ETHUSDT:1724284800000000000:PREVIOUS_H4_LOW:135,ETHUSDT,1,1724293260000000000,1724293200000000000,2619.23,2615.79,2627.7,2.4622093023254843,2618.0,5.584962500721156,PREVIOUS_H4:1724284800000000000:PREVIOUS_H4_LOW:SNAP:1724293200000000000,ObjectKind.HORIZONTAL_RESISTANCE,2617.995,2618.005,2620.98,2617.75,AUCTION_REJECTION,-0.12514484356894212,0.3270704261060366,-0.124423963133628,-0.20430107526876462,-0.9965237543453891,-0.006884996079367923,-0.23193096008631015,-0.1634146341463628,-1.6176129779838466,-0.04327212294083479,-0.1088244465232294,-0.4884414615958429,-3.0405561993048473,-0.0222411504929912,-0.05232511765175005,-0.7219294689906859,0.0,0.0,1.0,0.7116564417176545,0.10429447852764502,0.6171040265278046,0.6417957708522478,0.21727532287805773,0.16556035055717866,0.038179305290597654,0.9273356947392397,0.625821955451973,-0.6836473213521554,-0.9688501124668161,-1.4801619687362266,-0.02767364187857302,-0.13745100924762,0.0,1.0,-1.3771134020618907,0.4595323293784402,0.0,0.6931471805599453,0.05793742757821785,-0.06749966880248687,1.1000970883405257,0.5872483221476474,0.0,0.0,0.285052143684836,0.7972190034762903,13.133630876250098,0.9130848837209157,2.4622093023254843,1.9629200463499743,0.0,1.0,1.0,1.0,1.0,4.955827057601261,0.0,0.0023174971031793,-0.9411764705882429,-0.09510932462373259,,,,,,,,,,,,,,,,,,,-1.1179194620844244,0.12221281201268108,-0.09353640465335773,0.08665140857399156,8.231825615343524,-1.6726426386784363,0.057181231780528995,-0.054449238066562065,0.011177115125727478,-7.767446377719978,-3.796516773496572,-4.4807,0.1289999999999999,0.47464790675639357,0.671331847695768,1724293560000000000,-0.9617236130403124,0,0,5.0,False,2024-08,0.5230523242674248,-0.0001143855612531653
REJECTION:h4-liquidity-XRPUSDT-00000111,XRPUSDT:H4_SWEEP:XRPUSDT:1724299200000000000:PREVIOUS_H4_HIGH:110,XRPUSDT,-1,1724307660000000000,1724307600000000000,0.6,0.6023,0.5963499999999999,1.5869565217391703,0.601,5.584962500721156,PREVIOUS_H4:1724299200000000000:PREVIOUS_H4_HIGH:SNAP:1724307600000000000,H4LiquidityKind.PREVIOUS_H4_MIDPOINT,0.60095,0.60105,0.6014,0.5996,AUCTION_REJECTION,2.0,0.6245197592746915,1.0,0.6521739130435118,4.0,0.4201955658160655,0.6428571428571457,0.8095238095238296,-2.9999999999998765,-0.026339625538029432,-0.16981132075471198,0.1428571428571429,-1.555555555555487,0.059928205504532366,-0.021671826625385922,-0.3495934959349576,0.0,0.0,1.0,0.6153846153846483,-0.23076923076921105,2.126213171085845,1.4128315448851503,0.5485510159075188,0.47231794971770524,-0.0,-2.707876913990992,-0.7127732357107274,0.9992936054205813,1.2995926892820473,-0.2923335208980892,2.700407310717953,-2.7076664791017873,-0.0,-1.0,0.5836177474402269,0.4595323293784402,0.0,0.6931471805599453,0.444444444444513,0.653765609516861,2.2537100725650387,0.28571428571426305,0.0,0.0,1.1111111111110974,2.555555555555487,38.33333333333282,0.3136434782608738,1.5869565217391703,4.055555555555549,0.0,1.0,1.0,1.0,402.66632080073265,4.955827057601261,0.0,0.11111111111109741,0.8014888337469082,0.07200658483407661,,,,,,,,,,,,,,,,,,,3.9867228443143965,0.0013249407172140635,0.39051463795714236,0.029680927858923123,-33.811653227147076,-2.782651450705405,-0.22411886788516353,0.010436978230358277,-0.03677660376838764,136.3534040626746,5.273217850262357,5.846500000000001,2.4816000000000003,0.9632814529833593,0.9861366078779246,1724311020000000000,-0.9805282422161313,0,0,56.0,False,2024-08,0.358170776386901,-0.008660037856901812
ACCEPTANCE:ec-re1-efficient-pullback-BTCUSDT-00000020,BTCUSDT:EFFICIENT_PULLBACK:BTCUSDT:BTCUSDT:5m:PIVOT:HIGH:6126:s2:1724312400000000000,BTCUSDT,1,1724312940000000000,1724312400000000000,60845.9,60775.200000000004,60925.6,1.1272984441301326,60177.45,1.584962500721156,BTCUSDT:15m:PIVOT:HIGH:1673:s2:SNAP:1724312940000000000,ObjectKind.HORIZONTAL_RESISTANCE,60779.0,60779.1,60848.7,60761.0,AUCTION_ACCEPTANCE,0.45577395577392976,0.21234223403442598,0.5955056179774073,0.9237057220709577,1.622850122850076,0.2418170454127658,0.46993952330126487,0.9596832253420338,1.1277641277641433,0.11527152638056434,0.0905325443786985,0.9671939074400038,5.414004914004871,0.01502077358043647,0.09034996002214105,0.6984487325009561,0.0,0.0,1.4849002849003008,0.7864476386038028,0.09856262833682129,1.3109682935576903,1.0077349938602562,0.20083061488594328,0.5736258459039233,0.8937361238592345,1.7663871105633167,1.841671624155126,0.5228903736698415,1.3158629312475192,1.401160170390955,0.30698719160255683,-0.27339604262681183,1.0,1.0,-0.1431115258256641,1.5404450409471488,0.0,2.302585092994046,8.24631449631435,0.21352950463488524,2.6091330554780443,0.004171322160142472,0.0,0.0,8.211916461916369,0.8685503685503173,11.619517502411352,1.0321451202263507,1.1272984441301326,0.9791154791154258,0.0,0.0,1.4849002849003008,1.6527545909849348,20.60921503116537,4.174387269895637,0.0,0.0012285012284833296,1.0088757396449626,0.048469425535112715,,,,,,,,,,,,,,,,,,,1.5363476961093918,0.08826663182915907,0.16508783752623976,0.07672920788652476,0.33210148771445347,1.1719800282252855,-0.04336429833086836,-0.13513606062243885,0.25040758700300325,9.08707181949353,-3.984519220670002,-3.5115,2.1952000000000003,0.6171022870203391,0.484905212535665,1724313420000000000,0.2070303621694384,1,1,8.0,False,2024-08,0.2762333640846898,-0.020335003281200813
REJECTION:h4-liquidity-ETHUSDT-00000138,ETHUSDT:H4_SWEEP:ETHUSDT:1724313600000000000:PREVIOUS_H4_HIGH:137,ETHUSDT,-1,1724324460000000000,1724324400000000000,2638.37,2644.01,2629.23,1.620567375886408,2641.95,5.584962500721156,PREVIOUS_H4:1724313600000000000:PREVIOUS_H4_HIGH:SNAP:1724324400000000000,ObjectKind.HORIZONTAL_SUPPORT,2641.9449999999997,2641.955,2641.93,2637.68,AUCTION_REJECTION,-0.24227441285537715,-0.40208998341943936,-0.12098765432099126,0.7009063444109371,-0.6007416563658325,-0.3074067202336307,-0.11801845556094052,-0.08752025931927987,-3.8244746600740473,-0.19276612638135146,-0.2458286985539463,-0.5608424336973372,-3.0358467243509333,-0.04029162759305662,-0.05403978172856806,-0.5608424336973372,0.0,0.0,1.0,0.6132075471697972,-0.26415094339615763,0.5692404340049215,0.7642545987481748,0.22238511025342994,0.5368256799285069,2.438612068744739,0.8803522797662389,2.4587484368538846,0.0035253832468237073,-0.8855670103092559,-4.235948670243241,0.28482535394342334,0.4114740101691936,1.0,1.0,-2.4535899283043654,0.5596157879354227,0.0,0.6931471805599453,-0.004944375772554128,0.2898830296445934,1.301472703301109,0.1615925058548144,0.0,0.0,0.885043263287976,1.3943139678616134,21.37683493975571,0.5619553191489035,1.620567375886408,2.2595797280592604,0.0,1.0,1.0,1.0,1.0142115170351877,5.204006687076795,0.0,0.0024721878863332753,-1.0,-0.21188783153630283,,,,,,,,,,,,,,,,,,,-0.709570437169155,0.10855196231548395,-0.5879134129466258,0.2805066927129944,-51.519878646910655,-3.8687230655455527,0.032992039209153314,-0.2765295929251296,0.08376346654377806,-42.41117111074999,6.756665452598565,3.9379999999999997,-0.030100000000000134,1.3923415812433058,1.364374361032146,1724330040000000000,0.7749430793104414,1,1,93.0,False,2024-08,0.41602715841634164,-0.008226144079512157
REJECTION:h4-liquidity-SOLUSDT-00000135,SOLUSDT:H4_SWEEP:SOLUSDT:1724328000000000000:PREVIOUS_H4_HIGH:134,SOLUSDT,-1,1724328360000000000,1724328300000000000,144.399,144.838,143.6515,1.7027334851936544,144.722,5.584962500721156,PREVIOUS_H4:1724328000000000000:PREVIOUS_H4_HIGH:SNAP:1724328300000000000,H4LiquidityKind.PREVIOUS_H4_MIDPOINT,144.717,144.727,144.828,144.259,AUCTION_REJECTION,1.05533596837943,0.12357526416074831,0.4810810810810678,0.5079086115992596,0.035573122529589433,0.018913372322693155,0.006333567909912737,0.5079086115992596,-3.2411067193675605,-0.0186426988792478,-0.1826280623607999,-0.3539156626506008,-4.660079051383406,-0.00591970617262607,-0.07910097282791052,-0.6181575433911888,0.0,0.0,1.0,0.30769230769235717,-0.5746606334843253,1.2737749518673869,0.9674388564188884,0.0033808153820431563,0.42307296660093685,-0.6233118637033463,0.4145421309975639,-1.0308649456300385,0.6266206120031806,0.039578328819253744,-1.5588435203080864,-0.004005206289664311,-1.682263199059474,-1.0,1.0,-0.8323903689462562,0.02061928720273568,0.0,0.6931471805599453,0.41897233201578854,0.340270756787414,1.7641740357216797,0.30237580993522256,0.0,0.0,1.2766798418972622,1.7351778656126196,30.401872589144862,0.3953125284738103,1.7027334851936544,2.954545454545462,0.0,1.0,1.0,1.0,18.777981889358053,1.9459101490553132,0.0,0.03952569169956878,0.04358353510891805,0.18217289092051855,,,,,,,,,,,,,,,,,,,0.11849829494909972,-0.08292628096201317,-0.07806280371416668,0.09697617603685985,-11.366568553956569,-3.3677164124135284,0.11737205246559139,-0.1396750688032176,0.12103236992396979,3.119691131185931,4.504578042224816,6.2631000000000006,0.6855000000000001,1.3213735179922663,1.140186073369334,1724329980000000000,1.0082225951108084,1,1,27.0,False,2024-08,0.7431891222342653,0.014323491810015802
REJECTION:h4-liquidity-XRPUSDT-00000114,XRPUSDT:H4_SWEEP:XRPUSDT:1724328000000000000:PREVIOUS_H4_LOW:113,XRPUSDT,1,1724330160000000000,1724330100000000000,0.5981,0.5969,0.6018,3.0833333333334183,0.5978,5.584962500721156,PREVIOUS_H4:1724328000000000000:PREVIOUS_H4_LOW:SNAP:1724330100000000000,H4LiquidityKind.PREVIOUS_H4_MIDPOINT,0.59775,0.59785,0.5987,0.5973,AUCTION_REJECTION,-0.7368421052631886,-0.15819712415755582,-0.36842105263161584,0.2222222222221948,-0.9473684210526377,-0.08778253913095453,-0.2,-0.2142857142857284,-4.631578947368464,-0.05411060992658682,-0.25000000000000155,-0.6811594202898588,-2.5263157894737396,0.02655795519315264,-0.04109589041096062,-0.7500000000000031,0.0,0.0,1.0,0.125,0.875,0.9876792986419163,0.918169842981359,0.28991254734608685,-0.15657112073700669,0.0,1.1569708628444975,0.3626764897764916,-1.9823386406436923,-0.9670928734265025,-3.499039431088466,0.019724452373864776,-1.1325395162799978,0.0,0.0,-1.3594936708860692,0.13613217432458,0.0,0.6931471805599453,0.5263157894736227,0.06715962270477736,1.8514901516352091,0.6666666666667078,0.0,0.0,0.3157894736841736,1.2631578947368114,20.063534525998644,0.5975000000000105,3.0833333333334183,3.8947368421052753,0.0,1.0,1.0,1.0,6.2005640687421675,3.6109179126442243,0.0,0.10526315789472454,-0.9868173258003674,-0.1415687842063383,,,,,,,,,,,,,,,,,,,-1.261471012856458,0.3148146610254788,-0.013379115184614414,-0.07440342394633992,1.4760889284204382,-4.508620273850935,-0.1060053641302583,-0.13918588668824208,0.08507527676165524,57.550034344018286,-3.6435474112439525,-3.7116,2.1696000000000004,1.2415291378010527,1.2414050877928118,1724330760000000000,-0.9697442141631916,0,0,10.0,False,2024-08,0.4022064205595971,0.0009853793704050519
REJECTION:h4-liquidity-BTCUSDT-00000147,BTCUSDT:H4_SWEEP:BTCUSDT:1724356800000000000:PREVIOUS_H4_HIGH:146,BTCUSDT,-1,1724361060000000000,1724361000000000000,60497.6,60558.4,60327.45,2.798519736841995,60554.9,5.584962500721156,PREVIOUS_H4:1724356800000000000:PREVIOUS_H4_HIGH:SNAP:1724361000000000000,H4LiquidityKind.PREVIOUS_H4_MIDPOINT,60554.85,60554.950000000004,60510.3,60482.9,AUCTION_REJECTION,0.17571059431524547,0.1541857109346678,0.23676880222840266,0.06940874036000677,-0.6997416020671534,-0.04015735020775077,-0.10416987228803844,0.4170367379895201,-1.3984496124030557,0.0018536748192190904,-0.09460876861757526,-0.12708281522009135,-1.0397932816537316,-0.024520965626737192,-0.015377560379088656,-0.38754144128424195,0.0,0.0,1.0,0.5915492957744988,-0.3990610328634536,0.29007521749865445,0.4689321786159035,-0.057740988660239634,0.2570738298414794,0.016529554015543013,0.016529554015543013,-0.5073749310669465,0.16476391825230402,-0.4132957481794547,-0.8810429880197315,-0.2864458538876987,-0.5174066243833242,-0.0,-1.0,-1.0274638744161741,0.25593337413720063,0.0,0.6931471805599453,-0.4609819121446878,-0.09513953058584358,0.5135687806059419,0.20416666666662625,0.0,0.0,0.5922480620155339,0.6284237726098492,10.049985453968903,1.194631578947311,2.798519736841995,1.758656330749369,0.0,1.0,1.0,1.0,1.0,4.276666119016055,0.0,0.0010335917313263128,-0.12684989429175603,-0.18024464510404553,,,,,,,,,,,,,,,,,,,-0.7471309497597111,0.04699753150741875,-0.20900115235394115,0.16884380214619102,-13.056187133244634,-1.3408825389522043,-0.059133191884570384,-0.13032049741524673,0.13217417223446576,-8.382700509574903,5.121651248018999,6.7014,2.912899999999999,1.144841596546391,1.0502433775580706,1724361900000000000,-0.956627392973633,0,0,14.0,False,2024-08,0.41754972982355654,-0.006944345620087286
REJECTION:h4-liquidity-SOLUSDT-00000138,SOLUSDT:H4_SWEEP:SOLUSDT:1724356800000000000:PREVIOUS_H4_HIGH:137,SOLUSDT,-1,1724362860000000000,1724362800000000000,143.381,143.63899999999998,142.943,1.6976744186047281,143.556,5.584962500721156,PREVIOUS_H4:1724356800000000000:PREVIOUS_H4_HIGH:SNAP:1724362800000000000,H4LiquidityKind.PREVIOUS_H4_MIDPOINT,143.55100000000002,143.561,143.488,143.38,AUCTION_REJECTION,0.46389496717722545,0.24126250962278675,0.9814814814813938,0.9836065573769728,-0.45514223194754866,-0.016258473365711762,-0.12871287128714196,0.5081967213115146,-2.7527352297592973,-0.07433531919471752,-0.16671084018022564,-0.40590405904058713,-2.0919037199125396,-0.022053466021257233,-0.03120104438642332,-0.5309541150764676,0.0,0.0,1.0,0.9904761904761467,-0.009523809523853349,0.3642745179331647,0.7586257444909275,0.15441243560615148,0.22266242220512933,1.4907402765729216,1.6996451969819582,1.3760727607417356,0.5118601747815131,-0.2300679948751453,-2.411069754844946,-0.22507423707240337,-0.3416654749143513,-0.0,-0.0,-0.9056179775280935,0.3483066942682158,0.0,0.6931471805599453,-0.2975929978118731,0.5586987270155587,0.4523086567260225,0.005681818181844791,0.0,0.0,0.7658643326039991,1.1291028446388838,17.994015943533757,0.6674883720930714,1.6976744186047281,1.9168490153172617,0.0,1.0,1.0,1.0,1.0,4.624972813284271,0.0,0.043763676148757306,-0.004993757802741889,0.09081929317207943,,,,,,,,,,,,,,,,,,,-0.6563911107858358,0.20108373250146924,0.02508832737529156,-0.04134680074100332,-11.160757277579592,-2.7614687294381195,0.002677777326901545,0.0756522330468009,-0.1499875522415184,-27.430905151977214,6.162458499169299,5.0024,1.4801000000000002,0.5654605708114671,0.7518282048747715,1724371740000000000,-0.9530752301259384,0,0,148.0,False,2024-08,0.3839638835422988,-0.010474610822180213
REJECTION:h4-liquidity-XRPUSDT-00000117,XRPUSDT:H4_SWEEP:XRPUSDT:1724371200000000000:PREVIOUS_H4_HIGH:116,XRPUSDT,-1,1724374260000000000,1724374200000000000,0.5985,0.5996,0.5964,1.9090909090909183,0.5994,5.584962500721156,PREVIOUS_H4:1724371200000000000:PREVIOUS_H4_HIGH:SNAP:1724374200000000000,H4LiquidityKind.PREVIOUS_H4_MIDPOINT,0.59935,0.59945,0.5995,0.5985,AUCTION_REJECTION,-0.1428571428571202,-0.12627008210172525,-0.07692307692307693,0.8181818181818366,-3.1428571428569616,-0.18765348175659657,-0.3666666666666494,-0.37499999999999556,-1.4285714285713607,-0.060227802141691024,-0.06849315068492713,-0.39393939393940824,-4.714285714285601,-0.07331296390455584,-0.07006369426751347,-0.6078431372549011,0.0,0.0,1.0,0.749999999999896,0.2500000000001041,1.233468451490582,1.079538140905536,0.5880403682311808,0.7657774156803491,1.8876970597014875,3.0845643431676173,0.9434758854065202,1.0490848585690278,-2.243225165334298,-5.875563530421536,-0.8996319775226636,4.446992101850175,-1.0,1.0,-1.5090909090910194,0.18924199963852842,0.0,0.6931471805599453,0.1428571428571202,-0.11752280764920978,1.9904464279218286,-0.0,0.0,0.0,1.2857142857142403,1.5714285714284808,18.379281537176105,0.6535090909090969,1.9090909090909183,2.9999999999998415,0.0,1.0,1.0,1.0,32.49843199072213,3.9512437185814275,0.0,0.1428571428571202,-2.1098169717139417,-0.14231119064365752,,,,,,,,,,,,,,,,,,,-3.1470672974253233,-0.0015803855418577218,-0.21255267956468787,0.02489919780809091,14.303348462689769,-1.4290493047685529,-0.0007169147009644314,-0.0034407732020677925,-0.05678702893962312,48.7247676482383,4.863798608675252,3.1938000000000004,1.0482000000000002,1.5012922206693151,1.4278071723098398,1724379180000000000,-0.9681430635914762,0,0,82.0,False,2024-08,0.3871340454865919,-0.008770112919517202
ACCEPTANCE:ec-re1-efficient-pullback-XRPUSDT-00000018,XRPUSDT:EFFICIENT_PULLBACK:XRPUSDT:XRPUSDT:5m:PIVOT:HIGH:6095:s2:1724378700000000000,XRPUSDT,1,1724379180000000000,1724378700000000000,0.6008,0.5982000000000001,0.6039,1.1923076923077185,0.59875,1.584962500721156,XRPUSDT:15m:PIVOT:HIGH:2112:s2:SNAP:1724379180000000000,ObjectKind.HORIZONTAL_RESISTANCE,0.5984,0.5985,0.6019,0.5984,AUCTION_ACCEPTANCE,2.714285714285601,0.620079084961208,0.703703703703728,0.3529411764705863,3.714285714285601,0.5587953650783435,0.5200000000000089,0.4500000000000055,3.1428571428569616,0.3838574012631127,0.17460317460317068,0.4634146341463454,5.999999999999683,0.1511697691448578,0.08399999999999508,0.6901408450704252,0.0,0.0,1.4117647058823426,0.6764705882352932,-0.32352941176470684,4.212718065405501,2.502156283122747,3.0058099110427214,1.2265002296933967,-3.3277870216297245,-2.2874945859430174,-2.352780041426808,0.7392234916636558,0.9414395166127362,0.6815551157491464,2.772846197672865,2.4613020271078154,1.0,-1.0,1.001465201465138,4.484884020113589,0.0,2.1972245773362196,4.499999999999762,0.5760581809475629,4.315867160382231,0.3492063492063475,0.0,0.0,2.9285714285712814,3.714285714285442,43.27563249001224,0.2766923076923145,1.1923076923077185,4.428571428571202,0.0,0.0,1.4117647058823426,1.2631578947368913,15795.118963897483,7.188412736496954,0.0,0.1428571428571202,0.4672619047619358,-0.004680958424636539,,,,,,,,,,,,,,,,,,,3.8632580496848252,-0.14091216989969108,0.49869994425962627,0.06009542081871766,-2.731832375602039,3.146526722618061,0.0020987385544330296,0.23474466677432865,0.14911273448878393,-5.223776491654064,-6.540493030519068,-3.7918000000000003,-1.2188999999999999,1.1798015495811,1.505058903774816,1724384400000000000,-0.9822221554795592,0,0,87.0,False,2024-08,0.3763900179593048,-0.010345043058072047
REJECTION:h4-liquidity-ETHUSDT-00000142,ETHUSDT:H4_SWEEP:ETHUSDT:1724414400000000000:PREVIOUS_H4_LOW:141,ETHUSDT,1,1724420460000000000,1724420400000000000,2655.27,2649.1,2664.9849999999997,1.5745542949756202,2650.0,5.584962500721156,PREVIOUS_H4:1724414400000000000:PREVIOUS_H4_LOW:SNAP:1724420400000000000,H4LiquidityKind.PREVIOUS_H4_MIDPOINT,2649.995,2650.005,2655.57,2651.81,AUCTION_REJECTION,0.030513176144279272,-0.33662041582492364,0.025641025641058256,0.8404255319148062,-0.8377253814146925,0.08195077573645843,-0.1248966087675766,0.406676783004567,-0.932038834951487,0.014338397873497817,-0.048709770948102735,-0.16786355475763926,-4.302357836338458,-0.03118777617860756,-0.06043249561659856,-0.2634088200238415,0.0,0.0,1.0,0.5877659574467841,0.25265957446802206,0.5351424122831216,1.013650454782614,0.6373299281454883,-0.1954881397060609,0.037661095333429984,-0.6410284306013203,0.42257511746755083,0.24621212121216007,-0.1438044156489997,0.2822323307761122,-0.6939209657656928,-1.2142711657275993,0.0,1.0,0.14121931115073583,0.3483066942682158,0.0,0.6931471805599453,-0.502080443827999,0.11186265589811173,0.8239226107927824,0.05385996409338834,0.0,0.0,1.4618585298196825,1.7115117891817035,23.236808309513055,0.515822042139378,1.5745542949756202,2.6948682385574596,0.0,1.0,1.0,1.0,1.0,4.624972813284271,0.0,0.0027739251040827264,0.5501165501166931,-0.07808109154801947,,,,,,,,,,,,,,,,,,,-0.8201707075114014,-0.017078636817025792,-0.10095151035394144,0.18290228609040032,-75.56939149072406,-0.8007853184565523,-0.13066430878478197,-0.059394451811793154,0.07373284968529102,-133.13756529219845,-4.396694257434719,-3.9381000000000004,-1.6967,0.8554865085998682,1.2640987341019263,1724420640000000000,-0.9723931609397914,0,0,3.0,False,2024-08,0.47805136685243754,-0.004714524594321911
REJECTION:h4-liquidity-SOLUSDT-00000142,SOLUSDT:H4_SWEEP:SOLUSDT:1724414400000000000:PREVIOUS_H4_HIGH:141,SOLUSDT,-1,1724421960000000000,1724421900000000000,145.158,145.66799999999998,144.37150000000003,1.5421568627450493,145.425,5.584962500721156,PREVIOUS_H4:1724414400000000000:PREVIOUS_H4_HIGH:SNAP:1724421900000000000,H4LiquidityKind.PREVIOUS_H4_MIDPOINT,145.42000000000002,145.43,145.556,145.064,AUCTION_REJECTION,1.321585903083728,0.07844943411503101,0.6976744186046665,0.40636042402834915,-3.295154185021928,-0.02863293960528931,-0.3634596695821052,-0.32065217391303413,-4.348017621145277,-0.00878155412403194,-0.17318827864537595,-0.5342338146250563,-2.625550660792798,-0.01309935300895152,-0.03978638184245498,-0.5726495726495682,0.0,0.0,1.0,0.043209876543239115,0.5946502057613267,2.0751439238898897,1.405820564715809,0.3218624953800081,-0.22729626747546738,3.2368031403895436,3.0296265430573843,3.1281865991982665,-2.0071228331139763,-4.177447222381007,-3.315567252131035,0.8822930373590787,-1.0324503690142421,1.0,-1.0,-2.25071863151393,0.41925843024050025,0.0,0.6931471805599453,0.577092511013207,-0.19659677287247113,2.31068264189487,0.26038781163431934,0.0,0.0,1.1762114537445805,2.2466960352422123,35.1341297069394,0.3421482352941237,1.5421568627450493,3.464757709250871,0.0,1.0,1.0,1.0,162.9207495779017,4.844187086458591,0.0,0.04405286343608253,-5.059740259740085,-0.11054658755528073,,,,,,,,,,,,,,,,,,,-3.178337619009593,-0.1253358192544316,-0.24307539938525174,0.21444245977996243,-22.43617848810331,-4.2856323633366875,-0.07723475436678673,-0.0814271547301047,0.07264560060607277,-27.343499790539738,6.706579500661558,5.4259,0.7625000000000004,1.5381899351046076,1.7282170534940067,1724422260000000000,-0.9792338515509323,0,0,5.0,False,2024-08,0.580643130431654,0.0037005447703546933
ACCEPTANCE:ec-re1-efficient-pullback-SOLUSDT-00000021,SOLUSDT:EFFICIENT_PULLBACK:SOLUSDT:SOLUSDT:5m:PIVOT:HIGH:732:s2:1724451900000000000,SOLUSDT,1,1724452440000000000,1724451900000000000,153.16,152.78900000000002,153.567,1.097035040431352,152.253,1.584962500721156,SOLUSDT:15m:PIVOT:HIGH:2197:s2:SNAP:1724452440000000000,ObjectKind.HORIZONTAL_RESISTANCE,152.809,152.819,153.567,152.8,AUCTION_ACCEPTANCE,0.2125124131082399,0.15783287837427964,0.3213213213213208,0.6551724137930268,1.008937437934473,0.1609788894386759,0.2785087719298237,0.27386262265832784,4.210526315789462,0.11216254094973525,0.25954946131243917,0.4325329726073721,9.555114200595796,0.09775380691001286,0.16845827935151783,0.715545007628412,0.0,0.0,2.051118210862591,0.7457627118643627,-0.2542372881356373,0.8381749592337023,0.7961534419862649,0.034745672169145314,0.7195714230160665,2.3959885377045076,3.479461921291893,1.816198468974073,0.1036136872401719,2.1561200782586862,3.204940083149836,-1.1471826403242131,1.0055862326396259,1.0,0.0,0.9184027777777983,7.57950856685441,0.0,2.302585092994046,2.609731876861996,0.11598448944420509,2.47139818398699,0.3097412480974156,0.0,0.0,1.8013902681231504,0.7368421052631163,24.223034734916485,0.4947962264151198,1.097035040431352,0.8083416087388454,0.0,0.0,2.051118210862591,1.3012600229094842,7.649561024915895,10.287388482728453,0.0,0.019860973187668034,2.228906823184143,0.2253134541901759,,,,,,,,,,,,,,,,,,,0.9742380693916166,0.03637629584672909,0.3810035276132967,-0.2200246381746208,35.50760933608288,4.217581141041148,0.02235739380515402,0.1899719561693391,-0.07780941521960384,-83.22363895702622,-3.2973003827152514,-4.8999999999999995,1.5941000000000003,0.673877617218573,0.7118009668183216,1724452740000000000,-0.9731244537059245,0,0,5.0,False,2024-08,0.17376830015530953,-0.02258423870169105
